{
  "prompt": "black pupil.",
  "gsam2_centers": [
    {
      "valid": true,
      "cx": 189.9,
      "cy": 128.24,
      "area": 917,
      "det_score": 0.3941,
      "sam_score": 0.9644,
      "box": [
        172.5,
        111.2,
        208.1,
        145.2
      ],
      "repeats": [
        [
          189.81,
          128.16
        ],
        [
          189.89,
          128.26
        ],
        [
          189.89,
          128.19
        ],
        [
          189.93,
          128.2
        ],
        [
          191.04,
          128.25
        ]
      ],
      "idx": 605,
      "mislabel": false,
      "mislabel_reason": "ok",
      "e_unet": 1.11
    },
    {
      "valid": true,
      "cx": 189.84,
      "cy": 128.07999999999998,
      "area": 898,
      "det_score": 0.403,
      "sam_score": 0.9642,
      "box": [
        172.8,
        111.2,
        208.0,
        144.9
      ],
      "repeats": [
        [
          189.86,
          128.04000000000002
        ],
        [
          189.91,
          128.11
        ],
        [
          189.86,
          128.01999999999998
        ],
        [
          189.92,
          128.04000000000002
        ],
        [
          191.15,
          128.1
        ]
      ],
      "idx": 606,
      "mislabel": false,
      "mislabel_reason": "ok",
      "e_unet": 1.06
    },
    {
      "valid": true,
      "cx": 189.89,
      "cy": 127.89,
      "area": 881,
      "det_score": 0.4135,
      "sam_score": 0.9637,
      "box": [
        172.9,
        111.1,
        207.8,
        144.5
      ],
      "repeats": [
        [
          189.82,
          127.81
        ],
        [
          189.92,
          127.9
        ],
        [
          189.81,
          127.79
        ],
        [
          189.94,
          127.84
        ],
        [
          191.02,
          127.85
        ]
      ],
      "idx": 607,
      "mislabel": false,
      "mislabel_reason": "ok",
      "e_unet": 0.99
    },
    {
      "valid": true,
      "cx": 189.8,
      "cy": 127.77,
      "area": 869,
      "det_score": 0.4286,
      "sam_score": 0.9636,
      "box": [
        172.8,
        111.2,
        207.7,
        144.4
      ],
      "repeats": [
        [
          189.7,
          127.66
        ],
        [
          189.91,
          127.78
        ],
        [
          189.8,
          127.67
        ],
        [
          189.87,
          127.71
        ],
        [
          191.0,
          127.71
        ]
      ],
      "idx": 608,
      "mislabel": false,
      "mislabel_reason": "ok",
      "e_unet": 1.08
    },
    {
      "valid": true,
      "cx": 189.73,
      "cy": 127.77,
      "area": 859,
      "det_score": 0.4208,
      "sam_score": 0.9624,
      "box": [
        173.0,
        111.4,
        207.6,
        144.3
      ],
      "repeats": [
        [
          189.67,
          127.62
        ],
        [
          189.82,
          127.88
        ],
        [
          189.77,
          127.71
        ],
        [
          189.83,
          127.67
        ],
        [
          190.83,
          127.8
        ]
      ],
      "idx": 609,
      "mislabel": false,
      "mislabel_reason": "ok",
      "e_unet": 1.02
    },
    {
      "valid": true,
      "cx": 189.67,
      "cy": 127.84,
      "area": 836,
      "det_score": 0.4056,
      "sam_score": 0.9631,
      "box": [
        173.1,
        111.6,
        207.5,
        144.2
      ],
      "repeats": [
        [
          189.68,
          127.74
        ],
        [
          189.72,
          127.85
        ],
        [
          189.77,
          127.79
        ],
        [
          189.72,
          127.73
        ],
        [
          190.93,
          127.82
        ]
      ],
      "idx": 610,
      "mislabel": false,
      "mislabel_reason": "ok",
      "e_unet": 0.98
    },
    {
      "valid": true,
      "cx": 189.9,
      "cy": 127.9,
      "area": 819,
      "det_score": 0.3898,
      "sam_score": 0.9644,
      "box": [
        173.3,
        111.6,
        207.5,
        144.1
      ],
      "repeats": [
        [
          189.83,
          127.85
        ],
        [
          189.94,
          127.92
        ],
        [
          189.87,
          127.88
        ],
        [
          189.91,
          127.84
        ],
        [
          190.93,
          127.84
        ]
      ],
      "idx": 611,
      "mislabel": false,
      "mislabel_reason": "ok",
      "e_unet": 1.04
    },
    {
      "valid": true,
      "cx": 190.39,
      "cy": 127.86,
      "area": 813,
      "det_score": 0.3915,
      "sam_score": 0.9662,
      "box": [
        174.1,
        112.0,
        207.7,
        143.9
      ],
      "repeats": [
        [
          190.27,
          127.77
        ],
        [
          190.42,
          127.87
        ],
        [
          190.34,
          127.8
        ],
        [
          190.43,
          127.8
        ],
        [
          191.37,
          127.79
        ]
      ],
      "idx": 612,
      "mislabel": false,
      "mislabel_reason": "ok",
      "e_unet": 1.18
    },
    {
      "valid": true,
      "cx": 188.71,
      "cy": 132.86,
      "area": 362,
      "det_score": 0.321,
      "sam_score": 0.9474,
      "box": [
        174.5,
        123.9,
        204.8,
        142.1
      ],
      "repeats": [
        [
          188.54,
          132.76
        ],
        [
          189.13,
          133.25
        ],
        [
          188.86,
          132.95
        ],
        [
          188.99,
          132.81
        ],
        [
          190.04,
          132.81
        ]
      ],
      "idx": 613,
      "mislabel": false,
      "mislabel_reason": "ok",
      "e_unet": 1.26
    },
    {
      "valid": true,
      "cx": 190.29,
      "cy": 132.32,
      "area": 421,
      "det_score": 0.3308,
      "sam_score": 0.9553,
      "box": [
        175.3,
        122.9,
        207.2,
        142.3
      ],
      "repeats": [
        [
          189.86,
          132.16
        ],
        [
          190.27,
          132.35
        ],
        [
          190.05,
          132.06
        ],
        [
          190.06,
          132.06
        ],
        [
          191.13,
          132.28
        ]
      ],
      "idx": 614,
      "mislabel": false,
      "mislabel_reason": "ok",
      "e_unet": 1.63
    },
    {
      "valid": true,
      "cx": 191.01,
      "cy": 127.97,
      "area": 748,
      "det_score": 0.4327,
      "sam_score": 0.9651,
      "box": [
        175.0,
        113.0,
        208.8,
        143.4
      ],
      "repeats": [
        [
          190.91,
          127.89
        ],
        [
          191.06,
          128.05
        ],
        [
          191.0,
          127.95
        ],
        [
          191.08,
          127.9
        ],
        [
          192.28,
          127.94
        ]
      ],
      "idx": 615,
      "mislabel": false,
      "mislabel_reason": "ok",
      "e_unet": 0.56
    }
  ]
}