{
  "prompt": "black pupil.",
  "gsam2_centers": [
    {
      "valid": true,
      "cx": 125.64,
      "cy": 113.84,
      "area": 565,
      "det_score": 0.4335,
      "sam_score": 0.9628,
      "box": [
        113.0,
        98.5,
        139.3,
        129.9
      ],
      "repeats": [
        [
          125.6,
          113.78
        ],
        [
          125.63,
          113.91
        ],
        [
          125.63,
          113.83
        ],
        [
          125.74,
          113.66
        ],
        [
          126.69999999999999,
          113.87
        ]
      ],
      "idx": 905,
      "mislabel": false,
      "mislabel_reason": "ok",
      "e_unet": 1.43
    },
    {
      "valid": true,
      "cx": 125.74,
      "cy": 113.67,
      "area": 559,
      "det_score": 0.4205,
      "sam_score": 0.9633,
      "box": [
        113.2,
        98.7,
        139.5,
        129.7
      ],
      "repeats": [
        [
          125.82,
          113.65
        ],
        [
          125.8,
          113.73
        ],
        [
          125.8,
          113.75
        ],
        [
          125.88,
          113.53
        ],
        [
          126.9,
          113.73
        ]
      ],
      "idx": 906,
      "mislabel": false,
      "mislabel_reason": "ok",
      "e_unet": 1.13
    },
    {
      "valid": true,
      "cx": 125.8,
      "cy": 113.56,
      "area": 547,
      "det_score": 0.4321,
      "sam_score": 0.9614,
      "box": [
        113.5,
        98.6,
        139.3,
        129.4
      ],
      "repeats": [
        [
          125.78,
          113.47
        ],
        [
          125.82,
          113.61
        ],
        [
          125.89,
          113.35
        ],
        [
          125.89,
          113.42
        ],
        [
          126.86000000000001,
          113.61
        ]
      ],
      "idx": 907,
      "mislabel": false,
      "mislabel_reason": "ok",
      "e_unet": 1.1
    },
    {
      "valid": true,
      "cx": 125.6,
      "cy": 113.46,
      "area": 530,
      "det_score": 0.4303,
      "sam_score": 0.9613,
      "box": [
        113.4,
        98.7,
        138.8,
        129.1
      ],
      "repeats": [
        [
          125.51,
          113.5
        ],
        [
          125.67,
          113.4
        ],
        [
          125.68,
          113.37
        ],
        [
          125.65,
          113.31
        ],
        [
          126.74000000000001,
          113.48
        ]
      ],
      "idx": 908,
      "mislabel": false,
      "mislabel_reason": "ok",
      "e_unet": 0.92
    },
    {
      "valid": true,
      "cx": 124.2,
      "cy": 114.04,
      "area": 505,
      "det_score": 0.3993,
      "sam_score": 0.9595,
      "box": [
        112.5,
        99.6,
        136.8,
        129.4
      ],
      "repeats": [
        [
          124.26,
          113.97
        ],
        [
          124.31,
          114.1
        ],
        [
          124.34,
          113.97
        ],
        [
          124.34,
          113.93
        ],
        [
          125.36000000000001,
          114.12
        ]
      ],
      "idx": 909,
      "mislabel": false,
      "mislabel_reason": "ok",
      "e_unet": 1.24
    },
    {
      "valid": true,
      "cx": 124.02,
      "cy": 113.98,
      "area": 489,
      "det_score": 0.4003,
      "sam_score": 0.9589,
      "box": [
        112.5,
        99.7,
        136.6,
        129.2
      ],
      "repeats": [
        [
          124.03,
          113.97
        ],
        [
          124.08,
          114.08
        ],
        [
          124.06,
          114.01
        ],
        [
          124.22,
          113.85
        ],
        [
          125.16,
          114.08
        ]
      ],
      "idx": 910,
      "mislabel": false,
      "mislabel_reason": "ok",
      "e_unet": 1.95
    },
    {
      "valid": true,
      "cx": 124.03,
      "cy": 114.0,
      "area": 475,
      "det_score": 0.4008,
      "sam_score": 0.9573,
      "box": [
        112.8,
        100.1,
        136.3,
        128.8
      ],
      "repeats": [
        [
          124.0,
          113.95
        ],
        [
          124.04,
          114.14
        ],
        [
          124.07,
          114.02
        ],
        [
          124.12,
          113.95
        ],
        [
          125.18,
          114.0
        ]
      ],
      "idx": 911,
      "mislabel": false,
      "mislabel_reason": "ok",
      "e_unet": 2.14
    },
    {
      "valid": true,
      "cx": 123.83,
      "cy": 114.27,
      "area": 454,
      "det_score": 0.3988,
      "sam_score": 0.9582,
      "box": [
        113.0,
        100.4,
        136.1,
        128.6
      ],
      "repeats": [
        [
          123.98,
          114.08
        ],
        [
          124.01,
          114.33
        ],
        [
          124.02,
          114.14
        ],
        [
          124.17,
          114.06
        ],
        [
          125.12,
          114.29
        ]
      ],
      "idx": 912,
      "mislabel": false,
      "mislabel_reason": "ok",
      "e_unet": 2.52
    },
    {
      "valid": true,
      "cx": 123.96,
      "cy": 114.24,
      "area": 435,
      "det_score": 0.3906,
      "sam_score": 0.9576,
      "box": [
        113.2,
        100.7,
        135.9,
        128.5
      ],
      "repeats": [
        [
          123.99,
          114.12
        ],
        [
          123.99,
          114.22
        ],
        [
          124.05,
          114.1
        ],
        [
          124.13,
          114.01
        ],
        [
          125.22,
          114.12
        ]
      ],
      "idx": 913,
      "mislabel": false,
      "mislabel_reason": "ok",
      "e_unet": 2.69
    },
    {
      "valid": true,
      "cx": 124.11,
      "cy": 114.14,
      "area": 422,
      "det_score": 0.397,
      "sam_score": 0.9556,
      "box": [
        113.3,
        100.7,
        135.8,
        128.3
      ],
      "repeats": [
        [
          124.12,
          114.0
        ],
        [
          124.15,
          114.11
        ],
        [
          124.14,
          113.99
        ],
        [
          124.21,
          113.94
        ],
        [
          125.22,
          114.11
        ]
      ],
      "idx": 914,
      "mislabel": false,
      "mislabel_reason": "ok",
      "e_unet": 2.88
    },
    {
      "valid": true,
      "cx": 124.12,
      "cy": 113.94,
      "area": 412,
      "det_score": 0.3819,
      "sam_score": 0.9544,
      "box": [
        113.6,
        101.0,
        135.7,
        127.9
      ],
      "repeats": [
        [
          124.06,
          114.03
        ],
        [
          124.07,
          114.09
        ],
        [
          124.11,
          114.03
        ],
        [
          124.26,
          113.94
        ],
        [
          125.24000000000001,
          114.09
        ]
      ],
      "idx": 915,
      "mislabel": false,
      "mislabel_reason": "ok",
      "e_unet": 2.77
    }
  ]
}