{
  "prompt": "black pupil.",
  "gsam2_centers": [
    {
      "valid": true,
      "cx": 197.64,
      "cy": 122.79,
      "area": 694,
      "det_score": 0.4386,
      "sam_score": 0.9704,
      "box": [
        181.9,
        108.0,
        214.0,
        137.8
      ],
      "repeats": [
        [
          197.54,
          122.72
        ],
        [
          197.69,
          122.84
        ],
        [
          197.61,
          122.77
        ],
        [
          197.68,
          122.69
        ],
        [
          198.79000000000002,
          122.81
        ]
      ],
      "idx": 1207,
      "mislabel": false,
      "mislabel_reason": "ok",
      "e_unet": 0.71
    },
    {
      "valid": true,
      "cx": 197.94,
      "cy": 122.78,
      "area": 697,
      "det_score": 0.4265,
      "sam_score": 0.9705,
      "box": [
        182.2,
        107.9,
        214.3,
        137.8
      ],
      "repeats": [
        [
          197.86,
          122.75
        ],
        [
          197.96,
          122.85
        ],
        [
          197.94,
          122.87
        ],
        [
          197.96,
          122.73
        ],
        [
          199.0,
          122.89
        ]
      ],
      "idx": 1208,
      "mislabel": false,
      "mislabel_reason": "ok",
      "e_unet": 0.73
    },
    {
      "valid": true,
      "cx": 198.16,
      "cy": 122.86,
      "area": 699,
      "det_score": 0.417,
      "sam_score": 0.9689,
      "box": [
        182.5,
        107.9,
        214.6,
        138.0
      ],
      "repeats": [
        [
          198.14,
          122.8
        ],
        [
          198.2,
          122.95
        ],
        [
          198.13,
          122.88
        ],
        [
          198.25,
          122.84
        ],
        [
          199.26999999999998,
          122.93
        ]
      ],
      "idx": 1209,
      "mislabel": false,
      "mislabel_reason": "ok",
      "e_unet": 0.75
    },
    {
      "valid": true,
      "cx": 198.46,
      "cy": 122.93,
      "area": 699,
      "det_score": 0.4316,
      "sam_score": 0.9699,
      "box": [
        182.8,
        107.9,
        215.0,
        138.2
      ],
      "repeats": [
        [
          198.42,
          122.9
        ],
        [
          198.45,
          123.05
        ],
        [
          198.46,
          122.99
        ],
        [
          198.48,
          122.94
        ],
        [
          199.51999999999998,
          122.93
        ]
      ],
      "idx": 1210,
      "mislabel": false,
      "mislabel_reason": "ok",
      "e_unet": 0.78
    },
    {
      "valid": true,
      "cx": 198.67,
      "cy": 122.89,
      "area": 697,
      "det_score": 0.4581,
      "sam_score": 0.9702,
      "box": [
        183.0,
        107.8,
        215.2,
        138.1
      ],
      "repeats": [
        [
          198.63,
          122.82
        ],
        [
          198.78,
          122.93
        ],
        [
          198.67,
          122.82
        ],
        [
          198.78,
          122.85
        ],
        [
          199.82,
          122.91
        ]
      ],
      "idx": 1211,
      "mislabel": false,
      "mislabel_reason": "ok",
      "e_unet": 0.84
    },
    {
      "valid": true,
      "cx": 198.88,
      "cy": 122.77,
      "area": 700,
      "det_score": 0.442,
      "sam_score": 0.9707,
      "box": [
        183.3,
        107.8,
        215.5,
        137.8
      ],
      "repeats": [
        [
          198.81,
          122.71
        ],
        [
          198.9,
          122.82
        ],
        [
          198.87,
          122.74
        ],
        [
          198.91,
          122.68
        ],
        [
          199.99,
          122.77
        ]
      ],
      "idx": 1212,
      "mislabel": false,
      "mislabel_reason": "ok",
      "e_unet": 0.93
    },
    {
      "valid": true,
      "cx": 199.27,
      "cy": 122.78,
      "area": 699,
      "det_score": 0.4314,
      "sam_score": 0.9704,
      "box": [
        183.8,
        107.8,
        215.7,
        137.8
      ],
      "repeats": [
        [
          199.23,
          122.68
        ],
        [
          199.3,
          122.9
        ],
        [
          199.33,
          122.77
        ],
        [
          199.32,
          122.75
        ],
        [
          200.41,
          122.84
        ]
      ],
      "idx": 1213,
      "mislabel": false,
      "mislabel_reason": "ok",
      "e_unet": 0.94
    }
  ]
}