{
  "prompt": "black pupil.",
  "gsam2_centers": [
    {
      "valid": true,
      "cx": 98.69,
      "cy": 96.25,
      "area": 310,
      "det_score": 0.2421,
      "sam_score": 0.931,
      "box": [
        89.3,
        83.3,
        108.2,
        109.7
      ],
      "repeats": [
        [
          98.3,
          96.31
        ],
        [
          98.81,
          96.4
        ],
        [
          98.69,
          96.25
        ],
        [
          98.93,
          96.16
        ],
        [
          99.80000000000001,
          96.27
        ]
      ],
      "idx": 1005,
      "mislabel": false,
      "mislabel_reason": "ok",
      "e_unet": 1.96
    },
    {
      "valid": true,
      "cx": 98.79,
      "cy": 96.07,
      "area": 310,
      "det_score": 0.2638,
      "sam_score": 0.9278,
      "box": [
        89.3,
        83.3,
        108.2,
        109.6
      ],
      "repeats": [
        [
          98.3,
          96.25
        ],
        [
          98.88,
          96.42
        ],
        [
          98.87,
          96.19
        ],
        [
          99.11,
          95.81
        ],
        [
          99.88999999999999,
          96.08
        ]
      ],
      "idx": 1006,
      "mislabel": false,
      "mislabel_reason": "ok",
      "e_unet": 2.04
    },
    {
      "valid": true,
      "cx": 98.97,
      "cy": 95.85,
      "area": 325,
      "det_score": 0.2426,
      "sam_score": 0.9256,
      "box": [
        89.5,
        82.8,
        108.8,
        109.6
      ],
      "repeats": [
        [
          98.94,
          95.63
        ],
        [
          99.12,
          95.94
        ],
        [
          99.23,
          95.69
        ],
        [
          99.44,
          95.14
        ],
        [
          100.12,
          95.88
        ]
      ],
      "idx": 1007,
      "mislabel": false,
      "mislabel_reason": "ok",
      "e_unet": 2.33
    },
    {
      "valid": true,
      "cx": 99.22,
      "cy": 95.45,
      "area": 327,
      "det_score": 0.2284,
      "sam_score": 0.9264,
      "box": [
        89.4,
        82.4,
        108.8,
        109.5
      ],
      "repeats": [
        [
          98.93,
          95.75
        ],
        [
          99.2,
          95.79
        ],
        [
          99.27,
          95.49
        ],
        [
          99.43,
          95.16
        ],
        [
          100.16999999999999,
          95.72
        ]
      ],
      "idx": 1008,
      "mislabel": false,
      "mislabel_reason": "ok",
      "e_unet": 2.53
    },
    {
      "valid": true,
      "cx": 99.47,
      "cy": 95.31,
      "area": 329,
      "det_score": 0.2563,
      "sam_score": 0.9269,
      "box": [
        89.7,
        81.9,
        109.5,
        109.4
      ],
      "repeats": [
        [
          99.49,
          95.16
        ],
        [
          99.62,
          95.44
        ],
        [
          99.58,
          95.36
        ],
        [
          99.73,
          94.98
        ],
        [
          100.49000000000001,
          95.57
        ]
      ],
      "idx": 1009,
      "mislabel": false,
      "mislabel_reason": "ok",
      "e_unet": 1.88
    },
    {
      "valid": true,
      "cx": 99.8,
      "cy": 95.23,
      "area": 341,
      "det_score": 0.2517,
      "sam_score": 0.9288,
      "box": [
        90.1,
        81.6,
        110.2,
        109.1
      ],
      "repeats": [
        [
          99.73,
          95.04
        ],
        [
          99.87,
          95.51
        ],
        [
          100.0,
          95.05
        ],
        [
          100.07,
          94.91
        ],
        [
          100.81,
          95.37
        ]
      ],
      "idx": 1010,
      "mislabel": false,
      "mislabel_reason": "ok",
      "e_unet": 1.28
    },
    {
      "valid": true,
      "cx": 99.92,
      "cy": 95.23,
      "area": 339,
      "det_score": 0.24,
      "sam_score": 0.9336,
      "box": [
        90.7,
        81.3,
        110.5,
        108.8
      ],
      "repeats": [
        [
          99.93,
          95.01
        ],
        [
          100.17,
          95.25
        ],
        [
          100.11,
          95.13
        ],
        [
          100.27,
          94.93
        ],
        [
          101.03,
          95.24
        ]
      ],
      "idx": 1011,
      "mislabel": false,
      "mislabel_reason": "ok",
      "e_unet": 1.32
    },
    {
      "valid": true,
      "cx": 105.06,
      "cy": 92.7,
      "area": 378,
      "det_score": 0.3927,
      "sam_score": 0.9504,
      "box": [
        95.0,
        79.6,
        116.4,
        105.8
      ],
      "repeats": [
        [
          105.02,
          92.6
        ],
        [
          105.14,
          92.78
        ],
        [
          105.1,
          92.71
        ],
        [
          105.28,
          92.38
        ],
        [
          106.21000000000001,
          92.8
        ]
      ],
      "idx": 1012,
      "mislabel": false,
      "mislabel_reason": "ok",
      "e_unet": 1.21
    },
    {
      "valid": true,
      "cx": 105.32,
      "cy": 92.65,
      "area": 365,
      "det_score": 0.4157,
      "sam_score": 0.9516,
      "box": [
        95.4,
        79.5,
        116.3,
        105.8
      ],
      "repeats": [
        [
          105.24,
          92.56
        ],
        [
          105.37,
          92.74
        ],
        [
          105.31,
          92.7
        ],
        [
          105.38,
          92.61
        ],
        [
          106.28999999999999,
          92.68
        ]
      ],
      "idx": 1013,
      "mislabel": false,
      "mislabel_reason": "ok",
      "e_unet": 1.24
    },
    {
      "valid": true,
      "cx": 105.58,
      "cy": 92.25,
      "area": 366,
      "det_score": 0.4342,
      "sam_score": 0.951,
      "box": [
        95.9,
        79.4,
        116.7,
        105.6
      ],
      "repeats": [
        [
          105.56,
          92.2
        ],
        [
          105.62,
          92.54
        ],
        [
          105.6,
          92.39
        ],
        [
          105.68,
          92.17
        ],
        [
          106.61000000000001,
          92.52
        ]
      ],
      "idx": 1014,
      "mislabel": false,
      "mislabel_reason": "ok",
      "e_unet": 1.11
    },
    {
      "valid": true,
      "cx": 106.4,
      "cy": 91.82,
      "area": 378,
      "det_score": 0.4225,
      "sam_score": 0.953,
      "box": [
        96.4,
        78.6,
        117.6,
        105.4
      ],
      "repeats": [
        [
          106.32,
          91.8
        ],
        [
          106.45,
          91.94
        ],
        [
          106.41,
          91.87
        ],
        [
          106.49,
          91.73
        ],
        [
          107.47999999999999,
          91.9
        ]
      ],
      "idx": 1015,
      "mislabel": false,
      "mislabel_reason": "ok",
      "e_unet": 1.12
    }
  ]
}