{
  "prompt": "black pupil.",
  "gsam2_centers": [
    {
      "valid": true,
      "cx": 147.91,
      "cy": 145.03,
      "area": 1215,
      "det_score": 0.3442,
      "sam_score": 0.9676,
      "box": [
        127.8,
        124.7,
        169.4,
        166.1
      ],
      "repeats": [
        [
          147.99,
          144.97
        ],
        [
          147.92000000000002,
          145.05
        ],
        [
          148.0,
          144.99
        ],
        [
          147.99,
          144.97
        ],
        [
          149.03,
          145.12
        ]
      ],
      "idx": 707,
      "mislabel": false,
      "mislabel_reason": "ok",
      "e_unet": 0.78
    },
    {
      "valid": true,
      "cx": 148.09,
      "cy": 144.95,
      "area": 1212,
      "det_score": 0.3717,
      "sam_score": 0.967,
      "box": [
        128.0,
        124.6,
        169.4,
        166.0
      ],
      "repeats": [
        [
          148.11,
          144.94
        ],
        [
          148.09,
          144.98
        ],
        [
          148.15,
          144.91
        ],
        [
          148.19,
          144.83
        ],
        [
          149.27,
          144.95
        ]
      ],
      "idx": 708,
      "mislabel": false,
      "mislabel_reason": "ok",
      "e_unet": 0.77
    },
    {
      "valid": true,
      "cx": 148.16,
      "cy": 144.92,
      "area": 1212,
      "det_score": 0.4016,
      "sam_score": 0.9679,
      "box": [
        128.2,
        124.5,
        169.7,
        165.9
      ],
      "repeats": [
        [
          148.22,
          144.88
        ],
        [
          148.16,
          144.92
        ],
        [
          148.2,
          144.87
        ],
        [
          148.26999999999998,
          144.75
        ],
        [
          149.38,
          144.82
        ]
      ],
      "idx": 709,
      "mislabel": false,
      "mislabel_reason": "ok",
      "e_unet": 0.82
    },
    {
      "valid": true,
      "cx": 148.22,
      "cy": 144.87,
      "area": 1214,
      "det_score": 0.3745,
      "sam_score": 0.9673,
      "box": [
        128.4,
        124.6,
        169.6,
        165.8
      ],
      "repeats": [
        [
          148.23000000000002,
          144.85
        ],
        [
          148.23000000000002,
          144.87
        ],
        [
          148.24,
          144.86
        ],
        [
          148.29000000000002,
          144.78
        ],
        [
          149.42,
          144.85
        ]
      ],
      "idx": 710,
      "mislabel": false,
      "mislabel_reason": "ok",
      "e_unet": 0.76
    },
    {
      "valid": true,
      "cx": 148.26999999999998,
      "cy": 144.81,
      "area": 1214,
      "det_score": 0.3923,
      "sam_score": 0.9677,
      "box": [
        128.4,
        124.6,
        169.7,
        165.8
      ],
      "repeats": [
        [
          148.23000000000002,
          144.82
        ],
        [
          148.24,
          144.87
        ],
        [
          148.25,
          144.84
        ],
        [
          148.3,
          144.72
        ],
        [
          149.38,
          144.75
        ]
      ],
      "idx": 711,
      "mislabel": false,
      "mislabel_reason": "ok",
      "e_unet": 0.82
    },
    {
      "valid": true,
      "cx": 148.45999999999998,
      "cy": 144.75,
      "area": 1212,
      "det_score": 0.4107,
      "sam_score": 0.9688,
      "box": [
        128.5,
        124.6,
        169.9,
        165.8
      ],
      "repeats": [
        [
          148.43,
          144.77
        ],
        [
          148.45999999999998,
          144.76
        ],
        [
          148.47,
          144.73
        ],
        [
          148.49,
          144.71
        ],
        [
          149.68,
          144.78
        ]
      ],
      "idx": 712,
      "mislabel": false,
      "mislabel_reason": "ok",
      "e_unet": 0.68
    },
    {
      "valid": true,
      "cx": 166.0,
      "cy": 144.68,
      "area": 1208,
      "det_score": 0.3461,
      "sam_score": 0.9724,
      "box": [
        146.5,
        124.0,
        187.2,
        165.4
      ],
      "repeats": [
        [
          166.11,
          144.72
        ],
        [
          166.07,
          144.73
        ],
        [
          166.05,
          144.71
        ],
        [
          166.09,
          144.57
        ],
        [
          167.2,
          144.71
        ]
      ],
      "idx": 713,
      "mislabel": false,
      "mislabel_reason": "ok",
      "e_unet": 0.89
    }
  ]
}