{
  "prompt": "black pupil.",
  "gsam2_centers": [
    {
      "valid": true,
      "cx": 145.97,
      "cy": 77.72,
      "area": 500,
      "det_score": 0.394,
      "sam_score": 0.9582,
      "box": [
        133.5,
        64.6,
        159.5,
        91.4
      ],
      "repeats": [
        [
          145.82999999999998,
          77.72
        ],
        [
          145.9,
          77.93
        ],
        [
          145.94,
          77.85
        ],
        [
          146.05,
          77.66
        ],
        [
          147.05,
          77.71
        ]
      ],
      "idx": 907,
      "mislabel": false,
      "mislabel_reason": "ok",
      "e_unet": 0.87
    },
    {
      "valid": true,
      "cx": 146.79000000000002,
      "cy": 77.7,
      "area": 506,
      "det_score": 0.4008,
      "sam_score": 0.9574,
      "box": [
        134.0,
        64.2,
        160.5,
        91.5
      ],
      "repeats": [
        [
          146.63,
          77.69
        ],
        [
          146.8,
          77.72
        ],
        [
          146.76,
          77.75
        ],
        [
          146.82,
          77.61
        ],
        [
          147.84,
          77.64
        ]
      ],
      "idx": 908,
      "mislabel": false,
      "mislabel_reason": "ok",
      "e_unet": 0.87
    },
    {
      "valid": true,
      "cx": 147.78,
      "cy": 77.58,
      "area": 522,
      "det_score": 0.3893,
      "sam_score": 0.9577,
      "box": [
        134.8,
        63.9,
        162.1,
        91.5
      ],
      "repeats": [
        [
          147.79000000000002,
          77.53
        ],
        [
          147.87,
          77.64
        ],
        [
          147.82999999999998,
          77.64
        ],
        [
          147.9,
          77.54
        ],
        [
          148.88,
          77.61
        ]
      ],
      "idx": 909,
      "mislabel": false,
      "mislabel_reason": "ok",
      "e_unet": 0.8
    },
    {
      "valid": true,
      "cx": 153.9,
      "cy": 76.85,
      "area": 550,
      "det_score": 0.4068,
      "sam_score": 0.9571,
      "box": [
        140.4,
        63.1,
        168.6,
        90.8
      ],
      "repeats": [
        [
          153.92,
          76.85
        ],
        [
          153.96,
          76.99
        ],
        [
          153.93,
          76.96
        ],
        [
          154.06,
          76.81
        ],
        [
          155.11,
          76.87
        ]
      ],
      "idx": 910,
      "mislabel": false,
      "mislabel_reason": "ok",
      "e_unet": 0.96
    },
    {
      "valid": true,
      "cx": 157.66,
      "cy": 76.4,
      "area": 534,
      "det_score": 0.4091,
      "sam_score": 0.9589,
      "box": [
        144.1,
        62.2,
        172.5,
        90.4
      ],
      "repeats": [
        [
          157.73,
          76.42
        ],
        [
          157.73,
          76.47
        ],
        [
          157.69,
          76.44
        ],
        [
          157.85,
          76.29
        ],
        [
          158.8,
          76.38
        ]
      ],
      "idx": 911,
      "mislabel": false,
      "mislabel_reason": "ok",
      "e_unet": 0.98
    },
    {
      "valid": true,
      "cx": 158.75,
      "cy": 76.18,
      "area": 534,
      "det_score": 0.4247,
      "sam_score": 0.9628,
      "box": [
        145.3,
        61.8,
        173.3,
        89.9
      ],
      "repeats": [
        [
          158.8,
          76.07
        ],
        [
          158.85,
          76.21
        ],
        [
          158.79,
          76.17
        ],
        [
          158.84,
          76.06
        ],
        [
          159.9,
          76.13
        ]
      ],
      "idx": 912,
      "mislabel": false,
      "mislabel_reason": "ok",
      "e_unet": 1.0
    },
    {
      "valid": true,
      "cx": 159.9,
      "cy": 75.82,
      "area": 553,
      "det_score": 0.4283,
      "sam_score": 0.9623,
      "box": [
        146.2,
        61.7,
        174.3,
        89.8
      ],
      "repeats": [
        [
          159.84,
          75.88
        ],
        [
          159.93,
          75.96
        ],
        [
          159.96,
          75.91
        ],
        [
          159.97,
          75.81
        ],
        [
          160.96,
          75.86
        ]
      ],
      "idx": 913,
      "mislabel": false,
      "mislabel_reason": "ok",
      "e_unet": 0.95
    }
  ]
}