{
  "prompt": "black pupil.",
  "gsam2_centers": [
    {
      "valid": true,
      "cx": 86.6,
      "cy": 148.78,
      "area": 709,
      "det_score": 0.2973,
      "sam_score": 0.9653,
      "box": [
        73.9,
        129.7,
        100.1,
        168.4
      ],
      "repeats": [
        [
          86.61,
          148.7
        ],
        [
          86.69,
          148.76
        ],
        [
          86.67,
          148.73
        ],
        [
          86.75,
          148.69
        ],
        [
          87.75,
          148.76
        ]
      ],
      "idx": 805,
      "mislabel": false,
      "mislabel_reason": "ok",
      "e_unet": 0.79
    },
    {
      "valid": true,
      "cx": 86.47,
      "cy": 148.89,
      "area": 712,
      "det_score": 0.2833,
      "sam_score": 0.9658,
      "box": [
        73.8,
        129.9,
        100.0,
        168.5
      ],
      "repeats": [
        [
          86.34,
          149.01
        ],
        [
          86.58,
          148.94
        ],
        [
          86.69,
          148.78
        ],
        [
          86.71000000000001,
          148.81
        ],
        [
          87.65,
          148.94
        ]
      ],
      "idx": 806,
      "mislabel": false,
      "mislabel_reason": "ok",
      "e_unet": 0.72
    },
    {
      "valid": true,
      "cx": 86.44,
      "cy": 148.97,
      "area": 718,
      "det_score": 0.3266,
      "sam_score": 0.9654,
      "box": [
        73.7,
        129.8,
        100.2,
        168.6
      ],
      "repeats": [
        [
          86.38,
          148.98
        ],
        [
          86.47999999999999,
          149.01
        ],
        [
          86.49000000000001,
          148.9
        ],
        [
          86.5,
          148.84
        ],
        [
          87.59,
          149.04
        ]
      ],
      "idx": 807,
      "mislabel": false,
      "mislabel_reason": "ok",
      "e_unet": 0.75
    },
    {
      "valid": true,
      "cx": 86.37,
      "cy": 149.01,
      "area": 731,
      "det_score": 0.3353,
      "sam_score": 0.9642,
      "box": [
        73.5,
        129.6,
        100.2,
        168.8
      ],
      "repeats": [
        [
          86.42,
          148.81
        ],
        [
          86.50999999999999,
          148.99
        ],
        [
          86.7,
          148.87
        ],
        [
          86.59,
          148.86
        ],
        [
          87.47,
          149.0
        ]
      ],
      "idx": 808,
      "mislabel": false,
      "mislabel_reason": "ok",
      "e_unet": 0.76
    },
    {
      "valid": true,
      "cx": 86.24000000000001,
      "cy": 148.82,
      "area": 747,
      "det_score": 0.311,
      "sam_score": 0.9638,
      "box": [
        73.3,
        129.3,
        100.2,
        168.8
      ],
      "repeats": [
        [
          86.17,
          148.74
        ],
        [
          86.34,
          148.84
        ],
        [
          86.42,
          148.79
        ],
        [
          86.5,
          148.74
        ],
        [
          87.41,
          148.9
        ]
      ],
      "idx": 809,
      "mislabel": false,
      "mislabel_reason": "ok",
      "e_unet": 0.72
    },
    {
      "valid": true,
      "cx": 86.28,
      "cy": 148.8,
      "area": 754,
      "det_score": 0.2929,
      "sam_score": 0.9651,
      "box": [
        73.3,
        129.2,
        100.1,
        168.9
      ],
      "repeats": [
        [
          86.24000000000001,
          148.69
        ],
        [
          86.37,
          148.77
        ],
        [
          86.5,
          148.7
        ],
        [
          86.52000000000001,
          148.59
        ],
        [
          87.35,
          148.8
        ]
      ],
      "idx": 810,
      "mislabel": false,
      "mislabel_reason": "ok",
      "e_unet": 0.76
    },
    {
      "valid": true,
      "cx": 86.2,
      "cy": 148.7,
      "area": 764,
      "det_score": 0.3172,
      "sam_score": 0.9654,
      "box": [
        73.1,
        129.0,
        100.3,
        169.0
      ],
      "repeats": [
        [
          86.18,
          148.67
        ],
        [
          86.28,
          148.77
        ],
        [
          86.38,
          148.72
        ],
        [
          86.44,
          148.6
        ],
        [
          87.28,
          148.73
        ]
      ],
      "idx": 811,
      "mislabel": false,
      "mislabel_reason": "ok",
      "e_unet": 0.73
    },
    {
      "valid": true,
      "cx": 86.09,
      "cy": 148.72,
      "area": 772,
      "det_score": 0.3107,
      "sam_score": 0.9656,
      "box": [
        73.0,
        128.8,
        100.3,
        169.2
      ],
      "repeats": [
        [
          86.12,
          148.64
        ],
        [
          86.14,
          148.71
        ],
        [
          86.16,
          148.65
        ],
        [
          86.2,
          148.58
        ],
        [
          87.25,
          148.71
        ]
      ],
      "idx": 812,
      "mislabel": false,
      "mislabel_reason": "ok",
      "e_unet": 0.66
    },
    {
      "valid": true,
      "cx": 86.17,
      "cy": 148.57,
      "area": 782,
      "det_score": 0.3048,
      "sam_score": 0.9659,
      "box": [
        73.0,
        128.6,
        100.5,
        169.2
      ],
      "repeats": [
        [
          86.14,
          148.66
        ],
        [
          86.19,
          148.71
        ],
        [
          86.17,
          148.65
        ],
        [
          86.21000000000001,
          148.55
        ],
        [
          87.28,
          148.72
        ]
      ],
      "idx": 813,
      "mislabel": false,
      "mislabel_reason": "ok",
      "e_unet": 0.66
    },
    {
      "valid": true,
      "cx": 86.2,
      "cy": 148.75,
      "area": 793,
      "det_score": 0.3241,
      "sam_score": 0.9666,
      "box": [
        72.8,
        128.7,
        100.9,
        169.4
      ],
      "repeats": [
        [
          86.03999999999999,
          148.76
        ],
        [
          86.2,
          148.78
        ],
        [
          86.18,
          148.77
        ],
        [
          86.24000000000001,
          148.74
        ],
        [
          87.30000000000001,
          148.81
        ]
      ],
      "idx": 814,
      "mislabel": false,
      "mislabel_reason": "ok",
      "e_unet": 0.7
    },
    {
      "valid": true,
      "cx": 86.22999999999999,
      "cy": 148.9,
      "area": 800,
      "det_score": 0.3401,
      "sam_score": 0.9664,
      "box": [
        72.9,
        128.7,
        100.9,
        169.7
      ],
      "repeats": [
        [
          86.17,
          148.84
        ],
        [
          86.21000000000001,
          148.96
        ],
        [
          86.24000000000001,
          148.86
        ],
        [
          86.24000000000001,
          148.86
        ],
        [
          87.24000000000001,
          148.96
        ]
      ],
      "idx": 815,
      "mislabel": false,
      "mislabel_reason": "ok",
      "e_unet": 0.72
    }
  ]
}