{
  "prompt": "black pupil.",
  "gsam2_centers": [
    {
      "valid": true,
      "cx": 106.79,
      "cy": 129.85,
      "area": 368,
      "det_score": 0.3793,
      "sam_score": 0.9486,
      "box": [
        97.5,
        116.4,
        117.0,
        143.8
      ],
      "repeats": [
        [
          106.92,
          129.28
        ],
        [
          106.8,
          129.99
        ],
        [
          106.83,
          129.84
        ],
        [
          107.11,
          129.01999999999998
        ],
        [
          107.75999999999999,
          129.94
        ]
      ],
      "idx": 2605,
      "mislabel": false,
      "mislabel_reason": "ok",
      "e_unet": 0.93
    },
    {
      "valid": true,
      "cx": 106.94,
      "cy": 129.5,
      "area": 378,
      "det_score": 0.3931,
      "sam_score": 0.9463,
      "box": [
        97.4,
        116.5,
        116.9,
        143.9
      ],
      "repeats": [
        [
          106.9,
          129.34
        ],
        [
          106.76,
          130.03
        ],
        [
          106.8,
          129.93
        ],
        [
          107.13,
          129.16
        ],
        [
          107.84,
          129.64
        ]
      ],
      "idx": 2606,
      "mislabel": false,
      "mislabel_reason": "ok",
      "e_unet": 0.99
    },
    {
      "valid": true,
      "cx": 106.68,
      "cy": 130.06,
      "area": 376,
      "det_score": 0.3868,
      "sam_score": 0.9474,
      "box": [
        97.4,
        116.6,
        116.8,
        144.0
      ],
      "repeats": [
        [
          106.89,
          129.34
        ],
        [
          106.68,
          130.19
        ],
        [
          106.73,
          129.98000000000002
        ],
        [
          107.05,
          129.09
        ],
        [
          107.69999999999999,
          130.11
        ]
      ],
      "idx": 2607,
      "mislabel": false,
      "mislabel_reason": "ok",
      "e_unet": 1.03
    },
    {
      "valid": true,
      "cx": 106.72,
      "cy": 129.78,
      "area": 379,
      "det_score": 0.3961,
      "sam_score": 0.9469,
      "box": [
        97.3,
        116.5,
        116.9,
        143.9
      ],
      "repeats": [
        [
          106.76,
          129.38
        ],
        [
          106.76,
          129.97
        ],
        [
          106.72,
          129.93
        ],
        [
          107.11,
          128.95
        ],
        [
          107.78,
          129.53
        ]
      ],
      "idx": 2608,
      "mislabel": false,
      "mislabel_reason": "ok",
      "e_unet": 1.0
    },
    {
      "valid": true,
      "cx": 106.87,
      "cy": 129.26999999999998,
      "area": 378,
      "det_score": 0.3926,
      "sam_score": 0.946,
      "box": [
        97.4,
        116.4,
        116.8,
        143.7
      ],
      "repeats": [
        [
          106.74,
          129.14
        ],
        [
          106.74,
          129.88
        ],
        [
          106.68,
          129.82
        ],
        [
          107.08,
          128.87
        ],
        [
          107.82,
          129.31
        ]
      ],
      "idx": 2609,
      "mislabel": false,
      "mislabel_reason": "ok",
      "e_unet": 0.97
    },
    {
      "valid": true,
      "cx": 106.79,
      "cy": 129.15,
      "area": 385,
      "det_score": 0.395,
      "sam_score": 0.9446,
      "box": [
        97.4,
        116.4,
        116.7,
        143.8
      ],
      "repeats": [
        [
          106.77,
          129.12
        ],
        [
          106.69,
          130.0
        ],
        [
          106.72,
          129.81
        ],
        [
          107.06,
          128.97
        ],
        [
          107.78,
          129.34
        ]
      ],
      "idx": 2610,
      "mislabel": false,
      "mislabel_reason": "ok",
      "e_unet": 1.06
    },
    {
      "valid": true,
      "cx": 106.86,
      "cy": 129.04000000000002,
      "area": 381,
      "det_score": 0.378,
      "sam_score": 0.9428,
      "box": [
        97.3,
        116.5,
        116.7,
        143.7
      ],
      "repeats": [
        [
          106.73,
          129.19
        ],
        [
          106.57,
          129.92000000000002
        ],
        [
          106.65,
          129.82999999999998
        ],
        [
          106.87,
          129.22
        ],
        [
          107.74000000000001,
          129.17000000000002
        ]
      ],
      "idx": 2611,
      "mislabel": false,
      "mislabel_reason": "ok",
      "e_unet": 1.16
    },
    {
      "valid": true,
      "cx": 106.49,
      "cy": 130.05,
      "area": 358,
      "det_score": 0.3963,
      "sam_score": 0.9448,
      "box": [
        97.4,
        116.5,
        116.7,
        143.7
      ],
      "repeats": [
        [
          106.66,
          129.48000000000002
        ],
        [
          106.6,
          129.85
        ],
        [
          106.64,
          129.89
        ],
        [
          106.98,
          129.06
        ],
        [
          107.66999999999999,
          129.55
        ]
      ],
      "idx": 2612,
      "mislabel": false,
      "mislabel_reason": "ok",
      "e_unet": 1.05
    },
    {
      "valid": true,
      "cx": 107.37,
      "cy": 128.9,
      "area": 365,
      "det_score": 0.3991,
      "sam_score": 0.9468,
      "box": [
        98.3,
        116.3,
        117.4,
        142.7
      ],
      "repeats": [
        [
          107.24,
          128.70999999999998
        ],
        [
          107.35,
          129.26999999999998
        ],
        [
          107.34,
          129.14
        ],
        [
          107.5,
          128.49
        ],
        [
          108.38,
          128.98000000000002
        ]
      ],
      "idx": 2613,
      "mislabel": false,
      "mislabel_reason": "ok",
      "e_unet": 1.02
    },
    {
      "valid": true,
      "cx": 111.6,
      "cy": 124.66,
      "area": 317,
      "det_score": 0.3775,
      "sam_score": 0.945,
      "box": [
        102.1,
        114.4,
        122.4,
        136.1
      ],
      "repeats": [
        [
          111.57,
          124.67
        ],
        [
          111.68,
          124.81
        ],
        [
          111.51,
          124.67
        ],
        [
          111.85,
          124.48
        ],
        [
          112.59,
          124.74
        ]
      ],
      "idx": 2614,
      "mislabel": false,
      "mislabel_reason": "ok",
      "e_unet": 2.71
    },
    {
      "valid": true,
      "cx": 110.93,
      "cy": 125.48,
      "area": 297,
      "det_score": 0.3534,
      "sam_score": 0.9424,
      "box": [
        101.0,
        115.4,
        121.2,
        136.7
      ],
      "repeats": [
        [
          110.76,
          125.37
        ],
        [
          110.94,
          125.71
        ],
        [
          110.95,
          125.44
        ],
        [
          110.85,
          125.52
        ],
        [
          112.13999999999999,
          125.45
        ]
      ],
      "idx": 2615,
      "mislabel": false,
      "mislabel_reason": "ok",
      "e_unet": 3.38
    }
  ]
}