{
  "prompt": "black pupil.",
  "gsam2_centers": [
    {
      "valid": true,
      "cx": 87.8,
      "cy": 100.6,
      "area": 351,
      "det_score": 0.3168,
      "sam_score": 0.9499,
      "box": [
        78.7,
        86.6,
        97.5,
        115.2
      ],
      "repeats": [
        [
          87.78,
          100.52
        ],
        [
          87.85,
          100.62
        ],
        [
          87.85,
          100.49
        ],
        [
          88.00999999999999,
          100.32
        ],
        [
          88.97,
          100.62
        ]
      ],
      "idx": 805,
      "mislabel": false,
      "mislabel_reason": "ok",
      "e_unet": 1.51
    },
    {
      "valid": true,
      "cx": 87.8,
      "cy": 100.61,
      "area": 349,
      "det_score": 0.3037,
      "sam_score": 0.9494,
      "box": [
        78.8,
        86.5,
        97.6,
        115.2
      ],
      "repeats": [
        [
          87.77000000000001,
          100.54
        ],
        [
          87.86,
          100.57
        ],
        [
          87.88,
          100.41
        ],
        [
          87.97,
          100.32
        ],
        [
          88.94,
          100.56
        ]
      ],
      "idx": 806,
      "mislabel": false,
      "mislabel_reason": "ok",
      "e_unet": 1.62
    },
    {
      "valid": true,
      "cx": 87.82,
      "cy": 100.62,
      "area": 345,
      "det_score": 0.3161,
      "sam_score": 0.9492,
      "box": [
        78.8,
        86.5,
        97.6,
        115.2
      ],
      "repeats": [
        [
          87.78999999999999,
          100.45
        ],
        [
          87.87,
          100.67
        ],
        [
          87.91,
          100.57
        ],
        [
          88.00999999999999,
          100.34
        ],
        [
          89.00999999999999,
          100.52
        ]
      ],
      "idx": 807,
      "mislabel": false,
      "mislabel_reason": "ok",
      "e_unet": 1.66
    },
    {
      "valid": true,
      "cx": 87.83,
      "cy": 100.59,
      "area": 346,
      "det_score": 0.3289,
      "sam_score": 0.9506,
      "box": [
        78.9,
        86.7,
        97.5,
        115.2
      ],
      "repeats": [
        [
          87.78,
          100.44
        ],
        [
          87.9,
          100.61
        ],
        [
          87.94,
          100.47
        ],
        [
          88.05,
          100.36
        ],
        [
          89.00999999999999,
          100.49
        ]
      ],
      "idx": 808,
      "mislabel": false,
      "mislabel_reason": "ok",
      "e_unet": 1.6
    },
    {
      "valid": true,
      "cx": 91.56,
      "cy": 98.34,
      "area": 380,
      "det_score": 0.3409,
      "sam_score": 0.9486,
      "box": [
        81.7,
        84.9,
        102.3,
        112.2
      ],
      "repeats": [
        [
          91.55,
          98.16
        ],
        [
          91.57,
          98.38
        ],
        [
          91.55,
          98.27
        ],
        [
          91.64,
          98.1
        ],
        [
          92.75,
          98.46
        ]
      ],
      "idx": 809,
      "mislabel": false,
      "mislabel_reason": "ok",
      "e_unet": 1.72
    },
    {
      "valid": true,
      "cx": 92.0,
      "cy": 97.77,
      "area": 382,
      "det_score": 0.3348,
      "sam_score": 0.9502,
      "box": [
        82.5,
        84.1,
        102.7,
        111.4
      ],
      "repeats": [
        [
          91.97,
          97.61
        ],
        [
          92.09,
          98.05
        ],
        [
          92.1,
          97.87
        ],
        [
          92.13,
          97.66
        ],
        [
          93.41999999999999,
          97.87
        ]
      ],
      "idx": 810,
      "mislabel": false,
      "mislabel_reason": "ok",
      "e_unet": 1.57
    },
    {
      "valid": true,
      "cx": 91.87,
      "cy": 97.66,
      "area": 377,
      "det_score": 0.3253,
      "sam_score": 0.9515,
      "box": [
        82.3,
        84.1,
        102.4,
        111.6
      ],
      "repeats": [
        [
          91.8,
          97.62
        ],
        [
          91.88,
          97.8
        ],
        [
          91.87,
          97.67
        ],
        [
          91.93,
          97.6
        ],
        [
          93.21000000000001,
          97.95
        ]
      ],
      "idx": 811,
      "mislabel": false,
      "mislabel_reason": "ok",
      "e_unet": 1.49
    },
    {
      "valid": true,
      "cx": 91.78,
      "cy": 97.84,
      "area": 378,
      "det_score": 0.3201,
      "sam_score": 0.948,
      "box": [
        82.3,
        84.2,
        102.2,
        111.6
      ],
      "repeats": [
        [
          91.75,
          97.74
        ],
        [
          91.89,
          97.9
        ],
        [
          91.84,
          97.85
        ],
        [
          91.96,
          97.66
        ],
        [
          93.13999999999999,
          97.97
        ]
      ],
      "idx": 812,
      "mislabel": false,
      "mislabel_reason": "ok",
      "e_unet": 1.57
    },
    {
      "valid": true,
      "cx": 91.79,
      "cy": 97.84,
      "area": 380,
      "det_score": 0.3188,
      "sam_score": 0.9487,
      "box": [
        82.3,
        84.3,
        102.2,
        111.7
      ],
      "repeats": [
        [
          91.71,
          97.75
        ],
        [
          91.83,
          97.97
        ],
        [
          91.74,
          97.86
        ],
        [
          91.88,
          97.68
        ],
        [
          93.1,
          98.1
        ]
      ],
      "idx": 813,
      "mislabel": false,
      "mislabel_reason": "ok",
      "e_unet": 1.61
    },
    {
      "valid": true,
      "cx": 91.76,
      "cy": 97.78,
      "area": 385,
      "det_score": 0.3459,
      "sam_score": 0.9488,
      "box": [
        82.2,
        84.3,
        102.3,
        111.8
      ],
      "repeats": [
        [
          91.73,
          97.63
        ],
        [
          91.78,
          97.94
        ],
        [
          91.81,
          97.78
        ],
        [
          91.85,
          97.68
        ],
        [
          93.03,
          97.87
        ]
      ],
      "idx": 814,
      "mislabel": false,
      "mislabel_reason": "ok",
      "e_unet": 1.52
    },
    {
      "valid": true,
      "cx": 91.73,
      "cy": 97.77,
      "area": 379,
      "det_score": 0.3266,
      "sam_score": 0.9473,
      "box": [
        82.3,
        84.1,
        102.1,
        111.7
      ],
      "repeats": [
        [
          91.61,
          97.68
        ],
        [
          91.71,
          97.94
        ],
        [
          91.73,
          97.82
        ],
        [
          91.77,
          97.66
        ],
        [
          92.83000000000001,
          97.81
        ]
      ],
      "idx": 815,
      "mislabel": false,
      "mislabel_reason": "ok",
      "e_unet": 1.57
    }
  ]
}