(31.785238, 32.636337, 0.0)
(31.795118, 32.569019, 0.0)
(31.822701, 32.673046, 0.0)
(31.806913, 32.623798, 0.0)
(31.810955, 32.595585, 0.0)
(31.834124, 32.630871, 0.0)
(31.830822, 32.604813, 0.0)
(31.811062, 32.644424, 0.0)
(31.849895, 32.721394, 0.0)
(31.872955, 32.788395, 0.0)
(31.842863, 32.667130, 0.0)
(31.862553, 32.440598, 0.0)
(31.868341, 32.199512, 0.0)
(31.804565, 31.984865, 0.0)
(31.709578, 31.818764, 0.0)
(31.723799, 31.727345, 0.0)
(31.804180, 31.897387, 0.0)
(31.836754, 31.898636, 0.0)
(31.842405, 31.806602, 0.0)
(31.836403, 31.888477, 0.0)
(31.855474, 31.840059, 0.0)
(31.839798, 31.907236, 0.0)
(31.833403, 32.129864, 0.0)
(31.815823, 32.152878, 0.0)
(31.802193, 32.131851, 0.0)
(31.803942, 32.127880, 0.0)
(31.817768, 32.134308, 0.0)
(31.822226, 32.286263, 0.0)
(31.798689, 32.481735, 0.0)
(31.747185, 32.574196, 0.0)
(31.749413, 32.602108, 0.0)
(31.807011, 32.533356, 0.0)
(31.810154, 32.463432, 0.0)
(31.819775, 32.468464, 0.0)
(31.791615, 32.481533, 0.0)
(31.756439, 32.512722, 0.0)
(31.821629, 32.525173, 0.0)
(31.815840, 32.434372, 0.0)
(31.817385, 32.309807, 0.0)
(31.848913, 32.253143, 0.0)
(31.852528, 32.230499, 0.0)
(31.853062, 32.270401, 0.0)
(31.873816, 32.303036, 0.0)
(31.875343, 32.327576, 0.0)
(31.884518, 32.303986, 0.0)
(31.921648, 32.303028, 0.0)
(31.938118, 32.275394, 0.0)
(31.932850, 32.298668, 0.0)
(31.945261, 32.328701, 0.0)
(31.961800, 32.347679, 0.0)
(31.953058, 32.388493, 0.0)
(31.944687, 32.412479, 0.0)
(31.956751, 32.446266, 0.0)
(31.959803, 32.465855, 0.0)
(31.952240, 32.482033, 0.0)
(31.961859, 32.450207, 0.0)
(31.945047, 32.423714, 0.0)
(31.950674, 32.408791, 0.0)
(31.956549, 32.423996, 0.0)
(31.916418, 32.445053, 0.0)
(31.909863, 32.444038, 0.0)
(31.918430, 32.454845, 0.0)
(31.919479, 32.466499, 0.0)
(31.904842, 32.492462, 0.0)
(31.895020, 32.531132, 0.0)
(31.878084, 32.542557, 0.0)
(31.885151, 32.560741, 0.0)
(31.870014, 32.551468, 0.0)
(31.864470, 32.559166, 0.0)
(31.852671, 32.579388, 0.0)
(31.851585, 32.619122, 0.0)
(31.857895, 32.628960, 0.0)
(31.842720, 32.616123, 0.0)
(31.839371, 32.558193, 0.0)
(31.848427, 32.508862, 0.0)
(31.857529, 32.498177, 0.0)
(31.846603, 32.488457, 0.0)
(31.832565, 32.529102, 0.0)
(31.830854, 32.525669, 0.0)
(31.845242, 32.525784, 0.0)
(31.846388, 32.539909, 0.0)
(31.860544, 32.579689, 0.0)
(31.866676, 32.598602, 0.0)
(31.882521, 32.619293, 0.0)
(31.884720, 32.625496, 0.0)
(31.871355, 32.628139, 0.0)
(31.875475, 32.636040, 0.0)
(31.876881, 32.672985, 0.0)
(31.873995, 32.691753, 0.0)
(31.878817, 32.684963, 0.0)
(31.883871, 32.656872, 0.0)
(31.892578, 32.651619, 0.0)
(31.883085, 32.670994, 0.0)
(31.899220, 32.668606, 0.0)
(31.896145, 32.718136, 0.0)
(31.895657, 32.727489, 0.0)
(31.868450, 32.733871, 0.0)
(31.874281, 32.728127, 0.0)
(31.868793, 32.725063, 0.0)
(31.873585, 32.718651, 0.0)
(31.861053, 32.711693, 0.0)
(31.862118, 32.718689, 0.0)
(31.853149, 32.705891, 0.0)
(31.838312, 32.731003, 0.0)
(31.841022, 32.740040, 0.0)
(31.844959, 32.747200, 0.0)
(31.842163, 32.741051, 0.0)
(31.851851, 32.729958, 0.0)
(31.859795, 32.711662, 0.0)
(31.871214, 32.690083, 0.0)
(31.903402, 32.695415, 0.0)
(31.889402, 32.731682, 0.0)
(31.887463, 32.706837, 0.0)
(31.895666, 32.680595, 0.0)
(31.887596, 32.694748, 0.0)
(31.897499, 32.710712, 0.0)
(31.922592, 32.740517, 0.0)
(31.915462, 32.740543, 0.0)
(31.926792, 32.748367, 0.0)
(31.951349, 32.747993, 0.0)
(31.950575, 32.703747, 0.0)
(31.949486, 32.695141, 0.0)
(31.947401, 32.693962, 0.0)
(31.945383, 32.699711, 0.0)
(31.955467, 32.697407, 0.0)
(31.955982, 32.670834, 0.0)
(31.970287, 32.674129, 0.0)
(31.948044, 32.688366, 0.0)
(31.946295, 32.676247, 0.0)
(31.935177, 32.674950, 0.0)
(31.929022, 32.734676, 0.0)
(31.921803, 32.724533, 0.0)
(31.924885, 32.742367, 0.0)
(31.929258, 32.769173, 0.0)
(31.929689, 32.807552, 0.0)
(31.913187, 32.820412, 0.0)
(31.907457, 32.826626, 0.0)
(31.919582, 32.861156, 0.0)
(31.907972, 32.845715, 0.0)
(31.888971, 32.874180, 0.0)
(31.895079, 32.908413, 0.0)
(31.890293, 32.921494, 0.0)
(31.886126, 32.957405, 0.0)
(31.881641, 32.984932, 0.0)
(31.872093, 32.971474, 0.0)
(31.872740, 32.968369, 0.0)
(31.898413, 32.989868, 0.0)
(31.857958, 32.995796, 0.0)
(31.868717, 33.026917, 0.0)
(31.856424, 33.050499, 0.0)
(31.861551, 33.046154, 0.0)
(31.865072, 33.019726, 0.0)
(31.881548, 33.008492, 0.0)
(31.874769, 33.024071, 0.0)
(31.859083, 32.993694, 0.0)
(31.860331, 32.932941, 0.0)
(31.856903, 32.877575, 0.0)
(31.861158, 32.865463, 0.0)
(31.872175, 32.840725, 0.0)
(31.869085, 32.851593, 0.0)
(31.868288, 32.855316, 0.0)
(31.875631, 32.842579, 0.0)
(31.880571, 32.820648, 0.0)
(31.878460, 32.781578, 0.0)
(31.881721, 32.763443, 0.0)
(31.881804, 32.793617, 0.0)
(31.891558, 32.789383, 0.0)
(31.893944, 32.798592, 0.0)
(31.896852, 32.801315, 0.0)
(31.909735, 32.807705, 0.0)
(31.888664, 32.813610, 0.0)
(31.898729, 32.810097, 0.0)
(31.898729, 32.810097, 0.0)
(31.890844, 32.810986, 0.0)
(31.893665, 32.786549, 0.0)
(31.890676, 32.793682, 0.0)
(31.865719, 32.758362, 0.0)
(31.864967, 32.791252, 0.0)
(31.858797, 32.794239, 0.0)
(31.860743, 32.788013, 0.0)
(31.865625, 32.755444, 0.0)
(31.842930, 32.709190, 0.0)
(31.858286, 32.711132, 0.0)
(31.862654, 32.719601, 0.0)
(31.826841, 32.699623, 0.0)
(31.823238, 32.704231, 0.0)
(31.824505, 32.707737, 0.0)
(31.830902, 32.703373, 0.0)
(31.823507, 32.700001, 0.0)
(31.821627, 32.667553, 0.0)
(31.797550, 32.662991, 0.0)
(31.806030, 32.673100, 0.0)
(31.814661, 32.633316, 0.0)
(31.803339, 32.659706, 0.0)
(31.821997, 32.630920, 0.0)
(32.983658, 31.799606, 0.0)
(35.694233, 30.245735, 0.0)
(36.672794, 30.043772, 0.0)
(36.799568, 30.109882, 0.0)
(36.810104, 30.150311, 0.0)
(36.815426, 30.139460, 0.0)
(36.810970, 30.182266, 0.0)
(36.785820, 30.210344, 0.0)
(37.685696, 30.552404, 0.0)
(38.019455, 30.749258, 0.0)
(38.028324, 30.781301, 0.0)
(38.010071, 30.800694, 0.0)
(38.010963, 30.795115, 0.0)
(38.255833, 31.226000, 0.0)
(40.235626, 36.500450, 0.0)
(40.219353, 38.764950, 0.0)
(40.105743, 38.848164, 0.0)
(40.098869, 38.741241, 0.0)
(40.095165, 38.712444, 0.0)
(40.338848, 39.354137, 0.0)
(40.345116, 39.379787, 0.0)
(40.333984, 39.388493, 0.0)
(40.331436, 39.390434, 0.0)
(40.281052, 39.340038, 0.0)
(40.279190, 39.352638, 0.0)
(40.269844, 39.372883, 0.0)
(40.267277, 39.401466, 0.0)
(40.271614, 39.473145, 0.0)
(40.346989, 34.791145, 0.0)
(40.034550, 30.441732, 0.0)
(39.698902, 29.522213, 0.0)
(39.640606, 29.581194, 0.0)
(39.589115, 29.587481, 0.0)
(39.601070, 29.587261, 0.0)
(39.593536, 29.551758, 0.0)
(39.547146, 29.542799, 0.0)
(39.534756, 29.533466, 0.0)
(39.542469, 29.595655, 0.0)
(39.545177, 29.620512, 0.0)
(39.509441, 29.577904, 0.0)
(39.506901, 29.533056, 0.0)
(39.516628, 29.526320, 0.0)
(39.523979, 29.522463, 0.0)
(39.511139, 29.549370, 0.0)
(39.483837, 29.534836, 0.0)
(39.479515, 29.522558, 0.0)
(39.483837, 29.534836, 0.0)
(39.482433, 29.501862, 0.0)
(39.457130, 29.471169, 0.0)
(39.437523, 29.461079, 0.0)
(39.417782, 29.453878, 0.0)
(39.400887, 29.400764, 0.0)
(39.404449, 29.425556, 0.0)
(39.404442, 29.430790, 0.0)
(39.381050, 29.422722, 0.0)
(39.370888, 29.415550, 0.0)
(39.372913, 29.423765, 0.0)
(39.387672, 29.415880, 0.0)
(39.355911, 29.357601, 0.0)
(39.349831, 29.345406, 0.0)
(39.304668, 29.325407, 0.0)
(39.363026, 29.423546, 0.0)
(39.334984, 29.362637, 0.0)
(39.304668, 29.339546, 0.0)
(37.747166, 29.161011, 0.0)
(34.488338, 30.479942, 0.0)
(31.158527, 33.396435, 0.0)
(28.746408, 35.947182, 0.0)
(28.678371, 36.123600, 0.0)
(28.699341, 36.139568, 0.0)
(28.697901, 36.192402, 0.0)
(28.716265, 36.209190, 0.0)
(27.992744, 36.545593, 0.0)
(24.101690, 37.663765, 0.0)
(23.540991, 37.796623, 0.0)
(23.525400, 37.785858, 0.0)
(23.549948, 37.769302, 0.0)
(23.594234, 37.708607, 0.0)
(23.602417, 37.713722, 0.0)
(23.599720, 37.729946, 0.0)
(23.623137, 37.738033, 0.0)
(23.627272, 37.759125, 0.0)
(23.639648, 37.786251, 0.0)
(23.646177, 37.797234, 0.0)
(23.658043, 37.810936, 0.0)
(23.652596, 37.839390, 0.0)
(23.215746, 37.974934, 0.0)
(22.553558, 37.876904, 0.0)
(22.521517, 37.912457, 0.0)
(22.533216, 37.934929, 0.0)
(22.548847, 38.005085, 0.0)
(22.539194, 38.013504, 0.0)
(22.527424, 38.042194, 0.0)
(22.544495, 38.045685, 0.0)
(22.518684, 38.037014, 0.0)
(22.523643, 38.027275, 0.0)
(22.542606, 38.055077, 0.0)
(22.529648, 38.106792, 0.0)
(22.544210, 38.147949, 0.0)
(22.712893, 37.799965, 0.0)
(22.837652, 34.032700, 0.0)
(22.768251, 32.886097, 0.0)
(22.742088, 32.912071, 0.0)
(22.705257, 32.939163, 0.0)
(21.568840, 30.614830, 0.0)
(21.191309, 29.877136, 0.0)
(21.166433, 29.723841, 0.0)
(21.158716, 29.668709, 0.0)
(21.156603, 29.618620, 0.0)
(21.084829, 29.681761, 0.0)
(20.940321, 29.827814, 0.0)
(20.965052, 29.793026, 0.0)
(20.959293, 29.771660, 0.0)
(20.953182, 29.753040, 0.0)
(20.953054, 29.783815, 0.0)
(20.954088, 29.757793, 0.0)
(20.938154, 29.759426, 0.0)
(20.887451, 31.526701, 0.0)
(20.681974, 31.233500, 0.0)
(20.946072, 29.308540, 0.0)
(21.050739, 29.243988, 0.0)
(21.069952, 29.412540, 0.0)
(21.104876, 29.473824, 0.0)
(21.099615, 29.516439, 0.0)
(21.132303, 29.509134, 0.0)
(21.138132, 29.520845, 0.0)
(21.148674, 29.540644, 0.0)
(21.184959, 29.533342, 0.0)
(21.181747, 29.509085, 0.0)
(21.199100, 29.472532, 0.0)
(21.212965, 29.446869, 0.0)
(21.213411, 29.465693, 0.0)
(21.242821, 29.482010, 0.0)
(21.254320, 29.440805, 0.0)
(21.281357, 29.435871, 0.0)
(21.305466, 29.424114, 0.0)
(21.352543, 29.409510, 0.0)
(22.190844, 29.322130, 0.0)
(28.378517, 31.321964, 0.0)
(31.491507, 32.511513, 0.0)
(31.626863, 32.626148, 0.0)
(31.602020, 32.612720, 0.0)
(31.551193, 32.616882, 0.0)
(31.561499, 32.652287, 0.0)
(31.495754, 32.622158, 0.0)
(31.820337, 32.345505, 0.0)
(31.774694, 32.451454, 0.0)
(31.970755, 34.030392, 0.0)
(31.823362, 32.288555, 0.0)
(31.754877, 31.892519, 0.0)
(31.786354, 31.973930, 0.0)
(31.800690, 32.066696, 0.0)
(31.832556, 32.161339, 0.0)
(31.732336, 32.343842, 0.0)
(31.774500, 32.409821, 0.0)
(31.790659, 32.419609, 0.0)
(31.803600, 32.464546, 0.0)
(31.809847, 32.485241, 0.0)
(31.804522, 32.478325, 0.0)
(31.804054, 32.496738, 0.0)
(31.804874, 32.511192, 0.0)
(31.827860, 32.495045, 0.0)
(31.841522, 32.489101, 0.0)
(31.817202, 32.488773, 0.0)
(31.842667, 32.452026, 0.0)
(31.844782, 32.390381, 0.0)
(31.868425, 32.349712, 0.0)
(31.860012, 32.354706, 0.0)
(31.848942, 32.328789, 0.0)
(31.838722, 32.339302, 0.0)
(31.841299, 32.355343, 0.0)
(31.837494, 32.334724, 0.0)
(31.829065, 32.341133, 0.0)
(31.260828, 32.441719, 0.0)
(26.310886, 33.414299, 0.0)
(23.156534, 34.748840, 0.0)
(22.356930, 35.098179, 0.0)
(22.302055, 35.107067, 0.0)
(22.281727, 35.125141, 0.0)
(21.789440, 35.387741, 0.0)
(21.765369, 35.443249, 0.0)
(21.819996, 35.392311, 0.0)
(21.830400, 35.342743, 0.0)
(21.895386, 35.267826, 0.0)
(21.895832, 35.277084, 0.0)
(21.883484, 35.320454, 0.0)
(21.860592, 35.378857, 0.0)
(21.857853, 35.380116, 0.0)
(21.855217, 35.407234, 0.0)
(21.845589, 35.409779, 0.0)
(21.841841, 35.395168, 0.0)
(21.854805, 35.411331, 0.0)
(21.839973, 35.401310, 0.0)
(21.850840, 35.414989, 0.0)
(21.826708, 35.426632, 0.0)
(21.807777, 35.418785, 0.0)
(21.799803, 35.438931, 0.0)
(21.827055, 35.500923, 0.0)
(21.819471, 35.501617, 0.0)
(21.827509, 35.486057, 0.0)
(21.854439, 35.415348, 0.0)
(21.867769, 35.334595, 0.0)
(21.878624, 35.334320, 0.0)
(21.894684, 35.383186, 0.0)
(21.899954, 35.464848, 0.0)
(21.901173, 35.472248, 0.0)
(21.893892, 35.455460, 0.0)
(21.881645, 35.413284, 0.0)
(21.898708, 35.373924, 0.0)
(21.894035, 35.397236, 0.0)
(21.881042, 35.469612, 0.0)
(21.906445, 35.490746, 0.0)
(21.939266, 35.449039, 0.0)
(21.936460, 35.437393, 0.0)
(21.959284, 35.402691, 0.0)
(21.970955, 35.358715, 0.0)
(21.989304, 35.366627, 0.0)
(21.999519, 35.370880, 0.0)
(24.057468, 34.794334, 0.0)
(29.158833, 33.861252, 0.0)
(33.508781, 33.942810, 0.0)
(37.045929, 35.037292, 0.0)
(38.188530, 35.417583, 0.0)
(38.343796, 35.462048, 0.0)
(38.361862, 35.472027, 0.0)
(38.407684, 35.425415, 0.0)
(39.290592, 36.974728, 0.0)
(39.815945, 38.329479, 0.0)
(39.834229, 38.385109, 0.0)
(39.867908, 38.363064, 0.0)
(39.860321, 38.284393, 0.0)
(39.883186, 38.189205, 0.0)
(39.901958, 38.153400, 0.0)
(39.900341, 38.154068, 0.0)
(39.928810, 38.019085, 0.0)
(39.909138, 37.604752, 0.0)
(39.917355, 37.490452, 0.0)
(39.941219, 37.367931, 0.0)
(39.931229, 37.296543, 0.0)
(39.938831, 37.291302, 0.0)
(39.939529, 37.276978, 0.0)
(39.936802, 37.276997, 0.0)
(39.930920, 37.255070, 0.0)
(39.924126, 37.248325, 0.0)
(39.441071, 36.712402, 0.0)
(39.387253, 36.701164, 0.0)
(39.401661, 36.728977, 0.0)
(39.392887, 36.724701, 0.0)
(39.180481, 36.512459, 0.0)
(33.885654, 31.928249, 0.0)
(28.513754, 30.972532, 0.0)
(24.838804, 31.983355, 0.0)
(24.697412, 32.064049, 0.0)
(24.669596, 32.078770, 0.0)
(24.639990, 32.072227, 0.0)
(24.642298, 32.053402, 0.0)
(24.615715, 32.004807, 0.0)
(24.935383, 31.801224, 0.0)
(24.958958, 31.789663, 0.0)
(24.932495, 31.813290, 0.0)
(24.903782, 31.811987, 0.0)
(24.920237, 31.764063, 0.0)
(24.916822, 31.750322, 0.0)
(24.911839, 31.736971, 0.0)
(24.915434, 31.756651, 0.0)
(24.923824, 31.783804, 0.0)
(24.934204, 31.786911, 0.0)
(24.916731, 31.762661, 0.0)
(24.897583, 31.707661, 0.0)
(25.059204, 31.589966, 0.0)
(25.065260, 31.583736, 0.0)
(25.056648, 31.640814, 0.0)
(25.055531, 31.669739, 0.0)
(25.022947, 31.701534, 0.0)
(25.040136, 31.721855, 0.0)
(25.007105, 31.729261, 0.0)
(25.017487, 31.761154, 0.0)
(25.010494, 31.780525, 0.0)
(25.000851, 31.824593, 0.0)
(25.002386, 31.859232, 0.0)
(25.001177, 31.924391, 0.0)
(25.011169, 31.953093, 0.0)
(25.002840, 31.970827, 0.0)
(24.996338, 31.989258, 0.0)
(24.993204, 31.980787, 0.0)
(27.917601, 29.718859, 0.0)
(32.963978, 27.640244, 0.0)
(34.809082, 27.810017, 0.0)
(34.964508, 27.723577, 0.0)
(34.935135, 27.697119, 0.0)
(34.943996, 27.685280, 0.0)
(35.404625, 27.714315, 0.0)
(35.467209, 27.687658, 0.0)
(35.452965, 27.589344, 0.0)
(35.424805, 27.508991, 0.0)
(35.413837, 27.490866, 0.0)
(35.406853, 27.492672, 0.0)
(35.398136, 27.481266, 0.0)
(35.430454, 27.459883, 0.0)
(35.432384, 27.449558, 0.0)
(35.431614, 27.441309, 0.0)
(35.439407, 27.442768, 0.0)
(35.440025, 27.452797, 0.0)
(35.443474, 27.456903, 0.0)
(35.470100, 27.465588, 0.0)
(35.447884, 27.441435, 0.0)
(35.442024, 27.435888, 0.0)
(35.443237, 27.426350, 0.0)
(35.442913, 27.425823, 0.0)
(35.446709, 27.422218, 0.0)
(35.436512, 27.401476, 0.0)
(35.451149, 27.386381, 0.0)
(35.432842, 27.303223, 0.0)
(35.460392, 27.287811, 0.0)
(35.471886, 27.277390, 0.0)
(35.468513, 27.270313, 0.0)
(35.469296, 27.280548, 0.0)
(35.476009, 27.288437, 0.0)
(35.493954, 27.308531, 0.0)
(35.507450, 27.322622, 0.0)
(35.477798, 27.349394, 0.0)
(35.463211, 27.365353, 0.0)
(35.440598, 27.427698, 0.0)
(30.509123, 26.453224, 0.0)
(26.474911, 26.992125, 0.0)
(24.891211, 27.426825, 0.0)
(24.862490, 27.412214, 0.0)
(24.896013, 27.419155, 0.0)
(24.882515, 27.400192, 0.0)
(24.307182, 27.547733, 0.0)
(24.225525, 27.545742, 0.0)
(24.229895, 27.530970, 0.0)
(24.208422, 27.558342, 0.0)
(24.213791, 27.614443, 0.0)
(24.207119, 27.646994, 0.0)
(24.187105, 27.708214, 0.0)
(24.192221, 27.738766, 0.0)
(24.180389, 27.768999, 0.0)
(24.162828, 27.787060, 0.0)
(24.156254, 27.817179, 0.0)
(24.105919, 27.827602, 0.0)
(24.132355, 29.456661, 0.0)
(24.401350, 29.111015, 0.0)
(24.308296, 27.412903, 0.0)
(24.236309, 27.236618, 0.0)
(24.264751, 27.349855, 0.0)
(24.267529, 27.428249, 0.0)
(24.284882, 27.408537, 0.0)
(24.275654, 27.409781, 0.0)
(24.305780, 27.381077, 0.0)
(24.311516, 27.397341, 0.0)
(24.278328, 27.406216, 0.0)
(24.281010, 27.446751, 0.0)
(24.268715, 27.457281, 0.0)
(24.268913, 27.475769, 0.0)
(24.265724, 27.499928, 0.0)
(24.268837, 27.479979, 0.0)
(24.288956, 27.483908, 0.0)
(24.290611, 27.506397, 0.0)
(24.300959, 27.470837, 0.0)
(26.746159, 27.951508, 0.0)
(32.816368, 30.215855, 0.0)
(37.094135, 33.903412, 0.0)
(38.950043, 36.483242, 0.0)
(39.007092, 36.540512, 0.0)
(39.005024, 36.499794, 0.0)
(39.015728, 36.454453, 0.0)
(39.425312, 36.542915, 0.0)
(39.462807, 36.601635, 0.0)
(39.481609, 36.605576, 0.0)
(39.505085, 36.652660, 0.0)
(39.511311, 36.609383, 0.0)
(39.518990, 36.567169, 0.0)
(39.523689, 36.576286, 0.0)
(39.527760, 36.570843, 0.0)
(39.527683, 36.568901, 0.0)
(39.523422, 36.569920, 0.0)
(39.389286, 36.485893, 0.0)
(39.419735, 36.477398, 0.0)
(39.411266, 36.463604, 0.0)
(39.404186, 36.463650, 0.0)
(39.395390, 36.510704, 0.0)
(39.382507, 36.537048, 0.0)
(39.362370, 36.519394, 0.0)
(39.359936, 36.510376, 0.0)
(39.339382, 36.496426, 0.0)
(39.344959, 36.515533, 0.0)
(39.309513, 36.498398, 0.0)
(39.319729, 36.570805, 0.0)
(39.318993, 36.609055, 0.0)
(39.329304, 36.611298, 0.0)
(39.341137, 36.637489, 0.0)
(39.327965, 36.630589, 0.0)
(39.338017, 36.640072, 0.0)
(39.334290, 36.711205, 0.0)
(39.327126, 36.744205, 0.0)
(39.309715, 36.708080, 0.0)
(37.912041, 34.026134, 0.0)
(37.909058, 34.012512, 0.0)
(37.953274, 34.057545, 0.0)
(37.949635, 34.097294, 0.0)
(37.951370, 34.094650, 0.0)
(37.950317, 34.082840, 0.0)
(37.952866, 34.091625, 0.0)
(38.080360, 34.184464, 0.0)
(38.129688, 34.188335, 0.0)
(38.120026, 34.224228, 0.0)
(38.125751, 34.240604, 0.0)
(38.128250, 34.247597, 0.0)
(38.149792, 34.197231, 0.0)
(38.148144, 34.178429, 0.0)
(38.159775, 34.201859, 0.0)
(38.137100, 34.227463, 0.0)
(38.163647, 34.249573, 0.0)
(38.174885, 34.244305, 0.0)
(38.163593, 34.257965, 0.0)
(38.145802, 34.251091, 0.0)
(38.152409, 34.255196, 0.0)
(38.147629, 34.246597, 0.0)
(38.131435, 34.203747, 0.0)
(38.125004, 34.183105, 0.0)
(38.115597, 34.168175, 0.0)
(38.107819, 34.180035, 0.0)
(38.101585, 34.165630, 0.0)
(38.109444, 34.191879, 0.0)
(38.108303, 34.169205, 0.0)
(38.109802, 34.151714, 0.0)
(38.115761, 34.150608, 0.0)
(38.112499, 34.151859, 0.0)
(38.111713, 34.162384, 0.0)
(38.089417, 34.165482, 0.0)
(38.084282, 34.166828, 0.0)
(38.076462, 34.143093, 0.0)
(38.067661, 34.128902, 0.0)
(36.996693, 33.500835, 0.0)
(31.835056, 30.495092, 0.0)
(29.127499, 29.709469, 0.0)
(29.173109, 29.636885, 0.0)
(29.240871, 29.597645, 0.0)
(29.239542, 29.560804, 0.0)
(29.273317, 29.515425, 0.0)
(29.267115, 29.533045, 0.0)
(29.251413, 29.537334, 0.0)
(29.114309, 29.607121, 0.0)
(29.106291, 29.601656, 0.0)
(29.109034, 29.589264, 0.0)
(29.108564, 29.578590, 0.0)
(29.105885, 29.564619, 0.0)
(29.112337, 29.583612, 0.0)
(29.127350, 29.602633, 0.0)
(29.334694, 29.632177, 0.0)
(29.344387, 29.679960, 0.0)
(29.300098, 29.709583, 0.0)
(29.310295, 29.718208, 0.0)
(29.309948, 29.749186, 0.0)
(29.328161, 29.800516, 0.0)
(29.325659, 29.867846, 0.0)
(29.308599, 29.902168, 0.0)
(29.308044, 29.906441, 0.0)
(29.327951, 29.918957, 0.0)
(29.292551, 29.935524, 0.0)
(29.259682, 29.972382, 0.0)
(29.253387, 30.024393, 0.0)
(29.257631, 30.024342, 0.0)
(29.265589, 30.066824, 0.0)
(29.232832, 30.084709, 0.0)
(29.213221, 30.114603, 0.0)
(29.196756, 30.154589, 0.0)
(29.142630, 30.200668, 0.0)
(29.143902, 30.182793, 0.0)
(29.147875, 30.179035, 0.0)
(29.142632, 30.175863, 0.0)
(29.172220, 30.164419, 0.0)
(26.830856, 32.378387, 0.0)
(25.683540, 34.972458, 0.0)
(25.574493, 35.125267, 0.0)
(25.558764, 35.047699, 0.0)
(25.530149, 34.975384, 0.0)
(25.513865, 34.975933, 0.0)
(25.518408, 34.997322, 0.0)
(25.375648, 34.739601, 0.0)
(25.364752, 34.759655, 0.0)
(25.364132, 34.744068, 0.0)
(25.364235, 34.741867, 0.0)
(25.377752, 34.741150, 0.0)
(25.366058, 34.747139, 0.0)
(25.357437, 34.738934, 0.0)
(25.345081, 34.728889, 0.0)
(25.333656, 34.723701, 0.0)
(25.315763, 34.723255, 0.0)
(25.317919, 34.705204, 0.0)
(25.317154, 34.682968, 0.0)
(25.294855, 34.691040, 0.0)
(25.283989, 34.624447, 0.0)
(25.267782, 34.607994, 0.0)
(25.266769, 34.615967, 0.0)
(25.268335, 34.589676, 0.0)
(25.271648, 34.615494, 0.0)
(25.267075, 34.588734, 0.0)
(25.280407, 34.591694, 0.0)
(25.282721, 34.597576, 0.0)
(25.295979, 34.598000, 0.0)
(25.288616, 34.595219, 0.0)
(25.286186, 34.586658, 0.0)
(25.297588, 34.603695, 0.0)
(25.299070, 34.590595, 0.0)
(25.299515, 34.586346, 0.0)
(25.290125, 34.561459, 0.0)
(25.284786, 34.565685, 0.0)
(26.274460, 34.115810, 0.0)
(31.742392, 31.522200, 0.0)
(34.069397, 31.082993, 0.0)
(34.197422, 31.005407, 0.0)
(34.181343, 31.005772, 0.0)
(34.164776, 30.984854, 0.0)
(34.159515, 30.976349, 0.0)
(34.168297, 30.981577, 0.0)
(34.174049, 30.981081, 0.0)
(34.155087, 31.016546, 0.0)
(34.156113, 30.999146, 0.0)
(34.170437, 31.043625, 0.0)
(34.166523, 31.058334, 0.0)
(34.179668, 31.057833, 0.0)
(34.178429, 31.027010, 0.0)
(34.176533, 31.061007, 0.0)
(34.166500, 31.088341, 0.0)
(34.157745, 31.142851, 0.0)
(34.155201, 31.178116, 0.0)
(34.145519, 31.179422, 0.0)
(34.138447, 31.179617, 0.0)
(34.113182, 31.173409, 0.0)
(34.109154, 31.165266, 0.0)
(34.095821, 31.236042, 0.0)
(34.093903, 31.305529, 0.0)
(34.078861, 31.333542, 0.0)
(34.075321, 31.384523, 0.0)
(34.082134, 31.436258, 0.0)
(34.071785, 31.474773, 0.0)
(34.066952, 31.523773, 0.0)
(34.057804, 31.536631, 0.0)
(34.074940, 31.504797, 0.0)
(34.076042, 31.488924, 0.0)
(34.084396, 31.492285, 0.0)
(34.083881, 31.454880, 0.0)
(34.090607, 31.409122, 0.0)
(34.097153, 31.376303, 0.0)
(34.094109, 31.280241, 0.0)
(34.095268, 31.215618, 0.0)
(31.629919, 28.806288, 0.0)
(29.060318, 27.015732, 0.0)
(28.972307, 26.900476, 0.0)
(28.981676, 26.891222, 0.0)
(28.957462, 26.900591, 0.0)
(28.912224, 26.886017, 0.0)
(28.668852, 26.733438, 0.0)
(28.604055, 26.706650, 0.0)
(28.610529, 26.662518, 0.0)
(28.634018, 26.633192, 0.0)
(28.631449, 26.590538, 0.0)
(28.627962, 26.596516, 0.0)
(28.613605, 26.591661, 0.0)
(28.621887, 26.591637, 0.0)
(28.607615, 26.588520, 0.0)
(28.595316, 26.546713, 0.0)
(28.591904, 26.531250, 0.0)
(28.585136, 26.501318, 0.0)
(28.588667, 26.498899, 0.0)
(28.607452, 26.518599, 0.0)
(28.616871, 26.525774, 0.0)
(28.624205, 26.533058, 0.0)
(28.626341, 26.526594, 0.0)
(28.634134, 26.527706, 0.0)
(28.645634, 26.515863, 0.0)
(28.667772, 26.512829, 0.0)
(28.655081, 26.506311, 0.0)
(28.656202, 26.495565, 0.0)
(28.638643, 26.500553, 0.0)
(28.619474, 26.530348, 0.0)
(28.608767, 26.564604, 0.0)
(28.596182, 26.611383, 0.0)
(28.594322, 26.609966, 0.0)
(28.582888, 26.622011, 0.0)
(28.587992, 26.636667, 0.0)
(28.566965, 26.661598, 0.0)
(28.564152, 26.729769, 0.0)
(27.661997, 27.252291, 0.0)
(23.958977, 31.012154, 0.0)
(22.554096, 33.917099, 0.0)
(22.246670, 34.667870, 0.0)
(22.154451, 34.810108, 0.0)
(22.125130, 34.842514, 0.0)
(22.099392, 34.885777, 0.0)
(22.102856, 34.949471, 0.0)
(21.738991, 35.035999, 0.0)
(21.673546, 35.067829, 0.0)
(21.672005, 35.131321, 0.0)
(21.686493, 35.168282, 0.0)
(21.691673, 35.182487, 0.0)
(21.701897, 35.215675, 0.0)
(21.753109, 35.166840, 0.0)
(21.761742, 35.115059, 0.0)
(21.776838, 35.077431, 0.0)
(21.778524, 35.066120, 0.0)
(21.768610, 35.057804, 0.0)
(21.767527, 35.038216, 0.0)
(21.779936, 35.049244, 0.0)
(21.808342, 35.030022, 0.0)
(21.816513, 35.008804, 0.0)
(21.821993, 35.012367, 0.0)
(22.014151, 34.864082, 0.0)
(24.699440, 33.557987, 0.0)
(25.588663, 33.167564, 0.0)
(25.624489, 33.112350, 0.0)
(25.573765, 33.126064, 0.0)
(25.577902, 33.123352, 0.0)
(25.551489, 33.094841, 0.0)
(25.552248, 33.056198, 0.0)
(25.555830, 33.033813, 0.0)
(25.564184, 33.015324, 0.0)
(25.679373, 33.008114, 0.0)
(30.687550, 32.679230, 0.0)
(35.231544, 34.192184, 0.0)
(36.529163, 35.503674, 0.0)
(36.591385, 35.653652, 0.0)
(34.806492, 36.177048, 0.0)
(30.805840, 38.357388, 0.0)
(30.645443, 38.523392, 0.0)
(30.644787, 38.559841, 0.0)
(30.636106, 38.425251, 0.0)
(30.604916, 38.450722, 0.0)
(30.603174, 38.387142, 0.0)
(30.576822, 38.391911, 0.0)
(30.565716, 38.402794, 0.0)
(30.581926, 38.400459, 0.0)
(30.571827, 38.335278, 0.0)
(30.565044, 38.309631, 0.0)
(30.576227, 38.259514, 0.0)
(30.560589, 38.255703, 0.0)
(30.539215, 38.262161, 0.0)
(30.547514, 38.275723, 0.0)
(30.557787, 38.268890, 0.0)
(30.549444, 38.240582, 0.0)
(30.522480, 38.299778, 0.0)
(30.509787, 38.342228, 0.0)
(30.504723, 38.367783, 0.0)
(30.534199, 38.378063, 0.0)
(30.536655, 38.392769, 0.0)
(30.531082, 38.371792, 0.0)
(30.517851, 38.402500, 0.0)
(30.464453, 38.423302, 0.0)
(30.447803, 38.460136, 0.0)
(30.442663, 38.494801, 0.0)
(30.430639, 38.545544, 0.0)
(30.440264, 38.541313, 0.0)
(30.447933, 38.555252, 0.0)
(30.432161, 38.600067, 0.0)
(30.434231, 38.641159, 0.0)
(30.404024, 38.680767, 0.0)
(30.398748, 38.702431, 0.0)
(30.427263, 38.668415, 0.0)
(30.917162, 37.731667, 0.0)
(32.025665, 34.727848, 0.0)
(32.050362, 34.809986, 0.0)
(32.046329, 34.847328, 0.0)
(32.068722, 34.822655, 0.0)
(32.075104, 34.789139, 0.0)
(32.063457, 34.763073, 0.0)
(32.064194, 34.683060, 0.0)
(32.067360, 34.677223, 0.0)
(32.070366, 34.626362, 0.0)
(32.051174, 34.613346, 0.0)
(32.069134, 34.596554, 0.0)
(32.061031, 34.575890, 0.0)
(32.057041, 34.594738, 0.0)
(32.064739, 34.588417, 0.0)
(32.055885, 34.558586, 0.0)
(32.049751, 34.546612, 0.0)
(32.053680, 34.532074, 0.0)
(32.046810, 34.509102, 0.0)
(32.084511, 34.520954, 0.0)
(32.213936, 34.399517, 0.0)
(32.218945, 34.373020, 0.0)
(32.217026, 34.360394, 0.0)
(32.231117, 34.333458, 0.0)
(32.209362, 34.325443, 0.0)
(32.205608, 34.311001, 0.0)
(32.201077, 34.311001, 0.0)
(32.208435, 34.298813, 0.0)
(32.192379, 34.272732, 0.0)
(32.193054, 34.238369, 0.0)
(32.204231, 34.182983, 0.0)
(32.215759, 34.187855, 0.0)
(32.223568, 34.195030, 0.0)
(32.227272, 34.185265, 0.0)
(32.209743, 34.146809, 0.0)
(32.216301, 34.111919, 0.0)
(32.203285, 34.093994, 0.0)
(32.182194, 34.068832, 0.0)
(27.998846, 33.188274, 0.0)
(24.363997, 32.985065, 0.0)
(23.324833, 32.935143, 0.0)
(23.218039, 32.913246, 0.0)
(23.195833, 32.933403, 0.0)
(23.186508, 32.942513, 0.0)
(23.212749, 32.943092, 0.0)
(23.209953, 32.985920, 0.0)
(23.179827, 33.036690, 0.0)
(23.200928, 33.059742, 0.0)
(23.205727, 33.053123, 0.0)
(23.207874, 33.056271, 0.0)
(23.206272, 33.079407, 0.0)
(23.207819, 33.120243, 0.0)
(23.202972, 33.181351, 0.0)
(23.206446, 33.225174, 0.0)
(22.992100, 33.368702, 0.0)
(23.005610, 33.411488, 0.0)
(23.006546, 33.426453, 0.0)
(23.008625, 33.473442, 0.0)
(22.990429, 33.479637, 0.0)
(22.994236, 33.494076, 0.0)
(22.980528, 33.509315, 0.0)
(22.986973, 33.546467, 0.0)
(22.978916, 33.585701, 0.0)
(22.976429, 33.596653, 0.0)
(22.984320, 33.601894, 0.0)
(23.598932, 33.400101, 0.0)
(23.688131, 33.346130, 0.0)
(23.661385, 33.321728, 0.0)
(23.667419, 33.294991, 0.0)
(23.670572, 33.303898, 0.0)
(23.673738, 33.280838, 0.0)
(23.678635, 33.263226, 0.0)
(23.697420, 33.248375, 0.0)
(23.711395, 33.233234, 0.0)
(23.732807, 33.196854, 0.0)
(27.512604, 30.228563, 0.0)
(32.125843, 28.575565, 0.0)
(34.718639, 28.438253, 0.0)
(34.834675, 28.280685, 0.0)
(34.839275, 28.272173, 0.0)
(34.849930, 28.207607, 0.0)
(35.317787, 27.737814, 0.0)
(35.361385, 27.501249, 0.0)
(35.390560, 27.476154, 0.0)
(35.395344, 27.443005, 0.0)
(35.399670, 27.412491, 0.0)
(35.391872, 27.424795, 0.0)
(35.384972, 27.419182, 0.0)
(35.374943, 27.423824, 0.0)
(35.348747, 27.406410, 0.0)
(35.324566, 27.412085, 0.0)
(35.299797, 27.380604, 0.0)
(35.286194, 27.395205, 0.0)
(35.277374, 27.426971, 0.0)
(35.257614, 27.407169, 0.0)
(35.254444, 27.385544, 0.0)
(35.207016, 27.372128, 0.0)
(35.200535, 27.372263, 0.0)
(35.180340, 27.356853, 0.0)
(35.153641, 27.353790, 0.0)
(34.933903, 27.358273, 0.0)
(34.919552, 27.333460, 0.0)
(34.933483, 27.326523, 0.0)
(34.939598, 27.306034, 0.0)
(34.937130, 27.319159, 0.0)
(34.932129, 27.339458, 0.0)
(35.082130, 27.474010, 0.0)
(35.150974, 27.605625, 0.0)
(35.142170, 27.612370, 0.0)
(35.136913, 27.631218, 0.0)
(35.121700, 27.636627, 0.0)
(35.122311, 27.679329, 0.0)
(34.249359, 27.961752, 0.0)
(30.055548, 30.888306, 0.0)
(27.601515, 33.906883, 0.0)
(27.481939, 34.115112, 0.0)
(27.485758, 34.145550, 0.0)
(27.464571, 34.166245, 0.0)
(27.444010, 34.200974, 0.0)
(27.457584, 34.243958, 0.0)
(27.414206, 33.482029, 0.0)
(27.411394, 33.384026, 0.0)
(27.405342, 33.423832, 0.0)
(27.383062, 33.420593, 0.0)
(27.357830, 33.417973, 0.0)
(27.348484, 33.410194, 0.0)
(27.360785, 33.389793, 0.0)
(27.360950, 33.357479, 0.0)
(27.342113, 33.358696, 0.0)
(27.229933, 33.210503, 0.0)
(27.477318, 35.022884, 0.0)
(27.125250, 34.905659, 0.0)
(27.051235, 33.554543, 0.0)
(27.037737, 32.850365, 0.0)
(27.089447, 32.760277, 0.0)
(27.148518, 32.812630, 0.0)
(27.180620, 32.780117, 0.0)
(27.175535, 32.812656, 0.0)
(27.202642, 32.829517, 0.0)
(27.191641, 32.835594, 0.0)
(27.221617, 32.850868, 0.0)
(27.240376, 32.835995, 0.0)
(27.272217, 32.838966, 0.0)
(27.274210, 32.840462, 0.0)
(27.291359, 32.823780, 0.0)
(27.295830, 32.808235, 0.0)
(27.302650, 32.784325, 0.0)
(28.588692, 32.011757, 0.0)
(33.388340, 29.941578, 0.0)
(35.854156, 29.862835, 0.0)
(35.976879, 29.761292, 0.0)
(36.017719, 29.769812, 0.0)
(36.024216, 29.785696, 0.0)
(36.066856, 29.786173, 0.0)
(36.087879, 29.342064, 0.0)
(36.079693, 29.305805, 0.0)
(36.083855, 29.342890, 0.0)
(36.054092, 29.338795, 0.0)
(36.059303, 29.354361, 0.0)
(36.051201, 29.366648, 0.0)
(36.025146, 29.385569, 0.0)
(36.012905, 29.424448, 0.0)
(35.992393, 29.466469, 0.0)
(35.966995, 29.524136, 0.0)
(35.974018, 29.565107, 0.0)
(35.926876, 29.536461, 0.0)
(35.917973, 29.556238, 0.0)
(35.899506, 29.549122, 0.0)
(35.888515, 29.604771, 0.0)
(35.883858, 29.630203, 0.0)
(35.873314, 29.655949, 0.0)
(35.875790, 29.654144, 0.0)
(35.878357, 29.625868, 0.0)
(35.866795, 29.606812, 0.0)
(35.868294, 29.603928, 0.0)
(35.849991, 29.598621, 0.0)
(35.845039, 29.612022, 0.0)
(35.843941, 29.600355, 0.0)
(35.832104, 29.580118, 0.0)
(35.838547, 29.536358, 0.0)
(35.820816, 29.499876, 0.0)
(35.805046, 29.480028, 0.0)
(35.801857, 29.460402, 0.0)
(35.789940, 29.472654, 0.0)
(35.797928, 29.504845, 0.0)
(35.810272, 29.586012, 0.0)
(37.556122, 34.351917, 0.0)
(37.991024, 37.017677, 0.0)
(37.986752, 37.099606, 0.0)
(37.977169, 37.054859, 0.0)
(37.981941, 37.086498, 0.0)
(38.306652, 37.428528, 0.0)
(38.316425, 37.490017, 0.0)
(38.307259, 37.485203, 0.0)
(38.328358, 37.471546, 0.0)
(38.338028, 37.462051, 0.0)
(38.330376, 37.460552, 0.0)
(38.321835, 37.491196, 0.0)
(38.307980, 37.484352, 0.0)
(38.304039, 37.494041, 0.0)
(38.298534, 37.466232, 0.0)
(38.291477, 37.452862, 0.0)
(38.273895, 37.427601, 0.0)
(38.268257, 37.421623, 0.0)
(38.266045, 37.413609, 0.0)
(38.264862, 37.409523, 0.0)
(38.269089, 37.378185, 0.0)
(38.263283, 37.376144, 0.0)
(38.250118, 37.371471, 0.0)
(38.242001, 37.404629, 0.0)
(38.220058, 37.395233, 0.0)
(38.227951, 37.388660, 0.0)
(38.254326, 37.382332, 0.0)
(38.254799, 37.380486, 0.0)
(38.246662, 37.386536, 0.0)
(38.248199, 37.385754, 0.0)
(38.236168, 37.401432, 0.0)
(38.232380, 37.429504, 0.0)
(38.220772, 37.442650, 0.0)
(38.211388, 37.484192, 0.0)
(38.212360, 37.487358, 0.0)
(38.207119, 37.483673, 0.0)
(38.214203, 37.542774, 0.0)
(38.212105, 32.948933, 0.0)
(37.498428, 29.718325, 0.0)
(37.433006, 29.530264, 0.0)
(37.457478, 29.611988, 0.0)
(37.456646, 29.690264, 0.0)
(37.232464, 29.174809, 0.0)
(37.221405, 29.148548, 0.0)
(37.247265, 29.211489, 0.0)
(37.232414, 29.253527, 0.0)
(37.213715, 29.299826, 0.0)
(37.205616, 29.321754, 0.0)
(37.211369, 29.310078, 0.0)
(37.183002, 29.310209, 0.0)
(37.174873, 29.295029, 0.0)
(37.162045, 29.300524, 0.0)
(37.149380, 29.266159, 0.0)
(37.123325, 29.236988, 0.0)
(37.125477, 29.210449, 0.0)
(37.123398, 29.184650, 0.0)
(37.099438, 29.128204, 0.0)
(37.085892, 29.055080, 0.0)
(37.087006, 29.057671, 0.0)
(37.072674, 29.086916, 0.0)
(37.096394, 29.087570, 0.0)
(37.096638, 29.080549, 0.0)
(37.095112, 29.075907, 0.0)
(37.073116, 29.049894, 0.0)
(37.062492, 29.039240, 0.0)
(37.061649, 29.035122, 0.0)
(37.058437, 29.032032, 0.0)
(37.062531, 29.029825, 0.0)
(37.053383, 29.016752, 0.0)
(37.041054, 29.002501, 0.0)
(37.034153, 28.978758, 0.0)
(37.034660, 28.960966, 0.0)
(37.028969, 28.958723, 0.0)
(37.023808, 28.958950, 0.0)
(37.034306, 28.926785, 0.0)
(34.873226, 30.727583, 0.0)
(32.827404, 34.343914, 0.0)
(32.457638, 35.574799, 0.0)
(32.478226, 35.774788, 0.0)
(32.489891, 35.711182, 0.0)
(32.500389, 35.723652, 0.0)
(32.508400, 35.687351, 0.0)
(32.506805, 35.661354, 0.0)
(32.525066, 35.691807, 0.0)
(32.511509, 35.668526, 0.0)
(32.499153, 35.604626, 0.0)
(32.498791, 35.633724, 0.0)
(32.496372, 35.620201, 0.0)
(32.453903, 35.681732, 0.0)
(32.462620, 35.763218, 0.0)
(32.425144, 35.821323, 0.0)
(32.408028, 35.859711, 0.0)
(32.423695, 35.876156, 0.0)
(32.412720, 35.887947, 0.0)
(32.416927, 35.865200, 0.0)
(32.391628, 35.916466, 0.0)
(32.352638, 35.926720, 0.0)
(32.333992, 35.975437, 0.0)
(32.320496, 36.018169, 0.0)
(32.319233, 36.052471, 0.0)
(32.310326, 36.079670, 0.0)
(32.313446, 36.102810, 0.0)
(32.307991, 36.134445, 0.0)
(32.284504, 36.159267, 0.0)
(32.273075, 36.238514, 0.0)
(32.268276, 36.259697, 0.0)
(32.245670, 36.287754, 0.0)
(32.225880, 36.310268, 0.0)
(32.214638, 36.315868, 0.0)
(32.202000, 36.336426, 0.0)
(32.188412, 36.307396, 0.0)
(32.186638, 36.294083, 0.0)
(32.213005, 36.277290, 0.0)
(32.180370, 36.258507, 0.0)
(32.569763, 38.604450, 0.0)
(32.583893, 39.098892, 0.0)
(32.511448, 39.057537, 0.0)
(32.510651, 39.080685, 0.0)
(32.511551, 39.091595, 0.0)
(32.512478, 39.071507, 0.0)
(32.510921, 39.096142, 0.0)
(32.506405, 39.114201, 0.0)
(32.497078, 39.095387, 0.0)
(32.516705, 39.056175, 0.0)
(32.516788, 39.048473, 0.0)
(32.501713, 39.054417, 0.0)
(32.512596, 39.050865, 0.0)
(32.506786, 39.058510, 0.0)
(32.523888, 39.038330, 0.0)
(32.507568, 39.041519, 0.0)
(32.505726, 39.012867, 0.0)
(32.496128, 38.996471, 0.0)
(32.495800, 38.989567, 0.0)
(32.500549, 38.988773, 0.0)
(32.506294, 38.973080, 0.0)
(32.508106, 38.977310, 0.0)
(32.529709, 38.944607, 0.0)
(32.550426, 38.917194, 0.0)
(32.564976, 38.875927, 0.0)
(32.567207, 38.868118, 0.0)
(32.564503, 38.828644, 0.0)
(32.564075, 38.814747, 0.0)
(32.534336, 38.777557, 0.0)
(32.511875, 38.720917, 0.0)
(32.494591, 38.661171, 0.0)
(32.487026, 38.622128, 0.0)
(32.492268, 38.645309, 0.0)
(32.485985, 38.629528, 0.0)
(32.495266, 38.608578, 0.0)
(32.496853, 38.584087, 0.0)
(32.499844, 38.531330, 0.0)
(32.485340, 38.585724, 0.0)
(32.287014, 38.171082, 0.0)
(30.892532, 31.974443, 0.0)
(30.214159, 28.989824, 0.0)
(30.218792, 28.960325, 0.0)
(30.229351, 29.044672, 0.0)
(30.209652, 29.073467, 0.0)
(30.202339, 29.117735, 0.0)
(30.284185, 29.219162, 0.0)
(34.867832, 32.396793, 0.0)
(38.033756, 35.540829, 0.0)
(39.838959, 37.917240, 0.0)
(40.056900, 38.452160, 0.0)
(40.047279, 38.469475, 0.0)
(40.056656, 38.468002, 0.0)
(40.059837, 38.486782, 0.0)
(40.069912, 38.443851, 0.0)
(40.082928, 38.344002, 0.0)
(40.215359, 38.771492, 0.0)
(40.255302, 38.711025, 0.0)
(40.238998, 38.665359, 0.0)
(40.226826, 38.592751, 0.0)
(40.214676, 38.587875, 0.0)
(40.216648, 38.598911, 0.0)
(40.213486, 38.623291, 0.0)
(40.207428, 38.626598, 0.0)
(40.208206, 38.587360, 0.0)
(39.699970, 37.559612, 0.0)
(39.606277, 37.329334, 0.0)
(39.615353, 37.311932, 0.0)
(39.604595, 37.323360, 0.0)
(39.599060, 37.344154, 0.0)
(39.582642, 37.289070, 0.0)
(39.583481, 37.283627, 0.0)
(39.572086, 37.281830, 0.0)
(39.582806, 37.276867, 0.0)
(37.886391, 35.872555, 0.0)
(32.956757, 32.934780, 0.0)
(28.732901, 32.268314, 0.0)
(28.023853, 32.220985, 0.0)
(28.003042, 32.216640, 0.0)
(28.053749, 32.228733, 0.0)
(28.064341, 32.255283, 0.0)
(27.325211, 32.336910, 0.0)
(27.214167, 32.321995, 0.0)
(27.229961, 32.330521, 0.0)
(27.242147, 32.341110, 0.0)
(27.245451, 32.334595, 0.0)
(27.250402, 32.314247, 0.0)
(27.245728, 32.321167, 0.0)
(27.235218, 32.306084, 0.0)
(27.263779, 32.272148, 0.0)
(27.272730, 32.282055, 0.0)
(27.034851, 32.260387, 0.0)
(26.925682, 32.114681, 0.0)
(26.934134, 32.073685, 0.0)
(26.940559, 32.028255, 0.0)
(26.928467, 32.038353, 0.0)
(26.943972, 32.039722, 0.0)
(26.937988, 32.044212, 0.0)
(26.946405, 32.057034, 0.0)
(26.943537, 32.052624, 0.0)
(26.938150, 32.040768, 0.0)
(26.950659, 32.036301, 0.0)
(26.947924, 32.005245, 0.0)
(26.941376, 32.005764, 0.0)
(26.949888, 32.022831, 0.0)
(26.959366, 32.029327, 0.0)
(26.966124, 32.020451, 0.0)
(26.936331, 32.035294, 0.0)
(26.942669, 32.041176, 0.0)
(26.936909, 32.048363, 0.0)
(26.936808, 32.071106, 0.0)
(26.944714, 32.081810, 0.0)
(30.725290, 35.632923, 0.0)
(34.034683, 39.670204, 0.0)
(34.356346, 40.259148, 0.0)
(34.375423, 40.233494, 0.0)
(34.346058, 40.272427, 0.0)
(34.337303, 40.314098, 0.0)
(34.615513, 40.399181, 0.0)
(34.673813, 40.394360, 0.0)
(34.669086, 40.392227, 0.0)
(34.682011, 40.375664, 0.0)
(34.670280, 40.370872, 0.0)
(34.660301, 40.395237, 0.0)
(34.657722, 40.405922, 0.0)
(34.637878, 40.440311, 0.0)
(34.611645, 40.420155, 0.0)
(34.616295, 40.445389, 0.0)
(34.624142, 40.443535, 0.0)
(34.642643, 40.413834, 0.0)
(34.630451, 40.385906, 0.0)
(34.644638, 40.369232, 0.0)
(34.612778, 40.319302, 0.0)
(34.599918, 40.271587, 0.0)
(34.618885, 40.255371, 0.0)
(34.612881, 40.247829, 0.0)
(34.595543, 40.270138, 0.0)
(34.594872, 40.261753, 0.0)
(34.595295, 40.296467, 0.0)
(34.587864, 40.274853, 0.0)
(34.585583, 40.274063, 0.0)
(34.576828, 40.243073, 0.0)
(34.573929, 40.240421, 0.0)
(34.600864, 40.240566, 0.0)
(34.596218, 40.240868, 0.0)
(34.585239, 40.220493, 0.0)
(34.598980, 40.259151, 0.0)
(34.592419, 40.228531, 0.0)
(34.572506, 40.244858, 0.0)
(33.147156, 40.071587, 0.0)
(29.128284, 39.106503, 0.0)
(28.481480, 39.029118, 0.0)
(28.423220, 39.052441, 0.0)
(28.423031, 39.056412, 0.0)
(28.443432, 39.068371, 0.0)
(28.467110, 39.078705, 0.0)
(28.472185, 39.062721, 0.0)
(28.495663, 39.059647, 0.0)
(28.074900, 38.872890, 0.0)
(28.050316, 38.846825, 0.0)
(28.046257, 38.820496, 0.0)
(28.049545, 38.812443, 0.0)
(28.062857, 38.798504, 0.0)
(28.077965, 38.700100, 0.0)
(28.068508, 38.706318, 0.0)
(28.045748, 38.706696, 0.0)
(28.049511, 38.692287, 0.0)
(28.021790, 38.746838, 0.0)
(28.029785, 38.734009, 0.0)
(27.998487, 38.720016, 0.0)
(28.010710, 38.675789, 0.0)
(28.018000, 38.659626, 0.0)
(28.044601, 38.627254, 0.0)
(28.043421, 38.636345, 0.0)
(28.053259, 38.620541, 0.0)
(28.041256, 38.691402, 0.0)
(28.046659, 38.685162, 0.0)
(28.054024, 38.758564, 0.0)
(28.063265, 38.804775, 0.0)
(28.044928, 38.821693, 0.0)
(28.051500, 38.816208, 0.0)
(28.054691, 38.823368, 0.0)
(28.060221, 38.832104, 0.0)
(28.041323, 38.911880, 0.0)
(28.060349, 38.955601, 0.0)
(28.074455, 38.972488, 0.0)
(28.081684, 38.950981, 0.0)
(31.124245, 34.869987, 0.0)
(35.170685, 32.138260, 0.0)
(37.991123, 31.706533, 0.0)
(38.903488, 31.950180, 0.0)
(39.033073, 31.952681, 0.0)
(39.067402, 31.969481, 0.0)
(40.060520, 31.968428, 0.0)
(40.172443, 31.859867, 0.0)
(40.194679, 31.884144, 0.0)
(40.159821, 31.796108, 0.0)
(40.144878, 31.785597, 0.0)
(40.100277, 31.716053, 0.0)
(40.081314, 31.657179, 0.0)
(40.116390, 31.624924, 0.0)
(40.072018, 31.576630, 0.0)
(40.064941, 31.591190, 0.0)
(40.299950, 31.847603, 0.0)
(40.275379, 31.838894, 0.0)
(40.281231, 31.839642, 0.0)
(40.281113, 31.794132, 0.0)
(40.253296, 31.737726, 0.0)
(40.236668, 31.745268, 0.0)
(40.212124, 31.754501, 0.0)
(40.187237, 31.741457, 0.0)
(40.161942, 31.729071, 0.0)
(40.160702, 31.732958, 0.0)
(40.143959, 31.730116, 0.0)
(40.147491, 31.732414, 0.0)
(40.122364, 31.731756, 0.0)
(40.108528, 31.726217, 0.0)
(40.107746, 31.707344, 0.0)
(40.077301, 31.630615, 0.0)
(40.052593, 31.611563, 0.0)
(40.040558, 31.604053, 0.0)
(40.029133, 31.611076, 0.0)
(40.013409, 31.589539, 0.0)
(39.773617, 31.492384, 0.0)
(35.336601, 28.925272, 0.0)
(33.287552, 28.263197, 0.0)
(33.446152, 28.275518, 0.0)
(33.605846, 28.286940, 0.0)
(33.649658, 28.291370, 0.0)
(33.660103, 28.295572, 0.0)
(33.736526, 28.275923, 0.0)
(33.359734, 28.296999, 0.0)
(33.346161, 28.271648, 0.0)
(33.040058, 28.304295, 0.0)
(33.594402, 28.967556, 0.0)
(33.183636, 27.863415, 0.0)
(33.195747, 27.795647, 0.0)
(33.252705, 27.890463, 0.0)
(33.302521, 27.875210, 0.0)
(33.302490, 27.938688, 0.0)
(33.325459, 27.915018, 0.0)
(33.204388, 28.024229, 0.0)
(33.194408, 28.043537, 0.0)
(33.183140, 28.083101, 0.0)
(33.190941, 28.119955, 0.0)
(33.208141, 28.143101, 0.0)
(33.202705, 28.156696, 0.0)
(33.213852, 28.164839, 0.0)
(33.226048, 28.185144, 0.0)
(33.222118, 28.190567, 0.0)
(33.229069, 28.214663, 0.0)
(33.219261, 28.242395, 0.0)
(33.215363, 28.237362, 0.0)
(33.200043, 28.261997, 0.0)
(33.183620, 28.296011, 0.0)
(33.179760, 28.324966, 0.0)
(33.176041, 28.344929, 0.0)
(33.170509, 28.368799, 0.0)
(33.169811, 28.395481, 0.0)
(33.167770, 28.406498, 0.0)
(33.172447, 28.422009, 0.0)
(33.151283, 28.464144, 0.0)
(36.455383, 32.121517, 0.0)
(38.610130, 36.993118, 0.0)
(38.860744, 38.803806, 0.0)
(38.824436, 38.868546, 0.0)
(38.808628, 38.852631, 0.0)
(38.815575, 38.840549, 0.0)
(38.815830, 38.829319, 0.0)
(38.823883, 38.857918, 0.0)
(38.849728, 38.793331, 0.0)
(38.871849, 38.789761, 0.0)
(38.882343, 38.783272, 0.0)
(38.878490, 38.772297, 0.0)
(38.873119, 38.756573, 0.0)
(38.645359, 38.115517, 0.0)
(38.643120, 37.869576, 0.0)
(38.662762, 37.835133, 0.0)
(38.643055, 37.818928, 0.0)
(38.640064, 37.806900, 0.0)
(38.622944, 37.798222, 0.0)
(38.615898, 37.816940, 0.0)
(38.619400, 37.805450, 0.0)
(38.616074, 37.805737, 0.0)
(38.611572, 37.792927, 0.0)
(38.609409, 37.779255, 0.0)
(38.610123, 37.783195, 0.0)
(38.606831, 37.778717, 0.0)
(38.616619, 37.763538, 0.0)
(38.608994, 37.757149, 0.0)
(38.603405, 37.758572, 0.0)
(38.620079, 37.732445, 0.0)
(38.621227, 37.731197, 0.0)
(38.626240, 37.708096, 0.0)
(38.601700, 37.689793, 0.0)
(38.621258, 37.681480, 0.0)
(38.604729, 37.660248, 0.0)
(38.600147, 37.658535, 0.0)
(36.521255, 37.199841, 0.0)
(32.022491, 37.287792, 0.0)
(30.558878, 37.629192, 0.0)
(30.522987, 37.644958, 0.0)
(30.557249, 37.642090, 0.0)
(30.564417, 37.628227, 0.0)
(30.564217, 37.643120, 0.0)
(30.557178, 37.648159, 0.0)
(30.556313, 37.637375, 0.0)
(30.226685, 37.336208, 0.0)
(30.193899, 37.319939, 0.0)
(30.206348, 37.314426, 0.0)
(30.227438, 37.305237, 0.0)
(30.228483, 37.305038, 0.0)
(30.231890, 37.292862, 0.0)
(30.214962, 37.311100, 0.0)
(30.234612, 37.290920, 0.0)
(30.230427, 37.272095, 0.0)
(30.223579, 37.297947, 0.0)
(30.223362, 37.275360, 0.0)
(30.209713, 37.273266, 0.0)
(30.199978, 37.300995, 0.0)
(30.184061, 37.300884, 0.0)
(30.175970, 37.329556, 0.0)
(30.182129, 37.338402, 0.0)
(30.183109, 37.343315, 0.0)
(30.158649, 37.343140, 0.0)
(30.156357, 37.398037, 0.0)
(30.138243, 37.438606, 0.0)
(30.126318, 37.438976, 0.0)
(30.109972, 37.444126, 0.0)
(30.119701, 37.465679, 0.0)
(30.114704, 37.477840, 0.0)
(30.098347, 37.553188, 0.0)
(30.111330, 37.541985, 0.0)
(30.099922, 37.572418, 0.0)
(30.600300, 34.303097, 0.0)
(31.228542, 29.879650, 0.0)
(31.447962, 29.429504, 0.0)
(31.439432, 29.465956, 0.0)
(31.347471, 29.491566, 0.0)
(31.339756, 29.527485, 0.0)
(31.329754, 29.501865, 0.0)
(31.386114, 29.486589, 0.0)
(31.385260, 29.471687, 0.0)
(31.607843, 29.398037, 0.0)
(31.606205, 29.389004, 0.0)
(31.626293, 29.362886, 0.0)
(31.616098, 29.363964, 0.0)
(31.591927, 29.328363, 0.0)
(31.585531, 29.312357, 0.0)
(31.604887, 29.271593, 0.0)
(31.598177, 29.278387, 0.0)
(31.441944, 29.365845, 0.0)
(31.422380, 29.382078, 0.0)
(31.433588, 29.352425, 0.0)
(31.416592, 29.317877, 0.0)
(31.424534, 29.318356, 0.0)
(31.423355, 29.311226, 0.0)
(31.426508, 29.301497, 0.0)
(31.431416, 29.299980, 0.0)
(31.421986, 29.321058, 0.0)
(31.421778, 29.327314, 0.0)
(31.424810, 29.327251, 0.0)
(31.433567, 29.303476, 0.0)
(31.431416, 29.299980, 0.0)
(31.449997, 29.318884, 0.0)
(31.434206, 29.311174, 0.0)
(31.421761, 29.266512, 0.0)
(31.425755, 29.285984, 0.0)
(31.416365, 29.275053, 0.0)
(31.431955, 29.253691, 0.0)
(31.433466, 29.243979, 0.0)
(31.436310, 29.242186, 0.0)
(31.291525, 29.263174, 0.0)
(26.648367, 29.249550, 0.0)
(23.668949, 30.152548, 0.0)
(23.036596, 30.399614, 0.0)
(22.987804, 30.384388, 0.0)
(22.960094, 30.387491, 0.0)
(22.941864, 30.378628, 0.0)
(22.502258, 30.523273, 0.0)
(22.452896, 30.501287, 0.0)
(22.496756, 30.489304, 0.0)
(22.501173, 30.487400, 0.0)
(22.512274, 30.482517, 0.0)
(22.521656, 30.465029, 0.0)
(22.582674, 30.466829, 0.0)
(22.590727, 30.433638, 0.0)
(22.566910, 30.423651, 0.0)
(22.574547, 30.425421, 0.0)
(22.587708, 30.442480, 0.0)
(22.581226, 30.450024, 0.0)
(22.591166, 30.469191, 0.0)
(22.590754, 30.461819, 0.0)
(22.204462, 31.465193, 0.0)
(22.079002, 32.582054, 0.0)
(22.560669, 30.713333, 0.0)
(22.601122, 30.191620, 0.0)
(22.628536, 30.282141, 0.0)
(22.701384, 30.350624, 0.0)
(22.708019, 30.380249, 0.0)
(22.730663, 30.410624, 0.0)
(22.729830, 30.442869, 0.0)
(22.759260, 30.457752, 0.0)
(22.757162, 30.448090, 0.0)
(22.740429, 30.467150, 0.0)
(22.755630, 30.469355, 0.0)
(22.786186, 30.512903, 0.0)
(22.796743, 30.551424, 0.0)
(22.877058, 30.661989, 0.0)
(26.181068, 33.975815, 0.0)
(27.778973, 36.431072, 0.0)
(27.817238, 36.529884, 0.0)
(27.783421, 36.569576, 0.0)
(27.774277, 36.565819, 0.0)
(27.767326, 36.615685, 0.0)
(27.782612, 36.656822, 0.0)
(27.769939, 36.691784, 0.0)
(27.781914, 36.668827, 0.0)
(27.774347, 36.680656, 0.0)
(27.798254, 36.657616, 0.0)
(27.806149, 36.673626, 0.0)
(27.808771, 36.655182, 0.0)
(27.812349, 36.652447, 0.0)
(27.808781, 36.628750, 0.0)
(27.801023, 36.610111, 0.0)
(27.779106, 36.564449, 0.0)
(27.770147, 36.536190, 0.0)
(27.743002, 36.529972, 0.0)
(27.723808, 36.484123, 0.0)
(27.685989, 36.427380, 0.0)
(27.693331, 36.441311, 0.0)
(27.697325, 36.437061, 0.0)
(27.711115, 36.446564, 0.0)
(27.712307, 36.455738, 0.0)
(27.706274, 36.462650, 0.0)
(27.698675, 36.492386, 0.0)
(27.691681, 36.463520, 0.0)
(27.689835, 36.440525, 0.0)
(27.696959, 36.433304, 0.0)
(27.703142, 36.433449, 0.0)
(27.694567, 36.394932, 0.0)
(27.678642, 36.439865, 0.0)
(27.684153, 36.389912, 0.0)
(27.685322, 36.432808, 0.0)
(27.682482, 36.410038, 0.0)
(27.744356, 36.399109, 0.0)
(29.395279, 31.848497, 0.0)
(31.117380, 28.915751, 0.0)
(31.455660, 28.546909, 0.0)
(31.511641, 28.568314, 0.0)
(31.502304, 28.573515, 0.0)
(31.500607, 28.567369, 0.0)
(31.464382, 28.539402, 0.0)
(31.464876, 28.150314, 0.0)
(31.466732, 28.082487, 0.0)
(31.452793, 28.074074, 0.0)
(31.427259, 28.050968, 0.0)
(31.451859, 28.050392, 0.0)
(31.422737, 28.051624, 0.0)
(31.353067, 28.047132, 0.0)
(31.320326, 28.040691, 0.0)
(31.330940, 28.070812, 0.0)
(31.305616, 28.075626, 0.0)
(31.336367, 28.146988, 0.0)
(31.312475, 28.179586, 0.0)
(31.316435, 28.213306, 0.0)
(31.320490, 28.219896, 0.0)
(31.314600, 28.239052, 0.0)
(31.310013, 28.285112, 0.0)
(31.315691, 28.325737, 0.0)
(31.319901, 28.368351, 0.0)
(31.321552, 28.385042, 0.0)
(31.329847, 28.429245, 0.0)
(31.321339, 28.442904, 0.0)
(31.322317, 28.459557, 0.0)
(31.326050, 28.495064, 0.0)
(31.343781, 28.554277, 0.0)
(31.329601, 28.555582, 0.0)
(31.323994, 28.497606, 0.0)
(31.321178, 28.481422, 0.0)
(31.330404, 28.456669, 0.0)
(31.318232, 28.426592, 0.0)
(31.300243, 28.421515, 0.0)
(31.994099, 31.378635, 0.0)
(32.309025, 34.305828, 0.0)
(32.219860, 34.347507, 0.0)
(32.198856, 34.331173, 0.0)
(32.178280, 34.306789, 0.0)
(32.153706, 34.304398, 0.0)
(32.144878, 34.299652, 0.0)
(32.063560, 33.487221, 0.0)
(32.030914, 33.426434, 0.0)
(32.039009, 33.448559, 0.0)
(32.038261, 33.470215, 0.0)
(32.039379, 33.434692, 0.0)
(32.042984, 33.430027, 0.0)
(32.042179, 33.426285, 0.0)
(32.054623, 33.435558, 0.0)
(32.065796, 33.434166, 0.0)
(32.066399, 33.432400, 0.0)
(32.071232, 33.436298, 0.0)
(32.065765, 33.413918, 0.0)
(32.057602, 33.381836, 0.0)
(32.049576, 33.381149, 0.0)
(32.047592, 33.363262, 0.0)
(32.055851, 33.355553, 0.0)
(32.053970, 33.359409, 0.0)
(32.051788, 33.348312, 0.0)
(32.046967, 33.335716, 0.0)
(32.044361, 33.342339, 0.0)
(32.050278, 33.351765, 0.0)
(32.051872, 33.379589, 0.0)
(32.066956, 33.383823, 0.0)
(32.057621, 33.374233, 0.0)
(32.074192, 33.378361, 0.0)
(32.078026, 33.353153, 0.0)
(32.068985, 33.358162, 0.0)
(32.082134, 33.342384, 0.0)
(32.074562, 33.343105, 0.0)
(32.073139, 33.357498, 0.0)
(33.181908, 33.636177, 0.0)
(36.677872, 34.961590, 0.0)
(36.815239, 35.058979, 0.0)
(36.803429, 35.030457, 0.0)
(36.807209, 35.038124, 0.0)
(36.797493, 35.040001, 0.0)
(36.780994, 35.037975, 0.0)
(36.779919, 35.056881, 0.0)
(36.771938, 35.067181, 0.0)
(36.554855, 35.038742, 0.0)
(36.505299, 35.030056, 0.0)
(36.532429, 35.052605, 0.0)
(36.521053, 35.059647, 0.0)
(36.551140, 35.107014, 0.0)
(36.699261, 35.153858, 0.0)
(36.694351, 35.131004, 0.0)
(36.709793, 35.148415, 0.0)
(36.698402, 35.161232, 0.0)
(36.661480, 35.162346, 0.0)
(36.667976, 35.196030, 0.0)
(36.667934, 35.176903, 0.0)
(36.662117, 35.168148, 0.0)
(36.656055, 35.162766, 0.0)
(36.655338, 35.211147, 0.0)
(36.662338, 35.216961, 0.0)
(36.650356, 35.208275, 0.0)
(36.647614, 35.205750, 0.0)
(36.648396, 35.188915, 0.0)
(36.644051, 35.189056, 0.0)
(36.645916, 35.144501, 0.0)
(36.649826, 35.112671, 0.0)
(36.643269, 35.094006, 0.0)
(36.639400, 35.018425, 0.0)
(36.629204, 35.036755, 0.0)
(36.631077, 35.039223, 0.0)
(36.626717, 35.025932, 0.0)
(36.635281, 35.008980, 0.0)
(36.629768, 35.007507, 0.0)
(37.952110, 35.903431, 0.0)
(38.140759, 36.067322, 0.0)
(38.161663, 36.088539, 0.0)
(38.126858, 36.097073, 0.0)
(38.402779, 36.519138, 0.0)
(38.430958, 36.571430, 0.0)
(38.424484, 36.577511, 0.0)
(38.421780, 36.585957, 0.0)
(38.427029, 36.567204, 0.0)
(38.431675, 36.563587, 0.0)
(38.433418, 36.560387, 0.0)
(38.430603, 36.553135, 0.0)
(38.423050, 36.539425, 0.0)
(38.435787, 36.538036, 0.0)
(38.438423, 36.531036, 0.0)
(38.456612, 36.539921, 0.0)
(38.461922, 36.551464, 0.0)
(38.486897, 36.558460, 0.0)
(38.502312, 36.551895, 0.0)
(38.512703, 36.516636, 0.0)
(38.501003, 36.494537, 0.0)
(38.508411, 36.501587, 0.0)
(38.514034, 36.491978, 0.0)
(38.512245, 36.479580, 0.0)
(38.518692, 36.486820, 0.0)
(38.518841, 36.464046, 0.0)
(38.513783, 36.452324, 0.0)
(38.532043, 36.458473, 0.0)
(38.520130, 36.427269, 0.0)
(38.536316, 36.393311, 0.0)
(38.542595, 36.372059, 0.0)
(38.550449, 36.351418, 0.0)
(38.540108, 36.341160, 0.0)
(38.532593, 36.327866, 0.0)
(38.526867, 36.324814, 0.0)
(38.520130, 36.363464, 0.0)
(38.525948, 36.420357, 0.0)
(38.512981, 36.380741, 0.0)
(40.106560, 33.563457, 0.0)
(40.586674, 33.347084, 0.0)
(40.627998, 33.360786, 0.0)
(40.625229, 33.443539, 0.0)
(40.614723, 33.486198, 0.0)
(40.587944, 33.519577, 0.0)
(40.595512, 33.539276, 0.0)
(40.610950, 33.567326, 0.0)
(40.598324, 33.602402, 0.0)
(40.601555, 33.628075, 0.0)
(40.625393, 33.659645, 0.0)
(40.625580, 33.657703, 0.0)
(40.648361, 33.820587, 0.0)
(40.635361, 33.856350, 0.0)
(40.637764, 33.892673, 0.0)
(40.631260, 33.893074, 0.0)
(40.624107, 33.917904, 0.0)
(40.605686, 33.904324, 0.0)
(40.595730, 33.875206, 0.0)
(40.561333, 33.868118, 0.0)
(40.555172, 33.861019, 0.0)
(40.539845, 33.836128, 0.0)
(40.523037, 33.857933, 0.0)
(40.514614, 33.850281, 0.0)
(40.491066, 33.829346, 0.0)
(40.495079, 33.809147, 0.0)
(40.482635, 33.773891, 0.0)
(40.481998, 33.733921, 0.0)
(40.479893, 33.698853, 0.0)
(40.482979, 33.661537, 0.0)
(40.451889, 33.673912, 0.0)
(40.456623, 33.659668, 0.0)
(40.434921, 33.628452, 0.0)
(40.434158, 33.631207, 0.0)
(40.406246, 33.589886, 0.0)
(40.414787, 33.589149, 0.0)
(40.395351, 33.555828, 0.0)
(40.512428, 34.535648, 0.0)
(40.724899, 38.124500, 0.0)
(40.662216, 38.299519, 0.0)
(40.655235, 38.279823, 0.0)
(40.675289, 38.319046, 0.0)
(40.670216, 38.294815, 0.0)
(40.673786, 38.287571, 0.0)
(40.681160, 38.309597, 0.0)
(40.758671, 38.387363, 0.0)
(40.789223, 38.381866, 0.0)
(40.785091, 38.376595, 0.0)
(40.783810, 38.355984, 0.0)
(40.788151, 38.385555, 0.0)
(40.790016, 38.427895, 0.0)
(40.798031, 38.428482, 0.0)
(40.809219, 38.457901, 0.0)
(40.827042, 38.389935, 0.0)
(40.814594, 38.358315, 0.0)
(40.820141, 38.392559, 0.0)
(40.803333, 38.329716, 0.0)
(40.669712, 38.169132, 0.0)
(40.646194, 38.133976, 0.0)
(40.659676, 38.162952, 0.0)
(40.663311, 38.168736, 0.0)
(40.664146, 38.158504, 0.0)
(40.665478, 38.182209, 0.0)
(40.648785, 38.146805, 0.0)
(40.648785, 38.146805, 0.0)
(40.650105, 38.141121, 0.0)
(40.651787, 38.101479, 0.0)
(40.625244, 38.097042, 0.0)
(40.623013, 38.081543, 0.0)
(40.622780, 38.066376, 0.0)
(40.598362, 38.027374, 0.0)
(40.617477, 38.021919, 0.0)
(40.611458, 37.988022, 0.0)
(40.593052, 38.013321, 0.0)
(37.278008, 34.966671, 0.0)
(33.122330, 32.170712, 0.0)
(31.640959, 31.742332, 0.0)
(31.842297, 31.781813, 0.0)
(31.943434, 31.850138, 0.0)
(31.984255, 31.880722, 0.0)
(32.002087, 31.882364, 0.0)
(32.019314, 31.897671, 0.0)
(32.024227, 31.902308, 0.0)
(32.036263, 31.901051, 0.0)
(31.895306, 32.047752, 0.0)
(32.017498, 32.087395, 0.0)
(32.018082, 32.111546, 0.0)
(31.992008, 32.136497, 0.0)
(32.011036, 32.191708, 0.0)
(32.010529, 32.185116, 0.0)
(31.986694, 32.179066, 0.0)
(32.002766, 32.166885, 0.0)
(31.825941, 32.192905, 0.0)
(31.723347, 32.123196, 0.0)
(31.716970, 32.133507, 0.0)
(31.714504, 32.130173, 0.0)
(31.728142, 32.134083, 0.0)
(31.720972, 32.140125, 0.0)
(31.762543, 32.112598, 0.0)
(31.755365, 32.070808, 0.0)
(31.752188, 32.046436, 0.0)
(31.741161, 32.021641, 0.0)
(31.728064, 32.030571, 0.0)
(31.714499, 32.023769, 0.0)
(31.705275, 32.015968, 0.0)
(31.711590, 32.000580, 0.0)
(31.708855, 31.985929, 0.0)
(31.714254, 31.974649, 0.0)
(31.697187, 31.959587, 0.0)
(31.704250, 31.945105, 0.0)
(31.702887, 31.958685, 0.0)
(31.718340, 31.953123, 0.0)
(33.614075, 29.691505, 0.0)
(36.329102, 28.476702, 0.0)
(36.804962, 28.448973, 0.0)
(36.849030, 28.490427, 0.0)
(36.834076, 28.493999, 0.0)
(36.900826, 28.467760, 0.0)
(37.161968, 28.451141, 0.0)
(37.214985, 28.380474, 0.0)
(37.182430, 28.328026, 0.0)
(37.177055, 28.308323, 0.0)
(37.165634, 28.307369, 0.0)
(37.150810, 28.261784, 0.0)
(37.132133, 28.261726, 0.0)
(37.125771, 28.239594, 0.0)
(37.125149, 28.197855, 0.0)
(37.108608, 28.186235, 0.0)
(37.080315, 28.161028, 0.0)
(37.075188, 28.185720, 0.0)
(37.073055, 28.212801, 0.0)
(37.045189, 28.206100, 0.0)
(37.040913, 28.214933, 0.0)
(37.016033, 28.187134, 0.0)
(37.000130, 28.214184, 0.0)
(36.989689, 28.237896, 0.0)
(36.971069, 28.257416, 0.0)
(36.930347, 28.254354, 0.0)
(36.839794, 28.336969, 0.0)
(34.768616, 30.157915, 0.0)
(33.431503, 31.548346, 0.0)
(33.446842, 31.659140, 0.0)
(33.501762, 31.662783, 0.0)
(33.533398, 31.664940, 0.0)
(33.538307, 31.646429, 0.0)
(33.537159, 31.668856, 0.0)
(33.536907, 31.724743, 0.0)
(33.547245, 31.744928, 0.0)
(33.549309, 31.789869, 0.0)
(33.237633, 31.686432, 0.0)
(28.932096, 29.194399, 0.0)
(26.649509, 28.715172, 0.0)
(26.556404, 28.654194, 0.0)
(26.560059, 28.656393, 0.0)
(26.543591, 28.617657, 0.0)
(26.524950, 28.545473, 0.0)
(26.344069, 28.174480, 0.0)
(26.320168, 28.093079, 0.0)
(26.315479, 28.099913, 0.0)
(26.330404, 28.063437, 0.0)
(26.368294, 27.987959, 0.0)
(26.373186, 27.928003, 0.0)
(26.373341, 27.911272, 0.0)
(26.388849, 27.898157, 0.0)
(26.366156, 27.893631, 0.0)
(26.375174, 27.941587, 0.0)
(26.354662, 27.942736, 0.0)
(26.373617, 27.972326, 0.0)
(26.370085, 27.984102, 0.0)
(26.381363, 27.999308, 0.0)
(26.379013, 28.034397, 0.0)
(26.365934, 28.062975, 0.0)
(26.363306, 27.998259, 0.0)
(26.352869, 27.996943, 0.0)
(26.365273, 28.017931, 0.0)
(26.360296, 28.009331, 0.0)
(26.371136, 28.015804, 0.0)
(26.367138, 28.005520, 0.0)
(26.378288, 27.987366, 0.0)
(26.361448, 27.941319, 0.0)
(26.352247, 27.942698, 0.0)
(26.363739, 27.953445, 0.0)
(26.353392, 27.936802, 0.0)
(26.349945, 27.943243, 0.0)
(26.340939, 27.964563, 0.0)
(26.343250, 27.995171, 0.0)
(26.363033, 28.064989, 0.0)
(26.361063, 28.120680, 0.0)
(26.341040, 28.105871, 0.0)
(26.277712, 28.194191, 0.0)
(24.480186, 31.013584, 0.0)
(24.075745, 34.070721, 0.0)
(24.000061, 35.822624, 0.0)
(23.963100, 35.929333, 0.0)
(23.949680, 35.897095, 0.0)
(23.924286, 35.881218, 0.0)
(23.943392, 35.869183, 0.0)
(23.948755, 35.820030, 0.0)
(23.961660, 35.736736, 0.0)
(22.793713, 30.956785, 0.0)
(22.566330, 30.206402, 0.0)
(22.537863, 30.203058, 0.0)
(22.530107, 30.236309, 0.0)
(22.457119, 29.651299, 0.0)
(22.465500, 29.636099, 0.0)
(22.459686, 29.634502, 0.0)
(22.444242, 29.647884, 0.0)
(22.468019, 29.624958, 0.0)
(22.457460, 29.629181, 0.0)
(22.454580, 29.628469, 0.0)
(22.418785, 29.584436, 0.0)
(22.392595, 29.619555, 0.0)
(22.364441, 29.637793, 0.0)
(22.380800, 29.607670, 0.0)
(22.377722, 29.597345, 0.0)
(22.356802, 29.598598, 0.0)
(22.351673, 29.619709, 0.0)
(22.353439, 29.683064, 0.0)
(22.359953, 29.701155, 0.0)
(22.340858, 29.718937, 0.0)
(22.346855, 29.717199, 0.0)
(22.327610, 29.765356, 0.0)
(22.331156, 29.794811, 0.0)
(22.316465, 29.811426, 0.0)
(22.337303, 29.811529, 0.0)
(23.090218, 30.511469, 0.0)
(25.784525, 34.961212, 0.0)
(28.061087, 38.875935, 0.0)
(28.332861, 39.759521, 0.0)
(28.378330, 39.975410, 0.0)
(28.365435, 39.975231, 0.0)
(28.339029, 39.978100, 0.0)
(28.314783, 40.004364, 0.0)
(28.415749, 40.078682, 0.0)
(28.537405, 40.496574, 0.0)
(28.566427, 40.510918, 0.0)
(28.535736, 40.492016, 0.0)
(28.569866, 40.483917, 0.0)
(28.544159, 40.457050, 0.0)
(28.522169, 40.410648, 0.0)
(28.520004, 40.431099, 0.0)
(28.522764, 40.460026, 0.0)
(28.499344, 40.543858, 0.0)
(28.480347, 40.546444, 0.0)
(28.492395, 40.567036, 0.0)
(28.498840, 40.501808, 0.0)
(28.519903, 40.447025, 0.0)
(28.500225, 40.405666, 0.0)
(28.495644, 40.341061, 0.0)
(28.514555, 40.328037, 0.0)
(28.523104, 40.308193, 0.0)
(28.501671, 40.286701, 0.0)
(28.484154, 40.306942, 0.0)
(28.528841, 40.249340, 0.0)
(28.537977, 40.224369, 0.0)
(28.532709, 40.205082, 0.0)
(28.545399, 40.205219, 0.0)
(28.550966, 40.193329, 0.0)
(28.554926, 40.154865, 0.0)
(28.550335, 40.148201, 0.0)
(28.541803, 40.117447, 0.0)
(28.551155, 40.136784, 0.0)
(26.389967, 38.316345, 0.0)
(23.500673, 35.624516, 0.0)
(23.381273, 35.567200, 0.0)
(23.389254, 35.604832, 0.0)
(23.382215, 35.630733, 0.0)
(23.353989, 35.667042, 0.0)
(23.334755, 35.675728, 0.0)
(23.348486, 35.660877, 0.0)
(23.335972, 35.672604, 0.0)
(23.346575, 35.702301, 0.0)
(23.322823, 35.774471, 0.0)
(23.441607, 35.791477, 0.0)
(23.500648, 35.832695, 0.0)
(23.510050, 35.816341, 0.0)
(23.493021, 35.767487, 0.0)
(23.466728, 35.777744, 0.0)
(23.451777, 35.782986, 0.0)
(23.454126, 35.781628, 0.0)
(23.446051, 35.809052, 0.0)
(23.459206, 35.789513, 0.0)
(23.465607, 35.738285, 0.0)
(23.441277, 35.723797, 0.0)
(23.439129, 35.724834, 0.0)
(23.455576, 35.738594, 0.0)
(23.450480, 35.774254, 0.0)
(23.446402, 35.836533, 0.0)
(23.437872, 35.887466, 0.0)
(23.442924, 35.920879, 0.0)
(23.438614, 35.906799, 0.0)
(23.436878, 35.888859, 0.0)
(23.416550, 35.864056, 0.0)
(23.398031, 35.927330, 0.0)
(23.386978, 35.982430, 0.0)
(23.390877, 35.884529, 0.0)
(23.392988, 35.827652, 0.0)
(23.406555, 35.821636, 0.0)
(23.408510, 35.767967, 0.0)
(23.426012, 35.725750, 0.0)
(22.168955, 32.866184, 0.0)
(21.212315, 30.724142, 0.0)
(21.173914, 30.548948, 0.0)
(21.135115, 30.567732, 0.0)
(21.060144, 30.484085, 0.0)
(21.042137, 30.304577, 0.0)
(20.939196, 30.089933, 0.0)
(21.026421, 29.987459, 0.0)
(21.027285, 30.035507, 0.0)
(21.037834, 30.092354, 0.0)
(21.076132, 30.149004, 0.0)
(21.122066, 30.191494, 0.0)
(21.115997, 30.249132, 0.0)
(21.107765, 30.297451, 0.0)
(21.090960, 30.401857, 0.0)
(21.079348, 30.392483, 0.0)
(21.059336, 30.328709, 0.0)
(21.044216, 30.301350, 0.0)
(21.045530, 30.322107, 0.0)
(21.040588, 30.402023, 0.0)
(21.043671, 30.460115, 0.0)
(21.037237, 30.465414, 0.0)
(21.049810, 30.449762, 0.0)
(21.062492, 30.446507, 0.0)
(21.065735, 30.443031, 0.0)
(21.073092, 30.424349, 0.0)
(21.084345, 30.375946, 0.0)
(21.081251, 30.306290, 0.0)
(21.106012, 30.282227, 0.0)
(21.110312, 30.368338, 0.0)
(21.127058, 30.429018, 0.0)
(21.145184, 30.450600, 0.0)
(21.154024, 30.418419, 0.0)
(21.179564, 30.314972, 0.0)
(21.177326, 30.275269, 0.0)
(21.174290, 30.274612, 0.0)
(21.193357, 30.292070, 0.0)
(24.190601, 29.870342, 0.0)
(29.151056, 30.038242, 0.0)
(33.792000, 32.109066, 0.0)
(37.543121, 34.502674, 0.0)
(39.236656, 36.204285, 0.0)
(39.348297, 36.250973, 0.0)
(39.366455, 36.252422, 0.0)
(40.252209, 36.980679, 0.0)
(40.499176, 37.097710, 0.0)
(40.537182, 37.129181, 0.0)
(40.517376, 37.125069, 0.0)
(40.516857, 37.173195, 0.0)
(40.497665, 37.073799, 0.0)
(40.491768, 36.990303, 0.0)
(40.525215, 37.002121, 0.0)
(40.498676, 36.937462, 0.0)
(40.489902, 36.977745, 0.0)
(40.484135, 36.985821, 0.0)
(40.478710, 37.018997, 0.0)
(40.486820, 37.060841, 0.0)
(40.498119, 37.058701, 0.0)
(40.496101, 37.055115, 0.0)
(40.489357, 37.070648, 0.0)
(40.482147, 37.036026, 0.0)
(40.578178, 36.849937, 0.0)
(40.569389, 36.607975, 0.0)
(40.552429, 36.543457, 0.0)
(40.559074, 36.532017, 0.0)
(40.545807, 36.552586, 0.0)
(40.521111, 36.562904, 0.0)
(39.844017, 35.080902, 0.0)
(40.088356, 35.221977, 0.0)
(39.373932, 33.547417, 0.0)
(39.213638, 32.840557, 0.0)
(39.214333, 32.824982, 0.0)
(39.234425, 32.855076, 0.0)
(39.273590, 32.839958, 0.0)
(39.316040, 32.875610, 0.0)
(39.332752, 32.870098, 0.0)
(39.422962, 32.042988, 0.0)
(39.569870, 30.293587, 0.0)
(39.518009, 30.269196, 0.0)
(39.495106, 30.252165, 0.0)
(39.463718, 30.262653, 0.0)
(39.696163, 30.148890, 0.0)
(39.646492, 30.093834, 0.0)
(39.612156, 30.083893, 0.0)
(39.624298, 30.137270, 0.0)
(39.572735, 30.065174, 0.0)
(39.576366, 30.028292, 0.0)
(39.614857, 30.068672, 0.0)
(39.602093, 30.052156, 0.0)
(39.638065, 30.099918, 0.0)
(39.653515, 30.120401, 0.0)
(39.632156, 30.073656, 0.0)
(39.656937, 30.075201, 0.0)
(39.653839, 30.081758, 0.0)
(39.607220, 30.106043, 0.0)
(39.588375, 30.119177, 0.0)
(39.606491, 30.110952, 0.0)
(39.570919, 30.027002, 0.0)
(39.539909, 29.991816, 0.0)
(39.540676, 29.962210, 0.0)
(39.513676, 29.922148, 0.0)
(39.522869, 29.945204, 0.0)
(39.510437, 29.959162, 0.0)
(39.476791, 29.962027, 0.0)
(39.440086, 29.945578, 0.0)
(39.431648, 29.904257, 0.0)
(39.407391, 29.961716, 0.0)
(39.406364, 30.045177, 0.0)
(39.405273, 30.153030, 0.0)
(39.390697, 30.170511, 0.0)
(39.396145, 30.220272, 0.0)
(39.232399, 30.107670, 0.0)
(34.491127, 27.987814, 0.0)
(30.107399, 27.940996, 0.0)
(26.877106, 28.853916, 0.0)
(26.530140, 29.004433, 0.0)
(26.596624, 28.967581, 0.0)
(26.633905, 28.932377, 0.0)
(26.635691, 28.954117, 0.0)
(26.372931, 29.448742, 0.0)
(26.365740, 29.505819, 0.0)
(26.369583, 29.486097, 0.0)
(26.361029, 29.460789, 0.0)
(26.373289, 29.429018, 0.0)
(26.375872, 29.409054, 0.0)
(26.372028, 29.398697, 0.0)
(26.371399, 29.422131, 0.0)
(26.379196, 29.429638, 0.0)
(26.379570, 29.404566, 0.0)
(26.384203, 29.394171, 0.0)
(26.379805, 29.415211, 0.0)
(26.349173, 29.364635, 0.0)
(26.085588, 29.464746, 0.0)
(25.552111, 30.941147, 0.0)
(25.842857, 29.483547, 0.0)
(25.982977, 29.003889, 0.0)
(26.017458, 29.067484, 0.0)
(26.049833, 29.120699, 0.0)
(26.052031, 29.126566, 0.0)
(26.047100, 29.139725, 0.0)
(26.053759, 29.161522, 0.0)
(26.061552, 29.165699, 0.0)
(26.048136, 29.188322, 0.0)
(26.060041, 29.209969, 0.0)
(26.055407, 29.212152, 0.0)
(26.063078, 29.250914, 0.0)
(26.068840, 29.266575, 0.0)
(26.074612, 29.259880, 0.0)
(26.088223, 29.244751, 0.0)
(29.955557, 30.437021, 0.0)
(31.298561, 31.374962, 0.0)
(31.336887, 31.371685, 0.0)
(31.325300, 31.375013, 0.0)
(31.320246, 31.366575, 0.0)
(31.312843, 31.341753, 0.0)
(31.311220, 31.292889, 0.0)
(31.502569, 30.966084, 0.0)
(31.495583, 30.892307, 0.0)
(31.526508, 30.917961, 0.0)
(31.532000, 30.929014, 0.0)
(31.527897, 30.913326, 0.0)
(31.533798, 30.908888, 0.0)
(31.527737, 30.896168, 0.0)
(31.525272, 30.862625, 0.0)
(31.518011, 30.864101, 0.0)
(31.529491, 30.861471, 0.0)
(31.522070, 30.820454, 0.0)
(31.497992, 30.832369, 0.0)
(31.499063, 30.783800, 0.0)
(31.482382, 30.781765, 0.0)
(31.468287, 30.786493, 0.0)
(31.441307, 30.787567, 0.0)
(31.441078, 30.801233, 0.0)
(31.432844, 30.832806, 0.0)
(31.461212, 30.853491, 0.0)
(31.453934, 30.871115, 0.0)
(31.449772, 30.871183, 0.0)
(31.448385, 30.904694, 0.0)
(31.383865, 30.937860, 0.0)
(31.389286, 30.963247, 0.0)
(31.390669, 31.016956, 0.0)
(31.368202, 31.066463, 0.0)
(31.377150, 31.113626, 0.0)
(31.348051, 31.125643, 0.0)
(31.326469, 31.147448, 0.0)
(31.302702, 31.164852, 0.0)
(31.298115, 31.208481, 0.0)
(30.208231, 31.547432, 0.0)
(26.286728, 33.508408, 0.0)
(25.145084, 34.423340, 0.0)
(24.988611, 34.476669, 0.0)
(24.973757, 34.468887, 0.0)
(24.942673, 34.502609, 0.0)
(24.919226, 34.514023, 0.0)
(24.896530, 34.522045, 0.0)
(24.885916, 34.527512, 0.0)
(24.869419, 34.527664, 0.0)
(24.879002, 34.534069, 0.0)
(24.876944, 34.512043, 0.0)
(24.908953, 34.451481, 0.0)
(24.911470, 34.434540, 0.0)
(24.905981, 34.415882, 0.0)
(25.014549, 34.429134, 0.0)
(25.129360, 34.578300, 0.0)
(25.130806, 34.597332, 0.0)
(25.117374, 34.564236, 0.0)
(25.105829, 34.540188, 0.0)
(25.091452, 34.514072, 0.0)
(25.078768, 34.519192, 0.0)
(25.069397, 34.523849, 0.0)
(25.063690, 34.565086, 0.0)
(25.060268, 34.548401, 0.0)
(25.070625, 34.551468, 0.0)
(25.066256, 34.561394, 0.0)
(25.068739, 34.556190, 0.0)
(25.075863, 34.533630, 0.0)
(25.066486, 34.490326, 0.0)
(25.059673, 34.483059, 0.0)
(25.066715, 34.515770, 0.0)
(25.056250, 34.505253, 0.0)
(25.065865, 34.495857, 0.0)
(25.071836, 34.483929, 0.0)
(25.102579, 34.462109, 0.0)
(25.104029, 34.407501, 0.0)
(25.100096, 34.409309, 0.0)
(25.117369, 34.385067, 0.0)
(25.109163, 34.382454, 0.0)
(25.124496, 34.389389, 0.0)
(25.102234, 34.390602, 0.0)
(25.114906, 34.358395, 0.0)
(25.106161, 34.332718, 0.0)
(25.107933, 34.324310, 0.0)
(25.107735, 34.304447, 0.0)
(25.112974, 34.273277, 0.0)
(25.111477, 34.234848, 0.0)
(25.100367, 34.216995, 0.0)
(28.978163, 33.660019, 0.0)
(33.626167, 34.515987, 0.0)
(37.212170, 36.094090, 0.0)
(39.192635, 37.658916, 0.0)
(39.495525, 37.910194, 0.0)
(39.493507, 37.912716, 0.0)
(39.518208, 37.893700, 0.0)
(39.543598, 37.917915, 0.0)
(39.541561, 37.937828, 0.0)
(40.049606, 38.669525, 0.0)
(40.120590, 38.728786, 0.0)
(40.120510, 38.748371, 0.0)
(40.119736, 38.808132, 0.0)
(40.106087, 38.818592, 0.0)
(40.101307, 38.828465, 0.0)
(40.109634, 38.800137, 0.0)
(40.111496, 38.829777, 0.0)
(40.113945, 38.836967, 0.0)
(38.427349, 36.230591, 0.0)
(38.327728, 36.148205, 0.0)
(38.372787, 36.177990, 0.0)
(38.391796, 36.191269, 0.0)
(38.380917, 36.172287, 0.0)
(38.385696, 36.165230, 0.0)
(38.391945, 36.164711, 0.0)
(38.387142, 36.165058, 0.0)
(38.380161, 36.119701, 0.0)
(36.956406, 35.763702, 0.0)
(32.676014, 36.218357, 0.0)
(29.073761, 37.884830, 0.0)
(27.773254, 38.477104, 0.0)
(27.670467, 38.504475, 0.0)
(27.690964, 38.505604, 0.0)
(27.674408, 38.515900, 0.0)
(27.677784, 38.500763, 0.0)
(27.690197, 38.480221, 0.0)
(27.708624, 38.442596, 0.0)
(27.831642, 38.348640, 0.0)
(27.909618, 37.991905, 0.0)
(27.894253, 37.962048, 0.0)
(27.906464, 37.995369, 0.0)
(27.912905, 37.970188, 0.0)
(27.907949, 37.957050, 0.0)
(27.916342, 37.950409, 0.0)
(27.913410, 37.950291, 0.0)
(27.915810, 37.951035, 0.0)
(27.910818, 37.921597, 0.0)
(27.916786, 37.910095, 0.0)
(27.914276, 37.883537, 0.0)
(27.893116, 37.920414, 0.0)
(27.900698, 37.907219, 0.0)
(27.898842, 37.886772, 0.0)
(27.896694, 37.902378, 0.0)
(27.890890, 37.895954, 0.0)
(27.889687, 37.878422, 0.0)
(27.873116, 37.854912, 0.0)
(27.866718, 37.844814, 0.0)
(27.854809, 37.841949, 0.0)
(27.859362, 37.862923, 0.0)
(27.859310, 37.875401, 0.0)
(27.856737, 37.882202, 0.0)
(27.863436, 37.877583, 0.0)
(27.850515, 37.879398, 0.0)
(27.850073, 37.868248, 0.0)
(29.519827, 38.198330, 0.0)
(34.024574, 39.335667, 0.0)
(34.645184, 39.715244, 0.0)
(34.729366, 39.696148, 0.0)
(34.712227, 39.717892, 0.0)
(34.698467, 39.672779, 0.0)
(34.700237, 39.657112, 0.0)
(34.564411, 39.363319, 0.0)
(34.556644, 39.289940, 0.0)
(34.558872, 39.307201, 0.0)
(34.544621, 39.320042, 0.0)
(34.542561, 39.307514, 0.0)
(34.543098, 39.351219, 0.0)
(34.539299, 39.408237, 0.0)
(34.550068, 39.469902, 0.0)
(34.544025, 39.523621, 0.0)
(34.534599, 39.530140, 0.0)
(34.525829, 39.559887, 0.0)
(34.534321, 39.407055, 0.0)
(34.513100, 39.245434, 0.0)
(34.471649, 39.278812, 0.0)
(34.477650, 39.298618, 0.0)
(34.467594, 39.329296, 0.0)
(34.457245, 39.340542, 0.0)
(34.459885, 39.325947, 0.0)
(34.450470, 39.331856, 0.0)
(34.434193, 39.275532, 0.0)
(34.456642, 39.293335, 0.0)
(34.446701, 35.951542, 0.0)
(34.314777, 35.595612, 0.0)
(34.290833, 35.606518, 0.0)
(34.275547, 35.606583, 0.0)
(34.285480, 35.596626, 0.0)
(34.277660, 35.560249, 0.0)
(34.283878, 35.530159, 0.0)
(34.291538, 35.513672, 0.0)
(34.285984, 35.495644, 0.0)
(34.278339, 35.499413, 0.0)
(30.044922, 32.618843, 0.0)
(25.650925, 31.590071, 0.0)
(23.487961, 31.780392, 0.0)
(23.401497, 31.731453, 0.0)
(23.386234, 31.673952, 0.0)
(23.233751, 31.718122, 0.0)
(22.611244, 31.856279, 0.0)
(22.557009, 31.872604, 0.0)
(22.536997, 31.872089, 0.0)
(22.529711, 31.846897, 0.0)
(22.521370, 31.834204, 0.0)
(22.522093, 31.813303, 0.0)
(22.506727, 31.829540, 0.0)
(22.504616, 31.834152, 0.0)
(22.503656, 31.816090, 0.0)
(22.507120, 31.789839, 0.0)
(22.489923, 31.778223, 0.0)
(22.496002, 31.777636, 0.0)
(22.499687, 31.803116, 0.0)
(22.487963, 31.828804, 0.0)
(22.522263, 31.806038, 0.0)
(22.710747, 31.651314, 0.0)
(22.729984, 31.640903, 0.0)
(22.724293, 31.647461, 0.0)
(22.721184, 31.657343, 0.0)
(22.710550, 31.674198, 0.0)
(22.717802, 31.653957, 0.0)
(22.723459, 31.656485, 0.0)
(22.729931, 31.631119, 0.0)
(22.733717, 31.634499, 0.0)
(22.748472, 31.633608, 0.0)
(22.749388, 31.637959, 0.0)
(22.760180, 31.658974, 0.0)
(22.760796, 31.643555, 0.0)
(22.759644, 31.672705, 0.0)
(22.763006, 31.689230, 0.0)
(22.771299, 31.705605, 0.0)
(22.915596, 31.735600, 0.0)
(27.665281, 32.959393, 0.0)
(32.400017, 35.380566, 0.0)
(35.812695, 38.419048, 0.0)
(36.683365, 39.385128, 0.0)
(36.734875, 39.495255, 0.0)
(36.735050, 39.471977, 0.0)
(36.733368, 39.471535, 0.0)
(36.768242, 39.493759, 0.0)
(36.517292, 39.688663, 0.0)
(36.475204, 39.740082, 0.0)
(36.493629, 39.725586, 0.0)
(36.516991, 39.769581, 0.0)
(36.519341, 39.772083, 0.0)
(36.519722, 39.767612, 0.0)
(36.508045, 39.774845, 0.0)
(36.505646, 39.772644, 0.0)
(36.509525, 39.761307, 0.0)
(36.495529, 39.721916, 0.0)
(36.494373, 39.671272, 0.0)
(36.488083, 39.612934, 0.0)
(36.489712, 39.534710, 0.0)
(36.498840, 39.521553, 0.0)
(36.490833, 39.486443, 0.0)
(36.476238, 39.482914, 0.0)
(36.464314, 39.510227, 0.0)
(36.458107, 39.500629, 0.0)
(36.467232, 39.461140, 0.0)
(36.496777, 39.451855, 0.0)
(36.489605, 39.454472, 0.0)
(36.489883, 39.470768, 0.0)
(36.483089, 39.424850, 0.0)
(36.467289, 39.440289, 0.0)
(36.485584, 39.443241, 0.0)
(36.479561, 39.441826, 0.0)
(36.492523, 39.421021, 0.0)
(36.491810, 39.392677, 0.0)
(33.185547, 37.078178, 0.0)
(28.317362, 34.659248, 0.0)
(24.562546, 34.069427, 0.0)
(22.580549, 34.161015, 0.0)
(22.188349, 34.242275, 0.0)
(22.165413, 34.251163, 0.0)
(21.961674, 34.440132, 0.0)
(21.432627, 34.845642, 0.0)
(21.428038, 34.879467, 0.0)
(21.435717, 34.896332, 0.0)
(21.428383, 34.880093, 0.0)
(21.436567, 34.857304, 0.0)
(21.428387, 34.827667, 0.0)
(21.401543, 34.830864, 0.0)
(21.421339, 34.810795, 0.0)
(21.425528, 34.804451, 0.0)
(21.513380, 34.490833, 0.0)
(21.519783, 34.437336, 0.0)
(21.519249, 34.425041, 0.0)
(21.501995, 34.413300, 0.0)
(21.497585, 34.406261, 0.0)
(21.495825, 34.416763, 0.0)
(21.491423, 34.439484, 0.0)
(21.495758, 34.465843, 0.0)
(21.471121, 34.453255, 0.0)
(21.457655, 34.475704, 0.0)
(21.449141, 34.520157, 0.0)
(21.448605, 34.575508, 0.0)
(21.447407, 34.616386, 0.0)
(21.456371, 34.650562, 0.0)
(21.428862, 34.642075, 0.0)
(21.439512, 34.685966, 0.0)
(21.451925, 34.714516, 0.0)
(21.471451, 34.721359, 0.0)
(21.473488, 34.749161, 0.0)
(21.498697, 34.749184, 0.0)
(21.513601, 34.721252, 0.0)
(21.650606, 34.738201, 0.0)
(23.155474, 35.524368, 0.0)
(23.167568, 35.598385, 0.0)
(23.156973, 35.612724, 0.0)
(23.146393, 35.589703, 0.0)
(23.122730, 35.567768, 0.0)
(23.116022, 35.553085, 0.0)
(23.113180, 35.510708, 0.0)
(23.097404, 35.470867, 0.0)
(23.180454, 35.352451, 0.0)
(23.342236, 35.183479, 0.0)
(23.349867, 35.194706, 0.0)
(23.358105, 35.192387, 0.0)
(23.350702, 35.192211, 0.0)
(23.344080, 35.173485, 0.0)
(23.344456, 35.137463, 0.0)
(23.341621, 35.123848, 0.0)
(23.324705, 35.102833, 0.0)
(23.352978, 35.113613, 0.0)
(23.328646, 35.126102, 0.0)
(23.321312, 35.129265, 0.0)
(23.365334, 35.133232, 0.0)
(23.340923, 35.140671, 0.0)
(23.376787, 35.137127, 0.0)
(23.371012, 35.123596, 0.0)
(23.372169, 35.129005, 0.0)
(23.421207, 35.095142, 0.0)
(23.415230, 35.103466, 0.0)
(23.407495, 35.074490, 0.0)
(23.333971, 35.070824, 0.0)
(23.683878, 35.022026, 0.0)
(23.141701, 35.127647, 0.0)
(23.644897, 35.015739, 0.0)
(23.468592, 35.068615, 0.0)
(23.363543, 35.065197, 0.0)
(23.638578, 34.985592, 0.0)
(23.382620, 35.052216, 0.0)
(23.528772, 35.074722, 0.0)
(23.543640, 35.027691, 0.0)
(28.675121, 33.771450, 0.0)
(33.970200, 33.672478, 0.0)
(35.715073, 34.023750, 0.0)
(35.894180, 33.954399, 0.0)
(35.887413, 33.911667, 0.0)
(35.938869, 33.900105, 0.0)
(36.552269, 33.979412, 0.0)
(36.555454, 34.052174, 0.0)
(36.573158, 34.077236, 0.0)
(36.567833, 34.098854, 0.0)
(36.543114, 34.077240, 0.0)
(36.569103, 34.073841, 0.0)
(36.510120, 34.100254, 0.0)
(36.557606, 34.133411, 0.0)
(36.511169, 34.112560, 0.0)
(36.530857, 34.094296, 0.0)
(36.519264, 34.152512, 0.0)
(36.489998, 34.198330, 0.0)
(36.501678, 34.182858, 0.0)
(36.484070, 34.189404, 0.0)
(36.494259, 34.236317, 0.0)
(36.492619, 34.267788, 0.0)
(36.478870, 34.274719, 0.0)
(36.471535, 34.200733, 0.0)
(36.475983, 34.190186, 0.0)
(36.475510, 34.168522, 0.0)
(36.456905, 34.182339, 0.0)
(36.438725, 34.143471, 0.0)
(36.458939, 34.111389, 0.0)
(36.472015, 34.050941, 0.0)
(36.476418, 34.007042, 0.0)
(36.449783, 34.006241, 0.0)
(36.433128, 34.009590, 0.0)
(36.434647, 34.019108, 0.0)
(36.428806, 34.009438, 0.0)
(36.422440, 33.991920, 0.0)
(36.424767, 33.993969, 0.0)
(36.423237, 33.996933, 0.0)
(36.417866, 33.992203, 0.0)
(36.415779, 33.981274, 0.0)
(36.428341, 33.976406, 0.0)
(36.438591, 33.959728, 0.0)
(36.410316, 33.953609, 0.0)
(36.417786, 33.954319, 0.0)
(36.419533, 33.959450, 0.0)
(36.428200, 33.952835, 0.0)
(36.404228, 33.898415, 0.0)
(36.421780, 33.874802, 0.0)
(36.681099, 34.111835, 0.0)
(38.814598, 36.267162, 0.0)
(39.254852, 37.021240, 0.0)
(39.271088, 37.072147, 0.0)
(39.270103, 37.035568, 0.0)
(39.259930, 37.036552, 0.0)
(39.256271, 37.055889, 0.0)
(39.259975, 37.056587, 0.0)
(38.057373, 37.001064, 0.0)
(33.563248, 37.494507, 0.0)
(29.821012, 37.887241, 0.0)
(28.886366, 38.195850, 0.0)
(28.815498, 38.142338, 0.0)
(28.846842, 38.121262, 0.0)
(28.863138, 38.093491, 0.0)
(28.877260, 38.081337, 0.0)
(28.876215, 38.027771, 0.0)
(28.905199, 37.990757, 0.0)
(29.608793, 37.799217, 0.0)
(30.858145, 37.110859, 0.0)
(30.945280, 37.169743, 0.0)
(30.960405, 37.207993, 0.0)
(30.969931, 37.236317, 0.0)
(30.977545, 37.262989, 0.0)
(30.988867, 37.308918, 0.0)
(30.984198, 37.319450, 0.0)
(33.351723, 36.107628, 0.0)
(38.014988, 35.421410, 0.0)
(39.341496, 35.624470, 0.0)
(39.403641, 35.650455, 0.0)
(39.420425, 35.671181, 0.0)
(39.429703, 35.732430, 0.0)
(39.427963, 35.791344, 0.0)
(39.453598, 35.770683, 0.0)
(39.454536, 35.751698, 0.0)
(39.530426, 35.939720, 0.0)
(39.557446, 35.964909, 0.0)
(39.548355, 35.962185, 0.0)
(39.546051, 35.994614, 0.0)
(39.520542, 36.022408, 0.0)
(39.511028, 36.025764, 0.0)
(39.514305, 36.021969, 0.0)
(39.489487, 36.009235, 0.0)
(39.492779, 36.000450, 0.0)
(39.489101, 35.993877, 0.0)
(39.486889, 35.937176, 0.0)
(39.490471, 35.874832, 0.0)
(39.500988, 35.852932, 0.0)
(39.500034, 35.837658, 0.0)
(39.491901, 35.853451, 0.0)
(39.502796, 35.838272, 0.0)
(39.496872, 35.806740, 0.0)
(39.502495, 35.799507, 0.0)
(39.526844, 35.684475, 0.0)
(39.472908, 35.685925, 0.0)
(39.519104, 35.669445, 0.0)
(39.523243, 35.677513, 0.0)
(39.468662, 35.702492, 0.0)
(39.505852, 35.675777, 0.0)
(39.490482, 35.673779, 0.0)
(39.468609, 35.659435, 0.0)
(39.504570, 35.614536, 0.0)
(39.475098, 35.614441, 0.0)
(39.323906, 35.600662, 0.0)
(35.638115, 36.689320, 0.0)
(34.876076, 37.620514, 0.0)
(34.894550, 37.658165, 0.0)
(34.954666, 37.596512, 0.0)
(34.953899, 37.608242, 0.0)
(34.517841, 37.818073, 0.0)
(34.488571, 37.796368, 0.0)
(34.515549, 37.734657, 0.0)
(34.528584, 37.743126, 0.0)
(34.539246, 37.736099, 0.0)
(34.543163, 37.725128, 0.0)
(34.556156, 37.697018, 0.0)
(34.599636, 37.700203, 0.0)
(34.605965, 37.713455, 0.0)
(34.617455, 37.750679, 0.0)
(34.619587, 37.787148, 0.0)
(34.580429, 37.824558, 0.0)
(34.572975, 37.852699, 0.0)
(34.567394, 37.869179, 0.0)
(34.573864, 37.887367, 0.0)
(34.551010, 37.880386, 0.0)
(34.560444, 37.925564, 0.0)
(34.546261, 37.968174, 0.0)
(34.535732, 38.005272, 0.0)
(34.523922, 38.010323, 0.0)
(34.504349, 38.066830, 0.0)
(34.503670, 38.077156, 0.0)
(34.496601, 38.066582, 0.0)
(34.492775, 38.105961, 0.0)
(34.483086, 38.156689, 0.0)
(34.475758, 38.230064, 0.0)
(34.476215, 38.243557, 0.0)
(34.449593, 38.274445, 0.0)
(34.443104, 38.299599, 0.0)
(34.439297, 38.232143, 0.0)
(34.435406, 38.247375, 0.0)
(34.432514, 38.264278, 0.0)
(35.403027, 37.517109, 0.0)
(38.904652, 35.208176, 0.0)
(39.896244, 35.005558, 0.0)
(39.930897, 34.903309, 0.0)
(39.921951, 34.916809, 0.0)
(39.956207, 34.891430, 0.0)
(40.533401, 35.322247, 0.0)
(40.568195, 35.378014, 0.0)
(40.579334, 35.381889, 0.0)
(40.567474, 35.365803, 0.0)
(40.569096, 35.362976, 0.0)
(40.565475, 35.347755, 0.0)
(40.544949, 35.310532, 0.0)
(40.539539, 35.290569, 0.0)
(40.555717, 35.242508, 0.0)
(40.547398, 35.249840, 0.0)
(40.534210, 35.228497, 0.0)
(40.524609, 35.229206, 0.0)
(40.507339, 35.234356, 0.0)
(40.494987, 35.191597, 0.0)
(40.495968, 35.161617, 0.0)
(40.480335, 35.107822, 0.0)
(40.464951, 35.098785, 0.0)
(40.464909, 35.103504, 0.0)
(40.441273, 35.094032, 0.0)
(40.417908, 35.066776, 0.0)
(40.426704, 35.077404, 0.0)
(40.420238, 35.068043, 0.0)
(40.406876, 35.071751, 0.0)
(40.395504, 35.044453, 0.0)
(40.399986, 34.991150, 0.0)
(40.397182, 34.978218, 0.0)
(40.381657, 34.942097, 0.0)
(40.372532, 34.930489, 0.0)
(40.366249, 34.933285, 0.0)
(40.354492, 34.926136, 0.0)
(40.354748, 34.913113, 0.0)
(40.351891, 34.866695, 0.0)
(37.534470, 33.223011, 0.0)
(33.152153, 32.138912, 0.0)
(30.011171, 32.470272, 0.0)
(30.069874, 32.504822, 0.0)
(30.187199, 32.532089, 0.0)
(30.214657, 32.532619, 0.0)
(29.703691, 32.587479, 0.0)
(29.630383, 32.598148, 0.0)
(29.655235, 32.614441, 0.0)
(29.665138, 32.641964, 0.0)
(29.655754, 32.658703, 0.0)
(29.635588, 32.706959, 0.0)
(29.627638, 32.739689, 0.0)
(29.634968, 32.768715, 0.0)
(29.646532, 32.787235, 0.0)
(29.651289, 32.800156, 0.0)
(29.643629, 32.820934, 0.0)
(29.669395, 32.865562, 0.0)
(29.390959, 32.857964, 0.0)
(29.385298, 32.927094, 0.0)
(29.395910, 32.970985, 0.0)
(29.377409, 33.003826, 0.0)
(29.367914, 33.019932, 0.0)
(29.348375, 33.065247, 0.0)
(29.323784, 33.121059, 0.0)
(29.331591, 33.116253, 0.0)
(29.313343, 33.092907, 0.0)
(29.305828, 33.088993, 0.0)
(29.339375, 33.082600, 0.0)
(29.308969, 33.005219, 0.0)
(29.304253, 32.975521, 0.0)
(29.330885, 32.942997, 0.0)
(29.338179, 32.897556, 0.0)
(29.317312, 32.842339, 0.0)
(29.307793, 32.832603, 0.0)
(29.296789, 32.832058, 0.0)
(29.300341, 32.837189, 0.0)
(29.308001, 32.792191, 0.0)
(28.604567, 32.478256, 0.0)
(25.250641, 30.754219, 0.0)
(24.457447, 30.415972, 0.0)
(24.337782, 30.362823, 0.0)
(24.346611, 30.340134, 0.0)
(24.319166, 30.323177, 0.0)
(24.303789, 30.351109, 0.0)
(24.298407, 30.329168, 0.0)
(24.295664, 30.346066, 0.0)
(24.311197, 30.321566, 0.0)
(24.322760, 30.279219, 0.0)
(24.309303, 30.271299, 0.0)
(24.298349, 30.243704, 0.0)
(24.292717, 30.245049, 0.0)
(24.281370, 30.256697, 0.0)
(24.287266, 30.265633, 0.0)
(24.275297, 30.278112, 0.0)
(24.309135, 30.271414, 0.0)
(24.300156, 30.280241, 0.0)
(24.294617, 30.275955, 0.0)
(24.289755, 30.284771, 0.0)
(24.288303, 30.270466, 0.0)
(24.276283, 30.258381, 0.0)
(24.262587, 30.270500, 0.0)
(24.256611, 30.260963, 0.0)
(24.264154, 30.269430, 0.0)
(24.258804, 30.265121, 0.0)
(24.276653, 30.244736, 0.0)
(24.277142, 30.244499, 0.0)
(24.273424, 30.259007, 0.0)
(24.261459, 30.278973, 0.0)
(24.251984, 30.308859, 0.0)
(24.276339, 30.343296, 0.0)
(24.274679, 30.388357, 0.0)
(24.274176, 30.436674, 0.0)
(24.276390, 30.464058, 0.0)
(24.243174, 30.517340, 0.0)
(24.235903, 30.583284, 0.0)
(28.241632, 31.524513, 0.0)
(32.995941, 35.394066, 0.0)
(35.819630, 39.632259, 0.0)
(36.206181, 40.155796, 0.0)
(36.214058, 40.194149, 0.0)
(36.190922, 40.207466, 0.0)
(36.617611, 41.220032, 0.0)
(36.672222, 41.341702, 0.0)
(36.664211, 41.273762, 0.0)
(36.663811, 41.335423, 0.0)
(36.647381, 41.411469, 0.0)
(36.640011, 41.362457, 0.0)
(36.655472, 41.355591, 0.0)
(36.656178, 41.277695, 0.0)
(36.662369, 41.234509, 0.0)
(36.669544, 41.194626, 0.0)
(36.684093, 41.149239, 0.0)
(36.689579, 41.156849, 0.0)
(36.680656, 41.102886, 0.0)
(36.685055, 41.110832, 0.0)
(36.714054, 41.122486, 0.0)
(36.704151, 41.120747, 0.0)
(36.704048, 41.105843, 0.0)
(36.704720, 41.108059, 0.0)
(36.720406, 41.037415, 0.0)
(36.697662, 41.016071, 0.0)
(36.696041, 41.001232, 0.0)
(36.711205, 41.026302, 0.0)
(36.692726, 41.040279, 0.0)
(36.687016, 41.052631, 0.0)
(36.696362, 41.048386, 0.0)
(36.691311, 40.999866, 0.0)
(36.697552, 41.002953, 0.0)
(36.677597, 41.019566, 0.0)
(36.677277, 41.011372, 0.0)
(36.675987, 40.982788, 0.0)
(36.676773, 40.959343, 0.0)
(37.559685, 39.830181, 0.0)
(39.838802, 37.132610, 0.0)
(40.356155, 36.178009, 0.0)
(40.447193, 36.121700, 0.0)
(40.470524, 36.163063, 0.0)
(40.475403, 36.174511, 0.0)
(40.501820, 36.198662, 0.0)
(40.533703, 36.187157, 0.0)
(40.545704, 36.185402, 0.0)
(40.562248, 36.146664, 0.0)
(40.559612, 36.170170, 0.0)
(40.596680, 36.175896, 0.0)
(40.813580, 36.378090, 0.0)
(40.829670, 36.370110, 0.0)
(40.821274, 36.356060, 0.0)
(40.828255, 36.356342, 0.0)
(40.841080, 36.329239, 0.0)
(40.827801, 36.395794, 0.0)
(40.802242, 36.389854, 0.0)
(40.807163, 36.417187, 0.0)
(40.788990, 36.428120, 0.0)
(40.761921, 36.476696, 0.0)
(40.767033, 36.511826, 0.0)
(40.766678, 36.525623, 0.0)
(40.760834, 36.523201, 0.0)
(40.727318, 36.526421, 0.0)
(40.745586, 36.624321, 0.0)
(40.670486, 36.689732, 0.0)
(40.653614, 36.692589, 0.0)
(40.629055, 36.705456, 0.0)
(40.651016, 36.772163, 0.0)
(40.623425, 36.804184, 0.0)
(40.578991, 36.785759, 0.0)
(40.567871, 36.840237, 0.0)
(40.519890, 36.824551, 0.0)
(40.515522, 36.781765, 0.0)
(40.512321, 36.767937, 0.0)
(37.909477, 34.178928, 0.0)
(35.875259, 32.514545, 0.0)
(35.972187, 32.491005, 0.0)
(36.094917, 32.472515, 0.0)
(36.095142, 32.413177, 0.0)
(36.109974, 32.367123, 0.0)
(36.108906, 32.039154, 0.0)
(36.098110, 31.931942, 0.0)
(36.105000, 31.934008, 0.0)
(36.103226, 31.970133, 0.0)
(36.102619, 31.950508, 0.0)
(36.136845, 31.986101, 0.0)
(36.142574, 31.997271, 0.0)
(36.151848, 31.989847, 0.0)
(36.120399, 31.939848, 0.0)
(36.104397, 31.932287, 0.0)
(36.124130, 31.932617, 0.0)
(36.119213, 31.928457, 0.0)
(36.087803, 31.924017, 0.0)
(36.074272, 31.935719, 0.0)
(36.061852, 31.917692, 0.0)
(36.075397, 31.892605, 0.0)
(36.072178, 31.883413, 0.0)
(36.054150, 31.880257, 0.0)
(36.045364, 31.881100, 0.0)
(36.042336, 31.887690, 0.0)
(36.039120, 31.874102, 0.0)
(36.023869, 31.859304, 0.0)
(36.017670, 31.858912, 0.0)
(36.037350, 31.861477, 0.0)
(36.038410, 31.860497, 0.0)
(36.078472, 31.841200, 0.0)
(36.054619, 31.809906, 0.0)
(36.063065, 31.789156, 0.0)
(36.046703, 31.771889, 0.0)
(36.060566, 31.786175, 0.0)
(36.065754, 31.748533, 0.0)
(34.714035, 32.173027, 0.0)
(31.454494, 35.035427, 0.0)
(30.223734, 36.643539, 0.0)
(30.173687, 36.722160, 0.0)
(30.163248, 36.743557, 0.0)
(30.128624, 36.807552, 0.0)
(30.125528, 36.821281, 0.0)
(30.136478, 36.808113, 0.0)
(30.225494, 37.056320, 0.0)
(30.256865, 37.148285, 0.0)
(30.253681, 37.222717, 0.0)
(30.249258, 37.249958, 0.0)
(30.237829, 37.248596, 0.0)
(30.231150, 37.268276, 0.0)
(30.210978, 37.311821, 0.0)
(30.198238, 37.376377, 0.0)
(30.180717, 37.351830, 0.0)
(30.137413, 37.379089, 0.0)
(30.131792, 37.371040, 0.0)
(30.083063, 37.363983, 0.0)
(30.092085, 37.377354, 0.0)
(30.078955, 37.434792, 0.0)
(30.056494, 37.484421, 0.0)
(30.052847, 37.487946, 0.0)
(30.053362, 37.454784, 0.0)
(30.063169, 37.412323, 0.0)
(30.062159, 37.398678, 0.0)
(30.055300, 37.402061, 0.0)
(30.073450, 37.369167, 0.0)
(30.095510, 37.344013, 0.0)
(30.085415, 37.332096, 0.0)
(30.118158, 37.266651, 0.0)
(30.107134, 37.257034, 0.0)
(30.110153, 37.247852, 0.0)
(30.102715, 37.209293, 0.0)
(30.098730, 37.165939, 0.0)
(30.074753, 37.116436, 0.0)
(30.077675, 37.131851, 0.0)
(31.866739, 36.052536, 0.0)
(36.317955, 34.198139, 0.0)
(38.787880, 34.355980, 0.0)
(39.338623, 34.340527, 0.0)
(39.401131, 34.346775, 0.0)
(39.403137, 34.329178, 0.0)
(39.433445, 34.347893, 0.0)
(39.476974, 34.320396, 0.0)
(39.354492, 34.016830, 0.0)
(39.404457, 33.885361, 0.0)
(39.444920, 33.879478, 0.0)
(39.452412, 33.831837, 0.0)
(39.472042, 33.860378, 0.0)
(39.479256, 33.905281, 0.0)
(39.515991, 33.877991, 0.0)
(39.471203, 33.834816, 0.0)
(39.511414, 33.819096, 0.0)
(39.475788, 33.811466, 0.0)
(39.459515, 33.791672, 0.0)
(39.457977, 33.785511, 0.0)
(39.438931, 33.778027, 0.0)
(39.453373, 33.810989, 0.0)
(39.444969, 33.784775, 0.0)
(39.445793, 33.815071, 0.0)
(39.438831, 33.771622, 0.0)
(39.429672, 33.715618, 0.0)
(39.434963, 33.745121, 0.0)
(39.426094, 33.673294, 0.0)
(39.399296, 33.620411, 0.0)
(39.388004, 33.555367, 0.0)
(39.376476, 33.519188, 0.0)
(39.362438, 33.429077, 0.0)
(39.357910, 33.381229, 0.0)
(39.375477, 33.358932, 0.0)
(39.368088, 33.383743, 0.0)
(39.361504, 33.409424, 0.0)
(39.342850, 33.485043, 0.0)
(38.027859, 32.837238, 0.0)
(32.980415, 30.835794, 0.0)
(28.973854, 30.573668, 0.0)
(26.847486, 30.894981, 0.0)
(26.936260, 30.843985, 0.0)
(26.991026, 30.807467, 0.0)
(26.994644, 30.814716, 0.0)
(27.016333, 30.843159, 0.0)
(27.026369, 30.887741, 0.0)
(27.010014, 30.941496, 0.0)
(26.681997, 31.017374, 0.0)
(26.652336, 31.025143, 0.0)
(26.642263, 31.018759, 0.0)
(26.647484, 31.013813, 0.0)
(26.634653, 31.073992, 0.0)
(26.624603, 31.123398, 0.0)
(26.609631, 31.155788, 0.0)
(26.634031, 31.200546, 0.0)
(26.649372, 31.222300, 0.0)
(26.648468, 31.259199, 0.0)
(26.660511, 31.286427, 0.0)
(26.664536, 31.319029, 0.0)
(26.677610, 31.292307, 0.0)
(26.672495, 31.258068, 0.0)
(26.689075, 31.260330, 0.0)
(26.684221, 31.227144, 0.0)
(26.691614, 31.194477, 0.0)
(26.685904, 31.175165, 0.0)
(26.702978, 31.136770, 0.0)
(26.691776, 31.110075, 0.0)
(26.682600, 31.097172, 0.0)
(26.672298, 31.088955, 0.0)
(26.666716, 31.089506, 0.0)
(26.656178, 31.080894, 0.0)
(26.657505, 31.085051, 0.0)
(26.650211, 31.070660, 0.0)
(26.644464, 31.093861, 0.0)
(26.616558, 31.100906, 0.0)
(25.820316, 31.330566, 0.0)
(22.069754, 32.135525, 0.0)
(21.053438, 32.342690, 0.0)
(21.016781, 32.322903, 0.0)
(21.013618, 32.331207, 0.0)
(21.011274, 32.334137, 0.0)
(21.007605, 32.363697, 0.0)
(21.006475, 32.352718, 0.0)
(21.006088, 32.305027, 0.0)
(21.019159, 32.277782, 0.0)
(21.004513, 32.272919, 0.0)
(21.008905, 32.282284, 0.0)
(21.002193, 32.298569, 0.0)
(20.997326, 32.303612, 0.0)
(20.993027, 32.299702, 0.0)
(21.006577, 32.265427, 0.0)
(20.828405, 32.397442, 0.0)
(20.850681, 32.374805, 0.0)
(20.854366, 32.363548, 0.0)
(20.853243, 32.334633, 0.0)
(20.856287, 32.340302, 0.0)
(20.876812, 32.336063, 0.0)
(20.876661, 32.343258, 0.0)
(20.902180, 32.328995, 0.0)
(20.906782, 32.327545, 0.0)
(20.911486, 32.319294, 0.0)
(20.905594, 32.320236, 0.0)
(20.916975, 32.300900, 0.0)
(20.925224, 32.271122, 0.0)
(20.908236, 32.291767, 0.0)
(20.911087, 32.315891, 0.0)
(20.928476, 32.288265, 0.0)
(21.781811, 31.830379, 0.0)
(21.851242, 31.828974, 0.0)
(21.838776, 31.872387, 0.0)
(21.835606, 31.889309, 0.0)
(21.840775, 31.883280, 0.0)
(21.961180, 31.860737, 0.0)
(26.734631, 31.080944, 0.0)
(31.879379, 31.598888, 0.0)
(32.967003, 31.818319, 0.0)
(33.184536, 31.811134, 0.0)
(33.236164, 31.818682, 0.0)
(33.478489, 31.836464, 0.0)
(34.034084, 31.847742, 0.0)
(34.104649, 31.836588, 0.0)
(34.066879, 31.851784, 0.0)
(34.078117, 31.874804, 0.0)
(34.093700, 31.889631, 0.0)
(34.084042, 31.908937, 0.0)
(34.072876, 31.916012, 0.0)
(34.046299, 31.924656, 0.0)
(34.045826, 31.932035, 0.0)
(34.047127, 31.938272, 0.0)
(34.049801, 31.897911, 0.0)
(34.057617, 31.889578, 0.0)
(34.056835, 31.873238, 0.0)
(34.055622, 31.845268, 0.0)
(34.055336, 31.811735, 0.0)
(34.077835, 31.761232, 0.0)
(34.099777, 31.713137, 0.0)
(34.080791, 31.674749, 0.0)
(34.068592, 31.648319, 0.0)
(34.063374, 31.654800, 0.0)
(34.050404, 31.659035, 0.0)
(34.046482, 31.643929, 0.0)
(34.037159, 31.647787, 0.0)
(34.013237, 31.654295, 0.0)
(34.019024, 31.649872, 0.0)
(34.008789, 31.658443, 0.0)
(33.994221, 31.649359, 0.0)
(34.002625, 31.627144, 0.0)
(33.991909, 31.635759, 0.0)
(33.991909, 31.635759, 0.0)
(33.975193, 31.640059, 0.0)
(33.966576, 31.625746, 0.0)
(33.963829, 31.630978, 0.0)
(33.814381, 31.786234, 0.0)
(30.613060, 34.974312, 0.0)
(28.472509, 38.600327, 0.0)
(27.077700, 41.000183, 0.0)
(26.962515, 41.242413, 0.0)
(26.915154, 41.231007, 0.0)
(26.870651, 41.322613, 0.0)
(26.853472, 41.342739, 0.0)
(26.330091, 41.280964, 0.0)
(26.252588, 41.278294, 0.0)
(26.260027, 41.300972, 0.0)
(26.261372, 41.279495, 0.0)
(26.264780, 41.307846, 0.0)
(26.259775, 41.337891, 0.0)
(26.255014, 41.371693, 0.0)
(26.249994, 41.339794, 0.0)
(26.245670, 41.382465, 0.0)
(26.244781, 41.392632, 0.0)
(26.243341, 41.403008, 0.0)
(26.241827, 41.407810, 0.0)
(26.232430, 41.376114, 0.0)
(26.409472, 41.442230, 0.0)
(26.327684, 41.529995, 0.0)
(26.295549, 41.597168, 0.0)
(26.286331, 41.616070, 0.0)
(26.286360, 41.605873, 0.0)
(26.277960, 41.604458, 0.0)
(26.280453, 41.639812, 0.0)
(26.284180, 41.671040, 0.0)
(26.276550, 41.673901, 0.0)
(26.271284, 41.679241, 0.0)
(26.243984, 41.701969, 0.0)
(26.252539, 41.746506, 0.0)
(26.233973, 41.766541, 0.0)
(26.222593, 41.767006, 0.0)
(26.312363, 41.085144, 0.0)
(27.520327, 34.341221, 0.0)
(29.173975, 31.002224, 0.0)
(29.323477, 30.908129, 0.0)
(29.276217, 30.968283, 0.0)
(29.242990, 30.957176, 0.0)
(29.209295, 30.953434, 0.0)
(29.213373, 30.935349, 0.0)
(29.415764, 30.777010, 0.0)
(29.436100, 30.742050, 0.0)
(29.400660, 30.718256, 0.0)
(29.409376, 30.711742, 0.0)
(29.430996, 30.638491, 0.0)
(29.429291, 30.617029, 0.0)
(29.433752, 30.587626, 0.0)
(29.409668, 30.533854, 0.0)
(29.399481, 30.492031, 0.0)
(29.395222, 30.497698, 0.0)
(29.391352, 30.483200, 0.0)
(29.376905, 30.435858, 0.0)
(29.386066, 30.421833, 0.0)
(29.407377, 30.412437, 0.0)
(29.377823, 30.408833, 0.0)
(29.389833, 30.434616, 0.0)
(29.375973, 30.436083, 0.0)
(29.368807, 30.420677, 0.0)
(29.385742, 30.431093, 0.0)
(29.353148, 30.426987, 0.0)
(29.351902, 30.411856, 0.0)
(29.370029, 30.383339, 0.0)
(29.347458, 30.373861, 0.0)
(29.359255, 30.383240, 0.0)
(29.343754, 30.371925, 0.0)
(29.340143, 30.372662, 0.0)
(29.328835, 30.347137, 0.0)
(29.332752, 30.316807, 0.0)
(29.340076, 30.297453, 0.0)
(29.369099, 30.249439, 0.0)
(29.995182, 30.303890, 0.0)
(35.102551, 31.765362, 0.0)
(38.230129, 33.695435, 0.0)
(39.336540, 34.739719, 0.0)
(39.390186, 34.800095, 0.0)
(39.393543, 34.774712, 0.0)
(39.403786, 34.771191, 0.0)
(39.711796, 35.098705, 0.0)
(39.757881, 35.093315, 0.0)
(39.757557, 35.082355, 0.0)
(39.764023, 35.056389, 0.0)
(39.750538, 35.062298, 0.0)
(39.755352, 35.067158, 0.0)
(39.756290, 35.091236, 0.0)
(39.750450, 35.091835, 0.0)
(39.719906, 35.118488, 0.0)
(39.698997, 35.163010, 0.0)
(39.711735, 35.180561, 0.0)
(39.669498, 35.200001, 0.0)
(39.625496, 35.202812, 0.0)
(39.607727, 35.234619, 0.0)
(39.595638, 35.299732, 0.0)
(39.577579, 35.360165, 0.0)
(39.566280, 35.395969, 0.0)
(39.564770, 35.379910, 0.0)
(39.552353, 35.408321, 0.0)
(39.567188, 35.386314, 0.0)
(39.566189, 35.405800, 0.0)
(39.545715, 35.421562, 0.0)
(39.509827, 35.477619, 0.0)
(39.519669, 35.485905, 0.0)
(39.508377, 35.472263, 0.0)
(39.493240, 35.450985, 0.0)
(39.494678, 35.447170, 0.0)
(39.483994, 35.442097, 0.0)
(39.477196, 35.454739, 0.0)
(39.462280, 35.457310, 0.0)
(38.755070, 35.010994, 0.0)
(36.064983, 33.458786, 0.0)
(36.116222, 33.438416, 0.0)
(36.194054, 33.316265, 0.0)
(36.254173, 33.276337, 0.0)
(36.275875, 33.258556, 0.0)
(36.291065, 33.273293, 0.0)
(36.282104, 33.259586, 0.0)
(36.311768, 33.253475, 0.0)
(36.308872, 33.189857, 0.0)
(36.349049, 33.167152, 0.0)
(36.375160, 33.181782, 0.0)
(36.362034, 33.191029, 0.0)
(36.363483, 33.192402, 0.0)
(36.348240, 33.212879, 0.0)
(36.343666, 33.185459, 0.0)
(36.340858, 33.178570, 0.0)
(36.339691, 33.187180, 0.0)
(36.325169, 33.173904, 0.0)
(36.332996, 33.145782, 0.0)
(36.321564, 33.149063, 0.0)
(36.309113, 33.136055, 0.0)
(36.299297, 33.179520, 0.0)
(36.274616, 33.192284, 0.0)
(36.258636, 33.187710, 0.0)
(36.242889, 33.178196, 0.0)
(36.241844, 33.157925, 0.0)
(36.231281, 33.114285, 0.0)
(36.223293, 33.128105, 0.0)
(36.206448, 33.118473, 0.0)
(36.187511, 33.137337, 0.0)
(36.185658, 33.120293, 0.0)
(36.191025, 33.126217, 0.0)
(36.188728, 33.120872, 0.0)
(36.197083, 33.111210, 0.0)
(36.187569, 33.106754, 0.0)
(36.192852, 33.072029, 0.0)
(36.202473, 33.030857, 0.0)
(36.210823, 32.992920, 0.0)
(34.815506, 32.918098, 0.0)
(30.147230, 33.362179, 0.0)
(26.318369, 35.150623, 0.0)
(23.696806, 37.265682, 0.0)
(22.817591, 38.282375, 0.0)
(22.808649, 38.330250, 0.0)
(22.810070, 38.347157, 0.0)
(22.486603, 38.591858, 0.0)
(22.267073, 38.690487, 0.0)
(22.274822, 38.698734, 0.0)
(22.300972, 38.707642, 0.0)
(22.325981, 38.761131, 0.0)
(22.318697, 38.777607, 0.0)
(22.339117, 38.788464, 0.0)
(22.343699, 38.807262, 0.0)
(22.319744, 38.844250, 0.0)
(22.355274, 38.863899, 0.0)
(22.352272, 38.933434, 0.0)
(22.344139, 38.956760, 0.0)
(22.352121, 38.990566, 0.0)
(22.359715, 38.996120, 0.0)
(22.333759, 38.971630, 0.0)
(22.326557, 38.997658, 0.0)
(22.313023, 39.025097, 0.0)
(22.276495, 39.086460, 0.0)
(22.274673, 39.105854, 0.0)
(22.242624, 39.128670, 0.0)
(22.247913, 39.087723, 0.0)
(22.264296, 39.094662, 0.0)
(22.264252, 39.080021, 0.0)
(22.306839, 39.004551, 0.0)
(22.314001, 39.002552, 0.0)
(22.342728, 38.962063, 0.0)
(22.367483, 38.946564, 0.0)
(22.360077, 38.936977, 0.0)
(22.364214, 38.927097, 0.0)
(22.381641, 38.862850, 0.0)
(22.375786, 38.771133, 0.0)
(22.413799, 38.707069, 0.0)
(22.414263, 38.689751, 0.0)
(22.408508, 38.669529, 0.0)
(24.096478, 38.130310, 0.0)
(28.731699, 35.706619, 0.0)
(32.618565, 35.664185, 0.0)
(35.900265, 36.209286, 0.0)
(36.423222, 36.218410, 0.0)
(36.483887, 36.138096, 0.0)
(36.482456, 36.088528, 0.0)
(36.468258, 36.069424, 0.0)
(36.472813, 36.049622, 0.0)
(36.483189, 36.051701, 0.0)
(36.485550, 36.027916, 0.0)
(36.484875, 35.991917, 0.0)
(36.505424, 35.982563, 0.0)
(36.509914, 35.931736, 0.0)
(36.497089, 35.908791, 0.0)
(36.538029, 35.902596, 0.0)
(36.535172, 35.881626, 0.0)
(34.616459, 34.861832, 0.0)
(34.568584, 34.841034, 0.0)
(34.613716, 34.802414, 0.0)
(34.620701, 34.818672, 0.0)
(34.618771, 34.819893, 0.0)
(34.634243, 34.828804, 0.0)
(34.655231, 34.824917, 0.0)
(34.650772, 34.795727, 0.0)
(34.659969, 34.806068, 0.0)
(34.660198, 34.804680, 0.0)
(34.674461, 34.817360, 0.0)
(34.669891, 34.797676, 0.0)
(34.675808, 34.802685, 0.0)
(34.673630, 34.767250, 0.0)
(34.659061, 34.770245, 0.0)
(34.677364, 34.755985, 0.0)
(37.360191, 34.718258, 0.0)
(38.009907, 34.673679, 0.0)
(38.040634, 34.667068, 0.0)
(38.045712, 34.698532, 0.0)
(38.042931, 34.700233, 0.0)
(38.237263, 34.682579, 0.0)
(38.251148, 34.710480, 0.0)
(38.250919, 34.748936, 0.0)
(38.238720, 34.777359, 0.0)
(38.236954, 34.799789, 0.0)
(38.260960, 34.794724, 0.0)
(38.260933, 34.821278, 0.0)
(38.280964, 34.855621, 0.0)
(38.280434, 34.876003, 0.0)
(38.271229, 34.922279, 0.0)
(38.263348, 34.937374, 0.0)
(38.258873, 34.959316, 0.0)
(38.092861, 34.763054, 0.0)
(38.250576, 34.816628, 0.0)
(38.263966, 34.856514, 0.0)
(38.236546, 34.861721, 0.0)
(38.234119, 34.889301, 0.0)
(38.220802, 34.863937, 0.0)
(38.211262, 34.857574, 0.0)
(38.198360, 34.841515, 0.0)
(38.183533, 34.817158, 0.0)
(38.174202, 34.803856, 0.0)
(38.193699, 34.775307, 0.0)
(38.176201, 34.726562, 0.0)
(38.165565, 34.716179, 0.0)
(38.148243, 34.729202, 0.0)
(38.160759, 34.720676, 0.0)
(38.146919, 34.716801, 0.0)
(38.136745, 34.678326, 0.0)
(38.137932, 34.648808, 0.0)
(38.133442, 34.648617, 0.0)
(38.137276, 34.656544, 0.0)
(38.137512, 34.644753, 0.0)
(38.136147, 34.653229, 0.0)
(36.177860, 33.868214, 0.0)
(33.877327, 33.579697, 0.0)
(33.886055, 33.626122, 0.0)
(33.956890, 33.575844, 0.0)
(33.963024, 33.569317, 0.0)
(33.965405, 33.565914, 0.0)
(33.965038, 33.548729, 0.0)
(33.967949, 33.522465, 0.0)
(33.967949, 33.522465, 0.0)
(33.963947, 33.522736, 0.0)
(31.737268, 34.718681, 0.0)
(29.411154, 36.122578, 0.0)
(29.072063, 36.332577, 0.0)
(29.059940, 36.295109, 0.0)
(29.051533, 36.235710, 0.0)
(29.025244, 36.246109, 0.0)
(28.633852, 36.705658, 0.0)
(27.140598, 39.369133, 0.0)
(27.023287, 39.572357, 0.0)
(27.001953, 39.546738, 0.0)
(26.997776, 39.541676, 0.0)
(26.991892, 39.527939, 0.0)
(27.019091, 39.521481, 0.0)
(30.583359, 38.738377, 0.0)
(35.101929, 38.573330, 0.0)
(37.529594, 38.533981, 0.0)
(37.578091, 38.502758, 0.0)
(37.560982, 38.457806, 0.0)
(37.561199, 38.465710, 0.0)
(37.548973, 38.452961, 0.0)
(38.270504, 38.650112, 0.0)
(40.330566, 39.330624, 0.0)
(40.403416, 39.263458, 0.0)
(40.375580, 39.260719, 0.0)
(40.345402, 39.315521, 0.0)
(40.335842, 39.326981, 0.0)
(40.325706, 39.308525, 0.0)
(37.107975, 35.752064, 0.0)
(31.686066, 32.566841, 0.0)
(27.384222, 32.218933, 0.0)
(25.234331, 32.753761, 0.0)
(25.180916, 32.802853, 0.0)
(25.170965, 32.813519, 0.0)
(25.152456, 32.866344, 0.0)
(24.727024, 32.946957, 0.0)
(24.673536, 32.966518, 0.0)
(24.699013, 32.994408, 0.0)
(24.694965, 33.006725, 0.0)
(24.691586, 33.015285, 0.0)
(24.701731, 33.037571, 0.0)
(24.679976, 33.050819, 0.0)
(24.870518, 32.842377, 0.0)
(24.843752, 32.824993, 0.0)
(24.845131, 32.855389, 0.0)
(24.834908, 32.852158, 0.0)
(24.836409, 32.869667, 0.0)
(24.834150, 32.888756, 0.0)
(24.827557, 32.928738, 0.0)
(24.813427, 32.936794, 0.0)
(24.821121, 32.935089, 0.0)
(24.823315, 32.918755, 0.0)
(24.817970, 32.920864, 0.0)
(24.828888, 32.908070, 0.0)
(24.828634, 32.870388, 0.0)
(24.816660, 32.870377, 0.0)
(24.818113, 32.867970, 0.0)
(24.795006, 32.861450, 0.0)
(24.803623, 32.846344, 0.0)
(24.809216, 32.835758, 0.0)
(24.815016, 32.819004, 0.0)
(24.819029, 32.780521, 0.0)
(24.852533, 32.757252, 0.0)
(24.854462, 32.770180, 0.0)
(29.419706, 33.553543, 0.0)
(34.145741, 35.806263, 0.0)
(34.452370, 35.995998, 0.0)
(34.463181, 35.978931, 0.0)
(34.444901, 35.955097, 0.0)
(34.460693, 35.936928, 0.0)
(34.444599, 35.910370, 0.0)
(34.432259, 35.928265, 0.0)
(34.721104, 35.835930, 0.0)
(34.742302, 35.832191, 0.0)
(34.745766, 35.816570, 0.0)
(34.735142, 35.812622, 0.0)
(34.725262, 35.819561, 0.0)
(34.724892, 35.811413, 0.0)
(34.712170, 35.792110, 0.0)
(34.705460, 35.778206, 0.0)
(34.698608, 35.734749, 0.0)
(34.687798, 35.735489, 0.0)
(34.687572, 35.760307, 0.0)
(34.705357, 35.746990, 0.0)
(34.696548, 35.750969, 0.0)
(34.706833, 35.738174, 0.0)
(34.698395, 35.730473, 0.0)
(34.694347, 35.699562, 0.0)
(34.696308, 35.710209, 0.0)
(34.697369, 35.727692, 0.0)
(34.689941, 35.718506, 0.0)
(34.704212, 35.697754, 0.0)
(34.700962, 35.685322, 0.0)
(34.717453, 35.680840, 0.0)
(34.719898, 35.669029, 0.0)
(34.719566, 35.676365, 0.0)
(34.720322, 35.665279, 0.0)
(34.728390, 35.642151, 0.0)
(34.729481, 35.621880, 0.0)
(34.733078, 35.633018, 0.0)
(34.720913, 35.656269, 0.0)
(34.709061, 35.657738, 0.0)
(33.818798, 32.848110, 0.0)
(31.991627, 28.611383, 0.0)
(31.582874, 28.121616, 0.0)
(31.536015, 28.138617, 0.0)
(31.494362, 28.193707, 0.0)
(31.463552, 28.229874, 0.0)
(31.147688, 28.334732, 0.0)
(31.127573, 28.357500, 0.0)
(31.138367, 28.379955, 0.0)
(31.149294, 28.410843, 0.0)
(31.146437, 28.414021, 0.0)
(31.145548, 28.468180, 0.0)
(31.117395, 28.481310, 0.0)
(31.114565, 28.483971, 0.0)
(31.097710, 28.492308, 0.0)
(31.090298, 28.470686, 0.0)
(31.094387, 28.516468, 0.0)
(30.913822, 28.640842, 0.0)
(30.863770, 28.672159, 0.0)
(30.850452, 28.688166, 0.0)
(30.857462, 28.686781, 0.0)
(30.877066, 28.695724, 0.0)
(30.863564, 28.677212, 0.0)
(30.887720, 28.676155, 0.0)
(31.066631, 28.653307, 0.0)
(31.079798, 28.590614, 0.0)
(31.067642, 28.571510, 0.0)
(31.055105, 28.565741, 0.0)
(31.056099, 28.552311, 0.0)
(31.060871, 28.547388, 0.0)
(31.057657, 28.548738, 0.0)
(31.061453, 28.537714, 0.0)
(31.055235, 28.496161, 0.0)
(31.060612, 28.484375, 0.0)
(31.052147, 28.476677, 0.0)
(31.046072, 28.478897, 0.0)
(31.052094, 28.500538, 0.0)
(31.021618, 28.510626, 0.0)
(31.285339, 28.578835, 0.0)
(35.640575, 29.758369, 0.0)
(37.942844, 30.945938, 0.0)
(38.710804, 31.457920, 0.0)
(38.803185, 31.448948, 0.0)
(38.855480, 31.422094, 0.0)
(38.861496, 31.420393, 0.0)
(38.848343, 31.366020, 0.0)
(38.832336, 31.329485, 0.0)
(38.582207, 31.009001, 0.0)
(38.518776, 30.902370, 0.0)
(38.517303, 30.880104, 0.0)
(38.512516, 30.849539, 0.0)
(38.530842, 30.844627, 0.0)
(38.533592, 30.840090, 0.0)
(38.509251, 30.800871, 0.0)
(38.511467, 30.798994, 0.0)
(38.513439, 30.796551, 0.0)
(38.516800, 30.771381, 0.0)
(38.511265, 30.761992, 0.0)
(38.500385, 30.764135, 0.0)
(38.488556, 30.760468, 0.0)
(38.489986, 30.781738, 0.0)
(38.455593, 30.726456, 0.0)
(38.436352, 30.752182, 0.0)
(38.417961, 30.730894, 0.0)
(38.404324, 30.746321, 0.0)
(38.391285, 30.805738, 0.0)
(38.373459, 30.804548, 0.0)
(38.351410, 30.816753, 0.0)
(38.334610, 30.820856, 0.0)
(38.325134, 30.824728, 0.0)
(38.295349, 30.842682, 0.0)
(38.270287, 30.884258, 0.0)
(38.266117, 30.909109, 0.0)
(38.236870, 30.937086, 0.0)
(38.227554, 30.962416, 0.0)
(37.578693, 32.118019, 0.0)
(37.547913, 32.416977, 0.0)
(37.600937, 32.408329, 0.0)
(37.599503, 32.411411, 0.0)
(37.572063, 32.624153, 0.0)
(37.591625, 32.773914, 0.0)
(37.601234, 32.733524, 0.0)
(37.584698, 32.719666, 0.0)
(37.573601, 32.701118, 0.0)
(37.553951, 32.658318, 0.0)
(37.570683, 32.625362, 0.0)
(37.558968, 32.535019, 0.0)
(37.573231, 32.480541, 0.0)
(37.574512, 32.469173, 0.0)
(37.575958, 32.469208, 0.0)
(37.567699, 32.460773, 0.0)
(37.562790, 32.463753, 0.0)
(37.566044, 32.477303, 0.0)
(37.563416, 32.473534, 0.0)
(37.558506, 32.463596, 0.0)
(37.318626, 32.510864, 0.0)
(37.207546, 33.463074, 0.0)
(37.804050, 33.833534, 0.0)
(37.461178, 32.665874, 0.0)
(37.318008, 32.250877, 0.0)
(37.410038, 32.304260, 0.0)
(37.470451, 32.287941, 0.0)
(37.463112, 32.282814, 0.0)
(37.460999, 32.280888, 0.0)
(37.490406, 32.308876, 0.0)
(37.484608, 32.305637, 0.0)
(37.486481, 32.317371, 0.0)
(37.507885, 32.334278, 0.0)
(37.505856, 32.301315, 0.0)
(37.514946, 32.304340, 0.0)
(37.497612, 32.291145, 0.0)
(37.493748, 32.315605, 0.0)
(34.619518, 32.587833, 0.0)
(30.716934, 34.422329, 0.0)
(27.622919, 36.956097, 0.0)
(25.498022, 38.446384, 0.0)
(25.293512, 38.740856, 0.0)
(25.287785, 38.775509, 0.0)
(25.266922, 38.757572, 0.0)
(25.279427, 38.784035, 0.0)
(25.793865, 39.306881, 0.0)
(25.838907, 39.343765, 0.0)
(25.824974, 39.344742, 0.0)
(25.832478, 39.346008, 0.0)
(25.817116, 39.392021, 0.0)
(25.829979, 39.387459, 0.0)
(25.831320, 39.397385, 0.0)
(25.832323, 39.451389, 0.0)
(25.833532, 39.480961, 0.0)
(25.819391, 39.510849, 0.0)
(25.817448, 39.541859, 0.0)
(25.823254, 39.570793, 0.0)
(25.797909, 39.613480, 0.0)
(25.788872, 39.669971, 0.0)
(25.776142, 39.661537, 0.0)
(25.772072, 39.666706, 0.0)
(25.773859, 39.672344, 0.0)
(25.777256, 39.669701, 0.0)
(25.750729, 39.691292, 0.0)
(25.739204, 39.669003, 0.0)
(25.743752, 39.681446, 0.0)
(25.736137, 39.659748, 0.0)
(25.735712, 39.642735, 0.0)
(25.733589, 39.652710, 0.0)
(25.752975, 39.614471, 0.0)
(25.751432, 39.586605, 0.0)
(25.746658, 39.584118, 0.0)
(25.743233, 39.572231, 0.0)
(25.744871, 39.573044, 0.0)
(25.733358, 39.535610, 0.0)
(25.728691, 39.523754, 0.0)
(25.742390, 39.511124, 0.0)
(25.743008, 39.479412, 0.0)
(25.974438, 40.252365, 0.0)
(26.039127, 40.606644, 0.0)
(26.014263, 40.577366, 0.0)
(26.008095, 40.533878, 0.0)
(25.997744, 40.509850, 0.0)
(25.990978, 40.486286, 0.0)
(25.983688, 40.489807, 0.0)
(25.976713, 40.473610, 0.0)
(25.976126, 40.467251, 0.0)
(25.977709, 40.502319, 0.0)
(25.951479, 40.497837, 0.0)
(25.945265, 40.499298, 0.0)
(26.131123, 40.423023, 0.0)
(26.149025, 40.433693, 0.0)
(26.133837, 40.415485, 0.0)
(26.117809, 40.404205, 0.0)
(26.115807, 40.385925, 0.0)
(26.116526, 40.406898, 0.0)
(26.111019, 40.379208, 0.0)
(26.090971, 40.383472, 0.0)
(26.093307, 40.364750, 0.0)
(26.091171, 40.333923, 0.0)
(26.076075, 40.326916, 0.0)
(26.081465, 40.305935, 0.0)
(26.057911, 40.310410, 0.0)
(26.071491, 40.292324, 0.0)
(26.068956, 40.281628, 0.0)
(26.065935, 40.270943, 0.0)
(26.069677, 40.277397, 0.0)
(26.066202, 40.280407, 0.0)
(26.062946, 40.319767, 0.0)
(26.045656, 40.330681, 0.0)
(26.042620, 40.338795, 0.0)
(26.031250, 40.358833, 0.0)
(27.977346, 39.770779, 0.0)
(32.143867, 38.844208, 0.0)
(32.382973, 38.808205, 0.0)
(32.407204, 38.830082, 0.0)
(32.431435, 38.913548, 0.0)
(32.413120, 38.835178, 0.0)
(32.395744, 38.853161, 0.0)
(32.381866, 38.881840, 0.0)
(32.526375, 38.826981, 0.0)
(32.545494, 38.837036, 0.0)
(32.548187, 38.890160, 0.0)
(32.550022, 38.908585, 0.0)
(32.545338, 38.926170, 0.0)
(32.537434, 38.965019, 0.0)
(32.536404, 38.968967, 0.0)
(32.527981, 38.993462, 0.0)
(32.511192, 38.911819, 0.0)
(32.491882, 38.926991, 0.0)
(32.504990, 38.905319, 0.0)
(32.501472, 38.872383, 0.0)
(32.485855, 38.869587, 0.0)
(32.496754, 38.855461, 0.0)
(32.558395, 38.813232, 0.0)
(32.524723, 38.802769, 0.0)
(32.528576, 38.769230, 0.0)
(32.517609, 38.761570, 0.0)
(32.502354, 38.782055, 0.0)
(32.485165, 38.776482, 0.0)
(32.489071, 38.763451, 0.0)
(32.489498, 38.741863, 0.0)
(32.488663, 38.729080, 0.0)
(32.488300, 38.716087, 0.0)
(32.448090, 38.705753, 0.0)
(32.463051, 38.661114, 0.0)
(32.441555, 38.653984, 0.0)
(32.442612, 38.628624, 0.0)
(32.426308, 38.664906, 0.0)
(32.440796, 38.552010, 0.0)
(33.877388, 35.487778, 0.0)
(36.311714, 32.297585, 0.0)
(37.437084, 31.205706, 0.0)
(37.641109, 31.034771, 0.0)
(37.666859, 31.110060, 0.0)
(37.654079, 31.132483, 0.0)
(37.654083, 31.162474, 0.0)
(37.667282, 31.143854, 0.0)
(37.671570, 31.135838, 0.0)
(37.680386, 31.081375, 0.0)
(37.681602, 31.099873, 0.0)
(37.674046, 31.068390, 0.0)
(37.687809, 31.089712, 0.0)
(37.673382, 31.069544, 0.0)
(37.671860, 31.037336, 0.0)
(37.677002, 31.019785, 0.0)
(37.674641, 31.041080, 0.0)
(37.649017, 31.054770, 0.0)
(37.346485, 30.995783, 0.0)
(37.359077, 31.060217, 0.0)
(37.363106, 31.037865, 0.0)
(37.353664, 31.051147, 0.0)
(37.358696, 31.090071, 0.0)
(37.328831, 31.129059, 0.0)
(37.318230, 31.161314, 0.0)
(37.319000, 31.211868, 0.0)
(37.301689, 31.247683, 0.0)
(37.270458, 31.275333, 0.0)
(37.236790, 31.320377, 0.0)
(37.238300, 31.346889, 0.0)
(37.211395, 31.328768, 0.0)
(37.206528, 31.377048, 0.0)
(37.199032, 31.417284, 0.0)
(37.178188, 31.461721, 0.0)
(37.146053, 31.534151, 0.0)
(37.128143, 31.546055, 0.0)
(37.121876, 31.532494, 0.0)
(37.063362, 31.495266, 0.0)
(38.676224, 32.838017, 0.0)
(38.906612, 33.138634, 0.0)
(38.903179, 33.119854, 0.0)
(38.880447, 33.123493, 0.0)
(38.888634, 33.086143, 0.0)
(38.891174, 33.022976, 0.0)
(38.901230, 32.999866, 0.0)
(38.904503, 32.971092, 0.0)
(38.940811, 32.932121, 0.0)
(38.917633, 32.821514, 0.0)
(38.928658, 32.858276, 0.0)
(38.914627, 32.869957, 0.0)
(38.909962, 32.864185, 0.0)
(38.902248, 32.863628, 0.0)
(38.891106, 32.839695, 0.0)
(38.896473, 32.805782, 0.0)
(38.886974, 32.768650, 0.0)
(38.883472, 32.775936, 0.0)
(38.863098, 32.779785, 0.0)
(38.871799, 32.778599, 0.0)
(38.867455, 32.777596, 0.0)
(38.857414, 32.787491, 0.0)
(38.859123, 32.772831, 0.0)
(38.844696, 32.780121, 0.0)
(38.853027, 32.778309, 0.0)
(38.842388, 32.731281, 0.0)
(38.830650, 32.731033, 0.0)
(38.836971, 32.725342, 0.0)
(38.824127, 32.723621, 0.0)
(38.819050, 32.724346, 0.0)
(38.831367, 32.716854, 0.0)
(38.824623, 32.705830, 0.0)
(38.801838, 32.666775, 0.0)
(38.788189, 32.632710, 0.0)
(38.774281, 32.626366, 0.0)
(38.768948, 32.636387, 0.0)
(38.778625, 32.619656, 0.0)
(38.387184, 33.926815, 0.0)
(38.351318, 38.260258, 0.0)
(38.275127, 39.815174, 0.0)
(38.256165, 39.897022, 0.0)
(38.267010, 39.903305, 0.0)
(38.246185, 39.939766, 0.0)
(38.222923, 39.958836, 0.0)
(38.252861, 40.001503, 0.0)
(38.249146, 40.015656, 0.0)
(38.242157, 40.061813, 0.0)
(38.254272, 40.097614, 0.0)
(38.237030, 40.132004, 0.0)
(38.226021, 40.136009, 0.0)
(38.228088, 40.146370, 0.0)
(38.206150, 40.189556, 0.0)
(38.195694, 40.212708, 0.0)
(38.190010, 40.261955, 0.0)
(38.189842, 40.278427, 0.0)
(38.163097, 40.340675, 0.0)
(38.178604, 40.384171, 0.0)
(38.121399, 40.387390, 0.0)
(38.142464, 40.391750, 0.0)
(38.151386, 40.382282, 0.0)
(38.176582, 40.405907, 0.0)
(38.195107, 40.399803, 0.0)
(38.186424, 40.413395, 0.0)
(38.176289, 40.388012, 0.0)
(38.180065, 40.358826, 0.0)
(38.165482, 40.280201, 0.0)
(38.152470, 40.218647, 0.0)
(38.162598, 40.185757, 0.0)
(38.169033, 40.177753, 0.0)
(38.135937, 40.214703, 0.0)
(38.129627, 40.213421, 0.0)
(38.128536, 40.215847, 0.0)
(38.112320, 40.179218, 0.0)
(38.125191, 40.189018, 0.0)
(38.133396, 40.171577, 0.0)
(38.290474, 40.182247, 0.0)
(40.230606, 39.883118, 0.0)
(40.369251, 39.862751, 0.0)
(40.360695, 39.877438, 0.0)
(40.361004, 39.896984, 0.0)
(40.366756, 39.886944, 0.0)
(40.386913, 39.907726, 0.0)
(40.415787, 39.940720, 0.0)
(40.448723, 39.934841, 0.0)
(40.534019, 40.015297, 0.0)
(40.564053, 40.035393, 0.0)
(40.571526, 40.050785, 0.0)
(40.589798, 40.105804, 0.0)
(40.598232, 40.082001, 0.0)
(40.612282, 40.054932, 0.0)
(40.609257, 40.042633, 0.0)
(40.630421, 40.067863, 0.0)
(40.645649, 40.055550, 0.0)
(40.678783, 40.078415, 0.0)
(40.639965, 40.067406, 0.0)
(40.687431, 40.131340, 0.0)
(40.688992, 40.072540, 0.0)
(40.697269, 40.088947, 0.0)
(40.662048, 40.027462, 0.0)
(40.688232, 40.038738, 0.0)
(40.668926, 40.044415, 0.0)
(40.650105, 40.059780, 0.0)
(40.646019, 40.048363, 0.0)
(40.649288, 40.065731, 0.0)
(40.654419, 40.078964, 0.0)
(40.639359, 40.074249, 0.0)
(40.621807, 40.100761, 0.0)
(40.624153, 40.107109, 0.0)
(40.611351, 40.083851, 0.0)
(40.592682, 40.078293, 0.0)
(40.584320, 40.079887, 0.0)
(40.555576, 40.145279, 0.0)
(40.228638, 39.984421, 0.0)
(35.840050, 36.277584, 0.0)
(31.351706, 33.606171, 0.0)
(27.238247, 32.879276, 0.0)
(24.140188, 33.305737, 0.0)
(22.857166, 33.637554, 0.0)
(22.907997, 33.593224, 0.0)
(22.926792, 33.610638, 0.0)
(21.444893, 34.544815, 0.0)
(21.372919, 34.596268, 0.0)
(21.403294, 34.567032, 0.0)
(21.395271, 34.579021, 0.0)
(21.410446, 34.532928, 0.0)
(21.059448, 34.650433, 0.0)
(21.054455, 34.668636, 0.0)
(21.080652, 34.628700, 0.0)
(21.085367, 34.629574, 0.0)
(21.080189, 34.622082, 0.0)
(21.095060, 34.556816, 0.0)
(21.079004, 34.520844, 0.0)
(21.098446, 34.474380, 0.0)
(21.094393, 34.473900, 0.0)
(21.087179, 34.480068, 0.0)
(21.083733, 34.460915, 0.0)
(21.068285, 34.459480, 0.0)
(21.071188, 34.443344, 0.0)
(21.086859, 34.431332, 0.0)
(21.089594, 34.402882, 0.0)
(21.102045, 34.394497, 0.0)
(21.121069, 34.369480, 0.0)
(21.139427, 34.376202, 0.0)
(21.140121, 34.377922, 0.0)
(21.155468, 34.364204, 0.0)
(21.166082, 34.355331, 0.0)
(21.183628, 34.337128, 0.0)
(21.209253, 34.282604, 0.0)
(21.221411, 34.242104, 0.0)
(23.337461, 32.634529, 0.0)
(24.188740, 31.985338, 0.0)
(24.237286, 31.887070, 0.0)
(24.201466, 31.870544, 0.0)
(24.236980, 31.817678, 0.0)
(24.258043, 31.755358, 0.0)
(24.575062, 31.667511, 0.0)
(24.593304, 31.664055, 0.0)
(24.601009, 31.638741, 0.0)
(24.621805, 31.604361, 0.0)
(24.604937, 31.612579, 0.0)
(24.608959, 31.593269, 0.0)
(24.595263, 31.589170, 0.0)
(24.588882, 31.612726, 0.0)
(24.588758, 31.597013, 0.0)
(24.626719, 31.582268, 0.0)
(24.855946, 31.491493, 0.0)
(24.882318, 31.435129, 0.0)
(24.868073, 31.473881, 0.0)
(24.858477, 31.504496, 0.0)
(24.845112, 31.505405, 0.0)
(24.851175, 31.527521, 0.0)
(24.846043, 31.544952, 0.0)
(24.854856, 31.587553, 0.0)
(24.831541, 31.622423, 0.0)
(24.835983, 31.649807, 0.0)
(24.831291, 31.666563, 0.0)
(24.837444, 31.680799, 0.0)
(24.792440, 31.708015, 0.0)
(24.813387, 31.753466, 0.0)
(24.809481, 31.771090, 0.0)
(24.809071, 31.801342, 0.0)
(24.821562, 31.803453, 0.0)
(24.786127, 31.774017, 0.0)
(24.756351, 31.718334, 0.0)
(24.766304, 31.713718, 0.0)
(24.772285, 31.724636, 0.0)
(24.233580, 32.190960, 0.0)
(22.813496, 33.623180, 0.0)
(22.729700, 33.718369, 0.0)
(22.745958, 33.687267, 0.0)
(22.756920, 33.661667, 0.0)
(22.631266, 33.648849, 0.0)
(22.379725, 35.632347, 0.0)
(21.847715, 36.438313, 0.0)
(22.051809, 34.275326, 0.0)
(22.165398, 33.270634, 0.0)
(22.297235, 33.311665, 0.0)
(22.373945, 33.389580, 0.0)
(22.386593, 33.385128, 0.0)
(22.408234, 33.374851, 0.0)
(22.428724, 33.388229, 0.0)
(22.732695, 33.307571, 0.0)
(22.808968, 33.316448, 0.0)
(22.804369, 33.321072, 0.0)
(22.794462, 33.313339, 0.0)
(22.808159, 33.328228, 0.0)
(22.808710, 33.325203, 0.0)
(22.810358, 33.335247, 0.0)
(22.815008, 33.304115, 0.0)
(22.810673, 33.301964, 0.0)
(22.813580, 33.300629, 0.0)
(22.807262, 33.278088, 0.0)
(22.816612, 33.289810, 0.0)
(22.826971, 33.297951, 0.0)
(22.829266, 33.283165, 0.0)
(22.846773, 33.242908, 0.0)
(22.861185, 33.199978, 0.0)
(22.864742, 33.185291, 0.0)
(22.892204, 33.170338, 0.0)
(22.876923, 33.185101, 0.0)
(22.885645, 33.176048, 0.0)
(22.894564, 33.148014, 0.0)
(25.363073, 33.427727, 0.0)
(30.202843, 34.557964, 0.0)
(30.304329, 34.650913, 0.0)
(30.304773, 34.615967, 0.0)
(30.268469, 34.623772, 0.0)
(30.253277, 34.634853, 0.0)
(30.253132, 34.627899, 0.0)
(29.941093, 34.437073, 0.0)
(29.906759, 34.411900, 0.0)
(29.944162, 34.428989, 0.0)
(29.920984, 34.436764, 0.0)
(29.931040, 34.438103, 0.0)
(29.917448, 34.472908, 0.0)
(29.907772, 34.528275, 0.0)
(29.923479, 34.543224, 0.0)
(29.901033, 34.559597, 0.0)
(29.901621, 34.599052, 0.0)
(29.921085, 34.636097, 0.0)
(29.921494, 34.673473, 0.0)
(29.948565, 34.698849, 0.0)
(29.946835, 34.723907, 0.0)
(29.940216, 34.742348, 0.0)
(29.950224, 34.779758, 0.0)
(29.935366, 34.809963, 0.0)
(29.943777, 34.822186, 0.0)
(29.932196, 34.782623, 0.0)
(29.899185, 34.720886, 0.0)
(29.878866, 34.678558, 0.0)
(29.884766, 34.661537, 0.0)
(29.882025, 34.651531, 0.0)
(29.878796, 34.602753, 0.0)
(29.894381, 34.595249, 0.0)
(29.905062, 34.587090, 0.0)
(29.901827, 34.596630, 0.0)
(29.895506, 34.589062, 0.0)
(29.904213, 34.585007, 0.0)
(29.891779, 34.500183, 0.0)
(29.898569, 34.459663, 0.0)
(29.904091, 34.450748, 0.0)
(31.292143, 34.901325, 0.0)
(35.759705, 36.818890, 0.0)
(36.398346, 37.262726, 0.0)
(36.446358, 37.287106, 0.0)
(36.426788, 37.240971, 0.0)
(36.432041, 37.213509, 0.0)
(36.436977, 37.208649, 0.0)
(36.441513, 37.202545, 0.0)
(36.870464, 37.111641, 0.0)
(36.929508, 37.133167, 0.0)
(36.927891, 37.113613, 0.0)
(36.946251, 37.115490, 0.0)
(36.920963, 37.158237, 0.0)
(36.906292, 37.155827, 0.0)
(36.916492, 37.131569, 0.0)
(36.909885, 37.105228, 0.0)
(36.911270, 37.135334, 0.0)
(36.899685, 37.132690, 0.0)
(36.899303, 37.150543, 0.0)
(36.905727, 37.123852, 0.0)
(36.886307, 37.075645, 0.0)
(36.869244, 37.062840, 0.0)
(36.875271, 37.058910, 0.0)
(36.864159, 37.057735, 0.0)
(36.853348, 37.036163, 0.0)
(36.852749, 37.055416, 0.0)
(36.852928, 37.106495, 0.0)
(36.843864, 37.109100, 0.0)
(36.817341, 37.119720, 0.0)
(36.817387, 37.151585, 0.0)
(36.794231, 37.177998, 0.0)
(36.799202, 37.179260, 0.0)
(36.783562, 37.182621, 0.0)
(36.759438, 37.232880, 0.0)
(36.767925, 37.266994, 0.0)
(36.757919, 37.344070, 0.0)
(36.753876, 37.359367, 0.0)
(36.757027, 37.377720, 0.0)
(33.024445, 35.163940, 0.0)
(28.325272, 33.144703, 0.0)
(24.668896, 32.673763, 0.0)
(22.282331, 32.826740, 0.0)
(22.068930, 32.785282, 0.0)
(22.067640, 32.782822, 0.0)
(22.045755, 32.832283, 0.0)
(21.271267, 33.497948, 0.0)
(21.204262, 33.583832, 0.0)
(21.212313, 33.562981, 0.0)
(21.204332, 33.510677, 0.0)
(21.226255, 33.478516, 0.0)
(21.245724, 33.465542, 0.0)
(21.218508, 33.458492, 0.0)
(21.247780, 33.449638, 0.0)
(21.248898, 33.439320, 0.0)
(21.242485, 33.407379, 0.0)
(21.230169, 33.375904, 0.0)
(21.249277, 33.332085, 0.0)
(21.223148, 33.306263, 0.0)
(21.212004, 33.332718, 0.0)
(21.172367, 33.364311, 0.0)
(21.141008, 33.281147, 0.0)
(21.163013, 33.270050, 0.0)
(21.157532, 33.276272, 0.0)
(21.161026, 33.262260, 0.0)
(22.776499, 32.736389, 0.0)
(27.593378, 32.161686, 0.0)
(29.894203, 32.379494, 0.0)
(29.935816, 32.367050, 0.0)
(29.911850, 32.331474, 0.0)
(29.911333, 32.311306, 0.0)
(29.909803, 32.290131, 0.0)
(29.925716, 32.231884, 0.0)
(29.952860, 32.207806, 0.0)
(29.935600, 32.143703, 0.0)
(29.930397, 32.086826, 0.0)
(29.935062, 32.070858, 0.0)
(29.568747, 32.413616, 0.0)
(25.538898, 35.975704, 0.0)
(24.256117, 37.836971, 0.0)
(24.077684, 37.908031, 0.0)
(24.068224, 37.932625, 0.0)
(24.071938, 37.939064, 0.0)
(23.975327, 38.078281, 0.0)
(23.971010, 38.267918, 0.0)
(23.992435, 38.294945, 0.0)
(23.980703, 38.313442, 0.0)
(23.970861, 38.332958, 0.0)
(23.973074, 38.361317, 0.0)
(23.966793, 38.387173, 0.0)
(23.966722, 38.390797, 0.0)
(23.958412, 38.405704, 0.0)
(23.951145, 38.419395, 0.0)
(23.928247, 38.422684, 0.0)
(23.924454, 38.419220, 0.0)
(23.892080, 38.424789, 0.0)
(23.763443, 38.338108, 0.0)
(23.716909, 38.360798, 0.0)
(23.718269, 38.396393, 0.0)
(23.725611, 38.442760, 0.0)
(23.715290, 38.454205, 0.0)
(23.722980, 38.474201, 0.0)
(23.711004, 38.525486, 0.0)
(23.715755, 38.503620, 0.0)
(23.701614, 38.490242, 0.0)
(23.676067, 38.499641, 0.0)
(23.698336, 38.498154, 0.0)
(23.697613, 38.509899, 0.0)
(23.698095, 38.500977, 0.0)
(23.718191, 38.528637, 0.0)
(23.741503, 38.449230, 0.0)
(23.705038, 38.354774, 0.0)
(23.729805, 38.296558, 0.0)
(25.492430, 37.750484, 0.0)
(29.910357, 36.145569, 0.0)
(30.030720, 36.021202, 0.0)
(30.053146, 35.996754, 0.0)
(30.074244, 35.969566, 0.0)
(30.062132, 35.915424, 0.0)
(30.073540, 35.901405, 0.0)
(30.054550, 35.887501, 0.0)
(30.081211, 35.909344, 0.0)
(30.089197, 35.834927, 0.0)
(30.073835, 35.873749, 0.0)
(30.069687, 35.855408, 0.0)
(30.066723, 35.859741, 0.0)
(30.074211, 35.852726, 0.0)
(30.078768, 35.839752, 0.0)
(30.072052, 35.829079, 0.0)
(30.070417, 35.794247, 0.0)
(30.067492, 35.778084, 0.0)
(30.056005, 35.784103, 0.0)
(30.043148, 35.774529, 0.0)
(30.037106, 35.787842, 0.0)
(30.048849, 35.795635, 0.0)
(30.057562, 35.749817, 0.0)
(30.067022, 35.764469, 0.0)
(30.060545, 35.760506, 0.0)
(30.050451, 35.756527, 0.0)
(30.055212, 35.761135, 0.0)
(30.068197, 35.739037, 0.0)
(30.065271, 35.744263, 0.0)
(30.069437, 35.728588, 0.0)
(30.062113, 35.722313, 0.0)
(30.055849, 35.724159, 0.0)
(30.053736, 35.712860, 0.0)
(30.055857, 35.699062, 0.0)
(30.065966, 35.709343, 0.0)
(30.065369, 35.684658, 0.0)
(30.062075, 35.691528, 0.0)
(30.061583, 35.686737, 0.0)
(31.155619, 36.026340, 0.0)
(35.381496, 37.451233, 0.0)
(36.240620, 38.202869, 0.0)
(36.342373, 38.270317, 0.0)
(36.336285, 38.280449, 0.0)
(36.329655, 38.285618, 0.0)
(36.748291, 38.623695, 0.0)
(36.779572, 38.673351, 0.0)
(36.766575, 38.690575, 0.0)
(36.767517, 38.687065, 0.0)
(36.739471, 38.728146, 0.0)
(36.742924, 38.728966, 0.0)
(36.736263, 38.746964, 0.0)
(36.733463, 38.783024, 0.0)
(36.714493, 38.817074, 0.0)
(36.723713, 38.815308, 0.0)
(36.695351, 38.816078, 0.0)
(36.691395, 38.821980, 0.0)
(36.692818, 38.837685, 0.0)
(36.676174, 38.827770, 0.0)
(36.671272, 38.839672, 0.0)
(36.663635, 38.849266, 0.0)
(36.671104, 38.871708, 0.0)
(36.673103, 38.842628, 0.0)
(36.667740, 38.812016, 0.0)
(36.670841, 38.803108, 0.0)
(36.680965, 38.768383, 0.0)
(36.676308, 38.732155, 0.0)
(36.665325, 38.714100, 0.0)
(36.669228, 38.705803, 0.0)
(36.673191, 38.687653, 0.0)
(36.660347, 38.656952, 0.0)
(36.648670, 38.652847, 0.0)
(36.637455, 38.585033, 0.0)
(36.638508, 38.556507, 0.0)
(36.653751, 38.517666, 0.0)
(36.667408, 38.512058, 0.0)
(33.264931, 33.515850, 0.0)
(30.302517, 29.934486, 0.0)
(29.954851, 29.714233, 0.0)
(29.932108, 29.713070, 0.0)
(29.922050, 29.706163, 0.0)
(29.183538, 29.400717, 0.0)
(29.088305, 29.384848, 0.0)
(29.084019, 29.394873, 0.0)
(29.073566, 29.380993, 0.0)
(29.089241, 29.365559, 0.0)
(29.092365, 29.347647, 0.0)
(29.061842, 29.312750, 0.0)
(29.075033, 29.280270, 0.0)
(29.051168, 29.273676, 0.0)
(28.866211, 29.108881, 0.0)
(28.914284, 29.066971, 0.0)
(28.919394, 29.044085, 0.0)
(28.900959, 29.012005, 0.0)
(28.892174, 29.003555, 0.0)
(28.903961, 29.026781, 0.0)
(28.899183, 29.044571, 0.0)
(28.904079, 29.049053, 0.0)
(29.071642, 29.069710, 0.0)
(29.140779, 29.176706, 0.0)
(29.141655, 29.185829, 0.0)
(29.141720, 29.166365, 0.0)
(29.146181, 29.189878, 0.0)
(29.147598, 29.192926, 0.0)
(29.139202, 29.209661, 0.0)
(29.111841, 29.259735, 0.0)
(29.097164, 29.265734, 0.0)
(29.092733, 29.264254, 0.0)
(29.097366, 29.295567, 0.0)
(29.078056, 29.311710, 0.0)
(29.087381, 29.332041, 0.0)
(29.090071, 29.375113, 0.0)
(29.090496, 29.400766, 0.0)
(29.942038, 29.419258, 0.0)
(35.090904, 30.555656, 0.0)
(37.975624, 32.199234, 0.0)
(39.493958, 33.615726, 0.0)
(39.687637, 33.781933, 0.0)
(39.731449, 33.829548, 0.0)
(39.792400, 33.888313, 0.0)
(40.407658, 34.044403, 0.0)
(40.445724, 34.039085, 0.0)
(40.451363, 34.027203, 0.0)
(40.438286, 34.000561, 0.0)
(40.413898, 34.017246, 0.0)
(40.407711, 34.031994, 0.0)
(40.398922, 34.014194, 0.0)
(40.396832, 33.987289, 0.0)
(40.402351, 33.962753, 0.0)
(40.399078, 33.941841, 0.0)
(40.398834, 33.876186, 0.0)
(40.392246, 33.812557, 0.0)
(40.403461, 33.794304, 0.0)
(40.392052, 33.767517, 0.0)
(40.384918, 33.742741, 0.0)
(40.382793, 33.766808, 0.0)
(40.372585, 33.742416, 0.0)
(40.379192, 33.719868, 0.0)
(40.374660, 33.677505, 0.0)
(40.381233, 33.669052, 0.0)
(40.365894, 33.635139, 0.0)
(40.119762, 33.330685, 0.0)
(40.196663, 33.358341, 0.0)
(40.204826, 33.347935, 0.0)
(40.211208, 33.353153, 0.0)
(40.206863, 33.327991, 0.0)
(40.224098, 33.264164, 0.0)
(40.212246, 33.224503, 0.0)
(40.201332, 33.203228, 0.0)
(40.210091, 33.224598, 0.0)
(40.170628, 33.202698, 0.0)
(40.150101, 33.186382, 0.0)
(38.787056, 30.752119, 0.0)
(38.415577, 30.071579, 0.0)
(38.426704, 30.065002, 0.0)
(38.447807, 30.063030, 0.0)
(38.446487, 30.076437, 0.0)
(38.343449, 29.639742, 0.0)
(38.325962, 29.625795, 0.0)
(38.315651, 29.649296, 0.0)
(38.311615, 29.673143, 0.0)
(38.323776, 29.725422, 0.0)
(38.298561, 29.738054, 0.0)
(38.304985, 29.781673, 0.0)
(38.300579, 29.773159, 0.0)
(38.286556, 29.789852, 0.0)
(38.222290, 29.674923, 0.0)
(38.185658, 29.634386, 0.0)
(38.183075, 29.659910, 0.0)
(38.174786, 29.722078, 0.0)
(38.127106, 29.732916, 0.0)
(38.123295, 29.765987, 0.0)
(38.110287, 29.762691, 0.0)
(38.108036, 29.789259, 0.0)
(38.080059, 29.809296, 0.0)
(38.069992, 29.826674, 0.0)
(38.069992, 29.826674, 0.0)
(38.059456, 29.841997, 0.0)
(38.038071, 29.848787, 0.0)
(38.004845, 29.892485, 0.0)
(37.963993, 29.852055, 0.0)
(37.978283, 29.819736, 0.0)
(37.973545, 29.799416, 0.0)
(37.968071, 29.795383, 0.0)
(37.972565, 29.798674, 0.0)
(37.952160, 29.748859, 0.0)
(37.951111, 29.725632, 0.0)
(37.949165, 29.716599, 0.0)
(37.949207, 29.749199, 0.0)
(39.217651, 32.366318, 0.0)
(40.354263, 37.314495, 0.0)
(40.579914, 40.327148, 0.0)
(40.486103, 40.626461, 0.0)
(40.471191, 40.567493, 0.0)
(40.478306, 40.562160, 0.0)
(40.492416, 40.574112, 0.0)
(40.486233, 41.107441, 0.0)
(40.505611, 41.167511, 0.0)
(40.506729, 41.131222, 0.0)
(40.511578, 41.081402, 0.0)
(40.529354, 41.077282, 0.0)
(40.540157, 41.071587, 0.0)
(40.528828, 41.071400, 0.0)
(40.532410, 41.072151, 0.0)
(40.525917, 41.097668, 0.0)
(40.554714, 41.057823, 0.0)
(40.564102, 41.089252, 0.0)
(40.574516, 41.089088, 0.0)
(40.570599, 41.065269, 0.0)
(40.578163, 41.057373, 0.0)
(40.573956, 41.043217, 0.0)
(40.612206, 41.035164, 0.0)
(40.616676, 41.017719, 0.0)
(40.633987, 41.038300, 0.0)
(40.618614, 41.038723, 0.0)
(40.623444, 41.001381, 0.0)
(40.612366, 40.952484, 0.0)
(40.608665, 40.948349, 0.0)
(40.601261, 40.946712, 0.0)
(40.589211, 40.962250, 0.0)
(40.584637, 40.964314, 0.0)
(40.568081, 41.028912, 0.0)
(40.556217, 41.032764, 0.0)
(40.561699, 41.077965, 0.0)
(40.554394, 41.082802, 0.0)
(40.530727, 41.108799, 0.0)
(37.143936, 36.387924, 0.0)
(32.429817, 32.907986, 0.0)
(28.569353, 31.961821, 0.0)
(27.058695, 31.915211, 0.0)
(27.059986, 31.906063, 0.0)
(27.122238, 31.896269, 0.0)
(27.130449, 31.871517, 0.0)
(27.123045, 31.873142, 0.0)
(27.010614, 32.192192, 0.0)
(26.965569, 32.320427, 0.0)
(27.000561, 32.308453, 0.0)
(26.981339, 32.282856, 0.0)
(26.967539, 32.297043, 0.0)
(26.971514, 32.328278, 0.0)
(26.941225, 32.368481, 0.0)
(26.946934, 32.347748, 0.0)
(26.973488, 32.337940, 0.0)
(26.942616, 32.302814, 0.0)
(26.948877, 32.300037, 0.0)
(26.982220, 32.261017, 0.0)
(26.978321, 32.221058, 0.0)
(26.979378, 32.207825, 0.0)
(26.967800, 32.191231, 0.0)
(26.967127, 32.178162, 0.0)
(26.930992, 32.156284, 0.0)
(26.913002, 32.142223, 0.0)
(26.917034, 32.118675, 0.0)
(26.896999, 32.108429, 0.0)
(26.898745, 32.111458, 0.0)
(26.906649, 32.108398, 0.0)
(26.901470, 32.121578, 0.0)
(26.893791, 32.117775, 0.0)
(26.895832, 32.124378, 0.0)
(26.894491, 32.104912, 0.0)
(26.890694, 32.102596, 0.0)
(26.902592, 32.077427, 0.0)
(26.913979, 32.075447, 0.0)
(26.915333, 32.083679, 0.0)
(27.618906, 32.684845, 0.0)
(31.358049, 37.436050, 0.0)
(32.790516, 40.824566, 0.0)
(32.788746, 41.059532, 0.0)
(32.723320, 41.117344, 0.0)
(32.717869, 41.111073, 0.0)
(32.690689, 41.082500, 0.0)
(32.691662, 41.051785, 0.0)
(32.908497, 41.357029, 0.0)
(32.982895, 41.331009, 0.0)
(32.967648, 41.314758, 0.0)
(32.968861, 41.334549, 0.0)
(32.956936, 41.338337, 0.0)
(32.940353, 41.356628, 0.0)
(32.906445, 41.448284, 0.0)
(32.926304, 41.482307, 0.0)
(32.918339, 41.499001, 0.0)
(32.905769, 41.497131, 0.0)
(32.913342, 41.497517, 0.0)
(32.906719, 41.500420, 0.0)
(32.913151, 41.507511, 0.0)
(32.934025, 41.543159, 0.0)
(32.893200, 41.696468, 0.0)
(32.889576, 41.752579, 0.0)
(32.897640, 41.787979, 0.0)
(32.873768, 41.747597, 0.0)
(32.884529, 41.724422, 0.0)
(32.857552, 41.783077, 0.0)
(32.803684, 41.898743, 0.0)
(32.776619, 41.976349, 0.0)
(32.787071, 41.958870, 0.0)
(32.784954, 41.967670, 0.0)
(32.774143, 41.962383, 0.0)
(32.753212, 41.966610, 0.0)
(32.747383, 42.010769, 0.0)
(32.744274, 42.039417, 0.0)
(32.734707, 41.969383, 0.0)
(32.757996, 41.876469, 0.0)
(35.665756, 36.463135, 0.0)
(37.753334, 32.918903, 0.0)
(39.091934, 31.984322, 0.0)
(39.334602, 31.886286, 0.0)
(39.327419, 31.921198, 0.0)
(39.331230, 31.951365, 0.0)
(39.809559, 32.003067, 0.0)
(39.872272, 31.997105, 0.0)
(39.854649, 31.969639, 0.0)
(39.849648, 31.883648, 0.0)
(39.863106, 31.869949, 0.0)
(39.928696, 31.887255, 0.0)
(39.943123, 31.912487, 0.0)
(39.922359, 31.916430, 0.0)
(39.926964, 31.874622, 0.0)
(39.896076, 31.861609, 0.0)
(39.896469, 31.787601, 0.0)
(39.906948, 31.794243, 0.0)
(39.899002, 31.807835, 0.0)
(39.877247, 31.837389, 0.0)
(39.851543, 31.827875, 0.0)
(39.853905, 31.839165, 0.0)
(39.866184, 31.836260, 0.0)
(39.841354, 31.815929, 0.0)
(39.843922, 31.814566, 0.0)
(39.849159, 31.786448, 0.0)
(39.810310, 31.771070, 0.0)
(39.725342, 31.761295, 0.0)
(39.408283, 31.499205, 0.0)
(39.396793, 31.491669, 0.0)
(39.402180, 31.486183, 0.0)
(39.397045, 31.457777, 0.0)
(39.383083, 31.411087, 0.0)
(39.369694, 31.405043, 0.0)
(39.369083, 31.382738, 0.0)
(39.361542, 31.354357, 0.0)
(39.360203, 31.392500, 0.0)
(39.265255, 32.025528, 0.0)
(39.719723, 35.650711, 0.0)
(39.744041, 37.676113, 0.0)
(39.726830, 37.786091, 0.0)
(39.727570, 37.780869, 0.0)
(39.743526, 37.768204, 0.0)
(39.761665, 37.749996, 0.0)
(39.776169, 37.804928, 0.0)
(39.785545, 37.835136, 0.0)
(39.798660, 37.885635, 0.0)
(39.807175, 37.912338, 0.0)
(39.811596, 37.954853, 0.0)
(39.705093, 37.867886, 0.0)
(39.692345, 37.871517, 0.0)
(39.694305, 37.901157, 0.0)
(39.688869, 37.914219, 0.0)
(39.680832, 37.920574, 0.0)
(39.670700, 37.935562, 0.0)
(39.664318, 37.962517, 0.0)
(39.673466, 37.983131, 0.0)
(39.659496, 37.973801, 0.0)
(39.644978, 37.989933, 0.0)
(39.650597, 37.990677, 0.0)
(39.633366, 37.900707, 0.0)
(39.631516, 37.907970, 0.0)
(39.653233, 37.882294, 0.0)
(39.644630, 37.879410, 0.0)
(39.612877, 37.885109, 0.0)
(39.614254, 37.894096, 0.0)
(39.625893, 37.829243, 0.0)
(39.617718, 37.757774, 0.0)
(39.618282, 37.758404, 0.0)
(39.616531, 37.761993, 0.0)
(39.608921, 37.767769, 0.0)
(39.600769, 37.769482, 0.0)
(39.604130, 37.769390, 0.0)
(39.615810, 37.759663, 0.0)
(39.610485, 37.778793, 0.0)
(37.243233, 38.407894, 0.0)
(33.743969, 39.928944, 0.0)
(30.957022, 40.952702, 0.0)
(30.844271, 41.093010, 0.0)
(30.851112, 41.120911, 0.0)
(30.836962, 41.159870, 0.0)
(30.830976, 41.197872, 0.0)
(30.826948, 41.195305, 0.0)
(30.814743, 41.147263, 0.0)
(32.347565, 41.636665, 0.0)
(32.472775, 41.678150, 0.0)
(32.470802, 41.689651, 0.0)
(32.465691, 41.703537, 0.0)
(32.401123, 41.710266, 0.0)
(30.775097, 41.444195, 0.0)
(30.694841, 41.438301, 0.0)
(30.690069, 41.419220, 0.0)
(30.677629, 41.427692, 0.0)
(30.667500, 41.424545, 0.0)
(30.683521, 41.395023, 0.0)
(30.666124, 41.423489, 0.0)
(31.199596, 38.030533, 0.0)
(31.281832, 34.648865, 0.0)
(31.204662, 34.500793, 0.0)
(31.220308, 34.591885, 0.0)
(31.237339, 34.630417, 0.0)
(31.244879, 34.629742, 0.0)
(31.233835, 34.608658, 0.0)
(31.206059, 34.623821, 0.0)
(31.194054, 34.623745, 0.0)
(31.211096, 34.656025, 0.0)
(31.197365, 34.656681, 0.0)
(31.181444, 34.649567, 0.0)
(31.208538, 34.685394, 0.0)
(31.190538, 34.752941, 0.0)
(31.187696, 34.808414, 0.0)
(31.187611, 34.813015, 0.0)
(31.651709, 32.906284, 0.0)
(33.125134, 29.438787, 0.0)
(33.197502, 29.310225, 0.0)
(33.176315, 29.357306, 0.0)
(33.153431, 29.317238, 0.0)
(33.250679, 28.811960, 0.0)
(33.282410, 28.752106, 0.0)
(33.285133, 28.737314, 0.0)
(33.249264, 28.720306, 0.0)
(33.198555, 28.733400, 0.0)
(33.166008, 28.690708, 0.0)
(33.161861, 28.666309, 0.0)
(33.154678, 28.676796, 0.0)
(33.146706, 28.694038, 0.0)
(33.117142, 28.693399, 0.0)
(33.115871, 28.671804, 0.0)
(32.950436, 29.031797, 0.0)
(32.855385, 29.043238, 0.0)
(32.835327, 29.040251, 0.0)
(32.819942, 29.051310, 0.0)
(32.815289, 29.053905, 0.0)
(32.802113, 29.055264, 0.0)
(32.790554, 29.018736, 0.0)
(32.800232, 28.945318, 0.0)
(32.794735, 28.936069, 0.0)
(32.787430, 28.947969, 0.0)
(32.799129, 28.980682, 0.0)
(32.798553, 29.001345, 0.0)
(32.830917, 28.988577, 0.0)
(32.847301, 29.013359, 0.0)
(32.845146, 29.022001, 0.0)
(32.834335, 29.013617, 0.0)
(32.864227, 28.954920, 0.0)
(32.864819, 28.956074, 0.0)
(32.674385, 30.496548, 0.0)
(32.710327, 33.012966, 0.0)
(32.600178, 33.152626, 0.0)
(32.583916, 33.137852, 0.0)
(32.596222, 33.135506, 0.0)
(32.590046, 33.115105, 0.0)
(32.578804, 33.105396, 0.0)
(29.426991, 35.139717, 0.0)
(25.981447, 37.763451, 0.0)
(25.468046, 38.355640, 0.0)
(25.433298, 38.433319, 0.0)
(25.424250, 38.354252, 0.0)
(25.404284, 38.321568, 0.0)
(25.418602, 38.306564, 0.0)
(25.407061, 38.345318, 0.0)
(25.406588, 38.367878, 0.0)
(25.392920, 38.367851, 0.0)
(25.371868, 38.386169, 0.0)
(25.390383, 38.384136, 0.0)
(25.367807, 38.431629, 0.0)
(25.604815, 38.451378, 0.0)
(25.612898, 38.494827, 0.0)
(25.622211, 38.493420, 0.0)
(25.608055, 38.516624, 0.0)
(25.614080, 38.532097, 0.0)
(25.604881, 38.545113, 0.0)
(25.584013, 38.568642, 0.0)
(25.571857, 38.592628, 0.0)
(25.560251, 38.640640, 0.0)
(25.577263, 38.711086, 0.0)
(25.566708, 38.744030, 0.0)
(25.563128, 38.753582, 0.0)
(25.566639, 38.751019, 0.0)
(25.551842, 38.747482, 0.0)
(25.557350, 38.773872, 0.0)
(25.528801, 38.791748, 0.0)
(25.501926, 38.791988, 0.0)
(25.489325, 38.749466, 0.0)
(25.508596, 38.703934, 0.0)
(25.500990, 38.631683, 0.0)
(25.506222, 38.588764, 0.0)
(27.056627, 37.911068, 0.0)
(32.335087, 34.792221, 0.0)
(36.545265, 34.265251, 0.0)
(37.780121, 34.108067, 0.0)
(37.906166, 34.097157, 0.0)
(37.891216, 34.090382, 0.0)
(37.902843, 34.071728, 0.0)
(37.904202, 34.017662, 0.0)
(37.913223, 33.959713, 0.0)
(37.911896, 33.911690, 0.0)
(37.929379, 33.944279, 0.0)
(37.909039, 33.943901, 0.0)
(37.877060, 33.930717, 0.0)
(37.864891, 33.902760, 0.0)
(37.896751, 33.890244, 0.0)
(37.899475, 33.849712, 0.0)
(37.886059, 33.816860, 0.0)
(37.873756, 33.809338, 0.0)
(37.850697, 33.818974, 0.0)
(37.842880, 33.821445, 0.0)
(37.859386, 33.802048, 0.0)
(37.853588, 33.806751, 0.0)
(37.856548, 33.798889, 0.0)
(37.859032, 33.795841, 0.0)
(37.879204, 33.797131, 0.0)
(37.877720, 33.773273, 0.0)
(37.888187, 33.770218, 0.0)
(37.884216, 33.759907, 0.0)
(37.896126, 33.790863, 0.0)
(37.881836, 33.749599, 0.0)
(37.887897, 33.768505, 0.0)
(37.869053, 33.745266, 0.0)
(37.858170, 33.700279, 0.0)
(37.839386, 33.672565, 0.0)
(37.850163, 33.710205, 0.0)
(37.827953, 33.729649, 0.0)
(37.830574, 33.767300, 0.0)
(37.022209, 33.266930, 0.0)
(33.508896, 31.006794, 0.0)
(33.406021, 30.917444, 0.0)
(33.446507, 30.939075, 0.0)
(33.439983, 30.912064, 0.0)
(33.443699, 30.911053, 0.0)
(33.436203, 30.894682, 0.0)
(33.435814, 30.927744, 0.0)
(33.449650, 30.953644, 0.0)
(33.456261, 30.976898, 0.0)
(33.523338, 30.982731, 0.0)
(33.710983, 30.887144, 0.0)
(33.767757, 30.853544, 0.0)
(33.758316, 30.851803, 0.0)
(33.759163, 30.860107, 0.0)
(33.762047, 30.887691, 0.0)
(33.737267, 30.909599, 0.0)
(33.734909, 30.937757, 0.0)
(33.698418, 30.947380, 0.0)
(33.684887, 30.943377, 0.0)
(33.683552, 30.936953, 0.0)
(33.694740, 30.948111, 0.0)
(33.686558, 30.942133, 0.0)
(33.678154, 30.918421, 0.0)
(33.687187, 30.849464, 0.0)
(33.685894, 30.837317, 0.0)
(33.684006, 30.796606, 0.0)
(33.688183, 30.806885, 0.0)
(33.681026, 30.809362, 0.0)
(33.691437, 30.804970, 0.0)
(33.689445, 30.760492, 0.0)
(33.691608, 30.740295, 0.0)
(33.697372, 30.729509, 0.0)
(33.685497, 30.742630, 0.0)
(33.696384, 30.754177, 0.0)
(33.681885, 30.762568, 0.0)
(33.633308, 30.759224, 0.0)
(30.293613, 32.890362, 0.0)
(28.464560, 35.859406, 0.0)
(28.300812, 35.825459, 0.0)
(28.164360, 35.587627, 0.0)
(27.587183, 37.415386, 0.0)
(27.345282, 37.074631, 0.0)
(27.385660, 35.825653, 0.0)
(27.364346, 35.642239, 0.0)
(27.370230, 35.825882, 0.0)
(27.430574, 35.772892, 0.0)
(27.465975, 35.870789, 0.0)
(27.623770, 36.364140, 0.0)
(27.642525, 36.433636, 0.0)
(27.682684, 36.476223, 0.0)
(27.655745, 36.445023, 0.0)
(27.623631, 36.432228, 0.0)
(27.602148, 36.445538, 0.0)
(27.607071, 36.462421, 0.0)
(27.608816, 36.466362, 0.0)
(27.602512, 36.474148, 0.0)
(27.608353, 36.471298, 0.0)
(27.604851, 36.462498, 0.0)
(27.612352, 36.454350, 0.0)
(27.611393, 36.463863, 0.0)
(27.602772, 36.484348, 0.0)
(27.614090, 36.499844, 0.0)
(27.592272, 36.531197, 0.0)
(27.592272, 36.531197, 0.0)
(27.599461, 36.527840, 0.0)
(27.589916, 36.538460, 0.0)
(27.594587, 36.524818, 0.0)
(27.584108, 36.539398, 0.0)
(27.629105, 36.529453, 0.0)
(27.583475, 36.563721, 0.0)
(27.601023, 36.558353, 0.0)
(27.602854, 36.568836, 0.0)
(27.604513, 36.571545, 0.0)
(27.604294, 36.579308, 0.0)
(30.323503, 35.492371, 0.0)
(34.076637, 34.750595, 0.0)
(34.182682, 34.710175, 0.0)
(34.160107, 34.719036, 0.0)
(34.144302, 34.698017, 0.0)
(34.131756, 34.671535, 0.0)
(34.166786, 34.658493, 0.0)
(34.381203, 34.649017, 0.0)
(34.424812, 34.626934, 0.0)
(34.418568, 34.615406, 0.0)
(34.438118, 34.592888, 0.0)
(34.450703, 34.586433, 0.0)
(34.454521, 34.552467, 0.0)
(34.443306, 34.512657, 0.0)
(34.450089, 34.494312, 0.0)
(34.449566, 34.506577, 0.0)
(34.443523, 34.507980, 0.0)
(34.433910, 34.493526, 0.0)
(34.426582, 34.488724, 0.0)
(34.438694, 34.498619, 0.0)
(34.447090, 34.478203, 0.0)
(34.437695, 34.467621, 0.0)
(34.429970, 34.489792, 0.0)
(34.441410, 34.505070, 0.0)
(34.418213, 34.466145, 0.0)
(34.413280, 34.469841, 0.0)
(34.408039, 34.458004, 0.0)
(34.417793, 34.440346, 0.0)
(34.404625, 34.454369, 0.0)
(34.413643, 34.434708, 0.0)
(34.420288, 34.419514, 0.0)
(34.410294, 34.405029, 0.0)
(34.411785, 34.384949, 0.0)
(34.414181, 34.384060, 0.0)
(34.415371, 34.385826, 0.0)
(34.425148, 34.379265, 0.0)
(34.419659, 34.376629, 0.0)
(34.955196, 34.067589, 0.0)
(37.789482, 32.069588, 0.0)
(38.842300, 31.987705, 0.0)
(38.980034, 31.983381, 0.0)
(38.966221, 31.997597, 0.0)
(38.967789, 32.038483, 0.0)
(38.974922, 32.039474, 0.0)
(38.962208, 32.079704, 0.0)
(38.987991, 32.038445, 0.0)
(38.958759, 32.020000, 0.0)
(38.950176, 32.000271, 0.0)
(38.947670, 31.999454, 0.0)
(38.921398, 31.959204, 0.0)
(38.919258, 31.949043, 0.0)
(38.913216, 31.824705, 0.0)
(38.897175, 31.820436, 0.0)
(38.897423, 31.851908, 0.0)
(38.866943, 31.856030, 0.0)
(38.863819, 31.906660, 0.0)
(38.849491, 31.904669, 0.0)
(38.826977, 31.927467, 0.0)
(38.814411, 31.948000, 0.0)
(38.788525, 31.949535, 0.0)
(38.774513, 31.960369, 0.0)
(38.778404, 32.004139, 0.0)
(38.771145, 32.005795, 0.0)
(38.758717, 32.058609, 0.0)
(38.754002, 32.053856, 0.0)
(38.749203, 32.045544, 0.0)
(38.721912, 32.062832, 0.0)
(38.706459, 32.089195, 0.0)
(38.686394, 32.080528, 0.0)
(38.660980, 32.062950, 0.0)
(38.670952, 32.031647, 0.0)
(38.610687, 32.021053, 0.0)
(38.606831, 32.032944, 0.0)
(38.599033, 32.000797, 0.0)
(38.591698, 32.042889, 0.0)
(38.578522, 31.987282, 0.0)
(38.571552, 31.977478, 0.0)
(38.561729, 31.978436, 0.0)
(37.926399, 34.086880, 0.0)
(37.566422, 37.967552, 0.0)
(37.386436, 38.643951, 0.0)
(37.368462, 38.641811, 0.0)
(37.383595, 38.621677, 0.0)
(37.390079, 38.615189, 0.0)
(37.405788, 38.597393, 0.0)
(37.400978, 38.595200, 0.0)
(37.403671, 38.596134, 0.0)
(35.772572, 38.100407, 0.0)
(31.653280, 37.489159, 0.0)
(28.445253, 37.513103, 0.0)
(28.250719, 37.508945, 0.0)
(28.269711, 37.465626, 0.0)
(28.268213, 37.454052, 0.0)
(28.262373, 37.454700, 0.0)
(28.306082, 37.460285, 0.0)
(28.316835, 37.426441, 0.0)
(28.330881, 37.424580, 0.0)
(30.092995, 35.570709, 0.0)
(30.506327, 35.229538, 0.0)
(30.529346, 35.181129, 0.0)
(30.554819, 35.185658, 0.0)
(30.564625, 35.185650, 0.0)
(30.569021, 35.205856, 0.0)
(30.585058, 35.196335, 0.0)
(30.599150, 35.195362, 0.0)
(30.610291, 35.161430, 0.0)
(30.604523, 35.149944, 0.0)
(30.596025, 35.153271, 0.0)
(30.624115, 35.160969, 0.0)
(30.617912, 35.180965, 0.0)
(30.622696, 35.194332, 0.0)
(30.621851, 35.175850, 0.0)
(30.615997, 35.156834, 0.0)
(32.565907, 35.863884, 0.0)
(34.365810, 36.631405, 0.0)
(34.455418, 36.659225, 0.0)
(34.457783, 36.654938, 0.0)
(34.584930, 36.750751, 0.0)
(34.627541, 37.019955, 0.0)
(34.633232, 37.048309, 0.0)
(34.638409, 37.139927, 0.0)
(34.200291, 36.743641, 0.0)
(33.451820, 37.941460, 0.0)
(34.372341, 37.873070, 0.0)
(34.331688, 36.776031, 0.0)
(34.392040, 36.573521, 0.0)
(34.383934, 36.547085, 0.0)
(34.433441, 36.697685, 0.0)
(34.403999, 36.647484, 0.0)
(34.383419, 36.677917, 0.0)
(34.399288, 36.704823, 0.0)
(34.390320, 36.722378, 0.0)
(34.370773, 36.670006, 0.0)
(34.360664, 36.725353, 0.0)
(34.362549, 36.728355, 0.0)
(34.355259, 36.763039, 0.0)
(34.347912, 36.754147, 0.0)
(34.349670, 36.730274, 0.0)
(34.354603, 36.693771, 0.0)
(34.350403, 36.707279, 0.0)
(34.359509, 36.708942, 0.0)
(34.358318, 36.746628, 0.0)
(34.346180, 36.733780, 0.0)
(34.370739, 36.721848, 0.0)
(34.370434, 36.737991, 0.0)
(34.372616, 36.725502, 0.0)
(34.373020, 36.755028, 0.0)
(35.159508, 37.531635, 0.0)
(37.764191, 40.588184, 0.0)
(37.976276, 41.056625, 0.0)
(37.971008, 41.105232, 0.0)
(37.972778, 41.096916, 0.0)
(37.965069, 41.120998, 0.0)
(37.960861, 41.111488, 0.0)
(37.996971, 41.132175, 0.0)
(38.080723, 41.202156, 0.0)
(38.074894, 41.182178, 0.0)
(38.078205, 41.196869, 0.0)
(38.073936, 41.155014, 0.0)
(38.077579, 41.160900, 0.0)
(38.080338, 41.164745, 0.0)
(38.076057, 41.168945, 0.0)
(38.063431, 41.182411, 0.0)
(38.056335, 41.164131, 0.0)
(38.062672, 41.169041, 0.0)
(38.054634, 41.137405, 0.0)
(38.040848, 41.152920, 0.0)
(38.053864, 41.158886, 0.0)
(38.062862, 41.162693, 0.0)
(38.062862, 41.145069, 0.0)
(38.060577, 41.145470, 0.0)
(38.077137, 41.111824, 0.0)
(38.056973, 41.121548, 0.0)
(38.063175, 41.126827, 0.0)
(38.057613, 41.137058, 0.0)
(38.062889, 41.222439, 0.0)
(38.062557, 41.237358, 0.0)
(38.063671, 41.235142, 0.0)
(38.074162, 41.231190, 0.0)
(38.059570, 41.236729, 0.0)
(38.058781, 41.220451, 0.0)
(38.073193, 41.114399, 0.0)
(38.073395, 41.104851, 0.0)
(38.050251, 41.163078, 0.0)
(38.076492, 41.201828, 0.0)
(38.064854, 41.244789, 0.0)
(38.068375, 41.262589, 0.0)
(38.049614, 41.265221, 0.0)
(38.054367, 41.250103, 0.0)
(38.047230, 41.247284, 0.0)
(38.058586, 41.252254, 0.0)
(38.030746, 41.262970, 0.0)
(38.009903, 41.240124, 0.0)
(37.998802, 41.266098, 0.0)
(37.977829, 41.310852, 0.0)
(37.986511, 41.360897, 0.0)
(37.992451, 41.390327, 0.0)
(37.983765, 41.404030, 0.0)
(38.004711, 41.426128, 0.0)
(37.997665, 41.436554, 0.0)
(37.992764, 41.492420, 0.0)
(38.086617, 41.474335, 0.0)
(37.776436, 41.304966, 0.0)
(37.773010, 41.269821, 0.0)
(37.792725, 41.314842, 0.0)
(37.793766, 41.323769, 0.0)
(37.786976, 41.282597, 0.0)
(37.787262, 41.260487, 0.0)
(37.787518, 41.191059, 0.0)
(37.862373, 41.184669, 0.0)
(38.021408, 41.149799, 0.0)
(38.024025, 41.117558, 0.0)
(38.010395, 41.102592, 0.0)
(38.016666, 41.110367, 0.0)
(38.006989, 41.084911, 0.0)
(38.005718, 41.107914, 0.0)
(38.015648, 41.061745, 0.0)
(37.984127, 41.050198, 0.0)
(38.009674, 41.088692, 0.0)
(37.961761, 41.062378, 0.0)
(37.961845, 41.078499, 0.0)
(37.943123, 41.081844, 0.0)
(37.952484, 41.047871, 0.0)
(37.958214, 41.016598, 0.0)
(37.972950, 41.020172, 0.0)
(37.981987, 41.040367, 0.0)
(37.976753, 41.020916, 0.0)
(37.970463, 41.028728, 0.0)
(37.967579, 41.016418, 0.0)
(37.965141, 41.017616, 0.0)
(37.952042, 41.011330, 0.0)
(37.950279, 41.011364, 0.0)
(37.947208, 40.998001, 0.0)
(37.955761, 41.013607, 0.0)
(37.963383, 40.988640, 0.0)
(37.940063, 41.005657, 0.0)
(37.951946, 41.012604, 0.0)
(37.946098, 41.008713, 0.0)
(37.940845, 40.998272, 0.0)
(37.943352, 40.992050, 0.0)
(37.955631, 40.989918, 0.0)
(37.943573, 40.947033, 0.0)
(37.934311, 40.912582, 0.0)
(37.929626, 40.930141, 0.0)
(37.924114, 40.925766, 0.0)
(37.911160, 40.945286, 0.0)
(37.913837, 40.933311, 0.0)
(37.910580, 40.926949, 0.0)
(37.900265, 40.945328, 0.0)
(37.903618, 40.925495, 0.0)
(37.900204, 40.944279, 0.0)
(37.906132, 40.923206, 0.0)
(37.889141, 40.897285, 0.0)
(37.881954, 40.921635, 0.0)
(37.886612, 40.929302, 0.0)
(37.869892, 40.949028, 0.0)
(37.877663, 40.948238, 0.0)
(37.872330, 40.955441, 0.0)
(37.873146, 40.955231, 0.0)
(37.850708, 40.926235, 0.0)
(37.852116, 40.910328, 0.0)
(37.843163, 40.922825, 0.0)
(37.842506, 40.914406, 0.0)
(37.841297, 40.925564, 0.0)
(37.843342, 40.929005, 0.0)
