(37.081036, 32.692333, 0.0)
(36.974964, 31.591982, 0.0)
(36.946964, 30.858807, 0.0)
(36.936523, 30.569246, 0.0)
(36.925858, 30.464451, 0.0)
(37.040321, 29.963083, 0.0)
(37.109066, 29.930836, 0.0)
(37.045273, 30.015432, 0.0)
(37.037167, 30.037914, 0.0)
(37.018856, 30.088411, 0.0)
(37.017681, 30.179239, 0.0)
(37.027832, 30.226133, 0.0)
(37.022419, 30.244162, 0.0)
(37.015709, 30.297832, 0.0)
(36.972572, 30.269402, 0.0)
(36.968681, 30.311239, 0.0)
(36.962040, 30.338799, 0.0)
(36.957512, 30.352276, 0.0)
(36.933678, 30.340775, 0.0)
(36.946957, 30.383192, 0.0)
(36.916382, 30.399542, 0.0)
(36.858433, 30.386015, 0.0)
(36.919579, 30.394419, 0.0)
(36.958858, 30.331223, 0.0)
(36.937126, 30.325848, 0.0)
(36.934296, 30.305939, 0.0)
(36.954292, 30.293732, 0.0)
(36.942017, 30.313692, 0.0)
(36.957573, 30.291380, 0.0)
(36.969074, 30.261347, 0.0)
(36.957485, 30.286280, 0.0)
(36.964272, 30.252062, 0.0)
(36.968952, 30.241219, 0.0)
(36.953350, 30.280287, 0.0)
(36.966225, 30.270250, 0.0)
(36.964985, 30.280796, 0.0)
(36.994766, 30.291704, 0.0)
(36.966400, 30.293177, 0.0)
(36.982998, 30.233377, 0.0)
(37.061203, 30.249771, 0.0)
(37.044483, 30.190212, 0.0)
(37.021210, 30.170929, 0.0)
(37.062691, 30.165192, 0.0)
(37.036316, 30.146606, 0.0)
(37.021938, 30.139227, 0.0)
(37.013256, 30.124598, 0.0)
(36.998566, 30.112875, 0.0)
(36.973438, 30.147539, 0.0)
(36.948608, 30.113194, 0.0)
(36.940315, 30.123772, 0.0)
(36.954769, 30.146145, 0.0)
(36.980145, 30.131916, 0.0)
(36.973785, 30.187880, 0.0)
(36.935364, 30.177156, 0.0)
(36.960449, 30.118782, 0.0)
(37.031631, 30.079784, 0.0)
(37.013214, 30.073772, 0.0)
(36.991554, 30.072592, 0.0)
(36.991997, 30.075115, 0.0)
(36.958763, 30.076994, 0.0)
(36.974327, 30.130522, 0.0)
(36.961620, 30.133799, 0.0)
(36.962822, 30.101578, 0.0)
(36.956333, 30.121592, 0.0)
(36.959763, 30.100927, 0.0)
(36.983898, 30.144161, 0.0)
(36.986172, 30.145367, 0.0)
(36.972713, 30.145967, 0.0)
(36.988873, 30.150288, 0.0)
(36.945499, 30.154762, 0.0)
(36.968521, 30.085815, 0.0)
(37.018158, 30.039095, 0.0)
(36.996494, 30.074228, 0.0)
(36.971676, 30.083229, 0.0)
(36.998100, 30.067606, 0.0)
(37.004311, 30.075478, 0.0)
(36.971348, 30.090302, 0.0)
(36.973789, 30.090679, 0.0)
(36.982128, 30.103811, 0.0)
(36.994221, 30.074459, 0.0)
(37.021709, 30.055260, 0.0)
(37.006657, 30.084526, 0.0)
(37.017651, 30.061201, 0.0)
(37.045094, 30.052444, 0.0)
(37.043583, 30.083673, 0.0)
(37.034107, 30.086794, 0.0)
(37.065002, 30.039768, 0.0)
(37.092190, 29.987696, 0.0)
(37.035252, 29.993067, 0.0)
(37.006935, 29.990562, 0.0)
(37.049290, 29.953604, 0.0)
(37.078674, 30.022535, 0.0)
(37.042736, 30.058296, 0.0)
(37.024235, 30.063936, 0.0)
(37.015659, 30.107038, 0.0)
(36.993576, 30.091026, 0.0)
(37.007061, 30.082457, 0.0)
(37.033115, 30.090267, 0.0)
(37.034317, 30.085672, 0.0)
(37.015682, 30.080896, 0.0)
(37.038105, 30.101856, 0.0)
(37.004856, 30.122765, 0.0)
(37.012112, 30.086008, 0.0)
(37.095825, 30.016209, 0.0)
(37.108383, 30.059341, 0.0)
(37.019264, 30.055222, 0.0)
(37.002625, 30.065681, 0.0)
(37.030247, 30.139942, 0.0)
(36.971394, 30.117245, 0.0)
(36.982601, 30.105751, 0.0)
(37.027794, 30.117510, 0.0)
(36.976303, 30.084383, 0.0)
(36.980618, 30.052210, 0.0)
(37.014294, 30.082378, 0.0)
(36.996990, 30.109465, 0.0)
(36.989384, 30.105431, 0.0)
(37.025047, 30.139595, 0.0)
(36.954220, 30.133202, 0.0)
(36.984489, 30.024727, 0.0)
(37.083012, 30.022644, 0.0)
(37.056953, 30.007530, 0.0)
(37.009850, 29.974539, 0.0)
(37.017502, 30.023884, 0.0)
(37.021320, 30.046511, 0.0)
(37.023354, 30.020935, 0.0)
(37.023293, 30.019150, 0.0)
(36.993057, 30.021917, 0.0)
(36.956158, 30.009480, 0.0)
(36.935219, 30.104601, 0.0)
(36.951164, 30.135658, 0.0)
(36.993294, 30.129423, 0.0)
(36.979961, 30.145849, 0.0)
(36.958035, 30.172123, 0.0)
(36.932159, 30.152098, 0.0)
(36.982136, 30.094151, 0.0)
(37.019150, 30.029177, 0.0)
(36.984516, 30.067245, 0.0)
(36.968449, 30.072479, 0.0)
(36.989330, 30.076574, 0.0)
(36.992912, 30.105644, 0.0)
(36.958118, 30.111422, 0.0)
(36.948437, 30.111551, 0.0)
(36.929527, 30.095234, 0.0)
(36.944347, 30.058073, 0.0)
(36.954140, 30.037758, 0.0)
(36.981441, 30.094984, 0.0)
(36.963894, 30.061335, 0.0)
(37.011475, 30.032570, 0.0)
(36.995804, 30.048103, 0.0)
(36.968788, 30.041241, 0.0)
(37.020046, 30.008612, 0.0)
(37.071598, 29.956638, 0.0)
(37.024769, 29.971136, 0.0)
(37.003853, 29.975754, 0.0)
(37.036861, 30.012497, 0.0)
(37.022446, 30.031948, 0.0)
(37.014175, 30.014427, 0.0)
(37.014229, 30.029757, 0.0)
(37.008083, 30.045324, 0.0)
(37.031540, 30.046459, 0.0)
(37.032146, 30.080376, 0.0)
(37.042168, 30.160543, 0.0)
(37.053314, 30.185606, 0.0)
(37.054035, 30.166464, 0.0)
(37.007603, 30.188601, 0.0)
(36.967098, 30.181337, 0.0)
(37.610504, 34.542076, 0.0)
(37.109737, 31.832699, 0.0)
(36.908051, 30.483648, 0.0)
(36.878380, 29.985180, 0.0)
(36.894508, 29.945330, 0.0)
(36.906269, 29.993174, 0.0)
(36.906651, 30.053635, 0.0)
(36.907009, 30.051970, 0.0)
(36.894367, 30.110443, 0.0)
(36.892132, 30.118515, 0.0)
(36.890141, 30.071497, 0.0)
(36.890297, 30.086061, 0.0)
(36.911598, 30.080935, 0.0)
(36.912300, 30.046837, 0.0)
(36.875858, 30.036993, 0.0)
(36.900589, 30.025509, 0.0)
(36.916931, 30.041750, 0.0)
(36.888329, 30.053490, 0.0)
(36.842373, 30.095142, 0.0)
(36.849716, 30.141581, 0.0)
(36.813995, 30.157724, 0.0)
(36.801563, 30.144861, 0.0)
(36.811375, 30.153698, 0.0)
(36.807655, 30.139986, 0.0)
(36.796864, 30.117907, 0.0)
(36.803146, 30.152544, 0.0)
(36.793545, 30.165216, 0.0)
(36.807404, 30.141960, 0.0)
(36.806602, 30.155224, 0.0)
(36.791813, 30.142092, 0.0)
(36.727680, 30.131037, 0.0)
(36.706078, 30.112076, 0.0)
(36.767525, 30.032700, 0.0)
(36.766502, 30.028700, 0.0)
(36.743519, 30.032820, 0.0)
(36.730194, 30.035128, 0.0)
(36.732891, 30.072975, 0.0)
(36.728817, 30.045248, 0.0)
(36.746437, 30.032722, 0.0)
(36.764977, 30.042221, 0.0)
(36.786270, 30.017879, 0.0)
(36.763466, 30.034441, 0.0)
(36.774548, 30.014038, 0.0)
(36.783325, 30.048351, 0.0)
(36.778221, 30.064913, 0.0)
(36.776646, 30.062382, 0.0)
(36.731163, 30.077919, 0.0)
(36.761581, 30.013374, 0.0)
(36.782921, 29.995474, 0.0)
(36.749069, 29.992758, 0.0)
(36.723869, 30.021706, 0.0)
(36.735794, 29.996563, 0.0)
(38.476112, 28.284275, 0.0)
(41.039185, 26.120298, 0.0)
(42.985031, 25.562824, 0.0)
(43.391899, 25.640726, 0.0)
(43.390018, 25.754364, 0.0)
(43.422543, 25.797682, 0.0)
(43.775860, 25.440437, 0.0)
(43.849155, 25.465187, 0.0)
(43.842041, 25.520088, 0.0)
(43.809433, 25.525919, 0.0)
(43.835693, 25.502192, 0.0)
(43.882030, 25.470634, 0.0)
(43.891884, 25.457441, 0.0)
(43.874546, 25.486048, 0.0)
(43.851620, 25.483376, 0.0)
(43.884579, 25.510021, 0.0)
(43.891891, 25.556402, 0.0)
(43.890709, 25.569569, 0.0)
(43.905628, 25.644777, 0.0)
(43.870827, 25.700476, 0.0)
(43.859848, 25.706194, 0.0)
(43.898285, 25.705078, 0.0)
(43.908531, 25.708307, 0.0)
(43.897289, 25.677505, 0.0)
(43.914536, 25.740694, 0.0)
(43.900043, 25.735703, 0.0)
(43.875530, 25.686235, 0.0)
(43.943291, 25.606596, 0.0)
(43.971565, 25.596756, 0.0)
(43.923870, 25.612238, 0.0)
(43.935638, 25.623192, 0.0)
(43.937458, 25.647116, 0.0)
(43.905350, 25.669605, 0.0)
(43.893696, 25.688791, 0.0)
(43.897957, 25.675207, 0.0)
(43.848377, 25.650291, 0.0)
(43.831772, 25.635099, 0.0)
(43.829720, 25.638239, 0.0)
(43.798550, 25.675671, 0.0)
(43.775707, 25.691160, 0.0)
(43.779606, 25.669029, 0.0)
(42.648537, 25.968079, 0.0)
(41.765285, 26.457586, 0.0)
(41.796829, 26.470652, 0.0)
(41.830109, 26.420088, 0.0)
(41.760773, 26.375322, 0.0)
(41.736683, 26.363598, 0.0)
(41.739498, 26.425014, 0.0)
(41.712784, 26.433586, 0.0)
(41.719944, 26.409321, 0.0)
(41.741898, 26.398769, 0.0)
(41.722553, 26.415352, 0.0)
(38.532825, 28.576504, 0.0)
(34.363873, 30.824631, 0.0)
(32.379498, 31.712019, 0.0)
(32.358315, 31.726873, 0.0)
(32.336861, 31.662418, 0.0)
(32.271645, 31.637934, 0.0)
(32.242748, 31.552755, 0.0)
(32.261902, 31.530069, 0.0)
(31.632938, 32.394283, 0.0)
(29.795835, 34.699299, 0.0)
(29.729347, 34.784100, 0.0)
(29.696955, 34.845448, 0.0)
(29.682074, 34.867138, 0.0)
(29.639875, 34.909821, 0.0)
(29.263584, 36.434406, 0.0)
(29.202015, 36.627232, 0.0)
(29.226606, 36.550587, 0.0)
(29.231266, 36.534508, 0.0)
(29.187128, 36.527794, 0.0)
(29.201998, 36.532448, 0.0)
(29.193649, 36.548508, 0.0)
(29.124083, 36.597340, 0.0)
(29.109308, 36.541428, 0.0)
(29.156763, 36.479946, 0.0)
(31.676977, 32.201988, 0.0)
(35.447891, 28.228540, 0.0)
(37.222908, 27.072628, 0.0)
(37.216187, 27.151962, 0.0)
(37.152889, 27.274469, 0.0)
(37.147774, 27.291080, 0.0)
(37.108673, 27.308815, 0.0)
(37.114212, 27.336336, 0.0)
(37.117966, 27.322788, 0.0)
(37.117352, 27.358799, 0.0)
(34.811687, 26.861416, 0.0)
(30.455446, 26.943766, 0.0)
(28.241997, 27.772875, 0.0)
(28.193428, 27.810621, 0.0)
(28.216784, 27.789345, 0.0)
(28.227886, 27.761946, 0.0)
(27.896006, 27.651649, 0.0)
(27.785267, 27.625061, 0.0)
(27.746622, 27.650858, 0.0)
(27.741617, 27.685778, 0.0)
(27.736887, 27.730106, 0.0)
(27.752178, 27.632504, 0.0)
(27.777617, 27.636690, 0.0)
(27.726753, 27.674305, 0.0)
(27.712433, 27.622112, 0.0)
(27.726337, 27.627340, 0.0)
(27.718637, 27.695885, 0.0)
(27.703136, 27.688238, 0.0)
(27.705467, 27.696379, 0.0)
(27.702890, 27.698076, 0.0)
(28.176752, 27.646700, 0.0)
(33.813148, 28.911026, 0.0)
(37.342506, 29.810701, 0.0)
(37.275467, 29.780701, 0.0)
(37.170120, 29.759136, 0.0)
(37.182804, 29.694403, 0.0)
(37.182995, 29.715050, 0.0)
(37.172508, 29.708302, 0.0)
(37.189884, 29.747478, 0.0)
(37.184647, 29.732224, 0.0)
(37.176735, 29.716681, 0.0)
(37.176311, 29.761618, 0.0)
(37.171009, 29.788292, 0.0)
(37.148804, 29.778717, 0.0)
(37.001942, 29.956493, 0.0)
(36.945538, 29.982975, 0.0)
(36.924095, 29.918207, 0.0)
(36.979115, 29.840683, 0.0)
(37.012859, 29.816875, 0.0)
(36.963646, 29.869650, 0.0)
(36.920128, 29.876720, 0.0)
(36.958115, 29.942186, 0.0)
(36.978577, 29.936632, 0.0)
(36.984222, 29.927444, 0.0)
(36.975399, 29.923044, 0.0)
(36.971302, 29.937923, 0.0)
(36.967175, 29.922117, 0.0)
(36.976585, 29.928532, 0.0)
(36.988655, 29.936913, 0.0)
(36.993206, 29.972271, 0.0)
(36.980717, 29.984699, 0.0)
(36.950111, 29.983566, 0.0)
(36.966465, 29.940720, 0.0)
(37.011765, 29.884615, 0.0)
(37.027435, 29.878021, 0.0)
(37.001373, 29.865126, 0.0)
(37.024372, 29.863255, 0.0)
(37.016453, 29.906477, 0.0)
(37.004986, 29.950205, 0.0)
(36.995739, 29.969231, 0.0)
(34.856480, 30.428665, 0.0)
(30.850714, 31.980309, 0.0)
(28.568489, 32.960358, 0.0)
(28.515310, 32.976807, 0.0)
(28.562630, 32.919468, 0.0)
(28.565710, 32.934700, 0.0)
(28.455864, 32.966930, 0.0)
(28.200060, 33.001083, 0.0)
(28.130114, 32.976425, 0.0)
(28.138161, 32.957165, 0.0)
(28.054880, 32.975792, 0.0)
(28.063625, 32.933800, 0.0)
(28.084679, 32.957764, 0.0)
(28.067455, 32.918407, 0.0)
(28.062492, 32.933628, 0.0)
(28.053116, 32.966820, 0.0)
(28.044773, 32.933319, 0.0)
(28.054073, 32.972210, 0.0)
(28.062010, 32.983620, 0.0)
(28.064039, 32.976826, 0.0)
(28.078737, 33.000145, 0.0)
(28.019770, 33.013691, 0.0)
(27.997482, 32.965050, 0.0)
(28.060499, 32.922459, 0.0)
(28.071821, 32.927475, 0.0)
(28.044762, 32.938923, 0.0)
(28.058683, 32.916229, 0.0)
(28.049759, 32.943668, 0.0)
(28.009588, 32.915722, 0.0)
(28.026793, 32.864689, 0.0)
(28.066837, 32.866699, 0.0)
(28.041548, 32.863091, 0.0)
(27.998684, 32.908684, 0.0)
(28.017544, 32.908852, 0.0)
(28.042154, 32.909946, 0.0)
(28.061123, 32.897945, 0.0)
(28.050621, 32.883160, 0.0)
(27.981495, 32.925827, 0.0)
(30.288193, 30.652048, 0.0)
(34.479935, 27.655825, 0.0)
(37.324566, 25.828079, 0.0)
(37.304062, 25.916506, 0.0)
(37.227665, 25.953259, 0.0)
(37.205700, 26.027946, 0.0)
(37.209999, 26.040323, 0.0)
(37.207764, 26.035658, 0.0)
(37.191006, 26.040928, 0.0)
(35.615971, 27.589319, 0.0)
(32.815563, 31.584141, 0.0)
(32.522949, 32.515244, 0.0)
(32.500759, 32.569122, 0.0)
(32.489052, 32.503941, 0.0)
(32.416332, 32.502792, 0.0)
(32.329468, 32.512344, 0.0)
(32.360558, 32.483166, 0.0)
(32.285988, 32.615513, 0.0)
(30.204514, 35.155815, 0.0)
(30.115215, 35.341850, 0.0)
(30.147043, 35.314312, 0.0)
(30.108469, 35.399967, 0.0)
(30.068781, 35.418694, 0.0)
(30.045858, 35.418209, 0.0)
(30.024199, 35.431862, 0.0)
(30.224716, 35.371750, 0.0)
(34.723953, 32.983398, 0.0)
(38.899193, 31.925316, 0.0)
(41.432243, 31.787161, 0.0)
(41.459652, 31.768726, 0.0)
(41.379642, 31.845274, 0.0)
(41.338024, 31.881907, 0.0)
(43.181194, 32.326939, 0.0)
(43.639404, 32.281013, 0.0)
(43.637917, 32.271301, 0.0)
(43.587547, 32.272274, 0.0)
(43.576336, 32.253971, 0.0)
(40.915997, 31.112015, 0.0)
(35.585888, 29.008383, 0.0)
(31.414186, 29.389385, 0.0)
(31.212296, 29.377068, 0.0)
(31.209650, 29.319775, 0.0)
(31.177418, 29.239820, 0.0)
(31.117493, 29.211985, 0.0)
(31.082775, 29.193075, 0.0)
(31.057732, 29.194593, 0.0)
(30.826355, 29.753513, 0.0)
(30.804787, 29.864666, 0.0)
(30.781818, 29.849695, 0.0)
(30.737417, 29.828630, 0.0)
(30.754988, 29.823221, 0.0)
(30.779552, 29.850492, 0.0)
(30.720640, 29.887337, 0.0)
(30.680382, 29.972553, 0.0)
(30.696249, 30.038881, 0.0)
(30.691887, 30.030384, 0.0)
(30.673674, 29.993359, 0.0)
(30.676105, 29.957148, 0.0)
(30.692884, 29.907692, 0.0)
(30.681383, 29.881166, 0.0)
(30.684217, 29.877039, 0.0)
(30.682590, 29.872765, 0.0)
(30.684772, 29.871088, 0.0)
(30.702215, 29.892324, 0.0)
(30.698975, 29.869604, 0.0)
(30.652395, 29.929205, 0.0)
(30.670937, 29.841711, 0.0)
(30.755327, 29.797956, 0.0)
(30.714592, 29.827963, 0.0)
(30.676331, 29.824598, 0.0)
(30.684010, 29.834652, 0.0)
(30.684174, 29.883078, 0.0)
(30.669668, 29.904064, 0.0)
(30.686909, 29.879011, 0.0)
(33.681721, 27.765848, 0.0)
(37.845131, 25.748625, 0.0)
(40.286133, 25.066719, 0.0)
(40.326706, 25.094097, 0.0)
(40.292412, 25.155392, 0.0)
(40.277306, 25.212038, 0.0)
(40.277153, 25.271633, 0.0)
(40.256313, 25.308762, 0.0)
(40.338531, 25.220224, 0.0)
(40.180439, 25.251774, 0.0)
(39.977119, 25.480915, 0.0)
(39.946747, 25.403076, 0.0)
(39.974892, 25.438227, 0.0)
(39.992752, 25.436249, 0.0)
(39.995358, 25.438643, 0.0)
(39.989620, 25.427273, 0.0)
(39.994293, 25.427692, 0.0)
(39.994530, 25.418505, 0.0)
(40.002956, 25.463982, 0.0)
(39.964020, 25.483835, 0.0)
(39.978420, 25.475248, 0.0)
(40.000187, 25.483400, 0.0)
(39.918201, 25.474489, 0.0)
(39.918274, 25.452810, 0.0)
(40.021248, 25.348524, 0.0)
(40.044754, 25.333527, 0.0)
(40.003990, 25.354834, 0.0)
(39.977386, 25.358105, 0.0)
(39.990555, 25.368095, 0.0)
(39.992371, 25.385328, 0.0)
(39.976360, 25.403109, 0.0)
(39.964558, 25.436659, 0.0)
(39.955963, 25.458899, 0.0)
(39.975136, 25.433514, 0.0)
(39.986141, 25.430355, 0.0)
(39.969231, 25.405491, 0.0)
(39.956642, 25.417385, 0.0)
(36.455372, 25.268633, 0.0)
(32.046585, 25.966055, 0.0)
(31.201094, 26.128172, 0.0)
(31.229305, 26.072477, 0.0)
(31.253521, 26.050097, 0.0)
(31.176992, 26.014511, 0.0)
(31.044373, 26.064449, 0.0)
(30.482470, 26.074526, 0.0)
(30.421478, 26.051544, 0.0)
(30.462780, 26.025452, 0.0)
(30.430706, 26.091825, 0.0)
(30.387096, 26.139814, 0.0)
(30.393055, 26.131830, 0.0)
(30.408852, 26.144737, 0.0)
(30.422335, 26.142962, 0.0)
(30.424334, 26.132095, 0.0)
(30.447485, 26.100899, 0.0)
(30.414089, 26.048529, 0.0)
(30.438736, 25.953949, 0.0)
(30.479576, 25.915619, 0.0)
(30.468536, 25.917717, 0.0)
(30.444159, 25.933847, 0.0)
(30.512381, 25.942083, 0.0)
(30.499376, 25.952280, 0.0)
(30.477537, 25.949797, 0.0)
(30.518024, 25.920788, 0.0)
(30.513687, 25.911398, 0.0)
(30.491096, 25.931448, 0.0)
(30.473703, 25.962688, 0.0)
(30.497396, 25.982210, 0.0)
(30.519197, 26.004755, 0.0)
(30.513052, 26.023907, 0.0)
(30.487898, 26.038485, 0.0)
(30.471004, 26.018023, 0.0)
(30.530098, 25.946819, 0.0)
(30.537346, 25.934088, 0.0)
(30.825428, 25.957123, 0.0)
(35.726334, 27.112875, 0.0)
(39.894478, 29.050369, 0.0)
(42.464600, 30.969105, 0.0)
(42.762543, 31.315653, 0.0)
(42.681931, 31.374111, 0.0)
(42.609261, 31.386677, 0.0)
(42.596268, 31.451513, 0.0)
(42.603523, 31.464924, 0.0)
(43.390034, 31.977013, 0.0)
(43.463711, 32.053684, 0.0)
(43.394096, 32.093803, 0.0)
(43.334637, 32.075966, 0.0)
(43.378975, 32.083466, 0.0)
(43.435318, 31.972357, 0.0)
(43.415970, 32.001781, 0.0)
(43.369663, 32.035488, 0.0)
(43.390148, 32.022583, 0.0)
(43.398468, 32.051544, 0.0)
(43.389690, 32.052723, 0.0)
(43.372250, 32.052132, 0.0)
(43.352867, 32.025345, 0.0)
(43.347900, 31.993368, 0.0)
(41.411282, 31.749823, 0.0)
(40.342228, 31.610676, 0.0)
(40.314533, 31.557302, 0.0)
(40.364693, 31.570440, 0.0)
(40.370922, 31.560640, 0.0)
(40.347046, 31.506620, 0.0)
(40.370319, 31.402063, 0.0)
(40.414722, 31.428949, 0.0)
(40.382149, 31.446154, 0.0)
(40.368603, 31.444901, 0.0)
(40.360928, 31.501940, 0.0)
(40.360516, 31.506910, 0.0)
(40.365555, 31.499865, 0.0)
(40.362179, 31.518610, 0.0)
(40.355179, 31.531815, 0.0)
(40.877224, 31.064695, 0.0)
(41.923973, 30.228703, 0.0)
(41.969986, 30.224577, 0.0)
(41.935200, 30.271603, 0.0)
(41.934757, 30.327787, 0.0)
(41.911377, 30.277634, 0.0)
(41.946445, 30.193096, 0.0)
(41.995338, 30.188314, 0.0)
(42.013813, 30.207460, 0.0)
(42.017616, 30.201242, 0.0)
(42.044434, 30.248394, 0.0)
(42.011696, 30.262171, 0.0)
(42.018040, 30.264502, 0.0)
(42.055290, 30.204014, 0.0)
(42.061867, 30.175465, 0.0)
(42.110195, 30.194698, 0.0)
(42.155800, 30.207487, 0.0)
(42.164127, 30.255005, 0.0)
(42.166885, 30.262331, 0.0)
(42.167164, 30.282986, 0.0)
(42.245995, 30.339760, 0.0)
(42.325855, 30.334467, 0.0)
(42.346691, 30.222565, 0.0)
(42.381310, 30.212145, 0.0)
(42.353004, 30.215769, 0.0)
(42.326347, 30.232403, 0.0)
(42.333004, 30.271875, 0.0)
(42.337959, 30.290247, 0.0)
(42.356117, 30.313278, 0.0)
(42.351517, 30.294121, 0.0)
(42.322540, 30.329187, 0.0)
(42.322498, 30.287657, 0.0)
(42.328770, 30.270760, 0.0)
(42.356823, 30.303707, 0.0)
(42.357101, 30.315769, 0.0)
(42.341862, 30.378391, 0.0)
(42.291603, 30.371740, 0.0)
(42.135159, 30.315378, 0.0)
(37.594917, 28.380186, 0.0)
(34.884346, 27.511894, 0.0)
(34.862183, 27.582346, 0.0)
(34.960129, 27.534245, 0.0)
(34.948181, 27.548355, 0.0)
(34.811142, 27.575895, 0.0)
(34.448414, 27.454046, 0.0)
(34.402790, 27.471775, 0.0)
(34.414188, 27.462027, 0.0)
(34.393322, 27.505146, 0.0)
(34.395405, 27.510962, 0.0)
(34.406502, 27.513309, 0.0)
(34.405399, 27.559412, 0.0)
(34.357059, 27.568001, 0.0)
(34.342743, 27.573015, 0.0)
(34.373703, 27.510553, 0.0)
(34.445744, 27.506479, 0.0)
(34.400963, 27.539047, 0.0)
(34.388988, 27.547297, 0.0)
(34.438305, 27.603783, 0.0)
(34.438156, 27.661423, 0.0)
(34.415054, 27.648117, 0.0)
(34.401497, 27.690317, 0.0)
(34.387199, 27.669476, 0.0)
(34.390224, 27.640791, 0.0)
(34.392311, 27.684637, 0.0)
(34.432667, 27.719183, 0.0)
(34.423401, 27.721888, 0.0)
(34.365211, 27.794773, 0.0)
(34.308907, 27.796196, 0.0)
(34.321842, 27.767658, 0.0)
(34.384235, 27.751263, 0.0)
(34.369141, 27.725889, 0.0)
(34.329445, 27.705368, 0.0)
(34.335361, 27.766029, 0.0)
(34.324436, 27.752876, 0.0)
(34.325634, 27.764673, 0.0)
(34.327400, 27.752167, 0.0)
(32.487118, 29.566853, 0.0)
(31.077574, 31.713923, 0.0)
(31.040819, 31.753986, 0.0)
(31.055014, 31.678667, 0.0)
(31.040087, 31.675812, 0.0)
(31.003889, 31.639862, 0.0)
(30.950304, 31.594082, 0.0)
(30.927395, 31.554886, 0.0)
(30.893356, 31.721882, 0.0)
(30.840015, 31.751940, 0.0)
(30.815088, 31.780312, 0.0)
(30.810213, 31.835897, 0.0)
(30.797842, 31.854141, 0.0)
(30.778372, 31.844126, 0.0)
(30.795164, 31.849428, 0.0)
(30.803104, 31.831688, 0.0)
(30.784151, 31.822466, 0.0)
(30.772287, 31.843256, 0.0)
(30.764551, 31.882771, 0.0)
(30.771851, 31.920162, 0.0)
(30.791927, 31.893625, 0.0)
(30.756308, 31.932541, 0.0)
(30.725470, 31.909412, 0.0)
(30.754515, 31.827570, 0.0)
(30.794415, 31.831833, 0.0)
(30.790102, 31.837681, 0.0)
(30.790735, 31.817482, 0.0)
(30.801874, 31.833820, 0.0)
(30.780102, 31.855631, 0.0)
(30.767775, 31.833723, 0.0)
(30.772421, 31.866926, 0.0)
(30.751928, 31.899582, 0.0)
(30.744503, 31.900131, 0.0)
(30.757761, 31.923124, 0.0)
(30.790096, 31.913713, 0.0)
(30.810698, 31.909399, 0.0)
(31.666632, 31.457806, 0.0)
(36.278389, 29.140095, 0.0)
(38.814175, 28.280590, 0.0)
(38.853180, 28.198006, 0.0)
(38.750328, 28.249393, 0.0)
(38.703064, 28.265131, 0.0)
(38.732990, 28.280811, 0.0)
(38.772369, 28.356676, 0.0)
(38.764969, 28.347546, 0.0)
(38.727531, 28.392044, 0.0)
(38.723194, 28.401358, 0.0)
(38.575603, 28.377308, 0.0)
(38.592674, 28.371216, 0.0)
(38.615101, 28.381815, 0.0)
(38.594631, 28.378340, 0.0)
(38.617569, 28.400482, 0.0)
(38.624992, 28.383478, 0.0)
(38.561672, 28.393757, 0.0)
(38.559162, 28.393110, 0.0)
(38.621498, 28.366596, 0.0)
(38.617832, 28.334471, 0.0)
(38.567295, 28.386246, 0.0)
(38.578152, 28.372591, 0.0)
(38.592403, 28.419411, 0.0)
(38.562416, 28.445408, 0.0)
(38.557930, 28.451944, 0.0)
(38.574211, 28.461241, 0.0)
(38.571877, 28.459881, 0.0)
(38.570808, 28.458359, 0.0)
(38.567150, 28.517277, 0.0)
(38.576900, 28.493486, 0.0)
(38.577930, 28.493279, 0.0)
(38.563465, 28.534784, 0.0)
(38.509979, 28.549126, 0.0)
(38.530670, 28.424795, 0.0)
(38.605080, 28.408354, 0.0)
(38.592335, 28.373734, 0.0)
(38.554810, 28.369371, 0.0)
(37.315769, 27.534632, 0.0)
(34.741154, 25.068787, 0.0)
(34.497166, 24.874170, 0.0)
(34.518810, 24.896769, 0.0)
(34.505268, 24.951132, 0.0)
(34.471489, 24.963364, 0.0)
(34.474377, 24.974123, 0.0)
(34.465736, 25.034746, 0.0)
(34.467079, 25.066296, 0.0)
(34.473457, 25.096525, 0.0)
(34.459167, 25.150047, 0.0)
(34.402077, 25.054970, 0.0)
(34.134373, 24.798372, 0.0)
(34.146488, 24.700558, 0.0)
(34.117279, 24.678400, 0.0)
(34.107971, 24.669153, 0.0)
(34.116135, 24.715590, 0.0)
(34.104130, 24.723967, 0.0)
(34.083870, 24.718964, 0.0)
(34.084213, 24.725416, 0.0)
(34.020061, 24.743792, 0.0)
(34.003113, 24.746307, 0.0)
(34.010246, 24.740295, 0.0)
(34.015713, 24.757105, 0.0)
(34.080158, 24.772799, 0.0)
(34.037247, 24.747967, 0.0)
(34.011440, 24.757051, 0.0)
(34.061810, 24.714420, 0.0)
(34.093086, 24.670156, 0.0)
(34.057507, 24.679756, 0.0)
(34.015556, 24.718906, 0.0)
(34.020241, 24.750992, 0.0)
(34.019371, 24.794336, 0.0)
(34.022022, 24.792032, 0.0)
(34.027554, 24.812157, 0.0)
(34.016464, 24.815899, 0.0)
(33.998089, 24.795027, 0.0)
(33.975819, 24.778950, 0.0)
(33.655136, 25.076180, 0.0)
(30.816853, 28.635942, 0.0)
(28.509520, 31.263399, 0.0)
(28.192961, 31.499346, 0.0)
(28.213064, 31.368603, 0.0)
(28.238188, 31.300524, 0.0)
(28.195705, 31.320992, 0.0)
(28.140297, 31.324600, 0.0)
(28.134432, 31.346373, 0.0)
(27.750717, 31.583021, 0.0)
(27.721972, 31.642109, 0.0)
(27.729038, 31.617493, 0.0)
(27.712395, 31.630491, 0.0)
(27.728222, 31.613464, 0.0)
(27.726255, 31.633492, 0.0)
(27.719465, 31.614521, 0.0)
(27.742100, 31.610535, 0.0)
(27.723515, 31.660526, 0.0)
(27.652651, 31.731647, 0.0)
(27.658762, 31.669458, 0.0)
(27.754639, 31.618967, 0.0)
(27.734816, 31.626143, 0.0)
(27.662422, 31.649818, 0.0)
(27.673819, 31.640345, 0.0)
(27.702068, 31.650782, 0.0)
(27.698505, 31.670029, 0.0)
(27.695057, 31.670181, 0.0)
(27.686462, 31.701000, 0.0)
(27.687630, 31.665974, 0.0)
(27.687048, 31.668203, 0.0)
(27.698936, 31.689484, 0.0)
(27.712486, 31.664593, 0.0)
(27.740992, 31.672335, 0.0)
(27.726774, 31.724405, 0.0)
(27.673019, 31.689667, 0.0)
(27.955160, 31.631628, 0.0)
(32.813763, 33.437229, 0.0)
(34.482239, 34.334110, 0.0)
(34.460197, 34.390022, 0.0)
(34.405811, 34.437252, 0.0)
(34.343506, 34.438900, 0.0)
(34.661415, 34.378254, 0.0)
(34.972069, 34.298401, 0.0)
(34.956547, 34.301659, 0.0)
(34.928268, 34.323765, 0.0)
(34.916973, 34.349461, 0.0)
(34.914234, 34.346317, 0.0)
(34.929455, 34.367847, 0.0)
(34.924183, 34.404305, 0.0)
(34.880016, 34.402935, 0.0)
(34.840187, 34.356941, 0.0)
(34.909199, 34.323219, 0.0)
(34.924591, 34.333824, 0.0)
(34.894974, 34.315308, 0.0)
(34.869156, 34.283382, 0.0)
(34.844444, 34.344288, 0.0)
(34.808212, 34.342213, 0.0)
(34.845680, 34.276894, 0.0)
(34.858841, 34.311649, 0.0)
(34.838028, 34.335510, 0.0)
(34.841545, 34.265205, 0.0)
(34.832645, 33.543652, 0.0)
(34.838310, 33.430641, 0.0)
(34.844730, 33.472961, 0.0)
(34.831448, 33.504997, 0.0)
(34.768387, 33.487652, 0.0)
(34.760124, 33.414051, 0.0)
(34.825874, 33.382046, 0.0)
(34.807209, 33.414852, 0.0)
(34.788975, 33.422142, 0.0)
(34.816803, 33.442150, 0.0)
(34.798866, 33.471710, 0.0)
(34.809582, 33.441589, 0.0)
(34.814716, 33.425735, 0.0)
(36.177162, 31.396791, 0.0)
(36.759354, 30.548702, 0.0)
(36.756157, 30.486874, 0.0)
(36.748558, 30.504036, 0.0)
(36.756199, 30.512903, 0.0)
(36.762680, 30.534456, 0.0)
(36.720856, 30.534840, 0.0)
(36.776127, 30.654449, 0.0)
(36.837490, 30.692316, 0.0)
(36.845280, 30.669815, 0.0)
(36.836067, 30.673553, 0.0)
(36.849064, 30.671944, 0.0)
(36.823853, 30.723581, 0.0)
(36.825977, 30.783209, 0.0)
(36.849232, 30.772976, 0.0)
(36.832615, 30.789572, 0.0)
(36.831165, 30.814081, 0.0)
(36.818264, 30.818127, 0.0)
(36.835922, 30.834435, 0.0)
(36.851460, 30.885302, 0.0)
(36.865471, 30.878391, 0.0)
(36.851254, 30.905363, 0.0)
(36.826256, 30.904255, 0.0)
(36.837395, 30.855917, 0.0)
(36.890865, 30.793560, 0.0)
(36.885540, 30.817690, 0.0)
(36.855049, 30.812466, 0.0)
(36.851799, 30.820662, 0.0)
(36.852207, 30.859509, 0.0)
(36.855350, 30.833176, 0.0)
(36.856861, 30.838520, 0.0)
(36.851765, 30.848612, 0.0)
(36.853065, 30.833076, 0.0)
(36.879040, 30.808071, 0.0)
(36.870720, 30.828436, 0.0)
(36.867352, 30.839031, 0.0)
(36.881676, 30.826197, 0.0)
(36.853886, 30.854548, 0.0)
(33.117722, 30.525862, 0.0)
(30.008469, 30.608627, 0.0)
(29.877710, 30.559582, 0.0)
(29.905834, 30.499369, 0.0)
(29.844612, 30.501728, 0.0)
(29.245041, 30.260908, 0.0)
(29.052126, 30.278149, 0.0)
(29.045046, 30.293417, 0.0)
(29.031948, 30.269558, 0.0)
(29.064182, 30.327023, 0.0)
(29.035442, 30.379957, 0.0)
(28.996906, 30.372007, 0.0)
(29.019350, 30.414125, 0.0)
(29.001244, 30.449883, 0.0)
(28.989960, 30.477734, 0.0)
(29.006037, 30.445562, 0.0)
(28.941244, 30.373964, 0.0)
(28.917578, 30.299845, 0.0)
(28.995893, 30.298864, 0.0)
(28.960875, 30.292103, 0.0)
(28.932146, 30.279482, 0.0)
(28.938677, 30.266920, 0.0)
(28.950439, 30.269529, 0.0)
(28.934160, 30.215633, 0.0)
(28.957115, 30.221628, 0.0)
(28.965202, 30.206320, 0.0)
(28.943562, 30.227692, 0.0)
(28.946276, 30.229004, 0.0)
(28.945076, 30.261789, 0.0)
(28.936501, 30.317596, 0.0)
(28.917149, 30.330624, 0.0)
(28.919722, 30.313406, 0.0)
(28.869276, 30.304291, 0.0)
(28.895468, 30.275894, 0.0)
(28.942127, 30.249165, 0.0)
(28.908764, 30.265961, 0.0)
(28.880293, 30.268562, 0.0)
(28.883127, 30.281612, 0.0)
(29.663136, 29.612951, 0.0)
(33.673923, 26.783924, 0.0)
(37.695107, 25.129753, 0.0)
(39.891800, 24.638430, 0.0)
(39.897022, 24.669683, 0.0)
(39.836662, 24.745701, 0.0)
(39.851658, 24.756439, 0.0)
(39.882362, 24.852299, 0.0)
(39.883373, 24.866693, 0.0)
(39.868065, 24.932610, 0.0)
(39.916542, 24.821701, 0.0)
(39.866390, 24.989649, 0.0)
(40.063030, 27.649658, 0.0)
(39.789078, 27.331387, 0.0)
(39.799969, 25.467335, 0.0)
(39.481476, 24.233677, 0.0)
(39.411606, 24.012590, 0.0)
(39.436962, 24.124453, 0.0)
(39.457325, 24.206646, 0.0)
(39.492668, 24.254677, 0.0)
(39.501408, 24.296646, 0.0)
(39.527737, 24.334261, 0.0)
(39.524811, 24.343056, 0.0)
(39.551205, 24.391970, 0.0)
(39.559181, 24.422808, 0.0)
(39.472916, 24.439877, 0.0)
(39.467056, 24.446463, 0.0)
(39.555756, 24.409290, 0.0)
(39.564655, 24.373539, 0.0)
(39.526642, 24.386417, 0.0)
(39.501003, 24.412268, 0.0)
(39.499367, 24.437386, 0.0)
(39.473347, 24.438580, 0.0)
(39.468224, 24.445332, 0.0)
(39.462753, 24.464888, 0.0)
(39.457809, 24.462389, 0.0)
(39.443077, 24.493557, 0.0)
(36.275864, 26.943388, 0.0)
(33.364590, 30.258541, 0.0)
(33.162472, 30.426168, 0.0)
(33.155300, 30.342218, 0.0)
(33.141907, 30.297037, 0.0)
(33.040806, 30.273386, 0.0)
(32.670471, 30.433084, 0.0)
(32.565769, 30.559927, 0.0)
(32.575104, 30.585337, 0.0)
(32.544327, 30.561951, 0.0)
(32.520714, 30.610849, 0.0)
(32.522030, 30.650995, 0.0)
(32.508915, 30.601021, 0.0)
(32.518635, 30.568523, 0.0)
(32.474781, 30.570528, 0.0)
(32.471619, 30.563244, 0.0)
(32.505169, 30.620510, 0.0)
(32.516521, 30.679567, 0.0)
(32.481583, 30.715931, 0.0)
(32.462284, 30.710617, 0.0)
(32.472157, 30.720257, 0.0)
(32.475460, 30.708591, 0.0)
(32.451984, 30.656515, 0.0)
(32.459679, 30.618284, 0.0)
(32.525074, 30.590347, 0.0)
(32.498447, 30.614449, 0.0)
(32.456646, 30.642927, 0.0)
(32.459026, 30.642372, 0.0)
(32.460297, 30.657993, 0.0)
(32.465752, 30.647505, 0.0)
(32.486656, 30.588293, 0.0)
(32.498005, 30.624254, 0.0)
(32.453762, 30.662813, 0.0)
(32.469212, 30.630907, 0.0)
(32.485744, 30.693775, 0.0)
(32.510880, 30.694452, 0.0)
(32.512943, 30.676756, 0.0)
(32.501671, 30.699354, 0.0)
(35.229019, 28.863060, 0.0)
(39.084908, 26.977505, 0.0)
(40.029102, 26.654043, 0.0)
(40.013489, 26.629726, 0.0)
(39.921982, 26.692144, 0.0)
(39.903370, 26.726318, 0.0)
(39.941700, 26.775656, 0.0)
(39.946556, 26.793488, 0.0)
(39.964008, 26.772413, 0.0)
(39.950989, 26.758028, 0.0)
(39.945812, 26.755976, 0.0)
(39.968014, 26.767101, 0.0)
(39.987499, 26.793404, 0.0)
(39.997627, 26.763077, 0.0)
(39.980873, 26.782318, 0.0)
(39.976494, 26.751966, 0.0)
(40.005440, 26.731653, 0.0)
(39.965591, 26.752028, 0.0)
(39.965446, 26.705982, 0.0)
(40.002338, 26.600309, 0.0)
(40.022675, 26.639372, 0.0)
(39.980473, 26.612415, 0.0)
(39.962582, 26.633108, 0.0)
(39.963711, 26.647663, 0.0)
(39.973751, 26.624777, 0.0)
(39.971283, 26.636631, 0.0)
(39.975021, 26.635689, 0.0)
(39.963711, 26.647663, 0.0)
(39.955902, 26.658882, 0.0)
(39.967781, 26.658932, 0.0)
(39.973129, 26.674417, 0.0)
(39.961094, 26.690687, 0.0)
(39.954262, 26.721498, 0.0)
(39.956917, 26.721069, 0.0)
(39.948990, 26.737417, 0.0)
(39.938282, 26.751209, 0.0)
(39.981228, 26.663855, 0.0)
(39.994930, 26.607815, 0.0)
(39.972874, 26.753147, 0.0)
(41.612041, 30.024448, 0.0)
(42.213696, 32.261150, 0.0)
(42.161217, 32.442005, 0.0)
(42.107494, 32.404430, 0.0)
(42.089729, 32.402813, 0.0)
(42.049274, 32.420258, 0.0)
(42.056019, 32.430225, 0.0)
(42.054718, 32.450920, 0.0)
(42.048473, 32.468555, 0.0)
(42.029942, 32.516460, 0.0)
(42.030132, 32.522194, 0.0)
(42.040081, 32.557381, 0.0)
(42.013599, 32.614330, 0.0)
(42.005142, 32.548927, 0.0)
(42.025795, 32.481377, 0.0)
(42.052456, 32.480499, 0.0)
(42.009644, 32.424706, 0.0)
(42.004768, 32.457310, 0.0)
(42.005257, 32.491001, 0.0)
(39.827171, 31.645281, 0.0)
(38.871925, 31.148487, 0.0)
(38.843445, 31.124382, 0.0)
(38.874611, 31.170774, 0.0)
(38.863060, 31.137674, 0.0)
(38.876045, 31.142275, 0.0)
(38.857227, 31.164213, 0.0)
(38.866756, 31.162262, 0.0)
(38.863613, 31.200329, 0.0)
(38.878254, 31.191772, 0.0)
(38.867165, 31.156364, 0.0)
(38.896820, 31.116819, 0.0)
(38.982338, 31.152514, 0.0)
(38.946396, 31.133991, 0.0)
(38.921951, 31.151161, 0.0)
(38.923412, 31.170361, 0.0)
(38.914577, 31.137617, 0.0)
(38.927200, 31.139824, 0.0)
(40.239883, 28.074844, 0.0)
(41.023079, 25.721519, 0.0)
(41.111141, 25.646805, 0.0)
(41.069210, 25.778767, 0.0)
(41.040974, 25.862751, 0.0)
(41.036724, 25.868687, 0.0)
(41.042377, 25.909494, 0.0)
(41.046608, 25.913458, 0.0)
(40.985752, 25.872364, 0.0)
(41.011726, 25.830252, 0.0)
(41.071869, 25.815992, 0.0)
(41.065807, 25.834808, 0.0)
(41.022465, 25.866991, 0.0)
(41.026821, 25.872246, 0.0)
(41.008621, 25.907341, 0.0)
(41.013416, 25.907558, 0.0)
(41.016254, 25.842363, 0.0)
(41.031635, 25.831556, 0.0)
(41.028755, 25.851324, 0.0)
(41.006798, 25.864305, 0.0)
(41.034523, 25.930002, 0.0)
(41.040760, 25.947336, 0.0)
(41.034340, 25.949865, 0.0)
(41.037743, 25.960726, 0.0)
(41.029778, 25.944984, 0.0)
(41.000553, 25.936428, 0.0)
(41.057476, 25.864214, 0.0)
(41.122536, 25.850050, 0.0)
(41.087612, 25.897985, 0.0)
(41.066452, 25.886948, 0.0)
(41.085045, 25.940496, 0.0)
(41.080933, 25.933750, 0.0)
(41.081066, 25.902803, 0.0)
(41.116917, 25.942511, 0.0)
(41.097271, 25.950041, 0.0)
(41.077538, 25.943268, 0.0)
(39.797386, 27.409342, 0.0)
(37.999290, 30.857422, 0.0)
(37.722618, 31.367384, 0.0)
(37.718899, 31.357592, 0.0)
(37.714123, 31.320545, 0.0)
(37.638462, 31.285112, 0.0)
(36.919971, 32.083580, 0.0)
(36.914471, 32.130779, 0.0)
(36.923397, 32.088741, 0.0)
(36.893494, 32.142330, 0.0)
(36.859612, 32.170723, 0.0)
(36.868568, 32.181400, 0.0)
(36.878963, 32.187004, 0.0)
(36.862976, 32.160934, 0.0)
(36.873741, 32.174896, 0.0)
(36.822697, 32.210957, 0.0)
(36.820412, 32.200516, 0.0)
(36.830879, 32.209129, 0.0)
(36.829105, 32.239964, 0.0)
(36.806110, 32.234703, 0.0)
(36.771484, 32.261913, 0.0)
(36.783695, 32.255104, 0.0)
(36.810143, 32.255558, 0.0)
(36.782379, 32.294388, 0.0)
(36.748875, 32.257240, 0.0)
(36.785221, 32.171154, 0.0)
(36.800846, 32.161682, 0.0)
(36.749985, 32.177326, 0.0)
(36.731415, 32.151184, 0.0)
(36.746269, 32.197834, 0.0)
(36.734016, 32.197353, 0.0)
(36.729507, 32.172031, 0.0)
(36.739040, 32.178238, 0.0)
(36.709946, 32.182362, 0.0)
(36.699211, 32.178551, 0.0)
(36.718254, 32.181881, 0.0)
(36.719337, 32.189636, 0.0)
(36.697090, 32.184162, 0.0)
(36.703564, 32.209091, 0.0)
(36.704357, 32.217003, 0.0)
(36.720940, 32.907623, 0.0)
(36.828739, 34.040981, 0.0)
(36.843647, 34.082767, 0.0)
(36.844730, 34.006981, 0.0)
(36.804863, 34.023323, 0.0)
(36.880840, 34.302555, 0.0)
(36.888393, 34.475765, 0.0)
(36.913143, 34.521915, 0.0)
(36.879932, 34.460121, 0.0)
(36.871738, 34.451561, 0.0)
(36.883717, 34.457748, 0.0)
(36.877274, 34.444668, 0.0)
(36.888191, 34.495445, 0.0)
(36.901333, 34.462013, 0.0)
(36.888279, 34.466450, 0.0)
(36.909336, 34.458443, 0.0)
(36.926495, 34.452515, 0.0)
(36.934021, 34.465813, 0.0)
(36.904049, 34.462723, 0.0)
(36.884697, 34.406601, 0.0)
(36.924599, 34.430813, 0.0)
(36.911949, 34.392258, 0.0)
(36.889133, 34.374611, 0.0)
(36.894955, 34.394363, 0.0)
(36.897007, 34.399345, 0.0)
(36.891964, 34.380676, 0.0)
(36.890617, 34.350178, 0.0)
(36.896908, 34.335575, 0.0)
(36.895233, 34.332047, 0.0)
(36.912273, 34.330982, 0.0)
(36.922462, 34.359383, 0.0)
(36.919495, 34.359760, 0.0)
(36.935410, 34.361130, 0.0)
(36.939606, 34.363171, 0.0)
(36.924725, 34.358131, 0.0)
(36.886951, 34.294079, 0.0)
(36.412796, 32.485577, 0.0)
(36.010223, 31.112267, 0.0)
(35.859642, 31.014086, 0.0)
(35.826252, 31.039917, 0.0)
(35.783268, 31.077686, 0.0)
(35.726593, 31.100302, 0.0)
(35.733376, 31.059038, 0.0)
(35.750286, 31.059765, 0.0)
(35.161442, 31.296902, 0.0)
(31.600132, 33.051620, 0.0)
(30.233747, 34.242943, 0.0)
(30.121977, 34.344109, 0.0)
(30.179272, 34.315762, 0.0)
(30.155874, 34.326290, 0.0)
(30.117474, 34.309822, 0.0)
(30.069387, 34.342762, 0.0)
(30.036280, 34.330673, 0.0)
(29.687860, 34.457409, 0.0)
(29.648329, 34.477211, 0.0)
(29.572519, 34.467670, 0.0)
(29.569004, 34.492062, 0.0)
(29.541105, 34.468662, 0.0)
(29.548517, 34.395905, 0.0)
(29.568449, 34.363281, 0.0)
(29.564087, 34.365185, 0.0)
(29.533335, 34.370415, 0.0)
(29.523846, 34.390179, 0.0)
(29.544815, 34.403553, 0.0)
(29.567932, 34.381222, 0.0)
(29.567364, 34.396664, 0.0)
(29.580109, 34.370838, 0.0)
(29.557051, 34.399704, 0.0)
(29.487616, 34.404835, 0.0)
(29.565800, 34.324509, 0.0)
(29.567610, 34.333069, 0.0)
(29.910465, 33.749855, 0.0)
(32.468884, 30.071379, 0.0)
(32.562103, 29.427443, 0.0)
(32.526417, 29.399860, 0.0)
(32.470703, 29.445183, 0.0)
(32.460636, 29.413774, 0.0)
(32.510456, 29.380989, 0.0)
(32.472931, 29.405273, 0.0)
(32.485355, 29.377865, 0.0)
(32.506615, 29.391787, 0.0)
(32.496067, 29.425024, 0.0)
(32.502480, 29.429461, 0.0)
(32.477375, 29.460257, 0.0)
(32.447865, 29.447088, 0.0)
(32.453217, 29.383932, 0.0)
(32.513905, 29.375748, 0.0)
(32.502018, 29.422598, 0.0)
(32.445724, 29.407925, 0.0)
(32.467224, 29.418764, 0.0)
(32.454639, 29.472195, 0.0)
(32.446918, 29.424099, 0.0)
(32.457451, 29.388121, 0.0)
(32.435158, 29.365038, 0.0)
(32.423649, 29.356722, 0.0)
(32.429100, 29.335892, 0.0)
(32.434227, 29.369801, 0.0)
(32.433834, 29.388681, 0.0)
(32.441608, 29.343931, 0.0)
(32.458889, 29.375704, 0.0)
(32.401970, 29.341957, 0.0)
(32.392296, 29.276989, 0.0)
(32.457764, 29.253153, 0.0)
(32.469204, 29.252283, 0.0)
(32.458031, 29.243282, 0.0)
(32.463741, 29.259933, 0.0)
(32.450340, 29.296093, 0.0)
(32.445194, 29.285631, 0.0)
(32.455479, 29.276274, 0.0)
(32.453518, 29.279663, 0.0)
(32.410316, 29.294888, 0.0)
(33.428730, 29.836916, 0.0)
(37.100166, 32.455379, 0.0)
(38.086876, 33.565186, 0.0)
(38.072361, 33.634041, 0.0)
(37.970840, 33.609241, 0.0)
(37.939220, 33.586529, 0.0)
(37.978600, 33.557972, 0.0)
(38.040565, 33.538136, 0.0)
(38.132854, 33.626526, 0.0)
(38.984184, 34.675873, 0.0)
(39.040516, 34.739265, 0.0)
(38.986942, 34.741764, 0.0)
(38.993416, 34.718372, 0.0)
(39.006752, 34.674896, 0.0)
(39.014118, 34.698360, 0.0)
(39.013714, 34.738384, 0.0)
(38.992260, 34.758438, 0.0)
(38.917583, 35.120670, 0.0)
(38.924698, 35.188442, 0.0)
(38.939434, 35.217293, 0.0)
(38.960751, 35.212658, 0.0)
(38.899715, 35.226250, 0.0)
(38.906502, 35.215073, 0.0)
(38.970642, 35.137978, 0.0)
(38.974976, 35.138763, 0.0)
(38.942383, 35.156490, 0.0)
(38.083340, 33.137989, 0.0)
(37.862309, 32.332191, 0.0)
(37.849678, 32.318108, 0.0)
(37.837902, 32.343975, 0.0)
(37.838249, 32.361565, 0.0)
(37.828064, 32.379047, 0.0)
(37.832264, 32.359470, 0.0)
(37.848988, 32.382389, 0.0)
(37.819229, 32.420761, 0.0)
(37.811630, 32.429314, 0.0)
(34.913609, 33.810871, 0.0)
(33.460518, 34.620129, 0.0)
(33.330364, 34.639717, 0.0)
(33.368332, 34.571510, 0.0)
(33.376392, 34.580055, 0.0)
(33.300606, 34.611782, 0.0)
(32.821114, 34.794521, 0.0)
(32.792568, 34.839783, 0.0)
(32.787430, 34.824829, 0.0)
(32.791119, 34.771877, 0.0)
(32.787586, 34.768349, 0.0)
(32.753010, 34.824867, 0.0)
(32.728313, 34.826622, 0.0)
(32.709087, 34.880623, 0.0)
(32.719433, 34.890629, 0.0)
(32.731037, 34.842484, 0.0)
(32.716084, 34.844090, 0.0)
(32.723835, 34.850769, 0.0)
(32.707325, 34.841263, 0.0)
(32.675545, 34.835747, 0.0)
(32.685558, 34.811859, 0.0)
(32.707722, 34.853775, 0.0)
(32.684345, 34.813679, 0.0)
(33.063782, 32.653599, 0.0)
(33.046410, 32.233898, 0.0)
(32.931652, 32.201294, 0.0)
(32.891407, 32.210518, 0.0)
(32.891304, 32.214657, 0.0)
(32.881847, 32.236656, 0.0)
(32.882404, 32.246788, 0.0)
(32.883339, 32.247677, 0.0)
(32.892033, 32.253414, 0.0)
(32.863964, 32.260296, 0.0)
(32.856583, 32.263508, 0.0)
(32.867489, 32.259964, 0.0)
(32.852139, 32.199558, 0.0)
(32.863583, 32.172245, 0.0)
(32.877899, 32.191383, 0.0)
(32.841904, 32.206059, 0.0)
(34.491108, 31.220598, 0.0)
(38.422684, 28.776125, 0.0)
(41.427811, 27.377085, 0.0)
(43.088795, 27.211784, 0.0)
(43.160568, 27.288853, 0.0)
(43.073578, 27.343468, 0.0)
(43.041332, 27.401930, 0.0)
(43.661137, 27.123331, 0.0)
(43.724190, 27.133373, 0.0)
(43.701298, 27.175783, 0.0)
(43.708977, 27.206264, 0.0)
(43.739933, 27.232489, 0.0)
(43.690403, 27.222101, 0.0)
(43.711498, 27.207819, 0.0)
(43.792789, 27.187262, 0.0)
(43.754467, 27.183722, 0.0)
(43.705746, 27.228930, 0.0)
(43.247551, 26.964333, 0.0)
(43.222725, 26.814863, 0.0)
(43.263481, 26.801693, 0.0)
(43.267094, 26.810863, 0.0)
(43.247421, 26.798407, 0.0)
(43.225433, 26.806313, 0.0)
(43.244076, 26.890770, 0.0)
(43.255135, 26.886869, 0.0)
(43.260223, 26.907148, 0.0)
(43.267475, 26.896299, 0.0)
(43.266609, 26.919643, 0.0)
(41.808094, 26.786528, 0.0)
(40.669868, 26.636845, 0.0)
(40.703510, 26.558994, 0.0)
(40.732346, 26.564631, 0.0)
(40.662773, 26.573339, 0.0)
(40.653515, 26.593435, 0.0)
(40.654400, 26.601807, 0.0)
(40.628578, 26.584936, 0.0)
(40.631180, 26.609055, 0.0)
(40.407887, 26.575012, 0.0)
(37.746910, 25.545248, 0.0)
(37.851589, 25.485826, 0.0)
(37.918133, 25.489239, 0.0)
(37.930882, 25.514933, 0.0)
(37.965317, 25.495832, 0.0)
(37.979797, 25.515627, 0.0)
(37.948620, 25.531109, 0.0)
(37.968830, 25.501505, 0.0)
(38.017838, 25.465366, 0.0)
(38.021626, 25.486416, 0.0)
(38.000717, 25.479704, 0.0)
(38.004387, 25.498144, 0.0)
(37.978619, 25.497047, 0.0)
(37.978260, 25.485786, 0.0)
(38.010792, 25.437326, 0.0)
(38.010155, 25.446201, 0.0)
(37.992191, 25.446646, 0.0)
(38.001770, 25.477766, 0.0)
(37.991150, 25.532560, 0.0)
(37.976879, 25.517145, 0.0)
(37.998169, 25.520411, 0.0)
(38.022243, 25.482086, 0.0)
(37.947750, 25.462950, 0.0)
(37.951954, 25.389061, 0.0)
(38.039196, 25.366425, 0.0)
(38.004150, 25.354189, 0.0)
(37.983379, 25.316174, 0.0)
(38.010677, 25.380173, 0.0)
(37.973267, 25.401644, 0.0)
(37.956268, 25.366301, 0.0)
(37.975838, 25.348475, 0.0)
(37.973557, 25.346239, 0.0)
(37.964329, 25.361992, 0.0)
(37.953598, 25.376818, 0.0)
(37.967884, 25.403395, 0.0)
(37.968235, 25.463039, 0.0)
(37.942875, 25.492758, 0.0)
(40.634632, 28.588730, 0.0)
(42.247746, 31.434078, 0.0)
(42.772331, 32.747791, 0.0)
(42.758244, 32.942589, 0.0)
(42.645081, 32.910351, 0.0)
(42.627937, 32.904987, 0.0)
(42.667931, 32.928127, 0.0)
(42.662960, 32.947990, 0.0)
(42.653965, 32.969307, 0.0)
(42.629463, 32.975670, 0.0)
(42.629681, 32.980595, 0.0)
(42.604275, 32.964268, 0.0)
(42.613338, 33.001087, 0.0)
(42.609283, 33.009815, 0.0)
(42.611073, 32.989944, 0.0)
(42.604210, 32.976715, 0.0)
(42.546982, 32.995483, 0.0)
(42.566444, 32.933395, 0.0)
(42.620815, 32.841698, 0.0)
(42.605453, 32.876591, 0.0)
(42.540672, 32.902020, 0.0)
(42.557640, 32.879749, 0.0)
(42.559006, 32.961418, 0.0)
(42.521355, 32.911285, 0.0)
(40.176788, 32.068287, 0.0)
(39.911983, 31.847157, 0.0)
(39.949303, 31.853546, 0.0)
(39.937149, 31.887909, 0.0)
(39.983158, 31.886019, 0.0)
(39.936268, 31.889341, 0.0)
(39.930054, 31.890110, 0.0)
(39.886917, 31.903852, 0.0)
(39.854809, 31.924330, 0.0)
(39.906548, 31.854393, 0.0)
(39.972908, 31.835043, 0.0)
(39.899162, 31.852385, 0.0)
(39.892773, 31.850573, 0.0)
(39.765434, 31.918417, 0.0)
(35.639877, 33.079182, 0.0)
(34.579990, 33.485561, 0.0)
(34.507046, 33.531326, 0.0)
(34.532688, 33.528893, 0.0)
(34.470692, 33.533104, 0.0)
(34.434948, 33.573769, 0.0)
(34.414520, 33.586197, 0.0)
(34.416275, 33.576969, 0.0)
(34.420532, 33.595821, 0.0)
(34.398117, 33.590084, 0.0)
(34.348782, 33.576847, 0.0)
(34.370403, 33.535942, 0.0)
(34.404968, 33.501869, 0.0)
(34.395859, 33.538918, 0.0)
(34.381989, 33.534996, 0.0)
(34.391079, 33.548794, 0.0)
(34.380623, 33.572166, 0.0)
(34.371883, 33.531471, 0.0)
(34.387421, 33.531082, 0.0)
(34.071548, 32.652149, 0.0)
(33.976208, 31.893530, 0.0)
(33.962093, 31.880501, 0.0)
(33.938446, 31.942738, 0.0)
(33.934284, 31.958122, 0.0)
(33.921177, 31.955126, 0.0)
(33.852547, 31.948433, 0.0)
(33.787727, 31.889029, 0.0)
(33.889610, 31.831760, 0.0)
(33.897770, 31.865170, 0.0)
(33.817909, 31.908066, 0.0)
(33.803669, 31.925592, 0.0)
(33.790630, 31.955126, 0.0)
(33.774719, 31.946400, 0.0)
(33.787041, 31.894505, 0.0)
(33.820362, 31.873638, 0.0)
(33.797371, 31.887680, 0.0)
(33.766739, 31.857279, 0.0)
(34.492283, 29.593107, 0.0)
(35.725948, 26.271688, 0.0)
(35.849754, 26.039305, 0.0)
(35.803310, 26.126938, 0.0)
(35.738239, 26.162041, 0.0)
(35.797340, 26.105835, 0.0)
(35.886829, 26.124479, 0.0)
(35.848133, 26.133900, 0.0)
(35.822037, 26.143492, 0.0)
(35.823975, 26.221178, 0.0)
(35.837337, 26.207180, 0.0)
(35.857937, 26.208179, 0.0)
(35.873257, 26.180777, 0.0)
(35.866222, 26.169991, 0.0)
(35.846352, 26.183744, 0.0)
(35.830574, 26.215546, 0.0)
(35.847179, 26.242987, 0.0)
(35.865749, 26.274212, 0.0)
(35.875710, 26.279688, 0.0)
(35.835075, 26.295645, 0.0)
(35.851700, 26.194376, 0.0)
(35.921238, 26.140190, 0.0)
(35.880592, 26.165436, 0.0)
(35.867378, 26.168482, 0.0)
(35.881992, 26.222013, 0.0)
(35.862869, 26.255562, 0.0)
(35.849594, 26.250078, 0.0)
(35.861153, 26.251465, 0.0)
(35.851437, 26.232525, 0.0)
(35.848156, 26.237894, 0.0)
(35.839203, 26.259390, 0.0)
(35.867947, 26.301283, 0.0)
(35.866825, 26.303169, 0.0)
(35.819370, 26.307896, 0.0)
(35.756462, 26.342295, 0.0)
(35.767685, 26.284689, 0.0)
(35.848469, 26.228317, 0.0)
(35.812332, 26.232800, 0.0)
(33.250401, 26.538204, 0.0)
(29.634571, 27.456556, 0.0)
(28.820034, 27.668861, 0.0)
(28.790779, 27.689589, 0.0)
(28.799423, 27.689056, 0.0)
(28.750553, 27.778557, 0.0)
(28.711773, 27.807858, 0.0)
(28.708229, 27.796530, 0.0)
(28.702330, 27.825779, 0.0)
(28.498234, 27.776098, 0.0)
(28.496847, 27.738346, 0.0)
(28.583982, 27.775652, 0.0)
(28.484838, 27.774200, 0.0)
(28.471596, 27.753489, 0.0)
(28.507675, 27.720406, 0.0)
(28.506115, 27.740122, 0.0)
(28.521261, 27.726965, 0.0)
(28.501839, 27.686102, 0.0)
(28.498117, 27.743748, 0.0)
(28.461052, 27.668133, 0.0)
(28.466097, 27.660225, 0.0)
(28.479570, 27.706970, 0.0)
(28.458857, 27.705082, 0.0)
(28.480654, 27.721546, 0.0)
(28.469105, 27.772238, 0.0)
(28.431200, 27.799864, 0.0)
(28.453451, 27.819437, 0.0)
(28.475857, 27.818609, 0.0)
(28.408226, 27.789310, 0.0)
(28.414442, 27.699266, 0.0)
(28.482910, 27.698721, 0.0)
(28.418600, 27.702564, 0.0)
(28.442354, 27.674942, 0.0)
(28.470144, 27.731274, 0.0)
(28.460161, 27.704826, 0.0)
(28.415760, 27.732477, 0.0)
(30.788111, 30.082144, 0.0)
(32.614273, 32.406109, 0.0)
(32.560600, 32.464859, 0.0)
(32.451492, 32.481251, 0.0)
(32.429512, 32.448505, 0.0)
(32.437775, 32.468792, 0.0)
(32.435410, 32.449688, 0.0)
(32.411774, 32.444969, 0.0)
(32.372608, 32.409031, 0.0)
(32.397503, 32.376808, 0.0)
(32.450146, 32.387360, 0.0)
(32.386627, 32.419666, 0.0)
(32.348942, 32.401669, 0.0)
(32.384861, 32.462597, 0.0)
(32.344803, 32.435307, 0.0)
(32.317505, 32.403416, 0.0)
(32.335953, 32.368721, 0.0)
(32.324322, 32.396526, 0.0)
(32.294640, 32.457088, 0.0)
(32.259991, 32.483669, 0.0)
(32.293568, 32.483860, 0.0)
(32.295425, 32.453243, 0.0)
(32.281666, 32.453606, 0.0)
(32.243927, 32.474213, 0.0)
(32.259834, 32.434143, 0.0)
(32.319050, 32.365482, 0.0)
(32.315491, 32.367348, 0.0)
(32.210178, 32.445522, 0.0)
(32.189034, 32.501232, 0.0)
(32.196438, 32.475536, 0.0)
(32.220528, 32.464622, 0.0)
(32.250340, 32.443104, 0.0)
(32.223892, 32.450569, 0.0)
(32.228470, 32.469227, 0.0)
(32.243176, 32.471951, 0.0)
(32.243122, 32.484558, 0.0)
(32.234470, 32.485821, 0.0)
(32.486824, 32.067154, 0.0)
(34.335258, 28.155794, 0.0)
(35.785110, 25.758169, 0.0)
(35.824825, 25.663157, 0.0)
(35.814812, 25.719770, 0.0)
(35.807762, 25.758005, 0.0)
(35.747772, 25.794041, 0.0)
(35.700531, 25.804857, 0.0)
(35.727993, 25.848558, 0.0)
(35.757408, 25.777168, 0.0)
(35.788300, 25.775414, 0.0)
(35.722057, 25.576700, 0.0)
(35.774548, 25.394213, 0.0)
(35.794037, 25.401661, 0.0)
(35.819485, 25.439865, 0.0)
(35.795528, 25.439667, 0.0)
(35.820366, 25.392473, 0.0)
(35.870770, 25.383614, 0.0)
(35.848351, 25.347898, 0.0)
(35.815430, 25.311726, 0.0)
(35.873348, 25.332769, 0.0)
(35.895988, 25.344973, 0.0)
(35.848759, 25.337847, 0.0)
(35.806690, 25.336929, 0.0)
(35.830772, 25.374233, 0.0)
(35.799053, 25.338741, 0.0)
(35.797226, 25.328293, 0.0)
(35.804691, 25.336832, 0.0)
(35.790897, 25.357605, 0.0)
(35.783871, 25.356300, 0.0)
(35.782124, 25.373636, 0.0)
(35.789211, 25.414701, 0.0)
(35.781307, 25.388479, 0.0)
(35.810680, 25.407307, 0.0)
(35.795940, 25.403870, 0.0)
(35.819431, 25.316891, 0.0)
(35.854328, 25.289467, 0.0)
(36.083538, 25.938265, 0.0)
(36.726334, 29.336323, 0.0)
(36.609913, 30.000919, 0.0)
(36.592991, 30.012800, 0.0)
(36.580353, 29.983482, 0.0)
(36.579063, 29.929573, 0.0)
(36.583496, 29.890007, 0.0)
(36.554073, 29.933359, 0.0)
(36.504910, 29.913229, 0.0)
(36.569000, 29.920214, 0.0)
(36.532005, 29.671572, 0.0)
(36.497292, 29.669012, 0.0)
(36.476833, 29.703979, 0.0)
(36.486862, 29.719906, 0.0)
(36.558472, 29.633957, 0.0)
(36.570297, 29.639034, 0.0)
(36.506870, 29.696619, 0.0)
(36.428444, 29.750252, 0.0)
(36.489456, 29.756035, 0.0)
(36.549072, 29.669704, 0.0)
(36.586452, 29.635250, 0.0)
(36.551666, 29.652222, 0.0)
(36.491261, 29.703371, 0.0)
(36.523590, 29.714437, 0.0)
(36.526913, 29.756678, 0.0)
(36.529953, 29.759848, 0.0)
(36.522594, 29.774429, 0.0)
(36.535213, 29.755781, 0.0)
(36.490364, 29.776426, 0.0)
(36.466084, 29.757814, 0.0)
(36.463882, 29.720978, 0.0)
(36.509315, 29.705343, 0.0)
(36.491558, 29.711573, 0.0)
(36.441479, 29.719244, 0.0)
(36.499195, 29.762854, 0.0)
(36.435749, 29.826527, 0.0)
(36.402969, 29.810415, 0.0)
(36.429661, 29.847387, 0.0)
(36.399490, 29.858349, 0.0)
(37.896214, 30.108421, 0.0)
(40.440929, 30.795206, 0.0)
(40.452076, 30.845142, 0.0)
(40.363945, 30.823523, 0.0)
(40.358849, 30.854156, 0.0)
(40.315823, 30.867197, 0.0)
(40.312634, 30.807291, 0.0)
(40.423859, 30.762470, 0.0)
(40.474133, 30.740801, 0.0)
(40.412170, 30.832624, 0.0)
(40.387325, 30.833883, 0.0)
(40.418968, 30.902508, 0.0)
(40.378559, 30.907320, 0.0)
(40.373848, 30.867785, 0.0)
(40.393856, 30.882143, 0.0)
(40.375439, 30.883936, 0.0)
(40.365627, 30.869724, 0.0)
(40.378780, 30.872068, 0.0)
(40.363945, 30.862181, 0.0)
(40.340378, 30.841057, 0.0)
(40.375053, 30.911879, 0.0)
(40.346462, 30.859045, 0.0)
(40.339275, 30.786024, 0.0)
(40.384682, 30.780460, 0.0)
(40.388714, 30.800056, 0.0)
(40.371262, 30.773720, 0.0)
(40.374725, 30.801247, 0.0)
(40.364162, 30.821449, 0.0)
(40.320930, 30.785141, 0.0)
(40.379559, 30.795345, 0.0)
(40.398552, 30.778795, 0.0)
(40.349304, 30.774960, 0.0)
(40.333218, 30.792231, 0.0)
(40.343422, 30.832228, 0.0)
(40.347870, 30.852682, 0.0)
(40.379364, 30.837946, 0.0)
(40.364983, 30.821875, 0.0)
(41.270576, 31.216455, 0.0)
(41.378910, 31.176596, 0.0)
(41.426846, 31.151726, 0.0)
(41.425270, 31.146923, 0.0)
(41.894875, 31.449142, 0.0)
(41.936028, 31.543095, 0.0)
(41.889072, 31.515347, 0.0)
(41.885414, 31.503664, 0.0)
(41.917847, 31.510666, 0.0)
(41.918419, 31.500868, 0.0)
(41.896732, 31.507692, 0.0)
(41.909851, 31.507990, 0.0)
(41.901993, 31.524509, 0.0)
(41.922508, 31.580633, 0.0)
(41.944405, 31.559816, 0.0)
(41.915092, 31.592184, 0.0)
(41.889805, 31.587570, 0.0)
(41.927048, 31.475380, 0.0)
(41.965374, 31.462412, 0.0)
(41.947765, 31.522207, 0.0)
(41.907982, 31.526752, 0.0)
(41.928226, 31.537851, 0.0)
(41.920609, 31.549410, 0.0)
(41.930138, 31.529629, 0.0)
(41.903458, 31.532806, 0.0)
(41.879406, 31.550566, 0.0)
(41.869179, 31.532177, 0.0)
(41.890892, 31.513922, 0.0)
(41.914211, 31.518829, 0.0)
(41.932178, 31.528940, 0.0)
(41.931309, 31.540112, 0.0)
(41.884510, 31.553314, 0.0)
(41.847412, 31.528578, 0.0)
(41.911766, 31.480261, 0.0)
(41.938320, 31.477177, 0.0)
(41.914715, 31.479368, 0.0)
(41.900764, 31.471905, 0.0)
(41.919186, 31.516546, 0.0)
(42.535069, 30.590731, 0.0)
(43.475391, 29.412224, 0.0)
(43.502117, 29.360235, 0.0)
(43.453587, 29.422195, 0.0)
(43.426735, 29.406105, 0.0)
(43.410351, 29.450815, 0.0)
(43.414677, 29.485970, 0.0)
(43.434837, 29.482910, 0.0)
(43.497387, 29.129015, 0.0)
(43.463440, 29.061848, 0.0)
(43.434368, 29.065868, 0.0)
(43.495590, 29.064932, 0.0)
(43.521358, 29.078611, 0.0)
(43.490639, 29.117374, 0.0)
(43.487034, 29.111061, 0.0)
(43.511326, 29.127249, 0.0)
(43.484154, 29.100361, 0.0)
(43.506275, 29.120886, 0.0)
(43.515144, 29.170691, 0.0)
(43.462502, 29.157156, 0.0)
(43.455349, 29.221338, 0.0)
(43.493961, 29.234930, 0.0)
(43.468353, 29.192799, 0.0)
(43.505783, 29.183380, 0.0)
(43.523262, 29.181248, 0.0)
(43.445637, 29.146656, 0.0)
(43.448811, 29.099649, 0.0)
(43.546726, 29.064833, 0.0)
(43.505672, 29.072180, 0.0)
(43.438160, 29.101547, 0.0)
(43.442276, 29.120312, 0.0)
(43.417538, 29.145847, 0.0)
(43.398148, 29.127665, 0.0)
(43.402409, 29.100815, 0.0)
(43.444920, 29.094223, 0.0)
(43.436501, 29.076748, 0.0)
(43.437756, 29.113815, 0.0)
(43.454819, 29.161457, 0.0)
(43.421703, 29.172543, 0.0)
(43.675018, 30.775286, 0.0)
(43.793091, 31.685665, 0.0)
(43.791744, 31.603565, 0.0)
(43.836212, 31.498066, 0.0)
(43.875195, 31.466467, 0.0)
(43.843632, 31.495647, 0.0)
(43.825947, 31.493650, 0.0)
(43.900864, 31.768177, 0.0)
(43.956196, 32.135376, 0.0)
(43.992271, 32.131851, 0.0)
(43.996407, 32.071774, 0.0)
(43.980213, 32.032654, 0.0)
(43.983295, 32.035500, 0.0)
(43.991230, 32.047100, 0.0)
(44.004200, 32.099228, 0.0)
(43.997627, 32.122578, 0.0)
(43.927032, 32.104652, 0.0)
(43.906960, 32.058117, 0.0)
(43.973770, 32.009960, 0.0)
(44.022736, 31.971815, 0.0)
(43.974716, 31.978701, 0.0)
(43.931412, 31.989170, 0.0)
(42.374794, 31.364710, 0.0)
(41.670769, 30.874111, 0.0)
(41.697506, 30.796513, 0.0)
(41.738365, 30.836002, 0.0)
(41.770580, 30.832619, 0.0)
(41.771145, 30.822355, 0.0)
(41.794243, 30.836529, 0.0)
(41.813229, 30.839453, 0.0)
(41.821350, 30.866238, 0.0)
(41.803352, 30.905663, 0.0)
(41.721821, 30.878956, 0.0)
(41.770229, 30.842396, 0.0)
(41.825222, 30.824404, 0.0)
(40.904854, 30.501091, 0.0)
(36.780479, 28.676924, 0.0)
(36.264866, 28.417366, 0.0)
(36.319637, 28.393778, 0.0)
(36.377377, 28.367468, 0.0)
(36.386036, 28.399052, 0.0)
(36.354076, 28.426651, 0.0)
(36.325668, 28.437412, 0.0)
(36.351639, 28.455162, 0.0)
(36.442230, 28.499048, 0.0)
(36.417343, 28.499987, 0.0)
(36.443962, 28.547047, 0.0)
(36.399570, 28.626207, 0.0)
(36.323593, 28.626150, 0.0)
(36.392517, 28.550936, 0.0)
(36.416492, 28.577188, 0.0)
(36.370808, 28.622295, 0.0)
(36.379013, 28.621534, 0.0)
(36.410152, 28.635237, 0.0)
(36.389397, 28.623543, 0.0)
(36.390984, 28.583639, 0.0)
(36.432095, 28.608387, 0.0)
(36.369183, 28.614155, 0.0)
(36.407772, 28.586885, 0.0)
(36.408382, 28.639095, 0.0)
(36.397560, 28.637177, 0.0)
(36.440460, 28.680914, 0.0)
(36.331322, 28.677906, 0.0)
(36.341675, 28.672934, 0.0)
(36.301083, 28.647463, 0.0)
(36.322178, 28.640707, 0.0)
(36.359222, 28.640289, 0.0)
(36.330009, 28.624134, 0.0)
(36.328083, 28.638929, 0.0)
(36.331497, 28.672934, 0.0)
(36.334583, 28.661667, 0.0)
(36.312904, 28.592890, 0.0)
(36.369995, 28.593271, 0.0)
(36.353176, 28.577406, 0.0)
(36.351200, 28.552694, 0.0)
(36.337761, 28.625624, 0.0)
(36.488388, 28.530886, 0.0)
(37.737591, 27.315895, 0.0)
(38.185459, 26.911581, 0.0)
(38.124313, 26.934626, 0.0)
(38.070789, 26.915880, 0.0)
(39.708477, 25.328888, 0.0)
(40.979603, 24.515844, 0.0)
(40.981747, 24.625544, 0.0)
(40.892250, 24.726065, 0.0)
(40.862450, 24.818886, 0.0)
(40.853508, 24.771595, 0.0)
(40.874344, 24.707029, 0.0)
(40.881813, 24.779615, 0.0)
(40.845936, 24.789915, 0.0)
(40.851692, 24.779421, 0.0)
(40.895973, 24.843752, 0.0)
(40.808994, 24.844297, 0.0)
(40.815712, 24.870012, 0.0)
(40.848354, 24.890656, 0.0)
(40.783508, 24.856411, 0.0)
(40.815777, 24.836596, 0.0)
(40.825806, 24.836761, 0.0)
(40.788918, 24.821617, 0.0)
(40.797218, 24.860342, 0.0)
(40.735325, 24.888977, 0.0)
(40.770092, 24.887264, 0.0)
(40.761917, 24.874271, 0.0)
(40.721409, 24.853580, 0.0)
(40.747787, 24.850222, 0.0)
(40.748028, 24.834774, 0.0)
(40.722706, 24.868486, 0.0)
(40.718002, 24.915821, 0.0)
(40.725624, 24.921429, 0.0)
(40.738861, 24.928295, 0.0)
(40.744469, 24.926384, 0.0)
(37.825268, 24.811003, 0.0)
(33.522484, 25.513920, 0.0)
(32.242699, 25.930740, 0.0)
(32.287365, 25.839996, 0.0)
(32.275524, 25.841810, 0.0)
(32.216621, 25.845993, 0.0)
(32.202976, 25.839605, 0.0)
(31.867132, 25.883327, 0.0)
(31.811005, 25.792120, 0.0)
(31.834791, 25.756153, 0.0)
(31.839775, 25.778318, 0.0)
(31.847164, 25.779648, 0.0)
(31.844587, 25.802866, 0.0)
(31.876122, 25.830379, 0.0)
(31.853537, 25.873600, 0.0)
(31.865547, 25.870314, 0.0)
(31.870493, 25.936621, 0.0)
(31.914263, 25.917641, 0.0)
(31.861040, 25.947739, 0.0)
(31.849720, 25.888311, 0.0)
(31.881269, 25.812195, 0.0)
(31.860119, 25.814047, 0.0)
(31.858700, 25.802963, 0.0)
(31.842827, 25.788649, 0.0)
(31.817520, 25.806726, 0.0)
(31.804819, 25.789537, 0.0)
(31.833227, 25.750322, 0.0)
(31.831221, 25.754450, 0.0)
(31.801908, 25.729753, 0.0)
(31.795868, 25.717127, 0.0)
(31.807426, 25.722065, 0.0)
(31.813650, 25.737345, 0.0)
(31.820623, 25.719437, 0.0)
(31.820314, 25.744421, 0.0)
(31.810499, 25.742544, 0.0)
(31.798618, 25.664549, 0.0)
(31.813951, 25.625174, 0.0)
(31.851715, 25.624172, 0.0)
(31.815266, 25.649261, 0.0)
(31.772352, 25.677176, 0.0)
(31.773344, 25.701675, 0.0)
(31.759607, 25.713703, 0.0)
(33.245220, 26.511627, 0.0)
(36.553215, 29.614944, 0.0)
(39.262974, 31.638086, 0.0)
(39.422638, 31.898527, 0.0)
(39.312038, 31.875523, 0.0)
(39.313442, 31.901148, 0.0)
(39.310585, 31.895180, 0.0)
(39.289875, 31.934481, 0.0)
(39.273579, 31.939749, 0.0)
(39.211868, 31.967403, 0.0)
(36.130047, 29.592390, 0.0)
(32.738514, 27.919153, 0.0)
(32.426319, 27.993725, 0.0)
(32.376141, 28.085861, 0.0)
(32.362091, 28.117540, 0.0)
(31.223833, 27.706709, 0.0)
(28.923119, 26.519863, 0.0)
(28.861523, 26.380285, 0.0)
(28.866747, 26.458141, 0.0)
(28.848404, 26.521221, 0.0)
(28.820454, 26.552084, 0.0)
(28.791817, 26.557816, 0.0)
(28.764700, 26.599077, 0.0)
(28.736200, 26.633280, 0.0)
(28.731258, 26.646313, 0.0)
(28.667381, 26.699177, 0.0)
(28.657326, 26.702328, 0.0)
(28.676962, 26.672163, 0.0)
(28.698853, 26.664009, 0.0)
(28.637413, 26.681742, 0.0)
(28.589525, 26.712955, 0.0)
(28.636810, 26.691849, 0.0)
(28.644167, 26.702894, 0.0)
(28.635546, 26.683765, 0.0)
(28.659538, 26.755266, 0.0)
(29.963589, 29.629856, 0.0)
(32.050438, 33.078999, 0.0)
(33.022625, 34.361454, 0.0)
(32.937469, 34.425243, 0.0)
(32.868351, 34.321808, 0.0)
(32.874924, 34.301582, 0.0)
(32.891811, 34.403999, 0.0)
(32.951241, 35.669617, 0.0)
(33.003246, 35.691711, 0.0)
(33.065022, 35.661716, 0.0)
(33.010315, 35.690510, 0.0)
(32.916973, 35.681698, 0.0)
(32.916641, 35.735298, 0.0)
(32.914093, 35.761009, 0.0)
(32.893162, 35.723576, 0.0)
(32.901531, 35.723591, 0.0)
(32.893574, 35.711613, 0.0)
(32.880993, 35.707745, 0.0)
(32.865318, 35.742508, 0.0)
(32.855423, 35.803040, 0.0)
(32.831425, 35.800114, 0.0)
(32.826408, 35.839664, 0.0)
(32.847233, 35.827774, 0.0)
(32.791656, 35.796612, 0.0)
(32.819748, 35.780056, 0.0)
(32.838223, 35.758221, 0.0)
(32.815395, 35.813396, 0.0)
(32.792370, 35.807831, 0.0)
(32.796848, 35.817879, 0.0)
(32.783649, 35.873562, 0.0)
(32.788113, 35.857018, 0.0)
(32.801022, 35.817703, 0.0)
(32.791351, 35.851875, 0.0)
(32.791924, 35.852020, 0.0)
(32.783775, 35.851460, 0.0)
(32.784637, 35.873047, 0.0)
(30.804478, 34.473167, 0.0)
(29.366020, 32.990913, 0.0)
(29.164560, 32.856136, 0.0)
(29.138494, 32.853874, 0.0)
(29.119404, 32.782082, 0.0)
(29.088888, 32.730164, 0.0)
(28.999561, 32.690666, 0.0)
(28.932760, 32.668171, 0.0)
(28.973408, 32.636658, 0.0)
(28.999090, 32.602283, 0.0)
(28.998526, 32.545696, 0.0)
(29.013052, 32.535789, 0.0)
(29.017805, 32.510906, 0.0)
(29.025902, 32.479137, 0.0)
(29.038172, 32.455269, 0.0)
(29.061592, 32.452358, 0.0)
(29.039766, 32.484745, 0.0)
(29.046612, 32.499874, 0.0)
(29.028084, 32.501083, 0.0)
(29.027218, 32.461498, 0.0)
(29.079206, 32.413231, 0.0)
(29.084185, 32.457336, 0.0)
(29.051601, 32.442749, 0.0)
(29.064114, 32.467365, 0.0)
(29.058374, 32.509377, 0.0)
(29.055546, 32.495972, 0.0)
(29.056957, 32.491867, 0.0)
(29.053911, 32.517391, 0.0)
(29.057859, 32.518681, 0.0)
(29.058445, 32.499458, 0.0)
(29.070456, 32.515240, 0.0)
(29.072836, 32.516243, 0.0)
(29.083921, 32.523987, 0.0)
(29.072084, 32.532372, 0.0)
(28.989439, 32.525330, 0.0)
(29.017807, 32.500519, 0.0)
(29.096533, 32.487118, 0.0)
(29.025997, 32.499950, 0.0)
(28.921318, 32.385807, 0.0)
(28.198164, 29.555758, 0.0)
(27.782339, 27.762650, 0.0)
(27.718176, 27.735718, 0.0)
(27.695656, 27.841183, 0.0)
(27.675316, 27.951391, 0.0)
(27.514297, 27.971375, 0.0)
(27.365490, 27.593914, 0.0)
(27.356422, 27.623529, 0.0)
(27.368814, 27.644516, 0.0)
(27.335087, 27.676155, 0.0)
(27.283102, 27.654810, 0.0)
(27.297726, 27.542561, 0.0)
(27.323963, 27.538778, 0.0)
(27.300573, 27.576584, 0.0)
(27.283237, 27.575708, 0.0)
(27.293419, 27.609880, 0.0)
(27.285851, 27.631287, 0.0)
(27.272423, 27.647810, 0.0)
(27.258064, 27.675747, 0.0)
(27.245386, 27.672028, 0.0)
(27.231995, 27.690460, 0.0)
(27.242399, 27.703764, 0.0)
(27.272367, 27.706226, 0.0)
(27.275484, 27.715113, 0.0)
(27.195272, 27.739645, 0.0)
(27.142885, 27.744802, 0.0)
(27.168491, 27.662685, 0.0)
(27.217813, 27.625349, 0.0)
(27.206570, 27.644207, 0.0)
(27.171721, 27.677996, 0.0)
(27.189457, 27.698595, 0.0)
(27.187393, 27.713623, 0.0)
(27.212114, 27.715799, 0.0)
(27.229847, 27.684717, 0.0)
(27.207382, 27.711313, 0.0)
(27.178085, 27.706242, 0.0)
(28.853750, 27.311487, 0.0)
(33.661060, 27.627275, 0.0)
(37.866039, 29.100178, 0.0)
(40.858059, 30.272116, 0.0)
(42.756001, 31.036587, 0.0)
(42.907051, 31.049139, 0.0)
(42.916241, 31.003622, 0.0)
(42.950085, 31.019804, 0.0)
(42.958549, 31.082054, 0.0)
(43.951611, 31.418898, 0.0)
(44.169228, 31.479944, 0.0)
(44.162453, 31.506557, 0.0)
(44.124672, 31.497137, 0.0)
(44.074463, 31.518700, 0.0)
(44.095860, 31.511852, 0.0)
(44.099617, 31.478071, 0.0)
(44.088421, 31.526962, 0.0)
(44.090397, 31.550079, 0.0)
(44.090424, 31.562307, 0.0)
(44.073517, 31.618576, 0.0)
(44.041328, 31.633461, 0.0)
(44.041882, 31.597485, 0.0)
(44.093746, 31.576576, 0.0)
(44.112175, 31.575108, 0.0)
(43.918663, 31.554224, 0.0)
(41.599590, 30.463814, 0.0)
(41.636719, 30.457357, 0.0)
(41.665943, 30.475765, 0.0)
(41.678722, 30.460403, 0.0)
(41.676888, 30.462917, 0.0)
(41.658222, 30.453367, 0.0)
(41.649994, 30.459452, 0.0)
(41.658089, 30.506290, 0.0)
(41.641541, 30.519743, 0.0)
(41.643806, 30.550812, 0.0)
(41.606888, 30.537029, 0.0)
(41.593842, 30.440304, 0.0)
(41.667698, 30.401409, 0.0)
(41.673515, 30.408613, 0.0)
(42.049576, 28.918499, 0.0)
(42.371113, 26.452114, 0.0)
(42.540131, 25.556929, 0.0)
(42.540253, 25.617682, 0.0)
(42.567017, 25.722380, 0.0)
(42.518082, 25.743275, 0.0)
(42.481289, 25.735487, 0.0)
(42.477768, 25.790237, 0.0)
(42.514603, 25.804111, 0.0)
(42.501438, 25.838547, 0.0)
(42.510777, 25.879417, 0.0)
(42.522728, 25.870770, 0.0)
(42.464245, 25.831083, 0.0)
(42.483238, 25.787472, 0.0)
(42.552734, 25.750889, 0.0)
(42.536263, 25.743700, 0.0)
(42.487465, 25.774195, 0.0)
(42.498596, 25.828791, 0.0)
(42.477245, 25.787138, 0.0)
(42.487484, 25.754581, 0.0)
(42.504967, 25.734716, 0.0)
(42.482071, 25.718700, 0.0)
(42.479515, 25.718086, 0.0)
(42.483490, 25.774500, 0.0)
(42.468575, 25.775675, 0.0)
(42.488411, 25.849506, 0.0)
(42.480335, 25.862633, 0.0)
(42.423767, 25.854422, 0.0)
(42.452637, 25.826715, 0.0)
(42.515915, 25.750565, 0.0)
(42.535820, 25.747324, 0.0)
(42.487846, 25.788248, 0.0)
(42.469334, 25.778038, 0.0)
(42.504906, 25.810812, 0.0)
(42.466927, 25.810497, 0.0)
(42.459980, 25.793205, 0.0)
(42.062016, 25.735315, 0.0)
(37.150013, 25.464767, 0.0)
(33.036327, 26.538147, 0.0)
(31.937719, 27.015541, 0.0)
(31.960728, 26.959103, 0.0)
(32.002441, 26.918703, 0.0)
(31.951626, 26.921352, 0.0)
(31.859140, 26.965954, 0.0)
(31.839539, 26.947674, 0.0)
(31.873648, 26.913076, 0.0)
(31.867479, 26.935623, 0.0)
(31.833855, 26.968252, 0.0)
(31.833923, 27.003893, 0.0)
(31.829590, 27.055082, 0.0)
(31.867567, 27.037117, 0.0)
(31.858383, 27.060686, 0.0)
(31.851891, 27.050022, 0.0)
(31.841093, 27.062057, 0.0)
(31.848083, 27.013365, 0.0)
(31.862282, 27.071011, 0.0)
(31.839861, 27.103539, 0.0)
(31.832357, 27.110352, 0.0)
(31.863573, 27.158560, 0.0)
(31.818874, 27.186148, 0.0)
(31.792437, 27.109098, 0.0)
(31.848755, 27.059040, 0.0)
(31.891804, 27.009918, 0.0)
(31.852629, 26.954458, 0.0)
(31.851812, 27.006294, 0.0)
(31.880651, 27.032215, 0.0)
(31.842854, 27.046501, 0.0)
(31.845402, 27.069984, 0.0)
(31.864105, 27.071438, 0.0)
(31.811981, 27.079626, 0.0)
(31.801294, 27.069546, 0.0)
(31.819159, 27.040283, 0.0)
(31.802490, 27.059412, 0.0)
(34.848717, 27.637951, 0.0)
(36.157658, 28.265520, 0.0)
(36.097858, 28.254028, 0.0)
(36.037537, 28.191322, 0.0)
(36.080959, 28.147835, 0.0)
(36.124100, 28.109297, 0.0)
(36.102566, 28.107216, 0.0)
(36.069252, 28.133821, 0.0)
(36.063122, 28.139915, 0.0)
(36.040188, 28.122206, 0.0)
(36.031063, 28.119835, 0.0)
(36.031040, 28.117188, 0.0)
(36.033730, 28.074486, 0.0)
(36.040760, 28.051229, 0.0)
(36.061737, 28.020777, 0.0)
(36.053768, 27.986671, 0.0)
(36.039841, 27.990499, 0.0)
(36.045197, 27.958841, 0.0)
(36.003643, 27.886782, 0.0)
(36.025566, 27.816019, 0.0)
(36.076344, 27.796656, 0.0)
(36.046066, 27.785789, 0.0)
(36.022114, 27.802305, 0.0)
(36.006691, 27.814135, 0.0)
(35.983231, 27.828413, 0.0)
(36.008438, 27.786922, 0.0)
(36.009892, 27.763338, 0.0)
(36.001892, 27.765604, 0.0)
(35.993931, 27.778408, 0.0)
(35.996864, 27.790388, 0.0)
(35.999943, 27.851370, 0.0)
(36.007782, 27.871876, 0.0)
(36.006611, 27.892864, 0.0)
(35.957081, 27.884798, 0.0)
(35.941246, 27.858383, 0.0)
(36.001778, 27.765797, 0.0)
(36.017120, 27.749409, 0.0)
(35.981003, 27.790918, 0.0)
(35.931831, 27.784634, 0.0)
(33.573563, 29.237700, 0.0)
(30.883839, 31.234173, 0.0)
(30.792278, 31.347109, 0.0)
(30.816639, 31.323763, 0.0)
(30.788568, 31.306244, 0.0)
(30.678837, 31.285387, 0.0)
(30.646265, 31.329388, 0.0)
(30.606634, 31.364994, 0.0)
(30.614067, 31.378122, 0.0)
(30.659847, 31.395880, 0.0)
(30.561134, 31.392038, 0.0)
(30.499811, 31.343924, 0.0)
(30.592428, 31.298323, 0.0)
(30.601128, 31.290306, 0.0)
(30.586798, 31.265429, 0.0)
(30.582378, 31.281273, 0.0)
(30.572092, 31.245531, 0.0)
(30.554443, 31.204781, 0.0)
(30.577684, 31.138691, 0.0)
(30.610140, 31.117657, 0.0)
(30.573277, 31.123106, 0.0)
(30.266655, 31.137623, 0.0)
(30.213575, 30.931011, 0.0)
(30.258364, 30.902836, 0.0)
(30.282009, 30.925322, 0.0)
(30.228432, 30.939983, 0.0)
(30.201233, 30.854134, 0.0)
(30.243307, 30.809074, 0.0)
(30.282803, 30.823685, 0.0)
(30.214405, 30.827642, 0.0)
(30.230141, 30.825853, 0.0)
(30.262306, 30.868076, 0.0)
(30.238842, 30.892872, 0.0)
(30.238054, 30.855255, 0.0)
(30.233131, 30.826048, 0.0)
(30.238220, 30.823536, 0.0)
(30.243443, 30.812603, 0.0)
(29.038982, 33.361889, 0.0)
(28.414574, 35.475033, 0.0)
(28.339474, 35.599937, 0.0)
(28.271938, 35.540356, 0.0)
(28.191339, 35.506989, 0.0)
(28.235229, 35.384293, 0.0)
(28.305218, 35.329803, 0.0)
(28.249874, 35.337627, 0.0)
(28.238417, 35.285046, 0.0)
(28.238766, 35.356964, 0.0)
(28.249746, 35.360336, 0.0)
(28.247028, 35.366535, 0.0)
(28.266224, 35.356533, 0.0)
(28.278364, 35.323227, 0.0)
(28.254278, 35.342495, 0.0)
(28.249872, 35.317554, 0.0)
(28.263037, 35.324821, 0.0)
(28.265478, 35.371941, 0.0)
(28.260323, 35.392891, 0.0)
(28.232328, 35.397015, 0.0)
(28.212584, 35.357800, 0.0)
(28.259970, 35.286312, 0.0)
(28.289324, 35.261578, 0.0)
(28.253794, 35.260136, 0.0)
(28.241667, 35.232121, 0.0)
(28.255394, 35.299103, 0.0)
(28.259205, 35.314873, 0.0)
(28.269789, 34.487823, 0.0)
(28.215569, 34.352173, 0.0)
(28.212246, 34.324215, 0.0)
(28.211815, 34.327003, 0.0)
(28.191833, 34.360718, 0.0)
(28.201694, 34.376392, 0.0)
(28.228716, 34.389584, 0.0)
(28.168489, 34.457561, 0.0)
(28.113173, 34.460152, 0.0)
(28.155384, 34.411358, 0.0)
(28.201706, 34.392639, 0.0)
(28.121395, 34.436584, 0.0)
(28.104193, 34.467430, 0.0)
(28.804607, 33.644466, 0.0)
(31.762133, 31.090878, 0.0)
(32.043758, 30.954214, 0.0)
(31.988495, 31.031425, 0.0)
(31.956606, 31.054028, 0.0)
(31.921021, 31.043682, 0.0)
(32.136044, 31.745445, 0.0)
(32.493813, 33.390602, 0.0)
(32.471844, 33.426125, 0.0)
(32.437801, 33.434055, 0.0)
(32.364265, 33.475548, 0.0)
(32.307873, 33.399811, 0.0)
(32.338978, 33.364655, 0.0)
(32.329807, 33.398155, 0.0)
(31.958063, 33.834965, 0.0)
(31.915268, 33.926476, 0.0)
(31.906254, 33.940357, 0.0)
(31.868792, 33.939976, 0.0)
(31.839169, 33.935387, 0.0)
(31.829447, 33.913113, 0.0)
(31.808863, 33.939407, 0.0)
(31.787909, 33.911716, 0.0)
(31.785110, 33.923710, 0.0)
(31.784830, 33.939091, 0.0)
(31.792643, 33.923260, 0.0)
(31.781857, 33.950771, 0.0)
(31.694725, 33.907597, 0.0)
(31.741840, 33.806858, 0.0)
(31.794844, 33.754330, 0.0)
(31.786840, 33.759682, 0.0)
(31.775621, 33.755318, 0.0)
(31.760132, 33.816635, 0.0)
(31.741705, 33.846806, 0.0)
(31.762722, 33.858791, 0.0)
(31.762375, 33.855980, 0.0)
(34.283546, 33.874767, 0.0)
(37.921837, 34.022270, 0.0)
(38.104744, 34.130112, 0.0)
(38.065323, 34.146809, 0.0)
(38.055023, 34.131542, 0.0)
(38.082516, 34.150990, 0.0)
(38.052788, 34.183525, 0.0)
(38.106236, 34.114277, 0.0)
(38.199318, 34.043076, 0.0)
(38.216709, 34.049660, 0.0)
(38.220085, 34.050056, 0.0)
(38.222645, 34.059269, 0.0)
(38.229988, 34.064571, 0.0)
(38.245350, 34.068588, 0.0)
(38.302265, 34.049149, 0.0)
(38.321819, 34.059246, 0.0)
(38.307343, 34.071518, 0.0)
(38.308758, 34.069180, 0.0)
(38.337852, 34.079735, 0.0)
(38.370075, 34.081223, 0.0)
(38.387753, 34.058975, 0.0)
(38.371510, 34.108593, 0.0)
(38.348160, 34.121170, 0.0)
(38.428165, 34.036125, 0.0)
(38.461025, 33.999390, 0.0)
(38.430397, 34.040283, 0.0)
(38.406872, 33.981266, 0.0)
(38.421803, 34.019833, 0.0)
(38.437157, 33.990238, 0.0)
(38.385548, 33.984699, 0.0)
(38.370331, 34.005482, 0.0)
(38.393528, 34.031612, 0.0)
(38.386604, 34.029594, 0.0)
(38.335964, 34.094051, 0.0)
(38.328411, 34.131161, 0.0)
(38.366371, 34.143711, 0.0)
(38.361023, 34.178295, 0.0)
(38.097477, 34.117744, 0.0)
(34.563847, 31.362753, 0.0)
(31.011978, 28.819986, 0.0)
(29.139700, 28.061539, 0.0)
(29.060352, 28.154470, 0.0)
(29.088692, 28.265848, 0.0)
(29.066711, 28.323002, 0.0)
(28.992760, 28.397013, 0.0)
(28.473787, 28.702091, 0.0)
(28.414343, 28.767996, 0.0)
(28.427595, 28.777988, 0.0)
(28.419302, 28.774246, 0.0)
(28.400040, 28.826744, 0.0)
(28.388271, 28.843849, 0.0)
(28.388014, 28.837843, 0.0)
(28.340605, 28.820179, 0.0)
(28.311872, 28.754911, 0.0)
(28.352053, 28.740967, 0.0)
(28.385839, 28.710283, 0.0)
(28.328117, 28.711777, 0.0)
(28.294058, 28.778873, 0.0)
(28.336596, 28.739250, 0.0)
(28.361126, 28.674988, 0.0)
(28.371668, 28.696117, 0.0)
(28.363771, 28.716265, 0.0)
(28.331341, 28.729822, 0.0)
(28.326832, 28.740889, 0.0)
(28.360491, 28.779284, 0.0)
(28.373634, 28.798794, 0.0)
(28.349092, 28.810732, 0.0)
(28.322227, 28.843300, 0.0)
(28.293926, 28.810186, 0.0)
(28.333315, 28.755606, 0.0)
(28.399048, 28.736942, 0.0)
(28.346207, 28.758539, 0.0)
(28.322750, 28.780111, 0.0)
(28.351763, 28.776272, 0.0)
(28.622786, 28.827791, 0.0)
(33.263401, 30.191223, 0.0)
(37.677654, 32.350414, 0.0)
(40.099369, 33.330227, 0.0)
(40.074104, 33.368282, 0.0)
(39.963001, 33.420071, 0.0)
(39.957916, 33.439983, 0.0)
(39.973499, 33.476326, 0.0)
(40.469330, 34.132874, 0.0)
(40.420403, 34.258434, 0.0)
(40.355839, 34.227386, 0.0)
(40.430817, 34.155346, 0.0)
(40.412891, 34.174950, 0.0)
(40.336967, 34.197727, 0.0)
(40.339340, 34.215687, 0.0)
(40.326878, 34.251930, 0.0)
(40.342060, 34.238319, 0.0)
(40.334641, 34.206768, 0.0)
(40.325363, 34.210369, 0.0)
(40.316326, 34.183315, 0.0)
(40.308250, 34.196426, 0.0)
(40.298878, 34.239143, 0.0)
(40.307552, 34.269894, 0.0)
(40.312595, 34.269035, 0.0)
(40.293049, 34.290806, 0.0)
(40.273048, 34.256599, 0.0)
(40.314037, 34.183449, 0.0)
(40.340302, 34.182526, 0.0)
(40.318726, 34.176376, 0.0)
(40.304916, 34.180702, 0.0)
(40.306442, 34.215385, 0.0)
(40.315647, 34.239494, 0.0)
(40.306297, 34.205841, 0.0)
(40.316380, 34.233452, 0.0)
(40.307125, 34.231644, 0.0)
(40.312523, 34.221760, 0.0)
(40.298992, 34.233967, 0.0)
(40.307827, 34.271141, 0.0)
(39.753941, 34.162987, 0.0)
(35.296864, 31.944529, 0.0)
(31.293549, 30.579992, 0.0)
(28.526999, 30.576250, 0.0)
(27.805332, 30.463598, 0.0)
(27.780062, 30.445110, 0.0)
(27.759808, 30.447645, 0.0)
(27.739950, 30.479094, 0.0)
(27.729279, 30.533682, 0.0)
(27.707344, 30.570333, 0.0)
(27.027828, 31.388012, 0.0)
(26.997139, 31.477699, 0.0)
(27.016422, 31.449932, 0.0)
(27.030483, 31.459270, 0.0)
(27.023415, 31.480944, 0.0)
(27.035366, 31.480396, 0.0)
(27.042303, 31.510338, 0.0)
(26.997044, 31.549982, 0.0)
(26.980753, 31.478952, 0.0)
(27.012939, 31.396097, 0.0)
(27.052023, 31.363874, 0.0)
(27.054197, 31.285549, 0.0)
(27.074303, 31.249126, 0.0)
(27.018250, 31.291098, 0.0)
(26.973808, 31.312181, 0.0)
(27.010706, 31.246531, 0.0)
(27.060062, 31.233978, 0.0)
(27.110657, 31.250999, 0.0)
(27.112425, 31.253729, 0.0)
(27.079870, 31.285599, 0.0)
(27.082451, 31.309523, 0.0)
(27.127550, 31.362799, 0.0)
(27.128054, 31.311235, 0.0)
(27.091257, 31.248331, 0.0)
(27.126049, 31.199919, 0.0)
(27.135284, 31.168665, 0.0)
(27.131048, 31.221096, 0.0)
(28.290764, 31.768904, 0.0)
(28.380621, 31.920797, 0.0)
(28.367407, 31.908804, 0.0)
(28.369522, 31.846640, 0.0)
(28.356281, 31.761126, 0.0)
(28.345877, 31.744833, 0.0)
(28.461033, 31.669950, 0.0)
(28.803980, 31.667692, 0.0)
(28.879747, 31.693409, 0.0)
(28.836189, 31.699907, 0.0)
(28.775974, 31.776146, 0.0)
(28.781652, 31.754274, 0.0)
(28.875725, 31.683840, 0.0)
(28.898005, 31.689047, 0.0)
(28.826902, 31.720520, 0.0)
(28.825056, 31.699081, 0.0)
(28.852140, 31.719606, 0.0)
(28.844452, 31.697674, 0.0)
(28.731409, 31.741728, 0.0)
(28.714249, 31.647062, 0.0)
(28.765448, 31.560883, 0.0)
(28.734280, 31.644690, 0.0)
(28.735998, 31.651894, 0.0)
(28.757004, 31.663757, 0.0)
(28.735901, 31.661539, 0.0)
(28.677326, 31.664881, 0.0)
(28.687635, 31.621426, 0.0)
(28.744530, 31.565182, 0.0)
(28.721153, 31.601021, 0.0)
(28.677526, 31.631199, 0.0)
(28.678963, 31.676203, 0.0)
(28.692331, 31.694086, 0.0)
(28.693602, 31.696539, 0.0)
(28.673090, 31.755556, 0.0)
(28.664740, 31.784473, 0.0)
(28.677999, 31.731663, 0.0)
(28.682377, 31.786839, 0.0)
(28.913752, 31.719105, 0.0)
(33.424744, 30.597788, 0.0)
(37.853054, 30.214491, 0.0)
(40.104126, 30.279705, 0.0)
(40.164921, 30.246365, 0.0)
(40.182297, 30.215729, 0.0)
(40.175026, 30.221344, 0.0)
(40.155079, 30.216843, 0.0)
(40.181023, 30.271585, 0.0)
(40.197998, 30.281031, 0.0)
(40.232033, 30.296837, 0.0)
(40.247910, 30.288242, 0.0)
(39.824463, 30.063042, 0.0)
(39.831326, 29.949221, 0.0)
(39.882782, 29.962309, 0.0)
(39.939240, 29.979193, 0.0)
(39.940479, 30.037943, 0.0)
(39.913055, 30.080286, 0.0)
(39.852131, 30.022362, 0.0)
(39.883423, 29.989229, 0.0)
(39.950775, 29.956779, 0.0)
(39.919914, 29.920443, 0.0)
(39.929104, 29.895729, 0.0)
(39.956768, 29.968092, 0.0)
(39.920712, 29.982962, 0.0)
(39.904617, 29.961332, 0.0)
(39.923893, 29.912638, 0.0)
(39.924538, 29.911911, 0.0)
(39.925396, 29.889925, 0.0)
(39.946297, 29.874142, 0.0)
(39.951553, 29.907509, 0.0)
(39.966461, 29.936052, 0.0)
(39.905392, 29.953642, 0.0)
(39.880310, 29.949440, 0.0)
(39.937569, 29.858767, 0.0)
(39.965000, 29.849627, 0.0)
(39.945663, 29.878557, 0.0)
(39.914745, 29.834265, 0.0)
(39.920681, 29.886978, 0.0)
(39.870335, 29.891356, 0.0)
(36.171116, 31.160376, 0.0)
(32.613216, 33.508076, 0.0)
(29.853006, 35.406960, 0.0)
(29.081440, 35.990707, 0.0)
(29.082428, 35.970940, 0.0)
(29.112309, 35.903038, 0.0)
(28.450212, 36.450684, 0.0)
(28.197981, 36.656399, 0.0)
(28.186115, 36.657120, 0.0)
(28.249222, 36.551125, 0.0)
(28.255665, 36.553169, 0.0)
(28.205620, 36.575230, 0.0)
(28.201342, 36.547256, 0.0)
(28.224821, 36.565388, 0.0)
(28.237873, 36.559978, 0.0)
(28.224943, 36.549721, 0.0)
(28.225349, 36.590168, 0.0)
(28.215145, 36.578102, 0.0)
(28.196873, 36.578129, 0.0)
(28.221889, 36.634312, 0.0)
(28.249945, 36.625782, 0.0)
(28.256086, 36.615761, 0.0)
(28.235985, 36.668957, 0.0)
(28.155268, 36.659630, 0.0)
(28.208485, 36.653038, 0.0)
(28.283621, 36.617538, 0.0)
(28.203077, 36.630215, 0.0)
(28.147089, 36.664249, 0.0)
(28.167595, 36.651833, 0.0)
(28.199038, 36.685349, 0.0)
(28.193865, 36.691566, 0.0)
(28.229727, 36.707859, 0.0)
(28.228422, 36.754368, 0.0)
(28.167240, 36.728863, 0.0)
(28.185482, 36.761379, 0.0)
(28.212257, 36.742107, 0.0)
(31.337393, 34.625420, 0.0)
(35.606884, 32.450886, 0.0)
(39.471256, 31.303608, 0.0)
(41.874454, 30.703205, 0.0)
(42.268436, 30.585234, 0.0)
(42.248470, 30.603416, 0.0)
(42.204639, 30.626801, 0.0)
(42.244129, 30.649807, 0.0)
(42.875950, 30.979502, 0.0)
(42.904942, 31.017754, 0.0)
(42.889690, 31.007118, 0.0)
(42.886135, 31.026876, 0.0)
(42.867264, 31.004026, 0.0)
(42.874027, 30.956226, 0.0)
(42.903690, 30.985193, 0.0)
(42.914402, 31.007462, 0.0)
(42.917305, 31.011150, 0.0)
(42.898930, 30.985235, 0.0)
(42.866329, 30.974146, 0.0)
(42.462040, 30.618206, 0.0)
(42.559330, 30.556595, 0.0)
(42.503571, 30.593483, 0.0)
(42.457500, 30.589472, 0.0)
(42.479500, 30.614531, 0.0)
(42.443855, 30.631063, 0.0)
(42.430965, 30.611187, 0.0)
(42.429134, 30.607079, 0.0)
(42.410549, 30.631584, 0.0)
(42.403469, 30.626154, 0.0)
(42.374649, 30.627062, 0.0)
(42.379490, 30.644184, 0.0)
(42.382641, 30.664516, 0.0)
(42.403656, 30.671387, 0.0)
(42.391968, 30.664833, 0.0)
(42.342476, 30.692757, 0.0)
(42.348499, 30.647434, 0.0)
(42.423107, 30.584360, 0.0)
(42.155937, 30.682798, 0.0)
(38.621964, 32.963917, 0.0)
(38.433773, 33.276440, 0.0)
(38.460724, 33.347244, 0.0)
(38.478050, 33.301731, 0.0)
(38.470570, 33.261936, 0.0)
(38.456730, 33.310608, 0.0)
(38.461288, 33.291443, 0.0)
(38.453957, 33.355583, 0.0)
(38.049965, 33.466976, 0.0)
(38.040272, 33.477757, 0.0)
(38.086292, 33.473171, 0.0)
(38.098061, 33.437805, 0.0)
(38.040501, 33.416500, 0.0)
(37.952812, 33.393322, 0.0)
(38.006203, 33.330193, 0.0)
(38.044052, 33.317108, 0.0)
(38.046944, 33.350082, 0.0)
(37.973160, 33.323185, 0.0)
(37.989307, 33.351219, 0.0)
(37.982956, 33.330303, 0.0)
(37.985077, 33.305595, 0.0)
(37.981892, 33.348366, 0.0)
(37.984570, 33.336025, 0.0)
(37.970387, 33.342720, 0.0)
(37.981289, 33.381119, 0.0)
(37.978138, 33.414486, 0.0)
(37.965031, 33.446068, 0.0)
(37.964691, 33.493073, 0.0)
(37.963329, 33.530388, 0.0)
(37.935577, 33.574635, 0.0)
(37.946987, 33.558281, 0.0)
(37.977654, 33.444977, 0.0)
(37.980732, 33.479374, 0.0)
(37.935650, 33.497345, 0.0)
(37.899132, 33.491951, 0.0)
(37.920193, 33.580547, 0.0)
(37.934811, 33.548462, 0.0)
(37.950768, 33.556232, 0.0)
(40.275284, 32.020226, 0.0)
(42.590649, 30.587202, 0.0)
(43.277225, 30.227896, 0.0)
(43.273510, 30.246260, 0.0)
(43.255589, 30.261421, 0.0)
(43.277187, 30.280178, 0.0)
(43.625084, 30.219273, 0.0)
(43.606567, 30.216318, 0.0)
(43.578220, 30.174299, 0.0)
(43.673912, 30.192707, 0.0)
(43.707348, 30.200436, 0.0)
(43.617142, 30.182882, 0.0)
(43.612911, 30.222769, 0.0)
(43.594791, 30.252172, 0.0)
(43.580589, 30.229206, 0.0)
(43.499420, 30.204615, 0.0)
(43.607891, 30.274574, 0.0)
(43.616184, 30.288404, 0.0)
(43.625477, 30.282970, 0.0)
(43.626526, 30.286808, 0.0)
(43.609856, 30.293812, 0.0)
(43.609741, 30.297977, 0.0)
(43.646885, 30.328135, 0.0)
(43.588707, 30.294533, 0.0)
(43.628658, 30.220234, 0.0)
(43.672577, 30.172377, 0.0)
(42.262505, 29.506521, 0.0)
(42.293659, 29.514509, 0.0)
(42.330936, 29.545937, 0.0)
(42.323483, 29.567211, 0.0)
(42.316936, 29.574381, 0.0)
(42.297363, 29.534563, 0.0)
(42.288303, 29.540152, 0.0)
(42.254555, 29.549025, 0.0)
(42.233265, 29.545155, 0.0)
(42.235737, 29.546154, 0.0)
(38.875145, 29.284676, 0.0)
(34.490391, 29.706942, 0.0)
(34.057148, 29.798132, 0.0)
(34.102371, 29.732908, 0.0)
(34.110065, 29.688532, 0.0)
(34.095581, 29.598078, 0.0)
(34.157997, 30.879656, 0.0)
(33.590187, 32.712719, 0.0)
(33.935696, 31.037857, 0.0)
(33.938988, 29.732325, 0.0)
(33.778435, 29.139765, 0.0)
(33.738102, 29.094580, 0.0)
(33.749458, 29.139009, 0.0)
(33.773132, 29.188202, 0.0)
(33.772808, 29.197165, 0.0)
(33.781963, 29.240568, 0.0)
(33.760345, 29.266308, 0.0)
(33.706211, 29.298809, 0.0)
(33.659187, 29.344193, 0.0)
(33.656738, 29.321857, 0.0)
(33.694393, 29.295435, 0.0)
(33.681271, 29.309402, 0.0)
(33.609100, 29.325348, 0.0)
(33.616947, 29.315708, 0.0)
(33.620224, 29.326826, 0.0)
(33.653442, 29.320276, 0.0)
(33.639191, 29.320868, 0.0)
(33.620525, 29.365135, 0.0)
(33.645813, 29.386425, 0.0)
(33.637974, 29.371693, 0.0)
(33.626560, 29.417917, 0.0)
(33.626877, 29.447914, 0.0)
(33.611969, 29.408361, 0.0)
(33.661129, 29.418369, 0.0)
(33.626637, 29.428062, 0.0)
(33.621288, 29.361382, 0.0)
(33.320263, 29.326338, 0.0)
(31.025642, 28.048157, 0.0)
(30.129501, 27.501854, 0.0)
(30.101030, 27.516611, 0.0)
(30.122122, 27.636377, 0.0)
(30.120926, 27.654636, 0.0)
(29.887760, 27.576401, 0.0)
(29.796215, 27.523830, 0.0)
(29.780802, 27.522423, 0.0)
(29.789688, 27.544676, 0.0)
(29.780464, 27.600641, 0.0)
(29.798077, 27.561260, 0.0)
(29.838655, 27.579826, 0.0)
(29.818119, 27.564388, 0.0)
(29.752748, 27.515593, 0.0)
(29.798557, 27.492373, 0.0)
(29.826918, 27.478718, 0.0)
(29.787457, 27.535137, 0.0)
(29.782364, 27.546154, 0.0)
(29.778603, 27.555475, 0.0)
(29.761045, 27.533022, 0.0)
(29.770428, 27.515184, 0.0)
(29.774061, 27.499994, 0.0)
(29.776783, 27.453972, 0.0)
(29.775234, 27.457407, 0.0)
(29.766119, 27.533083, 0.0)
(29.749729, 27.532375, 0.0)
(29.768576, 27.564564, 0.0)
(29.754932, 27.564775, 0.0)
(29.743986, 27.506069, 0.0)
(29.777195, 27.481319, 0.0)
(29.800713, 27.472532, 0.0)
(29.767628, 27.466877, 0.0)
(29.759005, 27.485760, 0.0)
(29.756506, 27.533285, 0.0)
(29.764769, 27.532253, 0.0)
(29.763216, 27.539656, 0.0)
(33.164001, 28.926092, 0.0)
(37.296108, 31.928883, 0.0)
(39.569469, 33.853901, 0.0)
(39.602619, 34.130821, 0.0)
(39.504242, 34.104328, 0.0)
(39.508472, 34.129070, 0.0)
(40.076923, 34.671120, 0.0)
(40.057903, 34.912075, 0.0)
(40.065273, 34.900082, 0.0)
(40.097511, 34.890911, 0.0)
(40.075855, 34.919586, 0.0)
(40.037693, 34.904819, 0.0)
(40.058434, 34.950775, 0.0)
(40.040134, 35.004063, 0.0)
(40.035000, 35.010651, 0.0)
(40.046024, 34.994534, 0.0)
(40.046890, 34.986732, 0.0)
(40.057743, 34.960335, 0.0)
(40.073193, 34.969612, 0.0)
(40.103672, 35.012264, 0.0)
(40.093754, 35.032986, 0.0)
(39.243793, 34.359043, 0.0)
(39.192249, 34.276451, 0.0)
(39.236740, 34.272480, 0.0)
(39.304585, 34.267044, 0.0)
(39.288383, 34.246738, 0.0)
(39.229698, 34.290104, 0.0)
(39.218395, 34.302830, 0.0)
(39.229477, 34.303249, 0.0)
(39.227100, 34.324169, 0.0)
(39.241219, 34.347755, 0.0)
(39.206791, 34.345070, 0.0)
(39.185432, 34.340157, 0.0)
(39.196198, 34.337551, 0.0)
(39.224655, 34.357571, 0.0)
(39.264019, 34.383640, 0.0)
(39.235092, 34.373081, 0.0)
(39.246628, 34.405659, 0.0)
(41.175381, 32.801136, 0.0)
(43.092651, 30.879942, 0.0)
(43.232822, 30.535170, 0.0)
(43.133213, 30.610584, 0.0)
(43.110256, 30.605942, 0.0)
(43.129700, 30.644861, 0.0)
(43.128376, 30.698410, 0.0)
(43.121094, 30.708477, 0.0)
(43.272236, 30.756464, 0.0)
(43.296078, 30.808588, 0.0)
(43.303951, 30.799412, 0.0)
(43.317871, 30.788124, 0.0)
(43.324253, 30.809187, 0.0)
(43.342136, 30.817812, 0.0)
(43.368263, 30.812000, 0.0)
(43.546864, 30.833744, 0.0)
(43.559296, 30.830118, 0.0)
(43.549763, 30.728765, 0.0)
(43.602177, 30.695440, 0.0)
(43.640137, 30.725374, 0.0)
(43.544250, 30.740986, 0.0)
(43.540016, 30.781130, 0.0)
(43.544685, 30.817234, 0.0)
(42.474834, 30.043596, 0.0)
(42.427231, 29.800650, 0.0)
(42.483902, 29.831308, 0.0)
(42.489895, 29.816999, 0.0)
(42.490505, 29.856712, 0.0)
(42.510403, 29.871063, 0.0)
(42.512970, 29.883112, 0.0)
(42.508354, 29.911411, 0.0)
(42.501396, 29.896631, 0.0)
(42.453041, 29.870409, 0.0)
(42.499203, 29.827085, 0.0)
(42.566227, 29.812767, 0.0)
(42.527161, 29.821056, 0.0)
(42.529015, 29.793545, 0.0)
(40.509613, 28.849983, 0.0)
(39.289471, 27.834087, 0.0)
(39.338970, 27.784332, 0.0)
(39.457088, 27.758917, 0.0)
(39.470169, 27.789253, 0.0)
(39.394012, 27.810598, 0.0)
(39.380718, 27.823925, 0.0)
(39.374836, 27.848398, 0.0)
(39.389778, 27.867405, 0.0)
(39.418579, 27.887159, 0.0)
(39.400646, 27.873968, 0.0)
(39.401382, 27.802233, 0.0)
(39.451832, 27.758196, 0.0)
(39.476269, 27.747135, 0.0)
(39.438156, 27.748039, 0.0)
(39.443123, 27.750427, 0.0)
(39.608101, 27.673710, 0.0)
(39.662109, 27.662006, 0.0)
(39.654789, 27.632963, 0.0)
(39.657429, 27.671570, 0.0)
(39.641846, 27.661564, 0.0)
(39.644737, 27.656183, 0.0)
(39.652962, 27.683210, 0.0)
(39.655704, 27.679489, 0.0)
(39.638885, 27.702349, 0.0)
(39.620842, 27.738487, 0.0)
(39.605431, 27.736485, 0.0)
(39.602940, 27.708290, 0.0)
(39.656487, 27.669199, 0.0)
(39.628143, 27.642616, 0.0)
(39.598171, 27.658777, 0.0)
(39.599144, 27.672400, 0.0)
(39.602413, 27.725470, 0.0)
(39.597813, 27.680048, 0.0)
(39.634491, 27.686687, 0.0)
(39.596573, 27.731979, 0.0)
(39.571602, 27.699429, 0.0)
(39.479126, 27.769907, 0.0)
(36.167828, 30.489538, 0.0)
(34.671146, 32.338348, 0.0)
(34.651398, 32.419086, 0.0)
(34.607822, 32.369301, 0.0)
(34.518951, 32.359165, 0.0)
(34.259495, 32.681377, 0.0)
(34.181786, 32.776672, 0.0)
(34.127270, 32.771400, 0.0)
(34.078053, 32.792088, 0.0)
(34.084000, 32.856216, 0.0)
(34.054115, 32.827824, 0.0)
(34.038429, 32.817684, 0.0)
(34.024277, 32.873188, 0.0)
(34.031872, 32.868015, 0.0)
(34.010429, 32.872849, 0.0)
(34.045586, 32.895836, 0.0)
(34.064854, 32.867313, 0.0)
(34.051228, 32.818810, 0.0)
(34.046852, 32.814510, 0.0)
(34.008774, 32.810539, 0.0)
(34.020237, 32.769810, 0.0)
(34.083755, 32.831978, 0.0)
(34.042671, 32.777012, 0.0)
(34.082737, 32.750263, 0.0)
(34.098724, 32.810604, 0.0)
(34.070457, 32.785439, 0.0)
(34.044628, 32.763290, 0.0)
(34.063679, 32.800503, 0.0)
(34.022198, 32.824036, 0.0)
(34.034966, 32.838699, 0.0)
(34.040813, 32.854824, 0.0)
(34.023872, 32.836899, 0.0)
(34.039284, 32.868034, 0.0)
(34.008179, 32.872547, 0.0)
(33.930599, 32.875088, 0.0)
(33.972931, 32.787968, 0.0)
(34.044697, 32.750919, 0.0)
(34.866913, 32.407890, 0.0)
(38.833637, 29.955498, 0.0)
(41.696774, 28.861057, 0.0)
(42.254570, 28.776949, 0.0)
(42.241245, 28.785492, 0.0)
(42.253757, 28.758327, 0.0)
(42.275928, 28.789480, 0.0)
(42.277195, 28.805393, 0.0)
(42.594906, 28.920864, 0.0)
(42.700226, 28.991798, 0.0)
(42.646145, 29.034523, 0.0)
(42.581829, 29.062693, 0.0)
(42.563965, 29.043465, 0.0)
(42.569931, 28.991112, 0.0)
(42.610386, 28.907715, 0.0)
(42.585934, 28.938347, 0.0)
(42.557644, 28.948467, 0.0)
(42.554184, 28.933981, 0.0)
(42.554192, 28.960527, 0.0)
(42.538193, 28.932730, 0.0)
(42.513653, 28.956810, 0.0)
(42.497383, 28.940140, 0.0)
(42.481785, 28.950897, 0.0)
(42.461487, 28.969946, 0.0)
(42.473339, 28.990427, 0.0)
(42.490505, 29.004660, 0.0)
(42.485294, 28.985535, 0.0)
(42.410522, 28.987520, 0.0)
(42.433201, 28.967329, 0.0)
(42.509521, 28.909191, 0.0)
(42.519409, 28.930185, 0.0)
(42.471436, 28.943388, 0.0)
(42.469807, 28.946207, 0.0)
(42.453476, 28.979147, 0.0)
(42.457306, 28.963461, 0.0)
(42.481300, 28.976025, 0.0)
(42.484760, 28.965034, 0.0)
(42.471264, 28.976402, 0.0)
(38.347603, 27.981304, 0.0)
(34.055996, 27.572023, 0.0)
(32.675770, 27.537180, 0.0)
(32.696053, 27.559168, 0.0)
(32.710987, 27.584496, 0.0)
(32.637417, 27.590481, 0.0)
(32.644592, 27.554441, 0.0)
(31.873705, 27.755594, 0.0)
(31.615458, 27.776676, 0.0)
(31.616919, 27.760042, 0.0)
(31.674353, 27.796974, 0.0)
(31.656652, 27.774891, 0.0)
(31.649426, 27.735455, 0.0)
(31.673920, 27.741005, 0.0)
(31.664450, 27.745619, 0.0)
(31.689917, 27.725046, 0.0)
(31.684109, 27.752337, 0.0)
(31.673277, 27.750635, 0.0)
(31.681599, 27.774086, 0.0)
(31.674099, 27.780586, 0.0)
(31.624149, 27.767288, 0.0)
(31.639442, 27.694479, 0.0)
(31.687735, 27.698824, 0.0)
(31.646826, 27.721386, 0.0)
(31.606676, 27.724977, 0.0)
(31.609661, 27.784849, 0.0)
(31.588703, 27.832228, 0.0)
(31.599640, 27.788836, 0.0)
(31.577417, 27.847330, 0.0)
(31.546001, 27.832251, 0.0)
(31.545980, 27.818851, 0.0)
(31.569916, 27.877892, 0.0)
(31.572842, 27.894764, 0.0)
(31.585766, 27.888681, 0.0)
(31.576361, 27.892014, 0.0)
(31.502132, 27.873791, 0.0)
(31.519030, 27.773661, 0.0)
(31.589983, 27.746901, 0.0)
(30.556089, 27.976326, 0.0)
(27.902798, 28.588587, 0.0)
(27.160486, 28.706127, 0.0)
(27.139753, 28.701668, 0.0)
(27.152679, 28.773445, 0.0)
(27.138969, 28.772306, 0.0)
(27.085844, 28.808510, 0.0)
(27.044540, 28.834278, 0.0)
(27.045021, 28.816422, 0.0)
(27.081669, 28.870447, 0.0)
(27.081886, 28.913546, 0.0)
(27.050102, 28.941090, 0.0)
(27.010332, 28.921310, 0.0)
(27.038452, 28.835697, 0.0)
(27.072313, 28.807957, 0.0)
(27.035400, 28.826391, 0.0)
(27.009203, 28.809448, 0.0)
(27.028412, 28.830622, 0.0)
(27.059189, 28.837805, 0.0)
(27.054722, 28.831228, 0.0)
(27.036922, 28.837946, 0.0)
(27.023705, 28.850357, 0.0)
(27.002773, 28.852867, 0.0)
(27.015549, 28.853165, 0.0)
(27.026304, 28.894522, 0.0)
(27.021536, 28.895754, 0.0)
(26.958042, 28.921087, 0.0)
(26.957981, 28.927052, 0.0)
(27.020468, 28.833626, 0.0)
(27.011971, 28.804119, 0.0)
(26.961298, 28.838642, 0.0)
(26.967850, 28.842117, 0.0)
(26.989790, 28.879795, 0.0)
(27.001089, 28.887547, 0.0)
(26.976070, 28.911119, 0.0)
(26.947155, 28.939636, 0.0)
(26.935123, 28.948643, 0.0)
(27.277584, 28.863903, 0.0)
(31.793715, 28.097315, 0.0)
(36.543228, 28.264105, 0.0)
(37.453304, 28.246555, 0.0)
(37.424286, 28.189060, 0.0)
(37.428143, 28.103168, 0.0)
(37.563229, 28.119551, 0.0)
(37.565208, 28.127325, 0.0)
(37.504372, 28.183796, 0.0)
(37.549477, 28.243107, 0.0)
(37.552299, 28.225952, 0.0)
(37.558716, 28.191471, 0.0)
(37.574806, 28.172007, 0.0)
(37.551529, 28.093084, 0.0)
(37.589439, 28.065010, 0.0)
(37.608837, 28.073244, 0.0)
(37.598595, 28.109867, 0.0)
(37.588673, 28.142118, 0.0)
(37.536510, 28.108007, 0.0)
(37.491249, 28.088282, 0.0)
(37.532459, 28.022139, 0.0)
(37.590603, 27.982269, 0.0)
(37.602348, 27.973776, 0.0)
(37.679436, 27.960703, 0.0)
(37.696255, 27.977657, 0.0)
(37.663826, 28.010475, 0.0)
(37.652035, 27.964703, 0.0)
(37.670933, 27.955677, 0.0)
(37.668709, 27.932089, 0.0)
(37.645882, 27.913702, 0.0)
(37.642765, 28.000853, 0.0)
(37.634094, 28.034779, 0.0)
(37.607574, 28.053268, 0.0)
(37.557423, 28.063290, 0.0)
(37.553799, 27.972012, 0.0)
(37.599545, 27.895786, 0.0)
(37.619244, 27.879158, 0.0)
(37.600052, 27.880959, 0.0)
(37.580818, 27.896214, 0.0)
(35.971294, 29.412289, 0.0)
(33.540676, 33.150314, 0.0)
(31.983553, 35.180012, 0.0)
(31.773445, 35.368595, 0.0)
(31.725698, 35.277874, 0.0)
(31.667820, 35.264305, 0.0)
(31.629740, 35.245270, 0.0)
(30.970613, 36.069862, 0.0)
(30.901533, 36.277946, 0.0)
(30.904633, 36.305561, 0.0)
(30.893267, 36.257061, 0.0)
(30.925455, 36.223743, 0.0)
(30.874811, 36.254944, 0.0)
(30.828415, 36.274422, 0.0)
(30.817257, 36.321945, 0.0)
(30.856907, 36.346752, 0.0)
(30.848112, 36.353088, 0.0)
(30.822193, 36.338120, 0.0)
(30.799438, 36.376495, 0.0)
(30.766447, 36.337761, 0.0)
(30.770691, 36.320122, 0.0)
(30.785831, 36.403877, 0.0)
(30.829235, 36.395271, 0.0)
(30.777016, 36.526611, 0.0)
(30.727465, 36.549137, 0.0)
(30.744890, 36.475513, 0.0)
(30.824768, 36.427475, 0.0)
(30.789244, 36.475586, 0.0)
(30.723618, 36.417900, 0.0)
(30.780863, 36.447731, 0.0)
(30.812281, 36.415318, 0.0)
(30.782751, 36.429680, 0.0)
(30.748629, 36.482834, 0.0)
(30.706944, 36.512184, 0.0)
(30.704384, 36.516632, 0.0)
(30.735571, 36.543980, 0.0)
(30.756197, 36.578190, 0.0)
(30.773914, 36.479210, 0.0)
(31.230556, 32.920769, 0.0)
(32.842342, 28.720678, 0.0)
(33.453781, 27.236113, 0.0)
(33.510086, 27.228693, 0.0)
(33.438442, 27.319063, 0.0)
(33.375477, 27.386961, 0.0)
(33.384178, 27.427456, 0.0)
(33.388313, 27.439901, 0.0)
(33.982933, 27.163124, 0.0)
(34.039585, 27.157343, 0.0)
(34.038708, 27.144360, 0.0)
(34.054821, 27.101433, 0.0)
(34.058250, 27.121231, 0.0)
(34.057663, 27.143682, 0.0)
(34.054199, 27.110342, 0.0)
(33.997658, 27.091139, 0.0)
(34.010818, 27.035503, 0.0)
(34.043129, 27.007496, 0.0)
(34.038544, 27.027929, 0.0)
(34.010574, 27.026226, 0.0)
(34.026558, 27.062374, 0.0)
(34.021648, 27.068153, 0.0)
(33.990379, 27.114248, 0.0)
(33.496918, 27.279694, 0.0)
(33.451439, 27.280252, 0.0)
(33.462154, 27.299994, 0.0)
(33.456882, 27.306334, 0.0)
(33.488213, 27.313948, 0.0)
(33.478203, 27.360279, 0.0)
(33.457020, 27.361134, 0.0)
(33.438519, 27.373999, 0.0)
(33.470802, 27.325293, 0.0)
(33.490990, 27.275356, 0.0)
(33.473488, 27.324270, 0.0)
(33.437462, 27.298016, 0.0)
(33.447952, 27.358389, 0.0)
(34.038097, 27.402996, 0.0)
(38.050869, 28.068172, 0.0)
(41.239140, 29.865419, 0.0)
(42.368038, 30.506666, 0.0)
(42.360130, 30.545366, 0.0)
(42.232273, 30.494696, 0.0)
(42.265114, 30.529699, 0.0)
(42.317039, 30.506439, 0.0)
(42.256504, 30.539551, 0.0)
(42.384098, 30.316587, 0.0)
(42.466949, 30.210300, 0.0)
(42.475281, 30.236189, 0.0)
(42.443584, 30.256184, 0.0)
(42.460182, 30.224022, 0.0)
(42.481499, 30.265474, 0.0)
(42.487110, 30.259712, 0.0)
(42.494915, 30.274305, 0.0)
(42.486012, 30.315979, 0.0)
(42.488377, 30.254086, 0.0)
(42.512627, 30.157490, 0.0)
(42.555843, 30.144934, 0.0)
(42.558266, 30.143623, 0.0)
(42.551174, 30.148043, 0.0)
(42.502449, 30.217886, 0.0)
(42.500702, 30.162418, 0.0)
(42.544090, 30.150797, 0.0)
(42.535046, 30.154932, 0.0)
(42.551201, 30.086845, 0.0)
(42.557724, 30.099432, 0.0)
(42.496109, 30.168661, 0.0)
(42.465027, 30.160315, 0.0)
(42.489513, 30.179703, 0.0)
(42.483006, 30.182795, 0.0)
(42.482582, 30.198280, 0.0)
(42.480904, 30.213381, 0.0)
(42.481277, 30.198021, 0.0)
(42.497108, 30.205774, 0.0)
(42.458908, 30.210686, 0.0)
(40.907433, 29.671591, 0.0)
(39.717030, 29.155197, 0.0)
(39.817875, 29.091930, 0.0)
(39.808575, 29.147280, 0.0)
(39.761948, 29.178659, 0.0)
(39.749512, 29.187717, 0.0)
(39.750313, 29.208862, 0.0)
(39.770309, 29.173452, 0.0)
(39.760532, 29.169918, 0.0)
(39.720497, 29.199429, 0.0)
(39.702869, 29.206940, 0.0)
(39.648346, 29.188108, 0.0)
(39.370934, 30.879984, 0.0)
(39.425346, 30.725420, 0.0)
(39.645599, 29.491369, 0.0)
(39.669044, 28.655886, 0.0)
(39.611610, 28.506397, 0.0)
(39.575481, 28.564159, 0.0)
(39.576668, 28.651104, 0.0)
(39.615803, 28.721031, 0.0)
(39.631210, 28.731560, 0.0)
(39.626064, 28.711430, 0.0)
(39.560677, 28.756037, 0.0)
(39.540001, 28.728395, 0.0)
(39.552574, 28.738188, 0.0)
(39.622452, 28.768469, 0.0)
(39.613720, 28.754442, 0.0)
(39.541107, 28.822948, 0.0)
(39.511963, 28.837093, 0.0)
(39.570660, 28.703993, 0.0)
(39.606045, 28.713587, 0.0)
(39.577599, 28.709558, 0.0)
(39.583275, 28.691355, 0.0)
(39.598602, 28.708050, 0.0)
(39.623024, 28.705231, 0.0)
(39.654968, 28.689442, 0.0)
(39.669117, 28.677011, 0.0)
(37.017818, 29.103725, 0.0)
(33.147610, 31.151535, 0.0)
(30.101990, 33.489254, 0.0)
(28.406570, 34.750732, 0.0)
(28.354078, 34.789425, 0.0)
(28.351198, 34.733528, 0.0)
(28.307180, 34.650742, 0.0)
(27.946245, 34.422180, 0.0)
(27.689369, 34.233688, 0.0)
(27.629404, 34.231476, 0.0)
(27.629623, 34.248585, 0.0)
(27.655346, 34.290215, 0.0)
(27.647877, 34.286270, 0.0)
(27.661375, 34.292503, 0.0)
(27.663376, 34.313530, 0.0)
(27.382988, 34.237183, 0.0)
(27.369566, 34.227020, 0.0)
(27.408936, 34.221180, 0.0)
(27.415350, 34.186012, 0.0)
(27.412992, 34.244843, 0.0)
(27.359627, 34.180367, 0.0)
(27.356468, 34.164478, 0.0)
(27.412310, 34.109695, 0.0)
(27.390800, 34.141174, 0.0)
(27.344828, 34.137531, 0.0)
(27.334976, 34.164013, 0.0)
(27.321774, 34.187855, 0.0)
(27.322952, 34.162533, 0.0)
(27.322971, 34.174751, 0.0)
(27.315794, 34.169422, 0.0)
(27.304182, 34.141899, 0.0)
(27.326696, 34.182854, 0.0)
(27.334934, 34.191399, 0.0)
(27.321171, 34.240932, 0.0)
(27.300100, 34.244488, 0.0)
(27.278883, 34.170753, 0.0)
(27.346260, 34.116512, 0.0)
(27.590523, 34.080349, 0.0)
(31.943016, 33.540417, 0.0)
(36.276295, 33.088863, 0.0)
(39.807095, 33.018764, 0.0)
(41.975540, 33.373547, 0.0)
(42.604233, 33.405815, 0.0)
(42.617886, 33.387291, 0.0)
(42.592716, 33.356678, 0.0)
(42.598728, 33.339981, 0.0)
(42.644375, 33.367882, 0.0)
(42.675659, 33.379192, 0.0)
(42.667149, 33.418743, 0.0)
(42.575249, 33.452503, 0.0)
(41.829536, 33.261974, 0.0)
(41.838993, 33.202877, 0.0)
(41.950703, 33.198997, 0.0)
(41.888374, 33.257725, 0.0)
(41.842606, 33.252762, 0.0)
(41.836548, 33.330254, 0.0)
(41.824646, 33.346626, 0.0)
(41.785622, 33.343445, 0.0)
(41.777302, 33.307274, 0.0)
(41.782902, 33.304718, 0.0)
(41.784618, 33.320679, 0.0)
(41.771244, 33.323681, 0.0)
(41.777115, 33.321327, 0.0)
(41.766300, 33.362667, 0.0)
(41.728725, 33.383945, 0.0)
(41.698635, 33.370277, 0.0)
(41.740482, 33.305595, 0.0)
(41.754326, 33.270618, 0.0)
(41.709549, 33.259514, 0.0)
(41.659470, 33.236126, 0.0)
(41.698696, 33.317150, 0.0)
(41.694950, 33.315788, 0.0)
(41.694805, 33.347763, 0.0)
(41.696526, 33.342026, 0.0)
(41.340706, 32.454906, 0.0)
(41.111477, 30.399769, 0.0)
(41.150463, 30.131914, 0.0)
(41.218105, 30.161104, 0.0)
(41.263874, 30.180273, 0.0)
(41.273361, 30.225220, 0.0)
(41.229252, 30.163290, 0.0)
(41.233704, 30.082462, 0.0)
(41.318867, 30.111189, 0.0)
(41.312424, 30.134029, 0.0)
(41.293900, 30.129963, 0.0)
(41.331478, 30.135372, 0.0)
(41.321556, 30.151657, 0.0)
(41.340263, 30.138828, 0.0)
(41.363289, 30.103859, 0.0)
(41.338360, 30.095875, 0.0)
(41.354137, 30.152311, 0.0)
(41.344852, 30.161097, 0.0)
(41.318531, 30.174904, 0.0)
(41.310757, 30.193783, 0.0)
(41.310390, 30.225157, 0.0)
(41.258999, 30.207247, 0.0)
(41.201576, 30.115307, 0.0)
(41.343601, 30.085102, 0.0)
(41.362049, 30.090870, 0.0)
(41.300926, 30.105076, 0.0)
(41.294033, 30.129538, 0.0)
(41.275665, 30.170368, 0.0)
(41.242348, 30.153847, 0.0)
(41.274654, 30.147219, 0.0)
(41.279488, 30.140318, 0.0)
(41.254124, 30.139933, 0.0)
(41.244854, 30.151300, 0.0)
(41.242687, 30.162388, 0.0)
(41.245995, 30.173143, 0.0)
(41.247829, 30.201456, 0.0)
(41.250000, 30.202354, 0.0)
(41.225163, 30.179039, 0.0)
(38.351746, 30.398148, 0.0)
(34.388252, 31.668999, 0.0)
(31.008488, 33.321323, 0.0)
(28.747818, 34.793972, 0.0)
(28.650120, 34.873669, 0.0)
(28.695925, 34.819874, 0.0)
(28.663200, 34.724808, 0.0)
(28.066942, 34.954281, 0.0)
(27.841997, 35.057240, 0.0)
(27.846933, 34.993526, 0.0)
(27.856081, 35.007950, 0.0)
(27.846539, 35.055111, 0.0)
(27.809185, 35.092548, 0.0)
(27.782524, 35.115059, 0.0)
(27.751404, 35.128578, 0.0)
(27.756405, 35.080799, 0.0)
(27.795759, 34.972523, 0.0)
(27.809746, 34.980122, 0.0)
(27.758944, 34.993027, 0.0)
(27.744286, 34.993164, 0.0)
(27.752007, 35.045155, 0.0)
(27.768480, 35.063057, 0.0)
(27.782427, 35.067326, 0.0)
(27.786255, 35.067276, 0.0)
(27.777573, 35.061230, 0.0)
(27.763336, 35.015385, 0.0)
(27.764277, 35.045429, 0.0)
(27.788889, 35.075470, 0.0)
(27.803425, 35.077229, 0.0)
(27.815058, 35.095730, 0.0)
(27.772881, 35.072414, 0.0)
(27.758102, 35.064888, 0.0)
(27.828669, 35.001900, 0.0)
(27.811726, 34.989460, 0.0)
(27.804399, 35.007015, 0.0)
(27.802910, 34.971008, 0.0)
(27.819857, 34.997425, 0.0)
(29.013683, 32.257301, 0.0)
(30.153339, 29.637423, 0.0)
(30.125092, 29.440058, 0.0)
(30.075283, 29.398748, 0.0)
(30.034983, 29.419018, 0.0)
(29.997009, 29.408283, 0.0)
(29.922598, 29.456997, 0.0)
(29.914310, 29.515636, 0.0)
(29.873119, 29.584034, 0.0)
(29.848177, 29.629036, 0.0)
(29.858622, 29.621984, 0.0)
(29.871990, 29.312153, 0.0)
(29.839163, 29.302668, 0.0)
(29.808098, 29.270082, 0.0)
(29.801676, 29.280144, 0.0)
(29.803596, 29.303247, 0.0)
(29.806084, 29.302513, 0.0)
(29.785856, 29.351315, 0.0)
(29.751078, 29.402489, 0.0)
(29.780216, 29.390980, 0.0)
(29.815441, 29.396248, 0.0)
(29.792713, 29.401903, 0.0)
(29.801643, 29.419321, 0.0)
(29.830982, 29.424305, 0.0)
(29.760149, 29.470245, 0.0)
(29.752058, 29.420069, 0.0)
(29.781872, 29.426374, 0.0)
(29.771706, 29.474632, 0.0)
(29.798683, 29.448606, 0.0)
(29.828030, 29.429495, 0.0)
(29.796864, 29.499672, 0.0)
(29.769424, 29.453802, 0.0)
(29.786064, 29.440508, 0.0)
(29.753387, 29.472633, 0.0)
(29.739943, 29.466667, 0.0)
(29.772341, 29.485956, 0.0)
(29.796360, 29.514990, 0.0)
(30.298311, 29.558823, 0.0)
(35.087418, 30.627161, 0.0)
(37.958714, 31.636028, 0.0)
(37.958054, 31.586103, 0.0)
(37.926102, 31.461237, 0.0)
(37.913189, 31.411129, 0.0)
(37.911201, 31.391981, 0.0)
(37.947968, 31.402000, 0.0)
(37.942356, 31.467260, 0.0)
(37.941334, 31.446894, 0.0)
(37.963547, 31.405809, 0.0)
(37.971230, 31.408695, 0.0)
(37.970909, 31.395718, 0.0)
(38.009186, 31.400099, 0.0)
(38.048008, 31.370871, 0.0)
(38.065758, 31.394337, 0.0)
(38.017307, 31.406139, 0.0)
(37.957836, 31.375364, 0.0)
(38.015083, 31.288559, 0.0)
(38.108814, 31.247604, 0.0)
(38.103699, 31.257063, 0.0)
(38.040653, 31.258307, 0.0)
(38.021938, 31.298216, 0.0)
(38.019047, 31.319323, 0.0)
(38.105629, 31.311069, 0.0)
(38.160145, 31.301115, 0.0)
(38.137676, 31.235012, 0.0)
(38.176029, 31.205784, 0.0)
(38.165150, 31.209097, 0.0)
(38.234035, 31.195583, 0.0)
(38.239941, 31.245718, 0.0)
(38.127762, 31.269171, 0.0)
(38.133713, 31.223078, 0.0)
(38.209930, 31.176071, 0.0)
(38.216938, 31.201155, 0.0)
(38.190559, 31.186361, 0.0)
(38.185966, 31.180490, 0.0)
(38.174648, 31.167582, 0.0)
(37.717037, 30.305599, 0.0)
(36.657097, 27.051497, 0.0)
(36.365391, 26.099413, 0.0)
(36.391148, 26.127541, 0.0)
(36.375538, 26.218643, 0.0)
(36.340981, 26.261063, 0.0)
(36.316307, 26.286798, 0.0)
(35.860031, 25.949129, 0.0)
(35.496353, 25.239094, 0.0)
(35.559402, 25.210775, 0.0)
(35.572922, 25.297955, 0.0)
(35.496780, 25.358137, 0.0)
(35.471634, 25.392942, 0.0)
(35.519028, 25.443422, 0.0)
(35.574898, 25.445805, 0.0)
(35.584187, 25.423399, 0.0)
(35.418098, 25.355942, 0.0)
(35.414883, 25.388655, 0.0)
(35.420303, 25.394199, 0.0)
(35.436947, 25.443758, 0.0)
(35.485546, 25.436415, 0.0)
(35.435806, 25.441355, 0.0)
(35.358013, 25.421013, 0.0)
(35.389706, 25.361841, 0.0)
(35.431816, 25.335173, 0.0)
(35.389446, 25.365461, 0.0)
(35.373158, 25.335947, 0.0)
(35.384876, 25.431580, 0.0)
(35.386467, 25.462849, 0.0)
(35.364769, 25.477188, 0.0)
(35.368053, 25.555676, 0.0)
(35.309071, 25.590313, 0.0)
(35.272507, 25.577700, 0.0)
(35.295044, 25.556362, 0.0)
(35.317173, 25.521124, 0.0)
(35.316349, 25.510958, 0.0)
(35.267700, 25.493299, 0.0)
(35.857548, 25.512486, 0.0)
(39.344486, 26.094910, 0.0)
(41.764214, 27.008715, 0.0)
(41.929234, 27.023966, 0.0)
(41.854717, 26.983536, 0.0)
(41.842510, 26.959742, 0.0)
(41.852470, 26.930332, 0.0)
(41.863651, 26.906071, 0.0)
(41.845345, 26.934103, 0.0)
(41.920628, 26.909006, 0.0)
(41.877914, 26.810192, 0.0)
(41.882252, 26.807598, 0.0)
(41.890869, 26.786152, 0.0)
(41.877918, 26.777407, 0.0)
(41.853813, 26.657633, 0.0)
(41.878147, 26.571428, 0.0)
(41.853344, 26.582150, 0.0)
(41.817970, 26.596535, 0.0)
(41.826096, 26.610586, 0.0)
(41.805981, 26.647732, 0.0)
(41.759972, 26.713888, 0.0)
(41.766006, 26.669710, 0.0)
(41.786366, 26.668913, 0.0)
(41.788979, 26.663029, 0.0)
(41.797981, 26.604155, 0.0)
(41.853878, 26.644245, 0.0)
(41.835659, 26.653416, 0.0)
(41.779160, 26.685644, 0.0)
(41.734749, 26.680403, 0.0)
(41.752773, 26.605957, 0.0)
(41.847748, 26.553440, 0.0)
(41.779175, 26.579378, 0.0)
(41.790619, 26.565876, 0.0)
(41.802109, 26.585882, 0.0)
(41.778671, 26.599943, 0.0)
(41.786469, 26.601852, 0.0)
(41.770107, 26.628107, 0.0)
(41.786198, 26.620884, 0.0)
(41.317276, 27.069080, 0.0)
(41.030392, 28.213104, 0.0)
(41.074337, 28.326986, 0.0)
(41.102314, 28.276703, 0.0)
(41.058620, 28.280951, 0.0)
(41.072052, 28.205946, 0.0)
(41.116467, 28.148216, 0.0)
(41.114254, 28.170074, 0.0)
(41.082905, 28.195671, 0.0)
(41.068302, 28.250862, 0.0)
(41.095257, 28.292351, 0.0)
(41.048309, 28.271002, 0.0)
(41.038265, 28.280109, 0.0)
(41.032291, 28.290224, 0.0)
(41.034046, 28.276745, 0.0)
(41.081863, 28.250208, 0.0)
(41.085258, 28.254362, 0.0)
(41.060589, 28.235603, 0.0)
(41.038414, 28.234045, 0.0)
(41.004772, 28.180267, 0.0)
(41.037064, 28.052139, 0.0)
(41.169205, 27.997583, 0.0)
(41.138958, 28.038418, 0.0)
(40.999195, 28.091831, 0.0)
(40.988823, 28.131697, 0.0)
(41.019310, 28.181265, 0.0)
(41.017757, 28.149342, 0.0)
(41.026054, 28.105724, 0.0)
(41.019394, 28.119675, 0.0)
(40.977383, 28.120401, 0.0)
(40.966114, 28.114618, 0.0)
(41.004044, 28.149723, 0.0)
(41.010235, 28.182127, 0.0)
(41.025295, 28.249296, 0.0)
(40.947823, 28.261230, 0.0)
(40.941010, 28.174543, 0.0)
(41.057590, 28.111193, 0.0)
(38.988167, 28.751053, 0.0)
(35.647022, 30.892796, 0.0)
(32.814793, 33.041302, 0.0)
(31.735756, 33.776730, 0.0)
(31.740091, 33.768360, 0.0)
(31.704319, 33.698631, 0.0)
(31.604517, 33.673252, 0.0)
(31.441820, 33.801208, 0.0)
(30.872576, 34.336681, 0.0)
(30.818987, 34.407150, 0.0)
(30.832716, 34.426594, 0.0)
(30.803038, 34.466156, 0.0)
(30.761789, 34.461666, 0.0)
(30.720535, 34.446396, 0.0)
(30.737669, 34.395897, 0.0)
(30.583620, 34.515301, 0.0)
(30.545992, 34.562836, 0.0)
(30.500853, 34.551929, 0.0)
(30.490623, 34.615627, 0.0)
(30.488573, 34.622780, 0.0)
(30.484022, 34.629471, 0.0)
(30.507750, 34.594673, 0.0)
(30.503513, 34.616112, 0.0)
(30.486227, 34.604836, 0.0)
(30.487755, 34.624996, 0.0)
(30.501143, 34.702793, 0.0)
(30.509129, 34.675831, 0.0)
(30.513556, 34.704346, 0.0)
(30.465389, 34.737221, 0.0)
(30.472673, 34.637917, 0.0)
(30.525257, 34.542690, 0.0)
(30.490547, 34.554955, 0.0)
(30.447426, 34.570168, 0.0)
(30.484726, 34.559383, 0.0)
(30.486574, 34.587261, 0.0)
(30.480436, 34.575939, 0.0)
(30.486229, 34.611763, 0.0)
(30.444191, 34.628517, 0.0)
(30.442991, 34.608871, 0.0)
(30.452715, 34.621296, 0.0)
(30.726986, 35.221680, 0.0)
(30.773256, 35.307133, 0.0)
(30.730186, 35.381668, 0.0)
(30.738293, 35.385807, 0.0)
(30.708687, 35.354160, 0.0)
(30.713179, 35.271187, 0.0)
(30.775261, 35.263073, 0.0)
(30.695427, 35.304192, 0.0)
(30.684223, 35.282009, 0.0)
(30.683645, 35.325394, 0.0)
(30.658283, 35.357647, 0.0)
(30.648281, 35.346802, 0.0)
(30.676752, 35.346600, 0.0)
(30.630075, 35.361950, 0.0)
(30.598030, 35.352020, 0.0)
(30.620695, 35.350483, 0.0)
(30.486439, 35.523331, 0.0)
(30.471029, 35.565323, 0.0)
(30.515919, 35.624313, 0.0)
(30.497356, 35.627056, 0.0)
(30.472651, 35.581532, 0.0)
(30.487989, 35.626568, 0.0)
(30.502306, 35.614628, 0.0)
(30.481007, 35.586525, 0.0)
(30.476719, 35.567474, 0.0)
(30.464758, 35.615589, 0.0)
(30.440605, 35.637493, 0.0)
(30.456203, 35.621742, 0.0)
(30.471260, 35.650505, 0.0)
(30.463455, 35.664467, 0.0)
(30.434046, 35.688496, 0.0)
(30.428938, 35.700432, 0.0)
(30.473726, 35.690277, 0.0)
(30.487988, 35.700813, 0.0)
(30.447756, 35.739323, 0.0)
(30.545921, 35.730167, 0.0)
(34.270126, 34.540771, 0.0)
(35.589600, 34.180931, 0.0)
(35.593388, 34.213505, 0.0)
(35.526531, 34.189587, 0.0)
(35.543201, 34.176746, 0.0)
(35.619263, 34.142639, 0.0)
(35.666489, 34.156528, 0.0)
(35.892536, 34.107796, 0.0)
(36.144489, 33.889099, 0.0)
(36.169651, 33.859886, 0.0)
(36.201626, 33.858540, 0.0)
(36.259163, 33.839733, 0.0)
(36.273701, 33.833202, 0.0)
(36.292564, 33.858604, 0.0)
(36.288456, 33.839481, 0.0)
(36.336464, 33.752186, 0.0)
(36.463711, 33.709259, 0.0)
(36.431675, 33.689751, 0.0)
(36.387329, 33.685879, 0.0)
(36.398933, 33.628616, 0.0)
(36.435772, 33.603825, 0.0)
(36.393036, 33.601555, 0.0)
(36.375343, 33.629341, 0.0)
(36.397213, 33.639641, 0.0)
(36.380814, 33.630676, 0.0)
(36.382023, 33.651470, 0.0)
(36.415558, 33.730942, 0.0)
(36.415783, 33.707058, 0.0)
(36.435589, 33.716816, 0.0)
(36.397285, 33.726105, 0.0)
(36.418171, 33.712513, 0.0)
(36.510696, 33.669197, 0.0)
(36.473660, 33.699024, 0.0)
(36.443607, 33.727402, 0.0)
(36.398258, 33.715508, 0.0)
(36.400383, 33.719112, 0.0)
(36.425304, 33.720493, 0.0)
(36.792728, 33.294548, 0.0)
(38.618877, 30.201723, 0.0)
(40.267551, 27.570070, 0.0)
(40.835247, 26.849277, 0.0)
(40.815353, 26.944586, 0.0)
(40.789543, 27.040724, 0.0)
(40.773525, 27.104757, 0.0)
(40.753284, 27.105055, 0.0)
(40.741699, 27.052834, 0.0)
(40.849319, 27.028969, 0.0)
(40.839401, 27.038094, 0.0)
(40.805290, 27.062349, 0.0)
(40.814507, 27.102644, 0.0)
(40.806908, 27.108242, 0.0)
(40.789062, 27.134930, 0.0)
(40.809887, 27.089041, 0.0)
(40.808784, 27.089819, 0.0)
(40.803734, 27.060284, 0.0)
(40.812428, 27.110403, 0.0)
(40.804283, 27.185503, 0.0)
(40.773804, 27.199434, 0.0)
(40.776569, 27.205236, 0.0)
(40.737690, 27.228289, 0.0)
(40.756626, 27.123487, 0.0)
(40.804787, 27.120447, 0.0)
(40.775063, 27.119764, 0.0)
(40.713474, 27.138681, 0.0)
(40.672237, 27.201899, 0.0)
(40.634682, 27.190428, 0.0)
(40.649570, 27.223969, 0.0)
(40.634647, 27.199493, 0.0)
(40.628654, 27.191839, 0.0)
(40.621498, 27.184868, 0.0)
(40.626404, 27.174950, 0.0)
(40.630943, 27.194670, 0.0)
(40.617195, 27.207338, 0.0)
(40.713291, 27.350058, 0.0)
(41.771935, 28.051304, 0.0)
(41.907841, 28.021275, 0.0)
(41.867092, 27.982843, 0.0)
(41.841629, 27.944620, 0.0)
(41.850349, 27.949312, 0.0)
(41.859482, 27.953455, 0.0)
(41.869793, 27.978867, 0.0)
(41.852345, 27.977911, 0.0)
(41.828739, 27.970896, 0.0)
(41.809200, 27.949820, 0.0)
(41.795300, 27.983225, 0.0)
(42.011005, 28.094269, 0.0)
(42.183281, 28.228371, 0.0)
(42.165833, 28.247692, 0.0)
(42.115639, 28.275631, 0.0)
(42.134731, 28.233116, 0.0)
(42.182457, 28.120703, 0.0)
(42.182461, 28.150263, 0.0)
(42.128311, 28.167540, 0.0)
(42.136772, 28.179707, 0.0)
(42.129223, 28.255898, 0.0)
(42.111015, 28.288103, 0.0)
(42.125542, 28.323099, 0.0)
(42.123413, 28.373367, 0.0)
(42.073910, 28.423147, 0.0)
(42.134174, 28.410387, 0.0)
(42.166382, 28.404352, 0.0)
(42.175362, 28.409721, 0.0)
(42.149719, 28.403139, 0.0)
(42.143970, 28.318787, 0.0)
(42.180706, 28.259848, 0.0)
(42.192623, 28.283854, 0.0)
(42.157791, 28.331251, 0.0)
(42.185265, 28.336988, 0.0)
(42.248127, 28.353954, 0.0)
(42.238201, 28.321234, 0.0)
(42.208469, 28.302374, 0.0)
(42.218857, 28.279152, 0.0)
(42.195526, 28.366211, 0.0)
(41.720032, 31.221497, 0.0)
(41.700428, 32.728565, 0.0)
(41.674034, 32.892857, 0.0)
(41.656425, 32.875748, 0.0)
(41.571880, 32.822151, 0.0)
(41.602623, 32.884346, 0.0)
(41.616329, 34.134346, 0.0)
(41.568459, 34.257942, 0.0)
(41.548618, 34.214474, 0.0)
(41.521454, 34.237556, 0.0)
(41.498596, 34.269127, 0.0)
(41.523602, 34.234768, 0.0)
(41.524105, 34.271778, 0.0)
(41.524506, 34.239746, 0.0)
(41.541546, 34.257324, 0.0)
(41.530319, 34.292374, 0.0)
(41.549915, 34.316017, 0.0)
(41.563908, 34.314747, 0.0)
(41.525269, 34.310528, 0.0)
(41.541416, 34.292202, 0.0)
(41.575500, 34.217373, 0.0)
(41.576687, 34.252171, 0.0)
(41.550533, 34.215847, 0.0)
(41.564648, 34.268433, 0.0)
(41.558643, 34.316475, 0.0)
(41.555199, 34.294941, 0.0)
(41.599373, 34.262825, 0.0)
(41.547787, 34.268356, 0.0)
(41.525894, 34.275204, 0.0)
(41.552788, 34.262997, 0.0)
(41.584095, 34.267906, 0.0)
(41.535294, 34.307964, 0.0)
(41.489483, 34.311214, 0.0)
(41.464275, 34.309475, 0.0)
(41.509758, 34.279423, 0.0)
(41.526356, 34.223969, 0.0)
(41.511620, 34.256283, 0.0)
(41.497917, 34.222969, 0.0)
(41.511608, 34.259350, 0.0)
(41.072678, 33.846153, 0.0)
(39.126942, 31.720547, 0.0)
(39.101109, 31.586651, 0.0)
(39.168770, 31.600758, 0.0)
(39.165600, 31.592384, 0.0)
(39.155090, 31.585342, 0.0)
(39.125950, 31.600983, 0.0)
(37.698063, 32.150505, 0.0)
(37.059540, 32.573357, 0.0)
(37.044750, 32.608234, 0.0)
(37.126137, 32.574863, 0.0)
(37.118866, 32.598484, 0.0)
(37.014748, 32.588669, 0.0)
(35.974323, 33.019012, 0.0)
(33.125805, 33.900284, 0.0)
(33.128719, 33.831982, 0.0)
(33.250221, 33.794342, 0.0)
(33.278358, 33.821461, 0.0)
(33.209866, 33.795647, 0.0)
(33.182022, 33.810989, 0.0)
(33.180397, 33.836975, 0.0)
(33.191711, 33.817753, 0.0)
(33.236450, 33.802612, 0.0)
(33.194580, 33.837372, 0.0)
(33.154655, 33.769043, 0.0)
(33.210121, 33.737724, 0.0)
(33.269348, 33.758080, 0.0)
(33.219810, 33.803913, 0.0)
(33.230198, 33.844154, 0.0)
(33.230766, 33.898365, 0.0)
(33.228722, 33.889431, 0.0)
(33.229458, 33.892368, 0.0)
(33.259842, 33.911240, 0.0)
(33.236610, 33.851101, 0.0)
(33.249527, 33.837284, 0.0)
(33.298191, 33.872650, 0.0)
(33.288826, 33.899220, 0.0)
(33.310272, 33.946293, 0.0)
(32.245434, 33.734665, 0.0)
(29.373165, 32.159321, 0.0)
(28.363104, 31.335550, 0.0)
(28.348330, 31.169302, 0.0)
(28.338017, 31.092932, 0.0)
(28.259918, 31.103136, 0.0)
(27.576126, 30.891712, 0.0)
(27.377571, 30.779505, 0.0)
(27.369450, 30.756275, 0.0)
(27.377123, 30.686558, 0.0)
(27.357344, 30.700176, 0.0)
(27.341290, 30.680521, 0.0)
(27.359375, 30.670143, 0.0)
(27.360168, 30.673925, 0.0)
(27.069447, 30.736204, 0.0)
(27.037453, 30.704090, 0.0)
(27.046400, 30.654095, 0.0)
(27.017570, 30.607159, 0.0)
(27.019920, 30.534458, 0.0)
(27.041615, 30.480234, 0.0)
(27.048880, 30.453472, 0.0)
(27.001650, 30.480442, 0.0)
(26.993618, 30.518074, 0.0)
(27.007784, 30.546774, 0.0)
(27.019175, 30.531916, 0.0)
(27.023880, 30.533358, 0.0)
(27.005892, 30.535784, 0.0)
(26.971008, 30.516340, 0.0)
(26.982550, 30.496264, 0.0)
(27.011129, 30.549026, 0.0)
(27.037512, 30.529844, 0.0)
(27.029276, 30.556704, 0.0)
(26.962883, 30.587170, 0.0)
(26.932274, 30.588873, 0.0)
(27.025434, 30.498665, 0.0)
(27.064709, 30.446545, 0.0)
(28.894476, 29.118317, 0.0)
(29.759277, 28.580647, 0.0)
(29.846891, 28.598875, 0.0)
(29.816969, 28.627638, 0.0)
(29.811758, 28.660339, 0.0)
(29.845230, 28.739275, 0.0)
(29.820108, 28.821547, 0.0)
(29.810560, 28.822762, 0.0)
(29.814983, 28.857958, 0.0)
(29.810741, 28.874525, 0.0)
(29.832172, 28.821028, 0.0)
(29.870859, 28.832064, 0.0)
(29.802797, 28.895346, 0.0)
(29.778933, 28.830408, 0.0)
(29.837051, 28.773394, 0.0)
(29.861862, 28.769779, 0.0)
(29.840757, 28.773642, 0.0)
(29.831034, 28.782219, 0.0)
(29.859541, 28.790499, 0.0)
(29.842407, 28.788599, 0.0)
(29.823709, 28.763121, 0.0)
(29.838366, 28.773975, 0.0)
(29.803522, 28.795839, 0.0)
(29.808977, 28.778311, 0.0)
(29.840473, 28.779961, 0.0)
(29.824358, 28.785570, 0.0)
(29.804556, 28.828827, 0.0)
(29.833731, 28.847979, 0.0)
(29.785166, 28.765793, 0.0)
(29.775850, 28.720798, 0.0)
(29.839176, 28.693281, 0.0)
(29.824865, 28.685816, 0.0)
(29.810942, 28.712385, 0.0)
(29.810257, 28.770111, 0.0)
(29.786953, 28.809368, 0.0)
(29.782400, 28.781586, 0.0)
(28.446707, 29.862371, 0.0)
(28.219994, 30.059977, 0.0)
(28.236353, 30.013733, 0.0)
(28.211874, 30.015673, 0.0)
(28.201797, 30.026617, 0.0)
(28.185991, 30.037479, 0.0)
(28.159288, 30.066795, 0.0)
(28.116791, 30.025614, 0.0)
(28.095808, 29.946283, 0.0)
(28.133879, 29.913877, 0.0)
(27.974825, 30.140617, 0.0)
(27.936478, 30.237625, 0.0)
(27.917362, 30.219584, 0.0)
(27.922812, 30.250601, 0.0)
(27.946848, 30.250135, 0.0)
(27.956318, 30.224434, 0.0)
(27.941103, 30.216461, 0.0)
(27.928909, 30.201382, 0.0)
(27.907419, 30.203871, 0.0)
(27.955513, 30.209000, 0.0)
(27.964453, 30.229492, 0.0)
(27.963190, 30.230902, 0.0)
(27.935335, 30.284456, 0.0)
(27.919302, 30.254299, 0.0)
(27.951687, 30.193449, 0.0)
(27.991831, 30.139400, 0.0)
(27.959412, 30.177727, 0.0)
(27.933205, 30.202280, 0.0)
(27.950325, 30.226927, 0.0)
(27.966864, 30.235519, 0.0)
(27.970264, 30.225035, 0.0)
(27.949144, 30.275656, 0.0)
(27.933279, 30.273405, 0.0)
(27.925123, 30.253929, 0.0)
(27.939173, 30.299364, 0.0)
(27.966146, 30.259855, 0.0)
(27.963085, 30.277063, 0.0)
(27.912920, 30.329411, 0.0)
(27.892445, 30.316437, 0.0)
(28.913704, 29.992697, 0.0)
(32.977322, 30.512720, 0.0)
(33.798626, 30.882198, 0.0)
(33.747787, 30.902966, 0.0)
(33.717548, 30.896183, 0.0)
(33.746696, 30.923948, 0.0)
(33.757275, 30.926302, 0.0)
(33.729294, 30.950573, 0.0)
(33.716560, 30.959732, 0.0)
(33.725876, 30.920551, 0.0)
(33.746487, 30.895351, 0.0)
(33.763092, 30.895090, 0.0)
(33.792828, 30.922852, 0.0)
(33.804375, 30.940432, 0.0)
(33.751469, 30.938780, 0.0)
(33.764839, 30.889076, 0.0)
(33.830322, 30.842731, 0.0)
(33.830772, 30.815866, 0.0)
(33.816875, 30.766056, 0.0)
(33.831215, 30.778803, 0.0)
(33.830471, 30.780968, 0.0)
(33.817902, 30.764936, 0.0)
(33.829056, 30.750906, 0.0)
(33.812237, 30.779083, 0.0)
(33.809254, 30.749514, 0.0)
(33.864246, 30.697605, 0.0)
(33.872692, 30.714094, 0.0)
(33.900826, 30.709955, 0.0)
(33.895672, 30.734001, 0.0)
(33.822636, 30.735321, 0.0)
(33.882690, 30.715492, 0.0)
(33.943928, 30.688715, 0.0)
(33.909554, 30.720325, 0.0)
(33.908722, 30.721821, 0.0)
(33.926674, 30.740570, 0.0)
(33.911442, 30.739727, 0.0)
(33.891838, 30.678738, 0.0)
(35.077820, 30.845560, 0.0)
(38.865551, 32.275070, 0.0)
(39.782726, 32.705482, 0.0)
(39.766476, 32.798351, 0.0)
(39.716591, 32.781181, 0.0)
(39.767155, 32.744110, 0.0)
(39.781681, 32.740337, 0.0)
(39.769550, 32.685661, 0.0)
(39.740170, 32.268284, 0.0)
(39.819557, 32.225510, 0.0)
(39.809639, 32.231155, 0.0)
(39.770203, 32.274746, 0.0)
(39.795147, 32.310787, 0.0)
(39.765636, 32.285301, 0.0)
(39.781254, 32.253223, 0.0)
(39.801620, 32.214287, 0.0)
(39.769325, 32.203194, 0.0)
(39.752136, 32.223568, 0.0)
(39.796532, 32.221394, 0.0)
(39.829060, 32.271294, 0.0)
(39.839283, 32.274761, 0.0)
(39.341343, 32.079330, 0.0)
(39.073780, 31.741732, 0.0)
(39.170624, 31.662273, 0.0)
(39.195641, 31.678368, 0.0)
(39.106583, 31.685740, 0.0)
(39.107151, 31.698290, 0.0)
(39.099888, 31.732035, 0.0)
(39.091591, 31.694542, 0.0)
(39.105877, 31.714972, 0.0)
(39.064117, 31.728794, 0.0)
(39.083572, 31.694395, 0.0)
(39.101784, 31.739832, 0.0)
(39.141430, 31.719952, 0.0)
(39.134598, 31.748171, 0.0)
(39.050797, 31.791172, 0.0)
(39.032536, 31.799870, 0.0)
(39.056038, 31.758411, 0.0)
(35.180923, 30.408720, 0.0)
(30.948370, 29.386639, 0.0)
(28.313608, 29.193993, 0.0)
(27.941906, 29.148682, 0.0)
(27.909084, 29.234083, 0.0)
(27.885321, 29.211226, 0.0)
(27.323534, 29.415237, 0.0)
(27.050594, 29.583775, 0.0)
(27.048985, 29.569782, 0.0)
(27.062765, 29.620665, 0.0)
(27.073879, 29.644547, 0.0)
(27.095507, 29.704439, 0.0)
(26.738106, 29.829021, 0.0)
(26.647491, 29.869495, 0.0)
(26.719154, 29.745800, 0.0)
(26.776550, 29.726707, 0.0)
(26.712919, 29.757395, 0.0)
(26.661674, 29.749071, 0.0)
(26.669720, 29.804321, 0.0)
(26.635963, 29.846733, 0.0)
(26.610771, 29.864311, 0.0)
(26.596420, 29.900118, 0.0)
(26.568941, 29.927799, 0.0)
(26.570297, 29.902363, 0.0)
(26.579758, 29.932276, 0.0)
(26.613461, 29.840214, 0.0)
(26.612701, 29.788542, 0.0)
(26.623592, 29.823416, 0.0)
(26.507898, 29.810844, 0.0)
(26.508188, 29.783390, 0.0)
(26.550493, 29.806965, 0.0)
(26.538328, 29.799202, 0.0)
(26.637569, 29.756668, 0.0)
(26.697037, 29.785683, 0.0)
(26.685377, 29.756536, 0.0)
(26.650970, 29.698055, 0.0)
(27.284678, 30.410582, 0.0)
(28.607410, 33.213108, 0.0)
(28.680092, 33.730316, 0.0)
(28.625584, 33.787159, 0.0)
(28.594343, 33.761276, 0.0)
(28.559698, 33.767082, 0.0)
(28.518881, 33.774624, 0.0)
(28.498905, 33.747265, 0.0)
(28.561726, 33.663277, 0.0)
(28.725538, 33.860588, 0.0)
(28.688475, 33.895844, 0.0)
(28.676434, 33.886086, 0.0)
(28.657879, 33.933220, 0.0)
(28.667547, 33.937572, 0.0)
(28.692892, 33.879780, 0.0)
(28.686996, 33.845211, 0.0)
(28.668701, 33.868752, 0.0)
(28.666033, 33.845203, 0.0)
(29.032295, 33.937851, 0.0)
(29.147633, 33.956619, 0.0)
(29.149973, 33.960419, 0.0)
(29.117790, 33.970505, 0.0)
(29.057570, 33.941628, 0.0)
(29.072067, 33.907295, 0.0)
(29.123377, 33.803936, 0.0)
(29.098118, 33.826576, 0.0)
(29.030510, 33.870049, 0.0)
(29.068468, 33.850487, 0.0)
(29.093452, 33.855679, 0.0)
(29.079542, 33.882164, 0.0)
(29.068531, 33.885185, 0.0)
(29.063009, 33.892326, 0.0)
(29.053995, 33.899670, 0.0)
(29.062654, 33.894890, 0.0)
(29.062210, 33.917568, 0.0)
(29.075891, 33.910801, 0.0)
(29.070028, 33.939831, 0.0)
(28.993341, 33.950970, 0.0)
(32.075008, 32.407581, 0.0)
(33.334610, 31.913601, 0.0)
(33.351601, 31.895206, 0.0)
(33.280125, 31.883387, 0.0)
(33.301689, 31.908148, 0.0)
(33.302181, 31.942667, 0.0)
(33.317162, 31.949213, 0.0)
(34.065357, 31.725449, 0.0)
(34.242149, 31.715038, 0.0)
(34.258984, 31.693314, 0.0)
(34.259632, 31.683279, 0.0)
(34.290733, 31.654381, 0.0)
(34.306526, 31.641729, 0.0)
(34.284920, 31.653566, 0.0)
(34.322788, 31.654295, 0.0)
(34.332584, 31.638863, 0.0)
(34.368572, 31.591230, 0.0)
(34.418491, 31.619946, 0.0)
(34.379513, 31.644382, 0.0)
(34.350639, 31.607967, 0.0)
(34.320744, 31.664845, 0.0)
(34.010738, 31.638231, 0.0)
(33.949085, 31.580374, 0.0)
(33.988388, 31.539835, 0.0)
(33.967522, 31.548185, 0.0)
(33.917290, 31.555914, 0.0)
(33.928043, 31.548674, 0.0)
(33.952110, 31.598186, 0.0)
(33.968742, 31.623280, 0.0)
(33.993885, 31.622572, 0.0)
(33.965565, 31.618618, 0.0)
(33.948566, 31.543571, 0.0)
(34.015823, 31.502987, 0.0)
(34.023479, 31.539606, 0.0)
(34.012608, 31.501659, 0.0)
(34.016361, 31.547979, 0.0)
(33.992901, 31.587698, 0.0)
(34.832932, 31.765165, 0.0)
(38.637886, 32.778030, 0.0)
(39.613144, 33.271938, 0.0)
(39.603855, 33.275867, 0.0)
(39.546547, 33.296009, 0.0)
(39.550278, 33.280804, 0.0)
(39.568264, 33.289429, 0.0)
(39.595402, 33.301117, 0.0)
(39.546017, 33.300392, 0.0)
(39.581345, 33.256947, 0.0)
(39.641838, 33.224472, 0.0)
(39.658577, 33.194714, 0.0)
(39.613602, 33.276676, 0.0)
(39.564354, 33.250462, 0.0)
(39.553944, 33.280590, 0.0)
(39.563541, 33.285397, 0.0)
(39.577862, 33.216400, 0.0)
(39.611855, 33.258953, 0.0)
(39.624908, 33.207905, 0.0)
(39.669983, 33.185486, 0.0)
(39.702969, 33.209236, 0.0)
(39.673546, 33.256493, 0.0)
(39.659657, 33.262333, 0.0)
(39.422497, 32.906063, 0.0)
(39.168434, 31.734674, 0.0)
(39.263405, 31.597008, 0.0)
(39.308765, 31.534389, 0.0)
(39.214272, 31.567377, 0.0)
(39.176189, 31.594995, 0.0)
(39.219341, 31.601736, 0.0)
(39.212971, 31.653595, 0.0)
(39.154564, 31.645222, 0.0)
(39.188576, 31.682209, 0.0)
(39.240051, 31.681871, 0.0)
(39.235817, 31.689034, 0.0)
(39.228024, 31.717699, 0.0)
(39.233120, 31.732941, 0.0)
(39.226391, 31.742323, 0.0)
(38.155220, 30.933289, 0.0)
(34.964443, 27.752142, 0.0)
(33.672157, 26.361000, 0.0)
(33.784882, 26.353626, 0.0)
(33.810169, 26.438250, 0.0)
(33.730572, 26.528276, 0.0)
(33.717400, 26.553570, 0.0)
(33.743679, 26.592960, 0.0)
(33.552368, 26.348471, 0.0)
(33.501881, 26.311525, 0.0)
(33.534565, 26.334085, 0.0)
(33.512119, 26.312630, 0.0)
(33.501854, 26.348783, 0.0)
(33.487103, 26.425573, 0.0)
(33.503574, 26.468153, 0.0)
(33.521690, 26.489145, 0.0)
(33.507587, 26.472586, 0.0)
(33.471443, 26.382786, 0.0)
(33.537930, 26.330881, 0.0)
(33.530750, 26.305040, 0.0)
(33.490887, 26.306868, 0.0)
(33.510571, 26.324665, 0.0)
(33.483788, 26.346382, 0.0)
(33.474865, 26.333321, 0.0)
(33.512310, 26.286497, 0.0)
(33.478058, 26.292534, 0.0)
(33.467701, 26.263195, 0.0)
(33.481155, 26.254566, 0.0)
(33.468113, 26.253977, 0.0)
(33.503735, 26.279896, 0.0)
(33.550049, 26.292141, 0.0)
(33.463799, 26.356878, 0.0)
(33.429657, 26.330368, 0.0)
(33.465271, 26.311590, 0.0)
(33.489246, 26.315449, 0.0)
(33.481796, 26.303370, 0.0)
(33.491772, 26.329382, 0.0)
(33.480019, 26.370850, 0.0)
(33.434361, 26.373438, 0.0)
(33.694801, 26.400404, 0.0)
(37.671505, 26.809166, 0.0)
(41.037651, 27.968042, 0.0)
(42.872814, 28.788689, 0.0)
(43.020042, 28.836296, 0.0)
(42.992783, 28.817570, 0.0)
(42.976547, 28.835087, 0.0)
(42.962410, 28.861902, 0.0)
(42.995304, 28.775440, 0.0)
(43.083076, 28.756550, 0.0)
(43.064571, 28.785498, 0.0)
(43.009808, 28.760378, 0.0)
(43.022144, 28.783691, 0.0)
(43.010143, 28.797335, 0.0)
(43.009308, 28.785824, 0.0)
(43.016769, 28.784615, 0.0)
(42.969894, 28.774328, 0.0)
(42.931568, 28.722189, 0.0)
(42.965485, 28.735390, 0.0)
(42.986332, 28.723101, 0.0)
(43.003452, 28.713755, 0.0)
(42.933784, 28.715631, 0.0)
(42.863148, 28.707737, 0.0)
(42.920135, 28.662176, 0.0)
(42.976479, 28.644920, 0.0)
(42.947453, 28.648893, 0.0)
(42.908173, 28.644270, 0.0)
(42.907879, 28.697466, 0.0)
(42.889046, 28.711256, 0.0)
(42.920677, 28.706575, 0.0)
(42.862762, 28.704035, 0.0)
(42.844734, 28.693642, 0.0)
(42.851418, 28.693747, 0.0)
(42.824749, 28.715757, 0.0)
(42.841713, 28.752811, 0.0)
(42.852829, 28.762320, 0.0)
(42.367283, 28.255337, 0.0)
(41.591549, 26.223133, 0.0)
(41.600548, 26.070206, 0.0)
(41.674648, 26.106966, 0.0)
(41.655598, 26.137194, 0.0)
(41.625027, 26.157646, 0.0)
(41.615910, 26.217287, 0.0)
(41.604618, 26.299692, 0.0)
(41.598938, 26.330580, 0.0)
(41.593147, 26.375904, 0.0)
(41.557640, 26.382519, 0.0)
(41.548973, 26.380653, 0.0)
(41.557880, 26.375866, 0.0)
(41.552021, 26.367699, 0.0)
(41.565243, 26.329935, 0.0)
(41.569717, 26.314447, 0.0)
(41.533539, 26.325357, 0.0)
(41.517212, 26.310946, 0.0)
(41.531509, 26.293638, 0.0)
(41.552246, 26.273821, 0.0)
(41.532249, 26.295282, 0.0)
(41.083420, 26.401426, 0.0)
(40.011723, 27.007318, 0.0)
(40.004837, 27.049536, 0.0)
(40.077358, 26.962128, 0.0)
(40.074345, 26.959211, 0.0)
(40.009285, 26.986176, 0.0)
(39.996845, 27.004887, 0.0)
(40.011887, 27.040348, 0.0)
(40.036274, 27.055861, 0.0)
(40.027237, 27.070963, 0.0)
(40.004990, 27.027948, 0.0)
(39.996628, 26.966988, 0.0)
(40.044991, 26.910543, 0.0)
(40.083786, 26.932592, 0.0)
(40.060291, 26.968405, 0.0)
(40.043255, 27.007593, 0.0)
(40.043087, 27.050295, 0.0)
(40.031303, 27.038422, 0.0)
(40.041527, 26.986343, 0.0)
(40.073788, 26.936466, 0.0)
(40.054661, 26.936489, 0.0)
(40.045055, 26.972780, 0.0)
(37.576340, 28.561003, 0.0)
(35.194408, 31.125927, 0.0)
(34.548805, 32.317097, 0.0)
(34.422451, 32.312931, 0.0)
(34.378815, 32.179577, 0.0)
(34.407612, 32.058651, 0.0)
(34.375263, 32.027611, 0.0)
(34.309399, 32.039192, 0.0)
(34.313728, 32.074345, 0.0)
(34.344769, 32.118801, 0.0)
(34.352657, 32.126995, 0.0)
(34.353779, 32.113800, 0.0)
(34.329006, 32.131832, 0.0)
(34.288628, 32.146450, 0.0)
(34.296131, 32.139389, 0.0)
(34.298378, 32.152340, 0.0)
(34.288803, 32.184525, 0.0)
(34.274094, 32.208591, 0.0)
(34.195820, 32.269550, 0.0)
(34.181282, 32.248924, 0.0)
(34.203663, 32.148361, 0.0)
(34.209526, 32.118069, 0.0)
(34.164989, 32.144073, 0.0)
(34.150852, 32.137157, 0.0)
(34.165386, 32.148682, 0.0)
(34.174564, 32.156857, 0.0)
(34.170441, 32.162266, 0.0)
(34.160931, 32.173279, 0.0)
(34.170704, 32.168945, 0.0)
(34.179302, 32.181885, 0.0)
(34.193142, 32.183586, 0.0)
(34.221325, 32.186989, 0.0)
(34.220181, 32.220825, 0.0)
(34.182163, 32.257332, 0.0)
(32.899151, 30.851452, 0.0)
(31.987053, 29.164089, 0.0)
(32.006588, 28.919144, 0.0)
(31.937107, 28.927059, 0.0)
(31.887192, 28.932604, 0.0)
(31.867334, 28.958323, 0.0)
(31.847677, 28.959770, 0.0)
(31.819258, 28.979404, 0.0)
(31.819433, 29.004868, 0.0)
(31.518692, 28.972187, 0.0)
(31.486917, 28.982473, 0.0)
(31.509268, 29.083042, 0.0)
(31.533379, 29.067303, 0.0)
(31.499228, 29.066952, 0.0)
(31.494322, 29.136091, 0.0)
(31.480396, 29.115408, 0.0)
(31.474892, 29.078716, 0.0)
(31.481686, 29.069193, 0.0)
(31.500845, 29.082947, 0.0)
(31.483652, 29.096092, 0.0)
(31.478708, 29.111357, 0.0)
(31.487764, 29.144251, 0.0)
(31.508589, 29.118481, 0.0)
(31.510378, 29.100180, 0.0)
(31.465773, 29.129913, 0.0)
(31.440214, 29.089533, 0.0)
(31.411867, 29.142462, 0.0)
(31.434452, 29.149075, 0.0)
(31.435610, 29.129622, 0.0)
(31.451780, 29.122927, 0.0)
(31.419922, 29.090807, 0.0)
(31.403721, 29.040195, 0.0)
(31.443390, 29.031483, 0.0)
(31.444769, 29.077099, 0.0)
(31.433487, 29.076180, 0.0)
(31.431374, 29.082228, 0.0)
(31.427334, 29.126083, 0.0)
(33.709084, 31.344936, 0.0)
(35.845356, 34.261894, 0.0)
(36.037693, 34.986568, 0.0)
(35.896889, 34.903164, 0.0)
(35.838692, 34.808308, 0.0)
(35.865635, 34.789185, 0.0)
(35.899590, 34.776005, 0.0)
(36.373314, 35.046963, 0.0)
(36.401634, 35.089294, 0.0)
(36.356659, 35.023918, 0.0)
(36.396198, 34.944092, 0.0)
(36.407539, 34.930359, 0.0)
(36.403000, 34.925365, 0.0)
(36.214481, 33.581425, 0.0)
(36.172146, 33.322262, 0.0)
(36.159016, 33.309010, 0.0)
(36.141521, 33.295383, 0.0)
(36.130287, 33.311077, 0.0)
(36.122185, 33.347965, 0.0)
(36.116924, 33.359013, 0.0)
(36.088310, 33.251781, 0.0)
(36.008476, 32.063808, 0.0)
(35.967922, 31.910046, 0.0)
(35.907612, 31.956192, 0.0)
(35.876396, 31.945242, 0.0)
(35.962627, 31.844093, 0.0)
(35.973194, 31.844307, 0.0)
(35.911373, 31.909782, 0.0)
(35.911579, 31.890814, 0.0)
(35.948765, 31.926481, 0.0)
(35.922245, 31.939760, 0.0)
(35.904922, 31.926283, 0.0)
(35.899872, 31.937946, 0.0)
(35.866856, 31.940439, 0.0)
(35.862999, 31.955698, 0.0)
(35.905609, 31.977541, 0.0)
(35.908966, 32.000645, 0.0)
(35.907227, 32.045708, 0.0)
(37.668228, 30.476706, 0.0)
(40.013405, 28.243011, 0.0)
(41.613029, 27.103447, 0.0)
(41.738853, 27.137556, 0.0)
(41.651196, 27.267038, 0.0)
(41.628006, 27.321957, 0.0)
(41.647121, 27.365009, 0.0)
(41.630779, 27.385870, 0.0)
(41.867107, 27.256844, 0.0)
(42.491261, 27.026602, 0.0)
(42.506897, 27.001019, 0.0)
(42.425041, 27.017904, 0.0)
(42.446281, 27.070351, 0.0)
(42.494980, 27.057899, 0.0)
(42.487919, 27.092899, 0.0)
(42.491928, 27.144348, 0.0)
(42.446377, 27.123926, 0.0)
(42.458370, 27.088131, 0.0)
(42.512856, 27.039602, 0.0)
(42.494610, 27.037228, 0.0)
(42.442837, 27.035213, 0.0)
(42.444710, 27.071804, 0.0)
(42.433933, 27.084877, 0.0)
(42.421257, 27.079557, 0.0)
(42.435516, 27.105303, 0.0)
(42.411400, 27.062653, 0.0)
(42.392334, 27.066708, 0.0)
(42.386150, 27.097452, 0.0)
(42.384953, 27.113846, 0.0)
(42.401653, 27.109327, 0.0)
(42.385536, 27.135790, 0.0)
(42.337589, 27.136648, 0.0)
(42.339729, 27.062143, 0.0)
(42.399487, 26.999180, 0.0)
(42.384445, 26.964476, 0.0)
(42.362015, 27.990025, 0.0)
(42.377975, 31.068405, 0.0)
(42.246998, 31.721092, 0.0)
(42.245342, 31.707483, 0.0)
(42.263466, 31.615105, 0.0)
(42.256981, 31.613140, 0.0)
(42.245243, 31.640312, 0.0)
(42.206379, 32.032536, 0.0)
(42.234783, 32.069057, 0.0)
(42.250542, 32.072559, 0.0)
(42.243992, 32.077572, 0.0)
(42.209721, 32.107216, 0.0)
(42.213039, 32.006912, 0.0)
(42.251274, 31.956217, 0.0)
(42.282467, 31.960230, 0.0)
(42.249382, 31.936020, 0.0)
(42.251587, 31.951385, 0.0)
(42.254097, 31.975760, 0.0)
(42.251606, 31.963100, 0.0)
(42.292362, 31.957830, 0.0)
(42.253014, 32.003380, 0.0)
(41.382835, 31.588943, 0.0)
(39.836800, 30.582148, 0.0)
(39.859032, 30.561121, 0.0)
(39.890751, 30.576565, 0.0)
(39.891602, 30.592312, 0.0)
(39.861908, 30.599186, 0.0)
(39.867046, 30.566900, 0.0)
(39.915562, 30.481232, 0.0)
(39.903252, 30.510883, 0.0)
(39.885265, 30.528791, 0.0)
(39.888302, 30.524937, 0.0)
(39.921181, 30.555916, 0.0)
(39.929058, 30.559999, 0.0)
(39.933788, 30.572453, 0.0)
(39.908253, 30.590050, 0.0)
(39.903442, 30.584616, 0.0)
(39.913555, 30.590462, 0.0)
(38.316769, 32.092461, 0.0)
(35.486053, 34.903198, 0.0)
(34.840923, 35.585606, 0.0)
(34.761799, 35.570038, 0.0)
(34.773365, 35.384369, 0.0)
(34.842014, 35.303452, 0.0)
(34.413219, 35.789490, 0.0)
(34.271664, 36.018574, 0.0)
(34.302624, 36.030556, 0.0)
(34.290405, 36.055485, 0.0)
(34.247257, 36.030357, 0.0)
(34.216248, 36.046844, 0.0)
(34.199326, 36.050449, 0.0)
(34.197468, 36.006134, 0.0)
(34.155880, 35.963573, 0.0)
(34.156723, 35.950199, 0.0)
(34.174534, 35.986423, 0.0)
(34.216061, 36.011032, 0.0)
(34.140354, 36.029053, 0.0)
(34.133602, 35.992016, 0.0)
(34.132015, 35.952827, 0.0)
(34.155334, 35.954334, 0.0)
(34.137272, 35.922401, 0.0)
(34.124096, 35.924061, 0.0)
(34.152172, 35.966724, 0.0)
(34.127258, 35.908913, 0.0)
(34.091148, 35.930126, 0.0)
(34.100533, 35.975861, 0.0)
(34.137402, 35.945057, 0.0)
(34.127720, 36.278366, 0.0)
(34.148300, 36.350544, 0.0)
(34.192429, 36.270855, 0.0)
(34.198643, 36.256409, 0.0)
(34.126198, 36.323101, 0.0)
(34.116341, 36.301952, 0.0)
(34.200283, 36.301277, 0.0)
(34.196018, 36.331554, 0.0)
(34.111904, 36.385529, 0.0)
(34.099644, 36.404133, 0.0)
(34.088615, 35.274334, 0.0)
(34.457851, 30.435049, 0.0)
(36.186733, 26.412954, 0.0)
(36.660542, 25.873014, 0.0)
(36.641533, 25.926062, 0.0)
(36.522537, 26.008318, 0.0)
(36.845554, 25.511106, 0.0)
(37.021706, 25.150341, 0.0)
(36.993851, 25.169189, 0.0)
(36.977802, 25.135042, 0.0)
(37.051727, 25.087706, 0.0)
(37.076252, 25.065962, 0.0)
(37.053505, 25.065058, 0.0)
(37.046623, 25.111650, 0.0)
(37.032238, 25.165485, 0.0)
(37.042454, 25.196877, 0.0)
(37.046627, 25.148512, 0.0)
(37.047157, 25.127493, 0.0)
(37.042244, 25.118029, 0.0)
(37.049309, 25.139021, 0.0)
(37.066818, 25.166218, 0.0)
(37.104942, 25.151703, 0.0)
(37.105556, 25.181776, 0.0)
(37.024509, 25.220049, 0.0)
(37.010525, 25.178114, 0.0)
(37.074726, 25.134264, 0.0)
(37.067135, 25.114834, 0.0)
(37.037441, 25.114908, 0.0)
(37.042580, 25.117735, 0.0)
(37.032433, 25.154289, 0.0)
(37.032261, 25.185425, 0.0)
(37.005005, 25.193020, 0.0)
(36.987701, 25.203300, 0.0)
(36.996346, 25.242474, 0.0)
(36.996178, 25.233467, 0.0)
(37.022381, 25.244362, 0.0)
(37.052654, 25.266659, 0.0)
(36.039467, 26.264874, 0.0)
(33.354351, 30.533978, 0.0)
(31.780945, 33.123871, 0.0)
(31.802254, 33.089195, 0.0)
(31.748812, 33.028191, 0.0)
(31.663445, 33.003105, 0.0)
(30.437714, 33.712685, 0.0)
(30.363293, 33.732201, 0.0)
(30.372049, 33.762245, 0.0)
(30.365311, 33.800758, 0.0)
(30.341034, 33.819866, 0.0)
(30.306850, 33.802338, 0.0)
(30.292521, 33.807587, 0.0)
(30.290932, 33.805264, 0.0)
(30.295465, 33.774559, 0.0)
(30.294323, 33.763565, 0.0)
(30.233536, 33.752037, 0.0)
(30.225126, 33.710957, 0.0)
(30.273916, 33.665974, 0.0)
(30.261440, 33.685852, 0.0)
(30.219427, 33.706516, 0.0)
(30.216122, 33.726494, 0.0)
(30.231058, 33.762592, 0.0)
(30.152866, 33.404064, 0.0)
(30.167824, 33.305954, 0.0)
(30.164764, 33.351776, 0.0)
(30.125206, 33.354485, 0.0)
(30.121134, 33.354130, 0.0)
(30.125769, 33.394493, 0.0)
(30.149015, 33.393318, 0.0)
(30.149235, 33.381580, 0.0)
(30.134813, 33.392025, 0.0)
(30.102440, 33.329090, 0.0)
(30.142080, 33.297977, 0.0)
(30.167582, 33.297203, 0.0)
(30.129232, 33.321980, 0.0)
(30.115519, 33.347198, 0.0)
(31.274822, 32.796257, 0.0)
(35.645851, 30.580936, 0.0)
(39.386887, 29.461613, 0.0)
(41.247807, 29.316242, 0.0)
(41.296921, 29.286179, 0.0)
(41.217625, 29.306461, 0.0)
(41.221691, 29.328218, 0.0)
(41.256683, 29.358845, 0.0)
(41.279156, 29.354794, 0.0)
(41.248180, 29.384199, 0.0)
(41.273270, 29.274521, 0.0)
(41.377892, 29.219990, 0.0)
(41.376942, 29.246262, 0.0)
(41.364719, 29.243391, 0.0)
(41.379318, 29.272425, 0.0)
(41.408855, 29.275980, 0.0)
(41.086872, 29.080887, 0.0)
(41.115337, 29.074776, 0.0)
(41.107761, 29.071039, 0.0)
(41.074455, 29.066229, 0.0)
(41.092926, 29.097256, 0.0)
(41.061554, 29.098516, 0.0)
(41.067997, 29.118238, 0.0)
(41.079483, 29.153185, 0.0)
(41.000221, 29.149853, 0.0)
(41.032864, 29.121479, 0.0)
(41.089245, 29.075796, 0.0)
(41.035801, 29.079704, 0.0)
(41.027706, 29.101662, 0.0)
(41.038021, 29.093407, 0.0)
(41.023937, 29.130203, 0.0)
(41.017712, 29.134420, 0.0)
(41.006359, 29.115759, 0.0)
(40.995911, 29.133938, 0.0)
(40.987461, 29.150196, 0.0)
(40.970318, 29.159863, 0.0)
(40.370525, 29.041803, 0.0)
(37.172264, 27.421274, 0.0)
(37.194725, 27.330608, 0.0)
(37.200550, 27.350163, 0.0)
(37.192825, 27.341223, 0.0)
(37.236206, 27.273579, 0.0)
(37.232727, 27.264774, 0.0)
(37.426384, 27.083559, 0.0)
(37.440880, 27.078754, 0.0)
(37.442745, 27.147558, 0.0)
(37.417610, 27.188585, 0.0)
(37.412819, 27.180559, 0.0)
(37.413734, 27.213179, 0.0)
(37.411644, 27.172426, 0.0)
(37.429176, 27.168444, 0.0)
(37.423637, 27.171837, 0.0)
(37.414112, 27.222792, 0.0)
(37.426861, 27.232643, 0.0)
(37.482674, 27.257504, 0.0)
(37.463791, 27.250031, 0.0)
(37.417332, 27.228403, 0.0)
(37.446716, 27.160847, 0.0)
(37.488178, 27.116987, 0.0)
(37.423859, 27.118845, 0.0)
(37.400169, 27.123363, 0.0)
(37.426266, 27.157303, 0.0)
(37.421982, 27.225647, 0.0)
(37.418827, 27.148870, 0.0)
(37.453636, 27.119390, 0.0)
(37.440311, 27.151228, 0.0)
(37.396545, 27.182619, 0.0)
(37.402687, 27.191847, 0.0)
(37.421665, 27.219482, 0.0)
(37.422112, 27.226017, 0.0)
(37.424534, 27.234810, 0.0)
(37.426712, 27.233156, 0.0)
(37.399429, 27.206060, 0.0)
(37.437035, 27.175602, 0.0)
(37.371105, 27.224955, 0.0)
(33.900440, 30.681704, 0.0)
(32.410381, 32.234833, 0.0)
(32.344852, 32.233601, 0.0)
(32.350739, 32.169212, 0.0)
(32.270882, 32.153461, 0.0)
(32.030083, 32.269749, 0.0)
(31.906513, 32.405994, 0.0)
(31.911259, 32.405697, 0.0)
(31.924099, 32.396870, 0.0)
(31.914263, 32.442524, 0.0)
(31.922409, 32.416050, 0.0)
(31.886339, 32.442284, 0.0)
(31.819822, 32.481503, 0.0)
(31.822294, 32.402939, 0.0)
(31.853079, 32.364090, 0.0)
(31.871674, 32.380913, 0.0)
(31.808067, 32.407639, 0.0)
(31.795559, 32.425606, 0.0)
(31.816759, 32.449066, 0.0)
(31.802916, 32.439213, 0.0)
(31.812836, 32.404758, 0.0)
(31.796350, 32.408482, 0.0)
(31.789082, 32.405346, 0.0)
(31.789991, 32.392986, 0.0)
(31.745092, 32.430771, 0.0)
(31.757822, 32.455383, 0.0)
(31.749744, 32.454964, 0.0)
(31.776661, 32.468430, 0.0)
(31.703100, 32.487301, 0.0)
(31.709759, 32.439663, 0.0)
(31.733820, 32.416439, 0.0)
(31.702738, 32.421940, 0.0)
(31.640917, 32.458591, 0.0)
(31.635227, 32.468483, 0.0)
(31.636934, 32.500187, 0.0)
(31.633205, 32.499542, 0.0)
(31.617384, 32.507526, 0.0)
(33.691315, 31.823187, 0.0)
(37.819210, 30.766945, 0.0)
(38.260204, 30.645811, 0.0)
(38.272667, 30.647377, 0.0)
(38.313679, 30.660786, 0.0)
(38.336086, 30.646429, 0.0)
(38.059532, 30.587612, 0.0)
(37.989151, 30.574184, 0.0)
(38.024727, 30.537037, 0.0)
(38.082367, 30.511480, 0.0)
(38.059021, 30.524403, 0.0)
(38.018494, 30.498177, 0.0)
(38.022720, 30.515423, 0.0)
(38.028515, 30.477488, 0.0)
(38.047806, 30.452499, 0.0)
(38.063477, 30.458704, 0.0)
(38.033947, 30.486122, 0.0)
(38.033463, 30.473814, 0.0)
(38.067497, 30.470318, 0.0)
(38.070820, 30.471601, 0.0)
(38.090000, 30.495119, 0.0)
(38.114990, 30.474796, 0.0)
(37.932774, 30.413383, 0.0)
(37.915890, 30.390383, 0.0)
(37.973415, 30.326962, 0.0)
(37.988380, 30.333963, 0.0)
(37.955406, 30.347006, 0.0)
(37.959576, 30.333654, 0.0)
(37.972130, 30.355438, 0.0)
(37.934227, 30.346315, 0.0)
(37.917320, 30.358091, 0.0)
(37.897438, 30.367060, 0.0)
(37.911362, 30.387764, 0.0)
(37.925602, 30.379246, 0.0)
(37.955452, 30.385395, 0.0)
(37.942955, 30.428074, 0.0)
(37.925282, 30.410242, 0.0)
(37.947243, 30.411280, 0.0)
(37.930645, 30.375252, 0.0)
(40.163383, 28.820528, 0.0)
(41.960228, 27.698109, 0.0)
(42.005051, 27.641169, 0.0)
(41.950233, 27.689684, 0.0)
(41.967937, 27.767786, 0.0)
(41.981579, 27.785807, 0.0)
(42.024300, 27.604027, 0.0)
(42.084961, 27.513922, 0.0)
(42.021748, 27.537363, 0.0)
(41.993988, 27.533949, 0.0)
(41.994045, 27.565708, 0.0)
(41.980560, 27.580973, 0.0)
(41.972801, 27.590252, 0.0)
(41.974113, 27.583685, 0.0)
(41.916698, 27.605137, 0.0)
(41.918468, 27.538332, 0.0)
(41.985950, 27.471100, 0.0)
(41.960457, 27.496592, 0.0)
(41.921539, 27.502966, 0.0)
(41.919262, 27.557623, 0.0)
(41.890163, 27.575947, 0.0)
(41.853386, 27.604671, 0.0)
(41.864788, 27.610994, 0.0)
(41.849602, 27.616135, 0.0)
(41.833797, 27.603720, 0.0)
(41.825420, 27.615597, 0.0)
(41.845753, 27.641308, 0.0)
(41.849255, 27.647306, 0.0)
(41.818558, 27.698204, 0.0)
(41.769184, 27.737196, 0.0)
(41.804707, 27.689377, 0.0)
(41.857952, 27.563356, 0.0)
(41.830399, 27.589788, 0.0)
(41.791256, 27.633884, 0.0)
(41.775375, 27.633343, 0.0)
(41.785351, 27.678633, 0.0)
(41.768135, 27.658466, 0.0)
(41.612160, 28.044144, 0.0)
(40.126671, 31.130672, 0.0)
(39.847725, 31.848761, 0.0)
(39.817921, 31.894230, 0.0)
(39.818703, 31.882471, 0.0)
(39.807041, 31.913225, 0.0)
(39.767281, 31.963692, 0.0)
(37.292278, 33.433945, 0.0)
(36.636688, 33.690971, 0.0)
(36.657288, 33.685875, 0.0)
(36.692364, 33.673607, 0.0)
(36.670910, 33.660496, 0.0)
(36.660664, 33.596291, 0.0)
(36.639839, 33.613331, 0.0)
(36.587753, 33.598370, 0.0)
(36.593578, 33.604408, 0.0)
(36.581936, 33.614895, 0.0)
(36.553551, 33.628315, 0.0)
(36.539326, 33.638897, 0.0)
(36.518444, 33.644917, 0.0)
(34.487747, 33.268887, 0.0)
(34.322395, 33.086212, 0.0)
(34.263241, 33.081753, 0.0)
(34.291309, 33.029041, 0.0)
(34.312233, 33.048820, 0.0)
(34.266266, 33.050098, 0.0)
(34.231003, 33.034763, 0.0)
(34.239174, 33.062786, 0.0)
(34.249619, 33.049725, 0.0)
(34.295521, 33.047298, 0.0)
(34.297470, 33.028126, 0.0)
(34.264359, 33.030476, 0.0)
(34.264618, 33.038147, 0.0)
(34.288212, 33.038490, 0.0)
(34.319736, 33.048901, 0.0)
(34.338276, 33.053555, 0.0)
(34.310364, 33.073132, 0.0)
(34.266174, 33.038479, 0.0)
(34.378864, 32.961967, 0.0)
(37.467113, 32.655773, 0.0)
(37.599747, 32.669830, 0.0)
(37.544239, 32.667858, 0.0)
(37.545021, 32.692028, 0.0)
(37.557720, 32.687302, 0.0)
(37.945072, 32.767292, 0.0)
(37.993370, 32.791092, 0.0)
(37.981987, 32.788540, 0.0)
(37.987076, 32.790905, 0.0)
(38.002758, 32.766270, 0.0)
(38.054008, 32.774948, 0.0)
(38.063332, 32.793423, 0.0)
(38.017017, 32.777550, 0.0)
(37.954597, 32.794735, 0.0)
(38.045555, 32.721565, 0.0)
(38.095711, 32.665096, 0.0)
(38.076759, 32.674412, 0.0)
(38.064331, 32.683445, 0.0)
(38.091385, 32.707859, 0.0)
(38.099979, 32.714237, 0.0)
(38.085083, 32.716061, 0.0)
(38.091305, 32.719349, 0.0)
(38.090191, 32.741020, 0.0)
(38.073822, 32.709999, 0.0)
(38.071926, 32.720776, 0.0)
(38.089348, 32.725555, 0.0)
(38.102455, 32.742428, 0.0)
(38.090317, 32.782024, 0.0)
(38.060482, 32.783493, 0.0)
(38.092041, 32.715157, 0.0)
(38.129646, 32.684757, 0.0)
(38.080814, 32.697285, 0.0)
(38.067013, 32.667576, 0.0)
(38.084518, 32.713898, 0.0)
(38.092060, 32.698906, 0.0)
(38.337017, 32.868385, 0.0)
(40.556179, 34.454796, 0.0)
(40.812508, 34.662014, 0.0)
(40.746296, 34.618675, 0.0)
(40.789619, 34.677460, 0.0)
(40.796509, 34.679787, 0.0)
(40.842430, 34.719868, 0.0)
(41.328674, 35.337059, 0.0)
(41.319798, 35.382168, 0.0)
(41.369968, 35.302952, 0.0)
(41.444469, 35.257538, 0.0)
(41.363102, 35.277809, 0.0)
(41.347359, 35.258915, 0.0)
(41.375931, 35.286404, 0.0)
(41.342384, 35.296543, 0.0)
(41.316681, 35.277039, 0.0)
(41.320797, 35.311592, 0.0)
(41.302853, 35.323647, 0.0)
(41.317226, 35.280155, 0.0)
(41.369118, 35.320511, 0.0)
(41.331322, 35.348232, 0.0)
(41.339432, 35.359585, 0.0)
(41.354450, 35.385899, 0.0)
(41.297115, 35.352058, 0.0)
(41.304173, 35.262955, 0.0)
(41.359158, 35.256771, 0.0)
(41.348888, 35.238956, 0.0)
(41.325558, 35.208130, 0.0)
(41.325012, 35.273819, 0.0)
(41.294014, 35.238609, 0.0)
(41.295193, 35.217194, 0.0)
(41.312340, 35.204315, 0.0)
(41.296288, 35.217373, 0.0)
(41.277847, 35.224224, 0.0)
(41.289764, 35.228886, 0.0)
(41.280926, 35.277851, 0.0)
(41.280731, 35.271969, 0.0)
(41.273239, 35.327236, 0.0)
(41.232666, 35.306145, 0.0)
(41.223816, 35.196281, 0.0)
(41.297577, 35.180099, 0.0)
(41.301628, 35.183552, 0.0)
(41.263641, 35.172771, 0.0)
(41.239491, 35.205208, 0.0)
(41.221718, 35.262638, 0.0)
(41.221687, 35.241257, 0.0)
(41.257298, 35.222855, 0.0)
(41.260422, 35.215099, 0.0)
(41.213188, 35.197666, 0.0)
(41.227856, 35.226456, 0.0)
(41.259678, 35.245914, 0.0)
(41.240952, 35.269882, 0.0)
(41.253735, 35.323353, 0.0)
(41.201080, 35.276413, 0.0)
(40.936882, 33.818966, 0.0)
(41.063080, 33.473019, 0.0)
(41.007614, 33.479977, 0.0)
(40.929825, 33.549889, 0.0)
(40.936703, 33.621689, 0.0)
(40.932350, 33.680782, 0.0)
(40.931435, 33.657597, 0.0)
(40.955196, 33.645134, 0.0)
(40.947292, 33.671310, 0.0)
(40.936817, 33.671982, 0.0)
(40.955727, 33.681217, 0.0)
(40.965137, 33.704224, 0.0)
(41.144318, 33.912521, 0.0)
(41.330635, 34.614464, 0.0)
(41.294353, 34.715725, 0.0)
(41.292999, 34.667709, 0.0)
(41.358788, 34.569172, 0.0)
(41.374119, 34.550270, 0.0)
(41.406551, 34.983665, 0.0)
(41.321815, 35.185577, 0.0)
(41.348221, 35.244629, 0.0)
(41.353794, 35.216354, 0.0)
(41.360989, 35.159836, 0.0)
(41.369400, 35.193287, 0.0)
(41.332958, 35.170048, 0.0)
(41.338348, 35.158230, 0.0)
(41.380272, 35.224209, 0.0)
(41.365528, 35.296612, 0.0)
(41.391575, 35.275562, 0.0)
(41.364136, 35.335590, 0.0)
(41.335617, 35.338871, 0.0)
(41.366402, 35.444942, 0.0)
(41.414474, 35.372105, 0.0)
(41.449837, 35.372856, 0.0)
(41.388714, 35.382240, 0.0)
(41.397362, 35.416176, 0.0)
(41.411503, 35.396008, 0.0)
(41.405209, 35.397972, 0.0)
(41.403740, 35.394291, 0.0)
(41.400726, 35.426666, 0.0)
(41.411560, 35.417721, 0.0)
(41.137848, 35.247845, 0.0)
(41.161140, 35.037163, 0.0)
(41.165581, 35.052071, 0.0)
(41.186371, 35.051991, 0.0)
(41.177345, 35.058117, 0.0)
(41.138996, 35.000336, 0.0)
(41.535385, 35.173161, 0.0)
(41.589355, 35.251976, 0.0)
(41.507431, 35.281822, 0.0)
(41.543652, 35.245731, 0.0)
(41.567070, 35.254776, 0.0)
(41.483364, 35.267555, 0.0)
(41.527325, 35.177425, 0.0)
(41.552574, 35.168343, 0.0)
(41.545078, 35.236942, 0.0)
(41.588905, 35.207848, 0.0)
(41.620785, 35.291271, 0.0)
(41.593048, 35.341663, 0.0)
(41.588017, 35.330414, 0.0)
(41.641552, 35.338280, 0.0)
(41.550564, 35.215919, 0.0)
(41.608231, 35.152122, 0.0)
(41.702518, 35.164814, 0.0)
(41.623680, 35.162331, 0.0)
(41.558014, 35.187988, 0.0)
(41.560368, 35.231079, 0.0)
(41.537872, 35.229767, 0.0)
(41.548172, 35.218689, 0.0)
(41.573509, 35.163452, 0.0)
(41.562210, 35.138531, 0.0)
(41.550243, 35.150036, 0.0)
(41.553997, 35.167828, 0.0)
(41.543270, 35.186626, 0.0)
(41.532135, 35.232067, 0.0)
(41.536289, 35.253353, 0.0)
(41.272350, 35.247768, 0.0)
(41.271488, 35.154884, 0.0)
(41.349632, 35.145447, 0.0)
(41.346233, 35.157333, 0.0)
(41.322163, 35.153614, 0.0)
(41.309978, 35.168388, 0.0)
(41.296261, 35.193665, 0.0)
(41.307217, 35.181469, 0.0)
(41.432716, 35.241161, 0.0)
(41.448006, 35.263996, 0.0)
(41.435848, 35.250790, 0.0)
(41.434734, 35.236851, 0.0)
(41.429382, 35.269947, 0.0)
(41.417534, 35.271744, 0.0)
(41.453041, 35.314827, 0.0)
(41.459633, 35.303272, 0.0)
(41.391312, 35.272289, 0.0)
(41.440826, 35.253036, 0.0)
(41.491451, 35.205688, 0.0)
(41.473915, 35.223949, 0.0)
(41.406769, 35.197178, 0.0)
(41.446083, 35.248360, 0.0)
(41.463539, 35.253387, 0.0)
(41.452339, 35.267082, 0.0)
(41.435154, 35.231007, 0.0)
(41.462906, 35.270565, 0.0)
(41.498714, 35.276352, 0.0)
(41.466839, 35.257469, 0.0)
(41.088367, 34.872196, 0.0)
(41.067070, 34.798889, 0.0)
(41.096695, 34.790234, 0.0)
(41.086967, 34.817463, 0.0)
(41.048870, 34.869129, 0.0)
(41.074745, 34.768169, 0.0)
(41.135906, 34.787251, 0.0)
(41.116615, 34.793701, 0.0)
(41.084637, 34.780315, 0.0)
(41.150028, 34.817951, 0.0)
(41.456348, 35.103775, 0.0)
(41.447071, 35.081532, 0.0)
(41.456932, 35.095722, 0.0)
(41.451412, 35.114418, 0.0)
(41.447025, 35.111137, 0.0)
(41.456196, 35.147343, 0.0)
(41.459366, 35.133957, 0.0)
(41.449059, 35.149620, 0.0)
(41.463943, 35.179966, 0.0)
(41.449734, 35.160954, 0.0)
(41.399673, 35.028927, 0.0)
(41.494270, 35.036167, 0.0)
(41.530846, 35.073841, 0.0)
(41.450611, 35.071037, 0.0)
(41.425941, 35.044827, 0.0)
(41.472347, 35.212025, 0.0)
(41.410042, 35.184639, 0.0)
(41.457062, 35.162418, 0.0)
(41.491138, 35.186493, 0.0)
(41.467167, 35.174248, 0.0)
(41.459766, 35.215416, 0.0)
(40.992218, 34.786308, 0.0)
(39.798969, 33.511703, 0.0)
(38.931118, 33.723076, 0.0)
