{
  "prompt": "black pupil.",
  "gsam2_centers": [
    {
      "valid": true,
      "cx": 196.45,
      "cy": 94.15,
      "area": 622,
      "det_score": 0.2941,
      "sam_score": 0.96,
      "box": [
        181.9,
        79.7,
        210.5,
        109.6
      ],
      "repeats": [
        [
          196.1,
          94.28
        ],
        [
          196.43,
          94.21
        ],
        [
          196.32,
          94.21
        ],
        [
          196.04,
          94.08
        ],
        [
          197.20999999999998,
          94.04
        ]
      ],
      "idx": 507,
      "mislabel": false,
      "mislabel_reason": "ok",
      "e_unet": 1.34
    },
    {
      "valid": true,
      "cx": 210.04,
      "cy": 95.09,
      "area": 550,
      "det_score": 0.425,
      "sam_score": 0.9599,
      "box": [
        197.6,
        80.1,
        223.8,
        110.0
      ],
      "repeats": [
        [
          209.96,
          95.05
        ],
        [
          210.09,
          95.17
        ],
        [
          210.05,
          95.17
        ],
        [
          210.12,
          95.02
        ],
        [
          211.1,
          95.1
        ]
      ],
      "idx": 508,
      "mislabel": false,
      "mislabel_reason": "ok",
      "e_unet": 1.03
    },
    {
      "valid": true,
      "cx": 210.41,
      "cy": 95.17,
      "area": 544,
      "det_score": 0.4636,
      "sam_score": 0.9632,
      "box": [
        198.4,
        80.1,
        224.3,
        110.0
      ],
      "repeats": [
        [
          210.42,
          95.13
        ],
        [
          210.44,
          95.23
        ],
        [
          210.44,
          95.15
        ],
        [
          210.55,
          95.03
        ],
        [
          211.5,
          95.16
        ]
      ],
      "idx": 509,
      "mislabel": false,
      "mislabel_reason": "ok",
      "e_unet": 0.59
    },
    {
      "valid": true,
      "cx": 210.67,
      "cy": 95.18,
      "area": 543,
      "det_score": 0.4509,
      "sam_score": 0.9641,
      "box": [
        198.7,
        80.1,
        224.5,
        109.9
      ],
      "repeats": [
        [
          210.57,
          95.2
        ],
        [
          210.76,
          95.22
        ],
        [
          210.75,
          95.08
        ],
        [
          210.73,
          95.09
        ],
        [
          211.67000000000002,
          95.22
        ]
      ],
      "idx": 510,
      "mislabel": false,
      "mislabel_reason": "ok",
      "e_unet": 0.58
    },
    {
      "valid": true,
      "cx": 210.82,
      "cy": 95.13,
      "area": 534,
      "det_score": 0.4464,
      "sam_score": 0.9635,
      "box": [
        198.9,
        80.1,
        224.4,
        110.0
      ],
      "repeats": [
        [
          210.68,
          95.07
        ],
        [
          210.88,
          95.25
        ],
        [
          210.81,
          95.17
        ],
        [
          210.87,
          95.01
        ],
        [
          211.89,
          95.1
        ]
      ],
      "idx": 511,
      "mislabel": false,
      "mislabel_reason": "ok",
      "e_unet": 0.53
    },
    {
      "valid": true,
      "cx": 210.96,
      "cy": 95.16,
      "area": 538,
      "det_score": 0.4449,
      "sam_score": 0.9627,
      "box": [
        199.1,
        80.2,
        224.6,
        109.9
      ],
      "repeats": [
        [
          210.97,
          95.1
        ],
        [
          211.08,
          95.37
        ],
        [
          211.08,
          95.28
        ],
        [
          211.17,
          95.11
        ],
        [
          212.16,
          95.14
        ]
      ],
      "idx": 512,
      "mislabel": false,
      "mislabel_reason": "ok",
      "e_unet": 0.61
    },
    {
      "valid": true,
      "cx": 211.26,
      "cy": 95.27,
      "area": 529,
      "det_score": 0.4357,
      "sam_score": 0.9616,
      "box": [
        199.5,
        80.4,
        224.7,
        109.9
      ],
      "repeats": [
        [
          211.24,
          95.28
        ],
        [
          211.29,
          95.36
        ],
        [
          211.27,
          95.29
        ],
        [
          211.34,
          95.16
        ],
        [
          212.26999999999998,
          95.12
        ]
      ],
      "idx": 513,
      "mislabel": false,
      "mislabel_reason": "ok",
      "e_unet": 0.8
    }
  ]
}