{
  "prompt": "black pupil.",
  "gsam2_centers": [
    {
      "valid": true,
      "cx": 139.23000000000002,
      "cy": 129.45999999999998,
      "area": 821,
      "det_score": 0.3788,
      "sam_score": 0.9672,
      "box": [
        121.8,
        115.2,
        158.1,
        146.5
      ],
      "repeats": [
        [
          139.16,
          129.45999999999998
        ],
        [
          139.26999999999998,
          129.63
        ],
        [
          139.25,
          129.67000000000002
        ],
        [
          139.22,
          129.45999999999998
        ],
        [
          140.35,
          129.54000000000002
        ]
      ],
      "idx": 1005,
      "mislabel": false,
      "mislabel_reason": "ok",
      "e_unet": 1.22
    },
    {
      "valid": true,
      "cx": 139.39,
      "cy": 129.51,
      "area": 898,
      "det_score": 0.3558,
      "sam_score": 0.9683,
      "box": [
        121.9,
        112.7,
        158.3,
        146.9
      ],
      "repeats": [
        [
          139.39,
          129.42000000000002
        ],
        [
          139.37,
          129.57999999999998
        ],
        [
          139.44,
          129.51
        ],
        [
          139.45,
          129.44
        ],
        [
          140.62,
          129.53
        ]
      ],
      "idx": 1006,
      "mislabel": false,
      "mislabel_reason": "ok",
      "e_unet": 0.87
    },
    {
      "valid": true,
      "cx": 138.73000000000002,
      "cy": 129.67000000000002,
      "area": 915,
      "det_score": 0.3929,
      "sam_score": 0.9692,
      "box": [
        121.0,
        112.5,
        157.9,
        147.4
      ],
      "repeats": [
        [
          138.64,
          129.6
        ],
        [
          138.76999999999998,
          129.68
        ],
        [
          138.72,
          129.57
        ],
        [
          138.78,
          129.67000000000002
        ],
        [
          139.78,
          129.70999999999998
        ]
      ],
      "idx": 1007,
      "mislabel": false,
      "mislabel_reason": "ok",
      "e_unet": 0.93
    },
    {
      "valid": true,
      "cx": 138.51999999999998,
      "cy": 129.9,
      "area": 928,
      "det_score": 0.37,
      "sam_score": 0.9689,
      "box": [
        120.6,
        112.7,
        157.9,
        147.6
      ],
      "repeats": [
        [
          138.48000000000002,
          129.91
        ],
        [
          138.57,
          129.89
        ],
        [
          138.57,
          129.9
        ],
        [
          138.64,
          129.82999999999998
        ],
        [
          139.64,
          129.91
        ]
      ],
      "idx": 1008,
      "mislabel": false,
      "mislabel_reason": "ok",
      "e_unet": 0.95
    },
    {
      "valid": true,
      "cx": 138.37,
      "cy": 130.20999999999998,
      "area": 945,
      "det_score": 0.4062,
      "sam_score": 0.9695,
      "box": [
        120.3,
        112.8,
        157.9,
        147.9
      ],
      "repeats": [
        [
          138.31,
          130.18
        ],
        [
          138.39,
          130.22
        ],
        [
          138.39,
          130.18
        ],
        [
          138.43,
          130.18
        ],
        [
          139.52,
          130.2
        ]
      ],
      "idx": 1009,
      "mislabel": false,
      "mislabel_reason": "ok",
      "e_unet": 1.06
    },
    {
      "valid": true,
      "cx": 138.07999999999998,
      "cy": 130.32999999999998,
      "area": 956,
      "det_score": 0.4064,
      "sam_score": 0.9718,
      "box": [
        120.0,
        113.0,
        158.0,
        148.3
      ],
      "repeats": [
        [
          138.07,
          130.34
        ],
        [
          138.11,
          130.36
        ],
        [
          138.07999999999998,
          130.38
        ],
        [
          138.11,
          130.34
        ],
        [
          139.32,
          130.34
        ]
      ],
      "idx": 1010,
      "mislabel": false,
      "mislabel_reason": "ok",
      "e_unet": 0.91
    },
    {
      "valid": true,
      "cx": 137.95,
      "cy": 130.47,
      "area": 960,
      "det_score": 0.4005,
      "sam_score": 0.9716,
      "box": [
        119.8,
        113.0,
        157.6,
        148.4
      ],
      "repeats": [
        [
          137.95999999999998,
          130.44
        ],
        [
          137.97,
          130.48000000000002
        ],
        [
          137.98000000000002,
          130.44
        ],
        [
          138.0,
          130.41
        ],
        [
          139.05,
          130.44
        ]
      ],
      "idx": 1011,
      "mislabel": false,
      "mislabel_reason": "ok",
      "e_unet": 0.98
    },
    {
      "valid": true,
      "cx": 137.76,
      "cy": 130.49,
      "area": 968,
      "det_score": 0.3873,
      "sam_score": 0.971,
      "box": [
        119.6,
        113.0,
        157.5,
        148.5
      ],
      "repeats": [
        [
          137.72,
          130.47
        ],
        [
          137.76999999999998,
          130.5
        ],
        [
          137.75,
          130.48000000000002
        ],
        [
          137.81,
          130.42000000000002
        ],
        [
          138.87,
          130.48000000000002
        ]
      ],
      "idx": 1012,
      "mislabel": false,
      "mislabel_reason": "ok",
      "e_unet": 0.93
    },
    {
      "valid": true,
      "cx": 137.43,
      "cy": 130.4,
      "area": 973,
      "det_score": 0.3734,
      "sam_score": 0.9706,
      "box": [
        119.0,
        112.7,
        157.5,
        148.5
      ],
      "repeats": [
        [
          137.43,
          130.34
        ],
        [
          137.45,
          130.43
        ],
        [
          137.45999999999998,
          130.35
        ],
        [
          137.51999999999998,
          130.34
        ],
        [
          138.61,
          130.34
        ]
      ],
      "idx": 1013,
      "mislabel": false,
      "mislabel_reason": "ok",
      "e_unet": 0.82
    },
    {
      "valid": true,
      "cx": 137.31,
      "cy": 130.32,
      "area": 977,
      "det_score": 0.3574,
      "sam_score": 0.97,
      "box": [
        118.8,
        112.6,
        157.5,
        148.5
      ],
      "repeats": [
        [
          137.28,
          130.28
        ],
        [
          137.32,
          130.34
        ],
        [
          137.3,
          130.25
        ],
        [
          137.32999999999998,
          130.28
        ],
        [
          138.46,
          130.34
        ]
      ],
      "idx": 1014,
      "mislabel": false,
      "mislabel_reason": "ok",
      "e_unet": 0.93
    },
    {
      "valid": true,
      "cx": 137.15,
      "cy": 130.12,
      "area": 977,
      "det_score": 0.3717,
      "sam_score": 0.9695,
      "box": [
        118.6,
        112.4,
        157.3,
        148.5
      ],
      "repeats": [
        [
          137.18,
          130.07999999999998
        ],
        [
          137.17000000000002,
          130.18
        ],
        [
          137.14,
          130.2
        ],
        [
          137.23000000000002,
          130.12
        ],
        [
          138.31,
          130.14
        ]
      ],
      "idx": 1015,
      "mislabel": false,
      "mislabel_reason": "ok",
      "e_unet": 0.76
    }
  ]
}