{
  "prompt": "black pupil.",
  "gsam2_centers": [
    {
      "valid": true,
      "cx": 171.57,
      "cy": 131.70999999999998,
      "area": 990,
      "det_score": 0.4984,
      "sam_score": 0.9712,
      "box": [
        154.0,
        112.5,
        190.4,
        150.9
      ],
      "repeats": [
        [
          171.48,
          131.7
        ],
        [
          171.58,
          131.79000000000002
        ],
        [
          171.53,
          131.76
        ],
        [
          171.63,
          131.67000000000002
        ],
        [
          172.65,
          131.70999999999998
        ]
      ],
      "idx": 1005,
      "mislabel": false,
      "mislabel_reason": "ok",
      "e_unet": 1.03
    },
    {
      "valid": true,
      "cx": 171.59,
      "cy": 131.72,
      "area": 995,
      "det_score": 0.4871,
      "sam_score": 0.9723,
      "box": [
        154.0,
        112.8,
        190.6,
        151.0
      ],
      "repeats": [
        [
          171.59,
          131.69
        ],
        [
          171.59,
          131.8
        ],
        [
          171.55,
          131.76999999999998
        ],
        [
          171.65,
          131.7
        ],
        [
          172.64,
          131.70999999999998
        ]
      ],
      "idx": 1006,
      "mislabel": false,
      "mislabel_reason": "ok",
      "e_unet": 0.98
    },
    {
      "valid": true,
      "cx": 171.61,
      "cy": 131.7,
      "area": 997,
      "det_score": 0.4837,
      "sam_score": 0.972,
      "box": [
        153.9,
        112.5,
        190.6,
        150.9
      ],
      "repeats": [
        [
          171.6,
          131.64
        ],
        [
          171.6,
          131.72
        ],
        [
          171.61,
          131.68
        ],
        [
          171.61,
          131.62
        ],
        [
          172.71,
          131.62
        ]
      ],
      "idx": 1007,
      "mislabel": false,
      "mislabel_reason": "ok",
      "e_unet": 1.04
    },
    {
      "valid": true,
      "cx": 171.5,
      "cy": 131.76999999999998,
      "area": 998,
      "det_score": 0.4834,
      "sam_score": 0.9716,
      "box": [
        153.8,
        112.4,
        190.5,
        151.0
      ],
      "repeats": [
        [
          171.49,
          131.69
        ],
        [
          171.55,
          131.76
        ],
        [
          171.51,
          131.74
        ],
        [
          171.57,
          131.65
        ],
        [
          172.54,
          131.67000000000002
        ]
      ],
      "idx": 1008,
      "mislabel": false,
      "mislabel_reason": "ok",
      "e_unet": 1.08
    },
    {
      "valid": true,
      "cx": 171.61,
      "cy": 131.73000000000002,
      "area": 1000,
      "det_score": 0.4564,
      "sam_score": 0.9718,
      "box": [
        153.8,
        112.5,
        190.7,
        150.9
      ],
      "repeats": [
        [
          171.6,
          131.65
        ],
        [
          171.63,
          131.76
        ],
        [
          171.63,
          131.72
        ],
        [
          171.61,
          131.66
        ],
        [
          172.68,
          131.7
        ]
      ],
      "idx": 1009,
      "mislabel": false,
      "mislabel_reason": "ok",
      "e_unet": 1.06
    },
    {
      "valid": true,
      "cx": 171.59,
      "cy": 131.84,
      "area": 1005,
      "det_score": 0.4671,
      "sam_score": 0.9721,
      "box": [
        153.8,
        112.5,
        190.7,
        151.0
      ],
      "repeats": [
        [
          171.6,
          131.63
        ],
        [
          171.65,
          131.82
        ],
        [
          171.62,
          131.70999999999998
        ],
        [
          171.65,
          131.70999999999998
        ],
        [
          172.72,
          131.70999999999998
        ]
      ],
      "idx": 1010,
      "mislabel": false,
      "mislabel_reason": "ok",
      "e_unet": 1.12
    },
    {
      "valid": true,
      "cx": 171.58,
      "cy": 131.86,
      "area": 1006,
      "det_score": 0.4707,
      "sam_score": 0.9723,
      "box": [
        153.8,
        112.5,
        190.6,
        151.1
      ],
      "repeats": [
        [
          171.55,
          131.81
        ],
        [
          171.56,
          131.89
        ],
        [
          171.57,
          131.82
        ],
        [
          171.6,
          131.74
        ],
        [
          172.62,
          131.78
        ]
      ],
      "idx": 1011,
      "mislabel": false,
      "mislabel_reason": "ok",
      "e_unet": 1.1
    },
    {
      "valid": true,
      "cx": 171.73,
      "cy": 131.88,
      "area": 1008,
      "det_score": 0.4415,
      "sam_score": 0.9722,
      "box": [
        153.9,
        112.8,
        190.7,
        151.3
      ],
      "repeats": [
        [
          171.69,
          131.82
        ],
        [
          171.8,
          131.92000000000002
        ],
        [
          171.74,
          131.9
        ],
        [
          171.78,
          131.84
        ],
        [
          172.79,
          131.93
        ]
      ],
      "idx": 1012,
      "mislabel": false,
      "mislabel_reason": "ok",
      "e_unet": 1.01
    },
    {
      "valid": true,
      "cx": 171.73,
      "cy": 131.82999999999998,
      "area": 1002,
      "det_score": 0.4644,
      "sam_score": 0.9717,
      "box": [
        154.0,
        112.7,
        190.9,
        151.0
      ],
      "repeats": [
        [
          171.71,
          131.78
        ],
        [
          171.78,
          131.89
        ],
        [
          171.74,
          131.84
        ],
        [
          171.79,
          131.79000000000002
        ],
        [
          172.89,
          131.76999999999998
        ]
      ],
      "idx": 1013,
      "mislabel": false,
      "mislabel_reason": "ok",
      "e_unet": 0.97
    },
    {
      "valid": true,
      "cx": 190.02,
      "cy": 126.66,
      "area": 1071,
      "det_score": 0.3452,
      "sam_score": 0.966,
      "box": [
        170.7,
        108.4,
        210.4,
        145.7
      ],
      "repeats": [
        [
          189.91,
          126.68
        ],
        [
          190.06,
          126.74
        ],
        [
          190.02,
          126.71
        ],
        [
          190.1,
          126.62
        ],
        [
          191.15,
          126.66
        ]
      ],
      "idx": 1014,
      "mislabel": false,
      "mislabel_reason": "ok",
      "e_unet": 1.12
    },
    {
      "valid": true,
      "cx": 209.1,
      "cy": 120.1,
      "area": 998,
      "det_score": 0.4441,
      "sam_score": 0.9678,
      "box": [
        189.5,
        102.8,
        229.3,
        137.6
      ],
      "repeats": [
        [
          209.07,
          120.06
        ],
        [
          209.14,
          120.17
        ],
        [
          209.09,
          120.12
        ],
        [
          209.1,
          120.08
        ],
        [
          210.19,
          120.12
        ]
      ],
      "idx": 1015,
      "mislabel": false,
      "mislabel_reason": "ok",
      "e_unet": 1.1
    }
  ]
}