{
  "prompt": "black pupil.",
  "gsam2_centers": [
    {
      "valid": true,
      "cx": 135.66,
      "cy": 121.99,
      "area": 547,
      "det_score": 0.3914,
      "sam_score": 0.963,
      "box": [
        124.0,
        106.8,
        148.4,
        137.6
      ],
      "repeats": [
        [
          135.66,
          122.0
        ],
        [
          135.75,
          122.1
        ],
        [
          135.76,
          122.03
        ],
        [
          135.84,
          121.98
        ],
        [
          136.81,
          122.11
        ]
      ],
      "idx": 1205,
      "mislabel": false,
      "mislabel_reason": "ok",
      "e_unet": 1.25
    },
    {
      "valid": true,
      "cx": 135.66,
      "cy": 122.06,
      "area": 525,
      "det_score": 0.3871,
      "sam_score": 0.9622,
      "box": [
        124.1,
        107.0,
        148.3,
        137.5
      ],
      "repeats": [
        [
          135.57999999999998,
          121.94
        ],
        [
          135.66,
          122.12
        ],
        [
          135.64,
          122.03
        ],
        [
          135.7,
          121.93
        ],
        [
          136.74,
          122.08
        ]
      ],
      "idx": 1206,
      "mislabel": false,
      "mislabel_reason": "ok",
      "e_unet": 1.36
    },
    {
      "valid": true,
      "cx": 135.51999999999998,
      "cy": 122.11,
      "area": 512,
      "det_score": 0.3757,
      "sam_score": 0.9619,
      "box": [
        124.1,
        107.1,
        148.1,
        137.3
      ],
      "repeats": [
        [
          135.51999999999998,
          122.01
        ],
        [
          135.49,
          122.22
        ],
        [
          135.51999999999998,
          122.14
        ],
        [
          135.64,
          121.87
        ],
        [
          136.67,
          122.1
        ]
      ],
      "idx": 1207,
      "mislabel": false,
      "mislabel_reason": "ok",
      "e_unet": 1.44
    },
    {
      "valid": true,
      "cx": 135.41,
      "cy": 122.09,
      "area": 502,
      "det_score": 0.3988,
      "sam_score": 0.9603,
      "box": [
        124.2,
        107.2,
        147.8,
        137.1
      ],
      "repeats": [
        [
          135.42000000000002,
          121.9
        ],
        [
          135.48000000000002,
          122.13
        ],
        [
          135.48000000000002,
          122.03
        ],
        [
          135.6,
          121.97
        ],
        [
          136.65,
          122.02
        ]
      ],
      "idx": 1208,
      "mislabel": false,
      "mislabel_reason": "ok",
      "e_unet": 1.37
    },
    {
      "valid": true,
      "cx": 135.37,
      "cy": 121.94,
      "area": 491,
      "det_score": 0.3901,
      "sam_score": 0.9609,
      "box": [
        124.3,
        107.3,
        147.6,
        136.9
      ],
      "repeats": [
        [
          135.3,
          121.96
        ],
        [
          135.42000000000002,
          121.98
        ],
        [
          135.35,
          121.89
        ],
        [
          135.51999999999998,
          121.91
        ],
        [
          136.53,
          121.96
        ]
      ],
      "idx": 1209,
      "mislabel": false,
      "mislabel_reason": "ok",
      "e_unet": 1.33
    },
    {
      "valid": true,
      "cx": 135.24,
      "cy": 122.03,
      "area": 487,
      "det_score": 0.3934,
      "sam_score": 0.9576,
      "box": [
        124.3,
        107.4,
        147.4,
        136.7
      ],
      "repeats": [
        [
          135.22,
          121.95
        ],
        [
          135.28,
          122.0
        ],
        [
          135.25,
          121.96
        ],
        [
          135.38,
          121.86
        ],
        [
          136.37,
          121.96
        ]
      ],
      "idx": 1210,
      "mislabel": false,
      "mislabel_reason": "ok",
      "e_unet": 1.33
    },
    {
      "valid": true,
      "cx": 135.22,
      "cy": 121.94,
      "area": 479,
      "det_score": 0.3848,
      "sam_score": 0.9605,
      "box": [
        124.3,
        107.3,
        147.3,
        136.3
      ],
      "repeats": [
        [
          135.31,
          121.74
        ],
        [
          135.29000000000002,
          121.9
        ],
        [
          135.32,
          121.78
        ],
        [
          135.36,
          121.79
        ],
        [
          136.37,
          121.86
        ]
      ],
      "idx": 1211,
      "mislabel": false,
      "mislabel_reason": "ok",
      "e_unet": 1.36
    },
    {
      "valid": true,
      "cx": 134.69,
      "cy": 122.06,
      "area": 482,
      "det_score": 0.3822,
      "sam_score": 0.9586,
      "box": [
        123.8,
        107.5,
        146.7,
        136.4
      ],
      "repeats": [
        [
          134.69,
          121.77
        ],
        [
          134.81,
          122.03
        ],
        [
          134.76,
          121.89
        ],
        [
          134.89,
          121.78
        ],
        [
          135.93,
          122.07
        ]
      ],
      "idx": 1212,
      "mislabel": false,
      "mislabel_reason": "ok",
      "e_unet": 1.29
    },
    {
      "valid": true,
      "cx": 134.41,
      "cy": 121.93,
      "area": 474,
      "det_score": 0.378,
      "sam_score": 0.9578,
      "box": [
        123.5,
        107.4,
        146.2,
        136.4
      ],
      "repeats": [
        [
          134.29000000000002,
          121.94
        ],
        [
          134.45,
          121.97
        ],
        [
          134.37,
          121.87
        ],
        [
          134.41,
          121.88
        ],
        [
          135.45,
          121.93
        ]
      ],
      "idx": 1213,
      "mislabel": false,
      "mislabel_reason": "ok",
      "e_unet": 1.31
    },
    {
      "valid": true,
      "cx": 134.44,
      "cy": 121.99,
      "area": 475,
      "det_score": 0.3969,
      "sam_score": 0.9578,
      "box": [
        123.7,
        107.4,
        146.2,
        136.5
      ],
      "repeats": [
        [
          134.45,
          121.9
        ],
        [
          134.45,
          121.97
        ],
        [
          134.47,
          121.92
        ],
        [
          134.47,
          121.8
        ],
        [
          135.47,
          121.97
        ]
      ],
      "idx": 1214,
      "mislabel": false,
      "mislabel_reason": "ok",
      "e_unet": 1.23
    },
    {
      "valid": true,
      "cx": 134.59,
      "cy": 121.93,
      "area": 475,
      "det_score": 0.3847,
      "sam_score": 0.9576,
      "box": [
        123.7,
        107.5,
        146.3,
        136.5
      ],
      "repeats": [
        [
          134.45,
          121.95
        ],
        [
          134.47,
          122.07
        ],
        [
          134.49,
          121.97
        ],
        [
          134.53,
          121.88
        ],
        [
          135.63,
          121.98
        ]
      ],
      "idx": 1215,
      "mislabel": false,
      "mislabel_reason": "ok",
      "e_unet": 1.24
    }
  ]
}