{
  "prompt": "black pupil.",
  "gsam2_centers": [
    {
      "valid": true,
      "cx": 221.11,
      "cy": 129.24,
      "area": 1143,
      "det_score": 0.4064,
      "sam_score": 0.9725,
      "box": [
        201.5,
        109.6,
        242.3,
        148.6
      ],
      "repeats": [
        [
          221.12,
          129.24
        ],
        [
          221.18,
          129.3
        ],
        [
          221.12,
          129.26999999999998
        ],
        [
          221.15,
          129.19
        ],
        [
          222.22,
          129.24
        ]
      ],
      "idx": 1107,
      "mislabel": false,
      "mislabel_reason": "ok",
      "e_unet": 1.35
    },
    {
      "valid": true,
      "cx": 221.02,
      "cy": 129.4,
      "area": 1162,
      "det_score": 0.4052,
      "sam_score": 0.973,
      "box": [
        201.2,
        109.6,
        242.4,
        148.7
      ],
      "repeats": [
        [
          220.94,
          129.29000000000002
        ],
        [
          221.06,
          129.42000000000002
        ],
        [
          220.98,
          129.32999999999998
        ],
        [
          221.05,
          129.26999999999998
        ],
        [
          222.04000000000002,
          129.32
        ]
      ],
      "idx": 1108,
      "mislabel": false,
      "mislabel_reason": "ok",
      "e_unet": 1.48
    },
    {
      "valid": true,
      "cx": 220.77,
      "cy": 129.36,
      "area": 1186,
      "det_score": 0.4417,
      "sam_score": 0.9719,
      "box": [
        200.7,
        109.5,
        242.4,
        148.9
      ],
      "repeats": [
        [
          220.69,
          129.24
        ],
        [
          220.82,
          129.42000000000002
        ],
        [
          220.72,
          129.26
        ],
        [
          220.81,
          129.31
        ],
        [
          221.82999999999998,
          129.35
        ]
      ],
      "idx": 1109,
      "mislabel": false,
      "mislabel_reason": "ok",
      "e_unet": 1.53
    },
    {
      "valid": true,
      "cx": 216.3,
      "cy": 127.06,
      "area": 1208,
      "det_score": 0.4107,
      "sam_score": 0.9728,
      "box": [
        195.7,
        107.3,
        238.4,
        146.6
      ],
      "repeats": [
        [
          216.2,
          126.96
        ],
        [
          216.43,
          127.19
        ],
        [
          216.28,
          127.02
        ],
        [
          216.34,
          126.99
        ],
        [
          217.5,
          127.1
        ]
      ],
      "idx": 1110,
      "mislabel": false,
      "mislabel_reason": "ok",
      "e_unet": 1.16
    },
    {
      "valid": true,
      "cx": 214.53,
      "cy": 126.61,
      "area": 1225,
      "det_score": 0.4019,
      "sam_score": 0.9707,
      "box": [
        193.8,
        106.8,
        236.8,
        146.4
      ],
      "repeats": [
        [
          214.53,
          126.61
        ],
        [
          214.56,
          126.66
        ],
        [
          214.57,
          126.64
        ],
        [
          214.58,
          126.58
        ],
        [
          215.91,
          126.84
        ]
      ],
      "idx": 1111,
      "mislabel": false,
      "mislabel_reason": "ok",
      "e_unet": 1.21
    },
    {
      "valid": true,
      "cx": 213.6,
      "cy": 126.1,
      "area": 1236,
      "det_score": 0.3963,
      "sam_score": 0.973,
      "box": [
        192.7,
        106.2,
        236.0,
        145.6
      ],
      "repeats": [
        [
          213.59,
          126.06
        ],
        [
          213.63,
          126.13
        ],
        [
          213.63,
          126.05
        ],
        [
          213.63,
          126.05
        ],
        [
          214.75,
          125.99
        ]
      ],
      "idx": 1112,
      "mislabel": false,
      "mislabel_reason": "ok",
      "e_unet": 1.13
    },
    {
      "valid": true,
      "cx": 212.76,
      "cy": 125.69,
      "area": 1254,
      "det_score": 0.4122,
      "sam_score": 0.9715,
      "box": [
        191.9,
        105.6,
        235.3,
        145.5
      ],
      "repeats": [
        [
          212.8,
          125.68
        ],
        [
          212.82,
          125.7
        ],
        [
          212.82,
          125.7
        ],
        [
          212.81,
          125.67
        ],
        [
          213.97,
          125.63
        ]
      ],
      "idx": 1113,
      "mislabel": false,
      "mislabel_reason": "ok",
      "e_unet": 1.15
    }
  ]
}