{
  "prompt": "black pupil.",
  "gsam2_centers": [
    {
      "valid": true,
      "cx": 133.23000000000002,
      "cy": 101.49,
      "area": 675,
      "det_score": 0.3527,
      "sam_score": 0.9659,
      "box": [
        118.6,
        85.6,
        148.7,
        117.5
      ],
      "repeats": [
        [
          133.24,
          101.47
        ],
        [
          133.29000000000002,
          101.52
        ],
        [
          133.28,
          101.51
        ],
        [
          133.32999999999998,
          101.39
        ],
        [
          134.57,
          101.55
        ]
      ],
      "idx": 2707,
      "mislabel": false,
      "mislabel_reason": "ok",
      "e_unet": 0.94
    },
    {
      "valid": true,
      "cx": 133.19,
      "cy": 101.63,
      "area": 667,
      "det_score": 0.3491,
      "sam_score": 0.9659,
      "box": [
        118.6,
        85.8,
        148.5,
        117.4
      ],
      "repeats": [
        [
          133.19,
          101.58
        ],
        [
          133.20999999999998,
          101.65
        ],
        [
          133.20999999999998,
          101.59
        ],
        [
          133.25,
          101.54
        ],
        [
          134.42,
          101.62
        ]
      ],
      "idx": 2708,
      "mislabel": false,
      "mislabel_reason": "ok",
      "e_unet": 0.97
    },
    {
      "valid": true,
      "cx": 133.17000000000002,
      "cy": 101.64,
      "area": 663,
      "det_score": 0.3589,
      "sam_score": 0.9649,
      "box": [
        118.6,
        85.8,
        148.3,
        117.4
      ],
      "repeats": [
        [
          133.12,
          101.6
        ],
        [
          133.18,
          101.66
        ],
        [
          133.15,
          101.65
        ],
        [
          133.16,
          101.57
        ],
        [
          134.31,
          101.63
        ]
      ],
      "idx": 2709,
      "mislabel": false,
      "mislabel_reason": "ok",
      "e_unet": 1.05
    },
    {
      "valid": true,
      "cx": 133.18,
      "cy": 101.7,
      "area": 658,
      "det_score": 0.3305,
      "sam_score": 0.9655,
      "box": [
        118.6,
        86.0,
        148.2,
        117.5
      ],
      "repeats": [
        [
          133.22,
          101.66
        ],
        [
          133.18,
          101.7
        ],
        [
          133.18,
          101.69
        ],
        [
          133.18,
          101.64
        ],
        [
          134.25,
          101.73
        ]
      ],
      "idx": 2710,
      "mislabel": false,
      "mislabel_reason": "ok",
      "e_unet": 1.02
    },
    {
      "valid": true,
      "cx": 133.14,
      "cy": 101.74,
      "area": 655,
      "det_score": 0.3289,
      "sam_score": 0.9652,
      "box": [
        118.6,
        86.1,
        148.0,
        117.5
      ],
      "repeats": [
        [
          133.12,
          101.74
        ],
        [
          133.15,
          101.81
        ],
        [
          133.15,
          101.79
        ],
        [
          133.22,
          101.68
        ],
        [
          134.16,
          101.77
        ]
      ],
      "idx": 2711,
      "mislabel": false,
      "mislabel_reason": "ok",
      "e_unet": 0.97
    },
    {
      "valid": true,
      "cx": 132.93,
      "cy": 102.08,
      "area": 656,
      "det_score": 0.3507,
      "sam_score": 0.9658,
      "box": [
        118.5,
        86.5,
        147.8,
        117.8
      ],
      "repeats": [
        [
          132.82999999999998,
          102.03
        ],
        [
          132.94,
          102.1
        ],
        [
          132.95,
          102.06
        ],
        [
          132.93,
          102.0
        ],
        [
          133.98,
          102.1
        ]
      ],
      "idx": 2712,
      "mislabel": false,
      "mislabel_reason": "ok",
      "e_unet": 1.01
    },
    {
      "valid": true,
      "cx": 132.76999999999998,
      "cy": 102.75,
      "area": 645,
      "det_score": 0.3495,
      "sam_score": 0.9636,
      "box": [
        118.5,
        87.0,
        147.6,
        118.4
      ],
      "repeats": [
        [
          132.76,
          102.72
        ],
        [
          132.79000000000002,
          102.79
        ],
        [
          132.79000000000002,
          102.72
        ],
        [
          132.86,
          102.71
        ],
        [
          133.86,
          102.72
        ]
      ],
      "idx": 2713,
      "mislabel": false,
      "mislabel_reason": "ok",
      "e_unet": 0.96
    }
  ]
}