{
  "prompt": "black pupil.",
  "gsam2_centers": [
    {
      "valid": true,
      "cx": 145.51999999999998,
      "cy": 86.98,
      "area": 596,
      "det_score": 0.4047,
      "sam_score": 0.9559,
      "box": [
        131.9,
        73.3,
        160.2,
        101.4
      ],
      "repeats": [
        [
          145.47,
          86.87
        ],
        [
          145.55,
          87.11
        ],
        [
          145.45999999999998,
          87.0
        ],
        [
          145.88,
          86.67
        ],
        [
          146.61,
          86.92
        ]
      ],
      "idx": 907,
      "mislabel": false,
      "mislabel_reason": "ok",
      "e_unet": 1.11
    },
    {
      "valid": true,
      "cx": 146.22,
      "cy": 86.7,
      "area": 585,
      "det_score": 0.4098,
      "sam_score": 0.9587,
      "box": [
        132.5,
        73.0,
        160.8,
        101.1
      ],
      "repeats": [
        [
          146.16,
          86.64
        ],
        [
          146.25,
          86.78
        ],
        [
          146.22,
          86.79
        ],
        [
          146.42000000000002,
          86.54
        ],
        [
          147.29,
          86.79
        ]
      ],
      "idx": 908,
      "mislabel": false,
      "mislabel_reason": "ok",
      "e_unet": 0.95
    },
    {
      "valid": true,
      "cx": 146.8,
      "cy": 86.58,
      "area": 577,
      "det_score": 0.4081,
      "sam_score": 0.9588,
      "box": [
        133.7,
        73.0,
        161.5,
        100.8
      ],
      "repeats": [
        [
          146.92000000000002,
          86.44
        ],
        [
          147.09,
          86.69
        ],
        [
          146.92000000000002,
          86.64
        ],
        [
          147.28,
          86.33
        ],
        [
          148.27,
          86.65
        ]
      ],
      "idx": 909,
      "mislabel": false,
      "mislabel_reason": "ok",
      "e_unet": 0.9
    },
    {
      "valid": true,
      "cx": 147.87,
      "cy": 86.37,
      "area": 570,
      "det_score": 0.4062,
      "sam_score": 0.9607,
      "box": [
        134.6,
        72.8,
        162.5,
        100.8
      ],
      "repeats": [
        [
          147.8,
          86.38
        ],
        [
          148.05,
          86.53
        ],
        [
          147.94,
          86.47
        ],
        [
          148.09,
          86.35
        ],
        [
          149.16,
          86.5
        ]
      ],
      "idx": 910,
      "mislabel": false,
      "mislabel_reason": "ok",
      "e_unet": 0.88
    },
    {
      "valid": true,
      "cx": 157.28,
      "cy": 85.7,
      "area": 601,
      "det_score": 0.4108,
      "sam_score": 0.9664,
      "box": [
        143.2,
        72.0,
        172.3,
        100.3
      ],
      "repeats": [
        [
          157.31,
          85.61
        ],
        [
          157.37,
          85.78
        ],
        [
          157.32,
          85.74
        ],
        [
          157.37,
          85.6
        ],
        [
          158.41,
          85.74
        ]
      ],
      "idx": 911,
      "mislabel": false,
      "mislabel_reason": "ok",
      "e_unet": 0.8
    },
    {
      "valid": true,
      "cx": 158.63,
      "cy": 85.34,
      "area": 576,
      "det_score": 0.3752,
      "sam_score": 0.9635,
      "box": [
        144.9,
        71.9,
        173.3,
        99.8
      ],
      "repeats": [
        [
          158.64,
          85.34
        ],
        [
          158.68,
          85.46
        ],
        [
          158.65,
          85.44
        ],
        [
          158.68,
          85.46
        ],
        [
          159.76,
          85.36
        ]
      ],
      "idx": 912,
      "mislabel": false,
      "mislabel_reason": "ok",
      "e_unet": 0.78
    },
    {
      "valid": true,
      "cx": 159.68,
      "cy": 85.25,
      "area": 580,
      "det_score": 0.3657,
      "sam_score": 0.9629,
      "box": [
        146.0,
        71.5,
        174.2,
        99.8
      ],
      "repeats": [
        [
          159.61,
          85.23
        ],
        [
          159.71,
          85.24
        ],
        [
          159.67,
          85.24
        ],
        [
          159.73,
          85.05
        ],
        [
          160.81,
          85.1
        ]
      ],
      "idx": 913,
      "mislabel": false,
      "mislabel_reason": "ok",
      "e_unet": 0.84
    }
  ]
}