{
  "prompt": "black pupil.",
  "gsam2_centers": [
    {
      "valid": true,
      "cx": 156.02,
      "cy": 72.67,
      "area": 446,
      "det_score": 0.473,
      "sam_score": 0.9631,
      "box": [
        142.4,
        61.5,
        170.6,
        83.9
      ],
      "repeats": [
        [
          155.99,
          72.64
        ],
        [
          156.02,
          72.72999999999999
        ],
        [
          156.0,
          72.75
        ],
        [
          156.06,
          72.66
        ],
        [
          157.23,
          72.67
        ]
      ],
      "idx": 1105,
      "mislabel": false,
      "mislabel_reason": "ok",
      "e_unet": 0.93
    },
    {
      "valid": true,
      "cx": 156.2,
      "cy": 72.72999999999999,
      "area": 454,
      "det_score": 0.4747,
      "sam_score": 0.9644,
      "box": [
        142.5,
        61.6,
        170.8,
        84.0
      ],
      "repeats": [
        [
          156.06,
          72.68
        ],
        [
          156.25,
          72.78999999999999
        ],
        [
          156.15,
          72.75
        ],
        [
          156.27,
          72.83
        ],
        [
          157.41,
          72.7
        ]
      ],
      "idx": 1106,
      "mislabel": false,
      "mislabel_reason": "ok",
      "e_unet": 0.99
    },
    {
      "valid": true,
      "cx": 156.17,
      "cy": 72.71000000000001,
      "area": 458,
      "det_score": 0.4625,
      "sam_score": 0.9646,
      "box": [
        142.5,
        61.5,
        170.9,
        84.0
      ],
      "repeats": [
        [
          156.04,
          72.61
        ],
        [
          156.25,
          72.75999999999999
        ],
        [
          156.16,
          72.72
        ],
        [
          156.17,
          72.58
        ],
        [
          157.37,
          72.59
        ]
      ],
      "idx": 1107,
      "mislabel": false,
      "mislabel_reason": "ok",
      "e_unet": 0.91
    },
    {
      "valid": true,
      "cx": 156.18,
      "cy": 72.74000000000001,
      "area": 466,
      "det_score": 0.4677,
      "sam_score": 0.9641,
      "box": [
        142.4,
        61.5,
        171.1,
        84.1
      ],
      "repeats": [
        [
          156.01,
          72.59
        ],
        [
          156.2,
          72.8
        ],
        [
          156.15,
          72.66
        ],
        [
          156.19,
          72.62
        ],
        [
          157.35,
          72.67
        ]
      ],
      "idx": 1108,
      "mislabel": false,
      "mislabel_reason": "ok",
      "e_unet": 0.94
    },
    {
      "valid": true,
      "cx": 156.13,
      "cy": 72.85,
      "area": 470,
      "det_score": 0.4728,
      "sam_score": 0.9642,
      "box": [
        142.3,
        61.6,
        171.1,
        84.3
      ],
      "repeats": [
        [
          156.12,
          72.72999999999999
        ],
        [
          156.22,
          72.91
        ],
        [
          156.19,
          72.83
        ],
        [
          156.23,
          72.71000000000001
        ],
        [
          157.49,
          72.89
        ]
      ],
      "idx": 1109,
      "mislabel": false,
      "mislabel_reason": "ok",
      "e_unet": 0.9
    },
    {
      "valid": true,
      "cx": 156.13,
      "cy": 72.77000000000001,
      "area": 471,
      "det_score": 0.4751,
      "sam_score": 0.9642,
      "box": [
        142.1,
        61.5,
        171.2,
        84.4
      ],
      "repeats": [
        [
          156.05,
          72.77000000000001
        ],
        [
          156.12,
          72.89
        ],
        [
          156.12,
          72.81
        ],
        [
          156.19,
          72.71000000000001
        ],
        [
          157.41,
          72.78999999999999
        ]
      ],
      "idx": 1110,
      "mislabel": false,
      "mislabel_reason": "ok",
      "e_unet": 0.89
    },
    {
      "valid": true,
      "cx": 156.23,
      "cy": 72.74000000000001,
      "area": 479,
      "det_score": 0.4698,
      "sam_score": 0.9653,
      "box": [
        142.3,
        61.4,
        171.3,
        84.3
      ],
      "repeats": [
        [
          156.23,
          72.63
        ],
        [
          156.35,
          72.81
        ],
        [
          156.33,
          72.7
        ],
        [
          156.33,
          72.66
        ],
        [
          157.48,
          72.75999999999999
        ]
      ],
      "idx": 1111,
      "mislabel": false,
      "mislabel_reason": "ok",
      "e_unet": 0.91
    },
    {
      "valid": true,
      "cx": 156.23,
      "cy": 72.72999999999999,
      "area": 480,
      "det_score": 0.4657,
      "sam_score": 0.9658,
      "box": [
        142.3,
        61.3,
        171.3,
        84.2
      ],
      "repeats": [
        [
          156.18,
          72.63
        ],
        [
          156.23,
          72.7
        ],
        [
          156.23,
          72.65
        ],
        [
          156.36,
          72.65
        ],
        [
          157.48,
          72.67
        ]
      ],
      "idx": 1112,
      "mislabel": false,
      "mislabel_reason": "ok",
      "e_unet": 0.91
    },
    {
      "valid": true,
      "cx": 156.17,
      "cy": 72.67,
      "area": 483,
      "det_score": 0.4694,
      "sam_score": 0.9645,
      "box": [
        142.2,
        61.2,
        171.4,
        84.3
      ],
      "repeats": [
        [
          156.21,
          72.65
        ],
        [
          156.21,
          72.75999999999999
        ],
        [
          156.2,
          72.63
        ],
        [
          156.3,
          72.64
        ],
        [
          157.43,
          72.63
        ]
      ],
      "idx": 1113,
      "mislabel": false,
      "mislabel_reason": "ok",
      "e_unet": 0.93
    },
    {
      "valid": true,
      "cx": 156.16,
      "cy": 72.75,
      "area": 484,
      "det_score": 0.4635,
      "sam_score": 0.9652,
      "box": [
        142.1,
        61.3,
        171.4,
        84.3
      ],
      "repeats": [
        [
          156.16,
          72.72
        ],
        [
          156.24,
          72.8
        ],
        [
          156.22,
          72.66
        ],
        [
          156.28,
          72.68
        ],
        [
          157.41,
          72.72
        ]
      ],
      "idx": 1114,
      "mislabel": false,
      "mislabel_reason": "ok",
      "e_unet": 0.96
    },
    {
      "valid": true,
      "cx": 156.28,
      "cy": 72.82,
      "area": 487,
      "det_score": 0.4456,
      "sam_score": 0.9651,
      "box": [
        142.2,
        61.2,
        171.5,
        84.5
      ],
      "repeats": [
        [
          156.26,
          72.74000000000001
        ],
        [
          156.26,
          72.85
        ],
        [
          156.23,
          72.75999999999999
        ],
        [
          156.32,
          72.77000000000001
        ],
        [
          157.53,
          72.78999999999999
        ]
      ],
      "idx": 1115,
      "mislabel": false,
      "mislabel_reason": "ok",
      "e_unet": 1.0
    }
  ]
}