{
  "prompt": "black pupil.",
  "gsam2_centers": [
    {
      "valid": true,
      "cx": 139.72,
      "cy": 148.97,
      "area": 786,
      "det_score": 0.3116,
      "sam_score": 0.9673,
      "box": [
        124.8,
        130.8,
        155.4,
        168.0
      ],
      "repeats": [
        [
          139.65,
          148.95
        ],
        [
          139.74,
          148.96
        ],
        [
          139.82999999999998,
          148.82
        ],
        [
          139.86,
          148.81
        ],
        [
          140.94,
          148.91
        ]
      ],
      "idx": 2405,
      "mislabel": false,
      "mislabel_reason": "ok",
      "e_unet": 0.67
    },
    {
      "valid": true,
      "cx": 139.47,
      "cy": 148.7,
      "area": 779,
      "det_score": 0.3297,
      "sam_score": 0.9665,
      "box": [
        124.8,
        130.5,
        155.3,
        167.5
      ],
      "repeats": [
        [
          139.35,
          148.65
        ],
        [
          139.47,
          148.72
        ],
        [
          139.44,
          148.7
        ],
        [
          139.45999999999998,
          148.61
        ],
        [
          140.65,
          148.68
        ]
      ],
      "idx": 2406,
      "mislabel": false,
      "mislabel_reason": "ok",
      "e_unet": 0.77
    },
    {
      "valid": true,
      "cx": 139.66,
      "cy": 148.38,
      "area": 777,
      "det_score": 0.3428,
      "sam_score": 0.9679,
      "box": [
        124.8,
        130.2,
        155.2,
        167.2
      ],
      "repeats": [
        [
          139.48000000000002,
          148.5
        ],
        [
          139.7,
          148.49
        ],
        [
          139.61,
          148.49
        ],
        [
          139.61,
          148.33
        ],
        [
          140.76,
          148.54
        ]
      ],
      "idx": 2407,
      "mislabel": false,
      "mislabel_reason": "ok",
      "e_unet": 0.68
    },
    {
      "valid": true,
      "cx": 139.65,
      "cy": 148.21,
      "area": 779,
      "det_score": 0.3466,
      "sam_score": 0.9679,
      "box": [
        124.9,
        130.1,
        155.3,
        166.7
      ],
      "repeats": [
        [
          139.5,
          148.27
        ],
        [
          139.66,
          148.23
        ],
        [
          139.67000000000002,
          148.14
        ],
        [
          139.69,
          148.14
        ],
        [
          140.9,
          148.2
        ]
      ],
      "idx": 2408,
      "mislabel": false,
      "mislabel_reason": "ok",
      "e_unet": 0.73
    },
    {
      "valid": true,
      "cx": 139.34,
      "cy": 147.85,
      "area": 775,
      "det_score": 0.3366,
      "sam_score": 0.9688,
      "box": [
        124.7,
        129.6,
        155.0,
        166.4
      ],
      "repeats": [
        [
          139.2,
          147.9
        ],
        [
          139.39,
          147.84
        ],
        [
          139.4,
          147.78
        ],
        [
          139.47,
          147.71
        ],
        [
          140.47,
          147.89
        ]
      ],
      "idx": 2409,
      "mislabel": false,
      "mislabel_reason": "ok",
      "e_unet": 0.72
    },
    {
      "valid": true,
      "cx": 139.68,
      "cy": 147.42,
      "area": 774,
      "det_score": 0.3417,
      "sam_score": 0.9677,
      "box": [
        124.9,
        129.4,
        155.4,
        165.9
      ],
      "repeats": [
        [
          139.45999999999998,
          147.5
        ],
        [
          139.7,
          147.47
        ],
        [
          139.70999999999998,
          147.35
        ],
        [
          139.84,
          147.36
        ],
        [
          140.75,
          147.53
        ]
      ],
      "idx": 2410,
      "mislabel": false,
      "mislabel_reason": "ok",
      "e_unet": 0.77
    },
    {
      "valid": true,
      "cx": 139.72,
      "cy": 147.23,
      "area": 764,
      "det_score": 0.3225,
      "sam_score": 0.9678,
      "box": [
        124.9,
        129.3,
        155.3,
        165.7
      ],
      "repeats": [
        [
          139.39,
          147.31
        ],
        [
          139.79000000000002,
          147.21
        ],
        [
          139.76,
          147.2
        ],
        [
          139.8,
          147.08
        ],
        [
          140.72,
          147.29
        ]
      ],
      "idx": 2411,
      "mislabel": false,
      "mislabel_reason": "ok",
      "e_unet": 0.81
    },
    {
      "valid": true,
      "cx": 140.06,
      "cy": 143.76,
      "area": 719,
      "det_score": 0.3317,
      "sam_score": 0.9653,
      "box": [
        125.1,
        126.3,
        155.3,
        161.8
      ],
      "repeats": [
        [
          139.8,
          143.81
        ],
        [
          140.13,
          143.79
        ],
        [
          140.06,
          143.71
        ],
        [
          140.1,
          143.64
        ],
        [
          141.1,
          144.0
        ]
      ],
      "idx": 2412,
      "mislabel": false,
      "mislabel_reason": "ok",
      "e_unet": 0.7
    },
    {
      "valid": true,
      "cx": 140.26999999999998,
      "cy": 141.43,
      "area": 688,
      "det_score": 0.3105,
      "sam_score": 0.9683,
      "box": [
        125.6,
        124.5,
        155.8,
        158.8
      ],
      "repeats": [
        [
          140.20999999999998,
          141.44
        ],
        [
          140.3,
          141.45
        ],
        [
          140.43,
          141.37
        ],
        [
          140.45999999999998,
          141.34
        ],
        [
          141.45,
          141.5
        ]
      ],
      "idx": 2413,
      "mislabel": false,
      "mislabel_reason": "ok",
      "e_unet": 0.67
    },
    {
      "valid": true,
      "cx": 140.14,
      "cy": 141.21,
      "area": 685,
      "det_score": 0.3034,
      "sam_score": 0.9671,
      "box": [
        125.5,
        124.3,
        155.6,
        158.6
      ],
      "repeats": [
        [
          140.09,
          141.16
        ],
        [
          140.15,
          141.25
        ],
        [
          140.32999999999998,
          141.16
        ],
        [
          140.42000000000002,
          140.99
        ],
        [
          141.32,
          141.26
        ]
      ],
      "idx": 2414,
      "mislabel": false,
      "mislabel_reason": "ok",
      "e_unet": 0.7
    },
    {
      "valid": true,
      "cx": 140.31,
      "cy": 141.06,
      "area": 680,
      "det_score": 0.3024,
      "sam_score": 0.9688,
      "box": [
        125.7,
        124.3,
        155.7,
        158.4
      ],
      "repeats": [
        [
          140.3,
          140.98
        ],
        [
          140.34,
          141.08
        ],
        [
          140.34,
          141.03
        ],
        [
          140.35,
          140.95
        ],
        [
          141.4,
          141.15
        ]
      ],
      "idx": 2415,
      "mislabel": false,
      "mislabel_reason": "ok",
      "e_unet": 0.69
    }
  ]
}