{
  "prompt": "black pupil.",
  "gsam2_centers": [
    {
      "valid": true,
      "cx": 130.65,
      "cy": 145.49,
      "area": 963,
      "det_score": 0.3161,
      "sam_score": 0.968,
      "box": [
        115.6,
        124.0,
        146.6,
        167.5
      ],
      "repeats": [
        [
          130.6,
          145.45
        ],
        [
          130.65,
          145.57
        ],
        [
          130.63,
          145.53
        ],
        [
          130.74,
          145.44
        ],
        [
          131.83,
          145.4
        ]
      ],
      "idx": 2605,
      "mislabel": false,
      "mislabel_reason": "ok",
      "e_unet": 0.9
    },
    {
      "valid": true,
      "cx": 130.53,
      "cy": 146.16,
      "area": 944,
      "det_score": 0.2868,
      "sam_score": 0.9689,
      "box": [
        115.7,
        124.9,
        146.3,
        168.0
      ],
      "repeats": [
        [
          130.57,
          146.09
        ],
        [
          130.54000000000002,
          146.2
        ],
        [
          130.49,
          146.16
        ],
        [
          130.6,
          146.05
        ],
        [
          131.73,
          146.14
        ]
      ],
      "idx": 2606,
      "mislabel": false,
      "mislabel_reason": "ok",
      "e_unet": 1.3
    },
    {
      "valid": true,
      "cx": 130.51999999999998,
      "cy": 146.61,
      "area": 939,
      "det_score": 0.2981,
      "sam_score": 0.9708,
      "box": [
        115.6,
        125.3,
        146.3,
        168.3
      ],
      "repeats": [
        [
          130.49,
          146.57
        ],
        [
          130.54000000000002,
          146.54
        ],
        [
          130.56,
          146.49
        ],
        [
          130.57999999999998,
          146.53
        ],
        [
          131.7,
          146.54
        ]
      ],
      "idx": 2607,
      "mislabel": false,
      "mislabel_reason": "ok",
      "e_unet": 1.24
    },
    {
      "valid": true,
      "cx": 130.44,
      "cy": 146.68,
      "area": 925,
      "det_score": 0.2693,
      "sam_score": 0.9701,
      "box": [
        115.8,
        125.4,
        146.1,
        168.4
      ],
      "repeats": [
        [
          130.47,
          146.64
        ],
        [
          130.45,
          146.71
        ],
        [
          130.45,
          146.67
        ],
        [
          130.53,
          146.6
        ],
        [
          131.6,
          146.66
        ]
      ],
      "idx": 2608,
      "mislabel": false,
      "mislabel_reason": "ok",
      "e_unet": 1.2
    },
    {
      "valid": true,
      "cx": 130.36,
      "cy": 146.99,
      "area": 916,
      "det_score": 0.2773,
      "sam_score": 0.9695,
      "box": [
        115.9,
        125.7,
        145.9,
        168.5
      ],
      "repeats": [
        [
          130.39,
          146.93
        ],
        [
          130.4,
          147.06
        ],
        [
          130.4,
          146.97
        ],
        [
          130.48000000000002,
          146.8
        ],
        [
          131.58,
          146.78
        ]
      ],
      "idx": 2609,
      "mislabel": false,
      "mislabel_reason": "ok",
      "e_unet": 1.33
    },
    {
      "valid": true,
      "cx": 130.42000000000002,
      "cy": 147.22,
      "area": 910,
      "det_score": 0.3157,
      "sam_score": 0.97,
      "box": [
        115.9,
        125.9,
        146.0,
        168.7
      ],
      "repeats": [
        [
          130.39,
          147.11
        ],
        [
          130.42000000000002,
          147.22
        ],
        [
          130.44,
          147.12
        ],
        [
          130.44,
          147.12
        ],
        [
          131.6,
          147.25
        ]
      ],
      "idx": 2610,
      "mislabel": false,
      "mislabel_reason": "ok",
      "e_unet": 1.29
    },
    {
      "valid": true,
      "cx": 130.51,
      "cy": 149.39,
      "area": 913,
      "det_score": 0.3135,
      "sam_score": 0.9663,
      "box": [
        116.0,
        128.3,
        146.0,
        170.9
      ],
      "repeats": [
        [
          130.5,
          149.36
        ],
        [
          130.53,
          149.43
        ],
        [
          130.55,
          149.41
        ],
        [
          130.59,
          149.32
        ],
        [
          131.65,
          149.41
        ]
      ],
      "idx": 2611,
      "mislabel": false,
      "mislabel_reason": "ok",
      "e_unet": 1.48
    },
    {
      "valid": true,
      "cx": 131.23000000000002,
      "cy": 154.94,
      "area": 932,
      "det_score": 0.3611,
      "sam_score": 0.9677,
      "box": [
        116.3,
        133.4,
        147.0,
        176.6
      ],
      "repeats": [
        [
          131.20999999999998,
          154.79
        ],
        [
          131.3,
          155.04
        ],
        [
          131.3,
          154.9
        ],
        [
          131.31,
          154.83
        ],
        [
          132.44,
          154.9
        ]
      ],
      "idx": 2612,
      "mislabel": false,
      "mislabel_reason": "ok",
      "e_unet": 1.88
    },
    {
      "valid": true,
      "cx": 131.39,
      "cy": 155.31,
      "area": 921,
      "det_score": 0.3794,
      "sam_score": 0.9662,
      "box": [
        116.5,
        133.5,
        147.2,
        176.6
      ],
      "repeats": [
        [
          131.4,
          155.28
        ],
        [
          131.5,
          155.39
        ],
        [
          131.51,
          155.38
        ],
        [
          131.5,
          155.27
        ],
        [
          132.64,
          155.23
        ]
      ],
      "idx": 2613,
      "mislabel": false,
      "mislabel_reason": "ok",
      "e_unet": 1.65
    },
    {
      "valid": true,
      "cx": 131.56,
      "cy": 155.47,
      "area": 919,
      "det_score": 0.4043,
      "sam_score": 0.9681,
      "box": [
        116.7,
        133.9,
        147.2,
        176.8
      ],
      "repeats": [
        [
          131.56,
          155.48
        ],
        [
          131.57999999999998,
          155.53
        ],
        [
          131.59,
          155.51
        ],
        [
          131.61,
          155.38
        ],
        [
          132.69,
          155.4
        ]
      ],
      "idx": 2614,
      "mislabel": false,
      "mislabel_reason": "ok",
      "e_unet": 1.72
    },
    {
      "valid": true,
      "cx": 131.57,
      "cy": 155.57,
      "area": 923,
      "det_score": 0.3793,
      "sam_score": 0.9668,
      "box": [
        116.7,
        134.0,
        147.2,
        177.0
      ],
      "repeats": [
        [
          131.54000000000002,
          155.54
        ],
        [
          131.59,
          155.6
        ],
        [
          131.63,
          155.58
        ],
        [
          131.66,
          155.47
        ],
        [
          132.71,
          155.51
        ]
      ],
      "idx": 2615,
      "mislabel": false,
      "mislabel_reason": "ok",
      "e_unet": 1.66
    }
  ]
}