{
  "prompt": "black pupil.",
  "gsam2_centers": [
    {
      "valid": true,
      "cx": 112.07,
      "cy": 111.13,
      "area": 312,
      "det_score": 0.4047,
      "sam_score": 0.9502,
      "box": [
        103.3,
        98.9,
        121.8,
        123.3
      ],
      "repeats": [
        [
          111.98,
          111.0
        ],
        [
          112.04,
          111.19
        ],
        [
          112.07,
          111.07
        ],
        [
          112.12,
          111.05
        ],
        [
          113.16999999999999,
          111.06
        ]
      ],
      "idx": 907,
      "mislabel": false,
      "mislabel_reason": "ok",
      "e_unet": 1.27
    },
    {
      "valid": true,
      "cx": 112.92,
      "cy": 111.41,
      "area": 325,
      "det_score": 0.4243,
      "sam_score": 0.9477,
      "box": [
        103.5,
        98.6,
        122.2,
        123.1
      ],
      "repeats": [
        [
          112.45,
          110.76
        ],
        [
          112.85,
          111.49
        ],
        [
          112.47,
          110.77
        ],
        [
          112.66,
          110.8
        ],
        [
          113.62,
          110.89
        ]
      ],
      "idx": 908,
      "mislabel": false,
      "mislabel_reason": "ok",
      "e_unet": 1.87
    },
    {
      "valid": true,
      "cx": 113.45,
      "cy": 111.11,
      "area": 335,
      "det_score": 0.4249,
      "sam_score": 0.9472,
      "box": [
        103.8,
        98.4,
        123.2,
        123.0
      ],
      "repeats": [
        [
          113.16,
          110.53
        ],
        [
          113.42,
          111.2
        ],
        [
          113.19,
          110.76
        ],
        [
          113.61,
          111.03
        ],
        [
          114.44,
          110.93
        ]
      ],
      "idx": 909,
      "mislabel": false,
      "mislabel_reason": "ok",
      "e_unet": 1.64
    },
    {
      "valid": true,
      "cx": 114.24,
      "cy": 110.43,
      "area": 347,
      "det_score": 0.4276,
      "sam_score": 0.9498,
      "box": [
        104.6,
        97.7,
        124.0,
        122.5
      ],
      "repeats": [
        [
          114.02,
          110.02
        ],
        [
          114.25,
          110.46
        ],
        [
          114.1,
          110.05
        ],
        [
          114.31,
          110.53
        ],
        [
          115.11000000000001,
          110.14
        ]
      ],
      "idx": 910,
      "mislabel": false,
      "mislabel_reason": "ok",
      "e_unet": 1.34
    },
    {
      "valid": true,
      "cx": 120.01,
      "cy": 107.96,
      "area": 381,
      "det_score": 0.4488,
      "sam_score": 0.9545,
      "box": [
        109.5,
        96.0,
        131.0,
        120.2
      ],
      "repeats": [
        [
          119.9,
          107.77
        ],
        [
          120.02,
          108.14
        ],
        [
          119.96,
          107.77
        ],
        [
          120.03,
          107.69
        ],
        [
          121.00999999999999,
          107.83
        ]
      ],
      "idx": 911,
      "mislabel": false,
      "mislabel_reason": "ok",
      "e_unet": 1.26
    },
    {
      "valid": true,
      "cx": 121.02,
      "cy": 107.51,
      "area": 367,
      "det_score": 0.4519,
      "sam_score": 0.952,
      "box": [
        111.0,
        95.7,
        131.7,
        120.0
      ],
      "repeats": [
        [
          120.98,
          107.28
        ],
        [
          121.07,
          107.81
        ],
        [
          121.02,
          107.28
        ],
        [
          121.27,
          107.12
        ],
        [
          122.13,
          107.31
        ]
      ],
      "idx": 912,
      "mislabel": false,
      "mislabel_reason": "ok",
      "e_unet": 1.19
    },
    {
      "valid": true,
      "cx": 121.95,
      "cy": 107.06,
      "area": 379,
      "det_score": 0.462,
      "sam_score": 0.9551,
      "box": [
        111.6,
        95.1,
        132.8,
        119.6
      ],
      "repeats": [
        [
          121.8,
          106.93
        ],
        [
          121.99,
          107.1
        ],
        [
          121.87,
          106.85
        ],
        [
          122.11,
          106.56
        ],
        [
          123.15,
          106.82
        ]
      ],
      "idx": 913,
      "mislabel": false,
      "mislabel_reason": "ok",
      "e_unet": 1.12
    }
  ]
}