{
  "prompt": "black pupil.",
  "gsam2_centers": [
    {
      "valid": true,
      "cx": 148.69,
      "cy": 136.7,
      "area": 653,
      "det_score": 0.3238,
      "sam_score": 0.9577,
      "box": [
        135.6,
        119.4,
        162.7,
        154.0
      ],
      "repeats": [
        [
          148.66,
          136.64
        ],
        [
          148.72,
          136.7
        ],
        [
          148.8,
          136.67000000000002
        ],
        [
          148.82999999999998,
          136.6
        ],
        [
          149.82,
          136.57999999999998
        ]
      ],
      "idx": 805,
      "mislabel": false,
      "mislabel_reason": "ok",
      "e_unet": 1.35
    },
    {
      "valid": true,
      "cx": 148.66,
      "cy": 136.7,
      "area": 656,
      "det_score": 0.3292,
      "sam_score": 0.9583,
      "box": [
        135.7,
        119.5,
        162.8,
        154.1
      ],
      "repeats": [
        [
          148.66,
          136.68
        ],
        [
          148.7,
          136.82999999999998
        ],
        [
          148.74,
          136.73000000000002
        ],
        [
          148.91,
          136.68
        ],
        [
          149.78,
          136.64
        ]
      ],
      "idx": 806,
      "mislabel": false,
      "mislabel_reason": "ok",
      "e_unet": 1.23
    },
    {
      "valid": true,
      "cx": 148.82999999999998,
      "cy": 136.72,
      "area": 651,
      "det_score": 0.3309,
      "sam_score": 0.9578,
      "box": [
        135.7,
        119.6,
        162.9,
        154.0
      ],
      "repeats": [
        [
          148.75,
          136.6
        ],
        [
          148.79000000000002,
          136.72
        ],
        [
          148.85,
          136.68
        ],
        [
          148.99,
          136.61
        ],
        [
          149.91,
          136.6
        ]
      ],
      "idx": 807,
      "mislabel": false,
      "mislabel_reason": "ok",
      "e_unet": 1.29
    },
    {
      "valid": true,
      "cx": 148.93,
      "cy": 136.84,
      "area": 653,
      "det_score": 0.3334,
      "sam_score": 0.9575,
      "box": [
        135.7,
        119.6,
        163.0,
        154.1
      ],
      "repeats": [
        [
          148.85,
          136.68
        ],
        [
          148.97,
          136.79000000000002
        ],
        [
          149.03,
          136.74
        ],
        [
          149.07999999999998,
          136.64
        ],
        [
          150.07,
          136.72
        ]
      ],
      "idx": 808,
      "mislabel": false,
      "mislabel_reason": "ok",
      "e_unet": 1.41
    },
    {
      "valid": true,
      "cx": 149.1,
      "cy": 136.73000000000002,
      "area": 657,
      "det_score": 0.3244,
      "sam_score": 0.9559,
      "box": [
        135.8,
        119.4,
        163.2,
        154.2
      ],
      "repeats": [
        [
          148.88,
          136.66
        ],
        [
          149.12,
          136.76999999999998
        ],
        [
          149.09,
          136.69
        ],
        [
          149.17000000000002,
          136.62
        ],
        [
          150.16,
          136.74
        ]
      ],
      "idx": 809,
      "mislabel": false,
      "mislabel_reason": "ok",
      "e_unet": 1.35
    },
    {
      "valid": true,
      "cx": 149.15,
      "cy": 136.7,
      "area": 654,
      "det_score": 0.3261,
      "sam_score": 0.9565,
      "box": [
        135.8,
        119.6,
        163.2,
        154.2
      ],
      "repeats": [
        [
          149.0,
          136.51999999999998
        ],
        [
          149.15,
          136.70999999999998
        ],
        [
          149.18,
          136.67000000000002
        ],
        [
          149.23000000000002,
          136.57
        ],
        [
          150.19,
          136.65
        ]
      ],
      "idx": 810,
      "mislabel": false,
      "mislabel_reason": "ok",
      "e_unet": 1.29
    },
    {
      "valid": true,
      "cx": 149.19,
      "cy": 136.65,
      "area": 656,
      "det_score": 0.3396,
      "sam_score": 0.9566,
      "box": [
        136.0,
        119.5,
        163.4,
        154.2
      ],
      "repeats": [
        [
          149.26,
          136.59
        ],
        [
          149.26,
          136.78
        ],
        [
          149.20999999999998,
          136.73000000000002
        ],
        [
          149.28,
          136.53
        ],
        [
          150.28,
          136.6
        ]
      ],
      "idx": 811,
      "mislabel": false,
      "mislabel_reason": "ok",
      "e_unet": 1.27
    },
    {
      "valid": true,
      "cx": 149.31,
      "cy": 136.79000000000002,
      "area": 654,
      "det_score": 0.358,
      "sam_score": 0.9571,
      "box": [
        136.0,
        119.7,
        163.5,
        154.2
      ],
      "repeats": [
        [
          149.34,
          136.73000000000002
        ],
        [
          149.3,
          136.82
        ],
        [
          149.32,
          136.82
        ],
        [
          149.39,
          136.68
        ],
        [
          150.46,
          136.78
        ]
      ],
      "idx": 812,
      "mislabel": false,
      "mislabel_reason": "ok",
      "e_unet": 1.29
    },
    {
      "valid": true,
      "cx": 149.31,
      "cy": 136.75,
      "area": 658,
      "det_score": 0.3388,
      "sam_score": 0.9575,
      "box": [
        136.1,
        119.7,
        163.5,
        154.3
      ],
      "repeats": [
        [
          149.36,
          136.68
        ],
        [
          149.34,
          136.82
        ],
        [
          149.36,
          136.8
        ],
        [
          149.4,
          136.59
        ],
        [
          150.61,
          136.76
        ]
      ],
      "idx": 813,
      "mislabel": false,
      "mislabel_reason": "ok",
      "e_unet": 1.21
    },
    {
      "valid": true,
      "cx": 149.44,
      "cy": 136.91,
      "area": 655,
      "det_score": 0.3243,
      "sam_score": 0.9579,
      "box": [
        136.2,
        119.8,
        163.6,
        154.3
      ],
      "repeats": [
        [
          149.45999999999998,
          136.74
        ],
        [
          149.5,
          137.06
        ],
        [
          149.44,
          136.82999999999998
        ],
        [
          149.56,
          136.86
        ],
        [
          150.61,
          136.84
        ]
      ],
      "idx": 814,
      "mislabel": false,
      "mislabel_reason": "ok",
      "e_unet": 1.32
    },
    {
      "valid": true,
      "cx": 149.4,
      "cy": 136.89,
      "area": 656,
      "det_score": 0.315,
      "sam_score": 0.9568,
      "box": [
        136.2,
        119.8,
        163.6,
        154.4
      ],
      "repeats": [
        [
          149.43,
          136.75
        ],
        [
          149.5,
          137.07
        ],
        [
          149.42000000000002,
          136.82999999999998
        ],
        [
          149.54000000000002,
          136.75
        ],
        [
          150.6,
          136.81
        ]
      ],
      "idx": 815,
      "mislabel": false,
      "mislabel_reason": "ok",
      "e_unet": 1.2
    }
  ]
}