{
  "prompt": "black pupil.",
  "gsam2_centers": [
    {
      "valid": true,
      "cx": 203.9,
      "cy": 100.39,
      "area": 1028,
      "det_score": 0.379,
      "sam_score": 0.9731,
      "box": [
        184.9,
        81.9,
        223.5,
        119.2
      ],
      "repeats": [
        [
          203.9,
          100.36
        ],
        [
          203.91,
          100.4
        ],
        [
          203.93,
          100.37
        ],
        [
          203.92,
          100.33
        ],
        [
          205.04000000000002,
          100.34
        ]
      ],
      "idx": 807,
      "mislabel": false,
      "mislabel_reason": "ok",
      "e_unet": 0.67
    },
    {
      "valid": true,
      "cx": 203.38,
      "cy": 100.25,
      "area": 1020,
      "det_score": 0.3482,
      "sam_score": 0.9725,
      "box": [
        184.5,
        81.9,
        222.7,
        119.0
      ],
      "repeats": [
        [
          203.26,
          100.23
        ],
        [
          203.34,
          100.37
        ],
        [
          203.35,
          100.31
        ],
        [
          203.42,
          100.22
        ],
        [
          204.42000000000002,
          100.31
        ]
      ],
      "idx": 808,
      "mislabel": false,
      "mislabel_reason": "ok",
      "e_unet": 0.52
    },
    {
      "valid": true,
      "cx": 202.83,
      "cy": 100.32,
      "area": 1010,
      "det_score": 0.3757,
      "sam_score": 0.9732,
      "box": [
        184.1,
        82.2,
        222.3,
        119.1
      ],
      "repeats": [
        [
          202.8,
          100.3
        ],
        [
          202.85,
          100.38
        ],
        [
          202.86,
          100.31
        ],
        [
          202.89,
          100.24
        ],
        [
          203.88,
          100.33
        ]
      ],
      "idx": 809,
      "mislabel": false,
      "mislabel_reason": "ok",
      "e_unet": 0.64
    },
    {
      "valid": true,
      "cx": 202.29,
      "cy": 100.21,
      "area": 1006,
      "det_score": 0.3484,
      "sam_score": 0.9724,
      "box": [
        183.8,
        82.0,
        221.8,
        119.0
      ],
      "repeats": [
        [
          202.25,
          100.16
        ],
        [
          202.35,
          100.3
        ],
        [
          202.31,
          100.19
        ],
        [
          202.31,
          100.13
        ],
        [
          203.42000000000002,
          100.27
        ]
      ],
      "idx": 810,
      "mislabel": false,
      "mislabel_reason": "ok",
      "e_unet": 0.49
    },
    {
      "valid": true,
      "cx": 200.95,
      "cy": 100.58,
      "area": 1000,
      "det_score": 0.2966,
      "sam_score": 0.9701,
      "box": [
        182.2,
        82.0,
        220.4,
        119.2
      ],
      "repeats": [
        [
          200.94,
          100.54
        ],
        [
          200.95,
          100.62
        ],
        [
          200.96,
          100.58
        ],
        [
          201.03,
          100.51
        ],
        [
          202.04000000000002,
          100.5
        ]
      ],
      "idx": 811,
      "mislabel": false,
      "mislabel_reason": "ok",
      "e_unet": 0.57
    },
    {
      "valid": true,
      "cx": 193.25,
      "cy": 101.67,
      "area": 1017,
      "det_score": 0.2779,
      "sam_score": 0.9614,
      "box": [
        174.8,
        83.5,
        213.3,
        119.5
      ],
      "repeats": [
        [
          193.38,
          101.32
        ],
        [
          193.28,
          101.77
        ],
        [
          193.39,
          101.52
        ],
        [
          193.46,
          101.38
        ],
        [
          194.16,
          101.56
        ]
      ],
      "idx": 812,
      "mislabel": false,
      "mislabel_reason": "ok",
      "e_unet": 1.08
    },
    {
      "valid": true,
      "cx": 192.88,
      "cy": 101.54,
      "area": 993,
      "det_score": 0.3082,
      "sam_score": 0.9671,
      "box": [
        175.0,
        82.9,
        212.5,
        119.5
      ],
      "repeats": [
        [
          193.07,
          101.25
        ],
        [
          192.98,
          101.59
        ],
        [
          193.06,
          101.35
        ],
        [
          193.06,
          101.33
        ],
        [
          194.05,
          101.37
        ]
      ],
      "idx": 813,
      "mislabel": false,
      "mislabel_reason": "ok",
      "e_unet": 0.87
    }
  ]
}