{
  "prompt": "black pupil.",
  "gsam2_centers": [
    {
      "valid": true,
      "cx": 145.67000000000002,
      "cy": 71.82,
      "area": 414,
      "det_score": 0.4527,
      "sam_score": 0.9632,
      "box": [
        133.0,
        61.5,
        159.7,
        82.5
      ],
      "repeats": [
        [
          145.7,
          71.65
        ],
        [
          145.79000000000002,
          71.91
        ],
        [
          145.87,
          71.8
        ],
        [
          145.76,
          71.77000000000001
        ],
        [
          146.88,
          71.81
        ]
      ],
      "idx": 505,
      "mislabel": false,
      "mislabel_reason": "ok",
      "e_unet": 0.82
    },
    {
      "valid": true,
      "cx": 148.47,
      "cy": 72.69,
      "area": 425,
      "det_score": 0.4578,
      "sam_score": 0.9642,
      "box": [
        135.5,
        62.0,
        162.5,
        83.6
      ],
      "repeats": [
        [
          148.61,
          72.64
        ],
        [
          148.66,
          72.71000000000001
        ],
        [
          148.62,
          72.65
        ],
        [
          148.7,
          72.57
        ],
        [
          149.56,
          72.65
        ]
      ],
      "idx": 506,
      "mislabel": false,
      "mislabel_reason": "ok",
      "e_unet": 1.05
    },
    {
      "valid": true,
      "cx": 148.73000000000002,
      "cy": 72.69,
      "area": 423,
      "det_score": 0.4485,
      "sam_score": 0.9646,
      "box": [
        135.8,
        62.1,
        162.8,
        83.6
      ],
      "repeats": [
        [
          148.76999999999998,
          72.65
        ],
        [
          148.78,
          72.78
        ],
        [
          148.73000000000002,
          72.7
        ],
        [
          148.84,
          72.62
        ],
        [
          149.82,
          72.62
        ]
      ],
      "idx": 507,
      "mislabel": false,
      "mislabel_reason": "ok",
      "e_unet": 0.85
    },
    {
      "valid": true,
      "cx": 148.75,
      "cy": 72.66,
      "area": 428,
      "det_score": 0.4393,
      "sam_score": 0.9648,
      "box": [
        135.8,
        62.1,
        162.8,
        83.7
      ],
      "repeats": [
        [
          148.75,
          72.69
        ],
        [
          148.84,
          72.75999999999999
        ],
        [
          148.79000000000002,
          72.78999999999999
        ],
        [
          148.89,
          72.64
        ],
        [
          149.81,
          72.72
        ]
      ],
      "idx": 508,
      "mislabel": false,
      "mislabel_reason": "ok",
      "e_unet": 0.79
    },
    {
      "valid": true,
      "cx": 148.78,
      "cy": 72.63,
      "area": 431,
      "det_score": 0.4333,
      "sam_score": 0.9635,
      "box": [
        135.8,
        62.1,
        162.9,
        83.7
      ],
      "repeats": [
        [
          148.8,
          72.64
        ],
        [
          148.89,
          72.7
        ],
        [
          148.82,
          72.75
        ],
        [
          148.91,
          72.6
        ],
        [
          149.87,
          72.65
        ]
      ],
      "idx": 509,
      "mislabel": false,
      "mislabel_reason": "ok",
      "e_unet": 0.86
    },
    {
      "valid": true,
      "cx": 148.78,
      "cy": 72.63,
      "area": 431,
      "det_score": 0.4386,
      "sam_score": 0.9637,
      "box": [
        135.6,
        62.0,
        163.0,
        83.7
      ],
      "repeats": [
        [
          148.75,
          72.59
        ],
        [
          148.76999999999998,
          72.66
        ],
        [
          148.76,
          72.65
        ],
        [
          148.85,
          72.53999999999999
        ],
        [
          149.81,
          72.64
        ]
      ],
      "idx": 510,
      "mislabel": false,
      "mislabel_reason": "ok",
      "e_unet": 0.94
    },
    {
      "valid": true,
      "cx": 148.8,
      "cy": 72.57,
      "area": 433,
      "det_score": 0.4349,
      "sam_score": 0.9625,
      "box": [
        135.6,
        61.9,
        163.0,
        83.6
      ],
      "repeats": [
        [
          148.78,
          72.56
        ],
        [
          148.81,
          72.64
        ],
        [
          148.79000000000002,
          72.59
        ],
        [
          148.87,
          72.53999999999999
        ],
        [
          149.85,
          72.58
        ]
      ],
      "idx": 511,
      "mislabel": false,
      "mislabel_reason": "ok",
      "e_unet": 0.94
    },
    {
      "valid": true,
      "cx": 148.84,
      "cy": 72.53,
      "area": 437,
      "det_score": 0.4385,
      "sam_score": 0.964,
      "box": [
        135.6,
        61.7,
        163.2,
        83.6
      ],
      "repeats": [
        [
          148.76999999999998,
          72.47999999999999
        ],
        [
          148.81,
          72.56
        ],
        [
          148.78,
          72.47999999999999
        ],
        [
          148.88,
          72.53999999999999
        ],
        [
          149.86,
          72.57
        ]
      ],
      "idx": 512,
      "mislabel": false,
      "mislabel_reason": "ok",
      "e_unet": 0.96
    },
    {
      "valid": true,
      "cx": 148.49,
      "cy": 72.53999999999999,
      "area": 441,
      "det_score": 0.4521,
      "sam_score": 0.9636,
      "box": [
        135.2,
        61.7,
        162.9,
        83.7
      ],
      "repeats": [
        [
          148.44,
          72.57
        ],
        [
          148.45,
          72.69
        ],
        [
          148.5,
          72.63
        ],
        [
          148.53,
          72.53
        ],
        [
          149.52,
          72.62
        ]
      ],
      "idx": 513,
      "mislabel": false,
      "mislabel_reason": "ok",
      "e_unet": 0.79
    },
    {
      "valid": true,
      "cx": 147.41,
      "cy": 73.88,
      "area": 459,
      "det_score": 0.4199,
      "sam_score": 0.9633,
      "box": [
        134.0,
        62.7,
        161.8,
        85.4
      ],
      "repeats": [
        [
          147.3,
          73.74000000000001
        ],
        [
          147.42000000000002,
          73.88
        ],
        [
          147.4,
          73.8
        ],
        [
          147.47,
          73.7
        ],
        [
          148.5,
          73.89
        ]
      ],
      "idx": 514,
      "mislabel": false,
      "mislabel_reason": "ok",
      "e_unet": 1.15
    },
    {
      "valid": true,
      "cx": 147.31,
      "cy": 73.97,
      "area": 457,
      "det_score": 0.4248,
      "sam_score": 0.9639,
      "box": [
        134.0,
        62.8,
        161.8,
        85.6
      ],
      "repeats": [
        [
          147.22,
          73.93
        ],
        [
          147.29000000000002,
          74.01
        ],
        [
          147.28,
          73.97999999999999
        ],
        [
          147.43,
          73.9
        ],
        [
          148.39,
          73.93
        ]
      ],
      "idx": 515,
      "mislabel": false,
      "mislabel_reason": "ok",
      "e_unet": 1.18
    }
  ]
}