(33.712112, 27.892683, 0.0)
(33.697613, 26.774103, 0.0)
(33.721909, 26.698292, 0.0)
(33.724201, 26.934010, 0.0)
(33.732723, 26.979208, 0.0)
(33.733334, 27.055874, 0.0)
(33.110004, 27.035383, 0.0)
(33.029465, 27.010832, 0.0)
(33.102871, 27.085312, 0.0)
(33.086647, 27.086464, 0.0)
(33.125092, 27.058977, 0.0)
(33.163509, 27.018568, 0.0)
(33.198097, 26.980782, 0.0)
(33.194908, 26.940514, 0.0)
(33.261612, 26.953846, 0.0)
(33.277527, 26.958235, 0.0)
(33.267776, 26.913391, 0.0)
(33.266090, 26.883734, 0.0)
(33.301346, 26.882179, 0.0)
(33.288906, 26.876951, 0.0)
(33.302559, 26.851425, 0.0)
(33.315529, 26.841805, 0.0)
(33.332661, 26.826639, 0.0)
(33.581158, 26.656895, 0.0)
(33.617126, 26.672939, 0.0)
(33.653004, 26.697653, 0.0)
(33.617889, 26.724354, 0.0)
(33.457233, 27.327658, 0.0)
(33.343410, 27.505325, 0.0)
(33.298317, 26.677704, 0.0)
(33.324799, 26.688988, 0.0)
(33.338806, 26.689528, 0.0)
(33.374989, 26.707846, 0.0)
(33.400978, 26.789843, 0.0)
(33.422279, 26.767990, 0.0)
(33.394009, 26.730629, 0.0)
(33.401703, 26.769917, 0.0)
(33.419888, 26.781647, 0.0)
(33.403767, 26.760639, 0.0)
(33.432873, 26.745718, 0.0)
(33.455242, 26.760696, 0.0)
(33.434444, 26.721163, 0.0)
(33.451641, 26.711498, 0.0)
(33.458454, 26.717962, 0.0)
(33.430325, 26.692162, 0.0)
(33.444328, 26.701668, 0.0)
(33.472424, 26.685869, 0.0)
(33.466728, 26.676702, 0.0)
(33.473682, 26.628986, 0.0)
(33.420864, 26.745289, 0.0)
(33.405224, 26.702984, 0.0)
(33.183117, 27.636576, 0.0)
(33.164818, 26.636841, 0.0)
(33.144608, 26.498356, 0.0)
(33.166142, 26.615080, 0.0)
(33.161793, 26.695810, 0.0)
(33.185825, 26.668022, 0.0)
(33.171841, 26.701574, 0.0)
(33.221264, 26.744150, 0.0)
(33.228752, 26.779020, 0.0)
(33.211552, 26.862816, 0.0)
(33.251526, 26.835285, 0.0)
(33.267296, 26.872681, 0.0)
(33.257942, 26.920639, 0.0)
(33.254452, 26.930298, 0.0)
(33.270023, 26.948244, 0.0)
(33.281792, 26.942308, 0.0)
(33.317738, 26.948650, 0.0)
(33.336452, 26.966715, 0.0)
(33.326126, 27.031561, 0.0)
(33.324955, 27.070234, 0.0)
(33.337330, 27.112465, 0.0)
(33.364594, 27.133047, 0.0)
(33.496456, 27.101030, 0.0)
(33.499153, 27.143124, 0.0)
(33.486279, 27.191338, 0.0)
(33.413773, 27.231724, 0.0)
(33.252113, 28.716568, 0.0)
(33.184372, 27.450525, 0.0)
(33.264656, 26.832418, 0.0)
(33.217640, 26.867401, 0.0)
(33.250305, 26.908617, 0.0)
(33.282909, 26.873137, 0.0)
(33.292618, 26.852644, 0.0)
(33.298096, 26.893211, 0.0)
(33.331493, 26.863657, 0.0)
(33.363865, 26.887480, 0.0)
(33.368603, 26.877319, 0.0)
(33.383030, 26.880985, 0.0)
(33.399258, 26.858873, 0.0)
(33.396629, 26.822996, 0.0)
(33.389809, 26.836418, 0.0)
(33.438374, 26.799059, 0.0)
(33.416309, 26.797266, 0.0)
(33.413845, 26.766037, 0.0)
(33.429771, 26.744530, 0.0)
(33.413925, 26.743721, 0.0)
(33.418041, 26.744600, 0.0)
(33.421627, 26.742796, 0.0)
(33.426006, 26.711809, 0.0)
(33.414223, 26.717291, 0.0)
(33.416859, 26.691700, 0.0)
(33.416191, 26.692223, 0.0)
(33.412838, 26.725237, 0.0)
(33.413609, 26.703066, 0.0)
(33.420090, 26.706114, 0.0)
(33.364803, 26.732622, 0.0)
(33.351154, 26.659088, 0.0)
(33.353416, 26.674486, 0.0)
(33.366032, 26.654718, 0.0)
(33.357731, 26.630518, 0.0)
(33.348133, 26.576109, 0.0)
(33.342690, 26.563974, 0.0)
(33.340652, 28.182760, 0.0)
(33.225182, 27.301489, 0.0)
(33.271488, 26.793190, 0.0)
(33.301720, 26.590994, 0.0)
(33.321373, 26.574780, 0.0)
(33.297291, 26.665482, 0.0)
(32.963928, 26.611080, 0.0)
(32.943336, 26.579975, 0.0)
(32.965858, 26.623318, 0.0)
(32.998192, 26.583086, 0.0)
(33.026043, 26.603468, 0.0)
(33.338715, 26.652559, 0.0)
(33.426170, 26.614361, 0.0)
(33.435875, 26.640844, 0.0)
(33.449024, 26.682945, 0.0)
(33.433144, 26.666098, 0.0)
(33.411964, 26.649265, 0.0)
(33.444550, 26.632874, 0.0)
(33.432476, 26.658392, 0.0)
(33.409889, 26.730940, 0.0)
(33.440296, 26.805851, 0.0)
(33.438881, 26.835627, 0.0)
(33.444153, 26.934412, 0.0)
(33.446690, 26.940825, 0.0)
(33.421310, 26.902924, 0.0)
(33.420738, 26.923218, 0.0)
(33.441811, 26.910868, 0.0)
(33.488277, 26.886848, 0.0)
(33.491955, 26.926998, 0.0)
(33.479572, 26.926147, 0.0)
(33.488106, 26.951782, 0.0)
(33.484993, 26.954103, 0.0)
(33.484959, 26.959732, 0.0)
(33.480545, 26.971760, 0.0)
(33.479771, 27.003260, 0.0)
(33.463207, 27.001245, 0.0)
(33.492386, 27.007328, 0.0)
(33.503922, 26.992582, 0.0)
(33.528545, 27.010889, 0.0)
(33.555847, 27.016802, 0.0)
(33.533142, 27.015385, 0.0)
(33.540405, 26.977005, 0.0)
(33.524635, 26.965408, 0.0)
(33.507637, 26.972679, 0.0)
(33.525738, 26.966167, 0.0)
(32.924641, 27.497269, 0.0)
(30.230600, 29.855431, 0.0)
(29.244631, 30.611425, 0.0)
(29.145552, 30.672989, 0.0)
(29.158731, 30.610102, 0.0)
(29.157421, 30.623100, 0.0)
(29.341732, 30.680691, 0.0)
(35.219357, 30.841818, 0.0)
(40.120068, 31.608938, 0.0)
(41.968365, 32.455097, 0.0)
(42.068474, 32.539608, 0.0)
(42.062817, 32.556355, 0.0)
(42.079559, 32.546494, 0.0)
(42.098217, 32.560349, 0.0)
(42.116219, 32.563618, 0.0)
(42.118885, 32.536053, 0.0)
(42.109837, 28.358856, 0.0)
(41.590534, 25.041334, 0.0)
(41.504520, 24.993301, 0.0)
(41.520626, 25.020443, 0.0)
(41.521637, 25.035759, 0.0)
(41.535770, 25.062750, 0.0)
(41.537609, 25.059355, 0.0)
(41.503918, 25.102421, 0.0)
(36.817005, 26.385193, 0.0)
(31.021139, 29.047155, 0.0)
(27.322021, 30.288961, 0.0)
(27.110790, 30.387691, 0.0)
(27.087446, 30.351046, 0.0)
(27.038031, 30.370649, 0.0)
(27.007267, 30.357573, 0.0)
(27.008810, 30.342682, 0.0)
(27.015245, 30.275085, 0.0)
(27.018488, 30.246859, 0.0)
(27.010714, 30.209368, 0.0)
(26.995386, 30.224983, 0.0)
(27.677908, 28.941778, 0.0)
(31.296886, 23.305431, 0.0)
(32.399761, 23.156851, 0.0)
(32.486065, 23.188145, 0.0)
(33.742805, 23.016708, 0.0)
(39.266968, 22.722887, 0.0)
(40.639275, 22.962088, 0.0)
(40.662178, 22.934603, 0.0)
(40.652809, 22.840401, 0.0)
(41.576797, 22.460709, 0.0)
(41.862560, 22.484222, 0.0)
(41.829113, 22.480536, 0.0)
(41.768806, 22.430603, 0.0)
(41.743671, 22.442410, 0.0)
(41.700092, 22.470514, 0.0)
(41.690411, 22.479752, 0.0)
(41.672543, 22.491611, 0.0)
(41.686169, 22.520504, 0.0)
(41.690037, 22.532511, 0.0)
(41.682636, 22.580627, 0.0)
(41.662537, 22.633129, 0.0)
(41.666107, 22.653431, 0.0)
(41.666168, 22.656727, 0.0)
(41.658958, 22.692308, 0.0)
(41.673893, 22.713095, 0.0)
(41.503906, 22.755823, 0.0)
(37.481819, 25.032667, 0.0)
(33.433975, 26.800623, 0.0)
(33.243858, 26.893734, 0.0)
(33.189098, 26.921162, 0.0)
(33.159172, 26.946442, 0.0)
(33.129009, 26.979145, 0.0)
(33.138424, 27.004955, 0.0)
(33.139629, 26.988033, 0.0)
(33.187801, 27.001455, 0.0)
(33.192089, 27.001858, 0.0)
(33.188122, 26.990965, 0.0)
(33.224644, 26.947298, 0.0)
(33.218861, 26.959139, 0.0)
(30.298456, 30.143261, 0.0)
(26.304209, 33.272659, 0.0)
(25.435381, 34.008728, 0.0)
(25.264935, 34.133892, 0.0)
(25.203962, 34.110355, 0.0)
(24.472332, 34.511677, 0.0)
(24.402124, 34.514771, 0.0)
(24.319420, 34.501404, 0.0)
(24.269558, 34.384834, 0.0)
(24.240620, 32.960510, 0.0)
(24.246021, 32.089542, 0.0)
(24.260193, 31.676716, 0.0)
(24.275076, 31.656858, 0.0)
(24.310181, 31.701303, 0.0)
(24.302200, 31.673954, 0.0)
(24.301868, 31.666161, 0.0)
(24.325359, 31.666769, 0.0)
(24.165396, 33.412239, 0.0)
(24.448828, 34.085323, 0.0)
(24.460125, 34.054771, 0.0)
(24.419689, 34.005764, 0.0)
(24.375345, 34.015663, 0.0)
(24.360165, 34.055168, 0.0)
(24.342321, 34.051933, 0.0)
(24.320833, 34.011906, 0.0)
(24.305159, 33.935665, 0.0)
(24.292074, 33.894604, 0.0)
(24.298679, 33.912151, 0.0)
(24.321886, 33.874813, 0.0)
(24.318747, 33.864700, 0.0)
(24.357216, 33.810135, 0.0)
(24.379738, 33.735809, 0.0)
(24.009293, 29.349823, 0.0)
(24.081652, 25.044424, 0.0)
(24.056143, 23.622795, 0.0)
(23.988455, 23.428902, 0.0)
(23.939737, 23.384958, 0.0)
(23.885311, 23.320972, 0.0)
(23.546387, 23.167336, 0.0)
(23.492123, 23.157478, 0.0)
(23.463137, 23.248564, 0.0)
(23.422449, 23.272352, 0.0)
(23.406487, 23.304598, 0.0)
(23.401957, 23.331940, 0.0)
(23.388622, 23.350931, 0.0)
(23.371544, 23.357407, 0.0)
(23.166380, 24.794456, 0.0)
(23.462503, 23.211407, 0.0)
(23.530201, 23.313414, 0.0)
(23.556408, 23.443321, 0.0)
(23.565060, 23.473553, 0.0)
(23.445459, 23.551273, 0.0)
(23.369028, 23.644333, 0.0)
(23.379745, 23.659040, 0.0)
(23.387831, 23.646421, 0.0)
(23.391270, 23.665407, 0.0)
(23.379629, 23.729681, 0.0)
(23.381319, 23.727713, 0.0)
(23.399378, 23.703167, 0.0)
(23.403410, 23.714705, 0.0)
(23.396931, 23.680567, 0.0)
(23.404585, 23.709991, 0.0)
(23.412388, 23.702307, 0.0)
(23.400961, 23.696392, 0.0)
(23.423117, 23.639957, 0.0)
(23.429047, 23.608316, 0.0)
(23.434111, 23.610834, 0.0)
(28.840343, 25.518089, 0.0)
(33.543034, 26.815735, 0.0)
(33.684818, 26.955318, 0.0)
(33.672363, 26.888529, 0.0)
(33.676525, 26.854292, 0.0)
(33.662136, 26.830336, 0.0)
(33.559067, 26.708628, 0.0)
(33.528023, 27.165663, 0.0)
(33.549393, 26.383610, 0.0)
(33.631538, 26.263512, 0.0)
(33.646061, 26.284740, 0.0)
(33.442894, 26.485672, 0.0)
(33.446030, 26.456615, 0.0)
(33.435070, 26.440992, 0.0)
(33.456432, 26.501030, 0.0)
(33.456894, 26.477886, 0.0)
(33.451035, 26.517044, 0.0)
(33.450901, 26.501072, 0.0)
(33.466515, 26.483677, 0.0)
(33.460285, 26.474129, 0.0)
(33.459217, 26.455730, 0.0)
(33.468739, 26.477346, 0.0)
(33.451267, 26.491285, 0.0)
(33.465240, 26.500210, 0.0)
(33.467232, 26.500834, 0.0)
(33.464287, 26.462090, 0.0)
(33.497238, 26.475378, 0.0)
(33.491879, 26.510256, 0.0)
(33.475410, 26.519361, 0.0)
(33.497410, 26.540152, 0.0)
(33.490044, 26.538681, 0.0)
(33.499401, 26.532703, 0.0)
(33.518303, 26.553505, 0.0)
(31.982340, 26.964979, 0.0)
(26.674843, 28.586964, 0.0)
(24.388647, 29.465860, 0.0)
(24.296988, 29.547852, 0.0)
(24.307158, 29.536461, 0.0)
(23.560694, 29.694983, 0.0)
(23.470560, 29.736490, 0.0)
(23.483044, 29.759319, 0.0)
(23.509777, 29.744806, 0.0)
(23.488792, 29.766720, 0.0)
(23.469887, 29.787365, 0.0)
(23.468637, 29.807791, 0.0)
(23.457008, 29.821922, 0.0)
(23.443537, 29.871250, 0.0)
(23.423481, 29.916447, 0.0)
(23.401501, 29.987329, 0.0)
(23.386923, 30.024757, 0.0)
(23.383097, 30.020790, 0.0)
(23.388096, 30.010145, 0.0)
(23.371483, 30.010668, 0.0)
(23.366209, 29.998648, 0.0)
(23.392359, 29.992088, 0.0)
(23.379095, 30.036860, 0.0)
(23.322769, 30.093166, 0.0)
(23.371780, 30.068663, 0.0)
(27.405684, 28.029469, 0.0)
(30.599085, 27.098692, 0.0)
(30.760086, 27.120132, 0.0)
(30.713135, 27.182497, 0.0)
(30.725519, 27.245344, 0.0)
(30.729160, 27.296364, 0.0)
(30.769665, 27.280922, 0.0)
(30.757149, 27.261463, 0.0)
(30.747692, 27.258543, 0.0)
(30.783669, 27.279490, 0.0)
(30.789646, 27.283100, 0.0)
(30.787121, 27.292742, 0.0)
(30.790989, 27.235500, 0.0)
(30.778120, 27.240612, 0.0)
(27.554251, 31.590666, 0.0)
(25.864939, 33.653297, 0.0)
(25.657352, 33.773766, 0.0)
(25.641403, 33.723652, 0.0)
(25.588154, 33.741882, 0.0)
(25.751104, 34.384872, 0.0)
(25.737001, 34.435028, 0.0)
(25.723698, 34.411324, 0.0)
(25.713444, 34.379395, 0.0)
(25.696169, 34.362419, 0.0)
(25.672998, 34.299999, 0.0)
(25.686348, 34.262650, 0.0)
(25.712824, 34.194962, 0.0)
(25.710577, 34.140808, 0.0)
(26.118893, 33.536949, 0.0)
(32.852955, 26.968122, 0.0)
(32.880814, 26.035933, 0.0)
(32.947529, 25.808834, 0.0)
(32.969265, 25.899712, 0.0)
(33.016747, 25.921793, 0.0)
(33.108685, 25.978737, 0.0)
(33.129066, 26.005610, 0.0)
(33.170559, 25.998428, 0.0)
(33.192863, 25.981321, 0.0)
(33.214931, 25.973309, 0.0)
(33.241528, 25.965931, 0.0)
(33.297276, 25.980396, 0.0)
(33.272045, 25.957615, 0.0)
(33.277966, 25.916826, 0.0)
(33.259109, 25.931913, 0.0)
(33.266865, 25.937841, 0.0)
(28.985455, 26.092587, 0.0)
(27.090466, 26.165560, 0.0)
(26.963564, 26.142696, 0.0)
(26.972780, 26.127556, 0.0)
(26.943472, 26.117155, 0.0)
(26.625660, 26.209789, 0.0)
(26.580368, 26.225237, 0.0)
(26.587336, 26.236069, 0.0)
(26.580368, 26.225237, 0.0)
(26.569714, 26.216574, 0.0)
(26.570662, 26.191868, 0.0)
(26.542881, 26.219152, 0.0)
(26.380447, 27.117085, 0.0)
(26.406401, 27.315269, 0.0)
(26.483149, 26.334385, 0.0)
(26.511110, 26.318567, 0.0)
(26.565531, 26.369747, 0.0)
(26.616289, 26.411936, 0.0)
(26.627958, 26.397793, 0.0)
(26.635635, 26.444033, 0.0)
(26.648050, 26.431435, 0.0)
(26.677656, 26.435783, 0.0)
(26.694117, 26.427429, 0.0)
(26.678696, 26.475931, 0.0)
(26.694616, 26.478359, 0.0)
(26.712891, 26.473745, 0.0)
(26.712172, 26.507177, 0.0)
(26.743584, 26.534769, 0.0)
(26.761126, 26.564129, 0.0)
(26.769201, 26.571777, 0.0)
(26.780052, 26.597452, 0.0)
(26.801111, 26.605076, 0.0)
(26.810083, 26.612530, 0.0)
(26.827824, 26.557230, 0.0)
(26.896025, 26.538651, 0.0)
(31.333136, 24.236212, 0.0)
(35.235081, 22.909998, 0.0)
(35.329014, 22.972082, 0.0)
(35.362865, 22.932533, 0.0)
(37.425735, 22.202602, 0.0)
(37.516987, 22.138050, 0.0)
(37.467335, 22.081602, 0.0)
(37.461697, 22.083376, 0.0)
(37.443001, 22.106432, 0.0)
(37.248184, 22.016289, 0.0)
(37.314301, 21.822073, 0.0)
(37.341663, 21.814384, 0.0)
(37.385281, 21.880943, 0.0)
(37.385494, 21.911366, 0.0)
(37.395935, 21.957514, 0.0)
(37.409615, 21.953625, 0.0)
(37.446030, 21.956358, 0.0)
(37.474232, 21.925318, 0.0)
(37.502724, 21.921715, 0.0)
(37.503952, 21.930016, 0.0)
(37.507683, 21.934977, 0.0)
(37.508347, 21.956102, 0.0)
(37.509277, 21.976557, 0.0)
(37.501461, 21.994226, 0.0)
(37.502060, 21.978569, 0.0)
(37.502945, 21.938126, 0.0)
(37.509705, 21.955065, 0.0)
(37.512093, 21.942469, 0.0)
(37.533852, 21.942293, 0.0)
(37.505707, 21.915031, 0.0)
(37.521458, 21.953732, 0.0)
(37.508671, 21.985538, 0.0)
(37.513020, 22.004120, 0.0)
(37.221561, 22.051384, 0.0)
(31.701172, 22.345413, 0.0)
(28.173273, 22.822737, 0.0)
(27.996826, 22.790918, 0.0)
(28.024799, 22.752811, 0.0)
(26.915407, 22.134176, 0.0)
(26.755831, 22.066545, 0.0)
(26.763300, 22.040194, 0.0)
(26.761530, 21.993401, 0.0)
(26.738876, 22.000717, 0.0)
(26.478958, 21.918779, 0.0)
(26.447535, 21.865875, 0.0)
(26.453482, 21.849792, 0.0)
(26.443707, 21.842581, 0.0)
(26.428068, 21.786961, 0.0)
(26.434431, 21.811573, 0.0)
(26.420115, 21.871012, 0.0)
(26.416548, 21.932308, 0.0)
(26.403967, 21.988188, 0.0)
(26.396935, 21.995893, 0.0)
(26.427320, 22.034157, 0.0)
(26.416683, 22.065655, 0.0)
(26.419117, 22.079428, 0.0)
(26.407721, 22.097527, 0.0)
(26.432087, 22.142828, 0.0)
(26.391533, 22.214523, 0.0)
(26.369314, 22.252413, 0.0)
(26.367058, 22.291094, 0.0)
(26.278706, 22.342142, 0.0)
(26.232597, 22.325718, 0.0)
(26.257713, 22.268566, 0.0)
(26.310709, 22.224648, 0.0)
(26.372719, 22.152849, 0.0)
(26.374308, 22.168224, 0.0)
(26.354111, 22.246525, 0.0)
(26.378769, 22.330198, 0.0)
(26.360592, 22.393871, 0.0)
(26.361746, 22.438726, 0.0)
(26.357113, 22.449955, 0.0)
(30.617504, 23.926477, 0.0)
(36.522705, 26.053656, 0.0)
(40.019554, 28.821459, 0.0)
(40.726334, 29.367224, 0.0)
(40.760349, 29.433695, 0.0)
(40.890205, 29.733582, 0.0)
(41.577393, 31.247732, 0.0)
(41.648197, 31.289343, 0.0)
(41.696705, 31.230551, 0.0)
(41.733135, 31.226284, 0.0)
(41.732899, 31.198397, 0.0)
(41.721878, 31.183983, 0.0)
(41.883186, 31.207108, 0.0)
(41.958607, 31.235552, 0.0)
(41.957565, 31.248699, 0.0)
(41.949379, 31.210674, 0.0)
(41.883026, 31.198393, 0.0)
(41.694138, 31.232195, 0.0)
(41.723331, 31.019972, 0.0)
(41.741714, 31.060526, 0.0)
(41.738201, 30.972141, 0.0)
(41.777653, 30.993425, 0.0)
(41.811455, 31.052067, 0.0)
(41.836021, 31.038893, 0.0)
(41.845303, 31.042213, 0.0)
(41.850651, 31.004362, 0.0)
(41.846527, 30.988600, 0.0)
(41.853489, 31.010183, 0.0)
(41.861088, 31.051931, 0.0)
(41.848049, 31.132566, 0.0)
(41.825180, 31.109194, 0.0)
(41.305828, 30.548239, 0.0)
(39.426952, 27.858488, 0.0)
(39.373814, 27.856060, 0.0)
(39.424599, 27.891205, 0.0)
(39.436661, 27.913641, 0.0)
(40.301483, 28.117466, 0.0)
(40.366806, 28.179749, 0.0)
(40.341015, 28.206438, 0.0)
(40.349483, 28.180588, 0.0)
(40.350662, 28.031038, 0.0)
(40.319012, 27.877014, 0.0)
(40.338161, 27.790955, 0.0)
(40.406685, 27.815384, 0.0)
(40.422558, 27.831970, 0.0)
(40.387150, 27.868914, 0.0)
(40.368515, 28.039125, 0.0)
(40.374508, 28.077494, 0.0)
(40.336750, 28.066824, 0.0)
(40.311295, 28.082928, 0.0)
(40.326221, 28.093241, 0.0)
(40.321785, 28.151711, 0.0)
(40.285671, 28.167446, 0.0)
(40.283722, 28.246330, 0.0)
(40.280270, 28.359421, 0.0)
(40.257637, 28.444483, 0.0)
(40.224472, 28.494255, 0.0)
(38.202229, 27.452444, 0.0)
(37.754601, 27.217255, 0.0)
(37.726212, 27.168163, 0.0)
(37.728882, 27.147394, 0.0)
(37.738602, 27.096548, 0.0)
(37.754601, 27.055708, 0.0)
(37.747768, 27.053688, 0.0)
(37.764553, 27.084690, 0.0)
(37.780979, 27.082655, 0.0)
(37.776928, 27.075237, 0.0)
(37.767342, 27.068819, 0.0)
(37.774448, 27.058014, 0.0)
(37.783905, 27.063736, 0.0)
(34.845642, 26.191664, 0.0)
(31.201450, 25.029009, 0.0)
(31.122387, 25.057022, 0.0)
(31.146835, 25.079866, 0.0)
(30.933779, 24.226030, 0.0)
(30.908878, 24.048401, 0.0)
(30.836758, 24.034922, 0.0)
(30.837757, 24.030382, 0.0)
(30.852098, 23.946985, 0.0)
(30.844524, 23.828514, 0.0)
(30.866636, 23.746885, 0.0)
(30.900715, 23.699322, 0.0)
(30.927025, 23.714838, 0.0)
(30.919682, 23.718567, 0.0)
(30.915419, 23.745125, 0.0)
(30.930239, 23.754963, 0.0)
(30.932041, 23.735590, 0.0)
(30.938837, 23.693958, 0.0)
(30.962313, 23.638153, 0.0)
(31.025238, 23.647829, 0.0)
(31.053579, 23.668047, 0.0)
(31.030451, 23.748840, 0.0)
(31.039015, 23.833450, 0.0)
(31.042299, 23.838390, 0.0)
(31.042191, 23.787233, 0.0)
(31.051836, 23.771063, 0.0)
(31.037720, 23.739820, 0.0)
(31.031382, 23.744665, 0.0)
(31.011391, 23.718784, 0.0)
(31.008835, 23.812773, 0.0)
(31.050049, 23.754854, 0.0)
(31.055845, 23.690216, 0.0)
(31.070374, 23.661936, 0.0)
(31.058765, 23.701971, 0.0)
(31.009274, 23.779228, 0.0)
(30.982771, 23.802988, 0.0)
(30.978735, 23.852755, 0.0)
(30.984680, 23.906796, 0.0)
(29.676712, 25.480173, 0.0)
(27.505669, 28.180391, 0.0)
(27.391762, 28.307138, 0.0)
(27.366934, 28.192095, 0.0)
(27.074820, 28.686350, 0.0)
(26.978281, 28.816586, 0.0)
(26.903940, 28.908831, 0.0)
(26.865273, 28.951216, 0.0)
(26.864996, 28.948513, 0.0)
(26.865574, 28.963821, 0.0)
(26.927334, 28.935484, 0.0)
(26.903337, 28.860361, 0.0)
(26.907761, 28.830957, 0.0)
(26.911118, 28.746315, 0.0)
(26.898535, 28.659121, 0.0)
(26.860678, 28.505417, 0.0)
(26.735437, 28.934227, 0.0)
(30.618250, 27.515932, 0.0)
(30.735121, 26.143892, 0.0)
(30.867245, 25.573889, 0.0)
(30.895046, 25.691681, 0.0)
(30.832647, 25.832609, 0.0)
(30.826809, 25.924515, 0.0)
(30.806540, 25.839926, 0.0)
(30.817627, 25.854689, 0.0)
(30.887018, 25.883417, 0.0)
(30.918600, 25.826981, 0.0)
(30.952801, 25.826286, 0.0)
(31.021982, 25.837675, 0.0)
(31.019489, 25.857046, 0.0)
(30.949423, 25.919350, 0.0)
(30.934896, 25.975010, 0.0)
(30.952204, 26.044626, 0.0)
(30.969479, 26.039845, 0.0)
(31.020096, 26.026812, 0.0)
(35.396721, 25.155375, 0.0)
(35.787655, 25.159447, 0.0)
(35.794418, 25.118519, 0.0)
(35.736893, 25.102610, 0.0)
(35.573963, 25.991705, 0.0)
(35.789871, 26.545578, 0.0)
(35.563393, 25.097296, 0.0)
(35.661503, 24.963345, 0.0)
(35.739876, 24.886585, 0.0)
(35.805332, 24.863789, 0.0)
(35.789234, 24.672821, 0.0)
(35.777657, 24.703623, 0.0)
(35.774197, 24.808117, 0.0)
(35.771255, 24.830542, 0.0)
(35.777397, 24.839996, 0.0)
(35.821102, 24.830023, 0.0)
(35.882034, 24.746742, 0.0)
(35.885284, 24.728378, 0.0)
(35.880722, 24.765337, 0.0)
(35.870495, 24.804783, 0.0)
(35.889797, 24.816427, 0.0)
(35.861645, 24.841248, 0.0)
(35.874355, 24.819120, 0.0)
(35.874172, 24.747301, 0.0)
(35.896946, 24.637545, 0.0)
(35.907005, 24.622824, 0.0)
(35.896942, 24.611712, 0.0)
(35.875401, 24.640291, 0.0)
(35.882477, 24.641850, 0.0)
(35.856853, 24.591564, 0.0)
(35.858097, 24.583107, 0.0)
(35.866428, 24.617155, 0.0)
(33.008049, 22.817814, 0.0)
(31.371889, 21.467646, 0.0)
(31.273844, 21.405167, 0.0)
(31.199173, 21.261419, 0.0)
(30.710167, 20.285789, 0.0)
(30.630142, 20.205307, 0.0)
(30.625347, 20.205580, 0.0)
(30.626945, 20.226490, 0.0)
(30.608995, 20.241476, 0.0)
(30.606277, 20.236034, 0.0)
(30.599739, 20.236610, 0.0)
(30.595510, 20.238283, 0.0)
(30.554749, 20.280693, 0.0)
(30.693285, 21.648216, 0.0)
(31.346346, 22.122334, 0.0)
(31.369728, 21.925373, 0.0)
(31.407011, 22.009586, 0.0)
(30.788195, 21.325384, 0.0)
(30.604425, 21.130751, 0.0)
(30.599566, 21.116304, 0.0)
(30.603893, 21.140223, 0.0)
(30.425760, 21.094967, 0.0)
(30.382200, 21.110758, 0.0)
(30.379364, 21.105867, 0.0)
(30.399130, 21.093374, 0.0)
(30.429842, 21.062275, 0.0)
(30.443901, 21.049892, 0.0)
(30.450985, 21.045218, 0.0)
(30.450985, 21.045218, 0.0)
(30.456860, 21.041641, 0.0)
(30.463173, 21.044754, 0.0)
(30.490965, 21.097118, 0.0)
(30.495928, 21.123114, 0.0)
(30.489031, 21.127117, 0.0)
(30.033997, 21.403706, 0.0)
(26.287283, 25.817692, 0.0)
(24.313848, 28.036388, 0.0)
(24.086039, 28.183939, 0.0)
(24.028864, 28.229540, 0.0)
(23.818237, 28.164782, 0.0)
(23.674059, 28.162928, 0.0)
(23.647728, 28.144161, 0.0)
(23.562155, 28.151520, 0.0)
(23.486004, 28.001289, 0.0)
(23.431812, 29.513613, 0.0)
(23.440762, 28.349308, 0.0)
(23.501907, 27.631714, 0.0)
(23.550491, 27.602329, 0.0)
(23.444908, 27.737452, 0.0)
(23.415522, 27.938307, 0.0)
(23.439474, 27.961164, 0.0)
(23.405140, 28.085518, 0.0)
(23.380772, 28.096340, 0.0)
(23.391102, 28.120293, 0.0)
(23.374571, 28.185843, 0.0)
(23.381453, 28.202860, 0.0)
(23.393879, 28.193151, 0.0)
(23.369904, 28.174568, 0.0)
(23.381836, 28.171600, 0.0)
(23.390854, 28.164661, 0.0)
(23.404673, 28.133541, 0.0)
(23.409468, 28.136545, 0.0)
(23.440063, 28.042486, 0.0)
(23.458389, 27.987354, 0.0)
(23.456429, 27.959051, 0.0)
(23.481558, 27.924065, 0.0)
(23.489231, 27.906956, 0.0)
(23.504375, 27.912420, 0.0)
(27.783617, 30.114374, 0.0)
(31.858908, 32.052223, 0.0)
(31.940773, 32.142113, 0.0)
(31.833776, 32.171310, 0.0)
(31.774727, 32.187836, 0.0)
(31.691311, 32.163948, 0.0)
(31.702446, 32.187096, 0.0)
(31.636269, 32.146969, 0.0)
(31.547825, 32.049942, 0.0)
(31.206047, 33.333965, 0.0)
(31.256367, 32.369564, 0.0)
(31.219610, 32.159534, 0.0)
(31.267168, 32.239189, 0.0)
(31.540915, 32.074738, 0.0)
(31.557716, 32.083012, 0.0)
(31.561855, 32.121391, 0.0)
(31.555378, 32.102631, 0.0)
(31.573267, 32.125607, 0.0)
(31.579720, 32.091160, 0.0)
(33.215054, 28.110222, 0.0)
(33.524143, 27.392069, 0.0)
(33.549297, 27.478760, 0.0)
(33.562572, 27.499620, 0.0)
(33.599987, 27.482159, 0.0)
(33.619022, 27.504354, 0.0)
(33.642292, 27.426394, 0.0)
(33.666168, 27.388887, 0.0)
(33.645061, 27.429461, 0.0)
(33.668835, 27.364744, 0.0)
(33.660091, 27.409361, 0.0)
(33.660084, 27.424147, 0.0)
(33.675270, 27.405235, 0.0)
(33.642715, 27.395567, 0.0)
(33.638348, 27.383909, 0.0)
(33.651409, 27.391228, 0.0)
(33.568829, 27.351643, 0.0)
(33.464401, 28.144094, 0.0)
(33.445530, 27.324261, 0.0)
(33.467640, 27.256783, 0.0)
(33.509624, 27.360504, 0.0)
(33.525360, 27.435465, 0.0)
(33.535603, 27.495214, 0.0)
(33.547409, 27.569510, 0.0)
(33.543690, 27.630558, 0.0)
(33.549877, 27.659302, 0.0)
(33.561081, 27.583639, 0.0)
(33.605618, 27.659008, 0.0)
(33.604683, 27.656879, 0.0)
(33.608273, 27.663338, 0.0)
(33.577923, 27.692492, 0.0)
(33.580433, 27.706192, 0.0)
(33.591785, 27.734735, 0.0)
(33.589123, 27.741074, 0.0)
(33.587425, 27.775394, 0.0)
(33.589931, 27.797108, 0.0)
(33.591042, 27.772356, 0.0)
(33.591213, 27.771854, 0.0)
(33.594944, 27.786718, 0.0)
(33.608345, 27.843151, 0.0)
(33.596992, 27.872248, 0.0)
(33.593147, 27.908434, 0.0)
(33.601219, 27.956522, 0.0)
(33.605694, 27.909229, 0.0)
(33.614964, 27.894424, 0.0)
(33.626606, 27.885445, 0.0)
(32.512520, 27.766153, 0.0)
(26.876133, 26.661213, 0.0)
(25.081072, 26.937283, 0.0)
(25.010914, 26.972620, 0.0)
(24.911400, 26.859583, 0.0)
(24.776146, 26.470463, 0.0)
(24.745501, 26.442493, 0.0)
(24.728838, 26.419971, 0.0)
(24.712992, 26.397263, 0.0)
(24.731958, 26.321669, 0.0)
(24.724779, 26.307537, 0.0)
(24.691175, 26.336821, 0.0)
(24.568514, 26.640724, 0.0)
(24.373085, 27.636147, 0.0)
(24.572699, 26.353109, 0.0)
(24.615767, 26.199587, 0.0)
(24.633905, 26.257921, 0.0)
(24.645393, 26.295773, 0.0)
(24.594248, 26.199553, 0.0)
(24.602407, 26.233206, 0.0)
(24.602394, 26.237957, 0.0)
(24.612566, 26.212477, 0.0)
(24.613586, 26.213068, 0.0)
(24.631559, 26.175606, 0.0)
(24.637051, 26.171453, 0.0)
(24.637987, 26.179165, 0.0)
(24.644159, 26.174114, 0.0)
(24.626738, 26.192940, 0.0)
(24.631655, 26.156946, 0.0)
(24.631655, 26.156946, 0.0)
(24.636082, 26.151058, 0.0)
(24.628529, 26.127998, 0.0)
(24.628469, 26.111740, 0.0)
(24.646542, 26.140064, 0.0)
(24.681612, 26.156687, 0.0)
(26.180883, 25.352543, 0.0)
(32.051949, 22.838366, 0.0)
(35.931019, 22.129641, 0.0)
(36.114697, 22.147953, 0.0)
(36.143711, 22.054905, 0.0)
(37.383991, 20.256359, 0.0)
(37.444649, 20.176531, 0.0)
(37.424339, 20.142044, 0.0)
(37.420570, 20.097763, 0.0)
(37.412106, 20.028507, 0.0)
(37.397068, 20.020052, 0.0)
(37.067787, 19.951981, 0.0)
(37.048805, 19.947716, 0.0)
(37.061798, 19.944025, 0.0)
(37.053326, 19.942163, 0.0)
(37.065731, 19.933428, 0.0)
(37.065731, 19.933428, 0.0)
(37.038998, 19.976967, 0.0)
(36.754768, 19.885931, 0.0)
(37.093819, 20.750942, 0.0)
(36.965839, 20.624048, 0.0)
(36.965420, 20.747192, 0.0)
(36.983433, 20.805277, 0.0)
(36.984467, 20.877028, 0.0)
(37.009686, 20.921019, 0.0)
(36.999706, 20.931593, 0.0)
(37.018135, 21.019766, 0.0)
(37.023956, 21.058817, 0.0)
(37.010517, 21.096563, 0.0)
(36.998993, 21.138227, 0.0)
(36.989250, 21.228748, 0.0)
(36.979149, 21.264774, 0.0)
(36.964077, 21.267693, 0.0)
(36.973206, 21.299482, 0.0)
(36.924194, 21.314770, 0.0)
(34.028584, 23.297455, 0.0)
(29.320160, 26.797552, 0.0)
(28.995621, 26.988905, 0.0)
(28.918755, 26.977587, 0.0)
(28.884651, 26.959059, 0.0)
(28.848293, 26.954718, 0.0)
(28.797716, 26.908566, 0.0)
(28.748985, 26.880196, 0.0)
(28.385647, 26.557220, 0.0)
(28.428062, 26.468872, 0.0)
(28.465624, 26.569576, 0.0)
(28.484659, 26.633610, 0.0)
(28.484987, 26.611135, 0.0)
(28.501680, 26.622540, 0.0)
(28.514811, 26.647892, 0.0)
(28.535881, 26.670351, 0.0)
(28.527599, 26.660952, 0.0)
(28.558834, 26.642731, 0.0)
(28.528692, 26.571896, 0.0)
(28.530279, 26.552752, 0.0)
(28.555517, 26.535385, 0.0)
(28.534874, 26.542679, 0.0)
(28.553711, 26.577465, 0.0)
(28.566545, 26.520020, 0.0)
(28.575693, 26.518013, 0.0)
(28.587194, 26.515017, 0.0)
(28.574299, 26.532522, 0.0)
(28.574575, 26.513371, 0.0)
(28.576822, 26.506735, 0.0)
(28.582279, 26.502699, 0.0)
(28.589445, 26.495905, 0.0)
(28.590189, 26.524260, 0.0)
(28.596825, 26.506472, 0.0)
(29.218807, 26.128733, 0.0)
(34.867207, 22.769026, 0.0)
(36.928623, 22.704901, 0.0)
(36.969948, 22.693176, 0.0)
(37.207123, 22.604853, 0.0)
(37.631817, 22.388588, 0.0)
(37.643757, 22.372786, 0.0)
(37.659122, 22.364952, 0.0)
(37.682247, 22.369284, 0.0)
(37.698322, 22.365990, 0.0)
(37.697109, 22.355906, 0.0)
(37.695267, 22.220860, 0.0)
(37.686111, 22.181787, 0.0)
(37.685658, 22.205692, 0.0)
(37.676640, 22.203619, 0.0)
(37.539249, 22.232765, 0.0)
(37.540882, 22.625931, 0.0)
(37.367279, 22.177816, 0.0)
(37.424492, 22.242514, 0.0)
(37.479771, 22.287472, 0.0)
(37.437706, 22.255104, 0.0)
(37.488598, 22.275093, 0.0)
(37.456799, 22.350609, 0.0)
(37.450878, 22.375187, 0.0)
(37.457077, 22.463156, 0.0)
(37.451225, 22.483952, 0.0)
(37.453785, 22.494118, 0.0)
(37.474033, 22.523661, 0.0)
(37.462212, 22.574108, 0.0)
(37.511124, 22.606112, 0.0)
(37.488121, 22.617371, 0.0)
(37.446514, 22.633310, 0.0)
(37.454533, 22.649614, 0.0)
(37.441563, 22.643972, 0.0)
(37.452908, 22.649181, 0.0)
(38.508934, 24.542019, 0.0)
(40.081600, 29.392689, 0.0)
(40.104172, 29.979879, 0.0)
(40.066433, 30.013481, 0.0)
(40.106407, 30.189449, 0.0)
(40.249184, 30.753407, 0.0)
(40.266129, 30.801863, 0.0)
(40.278412, 30.771410, 0.0)
(40.286880, 30.771160, 0.0)
(40.247429, 30.682518, 0.0)
(40.079407, 30.919277, 0.0)
(40.057724, 30.341007, 0.0)
(40.137188, 30.452631, 0.0)
(40.168484, 30.503483, 0.0)
(40.189632, 30.494720, 0.0)
(40.203194, 30.496027, 0.0)
(40.223473, 30.521204, 0.0)
(40.250534, 30.552616, 0.0)
(40.263897, 30.572308, 0.0)
(40.289936, 30.509636, 0.0)
(40.283154, 30.465181, 0.0)
(40.263683, 30.448126, 0.0)
(40.278004, 30.446440, 0.0)
(40.295731, 30.443140, 0.0)
(40.320461, 30.366159, 0.0)
(40.327621, 30.360859, 0.0)
(40.344913, 30.343534, 0.0)
(40.357269, 30.327852, 0.0)
(40.367661, 30.325073, 0.0)
(40.356560, 30.344547, 0.0)
(40.353622, 30.356562, 0.0)
(40.356560, 30.344547, 0.0)
(40.360020, 30.323021, 0.0)
(40.031437, 27.372679, 0.0)
(39.828617, 23.901199, 0.0)
(39.827255, 23.873987, 0.0)
(39.706146, 23.448851, 0.0)
(39.204304, 21.671618, 0.0)
(39.186012, 21.601288, 0.0)
(39.162701, 21.575283, 0.0)
(39.141708, 21.522539, 0.0)
(39.202698, 21.491795, 0.0)
(39.351021, 21.424852, 0.0)
(39.350609, 21.424934, 0.0)
(39.331402, 21.414335, 0.0)
(39.328793, 21.425859, 0.0)
(39.321644, 21.421122, 0.0)
(39.313869, 21.429060, 0.0)
(38.961784, 21.605183, 0.0)
(38.996262, 21.353991, 0.0)
(39.045681, 21.265459, 0.0)
(39.092808, 21.285969, 0.0)
(39.109375, 21.277336, 0.0)
(39.147179, 21.284462, 0.0)
(39.144051, 21.271875, 0.0)
(39.132484, 21.347868, 0.0)
(39.105629, 21.352022, 0.0)
(39.117500, 21.391085, 0.0)
(39.123699, 21.428572, 0.0)
(39.063808, 21.470085, 0.0)
(36.459778, 24.331488, 0.0)
(35.874752, 24.765503, 0.0)
(35.847034, 24.817348, 0.0)
(35.834980, 24.846418, 0.0)
(35.825672, 24.850172, 0.0)
(35.806641, 24.895304, 0.0)
(35.832886, 24.924782, 0.0)
(35.509125, 25.601181, 0.0)
(34.099030, 29.186218, 0.0)
(33.912880, 29.345459, 0.0)
(33.876297, 29.331827, 0.0)
(33.768040, 29.244593, 0.0)
(33.457535, 30.282841, 0.0)
(33.466255, 29.323404, 0.0)
(33.510899, 29.161463, 0.0)
(33.566204, 29.245970, 0.0)
(33.597786, 29.264103, 0.0)
(33.594898, 29.289135, 0.0)
(33.612782, 29.370363, 0.0)
(33.592770, 29.345383, 0.0)
(33.623558, 29.323889, 0.0)
(33.631725, 29.333979, 0.0)
(33.634121, 29.372450, 0.0)
(33.663673, 29.392830, 0.0)
(33.648426, 29.394964, 0.0)
(33.653107, 29.351959, 0.0)
(33.644962, 29.308563, 0.0)
(33.676300, 29.326628, 0.0)
(33.687672, 29.350533, 0.0)
(33.686165, 29.331659, 0.0)
(33.694660, 29.336954, 0.0)
(33.708405, 29.339924, 0.0)
(33.699459, 29.347275, 0.0)
(33.699944, 29.346302, 0.0)
(33.748688, 29.324497, 0.0)
(33.710846, 29.021172, 0.0)
(33.715237, 26.405661, 0.0)
(33.695522, 26.361818, 0.0)
(33.676743, 26.426994, 0.0)
(33.665768, 26.456917, 0.0)
(33.679478, 26.450718, 0.0)
(33.673573, 26.431818, 0.0)
(33.662975, 26.425320, 0.0)
(33.874771, 27.460922, 0.0)
(34.033360, 31.838444, 0.0)
(33.894249, 32.048988, 0.0)
(33.800056, 31.996725, 0.0)
(33.771816, 31.962332, 0.0)
(33.749680, 31.956966, 0.0)
(34.067818, 32.260666, 0.0)
(34.105350, 32.318390, 0.0)
(34.095333, 32.300407, 0.0)
(34.091064, 32.270374, 0.0)
(34.086838, 32.288212, 0.0)
(34.079865, 32.246666, 0.0)
(34.041920, 32.228409, 0.0)
(34.064072, 32.228260, 0.0)
(34.056034, 32.183128, 0.0)
(34.056896, 32.173954, 0.0)
(34.056171, 32.163834, 0.0)
(34.066994, 32.140858, 0.0)
(34.057961, 32.145325, 0.0)
(34.076553, 32.130974, 0.0)
(34.074806, 32.144642, 0.0)
(34.048218, 32.152496, 0.0)
(34.053635, 32.119736, 0.0)
(34.053635, 32.119736, 0.0)
(34.045349, 32.093327, 0.0)
(34.030853, 32.093544, 0.0)
(34.008385, 32.086170, 0.0)
(34.010281, 32.052769, 0.0)
(33.998455, 32.041687, 0.0)
(34.005508, 32.028412, 0.0)
(34.098053, 30.737892, 0.0)
(34.428879, 26.139668, 0.0)
(34.447914, 26.055338, 0.0)
(34.429581, 26.120554, 0.0)
(34.428333, 26.125107, 0.0)
(34.384312, 26.181673, 0.0)
(29.761436, 27.604519, 0.0)
(26.031206, 30.217972, 0.0)
(25.635672, 30.544069, 0.0)
(25.585018, 30.566093, 0.0)
(25.402275, 30.961170, 0.0)
(25.310553, 31.298359, 0.0)
(25.295958, 31.318106, 0.0)
(25.272367, 31.334719, 0.0)
(25.254343, 31.372612, 0.0)
(25.244877, 31.373920, 0.0)
(25.256763, 31.422485, 0.0)
(25.218271, 31.424915, 0.0)
(25.213737, 31.426968, 0.0)
(25.219610, 31.445347, 0.0)
(25.225334, 31.485796, 0.0)
(25.203358, 31.486832, 0.0)
(25.191711, 31.520502, 0.0)
(25.202765, 31.543396, 0.0)
(25.213888, 31.555016, 0.0)
(25.211891, 31.597172, 0.0)
(25.229561, 31.622013, 0.0)
(25.207478, 31.595091, 0.0)
(25.205606, 31.588552, 0.0)
(25.199549, 31.601679, 0.0)
(25.182528, 31.611435, 0.0)
(25.214470, 31.655695, 0.0)
(25.223019, 31.671488, 0.0)
(25.208561, 31.704252, 0.0)
(25.212984, 31.675402, 0.0)
(25.198772, 31.667574, 0.0)
(25.198349, 31.612600, 0.0)
(25.225433, 31.601742, 0.0)
(25.207571, 31.540358, 0.0)
(25.199438, 31.459501, 0.0)
(25.209377, 31.408262, 0.0)
(25.520477, 30.966381, 0.0)
(29.367655, 26.231157, 0.0)
(29.842508, 26.073572, 0.0)
(29.800203, 26.048075, 0.0)
(28.424694, 25.496878, 0.0)
(28.240910, 25.420605, 0.0)
(28.237001, 25.422239, 0.0)
(28.178501, 25.395849, 0.0)
(28.034575, 26.259293, 0.0)
(28.136475, 25.927107, 0.0)
(28.266947, 24.840582, 0.0)
(28.321131, 24.663931, 0.0)
(28.335993, 24.729647, 0.0)
(28.361486, 24.735970, 0.0)
(28.368483, 24.741053, 0.0)
(28.426758, 24.718361, 0.0)
(28.458006, 24.730415, 0.0)
(28.467571, 24.759214, 0.0)
(28.415781, 24.777290, 0.0)
(28.393064, 24.769014, 0.0)
(28.417109, 24.724621, 0.0)
(28.415453, 24.689323, 0.0)
(28.387129, 24.735500, 0.0)
(28.388599, 24.737953, 0.0)
(28.418739, 24.736719, 0.0)
(28.459085, 24.704863, 0.0)
(28.469261, 24.723766, 0.0)
(28.470873, 24.740673, 0.0)
(28.483364, 24.708466, 0.0)
(28.488285, 24.712973, 0.0)
(28.493402, 24.741526, 0.0)
(28.509895, 24.772093, 0.0)
(28.568953, 24.791403, 0.0)
(28.586647, 24.781481, 0.0)
(28.602755, 24.852873, 0.0)
(28.573254, 24.884819, 0.0)
(30.563654, 26.482925, 0.0)
(35.782539, 30.940849, 0.0)
(36.205906, 31.501736, 0.0)
(36.208092, 31.576519, 0.0)
(36.125874, 31.576399, 0.0)
(36.603771, 33.280937, 0.0)
(36.602886, 33.425014, 0.0)
(36.579960, 33.396297, 0.0)
(36.550911, 33.432247, 0.0)
(36.527649, 33.460697, 0.0)
(36.512272, 33.417858, 0.0)
(36.186188, 34.174286, 0.0)
(36.248684, 34.313595, 0.0)
(36.286880, 33.500294, 0.0)
(36.332241, 33.428345, 0.0)
(36.345203, 33.476063, 0.0)
(36.317596, 33.519573, 0.0)
(36.307621, 33.577179, 0.0)
(36.286270, 33.622318, 0.0)
(36.302326, 33.617325, 0.0)
(36.280399, 33.637142, 0.0)
(36.307240, 33.680313, 0.0)
(36.310211, 33.696770, 0.0)
(36.339851, 33.691235, 0.0)
(35.912357, 30.502272, 0.0)
(35.633293, 27.214092, 0.0)
(35.614754, 27.274742, 0.0)
(35.594074, 27.373611, 0.0)
(35.599766, 27.397472, 0.0)
(35.618618, 27.428988, 0.0)
(35.596992, 27.419685, 0.0)
(35.600502, 27.464121, 0.0)
(35.635620, 27.437424, 0.0)
(32.688614, 29.856373, 0.0)
(30.656673, 32.100460, 0.0)
(30.443773, 32.212658, 0.0)
(30.396208, 32.161903, 0.0)
(29.405607, 32.537964, 0.0)
(29.132713, 32.615383, 0.0)
(29.074596, 32.615383, 0.0)
(29.035242, 32.575668, 0.0)
(28.994442, 32.539349, 0.0)
(28.940964, 32.513016, 0.0)
(28.918884, 32.486530, 0.0)
(28.885061, 32.500637, 0.0)
(28.837515, 32.481354, 0.0)
(28.816401, 32.462082, 0.0)
(28.812908, 32.430031, 0.0)
(28.795780, 32.397610, 0.0)
(28.780497, 32.418064, 0.0)
(28.768433, 32.404419, 0.0)
(28.736231, 32.388680, 0.0)
(28.731070, 32.393402, 0.0)
(28.713943, 32.354065, 0.0)
(28.697737, 32.384617, 0.0)
(28.688251, 32.332882, 0.0)
(28.657360, 32.312706, 0.0)
(28.663906, 32.303684, 0.0)
(28.668169, 32.306831, 0.0)
(28.669117, 32.304348, 0.0)
(28.644293, 32.303101, 0.0)
(28.649967, 32.270500, 0.0)
(28.639282, 32.247341, 0.0)
(28.671831, 32.229588, 0.0)
(28.659702, 32.214195, 0.0)
(28.656067, 32.161964, 0.0)
(28.655037, 32.167034, 0.0)
(28.627613, 32.119114, 0.0)
(28.636045, 32.108517, 0.0)
(28.645014, 32.097965, 0.0)
(29.957499, 30.433815, 0.0)
(35.453987, 25.182194, 0.0)
(39.249317, 23.952833, 0.0)
(39.791618, 23.971539, 0.0)
(39.798702, 23.848595, 0.0)
(40.487980, 23.530222, 0.0)
(42.100544, 23.289778, 0.0)
(42.198318, 23.323214, 0.0)
(42.169678, 23.329975, 0.0)
(42.170486, 23.336830, 0.0)
(42.153233, 23.337622, 0.0)
(42.426575, 23.703726, 0.0)
(42.415695, 23.783894, 0.0)
(42.399967, 23.816971, 0.0)
(42.344284, 23.833717, 0.0)
(42.360058, 23.905390, 0.0)
(42.370251, 23.927570, 0.0)
(42.358383, 23.950336, 0.0)
(42.339611, 23.973200, 0.0)
(42.332069, 23.994335, 0.0)
(42.332775, 24.014240, 0.0)
(42.313553, 24.053392, 0.0)
(42.305210, 24.085207, 0.0)
(42.292217, 24.095348, 0.0)
(42.288109, 24.115324, 0.0)
(42.253052, 24.174358, 0.0)
(42.255253, 24.227594, 0.0)
(42.264423, 24.233404, 0.0)
(42.266632, 24.262825, 0.0)
(42.252014, 24.254070, 0.0)
(42.256901, 24.291649, 0.0)
(42.227032, 24.323257, 0.0)
(42.173763, 24.313694, 0.0)
(42.146683, 24.308863, 0.0)
(42.146683, 24.298100, 0.0)
(42.152706, 24.286568, 0.0)
(42.150036, 24.253366, 0.0)
(40.287884, 23.897350, 0.0)
(35.412464, 22.749615, 0.0)
(35.175983, 22.639477, 0.0)
(35.296940, 22.583672, 0.0)
(35.143085, 21.571281, 0.0)
(35.077438, 21.402544, 0.0)
(35.040722, 21.359102, 0.0)
(35.035793, 21.266937, 0.0)
(34.961494, 21.230211, 0.0)
(34.662636, 21.215582, 0.0)
(34.695522, 20.934576, 0.0)
(34.739140, 20.913481, 0.0)
(34.779457, 21.007706, 0.0)
(34.778172, 20.992208, 0.0)
(34.790371, 21.009153, 0.0)
(34.831482, 21.012829, 0.0)
(34.843552, 21.011589, 0.0)
(34.846840, 21.053101, 0.0)
(34.828209, 21.070417, 0.0)
(34.827869, 21.075123, 0.0)
(34.852997, 21.059156, 0.0)
(34.882442, 21.043386, 0.0)
(34.863571, 21.051170, 0.0)
(34.911049, 21.036196, 0.0)
(34.931683, 21.003046, 0.0)
(34.911285, 21.019827, 0.0)
(34.931858, 21.040520, 0.0)
(34.923462, 21.057938, 0.0)
(34.946327, 21.048351, 0.0)
(34.917919, 21.039560, 0.0)
(34.923462, 21.057938, 0.0)
(34.926495, 21.056284, 0.0)
(34.950802, 21.038059, 0.0)
(34.966534, 21.017004, 0.0)
(34.966900, 21.030867, 0.0)
(34.942879, 21.050741, 0.0)
(37.141426, 23.374359, 0.0)
(40.485737, 28.580004, 0.0)
(40.799782, 29.862438, 0.0)
(40.812904, 30.015966, 0.0)
(40.814014, 29.965519, 0.0)
(41.688435, 31.448400, 0.0)
(41.734699, 31.587254, 0.0)
(41.741123, 31.601671, 0.0)
(41.784115, 31.648714, 0.0)
(41.792881, 31.591799, 0.0)
(41.794754, 31.586176, 0.0)
(41.763855, 31.597078, 0.0)
(41.797211, 31.605322, 0.0)
(41.794117, 31.624315, 0.0)
(41.748981, 31.608370, 0.0)
(41.677395, 32.205345, 0.0)
(41.636337, 31.976742, 0.0)
(41.648617, 31.744698, 0.0)
(41.668972, 31.794233, 0.0)
(41.683270, 31.823879, 0.0)
(41.686279, 31.894161, 0.0)
(41.698662, 31.918608, 0.0)
(41.658459, 31.889839, 0.0)
(38.896564, 27.380659, 0.0)
(37.192497, 25.719004, 0.0)
(37.126869, 25.765274, 0.0)
(37.169727, 25.814486, 0.0)
(37.155151, 25.859327, 0.0)
(37.158543, 25.886990, 0.0)
(37.209427, 25.889940, 0.0)
(37.244709, 25.903738, 0.0)
(37.235432, 25.874428, 0.0)
(37.252792, 25.902000, 0.0)
(34.722893, 28.236456, 0.0)
(32.004448, 31.229158, 0.0)
(31.900002, 31.288809, 0.0)
(31.882267, 31.256508, 0.0)
(31.803730, 31.235315, 0.0)
(31.234940, 31.263248, 0.0)
(31.076900, 31.268887, 0.0)
(31.095697, 31.212439, 0.0)
(31.040754, 31.139606, 0.0)
(31.017782, 31.131830, 0.0)
(31.004942, 31.170029, 0.0)
(30.980640, 31.174643, 0.0)
(31.117794, 31.065870, 0.0)
(31.114515, 31.090408, 0.0)
(31.103830, 31.126245, 0.0)
(31.089006, 31.115782, 0.0)
(31.088535, 31.118679, 0.0)
(31.103724, 31.113607, 0.0)
(31.085274, 31.054945, 0.0)
(31.071228, 31.048109, 0.0)
(31.107862, 31.031889, 0.0)
(31.105276, 31.058266, 0.0)
(31.078016, 31.116903, 0.0)
(31.104223, 31.136848, 0.0)
(31.105841, 31.162865, 0.0)
(31.102016, 31.149817, 0.0)
(30.809284, 31.210440, 0.0)
(30.777590, 31.245821, 0.0)
(30.771372, 31.247074, 0.0)
(30.722685, 31.249031, 0.0)
(30.719910, 31.260284, 0.0)
(30.731627, 31.289419, 0.0)
(30.720318, 31.265562, 0.0)
(30.695972, 31.278835, 0.0)
(30.713129, 31.292936, 0.0)
(30.717117, 31.264307, 0.0)
(30.693701, 31.220215, 0.0)
(31.260311, 29.805693, 0.0)
(32.981922, 24.383415, 0.0)
(33.051025, 24.273727, 0.0)
(33.054359, 24.297886, 0.0)
(33.067379, 22.428759, 0.0)
(33.025726, 22.243788, 0.0)
(32.991230, 22.236355, 0.0)
(32.997417, 22.173862, 0.0)
(32.996845, 22.146154, 0.0)
(32.974594, 22.108767, 0.0)
(32.975796, 22.064665, 0.0)
(32.974163, 22.036388, 0.0)
(32.980835, 21.988665, 0.0)
(32.973892, 21.997236, 0.0)
(32.947407, 22.003439, 0.0)
(32.946571, 21.993341, 0.0)
(32.969952, 22.032125, 0.0)
(32.978931, 22.048256, 0.0)
(32.965878, 22.082512, 0.0)
(32.951176, 22.149591, 0.0)
(32.969555, 22.206758, 0.0)
(32.974987, 22.215631, 0.0)
(32.969921, 22.175594, 0.0)
(32.969120, 22.132456, 0.0)
(32.983746, 22.127724, 0.0)
(33.008053, 22.139286, 0.0)
(32.987782, 22.070444, 0.0)
(32.975094, 22.074158, 0.0)
(33.022930, 22.025698, 0.0)
(33.018864, 21.987152, 0.0)
(33.031315, 21.967201, 0.0)
(33.034981, 21.987509, 0.0)
(33.021866, 21.953846, 0.0)
(33.029392, 21.942717, 0.0)
(33.037350, 21.891455, 0.0)
(33.052563, 21.868473, 0.0)
(33.049767, 21.871708, 0.0)
(32.229881, 22.005661, 0.0)
(27.173811, 22.726276, 0.0)
(25.658405, 23.100325, 0.0)
(25.508539, 23.124821, 0.0)
(25.122259, 23.010656, 0.0)
(24.731295, 22.880957, 0.0)
(24.647020, 22.817186, 0.0)
(24.646896, 22.788630, 0.0)
(24.646896, 22.788630, 0.0)
(24.640270, 22.792234, 0.0)
(24.626896, 22.785519, 0.0)
(24.626818, 22.808453, 0.0)
(24.625633, 22.845964, 0.0)
(24.592182, 22.858139, 0.0)
(24.580109, 22.849140, 0.0)
(24.450056, 22.780739, 0.0)
(24.338184, 23.344950, 0.0)
(24.488451, 22.790726, 0.0)
(24.536474, 22.741209, 0.0)
(24.545618, 22.784264, 0.0)
(24.500578, 22.778461, 0.0)
(24.492336, 22.780252, 0.0)
(24.507290, 22.801071, 0.0)
(24.512722, 22.786636, 0.0)
(24.507870, 22.754169, 0.0)
(24.574732, 22.707310, 0.0)
(24.637066, 22.691837, 0.0)
(24.639048, 22.674200, 0.0)
(24.639683, 22.677336, 0.0)
(24.661619, 22.676252, 0.0)
(24.665504, 22.680466, 0.0)
(24.669622, 22.682001, 0.0)
(24.679697, 22.654171, 0.0)
(24.678301, 22.644379, 0.0)
(24.680492, 22.640816, 0.0)
(24.676342, 22.611622, 0.0)
(24.693089, 22.637014, 0.0)
(27.699335, 25.736599, 0.0)
(29.271505, 28.304045, 0.0)
(29.263008, 28.452248, 0.0)
(29.148617, 28.384983, 0.0)
(29.066887, 28.402212, 0.0)
(28.888790, 29.048473, 0.0)
(28.852667, 29.239166, 0.0)
(28.852604, 29.210531, 0.0)
(28.772934, 29.100492, 0.0)
(28.313196, 29.529041, 0.0)
(28.290302, 29.102295, 0.0)
(28.306734, 29.138062, 0.0)
(28.314548, 29.135321, 0.0)
(28.321999, 29.146761, 0.0)
(28.327385, 29.149286, 0.0)
(28.316147, 29.147894, 0.0)
(28.295000, 29.191648, 0.0)
(28.289946, 29.231874, 0.0)
(28.279497, 29.215687, 0.0)
(28.267607, 29.291374, 0.0)
(28.263536, 29.282385, 0.0)
(28.256502, 29.338442, 0.0)
(28.274662, 29.329840, 0.0)
(28.253418, 29.395512, 0.0)
(28.436062, 28.936752, 0.0)
(28.519506, 28.741217, 0.0)
(28.511776, 28.760689, 0.0)
(28.509132, 28.759163, 0.0)
(28.503845, 28.765379, 0.0)
(28.479610, 28.828981, 0.0)
(28.312103, 29.151274, 0.0)
(28.163919, 29.358070, 0.0)
(28.149263, 29.431330, 0.0)
(29.343342, 27.218836, 0.0)
(32.191174, 22.413883, 0.0)
(32.494305, 22.242872, 0.0)
(32.475155, 22.280310, 0.0)
(32.512138, 21.621538, 0.0)
(32.617733, 21.244703, 0.0)
(32.561192, 21.265717, 0.0)
(32.524750, 21.310106, 0.0)
(32.524750, 21.310106, 0.0)
(32.525043, 21.284662, 0.0)
(32.530598, 21.260912, 0.0)
(32.564678, 21.250263, 0.0)
(32.579201, 21.187269, 0.0)
(32.565727, 21.197647, 0.0)
(32.552139, 21.228279, 0.0)
(32.545307, 21.203562, 0.0)
(32.554913, 21.214214, 0.0)
(32.552776, 21.182749, 0.0)
(32.563721, 21.179176, 0.0)
(32.579681, 21.138023, 0.0)
(32.586666, 21.132607, 0.0)
(32.583630, 21.138247, 0.0)
(32.581448, 21.186373, 0.0)
(32.649265, 21.244766, 0.0)
(32.650349, 21.218330, 0.0)
(32.618603, 21.258860, 0.0)
(32.658825, 21.273582, 0.0)
(32.660168, 21.253717, 0.0)
(32.647278, 21.198208, 0.0)
(32.682842, 21.181936, 0.0)
(32.686935, 21.197670, 0.0)
(32.674683, 21.173946, 0.0)
(32.674908, 21.160709, 0.0)
(32.677914, 21.147448, 0.0)
(32.694351, 21.137520, 0.0)
(32.698307, 21.136850, 0.0)
(32.779892, 21.499315, 0.0)
(33.131237, 25.730906, 0.0)
(33.136795, 26.360525, 0.0)
(33.113384, 26.346876, 0.0)
(33.056416, 26.266602, 0.0)
(33.024883, 28.015055, 0.0)
(33.166424, 26.686022, 0.0)
(33.145073, 25.860966, 0.0)
(33.209446, 25.681713, 0.0)
(33.239487, 25.747898, 0.0)
(33.255707, 25.792435, 0.0)
(33.279049, 25.819210, 0.0)
(33.270069, 25.870995, 0.0)
(33.279625, 25.889744, 0.0)
(33.308838, 25.857626, 0.0)
(33.313320, 25.825218, 0.0)
(33.348209, 25.786980, 0.0)
(33.366093, 25.805065, 0.0)
(33.374069, 25.742592, 0.0)
(33.368198, 25.725031, 0.0)
(33.391411, 25.704971, 0.0)
(33.404713, 25.681076, 0.0)
(33.411404, 25.674398, 0.0)
(33.431896, 25.668905, 0.0)
(33.442711, 25.651501, 0.0)
(33.439991, 25.622938, 0.0)
(33.435177, 25.630770, 0.0)
(33.434177, 25.659372, 0.0)
(33.427887, 25.677620, 0.0)
(33.404713, 25.681076, 0.0)
(33.408058, 25.687239, 0.0)
(33.408947, 25.764235, 0.0)
(33.393764, 25.785007, 0.0)
(33.383484, 25.858892, 0.0)
(33.710915, 26.009895, 0.0)
(37.849949, 27.365253, 0.0)
(37.972210, 27.487936, 0.0)
(37.936165, 27.510902, 0.0)
(37.905365, 27.528086, 0.0)
(37.773380, 27.468933, 0.0)
(37.650463, 27.384117, 0.0)
(37.631184, 27.272097, 0.0)
(37.681213, 27.392344, 0.0)
(37.675606, 27.427954, 0.0)
(37.717907, 27.555672, 0.0)
(37.762386, 27.565840, 0.0)
(37.745556, 27.592091, 0.0)
(37.730133, 27.638947, 0.0)
(37.770027, 27.653994, 0.0)
(37.785736, 27.665922, 0.0)
(37.781582, 27.671125, 0.0)
(37.782516, 27.669777, 0.0)
(37.789539, 27.668610, 0.0)
(37.802265, 27.683199, 0.0)
(37.835079, 27.641769, 0.0)
(37.866531, 27.593079, 0.0)
(37.874573, 27.594210, 0.0)
(37.892479, 27.592157, 0.0)
(37.869648, 27.581337, 0.0)
(37.887348, 27.576002, 0.0)
(37.898129, 27.565306, 0.0)
(37.881268, 27.538267, 0.0)
(37.812031, 27.471985, 0.0)
(35.739769, 26.516975, 0.0)
(35.597305, 26.457500, 0.0)
(35.645729, 26.448547, 0.0)
(35.659748, 26.416813, 0.0)
(35.664570, 26.390144, 0.0)
(35.848137, 26.429703, 0.0)
(39.781460, 27.992285, 0.0)
(39.960789, 28.256950, 0.0)
(39.951363, 28.260941, 0.0)
(39.945076, 28.254469, 0.0)
(39.943829, 28.236071, 0.0)
(40.146694, 28.744957, 0.0)
(40.141510, 28.938398, 0.0)
(40.118549, 28.905348, 0.0)
(40.139252, 28.903000, 0.0)
(40.157520, 28.876453, 0.0)
(40.002743, 28.777557, 0.0)
(40.032242, 29.722961, 0.0)
(39.975258, 28.953709, 0.0)
(40.026859, 28.829773, 0.0)
(40.114330, 28.840088, 0.0)
(40.129711, 28.816864, 0.0)
(40.147179, 28.843061, 0.0)
(40.128071, 28.850113, 0.0)
(40.118122, 28.850788, 0.0)
(39.996208, 28.758406, 0.0)
(39.987320, 28.785112, 0.0)
(40.008728, 28.786825, 0.0)
(40.074963, 28.788662, 0.0)
(40.110649, 28.787289, 0.0)
(40.145557, 28.730856, 0.0)
(40.133835, 28.763382, 0.0)
(40.147491, 28.753351, 0.0)
(40.162853, 28.712669, 0.0)
(40.162941, 28.714512, 0.0)
(40.183987, 28.675177, 0.0)
(40.187836, 28.677141, 0.0)
(41.462101, 26.633434, 0.0)
(42.329464, 25.808895, 0.0)
(42.385441, 25.793028, 0.0)
(42.399536, 25.834375, 0.0)
(42.718685, 25.568237, 0.0)
(42.731030, 25.570581, 0.0)
(42.721260, 25.620562, 0.0)
(42.713757, 25.628199, 0.0)
(42.712875, 25.687952, 0.0)
(42.664726, 25.694590, 0.0)
(42.641159, 25.700205, 0.0)
(42.633404, 25.710661, 0.0)
(42.610394, 25.672556, 0.0)
(42.600018, 25.710419, 0.0)
(42.581955, 25.811371, 0.0)
(42.578011, 25.812368, 0.0)
(42.504269, 25.749340, 0.0)
(42.508743, 25.763762, 0.0)
(42.502205, 25.742668, 0.0)
(42.514721, 25.791008, 0.0)
(42.526058, 25.889681, 0.0)
(42.525002, 25.887669, 0.0)
(42.519382, 25.953756, 0.0)
(42.521240, 25.878849, 0.0)
(42.478027, 25.872232, 0.0)
(42.470051, 25.865299, 0.0)
(42.479557, 25.838966, 0.0)
(42.463211, 25.849304, 0.0)
(42.460693, 25.852917, 0.0)
(42.486851, 25.845707, 0.0)
(42.469765, 25.835026, 0.0)
(42.442162, 25.849651, 0.0)
(42.431534, 25.827286, 0.0)
(42.432434, 25.814308, 0.0)
(42.427624, 25.834635, 0.0)
(42.422497, 25.823544, 0.0)
(42.422054, 25.823700, 0.0)
(42.404938, 25.831184, 0.0)
(42.406487, 25.816004, 0.0)
(42.632126, 28.134689, 0.0)
(42.941338, 30.111147, 0.0)
(42.942322, 30.203533, 0.0)
(42.867897, 30.103270, 0.0)
(42.853172, 30.065496, 0.0)
(42.726791, 29.992010, 0.0)
(42.615898, 30.659880, 0.0)
(42.585220, 30.172974, 0.0)
(42.643192, 30.233191, 0.0)
(42.655197, 30.233171, 0.0)
(42.656693, 30.207743, 0.0)
(42.674686, 30.265348, 0.0)
(42.694588, 30.260563, 0.0)
(42.699673, 30.255453, 0.0)
(42.694973, 30.272448, 0.0)
(42.703548, 30.266808, 0.0)
(42.740940, 30.253262, 0.0)
(42.770706, 30.232204, 0.0)
(42.768845, 30.231644, 0.0)
(42.801739, 30.242241, 0.0)
(42.813469, 30.209633, 0.0)
(42.812160, 30.173769, 0.0)
(42.817966, 30.165197, 0.0)
(42.824020, 30.139221, 0.0)
(42.836834, 30.168953, 0.0)
(42.835972, 30.175800, 0.0)
(42.824627, 30.167324, 0.0)
(42.827240, 30.169422, 0.0)
(42.806068, 30.163546, 0.0)
(41.974388, 29.939558, 0.0)
(40.864689, 29.721092, 0.0)
(40.776783, 29.697039, 0.0)
(39.106213, 28.464102, 0.0)
(34.658070, 24.873964, 0.0)
(34.443333, 24.985231, 0.0)
(34.442360, 25.053471, 0.0)
(33.456795, 24.370480, 0.0)
(33.278244, 24.397964, 0.0)
(33.260677, 24.478849, 0.0)
(33.275562, 24.513313, 0.0)
(33.287071, 24.531454, 0.0)
(33.280396, 24.577385, 0.0)
(33.289944, 24.598045, 0.0)
(33.297153, 24.603199, 0.0)
(33.307480, 24.631912, 0.0)
(33.298302, 24.664185, 0.0)
(33.293171, 24.707783, 0.0)
(33.294254, 24.731222, 0.0)
(33.291779, 24.795435, 0.0)
(33.124786, 24.664253, 0.0)
(33.116920, 24.669117, 0.0)
(33.133224, 24.698168, 0.0)
(33.146709, 24.736629, 0.0)
(33.142532, 24.737547, 0.0)
(33.152222, 24.784279, 0.0)
(33.135948, 24.814135, 0.0)
(33.133839, 24.764622, 0.0)
(33.131710, 24.777292, 0.0)
(33.143005, 24.775314, 0.0)
(33.151661, 24.743538, 0.0)
(33.140480, 24.776836, 0.0)
(33.126457, 24.746803, 0.0)
(33.166256, 24.757486, 0.0)
(33.166855, 24.727903, 0.0)
(33.157242, 24.745855, 0.0)
(33.145378, 24.762117, 0.0)
(33.156364, 24.767057, 0.0)
(33.146400, 24.743608, 0.0)
(33.140537, 24.740784, 0.0)
(33.136776, 24.716543, 0.0)
(35.236996, 22.795107, 0.0)
(38.043259, 21.609148, 0.0)
(38.378429, 21.605928, 0.0)
(38.358875, 21.524517, 0.0)
(38.679733, 20.941505, 0.0)
(38.889061, 20.549978, 0.0)
(38.887089, 20.525583, 0.0)
(38.899910, 20.508965, 0.0)
(38.884438, 20.472271, 0.0)
(38.821575, 20.615025, 0.0)
(38.550835, 20.978281, 0.0)
(38.527630, 20.836924, 0.0)
(38.445694, 20.735222, 0.0)
(38.559429, 20.639837, 0.0)
(38.644127, 20.565329, 0.0)
(38.696251, 20.538363, 0.0)
(38.710423, 20.560303, 0.0)
(38.702450, 20.524525, 0.0)
(38.702042, 20.525179, 0.0)
(38.731869, 20.529306, 0.0)
(38.728996, 20.520964, 0.0)
(38.748062, 20.541088, 0.0)
(38.752148, 20.540546, 0.0)
(38.280220, 21.219063, 0.0)
(37.596828, 22.711796, 0.0)
(37.543316, 22.868156, 0.0)
(37.570908, 22.874859, 0.0)
(37.574326, 22.864681, 0.0)
(37.576786, 22.851488, 0.0)
(37.627323, 22.835403, 0.0)
(37.656796, 22.789082, 0.0)
(37.706852, 22.806227, 0.0)
(37.150936, 22.778728, 0.0)
(31.639835, 21.962198, 0.0)
(29.628273, 21.719910, 0.0)
(29.481750, 21.658022, 0.0)
(29.323359, 21.543690, 0.0)
(28.254101, 20.499260, 0.0)
(28.173811, 20.440096, 0.0)
(28.195963, 20.440050, 0.0)
(28.160788, 20.446911, 0.0)
(28.172152, 20.446779, 0.0)
(28.153315, 20.472651, 0.0)
(28.143032, 20.510361, 0.0)
(27.934971, 20.502308, 0.0)
(27.912817, 20.544437, 0.0)
(27.913897, 20.568140, 0.0)
(27.894564, 20.645523, 0.0)
(27.865026, 20.677624, 0.0)
(28.119198, 20.658146, 0.0)
(28.306957, 20.703405, 0.0)
(28.323294, 20.736053, 0.0)
(28.301321, 20.759745, 0.0)
(28.324438, 20.788544, 0.0)
(28.307655, 20.791882, 0.0)
(28.268488, 20.758669, 0.0)
(28.494129, 23.922594, 0.0)
(28.558180, 23.218140, 0.0)
(28.549843, 23.278542, 0.0)
(28.550714, 23.399696, 0.0)
(28.572390, 23.467121, 0.0)
(28.573446, 23.518141, 0.0)
(28.591131, 23.545769, 0.0)
(28.641376, 23.552147, 0.0)
(28.656170, 23.572414, 0.0)
(28.685259, 23.581869, 0.0)
(28.701099, 23.578123, 0.0)
(28.530621, 23.579994, 0.0)
(25.781775, 22.827477, 0.0)
(25.296885, 22.457329, 0.0)
(25.261141, 22.446609, 0.0)
(25.236528, 22.434954, 0.0)
(24.555347, 22.091343, 0.0)
(24.485188, 22.050446, 0.0)
(24.481792, 22.051153, 0.0)
(24.491880, 22.017893, 0.0)
(24.494289, 22.020638, 0.0)
(24.499659, 21.985191, 0.0)
(24.482700, 21.972933, 0.0)
(24.505169, 21.979502, 0.0)
(24.523554, 21.971008, 0.0)
(24.523731, 21.969645, 0.0)
(24.530910, 21.970768, 0.0)
(24.527071, 21.959244, 0.0)
(24.530106, 21.972435, 0.0)
(24.543589, 21.920879, 0.0)
(24.556864, 21.895170, 0.0)
(24.536877, 21.913673, 0.0)
(24.558624, 21.920958, 0.0)
(24.546740, 21.924921, 0.0)
(24.548401, 21.915558, 0.0)
(24.555946, 21.888313, 0.0)
(24.582531, 21.855841, 0.0)
(24.580935, 21.864071, 0.0)
(24.578850, 21.892290, 0.0)
(24.576618, 21.881737, 0.0)
(24.576939, 21.878242, 0.0)
(24.584621, 21.855436, 0.0)
(24.606924, 21.852047, 0.0)
(24.614368, 21.844126, 0.0)
(24.622763, 21.839973, 0.0)
(24.630983, 21.833899, 0.0)
(24.624676, 21.805571, 0.0)
(24.652264, 21.804626, 0.0)
(24.780516, 22.053686, 0.0)
(27.435562, 26.166698, 0.0)
(28.824993, 30.343370, 0.0)
(28.899935, 31.035475, 0.0)
(28.819420, 31.109158, 0.0)
(28.744936, 31.178604, 0.0)
(28.968254, 34.213631, 0.0)
(28.936131, 33.076469, 0.0)
(28.933470, 32.965309, 0.0)
(28.898598, 33.065048, 0.0)
(28.915152, 33.091293, 0.0)
(28.899294, 33.069786, 0.0)
(28.885910, 33.098019, 0.0)
(28.898481, 33.099918, 0.0)
(28.902172, 33.076195, 0.0)
(28.879608, 33.102688, 0.0)
(28.893383, 33.125744, 0.0)
(28.911915, 33.163857, 0.0)
(28.909029, 33.193771, 0.0)
(29.170200, 32.309959, 0.0)
(30.715107, 27.344826, 0.0)
(31.081427, 26.596991, 0.0)
(31.116474, 26.686230, 0.0)
(31.111626, 26.729231, 0.0)
(31.138237, 26.734331, 0.0)
(31.134754, 26.784466, 0.0)
(31.113596, 26.830435, 0.0)
(31.124868, 26.799999, 0.0)
(31.104139, 26.757256, 0.0)
(31.104610, 26.786943, 0.0)
(31.126986, 26.802267, 0.0)
(31.128239, 26.830769, 0.0)
(28.373468, 27.361610, 0.0)
(25.189629, 28.137705, 0.0)
(25.070097, 28.199869, 0.0)
(25.067223, 28.194134, 0.0)
(25.033247, 28.289713, 0.0)
(24.748941, 28.555431, 0.0)
(24.619816, 28.781065, 0.0)
(24.541965, 28.727077, 0.0)
(24.380640, 30.006430, 0.0)
(24.519361, 28.930687, 0.0)
(24.590523, 28.516996, 0.0)
(24.562330, 28.527142, 0.0)
(24.597731, 28.544445, 0.0)
(24.649057, 28.511625, 0.0)
(24.647903, 28.485470, 0.0)
(24.651983, 28.496286, 0.0)
(24.652582, 28.507957, 0.0)
(24.684320, 28.474249, 0.0)
(24.694391, 28.448597, 0.0)
(24.653650, 28.445311, 0.0)
(24.667299, 28.417025, 0.0)
(24.672318, 28.438765, 0.0)
(24.689981, 28.389526, 0.0)
(24.699940, 28.347130, 0.0)
(24.705202, 28.312929, 0.0)
(24.703175, 28.291546, 0.0)
(24.694017, 28.269720, 0.0)
(24.704390, 28.278753, 0.0)
(24.704029, 28.264391, 0.0)
(24.717876, 28.236940, 0.0)
(24.739389, 28.253393, 0.0)
(24.748209, 28.210331, 0.0)
(24.747898, 28.202785, 0.0)
(24.751266, 28.204496, 0.0)
(24.448931, 25.668192, 0.0)
(24.017746, 24.024134, 0.0)
(23.929779, 23.827833, 0.0)
(23.899054, 23.840261, 0.0)
(23.386993, 22.605000, 0.0)
(23.265596, 22.246622, 0.0)
(23.233805, 22.264902, 0.0)
(23.203278, 22.313122, 0.0)
(23.192287, 22.282820, 0.0)
(23.187105, 22.270702, 0.0)
(22.903690, 22.529137, 0.0)
(22.868416, 22.560131, 0.0)
(22.854731, 22.544449, 0.0)
(22.839476, 22.501337, 0.0)
(22.869688, 22.489155, 0.0)
(22.941790, 22.460262, 0.0)
(23.366936, 22.318724, 0.0)
(23.405388, 22.283661, 0.0)
(23.407833, 22.291510, 0.0)
(23.453135, 22.278202, 0.0)
(23.465792, 22.279940, 0.0)
(23.487545, 22.309031, 0.0)
(23.495794, 22.344326, 0.0)
(23.510109, 22.372511, 0.0)
(23.505827, 22.429564, 0.0)
(23.509872, 22.467861, 0.0)
(23.523769, 22.495522, 0.0)
(23.539242, 22.502386, 0.0)
(23.519733, 22.488905, 0.0)
(23.500408, 22.507221, 0.0)
(23.477695, 22.491930, 0.0)
(23.494926, 22.529507, 0.0)
(23.512894, 22.585798, 0.0)
(23.516361, 22.598396, 0.0)
(23.539431, 22.613857, 0.0)
(23.539431, 22.613857, 0.0)
(23.546104, 22.577890, 0.0)
(23.569099, 22.610132, 0.0)
(26.207657, 22.903763, 0.0)
(32.944603, 24.899719, 0.0)
(38.039898, 26.158756, 0.0)
(39.832870, 26.778311, 0.0)
(40.007130, 26.896374, 0.0)
(40.167122, 27.081852, 0.0)
(42.416779, 29.128792, 0.0)
(42.519878, 29.126324, 0.0)
(42.567562, 29.089933, 0.0)
(42.578617, 29.011621, 0.0)
(42.563389, 28.976641, 0.0)
(42.468521, 28.950144, 0.0)
(42.545063, 29.033648, 0.0)
(42.585690, 28.870564, 0.0)
(42.611053, 28.922272, 0.0)
(42.611790, 28.905643, 0.0)
(42.627083, 28.871922, 0.0)
(42.593208, 28.908173, 0.0)
(42.604668, 28.922165, 0.0)
(42.588760, 28.868425, 0.0)
(42.599396, 28.928034, 0.0)
(42.596157, 28.934071, 0.0)
(42.592442, 28.936272, 0.0)
(42.605118, 28.879137, 0.0)
(42.607456, 28.859539, 0.0)
(42.629063, 28.889715, 0.0)
(42.651054, 28.875984, 0.0)
(42.663986, 28.831642, 0.0)
(42.682796, 28.837210, 0.0)
(42.703907, 28.830030, 0.0)
(42.705994, 28.801981, 0.0)
(42.715569, 28.795008, 0.0)
(42.716221, 28.777348, 0.0)
(42.713451, 28.757368, 0.0)
(40.591228, 25.052528, 0.0)
(40.514065, 23.092308, 0.0)
(40.605160, 22.991278, 0.0)
(41.050888, 22.314329, 0.0)
(41.092625, 22.149685, 0.0)
(41.412918, 21.753418, 0.0)
(41.472061, 21.664957, 0.0)
(41.467857, 21.648582, 0.0)
(41.449833, 21.629667, 0.0)
(41.432011, 21.572762, 0.0)
(41.601006, 21.588892, 0.0)
(41.624229, 21.599827, 0.0)
(41.595058, 21.587624, 0.0)
(41.565857, 21.567705, 0.0)
(41.546925, 21.589176, 0.0)
(41.562870, 21.585707, 0.0)
(41.537289, 21.606905, 0.0)
(41.153854, 21.452925, 0.0)
(41.827808, 23.559515, 0.0)
(41.354794, 22.659880, 0.0)
(41.324253, 22.714481, 0.0)
(41.349777, 22.820787, 0.0)
(41.340054, 22.825733, 0.0)
(41.360905, 22.878874, 0.0)
(41.348721, 22.897844, 0.0)
(41.373363, 22.891882, 0.0)
(41.360744, 22.909225, 0.0)
(41.356007, 22.940533, 0.0)
(41.360996, 22.941202, 0.0)
(41.360699, 22.988796, 0.0)
(41.400166, 23.030329, 0.0)
(41.408012, 23.054920, 0.0)
(41.403713, 23.055058, 0.0)
(37.082207, 22.704054, 0.0)
(31.525291, 23.186188, 0.0)
(29.037645, 23.525497, 0.0)
(28.884771, 23.518517, 0.0)
(28.719589, 23.158947, 0.0)
(28.287733, 21.896410, 0.0)
(28.250227, 21.795204, 0.0)
(28.210608, 21.777922, 0.0)
(28.205015, 21.785200, 0.0)
(28.178492, 21.769308, 0.0)
(28.092014, 21.759079, 0.0)
(27.590019, 22.634146, 0.0)
(27.871355, 21.742584, 0.0)
(28.007250, 21.669662, 0.0)
(28.032492, 21.709000, 0.0)
(28.024603, 21.714399, 0.0)
(28.043415, 21.696648, 0.0)
(27.948198, 21.560514, 0.0)
(27.932861, 21.542349, 0.0)
(27.961872, 21.546955, 0.0)
(28.011627, 21.508226, 0.0)
(28.062265, 21.464827, 0.0)
(28.041777, 21.502365, 0.0)
(28.046041, 21.523750, 0.0)
(28.057940, 21.522533, 0.0)
(28.047401, 21.520672, 0.0)
(28.014391, 21.487633, 0.0)
(28.021509, 21.488014, 0.0)
(28.007462, 21.504442, 0.0)
(28.001514, 21.529696, 0.0)
(28.016748, 21.534481, 0.0)
(28.016460, 21.520391, 0.0)
(28.025558, 21.504492, 0.0)
(28.044502, 21.489803, 0.0)
(28.055378, 21.495871, 0.0)
(32.381828, 23.164055, 0.0)
(33.192165, 23.464724, 0.0)
(33.209671, 23.441257, 0.0)
(33.168762, 23.419607, 0.0)
(32.981647, 23.345482, 0.0)
(32.779152, 24.016502, 0.0)
(32.744808, 22.945143, 0.0)
(32.790222, 22.832182, 0.0)
(32.817402, 22.893566, 0.0)
(32.818356, 22.945765, 0.0)
(32.823059, 22.963345, 0.0)
(32.819592, 22.982996, 0.0)
(32.820679, 22.981710, 0.0)
(32.821636, 23.005405, 0.0)
(32.832069, 23.031715, 0.0)
(32.845497, 23.035664, 0.0)
(32.861042, 23.051077, 0.0)
(32.859261, 23.056961, 0.0)
(32.868130, 23.074051, 0.0)
(32.882847, 23.110508, 0.0)
(32.928547, 23.225700, 0.0)
(32.945889, 23.298996, 0.0)
(32.950630, 23.454426, 0.0)
(32.966602, 23.480320, 0.0)
(32.970642, 23.503254, 0.0)
(32.977535, 23.553896, 0.0)
(32.983604, 23.609869, 0.0)
(32.979683, 23.642290, 0.0)
(32.965611, 23.728624, 0.0)
(32.994671, 23.756992, 0.0)
(32.990360, 23.781178, 0.0)
(32.988594, 23.839878, 0.0)
(32.966534, 23.922457, 0.0)
(32.472733, 24.159752, 0.0)
(27.875488, 26.706928, 0.0)
(27.057135, 27.147795, 0.0)
(26.913414, 27.227333, 0.0)
(26.844843, 27.271025, 0.0)
(26.438282, 27.629583, 0.0)
(26.378632, 27.702236, 0.0)
(26.341131, 27.738222, 0.0)
(26.161453, 27.647169, 0.0)
(25.923340, 28.911888, 0.0)
(26.104177, 27.553055, 0.0)
(26.152597, 27.300789, 0.0)
(26.196899, 27.311356, 0.0)
(26.220627, 27.378786, 0.0)
(26.313721, 27.462845, 0.0)
(26.328457, 27.430374, 0.0)
(26.333652, 27.361059, 0.0)
(26.315680, 27.383045, 0.0)
(26.322397, 27.346233, 0.0)
(26.784777, 27.057161, 0.0)
(31.165743, 25.090258, 0.0)
(31.789080, 24.985090, 0.0)
(31.866821, 24.929827, 0.0)
(31.861708, 24.952559, 0.0)
(31.871668, 24.974939, 0.0)
(31.862654, 24.939272, 0.0)
(31.863621, 24.970861, 0.0)
(31.872339, 24.921179, 0.0)
(31.892607, 24.899380, 0.0)
(31.908766, 24.874125, 0.0)
(31.912117, 24.921684, 0.0)
(31.882418, 24.960073, 0.0)
(31.895002, 24.958551, 0.0)
(31.890368, 24.951376, 0.0)
(31.889393, 24.936563, 0.0)
(31.865093, 24.938330, 0.0)
(31.802353, 24.972738, 0.0)
(27.815430, 28.584387, 0.0)
(25.234251, 31.214605, 0.0)
(24.728798, 31.599958, 0.0)
(24.628035, 31.608820, 0.0)
(24.483229, 31.805195, 0.0)
(23.955614, 32.821503, 0.0)
(23.895544, 32.884007, 0.0)
(23.867998, 32.853794, 0.0)
(23.820925, 32.840271, 0.0)
(23.768652, 32.809406, 0.0)
(23.730419, 32.765694, 0.0)
(23.709761, 32.696426, 0.0)
(23.721403, 32.673084, 0.0)
(23.726278, 32.705929, 0.0)
(23.704086, 32.581852, 0.0)
(23.674877, 33.298462, 0.0)
(23.510540, 34.706230, 0.0)
(23.480238, 33.915905, 0.0)
(23.461903, 33.490108, 0.0)
(23.414753, 33.268085, 0.0)
(23.452904, 33.158123, 0.0)
(26.909531, 28.316494, 0.0)
(30.244362, 25.031071, 0.0)
(30.961651, 24.802887, 0.0)
(30.973167, 24.949661, 0.0)
(30.907272, 25.084642, 0.0)
(30.846729, 25.133917, 0.0)
(30.815866, 25.150331, 0.0)
(30.782312, 25.149855, 0.0)
(30.797445, 25.175997, 0.0)
(30.802490, 25.155546, 0.0)
(30.806835, 25.189180, 0.0)
(30.804239, 25.238817, 0.0)
(30.790613, 25.268768, 0.0)
(30.803484, 25.406834, 0.0)
(29.444134, 30.225462, 0.0)
(29.027376, 31.548717, 0.0)
(28.910257, 31.687202, 0.0)
(28.787165, 31.657820, 0.0)
(28.742735, 31.631613, 0.0)
(28.716084, 31.623121, 0.0)
(28.521748, 31.469822, 0.0)
(28.271677, 32.661537, 0.0)
(28.226589, 31.760298, 0.0)
(28.233091, 31.377007, 0.0)
(28.245365, 31.270687, 0.0)
(28.232309, 31.274874, 0.0)
(28.472366, 30.897976, 0.0)
(30.725594, 27.096111, 0.0)
(31.192551, 26.545486, 0.0)
(31.303844, 26.572977, 0.0)
(31.285990, 26.596092, 0.0)
(31.302361, 26.625271, 0.0)
(31.375292, 26.598728, 0.0)
(31.410139, 26.548738, 0.0)
(31.413574, 26.565865, 0.0)
(31.431616, 26.568756, 0.0)
(31.454519, 26.533710, 0.0)
(31.486134, 26.510384, 0.0)
(31.498686, 26.501398, 0.0)
(31.506308, 26.503841, 0.0)
(31.498575, 26.573395, 0.0)
(31.520264, 26.492823, 0.0)
(31.553606, 26.554913, 0.0)
(31.548298, 26.536594, 0.0)
(33.767677, 28.503345, 0.0)
(35.801796, 31.183823, 0.0)
(35.843391, 31.318272, 0.0)
(35.761875, 31.207930, 0.0)
(36.147503, 33.585785, 0.0)
(35.995804, 32.342983, 0.0)
(35.986397, 32.050358, 0.0)
(35.998455, 32.073566, 0.0)
(36.182945, 32.221264, 0.0)
(36.300915, 32.338387, 0.0)
(36.272354, 32.327915, 0.0)
(36.261177, 32.351162, 0.0)
(36.233051, 32.379597, 0.0)
(36.295883, 32.411404, 0.0)
(36.267910, 32.430042, 0.0)
(36.269791, 32.452168, 0.0)
(36.260262, 32.538933, 0.0)
(36.266964, 32.590698, 0.0)
(36.273682, 32.605156, 0.0)
(36.266613, 32.626572, 0.0)
(36.266544, 32.639221, 0.0)
(36.155384, 31.997892, 0.0)
(36.065193, 28.198126, 0.0)
(35.992584, 28.091190, 0.0)
(35.987358, 28.165440, 0.0)
(35.971943, 28.240622, 0.0)
(35.982201, 28.294512, 0.0)
(35.970490, 28.331442, 0.0)
(35.952415, 28.400436, 0.0)
(35.963226, 28.444515, 0.0)
(35.967522, 28.436914, 0.0)
(35.955772, 28.439289, 0.0)
(35.846123, 28.441614, 0.0)
(30.277327, 26.167238, 0.0)
(26.405630, 25.529097, 0.0)
(25.457483, 25.439697, 0.0)
(25.398794, 25.419369, 0.0)
(24.445423, 24.699951, 0.0)
(24.241684, 24.518625, 0.0)
(24.234989, 24.528051, 0.0)
(24.221495, 24.504066, 0.0)
(24.175335, 24.512787, 0.0)
(24.217192, 24.468884, 0.0)
(24.485880, 24.421280, 0.0)
(24.580507, 24.455540, 0.0)
(24.598568, 24.415552, 0.0)
(24.609766, 24.376253, 0.0)
(24.623569, 24.352341, 0.0)
(24.475546, 24.455278, 0.0)
(24.379602, 24.627728, 0.0)
(24.382984, 24.622692, 0.0)
(24.388084, 24.607580, 0.0)
(24.398731, 24.592157, 0.0)
(24.398808, 24.602079, 0.0)
(24.377069, 24.609114, 0.0)
(24.368834, 24.603590, 0.0)
(24.389463, 24.561434, 0.0)
(24.381117, 24.528454, 0.0)
(24.399015, 24.528255, 0.0)
(24.396015, 24.526318, 0.0)
(24.380325, 24.513298, 0.0)
(24.389566, 24.503359, 0.0)
(24.400356, 24.496220, 0.0)
(24.423395, 24.494856, 0.0)
(24.438578, 24.483368, 0.0)
(24.422617, 24.476959, 0.0)
(24.407766, 24.494814, 0.0)
(24.414419, 24.482321, 0.0)
(24.429697, 24.491571, 0.0)
(24.429554, 24.468683, 0.0)
(24.435078, 24.478275, 0.0)
(28.678976, 26.607121, 0.0)
(34.491428, 29.290503, 0.0)
(37.365265, 31.005117, 0.0)
(37.523193, 31.163977, 0.0)
(37.338783, 31.051907, 0.0)
(37.956432, 32.924591, 0.0)
(37.821880, 31.942604, 0.0)
(37.868980, 31.877317, 0.0)
(38.118931, 31.990704, 0.0)
(38.279140, 32.178440, 0.0)
(38.275307, 32.227131, 0.0)
(38.264584, 32.258633, 0.0)
(38.272102, 32.289333, 0.0)
(38.272678, 32.334225, 0.0)
(38.260300, 32.391521, 0.0)
(38.279598, 32.413673, 0.0)
(38.295654, 32.423954, 0.0)
(38.298706, 32.424713, 0.0)
(38.306705, 32.418900, 0.0)
(38.324135, 32.490292, 0.0)
(38.338943, 32.489506, 0.0)
(38.344994, 32.498787, 0.0)
(38.343155, 32.516724, 0.0)
(38.332699, 32.589325, 0.0)
(38.311047, 32.561375, 0.0)
(38.278774, 32.536407, 0.0)
(38.262802, 32.567566, 0.0)
(38.267918, 32.628845, 0.0)
(37.108047, 30.344494, 0.0)
(36.433064, 27.944124, 0.0)
(36.380909, 27.957424, 0.0)
(36.410015, 28.093300, 0.0)
(36.385490, 28.168781, 0.0)
(36.379177, 28.170622, 0.0)
(33.402107, 27.873093, 0.0)
(28.071194, 27.761318, 0.0)
(25.424118, 28.195980, 0.0)
(24.299067, 28.202085, 0.0)
(24.244677, 28.164751, 0.0)
(23.488026, 27.754246, 0.0)
(22.991846, 27.483036, 0.0)
(22.965425, 27.456739, 0.0)
(22.989803, 27.417526, 0.0)
(22.987486, 27.363274, 0.0)
(22.976494, 27.348923, 0.0)
(22.975752, 27.353046, 0.0)
(22.996382, 27.340149, 0.0)
(22.996904, 27.349520, 0.0)
(22.989878, 27.334871, 0.0)
(22.981401, 27.334232, 0.0)
(22.982452, 27.346188, 0.0)
(23.000069, 27.308960, 0.0)
(23.025566, 27.293951, 0.0)
(23.032579, 27.257343, 0.0)
(22.996622, 27.215000, 0.0)
(22.992262, 27.241362, 0.0)
(23.013069, 27.218729, 0.0)
(23.023682, 27.173201, 0.0)
(23.029768, 27.178745, 0.0)
(23.035315, 27.130749, 0.0)
(23.044643, 27.100164, 0.0)
(23.053061, 27.050295, 0.0)
(23.061914, 27.042358, 0.0)
(23.059084, 27.039822, 0.0)
(23.048315, 27.072750, 0.0)
(23.059889, 27.080730, 0.0)
(23.058468, 27.080700, 0.0)
(23.085381, 27.051556, 0.0)
(23.717205, 26.927675, 0.0)
(27.226315, 26.582712, 0.0)
(27.819695, 26.672705, 0.0)
(27.853073, 26.642979, 0.0)
(25.556952, 27.394760, 0.0)
(24.480305, 27.635469, 0.0)
(24.379234, 27.584248, 0.0)
(24.317677, 28.534384, 0.0)
(24.463425, 27.347692, 0.0)
(24.522633, 27.331907, 0.0)
(24.575001, 27.371519, 0.0)
(24.574732, 27.392710, 0.0)
(24.578066, 27.420269, 0.0)
(24.560432, 27.470964, 0.0)
(24.281900, 27.709890, 0.0)
(24.238735, 27.819138, 0.0)
(24.220402, 27.870188, 0.0)
(24.239315, 27.931873, 0.0)
(24.209747, 27.918100, 0.0)
(24.513334, 27.851112, 0.0)
(24.532459, 27.871904, 0.0)
(24.507971, 27.881729, 0.0)
(24.489698, 27.933727, 0.0)
(24.507015, 27.921778, 0.0)
(24.520277, 27.984476, 0.0)
(24.531643, 27.970301, 0.0)
(24.524494, 28.063723, 0.0)
(24.519545, 28.103239, 0.0)
(24.522358, 28.169250, 0.0)
(24.533850, 28.193958, 0.0)
(24.559889, 28.164909, 0.0)
(24.609585, 28.126282, 0.0)
(24.625723, 28.147116, 0.0)
(24.621395, 28.154863, 0.0)
(24.628378, 28.178577, 0.0)
(24.682775, 28.167385, 0.0)
(29.868515, 27.461254, 0.0)
(35.889671, 26.372181, 0.0)
(37.020187, 26.554604, 0.0)
(37.056969, 26.543007, 0.0)
(37.522964, 26.679174, 0.0)
(37.916073, 26.747488, 0.0)
(37.932804, 26.740065, 0.0)
(37.930080, 26.702463, 0.0)
(37.829376, 26.650232, 0.0)
(37.748917, 27.289717, 0.0)
(38.156719, 27.491962, 0.0)
(38.014050, 26.722496, 0.0)
(38.027260, 26.715345, 0.0)
(38.087257, 26.793268, 0.0)
(38.102608, 26.803589, 0.0)
(37.775482, 26.682348, 0.0)
(37.722313, 26.684681, 0.0)
(37.752705, 26.700573, 0.0)
(37.746639, 26.677221, 0.0)
(37.745045, 26.654301, 0.0)
(37.819664, 26.661606, 0.0)
(37.814854, 26.647083, 0.0)
(37.610695, 26.523077, 0.0)
(37.599525, 26.498619, 0.0)
(37.634762, 26.466608, 0.0)
(37.644894, 26.485407, 0.0)
(37.616913, 26.491043, 0.0)
(37.410088, 26.351194, 0.0)
(37.368946, 26.270557, 0.0)
(37.360420, 26.230120, 0.0)
(37.379601, 26.221754, 0.0)
(37.392223, 26.241686, 0.0)
(37.358299, 26.248348, 0.0)
(36.220360, 26.676115, 0.0)
(30.538795, 30.014994, 0.0)
(26.609970, 32.229397, 0.0)
(25.326136, 33.120861, 0.0)
(25.213490, 33.239223, 0.0)
(25.162359, 33.209068, 0.0)
(24.181528, 33.914238, 0.0)
(24.111206, 33.983089, 0.0)
(24.115105, 33.960537, 0.0)
(24.078241, 33.945343, 0.0)
(24.074055, 33.921745, 0.0)
(24.075087, 33.904083, 0.0)
(24.077944, 33.875092, 0.0)
(24.046505, 33.863239, 0.0)
(23.974806, 33.871788, 0.0)
(23.798431, 33.989799, 0.0)
(23.780657, 33.990292, 0.0)
(23.780657, 33.990292, 0.0)
(23.789827, 33.966301, 0.0)
(23.761431, 33.949654, 0.0)
(23.730080, 33.975971, 0.0)
(23.730080, 33.975971, 0.0)
(23.708597, 33.982906, 0.0)
(23.690285, 33.992085, 0.0)
(25.422382, 31.452040, 0.0)
(28.112020, 27.847198, 0.0)
(30.183075, 25.651445, 0.0)
(30.677422, 25.158525, 0.0)
(30.641985, 25.313028, 0.0)
(30.703991, 25.467901, 0.0)
(30.708584, 25.510664, 0.0)
(30.672293, 25.657862, 0.0)
(30.630390, 25.706968, 0.0)
(30.675797, 25.714872, 0.0)
(30.678341, 25.715395, 0.0)
(30.659647, 25.692003, 0.0)
(30.644526, 25.786800, 0.0)
(30.671047, 25.785353, 0.0)
(34.810802, 26.806658, 0.0)
(39.829727, 28.064402, 0.0)
(40.304474, 28.361458, 0.0)
(40.287338, 28.386929, 0.0)
(41.308155, 28.483109, 0.0)
(41.403503, 28.543501, 0.0)
(41.370506, 28.507374, 0.0)
(41.385162, 28.484215, 0.0)
(41.428799, 28.459867, 0.0)
(41.446804, 28.485218, 0.0)
(41.503090, 28.436954, 0.0)
(41.500439, 28.428415, 0.0)
(41.497341, 28.440470, 0.0)
(41.492844, 28.400637, 0.0)
(41.450817, 28.369333, 0.0)
(41.425705, 28.334509, 0.0)
(41.410404, 28.337683, 0.0)
(41.432377, 28.313808, 0.0)
(41.436855, 28.290348, 0.0)
(41.421051, 28.313467, 0.0)
(41.420200, 28.335003, 0.0)
(41.423679, 28.337090, 0.0)
(41.420769, 28.358974, 0.0)
(41.415134, 28.326845, 0.0)
(41.417702, 28.310961, 0.0)
(40.445789, 27.877794, 0.0)
(37.412659, 27.010439, 0.0)
(37.397282, 27.010807, 0.0)
(37.426327, 26.998924, 0.0)
(37.443581, 27.019184, 0.0)
(37.459827, 26.980764, 0.0)
(37.482014, 26.965445, 0.0)
(37.494930, 26.941767, 0.0)
(37.520798, 26.894798, 0.0)
(35.756748, 26.228270, 0.0)
(33.897869, 25.470514, 0.0)
(33.825500, 25.493355, 0.0)
(33.863831, 25.515932, 0.0)
(33.872684, 25.584557, 0.0)
(35.973507, 29.867882, 0.0)
(36.092964, 30.806019, 0.0)
(36.078392, 30.810549, 0.0)
(36.040840, 30.779160, 0.0)
(36.006638, 30.700285, 0.0)
(35.782619, 31.234381, 0.0)
(35.788521, 31.485348, 0.0)
(35.796928, 30.807535, 0.0)
(35.823170, 30.760275, 0.0)
(35.845722, 30.799822, 0.0)
(35.993073, 30.889471, 0.0)
(36.033752, 30.885199, 0.0)
(36.012562, 30.891891, 0.0)
(36.022865, 30.855480, 0.0)
(36.015675, 30.854351, 0.0)
(36.041847, 30.851185, 0.0)
(36.034740, 30.842896, 0.0)
(36.049656, 30.857391, 0.0)
(36.069607, 30.832640, 0.0)
(36.066109, 30.821859, 0.0)
(36.100323, 30.882866, 0.0)
(35.896988, 30.819510, 0.0)
(35.872391, 30.823391, 0.0)
(35.888885, 30.857494, 0.0)
(35.895508, 30.896357, 0.0)
(35.871048, 30.930492, 0.0)
(35.855633, 30.928301, 0.0)
(35.845768, 31.001749, 0.0)
(35.820503, 31.030127, 0.0)
(35.830372, 31.047852, 0.0)
(35.824135, 31.055807, 0.0)
(37.609375, 29.818213, 0.0)
(41.383823, 27.341497, 0.0)
(42.157024, 27.420473, 0.0)
(42.223507, 27.415384, 0.0)
(42.363739, 27.466587, 0.0)
(42.668301, 27.521507, 0.0)
(42.665146, 27.560114, 0.0)
(42.665115, 27.604322, 0.0)
(42.664848, 27.598770, 0.0)
(42.647400, 27.549603, 0.0)
(42.656837, 27.538059, 0.0)
(42.654335, 27.521624, 0.0)
(42.642002, 27.494291, 0.0)
(42.631889, 27.511150, 0.0)
(42.617340, 27.497063, 0.0)
(42.485394, 27.498667, 0.0)
(42.408138, 27.991003, 0.0)
(42.216320, 27.319750, 0.0)
(42.255142, 27.298618, 0.0)
(42.261841, 27.319479, 0.0)
(42.304337, 27.291168, 0.0)
(42.329525, 27.268923, 0.0)
(42.333672, 27.244734, 0.0)
(42.324814, 27.199524, 0.0)
(42.326733, 27.183620, 0.0)
(42.330032, 27.199528, 0.0)
(42.336536, 27.192247, 0.0)
(42.371620, 27.188171, 0.0)
(42.377186, 27.208681, 0.0)
(42.382862, 27.180349, 0.0)
(42.389740, 27.142424, 0.0)
(42.405315, 27.135181, 0.0)
(42.419106, 27.147633, 0.0)
(42.405315, 27.135181, 0.0)
(40.233952, 26.355061, 0.0)
(34.050713, 25.347282, 0.0)
(31.511219, 25.608271, 0.0)
(31.435183, 25.535744, 0.0)
(31.307686, 25.512592, 0.0)
(30.778803, 25.252356, 0.0)
(30.723095, 25.170437, 0.0)
(30.458738, 25.061865, 0.0)
(30.194004, 24.882116, 0.0)
(30.309011, 24.827019, 0.0)
(30.286306, 24.963381, 0.0)
(30.296545, 24.951086, 0.0)
(30.617149, 24.780930, 0.0)
(30.692211, 24.723242, 0.0)
(30.659637, 24.713558, 0.0)
(30.617226, 24.759005, 0.0)
(30.602682, 24.781052, 0.0)
(30.604998, 24.772520, 0.0)
(30.650881, 24.814087, 0.0)
(30.684805, 24.810596, 0.0)
(30.719410, 24.832424, 0.0)
(30.722044, 24.850142, 0.0)
(30.741154, 24.879673, 0.0)
(30.754759, 24.920200, 0.0)
(30.728537, 24.955456, 0.0)
(30.755829, 24.938696, 0.0)
(30.556345, 25.061197, 0.0)
(30.429205, 25.123222, 0.0)
(30.429205, 25.123222, 0.0)
(30.427166, 25.168266, 0.0)
(30.455994, 25.154633, 0.0)
(30.409306, 25.176174, 0.0)
(30.406513, 25.196823, 0.0)
(28.468016, 24.393341, 0.0)
(26.982239, 23.385023, 0.0)
(26.856571, 23.381332, 0.0)
(26.586750, 23.088711, 0.0)
(26.160297, 22.591045, 0.0)
(26.122492, 22.615269, 0.0)
(26.110077, 22.665550, 0.0)
(26.101904, 22.687101, 0.0)
(25.899048, 22.650730, 0.0)
(25.887676, 22.920563, 0.0)
(26.007118, 22.526917, 0.0)
(26.020832, 22.551359, 0.0)
(26.051191, 22.589466, 0.0)
(26.078955, 22.557734, 0.0)
(26.078180, 22.508102, 0.0)
(26.095613, 22.477467, 0.0)
(26.116621, 22.465137, 0.0)
(26.131250, 22.426718, 0.0)
(26.128693, 22.436729, 0.0)
(26.134798, 22.428606, 0.0)
(26.152596, 22.410519, 0.0)
(26.173410, 22.392372, 0.0)
(26.184029, 22.380594, 0.0)
(26.175074, 22.357782, 0.0)
(26.198915, 22.362631, 0.0)
(26.208843, 22.369358, 0.0)
(26.224932, 22.366817, 0.0)
(26.253296, 22.370489, 0.0)
(26.238821, 22.342754, 0.0)
(26.271433, 22.358137, 0.0)
(26.287569, 22.365458, 0.0)
(26.279644, 22.344116, 0.0)
(26.298597, 22.337215, 0.0)
(26.298054, 22.316732, 0.0)
(26.441313, 22.370657, 0.0)
(32.223869, 25.367052, 0.0)
(36.709934, 28.670952, 0.0)
(37.295647, 29.758034, 0.0)
(37.287926, 29.782213, 0.0)
(38.144535, 33.648651, 0.0)
(38.077343, 33.158218, 0.0)
(38.108685, 33.100746, 0.0)
(38.136776, 33.153248, 0.0)
(38.129913, 33.159126, 0.0)
(38.129131, 33.165207, 0.0)
(38.129570, 33.153248, 0.0)
(38.084702, 33.050579, 0.0)
(38.143707, 33.431324, 0.0)
(38.081596, 33.065422, 0.0)
(38.083359, 33.118343, 0.0)
(38.086555, 33.186131, 0.0)
(38.069046, 33.234161, 0.0)
(38.053600, 33.279152, 0.0)
(38.051620, 33.307484, 0.0)
(38.071697, 33.313831, 0.0)
(38.087780, 33.337456, 0.0)
(38.127014, 33.380348, 0.0)
(36.702572, 29.103477, 0.0)
(36.301666, 27.184797, 0.0)
(36.270374, 27.187550, 0.0)
(36.268940, 27.252182, 0.0)
(36.290897, 27.265413, 0.0)
(36.275711, 27.289162, 0.0)
(36.316830, 27.332359, 0.0)
(40.612778, 28.041203, 0.0)
(42.276962, 28.485996, 0.0)
(42.368874, 28.590563, 0.0)
(42.337353, 28.583385, 0.0)
(42.639053, 28.613245, 0.0)
(42.679585, 28.643696, 0.0)
(42.670670, 28.690777, 0.0)
(42.680668, 28.670473, 0.0)
(42.680603, 28.623127, 0.0)
(42.671196, 28.612328, 0.0)
(42.681679, 28.576321, 0.0)
(42.667076, 28.522329, 0.0)
(42.654751, 28.473085, 0.0)
(42.663502, 28.443956, 0.0)
(42.680874, 28.505150, 0.0)
(42.648594, 28.486473, 0.0)
(42.632122, 28.519499, 0.0)
(42.635838, 28.535973, 0.0)
(42.661369, 28.538744, 0.0)
(42.657444, 28.535686, 0.0)
(42.601086, 28.500994, 0.0)
(42.595997, 28.509701, 0.0)
(42.599850, 28.510267, 0.0)
(42.616341, 28.481953, 0.0)
(42.637630, 28.411211, 0.0)
(42.634220, 28.413801, 0.0)
(42.641045, 28.419060, 0.0)
(42.643650, 28.332840, 0.0)
(42.625961, 28.304825, 0.0)
(42.638950, 28.317440, 0.0)
(42.646278, 28.325239, 0.0)
(42.645535, 28.313648, 0.0)
(42.648998, 28.270203, 0.0)
(42.663567, 28.266584, 0.0)
(42.652855, 28.270277, 0.0)
(41.440285, 27.608076, 0.0)
(37.479477, 24.848494, 0.0)
(37.511868, 24.875294, 0.0)
(37.555992, 24.877340, 0.0)
(37.522518, 23.942755, 0.0)
(37.543285, 23.867727, 0.0)
(37.563194, 23.860729, 0.0)
(37.401810, 24.017427, 0.0)
(37.452099, 24.501051, 0.0)
(37.198338, 23.580265, 0.0)
(37.213203, 23.462643, 0.0)
(37.215210, 23.547853, 0.0)
(37.311401, 23.568918, 0.0)
(37.279671, 23.565315, 0.0)
(37.246292, 23.534094, 0.0)
(37.264454, 23.571587, 0.0)
(37.254009, 23.598438, 0.0)
(37.243031, 23.633310, 0.0)
(37.270294, 23.641424, 0.0)
(37.256634, 23.636330, 0.0)
(37.287861, 23.699230, 0.0)
(37.307362, 23.711399, 0.0)
(37.325550, 23.762609, 0.0)
(37.328064, 23.788387, 0.0)
(37.341640, 23.795805, 0.0)
(37.351749, 23.812866, 0.0)
(37.334396, 23.827208, 0.0)
(37.315453, 23.844713, 0.0)
(37.318974, 23.906590, 0.0)
(37.307407, 23.944626, 0.0)
(37.313114, 23.967371, 0.0)
(37.318634, 23.996571, 0.0)
(37.306236, 24.032957, 0.0)
(37.280483, 24.091942, 0.0)
(34.458847, 26.419058, 0.0)
(31.865789, 28.743258, 0.0)
(31.663898, 28.911608, 0.0)
(31.650290, 28.874176, 0.0)
(31.518301, 28.749249, 0.0)
(31.065981, 29.879011, 0.0)
(30.424234, 30.996067, 0.0)
(30.443720, 29.879347, 0.0)
(30.427977, 29.329231, 0.0)
(30.453632, 29.393682, 0.0)
(30.476435, 29.441420, 0.0)
(30.983305, 29.358868, 0.0)
(31.146032, 29.353365, 0.0)
(31.152027, 29.343189, 0.0)
(31.165751, 29.303143, 0.0)
(31.220064, 29.025808, 0.0)
(32.301609, 26.048409, 0.0)
(32.713638, 24.850792, 0.0)
(32.747570, 24.810740, 0.0)
(32.803902, 24.851763, 0.0)
(32.825504, 24.822124, 0.0)
(32.811558, 24.816784, 0.0)
(32.808483, 24.812012, 0.0)
(32.807323, 24.789665, 0.0)
(32.815605, 24.795723, 0.0)
(32.788113, 24.790939, 0.0)
(32.813984, 24.783472, 0.0)
(32.828072, 24.789206, 0.0)
(32.846886, 24.776911, 0.0)
(32.862110, 24.781656, 0.0)
(32.841671, 24.753315, 0.0)
(32.862331, 24.787346, 0.0)
(32.866257, 24.787285, 0.0)
(32.824913, 24.796360, 0.0)
(32.824989, 24.797054, 0.0)
(35.073097, 24.826893, 0.0)
(39.912910, 24.906187, 0.0)
(40.539906, 25.145594, 0.0)
(40.576645, 25.184940, 0.0)
(40.857090, 25.303619, 0.0)
(41.176311, 25.412691, 0.0)
(41.142673, 25.473951, 0.0)
(40.800129, 25.413198, 0.0)
(40.794594, 25.165085, 0.0)
(40.877354, 25.278074, 0.0)
(40.926079, 25.260113, 0.0)
(40.953560, 25.252512, 0.0)
(40.991993, 25.264406, 0.0)
(41.121048, 25.340530, 0.0)
(41.148998, 25.414068, 0.0)
(41.140999, 25.420813, 0.0)
(41.130745, 25.447618, 0.0)
(41.113297, 25.478771, 0.0)
(41.128784, 25.497591, 0.0)
(41.142776, 25.510593, 0.0)
(41.163948, 25.545256, 0.0)
(41.168861, 25.600782, 0.0)
(41.182278, 25.658531, 0.0)
(41.175049, 25.741117, 0.0)
(41.154392, 25.740717, 0.0)
(41.180965, 25.732916, 0.0)
(41.184387, 25.708645, 0.0)
(41.174389, 25.711384, 0.0)
(41.184711, 25.731415, 0.0)
(41.185120, 25.710848, 0.0)
(41.174568, 25.731281, 0.0)
(37.779598, 25.126957, 0.0)
(32.238731, 24.364296, 0.0)
(31.306358, 24.402494, 0.0)
(31.226353, 24.438971, 0.0)
(28.584112, 23.431965, 0.0)
(28.122747, 23.332355, 0.0)
(28.041391, 23.395185, 0.0)
(28.070601, 23.358589, 0.0)
(28.105183, 23.329126, 0.0)
(28.094425, 23.304640, 0.0)
(28.076916, 23.322828, 0.0)
(28.076916, 23.322828, 0.0)
(28.113134, 23.288523, 0.0)
(28.113157, 23.286806, 0.0)
(28.115135, 23.273956, 0.0)
(28.129333, 23.244045, 0.0)
(28.122450, 23.248638, 0.0)
(28.130762, 23.287340, 0.0)
(28.151634, 23.300127, 0.0)
(28.159269, 23.296743, 0.0)
(28.135832, 23.337234, 0.0)
(28.131645, 23.355232, 0.0)
(28.127707, 23.323759, 0.0)
(28.139172, 23.289429, 0.0)
(28.145815, 23.249973, 0.0)
(28.156109, 23.216530, 0.0)
(28.147665, 23.211718, 0.0)
(28.177406, 23.223833, 0.0)
(28.163349, 23.234758, 0.0)
(28.183336, 23.226883, 0.0)
(28.197002, 23.219271, 0.0)
(28.213959, 23.168272, 0.0)
(28.213781, 23.146311, 0.0)
(28.241505, 23.184738, 0.0)
(28.245756, 23.145700, 0.0)
(28.242710, 23.160463, 0.0)
(28.245373, 23.129244, 0.0)
(28.285597, 23.081043, 0.0)
(28.276905, 23.079994, 0.0)
(25.545689, 23.603756, 0.0)
(23.574678, 23.914291, 0.0)
(23.406414, 23.944666, 0.0)
(23.372229, 23.964582, 0.0)
(23.267643, 23.910065, 0.0)
(23.236023, 23.884520, 0.0)
(23.250063, 23.858351, 0.0)
(23.258501, 23.871191, 0.0)
(23.162792, 23.934305, 0.0)
(22.960196, 24.043135, 0.0)
(22.968454, 24.035807, 0.0)
(22.959070, 24.039259, 0.0)
(22.929087, 23.981953, 0.0)
(22.965168, 23.970028, 0.0)
(22.979521, 23.934601, 0.0)
(22.999004, 23.922438, 0.0)
(23.001486, 23.902355, 0.0)
(23.030029, 23.878725, 0.0)
(23.030466, 23.889410, 0.0)
(23.090778, 23.848206, 0.0)
(24.405909, 24.401434, 0.0)
(31.702702, 23.309875, 0.0)
(31.990185, 22.660219, 0.0)
(32.206924, 22.761738, 0.0)
(32.267056, 22.882332, 0.0)
(32.320141, 22.950357, 0.0)
(32.362617, 22.980524, 0.0)
(32.417065, 23.029175, 0.0)
(32.399513, 22.998081, 0.0)
(31.651989, 23.061226, 0.0)
(26.249598, 23.147993, 0.0)
(24.026669, 23.541670, 0.0)
(23.902473, 23.554939, 0.0)
(23.881079, 23.594677, 0.0)
(23.896519, 23.636995, 0.0)
(23.987648, 23.628241, 0.0)
(29.626436, 23.361734, 0.0)
(34.430279, 23.616035, 0.0)
(34.358173, 23.703758, 0.0)
(34.292057, 23.644222, 0.0)
(35.171009, 23.767521, 0.0)
(35.234764, 23.796618, 0.0)
(35.205906, 23.797974, 0.0)
(35.198093, 23.780245, 0.0)
(35.042774, 23.799095, 0.0)
(35.052177, 23.841408, 0.0)
(34.939774, 23.398748, 0.0)
(35.055386, 23.421911, 0.0)
(35.087257, 23.435532, 0.0)
(35.095524, 23.440187, 0.0)
(35.114513, 23.461647, 0.0)
(35.118961, 23.491034, 0.0)
(35.131760, 23.449148, 0.0)
(35.142250, 23.454086, 0.0)
(35.148327, 23.427277, 0.0)
(35.155220, 23.430857, 0.0)
(35.152588, 23.402889, 0.0)
(35.164600, 23.414286, 0.0)
(35.196911, 23.430981, 0.0)
(35.205017, 23.375837, 0.0)
(35.193642, 23.353462, 0.0)
(35.204506, 23.342941, 0.0)
(35.216915, 23.349506, 0.0)
(35.224243, 23.329611, 0.0)
(35.211823, 23.323856, 0.0)
(35.242149, 23.313360, 0.0)
(35.248730, 23.262281, 0.0)
(35.267002, 23.244217, 0.0)
(35.268360, 23.204390, 0.0)
(35.231865, 23.194136, 0.0)
(35.207787, 23.235628, 0.0)
(31.905132, 25.080021, 0.0)
(28.019630, 27.150362, 0.0)
(27.762581, 27.390902, 0.0)
(27.718016, 27.372707, 0.0)
(27.650640, 27.387854, 0.0)
(27.645691, 27.351706, 0.0)
(27.621780, 27.350080, 0.0)
(26.944687, 30.601002, 0.0)
(26.815445, 31.244690, 0.0)
(26.781065, 31.232092, 0.0)
(26.726051, 31.209429, 0.0)
(29.767395, 29.134489, 0.0)
(35.879860, 26.997360, 0.0)
(39.914211, 27.882002, 0.0)
(40.274170, 28.201094, 0.0)
(40.277584, 28.262598, 0.0)
(40.279682, 28.276543, 0.0)
(40.656998, 28.789646, 0.0)
(42.210629, 30.418011, 0.0)
(42.254211, 30.538063, 0.0)
(42.235256, 30.535973, 0.0)
(42.247860, 30.546118, 0.0)
(42.236408, 30.529968, 0.0)
(42.240311, 30.545904, 0.0)
(42.202267, 30.734285, 0.0)
(41.888214, 31.564802, 0.0)
(41.850246, 31.637173, 0.0)
(41.834209, 31.618675, 0.0)
(41.839260, 31.671099, 0.0)
(41.850033, 31.688091, 0.0)
(41.836006, 31.701002, 0.0)
(41.836288, 31.708815, 0.0)
(41.835991, 31.702789, 0.0)
(41.651184, 31.503983, 0.0)
(36.692722, 25.823959, 0.0)
(33.089409, 24.896858, 0.0)
(33.043980, 24.980644, 0.0)
(32.900280, 24.977444, 0.0)
(30.927120, 22.740757, 0.0)
(30.810383, 22.687662, 0.0)
(30.786343, 22.709826, 0.0)
(30.742649, 22.737123, 0.0)
(30.597090, 22.787300, 0.0)
(29.966133, 23.781498, 0.0)
(30.217749, 22.590303, 0.0)
(30.241041, 22.431538, 0.0)
(30.257225, 22.522308, 0.0)
(30.328564, 22.468685, 0.0)
(30.311525, 22.437033, 0.0)
(30.323353, 22.480995, 0.0)
(30.314339, 22.482843, 0.0)
(30.314875, 22.490089, 0.0)
(30.340418, 22.478128, 0.0)
(30.367558, 22.479120, 0.0)
(30.356224, 22.467939, 0.0)
(30.355671, 22.499819, 0.0)
(30.370802, 22.478714, 0.0)
(30.424164, 22.463570, 0.0)
(30.419239, 22.385267, 0.0)
(30.429253, 22.355511, 0.0)
(30.437714, 22.374943, 0.0)
(30.435499, 22.352833, 0.0)
(30.434988, 22.346247, 0.0)
(30.451599, 22.342453, 0.0)
(30.480379, 22.316973, 0.0)
(30.491524, 22.259804, 0.0)
(30.521040, 22.212694, 0.0)
(30.515726, 22.236368, 0.0)
(30.522318, 22.235783, 0.0)
(34.416199, 23.771923, 0.0)
(39.502674, 25.934244, 0.0)
(40.015697, 26.257166, 0.0)
(40.036617, 26.293909, 0.0)
(41.339550, 26.696575, 0.0)
(41.398445, 26.745502, 0.0)
(41.409924, 26.718489, 0.0)
(41.424835, 26.704802, 0.0)
(41.414471, 26.663315, 0.0)
(41.257935, 27.499199, 0.0)
(41.132854, 26.244286, 0.0)
(41.191719, 26.096434, 0.0)
(41.228798, 26.121773, 0.0)
(41.229858, 26.138073, 0.0)
(41.227821, 26.160419, 0.0)
(41.240635, 26.186302, 0.0)
(41.251987, 26.194838, 0.0)
(41.173374, 26.357122, 0.0)
(41.183479, 26.449640, 0.0)
(41.185833, 26.491486, 0.0)
(41.167538, 26.534767, 0.0)
(41.189541, 26.534994, 0.0)
(41.176109, 26.539574, 0.0)
(41.189198, 26.571051, 0.0)
(41.201550, 26.597614, 0.0)
(41.218719, 26.650229, 0.0)
(41.239944, 26.652096, 0.0)
(41.255981, 26.673540, 0.0)
(41.275120, 26.686743, 0.0)
(41.251236, 26.755407, 0.0)
(41.243134, 26.794252, 0.0)
(41.243114, 26.827148, 0.0)
(41.286850, 26.826220, 0.0)
(38.737495, 25.767868, 0.0)
(37.599464, 25.391941, 0.0)
(37.532429, 25.395008, 0.0)
(37.563671, 25.430408, 0.0)
(37.593128, 25.301069, 0.0)
(37.662239, 25.129887, 0.0)
(37.643749, 25.031174, 0.0)
(37.541283, 26.226810, 0.0)
(37.751579, 25.063375, 0.0)
(37.782658, 24.974945, 0.0)
(37.847179, 25.061157, 0.0)
(37.845345, 25.077568, 0.0)
(37.820801, 25.093115, 0.0)
(37.632507, 25.104816, 0.0)
(37.648224, 25.115685, 0.0)
(37.648575, 25.119902, 0.0)
(37.652634, 25.104078, 0.0)
(37.638683, 25.056736, 0.0)
(37.653751, 25.030952, 0.0)
(37.686825, 25.003109, 0.0)
(37.681965, 25.017097, 0.0)
(37.691498, 25.014992, 0.0)
(37.692963, 24.983925, 0.0)
(37.708179, 24.970163, 0.0)
(37.708179, 24.970163, 0.0)
(37.712383, 24.941725, 0.0)
(37.713787, 24.919348, 0.0)
(37.712116, 24.878258, 0.0)
(37.705753, 24.869360, 0.0)
(37.703674, 24.853348, 0.0)
(37.705437, 24.874254, 0.0)
(37.696499, 24.860638, 0.0)
(37.709774, 24.838919, 0.0)
(37.719265, 24.849691, 0.0)
(36.665615, 25.004007, 0.0)
(31.098171, 25.965067, 0.0)
(26.837671, 28.092350, 0.0)
(24.666456, 29.566837, 0.0)
(24.422508, 29.731318, 0.0)
(24.410429, 29.708715, 0.0)
(23.627932, 30.346243, 0.0)
(23.389555, 30.605844, 0.0)
(23.343786, 30.568193, 0.0)
(23.285414, 30.384434, 0.0)
(22.953701, 30.130442, 0.0)
(23.039146, 29.804199, 0.0)
(23.069960, 29.853054, 0.0)
(23.066919, 29.884329, 0.0)
(23.092281, 29.904797, 0.0)
(23.132980, 29.904886, 0.0)
(23.128275, 29.843014, 0.0)
(23.138021, 29.866226, 0.0)
(23.143467, 29.866232, 0.0)
(23.143436, 29.865797, 0.0)
(23.141642, 29.881388, 0.0)
(23.150051, 29.879816, 0.0)
(23.150204, 29.879667, 0.0)
(23.141365, 29.909662, 0.0)
(23.143921, 29.943775, 0.0)
(23.154951, 30.023491, 0.0)
(23.136244, 30.035711, 0.0)
(23.154480, 30.062647, 0.0)
(23.150528, 30.055418, 0.0)
(23.154657, 30.042334, 0.0)
(23.141027, 30.099257, 0.0)
(23.135559, 30.123739, 0.0)
(23.146952, 30.134501, 0.0)
(23.159132, 30.126238, 0.0)
(23.163460, 30.128834, 0.0)
(24.736801, 29.633516, 0.0)
(31.000851, 28.089083, 0.0)
(33.725883, 27.810684, 0.0)
(33.807751, 27.909227, 0.0)
(33.788929, 27.942825, 0.0)
(33.819996, 27.949781, 0.0)
(33.791744, 28.000578, 0.0)
(33.807476, 28.028778, 0.0)
(33.833965, 28.041834, 0.0)
(33.861271, 28.025640, 0.0)
(37.245884, 28.187042, 0.0)
(40.838505, 30.217974, 0.0)
(41.171993, 30.504330, 0.0)
(41.161671, 30.548056, 0.0)
(41.158627, 30.559500, 0.0)
(41.189316, 30.497572, 0.0)
(41.141243, 30.461821, 0.0)
(40.994400, 27.884247, 0.0)
(40.182556, 22.721010, 0.0)
(39.916195, 22.526857, 0.0)
(39.909981, 22.571487, 0.0)
(39.893421, 22.558966, 0.0)
(39.875084, 22.579821, 0.0)
(39.868591, 22.551510, 0.0)
(36.585182, 23.693199, 0.0)
(30.772240, 25.428188, 0.0)
(29.283340, 26.531116, 0.0)
(29.127712, 26.571503, 0.0)
(29.088091, 26.586527, 0.0)
(29.076891, 26.551489, 0.0)
(29.021088, 26.515139, 0.0)
(28.976524, 26.511196, 0.0)
(32.423027, 27.830717, 0.0)
(38.279884, 30.409420, 0.0)
(39.644474, 31.000103, 0.0)
(39.656120, 30.970570, 0.0)
(39.625946, 30.996807, 0.0)
(39.764622, 29.672134, 0.0)
(39.731899, 26.902430, 0.0)
(39.693298, 26.859623, 0.0)
(39.693336, 26.864237, 0.0)
(39.809921, 26.231619, 0.0)
(39.800797, 26.220097, 0.0)
(39.794807, 26.231194, 0.0)
(39.779816, 26.207481, 0.0)
(39.597126, 26.838228, 0.0)
(39.667522, 26.205790, 0.0)
(39.721489, 26.033775, 0.0)
(39.778679, 26.154943, 0.0)
(39.804901, 26.167717, 0.0)
(39.822578, 26.190310, 0.0)
(39.798260, 26.202124, 0.0)
(39.815639, 26.164749, 0.0)
(39.821136, 26.193413, 0.0)
(39.823063, 26.166334, 0.0)
(39.823349, 26.179806, 0.0)
(39.838806, 26.203829, 0.0)
(39.843281, 26.235960, 0.0)
(39.844273, 26.233023, 0.0)
(39.835541, 26.250801, 0.0)
(39.834763, 26.295345, 0.0)
(39.845005, 26.361713, 0.0)
(39.839413, 26.383623, 0.0)
(39.840546, 26.391562, 0.0)
(39.778854, 26.433071, 0.0)
(39.413944, 26.400837, 0.0)
(39.400097, 26.404381, 0.0)
(39.397587, 26.421768, 0.0)
(39.370670, 26.492512, 0.0)
(39.351540, 26.488979, 0.0)
(39.358971, 26.506819, 0.0)
(39.303383, 26.513777, 0.0)
(34.045856, 28.046362, 0.0)
(28.748566, 29.401155, 0.0)
(25.841661, 30.735451, 0.0)
(25.304800, 31.059855, 0.0)
(25.237080, 31.088680, 0.0)
(24.790739, 31.342567, 0.0)
(23.705595, 31.848248, 0.0)
(23.603607, 31.868143, 0.0)
(23.594006, 31.921679, 0.0)
(23.583557, 31.930899, 0.0)
(23.567493, 31.903234, 0.0)
(23.568666, 31.884705, 0.0)
(23.557467, 31.825760, 0.0)
(23.562101, 31.826622, 0.0)
(23.554688, 31.814224, 0.0)
(23.557199, 31.809660, 0.0)
(23.559788, 31.805292, 0.0)
(23.558374, 31.740093, 0.0)
(23.541920, 31.679159, 0.0)
(23.545269, 31.676113, 0.0)
(23.541039, 31.650440, 0.0)
(23.534430, 31.635378, 0.0)
(23.551636, 31.610201, 0.0)
(23.581947, 31.566664, 0.0)
(23.582701, 31.547565, 0.0)
(23.578548, 31.517473, 0.0)
(24.698936, 30.333590, 0.0)
(26.382744, 28.832268, 0.0)
(26.631344, 28.712963, 0.0)
(26.619287, 28.746126, 0.0)
(26.602880, 28.749277, 0.0)
(26.602228, 28.753471, 0.0)
(26.603748, 28.799694, 0.0)
(26.589304, 28.811514, 0.0)
(26.585930, 28.786465, 0.0)
(26.453804, 27.724543, 0.0)
(26.203642, 24.770851, 0.0)
(26.165512, 24.765247, 0.0)
(26.105009, 24.798431, 0.0)
(26.045212, 24.807129, 0.0)
(26.051720, 24.651594, 0.0)
(26.264664, 23.959848, 0.0)
(26.290131, 23.942081, 0.0)
(26.363249, 24.031740, 0.0)
(26.375000, 24.052565, 0.0)
(26.388819, 24.050825, 0.0)
(26.154684, 24.163191, 0.0)
(26.055836, 24.295778, 0.0)
(26.074789, 24.315403, 0.0)
(26.059502, 24.341028, 0.0)
(26.034740, 24.322195, 0.0)
(26.048958, 24.340979, 0.0)
(26.055151, 24.379656, 0.0)
(26.021797, 24.397781, 0.0)
(26.026178, 24.417330, 0.0)
(26.038136, 24.456808, 0.0)
(26.048542, 24.471491, 0.0)
(26.020823, 24.514952, 0.0)
(26.024429, 24.552853, 0.0)
(26.031889, 24.571520, 0.0)
(26.033743, 24.602184, 0.0)
(26.013592, 24.661058, 0.0)
(26.013805, 24.691896, 0.0)
(26.019699, 24.718178, 0.0)
(26.038239, 24.733051, 0.0)
(26.035622, 24.774601, 0.0)
(26.052317, 24.809355, 0.0)
(26.064331, 24.815750, 0.0)
(26.888071, 25.126085, 0.0)
(33.541080, 27.428022, 0.0)
(35.405930, 27.948694, 0.0)
(35.450527, 28.012081, 0.0)
(35.387230, 27.942715, 0.0)
(35.176617, 28.300358, 0.0)
(35.797943, 27.445593, 0.0)
(35.818211, 27.373512, 0.0)
(35.895145, 27.464314, 0.0)
(35.927525, 27.497482, 0.0)
(35.952839, 27.551519, 0.0)
(35.952717, 27.534313, 0.0)
(35.952377, 27.522118, 0.0)
(35.965027, 27.505465, 0.0)
(35.972412, 27.494057, 0.0)
(36.002922, 27.484703, 0.0)
(36.051167, 27.478867, 0.0)
(36.064358, 27.464476, 0.0)
(36.055988, 27.471148, 0.0)
(36.047535, 27.449976, 0.0)
(36.065014, 27.420691, 0.0)
(36.076900, 27.415289, 0.0)
(35.802151, 27.385288, 0.0)
(35.594936, 27.395521, 0.0)
(35.581448, 27.367657, 0.0)
(35.596046, 27.374859, 0.0)
(35.596046, 27.374859, 0.0)
(35.591862, 27.376705, 0.0)
(35.596046, 27.374859, 0.0)
(35.597179, 27.369595, 0.0)
(35.595791, 27.375467, 0.0)
(35.591450, 27.361214, 0.0)
(35.607079, 27.334009, 0.0)
(34.821175, 24.293550, 0.0)
(33.569813, 21.333334, 0.0)
(33.469971, 21.376669, 0.0)
(33.477932, 21.438614, 0.0)
(32.614738, 20.081764, 0.0)
(32.479923, 20.043243, 0.0)
(32.470722, 20.037590, 0.0)
(32.444759, 20.080393, 0.0)
(32.078400, 19.667856, 0.0)
(32.100594, 19.845989, 0.0)
(32.168186, 19.877890, 0.0)
(32.187542, 19.892735, 0.0)
(32.208809, 19.879250, 0.0)
(32.219479, 19.902884, 0.0)
(32.212776, 19.940874, 0.0)
(32.471188, 19.962563, 0.0)
(32.522064, 20.010141, 0.0)
(32.507862, 19.997555, 0.0)
(32.531902, 20.026009, 0.0)
(32.541531, 20.045708, 0.0)
(32.252834, 20.243755, 0.0)
(32.221542, 20.347511, 0.0)
(32.218548, 20.383650, 0.0)
(32.232212, 20.436483, 0.0)
(32.231678, 20.415127, 0.0)
(32.218914, 20.419994, 0.0)
(32.218315, 20.483934, 0.0)
(32.206364, 20.483934, 0.0)
(32.212528, 20.485142, 0.0)
(32.221203, 20.514090, 0.0)
(32.219437, 20.525864, 0.0)
(32.205975, 20.558018, 0.0)
(32.166725, 20.585663, 0.0)
(32.160118, 20.589010, 0.0)
(34.731689, 21.177561, 0.0)
(38.778076, 22.165016, 0.0)
(39.007416, 22.356667, 0.0)
(38.972393, 22.370270, 0.0)
(40.200748, 22.634087, 0.0)
(40.293449, 22.703066, 0.0)
(40.260880, 22.690275, 0.0)
(40.308399, 22.679005, 0.0)
(40.252281, 22.609089, 0.0)
(40.482819, 22.602058, 0.0)
(40.528728, 22.576460, 0.0)
(40.531700, 22.557182, 0.0)
(40.524578, 22.535877, 0.0)
(40.503880, 22.514250, 0.0)
(40.523598, 22.514355, 0.0)
(40.522842, 22.473991, 0.0)
(40.423969, 22.433237, 0.0)
(40.490398, 22.284864, 0.0)
(40.528046, 22.229250, 0.0)
(40.538105, 22.245731, 0.0)
(40.535561, 22.228806, 0.0)
(40.529461, 22.230650, 0.0)
(40.383625, 22.306425, 0.0)
(40.291412, 22.352112, 0.0)
(40.319744, 22.365337, 0.0)
(40.335728, 22.326025, 0.0)
(40.335705, 22.320539, 0.0)
(40.327560, 22.316523, 0.0)
(40.337364, 22.306952, 0.0)
(40.340141, 22.312899, 0.0)
(40.347412, 22.310795, 0.0)
(40.361206, 22.301453, 0.0)
(40.363937, 22.316652, 0.0)
(40.381252, 22.240177, 0.0)
(40.376980, 22.236790, 0.0)
(40.362587, 22.238897, 0.0)
(40.362587, 22.238897, 0.0)
(39.620083, 23.311846, 0.0)
(39.349670, 23.790941, 0.0)
(39.221317, 23.904739, 0.0)
(39.286194, 24.363909, 0.0)
(39.222649, 23.988537, 0.0)
(39.310577, 23.996977, 0.0)
(39.371807, 24.054190, 0.0)
(39.392555, 24.063190, 0.0)
(39.261139, 23.867279, 0.0)
(39.241947, 23.823376, 0.0)
(39.253376, 23.834368, 0.0)
(39.243328, 23.831402, 0.0)
(39.256912, 23.847630, 0.0)
(39.294861, 23.829884, 0.0)
(39.301380, 23.896332, 0.0)
(39.292683, 23.885065, 0.0)
(39.322506, 23.906227, 0.0)
(39.328964, 23.954002, 0.0)
(39.323875, 23.994736, 0.0)
(38.185173, 24.186415, 0.0)
(38.104412, 24.271744, 0.0)
(38.107342, 24.271744, 0.0)
(38.118191, 24.293453, 0.0)
(38.129448, 24.329712, 0.0)
(38.133270, 24.342197, 0.0)
(38.128849, 24.357441, 0.0)
(38.127823, 24.382725, 0.0)
(38.145737, 24.429371, 0.0)
(38.131912, 24.453136, 0.0)
(38.106514, 24.481289, 0.0)
(38.107605, 24.514557, 0.0)
(38.086361, 24.553257, 0.0)
(38.082142, 24.596415, 0.0)
(38.086346, 24.599220, 0.0)
(38.109650, 24.639160, 0.0)
(38.095371, 24.701284, 0.0)
(38.056591, 24.766119, 0.0)
(35.486984, 26.195747, 0.0)
(31.776985, 27.472515, 0.0)
(31.478376, 27.619963, 0.0)
(31.483084, 27.658072, 0.0)
(31.441280, 27.637438, 0.0)
(28.077198, 30.035786, 0.0)
(27.100273, 30.841536, 0.0)
(26.936037, 30.905500, 0.0)
(26.920818, 30.870588, 0.0)
(29.426054, 30.791214, 0.0)
(36.139881, 30.467909, 0.0)
(39.978638, 30.801338, 0.0)
(40.390079, 31.025162, 0.0)
(40.394741, 31.025188, 0.0)
(40.406174, 31.004866, 0.0)
(41.888580, 31.506874, 0.0)
(42.274555, 31.741085, 0.0)
(42.229061, 31.695358, 0.0)
(42.234219, 31.668688, 0.0)
(42.233150, 31.641186, 0.0)
(42.224579, 31.644304, 0.0)
(42.208405, 31.632017, 0.0)
(42.211273, 31.613836, 0.0)
(42.216843, 31.610357, 0.0)
(42.215733, 31.590401, 0.0)
(42.224377, 31.577042, 0.0)
(42.221577, 31.551689, 0.0)
(42.226620, 31.551153, 0.0)
(40.720863, 29.979015, 0.0)
(39.906536, 28.841351, 0.0)
(39.882915, 28.823240, 0.0)
(39.912899, 28.860962, 0.0)
(39.942669, 28.851980, 0.0)
(39.944687, 28.851980, 0.0)
(39.955803, 28.820768, 0.0)
(39.970619, 28.811049, 0.0)
(40.002602, 28.840849, 0.0)
(40.012085, 28.811859, 0.0)
(39.644573, 28.532644, 0.0)
(36.163303, 26.050745, 0.0)
(36.126709, 26.205086, 0.0)
(36.137733, 26.159140, 0.0)
(36.140205, 26.135843, 0.0)
(36.132572, 26.126541, 0.0)
(36.154659, 26.120199, 0.0)
(36.143642, 26.119120, 0.0)
(36.143497, 26.131769, 0.0)
(36.172588, 26.170570, 0.0)
(36.177322, 26.149776, 0.0)
(35.591309, 26.470934, 0.0)
(33.966633, 27.253267, 0.0)
(33.916164, 27.334343, 0.0)
(33.913643, 27.301325, 0.0)
(33.905243, 27.302198, 0.0)
(33.898983, 27.296303, 0.0)
(33.905121, 27.279160, 0.0)
(33.892021, 27.285271, 0.0)
(31.867680, 27.626604, 0.0)
(31.712856, 27.631922, 0.0)
(31.742632, 27.688101, 0.0)
(31.705662, 27.694651, 0.0)
(31.696404, 27.686022, 0.0)
(30.942932, 28.204180, 0.0)
(27.301071, 30.709072, 0.0)
(26.371504, 31.442070, 0.0)
(26.252087, 31.537766, 0.0)
(26.241806, 31.553131, 0.0)
(26.220892, 31.581593, 0.0)
(26.195007, 31.602028, 0.0)
(26.192364, 31.592867, 0.0)
(26.181627, 31.622919, 0.0)
(26.229195, 31.630211, 0.0)
(31.182913, 30.971056, 0.0)
(31.541674, 31.019751, 0.0)
(31.577700, 31.051702, 0.0)
(33.119659, 30.882631, 0.0)
(33.321571, 30.860189, 0.0)
(33.101398, 30.789196, 0.0)
(33.494175, 31.404097, 0.0)
(33.493011, 30.949238, 0.0)
(33.521862, 30.930178, 0.0)
(33.543709, 30.956379, 0.0)
(33.535374, 30.978512, 0.0)
(33.555122, 30.988907, 0.0)
(33.513199, 30.994608, 0.0)
(33.509621, 30.978827, 0.0)
(33.515865, 30.979296, 0.0)
(33.534874, 30.965128, 0.0)
(33.534256, 30.921204, 0.0)
(33.543941, 30.912960, 0.0)
(33.513641, 30.913528, 0.0)
(33.592464, 30.874182, 0.0)
(33.362709, 30.897362, 0.0)
(33.342007, 30.924171, 0.0)
(33.341839, 30.922089, 0.0)
(33.378464, 30.908558, 0.0)
(33.374390, 30.873959, 0.0)
(33.375359, 30.861464, 0.0)
(33.385826, 30.861725, 0.0)
(33.368294, 30.830175, 0.0)
(33.338860, 30.811611, 0.0)
(33.320942, 30.808662, 0.0)
(33.334404, 30.776354, 0.0)
(33.323711, 30.760742, 0.0)
(33.295650, 30.762709, 0.0)
(33.309933, 30.762238, 0.0)
(35.879162, 26.265493, 0.0)
(37.096123, 24.538483, 0.0)
(37.154186, 24.517942, 0.0)
(37.342857, 24.222990, 0.0)
(39.062370, 22.695465, 0.0)
(39.131958, 22.691086, 0.0)
(39.064278, 22.637377, 0.0)
(39.068977, 22.603487, 0.0)
(39.084518, 22.594595, 0.0)
(39.093029, 22.574108, 0.0)
(39.323051, 22.603498, 0.0)
(39.367447, 22.642521, 0.0)
(39.354218, 22.640261, 0.0)
(39.258724, 22.670986, 0.0)
(38.865559, 22.729494, 0.0)
(38.907959, 22.575542, 0.0)
(38.967926, 22.615870, 0.0)
(38.975769, 22.621576, 0.0)
(39.000191, 22.579655, 0.0)
(38.974560, 22.587376, 0.0)
(38.986317, 22.624903, 0.0)
(38.978840, 22.651413, 0.0)
(38.988873, 22.671223, 0.0)
(38.996307, 22.714569, 0.0)
(39.048904, 22.765402, 0.0)
(39.047344, 22.787079, 0.0)
(39.046181, 22.808622, 0.0)
(39.013657, 22.848665, 0.0)
(39.022774, 22.903566, 0.0)
(39.056721, 22.942301, 0.0)
(39.071739, 22.957621, 0.0)
(39.078094, 22.967127, 0.0)
(39.066067, 23.011826, 0.0)
(39.063843, 23.041771, 0.0)
(40.758308, 24.533205, 0.0)
(40.812153, 24.621254, 0.0)
(40.791824, 24.584663, 0.0)
(40.804333, 24.598328, 0.0)
(40.789307, 24.578077, 0.0)
(40.577953, 25.079355, 0.0)
(40.552231, 24.769690, 0.0)
(40.574326, 24.585754, 0.0)
(40.629230, 24.635487, 0.0)
(40.639107, 24.617630, 0.0)
(40.658978, 24.661146, 0.0)
(40.659367, 24.655203, 0.0)
(40.656860, 24.660757, 0.0)
(40.656860, 24.660757, 0.0)
(40.661964, 24.660400, 0.0)
(40.703224, 24.558716, 0.0)
(40.702221, 24.549030, 0.0)
(40.702713, 24.532358, 0.0)
(40.719864, 24.524954, 0.0)
(40.745640, 24.511402, 0.0)
(40.743984, 24.503984, 0.0)
(40.755104, 24.482422, 0.0)
(40.768803, 24.453627, 0.0)
(40.791462, 24.437870, 0.0)
(40.794857, 24.436184, 0.0)
(40.776146, 24.423931, 0.0)
(40.775299, 24.421810, 0.0)
(40.769585, 24.446560, 0.0)
(40.753685, 24.425657, 0.0)
(40.744396, 24.428518, 0.0)
(40.783642, 24.457405, 0.0)
(40.734531, 24.438080, 0.0)
(40.802277, 24.418249, 0.0)
(40.786392, 24.361073, 0.0)
(40.811687, 24.379400, 0.0)
(40.511276, 25.820940, 0.0)
(39.851017, 30.216990, 0.0)
(39.671032, 30.655367, 0.0)
(39.629700, 30.637877, 0.0)
(39.514160, 32.076286, 0.0)
(39.811310, 32.031265, 0.0)
(39.834938, 31.503630, 0.0)
(39.896122, 31.433945, 0.0)
(39.916813, 31.511574, 0.0)
(39.922211, 31.499424, 0.0)
(39.939148, 31.522430, 0.0)
(39.926327, 31.541386, 0.0)
(39.934273, 31.489262, 0.0)
(39.959930, 31.483046, 0.0)
(39.963390, 31.433012, 0.0)
(40.004341, 31.382439, 0.0)
(40.017220, 31.353889, 0.0)
(40.045326, 31.306580, 0.0)
(40.062515, 31.334806, 0.0)
(40.099728, 31.312326, 0.0)
(39.295990, 29.368391, 0.0)
(39.104240, 28.374790, 0.0)
(39.117405, 28.400736, 0.0)
(39.124977, 28.446302, 0.0)
(39.129196, 28.493107, 0.0)
(39.122601, 28.552635, 0.0)
(39.120037, 28.625658, 0.0)
(39.130444, 28.720583, 0.0)
(39.135319, 28.744774, 0.0)
(39.134556, 28.750769, 0.0)
(39.120060, 28.751711, 0.0)
(39.131435, 28.799999, 0.0)
(39.126591, 28.887308, 0.0)
(39.731678, 29.426781, 0.0)
(42.647419, 31.674326, 0.0)
(42.759323, 31.853315, 0.0)
(42.700562, 31.865128, 0.0)
(42.677998, 31.853195, 0.0)
(42.634697, 31.839371, 0.0)
(42.612476, 31.872238, 0.0)
(42.579914, 31.882902, 0.0)
(42.537983, 31.867395, 0.0)
(42.535633, 31.871195, 0.0)
(42.513947, 31.862638, 0.0)
(42.360420, 31.691435, 0.0)
(42.346344, 31.699144, 0.0)
(42.364956, 31.690619, 0.0)
(42.368927, 31.666449, 0.0)
(42.372070, 31.637247, 0.0)
(42.397663, 31.632416, 0.0)
(42.381271, 31.585489, 0.0)
(42.380344, 31.552149, 0.0)
(42.549622, 31.451368, 0.0)
(42.561443, 31.459541, 0.0)
(42.516449, 31.465786, 0.0)
(42.487202, 31.434166, 0.0)
(42.485771, 31.432259, 0.0)
(42.489143, 31.434361, 0.0)
(42.485271, 31.425640, 0.0)
(42.483185, 31.436344, 0.0)
(42.482594, 31.439980, 0.0)
(42.476280, 31.450056, 0.0)
(42.489429, 31.425507, 0.0)
(42.480480, 31.425238, 0.0)
(42.515499, 31.397709, 0.0)
(42.498714, 31.352270, 0.0)
(42.503937, 31.319773, 0.0)
(42.529221, 31.275330, 0.0)
(42.560604, 31.261114, 0.0)
(42.557335, 31.264500, 0.0)
(42.569412, 31.251810, 0.0)
(42.557388, 31.221273, 0.0)
(42.577385, 31.220861, 0.0)
(42.576698, 31.227629, 0.0)
(41.442085, 30.284271, 0.0)
(36.718529, 27.505890, 0.0)
(31.913031, 27.140837, 0.0)
(28.093670, 27.662346, 0.0)
(26.298481, 28.352684, 0.0)
(26.163769, 28.447084, 0.0)
(26.156389, 28.429028, 0.0)
(25.446737, 27.923637, 0.0)
(23.528543, 26.217402, 0.0)
(23.249792, 26.127687, 0.0)
(23.214018, 26.105488, 0.0)
(23.005163, 25.638975, 0.0)
(22.909681, 25.403076, 0.0)
(22.915241, 25.389898, 0.0)
(22.920977, 25.343163, 0.0)
(22.904110, 25.287672, 0.0)
(22.919828, 25.298868, 0.0)
(22.892149, 25.268850, 0.0)
(22.578249, 25.774332, 0.0)
(22.700998, 25.029160, 0.0)
(22.762360, 25.114367, 0.0)
(22.819910, 25.204163, 0.0)
(22.820494, 25.208544, 0.0)
(22.810503, 25.282299, 0.0)
(22.800625, 25.311668, 0.0)
(22.800108, 25.328085, 0.0)
(22.811148, 25.370161, 0.0)
(22.803017, 25.399015, 0.0)
(22.811251, 25.411598, 0.0)
(22.824055, 25.483271, 0.0)
(22.825485, 25.475008, 0.0)
(25.613171, 23.628513, 0.0)
(26.355556, 23.305506, 0.0)
(26.381746, 23.291336, 0.0)
(26.344997, 23.304062, 0.0)
(26.305052, 23.338263, 0.0)
(25.990499, 23.453009, 0.0)
(25.947552, 23.474009, 0.0)
(25.913982, 23.490767, 0.0)
(25.272991, 24.785799, 0.0)
(25.704876, 23.515820, 0.0)
(25.762318, 23.525328, 0.0)
(25.786919, 23.548595, 0.0)
(25.784697, 23.560022, 0.0)
(25.806805, 23.600576, 0.0)
(25.842546, 23.608582, 0.0)
(25.838861, 23.608423, 0.0)
(25.874029, 23.598909, 0.0)
(25.864515, 23.609365, 0.0)
(25.864561, 23.616631, 0.0)
(25.874401, 23.583807, 0.0)
(25.887438, 23.577887, 0.0)
(25.904873, 23.569544, 0.0)
(25.879330, 23.545706, 0.0)
(25.893595, 23.540346, 0.0)
(25.884050, 23.525908, 0.0)
(25.878553, 23.524822, 0.0)
(25.886694, 23.505909, 0.0)
(25.893034, 23.484049, 0.0)
(25.914549, 23.453968, 0.0)
(25.920145, 23.383314, 0.0)
(25.924578, 23.357086, 0.0)
(25.935863, 23.328325, 0.0)
(25.958403, 23.290451, 0.0)
(25.957924, 23.311831, 0.0)
(25.971815, 23.293009, 0.0)
(24.393925, 24.825195, 0.0)
(24.138840, 25.042946, 0.0)
(24.091864, 25.062910, 0.0)
(23.911238, 25.283197, 0.0)
(23.748346, 26.017838, 0.0)
(23.906929, 24.933826, 0.0)
(23.967224, 24.850578, 0.0)
(23.995655, 24.915812, 0.0)
(24.000000, 24.912771, 0.0)
(23.975557, 24.917509, 0.0)
(23.974781, 24.923874, 0.0)
(24.143091, 24.768345, 0.0)
(24.145319, 24.764208, 0.0)
(24.152462, 24.762163, 0.0)
(24.169115, 24.766253, 0.0)
(24.142900, 24.755119, 0.0)
(24.121880, 24.758947, 0.0)
(24.129152, 24.767637, 0.0)
(24.154940, 24.771000, 0.0)
(24.151480, 24.757576, 0.0)
(24.158035, 24.747265, 0.0)
(24.155655, 24.741886, 0.0)
(24.174551, 24.729942, 0.0)
(24.176844, 24.739735, 0.0)
(24.176844, 24.739735, 0.0)
(24.195194, 24.729631, 0.0)
(24.191307, 24.720879, 0.0)
(24.194326, 24.705379, 0.0)
(24.206062, 24.729048, 0.0)
(24.219038, 24.738117, 0.0)
(24.208157, 24.724483, 0.0)
(24.218815, 24.789814, 0.0)
(24.241133, 24.854939, 0.0)
(24.239918, 24.896290, 0.0)
(24.508436, 24.981812, 0.0)
(29.620066, 25.810648, 0.0)
(30.095112, 25.948231, 0.0)
(30.084667, 25.884905, 0.0)
(30.060886, 28.258461, 0.0)
(30.178242, 27.166475, 0.0)
(30.229073, 26.262371, 0.0)
(30.244213, 26.186314, 0.0)
(30.267803, 26.317444, 0.0)
(30.273968, 26.387619, 0.0)
(30.277203, 26.428658, 0.0)
(30.302446, 26.403257, 0.0)
(30.335260, 26.442848, 0.0)
(30.340630, 26.464575, 0.0)
(30.349724, 26.476900, 0.0)
(30.399698, 26.501160, 0.0)
(30.434725, 26.480116, 0.0)
(30.444708, 26.460165, 0.0)
(30.422127, 26.460527, 0.0)
(30.429455, 26.473330, 0.0)
(30.445156, 26.478331, 0.0)
(30.436623, 26.464331, 0.0)
(30.448885, 26.450109, 0.0)
(30.450575, 26.408094, 0.0)
(30.438171, 26.352783, 0.0)
(30.441053, 26.357292, 0.0)
(30.437721, 26.347912, 0.0)
(30.431473, 26.332602, 0.0)
(30.443785, 26.316208, 0.0)
(30.451635, 26.295317, 0.0)
(30.477932, 26.253580, 0.0)
(30.488455, 26.236528, 0.0)
(30.483370, 26.236376, 0.0)
(30.486689, 26.239653, 0.0)
(32.028194, 26.715733, 0.0)
(36.985958, 28.234945, 0.0)
(37.216053, 28.378891, 0.0)
(37.237114, 28.392015, 0.0)
(37.277416, 29.178568, 0.0)
(37.753418, 28.573452, 0.0)
(37.763390, 28.326155, 0.0)
(37.818344, 28.357960, 0.0)
(37.779697, 28.466291, 0.0)
(37.758881, 28.707458, 0.0)
(37.768185, 28.772568, 0.0)
(37.775330, 28.758133, 0.0)
(37.770100, 28.795210, 0.0)
(37.800369, 28.743254, 0.0)
(37.838692, 28.675531, 0.0)
(37.854012, 28.602913, 0.0)
(37.879780, 28.630371, 0.0)
(37.902794, 28.662188, 0.0)
(37.954422, 28.602711, 0.0)
(37.973621, 28.598051, 0.0)
(37.977581, 28.595804, 0.0)
(37.980732, 28.591858, 0.0)
(37.984688, 28.589607, 0.0)
(37.988659, 28.592468, 0.0)
(37.984688, 28.589607, 0.0)
(37.990757, 28.574785, 0.0)
(38.008057, 28.563169, 0.0)
(38.005417, 28.583273, 0.0)
(37.992714, 28.595181, 0.0)
(37.808838, 28.542147, 0.0)
(36.331268, 26.739714, 0.0)
(36.252037, 26.613035, 0.0)
(36.229454, 26.653015, 0.0)
(36.227955, 26.732224, 0.0)
(36.218349, 26.768600, 0.0)
(36.203430, 26.831190, 0.0)
(31.811701, 25.732487, 0.0)
(27.062227, 25.120020, 0.0)
(25.464249, 25.163481, 0.0)
(25.383266, 25.188206, 0.0)
(25.405500, 25.214607, 0.0)
(23.139587, 24.783598, 0.0)
(22.803005, 24.771912, 0.0)
(22.784372, 24.782925, 0.0)
(22.794031, 24.801407, 0.0)
(22.785578, 24.806164, 0.0)
(22.788179, 24.809626, 0.0)
(22.781580, 24.830397, 0.0)
(22.784441, 24.845917, 0.0)
(22.596460, 24.920767, 0.0)
(22.590101, 24.916561, 0.0)
(22.607174, 24.890236, 0.0)
(22.600241, 24.881422, 0.0)
(22.603880, 24.913670, 0.0)
(22.617710, 24.913544, 0.0)
(22.596924, 24.885397, 0.0)
(22.600004, 24.873438, 0.0)
(22.615282, 24.854527, 0.0)
(22.596979, 24.868919, 0.0)
(22.594069, 24.857903, 0.0)
(22.606827, 24.863701, 0.0)
(22.591745, 24.837210, 0.0)
(22.610043, 24.818140, 0.0)
(22.590895, 24.811064, 0.0)
(22.593412, 24.788136, 0.0)
(22.594093, 24.771845, 0.0)
(22.590885, 24.779488, 0.0)
(22.603964, 24.760433, 0.0)
(22.588600, 24.774193, 0.0)
(22.597219, 24.755289, 0.0)
(22.609997, 24.747675, 0.0)
(22.612101, 24.737476, 0.0)
(22.597795, 24.720081, 0.0)
(23.135063, 25.733669, 0.0)
(24.505989, 28.768801, 0.0)
(24.543491, 29.021566, 0.0)
(24.486515, 28.924158, 0.0)
(24.205654, 30.856504, 0.0)
(24.251711, 29.811554, 0.0)
(24.259224, 29.743309, 0.0)
(24.260284, 29.802076, 0.0)
(24.278616, 29.804157, 0.0)
(24.284718, 29.796822, 0.0)
(24.286020, 29.788668, 0.0)
(24.581568, 29.618643, 0.0)
(24.597124, 29.568979, 0.0)
(24.570585, 29.579487, 0.0)
(24.569237, 29.580589, 0.0)
(24.357117, 29.675747, 0.0)
(24.330488, 29.669065, 0.0)
(24.312567, 29.651663, 0.0)
(24.315504, 29.652191, 0.0)
(24.317493, 29.647383, 0.0)
(24.327578, 29.650421, 0.0)
(25.565220, 27.586756, 0.0)
(28.469297, 25.286606, 0.0)
(29.041960, 25.222803, 0.0)
(29.116749, 25.278980, 0.0)
(29.106607, 25.323076, 0.0)
(29.091509, 25.418343, 0.0)
(29.092335, 25.444115, 0.0)
(29.094000, 25.462788, 0.0)
(29.119858, 25.477303, 0.0)
(29.148745, 25.493359, 0.0)
(29.168409, 25.524492, 0.0)
(29.173029, 25.543833, 0.0)
(29.673506, 26.167255, 0.0)
(30.281610, 27.284004, 0.0)
(30.290739, 27.364691, 0.0)
(30.280872, 27.366083, 0.0)
(30.258038, 27.370989, 0.0)
(30.214169, 27.392723, 0.0)
(30.205603, 27.429102, 0.0)
(30.231470, 27.433163, 0.0)
(30.246239, 27.443594, 0.0)
(30.247143, 27.448547, 0.0)
(30.252138, 27.473295, 0.0)
(30.247166, 27.514912, 0.0)
(30.247976, 27.529049, 0.0)
(30.267204, 27.507858, 0.0)
(30.280262, 27.558399, 0.0)
(30.655876, 27.943384, 0.0)
(30.686729, 27.977957, 0.0)
(30.672428, 27.968033, 0.0)
(30.679707, 27.981705, 0.0)
(30.679707, 27.975384, 0.0)
(30.680691, 27.934425, 0.0)
(30.685303, 27.936934, 0.0)
(30.676292, 27.938631, 0.0)
(30.679146, 27.938633, 0.0)
(30.682995, 27.932899, 0.0)
(30.687813, 27.920227, 0.0)
(30.681646, 27.906935, 0.0)
(30.667622, 27.921082, 0.0)
(30.679762, 27.867929, 0.0)
(30.699924, 27.849094, 0.0)
(30.691317, 27.822706, 0.0)
(30.685608, 27.817471, 0.0)
(30.683319, 27.807756, 0.0)
(30.695671, 27.764303, 0.0)
(30.685438, 27.749294, 0.0)
(30.691286, 27.753426, 0.0)
(30.687181, 27.738441, 0.0)
(30.950083, 27.903416, 0.0)
(36.054192, 29.699038, 0.0)
(36.955482, 29.975121, 0.0)
(37.441235, 30.266474, 0.0)
(37.381641, 29.855440, 0.0)
(37.425735, 29.856480, 0.0)
(37.495590, 29.881781, 0.0)
(37.529861, 29.842573, 0.0)
(37.716824, 30.121134, 0.0)
(37.736744, 30.176992, 0.0)
(37.722027, 30.172600, 0.0)
(37.731758, 30.188944, 0.0)
(37.741344, 30.191143, 0.0)
(37.746685, 30.197248, 0.0)
(37.740425, 30.184071, 0.0)
(37.740425, 30.184071, 0.0)
(37.747032, 30.174021, 0.0)
(37.754551, 30.153847, 0.0)
(37.763924, 30.149813, 0.0)
(37.781513, 30.162836, 0.0)
(37.785004, 30.186062, 0.0)
(37.786373, 30.161781, 0.0)
(37.804276, 30.171183, 0.0)
(37.797924, 30.153328, 0.0)
(37.798531, 30.132412, 0.0)
(37.799557, 30.143347, 0.0)
(37.814198, 30.091873, 0.0)
(37.796871, 30.113617, 0.0)
(37.802773, 30.079325, 0.0)
(37.816624, 30.087187, 0.0)
(37.813305, 30.096478, 0.0)
(37.826340, 30.126974, 0.0)
(37.812847, 30.156647, 0.0)
(37.799881, 30.199589, 0.0)
(37.356861, 29.860729, 0.0)
(32.338001, 24.382380, 0.0)
(31.084282, 23.464804, 0.0)
(31.018948, 23.443638, 0.0)
(30.664309, 22.262688, 0.0)
(30.196878, 21.102064, 0.0)
(30.137772, 21.015245, 0.0)
(30.126955, 21.045774, 0.0)
(30.125973, 21.047503, 0.0)
(30.043610, 21.046352, 0.0)
(29.803469, 22.331135, 0.0)
(29.754494, 20.932087, 0.0)
(29.912680, 20.951645, 0.0)
(29.948528, 21.049562, 0.0)
(29.971630, 21.080849, 0.0)
(29.981089, 21.097021, 0.0)
(29.974373, 21.153049, 0.0)
(29.972950, 21.221035, 0.0)
(29.969013, 21.288866, 0.0)
(29.950996, 21.329781, 0.0)
(29.927023, 21.380449, 0.0)
(29.908752, 21.409033, 0.0)
(29.912672, 21.372465, 0.0)
(29.926615, 21.354399, 0.0)
(29.911209, 21.361460, 0.0)
(29.891426, 21.388247, 0.0)
(29.940979, 21.392389, 0.0)
(29.944986, 21.423634, 0.0)
(29.924879, 21.409073, 0.0)
(29.919821, 21.371712, 0.0)
(29.928823, 21.366154, 0.0)
(29.932529, 21.353430, 0.0)
(29.936956, 21.332678, 0.0)
(29.924213, 21.368263, 0.0)
(29.939348, 21.392563, 0.0)
(30.729286, 21.705448, 0.0)
(36.779671, 23.014578, 0.0)
(40.233879, 24.222435, 0.0)
(40.636818, 24.442923, 0.0)
(40.693642, 24.463058, 0.0)
(41.518066, 24.801481, 0.0)
(41.665859, 24.928825, 0.0)
(41.673515, 24.870073, 0.0)
(41.667439, 24.842861, 0.0)
(41.520195, 24.946419, 0.0)
(41.332363, 24.528639, 0.0)
(41.330544, 24.360270, 0.0)
(41.312759, 24.400763, 0.0)
(41.292034, 24.341772, 0.0)
(41.305084, 24.348282, 0.0)
(41.280483, 24.375235, 0.0)
(41.290485, 24.366531, 0.0)
(41.289879, 24.336061, 0.0)
(41.323551, 24.312201, 0.0)
(41.342751, 24.306761, 0.0)
(41.347225, 24.321070, 0.0)
(41.354076, 24.335756, 0.0)
(41.365040, 24.355804, 0.0)
(41.365040, 24.355804, 0.0)
(41.361252, 24.351299, 0.0)
(41.389694, 24.362198, 0.0)
(41.402489, 24.353376, 0.0)
(41.424671, 24.321684, 0.0)
(41.455139, 24.285912, 0.0)
(41.458897, 24.228632, 0.0)
(41.466057, 24.246578, 0.0)
(41.480087, 24.280531, 0.0)
(41.445774, 24.309887, 0.0)
(41.425346, 24.334904, 0.0)
(40.452999, 23.082300, 0.0)
(39.870506, 21.843552, 0.0)
(39.865120, 21.723385, 0.0)
(39.915478, 21.721039, 0.0)
(39.888954, 21.336264, 0.0)
(39.850616, 21.299910, 0.0)
(39.839859, 21.338184, 0.0)
(39.809891, 21.364304, 0.0)
(39.817211, 21.377361, 0.0)
(39.817730, 21.404596, 0.0)
(39.839561, 21.416573, 0.0)
(39.833111, 21.386982, 0.0)
(39.822701, 21.399529, 0.0)
(39.823242, 21.441772, 0.0)
(39.818939, 21.464851, 0.0)
(39.808296, 21.491724, 0.0)
(39.795971, 21.530991, 0.0)
(39.804131, 21.545908, 0.0)
(39.797356, 21.548260, 0.0)
(39.779633, 21.552311, 0.0)
(39.791836, 21.618212, 0.0)
(39.788830, 21.642868, 0.0)
(39.789658, 21.666103, 0.0)
(39.756996, 21.662659, 0.0)
(39.757854, 21.668251, 0.0)
(39.749126, 21.704285, 0.0)
(39.737408, 21.707327, 0.0)
(39.592674, 21.635815, 0.0)
(39.559151, 21.639776, 0.0)
(39.559490, 21.650156, 0.0)
(39.567360, 21.673546, 0.0)
(39.571922, 21.626373, 0.0)
(39.565796, 21.660128, 0.0)
(39.569565, 21.666454, 0.0)
(39.566639, 21.661186, 0.0)
(39.581161, 21.642115, 0.0)
(39.608967, 21.612726, 0.0)
(39.579052, 21.647100, 0.0)
(39.600117, 23.681698, 0.0)
(33.652962, 23.118868, 0.0)
(32.793850, 23.532114, 0.0)
(32.752457, 23.637939, 0.0)
(32.772686, 23.601908, 0.0)
(32.759411, 23.583759, 0.0)
(30.033266, 26.475981, 0.0)
(28.632837, 28.590483, 0.0)
(28.501085, 28.659166, 0.0)
(28.466461, 28.619837, 0.0)
(28.420216, 28.583750, 0.0)
(29.905863, 26.876545, 0.0)
(34.722019, 22.636265, 0.0)
(36.128071, 22.749405, 0.0)
(36.171143, 22.723204, 0.0)
(36.164181, 22.730135, 0.0)
(36.170341, 22.688435, 0.0)
(36.176006, 22.690109, 0.0)
(32.966129, 25.692223, 0.0)
(28.836798, 29.392799, 0.0)
(27.489391, 30.442974, 0.0)
(27.304462, 30.554014, 0.0)
(27.271130, 30.537693, 0.0)
(27.230579, 30.548765, 0.0)
(27.217695, 30.539875, 0.0)
(27.201286, 30.535141, 0.0)
(27.186306, 30.552326, 0.0)
(27.235872, 30.501183, 0.0)
(29.530804, 27.086510, 0.0)
(30.181379, 26.440331, 0.0)
(30.211775, 26.359600, 0.0)
(30.197571, 26.401728, 0.0)
(30.215958, 26.403221, 0.0)
(30.197388, 26.375227, 0.0)
(29.028458, 25.305922, 0.0)
(28.036697, 24.088825, 0.0)
(27.994827, 24.060133, 0.0)
(27.967346, 24.085207, 0.0)
(27.920826, 24.014545, 0.0)
(27.834215, 23.761328, 0.0)
(27.841330, 23.737473, 0.0)
(27.742874, 23.730270, 0.0)
(27.822195, 23.632273, 0.0)
(27.879887, 23.605305, 0.0)
(27.898754, 23.786215, 0.0)
(27.915514, 23.886267, 0.0)
(27.862293, 23.910984, 0.0)
(27.659615, 23.924608, 0.0)
(27.647329, 23.954779, 0.0)
(27.628626, 23.943964, 0.0)
(27.629862, 23.976641, 0.0)
(27.659182, 23.971682, 0.0)
(27.669270, 23.996834, 0.0)
(27.667475, 24.068333, 0.0)
(27.686178, 24.101416, 0.0)
(27.652578, 24.150650, 0.0)
(27.641562, 24.183712, 0.0)
(27.648058, 24.194437, 0.0)
(27.671497, 24.176985, 0.0)
(27.692482, 24.183352, 0.0)
(27.697309, 24.191301, 0.0)
(27.703001, 24.233961, 0.0)
(27.700756, 24.210108, 0.0)
(27.675922, 24.224327, 0.0)
(27.673897, 24.207050, 0.0)
(27.675137, 24.210560, 0.0)
(27.690916, 24.190147, 0.0)
(27.699984, 24.167259, 0.0)
(31.641542, 28.157801, 0.0)
(33.538441, 31.529396, 0.0)
(33.523129, 31.711761, 0.0)
(33.389820, 31.700098, 0.0)
(33.346146, 31.656523, 0.0)
(33.334007, 33.643276, 0.0)
(33.206875, 33.289639, 0.0)
(33.186031, 32.647499, 0.0)
(33.207340, 32.501617, 0.0)
(33.215027, 32.560570, 0.0)
(33.202312, 32.615948, 0.0)
(33.218853, 32.622997, 0.0)
(33.212791, 32.612434, 0.0)
(33.211628, 32.643967, 0.0)
(33.252335, 32.601257, 0.0)
(33.272640, 32.597515, 0.0)
(33.273266, 32.582001, 0.0)
(33.320820, 31.967611, 0.0)
(33.718784, 27.235689, 0.0)
(33.811031, 27.092529, 0.0)
(33.784489, 27.138803, 0.0)
(33.778324, 27.156895, 0.0)
(33.787197, 27.159544, 0.0)
(33.778080, 27.194624, 0.0)
(33.794441, 27.187693, 0.0)
(33.801823, 27.178102, 0.0)
(33.854603, 27.177059, 0.0)
(33.844742, 27.151840, 0.0)
(33.856327, 27.199215, 0.0)
(33.878330, 27.158134, 0.0)
(33.872654, 27.172615, 0.0)
(33.867504, 27.182240, 0.0)
(33.869255, 27.163000, 0.0)
(34.506596, 26.672348, 0.0)
(38.477413, 22.677683, 0.0)
(39.761635, 22.605198, 0.0)
(39.844009, 22.639179, 0.0)
(39.973377, 22.607201, 0.0)
(41.423965, 22.605221, 0.0)
(41.468025, 22.602455, 0.0)
(41.430122, 22.560707, 0.0)
(41.384514, 22.548033, 0.0)
(41.346916, 22.575493, 0.0)
(41.328579, 22.620548, 0.0)
(41.307625, 22.629515, 0.0)
(41.290810, 22.618038, 0.0)
(41.254021, 22.613707, 0.0)
(41.286530, 22.701036, 0.0)
(41.294399, 22.714588, 0.0)
(41.255135, 22.693531, 0.0)
(41.239193, 22.753784, 0.0)
(41.239124, 22.800121, 0.0)
(41.198563, 22.789665, 0.0)
(41.167587, 22.837040, 0.0)
(41.159470, 22.880995, 0.0)
(41.146770, 22.915709, 0.0)
(41.147324, 22.905287, 0.0)
(41.142570, 22.902065, 0.0)
(41.145386, 22.900749, 0.0)
(41.153118, 22.949919, 0.0)
(41.135937, 23.009068, 0.0)
(41.123493, 23.066576, 0.0)
(40.438869, 23.099758, 0.0)
(40.378643, 23.067640, 0.0)
(40.386402, 23.017851, 0.0)
(40.393780, 22.975634, 0.0)
(40.418343, 22.955856, 0.0)
(40.397747, 22.987394, 0.0)
(40.408867, 22.967089, 0.0)
(40.427521, 22.998312, 0.0)
(40.444675, 22.980713, 0.0)
(40.669846, 24.665144, 0.0)
(40.921001, 27.253113, 0.0)
(40.896770, 30.068422, 0.0)
(40.718891, 28.879282, 0.0)
(40.737591, 28.709934, 0.0)
(40.786263, 28.794924, 0.0)
(40.830547, 28.776283, 0.0)
(40.858860, 28.764481, 0.0)
(40.867764, 28.723936, 0.0)
(40.916042, 28.729980, 0.0)
(40.938686, 28.700348, 0.0)
(40.961178, 28.698666, 0.0)
(40.997437, 28.701376, 0.0)
(41.017105, 28.713741, 0.0)
(41.024555, 28.696127, 0.0)
(41.028076, 28.678497, 0.0)
(41.045685, 28.636988, 0.0)
(41.057117, 28.592562, 0.0)
(41.055275, 28.573076, 0.0)
(41.058475, 28.548990, 0.0)
(41.054428, 28.486094, 0.0)
(41.065407, 28.553360, 0.0)
(41.065407, 28.553360, 0.0)
(40.460968, 28.216812, 0.0)
(40.082790, 28.040987, 0.0)
(40.078094, 28.019379, 0.0)
(40.081135, 28.034039, 0.0)
(40.059551, 28.022137, 0.0)
(40.050205, 27.973186, 0.0)
(40.079144, 27.943035, 0.0)
(40.099464, 27.928530, 0.0)
(40.094013, 27.927973, 0.0)
(35.663456, 29.870249, 0.0)
(32.397663, 31.552645, 0.0)
(32.310345, 31.694124, 0.0)
(32.316521, 31.688705, 0.0)
(32.105026, 31.817179, 0.0)
(31.292253, 32.858154, 0.0)
(31.140305, 32.976536, 0.0)
(31.097713, 32.908756, 0.0)
(30.980495, 34.396763, 0.0)
(30.778276, 34.925888, 0.0)
(30.906525, 33.805016, 0.0)
(30.890600, 33.384438, 0.0)
(30.891399, 33.268848, 0.0)
(30.885014, 33.271442, 0.0)
(30.883490, 33.256405, 0.0)
(30.898130, 33.293793, 0.0)
(30.879993, 33.310009, 0.0)
(30.857328, 33.322021, 0.0)
(30.850437, 33.361912, 0.0)
(30.865906, 33.342854, 0.0)
(30.854200, 33.380898, 0.0)
(30.834291, 33.432823, 0.0)
(30.836699, 33.465549, 0.0)
(30.852608, 33.504990, 0.0)
(30.055346, 32.546116, 0.0)
(29.114216, 30.670769, 0.0)
(28.958279, 30.440823, 0.0)
(28.947294, 30.473059, 0.0)
(28.834431, 30.265041, 0.0)
(28.796648, 29.523174, 0.0)
(28.792532, 29.408810, 0.0)
(28.778847, 29.442667, 0.0)
(28.771498, 29.400368, 0.0)
(28.884859, 29.106668, 0.0)
(31.447536, 26.175772, 0.0)
(32.614677, 24.946985, 0.0)
(32.749771, 25.002748, 0.0)
(33.215485, 22.409302, 0.0)
(33.896320, 20.523224, 0.0)
(33.932919, 20.473982, 0.0)
(33.901363, 20.524469, 0.0)
(34.230640, 20.017670, 0.0)
(34.355831, 19.756393, 0.0)
(34.359444, 19.728033, 0.0)
(34.357292, 19.704817, 0.0)
(34.383728, 19.655384, 0.0)
(34.351082, 19.658531, 0.0)
(34.341686, 19.654617, 0.0)
(34.302765, 19.644772, 0.0)
(34.282608, 19.642889, 0.0)
(34.277546, 19.642513, 0.0)
(34.325840, 19.617550, 0.0)
(34.341755, 19.587065, 0.0)
(34.346436, 19.548681, 0.0)
(34.336899, 19.579647, 0.0)
(34.326248, 19.625555, 0.0)
(34.307808, 19.675842, 0.0)
(34.311539, 19.683544, 0.0)
(34.290550, 19.709780, 0.0)
(34.294788, 19.705666, 0.0)
(33.241360, 21.538944, 0.0)
(32.866295, 22.467161, 0.0)
(32.801777, 22.555990, 0.0)
(32.800526, 22.551432, 0.0)
(32.769508, 22.541235, 0.0)
(32.773254, 22.568754, 0.0)
(32.766560, 22.540991, 0.0)
(32.762234, 22.539488, 0.0)
(32.827202, 22.515837, 0.0)
(31.681377, 23.647934, 0.0)
(27.314583, 28.490067, 0.0)
(26.560120, 29.717678, 0.0)
(26.378082, 29.809011, 0.0)
(26.334475, 29.736258, 0.0)
(26.183729, 30.515305, 0.0)
(25.780396, 29.874924, 0.0)
(25.780561, 29.062920, 0.0)
(25.844694, 28.931377, 0.0)
(25.855673, 29.036633, 0.0)
(25.864134, 29.073351, 0.0)
(25.850784, 29.118690, 0.0)
(25.851423, 29.161091, 0.0)
(25.857992, 29.206717, 0.0)
(25.867348, 29.206816, 0.0)
(25.893394, 29.265411, 0.0)
(25.895172, 29.279133, 0.0)
(25.866650, 29.330233, 0.0)
(25.877787, 29.338095, 0.0)
(25.870342, 29.377514, 0.0)
(25.852674, 29.399212, 0.0)
(25.853031, 29.416412, 0.0)
(25.853460, 29.451143, 0.0)
(25.842030, 29.480469, 0.0)
(25.834713, 29.559668, 0.0)
(25.826395, 29.567102, 0.0)
(25.818235, 29.565351, 0.0)
(25.844038, 29.604654, 0.0)
(25.899380, 29.623413, 0.0)
(25.902269, 29.566879, 0.0)
(25.892437, 29.559917, 0.0)
(25.902004, 29.594824, 0.0)
(25.924734, 29.631048, 0.0)
(25.924244, 29.625340, 0.0)
(30.563538, 27.251770, 0.0)
(36.293953, 24.867107, 0.0)
(38.063339, 24.865124, 0.0)
(38.011406, 24.894196, 0.0)
(39.027599, 25.787216, 0.0)
(38.853386, 24.877144, 0.0)
(38.902214, 24.789551, 0.0)
(38.927273, 24.814274, 0.0)
(38.956551, 24.814760, 0.0)
(39.001751, 24.768497, 0.0)
(39.193211, 24.860666, 0.0)
(39.223896, 24.895105, 0.0)
(39.233612, 24.864504, 0.0)
(39.245445, 24.861963, 0.0)
(39.272491, 24.847672, 0.0)
(39.323982, 24.834734, 0.0)
(39.267696, 24.816206, 0.0)
(39.126648, 24.783401, 0.0)
(39.086639, 24.775959, 0.0)
(39.081951, 24.762148, 0.0)
(39.099773, 24.768641, 0.0)
(39.116596, 24.779329, 0.0)
(39.135464, 24.784229, 0.0)
(39.146908, 24.813848, 0.0)
(39.154285, 24.820675, 0.0)
(39.180206, 24.822647, 0.0)
(39.213123, 24.821676, 0.0)
(39.197987, 24.795092, 0.0)
(39.221817, 24.774958, 0.0)
(39.222504, 24.776159, 0.0)
(39.218010, 24.774984, 0.0)
(39.217648, 24.776640, 0.0)
(39.216873, 24.768169, 0.0)
(38.673077, 24.625019, 0.0)
(34.910107, 23.099987, 0.0)
(34.879406, 23.121134, 0.0)
(34.914032, 23.124956, 0.0)
(34.849976, 21.917143, 0.0)
(34.836781, 21.901016, 0.0)
(34.824650, 21.921022, 0.0)
(34.810570, 21.925714, 0.0)
(34.816799, 21.953003, 0.0)
(34.818394, 21.996891, 0.0)
(34.689510, 21.822275, 0.0)
(34.689556, 21.785444, 0.0)
(34.653366, 21.800871, 0.0)
(34.677631, 21.824371, 0.0)
(34.664944, 21.845724, 0.0)
(34.663456, 21.849495, 0.0)
(34.672848, 21.867170, 0.0)
(34.697716, 21.913006, 0.0)
(34.680946, 21.943474, 0.0)
(34.662754, 21.977840, 0.0)
(34.660812, 21.987368, 0.0)
(34.658649, 22.022564, 0.0)
(34.650131, 22.041958, 0.0)
(34.653133, 22.115126, 0.0)
(34.620327, 22.117193, 0.0)
(34.622707, 22.143589, 0.0)
(34.623123, 22.156076, 0.0)
(34.606537, 22.197113, 0.0)
(34.600143, 22.222221, 0.0)
(34.588783, 22.217278, 0.0)
(33.626160, 22.703825, 0.0)
(33.473862, 22.781557, 0.0)
(33.575352, 22.751137, 0.0)
(33.532578, 22.745131, 0.0)
(33.535652, 22.711967, 0.0)
(33.536247, 22.682983, 0.0)
(33.537983, 22.679737, 0.0)
(33.525581, 22.693022, 0.0)
(33.314728, 22.852715, 0.0)
(29.188723, 26.686419, 0.0)
(28.267378, 27.583847, 0.0)
(28.144928, 27.607275, 0.0)
(28.119993, 27.554960, 0.0)
(28.236147, 28.002056, 0.0)
(28.228064, 28.221001, 0.0)
(28.174873, 28.216417, 0.0)
(28.168039, 28.164265, 0.0)
(28.146191, 28.136427, 0.0)
(28.107630, 28.112959, 0.0)
(28.103460, 28.052446, 0.0)
(28.115093, 28.007103, 0.0)
(28.094910, 27.967400, 0.0)
(28.100883, 27.914061, 0.0)
(28.096973, 27.880661, 0.0)
(28.123383, 27.828321, 0.0)
(28.113092, 27.816128, 0.0)
(28.117580, 27.810131, 0.0)
(28.106798, 27.808578, 0.0)
(28.099102, 27.793041, 0.0)
(28.102722, 27.787188, 0.0)
(28.097111, 27.787693, 0.0)
(28.092230, 27.778442, 0.0)
(28.097811, 27.756371, 0.0)
(28.012974, 27.680347, 0.0)
(27.942930, 28.570950, 0.0)
(28.105616, 27.449192, 0.0)
(28.157259, 27.303385, 0.0)
(28.209570, 27.349157, 0.0)
(28.245811, 27.392029, 0.0)
(28.248775, 27.437624, 0.0)
(28.241459, 27.459492, 0.0)
(28.254520, 27.425888, 0.0)
(28.280647, 27.437582, 0.0)
(28.323578, 27.447456, 0.0)
(32.729462, 25.924948, 0.0)
(35.125141, 25.490931, 0.0)
(35.143940, 25.494722, 0.0)
(35.130390, 25.521015, 0.0)
(35.136101, 25.530552, 0.0)
(35.136959, 25.535852, 0.0)
(35.397690, 25.573839, 0.0)
(35.397820, 25.605659, 0.0)
(35.416271, 25.642185, 0.0)
(35.435310, 25.616716, 0.0)
(35.416489, 25.635593, 0.0)
(35.431114, 25.648708, 0.0)
(35.463707, 25.697155, 0.0)
(35.451031, 25.703297, 0.0)
(35.392822, 25.747065, 0.0)
(35.358349, 25.804161, 0.0)
(35.363808, 25.837284, 0.0)
(35.376713, 25.858902, 0.0)
(35.201065, 25.868290, 0.0)
(35.191841, 25.912718, 0.0)
(35.112953, 25.899317, 0.0)
(35.062263, 25.923887, 0.0)
(35.152256, 26.016981, 0.0)
(35.183327, 26.018641, 0.0)
(35.185951, 26.014292, 0.0)
(35.176735, 26.013681, 0.0)
(35.207279, 26.013218, 0.0)
(35.215290, 26.019440, 0.0)
(35.233376, 26.027485, 0.0)
(35.246799, 26.017506, 0.0)
(35.250069, 26.046341, 0.0)
(35.256516, 26.063349, 0.0)
(35.224548, 26.073856, 0.0)
(35.234512, 26.117502, 0.0)
(35.219673, 26.135117, 0.0)
(35.223251, 26.132992, 0.0)
(35.219711, 26.104816, 0.0)
(35.217838, 26.089520, 0.0)
(35.227352, 26.135204, 0.0)
(36.463486, 25.461237, 0.0)
(39.673637, 23.488558, 0.0)
(40.084499, 23.405375, 0.0)
(40.101807, 23.357592, 0.0)
(40.403469, 23.228205, 0.0)
(40.470245, 23.170547, 0.0)
(40.442852, 23.158596, 0.0)
(40.428902, 23.163076, 0.0)
(40.133411, 23.206697, 0.0)
(40.262779, 23.164310, 0.0)
(40.177887, 22.847147, 0.0)
(40.269794, 22.910486, 0.0)
(40.310436, 22.931425, 0.0)
(40.339436, 22.929998, 0.0)
(40.354641, 22.913355, 0.0)
(40.357639, 22.899986, 0.0)
(40.337673, 22.919756, 0.0)
(40.242313, 22.886314, 0.0)
(40.234734, 22.881660, 0.0)
(40.242455, 22.880770, 0.0)
(40.247898, 22.875496, 0.0)
(40.277954, 22.885691, 0.0)
(40.304104, 22.848843, 0.0)
(40.291348, 22.820707, 0.0)
(40.298298, 22.848028, 0.0)
(40.300308, 22.860222, 0.0)
(40.302258, 22.885538, 0.0)
(40.277641, 22.884953, 0.0)
(40.286488, 22.889395, 0.0)
(40.292690, 22.864958, 0.0)
(40.295845, 22.878527, 0.0)
(40.299911, 22.873409, 0.0)
(40.296284, 22.902929, 0.0)
(40.310707, 22.900043, 0.0)
(38.461639, 23.291851, 0.0)
(35.312267, 24.242767, 0.0)
(35.251377, 24.282780, 0.0)
(35.257195, 24.303482, 0.0)
(35.237717, 24.330128, 0.0)
(32.891224, 25.676764, 0.0)
(28.231562, 28.687620, 0.0)
(26.585541, 30.445196, 0.0)
(26.423170, 30.612917, 0.0)
(26.360746, 30.580420, 0.0)
(25.035952, 31.899813, 0.0)
(24.676813, 32.369423, 0.0)
(24.550240, 32.392010, 0.0)
(24.539110, 32.422531, 0.0)
(24.510714, 32.477943, 0.0)
(24.800707, 32.404041, 0.0)
(24.813038, 32.419178, 0.0)
(24.790075, 32.428516, 0.0)
(24.766108, 32.442028, 0.0)
(24.756554, 32.497875, 0.0)
(24.763874, 32.468616, 0.0)
(24.750021, 32.469025, 0.0)
(24.750790, 32.480919, 0.0)
(24.756420, 32.518044, 0.0)
(24.744278, 32.513100, 0.0)
(24.739742, 32.525051, 0.0)
(24.745781, 32.536171, 0.0)
(24.749876, 32.529915, 0.0)
(24.844055, 32.162193, 0.0)
(26.710688, 28.703829, 0.0)
(29.206594, 26.378347, 0.0)
(30.321514, 25.784914, 0.0)
(30.361851, 25.751659, 0.0)
(30.313110, 25.758488, 0.0)
(30.295479, 25.756502, 0.0)
(30.311007, 25.752825, 0.0)
(30.306780, 25.734016, 0.0)
(30.309929, 25.729740, 0.0)
(31.221128, 26.217657, 0.0)
(34.968067, 28.562004, 0.0)
(35.010952, 28.647491, 0.0)
(34.933231, 28.561216, 0.0)
(34.891403, 28.491579, 0.0)
(35.320496, 28.667429, 0.0)
(35.418499, 28.719486, 0.0)
(35.407574, 28.724096, 0.0)
(35.420506, 28.710297, 0.0)
(35.414997, 28.736856, 0.0)
(35.411629, 28.743553, 0.0)
(35.427406, 28.721245, 0.0)
(35.421032, 28.715706, 0.0)
(35.426834, 28.690239, 0.0)
(35.449474, 28.634794, 0.0)
(35.456593, 28.598223, 0.0)
(35.444836, 28.601316, 0.0)
(35.489807, 28.585484, 0.0)
(35.490261, 28.555023, 0.0)
(35.487476, 28.549112, 0.0)
(35.488918, 28.554636, 0.0)
(35.488918, 28.554636, 0.0)
(35.490025, 28.543144, 0.0)
(35.501133, 28.529034, 0.0)
(35.497746, 28.512159, 0.0)
(35.500221, 28.512821, 0.0)
(35.489349, 28.511694, 0.0)
(35.497368, 28.520922, 0.0)
(35.481110, 28.443888, 0.0)
(35.495117, 28.458227, 0.0)
(35.497066, 28.434372, 0.0)
(35.493992, 28.427177, 0.0)
(35.486126, 28.427189, 0.0)
(35.497250, 28.419888, 0.0)
(35.500221, 28.451004, 0.0)
(35.489101, 28.438183, 0.0)
(35.478661, 28.415316, 0.0)
(35.544067, 28.582869, 0.0)
(38.717525, 31.773947, 0.0)
(39.142361, 32.309845, 0.0)
(39.142281, 32.351067, 0.0)
(39.117245, 32.376579, 0.0)
(39.589725, 32.628311, 0.0)
(39.622238, 32.731522, 0.0)
(39.590343, 32.764526, 0.0)
(39.603951, 32.774189, 0.0)
(39.563740, 32.750572, 0.0)
(39.576885, 32.781025, 0.0)
(39.583817, 32.839512, 0.0)
(39.578327, 32.904301, 0.0)
(39.573090, 32.936222, 0.0)
(39.587463, 32.934345, 0.0)
(39.593948, 32.937943, 0.0)
(39.572269, 32.957382, 0.0)
(39.556198, 32.987041, 0.0)
(39.551693, 32.977722, 0.0)
(39.561813, 33.030918, 0.0)
(39.557320, 33.040558, 0.0)
(39.567730, 33.027760, 0.0)
(39.578041, 33.048744, 0.0)
(39.562214, 33.047062, 0.0)
(39.559269, 33.050278, 0.0)
(39.564774, 33.019169, 0.0)
(39.554829, 33.015018, 0.0)
(39.552906, 33.019875, 0.0)
(39.546722, 32.998165, 0.0)
(39.537453, 32.992046, 0.0)
(39.499195, 32.992546, 0.0)
(39.518993, 32.982719, 0.0)
(39.499905, 32.942356, 0.0)
(39.469688, 32.910648, 0.0)
(39.464287, 32.916878, 0.0)
