{
  "prompt": "black pupil.",
  "gsam2_centers": [
    {
      "valid": true,
      "cx": 128.88,
      "cy": 119.11,
      "area": 347,
      "det_score": 0.4501,
      "sam_score": 0.954,
      "box": [
        118.8,
        107.8,
        139.4,
        131.3
      ],
      "repeats": [
        [
          128.74,
          118.99
        ],
        [
          128.93,
          119.25
        ],
        [
          128.87,
          119.08
        ],
        [
          128.94,
          119.04
        ],
        [
          129.94,
          119.18
        ]
      ],
      "idx": 1605,
      "mislabel": false,
      "mislabel_reason": "ok",
      "e_unet": 1.03
    },
    {
      "valid": true,
      "cx": 128.82,
      "cy": 119.3,
      "area": 344,
      "det_score": 0.4423,
      "sam_score": 0.9531,
      "box": [
        118.8,
        107.9,
        139.4,
        131.4
      ],
      "repeats": [
        [
          128.78,
          119.11
        ],
        [
          128.88,
          119.39
        ],
        [
          128.82999999999998,
          119.21
        ],
        [
          128.95999999999998,
          119.17
        ],
        [
          129.99,
          119.29
        ]
      ],
      "idx": 1606,
      "mislabel": false,
      "mislabel_reason": "ok",
      "e_unet": 1.11
    },
    {
      "valid": true,
      "cx": 129.0,
      "cy": 119.26,
      "area": 347,
      "det_score": 0.4259,
      "sam_score": 0.9544,
      "box": [
        118.9,
        107.7,
        139.6,
        131.5
      ],
      "repeats": [
        [
          128.99,
          119.22
        ],
        [
          129.05,
          119.32
        ],
        [
          129.09,
          119.26
        ],
        [
          129.06,
          119.21
        ],
        [
          130.07,
          119.28
        ]
      ],
      "idx": 1607,
      "mislabel": false,
      "mislabel_reason": "ok",
      "e_unet": 1.13
    },
    {
      "valid": true,
      "cx": 129.03,
      "cy": 119.33,
      "area": 348,
      "det_score": 0.4516,
      "sam_score": 0.953,
      "box": [
        119.1,
        107.8,
        139.6,
        131.5
      ],
      "repeats": [
        [
          129.14,
          119.17
        ],
        [
          129.11,
          119.38
        ],
        [
          129.12,
          119.23
        ],
        [
          129.15,
          119.18
        ],
        [
          130.21,
          119.22
        ]
      ],
      "idx": 1608,
      "mislabel": false,
      "mislabel_reason": "ok",
      "e_unet": 1.09
    },
    {
      "valid": true,
      "cx": 129.07,
      "cy": 119.37,
      "area": 348,
      "det_score": 0.4325,
      "sam_score": 0.9526,
      "box": [
        119.0,
        107.7,
        139.8,
        131.5
      ],
      "repeats": [
        [
          129.07999999999998,
          119.24
        ],
        [
          129.07,
          119.4
        ],
        [
          129.09,
          119.26
        ],
        [
          129.19,
          119.26
        ],
        [
          130.22,
          119.27
        ]
      ],
      "idx": 1609,
      "mislabel": false,
      "mislabel_reason": "ok",
      "e_unet": 1.1
    },
    {
      "valid": true,
      "cx": 129.16,
      "cy": 119.03,
      "area": 347,
      "det_score": 0.4462,
      "sam_score": 0.9537,
      "box": [
        119.1,
        107.7,
        139.7,
        131.5
      ],
      "repeats": [
        [
          129.05,
          119.09
        ],
        [
          129.23000000000002,
          119.17
        ],
        [
          129.17000000000002,
          119.16
        ],
        [
          129.24,
          119.03
        ],
        [
          130.2,
          119.18
        ]
      ],
      "idx": 1610,
      "mislabel": false,
      "mislabel_reason": "ok",
      "e_unet": 1.12
    },
    {
      "valid": true,
      "cx": 139.82999999999998,
      "cy": 103.65,
      "area": 331,
      "det_score": 0.4231,
      "sam_score": 0.9527,
      "box": [
        129.1,
        92.9,
        151.1,
        114.5
      ],
      "repeats": [
        [
          139.73000000000002,
          103.7
        ],
        [
          139.84,
          103.75
        ],
        [
          139.8,
          103.71
        ],
        [
          139.93,
          103.54
        ],
        [
          140.77,
          103.65
        ]
      ],
      "idx": 1611,
      "mislabel": false,
      "mislabel_reason": "ok",
      "e_unet": 1.09
    },
    {
      "valid": true,
      "cx": 145.07,
      "cy": 94.02,
      "area": 321,
      "det_score": 0.4265,
      "sam_score": 0.9447,
      "box": [
        134.3,
        84.6,
        156.8,
        104.1
      ],
      "repeats": [
        [
          145.14,
          94.01
        ],
        [
          145.09,
          94.16
        ],
        [
          145.22,
          94.09
        ],
        [
          145.32,
          93.75
        ],
        [
          146.26,
          93.98
        ]
      ],
      "idx": 1612,
      "mislabel": false,
      "mislabel_reason": "ok",
      "e_unet": 1.02
    },
    {
      "valid": true,
      "cx": 146.57999999999998,
      "cy": 92.32,
      "area": 327,
      "det_score": 0.4159,
      "sam_score": 0.9477,
      "box": [
        135.4,
        82.8,
        158.2,
        102.4
      ],
      "repeats": [
        [
          146.51999999999998,
          92.14
        ],
        [
          146.82999999999998,
          92.28
        ],
        [
          147.29000000000002,
          92.04
        ],
        [
          147.54000000000002,
          91.86
        ],
        [
          147.76,
          92.21
        ]
      ],
      "idx": 1613,
      "mislabel": false,
      "mislabel_reason": "ok",
      "e_unet": 1.16
    },
    {
      "valid": true,
      "cx": 146.84,
      "cy": 92.32,
      "area": 321,
      "det_score": 0.4469,
      "sam_score": 0.9491,
      "box": [
        135.8,
        82.9,
        158.2,
        102.3
      ],
      "repeats": [
        [
          146.84,
          92.24
        ],
        [
          146.97,
          92.37
        ],
        [
          146.92000000000002,
          92.34
        ],
        [
          146.99,
          92.2
        ],
        [
          147.99,
          92.34
        ]
      ],
      "idx": 1614,
      "mislabel": false,
      "mislabel_reason": "ok",
      "e_unet": 1.05
    },
    {
      "valid": true,
      "cx": 147.01999999999998,
      "cy": 92.5,
      "area": 316,
      "det_score": 0.4494,
      "sam_score": 0.9495,
      "box": [
        135.8,
        83.2,
        158.4,
        102.5
      ],
      "repeats": [
        [
          146.81,
          92.49
        ],
        [
          147.0,
          92.56
        ],
        [
          146.99,
          92.5
        ],
        [
          147.03,
          92.46
        ],
        [
          148.01,
          92.51
        ]
      ],
      "idx": 1615,
      "mislabel": false,
      "mislabel_reason": "ok",
      "e_unet": 1.09
    }
  ]
}