{
  "prompt": "black pupil.",
  "gsam2_centers": [
    {
      "valid": true,
      "cx": 149.11,
      "cy": 130.26999999999998,
      "area": 929,
      "det_score": 0.5081,
      "sam_score": 0.9708,
      "box": [
        133.3,
        110.8,
        165.9,
        150.0
      ],
      "repeats": [
        [
          149.20999999999998,
          130.15
        ],
        [
          149.2,
          130.34
        ],
        [
          149.16,
          130.26999999999998
        ],
        [
          149.32999999999998,
          130.1
        ],
        [
          150.3,
          130.18
        ]
      ],
      "idx": 807,
      "mislabel": false,
      "mislabel_reason": "ok",
      "e_unet": 0.6
    },
    {
      "valid": true,
      "cx": 148.38,
      "cy": 130.5,
      "area": 927,
      "det_score": 0.5266,
      "sam_score": 0.9714,
      "box": [
        132.7,
        111.0,
        165.0,
        150.4
      ],
      "repeats": [
        [
          148.42000000000002,
          130.47
        ],
        [
          148.51999999999998,
          130.56
        ],
        [
          148.45,
          130.5
        ],
        [
          148.55,
          130.48000000000002
        ],
        [
          149.62,
          130.59
        ]
      ],
      "idx": 808,
      "mislabel": false,
      "mislabel_reason": "ok",
      "e_unet": 0.61
    },
    {
      "valid": true,
      "cx": 147.69,
      "cy": 130.8,
      "area": 926,
      "det_score": 0.5369,
      "sam_score": 0.9695,
      "box": [
        131.9,
        111.1,
        164.3,
        150.6
      ],
      "repeats": [
        [
          147.70999999999998,
          130.67000000000002
        ],
        [
          147.75,
          130.87
        ],
        [
          147.73000000000002,
          130.73000000000002
        ],
        [
          147.82,
          130.73000000000002
        ],
        [
          148.88,
          130.82999999999998
        ]
      ],
      "idx": 809,
      "mislabel": false,
      "mislabel_reason": "ok",
      "e_unet": 0.72
    },
    {
      "valid": true,
      "cx": 146.89,
      "cy": 131.15,
      "area": 914,
      "det_score": 0.4874,
      "sam_score": 0.9667,
      "box": [
        131.5,
        111.5,
        163.3,
        150.9
      ],
      "repeats": [
        [
          146.93,
          131.01
        ],
        [
          147.01,
          131.26
        ],
        [
          146.95999999999998,
          131.07
        ],
        [
          147.13,
          131.01
        ],
        [
          148.1,
          131.17000000000002
        ]
      ],
      "idx": 810,
      "mislabel": false,
      "mislabel_reason": "ok",
      "e_unet": 0.64
    },
    {
      "valid": true,
      "cx": 145.43,
      "cy": 131.94,
      "area": 898,
      "det_score": 0.4796,
      "sam_score": 0.9673,
      "box": [
        129.9,
        112.2,
        161.8,
        151.5
      ],
      "repeats": [
        [
          145.39,
          131.8
        ],
        [
          145.45,
          131.99
        ],
        [
          145.43,
          131.85
        ],
        [
          145.53,
          131.79000000000002
        ],
        [
          146.59,
          131.88
        ]
      ],
      "idx": 811,
      "mislabel": false,
      "mislabel_reason": "ok",
      "e_unet": 0.72
    },
    {
      "valid": true,
      "cx": 139.79000000000002,
      "cy": 133.72,
      "area": 801,
      "det_score": 0.4637,
      "sam_score": 0.961,
      "box": [
        125.6,
        114.6,
        154.3,
        153.9
      ],
      "repeats": [
        [
          139.72,
          133.8
        ],
        [
          139.79000000000002,
          133.76999999999998
        ],
        [
          139.75,
          133.75
        ],
        [
          140.04000000000002,
          133.62
        ],
        [
          141.06,
          133.84
        ]
      ],
      "idx": 812,
      "mislabel": false,
      "mislabel_reason": "ok",
      "e_unet": 0.65
    },
    {
      "valid": true,
      "cx": 139.15,
      "cy": 133.72,
      "area": 799,
      "det_score": 0.4678,
      "sam_score": 0.9642,
      "box": [
        124.8,
        114.4,
        153.3,
        154.2
      ],
      "repeats": [
        [
          138.82,
          134.04000000000002
        ],
        [
          139.17000000000002,
          133.75
        ],
        [
          139.20999999999998,
          133.7
        ],
        [
          139.16,
          133.73000000000002
        ],
        [
          140.44,
          133.75
        ]
      ],
      "idx": 813,
      "mislabel": false,
      "mislabel_reason": "ok",
      "e_unet": 0.8
    }
  ]
}