{
  "prompt": "black pupil.",
  "gsam2_centers": [
    {
      "valid": true,
      "cx": 133.69,
      "cy": 109.04,
      "area": 462,
      "det_score": 0.3677,
      "sam_score": 0.955,
      "box": [
        122.0,
        94.5,
        145.8,
        123.4
      ],
      "repeats": [
        [
          133.47,
          108.87
        ],
        [
          133.6,
          109.09
        ],
        [
          133.57999999999998,
          108.92
        ],
        [
          133.94,
          109.21
        ],
        [
          134.81,
          109.12
        ]
      ],
      "idx": 905,
      "mislabel": false,
      "mislabel_reason": "ok",
      "e_unet": 1.34
    },
    {
      "valid": true,
      "cx": 133.82,
      "cy": 109.03,
      "area": 443,
      "det_score": 0.3764,
      "sam_score": 0.9512,
      "box": [
        122.5,
        94.7,
        145.5,
        122.7
      ],
      "repeats": [
        [
          133.6,
          108.76
        ],
        [
          133.79000000000002,
          108.87
        ],
        [
          133.70999999999998,
          108.73
        ],
        [
          134.1,
          108.75
        ],
        [
          135.13,
          109.0
        ]
      ],
      "idx": 906,
      "mislabel": false,
      "mislabel_reason": "ok",
      "e_unet": 1.53
    },
    {
      "valid": true,
      "cx": 133.5,
      "cy": 108.93,
      "area": 428,
      "det_score": 0.3935,
      "sam_score": 0.9494,
      "box": [
        122.8,
        94.9,
        145.1,
        122.3
      ],
      "repeats": [
        [
          133.57,
          108.66
        ],
        [
          133.64,
          108.92
        ],
        [
          133.61,
          108.78
        ],
        [
          133.92000000000002,
          109.01
        ],
        [
          134.95,
          109.14
        ]
      ],
      "idx": 907,
      "mislabel": false,
      "mislabel_reason": "ok",
      "e_unet": 1.33
    },
    {
      "valid": true,
      "cx": 133.82,
      "cy": 109.25,
      "area": 421,
      "det_score": 0.3725,
      "sam_score": 0.9463,
      "box": [
        122.9,
        95.1,
        145.0,
        122.2
      ],
      "repeats": [
        [
          133.69,
          108.69
        ],
        [
          133.69,
          109.01
        ],
        [
          133.7,
          108.87
        ],
        [
          133.97,
          109.12
        ],
        [
          134.99,
          109.22
        ]
      ],
      "idx": 908,
      "mislabel": false,
      "mislabel_reason": "ok",
      "e_unet": 1.63
    },
    {
      "valid": true,
      "cx": 133.91,
      "cy": 109.19,
      "area": 410,
      "det_score": 0.3665,
      "sam_score": 0.9446,
      "box": [
        123.1,
        95.4,
        145.0,
        122.0
      ],
      "repeats": [
        [
          133.76,
          108.74
        ],
        [
          133.75,
          109.11
        ],
        [
          133.76999999999998,
          108.84
        ],
        [
          134.1,
          108.96
        ],
        [
          135.09,
          109.13
        ]
      ],
      "idx": 909,
      "mislabel": false,
      "mislabel_reason": "ok",
      "e_unet": 1.49
    },
    {
      "valid": true,
      "cx": 133.97,
      "cy": 109.09,
      "area": 406,
      "det_score": 0.3861,
      "sam_score": 0.9428,
      "box": [
        123.1,
        95.4,
        145.0,
        122.0
      ],
      "repeats": [
        [
          133.70999999999998,
          108.77
        ],
        [
          133.92000000000002,
          109.06
        ],
        [
          133.70999999999998,
          108.81
        ],
        [
          134.1,
          109.29
        ],
        [
          135.11,
          109.04
        ]
      ],
      "idx": 910,
      "mislabel": false,
      "mislabel_reason": "ok",
      "e_unet": 1.42
    },
    {
      "valid": true,
      "cx": 133.56,
      "cy": 109.14,
      "area": 399,
      "det_score": 0.3848,
      "sam_score": 0.9436,
      "box": [
        123.2,
        95.8,
        145.0,
        122.0
      ],
      "repeats": [
        [
          133.66,
          108.92
        ],
        [
          133.82,
          108.97
        ],
        [
          133.73000000000002,
          108.91
        ],
        [
          134.22,
          109.3
        ],
        [
          134.98,
          108.97
        ]
      ],
      "idx": 911,
      "mislabel": false,
      "mislabel_reason": "ok",
      "e_unet": 1.38
    },
    {
      "valid": true,
      "cx": 133.82999999999998,
      "cy": 109.24,
      "area": 395,
      "det_score": 0.3774,
      "sam_score": 0.9429,
      "box": [
        123.1,
        95.8,
        144.9,
        121.9
      ],
      "repeats": [
        [
          133.6,
          108.85
        ],
        [
          133.68,
          109.04
        ],
        [
          133.64,
          108.87
        ],
        [
          134.0,
          109.21
        ],
        [
          134.89,
          109.23
        ]
      ],
      "idx": 912,
      "mislabel": false,
      "mislabel_reason": "ok",
      "e_unet": 1.54
    },
    {
      "valid": true,
      "cx": 134.19,
      "cy": 109.02,
      "area": 399,
      "det_score": 0.3868,
      "sam_score": 0.9429,
      "box": [
        123.2,
        95.6,
        145.0,
        121.7
      ],
      "repeats": [
        [
          133.64,
          108.71
        ],
        [
          134.09,
          109.25
        ],
        [
          133.8,
          108.68
        ],
        [
          133.95999999999998,
          109.0
        ],
        [
          135.03,
          109.09
        ]
      ],
      "idx": 913,
      "mislabel": false,
      "mislabel_reason": "ok",
      "e_unet": 1.56
    },
    {
      "valid": true,
      "cx": 133.63,
      "cy": 108.72,
      "area": 396,
      "det_score": 0.4025,
      "sam_score": 0.9445,
      "box": [
        123.1,
        95.6,
        144.8,
        121.6
      ],
      "repeats": [
        [
          133.57,
          108.71
        ],
        [
          133.68,
          108.84
        ],
        [
          133.61,
          108.71
        ],
        [
          133.72,
          108.55
        ],
        [
          134.93,
          109.05
        ]
      ],
      "idx": 914,
      "mislabel": false,
      "mislabel_reason": "ok",
      "e_unet": 1.13
    },
    {
      "valid": true,
      "cx": 133.75,
      "cy": 108.56,
      "area": 395,
      "det_score": 0.4015,
      "sam_score": 0.9433,
      "box": [
        123.0,
        95.3,
        144.9,
        121.5
      ],
      "repeats": [
        [
          133.64,
          108.54
        ],
        [
          133.8,
          108.67
        ],
        [
          133.8,
          108.54
        ],
        [
          133.76,
          108.68
        ],
        [
          135.01,
          108.98
        ]
      ],
      "idx": 915,
      "mislabel": false,
      "mislabel_reason": "ok",
      "e_unet": 1.08
    }
  ]
}