{
  "prompt": "black pupil.",
  "gsam2_centers": [
    {
      "valid": true,
      "cx": 151.07999999999998,
      "cy": 135.39,
      "area": 743,
      "det_score": 0.5021,
      "sam_score": 0.9708,
      "box": [
        136.9,
        118.4,
        166.5,
        152.9
      ],
      "repeats": [
        [
          151.07,
          135.36
        ],
        [
          151.11,
          135.41
        ],
        [
          151.09,
          135.39
        ],
        [
          151.14,
          135.35
        ],
        [
          152.22,
          135.39
        ]
      ],
      "idx": 2305,
      "mislabel": false,
      "mislabel_reason": "ok",
      "e_unet": 0.76
    },
    {
      "valid": true,
      "cx": 151.18,
      "cy": 135.57,
      "area": 753,
      "det_score": 0.4923,
      "sam_score": 0.9717,
      "box": [
        137.0,
        118.6,
        166.5,
        153.0
      ],
      "repeats": [
        [
          151.15,
          135.5
        ],
        [
          151.23000000000002,
          135.56
        ],
        [
          151.20999999999998,
          135.51
        ],
        [
          151.3,
          135.45
        ],
        [
          152.29,
          135.53
        ]
      ],
      "idx": 2306,
      "mislabel": false,
      "mislabel_reason": "ok",
      "e_unet": 0.9
    },
    {
      "valid": true,
      "cx": 150.20999999999998,
      "cy": 140.99,
      "area": 775,
      "det_score": 0.4342,
      "sam_score": 0.9674,
      "box": [
        136.1,
        123.5,
        165.5,
        159.0
      ],
      "repeats": [
        [
          150.16,
          140.95
        ],
        [
          150.24,
          141.12
        ],
        [
          150.26,
          141.06
        ],
        [
          150.25,
          140.91
        ],
        [
          151.44,
          141.12
        ]
      ],
      "idx": 2307,
      "mislabel": false,
      "mislabel_reason": "ok",
      "e_unet": 1.02
    },
    {
      "valid": true,
      "cx": 150.91,
      "cy": 142.49,
      "area": 775,
      "det_score": 0.4431,
      "sam_score": 0.967,
      "box": [
        136.5,
        125.4,
        166.4,
        160.2
      ],
      "repeats": [
        [
          150.9,
          142.51
        ],
        [
          150.93,
          142.5
        ],
        [
          150.94,
          142.51
        ],
        [
          150.95999999999998,
          142.34
        ],
        [
          152.12,
          142.54
        ]
      ],
      "idx": 2308,
      "mislabel": false,
      "mislabel_reason": "ok",
      "e_unet": 1.11
    },
    {
      "valid": true,
      "cx": 151.11,
      "cy": 142.41,
      "area": 781,
      "det_score": 0.4267,
      "sam_score": 0.968,
      "box": [
        136.7,
        124.9,
        166.6,
        160.2
      ],
      "repeats": [
        [
          151.11,
          142.35
        ],
        [
          151.11,
          142.51
        ],
        [
          151.07,
          142.47
        ],
        [
          151.18,
          142.26
        ],
        [
          152.28,
          142.47
        ]
      ],
      "idx": 2309,
      "mislabel": false,
      "mislabel_reason": "ok",
      "e_unet": 1.06
    },
    {
      "valid": true,
      "cx": 151.05,
      "cy": 142.35,
      "area": 787,
      "det_score": 0.4107,
      "sam_score": 0.9696,
      "box": [
        136.6,
        124.9,
        166.7,
        160.3
      ],
      "repeats": [
        [
          151.15,
          142.28
        ],
        [
          151.13,
          142.39
        ],
        [
          151.16,
          142.36
        ],
        [
          151.22,
          142.26
        ],
        [
          152.25,
          142.42
        ]
      ],
      "idx": 2310,
      "mislabel": false,
      "mislabel_reason": "ok",
      "e_unet": 0.97
    },
    {
      "valid": true,
      "cx": 151.07999999999998,
      "cy": 142.29,
      "area": 791,
      "det_score": 0.4198,
      "sam_score": 0.9694,
      "box": [
        136.5,
        125.0,
        166.7,
        160.2
      ],
      "repeats": [
        [
          151.13,
          142.18
        ],
        [
          151.15,
          142.29
        ],
        [
          151.14,
          142.27
        ],
        [
          151.26999999999998,
          142.16
        ],
        [
          152.36,
          142.31
        ]
      ],
      "idx": 2311,
      "mislabel": false,
      "mislabel_reason": "ok",
      "e_unet": 1.05
    },
    {
      "valid": true,
      "cx": 151.15,
      "cy": 142.2,
      "area": 800,
      "det_score": 0.4346,
      "sam_score": 0.9699,
      "box": [
        136.5,
        125.2,
        166.8,
        160.3
      ],
      "repeats": [
        [
          151.13,
          142.21
        ],
        [
          151.15,
          142.3
        ],
        [
          151.18,
          142.26
        ],
        [
          151.20999999999998,
          142.19
        ],
        [
          152.41,
          142.37
        ]
      ],
      "idx": 2312,
      "mislabel": false,
      "mislabel_reason": "ok",
      "e_unet": 0.96
    },
    {
      "valid": true,
      "cx": 151.22,
      "cy": 142.31,
      "area": 810,
      "det_score": 0.4098,
      "sam_score": 0.9694,
      "box": [
        136.5,
        125.1,
        166.9,
        160.4
      ],
      "repeats": [
        [
          151.22,
          142.23
        ],
        [
          151.25,
          142.41
        ],
        [
          151.25,
          142.36
        ],
        [
          151.28,
          142.24
        ],
        [
          152.42,
          142.4
        ]
      ],
      "idx": 2313,
      "mislabel": false,
      "mislabel_reason": "ok",
      "e_unet": 0.95
    },
    {
      "valid": true,
      "cx": 151.24,
      "cy": 142.43,
      "area": 814,
      "det_score": 0.405,
      "sam_score": 0.9695,
      "box": [
        136.5,
        125.1,
        167.0,
        160.5
      ],
      "repeats": [
        [
          151.26,
          142.36
        ],
        [
          151.26,
          142.51
        ],
        [
          151.26999999999998,
          142.43
        ],
        [
          151.3,
          142.34
        ],
        [
          152.43,
          142.54
        ]
      ],
      "idx": 2314,
      "mislabel": false,
      "mislabel_reason": "ok",
      "e_unet": 0.99
    },
    {
      "valid": true,
      "cx": 151.26,
      "cy": 142.47,
      "area": 826,
      "det_score": 0.4309,
      "sam_score": 0.9697,
      "box": [
        136.5,
        125.1,
        167.0,
        160.6
      ],
      "repeats": [
        [
          151.24,
          142.4
        ],
        [
          151.28,
          142.56
        ],
        [
          151.26999999999998,
          142.51
        ],
        [
          151.31,
          142.37
        ],
        [
          152.43,
          142.58
        ]
      ],
      "idx": 2315,
      "mislabel": false,
      "mislabel_reason": "ok",
      "e_unet": 1.0
    }
  ]
}