{
  "prompt": "black pupil.",
  "gsam2_centers": [
    {
      "valid": true,
      "cx": 153.94,
      "cy": 131.36,
      "area": 712,
      "det_score": 0.3152,
      "sam_score": 0.9461,
      "box": [
        138.6,
        117.2,
        171.5,
        148.7
      ],
      "repeats": [
        [
          153.98,
          131.39
        ],
        [
          154.0,
          131.66
        ],
        [
          154.2,
          131.17000000000002
        ],
        [
          154.16,
          131.32
        ],
        [
          155.33,
          131.61
        ]
      ],
      "idx": 2607,
      "mislabel": false,
      "mislabel_reason": "ok",
      "e_unet": 2.37
    },
    {
      "valid": true,
      "cx": 153.35,
      "cy": 130.01,
      "area": 880,
      "det_score": 0.4035,
      "sam_score": 0.9624,
      "box": [
        137.5,
        111.4,
        170.7,
        150.5
      ],
      "repeats": [
        [
          153.3,
          130.0
        ],
        [
          153.4,
          130.13
        ],
        [
          153.34,
          130.11
        ],
        [
          153.45,
          129.87
        ],
        [
          154.41,
          130.07999999999998
        ]
      ],
      "idx": 2608,
      "mislabel": false,
      "mislabel_reason": "ok",
      "e_unet": 0.47
    },
    {
      "valid": true,
      "cx": 153.27,
      "cy": 130.51999999999998,
      "area": 869,
      "det_score": 0.3815,
      "sam_score": 0.9678,
      "box": [
        137.6,
        111.3,
        170.1,
        150.6
      ],
      "repeats": [
        [
          153.21,
          130.53
        ],
        [
          153.27,
          130.70999999999998
        ],
        [
          153.28,
          130.55
        ],
        [
          153.35,
          130.44
        ],
        [
          154.22,
          130.51
        ]
      ],
      "idx": 2609,
      "mislabel": false,
      "mislabel_reason": "ok",
      "e_unet": 0.6
    },
    {
      "valid": true,
      "cx": 153.23,
      "cy": 131.12,
      "area": 858,
      "det_score": 0.3742,
      "sam_score": 0.9681,
      "box": [
        137.9,
        112.1,
        170.0,
        151.0
      ],
      "repeats": [
        [
          153.18,
          131.01
        ],
        [
          153.23,
          131.12
        ],
        [
          153.2,
          131.09
        ],
        [
          153.29,
          130.99
        ],
        [
          154.27,
          131.13
        ]
      ],
      "idx": 2610,
      "mislabel": false,
      "mislabel_reason": "ok",
      "e_unet": 0.66
    },
    {
      "valid": true,
      "cx": 153.3,
      "cy": 131.44,
      "area": 847,
      "det_score": 0.3653,
      "sam_score": 0.9683,
      "box": [
        138.1,
        112.6,
        170.0,
        151.0
      ],
      "repeats": [
        [
          153.27,
          131.36
        ],
        [
          153.35,
          131.47
        ],
        [
          153.34,
          131.41
        ],
        [
          153.39,
          131.32999999999998
        ],
        [
          154.34,
          131.4
        ]
      ],
      "idx": 2611,
      "mislabel": false,
      "mislabel_reason": "ok",
      "e_unet": 0.71
    },
    {
      "valid": true,
      "cx": 153.46,
      "cy": 131.70999999999998,
      "area": 839,
      "det_score": 0.3532,
      "sam_score": 0.9675,
      "box": [
        138.4,
        112.7,
        170.3,
        151.4
      ],
      "repeats": [
        [
          153.45,
          131.65
        ],
        [
          153.5,
          131.76
        ],
        [
          153.47,
          131.70999999999998
        ],
        [
          153.53,
          131.6
        ],
        [
          154.55,
          131.76
        ]
      ],
      "idx": 2612,
      "mislabel": false,
      "mislabel_reason": "ok",
      "e_unet": 0.73
    },
    {
      "valid": true,
      "cx": 153.79,
      "cy": 132.32999999999998,
      "area": 837,
      "det_score": 0.3813,
      "sam_score": 0.9672,
      "box": [
        138.6,
        113.2,
        170.3,
        152.0
      ],
      "repeats": [
        [
          153.69,
          132.26999999999998
        ],
        [
          153.77,
          132.39
        ],
        [
          153.78,
          132.29000000000002
        ],
        [
          153.77,
          132.32999999999998
        ],
        [
          154.78,
          132.35
        ]
      ],
      "idx": 2613,
      "mislabel": false,
      "mislabel_reason": "ok",
      "e_unet": 0.76
    }
  ]
}