{
  "prompt": "black pupil.",
  "gsam2_centers": [
    {
      "valid": true,
      "cx": 165.94,
      "cy": 137.8,
      "area": 1047,
      "det_score": 0.469,
      "sam_score": 0.971,
      "box": [
        147.5,
        119.3,
        186.0,
        156.9
      ],
      "repeats": [
        [
          165.92,
          137.76
        ],
        [
          165.99,
          137.84
        ],
        [
          166.0,
          137.84
        ],
        [
          166.0,
          137.69
        ],
        [
          167.1,
          137.82
        ]
      ],
      "idx": 605,
      "mislabel": false,
      "mislabel_reason": "ok",
      "e_unet": 0.69
    },
    {
      "valid": true,
      "cx": 165.82,
      "cy": 137.97,
      "area": 1070,
      "det_score": 0.4805,
      "sam_score": 0.9734,
      "box": [
        147.4,
        119.1,
        186.0,
        157.4
      ],
      "repeats": [
        [
          165.81,
          137.93
        ],
        [
          165.86,
          138.06
        ],
        [
          165.86,
          138.0
        ],
        [
          165.86,
          137.98000000000002
        ],
        [
          166.97,
          138.0
        ]
      ],
      "idx": 606,
      "mislabel": false,
      "mislabel_reason": "ok",
      "e_unet": 0.75
    },
    {
      "valid": true,
      "cx": 165.68,
      "cy": 138.1,
      "area": 1066,
      "det_score": 0.4628,
      "sam_score": 0.9729,
      "box": [
        147.3,
        119.1,
        186.0,
        157.4
      ],
      "repeats": [
        [
          165.68,
          138.03
        ],
        [
          165.71,
          138.13
        ],
        [
          165.7,
          138.06
        ],
        [
          165.73,
          137.98000000000002
        ],
        [
          166.81,
          138.11
        ]
      ],
      "idx": 607,
      "mislabel": false,
      "mislabel_reason": "ok",
      "e_unet": 0.76
    },
    {
      "valid": true,
      "cx": 165.64,
      "cy": 138.2,
      "area": 1076,
      "det_score": 0.4021,
      "sam_score": 0.9723,
      "box": [
        147.2,
        119.3,
        186.0,
        157.6
      ],
      "repeats": [
        [
          165.63,
          138.21
        ],
        [
          165.67,
          138.25
        ],
        [
          165.67,
          138.23
        ],
        [
          165.67,
          138.12
        ],
        [
          166.77,
          138.23
        ]
      ],
      "idx": 608,
      "mislabel": false,
      "mislabel_reason": "ok",
      "e_unet": 0.73
    },
    {
      "valid": true,
      "cx": 165.61,
      "cy": 138.3,
      "area": 1077,
      "det_score": 0.3602,
      "sam_score": 0.9726,
      "box": [
        147.2,
        119.4,
        186.1,
        157.7
      ],
      "repeats": [
        [
          165.62,
          138.25
        ],
        [
          165.64,
          138.34
        ],
        [
          165.66,
          138.28
        ],
        [
          165.67,
          138.23
        ],
        [
          166.83,
          138.36
        ]
      ],
      "idx": 609,
      "mislabel": false,
      "mislabel_reason": "ok",
      "e_unet": 0.77
    },
    {
      "valid": true,
      "cx": 165.57,
      "cy": 138.68,
      "area": 1093,
      "det_score": 0.3891,
      "sam_score": 0.9733,
      "box": [
        147.1,
        119.5,
        186.3,
        158.2
      ],
      "repeats": [
        [
          165.63,
          138.65
        ],
        [
          165.6,
          138.73
        ],
        [
          165.64,
          138.71
        ],
        [
          165.72,
          138.61
        ],
        [
          166.81,
          138.69
        ]
      ],
      "idx": 610,
      "mislabel": false,
      "mislabel_reason": "ok",
      "e_unet": 0.76
    },
    {
      "valid": true,
      "cx": 165.68,
      "cy": 138.94,
      "area": 1092,
      "det_score": 0.3704,
      "sam_score": 0.9722,
      "box": [
        147.3,
        119.8,
        186.2,
        158.3
      ],
      "repeats": [
        [
          165.69,
          138.94
        ],
        [
          165.72,
          138.98
        ],
        [
          165.71,
          138.97
        ],
        [
          165.75,
          138.92
        ],
        [
          166.78,
          138.92
        ]
      ],
      "idx": 611,
      "mislabel": false,
      "mislabel_reason": "ok",
      "e_unet": 0.64
    },
    {
      "valid": true,
      "cx": 165.66,
      "cy": 139.14,
      "area": 1071,
      "det_score": 0.3756,
      "sam_score": 0.9721,
      "box": [
        147.5,
        120.2,
        186.0,
        158.4
      ],
      "repeats": [
        [
          165.62,
          139.14
        ],
        [
          165.69,
          139.19
        ],
        [
          165.65,
          139.16
        ],
        [
          165.71,
          139.1
        ],
        [
          166.82,
          139.15
        ]
      ],
      "idx": 612,
      "mislabel": false,
      "mislabel_reason": "ok",
      "e_unet": 0.79
    },
    {
      "valid": true,
      "cx": 165.7,
      "cy": 139.06,
      "area": 1042,
      "det_score": 0.3737,
      "sam_score": 0.9719,
      "box": [
        147.7,
        120.4,
        185.8,
        158.1
      ],
      "repeats": [
        [
          165.72,
          139.05
        ],
        [
          165.73,
          139.1
        ],
        [
          165.74,
          139.04
        ],
        [
          165.75,
          139.02
        ],
        [
          166.86,
          139.11
        ]
      ],
      "idx": 613,
      "mislabel": false,
      "mislabel_reason": "ok",
      "e_unet": 0.76
    },
    {
      "valid": true,
      "cx": 165.62,
      "cy": 138.91,
      "area": 1021,
      "det_score": 0.3719,
      "sam_score": 0.9721,
      "box": [
        147.8,
        120.5,
        185.4,
        157.7
      ],
      "repeats": [
        [
          165.53,
          138.97
        ],
        [
          165.65,
          138.97
        ],
        [
          165.62,
          138.95
        ],
        [
          165.68,
          138.93
        ],
        [
          166.73,
          139.03
        ]
      ],
      "idx": 614,
      "mislabel": false,
      "mislabel_reason": "ok",
      "e_unet": 0.67
    },
    {
      "valid": true,
      "cx": 162.49,
      "cy": 138.2,
      "area": 1004,
      "det_score": 0.3441,
      "sam_score": 0.9704,
      "box": [
        144.4,
        119.8,
        181.9,
        156.7
      ],
      "repeats": [
        [
          162.41,
          138.13
        ],
        [
          162.6,
          138.26
        ],
        [
          162.65,
          138.15
        ],
        [
          162.68,
          138.12
        ],
        [
          163.76,
          138.28
        ]
      ],
      "idx": 615,
      "mislabel": false,
      "mislabel_reason": "ok",
      "e_unet": 0.59
    }
  ]
}