{
  "prompt": "black pupil.",
  "gsam2_centers": [
    {
      "valid": true,
      "cx": 168.49,
      "cy": 130.32999999999998,
      "area": 756,
      "det_score": 0.3683,
      "sam_score": 0.971,
      "box": [
        151.6,
        115.5,
        186.9,
        145.6
      ],
      "repeats": [
        [
          168.39,
          130.24
        ],
        [
          168.48,
          130.37
        ],
        [
          168.46,
          130.3
        ],
        [
          168.53,
          130.25
        ],
        [
          169.7,
          130.28
        ]
      ],
      "idx": 2105,
      "mislabel": false,
      "mislabel_reason": "ok",
      "e_unet": 0.86
    },
    {
      "valid": true,
      "cx": 168.48,
      "cy": 129.7,
      "area": 757,
      "det_score": 0.3801,
      "sam_score": 0.9698,
      "box": [
        151.4,
        115.0,
        186.9,
        145.0
      ],
      "repeats": [
        [
          168.35,
          129.65
        ],
        [
          168.45,
          129.8
        ],
        [
          168.45,
          129.69
        ],
        [
          168.52,
          129.65
        ],
        [
          169.65,
          129.75
        ]
      ],
      "idx": 2106,
      "mislabel": false,
      "mislabel_reason": "ok",
      "e_unet": 0.85
    },
    {
      "valid": true,
      "cx": 168.52,
      "cy": 129.55,
      "area": 747,
      "det_score": 0.368,
      "sam_score": 0.9705,
      "box": [
        151.5,
        115.1,
        187.1,
        144.8
      ],
      "repeats": [
        [
          168.44,
          129.55
        ],
        [
          168.62,
          129.69
        ],
        [
          168.56,
          129.66
        ],
        [
          168.6,
          129.48000000000002
        ],
        [
          169.69,
          129.64
        ]
      ],
      "idx": 2107,
      "mislabel": false,
      "mislabel_reason": "ok",
      "e_unet": 0.76
    },
    {
      "valid": true,
      "cx": 168.44,
      "cy": 129.49,
      "area": 743,
      "det_score": 0.3628,
      "sam_score": 0.9701,
      "box": [
        151.3,
        114.9,
        187.1,
        144.7
      ],
      "repeats": [
        [
          168.28,
          129.48000000000002
        ],
        [
          168.4,
          129.54000000000002
        ],
        [
          168.44,
          129.48000000000002
        ],
        [
          168.47,
          129.44
        ],
        [
          169.46,
          129.5
        ]
      ],
      "idx": 2108,
      "mislabel": false,
      "mislabel_reason": "ok",
      "e_unet": 0.9
    },
    {
      "valid": true,
      "cx": 168.5,
      "cy": 129.43,
      "area": 750,
      "det_score": 0.3557,
      "sam_score": 0.9692,
      "box": [
        151.4,
        114.4,
        187.1,
        144.6
      ],
      "repeats": [
        [
          168.41,
          129.31
        ],
        [
          168.51,
          129.47
        ],
        [
          168.48,
          129.36
        ],
        [
          168.65,
          129.28
        ],
        [
          169.73,
          129.37
        ]
      ],
      "idx": 2109,
      "mislabel": false,
      "mislabel_reason": "ok",
      "e_unet": 0.9
    },
    {
      "valid": true,
      "cx": 168.58,
      "cy": 129.28,
      "area": 759,
      "det_score": 0.3913,
      "sam_score": 0.9689,
      "box": [
        151.2,
        114.2,
        187.4,
        144.7
      ],
      "repeats": [
        [
          168.49,
          129.16
        ],
        [
          168.61,
          129.37
        ],
        [
          168.59,
          129.25
        ],
        [
          168.61,
          129.2
        ],
        [
          169.68,
          129.3
        ]
      ],
      "idx": 2110,
      "mislabel": false,
      "mislabel_reason": "ok",
      "e_unet": 0.93
    },
    {
      "valid": true,
      "cx": 168.44,
      "cy": 129.15,
      "area": 769,
      "det_score": 0.3974,
      "sam_score": 0.9699,
      "box": [
        150.9,
        114.0,
        187.4,
        144.6
      ],
      "repeats": [
        [
          168.43,
          129.05
        ],
        [
          168.49,
          129.19
        ],
        [
          168.49,
          129.11
        ],
        [
          168.51,
          129.11
        ],
        [
          169.56,
          129.11
        ]
      ],
      "idx": 2111,
      "mislabel": false,
      "mislabel_reason": "ok",
      "e_unet": 0.85
    },
    {
      "valid": true,
      "cx": 168.53,
      "cy": 129.04000000000002,
      "area": 779,
      "det_score": 0.3768,
      "sam_score": 0.969,
      "box": [
        150.9,
        113.9,
        187.6,
        144.7
      ],
      "repeats": [
        [
          168.46,
          129.0
        ],
        [
          168.52,
          129.15
        ],
        [
          168.52,
          129.06
        ],
        [
          168.58,
          129.01999999999998
        ],
        [
          169.75,
          129.07999999999998
        ]
      ],
      "idx": 2112,
      "mislabel": false,
      "mislabel_reason": "ok",
      "e_unet": 0.88
    },
    {
      "valid": true,
      "cx": 168.26,
      "cy": 128.98000000000002,
      "area": 790,
      "det_score": 0.3823,
      "sam_score": 0.9689,
      "box": [
        150.6,
        113.6,
        187.8,
        144.8
      ],
      "repeats": [
        [
          168.31,
          128.94
        ],
        [
          168.29,
          129.01
        ],
        [
          168.34,
          128.99
        ],
        [
          168.34,
          128.93
        ],
        [
          169.38,
          129.0
        ]
      ],
      "idx": 2113,
      "mislabel": false,
      "mislabel_reason": "ok",
      "e_unet": 0.7
    },
    {
      "valid": true,
      "cx": 168.28,
      "cy": 129.18,
      "area": 803,
      "det_score": 0.3614,
      "sam_score": 0.9688,
      "box": [
        150.5,
        113.6,
        188.0,
        145.0
      ],
      "repeats": [
        [
          168.33,
          129.1
        ],
        [
          168.38,
          129.20999999999998
        ],
        [
          168.33,
          129.14
        ],
        [
          168.42,
          129.1
        ],
        [
          169.46,
          129.19
        ]
      ],
      "idx": 2114,
      "mislabel": false,
      "mislabel_reason": "ok",
      "e_unet": 0.81
    },
    {
      "valid": true,
      "cx": 168.19,
      "cy": 129.22,
      "area": 815,
      "det_score": 0.3943,
      "sam_score": 0.9684,
      "box": [
        150.2,
        113.5,
        187.8,
        145.2
      ],
      "repeats": [
        [
          168.18,
          129.18
        ],
        [
          168.2,
          129.22
        ],
        [
          168.21,
          129.19
        ],
        [
          168.23,
          129.16
        ],
        [
          169.25,
          129.22
        ]
      ],
      "idx": 2115,
      "mislabel": false,
      "mislabel_reason": "ok",
      "e_unet": 0.83
    }
  ]
}