{
  "prompt": "black pupil.",
  "gsam2_centers": [
    {
      "valid": true,
      "cx": 137.65,
      "cy": 134.3,
      "area": 592,
      "det_score": 0.493,
      "sam_score": 0.9609,
      "box": [
        125.7,
        117.8,
        150.5,
        151.5
      ],
      "repeats": [
        [
          137.6,
          134.34
        ],
        [
          137.82,
          134.31
        ],
        [
          137.75,
          134.25
        ],
        [
          137.8,
          134.23000000000002
        ],
        [
          138.83,
          134.25
        ]
      ],
      "idx": 405,
      "mislabel": false,
      "mislabel_reason": "ok",
      "e_unet": 0.75
    },
    {
      "valid": true,
      "cx": 137.76999999999998,
      "cy": 134.26,
      "area": 594,
      "det_score": 0.4773,
      "sam_score": 0.9608,
      "box": [
        125.8,
        117.8,
        150.6,
        151.5
      ],
      "repeats": [
        [
          137.62,
          134.37
        ],
        [
          137.85,
          134.22
        ],
        [
          137.95,
          134.07999999999998
        ],
        [
          137.94,
          134.1
        ],
        [
          138.97,
          134.24
        ]
      ],
      "idx": 406,
      "mislabel": false,
      "mislabel_reason": "ok",
      "e_unet": 0.83
    },
    {
      "valid": true,
      "cx": 137.81,
      "cy": 134.37,
      "area": 589,
      "det_score": 0.4894,
      "sam_score": 0.9625,
      "box": [
        125.8,
        117.9,
        150.6,
        151.5
      ],
      "repeats": [
        [
          137.62,
          134.48000000000002
        ],
        [
          137.79000000000002,
          134.42000000000002
        ],
        [
          137.88,
          134.29000000000002
        ],
        [
          137.95999999999998,
          134.14
        ],
        [
          138.96,
          134.24
        ]
      ],
      "idx": 407,
      "mislabel": false,
      "mislabel_reason": "ok",
      "e_unet": 0.86
    },
    {
      "valid": true,
      "cx": 137.85,
      "cy": 134.36,
      "area": 592,
      "det_score": 0.4789,
      "sam_score": 0.9628,
      "box": [
        126.0,
        117.9,
        150.7,
        151.6
      ],
      "repeats": [
        [
          137.65,
          134.5
        ],
        [
          137.86,
          134.45
        ],
        [
          137.9,
          134.29000000000002
        ],
        [
          138.01999999999998,
          134.22
        ],
        [
          138.99,
          134.24
        ]
      ],
      "idx": 408,
      "mislabel": false,
      "mislabel_reason": "ok",
      "e_unet": 0.88
    },
    {
      "valid": true,
      "cx": 137.75,
      "cy": 134.41,
      "area": 595,
      "det_score": 0.4835,
      "sam_score": 0.9616,
      "box": [
        125.8,
        117.8,
        150.7,
        151.7
      ],
      "repeats": [
        [
          137.63,
          134.42000000000002
        ],
        [
          137.75,
          134.48000000000002
        ],
        [
          137.95,
          134.23000000000002
        ],
        [
          138.37,
          133.8
        ],
        [
          139.08,
          134.15
        ]
      ],
      "idx": 409,
      "mislabel": false,
      "mislabel_reason": "ok",
      "e_unet": 0.8
    },
    {
      "valid": true,
      "cx": 137.82,
      "cy": 134.38,
      "area": 591,
      "det_score": 0.5034,
      "sam_score": 0.9617,
      "box": [
        125.9,
        117.9,
        150.7,
        151.5
      ],
      "repeats": [
        [
          137.65,
          134.4
        ],
        [
          137.87,
          134.38
        ],
        [
          137.92000000000002,
          134.35
        ],
        [
          138.18,
          133.93
        ],
        [
          138.99,
          134.26
        ]
      ],
      "idx": 410,
      "mislabel": false,
      "mislabel_reason": "ok",
      "e_unet": 0.85
    },
    {
      "valid": true,
      "cx": 135.82,
      "cy": 140.83,
      "area": 615,
      "det_score": 0.55,
      "sam_score": 0.966,
      "box": [
        124.0,
        122.8,
        148.2,
        159.1
      ],
      "repeats": [
        [
          135.78,
          140.79
        ],
        [
          135.89,
          140.84
        ],
        [
          135.85,
          140.69
        ],
        [
          135.89,
          140.77
        ],
        [
          136.99,
          140.7
        ]
      ],
      "idx": 411,
      "mislabel": false,
      "mislabel_reason": "ok",
      "e_unet": 0.91
    },
    {
      "valid": true,
      "cx": 133.81,
      "cy": 150.63,
      "area": 610,
      "det_score": 0.4647,
      "sam_score": 0.9595,
      "box": [
        122.5,
        132.8,
        145.9,
        168.8
      ],
      "repeats": [
        [
          133.79000000000002,
          150.55
        ],
        [
          133.9,
          150.73
        ],
        [
          133.85,
          150.57
        ],
        [
          133.95999999999998,
          150.58
        ],
        [
          135.02,
          150.76
        ]
      ],
      "idx": 412,
      "mislabel": false,
      "mislabel_reason": "ok",
      "e_unet": 0.95
    },
    {
      "valid": true,
      "cx": 134.09,
      "cy": 150.54,
      "area": 595,
      "det_score": 0.5211,
      "sam_score": 0.9602,
      "box": [
        122.7,
        132.8,
        146.3,
        168.5
      ],
      "repeats": [
        [
          134.04000000000002,
          150.4
        ],
        [
          134.17000000000002,
          150.63
        ],
        [
          134.11,
          150.44
        ],
        [
          134.11,
          150.32
        ],
        [
          135.26,
          150.58
        ]
      ],
      "idx": 413,
      "mislabel": false,
      "mislabel_reason": "ok",
      "e_unet": 0.96
    },
    {
      "valid": true,
      "cx": 134.14,
      "cy": 150.32,
      "area": 597,
      "det_score": 0.5134,
      "sam_score": 0.9605,
      "box": [
        122.8,
        132.8,
        146.3,
        168.4
      ],
      "repeats": [
        [
          134.07999999999998,
          150.36
        ],
        [
          134.18,
          150.44
        ],
        [
          134.14,
          150.39
        ],
        [
          134.25,
          150.28
        ],
        [
          135.28,
          150.35
        ]
      ],
      "idx": 414,
      "mislabel": false,
      "mislabel_reason": "ok",
      "e_unet": 0.92
    },
    {
      "valid": true,
      "cx": 134.09,
      "cy": 150.27,
      "area": 601,
      "det_score": 0.4623,
      "sam_score": 0.9576,
      "box": [
        122.7,
        132.6,
        146.5,
        168.4
      ],
      "repeats": [
        [
          134.25,
          150.16
        ],
        [
          134.25,
          150.42
        ],
        [
          134.20999999999998,
          150.23
        ],
        [
          134.32999999999998,
          150.18
        ],
        [
          135.36,
          150.34
        ]
      ],
      "idx": 415,
      "mislabel": false,
      "mislabel_reason": "ok",
      "e_unet": 0.86
    }
  ]
}