(34.554455, 29.221977, 0.0)
(34.579037, 28.471308, 0.0)
(34.629131, 28.134247, 0.0)
(34.705486, 27.964834, 0.0)
(35.151405, 28.585733, 0.0)
(35.182453, 28.488476, 0.0)
(35.220318, 28.343609, 0.0)
(35.230209, 28.279352, 0.0)
(35.284782, 28.259731, 0.0)
(35.311325, 28.277311, 0.0)
(35.335144, 28.274855, 0.0)
(35.162617, 28.045992, 0.0)
(35.162926, 28.021313, 0.0)
(35.196472, 28.053307, 0.0)
(35.233391, 28.062120, 0.0)
(35.242935, 28.036476, 0.0)
(35.239910, 28.014046, 0.0)
(35.245403, 28.053226, 0.0)
(35.257408, 28.040588, 0.0)
(35.283173, 28.061203, 0.0)
(35.280697, 28.061876, 0.0)
(35.282143, 28.095432, 0.0)
(35.303688, 28.098982, 0.0)
(35.297913, 28.118824, 0.0)
(35.372894, 27.891716, 0.0)
(35.386578, 27.852150, 0.0)
(35.382366, 27.862654, 0.0)
(35.295753, 27.819527, 0.0)
(35.617290, 29.783697, 0.0)
(35.478321, 28.803135, 0.0)
(35.312992, 28.173244, 0.0)
(35.334221, 27.899189, 0.0)
(35.320957, 27.787367, 0.0)
(35.332367, 27.798740, 0.0)
(35.329948, 27.811949, 0.0)
(35.343048, 27.818996, 0.0)
(35.325970, 27.803705, 0.0)
(35.326481, 27.892111, 0.0)
(35.320641, 27.944202, 0.0)
(35.321205, 27.996283, 0.0)
(35.326599, 28.033609, 0.0)
(35.335052, 28.027473, 0.0)
(35.343227, 27.987526, 0.0)
(35.341393, 27.992838, 0.0)
(35.364162, 28.022223, 0.0)
(35.363152, 28.017593, 0.0)
(35.386826, 28.014774, 0.0)
(35.615520, 28.081814, 0.0)
(35.671700, 28.088345, 0.0)
(35.704689, 28.095995, 0.0)
(35.708889, 28.085276, 0.0)
(35.698978, 28.052990, 0.0)
(35.477848, 28.106503, 0.0)
(35.381863, 28.102901, 0.0)
(35.382698, 28.092920, 0.0)
(35.368320, 28.086668, 0.0)
(35.369057, 28.120684, 0.0)
(35.385803, 28.159723, 0.0)
(35.383121, 28.157539, 0.0)
(35.393864, 28.109409, 0.0)
(35.395962, 28.119074, 0.0)
(35.415585, 28.125166, 0.0)
(35.396610, 28.135849, 0.0)
(35.394363, 28.154188, 0.0)
(35.392391, 28.143867, 0.0)
(35.374809, 28.110712, 0.0)
(35.392811, 28.116465, 0.0)
(35.408058, 28.117643, 0.0)
(35.404762, 28.118320, 0.0)
(35.394218, 28.096361, 0.0)
(35.394142, 28.082226, 0.0)
(35.358543, 28.108311, 0.0)
(0.000000, 0.000000, 1.0)
(35.590096, 29.922516, 0.0)
(35.481060, 29.239882, 0.0)
(35.411381, 28.718357, 0.0)
(35.381046, 28.450537, 0.0)
(35.368698, 28.289001, 0.0)
(35.376095, 28.141157, 0.0)
(35.372696, 27.996445, 0.0)
(35.353928, 27.952887, 0.0)
(35.334160, 27.908211, 0.0)
(35.347500, 27.945684, 0.0)
(35.349564, 27.942259, 0.0)
(35.346966, 27.967339, 0.0)
(35.346180, 27.959702, 0.0)
(35.348446, 27.960299, 0.0)
(35.352436, 27.969595, 0.0)
(35.346863, 27.915922, 0.0)
(35.372936, 27.940126, 0.0)
(35.386074, 27.938156, 0.0)
(35.379841, 27.956221, 0.0)
(35.380013, 27.987198, 0.0)
(35.513504, 27.977278, 0.0)
(35.659466, 27.988663, 0.0)
(35.655003, 27.990538, 0.0)
(35.657562, 28.015793, 0.0)
(35.657059, 28.032270, 0.0)
(35.673355, 28.043890, 0.0)
(35.678089, 28.028919, 0.0)
(35.678089, 28.028919, 0.0)
(35.691223, 28.042137, 0.0)
(35.641533, 28.054480, 0.0)
(35.392277, 27.956390, 0.0)
(35.295544, 27.929338, 0.0)
(35.673759, 29.722755, 0.0)
(35.557953, 29.166798, 0.0)
(35.579311, 28.743258, 0.0)
(35.557156, 28.444090, 0.0)
(35.478786, 28.217676, 0.0)
(35.430054, 28.128304, 0.0)
(35.454941, 28.046173, 0.0)
(35.394024, 28.001585, 0.0)
(35.401169, 27.989779, 0.0)
(35.384583, 27.955500, 0.0)
(35.342224, 27.941196, 0.0)
(35.326813, 27.928217, 0.0)
(35.339619, 27.963242, 0.0)
(35.352600, 27.981197, 0.0)
(35.357021, 27.960249, 0.0)
(35.387341, 27.903381, 0.0)
(35.400906, 27.858950, 0.0)
(35.409313, 27.865290, 0.0)
(35.422661, 27.876768, 0.0)
(35.419872, 27.902281, 0.0)
(35.418098, 27.946106, 0.0)
(35.408482, 27.917057, 0.0)
(35.625916, 27.868477, 0.0)
(35.683628, 27.830669, 0.0)
(35.686516, 27.831604, 0.0)
(35.683830, 27.856567, 0.0)
(35.682713, 27.867998, 0.0)
(35.682713, 27.867998, 0.0)
(35.671326, 27.876455, 0.0)
(35.570469, 28.497013, 0.0)
(35.676376, 29.952126, 0.0)
(35.614677, 29.240810, 0.0)
(35.501110, 28.651096, 0.0)
(35.425804, 28.310509, 0.0)
(35.424564, 28.172258, 0.0)
(35.430180, 28.088783, 0.0)
(35.434017, 28.014343, 0.0)
(35.440907, 27.950325, 0.0)
(35.447403, 27.918093, 0.0)
(35.468937, 27.877062, 0.0)
(35.442989, 27.858110, 0.0)
(35.442665, 27.841438, 0.0)
(35.448593, 27.864346, 0.0)
(35.448669, 27.861761, 0.0)
(35.314590, 27.920042, 0.0)
(35.312996, 27.936752, 0.0)
(35.317974, 27.958107, 0.0)
(35.321487, 27.929449, 0.0)
(35.309952, 27.927111, 0.0)
(35.314747, 27.913122, 0.0)
(35.251381, 28.720293, 0.0)
(35.702225, 30.146387, 0.0)
(35.421753, 29.384972, 0.0)
(35.314365, 28.809181, 0.0)
(35.262062, 28.384592, 0.0)
(35.262756, 28.116735, 0.0)
(35.251659, 27.939268, 0.0)
(35.235584, 27.910036, 0.0)
(35.233425, 27.902750, 0.0)
(35.246376, 27.887327, 0.0)
(35.255795, 27.888565, 0.0)
(35.216522, 27.955925, 0.0)
(35.221649, 27.939289, 0.0)
(35.238846, 27.977846, 0.0)
(36.429474, 28.702412, 0.0)
(39.703339, 31.666750, 0.0)
(41.504410, 33.287853, 0.0)
(42.178604, 33.887611, 0.0)
(42.243011, 33.945122, 0.0)
(42.252865, 33.985531, 0.0)
(42.338505, 34.253353, 0.0)
(42.671196, 34.776764, 0.0)
(42.682510, 34.844292, 0.0)
(42.648712, 34.824459, 0.0)
(42.630917, 34.830544, 0.0)
(42.600803, 34.783703, 0.0)
(42.600544, 34.775101, 0.0)
(42.577572, 34.774277, 0.0)
(42.561241, 34.792294, 0.0)
(42.540173, 34.840496, 0.0)
(42.531811, 34.806072, 0.0)
(42.492073, 34.765778, 0.0)
(42.484650, 34.808189, 0.0)
(42.454926, 34.835773, 0.0)
(42.432007, 34.841412, 0.0)
(42.334583, 34.746983, 0.0)
(42.206257, 34.688522, 0.0)
(42.171959, 34.697662, 0.0)
(42.182819, 34.740955, 0.0)
(42.182819, 34.740955, 0.0)
(42.159988, 34.773697, 0.0)
(42.142826, 34.794960, 0.0)
(42.125923, 34.787663, 0.0)
(42.130260, 34.841812, 0.0)
(42.123127, 34.846302, 0.0)
(42.265030, 34.901924, 0.0)
(42.276489, 34.884495, 0.0)
(42.271187, 34.893734, 0.0)
(42.273815, 34.915833, 0.0)
(42.262913, 34.915279, 0.0)
(42.231899, 34.917423, 0.0)
(42.229191, 34.919617, 0.0)
(42.226013, 34.924614, 0.0)
(41.718632, 33.307762, 0.0)
(40.725079, 30.188414, 0.0)
(40.141254, 28.714836, 0.0)
(40.047714, 28.468351, 0.0)
(40.057621, 28.478325, 0.0)
(37.557858, 26.971428, 0.0)
(34.010494, 26.203077, 0.0)
(31.427315, 26.739590, 0.0)
(30.512657, 27.209467, 0.0)
(30.351055, 27.206398, 0.0)
(29.770441, 28.481920, 0.0)
(28.597149, 32.025436, 0.0)
(28.384823, 32.871422, 0.0)
(28.224209, 32.987892, 0.0)
(28.157938, 32.992092, 0.0)
(28.031511, 33.304668, 0.0)
(27.739059, 34.466599, 0.0)
(27.636103, 34.560051, 0.0)
(27.535776, 32.702911, 0.0)
(27.743937, 28.525953, 0.0)
(27.261965, 26.578560, 0.0)
(27.153408, 26.605831, 0.0)
(27.082512, 26.706409, 0.0)
(27.016115, 26.711761, 0.0)
(27.028109, 26.174164, 0.0)
(27.013550, 26.202602, 0.0)
(29.081614, 25.509668, 0.0)
(34.026878, 25.354689, 0.0)
(38.141041, 25.932814, 0.0)
(40.597298, 26.789675, 0.0)
(40.740040, 26.712221, 0.0)
(40.779377, 26.681990, 0.0)
(40.835381, 26.688173, 0.0)
(41.792496, 27.171839, 0.0)
(41.825912, 27.190216, 0.0)
(41.769188, 27.071409, 0.0)
(41.708927, 26.993877, 0.0)
(41.449207, 27.027122, 0.0)
(37.780945, 27.597935, 0.0)
(34.622681, 28.669168, 0.0)
(34.243225, 28.667688, 0.0)
(34.140945, 28.547316, 0.0)
(34.072052, 28.489622, 0.0)
(33.790291, 28.722162, 0.0)
(30.696693, 31.823366, 0.0)
(28.643896, 33.445686, 0.0)
(28.251402, 33.530426, 0.0)
(28.045845, 33.550121, 0.0)
(27.937588, 33.532425, 0.0)
(27.309502, 34.116558, 0.0)
(27.030544, 34.403252, 0.0)
(26.967085, 34.374084, 0.0)
(26.887739, 34.383106, 0.0)
(26.871014, 34.373642, 0.0)
(26.955044, 34.554546, 0.0)
(27.002436, 34.670971, 0.0)
(27.029863, 34.715481, 0.0)
(27.071371, 34.777027, 0.0)
(27.098009, 34.843681, 0.0)
(27.121710, 34.872253, 0.0)
(27.158764, 34.898785, 0.0)
(27.239382, 34.956436, 0.0)
(27.281792, 34.985817, 0.0)
(27.277071, 35.024071, 0.0)
(28.269320, 34.749748, 0.0)
(28.941172, 34.772251, 0.0)
(28.982658, 34.826508, 0.0)
(28.958986, 34.894260, 0.0)
(28.957811, 34.952839, 0.0)
(28.970234, 34.990360, 0.0)
(28.961580, 35.055172, 0.0)
(28.981455, 35.085518, 0.0)
(29.006739, 35.110516, 0.0)
(29.022457, 35.131382, 0.0)
(28.982094, 35.145847, 0.0)
(29.038580, 35.187191, 0.0)
(29.049290, 35.226295, 0.0)
(29.042566, 35.226883, 0.0)
(29.054482, 35.210026, 0.0)
(29.078165, 35.207207, 0.0)
(29.089926, 35.224892, 0.0)
(29.317812, 35.150883, 0.0)
(33.202641, 33.599564, 0.0)
(36.562622, 32.324062, 0.0)
(37.075294, 31.640610, 0.0)
(37.111538, 31.375042, 0.0)
(37.129593, 31.304712, 0.0)
(37.092773, 31.943321, 0.0)
(35.149452, 31.872225, 0.0)
(34.323177, 31.008202, 0.0)
(34.170574, 30.398766, 0.0)
(34.123238, 30.138924, 0.0)
(34.104694, 30.057213, 0.0)
(32.487049, 32.040737, 0.0)
(29.938339, 33.890694, 0.0)
(29.389853, 34.054150, 0.0)
(29.237494, 34.091331, 0.0)
(29.177593, 34.095688, 0.0)
(29.121824, 34.111000, 0.0)
(29.065451, 34.135925, 0.0)
(29.031294, 34.164013, 0.0)
(29.026646, 34.213654, 0.0)
(29.021334, 34.245373, 0.0)
(30.284140, 33.187981, 0.0)
(34.126476, 30.633440, 0.0)
(37.697250, 29.809137, 0.0)
(39.904339, 30.382715, 0.0)
(40.805134, 30.747187, 0.0)
(40.891239, 30.733946, 0.0)
(40.969254, 30.725945, 0.0)
(41.009430, 30.682039, 0.0)
(40.533741, 30.378210, 0.0)
(36.927143, 29.161240, 0.0)
(36.825855, 29.132231, 0.0)
(36.823265, 29.007273, 0.0)
(36.602280, 28.930395, 0.0)
(35.306335, 28.779045, 0.0)
(35.163441, 28.731218, 0.0)
(35.183704, 28.703377, 0.0)
(35.210255, 28.712261, 0.0)
(35.177216, 28.726734, 0.0)
(35.187637, 28.744045, 0.0)
(35.175999, 28.697277, 0.0)
(35.134842, 28.628130, 0.0)
(35.128696, 28.615263, 0.0)
(35.100704, 28.605282, 0.0)
(35.018875, 30.043259, 0.0)
(0.000000, 0.000000, 1.0)
(35.061310, 30.366388, 0.0)
(35.026237, 29.666388, 0.0)
(34.944202, 29.172998, 0.0)
(34.919479, 28.942739, 0.0)
(34.940365, 28.817944, 0.0)
(34.921970, 28.725689, 0.0)
(34.923470, 28.664589, 0.0)
(34.977516, 28.621897, 0.0)
(35.140800, 28.512041, 0.0)
(35.146450, 28.490822, 0.0)
(35.144318, 28.461411, 0.0)
(35.145084, 28.476059, 0.0)
(35.162006, 28.535168, 0.0)
(35.158230, 28.521179, 0.0)
(35.177692, 28.517786, 0.0)
(35.186378, 28.527426, 0.0)
(35.183243, 28.527021, 0.0)
(35.181541, 28.525341, 0.0)
(35.169559, 28.531445, 0.0)
(35.167629, 28.544748, 0.0)
(32.961929, 29.074717, 0.0)
(29.515388, 29.963217, 0.0)
(27.670113, 30.733494, 0.0)
(27.410006, 30.818302, 0.0)
(27.344828, 30.801384, 0.0)
(27.233543, 30.806496, 0.0)
(26.583221, 31.025080, 0.0)
(26.503946, 31.072107, 0.0)
(26.459551, 31.043333, 0.0)
(26.392286, 31.051693, 0.0)
(26.385807, 31.050549, 0.0)
(28.428547, 30.127754, 0.0)
(29.291740, 29.838779, 0.0)
(29.418280, 29.823610, 0.0)
(29.400331, 29.816786, 0.0)
(29.394535, 29.828796, 0.0)
(29.379665, 29.856619, 0.0)
(29.377035, 29.878683, 0.0)
(29.243748, 29.924021, 0.0)
(27.350063, 30.589840, 0.0)
(27.133678, 30.665956, 0.0)
(27.116688, 30.666189, 0.0)
(27.092649, 30.654127, 0.0)
(26.582458, 30.950333, 0.0)
(26.466410, 31.010023, 0.0)
(26.469307, 31.011806, 0.0)
(26.462620, 30.997179, 0.0)
(26.453568, 30.993053, 0.0)
(26.527327, 30.917231, 0.0)
(28.392513, 29.995604, 0.0)
(28.492516, 30.006617, 0.0)
(28.489012, 29.966017, 0.0)
(28.484278, 29.937525, 0.0)
(28.467304, 29.968269, 0.0)
(28.457623, 30.011703, 0.0)
(28.455112, 30.014616, 0.0)
(28.481163, 30.013742, 0.0)
(29.980152, 29.477531, 0.0)
(34.331173, 28.411804, 0.0)
(35.924397, 28.332664, 0.0)
(36.133190, 28.270094, 0.0)
(36.156616, 28.219721, 0.0)
(36.182781, 28.196003, 0.0)
(36.214699, 28.136406, 0.0)
(36.205738, 28.108147, 0.0)
(36.180977, 28.112146, 0.0)
(36.164017, 28.104942, 0.0)
(36.161049, 28.095009, 0.0)
(36.152252, 28.130064, 0.0)
(36.145107, 28.124947, 0.0)
(36.124451, 28.094318, 0.0)
(36.083916, 28.070047, 0.0)
(36.108925, 28.095671, 0.0)
(36.098099, 28.130087, 0.0)
(36.109238, 28.167391, 0.0)
(36.111603, 28.181986, 0.0)
(36.048672, 28.198946, 0.0)
(36.002296, 28.169550, 0.0)
(32.300098, 27.369976, 0.0)
(29.336416, 27.638615, 0.0)
(28.457436, 27.711460, 0.0)
(28.351385, 27.681040, 0.0)
(28.298357, 27.633945, 0.0)
(28.192434, 27.628595, 0.0)
(28.146212, 27.659309, 0.0)
(30.051205, 28.169619, 0.0)
(34.434017, 29.034420, 0.0)
(37.748512, 28.281406, 0.0)
(39.922405, 27.874552, 0.0)
(40.481209, 27.004253, 0.0)
(40.573650, 26.863750, 0.0)
(40.601910, 26.827568, 0.0)
(40.581573, 26.789877, 0.0)
(40.536850, 26.749783, 0.0)
(40.503590, 26.730558, 0.0)
(36.633152, 26.761738, 0.0)
(32.200436, 27.837034, 0.0)
(31.064358, 28.076159, 0.0)
(30.779509, 28.052021, 0.0)
(30.692780, 28.021244, 0.0)
(29.141811, 28.640770, 0.0)
(28.895983, 28.683628, 0.0)
(28.902725, 28.636065, 0.0)
(28.878008, 28.646215, 0.0)
(28.865778, 28.642578, 0.0)
(28.854759, 28.669855, 0.0)
(28.848446, 28.643749, 0.0)
(28.768595, 28.662048, 0.0)
(29.010670, 28.928068, 0.0)
(29.400930, 30.359175, 0.0)
(28.900537, 29.547829, 0.0)
(28.854267, 28.581558, 0.0)
(28.812109, 28.179947, 0.0)
(28.788042, 28.225641, 0.0)
(28.834265, 28.270618, 0.0)
(28.878305, 28.289877, 0.0)
(28.880594, 28.286844, 0.0)
(28.870672, 28.316919, 0.0)
(28.874903, 28.323589, 0.0)
(28.877186, 28.313417, 0.0)
(28.869720, 28.312923, 0.0)
(28.866982, 28.324987, 0.0)
(28.866982, 28.324987, 0.0)
(28.857006, 28.323565, 0.0)
(28.811651, 28.318184, 0.0)
(28.785933, 28.298901, 0.0)
(28.763201, 28.290850, 0.0)
(28.769669, 28.299088, 0.0)
(28.744116, 28.320000, 0.0)
(30.115469, 27.575659, 0.0)
(34.901196, 26.649609, 0.0)
(38.138645, 26.731062, 0.0)
(38.510124, 26.558968, 0.0)
(38.600491, 26.489124, 0.0)
(38.587208, 26.419424, 0.0)
(38.586304, 26.377581, 0.0)
(38.588898, 25.917152, 0.0)
(38.589142, 25.854198, 0.0)
(38.617409, 25.873596, 0.0)
(38.644188, 25.875641, 0.0)
(38.659283, 25.870726, 0.0)
(38.658627, 25.874096, 0.0)
(38.654812, 25.872839, 0.0)
(38.595520, 25.649799, 0.0)
(38.581829, 25.586378, 0.0)
(38.576336, 25.551462, 0.0)
(38.594654, 25.556709, 0.0)
(38.602966, 25.588181, 0.0)
(38.621727, 25.582605, 0.0)
(38.613613, 25.571943, 0.0)
(38.611500, 25.550337, 0.0)
(38.622959, 25.516848, 0.0)
(38.619293, 25.517763, 0.0)
(38.608589, 25.522266, 0.0)
(38.588902, 25.507338, 0.0)
(38.584202, 25.494263, 0.0)
(38.575939, 25.502684, 0.0)
(38.589111, 25.490980, 0.0)
(38.571865, 25.496719, 0.0)
(38.567558, 25.504883, 0.0)
(38.567558, 25.504883, 0.0)
(38.586712, 25.525286, 0.0)
(38.580177, 25.488319, 0.0)
(38.589272, 25.429409, 0.0)
(38.589279, 25.419600, 0.0)
(37.489124, 26.661186, 0.0)
(36.968742, 26.980320, 0.0)
(36.865768, 26.947920, 0.0)
(35.690334, 26.549635, 0.0)
(31.753166, 25.899399, 0.0)
(29.572693, 25.622957, 0.0)
(28.784948, 25.386292, 0.0)
(28.589916, 25.129488, 0.0)
(28.503273, 25.067381, 0.0)
(28.448492, 25.031822, 0.0)
(28.402815, 25.044479, 0.0)
(29.099375, 24.797470, 0.0)
(29.122143, 24.799789, 0.0)
(29.087488, 24.835672, 0.0)
(29.093578, 24.850727, 0.0)
(29.100361, 24.844193, 0.0)
(29.078074, 24.806974, 0.0)
(29.062883, 24.796062, 0.0)
(29.053585, 24.829937, 0.0)
(29.048103, 24.850100, 0.0)
(29.023300, 24.857309, 0.0)
(29.016098, 24.851299, 0.0)
(29.003082, 24.847387, 0.0)
(28.989403, 24.829060, 0.0)
(28.993326, 24.837313, 0.0)
(28.989189, 24.840378, 0.0)
(28.979784, 24.815086, 0.0)
(28.987520, 24.805872, 0.0)
(29.004459, 24.807472, 0.0)
(28.998079, 24.794207, 0.0)
(28.993809, 24.819128, 0.0)
(28.993326, 24.837313, 0.0)
(28.989780, 24.852947, 0.0)
(28.994299, 24.868792, 0.0)
(28.997015, 24.878544, 0.0)
(28.994299, 24.868792, 0.0)
(28.971979, 24.862391, 0.0)
(28.970224, 24.866613, 0.0)
(28.979967, 24.889778, 0.0)
(28.994062, 24.894499, 0.0)
(32.644268, 25.661728, 0.0)
(35.711338, 26.766953, 0.0)
(37.695766, 29.461483, 0.0)
(41.151516, 33.678272, 0.0)
(41.489605, 33.457958, 0.0)
(41.602932, 33.371311, 0.0)
(41.626015, 33.294411, 0.0)
(41.471970, 35.244484, 0.0)
(41.463661, 34.053585, 0.0)
(41.462654, 33.535263, 0.0)
(41.473141, 33.377686, 0.0)
(41.477608, 33.363049, 0.0)
(41.493168, 33.378769, 0.0)
(41.508381, 33.413845, 0.0)
(41.511028, 33.424011, 0.0)
(41.501232, 33.463886, 0.0)
(41.530895, 33.505974, 0.0)
(41.685787, 33.578098, 0.0)
(41.735428, 33.586674, 0.0)
(41.746899, 33.578094, 0.0)
(41.733337, 33.552727, 0.0)
(41.753334, 33.548615, 0.0)
(41.766602, 33.541920, 0.0)
(41.753197, 33.587135, 0.0)
(41.748928, 33.591038, 0.0)
(41.744358, 33.622318, 0.0)
(41.770786, 33.630264, 0.0)
(41.777767, 33.627224, 0.0)
(41.822937, 33.562698, 0.0)
(41.814987, 33.535530, 0.0)
(41.812389, 33.518024, 0.0)
(41.812389, 33.518024, 0.0)
(41.764507, 33.503521, 0.0)
(40.326904, 31.422371, 0.0)
(40.279369, 31.348965, 0.0)
(40.218224, 32.569057, 0.0)
(40.647762, 32.498123, 0.0)
(40.513680, 31.433235, 0.0)
(40.539047, 30.828972, 0.0)
(40.590485, 30.745562, 0.0)
(40.631985, 30.836203, 0.0)
(40.635651, 30.847290, 0.0)
(40.635921, 30.879650, 0.0)
(40.631111, 30.898190, 0.0)
(40.621078, 30.924854, 0.0)
(40.629860, 30.941538, 0.0)
(40.617123, 30.904720, 0.0)
(40.605621, 30.879999, 0.0)
(40.605621, 30.879999, 0.0)
(40.613289, 30.892097, 0.0)
(40.624714, 30.919868, 0.0)
(40.625885, 30.887180, 0.0)
(40.637390, 30.897812, 0.0)
(40.634209, 30.901638, 0.0)
(40.641323, 30.890062, 0.0)
(40.624149, 30.937628, 0.0)
(40.624233, 30.951191, 0.0)
(40.627930, 30.955235, 0.0)
(40.766594, 30.960173, 0.0)
(40.805737, 30.987675, 0.0)
(40.808147, 30.983971, 0.0)
(40.797623, 31.032799, 0.0)
(40.835293, 31.061596, 0.0)
(40.835030, 31.085714, 0.0)
(40.844612, 31.089140, 0.0)
(40.837055, 31.074316, 0.0)
(40.840733, 31.073063, 0.0)
(40.840733, 31.073063, 0.0)
(40.081841, 30.590996, 0.0)
(40.050125, 30.548468, 0.0)
(37.237396, 28.842081, 0.0)
(34.042812, 27.634150, 0.0)
(32.783131, 28.083035, 0.0)
(32.754486, 26.930094, 0.0)
(32.813042, 26.627356, 0.0)
(32.813576, 26.677122, 0.0)
(32.821629, 26.674343, 0.0)
(32.803310, 26.660385, 0.0)
(32.808880, 26.646740, 0.0)
(32.834549, 26.643738, 0.0)
(32.857517, 26.651163, 0.0)
(32.846989, 26.630255, 0.0)
(32.880363, 26.690376, 0.0)
(32.877338, 26.643707, 0.0)
(32.870434, 26.619888, 0.0)
(32.885689, 26.632172, 0.0)
(32.901951, 26.647505, 0.0)
(32.889282, 26.641026, 0.0)
(32.896721, 26.646353, 0.0)
(32.898430, 26.628971, 0.0)
(32.871964, 26.572147, 0.0)
(32.866974, 26.532450, 0.0)
(32.868534, 26.548162, 0.0)
(32.865269, 26.568094, 0.0)
(33.029133, 26.509035, 0.0)
(33.060085, 26.503942, 0.0)
(33.052841, 26.511681, 0.0)
(33.050888, 26.523703, 0.0)
(33.046192, 26.531067, 0.0)
(33.053082, 26.532465, 0.0)
(33.038204, 26.543175, 0.0)
(33.038204, 26.543175, 0.0)
(33.025463, 26.506445, 0.0)
(32.789696, 26.565193, 0.0)
(32.659595, 27.326029, 0.0)
(31.392719, 27.097708, 0.0)
(30.302818, 27.822958, 0.0)
(30.100641, 28.032091, 0.0)
(30.088161, 28.055149, 0.0)
(29.518934, 29.971748, 0.0)
(29.284477, 30.308908, 0.0)
(29.222113, 30.315681, 0.0)
(29.162107, 30.348537, 0.0)
(29.133316, 30.347860, 0.0)
(29.108673, 30.386433, 0.0)
(29.098177, 30.440920, 0.0)
(29.086529, 30.453600, 0.0)
(29.103451, 30.471470, 0.0)
(29.187092, 30.408659, 0.0)
(29.155169, 30.387770, 0.0)
(29.156908, 30.404783, 0.0)
(29.155313, 30.400162, 0.0)
(29.165100, 30.429241, 0.0)
(29.158722, 30.421185, 0.0)
(29.175623, 30.438148, 0.0)
(29.141356, 30.444407, 0.0)
(29.151604, 30.452295, 0.0)
(29.161633, 30.471350, 0.0)
(29.162069, 30.491501, 0.0)
(29.105162, 30.489851, 0.0)
(29.087774, 30.489285, 0.0)
(29.074215, 30.485235, 0.0)
(29.066433, 30.486753, 0.0)
(29.053110, 30.475740, 0.0)
(29.053110, 30.475740, 0.0)
(29.040199, 30.468649, 0.0)
(29.032907, 30.482166, 0.0)
(29.019331, 30.467527, 0.0)
(29.012547, 30.425518, 0.0)
(29.003210, 30.434256, 0.0)
(29.016413, 30.473028, 0.0)
(29.016479, 30.476902, 0.0)
(31.020937, 29.583931, 0.0)
(35.325226, 28.621397, 0.0)
(36.777092, 28.633934, 0.0)
(36.916565, 28.573586, 0.0)
(36.932270, 28.535873, 0.0)
(36.935982, 28.461489, 0.0)
(36.954144, 28.405333, 0.0)
(37.164070, 27.966074, 0.0)
(37.185020, 27.907639, 0.0)
(37.185738, 27.859386, 0.0)
(37.190342, 27.853792, 0.0)
(37.181492, 27.882278, 0.0)
(37.164486, 27.895842, 0.0)
(37.184383, 27.893549, 0.0)
(37.196777, 27.858288, 0.0)
(37.178532, 27.837362, 0.0)
(37.195580, 27.840311, 0.0)
(37.184570, 27.835077, 0.0)
(37.156952, 27.844080, 0.0)
(37.176136, 27.839323, 0.0)
(37.165615, 27.833902, 0.0)
(37.165615, 27.842033, 0.0)
(37.176144, 27.833418, 0.0)
(37.168991, 27.838915, 0.0)
(37.153877, 27.838743, 0.0)
(37.188660, 27.838335, 0.0)
(37.188389, 27.841677, 0.0)
(37.191410, 27.824869, 0.0)
(37.188728, 27.823092, 0.0)
(37.160149, 27.840723, 0.0)
(37.149555, 27.834877, 0.0)
(37.156452, 27.837065, 0.0)
(37.154415, 27.788736, 0.0)
(37.159882, 27.774359, 0.0)
(37.151951, 27.772867, 0.0)
(37.148643, 27.776072, 0.0)
(37.156029, 27.803495, 0.0)
(36.237751, 26.995863, 0.0)
(33.578690, 24.884981, 0.0)
(33.078716, 24.467333, 0.0)
(33.023506, 24.437532, 0.0)
(32.890152, 23.843210, 0.0)
(32.725170, 23.713287, 0.0)
(32.654869, 23.693254, 0.0)
(32.632317, 23.689285, 0.0)
(32.686611, 23.721354, 0.0)
(32.731991, 23.919449, 0.0)
(32.734966, 23.931288, 0.0)
(32.712063, 23.971481, 0.0)
(32.698116, 23.979156, 0.0)
(32.713093, 24.012211, 0.0)
(32.698616, 23.987741, 0.0)
(32.686825, 23.977444, 0.0)
(32.686825, 23.977444, 0.0)
(32.689339, 23.985620, 0.0)
(32.684467, 23.987789, 0.0)
(32.689339, 23.985620, 0.0)
(32.676891, 23.981102, 0.0)
(32.678226, 23.992277, 0.0)
(32.674999, 24.019081, 0.0)
(32.643532, 24.051945, 0.0)
(32.614479, 24.023874, 0.0)
(32.590946, 24.004795, 0.0)
(32.587795, 23.992250, 0.0)
(32.587173, 23.986984, 0.0)
(32.545479, 24.127560, 0.0)
(31.661646, 26.374437, 0.0)
(31.205944, 27.245010, 0.0)
(31.123938, 27.284925, 0.0)
(31.082542, 27.262905, 0.0)
(31.030806, 27.269503, 0.0)
(30.972803, 27.272049, 0.0)
(30.947607, 27.272840, 0.0)
(30.908350, 27.342997, 0.0)
(30.914679, 27.349024, 0.0)
(28.956545, 28.698051, 0.0)
(27.200918, 29.858198, 0.0)
(27.076773, 29.946102, 0.0)
(27.053844, 29.934181, 0.0)
(26.917053, 29.946890, 0.0)
(26.261913, 30.216627, 0.0)
(26.197891, 30.247635, 0.0)
(26.178432, 30.247580, 0.0)
(26.160831, 30.262482, 0.0)
(26.128778, 30.288471, 0.0)
(26.016468, 30.240772, 0.0)
(26.037271, 30.364437, 0.0)
(26.226377, 31.661812, 0.0)
(26.249630, 31.398840, 0.0)
(26.279469, 30.796114, 0.0)
(26.445110, 30.378183, 0.0)
(26.445379, 30.118095, 0.0)
(26.459686, 30.130074, 0.0)
(26.502758, 30.135242, 0.0)
(26.493759, 30.165144, 0.0)
(26.517643, 30.178284, 0.0)
(26.544893, 30.207766, 0.0)
(26.541065, 30.197481, 0.0)
(26.535772, 30.207170, 0.0)
(26.529894, 30.504450, 0.0)
(26.544855, 30.926289, 0.0)
(26.546135, 30.935043, 0.0)
(26.547869, 30.953560, 0.0)
(26.541632, 30.971306, 0.0)
(26.530418, 30.982965, 0.0)
(26.542809, 30.987841, 0.0)
(27.809645, 31.074957, 0.0)
(29.113062, 31.587223, 0.0)
(29.194057, 31.573187, 0.0)
(29.191278, 31.517275, 0.0)
(29.190378, 31.509613, 0.0)
(29.194159, 31.521383, 0.0)
(29.189783, 31.568146, 0.0)
(29.222986, 31.610550, 0.0)
(32.540714, 32.952076, 0.0)
(32.616970, 33.061623, 0.0)
(32.625179, 33.094639, 0.0)
(32.657265, 33.173332, 0.0)
(32.706985, 33.231319, 0.0)
(32.719940, 33.309002, 0.0)
(34.408138, 34.216484, 0.0)
(35.681137, 34.777294, 0.0)
(35.855885, 34.920544, 0.0)
(35.871288, 34.940479, 0.0)
(35.876034, 34.935993, 0.0)
(35.887024, 34.904266, 0.0)
(35.595497, 35.681778, 0.0)
(35.397594, 36.291187, 0.0)
(35.393620, 36.359692, 0.0)
(35.390770, 36.377373, 0.0)
(35.395115, 36.449001, 0.0)
(35.353924, 36.489376, 0.0)
(35.348858, 36.505203, 0.0)
(35.545883, 36.402184, 0.0)
(35.545658, 36.394058, 0.0)
(35.516247, 36.385063, 0.0)
(35.477100, 36.336117, 0.0)
(35.450527, 36.319458, 0.0)
(35.449303, 36.277073, 0.0)
(35.419765, 36.309387, 0.0)
(35.401424, 36.355412, 0.0)
(35.437649, 36.332554, 0.0)
(34.983818, 35.906818, 0.0)
(33.848732, 34.602013, 0.0)
(33.651299, 34.281105, 0.0)
(33.608109, 34.202888, 0.0)
(33.593620, 34.192940, 0.0)
(33.571144, 34.155510, 0.0)
(33.572392, 34.124580, 0.0)
(33.594803, 33.981091, 0.0)
(35.390911, 31.626078, 0.0)
(35.403061, 30.680088, 0.0)
(35.283409, 30.342524, 0.0)
(35.222214, 30.222984, 0.0)
(35.193279, 30.193476, 0.0)
(35.176697, 30.081820, 0.0)
(35.175411, 30.051331, 0.0)
(35.182255, 30.008739, 0.0)
(35.182514, 29.964699, 0.0)
(35.197762, 29.972630, 0.0)
(35.174976, 29.964342, 0.0)
(35.170933, 29.971682, 0.0)
(35.152061, 29.991133, 0.0)
(35.136570, 29.984795, 0.0)
(35.118328, 29.961370, 0.0)
(35.105770, 29.949757, 0.0)
(35.119762, 29.935881, 0.0)
(35.114101, 29.921368, 0.0)
(35.109959, 29.928999, 0.0)
(35.132221, 29.952948, 0.0)
(35.130657, 29.983410, 0.0)
(35.149677, 29.998960, 0.0)
(35.155746, 30.007189, 0.0)
(35.158871, 30.021791, 0.0)
(35.153275, 30.025810, 0.0)
(35.118153, 30.379217, 0.0)
(35.687519, 31.356588, 0.0)
(35.662426, 30.708708, 0.0)
(35.596348, 30.279554, 0.0)
(35.574902, 30.028706, 0.0)
(35.549042, 29.862640, 0.0)
(35.523987, 29.754797, 0.0)
(35.560116, 29.676271, 0.0)
(35.548080, 29.637650, 0.0)
(35.536560, 29.557106, 0.0)
(35.305847, 29.493576, 0.0)
(31.505869, 28.914478, 0.0)
(28.705557, 28.724417, 0.0)
(27.984198, 28.703327, 0.0)
(27.861729, 28.718616, 0.0)
(27.811100, 28.726866, 0.0)
(27.746103, 28.679256, 0.0)
(27.716177, 28.635303, 0.0)
(27.692749, 28.615616, 0.0)
(27.633516, 28.589380, 0.0)
(27.623251, 28.587799, 0.0)
(27.625408, 28.627098, 0.0)
(27.577820, 28.648270, 0.0)
(27.558260, 28.671093, 0.0)
(27.544714, 28.652437, 0.0)
(27.411991, 28.657778, 0.0)
(27.482573, 30.375519, 0.0)
(27.489611, 30.109684, 0.0)
(27.480167, 29.075155, 0.0)
(27.463352, 28.610350, 0.0)
(27.461803, 28.643873, 0.0)
(27.470354, 28.713741, 0.0)
(27.486032, 28.743011, 0.0)
(27.474949, 28.749416, 0.0)
(27.483196, 28.774881, 0.0)
(27.484632, 28.770660, 0.0)
(27.475389, 28.733105, 0.0)
(27.457836, 28.716032, 0.0)
(27.463047, 28.723291, 0.0)
(27.452240, 28.749229, 0.0)
(27.448252, 28.769159, 0.0)
(27.467661, 28.784853, 0.0)
(27.465466, 28.787443, 0.0)
(27.449055, 28.697168, 0.0)
(27.445059, 28.645527, 0.0)
(27.423628, 28.648884, 0.0)
(27.417690, 28.657272, 0.0)
(28.113741, 28.006287, 0.0)
(32.079727, 26.084146, 0.0)
(35.378433, 25.242430, 0.0)
(37.625465, 25.322233, 0.0)
(37.924778, 25.280928, 0.0)
(37.917812, 25.171961, 0.0)
(37.881950, 25.110270, 0.0)
(37.859352, 25.038206, 0.0)
(37.859772, 24.908983, 0.0)
(37.870262, 24.829304, 0.0)
(37.897514, 24.809187, 0.0)
(37.894287, 24.814846, 0.0)
(37.932819, 24.854744, 0.0)
(37.955360, 24.887781, 0.0)
(37.964397, 24.906639, 0.0)
(37.983650, 24.900347, 0.0)
(38.033665, 24.928360, 0.0)
(38.073730, 24.884926, 0.0)
(38.052616, 24.868143, 0.0)
(38.057465, 24.874178, 0.0)
(38.052616, 24.875347, 0.0)
(38.020832, 24.892233, 0.0)
(37.439560, 26.645412, 0.0)
(37.135342, 27.421637, 0.0)
(37.084751, 27.457729, 0.0)
(37.074703, 27.417028, 0.0)
(37.057262, 27.405590, 0.0)
(37.581303, 26.779203, 0.0)
(38.142582, 25.761944, 0.0)
(38.231213, 25.784103, 0.0)
(38.237423, 25.803432, 0.0)
(38.241367, 25.809706, 0.0)
(38.212830, 25.821783, 0.0)
(38.203060, 25.761208, 0.0)
(38.219791, 25.748667, 0.0)
(38.231701, 25.722334, 0.0)
(38.204395, 25.618437, 0.0)
(35.960144, 26.730745, 0.0)
(32.837360, 28.651749, 0.0)
(31.970554, 28.826361, 0.0)
(31.745600, 28.830334, 0.0)
(31.410162, 28.853361, 0.0)
(31.089651, 30.949192, 0.0)
(30.969919, 29.907032, 0.0)
(30.933880, 29.240377, 0.0)
(30.891848, 28.969091, 0.0)
(30.903893, 28.952980, 0.0)
(30.913881, 28.991488, 0.0)
(30.936474, 29.042458, 0.0)
(30.932648, 29.125166, 0.0)
(30.922352, 29.168633, 0.0)
(30.921667, 29.160082, 0.0)
(31.970503, 29.420107, 0.0)
(34.377022, 29.998482, 0.0)
(34.428402, 30.027866, 0.0)
(34.434185, 29.986513, 0.0)
(34.402431, 29.964565, 0.0)
(34.361507, 29.945150, 0.0)
(34.327961, 29.939129, 0.0)
(34.307991, 29.959459, 0.0)
(34.284180, 29.983467, 0.0)
(34.869984, 30.178162, 0.0)
(35.331112, 30.442162, 0.0)
(35.338531, 30.453894, 0.0)
(35.324677, 30.449444, 0.0)
(35.285801, 30.427582, 0.0)
(35.270798, 30.430138, 0.0)
(35.258064, 30.453716, 0.0)
(35.247791, 30.487827, 0.0)
(35.228970, 30.482447, 0.0)
(35.203663, 30.498110, 0.0)
(35.190861, 30.491653, 0.0)
(35.196484, 30.479774, 0.0)
(35.152431, 30.460114, 0.0)
(35.995895, 29.126947, 0.0)
(37.885117, 27.177221, 0.0)
(38.015953, 27.136818, 0.0)
(38.078674, 27.159700, 0.0)
(38.108150, 27.128265, 0.0)
(38.529980, 26.832329, 0.0)
(38.641525, 26.732859, 0.0)
(38.656239, 26.733032, 0.0)
(38.665531, 26.691656, 0.0)
(38.678825, 26.670856, 0.0)
(38.673241, 26.655657, 0.0)
(38.654327, 26.633942, 0.0)
(38.648972, 26.667816, 0.0)
(38.643421, 26.665354, 0.0)
(38.638943, 26.661076, 0.0)
(38.638943, 26.661076, 0.0)
(38.638943, 26.661076, 0.0)
(38.642826, 26.632547, 0.0)
(38.670021, 26.625725, 0.0)
(38.664333, 26.595341, 0.0)
(38.659340, 26.622952, 0.0)
(38.648056, 26.641651, 0.0)
(38.602306, 26.685474, 0.0)
(37.888180, 26.678967, 0.0)
(38.146397, 27.720901, 0.0)
(38.190628, 27.005928, 0.0)
(38.116890, 26.623199, 0.0)
(38.120464, 26.629768, 0.0)
(38.143551, 26.670107, 0.0)
(38.157749, 26.718611, 0.0)
(38.191372, 26.732700, 0.0)
(38.207134, 26.730556, 0.0)
(38.228794, 26.764936, 0.0)
(38.444237, 26.789267, 0.0)
(38.654274, 26.823092, 0.0)
(38.716984, 26.858847, 0.0)
(38.707973, 26.828388, 0.0)
(40.299500, 30.043562, 0.0)
(41.029739, 33.084949, 0.0)
(41.014420, 33.329140, 0.0)
(40.975601, 33.294842, 0.0)
(40.954124, 33.241833, 0.0)
(40.712986, 33.308453, 0.0)
(40.496899, 33.348923, 0.0)
(40.459499, 33.349617, 0.0)
(40.422573, 33.366379, 0.0)
(40.366360, 33.382881, 0.0)
(40.352600, 33.332050, 0.0)
(40.340458, 33.316185, 0.0)
(40.321480, 33.299168, 0.0)
(40.315807, 33.306381, 0.0)
(40.290855, 33.321892, 0.0)
(40.298336, 33.399536, 0.0)
(40.315334, 33.399818, 0.0)
(40.494736, 33.416229, 0.0)
(40.506161, 33.362190, 0.0)
(40.508041, 33.332741, 0.0)
(40.500599, 33.367809, 0.0)
(40.501469, 33.378460, 0.0)
(40.490833, 33.385494, 0.0)
(40.473484, 33.383724, 0.0)
(40.452938, 33.358624, 0.0)
(40.426308, 33.380562, 0.0)
(40.398594, 33.388382, 0.0)
(40.359062, 33.410858, 0.0)
(40.323360, 33.406593, 0.0)
(40.287445, 33.394276, 0.0)
(40.277203, 33.393974, 0.0)
(40.249306, 33.350922, 0.0)
(40.266167, 33.374100, 0.0)
(40.273952, 33.376507, 0.0)
(40.268341, 33.369728, 0.0)
(40.188683, 33.456711, 0.0)
(40.061481, 28.623775, 0.0)
(39.956799, 27.075768, 0.0)
(39.931118, 26.892166, 0.0)
(39.924282, 26.934801, 0.0)
(39.770473, 26.653740, 0.0)
(39.531212, 26.341330, 0.0)
(39.498245, 26.342487, 0.0)
(39.463928, 26.333902, 0.0)
(39.418922, 26.332777, 0.0)
(39.363918, 26.296576, 0.0)
(39.314373, 26.273319, 0.0)
(39.303349, 26.280071, 0.0)
(39.029774, 26.205250, 0.0)
(39.100113, 27.195955, 0.0)
(38.888950, 26.231014, 0.0)
(38.855957, 25.882580, 0.0)
(38.915840, 25.963423, 0.0)
(38.980000, 26.074766, 0.0)
(38.988216, 26.019745, 0.0)
(38.999123, 25.996302, 0.0)
(38.992657, 26.005266, 0.0)
(38.990112, 26.033623, 0.0)
(38.961418, 26.062553, 0.0)
(38.925381, 26.132889, 0.0)
(38.895180, 26.133333, 0.0)
(38.870068, 26.131371, 0.0)
(38.887524, 26.143274, 0.0)
(38.897194, 26.152197, 0.0)
(38.932819, 26.129484, 0.0)
(38.949322, 26.130089, 0.0)
(38.993481, 26.109184, 0.0)
(38.991909, 26.120186, 0.0)
(39.003906, 26.112267, 0.0)
(39.014393, 26.139366, 0.0)
(37.016376, 28.555187, 0.0)
(36.001019, 30.503468, 0.0)
(35.739876, 30.573870, 0.0)
(35.702892, 30.412182, 0.0)
(35.654121, 30.384510, 0.0)
(35.370228, 31.084822, 0.0)
(35.188950, 31.516140, 0.0)
(35.102497, 31.564352, 0.0)
(35.062393, 31.531609, 0.0)
(35.034283, 31.520666, 0.0)
(35.005188, 31.487326, 0.0)
(34.974716, 31.495026, 0.0)
(34.973202, 31.532948, 0.0)
(34.939178, 31.557585, 0.0)
(34.908279, 31.530539, 0.0)
(34.875740, 31.545074, 0.0)
(34.866467, 31.574909, 0.0)
(34.877483, 31.565683, 0.0)
(34.866245, 31.575438, 0.0)
(34.859356, 31.570990, 0.0)
(34.859356, 31.570990, 0.0)
(34.862461, 31.568468, 0.0)
(35.092068, 31.385567, 0.0)
(35.114979, 31.332586, 0.0)
(35.112926, 31.291874, 0.0)
(35.114437, 31.311087, 0.0)
(35.119846, 31.353373, 0.0)
(35.119846, 31.363472, 0.0)
(35.116253, 31.351912, 0.0)
(35.119846, 31.353373, 0.0)
(35.092640, 31.313858, 0.0)
(35.085197, 31.290865, 0.0)
(35.088314, 31.304850, 0.0)
(35.052830, 31.316103, 0.0)
(35.035126, 31.317150, 0.0)
(35.029476, 31.355530, 0.0)
(35.013847, 31.362539, 0.0)
(35.027313, 31.366516, 0.0)
(35.014622, 31.405430, 0.0)
(35.345402, 33.605804, 0.0)
(35.250694, 33.940361, 0.0)
(35.206165, 34.046913, 0.0)
(35.192051, 34.171001, 0.0)
(35.158226, 34.223568, 0.0)
(35.147400, 34.278847, 0.0)
(35.139439, 34.314037, 0.0)
(35.136780, 34.359348, 0.0)
(35.130772, 34.466763, 0.0)
(35.132275, 34.516891, 0.0)
(35.133068, 34.556114, 0.0)
(35.134056, 34.560841, 0.0)
(35.149158, 34.592754, 0.0)
(35.157284, 34.604065, 0.0)
(35.174095, 34.634243, 0.0)
(35.157307, 34.670952, 0.0)
(35.158718, 34.695873, 0.0)
(35.158718, 34.695873, 0.0)
(35.159500, 34.691124, 0.0)
(35.169628, 34.700939, 0.0)
(35.177658, 34.697926, 0.0)
(35.179447, 34.728546, 0.0)
(35.170895, 34.729172, 0.0)
(35.677422, 34.972572, 0.0)
(35.759556, 34.984234, 0.0)
(35.711365, 34.944717, 0.0)
(35.729118, 34.929733, 0.0)
(35.745289, 34.948509, 0.0)
(35.368832, 35.487514, 0.0)
(35.243511, 35.593578, 0.0)
(35.247410, 35.592442, 0.0)
(35.225945, 35.609707, 0.0)
(35.221375, 35.609158, 0.0)
(35.330284, 35.141766, 0.0)
(35.341480, 35.017033, 0.0)
(35.311085, 35.016064, 0.0)
(35.312504, 34.964298, 0.0)
(35.276344, 34.932499, 0.0)
(32.654465, 34.189316, 0.0)
(29.520870, 33.486111, 0.0)
(28.633715, 32.933437, 0.0)
(28.479650, 32.565479, 0.0)
(28.428839, 32.417648, 0.0)
(27.759487, 32.925648, 0.0)
(27.583511, 32.915554, 0.0)
(27.541128, 32.846642, 0.0)
(27.508429, 32.797421, 0.0)
(27.477045, 32.768822, 0.0)
(27.476299, 32.778805, 0.0)
(27.459669, 32.786926, 0.0)
(27.455317, 32.808170, 0.0)
(27.440462, 32.853882, 0.0)
(27.429970, 32.837791, 0.0)
(27.427341, 32.854588, 0.0)
(27.418049, 32.827824, 0.0)
(27.408928, 32.799187, 0.0)
(27.395107, 32.784290, 0.0)
(27.394445, 32.775974, 0.0)
(27.728426, 32.674225, 0.0)
(27.973166, 32.592232, 0.0)
(28.004375, 32.637299, 0.0)
(27.989491, 32.666294, 0.0)
(27.982998, 32.733078, 0.0)
(28.001516, 32.706169, 0.0)
(27.760958, 32.799511, 0.0)
(27.263159, 32.980637, 0.0)
(27.189713, 32.977146, 0.0)
(27.188478, 32.974163, 0.0)
(27.185802, 32.967052, 0.0)
(27.199009, 32.979946, 0.0)
(27.189928, 32.978584, 0.0)
(27.202751, 32.986267, 0.0)
(27.232042, 32.982952, 0.0)
(29.347858, 30.803751, 0.0)
(30.142845, 29.564577, 0.0)
(30.168344, 29.256823, 0.0)
(30.153633, 29.225832, 0.0)
(30.640406, 28.236444, 0.0)
(30.660593, 28.133196, 0.0)
(30.647314, 28.137972, 0.0)
(30.887112, 30.165257, 0.0)
(30.829275, 30.006533, 0.0)
(30.818180, 29.026234, 0.0)
(30.744257, 28.312384, 0.0)
(30.759298, 27.984905, 0.0)
(30.751446, 27.952137, 0.0)
(30.758400, 27.994316, 0.0)
(30.790892, 28.060892, 0.0)
(31.799223, 28.031303, 0.0)
(34.462002, 28.019005, 0.0)
(34.612839, 28.057957, 0.0)
(34.648701, 28.000080, 0.0)
(34.674362, 27.981277, 0.0)
(34.679920, 27.957642, 0.0)
(34.648373, 27.907404, 0.0)
(34.449917, 27.941324, 0.0)
(31.616793, 28.050751, 0.0)
(31.459038, 28.108637, 0.0)
(31.463480, 28.100496, 0.0)
(31.464285, 28.105383, 0.0)
(31.466539, 28.124208, 0.0)
(31.453220, 28.094707, 0.0)
(31.452221, 28.021803, 0.0)
(31.453314, 27.991259, 0.0)
(33.664200, 27.974703, 0.0)
(34.389141, 28.012741, 0.0)
(34.460602, 28.002520, 0.0)
(34.492241, 27.988483, 0.0)
(34.879105, 28.026939, 0.0)
(36.083591, 28.083952, 0.0)
(36.184937, 28.073904, 0.0)
(36.377159, 28.556578, 0.0)
(37.080986, 32.911495, 0.0)
(36.784637, 34.574654, 0.0)
(36.581841, 34.810341, 0.0)
(36.535904, 34.898460, 0.0)
(36.487675, 35.114410, 0.0)
(37.367264, 35.961349, 0.0)
(37.392448, 35.985699, 0.0)
(37.366337, 35.992035, 0.0)
(37.341682, 35.975582, 0.0)
(37.349430, 35.976582, 0.0)
(37.353458, 35.994339, 0.0)
(37.344334, 36.044731, 0.0)
(37.339302, 36.073990, 0.0)
(37.338192, 36.106678, 0.0)
(37.312359, 36.109760, 0.0)
(37.298645, 36.132092, 0.0)
(37.308804, 36.109898, 0.0)
(37.303741, 36.111263, 0.0)
(37.306610, 36.054237, 0.0)
(37.292351, 36.038010, 0.0)
(37.304039, 36.025318, 0.0)
(37.292351, 36.035835, 0.0)
(37.296604, 36.038155, 0.0)
(37.285046, 36.048107, 0.0)
(37.281555, 36.058983, 0.0)
(37.291161, 36.054966, 0.0)
(37.286884, 36.054790, 0.0)
(37.285046, 36.048107, 0.0)
(37.286839, 36.052265, 0.0)
(37.295143, 36.081379, 0.0)
(37.288681, 36.092999, 0.0)
(37.300484, 36.097305, 0.0)
(37.304150, 36.111317, 0.0)
(37.302322, 36.123348, 0.0)
(37.300156, 36.113514, 0.0)
(37.313053, 36.102924, 0.0)
(37.304317, 36.127781, 0.0)
(37.070835, 36.021118, 0.0)
(33.888168, 34.850471, 0.0)
(31.074812, 34.015717, 0.0)
(29.359074, 33.830997, 0.0)
(29.432970, 34.088078, 0.0)
(29.654629, 34.267536, 0.0)
(29.692957, 34.321819, 0.0)
(29.680117, 34.322495, 0.0)
(30.544098, 34.430500, 0.0)
(30.762579, 34.724052, 0.0)
(30.756678, 34.820606, 0.0)
(30.724979, 34.888050, 0.0)
(30.698189, 34.892017, 0.0)
(30.684977, 34.896893, 0.0)
(30.658598, 34.908775, 0.0)
(30.658670, 34.924999, 0.0)
(30.633591, 34.943813, 0.0)
(30.591284, 35.014015, 0.0)
(30.604309, 35.055920, 0.0)
(30.572659, 35.107887, 0.0)
(30.560848, 35.112892, 0.0)
(30.541992, 35.115860, 0.0)
(30.536036, 35.112366, 0.0)
(30.521114, 35.108280, 0.0)
(30.512760, 35.123650, 0.0)
(30.392799, 35.265347, 0.0)
(30.357145, 35.256252, 0.0)
(30.365133, 35.269470, 0.0)
(30.346195, 35.264671, 0.0)
(30.296043, 35.303558, 0.0)
(30.295376, 35.344601, 0.0)
(30.282230, 35.356262, 0.0)
(30.257126, 35.352787, 0.0)
(30.238127, 35.360405, 0.0)
(30.260511, 35.310432, 0.0)
(30.233559, 35.278667, 0.0)
(31.344793, 34.561756, 0.0)
(34.709103, 32.330231, 0.0)
(37.380695, 29.839823, 0.0)
(39.012459, 28.573904, 0.0)
(40.185356, 28.649185, 0.0)
(40.733910, 28.737263, 0.0)
(40.903866, 28.775995, 0.0)
(41.023750, 28.686604, 0.0)
(41.090160, 28.649918, 0.0)
(41.656616, 28.946304, 0.0)
(41.795116, 29.060045, 0.0)
(41.764503, 28.910542, 0.0)
(41.734211, 28.873274, 0.0)
(41.705956, 28.825024, 0.0)
(41.652126, 28.771734, 0.0)
(41.639397, 28.770414, 0.0)
(41.615330, 28.683243, 0.0)
(41.584743, 28.655663, 0.0)
(41.549767, 28.563053, 0.0)
(41.540592, 28.553240, 0.0)
(41.515686, 28.512922, 0.0)
(41.501625, 28.508533, 0.0)
(41.501625, 28.508533, 0.0)
(41.492085, 28.499420, 0.0)
(41.478939, 28.456896, 0.0)
(41.491390, 28.456648, 0.0)
(41.473778, 28.446712, 0.0)
(41.459675, 28.421104, 0.0)
(40.691418, 28.208876, 0.0)
(37.475628, 27.402985, 0.0)
(35.092819, 27.082546, 0.0)
(35.006207, 27.058336, 0.0)
(35.017643, 27.036659, 0.0)
(35.014343, 27.046381, 0.0)
(35.064743, 27.058165, 0.0)
(38.101376, 27.530659, 0.0)
(40.508198, 28.082888, 0.0)
(40.733475, 28.010359, 0.0)
(38.438046, 26.427679, 0.0)
(36.638748, 25.691591, 0.0)
(36.479164, 25.589186, 0.0)
(36.490280, 25.525486, 0.0)
(36.490601, 25.508469, 0.0)
(36.491161, 25.508335, 0.0)
(36.490280, 25.502361, 0.0)
(36.487476, 25.496410, 0.0)
(36.500446, 25.489798, 0.0)
(36.498314, 25.500330, 0.0)
(35.947014, 25.542194, 0.0)
(35.954586, 25.984798, 0.0)
(36.139282, 25.589169, 0.0)
(36.220505, 25.658724, 0.0)
(36.264568, 25.763935, 0.0)
(36.300007, 25.790947, 0.0)
(36.300674, 25.797125, 0.0)
(36.320774, 25.814505, 0.0)
(36.323513, 25.825140, 0.0)
(36.319817, 25.827446, 0.0)
(36.323471, 25.813366, 0.0)
(36.402534, 25.742407, 0.0)
(36.485458, 25.611792, 0.0)
(36.493427, 25.609373, 0.0)
(36.495762, 25.625702, 0.0)
(36.504856, 25.657654, 0.0)
(36.506535, 25.697552, 0.0)
(36.514851, 25.529522, 0.0)
(36.516838, 25.493683, 0.0)
(36.509426, 25.461639, 0.0)
(36.513054, 25.442869, 0.0)
(36.512890, 25.441488, 0.0)
(36.495529, 25.436802, 0.0)
(36.497955, 25.422071, 0.0)
(36.492741, 25.421675, 0.0)
(37.129436, 26.161188, 0.0)
(40.093025, 30.749117, 0.0)
(40.804623, 33.126457, 0.0)
(41.121265, 34.115082, 0.0)
(41.080265, 34.035332, 0.0)
(41.011448, 33.913631, 0.0)
(41.260960, 34.492611, 0.0)
(41.481926, 35.338806, 0.0)
(41.449032, 35.335606, 0.0)
(41.443760, 35.292431, 0.0)
(41.448788, 35.273991, 0.0)
(41.437820, 35.233330, 0.0)
(41.435276, 35.189297, 0.0)
(41.424137, 35.191673, 0.0)
(41.406658, 35.178913, 0.0)
(41.221539, 34.927570, 0.0)
(41.217152, 34.913891, 0.0)
(41.208618, 34.968765, 0.0)
(41.202137, 34.986137, 0.0)
(41.184322, 34.979534, 0.0)
(41.126755, 34.979855, 0.0)
(41.094234, 35.006966, 0.0)
(41.074612, 34.980354, 0.0)
(41.032467, 34.922100, 0.0)
(41.018459, 34.913967, 0.0)
(41.006618, 34.909092, 0.0)
(40.979507, 34.941059, 0.0)
(40.964977, 34.960632, 0.0)
(40.936123, 34.958771, 0.0)
(40.897472, 34.944599, 0.0)
(40.879601, 34.945526, 0.0)
(40.868790, 34.878910, 0.0)
(40.869804, 34.866150, 0.0)
(40.857098, 34.847008, 0.0)
(40.850948, 34.848106, 0.0)
(40.837437, 34.799580, 0.0)
(40.836487, 34.807167, 0.0)
(40.803059, 34.776531, 0.0)
(37.367821, 33.184330, 0.0)
(34.013531, 32.598026, 0.0)
(33.348728, 32.396931, 0.0)
(33.308884, 32.326668, 0.0)
(33.286068, 32.333302, 0.0)
(33.285572, 32.373528, 0.0)
(33.269627, 32.423470, 0.0)
(33.272461, 32.480232, 0.0)
(33.281532, 32.847107, 0.0)
(33.087086, 34.780327, 0.0)
(33.177143, 34.734955, 0.0)
(33.224960, 34.018963, 0.0)
(33.104862, 33.611565, 0.0)
(33.055031, 33.380314, 0.0)
(33.009590, 33.215298, 0.0)
(33.023067, 33.156281, 0.0)
(33.030727, 33.071095, 0.0)
(33.006908, 33.042957, 0.0)
(33.028450, 32.988838, 0.0)
(33.771877, 32.499153, 0.0)
(33.794575, 32.277164, 0.0)
(33.783768, 32.179317, 0.0)
(33.787373, 32.158844, 0.0)
(33.321514, 32.413265, 0.0)
(33.099354, 32.658733, 0.0)
(33.066105, 32.673008, 0.0)
(33.056946, 32.671200, 0.0)
(33.055099, 32.680592, 0.0)
(33.054741, 32.644905, 0.0)
(33.036270, 32.616241, 0.0)
(33.026043, 32.611813, 0.0)
(33.031380, 32.608681, 0.0)
(33.009979, 32.607010, 0.0)
(33.010590, 32.623230, 0.0)
(33.008522, 32.632271, 0.0)
(32.997105, 32.600327, 0.0)
(33.868683, 29.619770, 0.0)
(34.478500, 26.109066, 0.0)
(34.427052, 25.835468, 0.0)
(34.406834, 25.852400, 0.0)
(34.401276, 25.826847, 0.0)
(34.408012, 25.804064, 0.0)
(34.403187, 25.781075, 0.0)
(34.411144, 25.792900, 0.0)
(34.881466, 25.950478, 0.0)
(34.943741, 25.960033, 0.0)
(34.933258, 25.945692, 0.0)
(34.934025, 25.907804, 0.0)
(34.925938, 25.859251, 0.0)
(34.931133, 25.820801, 0.0)
(34.944183, 25.811785, 0.0)
(34.944183, 25.809464, 0.0)
(34.944183, 25.811785, 0.0)
(34.898693, 25.841990, 0.0)
(34.397957, 25.817194, 0.0)
(34.251106, 27.277235, 0.0)
(34.605289, 26.194748, 0.0)
(34.585308, 25.799643, 0.0)
(34.612305, 25.836956, 0.0)
(34.649136, 25.897789, 0.0)
(34.657673, 25.961939, 0.0)
(34.660484, 25.990511, 0.0)
(34.657005, 26.022102, 0.0)
(34.667717, 26.060947, 0.0)
(34.669235, 26.078632, 0.0)
(34.683643, 26.123077, 0.0)
(34.691360, 26.107126, 0.0)
(34.684246, 26.100952, 0.0)
(34.707584, 26.115614, 0.0)
(34.710373, 26.138866, 0.0)
(34.710701, 26.158457, 0.0)
(34.709000, 26.162752, 0.0)
(34.557903, 26.169357, 0.0)
(31.274168, 26.277782, 0.0)
(28.588310, 26.804224, 0.0)
(27.868261, 26.820955, 0.0)
(27.800085, 26.770145, 0.0)
(27.493649, 26.692955, 0.0)
(27.223881, 26.778109, 0.0)
(27.118681, 26.751326, 0.0)
(27.074949, 26.730392, 0.0)
(27.062719, 26.729462, 0.0)
(27.051311, 26.736515, 0.0)
(27.056513, 26.760738, 0.0)
(27.047762, 26.755159, 0.0)
(27.038181, 26.740765, 0.0)
(27.024681, 26.719444, 0.0)
(27.036049, 26.718473, 0.0)
(26.991671, 26.731981, 0.0)
(27.048536, 26.540630, 0.0)
(26.742928, 26.520243, 0.0)
(26.768547, 26.346666, 0.0)
(26.993954, 26.373569, 0.0)
(27.079346, 26.431524, 0.0)
(27.101259, 26.437243, 0.0)
(27.115938, 26.424301, 0.0)
(27.114141, 26.452429, 0.0)
(27.112595, 26.443626, 0.0)
(27.135977, 26.444937, 0.0)
(27.118977, 26.449835, 0.0)
(27.125830, 26.515350, 0.0)
(27.122080, 26.537817, 0.0)
(27.113430, 26.548256, 0.0)
(27.109026, 26.533136, 0.0)
(27.129913, 26.502201, 0.0)
(27.153042, 26.496704, 0.0)
(27.157621, 26.487623, 0.0)
(27.158257, 26.494062, 0.0)
(27.156891, 26.496357, 0.0)
(27.164127, 26.476458, 0.0)
(28.721107, 27.519861, 0.0)
(30.252342, 30.312447, 0.0)
(30.257229, 30.599394, 0.0)
(30.181433, 30.570801, 0.0)
(30.171368, 30.576973, 0.0)
(30.172667, 30.573132, 0.0)
(30.875944, 31.301617, 0.0)
(30.910408, 31.424690, 0.0)
(30.901945, 31.445034, 0.0)
(30.917871, 31.477243, 0.0)
(30.922646, 31.485605, 0.0)
(30.919807, 31.501968, 0.0)
(30.936123, 31.546690, 0.0)
(30.937168, 31.525560, 0.0)
(30.944792, 31.534567, 0.0)
(30.950924, 31.547813, 0.0)
(30.947609, 31.561859, 0.0)
(30.942989, 31.583662, 0.0)
(30.935966, 31.589245, 0.0)
(30.910652, 31.602480, 0.0)
(30.891739, 31.620798, 0.0)
(30.893744, 31.638340, 0.0)
(30.868280, 31.675659, 0.0)
(30.851980, 31.658104, 0.0)
(30.862350, 31.650467, 0.0)
(30.856258, 31.649031, 0.0)
(30.855282, 31.650860, 0.0)
(30.839300, 31.653484, 0.0)
(30.827415, 31.672380, 0.0)
(30.820173, 31.711102, 0.0)
(30.815924, 31.734083, 0.0)
(30.803795, 31.712917, 0.0)
(30.796593, 31.679768, 0.0)
(30.790541, 31.690332, 0.0)
(30.794733, 31.711023, 0.0)
(30.779541, 31.742498, 0.0)
(30.795088, 31.746351, 0.0)
(30.781719, 31.708494, 0.0)
(30.781105, 31.692165, 0.0)
(30.785809, 31.682428, 0.0)
(31.702276, 30.068281, 0.0)
(33.276527, 26.917547, 0.0)
(34.456276, 25.482491, 0.0)
(34.540787, 25.364548, 0.0)
(34.532490, 25.338648, 0.0)
(34.503410, 25.267731, 0.0)
(34.493294, 25.267887, 0.0)
(34.510632, 25.270691, 0.0)
(34.521099, 25.261854, 0.0)
(34.515026, 25.235279, 0.0)
(34.532078, 25.175972, 0.0)
(34.535904, 25.180449, 0.0)
(34.543434, 25.179579, 0.0)
(34.528698, 25.232937, 0.0)
(34.517448, 25.278139, 0.0)
(34.523716, 25.271654, 0.0)
(34.510231, 25.268850, 0.0)
(34.501877, 25.266720, 0.0)
(34.507244, 25.241306, 0.0)
(34.503319, 25.225897, 0.0)
(34.483028, 25.179239, 0.0)
(34.469570, 25.172091, 0.0)
(34.458378, 25.162813, 0.0)
(34.468483, 25.200628, 0.0)
(34.459709, 25.226397, 0.0)
(34.439693, 25.279917, 0.0)
(34.419807, 25.279629, 0.0)
(34.416359, 25.288095, 0.0)
(34.420322, 25.267836, 0.0)
(34.422817, 25.221489, 0.0)
(34.420090, 25.182346, 0.0)
(34.414391, 25.190962, 0.0)
(34.404011, 25.238920, 0.0)
(34.413258, 25.258667, 0.0)
(34.469177, 25.372431, 0.0)
(35.316040, 28.571028, 0.0)
(35.233112, 29.138416, 0.0)
(35.168919, 29.150824, 0.0)
(35.165455, 29.158733, 0.0)
(35.149933, 29.152628, 0.0)
(35.135559, 29.173201, 0.0)
(35.112198, 29.192699, 0.0)
(35.099682, 29.210735, 0.0)
(35.093006, 29.266113, 0.0)
(35.092461, 29.301188, 0.0)
(35.073631, 29.351917, 0.0)
(35.063862, 29.354279, 0.0)
(35.065163, 29.394815, 0.0)
(35.068596, 29.338778, 0.0)
(35.045319, 29.318573, 0.0)
(35.025795, 29.315687, 0.0)
(35.008347, 29.356928, 0.0)
(35.011169, 29.392370, 0.0)
(34.993328, 29.372915, 0.0)
(35.007607, 29.382061, 0.0)
(35.001450, 29.386494, 0.0)
(35.013256, 29.378967, 0.0)
(35.024910, 29.427860, 0.0)
(35.015106, 29.434124, 0.0)
(35.017075, 29.436708, 0.0)
(35.013718, 29.454622, 0.0)
(35.014427, 29.455744, 0.0)
(35.015606, 29.460852, 0.0)
(34.997570, 29.490480, 0.0)
(34.992725, 29.519302, 0.0)
(35.002243, 29.611893, 0.0)
(34.997295, 29.621149, 0.0)
(34.979984, 29.590069, 0.0)
(34.945057, 29.576691, 0.0)
(34.951405, 29.573715, 0.0)
(34.930172, 29.583385, 0.0)
(34.913239, 29.592720, 0.0)
(34.893494, 29.595314, 0.0)
(34.878757, 29.578775, 0.0)
(34.868992, 29.557280, 0.0)
(34.863735, 29.519596, 0.0)
(34.863415, 29.541485, 0.0)
(34.835159, 29.520576, 0.0)
(34.817009, 29.493156, 0.0)
(34.809929, 29.450377, 0.0)
(34.782894, 29.381247, 0.0)
(34.736458, 29.365858, 0.0)
(34.658623, 29.342138, 0.0)
(34.661045, 29.299120, 0.0)
(34.641521, 29.299723, 0.0)
(34.571163, 29.243544, 0.0)
(36.140354, 30.387579, 0.0)
(38.030460, 31.757853, 0.0)
(38.648327, 31.505085, 0.0)
(38.673492, 31.128138, 0.0)
(38.674053, 31.022400, 0.0)
(38.684139, 31.046314, 0.0)
(38.719875, 31.058380, 0.0)
(38.757526, 31.039173, 0.0)
(38.789337, 31.068796, 0.0)
(38.786518, 31.071526, 0.0)
(38.808338, 31.077423, 0.0)
(38.816212, 31.093859, 0.0)
(38.808868, 31.089434, 0.0)
(38.804516, 31.075724, 0.0)
(38.818409, 31.089966, 0.0)
(38.817005, 31.117500, 0.0)
(38.852489, 31.150585, 0.0)
(38.869453, 31.112320, 0.0)
(38.865608, 31.118847, 0.0)
(38.845982, 31.119541, 0.0)
(38.837696, 31.159599, 0.0)
(38.851414, 31.184267, 0.0)
(38.832924, 31.196440, 0.0)
(38.845177, 31.178658, 0.0)
(38.813156, 31.144522, 0.0)
(38.873970, 32.542801, 0.0)
(40.182652, 33.669170, 0.0)
(40.319206, 33.205856, 0.0)
(40.320122, 32.889442, 0.0)
(40.344467, 32.888313, 0.0)
(40.393349, 32.952713, 0.0)
(40.383503, 32.983746, 0.0)
(40.408409, 33.019402, 0.0)
(40.341682, 32.826069, 0.0)
(40.304264, 32.686729, 0.0)
(40.312782, 32.682480, 0.0)
(40.332035, 32.709026, 0.0)
(40.344719, 32.722969, 0.0)
(40.336445, 32.740635, 0.0)
(40.352974, 32.731377, 0.0)
(40.353363, 32.724712, 0.0)
(40.343952, 32.746098, 0.0)
(40.357330, 32.781845, 0.0)
(40.355331, 32.775520, 0.0)
(40.350922, 32.735676, 0.0)
(40.340706, 32.687199, 0.0)
(40.335499, 32.664570, 0.0)
(40.340073, 32.667999, 0.0)
(40.330357, 32.675526, 0.0)
(40.327518, 32.679810, 0.0)
(40.328243, 32.706356, 0.0)
(40.329014, 32.694607, 0.0)
(40.320503, 32.638298, 0.0)
(40.317616, 32.636097, 0.0)
(40.326519, 32.622650, 0.0)
(40.314575, 32.649715, 0.0)
(40.307705, 32.657490, 0.0)
(40.315449, 32.654274, 0.0)
(40.300106, 32.666573, 0.0)
(40.296886, 32.650387, 0.0)
(40.318600, 32.620361, 0.0)
(41.686199, 31.320530, 0.0)
(42.154598, 30.876513, 0.0)
(42.214615, 30.900949, 0.0)
(42.177868, 30.839222, 0.0)
(42.164581, 30.778631, 0.0)
(42.160961, 30.745562, 0.0)
(42.128639, 30.715065, 0.0)
(42.047794, 30.638805, 0.0)
(42.040894, 30.625336, 0.0)
(42.017525, 30.565413, 0.0)
(41.967484, 30.521257, 0.0)
(41.933983, 30.461988, 0.0)
(41.910061, 30.458708, 0.0)
(41.860039, 30.429276, 0.0)
(41.871216, 30.426395, 0.0)
(41.861549, 30.410109, 0.0)
(41.829247, 30.397291, 0.0)
(41.815769, 30.378780, 0.0)
(41.815769, 30.378780, 0.0)
(41.790775, 30.421719, 0.0)
(41.779953, 30.436411, 0.0)
(41.778988, 30.443439, 0.0)
(41.741661, 30.413410, 0.0)
(41.727173, 30.392031, 0.0)
(41.709446, 30.379244, 0.0)
(41.695053, 30.354067, 0.0)
(41.662960, 30.348520, 0.0)
(41.662537, 30.349010, 0.0)
(41.649326, 30.349010, 0.0)
(41.649036, 30.344847, 0.0)
(41.621098, 30.338606, 0.0)
(41.624142, 30.346262, 0.0)
(41.590881, 30.345753, 0.0)
(41.585419, 30.346426, 0.0)
(41.580723, 30.325460, 0.0)
(41.579441, 30.318615, 0.0)
(41.566856, 30.285936, 0.0)
(41.574799, 30.280874, 0.0)
(41.539467, 30.319559, 0.0)
(41.524315, 30.308538, 0.0)
(41.519093, 30.314878, 0.0)
(41.514946, 30.299149, 0.0)
(41.499081, 30.282480, 0.0)
(42.000904, 32.381538, 0.0)
(42.062351, 34.582832, 0.0)
(42.001488, 34.654068, 0.0)
(41.954018, 34.585369, 0.0)
(41.930241, 34.543919, 0.0)
(41.897961, 34.473675, 0.0)
(41.887180, 34.471756, 0.0)
(41.880722, 34.478912, 0.0)
(41.864758, 34.497192, 0.0)
(41.848984, 34.494972, 0.0)
(41.834953, 34.442970, 0.0)
(41.824100, 34.400948, 0.0)
(41.768806, 34.367462, 0.0)
(41.755867, 34.351585, 0.0)
(41.729004, 34.313122, 0.0)
(41.705067, 34.296387, 0.0)
(41.703503, 34.311764, 0.0)
(41.702637, 34.304688, 0.0)
(41.696938, 34.289688, 0.0)
(41.703133, 34.297588, 0.0)
(41.693310, 34.287540, 0.0)
(41.686535, 34.281815, 0.0)
(41.685635, 34.288776, 0.0)
(41.686535, 34.281815, 0.0)
(41.680382, 34.233685, 0.0)
(41.674160, 34.215843, 0.0)
(41.674160, 34.215843, 0.0)
(41.676105, 34.229702, 0.0)
(41.663425, 34.228931, 0.0)
(41.667099, 34.189327, 0.0)
(41.658234, 34.162502, 0.0)
(41.641312, 34.149525, 0.0)
(41.654163, 34.140469, 0.0)
(41.535156, 33.995438, 0.0)
(38.154625, 30.161085, 0.0)
(35.298889, 28.361336, 0.0)
(35.151825, 28.234079, 0.0)
(35.151157, 28.188847, 0.0)
(35.143353, 28.176718, 0.0)
(35.134312, 28.151085, 0.0)
(35.122452, 28.142546, 0.0)
(35.122242, 28.157156, 0.0)
(35.129818, 28.180426, 0.0)
(35.135487, 28.236849, 0.0)
(35.124851, 28.207010, 0.0)
(35.123692, 28.201632, 0.0)
(35.115757, 28.204340, 0.0)
(35.116985, 28.225773, 0.0)
(35.102673, 28.233330, 0.0)
(35.079010, 28.263708, 0.0)
(35.081028, 28.259190, 0.0)
(35.064232, 28.260981, 0.0)
(35.055698, 28.262455, 0.0)
(35.046673, 28.286129, 0.0)
(35.023636, 28.297537, 0.0)
(34.985832, 28.283560, 0.0)
(34.978214, 28.286846, 0.0)
(34.957733, 28.279675, 0.0)
(34.913963, 28.307297, 0.0)
(34.884125, 28.341276, 0.0)
(34.861492, 28.376242, 0.0)
(34.787411, 28.414814, 0.0)
(34.766636, 28.426811, 0.0)
(34.763023, 28.456434, 0.0)
(34.738407, 28.414297, 0.0)
(34.720730, 28.417175, 0.0)
(34.713093, 28.411976, 0.0)
(34.710697, 28.415867, 0.0)
(34.694511, 28.449131, 0.0)
(34.702618, 28.425817, 0.0)
(34.701801, 28.394918, 0.0)
(34.701801, 28.394918, 0.0)
(34.720730, 28.417175, 0.0)
(36.566555, 27.170292, 0.0)
(38.896103, 26.526758, 0.0)
(39.297153, 26.383015, 0.0)
(39.366127, 26.283203, 0.0)
(39.315117, 26.190655, 0.0)
(39.294086, 26.155304, 0.0)
(39.207676, 26.073463, 0.0)
(39.121159, 26.021545, 0.0)
(39.048935, 25.975121, 0.0)
(39.009701, 25.948978, 0.0)
(38.934994, 25.929468, 0.0)
(38.851173, 25.812090, 0.0)
(38.811401, 25.770563, 0.0)
(38.792198, 25.792246, 0.0)
(38.782112, 25.802105, 0.0)
(38.741596, 25.809710, 0.0)
(38.741596, 25.809710, 0.0)
(38.708061, 25.787788, 0.0)
(38.680031, 25.765764, 0.0)
(38.650043, 25.801668, 0.0)
(38.612286, 25.782314, 0.0)
(38.581539, 25.763174, 0.0)
(38.578556, 25.772419, 0.0)
(38.532528, 25.760136, 0.0)
(38.506775, 25.748661, 0.0)
(38.500587, 25.750158, 0.0)
(38.501450, 25.744576, 0.0)
(38.498028, 25.752356, 0.0)
(38.490250, 25.762299, 0.0)
(38.493633, 25.760109, 0.0)
(38.477291, 25.698900, 0.0)
(38.451340, 25.662516, 0.0)
(38.436230, 25.637827, 0.0)
(38.437164, 25.644499, 0.0)
(38.410118, 25.680027, 0.0)
(38.221794, 25.686682, 0.0)
(34.546253, 25.233494, 0.0)
(31.655266, 25.315943, 0.0)
(31.327223, 25.295368, 0.0)
(31.305601, 25.253412, 0.0)
(31.275501, 25.246571, 0.0)
(31.263504, 25.222204, 0.0)
(31.258413, 25.213770, 0.0)
(30.844446, 25.203775, 0.0)
(30.678680, 25.188688, 0.0)
(30.655285, 25.184132, 0.0)
(30.656668, 25.183119, 0.0)
(30.653877, 25.177769, 0.0)
(30.650408, 25.174423, 0.0)
(30.625881, 25.200674, 0.0)
(30.630341, 25.133156, 0.0)
(30.592581, 25.114050, 0.0)
(30.567854, 25.107233, 0.0)
(30.561064, 25.133701, 0.0)
(30.566738, 25.163486, 0.0)
(30.566916, 25.163229, 0.0)
(30.564455, 25.142723, 0.0)
(30.556246, 25.136076, 0.0)
(30.543613, 25.139738, 0.0)
(30.541828, 25.144777, 0.0)
(30.524380, 25.143120, 0.0)
(30.498652, 25.140968, 0.0)
(30.487530, 25.134892, 0.0)
(30.477884, 25.131586, 0.0)
(30.467575, 25.129702, 0.0)
(30.468588, 25.145874, 0.0)
(30.448242, 25.188414, 0.0)
(30.455721, 25.220695, 0.0)
(30.448040, 25.173216, 0.0)
(30.437876, 25.120304, 0.0)
(30.429859, 25.101635, 0.0)
(30.433262, 25.097759, 0.0)
(30.417288, 25.110737, 0.0)
(30.437620, 25.183903, 0.0)
(30.456516, 25.205462, 0.0)
(30.456005, 25.233334, 0.0)
(30.436676, 25.233316, 0.0)
(30.437456, 25.228439, 0.0)
(30.440731, 25.223604, 0.0)
(30.436695, 25.200888, 0.0)
(30.438334, 25.182285, 0.0)
(29.551517, 27.194017, 0.0)
(28.395485, 30.851389, 0.0)
(27.951082, 32.271149, 0.0)
(27.584469, 33.472809, 0.0)
(27.491472, 33.611744, 0.0)
(27.424988, 33.601974, 0.0)
(27.377995, 33.574902, 0.0)
(27.454897, 33.758198, 0.0)
(28.943897, 34.101357, 0.0)
(30.560610, 32.011108, 0.0)
(35.200306, 28.977829, 0.0)
(39.434616, 27.676826, 0.0)
(41.828518, 27.767179, 0.0)
(42.075073, 27.848101, 0.0)
(41.960392, 27.875410, 0.0)
(41.939823, 27.870983, 0.0)
(41.811111, 27.891672, 0.0)
(41.729557, 27.866858, 0.0)
(41.750561, 27.384207, 0.0)
(41.819386, 27.273846, 0.0)
(41.666245, 27.337961, 0.0)
(41.544170, 27.274183, 0.0)
(37.447227, 25.821497, 0.0)
(33.110104, 25.557749, 0.0)
(31.809563, 25.569374, 0.0)
(31.614023, 25.481115, 0.0)
(31.563913, 25.426680, 0.0)
(31.430515, 25.391047, 0.0)
(29.810255, 25.877840, 0.0)
(28.815647, 26.243252, 0.0)
(28.704752, 26.250795, 0.0)
(28.675642, 26.254011, 0.0)
(28.616882, 26.246107, 0.0)
(28.573397, 26.236443, 0.0)
(28.537823, 26.217525, 0.0)
(28.534142, 26.215563, 0.0)
(30.024559, 26.601580, 0.0)
(33.598000, 28.852055, 0.0)
(35.970772, 30.714163, 0.0)
(36.031342, 30.836498, 0.0)
(35.962193, 30.858145, 0.0)
(35.946350, 30.928137, 0.0)
(35.905579, 30.860477, 0.0)
(35.908321, 30.839954, 0.0)
(34.205883, 33.206699, 0.0)
(31.582973, 34.776783, 0.0)
(31.275177, 34.852787, 0.0)
(31.186253, 34.829655, 0.0)
(31.109634, 34.802765, 0.0)
(31.057304, 34.799385, 0.0)
(31.027023, 34.783348, 0.0)
(30.989973, 34.773029, 0.0)
(30.955212, 34.758247, 0.0)
(30.935278, 34.764030, 0.0)
(30.911257, 34.773067, 0.0)
(30.883190, 34.831699, 0.0)
(30.853815, 34.848881, 0.0)
(32.755569, 35.002720, 0.0)
(33.489269, 35.100918, 0.0)
(33.538853, 35.138332, 0.0)
(33.546177, 35.125141, 0.0)
(33.559013, 35.106201, 0.0)
(33.559761, 35.084698, 0.0)
(33.587704, 35.128181, 0.0)
(33.596046, 35.134193, 0.0)
(33.606133, 35.139984, 0.0)
(33.252758, 34.942371, 0.0)
(30.023729, 32.880623, 0.0)
(28.159063, 31.356441, 0.0)
(27.760290, 31.178534, 0.0)
(27.635353, 31.177813, 0.0)
(27.511894, 31.148670, 0.0)
(27.429663, 31.126167, 0.0)
(27.140503, 31.647215, 0.0)
(27.191309, 32.959408, 0.0)
(27.172689, 32.987103, 0.0)
(27.149141, 31.829985, 0.0)
(27.136911, 31.007742, 0.0)
(27.143684, 30.713034, 0.0)
(27.196054, 30.716589, 0.0)
(27.204657, 30.716946, 0.0)
(27.220776, 30.721983, 0.0)
(27.232603, 30.751917, 0.0)
(27.234566, 30.770380, 0.0)
(27.252266, 30.792538, 0.0)
(27.262613, 30.793846, 0.0)
(27.241045, 30.812077, 0.0)
(27.226671, 30.811539, 0.0)
(27.235962, 30.827198, 0.0)
(27.224026, 30.832212, 0.0)
(27.218828, 30.811264, 0.0)
(27.227325, 30.810909, 0.0)
(27.256645, 30.796017, 0.0)
(27.253902, 30.796770, 0.0)
(27.261696, 30.809448, 0.0)
(27.258978, 30.853683, 0.0)
(27.258978, 30.853683, 0.0)
(27.266788, 30.848963, 0.0)
(27.270679, 30.881701, 0.0)
(27.264387, 30.851086, 0.0)
(27.334789, 30.673243, 0.0)
(27.312269, 30.949200, 0.0)
(27.447672, 31.015018, 0.0)
(28.001554, 27.431252, 0.0)
(27.414450, 26.339542, 0.0)
(27.209330, 26.219929, 0.0)
(27.045359, 26.219225, 0.0)
(26.887972, 26.186813, 0.0)
(26.867052, 26.211016, 0.0)
(26.856119, 26.232553, 0.0)
(26.852644, 26.238028, 0.0)
(26.735985, 26.311880, 0.0)
(26.083462, 26.756474, 0.0)
(26.024382, 26.800142, 0.0)
(26.048300, 26.788862, 0.0)
(26.056662, 26.772650, 0.0)
(25.812061, 26.825342, 0.0)
(25.810583, 26.794872, 0.0)
(25.834196, 26.784037, 0.0)
(25.794832, 26.788559, 0.0)
(25.793158, 26.776302, 0.0)
(25.784580, 26.674757, 0.0)
(25.777468, 26.638489, 0.0)
(25.768764, 26.650021, 0.0)
(25.772419, 26.642508, 0.0)
(25.769184, 26.636250, 0.0)
(25.768076, 26.631269, 0.0)
(25.765444, 26.606270, 0.0)
(25.761217, 26.619591, 0.0)
(25.800200, 26.607666, 0.0)
(26.478060, 26.762182, 0.0)
(27.357256, 26.751001, 0.0)
(27.398434, 26.730955, 0.0)
(27.367435, 26.703556, 0.0)
(27.377768, 26.671333, 0.0)
(27.349504, 26.659382, 0.0)
(27.351818, 26.642178, 0.0)
(30.215124, 26.594404, 0.0)
(34.350300, 27.252193, 0.0)
(37.768871, 29.114470, 0.0)
(40.014820, 30.975349, 0.0)
(41.288708, 32.420914, 0.0)
(41.682907, 32.991650, 0.0)
(41.721939, 33.005627, 0.0)
(41.678711, 32.921307, 0.0)
(41.900459, 33.249004, 0.0)
(42.047394, 33.531841, 0.0)
(42.033112, 33.490681, 0.0)
(42.016926, 33.412922, 0.0)
(42.010284, 33.367413, 0.0)
(42.006973, 33.369080, 0.0)
(42.010475, 33.386539, 0.0)
(42.000202, 33.425701, 0.0)
(42.011341, 33.457230, 0.0)
(42.014160, 33.399559, 0.0)
(41.960693, 33.316467, 0.0)
(41.455418, 32.741840, 0.0)
(41.216053, 33.373882, 0.0)
(41.368717, 32.492310, 0.0)
(41.428650, 32.367718, 0.0)
(41.457794, 32.405018, 0.0)
(41.479103, 32.426342, 0.0)
(41.490826, 32.429878, 0.0)
(41.500050, 32.471985, 0.0)
(41.522964, 32.440010, 0.0)
(41.544575, 32.450085, 0.0)
(41.552582, 32.460083, 0.0)
(41.547745, 32.503963, 0.0)
(41.546394, 32.524590, 0.0)
(41.543564, 32.528244, 0.0)
(41.546394, 32.524590, 0.0)
(41.553314, 32.495487, 0.0)
(41.105682, 31.632534, 0.0)
(39.841427, 28.065311, 0.0)
(39.949284, 26.955198, 0.0)
(40.021839, 26.925737, 0.0)
(40.276390, 26.796740, 0.0)
(40.848492, 26.971071, 0.0)
(40.854652, 26.935352, 0.0)
(40.804523, 26.845327, 0.0)
(40.915909, 26.791197, 0.0)
(41.016403, 26.888561, 0.0)
(41.027908, 26.873135, 0.0)
(40.981930, 26.810072, 0.0)
(40.963600, 26.784199, 0.0)
(40.937443, 26.739685, 0.0)
(40.927898, 26.700361, 0.0)
(40.907909, 26.697754, 0.0)
(40.889114, 26.670809, 0.0)
(40.875687, 26.629795, 0.0)
(39.799801, 26.023264, 0.0)
(39.582687, 25.793621, 0.0)
(39.574654, 25.759275, 0.0)
(39.388161, 25.680056, 0.0)
(36.241482, 24.896355, 0.0)
(34.901321, 24.618509, 0.0)
(34.840069, 24.561365, 0.0)
(34.873741, 24.492615, 0.0)
(34.868427, 24.493526, 0.0)
(34.868412, 24.491705, 0.0)
(34.949409, 24.528059, 0.0)
(38.023766, 25.596251, 0.0)
(40.008286, 26.465096, 0.0)
(40.272728, 26.539162, 0.0)
(40.287014, 26.478041, 0.0)
(40.292786, 26.455132, 0.0)
(40.543453, 26.615473, 0.0)
(40.699230, 26.734743, 0.0)
(40.661697, 26.728605, 0.0)
(38.923992, 25.975965, 0.0)
(34.578629, 25.250229, 0.0)
(31.341772, 25.427078, 0.0)
(30.161213, 25.506481, 0.0)
(30.038656, 25.445673, 0.0)
(29.527435, 25.448521, 0.0)
(30.179476, 25.315941, 0.0)
(30.236168, 25.288607, 0.0)
(30.171711, 25.271494, 0.0)
(30.164389, 25.260031, 0.0)
(30.151289, 25.276674, 0.0)
(30.110277, 25.275723, 0.0)
(30.105753, 25.313614, 0.0)
(31.023302, 25.481607, 0.0)
(31.068165, 25.464890, 0.0)
(31.065409, 25.449131, 0.0)
(31.052101, 25.451645, 0.0)
(31.039810, 25.447891, 0.0)
(31.049734, 27.517963, 0.0)
(31.015141, 29.311056, 0.0)
(30.907013, 29.455278, 0.0)
(30.853889, 29.422644, 0.0)
(30.816387, 29.437916, 0.0)
(30.740398, 29.443787, 0.0)
(30.719603, 29.426123, 0.0)
(30.633617, 27.494329, 0.0)
(30.634312, 25.682051, 0.0)
(30.559113, 25.556627, 0.0)
(30.508528, 25.562393, 0.0)
(30.494255, 25.550997, 0.0)
(30.483236, 25.545809, 0.0)
(30.457994, 25.528349, 0.0)
(30.426567, 25.531797, 0.0)
(30.408533, 25.530634, 0.0)
(30.389877, 25.563057, 0.0)
(30.378038, 25.561514, 0.0)
(30.384525, 25.568628, 0.0)
(30.389841, 25.584263, 0.0)
(33.803329, 27.004547, 0.0)
(35.469006, 27.872011, 0.0)
(35.537464, 27.867565, 0.0)
(35.534409, 27.818003, 0.0)
(35.545979, 27.790510, 0.0)
(36.409710, 30.390663, 0.0)
(37.184097, 33.906223, 0.0)
(37.219143, 34.341743, 0.0)
(37.130775, 34.321445, 0.0)
(37.058537, 34.304623, 0.0)
(37.021767, 34.253681, 0.0)
(38.475826, 34.918930, 0.0)
(38.589180, 34.944286, 0.0)
(38.590958, 34.912651, 0.0)
(38.581680, 34.881527, 0.0)
(37.811592, 33.456631, 0.0)
(35.829853, 29.155365, 0.0)
(34.817352, 27.578094, 0.0)
(34.686829, 27.505697, 0.0)
(34.672745, 27.476799, 0.0)
(34.617516, 27.408998, 0.0)
(34.605507, 27.391563, 0.0)
(34.979439, 27.173008, 0.0)
(35.001965, 27.135448, 0.0)
(35.015453, 27.160503, 0.0)
(35.038773, 27.170977, 0.0)
(35.033360, 27.176645, 0.0)
(35.030098, 27.193266, 0.0)
(35.044029, 27.245584, 0.0)
(35.024521, 27.238117, 0.0)
(35.039700, 27.215643, 0.0)
(35.028797, 27.207680, 0.0)
(35.032848, 27.210506, 0.0)
(35.044029, 27.245584, 0.0)
(35.034332, 27.261826, 0.0)
(35.028648, 27.283276, 0.0)
(35.042789, 27.291868, 0.0)
(34.990517, 27.283834, 0.0)
(32.139648, 28.052868, 0.0)
(30.018953, 28.701229, 0.0)
(29.362137, 29.575972, 0.0)
(28.970325, 31.445467, 0.0)
(28.829615, 29.917683, 0.0)
(28.770714, 29.506933, 0.0)
(28.751896, 29.528482, 0.0)
(28.755379, 29.571306, 0.0)
(28.739372, 29.613361, 0.0)
(28.754549, 29.650999, 0.0)
(28.759296, 29.661539, 0.0)
(28.757767, 29.643757, 0.0)
(28.731918, 29.655874, 0.0)
(28.708782, 29.669294, 0.0)
(28.710905, 29.701015, 0.0)
(28.688444, 29.676945, 0.0)
(28.645050, 29.659893, 0.0)
(28.494547, 29.703451, 0.0)
(28.600821, 30.437458, 0.0)
(28.294371, 31.183342, 0.0)
(28.225950, 30.190750, 0.0)
(28.218164, 29.810032, 0.0)
(28.274967, 29.842796, 0.0)
(28.376928, 29.881680, 0.0)
(28.482595, 29.837490, 0.0)
(28.990528, 29.709948, 0.0)
(29.078419, 29.675768, 0.0)
(29.060329, 29.650284, 0.0)
(29.053003, 29.689005, 0.0)
(29.035208, 29.734615, 0.0)
(29.039417, 29.751587, 0.0)
(29.042524, 29.792158, 0.0)
(29.034779, 29.778084, 0.0)
(29.030659, 29.769167, 0.0)
(29.054930, 29.788397, 0.0)
(29.072453, 29.806931, 0.0)
(28.475788, 31.911064, 0.0)
(27.688944, 33.249474, 0.0)
(27.485573, 33.324841, 0.0)
(27.405903, 33.357410, 0.0)
(27.332100, 33.421791, 0.0)
(26.860159, 33.955555, 0.0)
(26.725645, 34.223873, 0.0)
(26.701344, 34.205364, 0.0)
(26.674635, 34.162422, 0.0)
(26.631145, 34.061581, 0.0)
(26.619396, 34.007523, 0.0)
(26.638241, 34.013348, 0.0)
(26.629955, 33.973614, 0.0)
(26.628513, 34.003048, 0.0)
(26.654291, 33.984802, 0.0)
(26.719730, 34.110664, 0.0)
(26.815468, 34.045654, 0.0)
(26.839039, 34.030769, 0.0)
(28.705175, 34.302345, 0.0)
(28.968769, 34.483734, 0.0)
(28.941069, 34.629990, 0.0)
(28.923956, 34.741356, 0.0)
(28.928814, 34.912346, 0.0)
(28.921604, 34.997837, 0.0)
(28.888540, 35.141579, 0.0)
(28.878805, 35.258301, 0.0)
(28.833532, 35.386333, 0.0)
(28.863888, 35.437775, 0.0)
(28.862144, 35.469528, 0.0)
(28.928801, 35.896801, 0.0)
(28.922991, 35.949951, 0.0)
(28.916264, 35.958591, 0.0)
(28.915022, 36.037136, 0.0)
(28.922176, 36.062420, 0.0)
(28.915211, 36.112526, 0.0)
(28.892591, 36.113930, 0.0)
(28.910658, 36.105083, 0.0)
(28.909079, 36.108959, 0.0)
(30.119949, 34.442436, 0.0)
(30.267891, 34.008553, 0.0)
(30.251589, 33.861237, 0.0)
(30.194355, 33.723076, 0.0)
(30.178844, 33.654263, 0.0)
(30.162889, 33.590611, 0.0)
(30.248819, 33.663849, 0.0)
(30.370691, 33.682514, 0.0)
(32.354549, 33.100574, 0.0)
(32.592529, 33.084736, 0.0)
(32.651253, 33.038631, 0.0)
(32.737087, 33.000866, 0.0)
(32.091724, 33.264919, 0.0)
(31.034641, 33.565498, 0.0)
(30.893944, 33.505016, 0.0)
(30.810232, 33.461212, 0.0)
(30.715141, 33.410141, 0.0)
(30.732561, 33.401531, 0.0)
(30.654341, 33.354965, 0.0)
(30.951830, 33.298676, 0.0)
(30.955639, 33.337532, 0.0)
(30.933640, 33.379467, 0.0)
(30.904276, 33.389660, 0.0)
(30.904999, 33.401760, 0.0)
(30.905170, 33.443661, 0.0)
(32.473244, 33.106884, 0.0)
(33.470474, 32.903728, 0.0)
(33.607773, 32.909115, 0.0)
(33.613914, 32.873428, 0.0)
(33.611652, 32.786297, 0.0)
(33.642895, 32.742252, 0.0)
(33.615509, 32.717155, 0.0)
(33.617779, 32.706257, 0.0)
(33.893719, 32.729065, 0.0)
(36.662334, 33.594784, 0.0)
(36.739765, 33.593128, 0.0)
(36.799809, 33.536144, 0.0)
(36.783211, 33.602261, 0.0)
(37.339542, 34.374268, 0.0)
(37.393356, 34.686527, 0.0)
(37.361553, 34.694096, 0.0)
(37.381351, 34.646008, 0.0)
(37.429626, 34.548656, 0.0)
(37.431442, 34.533283, 0.0)
(37.406170, 34.599304, 0.0)
(37.404030, 34.669758, 0.0)
(37.390186, 34.700825, 0.0)
(37.339600, 34.605587, 0.0)
(37.322231, 34.578949, 0.0)
(37.307648, 34.572899, 0.0)
(37.305405, 34.534225, 0.0)
(37.310970, 34.541649, 0.0)
(37.306042, 34.563881, 0.0)
(37.299034, 34.606281, 0.0)
(37.298958, 34.618851, 0.0)
(37.299488, 34.653938, 0.0)
(37.311375, 34.645123, 0.0)
(37.312363, 34.635502, 0.0)
(37.318306, 34.586826, 0.0)
(37.313412, 34.549515, 0.0)
(37.333038, 34.576977, 0.0)
(37.334595, 34.615974, 0.0)
(37.337833, 34.649982, 0.0)
(37.329109, 34.686863, 0.0)
(37.337738, 34.689526, 0.0)
(37.357311, 34.651520, 0.0)
(37.347672, 34.657276, 0.0)
(37.347591, 34.668056, 0.0)
(37.337193, 34.651165, 0.0)
(37.338764, 34.660137, 0.0)
(37.336483, 34.669960, 0.0)
(37.335739, 34.678272, 0.0)
(35.908665, 33.486946, 0.0)
(32.523308, 30.349709, 0.0)
(29.886505, 28.026005, 0.0)
(28.673512, 27.490242, 0.0)
(28.166201, 27.339445, 0.0)
(27.678869, 27.281740, 0.0)
(27.533728, 27.280268, 0.0)
(27.486225, 27.301338, 0.0)
(27.454512, 27.321465, 0.0)
(27.374231, 27.387592, 0.0)
(27.360119, 27.381685, 0.0)
(27.351463, 27.361412, 0.0)
(27.359230, 27.349415, 0.0)
(27.359453, 27.308088, 0.0)
(27.366449, 27.302397, 0.0)
(27.338184, 27.287584, 0.0)
(27.080597, 27.548151, 0.0)
(27.052633, 27.596510, 0.0)
(27.041370, 27.579218, 0.0)
(27.035442, 27.582390, 0.0)
(27.025314, 27.556715, 0.0)
(27.138493, 27.465076, 0.0)
(27.213507, 27.455921, 0.0)
(27.209078, 27.453470, 0.0)
(27.208542, 27.489126, 0.0)
(27.207434, 27.471292, 0.0)
(27.185793, 27.438234, 0.0)
(27.175606, 27.460857, 0.0)
(27.213194, 27.463221, 0.0)
(27.223799, 27.469456, 0.0)
(27.225187, 27.473976, 0.0)
(27.231966, 27.507202, 0.0)
(27.235357, 27.517935, 0.0)
(27.262306, 27.520325, 0.0)
(27.265713, 27.527773, 0.0)
(27.243567, 27.520128, 0.0)
(27.430269, 27.508257, 0.0)
(31.884920, 28.947243, 0.0)
(35.519699, 31.642365, 0.0)
(38.211670, 33.696022, 0.0)
(38.850552, 34.120266, 0.0)
(38.922241, 34.109676, 0.0)
(38.927658, 34.101238, 0.0)
(38.956753, 34.138939, 0.0)
(38.978264, 34.091217, 0.0)
(38.901703, 34.514378, 0.0)
(38.884079, 34.555676, 0.0)
(38.886047, 34.551338, 0.0)
(38.878971, 34.548771, 0.0)
(38.884747, 34.532181, 0.0)
(38.871723, 34.508469, 0.0)
(38.837002, 34.501183, 0.0)
(38.839325, 34.508133, 0.0)
(39.050373, 34.620407, 0.0)
(39.045719, 34.640244, 0.0)
(39.045719, 34.640244, 0.0)
(39.037926, 34.611633, 0.0)
(39.027946, 34.586205, 0.0)
(38.996929, 34.561764, 0.0)
(39.018463, 34.578800, 0.0)
(39.026958, 34.584778, 0.0)
(39.040829, 34.599838, 0.0)
(39.046329, 34.619568, 0.0)
(39.008774, 34.657852, 0.0)
(39.008774, 34.657852, 0.0)
(39.010456, 34.671555, 0.0)
(38.996609, 34.691536, 0.0)
(38.997772, 34.705967, 0.0)
(38.988964, 34.659439, 0.0)
(38.996540, 34.669525, 0.0)
(38.992218, 34.644684, 0.0)
(39.004467, 34.674477, 0.0)
(38.994793, 34.680111, 0.0)
(38.982853, 34.661648, 0.0)
(38.552052, 34.202003, 0.0)
(35.352974, 31.282021, 0.0)
(31.686886, 29.775879, 0.0)
(29.120733, 29.712782, 0.0)
(28.486465, 29.750452, 0.0)
(28.274481, 29.740746, 0.0)
(28.226362, 29.725418, 0.0)
(26.701427, 29.713972, 0.0)
(26.438330, 29.721661, 0.0)
(26.367750, 29.712687, 0.0)
(26.348291, 29.727074, 0.0)
(26.338161, 29.732073, 0.0)
(26.290747, 29.736881, 0.0)
(26.296646, 29.718582, 0.0)
(25.986109, 29.868629, 0.0)
(25.934481, 29.913097, 0.0)
(25.947653, 29.911209, 0.0)
(25.929298, 29.947119, 0.0)
(25.889194, 29.936926, 0.0)
(26.410860, 29.631468, 0.0)
(26.149446, 30.702959, 0.0)
(26.081881, 29.426516, 0.0)
(26.166861, 29.250641, 0.0)
(26.203497, 29.315737, 0.0)
(26.221645, 29.324108, 0.0)
(26.004955, 29.498022, 0.0)
(25.857244, 29.707344, 0.0)
(25.848564, 29.746836, 0.0)
(25.838675, 29.757105, 0.0)
(25.838675, 29.757105, 0.0)
(25.860111, 29.764174, 0.0)
(25.850822, 29.766006, 0.0)
(25.857691, 29.764080, 0.0)
(25.880045, 29.770500, 0.0)
(25.869982, 29.750334, 0.0)
(27.654964, 30.019148, 0.0)
(27.821596, 30.064276, 0.0)
(27.750681, 30.056398, 0.0)
(27.691427, 30.040195, 0.0)
(27.652672, 30.039955, 0.0)
(27.641108, 30.063990, 0.0)
(27.618040, 30.092377, 0.0)
(27.603086, 30.106272, 0.0)
(27.281818, 30.153410, 0.0)
(27.242168, 30.129347, 0.0)
(27.249407, 30.141275, 0.0)
(27.248051, 30.172256, 0.0)
(27.237322, 30.190216, 0.0)
(27.241219, 30.191660, 0.0)
(27.222385, 30.185419, 0.0)
(27.258656, 30.104116, 0.0)
(27.258194, 30.094208, 0.0)
(27.250441, 30.084888, 0.0)
(27.245760, 30.074516, 0.0)
(27.254587, 30.064112, 0.0)
(27.251465, 30.066969, 0.0)
(27.237432, 30.058767, 0.0)
(27.106413, 30.274372, 0.0)
(27.433475, 31.579712, 0.0)
(27.418718, 30.675915, 0.0)
(27.408279, 30.092709, 0.0)
(27.388449, 29.815859, 0.0)
(27.370667, 29.728264, 0.0)
(27.352915, 29.752594, 0.0)
(27.367220, 29.759502, 0.0)
(27.363668, 29.810890, 0.0)
(27.365240, 29.856546, 0.0)
(27.357328, 29.895044, 0.0)
(27.366877, 29.939800, 0.0)
(27.381767, 29.993229, 0.0)
(27.391991, 30.057228, 0.0)
(30.521955, 29.350916, 0.0)
(34.763863, 29.523951, 0.0)
(37.878445, 30.434652, 0.0)
(38.208008, 30.421072, 0.0)
(38.297112, 30.368000, 0.0)
(38.425373, 30.372545, 0.0)
(38.469666, 30.356203, 0.0)
(38.526623, 30.268585, 0.0)
(38.573902, 30.216236, 0.0)
(38.599033, 30.220304, 0.0)
(38.622234, 30.299042, 0.0)
(38.895645, 30.194994, 0.0)
(38.926048, 30.216213, 0.0)
(38.929493, 30.212805, 0.0)
(38.955814, 30.214449, 0.0)
(38.961071, 30.223444, 0.0)
(38.568089, 31.111589, 0.0)
(38.807144, 31.444946, 0.0)
(38.744442, 30.475758, 0.0)
(38.697582, 30.005470, 0.0)
(38.670097, 29.944946, 0.0)
(38.673592, 29.994158, 0.0)
(38.703526, 30.040848, 0.0)
(38.703819, 30.007898, 0.0)
(38.715851, 29.978647, 0.0)
(38.716957, 29.983562, 0.0)
(38.733170, 29.979549, 0.0)
(38.717514, 29.971779, 0.0)
(38.713329, 29.962414, 0.0)
(38.706997, 29.969048, 0.0)
(38.691685, 29.933710, 0.0)
(38.688904, 29.910486, 0.0)
(38.669266, 29.930937, 0.0)
(38.643181, 29.919165, 0.0)
(38.653355, 29.931837, 0.0)
(38.644730, 29.925838, 0.0)
(38.595814, 29.912647, 0.0)
(35.416965, 30.071352, 0.0)
(32.374771, 31.286604, 0.0)
(30.328646, 32.160152, 0.0)
(29.092264, 32.468571, 0.0)
(28.939547, 32.464104, 0.0)
(28.852608, 32.452347, 0.0)
(27.552107, 34.221260, 0.0)
(27.011192, 34.818329, 0.0)
(26.865211, 34.844200, 0.0)
(26.848038, 34.780476, 0.0)
(26.849123, 34.804363, 0.0)
(26.744644, 35.135445, 0.0)
(26.721830, 35.169903, 0.0)
(26.748419, 35.220684, 0.0)
(26.765472, 35.301514, 0.0)
(26.781361, 35.363323, 0.0)
(26.795118, 35.452694, 0.0)
(26.806217, 35.475727, 0.0)
(28.157887, 35.465282, 0.0)
(28.902632, 35.634357, 0.0)
(28.935240, 35.819954, 0.0)
(28.944956, 35.970005, 0.0)
(28.942833, 36.060425, 0.0)
(28.978724, 36.155579, 0.0)
(28.955284, 36.169189, 0.0)
(28.823187, 36.136078, 0.0)
(28.800734, 36.148354, 0.0)
(28.805262, 36.216091, 0.0)
(28.792156, 36.244568, 0.0)
(28.793310, 36.250256, 0.0)
(28.768803, 36.249836, 0.0)
(28.763803, 36.274799, 0.0)
(28.746529, 36.298851, 0.0)
(28.749186, 36.326435, 0.0)
(28.745199, 36.325024, 0.0)
(28.756927, 36.334419, 0.0)
(29.478010, 35.951057, 0.0)
(33.483437, 33.994862, 0.0)
(36.716908, 32.628170, 0.0)
(39.091694, 31.836361, 0.0)
(40.492149, 31.750603, 0.0)
(40.866447, 31.802046, 0.0)
(40.957077, 31.744799, 0.0)
(41.014828, 31.703121, 0.0)
(41.085472, 31.748102, 0.0)
(41.492599, 32.337227, 0.0)
(41.556839, 32.350899, 0.0)
(41.544575, 32.342300, 0.0)
(41.561348, 32.338856, 0.0)
(41.461323, 32.184505, 0.0)
(41.308559, 33.300060, 0.0)
(41.385273, 32.422508, 0.0)
(41.365208, 32.078476, 0.0)
(41.382553, 32.099827, 0.0)
(41.422005, 32.159275, 0.0)
(41.438023, 32.161964, 0.0)
(41.449158, 32.171616, 0.0)
(41.454041, 32.190250, 0.0)
(41.461651, 32.221493, 0.0)
(41.467400, 32.215218, 0.0)
(41.473907, 32.169014, 0.0)
(41.469852, 32.166763, 0.0)
(41.476551, 32.160046, 0.0)
(41.482944, 32.171257, 0.0)
(41.483154, 32.174572, 0.0)
(41.496456, 32.158703, 0.0)
(41.490467, 32.138844, 0.0)
(41.483810, 32.090336, 0.0)
(41.494335, 32.108055, 0.0)
(41.459637, 32.076344, 0.0)
(39.434151, 31.344698, 0.0)
(37.063187, 31.469675, 0.0)
(36.897545, 31.469057, 0.0)
(36.908394, 31.450191, 0.0)
(37.183655, 32.882515, 0.0)
(37.126064, 33.087521, 0.0)
(37.078999, 33.083881, 0.0)
(37.100842, 33.085297, 0.0)
(37.080967, 33.117817, 0.0)
(37.086182, 33.101780, 0.0)
(37.077946, 33.148148, 0.0)
(37.050426, 33.222271, 0.0)
(37.055374, 33.263256, 0.0)
(37.055382, 33.288204, 0.0)
(37.121479, 33.258728, 0.0)
(37.107845, 33.283195, 0.0)
(37.094185, 33.266476, 0.0)
(37.113670, 33.273579, 0.0)
(37.105534, 33.262085, 0.0)
(37.101669, 33.225754, 0.0)
(37.108971, 33.169624, 0.0)
(37.103874, 33.014240, 0.0)
(37.114006, 32.898830, 0.0)
(37.125000, 32.887821, 0.0)
(37.077221, 32.957737, 0.0)
(37.096355, 32.959251, 0.0)
(37.097542, 32.971153, 0.0)
(37.086704, 32.956978, 0.0)
(36.622993, 32.641159, 0.0)
(36.396603, 32.209866, 0.0)
(36.379173, 32.148571, 0.0)
(36.353508, 32.161865, 0.0)
(36.351860, 32.166340, 0.0)
(36.347698, 32.166996, 0.0)
(36.262012, 32.182228, 0.0)
(36.179615, 32.156113, 0.0)
(36.171085, 32.159634, 0.0)
(36.188290, 32.146065, 0.0)
(36.188641, 32.153770, 0.0)
(37.395969, 31.859015, 0.0)
(40.101898, 31.646679, 0.0)
(41.396656, 31.702326, 0.0)
(41.801151, 31.499765, 0.0)
(41.934460, 31.439520, 0.0)
(41.982071, 31.392197, 0.0)
(42.124718, 31.252089, 0.0)
(42.529266, 31.609804, 0.0)
(42.533916, 31.645840, 0.0)
(42.500195, 31.572821, 0.0)
(42.432217, 31.523556, 0.0)
(42.130989, 31.475143, 0.0)
(42.073956, 31.446529, 0.0)
(42.051102, 31.454443, 0.0)
(42.013596, 31.421045, 0.0)
(41.985138, 31.439316, 0.0)
(41.954872, 31.427383, 0.0)
(41.916092, 31.404772, 0.0)
(41.946201, 30.885040, 0.0)
(41.930408, 30.633604, 0.0)
(41.889576, 30.590038, 0.0)
(41.836239, 30.573956, 0.0)
(41.811069, 30.547644, 0.0)
(41.794384, 30.552576, 0.0)
(41.766476, 30.479637, 0.0)
(41.741932, 30.416618, 0.0)
(41.715527, 30.387669, 0.0)
(41.723312, 30.420271, 0.0)
(41.715561, 30.444601, 0.0)
(41.688408, 30.474136, 0.0)
(41.686897, 30.442331, 0.0)
(41.683823, 30.444445, 0.0)
(41.659309, 30.419931, 0.0)
(41.672462, 30.458195, 0.0)
(41.661385, 30.459057, 0.0)
(41.649075, 30.449230, 0.0)
(41.646984, 30.469500, 0.0)
(41.636112, 30.468037, 0.0)
(41.309574, 30.484776, 0.0)
(38.651844, 30.570414, 0.0)
(32.573528, 29.452019, 0.0)
(32.612019, 28.674858, 0.0)
(32.654533, 28.285049, 0.0)
(32.688137, 28.200733, 0.0)
(32.712349, 28.249949, 0.0)
(32.735493, 28.321936, 0.0)
(32.727772, 28.379122, 0.0)
(32.749245, 28.381685, 0.0)
(32.771843, 28.377609, 0.0)
(32.781555, 28.386763, 0.0)
(32.828671, 28.417759, 0.0)
(32.838535, 28.478779, 0.0)
(32.825855, 28.492134, 0.0)
(34.753315, 28.928839, 0.0)
(34.857235, 28.919294, 0.0)
(34.836483, 28.902565, 0.0)
(34.843533, 28.889318, 0.0)
(34.883514, 29.139359, 0.0)
(33.501751, 29.145498, 0.0)
(33.237495, 28.195480, 0.0)
(33.217796, 27.957211, 0.0)
(33.217979, 27.991789, 0.0)
(33.191540, 28.023926, 0.0)
(33.202038, 28.094236, 0.0)
(32.743969, 28.302254, 0.0)
(32.688309, 28.374531, 0.0)
(32.669357, 28.359049, 0.0)
(32.604633, 28.343004, 0.0)
(32.499649, 28.310715, 0.0)
(32.685146, 30.186499, 0.0)
(30.795391, 28.572739, 0.0)
(29.520098, 27.049017, 0.0)
(29.473494, 27.012615, 0.0)
(29.422068, 27.065735, 0.0)
(29.090477, 26.686127, 0.0)
(28.916193, 26.429150, 0.0)
(28.863174, 26.417231, 0.0)
(28.788925, 26.410461, 0.0)
(28.756420, 26.410479, 0.0)
(28.734858, 26.426756, 0.0)
(28.727390, 26.424463, 0.0)
(28.730743, 26.429291, 0.0)
(28.734549, 26.439196, 0.0)
(28.711088, 26.434732, 0.0)
(28.715559, 26.433079, 0.0)
(28.718445, 26.428345, 0.0)
(28.693712, 26.414688, 0.0)
(28.700605, 26.399258, 0.0)
(28.695257, 26.386719, 0.0)
(28.857792, 26.279890, 0.0)
(29.215311, 26.961807, 0.0)
(29.023182, 26.557962, 0.0)
(28.815331, 26.033012, 0.0)
(28.876305, 26.058369, 0.0)
(28.878613, 26.184225, 0.0)
(28.880194, 26.255106, 0.0)
(28.866596, 26.242411, 0.0)
(28.869518, 26.264187, 0.0)
(28.878000, 26.287003, 0.0)
(28.873447, 26.305464, 0.0)
(28.883694, 26.369001, 0.0)
(28.900640, 26.377424, 0.0)
(28.900791, 26.400179, 0.0)
(28.907497, 26.406242, 0.0)
(28.920481, 26.451910, 0.0)
(28.914347, 26.461189, 0.0)
(28.917675, 26.443655, 0.0)
(29.096586, 26.481174, 0.0)
(33.209766, 28.721565, 0.0)
(35.982533, 31.994884, 0.0)
(38.027908, 34.616535, 0.0)
(38.722698, 35.865612, 0.0)
(38.739147, 35.968803, 0.0)
(38.721741, 35.866653, 0.0)
(38.680969, 35.883026, 0.0)
(38.673576, 35.865959, 0.0)
(38.858223, 35.996643, 0.0)
(39.088821, 36.196941, 0.0)
(39.098049, 36.206852, 0.0)
(39.074574, 36.180435, 0.0)
(39.058136, 36.197334, 0.0)
(39.057232, 36.185722, 0.0)
(39.043087, 36.187519, 0.0)
(39.068501, 36.193810, 0.0)
(39.045906, 36.212818, 0.0)
(39.027607, 36.242878, 0.0)
(39.027100, 36.238098, 0.0)
(38.991856, 36.257034, 0.0)
(38.988224, 36.258495, 0.0)
(38.991909, 36.259144, 0.0)
(38.988224, 36.258495, 0.0)
(38.979679, 36.246071, 0.0)
(38.989540, 36.256512, 0.0)
(38.985229, 36.268036, 0.0)
(38.995598, 36.227234, 0.0)
(38.993977, 36.201485, 0.0)
(38.997379, 36.216858, 0.0)
(39.018890, 36.237915, 0.0)
(39.015862, 36.210472, 0.0)
(39.029167, 36.214367, 0.0)
(39.021980, 36.216492, 0.0)
(39.027313, 36.199780, 0.0)
(39.023846, 36.211887, 0.0)
(39.035793, 36.232578, 0.0)
(39.028637, 36.228344, 0.0)
(39.029957, 36.199383, 0.0)
(40.597607, 34.493038, 0.0)
(41.523575, 32.998890, 0.0)
(41.608379, 32.900040, 0.0)
(41.634335, 32.958481, 0.0)
(41.623539, 32.959873, 0.0)
(41.934750, 32.578506, 0.0)
(41.966759, 32.567688, 0.0)
(41.956211, 32.516083, 0.0)
(41.947529, 32.491379, 0.0)
(41.925720, 32.464016, 0.0)
(41.919250, 32.468349, 0.0)
(41.905201, 32.438343, 0.0)
(41.896664, 32.411835, 0.0)
(41.866302, 32.414330, 0.0)
(41.259377, 32.035099, 0.0)
(41.281158, 33.413506, 0.0)
(41.484985, 33.146866, 0.0)
(41.603374, 32.449722, 0.0)
(41.640759, 32.282749, 0.0)
(41.678436, 32.307907, 0.0)
(41.712276, 32.357613, 0.0)
(41.707088, 32.410255, 0.0)
(41.685520, 32.462139, 0.0)
(41.692810, 32.464668, 0.0)
(41.690090, 32.484116, 0.0)
(41.688225, 32.503048, 0.0)
(41.680477, 32.477779, 0.0)
(41.653912, 32.454857, 0.0)
(41.653912, 32.454857, 0.0)
(41.652100, 32.436306, 0.0)
(41.653912, 32.454857, 0.0)
(41.651810, 32.466976, 0.0)
(41.663940, 32.478252, 0.0)
(41.780598, 32.516922, 0.0)
(41.799000, 32.520676, 0.0)
(41.791821, 32.520569, 0.0)
(40.918880, 31.658434, 0.0)
(38.133175, 29.090345, 0.0)
(38.022449, 28.926138, 0.0)
(38.038460, 28.869181, 0.0)
(38.044132, 28.844570, 0.0)
(37.897984, 28.140999, 0.0)
(37.979118, 28.093328, 0.0)
(38.100437, 28.124386, 0.0)
(38.186886, 28.083675, 0.0)
(38.212654, 28.029470, 0.0)
(38.235138, 28.039618, 0.0)
(38.286282, 28.047434, 0.0)
(38.590946, 28.105118, 0.0)
(38.632431, 28.105547, 0.0)
(38.635338, 28.097809, 0.0)
(38.632328, 28.067850, 0.0)
(38.646278, 28.066502, 0.0)
(38.633602, 28.071465, 0.0)
(37.938133, 28.131157, 0.0)
(36.772335, 29.358335, 0.0)
(36.669590, 28.822950, 0.0)
(36.637035, 28.842865, 0.0)
(36.647476, 28.953541, 0.0)
(35.600170, 30.826443, 0.0)
(33.318882, 33.795273, 0.0)
(32.225471, 34.651165, 0.0)
(31.986389, 34.748772, 0.0)
(31.945087, 34.777245, 0.0)
(31.878189, 34.803436, 0.0)
(31.846649, 34.923473, 0.0)
(33.311882, 32.982655, 0.0)
(36.728374, 29.388386, 0.0)
(37.730381, 28.480305, 0.0)
(37.809658, 28.402281, 0.0)
(37.810547, 28.396427, 0.0)
(37.787476, 28.309948, 0.0)
(37.781216, 28.229616, 0.0)
(35.569504, 30.212549, 0.0)
(33.142590, 31.644243, 0.0)
(32.883648, 31.702435, 0.0)
(32.757710, 31.647560, 0.0)
(32.674641, 31.629370, 0.0)
(32.641876, 31.682533, 0.0)
(32.620857, 31.634970, 0.0)
(32.606102, 31.623802, 0.0)
(33.052349, 31.841562, 0.0)
(33.115509, 31.902929, 0.0)
(33.106052, 31.907211, 0.0)
(33.116611, 31.908529, 0.0)
(32.941147, 32.314323, 0.0)
(31.464333, 35.018730, 0.0)
(31.243343, 35.423832, 0.0)
(31.186420, 35.596508, 0.0)
(31.116863, 35.661873, 0.0)
(31.042965, 35.701077, 0.0)
(30.995178, 35.750107, 0.0)
(30.975800, 35.758919, 0.0)
(30.963547, 35.786877, 0.0)
(30.944166, 35.810226, 0.0)
(30.926060, 35.844704, 0.0)
(30.496284, 35.662636, 0.0)
(29.701199, 35.568459, 0.0)
(29.551804, 35.484684, 0.0)
(29.522898, 35.489723, 0.0)
(29.936342, 35.232327, 0.0)
(32.573532, 33.776222, 0.0)
(32.597004, 33.623623, 0.0)
(32.565628, 33.598499, 0.0)
(32.568127, 33.584290, 0.0)
(32.546467, 33.557102, 0.0)
(32.557667, 33.478390, 0.0)
(32.532444, 33.471088, 0.0)
(32.530975, 33.443981, 0.0)
(32.519695, 33.410019, 0.0)
(32.519657, 33.403744, 0.0)
(33.370430, 33.137413, 0.0)
(37.218319, 31.394083, 0.0)
(39.766933, 30.636469, 0.0)
(40.716244, 30.885975, 0.0)
(40.858513, 30.851799, 0.0)
(40.867420, 30.730818, 0.0)
(40.925003, 30.665421, 0.0)
(41.147190, 30.540602, 0.0)
(41.426022, 30.659828, 0.0)
(41.448498, 30.632872, 0.0)
(41.466568, 30.616461, 0.0)
(41.458164, 30.619598, 0.0)
(41.480297, 30.640537, 0.0)
(41.489868, 30.626348, 0.0)
(41.476795, 30.642555, 0.0)
(41.475037, 30.606905, 0.0)
(41.466755, 30.558453, 0.0)
(41.461697, 30.557608, 0.0)
(41.466412, 30.574297, 0.0)
(41.461983, 30.604446, 0.0)
(41.461983, 30.604446, 0.0)
(41.463261, 30.619175, 0.0)
(41.479961, 30.603926, 0.0)
(41.440289, 30.612539, 0.0)
(40.899166, 30.658712, 0.0)
(40.803131, 30.259262, 0.0)
(40.836346, 30.049864, 0.0)
(40.853031, 30.219313, 0.0)
(40.924755, 30.291618, 0.0)
(40.978149, 30.355221, 0.0)
(40.989201, 30.394239, 0.0)
(40.997772, 30.416325, 0.0)
(40.995724, 30.401806, 0.0)
(40.680374, 30.306005, 0.0)
(36.420563, 28.393560, 0.0)
(33.059162, 27.113626, 0.0)
(31.214403, 26.968552, 0.0)
(31.037857, 26.921417, 0.0)
(31.026112, 26.869061, 0.0)
(30.974682, 26.808748, 0.0)
(30.954100, 26.798473, 0.0)
(30.917154, 26.796858, 0.0)
(30.539398, 26.799999, 0.0)
(30.010056, 28.704973, 0.0)
(30.074041, 27.918732, 0.0)
(30.359667, 26.957266, 0.0)
(30.473467, 26.761402, 0.0)
(30.500807, 26.857016, 0.0)
(30.499680, 26.875957, 0.0)
(30.546244, 26.879230, 0.0)
(30.564039, 26.874208, 0.0)
(30.526989, 26.869360, 0.0)
(30.516356, 26.889360, 0.0)
(30.531673, 26.890585, 0.0)
(30.524282, 26.899405, 0.0)
(30.513491, 26.884592, 0.0)
(30.489624, 26.855562, 0.0)
(30.477730, 26.851400, 0.0)
(30.494303, 26.849977, 0.0)
(30.494303, 26.849977, 0.0)
(30.498390, 26.859476, 0.0)
(30.485090, 26.858320, 0.0)
(30.466167, 26.853777, 0.0)
(30.439411, 26.867359, 0.0)
(30.455256, 26.867931, 0.0)
(30.454500, 26.875589, 0.0)
(30.427883, 26.862225, 0.0)
(30.428293, 26.847883, 0.0)
(30.426641, 26.821951, 0.0)
(30.407471, 26.814507, 0.0)
(30.407131, 26.824097, 0.0)
(30.405779, 26.847900, 0.0)
(30.400724, 26.880074, 0.0)
(30.375156, 26.870125, 0.0)
(28.775612, 27.218660, 0.0)
(28.285444, 27.320093, 0.0)
(28.125122, 27.359571, 0.0)
(27.396925, 27.370600, 0.0)
(26.634439, 27.530128, 0.0)
(26.182205, 27.618689, 0.0)
(26.143339, 27.628881, 0.0)
(26.147127, 27.630486, 0.0)
(26.154289, 27.633690, 0.0)
(26.153267, 27.638697, 0.0)
(26.164288, 27.610693, 0.0)
(26.169231, 27.590361, 0.0)
(26.172440, 27.576242, 0.0)
(26.169678, 27.567759, 0.0)
(26.147339, 27.576170, 0.0)
(25.898960, 27.771027, 0.0)
(25.889961, 27.773333, 0.0)
(25.891281, 27.782833, 0.0)
(25.891281, 27.782833, 0.0)
(25.870995, 27.762241, 0.0)
(25.865681, 27.733704, 0.0)
(25.877262, 27.734447, 0.0)
(26.447283, 27.514570, 0.0)
(27.907242, 27.310408, 0.0)
(28.026907, 27.293568, 0.0)
(28.047346, 27.264656, 0.0)
(28.053509, 27.265759, 0.0)
(28.085949, 27.257990, 0.0)
(28.085815, 27.275501, 0.0)
(28.102743, 27.263165, 0.0)
(28.107176, 27.240459, 0.0)
(28.113827, 27.265516, 0.0)
(28.146393, 27.209826, 0.0)
(28.175865, 27.225798, 0.0)
(28.182266, 27.246155, 0.0)
(32.307655, 27.121193, 0.0)
(35.635612, 27.526945, 0.0)
(35.810303, 27.488869, 0.0)
(35.947803, 27.442486, 0.0)
(36.024002, 27.386795, 0.0)
(36.100109, 27.325123, 0.0)
(36.156998, 27.320633, 0.0)
(36.608753, 27.758310, 0.0)
(36.652241, 28.188875, 0.0)
(36.740517, 27.943941, 0.0)
(36.880497, 27.560307, 0.0)
(36.935692, 27.543880, 0.0)
(36.990570, 27.624512, 0.0)
(36.990002, 27.628338, 0.0)
(37.026169, 27.637110, 0.0)
(37.037857, 27.642664, 0.0)
(37.043583, 27.629637, 0.0)
(36.587994, 27.559065, 0.0)
(36.485004, 27.567783, 0.0)
(36.473782, 27.570688, 0.0)
(36.481594, 27.575766, 0.0)
(36.500320, 27.606903, 0.0)
(36.511688, 27.581039, 0.0)
(36.515797, 27.574043, 0.0)
(36.513859, 27.538790, 0.0)
(36.519753, 27.568100, 0.0)
(36.513409, 27.583532, 0.0)
(36.518131, 27.604828, 0.0)
(36.526623, 27.621979, 0.0)
(36.530495, 27.638353, 0.0)
(36.528034, 27.641924, 0.0)
(36.532082, 27.647411, 0.0)
(36.533104, 27.640169, 0.0)
(36.537334, 27.640669, 0.0)
(36.546440, 27.632641, 0.0)
(36.551716, 27.619490, 0.0)
(36.554314, 27.631968, 0.0)
(36.542904, 27.632368, 0.0)
(36.491982, 27.665920, 0.0)
(35.962765, 27.731468, 0.0)
(34.437103, 29.621979, 0.0)
(30.839321, 34.141018, 0.0)
(30.567991, 34.871975, 0.0)
(30.363476, 35.231522, 0.0)
(30.280798, 35.212814, 0.0)
(30.179594, 35.132484, 0.0)
(29.651115, 35.493809, 0.0)
(29.355339, 35.886234, 0.0)
(29.263981, 35.922157, 0.0)
(29.225733, 35.936478, 0.0)
(29.213024, 35.930992, 0.0)
(29.183844, 35.931881, 0.0)
(29.208902, 35.928223, 0.0)
(30.743073, 36.071136, 0.0)
(30.799467, 36.119698, 0.0)
(30.784874, 36.138355, 0.0)
(30.806923, 36.169125, 0.0)
(30.798073, 36.171604, 0.0)
(30.793802, 36.188065, 0.0)
(30.853752, 36.196388, 0.0)
(30.851398, 36.180779, 0.0)
(30.842678, 36.172325, 0.0)
(30.836067, 36.151630, 0.0)
(30.838778, 36.139732, 0.0)
(30.819300, 36.177113, 0.0)
(30.822886, 36.202740, 0.0)
(30.800268, 36.239197, 0.0)
(30.801073, 36.212727, 0.0)
(33.063404, 33.678059, 0.0)
(34.828613, 30.112692, 0.0)
(35.253075, 28.487562, 0.0)
(35.284145, 28.327372, 0.0)
(35.292145, 28.393749, 0.0)
(33.968845, 27.685728, 0.0)
(32.684418, 26.724113, 0.0)
(32.575581, 26.641018, 0.0)
(32.566177, 26.577293, 0.0)
(32.574940, 26.564278, 0.0)
(32.578892, 26.556913, 0.0)
(32.724316, 26.499989, 0.0)
(34.261101, 26.069418, 0.0)
(34.345554, 26.038795, 0.0)
(34.322723, 26.029657, 0.0)
(34.321007, 26.027491, 0.0)
(34.284565, 26.059818, 0.0)
(32.709579, 26.431673, 0.0)
(32.617519, 26.422153, 0.0)
(32.591965, 26.390852, 0.0)
(32.569256, 26.385979, 0.0)
(32.375195, 26.385441, 0.0)
(32.635162, 28.311480, 0.0)
(32.431160, 27.216206, 0.0)
(32.405426, 26.764584, 0.0)
(32.433983, 26.792730, 0.0)
(32.442501, 26.824917, 0.0)
(32.462830, 26.916512, 0.0)
(32.449368, 26.936466, 0.0)
(32.465744, 26.950844, 0.0)
(32.453495, 26.958042, 0.0)
(32.603714, 26.851370, 0.0)
(32.747059, 26.671894, 0.0)
(32.755234, 26.653048, 0.0)
(32.748398, 26.636456, 0.0)
(32.718769, 26.595642, 0.0)
(32.706055, 26.593693, 0.0)
(32.692043, 26.622002, 0.0)
(32.693005, 26.631968, 0.0)
(32.707428, 26.641949, 0.0)
(32.692471, 26.674585, 0.0)
(32.753727, 26.667320, 0.0)
(36.348888, 28.164955, 0.0)
(39.387302, 30.135715, 0.0)
(40.983997, 31.104368, 0.0)
(41.212006, 31.145586, 0.0)
(41.230606, 31.107510, 0.0)
(41.261688, 31.075300, 0.0)
(41.491703, 31.394045, 0.0)
(41.577644, 31.487053, 0.0)
(41.592293, 31.479486, 0.0)
(41.585606, 31.437141, 0.0)
(41.578167, 31.413773, 0.0)
(41.573997, 31.411394, 0.0)
(41.558247, 31.418322, 0.0)
(41.510597, 31.409130, 0.0)
(41.272964, 31.411261, 0.0)
(41.159767, 32.196922, 0.0)
(41.054111, 31.724653, 0.0)
(41.230297, 31.143744, 0.0)
(41.250431, 31.019379, 0.0)
(41.257050, 31.084246, 0.0)
(41.253178, 31.100513, 0.0)
(41.266354, 31.115803, 0.0)
(41.254040, 31.099869, 0.0)
(41.245056, 31.085197, 0.0)
(41.216099, 31.119987, 0.0)
(40.782368, 31.058912, 0.0)
(37.586483, 29.971598, 0.0)
(36.864223, 29.873941, 0.0)
(36.826851, 29.802084, 0.0)
(36.839630, 29.774706, 0.0)
(36.873421, 29.710035, 0.0)
(36.873886, 29.687075, 0.0)
(36.873886, 29.687075, 0.0)
(36.858669, 29.695768, 0.0)
(36.859035, 29.701408, 0.0)
(36.832626, 29.735619, 0.0)
(38.407719, 29.308575, 0.0)
(38.520309, 29.288929, 0.0)
(38.516140, 29.258818, 0.0)
(38.539158, 29.234915, 0.0)
(38.548752, 29.227552, 0.0)
(38.565342, 29.230661, 0.0)
(38.576019, 29.212154, 0.0)
(38.566139, 29.193756, 0.0)
(37.695965, 29.008934, 0.0)
(36.031181, 28.490953, 0.0)
(35.842667, 28.419994, 0.0)
(35.846199, 28.367760, 0.0)
(35.803528, 28.325487, 0.0)
(35.802395, 28.308962, 0.0)
(35.791260, 28.335665, 0.0)
(37.598660, 28.886536, 0.0)
(38.415230, 29.102140, 0.0)
(38.489605, 29.067398, 0.0)
(38.495239, 29.042910, 0.0)
(38.475739, 28.997669, 0.0)
(38.478542, 28.987879, 0.0)
(38.491856, 28.968298, 0.0)
(38.481346, 28.978556, 0.0)
(38.483219, 28.994656, 0.0)
(38.487808, 28.995226, 0.0)
(38.480320, 29.023691, 0.0)
(38.484871, 29.024200, 0.0)
(38.489288, 29.033199, 0.0)
(38.460079, 29.009602, 0.0)
(38.447121, 28.986105, 0.0)
(38.460548, 28.936020, 0.0)
(38.448685, 28.929480, 0.0)
(38.457207, 28.932581, 0.0)
(38.452675, 28.960577, 0.0)
(38.430103, 28.955416, 0.0)
(38.412811, 28.954205, 0.0)
(38.394665, 28.953846, 0.0)
(36.884861, 28.952875, 0.0)
(33.283028, 29.489231, 0.0)
(30.578035, 30.428518, 0.0)
(28.766098, 31.374142, 0.0)
(28.009600, 31.745930, 0.0)
(27.853085, 31.738529, 0.0)
(27.785130, 31.738842, 0.0)
(26.426092, 32.528275, 0.0)
(26.281448, 32.617603, 0.0)
(26.222145, 32.641178, 0.0)
(26.192238, 32.607887, 0.0)
(26.191526, 32.560825, 0.0)
(26.233208, 32.543591, 0.0)
(26.229797, 32.507385, 0.0)
(26.228748, 32.494694, 0.0)
(26.238493, 32.520332, 0.0)
(26.237167, 32.532215, 0.0)
(26.071987, 32.787033, 0.0)
(26.077715, 32.837383, 0.0)
(26.062281, 32.786777, 0.0)
(26.054779, 32.766102, 0.0)
(26.051886, 32.763142, 0.0)
(25.968975, 32.631954, 0.0)
(26.496721, 34.408791, 0.0)
(26.370140, 34.168015, 0.0)
(26.111921, 32.990444, 0.0)
(26.092468, 32.239521, 0.0)
(26.067905, 31.992807, 0.0)
(26.065105, 32.003563, 0.0)
(26.069103, 32.009506, 0.0)
(26.072350, 31.991198, 0.0)
(26.078472, 31.966373, 0.0)
(26.087713, 32.013550, 0.0)
(26.841543, 31.725325, 0.0)
(30.707354, 30.433775, 0.0)
(31.406252, 30.387156, 0.0)
(31.439383, 30.369194, 0.0)
(31.441330, 30.306625, 0.0)
(31.450182, 30.300211, 0.0)
(31.452982, 30.264915, 0.0)
(31.449728, 30.269201, 0.0)
(31.575920, 30.194450, 0.0)
(34.660385, 29.434124, 0.0)
(34.813644, 29.429253, 0.0)
(34.823475, 29.423866, 0.0)
(36.331627, 30.810020, 0.0)
(39.482368, 34.147152, 0.0)
(40.842323, 35.414959, 0.0)
(40.953808, 35.362553, 0.0)
(40.932796, 35.237297, 0.0)
(40.923462, 35.218525, 0.0)
(41.127209, 36.480961, 0.0)
(41.103382, 36.608765, 0.0)
(41.075935, 36.579586, 0.0)
(41.056198, 36.568375, 0.0)
(41.036156, 36.561485, 0.0)
(41.015072, 36.522400, 0.0)
(40.985718, 36.511047, 0.0)
(40.969883, 36.493118, 0.0)
(40.773510, 36.429585, 0.0)
(40.731464, 36.386337, 0.0)
(40.724422, 36.374054, 0.0)
(40.716873, 36.356647, 0.0)
(40.720406, 36.353600, 0.0)
(40.716278, 36.324936, 0.0)
(40.674171, 36.315384, 0.0)
(40.653805, 36.308720, 0.0)
(40.626099, 36.292229, 0.0)
(40.611160, 36.290695, 0.0)
(40.609707, 36.253704, 0.0)
(40.606895, 36.245304, 0.0)
(40.583923, 36.272137, 0.0)
(40.611469, 36.291397, 0.0)
(40.620171, 36.317127, 0.0)
(40.324329, 35.101875, 0.0)
(40.019661, 31.359419, 0.0)
(39.858959, 30.049231, 0.0)
(39.840591, 29.953268, 0.0)
(39.829323, 29.953342, 0.0)
(39.850693, 29.956741, 0.0)
(39.899853, 30.004044, 0.0)
(39.951027, 30.494011, 0.0)
(39.974117, 30.543743, 0.0)
(39.981213, 30.540430, 0.0)
(39.882133, 30.844894, 0.0)
(40.124447, 31.995476, 0.0)
(39.880711, 30.789614, 0.0)
(39.839455, 30.250488, 0.0)
(39.823170, 30.213219, 0.0)
(39.849442, 30.284462, 0.0)
(39.917839, 30.385035, 0.0)
(39.928207, 30.402493, 0.0)
(39.921413, 30.391256, 0.0)
(39.925507, 30.391945, 0.0)
(39.948368, 30.401569, 0.0)
(39.948723, 30.430155, 0.0)
(39.955425, 30.451227, 0.0)
(39.945045, 30.425863, 0.0)
(39.920837, 30.415583, 0.0)
(39.913486, 30.412262, 0.0)
(39.899822, 30.372623, 0.0)
(39.875092, 30.409431, 0.0)
(39.873722, 30.399054, 0.0)
(39.859467, 30.360577, 0.0)
(39.865276, 30.338945, 0.0)
(39.831539, 30.313822, 0.0)
(39.825531, 30.303892, 0.0)
(39.812614, 30.293728, 0.0)
(39.817520, 30.294611, 0.0)
(39.759300, 30.231285, 0.0)
(39.767334, 30.229624, 0.0)
(39.742825, 30.200630, 0.0)
(36.715984, 29.825573, 0.0)
(33.255020, 30.123030, 0.0)
(31.016924, 31.344208, 0.0)
(29.516230, 31.670612, 0.0)
(29.315220, 31.678223, 0.0)
(29.165918, 31.786196, 0.0)
(27.248505, 33.587494, 0.0)
(26.697401, 33.745422, 0.0)
(26.589249, 33.729351, 0.0)
(26.589869, 33.691032, 0.0)
(26.588928, 33.638660, 0.0)
(26.572786, 33.608181, 0.0)
(26.458618, 33.677353, 0.0)
(26.218685, 33.685658, 0.0)
(26.202024, 33.681938, 0.0)
(26.219084, 33.637547, 0.0)
(26.220089, 33.632633, 0.0)
(26.231750, 33.597549, 0.0)
(26.246477, 33.561237, 0.0)
(26.244377, 33.556721, 0.0)
(26.245504, 33.530239, 0.0)
(26.246248, 33.525387, 0.0)
(26.250622, 33.507095, 0.0)
(26.252256, 33.496986, 0.0)
(26.248428, 33.516727, 0.0)
(26.202648, 33.480415, 0.0)
(26.193672, 33.473751, 0.0)
(26.196920, 33.471523, 0.0)
(26.192192, 33.483883, 0.0)
(26.196920, 33.471523, 0.0)
(26.212978, 33.486206, 0.0)
(26.238779, 33.471767, 0.0)
(26.255634, 33.466843, 0.0)
(26.261770, 33.460125, 0.0)
(26.254641, 33.426456, 0.0)
(26.255272, 33.383087, 0.0)
(26.281670, 33.396145, 0.0)
(26.733442, 31.382874, 0.0)
(27.432400, 28.522648, 0.0)
(27.384653, 28.417358, 0.0)
(27.228977, 28.478054, 0.0)
(27.994467, 29.391514, 0.0)
(27.567331, 28.392559, 0.0)
(27.487389, 28.116434, 0.0)
(27.462183, 28.153585, 0.0)
(27.458368, 28.190027, 0.0)
(27.475763, 28.234886, 0.0)
(27.508575, 28.271654, 0.0)
(28.647272, 27.967045, 0.0)
(28.771345, 27.909542, 0.0)
(28.790279, 27.874449, 0.0)
(28.839994, 27.870049, 0.0)
(28.872042, 27.886641, 0.0)
(28.883055, 27.895826, 0.0)
(28.904800, 27.898289, 0.0)
(28.907167, 27.901506, 0.0)
(28.906115, 27.918056, 0.0)
(28.913799, 27.931778, 0.0)
(28.909809, 27.930973, 0.0)
(28.904116, 27.874756, 0.0)
(28.932049, 27.860170, 0.0)
(28.922800, 27.825453, 0.0)
(28.882607, 27.807526, 0.0)
(28.874861, 27.814295, 0.0)
(28.882946, 27.842325, 0.0)
(28.871298, 27.854872, 0.0)
(28.869526, 27.835182, 0.0)
(31.594944, 27.783373, 0.0)
(32.149967, 27.811598, 0.0)
(32.237537, 27.798925, 0.0)
(32.244576, 27.793041, 0.0)
(32.980515, 28.123077, 0.0)
(36.879044, 30.786182, 0.0)
(37.275162, 31.050703, 0.0)
(37.185207, 30.966640, 0.0)
(37.314388, 32.950600, 0.0)
(36.924854, 32.859108, 0.0)
(36.974453, 32.017864, 0.0)
(37.049221, 31.446358, 0.0)
(37.030270, 31.103586, 0.0)
(37.029934, 30.961472, 0.0)
(37.030590, 30.909594, 0.0)
(37.024021, 30.933676, 0.0)
(37.011337, 30.940586, 0.0)
(37.013397, 30.944862, 0.0)
(37.002697, 30.944723, 0.0)
(37.007645, 30.942266, 0.0)
(37.002560, 30.975555, 0.0)
(37.002338, 30.985270, 0.0)
(37.006893, 30.979385, 0.0)
(37.004593, 30.998295, 0.0)
(37.006916, 30.986231, 0.0)
(37.004246, 31.005713, 0.0)
(37.136875, 30.889610, 0.0)
(37.113220, 30.835331, 0.0)
(37.116066, 30.818806, 0.0)
(37.114502, 30.806915, 0.0)
(37.114502, 30.806915, 0.0)
(37.106663, 30.826864, 0.0)
(37.105881, 30.850819, 0.0)
(37.103794, 30.872692, 0.0)
(37.111031, 30.872400, 0.0)
(37.088646, 30.851511, 0.0)
(37.091084, 30.867281, 0.0)
(37.107948, 30.888752, 0.0)
(37.109989, 30.921921, 0.0)
(37.113846, 30.930481, 0.0)
(37.086449, 30.922050, 0.0)
(37.049637, 30.855772, 0.0)
(35.744205, 27.432644, 0.0)
(35.257679, 26.465078, 0.0)
(35.198738, 26.414921, 0.0)
(35.161667, 26.364780, 0.0)
(34.758160, 25.011799, 0.0)
(34.636547, 24.894667, 0.0)
(34.608444, 24.909153, 0.0)
(34.591854, 24.908363, 0.0)
(34.536652, 24.900290, 0.0)
(34.523819, 24.866426, 0.0)
(34.519176, 24.828360, 0.0)
(34.501041, 24.811033, 0.0)
(34.492588, 24.786581, 0.0)
(34.442039, 24.815472, 0.0)
(34.403202, 24.867218, 0.0)
(34.377708, 24.738462, 0.0)
(34.263596, 24.735968, 0.0)
(34.354504, 24.840906, 0.0)
(34.413433, 24.877655, 0.0)
(34.427200, 24.883343, 0.0)
(34.437656, 24.869841, 0.0)
(34.416206, 24.857203, 0.0)
(34.409328, 24.848051, 0.0)
(34.397125, 24.856787, 0.0)
(34.391743, 24.866301, 0.0)
(34.565342, 24.816740, 0.0)
(34.577358, 24.809338, 0.0)
(34.544418, 24.800947, 0.0)
(34.528057, 24.809467, 0.0)
(34.518890, 24.813068, 0.0)
(34.536953, 24.815475, 0.0)
(34.543354, 24.821489, 0.0)
(34.526325, 24.809038, 0.0)
(34.536209, 24.806004, 0.0)
(34.532047, 24.816286, 0.0)
(34.544464, 24.826584, 0.0)
(34.559135, 24.841026, 0.0)
(36.261509, 25.527660, 0.0)
(39.382893, 26.912821, 0.0)
(40.245323, 27.339766, 0.0)
(40.330711, 27.349325, 0.0)
(40.327164, 27.308088, 0.0)
(40.334579, 27.305122, 0.0)
(40.318832, 27.298344, 0.0)
(40.395084, 27.360119, 0.0)
(40.766060, 27.617725, 0.0)
(40.733116, 27.587555, 0.0)
(40.706951, 27.564955, 0.0)
(40.693184, 27.525864, 0.0)
(40.679588, 27.514328, 0.0)
(40.658260, 27.476254, 0.0)
(40.333672, 27.653091, 0.0)
(39.985352, 27.784042, 0.0)
(39.920742, 27.108219, 0.0)
(39.893978, 27.008900, 0.0)
(39.986584, 27.097584, 0.0)
(40.034328, 27.106899, 0.0)
(40.031864, 27.136890, 0.0)
(40.037014, 27.160877, 0.0)
(40.038448, 27.180655, 0.0)
(40.035965, 27.191906, 0.0)
(40.019432, 27.169853, 0.0)
(39.999691, 27.133686, 0.0)
(39.982151, 27.116329, 0.0)
(39.955750, 27.108223, 0.0)
(39.944969, 27.099785, 0.0)
(39.451077, 27.081627, 0.0)
(39.934937, 27.840429, 0.0)
(39.794373, 27.270050, 0.0)
(39.774792, 27.135530, 0.0)
(39.588127, 29.502750, 0.0)
(39.482006, 28.924566, 0.0)
(39.536594, 28.863310, 0.0)
(39.608891, 28.927187, 0.0)
(39.723515, 28.984497, 0.0)
(39.752384, 29.005283, 0.0)
(39.806900, 29.033590, 0.0)
(39.860909, 29.044231, 0.0)
(39.867271, 29.066353, 0.0)
(39.848061, 28.946922, 0.0)
(39.901569, 28.952606, 0.0)
(39.953392, 29.013689, 0.0)
(39.935978, 28.973164, 0.0)
(39.958736, 28.967161, 0.0)
(40.007923, 28.962322, 0.0)
(40.127674, 28.779062, 0.0)
(40.174644, 28.785063, 0.0)
(40.170715, 28.774706, 0.0)
(40.198917, 28.770044, 0.0)
(40.198078, 28.773016, 0.0)
(40.219368, 28.784573, 0.0)
(40.229939, 28.794575, 0.0)
(40.222431, 28.767683, 0.0)
(40.226562, 28.788311, 0.0)
(40.213760, 28.781279, 0.0)
(40.230423, 28.807714, 0.0)
(40.232269, 28.816175, 0.0)
(40.245846, 28.877880, 0.0)
(40.250023, 28.884832, 0.0)
(40.241199, 28.904196, 0.0)
(40.255306, 28.882740, 0.0)
(40.252914, 28.874258, 0.0)
(40.252914, 28.874258, 0.0)
(40.176723, 28.720167, 0.0)
(40.188053, 28.758646, 0.0)
(40.168995, 28.842836, 0.0)
(39.516636, 28.957943, 0.0)
(36.121326, 30.169067, 0.0)
(32.880177, 31.600842, 0.0)
(30.820541, 32.266972, 0.0)
(30.603893, 32.323078, 0.0)
(30.505266, 32.323029, 0.0)
(29.994350, 32.747223, 0.0)
(29.437719, 33.485615, 0.0)
(29.370995, 33.522480, 0.0)
(29.341322, 33.488556, 0.0)
(29.315710, 33.475822, 0.0)
(29.266121, 33.471581, 0.0)
(29.235840, 33.531277, 0.0)
(29.191133, 33.540829, 0.0)
(29.119631, 33.583580, 0.0)
(29.051287, 33.607201, 0.0)
(29.977697, 35.309509, 0.0)
(29.351410, 35.247433, 0.0)
(29.289810, 34.585823, 0.0)
(29.285212, 34.146343, 0.0)
(29.148525, 33.867744, 0.0)
(28.925123, 34.047199, 0.0)
(28.860138, 33.992802, 0.0)
(28.847084, 33.942749, 0.0)
(28.824844, 33.916534, 0.0)
(28.826456, 33.899822, 0.0)
(28.814299, 33.858547, 0.0)
(28.798008, 33.816914, 0.0)
(28.777330, 33.767895, 0.0)
(28.785847, 33.750980, 0.0)
(28.801117, 33.731667, 0.0)
(28.814524, 33.723740, 0.0)
(28.826143, 33.717827, 0.0)
(28.825155, 33.722420, 0.0)
(28.825489, 33.741886, 0.0)
(28.827072, 33.729713, 0.0)
(28.974070, 34.045521, 0.0)
(29.124336, 34.759514, 0.0)
(29.108770, 34.846943, 0.0)
(29.075609, 34.845280, 0.0)
(29.077974, 34.896355, 0.0)
(29.047997, 34.971825, 0.0)
(29.023905, 35.019947, 0.0)
(28.989023, 35.030598, 0.0)
(28.939144, 35.030251, 0.0)
(28.933619, 35.028896, 0.0)
(28.904867, 35.027386, 0.0)
(28.902500, 35.037144, 0.0)
(28.892843, 35.051559, 0.0)
(28.852184, 35.066257, 0.0)
(28.810513, 35.090374, 0.0)
(28.776775, 35.219707, 0.0)
(28.794451, 35.305141, 0.0)
(28.791636, 35.334839, 0.0)
(28.800421, 35.359894, 0.0)
(28.757381, 35.338570, 0.0)
(28.724581, 35.227154, 0.0)
(28.725958, 35.226601, 0.0)
(28.714638, 35.256939, 0.0)
(28.709167, 35.250721, 0.0)
(28.702106, 35.257351, 0.0)
(28.693708, 35.253559, 0.0)
(28.686731, 35.248100, 0.0)
(28.663376, 35.255638, 0.0)
(28.661062, 35.279369, 0.0)
(28.684586, 35.309834, 0.0)
(28.679850, 35.365284, 0.0)
(28.668680, 35.329372, 0.0)
(28.656878, 35.339314, 0.0)
(28.644888, 35.362812, 0.0)
(28.635954, 35.369953, 0.0)
(28.656614, 35.410889, 0.0)
(29.022562, 35.338097, 0.0)
(32.817818, 34.364548, 0.0)
(34.034454, 34.027042, 0.0)
(34.192616, 33.986320, 0.0)
(34.277184, 34.047012, 0.0)
(34.350441, 34.033878, 0.0)
(34.490101, 33.962505, 0.0)
(34.552082, 33.932495, 0.0)
(34.570904, 33.983444, 0.0)
(34.595036, 34.022213, 0.0)
(34.593105, 34.060287, 0.0)
(35.064690, 35.427071, 0.0)
(0.000000, 0.000000, 1.0)
(35.122597, 35.459717, 0.0)
(34.995640, 34.943447, 0.0)
(34.962135, 34.610958, 0.0)
(35.010693, 34.323845, 0.0)
(35.007912, 34.204411, 0.0)
(35.020752, 34.123299, 0.0)
(34.961914, 34.061581, 0.0)
(35.018509, 34.044598, 0.0)
(34.996788, 34.057167, 0.0)
(34.943253, 34.030178, 0.0)
(34.943047, 34.022243, 0.0)
(34.981445, 33.989441, 0.0)
(34.968193, 33.931717, 0.0)
(34.964222, 33.907200, 0.0)
(34.969635, 33.904659, 0.0)
(34.986767, 33.908836, 0.0)
(34.988731, 33.913078, 0.0)
(34.996731, 33.885750, 0.0)
(34.986496, 33.879871, 0.0)
(34.990700, 33.878334, 0.0)
(34.994888, 33.877460, 0.0)
(34.993443, 33.872028, 0.0)
(34.996433, 33.843681, 0.0)
(34.969788, 33.841164, 0.0)
(34.976532, 33.790268, 0.0)
(35.124779, 33.439835, 0.0)
(37.586353, 29.431520, 0.0)
(38.973980, 27.758257, 0.0)
(39.193783, 27.481804, 0.0)
(39.298519, 27.435307, 0.0)
(39.306358, 27.378059, 0.0)
(39.714363, 27.745117, 0.0)
(39.916492, 27.970921, 0.0)
(39.931870, 27.928127, 0.0)
(39.968151, 27.934151, 0.0)
(39.977757, 27.916597, 0.0)
(39.982903, 27.903900, 0.0)
(40.023983, 27.935907, 0.0)
(40.028591, 27.924162, 0.0)
(40.027283, 27.937431, 0.0)
(40.018127, 27.889696, 0.0)
(40.004417, 27.893255, 0.0)
(39.975681, 27.888063, 0.0)
(39.889774, 27.841703, 0.0)
(39.813663, 27.849140, 0.0)
(39.766857, 27.840052, 0.0)
(39.703163, 27.788319, 0.0)
(39.623508, 27.767179, 0.0)
(39.574409, 27.741329, 0.0)
(39.530910, 27.716923, 0.0)
(39.511192, 27.749708, 0.0)
(39.504543, 27.745054, 0.0)
(39.516693, 27.753067, 0.0)
(39.512188, 27.704353, 0.0)
(39.513424, 27.696732, 0.0)
(37.710289, 28.049383, 0.0)
(36.478081, 28.313190, 0.0)
(36.311653, 28.285839, 0.0)
(36.294788, 28.273994, 0.0)
(36.246937, 28.201435, 0.0)
(36.237041, 28.191397, 0.0)
(36.239155, 28.181110, 0.0)
(36.234371, 28.181917, 0.0)
(36.202850, 28.187487, 0.0)
(37.940567, 28.875406, 0.0)
(40.466812, 29.727322, 0.0)
(41.039234, 29.868757, 0.0)
(41.146938, 29.877583, 0.0)
(41.131710, 29.832581, 0.0)
(41.154831, 29.820879, 0.0)
(41.166573, 29.819702, 0.0)
(41.161003, 29.756170, 0.0)
(41.105526, 29.693075, 0.0)
(41.041435, 29.623060, 0.0)
(40.991943, 29.612793, 0.0)
(40.949478, 29.621046, 0.0)
(40.928043, 29.605835, 0.0)
(40.902897, 29.581013, 0.0)
(40.867733, 29.580828, 0.0)
(40.850002, 29.562057, 0.0)
(40.808224, 29.546631, 0.0)
(40.751270, 29.505749, 0.0)
(40.721729, 29.472784, 0.0)
(40.716812, 29.459246, 0.0)
(40.713974, 29.462599, 0.0)
(40.705894, 29.490072, 0.0)
(40.695225, 29.486807, 0.0)
(40.665001, 29.472292, 0.0)
(40.656406, 29.482517, 0.0)
(40.642723, 29.426237, 0.0)
(40.621861, 29.420895, 0.0)
(40.613976, 29.421946, 0.0)
(40.608059, 29.425619, 0.0)
(40.579060, 29.452595, 0.0)
(40.585903, 29.476280, 0.0)
(40.579666, 29.478199, 0.0)
(40.563278, 29.475515, 0.0)
(40.565731, 29.490046, 0.0)
(40.553867, 29.482862, 0.0)
(40.544155, 29.478178, 0.0)
(40.538132, 29.467991, 0.0)
(40.519703, 29.491972, 0.0)
(40.523438, 29.505543, 0.0)
(40.517147, 29.493349, 0.0)
(40.550270, 29.588385, 0.0)
(40.523129, 29.580885, 0.0)
(40.524303, 29.594429, 0.0)
(40.536304, 29.588476, 0.0)
(40.481159, 29.507631, 0.0)
(40.467319, 29.528143, 0.0)
(40.462517, 29.514179, 0.0)
(40.465931, 29.574787, 0.0)
(40.265781, 31.980227, 0.0)
(40.211639, 34.575272, 0.0)
(40.098797, 34.825691, 0.0)
(40.024094, 34.743938, 0.0)
(40.007286, 34.755577, 0.0)
(39.991051, 34.746998, 0.0)
(39.698013, 34.990620, 0.0)
(39.647480, 35.045437, 0.0)
(39.623901, 35.033867, 0.0)
(39.599205, 35.069908, 0.0)
(39.570583, 35.040394, 0.0)
(39.524368, 35.060181, 0.0)
(39.520874, 35.051502, 0.0)
(39.503380, 35.098007, 0.0)
(39.469166, 35.107876, 0.0)
(39.465347, 35.053814, 0.0)
(39.481171, 35.044552, 0.0)
(39.459785, 35.060310, 0.0)
(39.456581, 35.058426, 0.0)
(39.439739, 35.114586, 0.0)
(39.428440, 35.098988, 0.0)
(39.396088, 35.072704, 0.0)
(39.362240, 35.090679, 0.0)
(39.326740, 35.069725, 0.0)
(39.295616, 35.036640, 0.0)
(39.277664, 35.021687, 0.0)
(39.273666, 35.008877, 0.0)
(39.265644, 34.993694, 0.0)
(37.691738, 34.624043, 0.0)
(34.967049, 33.805622, 0.0)
(33.234516, 33.705936, 0.0)
(33.054604, 33.545208, 0.0)
(33.043781, 33.528164, 0.0)
(32.983025, 33.513847, 0.0)
(32.980370, 33.576302, 0.0)
(32.937023, 33.447186, 0.0)
(31.715738, 30.308207, 0.0)
(31.670158, 26.231731, 0.0)
(31.638163, 25.800697, 0.0)
(31.595179, 25.828272, 0.0)
(31.606972, 25.888721, 0.0)
(36.396122, 29.554106, 0.0)
(39.690315, 32.231590, 0.0)
(41.411446, 34.127228, 0.0)
(41.664417, 34.262821, 0.0)
(41.656597, 34.185917, 0.0)
(41.657810, 34.140766, 0.0)
(42.101822, 35.576244, 0.0)
(42.092487, 35.656250, 0.0)
(42.087597, 35.591064, 0.0)
(42.069363, 35.565865, 0.0)
(42.052101, 35.498867, 0.0)
(42.011692, 35.507114, 0.0)
(41.980354, 35.481125, 0.0)
(41.956329, 35.499569, 0.0)
(41.954174, 35.487770, 0.0)
(41.950985, 35.421669, 0.0)
(41.929394, 35.401440, 0.0)
(41.933308, 35.411858, 0.0)
(41.918743, 35.436485, 0.0)
(41.913925, 35.387798, 0.0)
(41.915771, 35.367031, 0.0)
(41.919979, 35.320889, 0.0)
(41.855312, 35.275227, 0.0)
(38.650551, 31.218531, 0.0)
(34.779617, 29.597359, 0.0)
(31.568483, 29.451603, 0.0)
(29.549656, 29.197392, 0.0)
(28.851824, 28.998735, 0.0)
(28.678965, 28.952047, 0.0)
(28.599419, 28.932682, 0.0)
(26.990917, 29.521612, 0.0)
(26.380810, 29.760664, 0.0)
(26.272482, 29.763798, 0.0)
(26.254438, 29.746132, 0.0)
(26.249741, 29.727646, 0.0)
(25.910349, 29.739071, 0.0)
(25.851976, 29.755531, 0.0)
(25.845743, 29.707411, 0.0)
(25.851582, 29.685741, 0.0)
(25.848677, 29.664633, 0.0)
(25.827427, 29.642340, 0.0)
(25.814566, 29.628775, 0.0)
(25.817442, 29.642603, 0.0)
(25.806278, 29.673439, 0.0)
(26.073185, 29.380196, 0.0)
(26.219975, 29.022596, 0.0)
(26.162468, 29.029165, 0.0)
(25.965574, 29.153503, 0.0)
(25.927633, 29.206970, 0.0)
(25.948366, 29.229330, 0.0)
(25.949162, 29.262917, 0.0)
(25.952868, 29.285000, 0.0)
(25.968107, 29.306826, 0.0)
(25.984375, 29.309351, 0.0)
(26.114511, 29.217377, 0.0)
(29.356285, 28.107311, 0.0)
(29.733446, 28.111216, 0.0)
(29.785618, 28.070467, 0.0)
(29.785843, 28.061539, 0.0)
(29.805559, 28.091328, 0.0)
(29.784842, 28.125437, 0.0)
(29.458250, 29.358820, 0.0)
(28.105265, 28.303988, 0.0)
(28.106012, 27.302860, 0.0)
(28.231411, 27.176640, 0.0)
(28.272242, 27.274544, 0.0)
(28.285801, 27.299902, 0.0)
(28.265484, 27.309732, 0.0)
(28.276531, 27.312527, 0.0)
(28.733236, 27.244196, 0.0)
(28.758013, 27.221678, 0.0)
(28.694370, 27.292397, 0.0)
(28.697680, 29.186813, 0.0)
(28.482422, 28.350502, 0.0)
(28.452093, 27.179947, 0.0)
(28.476170, 27.077271, 0.0)
(28.502632, 27.239960, 0.0)
(28.502245, 27.240202, 0.0)
(28.502245, 27.240202, 0.0)
(28.518486, 27.237169, 0.0)
(28.523485, 27.253443, 0.0)
(28.529627, 27.259182, 0.0)
(28.533369, 27.256643, 0.0)
(28.542280, 27.266191, 0.0)
(28.553408, 27.280540, 0.0)
(28.579744, 27.299267, 0.0)
(28.588310, 27.316414, 0.0)
(28.594137, 27.313515, 0.0)
(28.602022, 27.306761, 0.0)
(28.595034, 27.295647, 0.0)
(28.605927, 27.294661, 0.0)
(28.631861, 27.294138, 0.0)
(28.647772, 27.302174, 0.0)
(28.665909, 27.336792, 0.0)
(28.674589, 27.306475, 0.0)
(28.668360, 27.286783, 0.0)
(28.077477, 27.819344, 0.0)
(27.441101, 28.445976, 0.0)
(27.367102, 28.527422, 0.0)
(27.330849, 28.543777, 0.0)
(27.308554, 28.572411, 0.0)
(27.300240, 28.569273, 0.0)
(27.292858, 28.558285, 0.0)
(27.272762, 28.584446, 0.0)
(27.042677, 28.885433, 0.0)
(27.007002, 28.928442, 0.0)
(27.002657, 28.895905, 0.0)
(26.997438, 28.910706, 0.0)
(26.991369, 28.929207, 0.0)
(26.991480, 28.942575, 0.0)
(27.140413, 28.887844, 0.0)
(27.125618, 28.849045, 0.0)
(27.123215, 28.792896, 0.0)
(27.117365, 28.787678, 0.0)
(27.132023, 28.787384, 0.0)
(27.121473, 28.788630, 0.0)
(27.119415, 28.795740, 0.0)
(27.106274, 28.769115, 0.0)
(27.103514, 28.753439, 0.0)
(27.102236, 28.735353, 0.0)
(27.094900, 28.754908, 0.0)
(27.105740, 28.735353, 0.0)
(27.101994, 28.733347, 0.0)
(27.095810, 28.726248, 0.0)
(27.103085, 28.728062, 0.0)
(27.108959, 28.715864, 0.0)
(27.085730, 28.734842, 0.0)
(27.075380, 28.749136, 0.0)
(27.067041, 28.770298, 0.0)
(27.059740, 28.778049, 0.0)
(27.076155, 28.751276, 0.0)
(27.071247, 28.744244, 0.0)
(27.154139, 28.741152, 0.0)
(31.273174, 29.628204, 0.0)
(31.776630, 29.748407, 0.0)
(31.809168, 29.693319, 0.0)
(31.928335, 30.781689, 0.0)
(32.221600, 31.981316, 0.0)
(32.780815, 31.544353, 0.0)
(33.135799, 30.793425, 0.0)
(33.182590, 30.286379, 0.0)
(33.253490, 30.039227, 0.0)
(33.268593, 29.916191, 0.0)
(33.313274, 29.934767, 0.0)
(33.328751, 29.931604, 0.0)
(33.377563, 29.981945, 0.0)
(33.390675, 30.047083, 0.0)
(33.427109, 30.061722, 0.0)
(33.438885, 30.101057, 0.0)
(33.447647, 30.083832, 0.0)
(33.447670, 30.103062, 0.0)
(33.461636, 30.120966, 0.0)
(33.077351, 29.902056, 0.0)
(32.956158, 29.897594, 0.0)
(32.935295, 29.896063, 0.0)
(32.949718, 29.873283, 0.0)
(32.951492, 29.878040, 0.0)
(32.959053, 29.878294, 0.0)
(32.965187, 29.873072, 0.0)
(32.965187, 29.873072, 0.0)
(32.969349, 29.877754, 0.0)
(32.983868, 29.880964, 0.0)
(33.008045, 29.854294, 0.0)
(33.871861, 29.815062, 0.0)
(35.597649, 29.959047, 0.0)
(35.760826, 29.943338, 0.0)
(35.765034, 29.944464, 0.0)
(35.789112, 29.984446, 0.0)
(35.737442, 29.904274, 0.0)
(35.785809, 29.892477, 0.0)
(37.330101, 31.111614, 0.0)
(38.580276, 32.415890, 0.0)
(38.691807, 32.514881, 0.0)
(38.505966, 32.549904, 0.0)
(38.896778, 34.399090, 0.0)
(38.825054, 33.648182, 0.0)
(38.867016, 33.280788, 0.0)
(38.940498, 33.020210, 0.0)
(38.963463, 32.860661, 0.0)
(38.950764, 32.773235, 0.0)
(38.932384, 32.728737, 0.0)
(38.944019, 32.774540, 0.0)
(38.935410, 32.764954, 0.0)
(38.929928, 32.786201, 0.0)
(38.928581, 32.807400, 0.0)
(38.911217, 32.721695, 0.0)
(38.899757, 32.713470, 0.0)
(38.944359, 32.715172, 0.0)
(38.954258, 32.717434, 0.0)
(38.951595, 32.751183, 0.0)
(38.943790, 32.769043, 0.0)
(38.938713, 32.747253, 0.0)
(38.928036, 32.743847, 0.0)
(38.935112, 32.732685, 0.0)
(38.944427, 32.744663, 0.0)
(38.927849, 32.736916, 0.0)
(38.943306, 32.715446, 0.0)
(38.932575, 32.695210, 0.0)
(38.936565, 32.687260, 0.0)
(38.933613, 32.678787, 0.0)
(38.947811, 32.692776, 0.0)
(38.937897, 32.692703, 0.0)
(38.932575, 32.703465, 0.0)
(38.937592, 32.688450, 0.0)
(38.941685, 32.699123, 0.0)
(38.923904, 32.610218, 0.0)
(37.140987, 31.382605, 0.0)
(33.789265, 29.108297, 0.0)
(31.077913, 28.273054, 0.0)
(29.229845, 28.164461, 0.0)
(27.975077, 28.073927, 0.0)
(27.395163, 27.948261, 0.0)
(26.866083, 28.071053, 0.0)
(26.618237, 28.133797, 0.0)
(26.559814, 28.163904, 0.0)
(26.518238, 28.131582, 0.0)
(25.844196, 28.548759, 0.0)
(25.801701, 28.583244, 0.0)
(25.808960, 28.548845, 0.0)
(25.822878, 28.548529, 0.0)
(25.819376, 28.563963, 0.0)
(25.806532, 28.566450, 0.0)
(25.809395, 28.560083, 0.0)
(25.825886, 28.653522, 0.0)
(25.829567, 28.592319, 0.0)
(25.836079, 28.547798, 0.0)
(25.822813, 28.582058, 0.0)
(25.822813, 28.582058, 0.0)
(25.822981, 28.570921, 0.0)
(25.821167, 28.540388, 0.0)
(25.826023, 28.531113, 0.0)
(25.812531, 28.501707, 0.0)
(25.825438, 28.447372, 0.0)
(25.821369, 28.469749, 0.0)
(25.824852, 28.475178, 0.0)
(25.820076, 28.457182, 0.0)
(26.468445, 28.260189, 0.0)
(26.637695, 28.104624, 0.0)
(26.485180, 28.112196, 0.0)
(26.193012, 28.229259, 0.0)
(26.119371, 28.391056, 0.0)
(26.152693, 28.456537, 0.0)
(26.163366, 28.565651, 0.0)
(26.165073, 28.560780, 0.0)
(26.167694, 28.556957, 0.0)
(26.989716, 29.802633, 0.0)
(27.137775, 31.854855, 0.0)
(27.014011, 32.033146, 0.0)
(26.989101, 32.058338, 0.0)
(26.945686, 32.095570, 0.0)
(26.908939, 32.105141, 0.0)
(27.288290, 32.263718, 0.0)
(27.871332, 32.607197, 0.0)
(27.917768, 32.627155, 0.0)
(27.907188, 32.604317, 0.0)
(27.889132, 32.597195, 0.0)
(27.861021, 32.597229, 0.0)
(27.835861, 32.586903, 0.0)
(27.831905, 32.601799, 0.0)
(27.831480, 32.643074, 0.0)
(27.766420, 32.675095, 0.0)
(27.522882, 32.566833, 0.0)
(27.490576, 32.511688, 0.0)
(27.474680, 32.508144, 0.0)
(27.476940, 32.510792, 0.0)
(27.467680, 32.495403, 0.0)
(27.444445, 32.500568, 0.0)
(27.414494, 32.501530, 0.0)
(27.390755, 32.485348, 0.0)
(27.375940, 32.503574, 0.0)
(27.379375, 32.540623, 0.0)
(27.358168, 32.544159, 0.0)
(27.331631, 32.543255, 0.0)
(27.336636, 32.529259, 0.0)
(27.330067, 32.547104, 0.0)
(27.324760, 32.573521, 0.0)
(27.816040, 32.483742, 0.0)
(28.140379, 32.502472, 0.0)
(28.182425, 32.460861, 0.0)
(28.196161, 32.496380, 0.0)
(28.201385, 32.494473, 0.0)
(29.917492, 31.856659, 0.0)
(32.378368, 31.045383, 0.0)
(32.496227, 31.015936, 0.0)
(32.541664, 31.890598, 0.0)
(32.808147, 33.124542, 0.0)
(32.876396, 33.247284, 0.0)
(32.924400, 32.945206, 0.0)
(32.985027, 32.508617, 0.0)
(32.905567, 32.147270, 0.0)
(32.878399, 31.844494, 0.0)
(32.900707, 31.618586, 0.0)
(32.900642, 31.479788, 0.0)
(32.892284, 31.369898, 0.0)
(32.889091, 31.314804, 0.0)
(32.883102, 31.303444, 0.0)
(32.881588, 31.305407, 0.0)
(32.859119, 31.295023, 0.0)
(32.858810, 31.274900, 0.0)
(32.865646, 31.233103, 0.0)
(32.865440, 31.189930, 0.0)
(32.855042, 31.151905, 0.0)
(32.869297, 31.149597, 0.0)
(32.846565, 31.141117, 0.0)
(32.843426, 31.106564, 0.0)
(32.843494, 31.101887, 0.0)
(32.827110, 31.077215, 0.0)
(32.828903, 31.054873, 0.0)
(32.823250, 31.060455, 0.0)
(32.819157, 31.047644, 0.0)
(32.825069, 31.035681, 0.0)
(32.822624, 30.988579, 0.0)
(32.803997, 31.011061, 0.0)
(32.778214, 31.019396, 0.0)
(32.763512, 31.037195, 0.0)
(32.760769, 31.056787, 0.0)
(32.767757, 31.053320, 0.0)
(32.746155, 31.010935, 0.0)
(34.346191, 31.396767, 0.0)
(36.905029, 33.274036, 0.0)
(0.000000, 0.000000, 1.0)
(38.755688, 35.149567, 0.0)
(38.845921, 34.920498, 0.0)
(38.840366, 34.589573, 0.0)
(38.839241, 34.338268, 0.0)
(38.885815, 34.218750, 0.0)
(38.900059, 34.169392, 0.0)
(38.896271, 34.146461, 0.0)
(38.907219, 34.114536, 0.0)
(38.910824, 34.101860, 0.0)
(38.902821, 34.065056, 0.0)
(38.908001, 34.068764, 0.0)
(38.901337, 34.053051, 0.0)
(38.939236, 34.113564, 0.0)
(38.550316, 34.011120, 0.0)
(38.480289, 33.953186, 0.0)
(38.534451, 33.910446, 0.0)
(38.986324, 33.982365, 0.0)
(39.030014, 33.968121, 0.0)
(39.043846, 33.942963, 0.0)
(39.061394, 33.928268, 0.0)
(38.816429, 33.941109, 0.0)
(38.801109, 33.896740, 0.0)
(38.797543, 33.891682, 0.0)
(38.818378, 33.873009, 0.0)
(38.813725, 33.828735, 0.0)
(38.800865, 33.862694, 0.0)
(38.798553, 33.811153, 0.0)
(38.789921, 33.801907, 0.0)
(38.812813, 33.757137, 0.0)
(38.809471, 33.768154, 0.0)
(38.784718, 33.779251, 0.0)
(38.768208, 33.797958, 0.0)
(38.745300, 33.814835, 0.0)
(38.742359, 33.868549, 0.0)
(38.722580, 33.830868, 0.0)
(37.422985, 32.103943, 0.0)
(35.016857, 27.859915, 0.0)
(33.448673, 26.280443, 0.0)
(33.054615, 26.096458, 0.0)
(32.976219, 26.072371, 0.0)
(32.636398, 25.870481, 0.0)
(32.661808, 25.769875, 0.0)
(32.637192, 25.699465, 0.0)
(32.611317, 25.687643, 0.0)
(32.585152, 25.662502, 0.0)
(32.570869, 25.641603, 0.0)
(32.559834, 25.623131, 0.0)
(32.557522, 25.616932, 0.0)
(32.543514, 25.616035, 0.0)
(32.531712, 25.663496, 0.0)
(32.507694, 25.691441, 0.0)
(32.498932, 25.721117, 0.0)
(32.496967, 25.694540, 0.0)
(32.479034, 25.652004, 0.0)
(32.487297, 25.644127, 0.0)
(32.513809, 25.597830, 0.0)
(32.471806, 25.604734, 0.0)
(32.475174, 25.630009, 0.0)
(32.450829, 25.622299, 0.0)
(32.423946, 25.609898, 0.0)
(32.423946, 25.609898, 0.0)
(32.417873, 25.619265, 0.0)
(32.400398, 25.617064, 0.0)
(32.405357, 25.581486, 0.0)
(32.558475, 26.445141, 0.0)
(32.562546, 26.631111, 0.0)
(32.544605, 26.612053, 0.0)
(32.523888, 26.641632, 0.0)
(32.506176, 26.661978, 0.0)
(32.486656, 26.678988, 0.0)
(32.423721, 26.684885, 0.0)
(32.951870, 26.926355, 0.0)
(38.206081, 28.741184, 0.0)
(39.942593, 28.470638, 0.0)
(41.059044, 29.449364, 0.0)
(41.621719, 30.030233, 0.0)
(41.630455, 30.105040, 0.0)
(41.522297, 29.997463, 0.0)
(41.472404, 29.900114, 0.0)
(41.467049, 29.885386, 0.0)
(41.434303, 29.864603, 0.0)
(41.415146, 29.837698, 0.0)
(41.372517, 29.821331, 0.0)
(41.354309, 29.778986, 0.0)
(41.332321, 29.768475, 0.0)
(41.311325, 29.808342, 0.0)
(41.311806, 29.837957, 0.0)
(41.317051, 29.852369, 0.0)
(41.347958, 29.847607, 0.0)
(41.652233, 30.125599, 0.0)
(41.666256, 30.162420, 0.0)
(41.677872, 30.168028, 0.0)
(41.656029, 30.160217, 0.0)
(41.643738, 30.130491, 0.0)
(41.653255, 30.148264, 0.0)
(41.625500, 30.121227, 0.0)
(41.025261, 29.860596, 0.0)
(40.959400, 30.686932, 0.0)
(40.979248, 29.737446, 0.0)
(40.954510, 29.569929, 0.0)
(40.994171, 29.661793, 0.0)
(41.028633, 29.787228, 0.0)
(41.045948, 29.807041, 0.0)
(41.035664, 29.846025, 0.0)
(41.052235, 29.877741, 0.0)
(41.070770, 29.828409, 0.0)
(41.045841, 29.770550, 0.0)
(41.057320, 29.750782, 0.0)
(39.899967, 27.322561, 0.0)
(39.710480, 26.609230, 0.0)
(39.729782, 26.570168, 0.0)
(39.687431, 26.540987, 0.0)
(39.639988, 26.495979, 0.0)
(39.623974, 26.481512, 0.0)
(39.584663, 26.400986, 0.0)
(39.536465, 26.313139, 0.0)
(39.528873, 26.247677, 0.0)
(39.537804, 26.255585, 0.0)
(39.510677, 26.231710, 0.0)
(39.501190, 26.232252, 0.0)
(39.494160, 26.246782, 0.0)
(39.465008, 26.281904, 0.0)
(39.525982, 26.248142, 0.0)
(39.511478, 26.215061, 0.0)
(39.454880, 26.101547, 0.0)
(39.439400, 26.089676, 0.0)
(39.439674, 26.089689, 0.0)
(39.426319, 26.093613, 0.0)
(39.410217, 26.108763, 0.0)
(39.420982, 26.093616, 0.0)
(39.415527, 26.087738, 0.0)
(39.414013, 26.093611, 0.0)
(39.419342, 26.093607, 0.0)
(39.419342, 26.093607, 0.0)
(39.393547, 26.103846, 0.0)
(38.752953, 26.635683, 0.0)
(36.920498, 28.001783, 0.0)
(36.297539, 28.101517, 0.0)
(36.237106, 28.089226, 0.0)
(36.237106, 28.089226, 0.0)
(36.233891, 28.124458, 0.0)
(36.223141, 28.151278, 0.0)
(36.212410, 28.186666, 0.0)
(36.213871, 28.162752, 0.0)
(36.193176, 28.137739, 0.0)
(36.393581, 28.327448, 0.0)
(39.788868, 32.643238, 0.0)
(41.266888, 35.014839, 0.0)
(41.654095, 35.755615, 0.0)
(41.672596, 35.705242, 0.0)
(41.639816, 35.653027, 0.0)
(41.994129, 36.802841, 0.0)
(41.962162, 36.829678, 0.0)
(41.929825, 36.846474, 0.0)
(41.904488, 36.805794, 0.0)
(41.894558, 36.785137, 0.0)
(41.818909, 36.794861, 0.0)
(41.793819, 36.772110, 0.0)
(41.767986, 36.771362, 0.0)
(41.753990, 36.788811, 0.0)
(41.736736, 36.800648, 0.0)
(41.723507, 36.812393, 0.0)
(41.721329, 36.786655, 0.0)
(41.700493, 36.737827, 0.0)
(41.682575, 36.721027, 0.0)
(41.671436, 36.745678, 0.0)
(41.645565, 36.735676, 0.0)
(41.645565, 36.735676, 0.0)
(41.666191, 36.677780, 0.0)
(41.656590, 36.676495, 0.0)
(41.649872, 36.650829, 0.0)
(41.651234, 36.657753, 0.0)
(41.518871, 36.089176, 0.0)
(41.456528, 35.606091, 0.0)
(41.461384, 35.581947, 0.0)
(41.465919, 35.570740, 0.0)
(41.459492, 35.489243, 0.0)
(41.456848, 35.510818, 0.0)
(41.448402, 35.522755, 0.0)
(41.450581, 35.537807, 0.0)
(41.469223, 35.567505, 0.0)
(41.467274, 35.521729, 0.0)
(39.476334, 33.324356, 0.0)
(36.127041, 30.138969, 0.0)
(33.049366, 28.675219, 0.0)
(31.191858, 28.172482, 0.0)
(31.037580, 28.148762, 0.0)
(31.040997, 28.116966, 0.0)
(31.013660, 28.059475, 0.0)
(30.830690, 28.083410, 0.0)
(30.355257, 29.716978, 0.0)
(30.331072, 29.432570, 0.0)
(30.120071, 29.036406, 0.0)
(30.080278, 27.850187, 0.0)
(30.087128, 27.624599, 0.0)
(30.143789, 27.695635, 0.0)
(30.177382, 27.716070, 0.0)
(30.239719, 27.731491, 0.0)
(30.274490, 27.764801, 0.0)
(30.329813, 27.780716, 0.0)
(30.362654, 27.816319, 0.0)
(30.382616, 27.832232, 0.0)
(30.384398, 27.821672, 0.0)
(30.371201, 27.813471, 0.0)
(30.387896, 27.822323, 0.0)
(30.348877, 27.831453, 0.0)
(31.386450, 27.932787, 0.0)
(31.475243, 27.947241, 0.0)
(31.471786, 27.932600, 0.0)
(31.485752, 27.943159, 0.0)
(31.478563, 27.955072, 0.0)
(31.480440, 27.965185, 0.0)
(31.485373, 27.973949, 0.0)
(31.539425, 28.119190, 0.0)
(34.376865, 31.714945, 0.0)
(35.128239, 33.857311, 0.0)
(35.025249, 34.000648, 0.0)
(34.977772, 33.980724, 0.0)
(35.312622, 34.991447, 0.0)
(35.401009, 36.165913, 0.0)
(35.387314, 36.262245, 0.0)
(35.375912, 36.263103, 0.0)
(35.351475, 36.250813, 0.0)
(35.333748, 36.281139, 0.0)
(35.313896, 36.300335, 0.0)
(35.329479, 36.273495, 0.0)
(35.478745, 36.062199, 0.0)
(35.491051, 36.055473, 0.0)
(35.485039, 36.077873, 0.0)
(35.486984, 36.086605, 0.0)
(35.477215, 36.089371, 0.0)
(35.489128, 36.076141, 0.0)
(35.488373, 36.071499, 0.0)
(35.429043, 36.052120, 0.0)
(35.420002, 36.041626, 0.0)
(35.386692, 36.038151, 0.0)
(35.406330, 36.050407, 0.0)
(35.373978, 36.062660, 0.0)
(35.378788, 36.070339, 0.0)
(35.370079, 36.060261, 0.0)
(35.396118, 36.038502, 0.0)
(35.401279, 36.041924, 0.0)
(35.385258, 36.051071, 0.0)
(35.403751, 36.033840, 0.0)
(35.402054, 36.028145, 0.0)
(35.402054, 36.028145, 0.0)
(35.399429, 36.018120, 0.0)
(35.406666, 35.977638, 0.0)
(35.411228, 35.915722, 0.0)
(35.404305, 35.890221, 0.0)
(35.362663, 35.854218, 0.0)
(35.377296, 35.842857, 0.0)
(35.671555, 35.260719, 0.0)
(37.112480, 32.417877, 0.0)
(38.840397, 30.171484, 0.0)
(40.112217, 29.354046, 0.0)
(40.798065, 29.020733, 0.0)
(41.087784, 28.907204, 0.0)
(41.219032, 28.795740, 0.0)
(41.059631, 28.611202, 0.0)
(41.026737, 28.530542, 0.0)
(41.031048, 28.493525, 0.0)
(41.291801, 28.235897, 0.0)
(41.355984, 28.237940, 0.0)
(41.259411, 28.170170, 0.0)
(41.229061, 28.141092, 0.0)
(41.191105, 28.092815, 0.0)
(41.194881, 28.049732, 0.0)
(41.188686, 28.024675, 0.0)
(41.196095, 28.028437, 0.0)
(41.172821, 28.004124, 0.0)
(41.187824, 28.043030, 0.0)
(40.120434, 27.494032, 0.0)
(40.170822, 28.400984, 0.0)
(40.269379, 28.226252, 0.0)
(40.216816, 27.500725, 0.0)
(40.359749, 27.461288, 0.0)
(40.531792, 27.659077, 0.0)
(40.636066, 27.712820, 0.0)
(40.679520, 27.749905, 0.0)
(40.704441, 27.754295, 0.0)
(40.710377, 27.750988, 0.0)
(40.726494, 27.759686, 0.0)
(40.723362, 27.785870, 0.0)
(40.715714, 27.770737, 0.0)
(40.705856, 27.764296, 0.0)
(40.701004, 27.750820, 0.0)
(40.710419, 27.771879, 0.0)
(40.845730, 28.520479, 0.0)
(41.114662, 31.599939, 0.0)
(41.080528, 31.864239, 0.0)
(41.057514, 31.853638, 0.0)
(41.065380, 31.847050, 0.0)
(41.220345, 33.301575, 0.0)
(41.208611, 33.327984, 0.0)
(41.211777, 33.319538, 0.0)
(41.206402, 33.301857, 0.0)
(41.208893, 33.313782, 0.0)
(41.216713, 33.303139, 0.0)
(41.209404, 33.301510, 0.0)
(41.222282, 33.314869, 0.0)
(41.218674, 33.316448, 0.0)
(41.209930, 33.320366, 0.0)
(41.177574, 33.334999, 0.0)
(41.107578, 33.279999, 0.0)
(41.061939, 33.286831, 0.0)
(41.031761, 33.246208, 0.0)
(40.999405, 33.211060, 0.0)
(40.967945, 33.230770, 0.0)
(40.953323, 33.221573, 0.0)
(40.923561, 33.227757, 0.0)
(40.894375, 33.211506, 0.0)
(40.877644, 33.211010, 0.0)
(40.869526, 33.232063, 0.0)
(40.858276, 33.221748, 0.0)
(40.845894, 33.220425, 0.0)
(40.852142, 33.213585, 0.0)
(40.844540, 33.213928, 0.0)
(40.845894, 33.220425, 0.0)
(40.845894, 33.220425, 0.0)
(40.841358, 33.228184, 0.0)
(40.826267, 33.238461, 0.0)
(40.829887, 33.237167, 0.0)
(40.832767, 33.217636, 0.0)
(40.826538, 33.224392, 0.0)
(40.822929, 33.225658, 0.0)
(40.706810, 33.176949, 0.0)
(38.260513, 34.602776, 0.0)
(34.360252, 35.828190, 0.0)
(33.481289, 35.822712, 0.0)
(33.257465, 35.604687, 0.0)
(33.260616, 35.499722, 0.0)
(33.251404, 35.493362, 0.0)
(33.133415, 36.000000, 0.0)
(33.119274, 36.036194, 0.0)
(33.094513, 36.026375, 0.0)
(33.077579, 36.031307, 0.0)
(33.059566, 36.072620, 0.0)
(33.000099, 36.149723, 0.0)
(32.984230, 36.181957, 0.0)
(32.955498, 36.168903, 0.0)
(32.957596, 36.175678, 0.0)
(32.954430, 36.184242, 0.0)
(32.939041, 36.154633, 0.0)
(32.949207, 36.135456, 0.0)
(32.926517, 36.193829, 0.0)
(32.927631, 36.224163, 0.0)
(32.918148, 36.256008, 0.0)
(32.898430, 36.259434, 0.0)
(32.895634, 36.277866, 0.0)
(32.901024, 36.282776, 0.0)
(32.875702, 36.272717, 0.0)
(32.849834, 36.242535, 0.0)
(32.800404, 36.217510, 0.0)
(32.771473, 36.213017, 0.0)
(32.750340, 36.235237, 0.0)
(32.721210, 36.271584, 0.0)
(32.693787, 36.303032, 0.0)
(32.685066, 36.312180, 0.0)
(32.665485, 36.302410, 0.0)
(32.664536, 36.288033, 0.0)
(32.654922, 36.269024, 0.0)
(32.634689, 36.242947, 0.0)
(32.612953, 36.271217, 0.0)
(32.597031, 36.275551, 0.0)
(32.601082, 36.301666, 0.0)
(32.703407, 36.397133, 0.0)
(32.711426, 36.429253, 0.0)
(32.705524, 36.445248, 0.0)
(32.696800, 36.460201, 0.0)
(32.656620, 36.584518, 0.0)
(32.648975, 36.596779, 0.0)
(32.641773, 36.605114, 0.0)
(32.604942, 36.605778, 0.0)
(32.609890, 36.607956, 0.0)
(32.806435, 35.822651, 0.0)
(33.047512, 33.081505, 0.0)
(33.408760, 29.392052, 0.0)
(34.434475, 26.610508, 0.0)
(35.077782, 25.758419, 0.0)
(35.155727, 25.741304, 0.0)
(35.176044, 25.763279, 0.0)
(35.183689, 25.766705, 0.0)
(35.154953, 25.752155, 0.0)
(35.718098, 25.394873, 0.0)
(36.014153, 25.308186, 0.0)
(36.057224, 25.297728, 0.0)
(36.073257, 25.282591, 0.0)
(36.089844, 25.253187, 0.0)
(36.112286, 25.210142, 0.0)
(36.129158, 25.207270, 0.0)
(36.171444, 25.166460, 0.0)
(36.165581, 25.174690, 0.0)
(36.171574, 25.152355, 0.0)
(36.191654, 25.159891, 0.0)
(36.202213, 25.190613, 0.0)
(36.208595, 25.155214, 0.0)
(36.208595, 25.155214, 0.0)
(36.211590, 25.145439, 0.0)
(36.206997, 25.134161, 0.0)
(36.079533, 25.393396, 0.0)
(33.541523, 28.718596, 0.0)
(31.292709, 31.221779, 0.0)
(30.105318, 32.071514, 0.0)
(29.844082, 32.134575, 0.0)
(29.728807, 32.065159, 0.0)
(29.647625, 32.050198, 0.0)
(29.277014, 32.153152, 0.0)
(28.972784, 32.208477, 0.0)
(28.946247, 32.201172, 0.0)
(28.939711, 32.224152, 0.0)
(28.919916, 32.243141, 0.0)
(28.934643, 32.552715, 0.0)
(29.256884, 33.866371, 0.0)
(29.098499, 33.105698, 0.0)
(29.117249, 32.631725, 0.0)
(29.146770, 32.304562, 0.0)
(29.101492, 32.177460, 0.0)
(29.123426, 32.104851, 0.0)
(29.145203, 32.102993, 0.0)
(29.148045, 32.053688, 0.0)
(29.156908, 31.963326, 0.0)
(29.132339, 31.955568, 0.0)
(29.132584, 31.913635, 0.0)
(29.117052, 31.890385, 0.0)
(29.090216, 31.897039, 0.0)
(29.123928, 31.873241, 0.0)
(29.093006, 31.873444, 0.0)
(29.130898, 31.836004, 0.0)
(29.138714, 31.843996, 0.0)
(29.123339, 31.844955, 0.0)
(29.113920, 31.810898, 0.0)
(29.126265, 31.839888, 0.0)
(29.055073, 32.128460, 0.0)
(38.703869, 30.823931, 0.0)
(39.629269, 30.352114, 0.0)
(40.054142, 30.496798, 0.0)
(40.143505, 30.548964, 0.0)
(40.182064, 30.533861, 0.0)
(40.022461, 29.953407, 0.0)
(39.978466, 29.863535, 0.0)
(40.110069, 29.906536, 0.0)
(40.050594, 29.418764, 0.0)
(40.089451, 29.494907, 0.0)
(40.142105, 29.579903, 0.0)
(40.157413, 29.617031, 0.0)
(40.171703, 29.646406, 0.0)
(40.169933, 29.632021, 0.0)
(40.182537, 29.655060, 0.0)
(40.156185, 29.693666, 0.0)
(40.167015, 29.721220, 0.0)
(40.185444, 29.738493, 0.0)
(40.188515, 29.716324, 0.0)
(40.188858, 29.697737, 0.0)
(40.233646, 29.752766, 0.0)
(40.245773, 29.774246, 0.0)
(40.248123, 29.762945, 0.0)
(40.256588, 29.761730, 0.0)
(40.266426, 29.778404, 0.0)
(40.252926, 29.767281, 0.0)
(40.270729, 29.802238, 0.0)
(40.246845, 29.791550, 0.0)
(40.239780, 29.759474, 0.0)
(40.235176, 29.759415, 0.0)
(37.907402, 29.355846, 0.0)
(35.341614, 29.325041, 0.0)
(35.066536, 29.328243, 0.0)
(35.045063, 29.301130, 0.0)
(35.071320, 29.201107, 0.0)
(36.037445, 27.462786, 0.0)
(36.142754, 27.025600, 0.0)
(35.949207, 26.978563, 0.0)
(36.492485, 27.063385, 0.0)
(36.343670, 26.496315, 0.0)
(36.357918, 26.502399, 0.0)
(36.368927, 26.552742, 0.0)
(36.343369, 26.610729, 0.0)
(36.324902, 26.628723, 0.0)
(36.331726, 26.635416, 0.0)
(36.350754, 26.645130, 0.0)
(36.350723, 26.634750, 0.0)
(36.362709, 26.662512, 0.0)
(36.367260, 26.665775, 0.0)
(36.375511, 26.685232, 0.0)
(36.394844, 26.703402, 0.0)
(36.437893, 26.672628, 0.0)
(36.704998, 26.732019, 0.0)
(36.727329, 26.746910, 0.0)
(36.737720, 26.744284, 0.0)
(36.728371, 26.755585, 0.0)
(36.726345, 26.751667, 0.0)
(36.728897, 26.742365, 0.0)
(36.695576, 26.718536, 0.0)
(36.717377, 26.719427, 0.0)
(36.740486, 26.743010, 0.0)
(36.716969, 26.729156, 0.0)
(36.734776, 26.741896, 0.0)
(36.730091, 26.740477, 0.0)
(36.722847, 26.729284, 0.0)
(36.713531, 26.730265, 0.0)
(36.723816, 26.760517, 0.0)
(36.720543, 26.763010, 0.0)
(35.559742, 27.612480, 0.0)
(32.817444, 29.901461, 0.0)
(31.637138, 30.491671, 0.0)
(31.351439, 30.532753, 0.0)
(31.342421, 30.507429, 0.0)
(31.153013, 30.921488, 0.0)
(31.027140, 31.018272, 0.0)
(30.988682, 30.964443, 0.0)
(30.988682, 30.964443, 0.0)
(30.965061, 30.988270, 0.0)
(30.967157, 31.000349, 0.0)
(30.952005, 31.010483, 0.0)
(30.950289, 30.993847, 0.0)
(30.943022, 31.007681, 0.0)
(30.936602, 30.999525, 0.0)
(30.925161, 31.009523, 0.0)
(30.915871, 31.018610, 0.0)
(30.910269, 31.040194, 0.0)
(30.907431, 31.045143, 0.0)
(30.904835, 31.063509, 0.0)
(30.916212, 31.076187, 0.0)
(30.890669, 31.069828, 0.0)
(30.885113, 31.072630, 0.0)
(30.906548, 31.073944, 0.0)
(30.896364, 31.090914, 0.0)
(30.910295, 31.076494, 0.0)
(30.914526, 31.077440, 0.0)
(30.899746, 31.082172, 0.0)
(30.905609, 31.081459, 0.0)
(30.889145, 31.091282, 0.0)
(30.860806, 31.090807, 0.0)
(32.494839, 30.761868, 0.0)
(34.215359, 30.682058, 0.0)
(34.306271, 30.648758, 0.0)
(34.284012, 30.638668, 0.0)
(34.268509, 30.647198, 0.0)
(34.247852, 30.661818, 0.0)
(34.252792, 30.670427, 0.0)
(34.234016, 30.612617, 0.0)
(34.225132, 30.587681, 0.0)
(34.203152, 30.570930, 0.0)
(34.211380, 30.571659, 0.0)
(34.194157, 30.565649, 0.0)
(34.183319, 30.562010, 0.0)
(34.189449, 30.559845, 0.0)
(34.172302, 30.556911, 0.0)
(35.075985, 30.943644, 0.0)
(35.760254, 31.354012, 0.0)
(35.791786, 31.370068, 0.0)
(35.798946, 31.325624, 0.0)
(35.802738, 31.312889, 0.0)
(35.797844, 31.317812, 0.0)
(35.797565, 31.333551, 0.0)
(35.807240, 31.319191, 0.0)
(35.804848, 31.322758, 0.0)
(35.799278, 31.325766, 0.0)
(35.814060, 31.323624, 0.0)
(36.152699, 30.274359, 0.0)
(36.274372, 30.143278, 0.0)
(36.370983, 30.127394, 0.0)
(36.420456, 30.086899, 0.0)
(36.444759, 30.069271, 0.0)
(36.475025, 30.074839, 0.0)
(36.510246, 30.082090, 0.0)
(36.523014, 30.078463, 0.0)
(36.544933, 30.081944, 0.0)
(36.566891, 30.079607, 0.0)
(36.580273, 30.102896, 0.0)
(36.587631, 30.105412, 0.0)
(36.609219, 30.103580, 0.0)
(36.637814, 30.096144, 0.0)
(36.646496, 30.098536, 0.0)
(36.689178, 30.121790, 0.0)
(36.696014, 30.158171, 0.0)
(36.679138, 30.146646, 0.0)
(36.719810, 30.199154, 0.0)
(36.699665, 30.164534, 0.0)
(38.109207, 29.404890, 0.0)
(39.847145, 29.105230, 0.0)
(40.504902, 28.828575, 0.0)
(40.735386, 28.700621, 0.0)
(40.917656, 28.678236, 0.0)
(41.044281, 28.712776, 0.0)
(41.035877, 28.661200, 0.0)
(41.045425, 28.653881, 0.0)
(41.038891, 28.581516, 0.0)
(40.991627, 28.547972, 0.0)
(40.565586, 28.443680, 0.0)
(40.525925, 29.068197, 0.0)
(40.480659, 28.209467, 0.0)
(40.600723, 28.292164, 0.0)
(40.734158, 28.484688, 0.0)
(40.757790, 28.488361, 0.0)
(40.753380, 28.483768, 0.0)
(40.768604, 28.437557, 0.0)
(40.745049, 28.408258, 0.0)
(40.735958, 28.386066, 0.0)
(40.724617, 28.411612, 0.0)
(40.699665, 28.387835, 0.0)
(40.733280, 28.378021, 0.0)
(40.741879, 28.364626, 0.0)
(40.740826, 28.360479, 0.0)
(40.589890, 28.467268, 0.0)
(39.812828, 29.193651, 0.0)
(38.868790, 29.146366, 0.0)
(38.642967, 28.166212, 0.0)
(38.520996, 27.786396, 0.0)
(38.535519, 27.824482, 0.0)
(38.517715, 27.849888, 0.0)
(35.006229, 29.190739, 0.0)
(33.519516, 28.694622, 0.0)
(33.406532, 28.776888, 0.0)
(33.094059, 28.936377, 0.0)
(30.913326, 31.481520, 0.0)
(28.871651, 33.245659, 0.0)
(27.867865, 33.807297, 0.0)
(27.786493, 33.914566, 0.0)
(27.763176, 33.895386, 0.0)
(27.737112, 33.886639, 0.0)
(27.711279, 33.866352, 0.0)
(27.681791, 33.845364, 0.0)
(27.658220, 33.835079, 0.0)
(27.641531, 33.812054, 0.0)
(27.631479, 33.817276, 0.0)
(27.636490, 33.828262, 0.0)
(27.645252, 33.786373, 0.0)
(27.650322, 33.866692, 0.0)
(28.132093, 33.968029, 0.0)
(28.652861, 34.444969, 0.0)
(28.714256, 34.496704, 0.0)
(28.698441, 34.543282, 0.0)
(28.688572, 34.561684, 0.0)
(28.687166, 34.576973, 0.0)
(28.683342, 34.614475, 0.0)
(28.688398, 34.626804, 0.0)
(28.718773, 34.654182, 0.0)
(28.710224, 34.723511, 0.0)
(28.725704, 34.733536, 0.0)
(28.734060, 34.743706, 0.0)
(30.444168, 33.384575, 0.0)
(33.835133, 30.590181, 0.0)
(35.542042, 29.817820, 0.0)
(35.666145, 29.747662, 0.0)
(35.701241, 29.731024, 0.0)
(35.701473, 29.740963, 0.0)
(36.120628, 30.208393, 0.0)
(37.213436, 31.776478, 0.0)
(37.239372, 31.896633, 0.0)
(37.238079, 31.867285, 0.0)
(37.233414, 31.852245, 0.0)
(37.047497, 32.446575, 0.0)
(37.005882, 32.559551, 0.0)
(36.985851, 32.508255, 0.0)
(36.987709, 32.492607, 0.0)
(36.979839, 32.492889, 0.0)
(36.956882, 32.462780, 0.0)
(36.948765, 32.443581, 0.0)
(36.945202, 32.454952, 0.0)
(36.928188, 32.489491, 0.0)
(36.927856, 32.491749, 0.0)
(36.918480, 32.493729, 0.0)
(36.912910, 32.486927, 0.0)
(36.898300, 32.468605, 0.0)
(36.861881, 32.397964, 0.0)
(36.837654, 32.334457, 0.0)
(36.831421, 32.323963, 0.0)
(36.837170, 32.337009, 0.0)
(36.832779, 32.348499, 0.0)
(36.825478, 32.414497, 0.0)
(36.820156, 32.416775, 0.0)
(36.812546, 32.372013, 0.0)
(36.816036, 32.356850, 0.0)
(36.821083, 32.335983, 0.0)
(36.793724, 32.342754, 0.0)
(36.803570, 32.336826, 0.0)
(36.800285, 32.338097, 0.0)
(36.800285, 32.338097, 0.0)
(36.787025, 32.321247, 0.0)
(36.777836, 32.355492, 0.0)
(36.775272, 32.376472, 0.0)
(36.778568, 32.382545, 0.0)
(36.783264, 32.363956, 0.0)
(36.775616, 32.313869, 0.0)
(36.814747, 32.388111, 0.0)
(39.413631, 34.925457, 0.0)
(39.837898, 35.499664, 0.0)
(39.866886, 35.558514, 0.0)
(39.824402, 35.574936, 0.0)
(39.908871, 35.658501, 0.0)
(40.078960, 36.034454, 0.0)
(40.073990, 36.055386, 0.0)
(40.031601, 36.089230, 0.0)
(40.013699, 36.099026, 0.0)
(39.982136, 36.148567, 0.0)
(39.957108, 36.130104, 0.0)
(39.940159, 36.146721, 0.0)
(39.919598, 36.069450, 0.0)
(39.693504, 36.211124, 0.0)
(39.643936, 36.188019, 0.0)
(39.605530, 36.197536, 0.0)
(39.588932, 36.183933, 0.0)
(39.556477, 36.127838, 0.0)
(39.532707, 36.126961, 0.0)
(39.527302, 36.153629, 0.0)
(39.515709, 36.132423, 0.0)
(39.504917, 36.109821, 0.0)
(39.495605, 36.136951, 0.0)
(39.477657, 36.135029, 0.0)
(39.473587, 36.087299, 0.0)
(39.446537, 36.130264, 0.0)
(39.413235, 36.136570, 0.0)
(39.405071, 36.129723, 0.0)
(39.388054, 36.121708, 0.0)
(39.375141, 36.122562, 0.0)
(39.353058, 36.145493, 0.0)
(39.333813, 36.232498, 0.0)
(39.344582, 36.266430, 0.0)
(39.343433, 36.279728, 0.0)
(39.339252, 36.292622, 0.0)
(39.315113, 36.231953, 0.0)
(39.303780, 36.204857, 0.0)
(39.311413, 36.191158, 0.0)
(39.300934, 36.221069, 0.0)
(39.257557, 36.239437, 0.0)
(39.268467, 36.225822, 0.0)
(39.260937, 36.249065, 0.0)
(39.252228, 36.266788, 0.0)
(39.278984, 36.284702, 0.0)
(39.252941, 36.275864, 0.0)
(39.241051, 36.234829, 0.0)
(39.254856, 36.212963, 0.0)
(39.252914, 36.208263, 0.0)
(39.248238, 36.222130, 0.0)
(39.232792, 36.241959, 0.0)
(39.246716, 36.292656, 0.0)
(39.242413, 36.342270, 0.0)
(39.261868, 36.353622, 0.0)
(39.245499, 36.234837, 0.0)
(39.270355, 36.214893, 0.0)
(39.271427, 36.207058, 0.0)
(39.275261, 36.216721, 0.0)
(39.288174, 36.243107, 0.0)
(39.309753, 36.264927, 0.0)
(39.307644, 36.277264, 0.0)
(39.287403, 36.288223, 0.0)
(39.297260, 36.295586, 0.0)
(39.299477, 36.305195, 0.0)
(39.295189, 36.293831, 0.0)
(39.302429, 36.377075, 0.0)
