{
  "prompt": "black pupil.",
  "gsam2_centers": [
    {
      "valid": true,
      "cx": 153.68,
      "cy": 64.64,
      "area": 460,
      "det_score": 0.4445,
      "sam_score": 0.9632,
      "box": [
        140.8,
        52.7,
        167.8,
        76.6
      ],
      "repeats": [
        [
          153.67,
          64.61
        ],
        [
          153.68,
          64.68
        ],
        [
          153.77,
          64.57
        ],
        [
          153.75,
          64.55
        ],
        [
          154.81,
          64.62
        ]
      ],
      "idx": 1307,
      "mislabel": false,
      "mislabel_reason": "ok",
      "e_unet": 0.84
    },
    {
      "valid": true,
      "cx": 153.43,
      "cy": 64.64,
      "area": 459,
      "det_score": 0.4424,
      "sam_score": 0.9634,
      "box": [
        140.5,
        52.9,
        167.6,
        76.8
      ],
      "repeats": [
        [
          153.28,
          64.65
        ],
        [
          153.33,
          64.95
        ],
        [
          153.35,
          64.71000000000001
        ],
        [
          153.48,
          64.59
        ],
        [
          154.61,
          64.63
        ]
      ],
      "idx": 1308,
      "mislabel": false,
      "mislabel_reason": "ok",
      "e_unet": 0.8
    },
    {
      "valid": true,
      "cx": 143.28,
      "cy": 68.15,
      "area": 448,
      "det_score": 0.456,
      "sam_score": 0.9549,
      "box": [
        130.7,
        55.9,
        157.1,
        80.7
      ],
      "repeats": [
        [
          143.4,
          67.97999999999999
        ],
        [
          143.34,
          68.22999999999999
        ],
        [
          143.42000000000002,
          68.06
        ],
        [
          143.42000000000002,
          68.06
        ],
        [
          144.35,
          68.13
        ]
      ],
      "idx": 1309,
      "mislabel": false,
      "mislabel_reason": "ok",
      "e_unet": 0.84
    },
    {
      "valid": true,
      "cx": 142.39,
      "cy": 68.00999999999999,
      "area": 444,
      "det_score": 0.4237,
      "sam_score": 0.9539,
      "box": [
        129.8,
        55.9,
        156.0,
        80.6
      ],
      "repeats": [
        [
          142.48000000000002,
          67.86
        ],
        [
          142.44,
          68.06
        ],
        [
          142.54000000000002,
          67.88
        ],
        [
          142.6,
          67.84
        ],
        [
          143.55,
          67.99000000000001
        ]
      ],
      "idx": 1310,
      "mislabel": false,
      "mislabel_reason": "ok",
      "e_unet": 0.89
    },
    {
      "valid": true,
      "cx": 142.26999999999998,
      "cy": 67.75,
      "area": 453,
      "det_score": 0.4251,
      "sam_score": 0.955,
      "box": [
        129.6,
        55.5,
        155.8,
        80.3
      ],
      "repeats": [
        [
          142.31,
          67.68
        ],
        [
          142.35,
          67.75999999999999
        ],
        [
          142.38,
          67.69
        ],
        [
          142.44,
          67.49000000000001
        ],
        [
          143.3,
          67.74000000000001
        ]
      ],
      "idx": 1311,
      "mislabel": false,
      "mislabel_reason": "ok",
      "e_unet": 0.85
    },
    {
      "valid": true,
      "cx": 142.18,
      "cy": 67.77000000000001,
      "area": 452,
      "det_score": 0.4268,
      "sam_score": 0.9548,
      "box": [
        129.5,
        55.4,
        155.8,
        80.3
      ],
      "repeats": [
        [
          142.11,
          67.66
        ],
        [
          142.2,
          67.8
        ],
        [
          142.29000000000002,
          67.68
        ],
        [
          142.34,
          67.53999999999999
        ],
        [
          143.24,
          67.75
        ]
      ],
      "idx": 1312,
      "mislabel": false,
      "mislabel_reason": "ok",
      "e_unet": 0.91
    },
    {
      "valid": true,
      "cx": 142.05,
      "cy": 67.68,
      "area": 455,
      "det_score": 0.4364,
      "sam_score": 0.9549,
      "box": [
        129.3,
        55.3,
        155.9,
        80.3
      ],
      "repeats": [
        [
          142.07,
          67.63
        ],
        [
          142.12,
          67.75
        ],
        [
          142.1,
          67.67
        ],
        [
          142.29000000000002,
          67.50999999999999
        ],
        [
          143.25,
          67.67
        ]
      ],
      "idx": 1313,
      "mislabel": false,
      "mislabel_reason": "ok",
      "e_unet": 0.88
    }
  ]
}