{
  "prompt": "black pupil.",
  "gsam2_centers": [
    {
      "valid": true,
      "cx": 154.24,
      "cy": 80.56,
      "area": 489,
      "det_score": 0.427,
      "sam_score": 0.9639,
      "box": [
        141.0,
        68.5,
        168.3,
        93.2
      ],
      "repeats": [
        [
          154.23,
          80.47
        ],
        [
          154.28,
          80.61
        ],
        [
          154.23,
          80.59
        ],
        [
          154.37,
          80.42
        ],
        [
          155.5,
          80.57
        ]
      ],
      "idx": 2307,
      "mislabel": false,
      "mislabel_reason": "ok",
      "e_unet": 1.06
    },
    {
      "valid": true,
      "cx": 154.45,
      "cy": 80.36,
      "area": 496,
      "det_score": 0.4184,
      "sam_score": 0.9636,
      "box": [
        141.0,
        68.2,
        168.6,
        93.0
      ],
      "repeats": [
        [
          154.49,
          80.31
        ],
        [
          154.48,
          80.38
        ],
        [
          154.51,
          80.32
        ],
        [
          154.53,
          80.22
        ],
        [
          155.6,
          80.36
        ]
      ],
      "idx": 2308,
      "mislabel": false,
      "mislabel_reason": "ok",
      "e_unet": 0.98
    },
    {
      "valid": true,
      "cx": 154.48,
      "cy": 80.03,
      "area": 500,
      "det_score": 0.4387,
      "sam_score": 0.9636,
      "box": [
        140.9,
        67.8,
        168.9,
        92.7
      ],
      "repeats": [
        [
          154.38,
          79.87
        ],
        [
          154.48,
          80.08
        ],
        [
          154.49,
          80.02
        ],
        [
          154.51,
          79.95
        ],
        [
          155.72,
          80.07
        ]
      ],
      "idx": 2309,
      "mislabel": false,
      "mislabel_reason": "ok",
      "e_unet": 1.04
    },
    {
      "valid": true,
      "cx": 156.23,
      "cy": 72.49000000000001,
      "area": 465,
      "det_score": 0.4604,
      "sam_score": 0.9642,
      "box": [
        142.7,
        61.4,
        170.8,
        84.2
      ],
      "repeats": [
        [
          156.15,
          72.52000000000001
        ],
        [
          156.2,
          72.6
        ],
        [
          156.24,
          72.47999999999999
        ],
        [
          156.38,
          72.47999999999999
        ],
        [
          157.45,
          72.62
        ]
      ],
      "idx": 2310,
      "mislabel": false,
      "mislabel_reason": "ok",
      "e_unet": 0.72
    },
    {
      "valid": true,
      "cx": 156.21,
      "cy": 72.19,
      "area": 479,
      "det_score": 0.4467,
      "sam_score": 0.9658,
      "box": [
        142.4,
        61.0,
        171.1,
        83.9
      ],
      "repeats": [
        [
          156.17,
          72.17
        ],
        [
          156.18,
          72.21000000000001
        ],
        [
          156.25,
          72.16
        ],
        [
          156.27,
          72.12
        ],
        [
          157.39,
          72.2
        ]
      ],
      "idx": 2311,
      "mislabel": false,
      "mislabel_reason": "ok",
      "e_unet": 0.87
    },
    {
      "valid": true,
      "cx": 156.18,
      "cy": 72.39,
      "area": 479,
      "det_score": 0.4552,
      "sam_score": 0.9647,
      "box": [
        142.3,
        61.1,
        171.0,
        84.1
      ],
      "repeats": [
        [
          156.09,
          72.3
        ],
        [
          156.23,
          72.47999999999999
        ],
        [
          156.21,
          72.37
        ],
        [
          156.21,
          72.27000000000001
        ],
        [
          157.2,
          72.44
        ]
      ],
      "idx": 2312,
      "mislabel": false,
      "mislabel_reason": "ok",
      "e_unet": 0.95
    },
    {
      "valid": true,
      "cx": 155.99,
      "cy": 72.25,
      "area": 478,
      "det_score": 0.462,
      "sam_score": 0.9648,
      "box": [
        142.2,
        61.1,
        170.9,
        83.9
      ],
      "repeats": [
        [
          155.95,
          72.22
        ],
        [
          156.03,
          72.28999999999999
        ],
        [
          155.98,
          72.3
        ],
        [
          156.14,
          72.19
        ],
        [
          157.16,
          72.32
        ]
      ],
      "idx": 2313,
      "mislabel": false,
      "mislabel_reason": "ok",
      "e_unet": 0.88
    }
  ]
}