{
  "prompt": "black pupil.",
  "gsam2_centers": [
    {
      "valid": true,
      "cx": 122.25,
      "cy": 128.95,
      "area": 641,
      "det_score": 0.4359,
      "sam_score": 0.956,
      "box": [
        109.9,
        111.4,
        135.5,
        146.3
      ],
      "repeats": [
        [
          122.29,
          128.9
        ],
        [
          122.25,
          129.07
        ],
        [
          122.27,
          128.97
        ],
        [
          122.34,
          128.79000000000002
        ],
        [
          123.34,
          129.2
        ]
      ],
      "idx": 705,
      "mislabel": false,
      "mislabel_reason": "ok",
      "e_unet": 1.14
    },
    {
      "valid": true,
      "cx": 122.12,
      "cy": 128.98000000000002,
      "area": 633,
      "det_score": 0.4134,
      "sam_score": 0.9522,
      "box": [
        109.8,
        111.2,
        135.3,
        146.1
      ],
      "repeats": [
        [
          122.19,
          128.69
        ],
        [
          122.11,
          129.12
        ],
        [
          122.08,
          128.95
        ],
        [
          122.18,
          128.7
        ],
        [
          123.08000000000001,
          129.1
        ]
      ],
      "idx": 706,
      "mislabel": false,
      "mislabel_reason": "ok",
      "e_unet": 1.26
    },
    {
      "valid": true,
      "cx": 121.86,
      "cy": 128.86,
      "area": 620,
      "det_score": 0.399,
      "sam_score": 0.9598,
      "box": [
        109.7,
        111.2,
        135.0,
        145.9
      ],
      "repeats": [
        [
          121.83,
          128.75
        ],
        [
          121.89,
          128.99
        ],
        [
          121.9,
          128.88
        ],
        [
          121.98,
          128.74
        ],
        [
          122.93,
          128.9
        ]
      ],
      "idx": 707,
      "mislabel": false,
      "mislabel_reason": "ok",
      "e_unet": 1.01
    },
    {
      "valid": true,
      "cx": 121.58,
      "cy": 128.74,
      "area": 614,
      "det_score": 0.4062,
      "sam_score": 0.9578,
      "box": [
        109.6,
        110.9,
        134.6,
        145.6
      ],
      "repeats": [
        [
          121.55,
          128.65
        ],
        [
          121.64,
          128.87
        ],
        [
          121.6,
          128.76
        ],
        [
          121.74,
          128.63
        ],
        [
          122.78,
          128.82
        ]
      ],
      "idx": 708,
      "mislabel": false,
      "mislabel_reason": "ok",
      "e_unet": 0.58
    },
    {
      "valid": true,
      "cx": 121.49,
      "cy": 128.53,
      "area": 615,
      "det_score": 0.3838,
      "sam_score": 0.9573,
      "box": [
        109.6,
        110.7,
        134.2,
        145.4
      ],
      "repeats": [
        [
          121.44,
          128.37
        ],
        [
          121.49,
          128.55
        ],
        [
          121.51,
          128.49
        ],
        [
          121.58,
          128.26
        ],
        [
          122.56,
          128.45999999999998
        ]
      ],
      "idx": 709,
      "mislabel": false,
      "mislabel_reason": "ok",
      "e_unet": 0.65
    },
    {
      "valid": true,
      "cx": 121.44,
      "cy": 128.48000000000002,
      "area": 604,
      "det_score": 0.4001,
      "sam_score": 0.9559,
      "box": [
        109.5,
        111.5,
        134.2,
        145.2
      ],
      "repeats": [
        [
          121.51,
          128.34
        ],
        [
          121.47,
          128.45999999999998
        ],
        [
          121.5,
          128.36
        ],
        [
          121.51,
          128.29000000000002
        ],
        [
          122.53999999999999,
          128.37
        ]
      ],
      "idx": 710,
      "mislabel": false,
      "mislabel_reason": "ok",
      "e_unet": 0.54
    },
    {
      "valid": true,
      "cx": 121.56,
      "cy": 128.20999999999998,
      "area": 607,
      "det_score": 0.3836,
      "sam_score": 0.9559,
      "box": [
        109.7,
        111.0,
        134.5,
        145.0
      ],
      "repeats": [
        [
          121.6,
          128.14
        ],
        [
          121.65,
          128.23000000000002
        ],
        [
          121.66,
          128.18
        ],
        [
          121.72,
          128.0
        ],
        [
          122.69,
          128.24
        ]
      ],
      "idx": 711,
      "mislabel": false,
      "mislabel_reason": "ok",
      "e_unet": 0.47
    },
    {
      "valid": true,
      "cx": 121.82,
      "cy": 127.95,
      "area": 605,
      "det_score": 0.3774,
      "sam_score": 0.957,
      "box": [
        109.8,
        111.1,
        134.8,
        144.7
      ],
      "repeats": [
        [
          121.73,
          127.96
        ],
        [
          121.83,
          127.94
        ],
        [
          121.83,
          127.88
        ],
        [
          121.87,
          127.81
        ],
        [
          122.91,
          128.01999999999998
        ]
      ],
      "idx": 712,
      "mislabel": false,
      "mislabel_reason": "ok",
      "e_unet": 0.61
    },
    {
      "valid": true,
      "cx": 122.15,
      "cy": 127.72,
      "area": 609,
      "det_score": 0.3671,
      "sam_score": 0.9574,
      "box": [
        110.1,
        110.8,
        135.2,
        144.5
      ],
      "repeats": [
        [
          122.07,
          127.72
        ],
        [
          122.19,
          127.83
        ],
        [
          122.22,
          127.73
        ],
        [
          122.24,
          127.62
        ],
        [
          123.30000000000001,
          127.82
        ]
      ],
      "idx": 713,
      "mislabel": false,
      "mislabel_reason": "ok",
      "e_unet": 0.64
    },
    {
      "valid": true,
      "cx": 122.41,
      "cy": 127.55,
      "area": 606,
      "det_score": 0.3949,
      "sam_score": 0.9547,
      "box": [
        110.3,
        110.4,
        135.6,
        144.3
      ],
      "repeats": [
        [
          122.46,
          127.4
        ],
        [
          122.49,
          127.54
        ],
        [
          122.5,
          127.44
        ],
        [
          122.57,
          127.29
        ],
        [
          123.53,
          127.53
        ]
      ],
      "idx": 714,
      "mislabel": false,
      "mislabel_reason": "ok",
      "e_unet": 0.69
    },
    {
      "valid": true,
      "cx": 122.94,
      "cy": 127.16,
      "area": 608,
      "det_score": 0.4028,
      "sam_score": 0.9563,
      "box": [
        110.9,
        110.2,
        136.1,
        144.0
      ],
      "repeats": [
        [
          123.0,
          127.08
        ],
        [
          122.94,
          127.18
        ],
        [
          122.99,
          127.11
        ],
        [
          123.08,
          126.97
        ],
        [
          124.07,
          127.12
        ]
      ],
      "idx": 715,
      "mislabel": false,
      "mislabel_reason": "ok",
      "e_unet": 0.72
    }
  ]
}