{
  "prompt": "black pupil.",
  "gsam2_centers": [
    {
      "valid": true,
      "cx": 85.38,
      "cy": 152.26,
      "area": 884,
      "det_score": 0.3145,
      "sam_score": 0.9669,
      "box": [
        71.2,
        131.2,
        100.5,
        174.0
      ],
      "repeats": [
        [
          85.36,
          152.25
        ],
        [
          85.46000000000001,
          152.3
        ],
        [
          85.53999999999999,
          152.23
        ],
        [
          85.55,
          152.18
        ],
        [
          86.53,
          152.4
        ]
      ],
      "idx": 405,
      "mislabel": false,
      "mislabel_reason": "ok",
      "e_unet": 0.86
    },
    {
      "valid": true,
      "cx": 85.39,
      "cy": 152.38,
      "area": 876,
      "det_score": 0.3478,
      "sam_score": 0.9652,
      "box": [
        71.1,
        131.2,
        100.5,
        174.0
      ],
      "repeats": [
        [
          85.37,
          152.2
        ],
        [
          85.5,
          152.43
        ],
        [
          85.53,
          152.29
        ],
        [
          85.58,
          152.2
        ],
        [
          86.53999999999999,
          152.38
        ]
      ],
      "idx": 406,
      "mislabel": false,
      "mislabel_reason": "ok",
      "e_unet": 1.02
    },
    {
      "valid": true,
      "cx": 85.34,
      "cy": 152.32,
      "area": 871,
      "det_score": 0.3001,
      "sam_score": 0.9669,
      "box": [
        71.3,
        131.3,
        100.5,
        174.1
      ],
      "repeats": [
        [
          85.39,
          152.25
        ],
        [
          85.42,
          152.45
        ],
        [
          85.37,
          152.4
        ],
        [
          85.44,
          152.3
        ],
        [
          86.56,
          152.43
        ]
      ],
      "idx": 407,
      "mislabel": false,
      "mislabel_reason": "ok",
      "e_unet": 0.71
    },
    {
      "valid": true,
      "cx": 85.28999999999999,
      "cy": 152.37,
      "area": 869,
      "det_score": 0.3117,
      "sam_score": 0.9661,
      "box": [
        71.3,
        131.4,
        100.2,
        174.2
      ],
      "repeats": [
        [
          85.28,
          152.4
        ],
        [
          85.32,
          152.47
        ],
        [
          85.34,
          152.39
        ],
        [
          85.33,
          152.36
        ],
        [
          86.49000000000001,
          152.44
        ]
      ],
      "idx": 408,
      "mislabel": false,
      "mislabel_reason": "ok",
      "e_unet": 0.73
    },
    {
      "valid": true,
      "cx": 85.37,
      "cy": 152.38,
      "area": 856,
      "det_score": 0.3304,
      "sam_score": 0.9661,
      "box": [
        71.5,
        131.6,
        100.1,
        174.1
      ],
      "repeats": [
        [
          85.27000000000001,
          152.42
        ],
        [
          85.4,
          152.43
        ],
        [
          85.44,
          152.36
        ],
        [
          85.35,
          152.42
        ],
        [
          86.5,
          152.49
        ]
      ],
      "idx": 409,
      "mislabel": false,
      "mislabel_reason": "ok",
      "e_unet": 0.78
    },
    {
      "valid": true,
      "cx": 85.46000000000001,
      "cy": 152.43,
      "area": 856,
      "det_score": 0.2934,
      "sam_score": 0.9665,
      "box": [
        71.6,
        131.5,
        100.1,
        174.1
      ],
      "repeats": [
        [
          85.37,
          152.38
        ],
        [
          85.47,
          152.46
        ],
        [
          85.44,
          152.36
        ],
        [
          85.46000000000001,
          152.42
        ],
        [
          86.57,
          152.46
        ]
      ],
      "idx": 410,
      "mislabel": false,
      "mislabel_reason": "ok",
      "e_unet": 0.85
    },
    {
      "valid": true,
      "cx": 85.4,
      "cy": 152.39,
      "area": 855,
      "det_score": 0.3175,
      "sam_score": 0.9671,
      "box": [
        71.6,
        131.5,
        100.0,
        174.0
      ],
      "repeats": [
        [
          85.32,
          152.4
        ],
        [
          85.46000000000001,
          152.34
        ],
        [
          85.44,
          152.29
        ],
        [
          85.42,
          152.32
        ],
        [
          86.5,
          152.46
        ]
      ],
      "idx": 411,
      "mislabel": false,
      "mislabel_reason": "ok",
      "e_unet": 0.83
    },
    {
      "valid": true,
      "cx": 86.03,
      "cy": 158.25,
      "area": 931,
      "det_score": 0.3391,
      "sam_score": 0.9508,
      "box": [
        71.8,
        136.5,
        100.6,
        179.7
      ],
      "repeats": [
        [
          85.5,
          157.91
        ],
        [
          86.00999999999999,
          158.24
        ],
        [
          85.92,
          158.24
        ],
        [
          86.25,
          157.8
        ],
        [
          86.75,
          158.11
        ]
      ],
      "idx": 412,
      "mislabel": false,
      "mislabel_reason": "ok",
      "e_unet": 1.94
    },
    {
      "valid": true,
      "cx": 89.02,
      "cy": 168.89,
      "area": 976,
      "det_score": 0.2809,
      "sam_score": 0.9678,
      "box": [
        73.4,
        147.2,
        105.8,
        190.1
      ],
      "repeats": [
        [
          89.01,
          168.75
        ],
        [
          89.03,
          168.94
        ],
        [
          89.13,
          168.72
        ],
        [
          89.2,
          168.54
        ],
        [
          90.19,
          168.74
        ]
      ],
      "idx": 413,
      "mislabel": false,
      "mislabel_reason": "ok",
      "e_unet": 1.71
    },
    {
      "valid": true,
      "cx": 89.51,
      "cy": 168.07,
      "area": 981,
      "det_score": 0.2785,
      "sam_score": 0.9683,
      "box": [
        74.1,
        146.5,
        106.1,
        189.8
      ],
      "repeats": [
        [
          89.49,
          167.98
        ],
        [
          89.48,
          168.28
        ],
        [
          89.53,
          168.14
        ],
        [
          89.65,
          167.94
        ],
        [
          90.63,
          168.24
        ]
      ],
      "idx": 414,
      "mislabel": false,
      "mislabel_reason": "ok",
      "e_unet": 1.09
    },
    {
      "valid": true,
      "cx": 89.63,
      "cy": 167.92,
      "area": 966,
      "det_score": 0.2629,
      "sam_score": 0.9682,
      "box": [
        74.5,
        146.5,
        106.0,
        189.4
      ],
      "repeats": [
        [
          89.72,
          167.86
        ],
        [
          89.7,
          167.99
        ],
        [
          89.69,
          167.89
        ],
        [
          89.78,
          167.83
        ],
        [
          90.80000000000001,
          167.93
        ]
      ],
      "idx": 415,
      "mislabel": false,
      "mislabel_reason": "ok",
      "e_unet": 1.02
    }
  ]
}