(39.534363, 33.281197, 0.0)
(40.090389, 32.372196, 0.0)
(40.323524, 32.448162, 0.0)
(40.381027, 32.427082, 0.0)
(40.425564, 32.377590, 0.0)
(40.427277, 32.379677, 0.0)
(41.001328, 32.166649, 0.0)
(40.993092, 32.190121, 0.0)
(40.986153, 32.189182, 0.0)
(40.985092, 32.170506, 0.0)
(41.012989, 32.160912, 0.0)
(41.022720, 32.144154, 0.0)
(41.017658, 32.162201, 0.0)
(41.014225, 32.132755, 0.0)
(41.041550, 32.111130, 0.0)
(41.064430, 32.074673, 0.0)
(41.082718, 32.079865, 0.0)
(41.062084, 32.127266, 0.0)
(41.101475, 32.123077, 0.0)
(41.219585, 32.190739, 0.0)
(41.250984, 32.229584, 0.0)
(41.253124, 32.218983, 0.0)
(41.242775, 32.224293, 0.0)
(41.238804, 32.225876, 0.0)
(41.240761, 32.231792, 0.0)
(41.249748, 32.237038, 0.0)
(41.273510, 32.257877, 0.0)
(41.271351, 32.293388, 0.0)
(41.258881, 32.303398, 0.0)
(41.262173, 32.306938, 0.0)
(41.258129, 32.318089, 0.0)
(41.252468, 32.304905, 0.0)
(41.244678, 32.315800, 0.0)
(41.243584, 32.315224, 0.0)
(41.272728, 32.295311, 0.0)
(41.255074, 32.275795, 0.0)
(41.228542, 32.285381, 0.0)
(41.223732, 32.337440, 0.0)
(41.234264, 32.357784, 0.0)
(41.230534, 32.359005, 0.0)
(41.237503, 32.361004, 0.0)
(41.246483, 32.357853, 0.0)
(41.251377, 32.348919, 0.0)
(41.246006, 32.341427, 0.0)
(41.246006, 32.341427, 0.0)
(41.237183, 32.357124, 0.0)
(41.233223, 32.343811, 0.0)
(41.209732, 32.343891, 0.0)
(41.196648, 32.382042, 0.0)
(41.194981, 32.389717, 0.0)
(41.195671, 32.380798, 0.0)
(41.220905, 32.389534, 0.0)
(41.271648, 32.376598, 0.0)
(41.256271, 32.358185, 0.0)
(41.205654, 32.390602, 0.0)
(41.194096, 32.399845, 0.0)
(41.220367, 32.427513, 0.0)
(41.202774, 32.417538, 0.0)
(41.211056, 32.411480, 0.0)
(41.237873, 32.378002, 0.0)
(41.236057, 32.387074, 0.0)
(41.125469, 32.358822, 0.0)
(41.110928, 32.384827, 0.0)
(41.109653, 32.394341, 0.0)
(41.106091, 32.386635, 0.0)
(41.107941, 32.381790, 0.0)
(41.101528, 32.369862, 0.0)
(41.118382, 32.358246, 0.0)
(41.123222, 32.345520, 0.0)
(41.135952, 32.351601, 0.0)
(41.161610, 32.339897, 0.0)
(41.145290, 32.312195, 0.0)
(41.146908, 32.320633, 0.0)
(41.117088, 32.372959, 0.0)
(41.121914, 32.387104, 0.0)
(41.121914, 32.387104, 0.0)
(41.122509, 32.372299, 0.0)
(41.124065, 32.349445, 0.0)
(41.129147, 32.341034, 0.0)
(41.115868, 32.312450, 0.0)
(41.108730, 32.314026, 0.0)
(41.102997, 32.323055, 0.0)
(41.109825, 32.330330, 0.0)
(41.098442, 32.353138, 0.0)
(41.090141, 32.340923, 0.0)
(41.085800, 32.342934, 0.0)
(41.081268, 32.352974, 0.0)
(41.087429, 32.367844, 0.0)
(41.074627, 32.369843, 0.0)
(41.079288, 32.364468, 0.0)
(41.099304, 32.356060, 0.0)
(41.080753, 32.404572, 0.0)
(41.069740, 32.403984, 0.0)
(41.064270, 32.398056, 0.0)
(41.072777, 32.393539, 0.0)
(41.080753, 32.404572, 0.0)
(41.067940, 32.385853, 0.0)
(41.069077, 32.396038, 0.0)
(41.075916, 32.396885, 0.0)
(41.067898, 32.389919, 0.0)
(41.055511, 32.419506, 0.0)
(41.049728, 32.363232, 0.0)
(41.054859, 32.374165, 0.0)
(41.054279, 32.391254, 0.0)
(41.039925, 32.412163, 0.0)
(41.062309, 32.433456, 0.0)
(41.076416, 32.408646, 0.0)
(41.102615, 32.419762, 0.0)
(41.170033, 32.399826, 0.0)
(41.144653, 32.379963, 0.0)
(41.135506, 32.435375, 0.0)
(41.102440, 32.462330, 0.0)
(41.109158, 32.465141, 0.0)
(41.106491, 32.477283, 0.0)
(41.123684, 32.460964, 0.0)
(41.144356, 32.453880, 0.0)
(41.121212, 32.454498, 0.0)
(41.124176, 32.434296, 0.0)
(41.126305, 32.425007, 0.0)
(41.127422, 32.415005, 0.0)
(41.123455, 32.454315, 0.0)
(41.112083, 32.463562, 0.0)
(41.116829, 32.459503, 0.0)
(41.128353, 32.465866, 0.0)
(41.126911, 32.442970, 0.0)
(41.132168, 32.450970, 0.0)
(41.143639, 32.445229, 0.0)
(41.115677, 32.435169, 0.0)
(41.099880, 32.462288, 0.0)
(41.092876, 32.486309, 0.0)
(41.095913, 32.488770, 0.0)
(41.108097, 32.474453, 0.0)
(41.098671, 32.379219, 0.0)
(41.102600, 32.373940, 0.0)
(41.090649, 32.369907, 0.0)
(41.092384, 32.374897, 0.0)
(41.087364, 32.368149, 0.0)
(41.079826, 32.353424, 0.0)
(41.100254, 32.365479, 0.0)
(41.100498, 32.378223, 0.0)
(41.085155, 32.371532, 0.0)
(41.085155, 32.371532, 0.0)
(41.077435, 32.380344, 0.0)
(41.077843, 32.270554, 0.0)
(41.045025, 32.181019, 0.0)
(40.901428, 31.934124, 0.0)
(40.833382, 32.804939, 0.0)
(40.822037, 32.886784, 0.0)
(40.877529, 31.957680, 0.0)
(40.880623, 31.826544, 0.0)
(40.931519, 31.953335, 0.0)
(40.958954, 32.024239, 0.0)
(40.998299, 32.067036, 0.0)
(41.000298, 32.111568, 0.0)
(41.023727, 32.134907, 0.0)
(41.021980, 32.140854, 0.0)
(41.033062, 32.160015, 0.0)
(41.050575, 32.180965, 0.0)
(41.027122, 32.180458, 0.0)
(41.025192, 32.189327, 0.0)
(41.011768, 32.176373, 0.0)
(41.005833, 32.177933, 0.0)
(41.018074, 32.190895, 0.0)
(41.017395, 32.191422, 0.0)
(41.029778, 32.190983, 0.0)
(41.025013, 32.196526, 0.0)
(41.011379, 32.243580, 0.0)
(41.025379, 32.249027, 0.0)
(41.008308, 32.270771, 0.0)
(41.017448, 32.251053, 0.0)
(41.038517, 32.236954, 0.0)
(41.052090, 32.246731, 0.0)
(41.059258, 32.247883, 0.0)
(41.052090, 32.246731, 0.0)
(41.068924, 32.213749, 0.0)
(41.073776, 32.211960, 0.0)
(41.057285, 32.225197, 0.0)
(41.074417, 32.224808, 0.0)
(41.092499, 32.264164, 0.0)
(41.082668, 32.286415, 0.0)
(41.090641, 32.295063, 0.0)
(41.083466, 32.283840, 0.0)
(41.089722, 32.285484, 0.0)
(41.110825, 32.266048, 0.0)
(41.103874, 32.258568, 0.0)
(41.080044, 32.276924, 0.0)
(41.081303, 32.299271, 0.0)
(41.084785, 32.295074, 0.0)
(41.091949, 32.288040, 0.0)
(41.088482, 32.257542, 0.0)
(41.092747, 32.248497, 0.0)
(41.111794, 32.263962, 0.0)
(41.114998, 32.233833, 0.0)
(41.119431, 32.253006, 0.0)
(41.118443, 32.246418, 0.0)
(41.121620, 32.257187, 0.0)
(41.108986, 32.258553, 0.0)
(41.114319, 32.265331, 0.0)
(41.118641, 32.254322, 0.0)
(41.117535, 32.252991, 0.0)
(41.117558, 32.243271, 0.0)
(41.123466, 32.242485, 0.0)
(41.115562, 32.210392, 0.0)
(41.089252, 32.235985, 0.0)
(41.086094, 32.246674, 0.0)
(41.289463, 32.210468, 0.0)
(44.104076, 31.423595, 0.0)
(46.252216, 31.047909, 0.0)
(46.960400, 30.706232, 0.0)
(47.000877, 30.726082, 0.0)
(46.993740, 30.757353, 0.0)
(46.990379, 30.775806, 0.0)
(46.975498, 30.761356, 0.0)
(46.983299, 30.768377, 0.0)
(46.962326, 30.748281, 0.0)
(47.148796, 31.169790, 0.0)
(48.274418, 34.343853, 0.0)
(48.255505, 35.918270, 0.0)
(48.193695, 35.982372, 0.0)
(48.186897, 35.951283, 0.0)
(48.142273, 33.206383, 0.0)
(47.883389, 30.725826, 0.0)
(47.836105, 30.620966, 0.0)
(47.821712, 30.781281, 0.0)
(47.796188, 30.802279, 0.0)
(47.798733, 30.823305, 0.0)
(47.783638, 30.763624, 0.0)
(47.603104, 30.111172, 0.0)
(47.574104, 30.062155, 0.0)
(47.562878, 30.054037, 0.0)
(47.566315, 30.060381, 0.0)
(47.546776, 30.039953, 0.0)
(47.524227, 30.046690, 0.0)
(47.513824, 30.061766, 0.0)
(47.491444, 30.059336, 0.0)
(47.488487, 30.091854, 0.0)
(47.476814, 30.070896, 0.0)
(47.567856, 30.147955, 0.0)
(47.572166, 30.171955, 0.0)
(47.545204, 30.172964, 0.0)
(47.545094, 30.176224, 0.0)
(47.546360, 30.126657, 0.0)
(47.553753, 30.123877, 0.0)
(47.510345, 30.111286, 0.0)
(47.496517, 30.129116, 0.0)
(47.506527, 30.124870, 0.0)
(47.501606, 30.115099, 0.0)
(47.505386, 30.122721, 0.0)
(47.368362, 30.023043, 0.0)
(47.346409, 30.000000, 0.0)
(47.334888, 29.989103, 0.0)
(47.346478, 29.993818, 0.0)
(47.329685, 29.957794, 0.0)
(47.341602, 29.987936, 0.0)
(47.342846, 30.008589, 0.0)
(47.350983, 30.021612, 0.0)
(47.350990, 30.021116, 0.0)
(47.346138, 30.015720, 0.0)
(47.341721, 30.008781, 0.0)
(47.341671, 29.974213, 0.0)
(47.336689, 29.940248, 0.0)
(47.030296, 29.973316, 0.0)
(43.527935, 30.690054, 0.0)
(39.519169, 32.905441, 0.0)
(36.592411, 36.029995, 0.0)
(35.124088, 37.677368, 0.0)
(34.858265, 37.904171, 0.0)
(34.762047, 37.850384, 0.0)
(34.676144, 37.762955, 0.0)
(33.740013, 38.026356, 0.0)
(33.127132, 38.145210, 0.0)
(33.046665, 38.115124, 0.0)
(33.043667, 38.113235, 0.0)
(33.036972, 38.079243, 0.0)
(33.034935, 38.047855, 0.0)
(33.028488, 38.039604, 0.0)
(33.023003, 37.981476, 0.0)
(33.043434, 37.951405, 0.0)
(33.036255, 37.927460, 0.0)
(33.016655, 37.905254, 0.0)
(32.976009, 37.910427, 0.0)
(32.990353, 37.918510, 0.0)
(32.985760, 37.937111, 0.0)
(32.972504, 37.928032, 0.0)
(32.973930, 37.902374, 0.0)
(32.978519, 37.900082, 0.0)
(32.985783, 37.894276, 0.0)
(32.986874, 37.885471, 0.0)
(33.147373, 37.960197, 0.0)
(33.160023, 37.954002, 0.0)
(33.149166, 37.953358, 0.0)
(33.150146, 37.947796, 0.0)
(33.146614, 37.951698, 0.0)
(33.143551, 37.950096, 0.0)
(33.153976, 37.963661, 0.0)
(33.150532, 37.950356, 0.0)
(33.148045, 37.947594, 0.0)
(33.138283, 37.918995, 0.0)
(33.120468, 37.912506, 0.0)
(33.106384, 37.924866, 0.0)
(33.111343, 37.950062, 0.0)
(33.102238, 37.933376, 0.0)
(33.092358, 37.924549, 0.0)
(33.106525, 37.916485, 0.0)
(33.104294, 37.923298, 0.0)
(33.109383, 37.913601, 0.0)
(33.097908, 37.688858, 0.0)
(32.958885, 33.846001, 0.0)
(33.380348, 31.265984, 0.0)
(33.823288, 30.980883, 0.0)
(34.730156, 31.008783, 0.0)
(40.415077, 31.628119, 0.0)
(44.908997, 33.796326, 0.0)
(47.076134, 35.101913, 0.0)
(47.443737, 35.353199, 0.0)
(47.449303, 35.322273, 0.0)
(45.292061, 33.582970, 0.0)
(39.492359, 30.566959, 0.0)
(35.084896, 30.134199, 0.0)
(32.945000, 30.887840, 0.0)
(32.418716, 31.137033, 0.0)
(32.337589, 31.194111, 0.0)
(32.289154, 31.205086, 0.0)
(32.279484, 31.152367, 0.0)
(32.514027, 30.545965, 0.0)
(32.501785, 30.526525, 0.0)
(32.474419, 30.520891, 0.0)
(32.478477, 30.539370, 0.0)
(32.470177, 30.542383, 0.0)
(32.466034, 30.556683, 0.0)
(32.455009, 30.553791, 0.0)
(32.455914, 30.539112, 0.0)
(32.427425, 30.536325, 0.0)
(32.515591, 30.490423, 0.0)
(37.567631, 31.129812, 0.0)
(41.610497, 33.290100, 0.0)
(41.583153, 33.357765, 0.0)
(41.548611, 33.305794, 0.0)
(41.514118, 33.281166, 0.0)
(41.397182, 32.697849, 0.0)
(41.367012, 32.560493, 0.0)
(41.341526, 32.516472, 0.0)
(41.334480, 32.489342, 0.0)
(41.272423, 32.463997, 0.0)
(41.260727, 32.455330, 0.0)
(41.256889, 32.440788, 0.0)
(41.242290, 32.417629, 0.0)
(41.248009, 32.405300, 0.0)
(41.251003, 32.386608, 0.0)
(41.237045, 32.385094, 0.0)
(41.251526, 32.384502, 0.0)
(41.262554, 32.376217, 0.0)
(41.259155, 32.330791, 0.0)
(41.258331, 32.333363, 0.0)
(41.244381, 32.366974, 0.0)
(41.245209, 32.382069, 0.0)
(41.237312, 32.396431, 0.0)
(41.214375, 32.377258, 0.0)
(41.217060, 32.359253, 0.0)
(41.264069, 32.348743, 0.0)
(41.236015, 32.329273, 0.0)
(41.211941, 32.331581, 0.0)
(41.208885, 32.347988, 0.0)
(41.219566, 32.359127, 0.0)
(41.208572, 32.385284, 0.0)
(41.212063, 32.369381, 0.0)
(41.196320, 32.390896, 0.0)
(41.190403, 32.365211, 0.0)
(41.185036, 32.366402, 0.0)
(41.178585, 32.387737, 0.0)
(41.178131, 32.349419, 0.0)
(39.178982, 32.725594, 0.0)
(35.174164, 33.617542, 0.0)
(33.186169, 34.477497, 0.0)
(32.950565, 34.672268, 0.0)
(32.926003, 34.639503, 0.0)
(32.914875, 34.582916, 0.0)
(32.833416, 34.600563, 0.0)
(32.523647, 34.762005, 0.0)
(32.525631, 34.794724, 0.0)
(32.529530, 34.782944, 0.0)
(32.544724, 34.790092, 0.0)
(32.535179, 34.784023, 0.0)
(32.544079, 34.777672, 0.0)
(32.559124, 34.776321, 0.0)
(32.562794, 34.775173, 0.0)
(32.575092, 34.788940, 0.0)
(32.574841, 34.757671, 0.0)
(32.593922, 34.764961, 0.0)
(32.592896, 34.730667, 0.0)
(32.555641, 34.738945, 0.0)
(32.527061, 34.743492, 0.0)
(32.537903, 34.760822, 0.0)
(32.546017, 34.747265, 0.0)
(32.530605, 34.716934, 0.0)
(32.552155, 34.689041, 0.0)
(32.548233, 34.664471, 0.0)
(32.558144, 34.637714, 0.0)
(32.551010, 34.630730, 0.0)
(32.535984, 34.632114, 0.0)
(32.530220, 34.638622, 0.0)
(32.533073, 34.656219, 0.0)
(32.530972, 34.673729, 0.0)
(32.531513, 34.653122, 0.0)
(32.522945, 34.639626, 0.0)
(32.514244, 34.629131, 0.0)
(32.541763, 34.588058, 0.0)
(32.529846, 34.579441, 0.0)
(33.358368, 36.052261, 0.0)
(34.304276, 37.847015, 0.0)
(34.296494, 37.962509, 0.0)
(34.245934, 37.893810, 0.0)
(34.217846, 37.904484, 0.0)
(34.206314, 37.868744, 0.0)
(34.193546, 37.842518, 0.0)
(34.172432, 37.818233, 0.0)
(34.187523, 37.802761, 0.0)
(34.431416, 37.778198, 0.0)
(34.505341, 37.820068, 0.0)
(34.526920, 37.812080, 0.0)
(34.515133, 37.787346, 0.0)
(34.532681, 37.767403, 0.0)
(34.522564, 37.734085, 0.0)
(34.517593, 37.738533, 0.0)
(34.517708, 37.739021, 0.0)
(34.503582, 37.739330, 0.0)
(34.499695, 37.737720, 0.0)
(34.490604, 37.768387, 0.0)
(34.480633, 37.768879, 0.0)
(34.469624, 37.773136, 0.0)
(34.484531, 37.801624, 0.0)
(34.473164, 37.797016, 0.0)
(34.468216, 37.730194, 0.0)
(34.477646, 37.723011, 0.0)
(34.493122, 37.696815, 0.0)
(34.487034, 37.702564, 0.0)
(34.482464, 37.719471, 0.0)
(34.478252, 37.724472, 0.0)
(34.472645, 37.736443, 0.0)
(34.479923, 37.705692, 0.0)
(34.481129, 37.721882, 0.0)
(34.486855, 37.689098, 0.0)
(34.482464, 37.664265, 0.0)
(34.486652, 37.663177, 0.0)
(34.478947, 37.579212, 0.0)
(34.813156, 33.809433, 0.0)
(35.073296, 32.334663, 0.0)
(35.046188, 32.463329, 0.0)
(34.997776, 32.491714, 0.0)
(35.004993, 32.465954, 0.0)
(35.120552, 32.371223, 0.0)
(35.346100, 32.134926, 0.0)
(35.353188, 32.083477, 0.0)
(35.353207, 32.108646, 0.0)
(35.367676, 32.084606, 0.0)
(35.371689, 32.098747, 0.0)
(35.387676, 32.093445, 0.0)
(35.396992, 32.101894, 0.0)
(35.409386, 32.094929, 0.0)
(35.417229, 32.118999, 0.0)
(35.424206, 32.107040, 0.0)
(35.422665, 32.067032, 0.0)
(35.410423, 32.073292, 0.0)
(35.407970, 31.959461, 0.0)
(35.416363, 31.948006, 0.0)
(35.416363, 31.948006, 0.0)
(35.409996, 31.950769, 0.0)
(35.410965, 31.945419, 0.0)
(35.416767, 31.923168, 0.0)
(35.421280, 31.910025, 0.0)
(35.413132, 31.900068, 0.0)
(35.413132, 31.900068, 0.0)
(35.412552, 31.910824, 0.0)
(35.406967, 31.918318, 0.0)
(35.402473, 31.930090, 0.0)
(35.400982, 31.935339, 0.0)
(35.402473, 31.930090, 0.0)
(35.406227, 31.927624, 0.0)
(35.409771, 31.920866, 0.0)
(35.360798, 31.929111, 0.0)
(35.345070, 31.949011, 0.0)
(35.349800, 31.970531, 0.0)
(35.944515, 31.657835, 0.0)
(40.601418, 29.663277, 0.0)
(43.846855, 29.276173, 0.0)
(44.610317, 29.449537, 0.0)
(44.641720, 29.474581, 0.0)
(44.625088, 29.457706, 0.0)
(44.651756, 29.448750, 0.0)
(44.644047, 29.401659, 0.0)
(44.643276, 29.412523, 0.0)
(44.655323, 29.410641, 0.0)
(44.682297, 29.393030, 0.0)
(44.615978, 29.298094, 0.0)
(44.503418, 29.211824, 0.0)
(44.494499, 29.155203, 0.0)
(44.493992, 29.136053, 0.0)
(44.503014, 29.151800, 0.0)
(44.491402, 29.196236, 0.0)
(44.461899, 29.224245, 0.0)
(44.464088, 29.229631, 0.0)
(44.458855, 29.222263, 0.0)
(44.455723, 29.216413, 0.0)
(44.246643, 29.069832, 0.0)
(44.021240, 28.607380, 0.0)
(44.046417, 28.846502, 0.0)
(43.957752, 28.428617, 0.0)
(44.010906, 28.695036, 0.0)
(44.089981, 28.993309, 0.0)
(44.141411, 29.118395, 0.0)
(44.177536, 29.180817, 0.0)
(44.201569, 29.192457, 0.0)
(44.202301, 29.227238, 0.0)
(44.198780, 29.229059, 0.0)
(44.230934, 29.224669, 0.0)
(44.229759, 29.212265, 0.0)
(44.198780, 29.229059, 0.0)
(44.184971, 29.270514, 0.0)
(44.180977, 29.288872, 0.0)
(44.162178, 29.301474, 0.0)
(40.465149, 28.733080, 0.0)
(36.391827, 28.989557, 0.0)
(35.410782, 29.377577, 0.0)
(35.340538, 29.396496, 0.0)
(35.335438, 29.389421, 0.0)
(35.333969, 29.370773, 0.0)
(35.328560, 29.332788, 0.0)
(35.259838, 29.093540, 0.0)
(35.244183, 29.014406, 0.0)
(35.231754, 29.007904, 0.0)
(35.230042, 28.953615, 0.0)
(35.234043, 28.949633, 0.0)
(35.254108, 28.926067, 0.0)
(35.265949, 28.880339, 0.0)
(35.240612, 28.911846, 0.0)
(35.216423, 28.949533, 0.0)
(35.210011, 28.986986, 0.0)
(35.218765, 28.988287, 0.0)
(35.227940, 29.016891, 0.0)
(35.245083, 29.040665, 0.0)
(35.213142, 29.070318, 0.0)
(35.202522, 29.078085, 0.0)
(35.188900, 29.074905, 0.0)
(35.175339, 29.102755, 0.0)
(35.147888, 29.127081, 0.0)
(35.166794, 29.146618, 0.0)
(35.142887, 29.190104, 0.0)
(35.145039, 29.209785, 0.0)
(35.114285, 29.203266, 0.0)
(35.125263, 29.230770, 0.0)
(35.129524, 29.208948, 0.0)
(35.131611, 29.193521, 0.0)
(35.117428, 29.210257, 0.0)
(35.126560, 29.214928, 0.0)
(35.138065, 29.208139, 0.0)
(35.127071, 29.194786, 0.0)
(35.122540, 29.203341, 0.0)
(35.127071, 29.194786, 0.0)
(38.237232, 30.037661, 0.0)
(42.922543, 31.768888, 0.0)
(45.972897, 34.482002, 0.0)
(47.024876, 35.998539, 0.0)
(47.044159, 36.034782, 0.0)
(47.009937, 36.004379, 0.0)
(47.004078, 36.021053, 0.0)
(46.994076, 36.053265, 0.0)
(47.020809, 36.070816, 0.0)
(47.628029, 36.426910, 0.0)
(47.802898, 36.496544, 0.0)
(47.799873, 36.401543, 0.0)
(47.774998, 36.320145, 0.0)
(47.770512, 36.267639, 0.0)
(47.746819, 36.282749, 0.0)
(47.749187, 36.280388, 0.0)
(47.734917, 36.276573, 0.0)
(47.735840, 36.288033, 0.0)
(47.814587, 36.272049, 0.0)
(47.768002, 36.216194, 0.0)
(47.749290, 36.212341, 0.0)
(47.709450, 36.219105, 0.0)
(47.719570, 36.245792, 0.0)
(47.736629, 36.265961, 0.0)
(47.746819, 36.285393, 0.0)
(47.616699, 36.248947, 0.0)
(47.603596, 36.196354, 0.0)
(47.623859, 36.106831, 0.0)
(47.581348, 35.889297, 0.0)
(47.384716, 35.298805, 0.0)
(47.342819, 35.688644, 0.0)
(47.393917, 35.299541, 0.0)
(47.450367, 35.510666, 0.0)
(47.496284, 35.598167, 0.0)
(47.562252, 35.613331, 0.0)
(47.597095, 35.607540, 0.0)
(47.578209, 35.601677, 0.0)
(47.554413, 35.597805, 0.0)
(47.496342, 35.543114, 0.0)
(46.340023, 33.887848, 0.0)
(46.395103, 33.981987, 0.0)
(46.431595, 34.064823, 0.0)
(46.451439, 34.075016, 0.0)
(46.462666, 34.082039, 0.0)
(46.495380, 34.095375, 0.0)
(46.496464, 34.077183, 0.0)
(46.492302, 34.073723, 0.0)
(46.522575, 33.859177, 0.0)
(46.551155, 33.842411, 0.0)
(46.581696, 33.879025, 0.0)
(46.582474, 33.862564, 0.0)
(46.577099, 33.882401, 0.0)
(46.578281, 33.877178, 0.0)
(46.594776, 33.865089, 0.0)
(46.606731, 33.846363, 0.0)
(46.608276, 33.838764, 0.0)
(46.622471, 33.834690, 0.0)
(46.655758, 33.836315, 0.0)
(46.714352, 33.770481, 0.0)
(46.716782, 33.766056, 0.0)
(46.542221, 33.602150, 0.0)
(46.531265, 33.549473, 0.0)
(46.506374, 33.552399, 0.0)
(46.481960, 33.566898, 0.0)
(46.504154, 33.606567, 0.0)
(46.489613, 33.632805, 0.0)
(46.497108, 33.648232, 0.0)
(46.496414, 33.683971, 0.0)
(46.510529, 33.666584, 0.0)
(46.548023, 33.627281, 0.0)
(46.537891, 33.643017, 0.0)
(46.515224, 33.636452, 0.0)
(46.486599, 33.663273, 0.0)
(46.452099, 33.711502, 0.0)
(46.427174, 33.715836, 0.0)
(46.277615, 33.721569, 0.0)
(42.136806, 31.603815, 0.0)
(39.055706, 30.727455, 0.0)
(39.029392, 30.779011, 0.0)
(39.041134, 30.818064, 0.0)
(38.967419, 30.837933, 0.0)
(38.967857, 30.866158, 0.0)
(38.955769, 30.859806, 0.0)
(38.974724, 30.840601, 0.0)
(39.126389, 30.715206, 0.0)
(39.250233, 30.576839, 0.0)
(39.271492, 30.565544, 0.0)
(39.258301, 30.538361, 0.0)
(39.206268, 30.538462, 0.0)
(39.209255, 30.521439, 0.0)
(39.197559, 30.537821, 0.0)
(39.203339, 30.524727, 0.0)
(39.203339, 30.524727, 0.0)
(39.212009, 30.525145, 0.0)
(39.208588, 30.518940, 0.0)
(39.174900, 30.474916, 0.0)
(38.926243, 30.005304, 0.0)
(38.767662, 29.535740, 0.0)
(38.860531, 29.792110, 0.0)
(38.968586, 30.160343, 0.0)
(38.998589, 30.331831, 0.0)
(39.008659, 30.450006, 0.0)
(38.981640, 30.473557, 0.0)
(38.990837, 30.473490, 0.0)
(38.986935, 30.464384, 0.0)
(39.004204, 30.484964, 0.0)
(38.987621, 30.500479, 0.0)
(39.024227, 30.526188, 0.0)
(39.019821, 30.547243, 0.0)
(39.041763, 30.540537, 0.0)
(39.050903, 30.531929, 0.0)
(39.037426, 30.507263, 0.0)
(38.942566, 30.554443, 0.0)
(36.490562, 32.792503, 0.0)
(35.540985, 33.765858, 0.0)
(35.466412, 33.792480, 0.0)
(35.457752, 33.740147, 0.0)
(35.429642, 33.711651, 0.0)
(35.424324, 33.704250, 0.0)
(35.413269, 33.623493, 0.0)
(35.635384, 33.930847, 0.0)
(35.634682, 33.944614, 0.0)
(35.623524, 33.939919, 0.0)
(35.617153, 33.942390, 0.0)
(35.623848, 33.925625, 0.0)
(35.617447, 33.906292, 0.0)
(35.606552, 33.864811, 0.0)
(35.615250, 33.858921, 0.0)
(35.610001, 33.850914, 0.0)
(35.544815, 33.840599, 0.0)
(35.533176, 33.842617, 0.0)
(35.532539, 33.854290, 0.0)
(35.541279, 33.882030, 0.0)
(35.490391, 33.861816, 0.0)
(35.413033, 33.815384, 0.0)
(35.430252, 33.812016, 0.0)
(35.430447, 33.787262, 0.0)
(35.423290, 33.747059, 0.0)
(35.426876, 33.748150, 0.0)
(35.431770, 33.773861, 0.0)
(35.428486, 33.758850, 0.0)
(35.435520, 33.783199, 0.0)
(35.420643, 33.750507, 0.0)
(35.427219, 33.733566, 0.0)
(35.437336, 33.746307, 0.0)
(35.446644, 33.745895, 0.0)
(35.429596, 33.751995, 0.0)
(35.427132, 33.770176, 0.0)
(35.374153, 33.822941, 0.0)
(35.372723, 33.844490, 0.0)
(35.358856, 33.854271, 0.0)
(38.790882, 32.409328, 0.0)
(42.724442, 31.579988, 0.0)
(43.051956, 31.668409, 0.0)
(43.046047, 31.677788, 0.0)
(43.025486, 31.655945, 0.0)
(43.014286, 31.632387, 0.0)
(42.991383, 31.658037, 0.0)
(42.991463, 31.636866, 0.0)
(43.263054, 31.570232, 0.0)
(43.303890, 31.545025, 0.0)
(43.299171, 31.540541, 0.0)
(43.301861, 31.534996, 0.0)
(43.305092, 31.531296, 0.0)
(43.306911, 31.511053, 0.0)
(43.296741, 31.523573, 0.0)
(43.297344, 31.541069, 0.0)
(43.297344, 31.541069, 0.0)
(43.296940, 31.551205, 0.0)
(43.299686, 31.562622, 0.0)
(43.289688, 31.550627, 0.0)
(43.291306, 31.521214, 0.0)
(43.268200, 31.493683, 0.0)
(43.266777, 31.471048, 0.0)
(43.259590, 31.473837, 0.0)
(43.241669, 31.517176, 0.0)
(43.243282, 31.539200, 0.0)
(43.270088, 31.549690, 0.0)
(43.262718, 31.552944, 0.0)
(43.244125, 31.528042, 0.0)
(43.244999, 31.521105, 0.0)
(43.273205, 31.467255, 0.0)
(43.256981, 31.481781, 0.0)
(43.241669, 31.517176, 0.0)
(43.244125, 31.537434, 0.0)
(43.251579, 31.534220, 0.0)
(43.243931, 31.541153, 0.0)
(43.230675, 31.519541, 0.0)
(42.335018, 30.792551, 0.0)
(39.387436, 28.426256, 0.0)
(38.994896, 28.208723, 0.0)
(38.947399, 28.293287, 0.0)
(38.921028, 28.349915, 0.0)
(38.899040, 28.357430, 0.0)
(38.916115, 28.328705, 0.0)
(38.946178, 28.319582, 0.0)
(38.936077, 28.289724, 0.0)
(38.924259, 28.293158, 0.0)
(38.943722, 28.274017, 0.0)
(38.909809, 28.255667, 0.0)
(38.887665, 28.273346, 0.0)
(38.900398, 28.251331, 0.0)
(38.758450, 28.085438, 0.0)
(38.720615, 28.050156, 0.0)
(38.738983, 28.060137, 0.0)
(38.723042, 28.042177, 0.0)
(38.706650, 28.012579, 0.0)
(38.503433, 27.638836, 0.0)
(38.288681, 27.336126, 0.0)
(38.015137, 27.558474, 0.0)
(38.238514, 27.960081, 0.0)
(38.268883, 28.161173, 0.0)
(38.328918, 28.192436, 0.0)
(38.338665, 28.207781, 0.0)
(38.330090, 28.249104, 0.0)
(38.332150, 28.282654, 0.0)
(38.323647, 28.286572, 0.0)
(38.340366, 28.311468, 0.0)
(38.353672, 28.351088, 0.0)
(38.368931, 28.359749, 0.0)
(38.368931, 28.359749, 0.0)
(38.364117, 28.373209, 0.0)
(38.338379, 28.366001, 0.0)
(37.525120, 29.046505, 0.0)
(34.425785, 31.944315, 0.0)
(33.016636, 33.801056, 0.0)
(32.822697, 34.135006, 0.0)
(32.799892, 34.133018, 0.0)
(32.764156, 34.114414, 0.0)
(32.753605, 34.089474, 0.0)
(32.768604, 34.081619, 0.0)
(32.591137, 33.809574, 0.0)
(32.545303, 33.822533, 0.0)
(32.548973, 33.819023, 0.0)
(32.530067, 33.835499, 0.0)
(32.529564, 33.850601, 0.0)
(32.523804, 33.810722, 0.0)
(32.544327, 33.770527, 0.0)
(32.555462, 33.739124, 0.0)
(32.550247, 33.734398, 0.0)
(32.557899, 33.735729, 0.0)
(32.543701, 33.740128, 0.0)
(32.532982, 33.734329, 0.0)
(32.561852, 33.709061, 0.0)
(32.551849, 33.717636, 0.0)
(32.539249, 33.701241, 0.0)
(32.523148, 33.699989, 0.0)
(32.515209, 33.699558, 0.0)
(32.514286, 33.668377, 0.0)
(32.496414, 33.649639, 0.0)
(32.475437, 33.646271, 0.0)
(32.445927, 33.667149, 0.0)
(32.456276, 33.656345, 0.0)
(32.452549, 33.661934, 0.0)
(32.444462, 33.671726, 0.0)
(32.464108, 33.643795, 0.0)
(32.447762, 33.638229, 0.0)
(32.451416, 33.612049, 0.0)
(32.450867, 33.607857, 0.0)
(32.443043, 33.608707, 0.0)
(32.451904, 33.595222, 0.0)
(34.648712, 34.351830, 0.0)
(38.403660, 36.130043, 0.0)
(38.801704, 36.300362, 0.0)
(38.788532, 36.256512, 0.0)
(38.748287, 36.155796, 0.0)
(38.720013, 36.110920, 0.0)
(39.113377, 36.367100, 0.0)
(39.286858, 36.520889, 0.0)
(39.300556, 36.531662, 0.0)
(39.290600, 36.513966, 0.0)
(39.292881, 36.506725, 0.0)
(39.282631, 36.494640, 0.0)
(39.277523, 36.458279, 0.0)
(39.262566, 36.419186, 0.0)
(39.248657, 36.395245, 0.0)
(39.256721, 36.357101, 0.0)
(39.239059, 36.371414, 0.0)
(39.223160, 36.366570, 0.0)
(39.225258, 36.409554, 0.0)
(39.166100, 36.423923, 0.0)
(39.158550, 36.412525, 0.0)
(39.154251, 36.414215, 0.0)
(39.140850, 36.383560, 0.0)
(39.122635, 36.364323, 0.0)
(39.108658, 36.376503, 0.0)
(39.088779, 36.365009, 0.0)
(39.046654, 36.389355, 0.0)
(39.046829, 36.399345, 0.0)
(39.030434, 36.413021, 0.0)
(39.030430, 36.424091, 0.0)
(39.038811, 36.438389, 0.0)
(39.054024, 36.443195, 0.0)
(39.055389, 36.441223, 0.0)
(39.064007, 36.454128, 0.0)
(39.080486, 36.408695, 0.0)
(39.065804, 36.466236, 0.0)
(39.084969, 36.538403, 0.0)
(39.142891, 36.582767, 0.0)
(41.174519, 34.179119, 0.0)
(41.631195, 33.726059, 0.0)
(41.666630, 33.725761, 0.0)
(41.650642, 33.721378, 0.0)
(41.644115, 33.703304, 0.0)
(41.654346, 33.663265, 0.0)
(41.476292, 33.474129, 0.0)
(41.406517, 33.473656, 0.0)
(41.373272, 33.507133, 0.0)
(41.379539, 33.501881, 0.0)
(41.392391, 33.489174, 0.0)
(41.402843, 33.444649, 0.0)
(41.410847, 33.430279, 0.0)
(41.397064, 33.426823, 0.0)
(41.389557, 33.419968, 0.0)
(41.370808, 33.408848, 0.0)
(41.355389, 33.431927, 0.0)
(41.344940, 33.436146, 0.0)
(41.358448, 33.426605, 0.0)
(41.340908, 33.435604, 0.0)
(41.319118, 33.425484, 0.0)
(41.331474, 33.428371, 0.0)
(41.330624, 33.439850, 0.0)
(41.328285, 33.396614, 0.0)
(41.310543, 33.427757, 0.0)
(41.299839, 33.429214, 0.0)
(41.284485, 33.466148, 0.0)
(41.284485, 33.466148, 0.0)
(41.292255, 33.464752, 0.0)
(41.293396, 33.459293, 0.0)
(41.298237, 33.471497, 0.0)
(41.301876, 33.470131, 0.0)
(41.292255, 33.464752, 0.0)
(41.294163, 33.455006, 0.0)
(41.298115, 33.447945, 0.0)
(41.303204, 33.499302, 0.0)
(41.300663, 33.499271, 0.0)
(41.180447, 33.513439, 0.0)
(37.509037, 32.720993, 0.0)
(34.724979, 32.486374, 0.0)
(34.063999, 32.592331, 0.0)
(34.032558, 32.598255, 0.0)
(34.029381, 32.575886, 0.0)
(33.995949, 32.591892, 0.0)
(33.969349, 32.594276, 0.0)
(33.908413, 32.623859, 0.0)
(33.575314, 32.775677, 0.0)
(33.556866, 32.773853, 0.0)
(33.569065, 32.744930, 0.0)
(33.472115, 32.133675, 0.0)
(33.423969, 32.647251, 0.0)
(33.387478, 32.358181, 0.0)
(33.488907, 31.958065, 0.0)
(33.503609, 32.159016, 0.0)
(33.525864, 32.331089, 0.0)
(33.525574, 32.430962, 0.0)
(33.569965, 32.479733, 0.0)
(33.571827, 32.516506, 0.0)
(33.580585, 32.555878, 0.0)
(33.599442, 32.540302, 0.0)
(33.615681, 32.515854, 0.0)
(33.611855, 32.494781, 0.0)
(33.587257, 32.557579, 0.0)
(33.584057, 32.577579, 0.0)
(33.577530, 32.609737, 0.0)
(33.606983, 32.598286, 0.0)
(33.624485, 32.600128, 0.0)
(33.644356, 32.593346, 0.0)
(33.641972, 32.580147, 0.0)
(33.645527, 32.556404, 0.0)
(33.648621, 32.580147, 0.0)
(33.655087, 32.617752, 0.0)
(33.672607, 32.627373, 0.0)
(33.671825, 32.637779, 0.0)
(33.684368, 32.644688, 0.0)
(33.704075, 32.631451, 0.0)
(37.447388, 30.716095, 0.0)
(42.006607, 29.430403, 0.0)
(44.023720, 29.598703, 0.0)
(44.076996, 29.649590, 0.0)
(44.071655, 29.626200, 0.0)
(44.101021, 29.629324, 0.0)
(44.295841, 29.026537, 0.0)
(44.302414, 28.958731, 0.0)
(44.273903, 28.927483, 0.0)
(44.285660, 28.901638, 0.0)
(44.293465, 28.874659, 0.0)
(44.275356, 28.855671, 0.0)
(44.283421, 28.836756, 0.0)
(44.275955, 28.862778, 0.0)
(44.233353, 28.869400, 0.0)
(44.222416, 28.894758, 0.0)
(44.219254, 28.892838, 0.0)
(44.226082, 28.911888, 0.0)
(44.238598, 28.913055, 0.0)
(44.209217, 28.910122, 0.0)
(44.200161, 28.940590, 0.0)
(44.242928, 28.946024, 0.0)
(44.232666, 28.977121, 0.0)
(44.188934, 29.023296, 0.0)
(44.204597, 29.072376, 0.0)
(44.188095, 29.072350, 0.0)
(44.192184, 29.076040, 0.0)
(44.183270, 29.105778, 0.0)
(44.192101, 29.105583, 0.0)
(44.179108, 29.082739, 0.0)
(44.177166, 29.069899, 0.0)
(44.173283, 29.059502, 0.0)
(44.159431, 29.086725, 0.0)
(44.188438, 29.126539, 0.0)
(44.181137, 29.161407, 0.0)
(44.179504, 29.165997, 0.0)
(43.465321, 29.378201, 0.0)
(39.590477, 31.390528, 0.0)
(37.139278, 33.534889, 0.0)
(37.049831, 33.711937, 0.0)
(37.016514, 33.672829, 0.0)
(36.960297, 33.647297, 0.0)
(36.900219, 33.625423, 0.0)
(36.865051, 33.577583, 0.0)
(37.202232, 33.282063, 0.0)
(37.363937, 33.145164, 0.0)
(37.358284, 33.105888, 0.0)
(37.329899, 33.073341, 0.0)
(37.334152, 33.086945, 0.0)
(37.324440, 33.075321, 0.0)
(37.319103, 33.053413, 0.0)
(37.305145, 33.038254, 0.0)
(37.301544, 33.021969, 0.0)
(37.296722, 32.991768, 0.0)
(37.287579, 32.987545, 0.0)
(37.287579, 32.987545, 0.0)
(37.293743, 32.956051, 0.0)
(37.276104, 32.933983, 0.0)
(37.264050, 32.948452, 0.0)
(37.263268, 32.957825, 0.0)
(37.260117, 32.954475, 0.0)
(37.301582, 32.933601, 0.0)
(37.274059, 32.907902, 0.0)
(37.290752, 32.920181, 0.0)
(37.275093, 32.940605, 0.0)
(37.267838, 32.957169, 0.0)
(37.260525, 32.950573, 0.0)
(37.260090, 32.981705, 0.0)
(37.242004, 32.993549, 0.0)
(37.245312, 32.994392, 0.0)
(37.243076, 32.998402, 0.0)
(37.245312, 33.003593, 0.0)
(37.245327, 33.005058, 0.0)
(37.259853, 33.030979, 0.0)
(39.115208, 31.907076, 0.0)
(43.185184, 30.647257, 0.0)
(44.547382, 30.674047, 0.0)
(44.615704, 30.745029, 0.0)
(44.594589, 30.757343, 0.0)
(44.588932, 30.720425, 0.0)
(44.655872, 30.748440, 0.0)
(44.667656, 30.750559, 0.0)
(44.683399, 30.724051, 0.0)
(44.677895, 30.419626, 0.0)
(44.671928, 30.391462, 0.0)
(44.673534, 30.405277, 0.0)
(44.669407, 30.413345, 0.0)
(44.665211, 30.440027, 0.0)
(44.675507, 30.427183, 0.0)
(44.677784, 30.422123, 0.0)
(44.682121, 30.421871, 0.0)
(44.681721, 30.401278, 0.0)
(44.705601, 30.401274, 0.0)
(44.703789, 30.395552, 0.0)
(44.676769, 30.403742, 0.0)
(44.659286, 30.418636, 0.0)
(44.630623, 30.423731, 0.0)
(44.641869, 30.454329, 0.0)
(44.647545, 30.470440, 0.0)
(44.627911, 30.478321, 0.0)
(44.597942, 30.455376, 0.0)
(44.594654, 30.453869, 0.0)
(44.590385, 30.440559, 0.0)
(44.583790, 30.444042, 0.0)
(44.550316, 30.432751, 0.0)
(44.541401, 30.487278, 0.0)
(44.539604, 30.507395, 0.0)
(44.532433, 30.503304, 0.0)
(44.530449, 30.498222, 0.0)
(44.530323, 30.514250, 0.0)
(44.533726, 30.471651, 0.0)
(44.534874, 30.428719, 0.0)
(45.930958, 32.916439, 0.0)
(46.453640, 35.603035, 0.0)
(46.435505, 36.041698, 0.0)
(46.394226, 36.010670, 0.0)
(46.372879, 36.011158, 0.0)
(46.361511, 36.024361, 0.0)
(46.637260, 36.601494, 0.0)
(46.628925, 36.638580, 0.0)
(46.637451, 36.568157, 0.0)
(46.468613, 36.339653, 0.0)
(46.426872, 36.102821, 0.0)
(46.472576, 36.223835, 0.0)
(46.543037, 36.119446, 0.0)
(46.585491, 36.246994, 0.0)
(46.591183, 36.302917, 0.0)
(46.604248, 36.358051, 0.0)
(46.613800, 36.358688, 0.0)
(46.615673, 36.369587, 0.0)
(46.555744, 36.398918, 0.0)
(46.529823, 36.404213, 0.0)
(46.515324, 36.451870, 0.0)
(46.508545, 36.449627, 0.0)
(46.497787, 36.456039, 0.0)
(46.524452, 36.485008, 0.0)
(46.531216, 36.445545, 0.0)
(46.525036, 36.399258, 0.0)
(46.515526, 36.401958, 0.0)
(46.516571, 36.421654, 0.0)
(46.514175, 36.429504, 0.0)
(46.516098, 36.407505, 0.0)
(46.501446, 36.444550, 0.0)
(46.489727, 36.476883, 0.0)
(46.523293, 36.484890, 0.0)
(46.513802, 36.468285, 0.0)
(46.515743, 36.465935, 0.0)
(46.515743, 36.465935, 0.0)
(46.559338, 36.468437, 0.0)
(46.682854, 35.242393, 0.0)
(46.302219, 31.804991, 0.0)
(45.897476, 30.377733, 0.0)
(45.881241, 30.440359, 0.0)
(45.897495, 30.510269, 0.0)
(45.891117, 30.508072, 0.0)
(45.928478, 30.487085, 0.0)
(45.980427, 30.467394, 0.0)
(46.004513, 30.436604, 0.0)
(46.024929, 30.419712, 0.0)
(46.019676, 30.388948, 0.0)
(46.050526, 30.278452, 0.0)
(46.065296, 30.306314, 0.0)
(46.089306, 30.279074, 0.0)
(46.098316, 30.247515, 0.0)
(46.110535, 30.245674, 0.0)
(46.103008, 30.238289, 0.0)
(46.116695, 30.235529, 0.0)
(46.141502, 30.236269, 0.0)
(46.122250, 30.234041, 0.0)
(45.824615, 30.044044, 0.0)
(45.819397, 30.072889, 0.0)
(45.834297, 30.100405, 0.0)
(45.847210, 30.099501, 0.0)
(45.836304, 30.081964, 0.0)
(45.843906, 30.106743, 0.0)
(45.864628, 30.086849, 0.0)
(45.807762, 30.129036, 0.0)
(45.786324, 30.115473, 0.0)
(45.782257, 30.102352, 0.0)
(45.756168, 30.117620, 0.0)
(45.751530, 30.147604, 0.0)
(45.730186, 30.154510, 0.0)
(45.740051, 30.147692, 0.0)
(45.746014, 30.164122, 0.0)
(45.719788, 30.160854, 0.0)
(45.704296, 30.148701, 0.0)
(45.665497, 30.163837, 0.0)
(43.061947, 32.337410, 0.0)
(41.602661, 35.332912, 0.0)
(41.417389, 35.750404, 0.0)
(41.343998, 35.705879, 0.0)
(41.266560, 35.702381, 0.0)
(41.231476, 35.720783, 0.0)
(41.453209, 35.365040, 0.0)
(41.438519, 35.335789, 0.0)
(41.387909, 35.310783, 0.0)
(41.362133, 35.308578, 0.0)
(41.318539, 35.361801, 0.0)
(41.300030, 35.438793, 0.0)
(41.293774, 35.485207, 0.0)
(41.275459, 35.490589, 0.0)
(41.270599, 35.515663, 0.0)
(41.246662, 35.532719, 0.0)
(41.204067, 35.531216, 0.0)
(41.211426, 35.481319, 0.0)
(41.235836, 35.466049, 0.0)
(41.230431, 35.486549, 0.0)
(41.236633, 35.471081, 0.0)
(41.221287, 35.510857, 0.0)
(41.027164, 35.170429, 0.0)
(41.011639, 35.150932, 0.0)
(41.028561, 35.165180, 0.0)
(41.036758, 35.125141, 0.0)
(41.056820, 35.123772, 0.0)
(41.028812, 35.103691, 0.0)
(41.034878, 35.093201, 0.0)
(41.014328, 35.092289, 0.0)
(40.991535, 35.111538, 0.0)
(40.995106, 35.113319, 0.0)
(40.992977, 35.100693, 0.0)
(40.994778, 35.100803, 0.0)
(41.002422, 35.104713, 0.0)
(41.005688, 35.102840, 0.0)
(40.991745, 35.075493, 0.0)
(41.012394, 35.201431, 0.0)
(41.480137, 37.117821, 0.0)
(41.471058, 37.174473, 0.0)
(41.377850, 37.130150, 0.0)
(41.306183, 37.130619, 0.0)
(41.304005, 37.110088, 0.0)
(41.292908, 37.123707, 0.0)
(41.441013, 37.531513, 0.0)
(41.428291, 37.583614, 0.0)
(41.453087, 37.581894, 0.0)
(41.438347, 37.569649, 0.0)
(41.431011, 37.563438, 0.0)
(41.416885, 37.552334, 0.0)
(41.420013, 37.536182, 0.0)
(41.404938, 37.539093, 0.0)
(41.400719, 37.546116, 0.0)
(41.387566, 37.577656, 0.0)
(41.381393, 37.556854, 0.0)
(41.387791, 37.554047, 0.0)
(41.386047, 37.543949, 0.0)
(41.391872, 37.566788, 0.0)
(41.414955, 37.558327, 0.0)
(41.454792, 37.239491, 0.0)
(41.439438, 37.268578, 0.0)
(41.413078, 37.300797, 0.0)
(41.410614, 37.297932, 0.0)
(41.403324, 37.280575, 0.0)
(41.356422, 37.030861, 0.0)
(41.220284, 36.785797, 0.0)
(41.326340, 36.859432, 0.0)
(41.362820, 36.967491, 0.0)
(41.350033, 37.009998, 0.0)
(41.366707, 36.961578, 0.0)
(41.365925, 37.014767, 0.0)
(41.340763, 37.051933, 0.0)
(41.327595, 37.090099, 0.0)
(41.322689, 37.114342, 0.0)
(41.319027, 37.162479, 0.0)
(41.319225, 37.221054, 0.0)
(38.608337, 36.975990, 0.0)
(35.318665, 36.841026, 0.0)
(34.335003, 36.963394, 0.0)
(34.245323, 36.964771, 0.0)
(34.229439, 36.962399, 0.0)
(34.209171, 36.946323, 0.0)
(34.177994, 36.967373, 0.0)
(34.167728, 36.914474, 0.0)
(34.238369, 36.860954, 0.0)
(34.236015, 36.839615, 0.0)
(33.969372, 36.852924, 0.0)
(33.967701, 36.844727, 0.0)
(33.982113, 36.813240, 0.0)
(33.960793, 36.798851, 0.0)
(33.998985, 36.802158, 0.0)
(34.031368, 36.814579, 0.0)
(34.009415, 36.811432, 0.0)
(34.046211, 36.809204, 0.0)
(34.034424, 36.801716, 0.0)
(34.031353, 36.788067, 0.0)
(34.040771, 36.785648, 0.0)
(33.987946, 36.774002, 0.0)
(33.986397, 36.776108, 0.0)
(33.941349, 36.795322, 0.0)
(33.938583, 36.782372, 0.0)
(33.960361, 36.757301, 0.0)
(33.968639, 36.759808, 0.0)
(33.980072, 36.742481, 0.0)
(33.980072, 36.742481, 0.0)
(33.961620, 36.712307, 0.0)
(33.960831, 36.707424, 0.0)
(33.948517, 36.701385, 0.0)
(33.945877, 36.705090, 0.0)
(33.950066, 36.680870, 0.0)
(33.951229, 36.719521, 0.0)
(33.948517, 36.701385, 0.0)
(33.939457, 36.670540, 0.0)
(34.229652, 36.333397, 0.0)
(36.576218, 33.110188, 0.0)
(36.935452, 32.601986, 0.0)
(36.995136, 32.597412, 0.0)
(36.921745, 32.627834, 0.0)
(36.912144, 32.639744, 0.0)
(37.104908, 32.429459, 0.0)
(37.195961, 32.350636, 0.0)
(37.189480, 32.328674, 0.0)
(37.202278, 32.283665, 0.0)
(37.180016, 32.262222, 0.0)
(37.148361, 32.226582, 0.0)
(37.146130, 32.240086, 0.0)
(37.128902, 32.264614, 0.0)
(37.133904, 32.307201, 0.0)
(37.136070, 32.331238, 0.0)
(37.131004, 32.320637, 0.0)
(37.132431, 32.309170, 0.0)
(37.135109, 32.256889, 0.0)
(37.128902, 32.264614, 0.0)
(37.131447, 32.274689, 0.0)
(37.136944, 32.313389, 0.0)
(37.176701, 32.304287, 0.0)
(37.169514, 32.340714, 0.0)
(37.113209, 32.387966, 0.0)
(37.141212, 32.384319, 0.0)
(37.143452, 32.379032, 0.0)
(37.147774, 32.365448, 0.0)
(37.167274, 32.345264, 0.0)
(37.179733, 32.324707, 0.0)
(37.150944, 32.335796, 0.0)
(37.147320, 32.326633, 0.0)
(37.147282, 32.322086, 0.0)
(37.125801, 32.317200, 0.0)
(37.102119, 32.330364, 0.0)
(37.100456, 32.340527, 0.0)
(37.103424, 32.347702, 0.0)
(37.097279, 32.359791, 0.0)
(37.239040, 32.550671, 0.0)
(40.445240, 35.250832, 0.0)
(43.204861, 37.613400, 0.0)
(43.580894, 38.095222, 0.0)
(43.535492, 38.097210, 0.0)
(43.503098, 38.045399, 0.0)
(43.486778, 38.049221, 0.0)
(43.472610, 38.027187, 0.0)
(43.445183, 37.994232, 0.0)
(43.444241, 37.963509, 0.0)
(43.515900, 38.447338, 0.0)
(43.462845, 38.482765, 0.0)
(43.471680, 38.452213, 0.0)
(43.446865, 38.451897, 0.0)
(43.432518, 38.459980, 0.0)
(43.445438, 38.482052, 0.0)
(43.448132, 38.487839, 0.0)
(43.456123, 38.456123, 0.0)
(43.426865, 38.442932, 0.0)
(43.413223, 38.435822, 0.0)
(43.406700, 38.425880, 0.0)
(43.407513, 38.406212, 0.0)
(43.357010, 38.402878, 0.0)
(43.351261, 38.426273, 0.0)
(43.337639, 38.433502, 0.0)
(43.332294, 38.421478, 0.0)
(43.351707, 38.410652, 0.0)
(43.352390, 38.401119, 0.0)
(43.357395, 38.394394, 0.0)
(43.346222, 38.390499, 0.0)
(43.345036, 38.378460, 0.0)
(43.338646, 38.375610, 0.0)
(43.333191, 38.388039, 0.0)
(43.325268, 38.378681, 0.0)
(43.313652, 38.379349, 0.0)
(43.306072, 38.372097, 0.0)
(43.303696, 38.363697, 0.0)
(43.296776, 38.377270, 0.0)
(42.435471, 38.162647, 0.0)
(38.396832, 37.311356, 0.0)
(37.380547, 37.261898, 0.0)
(37.289745, 37.232407, 0.0)
(37.270493, 37.217373, 0.0)
(37.234268, 37.224060, 0.0)
(37.219204, 37.200073, 0.0)
(37.211060, 37.171009, 0.0)
(37.199566, 37.159588, 0.0)
(37.204361, 37.128357, 0.0)
(37.187294, 37.102615, 0.0)
(37.173660, 37.117374, 0.0)
(37.154560, 37.143200, 0.0)
(37.138298, 37.140743, 0.0)
(37.134327, 37.148479, 0.0)
(37.132408, 37.160931, 0.0)
(37.122639, 37.175816, 0.0)
(37.101749, 37.199341, 0.0)
(37.109219, 37.211948, 0.0)
(37.088860, 37.172253, 0.0)
(37.101177, 37.157192, 0.0)
(37.104706, 37.133297, 0.0)
(37.070423, 37.168026, 0.0)
(37.038303, 37.176792, 0.0)
(37.033691, 37.184807, 0.0)
(37.016037, 37.188072, 0.0)
(36.994453, 37.197418, 0.0)
(36.994934, 37.179050, 0.0)
(36.992554, 37.175243, 0.0)
(36.984409, 37.159042, 0.0)
(36.983479, 37.141914, 0.0)
(36.973061, 37.134743, 0.0)
(36.963509, 37.150055, 0.0)
(36.926937, 37.194771, 0.0)
(36.919407, 37.232449, 0.0)
(36.910824, 37.218826, 0.0)
(36.903652, 37.201992, 0.0)
(36.907780, 37.202309, 0.0)
(37.955719, 36.653854, 0.0)
(42.458672, 34.209278, 0.0)
(45.609421, 32.698856, 0.0)
(47.043594, 31.922747, 0.0)
(47.353737, 31.790668, 0.0)
(47.378036, 31.824102, 0.0)
(47.379585, 31.790276, 0.0)
(48.027744, 32.160614, 0.0)
(48.193153, 32.184120, 0.0)
(48.171612, 32.162052, 0.0)
(48.159267, 32.092396, 0.0)
(48.149021, 32.106644, 0.0)
(48.110424, 32.064148, 0.0)
(48.105896, 32.055775, 0.0)
(48.097576, 32.059467, 0.0)
(48.031574, 32.027515, 0.0)
(48.012897, 32.047478, 0.0)
(47.989246, 32.029339, 0.0)
(47.905472, 31.972801, 0.0)
(47.890881, 31.969818, 0.0)
(47.852024, 31.935223, 0.0)
(47.812214, 31.960640, 0.0)
(47.797173, 31.989033, 0.0)
(47.769234, 32.004181, 0.0)
(47.773071, 31.997076, 0.0)
(47.786358, 31.984509, 0.0)
(47.778801, 31.955193, 0.0)
(47.786427, 32.008335, 0.0)
(47.763783, 31.994566, 0.0)
(47.740803, 31.956158, 0.0)
(47.730774, 31.974445, 0.0)
(47.700989, 31.965059, 0.0)
(47.691845, 31.956530, 0.0)
(47.616459, 31.861927, 0.0)
(47.606544, 31.839375, 0.0)
(47.594963, 31.821964, 0.0)
(47.594456, 31.817701, 0.0)
(44.697601, 30.486843, 0.0)
(42.800194, 29.925982, 0.0)
(42.742996, 29.950377, 0.0)
(42.766644, 29.971724, 0.0)
(42.782848, 29.978106, 0.0)
(42.803738, 29.970318, 0.0)
(42.818840, 29.948986, 0.0)
(42.474739, 29.643234, 0.0)
(42.437885, 29.640377, 0.0)
(42.464321, 29.635134, 0.0)
(42.512348, 29.642763, 0.0)
(42.512817, 29.620201, 0.0)
(42.509850, 29.630947, 0.0)
(42.519337, 29.638641, 0.0)
(42.525547, 29.625027, 0.0)
(42.528873, 29.637213, 0.0)
(42.525978, 29.659370, 0.0)
(42.522316, 29.662504, 0.0)
(42.517033, 29.661299, 0.0)
(42.516930, 29.660112, 0.0)
(42.517632, 29.651926, 0.0)
(42.515003, 29.642904, 0.0)
(42.427620, 29.643955, 0.0)
(42.426182, 29.658472, 0.0)
(42.428925, 29.681654, 0.0)
(42.416206, 29.677481, 0.0)
(42.413872, 29.723286, 0.0)
(42.405167, 29.723593, 0.0)
(42.397469, 29.725227, 0.0)
(42.404926, 29.717083, 0.0)
(42.418468, 29.717197, 0.0)
(42.419453, 29.720928, 0.0)
(42.402298, 29.732752, 0.0)
(42.402576, 29.748783, 0.0)
(42.384598, 29.739649, 0.0)
(42.375488, 29.744875, 0.0)
(42.353470, 29.751923, 0.0)
(42.359814, 29.739653, 0.0)
(42.361813, 29.735537, 0.0)
(42.319786, 29.732492, 0.0)
(42.179146, 30.125032, 0.0)
(40.276237, 32.910236, 0.0)
(37.873001, 34.815441, 0.0)
(36.145527, 36.187634, 0.0)
(35.999592, 36.210358, 0.0)
(35.944874, 36.186966, 0.0)
(35.874588, 36.122337, 0.0)
(35.888042, 36.068066, 0.0)
(35.837273, 36.052959, 0.0)
(35.806473, 35.993053, 0.0)
(35.786072, 35.971172, 0.0)
(35.789387, 35.972668, 0.0)
(35.791908, 35.962673, 0.0)
(36.723095, 35.750458, 0.0)
(41.475697, 35.379513, 0.0)
(45.324455, 36.598980, 0.0)
(47.160625, 37.518761, 0.0)
(47.628487, 38.116589, 0.0)
(47.605305, 38.141720, 0.0)
(47.548885, 38.079796, 0.0)
(47.536655, 38.059608, 0.0)
(47.553711, 38.024162, 0.0)
(47.562111, 38.005234, 0.0)
(47.566154, 37.950428, 0.0)
(47.549114, 37.921772, 0.0)
(47.518120, 37.903450, 0.0)
(47.508533, 37.877029, 0.0)
(47.459423, 37.749180, 0.0)
(44.265972, 35.627083, 0.0)
(40.508228, 34.284412, 0.0)
(37.961742, 33.902630, 0.0)
(36.429302, 33.662701, 0.0)
(35.109627, 33.694370, 0.0)
(35.014393, 33.782059, 0.0)
(35.025040, 33.769993, 0.0)
(35.014084, 33.788345, 0.0)
(34.985641, 33.785133, 0.0)
(34.990135, 33.809109, 0.0)
(38.407021, 35.406322, 0.0)
(38.691425, 35.757725, 0.0)
(38.671898, 35.741539, 0.0)
(38.659874, 35.701130, 0.0)
(38.652119, 35.685024, 0.0)
(38.832256, 35.748470, 0.0)
(39.155392, 36.049305, 0.0)
(39.179611, 36.078823, 0.0)
(39.167290, 36.053413, 0.0)
(39.170959, 36.023518, 0.0)
(39.168591, 36.033066, 0.0)
(39.168591, 36.033066, 0.0)
(39.174141, 36.013443, 0.0)
(39.193619, 36.030582, 0.0)
(39.219318, 35.985432, 0.0)
(39.210419, 35.997917, 0.0)
(39.206440, 35.958527, 0.0)
(39.217606, 35.950329, 0.0)
(39.199387, 36.021725, 0.0)
(39.182766, 36.073406, 0.0)
(39.174618, 36.042118, 0.0)
(39.171761, 36.023628, 0.0)
(39.163574, 36.014957, 0.0)
(39.150089, 36.010471, 0.0)
(39.129925, 35.990486, 0.0)
(39.130707, 35.974716, 0.0)
(39.136887, 35.970425, 0.0)
(39.135849, 35.953915, 0.0)
(39.106785, 35.950607, 0.0)
(39.105484, 35.954906, 0.0)
(39.117447, 35.968861, 0.0)
(39.117062, 35.955872, 0.0)
(39.122894, 35.939529, 0.0)
(39.108841, 35.954082, 0.0)
(39.126945, 35.913712, 0.0)
(39.800461, 34.483425, 0.0)
(40.708691, 31.186983, 0.0)
(40.871441, 29.988976, 0.0)
(40.850231, 30.026537, 0.0)
(40.823891, 30.071630, 0.0)
(40.803482, 30.062117, 0.0)
(40.806267, 30.022167, 0.0)
(40.799675, 29.972178, 0.0)
(40.793537, 29.978544, 0.0)
(40.793221, 29.978292, 0.0)
(40.811775, 29.951189, 0.0)
(40.816059, 29.945930, 0.0)
(40.839478, 29.965672, 0.0)
(40.838295, 29.979572, 0.0)
(40.836994, 29.984409, 0.0)
(40.851082, 29.986725, 0.0)
(40.842842, 29.961601, 0.0)
(40.833870, 29.955645, 0.0)
(40.813015, 29.962349, 0.0)
(40.794086, 29.996485, 0.0)
(40.754723, 29.940666, 0.0)
(40.553898, 29.494478, 0.0)
(40.570042, 29.183287, 0.0)
(40.689163, 29.590597, 0.0)
(40.797249, 29.823580, 0.0)
(40.842274, 29.965322, 0.0)
(40.865170, 30.020752, 0.0)
(40.870651, 30.071383, 0.0)
(40.890175, 30.110489, 0.0)
(40.893024, 30.135715, 0.0)
(40.887234, 30.140982, 0.0)
(40.890076, 30.147953, 0.0)
(40.875755, 30.159033, 0.0)
(40.871628, 30.156084, 0.0)
(40.872906, 30.155054, 0.0)
(40.872906, 30.155054, 0.0)
(40.864784, 30.164434, 0.0)
(40.850761, 30.177273, 0.0)
(38.821743, 30.324301, 0.0)
(35.202614, 30.718510, 0.0)
(33.734138, 31.170301, 0.0)
(33.685802, 31.240696, 0.0)
(33.690468, 31.247843, 0.0)
(33.683506, 31.202318, 0.0)
(33.671780, 31.171078, 0.0)
(33.676594, 31.178265, 0.0)
(33.670467, 31.134651, 0.0)
(33.673187, 31.157263, 0.0)
(33.646572, 31.177902, 0.0)
(33.652191, 31.146215, 0.0)
(33.653328, 31.135265, 0.0)
(33.656631, 31.127672, 0.0)
(33.660542, 31.121904, 0.0)
(33.656361, 31.131292, 0.0)
(33.703251, 31.111284, 0.0)
(33.692024, 31.114382, 0.0)
(33.678093, 31.115208, 0.0)
(33.701622, 31.137171, 0.0)
(33.675621, 31.151855, 0.0)
(33.679253, 31.136179, 0.0)
(33.684830, 31.129608, 0.0)
(33.695656, 31.132584, 0.0)
(33.710091, 31.127611, 0.0)
(33.697636, 31.117752, 0.0)
(33.680279, 31.108442, 0.0)
(33.676502, 31.107651, 0.0)
(33.669712, 31.102398, 0.0)
(33.664742, 31.112793, 0.0)
(33.669685, 31.119045, 0.0)
(33.679989, 31.128969, 0.0)
(33.688015, 31.117107, 0.0)
(33.690708, 31.096893, 0.0)
(33.702663, 31.036549, 0.0)
(33.703785, 31.032597, 0.0)
(33.692036, 31.054626, 0.0)
(33.975945, 31.400709, 0.0)
(36.574768, 33.542282, 0.0)
(37.421375, 35.591221, 0.0)
(37.425690, 35.612206, 0.0)
(37.382870, 35.608479, 0.0)
(37.342064, 35.586597, 0.0)
(37.318348, 35.569611, 0.0)
(37.440968, 35.253616, 0.0)
(37.466511, 35.263725, 0.0)
(37.436249, 35.237980, 0.0)
(37.444096, 35.241024, 0.0)
(37.452850, 35.246376, 0.0)
(37.450619, 35.242390, 0.0)
(37.444492, 35.263462, 0.0)
(37.445724, 35.254425, 0.0)
(37.458500, 35.258610, 0.0)
(37.451046, 35.241379, 0.0)
(37.432022, 35.232922, 0.0)
(37.412563, 35.252316, 0.0)
(37.430016, 35.243668, 0.0)
(37.350052, 35.074429, 0.0)
(37.177448, 34.555477, 0.0)
(37.152298, 34.618366, 0.0)
(37.218487, 34.777897, 0.0)
(37.236202, 34.843460, 0.0)
(37.239048, 34.841408, 0.0)
(37.231853, 34.914207, 0.0)
(37.257999, 34.919178, 0.0)
(37.264679, 34.970139, 0.0)
(37.266670, 34.998154, 0.0)
(37.282169, 35.013443, 0.0)
(37.268970, 35.036472, 0.0)
(37.290646, 35.052536, 0.0)
(37.294102, 35.041676, 0.0)
(37.277843, 35.082016, 0.0)
(37.267403, 35.160774, 0.0)
(37.277180, 35.174088, 0.0)
(37.270618, 35.217178, 0.0)
(37.274429, 35.243935, 0.0)
(39.464104, 32.621105, 0.0)
(40.681175, 30.441139, 0.0)
(40.973652, 29.944752, 0.0)
(40.980373, 29.951233, 0.0)
(40.941509, 29.986977, 0.0)
(40.950710, 29.991600, 0.0)
(40.974472, 29.973158, 0.0)
(40.952721, 29.619078, 0.0)
(40.925938, 29.626961, 0.0)
(40.956108, 29.622917, 0.0)
(40.985756, 29.609304, 0.0)
(40.997768, 29.573034, 0.0)
(41.030113, 29.578316, 0.0)
(41.028435, 29.566338, 0.0)
(41.005360, 29.581455, 0.0)
(40.953678, 29.621628, 0.0)
(40.963821, 29.626812, 0.0)
(40.981998, 29.618954, 0.0)
(40.977703, 29.608791, 0.0)
(40.774696, 29.368366, 0.0)
(40.566284, 28.730055, 0.0)
(40.554165, 28.693495, 0.0)
(40.616093, 29.047846, 0.0)
(40.617332, 29.157045, 0.0)
(40.642849, 29.213383, 0.0)
(40.648964, 29.252924, 0.0)
(40.680981, 29.305128, 0.0)
(40.661495, 29.364813, 0.0)
(40.684513, 29.360544, 0.0)
(40.673931, 29.372084, 0.0)
(40.686211, 29.360468, 0.0)
(40.669136, 29.348763, 0.0)
(40.654579, 29.390770, 0.0)
(40.648296, 29.432772, 0.0)
(40.650208, 29.454144, 0.0)
(40.636089, 29.469900, 0.0)
(40.957043, 30.496984, 0.0)
(41.563244, 33.078537, 0.0)
(41.493969, 33.259293, 0.0)
(41.468636, 33.214245, 0.0)
(41.454628, 33.197815, 0.0)
(41.444302, 33.201206, 0.0)
(41.420170, 33.178635, 0.0)
(41.410461, 33.163860, 0.0)
(41.234417, 32.930412, 0.0)
(41.219120, 32.881630, 0.0)
(41.235416, 32.902336, 0.0)
(41.226254, 32.870094, 0.0)
(41.236561, 32.856216, 0.0)
(41.216213, 32.806046, 0.0)
(41.201569, 32.835125, 0.0)
(41.196281, 32.889366, 0.0)
(41.194248, 32.915920, 0.0)
(41.173931, 32.902916, 0.0)
(41.195667, 32.896900, 0.0)
(41.178421, 32.889572, 0.0)
(41.179283, 32.885754, 0.0)
(41.151421, 32.877819, 0.0)
(41.124680, 32.879623, 0.0)
(41.124447, 32.890648, 0.0)
(41.127254, 32.896172, 0.0)
(41.127911, 32.914852, 0.0)
(41.146042, 32.921352, 0.0)
(41.146732, 32.943493, 0.0)
(41.156071, 32.959473, 0.0)
(41.133030, 32.941193, 0.0)
(41.141075, 32.954903, 0.0)
(41.148098, 32.954391, 0.0)
(41.154232, 32.971661, 0.0)
(41.163216, 33.025833, 0.0)
(41.150810, 33.076778, 0.0)
(41.162472, 33.095943, 0.0)
(41.171650, 33.111664, 0.0)
(41.176609, 33.128231, 0.0)
(42.165054, 33.480145, 0.0)
(45.105373, 34.705418, 0.0)
(45.166248, 34.719337, 0.0)
(45.159683, 34.698399, 0.0)
(45.165337, 34.689812, 0.0)
(45.155106, 34.710896, 0.0)
(45.147850, 34.706120, 0.0)
(45.147850, 34.706120, 0.0)
(45.158226, 34.725296, 0.0)
(45.161552, 34.694370, 0.0)
(45.165756, 34.676052, 0.0)
(45.168995, 34.656883, 0.0)
(45.163265, 34.646862, 0.0)
(45.152157, 34.668243, 0.0)
(45.112526, 34.719429, 0.0)
(45.112755, 34.739811, 0.0)
(45.105900, 34.727215, 0.0)
(45.142265, 34.722813, 0.0)
(45.155235, 34.720840, 0.0)
(45.165672, 34.706146, 0.0)
(45.172886, 34.684383, 0.0)
(45.189194, 34.687336, 0.0)
(45.182812, 34.662823, 0.0)
(45.178349, 34.680840, 0.0)
(45.183857, 34.697369, 0.0)
(45.167831, 34.681866, 0.0)
(45.170292, 34.694771, 0.0)
(45.166443, 34.687733, 0.0)
(45.169338, 34.681641, 0.0)
(45.177788, 34.669380, 0.0)
(45.166416, 34.634254, 0.0)
(45.140572, 34.660694, 0.0)
(45.138515, 34.686813, 0.0)
(45.135933, 34.701077, 0.0)
(45.137634, 34.689312, 0.0)
(45.140789, 34.671501, 0.0)
(45.136837, 34.655293, 0.0)
(45.142719, 34.648373, 0.0)
(46.092941, 35.566959, 0.0)
(46.294075, 35.714954, 0.0)
(46.311893, 35.706055, 0.0)
(46.296547, 35.730408, 0.0)
(46.298042, 35.752934, 0.0)
(46.303852, 35.779865, 0.0)
(46.322048, 35.787285, 0.0)
(46.659286, 35.907303, 0.0)
(46.687950, 35.930523, 0.0)
(46.687275, 35.914608, 0.0)
(46.684059, 35.911877, 0.0)
(46.655979, 35.909504, 0.0)
(46.669907, 35.946346, 0.0)
(46.634964, 35.914017, 0.0)
(46.429226, 35.646687, 0.0)
(46.322830, 35.175186, 0.0)
(46.304981, 35.280586, 0.0)
(46.414173, 35.185284, 0.0)
(46.405884, 35.321606, 0.0)
(46.410175, 35.487396, 0.0)
(46.448788, 35.612209, 0.0)
(46.444942, 35.632160, 0.0)
(46.450714, 35.674232, 0.0)
(46.453003, 35.685387, 0.0)
(46.477020, 35.697250, 0.0)
(46.476772, 35.702194, 0.0)
(46.481087, 35.706440, 0.0)
(46.474789, 35.709679, 0.0)
(46.481087, 35.706440, 0.0)
(46.477020, 35.697250, 0.0)
(46.450867, 35.698528, 0.0)
(46.457993, 35.753513, 0.0)
(46.456833, 35.782299, 0.0)
(46.457951, 35.776352, 0.0)
(46.460899, 35.773918, 0.0)
(46.460899, 35.773918, 0.0)
(46.471298, 35.758259, 0.0)
(46.464939, 35.761402, 0.0)
(46.474113, 35.809013, 0.0)
(47.315605, 35.185627, 0.0)
(48.464134, 34.127731, 0.0)
(48.554749, 34.071465, 0.0)
(48.536884, 34.130074, 0.0)
(48.521751, 34.099182, 0.0)
(48.501564, 34.076508, 0.0)
(48.505486, 34.050823, 0.0)
(48.506077, 34.017319, 0.0)
(48.511238, 33.978512, 0.0)
(48.504330, 33.986309, 0.0)
(48.479206, 34.011814, 0.0)
(48.480492, 34.001110, 0.0)
(48.466000, 33.978741, 0.0)
(48.467960, 33.952400, 0.0)
(48.447647, 33.894798, 0.0)
(48.437527, 33.874031, 0.0)
(48.418068, 33.856434, 0.0)
(48.405994, 33.853455, 0.0)
(48.364731, 33.824314, 0.0)
(48.333637, 33.813606, 0.0)
(48.296139, 33.875244, 0.0)
(48.312160, 33.883739, 0.0)
(48.300121, 33.849560, 0.0)
(48.293747, 33.826164, 0.0)
(48.319736, 33.835136, 0.0)
(48.308926, 33.831497, 0.0)
(48.330158, 33.829422, 0.0)
(48.286690, 33.803158, 0.0)
(48.244404, 33.852818, 0.0)
(48.213249, 33.824902, 0.0)
(48.216351, 33.814507, 0.0)
(48.213161, 33.816097, 0.0)
(48.205631, 33.801201, 0.0)
(48.211441, 33.796574, 0.0)
(48.186783, 33.786263, 0.0)
(48.199574, 33.784401, 0.0)
(48.185455, 33.757751, 0.0)
(48.333992, 34.476669, 0.0)
(48.583073, 36.683235, 0.0)
(48.567589, 37.243996, 0.0)
(48.516953, 37.236328, 0.0)
(48.516953, 37.236328, 0.0)
(48.496792, 37.216949, 0.0)
(48.497646, 37.185379, 0.0)
(48.490700, 37.127605, 0.0)
(48.476013, 37.113342, 0.0)
(48.450554, 37.140957, 0.0)
(48.462112, 37.162064, 0.0)
(48.433674, 37.153927, 0.0)
(48.439106, 37.150951, 0.0)
(48.429089, 37.113773, 0.0)
(48.421925, 37.128487, 0.0)
(48.400772, 37.113136, 0.0)
(48.415951, 37.120579, 0.0)
(48.387951, 37.103428, 0.0)
(48.381767, 37.122421, 0.0)
(48.382603, 37.131573, 0.0)
(48.339600, 37.116817, 0.0)
(48.319786, 37.138752, 0.0)
(48.305115, 37.151592, 0.0)
(48.297501, 37.126171, 0.0)
(48.286949, 37.123676, 0.0)
(48.286804, 37.081024, 0.0)
(48.274021, 37.096832, 0.0)
(48.249352, 37.133358, 0.0)
(48.251400, 37.143318, 0.0)
(48.240974, 37.127510, 0.0)
(48.255043, 37.103539, 0.0)
(48.268730, 37.112282, 0.0)
(48.281704, 37.115704, 0.0)
(48.265877, 37.117371, 0.0)
(48.264622, 37.085323, 0.0)
(48.263767, 37.091518, 0.0)
(48.266262, 37.096241, 0.0)
(48.266808, 37.115898, 0.0)
(46.193573, 35.469009, 0.0)
(42.505188, 33.100334, 0.0)
(40.776203, 32.464207, 0.0)
(40.757233, 32.507462, 0.0)
(40.763168, 32.496056, 0.0)
(40.765118, 32.470112, 0.0)
(40.739719, 32.427452, 0.0)
(40.723392, 32.386417, 0.0)
(40.675922, 32.310116, 0.0)
(40.537613, 31.939074, 0.0)
(40.623829, 32.240406, 0.0)
(40.826496, 31.527817, 0.0)
(40.904575, 31.601620, 0.0)
(40.920998, 31.754967, 0.0)
(40.943829, 31.806219, 0.0)
(40.943073, 31.869463, 0.0)
(40.947380, 31.893545, 0.0)
(40.959293, 31.898247, 0.0)
(40.944733, 31.952005, 0.0)
(40.945602, 31.972208, 0.0)
(40.954464, 32.005669, 0.0)
(40.950993, 31.986191, 0.0)
(40.913532, 31.959255, 0.0)
(40.921780, 31.943220, 0.0)
(40.922676, 31.941029, 0.0)
(40.907444, 31.946997, 0.0)
(40.904690, 32.009403, 0.0)
(40.900589, 32.021530, 0.0)
(40.885124, 32.048141, 0.0)
(40.883411, 32.039589, 0.0)
(40.879578, 32.025032, 0.0)
(40.885349, 32.005440, 0.0)
(40.862343, 31.993950, 0.0)
(40.852425, 32.006969, 0.0)
(40.821499, 32.022205, 0.0)
(40.836033, 32.032822, 0.0)
(40.815117, 32.082664, 0.0)
(40.804127, 32.087677, 0.0)
(40.854874, 32.120991, 0.0)
(42.888485, 31.108223, 0.0)
(45.236713, 30.283327, 0.0)
(45.781307, 30.312271, 0.0)
(45.768745, 30.357117, 0.0)
(45.732136, 30.355482, 0.0)
(45.760136, 30.332079, 0.0)
(45.754841, 30.303247, 0.0)
(45.758362, 30.309324, 0.0)
(45.750256, 30.274466, 0.0)
(45.742195, 30.244616, 0.0)
(45.710445, 30.204372, 0.0)
(45.699593, 30.196260, 0.0)
(45.697285, 30.205324, 0.0)
(45.650402, 30.202410, 0.0)
(45.644585, 30.212200, 0.0)
(45.638283, 30.211451, 0.0)
(45.618824, 30.211016, 0.0)
(45.583725, 30.212961, 0.0)
(45.566330, 30.212420, 0.0)
(45.544624, 30.193146, 0.0)
(45.544224, 30.212749, 0.0)
(45.506912, 30.236343, 0.0)
(45.462521, 30.232449, 0.0)
(45.451580, 30.230824, 0.0)
(45.433605, 30.240900, 0.0)
(45.422607, 30.258120, 0.0)
(45.422386, 30.252266, 0.0)
(45.413593, 30.235332, 0.0)
(45.413593, 30.235332, 0.0)
(45.410725, 30.226419, 0.0)
(45.413593, 30.235332, 0.0)
(45.416759, 30.264235, 0.0)
(45.405037, 30.298765, 0.0)
(45.393036, 30.284420, 0.0)
(45.382816, 30.289440, 0.0)
(45.360508, 30.273613, 0.0)
(42.544144, 29.848524, 0.0)
(38.743599, 29.545650, 0.0)
(36.716896, 29.643557, 0.0)
(36.616154, 29.692570, 0.0)
(36.625317, 29.712360, 0.0)
(36.591759, 29.729914, 0.0)
(36.558575, 29.690859, 0.0)
(36.551361, 29.674381, 0.0)
(36.556519, 29.651176, 0.0)
(36.543808, 29.607250, 0.0)
(36.512672, 29.593498, 0.0)
(36.488014, 29.619484, 0.0)
(36.418308, 29.719152, 0.0)
(34.864426, 32.735462, 0.0)
(34.074478, 35.395813, 0.0)
(34.514767, 37.174210, 0.0)
(34.638023, 37.500122, 0.0)
(34.600838, 37.413330, 0.0)
(34.562271, 37.394897, 0.0)
(34.561172, 37.385582, 0.0)
(34.534298, 37.342937, 0.0)
(36.022587, 33.759743, 0.0)
(37.085842, 31.011112, 0.0)
(37.162163, 30.137882, 0.0)
(37.128979, 30.171329, 0.0)
(37.116673, 30.210915, 0.0)
(37.112396, 30.204445, 0.0)
(37.094017, 30.205568, 0.0)
(37.097496, 30.202393, 0.0)
(37.086189, 30.200258, 0.0)
(37.092712, 30.214689, 0.0)
(37.101742, 30.228046, 0.0)
(37.093330, 30.250473, 0.0)
(37.097130, 30.269899, 0.0)
(37.097507, 30.283585, 0.0)
(37.104885, 30.283236, 0.0)
(37.104630, 30.280035, 0.0)
(37.092766, 30.278296, 0.0)
(34.380440, 30.617861, 0.0)
(33.644279, 30.616747, 0.0)
(33.567177, 30.695953, 0.0)
(33.550182, 30.728672, 0.0)
(33.523983, 30.733370, 0.0)
(33.511894, 30.734066, 0.0)
(33.518848, 30.713413, 0.0)
(33.527454, 30.691479, 0.0)
(33.532845, 30.683216, 0.0)
(33.521194, 30.683552, 0.0)
(33.509594, 30.687412, 0.0)
(33.511032, 30.699545, 0.0)
(33.505898, 30.684540, 0.0)
(33.513515, 30.671181, 0.0)
(33.527725, 30.685829, 0.0)
(33.537434, 30.709436, 0.0)
(33.537121, 30.714382, 0.0)
(33.540192, 30.716719, 0.0)
(33.542240, 30.678953, 0.0)
(33.531513, 30.664333, 0.0)
(33.524815, 30.671661, 0.0)
(33.531322, 30.702848, 0.0)
(33.531322, 30.702848, 0.0)
(33.530045, 30.700750, 0.0)
(33.543777, 30.710041, 0.0)
(33.547695, 30.708553, 0.0)
(33.542515, 30.699078, 0.0)
(33.549568, 30.700493, 0.0)
(33.551804, 30.695942, 0.0)
(33.554539, 30.708611, 0.0)
(33.552429, 30.743608, 0.0)
(33.568153, 30.741947, 0.0)
(33.568153, 30.741947, 0.0)
(33.583916, 30.737896, 0.0)
(33.591881, 30.743715, 0.0)
(33.591881, 30.743715, 0.0)
(33.591881, 30.743715, 0.0)
(33.608639, 30.781824, 0.0)
(35.562344, 32.771080, 0.0)
(37.461761, 35.979755, 0.0)
(37.893005, 37.693356, 0.0)
(37.822830, 37.748928, 0.0)
(37.751286, 37.654366, 0.0)
(37.734776, 37.655502, 0.0)
(37.577511, 38.421158, 0.0)
(37.535706, 38.472881, 0.0)
(37.513592, 38.432938, 0.0)
(37.455193, 38.430222, 0.0)
(37.451160, 38.396549, 0.0)
(37.452698, 38.388676, 0.0)
(37.431164, 38.406563, 0.0)
(37.411072, 38.404930, 0.0)
(37.400623, 38.415264, 0.0)
(37.378204, 38.416248, 0.0)
(37.375874, 38.394089, 0.0)
(37.381435, 38.378887, 0.0)
(37.383072, 38.319260, 0.0)
(37.348110, 38.357281, 0.0)
(37.317589, 38.362461, 0.0)
(37.285637, 38.378052, 0.0)
(37.249645, 38.396538, 0.0)
(37.238262, 38.380348, 0.0)
(37.238960, 38.386135, 0.0)
(37.237152, 38.372677, 0.0)
(37.221443, 38.336288, 0.0)
(37.220779, 38.323242, 0.0)
(37.209171, 38.333019, 0.0)
(37.203793, 38.340099, 0.0)
(37.203815, 38.346836, 0.0)
(37.205879, 38.358116, 0.0)
(37.205879, 38.358116, 0.0)
(37.213745, 38.364834, 0.0)
(37.228691, 38.355671, 0.0)
(37.236046, 38.357937, 0.0)
(37.252274, 38.324799, 0.0)
(36.950653, 38.174339, 0.0)
(34.573994, 35.627014, 0.0)
(33.785698, 34.764957, 0.0)
(33.737453, 34.897541, 0.0)
(33.723015, 34.919952, 0.0)
(33.690914, 34.882149, 0.0)
(33.682335, 34.874233, 0.0)
(33.675423, 34.876534, 0.0)
(33.685802, 34.865498, 0.0)
(33.694977, 34.870224, 0.0)
(33.684971, 34.868591, 0.0)
(33.665230, 34.884308, 0.0)
(33.640968, 34.901451, 0.0)
(33.650589, 34.880497, 0.0)
(33.672867, 34.849289, 0.0)
(33.689564, 34.855061, 0.0)
(33.684704, 34.855255, 0.0)
(33.708248, 34.856079, 0.0)
(33.678772, 34.836838, 0.0)
(33.667500, 34.824646, 0.0)
(33.652710, 34.838169, 0.0)
(33.659149, 34.855026, 0.0)
(33.647964, 34.864254, 0.0)
(33.668484, 34.867691, 0.0)
(33.664085, 34.862011, 0.0)
(33.648277, 34.857288, 0.0)
(33.644569, 34.837337, 0.0)
(33.643005, 34.824532, 0.0)
(33.640900, 34.828930, 0.0)
(33.650757, 34.839088, 0.0)
(33.652069, 34.851002, 0.0)
(33.633598, 34.876801, 0.0)
(33.639118, 34.875397, 0.0)
(33.658237, 34.890774, 0.0)
(33.658527, 34.897888, 0.0)
(33.668316, 34.871796, 0.0)
(33.686893, 34.892376, 0.0)
(33.673359, 34.852306, 0.0)
(33.666210, 34.887833, 0.0)
(33.366985, 34.247128, 0.0)
(32.932217, 31.999022, 0.0)
(32.655735, 31.235592, 0.0)
(32.555935, 31.286663, 0.0)
(32.523872, 31.347572, 0.0)
(32.526100, 31.356030, 0.0)
(32.531139, 31.334202, 0.0)
(32.517220, 31.319584, 0.0)
(32.523354, 31.291487, 0.0)
(32.551525, 31.287470, 0.0)
(32.418095, 31.122051, 0.0)
(32.424538, 31.040794, 0.0)
(32.414455, 31.056210, 0.0)
(32.416634, 31.040079, 0.0)
(32.433479, 31.038696, 0.0)
(32.442039, 31.025215, 0.0)
(32.455269, 31.040272, 0.0)
(32.464451, 30.981153, 0.0)
(32.434738, 31.013865, 0.0)
(32.414402, 31.037762, 0.0)
(32.421497, 31.054588, 0.0)
(32.434971, 31.057926, 0.0)
(32.417591, 31.066326, 0.0)
(32.418102, 31.065742, 0.0)
(32.423275, 31.057276, 0.0)
(32.408329, 31.074352, 0.0)
(32.411842, 31.070124, 0.0)
(32.404560, 31.072887, 0.0)
(32.398228, 31.086000, 0.0)
(32.392170, 31.119894, 0.0)
(32.409878, 31.131453, 0.0)
(32.411427, 31.145281, 0.0)
(32.411427, 31.145281, 0.0)
(32.418671, 31.154430, 0.0)
(32.432648, 31.138140, 0.0)
(32.452370, 31.076107, 0.0)
(32.472973, 31.075714, 0.0)
(36.747093, 30.611738, 0.0)
(41.673744, 31.841253, 0.0)
(45.372856, 34.099827, 0.0)
(47.457676, 35.869400, 0.0)
(47.708672, 36.159657, 0.0)
(47.723576, 36.116638, 0.0)
(47.708977, 36.077682, 0.0)
(48.627224, 36.529892, 0.0)
(48.722553, 36.568287, 0.0)
(48.715061, 36.541630, 0.0)
(48.696373, 36.556892, 0.0)
(48.668839, 36.512016, 0.0)
(48.645931, 36.526009, 0.0)
(48.622932, 36.481579, 0.0)
(48.625023, 36.447643, 0.0)
(48.603020, 36.405460, 0.0)
(48.605595, 36.353477, 0.0)
(48.591648, 36.353138, 0.0)
(48.560440, 36.387127, 0.0)
(48.547909, 36.344257, 0.0)
(48.526993, 36.317909, 0.0)
(48.511753, 36.315899, 0.0)
(48.480824, 36.291889, 0.0)
(48.456833, 36.275719, 0.0)
(48.459801, 36.255882, 0.0)
(48.447422, 36.253643, 0.0)
(48.435360, 36.227501, 0.0)
(48.420345, 36.241920, 0.0)
(48.415699, 36.236004, 0.0)
(48.417328, 36.237240, 0.0)
(48.417328, 36.237240, 0.0)
(48.418480, 36.251827, 0.0)
(48.412994, 36.216854, 0.0)
(48.407295, 36.206757, 0.0)
(48.427380, 36.189365, 0.0)
(48.418678, 36.162354, 0.0)
(48.391533, 36.189331, 0.0)
(48.389217, 36.184185, 0.0)
(48.026218, 34.190983, 0.0)
(47.714134, 31.933376, 0.0)
(47.481995, 30.929867, 0.0)
(47.454731, 30.952971, 0.0)
(47.423313, 31.018827, 0.0)
(47.418694, 30.995966, 0.0)
(47.428612, 30.976795, 0.0)
(47.401112, 30.974962, 0.0)
(47.369499, 30.955214, 0.0)
(47.393970, 31.007792, 0.0)
(47.396572, 30.996304, 0.0)
(47.396069, 30.996103, 0.0)
(47.403225, 30.996599, 0.0)
(47.376579, 30.960033, 0.0)
(47.395473, 31.002563, 0.0)
(47.397892, 31.006502, 0.0)
(47.388645, 31.001499, 0.0)
(47.359554, 31.056101, 0.0)
(47.343468, 31.068262, 0.0)
(47.319572, 31.058168, 0.0)
(47.303333, 31.060244, 0.0)
(47.298832, 31.060036, 0.0)
(47.308903, 31.056034, 0.0)
(47.313553, 31.047659, 0.0)
(47.318378, 31.060928, 0.0)
(47.334263, 31.096552, 0.0)
(47.299923, 31.091286, 0.0)
(47.300087, 31.088396, 0.0)
(47.281876, 31.134325, 0.0)
(47.245434, 31.099127, 0.0)
(47.230507, 31.085922, 0.0)
(47.202793, 31.051455, 0.0)
(47.191757, 31.019276, 0.0)
(47.224796, 30.996002, 0.0)
(47.215038, 30.961853, 0.0)
(47.202469, 30.988619, 0.0)
(47.169079, 31.006231, 0.0)
(46.173904, 30.652035, 0.0)
(41.861969, 29.772324, 0.0)
(38.247543, 30.230289, 0.0)
(37.005234, 30.657669, 0.0)
(36.975857, 30.637810, 0.0)
(36.951000, 30.570459, 0.0)
(36.951187, 30.548561, 0.0)
(36.936657, 30.522470, 0.0)
(36.931538, 30.524965, 0.0)
(36.934181, 30.475529, 0.0)
(36.886383, 30.457636, 0.0)
(36.866501, 30.434820, 0.0)
(36.872749, 30.408415, 0.0)
(36.873051, 30.391438, 0.0)
(36.919682, 30.384501, 0.0)
(36.943771, 30.362764, 0.0)
(36.920120, 30.347044, 0.0)
(36.740646, 30.231092, 0.0)
(36.740646, 30.231092, 0.0)
(36.740646, 30.231092, 0.0)
(36.736652, 30.229914, 0.0)
(36.736652, 30.229914, 0.0)
(36.749752, 30.212008, 0.0)
(36.745319, 30.192982, 0.0)
(36.730915, 30.175343, 0.0)
(36.730915, 30.175343, 0.0)
(36.726784, 30.177853, 0.0)
(36.713062, 30.183006, 0.0)
(36.707020, 30.198755, 0.0)
(36.705116, 30.199976, 0.0)
(36.706207, 30.220375, 0.0)
(36.706207, 30.220375, 0.0)
(36.717449, 30.206177, 0.0)
(36.721256, 30.189917, 0.0)
(36.727753, 30.175251, 0.0)
(36.720863, 30.167757, 0.0)
(36.706486, 30.212988, 0.0)
(39.978466, 31.087414, 0.0)
(41.099545, 31.562101, 0.0)
(41.144325, 31.523647, 0.0)
(41.147507, 31.452665, 0.0)
(41.144932, 31.424889, 0.0)
(41.137230, 31.411640, 0.0)
(41.140099, 31.386427, 0.0)
(41.146450, 31.370106, 0.0)
(41.179722, 31.380371, 0.0)
(41.180424, 31.387529, 0.0)
(41.189407, 31.404108, 0.0)
(41.191139, 31.390261, 0.0)
(41.194035, 31.399050, 0.0)
(40.916233, 31.385185, 0.0)
(40.908493, 31.380829, 0.0)
(40.914009, 31.389553, 0.0)
(40.914009, 31.389553, 0.0)
(40.908676, 31.403286, 0.0)
(40.910942, 31.454197, 0.0)
(40.893017, 31.454704, 0.0)
(40.898067, 31.427767, 0.0)
(40.908676, 31.403286, 0.0)
(40.910534, 31.392391, 0.0)
(40.908676, 31.403286, 0.0)
(40.905201, 31.400404, 0.0)
(40.905201, 31.400404, 0.0)
(40.930660, 31.429861, 0.0)
(40.917320, 31.444775, 0.0)
(40.923279, 31.470131, 0.0)
(40.930294, 31.490679, 0.0)
(40.934292, 31.490950, 0.0)
(40.924255, 31.498457, 0.0)
(40.887272, 31.465794, 0.0)
(40.886395, 31.457977, 0.0)
(40.900375, 31.429777, 0.0)
(40.890686, 31.380856, 0.0)
(40.872269, 31.406395, 0.0)
(40.870239, 31.411797, 0.0)
(39.492401, 32.090286, 0.0)
(36.414272, 33.537086, 0.0)
(36.003304, 33.918438, 0.0)
(35.943867, 33.936604, 0.0)
(35.915943, 33.897755, 0.0)
(35.898972, 33.843292, 0.0)
(35.539017, 33.991135, 0.0)
(35.457279, 34.033485, 0.0)
(35.473942, 34.028660, 0.0)
(35.481384, 34.038048, 0.0)
(35.477657, 34.019535, 0.0)
(35.458836, 34.016788, 0.0)
(35.464527, 33.968899, 0.0)
(35.460678, 33.961941, 0.0)
(35.469460, 33.949604, 0.0)
(35.452545, 33.937138, 0.0)
(35.441212, 33.959251, 0.0)
(35.449123, 33.986279, 0.0)
(35.427223, 34.000298, 0.0)
(35.426739, 33.992233, 0.0)
(35.425919, 33.984509, 0.0)
(35.437294, 33.982830, 0.0)
(35.415817, 33.982185, 0.0)
(35.409760, 33.960857, 0.0)
(35.415501, 33.940445, 0.0)
(35.396561, 33.972561, 0.0)
(35.395840, 33.945175, 0.0)
(35.369671, 33.977535, 0.0)
(35.378689, 33.993408, 0.0)
(35.374969, 33.978931, 0.0)
(35.377918, 33.949860, 0.0)
(35.409847, 33.922501, 0.0)
(35.413445, 33.921249, 0.0)
(35.443119, 33.908020, 0.0)
(35.421234, 33.899593, 0.0)
(35.385475, 33.895988, 0.0)
(35.399143, 33.914886, 0.0)
(35.423523, 33.919106, 0.0)
(35.119625, 34.570869, 0.0)
(33.486237, 37.686089, 0.0)
(33.247124, 38.174149, 0.0)
(33.208191, 38.177151, 0.0)
(33.154556, 38.123920, 0.0)
(33.153912, 38.132484, 0.0)
(33.123211, 38.138298, 0.0)
(33.115410, 38.150616, 0.0)
(33.109104, 38.149361, 0.0)
(33.115154, 38.123882, 0.0)
(33.108871, 38.089603, 0.0)
(33.093315, 38.087929, 0.0)
(33.084282, 38.062248, 0.0)
(33.081188, 38.041702, 0.0)
(33.072224, 38.038540, 0.0)
(33.084698, 38.021324, 0.0)
(33.060055, 38.020756, 0.0)
(33.033119, 38.063416, 0.0)
(33.030781, 38.089275, 0.0)
(33.020931, 38.087826, 0.0)
(33.023731, 38.090294, 0.0)
(33.028259, 38.094532, 0.0)
(33.031509, 38.082882, 0.0)
(33.025078, 38.072987, 0.0)
(33.037796, 38.060947, 0.0)
(33.029095, 38.008041, 0.0)
(33.023521, 38.005508, 0.0)
(33.021095, 38.007565, 0.0)
(33.018002, 38.023426, 0.0)
(33.024708, 38.008965, 0.0)
(33.049477, 38.008011, 0.0)
(33.047153, 37.982407, 0.0)
(33.052662, 37.971905, 0.0)
(33.069775, 37.970448, 0.0)
(33.067322, 37.948624, 0.0)
(33.056793, 37.950661, 0.0)
(33.053955, 37.983173, 0.0)
(33.080383, 37.995705, 0.0)
(36.112572, 36.765953, 0.0)
(36.478462, 36.750198, 0.0)
(36.463955, 36.719593, 0.0)
(36.477791, 36.684429, 0.0)
(36.468712, 36.645725, 0.0)
(37.129139, 36.394703, 0.0)
(37.246529, 36.379219, 0.0)
(37.255836, 36.366035, 0.0)
(37.259750, 36.346676, 0.0)
(37.247532, 36.443394, 0.0)
(37.237442, 36.429035, 0.0)
(37.233761, 36.440975, 0.0)
(37.234509, 36.418839, 0.0)
(37.234509, 36.418839, 0.0)
(37.234207, 36.395027, 0.0)
(37.212803, 36.354702, 0.0)
(37.195774, 36.407001, 0.0)
(37.180241, 36.414547, 0.0)
(37.187088, 36.461746, 0.0)
(37.163944, 36.425358, 0.0)
(37.150856, 36.432629, 0.0)
(37.143337, 36.431816, 0.0)
(37.143333, 36.417732, 0.0)
(37.122650, 36.406204, 0.0)
(37.116241, 36.387466, 0.0)
(37.108955, 36.379017, 0.0)
(37.103245, 36.381798, 0.0)
(37.098206, 36.392838, 0.0)
(37.091595, 36.384300, 0.0)
(37.085487, 36.421593, 0.0)
(37.093391, 36.408318, 0.0)
(37.106647, 36.382088, 0.0)
(37.146832, 36.376316, 0.0)
(37.140259, 36.356560, 0.0)
(37.120846, 36.406574, 0.0)
(37.130955, 36.466301, 0.0)
(37.128448, 36.462799, 0.0)
(38.102360, 36.661503, 0.0)
(42.261837, 37.309929, 0.0)
(43.090576, 37.642830, 0.0)
(43.136528, 37.666775, 0.0)
(43.121414, 37.613129, 0.0)
(43.137474, 37.612309, 0.0)
(43.134548, 37.588078, 0.0)
(43.165260, 37.582890, 0.0)
(43.171936, 37.602352, 0.0)
(43.172577, 37.624569, 0.0)
(43.179871, 37.619675, 0.0)
(43.183529, 37.619621, 0.0)
(43.182430, 37.603321, 0.0)
(43.191105, 37.602589, 0.0)
(43.203465, 37.597595, 0.0)
(43.184113, 37.608833, 0.0)
(43.160896, 37.593430, 0.0)
(43.136147, 37.627048, 0.0)
(43.153976, 37.644451, 0.0)
(43.155361, 37.658978, 0.0)
(43.176731, 37.695232, 0.0)
(43.186211, 37.691757, 0.0)
(43.183334, 37.692513, 0.0)
(43.169159, 37.694881, 0.0)
(43.164169, 37.693283, 0.0)
(43.147671, 37.691471, 0.0)
(43.147671, 37.691471, 0.0)
(43.149826, 37.687969, 0.0)
(43.141136, 37.689396, 0.0)
(43.136635, 37.699429, 0.0)
(43.130081, 37.695190, 0.0)
(43.160736, 37.705677, 0.0)
(43.188484, 37.716362, 0.0)
(43.196312, 37.688126, 0.0)
(43.190956, 37.687088, 0.0)
(43.177925, 37.682739, 0.0)
(43.177658, 37.684219, 0.0)
(43.163834, 37.690250, 0.0)
(40.860867, 36.075153, 0.0)
(37.002678, 33.186329, 0.0)
(34.654068, 32.268650, 0.0)
(34.165119, 31.932333, 0.0)
(34.095280, 31.999025, 0.0)
(34.053253, 32.029655, 0.0)
(33.991234, 32.035164, 0.0)
(33.989826, 32.021770, 0.0)
(33.995495, 32.021515, 0.0)
(33.980011, 31.974367, 0.0)
(33.998947, 31.967632, 0.0)
(34.026691, 31.947252, 0.0)
(34.023491, 31.945391, 0.0)
(34.014896, 31.913908, 0.0)
(34.016247, 31.894802, 0.0)
(33.992844, 31.913763, 0.0)
(34.001362, 31.941570, 0.0)
(34.013245, 31.951504, 0.0)
(33.957191, 31.995653, 0.0)
(33.952858, 31.982363, 0.0)
(33.968418, 31.982365, 0.0)
(33.958714, 32.012089, 0.0)
(33.965786, 31.992151, 0.0)
(33.960327, 31.997917, 0.0)
(33.922939, 32.004723, 0.0)
(33.922211, 32.033371, 0.0)
(33.928459, 32.031994, 0.0)
(33.911770, 32.046276, 0.0)
(33.908173, 32.049740, 0.0)
(33.923889, 32.034267, 0.0)
(33.930225, 32.038734, 0.0)
(33.925392, 32.037846, 0.0)
(33.945580, 32.026073, 0.0)
(33.933578, 32.030693, 0.0)
(33.918488, 32.041546, 0.0)
(33.919750, 32.045666, 0.0)
(33.922665, 32.041965, 0.0)
(33.954037, 32.037125, 0.0)
(34.312714, 32.113773, 0.0)
(39.121681, 33.685932, 0.0)
(43.258965, 36.587540, 0.0)
(45.502182, 38.293877, 0.0)
(45.634621, 38.376385, 0.0)
(45.575382, 38.313801, 0.0)
(45.571461, 38.293385, 0.0)
(45.553226, 38.297756, 0.0)
(45.555237, 38.290821, 0.0)
(45.537884, 38.273598, 0.0)
(45.528534, 38.263489, 0.0)
(45.548580, 38.272503, 0.0)
(45.533909, 38.245491, 0.0)
(45.532200, 38.234131, 0.0)
(45.203896, 37.977005, 0.0)
(45.102398, 37.969978, 0.0)
(45.110336, 37.985271, 0.0)
(45.073009, 37.971214, 0.0)
(45.071030, 37.983109, 0.0)
(45.094986, 37.969398, 0.0)
(45.078411, 37.949165, 0.0)
(45.072289, 37.935265, 0.0)
(45.061123, 37.933224, 0.0)
(45.053917, 37.909950, 0.0)
(45.018063, 37.936539, 0.0)
(45.018169, 37.916843, 0.0)
(45.015751, 37.938068, 0.0)
(45.010960, 37.930126, 0.0)
(44.995495, 37.925274, 0.0)
(44.997837, 37.919922, 0.0)
(45.005722, 37.929737, 0.0)
(44.998528, 37.909527, 0.0)
(44.999420, 37.893391, 0.0)
(45.018368, 37.790981, 0.0)
(44.992680, 37.784767, 0.0)
(45.001736, 37.807350, 0.0)
(44.992378, 37.820744, 0.0)
(44.985569, 37.831882, 0.0)
(41.297176, 36.417553, 0.0)
(37.171379, 34.996277, 0.0)
(34.448566, 34.561653, 0.0)
(33.175346, 34.308872, 0.0)
(32.962086, 34.196449, 0.0)
(32.915371, 34.206234, 0.0)
(32.898846, 34.222755, 0.0)
(32.850716, 34.184406, 0.0)
(32.373188, 34.055599, 0.0)
(32.304371, 34.025246, 0.0)
(32.305218, 34.038769, 0.0)
(32.368103, 34.001888, 0.0)
(32.361179, 33.983391, 0.0)
(32.368389, 33.971714, 0.0)
(32.367138, 33.966331, 0.0)
(32.368389, 33.971714, 0.0)
(32.374588, 33.977066, 0.0)
(32.365009, 33.974155, 0.0)
(32.373642, 33.965538, 0.0)
(32.348164, 33.979156, 0.0)
(32.354698, 33.976254, 0.0)
(32.346058, 33.977371, 0.0)
(32.358879, 33.974518, 0.0)
(32.374599, 33.962666, 0.0)
(32.381435, 33.948242, 0.0)
(32.385181, 33.960140, 0.0)
(32.372009, 33.989513, 0.0)
(32.378361, 34.004539, 0.0)
(32.383282, 34.019802, 0.0)
(32.394886, 34.018856, 0.0)
(32.391209, 34.027809, 0.0)
(32.395809, 34.007225, 0.0)
(32.372581, 34.019356, 0.0)
(32.379791, 34.010788, 0.0)
(32.374992, 34.028130, 0.0)
(32.384209, 34.037769, 0.0)
(32.498203, 34.036423, 0.0)
(34.188560, 34.466034, 0.0)
(34.315159, 34.464630, 0.0)
(34.289307, 34.415657, 0.0)
(34.260471, 34.373940, 0.0)
(34.203468, 34.336922, 0.0)
(33.900738, 34.300266, 0.0)
(33.877167, 34.288460, 0.0)
(33.859234, 34.350803, 0.0)
(33.855869, 34.340679, 0.0)
(33.871014, 34.324287, 0.0)
(33.846531, 34.338108, 0.0)
(33.839241, 34.313274, 0.0)
(33.864021, 34.313847, 0.0)
(33.879158, 34.289837, 0.0)
(33.859589, 34.284649, 0.0)
(33.830338, 34.346409, 0.0)
(33.832294, 34.366730, 0.0)
(33.822124, 34.368881, 0.0)
(33.798603, 34.369362, 0.0)
(33.805828, 34.396011, 0.0)
(33.823826, 34.373245, 0.0)
(33.814751, 34.411053, 0.0)
(33.819538, 34.420078, 0.0)
(33.813637, 34.377125, 0.0)
(33.793739, 34.379700, 0.0)
(33.800159, 34.379593, 0.0)
(33.800159, 34.379593, 0.0)
(33.811214, 34.391945, 0.0)
(33.833488, 34.413208, 0.0)
(33.850674, 34.419342, 0.0)
(33.862976, 34.432655, 0.0)
(33.873074, 34.432693, 0.0)
(33.904533, 34.424107, 0.0)
(33.908035, 34.424789, 0.0)
(33.915840, 34.397770, 0.0)
(33.880299, 34.433014, 0.0)
(33.874069, 34.443245, 0.0)
(35.516785, 34.093239, 0.0)
(40.683762, 33.356445, 0.0)
(44.259190, 33.761497, 0.0)
(44.734486, 33.947948, 0.0)
(44.783176, 33.939919, 0.0)
(44.790646, 33.924667, 0.0)
(44.803932, 33.861382, 0.0)
(44.847134, 33.852085, 0.0)
(44.869610, 33.816631, 0.0)
(44.895214, 33.866699, 0.0)
(44.895611, 33.855934, 0.0)
(44.902763, 33.883812, 0.0)
(44.895401, 33.872391, 0.0)
(44.903889, 33.800877, 0.0)
(44.915073, 33.815758, 0.0)
(44.946060, 33.775368, 0.0)
(44.939713, 33.800053, 0.0)
(44.924576, 33.816933, 0.0)
(44.921505, 33.864410, 0.0)
(44.937649, 33.873863, 0.0)
(44.939381, 33.876446, 0.0)
(44.939381, 33.876446, 0.0)
(44.952053, 33.837811, 0.0)
(44.950783, 33.819794, 0.0)
(44.950783, 33.819794, 0.0)
(44.947353, 33.816319, 0.0)
(44.927937, 33.816204, 0.0)
(44.926361, 33.821293, 0.0)
(44.918839, 33.862591, 0.0)
(44.934032, 33.818321, 0.0)
(44.927937, 33.816204, 0.0)
(44.913124, 33.799160, 0.0)
(44.927155, 33.773270, 0.0)
(44.924179, 33.769180, 0.0)
(44.922752, 33.758244, 0.0)
(44.900921, 33.773884, 0.0)
(44.880123, 33.794136, 0.0)
(44.861015, 33.807064, 0.0)
(44.849247, 33.803066, 0.0)
(42.113644, 34.055969, 0.0)
(37.944839, 35.149864, 0.0)
(35.342434, 36.720016, 0.0)
(33.996056, 38.115475, 0.0)
(33.546692, 38.560303, 0.0)
(33.534218, 38.565166, 0.0)
(33.469948, 38.493237, 0.0)
(33.462494, 38.482407, 0.0)
(33.257431, 38.874905, 0.0)
(33.080933, 39.174397, 0.0)
(33.062160, 39.156483, 0.0)
(33.058762, 39.148220, 0.0)
(33.042492, 39.112190, 0.0)
(33.054092, 39.111229, 0.0)
(33.064240, 39.073959, 0.0)
(33.032604, 39.095787, 0.0)
(33.017342, 39.117439, 0.0)
(33.025951, 39.124840, 0.0)
(33.002216, 39.137802, 0.0)
(33.004517, 39.125988, 0.0)
(32.999783, 39.133526, 0.0)
(33.009251, 39.118584, 0.0)
(33.013691, 39.099613, 0.0)
(33.023643, 39.046024, 0.0)
(33.033600, 39.055370, 0.0)
(33.039486, 39.052826, 0.0)
(33.043110, 39.047241, 0.0)
(33.030025, 39.047386, 0.0)
(33.047909, 39.054665, 0.0)
(33.049133, 39.043705, 0.0)
(33.069134, 39.029800, 0.0)
(33.069134, 39.029800, 0.0)
(33.075310, 39.028358, 0.0)
(33.088264, 39.000519, 0.0)
(33.069363, 39.035664, 0.0)
(33.060047, 39.043278, 0.0)
(33.060310, 39.049206, 0.0)
(33.070431, 39.042290, 0.0)
(35.918930, 37.188354, 0.0)
(41.314548, 36.345730, 0.0)
(45.335972, 36.864235, 0.0)
(47.227448, 37.143921, 0.0)
(47.426044, 37.079536, 0.0)
(47.432137, 36.989582, 0.0)
(47.443985, 36.949913, 0.0)
(47.594898, 36.627693, 0.0)
(47.867146, 35.644932, 0.0)
(47.879616, 35.621105, 0.0)
(47.860878, 35.656017, 0.0)
(47.860962, 35.707111, 0.0)
(47.872498, 35.703274, 0.0)
(47.885635, 35.598610, 0.0)
(47.866501, 35.394848, 0.0)
(47.539753, 34.647724, 0.0)
(47.423260, 35.079018, 0.0)
(47.399899, 35.047699, 0.0)
(47.433659, 34.672050, 0.0)
(47.515236, 34.866997, 0.0)
(47.567596, 34.980484, 0.0)
(47.572884, 35.017845, 0.0)
(47.578087, 35.074936, 0.0)
(47.586941, 35.080425, 0.0)
(47.571613, 35.097435, 0.0)
(47.563862, 35.122444, 0.0)
(47.559868, 35.165730, 0.0)
(47.536331, 35.209911, 0.0)
(47.532341, 35.206963, 0.0)
(47.524555, 35.217728, 0.0)
(47.517914, 35.188110, 0.0)
(47.533791, 35.197292, 0.0)
(47.543941, 35.195377, 0.0)
(47.543941, 35.195377, 0.0)
(47.519749, 35.187946, 0.0)
(47.483273, 35.188087, 0.0)
(47.359669, 35.274082, 0.0)
(43.971531, 37.072414, 0.0)
(43.499966, 37.401836, 0.0)
(43.465794, 37.294235, 0.0)
(43.409672, 37.228615, 0.0)
(43.387974, 37.201519, 0.0)
(43.399448, 37.162464, 0.0)
(43.289951, 36.841358, 0.0)
(43.283997, 36.816715, 0.0)
(43.303642, 36.839146, 0.0)
(43.327019, 36.814564, 0.0)
(43.312634, 36.803139, 0.0)
(43.306881, 36.789452, 0.0)
(43.291439, 36.799999, 0.0)
(43.284370, 36.798866, 0.0)
(43.303757, 36.765957, 0.0)
(43.301399, 36.764305, 0.0)
(43.254910, 36.768585, 0.0)
(43.092911, 36.744251, 0.0)
(43.077972, 36.717430, 0.0)
(43.070637, 36.689178, 0.0)
(43.066139, 36.729694, 0.0)
(43.080986, 36.762104, 0.0)
(43.068272, 36.761509, 0.0)
(43.064358, 36.747253, 0.0)
(43.048527, 36.710171, 0.0)
(43.024368, 36.704506, 0.0)
(43.001545, 36.705692, 0.0)
(42.985695, 36.701008, 0.0)
(43.013695, 36.746758, 0.0)
(43.016392, 36.744083, 0.0)
(42.995529, 36.774746, 0.0)
(42.995529, 36.774746, 0.0)
(42.986977, 36.746754, 0.0)
(42.982548, 36.729420, 0.0)
(42.987503, 36.678673, 0.0)
(42.941586, 36.720650, 0.0)
(42.939720, 36.760296, 0.0)
(42.950375, 36.790272, 0.0)
(45.224979, 36.036804, 0.0)
(47.669205, 35.332428, 0.0)
(48.628151, 35.362366, 0.0)
(48.656773, 35.312267, 0.0)
(48.642330, 35.283455, 0.0)
(48.637497, 35.243790, 0.0)
(48.618690, 35.192184, 0.0)
(48.586632, 35.202667, 0.0)
(48.541603, 35.161812, 0.0)
(48.555092, 35.118107, 0.0)
(48.552383, 35.123558, 0.0)
(48.541702, 35.081318, 0.0)
(48.528751, 35.065155, 0.0)
(48.527557, 35.020710, 0.0)
(48.529213, 34.953346, 0.0)
(48.486992, 34.944435, 0.0)
(48.376827, 34.754745, 0.0)
(48.308472, 34.644539, 0.0)
(48.293427, 34.638493, 0.0)
(48.290329, 34.601009, 0.0)
(48.291008, 34.589733, 0.0)
(48.283249, 34.615204, 0.0)
(48.262760, 34.597973, 0.0)
(48.259567, 34.600567, 0.0)
(48.262760, 34.597973, 0.0)
(48.257023, 34.604176, 0.0)
(48.254917, 34.596756, 0.0)
(48.246510, 34.596924, 0.0)
(48.239540, 34.587444, 0.0)
(48.215801, 34.574825, 0.0)
(48.211990, 34.585999, 0.0)
(48.189571, 34.581669, 0.0)
(48.186832, 34.582592, 0.0)
(48.184639, 34.570988, 0.0)
(48.161358, 34.585052, 0.0)
(48.150391, 34.598099, 0.0)
(48.148235, 34.635220, 0.0)
(47.549347, 34.431725, 0.0)
(42.971031, 33.071304, 0.0)
(39.080147, 33.019119, 0.0)
(38.474411, 33.177319, 0.0)
(38.461826, 33.122314, 0.0)
(38.470310, 33.060619, 0.0)
(38.958321, 32.877731, 0.0)
(39.161709, 32.777569, 0.0)
(39.170307, 32.792000, 0.0)
(39.171631, 32.779709, 0.0)
(39.214397, 32.753498, 0.0)
(39.153824, 32.614315, 0.0)
(38.793858, 31.977060, 0.0)
(38.738949, 31.969475, 0.0)
(38.920094, 31.994431, 0.0)
(39.074707, 32.200340, 0.0)
(39.082424, 32.343990, 0.0)
(39.083408, 32.393536, 0.0)
(39.081417, 32.422035, 0.0)
(39.093525, 32.480843, 0.0)
(39.086544, 32.501850, 0.0)
(39.110130, 32.538582, 0.0)
(39.113029, 32.555637, 0.0)
(39.074051, 32.566227, 0.0)
(39.081787, 32.554115, 0.0)
(39.094624, 32.552963, 0.0)
(39.065155, 32.554287, 0.0)
(39.083027, 32.574825, 0.0)
(39.077881, 32.602211, 0.0)
(39.055626, 32.622707, 0.0)
(39.048702, 32.638962, 0.0)
(39.052055, 32.641869, 0.0)
(39.042614, 32.654804, 0.0)
(39.042614, 32.654804, 0.0)
(39.062080, 32.615036, 0.0)
(39.061913, 32.604923, 0.0)
(39.053303, 32.608925, 0.0)
(39.023609, 32.633167, 0.0)
(37.044041, 31.742125, 0.0)
(35.230621, 30.837906, 0.0)
(35.134033, 30.963207, 0.0)
(35.167667, 31.016985, 0.0)
(35.147522, 31.001755, 0.0)
(35.134033, 30.971172, 0.0)
(35.133965, 30.964470, 0.0)
(35.133217, 30.939833, 0.0)
(35.367416, 30.777575, 0.0)
(35.374687, 30.774738, 0.0)
(35.343288, 30.800856, 0.0)
(35.350105, 30.792389, 0.0)
(35.341663, 30.806345, 0.0)
(35.343513, 30.789602, 0.0)
(35.350979, 30.766706, 0.0)
(35.190048, 30.484058, 0.0)
(34.988277, 30.443150, 0.0)
(34.806160, 31.263832, 0.0)
(34.771183, 31.288555, 0.0)
(34.822041, 31.441231, 0.0)
(34.767979, 31.303904, 0.0)
(34.859447, 30.158813, 0.0)
(35.066612, 30.405844, 0.0)
(35.122005, 30.631910, 0.0)
(35.121727, 30.683329, 0.0)
(35.137272, 30.733913, 0.0)
(35.129074, 30.754709, 0.0)
(35.133720, 30.780436, 0.0)
(35.159256, 30.800903, 0.0)
(35.161816, 30.831114, 0.0)
(35.169720, 30.822981, 0.0)
(35.165909, 30.839415, 0.0)
(35.163872, 30.847553, 0.0)
(35.169628, 30.845541, 0.0)
(35.174530, 30.841688, 0.0)
(35.189342, 30.823099, 0.0)
(35.174530, 30.841688, 0.0)
(35.155796, 30.874384, 0.0)
(38.156330, 32.532944, 0.0)
(42.289265, 35.872761, 0.0)
(44.921551, 38.691681, 0.0)
(45.395584, 39.363750, 0.0)
(45.377277, 39.403625, 0.0)
(45.357628, 39.302563, 0.0)
(45.344814, 39.276226, 0.0)
(45.342651, 39.233704, 0.0)
(45.327858, 39.208267, 0.0)
(45.350014, 39.216114, 0.0)
(45.335819, 39.208733, 0.0)
(45.318829, 39.174377, 0.0)
(45.191246, 39.052753, 0.0)
(45.166412, 39.039272, 0.0)
(45.153465, 39.023216, 0.0)
(45.152466, 39.006992, 0.0)
(45.184505, 38.963245, 0.0)
(45.157513, 38.975769, 0.0)
(45.310688, 39.004837, 0.0)
(45.317375, 39.005806, 0.0)
(45.277500, 39.029099, 0.0)
(45.278358, 38.994465, 0.0)
(45.278095, 39.004578, 0.0)
(45.298584, 39.031467, 0.0)
(45.290638, 39.021881, 0.0)
(45.241440, 38.995060, 0.0)
(45.228657, 39.028885, 0.0)
(45.095478, 38.875267, 0.0)
(45.074486, 38.795216, 0.0)
(45.068207, 38.785847, 0.0)
(45.070213, 38.791943, 0.0)
(45.079739, 38.810459, 0.0)
(45.074043, 38.845638, 0.0)
(45.081139, 38.831524, 0.0)
(45.085804, 38.820263, 0.0)
(45.111969, 38.780640, 0.0)
(45.104130, 38.737717, 0.0)
(46.104282, 38.094193, 0.0)
(48.076534, 36.212376, 0.0)
(48.439968, 35.440758, 0.0)
(48.446316, 35.477901, 0.0)
(48.403286, 35.391731, 0.0)
(48.395416, 35.631813, 0.0)
(48.760849, 35.903999, 0.0)
(48.530594, 34.715897, 0.0)
(48.505802, 35.022541, 0.0)
(48.591022, 35.248543, 0.0)
(48.575821, 35.278709, 0.0)
(48.597744, 35.287769, 0.0)
(48.590309, 35.280025, 0.0)
(48.576809, 35.265305, 0.0)
(48.306427, 35.200989, 0.0)
(48.313271, 35.234394, 0.0)
(48.309010, 35.257435, 0.0)
(48.302551, 35.287300, 0.0)
(48.283424, 35.298553, 0.0)
(48.279564, 35.307430, 0.0)
(48.280598, 35.318432, 0.0)
(48.280598, 35.318432, 0.0)
(48.277107, 35.320065, 0.0)
(48.273994, 35.301411, 0.0)
(48.273994, 35.301411, 0.0)
(48.269878, 35.288010, 0.0)
(48.262070, 35.261879, 0.0)
(48.256599, 35.272800, 0.0)
(48.248108, 35.288105, 0.0)
(48.247822, 35.280693, 0.0)
(48.250835, 35.277660, 0.0)
(48.258926, 35.287228, 0.0)
(48.267448, 35.298737, 0.0)
(48.289536, 35.250977, 0.0)
(48.299461, 35.189934, 0.0)
(48.289299, 35.233376, 0.0)
(47.859867, 34.836273, 0.0)
(44.865520, 32.312511, 0.0)
(44.736958, 32.219669, 0.0)
(44.748890, 32.216805, 0.0)
(44.782539, 32.213070, 0.0)
(44.805923, 32.176170, 0.0)
(44.820560, 32.180622, 0.0)
(44.840805, 32.135319, 0.0)
(44.814091, 31.888475, 0.0)
(44.808815, 31.849443, 0.0)
(44.811306, 31.855259, 0.0)
(44.809883, 31.849115, 0.0)
(44.830437, 31.834753, 0.0)
(44.839890, 31.843311, 0.0)
(44.839237, 31.848827, 0.0)
(44.841007, 31.833426, 0.0)
(44.897461, 31.859991, 0.0)
(44.871880, 31.847595, 0.0)
(44.834263, 31.839336, 0.0)
(44.657825, 31.881750, 0.0)
(44.639572, 31.874529, 0.0)
(44.639095, 31.868370, 0.0)
(44.639690, 31.879280, 0.0)
(44.630882, 31.912550, 0.0)
(44.625481, 31.933657, 0.0)
(44.630592, 31.931877, 0.0)
(44.623020, 31.928074, 0.0)
(44.610348, 31.898203, 0.0)
(44.612843, 31.939564, 0.0)
(44.616348, 31.964834, 0.0)
(44.584309, 31.985933, 0.0)
(44.599098, 31.979853, 0.0)
(44.602917, 31.976038, 0.0)
(44.603481, 31.986542, 0.0)
(44.595264, 31.985291, 0.0)
(44.584412, 31.997877, 0.0)
(44.572983, 31.973116, 0.0)
(44.567951, 31.980291, 0.0)
(44.562386, 32.017078, 0.0)
(42.563725, 33.252174, 0.0)
(40.084282, 35.811989, 0.0)
(39.930977, 36.293030, 0.0)
(39.899212, 36.190746, 0.0)
(39.863323, 36.140327, 0.0)
(39.834984, 36.102566, 0.0)
(39.792881, 36.049751, 0.0)
(39.570465, 35.759823, 0.0)
(39.529266, 35.760941, 0.0)
(39.524097, 35.782555, 0.0)
(39.524715, 35.756657, 0.0)
(39.535004, 35.762733, 0.0)
(39.527710, 35.759811, 0.0)
(39.524715, 35.756657, 0.0)
(39.531624, 35.752228, 0.0)
(39.520332, 35.694294, 0.0)
(39.516552, 35.704483, 0.0)
(39.498722, 35.737152, 0.0)
(39.481949, 35.770355, 0.0)
(39.494102, 35.740616, 0.0)
(39.491100, 35.718506, 0.0)
(39.487160, 35.693207, 0.0)
(39.497929, 35.678616, 0.0)
(39.490883, 35.665913, 0.0)
(39.491886, 35.661205, 0.0)
(39.492111, 35.657864, 0.0)
(39.484459, 35.669220, 0.0)
(39.464581, 35.646759, 0.0)
(39.434727, 35.619293, 0.0)
(39.435650, 35.606823, 0.0)
(39.452137, 35.621704, 0.0)
(39.451935, 35.594807, 0.0)
(39.466061, 35.582905, 0.0)
(39.452553, 35.570190, 0.0)
(39.427410, 35.585861, 0.0)
(39.415272, 35.607723, 0.0)
(39.392677, 35.650021, 0.0)
(41.260456, 35.156597, 0.0)
(45.411774, 34.221577, 0.0)
(47.348213, 34.150253, 0.0)
(47.767353, 34.207314, 0.0)
(47.806934, 34.206219, 0.0)
(47.822548, 34.194912, 0.0)
(47.811951, 34.156616, 0.0)
(47.813374, 34.144424, 0.0)
(47.817856, 34.139683, 0.0)
(47.815609, 34.138813, 0.0)
(47.806801, 34.099087, 0.0)
(47.680195, 33.756573, 0.0)
(47.604652, 33.604755, 0.0)
(47.612183, 33.616547, 0.0)
(47.615314, 33.603313, 0.0)
(47.604904, 33.591694, 0.0)
(47.585762, 33.667336, 0.0)
(47.574638, 33.666424, 0.0)
(47.580563, 33.669712, 0.0)
(47.579514, 33.659630, 0.0)
(47.590065, 33.663677, 0.0)
(47.594952, 33.656677, 0.0)
(47.630234, 33.671501, 0.0)
(47.531990, 33.570740, 0.0)
(47.550064, 33.565132, 0.0)
(47.538597, 33.592735, 0.0)
(47.531738, 33.603882, 0.0)
(47.515129, 33.611313, 0.0)
(47.518261, 33.625248, 0.0)
(47.492252, 33.578335, 0.0)
(47.481480, 33.592445, 0.0)
(47.489754, 33.531723, 0.0)
(47.507622, 33.535614, 0.0)
(47.536922, 33.535862, 0.0)
(47.515926, 33.538898, 0.0)
(47.491005, 33.583965, 0.0)
(47.481205, 33.586422, 0.0)
(47.425751, 33.545109, 0.0)
(43.292606, 32.230808, 0.0)
(38.956352, 31.604242, 0.0)
(36.832073, 31.839588, 0.0)
(36.826065, 31.843357, 0.0)
(36.851597, 31.836761, 0.0)
(36.851177, 31.842791, 0.0)
(36.839657, 31.827091, 0.0)
(36.850067, 31.814009, 0.0)
(37.166290, 31.332026, 0.0)
(37.174114, 31.302814, 0.0)
(37.169682, 31.274191, 0.0)
(37.162586, 31.263477, 0.0)
(37.157101, 31.248211, 0.0)
(37.129448, 31.218729, 0.0)
(37.112011, 31.219044, 0.0)
(37.091557, 31.221588, 0.0)
(37.085640, 31.221796, 0.0)
(37.073753, 31.223419, 0.0)
(37.071316, 31.229908, 0.0)
(37.067169, 31.231073, 0.0)
(37.076061, 31.231617, 0.0)
(37.068562, 31.218746, 0.0)
(37.068615, 31.234749, 0.0)
(37.057400, 31.241755, 0.0)
(37.048214, 31.258591, 0.0)
(37.041348, 31.262627, 0.0)
(36.954044, 31.033325, 0.0)
(36.757523, 30.465412, 0.0)
(36.887131, 30.483160, 0.0)
(37.019478, 30.768181, 0.0)
(37.054436, 30.877768, 0.0)
(37.054108, 30.923244, 0.0)
(37.011433, 30.957949, 0.0)
(37.009403, 31.028181, 0.0)
(37.038273, 31.075674, 0.0)
(37.040276, 31.101322, 0.0)
(37.042149, 31.109062, 0.0)
(37.046783, 31.125593, 0.0)
(34.222931, 31.493607, 0.0)
(32.615211, 31.907827, 0.0)
(32.536816, 31.972374, 0.0)
(32.567974, 31.985104, 0.0)
(32.557320, 31.990751, 0.0)
(32.543083, 31.997854, 0.0)
(32.529739, 32.030952, 0.0)
(32.545044, 32.009007, 0.0)
(32.554626, 32.019051, 0.0)
(32.571224, 31.994574, 0.0)
(32.590202, 31.986694, 0.0)
(32.596378, 31.973389, 0.0)
(32.531681, 31.940516, 0.0)
(32.509327, 31.935837, 0.0)
(32.481041, 31.964670, 0.0)
(32.480984, 31.974548, 0.0)
(32.466560, 31.991655, 0.0)
(32.481426, 31.984383, 0.0)
(32.477219, 31.982338, 0.0)
(32.479607, 31.961229, 0.0)
(32.481525, 31.958611, 0.0)
(32.484631, 31.960848, 0.0)
(32.470539, 31.969051, 0.0)
(32.467010, 31.989235, 0.0)
(32.490238, 32.011333, 0.0)
(32.475452, 32.046455, 0.0)
(32.490498, 32.050953, 0.0)
(32.514061, 32.030388, 0.0)
(32.531948, 31.997313, 0.0)
(32.549370, 31.965122, 0.0)
(32.577080, 31.900686, 0.0)
(32.562244, 31.918383, 0.0)
(32.547134, 31.934984, 0.0)
(32.560680, 31.966114, 0.0)
(32.551552, 31.968033, 0.0)
(32.533806, 31.972860, 0.0)
(32.557049, 31.975037, 0.0)
(34.412350, 31.719397, 0.0)
(39.913609, 31.375483, 0.0)
(43.000469, 31.689205, 0.0)
(43.005005, 31.697996, 0.0)
(42.966366, 31.673765, 0.0)
(42.976452, 31.671595, 0.0)
(42.980659, 31.672707, 0.0)
(42.985756, 31.638065, 0.0)
(42.996395, 31.592297, 0.0)
(42.993870, 31.567183, 0.0)
(42.983589, 31.505491, 0.0)
(43.002483, 31.500441, 0.0)
(42.986988, 31.502178, 0.0)
(42.959232, 31.491903, 0.0)
(42.993835, 31.528069, 0.0)
(42.961628, 31.510990, 0.0)
(42.970184, 31.512657, 0.0)
(42.980984, 31.507692, 0.0)
(42.991550, 31.489580, 0.0)
(42.976608, 31.486216, 0.0)
(42.971901, 31.470728, 0.0)
(42.968697, 31.469419, 0.0)
(42.986870, 31.496683, 0.0)
(42.985420, 31.495308, 0.0)
(42.965336, 31.499413, 0.0)
(42.958012, 31.506584, 0.0)
(42.975864, 31.516054, 0.0)
(42.983978, 31.526073, 0.0)
(42.988613, 31.500608, 0.0)
(42.981331, 31.486473, 0.0)
(42.958424, 31.488489, 0.0)
(42.939228, 31.491846, 0.0)
(42.938328, 31.505589, 0.0)
(42.933556, 31.506292, 0.0)
(42.927704, 31.518152, 0.0)
(42.931396, 31.516769, 0.0)
(42.918030, 31.514696, 0.0)
(42.919331, 31.514326, 0.0)
(42.898987, 31.498692, 0.0)
(42.883362, 31.494074, 0.0)
(42.872246, 31.517809, 0.0)
(42.829216, 31.520237, 0.0)
(42.758854, 31.548662, 0.0)
(42.708225, 31.564575, 0.0)
(42.691227, 31.568893, 0.0)
(42.666073, 31.579374, 0.0)
(39.977345, 31.825953, 0.0)
(36.964409, 33.724277, 0.0)
(35.398289, 36.511166, 0.0)
(34.608070, 38.207684, 0.0)
(34.513569, 38.227879, 0.0)
(34.440678, 38.202450, 0.0)
(34.420433, 38.165462, 0.0)
(34.409676, 38.133362, 0.0)
(34.388985, 38.109299, 0.0)
(34.628990, 37.915363, 0.0)
(39.736771, 36.932545, 0.0)
(44.288986, 37.289352, 0.0)
(46.972607, 38.254372, 0.0)
(48.100529, 38.753178, 0.0)
(48.134739, 38.752777, 0.0)
(48.122696, 38.703999, 0.0)
(48.123825, 38.687450, 0.0)
(48.121014, 38.661259, 0.0)
(48.117722, 38.672775, 0.0)
(48.130100, 38.620918, 0.0)
(48.127556, 38.616005, 0.0)
(48.138260, 38.420307, 0.0)
(48.202396, 34.748718, 0.0)
(47.662212, 32.518269, 0.0)
(47.402542, 31.872000, 0.0)
(47.399860, 31.906157, 0.0)
(47.385052, 31.958254, 0.0)
(47.387306, 31.982861, 0.0)
(47.339363, 31.988096, 0.0)
(43.309925, 30.764307, 0.0)
(40.012566, 30.692976, 0.0)
(40.054436, 30.737230, 0.0)
(40.083210, 30.723820, 0.0)
(40.086891, 30.711868, 0.0)
(39.156918, 30.943132, 0.0)
(39.026207, 31.015743, 0.0)
(39.011219, 31.014660, 0.0)
(39.039928, 30.981268, 0.0)
(39.014889, 30.960932, 0.0)
(38.987766, 30.947050, 0.0)
(38.978378, 30.922318, 0.0)
(38.750744, 30.545422, 0.0)
(38.660774, 30.789986, 0.0)
(38.558392, 31.526812, 0.0)
(38.608753, 30.900345, 0.0)
(38.713017, 30.475494, 0.0)
(38.813793, 30.675406, 0.0)
(38.871094, 30.773569, 0.0)
(38.895283, 30.841860, 0.0)
(38.902020, 30.852589, 0.0)
(38.907455, 30.864069, 0.0)
(38.917133, 30.901560, 0.0)
(38.924500, 30.924370, 0.0)
(39.009174, 30.882761, 0.0)
(39.116520, 30.769913, 0.0)
(39.125484, 30.773663, 0.0)
(39.117809, 30.769571, 0.0)
(39.111137, 30.791119, 0.0)
(39.089630, 30.810986, 0.0)
(39.084671, 30.818596, 0.0)
(39.071899, 30.823404, 0.0)
(39.074696, 30.834259, 0.0)
(39.082264, 30.838535, 0.0)
(39.074696, 30.834259, 0.0)
(39.068100, 30.846281, 0.0)
(39.068245, 30.846409, 0.0)
(39.037102, 30.873898, 0.0)
(40.903992, 31.293688, 0.0)
(45.372501, 32.877495, 0.0)
(47.274319, 34.361565, 0.0)
(47.370087, 34.494602, 0.0)
(47.350761, 34.459087, 0.0)
(47.356888, 34.426491, 0.0)
(47.913212, 34.804012, 0.0)
(47.978268, 34.841305, 0.0)
(47.952545, 34.809566, 0.0)
(47.964893, 34.779785, 0.0)
(47.941608, 34.762714, 0.0)
(47.941078, 34.769836, 0.0)
(47.949837, 34.767410, 0.0)
(47.959236, 34.730156, 0.0)
(47.945648, 34.723343, 0.0)
(47.946140, 34.714767, 0.0)
(47.928989, 34.685566, 0.0)
(47.925701, 34.699928, 0.0)
(47.908855, 34.742027, 0.0)
(47.740372, 34.591183, 0.0)
(47.707783, 34.533840, 0.0)
(47.694611, 34.540424, 0.0)
(47.690441, 34.518501, 0.0)
(47.687309, 34.492661, 0.0)
(47.687992, 34.502365, 0.0)
(47.690964, 34.469143, 0.0)
(47.650951, 34.527645, 0.0)
(47.628029, 34.527901, 0.0)
(47.628052, 34.543842, 0.0)
(47.619751, 34.558323, 0.0)
(47.607079, 34.563850, 0.0)
(47.605038, 34.549450, 0.0)
(47.603615, 34.561340, 0.0)
(47.598763, 34.550438, 0.0)
(47.589699, 34.556271, 0.0)
(47.584164, 34.566978, 0.0)
(47.584164, 34.566978, 0.0)
(46.732727, 34.162960, 0.0)
(44.946541, 33.272537, 0.0)
(44.936714, 33.291988, 0.0)
(44.958775, 33.281532, 0.0)
(44.962059, 33.247284, 0.0)
(44.985306, 33.216759, 0.0)
(44.993061, 33.162663, 0.0)
(44.994408, 32.971184, 0.0)
(44.966949, 32.951656, 0.0)
(44.967434, 32.926270, 0.0)
(44.941422, 32.941376, 0.0)
(44.942726, 32.923271, 0.0)
(44.955696, 32.925743, 0.0)
(44.967861, 32.936508, 0.0)
(44.975018, 32.907742, 0.0)
(44.982059, 32.904213, 0.0)
(44.979740, 32.924114, 0.0)
(44.950123, 32.918892, 0.0)
(44.949512, 32.913059, 0.0)
(44.960148, 32.941700, 0.0)
(44.965176, 32.940044, 0.0)
(44.954243, 32.931416, 0.0)
(44.952408, 32.919735, 0.0)
(44.953220, 32.916389, 0.0)
(44.939922, 32.903076, 0.0)
(44.924927, 32.905846, 0.0)
(44.899673, 32.908993, 0.0)
(44.895847, 32.922703, 0.0)
(44.874939, 32.910137, 0.0)
(44.885948, 32.921688, 0.0)
(44.888474, 32.917007, 0.0)
(44.895813, 32.913696, 0.0)
(44.895901, 32.909634, 0.0)
(44.899811, 32.911415, 0.0)
(44.900730, 32.895832, 0.0)
(44.899361, 32.924896, 0.0)
(44.889835, 32.934170, 0.0)
(44.886990, 32.942318, 0.0)
(44.876026, 32.919777, 0.0)
(41.961250, 33.490814, 0.0)
(37.875607, 34.584774, 0.0)
(35.240330, 35.683434, 0.0)
(33.993633, 36.365429, 0.0)
(33.623436, 36.585426, 0.0)
(33.561359, 36.607800, 0.0)
(33.435078, 36.504684, 0.0)
(32.737694, 36.184250, 0.0)
(32.584106, 35.718086, 0.0)
(32.516678, 36.103024, 0.0)
(32.435787, 36.667557, 0.0)
(32.351444, 36.290798, 0.0)
(32.633587, 35.975224, 0.0)
(32.807816, 36.188530, 0.0)
(32.870125, 36.331062, 0.0)
(32.863773, 36.409298, 0.0)
(32.862919, 36.434498, 0.0)
(32.889233, 36.456295, 0.0)
(32.729607, 36.534771, 0.0)
(32.703735, 36.534359, 0.0)
(32.711685, 36.544724, 0.0)
(32.715103, 36.529030, 0.0)
(32.701809, 36.576241, 0.0)
(32.716702, 36.571381, 0.0)
(32.707382, 36.570385, 0.0)
(32.692326, 36.564659, 0.0)
(32.690830, 36.542225, 0.0)
(32.702652, 36.522560, 0.0)
(32.724152, 36.497383, 0.0)
(32.728622, 36.506336, 0.0)
(32.731987, 36.506878, 0.0)
(32.731716, 36.491829, 0.0)
(32.741573, 36.499126, 0.0)
(32.752869, 36.532818, 0.0)
(32.769661, 36.500282, 0.0)
(32.778049, 36.499504, 0.0)
(32.804882, 36.510769, 0.0)
(32.823212, 36.487759, 0.0)
(35.834030, 35.206398, 0.0)
(40.725548, 33.832001, 0.0)
(44.420170, 33.795227, 0.0)
(46.679951, 34.458652, 0.0)
(47.395805, 34.826084, 0.0)
(47.421368, 34.806408, 0.0)
(47.403378, 34.754204, 0.0)
(47.415730, 34.764603, 0.0)
(48.579151, 37.528400, 0.0)
(48.436501, 37.937561, 0.0)
(48.421146, 37.881283, 0.0)
(48.383385, 37.871918, 0.0)
(48.358730, 37.819248, 0.0)
(48.339516, 37.836296, 0.0)
(48.299591, 37.735699, 0.0)
(47.623653, 37.001656, 0.0)
(44.165710, 33.067204, 0.0)
(41.951805, 31.456944, 0.0)
(41.908573, 31.512039, 0.0)
(41.881725, 31.513752, 0.0)
(41.859470, 31.575441, 0.0)
(41.859798, 31.597576, 0.0)
(41.859909, 31.586893, 0.0)
(41.862103, 31.591377, 0.0)
(41.874321, 31.551359, 0.0)
(41.880020, 31.514034, 0.0)
(41.887409, 31.512878, 0.0)
(41.906094, 31.503664, 0.0)
(41.905140, 31.512991, 0.0)
(41.889217, 31.520327, 0.0)
(41.895954, 31.528545, 0.0)
(41.893810, 31.542740, 0.0)
(41.872757, 31.539364, 0.0)
(41.871140, 31.534109, 0.0)
(41.888817, 31.552412, 0.0)
(41.892715, 31.551592, 0.0)
(41.900650, 31.559658, 0.0)
(44.713318, 33.189873, 0.0)
(46.398895, 34.024689, 0.0)
(46.446724, 34.071117, 0.0)
(46.416508, 34.039318, 0.0)
(46.400593, 34.030449, 0.0)
(46.413567, 34.014687, 0.0)
(46.696884, 34.403797, 0.0)
(46.702908, 34.439716, 0.0)
(46.705528, 34.393932, 0.0)
(46.699974, 34.382820, 0.0)
(46.698364, 34.370098, 0.0)
(46.692314, 34.379200, 0.0)
(46.670242, 34.379063, 0.0)
(46.652599, 34.365833, 0.0)
(46.645557, 34.369591, 0.0)
(46.631977, 34.399696, 0.0)
(46.627064, 34.375423, 0.0)
(46.655403, 34.323864, 0.0)
(46.637848, 34.287716, 0.0)
(46.612133, 34.298340, 0.0)
(46.613583, 34.336735, 0.0)
(46.617607, 34.368896, 0.0)
(46.604599, 34.362770, 0.0)
(46.602196, 34.333599, 0.0)
(46.605682, 34.342556, 0.0)
(46.604187, 34.292870, 0.0)
(46.617798, 34.269863, 0.0)
(46.614506, 34.279995, 0.0)
(46.613312, 34.316929, 0.0)
(46.618973, 34.310120, 0.0)
(46.618156, 34.348114, 0.0)
(46.606720, 34.337067, 0.0)
(46.616928, 34.357475, 0.0)
(46.621483, 34.344494, 0.0)
(46.644047, 34.308796, 0.0)
(46.629257, 34.288631, 0.0)
(46.603168, 34.334492, 0.0)
(46.596813, 34.367466, 0.0)
(43.915161, 34.253654, 0.0)
(39.543388, 34.307655, 0.0)
(36.542828, 35.350780, 0.0)
(34.762962, 36.669674, 0.0)
(33.711609, 37.440819, 0.0)
(33.343674, 37.529659, 0.0)
(33.284622, 37.465336, 0.0)
(33.269157, 37.446457, 0.0)
(33.273327, 37.405651, 0.0)
(32.927555, 37.911938, 0.0)
(32.904903, 37.982422, 0.0)
(32.908585, 37.941334, 0.0)
(32.907925, 37.890205, 0.0)
(32.901386, 37.845230, 0.0)
(32.898216, 37.812374, 0.0)
(32.880650, 37.765060, 0.0)
(32.869049, 37.779911, 0.0)
(32.873043, 37.804913, 0.0)
(32.870014, 37.802380, 0.0)
(32.864807, 37.810452, 0.0)
(32.881802, 37.808464, 0.0)
(32.891815, 37.794083, 0.0)
(32.895725, 37.770081, 0.0)
(32.898220, 37.756165, 0.0)
(32.900635, 37.759869, 0.0)
(32.898117, 37.752621, 0.0)
(32.905045, 37.772587, 0.0)
(32.899464, 37.776169, 0.0)
(32.899609, 37.787609, 0.0)
(32.906082, 37.806435, 0.0)
(32.922588, 37.791321, 0.0)
(32.945606, 37.734947, 0.0)
(32.952766, 37.724007, 0.0)
(32.945324, 37.697628, 0.0)
(32.939301, 37.722649, 0.0)
(32.939301, 37.722649, 0.0)
(32.961590, 37.726372, 0.0)
(32.969154, 37.702908, 0.0)
(34.092266, 35.035454, 0.0)
(34.736286, 33.272137, 0.0)
(34.832104, 32.894951, 0.0)
(34.770004, 32.907398, 0.0)
(34.754406, 32.893398, 0.0)
(35.436783, 32.438248, 0.0)
(35.365467, 32.075020, 0.0)
(35.195278, 31.668627, 0.0)
(35.348938, 31.823364, 0.0)
(35.521313, 31.985756, 0.0)
(35.529591, 32.030037, 0.0)
(35.535427, 32.075405, 0.0)
(35.543556, 32.102081, 0.0)
(35.533028, 32.128990, 0.0)
(35.519226, 32.165634, 0.0)
(35.518391, 32.195107, 0.0)
(35.520126, 32.205986, 0.0)
(35.514709, 32.215042, 0.0)
(35.520481, 32.245483, 0.0)
(35.562553, 32.255722, 0.0)
(35.518555, 32.283108, 0.0)
(35.519615, 32.274582, 0.0)
(35.499313, 32.272282, 0.0)
(35.481976, 32.272461, 0.0)
(35.443089, 32.287445, 0.0)
(35.475460, 32.287918, 0.0)
(35.461021, 32.298126, 0.0)
(35.498440, 32.305305, 0.0)
(35.503445, 32.292645, 0.0)
(35.537392, 32.291634, 0.0)
(35.540840, 32.269882, 0.0)
(35.510128, 32.262138, 0.0)
(35.484493, 32.273048, 0.0)
(35.505318, 32.294449, 0.0)
(35.509068, 32.300682, 0.0)
(35.519817, 32.308235, 0.0)
(35.553566, 32.316082, 0.0)
(36.099880, 32.406742, 0.0)
(41.095928, 33.970921, 0.0)
(43.590221, 35.149239, 0.0)
(43.611034, 35.127399, 0.0)
(43.589794, 35.071434, 0.0)
(43.572372, 35.056305, 0.0)
(43.560211, 35.039227, 0.0)
(43.554642, 35.019905, 0.0)
(43.567806, 34.985863, 0.0)
(43.555141, 34.983761, 0.0)
(43.574062, 34.940639, 0.0)
(43.447151, 34.769421, 0.0)
(43.356544, 34.638874, 0.0)
(43.346508, 34.634869, 0.0)
(43.341183, 34.651470, 0.0)
(43.344234, 34.646812, 0.0)
(43.341606, 34.661537, 0.0)
(43.354660, 34.654602, 0.0)
(43.352463, 34.672318, 0.0)
(43.362865, 34.655445, 0.0)
(43.355568, 34.643398, 0.0)
(43.357117, 34.656715, 0.0)
(43.343807, 34.647327, 0.0)
(43.337166, 34.640232, 0.0)
(43.330563, 34.644356, 0.0)
(43.331432, 34.651440, 0.0)
(43.315090, 34.667793, 0.0)
(43.316132, 34.654945, 0.0)
(43.326317, 34.648930, 0.0)
(43.326569, 34.642818, 0.0)
(43.330158, 34.629730, 0.0)
(43.284309, 34.658031, 0.0)
(43.272141, 34.690460, 0.0)
(43.258732, 34.701733, 0.0)
(43.254799, 34.717068, 0.0)
(43.261932, 34.706654, 0.0)
(43.240002, 34.681137, 0.0)
(43.240807, 34.689095, 0.0)
(42.889210, 33.987072, 0.0)
(41.409626, 31.021608, 0.0)
(41.049053, 29.874228, 0.0)
(40.990570, 29.989744, 0.0)
(40.979702, 30.037209, 0.0)
(40.971100, 30.035038, 0.0)
(40.946690, 29.974825, 0.0)
(40.874180, 29.327305, 0.0)
(40.884480, 29.268063, 0.0)
(40.867561, 29.213573, 0.0)
(40.861061, 29.214598, 0.0)
(40.847435, 29.235432, 0.0)
(40.859501, 29.240965, 0.0)
(40.840317, 29.251442, 0.0)
(40.846634, 29.226538, 0.0)
(40.844685, 29.218996, 0.0)
(40.846634, 29.226538, 0.0)
(40.827572, 29.218124, 0.0)
(40.793350, 29.226667, 0.0)
(40.797600, 29.229382, 0.0)
(40.777439, 29.260122, 0.0)
(40.768559, 29.308630, 0.0)
(40.772823, 29.307423, 0.0)
(40.748753, 29.315069, 0.0)
(40.740337, 29.360102, 0.0)
(40.731644, 29.353550, 0.0)
(40.753056, 29.370594, 0.0)
(40.763546, 29.347052, 0.0)
(40.738964, 29.342066, 0.0)
(40.732998, 29.369745, 0.0)
(40.733318, 29.374483, 0.0)
(40.708527, 29.432444, 0.0)
(40.702591, 29.459057, 0.0)
(40.716122, 29.448721, 0.0)
(40.725151, 29.449903, 0.0)
(40.702126, 29.430315, 0.0)
(40.711205, 29.432184, 0.0)
(40.745358, 29.461266, 0.0)
(44.067036, 30.389549, 0.0)
(46.642780, 31.501102, 0.0)
(47.441116, 32.060909, 0.0)
(47.469425, 32.092682, 0.0)
(47.454693, 32.064171, 0.0)
(47.443207, 32.022015, 0.0)
(47.442486, 31.975780, 0.0)
(47.048134, 31.596727, 0.0)
(47.015343, 31.547363, 0.0)
(46.998135, 31.580753, 0.0)
(46.872993, 31.432289, 0.0)
(46.737793, 30.809553, 0.0)
(46.691936, 30.635756, 0.0)
(46.631577, 30.832941, 0.0)
(46.654224, 31.090975, 0.0)
(46.651466, 31.146246, 0.0)
(46.669407, 31.203022, 0.0)
(46.703957, 31.254425, 0.0)
(46.720913, 31.286724, 0.0)
(46.711227, 31.331329, 0.0)
(46.710106, 31.364569, 0.0)
(46.688923, 31.368021, 0.0)
(46.688923, 31.368021, 0.0)
(46.688961, 31.383478, 0.0)
(46.710918, 31.405651, 0.0)
(46.723698, 31.379341, 0.0)
(46.715733, 31.372351, 0.0)
(46.667744, 31.415054, 0.0)
(46.649975, 31.426519, 0.0)
(46.632030, 31.413153, 0.0)
(46.632030, 31.413153, 0.0)
(46.656239, 31.438805, 0.0)
(46.679710, 31.445501, 0.0)
(46.688004, 31.433846, 0.0)
(46.688004, 31.433846, 0.0)
(46.675343, 31.420486, 0.0)
(46.629383, 31.422016, 0.0)
(46.632874, 31.440205, 0.0)
(46.395939, 32.633018, 0.0)
(46.400600, 32.990574, 0.0)
(46.416466, 32.974110, 0.0)
(46.439816, 32.918129, 0.0)
(46.448860, 32.917549, 0.0)
(46.466537, 32.857422, 0.0)
(46.465080, 32.868690, 0.0)
(46.389030, 32.750675, 0.0)
(46.392952, 32.732525, 0.0)
(46.380661, 32.743343, 0.0)
(46.393024, 32.735943, 0.0)
(46.419731, 32.732914, 0.0)
(46.458466, 32.704174, 0.0)
(46.416668, 32.679493, 0.0)
(46.415302, 32.673119, 0.0)
(46.429119, 32.672241, 0.0)
(46.428089, 32.670494, 0.0)
(46.428093, 32.676807, 0.0)
(46.419495, 32.667088, 0.0)
(46.394085, 32.662445, 0.0)
(46.374176, 32.661343, 0.0)
(46.353027, 32.671730, 0.0)
(46.357296, 32.638489, 0.0)
(46.340317, 32.596066, 0.0)
(46.323212, 32.624485, 0.0)
(46.327900, 32.701836, 0.0)
(46.299496, 32.691074, 0.0)
(46.290730, 32.693707, 0.0)
(46.310940, 32.717846, 0.0)
(46.303406, 32.699142, 0.0)
(46.308792, 32.687046, 0.0)
(46.302315, 32.664455, 0.0)
(46.289772, 32.673515, 0.0)
(46.278336, 32.692333, 0.0)
(46.281399, 32.682243, 0.0)
(46.287743, 32.666649, 0.0)
(46.279102, 32.677628, 0.0)
(46.201035, 32.714886, 0.0)
(42.632954, 34.072487, 0.0)
(38.811741, 35.949020, 0.0)
(36.205227, 37.493183, 0.0)
(35.459057, 38.041809, 0.0)
(35.348949, 38.003887, 0.0)
(35.333965, 37.920631, 0.0)
(35.286968, 37.846745, 0.0)
(35.275787, 37.805470, 0.0)
(35.905003, 37.448639, 0.0)
(35.965103, 37.413975, 0.0)
(35.941658, 37.402863, 0.0)
(35.947487, 37.342903, 0.0)
(35.921120, 37.263054, 0.0)
(35.853611, 37.157120, 0.0)
(35.570023, 36.632694, 0.0)
(35.478302, 36.483440, 0.0)
(35.591324, 36.692287, 0.0)
(35.657276, 36.912346, 0.0)
(35.662273, 37.023323, 0.0)
(35.720085, 37.051853, 0.0)
(35.756817, 37.048489, 0.0)
(35.764530, 37.049763, 0.0)
(35.765465, 37.103069, 0.0)
(35.778454, 37.173386, 0.0)
(35.880871, 37.194221, 0.0)
(36.010109, 37.185001, 0.0)
(36.041187, 37.198261, 0.0)
(36.048187, 37.180023, 0.0)
(36.027885, 37.181164, 0.0)
(36.023911, 37.159649, 0.0)
(36.026108, 37.156937, 0.0)
(36.011120, 37.168926, 0.0)
(36.020176, 37.156017, 0.0)
(36.022888, 37.159595, 0.0)
(36.021774, 37.164551, 0.0)
(36.008568, 37.167980, 0.0)
(36.038616, 37.124218, 0.0)
(36.033882, 37.120754, 0.0)
(36.028259, 37.089066, 0.0)
(36.017326, 37.105648, 0.0)
(36.006840, 37.135506, 0.0)
(36.002125, 37.145996, 0.0)
(35.996044, 37.161629, 0.0)
(35.979462, 37.137680, 0.0)
(35.980286, 37.132637, 0.0)
(35.970840, 37.132038, 0.0)
(35.970619, 37.088753, 0.0)
(35.972961, 37.100029, 0.0)
(35.968750, 37.085194, 0.0)
(35.982346, 37.082855, 0.0)
(38.431217, 35.932102, 0.0)
(41.559860, 35.186043, 0.0)
(43.995426, 35.381138, 0.0)
(44.105358, 35.441257, 0.0)
(44.086517, 35.409698, 0.0)
(44.082897, 35.368656, 0.0)
(44.066357, 35.369209, 0.0)
(44.057934, 35.380466, 0.0)
(44.073425, 35.374680, 0.0)
(44.087387, 35.382549, 0.0)
(44.090237, 35.391331, 0.0)
(44.090881, 35.397068, 0.0)
(44.103825, 35.393173, 0.0)
(44.097164, 35.409161, 0.0)
(44.093815, 35.426701, 0.0)
(44.078064, 35.395321, 0.0)
(44.052353, 35.398300, 0.0)
(44.040749, 35.412155, 0.0)
(44.027149, 35.415676, 0.0)
(44.016613, 35.418507, 0.0)
(44.004524, 35.427090, 0.0)
(44.019592, 35.411945, 0.0)
(44.024899, 35.409637, 0.0)
(44.023632, 35.389194, 0.0)
(44.009380, 35.398750, 0.0)
(44.015457, 35.412834, 0.0)
(44.015427, 35.445812, 0.0)
(44.008499, 35.462883, 0.0)
(42.500576, 36.543034, 0.0)
(42.099941, 36.952942, 0.0)
(42.087448, 36.948189, 0.0)
(42.064674, 36.900673, 0.0)
(42.064796, 36.882000, 0.0)
(42.042419, 36.886852, 0.0)
(42.030445, 36.877060, 0.0)
(41.676823, 36.969154, 0.0)
(41.647369, 36.989613, 0.0)
(41.659233, 36.998718, 0.0)
(41.659233, 36.998718, 0.0)
(41.662842, 36.999447, 0.0)
(41.652927, 36.993858, 0.0)
(41.668476, 36.964725, 0.0)
(41.662880, 36.954620, 0.0)
(41.637180, 36.993057, 0.0)
(41.620094, 37.008472, 0.0)
(41.617363, 37.021236, 0.0)
(41.624096, 37.069996, 0.0)
(41.630871, 37.091591, 0.0)
(41.630814, 37.107182, 0.0)
(41.633400, 37.103317, 0.0)
(41.596508, 37.077137, 0.0)
(41.589596, 37.052708, 0.0)
(41.574734, 37.058205, 0.0)
(41.588390, 37.066620, 0.0)
(41.603210, 37.114693, 0.0)
(41.596550, 37.099197, 0.0)
(41.596817, 37.091988, 0.0)
(41.609776, 37.054707, 0.0)
(41.624031, 37.033569, 0.0)
(41.612679, 37.013798, 0.0)
(41.587589, 37.000385, 0.0)
(41.558933, 37.000793, 0.0)
(41.564922, 37.014961, 0.0)
(43.446186, 35.185349, 0.0)
(45.379765, 32.701290, 0.0)
(46.044125, 32.154724, 0.0)
(46.060535, 32.238476, 0.0)
(46.029953, 32.226414, 0.0)
(46.035789, 32.192856, 0.0)
(46.352314, 32.037971, 0.0)
(46.362305, 32.043987, 0.0)
(46.277328, 31.958975, 0.0)
(46.101524, 31.914965, 0.0)
(46.314461, 32.438129, 0.0)
(45.998688, 31.144806, 0.0)
(46.036610, 31.334871, 0.0)
(46.156757, 31.544666, 0.0)
(46.197853, 31.596609, 0.0)
(46.209621, 31.650572, 0.0)
(46.211636, 31.695145, 0.0)
(46.214401, 31.728838, 0.0)
(46.206074, 31.756289, 0.0)
(46.205414, 31.762133, 0.0)
(46.204983, 31.749495, 0.0)
(46.202377, 31.792042, 0.0)
(46.163647, 31.780741, 0.0)
(46.148262, 31.800112, 0.0)
(46.137836, 31.798923, 0.0)
(46.112244, 31.779596, 0.0)
(46.116421, 31.816685, 0.0)
(46.106632, 31.828726, 0.0)
(46.094276, 31.830120, 0.0)
(46.097279, 31.827215, 0.0)
(46.107086, 31.815056, 0.0)
(46.106014, 31.772177, 0.0)
(46.094013, 31.766003, 0.0)
(46.065426, 31.769728, 0.0)
(46.058136, 31.785608, 0.0)
(46.036255, 31.759581, 0.0)
(46.023327, 31.787373, 0.0)
(47.357452, 33.126129, 0.0)
(47.557854, 33.465290, 0.0)
(47.577679, 33.455299, 0.0)
(47.586140, 33.460880, 0.0)
(47.584835, 33.441628, 0.0)
(47.632797, 33.411739, 0.0)
(47.706779, 33.377621, 0.0)
(47.699860, 33.390537, 0.0)
(47.693062, 33.388645, 0.0)
(47.677429, 33.396103, 0.0)
(47.662964, 33.369057, 0.0)
(47.654034, 33.310543, 0.0)
(47.637810, 33.167053, 0.0)
(47.494209, 32.975147, 0.0)
(47.293953, 33.014633, 0.0)
(47.330841, 33.276276, 0.0)
(47.288277, 32.525158, 0.0)
(47.368832, 32.657459, 0.0)
(47.395706, 32.854088, 0.0)
(47.417473, 32.891644, 0.0)
(47.428555, 32.903580, 0.0)
(47.428997, 32.944817, 0.0)
(47.407444, 33.002754, 0.0)
(47.402786, 33.044548, 0.0)
(47.399326, 33.059662, 0.0)
(47.396671, 33.062958, 0.0)
(47.398285, 33.053486, 0.0)
(47.386608, 33.045521, 0.0)
(47.391476, 33.030090, 0.0)
(47.415840, 33.036369, 0.0)
(47.423672, 33.041615, 0.0)
(47.410625, 33.049034, 0.0)
(47.406418, 33.070812, 0.0)
(47.409515, 33.074127, 0.0)
(47.403370, 33.071976, 0.0)
(47.400867, 33.065662, 0.0)
(47.394566, 33.070534, 0.0)
(47.375004, 33.059143, 0.0)
(46.984818, 34.710205, 0.0)
(46.497936, 37.413979, 0.0)
(46.417542, 37.499641, 0.0)
(46.389244, 37.474239, 0.0)
(46.486256, 37.817612, 0.0)
(46.829132, 38.580746, 0.0)
(46.803009, 38.677677, 0.0)
(46.801220, 38.641094, 0.0)
(46.808163, 38.645786, 0.0)
(46.809982, 38.581856, 0.0)
(46.792198, 38.578846, 0.0)
(46.787251, 38.587894, 0.0)
(46.831661, 38.621037, 0.0)
(46.970970, 38.645374, 0.0)
(46.958569, 38.638905, 0.0)
(46.947941, 38.631763, 0.0)
(46.925446, 38.606606, 0.0)
(46.909710, 38.595249, 0.0)
(46.897892, 38.571190, 0.0)
(46.892288, 38.569847, 0.0)
(46.890305, 38.586773, 0.0)
(46.877548, 38.590614, 0.0)
(46.867935, 38.551998, 0.0)
(46.855164, 38.573341, 0.0)
(46.840031, 38.551250, 0.0)
(46.827213, 38.536392, 0.0)
(46.826294, 38.547756, 0.0)
(46.826576, 38.542137, 0.0)
(46.795769, 38.537285, 0.0)
(46.789028, 38.537323, 0.0)
(46.789028, 38.537323, 0.0)
(46.789028, 38.537323, 0.0)
(46.796238, 38.525646, 0.0)
(46.782948, 38.505917, 0.0)
(46.784161, 38.500492, 0.0)
(46.800190, 38.489269, 0.0)
(46.802483, 38.464142, 0.0)
(46.805309, 38.465260, 0.0)
(46.890045, 38.528027, 0.0)
(48.625713, 38.638092, 0.0)
(48.768520, 38.620747, 0.0)
(48.768814, 38.645313, 0.0)
(48.734577, 38.650005, 0.0)
(48.733116, 38.633289, 0.0)
(48.754314, 38.607311, 0.0)
(48.730934, 38.589687, 0.0)
(48.699535, 38.576328, 0.0)
(48.671364, 38.571590, 0.0)
(48.662415, 38.599831, 0.0)
(48.526188, 38.341225, 0.0)
(48.521282, 38.316307, 0.0)
(48.526676, 38.322598, 0.0)
(48.519913, 38.297848, 0.0)
(48.523178, 38.310120, 0.0)
(48.527672, 38.283188, 0.0)
(48.508755, 38.333916, 0.0)
(48.508755, 38.333916, 0.0)
(48.504047, 38.362198, 0.0)
(48.495941, 38.354092, 0.0)
(48.495762, 38.375210, 0.0)
(48.485268, 38.365753, 0.0)
(48.476482, 38.354511, 0.0)
(48.499989, 38.352535, 0.0)
(48.485275, 38.337940, 0.0)
(48.490597, 38.360432, 0.0)
(48.477631, 38.379345, 0.0)
(48.490616, 38.404217, 0.0)
(48.492840, 38.365372, 0.0)
(48.494938, 38.371017, 0.0)
(48.498158, 38.374752, 0.0)
(48.506680, 38.374580, 0.0)
(48.496613, 38.381294, 0.0)
(48.498589, 38.386799, 0.0)
(48.485268, 38.365753, 0.0)
(48.487240, 38.360546, 0.0)
(48.472885, 38.369991, 0.0)
(48.458794, 38.328350, 0.0)
(46.603523, 37.263763, 0.0)
(42.910519, 35.287647, 0.0)
(39.471973, 34.469807, 0.0)
(36.826622, 34.173225, 0.0)
(34.935150, 34.216480, 0.0)
(33.944271, 34.085503, 0.0)
(33.869007, 34.103130, 0.0)
(33.848301, 34.101688, 0.0)
(33.771328, 34.068008, 0.0)
(32.909386, 33.634308, 0.0)
(32.877552, 33.639725, 0.0)
(32.865849, 33.633526, 0.0)
(32.859673, 33.617714, 0.0)
(32.867180, 33.612263, 0.0)
(32.863884, 33.598633, 0.0)
(32.850658, 33.614235, 0.0)
(32.859653, 33.602055, 0.0)
(32.867966, 33.586628, 0.0)
(32.862972, 33.588688, 0.0)
(32.860840, 33.578701, 0.0)
(32.776810, 33.540359, 0.0)
(32.695374, 33.451912, 0.0)
(32.687405, 33.432522, 0.0)
(32.682457, 33.479877, 0.0)
(32.705009, 33.491428, 0.0)
(32.727615, 33.495293, 0.0)
(32.723400, 33.506981, 0.0)
(32.721600, 33.515041, 0.0)
(32.732605, 33.516064, 0.0)
(32.733311, 33.488457, 0.0)
(32.735111, 33.482880, 0.0)
(32.722126, 33.479679, 0.0)
(32.721359, 33.501968, 0.0)
(32.732334, 33.536045, 0.0)
(32.738728, 33.531624, 0.0)
(33.764072, 32.869221, 0.0)
(35.465252, 32.197144, 0.0)
(35.571980, 32.151283, 0.0)
(35.594112, 32.125618, 0.0)
(35.633438, 32.087807, 0.0)
(35.645565, 32.073547, 0.0)
(35.621109, 31.881395, 0.0)
(35.631058, 31.870031, 0.0)
(35.615150, 31.846964, 0.0)
(35.624191, 31.859755, 0.0)
(35.623981, 31.868101, 0.0)
(35.631958, 31.841938, 0.0)
(35.640438, 31.836182, 0.0)
(35.648857, 31.714666, 0.0)
(35.665382, 31.708548, 0.0)
(35.657780, 31.733656, 0.0)
(35.641399, 31.755552, 0.0)
(35.645710, 31.756384, 0.0)
(35.637241, 31.762205, 0.0)
(35.642578, 31.768566, 0.0)
(35.633797, 31.777405, 0.0)
(35.625977, 31.780392, 0.0)
(35.617878, 31.779778, 0.0)
(35.605167, 31.805193, 0.0)
(35.578590, 31.853680, 0.0)
(35.584454, 31.861397, 0.0)
(35.579472, 31.865362, 0.0)
(35.582600, 31.874147, 0.0)
(35.625923, 31.868982, 0.0)
(35.634644, 31.872826, 0.0)
(35.655529, 31.876923, 0.0)
(35.643127, 31.884001, 0.0)
(35.632885, 31.876240, 0.0)
(35.639370, 31.875912, 0.0)
(35.654442, 31.893738, 0.0)
(35.672421, 31.915710, 0.0)
(35.679966, 31.925346, 0.0)
(35.676647, 31.938377, 0.0)
(35.680164, 31.935259, 0.0)
(35.209000, 32.380875, 0.0)
(33.951157, 33.228085, 0.0)
(33.905052, 33.269440, 0.0)
(33.909626, 33.246319, 0.0)
(33.898453, 33.267361, 0.0)
(33.872955, 33.263657, 0.0)
(33.881603, 33.244156, 0.0)
(33.891983, 33.246376, 0.0)
(33.904591, 33.233051, 0.0)
(33.903255, 33.217815, 0.0)
(33.910065, 33.211258, 0.0)
(34.136909, 33.105293, 0.0)
(34.151505, 33.078781, 0.0)
(34.158630, 33.093948, 0.0)
(34.155716, 33.074409, 0.0)
(34.154758, 33.103123, 0.0)
(34.154148, 33.093113, 0.0)
(34.018257, 33.115139, 0.0)
(34.046932, 33.111847, 0.0)
(33.980801, 33.096970, 0.0)
(33.840523, 32.787693, 0.0)
(33.744366, 32.535748, 0.0)
(33.990299, 32.685997, 0.0)
(34.120544, 32.780251, 0.0)
(34.145370, 32.831459, 0.0)
(34.143230, 32.862511, 0.0)
(34.137550, 32.873428, 0.0)
(34.132393, 32.891460, 0.0)
(34.139996, 32.902348, 0.0)
(34.140591, 32.926601, 0.0)
(34.139069, 32.948318, 0.0)
(34.120625, 32.970482, 0.0)
(34.142784, 32.971951, 0.0)
(34.144348, 32.976185, 0.0)
(34.135487, 32.970615, 0.0)
(34.144348, 32.976185, 0.0)
(34.149109, 32.946869, 0.0)
(36.197784, 33.130028, 0.0)
(39.236610, 33.657318, 0.0)
(39.369221, 33.701111, 0.0)
(39.380966, 33.644688, 0.0)
(39.394917, 33.632420, 0.0)
(39.429825, 33.635731, 0.0)
(39.433117, 33.627800, 0.0)
(39.432922, 33.570587, 0.0)
(39.437626, 33.491863, 0.0)
(39.359890, 33.246284, 0.0)
(39.254086, 32.931103, 0.0)
(39.235950, 32.764259, 0.0)
(39.260040, 33.039543, 0.0)
(39.238594, 33.643673, 0.0)
(39.203369, 33.668652, 0.0)
(39.219730, 33.385220, 0.0)
(39.242519, 33.447880, 0.0)
(39.269062, 33.491467, 0.0)
(39.251358, 33.533730, 0.0)
(39.249947, 33.633568, 0.0)
(39.276070, 33.686531, 0.0)
(39.287701, 33.765995, 0.0)
(39.281017, 33.780792, 0.0)
(39.496891, 33.660763, 0.0)
(39.520199, 33.669697, 0.0)
(39.533184, 33.687527, 0.0)
(39.533718, 33.688206, 0.0)
(39.543053, 33.680164, 0.0)
(39.541069, 33.683750, 0.0)
(39.547676, 33.694935, 0.0)
(39.537235, 33.708660, 0.0)
(39.536282, 33.719463, 0.0)
(39.540855, 33.701229, 0.0)
(39.542709, 33.738029, 0.0)
(39.593273, 33.808952, 0.0)
(39.633549, 33.910480, 0.0)
(39.625229, 33.953964, 0.0)
(40.021992, 34.147919, 0.0)
(44.129234, 35.651024, 0.0)
(45.449825, 36.328674, 0.0)
(45.523888, 36.328033, 0.0)
(45.495857, 36.256226, 0.0)
(45.470482, 36.207806, 0.0)
(45.473553, 36.193657, 0.0)
(45.453457, 36.202442, 0.0)
(45.448620, 36.149147, 0.0)
(45.464069, 36.106907, 0.0)
(45.445454, 36.113361, 0.0)
(45.305504, 36.365101, 0.0)
(45.276283, 36.408775, 0.0)
(45.280487, 36.415409, 0.0)
(45.261097, 36.386929, 0.0)
(45.257633, 36.379894, 0.0)
(45.248627, 36.353218, 0.0)
(45.233093, 36.373760, 0.0)
(45.334484, 36.383007, 0.0)
(45.421284, 36.408688, 0.0)
(45.408920, 36.392319, 0.0)
(45.416962, 36.368431, 0.0)
(45.407986, 36.377102, 0.0)
(45.401024, 36.350857, 0.0)
(45.395531, 36.333961, 0.0)
(45.400127, 36.316990, 0.0)
(45.396019, 36.297298, 0.0)
(45.394810, 36.304779, 0.0)
(45.388805, 36.343437, 0.0)
(45.390911, 36.346142, 0.0)
(45.398827, 36.345749, 0.0)
(45.395992, 36.349586, 0.0)
(45.395611, 36.314499, 0.0)
(45.404350, 36.294872, 0.0)
(45.397152, 36.290058, 0.0)
(45.370003, 36.289295, 0.0)
(45.373970, 36.308937, 0.0)
(45.370579, 36.309982, 0.0)
(45.376316, 36.323166, 0.0)
(43.457863, 35.633308, 0.0)
(38.958630, 33.889591, 0.0)
(35.802902, 32.972565, 0.0)
(33.954189, 32.786518, 0.0)
(33.121227, 32.955410, 0.0)
(33.059326, 32.994598, 0.0)
(33.020885, 32.987370, 0.0)
(32.998665, 32.979805, 0.0)
(32.992031, 32.988773, 0.0)
(32.719658, 32.916458, 0.0)
(32.690109, 32.907188, 0.0)
(32.689751, 32.899498, 0.0)
(32.700447, 32.874077, 0.0)
(32.707638, 32.851166, 0.0)
(32.690464, 32.863419, 0.0)
(32.695141, 32.861305, 0.0)
(32.704285, 32.859215, 0.0)
(32.682293, 32.895351, 0.0)
(32.712749, 32.874969, 0.0)
(32.726860, 32.877575, 0.0)
(32.738297, 32.871460, 0.0)
(32.737057, 32.869270, 0.0)
(32.746349, 32.840034, 0.0)
(32.740799, 32.834412, 0.0)
(32.748920, 32.836281, 0.0)
(32.741055, 32.874783, 0.0)
(32.737015, 32.881191, 0.0)
(32.742439, 32.889099, 0.0)
(32.745762, 32.871780, 0.0)
(32.757965, 32.848766, 0.0)
(32.770111, 32.827400, 0.0)
(32.741806, 32.841816, 0.0)
(32.726181, 32.858440, 0.0)
(32.732529, 32.870781, 0.0)
(32.719666, 32.865719, 0.0)
(32.736359, 32.870564, 0.0)
(32.753525, 32.844837, 0.0)
(32.765331, 32.834957, 0.0)
(33.691734, 33.919334, 0.0)
(34.768787, 36.102566, 0.0)
(34.757511, 36.347973, 0.0)
(34.672596, 36.369232, 0.0)
(34.619835, 36.401218, 0.0)
(34.582726, 36.402088, 0.0)
(34.563820, 36.377090, 0.0)
(34.551670, 36.373791, 0.0)
(34.563778, 36.349384, 0.0)
(34.467766, 36.360687, 0.0)
(34.369022, 36.326393, 0.0)
(34.333939, 36.333820, 0.0)
(34.336819, 36.357140, 0.0)
(34.327145, 36.375221, 0.0)
(34.319527, 36.378696, 0.0)
(34.343601, 36.358990, 0.0)
(34.340702, 36.355839, 0.0)
(34.349648, 36.351482, 0.0)
(34.353809, 36.348122, 0.0)
(34.360569, 36.340008, 0.0)
(34.359894, 36.352688, 0.0)
(34.362301, 36.377575, 0.0)
(34.369331, 36.400600, 0.0)
(34.367680, 36.411991, 0.0)
(34.364914, 36.416111, 0.0)
(34.365940, 36.416790, 0.0)
(34.402542, 36.407921, 0.0)
(34.410374, 36.392872, 0.0)
(34.389477, 36.366756, 0.0)
(34.386421, 36.371635, 0.0)
(34.399193, 36.372574, 0.0)
(34.392513, 36.377655, 0.0)
(34.415424, 36.372917, 0.0)
(34.436325, 36.381977, 0.0)
(34.460476, 36.384407, 0.0)
(34.451355, 36.388573, 0.0)
(34.453373, 36.371456, 0.0)
(36.689457, 35.615856, 0.0)
(39.612270, 35.090446, 0.0)
(39.779839, 35.144676, 0.0)
(39.791153, 35.147129, 0.0)
(39.824783, 35.146671, 0.0)
(39.836025, 35.144474, 0.0)
(39.856907, 35.093262, 0.0)
(39.736355, 34.830585, 0.0)
(39.707035, 34.771858, 0.0)
(39.693481, 34.797619, 0.0)
(39.660404, 34.830769, 0.0)
(39.653217, 34.852489, 0.0)
(39.641727, 34.863407, 0.0)
(39.635326, 34.851803, 0.0)
(39.662922, 34.864441, 0.0)
(39.675434, 34.904232, 0.0)
(39.708088, 34.772774, 0.0)
(39.720272, 34.754883, 0.0)
(39.712955, 34.737713, 0.0)
(39.705929, 34.732014, 0.0)
(39.713322, 34.726963, 0.0)
(39.716476, 34.759361, 0.0)
(39.549133, 34.769230, 0.0)
(39.520180, 34.780533, 0.0)
(39.514721, 34.757423, 0.0)
(39.514790, 34.746803, 0.0)
(39.537506, 34.704842, 0.0)
(39.514381, 34.712746, 0.0)
(39.504890, 34.723213, 0.0)
(39.513283, 34.716824, 0.0)
(39.516651, 34.726372, 0.0)
(39.508499, 34.737171, 0.0)
(39.510551, 34.742168, 0.0)
(39.502716, 34.745022, 0.0)
(39.518433, 34.744503, 0.0)
(39.507504, 34.731976, 0.0)
(39.513378, 34.720608, 0.0)
(39.502529, 34.715050, 0.0)
(41.343113, 35.659561, 0.0)
(44.516079, 36.787117, 0.0)
(44.884975, 37.031700, 0.0)
(44.896061, 37.008301, 0.0)
(44.882969, 36.983677, 0.0)
(45.425468, 37.364086, 0.0)
(45.539692, 37.388752, 0.0)
(45.504856, 37.376106, 0.0)
(45.495281, 37.377514, 0.0)
(45.483719, 37.406879, 0.0)
(45.482712, 37.418518, 0.0)
(45.488201, 37.424271, 0.0)
(45.484787, 37.391296, 0.0)
(45.471031, 37.398514, 0.0)
(45.439526, 37.382591, 0.0)
(45.461304, 37.365410, 0.0)
(45.445049, 37.364872, 0.0)
(45.451508, 37.359901, 0.0)
(45.438251, 37.398872, 0.0)
(45.452904, 37.426659, 0.0)
(45.443474, 37.431423, 0.0)
(45.425385, 37.419407, 0.0)
(45.420227, 37.404129, 0.0)
(45.433121, 37.383717, 0.0)
(45.416355, 37.383717, 0.0)
(45.403416, 37.401073, 0.0)
(45.405453, 37.417877, 0.0)
(45.384743, 37.454159, 0.0)
(45.398911, 37.430325, 0.0)
(45.402699, 37.401947, 0.0)
(45.398525, 37.388744, 0.0)
(45.400955, 37.374298, 0.0)
(45.396660, 37.377735, 0.0)
(45.396351, 37.357319, 0.0)
(45.389538, 37.373104, 0.0)
(45.394718, 37.365002, 0.0)
(45.409454, 37.382854, 0.0)
(45.389294, 37.383121, 0.0)
(42.962879, 33.976410, 0.0)
(40.799263, 31.311483, 0.0)
(39.770264, 30.318211, 0.0)
(39.675148, 30.403067, 0.0)
(39.637691, 30.414186, 0.0)
(39.578026, 30.409437, 0.0)
(39.538094, 30.434399, 0.0)
(39.442856, 30.445667, 0.0)
(39.186939, 30.418570, 0.0)
(39.182934, 30.412840, 0.0)
(39.165321, 30.390217, 0.0)
(39.167194, 30.395132, 0.0)
(39.183338, 30.384352, 0.0)
(39.155479, 30.409073, 0.0)
(39.134300, 30.413933, 0.0)
(39.134300, 30.413933, 0.0)
(39.134300, 30.413933, 0.0)
(39.134747, 30.420969, 0.0)
(39.133450, 30.417837, 0.0)
(39.153759, 30.444395, 0.0)
(39.153084, 30.470732, 0.0)
(39.196770, 30.456902, 0.0)
(39.176147, 30.469231, 0.0)
(39.170143, 30.482969, 0.0)
(39.150684, 30.501289, 0.0)
(39.131977, 30.526834, 0.0)
(39.056072, 30.789682, 0.0)
(38.904480, 31.570251, 0.0)
(38.878754, 31.657131, 0.0)
(38.856529, 31.620373, 0.0)
(38.827251, 31.597143, 0.0)
(38.799290, 31.599590, 0.0)
(38.761372, 31.591139, 0.0)
(38.756744, 31.627563, 0.0)
(38.736561, 31.642460, 0.0)
(38.720615, 31.659748, 0.0)
(38.703224, 31.666967, 0.0)
(42.328686, 31.882114, 0.0)
(45.951607, 32.734577, 0.0)
(47.857101, 33.688114, 0.0)
(48.203259, 33.971569, 0.0)
(48.222073, 33.987656, 0.0)
(48.194511, 33.936020, 0.0)
(48.555111, 34.020050, 0.0)
(48.591660, 33.975822, 0.0)
(48.621216, 33.977100, 0.0)
(48.598335, 33.890068, 0.0)
(48.592083, 33.865585, 0.0)
(48.535618, 33.806900, 0.0)
(48.305855, 33.004036, 0.0)
(48.250141, 33.027340, 0.0)
(48.130783, 32.798103, 0.0)
(48.177692, 33.062107, 0.0)
(48.176994, 33.254868, 0.0)
(48.186245, 33.327312, 0.0)
(48.207672, 33.376781, 0.0)
(48.208763, 33.367889, 0.0)
(48.142788, 33.346203, 0.0)
(48.119461, 33.386665, 0.0)
(48.094002, 33.410847, 0.0)
(48.087658, 33.424034, 0.0)
(48.078457, 33.429756, 0.0)
(48.085499, 33.427006, 0.0)
(48.087734, 33.412708, 0.0)
(48.081539, 33.395844, 0.0)
(48.062080, 33.397923, 0.0)
(48.067036, 33.395348, 0.0)
(48.063671, 33.416805, 0.0)
(48.067680, 33.431183, 0.0)
(48.061123, 33.420483, 0.0)
(48.057133, 33.415623, 0.0)
(48.051620, 33.408230, 0.0)
(48.044891, 33.404469, 0.0)
(48.049412, 33.396477, 0.0)
(48.065178, 33.380497, 0.0)
(48.034248, 33.358963, 0.0)
(46.580814, 31.296362, 0.0)
(46.432381, 31.170475, 0.0)
(46.458572, 31.207781, 0.0)
(46.477383, 31.241104, 0.0)
(46.485970, 31.238861, 0.0)
(46.502167, 31.205288, 0.0)
(46.535805, 30.851112, 0.0)
(46.568260, 30.852690, 0.0)
(46.565670, 30.861271, 0.0)
(46.529541, 30.843021, 0.0)
(46.518345, 30.815559, 0.0)
(46.514492, 30.823555, 0.0)
(46.509766, 30.830627, 0.0)
(46.509766, 30.838017, 0.0)
(46.500458, 30.845623, 0.0)
(46.500290, 30.851658, 0.0)
(46.502071, 30.841728, 0.0)
(46.468803, 30.816143, 0.0)
(46.439003, 30.858595, 0.0)
(46.443657, 30.864515, 0.0)
(46.434044, 30.894926, 0.0)
(46.442619, 30.898144, 0.0)
(46.441418, 30.885485, 0.0)
(46.456894, 30.886091, 0.0)
(46.453960, 30.876802, 0.0)
(46.428818, 30.869974, 0.0)
(46.415367, 30.860067, 0.0)
(46.384121, 30.853760, 0.0)
(46.393299, 30.876493, 0.0)
(46.380135, 30.880911, 0.0)
(46.374702, 30.912670, 0.0)
(46.381756, 30.898832, 0.0)
(46.381756, 30.898832, 0.0)
(46.389404, 30.878881, 0.0)
(46.391087, 30.861427, 0.0)
(46.367638, 30.888992, 0.0)
(46.350700, 30.911974, 0.0)
(46.680149, 31.763725, 0.0)
(47.691479, 34.733246, 0.0)
(48.687798, 37.930733, 0.0)
(48.905785, 39.208302, 0.0)
(48.872692, 39.168106, 0.0)
(48.828732, 39.085209, 0.0)
(48.780357, 39.020752, 0.0)
(48.751301, 38.967522, 0.0)
(48.726086, 38.934505, 0.0)
(48.744995, 38.894371, 0.0)
(48.797840, 39.438358, 0.0)
(48.764965, 39.613247, 0.0)
(48.746410, 39.573574, 0.0)
(48.761597, 39.551144, 0.0)
(48.762768, 39.489929, 0.0)
(48.746468, 39.486416, 0.0)
(48.716724, 39.513279, 0.0)
(48.676765, 39.505074, 0.0)
(48.660801, 39.533657, 0.0)
(48.664268, 39.516552, 0.0)
(48.666100, 39.508663, 0.0)
(48.682758, 39.207680, 0.0)
(48.687752, 38.949142, 0.0)
(48.680126, 38.949081, 0.0)
(48.681480, 38.935722, 0.0)
(48.667084, 38.929672, 0.0)
(48.668606, 38.973446, 0.0)
(48.656559, 38.976849, 0.0)
(48.653103, 38.991009, 0.0)
(48.645287, 38.997917, 0.0)
(48.644032, 38.959961, 0.0)
(48.653191, 38.987202, 0.0)
(48.660610, 38.957729, 0.0)
(48.644032, 38.931839, 0.0)
(48.651375, 38.962288, 0.0)
(48.651924, 38.993500, 0.0)
(48.631783, 39.013386, 0.0)
(47.831966, 38.322720, 0.0)
(43.672329, 35.127743, 0.0)
(39.694626, 33.330601, 0.0)
(37.514481, 32.835579, 0.0)
(37.499546, 32.848953, 0.0)
(37.500072, 32.821552, 0.0)
(37.494343, 32.764271, 0.0)
(37.506824, 32.752865, 0.0)
(37.512505, 32.703644, 0.0)
(37.523441, 32.712910, 0.0)
(37.425072, 32.463921, 0.0)
(37.416275, 32.453442, 0.0)
(37.429722, 32.436222, 0.0)
(37.415657, 32.423386, 0.0)
(37.406872, 32.412346, 0.0)
(37.394741, 32.441734, 0.0)
(37.375256, 32.451614, 0.0)
(37.384518, 32.418499, 0.0)
(37.358273, 32.303379, 0.0)
(37.172977, 31.861759, 0.0)
(36.973969, 31.883211, 0.0)
(36.953407, 32.918041, 0.0)
(36.929848, 33.445477, 0.0)
(36.890312, 31.998335, 0.0)
(37.041283, 31.843786, 0.0)
(37.138577, 32.013081, 0.0)
(37.169060, 32.151772, 0.0)
(37.197254, 32.233288, 0.0)
(37.216438, 32.211323, 0.0)
(37.238045, 32.227726, 0.0)
(37.213066, 32.234154, 0.0)
(37.226925, 32.269657, 0.0)
(37.220585, 32.310997, 0.0)
(37.223152, 32.325821, 0.0)
(37.234150, 32.360474, 0.0)
(37.233364, 32.350594, 0.0)
(37.228626, 32.343441, 0.0)
(37.231411, 32.411388, 0.0)
(39.489521, 35.288094, 0.0)
(42.013996, 38.578411, 0.0)
(42.071655, 38.902679, 0.0)
(42.004711, 38.908546, 0.0)
(41.955387, 38.868420, 0.0)
(41.918354, 38.825603, 0.0)
(41.908226, 38.885956, 0.0)
(41.827656, 39.379711, 0.0)
(41.843731, 39.382408, 0.0)
(41.830032, 39.322994, 0.0)
(41.813499, 39.337402, 0.0)
(41.794777, 39.359173, 0.0)
(41.784897, 39.371765, 0.0)
(41.786320, 39.352665, 0.0)
(41.787891, 39.367775, 0.0)
(41.802750, 39.340988, 0.0)
(41.788250, 39.333515, 0.0)
(41.770462, 39.314461, 0.0)
(41.760300, 39.298298, 0.0)
(41.753162, 39.282879, 0.0)
(41.752846, 39.283710, 0.0)
(41.738331, 39.312935, 0.0)
(41.745327, 39.311649, 0.0)
(41.756264, 39.288364, 0.0)
(41.733288, 39.265892, 0.0)
(41.735069, 39.270111, 0.0)
(41.724026, 39.244442, 0.0)
(41.708244, 39.245407, 0.0)
(41.696381, 39.240810, 0.0)
(41.702610, 39.238480, 0.0)
(41.693695, 39.238796, 0.0)
(41.696739, 39.237652, 0.0)
(41.708626, 39.241940, 0.0)
(41.714569, 39.227055, 0.0)
(41.722897, 39.215588, 0.0)
(41.719559, 39.161285, 0.0)
(41.734028, 39.140110, 0.0)
(41.932125, 38.904888, 0.0)
(44.972561, 36.463486, 0.0)
(46.859711, 34.179802, 0.0)
(47.546349, 32.933567, 0.0)
(47.911495, 32.423424, 0.0)
(47.971886, 32.449478, 0.0)
(47.970657, 32.459686, 0.0)
(47.987617, 32.501575, 0.0)
(48.288040, 32.377190, 0.0)
(48.262432, 32.341740, 0.0)
(48.251167, 32.375275, 0.0)
(48.252098, 32.370556, 0.0)
(48.208347, 32.356380, 0.0)
(48.195591, 32.304073, 0.0)
(48.183647, 32.272957, 0.0)
(48.179657, 32.275154, 0.0)
(48.174637, 32.268017, 0.0)
(48.163349, 32.296772, 0.0)
(48.126980, 32.317337, 0.0)
(48.097927, 32.317894, 0.0)
(48.078625, 32.342197, 0.0)
(48.060398, 32.347881, 0.0)
(48.058437, 32.341064, 0.0)
(48.051479, 32.342243, 0.0)
(48.061291, 32.346722, 0.0)
(48.059715, 32.358616, 0.0)
(47.238689, 31.853283, 0.0)
(47.110310, 31.820766, 0.0)
(47.108410, 31.830799, 0.0)
(47.113144, 31.844364, 0.0)
(47.119751, 31.859734, 0.0)
(47.128853, 31.866192, 0.0)
(47.129417, 31.869947, 0.0)
(47.149235, 31.866270, 0.0)
(47.151619, 31.836803, 0.0)
(47.166267, 31.838163, 0.0)
(47.144127, 31.838617, 0.0)
(47.531376, 33.039040, 0.0)
(48.011799, 36.064445, 0.0)
(48.048912, 36.917091, 0.0)
(48.018555, 36.962357, 0.0)
(47.996628, 36.898014, 0.0)
(47.996964, 36.831596, 0.0)
(47.998062, 36.802948, 0.0)
(47.998043, 36.779179, 0.0)
(47.976341, 36.764317, 0.0)
(47.987122, 36.798443, 0.0)
(47.980148, 36.800980, 0.0)
(47.968277, 36.822395, 0.0)
(47.968277, 36.822395, 0.0)
(47.971645, 36.824299, 0.0)
(47.971840, 36.805523, 0.0)
(47.964817, 36.816792, 0.0)
(47.949528, 36.816307, 0.0)
(47.939358, 36.793259, 0.0)
(47.898094, 36.799999, 0.0)
(47.887402, 36.797928, 0.0)
(47.868942, 36.798313, 0.0)
(47.865665, 36.797215, 0.0)
(47.842117, 36.818207, 0.0)
(47.840622, 36.837662, 0.0)
(47.845139, 36.833599, 0.0)
(47.850845, 36.796799, 0.0)
(47.835171, 36.781662, 0.0)
(47.819153, 36.800179, 0.0)
(47.828468, 36.812927, 0.0)
(47.820484, 36.827095, 0.0)
(47.821510, 36.827644, 0.0)
(47.834961, 36.802120, 0.0)
(47.864353, 36.822830, 0.0)
(47.870949, 36.827549, 0.0)
(47.873859, 36.831352, 0.0)
(47.873859, 36.831352, 0.0)
(47.881779, 36.843880, 0.0)
(47.873081, 36.855232, 0.0)
(47.741413, 36.894428, 0.0)
(44.206837, 37.621441, 0.0)
(41.213486, 39.572304, 0.0)
(40.004753, 40.118069, 0.0)
(39.900135, 40.033070, 0.0)
(39.871380, 39.914135, 0.0)
(39.819489, 39.863430, 0.0)
(39.765236, 39.848827, 0.0)
(39.716156, 39.819572, 0.0)
(39.738281, 39.756432, 0.0)
(39.822392, 39.466404, 0.0)
(39.806297, 39.396832, 0.0)
(39.758678, 39.266785, 0.0)
(39.644260, 38.993729, 0.0)
(39.801823, 38.933018, 0.0)
(39.794231, 38.886395, 0.0)
(39.782101, 38.902241, 0.0)
(39.767403, 38.921005, 0.0)
(39.759350, 38.914543, 0.0)
(39.751381, 38.901726, 0.0)
(39.742874, 38.892811, 0.0)
(39.756580, 38.904305, 0.0)
(39.747124, 38.876045, 0.0)
(39.743023, 38.892799, 0.0)
(39.748337, 38.870243, 0.0)
(39.089153, 37.052979, 0.0)
(38.601109, 35.800934, 0.0)
(38.530113, 35.981140, 0.0)
(38.487774, 36.073563, 0.0)
(38.484398, 36.064877, 0.0)
(38.463970, 36.065117, 0.0)
(38.472485, 36.053532, 0.0)
(38.484245, 36.051933, 0.0)
(38.489338, 36.030510, 0.0)
(38.505348, 36.020069, 0.0)
(38.514236, 36.002029, 0.0)
(38.513641, 36.010014, 0.0)
(38.499241, 36.048515, 0.0)
(40.288353, 34.117558, 0.0)
(42.220234, 31.574110, 0.0)
(42.947868, 30.510424, 0.0)
(43.055672, 30.203989, 0.0)
(43.018211, 30.222446, 0.0)
(42.990852, 30.194599, 0.0)
(42.938663, 30.135469, 0.0)
(42.923222, 30.115316, 0.0)
(42.851063, 29.761150, 0.0)
(42.836704, 29.686539, 0.0)
(42.811581, 29.693373, 0.0)
(42.820240, 29.704248, 0.0)
(42.813068, 29.702221, 0.0)
(42.824631, 29.709345, 0.0)
(42.836861, 29.729179, 0.0)
(42.838844, 29.723843, 0.0)
(42.819866, 29.701895, 0.0)
(42.818039, 29.739904, 0.0)
(42.805092, 29.782183, 0.0)
(42.799973, 29.805534, 0.0)
(42.810295, 29.821135, 0.0)
(42.791500, 29.825253, 0.0)
(42.783241, 29.823624, 0.0)
(42.776279, 29.824989, 0.0)
(42.788376, 29.820940, 0.0)
(42.780766, 29.818874, 0.0)
(42.761814, 29.852922, 0.0)
(42.758530, 29.878269, 0.0)
(42.763542, 29.921141, 0.0)
(42.763252, 29.922041, 0.0)
(42.759998, 29.933739, 0.0)
(42.758705, 29.934845, 0.0)
(42.759106, 29.936094, 0.0)
(42.699646, 29.929255, 0.0)
(42.678268, 29.912861, 0.0)
(42.707146, 29.939072, 0.0)
(42.686310, 29.967354, 0.0)
(42.217186, 30.449905, 0.0)
(38.586136, 33.506271, 0.0)
(36.442142, 36.372425, 0.0)
(36.241199, 36.774483, 0.0)
(36.173977, 36.723236, 0.0)
(36.109566, 36.626839, 0.0)
(36.081966, 36.524284, 0.0)
(36.052883, 36.514744, 0.0)
(36.021343, 36.520710, 0.0)
(36.028461, 36.526932, 0.0)
(36.016682, 36.526737, 0.0)
(36.007313, 36.526844, 0.0)
(36.007313, 36.508934, 0.0)
(35.906139, 36.725780, 0.0)
(35.903877, 36.737526, 0.0)
(35.908760, 36.733135, 0.0)
(35.898994, 36.728436, 0.0)
(35.902660, 36.741848, 0.0)
(35.895855, 36.762024, 0.0)
(35.880066, 36.780296, 0.0)
(35.888737, 36.780376, 0.0)
(36.055748, 36.579971, 0.0)
(36.079765, 36.553246, 0.0)
(36.076393, 36.547512, 0.0)
(36.078030, 36.531841, 0.0)
(36.081436, 36.532627, 0.0)
(36.090149, 36.502373, 0.0)
(36.062061, 36.553688, 0.0)
(36.035240, 36.556351, 0.0)
(36.050034, 36.583862, 0.0)
(36.037861, 36.569569, 0.0)
(36.055008, 36.549229, 0.0)
(36.066963, 36.543789, 0.0)
(36.059090, 36.533173, 0.0)
(36.042294, 36.540417, 0.0)
(36.048313, 36.522369, 0.0)
(36.043243, 36.533466, 0.0)
(36.055706, 36.528019, 0.0)
(36.502560, 36.389637, 0.0)
(41.023106, 34.999287, 0.0)
(44.755901, 34.344589, 0.0)
(46.693207, 34.178841, 0.0)
(47.046902, 34.166649, 0.0)
(47.060822, 34.150738, 0.0)
(47.105442, 34.110558, 0.0)
(47.122284, 34.081238, 0.0)
(47.120193, 34.040535, 0.0)
(46.732021, 33.739548, 0.0)
(46.714966, 33.723076, 0.0)
(46.709522, 33.732178, 0.0)
(46.727413, 33.760872, 0.0)
(46.713150, 33.744713, 0.0)
(46.699657, 33.719269, 0.0)
(46.693199, 33.693951, 0.0)
(46.674953, 33.678196, 0.0)
(46.665173, 33.663376, 0.0)
(46.653896, 33.706905, 0.0)
(46.643044, 33.714207, 0.0)
(46.624237, 33.725704, 0.0)
(46.627670, 33.724373, 0.0)
(46.601215, 33.684391, 0.0)
(46.593182, 33.663113, 0.0)
(46.604511, 33.648727, 0.0)
(46.599754, 33.634712, 0.0)
(46.582203, 33.640606, 0.0)
(46.567585, 33.660904, 0.0)
(46.566475, 33.672573, 0.0)
(46.550743, 33.685627, 0.0)
(46.543194, 33.702984, 0.0)
(46.539669, 33.710144, 0.0)
(46.539669, 33.710144, 0.0)
(46.533844, 33.694756, 0.0)
(46.538727, 33.677155, 0.0)
(46.534866, 33.677078, 0.0)
(46.495090, 33.674820, 0.0)
(45.987072, 33.429661, 0.0)
(42.546024, 31.382837, 0.0)
(42.434288, 31.333744, 0.0)
(42.456486, 31.342495, 0.0)
(42.439442, 31.315113, 0.0)
(42.425766, 31.299408, 0.0)
(43.019978, 31.264107, 0.0)
(43.039375, 31.251604, 0.0)
(43.024563, 31.258888, 0.0)
(43.045166, 31.249502, 0.0)
(43.044731, 31.237524, 0.0)
(43.030281, 31.217117, 0.0)
(43.032490, 31.200720, 0.0)
(43.021351, 31.167055, 0.0)
(42.995083, 31.160231, 0.0)
(42.984653, 31.156996, 0.0)
(42.983597, 31.162163, 0.0)
(42.983479, 31.167727, 0.0)
(43.034180, 31.184338, 0.0)
(43.004581, 31.215334, 0.0)
(42.989391, 31.215189, 0.0)
(42.984035, 31.232601, 0.0)
(42.675800, 31.382715, 0.0)
(40.700466, 32.236748, 0.0)
(40.633636, 32.302906, 0.0)
(40.634354, 32.261803, 0.0)
(40.571281, 32.231899, 0.0)
(40.542793, 32.235191, 0.0)
(41.160564, 32.003883, 0.0)
(42.237133, 31.611715, 0.0)
(42.263332, 31.630428, 0.0)
(42.288139, 31.626095, 0.0)
(42.286461, 31.606153, 0.0)
(42.286388, 31.564335, 0.0)
(42.282063, 31.537315, 0.0)
(42.277157, 31.531593, 0.0)
(42.281673, 31.555475, 0.0)
(42.263294, 31.572239, 0.0)
(41.818928, 31.958492, 0.0)
(38.593113, 34.686947, 0.0)
(37.805828, 35.612560, 0.0)
(37.708241, 35.595200, 0.0)
(37.688492, 35.496178, 0.0)
(37.664993, 35.439240, 0.0)
(37.634624, 35.371708, 0.0)
(37.606255, 35.377377, 0.0)
(37.579002, 35.383774, 0.0)
(37.567444, 35.391800, 0.0)
(37.554482, 35.405720, 0.0)
(37.561890, 35.399143, 0.0)
(37.585339, 35.394695, 0.0)
(37.562943, 35.371979, 0.0)
(37.562843, 35.327057, 0.0)
(37.553078, 35.286648, 0.0)
(37.540478, 35.313206, 0.0)
(37.530807, 35.323238, 0.0)
(37.524616, 35.328247, 0.0)
(37.517250, 35.328907, 0.0)
(37.529774, 35.301769, 0.0)
(37.527260, 35.287323, 0.0)
(37.528976, 35.282051, 0.0)
(37.540672, 35.256298, 0.0)
(37.544216, 35.236454, 0.0)
(37.515270, 35.260387, 0.0)
(37.520710, 35.265884, 0.0)
(37.533298, 35.291927, 0.0)
(37.514236, 35.292271, 0.0)
(37.534100, 35.300037, 0.0)
(37.557205, 35.291897, 0.0)
(37.551140, 35.278091, 0.0)
(37.538597, 35.273102, 0.0)
(37.558380, 35.278351, 0.0)
(37.558620, 35.283253, 0.0)
(37.563766, 35.310146, 0.0)
(37.576969, 35.316341, 0.0)
(37.581081, 35.294273, 0.0)
(38.483318, 35.092819, 0.0)
(42.858517, 34.205906, 0.0)
(43.903698, 34.262356, 0.0)
(43.979988, 34.219612, 0.0)
(43.973957, 34.195225, 0.0)
(43.948128, 34.207977, 0.0)
(43.935322, 34.215027, 0.0)
(43.936855, 34.233379, 0.0)
(43.578369, 33.996216, 0.0)
(43.555984, 33.988026, 0.0)
(43.563057, 33.987740, 0.0)
(43.564701, 33.992779, 0.0)
(43.563732, 33.987232, 0.0)
(43.537777, 33.989201, 0.0)
(43.526772, 33.980515, 0.0)
(43.506042, 33.976925, 0.0)
(43.490685, 34.000515, 0.0)
(43.492256, 34.020981, 0.0)
(43.469959, 34.050171, 0.0)
(43.482586, 34.030201, 0.0)
(43.472553, 34.016148, 0.0)
(43.443211, 34.013268, 0.0)
(43.439625, 34.017330, 0.0)
(43.470985, 34.009895, 0.0)
(43.469357, 33.995190, 0.0)
(43.449913, 34.009205, 0.0)
(43.422131, 34.025513, 0.0)
(43.412209, 34.025856, 0.0)
(43.398926, 34.038815, 0.0)
(43.403870, 34.052536, 0.0)
(43.408001, 34.060345, 0.0)
(43.433151, 34.077423, 0.0)
(43.444279, 34.088863, 0.0)
(43.435337, 34.081303, 0.0)
(43.432678, 34.082134, 0.0)
(43.422344, 34.088421, 0.0)
(43.382191, 34.136490, 0.0)
(43.387924, 34.158119, 0.0)
(44.963352, 33.946938, 0.0)
(46.915024, 33.004967, 0.0)
(47.392811, 32.661900, 0.0)
(47.407875, 32.747093, 0.0)
(47.419975, 32.777992, 0.0)
(47.418423, 32.802536, 0.0)
(47.400600, 32.833260, 0.0)
(47.394951, 32.849106, 0.0)
(47.387264, 32.843716, 0.0)
(47.362930, 32.793877, 0.0)
(47.362389, 32.777100, 0.0)
(47.352600, 32.761799, 0.0)
(47.345982, 32.739342, 0.0)
(47.341995, 32.734489, 0.0)
(47.349323, 32.732353, 0.0)
(47.349323, 32.732353, 0.0)
(47.344490, 32.739326, 0.0)
(47.310562, 32.732437, 0.0)
(47.286026, 32.776909, 0.0)
(47.258869, 32.765812, 0.0)
(47.242470, 32.763561, 0.0)
(47.208935, 32.778294, 0.0)
(47.183689, 32.831066, 0.0)
(47.158337, 32.867142, 0.0)
(47.120163, 32.901928, 0.0)
(47.107487, 32.921944, 0.0)
(47.105125, 32.897671, 0.0)
(47.079044, 32.949398, 0.0)
(47.069721, 32.944637, 0.0)
(47.069721, 32.944637, 0.0)
(47.070190, 32.887913, 0.0)
(47.068905, 32.840244, 0.0)
(47.082989, 32.829868, 0.0)
(47.109505, 32.846539, 0.0)
(47.088898, 32.840008, 0.0)
(47.075684, 32.869053, 0.0)
(47.119083, 32.859734, 0.0)
(47.167629, 32.872597, 0.0)
(47.196682, 32.886723, 0.0)
(47.225945, 32.872250, 0.0)
(47.215065, 32.865768, 0.0)
(45.000092, 32.683887, 0.0)
(42.556675, 32.607029, 0.0)
(42.497444, 32.667694, 0.0)
(42.469707, 32.662743, 0.0)
(42.446289, 32.624775, 0.0)
(42.352886, 32.585625, 0.0)
(42.257729, 32.586067, 0.0)
(39.229797, 35.008816, 0.0)
(36.184948, 38.114079, 0.0)
(35.439003, 39.036438, 0.0)
(35.382927, 39.016663, 0.0)
(35.346832, 38.940800, 0.0)
(35.309761, 38.903454, 0.0)
(34.673115, 39.242119, 0.0)
(34.648064, 39.298557, 0.0)
(34.652157, 39.328312, 0.0)
(34.658752, 39.321068, 0.0)
(34.637825, 39.297073, 0.0)
(34.620113, 39.255810, 0.0)
(34.635555, 39.211201, 0.0)
(34.619671, 39.123951, 0.0)
(34.537239, 38.964527, 0.0)
(34.414101, 38.503910, 0.0)
(34.433491, 38.448524, 0.0)
(34.674526, 38.323017, 0.0)
(34.741432, 38.358570, 0.0)
(34.736847, 38.376350, 0.0)
(34.738255, 38.400002, 0.0)
(34.758411, 38.412048, 0.0)
(34.772644, 38.404182, 0.0)
(34.770935, 38.427605, 0.0)
(34.770943, 38.428013, 0.0)
(34.770786, 38.444153, 0.0)
(34.778664, 38.468349, 0.0)
(36.233746, 37.962269, 0.0)
(41.549717, 36.683365, 0.0)
(43.394501, 36.828278, 0.0)
(43.476551, 36.771179, 0.0)
(43.481922, 36.660355, 0.0)
(43.468575, 36.642105, 0.0)
(43.420357, 36.654018, 0.0)
(43.419502, 36.652519, 0.0)
(43.424686, 36.682934, 0.0)
(43.770649, 36.561138, 0.0)
(43.801201, 36.561192, 0.0)
(43.799824, 36.545601, 0.0)
(43.754879, 36.481365, 0.0)
(43.744141, 36.492542, 0.0)
(43.752113, 36.471329, 0.0)
(43.752457, 36.456631, 0.0)
(43.773632, 36.454861, 0.0)
(43.786716, 36.467602, 0.0)
(43.786449, 36.476944, 0.0)
(43.781063, 36.533657, 0.0)
(43.772564, 36.515682, 0.0)
(43.787861, 36.497692, 0.0)
(43.792931, 36.430195, 0.0)
(43.779659, 36.389744, 0.0)
(43.761776, 36.402088, 0.0)
(43.746078, 36.420605, 0.0)
(43.740948, 36.422310, 0.0)
(43.736629, 36.414017, 0.0)
(43.750298, 36.426212, 0.0)
(43.768837, 36.398617, 0.0)
(43.754974, 36.408630, 0.0)
(43.720459, 36.393265, 0.0)
(43.694111, 36.355091, 0.0)
(43.677765, 36.329762, 0.0)
(43.696236, 36.342381, 0.0)
(43.700096, 36.367313, 0.0)
(43.698803, 36.379711, 0.0)
(43.698803, 36.379711, 0.0)
(45.493145, 38.521591, 0.0)
(46.649578, 39.402534, 0.0)
(46.705204, 39.328442, 0.0)
(46.648254, 39.293732, 0.0)
(46.625248, 39.243710, 0.0)
(46.623573, 39.248825, 0.0)
(46.606884, 39.278217, 0.0)
(46.625496, 39.236176, 0.0)
(46.626160, 39.229939, 0.0)
(46.637089, 39.220707, 0.0)
(46.624454, 39.211643, 0.0)
(46.621834, 39.208668, 0.0)
(46.610134, 39.181160, 0.0)
(46.601986, 39.188721, 0.0)
(46.594967, 39.212448, 0.0)
(46.577877, 39.234283, 0.0)
(46.577347, 39.269154, 0.0)
(46.573170, 39.270584, 0.0)
(46.566628, 39.295628, 0.0)
(46.565601, 39.293983, 0.0)
(46.575600, 39.270817, 0.0)
(46.580448, 39.252514, 0.0)
(46.560131, 39.272160, 0.0)
(46.547096, 39.299473, 0.0)
(46.557411, 39.314831, 0.0)
(46.559605, 39.318573, 0.0)
(46.571201, 39.303383, 0.0)
(46.584259, 39.295155, 0.0)
(46.589233, 39.277164, 0.0)
(46.583286, 39.261402, 0.0)
(46.589233, 39.277164, 0.0)
(46.599682, 39.286869, 0.0)
(46.600052, 39.307537, 0.0)
(46.606487, 39.315548, 0.0)
(46.612717, 39.333553, 0.0)
(46.623386, 39.350365, 0.0)
(46.627220, 39.376781, 0.0)
(46.633430, 39.358440, 0.0)
(46.660889, 39.344097, 0.0)
(46.677353, 39.330685, 0.0)
(46.668125, 39.318363, 0.0)
(46.660988, 39.344467, 0.0)
(46.663334, 39.340816, 0.0)
(46.652855, 39.336983, 0.0)
(46.639694, 39.318249, 0.0)
(46.658760, 39.302032, 0.0)
(46.824432, 39.481674, 0.0)
