{
  "prompt": "black pupil.",
  "gsam2_centers": [
    {
      "valid": true,
      "cx": 248.02,
      "cy": 132.1,
      "area": 584,
      "det_score": 0.4164,
      "sam_score": 0.9676,
      "box": [
        234.7,
        117.6,
        262.6,
        147.3
      ],
      "repeats": [
        [
          247.97,
          132.01
        ],
        [
          248.06,
          132.14
        ],
        [
          248.06,
          132.1
        ],
        [
          248.15,
          132.05
        ],
        [
          249.19,
          132.0
        ]
      ],
      "idx": 1605,
      "mislabel": false,
      "mislabel_reason": "ok",
      "e_unet": 0.89
    },
    {
      "valid": true,
      "cx": 248.06,
      "cy": 131.74,
      "area": 578,
      "det_score": 0.4188,
      "sam_score": 0.9672,
      "box": [
        234.8,
        117.3,
        262.6,
        146.7
      ],
      "repeats": [
        [
          248.06,
          131.70999999999998
        ],
        [
          248.16,
          131.79000000000002
        ],
        [
          248.15,
          131.76
        ],
        [
          248.15,
          131.67000000000002
        ],
        [
          249.18,
          131.68
        ]
      ],
      "idx": 1606,
      "mislabel": false,
      "mislabel_reason": "ok",
      "e_unet": 0.98
    },
    {
      "valid": true,
      "cx": 248.08,
      "cy": 131.23000000000002,
      "area": 563,
      "det_score": 0.4175,
      "sam_score": 0.9661,
      "box": [
        234.8,
        116.8,
        262.4,
        146.0
      ],
      "repeats": [
        [
          248.08,
          131.23000000000002
        ],
        [
          248.11,
          131.3
        ],
        [
          248.1,
          131.25
        ],
        [
          248.14,
          131.22
        ],
        [
          249.17000000000002,
          131.25
        ]
      ],
      "idx": 1607,
      "mislabel": false,
      "mislabel_reason": "ok",
      "e_unet": 0.95
    },
    {
      "valid": true,
      "cx": 248.11,
      "cy": 131.07,
      "area": 560,
      "det_score": 0.3928,
      "sam_score": 0.9671,
      "box": [
        235.0,
        116.7,
        262.3,
        145.7
      ],
      "repeats": [
        [
          248.05,
          130.9
        ],
        [
          248.18,
          131.14
        ],
        [
          248.16,
          131.04000000000002
        ],
        [
          248.15,
          131.01
        ],
        [
          249.17000000000002,
          130.98000000000002
        ]
      ],
      "idx": 1608,
      "mislabel": false,
      "mislabel_reason": "ok",
      "e_unet": 1.03
    },
    {
      "valid": true,
      "cx": 248.12,
      "cy": 130.70999999999998,
      "area": 552,
      "det_score": 0.4225,
      "sam_score": 0.9653,
      "box": [
        235.0,
        116.5,
        262.3,
        145.3
      ],
      "repeats": [
        [
          248.05,
          130.56
        ],
        [
          248.22,
          130.81
        ],
        [
          248.14,
          130.72
        ],
        [
          248.23,
          130.63
        ],
        [
          249.3,
          130.75
        ]
      ],
      "idx": 1609,
      "mislabel": false,
      "mislabel_reason": "ok",
      "e_unet": 0.96
    },
    {
      "valid": true,
      "cx": 248.19,
      "cy": 130.42000000000002,
      "area": 547,
      "det_score": 0.4329,
      "sam_score": 0.9661,
      "box": [
        235.0,
        116.3,
        262.4,
        145.1
      ],
      "repeats": [
        [
          248.16,
          130.47
        ],
        [
          248.26,
          130.53
        ],
        [
          248.23,
          130.41
        ],
        [
          248.29,
          130.48000000000002
        ],
        [
          249.41,
          130.53
        ]
      ],
      "idx": 1610,
      "mislabel": false,
      "mislabel_reason": "ok",
      "e_unet": 0.93
    },
    {
      "valid": true,
      "cx": 248.31,
      "cy": 130.43,
      "area": 549,
      "det_score": 0.4329,
      "sam_score": 0.9648,
      "box": [
        235.1,
        116.3,
        262.5,
        144.9
      ],
      "repeats": [
        [
          248.26,
          130.38
        ],
        [
          248.29,
          130.39
        ],
        [
          248.29,
          130.36
        ],
        [
          248.32,
          130.38
        ],
        [
          249.4,
          130.45
        ]
      ],
      "idx": 1611,
      "mislabel": false,
      "mislabel_reason": "ok",
      "e_unet": 1.04
    },
    {
      "valid": true,
      "cx": 247.17,
      "cy": 128.44,
      "area": 552,
      "det_score": 0.4392,
      "sam_score": 0.9645,
      "box": [
        233.9,
        114.5,
        261.5,
        142.6
      ],
      "repeats": [
        [
          247.1,
          128.29000000000002
        ],
        [
          247.19,
          128.4
        ],
        [
          247.08,
          128.22
        ],
        [
          247.3,
          128.36
        ],
        [
          248.19,
          128.32999999999998
        ]
      ],
      "idx": 1612,
      "mislabel": false,
      "mislabel_reason": "ok",
      "e_unet": 1.06
    },
    {
      "valid": true,
      "cx": 247.06,
      "cy": 127.67,
      "area": 545,
      "det_score": 0.4027,
      "sam_score": 0.9666,
      "box": [
        233.7,
        113.8,
        261.2,
        141.8
      ],
      "repeats": [
        [
          246.98,
          127.48
        ],
        [
          247.13,
          127.71
        ],
        [
          246.99,
          127.53
        ],
        [
          247.06,
          127.6
        ],
        [
          248.07,
          127.64
        ]
      ],
      "idx": 1613,
      "mislabel": false,
      "mislabel_reason": "ok",
      "e_unet": 1.14
    },
    {
      "valid": true,
      "cx": 247.23,
      "cy": 127.49,
      "area": 531,
      "det_score": 0.4232,
      "sam_score": 0.9669,
      "box": [
        234.0,
        113.7,
        261.4,
        141.6
      ],
      "repeats": [
        [
          247.04,
          127.27
        ],
        [
          247.29,
          127.5
        ],
        [
          247.09,
          127.33
        ],
        [
          247.18,
          127.29
        ],
        [
          248.28,
          127.37
        ]
      ],
      "idx": 1614,
      "mislabel": false,
      "mislabel_reason": "ok",
      "e_unet": 1.23
    },
    {
      "valid": true,
      "cx": 247.15,
      "cy": 126.89,
      "area": 522,
      "det_score": 0.4221,
      "sam_score": 0.9659,
      "box": [
        234.1,
        113.5,
        261.2,
        140.8
      ],
      "repeats": [
        [
          247.13,
          126.7
        ],
        [
          247.18,
          126.87
        ],
        [
          247.1,
          126.75
        ],
        [
          247.37,
          126.95
        ],
        [
          248.34,
          126.86
        ]
      ],
      "idx": 1615,
      "mislabel": false,
      "mislabel_reason": "ok",
      "e_unet": 1.06
    }
  ]
}