{
  "prompt": "black pupil.",
  "gsam2_centers": [
    {
      "valid": true,
      "cx": 214.81,
      "cy": 130.82,
      "area": 1019,
      "det_score": 0.4044,
      "sam_score": 0.9682,
      "box": [
        196.8,
        111.4,
        234.0,
        150.5
      ],
      "repeats": [
        [
          214.73,
          130.76999999999998
        ],
        [
          214.83,
          130.88
        ],
        [
          214.76,
          130.82999999999998
        ],
        [
          214.85,
          130.78
        ],
        [
          215.9,
          130.82
        ]
      ],
      "idx": 205,
      "mislabel": false,
      "mislabel_reason": "ok",
      "e_unet": 0.93
    },
    {
      "valid": true,
      "cx": 214.83,
      "cy": 130.87,
      "area": 1016,
      "det_score": 0.4101,
      "sam_score": 0.969,
      "box": [
        196.9,
        111.5,
        234.0,
        150.5
      ],
      "repeats": [
        [
          214.78,
          130.82
        ],
        [
          214.86,
          130.9
        ],
        [
          214.83,
          130.85
        ],
        [
          214.89,
          130.79000000000002
        ],
        [
          215.85,
          130.82999999999998
        ]
      ],
      "idx": 206,
      "mislabel": false,
      "mislabel_reason": "ok",
      "e_unet": 0.92
    },
    {
      "valid": true,
      "cx": 214.82,
      "cy": 130.82999999999998,
      "area": 1014,
      "det_score": 0.4236,
      "sam_score": 0.9678,
      "box": [
        196.9,
        111.4,
        233.9,
        150.5
      ],
      "repeats": [
        [
          214.74,
          130.74
        ],
        [
          214.84,
          130.87
        ],
        [
          214.8,
          130.82
        ],
        [
          214.85,
          130.81
        ],
        [
          215.87,
          130.87
        ]
      ],
      "idx": 207,
      "mislabel": false,
      "mislabel_reason": "ok",
      "e_unet": 0.89
    },
    {
      "valid": true,
      "cx": 214.76,
      "cy": 130.78,
      "area": 1017,
      "det_score": 0.4235,
      "sam_score": 0.9685,
      "box": [
        196.8,
        111.3,
        233.9,
        150.5
      ],
      "repeats": [
        [
          214.76,
          130.70999999999998
        ],
        [
          214.82,
          130.82
        ],
        [
          214.76,
          130.73000000000002
        ],
        [
          214.83,
          130.75
        ],
        [
          215.85,
          130.75
        ]
      ],
      "idx": 208,
      "mislabel": false,
      "mislabel_reason": "ok",
      "e_unet": 0.99
    },
    {
      "valid": true,
      "cx": 214.73,
      "cy": 130.64,
      "area": 1017,
      "det_score": 0.3889,
      "sam_score": 0.9678,
      "box": [
        196.8,
        111.2,
        233.8,
        150.3
      ],
      "repeats": [
        [
          214.71,
          130.63
        ],
        [
          214.76,
          130.69
        ],
        [
          214.74,
          130.65
        ],
        [
          214.75,
          130.59
        ],
        [
          215.82,
          130.61
        ]
      ],
      "idx": 209,
      "mislabel": false,
      "mislabel_reason": "ok",
      "e_unet": 0.95
    },
    {
      "valid": true,
      "cx": 214.71,
      "cy": 130.51999999999998,
      "area": 1020,
      "det_score": 0.3974,
      "sam_score": 0.9673,
      "box": [
        196.8,
        111.1,
        233.8,
        150.3
      ],
      "repeats": [
        [
          214.67,
          130.53
        ],
        [
          214.72,
          130.57
        ],
        [
          214.71,
          130.54000000000002
        ],
        [
          214.81,
          130.48000000000002
        ],
        [
          215.73000000000002,
          130.59
        ]
      ],
      "idx": 210,
      "mislabel": false,
      "mislabel_reason": "ok",
      "e_unet": 0.96
    },
    {
      "valid": true,
      "cx": 214.73,
      "cy": 130.5,
      "area": 1027,
      "det_score": 0.4091,
      "sam_score": 0.9676,
      "box": [
        196.7,
        110.9,
        233.7,
        150.3
      ],
      "repeats": [
        [
          214.67,
          130.51
        ],
        [
          214.75,
          130.55
        ],
        [
          214.77,
          130.51999999999998
        ],
        [
          214.83,
          130.4
        ],
        [
          215.82,
          130.45999999999998
        ]
      ],
      "idx": 211,
      "mislabel": false,
      "mislabel_reason": "ok",
      "e_unet": 1.02
    },
    {
      "valid": true,
      "cx": 214.77,
      "cy": 130.54000000000002,
      "area": 1038,
      "det_score": 0.4235,
      "sam_score": 0.9668,
      "box": [
        196.7,
        110.9,
        233.6,
        150.5
      ],
      "repeats": [
        [
          214.7,
          130.45999999999998
        ],
        [
          214.75,
          130.57999999999998
        ],
        [
          214.7,
          130.47
        ],
        [
          214.91,
          130.19
        ],
        [
          215.9,
          130.26999999999998
        ]
      ],
      "idx": 212,
      "mislabel": false,
      "mislabel_reason": "ok",
      "e_unet": 1.02
    },
    {
      "valid": true,
      "cx": 214.84,
      "cy": 130.51999999999998,
      "area": 1036,
      "det_score": 0.414,
      "sam_score": 0.9666,
      "box": [
        196.6,
        111.0,
        233.7,
        150.7
      ],
      "repeats": [
        [
          214.74,
          130.55
        ],
        [
          214.76,
          130.67000000000002
        ],
        [
          214.82,
          130.54000000000002
        ],
        [
          214.89,
          130.35
        ],
        [
          215.87,
          130.42000000000002
        ]
      ],
      "idx": 213,
      "mislabel": false,
      "mislabel_reason": "ok",
      "e_unet": 1.02
    },
    {
      "valid": true,
      "cx": 214.7,
      "cy": 130.73000000000002,
      "area": 1040,
      "det_score": 0.4123,
      "sam_score": 0.9667,
      "box": [
        196.6,
        111.1,
        233.7,
        150.8
      ],
      "repeats": [
        [
          214.7,
          130.78
        ],
        [
          214.65,
          130.81
        ],
        [
          214.66,
          130.78
        ],
        [
          214.84,
          130.48000000000002
        ],
        [
          215.82999999999998,
          130.51
        ]
      ],
      "idx": 214,
      "mislabel": false,
      "mislabel_reason": "ok",
      "e_unet": 1.1
    },
    {
      "valid": true,
      "cx": 214.66,
      "cy": 130.79000000000002,
      "area": 1047,
      "det_score": 0.3962,
      "sam_score": 0.9655,
      "box": [
        196.5,
        111.0,
        233.7,
        150.9
      ],
      "repeats": [
        [
          214.67,
          130.82
        ],
        [
          214.63,
          130.87
        ],
        [
          214.62,
          130.84
        ],
        [
          214.82,
          130.55
        ],
        [
          215.84,
          130.66
        ]
      ],
      "idx": 215,
      "mislabel": false,
      "mislabel_reason": "ok",
      "e_unet": 1.06
    }
  ]
}