(35.525433, 31.710011, 0.0)
(35.439777, 30.473524, 0.0)
(35.584717, 29.765869, 0.0)
(35.672222, 29.457582, 0.0)
(36.023800, 29.678949, 0.0)
(36.723530, 31.017708, 0.0)
(36.813587, 31.285637, 0.0)
(36.879963, 31.296263, 0.0)
(36.947605, 31.266361, 0.0)
(37.005062, 31.165060, 0.0)
(37.038857, 31.103535, 0.0)
(37.053741, 31.116772, 0.0)
(37.061878, 31.157629, 0.0)
(37.064827, 31.170223, 0.0)
(37.028038, 31.224766, 0.0)
(37.024174, 31.212475, 0.0)
(37.033978, 31.193916, 0.0)
(37.054790, 31.088768, 0.0)
(37.077389, 30.926250, 0.0)
(37.056843, 30.802151, 0.0)
(37.066814, 30.672922, 0.0)
(37.067135, 30.654636, 0.0)
(36.965229, 30.836828, 0.0)
(37.170071, 32.547199, 0.0)
(37.009758, 31.152803, 0.0)
(36.964005, 30.505268, 0.0)
(37.033325, 30.335846, 0.0)
(37.045498, 30.341373, 0.0)
(37.046013, 30.398537, 0.0)
(36.974922, 30.501808, 0.0)
(36.942543, 30.672037, 0.0)
(36.812782, 30.816977, 0.0)
(36.725121, 30.978148, 0.0)
(36.757889, 30.978342, 0.0)
(36.768185, 30.904900, 0.0)
(36.778866, 30.871618, 0.0)
(36.812653, 30.848658, 0.0)
(36.847599, 30.870352, 0.0)
(36.961349, 30.924112, 0.0)
(36.964725, 30.984615, 0.0)
(36.975155, 30.997576, 0.0)
(36.977604, 30.993767, 0.0)
(36.986805, 30.970247, 0.0)
(36.993660, 30.952293, 0.0)
(36.990490, 30.934988, 0.0)
(36.992901, 30.946882, 0.0)
(36.986088, 30.954475, 0.0)
(36.924786, 30.860622, 0.0)
(37.226948, 33.208393, 0.0)
(36.983047, 31.516283, 0.0)
(36.950954, 30.743919, 0.0)
(36.985981, 30.634277, 0.0)
(37.005573, 30.646023, 0.0)
(37.000984, 30.691809, 0.0)
(36.983063, 30.686424, 0.0)
(37.021252, 30.707630, 0.0)
(37.014652, 30.879915, 0.0)
(36.982727, 30.909958, 0.0)
(36.973282, 30.936865, 0.0)
(36.978733, 30.949438, 0.0)
(36.981865, 30.960884, 0.0)
(36.991341, 30.950916, 0.0)
(36.984501, 30.909437, 0.0)
(36.975189, 30.913410, 0.0)
(36.985947, 30.936699, 0.0)
(36.990757, 30.941860, 0.0)
(36.945915, 30.891621, 0.0)
(37.152584, 33.254185, 0.0)
(36.918186, 31.572035, 0.0)
(36.878418, 30.948523, 0.0)
(36.922527, 30.838959, 0.0)
(36.927109, 30.856781, 0.0)
(36.926796, 30.881989, 0.0)
(36.943905, 30.892200, 0.0)
(36.937439, 30.909769, 0.0)
(36.946358, 30.926466, 0.0)
(36.954502, 30.939581, 0.0)
(36.958488, 30.928493, 0.0)
(36.970146, 30.928345, 0.0)
(36.967182, 30.908075, 0.0)
(36.961720, 30.932697, 0.0)
(36.951141, 30.946547, 0.0)
(36.946690, 30.991156, 0.0)
(36.932991, 30.993729, 0.0)
(36.939552, 30.978043, 0.0)
(36.954929, 30.969769, 0.0)
(36.951958, 30.918913, 0.0)
(36.963715, 30.907206, 0.0)
(36.959049, 30.888407, 0.0)
(36.961075, 30.888004, 0.0)
(36.973560, 30.878777, 0.0)
(36.947342, 30.914936, 0.0)
(36.939156, 30.927156, 0.0)
(36.945137, 30.952797, 0.0)
(36.956848, 30.941832, 0.0)
(36.953079, 30.942667, 0.0)
(36.948174, 30.924410, 0.0)
(36.940403, 30.901339, 0.0)
(36.939201, 30.893148, 0.0)
(36.937634, 30.888828, 0.0)
(36.939156, 30.927156, 0.0)
(36.941757, 30.942825, 0.0)
(36.940151, 30.931229, 0.0)
(36.955338, 30.952955, 0.0)
(36.950260, 30.936129, 0.0)
(36.923523, 30.914211, 0.0)
(36.915638, 30.902494, 0.0)
(36.925934, 30.893454, 0.0)
(36.932720, 30.864992, 0.0)
(36.930302, 30.875925, 0.0)
(36.950294, 30.880829, 0.0)
(36.966644, 30.889410, 0.0)
(36.997658, 30.880545, 0.0)
(36.989780, 30.891104, 0.0)
(37.000134, 30.875038, 0.0)
(36.996868, 30.854877, 0.0)
(36.968609, 30.836283, 0.0)
(36.978569, 30.840796, 0.0)
(36.955685, 30.859755, 0.0)
(36.958344, 30.900978, 0.0)
(36.963928, 30.915066, 0.0)
(36.972336, 30.902317, 0.0)
(36.973495, 30.881823, 0.0)
(36.963940, 30.879988, 0.0)
(36.961967, 30.855536, 0.0)
(36.980518, 30.844036, 0.0)
(36.980591, 30.836363, 0.0)
(36.969570, 30.850416, 0.0)
(36.979729, 30.866360, 0.0)
(36.975201, 30.877386, 0.0)
(36.974247, 30.898533, 0.0)
(36.989880, 30.885450, 0.0)
(36.981033, 30.880529, 0.0)
(36.976948, 30.866926, 0.0)
(36.971413, 30.870560, 0.0)
(36.970406, 30.880751, 0.0)
(36.949806, 30.876047, 0.0)
(36.935211, 30.899008, 0.0)
(36.928810, 30.936766, 0.0)
(36.924812, 30.975296, 0.0)
(36.930870, 30.974863, 0.0)
(36.935509, 30.946011, 0.0)
(36.937092, 30.933640, 0.0)
(36.934624, 30.931047, 0.0)
(36.931877, 30.937447, 0.0)
(36.935249, 30.932344, 0.0)
(36.908115, 30.925709, 0.0)
(36.868172, 30.966822, 0.0)
(36.857906, 30.987886, 0.0)
(36.856693, 30.981607, 0.0)
(36.850819, 30.938740, 0.0)
(36.875778, 30.896221, 0.0)
(36.870346, 30.864574, 0.0)
(36.862888, 30.873734, 0.0)
(36.864456, 30.877769, 0.0)
(36.827347, 30.877283, 0.0)
(36.815361, 30.909451, 0.0)
(36.825901, 30.939695, 0.0)
(36.826286, 30.970470, 0.0)
(36.823490, 30.968115, 0.0)
(36.826660, 30.954393, 0.0)
(36.831299, 30.941582, 0.0)
(36.799202, 30.858442, 0.0)
(37.857265, 32.065193, 0.0)
(43.183666, 36.321476, 0.0)
(44.316704, 37.037632, 0.0)
(45.115070, 37.948929, 0.0)
(45.153858, 38.013187, 0.0)
(45.173923, 38.024147, 0.0)
(45.190346, 38.057053, 0.0)
(45.197388, 38.047428, 0.0)
(45.212055, 38.035374, 0.0)
(45.223587, 37.997929, 0.0)
(45.239582, 37.953438, 0.0)
(45.238712, 37.954922, 0.0)
(45.223999, 37.986244, 0.0)
(45.218685, 37.991844, 0.0)
(45.199360, 38.294506, 0.0)
(45.228222, 38.362274, 0.0)
(45.224857, 38.326305, 0.0)
(45.220650, 38.313908, 0.0)
(45.214352, 38.305511, 0.0)
(45.210949, 38.319035, 0.0)
(45.213131, 38.301479, 0.0)
(45.196739, 38.315697, 0.0)
(45.202202, 38.319798, 0.0)
(45.192616, 38.304127, 0.0)
(45.191872, 38.276775, 0.0)
(45.193935, 38.262653, 0.0)
(45.191914, 38.266331, 0.0)
(45.188461, 38.260921, 0.0)
(45.184139, 38.245888, 0.0)
(45.188667, 38.226780, 0.0)
(45.196472, 38.183994, 0.0)
(45.179710, 38.230247, 0.0)
(45.161102, 38.224751, 0.0)
(45.172619, 38.250835, 0.0)
(45.180630, 38.249180, 0.0)
(45.186840, 38.231945, 0.0)
(45.184921, 38.195526, 0.0)
(44.258751, 34.609230, 0.0)
(41.350380, 29.505053, 0.0)
(39.382809, 27.807579, 0.0)
(39.285904, 27.801577, 0.0)
(39.250671, 27.770082, 0.0)
(37.669922, 27.675552, 0.0)
(32.949818, 27.686481, 0.0)
(29.812838, 28.604452, 0.0)
(29.662437, 28.530310, 0.0)
(29.614170, 28.416407, 0.0)
(29.586603, 28.389910, 0.0)
(29.549643, 28.346376, 0.0)
(29.340382, 29.434536, 0.0)
(28.659266, 33.786678, 0.0)
(28.440928, 35.868973, 0.0)
(28.224653, 36.147816, 0.0)
(28.125172, 36.180714, 0.0)
(28.096193, 36.187668, 0.0)
(28.076982, 36.145866, 0.0)
(28.049833, 36.155899, 0.0)
(28.026564, 36.141933, 0.0)
(28.023558, 36.139526, 0.0)
(28.006176, 36.125179, 0.0)
(27.990080, 36.130875, 0.0)
(27.972250, 36.152760, 0.0)
(27.981007, 36.170696, 0.0)
(29.272312, 32.960197, 0.0)
(30.877779, 31.228186, 0.0)
(30.930733, 31.103231, 0.0)
(30.913967, 31.117710, 0.0)
(30.913780, 31.054119, 0.0)
(30.923552, 31.030603, 0.0)
(30.948265, 31.028913, 0.0)
(30.990696, 31.056936, 0.0)
(30.995306, 31.083235, 0.0)
(30.112782, 32.963760, 0.0)
(28.188246, 36.294754, 0.0)
(27.609013, 36.742130, 0.0)
(27.491415, 36.727211, 0.0)
(27.474882, 36.702663, 0.0)
(27.466852, 36.667358, 0.0)
(27.472729, 36.648556, 0.0)
(27.490120, 37.381573, 0.0)
(27.447884, 37.545540, 0.0)
(27.426712, 37.529259, 0.0)
(27.420950, 37.534676, 0.0)
(27.415840, 37.514095, 0.0)
(27.401501, 37.459240, 0.0)
(27.401115, 37.472298, 0.0)
(27.408152, 37.442734, 0.0)
(27.391092, 37.431568, 0.0)
(27.386492, 37.407322, 0.0)
(27.368395, 37.405811, 0.0)
(27.347078, 37.386078, 0.0)
(27.338675, 37.382877, 0.0)
(27.349535, 37.427124, 0.0)
(27.334282, 37.346909, 0.0)
(27.343056, 37.376499, 0.0)
(27.348093, 37.307251, 0.0)
(27.332649, 37.304916, 0.0)
(27.337420, 37.293850, 0.0)
(27.338182, 37.270782, 0.0)
(27.333374, 37.262131, 0.0)
(27.314837, 37.226562, 0.0)
(27.303402, 37.225994, 0.0)
(27.285759, 37.220566, 0.0)
(27.289257, 37.205280, 0.0)
(27.280981, 37.191608, 0.0)
(27.263149, 37.155361, 0.0)
(27.265728, 37.152237, 0.0)
(27.251719, 37.138027, 0.0)
(27.255741, 37.116749, 0.0)
(27.255863, 37.094883, 0.0)
(28.710020, 34.960552, 0.0)
(32.661610, 31.208618, 0.0)
(36.582546, 28.320915, 0.0)
(38.716572, 27.815859, 0.0)
(38.886147, 27.705877, 0.0)
(38.901745, 27.630342, 0.0)
(38.916782, 27.606350, 0.0)
(38.931667, 27.584600, 0.0)
(38.930695, 27.526344, 0.0)
(38.919716, 27.500349, 0.0)
(38.906857, 27.519093, 0.0)
(41.263634, 27.771799, 0.0)
(43.211136, 28.352346, 0.0)
(43.428356, 28.358898, 0.0)
(43.429729, 28.332930, 0.0)
(43.456646, 28.304396, 0.0)
(43.470394, 28.294966, 0.0)
(43.457153, 28.273245, 0.0)
(43.446033, 28.277103, 0.0)
(43.437603, 28.279825, 0.0)
(43.327663, 28.248930, 0.0)
(43.608307, 28.682562, 0.0)
(43.673637, 28.458368, 0.0)
(44.008686, 28.561852, 0.0)
(44.160694, 28.644361, 0.0)
(44.190712, 28.601755, 0.0)
(44.211761, 28.584362, 0.0)
(44.212364, 28.567657, 0.0)
(44.206284, 28.533367, 0.0)
(44.190647, 28.518623, 0.0)
(44.027130, 28.490593, 0.0)
(39.962696, 27.314028, 0.0)
(35.991837, 28.281898, 0.0)
(33.324055, 28.718390, 0.0)
(31.849272, 29.744041, 0.0)
(31.608553, 29.780260, 0.0)
(31.572868, 29.719707, 0.0)
(31.573336, 29.685076, 0.0)
(31.586918, 29.698709, 0.0)
(31.594088, 29.698576, 0.0)
(31.601624, 29.682617, 0.0)
(31.921938, 29.416513, 0.0)
(37.259445, 31.464214, 0.0)
(37.257187, 31.124308, 0.0)
(37.293861, 31.144646, 0.0)
(37.201725, 31.204781, 0.0)
(36.875343, 31.189484, 0.0)
(36.870449, 31.167765, 0.0)
(36.871716, 31.160252, 0.0)
(36.889263, 31.171343, 0.0)
(36.892509, 31.135263, 0.0)
(36.864330, 31.133631, 0.0)
(36.703457, 31.022337, 0.0)
(36.810879, 31.857946, 0.0)
(36.710014, 30.816196, 0.0)
(36.727295, 30.530212, 0.0)
(36.779213, 30.608334, 0.0)
(36.824158, 30.690863, 0.0)
(36.842541, 30.701532, 0.0)
(36.826962, 30.726055, 0.0)
(36.841599, 30.772879, 0.0)
(36.829338, 30.809935, 0.0)
(36.946915, 30.950073, 0.0)
(36.977230, 30.978088, 0.0)
(36.975704, 30.951929, 0.0)
(36.969776, 30.935333, 0.0)
(36.976933, 30.909332, 0.0)
(36.971615, 30.912056, 0.0)
(36.966740, 30.918934, 0.0)
(35.788696, 31.226906, 0.0)
(31.254887, 32.376408, 0.0)
(28.458935, 33.780190, 0.0)
(27.488190, 34.342838, 0.0)
(27.308083, 34.344543, 0.0)
(27.286989, 34.278198, 0.0)
(27.245010, 34.231358, 0.0)
(27.221771, 34.225868, 0.0)
(26.984343, 33.876564, 0.0)
(26.903431, 33.845367, 0.0)
(26.869019, 33.832504, 0.0)
(26.834625, 33.840523, 0.0)
(26.801367, 33.846386, 0.0)
(26.778746, 33.845570, 0.0)
(26.754572, 33.831852, 0.0)
(26.590611, 33.662418, 0.0)
(27.319242, 35.795654, 0.0)
(27.189432, 34.908653, 0.0)
(26.912292, 33.177174, 0.0)
(26.932451, 33.154640, 0.0)
(26.962683, 33.345474, 0.0)
(26.980156, 33.385464, 0.0)
(26.985209, 33.407139, 0.0)
(26.988283, 33.427471, 0.0)
(26.986319, 33.447926, 0.0)
(26.981117, 33.453194, 0.0)
(26.977514, 33.427868, 0.0)
(26.986465, 33.429436, 0.0)
(26.983046, 33.431538, 0.0)
(26.980667, 33.420795, 0.0)
(26.969492, 33.437820, 0.0)
(26.969492, 33.437820, 0.0)
(26.964186, 33.496243, 0.0)
(26.967775, 33.498196, 0.0)
(26.983168, 33.483635, 0.0)
(26.990313, 33.491875, 0.0)
(27.686422, 34.796814, 0.0)
(28.555349, 37.052910, 0.0)
(28.501400, 37.248119, 0.0)
(28.421915, 37.200375, 0.0)
(28.373932, 37.216347, 0.0)
(28.337540, 37.266125, 0.0)
(28.643553, 37.388996, 0.0)
(28.657818, 37.402706, 0.0)
(28.634319, 37.382214, 0.0)
(28.614225, 37.369427, 0.0)
(28.604729, 37.378189, 0.0)
(28.609280, 37.358356, 0.0)
(30.700890, 36.659512, 0.0)
(30.791296, 36.626480, 0.0)
(30.772882, 36.644207, 0.0)
(30.754126, 36.687973, 0.0)
(30.765848, 36.728977, 0.0)
(30.775011, 36.753963, 0.0)
(29.190762, 37.274979, 0.0)
(28.857430, 37.205563, 0.0)
(28.815355, 37.060509, 0.0)
(28.814791, 37.058586, 0.0)
(28.812380, 37.061024, 0.0)
(28.818119, 37.071022, 0.0)
(28.801634, 37.127022, 0.0)
(28.772373, 37.177612, 0.0)
(28.770739, 37.174690, 0.0)
(28.761421, 37.160801, 0.0)
(28.783278, 37.114227, 0.0)
(28.760807, 37.057854, 0.0)
(28.769432, 37.046570, 0.0)
(28.772121, 37.046673, 0.0)
(28.752798, 37.036926, 0.0)
(28.751192, 37.050911, 0.0)
(28.736115, 37.082146, 0.0)
(28.727781, 37.084564, 0.0)
(28.733824, 37.079647, 0.0)
(28.938761, 35.836040, 0.0)
(29.856995, 32.357109, 0.0)
(30.122450, 31.561905, 0.0)
(30.135342, 31.439730, 0.0)
(30.136698, 31.469646, 0.0)
(30.139666, 31.472349, 0.0)
(29.972292, 30.451927, 0.0)
(29.949890, 30.439186, 0.0)
(29.914549, 30.457766, 0.0)
(29.871347, 30.471476, 0.0)
(29.915462, 30.447596, 0.0)
(29.890806, 30.388041, 0.0)
(29.881224, 30.350769, 0.0)
(29.869320, 30.361311, 0.0)
(29.857851, 30.327961, 0.0)
(29.840376, 30.309959, 0.0)
(29.841665, 30.305658, 0.0)
(29.585575, 30.322435, 0.0)
(29.838680, 31.121542, 0.0)
(29.875629, 30.426317, 0.0)
(29.935276, 30.359394, 0.0)
(29.979006, 30.489178, 0.0)
(29.998915, 30.534882, 0.0)
(30.022102, 30.547018, 0.0)
(30.069778, 30.538033, 0.0)
(30.085091, 30.550129, 0.0)
(30.088936, 30.551264, 0.0)
(30.081934, 30.599001, 0.0)
(30.072435, 30.628099, 0.0)
(30.093809, 30.646154, 0.0)
(30.097969, 30.654360, 0.0)
(30.114489, 30.641016, 0.0)
(30.112135, 30.633286, 0.0)
(30.111320, 30.645098, 0.0)
(30.113190, 30.651678, 0.0)
(31.173296, 30.025661, 0.0)
(35.427326, 28.681202, 0.0)
(38.133633, 28.668001, 0.0)
(39.910656, 28.717251, 0.0)
(40.809036, 28.414476, 0.0)
(40.910038, 28.260489, 0.0)
(40.908798, 28.165977, 0.0)
(40.940105, 28.104746, 0.0)
(40.978867, 28.052532, 0.0)
(41.004486, 28.037706, 0.0)
(40.755127, 28.260498, 0.0)
(40.022743, 27.621901, 0.0)
(40.038006, 27.342123, 0.0)
(40.669712, 27.474066, 0.0)
(40.789047, 27.403030, 0.0)
(40.857182, 27.394747, 0.0)
(40.890965, 27.371635, 0.0)
(40.896496, 27.369928, 0.0)
(40.889950, 27.386364, 0.0)
(40.895153, 27.392044, 0.0)
(40.909668, 27.365129, 0.0)
(40.906719, 27.391472, 0.0)
(40.874638, 27.405951, 0.0)
(40.863132, 27.437948, 0.0)
(40.859016, 27.443720, 0.0)
(40.870312, 27.449089, 0.0)
(40.887398, 27.449936, 0.0)
(40.902313, 27.451639, 0.0)
(40.899395, 27.443594, 0.0)
(40.906399, 27.452829, 0.0)
(40.906399, 27.452829, 0.0)
(40.903465, 27.446836, 0.0)
(40.903465, 27.446836, 0.0)
(40.896240, 27.440714, 0.0)
(40.910538, 27.478525, 0.0)
(40.922508, 27.492582, 0.0)
(40.923901, 27.494064, 0.0)
(40.900238, 27.471378, 0.0)
(40.837311, 27.484932, 0.0)
(36.549175, 27.967678, 0.0)
(32.226116, 28.805475, 0.0)
(29.539640, 29.681824, 0.0)
(29.433781, 29.634504, 0.0)
(29.400524, 29.622217, 0.0)
(29.386538, 29.582254, 0.0)
(29.493523, 29.209288, 0.0)
(30.186800, 27.545609, 0.0)
(30.175558, 27.452852, 0.0)
(30.107512, 27.485159, 0.0)
(30.083027, 27.493937, 0.0)
(30.066086, 27.505987, 0.0)
(29.988119, 27.479244, 0.0)
(29.722050, 27.589743, 0.0)
(29.648983, 27.554449, 0.0)
(29.796936, 27.207451, 0.0)
(30.287006, 27.351341, 0.0)
(30.348562, 27.351841, 0.0)
(30.364731, 27.343103, 0.0)
(30.370283, 27.333403, 0.0)
(30.388411, 27.345812, 0.0)
(30.385059, 27.328089, 0.0)
(30.394293, 27.315083, 0.0)
(30.407509, 27.334389, 0.0)
(30.434921, 27.331299, 0.0)
(30.452969, 27.326237, 0.0)
(30.469767, 27.340584, 0.0)
(30.486494, 27.345526, 0.0)
(30.510517, 27.347086, 0.0)
(30.530773, 27.351927, 0.0)
(30.545717, 27.349838, 0.0)
(30.562082, 27.328068, 0.0)
(30.583063, 27.313179, 0.0)
(30.583063, 27.313179, 0.0)
(30.582930, 27.317099, 0.0)
(30.578316, 27.323336, 0.0)
(30.561573, 27.311712, 0.0)
(34.132145, 28.548594, 0.0)
(38.850395, 31.516294, 0.0)
(41.992306, 33.694664, 0.0)
(43.945160, 36.193916, 0.0)
(44.470135, 36.851742, 0.0)
(44.574120, 36.958942, 0.0)
(44.582500, 36.924953, 0.0)
(44.575657, 36.951237, 0.0)
(44.596287, 36.953197, 0.0)
(44.614635, 36.943672, 0.0)
(44.677902, 36.925407, 0.0)
(44.699913, 36.904869, 0.0)
(44.708000, 36.863838, 0.0)
(44.695602, 36.786133, 0.0)
(44.643875, 36.137566, 0.0)
(44.614822, 36.067871, 0.0)
(44.572548, 36.114384, 0.0)
(44.587204, 36.081062, 0.0)
(44.583584, 36.118153, 0.0)
(44.603104, 36.079624, 0.0)
(44.623688, 36.048447, 0.0)
(44.615353, 36.081722, 0.0)
(44.612259, 36.096420, 0.0)
(44.620533, 36.101959, 0.0)
(44.620399, 36.079964, 0.0)
(44.089272, 35.535202, 0.0)
(42.645832, 33.994141, 0.0)
(42.540493, 32.221607, 0.0)
(42.601063, 31.720310, 0.0)
(42.669781, 31.742428, 0.0)
(42.683350, 31.737955, 0.0)
(42.737194, 31.730917, 0.0)
(42.757034, 31.721048, 0.0)
(42.779297, 31.713884, 0.0)
(42.779861, 31.690016, 0.0)
(42.807526, 31.680748, 0.0)
(42.807560, 31.675863, 0.0)
(42.687508, 31.660679, 0.0)
(42.180317, 32.861538, 0.0)
(43.105892, 34.331612, 0.0)
(43.095654, 33.248154, 0.0)
(43.147373, 32.872585, 0.0)
(43.193661, 32.915878, 0.0)
(43.273590, 32.962379, 0.0)
(43.295330, 32.970413, 0.0)
(43.329361, 33.027615, 0.0)
(43.346622, 33.095932, 0.0)
(43.346462, 33.141628, 0.0)
(43.349110, 33.182491, 0.0)
(43.352692, 33.184235, 0.0)
(43.341858, 33.134079, 0.0)
(42.417564, 32.780869, 0.0)
(41.334610, 32.145329, 0.0)
(41.271763, 32.090801, 0.0)
(41.303860, 32.099277, 0.0)
(41.304607, 32.128048, 0.0)
(41.304962, 32.109783, 0.0)
(41.306831, 32.096390, 0.0)
(41.308636, 32.086563, 0.0)
(41.309498, 32.062725, 0.0)
(41.301674, 32.039764, 0.0)
(41.309258, 32.034348, 0.0)
(41.303715, 32.021198, 0.0)
(41.295570, 32.025909, 0.0)
(41.294502, 32.045071, 0.0)
(41.285221, 32.091686, 0.0)
(41.276852, 32.112362, 0.0)
(41.313454, 32.115856, 0.0)
(41.329994, 32.070667, 0.0)
(41.322586, 32.062641, 0.0)
(41.338539, 32.030373, 0.0)
(41.336853, 32.027447, 0.0)
(38.137924, 30.443928, 0.0)
(34.308784, 28.838772, 0.0)
(34.209267, 28.901957, 0.0)
(34.178200, 28.842413, 0.0)
(34.164143, 28.796606, 0.0)
(34.181103, 28.776680, 0.0)
(34.181297, 28.770979, 0.0)
(34.190136, 28.761244, 0.0)
(34.167114, 28.720131, 0.0)
(34.126450, 28.686600, 0.0)
(34.408741, 28.490597, 0.0)
(34.269215, 29.201847, 0.0)
(34.330589, 29.022640, 0.0)
(34.470699, 28.771332, 0.0)
(34.516907, 28.877220, 0.0)
(34.565689, 28.953497, 0.0)
(34.568539, 28.883516, 0.0)
(34.431618, 28.771318, 0.0)
(34.230759, 29.515907, 0.0)
(34.132465, 29.222908, 0.0)
(34.242516, 30.635782, 0.0)
(34.338036, 30.755165, 0.0)
(34.404182, 30.691282, 0.0)
(34.284367, 29.978655, 0.0)
(34.246952, 29.060793, 0.0)
(34.308895, 29.046938, 0.0)
(34.423454, 29.189722, 0.0)
(34.489178, 29.214291, 0.0)
(34.523506, 29.229631, 0.0)
(34.552151, 29.251991, 0.0)
(34.564575, 29.283182, 0.0)
(34.560669, 29.295250, 0.0)
(34.562698, 29.326387, 0.0)
(34.582848, 29.356153, 0.0)
(34.602116, 29.338762, 0.0)
(34.619720, 29.336227, 0.0)
(34.602291, 29.300365, 0.0)
(34.601254, 29.293360, 0.0)
(32.169197, 31.249792, 0.0)
(30.395601, 33.370857, 0.0)
(30.499065, 33.495781, 0.0)
(30.500713, 33.459930, 0.0)
(30.407894, 33.465725, 0.0)
(30.194622, 32.924873, 0.0)
(30.096485, 32.905857, 0.0)
(30.094124, 32.925568, 0.0)
(30.069794, 32.895306, 0.0)
(30.074432, 32.878696, 0.0)
(30.071880, 32.882786, 0.0)
(30.070797, 32.869930, 0.0)
(30.052271, 32.862591, 0.0)
(30.024960, 32.857246, 0.0)
(29.931522, 32.800201, 0.0)
(29.697233, 34.138668, 0.0)
(30.252636, 34.058372, 0.0)
(30.177279, 32.899158, 0.0)
(30.179159, 32.407520, 0.0)
(30.202864, 32.353909, 0.0)
(30.263756, 32.420189, 0.0)
(30.282385, 32.480289, 0.0)
(30.315138, 32.523014, 0.0)
(30.324913, 32.537964, 0.0)
(30.337252, 32.555412, 0.0)
(30.329699, 32.581364, 0.0)
(30.349228, 32.620270, 0.0)
(30.365112, 32.644352, 0.0)
(30.401463, 32.676388, 0.0)
(30.409906, 32.653488, 0.0)
(30.444494, 32.659721, 0.0)
(30.474403, 32.661064, 0.0)
(30.452719, 32.682220, 0.0)
(30.490665, 32.674770, 0.0)
(30.504602, 32.678757, 0.0)
(30.526268, 32.615261, 0.0)
(34.814865, 31.222122, 0.0)
(38.612362, 31.883568, 0.0)
(39.179340, 29.940006, 0.0)
(39.499226, 29.889698, 0.0)
(39.544334, 29.977650, 0.0)
(39.565601, 30.033981, 0.0)
(39.568974, 30.049931, 0.0)
(39.583591, 30.057922, 0.0)
(39.635395, 30.058876, 0.0)
(39.668842, 30.081421, 0.0)
(39.658398, 30.059603, 0.0)
(39.395229, 30.068939, 0.0)
(39.244816, 29.971861, 0.0)
(39.233513, 29.951757, 0.0)
(39.240429, 29.928743, 0.0)
(39.240963, 29.964569, 0.0)
(39.213634, 29.941374, 0.0)
(39.115128, 29.876099, 0.0)
(38.955513, 31.146172, 0.0)
(39.200127, 30.315100, 0.0)
(39.128849, 29.681553, 0.0)
(39.133541, 29.673399, 0.0)
(39.179840, 29.774141, 0.0)
(39.183693, 29.842731, 0.0)
(39.201496, 29.868464, 0.0)
(39.223736, 29.908567, 0.0)
(39.227581, 29.906824, 0.0)
(39.240295, 29.926716, 0.0)
(39.243355, 29.953754, 0.0)
(39.251701, 29.961695, 0.0)
(39.233238, 29.991077, 0.0)
(39.241486, 30.025990, 0.0)
(39.249920, 30.030769, 0.0)
(39.250504, 30.002182, 0.0)
(37.871319, 29.323620, 0.0)
(35.235638, 26.785746, 0.0)
(35.116318, 26.769890, 0.0)
(35.063690, 26.762121, 0.0)
(35.037868, 26.718084, 0.0)
(35.020298, 26.690157, 0.0)
(34.531116, 26.452354, 0.0)
(34.477238, 26.305235, 0.0)
(34.463062, 26.250971, 0.0)
(34.430286, 26.220009, 0.0)
(34.441402, 26.195627, 0.0)
(34.419048, 26.183769, 0.0)
(34.436707, 26.175770, 0.0)
(34.429150, 26.202015, 0.0)
(34.385498, 26.261713, 0.0)
(34.603928, 27.862167, 0.0)
(34.585484, 28.083784, 0.0)
(34.563904, 28.052181, 0.0)
(34.552334, 28.029789, 0.0)
(34.540112, 28.026323, 0.0)
(34.531433, 28.018654, 0.0)
(34.531033, 28.044716, 0.0)
(34.538509, 28.102062, 0.0)
(34.564507, 28.131588, 0.0)
(34.587952, 28.091564, 0.0)
(34.574833, 28.109112, 0.0)
(34.573578, 28.109568, 0.0)
(34.577534, 28.130806, 0.0)
(34.563740, 28.134178, 0.0)
(34.565701, 28.130732, 0.0)
(34.577515, 28.137548, 0.0)
(34.572166, 28.154318, 0.0)
(34.567589, 28.165335, 0.0)
(34.564224, 28.160519, 0.0)
(34.563541, 28.147507, 0.0)
(34.545502, 28.144545, 0.0)
(34.538532, 28.169531, 0.0)
(34.516651, 28.176689, 0.0)
(33.848095, 28.615183, 0.0)
(30.411337, 30.647890, 0.0)
(28.104210, 32.614391, 0.0)
(27.255722, 33.254284, 0.0)
(27.205709, 33.220818, 0.0)
(27.166531, 33.174900, 0.0)
(27.117868, 33.183342, 0.0)
(27.102900, 33.180496, 0.0)
(27.061434, 33.195774, 0.0)
(26.568819, 33.195351, 0.0)
(26.544891, 33.185223, 0.0)
(26.557648, 33.161919, 0.0)
(26.544910, 33.145782, 0.0)
(26.427500, 32.958744, 0.0)
(26.527309, 32.794350, 0.0)
(26.936543, 32.031612, 0.0)
(26.823784, 32.248528, 0.0)
(26.884922, 32.419708, 0.0)
(26.909325, 32.480160, 0.0)
(26.929569, 32.547817, 0.0)
(26.936659, 32.546722, 0.0)
(26.950502, 32.550182, 0.0)
(26.954748, 32.512756, 0.0)
(26.962414, 32.514641, 0.0)
(26.966064, 32.500000, 0.0)
(26.958385, 32.508751, 0.0)
(26.978224, 32.531376, 0.0)
(27.005072, 32.557556, 0.0)
(27.015841, 32.568409, 0.0)
(27.040821, 32.620605, 0.0)
(27.050070, 32.621048, 0.0)
(27.055975, 32.619659, 0.0)
(27.053736, 32.592125, 0.0)
(27.075851, 32.565590, 0.0)
(27.075056, 32.502048, 0.0)
(27.066898, 32.493980, 0.0)
(27.054962, 32.518536, 0.0)
(27.769428, 32.986504, 0.0)
(30.255198, 34.354534, 0.0)
(34.053505, 36.188133, 0.0)
(34.786514, 36.527027, 0.0)
(34.817741, 36.524906, 0.0)
(34.804016, 36.515717, 0.0)
(34.813095, 36.430977, 0.0)
(34.776001, 36.463051, 0.0)
(34.766483, 36.442173, 0.0)
(34.777672, 36.433598, 0.0)
(34.752834, 36.508114, 0.0)
(34.753296, 36.470623, 0.0)
(35.584438, 36.182953, 0.0)
(36.240967, 35.812500, 0.0)
(36.293983, 35.753059, 0.0)
(36.290604, 35.741779, 0.0)
(36.298538, 35.751858, 0.0)
(36.275822, 35.706604, 0.0)
(36.275364, 35.713650, 0.0)
(36.287163, 35.751263, 0.0)
(36.283451, 35.786964, 0.0)
(36.282753, 35.840092, 0.0)
(36.303028, 35.774284, 0.0)
(36.422508, 34.009003, 0.0)
(36.546394, 32.735584, 0.0)
(36.512466, 32.582012, 0.0)
(36.504654, 32.546719, 0.0)
(36.492737, 32.545696, 0.0)
(36.504215, 32.558388, 0.0)
(36.512077, 32.671436, 0.0)
(36.517521, 32.737019, 0.0)
(36.516727, 32.752068, 0.0)
(36.539898, 32.746796, 0.0)
(36.541843, 32.711712, 0.0)
(36.552193, 32.689037, 0.0)
(36.550545, 32.690010, 0.0)
(36.553650, 32.664425, 0.0)
(36.521515, 32.631653, 0.0)
(36.385914, 33.031185, 0.0)
(38.681282, 31.971504, 0.0)
(38.698914, 31.276114, 0.0)
(38.802387, 31.226524, 0.0)
(38.834354, 31.254370, 0.0)
(37.723614, 31.904848, 0.0)
(37.004665, 32.170338, 0.0)
(36.952801, 32.203758, 0.0)
(36.943741, 32.223347, 0.0)
(36.939339, 32.197220, 0.0)
(36.774818, 32.002926, 0.0)
(38.226055, 32.986851, 0.0)
(38.002769, 32.050755, 0.0)
(38.029980, 31.672480, 0.0)
(38.077541, 31.628992, 0.0)
(38.088852, 31.688643, 0.0)
(38.098808, 31.712778, 0.0)
(38.129494, 31.796051, 0.0)
(38.154900, 31.849283, 0.0)
(38.164959, 31.862917, 0.0)
(38.183212, 31.886219, 0.0)
(38.198227, 31.870907, 0.0)
(38.208973, 31.849331, 0.0)
(38.209076, 31.833309, 0.0)
(38.236507, 31.830818, 0.0)
(38.256424, 31.855501, 0.0)
(38.254486, 31.901108, 0.0)
(38.262680, 31.917768, 0.0)
(38.263546, 31.927095, 0.0)
(38.276581, 31.913767, 0.0)
(38.273174, 31.857157, 0.0)
(34.294540, 31.479013, 0.0)
(30.279213, 31.690338, 0.0)
(28.788784, 31.779772, 0.0)
(28.823961, 31.632040, 0.0)
(28.807922, 31.596470, 0.0)
(28.766117, 31.615589, 0.0)
(28.728584, 31.647633, 0.0)
(28.716715, 31.625006, 0.0)
(28.688421, 31.592125, 0.0)
(28.664206, 31.600136, 0.0)
(28.641098, 31.560812, 0.0)
(28.636189, 31.544241, 0.0)
(28.632286, 31.550322, 0.0)
(28.619493, 31.553967, 0.0)
(28.614437, 31.563599, 0.0)
(28.621843, 31.577328, 0.0)
(28.607176, 31.590372, 0.0)
(28.612295, 31.586493, 0.0)
(28.612398, 31.570667, 0.0)
(28.628633, 31.549109, 0.0)
(28.598845, 31.565897, 0.0)
(28.596146, 31.580513, 0.0)
(28.617809, 31.575525, 0.0)
(28.610346, 31.568974, 0.0)
(28.610203, 31.551266, 0.0)
(28.609703, 31.573677, 0.0)
(28.612158, 31.566132, 0.0)
(28.635983, 31.573061, 0.0)
(28.659775, 31.557995, 0.0)
(28.664368, 31.541468, 0.0)
(28.673393, 31.531900, 0.0)
(28.687737, 31.529585, 0.0)
(28.687737, 31.529585, 0.0)
(28.699554, 31.512043, 0.0)
(28.683554, 31.517385, 0.0)
(28.694023, 31.529053, 0.0)
(28.702301, 31.558342, 0.0)
(28.706676, 31.578348, 0.0)
(28.685934, 31.530485, 0.0)
(28.438824, 31.055212, 0.0)
(27.892145, 28.704876, 0.0)
(27.750362, 28.057074, 0.0)
(27.724297, 28.039026, 0.0)
(27.721222, 28.070036, 0.0)
(27.711241, 28.098070, 0.0)
(27.630577, 28.738186, 0.0)
(26.956011, 30.075817, 0.0)
(27.099091, 32.651855, 0.0)
(28.762365, 34.853291, 0.0)
(28.795425, 35.020824, 0.0)
(28.705940, 35.040886, 0.0)
(28.684719, 35.042858, 0.0)
(28.681335, 35.068485, 0.0)
(28.734762, 34.998558, 0.0)
(33.069748, 30.935987, 0.0)
(37.533932, 28.208832, 0.0)
(40.915218, 28.366470, 0.0)
(41.033474, 28.276525, 0.0)
(41.095516, 28.257309, 0.0)
(41.123230, 28.295206, 0.0)
(41.131790, 28.308573, 0.0)
(41.147781, 28.312103, 0.0)
(41.165054, 28.355232, 0.0)
(41.172119, 28.338789, 0.0)
(41.175495, 28.343822, 0.0)
(41.178448, 28.342312, 0.0)
(38.510632, 29.775982, 0.0)
(38.270992, 29.935797, 0.0)
(38.205414, 29.854570, 0.0)
(38.179958, 29.835363, 0.0)
(38.156693, 29.826746, 0.0)
(38.153538, 29.827497, 0.0)
(38.133804, 29.828012, 0.0)
(38.114540, 29.828640, 0.0)
(38.097294, 29.808735, 0.0)
(34.437061, 30.975166, 0.0)
(31.736692, 31.435781, 0.0)
(32.337891, 31.538036, 0.0)
(32.488136, 31.542112, 0.0)
(32.462662, 31.553936, 0.0)
(32.465954, 31.553411, 0.0)
(32.469990, 31.573143, 0.0)
(32.473576, 31.578081, 0.0)
(32.482883, 31.560875, 0.0)
(32.474060, 31.545481, 0.0)
(32.476273, 31.532112, 0.0)
(32.457275, 31.499825, 0.0)
(32.481972, 31.509783, 0.0)
(32.501812, 31.513109, 0.0)
(32.503353, 31.460428, 0.0)
(32.489876, 31.406193, 0.0)
(32.470886, 31.354240, 0.0)
(32.444042, 31.355009, 0.0)
(32.444374, 31.348518, 0.0)
(32.401333, 31.368105, 0.0)
(32.202625, 31.237791, 0.0)
(32.269451, 32.037476, 0.0)
(32.428806, 30.956245, 0.0)
(32.561195, 30.903742, 0.0)
(32.630852, 31.033735, 0.0)
(32.668686, 31.085060, 0.0)
(32.699657, 31.114084, 0.0)
(32.719353, 31.118927, 0.0)
(32.741859, 31.097754, 0.0)
(32.744858, 31.090578, 0.0)
(32.760086, 31.095566, 0.0)
(32.767456, 31.130798, 0.0)
(32.771751, 31.159666, 0.0)
(32.784153, 31.169060, 0.0)
(32.801197, 31.173529, 0.0)
(32.801197, 31.173529, 0.0)
(32.804028, 31.133039, 0.0)
(36.374435, 30.078619, 0.0)
(39.405434, 29.517630, 0.0)
(40.580910, 29.049215, 0.0)
(40.992065, 28.825731, 0.0)
(41.033028, 28.810555, 0.0)
(41.039448, 28.780851, 0.0)
(41.059803, 28.765104, 0.0)
(41.083523, 28.724874, 0.0)
(41.103878, 28.737654, 0.0)
(40.968037, 28.741640, 0.0)
(40.431717, 28.327091, 0.0)
(40.633553, 28.488688, 0.0)
(40.965015, 28.685017, 0.0)
(41.062832, 28.742043, 0.0)
(41.071957, 28.791222, 0.0)
(41.056053, 28.805010, 0.0)
(40.908653, 28.818832, 0.0)
(40.384884, 29.145372, 0.0)
(40.554070, 30.683098, 0.0)
(40.345058, 29.789597, 0.0)
(40.429073, 29.753880, 0.0)
(40.489712, 29.943018, 0.0)
(40.553806, 30.042839, 0.0)
(40.587620, 30.070648, 0.0)
(40.619366, 30.062082, 0.0)
(40.659714, 30.051168, 0.0)
(40.675674, 30.045712, 0.0)
(40.692215, 30.054924, 0.0)
(40.692009, 30.050060, 0.0)
(40.698376, 30.082520, 0.0)
(40.693012, 30.075752, 0.0)
(40.723789, 30.110720, 0.0)
(40.721668, 30.131756, 0.0)
(40.722984, 30.142420, 0.0)
(40.725349, 30.121319, 0.0)
(42.110142, 32.179207, 0.0)
(43.529480, 36.085167, 0.0)
(43.216820, 36.055504, 0.0)
(43.118572, 35.990452, 0.0)
(43.125446, 35.994339, 0.0)
(43.111462, 35.993195, 0.0)
(43.099148, 36.007114, 0.0)
(43.268936, 36.015194, 0.0)
(43.335087, 35.998447, 0.0)
(43.339855, 35.956341, 0.0)
(43.368290, 35.965378, 0.0)
(43.370197, 35.940422, 0.0)
(43.374111, 35.937473, 0.0)
(43.373745, 35.931549, 0.0)
(43.359283, 35.929111, 0.0)
(43.352062, 35.954624, 0.0)
(43.359116, 35.898003, 0.0)
(43.364849, 35.876156, 0.0)
(43.364788, 35.888134, 0.0)
(43.349499, 35.901012, 0.0)
(43.343624, 35.889500, 0.0)
(43.344055, 35.888294, 0.0)
(43.347122, 35.852455, 0.0)
(43.341702, 35.876350, 0.0)
(43.317951, 35.866749, 0.0)
(43.307869, 35.862621, 0.0)
(43.321434, 35.867493, 0.0)
(43.311489, 35.853302, 0.0)
(43.331039, 35.860458, 0.0)
(43.315907, 35.863655, 0.0)
(43.325275, 35.883797, 0.0)
(43.316063, 35.882664, 0.0)
(43.324051, 35.892406, 0.0)
(43.318470, 35.896011, 0.0)
(43.329247, 35.878796, 0.0)
(43.329247, 35.868488, 0.0)
(43.321404, 35.792328, 0.0)
(42.812595, 32.108978, 0.0)
(42.836529, 30.051689, 0.0)
(42.864216, 30.076769, 0.0)
(42.830475, 30.129162, 0.0)
(42.807743, 30.107197, 0.0)
(42.815174, 30.071341, 0.0)
(42.834610, 30.023903, 0.0)
(42.863674, 29.990320, 0.0)
(42.872948, 29.985094, 0.0)
(42.889908, 29.974890, 0.0)
(42.866920, 29.945427, 0.0)
(42.513126, 28.838381, 0.0)
(42.517742, 28.481136, 0.0)
(42.522163, 28.468493, 0.0)
(42.504532, 28.424311, 0.0)
(42.502659, 28.415621, 0.0)
(42.488865, 28.395468, 0.0)
(42.494320, 28.388571, 0.0)
(42.460770, 28.350273, 0.0)
(42.110931, 28.256086, 0.0)
(41.608406, 28.148201, 0.0)
(41.733994, 28.082603, 0.0)
(42.169239, 28.726669, 0.0)
(42.336517, 28.923077, 0.0)
(42.400661, 28.960587, 0.0)
(42.451164, 28.961613, 0.0)
(42.490875, 28.939281, 0.0)
(42.513096, 28.933332, 0.0)
(42.532372, 28.963354, 0.0)
(42.538353, 28.962624, 0.0)
(42.456829, 29.164249, 0.0)
(41.946918, 29.628454, 0.0)
(41.896076, 29.687784, 0.0)
(41.898735, 29.656874, 0.0)
(41.889580, 29.650816, 0.0)
(41.889595, 29.658504, 0.0)
(41.885677, 29.655497, 0.0)
(41.892845, 29.673306, 0.0)
(41.856487, 29.754875, 0.0)
(38.710873, 32.526966, 0.0)
(37.504417, 34.250038, 0.0)
(37.357162, 34.312496, 0.0)
(37.274223, 34.202293, 0.0)
(37.212757, 34.168388, 0.0)
(37.176914, 34.169739, 0.0)
(37.187939, 34.222038, 0.0)
(37.157440, 34.255032, 0.0)
(37.172951, 34.291145, 0.0)
(37.141964, 34.256409, 0.0)
(37.138721, 34.176243, 0.0)
(37.136353, 34.142124, 0.0)
(37.151356, 34.127338, 0.0)
(37.158524, 34.082779, 0.0)
(37.232872, 33.771255, 0.0)
(37.224964, 33.780945, 0.0)
(37.200176, 33.781124, 0.0)
(37.200336, 33.796566, 0.0)
(37.209335, 33.799763, 0.0)
(37.242222, 33.798458, 0.0)
(37.233959, 33.777534, 0.0)
(37.225227, 33.761158, 0.0)
(37.221954, 33.762032, 0.0)
(37.221653, 33.754227, 0.0)
(37.212616, 33.774738, 0.0)
(36.217014, 31.928774, 0.0)
(36.149380, 31.234711, 0.0)
(36.119606, 31.175848, 0.0)
(36.107018, 31.152288, 0.0)
(36.111172, 31.129370, 0.0)
(36.107910, 31.106030, 0.0)
(36.106522, 31.072355, 0.0)
(36.106522, 31.072355, 0.0)
(36.125954, 31.089363, 0.0)
(36.108253, 31.148382, 0.0)
(36.099491, 31.159710, 0.0)
(36.063820, 31.145842, 0.0)
(36.915684, 32.881626, 0.0)
(37.027092, 34.790237, 0.0)
(36.132832, 35.900009, 0.0)
(0.000000, 0.000000, 1.0)
(36.533459, 38.632053, 0.0)
(37.044746, 37.715328, 0.0)
(37.042503, 37.047001, 0.0)
(37.013775, 37.025265, 0.0)
(37.005077, 37.064701, 0.0)
(37.001099, 37.073128, 0.0)
(37.005219, 37.094376, 0.0)
(37.389473, 36.821316, 0.0)
(37.426048, 36.754436, 0.0)
(37.434708, 36.752716, 0.0)
(37.420666, 36.735432, 0.0)
(37.381496, 36.773586, 0.0)
(37.343182, 36.782551, 0.0)
(37.324539, 36.770485, 0.0)
(37.315643, 36.710957, 0.0)
(37.311916, 36.685143, 0.0)
(37.298630, 36.660046, 0.0)
(37.292599, 36.654461, 0.0)
(37.313889, 36.637062, 0.0)
(37.317875, 36.621094, 0.0)
(37.324017, 36.641460, 0.0)
(37.337711, 36.659092, 0.0)
(36.948208, 35.359104, 0.0)
(36.911724, 33.096371, 0.0)
(36.919605, 32.995892, 0.0)
(36.920826, 33.024570, 0.0)
(36.922421, 33.004860, 0.0)
(36.931393, 33.010929, 0.0)
(36.926788, 32.993443, 0.0)
(36.929470, 33.001156, 0.0)
(36.946815, 32.978184, 0.0)
(36.949699, 32.986351, 0.0)
(36.919403, 32.933834, 0.0)
(33.138416, 33.738155, 0.0)
(30.136776, 35.466080, 0.0)
(28.832394, 36.188396, 0.0)
(28.662899, 36.281841, 0.0)
(28.636116, 36.248615, 0.0)
(28.605333, 36.234188, 0.0)
(28.614902, 36.189152, 0.0)
(28.559574, 35.756947, 0.0)
(28.531250, 35.708172, 0.0)
(28.501930, 35.677368, 0.0)
(28.489500, 35.624947, 0.0)
(28.469639, 35.668839, 0.0)
(28.482876, 35.652935, 0.0)
(28.477482, 35.671860, 0.0)
(28.467655, 35.689980, 0.0)
(28.480492, 35.678848, 0.0)
(28.496765, 35.679478, 0.0)
(28.501886, 35.658657, 0.0)
(28.499598, 35.640896, 0.0)
(28.520874, 35.619984, 0.0)
(28.518789, 35.586143, 0.0)
(28.519287, 35.577976, 0.0)
(28.519306, 35.553074, 0.0)
(28.498306, 35.606632, 0.0)
(28.499104, 35.635811, 0.0)
(28.494499, 35.629578, 0.0)
(28.482771, 35.628128, 0.0)
(28.479788, 35.604527, 0.0)
(28.471884, 35.611927, 0.0)
(28.479620, 35.540565, 0.0)
(28.447287, 35.565670, 0.0)
(28.449659, 35.579205, 0.0)
(28.457411, 35.606941, 0.0)
(28.450781, 35.633564, 0.0)
(28.451988, 35.643494, 0.0)
(28.478561, 35.632900, 0.0)
(28.481081, 35.596638, 0.0)
(28.534584, 35.494530, 0.0)
(31.210985, 32.647465, 0.0)
(31.903217, 31.679502, 0.0)
(31.979063, 31.559782, 0.0)
(31.943689, 31.575111, 0.0)
(32.523376, 30.551142, 0.0)
(32.641926, 30.386185, 0.0)
(32.613888, 30.375029, 0.0)
(32.600132, 30.334505, 0.0)
(32.598915, 30.261820, 0.0)
(32.615822, 30.227148, 0.0)
(32.592541, 30.185495, 0.0)
(32.589462, 30.194395, 0.0)
(32.564240, 30.224028, 0.0)
(32.556484, 30.237192, 0.0)
(32.543022, 30.278444, 0.0)
(32.548717, 30.279366, 0.0)
(32.149307, 30.299387, 0.0)
(32.102474, 30.298191, 0.0)
(32.100338, 30.273804, 0.0)
(32.068665, 30.251438, 0.0)
(32.089783, 30.242517, 0.0)
(32.092369, 30.253450, 0.0)
(32.082806, 30.265438, 0.0)
(32.101360, 30.283760, 0.0)
(32.112907, 30.296602, 0.0)
(32.131752, 30.275675, 0.0)
(32.142464, 30.272572, 0.0)
(32.165821, 30.257032, 0.0)
(32.170673, 30.242548, 0.0)
(32.145432, 30.231260, 0.0)
(32.132153, 30.248508, 0.0)
(32.124931, 30.291904, 0.0)
(32.127670, 30.325052, 0.0)
(32.134506, 30.340336, 0.0)
(32.146088, 30.316948, 0.0)
(32.151417, 30.306404, 0.0)
(32.163799, 30.346928, 0.0)
(34.801594, 32.727238, 0.0)
(36.122524, 34.076279, 0.0)
(36.200401, 34.201912, 0.0)
(38.119793, 36.509285, 0.0)
(39.132061, 37.996384, 0.0)
(39.084900, 38.030510, 0.0)
(39.021980, 37.901806, 0.0)
(39.044174, 37.915565, 0.0)
(39.401188, 38.034798, 0.0)
(39.535809, 37.957497, 0.0)
(39.528793, 37.957806, 0.0)
(39.521244, 37.998009, 0.0)
(39.520370, 37.935242, 0.0)
(39.500504, 37.948551, 0.0)
(39.467533, 38.015991, 0.0)
(39.472206, 38.049366, 0.0)
(39.454773, 38.044147, 0.0)
(39.461826, 38.029083, 0.0)
(39.494923, 38.004719, 0.0)
(39.470448, 38.001534, 0.0)
(39.462620, 37.989178, 0.0)
(39.469822, 37.949196, 0.0)
(39.456062, 37.956299, 0.0)
(39.433125, 37.947845, 0.0)
(39.441666, 37.959003, 0.0)
(39.751831, 36.635349, 0.0)
(39.695625, 35.171772, 0.0)
(39.705677, 34.994678, 0.0)
(39.696232, 34.979206, 0.0)
(39.704380, 34.988411, 0.0)
(39.725613, 34.929558, 0.0)
(39.742062, 34.899563, 0.0)
(39.750484, 34.925976, 0.0)
(39.756996, 34.923164, 0.0)
(39.764534, 34.940407, 0.0)
(39.763992, 34.991405, 0.0)
(39.786579, 35.027458, 0.0)
(39.677265, 35.031456, 0.0)
(35.546890, 35.568607, 0.0)
(33.180042, 36.413895, 0.0)
(32.996021, 36.435986, 0.0)
(32.962250, 36.379974, 0.0)
(32.937782, 36.418892, 0.0)
(32.890701, 36.454636, 0.0)
(32.381920, 36.691624, 0.0)
(32.293667, 36.707539, 0.0)
(32.277149, 36.694477, 0.0)
(32.257648, 36.690712, 0.0)
(32.251274, 36.674068, 0.0)
(32.235924, 36.652267, 0.0)
(32.236561, 36.629200, 0.0)
(32.363205, 36.498871, 0.0)
(32.444096, 36.405937, 0.0)
(32.435631, 36.401035, 0.0)
(32.414879, 36.450237, 0.0)
(32.414902, 36.470341, 0.0)
(32.406792, 36.450291, 0.0)
(32.413204, 36.448578, 0.0)
(32.413410, 36.416000, 0.0)
(32.409405, 36.465366, 0.0)
(32.408058, 36.469307, 0.0)
(32.409286, 36.462780, 0.0)
(32.826504, 35.653389, 0.0)
(33.421402, 33.422482, 0.0)
(33.417995, 33.253529, 0.0)
(33.396114, 33.268108, 0.0)
(33.396797, 33.270920, 0.0)
(33.407646, 33.298294, 0.0)
(33.426918, 33.322514, 0.0)
(33.439625, 33.324543, 0.0)
(33.453053, 33.321026, 0.0)
(33.457294, 33.289890, 0.0)
(33.443989, 33.283928, 0.0)
(33.462891, 33.270599, 0.0)
(33.453693, 33.304825, 0.0)
(33.451981, 33.346897, 0.0)
(33.465866, 33.319302, 0.0)
(36.438938, 32.585320, 0.0)
(40.104530, 31.274704, 0.0)
(42.609303, 30.684965, 0.0)
(44.078793, 30.838934, 0.0)
(44.483547, 30.832306, 0.0)
(44.531403, 30.824667, 0.0)
(44.550335, 30.701019, 0.0)
(44.572212, 30.721893, 0.0)
(44.557846, 30.746696, 0.0)
(44.585701, 30.762577, 0.0)
(44.508385, 30.704523, 0.0)
(44.545506, 30.716604, 0.0)
(44.901821, 30.851593, 0.0)
(45.128166, 30.833828, 0.0)
(45.158497, 30.806107, 0.0)
(45.212326, 30.833103, 0.0)
(45.231625, 30.844625, 0.0)
(45.230740, 30.892813, 0.0)
(45.236877, 30.913029, 0.0)
(45.217525, 30.874445, 0.0)
(45.212738, 30.833424, 0.0)
(44.861244, 31.650833, 0.0)
(44.726379, 31.753441, 0.0)
(44.757919, 31.752651, 0.0)
(44.745731, 31.742748, 0.0)
(44.755199, 31.761839, 0.0)
(44.740871, 31.794199, 0.0)
(44.729126, 31.792028, 0.0)
(44.724651, 31.753845, 0.0)
(44.724651, 31.753845, 0.0)
(44.724213, 31.740629, 0.0)
(44.727375, 31.760443, 0.0)
(44.727505, 31.775810, 0.0)
(44.718231, 31.758778, 0.0)
(44.700104, 31.758820, 0.0)
(44.707607, 31.735415, 0.0)
(44.619141, 31.704119, 0.0)
(43.615170, 31.200468, 0.0)
(39.183693, 28.944593, 0.0)
(36.417618, 28.190228, 0.0)
(37.791077, 27.363537, 0.0)
(38.303974, 27.256065, 0.0)
(38.451271, 27.237371, 0.0)
(38.511082, 27.154778, 0.0)
(38.538654, 27.147301, 0.0)
(38.578175, 27.134527, 0.0)
(38.614048, 27.118118, 0.0)
(38.634865, 27.131050, 0.0)
(38.649841, 27.128580, 0.0)
(38.663406, 27.124622, 0.0)
(38.690578, 27.141441, 0.0)
(38.692879, 27.138638, 0.0)
(38.714451, 27.137569, 0.0)
(38.681381, 27.112087, 0.0)
(38.613319, 27.043697, 0.0)
(38.172165, 27.095196, 0.0)
(38.188244, 27.003391, 0.0)
(38.733223, 27.408045, 0.0)
(38.896046, 27.494486, 0.0)
(38.959137, 27.522276, 0.0)
(39.001488, 27.519291, 0.0)
(39.037083, 27.524986, 0.0)
(39.048985, 27.510857, 0.0)
(39.059074, 27.489973, 0.0)
(39.047215, 27.514221, 0.0)
(38.746033, 28.252373, 0.0)
(38.567390, 29.344707, 0.0)
(38.534603, 29.429226, 0.0)
(38.517498, 29.412861, 0.0)
(38.479286, 29.412153, 0.0)
(38.476418, 29.406414, 0.0)
(38.459385, 29.382996, 0.0)
(38.410454, 29.383154, 0.0)
(38.461464, 29.435476, 0.0)
(42.090954, 33.181538, 0.0)
(44.009892, 36.881035, 0.0)
(44.296066, 37.433022, 0.0)
(44.318287, 37.466637, 0.0)
(44.289894, 37.422493, 0.0)
(44.288322, 37.366451, 0.0)
(44.486271, 37.450054, 0.0)
(44.581284, 37.494423, 0.0)
(44.580700, 37.483521, 0.0)
(44.584629, 37.464455, 0.0)
(44.610443, 37.450375, 0.0)
(44.618420, 37.450668, 0.0)
(44.630039, 37.450195, 0.0)
(44.630127, 37.421196, 0.0)
(44.628136, 37.411610, 0.0)
(44.624992, 37.421719, 0.0)
(44.840488, 37.444782, 0.0)
(45.357677, 37.381798, 0.0)
(45.397991, 37.331627, 0.0)
(45.391556, 37.307545, 0.0)
(45.383495, 37.340923, 0.0)
(45.386753, 37.343510, 0.0)
(45.387196, 37.350338, 0.0)
(45.396175, 37.373253, 0.0)
(45.389362, 37.360317, 0.0)
(45.382996, 37.333019, 0.0)
(44.448006, 36.003048, 0.0)
(43.908970, 34.647247, 0.0)
(43.846664, 34.592037, 0.0)
(43.874508, 34.596329, 0.0)
(43.878311, 34.595154, 0.0)
(43.891079, 34.629471, 0.0)
(43.892780, 34.633514, 0.0)
(43.915382, 34.596138, 0.0)
(43.913795, 34.614006, 0.0)
(43.942265, 34.569138, 0.0)
(43.945751, 34.571144, 0.0)
(43.943211, 34.529583, 0.0)
(40.325031, 34.318096, 0.0)
(36.479389, 34.520603, 0.0)
(34.764271, 34.879238, 0.0)
(34.787304, 35.058075, 0.0)
(34.809746, 35.036144, 0.0)
(34.758034, 35.032558, 0.0)
(34.732452, 35.045639, 0.0)
(34.719845, 35.009716, 0.0)
(34.701290, 35.001419, 0.0)
(34.669834, 35.005581, 0.0)
(34.661224, 34.974689, 0.0)
(34.655338, 35.014618, 0.0)
(34.633472, 35.019989, 0.0)
(34.648800, 35.012325, 0.0)
(34.662735, 34.987434, 0.0)
(34.688072, 34.974525, 0.0)
(34.697666, 34.937202, 0.0)
(34.707405, 34.899284, 0.0)
(34.700020, 34.884823, 0.0)
(34.706799, 34.908016, 0.0)
(34.679218, 34.914009, 0.0)
(34.646843, 34.914066, 0.0)
(36.137169, 33.543125, 0.0)
(36.259888, 33.273834, 0.0)
(36.203197, 33.272007, 0.0)
(36.200672, 33.265717, 0.0)
(36.195843, 33.237339, 0.0)
(36.200584, 33.209641, 0.0)
(36.218037, 33.207386, 0.0)
(36.230507, 33.236229, 0.0)
(36.251965, 33.251785, 0.0)
(36.270412, 33.255333, 0.0)
(36.261894, 33.261471, 0.0)
(36.265846, 33.254803, 0.0)
(36.278748, 33.251900, 0.0)
(36.280193, 33.242943, 0.0)
(36.306561, 33.215500, 0.0)
(36.467171, 32.347141, 0.0)
(36.822876, 29.426384, 0.0)
(37.143547, 28.343344, 0.0)
(37.175060, 28.369078, 0.0)
(37.166191, 28.382965, 0.0)
(37.154648, 28.367567, 0.0)
(37.155163, 28.350830, 0.0)
(37.159767, 28.312614, 0.0)
(37.155949, 28.276764, 0.0)
(37.162041, 28.208252, 0.0)
(37.048294, 28.195713, 0.0)
(36.793617, 27.909685, 0.0)
(36.775204, 27.871393, 0.0)
(36.780624, 27.877193, 0.0)
(36.791302, 27.840734, 0.0)
(36.706303, 27.796450, 0.0)
(36.245995, 27.564636, 0.0)
(36.382370, 27.576298, 0.0)
(36.673889, 27.782183, 0.0)
(36.725170, 27.778973, 0.0)
(36.731396, 27.786648, 0.0)
(36.744961, 27.826267, 0.0)
(36.744316, 27.848785, 0.0)
(36.755020, 27.883980, 0.0)
(36.808777, 29.482746, 0.0)
(36.723244, 29.546301, 0.0)
(36.673004, 29.520638, 0.0)
(36.645256, 29.543564, 0.0)
(36.644310, 29.594446, 0.0)
(36.631721, 29.624105, 0.0)
(36.635349, 29.645649, 0.0)
(36.614952, 29.630516, 0.0)
(36.618431, 29.630121, 0.0)
(36.600178, 29.606934, 0.0)
(36.603413, 29.585899, 0.0)
(36.587456, 29.566586, 0.0)
(34.898369, 29.625996, 0.0)
(30.592264, 28.965088, 0.0)
(28.431131, 29.238312, 0.0)
(28.204279, 29.157812, 0.0)
(28.170979, 29.092844, 0.0)
(28.126190, 29.077843, 0.0)
(28.102394, 29.044556, 0.0)
(28.070402, 29.002907, 0.0)
(27.415216, 29.442993, 0.0)
(26.832584, 31.077414, 0.0)
(27.422417, 29.769381, 0.0)
(27.898689, 29.000423, 0.0)
(28.101500, 28.957844, 0.0)
(28.147615, 29.001812, 0.0)
(28.163010, 28.989244, 0.0)
(28.167419, 29.003750, 0.0)
(28.164230, 29.031145, 0.0)
(28.154627, 29.062914, 0.0)
(28.178473, 29.070930, 0.0)
(28.190498, 29.105951, 0.0)
(28.200474, 29.131638, 0.0)
(28.189964, 29.148180, 0.0)
(28.300798, 30.139229, 0.0)
(28.502439, 30.856672, 0.0)
(28.491074, 30.900476, 0.0)
(28.466949, 30.889145, 0.0)
(28.474438, 30.920099, 0.0)
(28.480406, 30.951860, 0.0)
(28.508308, 30.976837, 0.0)
(28.527296, 30.944702, 0.0)
(28.490555, 30.922974, 0.0)
(28.480715, 30.918041, 0.0)
(28.483864, 30.925671, 0.0)
(28.480516, 30.927193, 0.0)
(28.480516, 30.927193, 0.0)
(28.521879, 30.931952, 0.0)
(28.497410, 30.917366, 0.0)
(28.542034, 30.956186, 0.0)
(30.078806, 32.365383, 0.0)
(31.784538, 33.742256, 0.0)
(32.017941, 34.064972, 0.0)
(32.035858, 34.074589, 0.0)
(32.033360, 34.073284, 0.0)
(32.029922, 34.096615, 0.0)
(32.117920, 34.055622, 0.0)
(32.446941, 33.854752, 0.0)
(32.491623, 33.828053, 0.0)
(32.502380, 33.810707, 0.0)
(32.482246, 33.834347, 0.0)
(32.435307, 33.808502, 0.0)
(32.431465, 33.817101, 0.0)
(32.431129, 33.806908, 0.0)
(32.408394, 33.851540, 0.0)
(32.388725, 33.911362, 0.0)
(32.398319, 33.920055, 0.0)
(32.406815, 33.906067, 0.0)
(32.410755, 33.897087, 0.0)
(32.395477, 33.850433, 0.0)
(32.399075, 33.832478, 0.0)
(32.407097, 33.818775, 0.0)
(32.409168, 33.823235, 0.0)
(32.406460, 33.831627, 0.0)
(32.408047, 33.837173, 0.0)
(32.823803, 33.589378, 0.0)
(32.937267, 33.388317, 0.0)
(32.920326, 33.333004, 0.0)
(32.921135, 33.299274, 0.0)
(32.922897, 33.288395, 0.0)
(32.928799, 33.304249, 0.0)
(32.933918, 33.305218, 0.0)
(32.933380, 33.335247, 0.0)
(32.933788, 33.348564, 0.0)
(32.920094, 33.380520, 0.0)
(32.908253, 33.395824, 0.0)
(32.920387, 33.420815, 0.0)
(32.939980, 33.392807, 0.0)
(32.926960, 33.358688, 0.0)
(35.158955, 31.045984, 0.0)
(36.799839, 28.432581, 0.0)
(36.845200, 27.113327, 0.0)
(36.844372, 27.051702, 0.0)
(36.823986, 27.081657, 0.0)
(36.809757, 27.081995, 0.0)
(36.809757, 27.081995, 0.0)
(36.793812, 27.059120, 0.0)
(36.801529, 27.012463, 0.0)
(36.649052, 26.995970, 0.0)
(36.304478, 26.469324, 0.0)
(36.533131, 27.452694, 0.0)
(36.480579, 26.908945, 0.0)
(36.736633, 26.936535, 0.0)
(36.919083, 27.083029, 0.0)
(36.976002, 27.054918, 0.0)
(37.001686, 27.073612, 0.0)
(37.036469, 27.092781, 0.0)
(37.070908, 27.098125, 0.0)
(37.123386, 27.096449, 0.0)
(37.182030, 27.113314, 0.0)
(37.199574, 27.107777, 0.0)
(36.528152, 26.950005, 0.0)
(36.504925, 26.927320, 0.0)
(36.509899, 26.918495, 0.0)
(36.501045, 26.904980, 0.0)
(36.509605, 26.909061, 0.0)
(36.518757, 26.910152, 0.0)
(36.504086, 26.906199, 0.0)
(36.523594, 26.899298, 0.0)
(36.501049, 26.919783, 0.0)
(36.491714, 26.936752, 0.0)
(36.483116, 26.933050, 0.0)
(36.500965, 26.916504, 0.0)
(36.472984, 26.892643, 0.0)
(36.478363, 27.578796, 0.0)
(37.041847, 30.616238, 0.0)
(36.905056, 31.027437, 0.0)
(36.834454, 31.001387, 0.0)
(36.775852, 30.968573, 0.0)
(36.751263, 30.988703, 0.0)
(37.043667, 31.115818, 0.0)
(37.074757, 31.141802, 0.0)
(37.075233, 31.148054, 0.0)
(37.066536, 31.147408, 0.0)
(37.048515, 31.128021, 0.0)
(37.015026, 31.037537, 0.0)
(36.999920, 31.010326, 0.0)
(37.066223, 31.073338, 0.0)
(37.079975, 31.122572, 0.0)
(37.083881, 31.140484, 0.0)
(37.074642, 31.156540, 0.0)
(37.066319, 31.161020, 0.0)
(37.057510, 31.166254, 0.0)
(37.051441, 31.166842, 0.0)
(37.034550, 31.183422, 0.0)
(37.026089, 31.247955, 0.0)
(37.001602, 31.298107, 0.0)
(37.002968, 31.289160, 0.0)
(36.986404, 31.228735, 0.0)
(36.995213, 31.201321, 0.0)
(36.979397, 31.193426, 0.0)
(36.992058, 31.202221, 0.0)
(36.996174, 31.218864, 0.0)
(36.996174, 31.218864, 0.0)
(36.991486, 31.226448, 0.0)
(36.981289, 31.238592, 0.0)
(36.981510, 31.232916, 0.0)
(36.981415, 31.231392, 0.0)
(36.984390, 31.223608, 0.0)
(36.982956, 31.204733, 0.0)
(36.975365, 31.218752, 0.0)
(36.959091, 31.239882, 0.0)
(38.079964, 31.622150, 0.0)
(41.407196, 33.387150, 0.0)
(41.714024, 33.604332, 0.0)
(41.701660, 33.597290, 0.0)
(41.675625, 33.597881, 0.0)
(41.670170, 33.607437, 0.0)
(41.673382, 33.636658, 0.0)
(41.691887, 33.627682, 0.0)
(41.711964, 33.654781, 0.0)
(41.719101, 33.671959, 0.0)
(41.720436, 33.636143, 0.0)
(41.741974, 33.619072, 0.0)
(41.759754, 33.606052, 0.0)
(41.738049, 33.568077, 0.0)
(41.150826, 33.164719, 0.0)
(41.147068, 34.464806, 0.0)
(41.234707, 33.094791, 0.0)
(41.203487, 32.415859, 0.0)
(41.254932, 32.290794, 0.0)
(41.269634, 32.298157, 0.0)
(41.283180, 32.340782, 0.0)
(41.286510, 32.389160, 0.0)
(41.431767, 32.869003, 0.0)
(41.442295, 32.974941, 0.0)
(41.437363, 32.959942, 0.0)
(41.447430, 32.921253, 0.0)
(41.448853, 32.920910, 0.0)
(41.463726, 32.932148, 0.0)
(41.472202, 32.931747, 0.0)
(41.502361, 32.926449, 0.0)
(41.501900, 32.959229, 0.0)
(41.510452, 33.001869, 0.0)
(41.498962, 33.027287, 0.0)
(41.487129, 33.021160, 0.0)
(41.492653, 32.988476, 0.0)
(42.325615, 33.621330, 0.0)
(43.494183, 34.945465, 0.0)
(43.604599, 35.068279, 0.0)
(43.583652, 35.102936, 0.0)
(43.617832, 35.095314, 0.0)
(43.640972, 35.072510, 0.0)
(43.647621, 35.055618, 0.0)
(43.650795, 35.055058, 0.0)
(43.665054, 35.059891, 0.0)
(43.656094, 35.080803, 0.0)
(43.653702, 35.091568, 0.0)
(43.657646, 35.010139, 0.0)
(43.339691, 34.945190, 0.0)
(43.208515, 35.796619, 0.0)
(43.266663, 34.730457, 0.0)
(43.256916, 34.406910, 0.0)
(43.279369, 34.463791, 0.0)
(43.289589, 34.494381, 0.0)
(43.299786, 34.498787, 0.0)
(43.325497, 34.535770, 0.0)
(43.309795, 34.505638, 0.0)
(43.312710, 34.499527, 0.0)
(43.311249, 34.494194, 0.0)
(43.305843, 34.466705, 0.0)
(43.307034, 34.473190, 0.0)
(43.298595, 34.485828, 0.0)
(43.303417, 34.533443, 0.0)
(43.284367, 34.549408, 0.0)
(43.283009, 34.591766, 0.0)
(43.273514, 34.588467, 0.0)
(43.289295, 34.570045, 0.0)
(43.301235, 34.568382, 0.0)
(43.301426, 34.557106, 0.0)
(43.297104, 34.535355, 0.0)
(43.300438, 34.556236, 0.0)
(43.298100, 34.559811, 0.0)
(44.164127, 34.143028, 0.0)
(45.152767, 33.403797, 0.0)
(45.315186, 33.309990, 0.0)
(45.295029, 33.353024, 0.0)
(45.322891, 33.383839, 0.0)
(45.327263, 33.372078, 0.0)
(45.340141, 33.366550, 0.0)
(45.564548, 33.145187, 0.0)
(45.594707, 32.907749, 0.0)
(45.599796, 32.906788, 0.0)
(45.591068, 32.867725, 0.0)
(45.592960, 32.862457, 0.0)
(45.576809, 32.837296, 0.0)
(45.592030, 32.873024, 0.0)
(45.585140, 32.836170, 0.0)
(45.588451, 32.844292, 0.0)
(44.564682, 31.404984, 0.0)
(44.354641, 30.381901, 0.0)
(44.366638, 30.253176, 0.0)
(44.384933, 30.272415, 0.0)
(44.372173, 30.245537, 0.0)
(44.375305, 30.247492, 0.0)
(44.357380, 30.276487, 0.0)
(44.295574, 30.239550, 0.0)
(43.619091, 30.242208, 0.0)
(42.926693, 29.695070, 0.0)
(42.711304, 29.462954, 0.0)
(42.362057, 29.271606, 0.0)
(42.208126, 29.128574, 0.0)
(42.240921, 29.098745, 0.0)
(42.281219, 29.088757, 0.0)
(42.307365, 29.078829, 0.0)
(42.325439, 29.072027, 0.0)
(42.331726, 29.102766, 0.0)
(42.335995, 29.149723, 0.0)
(42.351185, 29.164974, 0.0)
(42.361320, 29.180969, 0.0)
(42.353870, 29.146452, 0.0)
(42.353870, 29.146452, 0.0)
(44.002872, 32.502167, 0.0)
(45.043575, 35.166126, 0.0)
(45.337555, 36.528851, 0.0)
(45.341076, 36.625061, 0.0)
(45.313416, 36.613979, 0.0)
(45.301697, 36.664047, 0.0)
(45.291290, 36.659775, 0.0)
(45.282715, 36.636986, 0.0)
(45.276978, 36.636349, 0.0)
(45.284046, 36.591476, 0.0)
(45.568577, 36.709496, 0.0)
(45.594604, 36.722126, 0.0)
(45.588284, 36.730667, 0.0)
(45.559711, 36.733635, 0.0)
(45.547642, 36.730125, 0.0)
(45.535061, 36.725677, 0.0)
(45.525753, 36.731052, 0.0)
(45.508286, 36.748337, 0.0)
(45.517349, 36.753094, 0.0)
(45.521481, 36.728020, 0.0)
(45.514488, 36.709011, 0.0)
(45.517895, 36.698524, 0.0)
(45.522057, 36.687450, 0.0)
(45.522057, 36.694736, 0.0)
(45.508251, 36.630547, 0.0)
(45.506184, 36.668957, 0.0)
(45.499630, 36.649311, 0.0)
(45.494308, 36.637932, 0.0)
(45.496979, 36.633671, 0.0)
(45.486870, 36.577686, 0.0)
(45.486679, 36.562901, 0.0)
(45.486679, 36.562901, 0.0)
(45.490734, 36.573685, 0.0)
(45.492386, 36.600826, 0.0)
(45.485149, 36.571651, 0.0)
(45.489426, 36.574490, 0.0)
(45.419460, 36.539028, 0.0)
(41.401508, 33.460640, 0.0)
(37.348373, 30.898144, 0.0)
(36.418777, 30.105902, 0.0)
(36.376354, 30.030510, 0.0)
(36.350143, 29.948025, 0.0)
(36.346333, 29.905478, 0.0)
(36.928288, 30.082506, 0.0)
(36.982723, 30.035332, 0.0)
(36.995884, 30.022749, 0.0)
(37.012394, 30.040846, 0.0)
(37.015358, 30.085567, 0.0)
(37.028847, 30.059607, 0.0)
(37.048897, 30.006310, 0.0)
(37.067081, 30.000742, 0.0)
(37.069065, 29.981285, 0.0)
(37.078560, 29.974970, 0.0)
(36.884743, 30.012680, 0.0)
(36.048813, 31.022346, 0.0)
(36.841545, 30.514872, 0.0)
(36.826515, 29.889435, 0.0)
(36.934731, 29.886972, 0.0)
(36.988976, 29.959745, 0.0)
(37.015503, 30.038603, 0.0)
(37.036404, 30.076097, 0.0)
(37.009449, 30.076887, 0.0)
(37.013748, 30.064640, 0.0)
(37.018970, 30.076996, 0.0)
(37.019657, 30.056877, 0.0)
(37.029022, 30.057644, 0.0)
(37.007633, 30.084318, 0.0)
(37.011425, 30.096029, 0.0)
(36.996780, 30.139509, 0.0)
(36.992947, 30.150177, 0.0)
(37.012215, 30.181692, 0.0)
(36.996933, 30.167181, 0.0)
(37.001736, 30.172182, 0.0)
(37.026253, 30.186987, 0.0)
(37.232368, 30.012028, 0.0)
(40.557808, 28.318647, 0.0)
(41.147411, 28.117498, 0.0)
(41.235714, 28.100807, 0.0)
(41.225193, 28.128105, 0.0)
(41.223492, 28.129692, 0.0)
(41.255047, 28.117680, 0.0)
(41.270050, 28.092264, 0.0)
(41.241646, 28.053759, 0.0)
(41.226841, 27.995897, 0.0)
(41.008492, 28.038517, 0.0)
(40.872723, 27.977112, 0.0)
(41.667145, 28.162785, 0.0)
(41.939644, 28.356771, 0.0)
(42.036213, 28.398788, 0.0)
(42.037376, 28.404215, 0.0)
(42.064316, 28.396856, 0.0)
(42.080925, 28.378397, 0.0)
(42.073322, 28.355524, 0.0)
(42.098568, 28.357847, 0.0)
(42.092106, 28.356712, 0.0)
(42.126202, 28.406910, 0.0)
(42.123913, 28.399363, 0.0)
(42.121918, 28.433764, 0.0)
(42.120029, 28.436882, 0.0)
(42.110935, 28.427998, 0.0)
(42.132790, 28.404222, 0.0)
(42.131428, 28.391340, 0.0)
(42.156834, 28.398481, 0.0)
(42.130188, 28.377747, 0.0)
(42.124264, 28.367943, 0.0)
(42.138714, 28.385408, 0.0)
(42.140381, 28.390720, 0.0)
(42.134781, 28.415775, 0.0)
(42.125675, 28.427792, 0.0)
(40.888657, 28.123077, 0.0)
(35.777946, 26.982206, 0.0)
(33.092239, 26.865170, 0.0)
(33.044682, 26.781311, 0.0)
(33.045601, 26.762678, 0.0)
(32.987511, 26.744259, 0.0)
(32.959339, 26.750040, 0.0)
(31.700974, 27.129570, 0.0)
(31.857519, 26.961302, 0.0)
(32.075325, 26.840248, 0.0)
(32.057789, 26.795033, 0.0)
(32.019112, 26.787210, 0.0)
(32.008541, 26.795774, 0.0)
(31.994741, 26.789083, 0.0)
(31.977312, 26.767921, 0.0)
(31.578741, 26.994354, 0.0)
(30.952198, 26.866606, 0.0)
(31.420214, 27.313147, 0.0)
(31.964046, 27.369720, 0.0)
(32.014744, 27.342697, 0.0)
(32.012894, 27.333136, 0.0)
(32.015175, 27.333321, 0.0)
(32.012039, 27.379881, 0.0)
(32.003418, 27.417162, 0.0)
(32.021561, 27.454453, 0.0)
(32.029427, 27.459301, 0.0)
(32.045982, 27.459028, 0.0)
(32.069260, 27.452225, 0.0)
(32.078568, 27.448212, 0.0)
(32.085655, 27.411823, 0.0)
(32.091873, 27.395891, 0.0)
(32.106373, 27.427399, 0.0)
(32.106529, 27.450722, 0.0)
(32.116077, 27.477270, 0.0)
(32.133648, 27.483927, 0.0)
(32.182678, 27.466112, 0.0)
(32.177841, 27.455643, 0.0)
(32.183922, 27.423155, 0.0)
(29.560707, 28.015976, 0.0)
(28.835964, 28.261717, 0.0)
(28.747753, 28.299343, 0.0)
(28.708590, 28.304544, 0.0)
(28.570002, 28.257999, 0.0)
(28.043564, 28.109476, 0.0)
(28.251282, 28.094044, 0.0)
(28.297907, 28.097677, 0.0)
(28.314188, 28.051443, 0.0)
(28.303053, 28.053753, 0.0)
(28.288877, 28.052256, 0.0)
(28.078476, 28.209475, 0.0)
(27.687876, 27.940392, 0.0)
(27.376303, 28.725922, 0.0)
(28.015036, 28.895514, 0.0)
(28.325241, 29.299793, 0.0)
(28.380472, 29.347200, 0.0)
(28.359734, 29.365742, 0.0)
(28.390282, 29.371990, 0.0)
(28.393843, 29.387096, 0.0)
(28.401150, 29.393717, 0.0)
(28.430317, 29.390596, 0.0)
(28.430357, 29.369726, 0.0)
(28.415123, 29.353502, 0.0)
(28.416950, 29.338768, 0.0)
(28.414530, 29.362522, 0.0)
(28.414436, 29.370993, 0.0)
(28.418503, 29.410923, 0.0)
(28.425131, 29.436460, 0.0)
(28.414270, 29.439163, 0.0)
(28.417786, 29.448809, 0.0)
(28.412754, 29.435764, 0.0)
(28.413927, 29.427132, 0.0)
(28.417700, 29.398186, 0.0)
(28.400536, 29.391737, 0.0)
(28.383511, 29.403482, 0.0)
(28.380085, 29.434015, 0.0)
(29.176168, 32.003361, 0.0)
(31.208317, 35.288261, 0.0)
(32.009293, 37.291969, 0.0)
(31.958414, 37.354511, 0.0)
(31.879366, 37.268608, 0.0)
(31.817307, 37.244789, 0.0)
(31.801014, 37.217812, 0.0)
(31.785978, 37.159184, 0.0)
(31.760393, 37.178646, 0.0)
(31.900658, 37.268494, 0.0)
(33.187504, 36.662708, 0.0)
(33.337112, 36.669029, 0.0)
(33.338234, 36.731697, 0.0)
(33.343266, 36.657681, 0.0)
(33.326721, 36.596539, 0.0)
(33.405304, 36.980335, 0.0)
(34.324203, 38.076790, 0.0)
(34.338509, 35.911072, 0.0)
(34.289726, 34.536530, 0.0)
(34.306332, 34.036961, 0.0)
(34.318512, 33.951027, 0.0)
(34.321404, 33.924026, 0.0)
(34.367996, 33.888676, 0.0)
(34.376263, 33.872433, 0.0)
(34.421345, 33.834328, 0.0)
(34.415718, 33.860210, 0.0)
(34.439865, 33.847462, 0.0)
(34.435299, 33.911263, 0.0)
(34.438465, 33.939411, 0.0)
(34.451065, 33.947861, 0.0)
(34.452480, 33.910992, 0.0)
(34.458038, 33.912281, 0.0)
(34.468990, 33.891846, 0.0)
(34.471424, 33.838219, 0.0)
(34.472813, 33.859829, 0.0)
(34.459652, 33.855228, 0.0)
(30.795584, 33.502457, 0.0)
(28.335625, 33.743568, 0.0)
(28.275249, 33.737083, 0.0)
(28.241207, 33.726440, 0.0)
(28.163740, 33.698536, 0.0)
(28.135998, 33.601212, 0.0)
(27.905949, 33.542870, 0.0)
(28.136282, 33.371288, 0.0)
(28.188133, 33.350979, 0.0)
(28.202562, 33.413227, 0.0)
(28.214090, 33.424141, 0.0)
(28.172808, 33.369671, 0.0)
(27.735504, 33.734756, 0.0)
(27.578575, 36.033642, 0.0)
(28.111950, 34.542236, 0.0)
(27.995239, 33.466003, 0.0)
(27.931786, 33.244034, 0.0)
(27.949360, 33.253925, 0.0)
(27.990126, 33.240952, 0.0)
(28.016094, 33.257206, 0.0)
(28.016449, 33.313644, 0.0)
(28.009413, 33.297657, 0.0)
(28.016438, 33.321396, 0.0)
(28.026348, 33.370781, 0.0)
(28.019423, 33.421928, 0.0)
(28.059185, 33.430511, 0.0)
(28.067625, 33.442558, 0.0)
(28.065277, 33.422413, 0.0)
(28.064524, 33.424160, 0.0)
(28.086107, 33.395943, 0.0)
(28.090300, 33.387524, 0.0)
(28.101034, 33.400841, 0.0)
(28.098114, 33.425663, 0.0)
(28.111671, 33.456223, 0.0)
(28.097893, 33.473202, 0.0)
(28.100891, 33.463039, 0.0)
(28.118219, 33.443886, 0.0)
(28.137159, 33.442505, 0.0)
(28.154736, 33.433323, 0.0)
(28.150242, 33.439800, 0.0)
(28.129908, 33.452702, 0.0)
(27.447968, 32.469883, 0.0)
(27.135429, 30.433439, 0.0)
(27.085476, 30.234726, 0.0)
(27.026356, 30.272123, 0.0)
(27.019371, 30.279184, 0.0)
(27.015135, 30.272678, 0.0)
(27.068962, 30.005545, 0.0)
(27.152098, 28.948639, 0.0)
(27.161963, 28.778929, 0.0)
(27.126036, 28.776243, 0.0)
(27.115242, 28.813488, 0.0)
(27.116350, 28.774904, 0.0)
(26.854876, 28.962214, 0.0)
(26.183012, 29.291298, 0.0)
(26.836119, 30.519070, 0.0)
(27.363649, 31.251577, 0.0)
(27.371590, 31.311998, 0.0)
(27.356932, 31.325838, 0.0)
(27.336859, 31.383961, 0.0)
(27.327669, 31.404539, 0.0)
(27.318844, 31.456711, 0.0)
(27.332579, 31.491507, 0.0)
(27.330442, 31.512512, 0.0)
(27.317989, 31.502964, 0.0)
(27.313267, 31.503059, 0.0)
(27.305349, 31.533722, 0.0)
(27.286463, 31.559193, 0.0)
(27.287010, 31.583139, 0.0)
(27.300648, 31.569298, 0.0)
(27.283833, 31.625751, 0.0)
(27.303377, 31.672142, 0.0)
(27.305870, 31.580397, 0.0)
(27.277046, 31.575668, 0.0)
(27.298365, 31.620831, 0.0)
(27.290144, 31.658346, 0.0)
(30.939442, 31.878170, 0.0)
(35.479778, 32.229580, 0.0)
(39.302494, 32.815250, 0.0)
(42.146336, 33.789909, 0.0)
(44.081997, 35.121311, 0.0)
(44.705036, 35.718254, 0.0)
(44.777805, 35.742947, 0.0)
(44.856857, 35.736599, 0.0)
(44.881657, 35.726196, 0.0)
(45.425301, 35.947136, 0.0)
(45.510689, 35.925594, 0.0)
(45.529766, 35.942249, 0.0)
(45.535885, 35.919041, 0.0)
(45.567551, 35.899506, 0.0)
(45.502575, 35.842503, 0.0)
(44.801556, 35.369007, 0.0)
(45.277916, 36.214134, 0.0)
(45.294151, 35.338688, 0.0)
(45.319134, 35.289730, 0.0)
(45.405148, 35.416927, 0.0)
(45.432083, 35.429550, 0.0)
(45.455723, 35.428513, 0.0)
(45.501667, 35.487316, 0.0)
(45.493233, 35.477474, 0.0)
(45.510685, 35.476871, 0.0)
(45.502594, 35.454384, 0.0)
(45.507275, 35.477264, 0.0)
(45.500290, 35.487694, 0.0)
(45.497391, 35.500084, 0.0)
(44.291836, 34.799469, 0.0)
(44.251705, 34.746956, 0.0)
(44.343533, 34.758160, 0.0)
(44.363487, 34.739109, 0.0)
(44.379139, 34.777973, 0.0)
(44.397556, 34.729496, 0.0)
(44.402527, 34.713810, 0.0)
(44.416252, 34.701157, 0.0)
(44.446507, 34.673424, 0.0)
(44.420391, 32.755306, 0.0)
(44.702847, 30.574608, 0.0)
(44.783672, 30.387394, 0.0)
(44.811958, 30.473753, 0.0)
(44.785118, 30.424990, 0.0)
(44.769573, 30.362041, 0.0)
(44.667957, 30.302402, 0.0)
(43.616875, 29.649252, 0.0)
(42.965836, 29.530800, 0.0)
(42.863991, 29.683336, 0.0)
(43.421028, 29.857380, 0.0)
(43.954803, 30.235754, 0.0)
(44.103573, 30.365118, 0.0)
(44.169971, 30.379707, 0.0)
(44.225834, 30.373985, 0.0)
(44.239895, 30.364588, 0.0)
(44.250778, 30.356966, 0.0)
(44.251484, 30.276501, 0.0)
(44.235634, 30.273174, 0.0)
(43.982018, 30.211609, 0.0)
(41.918648, 28.796858, 0.0)
(41.212471, 28.467052, 0.0)
(41.050201, 28.332985, 0.0)
(41.099453, 28.219704, 0.0)
(41.153774, 28.185154, 0.0)
(41.196129, 28.186405, 0.0)
(41.247482, 28.123968, 0.0)
(41.304153, 28.120232, 0.0)
(41.344517, 28.142641, 0.0)
(41.371868, 28.174847, 0.0)
(41.375130, 28.176880, 0.0)
(41.400280, 28.204454, 0.0)
(41.387081, 28.176979, 0.0)
(40.398163, 28.169384, 0.0)
(35.237556, 27.747925, 0.0)
(32.038467, 27.901524, 0.0)
(31.936424, 27.685444, 0.0)
(31.920204, 27.555592, 0.0)
(31.904713, 27.503395, 0.0)
(31.872742, 27.489536, 0.0)
(31.846498, 27.464056, 0.0)
(31.824110, 27.454741, 0.0)
(31.805458, 27.452364, 0.0)
(31.736828, 27.421667, 0.0)
(31.860491, 27.414625, 0.0)
(31.992689, 27.596798, 0.0)
(32.141129, 27.523344, 0.0)
(32.161541, 27.490461, 0.0)
(32.161541, 27.490461, 0.0)
(32.150166, 27.531183, 0.0)
(32.153316, 27.546194, 0.0)
(32.171722, 27.562374, 0.0)
(32.157478, 27.550617, 0.0)
(32.147255, 27.495384, 0.0)
(32.137146, 27.530233, 0.0)
(32.140114, 27.537846, 0.0)
(32.141460, 27.542856, 0.0)
(32.168114, 27.563250, 0.0)
(32.199768, 27.577286, 0.0)
(32.198483, 27.605785, 0.0)
(32.215542, 27.618111, 0.0)
(32.222580, 27.614305, 0.0)
(32.216530, 27.583521, 0.0)
(32.222267, 27.582216, 0.0)
(32.199596, 27.604723, 0.0)
(32.212223, 27.595503, 0.0)
(32.225746, 27.610775, 0.0)
(32.223198, 27.617275, 0.0)
(32.239738, 27.606947, 0.0)
(32.230209, 27.624369, 0.0)
(32.306679, 27.654814, 0.0)
(33.407646, 27.917290, 0.0)
(34.557373, 28.064880, 0.0)
(35.812862, 28.709101, 0.0)
(36.489681, 28.911547, 0.0)
(36.611599, 28.942495, 0.0)
(36.733368, 28.977585, 0.0)
(36.794235, 28.992874, 0.0)
(36.815300, 28.991661, 0.0)
(36.825859, 28.971653, 0.0)
(36.866051, 28.984961, 0.0)
(36.864437, 28.925371, 0.0)
(36.871716, 28.892529, 0.0)
(36.825413, 28.901104, 0.0)
(36.806927, 28.933115, 0.0)
(36.817753, 28.933924, 0.0)
(36.816216, 28.948332, 0.0)
(36.815113, 28.974941, 0.0)
(36.822407, 28.907383, 0.0)
(36.810749, 28.890934, 0.0)
(36.811798, 28.885443, 0.0)
(36.796696, 28.880800, 0.0)
(36.793747, 28.881134, 0.0)
(36.799145, 28.875156, 0.0)
(36.803032, 28.883085, 0.0)
(36.779106, 28.892221, 0.0)
(36.763134, 28.917591, 0.0)
(36.762749, 28.931917, 0.0)
(36.783684, 28.918074, 0.0)
(36.790001, 28.910769, 0.0)
(36.790653, 28.929016, 0.0)
(36.785789, 28.898922, 0.0)
(36.797733, 28.900417, 0.0)
(36.809002, 28.901070, 0.0)
(36.819279, 28.957590, 0.0)
(36.803234, 28.988216, 0.0)
(36.788353, 29.027510, 0.0)
(34.502464, 30.152309, 0.0)
(31.096487, 32.000271, 0.0)
(30.602736, 32.392002, 0.0)
(30.491329, 32.409019, 0.0)
(30.443012, 32.372509, 0.0)
(30.421425, 32.372982, 0.0)
(30.389515, 32.403149, 0.0)
(30.376642, 32.417259, 0.0)
(30.346529, 32.444214, 0.0)
(30.345955, 32.451984, 0.0)
(30.070446, 32.399834, 0.0)
(30.073099, 32.250469, 0.0)
(30.063063, 32.214596, 0.0)
(30.059891, 32.195312, 0.0)
(30.056026, 32.179123, 0.0)
(30.061167, 32.171467, 0.0)
(30.077429, 32.167530, 0.0)
(30.065588, 32.159683, 0.0)
(30.030773, 32.161255, 0.0)
(30.025801, 32.161804, 0.0)
(30.011301, 32.126537, 0.0)
(30.010059, 32.103645, 0.0)
(29.995392, 32.099228, 0.0)
(29.998020, 32.125935, 0.0)
(29.978531, 32.117668, 0.0)
(29.950272, 32.084366, 0.0)
(29.958527, 32.099949, 0.0)
(29.946564, 32.056217, 0.0)
(29.934130, 32.038113, 0.0)
(29.937719, 32.030476, 0.0)
(29.956001, 32.077747, 0.0)
(29.959326, 32.104427, 0.0)
(29.988512, 32.134937, 0.0)
(30.003496, 32.135399, 0.0)
(30.010508, 32.136581, 0.0)
(30.023901, 32.124737, 0.0)
(30.039537, 32.125263, 0.0)
(30.034779, 32.091923, 0.0)
(28.738304, 34.178566, 0.0)
(27.541298, 36.752998, 0.0)
(27.370558, 37.023285, 0.0)
(27.249926, 36.987896, 0.0)
(26.686487, 37.184330, 0.0)
(27.060778, 37.131847, 0.0)
(27.085506, 37.135269, 0.0)
(27.061331, 37.139347, 0.0)
(27.058264, 37.131039, 0.0)
(27.062799, 37.099350, 0.0)
(27.048077, 37.106201, 0.0)
(27.025564, 37.148170, 0.0)
(26.743454, 37.215633, 0.0)
(26.041706, 38.140995, 0.0)
(26.363220, 38.731304, 0.0)
(26.658287, 37.614937, 0.0)
(26.855942, 37.018131, 0.0)
(26.824217, 36.569981, 0.0)
(26.792753, 36.498486, 0.0)
(26.806492, 36.531960, 0.0)
(26.807072, 36.545094, 0.0)
(26.844288, 36.645424, 0.0)
(26.851009, 36.671398, 0.0)
(26.842581, 36.623432, 0.0)
(26.847313, 36.618053, 0.0)
(26.882404, 36.588306, 0.0)
(26.903486, 36.563484, 0.0)
(26.893496, 36.607864, 0.0)
(26.910770, 36.619102, 0.0)
(26.914278, 36.655994, 0.0)
(26.922268, 36.678814, 0.0)
(26.909296, 36.660606, 0.0)
(26.914713, 36.671501, 0.0)
(26.922268, 36.678814, 0.0)
(26.926481, 36.668625, 0.0)
(26.950144, 36.670193, 0.0)
(26.975702, 36.651039, 0.0)
(26.985710, 36.628559, 0.0)
(26.996660, 36.643909, 0.0)
(26.987743, 36.626713, 0.0)
(27.998928, 35.114952, 0.0)
(29.907997, 31.130808, 0.0)
(30.546656, 29.917721, 0.0)
(30.518290, 29.863653, 0.0)
(30.493364, 29.884930, 0.0)
(30.479105, 29.877886, 0.0)
(30.490110, 29.883282, 0.0)
(31.517653, 32.809231, 0.0)
(31.513214, 33.235554, 0.0)
(31.442194, 33.279133, 0.0)
(31.369400, 33.243752, 0.0)
(31.345306, 33.246590, 0.0)
(31.294302, 33.277462, 0.0)
(31.258326, 33.287243, 0.0)
(30.643602, 33.179508, 0.0)
(30.295876, 36.520618, 0.0)
(31.334507, 36.915585, 0.0)
(31.469053, 35.441525, 0.0)
(31.424479, 34.881607, 0.0)
(31.414394, 34.790684, 0.0)
(31.421410, 34.848820, 0.0)
(31.426590, 34.834038, 0.0)
(31.439188, 34.870995, 0.0)
(31.452282, 34.873100, 0.0)
(31.465511, 34.892307, 0.0)
(31.507442, 34.867004, 0.0)
(31.514751, 34.850483, 0.0)
(31.515688, 34.843735, 0.0)
(31.532888, 34.842709, 0.0)
(31.546385, 34.850735, 0.0)
(31.534475, 34.824112, 0.0)
(31.526926, 34.831192, 0.0)
(31.531544, 34.841537, 0.0)
(31.516523, 34.867905, 0.0)
(31.527737, 34.889248, 0.0)
(31.523178, 34.884846, 0.0)
(33.307140, 35.189255, 0.0)
(38.001984, 36.279900, 0.0)
(39.903713, 36.625385, 0.0)
(40.061356, 36.654175, 0.0)
(40.105938, 36.669933, 0.0)
(40.107025, 36.653778, 0.0)
(40.122147, 36.682743, 0.0)
(39.319023, 36.670414, 0.0)
(39.263359, 36.725739, 0.0)
(39.290447, 36.712753, 0.0)
(39.293575, 36.736526, 0.0)
(39.321201, 36.708714, 0.0)
(39.342251, 36.789291, 0.0)
(39.325180, 36.743793, 0.0)
(39.327133, 36.734615, 0.0)
(39.328575, 36.721634, 0.0)
(39.323471, 36.725380, 0.0)
(39.525364, 36.637539, 0.0)
(39.529911, 36.641300, 0.0)
(39.537899, 36.699028, 0.0)
(39.540730, 36.678158, 0.0)
(39.541187, 36.621899, 0.0)
(39.527382, 36.593971, 0.0)
(39.524170, 36.543743, 0.0)
(39.527298, 36.536263, 0.0)
(39.535187, 36.536995, 0.0)
(39.518993, 36.538658, 0.0)
(39.506638, 36.582417, 0.0)
(39.487759, 36.601128, 0.0)
(39.477280, 36.587692, 0.0)
(39.509083, 36.581001, 0.0)
(39.514187, 36.574673, 0.0)
(39.526794, 36.530712, 0.0)
(39.554092, 36.513828, 0.0)
(39.542461, 36.513897, 0.0)
(39.520157, 36.523933, 0.0)
(39.148598, 36.439938, 0.0)
(34.007080, 32.309090, 0.0)
(30.167881, 30.738173, 0.0)
(28.868248, 30.160662, 0.0)
(28.813868, 29.848948, 0.0)
(28.773781, 29.799829, 0.0)
(28.735054, 29.764893, 0.0)
(28.728594, 29.742460, 0.0)
(28.697618, 29.731831, 0.0)
(28.666039, 29.724432, 0.0)
(28.614418, 29.719217, 0.0)
(28.071926, 29.872400, 0.0)
(27.856241, 29.872786, 0.0)
(28.041338, 29.771873, 0.0)
(28.108025, 29.739971, 0.0)
(28.102938, 29.754881, 0.0)
(28.114229, 29.786753, 0.0)
(28.116968, 29.802134, 0.0)
(28.116280, 29.856522, 0.0)
(28.132402, 29.854902, 0.0)
(28.133202, 29.858959, 0.0)
(28.158543, 29.882442, 0.0)
(28.163134, 29.900286, 0.0)
(28.176481, 29.905703, 0.0)
(28.165571, 29.918444, 0.0)
(28.195740, 29.911552, 0.0)
(28.206587, 29.900251, 0.0)
(28.202099, 29.881197, 0.0)
(28.207773, 29.838877, 0.0)
(28.219122, 29.820747, 0.0)
(28.218157, 29.816477, 0.0)
(28.197248, 29.859310, 0.0)
(28.202084, 29.886847, 0.0)
(28.206587, 29.900251, 0.0)
(28.210138, 29.898666, 0.0)
(28.206799, 29.897652, 0.0)
(28.219423, 29.861879, 0.0)
(28.214415, 29.839951, 0.0)
(28.453564, 29.848743, 0.0)
(32.622356, 31.248161, 0.0)
(37.108105, 33.851040, 0.0)
(40.230255, 36.136963, 0.0)
(41.093639, 36.881470, 0.0)
(41.140869, 36.961414, 0.0)
(41.127682, 36.902542, 0.0)
(41.127213, 36.837357, 0.0)
(41.297348, 36.865208, 0.0)
(41.561394, 37.068733, 0.0)
(41.605495, 37.040295, 0.0)
(41.638813, 37.021538, 0.0)
(41.652657, 37.038292, 0.0)
(41.647232, 37.045731, 0.0)
(41.629517, 37.051369, 0.0)
(41.614304, 37.051178, 0.0)
(41.613300, 37.024857, 0.0)
(41.609249, 36.997742, 0.0)
(41.606628, 36.972633, 0.0)
(41.603065, 36.976307, 0.0)
(41.601257, 36.998650, 0.0)
(41.598328, 37.000656, 0.0)
(41.600563, 36.977242, 0.0)
(41.589375, 36.993904, 0.0)
(41.590752, 36.998528, 0.0)
(41.587704, 37.023521, 0.0)
(41.581661, 37.010456, 0.0)
(41.590008, 37.005306, 0.0)
(41.597454, 36.998550, 0.0)
(41.580269, 36.989849, 0.0)
(41.591648, 36.978130, 0.0)
(41.587933, 36.985935, 0.0)
(41.581226, 36.971363, 0.0)
(41.578903, 36.967903, 0.0)
(41.575310, 36.978973, 0.0)
(41.579815, 36.977169, 0.0)
(41.572304, 36.977982, 0.0)
(40.160347, 36.342735, 0.0)
(34.787975, 33.544643, 0.0)
(30.960300, 33.154579, 0.0)
(29.236019, 33.148159, 0.0)
(28.325022, 32.935093, 0.0)
(28.304033, 32.543137, 0.0)
(28.255653, 32.502716, 0.0)
(28.196980, 32.542419, 0.0)
(28.128176, 32.594166, 0.0)
(28.144346, 32.592926, 0.0)
(26.867418, 32.537086, 0.0)
(26.755825, 32.455284, 0.0)
(26.713709, 32.375618, 0.0)
(26.701868, 32.340134, 0.0)
(26.691109, 32.351940, 0.0)
(26.689806, 32.338245, 0.0)
(26.986139, 31.994829, 0.0)
(26.994394, 31.963692, 0.0)
(26.964939, 32.029331, 0.0)
(26.943399, 32.021694, 0.0)
(26.946154, 32.033012, 0.0)
(26.936718, 32.004684, 0.0)
(26.916300, 31.995853, 0.0)
(26.907709, 31.992567, 0.0)
(26.903688, 32.001190, 0.0)
(26.925781, 31.999413, 0.0)
(26.892361, 31.988503, 0.0)
(26.871935, 31.980145, 0.0)
(26.847542, 32.020084, 0.0)
(26.849993, 32.037693, 0.0)
(26.859152, 32.021309, 0.0)
(26.887108, 31.991703, 0.0)
(26.898397, 31.985407, 0.0)
(26.899115, 31.996445, 0.0)
(26.908384, 31.988020, 0.0)
(26.931303, 31.985647, 0.0)
(26.931467, 31.985680, 0.0)
(26.917124, 32.001339, 0.0)
(26.917124, 32.001339, 0.0)
(28.235453, 32.451538, 0.0)
(28.173361, 32.513859, 0.0)
(27.965988, 32.529835, 0.0)
(28.227806, 32.290268, 0.0)
(28.335190, 32.253201, 0.0)
(28.382017, 32.319653, 0.0)
(28.367840, 32.350086, 0.0)
(28.363045, 32.362637, 0.0)
(28.372396, 32.372841, 0.0)
(28.379017, 32.387424, 0.0)
(28.372942, 32.405060, 0.0)
(28.385729, 32.430454, 0.0)
(28.394104, 32.430328, 0.0)
(28.391361, 32.419319, 0.0)
(28.379045, 32.396149, 0.0)
(28.377337, 32.407349, 0.0)
(28.372812, 32.399658, 0.0)
(28.357306, 32.373219, 0.0)
(28.354738, 32.370602, 0.0)
(28.332373, 32.349194, 0.0)
(28.032980, 32.418335, 0.0)
(27.912840, 32.360790, 0.0)
(27.929502, 32.314224, 0.0)
(27.982256, 32.311115, 0.0)
(27.983299, 32.341000, 0.0)
(27.996029, 32.376690, 0.0)
(28.028662, 32.403591, 0.0)
(28.018431, 32.411671, 0.0)
(28.016655, 32.463127, 0.0)
(28.001459, 32.502335, 0.0)
(28.011419, 32.521694, 0.0)
(28.022743, 32.528877, 0.0)
(28.042643, 32.510468, 0.0)
(28.068890, 32.465771, 0.0)
(28.086349, 32.442360, 0.0)
(28.100000, 32.421024, 0.0)
(28.093756, 32.435936, 0.0)
(28.095352, 32.431278, 0.0)
(30.575232, 31.885498, 0.0)
(35.336330, 31.614990, 0.0)
(39.273224, 31.805990, 0.0)
(40.883945, 31.993753, 0.0)
(41.076126, 31.949921, 0.0)
(41.088730, 31.897909, 0.0)
(41.129189, 31.869476, 0.0)
(41.195930, 31.884586, 0.0)
(41.245972, 31.860054, 0.0)
(41.277481, 31.812069, 0.0)
(41.310467, 31.803482, 0.0)
(41.085423, 31.831453, 0.0)
(41.515442, 32.924835, 0.0)
(41.227287, 32.121361, 0.0)
(41.333595, 31.658966, 0.0)
(41.415813, 31.654148, 0.0)
(41.429108, 31.669573, 0.0)
(41.455097, 31.673630, 0.0)
(41.486931, 31.703821, 0.0)
(41.496868, 31.709127, 0.0)
(41.493805, 31.716097, 0.0)
(41.468403, 31.750422, 0.0)
(41.462509, 31.752712, 0.0)
(41.457848, 31.751211, 0.0)
(41.460552, 31.765461, 0.0)
(41.462509, 31.752712, 0.0)
(41.458981, 31.748953, 0.0)
(41.462509, 31.752712, 0.0)
(41.469437, 31.794050, 0.0)
(41.439182, 31.788849, 0.0)
(41.424850, 31.788851, 0.0)
(41.416584, 31.812983, 0.0)
(41.410786, 31.856071, 0.0)
(41.434345, 31.869833, 0.0)
(41.407871, 31.868118, 0.0)
(41.398727, 31.837915, 0.0)
(41.391209, 31.834244, 0.0)
(37.890041, 33.149403, 0.0)
(33.792442, 34.922512, 0.0)
(30.866152, 36.538006, 0.0)
(29.071625, 37.803722, 0.0)
(28.527987, 37.958748, 0.0)
(28.467352, 37.953846, 0.0)
(28.420712, 37.935108, 0.0)
(28.384974, 37.881798, 0.0)
(28.208200, 37.941143, 0.0)
(27.303286, 38.223713, 0.0)
(27.207806, 38.241718, 0.0)
(27.209249, 38.212162, 0.0)
(27.203342, 38.175514, 0.0)
(27.199011, 38.153267, 0.0)
(27.197481, 38.148933, 0.0)
(27.176928, 38.173409, 0.0)
(27.177179, 38.217350, 0.0)
(27.172121, 38.236782, 0.0)
(27.171877, 38.216198, 0.0)
(27.174706, 38.152065, 0.0)
(27.184105, 38.125546, 0.0)
(27.190533, 38.080727, 0.0)
(27.179056, 38.068241, 0.0)
(27.173227, 38.078129, 0.0)
(27.172642, 38.099335, 0.0)
(27.179832, 38.131622, 0.0)
(27.180248, 38.107353, 0.0)
(27.168173, 38.137669, 0.0)
(27.165987, 38.118263, 0.0)
(27.168756, 38.105553, 0.0)
(27.174217, 38.099567, 0.0)
(27.174639, 38.104496, 0.0)
(27.175192, 38.116222, 0.0)
(27.184666, 38.105251, 0.0)
(27.178305, 38.069893, 0.0)
(27.174480, 38.100571, 0.0)
(27.156109, 38.075893, 0.0)
(27.603647, 37.795555, 0.0)
(31.556221, 35.811840, 0.0)
(35.872726, 34.324078, 0.0)
(39.883163, 33.800297, 0.0)
(42.716293, 33.988243, 0.0)
(43.715389, 34.123398, 0.0)
(43.825527, 34.109837, 0.0)
(43.859547, 34.063656, 0.0)
(44.455505, 34.348259, 0.0)
(44.570625, 34.367653, 0.0)
(44.592102, 34.347225, 0.0)
(44.622906, 34.333179, 0.0)
(44.657440, 34.329655, 0.0)
(44.662056, 34.319687, 0.0)
(44.686596, 34.345028, 0.0)
(44.733593, 34.348030, 0.0)
(44.747509, 34.363689, 0.0)
(44.802761, 34.282639, 0.0)
(44.811790, 34.257313, 0.0)
(44.820000, 34.237637, 0.0)
(44.817028, 34.254971, 0.0)
(44.828106, 34.256180, 0.0)
(44.828106, 34.256180, 0.0)
(44.868164, 34.269173, 0.0)
(44.848614, 34.251530, 0.0)
(44.870499, 34.247433, 0.0)
(44.846031, 34.228905, 0.0)
(44.849537, 34.227039, 0.0)
(44.861095, 34.235432, 0.0)
(44.836086, 34.233532, 0.0)
(44.825127, 34.297127, 0.0)
(44.832977, 34.275311, 0.0)
(44.849850, 34.260883, 0.0)
(44.844147, 34.269375, 0.0)
(44.836510, 34.264984, 0.0)
(44.839272, 34.281975, 0.0)
(44.832542, 34.300629, 0.0)
(44.487530, 34.145496, 0.0)
(40.207695, 33.629890, 0.0)
(38.735794, 34.937016, 0.0)
(39.697914, 34.877140, 0.0)
(39.768551, 34.849598, 0.0)
(39.775276, 34.896782, 0.0)
(39.495262, 35.317844, 0.0)
(39.478119, 35.533314, 0.0)
(39.477295, 35.498207, 0.0)
(39.496883, 35.509361, 0.0)
(39.512474, 35.441605, 0.0)
(39.480099, 35.476330, 0.0)
(39.477791, 35.465004, 0.0)
(39.470192, 35.429138, 0.0)
(39.461182, 35.460297, 0.0)
(39.448605, 35.486050, 0.0)
(39.457138, 35.500702, 0.0)
(39.479500, 35.471893, 0.0)
(39.492668, 35.456581, 0.0)
(39.496651, 35.436897, 0.0)
(39.507565, 35.434723, 0.0)
(39.509743, 35.405697, 0.0)
(39.510429, 35.432079, 0.0)
(39.504944, 35.428612, 0.0)
(39.511303, 35.429688, 0.0)
(39.807796, 34.758713, 0.0)
(39.878613, 34.696747, 0.0)
(39.866268, 34.676960, 0.0)
(39.857983, 34.607365, 0.0)
(39.856911, 34.594776, 0.0)
(39.845783, 34.584324, 0.0)
(39.846325, 34.583176, 0.0)
(39.861164, 34.606823, 0.0)
(39.848091, 34.655781, 0.0)
(39.845142, 34.680214, 0.0)
(39.847271, 34.649822, 0.0)
(39.850620, 34.657169, 0.0)
(39.847912, 34.642403, 0.0)
(39.839771, 34.592175, 0.0)
(41.692009, 34.578121, 0.0)
(44.365124, 34.424355, 0.0)
(45.231499, 34.178261, 0.0)
(45.483799, 34.197060, 0.0)
(45.519127, 34.239956, 0.0)
(45.542233, 34.233116, 0.0)
(45.630379, 34.169231, 0.0)
(45.780182, 33.963985, 0.0)
(45.781513, 33.906693, 0.0)
(45.784382, 33.873901, 0.0)
(45.789196, 33.831608, 0.0)
(45.820911, 33.898697, 0.0)
(45.828514, 33.877594, 0.0)
(45.831436, 33.876923, 0.0)
(45.816273, 33.810555, 0.0)
(45.809273, 33.811207, 0.0)
(45.840260, 33.810287, 0.0)
(45.840714, 33.789509, 0.0)
(45.813717, 33.802761, 0.0)
(45.774841, 33.793839, 0.0)
(45.659317, 33.692493, 0.0)
(45.672726, 33.671978, 0.0)
(45.669983, 33.637142, 0.0)
(45.683815, 33.610523, 0.0)
(45.658615, 33.606323, 0.0)
(45.658192, 33.642651, 0.0)
(45.663074, 33.616737, 0.0)
(45.678631, 33.614986, 0.0)
(45.674091, 33.639870, 0.0)
(45.670403, 33.622738, 0.0)
(45.682671, 33.595806, 0.0)
(45.680477, 33.571751, 0.0)
(45.682713, 33.562073, 0.0)
(45.642334, 33.577103, 0.0)
(45.633438, 33.567337, 0.0)
(45.611492, 33.557110, 0.0)
(45.592426, 33.588684, 0.0)
(41.905605, 31.786037, 0.0)
(37.296783, 30.608746, 0.0)
(34.475895, 30.451807, 0.0)
(34.775967, 30.475443, 0.0)
(34.856888, 30.396551, 0.0)
(34.835102, 30.365908, 0.0)
(34.845802, 30.343307, 0.0)
(34.837231, 30.358706, 0.0)
(34.840527, 30.401499, 0.0)
(34.855568, 30.376663, 0.0)
(34.846882, 30.396574, 0.0)
(34.839607, 30.386772, 0.0)
(34.852833, 30.367580, 0.0)
(34.820358, 30.322851, 0.0)
(34.362534, 30.315199, 0.0)
(34.302303, 30.337372, 0.0)
(34.305313, 30.362106, 0.0)
(34.305439, 30.387959, 0.0)
(34.309216, 30.406691, 0.0)
(34.309216, 30.406691, 0.0)
(34.526142, 30.314625, 0.0)
(34.555222, 30.290304, 0.0)
(34.561954, 30.265921, 0.0)
(34.566208, 30.256174, 0.0)
(34.558136, 30.250168, 0.0)
(34.559280, 30.256437, 0.0)
(34.580643, 30.275354, 0.0)
(34.566120, 30.280359, 0.0)
(34.571846, 30.295259, 0.0)
(34.580009, 30.273190, 0.0)
(34.567371, 30.271070, 0.0)
(34.555069, 30.255625, 0.0)
(34.570076, 30.254574, 0.0)
(34.593166, 30.258217, 0.0)
(34.595512, 30.288006, 0.0)
(34.581852, 30.326441, 0.0)
(34.554089, 30.368029, 0.0)
(34.567425, 30.362627, 0.0)
(34.540268, 30.312008, 0.0)
(32.000221, 29.866766, 0.0)
(29.645205, 28.693501, 0.0)
(29.656374, 28.477272, 0.0)
(29.609585, 28.487829, 0.0)
(29.560226, 28.533609, 0.0)
(29.501423, 28.526821, 0.0)
(29.475500, 28.501215, 0.0)
(29.457775, 28.504482, 0.0)
(29.442173, 28.445770, 0.0)
(29.446451, 28.401531, 0.0)
(29.438547, 28.368412, 0.0)
(29.428654, 28.357733, 0.0)
(29.431112, 28.353868, 0.0)
(29.431112, 28.353868, 0.0)
(30.095127, 28.056791, 0.0)
(30.218021, 28.032942, 0.0)
(30.199022, 28.046131, 0.0)
(30.188826, 28.014147, 0.0)
(30.165245, 28.002182, 0.0)
(30.060862, 28.080864, 0.0)
(29.761110, 28.529230, 0.0)
(30.115709, 28.913347, 0.0)
(30.187283, 29.041321, 0.0)
(30.182547, 29.035646, 0.0)
(30.162651, 29.043463, 0.0)
(30.165293, 29.054796, 0.0)
(30.143652, 29.068827, 0.0)
(30.170132, 29.099844, 0.0)
(30.157084, 29.109150, 0.0)
(30.155704, 29.105242, 0.0)
(30.155493, 29.116854, 0.0)
(30.156981, 29.106184, 0.0)
(30.163002, 29.136663, 0.0)
(30.165230, 29.136045, 0.0)
(30.184698, 29.139120, 0.0)
(30.951086, 29.493067, 0.0)
(35.211521, 32.648598, 0.0)
(39.155754, 36.170250, 0.0)
(40.408245, 38.146973, 0.0)
(40.390961, 38.184521, 0.0)
(40.287476, 38.113075, 0.0)
(40.926968, 38.385876, 0.0)
(41.478161, 38.526253, 0.0)
(41.538895, 38.462166, 0.0)
(41.527603, 38.459347, 0.0)
(41.542702, 38.455021, 0.0)
(41.540180, 38.431667, 0.0)
(41.532974, 38.488907, 0.0)
(41.555172, 38.464001, 0.0)
(41.584064, 38.470791, 0.0)
(41.588154, 38.513428, 0.0)
(41.600349, 38.431423, 0.0)
(41.623734, 38.346298, 0.0)
(41.627960, 38.300678, 0.0)
(41.607071, 38.325409, 0.0)
(41.595509, 38.368553, 0.0)
(41.560314, 38.429180, 0.0)
(41.545506, 38.448135, 0.0)
(41.552189, 38.394005, 0.0)
(41.566261, 38.343876, 0.0)
(41.620434, 38.330078, 0.0)
(41.650742, 38.345203, 0.0)
(41.658604, 38.337296, 0.0)
(41.160061, 36.925663, 0.0)
(40.574974, 34.135860, 0.0)
(40.544201, 34.015957, 0.0)
(40.468796, 34.007015, 0.0)
(40.432102, 34.029591, 0.0)
(40.402405, 34.012295, 0.0)
(40.395981, 33.983368, 0.0)
(40.421165, 33.986996, 0.0)
(40.402279, 34.014931, 0.0)
(40.383224, 34.029987, 0.0)
(40.360950, 33.985565, 0.0)
(42.953796, 34.272568, 0.0)
(44.954216, 35.921852, 0.0)
(45.518902, 34.824680, 0.0)
(45.584995, 34.667503, 0.0)
(45.595531, 34.755497, 0.0)
(45.633240, 34.784100, 0.0)
(45.674538, 34.813660, 0.0)
(45.656826, 34.825401, 0.0)
(45.969505, 34.983437, 0.0)
(46.040749, 35.002293, 0.0)
(46.016472, 34.978191, 0.0)
(46.004555, 34.953381, 0.0)
(46.012005, 34.947704, 0.0)
(46.004852, 35.005974, 0.0)
(45.989811, 34.971359, 0.0)
(46.008850, 34.985672, 0.0)
(46.020435, 34.977219, 0.0)
(46.007973, 34.943798, 0.0)
(45.926704, 34.768856, 0.0)
(45.926704, 34.768856, 0.0)
(45.922806, 34.708187, 0.0)
(45.921490, 34.724003, 0.0)
(45.918797, 34.716572, 0.0)
(45.916378, 34.730972, 0.0)
(45.890484, 34.735096, 0.0)
(45.901459, 34.720879, 0.0)
(45.897057, 34.721855, 0.0)
(45.884552, 34.709156, 0.0)
(44.833813, 33.448280, 0.0)
(44.665024, 33.159721, 0.0)
(44.730328, 33.127384, 0.0)
(44.725769, 33.104267, 0.0)
(44.724018, 33.097637, 0.0)
(44.696922, 33.122692, 0.0)
(44.719574, 33.107491, 0.0)
(44.752289, 33.093430, 0.0)
(44.707020, 33.097401, 0.0)
(41.515240, 30.514336, 0.0)
(41.548267, 30.220629, 0.0)
(41.619862, 30.124439, 0.0)
(41.620392, 30.090235, 0.0)
(41.647732, 30.060583, 0.0)
(41.658211, 30.066244, 0.0)
(41.660389, 30.077467, 0.0)
(41.667622, 30.095047, 0.0)
(41.669582, 30.060652, 0.0)
(41.689774, 30.054579, 0.0)
(41.721493, 30.091908, 0.0)
(41.729725, 30.062401, 0.0)
(41.741394, 30.001713, 0.0)
(41.732132, 29.999685, 0.0)
(41.710335, 30.003227, 0.0)
(41.690121, 30.010656, 0.0)
(41.669640, 30.013535, 0.0)
(41.700485, 29.978434, 0.0)
(41.691151, 29.781511, 0.0)
(41.700306, 29.779369, 0.0)
(41.671394, 29.743954, 0.0)
(41.666950, 29.737562, 0.0)
(41.672367, 29.725883, 0.0)
(41.673702, 29.711571, 0.0)
(41.671974, 29.695028, 0.0)
(41.620377, 29.734634, 0.0)
(41.591541, 29.763174, 0.0)
(41.569641, 29.770714, 0.0)
(41.593975, 29.805162, 0.0)
(41.582455, 29.820686, 0.0)
(41.577194, 29.802282, 0.0)
(41.591030, 29.783449, 0.0)
(41.607296, 29.761683, 0.0)
(41.590256, 29.727869, 0.0)
(41.579926, 29.745651, 0.0)
(41.533298, 29.765966, 0.0)
(41.404938, 29.842064, 0.0)
(38.069874, 31.633556, 0.0)
(35.522686, 34.034176, 0.0)
(35.133251, 34.432106, 0.0)
(35.006271, 34.361717, 0.0)
(34.914268, 34.351444, 0.0)
(34.874004, 34.342316, 0.0)
(34.852875, 34.309330, 0.0)
(34.806309, 34.342632, 0.0)
(34.751072, 34.376751, 0.0)
(34.729397, 34.372868, 0.0)
(34.734928, 34.372803, 0.0)
(34.723988, 34.341938, 0.0)
(34.711086, 34.313286, 0.0)
(34.724369, 34.296501, 0.0)
(34.707687, 34.295090, 0.0)
(34.738117, 34.277828, 0.0)
(34.672379, 34.284065, 0.0)
(34.971416, 34.095169, 0.0)
(35.011623, 34.063652, 0.0)
(34.986889, 34.075459, 0.0)
(34.988594, 34.058838, 0.0)
(34.988224, 34.013721, 0.0)
(34.978821, 34.017414, 0.0)
(34.972443, 33.985363, 0.0)
(34.958755, 34.015759, 0.0)
(34.956799, 34.044689, 0.0)
(34.951488, 34.057030, 0.0)
(34.939861, 34.052765, 0.0)
(34.918476, 34.060390, 0.0)
(34.934952, 33.991821, 0.0)
(34.919044, 33.975769, 0.0)
(34.910198, 33.985451, 0.0)
(34.893669, 34.002846, 0.0)
(34.891411, 34.042068, 0.0)
(34.885780, 34.043362, 0.0)
(34.899101, 34.019436, 0.0)
(34.863064, 33.986668, 0.0)
(34.842117, 33.934315, 0.0)
(35.483593, 33.926441, 0.0)
(39.672440, 33.065495, 0.0)
(42.611851, 32.269028, 0.0)
(43.653465, 32.075592, 0.0)
(44.000252, 31.997303, 0.0)
(44.092194, 32.017918, 0.0)
(44.102146, 32.011555, 0.0)
(44.085838, 31.936539, 0.0)
(44.082172, 31.933357, 0.0)
(44.825638, 32.516491, 0.0)
(44.877434, 32.465054, 0.0)
(44.876099, 32.501522, 0.0)
(44.890278, 32.507225, 0.0)
(44.877907, 32.525009, 0.0)
(44.884655, 32.523796, 0.0)
(44.894939, 32.494072, 0.0)
(44.891724, 32.475136, 0.0)
(44.884136, 32.428699, 0.0)
(44.881962, 32.432728, 0.0)
(44.875736, 32.453510, 0.0)
(44.855331, 32.499611, 0.0)
(44.857559, 32.514763, 0.0)
(44.850922, 32.545143, 0.0)
(44.832409, 32.517460, 0.0)
(44.854874, 32.522358, 0.0)
(44.838444, 32.454964, 0.0)
(44.872028, 32.455627, 0.0)
(44.835609, 32.420948, 0.0)
(44.817722, 32.426220, 0.0)
(44.824070, 32.457989, 0.0)
(44.824070, 32.457989, 0.0)
(44.825459, 32.431068, 0.0)
(44.823380, 32.425354, 0.0)
(44.829620, 32.398121, 0.0)
(44.825253, 32.373745, 0.0)
(44.818172, 32.357258, 0.0)
(44.677971, 32.333649, 0.0)
(39.842346, 30.168217, 0.0)
(35.224915, 29.151573, 0.0)
(32.282932, 29.134363, 0.0)
(32.137466, 29.576124, 0.0)
(32.067768, 29.472414, 0.0)
(32.014732, 29.469570, 0.0)
(32.001209, 29.443003, 0.0)
(31.995459, 29.398077, 0.0)
(32.005817, 29.378599, 0.0)
(32.086704, 29.234472, 0.0)
(32.518322, 28.769712, 0.0)
(32.526096, 28.752731, 0.0)
(32.543953, 28.770533, 0.0)
(32.504364, 28.792156, 0.0)
(32.504612, 28.802435, 0.0)
(32.378372, 28.782864, 0.0)
(32.005043, 28.610109, 0.0)
(32.408329, 28.699751, 0.0)
(32.469101, 28.652815, 0.0)
(32.446247, 28.655703, 0.0)
(32.433327, 28.695267, 0.0)
(32.443180, 28.769699, 0.0)
(32.430828, 28.791374, 0.0)
(32.451027, 28.802145, 0.0)
(32.438679, 28.796352, 0.0)
(32.433624, 28.775743, 0.0)
(32.430710, 28.762381, 0.0)
(32.398960, 28.751358, 0.0)
(32.407509, 28.747963, 0.0)
(32.412609, 28.747023, 0.0)
(32.379333, 28.756117, 0.0)
(32.363499, 28.788565, 0.0)
(32.408241, 28.820723, 0.0)
(32.399555, 28.835522, 0.0)
(32.391396, 28.831047, 0.0)
(32.371189, 28.843975, 0.0)
(32.357193, 28.818914, 0.0)
(30.528923, 29.438385, 0.0)
(27.593212, 30.311205, 0.0)
(27.199295, 30.394600, 0.0)
(26.944973, 30.659452, 0.0)
(26.994036, 31.082924, 0.0)
(26.978622, 30.500027, 0.0)
(27.038843, 29.857748, 0.0)
(27.017887, 29.756569, 0.0)
(26.971184, 29.747602, 0.0)
(26.923820, 29.781040, 0.0)
(26.897200, 29.765007, 0.0)
(26.701565, 29.909254, 0.0)
(26.269623, 29.584034, 0.0)
(26.595112, 29.341356, 0.0)
(26.908224, 29.426632, 0.0)
(27.088789, 29.497595, 0.0)
(27.113316, 29.480314, 0.0)
(27.142614, 29.485458, 0.0)
(27.116327, 29.476196, 0.0)
(27.101753, 29.493008, 0.0)
(27.090618, 29.516836, 0.0)
(27.093161, 29.517921, 0.0)
(26.931839, 29.644720, 0.0)
(26.211340, 29.816076, 0.0)
(26.735231, 30.467928, 0.0)
(26.982574, 29.399498, 0.0)
(27.571180, 29.558355, 0.0)
(27.634048, 29.737011, 0.0)
(27.631538, 29.847366, 0.0)
(27.674713, 29.854300, 0.0)
(27.702301, 29.883497, 0.0)
(27.718727, 29.872742, 0.0)
(27.742594, 29.878931, 0.0)
(27.757620, 29.900606, 0.0)
(27.767670, 29.907547, 0.0)
(27.760645, 29.919827, 0.0)
(27.770515, 29.912292, 0.0)
(27.760574, 29.893026, 0.0)
(28.699614, 29.589331, 0.0)
(33.202312, 28.019951, 0.0)
(37.132565, 28.648386, 0.0)
(38.786572, 29.546450, 0.0)
(39.055389, 29.595741, 0.0)
(39.120941, 29.558285, 0.0)
(39.227196, 29.536392, 0.0)
(39.277229, 29.512224, 0.0)
(39.306812, 29.474064, 0.0)
(39.332649, 29.454432, 0.0)
(39.339222, 29.464973, 0.0)
(39.166328, 29.429718, 0.0)
(38.650238, 29.507242, 0.0)
(38.703728, 29.529686, 0.0)
(38.934608, 29.062441, 0.0)
(39.127628, 29.038773, 0.0)
(39.141296, 29.067200, 0.0)
(39.189323, 29.099989, 0.0)
(39.248005, 29.110622, 0.0)
(39.268196, 29.117001, 0.0)
(39.285851, 29.158207, 0.0)
(39.276596, 29.197115, 0.0)
(39.272549, 29.270948, 0.0)
(39.256699, 29.288874, 0.0)
(39.281487, 29.280586, 0.0)
(39.269108, 29.288204, 0.0)
(39.265606, 29.243950, 0.0)
(39.263771, 29.238985, 0.0)
(39.259239, 29.227600, 0.0)
(39.245411, 29.234684, 0.0)
(39.258995, 29.263115, 0.0)
(39.248154, 29.319878, 0.0)
(39.207241, 29.339380, 0.0)
(39.216537, 29.347403, 0.0)
(39.216057, 29.316212, 0.0)
(39.210018, 29.316025, 0.0)
(39.198837, 29.311047, 0.0)
(39.185177, 29.304300, 0.0)
(39.161125, 29.275311, 0.0)
(39.149937, 29.270643, 0.0)
(39.119495, 29.291992, 0.0)
(39.039059, 29.340092, 0.0)
(39.031494, 29.353140, 0.0)
(39.874977, 32.111443, 0.0)
(39.539036, 33.249424, 0.0)
(39.451694, 33.369766, 0.0)
(39.428631, 33.383785, 0.0)
(39.370811, 33.360107, 0.0)
(39.341557, 33.357471, 0.0)
(39.324493, 33.355846, 0.0)
(39.296989, 33.346420, 0.0)
(39.298759, 33.389179, 0.0)
(40.919891, 31.575392, 0.0)
(43.760029, 34.093315, 0.0)
(44.425453, 35.741825, 0.0)
(44.385998, 35.913742, 0.0)
(44.365162, 35.891018, 0.0)
(44.354431, 35.873775, 0.0)
(44.340107, 35.896648, 0.0)
(44.345314, 35.855854, 0.0)
(44.342346, 35.858063, 0.0)
(44.314949, 35.880272, 0.0)
(44.288399, 35.876522, 0.0)
(44.619762, 37.681995, 0.0)
(44.539982, 37.826283, 0.0)
(44.512211, 37.752590, 0.0)
(44.497601, 37.713669, 0.0)
(44.471260, 37.675533, 0.0)
(44.477058, 37.695282, 0.0)
(44.459839, 37.692936, 0.0)
(44.441086, 37.651775, 0.0)
(44.436535, 37.644421, 0.0)
(44.377331, 37.693542, 0.0)
(44.357185, 37.733902, 0.0)
(44.073490, 37.455544, 0.0)
(39.250427, 32.034302, 0.0)
(35.305996, 29.898317, 0.0)
(34.736393, 28.382751, 0.0)
(35.140976, 28.053127, 0.0)
(35.166897, 28.009035, 0.0)
(35.129631, 28.016806, 0.0)
(35.130405, 28.004021, 0.0)
(34.510323, 28.178835, 0.0)
(34.447060, 28.222504, 0.0)
(34.424065, 28.240713, 0.0)
(34.411709, 28.239988, 0.0)
(34.394421, 28.220871, 0.0)
(34.321682, 28.178755, 0.0)
(33.868023, 27.812677, 0.0)
(33.977577, 28.173357, 0.0)
(34.483555, 28.302294, 0.0)
(34.622391, 28.445110, 0.0)
(34.676266, 28.458231, 0.0)
(34.696213, 28.466240, 0.0)
(34.687019, 28.453768, 0.0)
(34.353146, 28.365461, 0.0)
(33.742325, 30.495043, 0.0)
(33.690418, 30.660391, 0.0)
(34.940147, 29.484535, 0.0)
(35.101048, 29.362133, 0.0)
(35.151394, 29.494774, 0.0)
(35.196930, 29.537762, 0.0)
(35.236820, 29.553499, 0.0)
(35.244522, 29.572311, 0.0)
(35.263973, 29.593979, 0.0)
(35.268803, 29.642214, 0.0)
(35.276730, 29.654842, 0.0)
(35.292210, 29.665344, 0.0)
(35.306446, 29.647499, 0.0)
(35.321476, 29.632940, 0.0)
(35.314751, 29.628757, 0.0)
(35.325920, 29.641283, 0.0)
(37.529274, 30.157370, 0.0)
(41.197475, 30.937286, 0.0)
(43.447926, 32.315887, 0.0)
(43.993774, 32.984615, 0.0)
(44.176186, 33.200912, 0.0)
(44.243877, 33.165039, 0.0)
(44.341911, 33.213924, 0.0)
(44.376743, 33.213531, 0.0)
(44.428009, 33.196854, 0.0)
(44.739605, 33.453568, 0.0)
(44.805260, 33.434471, 0.0)
(44.879555, 33.470364, 0.0)
(44.858650, 33.458958, 0.0)
(44.875622, 33.491676, 0.0)
(44.826111, 33.496571, 0.0)
(44.866158, 33.513477, 0.0)
(44.862854, 33.523174, 0.0)
(44.870880, 33.506180, 0.0)
(44.881191, 33.465332, 0.0)
(44.877663, 33.480419, 0.0)
(44.877193, 33.473824, 0.0)
(44.880367, 33.491722, 0.0)
(44.877663, 33.480419, 0.0)
(44.874748, 33.477310, 0.0)
(44.846172, 33.456314, 0.0)
(44.825417, 33.424309, 0.0)
(44.828072, 33.434574, 0.0)
(44.832123, 33.426411, 0.0)
(44.832123, 33.426411, 0.0)
(44.813606, 33.411457, 0.0)
(44.816181, 33.405399, 0.0)
(44.818783, 33.424286, 0.0)
(44.806679, 33.393734, 0.0)
(44.798740, 33.390942, 0.0)
(44.789391, 33.406322, 0.0)
(44.198086, 33.140442, 0.0)
(41.212845, 31.377075, 0.0)
(41.175285, 31.300720, 0.0)
(41.244545, 31.249378, 0.0)
(41.244102, 31.244358, 0.0)
(41.249001, 31.234486, 0.0)
(41.268612, 31.214087, 0.0)
(41.266758, 31.204113, 0.0)
(41.261440, 31.209185, 0.0)
(41.278206, 31.187630, 0.0)
(41.279621, 31.188393, 0.0)
(41.295906, 31.180143, 0.0)
(41.304272, 31.134287, 0.0)
(41.334976, 31.120094, 0.0)
(41.342087, 31.109604, 0.0)
(41.596859, 30.985186, 0.0)
(41.614277, 30.990103, 0.0)
(41.608002, 30.968946, 0.0)
(41.600967, 30.961418, 0.0)
(41.592823, 30.985399, 0.0)
(41.587845, 30.991327, 0.0)
(41.570572, 31.015730, 0.0)
(41.572449, 31.031656, 0.0)
(41.576031, 31.037920, 0.0)
(41.554562, 31.034292, 0.0)
(41.553783, 30.991327, 0.0)
(41.536522, 30.973776, 0.0)
(41.522606, 30.949139, 0.0)
(41.513062, 30.976391, 0.0)
(41.481297, 30.978655, 0.0)
(41.473713, 30.999092, 0.0)
(41.471592, 31.001472, 0.0)
(41.500862, 30.984217, 0.0)
(41.497852, 30.966011, 0.0)
(41.524963, 30.994814, 0.0)
(41.500019, 31.015385, 0.0)
(41.491329, 31.019930, 0.0)
(41.513905, 31.021898, 0.0)
(41.462799, 31.035379, 0.0)
(41.419037, 31.027090, 0.0)
(37.774632, 31.453484, 0.0)
(34.036823, 32.581348, 0.0)
(31.119902, 33.854851, 0.0)
(29.166023, 34.720310, 0.0)
(28.290625, 35.150051, 0.0)
(28.176512, 35.168617, 0.0)
(28.136829, 35.153759, 0.0)
(28.088736, 35.141788, 0.0)
(28.047649, 35.155346, 0.0)
(28.023874, 35.146126, 0.0)
(28.007109, 35.123459, 0.0)
(27.911304, 35.154686, 0.0)
(26.926636, 35.384987, 0.0)
(26.843372, 35.404533, 0.0)
(26.845901, 35.382915, 0.0)
(26.844870, 35.386230, 0.0)
(26.849819, 35.368942, 0.0)
(26.821459, 35.310555, 0.0)
(26.814787, 35.303040, 0.0)
(26.793438, 35.309277, 0.0)
(26.780180, 35.327774, 0.0)
(26.764439, 35.360584, 0.0)
(26.797956, 35.329964, 0.0)
(27.478624, 34.761742, 0.0)
(28.175915, 34.219921, 0.0)
(28.179079, 34.156563, 0.0)
(28.150381, 34.158237, 0.0)
(28.144241, 34.105797, 0.0)
(28.131510, 34.103168, 0.0)
(28.117065, 34.100346, 0.0)
(28.110806, 34.104809, 0.0)
(28.105169, 34.110645, 0.0)
(28.101683, 34.103649, 0.0)
(28.112707, 34.105125, 0.0)
(28.112322, 34.110748, 0.0)
(28.108454, 34.086189, 0.0)
(28.105680, 34.095139, 0.0)
(28.098354, 34.081894, 0.0)
(28.081686, 34.091908, 0.0)
(28.071198, 34.090858, 0.0)
(28.068827, 34.137241, 0.0)
(28.119473, 34.095779, 0.0)
(31.368977, 31.473518, 0.0)
(33.383793, 30.014837, 0.0)
(33.457798, 29.944628, 0.0)
(33.427086, 29.917299, 0.0)
(33.462444, 29.889891, 0.0)
(33.462200, 29.872747, 0.0)
(33.635689, 29.409336, 0.0)
(33.460297, 28.129848, 0.0)
(33.391277, 27.915735, 0.0)
(33.367130, 27.909853, 0.0)
(33.355701, 27.909344, 0.0)
(33.330700, 27.888565, 0.0)
(33.346958, 27.975307, 0.0)
(34.139938, 30.870937, 0.0)
(33.261871, 34.356678, 0.0)
(32.800987, 34.847401, 0.0)
(32.643974, 34.801498, 0.0)
(32.561539, 34.759399, 0.0)
(32.543133, 34.641941, 0.0)
(32.542545, 34.547298, 0.0)
(32.518436, 34.464058, 0.0)
(32.555939, 34.414402, 0.0)
(32.587517, 34.421524, 0.0)
(32.798618, 34.030437, 0.0)
(35.514977, 30.796762, 0.0)
(35.834366, 30.508152, 0.0)
(35.841167, 30.472309, 0.0)
(35.826580, 30.488443, 0.0)
(35.809113, 30.495882, 0.0)
(35.807423, 30.488312, 0.0)
(35.810299, 30.475767, 0.0)
(35.844463, 30.459930, 0.0)
(35.828846, 30.445293, 0.0)
(35.826557, 30.460630, 0.0)
(39.643898, 31.137806, 0.0)
(42.738049, 32.231365, 0.0)
(43.406151, 32.611702, 0.0)
(43.457497, 32.615227, 0.0)
(43.447762, 32.586594, 0.0)
(43.453579, 32.571430, 0.0)
(43.460186, 32.591209, 0.0)
(43.465576, 32.614590, 0.0)
(43.489956, 32.638309, 0.0)
(43.505699, 32.613567, 0.0)
(43.513248, 32.582890, 0.0)
(43.531330, 32.563229, 0.0)
(43.531338, 32.545547, 0.0)
(43.523464, 32.533737, 0.0)
(43.509144, 32.560402, 0.0)
(43.486176, 32.557297, 0.0)
(43.469734, 32.591175, 0.0)
(43.461300, 32.599213, 0.0)
(43.464657, 32.573685, 0.0)
(43.474052, 32.571091, 0.0)
(43.452114, 32.540588, 0.0)
(43.452709, 32.554859, 0.0)
(43.458126, 32.572796, 0.0)
(42.678009, 32.221283, 0.0)
(42.524879, 32.178471, 0.0)
(42.505024, 32.166321, 0.0)
(42.496933, 32.191906, 0.0)
(42.490105, 32.193008, 0.0)
(42.499367, 32.169441, 0.0)
(42.510586, 32.179359, 0.0)
(42.508801, 32.153271, 0.0)
(42.506733, 32.160793, 0.0)
(42.521317, 32.181885, 0.0)
(42.524406, 32.180912, 0.0)
(42.529694, 32.175686, 0.0)
(42.516861, 32.197758, 0.0)
(40.317886, 32.189518, 0.0)
(36.227097, 33.335484, 0.0)
(32.580135, 34.356079, 0.0)
(30.191214, 35.399372, 0.0)
(29.226175, 35.782673, 0.0)
(29.094450, 35.788021, 0.0)
(29.027199, 35.756626, 0.0)
(28.982204, 35.764263, 0.0)
(28.968050, 35.723534, 0.0)
(27.637272, 36.330585, 0.0)
(27.042395, 36.467377, 0.0)
(26.997938, 36.467426, 0.0)
(27.001751, 36.447620, 0.0)
(27.013132, 36.439007, 0.0)
(27.038605, 36.428200, 0.0)
(27.022350, 36.413334, 0.0)
(27.024683, 36.344269, 0.0)
(27.001354, 36.293221, 0.0)
(27.005209, 36.232731, 0.0)
(26.943491, 36.194725, 0.0)
(27.063620, 35.441833, 0.0)
(27.471142, 34.809479, 0.0)
(27.274189, 35.001507, 0.0)
(27.282953, 35.135132, 0.0)
(27.296822, 35.134129, 0.0)
(27.291899, 35.145714, 0.0)
(27.307421, 35.122124, 0.0)
(27.322344, 35.113426, 0.0)
(27.322397, 35.091091, 0.0)
(27.341669, 35.106640, 0.0)
(27.340307, 35.096458, 0.0)
(27.318249, 35.143604, 0.0)
(27.316942, 35.176796, 0.0)
(27.309263, 35.197124, 0.0)
(27.313650, 35.206173, 0.0)
(27.311275, 35.200001, 0.0)
(27.310886, 35.165440, 0.0)
(27.307602, 35.122131, 0.0)
(27.311438, 35.074127, 0.0)
(29.463011, 32.333324, 0.0)
(30.048340, 30.906088, 0.0)
(30.040867, 30.794012, 0.0)
(29.973150, 30.819931, 0.0)
(29.971376, 30.808123, 0.0)
(30.111629, 30.088615, 0.0)
(30.164116, 29.849760, 0.0)
(30.150099, 29.830864, 0.0)
(30.182533, 29.810053, 0.0)
(30.189520, 29.797667, 0.0)
(30.233967, 29.790743, 0.0)
(30.234459, 29.774630, 0.0)
(29.764317, 29.852539, 0.0)
(29.690435, 29.895128, 0.0)
(29.668800, 29.895298, 0.0)
(29.644409, 29.909294, 0.0)
(29.641895, 29.927591, 0.0)
(29.619482, 29.885056, 0.0)
(29.597431, 29.887028, 0.0)
(29.568031, 29.863506, 0.0)
(29.584686, 29.856049, 0.0)
(30.376919, 30.019018, 0.0)
(30.460295, 29.987753, 0.0)
(30.443790, 29.991919, 0.0)
(30.465336, 30.020500, 0.0)
(30.468283, 30.027008, 0.0)
(30.471453, 30.022726, 0.0)
(30.480793, 30.008806, 0.0)
(30.499371, 30.001310, 0.0)
(30.512161, 30.000248, 0.0)
(30.534266, 29.994808, 0.0)
(30.550571, 29.982040, 0.0)
(30.550571, 29.982040, 0.0)
(30.551893, 30.006376, 0.0)
(30.552210, 30.007128, 0.0)
(30.542885, 30.051235, 0.0)
(31.216433, 30.033272, 0.0)
(35.434429, 30.572308, 0.0)
(38.329784, 31.306612, 0.0)
(38.769985, 32.249187, 0.0)
(38.912708, 32.501244, 0.0)
(38.965973, 32.490704, 0.0)
(39.010365, 32.510876, 0.0)
(39.030090, 32.521065, 0.0)
(39.072601, 32.547539, 0.0)
(39.099781, 32.518105, 0.0)
(39.134216, 32.486252, 0.0)
(39.136066, 32.441235, 0.0)
(39.154922, 32.432709, 0.0)
(39.144196, 32.419632, 0.0)
(39.157284, 32.442009, 0.0)
(39.163902, 32.433353, 0.0)
(39.158695, 32.426109, 0.0)
(39.100124, 32.389721, 0.0)
(38.814419, 32.863995, 0.0)
(39.206421, 32.426685, 0.0)
(39.140209, 32.300312, 0.0)
(39.183079, 32.306965, 0.0)
(39.216263, 32.353580, 0.0)
(39.221146, 32.372761, 0.0)
(39.220737, 32.382153, 0.0)
(39.233200, 32.387600, 0.0)
(39.247578, 32.403660, 0.0)
(39.249954, 32.403133, 0.0)
(39.251541, 32.388622, 0.0)
(39.258141, 32.379486, 0.0)
(39.249256, 32.386887, 0.0)
(39.244278, 32.406429, 0.0)
(39.246502, 32.429264, 0.0)
(39.240719, 32.456844, 0.0)
(39.242451, 32.461052, 0.0)
(39.238365, 32.464405, 0.0)
(39.245060, 32.452892, 0.0)
(39.248688, 32.428635, 0.0)
(39.152023, 32.297241, 0.0)
(37.271996, 28.891073, 0.0)
(36.982033, 26.829496, 0.0)
(36.954250, 26.791187, 0.0)
(36.946178, 26.807606, 0.0)
(36.946239, 26.821516, 0.0)
(36.937145, 26.795736, 0.0)
(36.943413, 26.786524, 0.0)
(36.932644, 26.754883, 0.0)
(36.931316, 26.684273, 0.0)
(36.936035, 26.662384, 0.0)
(36.919147, 26.626499, 0.0)
(36.911301, 26.633068, 0.0)
(36.934361, 26.623728, 0.0)
(36.920887, 26.621758, 0.0)
(36.950905, 26.615431, 0.0)
(36.965824, 26.584255, 0.0)
(36.990410, 26.564707, 0.0)
(36.401779, 26.574697, 0.0)
(36.399952, 26.731958, 0.0)
(36.431274, 26.714931, 0.0)
(36.421909, 26.779018, 0.0)
(36.397083, 26.797993, 0.0)
(36.383076, 26.870810, 0.0)
(36.338081, 26.968706, 0.0)
(36.329338, 27.032955, 0.0)
(36.301174, 27.144663, 0.0)
(36.307049, 27.209953, 0.0)
(36.303036, 27.246426, 0.0)
(36.294403, 27.182638, 0.0)
(36.296825, 27.101814, 0.0)
(36.300694, 27.063181, 0.0)
(36.297939, 27.050964, 0.0)
(36.294575, 27.072968, 0.0)
(36.286201, 27.087372, 0.0)
(36.291374, 27.123135, 0.0)
(36.269012, 27.155048, 0.0)
(36.270603, 27.164129, 0.0)
(36.257816, 27.147032, 0.0)
(36.272030, 27.115147, 0.0)
(37.742554, 27.344006, 0.0)
(40.922501, 28.149681, 0.0)
(43.255123, 29.276554, 0.0)
(44.012276, 29.783012, 0.0)
(44.112171, 29.813248, 0.0)
(44.137489, 29.849842, 0.0)
(44.140518, 29.861967, 0.0)
(44.134445, 29.856411, 0.0)
(44.068298, 29.788019, 0.0)
(43.409554, 29.624506, 0.0)
(43.164249, 29.288076, 0.0)
(43.769176, 29.477018, 0.0)
(43.991028, 29.510895, 0.0)
(44.042236, 29.554506, 0.0)
(44.060238, 29.521194, 0.0)
(44.056751, 29.572826, 0.0)
(44.063961, 29.574825, 0.0)
(44.066521, 29.588249, 0.0)
(44.075546, 29.515471, 0.0)
(44.076572, 29.461338, 0.0)
(43.981457, 29.504251, 0.0)
(42.611553, 29.224237, 0.0)
(42.487606, 29.301197, 0.0)
(43.245335, 29.845711, 0.0)
(43.463032, 29.891560, 0.0)
(43.530586, 29.900326, 0.0)
(43.566391, 29.928627, 0.0)
(43.585060, 29.955168, 0.0)
(43.635872, 29.918489, 0.0)
(43.642441, 29.925020, 0.0)
(43.648594, 29.917023, 0.0)
(43.651836, 29.936316, 0.0)
(43.658039, 29.933744, 0.0)
(43.660664, 29.957136, 0.0)
(43.670311, 29.967005, 0.0)
(43.663113, 29.958244, 0.0)
(43.537273, 30.019501, 0.0)
(42.779503, 30.085394, 0.0)
(42.573978, 30.912848, 0.0)
(42.881508, 31.055023, 0.0)
(43.073402, 31.083872, 0.0)
(43.113720, 31.083723, 0.0)
(43.146442, 31.112717, 0.0)
(43.173248, 31.127394, 0.0)
(43.191631, 31.122931, 0.0)
(43.149834, 31.086056, 0.0)
(42.342903, 30.804111, 0.0)
(41.737942, 31.255180, 0.0)
(42.103828, 30.437424, 0.0)
(42.700932, 30.516312, 0.0)
(42.833645, 30.665955, 0.0)
(42.931675, 30.679291, 0.0)
(43.001839, 30.685297, 0.0)
(43.031967, 30.670931, 0.0)
(43.056255, 30.648970, 0.0)
(43.073982, 30.650343, 0.0)
(43.070595, 30.658762, 0.0)
(43.077316, 30.655714, 0.0)
(43.074020, 30.673637, 0.0)
(43.084385, 30.678078, 0.0)
(43.096142, 30.688524, 0.0)
(43.101612, 30.683805, 0.0)
(43.107758, 30.691799, 0.0)
(43.110092, 30.671576, 0.0)
(43.168903, 30.704704, 0.0)
(43.147018, 30.658737, 0.0)
(43.113777, 30.653555, 0.0)
(43.109520, 30.672459, 0.0)
(43.111477, 30.722599, 0.0)
(43.087879, 30.730061, 0.0)
(43.106842, 30.739555, 0.0)
(43.101677, 30.757887, 0.0)
(43.036797, 30.711069, 0.0)
(39.572796, 31.387203, 0.0)
(35.975548, 33.384743, 0.0)
(32.742336, 34.904366, 0.0)
(31.360832, 36.006508, 0.0)
(31.203527, 36.147732, 0.0)
(31.105234, 36.145859, 0.0)
(31.052910, 36.114979, 0.0)
(31.028709, 36.069710, 0.0)
(30.968498, 36.077003, 0.0)
(30.466185, 36.095295, 0.0)
(30.361406, 36.104382, 0.0)
(30.352394, 36.095741, 0.0)
(30.337193, 36.070412, 0.0)
(30.306849, 36.069641, 0.0)
(30.281639, 36.081944, 0.0)
(30.233873, 36.098103, 0.0)
(30.240265, 36.059738, 0.0)
(30.207579, 35.960838, 0.0)
(30.513700, 35.370747, 0.0)
(30.880955, 34.447964, 0.0)
(30.901951, 34.365955, 0.0)
(30.891140, 34.345158, 0.0)
(30.831249, 34.203712, 0.0)
(31.155699, 33.531540, 0.0)
(31.347563, 33.184219, 0.0)
(31.348433, 33.119797, 0.0)
(31.351748, 33.118927, 0.0)
(31.360594, 33.117317, 0.0)
(31.372385, 33.107819, 0.0)
(31.394262, 33.105053, 0.0)
(31.389862, 33.144817, 0.0)
(31.398558, 33.167835, 0.0)
(31.402918, 33.205006, 0.0)
(31.408747, 33.184711, 0.0)
(31.404800, 33.172775, 0.0)
(31.406494, 33.165665, 0.0)
(31.408953, 33.148113, 0.0)
(31.414028, 33.188122, 0.0)
(31.430735, 33.184349, 0.0)
(31.450722, 33.199966, 0.0)
(31.450705, 33.232372, 0.0)
(32.382107, 31.355938, 0.0)
(32.954453, 28.376287, 0.0)
(33.162819, 27.780460, 0.0)
(33.208115, 27.705290, 0.0)
(33.217766, 27.716139, 0.0)
(33.207783, 27.684383, 0.0)
(33.172131, 27.706987, 0.0)
(33.143391, 27.712231, 0.0)
(33.124226, 27.779987, 0.0)
(31.871958, 31.647781, 0.0)
(30.144703, 35.663895, 0.0)
(29.819715, 36.515869, 0.0)
(29.741632, 36.588875, 0.0)
(29.681776, 36.554115, 0.0)
(29.632812, 36.545410, 0.0)
(29.629097, 36.514221, 0.0)
(29.583300, 36.536373, 0.0)
(29.575409, 36.558357, 0.0)
(29.594833, 36.517391, 0.0)
(30.738190, 32.561718, 0.0)
(31.942715, 29.813877, 0.0)
(31.989494, 29.785614, 0.0)
(31.951206, 29.822144, 0.0)
(31.935774, 29.812698, 0.0)
(31.919348, 29.829195, 0.0)
(31.894794, 29.837086, 0.0)
(31.918261, 29.849148, 0.0)
(31.918938, 29.853510, 0.0)
(31.927700, 29.864958, 0.0)
(31.939077, 29.870573, 0.0)
(31.947649, 29.854527, 0.0)
(31.977200, 29.849457, 0.0)
(31.990477, 29.849201, 0.0)
(31.975546, 29.856308, 0.0)
(33.725468, 30.492657, 0.0)
(35.643135, 32.495399, 0.0)
(36.997829, 35.105209, 0.0)
(37.097458, 35.278160, 0.0)
(37.045944, 35.214813, 0.0)
(37.044075, 35.206917, 0.0)
(37.302399, 35.693802, 0.0)
(37.315685, 35.707161, 0.0)
(37.287025, 35.678551, 0.0)
(37.296047, 35.679840, 0.0)
(37.283150, 35.660091, 0.0)
(37.268990, 35.654648, 0.0)
(37.262783, 35.652294, 0.0)
(37.261734, 35.651772, 0.0)
(37.255402, 35.665264, 0.0)
(37.245083, 35.678574, 0.0)
(37.236816, 35.655449, 0.0)
(37.239410, 35.660847, 0.0)
(38.425426, 34.343315, 0.0)
(38.771656, 33.426552, 0.0)
(38.765415, 33.306507, 0.0)
(38.736244, 33.307335, 0.0)
(38.741741, 33.307335, 0.0)
(38.727226, 33.311062, 0.0)
(37.985123, 32.619476, 0.0)
(37.667339, 31.981010, 0.0)
(37.645306, 31.927135, 0.0)
(37.640121, 31.913177, 0.0)
(37.651485, 31.887707, 0.0)
(37.658634, 31.860615, 0.0)
(37.648270, 31.824648, 0.0)
(37.631443, 31.816097, 0.0)
(37.634186, 31.801266, 0.0)
(37.622513, 31.803741, 0.0)
(37.605469, 31.819025, 0.0)
(37.588886, 31.844158, 0.0)
(37.542694, 31.859783, 0.0)
(37.521591, 31.847485, 0.0)
(37.727604, 31.716209, 0.0)
(41.123741, 30.730293, 0.0)
(42.705612, 30.343750, 0.0)
(42.643494, 29.805964, 0.0)
(42.832371, 29.814423, 0.0)
(42.908184, 29.791094, 0.0)
(42.934788, 29.756336, 0.0)
(42.936882, 29.750584, 0.0)
(42.967651, 29.768845, 0.0)
(42.980434, 29.718950, 0.0)
(42.784897, 29.735163, 0.0)
(42.059479, 29.203955, 0.0)
(42.022270, 29.174213, 0.0)
(42.466496, 29.577007, 0.0)
(42.683159, 29.699245, 0.0)
(42.785107, 29.757900, 0.0)
(42.834839, 29.785378, 0.0)
(42.875736, 29.784990, 0.0)
(42.921215, 29.803059, 0.0)
(42.979454, 29.805893, 0.0)
(43.018192, 29.820847, 0.0)
(43.027939, 29.821344, 0.0)
(43.029099, 29.842144, 0.0)
(43.037556, 29.838934, 0.0)
(43.039116, 29.856424, 0.0)
(43.056499, 29.852282, 0.0)
(43.059502, 29.848318, 0.0)
(43.059601, 29.834681, 0.0)
(43.068493, 29.850536, 0.0)
(43.081039, 29.865374, 0.0)
(43.082962, 29.861517, 0.0)
(43.089520, 29.853384, 0.0)
(43.096935, 29.855804, 0.0)
(43.095867, 29.849878, 0.0)
(43.095867, 29.849878, 0.0)
(43.095860, 29.863939, 0.0)
(43.069893, 29.881866, 0.0)
(44.047356, 30.911585, 0.0)
(44.571617, 31.479349, 0.0)
(44.495762, 31.506527, 0.0)
(44.259567, 31.393648, 0.0)
(44.138065, 31.172804, 0.0)
(44.376381, 31.505356, 0.0)
(44.439526, 31.643488, 0.0)
(44.467289, 31.678982, 0.0)
(44.372513, 31.722258, 0.0)
(43.889393, 32.727928, 0.0)
(44.340557, 31.712954, 0.0)
(44.427780, 31.467405, 0.0)
(44.515350, 31.652182, 0.0)
(44.604019, 31.709970, 0.0)
(44.670105, 31.758997, 0.0)
(44.709217, 31.772106, 0.0)
(44.735603, 31.774267, 0.0)
(44.742546, 31.780350, 0.0)
(44.752140, 31.756376, 0.0)
(44.745518, 31.756027, 0.0)
(44.745518, 31.756027, 0.0)
(44.735439, 31.727066, 0.0)
(44.759087, 31.693146, 0.0)
(44.776695, 31.691378, 0.0)
(44.774601, 31.718090, 0.0)
(44.773045, 31.746595, 0.0)
(44.807606, 31.747379, 0.0)
(44.792530, 31.711086, 0.0)
(44.776073, 31.703997, 0.0)
(44.785728, 31.701513, 0.0)
(44.788681, 31.707644, 0.0)
(44.779423, 31.711716, 0.0)
(44.809914, 31.713409, 0.0)
(44.801590, 31.719353, 0.0)
(44.781208, 31.707741, 0.0)
(43.761406, 33.859760, 0.0)
(43.684200, 37.125809, 0.0)
(43.485191, 37.104485, 0.0)
(43.438835, 37.025715, 0.0)
(43.419754, 37.006992, 0.0)
(43.392418, 37.003178, 0.0)
(43.379230, 37.005032, 0.0)
(43.405159, 37.348145, 0.0)
(43.418247, 37.426910, 0.0)
(43.415802, 37.419819, 0.0)
(43.407810, 37.385834, 0.0)
(43.406990, 37.352383, 0.0)
(43.394218, 37.347511, 0.0)
(43.390717, 37.355957, 0.0)
(43.394218, 37.347511, 0.0)
(43.389530, 37.368721, 0.0)
(43.398403, 37.373772, 0.0)
(43.399178, 37.342361, 0.0)
(43.411892, 37.310524, 0.0)
(43.416451, 37.260864, 0.0)
(43.433468, 37.243679, 0.0)
(43.419544, 37.230694, 0.0)
(43.411400, 37.219128, 0.0)
(43.019054, 36.809128, 0.0)
(41.676060, 36.458740, 0.0)
(41.682816, 35.879108, 0.0)
(42.013298, 34.167721, 0.0)
(42.104340, 33.346020, 0.0)
(42.127323, 33.217388, 0.0)
(42.126850, 33.194717, 0.0)
(42.151848, 33.232456, 0.0)
(42.163887, 33.248512, 0.0)
(42.180412, 33.289204, 0.0)
(42.195183, 33.371346, 0.0)
(42.201920, 33.399891, 0.0)
(42.218552, 33.447033, 0.0)
(42.219486, 33.431011, 0.0)
(42.247715, 33.359524, 0.0)
(42.256615, 33.365307, 0.0)
(43.672779, 34.948303, 0.0)
(45.468151, 37.388214, 0.0)
(45.525505, 37.753365, 0.0)
(45.524410, 37.756748, 0.0)
(45.525795, 37.801979, 0.0)
(45.524635, 37.810081, 0.0)
(45.530056, 37.803078, 0.0)
(45.797398, 37.961922, 0.0)
(45.831409, 37.952866, 0.0)
(45.834572, 37.926067, 0.0)
(45.847767, 37.934147, 0.0)
(45.842197, 37.938847, 0.0)
(45.845158, 37.930176, 0.0)
(45.844086, 37.958702, 0.0)
(45.832924, 37.997627, 0.0)
(45.814018, 38.020008, 0.0)
(45.820236, 38.034309, 0.0)
(45.798607, 37.988831, 0.0)
(45.792473, 37.917416, 0.0)
(45.784229, 37.935638, 0.0)
(45.776901, 37.924511, 0.0)
(45.756084, 37.923267, 0.0)
(45.744232, 37.929558, 0.0)
(45.740589, 37.925705, 0.0)
(45.732510, 37.907692, 0.0)
(45.739487, 37.927532, 0.0)
(45.714909, 37.966957, 0.0)
(45.742588, 37.958305, 0.0)
(45.758106, 37.884953, 0.0)
(45.748344, 37.891811, 0.0)
(45.750156, 37.922237, 0.0)
(45.745220, 37.945309, 0.0)
(45.764839, 37.937542, 0.0)
(45.742771, 37.920609, 0.0)
(45.734104, 37.903217, 0.0)
(45.732838, 37.915546, 0.0)
(45.745453, 37.924305, 0.0)
(45.531082, 36.879051, 0.0)
(45.022484, 32.473549, 0.0)
(44.877769, 30.466764, 0.0)
(44.909088, 30.395216, 0.0)
(44.924129, 30.424444, 0.0)
(44.924976, 30.416794, 0.0)
(44.922913, 30.436522, 0.0)
(44.924976, 30.439751, 0.0)
(44.913879, 30.425472, 0.0)
(44.909241, 30.405800, 0.0)
(44.901485, 30.382986, 0.0)
(40.671494, 29.030607, 0.0)
(36.768421, 28.097353, 0.0)
(35.018604, 28.484699, 0.0)
(35.043137, 28.469168, 0.0)
(35.047642, 28.392855, 0.0)
(35.020973, 28.323223, 0.0)
(34.949711, 28.332138, 0.0)
(31.721676, 30.041292, 0.0)
(28.713406, 31.541296, 0.0)
(27.597887, 32.173897, 0.0)
(27.521948, 32.118412, 0.0)
(27.517296, 32.055443, 0.0)
(27.507378, 32.006660, 0.0)
(27.514929, 31.948273, 0.0)
(27.525070, 31.899866, 0.0)
(27.527063, 31.887094, 0.0)
(27.496971, 31.906435, 0.0)
(27.492884, 31.912605, 0.0)
(27.444963, 31.934710, 0.0)
(27.441784, 31.947777, 0.0)
(27.442644, 31.943256, 0.0)
(27.434217, 31.937410, 0.0)
(27.460047, 31.904589, 0.0)
(27.442343, 31.878828, 0.0)
(27.481663, 31.855263, 0.0)
(27.508251, 31.842531, 0.0)
(27.680470, 31.474653, 0.0)
(29.161926, 30.179998, 0.0)
(29.594601, 29.451765, 0.0)
(30.787642, 29.020164, 0.0)
(30.831116, 29.056782, 0.0)
(30.852957, 29.027182, 0.0)
(30.865536, 29.031227, 0.0)
(30.869701, 29.015263, 0.0)
(30.438122, 29.278860, 0.0)
(30.379103, 29.294960, 0.0)
(30.366756, 29.294489, 0.0)
(30.359434, 29.327890, 0.0)
(30.347666, 29.334442, 0.0)
(30.317421, 29.346786, 0.0)
(30.315449, 29.319941, 0.0)
(30.321842, 29.297920, 0.0)
(30.321314, 29.272203, 0.0)
(30.327854, 29.242506, 0.0)
(30.305931, 29.210604, 0.0)
(30.049000, 29.265982, 0.0)
(29.682524, 30.055731, 0.0)
(29.924324, 30.327929, 0.0)
(30.207369, 29.420475, 0.0)
(30.442268, 29.547617, 0.0)
(30.526371, 29.658474, 0.0)
(30.565577, 29.644064, 0.0)
(30.603001, 29.649853, 0.0)
(30.613371, 29.649218, 0.0)
(30.637114, 29.650799, 0.0)
(30.734566, 29.638515, 0.0)
(30.751816, 29.632624, 0.0)
(30.772297, 29.656853, 0.0)
(30.790531, 29.680342, 0.0)
(30.817636, 29.724043, 0.0)
(30.819950, 29.737890, 0.0)
(30.818211, 29.711948, 0.0)
(30.129261, 30.099541, 0.0)
(28.301508, 30.970360, 0.0)
(28.185415, 31.043453, 0.0)
(27.909328, 31.106218, 0.0)
(27.557745, 31.624395, 0.0)
(27.897640, 31.437500, 0.0)
(27.954418, 30.786814, 0.0)
(28.233942, 30.819939, 0.0)
(28.280884, 30.960655, 0.0)
(28.276854, 30.980989, 0.0)
(28.270010, 30.960712, 0.0)
(28.254038, 30.909439, 0.0)
(28.070396, 31.077991, 0.0)
(28.163961, 31.696680, 0.0)
(28.178289, 31.187078, 0.0)
(28.237371, 31.236057, 0.0)
(28.235172, 31.376011, 0.0)
(28.244844, 31.375530, 0.0)
(28.284931, 31.360199, 0.0)
(28.279943, 31.377565, 0.0)
(28.278084, 31.394634, 0.0)
(28.291681, 31.416679, 0.0)
(28.288752, 31.406870, 0.0)
(28.291883, 31.408001, 0.0)
(28.286863, 31.447018, 0.0)
(28.276926, 31.464167, 0.0)
(28.277317, 31.465097, 0.0)
(28.296307, 31.476059, 0.0)
(28.300577, 31.474689, 0.0)
(28.302824, 31.477297, 0.0)
(28.291546, 31.469130, 0.0)
(28.297356, 31.487263, 0.0)
(28.304625, 31.479744, 0.0)
(28.305841, 31.459967, 0.0)
(28.316010, 31.436211, 0.0)
(28.305481, 31.446350, 0.0)
(29.018461, 31.388762, 0.0)
(33.793446, 31.755953, 0.0)
(34.955944, 31.969620, 0.0)
(35.114590, 31.940512, 0.0)
(35.105556, 31.905088, 0.0)
(35.109005, 31.905035, 0.0)
(35.088531, 31.914049, 0.0)
(34.645432, 31.819923, 0.0)
(34.568310, 31.774151, 0.0)
(34.559090, 31.766775, 0.0)
(34.548759, 31.771429, 0.0)
(34.583752, 31.779406, 0.0)
(34.564068, 31.725344, 0.0)
(34.579025, 31.741245, 0.0)
(34.539829, 31.700624, 0.0)
(34.548595, 31.668282, 0.0)
(34.565281, 31.699604, 0.0)
(34.565659, 31.717165, 0.0)
(34.567951, 31.728970, 0.0)
(34.727501, 31.623867, 0.0)
(34.797466, 31.611847, 0.0)
(34.803333, 31.584595, 0.0)
(34.812965, 31.516376, 0.0)
(34.819859, 31.468632, 0.0)
(34.819859, 31.468632, 0.0)
(34.808521, 31.478693, 0.0)
(34.831814, 31.499905, 0.0)
(34.837502, 31.536291, 0.0)
(34.835461, 31.534367, 0.0)
(34.830185, 31.527452, 0.0)
(34.823875, 31.523680, 0.0)
(34.811661, 31.536652, 0.0)
(34.822514, 31.531660, 0.0)
(34.803722, 31.507692, 0.0)
(34.808239, 31.505798, 0.0)
(34.805820, 31.533571, 0.0)
(34.781391, 31.527372, 0.0)
(37.893513, 32.766602, 0.0)
(41.160782, 34.444050, 0.0)
(41.623573, 34.921768, 0.0)
(41.634972, 34.922287, 0.0)
(41.637901, 34.861336, 0.0)
(41.626984, 34.874805, 0.0)
(41.629604, 34.897930, 0.0)
(41.628815, 34.971405, 0.0)
(41.635998, 35.010777, 0.0)
(41.637337, 35.026455, 0.0)
(41.688805, 35.017899, 0.0)
(41.777447, 34.998070, 0.0)
(41.931862, 34.840050, 0.0)
(41.929985, 34.787209, 0.0)
(41.950325, 34.816936, 0.0)
(41.957657, 34.845909, 0.0)
(41.976070, 34.870842, 0.0)
(41.982239, 34.866653, 0.0)
(41.995388, 34.842865, 0.0)
(42.005402, 34.802284, 0.0)
(41.993881, 34.783348, 0.0)
(41.984879, 34.772968, 0.0)
(41.978573, 34.769321, 0.0)
(41.973770, 34.744923, 0.0)
(41.971378, 34.787701, 0.0)
(41.841370, 34.633457, 0.0)
(41.314819, 32.650623, 0.0)
(41.193272, 32.158642, 0.0)
(41.166058, 32.078369, 0.0)
(41.151161, 32.071854, 0.0)
(41.149471, 32.055771, 0.0)
(41.155163, 32.050404, 0.0)
(41.158676, 32.020802, 0.0)
(41.139050, 32.019314, 0.0)
(41.150627, 32.023663, 0.0)
(41.137253, 32.050430, 0.0)
(41.144741, 32.070831, 0.0)
(41.133972, 32.046482, 0.0)
(36.724751, 30.907866, 0.0)
(32.373253, 30.364746, 0.0)
(29.440516, 30.501526, 0.0)
(28.198156, 30.637678, 0.0)
(27.971432, 30.557808, 0.0)
(27.911760, 30.491930, 0.0)
(27.867317, 30.525068, 0.0)
(27.809797, 30.534281, 0.0)
(27.733635, 30.579445, 0.0)
(27.267097, 30.670361, 0.0)
(27.199057, 30.361319, 0.0)
(27.460619, 30.476858, 0.0)
(27.325552, 30.884552, 0.0)
(27.156544, 31.067987, 0.0)
(27.148357, 31.092958, 0.0)
(27.130754, 31.122063, 0.0)
(27.112120, 31.154905, 0.0)
(27.110849, 31.174068, 0.0)
(27.081678, 31.184357, 0.0)
(27.089750, 31.188196, 0.0)
(27.095930, 31.162394, 0.0)
(27.136362, 31.156401, 0.0)
(27.114355, 31.129374, 0.0)
(27.122021, 31.110531, 0.0)
(27.247168, 30.924000, 0.0)
(27.278406, 30.677994, 0.0)
(27.265251, 30.692019, 0.0)
(27.249384, 30.731766, 0.0)
(27.241514, 30.776943, 0.0)
(27.240694, 30.796000, 0.0)
(27.251871, 30.776903, 0.0)
(27.254639, 30.769844, 0.0)
(27.260029, 30.715452, 0.0)
(27.269400, 30.694649, 0.0)
(27.269266, 30.699472, 0.0)
(27.265802, 30.694555, 0.0)
(27.258266, 30.719999, 0.0)
(27.240507, 31.099377, 0.0)
(28.293098, 34.121765, 0.0)
(28.613060, 35.579094, 0.0)
(28.586748, 35.707329, 0.0)
(28.534101, 35.683674, 0.0)
(28.517998, 35.665676, 0.0)
(28.797264, 35.147308, 0.0)
(28.796515, 35.089920, 0.0)
(28.748089, 35.088833, 0.0)
(28.734833, 35.120102, 0.0)
(28.739908, 35.130226, 0.0)
(28.722696, 35.103939, 0.0)
(28.706886, 35.095627, 0.0)
(28.713938, 35.095787, 0.0)
(28.728298, 35.064644, 0.0)
(28.722345, 35.056614, 0.0)
(28.539104, 35.030872, 0.0)
(28.507114, 35.009865, 0.0)
(28.487225, 35.031067, 0.0)
(28.478403, 35.016224, 0.0)
(28.443712, 35.077347, 0.0)
(28.407532, 35.093323, 0.0)
(28.407070, 35.095280, 0.0)
(28.420328, 35.092716, 0.0)
(28.443422, 35.096985, 0.0)
(28.442276, 35.100636, 0.0)
(28.458099, 35.098843, 0.0)
(28.452845, 35.119457, 0.0)
(28.470222, 35.095222, 0.0)
(28.476582, 35.080669, 0.0)
(28.486780, 35.036079, 0.0)
(28.475782, 35.032917, 0.0)
(28.469288, 35.022552, 0.0)
(28.472408, 35.040203, 0.0)
(28.476511, 35.049797, 0.0)
(28.462976, 35.062569, 0.0)
(28.470085, 35.069141, 0.0)
(28.484375, 35.042671, 0.0)
(29.219524, 34.744129, 0.0)
(33.844875, 32.956497, 0.0)
(34.608456, 32.931522, 0.0)
(34.705986, 32.939102, 0.0)
(34.675938, 32.975140, 0.0)
(34.673721, 32.989586, 0.0)
(34.677036, 32.987206, 0.0)
(34.682976, 32.996044, 0.0)
(34.684456, 32.956402, 0.0)
(34.718033, 32.947502, 0.0)
(34.734455, 32.932274, 0.0)
(34.717808, 32.896225, 0.0)
(34.709126, 32.923626, 0.0)
(34.708790, 32.959805, 0.0)
(34.706978, 32.986027, 0.0)
(34.702244, 33.024647, 0.0)
(34.723965, 33.033615, 0.0)
(34.718166, 33.017109, 0.0)
(34.722305, 32.983173, 0.0)
(34.723682, 32.966015, 0.0)
(34.725925, 32.962555, 0.0)
(34.718376, 32.960464, 0.0)
(34.704391, 32.948586, 0.0)
(34.717537, 32.987175, 0.0)
(34.707687, 33.013905, 0.0)
(34.702820, 33.020103, 0.0)
(34.725128, 33.023365, 0.0)
(34.729008, 33.015907, 0.0)
(34.731461, 32.981831, 0.0)
(34.715778, 32.960587, 0.0)
(34.726425, 32.959324, 0.0)
(34.726425, 32.959324, 0.0)
(34.726425, 32.959324, 0.0)
(34.727474, 32.994778, 0.0)
(34.725422, 33.005386, 0.0)
(34.717411, 32.981850, 0.0)
(34.711124, 32.973377, 0.0)
(36.949078, 33.861938, 0.0)
(40.159920, 35.053425, 0.0)
(40.980247, 36.027065, 0.0)
(41.136478, 36.147038, 0.0)
(41.195332, 36.096081, 0.0)
(41.190830, 36.125790, 0.0)
(41.572628, 36.113594, 0.0)
(41.650135, 36.144199, 0.0)
(41.637119, 36.154819, 0.0)
(41.688126, 36.154198, 0.0)
(41.707802, 36.139732, 0.0)
(41.722782, 36.119011, 0.0)
(41.736473, 36.070789, 0.0)
(41.727367, 36.083340, 0.0)
(41.752522, 36.076309, 0.0)
(41.753040, 36.116367, 0.0)
(41.743172, 36.119793, 0.0)
(41.755020, 36.145645, 0.0)
(41.762699, 36.140640, 0.0)
(41.764244, 36.149246, 0.0)
(41.762691, 36.064896, 0.0)
(41.935310, 36.092560, 0.0)
(41.935928, 36.064533, 0.0)
(41.939255, 36.056274, 0.0)
(41.913143, 36.017330, 0.0)
(41.874950, 36.010498, 0.0)
(41.871777, 36.013485, 0.0)
(41.852329, 36.006214, 0.0)
(41.858978, 36.067127, 0.0)
(41.846420, 36.045498, 0.0)
(41.838364, 36.038586, 0.0)
(41.825863, 36.032398, 0.0)
(41.803467, 36.009392, 0.0)
(41.807808, 36.027424, 0.0)
(41.803860, 36.040981, 0.0)
(41.803856, 36.044731, 0.0)
(41.809311, 36.100662, 0.0)
(41.805801, 36.092308, 0.0)
(41.576019, 35.966724, 0.0)
(38.071972, 32.464417, 0.0)
(35.620205, 29.825083, 0.0)
(35.442211, 28.235661, 0.0)
(35.415405, 28.116459, 0.0)
(35.405430, 28.125704, 0.0)
(35.350410, 28.102753, 0.0)
(35.326675, 28.096539, 0.0)
(35.295547, 28.080427, 0.0)
(34.489422, 27.770123, 0.0)
(34.402687, 27.734514, 0.0)
(34.377983, 27.718729, 0.0)
(34.408768, 27.697134, 0.0)
(34.386520, 27.657566, 0.0)
(34.382877, 27.637110, 0.0)
(34.381641, 27.650433, 0.0)
(34.354000, 27.623644, 0.0)
(34.352215, 27.579300, 0.0)
(34.273872, 27.529772, 0.0)
(34.189548, 27.514145, 0.0)
(34.500568, 27.477211, 0.0)
(34.575062, 27.459618, 0.0)
(34.595982, 27.490505, 0.0)
(34.622829, 27.503614, 0.0)
(34.647514, 27.518793, 0.0)
(34.677628, 27.515886, 0.0)
(34.665218, 27.526052, 0.0)
(34.642517, 27.551285, 0.0)
(34.641266, 27.597467, 0.0)
(34.648361, 27.597609, 0.0)
(34.656590, 27.619379, 0.0)
(34.682823, 27.633904, 0.0)
(34.681709, 27.639135, 0.0)
(34.648636, 27.636671, 0.0)
(34.670933, 27.614416, 0.0)
(34.684250, 27.581793, 0.0)
(34.677494, 27.555330, 0.0)
(34.703739, 27.568552, 0.0)
(38.631248, 28.693905, 0.0)
(42.117836, 30.427780, 0.0)
(44.017754, 31.487110, 0.0)
(45.070389, 32.573757, 0.0)
(45.476017, 32.767258, 0.0)
(45.526894, 32.708866, 0.0)
(45.547539, 32.680931, 0.0)
(45.585770, 32.650414, 0.0)
(45.607361, 32.642284, 0.0)
(45.749519, 32.665268, 0.0)
(45.940441, 32.689434, 0.0)
(45.962421, 32.715851, 0.0)
(45.948589, 32.655556, 0.0)
(45.958946, 32.627975, 0.0)
(45.921467, 32.611561, 0.0)
(45.904106, 32.555241, 0.0)
(45.905743, 32.518986, 0.0)
(45.896137, 32.487385, 0.0)
(45.873577, 32.465069, 0.0)
(45.847645, 32.522327, 0.0)
(45.820633, 32.538116, 0.0)
(45.770634, 32.497997, 0.0)
(45.733429, 32.463531, 0.0)
(44.580368, 31.792875, 0.0)
(44.435776, 31.410192, 0.0)
(44.316074, 31.120878, 0.0)
(44.370663, 31.087357, 0.0)
(44.382576, 31.090246, 0.0)
(44.383030, 31.116766, 0.0)
(44.390251, 31.126820, 0.0)
(44.391819, 31.145920, 0.0)
(44.399239, 31.150585, 0.0)
(44.398014, 31.143812, 0.0)
(44.391529, 31.110907, 0.0)
(44.395195, 31.089069, 0.0)
(44.393974, 31.080757, 0.0)
(44.396080, 31.081240, 0.0)
(44.437160, 31.087852, 0.0)
(44.361641, 31.110847, 0.0)
(44.354492, 31.125435, 0.0)
(44.311432, 31.107452, 0.0)
(42.907429, 30.037834, 0.0)
(43.161572, 28.871094, 0.0)
(43.600941, 28.651346, 0.0)
(43.619122, 28.586725, 0.0)
(43.624695, 28.569901, 0.0)
(43.645912, 28.556923, 0.0)
(43.595047, 28.566593, 0.0)
(43.250332, 28.660980, 0.0)
(43.799007, 28.763123, 0.0)
(44.023487, 28.637033, 0.0)
(44.123558, 28.571907, 0.0)
(44.175308, 28.546844, 0.0)
(44.260330, 28.565243, 0.0)
(44.252277, 28.541164, 0.0)
(44.255451, 28.570494, 0.0)
(43.972824, 28.615799, 0.0)
(43.195320, 28.742260, 0.0)
(43.278999, 29.231239, 0.0)
(43.241470, 29.039614, 0.0)
(43.021751, 28.717793, 0.0)
(43.069004, 28.627090, 0.0)
(43.140926, 28.644678, 0.0)
(43.153992, 28.648108, 0.0)
(43.149792, 28.665934, 0.0)
(43.174053, 28.719658, 0.0)
(43.179050, 28.710838, 0.0)
(43.184044, 28.688753, 0.0)
(43.197083, 28.673019, 0.0)
(43.195171, 28.688480, 0.0)
(43.173660, 28.689514, 0.0)
(43.180408, 28.660690, 0.0)
(43.181702, 28.662432, 0.0)
(43.174232, 28.684114, 0.0)
(43.159924, 28.662285, 0.0)
(43.173809, 28.646929, 0.0)
(43.344997, 29.007095, 0.0)
(43.502441, 30.969093, 0.0)
(43.308472, 32.118610, 0.0)
(44.291813, 34.897793, 0.0)
(45.150726, 37.566132, 0.0)
(45.621140, 38.947010, 0.0)
(45.639381, 39.047832, 0.0)
(45.576641, 39.018948, 0.0)
(45.588898, 38.996571, 0.0)
(45.605946, 38.949745, 0.0)
(45.603970, 38.903549, 0.0)
(45.102520, 39.197796, 0.0)
(45.198978, 39.914036, 0.0)
(45.303028, 38.654919, 0.0)
(45.374035, 38.331894, 0.0)
(45.345284, 38.270855, 0.0)
(45.369522, 38.247066, 0.0)
(45.361095, 38.222076, 0.0)
(45.369827, 38.228115, 0.0)
(45.392448, 38.257938, 0.0)
(45.384480, 38.298485, 0.0)
(45.384678, 38.310154, 0.0)
(45.383186, 38.306770, 0.0)
(45.392372, 38.280693, 0.0)
(44.478401, 36.319050, 0.0)
(43.347317, 33.799561, 0.0)
(43.314785, 33.714016, 0.0)
(43.327084, 33.690865, 0.0)
(43.355766, 33.675423, 0.0)
(43.374798, 33.614155, 0.0)
(43.376419, 33.634327, 0.0)
(43.359718, 33.670776, 0.0)
(43.365448, 33.681267, 0.0)
(43.393681, 33.646336, 0.0)
(43.417515, 33.679638, 0.0)
(43.355778, 33.590046, 0.0)
(39.243530, 33.001579, 0.0)
(35.347382, 33.330593, 0.0)
(33.010803, 30.541862, 0.0)
(33.273098, 30.469044, 0.0)
(33.362362, 30.498379, 0.0)
(33.312454, 30.499580, 0.0)
(33.283409, 30.487150, 0.0)
(32.630787, 30.181086, 0.0)
(32.565006, 30.151072, 0.0)
(32.522575, 30.149633, 0.0)
(32.483501, 30.109289, 0.0)
(32.499493, 30.087599, 0.0)
(32.464874, 30.050631, 0.0)
(32.319721, 29.996691, 0.0)
(32.250084, 29.516535, 0.0)
(32.358219, 29.634497, 0.0)
(32.456329, 29.775984, 0.0)
(32.482319, 29.847874, 0.0)
(32.497337, 29.871290, 0.0)
(32.500542, 29.869436, 0.0)
(32.529922, 29.855925, 0.0)
(32.532780, 29.875357, 0.0)
(32.534500, 29.894278, 0.0)
(32.528168, 29.938627, 0.0)
(32.531761, 29.938005, 0.0)
(32.519691, 29.964231, 0.0)
(32.497601, 29.980360, 0.0)
(32.498413, 29.988272, 0.0)
(32.464737, 29.968342, 0.0)
(32.462910, 29.941113, 0.0)
(32.462910, 29.941113, 0.0)
(32.465935, 29.944214, 0.0)
(32.466175, 29.951614, 0.0)
(32.485218, 29.989368, 0.0)
(32.479397, 29.968117, 0.0)
(33.053699, 30.930410, 0.0)
(35.660847, 35.092850, 0.0)
(37.104027, 38.348236, 0.0)
(37.236546, 38.689770, 0.0)
(37.152851, 38.648014, 0.0)
(37.748558, 38.433792, 0.0)
(37.859776, 38.399738, 0.0)
(37.847664, 38.372475, 0.0)
(37.821835, 38.360741, 0.0)
(37.812962, 38.358803, 0.0)
(37.801979, 38.367760, 0.0)
(37.757492, 38.415432, 0.0)
(37.760445, 38.410236, 0.0)
(37.748539, 38.422798, 0.0)
(37.745567, 38.431023, 0.0)
(37.722603, 38.419640, 0.0)
(37.707760, 38.413620, 0.0)
(37.688900, 38.411831, 0.0)
(37.679890, 38.424465, 0.0)
(37.664509, 38.402725, 0.0)
(37.717865, 38.355042, 0.0)
(38.236835, 36.577759, 0.0)
(38.281223, 36.021187, 0.0)
(38.246552, 36.010502, 0.0)
(38.235676, 36.045708, 0.0)
(38.239437, 36.060017, 0.0)
(38.268421, 36.022457, 0.0)
(38.277256, 36.021774, 0.0)
(38.262024, 35.991081, 0.0)
(38.313553, 35.913345, 0.0)
(38.398628, 34.196613, 0.0)
(38.347153, 33.920780, 0.0)
(38.349510, 33.976971, 0.0)
(38.344185, 33.999969, 0.0)
(38.319721, 34.022621, 0.0)
(38.340660, 34.035706, 0.0)
(38.339706, 34.036434, 0.0)
(38.352367, 33.976986, 0.0)
(38.344807, 33.963501, 0.0)
(38.315548, 33.925835, 0.0)
(38.309013, 33.953217, 0.0)
(38.307236, 33.959335, 0.0)
(38.867027, 33.762310, 0.0)
(41.948208, 32.617329, 0.0)
(43.844379, 31.874580, 0.0)
(44.921780, 31.387379, 0.0)
(45.296394, 31.099524, 0.0)
(45.331470, 31.059566, 0.0)
(45.326111, 31.029917, 0.0)
(45.334827, 31.008955, 0.0)
(45.336910, 30.974670, 0.0)
(45.370346, 30.963795, 0.0)
(45.377911, 30.968815, 0.0)
(45.203941, 30.938780, 0.0)
(45.155437, 30.890501, 0.0)
(45.118134, 30.606726, 0.0)
(45.186440, 30.549160, 0.0)
(45.263241, 30.579926, 0.0)
(45.293255, 30.584616, 0.0)
(45.299820, 30.557150, 0.0)
(45.367157, 30.618114, 0.0)
(45.381336, 30.630329, 0.0)
(45.389633, 30.649937, 0.0)
(45.360897, 30.632977, 0.0)
(45.359806, 30.637323, 0.0)
(45.336536, 30.601717, 0.0)
(45.331501, 30.583153, 0.0)
(45.323502, 30.591513, 0.0)
(45.308453, 30.586584, 0.0)
(45.296501, 30.584745, 0.0)
(45.282703, 30.556034, 0.0)
(45.300468, 30.534430, 0.0)
(45.258179, 30.553656, 0.0)
(45.246689, 30.540915, 0.0)
(45.259830, 30.574953, 0.0)
(45.337566, 32.960079, 0.0)
(45.117012, 35.055717, 0.0)
(45.011337, 35.118706, 0.0)
(44.877979, 34.963573, 0.0)
(44.424328, 35.223114, 0.0)
(44.646221, 36.783207, 0.0)
(44.868217, 36.129684, 0.0)
(44.905315, 35.961792, 0.0)
(44.954643, 35.972027, 0.0)
(44.981236, 35.973015, 0.0)
(45.019188, 36.003563, 0.0)
(45.036739, 35.983807, 0.0)
(45.060211, 35.993290, 0.0)
(45.063477, 35.993706, 0.0)
(45.056881, 35.936966, 0.0)
(45.057907, 35.938091, 0.0)
(45.041294, 35.947701, 0.0)
(45.042149, 35.989338, 0.0)
(45.023544, 36.013134, 0.0)
(45.041603, 36.035709, 0.0)
(45.021503, 35.746239, 0.0)
(45.038719, 35.737591, 0.0)
(45.058022, 35.723465, 0.0)
(45.052425, 35.726475, 0.0)
(45.056820, 35.697453, 0.0)
(45.051300, 35.704163, 0.0)
(45.069897, 35.696285, 0.0)
(45.038807, 35.747143, 0.0)
(45.049171, 35.768230, 0.0)
(45.054188, 35.736774, 0.0)
(45.063210, 35.702663, 0.0)
(45.049576, 35.688728, 0.0)
(45.043427, 35.687969, 0.0)
(45.051327, 35.685665, 0.0)
(45.024437, 35.642216, 0.0)
(45.017159, 35.663803, 0.0)
(44.198673, 35.785618, 0.0)
(40.441093, 36.535645, 0.0)
(37.251072, 37.458912, 0.0)
(36.491520, 37.709095, 0.0)
(36.374420, 37.660324, 0.0)
(36.274826, 37.680676, 0.0)
(35.501537, 38.373859, 0.0)
(35.351589, 38.393780, 0.0)
(35.311939, 38.367462, 0.0)
(35.247349, 38.424755, 0.0)
(35.232044, 38.456394, 0.0)
(35.196507, 38.471012, 0.0)
(35.185104, 38.477306, 0.0)
(35.200607, 38.465237, 0.0)
(35.188110, 38.442623, 0.0)
(35.179695, 38.428764, 0.0)
(35.181538, 38.421181, 0.0)
(35.159866, 38.413925, 0.0)
(35.159641, 38.422398, 0.0)
(35.369633, 38.204536, 0.0)
(35.620075, 37.849869, 0.0)
(35.593773, 37.818138, 0.0)
(35.594685, 37.814697, 0.0)
(35.627693, 37.792126, 0.0)
(35.633781, 37.784386, 0.0)
(35.637070, 37.784615, 0.0)
(35.629337, 37.787285, 0.0)
(35.039974, 38.085705, 0.0)
(34.943920, 38.101765, 0.0)
(34.927681, 38.122932, 0.0)
(34.906765, 38.127716, 0.0)
(34.907112, 38.156395, 0.0)
(34.898972, 38.175201, 0.0)
(34.914459, 38.143734, 0.0)
(34.903671, 38.161777, 0.0)
(34.893124, 38.182102, 0.0)
(34.899464, 38.192238, 0.0)
(34.929863, 38.217125, 0.0)
(35.658993, 35.002338, 0.0)
(36.699921, 30.792824, 0.0)
(36.997974, 29.979750, 0.0)
(36.992844, 29.939379, 0.0)
(36.897755, 29.878313, 0.0)
(38.087013, 28.790245, 0.0)
(38.387543, 27.563557, 0.0)
(38.441319, 27.504799, 0.0)
(38.441906, 27.485455, 0.0)
(38.454269, 27.476881, 0.0)
(38.455673, 27.425039, 0.0)
(38.471859, 27.401705, 0.0)
(38.502613, 27.372528, 0.0)
(38.468884, 27.338934, 0.0)
(38.474857, 27.327700, 0.0)
(38.473988, 27.307692, 0.0)
(38.047501, 27.403128, 0.0)
(37.615433, 27.439909, 0.0)
(38.056492, 27.638269, 0.0)
(38.136936, 27.643518, 0.0)
(38.135372, 27.584318, 0.0)
(38.136047, 27.562979, 0.0)
(38.119076, 27.589615, 0.0)
(38.106342, 27.597090, 0.0)
(38.116852, 27.599148, 0.0)
(38.097157, 27.647001, 0.0)
(38.101341, 27.684391, 0.0)
(38.091251, 27.675993, 0.0)
(38.127296, 27.688135, 0.0)
(38.160763, 27.699448, 0.0)
(38.163448, 27.684637, 0.0)
(38.147640, 27.703615, 0.0)
(38.156548, 27.738077, 0.0)
(38.146305, 27.758184, 0.0)
(38.115623, 27.794523, 0.0)
(38.115379, 27.790995, 0.0)
(38.042149, 27.810915, 0.0)
(34.670944, 30.434412, 0.0)
(31.696337, 33.044777, 0.0)
(30.355833, 34.794556, 0.0)
(30.320551, 34.901482, 0.0)
(29.893456, 34.760387, 0.0)
(29.685417, 36.622162, 0.0)
(30.262005, 35.584724, 0.0)
(30.357275, 34.703770, 0.0)
(30.393236, 34.447823, 0.0)
(30.401161, 34.506634, 0.0)
(30.425762, 34.557083, 0.0)
(30.457130, 34.557293, 0.0)
(30.470194, 34.548828, 0.0)
(30.472364, 34.577827, 0.0)
(30.468882, 34.563431, 0.0)
(29.973057, 35.769043, 0.0)
(30.597973, 35.921417, 0.0)
(30.864508, 35.017151, 0.0)
(30.812000, 34.395359, 0.0)
(30.817619, 34.159546, 0.0)
(30.808195, 34.123394, 0.0)
(30.849569, 34.137566, 0.0)
(30.853737, 34.177567, 0.0)
(30.845926, 34.217464, 0.0)
(30.840233, 34.263550, 0.0)
(30.884840, 34.282475, 0.0)
(30.876278, 34.338810, 0.0)
(30.890173, 34.339851, 0.0)
(30.898905, 34.308346, 0.0)
(30.903463, 34.266529, 0.0)
(30.906059, 34.248188, 0.0)
(30.903740, 34.262470, 0.0)
(30.895533, 34.286945, 0.0)
(30.886818, 34.300247, 0.0)
(30.867617, 34.302689, 0.0)
(31.632677, 34.080734, 0.0)
(36.543549, 32.427998, 0.0)
(40.306114, 31.967352, 0.0)
(42.446686, 32.174187, 0.0)
(42.900948, 32.045803, 0.0)
(43.071163, 32.027515, 0.0)
(43.126316, 31.989281, 0.0)
(43.153229, 31.966957, 0.0)
(43.321751, 31.997755, 0.0)
(43.588905, 32.035606, 0.0)
(43.606571, 32.028866, 0.0)
(43.629311, 32.028587, 0.0)
(43.618801, 32.046154, 0.0)
(43.588638, 32.010685, 0.0)
(43.649448, 31.942495, 0.0)
(43.724129, 31.873550, 0.0)
(43.690426, 31.891205, 0.0)
(43.692406, 31.902388, 0.0)
(43.668118, 31.932329, 0.0)
(43.616760, 31.948984, 0.0)
(43.614273, 31.952467, 0.0)
(43.595074, 31.953175, 0.0)
(43.585743, 31.959829, 0.0)
(43.586178, 31.953926, 0.0)
(43.611183, 31.944540, 0.0)
(43.603981, 31.944307, 0.0)
(43.579063, 31.946007, 0.0)
(43.581650, 31.934164, 0.0)
(43.615997, 31.935678, 0.0)
(43.601646, 31.914274, 0.0)
(43.605789, 31.926764, 0.0)
(43.598938, 31.916462, 0.0)
(43.581329, 31.935308, 0.0)
(43.575119, 31.943008, 0.0)
(43.552998, 31.948200, 0.0)
(43.562046, 31.938763, 0.0)
(43.562935, 31.934385, 0.0)
(43.566662, 31.937668, 0.0)
(40.016476, 30.320286, 0.0)
(38.120369, 30.928507, 0.0)
(38.908062, 28.437469, 0.0)
(39.171124, 28.466547, 0.0)
(39.356991, 28.576126, 0.0)
(39.393490, 28.550283, 0.0)
(39.425232, 28.528309, 0.0)
(39.433342, 28.520649, 0.0)
(39.434254, 28.532747, 0.0)
(40.200466, 30.055161, 0.0)
(40.073055, 30.175449, 0.0)
(40.028744, 30.176132, 0.0)
(40.024223, 30.189514, 0.0)
(40.014912, 30.194538, 0.0)
(40.004112, 30.170177, 0.0)
(39.595009, 29.127024, 0.0)
(39.593719, 28.826361, 0.0)
(39.597317, 28.847433, 0.0)
(39.597317, 28.847433, 0.0)
(39.611301, 28.816824, 0.0)
(39.598953, 28.759340, 0.0)
(39.597248, 28.715094, 0.0)
(39.571747, 28.678604, 0.0)
(39.218132, 29.287350, 0.0)
(39.134449, 29.654692, 0.0)
(39.124695, 29.742357, 0.0)
(39.146610, 29.718859, 0.0)
(39.155972, 29.723928, 0.0)
(39.123531, 29.691257, 0.0)
(39.133743, 29.692266, 0.0)
(39.131359, 29.669500, 0.0)
(39.116482, 29.675249, 0.0)
(39.104694, 29.690241, 0.0)
(39.102501, 29.754007, 0.0)
(39.095276, 29.767080, 0.0)
(37.416721, 30.779648, 0.0)
(33.857540, 33.290421, 0.0)
(32.551178, 34.111786, 0.0)
(32.371571, 34.107880, 0.0)
(32.330723, 34.081680, 0.0)
(32.800636, 33.465302, 0.0)
(32.779797, 33.416405, 0.0)
(32.758762, 33.465248, 0.0)
(32.707321, 33.499744, 0.0)
(32.693642, 33.540531, 0.0)
(32.685238, 33.538918, 0.0)
(32.686634, 33.508358, 0.0)
(32.701008, 33.479103, 0.0)
(32.679344, 33.440960, 0.0)
(32.669670, 33.427242, 0.0)
(32.665119, 33.412220, 0.0)
(32.665119, 33.412220, 0.0)
(32.632954, 33.440487, 0.0)
(32.645687, 33.459545, 0.0)
(32.631268, 33.472057, 0.0)
(32.630650, 33.453358, 0.0)
(32.556404, 33.321411, 0.0)
(32.429142, 33.296654, 0.0)
(32.071827, 33.044392, 0.0)
(32.348591, 32.968578, 0.0)
(32.428463, 33.011040, 0.0)
(32.378632, 33.033901, 0.0)
(32.390957, 33.036671, 0.0)
(32.369312, 33.082855, 0.0)
(32.367424, 33.101685, 0.0)
(32.427036, 33.076572, 0.0)
(32.928635, 33.051113, 0.0)
(32.977345, 33.031555, 0.0)
(32.970001, 33.028561, 0.0)
(32.994633, 33.017857, 0.0)
(32.994167, 33.031555, 0.0)
(32.987396, 33.053745, 0.0)
(32.970093, 33.090836, 0.0)
(33.486591, 32.971386, 0.0)
(38.308079, 32.256191, 0.0)
(39.628395, 32.252941, 0.0)
(39.817497, 32.254913, 0.0)
(39.801182, 32.264214, 0.0)
(39.833469, 32.267380, 0.0)
(39.855911, 32.271126, 0.0)
(39.856781, 32.251831, 0.0)
(39.856499, 32.213799, 0.0)
(39.867992, 32.192791, 0.0)
(39.838806, 32.159332, 0.0)
(39.833389, 32.134682, 0.0)
(39.854736, 32.139801, 0.0)
(39.880684, 32.139114, 0.0)
(39.919155, 32.161507, 0.0)
(39.900429, 32.168331, 0.0)
(39.910492, 32.135834, 0.0)
(39.939270, 32.117054, 0.0)
(39.925682, 32.103001, 0.0)
(39.896763, 32.047756, 0.0)
(39.776482, 31.925837, 0.0)
(39.170799, 31.594198, 0.0)
(39.337696, 31.347319, 0.0)
(39.386929, 31.292221, 0.0)
(39.425968, 31.340954, 0.0)
(39.435024, 31.345963, 0.0)
(39.454136, 31.367559, 0.0)
(39.453667, 31.383137, 0.0)
(39.457104, 31.393337, 0.0)
(39.459156, 31.443232, 0.0)
(39.453079, 31.476490, 0.0)
(39.429398, 31.536469, 0.0)
(39.436207, 31.567543, 0.0)
(39.435791, 31.552006, 0.0)
(39.427074, 31.575617, 0.0)
(39.414852, 31.573669, 0.0)
(39.417629, 31.558865, 0.0)
(39.427116, 31.547066, 0.0)
(39.550438, 31.554115, 0.0)
(42.688499, 31.354631, 0.0)
(44.276108, 31.042875, 0.0)
(44.532101, 30.985025, 0.0)
(44.583027, 30.961006, 0.0)
(44.621132, 30.941706, 0.0)
(44.638103, 30.922337, 0.0)
(44.642025, 30.896332, 0.0)
(44.662289, 30.864170, 0.0)
(44.644073, 30.822134, 0.0)
(44.659275, 30.850090, 0.0)
(44.631371, 30.811546, 0.0)
(44.538574, 30.795956, 0.0)
(44.162781, 30.649979, 0.0)
(44.043373, 30.413027, 0.0)
(44.060658, 30.378174, 0.0)
(44.297047, 30.474691, 0.0)
(44.362061, 30.539764, 0.0)
(44.415798, 30.556540, 0.0)
(44.429852, 30.580727, 0.0)
(44.444763, 30.630741, 0.0)
(44.439137, 30.612587, 0.0)
(44.391747, 30.638037, 0.0)
(43.762928, 30.342564, 0.0)
(43.274937, 30.345562, 0.0)
(43.692574, 30.662741, 0.0)
(43.867878, 30.722878, 0.0)
(43.954769, 30.758858, 0.0)
(43.988102, 30.780781, 0.0)
(43.992043, 30.815758, 0.0)
(43.993488, 30.822206, 0.0)
(44.020172, 30.788860, 0.0)
(44.030815, 30.770412, 0.0)
(44.029327, 30.753109, 0.0)
(44.041882, 30.732561, 0.0)
(44.043610, 30.728724, 0.0)
(44.045105, 30.724369, 0.0)
(44.029560, 30.745472, 0.0)
(43.552448, 30.765703, 0.0)
(39.941223, 30.888857, 0.0)
(38.744366, 30.957380, 0.0)
(38.597591, 30.923330, 0.0)
(38.587799, 30.892887, 0.0)
(38.575508, 30.860250, 0.0)
(38.566475, 30.848310, 0.0)
(38.547009, 30.851185, 0.0)
(37.002647, 33.139462, 0.0)
(35.778915, 35.332108, 0.0)
(35.492935, 35.472950, 0.0)
(35.462658, 35.407547, 0.0)
(35.431744, 35.378761, 0.0)
(35.387863, 35.344360, 0.0)
(32.695908, 36.029522, 0.0)
(29.820496, 36.917080, 0.0)
(29.477758, 37.010002, 0.0)
(29.424709, 37.023811, 0.0)
(29.410599, 37.012871, 0.0)
(29.344248, 37.021488, 0.0)
(29.328651, 37.003803, 0.0)
(29.297285, 36.992462, 0.0)
(29.257721, 36.915794, 0.0)
(29.245180, 36.900898, 0.0)
(29.230692, 36.922352, 0.0)
(29.206919, 36.932014, 0.0)
(28.832254, 37.374401, 0.0)
(28.801867, 37.403812, 0.0)
(28.789879, 37.374958, 0.0)
(28.787249, 37.364960, 0.0)
(28.779724, 37.337513, 0.0)
(28.767780, 37.317017, 0.0)
(28.773630, 37.291843, 0.0)
(28.761108, 37.253273, 0.0)
(28.767542, 37.274193, 0.0)
(28.769743, 37.301739, 0.0)
(28.760202, 37.332634, 0.0)
(28.791416, 37.321400, 0.0)
(28.914145, 37.252457, 0.0)
(33.490753, 35.312275, 0.0)
(38.152210, 34.943619, 0.0)
(39.331944, 34.956734, 0.0)
(39.471466, 34.936382, 0.0)
(39.452003, 34.911690, 0.0)
(39.507702, 34.927029, 0.0)
(39.828865, 34.703575, 0.0)
(39.936855, 34.633644, 0.0)
(39.940113, 34.626507, 0.0)
(39.954556, 34.661804, 0.0)
(39.957245, 34.636192, 0.0)
(39.963669, 34.622086, 0.0)
(39.980431, 34.653728, 0.0)
(40.000610, 34.590084, 0.0)
(39.996548, 34.556145, 0.0)
(39.988827, 34.567078, 0.0)
(39.993938, 34.569405, 0.0)
(39.981747, 34.620155, 0.0)
(39.964748, 34.572014, 0.0)
(39.949398, 34.471615, 0.0)
(39.979359, 34.506962, 0.0)
(39.991665, 34.482811, 0.0)
(39.993443, 34.470036, 0.0)
(40.004307, 34.480846, 0.0)
(40.001797, 34.472889, 0.0)
(39.994419, 34.475067, 0.0)
(39.971992, 34.471478, 0.0)
(39.957687, 34.504551, 0.0)
(39.946228, 34.543400, 0.0)
(39.939281, 34.544819, 0.0)
(39.966835, 34.540127, 0.0)
(39.958145, 34.512161, 0.0)
(39.955830, 34.489929, 0.0)
(39.959896, 34.492580, 0.0)
(39.959461, 34.467503, 0.0)
(39.949097, 34.502251, 0.0)
(39.934444, 34.494659, 0.0)
(41.165207, 35.865231, 0.0)
(43.315971, 37.964355, 0.0)
(43.576576, 38.187428, 0.0)
(43.590260, 38.213825, 0.0)
(43.605602, 38.191124, 0.0)
(43.608540, 38.186195, 0.0)
(43.641617, 38.168941, 0.0)
(43.641617, 38.168941, 0.0)
(43.644009, 38.202087, 0.0)
(43.653618, 38.218594, 0.0)
(43.649021, 38.261921, 0.0)
(43.672413, 38.237240, 0.0)
(43.679852, 38.178085, 0.0)
(43.679852, 38.178085, 0.0)
(43.680069, 38.172028, 0.0)
(43.678158, 38.156139, 0.0)
(43.679939, 38.151852, 0.0)
(43.660030, 38.177776, 0.0)
(43.654892, 38.172363, 0.0)
(43.636833, 38.216244, 0.0)
(43.621883, 38.224503, 0.0)
(43.642399, 38.169052, 0.0)
(43.655540, 38.155277, 0.0)
(43.639580, 38.137188, 0.0)
(43.633347, 38.118557, 0.0)
(43.634983, 38.127064, 0.0)
(43.498333, 37.950306, 0.0)
(43.295765, 36.577740, 0.0)
(43.259216, 36.421482, 0.0)
(43.239521, 36.413208, 0.0)
(43.232452, 36.361538, 0.0)
(43.246780, 36.338150, 0.0)
(43.263809, 36.309479, 0.0)
(43.282814, 36.365147, 0.0)
(43.314137, 36.381367, 0.0)
(43.306793, 36.410450, 0.0)
(43.316910, 36.427231, 0.0)
(43.310242, 36.375370, 0.0)
(43.306892, 36.352215, 0.0)
(43.323242, 36.339245, 0.0)
(43.292599, 36.351883, 0.0)
(43.293018, 36.378994, 0.0)
(43.306713, 36.378208, 0.0)
(43.308666, 36.383911, 0.0)
(43.378017, 36.814968, 0.0)
(43.327248, 38.358410, 0.0)
(43.243763, 38.469307, 0.0)
(43.217468, 38.412308, 0.0)
(43.194298, 38.416447, 0.0)
(43.182217, 38.426193, 0.0)
(43.166142, 38.458370, 0.0)
(43.120998, 38.437233, 0.0)
(43.129448, 38.457890, 0.0)
(43.134216, 38.821831, 0.0)
(43.129284, 38.819118, 0.0)
(43.129536, 38.788902, 0.0)
(43.142830, 38.706451, 0.0)
(43.133190, 38.701729, 0.0)
(43.123905, 38.717319, 0.0)
(43.117401, 38.746311, 0.0)
(43.101360, 38.786434, 0.0)
(43.110973, 38.808243, 0.0)
(43.118473, 38.817444, 0.0)
(43.114075, 38.805744, 0.0)
(43.108440, 38.796314, 0.0)
(43.122772, 38.751236, 0.0)
(43.121296, 38.747341, 0.0)
(43.116524, 38.747482, 0.0)
(43.109619, 38.774837, 0.0)
(43.101006, 38.781017, 0.0)
(43.094448, 38.771046, 0.0)
(43.093330, 38.811310, 0.0)
(43.099358, 38.777580, 0.0)
(43.108181, 38.742359, 0.0)
(43.111607, 38.734924, 0.0)
(43.097366, 38.708290, 0.0)
(43.113979, 38.689396, 0.0)
(43.087513, 38.745380, 0.0)
(43.083332, 38.775696, 0.0)
(43.072254, 38.807693, 0.0)
(42.075493, 38.853691, 0.0)
(41.819164, 38.777988, 0.0)
(41.838779, 38.725594, 0.0)
(41.842842, 38.706799, 0.0)
(41.836475, 38.665997, 0.0)
(41.838886, 38.658440, 0.0)
(41.844093, 38.650585, 0.0)
(41.817467, 38.667442, 0.0)
(41.825813, 38.702271, 0.0)
(41.825279, 38.740654, 0.0)
(41.817852, 38.680428, 0.0)
