{
  "prompt": "black pupil.",
  "gsam2_centers": [
    {
      "valid": true,
      "cx": 222.02,
      "cy": 132.89,
      "area": 1141,
      "det_score": 0.4669,
      "sam_score": 0.9694,
      "box": [
        202.7,
        112.9,
        242.7,
        153.1
      ],
      "repeats": [
        [
          221.98,
          132.93
        ],
        [
          222.14,
          133.0
        ],
        [
          222.08,
          132.99
        ],
        [
          222.09,
          133.05
        ],
        [
          223.2,
          132.99
        ]
      ],
      "idx": 605,
      "mislabel": false,
      "mislabel_reason": "ok",
      "e_unet": 0.67
    },
    {
      "valid": true,
      "cx": 222.11,
      "cy": 133.01999999999998,
      "area": 1113,
      "det_score": 0.4881,
      "sam_score": 0.9699,
      "box": [
        202.9,
        113.1,
        242.5,
        152.9
      ],
      "repeats": [
        [
          222.04,
          132.95
        ],
        [
          222.15,
          133.11
        ],
        [
          222.08,
          132.98000000000002
        ],
        [
          222.15,
          132.94
        ],
        [
          223.3,
          133.09
        ]
      ],
      "idx": 606,
      "mislabel": false,
      "mislabel_reason": "ok",
      "e_unet": 0.81
    },
    {
      "valid": true,
      "cx": 222.13,
      "cy": 133.16,
      "area": 1093,
      "det_score": 0.4698,
      "sam_score": 0.9686,
      "box": [
        203.2,
        113.2,
        242.4,
        152.7
      ],
      "repeats": [
        [
          222.05,
          133.03
        ],
        [
          222.2,
          133.22
        ],
        [
          222.18,
          133.16
        ],
        [
          222.18,
          133.04000000000002
        ],
        [
          223.32,
          133.23000000000002
        ]
      ],
      "idx": 607,
      "mislabel": false,
      "mislabel_reason": "ok",
      "e_unet": 0.92
    },
    {
      "valid": true,
      "cx": 222.28,
      "cy": 133.2,
      "area": 1073,
      "det_score": 0.4499,
      "sam_score": 0.9688,
      "box": [
        203.5,
        113.3,
        242.3,
        152.5
      ],
      "repeats": [
        [
          222.24,
          133.09
        ],
        [
          222.31,
          133.24
        ],
        [
          222.31,
          133.18
        ],
        [
          222.33,
          133.05
        ],
        [
          223.39,
          133.20999999999998
        ]
      ],
      "idx": 608,
      "mislabel": false,
      "mislabel_reason": "ok",
      "e_unet": 0.88
    },
    {
      "valid": true,
      "cx": 222.36,
      "cy": 133.15,
      "area": 1059,
      "det_score": 0.4498,
      "sam_score": 0.9684,
      "box": [
        203.7,
        113.2,
        242.3,
        152.2
      ],
      "repeats": [
        [
          222.33,
          133.04000000000002
        ],
        [
          222.41,
          133.19
        ],
        [
          222.4,
          133.1
        ],
        [
          222.43,
          133.07999999999998
        ],
        [
          223.45999999999998,
          133.11
        ]
      ],
      "idx": 609,
      "mislabel": false,
      "mislabel_reason": "ok",
      "e_unet": 0.83
    },
    {
      "valid": true,
      "cx": 222.45,
      "cy": 133.11,
      "area": 1051,
      "det_score": 0.4622,
      "sam_score": 0.9687,
      "box": [
        203.9,
        113.2,
        242.3,
        152.0
      ],
      "repeats": [
        [
          222.42,
          133.03
        ],
        [
          222.5,
          133.18
        ],
        [
          222.46,
          133.06
        ],
        [
          222.47,
          133.06
        ],
        [
          223.57,
          133.13
        ]
      ],
      "idx": 610,
      "mislabel": false,
      "mislabel_reason": "ok",
      "e_unet": 0.82
    },
    {
      "valid": true,
      "cx": 223.04,
      "cy": 133.14,
      "area": 1037,
      "det_score": 0.4234,
      "sam_score": 0.969,
      "box": [
        204.7,
        113.5,
        242.7,
        152.0
      ],
      "repeats": [
        [
          223.03,
          133.06
        ],
        [
          223.06,
          133.17000000000002
        ],
        [
          223.06,
          133.13
        ],
        [
          223.03,
          133.0
        ],
        [
          224.20999999999998,
          133.18
        ]
      ],
      "idx": 611,
      "mislabel": false,
      "mislabel_reason": "ok",
      "e_unet": 0.88
    },
    {
      "valid": true,
      "cx": 198.24,
      "cy": 154.84,
      "area": 3827,
      "det_score": 0.221,
      "sam_score": 0.8876,
      "box": [
        103.7,
        132.2,
        261.7,
        178.1
      ],
      "repeats": [
        [
          195.51,
          154.28
        ],
        [
          195.89,
          154.81
        ],
        [
          198.18,
          154.79
        ],
        [
          196.28,
          154.52
        ],
        [
          198.74,
          154.89
        ]
      ],
      "idx": 612,
      "mislabel": true,
      "mislabel_reason": "unet_xcheck",
      "e_unet": 21.63
    },
    {
      "valid": false,
      "reason": "no_detection",
      "idx": 613,
      "mislabel": false,
      "mislabel_reason": "invalid",
      "e_unet": null
    },
    {
      "valid": true,
      "cx": 224.04,
      "cy": 137.95,
      "area": 626,
      "det_score": 0.3381,
      "sam_score": 0.9567,
      "box": [
        206.4,
        124.7,
        241.0,
        150.9
      ],
      "repeats": [
        [
          223.69,
          137.84
        ],
        [
          224.03,
          137.93
        ],
        [
          223.94,
          137.81
        ],
        [
          224.1,
          138.01
        ],
        [
          225.25,
          137.89
        ]
      ],
      "idx": 614,
      "mislabel": false,
      "mislabel_reason": "ok",
      "e_unet": 0.83
    },
    {
      "valid": true,
      "cx": 223.82,
      "cy": 134.26999999999998,
      "area": 935,
      "det_score": 0.3755,
      "sam_score": 0.9617,
      "box": [
        204.6,
        117.7,
        243.8,
        151.4
      ],
      "repeats": [
        [
          223.36,
          133.95
        ],
        [
          223.78,
          134.22
        ],
        [
          223.75,
          133.98000000000002
        ],
        [
          223.73,
          133.97
        ],
        [
          224.61,
          134.01
        ]
      ],
      "idx": 615,
      "mislabel": false,
      "mislabel_reason": "ok",
      "e_unet": 0.58
    }
  ]
}