{
  "prompt": "black pupil.",
  "gsam2_centers": [
    {
      "valid": true,
      "cx": 89.41,
      "cy": 163.96,
      "area": 841,
      "det_score": 0.2554,
      "sam_score": 0.9686,
      "box": [
        75.7,
        143.8,
        103.8,
        184.8
      ],
      "repeats": [
        [
          89.15,
          164.08
        ],
        [
          89.5,
          163.83
        ],
        [
          89.49,
          163.83
        ],
        [
          89.37,
          164.0
        ],
        [
          90.33000000000001,
          164.17
        ]
      ],
      "idx": 1205,
      "mislabel": false,
      "mislabel_reason": "ok",
      "e_unet": 1.03
    },
    {
      "valid": true,
      "cx": 89.13,
      "cy": 162.03,
      "area": 835,
      "det_score": 0.2512,
      "sam_score": 0.9658,
      "box": [
        75.2,
        141.8,
        103.6,
        182.9
      ],
      "repeats": [
        [
          89.04,
          161.98
        ],
        [
          89.22,
          162.09
        ],
        [
          89.29,
          161.99
        ],
        [
          89.3,
          161.94
        ],
        [
          90.34,
          162.01
        ]
      ],
      "idx": 1206,
      "mislabel": false,
      "mislabel_reason": "ok",
      "e_unet": 1.05
    },
    {
      "valid": true,
      "cx": 89.13,
      "cy": 161.74,
      "area": 823,
      "det_score": 0.2518,
      "sam_score": 0.9666,
      "box": [
        75.3,
        142.0,
        103.4,
        182.5
      ],
      "repeats": [
        [
          88.88,
          161.94
        ],
        [
          89.21,
          161.87
        ],
        [
          89.1,
          161.83
        ],
        [
          89.16,
          161.79
        ],
        [
          90.1,
          161.95
        ]
      ],
      "idx": 1207,
      "mislabel": false,
      "mislabel_reason": "ok",
      "e_unet": 1.0
    },
    {
      "valid": true,
      "cx": 88.96000000000001,
      "cy": 161.95,
      "area": 804,
      "det_score": 0.2545,
      "sam_score": 0.9663,
      "box": [
        75.3,
        142.3,
        103.3,
        182.3
      ],
      "repeats": [
        [
          88.82,
          162.1
        ],
        [
          89.03,
          161.99
        ],
        [
          89.16,
          161.91
        ],
        [
          89.12,
          161.79
        ],
        [
          90.06,
          162.08
        ]
      ],
      "idx": 1208,
      "mislabel": false,
      "mislabel_reason": "ok",
      "e_unet": 1.09
    },
    {
      "valid": true,
      "cx": 88.89,
      "cy": 161.9,
      "area": 791,
      "det_score": 0.2538,
      "sam_score": 0.966,
      "box": [
        75.3,
        142.4,
        103.1,
        181.9
      ],
      "repeats": [
        [
          88.8,
          161.85
        ],
        [
          88.97999999999999,
          161.96
        ],
        [
          88.94,
          161.94
        ],
        [
          89.07,
          161.75
        ],
        [
          90.08000000000001,
          161.89
        ]
      ],
      "idx": 1209,
      "mislabel": false,
      "mislabel_reason": "ok",
      "e_unet": 1.22
    },
    {
      "valid": true,
      "cx": 88.91,
      "cy": 161.88,
      "area": 774,
      "det_score": 0.2608,
      "sam_score": 0.9655,
      "box": [
        75.5,
        142.6,
        103.1,
        181.6
      ],
      "repeats": [
        [
          88.85,
          161.9
        ],
        [
          88.91,
          161.93
        ],
        [
          88.91,
          161.87
        ],
        [
          89.0,
          161.78
        ],
        [
          90.0,
          161.82
        ]
      ],
      "idx": 1210,
      "mislabel": false,
      "mislabel_reason": "ok",
      "e_unet": 1.14
    },
    {
      "valid": true,
      "cx": 88.88,
      "cy": 161.85,
      "area": 769,
      "det_score": 0.2831,
      "sam_score": 0.966,
      "box": [
        75.6,
        142.6,
        103.1,
        181.5
      ],
      "repeats": [
        [
          88.84,
          161.88
        ],
        [
          88.88,
          161.91
        ],
        [
          88.99000000000001,
          161.81
        ],
        [
          89.04,
          161.68
        ],
        [
          90.06,
          161.81
        ]
      ],
      "idx": 1211,
      "mislabel": false,
      "mislabel_reason": "ok",
      "e_unet": 0.99
    },
    {
      "valid": true,
      "cx": 89.02,
      "cy": 161.94,
      "area": 765,
      "det_score": 0.2667,
      "sam_score": 0.9656,
      "box": [
        75.8,
        142.9,
        103.0,
        181.5
      ],
      "repeats": [
        [
          88.89,
          162.02
        ],
        [
          89.03,
          162.02
        ],
        [
          89.04,
          161.96
        ],
        [
          89.24,
          161.75
        ],
        [
          90.08000000000001,
          161.91
        ]
      ],
      "idx": 1212,
      "mislabel": false,
      "mislabel_reason": "ok",
      "e_unet": 0.98
    },
    {
      "valid": true,
      "cx": 89.25,
      "cy": 161.78,
      "area": 762,
      "det_score": 0.2719,
      "sam_score": 0.966,
      "box": [
        75.9,
        142.9,
        103.1,
        181.5
      ],
      "repeats": [
        [
          88.97999999999999,
          162.01
        ],
        [
          89.33,
          161.91
        ],
        [
          89.3,
          161.78
        ],
        [
          89.32,
          161.7
        ],
        [
          90.13999999999999,
          161.93
        ]
      ],
      "idx": 1213,
      "mislabel": false,
      "mislabel_reason": "ok",
      "e_unet": 0.99
    },
    {
      "valid": true,
      "cx": 89.47,
      "cy": 161.83,
      "area": 758,
      "det_score": 0.2906,
      "sam_score": 0.9652,
      "box": [
        76.0,
        143.0,
        103.1,
        181.5
      ],
      "repeats": [
        [
          89.01,
          162.1
        ],
        [
          89.52,
          161.92
        ],
        [
          89.4,
          161.94
        ],
        [
          89.4,
          161.9
        ],
        [
          90.30000000000001,
          162.02
        ]
      ],
      "idx": 1214,
      "mislabel": false,
      "mislabel_reason": "ok",
      "e_unet": 1.19
    },
    {
      "valid": true,
      "cx": 89.4,
      "cy": 161.97,
      "area": 763,
      "det_score": 0.2803,
      "sam_score": 0.9646,
      "box": [
        76.0,
        143.2,
        103.2,
        181.5
      ],
      "repeats": [
        [
          89.11,
          162.14
        ],
        [
          89.4,
          162.02
        ],
        [
          89.39,
          162.02
        ],
        [
          89.32,
          162.0
        ],
        [
          90.30000000000001,
          162.18
        ]
      ],
      "idx": 1215,
      "mislabel": false,
      "mislabel_reason": "ok",
      "e_unet": 1.14
    }
  ]
}