(33.243580, 25.403643, 0.0)
(33.138561, 24.364420, 0.0)
(33.649342, 24.416485, 0.0)
(34.426025, 24.773378, 0.0)
(34.499020, 24.881119, 0.0)
(34.490559, 24.795267, 0.0)
(34.525024, 24.834570, 0.0)
(34.559273, 24.868456, 0.0)
(34.544930, 24.864029, 0.0)
(34.563133, 24.845778, 0.0)
(34.581612, 24.838163, 0.0)
(34.577133, 24.830252, 0.0)
(34.624630, 24.819656, 0.0)
(34.636070, 24.790619, 0.0)
(34.638901, 24.763334, 0.0)
(34.684452, 24.764610, 0.0)
(34.932766, 24.797224, 0.0)
(34.976967, 24.765444, 0.0)
(34.963917, 24.775602, 0.0)
(34.811783, 24.778332, 0.0)
(34.643562, 24.794676, 0.0)
(34.633583, 24.788994, 0.0)
(34.626968, 24.766090, 0.0)
(34.625984, 24.753593, 0.0)
(34.633583, 24.788994, 0.0)
(34.634911, 24.828917, 0.0)
(34.806255, 24.835060, 0.0)
(34.832577, 24.859112, 0.0)
(34.809090, 24.840260, 0.0)
(34.802582, 24.845287, 0.0)
(34.778118, 24.837442, 0.0)
(34.765774, 24.830185, 0.0)
(34.770046, 24.862926, 0.0)
(34.771103, 24.867992, 0.0)
(34.760788, 24.855122, 0.0)
(34.760788, 24.855122, 0.0)
(34.752686, 24.889294, 0.0)
(34.755833, 24.879217, 0.0)
(34.765419, 24.844858, 0.0)
(34.769108, 24.861084, 0.0)
(34.761307, 24.853846, 0.0)
(34.761307, 24.853846, 0.0)
(34.776966, 24.855612, 0.0)
(34.762775, 24.814461, 0.0)
(34.764778, 24.805840, 0.0)
(34.762459, 24.808727, 0.0)
(34.766846, 24.807035, 0.0)
(34.771217, 24.809364, 0.0)
(34.759541, 24.822437, 0.0)
(34.751862, 24.815773, 0.0)
(34.532303, 24.775711, 0.0)
(34.518478, 24.790340, 0.0)
(34.518204, 24.774305, 0.0)
(34.511662, 24.766003, 0.0)
(34.510643, 24.764620, 0.0)
(34.537472, 24.818821, 0.0)
(34.536335, 24.828436, 0.0)
(34.640129, 24.768423, 0.0)
(34.603508, 24.754240, 0.0)
(34.542130, 25.555414, 0.0)
(34.435108, 24.566984, 0.0)
(34.499489, 24.482353, 0.0)
(34.506771, 24.546040, 0.0)
(34.528507, 24.596764, 0.0)
(34.541328, 24.651487, 0.0)
(34.527363, 24.637470, 0.0)
(34.746162, 24.673435, 0.0)
(34.754902, 24.742676, 0.0)
(34.752224, 24.757917, 0.0)
(34.703056, 24.791330, 0.0)
(34.681610, 24.799896, 0.0)
(34.691422, 24.789846, 0.0)
(34.597599, 24.840240, 0.0)
(34.553665, 24.822037, 0.0)
(34.564827, 24.785189, 0.0)
(34.582977, 24.792767, 0.0)
(34.571857, 24.797470, 0.0)
(34.577435, 24.816397, 0.0)
(34.580879, 24.821587, 0.0)
(34.646286, 24.791271, 0.0)
(34.697853, 24.781992, 0.0)
(34.693558, 24.750589, 0.0)
(34.694263, 24.775225, 0.0)
(34.691853, 24.795124, 0.0)
(34.694530, 24.801893, 0.0)
(34.683880, 24.799761, 0.0)
(34.695293, 24.803734, 0.0)
(34.695499, 24.797829, 0.0)
(34.703979, 24.784466, 0.0)
(34.718670, 24.773451, 0.0)
(34.696072, 24.814629, 0.0)
(34.683880, 24.799761, 0.0)
(34.685478, 24.822021, 0.0)
(34.687939, 24.830357, 0.0)
(34.692047, 24.831758, 0.0)
(34.676903, 24.800459, 0.0)
(34.692356, 24.792707, 0.0)
(34.679726, 24.808727, 0.0)
(34.671841, 24.839560, 0.0)
(34.647339, 24.832451, 0.0)
(34.627754, 24.834858, 0.0)
(34.623516, 24.871759, 0.0)
(34.633774, 24.857309, 0.0)
(34.633850, 24.851793, 0.0)
(34.609798, 24.830454, 0.0)
(34.610077, 24.836378, 0.0)
(34.616066, 24.835119, 0.0)
(34.603703, 24.833586, 0.0)
(34.603703, 24.833586, 0.0)
(34.611465, 24.818295, 0.0)
(34.609180, 24.819340, 0.0)
(34.595760, 24.813950, 0.0)
(34.600006, 24.794703, 0.0)
(34.600006, 24.794703, 0.0)
(34.612755, 24.842636, 0.0)
(34.583408, 24.816259, 0.0)
(34.572468, 24.807253, 0.0)
(34.571255, 24.812307, 0.0)
(34.583408, 24.816259, 0.0)
(34.579697, 24.817905, 0.0)
(34.575630, 24.811152, 0.0)
(34.584064, 24.836596, 0.0)
(34.598610, 24.852024, 0.0)
(34.579319, 24.822584, 0.0)
(34.579842, 24.835583, 0.0)
(34.594681, 24.861116, 0.0)
(34.596294, 24.850504, 0.0)
(34.596294, 24.850504, 0.0)
(34.598648, 24.860678, 0.0)
(34.603874, 24.876221, 0.0)
(34.604980, 24.859797, 0.0)
(34.626656, 24.864180, 0.0)
(34.627201, 24.833588, 0.0)
(34.624634, 24.826117, 0.0)
(34.633118, 24.803167, 0.0)
(34.646248, 24.802952, 0.0)
(34.691624, 24.833366, 0.0)
(34.693165, 24.843561, 0.0)
(34.693165, 24.843561, 0.0)
(34.694645, 24.836924, 0.0)
(34.620365, 24.828501, 0.0)
(34.628628, 24.833460, 0.0)
(34.645584, 24.827114, 0.0)
(34.649364, 24.830946, 0.0)
(34.668316, 24.844627, 0.0)
(34.651726, 24.850672, 0.0)
(34.655003, 24.862942, 0.0)
(34.639317, 24.850433, 0.0)
(34.640289, 24.882963, 0.0)
(34.636429, 24.870955, 0.0)
(34.629776, 24.860655, 0.0)
(34.612225, 24.857611, 0.0)
(34.609066, 24.848150, 0.0)
(34.608284, 24.890621, 0.0)
(34.609200, 24.885523, 0.0)
(34.615612, 24.899960, 0.0)
(34.611134, 24.911697, 0.0)
(34.617294, 24.911108, 0.0)
(34.618988, 24.922333, 0.0)
(34.627743, 24.920837, 0.0)
(34.638985, 24.939295, 0.0)
(34.619125, 24.917679, 0.0)
(34.643478, 24.910070, 0.0)
(34.647251, 24.893028, 0.0)
(34.645485, 24.878363, 0.0)
(34.629864, 24.855438, 0.0)
(34.643200, 24.883556, 0.0)
(34.658104, 24.908424, 0.0)
(34.635998, 24.923719, 0.0)
(34.634544, 24.940290, 0.0)
(34.614555, 24.923290, 0.0)
(34.621487, 24.927320, 0.0)
(34.620266, 24.932112, 0.0)
(34.612877, 24.912043, 0.0)
(34.618988, 24.922333, 0.0)
(34.617355, 24.904068, 0.0)
(34.608093, 24.902996, 0.0)
(34.618649, 24.924259, 0.0)
(34.611431, 24.917093, 0.0)
(34.608864, 24.926924, 0.0)
(36.499462, 25.872696, 0.0)
(39.319183, 27.500055, 0.0)
(41.411400, 29.059958, 0.0)
(42.323746, 29.939566, 0.0)
(42.417038, 30.084406, 0.0)
(42.319611, 30.007574, 0.0)
(42.309853, 29.995670, 0.0)
(42.846329, 30.733583, 0.0)
(42.840820, 30.763952, 0.0)
(42.799686, 30.732378, 0.0)
(42.781525, 30.721876, 0.0)
(42.766510, 30.734732, 0.0)
(42.764057, 30.748251, 0.0)
(42.730427, 30.730536, 0.0)
(42.705944, 30.718977, 0.0)
(42.690090, 30.677095, 0.0)
(42.691261, 30.609955, 0.0)
(42.690243, 30.593666, 0.0)
(42.685219, 30.579082, 0.0)
(42.686764, 30.591982, 0.0)
(42.677074, 30.590374, 0.0)
(42.668015, 30.612751, 0.0)
(42.638367, 30.619476, 0.0)
(42.638191, 30.585733, 0.0)
(42.634335, 30.583614, 0.0)
(42.626572, 30.573294, 0.0)
(42.608913, 30.557352, 0.0)
(42.616447, 30.587013, 0.0)
(42.664078, 30.581797, 0.0)
(42.167774, 26.632908, 0.0)
(41.726463, 23.892887, 0.0)
(41.667152, 23.679464, 0.0)
(41.673512, 23.706100, 0.0)
(41.687004, 23.703703, 0.0)
(41.699623, 23.700945, 0.0)
(41.703056, 23.639425, 0.0)
(40.717102, 21.695761, 0.0)
(40.356926, 20.760075, 0.0)
(40.333591, 20.746031, 0.0)
(40.357601, 20.823553, 0.0)
(40.365417, 20.818060, 0.0)
(40.407963, 20.869743, 0.0)
(41.244431, 21.067657, 0.0)
(42.048370, 21.421293, 0.0)
(42.130669, 21.493839, 0.0)
(42.117046, 21.485111, 0.0)
(42.124565, 21.440960, 0.0)
(42.083633, 21.426714, 0.0)
(42.078262, 21.433619, 0.0)
(42.067181, 21.448996, 0.0)
(42.071056, 21.469870, 0.0)
(42.062428, 21.473303, 0.0)
(42.057896, 21.459167, 0.0)
(42.035923, 21.454052, 0.0)
(42.016048, 21.476004, 0.0)
(42.031178, 21.454485, 0.0)
(42.026894, 21.496553, 0.0)
(41.993561, 21.461378, 0.0)
(42.018730, 21.491718, 0.0)
(41.997524, 21.499163, 0.0)
(41.985195, 21.487936, 0.0)
(41.989735, 21.504034, 0.0)
(41.989079, 21.515543, 0.0)
(41.997974, 21.540577, 0.0)
(41.989735, 21.512642, 0.0)
(41.983246, 21.506937, 0.0)
(41.976715, 21.503792, 0.0)
(40.646599, 21.018408, 0.0)
(36.967972, 20.390381, 0.0)
(33.534489, 20.267693, 0.0)
(30.750443, 20.973085, 0.0)
(28.567503, 21.984138, 0.0)
(26.774752, 23.036638, 0.0)
(26.460543, 23.153814, 0.0)
(26.412981, 23.134012, 0.0)
(26.379814, 23.177004, 0.0)
(26.268465, 25.105249, 0.0)
(25.934952, 29.196131, 0.0)
(26.139492, 30.927086, 0.0)
(26.068232, 31.114811, 0.0)
(26.005646, 31.100775, 0.0)
(25.997265, 31.103699, 0.0)
(25.991827, 31.158298, 0.0)
(26.001322, 31.156044, 0.0)
(25.990379, 31.137171, 0.0)
(25.972816, 31.104366, 0.0)
(25.940081, 31.133232, 0.0)
(25.913752, 31.132250, 0.0)
(25.914740, 31.108461, 0.0)
(25.899389, 31.061491, 0.0)
(25.897964, 31.073101, 0.0)
(25.894222, 31.064539, 0.0)
(25.912416, 31.030123, 0.0)
(25.911469, 31.031578, 0.0)
(25.891573, 31.014135, 0.0)
(25.882696, 31.006144, 0.0)
(25.872429, 30.957491, 0.0)
(25.908131, 30.946619, 0.0)
(25.743284, 30.427601, 0.0)
(25.567116, 29.650599, 0.0)
(25.549479, 29.616533, 0.0)
(25.543016, 29.567556, 0.0)
(25.531586, 29.541706, 0.0)
(25.543112, 29.522205, 0.0)
(25.535120, 29.506760, 0.0)
(25.531990, 29.494473, 0.0)
(25.554144, 29.525826, 0.0)
(25.561766, 28.498013, 0.0)
(25.301456, 25.492184, 0.0)
(25.440498, 24.616362, 0.0)
(25.450424, 24.574762, 0.0)
(25.421244, 24.573557, 0.0)
(25.410225, 24.568634, 0.0)
(25.422499, 24.552900, 0.0)
(25.409784, 24.584261, 0.0)
(24.958817, 23.590652, 0.0)
(24.751047, 22.414854, 0.0)
(24.704405, 22.303978, 0.0)
(24.683676, 22.340584, 0.0)
(24.685488, 22.346004, 0.0)
(24.701118, 22.347628, 0.0)
(24.693251, 22.369881, 0.0)
(24.676558, 22.318995, 0.0)
(25.046698, 22.321863, 0.0)
(25.318703, 22.462059, 0.0)
(25.313038, 22.481352, 0.0)
(25.337137, 22.470627, 0.0)
(25.341040, 22.480494, 0.0)
(25.374289, 22.489002, 0.0)
(25.375746, 22.482727, 0.0)
(25.398844, 22.410257, 0.0)
(25.376953, 22.362486, 0.0)
(25.390648, 22.344219, 0.0)
(25.401291, 22.375486, 0.0)
(25.421513, 22.362442, 0.0)
(25.421513, 22.362442, 0.0)
(25.413639, 22.334223, 0.0)
(25.434702, 22.306128, 0.0)
(25.450783, 22.282341, 0.0)
(25.475105, 22.250549, 0.0)
(25.476921, 22.235897, 0.0)
(25.486403, 22.220787, 0.0)
(26.968637, 22.457830, 0.0)
(32.438965, 24.611765, 0.0)
(34.464409, 25.238682, 0.0)
(34.637806, 25.220078, 0.0)
(34.601814, 25.150600, 0.0)
(34.604351, 25.128242, 0.0)
(34.617359, 25.096148, 0.0)
(34.716320, 24.860128, 0.0)
(34.733463, 24.852108, 0.0)
(34.747002, 24.854300, 0.0)
(34.748249, 24.867458, 0.0)
(34.739227, 24.885553, 0.0)
(34.740311, 24.890915, 0.0)
(34.734901, 24.879303, 0.0)
(34.748470, 24.859495, 0.0)
(34.752941, 24.818886, 0.0)
(34.741356, 24.801413, 0.0)
(34.739445, 24.817917, 0.0)
(34.741856, 24.812826, 0.0)
(34.732635, 24.808344, 0.0)
(34.725189, 24.803129, 0.0)
(34.720211, 24.801691, 0.0)
(34.717712, 24.789507, 0.0)
(34.717712, 24.789507, 0.0)
(34.686829, 24.798862, 0.0)
(34.675312, 24.813509, 0.0)
(34.681156, 24.785875, 0.0)
(34.688248, 24.813755, 0.0)
(34.689503, 24.808550, 0.0)
(34.673477, 24.812880, 0.0)
(34.700790, 24.844627, 0.0)
(34.691383, 24.849394, 0.0)
(34.689598, 24.848509, 0.0)
(34.683460, 24.855568, 0.0)
(34.678478, 24.855602, 0.0)
(34.644642, 24.843794, 0.0)
(34.646988, 24.821049, 0.0)
(34.652298, 24.814718, 0.0)
(34.021080, 24.929411, 0.0)
(30.190334, 26.311394, 0.0)
(27.232712, 27.509670, 0.0)
(25.539143, 28.298206, 0.0)
(25.332018, 28.328205, 0.0)
(25.363644, 28.285633, 0.0)
(25.375559, 28.276237, 0.0)
(25.374500, 28.239149, 0.0)
(25.354548, 28.250273, 0.0)
(25.359728, 28.200603, 0.0)
(25.363777, 28.206667, 0.0)
(25.374250, 28.210052, 0.0)
(25.374113, 28.210970, 0.0)
(25.369556, 28.208717, 0.0)
(25.375675, 28.219563, 0.0)
(25.369101, 28.281652, 0.0)
(25.368198, 28.267643, 0.0)
(25.390150, 28.216101, 0.0)
(25.417702, 28.228605, 0.0)
(25.427984, 28.246845, 0.0)
(25.424532, 28.243557, 0.0)
(25.417858, 28.253889, 0.0)
(25.437532, 28.254374, 0.0)
(25.433693, 28.271454, 0.0)
(25.433525, 28.243307, 0.0)
(25.439409, 28.230715, 0.0)
(25.442465, 28.216845, 0.0)
(25.454294, 28.203184, 0.0)
(25.450474, 28.220057, 0.0)
(25.449696, 28.213879, 0.0)
(25.447065, 28.206104, 0.0)
(25.443218, 28.195765, 0.0)
(25.440487, 28.184174, 0.0)
(25.443691, 28.151573, 0.0)
(25.432343, 28.119139, 0.0)
(25.426283, 28.105478, 0.0)
(25.430826, 28.114094, 0.0)
(26.566084, 29.716240, 0.0)
(27.265676, 31.570789, 0.0)
(27.283531, 31.732679, 0.0)
(27.252607, 31.675489, 0.0)
(27.222622, 31.712622, 0.0)
(27.191355, 31.694111, 0.0)
(27.162552, 31.707844, 0.0)
(27.249619, 31.718454, 0.0)
(27.490013, 31.700212, 0.0)
(27.516026, 31.684828, 0.0)
(27.521736, 31.698442, 0.0)
(27.528294, 31.693483, 0.0)
(27.523232, 31.694645, 0.0)
(27.532057, 31.683460, 0.0)
(27.469095, 31.730253, 0.0)
(27.308161, 31.725075, 0.0)
(27.318995, 31.743406, 0.0)
(27.315281, 31.725956, 0.0)
(27.320871, 31.718161, 0.0)
(27.361614, 31.711290, 0.0)
(27.347946, 31.638750, 0.0)
(29.046173, 31.297005, 0.0)
(30.006212, 31.012035, 0.0)
(30.095530, 31.016655, 0.0)
(30.108521, 30.982786, 0.0)
(30.571014, 30.922821, 0.0)
(33.775661, 30.461340, 0.0)
(34.996532, 30.377369, 0.0)
(35.137787, 30.297533, 0.0)
(35.130280, 30.288902, 0.0)
(35.172745, 30.262354, 0.0)
(35.197235, 30.269794, 0.0)
(35.207958, 30.286346, 0.0)
(35.190189, 30.271328, 0.0)
(35.211166, 30.264727, 0.0)
(34.294430, 30.423569, 0.0)
(30.607805, 30.684814, 0.0)
(29.874956, 30.649359, 0.0)
(29.725016, 30.653624, 0.0)
(29.361998, 29.370041, 0.0)
(28.221180, 25.428930, 0.0)
(28.067070, 24.525194, 0.0)
(27.963783, 24.451151, 0.0)
(27.855600, 24.429220, 0.0)
(27.840061, 24.347315, 0.0)
(27.728876, 24.719255, 0.0)
(27.719116, 24.916670, 0.0)
(27.717918, 24.872257, 0.0)
(27.718090, 24.835562, 0.0)
(27.730804, 24.839237, 0.0)
(27.723772, 24.825649, 0.0)
(27.687521, 24.835180, 0.0)
(27.667730, 24.839592, 0.0)
(27.644079, 24.836880, 0.0)
(27.657026, 24.845068, 0.0)
(27.674337, 24.853363, 0.0)
(27.670971, 24.874197, 0.0)
(27.664917, 24.867693, 0.0)
(27.673332, 24.884525, 0.0)
(27.673332, 24.884525, 0.0)
(27.646120, 24.890442, 0.0)
(27.666914, 24.907845, 0.0)
(27.655170, 24.921753, 0.0)
(27.645367, 24.909899, 0.0)
(27.641481, 24.902403, 0.0)
(27.642620, 24.930830, 0.0)
(27.647398, 24.936539, 0.0)
(27.635624, 24.946800, 0.0)
(27.635624, 24.946800, 0.0)
(27.650660, 24.975037, 0.0)
(27.634106, 24.976954, 0.0)
(27.630596, 24.966488, 0.0)
(27.659128, 24.947908, 0.0)
(27.662857, 24.950268, 0.0)
(27.658514, 24.980354, 0.0)
(27.650507, 24.991493, 0.0)
(28.074583, 24.736546, 0.0)
(32.122444, 22.415602, 0.0)
(35.517010, 20.850107, 0.0)
(37.884312, 20.671783, 0.0)
(38.479176, 20.870165, 0.0)
(38.560654, 20.862829, 0.0)
(38.615253, 20.869616, 0.0)
(38.678955, 20.868040, 0.0)
(38.632267, 20.837702, 0.0)
(38.100193, 20.709616, 0.0)
(38.086037, 20.706720, 0.0)
(38.079052, 20.653639, 0.0)
(38.102539, 20.618729, 0.0)
(38.096931, 20.613356, 0.0)
(38.082222, 20.591185, 0.0)
(38.096668, 20.609598, 0.0)
(38.094589, 20.615385, 0.0)
(38.086231, 20.628111, 0.0)
(38.107685, 20.631289, 0.0)
(38.109200, 20.650183, 0.0)
(38.111198, 20.656523, 0.0)
(38.102039, 20.660913, 0.0)
(38.089664, 20.684183, 0.0)
(38.102093, 20.713943, 0.0)
(38.091358, 20.711346, 0.0)
(38.076714, 20.691212, 0.0)
(38.076714, 20.691212, 0.0)
(38.071259, 20.688644, 0.0)
(38.060265, 20.686743, 0.0)
(38.067249, 20.682800, 0.0)
(38.071259, 20.688644, 0.0)
(38.056202, 20.680862, 0.0)
(38.050632, 20.679556, 0.0)
(38.050774, 20.668390, 0.0)
(38.035244, 20.617872, 0.0)
(38.039600, 20.610147, 0.0)
(38.022327, 20.574684, 0.0)
(35.706970, 20.773487, 0.0)
(31.987040, 21.127420, 0.0)
(29.067663, 21.563522, 0.0)
(27.764847, 21.767900, 0.0)
(27.609203, 21.767118, 0.0)
(27.612829, 21.742987, 0.0)
(27.614262, 21.705408, 0.0)
(27.613672, 21.674910, 0.0)
(27.602774, 21.616615, 0.0)
(27.616787, 21.602930, 0.0)
(27.454393, 21.546875, 0.0)
(27.322668, 21.227749, 0.0)
(27.264357, 21.199125, 0.0)
(27.251297, 21.179382, 0.0)
(27.251616, 21.186316, 0.0)
(27.241369, 21.153492, 0.0)
(27.252409, 21.172411, 0.0)
(27.236401, 21.192011, 0.0)
(27.236994, 21.244726, 0.0)
(27.218616, 21.196724, 0.0)
(27.230045, 21.181347, 0.0)
(27.239855, 21.186359, 0.0)
(27.239855, 21.186359, 0.0)
(27.233110, 21.162340, 0.0)
(27.239576, 21.174229, 0.0)
(27.229862, 21.218828, 0.0)
(27.228294, 21.225895, 0.0)
(27.232109, 21.205519, 0.0)
(27.237997, 21.234476, 0.0)
(27.255318, 21.216255, 0.0)
(27.266714, 21.237194, 0.0)
(27.261894, 21.256666, 0.0)
(27.279341, 21.298584, 0.0)
(27.226385, 21.315218, 0.0)
(27.216333, 21.348347, 0.0)
(27.213530, 21.343786, 0.0)
(27.206003, 21.282681, 0.0)
(27.195404, 21.282761, 0.0)
(31.235325, 22.530689, 0.0)
(35.787533, 25.437479, 0.0)
(38.908283, 27.325417, 0.0)
(40.914257, 28.531378, 0.0)
(42.055336, 29.208647, 0.0)
(42.199604, 29.315905, 0.0)
(42.222263, 29.252300, 0.0)
(42.266323, 29.198725, 0.0)
(42.289017, 29.166328, 0.0)
(42.175640, 28.974977, 0.0)
(41.968636, 28.629908, 0.0)
(41.947727, 28.617445, 0.0)
(41.947727, 28.617445, 0.0)
(41.955360, 28.610607, 0.0)
(41.957027, 28.635124, 0.0)
(41.965748, 28.640455, 0.0)
(41.957890, 28.619005, 0.0)
(41.944916, 28.640724, 0.0)
(41.952915, 28.660892, 0.0)
(41.934841, 28.676655, 0.0)
(41.934841, 28.676655, 0.0)
(41.934841, 28.676655, 0.0)
(41.926376, 28.692038, 0.0)
(41.939060, 28.702509, 0.0)
(41.933193, 28.693260, 0.0)
(41.939003, 28.698030, 0.0)
(41.924801, 28.635145, 0.0)
(41.926926, 28.623201, 0.0)
(41.929935, 28.605368, 0.0)
(41.941231, 28.600677, 0.0)
(41.929665, 28.580877, 0.0)
(41.922848, 28.555592, 0.0)
(41.922253, 28.563179, 0.0)
(41.922253, 28.563179, 0.0)
(41.908787, 28.548546, 0.0)
(41.908726, 28.533333, 0.0)
(41.900776, 28.538681, 0.0)
(40.969261, 27.576838, 0.0)
(40.119034, 26.411966, 0.0)
(40.107216, 26.248604, 0.0)
(40.135078, 26.247234, 0.0)
(40.151680, 26.264669, 0.0)
(40.339081, 25.950109, 0.0)
(40.435184, 25.846710, 0.0)
(40.456303, 25.859079, 0.0)
(40.488506, 25.882318, 0.0)
(40.488316, 25.899153, 0.0)
(40.489201, 25.872654, 0.0)
(40.482693, 25.868206, 0.0)
(40.489628, 25.876923, 0.0)
(40.468700, 25.819559, 0.0)
(40.606762, 25.917639, 0.0)
(40.649471, 25.963720, 0.0)
(40.619469, 25.942394, 0.0)
(40.582661, 25.951908, 0.0)
(40.566727, 25.967134, 0.0)
(40.567463, 26.009855, 0.0)
(40.560623, 26.003502, 0.0)
(40.545666, 25.982576, 0.0)
(40.548748, 26.010843, 0.0)
(40.551086, 26.032370, 0.0)
(40.539932, 26.042036, 0.0)
(40.539787, 26.042273, 0.0)
(40.535339, 26.052237, 0.0)
(40.528793, 26.039886, 0.0)
(40.524551, 26.035767, 0.0)
(40.508240, 25.999786, 0.0)
(40.508240, 25.999786, 0.0)
(40.508240, 25.999786, 0.0)
(40.508240, 25.968374, 0.0)
(40.518612, 25.956577, 0.0)
(40.522598, 25.978209, 0.0)
(40.518799, 25.966887, 0.0)
(40.520561, 25.948132, 0.0)
(40.524563, 25.953663, 0.0)
(37.645672, 24.466869, 0.0)
(33.613911, 22.581564, 0.0)
(31.367105, 22.577972, 0.0)
(31.266994, 22.639034, 0.0)
(31.262791, 22.584106, 0.0)
(31.202620, 22.502186, 0.0)
(31.188972, 22.471645, 0.0)
(31.655119, 22.456642, 0.0)
(31.803782, 22.537491, 0.0)
(31.793638, 22.522799, 0.0)
(31.782766, 22.555706, 0.0)
(31.782539, 22.539507, 0.0)
(31.782539, 22.539507, 0.0)
(31.782539, 22.539507, 0.0)
(31.782539, 22.539507, 0.0)
(31.787609, 22.528580, 0.0)
(31.787609, 22.528580, 0.0)
(31.790279, 22.577971, 0.0)
(31.782766, 22.555706, 0.0)
(31.781397, 22.582464, 0.0)
(31.786505, 22.600143, 0.0)
(31.793243, 22.591011, 0.0)
(31.770277, 22.557108, 0.0)
(31.775637, 22.546438, 0.0)
(31.795288, 22.603319, 0.0)
(31.793951, 22.609516, 0.0)
(31.793951, 22.609516, 0.0)
(31.779310, 22.642759, 0.0)
(31.783356, 22.660767, 0.0)
(31.783987, 22.642759, 0.0)
(31.788849, 22.611887, 0.0)
(31.795288, 22.603319, 0.0)
(31.782766, 22.576315, 0.0)
(31.777349, 22.566381, 0.0)
(31.777349, 22.566381, 0.0)
(31.777349, 22.566381, 0.0)
(31.775909, 22.612768, 0.0)
(31.768576, 22.601194, 0.0)
(29.813944, 25.553324, 0.0)
(28.733036, 27.643126, 0.0)
(28.489271, 27.717319, 0.0)
(28.369576, 27.691330, 0.0)
(28.295073, 27.704517, 0.0)
(28.274464, 27.663349, 0.0)
(28.073568, 27.351292, 0.0)
(28.036591, 27.301569, 0.0)
(28.024561, 27.313499, 0.0)
(28.026012, 27.312019, 0.0)
(27.983837, 27.280880, 0.0)
(27.976782, 27.506285, 0.0)
(27.774181, 28.207180, 0.0)
(27.735514, 27.127954, 0.0)
(27.768562, 26.928373, 0.0)
(27.805380, 26.990673, 0.0)
(27.809156, 27.069109, 0.0)
(27.830076, 27.043713, 0.0)
(27.823683, 27.069613, 0.0)
(27.836874, 27.075953, 0.0)
(27.845541, 27.081242, 0.0)
(27.844339, 27.125872, 0.0)
(27.856787, 27.168245, 0.0)
(27.828190, 27.140829, 0.0)
(27.832582, 27.119940, 0.0)
(27.837790, 27.127403, 0.0)
(27.831150, 27.111248, 0.0)
(27.826473, 27.102081, 0.0)
(27.836121, 27.095592, 0.0)
(27.847174, 27.126453, 0.0)
(27.838526, 27.093933, 0.0)
(27.836639, 27.083454, 0.0)
(27.840794, 27.084459, 0.0)
(27.847284, 27.102247, 0.0)
(27.847284, 27.102247, 0.0)
(27.950455, 27.073303, 0.0)
(32.177204, 24.504616, 0.0)
(35.883602, 22.821827, 0.0)
(36.906834, 23.018631, 0.0)
(37.098354, 23.085939, 0.0)
(36.998974, 23.037849, 0.0)
(36.969994, 22.995234, 0.0)
(36.691086, 23.306597, 0.0)
(36.658844, 23.513287, 0.0)
(36.654869, 23.519279, 0.0)
(36.634136, 23.501444, 0.0)
(36.623806, 23.498901, 0.0)
(36.620533, 23.480585, 0.0)
(36.616783, 23.483076, 0.0)
(36.588760, 23.465643, 0.0)
(36.602760, 23.513784, 0.0)
(36.590813, 23.535679, 0.0)
(36.572071, 23.523563, 0.0)
(36.553749, 23.529238, 0.0)
(36.550644, 23.541044, 0.0)
(36.546535, 23.552879, 0.0)
(36.536045, 23.556267, 0.0)
(36.541222, 23.555489, 0.0)
(36.537571, 23.531952, 0.0)
(36.537838, 23.536003, 0.0)
(36.525566, 23.505917, 0.0)
(36.530678, 23.505024, 0.0)
(36.527985, 23.515142, 0.0)
(36.530678, 23.505024, 0.0)
(36.525299, 23.492495, 0.0)
(36.530678, 23.505024, 0.0)
(36.530895, 23.521435, 0.0)
(36.509010, 23.517393, 0.0)
(36.509010, 23.517393, 0.0)
(36.529305, 23.504984, 0.0)
(36.527260, 23.485973, 0.0)
(36.516300, 23.466465, 0.0)
(36.528793, 23.472397, 0.0)
(35.333992, 22.389793, 0.0)
(32.727840, 20.262180, 0.0)
(32.160103, 19.713682, 0.0)
(32.050583, 19.735203, 0.0)
(32.029415, 19.729464, 0.0)
(32.002945, 19.717119, 0.0)
(31.998524, 19.712603, 0.0)
(31.533424, 19.600080, 0.0)
(31.374767, 19.600763, 0.0)
(31.412691, 19.619295, 0.0)
(31.405037, 19.629892, 0.0)
(31.387217, 19.592983, 0.0)
(31.384335, 19.586916, 0.0)
(31.372517, 19.590651, 0.0)
(31.372517, 19.590651, 0.0)
(31.384335, 19.586916, 0.0)
(31.389814, 19.615839, 0.0)
(31.367607, 19.672703, 0.0)
(31.365814, 19.645660, 0.0)
(31.357578, 19.631641, 0.0)
(31.373785, 19.644865, 0.0)
(31.348270, 19.660437, 0.0)
(31.328314, 19.681208, 0.0)
(31.350664, 19.700686, 0.0)
(31.360268, 19.708887, 0.0)
(31.328886, 19.715029, 0.0)
(31.337109, 19.703554, 0.0)
(31.337187, 19.715929, 0.0)
(31.332899, 19.732409, 0.0)
(31.336527, 19.722069, 0.0)
(31.320372, 19.726496, 0.0)
(31.325373, 19.716049, 0.0)
(31.312153, 19.693567, 0.0)
(31.316555, 19.697989, 0.0)
(31.319250, 19.703640, 0.0)
(31.318800, 19.722296, 0.0)
(31.314852, 19.708006, 0.0)
(31.250477, 19.779041, 0.0)
(28.776218, 23.092133, 0.0)
(26.778696, 25.756044, 0.0)
(26.027279, 26.539497, 0.0)
(25.891275, 26.687038, 0.0)
(25.844246, 26.651749, 0.0)
(25.801376, 26.677620, 0.0)
(25.761850, 26.723356, 0.0)
(25.754803, 26.707973, 0.0)
(25.752180, 26.702658, 0.0)
(25.746035, 26.693081, 0.0)
(25.721989, 26.674740, 0.0)
(25.730190, 26.665741, 0.0)
(25.736988, 26.687878, 0.0)
(25.737820, 26.726923, 0.0)
(25.737820, 26.726923, 0.0)
(25.737820, 26.726923, 0.0)
(25.740362, 26.732197, 0.0)
(25.741123, 26.725275, 0.0)
(25.733490, 26.704969, 0.0)
(25.741123, 26.725275, 0.0)
(25.732597, 26.665930, 0.0)
(25.737766, 26.680962, 0.0)
(25.740343, 26.686203, 0.0)
(25.742233, 26.704882, 0.0)
(25.759144, 26.710527, 0.0)
(25.754354, 26.709673, 0.0)
(25.759459, 26.703447, 0.0)
(25.754354, 26.685905, 0.0)
(25.750465, 26.633732, 0.0)
(25.750374, 26.608547, 0.0)
(25.770903, 26.644131, 0.0)
(25.775396, 26.640217, 0.0)
(25.775396, 26.640217, 0.0)
(25.775396, 26.640217, 0.0)
(25.779360, 26.640612, 0.0)
(25.794819, 26.617672, 0.0)
(25.777962, 26.606457, 0.0)
(25.821169, 26.578726, 0.0)
(29.191275, 27.992867, 0.0)
(32.892788, 30.429197, 0.0)
(32.993214, 30.485132, 0.0)
(32.901371, 30.411058, 0.0)
(32.913635, 30.374710, 0.0)
(32.935112, 30.404631, 0.0)
(32.973221, 30.365362, 0.0)
(32.976959, 30.356663, 0.0)
(32.973354, 30.376986, 0.0)
(32.988770, 30.362476, 0.0)
(32.977867, 30.342903, 0.0)
(32.972408, 30.365618, 0.0)
(32.984795, 30.357670, 0.0)
(32.949543, 30.348341, 0.0)
(32.911594, 30.359594, 0.0)
(32.914993, 30.404526, 0.0)
(32.906761, 30.432108, 0.0)
(32.873962, 30.458826, 0.0)
(32.864708, 30.442173, 0.0)
(32.857506, 30.470480, 0.0)
(32.844692, 30.467453, 0.0)
(32.829754, 30.434608, 0.0)
(32.800331, 30.458723, 0.0)
(32.791214, 30.493166, 0.0)
(32.792000, 30.506639, 0.0)
(32.788750, 30.487171, 0.0)
(32.785828, 30.488934, 0.0)
(32.776287, 30.464394, 0.0)
(32.773273, 30.455444, 0.0)
(32.762234, 30.462811, 0.0)
(32.762600, 30.451626, 0.0)
(32.746109, 30.416962, 0.0)
(32.737507, 30.399208, 0.0)
(32.739883, 30.395660, 0.0)
(32.753979, 30.377338, 0.0)
(32.753979, 30.340611, 0.0)
(32.748901, 30.296274, 0.0)
(33.433025, 29.173239, 0.0)
(34.683331, 26.302286, 0.0)
(34.759567, 26.066528, 0.0)
(34.741760, 26.088150, 0.0)
(34.752232, 26.072214, 0.0)
(34.758495, 26.062954, 0.0)
(34.780239, 26.047018, 0.0)
(34.775524, 26.063398, 0.0)
(34.779190, 26.082638, 0.0)
(34.785145, 26.051434, 0.0)
(34.805874, 26.050644, 0.0)
(35.062138, 25.970453, 0.0)
(35.088718, 26.008097, 0.0)
(35.102348, 26.020029, 0.0)
(35.091991, 26.033724, 0.0)
(35.101124, 26.029850, 0.0)
(35.092972, 26.014154, 0.0)
(35.091316, 26.014547, 0.0)
(35.081100, 26.004166, 0.0)
(35.089016, 25.997057, 0.0)
(35.083256, 26.010256, 0.0)
(35.065006, 26.031168, 0.0)
(35.056198, 26.009727, 0.0)
(35.053806, 26.016933, 0.0)
(35.053806, 26.016933, 0.0)
(35.051624, 26.010962, 0.0)
(35.054630, 25.986050, 0.0)
(35.068134, 25.968966, 0.0)
(35.068134, 25.968966, 0.0)
(35.076992, 25.964712, 0.0)
(35.076992, 25.964712, 0.0)
(35.055462, 25.973808, 0.0)
(35.050808, 25.971390, 0.0)
(35.059578, 25.961895, 0.0)
(35.055477, 25.973288, 0.0)
(35.073906, 26.009890, 0.0)
(35.070766, 26.004591, 0.0)
(35.075722, 26.001884, 0.0)
(33.812881, 25.734917, 0.0)
(29.860229, 25.041180, 0.0)
(27.485420, 25.229853, 0.0)
(26.314150, 25.470942, 0.0)
(26.236641, 25.538462, 0.0)
(26.229090, 25.536577, 0.0)
(26.193859, 25.514032, 0.0)
(26.181564, 25.471033, 0.0)
(26.057331, 25.560440, 0.0)
(25.863560, 25.728701, 0.0)
(25.848999, 25.715504, 0.0)
(25.851503, 25.699224, 0.0)
(25.851503, 25.699224, 0.0)
(25.838150, 25.700001, 0.0)
(25.838150, 25.700001, 0.0)
(25.850187, 25.718002, 0.0)
(25.853893, 25.712582, 0.0)
(25.857815, 25.707216, 0.0)
(25.861063, 25.701134, 0.0)
(25.863537, 25.694529, 0.0)
(25.860291, 25.700613, 0.0)
(25.847202, 25.661062, 0.0)
(25.824520, 25.579855, 0.0)
(25.814266, 25.568138, 0.0)
(25.809603, 25.544741, 0.0)
(25.804646, 25.534233, 0.0)
(25.802769, 25.515055, 0.0)
(25.810225, 25.557838, 0.0)
(25.812832, 25.500322, 0.0)
(25.814457, 25.479361, 0.0)
(25.848822, 25.520710, 0.0)
(25.880613, 25.521837, 0.0)
(25.916409, 25.546135, 0.0)
(25.900255, 25.484938, 0.0)
(25.924213, 25.484331, 0.0)
(25.926006, 25.460306, 0.0)
(25.938999, 25.453102, 0.0)
(27.104006, 24.840601, 0.0)
(31.448847, 22.355473, 0.0)
(34.749168, 20.771555, 0.0)
(37.006214, 20.290197, 0.0)
(38.077915, 20.287577, 0.0)
(38.130543, 20.269106, 0.0)
(38.114868, 20.236040, 0.0)
(38.172279, 20.273287, 0.0)
(38.185699, 20.292540, 0.0)
(38.191395, 20.263628, 0.0)
(37.958630, 19.885052, 0.0)
(37.940735, 19.836416, 0.0)
(37.964733, 19.876923, 0.0)
(37.960049, 19.887829, 0.0)
(37.967098, 19.912426, 0.0)
(37.967098, 19.912426, 0.0)
(37.964870, 19.927382, 0.0)
(37.975346, 19.922529, 0.0)
(37.970985, 19.932110, 0.0)
(37.964870, 19.927382, 0.0)
(37.964870, 19.927382, 0.0)
(37.946674, 19.953308, 0.0)
(37.935837, 19.948462, 0.0)
(37.958138, 19.993502, 0.0)
(37.919075, 20.004448, 0.0)
(37.924076, 20.002033, 0.0)
(37.909195, 19.987400, 0.0)
(37.897919, 19.983938, 0.0)
(37.886082, 19.984526, 0.0)
(37.861004, 20.001431, 0.0)
(37.884624, 19.989950, 0.0)
(37.894627, 19.950487, 0.0)
(37.893181, 19.936352, 0.0)
(37.870316, 19.960327, 0.0)
(37.865322, 19.999474, 0.0)
(37.829815, 20.020037, 0.0)
(37.829815, 20.020037, 0.0)
(37.817936, 20.019073, 0.0)
(36.772446, 20.601233, 0.0)
(33.412251, 24.155508, 0.0)
(31.122574, 26.387983, 0.0)
(30.701372, 26.452620, 0.0)
(30.590483, 26.335478, 0.0)
(30.513519, 26.289825, 0.0)
(30.089546, 25.734028, 0.0)
(30.018110, 25.700960, 0.0)
(30.003424, 25.715681, 0.0)
(29.949371, 25.650928, 0.0)
(29.912815, 25.631172, 0.0)
(29.907927, 25.598902, 0.0)
(29.917637, 25.596718, 0.0)
(29.919792, 25.602730, 0.0)
(29.904202, 25.651171, 0.0)
(29.884140, 25.657507, 0.0)
(29.855402, 25.651850, 0.0)
(29.864574, 25.647802, 0.0)
(29.861168, 25.647123, 0.0)
(29.847609, 25.654825, 0.0)
(29.850077, 25.673903, 0.0)
(29.874544, 25.737322, 0.0)
(29.875608, 25.743826, 0.0)
(29.874554, 25.724222, 0.0)
(29.880413, 25.753342, 0.0)
(29.905125, 25.750849, 0.0)
(29.898657, 25.727484, 0.0)
(29.901566, 25.702763, 0.0)
(29.890450, 25.711941, 0.0)
(29.891329, 25.718628, 0.0)
(29.904821, 25.737267, 0.0)
(29.904972, 25.750719, 0.0)
(29.904095, 25.743879, 0.0)
(29.898764, 25.733429, 0.0)
(29.902231, 25.706800, 0.0)
(29.901127, 25.680365, 0.0)
(29.911524, 25.661125, 0.0)
(29.911524, 25.661125, 0.0)
(31.834232, 24.871447, 0.0)
(35.442257, 22.758326, 0.0)
(37.400211, 21.957951, 0.0)
(38.200447, 22.045095, 0.0)
(38.152924, 21.900040, 0.0)
(38.078518, 22.156410, 0.0)
(38.646042, 21.723272, 0.0)
(38.272152, 21.389946, 0.0)
(38.370724, 21.470505, 0.0)
(38.415695, 21.524288, 0.0)
(38.409698, 21.518950, 0.0)
(38.425907, 21.553141, 0.0)
(38.480247, 21.558533, 0.0)
(38.587818, 21.519527, 0.0)
(38.580387, 21.575857, 0.0)
(38.561352, 21.579727, 0.0)
(38.564575, 21.595127, 0.0)
(38.597672, 21.611572, 0.0)
(38.601612, 21.651812, 0.0)
(38.586803, 21.637152, 0.0)
(38.575211, 21.581358, 0.0)
(38.586185, 21.590517, 0.0)
(38.582653, 21.573801, 0.0)
(38.576061, 21.559454, 0.0)
(38.549232, 21.532204, 0.0)
(38.564861, 21.562906, 0.0)
(38.556995, 21.611090, 0.0)
(38.580727, 21.615660, 0.0)
(38.563850, 21.611784, 0.0)
(38.540604, 21.596987, 0.0)
(38.540604, 21.596987, 0.0)
(38.544979, 21.560997, 0.0)
(38.545380, 21.538031, 0.0)
(38.534363, 21.522223, 0.0)
(38.824459, 22.021700, 0.0)
(40.833023, 26.085335, 0.0)
(41.381775, 28.600214, 0.0)
(41.329308, 28.826866, 0.0)
(41.289600, 28.746088, 0.0)
(41.294796, 28.769230, 0.0)
(41.293591, 28.761471, 0.0)
(41.294662, 28.792782, 0.0)
(41.295609, 28.784885, 0.0)
(40.993221, 28.609886, 0.0)
(40.888626, 28.574884, 0.0)
(40.907711, 28.552464, 0.0)
(40.897415, 28.555199, 0.0)
(40.984818, 28.541674, 0.0)
(41.035992, 28.551805, 0.0)
(41.037086, 28.605072, 0.0)
(40.988422, 28.574629, 0.0)
(40.960175, 28.564184, 0.0)
(40.966534, 28.585814, 0.0)
(40.940426, 28.600943, 0.0)
(40.924618, 28.591085, 0.0)
(40.932602, 28.599453, 0.0)
(40.909828, 28.615231, 0.0)
(40.911610, 28.650948, 0.0)
(40.906151, 28.616148, 0.0)
(40.902878, 28.609901, 0.0)
(40.885414, 28.606937, 0.0)
(40.883564, 28.622721, 0.0)
(40.879967, 28.627092, 0.0)
(40.878613, 28.634308, 0.0)
(40.883492, 28.629995, 0.0)
(40.865185, 28.667988, 0.0)
(40.845970, 28.643620, 0.0)
(40.840416, 28.642941, 0.0)
(40.839695, 28.614550, 0.0)
(40.827484, 28.606949, 0.0)
(40.823368, 28.607759, 0.0)
(40.823204, 28.617825, 0.0)
(40.842258, 28.641569, 0.0)
(40.016266, 24.930574, 0.0)
(39.639759, 22.388594, 0.0)
(39.522003, 21.192556, 0.0)
(39.471577, 21.143539, 0.0)
(39.458088, 21.172842, 0.0)
(39.446213, 21.122402, 0.0)
(39.468037, 21.134855, 0.0)
(39.554821, 21.076092, 0.0)
(39.589146, 21.097584, 0.0)
(39.587749, 20.985176, 0.0)
(39.584404, 20.962149, 0.0)
(39.592709, 20.985405, 0.0)
(39.600521, 20.976278, 0.0)
(39.603634, 21.015783, 0.0)
(39.607391, 21.023630, 0.0)
(39.595787, 21.055315, 0.0)
(39.591022, 21.027773, 0.0)
(39.593796, 21.000439, 0.0)
(39.608322, 21.020142, 0.0)
(39.595524, 21.000195, 0.0)
(39.590153, 21.005129, 0.0)
(39.599422, 21.067692, 0.0)
(39.613968, 21.114445, 0.0)
(39.590038, 21.133850, 0.0)
(39.599556, 21.146036, 0.0)
(39.596554, 21.181023, 0.0)
(39.591545, 21.174374, 0.0)
(39.572456, 21.128925, 0.0)
(39.572456, 21.128925, 0.0)
(39.583817, 21.137375, 0.0)
(39.583275, 21.117559, 0.0)
(39.577305, 21.127363, 0.0)
(39.577305, 21.127363, 0.0)
(39.575111, 21.133032, 0.0)
(39.570255, 21.134581, 0.0)
(39.564774, 21.130859, 0.0)
(39.561859, 21.146587, 0.0)
(38.745647, 21.914400, 0.0)
(36.194893, 25.696276, 0.0)
(35.184174, 27.714260, 0.0)
(35.013489, 27.800512, 0.0)
(34.959148, 27.700375, 0.0)
(34.907455, 27.650263, 0.0)
(34.903858, 27.661228, 0.0)
(35.259888, 27.666718, 0.0)
(35.300797, 27.662701, 0.0)
(35.283237, 27.692793, 0.0)
(35.272339, 27.650633, 0.0)
(35.270023, 27.642002, 0.0)
(35.257225, 27.645674, 0.0)
(35.245564, 27.654291, 0.0)
(35.219685, 27.635771, 0.0)
(35.210865, 27.633743, 0.0)
(35.191936, 27.613413, 0.0)
(35.182571, 27.613663, 0.0)
(35.174900, 27.623159, 0.0)
(35.168522, 27.634439, 0.0)
(35.176662, 27.625156, 0.0)
(35.139690, 27.614531, 0.0)
(35.146454, 27.597683, 0.0)
(35.142563, 27.594709, 0.0)
(35.117668, 27.592899, 0.0)
(35.136978, 27.568359, 0.0)
(35.116550, 27.556253, 0.0)
(35.105652, 27.580341, 0.0)
(35.075462, 27.561644, 0.0)
(35.052181, 27.551737, 0.0)
(35.042973, 27.512081, 0.0)
(35.027157, 27.496998, 0.0)
(35.021599, 27.490671, 0.0)
(35.028000, 27.488111, 0.0)
(35.024471, 27.512548, 0.0)
(35.027935, 27.516201, 0.0)
(35.002403, 27.524298, 0.0)
(35.016701, 27.554407, 0.0)
(34.896877, 29.118980, 0.0)
(35.108070, 30.599699, 0.0)
(35.095848, 30.747154, 0.0)
(35.029076, 30.699272, 0.0)
(34.987648, 30.688053, 0.0)
(35.017078, 30.718058, 0.0)
(35.390484, 30.903294, 0.0)
(35.409901, 30.930874, 0.0)
(35.404686, 30.920456, 0.0)
(35.219940, 30.643017, 0.0)
(35.086262, 31.229586, 0.0)
(34.961193, 30.237671, 0.0)
(35.015854, 30.047756, 0.0)
(35.034813, 30.060427, 0.0)
(35.040184, 30.060965, 0.0)
(35.059895, 30.057610, 0.0)
(35.077988, 30.114357, 0.0)
(35.257313, 30.218908, 0.0)
(35.299824, 30.218395, 0.0)
(35.299614, 30.203110, 0.0)
(35.300869, 30.213465, 0.0)
(35.299824, 30.218395, 0.0)
(35.299835, 30.218250, 0.0)
(35.315704, 30.214451, 0.0)
(35.342934, 30.205660, 0.0)
(35.339367, 30.186216, 0.0)
(35.360218, 30.173410, 0.0)
(35.374363, 30.186064, 0.0)
(35.362667, 30.158190, 0.0)
(35.367798, 30.178242, 0.0)
(35.356853, 30.192663, 0.0)
(35.368393, 30.240900, 0.0)
(35.374878, 30.234898, 0.0)
(35.357368, 30.217846, 0.0)
(35.365051, 30.214437, 0.0)
(35.362408, 30.194618, 0.0)
(33.877457, 30.277670, 0.0)
(30.297693, 29.918570, 0.0)
(27.861422, 30.199902, 0.0)
(26.800682, 30.423595, 0.0)
(26.635206, 30.453348, 0.0)
(26.631426, 30.455563, 0.0)
(26.619452, 30.458078, 0.0)
(26.614189, 30.431139, 0.0)
(26.942764, 30.124641, 0.0)
(26.948442, 30.051893, 0.0)
(26.969519, 30.021029, 0.0)
(26.952253, 30.004622, 0.0)
(26.948708, 30.000572, 0.0)
(26.960325, 29.969812, 0.0)
(26.948400, 29.991879, 0.0)
(26.936642, 29.998976, 0.0)
(26.944857, 29.993162, 0.0)
(26.943750, 29.956177, 0.0)
(26.914433, 29.972258, 0.0)
(26.904469, 29.975103, 0.0)
(26.899864, 29.951612, 0.0)
(26.910973, 29.966398, 0.0)
(26.918509, 29.942894, 0.0)
(26.917791, 29.916800, 0.0)
(26.914076, 29.913404, 0.0)
(26.920530, 29.904831, 0.0)
(26.943596, 29.935366, 0.0)
(26.948174, 29.957758, 0.0)
(26.944124, 29.920156, 0.0)
(26.944124, 29.920156, 0.0)
(26.939114, 29.913334, 0.0)
(26.952877, 29.866667, 0.0)
(26.943361, 29.826147, 0.0)
(26.979626, 29.828499, 0.0)
(26.970745, 29.817703, 0.0)
(26.979141, 29.797098, 0.0)
(27.136457, 29.420866, 0.0)
(28.967173, 25.254765, 0.0)
(29.544064, 24.134090, 0.0)
(29.532354, 24.110006, 0.0)
(29.520332, 24.054522, 0.0)
(29.522371, 24.076138, 0.0)
(29.975958, 24.195507, 0.0)
(30.001146, 24.174082, 0.0)
(29.973379, 24.168243, 0.0)
(29.986795, 24.144659, 0.0)
(29.962645, 24.137905, 0.0)
(29.810656, 24.198999, 0.0)
(29.795649, 24.199738, 0.0)
(29.800344, 24.213797, 0.0)
(29.799259, 24.236639, 0.0)
(29.778963, 24.234798, 0.0)
(29.775723, 24.204308, 0.0)
(29.774784, 24.222403, 0.0)
(29.774784, 24.222403, 0.0)
(29.765623, 24.232071, 0.0)
(29.748238, 24.259094, 0.0)
(29.739042, 24.243166, 0.0)
(29.744070, 24.241087, 0.0)
(29.746273, 24.232021, 0.0)
(29.753672, 24.206875, 0.0)
(29.745363, 24.199308, 0.0)
(29.758818, 24.187977, 0.0)
(29.763691, 24.203573, 0.0)
(29.785179, 24.219551, 0.0)
(29.781672, 24.239397, 0.0)
(29.792679, 24.202784, 0.0)
(29.804686, 24.156054, 0.0)
(29.794880, 24.151794, 0.0)
(29.801245, 24.136095, 0.0)
(29.792679, 24.133039, 0.0)
(29.795145, 24.111494, 0.0)
(29.808937, 24.144407, 0.0)
(29.811392, 24.132257, 0.0)
(29.836756, 24.206875, 0.0)
(33.944450, 27.342588, 0.0)
(36.603401, 30.405605, 0.0)
(36.820175, 30.678350, 0.0)
(36.814377, 30.625422, 0.0)
(36.802574, 30.601469, 0.0)
(36.762417, 30.605827, 0.0)
(36.867226, 30.714121, 0.0)
(37.328274, 31.068918, 0.0)
(37.363007, 31.116713, 0.0)
(37.356884, 31.115784, 0.0)
(37.355026, 31.119722, 0.0)
(37.330360, 31.113253, 0.0)
(37.330730, 31.120327, 0.0)
(37.324013, 31.130829, 0.0)
(37.330917, 31.123165, 0.0)
(37.341595, 31.115484, 0.0)
(37.326420, 31.147058, 0.0)
(37.289017, 31.187782, 0.0)
(37.267803, 31.203699, 0.0)
(37.261436, 31.185593, 0.0)
(37.280174, 31.183035, 0.0)
(37.286785, 31.174479, 0.0)
(37.290569, 31.172428, 0.0)
(37.253506, 31.172661, 0.0)
(37.247578, 31.165331, 0.0)
(37.245808, 31.145348, 0.0)
(37.249641, 31.122837, 0.0)
(37.247875, 31.105089, 0.0)
(37.254658, 31.097864, 0.0)
(37.251892, 31.093298, 0.0)
(37.262253, 31.073627, 0.0)
(37.276527, 31.036901, 0.0)
(37.277969, 31.037724, 0.0)
(37.287170, 31.030146, 0.0)
(37.259430, 31.012812, 0.0)
(37.274300, 30.970430, 0.0)
(37.276318, 30.982740, 0.0)
(35.267525, 30.447001, 0.0)
(32.197239, 30.817774, 0.0)
(31.732191, 30.983509, 0.0)
(31.619957, 30.897768, 0.0)
(31.571878, 30.865168, 0.0)
(31.564756, 30.852806, 0.0)
(30.935272, 30.573524, 0.0)
(30.792542, 30.562511, 0.0)
(30.792837, 30.594299, 0.0)
(30.773596, 30.569826, 0.0)
(30.751678, 30.563757, 0.0)
(30.738832, 30.585651, 0.0)
(30.717155, 30.625223, 0.0)
(30.431864, 30.507902, 0.0)
(30.351849, 30.494755, 0.0)
(30.357189, 30.544224, 0.0)
(30.346722, 30.554005, 0.0)
(30.305283, 30.557030, 0.0)
(30.338131, 30.548117, 0.0)
(30.529055, 30.361629, 0.0)
(30.536646, 30.330690, 0.0)
(30.534826, 30.328434, 0.0)
(30.548933, 30.305359, 0.0)
(30.545612, 30.321257, 0.0)
(30.529432, 30.334345, 0.0)
(30.524052, 30.314631, 0.0)
(30.307148, 30.334742, 0.0)
(30.247608, 30.351112, 0.0)
(30.284843, 30.399145, 0.0)
(30.256990, 30.377680, 0.0)
(30.263773, 30.389122, 0.0)
(30.294048, 30.390860, 0.0)
(30.309935, 30.379736, 0.0)
(30.288616, 30.330862, 0.0)
(30.304703, 30.325808, 0.0)
(30.313992, 30.333960, 0.0)
(30.312790, 30.322861, 0.0)
(30.321436, 30.295319, 0.0)
(32.765514, 26.849262, 0.0)
(36.070801, 24.227274, 0.0)
(38.262707, 23.079750, 0.0)
(39.138954, 23.020172, 0.0)
(39.259682, 22.941769, 0.0)
(39.248096, 22.887119, 0.0)
(40.965630, 22.720190, 0.0)
(41.806763, 22.955854, 0.0)
(41.907097, 22.939758, 0.0)
(41.900608, 22.901596, 0.0)
(41.960903, 22.927359, 0.0)
(41.949596, 22.871796, 0.0)
(41.902287, 22.842571, 0.0)
(41.903606, 22.832891, 0.0)
(41.895638, 22.848621, 0.0)
(41.895638, 22.848621, 0.0)
(41.877831, 22.839085, 0.0)
(41.866974, 22.847179, 0.0)
(41.862881, 22.871931, 0.0)
(41.859684, 22.896330, 0.0)
(41.854683, 22.897921, 0.0)
(41.859684, 22.896330, 0.0)
(41.849712, 22.909090, 0.0)
(41.856316, 22.906693, 0.0)
(41.845238, 22.901043, 0.0)
(41.847622, 22.916924, 0.0)
(41.845562, 22.930178, 0.0)
(41.844505, 22.921593, 0.0)
(41.461124, 22.800879, 0.0)
(40.925667, 22.783627, 0.0)
(40.847786, 22.749798, 0.0)
(40.861942, 22.737745, 0.0)
(40.844498, 22.744047, 0.0)
(40.872047, 22.718981, 0.0)
(40.858002, 22.701015, 0.0)
(40.835453, 22.637949, 0.0)
(40.462162, 22.508137, 0.0)
(36.836597, 21.021009, 0.0)
(35.964794, 20.581818, 0.0)
(35.905876, 20.542341, 0.0)
(35.910439, 20.517065, 0.0)
(36.044628, 20.430769, 0.0)
(36.269840, 20.404238, 0.0)
(36.273174, 20.347958, 0.0)
(36.289455, 20.311586, 0.0)
(36.275608, 20.292356, 0.0)
(36.271095, 20.281006, 0.0)
(36.286373, 20.288385, 0.0)
(36.285263, 20.295183, 0.0)
(36.274467, 20.285086, 0.0)
(36.262569, 20.287460, 0.0)
(36.239906, 20.248337, 0.0)
(36.272446, 20.235395, 0.0)
(36.252991, 20.241007, 0.0)
(36.252316, 20.283972, 0.0)
(36.238251, 20.247938, 0.0)
(36.242317, 20.292141, 0.0)
(36.251625, 20.268471, 0.0)
(36.251625, 20.268471, 0.0)
(36.220158, 20.230101, 0.0)
(36.225929, 20.295385, 0.0)
(36.242271, 20.336231, 0.0)
(36.235638, 20.333019, 0.0)
(36.229893, 20.310329, 0.0)
(36.230553, 20.353407, 0.0)
(36.224922, 20.330742, 0.0)
(36.224922, 20.330742, 0.0)
(36.217598, 20.349289, 0.0)
(36.228283, 20.370098, 0.0)
(36.232269, 20.377220, 0.0)
(36.209816, 20.337315, 0.0)
(36.209816, 20.337315, 0.0)
(36.206844, 20.330145, 0.0)
(36.207783, 20.315952, 0.0)
(36.204559, 20.306465, 0.0)
(38.436417, 22.877693, 0.0)
(40.825394, 27.107864, 0.0)
(41.875088, 29.345104, 0.0)
(41.905704, 29.490072, 0.0)
(41.869122, 29.442080, 0.0)
(41.852657, 29.417089, 0.0)
(41.836784, 29.355831, 0.0)
(42.238174, 29.440552, 0.0)
(42.374954, 29.470165, 0.0)
(42.376610, 29.447134, 0.0)
(42.354683, 29.408352, 0.0)
(42.363110, 29.396503, 0.0)
(42.302788, 29.386465, 0.0)
(42.282131, 29.386580, 0.0)
(42.252892, 29.364744, 0.0)
(42.235863, 29.360189, 0.0)
(42.225315, 29.357615, 0.0)
(42.205780, 29.324308, 0.0)
(42.209850, 29.321159, 0.0)
(42.198383, 29.324923, 0.0)
(42.201832, 29.362371, 0.0)
(42.208153, 29.386646, 0.0)
(42.207855, 29.387127, 0.0)
(42.215729, 29.373938, 0.0)
(42.229095, 29.390898, 0.0)
(42.206024, 29.369392, 0.0)
(42.198700, 29.332563, 0.0)
(42.212616, 29.307024, 0.0)
(42.214851, 29.278185, 0.0)
(42.197163, 29.281548, 0.0)
(42.193569, 29.275539, 0.0)
(42.221046, 29.323330, 0.0)
(42.199116, 29.307064, 0.0)
(42.191051, 29.290295, 0.0)
(42.188408, 29.297630, 0.0)
(42.187946, 29.305649, 0.0)
(42.169453, 29.293625, 0.0)
(42.158989, 29.275764, 0.0)
(39.700596, 28.980947, 0.0)
(35.996338, 28.995344, 0.0)
(33.169788, 29.198488, 0.0)
(32.981365, 29.230644, 0.0)
(32.914211, 29.260561, 0.0)
(32.863937, 29.250546, 0.0)
(32.863323, 29.237553, 0.0)
(32.882057, 29.208111, 0.0)
(32.923725, 29.190037, 0.0)
(32.675125, 28.954298, 0.0)
(32.665665, 28.940659, 0.0)
(32.663879, 28.946556, 0.0)
(32.681084, 28.938364, 0.0)
(32.697639, 28.914467, 0.0)
(32.697639, 28.914467, 0.0)
(32.687359, 28.882383, 0.0)
(32.687141, 28.879580, 0.0)
(32.703785, 28.957994, 0.0)
(32.701057, 28.918934, 0.0)
(32.697964, 28.857746, 0.0)
(32.706589, 28.864000, 0.0)
(32.702667, 28.857370, 0.0)
(32.701717, 28.854212, 0.0)
(32.699593, 28.848743, 0.0)
(32.709671, 28.849525, 0.0)
(32.706421, 28.853830, 0.0)
(32.709671, 28.849525, 0.0)
(32.722900, 28.866819, 0.0)
(32.723606, 28.885170, 0.0)
(32.701717, 28.854212, 0.0)
(32.697029, 28.853130, 0.0)
(32.688808, 28.847094, 0.0)
(32.695274, 28.846334, 0.0)
(32.670212, 28.894131, 0.0)
(32.666878, 28.894817, 0.0)
(32.666382, 28.889006, 0.0)
(32.669109, 28.862789, 0.0)
(33.418110, 25.402006, 0.0)
(33.810749, 22.400545, 0.0)
(33.935215, 21.341654, 0.0)
(33.885006, 21.322582, 0.0)
(33.857754, 21.334835, 0.0)
(33.929768, 21.268476, 0.0)
(34.264080, 21.344893, 0.0)
(34.295662, 21.321835, 0.0)
(34.292805, 21.296957, 0.0)
(34.273766, 21.277905, 0.0)
(34.287010, 21.270588, 0.0)
(34.262341, 21.251524, 0.0)
(34.227005, 21.220419, 0.0)
(34.250099, 21.190636, 0.0)
(34.267349, 21.195549, 0.0)
(34.276203, 21.178638, 0.0)
(34.196980, 21.269279, 0.0)
(34.190128, 21.293510, 0.0)
(34.200790, 21.370850, 0.0)
(34.197067, 21.376390, 0.0)
(34.191479, 21.371370, 0.0)
(34.181297, 21.370106, 0.0)
(34.190769, 21.363865, 0.0)
(34.176056, 21.355711, 0.0)
(34.154663, 21.326403, 0.0)
(34.186581, 21.392563, 0.0)
(34.187614, 21.416994, 0.0)
(34.180965, 21.429060, 0.0)
(34.159389, 21.436029, 0.0)
(34.168339, 21.446352, 0.0)
(34.162693, 21.465397, 0.0)
(34.168404, 21.468691, 0.0)
(34.165180, 21.439283, 0.0)
(34.180523, 21.435898, 0.0)
(34.183834, 21.438828, 0.0)
(34.183949, 21.448881, 0.0)
(34.184170, 21.448669, 0.0)
(34.183125, 21.455509, 0.0)
(32.237011, 21.723248, 0.0)
(29.230217, 22.310167, 0.0)
(27.413992, 22.918480, 0.0)
(26.591171, 23.279720, 0.0)
(26.493992, 23.284355, 0.0)
(26.480736, 23.248638, 0.0)
(26.458885, 23.206047, 0.0)
(26.474972, 23.155895, 0.0)
(26.452988, 23.161737, 0.0)
(26.479605, 23.150978, 0.0)
(26.499275, 23.192711, 0.0)
(26.498127, 23.200001, 0.0)
(26.316160, 23.668228, 0.0)
(26.311010, 23.913612, 0.0)
(26.289141, 23.968409, 0.0)
(26.278585, 23.956160, 0.0)
(26.273684, 23.959839, 0.0)
(26.276012, 23.955769, 0.0)
(26.284393, 23.940039, 0.0)
(26.286186, 23.950392, 0.0)
(26.278070, 23.925531, 0.0)
(26.299860, 23.895247, 0.0)
(26.314405, 23.910105, 0.0)
(26.387907, 24.346695, 0.0)
(26.680590, 26.151861, 0.0)
(26.742186, 27.367682, 0.0)
(26.691288, 27.452486, 0.0)
(26.658604, 27.453999, 0.0)
(26.605698, 27.451649, 0.0)
(26.590946, 27.437580, 0.0)
(26.590946, 27.437580, 0.0)
(26.599430, 27.426662, 0.0)
(26.599094, 27.383642, 0.0)
(26.593630, 27.363277, 0.0)
(26.618181, 27.390770, 0.0)
(26.613188, 27.391174, 0.0)
(26.628389, 27.356117, 0.0)
(26.642488, 27.350735, 0.0)
(26.653711, 27.336353, 0.0)
(26.673164, 27.372198, 0.0)
(26.673655, 27.345505, 0.0)
(26.678177, 27.333469, 0.0)
(26.678177, 27.333469, 0.0)
(26.692720, 27.286589, 0.0)
(26.693972, 27.237598, 0.0)
(27.372677, 26.995884, 0.0)
(30.514156, 28.869175, 0.0)
(30.529097, 27.881884, 0.0)
(30.407688, 27.572691, 0.0)
(30.432295, 27.612610, 0.0)
(30.442327, 27.596807, 0.0)
(30.503069, 27.569231, 0.0)
(30.509216, 27.965504, 0.0)
(30.489468, 27.997057, 0.0)
(30.453949, 27.977436, 0.0)
(30.474939, 27.997721, 0.0)
(30.479086, 28.040819, 0.0)
(30.478323, 27.991346, 0.0)
(30.472223, 28.001879, 0.0)
(30.463665, 27.993189, 0.0)
(30.462322, 28.017567, 0.0)
(30.470341, 28.012308, 0.0)
(30.462322, 28.017567, 0.0)
(30.468155, 28.000788, 0.0)
(30.460157, 28.005985, 0.0)
(30.454145, 28.014847, 0.0)
(30.460157, 28.005985, 0.0)
(30.451382, 28.007750, 0.0)
(30.452969, 28.002169, 0.0)
(30.452232, 27.968704, 0.0)
(30.448473, 27.960482, 0.0)
(30.446173, 27.956043, 0.0)
(30.447290, 28.001625, 0.0)
(30.454823, 27.963732, 0.0)
(31.962011, 25.097298, 0.0)
(34.081131, 21.874025, 0.0)
(34.669437, 21.019886, 0.0)
(34.605476, 20.981331, 0.0)
(34.557236, 21.010948, 0.0)
(34.561104, 21.007072, 0.0)
(34.123795, 20.414743, 0.0)
(34.041477, 20.287340, 0.0)
(34.019783, 20.316582, 0.0)
(34.023930, 20.259750, 0.0)
(34.048012, 20.237839, 0.0)
(34.022694, 20.218044, 0.0)
(34.045319, 20.232588, 0.0)
(34.050346, 20.242346, 0.0)
(34.049843, 20.257252, 0.0)
(34.042698, 20.226461, 0.0)
(34.001965, 20.246572, 0.0)
(33.993999, 20.230293, 0.0)
(33.991947, 20.222811, 0.0)
(33.987804, 20.207376, 0.0)
(33.991947, 20.222811, 0.0)
(33.950603, 20.231857, 0.0)
(33.997688, 20.271589, 0.0)
(33.966217, 20.286913, 0.0)
(33.942196, 20.287180, 0.0)
(33.938427, 20.290331, 0.0)
(33.942482, 20.289783, 0.0)
(33.926041, 20.299536, 0.0)
(33.950108, 20.332018, 0.0)
(33.973759, 20.354805, 0.0)
(33.975048, 20.382273, 0.0)
(33.988995, 20.378870, 0.0)
(33.988995, 20.378870, 0.0)
(33.998810, 20.393473, 0.0)
(33.983208, 20.402164, 0.0)
(33.960358, 20.398048, 0.0)
(33.971714, 20.400841, 0.0)
(34.070572, 20.742319, 0.0)
(35.085674, 24.628340, 0.0)
(35.113258, 25.741623, 0.0)
(35.034279, 25.828373, 0.0)
(35.020920, 25.778723, 0.0)
(34.836796, 25.315580, 0.0)
(34.790764, 25.225664, 0.0)
(34.780491, 25.258652, 0.0)
(34.783878, 25.284563, 0.0)
(34.920483, 24.939211, 0.0)
(34.907486, 24.909624, 0.0)
(34.873943, 24.890432, 0.0)
(34.867882, 24.866507, 0.0)
(34.856777, 24.862633, 0.0)
(34.842758, 24.867516, 0.0)
(34.854366, 24.893669, 0.0)
(34.847733, 24.908033, 0.0)
(34.838123, 24.917383, 0.0)
(34.838123, 24.917383, 0.0)
(34.834038, 24.900290, 0.0)
(34.835007, 24.929014, 0.0)
(34.831230, 24.932638, 0.0)
(34.835007, 24.929014, 0.0)
(34.831230, 24.932638, 0.0)
(34.843880, 24.911205, 0.0)
(34.857929, 24.899069, 0.0)
(34.863674, 24.880646, 0.0)
(34.867912, 24.886726, 0.0)
(34.864872, 24.876053, 0.0)
(34.879002, 24.875082, 0.0)
(34.887215, 24.853373, 0.0)
(34.888393, 24.900000, 0.0)
(34.888393, 24.900000, 0.0)
(34.885460, 24.894005, 0.0)
(34.875340, 24.861538, 0.0)
(34.885990, 24.877363, 0.0)
(34.850605, 24.862106, 0.0)
(34.842869, 24.869442, 0.0)
(34.857555, 24.908791, 0.0)
(38.211502, 26.325363, 0.0)
(39.589203, 26.780582, 0.0)
(39.737957, 26.853363, 0.0)
(39.729023, 26.850985, 0.0)
(39.329479, 26.579882, 0.0)
(39.254829, 26.530109, 0.0)
(39.270855, 26.519869, 0.0)
(39.279366, 26.515717, 0.0)
(39.258018, 26.511181, 0.0)
(39.268745, 26.490982, 0.0)
(39.262009, 26.472511, 0.0)
(39.267956, 26.457003, 0.0)
(39.257397, 26.440422, 0.0)
(39.260571, 26.451885, 0.0)
(39.237106, 26.440319, 0.0)
(39.249428, 26.463036, 0.0)
(39.252033, 26.469305, 0.0)
(39.236485, 26.503969, 0.0)
(39.247463, 26.470778, 0.0)
(39.241127, 26.453810, 0.0)
(39.261436, 26.441612, 0.0)
(39.240170, 26.446413, 0.0)
(39.015881, 26.269156, 0.0)
(38.977814, 26.264616, 0.0)
(38.987988, 26.320312, 0.0)
(38.954163, 26.329571, 0.0)
(38.945953, 26.317490, 0.0)
(38.946693, 26.320957, 0.0)
(38.956467, 26.321035, 0.0)
(39.175911, 26.353510, 0.0)
(39.200249, 26.336264, 0.0)
(39.204094, 26.373161, 0.0)
(39.202030, 26.378672, 0.0)
(39.202030, 26.378672, 0.0)
(39.203663, 26.366175, 0.0)
(39.207237, 26.328527, 0.0)
(39.202625, 26.327929, 0.0)
(39.193180, 26.302494, 0.0)
(40.752312, 27.954727, 0.0)
(40.945683, 28.245728, 0.0)
(40.954777, 28.196310, 0.0)
(40.927773, 28.158558, 0.0)
(40.929554, 28.165445, 0.0)
(40.943394, 27.831833, 0.0)
(40.952343, 27.795301, 0.0)
(40.944248, 27.754129, 0.0)
(40.955719, 27.762926, 0.0)
(40.981133, 27.789841, 0.0)
(40.980106, 27.769779, 0.0)
(40.973728, 27.785053, 0.0)
(40.979866, 27.776886, 0.0)
(40.973289, 27.796135, 0.0)
(40.978214, 27.752663, 0.0)
(40.978214, 27.752663, 0.0)
(40.984825, 27.727943, 0.0)
(40.988693, 27.733133, 0.0)
(40.977234, 27.728899, 0.0)
(40.988682, 27.738195, 0.0)
(41.010208, 27.727823, 0.0)
(41.010002, 27.731060, 0.0)
(41.015820, 27.717546, 0.0)
(41.033703, 27.724497, 0.0)
(41.047333, 27.751780, 0.0)
(41.062614, 27.793476, 0.0)
(41.017704, 27.738903, 0.0)
(41.038757, 27.720161, 0.0)
(41.061104, 27.722994, 0.0)
(41.071560, 27.705246, 0.0)
(41.054111, 27.710554, 0.0)
(41.058586, 27.715593, 0.0)
(41.068638, 27.773687, 0.0)
(41.071125, 27.781271, 0.0)
(41.040524, 27.758682, 0.0)
(41.029861, 27.785028, 0.0)
(41.041763, 27.730253, 0.0)
(41.804012, 26.699728, 0.0)
(42.696453, 24.972141, 0.0)
(42.831932, 24.668676, 0.0)
(42.855648, 24.707272, 0.0)
(42.879017, 24.707478, 0.0)
(43.301231, 25.059803, 0.0)
(43.322102, 25.061718, 0.0)
(43.317196, 25.053846, 0.0)
(43.306179, 25.052355, 0.0)
(43.320522, 25.027912, 0.0)
(43.317196, 25.053846, 0.0)
(43.306179, 25.052355, 0.0)
(43.295330, 25.056568, 0.0)
(43.260986, 25.041063, 0.0)
(43.236656, 25.025940, 0.0)
(43.241535, 25.033398, 0.0)
(43.332657, 25.077627, 0.0)
(43.297146, 25.073452, 0.0)
(43.365669, 25.159420, 0.0)
(43.366108, 25.188862, 0.0)
(43.362511, 25.178902, 0.0)
(43.354584, 25.187693, 0.0)
(43.358154, 25.181803, 0.0)
(43.332783, 25.155165, 0.0)
(43.292828, 25.121368, 0.0)
(43.269978, 25.082106, 0.0)
(43.321857, 25.130234, 0.0)
(43.277988, 25.097218, 0.0)
(43.268440, 25.076365, 0.0)
(43.258530, 25.074812, 0.0)
(43.258530, 25.074812, 0.0)
(43.267036, 25.078945, 0.0)
(43.251392, 25.036461, 0.0)
(43.312405, 25.050888, 0.0)
(43.283928, 25.024111, 0.0)
(43.317253, 25.024698, 0.0)
(43.306446, 25.023457, 0.0)
(43.322067, 25.022196, 0.0)
(43.562294, 26.359755, 0.0)
(43.553661, 29.319658, 0.0)
(43.453606, 29.560774, 0.0)
(43.415359, 29.481050, 0.0)
(43.391449, 29.461140, 0.0)
(43.454876, 29.174774, 0.0)
(43.449547, 29.082676, 0.0)
(43.448681, 29.195580, 0.0)
(43.438744, 29.194283, 0.0)
(43.459015, 29.185064, 0.0)
(43.448372, 29.173868, 0.0)
(43.443649, 29.140722, 0.0)
(43.480190, 29.082211, 0.0)
(43.467690, 29.083282, 0.0)
(43.458958, 29.073503, 0.0)
(43.471317, 29.072355, 0.0)
(43.454960, 29.096334, 0.0)
(43.458881, 29.119242, 0.0)
(43.479275, 29.144335, 0.0)
(43.458195, 29.123997, 0.0)
(43.424217, 29.127264, 0.0)
(43.412189, 29.127737, 0.0)
(43.437920, 29.098696, 0.0)
(43.400749, 29.089592, 0.0)
(43.398911, 29.075199, 0.0)
(43.399052, 29.092901, 0.0)
(43.400349, 29.118980, 0.0)
(43.405636, 29.133804, 0.0)
(43.391914, 29.090710, 0.0)
(43.391914, 29.090710, 0.0)
(43.391914, 29.090710, 0.0)
(43.391914, 29.090710, 0.0)
(43.391914, 29.090710, 0.0)
(43.369926, 29.068932, 0.0)
(43.371532, 29.068464, 0.0)
(43.346172, 29.031588, 0.0)
(43.342907, 29.019445, 0.0)
(43.330849, 29.014839, 0.0)
(40.398712, 26.431467, 0.0)
(36.770493, 23.719854, 0.0)
(34.455444, 23.278599, 0.0)
(34.407001, 23.332727, 0.0)
(34.413990, 23.354704, 0.0)
(34.399395, 23.339687, 0.0)
(34.392738, 23.302353, 0.0)
(34.683281, 23.650589, 0.0)
(34.707977, 23.668184, 0.0)
(34.683090, 23.657671, 0.0)
(34.698402, 23.670071, 0.0)
(34.703304, 23.717237, 0.0)
(34.731354, 23.757704, 0.0)
(34.710621, 23.758066, 0.0)
(34.698097, 23.749033, 0.0)
(34.692299, 23.773022, 0.0)
(34.692299, 23.773022, 0.0)
(34.668648, 23.766222, 0.0)
(34.664188, 23.828630, 0.0)
(34.642586, 23.841013, 0.0)
(34.651577, 23.850294, 0.0)
(34.625641, 23.845366, 0.0)
(34.631062, 23.826700, 0.0)
(34.631062, 23.826700, 0.0)
(34.619728, 23.825102, 0.0)
(34.628777, 23.814476, 0.0)
(34.664867, 23.827448, 0.0)
(34.617184, 23.846230, 0.0)
(34.587307, 23.831835, 0.0)
(34.590965, 23.827692, 0.0)
(34.618706, 23.838182, 0.0)
(34.598553, 23.832222, 0.0)
(34.574257, 23.824091, 0.0)
(34.598045, 23.813017, 0.0)
(34.625439, 23.826279, 0.0)
(34.583801, 23.834217, 0.0)
(34.605045, 23.815825, 0.0)
(35.876541, 22.506821, 0.0)
(37.922653, 20.490608, 0.0)
(38.718395, 20.088520, 0.0)
(38.762211, 20.114811, 0.0)
(38.757832, 20.124741, 0.0)
(38.742168, 20.191349, 0.0)
(38.751156, 20.170046, 0.0)
(39.027683, 20.178947, 0.0)
(39.312439, 20.168432, 0.0)
(39.363045, 20.172264, 0.0)
(39.375389, 20.195318, 0.0)
(39.407818, 20.200230, 0.0)
(39.740826, 20.081573, 0.0)
(39.767345, 20.085005, 0.0)
(39.769520, 20.117216, 0.0)
(39.790894, 20.096354, 0.0)
(39.781467, 20.074442, 0.0)
(39.788994, 20.009825, 0.0)
(39.803272, 20.016689, 0.0)
(39.817795, 20.049967, 0.0)
(39.823650, 20.066753, 0.0)
(39.823650, 20.066753, 0.0)
(39.813862, 20.131868, 0.0)
(39.804859, 20.143761, 0.0)
(39.790951, 20.139860, 0.0)
(39.816372, 20.125376, 0.0)
(39.816570, 20.136410, 0.0)
(39.829170, 20.112396, 0.0)
(39.823368, 20.125095, 0.0)
(39.816349, 20.138399, 0.0)
(39.807606, 20.130928, 0.0)
(39.816940, 20.152065, 0.0)
(39.797592, 20.163429, 0.0)
(39.762794, 20.149734, 0.0)
(39.789337, 20.141058, 0.0)
(39.768787, 20.159395, 0.0)
(39.776337, 20.125338, 0.0)
(39.696896, 20.089941, 0.0)
(36.355770, 20.353746, 0.0)
(33.038208, 20.551596, 0.0)
(30.805353, 20.652443, 0.0)
(30.292282, 20.747873, 0.0)
(30.242502, 20.727026, 0.0)
(30.233580, 20.714350, 0.0)
(30.219587, 20.697495, 0.0)
(29.739664, 20.559982, 0.0)
(29.498022, 20.467476, 0.0)
(29.461937, 20.433657, 0.0)
(29.451206, 20.418461, 0.0)
(29.453510, 20.411890, 0.0)
(29.453800, 20.402617, 0.0)
(29.442596, 20.399546, 0.0)
(29.429989, 20.396742, 0.0)
(29.409855, 20.392057, 0.0)
(29.412588, 20.405355, 0.0)
(29.377022, 20.423487, 0.0)
(29.363213, 20.437988, 0.0)
(29.364706, 20.444525, 0.0)
(29.347111, 20.451826, 0.0)
(29.279408, 20.486135, 0.0)
(29.278599, 20.437403, 0.0)
(29.270159, 20.419748, 0.0)
(29.278675, 20.421274, 0.0)
(29.275530, 20.415384, 0.0)
(29.275530, 20.415384, 0.0)
(29.314953, 20.417133, 0.0)
(29.353531, 20.447746, 0.0)
(29.357784, 20.443501, 0.0)
(29.336523, 20.435013, 0.0)
(29.350855, 20.430067, 0.0)
(29.348043, 20.436396, 0.0)
(29.363359, 20.430769, 0.0)
(29.363359, 20.430769, 0.0)
(29.363359, 20.430769, 0.0)
(29.371935, 20.431471, 0.0)
(29.369183, 20.437801, 0.0)
(27.848982, 21.342203, 0.0)
(26.265356, 22.255753, 0.0)
(26.027325, 22.294405, 0.0)
(26.025591, 22.282183, 0.0)
(26.030190, 22.276922, 0.0)
(26.037310, 22.258741, 0.0)
(26.059845, 22.232391, 0.0)
(26.055485, 22.208860, 0.0)
(26.066532, 22.210596, 0.0)
(26.077707, 22.203791, 0.0)
(26.077707, 22.203791, 0.0)
(26.077707, 22.203791, 0.0)
(26.094666, 22.227692, 0.0)
(26.083551, 22.234266, 0.0)
(26.088785, 22.229156, 0.0)
(26.092421, 22.233812, 0.0)
(26.092421, 22.233812, 0.0)
(26.093950, 22.240520, 0.0)
(26.090330, 22.221991, 0.0)
(26.250393, 22.220009, 0.0)
(26.640184, 22.772766, 0.0)
(26.654575, 22.767632, 0.0)
(26.640196, 22.735079, 0.0)
(26.632933, 22.744101, 0.0)
(26.620138, 22.735605, 0.0)
(26.629494, 22.726040, 0.0)
(26.608915, 22.723782, 0.0)
(26.614342, 22.724657, 0.0)
(26.604675, 22.721739, 0.0)
(26.604675, 22.718395, 0.0)
(26.610134, 22.719263, 0.0)
(26.611513, 22.704826, 0.0)
(26.612907, 22.690231, 0.0)
(26.610939, 22.684023, 0.0)
(26.611513, 22.704826, 0.0)
(26.612907, 22.690231, 0.0)
(26.622478, 22.671453, 0.0)
(26.657932, 22.761026, 0.0)
(28.843390, 25.627605, 0.0)
(30.459234, 28.370943, 0.0)
(30.780384, 30.814756, 0.0)
(30.689686, 31.459332, 0.0)
(30.649050, 31.553846, 0.0)
(30.565048, 31.586309, 0.0)
(31.040161, 31.607759, 0.0)
(31.098879, 31.610619, 0.0)
(31.040514, 31.600948, 0.0)
(31.009171, 31.626730, 0.0)
(30.985474, 31.587425, 0.0)
(30.974106, 31.588684, 0.0)
(30.949753, 31.598381, 0.0)
(31.058992, 31.799904, 0.0)
(31.094267, 31.843401, 0.0)
(31.060665, 31.834774, 0.0)
(31.072294, 31.846333, 0.0)
(31.072342, 31.852215, 0.0)
(31.027443, 31.847923, 0.0)
(31.004370, 31.842115, 0.0)
(31.005350, 31.855877, 0.0)
(31.012220, 31.871172, 0.0)
(30.954149, 31.844072, 0.0)
(30.972109, 31.868032, 0.0)
(30.972109, 31.868032, 0.0)
(30.994329, 31.869274, 0.0)
(30.973585, 31.857882, 0.0)
(30.972576, 31.875072, 0.0)
(30.985720, 31.847059, 0.0)
(30.993160, 31.845366, 0.0)
(30.996733, 31.812263, 0.0)
(30.993311, 31.822697, 0.0)
(30.994810, 31.828859, 0.0)
(31.008677, 31.811476, 0.0)
(31.014387, 31.833801, 0.0)
(31.016857, 31.828724, 0.0)
(31.023006, 31.782129, 0.0)
(29.135998, 30.222824, 0.0)
(27.086727, 27.700104, 0.0)
(27.023397, 27.678633, 0.0)
(26.965319, 27.680288, 0.0)
(26.945692, 27.670389, 0.0)
(26.576984, 27.911705, 0.0)
(26.515461, 27.951160, 0.0)
(26.509892, 27.946466, 0.0)
(26.496038, 27.855288, 0.0)
(26.489553, 27.874376, 0.0)
(26.479834, 27.864395, 0.0)
(26.480633, 27.854429, 0.0)
(26.466536, 27.873882, 0.0)
(26.463140, 27.864965, 0.0)
(26.464584, 27.848951, 0.0)
(26.453112, 27.860792, 0.0)
(26.449514, 27.855610, 0.0)
(26.466658, 27.863415, 0.0)
(26.460411, 27.865583, 0.0)
(26.446787, 27.872700, 0.0)
(26.442190, 27.875555, 0.0)
(26.436180, 27.888071, 0.0)
(26.430820, 27.904509, 0.0)
(26.449053, 27.901659, 0.0)
(26.460411, 27.875864, 0.0)
(26.465446, 27.863888, 0.0)
(26.485407, 27.918201, 0.0)
(26.494041, 27.910944, 0.0)
(26.476828, 27.906073, 0.0)
(26.488235, 27.911734, 0.0)
(26.481388, 27.919384, 0.0)
(26.458323, 27.906530, 0.0)
(26.456894, 27.851784, 0.0)
(26.481152, 27.874289, 0.0)
(26.480463, 27.840000, 0.0)
(26.493732, 27.847006, 0.0)
(26.467308, 27.752174, 0.0)
(26.473930, 27.726376, 0.0)
(26.955427, 22.770597, 0.0)
(26.889189, 21.927986, 0.0)
(26.299955, 22.051340, 0.0)
(26.033224, 22.260347, 0.0)
(26.028605, 22.265671, 0.0)
(26.003069, 22.290831, 0.0)
(25.987406, 22.272799, 0.0)
(25.988186, 22.323793, 0.0)
(25.983891, 22.329382, 0.0)
(25.945280, 22.333046, 0.0)
(25.934223, 22.336014, 0.0)
(25.934223, 22.336014, 0.0)
(25.927025, 22.358652, 0.0)
(25.924749, 22.345444, 0.0)
(25.924749, 22.345444, 0.0)
(25.922449, 22.407835, 0.0)
(25.925949, 22.396008, 0.0)
(25.931934, 22.397303, 0.0)
(25.941315, 22.386585, 0.0)
(26.168461, 22.472807, 0.0)
(26.707129, 23.080128, 0.0)
(26.748577, 23.110535, 0.0)
(26.744354, 23.084637, 0.0)
(26.736279, 23.092804, 0.0)
(26.725307, 23.089632, 0.0)
(26.727324, 23.103201, 0.0)
(26.729328, 23.116388, 0.0)
(26.739443, 23.109541, 0.0)
(26.735399, 23.082640, 0.0)
(26.735399, 23.082640, 0.0)
(26.725567, 23.122452, 0.0)
(26.715611, 23.130499, 0.0)
(26.735476, 23.089231, 0.0)
(26.735476, 23.089231, 0.0)
(27.026333, 23.142368, 0.0)
(40.204109, 25.681803, 0.0)
(41.849854, 26.372335, 0.0)
(42.864807, 27.239433, 0.0)
(42.986794, 27.319002, 0.0)
(43.001171, 27.311628, 0.0)
(43.094604, 27.323076, 0.0)
(43.533783, 28.032724, 0.0)
(43.569324, 28.161640, 0.0)
(43.569214, 28.140890, 0.0)
(43.563404, 28.113655, 0.0)
(43.563080, 28.076626, 0.0)
(43.548912, 28.086624, 0.0)
(43.494236, 28.029848, 0.0)
(43.607506, 28.102564, 0.0)
(43.626263, 28.181187, 0.0)
(43.607632, 28.126589, 0.0)
(43.596565, 28.206993, 0.0)
(43.598644, 28.216413, 0.0)
(43.612770, 28.247101, 0.0)
(43.598644, 28.216413, 0.0)
(43.602627, 28.219780, 0.0)
(43.590382, 28.192972, 0.0)
(43.587116, 28.175442, 0.0)
(43.578381, 28.168797, 0.0)
(43.554295, 28.154427, 0.0)
(43.523872, 28.161079, 0.0)
(43.533180, 28.143330, 0.0)
(43.560097, 28.170322, 0.0)
(43.560097, 28.170322, 0.0)
(43.551800, 28.176725, 0.0)
(43.555637, 28.172348, 0.0)
(43.551685, 28.177423, 0.0)
(43.560097, 28.170322, 0.0)
(43.561295, 28.151848, 0.0)
(43.521984, 27.940428, 0.0)
(42.397449, 24.640568, 0.0)
(42.129368, 22.804396, 0.0)
(41.880329, 21.752583, 0.0)
(41.895111, 21.560839, 0.0)
(41.899525, 21.608715, 0.0)
(41.904648, 21.618408, 0.0)
(41.899525, 21.608715, 0.0)
(41.924747, 21.536139, 0.0)
(41.916508, 21.310955, 0.0)
(0.000000, 0.000000, 1.0)
(41.920101, 21.419022, 0.0)
(0.000000, 0.000000, 1.0)
(0.000000, 0.000000, 1.0)
(0.000000, 0.000000, 1.0)
(41.941273, 21.468307, 0.0)
(41.958546, 21.504894, 0.0)
(41.938992, 21.512871, 0.0)
(41.943825, 21.499498, 0.0)
(41.904934, 21.442867, 0.0)
(41.914639, 21.482517, 0.0)
(0.000000, 0.000000, 1.0)
(41.883774, 21.473021, 0.0)
(41.883892, 21.473654, 0.0)
(41.852329, 21.492018, 0.0)
(41.828014, 21.476048, 0.0)
(41.848415, 21.487850, 0.0)
(41.835007, 21.499327, 0.0)
(41.820919, 21.476923, 0.0)
(41.810932, 21.515833, 0.0)
(41.795357, 21.574089, 0.0)
(41.764400, 21.548010, 0.0)
(41.756039, 21.552137, 0.0)
(41.745667, 21.588718, 0.0)
(41.705761, 21.608932, 0.0)
(41.694881, 21.579819, 0.0)
(41.681160, 21.575134, 0.0)
(41.644810, 21.568844, 0.0)
(39.238712, 21.451252, 0.0)
(35.552719, 21.247581, 0.0)
(32.265926, 21.108475, 0.0)
(30.218761, 21.322365, 0.0)
(29.780346, 21.355770, 0.0)
(29.696796, 21.287487, 0.0)
(29.684925, 21.260399, 0.0)
(29.704065, 21.178520, 0.0)
(29.689135, 21.100063, 0.0)
(29.704275, 21.094345, 0.0)
(29.292646, 21.262970, 0.0)
(29.251858, 21.301996, 0.0)
(29.250853, 21.295187, 0.0)
(29.250853, 21.295187, 0.0)
(29.241211, 21.274933, 0.0)
(29.228697, 21.253937, 0.0)
(29.248764, 21.212843, 0.0)
(29.261091, 21.213717, 0.0)
(29.251463, 21.206079, 0.0)
(29.251463, 21.206079, 0.0)
(29.241350, 21.255421, 0.0)
(29.238529, 21.268709, 0.0)
(29.240667, 21.288689, 0.0)
(29.239536, 21.281841, 0.0)
(29.238529, 21.268709, 0.0)
(29.231400, 21.247192, 0.0)
(29.231924, 21.254162, 0.0)
(29.228697, 21.253937, 0.0)
(29.227596, 21.267836, 0.0)
(29.230288, 21.261089, 0.0)
(29.224356, 21.251760, 0.0)
(29.224895, 21.258677, 0.0)
(29.226513, 21.251760, 0.0)
(29.230288, 21.274008, 0.0)
(29.229231, 21.260906, 0.0)
(29.229231, 21.260906, 0.0)
(29.229231, 21.260906, 0.0)
(30.213346, 21.429371, 0.0)
(34.729572, 23.577547, 0.0)
(34.885857, 23.643110, 0.0)
(34.865765, 23.575230, 0.0)
(34.715736, 23.283756, 0.0)
(34.427551, 22.913803, 0.0)
(34.414139, 22.853626, 0.0)
(34.387905, 22.826944, 0.0)
(34.387905, 22.826944, 0.0)
(34.385181, 22.840559, 0.0)
(34.590115, 22.601210, 0.0)
(34.599987, 22.605358, 0.0)
(34.594284, 22.606630, 0.0)
(34.559288, 22.592611, 0.0)
(34.547558, 22.590910, 0.0)
(34.547558, 22.590910, 0.0)
(34.541641, 22.589350, 0.0)
(34.499226, 22.594110, 0.0)
(34.486774, 22.590435, 0.0)
(34.503601, 22.654072, 0.0)
(34.503811, 22.674694, 0.0)
(34.482758, 22.633421, 0.0)
(34.482758, 22.633421, 0.0)
(34.495514, 22.654642, 0.0)
(34.487068, 22.661627, 0.0)
(34.475365, 22.658705, 0.0)
(34.471317, 22.665569, 0.0)
(34.450867, 22.676924, 0.0)
(34.454979, 22.688547, 0.0)
(34.446526, 22.687634, 0.0)
(34.431416, 22.706491, 0.0)
(34.435116, 22.686729, 0.0)
(34.426144, 22.697975, 0.0)
(34.440174, 22.687979, 0.0)
(34.452408, 22.690598, 0.0)
(34.469753, 22.720346, 0.0)
(34.456291, 22.702536, 0.0)
(34.443813, 22.693438, 0.0)
(34.148346, 22.803835, 0.0)
(30.580849, 24.106468, 0.0)
(28.787951, 26.264921, 0.0)
(28.146976, 26.344940, 0.0)
(28.309944, 26.132191, 0.0)
(28.302908, 26.093548, 0.0)
(28.276575, 26.202545, 0.0)
(28.199173, 26.259117, 0.0)
(28.018129, 26.353016, 0.0)
(28.000294, 26.330946, 0.0)
(27.993855, 26.320389, 0.0)
(27.979776, 26.321188, 0.0)
(27.966986, 26.312132, 0.0)
(27.967358, 26.343288, 0.0)
(27.968798, 26.368334, 0.0)
(27.963095, 26.343195, 0.0)
(27.961615, 26.318148, 0.0)
(28.023348, 26.277676, 0.0)
(28.160366, 26.227236, 0.0)
(28.168982, 26.205587, 0.0)
(28.148439, 26.189539, 0.0)
(28.155079, 26.202864, 0.0)
(28.169323, 26.204817, 0.0)
(28.033865, 26.289976, 0.0)
(28.000587, 26.293480, 0.0)
(28.019819, 26.322136, 0.0)
(28.019819, 26.322136, 0.0)
(28.001961, 26.278980, 0.0)
(27.996256, 26.280878, 0.0)
(28.014324, 26.291636, 0.0)
(28.015789, 26.318316, 0.0)
(28.015533, 26.311321, 0.0)
(28.033974, 26.339718, 0.0)
(28.028013, 26.366983, 0.0)
(28.031698, 26.355118, 0.0)
(28.029810, 26.360559, 0.0)
(28.048012, 26.357910, 0.0)
(28.013302, 26.365204, 0.0)
(26.694456, 29.067533, 0.0)
(26.156250, 31.213493, 0.0)
(26.074091, 31.421598, 0.0)
(26.041935, 31.441328, 0.0)
(25.964478, 31.465971, 0.0)
(25.938538, 31.453384, 0.0)
(25.928467, 31.434021, 0.0)
(25.822491, 31.448917, 0.0)
(25.794743, 31.478664, 0.0)
(25.823271, 31.448616, 0.0)
(25.804977, 31.454905, 0.0)
(25.813049, 31.467220, 0.0)
(25.803675, 31.479733, 0.0)
(25.777912, 31.453711, 0.0)
(25.781103, 31.473370, 0.0)
(25.793058, 31.460274, 0.0)
(25.826488, 31.460934, 0.0)
(25.822044, 31.427944, 0.0)
(25.809715, 31.389709, 0.0)
(25.818424, 31.436989, 0.0)
(25.827560, 31.423401, 0.0)
(25.825525, 31.403669, 0.0)
(25.817621, 31.423061, 0.0)
(26.922983, 31.736029, 0.0)
(27.109827, 31.786947, 0.0)
(27.110481, 31.763599, 0.0)
(27.100012, 31.778461, 0.0)
(27.151472, 31.781883, 0.0)
(27.160103, 31.798950, 0.0)
(27.137953, 31.835897, 0.0)
(27.156137, 31.820063, 0.0)
(27.178688, 31.805899, 0.0)
(27.179720, 31.777336, 0.0)
(27.177830, 31.748934, 0.0)
(27.181908, 31.730801, 0.0)
(27.181908, 31.730801, 0.0)
(27.178148, 31.761740, 0.0)
(27.151505, 31.786732, 0.0)
(27.319365, 31.631731, 0.0)
(30.055634, 29.478104, 0.0)
(30.117218, 29.192516, 0.0)
(30.104612, 29.134066, 0.0)
(30.119585, 29.142822, 0.0)
(30.486633, 29.397943, 0.0)
(30.574722, 29.489626, 0.0)
(30.577869, 29.442707, 0.0)
(30.608150, 29.435137, 0.0)
(30.623709, 29.410341, 0.0)
(30.627340, 29.406540, 0.0)
(30.621777, 29.401320, 0.0)
(30.610298, 29.387402, 0.0)
(30.643789, 29.392521, 0.0)
(30.647623, 29.427357, 0.0)
(30.637320, 29.396027, 0.0)
(30.643188, 29.383369, 0.0)
(30.645086, 29.389349, 0.0)
(30.648125, 29.396864, 0.0)
(30.648125, 29.396864, 0.0)
(30.638784, 29.382595, 0.0)
(30.645086, 29.413017, 0.0)
(30.631573, 29.399851, 0.0)
(30.607277, 29.370499, 0.0)
(30.605406, 29.371603, 0.0)
(30.605602, 29.383099, 0.0)
(30.588417, 29.377737, 0.0)
(30.602240, 29.374519, 0.0)
(30.614708, 29.394430, 0.0)
(30.627111, 29.399582, 0.0)
(30.627377, 29.405027, 0.0)
(30.632948, 29.372116, 0.0)
(30.627705, 29.349224, 0.0)
(30.602520, 29.313732, 0.0)
(30.653112, 29.296080, 0.0)
(30.633387, 29.328205, 0.0)
(33.804611, 30.376949, 0.0)
(36.893551, 30.741776, 0.0)
(37.252956, 30.673038, 0.0)
(37.301418, 30.654842, 0.0)
(37.375084, 30.607389, 0.0)
(37.379032, 30.547693, 0.0)
(37.229767, 30.319283, 0.0)
(37.198944, 30.187065, 0.0)
(37.208698, 30.215145, 0.0)
(37.208698, 30.215145, 0.0)
(37.231937, 30.244198, 0.0)
(37.231682, 30.232729, 0.0)
(37.212788, 30.211538, 0.0)
(37.216331, 30.184858, 0.0)
(37.410770, 30.142702, 0.0)
(37.436607, 30.141857, 0.0)
(37.433067, 30.161692, 0.0)
(37.452244, 30.153358, 0.0)
(37.443802, 30.148962, 0.0)
(37.454277, 30.165257, 0.0)
(37.419655, 30.178461, 0.0)
(37.447346, 30.168653, 0.0)
(37.443123, 30.168926, 0.0)
(37.433014, 30.238291, 0.0)
(37.431160, 30.203754, 0.0)
(37.435833, 30.186361, 0.0)
(37.430355, 30.166815, 0.0)
(37.413219, 30.175850, 0.0)
(37.410862, 30.178850, 0.0)
(37.419220, 30.214666, 0.0)
(37.436512, 30.282614, 0.0)
(37.424259, 30.298952, 0.0)
(37.399582, 30.266449, 0.0)
(37.412369, 30.267895, 0.0)
(37.379074, 30.233456, 0.0)
(37.377651, 30.218338, 0.0)
(37.363808, 30.201761, 0.0)
(34.337685, 27.218504, 0.0)
(30.988285, 24.652355, 0.0)
(28.603947, 23.698143, 0.0)
(27.561094, 23.635574, 0.0)
(27.425924, 23.507435, 0.0)
(27.382442, 23.480867, 0.0)
(27.344372, 23.449284, 0.0)
(27.319284, 23.395031, 0.0)
(27.333069, 23.346962, 0.0)
(27.320404, 23.350107, 0.0)
(27.270996, 23.346607, 0.0)
(27.270889, 23.311451, 0.0)
(27.251783, 23.337759, 0.0)
(27.246431, 23.326845, 0.0)
(27.261751, 23.305672, 0.0)
(27.238638, 23.316517, 0.0)
(27.169518, 23.410990, 0.0)
(26.011026, 23.686455, 0.0)
(25.879480, 23.702799, 0.0)
(25.885651, 23.712404, 0.0)
(25.890816, 23.712820, 0.0)
(25.894560, 23.703131, 0.0)
(25.901892, 23.667236, 0.0)
(25.922249, 23.644043, 0.0)
(25.942196, 23.642719, 0.0)
(25.945910, 23.637358, 0.0)
(25.944324, 23.636133, 0.0)
(25.952833, 23.626596, 0.0)
(25.951004, 23.639561, 0.0)
(25.977585, 23.618057, 0.0)
(25.992479, 23.639257, 0.0)
(26.002375, 23.626835, 0.0)
(25.992586, 23.599310, 0.0)
(26.023722, 23.626324, 0.0)
(26.016817, 23.680218, 0.0)
(26.010094, 23.661470, 0.0)
(26.001652, 23.635565, 0.0)
(26.047295, 23.626507, 0.0)
(30.039961, 24.365839, 0.0)
(34.605595, 26.383604, 0.0)
(37.728252, 28.765392, 0.0)
(39.024998, 29.494995, 0.0)
(39.210201, 29.610256, 0.0)
(39.178047, 29.609486, 0.0)
(39.186661, 29.580547, 0.0)
(39.163052, 29.567801, 0.0)
(39.166016, 29.555141, 0.0)
(39.168102, 29.534939, 0.0)
(39.157925, 29.511110, 0.0)
(39.157925, 29.511110, 0.0)
(39.161556, 29.515089, 0.0)
(39.155518, 29.559952, 0.0)
(39.137455, 29.599762, 0.0)
(39.105827, 29.573360, 0.0)
(39.111492, 29.547544, 0.0)
(39.079288, 29.559162, 0.0)
(39.044872, 29.580078, 0.0)
(39.054855, 29.605793, 0.0)
(39.036636, 29.652103, 0.0)
(39.031166, 29.660677, 0.0)
(39.034420, 29.683130, 0.0)
(39.049381, 29.673889, 0.0)
(39.056870, 29.689453, 0.0)
(39.054417, 29.664934, 0.0)
(39.066780, 29.638435, 0.0)
(39.059624, 29.643835, 0.0)
(39.066780, 29.638435, 0.0)
(39.053898, 29.652807, 0.0)
(39.042580, 29.647266, 0.0)
(39.039455, 29.650387, 0.0)
(39.015121, 29.641977, 0.0)
(39.016880, 29.620512, 0.0)
(39.004299, 29.643553, 0.0)
(38.985004, 29.661337, 0.0)
(38.984306, 29.636446, 0.0)
(38.979080, 29.642878, 0.0)
(38.710159, 29.628258, 0.0)
(34.659359, 27.297466, 0.0)
(30.960705, 25.666834, 0.0)
(28.276304, 25.543163, 0.0)
(26.505919, 25.957090, 0.0)
(26.039541, 26.061434, 0.0)
(25.967869, 26.074337, 0.0)
(25.934332, 26.073889, 0.0)
(25.903954, 26.065477, 0.0)
(25.879768, 26.025934, 0.0)
(25.902830, 25.977467, 0.0)
(25.736412, 26.117340, 0.0)
(24.776766, 26.674805, 0.0)
(24.720491, 26.724566, 0.0)
(24.731348, 26.731409, 0.0)
(24.736328, 26.715666, 0.0)
(24.740538, 26.716892, 0.0)
(24.739044, 26.709930, 0.0)
(24.739044, 26.709930, 0.0)
(24.750612, 26.683077, 0.0)
(24.739979, 26.698456, 0.0)
(24.738956, 26.673586, 0.0)
(24.735546, 26.664209, 0.0)
(24.749580, 26.702730, 0.0)
(24.753376, 26.728743, 0.0)
(24.749727, 26.719555, 0.0)
(24.742693, 26.723637, 0.0)
(24.755920, 26.739454, 0.0)
(24.742693, 26.723637, 0.0)
(24.733974, 26.671494, 0.0)
(24.742979, 26.648525, 0.0)
(24.747923, 26.676231, 0.0)
(24.750351, 26.664640, 0.0)
(24.754341, 26.678898, 0.0)
(24.758055, 26.699249, 0.0)
(24.760799, 26.693394, 0.0)
(24.755617, 26.715559, 0.0)
(24.765238, 26.650829, 0.0)
(25.219786, 26.620588, 0.0)
(26.126049, 26.969727, 0.0)
(26.227163, 26.984917, 0.0)
(26.219023, 26.980476, 0.0)
(26.261923, 26.973078, 0.0)
(26.292269, 26.968269, 0.0)
(26.305067, 26.972187, 0.0)
(26.336588, 26.951653, 0.0)
(26.134203, 27.124357, 0.0)
(26.180553, 27.099535, 0.0)
(26.200111, 27.083103, 0.0)
(26.200565, 27.082161, 0.0)
(26.164709, 27.074230, 0.0)
(26.177521, 27.074736, 0.0)
(26.185909, 27.097990, 0.0)
(26.194721, 27.130804, 0.0)
(26.219217, 27.118143, 0.0)
(26.218557, 27.104338, 0.0)
(26.219654, 27.090403, 0.0)
(26.232548, 27.083431, 0.0)
(26.216959, 27.068558, 0.0)
(26.219433, 27.020390, 0.0)
(26.259899, 27.073854, 0.0)
(26.241909, 27.035795, 0.0)
(26.257915, 27.028816, 0.0)
(26.325670, 26.999256, 0.0)
(26.604855, 27.062155, 0.0)
(26.614620, 27.052368, 0.0)
(26.596994, 27.002462, 0.0)
(26.606804, 27.002766, 0.0)
(26.611956, 26.976591, 0.0)
(26.607855, 26.947535, 0.0)
(26.611712, 26.951643, 0.0)
(26.640041, 27.003574, 0.0)
(26.643621, 27.028790, 0.0)
(26.626318, 27.008749, 0.0)
(26.634073, 26.984690, 0.0)
(27.524040, 26.792202, 0.0)
(32.315605, 25.676924, 0.0)
(36.089504, 25.272343, 0.0)
(38.600189, 25.379311, 0.0)
(38.895229, 25.374851, 0.0)
(38.953030, 25.372984, 0.0)
(38.944145, 25.362471, 0.0)
(38.954609, 25.321564, 0.0)
(38.978455, 25.282644, 0.0)
(39.279099, 25.304344, 0.0)
(39.317791, 25.287468, 0.0)
(39.301929, 25.287281, 0.0)
(39.322430, 25.286522, 0.0)
(39.309975, 25.314653, 0.0)
(39.295853, 25.329298, 0.0)
(39.252323, 25.285393, 0.0)
(39.259602, 25.286154, 0.0)
(39.279099, 25.304344, 0.0)
(39.282604, 25.310802, 0.0)
(39.280502, 25.282383, 0.0)
(39.279129, 25.321199, 0.0)
(39.299320, 25.386795, 0.0)
(39.290905, 25.361681, 0.0)
(39.272793, 25.333281, 0.0)
(39.271194, 25.351282, 0.0)
(39.277473, 25.321543, 0.0)
(39.271194, 25.339743, 0.0)
(39.271194, 25.339743, 0.0)
(39.295338, 25.358948, 0.0)
(39.285645, 25.351282, 0.0)
(39.275852, 25.353846, 0.0)
(39.287281, 25.319139, 0.0)
(39.278732, 25.309092, 0.0)
(39.271046, 25.306534, 0.0)
(39.242775, 25.312820, 0.0)
(39.245499, 25.299004, 0.0)
(39.248672, 25.313244, 0.0)
(39.258701, 25.322449, 0.0)
(38.568775, 25.479984, 0.0)
(34.894474, 27.267771, 0.0)
(31.528307, 28.547121, 0.0)
(29.164825, 29.835417, 0.0)
(27.425282, 30.793846, 0.0)
(26.427181, 31.728830, 0.0)
(26.257126, 31.923077, 0.0)
(26.178093, 31.979748, 0.0)
(26.168358, 31.955526, 0.0)
(26.188694, 31.943676, 0.0)
(26.215342, 32.550716, 0.0)
(26.205820, 32.670612, 0.0)
(26.185625, 32.639896, 0.0)
(26.182310, 32.648857, 0.0)
(26.190468, 32.668346, 0.0)
(26.186945, 32.659912, 0.0)
(26.189165, 32.664959, 0.0)
(26.174891, 32.694153, 0.0)
(26.173410, 32.693661, 0.0)
(26.165567, 32.672916, 0.0)
(26.155645, 32.669247, 0.0)
(26.169889, 32.698013, 0.0)
(26.171913, 32.675678, 0.0)
(26.152098, 32.642735, 0.0)
(26.129622, 32.619907, 0.0)
(26.137781, 32.623455, 0.0)
(26.137781, 32.623455, 0.0)
(26.138777, 32.603737, 0.0)
(26.125652, 32.631527, 0.0)
(26.135843, 32.629341, 0.0)
(26.120047, 32.619175, 0.0)
(26.126980, 32.598305, 0.0)
(26.110445, 32.578339, 0.0)
(26.086576, 32.600594, 0.0)
(26.117165, 32.512402, 0.0)
(26.114174, 32.523838, 0.0)
(26.119207, 32.499371, 0.0)
(26.368116, 32.361259, 0.0)
(30.400991, 29.048351, 0.0)
(34.364006, 26.617674, 0.0)
(37.638222, 25.627127, 0.0)
(40.211349, 25.558500, 0.0)
(41.926304, 25.938381, 0.0)
(42.322304, 26.071344, 0.0)
(42.375877, 26.065697, 0.0)
(42.374969, 26.096991, 0.0)
(42.364113, 26.115883, 0.0)
(42.633930, 26.920082, 0.0)
(42.671200, 26.954571, 0.0)
(42.671665, 26.975653, 0.0)
(42.625809, 26.964968, 0.0)
(42.616791, 26.982870, 0.0)
(42.622856, 27.036617, 0.0)
(42.608543, 27.030373, 0.0)
(42.591919, 27.061796, 0.0)
(42.584457, 27.061880, 0.0)
(42.570793, 27.035671, 0.0)
(42.557774, 26.998180, 0.0)
(42.535164, 26.994871, 0.0)
(42.504536, 27.017616, 0.0)
(42.489697, 27.011784, 0.0)
(42.526711, 27.100336, 0.0)
(42.505787, 27.045916, 0.0)
(42.527695, 27.070412, 0.0)
(42.531853, 27.056299, 0.0)
(42.562504, 27.050095, 0.0)
(42.561447, 27.070234, 0.0)
(42.552956, 27.075579, 0.0)
(42.543869, 27.016247, 0.0)
(42.543869, 27.016247, 0.0)
(42.543354, 26.999264, 0.0)
(42.540207, 26.974417, 0.0)
(42.541771, 26.973131, 0.0)
(42.541771, 26.973131, 0.0)
(41.919987, 27.075630, 0.0)
(38.192108, 28.644281, 0.0)
(37.459984, 28.992325, 0.0)
(37.380550, 28.976048, 0.0)
(37.380798, 28.904892, 0.0)
(37.371902, 28.907627, 0.0)
(37.366108, 28.959612, 0.0)
(37.364552, 28.977230, 0.0)
(37.358677, 28.992437, 0.0)
(37.464520, 28.991161, 0.0)
(37.551895, 28.993145, 0.0)
(37.551876, 28.973143, 0.0)
(37.536415, 29.019487, 0.0)
(37.527702, 28.995121, 0.0)
(37.506535, 29.040186, 0.0)
(37.490330, 29.056059, 0.0)
(37.472858, 29.079498, 0.0)
(37.474552, 29.085461, 0.0)
(37.476242, 29.061264, 0.0)
(37.444904, 29.054457, 0.0)
(37.434299, 29.024876, 0.0)
(37.442711, 29.100105, 0.0)
(37.420883, 29.109135, 0.0)
(37.410858, 29.145868, 0.0)
(37.398281, 29.154175, 0.0)
(37.403824, 29.164673, 0.0)
(37.388584, 29.157520, 0.0)
(37.390533, 29.126442, 0.0)
(37.397270, 29.117510, 0.0)
(37.377453, 29.124540, 0.0)
(37.381794, 29.124693, 0.0)
(37.386200, 29.132212, 0.0)
(37.375042, 29.148478, 0.0)
(37.366699, 29.144615, 0.0)
(37.357632, 29.108416, 0.0)
(37.347809, 29.132719, 0.0)
(37.354446, 29.128525, 0.0)
(37.323338, 29.111057, 0.0)
(37.324371, 29.127728, 0.0)
(39.992657, 27.572401, 0.0)
(42.042233, 26.342230, 0.0)
(43.054173, 26.141682, 0.0)
(43.225906, 26.242735, 0.0)
(43.242252, 26.274591, 0.0)
(43.228897, 26.271263, 0.0)
(43.211365, 26.224281, 0.0)
(43.487427, 26.367233, 0.0)
(43.537422, 26.382133, 0.0)
(43.538586, 26.337633, 0.0)
(43.543472, 26.332520, 0.0)
(43.547573, 26.341017, 0.0)
(43.543472, 26.332520, 0.0)
(43.539497, 26.347008, 0.0)
(43.539497, 26.347008, 0.0)
(43.543091, 26.355497, 0.0)
(43.543091, 26.355497, 0.0)
(43.549416, 26.374483, 0.0)
(43.510559, 26.350065, 0.0)
(43.530716, 26.384296, 0.0)
(43.532631, 26.400425, 0.0)
(43.503681, 26.377239, 0.0)
(43.482533, 26.400621, 0.0)
(43.499454, 26.394178, 0.0)
(43.474396, 26.379625, 0.0)
(43.454597, 26.377977, 0.0)
(43.473225, 26.396872, 0.0)
(43.488487, 26.427601, 0.0)
(43.447384, 26.405298, 0.0)
(43.440033, 26.401222, 0.0)
(43.438614, 26.389334, 0.0)
(43.434410, 26.384258, 0.0)
(43.430965, 26.370676, 0.0)
(43.434803, 26.366453, 0.0)
(43.416588, 26.358088, 0.0)
(43.416588, 26.358088, 0.0)
(43.420731, 26.363897, 0.0)
(43.212566, 26.315563, 0.0)
(39.120178, 24.853827, 0.0)
(35.114037, 24.063108, 0.0)
(32.320892, 24.248091, 0.0)
(31.638542, 24.416655, 0.0)
(31.558008, 24.431471, 0.0)
(31.573929, 24.430346, 0.0)
(31.578487, 24.433889, 0.0)
(32.252674, 24.438129, 0.0)
(32.303009, 24.396915, 0.0)
(32.291527, 24.363707, 0.0)
(32.301453, 24.363651, 0.0)
(32.290802, 24.364244, 0.0)
(32.292358, 24.371750, 0.0)
(32.281456, 24.371737, 0.0)
(32.276287, 24.382940, 0.0)
(32.276287, 24.382940, 0.0)
(32.266766, 24.385311, 0.0)
(32.256931, 24.375982, 0.0)
(32.266212, 24.368620, 0.0)
(32.263069, 24.360722, 0.0)
(32.251289, 24.344616, 0.0)
(32.239643, 24.364380, 0.0)
(32.239964, 24.357740, 0.0)
(32.246475, 24.374081, 0.0)
(32.246475, 24.374081, 0.0)
(32.253311, 24.381357, 0.0)
(32.229618, 24.369230, 0.0)
(32.242607, 24.322260, 0.0)
(32.242607, 24.322260, 0.0)
(32.244553, 24.309467, 0.0)
(32.242226, 24.291283, 0.0)
(32.249733, 24.307840, 0.0)
(32.256927, 24.315182, 0.0)
(32.256927, 24.315182, 0.0)
(32.241306, 24.304298, 0.0)
(32.244553, 24.309467, 0.0)
(32.241306, 24.304298, 0.0)
(31.417898, 23.983095, 0.0)
(28.709940, 22.609837, 0.0)
(27.959490, 22.323891, 0.0)
(27.847912, 22.368547, 0.0)
(27.817039, 22.403345, 0.0)
(27.796795, 22.381989, 0.0)
(27.596380, 22.137793, 0.0)
(27.488026, 22.069315, 0.0)
(27.487333, 22.038788, 0.0)
(27.480965, 22.036428, 0.0)
(27.480576, 22.041502, 0.0)
(27.503195, 22.075886, 0.0)
(27.491943, 22.076878, 0.0)
(27.493929, 22.083204, 0.0)
(27.499582, 22.081234, 0.0)
(27.484173, 22.093040, 0.0)
(27.491943, 22.076878, 0.0)
(27.504234, 22.063684, 0.0)
(27.510149, 22.091593, 0.0)
(27.513659, 22.106726, 0.0)
(27.503252, 22.102652, 0.0)
(27.517847, 22.095436, 0.0)
(27.514322, 22.115448, 0.0)
(27.517534, 22.121025, 0.0)
(27.503977, 22.100128, 0.0)
(27.519253, 22.088608, 0.0)
(27.523699, 22.084383, 0.0)
(27.528679, 22.059849, 0.0)
(27.530630, 22.052807, 0.0)
(27.530630, 22.052807, 0.0)
(27.528172, 22.046999, 0.0)
(27.527481, 22.032808, 0.0)
(27.528172, 22.046999, 0.0)
(27.530630, 22.052807, 0.0)
(27.528172, 22.046999, 0.0)
(27.514067, 22.021564, 0.0)
(27.530630, 22.052807, 0.0)
(27.544016, 22.057671, 0.0)
(29.726124, 23.791962, 0.0)
(33.422337, 26.751862, 0.0)
(35.905224, 29.929440, 0.0)
(37.712921, 31.839420, 0.0)
(38.112633, 31.957417, 0.0)
(38.048676, 31.938595, 0.0)
(38.156502, 31.868788, 0.0)
(39.087204, 31.391592, 0.0)
(39.219254, 31.372776, 0.0)
(39.183182, 31.397141, 0.0)
(39.190136, 31.349762, 0.0)
(39.397213, 31.239851, 0.0)
(39.541100, 31.306049, 0.0)
(39.551407, 31.286785, 0.0)
(39.560547, 31.260506, 0.0)
(39.534538, 31.251450, 0.0)
(39.546600, 31.260067, 0.0)
(39.551346, 31.272221, 0.0)
(39.552208, 31.305511, 0.0)
(39.525009, 31.297110, 0.0)
(39.520741, 31.265783, 0.0)
(39.531418, 31.247499, 0.0)
(39.533146, 31.233368, 0.0)
(39.525814, 31.229534, 0.0)
(39.216728, 31.186457, 0.0)
(39.187397, 31.181551, 0.0)
(39.168999, 31.188227, 0.0)
(39.155270, 31.173313, 0.0)
(39.153442, 31.167393, 0.0)
(39.155270, 31.173313, 0.0)
(39.144051, 31.100031, 0.0)
(39.154171, 31.049505, 0.0)
(39.146210, 31.054535, 0.0)
(39.143597, 31.087099, 0.0)
(39.128975, 31.094231, 0.0)
(39.104443, 31.080681, 0.0)
(39.093678, 31.058716, 0.0)
(39.230377, 30.837404, 0.0)
(41.689381, 27.789150, 0.0)
(42.863689, 26.798073, 0.0)
(43.077606, 26.885754, 0.0)
(43.112198, 26.912607, 0.0)
(43.199978, 26.989416, 0.0)
(43.506786, 27.242781, 0.0)
(43.543289, 27.272787, 0.0)
(43.567448, 27.217978, 0.0)
(43.560165, 27.213362, 0.0)
(43.587704, 27.158249, 0.0)
(43.624329, 27.190590, 0.0)
(43.591522, 27.181767, 0.0)
(43.576580, 27.181124, 0.0)
(43.566898, 27.203001, 0.0)
(43.634911, 27.300285, 0.0)
(43.656563, 27.360600, 0.0)
(43.656563, 27.360600, 0.0)
(43.662884, 27.393732, 0.0)
(43.656017, 27.402359, 0.0)
(43.656017, 27.402359, 0.0)
(43.657745, 27.404369, 0.0)
(43.654915, 27.378462, 0.0)
(43.659576, 27.350170, 0.0)
(43.643871, 27.356361, 0.0)
(43.638996, 27.336447, 0.0)
(43.644344, 27.364626, 0.0)
(43.656681, 27.341713, 0.0)
(43.622543, 27.317692, 0.0)
(43.631214, 27.281538, 0.0)
(43.651402, 27.257593, 0.0)
(43.659050, 27.282442, 0.0)
(43.653778, 27.272093, 0.0)
(42.989193, 26.834511, 0.0)
(42.841423, 26.716589, 0.0)
(42.884533, 26.733208, 0.0)
(42.880184, 26.704653, 0.0)
(42.875500, 26.698929, 0.0)
(42.886211, 26.715744, 0.0)
(40.264454, 24.317472, 0.0)
(38.310101, 22.496294, 0.0)
(38.259182, 22.225309, 0.0)
(38.256317, 22.272163, 0.0)
(38.274590, 22.286180, 0.0)
(38.947121, 22.687057, 0.0)
(38.972279, 22.721506, 0.0)
(38.951599, 22.691711, 0.0)
(38.963650, 22.681643, 0.0)
(38.980621, 22.641510, 0.0)
(38.989395, 22.690763, 0.0)
(39.065159, 22.769640, 0.0)
(39.055058, 22.966070, 0.0)
(39.061317, 22.981127, 0.0)
(39.056232, 22.936295, 0.0)
(39.048538, 22.895679, 0.0)
(39.044525, 22.856548, 0.0)
(39.044525, 22.856548, 0.0)
(39.042698, 22.863937, 0.0)
(39.035110, 22.846050, 0.0)
(39.017185, 22.898052, 0.0)
(39.007675, 22.927818, 0.0)
(38.997177, 22.939308, 0.0)
(38.993698, 22.932804, 0.0)
(38.995323, 22.909554, 0.0)
(39.005489, 22.906328, 0.0)
(38.996910, 22.895405, 0.0)
(39.005489, 22.906328, 0.0)
(38.995323, 22.909554, 0.0)
(38.989773, 22.922289, 0.0)
(38.987862, 22.929508, 0.0)
(39.001125, 22.912754, 0.0)
(38.993698, 22.932804, 0.0)
(39.000076, 22.940260, 0.0)
(38.989395, 22.936918, 0.0)
(38.984314, 22.926785, 0.0)
(38.995594, 22.925550, 0.0)
(37.366653, 24.006968, 0.0)
(34.338535, 26.497770, 0.0)
(33.140312, 27.778105, 0.0)
(32.924854, 27.981766, 0.0)
(32.889400, 27.978540, 0.0)
(32.818142, 27.986912, 0.0)
(32.765072, 27.968132, 0.0)
(32.916832, 27.953636, 0.0)
(33.079842, 28.039621, 0.0)
(33.089321, 28.045387, 0.0)
(33.079967, 28.042221, 0.0)
(33.065746, 28.044544, 0.0)
(33.037781, 27.990438, 0.0)
(33.042599, 27.977369, 0.0)
(33.038048, 27.942923, 0.0)
(33.033367, 27.955162, 0.0)
(32.854877, 27.988045, 0.0)
(32.797710, 27.999876, 0.0)
(32.828190, 28.026718, 0.0)
(32.821171, 28.036539, 0.0)
(32.817371, 28.049183, 0.0)
(32.810863, 28.021944, 0.0)
(32.813446, 28.017345, 0.0)
(32.825993, 28.001179, 0.0)
(32.826511, 27.984055, 0.0)
(32.817524, 27.919178, 0.0)
(32.845177, 27.891598, 0.0)
(32.860096, 27.981550, 0.0)
(32.831657, 27.991684, 0.0)
(32.825916, 27.952772, 0.0)
(32.850727, 27.904638, 0.0)
(32.853985, 27.897436, 0.0)
(32.837852, 27.853979, 0.0)
(32.834850, 27.845093, 0.0)
(32.825203, 27.900072, 0.0)
(32.829388, 27.920479, 0.0)
(32.827850, 27.911163, 0.0)
(32.890717, 27.858496, 0.0)
(36.542603, 26.117882, 0.0)
(39.480961, 25.167400, 0.0)
(40.995293, 24.655708, 0.0)
(41.829754, 24.583643, 0.0)
(42.169369, 24.664480, 0.0)
(42.239319, 24.690363, 0.0)
(42.293377, 24.677275, 0.0)
(42.306011, 24.583504, 0.0)
(42.333984, 24.599527, 0.0)
(42.352528, 24.592016, 0.0)
(42.394779, 24.582035, 0.0)
(42.399685, 24.580334, 0.0)
(42.364986, 24.644156, 0.0)
(42.307560, 24.784468, 0.0)
(42.314034, 24.800970, 0.0)
(42.314034, 24.800970, 0.0)
(42.304047, 24.777693, 0.0)
(42.301960, 24.760136, 0.0)
(42.299816, 24.770485, 0.0)
(42.289234, 24.761850, 0.0)
(42.379677, 24.737652, 0.0)
(42.382881, 24.709934, 0.0)
(42.342766, 24.692108, 0.0)
(42.331532, 24.685261, 0.0)
(42.319820, 24.669907, 0.0)
(42.324749, 24.668133, 0.0)
(42.324749, 24.668133, 0.0)
(42.302891, 24.715435, 0.0)
(42.287010, 24.707989, 0.0)
(42.265312, 24.707302, 0.0)
(42.278347, 24.692701, 0.0)
(42.269714, 24.684933, 0.0)
(42.260525, 24.670967, 0.0)
(42.270046, 24.676924, 0.0)
(42.283920, 24.722340, 0.0)
(42.286415, 24.738857, 0.0)
(42.282005, 24.742432, 0.0)
(42.248573, 24.728693, 0.0)
(39.638622, 24.530729, 0.0)
(35.489456, 23.037561, 0.0)
(28.972878, 22.370415, 0.0)
(29.090008, 22.495447, 0.0)
(29.149698, 22.628063, 0.0)
(29.110012, 22.645498, 0.0)
(29.103611, 22.662697, 0.0)
(29.097454, 22.674095, 0.0)
(29.703773, 22.444996, 0.0)
(29.729944, 22.424746, 0.0)
(29.714806, 22.428427, 0.0)
(29.693806, 22.422781, 0.0)
(29.694151, 22.440922, 0.0)
(29.690424, 22.422941, 0.0)
(29.676706, 22.417316, 0.0)
(29.685059, 22.424864, 0.0)
(29.691580, 22.435253, 0.0)
(29.673035, 22.431944, 0.0)
(29.666885, 22.415226, 0.0)
(29.680016, 22.408226, 0.0)
(29.690491, 22.410812, 0.0)
(29.683525, 22.406410, 0.0)
(29.683525, 22.406410, 0.0)
(29.679672, 22.397436, 0.0)
(29.666443, 22.418785, 0.0)
(29.677095, 22.413675, 0.0)
(29.673309, 22.416410, 0.0)
(29.664307, 22.408579, 0.0)
(29.674076, 22.432688, 0.0)
(29.674076, 22.432688, 0.0)
(29.674076, 22.432688, 0.0)
(29.665119, 22.450441, 0.0)
(29.665119, 22.450441, 0.0)
(29.665119, 22.450441, 0.0)
(29.683125, 22.440474, 0.0)
(29.677475, 22.436199, 0.0)
(29.689560, 22.410984, 0.0)
(29.613783, 22.627632, 0.0)
(25.796392, 23.359058, 0.0)
(25.558180, 23.529097, 0.0)
(25.550295, 23.815729, 0.0)
(25.560017, 23.829613, 0.0)
(25.566200, 23.851553, 0.0)
(25.569685, 23.856411, 0.0)
(25.574554, 23.878963, 0.0)
(25.580593, 23.852711, 0.0)
(25.714827, 23.957483, 0.0)
(25.980459, 24.470442, 0.0)
(26.001251, 24.487658, 0.0)
(25.990705, 24.471794, 0.0)
(25.961575, 24.522783, 0.0)
(25.955425, 24.508892, 0.0)
(25.952667, 24.493469, 0.0)
(25.952667, 24.493469, 0.0)
(25.952766, 24.467106, 0.0)
(25.969587, 24.459547, 0.0)
(25.979631, 24.449524, 0.0)
(25.984266, 24.445240, 0.0)
(26.000681, 24.491100, 0.0)
(26.017126, 24.470013, 0.0)
(26.022490, 24.469652, 0.0)
(26.022049, 24.466705, 0.0)
(26.022049, 24.466705, 0.0)
(26.022049, 24.466705, 0.0)
(26.016932, 24.448795, 0.0)
(26.031538, 24.459755, 0.0)
(26.029337, 24.453962, 0.0)
(26.041056, 24.457451, 0.0)
(26.055929, 24.416405, 0.0)
(26.099377, 24.441700, 0.0)
(30.033596, 23.671520, 0.0)
(36.154121, 22.294506, 0.0)
(36.034176, 22.009756, 0.0)
(35.992371, 22.068966, 0.0)
(36.045074, 22.204195, 0.0)
(36.229134, 22.223454, 0.0)
(36.885384, 22.713699, 0.0)
(36.948860, 22.720604, 0.0)
(36.967575, 22.714340, 0.0)
(36.956501, 22.716288, 0.0)
(36.962257, 22.743082, 0.0)
(36.971493, 22.764307, 0.0)
(36.930996, 22.803999, 0.0)
(36.912010, 22.793846, 0.0)
(36.897160, 22.791548, 0.0)
(36.906498, 22.814259, 0.0)
(36.877186, 22.809156, 0.0)
(36.874359, 22.821415, 0.0)
(36.877266, 22.841515, 0.0)
(36.872696, 22.844246, 0.0)
(36.866051, 22.853544, 0.0)
(36.872696, 22.844246, 0.0)
(36.869759, 22.824223, 0.0)
(36.858543, 22.806576, 0.0)
(36.858543, 22.806576, 0.0)
(36.873390, 22.840694, 0.0)
(36.873390, 22.840694, 0.0)
(36.877682, 22.833574, 0.0)
(36.860657, 22.772921, 0.0)
(36.891003, 22.794390, 0.0)
(36.891003, 22.794390, 0.0)
(36.881786, 22.755096, 0.0)
(36.878159, 22.742685, 0.0)
(36.917191, 22.775158, 0.0)
(36.922752, 22.792307, 0.0)
(36.929745, 22.769230, 0.0)
(36.908398, 22.782354, 0.0)
(35.384529, 25.134651, 0.0)
(33.269203, 28.729818, 0.0)
(32.255836, 30.972761, 0.0)
(31.877674, 31.220419, 0.0)
(31.788782, 31.214970, 0.0)
(30.404516, 31.823685, 0.0)
(30.134874, 31.965242, 0.0)
(30.072929, 31.944212, 0.0)
(30.018353, 31.901308, 0.0)
(29.694225, 32.110092, 0.0)
(29.462778, 32.262749, 0.0)
(29.422682, 32.278286, 0.0)
(29.404346, 32.265503, 0.0)
(29.392826, 32.239243, 0.0)
(29.359743, 32.291100, 0.0)
(29.336569, 32.272999, 0.0)
(29.282812, 32.299908, 0.0)
(29.274408, 32.307316, 0.0)
(29.262882, 32.334248, 0.0)
(29.219406, 32.340405, 0.0)
(29.176159, 32.351070, 0.0)
(29.152136, 32.342163, 0.0)
(29.135330, 32.324860, 0.0)
(29.119400, 32.320889, 0.0)
(29.105581, 32.284966, 0.0)
(29.097992, 32.285496, 0.0)
(29.086205, 32.265377, 0.0)
(29.099556, 32.218143, 0.0)
(29.081253, 32.206383, 0.0)
(29.084871, 32.201153, 0.0)
(29.077049, 32.189350, 0.0)
(29.077049, 32.189350, 0.0)
(29.077049, 32.189350, 0.0)
(29.076159, 32.195950, 0.0)
(29.080128, 32.199833, 0.0)
(29.067747, 32.179409, 0.0)
(29.087799, 32.154575, 0.0)
(29.695251, 29.141851, 0.0)
(31.694889, 22.833817, 0.0)
(32.693096, 22.239389, 0.0)
(32.883896, 22.128645, 0.0)
(32.942982, 22.190336, 0.0)
(32.459976, 21.924894, 0.0)
(32.333126, 21.832134, 0.0)
(32.340401, 21.840559, 0.0)
(32.315067, 21.784929, 0.0)
(32.302364, 21.777067, 0.0)
(32.164364, 21.585953, 0.0)
(32.120411, 21.555168, 0.0)
(32.117096, 21.569834, 0.0)
(32.093536, 21.576923, 0.0)
(32.076038, 21.584749, 0.0)
(32.080353, 21.593361, 0.0)
(32.071144, 21.636778, 0.0)
(32.033329, 21.643797, 0.0)
(32.044147, 21.651127, 0.0)
(32.068062, 21.708286, 0.0)
(32.048851, 21.706095, 0.0)
(32.016964, 21.680473, 0.0)
(32.044498, 21.677235, 0.0)
(32.063419, 21.679825, 0.0)
(32.027107, 21.681343, 0.0)
(31.995832, 21.662926, 0.0)
(32.014629, 21.682400, 0.0)
(32.023315, 21.673950, 0.0)
(32.002090, 21.669188, 0.0)
(31.981451, 21.650568, 0.0)
(31.981451, 21.650568, 0.0)
(32.002090, 21.669188, 0.0)
(31.957962, 21.658043, 0.0)
(31.982334, 21.656698, 0.0)
(32.007858, 21.648987, 0.0)
(32.014187, 21.667831, 0.0)
(33.255512, 21.930202, 0.0)
(37.785454, 23.300850, 0.0)
(40.684074, 24.572237, 0.0)
(42.127018, 25.249369, 0.0)
(42.283680, 25.244970, 0.0)
(42.307335, 25.206793, 0.0)
(42.295925, 25.205994, 0.0)
(42.314228, 25.197420, 0.0)
(42.613678, 25.721111, 0.0)
(42.633469, 25.742802, 0.0)
(42.620178, 25.723471, 0.0)
(42.623291, 25.737442, 0.0)
(42.636417, 25.774616, 0.0)
(42.609333, 25.766603, 0.0)
(42.578033, 25.750183, 0.0)
(42.585541, 25.771299, 0.0)
(42.577511, 25.798601, 0.0)
(42.577549, 25.790993, 0.0)
(42.575119, 25.791605, 0.0)
(42.580967, 25.781015, 0.0)
(42.387840, 25.929705, 0.0)
(42.377365, 25.953684, 0.0)
(42.392147, 25.926252, 0.0)
(42.416874, 25.962578, 0.0)
(42.421715, 25.921740, 0.0)
(42.440647, 25.944752, 0.0)
(42.425919, 25.961517, 0.0)
(42.439972, 25.982382, 0.0)
(42.425919, 25.961517, 0.0)
(42.406765, 25.962858, 0.0)
(42.424587, 25.953089, 0.0)
(42.422390, 25.945419, 0.0)
(42.422741, 25.931128, 0.0)
(42.403484, 25.923035, 0.0)
(42.424950, 25.938799, 0.0)
(42.403484, 25.936523, 0.0)
(42.386719, 25.935976, 0.0)
(42.373711, 26.005949, 0.0)
(39.210827, 24.703421, 0.0)
(38.588425, 24.389580, 0.0)
(38.605148, 24.362198, 0.0)
(38.638512, 24.303421, 0.0)
(39.239418, 24.330198, 0.0)
(39.298771, 24.327574, 0.0)
(39.278542, 24.331896, 0.0)
(39.307087, 24.345972, 0.0)
(39.299473, 24.319477, 0.0)
(39.300056, 24.286062, 0.0)
(39.302029, 24.285145, 0.0)
(39.249485, 24.301327, 0.0)
(39.249485, 24.301327, 0.0)
(39.227314, 24.294811, 0.0)
(39.199688, 24.290085, 0.0)
(39.228561, 24.295385, 0.0)
(39.183414, 24.266052, 0.0)
(39.174873, 24.272844, 0.0)
(39.175198, 24.288671, 0.0)
(39.178238, 24.322559, 0.0)
(39.162460, 24.330561, 0.0)
(39.166229, 24.310303, 0.0)
(39.148720, 24.364088, 0.0)
(39.152214, 24.358974, 0.0)
(39.151302, 24.350969, 0.0)
(39.149296, 24.365589, 0.0)
(39.154030, 24.353304, 0.0)
(39.153675, 24.368502, 0.0)
(39.150204, 24.373613, 0.0)
(39.153675, 24.368502, 0.0)
(39.147655, 24.355394, 0.0)
(39.148941, 24.348173, 0.0)
(39.148781, 24.317978, 0.0)
(39.148781, 24.332417, 0.0)
(39.155800, 24.317711, 0.0)
(39.155800, 24.317711, 0.0)
(39.155067, 24.320854, 0.0)
(39.070480, 24.345821, 0.0)
(35.698620, 25.366661, 0.0)
(31.935728, 26.205688, 0.0)
(29.278555, 27.471582, 0.0)
(27.388161, 28.840580, 0.0)
(26.131952, 29.712183, 0.0)
(25.984076, 29.785721, 0.0)
(25.919384, 29.820171, 0.0)
(25.890680, 29.807827, 0.0)
(25.877867, 29.816889, 0.0)
(25.841673, 29.781837, 0.0)
(25.853460, 29.765766, 0.0)
(25.428549, 29.828217, 0.0)
(25.402285, 29.845190, 0.0)
(25.405432, 29.844107, 0.0)
(25.400932, 29.846968, 0.0)
(25.413635, 29.843016, 0.0)
(25.404894, 29.844372, 0.0)
(25.405432, 29.844107, 0.0)
(25.398870, 29.825550, 0.0)
(25.387899, 29.831112, 0.0)
(25.390808, 29.812763, 0.0)
(25.403254, 29.806286, 0.0)
(25.402422, 29.788479, 0.0)
(25.402422, 29.797861, 0.0)
(25.403671, 29.808508, 0.0)
(25.405325, 29.818834, 0.0)
(25.404636, 29.808954, 0.0)
(25.404636, 29.808954, 0.0)
(25.400198, 29.811226, 0.0)
(25.415363, 29.794617, 0.0)
(25.390310, 29.779615, 0.0)
(25.386246, 29.754812, 0.0)
(25.394188, 29.783501, 0.0)
(25.402838, 29.760395, 0.0)
(25.403257, 29.782377, 0.0)
(25.395199, 29.765211, 0.0)
(25.368977, 29.755888, 0.0)
(25.375435, 29.722658, 0.0)
(25.396111, 29.736504, 0.0)
(25.400028, 29.734152, 0.0)
(25.924473, 29.714130, 0.0)
(30.105362, 30.780909, 0.0)
(33.131447, 31.524134, 0.0)
(33.556404, 31.570738, 0.0)
(33.608250, 31.507692, 0.0)
(33.606915, 31.473852, 0.0)
(33.642876, 31.465204, 0.0)
(32.877922, 31.574741, 0.0)
(30.433062, 31.779310, 0.0)
(30.213432, 31.829966, 0.0)
(30.202816, 31.807272, 0.0)
(30.201420, 31.801376, 0.0)
(30.775192, 31.327116, 0.0)
(34.184284, 28.896013, 0.0)
(35.610519, 28.488491, 0.0)
(35.785095, 28.453667, 0.0)
(35.731060, 28.440023, 0.0)
(33.636723, 30.100527, 0.0)
(30.598753, 31.784889, 0.0)
(29.952644, 32.097095, 0.0)
(29.794472, 32.141872, 0.0)
(29.666109, 32.123741, 0.0)
(29.665560, 32.144897, 0.0)
(29.646503, 32.136078, 0.0)
(29.647388, 32.110313, 0.0)
(29.623613, 32.070511, 0.0)
(29.589762, 32.088001, 0.0)
(29.568510, 32.087940, 0.0)
(29.557285, 32.065697, 0.0)
(29.520676, 32.022881, 0.0)
(31.722275, 28.016815, 0.0)
(34.099293, 25.624729, 0.0)
(35.093380, 25.180538, 0.0)
(35.139713, 25.134422, 0.0)
(35.112366, 25.121817, 0.0)
(35.106640, 25.183912, 0.0)
(35.106270, 25.142443, 0.0)
(38.171555, 25.215048, 0.0)
(40.770588, 25.718033, 0.0)
(40.896641, 25.691786, 0.0)
(40.909309, 25.609951, 0.0)
(40.926041, 25.536358, 0.0)
(40.924168, 25.508018, 0.0)
(40.927834, 25.483789, 0.0)
(40.951469, 25.464804, 0.0)
(40.970680, 25.456964, 0.0)
(40.999340, 25.474915, 0.0)
(40.992886, 25.476332, 0.0)
(40.999092, 25.466494, 0.0)
(41.008003, 25.465681, 0.0)
(40.994789, 25.452671, 0.0)
(40.998753, 25.426245, 0.0)
(40.991982, 25.432030, 0.0)
(41.013264, 25.427629, 0.0)
(41.014759, 25.433815, 0.0)
(40.999409, 25.462481, 0.0)
(40.997692, 25.469093, 0.0)
(41.009712, 25.493418, 0.0)
(40.986912, 25.499880, 0.0)
(41.006229, 25.488054, 0.0)
(41.011425, 25.479815, 0.0)
(41.006229, 25.488054, 0.0)
(41.012657, 25.487473, 0.0)
(41.012474, 25.493765, 0.0)
(41.005451, 25.490030, 0.0)
(41.017464, 25.493399, 0.0)
(41.022427, 25.496899, 0.0)
(41.011425, 25.479815, 0.0)
(41.013580, 25.486937, 0.0)
(41.021236, 25.499596, 0.0)
(41.014420, 25.506721, 0.0)
(40.990089, 25.496286, 0.0)
(40.342243, 25.480404, 0.0)
(36.002350, 25.978619, 0.0)
(32.376396, 26.923792, 0.0)
(29.658537, 27.904940, 0.0)
(27.703331, 29.331388, 0.0)
(26.568867, 30.352785, 0.0)
(26.311722, 30.546362, 0.0)
(26.277534, 30.574520, 0.0)
(26.267969, 30.579372, 0.0)
(26.257998, 30.593328, 0.0)
(26.263435, 30.595121, 0.0)
(25.819500, 30.740240, 0.0)
(25.726637, 30.751139, 0.0)
(25.761503, 30.741037, 0.0)
(25.755548, 30.718321, 0.0)
(25.754986, 30.720518, 0.0)
(25.751871, 30.694607, 0.0)
(25.756172, 30.685141, 0.0)
(25.760841, 30.667933, 0.0)
(25.757887, 30.650936, 0.0)
(25.775587, 30.621334, 0.0)
(25.787014, 30.676105, 0.0)
(25.778416, 30.673977, 0.0)
(25.754353, 30.624203, 0.0)
(25.738634, 30.613583, 0.0)
(25.745501, 30.617943, 0.0)
(25.752298, 30.617403, 0.0)
(25.751577, 30.595446, 0.0)
(25.770563, 30.608583, 0.0)
(25.774981, 30.609802, 0.0)
(25.779419, 30.610506, 0.0)
(25.777128, 30.598978, 0.0)
(25.781036, 30.587496, 0.0)
(25.783070, 30.593708, 0.0)
(25.786726, 30.597878, 0.0)
(25.787823, 30.607412, 0.0)
(25.808563, 30.559584, 0.0)
(25.810553, 30.566547, 0.0)
(25.848129, 30.547272, 0.0)
(27.603500, 26.083946, 0.0)
(28.269184, 24.121948, 0.0)
(28.221779, 24.064573, 0.0)
(28.184614, 24.068195, 0.0)
(28.170975, 24.017738, 0.0)
(28.146168, 24.047091, 0.0)
(28.170609, 24.031990, 0.0)
(27.884289, 24.111963, 0.0)
(27.860899, 24.076675, 0.0)
(27.857861, 24.058512, 0.0)
(27.859528, 24.055998, 0.0)
(27.856007, 24.037167, 0.0)
(27.900274, 24.063404, 0.0)
(27.884033, 24.044436, 0.0)
(27.876404, 24.042530, 0.0)
(27.861332, 24.039293, 0.0)
(27.863239, 24.058920, 0.0)
(27.863060, 24.065969, 0.0)
(27.845150, 24.051891, 0.0)
(27.845150, 24.051891, 0.0)
(27.849369, 24.056065, 0.0)
(27.845379, 24.044785, 0.0)
(27.819050, 24.042141, 0.0)
(27.819353, 24.035023, 0.0)
(27.843914, 24.008339, 0.0)
(27.819353, 24.035023, 0.0)
(27.832859, 24.010397, 0.0)
(27.815029, 24.040134, 0.0)
(27.814646, 24.082277, 0.0)
(27.814714, 24.047285, 0.0)
(27.815029, 24.040134, 0.0)
(27.818640, 24.060358, 0.0)
(27.821770, 24.074114, 0.0)
(27.824724, 24.041687, 0.0)
(27.850662, 24.042767, 0.0)
(27.878277, 24.069027, 0.0)
(28.249699, 24.094601, 0.0)
(33.182991, 25.238428, 0.0)
(37.011684, 26.335821, 0.0)
(37.806385, 26.632412, 0.0)
(37.888767, 26.594698, 0.0)
(37.898228, 26.564545, 0.0)
(37.898911, 26.515785, 0.0)
(37.479607, 26.557264, 0.0)
(37.426689, 26.543591, 0.0)
(37.448280, 26.535385, 0.0)
(37.426254, 26.510654, 0.0)
(37.426254, 26.510654, 0.0)
(37.400043, 26.530609, 0.0)
(37.402504, 26.540319, 0.0)
(37.406849, 26.536720, 0.0)
(37.387493, 26.555233, 0.0)
(37.395882, 26.586809, 0.0)
(37.384716, 26.587898, 0.0)
(37.375114, 26.559784, 0.0)
(37.381741, 26.544210, 0.0)
(37.362179, 26.528095, 0.0)
(37.353420, 26.496740, 0.0)
(37.357769, 26.509121, 0.0)
(37.368626, 26.508503, 0.0)
(37.347458, 26.479973, 0.0)
(37.357113, 26.475887, 0.0)
(37.348236, 26.444422, 0.0)
(37.360462, 26.457163, 0.0)
(37.340214, 26.441208, 0.0)
(37.340374, 26.450350, 0.0)
(37.341656, 26.444111, 0.0)
(37.332722, 26.457462, 0.0)
(37.340584, 26.451530, 0.0)
(37.333801, 26.415550, 0.0)
(37.308552, 26.402493, 0.0)
(37.303810, 26.390091, 0.0)
(37.293987, 26.434893, 0.0)
(37.285702, 26.441362, 0.0)
(37.007565, 26.000555, 0.0)
(35.068230, 22.054438, 0.0)
(34.664955, 20.395517, 0.0)
(34.489853, 19.842493, 0.0)
(34.441898, 19.836155, 0.0)
(34.396561, 19.828009, 0.0)
(34.332932, 19.798529, 0.0)
(34.375938, 19.760757, 0.0)
(34.391556, 19.753845, 0.0)
(34.392998, 19.713408, 0.0)
(33.989143, 19.605518, 0.0)
(33.937874, 19.556578, 0.0)
(33.940727, 19.559464, 0.0)
(33.944569, 19.540829, 0.0)
(33.956516, 19.539850, 0.0)
(33.953007, 19.546055, 0.0)
(33.961555, 19.572910, 0.0)
(33.978146, 19.557373, 0.0)
(33.963539, 19.559763, 0.0)
(34.030323, 19.562185, 0.0)
(34.219044, 19.611069, 0.0)
(34.251396, 19.617567, 0.0)
(34.244438, 19.646456, 0.0)
(34.243599, 19.717800, 0.0)
(34.249489, 19.720098, 0.0)
(34.249489, 19.720098, 0.0)
(34.251667, 19.707298, 0.0)
(34.245064, 19.690735, 0.0)
(34.243069, 19.682180, 0.0)
(34.237160, 19.683765, 0.0)
(34.231361, 19.681402, 0.0)
(34.224873, 19.700796, 0.0)
(34.206146, 19.750134, 0.0)
(34.217892, 19.755604, 0.0)
(34.229572, 19.755205, 0.0)
(34.223751, 19.757742, 0.0)
(34.217892, 19.755604, 0.0)
(34.194832, 19.753649, 0.0)
(36.482346, 20.803751, 0.0)
(39.844952, 21.649345, 0.0)
(41.177116, 21.825357, 0.0)
(41.415291, 21.912025, 0.0)
(41.449669, 21.908587, 0.0)
(41.464912, 21.889919, 0.0)
(41.477089, 21.885395, 0.0)
(41.749634, 21.940758, 0.0)
(41.811718, 21.993710, 0.0)
(41.823086, 21.984150, 0.0)
(41.835239, 21.997887, 0.0)
(41.833481, 21.998722, 0.0)
(41.821617, 21.975500, 0.0)
(41.800056, 21.973999, 0.0)
(41.821831, 22.013575, 0.0)
(41.812920, 21.996632, 0.0)
(41.801430, 21.982805, 0.0)
(41.801430, 21.982805, 0.0)
(41.795338, 21.976219, 0.0)
(41.793949, 21.967421, 0.0)
(41.789291, 21.975969, 0.0)
(41.789291, 21.975969, 0.0)
(41.789291, 21.975969, 0.0)
(41.789291, 21.975969, 0.0)
(41.789291, 21.975969, 0.0)
(41.789291, 21.975969, 0.0)
(41.787884, 21.967201, 0.0)
(41.777626, 21.976471, 0.0)
(41.787884, 21.967201, 0.0)
(41.776165, 21.967642, 0.0)
(41.759987, 21.946268, 0.0)
(41.754646, 21.948870, 0.0)
(41.750816, 21.934427, 0.0)
(41.749634, 21.940758, 0.0)
(41.749634, 21.940758, 0.0)
(41.749634, 21.940758, 0.0)
(41.728214, 21.902077, 0.0)
(41.696453, 21.925611, 0.0)
(40.774338, 23.545696, 0.0)
(40.698154, 23.584991, 0.0)
(40.689693, 23.531708, 0.0)
(40.661694, 23.506947, 0.0)
(40.671421, 23.491800, 0.0)
(40.661327, 23.491381, 0.0)
(40.807384, 23.465443, 0.0)
(40.803295, 23.469370, 0.0)
(40.803295, 23.469370, 0.0)
(40.806957, 23.477015, 0.0)
(40.806957, 23.477015, 0.0)
(40.772675, 23.445782, 0.0)
(40.747307, 23.419563, 0.0)
(40.746651, 23.397373, 0.0)
(40.739883, 23.425140, 0.0)
(40.722702, 23.420311, 0.0)
(40.728394, 23.421165, 0.0)
(40.697540, 23.382391, 0.0)
(40.691975, 23.379440, 0.0)
(40.734123, 23.423521, 0.0)
(40.727478, 23.383114, 0.0)
(40.720310, 23.330250, 0.0)
(40.729733, 23.332832, 0.0)
(40.735062, 23.349127, 0.0)
(40.726856, 23.354895, 0.0)
(40.726856, 23.354895, 0.0)
(40.734875, 23.346512, 0.0)
(40.731674, 23.343206, 0.0)
(40.746071, 23.294464, 0.0)
(40.735600, 23.282379, 0.0)
(40.730400, 23.276529, 0.0)
(40.722099, 23.243393, 0.0)
(40.730400, 23.276529, 0.0)
(40.714916, 23.281593, 0.0)
(40.724861, 23.259970, 0.0)
(40.714714, 23.263876, 0.0)
(40.714714, 23.263876, 0.0)
(40.700687, 23.254896, 0.0)
(40.655846, 23.248964, 0.0)
(38.169537, 24.321331, 0.0)
(34.857384, 26.346853, 0.0)
(32.002403, 28.236830, 0.0)
(29.595375, 29.433044, 0.0)
(28.159767, 30.077339, 0.0)
(27.981121, 30.099083, 0.0)
(27.921471, 30.082884, 0.0)
(27.901863, 30.082735, 0.0)
(27.897415, 30.080437, 0.0)
(27.884596, 30.046494, 0.0)
(27.878017, 30.019997, 0.0)
(27.862827, 30.009945, 0.0)
(27.861271, 29.990982, 0.0)
(27.823755, 29.977760, 0.0)
(27.818165, 29.971838, 0.0)
(27.789484, 29.971424, 0.0)
(27.776428, 29.957182, 0.0)
(27.749886, 29.940376, 0.0)
(27.716824, 29.938654, 0.0)
(27.679941, 29.963207, 0.0)
(27.666504, 29.918644, 0.0)
(27.653568, 29.919069, 0.0)
(27.655888, 29.896362, 0.0)
(27.669960, 29.881727, 0.0)
(27.647900, 29.852789, 0.0)
(27.668299, 29.840536, 0.0)
(27.669315, 29.855843, 0.0)
(28.609129, 28.900795, 0.0)
(31.844639, 26.563633, 0.0)
(32.901684, 26.238119, 0.0)
(33.018124, 26.196089, 0.0)
(33.017540, 26.172085, 0.0)
(33.021500, 26.160830, 0.0)
(33.017933, 26.136919, 0.0)
(33.044868, 26.105486, 0.0)
(33.045891, 26.095518, 0.0)
(33.055138, 26.095518, 0.0)
(33.054901, 26.072422, 0.0)
(33.070362, 26.085411, 0.0)
(33.065464, 26.070696, 0.0)
(33.072601, 26.061666, 0.0)
(33.068806, 26.082878, 0.0)
(33.072468, 26.115704, 0.0)
(32.387207, 26.611809, 0.0)
(30.032930, 28.386480, 0.0)
(29.178925, 30.336454, 0.0)
(29.135260, 30.486593, 0.0)
(29.109259, 30.498894, 0.0)
(29.013809, 30.504274, 0.0)
(28.934856, 30.495487, 0.0)
(28.896488, 30.493864, 0.0)
(28.875753, 30.506550, 0.0)
(28.840521, 30.505367, 0.0)
(28.828684, 30.506577, 0.0)
(28.799122, 30.511847, 0.0)
(28.751467, 30.517735, 0.0)
(28.688789, 30.524813, 0.0)
(28.671167, 30.529531, 0.0)
(28.641939, 30.534187, 0.0)
(28.616869, 30.547567, 0.0)
(28.588379, 30.553898, 0.0)
(28.565784, 30.536526, 0.0)
(28.512760, 30.561323, 0.0)
(28.492863, 30.560791, 0.0)
(28.477816, 30.608284, 0.0)
(28.438990, 30.616650, 0.0)
(28.435513, 30.587086, 0.0)
(28.409939, 30.563671, 0.0)
(28.428812, 30.571522, 0.0)
(28.426636, 30.573008, 0.0)
(28.434591, 30.562708, 0.0)
(28.422016, 30.520876, 0.0)
(28.516941, 30.035261, 0.0)
(28.661390, 29.864717, 0.0)
(28.660767, 29.847721, 0.0)
(29.012581, 29.849321, 0.0)
(35.552502, 29.003956, 0.0)
(35.623158, 28.675810, 0.0)
(35.682175, 28.680298, 0.0)
(35.706089, 28.613277, 0.0)
(35.730473, 28.608351, 0.0)
(35.430607, 28.844290, 0.0)
(35.394012, 28.911810, 0.0)
(35.396683, 28.916689, 0.0)
(35.395840, 28.922438, 0.0)
(35.399006, 28.944593, 0.0)
(35.655956, 29.115820, 0.0)
(35.669701, 29.115582, 0.0)
(35.643032, 29.069656, 0.0)
(35.645126, 29.067381, 0.0)
(35.610790, 29.022486, 0.0)
(35.591255, 29.009485, 0.0)
(35.592518, 29.066311, 0.0)
(35.600788, 29.127951, 0.0)
(35.576107, 29.131624, 0.0)
(35.571739, 29.089771, 0.0)
(35.573895, 29.095692, 0.0)
(35.551155, 29.100384, 0.0)
(35.537102, 29.094843, 0.0)
(35.549080, 29.068043, 0.0)
(35.550579, 29.062693, 0.0)
(35.541203, 29.084053, 0.0)
(35.549767, 29.068111, 0.0)
(35.542210, 29.064430, 0.0)
(35.556488, 29.050783, 0.0)
(35.550282, 29.063986, 0.0)
(35.485031, 29.076778, 0.0)
(35.367680, 29.079025, 0.0)
(35.365845, 29.089973, 0.0)
(35.387424, 29.137701, 0.0)
(35.371635, 29.113703, 0.0)
(35.360970, 29.082775, 0.0)
(37.220509, 26.236109, 0.0)
(39.976089, 22.858711, 0.0)
(40.312115, 22.224884, 0.0)
(40.421413, 22.214314, 0.0)
(40.435081, 22.272423, 0.0)
(40.529408, 22.313349, 0.0)
(40.529270, 22.298182, 0.0)
(40.534409, 22.290276, 0.0)
(40.543072, 22.248978, 0.0)
(40.521652, 22.189011, 0.0)
(40.530346, 22.171795, 0.0)
(40.557865, 22.198364, 0.0)
(40.578796, 22.173458, 0.0)
(40.586002, 22.174707, 0.0)
(40.588093, 22.162189, 0.0)
(40.593513, 22.181196, 0.0)
(40.570328, 22.121309, 0.0)
(40.586468, 22.137194, 0.0)
(40.587788, 22.130610, 0.0)
(40.577690, 22.106085, 0.0)
(40.577690, 22.106085, 0.0)
(40.588181, 22.116371, 0.0)
(40.572166, 22.140619, 0.0)
(40.568104, 22.129452, 0.0)
(40.561440, 22.136105, 0.0)
(40.582882, 22.111837, 0.0)
(40.574215, 22.119104, 0.0)
(40.566265, 22.116261, 0.0)
(40.577690, 22.106085, 0.0)
(40.571819, 22.156820, 0.0)
(40.572166, 22.147968, 0.0)
(40.570328, 22.123077, 0.0)
(40.561676, 22.137680, 0.0)
(40.563557, 22.146542, 0.0)
(40.571419, 22.161108, 0.0)
(41.740147, 23.307739, 0.0)
(42.392174, 24.378698, 0.0)
(42.506359, 24.478462, 0.0)
(42.469364, 24.442308, 0.0)
(42.461208, 24.421213, 0.0)
(42.459484, 24.175060, 0.0)
(42.314587, 24.005751, 0.0)
(42.308094, 23.981539, 0.0)
(42.323009, 23.978008, 0.0)
(42.311722, 23.987064, 0.0)
(42.315571, 24.006208, 0.0)
(42.296364, 23.963758, 0.0)
(42.290379, 23.853031, 0.0)
(42.254436, 23.787542, 0.0)
(42.235241, 23.748617, 0.0)
(42.199619, 23.813875, 0.0)
(42.224487, 23.829409, 0.0)
(42.257133, 23.868502, 0.0)
(42.247303, 23.842216, 0.0)
(42.217567, 23.831219, 0.0)
(42.213749, 23.823895, 0.0)
(42.223812, 23.826780, 0.0)
(42.193741, 23.822149, 0.0)
(42.197212, 23.821489, 0.0)
(42.203499, 23.835569, 0.0)
(42.224033, 23.854898, 0.0)
(42.200867, 23.839743, 0.0)
(42.204319, 23.836433, 0.0)
(42.200653, 23.812681, 0.0)
(42.175346, 23.839548, 0.0)
(42.180656, 23.804298, 0.0)
(42.219299, 23.856148, 0.0)
(42.214409, 23.854084, 0.0)
(42.219894, 23.869270, 0.0)
(42.174362, 23.868065, 0.0)
(42.172924, 23.845747, 0.0)
(42.194565, 23.846809, 0.0)
(42.179874, 23.827957, 0.0)
(41.549839, 26.190662, 0.0)
(41.096615, 28.699677, 0.0)
(41.004200, 29.034407, 0.0)
(40.979073, 29.009548, 0.0)
(41.216034, 29.646120, 0.0)
(41.300072, 30.129555, 0.0)
(41.282883, 30.226402, 0.0)
(41.280933, 30.232756, 0.0)
(41.266533, 30.206745, 0.0)
(41.260490, 30.195400, 0.0)
(41.254005, 30.181570, 0.0)
(41.250111, 30.183323, 0.0)
(41.247395, 30.169294, 0.0)
(41.241661, 30.137283, 0.0)
(41.231190, 30.108131, 0.0)
(41.203613, 30.124683, 0.0)
(41.195019, 30.098572, 0.0)
(40.967556, 30.010963, 0.0)
(40.943855, 30.068455, 0.0)
(40.960545, 30.032673, 0.0)
(40.972191, 30.050152, 0.0)
(40.994953, 30.049328, 0.0)
(41.120186, 30.061293, 0.0)
(41.151024, 30.049170, 0.0)
(41.134552, 30.052370, 0.0)
(41.135601, 30.073645, 0.0)
(41.139168, 30.077776, 0.0)
(41.132568, 30.074654, 0.0)
(41.121578, 30.102396, 0.0)
(41.117786, 30.119041, 0.0)
(41.123745, 30.104366, 0.0)
(41.122250, 30.092930, 0.0)
(41.111855, 30.092552, 0.0)
(41.110287, 30.098791, 0.0)
(41.101665, 30.096411, 0.0)
(41.085854, 30.074265, 0.0)
(41.083977, 30.060764, 0.0)
(42.659561, 30.167225, 0.0)
(43.209805, 30.274282, 0.0)
(43.225460, 30.260904, 0.0)
(43.274391, 30.221272, 0.0)
(43.293579, 30.926315, 0.0)
(43.114056, 30.181463, 0.0)
(43.116394, 29.973753, 0.0)
(43.157867, 30.054838, 0.0)
(43.208172, 30.080994, 0.0)
(43.218540, 30.118525, 0.0)
(43.226192, 30.117287, 0.0)
(43.083939, 30.128895, 0.0)
(43.077526, 30.168209, 0.0)
(43.075729, 30.152431, 0.0)
(43.077103, 30.137230, 0.0)
(43.101604, 30.153568, 0.0)
(43.187374, 30.180260, 0.0)
(43.199467, 30.180725, 0.0)
(43.218582, 30.175499, 0.0)
(43.234741, 30.117008, 0.0)
(43.238422, 30.140106, 0.0)
(43.237766, 30.111254, 0.0)
(43.238899, 30.086199, 0.0)
(43.247421, 30.055506, 0.0)
(43.256744, 30.081484, 0.0)
(43.264038, 30.065044, 0.0)
(43.264038, 30.065044, 0.0)
(43.292652, 29.966883, 0.0)
(43.293751, 29.976704, 0.0)
(43.309105, 30.051552, 0.0)
(43.340115, 30.054462, 0.0)
(43.340115, 30.054462, 0.0)
(43.360596, 30.025490, 0.0)
(43.368492, 30.020153, 0.0)
(43.374229, 29.917618, 0.0)
(43.359341, 29.884552, 0.0)
(43.375473, 29.887457, 0.0)
(43.384895, 29.919241, 0.0)
(43.372532, 29.974617, 0.0)
(41.364563, 28.120493, 0.0)
(38.151821, 25.858652, 0.0)
(34.680683, 24.429838, 0.0)
(31.856834, 24.484173, 0.0)
(29.609667, 25.019121, 0.0)
(28.097281, 25.797377, 0.0)
(27.348999, 26.600729, 0.0)
(27.239096, 26.700420, 0.0)
(27.204056, 26.680565, 0.0)
(27.177633, 26.694017, 0.0)
(27.175373, 26.693953, 0.0)
(27.177099, 26.667253, 0.0)
(27.166855, 26.678247, 0.0)
(27.186750, 26.630178, 0.0)
(27.191183, 26.669159, 0.0)
(27.188606, 26.698269, 0.0)
(26.135715, 26.135471, 0.0)
(25.951876, 25.992701, 0.0)
(25.946518, 25.981884, 0.0)
(25.949739, 25.953228, 0.0)
(25.941423, 25.936039, 0.0)
(25.951401, 25.914629, 0.0)
(25.947563, 25.906933, 0.0)
(25.972637, 25.899343, 0.0)
(25.982862, 25.906147, 0.0)
(25.988440, 25.894396, 0.0)
(25.997435, 25.876232, 0.0)
(25.997435, 25.876232, 0.0)
(26.006750, 25.868980, 0.0)
(26.005651, 25.866310, 0.0)
(25.997435, 25.876232, 0.0)
(26.005651, 25.866310, 0.0)
(26.010416, 25.862604, 0.0)
(26.010571, 25.824453, 0.0)
(26.016302, 25.811880, 0.0)
(26.023472, 25.816317, 0.0)
(26.033867, 25.805851, 0.0)
(27.768267, 23.540533, 0.0)
(27.853275, 22.325428, 0.0)
(27.737467, 21.937012, 0.0)
(27.704172, 22.044075, 0.0)
(27.694311, 22.072901, 0.0)
(27.716936, 22.059275, 0.0)
(27.744177, 22.559044, 0.0)
(27.696241, 22.836304, 0.0)
(27.661720, 22.838400, 0.0)
(27.640108, 22.844389, 0.0)
(27.639332, 22.851501, 0.0)
(27.639332, 22.851501, 0.0)
(27.673788, 22.828094, 0.0)
(27.658415, 22.847855, 0.0)
(27.646715, 22.853930, 0.0)
(27.667465, 22.871628, 0.0)
(27.670677, 22.877007, 0.0)
(27.677809, 22.901003, 0.0)
(27.627323, 22.863855, 0.0)
(27.626684, 22.855717, 0.0)
(27.641270, 22.876122, 0.0)
(27.652414, 22.877390, 0.0)
(27.637505, 22.878401, 0.0)
(27.638851, 22.885374, 0.0)
(27.674080, 22.893698, 0.0)
(27.642267, 22.897839, 0.0)
(27.642670, 22.883917, 0.0)
(27.664091, 22.900604, 0.0)
(27.679750, 22.891628, 0.0)
(27.687574, 22.884171, 0.0)
(27.665024, 22.885601, 0.0)
(29.995527, 22.772324, 0.0)
(32.300694, 23.068132, 0.0)
(32.400620, 23.003199, 0.0)
(32.407837, 22.921726, 0.0)
(32.415058, 22.915121, 0.0)
(32.435780, 22.902439, 0.0)
(32.461067, 22.894117, 0.0)
(30.259670, 23.635504, 0.0)
(27.367851, 24.492599, 0.0)
(26.363987, 24.735975, 0.0)
(26.282412, 24.756672, 0.0)
(26.288130, 24.736887, 0.0)
(26.278572, 24.721594, 0.0)
(26.278572, 24.721594, 0.0)
(26.278572, 24.721594, 0.0)
(26.006660, 24.824707, 0.0)
(25.980694, 24.798485, 0.0)
(26.001451, 24.752068, 0.0)
(26.008606, 24.777636, 0.0)
(26.012142, 24.782373, 0.0)
(26.008606, 24.777636, 0.0)
(26.002775, 24.777845, 0.0)
(26.015696, 24.776594, 0.0)
(26.017708, 24.762453, 0.0)
(26.019115, 24.746992, 0.0)
(26.014502, 24.724035, 0.0)
(26.002846, 24.740316, 0.0)
(26.006287, 24.734451, 0.0)
(26.004980, 24.746212, 0.0)
(26.004980, 24.746212, 0.0)
(26.002920, 24.752758, 0.0)
(26.004980, 24.746212, 0.0)
(26.020372, 24.761440, 0.0)
(25.995045, 24.732811, 0.0)
(25.999613, 24.735615, 0.0)
(26.015104, 24.739420, 0.0)
(26.015244, 24.739426, 0.0)
(26.019430, 24.734594, 0.0)
(26.013708, 24.730953, 0.0)
(26.006544, 24.720879, 0.0)
(26.006838, 24.700266, 0.0)
(26.018435, 24.695219, 0.0)
(26.033045, 24.692518, 0.0)
(26.205275, 24.676750, 0.0)
(30.385059, 25.636686, 0.0)
(32.330246, 26.041166, 0.0)
(32.406410, 25.994665, 0.0)
(32.396492, 25.881485, 0.0)
(32.604870, 25.413738, 0.0)
(32.628635, 25.274767, 0.0)
(32.645363, 25.288246, 0.0)
(32.643772, 25.303167, 0.0)
(32.630337, 25.264824, 0.0)
(32.633011, 25.276049, 0.0)
(32.649464, 25.309868, 0.0)
(32.638241, 25.302057, 0.0)
(32.630833, 25.292002, 0.0)
(32.627613, 25.267509, 0.0)
(32.638195, 25.283428, 0.0)
(32.612888, 25.279142, 0.0)
(32.606522, 25.261463, 0.0)
(32.635174, 25.327450, 0.0)
(32.643536, 25.342960, 0.0)
(32.612774, 25.286549, 0.0)
(32.620197, 25.296532, 0.0)
(32.620197, 25.296532, 0.0)
(32.620197, 25.296532, 0.0)
(32.602970, 25.265158, 0.0)
(32.586044, 25.260788, 0.0)
(32.593971, 25.269007, 0.0)
(32.595222, 25.262655, 0.0)
(32.593971, 25.269007, 0.0)
(32.589119, 25.266405, 0.0)
(32.588379, 25.266579, 0.0)
(32.586044, 25.260788, 0.0)
(32.598087, 25.289133, 0.0)
(32.610405, 25.301613, 0.0)
(32.611965, 25.333679, 0.0)
(32.598087, 25.289133, 0.0)
(32.581917, 25.273592, 0.0)
(32.594391, 25.283602, 0.0)
(32.776615, 25.278196, 0.0)
(36.891834, 26.870020, 0.0)
(39.113926, 27.634230, 0.0)
(39.391312, 27.744608, 0.0)
(39.412704, 27.740330, 0.0)
(39.441013, 27.722918, 0.0)
(39.468937, 27.722754, 0.0)
(39.521515, 27.744045, 0.0)
(39.400318, 27.545662, 0.0)
(39.382908, 27.488251, 0.0)
(39.392048, 27.495579, 0.0)
(39.402298, 27.539036, 0.0)
(39.395435, 27.501862, 0.0)
(39.379871, 27.497278, 0.0)
(39.382286, 27.491796, 0.0)
(39.361851, 27.508638, 0.0)
(39.361755, 27.516077, 0.0)
(39.461315, 27.572477, 0.0)
(39.539116, 27.536325, 0.0)
(39.549076, 27.567982, 0.0)
(39.547390, 27.545307, 0.0)
(39.548923, 27.539972, 0.0)
(39.538986, 27.515228, 0.0)
(39.537453, 27.521385, 0.0)
(39.537453, 27.521385, 0.0)
(39.574825, 27.532717, 0.0)
(39.561886, 27.521015, 0.0)
(39.555248, 27.530594, 0.0)
(39.539665, 27.560572, 0.0)
(39.556599, 27.545904, 0.0)
(39.555000, 27.523464, 0.0)
(39.540348, 27.510769, 0.0)
(39.539909, 27.494017, 0.0)
(39.531502, 27.500854, 0.0)
(39.528091, 27.495073, 0.0)
(39.520596, 27.491957, 0.0)
(39.535114, 27.485725, 0.0)
(39.535114, 27.485725, 0.0)
(39.529690, 27.483421, 0.0)
(37.835926, 26.162722, 0.0)
(34.005478, 23.778580, 0.0)
(31.001596, 23.161318, 0.0)
(28.875990, 23.524822, 0.0)
(27.820747, 24.007278, 0.0)
(27.700645, 24.002605, 0.0)
(27.674751, 23.980532, 0.0)
(27.096998, 24.117682, 0.0)
(26.246937, 24.534243, 0.0)
(26.164082, 24.584171, 0.0)
(26.157818, 24.576029, 0.0)
(26.140768, 24.544434, 0.0)
(26.129774, 24.501438, 0.0)
(26.140400, 24.499207, 0.0)
(26.129774, 24.501438, 0.0)
(26.140945, 24.475969, 0.0)
(26.135103, 24.497406, 0.0)
(26.132456, 24.528761, 0.0)
(26.135489, 24.542772, 0.0)
(26.123484, 24.539869, 0.0)
(26.132456, 24.528761, 0.0)
(26.132456, 24.528761, 0.0)
(26.126759, 24.516632, 0.0)
(26.151697, 24.534046, 0.0)
(26.158306, 24.560369, 0.0)
(26.155970, 24.567560, 0.0)
(26.142063, 24.534023, 0.0)
(26.167418, 24.541191, 0.0)
(26.173410, 24.521873, 0.0)
(26.173410, 24.521873, 0.0)
(26.162107, 24.523760, 0.0)
(26.159182, 24.512594, 0.0)
(26.190294, 24.524837, 0.0)
(26.162544, 24.496485, 0.0)
(26.159586, 24.490404, 0.0)
(26.177166, 24.491682, 0.0)
(26.194645, 24.494192, 0.0)
(27.045004, 26.172976, 0.0)
(27.192759, 29.296045, 0.0)
(27.131353, 29.666843, 0.0)
(27.037146, 29.647625, 0.0)
(26.979586, 29.654299, 0.0)
(26.874245, 29.258392, 0.0)
(26.840584, 29.183760, 0.0)
(26.847467, 29.190790, 0.0)
(26.840584, 29.183760, 0.0)
(26.840584, 29.183760, 0.0)
(26.857639, 29.185024, 0.0)
(26.836840, 29.187830, 0.0)
(26.713079, 29.106745, 0.0)
(26.693466, 29.074577, 0.0)
(26.697098, 29.043507, 0.0)
(26.700052, 29.033255, 0.0)
(26.704361, 29.050898, 0.0)
(26.704361, 29.050898, 0.0)
(26.707376, 29.055622, 0.0)
(26.714550, 29.046154, 0.0)
(26.726938, 29.038248, 0.0)
(26.719412, 29.035086, 0.0)
(26.735561, 28.958929, 0.0)
(26.736988, 28.973755, 0.0)
(26.728920, 28.990570, 0.0)
(26.744644, 28.972147, 0.0)
(26.739296, 29.017992, 0.0)
(26.743607, 29.024250, 0.0)
(26.735014, 29.022062, 0.0)
(26.732136, 28.963390, 0.0)
(26.748854, 28.970415, 0.0)
(26.731201, 28.907761, 0.0)
(26.721806, 28.936089, 0.0)
(26.719055, 28.901970, 0.0)
(26.723782, 28.903297, 0.0)
(26.736883, 28.896683, 0.0)
(26.736883, 28.896683, 0.0)
(26.842741, 28.880949, 0.0)
(30.968208, 27.142788, 0.0)
(32.646469, 26.729237, 0.0)
(32.793995, 26.711267, 0.0)
(32.782482, 26.690840, 0.0)
(32.804874, 26.663937, 0.0)
(32.826202, 26.677437, 0.0)
(32.843250, 26.674078, 0.0)
(32.607533, 26.539909, 0.0)
(32.600853, 26.537008, 0.0)
(32.612663, 26.584616, 0.0)
(32.623592, 26.596390, 0.0)
(32.623592, 26.596390, 0.0)
(32.610363, 26.577293, 0.0)
(32.610363, 26.577293, 0.0)
(32.609768, 26.565941, 0.0)
(32.619102, 26.593607, 0.0)
(32.621754, 26.590210, 0.0)
(32.624119, 26.608616, 0.0)
(32.609993, 26.590633, 0.0)
(32.591339, 26.587309, 0.0)
(32.636948, 26.599836, 0.0)
(32.638149, 26.561539, 0.0)
(32.623562, 26.545029, 0.0)
(32.623562, 26.545029, 0.0)
(32.634941, 26.568541, 0.0)
(32.631828, 26.532188, 0.0)
(32.619579, 26.534584, 0.0)
(32.623531, 26.546898, 0.0)
(32.621399, 26.558912, 0.0)
(32.625343, 26.555511, 0.0)
(32.657104, 26.543184, 0.0)
(32.642704, 26.497116, 0.0)
(32.634804, 26.490751, 0.0)
(32.630909, 26.480619, 0.0)
(32.627769, 26.465069, 0.0)
(32.645264, 26.486155, 0.0)
(32.645794, 26.492130, 0.0)
(32.639542, 26.476269, 0.0)
(33.009922, 26.555231, 0.0)
(37.079216, 28.589077, 0.0)
(38.876202, 29.324780, 0.0)
(39.090149, 29.318018, 0.0)
(39.063763, 29.241003, 0.0)
(39.061687, 29.218515, 0.0)
(39.107773, 29.243290, 0.0)
(39.497715, 29.028610, 0.0)
(39.563080, 28.998137, 0.0)
(39.542572, 28.970201, 0.0)
(39.551937, 28.955172, 0.0)
(39.542198, 28.928112, 0.0)
(39.540291, 28.914165, 0.0)
(39.520206, 28.934216, 0.0)
(39.519157, 28.947039, 0.0)
(39.522022, 28.956297, 0.0)
(39.518314, 28.969402, 0.0)
(39.514038, 28.966484, 0.0)
(39.520206, 28.934216, 0.0)
(39.528492, 28.926449, 0.0)
(39.528790, 28.947016, 0.0)
(39.518124, 28.896046, 0.0)
(39.510433, 28.887251, 0.0)
(39.520271, 28.879349, 0.0)
(39.512539, 28.870413, 0.0)
(39.510002, 28.866070, 0.0)
(39.510002, 28.866070, 0.0)
(39.514835, 28.871332, 0.0)
(39.505676, 28.871084, 0.0)
(39.505745, 28.883821, 0.0)
(39.505745, 28.870836, 0.0)
(39.505745, 28.883821, 0.0)
(39.503780, 28.876923, 0.0)
(39.505745, 28.870836, 0.0)
(39.490654, 28.903013, 0.0)
(39.503117, 28.915234, 0.0)
(39.511181, 28.907467, 0.0)
(38.576027, 28.201666, 0.0)
(35.509060, 24.780958, 0.0)
(33.374825, 22.680590, 0.0)
(32.618179, 21.507933, 0.0)
(32.468395, 21.087841, 0.0)
(32.446342, 21.096321, 0.0)
(32.454803, 21.079966, 0.0)
(32.448257, 21.004671, 0.0)
(32.172501, 20.904408, 0.0)
(31.943613, 20.864870, 0.0)
(31.909653, 20.793596, 0.0)
(31.918699, 20.772770, 0.0)
(31.924229, 20.802225, 0.0)
(31.918970, 20.806322, 0.0)
(31.919430, 20.806795, 0.0)
(31.920231, 20.802307, 0.0)
(31.910423, 20.795355, 0.0)
(31.891262, 20.776800, 0.0)
(31.879263, 20.796438, 0.0)
(31.876686, 20.803156, 0.0)
(31.839493, 20.839703, 0.0)
(31.834656, 20.844719, 0.0)
(31.818541, 20.865433, 0.0)
(31.802193, 20.855520, 0.0)
(31.800800, 20.875360, 0.0)
(31.827843, 20.903799, 0.0)
(31.817789, 20.941446, 0.0)
(31.788761, 20.917252, 0.0)
(31.785738, 20.907196, 0.0)
(31.812866, 20.915880, 0.0)
(31.809132, 20.903099, 0.0)
(31.809132, 20.903099, 0.0)
(31.809132, 20.903099, 0.0)
(31.841829, 20.920280, 0.0)
(31.813963, 20.890446, 0.0)
(31.832418, 20.873285, 0.0)
(31.838150, 20.874825, 0.0)
(31.845684, 20.897493, 0.0)
(33.219254, 21.188450, 0.0)
(37.436588, 21.882036, 0.0)
(39.819454, 22.451992, 0.0)
(41.457436, 23.213816, 0.0)
(42.575912, 23.706367, 0.0)
(42.733154, 23.717106, 0.0)
(42.788063, 23.723675, 0.0)
(42.814358, 23.666071, 0.0)
(42.804192, 23.670193, 0.0)
(42.808014, 23.712496, 0.0)
(42.792183, 23.689377, 0.0)
(42.780457, 23.714405, 0.0)
(42.754848, 23.719942, 0.0)
(42.711689, 23.731710, 0.0)
(42.700577, 23.720440, 0.0)
(42.906002, 23.921919, 0.0)
(43.261600, 24.471407, 0.0)
(43.268276, 24.552940, 0.0)
(43.267036, 24.547108, 0.0)
(43.234489, 24.563843, 0.0)
(43.263058, 24.553623, 0.0)
(43.267540, 24.512745, 0.0)
(43.268166, 24.522392, 0.0)
(43.260544, 24.494595, 0.0)
(43.245556, 24.498690, 0.0)
(43.209923, 24.490070, 0.0)
(43.200436, 24.494530, 0.0)
(43.154984, 24.461861, 0.0)
(43.148239, 24.472874, 0.0)
(43.148415, 24.481907, 0.0)
(43.148239, 24.472874, 0.0)
(43.128330, 24.451862, 0.0)
(43.128437, 24.460884, 0.0)
(43.121304, 24.433178, 0.0)
(43.110771, 24.425295, 0.0)
(43.100925, 24.436525, 0.0)
(43.110771, 24.425295, 0.0)
(43.086994, 24.438047, 0.0)
(42.997131, 24.298395, 0.0)
(41.454079, 22.635380, 0.0)
(41.295254, 22.558990, 0.0)
(41.351780, 22.553251, 0.0)
(41.351780, 22.553251, 0.0)
(41.362335, 22.538462, 0.0)
(41.370453, 22.563026, 0.0)
(41.362946, 22.595951, 0.0)
(41.149830, 23.027296, 0.0)
(41.283676, 23.281013, 0.0)
(41.342548, 23.355751, 0.0)
(41.414246, 23.370182, 0.0)
(41.438896, 23.319504, 0.0)
(41.417995, 21.708515, 0.0)
(41.364780, 21.544592, 0.0)
(41.362221, 21.618320, 0.0)
(41.356174, 21.644531, 0.0)
(41.382896, 21.693880, 0.0)
(41.355396, 21.676645, 0.0)
(41.333057, 21.654455, 0.0)
(41.339031, 21.632999, 0.0)
(41.323376, 21.579487, 0.0)
(41.320602, 21.577642, 0.0)
(41.333981, 21.551615, 0.0)
(41.325867, 21.533653, 0.0)
(41.316330, 21.569466, 0.0)
(41.318787, 21.610641, 0.0)
(41.304184, 21.584730, 0.0)
(41.288887, 21.554193, 0.0)
(41.296379, 21.523954, 0.0)
(41.307377, 21.525730, 0.0)
(41.323967, 21.533728, 0.0)
(41.309502, 21.555910, 0.0)
(41.301804, 21.560839, 0.0)
(41.844929, 22.754801, 0.0)
(43.226418, 26.944998, 0.0)
(43.630058, 30.108391, 0.0)
(43.655457, 30.872993, 0.0)
(43.631187, 30.893808, 0.0)
(43.611767, 30.890471, 0.0)
(43.545776, 30.848635, 0.0)
(43.606670, 31.048822, 0.0)
(43.631199, 31.188763, 0.0)
(43.622349, 31.224112, 0.0)
(43.584614, 31.188683, 0.0)
(43.585918, 31.169231, 0.0)
(43.568207, 31.137426, 0.0)
(43.509590, 31.121542, 0.0)
(43.467716, 31.126678, 0.0)
(43.418884, 31.105009, 0.0)
(43.392044, 31.109818, 0.0)
(43.376904, 31.124926, 0.0)
(43.376900, 31.090546, 0.0)
(43.368607, 31.106903, 0.0)
(43.360466, 31.109278, 0.0)
(43.349537, 31.106174, 0.0)
(43.329479, 31.080128, 0.0)
(43.328152, 31.073870, 0.0)
(43.309380, 31.065928, 0.0)
(43.270023, 31.036222, 0.0)
(43.278889, 31.055874, 0.0)
(43.259090, 31.012171, 0.0)
(43.240402, 31.025749, 0.0)
(43.231857, 31.021896, 0.0)
(43.234562, 31.030931, 0.0)
(43.206409, 31.014734, 0.0)
(43.195461, 30.957312, 0.0)
(43.190254, 30.965096, 0.0)
(43.198334, 30.973686, 0.0)
(43.132690, 30.928547, 0.0)
(41.782768, 29.684982, 0.0)
(38.207413, 26.153847, 0.0)
(35.093056, 24.225788, 0.0)
(32.468349, 23.653202, 0.0)
(30.621080, 23.683561, 0.0)
(29.503386, 23.792019, 0.0)
(29.441961, 23.725096, 0.0)
(29.452978, 23.669189, 0.0)
(29.454540, 23.621531, 0.0)
(29.440973, 23.565956, 0.0)
(29.467319, 23.540302, 0.0)
(29.468275, 23.550158, 0.0)
(29.470072, 23.557140, 0.0)
(29.925926, 23.425640, 0.0)
(29.944324, 23.410288, 0.0)
(29.923252, 23.402252, 0.0)
(29.918791, 23.360453, 0.0)
(29.917341, 23.401539, 0.0)
(29.918066, 23.394585, 0.0)
(29.901716, 23.409464, 0.0)
(29.897844, 23.415579, 0.0)
(29.881449, 23.444242, 0.0)
(29.872253, 23.455385, 0.0)
(29.887346, 23.443693, 0.0)
(29.853668, 23.425272, 0.0)
(29.836061, 23.425394, 0.0)
(29.842188, 23.426498, 0.0)
(29.830399, 23.466425, 0.0)
(29.824543, 23.467392, 0.0)
(29.814478, 23.471062, 0.0)
(29.823580, 23.460356, 0.0)
(29.823580, 23.460356, 0.0)
(29.838930, 23.453192, 0.0)
(29.838930, 23.453192, 0.0)
(29.844707, 23.451551, 0.0)
(29.854872, 23.464527, 0.0)
(29.839647, 23.440363, 0.0)
(29.837639, 23.406399, 0.0)
(31.204432, 24.436247, 0.0)
(34.598755, 28.495790, 0.0)
(35.547215, 30.764263, 0.0)
(35.474110, 30.975977, 0.0)
(35.401531, 30.927353, 0.0)
(35.377914, 30.922590, 0.0)
(35.837612, 31.474567, 0.0)
(35.873386, 31.519522, 0.0)
(35.829586, 31.501425, 0.0)
(35.831543, 31.504856, 0.0)
(35.794216, 31.505459, 0.0)
(35.784168, 31.549984, 0.0)
(35.754200, 31.517200, 0.0)
(35.760948, 31.523239, 0.0)
(35.753418, 31.536741, 0.0)
(35.757576, 31.536652, 0.0)
(35.724281, 31.488720, 0.0)
(35.708778, 31.502903, 0.0)
(35.705738, 31.550665, 0.0)
(35.689415, 31.539839, 0.0)
(35.663315, 31.547131, 0.0)
(35.666622, 31.558992, 0.0)
(35.665081, 31.576471, 0.0)
(35.662766, 31.536598, 0.0)
(35.654274, 31.516211, 0.0)
(35.656216, 31.510838, 0.0)
(35.645905, 31.520601, 0.0)
(35.646812, 31.514828, 0.0)
(35.639099, 31.513458, 0.0)
(35.623375, 31.499737, 0.0)
(35.609272, 31.489475, 0.0)
(35.613792, 31.474752, 0.0)
(35.603088, 31.463625, 0.0)
(35.590515, 31.503233, 0.0)
(35.571800, 31.490047, 0.0)
(35.582230, 31.482367, 0.0)
(35.571800, 31.490047, 0.0)
(35.584023, 31.476978, 0.0)
(35.626850, 31.291185, 0.0)
(36.996025, 27.035578, 0.0)
(38.508644, 24.594826, 0.0)
(39.997864, 23.267229, 0.0)
(40.564823, 22.838932, 0.0)
(40.638004, 22.823463, 0.0)
(40.626064, 22.844389, 0.0)
(40.631313, 22.848160, 0.0)
(40.643841, 22.839560, 0.0)
(42.019150, 22.013187, 0.0)
(42.471046, 21.946854, 0.0)
(42.538727, 21.932308, 0.0)
(0.000000, 0.000000, 1.0)
(0.000000, 0.000000, 1.0)
(0.000000, 0.000000, 1.0)
(0.000000, 0.000000, 1.0)
(0.000000, 0.000000, 1.0)
(42.434338, 22.000446, 0.0)
(42.415817, 22.074043, 0.0)
(42.403000, 22.058840, 0.0)
(42.411583, 22.100477, 0.0)
(42.397324, 22.102024, 0.0)
(42.393921, 22.120523, 0.0)
(42.401436, 22.131565, 0.0)
(42.383499, 22.164989, 0.0)
(42.324883, 22.162569, 0.0)
(42.298157, 22.147167, 0.0)
(42.269012, 22.167675, 0.0)
(42.256443, 22.135880, 0.0)
(42.238892, 22.147558, 0.0)
(42.213333, 22.123741, 0.0)
(42.196857, 22.152979, 0.0)
(42.277576, 22.548700, 0.0)
(42.551395, 26.078260, 0.0)
(42.682808, 27.764479, 0.0)
(42.636082, 27.880981, 0.0)
(42.618820, 27.869211, 0.0)
(42.636810, 27.889231, 0.0)
(42.638023, 27.897436, 0.0)
(42.615097, 27.857601, 0.0)
(42.610928, 27.858051, 0.0)
(42.606323, 27.859901, 0.0)
(42.604198, 27.825748, 0.0)
(42.586529, 27.839542, 0.0)
(42.578033, 27.847435, 0.0)
(42.566296, 27.909521, 0.0)
(42.512215, 27.887747, 0.0)
(42.483562, 27.911734, 0.0)
(42.448120, 27.891546, 0.0)
(42.448120, 27.891546, 0.0)
(42.444244, 27.885887, 0.0)
(42.449253, 27.912373, 0.0)
(42.466087, 27.902006, 0.0)
(42.476952, 27.887968, 0.0)
(42.465038, 27.856943, 0.0)
(42.492683, 27.887398, 0.0)
(42.470844, 27.885620, 0.0)
(42.477718, 27.891481, 0.0)
(42.499504, 27.915321, 0.0)
(42.505135, 27.901505, 0.0)
(42.512009, 27.900171, 0.0)
(42.462997, 27.857082, 0.0)
(42.538128, 27.887701, 0.0)
(42.491234, 27.856184, 0.0)
(42.458176, 27.847580, 0.0)
(42.434166, 27.852539, 0.0)
(42.434166, 27.852539, 0.0)
(42.394787, 27.861866, 0.0)
(42.385582, 27.855534, 0.0)
(42.373672, 27.864614, 0.0)
(42.334705, 27.873806, 0.0)
(42.332310, 27.879541, 0.0)
(42.313614, 27.878233, 0.0)
(42.260162, 27.900974, 0.0)
(40.048752, 29.059002, 0.0)
(36.445911, 30.994286, 0.0)
(34.045067, 31.770689, 0.0)
(33.680984, 31.973532, 0.0)
(33.621979, 31.962503, 0.0)
(33.562016, 31.945492, 0.0)
(33.542286, 31.954115, 0.0)
(33.526333, 31.951710, 0.0)
(33.495426, 31.945299, 0.0)
(33.470898, 31.954966, 0.0)
(33.471466, 32.011932, 0.0)
(33.473438, 32.078945, 0.0)
(33.432289, 32.053970, 0.0)
(33.420071, 32.037334, 0.0)
(33.413242, 32.028503, 0.0)
(33.396069, 32.049740, 0.0)
(33.351784, 32.046825, 0.0)
(33.330570, 32.063877, 0.0)
(33.312027, 32.069584, 0.0)
(33.307926, 32.067097, 0.0)
(33.252796, 32.105659, 0.0)
(33.208179, 32.078457, 0.0)
(33.194408, 32.046131, 0.0)
(33.150597, 32.064087, 0.0)
(33.132065, 32.093121, 0.0)
(33.085411, 32.115131, 0.0)
(33.065113, 32.088898, 0.0)
(33.017475, 32.063217, 0.0)
(32.996819, 32.074131, 0.0)
(32.973476, 32.050636, 0.0)
(32.945408, 32.027702, 0.0)
(32.927742, 31.989874, 0.0)
(32.913559, 32.026924, 0.0)
(32.837360, 32.000000, 0.0)
(32.836849, 31.984571, 0.0)
(33.932320, 29.013037, 0.0)
(35.537682, 24.756268, 0.0)
(36.414791, 22.552946, 0.0)
(36.877602, 21.710770, 0.0)
(36.905849, 21.670109, 0.0)
(36.875854, 21.682253, 0.0)
(36.903210, 21.678209, 0.0)
(36.621048, 20.802151, 0.0)
(36.299633, 19.760963, 0.0)
(36.253002, 19.736687, 0.0)
(36.257664, 19.734705, 0.0)
(36.229046, 19.691648, 0.0)
(36.163715, 19.663223, 0.0)
(36.213352, 19.679043, 0.0)
(36.237728, 19.665634, 0.0)
(36.246502, 19.639389, 0.0)
(36.258045, 19.616568, 0.0)
(36.266289, 19.670540, 0.0)
(36.265141, 19.655088, 0.0)
(36.258148, 19.669468, 0.0)
(36.250496, 19.684643, 0.0)
(36.256905, 19.688889, 0.0)
(36.256905, 19.688889, 0.0)
(36.253056, 19.659090, 0.0)
(36.269749, 19.669231, 0.0)
(36.253056, 19.659090, 0.0)
(36.262096, 19.676815, 0.0)
(36.256905, 19.688889, 0.0)
(36.244095, 19.703381, 0.0)
(36.231293, 19.699121, 0.0)
(36.247318, 19.697401, 0.0)
(36.234631, 19.704996, 0.0)
(36.221508, 19.693989, 0.0)
(36.202034, 19.688913, 0.0)
(36.192467, 19.679707, 0.0)
(36.165253, 19.668434, 0.0)
(36.138348, 19.660625, 0.0)
(35.252964, 21.877047, 0.0)
(29.585442, 28.099941, 0.0)
(28.970495, 27.949163, 0.0)
(28.825064, 27.941126, 0.0)
(28.788370, 27.992470, 0.0)
(28.766533, 28.001564, 0.0)
(28.757771, 28.008387, 0.0)
(28.764162, 27.994358, 0.0)
(28.761324, 28.479752, 0.0)
(28.850029, 28.969595, 0.0)
(28.836565, 28.960142, 0.0)
(28.815250, 28.980858, 0.0)
(28.808809, 28.980295, 0.0)
(28.811501, 28.971939, 0.0)
(28.764866, 29.031754, 0.0)
(28.768505, 29.087845, 0.0)
(28.749043, 29.106489, 0.0)
(28.726744, 29.085114, 0.0)
(28.709320, 29.068855, 0.0)
(28.716679, 29.064089, 0.0)
(28.707922, 29.027149, 0.0)
(28.710821, 29.051197, 0.0)
(28.729696, 29.091423, 0.0)
(28.718382, 29.097876, 0.0)
(28.711462, 29.096260, 0.0)
(28.726162, 29.085678, 0.0)
(28.715315, 29.074417, 0.0)
(28.707359, 29.069893, 0.0)
(28.696276, 29.082506, 0.0)
(28.704573, 29.074991, 0.0)
(28.707359, 29.069893, 0.0)
(28.715221, 29.062565, 0.0)
(28.720585, 29.018690, 0.0)
(28.717241, 28.979900, 0.0)
(28.715408, 28.955521, 0.0)
(28.723923, 28.949856, 0.0)
(28.732304, 29.007315, 0.0)
(28.760899, 29.045135, 0.0)
(28.744818, 28.956036, 0.0)
(28.989634, 28.692181, 0.0)
(33.177189, 25.580618, 0.0)
(37.055206, 24.385250, 0.0)
(39.783413, 24.249922, 0.0)
(41.215855, 24.580025, 0.0)
(41.361168, 24.597284, 0.0)
(41.302959, 24.551674, 0.0)
(41.296856, 24.513124, 0.0)
(41.317989, 24.505983, 0.0)
(41.332787, 24.547218, 0.0)
(41.324409, 24.503567, 0.0)
(41.314323, 24.500513, 0.0)
(41.319744, 24.514439, 0.0)
(41.314323, 24.500513, 0.0)
(41.308468, 24.520948, 0.0)
(41.298111, 24.524899, 0.0)
(41.272758, 24.547903, 0.0)
(41.271675, 24.555384, 0.0)
(41.258862, 24.582615, 0.0)
(41.253723, 24.584042, 0.0)
(41.198734, 24.594046, 0.0)
(41.229481, 24.601538, 0.0)
(41.233803, 24.565550, 0.0)
(41.236073, 24.561020, 0.0)
(41.244606, 24.567354, 0.0)
(41.257145, 24.591761, 0.0)
(41.275707, 24.609362, 0.0)
(41.265270, 24.630955, 0.0)
(41.251877, 24.636021, 0.0)
(41.245224, 24.655302, 0.0)
(41.235382, 24.680393, 0.0)
(41.232136, 24.679472, 0.0)
(41.208725, 24.689449, 0.0)
(41.200279, 24.678186, 0.0)
(41.199337, 24.660009, 0.0)
(41.195240, 24.673304, 0.0)
(39.903309, 23.895910, 0.0)
(36.653061, 21.994976, 0.0)
(36.564785, 21.769314, 0.0)
(36.549118, 21.731682, 0.0)
(36.484566, 21.709984, 0.0)
(36.460022, 21.652349, 0.0)
(36.838295, 21.652723, 0.0)
(36.850529, 21.634420, 0.0)
(36.832569, 21.599470, 0.0)
(36.817337, 21.576138, 0.0)
(36.849361, 21.540686, 0.0)
(36.821274, 21.514456, 0.0)
(36.814995, 21.512470, 0.0)
(36.817921, 21.526922, 0.0)
(36.842449, 21.547140, 0.0)
(36.828403, 21.499826, 0.0)
(36.794285, 21.505402, 0.0)
(36.794285, 21.505402, 0.0)
(36.791405, 21.519070, 0.0)
(36.791405, 21.519070, 0.0)
(36.794285, 21.505402, 0.0)
(36.779110, 21.512115, 0.0)
(36.767818, 21.520214, 0.0)
(36.762428, 21.537693, 0.0)
(36.760994, 21.550694, 0.0)
(36.754482, 21.552963, 0.0)
(36.760658, 21.580711, 0.0)
(36.738525, 21.566696, 0.0)
(36.733849, 21.569862, 0.0)
(36.733528, 21.576609, 0.0)
(36.733528, 21.576609, 0.0)
(36.722679, 21.579964, 0.0)
(36.726147, 21.586622, 0.0)
(36.723106, 21.614418, 0.0)
(36.699711, 21.591406, 0.0)
(36.674351, 21.582661, 0.0)
(36.645447, 21.577028, 0.0)
(34.180901, 24.629208, 0.0)
(31.682163, 27.111593, 0.0)
(31.095655, 27.357447, 0.0)
(30.973942, 27.375536, 0.0)
(30.907988, 27.392687, 0.0)
(30.838793, 27.355492, 0.0)
(30.815357, 27.343590, 0.0)
(30.808546, 27.352476, 0.0)
(30.802181, 27.360449, 0.0)
(30.804602, 27.348936, 0.0)
(30.799744, 27.365843, 0.0)
(30.791744, 27.366079, 0.0)
(30.752167, 27.347595, 0.0)
(30.745676, 27.353315, 0.0)
(30.755775, 27.405590, 0.0)
(30.740225, 27.363800, 0.0)
(30.733187, 27.356684, 0.0)
(30.731821, 27.345331, 0.0)
(30.759829, 27.402674, 0.0)
(30.747194, 27.372492, 0.0)
(30.730377, 27.328196, 0.0)
(30.762558, 27.307335, 0.0)
(30.793335, 27.331282, 0.0)
(30.761980, 27.342560, 0.0)
(30.758307, 27.346317, 0.0)
(30.780210, 27.315325, 0.0)
(30.789646, 27.315294, 0.0)
(30.793858, 27.312395, 0.0)
(30.789646, 27.315294, 0.0)
(30.771547, 27.300045, 0.0)
(30.780855, 27.300919, 0.0)
(30.791908, 27.326443, 0.0)
(30.787491, 27.375450, 0.0)
(30.787491, 27.375450, 0.0)
(30.778265, 27.376196, 0.0)
(30.771034, 27.384020, 0.0)
(30.793163, 27.372211, 0.0)
(30.818457, 27.351896, 0.0)
(34.812206, 25.751699, 0.0)
(37.440258, 25.339306, 0.0)
(37.639118, 25.324463, 0.0)
(37.583736, 25.316019, 0.0)
(37.627232, 25.318291, 0.0)
(37.627693, 25.290234, 0.0)
(37.618286, 25.269724, 0.0)
(37.600204, 25.255613, 0.0)
(37.620411, 25.245607, 0.0)
(37.621456, 25.239519, 0.0)
(37.609028, 25.217289, 0.0)
(37.622856, 25.248100, 0.0)
(37.621704, 25.254324, 0.0)
(37.576878, 25.228424, 0.0)
(37.590141, 25.212772, 0.0)
(37.589947, 25.237125, 0.0)
(37.569828, 25.258598, 0.0)
(37.541836, 25.258469, 0.0)
(37.541836, 25.258469, 0.0)
(37.527496, 25.259562, 0.0)
(37.527122, 25.236683, 0.0)
(37.529751, 25.182829, 0.0)
(37.518726, 25.207165, 0.0)
(37.514061, 25.233826, 0.0)
(37.520676, 25.260286, 0.0)
(37.503613, 25.253071, 0.0)
(37.506195, 25.259340, 0.0)
(37.488567, 25.283594, 0.0)
(37.506195, 25.247803, 0.0)
(37.506512, 25.241507, 0.0)
(37.522766, 25.229399, 0.0)
(37.517895, 25.230223, 0.0)
(37.517895, 25.230223, 0.0)
(37.518581, 25.232418, 0.0)
(37.498051, 25.246393, 0.0)
(37.500629, 25.252649, 0.0)
(37.486111, 25.240572, 0.0)
(37.500629, 25.252649, 0.0)
(37.497684, 25.270164, 0.0)
(37.481136, 25.260664, 0.0)
(37.491966, 25.249516, 0.0)
(41.977989, 23.013994, 0.0)
(42.042347, 23.081495, 0.0)
(42.055504, 23.140621, 0.0)
(42.068813, 23.147985, 0.0)
(42.069714, 23.174265, 0.0)
(42.097511, 23.171381, 0.0)
(42.095993, 22.713001, 0.0)
(42.099304, 22.642210, 0.0)
(42.139179, 22.689310, 0.0)
(42.130909, 22.717052, 0.0)
(42.120647, 22.677629, 0.0)
(42.103519, 22.628513, 0.0)
(42.129959, 22.604853, 0.0)
(42.109867, 22.581684, 0.0)
(42.098030, 22.575342, 0.0)
(42.104927, 22.582273, 0.0)
(42.090271, 22.606701, 0.0)
(42.074501, 22.603418, 0.0)
(42.074501, 22.603418, 0.0)
(42.089161, 22.595573, 0.0)
(42.054192, 22.586456, 0.0)
(42.053211, 22.550013, 0.0)
(42.044975, 22.571735, 0.0)
(42.047237, 22.591543, 0.0)
(42.042591, 22.578947, 0.0)
(42.041809, 22.609837, 0.0)
(42.036194, 22.604324, 0.0)
(42.053936, 22.591274, 0.0)
(42.037243, 22.597244, 0.0)
(42.042416, 22.594501, 0.0)
(42.027508, 22.594973, 0.0)
(42.026817, 22.626060, 0.0)
(41.915665, 22.636469, 0.0)
(38.814724, 23.109467, 0.0)
(36.546993, 24.799719, 0.0)
(34.536133, 26.421551, 0.0)
(32.979168, 27.654652, 0.0)
(32.625469, 27.765139, 0.0)
(32.534191, 27.704565, 0.0)
(32.495800, 27.730627, 0.0)
(32.476952, 27.743166, 0.0)
(32.446014, 27.714663, 0.0)
(32.321888, 27.742807, 0.0)
(29.491329, 29.828365, 0.0)
(28.067453, 30.561729, 0.0)
(27.857325, 30.653658, 0.0)
(27.802805, 30.630800, 0.0)
(27.784245, 30.633438, 0.0)
(27.587219, 30.821003, 0.0)
(27.479813, 31.042995, 0.0)
(27.476774, 31.060520, 0.0)
(27.465775, 31.050087, 0.0)
(27.483335, 31.033686, 0.0)
(27.979826, 29.967550, 0.0)
(28.289295, 29.100754, 0.0)
(28.350868, 29.011774, 0.0)
(28.343658, 28.994740, 0.0)
(28.330833, 29.018244, 0.0)
(28.317490, 28.933157, 0.0)
(28.276421, 28.910841, 0.0)
(28.262409, 28.893772, 0.0)
(28.290323, 28.852062, 0.0)
(28.287531, 28.826555, 0.0)
(28.279984, 28.803045, 0.0)
(28.264875, 28.805054, 0.0)
(28.278170, 28.785847, 0.0)
(28.269182, 28.786409, 0.0)
(29.976009, 28.366978, 0.0)
(35.226368, 27.419498, 0.0)
(37.638924, 27.313517, 0.0)
(37.904938, 27.313147, 0.0)
(37.920238, 27.276117, 0.0)
(37.902538, 27.247337, 0.0)
(37.930275, 27.265522, 0.0)
(37.657719, 27.231890, 0.0)
(37.526058, 27.203775, 0.0)
(37.521660, 27.209269, 0.0)
(37.516129, 27.246473, 0.0)
(37.511753, 27.267179, 0.0)
(37.507729, 27.271580, 0.0)
(37.498966, 27.310335, 0.0)
(37.481422, 27.326097, 0.0)
(37.463993, 27.305531, 0.0)
(37.464954, 27.299494, 0.0)
(37.473976, 27.341042, 0.0)
(37.696243, 27.334593, 0.0)
(37.711071, 27.358915, 0.0)
(37.711071, 27.417389, 0.0)
(37.692493, 27.424517, 0.0)
(37.681896, 27.388411, 0.0)
(37.673141, 27.373322, 0.0)
(37.467506, 27.320745, 0.0)
(37.428814, 27.302832, 0.0)
(37.430862, 27.286016, 0.0)
(37.428204, 27.308117, 0.0)
(37.428204, 27.308117, 0.0)
(37.427181, 27.297237, 0.0)
(37.420841, 27.274750, 0.0)
(37.577301, 27.295977, 0.0)
(37.581936, 27.293377, 0.0)
(37.583500, 27.292139, 0.0)
(37.604359, 27.277033, 0.0)
(37.579235, 27.291918, 0.0)
(37.584396, 27.253126, 0.0)
(37.593143, 27.266712, 0.0)
(37.599518, 27.280287, 0.0)
(39.804077, 29.386240, 0.0)
(40.813522, 30.980030, 0.0)
(40.872570, 31.056484, 0.0)
(40.819881, 30.992476, 0.0)
(40.792542, 30.992926, 0.0)
(40.886349, 31.014490, 0.0)
(41.118721, 31.005444, 0.0)
(41.129875, 31.034355, 0.0)
(41.114426, 31.092638, 0.0)
(41.118351, 31.092609, 0.0)
(41.105690, 31.105417, 0.0)
(41.101803, 31.104153, 0.0)
(41.103558, 31.080671, 0.0)
(41.274925, 31.087576, 0.0)
(41.283260, 31.057003, 0.0)
(41.271488, 31.091433, 0.0)
(41.291729, 31.094629, 0.0)
(41.271305, 31.112160, 0.0)
(41.151562, 31.095037, 0.0)
(41.106213, 31.118269, 0.0)
(41.140377, 31.137234, 0.0)
(41.146748, 31.121092, 0.0)
(41.124992, 31.087753, 0.0)
(41.164268, 31.117907, 0.0)
(41.207752, 31.112604, 0.0)
(41.210003, 31.100891, 0.0)
(41.202019, 31.101772, 0.0)
(41.252804, 31.066774, 0.0)
(41.251671, 31.100372, 0.0)
(41.265682, 31.075150, 0.0)
(41.268562, 31.081194, 0.0)
(41.254536, 31.096939, 0.0)
(41.250801, 31.100094, 0.0)
(41.207611, 31.082031, 0.0)
(41.189732, 31.047922, 0.0)
(41.069988, 31.118580, 0.0)
