{
  "prompt": "black pupil.",
  "gsam2_centers": [
    {
      "valid": true,
      "cx": 138.22,
      "cy": 137.4,
      "area": 594,
      "det_score": 0.4882,
      "sam_score": 0.9626,
      "box": [
        126.8,
        120.7,
        150.9,
        154.6
      ],
      "repeats": [
        [
          138.18,
          137.35
        ],
        [
          138.3,
          137.28
        ],
        [
          138.49,
          136.94
        ],
        [
          138.69,
          136.95
        ],
        [
          139.44,
          137.13
        ]
      ],
      "idx": 705,
      "mislabel": false,
      "mislabel_reason": "ok",
      "e_unet": 0.71
    },
    {
      "valid": true,
      "cx": 138.22,
      "cy": 137.4,
      "area": 596,
      "det_score": 0.4829,
      "sam_score": 0.9624,
      "box": [
        126.8,
        120.8,
        150.8,
        154.7
      ],
      "repeats": [
        [
          138.2,
          137.41
        ],
        [
          138.35,
          137.5
        ],
        [
          138.45999999999998,
          137.20999999999998
        ],
        [
          138.76999999999998,
          137.01
        ],
        [
          139.52,
          137.20999999999998
        ]
      ],
      "idx": 706,
      "mislabel": false,
      "mislabel_reason": "ok",
      "e_unet": 0.67
    },
    {
      "valid": true,
      "cx": 138.98000000000002,
      "cy": 136.31,
      "area": 589,
      "det_score": 0.4289,
      "sam_score": 0.9636,
      "box": [
        127.4,
        119.8,
        151.4,
        153.5
      ],
      "repeats": [
        [
          138.81,
          136.38
        ],
        [
          139.11,
          136.31
        ],
        [
          139.32999999999998,
          135.86
        ],
        [
          139.36,
          135.95999999999998
        ],
        [
          140.07,
          136.32
        ]
      ],
      "idx": 707,
      "mislabel": false,
      "mislabel_reason": "ok",
      "e_unet": 0.66
    },
    {
      "valid": true,
      "cx": 140.28,
      "cy": 134.70999999999998,
      "area": 604,
      "det_score": 0.4488,
      "sam_score": 0.9618,
      "box": [
        128.1,
        118.8,
        153.2,
        151.6
      ],
      "repeats": [
        [
          140.12,
          134.74
        ],
        [
          140.32999999999998,
          134.76
        ],
        [
          140.39,
          134.48000000000002
        ],
        [
          140.43,
          134.47
        ],
        [
          141.48,
          134.68
        ]
      ],
      "idx": 708,
      "mislabel": false,
      "mislabel_reason": "ok",
      "e_unet": 0.83
    },
    {
      "valid": true,
      "cx": 140.19,
      "cy": 134.48000000000002,
      "area": 611,
      "det_score": 0.4655,
      "sam_score": 0.9603,
      "box": [
        127.9,
        118.5,
        153.4,
        151.4
      ],
      "repeats": [
        [
          140.07999999999998,
          134.57
        ],
        [
          140.24,
          134.56
        ],
        [
          140.24,
          134.54000000000002
        ],
        [
          140.42000000000002,
          134.26999999999998
        ],
        [
          141.45,
          134.32999999999998
        ]
      ],
      "idx": 709,
      "mislabel": false,
      "mislabel_reason": "ok",
      "e_unet": 0.77
    },
    {
      "valid": true,
      "cx": 140.11,
      "cy": 134.53,
      "area": 610,
      "det_score": 0.4808,
      "sam_score": 0.9624,
      "box": [
        127.8,
        118.4,
        153.6,
        151.4
      ],
      "repeats": [
        [
          140.07,
          134.20999999999998
        ],
        [
          140.17000000000002,
          134.51
        ],
        [
          140.28,
          134.3
        ],
        [
          140.44,
          134.01999999999998
        ],
        [
          141.44,
          134.23000000000002
        ]
      ],
      "idx": 710,
      "mislabel": false,
      "mislabel_reason": "ok",
      "e_unet": 0.83
    },
    {
      "valid": true,
      "cx": 140.32999999999998,
      "cy": 134.1,
      "area": 612,
      "det_score": 0.467,
      "sam_score": 0.9611,
      "box": [
        128.0,
        118.3,
        153.7,
        151.3
      ],
      "repeats": [
        [
          140.18,
          133.94
        ],
        [
          140.32,
          134.32999999999998
        ],
        [
          140.26,
          134.23000000000002
        ],
        [
          140.45,
          134.0
        ],
        [
          141.51,
          134.05
        ]
      ],
      "idx": 711,
      "mislabel": false,
      "mislabel_reason": "ok",
      "e_unet": 1.03
    },
    {
      "valid": true,
      "cx": 140.15,
      "cy": 134.20999999999998,
      "area": 614,
      "det_score": 0.4859,
      "sam_score": 0.9612,
      "box": [
        127.9,
        118.1,
        153.6,
        151.4
      ],
      "repeats": [
        [
          140.18,
          133.93
        ],
        [
          140.22,
          134.24
        ],
        [
          140.29000000000002,
          133.95
        ],
        [
          140.41,
          133.9
        ],
        [
          141.42,
          134.0
        ]
      ],
      "idx": 712,
      "mislabel": false,
      "mislabel_reason": "ok",
      "e_unet": 0.89
    },
    {
      "valid": true,
      "cx": 144.72,
      "cy": 132.42000000000002,
      "area": 650,
      "det_score": 0.5122,
      "sam_score": 0.9664,
      "box": [
        131.2,
        116.2,
        159.4,
        149.2
      ],
      "repeats": [
        [
          144.57999999999998,
          132.32999999999998
        ],
        [
          144.73000000000002,
          132.47
        ],
        [
          144.7,
          132.41
        ],
        [
          144.8,
          132.26999999999998
        ],
        [
          145.81,
          132.36
        ]
      ],
      "idx": 713,
      "mislabel": false,
      "mislabel_reason": "ok",
      "e_unet": 0.76
    },
    {
      "valid": true,
      "cx": 164.73,
      "cy": 124.12,
      "area": 720,
      "det_score": 0.4221,
      "sam_score": 0.9684,
      "box": [
        149.1,
        108.8,
        181.4,
        139.8
      ],
      "repeats": [
        [
          164.84,
          123.98
        ],
        [
          164.68,
          124.19
        ],
        [
          164.85,
          123.98
        ],
        [
          164.84,
          123.97
        ],
        [
          165.94,
          124.0
        ]
      ],
      "idx": 714,
      "mislabel": false,
      "mislabel_reason": "ok",
      "e_unet": 0.32
    },
    {
      "valid": true,
      "cx": 172.02,
      "cy": 122.36,
      "area": 744,
      "det_score": 0.4101,
      "sam_score": 0.9672,
      "box": [
        155.6,
        107.1,
        189.3,
        137.7
      ],
      "repeats": [
        [
          172.01,
          122.31
        ],
        [
          172.02,
          122.39
        ],
        [
          172.03,
          122.4
        ],
        [
          172.06,
          122.31
        ],
        [
          173.15,
          122.4
        ]
      ],
      "idx": 715,
      "mislabel": false,
      "mislabel_reason": "ok",
      "e_unet": 0.57
    }
  ]
}