{
  "prompt": "black pupil.",
  "gsam2_centers": [
    {
      "valid": true,
      "cx": 163.71,
      "cy": 133.75,
      "area": 1118,
      "det_score": 0.4235,
      "sam_score": 0.9693,
      "box": [
        145.1,
        112.4,
        183.6,
        155.2
      ],
      "repeats": [
        [
          163.72,
          133.51
        ],
        [
          163.74,
          133.78
        ],
        [
          163.75,
          133.69
        ],
        [
          163.78,
          133.42000000000002
        ],
        [
          164.86,
          133.64
        ]
      ],
      "idx": 807,
      "mislabel": false,
      "mislabel_reason": "ok",
      "e_unet": 0.56
    },
    {
      "valid": true,
      "cx": 163.38,
      "cy": 133.81,
      "area": 1096,
      "det_score": 0.423,
      "sam_score": 0.9697,
      "box": [
        145.0,
        113.3,
        182.8,
        155.0
      ],
      "repeats": [
        [
          163.38,
          133.82
        ],
        [
          163.41,
          133.92000000000002
        ],
        [
          163.4,
          133.86
        ],
        [
          163.48,
          133.66
        ],
        [
          164.45,
          133.76999999999998
        ]
      ],
      "idx": 808,
      "mislabel": false,
      "mislabel_reason": "ok",
      "e_unet": 0.52
    },
    {
      "valid": true,
      "cx": 163.0,
      "cy": 133.94,
      "area": 1099,
      "det_score": 0.4064,
      "sam_score": 0.9696,
      "box": [
        144.7,
        113.4,
        182.5,
        155.0
      ],
      "repeats": [
        [
          162.89,
          133.88
        ],
        [
          163.01,
          134.12
        ],
        [
          163.0,
          134.06
        ],
        [
          162.99,
          133.75
        ],
        [
          164.08,
          133.78
        ]
      ],
      "idx": 809,
      "mislabel": false,
      "mislabel_reason": "ok",
      "e_unet": 0.58
    },
    {
      "valid": true,
      "cx": 162.62,
      "cy": 133.99,
      "area": 1079,
      "det_score": 0.4069,
      "sam_score": 0.9688,
      "box": [
        144.2,
        113.6,
        181.8,
        155.1
      ],
      "repeats": [
        [
          162.55,
          133.94
        ],
        [
          162.66,
          134.14
        ],
        [
          162.64,
          134.07999999999998
        ],
        [
          162.64,
          133.79000000000002
        ],
        [
          163.68,
          133.76
        ]
      ],
      "idx": 810,
      "mislabel": false,
      "mislabel_reason": "ok",
      "e_unet": 0.54
    },
    {
      "valid": true,
      "cx": 162.24,
      "cy": 133.92000000000002,
      "area": 1084,
      "det_score": 0.3984,
      "sam_score": 0.9682,
      "box": [
        143.9,
        113.7,
        181.5,
        155.1
      ],
      "repeats": [
        [
          162.18,
          133.86
        ],
        [
          162.22,
          134.22
        ],
        [
          162.2,
          134.16
        ],
        [
          162.28,
          133.62
        ],
        [
          163.28,
          133.79000000000002
        ]
      ],
      "idx": 811,
      "mislabel": false,
      "mislabel_reason": "ok",
      "e_unet": 0.57
    },
    {
      "valid": true,
      "cx": 155.2,
      "cy": 135.93,
      "area": 983,
      "det_score": 0.417,
      "sam_score": 0.9635,
      "box": [
        139.1,
        115.8,
        172.9,
        156.6
      ],
      "repeats": [
        [
          155.16,
          135.8
        ],
        [
          155.26,
          136.13
        ],
        [
          155.25,
          135.98000000000002
        ],
        [
          156.14,
          135.13
        ],
        [
          156.9,
          135.31
        ]
      ],
      "idx": 812,
      "mislabel": false,
      "mislabel_reason": "ok",
      "e_unet": 0.34
    },
    {
      "valid": true,
      "cx": 155.11,
      "cy": 135.91,
      "area": 968,
      "det_score": 0.4559,
      "sam_score": 0.9662,
      "box": [
        138.9,
        115.7,
        172.7,
        156.6
      ],
      "repeats": [
        [
          155.02,
          135.87
        ],
        [
          155.17,
          135.98000000000002
        ],
        [
          155.14,
          135.95999999999998
        ],
        [
          155.2,
          135.76999999999998
        ],
        [
          156.19,
          136.01
        ]
      ],
      "idx": 813,
      "mislabel": false,
      "mislabel_reason": "ok",
      "e_unet": 0.47
    }
  ]
}