{
  "prompt": "black pupil.",
  "gsam2_centers": [
    {
      "valid": true,
      "cx": 103.55,
      "cy": 135.07999999999998,
      "area": 829,
      "det_score": 0.3699,
      "sam_score": 0.9681,
      "box": [
        88.3,
        116.8,
        120.5,
        153.9
      ],
      "repeats": [
        [
          103.55,
          134.99
        ],
        [
          103.53,
          135.15
        ],
        [
          103.57,
          135.06
        ],
        [
          103.63,
          134.93
        ],
        [
          104.61000000000001,
          135.09
        ]
      ],
      "idx": 2305,
      "mislabel": false,
      "mislabel_reason": "ok",
      "e_unet": 0.53
    },
    {
      "valid": true,
      "cx": 103.58,
      "cy": 134.99,
      "area": 828,
      "det_score": 0.3461,
      "sam_score": 0.9671,
      "box": [
        88.4,
        116.7,
        120.6,
        153.8
      ],
      "repeats": [
        [
          103.57,
          134.95999999999998
        ],
        [
          103.59,
          135.03
        ],
        [
          103.57,
          135.01999999999998
        ],
        [
          103.7,
          134.89
        ],
        [
          104.69999999999999,
          135.01
        ]
      ],
      "idx": 2306,
      "mislabel": false,
      "mislabel_reason": "ok",
      "e_unet": 0.53
    },
    {
      "valid": true,
      "cx": 103.66,
      "cy": 134.98000000000002,
      "area": 827,
      "det_score": 0.3386,
      "sam_score": 0.968,
      "box": [
        88.3,
        116.6,
        120.8,
        153.8
      ],
      "repeats": [
        [
          103.59,
          134.95
        ],
        [
          103.71,
          134.95999999999998
        ],
        [
          103.71,
          134.97
        ],
        [
          103.78,
          134.88
        ],
        [
          104.75999999999999,
          134.98000000000002
        ]
      ],
      "idx": 2307,
      "mislabel": false,
      "mislabel_reason": "ok",
      "e_unet": 0.52
    },
    {
      "valid": true,
      "cx": 103.63,
      "cy": 134.82,
      "area": 821,
      "det_score": 0.3376,
      "sam_score": 0.9684,
      "box": [
        88.4,
        116.6,
        120.7,
        153.6
      ],
      "repeats": [
        [
          103.67,
          134.73000000000002
        ],
        [
          103.66,
          134.84
        ],
        [
          103.73,
          134.76
        ],
        [
          103.77,
          134.74
        ],
        [
          104.82,
          134.78
        ]
      ],
      "idx": 2308,
      "mislabel": false,
      "mislabel_reason": "ok",
      "e_unet": 0.55
    },
    {
      "valid": true,
      "cx": 103.48,
      "cy": 134.70999999999998,
      "area": 816,
      "det_score": 0.3348,
      "sam_score": 0.9681,
      "box": [
        88.4,
        116.6,
        120.5,
        153.5
      ],
      "repeats": [
        [
          103.52,
          134.68
        ],
        [
          103.6,
          134.74
        ],
        [
          103.56,
          134.72
        ],
        [
          103.61,
          134.66
        ],
        [
          104.66,
          134.69
        ]
      ],
      "idx": 2309,
      "mislabel": false,
      "mislabel_reason": "ok",
      "e_unet": 0.51
    },
    {
      "valid": true,
      "cx": 103.44,
      "cy": 134.51,
      "area": 802,
      "det_score": 0.3378,
      "sam_score": 0.9691,
      "box": [
        88.4,
        116.5,
        120.3,
        153.1
      ],
      "repeats": [
        [
          103.39,
          134.45
        ],
        [
          103.45,
          134.55
        ],
        [
          103.48,
          134.48000000000002
        ],
        [
          103.59,
          134.37
        ],
        [
          104.58000000000001,
          134.45999999999998
        ]
      ],
      "idx": 2310,
      "mislabel": false,
      "mislabel_reason": "ok",
      "e_unet": 0.6
    },
    {
      "valid": true,
      "cx": 103.36,
      "cy": 134.20999999999998,
      "area": 791,
      "det_score": 0.3564,
      "sam_score": 0.9678,
      "box": [
        88.6,
        116.4,
        120.1,
        152.6
      ],
      "repeats": [
        [
          103.32,
          134.20999999999998
        ],
        [
          103.39,
          134.2
        ],
        [
          103.43,
          134.16
        ],
        [
          103.43,
          134.1
        ],
        [
          104.53,
          134.2
        ]
      ],
      "idx": 2311,
      "mislabel": false,
      "mislabel_reason": "ok",
      "e_unet": 0.61
    },
    {
      "valid": true,
      "cx": 101.98,
      "cy": 133.64,
      "area": 762,
      "det_score": 0.3698,
      "sam_score": 0.9656,
      "box": [
        87.5,
        116.1,
        118.7,
        151.5
      ],
      "repeats": [
        [
          101.99,
          133.61
        ],
        [
          102.08,
          133.67000000000002
        ],
        [
          102.01,
          133.72
        ],
        [
          102.16,
          133.47
        ],
        [
          103.27000000000001,
          133.61
        ]
      ],
      "idx": 2312,
      "mislabel": false,
      "mislabel_reason": "ok",
      "e_unet": 0.49
    },
    {
      "valid": true,
      "cx": 101.91,
      "cy": 133.29000000000002,
      "area": 749,
      "det_score": 0.3941,
      "sam_score": 0.9652,
      "box": [
        87.7,
        115.9,
        118.3,
        151.0
      ],
      "repeats": [
        [
          101.94,
          133.17000000000002
        ],
        [
          101.97,
          133.28
        ],
        [
          101.9,
          133.29000000000002
        ],
        [
          102.09,
          133.12
        ],
        [
          103.13999999999999,
          133.13
        ]
      ],
      "idx": 2313,
      "mislabel": false,
      "mislabel_reason": "ok",
      "e_unet": 0.64
    },
    {
      "valid": true,
      "cx": 102.09,
      "cy": 132.84,
      "area": 725,
      "det_score": 0.3818,
      "sam_score": 0.9638,
      "box": [
        87.9,
        115.8,
        118.0,
        150.6
      ],
      "repeats": [
        [
          101.98,
          132.81
        ],
        [
          102.15,
          132.9
        ],
        [
          102.05,
          132.84
        ],
        [
          102.16,
          132.81
        ],
        [
          103.21000000000001,
          132.78
        ]
      ],
      "idx": 2314,
      "mislabel": false,
      "mislabel_reason": "ok",
      "e_unet": 0.58
    },
    {
      "valid": true,
      "cx": 102.04,
      "cy": 132.70999999999998,
      "area": 709,
      "det_score": 0.3743,
      "sam_score": 0.9648,
      "box": [
        88.0,
        115.8,
        117.9,
        150.4
      ],
      "repeats": [
        [
          102.12,
          132.61
        ],
        [
          102.11,
          132.79000000000002
        ],
        [
          102.09,
          132.81
        ],
        [
          102.17,
          132.61
        ],
        [
          103.1,
          132.72
        ]
      ],
      "idx": 2315,
      "mislabel": false,
      "mislabel_reason": "ok",
      "e_unet": 0.54
    }
  ]
}