{
  "prompt": "black pupil.",
  "gsam2_centers": [
    {
      "valid": true,
      "cx": 147.07999999999998,
      "cy": 142.71,
      "area": 863,
      "det_score": 0.4162,
      "sam_score": 0.972,
      "box": [
        131.2,
        125.0,
        164.2,
        160.9
      ],
      "repeats": [
        [
          147.11,
          142.67
        ],
        [
          147.11,
          142.73
        ],
        [
          147.1,
          142.71
        ],
        [
          147.19,
          142.63
        ],
        [
          148.23,
          142.74
        ]
      ],
      "idx": 1005,
      "mislabel": false,
      "mislabel_reason": "ok",
      "e_unet": 0.77
    },
    {
      "valid": true,
      "cx": 147.07999999999998,
      "cy": 142.61,
      "area": 866,
      "det_score": 0.3976,
      "sam_score": 0.9719,
      "box": [
        131.3,
        124.6,
        164.3,
        160.8
      ],
      "repeats": [
        [
          147.1,
          142.57
        ],
        [
          147.14,
          142.61
        ],
        [
          147.12,
          142.57
        ],
        [
          147.22,
          142.51
        ],
        [
          148.28,
          142.61
        ]
      ],
      "idx": 1006,
      "mislabel": false,
      "mislabel_reason": "ok",
      "e_unet": 0.78
    },
    {
      "valid": true,
      "cx": 147.14,
      "cy": 142.54,
      "area": 874,
      "det_score": 0.4125,
      "sam_score": 0.9724,
      "box": [
        131.2,
        124.5,
        164.4,
        160.8
      ],
      "repeats": [
        [
          147.12,
          142.53
        ],
        [
          147.14,
          142.56
        ],
        [
          147.15,
          142.53
        ],
        [
          147.23000000000002,
          142.41
        ],
        [
          148.31,
          142.5
        ]
      ],
      "idx": 1007,
      "mislabel": false,
      "mislabel_reason": "ok",
      "e_unet": 0.81
    },
    {
      "valid": true,
      "cx": 147.13,
      "cy": 142.42,
      "area": 886,
      "det_score": 0.4234,
      "sam_score": 0.973,
      "box": [
        131.0,
        124.4,
        164.4,
        160.8
      ],
      "repeats": [
        [
          147.06,
          142.42
        ],
        [
          147.15,
          142.44
        ],
        [
          147.13,
          142.4
        ],
        [
          147.17000000000002,
          142.36
        ],
        [
          148.28,
          142.42
        ]
      ],
      "idx": 1008,
      "mislabel": false,
      "mislabel_reason": "ok",
      "e_unet": 0.78
    },
    {
      "valid": true,
      "cx": 147.11,
      "cy": 142.3,
      "area": 891,
      "det_score": 0.4364,
      "sam_score": 0.9736,
      "box": [
        130.8,
        124.0,
        164.6,
        160.7
      ],
      "repeats": [
        [
          147.07999999999998,
          142.26
        ],
        [
          147.13,
          142.34
        ],
        [
          147.11,
          142.3
        ],
        [
          147.18,
          142.15
        ],
        [
          148.22,
          142.27
        ]
      ],
      "idx": 1009,
      "mislabel": false,
      "mislabel_reason": "ok",
      "e_unet": 0.8
    },
    {
      "valid": true,
      "cx": 147.23000000000002,
      "cy": 142.13,
      "area": 897,
      "det_score": 0.4058,
      "sam_score": 0.9737,
      "box": [
        131.0,
        123.8,
        164.7,
        160.7
      ],
      "repeats": [
        [
          147.28,
          142.04
        ],
        [
          147.28,
          142.14
        ],
        [
          147.32999999999998,
          142.06
        ],
        [
          147.41,
          141.95
        ],
        [
          148.49,
          142.1
        ]
      ],
      "idx": 1010,
      "mislabel": false,
      "mislabel_reason": "ok",
      "e_unet": 0.74
    },
    {
      "valid": true,
      "cx": 166.53,
      "cy": 134.32,
      "area": 990,
      "det_score": 0.4245,
      "sam_score": 0.9728,
      "box": [
        147.9,
        116.6,
        186.5,
        151.9
      ],
      "repeats": [
        [
          166.58,
          134.24
        ],
        [
          166.6,
          134.38
        ],
        [
          166.6,
          134.29000000000002
        ],
        [
          166.66,
          134.26
        ],
        [
          167.74,
          134.36
        ]
      ],
      "idx": 1011,
      "mislabel": false,
      "mislabel_reason": "ok",
      "e_unet": 0.7
    },
    {
      "valid": true,
      "cx": 184.01,
      "cy": 129.13,
      "area": 977,
      "det_score": 0.4293,
      "sam_score": 0.9741,
      "box": [
        165.0,
        112.1,
        204.3,
        146.1
      ],
      "repeats": [
        [
          183.84,
          129.04000000000002
        ],
        [
          184.05,
          129.16
        ],
        [
          184.02,
          129.09
        ],
        [
          184.17,
          129.11
        ],
        [
          185.03,
          129.06
        ]
      ],
      "idx": 1012,
      "mislabel": false,
      "mislabel_reason": "ok",
      "e_unet": 0.63
    },
    {
      "valid": true,
      "cx": 188.27,
      "cy": 126.71,
      "area": 957,
      "det_score": 0.3957,
      "sam_score": 0.9742,
      "box": [
        168.8,
        110.1,
        208.7,
        143.6
      ],
      "repeats": [
        [
          188.25,
          126.67
        ],
        [
          188.34,
          126.76
        ],
        [
          188.28,
          126.73
        ],
        [
          188.32,
          126.66
        ],
        [
          189.38,
          126.68
        ]
      ],
      "idx": 1013,
      "mislabel": false,
      "mislabel_reason": "ok",
      "e_unet": 0.79
    },
    {
      "valid": true,
      "cx": 188.37,
      "cy": 126.3,
      "area": 968,
      "det_score": 0.3861,
      "sam_score": 0.9739,
      "box": [
        168.9,
        109.6,
        209.0,
        143.0
      ],
      "repeats": [
        [
          188.3,
          126.27
        ],
        [
          188.4,
          126.39
        ],
        [
          188.34,
          126.32
        ],
        [
          188.37,
          126.3
        ],
        [
          189.51,
          126.29
        ]
      ],
      "idx": 1014,
      "mislabel": false,
      "mislabel_reason": "ok",
      "e_unet": 0.71
    },
    {
      "valid": true,
      "cx": 188.47,
      "cy": 126.09,
      "area": 962,
      "det_score": 0.4042,
      "sam_score": 0.9755,
      "box": [
        169.0,
        109.4,
        209.3,
        142.7
      ],
      "repeats": [
        [
          188.49,
          126.03
        ],
        [
          188.47,
          126.09
        ],
        [
          188.47,
          126.05
        ],
        [
          188.48,
          126.06
        ],
        [
          189.64,
          126.1
        ]
      ],
      "idx": 1015,
      "mislabel": false,
      "mislabel_reason": "ok",
      "e_unet": 0.84
    }
  ]
}