{
  "prompt": "black pupil.",
  "gsam2_centers": [
    {
      "valid": true,
      "cx": 145.28,
      "cy": 113.36,
      "area": 464,
      "det_score": 0.3954,
      "sam_score": 0.9505,
      "box": [
        133.9,
        100.8,
        158.0,
        126.0
      ],
      "repeats": [
        [
          145.25,
          113.2
        ],
        [
          145.42000000000002,
          113.46
        ],
        [
          145.3,
          113.3
        ],
        [
          145.38,
          113.17
        ],
        [
          146.29,
          113.2
        ]
      ],
      "idx": 607,
      "mislabel": false,
      "mislabel_reason": "ok",
      "e_unet": 1.1
    },
    {
      "valid": true,
      "cx": 150.18,
      "cy": 112.18,
      "area": 446,
      "det_score": 0.3338,
      "sam_score": 0.9532,
      "box": [
        138.7,
        99.9,
        162.9,
        124.7
      ],
      "repeats": [
        [
          150.23000000000002,
          112.1
        ],
        [
          150.28,
          112.23
        ],
        [
          150.29000000000002,
          112.12
        ],
        [
          150.28,
          112.08
        ],
        [
          151.31,
          112.2
        ]
      ],
      "idx": 608,
      "mislabel": false,
      "mislabel_reason": "ok",
      "e_unet": 0.98
    },
    {
      "valid": true,
      "cx": 150.91,
      "cy": 112.21,
      "area": 439,
      "det_score": 0.343,
      "sam_score": 0.955,
      "box": [
        139.5,
        99.9,
        163.5,
        124.7
      ],
      "repeats": [
        [
          150.82999999999998,
          112.2
        ],
        [
          150.91,
          112.29
        ],
        [
          150.87,
          112.13
        ],
        [
          150.98000000000002,
          112.15
        ],
        [
          151.93,
          112.25
        ]
      ],
      "idx": 609,
      "mislabel": false,
      "mislabel_reason": "ok",
      "e_unet": 1.02
    },
    {
      "valid": true,
      "cx": 151.62,
      "cy": 112.18,
      "area": 437,
      "det_score": 0.3753,
      "sam_score": 0.9548,
      "box": [
        140.2,
        99.8,
        164.1,
        124.4
      ],
      "repeats": [
        [
          151.54000000000002,
          112.0
        ],
        [
          151.57999999999998,
          112.18
        ],
        [
          151.61,
          112.02
        ],
        [
          151.65,
          111.96
        ],
        [
          152.72,
          112.04
        ]
      ],
      "idx": 610,
      "mislabel": false,
      "mislabel_reason": "ok",
      "e_unet": 1.22
    },
    {
      "valid": true,
      "cx": 152.31,
      "cy": 111.8,
      "area": 434,
      "det_score": 0.3621,
      "sam_score": 0.9544,
      "box": [
        140.8,
        99.6,
        164.8,
        124.0
      ],
      "repeats": [
        [
          152.13,
          111.77
        ],
        [
          152.32999999999998,
          111.86
        ],
        [
          152.31,
          111.78
        ],
        [
          152.32999999999998,
          111.75
        ],
        [
          153.35,
          111.77
        ]
      ],
      "idx": 611,
      "mislabel": false,
      "mislabel_reason": "ok",
      "e_unet": 0.99
    },
    {
      "valid": true,
      "cx": 153.93,
      "cy": 111.69,
      "area": 441,
      "det_score": 0.3435,
      "sam_score": 0.9535,
      "box": [
        142.1,
        99.7,
        166.5,
        124.0
      ],
      "repeats": [
        [
          154.02,
          111.52
        ],
        [
          154.04,
          111.57
        ],
        [
          154.1,
          111.46
        ],
        [
          154.13,
          111.47
        ],
        [
          155.15,
          111.61
        ]
      ],
      "idx": 612,
      "mislabel": false,
      "mislabel_reason": "ok",
      "e_unet": 1.16
    },
    {
      "valid": true,
      "cx": 172.09,
      "cy": 110.66,
      "area": 436,
      "det_score": 0.3726,
      "sam_score": 0.9598,
      "box": [
        160.3,
        98.6,
        184.7,
        122.9
      ],
      "repeats": [
        [
          172.09,
          110.58
        ],
        [
          172.13,
          110.73
        ],
        [
          172.16,
          110.58
        ],
        [
          172.14,
          110.64
        ],
        [
          173.21,
          110.61
        ]
      ],
      "idx": 613,
      "mislabel": false,
      "mislabel_reason": "ok",
      "e_unet": 1.27
    }
  ]
}