(38.683910, 23.134071, 0.0)
(38.742588, 23.176016, 0.0)
(38.737816, 23.169750, 0.0)
(38.785156, 23.181883, 0.0)
(38.797237, 23.159969, 0.0)
(38.799934, 23.158607, 0.0)
(38.849083, 23.130627, 0.0)
(38.849792, 23.145920, 0.0)
(38.851891, 23.100674, 0.0)
(38.835423, 23.097557, 0.0)
(38.863461, 23.119732, 0.0)
(38.876415, 23.095634, 0.0)
(38.891567, 23.084127, 0.0)
(38.902828, 23.085503, 0.0)
(38.966911, 23.038128, 0.0)
(38.968384, 23.057472, 0.0)
(38.952698, 23.031057, 0.0)
(38.948021, 23.039719, 0.0)
(38.951981, 23.040857, 0.0)
(38.954914, 23.037586, 0.0)
(38.957760, 23.033590, 0.0)
(38.949890, 23.047365, 0.0)
(38.968220, 23.042141, 0.0)
(38.946571, 23.075233, 0.0)
(38.942173, 23.092009, 0.0)
(38.954483, 23.094658, 0.0)
(38.969143, 23.128048, 0.0)
(38.981781, 23.138929, 0.0)
(38.962341, 23.142191, 0.0)
(38.972546, 23.166067, 0.0)
(38.996807, 23.197704, 0.0)
(39.005653, 23.224457, 0.0)
(38.999443, 23.119772, 0.0)
(39.005142, 23.137106, 0.0)
(39.019501, 23.143375, 0.0)
(39.004173, 23.159962, 0.0)
(38.813580, 24.567373, 0.0)
(38.679890, 24.279652, 0.0)
(38.621769, 23.092878, 0.0)
(38.656521, 22.816069, 0.0)
(38.700607, 22.920021, 0.0)
(38.784054, 22.945957, 0.0)
(38.821110, 23.044155, 0.0)
(38.850956, 23.030575, 0.0)
(38.853821, 23.097050, 0.0)
(38.867550, 23.079006, 0.0)
(38.861492, 23.101896, 0.0)
(38.847321, 23.102760, 0.0)
(38.860542, 23.142582, 0.0)
(38.870110, 23.139994, 0.0)
(38.886528, 23.136520, 0.0)
(38.904274, 23.119093, 0.0)
(38.924664, 23.115822, 0.0)
(38.963806, 23.118305, 0.0)
(38.968113, 23.107313, 0.0)
(38.976532, 23.102722, 0.0)
(38.975758, 23.089783, 0.0)
(38.965034, 23.099913, 0.0)
(38.967598, 23.110331, 0.0)
(38.979115, 23.099289, 0.0)
(38.987637, 23.105223, 0.0)
(38.995468, 23.100740, 0.0)
(39.018845, 23.106916, 0.0)
(39.028183, 23.107872, 0.0)
(39.039532, 23.083761, 0.0)
(39.026062, 23.101137, 0.0)
(39.017960, 23.122021, 0.0)
(39.039680, 23.151417, 0.0)
(39.050644, 23.146729, 0.0)
(39.048611, 23.151804, 0.0)
(39.057621, 23.121626, 0.0)
(39.053703, 23.109583, 0.0)
(39.037136, 23.089596, 0.0)
(39.040611, 23.097206, 0.0)
(39.040611, 23.097206, 0.0)
(39.050724, 23.109882, 0.0)
(39.050724, 23.109882, 0.0)
(39.055180, 23.109015, 0.0)
(39.030312, 23.119238, 0.0)
(39.041840, 23.110077, 0.0)
(39.018250, 23.105389, 0.0)
(39.026432, 23.091955, 0.0)
(39.034893, 23.084074, 0.0)
(39.044895, 23.089417, 0.0)
(39.014645, 23.083864, 0.0)
(38.990788, 23.112404, 0.0)
(38.996674, 23.102098, 0.0)
(38.994793, 23.122551, 0.0)
(39.015816, 23.116341, 0.0)
(39.017563, 23.111111, 0.0)
(39.025032, 23.080900, 0.0)
(39.025032, 23.080900, 0.0)
(39.024323, 23.086418, 0.0)
(39.023605, 23.102760, 0.0)
(39.021854, 23.107985, 0.0)
(39.002781, 23.098532, 0.0)
(39.011002, 23.085215, 0.0)
(39.016266, 23.079142, 0.0)
(39.009357, 23.087837, 0.0)
(39.011959, 23.121550, 0.0)
(39.019131, 23.130102, 0.0)
(39.008736, 23.141237, 0.0)
(39.033707, 23.149422, 0.0)
(39.014935, 23.152967, 0.0)
(39.005653, 23.168036, 0.0)
(38.997448, 23.198521, 0.0)
(38.998814, 23.212172, 0.0)
(38.994282, 23.216146, 0.0)
(38.998981, 23.227602, 0.0)
(39.023865, 23.249701, 0.0)
(39.015545, 23.260206, 0.0)
(39.006321, 23.257782, 0.0)
(39.006321, 23.257782, 0.0)
(39.003044, 23.261097, 0.0)
(39.000092, 23.275698, 0.0)
(39.005497, 23.295065, 0.0)
(38.994720, 23.302565, 0.0)
(38.995586, 23.300171, 0.0)
(38.981136, 23.332569, 0.0)
(38.973186, 23.334198, 0.0)
(38.978806, 23.337179, 0.0)
(38.981136, 23.332569, 0.0)
(38.990952, 23.323076, 0.0)
(38.993393, 23.309437, 0.0)
(38.998783, 23.301838, 0.0)
(38.986546, 23.273647, 0.0)
(38.985023, 23.288040, 0.0)
(38.975430, 23.271385, 0.0)
(38.993263, 23.294283, 0.0)
(39.003677, 23.270937, 0.0)
(39.018829, 23.256401, 0.0)
(39.018829, 23.256401, 0.0)
(39.017067, 23.257713, 0.0)
(39.006786, 23.272686, 0.0)
(39.007080, 23.276058, 0.0)
(39.001759, 23.259754, 0.0)
(38.998970, 23.266014, 0.0)
(39.018829, 23.267122, 0.0)
(38.972355, 23.291231, 0.0)
(38.598228, 23.494486, 0.0)
(38.635838, 22.873240, 0.0)
(38.721149, 22.833740, 0.0)
(38.746288, 22.978504, 0.0)
(38.779190, 22.958515, 0.0)
(38.817326, 22.996433, 0.0)
(38.847374, 23.059326, 0.0)
(38.849819, 23.042803, 0.0)
(38.837624, 23.009390, 0.0)
(38.849026, 23.030346, 0.0)
(38.859795, 23.048046, 0.0)
(38.854191, 23.056143, 0.0)
(38.850349, 23.084755, 0.0)
(38.872604, 23.061302, 0.0)
(38.944614, 23.070377, 0.0)
(38.948246, 23.031130, 0.0)
(38.917297, 23.018822, 0.0)
(38.952919, 23.027281, 0.0)
(38.957222, 23.048655, 0.0)
(38.943722, 23.043604, 0.0)
(38.921570, 23.051807, 0.0)
(38.902721, 23.083124, 0.0)
(38.915844, 23.082279, 0.0)
(38.930511, 23.107513, 0.0)
(38.932148, 23.090651, 0.0)
(38.927490, 23.102346, 0.0)
(38.941505, 23.109503, 0.0)
(38.934841, 23.094255, 0.0)
(38.966793, 23.068907, 0.0)
(38.962486, 23.083662, 0.0)
(38.953667, 23.107857, 0.0)
(38.955368, 23.141479, 0.0)
(38.957291, 23.123932, 0.0)
(38.929642, 23.133429, 0.0)
(38.916862, 23.153744, 0.0)
(38.903049, 23.140083, 0.0)
(38.889259, 23.151821, 0.0)
(38.881168, 23.138462, 0.0)
(38.909691, 23.186014, 0.0)
(38.889797, 23.195112, 0.0)
(38.879444, 23.179422, 0.0)
(38.860638, 23.178957, 0.0)
(38.859795, 23.189445, 0.0)
(38.856182, 23.191748, 0.0)
(38.859123, 23.173740, 0.0)
(38.897038, 23.223190, 0.0)
(42.177643, 25.150162, 0.0)
(45.237560, 27.734457, 0.0)
(46.098446, 28.355709, 0.0)
(46.289120, 28.329720, 0.0)
(46.282677, 28.321522, 0.0)
(46.441910, 28.810852, 0.0)
(46.426037, 28.875608, 0.0)
(46.409969, 28.860834, 0.0)
(46.391861, 28.863670, 0.0)
(46.362190, 28.831673, 0.0)
(46.271893, 28.926624, 0.0)
(46.223408, 28.980408, 0.0)
(46.219456, 29.040369, 0.0)
(46.191109, 28.990520, 0.0)
(46.186344, 28.970013, 0.0)
(46.182667, 29.011063, 0.0)
(46.163780, 29.023777, 0.0)
(46.155731, 29.040466, 0.0)
(46.142059, 29.029987, 0.0)
(46.142059, 29.029987, 0.0)
(46.142059, 29.029987, 0.0)
(46.141060, 29.037270, 0.0)
(46.137302, 29.034632, 0.0)
(46.138309, 29.027340, 0.0)
(46.141632, 29.031488, 0.0)
(46.148716, 29.036726, 0.0)
(46.146015, 29.072010, 0.0)
(46.113106, 29.116701, 0.0)
(46.091957, 29.134504, 0.0)
(46.099373, 29.119238, 0.0)
(46.112495, 29.116411, 0.0)
(46.110977, 29.104786, 0.0)
(46.093128, 29.055758, 0.0)
(46.084827, 29.080090, 0.0)
(46.091400, 29.100910, 0.0)
(46.236698, 27.534861, 0.0)
(46.079491, 23.303473, 0.0)
(45.757404, 21.577808, 0.0)
(45.776566, 21.583065, 0.0)
(45.794498, 21.575453, 0.0)
(45.797024, 21.518286, 0.0)
(46.223774, 21.463722, 0.0)
(46.232563, 21.358753, 0.0)
(46.219723, 21.354782, 0.0)
(46.190414, 21.301775, 0.0)
(46.170292, 21.096697, 0.0)
(46.182281, 21.057764, 0.0)
(46.159184, 21.007496, 0.0)
(46.156853, 20.986601, 0.0)
(46.178463, 20.967091, 0.0)
(46.185478, 20.918104, 0.0)
(46.164860, 20.877556, 0.0)
(46.148678, 20.860466, 0.0)
(46.122314, 20.852121, 0.0)
(46.126091, 20.871023, 0.0)
(46.122345, 20.839846, 0.0)
(46.148262, 20.864683, 0.0)
(46.153030, 20.840115, 0.0)
(46.122112, 20.846319, 0.0)
(46.110653, 20.801352, 0.0)
(46.120136, 20.810369, 0.0)
(46.104736, 20.811022, 0.0)
(46.096119, 20.833406, 0.0)
(46.106480, 20.832388, 0.0)
(46.112514, 20.839870, 0.0)
(46.106480, 20.832388, 0.0)
(46.092365, 20.870270, 0.0)
(46.092644, 20.851423, 0.0)
(46.097305, 20.860495, 0.0)
(46.100922, 20.870686, 0.0)
(46.102962, 20.894262, 0.0)
(44.382076, 20.224220, 0.0)
(40.030518, 19.413267, 0.0)
(35.871693, 19.726110, 0.0)
(32.877628, 20.623241, 0.0)
(32.599518, 20.639389, 0.0)
(32.512329, 20.601650, 0.0)
(32.420475, 20.615173, 0.0)
(32.383492, 20.636665, 0.0)
(32.050049, 22.090361, 0.0)
(31.769701, 25.776093, 0.0)
(32.200878, 27.817896, 0.0)
(32.090984, 28.001545, 0.0)
(31.926878, 28.005676, 0.0)
(31.840017, 28.018887, 0.0)
(31.262308, 28.615110, 0.0)
(31.025673, 28.791588, 0.0)
(31.022840, 28.764835, 0.0)
(31.002954, 28.753960, 0.0)
(30.946836, 28.753597, 0.0)
(30.930653, 28.720446, 0.0)
(30.938002, 28.705759, 0.0)
(30.788988, 28.712368, 0.0)
(30.762424, 28.712164, 0.0)
(30.811014, 28.712038, 0.0)
(30.828516, 28.717237, 0.0)
(30.837362, 28.682987, 0.0)
(30.847879, 28.683514, 0.0)
(30.851784, 28.662811, 0.0)
(30.855391, 28.659700, 0.0)
(30.832386, 28.666323, 0.0)
(30.829697, 28.665504, 0.0)
(30.810148, 28.673239, 0.0)
(30.809143, 28.725262, 0.0)
(30.777182, 28.735027, 0.0)
(30.786198, 28.736223, 0.0)
(30.806810, 28.735006, 0.0)
(30.803965, 28.689362, 0.0)
(30.804888, 28.642653, 0.0)
(30.782227, 27.941891, 0.0)
(30.365351, 23.152987, 0.0)
(30.261272, 21.224443, 0.0)
(30.239634, 21.202671, 0.0)
(30.138685, 21.242804, 0.0)
(30.001333, 20.979380, 0.0)
(29.998726, 20.760221, 0.0)
(30.008862, 20.720499, 0.0)
(29.997305, 20.684790, 0.0)
(29.989519, 20.624472, 0.0)
(29.982801, 20.621084, 0.0)
(29.998373, 20.597836, 0.0)
(29.995852, 20.607943, 0.0)
(29.978966, 20.619566, 0.0)
(29.992990, 20.591642, 0.0)
(29.977453, 20.581007, 0.0)
(29.982775, 20.564226, 0.0)
(29.879023, 20.549603, 0.0)
(29.872458, 20.541389, 0.0)
(29.887075, 20.519728, 0.0)
(29.862387, 20.549549, 0.0)
(29.848715, 20.558142, 0.0)
(29.876951, 20.534912, 0.0)
(29.870029, 20.547132, 0.0)
(29.854933, 20.540943, 0.0)
(29.854933, 20.540943, 0.0)
(29.844975, 20.543961, 0.0)
(29.848045, 20.531693, 0.0)
(29.842005, 20.523439, 0.0)
(29.856279, 20.522240, 0.0)
(29.852976, 20.522184, 0.0)
(29.846865, 20.536804, 0.0)
(29.835310, 20.548923, 0.0)
(29.842941, 20.568821, 0.0)
(29.848181, 20.594097, 0.0)
(29.979948, 20.562885, 0.0)
(35.544598, 21.152483, 0.0)
(38.919712, 22.585791, 0.0)
(38.980976, 22.685314, 0.0)
(38.932369, 22.678455, 0.0)
(39.271439, 23.125391, 0.0)
(39.265598, 23.227480, 0.0)
(39.237679, 23.214930, 0.0)
(39.233780, 23.171576, 0.0)
(39.239212, 23.157570, 0.0)
(39.216736, 23.139605, 0.0)
(39.224789, 23.125113, 0.0)
(39.202461, 23.113287, 0.0)
(39.205368, 23.089149, 0.0)
(39.203800, 23.091343, 0.0)
(39.218788, 23.086123, 0.0)
(39.238388, 23.113888, 0.0)
(39.246983, 23.124905, 0.0)
(39.230068, 23.094921, 0.0)
(38.935482, 23.036104, 0.0)
(39.041981, 23.520372, 0.0)
(39.050758, 22.956125, 0.0)
(39.101711, 22.917185, 0.0)
(39.201344, 23.030083, 0.0)
(39.246212, 23.053684, 0.0)
(39.243999, 23.078539, 0.0)
(39.281685, 23.075335, 0.0)
(39.281162, 23.080742, 0.0)
(39.249542, 23.114519, 0.0)
(39.244648, 23.108261, 0.0)
(39.244957, 23.118393, 0.0)
(39.238903, 23.148617, 0.0)
(39.218731, 23.142504, 0.0)
(39.231754, 23.145845, 0.0)
(39.242569, 23.126423, 0.0)
(39.252617, 23.094387, 0.0)
(39.273540, 23.031893, 0.0)
(39.282219, 23.012465, 0.0)
(37.164730, 23.253120, 0.0)
(32.827908, 24.183229, 0.0)
(31.139149, 25.003780, 0.0)
(30.982328, 25.103722, 0.0)
(30.930614, 25.090929, 0.0)
(30.636297, 25.309778, 0.0)
(30.299559, 25.410860, 0.0)
(30.263647, 25.395399, 0.0)
(30.250847, 25.395021, 0.0)
(30.227057, 25.387753, 0.0)
(30.240980, 25.411152, 0.0)
(30.231337, 25.419081, 0.0)
(30.231337, 25.419081, 0.0)
(30.226091, 25.383160, 0.0)
(30.216444, 25.358664, 0.0)
(30.217937, 25.312531, 0.0)
(30.207661, 25.307335, 0.0)
(30.220324, 25.314604, 0.0)
(30.229755, 25.321896, 0.0)
(30.229563, 25.328148, 0.0)
(30.232233, 25.320362, 0.0)
(30.233814, 25.301645, 0.0)
(30.233814, 25.301645, 0.0)
(30.232346, 25.276497, 0.0)
(32.606312, 24.588762, 0.0)
(37.260750, 23.505030, 0.0)
(37.574429, 23.445627, 0.0)
(37.616165, 23.415333, 0.0)
(37.605320, 23.392176, 0.0)
(37.629204, 23.372639, 0.0)
(37.633381, 23.371790, 0.0)
(37.652031, 23.355242, 0.0)
(37.676128, 23.354000, 0.0)
(37.706676, 23.352983, 0.0)
(37.700996, 23.349855, 0.0)
(37.681770, 23.358599, 0.0)
(37.677925, 23.362347, 0.0)
(37.670586, 23.368179, 0.0)
(37.682266, 23.387751, 0.0)
(37.674271, 23.399162, 0.0)
(38.076645, 23.286989, 0.0)
(41.854988, 20.952597, 0.0)
(44.581207, 20.939367, 0.0)
(44.895126, 21.064400, 0.0)
(44.962852, 21.107197, 0.0)
(44.968147, 21.110312, 0.0)
(44.968750, 21.096832, 0.0)
(44.997204, 21.087841, 0.0)
(44.564487, 21.017561, 0.0)
(40.209869, 21.585798, 0.0)
(35.495487, 24.055779, 0.0)
(31.899965, 26.916170, 0.0)
(30.578815, 27.990700, 0.0)
(30.327126, 28.055124, 0.0)
(30.253515, 28.055981, 0.0)
(30.334661, 27.991323, 0.0)
(30.423637, 28.819601, 0.0)
(30.437294, 29.310097, 0.0)
(30.454247, 29.291948, 0.0)
(30.459379, 29.273756, 0.0)
(30.458487, 29.249651, 0.0)
(30.451416, 29.218634, 0.0)
(31.754744, 28.850906, 0.0)
(32.706207, 28.457724, 0.0)
(32.785942, 28.384062, 0.0)
(32.755398, 28.345760, 0.0)
(32.752327, 28.318838, 0.0)
(32.766308, 28.336782, 0.0)
(32.758404, 28.373417, 0.0)
(32.741302, 28.389534, 0.0)
(32.730076, 28.413675, 0.0)
(33.020130, 28.470661, 0.0)
(33.217064, 28.542318, 0.0)
(33.246037, 28.511105, 0.0)
(33.250603, 28.467335, 0.0)
(33.236572, 28.464846, 0.0)
(33.243248, 28.467552, 0.0)
(33.050465, 26.216806, 0.0)
(32.796318, 22.716036, 0.0)
(32.766159, 22.606295, 0.0)
(32.735981, 22.618111, 0.0)
(32.698059, 22.610889, 0.0)
(32.656414, 22.627642, 0.0)
(32.555172, 22.762716, 0.0)
(32.560596, 22.769918, 0.0)
(32.547077, 22.788353, 0.0)
(32.558643, 22.765329, 0.0)
(32.549210, 22.753145, 0.0)
(32.584774, 22.727100, 0.0)
(32.595013, 22.707787, 0.0)
(32.602314, 22.662308, 0.0)
(32.626240, 22.638277, 0.0)
(32.624729, 22.666264, 0.0)
(32.633572, 22.673550, 0.0)
(32.638229, 22.694971, 0.0)
(32.631279, 22.683640, 0.0)
(32.647869, 22.694052, 0.0)
(32.634460, 22.675488, 0.0)
(32.647720, 22.655128, 0.0)
(32.647720, 22.655128, 0.0)
(32.664799, 22.630716, 0.0)
(32.682201, 22.627714, 0.0)
(32.693317, 22.603550, 0.0)
(32.705441, 22.576977, 0.0)
(32.696980, 22.597515, 0.0)
(32.696419, 22.592110, 0.0)
(32.724682, 22.598524, 0.0)
(32.729095, 22.597599, 0.0)
(32.716446, 22.595995, 0.0)
(32.718311, 22.590843, 0.0)
(32.696419, 22.592110, 0.0)
(32.695312, 22.633020, 0.0)
(32.688911, 22.642315, 0.0)
(35.459251, 21.649940, 0.0)
(40.462040, 20.671751, 0.0)
(41.928471, 20.634773, 0.0)
(42.020477, 20.561522, 0.0)
(42.041592, 20.526402, 0.0)
(42.014618, 20.228592, 0.0)
(42.025867, 20.058931, 0.0)
(42.040337, 20.021103, 0.0)
(42.054920, 19.989618, 0.0)
(42.086720, 19.995836, 0.0)
(42.079754, 19.983330, 0.0)
(42.137188, 20.036795, 0.0)
(42.146008, 20.012047, 0.0)
(42.156956, 19.999502, 0.0)
(42.168274, 19.950085, 0.0)
(42.197056, 19.962238, 0.0)
(42.212631, 19.966675, 0.0)
(42.214455, 19.981024, 0.0)
(42.228954, 20.000179, 0.0)
(42.228954, 20.000179, 0.0)
(42.276974, 20.022478, 0.0)
(42.289646, 20.038857, 0.0)
(42.311142, 20.026320, 0.0)
(42.313282, 20.034187, 0.0)
(42.313282, 20.034187, 0.0)
(42.313282, 20.034187, 0.0)
(42.313282, 20.034187, 0.0)
(42.311142, 20.026320, 0.0)
(42.313282, 20.034187, 0.0)
(42.306339, 20.063421, 0.0)
(42.306339, 20.063421, 0.0)
(42.306339, 20.063421, 0.0)
(42.291679, 20.046619, 0.0)
(42.292965, 20.016510, 0.0)
(42.286293, 19.994236, 0.0)
(42.286293, 19.994236, 0.0)
(42.286293, 19.994236, 0.0)
(42.299168, 20.010506, 0.0)
(39.846184, 19.383320, 0.0)
(34.748344, 18.969425, 0.0)
(33.296165, 19.238802, 0.0)
(33.199951, 19.228258, 0.0)
(33.176830, 19.182417, 0.0)
(32.960480, 19.266249, 0.0)
(32.664898, 19.294954, 0.0)
(32.662098, 19.283657, 0.0)
(32.645611, 19.282646, 0.0)
(32.649849, 19.277702, 0.0)
(32.645611, 19.282646, 0.0)
(32.660484, 19.280870, 0.0)
(32.675587, 19.270330, 0.0)
(32.681171, 19.268148, 0.0)
(32.621857, 19.227547, 0.0)
(32.605156, 19.193491, 0.0)
(32.617477, 19.160784, 0.0)
(32.627892, 19.134644, 0.0)
(32.619980, 19.120834, 0.0)
(32.633186, 19.116915, 0.0)
(32.635925, 19.099047, 0.0)
(32.635780, 19.078779, 0.0)
(32.646244, 19.074774, 0.0)
(32.635113, 19.072912, 0.0)
(32.635113, 19.072912, 0.0)
(32.639999, 19.068924, 0.0)
(32.653595, 19.065012, 0.0)
(32.645344, 19.062033, 0.0)
(32.666714, 19.057266, 0.0)
(32.660999, 19.059427, 0.0)
(32.667072, 19.076021, 0.0)
(32.678375, 19.077520, 0.0)
(32.652573, 19.047277, 0.0)
(32.643166, 19.042225, 0.0)
(32.664314, 19.065521, 0.0)
(32.663284, 19.083584, 0.0)
(32.642262, 19.109972, 0.0)
(32.641094, 19.127274, 0.0)
(36.805218, 20.163168, 0.0)
(41.935867, 23.338493, 0.0)
(44.720947, 26.401495, 0.0)
(45.364807, 27.493095, 0.0)
(45.390465, 27.641497, 0.0)
(45.343216, 27.680166, 0.0)
(45.293427, 27.696804, 0.0)
(45.259907, 27.738182, 0.0)
(45.262596, 27.769300, 0.0)
(45.254295, 27.773891, 0.0)
(45.269424, 27.783401, 0.0)
(45.244442, 27.785824, 0.0)
(45.278252, 27.785547, 0.0)
(45.278252, 27.785547, 0.0)
(45.276623, 27.769016, 0.0)
(45.235756, 27.681374, 0.0)
(45.241928, 27.684807, 0.0)
(45.266731, 27.737532, 0.0)
(45.262985, 27.740568, 0.0)
(45.279274, 27.742579, 0.0)
(45.284763, 27.756168, 0.0)
(45.294193, 27.748730, 0.0)
(45.284763, 27.756168, 0.0)
(45.275982, 27.694952, 0.0)
(45.279274, 27.742579, 0.0)
(45.276138, 27.737194, 0.0)
(45.264317, 27.715403, 0.0)
(45.255695, 27.709890, 0.0)
(45.243595, 27.660358, 0.0)
(45.223782, 27.662088, 0.0)
(45.217064, 27.677364, 0.0)
(45.208469, 27.684784, 0.0)
(45.217209, 27.685099, 0.0)
(45.181561, 27.691256, 0.0)
(45.162338, 27.652672, 0.0)
(45.175812, 27.660189, 0.0)
(45.176861, 27.653006, 0.0)
(45.076244, 27.552057, 0.0)
(44.144840, 25.330845, 0.0)
(44.045898, 25.165703, 0.0)
(44.121593, 25.222803, 0.0)
(44.143856, 25.199871, 0.0)
(44.152214, 25.198462, 0.0)
(44.162331, 25.190596, 0.0)
(44.163193, 25.184296, 0.0)
(44.164932, 25.186153, 0.0)
(44.179424, 25.160999, 0.0)
(44.000546, 25.138790, 0.0)
(44.184517, 27.068476, 0.0)
(44.049801, 25.352072, 0.0)
(44.074684, 24.865351, 0.0)
(44.182205, 24.911547, 0.0)
(44.177406, 24.951153, 0.0)
(44.180130, 24.962862, 0.0)
(44.194569, 25.056023, 0.0)
(44.211582, 25.061249, 0.0)
(44.207226, 25.086891, 0.0)
(44.225449, 25.059813, 0.0)
(44.245003, 25.100435, 0.0)
(44.237888, 25.059233, 0.0)
(44.237888, 25.059233, 0.0)
(44.240314, 25.092098, 0.0)
(44.240314, 25.092098, 0.0)
(44.236649, 25.096350, 0.0)
(44.228020, 25.070799, 0.0)
(44.254887, 25.064219, 0.0)
(44.251774, 25.057869, 0.0)
(44.249847, 25.070650, 0.0)
(44.252647, 25.077747, 0.0)
(44.240574, 25.070469, 0.0)
(44.249847, 25.070650, 0.0)
(44.262867, 25.090963, 0.0)
(44.240707, 25.067856, 0.0)
(44.211258, 25.067970, 0.0)
(40.933460, 22.852541, 0.0)
(36.574875, 20.890970, 0.0)
(35.892136, 20.540834, 0.0)
(35.889587, 20.497225, 0.0)
(35.883995, 20.457352, 0.0)
(35.834126, 20.422407, 0.0)
(36.264294, 20.639719, 0.0)
(36.472836, 20.842363, 0.0)
(36.486881, 20.827351, 0.0)
(36.475445, 20.825340, 0.0)
(36.469154, 20.815416, 0.0)
(36.798668, 21.004433, 0.0)
(36.873306, 21.032301, 0.0)
(36.863533, 21.035986, 0.0)
(36.862331, 21.044252, 0.0)
(36.868423, 21.066254, 0.0)
(36.877419, 21.060259, 0.0)
(36.892609, 21.066574, 0.0)
(36.854435, 21.059641, 0.0)
(36.851578, 21.054321, 0.0)
(36.872307, 21.041677, 0.0)
(36.870625, 21.050070, 0.0)
(36.859810, 21.068302, 0.0)
(36.878143, 21.065880, 0.0)
(36.878143, 21.065880, 0.0)
(36.874115, 21.069544, 0.0)
(36.878143, 21.065880, 0.0)
(36.892609, 21.066574, 0.0)
(36.892609, 21.066574, 0.0)
(36.883568, 21.072527, 0.0)
(36.873928, 21.085899, 0.0)
(36.881756, 21.078224, 0.0)
(36.881756, 21.078224, 0.0)
(36.876659, 21.075693, 0.0)
(36.881756, 21.078224, 0.0)
(36.881756, 21.078224, 0.0)
(36.893063, 21.084616, 0.0)
(35.027863, 22.305557, 0.0)
(33.138142, 24.443615, 0.0)
(33.115456, 24.732719, 0.0)
(33.115398, 24.754278, 0.0)
(33.089191, 24.725712, 0.0)
(33.066303, 24.737978, 0.0)
(33.062046, 24.740629, 0.0)
(33.051151, 24.737747, 0.0)
(33.012619, 24.733110, 0.0)
(32.986053, 24.730684, 0.0)
(32.989681, 24.721073, 0.0)
(33.126240, 24.696829, 0.0)
(33.187481, 24.617601, 0.0)
(33.189671, 24.612286, 0.0)
(33.184082, 24.606928, 0.0)
(33.156582, 24.586319, 0.0)
(33.141518, 24.572754, 0.0)
(33.151245, 24.584089, 0.0)
(33.166153, 24.545517, 0.0)
(33.183815, 24.541309, 0.0)
(33.162071, 24.551497, 0.0)
(33.146255, 24.555140, 0.0)
(33.137661, 24.564278, 0.0)
(33.147030, 24.583622, 0.0)
(33.144642, 24.578415, 0.0)
(33.163616, 24.550730, 0.0)
(33.191959, 24.516647, 0.0)
(33.184906, 24.475504, 0.0)
(33.197411, 24.426382, 0.0)
(33.227020, 24.391891, 0.0)
(33.230591, 24.410404, 0.0)
(33.226055, 24.426682, 0.0)
(33.208366, 24.493202, 0.0)
(33.217812, 24.529785, 0.0)
(33.221676, 24.532742, 0.0)
(33.204464, 24.530397, 0.0)
(33.204464, 24.530397, 0.0)
(33.209953, 24.493389, 0.0)
(33.319828, 24.457916, 0.0)
(38.316238, 22.791054, 0.0)
(41.712578, 22.216976, 0.0)
(41.983143, 22.194510, 0.0)
(41.938293, 22.207453, 0.0)
(41.854023, 22.203505, 0.0)
(41.187649, 22.282427, 0.0)
(41.131691, 22.303915, 0.0)
(41.170456, 22.307507, 0.0)
(41.122196, 22.401012, 0.0)
(41.069599, 22.507566, 0.0)
(41.057518, 22.490290, 0.0)
(41.073196, 22.547386, 0.0)
(41.079350, 22.562738, 0.0)
(41.076275, 22.579115, 0.0)
(41.088581, 22.597538, 0.0)
(41.066616, 22.570995, 0.0)
(41.062832, 22.559925, 0.0)
(41.066616, 22.570995, 0.0)
(41.071178, 22.574886, 0.0)
(41.061665, 22.591000, 0.0)
(41.079735, 22.624660, 0.0)
(41.063583, 22.626154, 0.0)
(41.044193, 22.632736, 0.0)
(41.048103, 22.630190, 0.0)
(41.046448, 22.668438, 0.0)
(41.017342, 22.704042, 0.0)
(41.011013, 22.707823, 0.0)
(41.021019, 22.724943, 0.0)
(41.032948, 22.736979, 0.0)
(41.015587, 22.701719, 0.0)
(41.017048, 22.691429, 0.0)
(41.030273, 22.701435, 0.0)
(41.036209, 22.688307, 0.0)
(41.046059, 22.689165, 0.0)
(41.045593, 22.668011, 0.0)
(41.000347, 22.680342, 0.0)
(41.007099, 22.697502, 0.0)
(40.029480, 21.939709, 0.0)
(37.220432, 19.213041, 0.0)
(37.071571, 18.891190, 0.0)
(37.064117, 18.738888, 0.0)
(37.017342, 18.662088, 0.0)
(36.997089, 18.647655, 0.0)
(36.633945, 18.704336, 0.0)
(36.571060, 18.711119, 0.0)
(36.595184, 18.707693, 0.0)
(36.602413, 18.668703, 0.0)
(36.610809, 18.603735, 0.0)
(36.606880, 18.572430, 0.0)
(36.590179, 18.551048, 0.0)
(36.588799, 18.527012, 0.0)
(36.576126, 18.512926, 0.0)
(36.592609, 18.537125, 0.0)
(36.600708, 18.508587, 0.0)
(36.591076, 18.565331, 0.0)
(36.601891, 18.569365, 0.0)
(36.610756, 18.552227, 0.0)
(36.610756, 18.552227, 0.0)
(36.562984, 18.507420, 0.0)
(36.578449, 18.488726, 0.0)
(36.573425, 18.522520, 0.0)
(36.565575, 18.535975, 0.0)
(36.570953, 18.549503, 0.0)
(36.581249, 18.542599, 0.0)
(36.591866, 18.535906, 0.0)
(36.594101, 18.531443, 0.0)
(36.593727, 18.517717, 0.0)
(36.599796, 18.449230, 0.0)
(36.596668, 18.477703, 0.0)
(36.576401, 18.491222, 0.0)
(36.597393, 18.515921, 0.0)
(36.586857, 18.510628, 0.0)
(36.616726, 18.550528, 0.0)
(36.589428, 18.563568, 0.0)
(36.595657, 18.576504, 0.0)
(35.797688, 19.130770, 0.0)
(31.835144, 20.936460, 0.0)
(30.166994, 22.460726, 0.0)
(30.563208, 23.819731, 0.0)
(30.604992, 24.079737, 0.0)
(30.477577, 24.170561, 0.0)
(30.454256, 24.213028, 0.0)
(30.281378, 24.561338, 0.0)
(30.252396, 24.623224, 0.0)
(30.241226, 24.662247, 0.0)
(30.230761, 24.688976, 0.0)
(30.207760, 24.713137, 0.0)
(30.178167, 24.731192, 0.0)
(30.153572, 24.789198, 0.0)
(30.155718, 24.798435, 0.0)
(30.153173, 24.849062, 0.0)
(30.146338, 24.857716, 0.0)
(30.142805, 24.880983, 0.0)
(30.142170, 24.896301, 0.0)
(30.150642, 24.898180, 0.0)
(30.155535, 24.920168, 0.0)
(30.151339, 24.916912, 0.0)
(30.129389, 24.863392, 0.0)
(30.131203, 24.899408, 0.0)
(30.135714, 24.934046, 0.0)
(30.127079, 24.925652, 0.0)
(30.115942, 24.962477, 0.0)
(30.130743, 24.946320, 0.0)
(30.118610, 24.954573, 0.0)
(30.108568, 24.938185, 0.0)
(30.107946, 24.924313, 0.0)
(30.109266, 24.918114, 0.0)
(30.115376, 24.910967, 0.0)
(30.101809, 24.925558, 0.0)
(30.111074, 24.932430, 0.0)
(30.115057, 24.949940, 0.0)
(30.119099, 24.973032, 0.0)
(30.509935, 24.989410, 0.0)
(35.544312, 26.482759, 0.0)
(37.326206, 28.192720, 0.0)
(37.356441, 28.157793, 0.0)
(37.243469, 28.072744, 0.0)
(37.218410, 28.050804, 0.0)
(37.203003, 28.044588, 0.0)
(37.139053, 28.059298, 0.0)
(37.141804, 28.063410, 0.0)
(37.132805, 28.071123, 0.0)
(37.133602, 28.059992, 0.0)
(37.137859, 28.027210, 0.0)
(37.143688, 28.007544, 0.0)
(37.145859, 27.991608, 0.0)
(37.142197, 27.994698, 0.0)
(37.144245, 27.986971, 0.0)
(37.153156, 27.982576, 0.0)
(37.178886, 27.812162, 0.0)
(37.167042, 27.796791, 0.0)
(37.167286, 27.791014, 0.0)
(37.174297, 27.769815, 0.0)
(37.174297, 27.769815, 0.0)
(37.184067, 27.753340, 0.0)
(37.184650, 27.754047, 0.0)
(37.177063, 27.749393, 0.0)
(37.168579, 27.768978, 0.0)
(37.156670, 27.774225, 0.0)
(37.143028, 27.804733, 0.0)
(37.136684, 27.794710, 0.0)
(37.141151, 27.794518, 0.0)
(37.147491, 27.799517, 0.0)
(37.598156, 27.732700, 0.0)
(40.164837, 27.107065, 0.0)
(41.323551, 26.814835, 0.0)
(41.368801, 26.767859, 0.0)
(41.328552, 26.779015, 0.0)
(41.340729, 26.761978, 0.0)
(41.331116, 26.759901, 0.0)
(41.329086, 26.749973, 0.0)
(40.646389, 26.041422, 0.0)
(39.581978, 24.637800, 0.0)
(39.491329, 24.538965, 0.0)
(39.453247, 24.573153, 0.0)
(39.418930, 24.561525, 0.0)
(39.275223, 24.653160, 0.0)
(39.091354, 24.681396, 0.0)
(39.075218, 24.677824, 0.0)
(39.072670, 24.686798, 0.0)
(39.080200, 24.677225, 0.0)
(39.082485, 24.670578, 0.0)
(39.078186, 24.695951, 0.0)
(39.107777, 24.726112, 0.0)
(39.094456, 24.755049, 0.0)
(39.069088, 24.775406, 0.0)
(39.073605, 24.779488, 0.0)
(39.074295, 24.795788, 0.0)
(39.071991, 24.784538, 0.0)
(39.070560, 24.803205, 0.0)
(39.081135, 24.805929, 0.0)
(39.073048, 24.832579, 0.0)
(39.066334, 24.857803, 0.0)
(39.077808, 24.866545, 0.0)
(39.080479, 24.878908, 0.0)
(39.088867, 24.862804, 0.0)
(39.094803, 24.881451, 0.0)
(39.078186, 24.872612, 0.0)
(39.078079, 24.838739, 0.0)
(39.083912, 24.858541, 0.0)
(39.078911, 24.867085, 0.0)
(39.075867, 24.888081, 0.0)
(39.074181, 24.882479, 0.0)
(39.080746, 24.861965, 0.0)
(39.086704, 24.869230, 0.0)
(39.077560, 24.882980, 0.0)
(39.074017, 24.882551, 0.0)
(39.069756, 24.883371, 0.0)
(35.374416, 23.911327, 0.0)
(31.446413, 23.891922, 0.0)
(31.117802, 23.873583, 0.0)
(31.010612, 23.818140, 0.0)
(30.942318, 23.819721, 0.0)
(30.914392, 23.804058, 0.0)
(30.922447, 23.786406, 0.0)
(30.910339, 23.771891, 0.0)
(30.956308, 23.767826, 0.0)
(31.171221, 23.729959, 0.0)
(31.200897, 23.696596, 0.0)
(31.207619, 23.678125, 0.0)
(31.206553, 23.668310, 0.0)
(31.192722, 23.662254, 0.0)
(31.199533, 23.661777, 0.0)
(31.197620, 23.675220, 0.0)
(31.197620, 23.675220, 0.0)
(31.193901, 23.672434, 0.0)
(31.195934, 23.666758, 0.0)
(31.192720, 23.707785, 0.0)
(31.205582, 23.712658, 0.0)
(31.218599, 23.702789, 0.0)
(31.231203, 23.683552, 0.0)
(32.295242, 22.998554, 0.0)
(34.925312, 21.139038, 0.0)
(36.035622, 20.440508, 0.0)
(36.084949, 20.358725, 0.0)
(36.076366, 20.322769, 0.0)
(36.087078, 20.286037, 0.0)
(36.023430, 20.227568, 0.0)
(36.014862, 20.159340, 0.0)
(36.053299, 20.119925, 0.0)
(36.049503, 20.131199, 0.0)
(35.995712, 20.175148, 0.0)
(35.994366, 20.193586, 0.0)
(35.966885, 20.198763, 0.0)
(36.006577, 20.220749, 0.0)
(36.215591, 20.194595, 0.0)
(40.382828, 19.744095, 0.0)
(41.971321, 19.734926, 0.0)
(42.104675, 19.729490, 0.0)
(42.032536, 19.664873, 0.0)
(42.037651, 19.668219, 0.0)
(42.040230, 19.646864, 0.0)
(42.026810, 19.617622, 0.0)
(42.006001, 19.625317, 0.0)
(42.035690, 19.632494, 0.0)
(42.024731, 19.633884, 0.0)
(42.027569, 19.622879, 0.0)
(42.021687, 19.614279, 0.0)
(42.021404, 19.598070, 0.0)
(42.033279, 19.566330, 0.0)
(42.031174, 19.570929, 0.0)
(42.025562, 19.573063, 0.0)
(42.030975, 19.570517, 0.0)
(42.017750, 19.548429, 0.0)
(42.050758, 19.562614, 0.0)
(42.056973, 19.563917, 0.0)
(42.050541, 19.558123, 0.0)
(42.072639, 19.638489, 0.0)
(41.997688, 19.641319, 0.0)
(41.982597, 19.644804, 0.0)
(41.976715, 19.646370, 0.0)
(41.996761, 19.647165, 0.0)
(42.022251, 19.582024, 0.0)
(42.029762, 19.603273, 0.0)
(42.024796, 19.649019, 0.0)
(42.040924, 19.643759, 0.0)
(42.016750, 19.647934, 0.0)
(42.015934, 19.633265, 0.0)
(42.003906, 19.612452, 0.0)
(42.016373, 19.538668, 0.0)
(42.018551, 19.538565, 0.0)
(41.987225, 19.582548, 0.0)
(41.981876, 19.615286, 0.0)
(40.236790, 20.067104, 0.0)
(36.586651, 22.176512, 0.0)
(35.363213, 23.744226, 0.0)
(35.164177, 23.915180, 0.0)
(35.136631, 23.901888, 0.0)
(35.061440, 23.845970, 0.0)
(35.012848, 23.844547, 0.0)
(35.002445, 23.880281, 0.0)
(34.940029, 23.919712, 0.0)
(34.939629, 23.925575, 0.0)
(34.938419, 23.934101, 0.0)
(34.927433, 23.908482, 0.0)
(34.933475, 23.889448, 0.0)
(34.925873, 23.848503, 0.0)
(34.920105, 23.802027, 0.0)
(34.919312, 23.796146, 0.0)
(34.906586, 23.822645, 0.0)
(34.890129, 23.825502, 0.0)
(34.889229, 23.849573, 0.0)
(34.885330, 23.857655, 0.0)
(34.898003, 23.854282, 0.0)
(34.898003, 23.854282, 0.0)
(34.900288, 23.837500, 0.0)
(34.885693, 23.823494, 0.0)
(34.891617, 23.832693, 0.0)
(34.885693, 23.846094, 0.0)
(34.881924, 23.853756, 0.0)
(34.881100, 23.847792, 0.0)
(34.881981, 23.853664, 0.0)
(34.881100, 23.847792, 0.0)
(34.876556, 23.846275, 0.0)
(34.878590, 23.840853, 0.0)
(34.883438, 23.830891, 0.0)
(34.901184, 23.831501, 0.0)
(34.895691, 23.839539, 0.0)
(34.883438, 23.830891, 0.0)
(34.875557, 23.826826, 0.0)
(34.868309, 23.837730, 0.0)
(37.768002, 22.854061, 0.0)
(41.722969, 21.715704, 0.0)
(42.235233, 21.639465, 0.0)
(42.311638, 21.575251, 0.0)
(42.303799, 21.562000, 0.0)
(42.283779, 21.554102, 0.0)
(42.293846, 21.551987, 0.0)
(42.290047, 21.545300, 0.0)
(42.293953, 21.535696, 0.0)
(42.297604, 21.568001, 0.0)
(42.262669, 21.542755, 0.0)
(42.391708, 21.493000, 0.0)
(42.381783, 21.474699, 0.0)
(42.388649, 21.484755, 0.0)
(42.390057, 21.451517, 0.0)
(42.387104, 21.460487, 0.0)
(42.387466, 21.470343, 0.0)
(42.391266, 21.488840, 0.0)
(42.411575, 21.506285, 0.0)
(42.381203, 21.497702, 0.0)
(42.376999, 21.496103, 0.0)
(42.382267, 21.519714, 0.0)
(42.344906, 21.526236, 0.0)
(42.356556, 21.535223, 0.0)
(42.368183, 21.542538, 0.0)
(42.379677, 21.541700, 0.0)
(42.368053, 21.534439, 0.0)
(42.367989, 21.520081, 0.0)
(42.373203, 21.495070, 0.0)
(42.368427, 21.528631, 0.0)
(42.361950, 21.538857, 0.0)
(42.367191, 21.513845, 0.0)
(42.364216, 21.497694, 0.0)
(42.368271, 21.505177, 0.0)
(42.353165, 21.560453, 0.0)
(42.343975, 21.588690, 0.0)
(42.345703, 21.604794, 0.0)
(42.363537, 21.628769, 0.0)
(43.643471, 23.277685, 0.0)
(44.089378, 25.209949, 0.0)
(43.934010, 27.595583, 0.0)
(43.747814, 28.190659, 0.0)
(43.655003, 28.166428, 0.0)
(43.614754, 28.140617, 0.0)
(43.617237, 28.123369, 0.0)
(43.617844, 28.138172, 0.0)
(43.825489, 28.075983, 0.0)
(43.842617, 28.056187, 0.0)
(43.840824, 28.063318, 0.0)
(43.813457, 28.030985, 0.0)
(43.774803, 28.003092, 0.0)
(43.762745, 28.024393, 0.0)
(43.742577, 28.042351, 0.0)
(43.742577, 28.042351, 0.0)
(43.723705, 28.085142, 0.0)
(43.740948, 28.028244, 0.0)
(43.751522, 28.019770, 0.0)
(43.731129, 27.997057, 0.0)
(43.740620, 27.950769, 0.0)
(43.749043, 27.955883, 0.0)
(43.731907, 27.933674, 0.0)
(43.735199, 27.894972, 0.0)
(43.708111, 27.931894, 0.0)
(43.718513, 27.944107, 0.0)
(43.727169, 27.924723, 0.0)
(43.721577, 27.908693, 0.0)
(43.742035, 27.905205, 0.0)
(43.752483, 27.929386, 0.0)
(43.723133, 27.887917, 0.0)
(43.723503, 27.928820, 0.0)
(43.735294, 27.931421, 0.0)
(43.705360, 27.932816, 0.0)
(43.696125, 27.920637, 0.0)
(43.711746, 27.919678, 0.0)
(43.719120, 27.908659, 0.0)
(43.708588, 27.921274, 0.0)
(44.117386, 25.393492, 0.0)
(43.825756, 22.212847, 0.0)
(43.837643, 21.833981, 0.0)
(43.901917, 21.833355, 0.0)
(43.897003, 21.826574, 0.0)
(43.593510, 21.226257, 0.0)
(43.503262, 21.122583, 0.0)
(43.509556, 21.120001, 0.0)
(43.535267, 21.130560, 0.0)
(43.566475, 21.143847, 0.0)
(43.578480, 21.136095, 0.0)
(43.593319, 21.146925, 0.0)
(43.599892, 21.140703, 0.0)
(43.638950, 21.159351, 0.0)
(43.680702, 21.182007, 0.0)
(43.684982, 21.208097, 0.0)
(43.685093, 21.216034, 0.0)
(43.729187, 21.217566, 0.0)
(43.736889, 21.203369, 0.0)
(43.731098, 21.203493, 0.0)
(43.744991, 21.220438, 0.0)
(43.745327, 21.228741, 0.0)
(43.742943, 21.235294, 0.0)
(43.739864, 21.240988, 0.0)
(43.734020, 21.241253, 0.0)
(43.728943, 21.243713, 0.0)
(43.737194, 21.261200, 0.0)
(43.696743, 21.227201, 0.0)
(43.685581, 21.213251, 0.0)
(43.712097, 21.230314, 0.0)
(43.718021, 21.236446, 0.0)
(43.683784, 21.221472, 0.0)
(43.697441, 21.252747, 0.0)
(43.737255, 21.261427, 0.0)
(43.716164, 21.260105, 0.0)
(43.672066, 21.235970, 0.0)
(43.639385, 21.186754, 0.0)
(42.297409, 21.604261, 0.0)
(39.156429, 22.247620, 0.0)
(38.634514, 24.097345, 0.0)
(38.833775, 25.932549, 0.0)
(38.741249, 26.110876, 0.0)
(38.661453, 26.064325, 0.0)
(38.632889, 26.064644, 0.0)
(38.629124, 26.053539, 0.0)
(38.900227, 26.027163, 0.0)
(39.007923, 25.966671, 0.0)
(38.998718, 25.966661, 0.0)
(38.986164, 25.961771, 0.0)
(38.973270, 25.964603, 0.0)
(38.976643, 25.985703, 0.0)
(38.957653, 26.003874, 0.0)
(38.958355, 26.026278, 0.0)
(38.958355, 26.026278, 0.0)
(38.977016, 26.038952, 0.0)
(38.970402, 26.032907, 0.0)
(38.970402, 26.032907, 0.0)
(38.993111, 26.047350, 0.0)
(38.994324, 26.061483, 0.0)
(38.965096, 26.039013, 0.0)
(38.959793, 26.038658, 0.0)
(38.964859, 26.041082, 0.0)
(38.934860, 25.728369, 0.0)
(38.909451, 24.606714, 0.0)
(38.859734, 24.463869, 0.0)
(38.840298, 24.485296, 0.0)
(38.812805, 24.477310, 0.0)
(38.774654, 24.490437, 0.0)
(38.756130, 24.521172, 0.0)
(38.723854, 24.517477, 0.0)
(38.709774, 24.521160, 0.0)
(38.317814, 23.645647, 0.0)
(37.672325, 21.619453, 0.0)
(37.539043, 21.313442, 0.0)
(37.487106, 21.274019, 0.0)
(37.464680, 21.251282, 0.0)
(37.462418, 21.276707, 0.0)
(37.424324, 21.270178, 0.0)
(37.443001, 21.246910, 0.0)
(37.450737, 21.253988, 0.0)
(37.415348, 21.243542, 0.0)
(37.397648, 21.230770, 0.0)
(37.373127, 21.216402, 0.0)
(37.381504, 21.248352, 0.0)
(37.374138, 21.263268, 0.0)
(37.387180, 21.298990, 0.0)
(37.385777, 21.314711, 0.0)
(37.380123, 21.321716, 0.0)
(37.383438, 21.326965, 0.0)
(38.493111, 23.669636, 0.0)
(39.181362, 27.069363, 0.0)
(39.102825, 27.617756, 0.0)
(38.979988, 27.606735, 0.0)
(38.952286, 27.633648, 0.0)
(38.931499, 27.652830, 0.0)
(38.983047, 28.186899, 0.0)
(38.984848, 28.323492, 0.0)
(38.982121, 28.310968, 0.0)
(38.969772, 28.291147, 0.0)
(38.921223, 28.299841, 0.0)
(38.928196, 28.297533, 0.0)
(38.878777, 28.317352, 0.0)
(38.844215, 28.297421, 0.0)
(38.837395, 28.294081, 0.0)
(38.841667, 28.291132, 0.0)
(38.852631, 28.305824, 0.0)
(38.830147, 28.291918, 0.0)
(38.839622, 28.344955, 0.0)
(38.835598, 28.335600, 0.0)
(38.853539, 28.329004, 0.0)
(38.849503, 28.346893, 0.0)
(38.849735, 28.350182, 0.0)
(38.814209, 28.328176, 0.0)
(35.984638, 27.813692, 0.0)
(32.364735, 27.993710, 0.0)
(31.922117, 27.961325, 0.0)
(31.817053, 27.903461, 0.0)
(31.790852, 27.870430, 0.0)
(31.782318, 27.854292, 0.0)
(31.754936, 27.812263, 0.0)
(31.756786, 27.827848, 0.0)
(31.497894, 27.619482, 0.0)
(31.485247, 27.614092, 0.0)
(31.478340, 27.592148, 0.0)
(31.478085, 27.599445, 0.0)
(31.460068, 27.618868, 0.0)
(31.457726, 27.616821, 0.0)
(31.452202, 27.621508, 0.0)
(31.458811, 27.624853, 0.0)
(31.469896, 27.603500, 0.0)
(31.460896, 27.596581, 0.0)
(31.476498, 27.621586, 0.0)
(31.452702, 27.608498, 0.0)
(31.438446, 27.619303, 0.0)
(31.445400, 27.618546, 0.0)
(31.447908, 27.634733, 0.0)
(31.442900, 27.633680, 0.0)
(31.461481, 27.619450, 0.0)
(31.477242, 27.594091, 0.0)
(31.477242, 27.594091, 0.0)
(31.475563, 27.546743, 0.0)
(31.482021, 27.564835, 0.0)
(31.473337, 27.566856, 0.0)
(31.469278, 27.584148, 0.0)
(31.467844, 27.611162, 0.0)
(31.466217, 27.618153, 0.0)
(31.468424, 27.612940, 0.0)
(31.465864, 27.629520, 0.0)
(31.471224, 27.615097, 0.0)
(31.493990, 27.572294, 0.0)
(34.241058, 24.170189, 0.0)
(34.742386, 23.287003, 0.0)
(34.790462, 23.246923, 0.0)
(34.755543, 23.223759, 0.0)
(34.734077, 23.187305, 0.0)
(34.721386, 23.188076, 0.0)
(34.679882, 23.206730, 0.0)
(34.401390, 23.678087, 0.0)
(34.093502, 23.524172, 0.0)
(34.140381, 22.829931, 0.0)
(34.215565, 22.683413, 0.0)
(34.253845, 22.754063, 0.0)
(34.267963, 22.802036, 0.0)
(34.267685, 22.871454, 0.0)
(34.283344, 22.877882, 0.0)
(34.315411, 22.916143, 0.0)
(34.501236, 22.903288, 0.0)
(34.511841, 22.910542, 0.0)
(34.510422, 22.922674, 0.0)
(34.534660, 22.939503, 0.0)
(34.565929, 22.981951, 0.0)
(34.564541, 22.990868, 0.0)
(34.595303, 23.007280, 0.0)
(34.583431, 23.007692, 0.0)
(34.554249, 23.028711, 0.0)
(34.519924, 23.025145, 0.0)
(34.524796, 23.027664, 0.0)
(34.517105, 23.041996, 0.0)
(34.528915, 23.048243, 0.0)
(34.574562, 23.020107, 0.0)
(34.587921, 23.039888, 0.0)
(34.548347, 23.052448, 0.0)
(34.532352, 23.029312, 0.0)
(34.543354, 23.035145, 0.0)
(34.574146, 23.074562, 0.0)
(34.547482, 23.081318, 0.0)
(34.552189, 23.116581, 0.0)
(35.367748, 23.501951, 0.0)
(38.427197, 24.755974, 0.0)
(39.750832, 27.368160, 0.0)
(40.213554, 29.232281, 0.0)
(40.158325, 29.314270, 0.0)
(40.125900, 29.247839, 0.0)
(40.116596, 29.220659, 0.0)
(40.327301, 29.359837, 0.0)
(40.524113, 29.565132, 0.0)
(40.506355, 29.540663, 0.0)
(40.507046, 29.547546, 0.0)
(40.520958, 29.574610, 0.0)
(40.488117, 29.533833, 0.0)
(40.497753, 29.533895, 0.0)
(40.507755, 29.542517, 0.0)
(40.533936, 29.532057, 0.0)
(40.526245, 29.536083, 0.0)
(40.501919, 29.531038, 0.0)
(40.496670, 29.561052, 0.0)
(40.945683, 28.648306, 0.0)
(42.347862, 24.810377, 0.0)
(43.098267, 23.549776, 0.0)
(43.128555, 23.526503, 0.0)
(43.090187, 23.500168, 0.0)
(43.091431, 23.513578, 0.0)
(43.100269, 23.516216, 0.0)
(43.119358, 23.519028, 0.0)
(43.131149, 23.538872, 0.0)
(43.144924, 23.563686, 0.0)
(43.145264, 23.558472, 0.0)
(43.127495, 23.549492, 0.0)
(43.135700, 23.575678, 0.0)
(43.155212, 23.611969, 0.0)
(43.156040, 23.622425, 0.0)
(43.162174, 23.614599, 0.0)
(42.286804, 24.996923, 0.0)
(41.277935, 27.910469, 0.0)
(40.789352, 28.362795, 0.0)
(40.685863, 28.384644, 0.0)
(40.639984, 28.386639, 0.0)
(40.603596, 28.369987, 0.0)
(40.184414, 28.175051, 0.0)
(35.945782, 26.934132, 0.0)
(34.480087, 27.872015, 0.0)
(34.287754, 27.983583, 0.0)
(34.270256, 28.002567, 0.0)
(34.211674, 27.996302, 0.0)
(34.263958, 27.973469, 0.0)
(35.018490, 28.469995, 0.0)
(35.117584, 28.519091, 0.0)
(35.069347, 28.488583, 0.0)
(35.049381, 28.500748, 0.0)
(35.014664, 28.496479, 0.0)
(35.015415, 28.511156, 0.0)
(35.000179, 28.512589, 0.0)
(35.008812, 28.516083, 0.0)
(35.012497, 28.514311, 0.0)
(35.003300, 28.495947, 0.0)
(35.022556, 28.498505, 0.0)
(35.000305, 28.501266, 0.0)
(34.993717, 28.496990, 0.0)
(35.007278, 28.482328, 0.0)
(34.995739, 28.490824, 0.0)
(34.988731, 28.445004, 0.0)
(34.984600, 28.435104, 0.0)
(34.988148, 28.409561, 0.0)
(34.987938, 28.404013, 0.0)
(34.976170, 28.381472, 0.0)
(34.981888, 28.381197, 0.0)
(34.995041, 28.365551, 0.0)
(34.966873, 28.376726, 0.0)
(34.960064, 28.394529, 0.0)
(34.942406, 28.370745, 0.0)
(34.922924, 28.378593, 0.0)
(34.900074, 28.418552, 0.0)
(34.906651, 28.453869, 0.0)
(34.904640, 28.447323, 0.0)
(37.069454, 26.627079, 0.0)
(41.435547, 25.870338, 0.0)
(44.238590, 25.001219, 0.0)
(44.784843, 24.327635, 0.0)
(44.860882, 24.209145, 0.0)
(44.903896, 24.209345, 0.0)
(45.419060, 24.118834, 0.0)
(45.650967, 23.827162, 0.0)
(45.670818, 23.765520, 0.0)
(45.634357, 23.746725, 0.0)
(45.658329, 23.723852, 0.0)
(45.702423, 23.721193, 0.0)
(45.707680, 23.710623, 0.0)
(45.809887, 23.712330, 0.0)
(45.859783, 23.756866, 0.0)
(45.880539, 23.746746, 0.0)
(45.886089, 23.730192, 0.0)
(45.886826, 23.718218, 0.0)
(45.891632, 23.718739, 0.0)
(45.877178, 23.674549, 0.0)
(45.877178, 23.674549, 0.0)
(45.896515, 23.636732, 0.0)
(45.886768, 23.651001, 0.0)
(45.889359, 23.649380, 0.0)
(45.891392, 23.652914, 0.0)
(45.901093, 23.687180, 0.0)
(45.881069, 23.710854, 0.0)
(45.886414, 23.648844, 0.0)
(45.894402, 23.635988, 0.0)
(45.880024, 23.602066, 0.0)
(45.892509, 23.597599, 0.0)
(45.892509, 23.597599, 0.0)
(45.882603, 23.591766, 0.0)
(45.882671, 23.597599, 0.0)
(45.852570, 23.598587, 0.0)
(45.857525, 23.660477, 0.0)
(42.460316, 21.638378, 0.0)
(40.751385, 20.824095, 0.0)
(40.660286, 20.744179, 0.0)
(40.673931, 20.666162, 0.0)
(40.689190, 20.609133, 0.0)
(40.232880, 20.531382, 0.0)
(40.169147, 20.475168, 0.0)
(40.161850, 20.454992, 0.0)
(40.160202, 20.437914, 0.0)
(40.165642, 20.437281, 0.0)
(40.208473, 20.446238, 0.0)
(40.218662, 20.429405, 0.0)
(40.208923, 20.380312, 0.0)
(40.216415, 20.388571, 0.0)
(40.216160, 20.369946, 0.0)
(40.216160, 20.369946, 0.0)
(40.236168, 20.350183, 0.0)
(40.236168, 20.350183, 0.0)
(40.247272, 20.360018, 0.0)
(40.251488, 20.356110, 0.0)
(40.254406, 20.343760, 0.0)
(40.278160, 20.320786, 0.0)
(40.279579, 20.311079, 0.0)
(40.279442, 20.303917, 0.0)
(40.279442, 20.303917, 0.0)
(40.274033, 20.315290, 0.0)
(40.276596, 20.302341, 0.0)
(40.276596, 20.302341, 0.0)
(40.274033, 20.315290, 0.0)
(40.279442, 20.303917, 0.0)
(40.293827, 20.290110, 0.0)
(40.293827, 20.290110, 0.0)
(40.305779, 20.298462, 0.0)
(40.293827, 20.299284, 0.0)
(40.291157, 20.303133, 0.0)
(40.279442, 20.303917, 0.0)
(40.274185, 20.322462, 0.0)
(40.287609, 20.340714, 0.0)
(40.287933, 20.331861, 0.0)
(42.655106, 21.590477, 0.0)
(44.826229, 24.176514, 0.0)
(45.529247, 27.582153, 0.0)
(45.261742, 29.128813, 0.0)
(45.156071, 29.482462, 0.0)
(45.076035, 29.479214, 0.0)
(45.008450, 29.443195, 0.0)
(45.000824, 29.445860, 0.0)
(44.980541, 29.441965, 0.0)
(44.950539, 29.411690, 0.0)
(44.890572, 29.449055, 0.0)
(44.811131, 29.487226, 0.0)
(44.799583, 29.469870, 0.0)
(44.805973, 29.481279, 0.0)
(44.803658, 29.468674, 0.0)
(44.810467, 29.484480, 0.0)
(44.783024, 29.505960, 0.0)
(44.779385, 29.501778, 0.0)
(44.779350, 29.519894, 0.0)
(44.779350, 29.519894, 0.0)
(44.774120, 29.493563, 0.0)
(44.774048, 29.510645, 0.0)
(44.792648, 29.526890, 0.0)
(44.792648, 29.526890, 0.0)
(44.792774, 29.535292, 0.0)
(44.781464, 29.532055, 0.0)
(44.790997, 29.530905, 0.0)
(44.793289, 29.521034, 0.0)
(44.793289, 29.521034, 0.0)
(44.786583, 29.562265, 0.0)
(44.754414, 29.475834, 0.0)
(44.772255, 29.446957, 0.0)
(44.784317, 29.479599, 0.0)
(44.768673, 29.482445, 0.0)
(44.749763, 29.494143, 0.0)
(44.742142, 29.498415, 0.0)
(44.681190, 29.492176, 0.0)
(41.228481, 28.276873, 0.0)
(37.352463, 27.757183, 0.0)
(36.632370, 27.773893, 0.0)
(36.559361, 27.681656, 0.0)
(36.542068, 27.684494, 0.0)
(36.518452, 27.691124, 0.0)
(36.499584, 27.677366, 0.0)
(36.460842, 27.662275, 0.0)
(36.815968, 27.432348, 0.0)
(36.849030, 27.418911, 0.0)
(36.845200, 27.404486, 0.0)
(36.856789, 27.366020, 0.0)
(36.855492, 27.363846, 0.0)
(36.859749, 27.344566, 0.0)
(36.841820, 27.329042, 0.0)
(36.838375, 27.332666, 0.0)
(36.845879, 27.333551, 0.0)
(36.845325, 27.340166, 0.0)
(36.829254, 27.335363, 0.0)
(36.835674, 27.330437, 0.0)
(36.850727, 27.335344, 0.0)
(36.859333, 27.331255, 0.0)
(36.846977, 27.332466, 0.0)
(36.866768, 27.323076, 0.0)
(36.863049, 27.325891, 0.0)
(36.855038, 27.325884, 0.0)
(36.842880, 27.337063, 0.0)
(36.847023, 27.338238, 0.0)
(36.849590, 27.327848, 0.0)
(36.849758, 27.338932, 0.0)
(36.847023, 27.338238, 0.0)
(36.865005, 27.305017, 0.0)
(36.862606, 27.317554, 0.0)
(36.865124, 27.316032, 0.0)
(36.870419, 27.330088, 0.0)
(36.875145, 27.324615, 0.0)
(36.841858, 27.339590, 0.0)
(36.848251, 27.301323, 0.0)
(37.775139, 23.367653, 0.0)
(37.952015, 21.008821, 0.0)
(37.993576, 20.874725, 0.0)
(37.950207, 20.798796, 0.0)
(37.945652, 20.773472, 0.0)
(37.932133, 20.749321, 0.0)
(38.285057, 20.883808, 0.0)
(38.322285, 20.926483, 0.0)
(38.351299, 20.903105, 0.0)
(38.327980, 20.901604, 0.0)
(38.341747, 20.898954, 0.0)
(38.350395, 20.875525, 0.0)
(38.339348, 20.874990, 0.0)
(38.414974, 20.943005, 0.0)
(38.473072, 21.089827, 0.0)
(38.491142, 21.118027, 0.0)
(38.486729, 21.096390, 0.0)
(38.497410, 21.119617, 0.0)
(38.481716, 21.085680, 0.0)
(38.514435, 21.111467, 0.0)
(38.505398, 21.123449, 0.0)
(38.499416, 21.112171, 0.0)
(38.511894, 21.118790, 0.0)
(38.518200, 21.144886, 0.0)
(38.511497, 21.128204, 0.0)
(38.510269, 21.141352, 0.0)
(38.554073, 21.138290, 0.0)
(38.553261, 21.144409, 0.0)
(38.527130, 21.168550, 0.0)
(38.506332, 21.139639, 0.0)
(38.523518, 21.147709, 0.0)
(38.501411, 21.179184, 0.0)
(38.498783, 21.167252, 0.0)
(38.480858, 21.169884, 0.0)
(38.484695, 21.188017, 0.0)
(38.496033, 21.188999, 0.0)
(38.265423, 21.183674, 0.0)
(34.189331, 21.130608, 0.0)
(31.545980, 21.573238, 0.0)
(31.385448, 21.530710, 0.0)
(31.371643, 21.490196, 0.0)
(31.314211, 21.519304, 0.0)
(31.281878, 21.473883, 0.0)
(31.259253, 21.451532, 0.0)
(31.249386, 21.457077, 0.0)
(30.988049, 21.637440, 0.0)
(30.973541, 21.643047, 0.0)
(30.982876, 21.629833, 0.0)
(30.982876, 21.629833, 0.0)
(31.001591, 21.570026, 0.0)
(30.991262, 21.543613, 0.0)
(30.979856, 21.532436, 0.0)
(30.981586, 21.519329, 0.0)
(30.966921, 21.515223, 0.0)
(30.973820, 21.528994, 0.0)
(30.967281, 21.527220, 0.0)
(30.955639, 21.563896, 0.0)
(30.957396, 21.570328, 0.0)
(30.960743, 21.564711, 0.0)
(30.973738, 21.569448, 0.0)
(30.977066, 21.540178, 0.0)
(30.993876, 21.510015, 0.0)
(30.993876, 21.510015, 0.0)
(30.973640, 21.514181, 0.0)
(30.957211, 21.513956, 0.0)
(30.961065, 21.540630, 0.0)
(30.967518, 21.559156, 0.0)
(30.949816, 21.577879, 0.0)
(30.975332, 21.584583, 0.0)
(32.053070, 21.329180, 0.0)
(36.251694, 20.858776, 0.0)
(36.715187, 20.826187, 0.0)
(36.764244, 20.792641, 0.0)
(36.759972, 20.778814, 0.0)
(36.759972, 20.778814, 0.0)
(36.729866, 20.775486, 0.0)
(36.265064, 21.382401, 0.0)
(34.804371, 23.855368, 0.0)
(34.923977, 25.354280, 0.0)
(34.884106, 25.567266, 0.0)
(34.836334, 25.540102, 0.0)
(35.088821, 26.054171, 0.0)
(35.078358, 26.212393, 0.0)
(35.040363, 26.206669, 0.0)
(35.020763, 26.255266, 0.0)
(34.992962, 26.249933, 0.0)
(34.980721, 26.275345, 0.0)
(34.980370, 26.291414, 0.0)
(34.980228, 26.255451, 0.0)
(34.965946, 26.242599, 0.0)
(34.963188, 26.253441, 0.0)
(34.972149, 26.272926, 0.0)
(34.937740, 26.305536, 0.0)
(35.006897, 26.447071, 0.0)
(35.008137, 26.484665, 0.0)
(34.995701, 26.493885, 0.0)
(34.989628, 26.492750, 0.0)
(34.997124, 26.488518, 0.0)
(34.997124, 26.488518, 0.0)
(34.999878, 26.477245, 0.0)
(35.000977, 26.451149, 0.0)
(35.012043, 26.452503, 0.0)
(35.011391, 26.459925, 0.0)
(35.016380, 26.437004, 0.0)
(35.031929, 26.441740, 0.0)
(35.025795, 26.448679, 0.0)
(35.006855, 26.434143, 0.0)
(35.015926, 26.445251, 0.0)
(34.998493, 26.482969, 0.0)
(34.990162, 26.487213, 0.0)
(34.980705, 26.483377, 0.0)
(35.003593, 26.499887, 0.0)
(36.399082, 24.671444, 0.0)
(38.466141, 20.904181, 0.0)
(38.536716, 20.272375, 0.0)
(38.492016, 20.123598, 0.0)
(38.489338, 20.068346, 0.0)
(38.477478, 20.041155, 0.0)
(38.483662, 20.028065, 0.0)
(38.447563, 20.219263, 0.0)
(38.436993, 20.226965, 0.0)
(38.441608, 20.200775, 0.0)
(38.455452, 20.175295, 0.0)
(38.472702, 20.153847, 0.0)
(38.486378, 20.099815, 0.0)
(38.502445, 20.086983, 0.0)
(38.500412, 20.033043, 0.0)
(38.513657, 20.009668, 0.0)
(38.501549, 20.023621, 0.0)
(38.487602, 20.203358, 0.0)
(38.476379, 20.226595, 0.0)
(38.485069, 20.217949, 0.0)
(38.493687, 20.203157, 0.0)
(38.471527, 20.158428, 0.0)
(38.464615, 20.139980, 0.0)
(38.467190, 20.105795, 0.0)
(38.464615, 20.139980, 0.0)
(38.466076, 20.146442, 0.0)
(38.438473, 20.170174, 0.0)
(38.445755, 20.200809, 0.0)
(38.434769, 20.192993, 0.0)
(38.434769, 20.192993, 0.0)
(38.430294, 20.187845, 0.0)
(38.430294, 20.187845, 0.0)
(38.437092, 20.176105, 0.0)
(38.437679, 20.182657, 0.0)
(38.429832, 20.197021, 0.0)
(38.403454, 20.195118, 0.0)
(38.402847, 20.194408, 0.0)
(38.649570, 21.383522, 0.0)
(39.313747, 24.141685, 0.0)
(39.248528, 24.320889, 0.0)
(39.215115, 24.315264, 0.0)
(39.171722, 24.309870, 0.0)
(39.135281, 24.282074, 0.0)
(39.104481, 24.289825, 0.0)
(39.074368, 24.316484, 0.0)
(39.062710, 24.329412, 0.0)
(39.035053, 24.365137, 0.0)
(39.035053, 24.365137, 0.0)
(39.051689, 24.367714, 0.0)
(39.082016, 24.371702, 0.0)
(39.062599, 24.387266, 0.0)
(39.026413, 24.359764, 0.0)
(39.026062, 24.370647, 0.0)
(38.935154, 24.379787, 0.0)
(38.910118, 24.341139, 0.0)
(38.912800, 24.361553, 0.0)
(38.915405, 24.384048, 0.0)
(38.897713, 24.395346, 0.0)
(38.897247, 24.389502, 0.0)
(38.906071, 24.386538, 0.0)
(38.894085, 24.423195, 0.0)
(38.883392, 24.438154, 0.0)
(38.893539, 24.446095, 0.0)
(38.926525, 24.454206, 0.0)
(38.922070, 24.450209, 0.0)
(38.881889, 24.462915, 0.0)
(38.898335, 24.460634, 0.0)
(38.902985, 24.460917, 0.0)
(38.863735, 24.455006, 0.0)
(38.856640, 24.464487, 0.0)
(38.870308, 24.455429, 0.0)
(38.854187, 24.437925, 0.0)
(38.862362, 24.449385, 0.0)
(38.866482, 24.442293, 0.0)
(38.875519, 24.443336, 0.0)
(40.649616, 25.179035, 0.0)
(42.324821, 25.873560, 0.0)
(42.416615, 25.883127, 0.0)
(42.361431, 25.836512, 0.0)
(42.472473, 26.017654, 0.0)
(42.478024, 26.043280, 0.0)
(42.459549, 26.041571, 0.0)
(42.459927, 26.053627, 0.0)
(42.461349, 26.078854, 0.0)
(42.470188, 26.059853, 0.0)
(42.464561, 26.028399, 0.0)
(42.476780, 26.017303, 0.0)
(42.481068, 26.019968, 0.0)
(42.476780, 26.017303, 0.0)
(42.460423, 25.996185, 0.0)
(42.456146, 26.009563, 0.0)
(42.481430, 26.001396, 0.0)
(42.474140, 26.012053, 0.0)
(42.454960, 26.022057, 0.0)
(42.469944, 26.031597, 0.0)
(42.468533, 26.036993, 0.0)
(42.457428, 25.990917, 0.0)
(42.463711, 25.988604, 0.0)
(42.469620, 25.981142, 0.0)
(42.447647, 25.960379, 0.0)
(42.458881, 25.983355, 0.0)
(42.449329, 26.008698, 0.0)
(42.447327, 25.986897, 0.0)
(42.439308, 25.976923, 0.0)
(42.466320, 25.971912, 0.0)
(42.462147, 25.967430, 0.0)
(42.466579, 25.957281, 0.0)
(42.467583, 25.941650, 0.0)
(42.443787, 25.966875, 0.0)
(42.439308, 25.976923, 0.0)
(42.449329, 26.008698, 0.0)
(42.438652, 26.005806, 0.0)
(42.741848, 26.298403, 0.0)
(43.833683, 27.291565, 0.0)
(43.906792, 27.361038, 0.0)
(43.910206, 27.379208, 0.0)
(43.910206, 27.379208, 0.0)
(43.958096, 27.560461, 0.0)
(43.955742, 27.621202, 0.0)
(43.947937, 27.611300, 0.0)
(43.944996, 27.613628, 0.0)
(43.933147, 27.588165, 0.0)
(43.930843, 27.624298, 0.0)
(43.938190, 27.590965, 0.0)
(43.942451, 27.593086, 0.0)
(43.946049, 27.585964, 0.0)
(43.946693, 27.592493, 0.0)
(43.939045, 27.583422, 0.0)
(43.925682, 27.582418, 0.0)
(43.931465, 27.560951, 0.0)
(43.909752, 27.595888, 0.0)
(43.903233, 27.594872, 0.0)
(43.899082, 27.635838, 0.0)
(43.902145, 27.625811, 0.0)
(43.899223, 27.631208, 0.0)
(43.901722, 27.645603, 0.0)
(43.895508, 27.664497, 0.0)
(43.895786, 27.675064, 0.0)
(43.879204, 27.672495, 0.0)
(43.880417, 27.681118, 0.0)
(43.879204, 27.672495, 0.0)
(43.875603, 27.667084, 0.0)
(43.885555, 27.622419, 0.0)
(43.925838, 27.588072, 0.0)
(43.945358, 27.597397, 0.0)
(43.928322, 27.568001, 0.0)
(43.924900, 27.572285, 0.0)
(43.933357, 27.609049, 0.0)
(43.926361, 27.621935, 0.0)
(43.912140, 27.589643, 0.0)
(44.034710, 27.564486, 0.0)
(45.826202, 25.906141, 0.0)
(46.164040, 25.582777, 0.0)
(46.185108, 25.509502, 0.0)
(46.172649, 25.529461, 0.0)
(46.165791, 25.469097, 0.0)
(46.165791, 25.469097, 0.0)
(46.172131, 25.439964, 0.0)
(46.181118, 25.427980, 0.0)
(46.189770, 25.407827, 0.0)
(46.206001, 25.409359, 0.0)
(46.214062, 25.407486, 0.0)
(46.042538, 25.321808, 0.0)
(46.039658, 25.327362, 0.0)
(46.041847, 25.340477, 0.0)
(46.062019, 25.342621, 0.0)
(46.064453, 25.313625, 0.0)
(46.055336, 25.284103, 0.0)
(46.075863, 25.293344, 0.0)
(46.074104, 25.278748, 0.0)
(46.068535, 25.271515, 0.0)
(46.073696, 25.311552, 0.0)
(46.062180, 25.288980, 0.0)
(46.045971, 25.272623, 0.0)
(46.046089, 25.284103, 0.0)
(46.046089, 25.284103, 0.0)
(46.049141, 25.292925, 0.0)
(46.046089, 25.284103, 0.0)
(46.044193, 25.292103, 0.0)
(46.046089, 25.284103, 0.0)
(46.045513, 25.293329, 0.0)
(46.040653, 25.294346, 0.0)
(46.032856, 25.278542, 0.0)
(46.029629, 25.295160, 0.0)
(46.024227, 25.279106, 0.0)
(46.024227, 25.279106, 0.0)
(46.019470, 25.319838, 0.0)
(45.930073, 25.066801, 0.0)
(45.916214, 25.034729, 0.0)
(45.917889, 25.036686, 0.0)
(46.161499, 26.110956, 0.0)
(46.118221, 27.793119, 0.0)
(45.875751, 28.910122, 0.0)
(45.855476, 29.028996, 0.0)
(45.851624, 29.041559, 0.0)
(45.829998, 29.092794, 0.0)
(45.815510, 29.099360, 0.0)
(45.809914, 29.075743, 0.0)
(45.809132, 29.091993, 0.0)
(45.797543, 29.076460, 0.0)
(45.797543, 29.076460, 0.0)
(45.803467, 29.066462, 0.0)
(45.813896, 28.982203, 0.0)
(45.805984, 28.989491, 0.0)
(45.807301, 29.004097, 0.0)
(45.809616, 29.029951, 0.0)
(45.796196, 29.032303, 0.0)
(45.799694, 29.037363, 0.0)
(45.796196, 29.042377, 0.0)
(45.799694, 29.037363, 0.0)
(45.792679, 29.037317, 0.0)
(45.788670, 29.039194, 0.0)
(45.800388, 29.077646, 0.0)
(45.793560, 29.087072, 0.0)
(45.793560, 29.087072, 0.0)
(45.787350, 29.105925, 0.0)
(45.797401, 29.122877, 0.0)
(45.777718, 29.093222, 0.0)
(45.781776, 29.095003, 0.0)
(45.790569, 29.089184, 0.0)
(45.796780, 29.068645, 0.0)
(45.796780, 29.068645, 0.0)
(45.796780, 29.068645, 0.0)
(45.793694, 29.074820, 0.0)
(45.786201, 29.081051, 0.0)
(45.780582, 29.093756, 0.0)
(44.464703, 27.839085, 0.0)
(40.741943, 24.497789, 0.0)
(38.953182, 23.416285, 0.0)
(38.836418, 23.358906, 0.0)
(38.821392, 23.343670, 0.0)
(38.778179, 23.312981, 0.0)
(38.774300, 23.270567, 0.0)
(38.827473, 23.167028, 0.0)
(38.860744, 23.178839, 0.0)
(38.883190, 23.192717, 0.0)
(38.774899, 23.231848, 0.0)
(38.827759, 23.250778, 0.0)
(38.785950, 23.280285, 0.0)
(38.780060, 23.270922, 0.0)
(38.774780, 23.254763, 0.0)
(38.780426, 23.245657, 0.0)
(38.791080, 23.219168, 0.0)
(38.791523, 23.191208, 0.0)
(38.806046, 23.217943, 0.0)
(38.802479, 23.216164, 0.0)
(38.801071, 23.241125, 0.0)
(38.816277, 23.206636, 0.0)
(38.820980, 23.225807, 0.0)
(38.816460, 23.185377, 0.0)
(38.814556, 23.183661, 0.0)
(38.814556, 23.170834, 0.0)
(38.818562, 23.164244, 0.0)
(38.822964, 23.140942, 0.0)
(38.813961, 23.132229, 0.0)
(38.843929, 23.129089, 0.0)
(38.843929, 23.129089, 0.0)
(38.806564, 23.103031, 0.0)
(38.812477, 23.092854, 0.0)
(38.806564, 23.103031, 0.0)
(38.806381, 23.115635, 0.0)
(38.802567, 23.119907, 0.0)
(38.800571, 23.125570, 0.0)
(39.996258, 22.805544, 0.0)
(42.976620, 21.260153, 0.0)
(43.615807, 21.214752, 0.0)
(43.661674, 21.217070, 0.0)
(43.674671, 21.180498, 0.0)
(43.668755, 21.126909, 0.0)
(43.650566, 21.074423, 0.0)
(43.552044, 20.804428, 0.0)
(43.495659, 20.758684, 0.0)
(43.492077, 20.731625, 0.0)
(43.504250, 20.721268, 0.0)
(43.533821, 20.718723, 0.0)
(43.527031, 20.684467, 0.0)
(43.546276, 20.657269, 0.0)
(43.558525, 20.640385, 0.0)
(43.589802, 20.654367, 0.0)
(43.575298, 20.633074, 0.0)
(43.565601, 20.600565, 0.0)
(43.562580, 20.503109, 0.0)
(43.539761, 20.499651, 0.0)
(43.514832, 20.512142, 0.0)
(43.505356, 20.529642, 0.0)
(43.500580, 20.550770, 0.0)
(43.497494, 20.563076, 0.0)
(43.495411, 20.565224, 0.0)
(43.515816, 20.585524, 0.0)
(43.508350, 20.586842, 0.0)
(43.512695, 20.600065, 0.0)
(43.495724, 20.606739, 0.0)
(43.499409, 20.648254, 0.0)
(43.483185, 20.670944, 0.0)
(43.471939, 20.644169, 0.0)
(43.487370, 20.649464, 0.0)
(43.492336, 20.657465, 0.0)
(43.433929, 20.641758, 0.0)
(43.452793, 20.637762, 0.0)
(43.455830, 20.664112, 0.0)
(43.069809, 20.630447, 0.0)
(38.338108, 19.013344, 0.0)
(35.165539, 18.997377, 0.0)
(34.223518, 19.725086, 0.0)
(34.324944, 19.769310, 0.0)
(34.357655, 19.710350, 0.0)
(34.326843, 19.690414, 0.0)
(34.319252, 19.655069, 0.0)
(34.312622, 19.641666, 0.0)
(34.288651, 19.640211, 0.0)
(34.293839, 19.619251, 0.0)
(34.307404, 19.628613, 0.0)
(34.327087, 19.605310, 0.0)
(34.379356, 19.699705, 0.0)
(34.361618, 19.697824, 0.0)
(34.352585, 19.657339, 0.0)
(34.379402, 19.640560, 0.0)
(34.404625, 19.646723, 0.0)
(34.397793, 19.624475, 0.0)
(34.405155, 19.626713, 0.0)
(34.412045, 19.637293, 0.0)
(34.409409, 19.631477, 0.0)
(34.398209, 19.638239, 0.0)
(34.398209, 19.638239, 0.0)
(34.386879, 19.633631, 0.0)
(34.386288, 19.627001, 0.0)
(34.398209, 19.638239, 0.0)
(34.405155, 19.626713, 0.0)
(34.414665, 19.631121, 0.0)
(34.414665, 19.631121, 0.0)
(34.415627, 19.650469, 0.0)
(34.413979, 19.670181, 0.0)
(34.404625, 19.711088, 0.0)
(34.381073, 19.691002, 0.0)
(34.392487, 19.679386, 0.0)
(34.380478, 19.676884, 0.0)
(34.360878, 19.675222, 0.0)
(34.356022, 19.692936, 0.0)
(33.403603, 20.113955, 0.0)
(31.227768, 20.903069, 0.0)
(31.111111, 20.951050, 0.0)
(31.107037, 20.900644, 0.0)
(31.092913, 20.918833, 0.0)
(31.031940, 20.918285, 0.0)
(31.032118, 20.880575, 0.0)
(31.035318, 20.874788, 0.0)
(31.019478, 20.908495, 0.0)
(31.014984, 20.884241, 0.0)
(31.032633, 20.878540, 0.0)
(31.037331, 20.881243, 0.0)
(30.901327, 20.872980, 0.0)
(30.859812, 20.865891, 0.0)
(30.870926, 20.863726, 0.0)
(30.870926, 20.863726, 0.0)
(30.876860, 20.861063, 0.0)
(30.873011, 20.866613, 0.0)
(30.872396, 20.892387, 0.0)
(30.837461, 20.915424, 0.0)
(30.815804, 20.920540, 0.0)
(30.805494, 20.932520, 0.0)
(30.796982, 20.942493, 0.0)
(30.793728, 20.970819, 0.0)
(30.787977, 20.988308, 0.0)
(30.784147, 21.007368, 0.0)
(30.803581, 21.009352, 0.0)
(30.813555, 21.050980, 0.0)
(30.798359, 21.025591, 0.0)
(30.793221, 21.024155, 0.0)
(30.780333, 21.076851, 0.0)
(30.779541, 21.076122, 0.0)
(30.779541, 21.076122, 0.0)
(30.779541, 21.076122, 0.0)
(30.797260, 21.112251, 0.0)
(30.791294, 21.122156, 0.0)
(30.826290, 21.122557, 0.0)
(30.836967, 21.116127, 0.0)
(30.846821, 21.116484, 0.0)
(31.601082, 21.353054, 0.0)
(32.350918, 22.382183, 0.0)
(33.568298, 25.518860, 0.0)
(34.841747, 28.226709, 0.0)
(35.264786, 29.091549, 0.0)
(35.273067, 29.122410, 0.0)
(35.233448, 29.091766, 0.0)
(35.201401, 29.098181, 0.0)
(35.186039, 29.112003, 0.0)
(35.238331, 29.310879, 0.0)
(35.232414, 29.462503, 0.0)
(35.217087, 29.455730, 0.0)
(35.206680, 29.468016, 0.0)
(35.199875, 29.455725, 0.0)
(35.193649, 29.435694, 0.0)
(35.201702, 29.436842, 0.0)
(35.205257, 29.433886, 0.0)
(35.168636, 29.434214, 0.0)
(35.163036, 29.442625, 0.0)
(35.147156, 29.449627, 0.0)
(35.155060, 29.431183, 0.0)
(35.163036, 29.433191, 0.0)
(35.160683, 29.439451, 0.0)
(35.155060, 29.431183, 0.0)
(35.117748, 29.440235, 0.0)
(35.117748, 29.440235, 0.0)
(35.123402, 29.431963, 0.0)
(35.122116, 29.404934, 0.0)
(35.113537, 29.381678, 0.0)
(35.122150, 29.388142, 0.0)
(35.136608, 29.383057, 0.0)
(35.123764, 29.362473, 0.0)
(35.115074, 29.359510, 0.0)
(35.118496, 29.362309, 0.0)
(35.113201, 29.366077, 0.0)
(35.100197, 29.370300, 0.0)
(35.107231, 29.350557, 0.0)
(34.967567, 29.333143, 0.0)
(32.381557, 27.093540, 0.0)
(31.971542, 26.417828, 0.0)
(31.895954, 26.350607, 0.0)
(31.878197, 26.350126, 0.0)
(31.548220, 26.325506, 0.0)
(31.407049, 26.062508, 0.0)
(31.372561, 26.040806, 0.0)
(31.339954, 26.083792, 0.0)
(31.314774, 26.063541, 0.0)
(31.321150, 26.047966, 0.0)
(31.307707, 26.066975, 0.0)
(31.292871, 26.039316, 0.0)
(31.310562, 26.036583, 0.0)
(31.312149, 26.017256, 0.0)
(31.338894, 26.000866, 0.0)
(31.291586, 25.978769, 0.0)
(31.308245, 25.971859, 0.0)
(31.297546, 25.987850, 0.0)
(31.296528, 25.981829, 0.0)
(31.289902, 25.982199, 0.0)
(31.289902, 25.982199, 0.0)
(31.295330, 25.997103, 0.0)
(31.280041, 26.015259, 0.0)
(31.276651, 26.047274, 0.0)
(31.298748, 26.049204, 0.0)
(31.293325, 26.076378, 0.0)
(31.225164, 26.030115, 0.0)
(31.222021, 25.957994, 0.0)
(31.240562, 25.945032, 0.0)
(31.247942, 25.978899, 0.0)
(31.218004, 25.961899, 0.0)
(31.218576, 25.948893, 0.0)
(31.231688, 25.940470, 0.0)
(31.229416, 25.935101, 0.0)
(31.232428, 25.908075, 0.0)
(31.235939, 25.903351, 0.0)
(31.271063, 25.916986, 0.0)
(31.044697, 25.719532, 0.0)
(30.042738, 22.920710, 0.0)
(29.963512, 22.303339, 0.0)
(29.985245, 22.225328, 0.0)
(29.976633, 22.233774, 0.0)
(29.885403, 21.673489, 0.0)
(29.835119, 21.592831, 0.0)
(29.818508, 21.624496, 0.0)
(29.802240, 21.595541, 0.0)
(29.810877, 21.591038, 0.0)
(29.701008, 21.574661, 0.0)
(29.666519, 21.546707, 0.0)
(29.677637, 21.519289, 0.0)
(29.678520, 21.544056, 0.0)
(29.688324, 21.515692, 0.0)
(29.679285, 21.498671, 0.0)
(29.671431, 21.482859, 0.0)
(29.682257, 21.478788, 0.0)
(29.655443, 21.454084, 0.0)
(29.655443, 21.454084, 0.0)
(29.679285, 21.498671, 0.0)
(29.669180, 21.506847, 0.0)
(29.641731, 21.498848, 0.0)
(29.641052, 21.501448, 0.0)
(29.633631, 21.510612, 0.0)
(29.618107, 21.507322, 0.0)
(29.626795, 21.498417, 0.0)
(29.625620, 21.527962, 0.0)
(29.636528, 21.510502, 0.0)
(29.637730, 21.503954, 0.0)
(29.626133, 21.531832, 0.0)
(29.628498, 21.512701, 0.0)
(29.623272, 21.515902, 0.0)
(29.627638, 21.528158, 0.0)
(29.627134, 21.522184, 0.0)
(29.625347, 21.543591, 0.0)
(29.603607, 21.564116, 0.0)
(29.587994, 21.567352, 0.0)
(29.577490, 21.570972, 0.0)
(31.494110, 20.831524, 0.0)
(35.842541, 20.209480, 0.0)
(40.160999, 21.869513, 0.0)
(43.551231, 24.949696, 0.0)
(44.965702, 26.688641, 0.0)
(44.903873, 26.897249, 0.0)
(44.843388, 26.897018, 0.0)
(44.919937, 26.900583, 0.0)
(45.686432, 27.555908, 0.0)
(45.744156, 27.593782, 0.0)
(45.729923, 27.604214, 0.0)
(45.741810, 27.635897, 0.0)
(45.891582, 27.921265, 0.0)
(45.907894, 27.940491, 0.0)
(45.903744, 27.940147, 0.0)
(45.909828, 27.932730, 0.0)
(45.899765, 27.943195, 0.0)
(45.899765, 27.943195, 0.0)
(45.894058, 27.955275, 0.0)
(45.894058, 27.955275, 0.0)
(45.889004, 27.957293, 0.0)
(45.881008, 27.941862, 0.0)
(45.883110, 27.921368, 0.0)
(45.896599, 27.919209, 0.0)
(45.898365, 27.902058, 0.0)
(45.902615, 27.906475, 0.0)
(45.912132, 27.915102, 0.0)
(45.912132, 27.915102, 0.0)
(45.894966, 27.937410, 0.0)
(45.885059, 27.953316, 0.0)
(45.885059, 27.953316, 0.0)
(45.874939, 27.961954, 0.0)
(45.880783, 27.948689, 0.0)
(45.886536, 27.935307, 0.0)
(45.880783, 27.948689, 0.0)
(45.873356, 27.975071, 0.0)
(45.871799, 28.000343, 0.0)
(45.866154, 27.991795, 0.0)
(46.054623, 25.168348, 0.0)
(45.713718, 22.770554, 0.0)
(45.586838, 22.440710, 0.0)
(45.603264, 22.458199, 0.0)
(45.544613, 22.314863, 0.0)
(45.541939, 22.273277, 0.0)
(45.566864, 22.321342, 0.0)
(45.543762, 22.281994, 0.0)
(45.528801, 22.230471, 0.0)
(45.485203, 22.060680, 0.0)
(45.499161, 22.020844, 0.0)
(45.493114, 22.017761, 0.0)
(45.495308, 22.028751, 0.0)
(45.494652, 22.010340, 0.0)
(45.493114, 22.017761, 0.0)
(45.478630, 21.995461, 0.0)
(45.470249, 21.983192, 0.0)
(45.494652, 22.010340, 0.0)
(45.492233, 21.986704, 0.0)
(45.486347, 21.961725, 0.0)
(45.494652, 22.010340, 0.0)
(45.491791, 21.983507, 0.0)
(45.480869, 21.969231, 0.0)
(45.488152, 22.033220, 0.0)
(45.461079, 21.987858, 0.0)
(45.456646, 21.991007, 0.0)
(45.469524, 21.977194, 0.0)
(45.486141, 21.957117, 0.0)
(45.468208, 21.984615, 0.0)
(45.470119, 21.968746, 0.0)
(45.480225, 21.977743, 0.0)
(45.486141, 21.957117, 0.0)
(45.470119, 21.968746, 0.0)
(45.458439, 21.954443, 0.0)
(45.462952, 21.954313, 0.0)
(45.438221, 21.948410, 0.0)
(43.946636, 21.242138, 0.0)
(39.161537, 19.547167, 0.0)
(35.699039, 19.953180, 0.0)
(34.272675, 20.683289, 0.0)
(34.194752, 20.719526, 0.0)
(34.190136, 20.664877, 0.0)
(34.176754, 20.651785, 0.0)
(34.174885, 20.612118, 0.0)
(34.165344, 20.597317, 0.0)
(34.166920, 20.604618, 0.0)
(34.242424, 20.555176, 0.0)
(34.493298, 20.531687, 0.0)
(34.523205, 20.511339, 0.0)
(34.519642, 20.532429, 0.0)
(34.533531, 20.505379, 0.0)
(34.513351, 20.469793, 0.0)
(34.550983, 20.471994, 0.0)
(34.527939, 20.473604, 0.0)
(34.508209, 20.480000, 0.0)
(34.515701, 20.454571, 0.0)
(34.527622, 20.462490, 0.0)
(34.525997, 20.429478, 0.0)
(34.504982, 20.451719, 0.0)
(34.504982, 20.451719, 0.0)
(34.507332, 20.426788, 0.0)
(34.497360, 20.420095, 0.0)
(34.501087, 20.442680, 0.0)
(34.487110, 20.448067, 0.0)
(34.480820, 20.465458, 0.0)
(34.480820, 20.465458, 0.0)
(34.479401, 20.511293, 0.0)
(34.479401, 20.553192, 0.0)
(34.460793, 20.530005, 0.0)
(34.468525, 20.547132, 0.0)
(34.476135, 20.558922, 0.0)
(34.472145, 20.563654, 0.0)
(34.454044, 20.579840, 0.0)
(35.289680, 20.848448, 0.0)
(38.500355, 22.436731, 0.0)
(38.580421, 22.484526, 0.0)
(38.552719, 22.470409, 0.0)
(38.581432, 22.461679, 0.0)
(38.572723, 22.458767, 0.0)
(38.576057, 22.447678, 0.0)
(38.573524, 22.435322, 0.0)
(38.568344, 22.433743, 0.0)
(38.723938, 22.266834, 0.0)
(38.739418, 22.259756, 0.0)
(38.737286, 22.232168, 0.0)
(38.760017, 22.221088, 0.0)
(38.760265, 22.214632, 0.0)
(38.782272, 22.181196, 0.0)
(38.801174, 22.165598, 0.0)
(38.800297, 22.111559, 0.0)
(38.796501, 22.083788, 0.0)
(38.800095, 22.101923, 0.0)
(38.781624, 22.110445, 0.0)
(38.781624, 22.110445, 0.0)
(38.795849, 22.111406, 0.0)
(38.809715, 22.092472, 0.0)
(38.804329, 22.078466, 0.0)
(38.808128, 22.039371, 0.0)
(38.813599, 22.029446, 0.0)
(38.788090, 22.037073, 0.0)
(38.782440, 22.034761, 0.0)
(38.771034, 22.039019, 0.0)
(38.764378, 22.049929, 0.0)
(38.743698, 22.065565, 0.0)
(38.739883, 22.069231, 0.0)
(38.739674, 22.075844, 0.0)
(38.739674, 22.075844, 0.0)
(38.732178, 22.069872, 0.0)
(38.752876, 22.078985, 0.0)
(38.749546, 22.074320, 0.0)
(38.721878, 22.082706, 0.0)
(38.705437, 22.113861, 0.0)
(35.462429, 22.706043, 0.0)
(33.102398, 23.172289, 0.0)
(33.039246, 23.889339, 0.0)
(33.243237, 24.315861, 0.0)
(33.226212, 24.395782, 0.0)
(33.208286, 24.435019, 0.0)
(33.198025, 24.398029, 0.0)
(33.196175, 24.451984, 0.0)
(33.185070, 24.470404, 0.0)
(33.154530, 24.467691, 0.0)
(32.974258, 24.503880, 0.0)
(32.964211, 24.516399, 0.0)
(32.944366, 24.517235, 0.0)
(32.964211, 24.516399, 0.0)
(32.970802, 24.520508, 0.0)
(32.977875, 24.515120, 0.0)
(32.962662, 24.536400, 0.0)
(32.963253, 24.560440, 0.0)
(32.962349, 24.546085, 0.0)
(32.943394, 24.547539, 0.0)
(32.932915, 24.529570, 0.0)
(32.925728, 24.511711, 0.0)
(32.927937, 24.493481, 0.0)
(32.930580, 24.505787, 0.0)
(32.919479, 24.509295, 0.0)
(32.922611, 24.514414, 0.0)
(32.944466, 24.507433, 0.0)
(32.948982, 24.503605, 0.0)
(32.922611, 24.514414, 0.0)
(32.922611, 24.514414, 0.0)
(32.927952, 24.545897, 0.0)
(32.929619, 24.575031, 0.0)
(32.920155, 24.569338, 0.0)
(32.951038, 24.585037, 0.0)
(32.943062, 24.598864, 0.0)
(32.947975, 24.599451, 0.0)
(32.944454, 24.619188, 0.0)
(32.637642, 24.941513, 0.0)
(30.556919, 27.255436, 0.0)
(30.868656, 28.244396, 0.0)
(30.868456, 28.292246, 0.0)
(30.784319, 28.252613, 0.0)
(30.750256, 28.340837, 0.0)
(30.478159, 28.777798, 0.0)
(30.453068, 28.885078, 0.0)
(30.443100, 28.927353, 0.0)
(30.443815, 28.965845, 0.0)
(30.426847, 28.955818, 0.0)
(30.404354, 28.940796, 0.0)
(30.472555, 28.852951, 0.0)
(30.458452, 28.698442, 0.0)
(30.444511, 28.579758, 0.0)
(30.426147, 28.512270, 0.0)
(30.467333, 28.456305, 0.0)
(30.417040, 28.496862, 0.0)
(30.383530, 28.487267, 0.0)
(30.393818, 28.537344, 0.0)
(30.417200, 28.565809, 0.0)
(30.440859, 28.561653, 0.0)
(30.365860, 28.593651, 0.0)
(30.333494, 28.596125, 0.0)
(30.359598, 28.608908, 0.0)
(30.321005, 28.631578, 0.0)
(30.289358, 28.710407, 0.0)
(30.247856, 28.788729, 0.0)
(30.229418, 28.849951, 0.0)
(30.262506, 28.894077, 0.0)
(31.200098, 27.963776, 0.0)
(34.198891, 25.067503, 0.0)
(35.328461, 24.018553, 0.0)
(35.413219, 23.891245, 0.0)
(35.415710, 23.844973, 0.0)
(35.391579, 23.774944, 0.0)
(35.390579, 23.700972, 0.0)
(35.390469, 23.695080, 0.0)
(35.396923, 23.794279, 0.0)
(35.211685, 25.838104, 0.0)
(35.112873, 27.656866, 0.0)
(34.972565, 27.819717, 0.0)
(34.933956, 27.789198, 0.0)
(34.917801, 27.778505, 0.0)
(34.910564, 27.745810, 0.0)
(34.905231, 27.707199, 0.0)
(34.911655, 27.665684, 0.0)
(35.132885, 27.325287, 0.0)
(35.146801, 27.267746, 0.0)
(35.121307, 27.297853, 0.0)
(35.077015, 27.267153, 0.0)
(35.085281, 27.254795, 0.0)
(35.123104, 27.245703, 0.0)
(35.102875, 27.220724, 0.0)
(35.141930, 27.223158, 0.0)
(35.158222, 27.211458, 0.0)
(35.190350, 27.228796, 0.0)
(35.166500, 27.223238, 0.0)
(35.145493, 27.229074, 0.0)
(35.145493, 27.229074, 0.0)
(35.141548, 27.226717, 0.0)
(35.131580, 27.233967, 0.0)
(35.151161, 27.198671, 0.0)
(35.144173, 27.190809, 0.0)
(35.149891, 27.174936, 0.0)
(35.151623, 27.155819, 0.0)
(35.154350, 27.150995, 0.0)
(35.199799, 27.108139, 0.0)
(35.259499, 26.995163, 0.0)
(35.266621, 26.985868, 0.0)
(35.263794, 26.990377, 0.0)
(35.266621, 26.985868, 0.0)
(35.223404, 26.998402, 0.0)
(35.230896, 27.001892, 0.0)
(35.237816, 27.001722, 0.0)
(36.720226, 27.327465, 0.0)
(40.552776, 27.640665, 0.0)
(40.620850, 27.856565, 0.0)
(40.735535, 28.175402, 0.0)
(40.769344, 28.241640, 0.0)
(40.780457, 28.261007, 0.0)
(40.796638, 28.303497, 0.0)
(40.798939, 28.309093, 0.0)
(40.800529, 28.341867, 0.0)
(40.819172, 28.351898, 0.0)
(40.809689, 28.377888, 0.0)
(40.827347, 28.410027, 0.0)
(40.817539, 28.426590, 0.0)
(40.818089, 28.432579, 0.0)
(40.811256, 28.446466, 0.0)
(40.812946, 28.465084, 0.0)
(40.812946, 28.465084, 0.0)
(40.805168, 28.450678, 0.0)
(40.824131, 28.480896, 0.0)
(40.781452, 28.557402, 0.0)
(40.751137, 28.538107, 0.0)
(40.774380, 28.544159, 0.0)
(40.792030, 28.566067, 0.0)
(40.761616, 28.527752, 0.0)
(40.762924, 28.540123, 0.0)
(40.806484, 28.559818, 0.0)
(40.751686, 28.588648, 0.0)
(40.715275, 28.583885, 0.0)
(40.706387, 28.598526, 0.0)
(40.714470, 28.591080, 0.0)
(40.717300, 28.565294, 0.0)
(40.685387, 28.566051, 0.0)
(40.695465, 28.556274, 0.0)
(40.703026, 28.557875, 0.0)
(40.699665, 28.583113, 0.0)
(40.690960, 28.599033, 0.0)
(40.670746, 28.603157, 0.0)
(40.669018, 28.601000, 0.0)
(40.678425, 28.618561, 0.0)
(38.584801, 27.076548, 0.0)
(35.463585, 26.984615, 0.0)
(32.520763, 24.448757, 0.0)
(31.452486, 22.300255, 0.0)
(31.412302, 21.918255, 0.0)
(31.417028, 21.959782, 0.0)
(31.394386, 21.972837, 0.0)
(31.386675, 21.962753, 0.0)
(31.389456, 21.952574, 0.0)
(31.060205, 22.219645, 0.0)
(31.034321, 22.232693, 0.0)
(31.026682, 22.210461, 0.0)
(31.048122, 22.193859, 0.0)
(30.996271, 22.141592, 0.0)
(30.994017, 22.145748, 0.0)
(31.009083, 22.154945, 0.0)
(31.003164, 22.171667, 0.0)
(31.015177, 22.181383, 0.0)
(31.016329, 22.179369, 0.0)
(31.011921, 22.183407, 0.0)
(31.005295, 22.171061, 0.0)
(31.015072, 22.160173, 0.0)
(31.022974, 22.171633, 0.0)
(31.007408, 22.163092, 0.0)
(30.994192, 22.156162, 0.0)
(31.004202, 22.158480, 0.0)
(31.007408, 22.163092, 0.0)
(31.000811, 22.168224, 0.0)
(30.991385, 22.166618, 0.0)
(31.021429, 22.159035, 0.0)
(31.019482, 22.174929, 0.0)
(30.993080, 22.177538, 0.0)
(30.984388, 22.171675, 0.0)
(31.006907, 22.183544, 0.0)
(30.994761, 22.190079, 0.0)
(30.982874, 22.179546, 0.0)
(30.977747, 22.169195, 0.0)
(32.661423, 21.970989, 0.0)
(36.409496, 21.663929, 0.0)
(39.713577, 24.259829, 0.0)
(42.046890, 26.849970, 0.0)
(42.451260, 28.027496, 0.0)
(42.428474, 28.036146, 0.0)
(42.376091, 28.022259, 0.0)
(42.365406, 28.015839, 0.0)
(42.482758, 28.360212, 0.0)
(42.479504, 28.719666, 0.0)
(42.464962, 28.752209, 0.0)
(42.488476, 28.799999, 0.0)
(42.485764, 28.792894, 0.0)
(42.473423, 28.814508, 0.0)
(42.458324, 28.812407, 0.0)
(42.466522, 28.863476, 0.0)
(42.433647, 28.897327, 0.0)
(42.425198, 28.903421, 0.0)
(42.440079, 28.905428, 0.0)
(42.404274, 28.916084, 0.0)
(42.384403, 28.922609, 0.0)
(42.408794, 28.925676, 0.0)
(42.418037, 28.931532, 0.0)
(42.397469, 28.922148, 0.0)
(42.393764, 28.949650, 0.0)
(42.411129, 28.937584, 0.0)
(42.397377, 28.952929, 0.0)
(42.392803, 28.931868, 0.0)
(42.399254, 28.939672, 0.0)
(42.402691, 28.975021, 0.0)
(42.366440, 28.961771, 0.0)
(42.365780, 28.953787, 0.0)
(42.368229, 28.948347, 0.0)
(42.375866, 28.934011, 0.0)
(42.384361, 28.941977, 0.0)
(42.377853, 28.949913, 0.0)
(42.384403, 28.927757, 0.0)
(42.398682, 28.959518, 0.0)
(40.417274, 27.267227, 0.0)
(36.245045, 26.392206, 0.0)
(32.774506, 26.658329, 0.0)
(30.844688, 25.730026, 0.0)
(30.609056, 25.351191, 0.0)
(30.584106, 25.355175, 0.0)
(30.547745, 25.397961, 0.0)
(30.091154, 25.212009, 0.0)
(29.822868, 24.912466, 0.0)
(29.822273, 24.884045, 0.0)
(29.793407, 24.897711, 0.0)
(29.751534, 24.889940, 0.0)
(29.755156, 24.905119, 0.0)
(29.749825, 24.872793, 0.0)
(29.745453, 24.832081, 0.0)
(29.736959, 24.830643, 0.0)
(29.705736, 24.783970, 0.0)
(29.719875, 24.661671, 0.0)
(29.722443, 24.700468, 0.0)
(29.714634, 24.699055, 0.0)
(29.714022, 24.682268, 0.0)
(29.714022, 24.682268, 0.0)
(29.713047, 24.675825, 0.0)
(30.323910, 24.198042, 0.0)
(33.679459, 22.024153, 0.0)
(35.812485, 21.084972, 0.0)
(35.888973, 20.989491, 0.0)
(35.872032, 20.960243, 0.0)
(35.861042, 20.960243, 0.0)
(35.858032, 20.952713, 0.0)
(35.882576, 20.972065, 0.0)
(35.911713, 20.967182, 0.0)
(35.882576, 20.972065, 0.0)
(35.867241, 20.976133, 0.0)
(35.879269, 21.015463, 0.0)
(35.866085, 21.014915, 0.0)
(35.841312, 21.022161, 0.0)
(35.859512, 21.008669, 0.0)
(35.518009, 21.523668, 0.0)
(32.411179, 24.243490, 0.0)
(31.543821, 25.057241, 0.0)
(31.406788, 25.181431, 0.0)
(31.406788, 25.181431, 0.0)
(31.320202, 25.196537, 0.0)
(31.313578, 25.189224, 0.0)
(31.316851, 25.197674, 0.0)
(31.299259, 25.230259, 0.0)
(31.266829, 25.215881, 0.0)
(31.258627, 25.229036, 0.0)
(31.243795, 25.261177, 0.0)
(31.252514, 25.270510, 0.0)
(31.246189, 25.268311, 0.0)
(31.244078, 25.263258, 0.0)
(31.242331, 25.257751, 0.0)
(31.239048, 25.246925, 0.0)
(31.228262, 25.243053, 0.0)
(31.228262, 25.243053, 0.0)
(31.234425, 25.253235, 0.0)
(31.202545, 25.288107, 0.0)
(31.180735, 25.283588, 0.0)
(31.171766, 25.282301, 0.0)
(31.171766, 25.282301, 0.0)
(31.155235, 25.314766, 0.0)
(31.157734, 25.300665, 0.0)
(31.153700, 25.304924, 0.0)
(31.163153, 25.303061, 0.0)
(31.144262, 25.306810, 0.0)
(31.138641, 25.298737, 0.0)
(31.124975, 25.310345, 0.0)
(31.112059, 25.348036, 0.0)
(31.105030, 25.314075, 0.0)
(31.103415, 25.314075, 0.0)
(31.110128, 25.322809, 0.0)
(31.140894, 25.322748, 0.0)
(31.155430, 25.353846, 0.0)
(33.359333, 24.857044, 0.0)
(38.856701, 24.586031, 0.0)
(42.350769, 25.274576, 0.0)
(42.428432, 25.244173, 0.0)
(42.440083, 25.171827, 0.0)
(42.430882, 25.108929, 0.0)
(42.438519, 25.082272, 0.0)
(42.458267, 25.057846, 0.0)
(42.465397, 25.042011, 0.0)
(42.472424, 25.018238, 0.0)
(42.475376, 24.974154, 0.0)
(42.507874, 24.983671, 0.0)
(42.505878, 25.006674, 0.0)
(42.491699, 25.011457, 0.0)
(42.490929, 24.996462, 0.0)
(42.468662, 24.992954, 0.0)
(42.468662, 24.992954, 0.0)
(42.485420, 24.993406, 0.0)
(42.500195, 25.011282, 0.0)
(42.531727, 24.993759, 0.0)
(42.554043, 25.002401, 0.0)
(42.568306, 24.986420, 0.0)
(42.571896, 24.987902, 0.0)
(42.576935, 24.986080, 0.0)
(42.576580, 24.939659, 0.0)
(42.576580, 24.939659, 0.0)
(42.576225, 24.954958, 0.0)
(42.556244, 24.924942, 0.0)
(42.556244, 24.924942, 0.0)
(42.556244, 24.924942, 0.0)
(42.555759, 24.940338, 0.0)
(42.556244, 24.924942, 0.0)
(42.567310, 24.928267, 0.0)
(42.576580, 24.939659, 0.0)
(42.562237, 24.930285, 0.0)
(42.571896, 24.957224, 0.0)
(42.572273, 24.972635, 0.0)
(42.554043, 25.002401, 0.0)
(42.525585, 25.006172, 0.0)
(41.538944, 24.819971, 0.0)
(37.506092, 24.455385, 0.0)
(34.885712, 25.837967, 0.0)
(32.550915, 27.262627, 0.0)
(30.710131, 28.783859, 0.0)
(30.821737, 29.029501, 0.0)
(30.851732, 28.928143, 0.0)
(30.812134, 28.952286, 0.0)
(30.817585, 29.564939, 0.0)
(30.752460, 29.765453, 0.0)
(30.662289, 29.764431, 0.0)
(30.642218, 29.765347, 0.0)
(30.643545, 29.775074, 0.0)
(30.558781, 30.103722, 0.0)
(30.550245, 30.138519, 0.0)
(30.555283, 30.153616, 0.0)
(30.555283, 30.153616, 0.0)
(30.545330, 30.146526, 0.0)
(30.517807, 30.129416, 0.0)
(30.545547, 30.132286, 0.0)
(30.516869, 30.177567, 0.0)
(30.514841, 30.172005, 0.0)
(30.513819, 30.178102, 0.0)
(30.513819, 30.178102, 0.0)
(30.513039, 30.160685, 0.0)
(30.501911, 30.198624, 0.0)
(30.487085, 30.213842, 0.0)
(30.488678, 30.195354, 0.0)
(30.471865, 30.137386, 0.0)
(30.453716, 30.137684, 0.0)
(30.462543, 30.134283, 0.0)
(30.447443, 30.129131, 0.0)
(30.430466, 30.176083, 0.0)
(30.393450, 30.139486, 0.0)
(30.394079, 30.151787, 0.0)
(30.405689, 30.164146, 0.0)
(30.406874, 30.135754, 0.0)
(34.087006, 28.320997, 0.0)
(38.825855, 27.269930, 0.0)
(42.468620, 26.993956, 0.0)
(44.447853, 26.829603, 0.0)
(44.431747, 26.355030, 0.0)
(44.429325, 26.267609, 0.0)
(44.466961, 26.297537, 0.0)
(45.024841, 26.836048, 0.0)
(45.066536, 26.932241, 0.0)
(45.088573, 26.944225, 0.0)
(45.107174, 26.955864, 0.0)
(45.139591, 26.925966, 0.0)
(45.174747, 26.907953, 0.0)
(45.213840, 26.900021, 0.0)
(45.223129, 26.899637, 0.0)
(45.231358, 26.886309, 0.0)
(45.238571, 26.867109, 0.0)
(45.225693, 26.852959, 0.0)
(45.222298, 26.858583, 0.0)
(45.205353, 26.872263, 0.0)
(45.185875, 26.868475, 0.0)
(45.207584, 26.872515, 0.0)
(45.217369, 26.873703, 0.0)
(45.244789, 26.850090, 0.0)
(45.254097, 26.853802, 0.0)
(45.254284, 26.845121, 0.0)
(45.244476, 26.849592, 0.0)
(45.234188, 26.856987, 0.0)
(45.214359, 26.852879, 0.0)
(45.210159, 26.856642, 0.0)
(45.234188, 26.856987, 0.0)
(45.219044, 26.851467, 0.0)
(45.214359, 26.852879, 0.0)
(45.241222, 26.852533, 0.0)
(45.221779, 26.868179, 0.0)
(45.246265, 26.844074, 0.0)
(45.221779, 26.868179, 0.0)
(42.521721, 27.148596, 0.0)
(41.264244, 28.166483, 0.0)
(41.049763, 28.228706, 0.0)
(41.034939, 28.204765, 0.0)
(41.011257, 28.164642, 0.0)
(40.998444, 28.135386, 0.0)
(40.766438, 28.081125, 0.0)
(40.728893, 28.066809, 0.0)
(40.748116, 28.058409, 0.0)
(40.734917, 28.069675, 0.0)
(40.719036, 28.083733, 0.0)
(40.741653, 28.105124, 0.0)
(40.731300, 28.123446, 0.0)
(40.718498, 28.107754, 0.0)
(40.717865, 28.103052, 0.0)
(40.718815, 28.117857, 0.0)
(40.697704, 28.099371, 0.0)
(40.696980, 28.096069, 0.0)
(40.702702, 28.062544, 0.0)
(40.713390, 28.077713, 0.0)
(40.721748, 28.079229, 0.0)
(40.702049, 28.079338, 0.0)
(40.697487, 28.077915, 0.0)
(40.699707, 28.105423, 0.0)
(40.669907, 28.103651, 0.0)
(40.669907, 28.103651, 0.0)
(40.649990, 28.105846, 0.0)
(40.644928, 28.101995, 0.0)
(40.628124, 28.079361, 0.0)
(40.649757, 28.086153, 0.0)
(40.663414, 28.096977, 0.0)
(40.633179, 28.091059, 0.0)
(40.603657, 28.084349, 0.0)
(40.599030, 28.101149, 0.0)
(40.576763, 27.801373, 0.0)
(40.568359, 27.767355, 0.0)
(40.579788, 27.759874, 0.0)
(40.593307, 27.739994, 0.0)
(40.579762, 27.696442, 0.0)
(42.359154, 27.231091, 0.0)
(45.486557, 27.061649, 0.0)
(45.768139, 26.920109, 0.0)
(45.796638, 26.865206, 0.0)
(45.819847, 26.836538, 0.0)
(46.134628, 26.589825, 0.0)
(46.138054, 26.551405, 0.0)
(46.085133, 26.548244, 0.0)
(46.102451, 26.521935, 0.0)
(46.091888, 26.526579, 0.0)
(46.099194, 26.517977, 0.0)
(46.105072, 26.479317, 0.0)
(46.127167, 26.444756, 0.0)
(46.165615, 26.467869, 0.0)
(46.141254, 26.450220, 0.0)
(46.155502, 26.439260, 0.0)
(46.172440, 26.401842, 0.0)
(46.176712, 26.415384, 0.0)
(46.153343, 26.402033, 0.0)
(46.161499, 26.386200, 0.0)
(46.170368, 26.376101, 0.0)
(46.182831, 26.371889, 0.0)
(46.186775, 26.367067, 0.0)
(46.173840, 26.362925, 0.0)
(46.202766, 26.341549, 0.0)
(46.128769, 26.192163, 0.0)
(46.145855, 26.141068, 0.0)
(46.155590, 26.127584, 0.0)
(46.115269, 26.111427, 0.0)
(46.092148, 26.053822, 0.0)
(46.138691, 26.074894, 0.0)
(46.138763, 26.056131, 0.0)
(46.104790, 26.023447, 0.0)
(46.126492, 26.049009, 0.0)
(46.137245, 26.046549, 0.0)
(46.098438, 26.052761, 0.0)
(44.679020, 25.123463, 0.0)
(39.918053, 22.952988, 0.0)
(36.707184, 22.813206, 0.0)
(36.613110, 22.835823, 0.0)
(36.653484, 22.922537, 0.0)
(36.668468, 22.872299, 0.0)
(36.667408, 22.832544, 0.0)
(36.652630, 22.877335, 0.0)
(36.666176, 22.860277, 0.0)
(36.678970, 23.033728, 0.0)
(36.687710, 23.044605, 0.0)
(36.713047, 23.008692, 0.0)
(36.698883, 23.025665, 0.0)
(36.678631, 23.034050, 0.0)
(36.674061, 23.002535, 0.0)
(36.662243, 23.035652, 0.0)
(36.665382, 23.000546, 0.0)
(36.661091, 23.003435, 0.0)
(36.685028, 22.980995, 0.0)
(36.698811, 22.931620, 0.0)
(36.698723, 22.921482, 0.0)
(36.695881, 22.918571, 0.0)
(36.700737, 22.915461, 0.0)
(36.700737, 22.915461, 0.0)
(36.679119, 22.912100, 0.0)
(36.682983, 22.907808, 0.0)
(36.689644, 22.900944, 0.0)
(36.715580, 22.909935, 0.0)
(36.717236, 22.888521, 0.0)
(36.724392, 22.880888, 0.0)
(36.742374, 22.884733, 0.0)
(36.742374, 22.884733, 0.0)
(36.736973, 22.883450, 0.0)
(36.742374, 22.884733, 0.0)
(36.735733, 22.894201, 0.0)
(36.682491, 22.908552, 0.0)
(36.678738, 22.889809, 0.0)
(36.664650, 22.892307, 0.0)
(34.246349, 21.534655, 0.0)
(33.018658, 20.697260, 0.0)
(32.889748, 20.667160, 0.0)
(32.858391, 20.656353, 0.0)
(32.819901, 20.643734, 0.0)
(32.758068, 20.628523, 0.0)
(32.602448, 20.698238, 0.0)
(32.550278, 20.757147, 0.0)
(32.544579, 20.755995, 0.0)
(32.533184, 20.734758, 0.0)
(32.546894, 20.745220, 0.0)
(32.538528, 20.782417, 0.0)
(32.533531, 20.835571, 0.0)
(32.528793, 20.840080, 0.0)
(32.534714, 20.840319, 0.0)
(32.542652, 20.857815, 0.0)
(32.542652, 20.857815, 0.0)
(32.535831, 20.869473, 0.0)
(32.529713, 20.903812, 0.0)
(32.521671, 20.897390, 0.0)
(32.500416, 20.859621, 0.0)
(32.517490, 20.892485, 0.0)
(32.502674, 20.905342, 0.0)
(32.502674, 20.905342, 0.0)
(32.496643, 20.907425, 0.0)
(32.523464, 20.892574, 0.0)
(32.523464, 20.892574, 0.0)
(32.510796, 20.881344, 0.0)
(32.515804, 20.868923, 0.0)
(32.521713, 20.869078, 0.0)
(32.511665, 20.855818, 0.0)
(32.511665, 20.855818, 0.0)
(32.494980, 20.879759, 0.0)
(32.482044, 20.917652, 0.0)
(32.485611, 20.964876, 0.0)
(32.494396, 20.983479, 0.0)
(32.515587, 20.971533, 0.0)
(32.514828, 20.974493, 0.0)
(33.210720, 20.997669, 0.0)
(34.729141, 21.261267, 0.0)
(37.802429, 24.167284, 0.0)
(40.823818, 27.819790, 0.0)
(41.638264, 29.776674, 0.0)
(41.631630, 29.920424, 0.0)
(41.579285, 29.887016, 0.0)
(41.559200, 29.902233, 0.0)
(42.158279, 30.067013, 0.0)
(42.235455, 30.054873, 0.0)
(42.223610, 30.053381, 0.0)
(42.230206, 30.050686, 0.0)
(42.210403, 30.069117, 0.0)
(42.189911, 30.093584, 0.0)
(42.180248, 30.116695, 0.0)
(42.167046, 30.103022, 0.0)
(42.162334, 30.104959, 0.0)
(42.167160, 30.106133, 0.0)
(42.177036, 30.110889, 0.0)
(42.166573, 30.094942, 0.0)
(42.152584, 30.152906, 0.0)
(42.152584, 30.152906, 0.0)
(42.137814, 30.140377, 0.0)
(42.132496, 30.130970, 0.0)
(42.115849, 30.164356, 0.0)
(42.115757, 30.147680, 0.0)
(42.115757, 30.147680, 0.0)
(42.116524, 30.149992, 0.0)
(42.132267, 30.154751, 0.0)
(42.132267, 30.154751, 0.0)
(42.143204, 30.156782, 0.0)
(42.129353, 30.178015, 0.0)
(42.123482, 30.180601, 0.0)
(42.129353, 30.178015, 0.0)
(42.123573, 30.199471, 0.0)
(42.121128, 30.221880, 0.0)
(42.119282, 30.222124, 0.0)
(43.679703, 29.347113, 0.0)
(45.745747, 27.424435, 0.0)
(45.901073, 27.190292, 0.0)
(45.885387, 27.197107, 0.0)
(45.895775, 27.188869, 0.0)
(45.901180, 27.177942, 0.0)
(45.907032, 27.164743, 0.0)
(45.964134, 27.380365, 0.0)
(45.954182, 27.430044, 0.0)
(45.939133, 27.418982, 0.0)
(45.956287, 27.438684, 0.0)
(45.956287, 27.438684, 0.0)
(45.946533, 27.412821, 0.0)
(45.947308, 27.440971, 0.0)
(45.952888, 27.433582, 0.0)
(45.990765, 27.459829, 0.0)
(45.950687, 27.440544, 0.0)
(45.949116, 27.437197, 0.0)
(45.904655, 27.366749, 0.0)
(45.903328, 27.368317, 0.0)
(45.905415, 27.361101, 0.0)
(45.909023, 27.367224, 0.0)
(45.920235, 27.349817, 0.0)
(45.928322, 27.351110, 0.0)
(45.928478, 27.360104, 0.0)
(45.936031, 27.344957, 0.0)
(45.928478, 27.360104, 0.0)
(45.917122, 27.329317, 0.0)
(45.928947, 27.328608, 0.0)
(45.932434, 27.357265, 0.0)
(45.912842, 27.324459, 0.0)
(45.912727, 27.315493, 0.0)
(45.924500, 27.314825, 0.0)
(45.936031, 27.344957, 0.0)
(45.931755, 27.340124, 0.0)
(45.928017, 27.343477, 0.0)
(45.936031, 27.344957, 0.0)
(45.464142, 26.824631, 0.0)
(42.493092, 23.932842, 0.0)
(42.373795, 23.787838, 0.0)
(42.368343, 23.774311, 0.0)
(42.365330, 23.767714, 0.0)
(42.388283, 23.739918, 0.0)
(42.392685, 23.345324, 0.0)
(42.393532, 23.316206, 0.0)
(42.383724, 23.285208, 0.0)
(42.405636, 23.269026, 0.0)
(42.432003, 23.276846, 0.0)
(42.476917, 23.249771, 0.0)
(42.554203, 23.194912, 0.0)
(42.597218, 23.214201, 0.0)
(42.553688, 23.176279, 0.0)
(42.570992, 23.149778, 0.0)
(42.604641, 23.175936, 0.0)
(42.562408, 23.136223, 0.0)
(42.513645, 23.048950, 0.0)
(42.502121, 23.027960, 0.0)
(42.521389, 23.073076, 0.0)
(42.504692, 23.097303, 0.0)
(42.521664, 23.102381, 0.0)
(42.521664, 23.102381, 0.0)
(42.527031, 23.100653, 0.0)
(42.504692, 23.097303, 0.0)
(42.480522, 23.088449, 0.0)
(42.478237, 23.084017, 0.0)
(42.488377, 23.095022, 0.0)
(42.464966, 23.094183, 0.0)
(42.470146, 23.100534, 0.0)
(42.448933, 23.118622, 0.0)
(42.446465, 23.110622, 0.0)
(42.446465, 23.110622, 0.0)
(42.447849, 23.118740, 0.0)
(42.449772, 23.126810, 0.0)
(42.446465, 23.110622, 0.0)
(42.448933, 23.118622, 0.0)
(42.446514, 23.153666, 0.0)
(40.511711, 23.374214, 0.0)
(37.324501, 23.701300, 0.0)
(36.924721, 25.116703, 0.0)
(37.110447, 26.321486, 0.0)
(37.060894, 26.410973, 0.0)
(37.036633, 26.387312, 0.0)
(37.036194, 26.426035, 0.0)
(36.995975, 26.431879, 0.0)
(36.962128, 26.487255, 0.0)
(36.950275, 26.508911, 0.0)
(36.950260, 26.519365, 0.0)
(36.939896, 26.513653, 0.0)
(36.936085, 26.527473, 0.0)
(36.942661, 26.540445, 0.0)
(36.939354, 26.524954, 0.0)
(36.940258, 26.540199, 0.0)
(36.933388, 26.562424, 0.0)
(36.919678, 26.570736, 0.0)
(36.901581, 26.589062, 0.0)
(36.883057, 26.579002, 0.0)
(36.896275, 26.585018, 0.0)
(36.905849, 26.590292, 0.0)
(36.894382, 26.597656, 0.0)
(36.890465, 26.620367, 0.0)
(36.905010, 26.621559, 0.0)
(36.932354, 26.623899, 0.0)
(36.923862, 26.665537, 0.0)
(36.917625, 26.680624, 0.0)
(36.930645, 26.658588, 0.0)
(36.929592, 26.656639, 0.0)
(36.922321, 26.671022, 0.0)
(36.918091, 26.631920, 0.0)
(36.960899, 26.622740, 0.0)
(36.932457, 26.671892, 0.0)
(36.934673, 26.695890, 0.0)
(36.933617, 26.695091, 0.0)
(36.935825, 26.675768, 0.0)
(38.231556, 26.608242, 0.0)
(42.899887, 25.857700, 0.0)
(44.905113, 25.683704, 0.0)
(45.035103, 25.438791, 0.0)
(45.068348, 25.411364, 0.0)
(45.110527, 25.406683, 0.0)
(45.119469, 25.405180, 0.0)
(45.273121, 25.362179, 0.0)
(45.276867, 25.369270, 0.0)
(45.285728, 25.310369, 0.0)
(45.301598, 25.307116, 0.0)
(45.306576, 25.248821, 0.0)
(45.311314, 25.240236, 0.0)
(45.310276, 25.206696, 0.0)
(45.318436, 25.235941, 0.0)
(45.313229, 25.216555, 0.0)
(45.318993, 25.202587, 0.0)
(45.340504, 25.200716, 0.0)
(45.348297, 25.219580, 0.0)
(45.352394, 25.227127, 0.0)
(45.348656, 25.244282, 0.0)
(45.330582, 25.216850, 0.0)
(45.323391, 25.201639, 0.0)
(45.345776, 25.230770, 0.0)
(45.268520, 25.112804, 0.0)
(45.262318, 25.100367, 0.0)
(45.268520, 25.112804, 0.0)
(45.268520, 25.112804, 0.0)
(45.266476, 25.104052, 0.0)
(45.260551, 25.096277, 0.0)
(45.271542, 25.125633, 0.0)
(45.253258, 25.087944, 0.0)
(45.248089, 25.102726, 0.0)
(45.249214, 25.080967, 0.0)
(45.245838, 25.085827, 0.0)
(45.219162, 25.112560, 0.0)
(45.208092, 25.117483, 0.0)
(45.210884, 25.109766, 0.0)
(43.279789, 23.866022, 0.0)
(38.969181, 21.995998, 0.0)
(35.181873, 21.453293, 0.0)
(33.895855, 21.708775, 0.0)
(33.889172, 21.828922, 0.0)
(33.904701, 21.830631, 0.0)
(33.913567, 21.796951, 0.0)
(33.911919, 21.790920, 0.0)
(33.890160, 21.755178, 0.0)
(34.209766, 21.735550, 0.0)
(34.383793, 21.769093, 0.0)
(34.395397, 21.759218, 0.0)
(34.384212, 21.763962, 0.0)
(34.378014, 21.773005, 0.0)
(34.389469, 21.792030, 0.0)
(34.386395, 21.808876, 0.0)
(34.371529, 21.819609, 0.0)
(34.359184, 21.802023, 0.0)
(34.380211, 21.813354, 0.0)
(34.402702, 21.809870, 0.0)
(34.404625, 21.825205, 0.0)
(34.404625, 21.825205, 0.0)
(34.407112, 21.841522, 0.0)
(34.407112, 21.841522, 0.0)
(34.410606, 21.836035, 0.0)
(34.417519, 21.812002, 0.0)
(34.413528, 21.816866, 0.0)
(34.424686, 21.832153, 0.0)
(34.452774, 21.855671, 0.0)
(34.454643, 21.910204, 0.0)
(34.405579, 21.918505, 0.0)
(34.416603, 21.929375, 0.0)
(34.441902, 21.927158, 0.0)
(34.421181, 21.922802, 0.0)
(34.427341, 21.897205, 0.0)
(34.449829, 21.888048, 0.0)
(34.466282, 21.901615, 0.0)
(34.226925, 21.957891, 0.0)
(30.712654, 22.735399, 0.0)
(29.862610, 22.908127, 0.0)
(29.685324, 22.922386, 0.0)
(29.663572, 22.932091, 0.0)
(29.611258, 22.924009, 0.0)
(29.619913, 22.897959, 0.0)
(29.598721, 22.878315, 0.0)
(29.603024, 22.852873, 0.0)
(29.592012, 22.871849, 0.0)
(29.603024, 22.852873, 0.0)
(29.597773, 22.852770, 0.0)
(29.610426, 22.852898, 0.0)
(29.596338, 22.866667, 0.0)
(29.562958, 22.811102, 0.0)
(29.539352, 22.772766, 0.0)
(29.548529, 22.775980, 0.0)
(29.519926, 22.786074, 0.0)
(29.527586, 22.776964, 0.0)
(29.554272, 22.757463, 0.0)
(29.554272, 22.757463, 0.0)
(29.524269, 22.752928, 0.0)
(29.528976, 22.742090, 0.0)
(29.540833, 22.766706, 0.0)
(29.543453, 22.807789, 0.0)
(29.544888, 22.823286, 0.0)
(29.534023, 22.832598, 0.0)
(29.544680, 22.823627, 0.0)
(29.544600, 22.813272, 0.0)
(29.549698, 22.809855, 0.0)
(29.578199, 22.829597, 0.0)
(29.569077, 22.838060, 0.0)
(29.567455, 22.851089, 0.0)
(29.554657, 22.843307, 0.0)
(29.572363, 22.861683, 0.0)
(29.553938, 22.884350, 0.0)
(29.540350, 22.880478, 0.0)
(29.543129, 22.878851, 0.0)
(32.661880, 21.938526, 0.0)
(37.462360, 21.198692, 0.0)
(40.036896, 22.274012, 0.0)
(40.192417, 22.510517, 0.0)
(40.234390, 22.537441, 0.0)
(40.229527, 22.500597, 0.0)
(40.220520, 22.469213, 0.0)
(40.452019, 22.804356, 0.0)
(40.473663, 22.812941, 0.0)
(40.488365, 22.784212, 0.0)
(40.505035, 22.799772, 0.0)
(40.517036, 22.774179, 0.0)
(40.524632, 22.774229, 0.0)
(40.525532, 22.764103, 0.0)
(40.534252, 22.765957, 0.0)
(40.532166, 22.794512, 0.0)
(40.526554, 22.803230, 0.0)
(40.526386, 22.829208, 0.0)
(40.516529, 22.831640, 0.0)
(40.516090, 22.857748, 0.0)
(40.498070, 22.825302, 0.0)
(40.508671, 22.831295, 0.0)
(40.531265, 22.813986, 0.0)
(40.523911, 22.837063, 0.0)
(40.536808, 22.828516, 0.0)
(40.526691, 22.857748, 0.0)
(40.534184, 22.883820, 0.0)
(40.525440, 22.906952, 0.0)
(40.510216, 22.913563, 0.0)
(40.508671, 22.928749, 0.0)
(40.501007, 22.914747, 0.0)
(40.485615, 22.909355, 0.0)
(40.485615, 22.909355, 0.0)
(40.481674, 22.911600, 0.0)
(40.454906, 22.906748, 0.0)
(40.457829, 22.939991, 0.0)
(40.463509, 22.953686, 0.0)
(40.468418, 22.952890, 0.0)
(40.465652, 22.957821, 0.0)
(37.670334, 23.116129, 0.0)
(35.051819, 25.031952, 0.0)
(33.512726, 27.442574, 0.0)
(33.884773, 29.397055, 0.0)
(33.964645, 29.687109, 0.0)
(33.890186, 29.695791, 0.0)
(33.840233, 29.703342, 0.0)
(33.704788, 29.809006, 0.0)
(33.495605, 30.030769, 0.0)
(33.452477, 30.070225, 0.0)
(33.422215, 30.080355, 0.0)
(33.430817, 30.076241, 0.0)
(33.409351, 30.083454, 0.0)
(33.395809, 30.086422, 0.0)
(33.400360, 30.138121, 0.0)
(33.397453, 30.127815, 0.0)
(33.387905, 30.101807, 0.0)
(33.399963, 30.100334, 0.0)
(33.383915, 30.111870, 0.0)
(33.399532, 30.106571, 0.0)
(33.404320, 30.122267, 0.0)
(33.391514, 30.112820, 0.0)
(33.397728, 30.116983, 0.0)
(33.388641, 30.125135, 0.0)
(33.355556, 30.104456, 0.0)
(33.356655, 30.138660, 0.0)
(33.354950, 30.121626, 0.0)
(33.361568, 30.092808, 0.0)
(33.360989, 30.110004, 0.0)
(33.369633, 30.077351, 0.0)
(33.375683, 30.112009, 0.0)
(33.379791, 30.111328, 0.0)
(33.390217, 30.096109, 0.0)
(33.394398, 30.096218, 0.0)
(33.394756, 30.096245, 0.0)
(33.387905, 30.089417, 0.0)
(33.420071, 30.058348, 0.0)
(34.968754, 26.134832, 0.0)
(35.427677, 22.307812, 0.0)
(35.471565, 21.485359, 0.0)
(35.482796, 21.468168, 0.0)
(35.493431, 21.443357, 0.0)
(35.945530, 21.605572, 0.0)
(36.230076, 21.752838, 0.0)
(36.245926, 21.763254, 0.0)
(36.248207, 21.758369, 0.0)
(36.224945, 21.742895, 0.0)
(36.260883, 21.732880, 0.0)
(36.264050, 21.729540, 0.0)
(36.269966, 21.733189, 0.0)
(36.437515, 21.805178, 0.0)
(36.470058, 21.818516, 0.0)
(36.505669, 21.855080, 0.0)
(36.493488, 21.903963, 0.0)
(36.477249, 21.917791, 0.0)
(36.505001, 21.921953, 0.0)
(36.497818, 21.945370, 0.0)
(36.474674, 21.947128, 0.0)
(36.477249, 21.917791, 0.0)
(36.502388, 21.910849, 0.0)
(36.482578, 21.915918, 0.0)
(36.490398, 21.930357, 0.0)
(36.486965, 21.925274, 0.0)
(36.490398, 21.944206, 0.0)
(36.486736, 21.948717, 0.0)
(36.484478, 21.954519, 0.0)
(36.492626, 21.950392, 0.0)
(36.492493, 21.959679, 0.0)
(36.478844, 21.940889, 0.0)
(36.484276, 21.901524, 0.0)
(36.500034, 21.918797, 0.0)
(36.479855, 21.910118, 0.0)
(36.475208, 21.906483, 0.0)
(36.497791, 21.931826, 0.0)
(37.536686, 22.188684, 0.0)
(41.897057, 23.202497, 0.0)
(44.392242, 25.097300, 0.0)
(45.228035, 26.329018, 0.0)
(45.287258, 26.496990, 0.0)
(45.279823, 26.469210, 0.0)
(45.261471, 26.421631, 0.0)
(45.258076, 26.401646, 0.0)
(45.272427, 26.420956, 0.0)
(45.272305, 26.435188, 0.0)
(45.276703, 26.433445, 0.0)
(45.046890, 26.372028, 0.0)
(45.025833, 26.366179, 0.0)
(45.038971, 26.368238, 0.0)
(45.041946, 26.353600, 0.0)
(45.037071, 26.309464, 0.0)
(45.032272, 26.294231, 0.0)
(45.027317, 26.339733, 0.0)
(45.024284, 26.325607, 0.0)
(45.016022, 26.313591, 0.0)
(45.011383, 26.325138, 0.0)
(45.016022, 26.313591, 0.0)
(45.033787, 26.276289, 0.0)
(45.015636, 26.222509, 0.0)
(45.029209, 26.220594, 0.0)
(45.028019, 26.228050, 0.0)
(45.027966, 26.242661, 0.0)
(45.027039, 26.259058, 0.0)
(45.034935, 26.256187, 0.0)
(45.034935, 26.256187, 0.0)
(45.034935, 26.256187, 0.0)
(45.039955, 26.244976, 0.0)
(45.049103, 26.243111, 0.0)
(45.032925, 26.231438, 0.0)
(45.027966, 26.216049, 0.0)
(45.024879, 26.256857, 0.0)
(44.998653, 26.220442, 0.0)
(44.522545, 25.991903, 0.0)
(42.251511, 24.582563, 0.0)
(42.119007, 24.486956, 0.0)
(42.181862, 24.467941, 0.0)
(42.192001, 24.489216, 0.0)
(42.219185, 24.461227, 0.0)
(42.238152, 24.467691, 0.0)
(42.238152, 24.467691, 0.0)
(42.255154, 24.442579, 0.0)
(42.260651, 24.455511, 0.0)
(42.269520, 24.484274, 0.0)
(42.280941, 24.369230, 0.0)
(42.274487, 24.328878, 0.0)
(42.302219, 24.345232, 0.0)
(42.292210, 24.356750, 0.0)
(42.303375, 24.401525, 0.0)
(42.301258, 24.408325, 0.0)
(42.285061, 24.406191, 0.0)
(42.284954, 24.397575, 0.0)
(42.298054, 24.388924, 0.0)
(42.298054, 24.388924, 0.0)
(42.258118, 24.369230, 0.0)
(42.268505, 24.366144, 0.0)
(42.286797, 24.382948, 0.0)
(42.276424, 24.385893, 0.0)
(42.276424, 24.390438, 0.0)
(42.294289, 24.390928, 0.0)
(42.328854, 24.389250, 0.0)
(42.335190, 24.371435, 0.0)
(42.315491, 24.307158, 0.0)
(42.329678, 24.302034, 0.0)
(42.288219, 24.349424, 0.0)
(42.270626, 24.340559, 0.0)
(42.269493, 24.337093, 0.0)
(42.242775, 24.341806, 0.0)
(42.232037, 24.361160, 0.0)
(42.238251, 24.351839, 0.0)
(42.236061, 24.341438, 0.0)
(42.246399, 24.345282, 0.0)
(40.350975, 24.087345, 0.0)
(35.880768, 24.401810, 0.0)
(32.906582, 26.164671, 0.0)
(31.045200, 27.309961, 0.0)
(30.679447, 27.869913, 0.0)
(30.640148, 27.921774, 0.0)
(30.593983, 27.863146, 0.0)
(30.545544, 27.927837, 0.0)
(30.537994, 27.949511, 0.0)
(30.522945, 27.955233, 0.0)
(30.071745, 27.707203, 0.0)
(30.008362, 27.701855, 0.0)
(29.994728, 27.689734, 0.0)
(29.993063, 27.689743, 0.0)
(30.000023, 27.670231, 0.0)
(30.000023, 27.670231, 0.0)
(29.991190, 27.676121, 0.0)
(29.957840, 27.682880, 0.0)
(29.937811, 27.651989, 0.0)
(29.926950, 27.673496, 0.0)
(29.920698, 27.684750, 0.0)
(29.916534, 27.679052, 0.0)
(29.928078, 27.721170, 0.0)
(29.922443, 27.762676, 0.0)
(29.908934, 27.696087, 0.0)
(29.907871, 27.668993, 0.0)
(29.907871, 27.668993, 0.0)
(29.908403, 27.675808, 0.0)
(29.907871, 27.668993, 0.0)
(30.335260, 27.530952, 0.0)
(33.621113, 25.809464, 0.0)
(34.891911, 25.234661, 0.0)
(34.998245, 25.190899, 0.0)
(34.957726, 25.163198, 0.0)
(34.937756, 25.187527, 0.0)
(34.929588, 25.163019, 0.0)
(34.933769, 25.175808, 0.0)
(34.943684, 25.174271, 0.0)
(34.942722, 25.168764, 0.0)
(34.952465, 25.170761, 0.0)
(34.965786, 25.139559, 0.0)
(35.670254, 25.062937, 0.0)
(39.973427, 23.731445, 0.0)
(42.338734, 22.298605, 0.0)
(42.333248, 22.130434, 0.0)
(42.289707, 22.081800, 0.0)
(42.276058, 22.030092, 0.0)
(44.662956, 24.622528, 0.0)
(46.079742, 27.624964, 0.0)
(46.165367, 28.431438, 0.0)
(46.122997, 28.524927, 0.0)
(46.089470, 28.513044, 0.0)
(45.968384, 28.485168, 0.0)
(42.944290, 27.627518, 0.0)
(37.882858, 28.665161, 0.0)
(33.677734, 29.209854, 0.0)
(31.771717, 29.694908, 0.0)
(31.633095, 29.710499, 0.0)
(31.640741, 29.692640, 0.0)
(31.648489, 29.668983, 0.0)
(31.691286, 29.661539, 0.0)
(31.676462, 29.684267, 0.0)
(31.699694, 29.663401, 0.0)
(31.738319, 29.657833, 0.0)
(32.509121, 29.614937, 0.0)
(32.887863, 29.590794, 0.0)
(32.934177, 29.596607, 0.0)
(32.937923, 29.600290, 0.0)
(32.920574, 29.563152, 0.0)
(32.952431, 29.533875, 0.0)
(32.972973, 29.526575, 0.0)
(32.973606, 29.512510, 0.0)
(32.988697, 29.488016, 0.0)
(33.020008, 29.495132, 0.0)
(33.041401, 29.511810, 0.0)
(36.725998, 27.816423, 0.0)
(41.897324, 25.656069, 0.0)
(43.924313, 25.565811, 0.0)
(44.051170, 25.528048, 0.0)
(44.054958, 25.433752, 0.0)
(44.050865, 25.428762, 0.0)
(43.852783, 25.785240, 0.0)
(43.846092, 25.865282, 0.0)
(43.829128, 25.854660, 0.0)
(43.824802, 25.882189, 0.0)
(43.792782, 25.873505, 0.0)
(43.775574, 25.904812, 0.0)
(43.770851, 25.905336, 0.0)
(43.783287, 25.900391, 0.0)
(43.772427, 25.879148, 0.0)
(43.769279, 25.865532, 0.0)
(43.778046, 25.831188, 0.0)
(43.780151, 25.836245, 0.0)
(43.775570, 25.851425, 0.0)
(43.760017, 25.856764, 0.0)
(43.773636, 25.844524, 0.0)
(43.773636, 25.844524, 0.0)
(43.770851, 25.830769, 0.0)
(43.799648, 25.802715, 0.0)
(43.799648, 25.802715, 0.0)
(43.810513, 25.809372, 0.0)
(43.781502, 25.806175, 0.0)
(43.795433, 25.819435, 0.0)
(43.800472, 25.829630, 0.0)
(43.788204, 25.841084, 0.0)
(43.791801, 25.813072, 0.0)
(43.791695, 25.805691, 0.0)
(43.799896, 25.802517, 0.0)
(43.795303, 25.834862, 0.0)
(43.899807, 25.209364, 0.0)
(43.894176, 25.115976, 0.0)
(43.861610, 25.133509, 0.0)
(43.865807, 25.146305, 0.0)
(43.876705, 25.113800, 0.0)
(43.888130, 25.130692, 0.0)
(42.094837, 23.782166, 0.0)
(38.198040, 22.299013, 0.0)
(34.651981, 21.862539, 0.0)
(32.608356, 22.574022, 0.0)
(32.265270, 23.009802, 0.0)
(32.211739, 23.057119, 0.0)
(32.201107, 23.063044, 0.0)
(30.500690, 26.185568, 0.0)
(30.545969, 28.188040, 0.0)
(30.517374, 28.411285, 0.0)
(30.462887, 28.412855, 0.0)
(30.413744, 28.418116, 0.0)
(30.378559, 28.465803, 0.0)
(30.167727, 28.642117, 0.0)
(30.155996, 28.781683, 0.0)
(30.152296, 28.771067, 0.0)
(30.143036, 28.758755, 0.0)
(30.142473, 28.789165, 0.0)
(30.094797, 28.782293, 0.0)
(30.082909, 28.787498, 0.0)
(30.083288, 28.803839, 0.0)
(30.083725, 28.810221, 0.0)
(30.074181, 28.822222, 0.0)
(30.062654, 28.823238, 0.0)
(30.077938, 28.808714, 0.0)
(30.083923, 28.817490, 0.0)
(30.055653, 28.793394, 0.0)
(30.070013, 28.781750, 0.0)
(30.060148, 28.809364, 0.0)
(30.042555, 28.817646, 0.0)
(30.034765, 28.791557, 0.0)
(30.047602, 28.811129, 0.0)
(30.065722, 28.792826, 0.0)
(30.073784, 28.807692, 0.0)
(30.073784, 28.807692, 0.0)
(30.080585, 28.807692, 0.0)
(31.888233, 26.040989, 0.0)
(32.593121, 23.341846, 0.0)
(32.707375, 23.203108, 0.0)
(32.648491, 23.188856, 0.0)
(32.610622, 23.125378, 0.0)
(32.583454, 23.098078, 0.0)
(32.575504, 23.100000, 0.0)
(32.528435, 23.202570, 0.0)
(32.516708, 23.375051, 0.0)
(32.518829, 23.380571, 0.0)
(32.512405, 23.386654, 0.0)
(32.516136, 23.341267, 0.0)
(32.496399, 23.332876, 0.0)
(32.496937, 23.326357, 0.0)
(32.481163, 23.331566, 0.0)
(32.481644, 23.319614, 0.0)
(32.468918, 23.329556, 0.0)
(32.464664, 23.333761, 0.0)
(32.465504, 23.311480, 0.0)
(33.070713, 22.818569, 0.0)
(35.510834, 21.131916, 0.0)
(36.897919, 20.440920, 0.0)
(36.958721, 20.312666, 0.0)
(36.948921, 20.253689, 0.0)
(36.969868, 20.215151, 0.0)
(36.947861, 20.134027, 0.0)
(36.899593, 20.149179, 0.0)
(36.891193, 20.181427, 0.0)
(36.894920, 20.206640, 0.0)
(36.873390, 20.197849, 0.0)
(36.873390, 20.197849, 0.0)
(36.884235, 20.204575, 0.0)
(36.884235, 20.204575, 0.0)
(36.873390, 20.197849, 0.0)
(36.876282, 20.208761, 0.0)
(36.863178, 20.230225, 0.0)
(36.832184, 20.311342, 0.0)
(38.719414, 21.750395, 0.0)
(40.675823, 25.322229, 0.0)
(40.684872, 26.682409, 0.0)
(40.625889, 26.834087, 0.0)
(40.601974, 26.799183, 0.0)
(40.561749, 26.793310, 0.0)
(40.539894, 26.782379, 0.0)
(40.635864, 26.398264, 0.0)
(40.633728, 26.309031, 0.0)
(40.623535, 26.341097, 0.0)
(40.577148, 26.339508, 0.0)
(40.552956, 26.323858, 0.0)
(40.567348, 26.331223, 0.0)
(40.561077, 26.320000, 0.0)
(40.595196, 26.311338, 0.0)
(40.592854, 26.288614, 0.0)
(40.635292, 26.284054, 0.0)
(40.614254, 26.341631, 0.0)
(40.589443, 26.331474, 0.0)
(40.588581, 26.373549, 0.0)
(40.565090, 26.402279, 0.0)
(40.556992, 26.424906, 0.0)
(40.556301, 26.418224, 0.0)
(40.550747, 26.378607, 0.0)
(40.552826, 26.372869, 0.0)
(40.552826, 26.372869, 0.0)
(40.560509, 26.403790, 0.0)
(40.538925, 26.444975, 0.0)
(40.531696, 26.481455, 0.0)
(40.519753, 26.496630, 0.0)
(40.530411, 26.523712, 0.0)
(40.502567, 26.531832, 0.0)
(40.483379, 26.507755, 0.0)
(40.502357, 26.531233, 0.0)
(40.526985, 26.546108, 0.0)
(40.518925, 26.527586, 0.0)
(40.527203, 26.520296, 0.0)
(40.535503, 26.539385, 0.0)
(39.430904, 23.910212, 0.0)
(38.395115, 21.509691, 0.0)
(38.272457, 20.650051, 0.0)
(38.320389, 20.545172, 0.0)
(38.308052, 20.559628, 0.0)
(38.317894, 20.522659, 0.0)
(38.328800, 20.465155, 0.0)
(38.324310, 20.407568, 0.0)
(38.116119, 20.333225, 0.0)
(38.108059, 20.271807, 0.0)
(38.089432, 20.256334, 0.0)
(38.089748, 20.255209, 0.0)
(38.084797, 20.246466, 0.0)
(38.077759, 20.218962, 0.0)
(38.092014, 20.137920, 0.0)
(38.106071, 20.133362, 0.0)
(38.130104, 20.107098, 0.0)
(38.140617, 20.062597, 0.0)
(38.129173, 20.069365, 0.0)
(38.123348, 20.071171, 0.0)
(38.140598, 20.065960, 0.0)
(38.142033, 20.053480, 0.0)
(38.139042, 20.058950, 0.0)
(38.139465, 20.060415, 0.0)
(38.151260, 20.041210, 0.0)
(38.147503, 20.034847, 0.0)
(38.147503, 20.034847, 0.0)
(38.151260, 20.041210, 0.0)
(38.140488, 20.046474, 0.0)
(38.140598, 20.065960, 0.0)
(38.132374, 20.079649, 0.0)
(38.147026, 20.102806, 0.0)
(38.157887, 20.115097, 0.0)
(38.167465, 20.125538, 0.0)
(38.160275, 20.113287, 0.0)
(38.140316, 20.126698, 0.0)
(38.134529, 20.128233, 0.0)
(41.270977, 21.298275, 0.0)
(44.431023, 22.855568, 0.0)
(44.592777, 22.934225, 0.0)
(44.582054, 22.882498, 0.0)
(44.593616, 22.855339, 0.0)
(44.611301, 22.834753, 0.0)
(44.721455, 22.941360, 0.0)
(44.733940, 22.887033, 0.0)
(44.723652, 22.880087, 0.0)
(44.725338, 22.920055, 0.0)
(44.719715, 22.887070, 0.0)
(44.716103, 22.900219, 0.0)
(44.731853, 22.911308, 0.0)
(44.724308, 22.928097, 0.0)
(44.703106, 22.908075, 0.0)
(44.715462, 22.932178, 0.0)
(44.709412, 22.927099, 0.0)
(44.703735, 22.940845, 0.0)
(44.675621, 22.938992, 0.0)
(44.663212, 22.959133, 0.0)
(44.669243, 22.981432, 0.0)
(44.634468, 22.975750, 0.0)
(44.639690, 22.971045, 0.0)
(44.681133, 23.006104, 0.0)
(44.647476, 23.028061, 0.0)
(44.617008, 23.002625, 0.0)
(44.662594, 23.043907, 0.0)
(44.680069, 23.034441, 0.0)
(44.648861, 23.058228, 0.0)
(44.644508, 23.070768, 0.0)
(44.656246, 23.090599, 0.0)
(44.630550, 23.102741, 0.0)
(44.620899, 23.090794, 0.0)
(44.621525, 23.108368, 0.0)
(44.634506, 23.083250, 0.0)
(44.615726, 23.069786, 0.0)
(44.615726, 23.069786, 0.0)
(44.126564, 23.427336, 0.0)
(43.614841, 24.114149, 0.0)
(43.549072, 24.182360, 0.0)
(43.569580, 24.201717, 0.0)
(43.548092, 24.147755, 0.0)
(43.537155, 24.122444, 0.0)
(43.535213, 24.081633, 0.0)
(43.546539, 24.110518, 0.0)
(43.537155, 24.122444, 0.0)
(43.543247, 24.134525, 0.0)
(43.576641, 24.121771, 0.0)
(43.601189, 24.145031, 0.0)
(43.594028, 24.092392, 0.0)
(43.606937, 24.090616, 0.0)
(43.601284, 24.083418, 0.0)
(43.598991, 24.074539, 0.0)
(43.598839, 24.082052, 0.0)
(43.604309, 24.072027, 0.0)
(43.604309, 24.072027, 0.0)
(43.604309, 24.072027, 0.0)
(43.617668, 24.068062, 0.0)
(43.625381, 24.065451, 0.0)
(43.639698, 24.083607, 0.0)
(43.640629, 24.054821, 0.0)
(43.639076, 24.069660, 0.0)
(43.649361, 24.070797, 0.0)
(43.621708, 24.045925, 0.0)
(43.629780, 24.038555, 0.0)
(43.634624, 24.063221, 0.0)
(43.624153, 24.030674, 0.0)
(43.619549, 24.038197, 0.0)
(43.631859, 24.023388, 0.0)
(43.624153, 24.030674, 0.0)
(43.612011, 24.060787, 0.0)
(43.604382, 24.045305, 0.0)
(43.611267, 24.053173, 0.0)
(43.605835, 24.084982, 0.0)
(43.603485, 24.104708, 0.0)
(43.603485, 24.104708, 0.0)
(42.820808, 24.000708, 0.0)
(38.381310, 23.426067, 0.0)
(35.412735, 25.040012, 0.0)
(33.499058, 27.291906, 0.0)
(32.615952, 28.576134, 0.0)
(32.645725, 28.790590, 0.0)
(32.604412, 28.781675, 0.0)
(32.564072, 28.775629, 0.0)
(32.540188, 28.769409, 0.0)
(32.508137, 28.773865, 0.0)
(32.919197, 28.463009, 0.0)
(33.024746, 28.430082, 0.0)
(32.972622, 28.447451, 0.0)
(32.978962, 28.418394, 0.0)
(32.970764, 28.421850, 0.0)
(32.978962, 28.418394, 0.0)
(32.985386, 28.424694, 0.0)
(32.983818, 28.440409, 0.0)
(33.004860, 28.447376, 0.0)
(32.998634, 28.486376, 0.0)
(32.984158, 28.497005, 0.0)
(32.959736, 28.496645, 0.0)
(32.999844, 28.515831, 0.0)
(32.983547, 28.520237, 0.0)
(32.960930, 28.522312, 0.0)
(33.010643, 28.516754, 0.0)
(33.023727, 28.520346, 0.0)
(33.009300, 28.530495, 0.0)
(33.008698, 28.524973, 0.0)
(33.011051, 28.518892, 0.0)
(33.009972, 28.536194, 0.0)
(33.002544, 28.544001, 0.0)
(33.003395, 28.539194, 0.0)
(32.999138, 28.551399, 0.0)
(33.010761, 28.546062, 0.0)
(33.014969, 28.543165, 0.0)
(33.022209, 28.542810, 0.0)
(33.048409, 28.553371, 0.0)
(33.054825, 28.544056, 0.0)
(33.066101, 28.883591, 0.0)
(33.333549, 29.541494, 0.0)
(33.353004, 29.596987, 0.0)
(33.303650, 29.563707, 0.0)
(33.309410, 29.538462, 0.0)
(33.298210, 29.531853, 0.0)
(33.294796, 29.531523, 0.0)
(33.269535, 29.607304, 0.0)
(33.268459, 29.616529, 0.0)
(33.263172, 29.623821, 0.0)
(33.270195, 29.655228, 0.0)
(33.270233, 29.679064, 0.0)
(33.271675, 29.689581, 0.0)
(33.270077, 29.670441, 0.0)
(33.251518, 29.604340, 0.0)
(33.257984, 29.632860, 0.0)
(33.254456, 29.617994, 0.0)
(33.248405, 29.635078, 0.0)
(33.225964, 29.401665, 0.0)
(33.215351, 29.385523, 0.0)
(33.213024, 29.389885, 0.0)
(33.192848, 29.387358, 0.0)
(33.170574, 29.371531, 0.0)
(33.178581, 29.385019, 0.0)
(33.116467, 29.363382, 0.0)
(33.116508, 29.367083, 0.0)
(33.127197, 29.355976, 0.0)
(33.143066, 29.372993, 0.0)
(33.126228, 29.388506, 0.0)
(33.118053, 29.390446, 0.0)
(33.111626, 29.392046, 0.0)
(33.135994, 29.393171, 0.0)
(33.105942, 29.383770, 0.0)
(33.100296, 29.391403, 0.0)
(33.119560, 29.392811, 0.0)
(33.093678, 29.420464, 0.0)
(34.134743, 29.311710, 0.0)
(38.448959, 28.436319, 0.0)
(38.603256, 28.414051, 0.0)
(38.590687, 28.385342, 0.0)
(38.631378, 28.366737, 0.0)
(38.641571, 28.351578, 0.0)
(38.654156, 28.322079, 0.0)
(38.656841, 28.339922, 0.0)
(38.651100, 28.301256, 0.0)
(38.629902, 28.311850, 0.0)
(38.632580, 28.310583, 0.0)
(38.634972, 28.341297, 0.0)
(38.631371, 28.326050, 0.0)
(38.634972, 28.341297, 0.0)
(38.633663, 28.346825, 0.0)
(38.634972, 28.341297, 0.0)
(38.645142, 28.346140, 0.0)
(38.651344, 28.350336, 0.0)
(38.662079, 28.341730, 0.0)
(38.639671, 28.354818, 0.0)
(38.644951, 28.342434, 0.0)
(38.674454, 28.366600, 0.0)
(38.643997, 28.382683, 0.0)
(38.638477, 28.375626, 0.0)
(38.644226, 28.401148, 0.0)
(38.662392, 28.403580, 0.0)
(38.651318, 28.398016, 0.0)
(38.648293, 28.398529, 0.0)
(38.674145, 28.411974, 0.0)
(38.685429, 28.420242, 0.0)
(38.639568, 28.453400, 0.0)
(38.627098, 28.495350, 0.0)
(38.615662, 28.553846, 0.0)
(38.610821, 28.582577, 0.0)
(38.585674, 28.578814, 0.0)
(38.607178, 28.581026, 0.0)
(38.627796, 28.577435, 0.0)
(38.626827, 28.581196, 0.0)
(38.812580, 28.512884, 0.0)
(42.094799, 25.899645, 0.0)
(43.423355, 24.293623, 0.0)
(43.573780, 23.825834, 0.0)
(43.575581, 23.709419, 0.0)
(43.574421, 23.702040, 0.0)
(43.578651, 23.700672, 0.0)
(43.552078, 23.638008, 0.0)
(43.625828, 23.580181, 0.0)
(43.676182, 23.547867, 0.0)
(43.650665, 23.498327, 0.0)
(43.497223, 23.300495, 0.0)
(43.516205, 23.263332, 0.0)
(43.552032, 23.226957, 0.0)
(43.546680, 23.222004, 0.0)
(43.568787, 23.233076, 0.0)
(43.564816, 23.264673, 0.0)
(43.552559, 23.285192, 0.0)
(43.525784, 23.305553, 0.0)
(43.536648, 23.318153, 0.0)
(43.540108, 23.326553, 0.0)
(43.525784, 23.318594, 0.0)
(43.536648, 23.318153, 0.0)
(43.533821, 23.292307, 0.0)
(43.548012, 23.283356, 0.0)
(43.559437, 23.188698, 0.0)
(43.565693, 23.145947, 0.0)
(43.545895, 23.118769, 0.0)
(43.534969, 23.118900, 0.0)
(43.521751, 23.168421, 0.0)
(43.520798, 23.197989, 0.0)
(43.521751, 23.182997, 0.0)
(43.527035, 23.148146, 0.0)
(43.540745, 23.099045, 0.0)
(43.568226, 23.103985, 0.0)
(43.586136, 23.063580, 0.0)
(43.594704, 23.032059, 0.0)
(43.592514, 23.037943, 0.0)
(44.836994, 24.153250, 0.0)
(44.909912, 24.309078, 0.0)
(44.905014, 24.310471, 0.0)
(44.901585, 24.301954, 0.0)
(45.082558, 24.503347, 0.0)
(45.098267, 24.551416, 0.0)
(45.121235, 24.541538, 0.0)
(45.123051, 24.533882, 0.0)
(45.092110, 24.533867, 0.0)
(45.075806, 24.535423, 0.0)
(44.948521, 24.615385, 0.0)
(44.688316, 24.814842, 0.0)
(45.110683, 28.427351, 0.0)
(44.915367, 24.935528, 0.0)
(44.911671, 24.396000, 0.0)
(44.904575, 24.494370, 0.0)
(44.954300, 24.538242, 0.0)
(44.973801, 24.550165, 0.0)
(44.966743, 24.558306, 0.0)
(44.987537, 24.586216, 0.0)
(44.985294, 24.609627, 0.0)
(44.978275, 24.573652, 0.0)
(44.964890, 24.584440, 0.0)
(44.964409, 24.575888, 0.0)
(44.964890, 24.568264, 0.0)
(44.970966, 24.601156, 0.0)
(44.992199, 24.621126, 0.0)
(44.992199, 24.621126, 0.0)
(44.992607, 24.629696, 0.0)
(44.996765, 24.636789, 0.0)
(44.992607, 24.629696, 0.0)
(45.001057, 24.633223, 0.0)
(44.979164, 24.651163, 0.0)
(44.971706, 24.639784, 0.0)
(44.978088, 24.622540, 0.0)
(44.995434, 24.635479, 0.0)
(44.975639, 24.679630, 0.0)
(44.747715, 25.549456, 0.0)
(44.786640, 27.544434, 0.0)
(44.370346, 30.147909, 0.0)
(44.120171, 30.503208, 0.0)
(44.073833, 30.420191, 0.0)
(44.052521, 30.460588, 0.0)
(43.716248, 30.250311, 0.0)
(43.587006, 30.251989, 0.0)
(43.586243, 30.269545, 0.0)
(43.570061, 30.274845, 0.0)
(43.543339, 30.302299, 0.0)
(43.543339, 30.302299, 0.0)
(43.542652, 30.288042, 0.0)
(43.547100, 30.311579, 0.0)
(43.546612, 30.290092, 0.0)
(43.548748, 30.333334, 0.0)
(43.537907, 30.337061, 0.0)
(43.524715, 30.293968, 0.0)
(43.533943, 30.337954, 0.0)
(43.549595, 30.363983, 0.0)
(43.540356, 30.280499, 0.0)
(43.539055, 30.273355, 0.0)
(43.526253, 30.181654, 0.0)
(43.547028, 30.119848, 0.0)
(43.536335, 30.125647, 0.0)
(43.533188, 30.110344, 0.0)
(43.526207, 30.144459, 0.0)
(43.512268, 30.143282, 0.0)
(43.512268, 30.143282, 0.0)
(43.536671, 30.149052, 0.0)
(43.527576, 30.123211, 0.0)
(43.525307, 30.130836, 0.0)
(43.508213, 30.140932, 0.0)
(43.504173, 30.141748, 0.0)
(41.579025, 29.783314, 0.0)
(39.949486, 29.709469, 0.0)
(39.780659, 29.723909, 0.0)
(39.749069, 29.702980, 0.0)
(39.751831, 29.699282, 0.0)
(39.757225, 29.672470, 0.0)
(39.747898, 29.681078, 0.0)
(39.732746, 29.633989, 0.0)
(42.465984, 30.229769, 0.0)
(45.277279, 30.662075, 0.0)
(45.493820, 30.690504, 0.0)
(45.437744, 30.636091, 0.0)
(45.421917, 30.644621, 0.0)
(45.416519, 30.632931, 0.0)
(45.399246, 30.649426, 0.0)
(45.404339, 30.668348, 0.0)
(45.411163, 30.660278, 0.0)
(45.505569, 30.564867, 0.0)
(45.552319, 30.496355, 0.0)
(45.542801, 30.507246, 0.0)
(45.550217, 30.541971, 0.0)
(45.536774, 30.549603, 0.0)
(45.540287, 30.538595, 0.0)
(45.542381, 30.545601, 0.0)
(45.540615, 30.568420, 0.0)
(45.556564, 30.554396, 0.0)
(45.595589, 30.593897, 0.0)
(45.599968, 30.627823, 0.0)
(45.631050, 30.631502, 0.0)
(45.618889, 30.638107, 0.0)
(45.643414, 30.608513, 0.0)
(45.630913, 30.621296, 0.0)
(45.614670, 30.347759, 0.0)
(45.609978, 30.162090, 0.0)
(45.592960, 30.226055, 0.0)
(45.581787, 30.259424, 0.0)
(45.585747, 30.281096, 0.0)
(45.581913, 30.276335, 0.0)
(45.578033, 30.296450, 0.0)
(45.605751, 30.318350, 0.0)
(45.637955, 30.359787, 0.0)
(45.585098, 30.306057, 0.0)
(44.252842, 28.153421, 0.0)
(40.665154, 24.980770, 0.0)
(36.285896, 24.117216, 0.0)
(32.962139, 24.608641, 0.0)
(31.169754, 25.077374, 0.0)
(31.033728, 25.059532, 0.0)
(30.992226, 25.082758, 0.0)
(30.484253, 25.125906, 0.0)
(29.657703, 25.027960, 0.0)
(29.568663, 25.007507, 0.0)
(29.578671, 25.014437, 0.0)
(29.555326, 25.037363, 0.0)
(29.536219, 25.018435, 0.0)
(29.546700, 25.029396, 0.0)
(29.526869, 25.034758, 0.0)
(29.506607, 25.014584, 0.0)
(29.501120, 25.034082, 0.0)
(29.502218, 25.021866, 0.0)
(29.513420, 25.019955, 0.0)
(29.514994, 25.011662, 0.0)
(29.541660, 25.009480, 0.0)
(29.529047, 24.993319, 0.0)
(29.539080, 25.010113, 0.0)
(29.551245, 25.013979, 0.0)
(29.526474, 25.030153, 0.0)
(29.501049, 25.028090, 0.0)
(29.492157, 24.998291, 0.0)
(29.510216, 25.002893, 0.0)
(29.523920, 24.981306, 0.0)
(29.513365, 24.980167, 0.0)
(29.535183, 24.967367, 0.0)
(29.551828, 25.003838, 0.0)
(29.548067, 25.014109, 0.0)
(29.548391, 25.014187, 0.0)
(29.549658, 25.030106, 0.0)
(29.520477, 25.046566, 0.0)
(29.883688, 24.874828, 0.0)
(32.528431, 23.315201, 0.0)
(32.671482, 23.224104, 0.0)
(32.654034, 23.167543, 0.0)
(32.650108, 23.149277, 0.0)
(32.649887, 23.140501, 0.0)
(32.630341, 23.136444, 0.0)
(32.622486, 23.129921, 0.0)
(32.620129, 23.143538, 0.0)
(32.601643, 23.137943, 0.0)
(32.478374, 23.065252, 0.0)
(32.447151, 23.004396, 0.0)
(32.463058, 22.996601, 0.0)
(32.460506, 22.986107, 0.0)
(32.466091, 22.996737, 0.0)
(32.460045, 22.989155, 0.0)
(32.465256, 22.987293, 0.0)
(32.444908, 22.988525, 0.0)
(32.444908, 22.988525, 0.0)
(32.445450, 23.007061, 0.0)
(32.441429, 23.003492, 0.0)
(32.425434, 23.009981, 0.0)
(32.422405, 23.015686, 0.0)
(32.424347, 22.997286, 0.0)
(32.422405, 23.015686, 0.0)
(32.427521, 23.017797, 0.0)
(32.442402, 23.017481, 0.0)
(32.449024, 23.054031, 0.0)
(32.453579, 23.037762, 0.0)
(32.460430, 23.058771, 0.0)
(32.455349, 23.056606, 0.0)
(32.462646, 23.039650, 0.0)
(32.453114, 23.037579, 0.0)
(32.461578, 23.030064, 0.0)
(32.465572, 23.042456, 0.0)
(32.494759, 23.033901, 0.0)
(32.493931, 23.034195, 0.0)
(32.520676, 23.054665, 0.0)
(32.515388, 23.086916, 0.0)
(31.187586, 24.057709, 0.0)
(31.091820, 24.160748, 0.0)
(31.081682, 24.180904, 0.0)
(30.846243, 24.355898, 0.0)
(30.690945, 24.481026, 0.0)
(30.696760, 24.470348, 0.0)
(30.686281, 24.479717, 0.0)
(30.673416, 24.490015, 0.0)
(30.675455, 24.496622, 0.0)
(30.674185, 24.506655, 0.0)
(30.676311, 24.525511, 0.0)
(30.674124, 24.531174, 0.0)
(30.673632, 24.555576, 0.0)
(30.636021, 24.561115, 0.0)
(30.627890, 24.560577, 0.0)
(30.627890, 24.560577, 0.0)
(30.631214, 24.570980, 0.0)
(30.628824, 24.566250, 0.0)
(30.628824, 24.566250, 0.0)
(30.828394, 24.505108, 0.0)
(30.846413, 24.519957, 0.0)
(30.808451, 24.526051, 0.0)
(30.817062, 24.531712, 0.0)
(30.809546, 24.557123, 0.0)
(30.791498, 24.571775, 0.0)
(30.789379, 24.566345, 0.0)
(30.796970, 24.561956, 0.0)
(30.798931, 24.570501, 0.0)
(30.803877, 24.561729, 0.0)
(30.806953, 24.584208, 0.0)
(30.811150, 24.600960, 0.0)
(30.806728, 24.624176, 0.0)
(30.811049, 24.625546, 0.0)
(30.815008, 24.628292, 0.0)
(30.787029, 24.620417, 0.0)
(30.785536, 24.591578, 0.0)
(30.800900, 24.598734, 0.0)
(31.360281, 24.648264, 0.0)
(36.054073, 25.449333, 0.0)
(36.728695, 25.813202, 0.0)
(36.832180, 25.805195, 0.0)
(36.803516, 25.809210, 0.0)
(36.719593, 25.816425, 0.0)
(36.718254, 25.800894, 0.0)
(36.728905, 25.786310, 0.0)
(36.740467, 25.759979, 0.0)
(36.577335, 25.627304, 0.0)
(36.547127, 25.658854, 0.0)
(36.551350, 25.641909, 0.0)
(36.580334, 25.623119, 0.0)
(36.618618, 25.617414, 0.0)
(36.623203, 25.612856, 0.0)
(36.634167, 25.610723, 0.0)
(36.641678, 25.633726, 0.0)
(36.624279, 25.589636, 0.0)
(36.610474, 25.577957, 0.0)
(36.624279, 25.560402, 0.0)
(36.625912, 25.534250, 0.0)
(36.612766, 25.528889, 0.0)
(36.606071, 25.524006, 0.0)
(36.560215, 25.436838, 0.0)
(36.549187, 25.418772, 0.0)
(36.542446, 25.415100, 0.0)
(36.550205, 25.424501, 0.0)
(36.541687, 25.416815, 0.0)
(36.533932, 25.407408, 0.0)
(36.522564, 25.408674, 0.0)
(36.542446, 25.415100, 0.0)
(36.528442, 25.401741, 0.0)
(36.524773, 25.417032, 0.0)
(36.528927, 25.409393, 0.0)
(36.514488, 25.470835, 0.0)
(36.528820, 25.476133, 0.0)
(36.529240, 25.456802, 0.0)
(36.527275, 25.467255, 0.0)
(36.524708, 25.485302, 0.0)
(39.716393, 26.363289, 0.0)
(41.694759, 26.968704, 0.0)
(42.059448, 27.725555, 0.0)
(42.051140, 27.962601, 0.0)
(42.091007, 27.920963, 0.0)
(42.162582, 27.929525, 0.0)
(42.170406, 27.939318, 0.0)
(42.159550, 27.968149, 0.0)
(42.151672, 27.982700, 0.0)
(42.162430, 27.967123, 0.0)
(42.160408, 27.973906, 0.0)
(42.155834, 27.972990, 0.0)
(42.149876, 27.979670, 0.0)
(42.162361, 27.958067, 0.0)
(42.175766, 27.912592, 0.0)
(42.165199, 27.917385, 0.0)
(42.160336, 27.904430, 0.0)
(42.166847, 27.915079, 0.0)
(42.160450, 27.963285, 0.0)
(42.158092, 27.984190, 0.0)
(42.149300, 28.005785, 0.0)
(42.124111, 28.054716, 0.0)
(42.103848, 28.008415, 0.0)
(42.145512, 27.923204, 0.0)
(42.170712, 27.931795, 0.0)
(42.149715, 27.913033, 0.0)
(42.143478, 27.934887, 0.0)
(42.158092, 27.984190, 0.0)
(42.145073, 28.054729, 0.0)
(42.119446, 28.044886, 0.0)
(42.125893, 28.056313, 0.0)
(42.130604, 28.057358, 0.0)
(42.119938, 28.064175, 0.0)
(42.118237, 28.069462, 0.0)
(42.130512, 28.064157, 0.0)
(42.132790, 28.061539, 0.0)
(42.132790, 28.061539, 0.0)
(42.132790, 28.061539, 0.0)
(40.349781, 27.112087, 0.0)
(36.174625, 26.743052, 0.0)
(32.470493, 25.513622, 0.0)
(30.351582, 25.119276, 0.0)
(30.191435, 24.811716, 0.0)
(30.153715, 24.792149, 0.0)
(30.122772, 24.809664, 0.0)
(29.559998, 24.616920, 0.0)
(29.487835, 24.494129, 0.0)
(29.498430, 24.481213, 0.0)
(29.487280, 24.458553, 0.0)
(29.471666, 24.438660, 0.0)
(29.472332, 24.389698, 0.0)
(29.476994, 24.361572, 0.0)
(29.476994, 24.361572, 0.0)
(29.471924, 24.351648, 0.0)
(29.475124, 24.293106, 0.0)
(29.486494, 24.298740, 0.0)
(29.486494, 24.298740, 0.0)
(29.482876, 24.304188, 0.0)
(29.486494, 24.298740, 0.0)
(29.501225, 24.306583, 0.0)
(29.481842, 24.188152, 0.0)
(29.481842, 24.188152, 0.0)
(29.473328, 24.175905, 0.0)
(29.473597, 24.139227, 0.0)
(29.460123, 24.151114, 0.0)
(29.477095, 24.129217, 0.0)
(29.462112, 24.156643, 0.0)
(29.475542, 24.144747, 0.0)
(29.467028, 24.153776, 0.0)
(29.485146, 24.156416, 0.0)
(29.493538, 24.147415, 0.0)
(29.501657, 24.139486, 0.0)
(29.511261, 24.141008, 0.0)
(29.511372, 24.170372, 0.0)
(29.511555, 24.176704, 0.0)
(30.046478, 25.170486, 0.0)
(30.954098, 27.491856, 0.0)
(31.098722, 27.818920, 0.0)
(31.066242, 27.863211, 0.0)
(31.004076, 27.895708, 0.0)
(30.946836, 27.935862, 0.0)
(31.148752, 27.936562, 0.0)
(31.303139, 27.983387, 0.0)
(31.278486, 27.984827, 0.0)
(31.233007, 27.989815, 0.0)
(31.237156, 27.962992, 0.0)
(31.239201, 27.972818, 0.0)
(31.231306, 27.962206, 0.0)
(31.246880, 27.967304, 0.0)
(31.251677, 27.982931, 0.0)
(31.244926, 28.004942, 0.0)
(31.226641, 27.999081, 0.0)
(31.226170, 27.986862, 0.0)
(31.201593, 28.039288, 0.0)
(31.168680, 28.075058, 0.0)
(31.158436, 28.076893, 0.0)
(31.170856, 28.078712, 0.0)
(31.172327, 28.061539, 0.0)
(31.168358, 28.069777, 0.0)
(31.167263, 28.069353, 0.0)
(31.173456, 28.083344, 0.0)
(31.173330, 28.112923, 0.0)
(31.193251, 28.176636, 0.0)
(33.160755, 27.482159, 0.0)
(34.353012, 27.201384, 0.0)
(34.431194, 27.178467, 0.0)
(34.461021, 27.177439, 0.0)
(34.510700, 27.182354, 0.0)
(34.491009, 27.174770, 0.0)
(34.515541, 27.185890, 0.0)
(34.547691, 27.175385, 0.0)
(34.569080, 27.179310, 0.0)
(36.313942, 26.739809, 0.0)
(36.495945, 26.687433, 0.0)
(36.521336, 26.705519, 0.0)
(36.525105, 26.702265, 0.0)
(36.516865, 26.688259, 0.0)
(36.521122, 26.678429, 0.0)
(36.541706, 26.675896, 0.0)
(36.538807, 26.631723, 0.0)
(36.534237, 26.648867, 0.0)
(36.555782, 26.648026, 0.0)
(36.547344, 26.658060, 0.0)
(36.579212, 26.625343, 0.0)
(36.610939, 26.543045, 0.0)
(36.603256, 26.506760, 0.0)
(36.605923, 26.508514, 0.0)
(36.607014, 26.491779, 0.0)
(36.607014, 26.491779, 0.0)
(36.598305, 26.441687, 0.0)
(36.621391, 26.488649, 0.0)
(36.610134, 26.498703, 0.0)
(36.594975, 26.492491, 0.0)
(36.594975, 26.492491, 0.0)
(36.594975, 26.492491, 0.0)
(36.586399, 26.490656, 0.0)
(36.590881, 26.489378, 0.0)
(36.594975, 26.492491, 0.0)
(36.588223, 26.527515, 0.0)
(36.587212, 26.533373, 0.0)
(36.585697, 26.539032, 0.0)
(36.589527, 26.550413, 0.0)
(36.596928, 26.552528, 0.0)
(36.596928, 26.552528, 0.0)
(36.597191, 26.557106, 0.0)
(36.583649, 26.547621, 0.0)
(36.583649, 26.547621, 0.0)
(36.592033, 26.553020, 0.0)
(36.596336, 26.551199, 0.0)
(36.592033, 26.553020, 0.0)
(39.740932, 27.584436, 0.0)
(42.179577, 28.928719, 0.0)
(42.241455, 29.020134, 0.0)
(42.222420, 28.983038, 0.0)
(42.247955, 28.969761, 0.0)
(42.250980, 28.975220, 0.0)
(42.258781, 28.958843, 0.0)
(42.265308, 28.944674, 0.0)
(42.276962, 28.947798, 0.0)
(42.268246, 28.940287, 0.0)
(42.247787, 28.923855, 0.0)
(42.247787, 28.923855, 0.0)
(42.265125, 28.918974, 0.0)
(42.245323, 28.943291, 0.0)
(42.247093, 28.913885, 0.0)
(42.247929, 28.925343, 0.0)
(42.225876, 28.917215, 0.0)
(42.223297, 28.914906, 0.0)
(42.237514, 28.936695, 0.0)
(42.237530, 28.956690, 0.0)
(42.230267, 28.960129, 0.0)
(42.222420, 28.983038, 0.0)
(42.235973, 28.975824, 0.0)
(42.222580, 29.017073, 0.0)
(42.191174, 29.045639, 0.0)
(42.221497, 29.053894, 0.0)
(42.203594, 29.066238, 0.0)
(42.178806, 29.081539, 0.0)
(42.187157, 29.119843, 0.0)
(42.186596, 29.144508, 0.0)
(42.186596, 29.144508, 0.0)
(42.173809, 29.144932, 0.0)
(42.186653, 29.172167, 0.0)
(42.177731, 29.159563, 0.0)
(42.175365, 29.134104, 0.0)
(42.175365, 29.147114, 0.0)
(42.176968, 29.196581, 0.0)
(42.148876, 29.173635, 0.0)
(41.730339, 28.653765, 0.0)
(38.764938, 25.794113, 0.0)
(36.765095, 23.274508, 0.0)
(36.189220, 21.888376, 0.0)
(36.249638, 21.754770, 0.0)
(36.283264, 21.740284, 0.0)
(36.239502, 21.640059, 0.0)
(36.203339, 21.581596, 0.0)
(36.219627, 21.542261, 0.0)
(36.219017, 21.529943, 0.0)
(36.210918, 21.512281, 0.0)
(36.223892, 21.494572, 0.0)
(36.209393, 21.506041, 0.0)
(36.234711, 21.519199, 0.0)
(36.223675, 21.537125, 0.0)
(36.199684, 21.504196, 0.0)
(36.298855, 21.462641, 0.0)
(36.336189, 21.415384, 0.0)
(36.354839, 21.420364, 0.0)
(36.346001, 21.387066, 0.0)
(36.309433, 21.401169, 0.0)
(36.309433, 21.401169, 0.0)
(36.282970, 21.418432, 0.0)
(36.265083, 21.428934, 0.0)
(36.260010, 21.432751, 0.0)
(36.254333, 21.421370, 0.0)
(36.240883, 21.414639, 0.0)
(36.249893, 21.397644, 0.0)
(36.265347, 21.407326, 0.0)
(36.235840, 21.426968, 0.0)
(36.197338, 21.464758, 0.0)
(36.203072, 21.490637, 0.0)
(36.212948, 21.509903, 0.0)
(36.209110, 21.516821, 0.0)
(36.217342, 21.529148, 0.0)
(36.205738, 21.517673, 0.0)
(36.185955, 21.518822, 0.0)
(37.218155, 21.706520, 0.0)
(41.608170, 22.476221, 0.0)
(44.438202, 23.847479, 0.0)
(45.080997, 24.882051, 0.0)
(45.147362, 24.952648, 0.0)
(45.186749, 24.876019, 0.0)
(45.602581, 25.466534, 0.0)
(45.692013, 25.615780, 0.0)
(45.750122, 25.686073, 0.0)
(45.754742, 25.676973, 0.0)
(45.727280, 25.647617, 0.0)
(45.727280, 25.647617, 0.0)
(45.730175, 25.641830, 0.0)
(45.729553, 25.660172, 0.0)
(45.691395, 25.634493, 0.0)
(45.734547, 25.715607, 0.0)
(45.750683, 25.708370, 0.0)
(45.721336, 25.642284, 0.0)
(45.717842, 25.646671, 0.0)
(45.688988, 25.663790, 0.0)
(45.686165, 25.687321, 0.0)
(45.681072, 25.691837, 0.0)
(45.675491, 25.701754, 0.0)
(45.635250, 25.680332, 0.0)
(45.608822, 25.638712, 0.0)
(45.626759, 25.655439, 0.0)
(45.635250, 25.680332, 0.0)
(45.652203, 25.693420, 0.0)
(45.661518, 25.693987, 0.0)
(45.670589, 25.699350, 0.0)
(45.655090, 25.702749, 0.0)
(45.640648, 25.700531, 0.0)
(45.652203, 25.693420, 0.0)
(45.640648, 25.700531, 0.0)
(45.640648, 25.700531, 0.0)
(45.639824, 25.699196, 0.0)
(45.638462, 25.687651, 0.0)
(45.643002, 25.694334, 0.0)
(45.221825, 24.951721, 0.0)
(44.702557, 23.280844, 0.0)
(44.692101, 23.178667, 0.0)
(44.731350, 23.157459, 0.0)
(44.751171, 23.145920, 0.0)
(44.562466, 22.908884, 0.0)
(44.454304, 22.701872, 0.0)
(44.456394, 22.697887, 0.0)
(44.454304, 22.701872, 0.0)
(44.411301, 22.722427, 0.0)
(44.431625, 22.764446, 0.0)
(44.462173, 22.731812, 0.0)
(44.472435, 22.712284, 0.0)
(44.517796, 22.672562, 0.0)
(44.548267, 22.651814, 0.0)
(44.526329, 22.614174, 0.0)
(44.533104, 22.609282, 0.0)
(44.545033, 22.597128, 0.0)
(44.545116, 22.585659, 0.0)
(44.548660, 22.575371, 0.0)
(44.520687, 22.575211, 0.0)
(44.516655, 22.590961, 0.0)
(44.541862, 22.577230, 0.0)
(44.570637, 22.600204, 0.0)
(44.556469, 22.588755, 0.0)
(44.506329, 22.547476, 0.0)
(44.506329, 22.547476, 0.0)
(44.506828, 22.556841, 0.0)
(44.490376, 22.543411, 0.0)
(44.480766, 22.563395, 0.0)
(44.495651, 22.589270, 0.0)
(44.504818, 22.600000, 0.0)
(44.474449, 22.575262, 0.0)
(44.477005, 22.584862, 0.0)
(44.456459, 22.608437, 0.0)
(43.395851, 23.060272, 0.0)
(43.112579, 23.520147, 0.0)
(43.057819, 23.554699, 0.0)
(43.037834, 23.522377, 0.0)
(43.032497, 23.548717, 0.0)
(40.492245, 23.470484, 0.0)
(36.405064, 24.104338, 0.0)
(33.693623, 26.595655, 0.0)
(32.674770, 28.769392, 0.0)
(32.583420, 29.102619, 0.0)
(32.503349, 29.078915, 0.0)
(32.445969, 29.103514, 0.0)
(32.426933, 29.124723, 0.0)
(32.885548, 29.161318, 0.0)
(39.215157, 29.207413, 0.0)
(43.490906, 30.223061, 0.0)
(45.090855, 31.025620, 0.0)
(45.209949, 31.117298, 0.0)
(45.210503, 31.102587, 0.0)
(45.163639, 31.154799, 0.0)
(45.478199, 31.549461, 0.0)
(45.435776, 31.580122, 0.0)
(45.420181, 31.580889, 0.0)
(45.412441, 31.586309, 0.0)
(45.402885, 31.573153, 0.0)
(45.377388, 31.576462, 0.0)
(45.439381, 31.716869, 0.0)
(45.406784, 31.783278, 0.0)
(45.380512, 31.750643, 0.0)
(45.381031, 31.744865, 0.0)
(45.379311, 31.765442, 0.0)
(45.352127, 31.748024, 0.0)
(45.355717, 31.767759, 0.0)
(45.366764, 31.753845, 0.0)
(45.353554, 31.756510, 0.0)
(45.329506, 31.738428, 0.0)
(45.345863, 31.714567, 0.0)
(45.350121, 31.707333, 0.0)
(45.331413, 31.704193, 0.0)
(45.320717, 31.715036, 0.0)
(45.333302, 31.716057, 0.0)
(45.300816, 31.730024, 0.0)
(42.355461, 28.496071, 0.0)
(38.542244, 26.701788, 0.0)
(34.339668, 23.853460, 0.0)
(34.204700, 23.357794, 0.0)
(34.233273, 23.248472, 0.0)
(34.181503, 23.294601, 0.0)
(34.169903, 23.287428, 0.0)
(34.326595, 23.515347, 0.0)
(34.361675, 23.692934, 0.0)
(34.357204, 23.697636, 0.0)
(34.348007, 23.654314, 0.0)
(34.380199, 23.638571, 0.0)
(34.385731, 23.635622, 0.0)
(34.383923, 23.635286, 0.0)
(34.386509, 23.630770, 0.0)
(34.393021, 23.645744, 0.0)
(34.399246, 23.661301, 0.0)
(34.377007, 23.639957, 0.0)
(34.391651, 23.644089, 0.0)
(34.383698, 23.637234, 0.0)
(34.390396, 23.627281, 0.0)
(34.390396, 23.627281, 0.0)
(34.381130, 23.632257, 0.0)
(34.381130, 23.632257, 0.0)
(34.352577, 23.661663, 0.0)
(34.315468, 23.671139, 0.0)
(34.347458, 23.697153, 0.0)
(34.373138, 23.701235, 0.0)
(34.385098, 23.692661, 0.0)
(34.386337, 23.696285, 0.0)
(34.348888, 23.704012, 0.0)
(34.345058, 23.703548, 0.0)
(34.364937, 23.701492, 0.0)
(34.336697, 23.721628, 0.0)
(34.329803, 23.723423, 0.0)
(34.344112, 23.725937, 0.0)
(35.128723, 24.300728, 0.0)
(37.054184, 25.507956, 0.0)
(37.956974, 28.781181, 0.0)
(38.397266, 30.452906, 0.0)
(38.358765, 30.676413, 0.0)
(38.313908, 30.624701, 0.0)
(38.296326, 30.652140, 0.0)
(38.253307, 30.692377, 0.0)
(38.600155, 30.961378, 0.0)
(38.638439, 31.065575, 0.0)
(38.652313, 31.038599, 0.0)
(38.657040, 31.043465, 0.0)
(38.660034, 31.010017, 0.0)
(38.667027, 31.008587, 0.0)
(38.643810, 31.014677, 0.0)
(38.615295, 31.045317, 0.0)
(38.622177, 31.041609, 0.0)
(38.625378, 31.038429, 0.0)
(38.629261, 31.015732, 0.0)
(38.631176, 31.003744, 0.0)
(38.620670, 30.996105, 0.0)
(38.624134, 31.005772, 0.0)
(38.631176, 31.003744, 0.0)
(38.620575, 31.007843, 0.0)
(38.627617, 31.005812, 0.0)
(38.602688, 31.013998, 0.0)
(38.573689, 31.018526, 0.0)
(38.548397, 31.030725, 0.0)
(38.575748, 31.009743, 0.0)
(38.587292, 31.015385, 0.0)
(38.590908, 31.025175, 0.0)
(38.590153, 31.039408, 0.0)
(38.604588, 31.045506, 0.0)
(38.558067, 31.064272, 0.0)
(38.561417, 31.076838, 0.0)
(38.550846, 31.100960, 0.0)
(38.539211, 31.116762, 0.0)
(38.520420, 31.131912, 0.0)
(38.933861, 30.708372, 0.0)
(41.923183, 28.771252, 0.0)
(44.537045, 27.798338, 0.0)
(45.198105, 25.704165, 0.0)
(45.012150, 24.740345, 0.0)
(45.057037, 24.779701, 0.0)
(45.120682, 24.741400, 0.0)
(45.130470, 24.676758, 0.0)
(45.429989, 24.548054, 0.0)
(45.452747, 24.504171, 0.0)
(45.424435, 24.494974, 0.0)
(45.440071, 24.455927, 0.0)
(45.459225, 24.447515, 0.0)
(45.471550, 24.434654, 0.0)
(45.495491, 24.459488, 0.0)
(45.485905, 24.411093, 0.0)
(45.497108, 24.407692, 0.0)
(45.496376, 24.370098, 0.0)
(45.510159, 24.371868, 0.0)
(45.572769, 24.381994, 0.0)
(45.557335, 24.370159, 0.0)
(45.516247, 24.283920, 0.0)
(45.569149, 24.257175, 0.0)
(45.572254, 24.242424, 0.0)
(45.569778, 24.314732, 0.0)
(45.561558, 24.331573, 0.0)
(45.565918, 24.333675, 0.0)
(45.565918, 24.333675, 0.0)
(45.536766, 24.299803, 0.0)
(45.522255, 24.242155, 0.0)
(45.517120, 24.248735, 0.0)
(45.504799, 24.213587, 0.0)
(45.506058, 24.241940, 0.0)
(45.496468, 24.281197, 0.0)
(45.473320, 24.276295, 0.0)
(45.466145, 24.284693, 0.0)
(45.464901, 24.332764, 0.0)
(45.446468, 25.994368, 0.0)
(45.245724, 28.639118, 0.0)
(45.114746, 28.900827, 0.0)
(45.119404, 28.902517, 0.0)
(45.077499, 28.876606, 0.0)
(45.023270, 28.867765, 0.0)
(45.029758, 28.877493, 0.0)
(45.027248, 28.906630, 0.0)
(44.983433, 28.901190, 0.0)
(44.933014, 29.103128, 0.0)
(44.920544, 29.144062, 0.0)
(44.913059, 29.149040, 0.0)
(44.916458, 29.144394, 0.0)
(44.924015, 29.117203, 0.0)
(44.924698, 29.139637, 0.0)
(44.911404, 29.158602, 0.0)
(44.914230, 29.111530, 0.0)
(44.921368, 29.106693, 0.0)
(44.920750, 29.085262, 0.0)
(44.920750, 29.085262, 0.0)
(44.929832, 29.063820, 0.0)
(44.956020, 29.062801, 0.0)
(44.957001, 29.044353, 0.0)
(44.955303, 29.044327, 0.0)
(44.953014, 29.056511, 0.0)
(44.929527, 29.046768, 0.0)
(44.907429, 29.072224, 0.0)
(44.907982, 29.064299, 0.0)
(44.912163, 29.078733, 0.0)
(44.894932, 29.075113, 0.0)
(44.902203, 29.074747, 0.0)
(44.908474, 29.063471, 0.0)
(44.916386, 29.032141, 0.0)
(44.892258, 29.077759, 0.0)
(44.887840, 29.063736, 0.0)
(44.888000, 29.079664, 0.0)
(44.880920, 29.077896, 0.0)
(44.880306, 29.069569, 0.0)
(43.783104, 28.980980, 0.0)
(39.819504, 28.150648, 0.0)
(37.795341, 29.778315, 0.0)
(36.834618, 30.757265, 0.0)
(36.767502, 30.835470, 0.0)
(36.725899, 30.819998, 0.0)
(36.706734, 30.820496, 0.0)
(36.702778, 30.860165, 0.0)
(36.665451, 30.842150, 0.0)
(36.614922, 30.852251, 0.0)
(36.604710, 30.852232, 0.0)
(36.617561, 30.831379, 0.0)
(36.604855, 30.821722, 0.0)
(36.588581, 30.854031, 0.0)
(36.608913, 30.889994, 0.0)
(36.636303, 30.899929, 0.0)
(36.612133, 30.884979, 0.0)
(36.597092, 30.894918, 0.0)
(36.603756, 30.895300, 0.0)
(36.589630, 30.890820, 0.0)
(36.586613, 30.886925, 0.0)
(36.599411, 30.858843, 0.0)
(36.624279, 30.870302, 0.0)
(36.596252, 30.868811, 0.0)
(36.595173, 30.889887, 0.0)
(36.590797, 30.908087, 0.0)
(36.569481, 30.921736, 0.0)
(36.583893, 30.918427, 0.0)
(36.566246, 30.933704, 0.0)
(36.411110, 30.905817, 0.0)
(34.639915, 30.576797, 0.0)
(34.040073, 30.388296, 0.0)
(33.915028, 30.388313, 0.0)
(33.893948, 30.412327, 0.0)
(33.881508, 30.436611, 0.0)
(33.875782, 30.455513, 0.0)
(33.854630, 30.465265, 0.0)
(33.855911, 30.454182, 0.0)
(33.864967, 30.462162, 0.0)
(34.385098, 29.481224, 0.0)
(37.734707, 24.432276, 0.0)
(40.373074, 22.782961, 0.0)
(40.437901, 22.669075, 0.0)
(40.385231, 22.629074, 0.0)
(40.344883, 22.612427, 0.0)
(40.161705, 22.276146, 0.0)
(39.887020, 21.523933, 0.0)
(39.865417, 21.445740, 0.0)
(39.862774, 21.408531, 0.0)
(39.862396, 21.326746, 0.0)
(39.889179, 21.311029, 0.0)
(39.924809, 21.297857, 0.0)
(39.933147, 21.271572, 0.0)
(39.937405, 21.265789, 0.0)
(39.941669, 21.227272, 0.0)
(39.965149, 21.226257, 0.0)
(39.961628, 21.217863, 0.0)
(40.003891, 21.212173, 0.0)
(40.000732, 21.233309, 0.0)
(39.992920, 21.205313, 0.0)
(39.983376, 21.193363, 0.0)
(40.015007, 21.193684, 0.0)
(40.007942, 21.176689, 0.0)
(40.007942, 21.176689, 0.0)
(40.004547, 21.161720, 0.0)
(40.009121, 21.168394, 0.0)
(40.012070, 21.175905, 0.0)
(40.007603, 21.148155, 0.0)
(40.012070, 21.175905, 0.0)
(39.972958, 21.167528, 0.0)
(40.001106, 21.148228, 0.0)
(40.001106, 21.148228, 0.0)
(40.001106, 21.148228, 0.0)
(40.013145, 21.133007, 0.0)
(40.014595, 21.157782, 0.0)
(38.868912, 21.382139, 0.0)
(35.145706, 22.027586, 0.0)
(33.070652, 24.571314, 0.0)
(32.412163, 26.988094, 0.0)
(33.000854, 28.170702, 0.0)
(32.960812, 28.334274, 0.0)
(32.902771, 28.322912, 0.0)
(32.852577, 28.327343, 0.0)
(32.793167, 28.337069, 0.0)
(32.767426, 28.377031, 0.0)
(32.760971, 28.387938, 0.0)
(32.752312, 28.429310, 0.0)
(32.748642, 28.432955, 0.0)
(32.929932, 28.310589, 0.0)
(32.957478, 28.273823, 0.0)
(32.883438, 28.264721, 0.0)
(32.914265, 28.287962, 0.0)
(32.913551, 28.299488, 0.0)
(32.915485, 28.295223, 0.0)
(32.909641, 28.286068, 0.0)
(32.934502, 28.278355, 0.0)
(32.953152, 28.290241, 0.0)
(32.936836, 28.295502, 0.0)
(32.933647, 28.278210, 0.0)
(32.964287, 28.268097, 0.0)
(32.968861, 28.280077, 0.0)
(32.940567, 28.268726, 0.0)
(32.959229, 28.284586, 0.0)
(32.962406, 28.310469, 0.0)
(32.942326, 28.298576, 0.0)
(32.928261, 28.313131, 0.0)
(32.947254, 28.306337, 0.0)
(32.955853, 28.275316, 0.0)
(32.961388, 28.285355, 0.0)
(32.940029, 28.266453, 0.0)
(32.933880, 28.253658, 0.0)
(32.948376, 28.287392, 0.0)
(32.956474, 28.290861, 0.0)
(34.079773, 27.988876, 0.0)
(39.243706, 26.347284, 0.0)
(42.554234, 26.687086, 0.0)
(43.454811, 26.448311, 0.0)
(43.526733, 26.342442, 0.0)
(43.592377, 26.309402, 0.0)
(43.620884, 26.227943, 0.0)
(43.651917, 26.144335, 0.0)
(43.748898, 25.856482, 0.0)
(43.727436, 25.557396, 0.0)
(43.743462, 25.548426, 0.0)
(43.727257, 25.533085, 0.0)
(43.718304, 25.538010, 0.0)
(43.699654, 25.616081, 0.0)
(43.691399, 25.644585, 0.0)
(43.657570, 25.651310, 0.0)
(43.651691, 25.629696, 0.0)
(43.671474, 25.593237, 0.0)
(43.682713, 25.583452, 0.0)
(43.692703, 25.561428, 0.0)
(43.692287, 25.569056, 0.0)
(43.707020, 25.568077, 0.0)
(43.719662, 25.590725, 0.0)
(43.730251, 25.660072, 0.0)
(43.715015, 25.625265, 0.0)
(43.758877, 25.625641, 0.0)
(43.761078, 25.597803, 0.0)
(43.770180, 25.572567, 0.0)
(43.772408, 25.557739, 0.0)
(43.776863, 25.533272, 0.0)
(43.780518, 25.517462, 0.0)
(43.754421, 25.540281, 0.0)
(43.729889, 25.546425, 0.0)
(43.719856, 25.582827, 0.0)
(43.690388, 25.580902, 0.0)
(43.688061, 25.595078, 0.0)
(43.694576, 25.645327, 0.0)
(43.578247, 25.591633, 0.0)
(40.647732, 23.197182, 0.0)
(40.273388, 22.961231, 0.0)
(40.251987, 22.962732, 0.0)
(40.222668, 22.886957, 0.0)
(40.252518, 22.922993, 0.0)
(40.259556, 22.935980, 0.0)
(40.255264, 22.977438, 0.0)
(40.241489, 22.951677, 0.0)
(40.259163, 22.949112, 0.0)
(40.245846, 22.968102, 0.0)
(40.272820, 22.950848, 0.0)
(40.282055, 22.937653, 0.0)
(40.298748, 22.938507, 0.0)
(40.324249, 23.000410, 0.0)
(40.309170, 23.002371, 0.0)
(40.323135, 23.048883, 0.0)
(40.304169, 23.082657, 0.0)
(40.317863, 23.072458, 0.0)
(40.382771, 23.097172, 0.0)
(40.384365, 23.077517, 0.0)
(40.369640, 22.985620, 0.0)
(40.379375, 22.919476, 0.0)
(40.385151, 22.917913, 0.0)
(40.367294, 22.918001, 0.0)
(40.367294, 22.918001, 0.0)
(40.382011, 22.934029, 0.0)
(40.380516, 22.958677, 0.0)
(40.351318, 22.943590, 0.0)
(40.386414, 22.957218, 0.0)
(40.380516, 22.958677, 0.0)
(40.363964, 22.931660, 0.0)
(40.367294, 22.918001, 0.0)
(40.375320, 22.890673, 0.0)
(40.385357, 22.880241, 0.0)
(40.387321, 22.944048, 0.0)
(40.377045, 22.961756, 0.0)
(40.265724, 23.020161, 0.0)
(36.740772, 23.749704, 0.0)
(34.584145, 25.011938, 0.0)
(34.794739, 26.259956, 0.0)
(34.824043, 26.463058, 0.0)
(34.798012, 26.477140, 0.0)
(34.737354, 26.502563, 0.0)
(34.704342, 26.537889, 0.0)
(34.697525, 26.578001, 0.0)
(34.659660, 26.575291, 0.0)
(34.652637, 26.552347, 0.0)
(34.694424, 26.887920, 0.0)
(34.704823, 26.951828, 0.0)
(34.719475, 26.931187, 0.0)
(34.712021, 26.924627, 0.0)
(34.709568, 26.863045, 0.0)
(34.709568, 26.863045, 0.0)
(34.706081, 26.892521, 0.0)
(34.704407, 26.903767, 0.0)
(34.690109, 26.913248, 0.0)
(34.679504, 26.917824, 0.0)
(34.695843, 26.904446, 0.0)
(34.704407, 26.903767, 0.0)
(34.679180, 26.907103, 0.0)
(34.667564, 26.873314, 0.0)
(34.676987, 26.877552, 0.0)
(34.674713, 26.866495, 0.0)
(34.673523, 26.881138, 0.0)
(34.666695, 26.878326, 0.0)
(34.680267, 26.881229, 0.0)
(34.681576, 26.910578, 0.0)
(34.675144, 26.866814, 0.0)
(34.678421, 26.867516, 0.0)
(34.679256, 26.861704, 0.0)
(34.684113, 26.861877, 0.0)
(34.684113, 26.861877, 0.0)
(34.688774, 26.893335, 0.0)
(34.684303, 26.883095, 0.0)
(36.462852, 26.598240, 0.0)
(40.489059, 26.124037, 0.0)
(40.598503, 26.150450, 0.0)
(40.595669, 26.113407, 0.0)
(40.579876, 26.091763, 0.0)
(40.605522, 26.080139, 0.0)
(40.603241, 26.085655, 0.0)
(40.597046, 26.075897, 0.0)
(40.628407, 26.065384, 0.0)
(40.631016, 26.056986, 0.0)
(40.612717, 26.046703, 0.0)
(40.610882, 26.039993, 0.0)
(40.620155, 26.056190, 0.0)
(40.623077, 26.059525, 0.0)
(40.590500, 26.053740, 0.0)
(40.575813, 26.013330, 0.0)
(40.598728, 26.016523, 0.0)
(40.601379, 26.048800, 0.0)
(40.586197, 26.033182, 0.0)
(40.610180, 26.036472, 0.0)
(40.610062, 26.061310, 0.0)
(40.591999, 26.075247, 0.0)
(40.598381, 26.098461, 0.0)
(40.607567, 26.108149, 0.0)
(40.612743, 26.110453, 0.0)
(40.624668, 26.128664, 0.0)
(40.595169, 26.138351, 0.0)
(40.626221, 26.160173, 0.0)
(40.605213, 26.141197, 0.0)
(40.596874, 26.123646, 0.0)
(40.612186, 26.153282, 0.0)
(40.599709, 26.160042, 0.0)
(40.561172, 26.174538, 0.0)
(40.561172, 26.174538, 0.0)
(40.576546, 26.206932, 0.0)
(40.559296, 26.220825, 0.0)
(40.558834, 26.197132, 0.0)
(40.570587, 26.172642, 0.0)
(41.432346, 26.112167, 0.0)
(44.272015, 24.989443, 0.0)
(44.616676, 24.640068, 0.0)
(44.676651, 24.556227, 0.0)
(44.663288, 24.525312, 0.0)
(44.656414, 24.491611, 0.0)
(44.663486, 24.447584, 0.0)
(44.808304, 24.562279, 0.0)
(44.812553, 24.475458, 0.0)
(44.815063, 24.465776, 0.0)
(44.823544, 24.460234, 0.0)
(44.827076, 24.415199, 0.0)
(44.804737, 24.417261, 0.0)
(44.838573, 24.402252, 0.0)
(44.852932, 24.423763, 0.0)
(44.804993, 24.411514, 0.0)
(44.805996, 24.420418, 0.0)
(44.850323, 24.431152, 0.0)
(44.804993, 24.411514, 0.0)
(44.821301, 24.399813, 0.0)
(44.835411, 24.428699, 0.0)
(44.804993, 24.411514, 0.0)
(44.804047, 24.414869, 0.0)
(44.800789, 24.419512, 0.0)
(44.800789, 24.419512, 0.0)
(44.805737, 24.426092, 0.0)
(44.794762, 24.438925, 0.0)
(44.806496, 24.468132, 0.0)
(44.807732, 24.461079, 0.0)
(44.806496, 24.468132, 0.0)
(44.800220, 24.476286, 0.0)
(44.796837, 24.467983, 0.0)
(44.774868, 24.477596, 0.0)
(44.762466, 24.472271, 0.0)
(44.762466, 24.472271, 0.0)
(44.770489, 24.487328, 0.0)
(44.770489, 24.487328, 0.0)
(44.770489, 24.487328, 0.0)
(44.316292, 24.355518, 0.0)
(40.109676, 23.160973, 0.0)
(36.684994, 24.530001, 0.0)
(34.046673, 27.144346, 0.0)
(32.012184, 29.134304, 0.0)
(32.003872, 29.464573, 0.0)
(31.965782, 29.446100, 0.0)
(31.890541, 29.419395, 0.0)
(31.881973, 29.417284, 0.0)
(31.868822, 29.401152, 0.0)
(31.181728, 30.504934, 0.0)
(31.170786, 30.780993, 0.0)
(31.179680, 30.790056, 0.0)
(31.156557, 30.798288, 0.0)
(31.148077, 30.808466, 0.0)
(31.126339, 30.793968, 0.0)
(31.088634, 30.835457, 0.0)
(31.066832, 30.875910, 0.0)
(31.072784, 30.859526, 0.0)
(31.076614, 30.869022, 0.0)
(31.250397, 30.595982, 0.0)
(31.486420, 29.955870, 0.0)
(31.493580, 29.905180, 0.0)
(31.496775, 29.915228, 0.0)
(31.484392, 29.906155, 0.0)
(31.455881, 29.900316, 0.0)
(31.460428, 29.948717, 0.0)
(31.435230, 29.944731, 0.0)
(31.421455, 29.973307, 0.0)
(31.427927, 29.941364, 0.0)
(31.435167, 29.945742, 0.0)
(31.438438, 29.936924, 0.0)
(31.439026, 29.931309, 0.0)
(31.442501, 29.947443, 0.0)
(31.455917, 29.950361, 0.0)
(31.451017, 29.967634, 0.0)
(31.452971, 29.977568, 0.0)
(34.934258, 29.010107, 0.0)
(39.757717, 28.307304, 0.0)
(40.035263, 28.240850, 0.0)
(40.074562, 28.139715, 0.0)
(40.086353, 28.057913, 0.0)
(40.076668, 28.050259, 0.0)
(40.370094, 28.235390, 0.0)
(40.406113, 28.278040, 0.0)
(40.382889, 28.258051, 0.0)
(40.385460, 28.263311, 0.0)
(40.384632, 28.240259, 0.0)
(40.372818, 28.214195, 0.0)
(40.374542, 28.203087, 0.0)
(40.382725, 28.193857, 0.0)
(40.384090, 28.191978, 0.0)
(40.378048, 28.182924, 0.0)
(40.386749, 28.185686, 0.0)
(40.384926, 28.179897, 0.0)
(40.398590, 28.163351, 0.0)
(40.398205, 28.173622, 0.0)
(40.398590, 28.163351, 0.0)
(40.396458, 28.167831, 0.0)
(40.388603, 28.171659, 0.0)
(40.388603, 28.171659, 0.0)
(40.388603, 28.171659, 0.0)
(40.384602, 28.172760, 0.0)
(40.384602, 28.172760, 0.0)
(40.398590, 28.163351, 0.0)
(40.398590, 28.163351, 0.0)
(40.392460, 28.168936, 0.0)
(40.398903, 28.175673, 0.0)
(40.393982, 28.182703, 0.0)
(40.367802, 28.186092, 0.0)
(40.377178, 28.201778, 0.0)
(40.385670, 28.213146, 0.0)
(40.385670, 28.213146, 0.0)
(40.374630, 28.211643, 0.0)
(40.373775, 28.217312, 0.0)
(40.435177, 28.250982, 0.0)
(42.764706, 29.701357, 0.0)
(42.880875, 30.673857, 0.0)
(42.911652, 31.532177, 0.0)
(42.940525, 31.649551, 0.0)
(42.977474, 31.629456, 0.0)
(42.981529, 31.640785, 0.0)
(42.993229, 31.605715, 0.0)
(42.996017, 31.610292, 0.0)
(42.996017, 31.610292, 0.0)
(42.990585, 31.677803, 0.0)
(43.077751, 31.801403, 0.0)
(43.036831, 31.804668, 0.0)
(43.026623, 31.815384, 0.0)
(42.995033, 31.850487, 0.0)
(42.987411, 31.894934, 0.0)
(42.977001, 31.922970, 0.0)
(42.988522, 31.906826, 0.0)
(43.002502, 31.913584, 0.0)
(43.003807, 31.900137, 0.0)
(43.036610, 31.879837, 0.0)
(43.043346, 31.875353, 0.0)
(43.035107, 31.943195, 0.0)
(43.035225, 31.969116, 0.0)
(43.008366, 31.949577, 0.0)
(43.004749, 31.904833, 0.0)
(43.027573, 31.873041, 0.0)
(43.036961, 31.949362, 0.0)
(43.029381, 31.909729, 0.0)
(43.022869, 31.926857, 0.0)
(43.034470, 31.946880, 0.0)
(43.047787, 31.963533, 0.0)
(43.037689, 31.965452, 0.0)
(43.041798, 31.406532, 0.0)
(43.040798, 30.794085, 0.0)
(43.015778, 30.701277, 0.0)
(43.002762, 30.732378, 0.0)
(43.005955, 30.751482, 0.0)
(43.007519, 30.770618, 0.0)
(43.004208, 30.814367, 0.0)
(42.990452, 30.843031, 0.0)
(42.982098, 30.864471, 0.0)
(42.970444, 30.906933, 0.0)
(42.963463, 30.948170, 0.0)
(42.954922, 30.987686, 0.0)
(43.014675, 31.572470, 0.0)
(43.019085, 31.637247, 0.0)
(43.016735, 31.637201, 0.0)
(42.975380, 31.676790, 0.0)
(42.971992, 31.676580, 0.0)
(43.002254, 31.883659, 0.0)
