{
  "prompt": "black pupil.",
  "gsam2_centers": [
    {
      "valid": true,
      "cx": 136.3,
      "cy": 137.39,
      "area": 673,
      "det_score": 0.5695,
      "sam_score": 0.9623,
      "box": [
        123.5,
        119.1,
        149.4,
        156.3
      ],
      "repeats": [
        [
          136.20999999999998,
          137.29000000000002
        ],
        [
          136.32999999999998,
          137.44
        ],
        [
          136.31,
          137.39
        ],
        [
          136.35,
          137.29000000000002
        ],
        [
          137.42,
          137.51
        ]
      ],
      "idx": 705,
      "mislabel": false,
      "mislabel_reason": "ok",
      "e_unet": 0.64
    },
    {
      "valid": true,
      "cx": 135.98000000000002,
      "cy": 137.43,
      "area": 663,
      "det_score": 0.5517,
      "sam_score": 0.9611,
      "box": [
        123.2,
        119.3,
        148.9,
        156.4
      ],
      "repeats": [
        [
          135.94,
          137.42000000000002
        ],
        [
          135.97,
          137.57999999999998
        ],
        [
          136.01999999999998,
          137.47
        ],
        [
          136.05,
          137.38
        ],
        [
          137.06,
          137.51
        ]
      ],
      "idx": 706,
      "mislabel": false,
      "mislabel_reason": "ok",
      "e_unet": 0.72
    },
    {
      "valid": true,
      "cx": 134.95999999999998,
      "cy": 138.35,
      "area": 647,
      "det_score": 0.5897,
      "sam_score": 0.9613,
      "box": [
        122.6,
        120.0,
        147.8,
        157.3
      ],
      "repeats": [
        [
          134.95999999999998,
          138.29
        ],
        [
          134.99,
          138.38
        ],
        [
          135.0,
          138.27
        ],
        [
          135.07,
          138.19
        ],
        [
          136.06,
          138.34
        ]
      ],
      "idx": 707,
      "mislabel": false,
      "mislabel_reason": "ok",
      "e_unet": 0.88
    },
    {
      "valid": true,
      "cx": 132.51,
      "cy": 139.58,
      "area": 580,
      "det_score": 0.4732,
      "sam_score": 0.9464,
      "box": [
        121.3,
        121.4,
        144.1,
        158.4
      ],
      "repeats": [
        [
          132.43,
          139.54
        ],
        [
          132.62,
          139.85
        ],
        [
          132.54000000000002,
          139.62
        ],
        [
          132.70999999999998,
          139.49
        ],
        [
          133.63,
          139.48
        ]
      ],
      "idx": 708,
      "mislabel": false,
      "mislabel_reason": "ok",
      "e_unet": 0.96
    },
    {
      "valid": true,
      "cx": 133.22,
      "cy": 139.8,
      "area": 579,
      "det_score": 0.4385,
      "sam_score": 0.949,
      "box": [
        122.1,
        121.8,
        144.7,
        158.5
      ],
      "repeats": [
        [
          133.26,
          139.68
        ],
        [
          133.32999999999998,
          139.9
        ],
        [
          133.3,
          139.76
        ],
        [
          133.43,
          139.51
        ],
        [
          134.48,
          139.72
        ]
      ],
      "idx": 709,
      "mislabel": false,
      "mislabel_reason": "ok",
      "e_unet": 0.83
    },
    {
      "valid": true,
      "cx": 133.66,
      "cy": 139.89,
      "area": 579,
      "det_score": 0.4421,
      "sam_score": 0.9456,
      "box": [
        122.4,
        121.7,
        145.3,
        158.4
      ],
      "repeats": [
        [
          133.65,
          139.89
        ],
        [
          133.73000000000002,
          139.96
        ],
        [
          133.75,
          139.85
        ],
        [
          133.87,
          139.71
        ],
        [
          134.92,
          139.96
        ]
      ],
      "idx": 710,
      "mislabel": false,
      "mislabel_reason": "ok",
      "e_unet": 0.8
    },
    {
      "valid": true,
      "cx": 133.72,
      "cy": 139.81,
      "area": 580,
      "det_score": 0.4732,
      "sam_score": 0.9458,
      "box": [
        122.4,
        121.4,
        145.4,
        158.4
      ],
      "repeats": [
        [
          133.66,
          139.76
        ],
        [
          133.81,
          139.87
        ],
        [
          133.75,
          139.81
        ],
        [
          133.88,
          139.58
        ],
        [
          135.03,
          139.73
        ]
      ],
      "idx": 711,
      "mislabel": false,
      "mislabel_reason": "ok",
      "e_unet": 1.02
    },
    {
      "valid": true,
      "cx": 133.20999999999998,
      "cy": 139.53,
      "area": 577,
      "det_score": 0.4842,
      "sam_score": 0.9464,
      "box": [
        122.0,
        121.4,
        144.6,
        158.2
      ],
      "repeats": [
        [
          133.2,
          139.48
        ],
        [
          133.29000000000002,
          139.74
        ],
        [
          133.26,
          139.6
        ],
        [
          133.32,
          139.35
        ],
        [
          134.39,
          139.55
        ]
      ],
      "idx": 712,
      "mislabel": false,
      "mislabel_reason": "ok",
      "e_unet": 0.75
    },
    {
      "valid": true,
      "cx": 133.01999999999998,
      "cy": 139.32,
      "area": 576,
      "det_score": 0.4996,
      "sam_score": 0.9438,
      "box": [
        121.7,
        120.8,
        144.4,
        158.2
      ],
      "repeats": [
        [
          132.92000000000002,
          139.16
        ],
        [
          133.06,
          139.52
        ],
        [
          132.98000000000002,
          139.3
        ],
        [
          133.11,
          139.17
        ],
        [
          134.14,
          139.22
        ]
      ],
      "idx": 713,
      "mislabel": false,
      "mislabel_reason": "ok",
      "e_unet": 0.91
    },
    {
      "valid": true,
      "cx": 132.89,
      "cy": 138.86,
      "area": 568,
      "det_score": 0.5063,
      "sam_score": 0.9439,
      "box": [
        121.8,
        120.5,
        144.2,
        157.4
      ],
      "repeats": [
        [
          132.85,
          138.56
        ],
        [
          132.95,
          139.0
        ],
        [
          132.98000000000002,
          138.79
        ],
        [
          133.09,
          138.74
        ],
        [
          134.06,
          138.86
        ]
      ],
      "idx": 714,
      "mislabel": false,
      "mislabel_reason": "ok",
      "e_unet": 0.72
    },
    {
      "valid": true,
      "cx": 132.69,
      "cy": 138.78,
      "area": 564,
      "det_score": 0.5104,
      "sam_score": 0.9469,
      "box": [
        121.8,
        120.3,
        144.0,
        157.1
      ],
      "repeats": [
        [
          132.65,
          138.56
        ],
        [
          132.78,
          138.92
        ],
        [
          132.8,
          138.54
        ],
        [
          132.89,
          138.45
        ],
        [
          133.89,
          138.6
        ]
      ],
      "idx": 715,
      "mislabel": false,
      "mislabel_reason": "ok",
      "e_unet": 0.93
    }
  ]
}