{
  "prompt": "black pupil.",
  "gsam2_centers": [
    {
      "valid": true,
      "cx": 131.76,
      "cy": 132.34,
      "area": 712,
      "det_score": 0.4509,
      "sam_score": 0.9684,
      "box": [
        117.6,
        116.0,
        147.0,
        149.7
      ],
      "repeats": [
        [
          131.73000000000002,
          132.32
        ],
        [
          131.79000000000002,
          132.42000000000002
        ],
        [
          131.8,
          132.39
        ],
        [
          131.84,
          132.38
        ],
        [
          132.89,
          132.49
        ]
      ],
      "idx": 2505,
      "mislabel": false,
      "mislabel_reason": "ok",
      "e_unet": 4.29
    },
    {
      "valid": true,
      "cx": 129.76,
      "cy": 134.87,
      "area": 705,
      "det_score": 0.4375,
      "sam_score": 0.964,
      "box": [
        115.8,
        118.4,
        144.7,
        152.2
      ],
      "repeats": [
        [
          129.75,
          134.81
        ],
        [
          129.82999999999998,
          134.93
        ],
        [
          129.76999999999998,
          134.72
        ],
        [
          129.91,
          134.69
        ],
        [
          130.95,
          134.91
        ]
      ],
      "idx": 2506,
      "mislabel": false,
      "mislabel_reason": "ok",
      "e_unet": 3.78
    },
    {
      "valid": true,
      "cx": 129.23000000000002,
      "cy": 132.68,
      "area": 707,
      "det_score": 0.4747,
      "sam_score": 0.9638,
      "box": [
        115.2,
        115.5,
        143.9,
        150.3
      ],
      "repeats": [
        [
          129.22,
          132.68
        ],
        [
          129.26999999999998,
          132.8
        ],
        [
          129.29000000000002,
          132.69
        ],
        [
          129.28,
          132.66
        ],
        [
          130.28,
          132.70999999999998
        ]
      ],
      "idx": 2507,
      "mislabel": false,
      "mislabel_reason": "ok",
      "e_unet": 4.22
    },
    {
      "valid": true,
      "cx": 129.15,
      "cy": 132.48000000000002,
      "area": 718,
      "det_score": 0.4714,
      "sam_score": 0.964,
      "box": [
        115.2,
        115.5,
        143.8,
        150.0
      ],
      "repeats": [
        [
          129.03,
          132.57999999999998
        ],
        [
          129.15,
          132.59
        ],
        [
          129.12,
          132.53
        ],
        [
          129.14,
          132.54000000000002
        ],
        [
          130.21,
          132.47
        ]
      ],
      "idx": 2508,
      "mislabel": false,
      "mislabel_reason": "ok",
      "e_unet": 4.05
    },
    {
      "valid": true,
      "cx": 129.06,
      "cy": 132.57999999999998,
      "area": 720,
      "det_score": 0.4553,
      "sam_score": 0.9637,
      "box": [
        115.2,
        115.6,
        143.6,
        150.4
      ],
      "repeats": [
        [
          129.04000000000002,
          132.5
        ],
        [
          129.13,
          132.66
        ],
        [
          129.1,
          132.61
        ],
        [
          129.15,
          132.55
        ],
        [
          130.18,
          132.59
        ]
      ],
      "idx": 2509,
      "mislabel": false,
      "mislabel_reason": "ok",
      "e_unet": 3.88
    },
    {
      "valid": true,
      "cx": 129.1,
      "cy": 132.64,
      "area": 723,
      "det_score": 0.439,
      "sam_score": 0.9637,
      "box": [
        115.0,
        115.7,
        143.9,
        150.4
      ],
      "repeats": [
        [
          129.11,
          132.62
        ],
        [
          129.17000000000002,
          132.78
        ],
        [
          129.17000000000002,
          132.72
        ],
        [
          129.18,
          132.59
        ],
        [
          130.26,
          132.62
        ]
      ],
      "idx": 2510,
      "mislabel": false,
      "mislabel_reason": "ok",
      "e_unet": 3.82
    },
    {
      "valid": true,
      "cx": 129.17000000000002,
      "cy": 132.64,
      "area": 724,
      "det_score": 0.4683,
      "sam_score": 0.9639,
      "box": [
        115.1,
        115.3,
        144.0,
        150.6
      ],
      "repeats": [
        [
          129.09,
          132.55
        ],
        [
          129.19,
          132.72
        ],
        [
          129.17000000000002,
          132.64
        ],
        [
          129.18,
          132.57999999999998
        ],
        [
          130.27,
          132.57999999999998
        ]
      ],
      "idx": 2511,
      "mislabel": false,
      "mislabel_reason": "ok",
      "e_unet": 3.85
    },
    {
      "valid": true,
      "cx": 129.13,
      "cy": 132.5,
      "area": 726,
      "det_score": 0.4496,
      "sam_score": 0.9631,
      "box": [
        115.2,
        115.4,
        143.9,
        150.3
      ],
      "repeats": [
        [
          129.09,
          132.47
        ],
        [
          129.15,
          132.59
        ],
        [
          129.17000000000002,
          132.51999999999998
        ],
        [
          129.16,
          132.49
        ],
        [
          130.22,
          132.43
        ]
      ],
      "idx": 2512,
      "mislabel": false,
      "mislabel_reason": "ok",
      "e_unet": 4.26
    },
    {
      "valid": true,
      "cx": 129.09,
      "cy": 132.53,
      "area": 727,
      "det_score": 0.4625,
      "sam_score": 0.962,
      "box": [
        115.2,
        115.3,
        144.0,
        150.3
      ],
      "repeats": [
        [
          129.09,
          132.54000000000002
        ],
        [
          129.15,
          132.7
        ],
        [
          129.16,
          132.62
        ],
        [
          129.18,
          132.53
        ],
        [
          130.25,
          132.55
        ]
      ],
      "idx": 2513,
      "mislabel": false,
      "mislabel_reason": "ok",
      "e_unet": 4.13
    },
    {
      "valid": true,
      "cx": 129.49,
      "cy": 136.03,
      "area": 748,
      "det_score": 0.5332,
      "sam_score": 0.9637,
      "box": [
        115.3,
        118.6,
        144.5,
        153.5
      ],
      "repeats": [
        [
          129.44,
          135.87
        ],
        [
          129.5,
          136.03
        ],
        [
          129.48000000000002,
          135.86
        ],
        [
          129.49,
          135.82999999999998
        ],
        [
          130.55,
          135.94
        ]
      ],
      "idx": 2514,
      "mislabel": false,
      "mislabel_reason": "ok",
      "e_unet": 3.72
    },
    {
      "valid": true,
      "cx": 130.17000000000002,
      "cy": 137.69,
      "area": 727,
      "det_score": 0.4699,
      "sam_score": 0.9618,
      "box": [
        116.0,
        120.7,
        145.2,
        154.6
      ],
      "repeats": [
        [
          130.23000000000002,
          137.6
        ],
        [
          130.26,
          137.8
        ],
        [
          130.26999999999998,
          137.67000000000002
        ],
        [
          130.26999999999998,
          137.5
        ],
        [
          131.33,
          137.56
        ]
      ],
      "idx": 2515,
      "mislabel": false,
      "mislabel_reason": "ok",
      "e_unet": 3.33
    }
  ]
}