{
  "prompt": "black pupil.",
  "gsam2_centers": [
    {
      "valid": true,
      "cx": 119.22,
      "cy": 123.55,
      "area": 495,
      "det_score": 0.4366,
      "sam_score": 0.9561,
      "box": [
        108.5,
        108.0,
        131.4,
        139.1
      ],
      "repeats": [
        [
          119.2,
          123.47
        ],
        [
          119.26,
          123.61
        ],
        [
          119.25,
          123.55
        ],
        [
          119.39,
          123.3
        ],
        [
          120.37,
          123.48
        ]
      ],
      "idx": 405,
      "mislabel": false,
      "mislabel_reason": "ok",
      "e_unet": 1.4
    },
    {
      "valid": true,
      "cx": 119.3,
      "cy": 123.47,
      "area": 494,
      "det_score": 0.424,
      "sam_score": 0.9554,
      "box": [
        108.6,
        108.1,
        131.5,
        139.1
      ],
      "repeats": [
        [
          119.25,
          123.47
        ],
        [
          119.32,
          123.57
        ],
        [
          119.31,
          123.53
        ],
        [
          119.4,
          123.37
        ],
        [
          120.44,
          123.49
        ]
      ],
      "idx": 406,
      "mislabel": false,
      "mislabel_reason": "ok",
      "e_unet": 1.25
    },
    {
      "valid": true,
      "cx": 119.35,
      "cy": 123.37,
      "area": 498,
      "det_score": 0.4352,
      "sam_score": 0.9572,
      "box": [
        108.5,
        107.8,
        131.7,
        139.0
      ],
      "repeats": [
        [
          119.38,
          123.29
        ],
        [
          119.41,
          123.41
        ],
        [
          119.4,
          123.33
        ],
        [
          119.56,
          123.2
        ],
        [
          120.50999999999999,
          123.33
        ]
      ],
      "idx": 407,
      "mislabel": false,
      "mislabel_reason": "ok",
      "e_unet": 1.62
    },
    {
      "valid": true,
      "cx": 119.46,
      "cy": 123.21,
      "area": 498,
      "det_score": 0.4304,
      "sam_score": 0.9585,
      "box": [
        108.6,
        107.9,
        131.8,
        138.7
      ],
      "repeats": [
        [
          119.5,
          123.18
        ],
        [
          119.55,
          123.31
        ],
        [
          119.5,
          123.26
        ],
        [
          119.63,
          123.11
        ],
        [
          120.61000000000001,
          123.23
        ]
      ],
      "idx": 408,
      "mislabel": false,
      "mislabel_reason": "ok",
      "e_unet": 1.16
    },
    {
      "valid": true,
      "cx": 119.54,
      "cy": 123.17,
      "area": 502,
      "det_score": 0.4311,
      "sam_score": 0.9586,
      "box": [
        108.7,
        107.6,
        131.9,
        138.8
      ],
      "repeats": [
        [
          119.62,
          123.04
        ],
        [
          119.61,
          123.19
        ],
        [
          119.6,
          123.16
        ],
        [
          119.69,
          122.92
        ],
        [
          120.66999999999999,
          123.1
        ]
      ],
      "idx": 409,
      "mislabel": false,
      "mislabel_reason": "ok",
      "e_unet": 1.13
    },
    {
      "valid": true,
      "cx": 119.65,
      "cy": 123.05,
      "area": 502,
      "det_score": 0.421,
      "sam_score": 0.9595,
      "box": [
        108.7,
        107.5,
        131.9,
        138.7
      ],
      "repeats": [
        [
          119.68,
          122.96
        ],
        [
          119.7,
          123.14
        ],
        [
          119.69,
          123.04
        ],
        [
          119.82,
          122.96
        ],
        [
          120.77000000000001,
          123.01
        ]
      ],
      "idx": 410,
      "mislabel": false,
      "mislabel_reason": "ok",
      "e_unet": 1.09
    },
    {
      "valid": true,
      "cx": 135.01,
      "cy": 126.29,
      "area": 677,
      "det_score": 0.4309,
      "sam_score": 0.9624,
      "box": [
        121.3,
        109.7,
        149.6,
        143.1
      ],
      "repeats": [
        [
          134.95,
          126.32
        ],
        [
          135.01999999999998,
          126.33
        ],
        [
          134.98000000000002,
          126.32
        ],
        [
          135.06,
          126.27
        ],
        [
          136.13,
          126.36
        ]
      ],
      "idx": 411,
      "mislabel": false,
      "mislabel_reason": "ok",
      "e_unet": 1.03
    },
    {
      "valid": true,
      "cx": 145.36,
      "cy": 130.37,
      "area": 748,
      "det_score": 0.3407,
      "sam_score": 0.9633,
      "box": [
        130.2,
        114.4,
        161.7,
        146.6
      ],
      "repeats": [
        [
          145.29000000000002,
          130.38
        ],
        [
          145.32999999999998,
          130.43
        ],
        [
          145.32999999999998,
          130.44
        ],
        [
          145.38,
          130.31
        ],
        [
          146.48,
          130.41
        ]
      ],
      "idx": 412,
      "mislabel": false,
      "mislabel_reason": "ok",
      "e_unet": 0.87
    },
    {
      "valid": true,
      "cx": 142.11,
      "cy": 130.17000000000002,
      "area": 655,
      "det_score": 0.408,
      "sam_score": 0.9662,
      "box": [
        127.9,
        116.3,
        157.0,
        146.7
      ],
      "repeats": [
        [
          141.93,
          130.22
        ],
        [
          142.12,
          130.23000000000002
        ],
        [
          142.01999999999998,
          130.17000000000002
        ],
        [
          142.01999999999998,
          130.32999999999998
        ],
        [
          143.09,
          130.2
        ]
      ],
      "idx": 413,
      "mislabel": false,
      "mislabel_reason": "ok",
      "e_unet": 1.84
    },
    {
      "valid": false,
      "reason": "no_detection",
      "idx": 414,
      "mislabel": false,
      "mislabel_reason": "invalid",
      "e_unet": null
    },
    {
      "valid": false,
      "reason": "no_detection",
      "idx": 415,
      "mislabel": false,
      "mislabel_reason": "invalid",
      "e_unet": null
    }
  ]
}