{
  "prompt": "black pupil.",
  "gsam2_centers": [
    {
      "valid": true,
      "cx": 138.13,
      "cy": 140.8,
      "area": 922,
      "det_score": 0.3968,
      "sam_score": 0.9721,
      "box": [
        120.7,
        123.0,
        156.4,
        158.8
      ],
      "repeats": [
        [
          138.06,
          140.77
        ],
        [
          138.12,
          140.81
        ],
        [
          138.11,
          140.76
        ],
        [
          138.13,
          140.76
        ],
        [
          139.29,
          140.86
        ]
      ],
      "idx": 807,
      "mislabel": false,
      "mislabel_reason": "ok",
      "e_unet": 1.0
    },
    {
      "valid": true,
      "cx": 138.9,
      "cy": 140.92,
      "area": 919,
      "det_score": 0.4228,
      "sam_score": 0.9704,
      "box": [
        121.7,
        123.3,
        157.0,
        159.2
      ],
      "repeats": [
        [
          138.88,
          140.92
        ],
        [
          138.92000000000002,
          140.98
        ],
        [
          138.88,
          140.97
        ],
        [
          138.98000000000002,
          140.85
        ],
        [
          140.03,
          140.92
        ]
      ],
      "idx": 808,
      "mislabel": false,
      "mislabel_reason": "ok",
      "e_unet": 0.89
    },
    {
      "valid": true,
      "cx": 139.09,
      "cy": 140.85,
      "area": 935,
      "det_score": 0.4232,
      "sam_score": 0.9699,
      "box": [
        121.8,
        122.9,
        157.4,
        159.3
      ],
      "repeats": [
        [
          139.04000000000002,
          140.86
        ],
        [
          139.11,
          140.86
        ],
        [
          139.11,
          140.87
        ],
        [
          139.17000000000002,
          140.8
        ],
        [
          140.32,
          140.88
        ]
      ],
      "idx": 809,
      "mislabel": false,
      "mislabel_reason": "ok",
      "e_unet": 0.88
    },
    {
      "valid": true,
      "cx": 139.3,
      "cy": 140.84,
      "area": 948,
      "det_score": 0.4084,
      "sam_score": 0.9708,
      "box": [
        121.8,
        122.8,
        157.8,
        159.4
      ],
      "repeats": [
        [
          139.2,
          140.79
        ],
        [
          139.29000000000002,
          140.85
        ],
        [
          139.26999999999998,
          140.8
        ],
        [
          139.29000000000002,
          140.81
        ],
        [
          140.41,
          140.91
        ]
      ],
      "idx": 810,
      "mislabel": false,
      "mislabel_reason": "ok",
      "e_unet": 0.98
    },
    {
      "valid": true,
      "cx": 139.34,
      "cy": 140.76,
      "area": 962,
      "det_score": 0.4295,
      "sam_score": 0.9715,
      "box": [
        121.7,
        122.6,
        157.9,
        159.5
      ],
      "repeats": [
        [
          139.26,
          140.75
        ],
        [
          139.32999999999998,
          140.79
        ],
        [
          139.37,
          140.77
        ],
        [
          139.34,
          140.71
        ],
        [
          140.58,
          140.77
        ]
      ],
      "idx": 811,
      "mislabel": false,
      "mislabel_reason": "ok",
      "e_unet": 0.88
    },
    {
      "valid": true,
      "cx": 139.32999999999998,
      "cy": 140.79,
      "area": 976,
      "det_score": 0.4035,
      "sam_score": 0.9707,
      "box": [
        121.5,
        122.6,
        158.2,
        159.5
      ],
      "repeats": [
        [
          139.3,
          140.76
        ],
        [
          139.37,
          140.87
        ],
        [
          139.37,
          140.78
        ],
        [
          139.39,
          140.72
        ],
        [
          140.53,
          140.83
        ]
      ],
      "idx": 812,
      "mislabel": false,
      "mislabel_reason": "ok",
      "e_unet": 0.88
    },
    {
      "valid": true,
      "cx": 139.49,
      "cy": 140.91,
      "area": 1008,
      "det_score": 0.402,
      "sam_score": 0.9715,
      "box": [
        121.3,
        122.4,
        158.6,
        159.8
      ],
      "repeats": [
        [
          139.43,
          140.84
        ],
        [
          139.51999999999998,
          140.89
        ],
        [
          139.45999999999998,
          140.83
        ],
        [
          139.55,
          140.84
        ],
        [
          140.73,
          140.8
        ]
      ],
      "idx": 813,
      "mislabel": false,
      "mislabel_reason": "ok",
      "e_unet": 0.89
    }
  ]
}