{
  "prompt": "black pupil.",
  "gsam2_centers": [
    {
      "valid": true,
      "cx": 167.2,
      "cy": 137.74,
      "area": 1242,
      "det_score": 0.4293,
      "sam_score": 0.9772,
      "box": [
        146.5,
        117.2,
        188.9,
        158.2
      ],
      "repeats": [
        [
          167.21,
          137.75
        ],
        [
          167.2,
          137.76999999999998
        ],
        [
          167.2,
          137.76999999999998
        ],
        [
          167.2,
          137.68
        ],
        [
          168.5,
          137.70999999999998
        ]
      ],
      "idx": 5,
      "mislabel": false,
      "mislabel_reason": "ok",
      "e_unet": 0.61
    },
    {
      "valid": true,
      "cx": 167.37,
      "cy": 137.82999999999998,
      "area": 1255,
      "det_score": 0.4234,
      "sam_score": 0.9774,
      "box": [
        146.6,
        117.3,
        189.0,
        158.4
      ],
      "repeats": [
        [
          167.34,
          137.8
        ],
        [
          167.37,
          137.87
        ],
        [
          167.36,
          137.8
        ],
        [
          167.39,
          137.72
        ],
        [
          168.48,
          137.82
        ]
      ],
      "idx": 6,
      "mislabel": false,
      "mislabel_reason": "ok",
      "e_unet": 0.72
    },
    {
      "valid": true,
      "cx": 167.33,
      "cy": 137.69,
      "area": 1261,
      "det_score": 0.4156,
      "sam_score": 0.978,
      "box": [
        146.5,
        117.2,
        189.0,
        158.3
      ],
      "repeats": [
        [
          167.23,
          137.59
        ],
        [
          167.33,
          137.74
        ],
        [
          167.34,
          137.7
        ],
        [
          167.34,
          137.63
        ],
        [
          168.47,
          137.74
        ]
      ],
      "idx": 7,
      "mislabel": false,
      "mislabel_reason": "ok",
      "e_unet": 0.64
    },
    {
      "valid": true,
      "cx": 167.25,
      "cy": 137.57999999999998,
      "area": 1267,
      "det_score": 0.436,
      "sam_score": 0.9785,
      "box": [
        146.4,
        117.1,
        189.1,
        158.2
      ],
      "repeats": [
        [
          167.17,
          137.51999999999998
        ],
        [
          167.21,
          137.57999999999998
        ],
        [
          167.23,
          137.56
        ],
        [
          167.3,
          137.51999999999998
        ],
        [
          168.4,
          137.65
        ]
      ],
      "idx": 8,
      "mislabel": false,
      "mislabel_reason": "ok",
      "e_unet": 0.64
    },
    {
      "valid": true,
      "cx": 167.41,
      "cy": 137.62,
      "area": 1276,
      "det_score": 0.4151,
      "sam_score": 0.9782,
      "box": [
        146.6,
        117.1,
        189.2,
        158.3
      ],
      "repeats": [
        [
          167.4,
          137.59
        ],
        [
          167.43,
          137.68
        ],
        [
          167.43,
          137.64
        ],
        [
          167.43,
          137.6
        ],
        [
          168.51,
          137.64
        ]
      ],
      "idx": 9,
      "mislabel": false,
      "mislabel_reason": "ok",
      "e_unet": 0.65
    },
    {
      "valid": true,
      "cx": 167.43,
      "cy": 137.69,
      "area": 1278,
      "det_score": 0.4176,
      "sam_score": 0.9778,
      "box": [
        146.6,
        117.1,
        189.3,
        158.5
      ],
      "repeats": [
        [
          167.43,
          137.67000000000002
        ],
        [
          167.45,
          137.75
        ],
        [
          167.46,
          137.74
        ],
        [
          167.46,
          137.67000000000002
        ],
        [
          168.6,
          137.73000000000002
        ]
      ],
      "idx": 10,
      "mislabel": false,
      "mislabel_reason": "ok",
      "e_unet": 0.6
    },
    {
      "valid": true,
      "cx": 167.29,
      "cy": 137.75,
      "area": 1278,
      "det_score": 0.4308,
      "sam_score": 0.9779,
      "box": [
        146.3,
        117.1,
        189.1,
        158.5
      ],
      "repeats": [
        [
          167.23,
          137.74
        ],
        [
          167.22,
          137.82
        ],
        [
          167.23,
          137.8
        ],
        [
          167.32,
          137.69
        ],
        [
          168.43,
          137.82
        ]
      ],
      "idx": 11,
      "mislabel": false,
      "mislabel_reason": "ok",
      "e_unet": 0.66
    },
    {
      "valid": true,
      "cx": 167.15,
      "cy": 137.82999999999998,
      "area": 1277,
      "det_score": 0.4164,
      "sam_score": 0.9784,
      "box": [
        146.2,
        117.1,
        189.0,
        158.5
      ],
      "repeats": [
        [
          167.14,
          137.79000000000002
        ],
        [
          167.12,
          137.89
        ],
        [
          167.16,
          137.85
        ],
        [
          167.19,
          137.79000000000002
        ],
        [
          168.3,
          137.84
        ]
      ],
      "idx": 12,
      "mislabel": false,
      "mislabel_reason": "ok",
      "e_unet": 0.67
    },
    {
      "valid": true,
      "cx": 167.11,
      "cy": 137.94,
      "area": 1277,
      "det_score": 0.452,
      "sam_score": 0.9783,
      "box": [
        146.1,
        117.1,
        189.1,
        158.7
      ],
      "repeats": [
        [
          167.08,
          137.92000000000002
        ],
        [
          167.11,
          137.94
        ],
        [
          167.12,
          137.91
        ],
        [
          167.14,
          137.86
        ],
        [
          168.33,
          137.94
        ]
      ],
      "idx": 13,
      "mislabel": false,
      "mislabel_reason": "ok",
      "e_unet": 0.63
    },
    {
      "valid": true,
      "cx": 167.2,
      "cy": 137.86,
      "area": 1283,
      "det_score": 0.4237,
      "sam_score": 0.9781,
      "box": [
        146.2,
        117.0,
        189.2,
        158.7
      ],
      "repeats": [
        [
          167.25,
          137.84
        ],
        [
          167.23,
          137.84
        ],
        [
          167.29,
          137.82
        ],
        [
          167.29,
          137.76999999999998
        ],
        [
          168.43,
          137.97
        ]
      ],
      "idx": 14,
      "mislabel": false,
      "mislabel_reason": "ok",
      "e_unet": 0.61
    },
    {
      "valid": true,
      "cx": 166.91,
      "cy": 137.95999999999998,
      "area": 1294,
      "det_score": 0.441,
      "sam_score": 0.9788,
      "box": [
        145.7,
        117.3,
        188.9,
        158.9
      ],
      "repeats": [
        [
          166.82,
          137.91
        ],
        [
          166.89,
          137.97
        ],
        [
          166.92,
          137.92000000000002
        ],
        [
          166.96,
          137.87
        ],
        [
          168.08,
          137.87
        ]
      ],
      "idx": 15,
      "mislabel": false,
      "mislabel_reason": "ok",
      "e_unet": 0.74
    }
  ]
}