(36.727367, 25.765419, 0.0)
(36.650208, 24.866373, 0.0)
(36.542526, 24.417667, 0.0)
(36.487595, 24.216183, 0.0)
(37.006214, 24.025183, 0.0)
(37.079418, 23.880280, 0.0)
(37.056080, 23.770351, 0.0)
(37.085720, 23.683672, 0.0)
(37.077847, 23.619688, 0.0)
(37.079403, 23.581938, 0.0)
(37.095612, 23.588310, 0.0)
(37.080708, 23.581482, 0.0)
(37.117901, 23.588087, 0.0)
(37.114311, 23.646996, 0.0)
(37.101585, 23.655479, 0.0)
(37.103241, 23.648701, 0.0)
(37.106606, 23.656750, 0.0)
(37.116947, 23.671349, 0.0)
(37.119644, 23.673594, 0.0)
(37.096386, 23.653486, 0.0)
(37.117367, 23.662672, 0.0)
(37.114677, 23.665981, 0.0)
(37.088356, 23.676353, 0.0)
(37.108917, 23.676193, 0.0)
(37.098606, 23.645288, 0.0)
(37.096355, 23.613861, 0.0)
(37.120640, 23.609779, 0.0)
(37.119621, 23.652979, 0.0)
(37.108627, 23.663893, 0.0)
(37.136032, 23.664762, 0.0)
(37.054955, 23.605051, 0.0)
(37.093945, 23.626156, 0.0)
(37.064056, 23.574209, 0.0)
(37.066650, 23.536453, 0.0)
(37.058064, 23.549147, 0.0)
(37.047840, 23.588417, 0.0)
(37.057995, 23.585897, 0.0)
(37.029755, 23.581692, 0.0)
(37.045300, 23.567944, 0.0)
(37.062069, 23.564676, 0.0)
(37.062035, 23.574789, 0.0)
(37.047012, 23.589788, 0.0)
(37.052353, 23.629957, 0.0)
(37.053646, 23.620783, 0.0)
(37.034939, 23.609529, 0.0)
(37.071342, 23.577532, 0.0)
(37.066635, 23.574875, 0.0)
(37.039486, 23.555471, 0.0)
(37.053112, 23.586601, 0.0)
(37.065346, 23.606636, 0.0)
(37.071426, 23.605083, 0.0)
(37.085217, 23.560440, 0.0)
(37.112888, 23.532467, 0.0)
(37.124039, 23.554193, 0.0)
(37.125149, 23.564140, 0.0)
(37.117397, 23.626982, 0.0)
(37.115761, 23.644657, 0.0)
(37.096539, 23.641907, 0.0)
(37.098705, 23.605618, 0.0)
(37.119160, 23.624842, 0.0)
(37.147480, 23.597292, 0.0)
(37.110226, 23.622271, 0.0)
(37.108685, 23.662504, 0.0)
(37.097095, 23.674578, 0.0)
(37.098480, 23.633181, 0.0)
(37.087704, 23.628111, 0.0)
(37.088108, 23.619047, 0.0)
(37.090099, 23.634226, 0.0)
(37.091690, 23.634218, 0.0)
(37.085224, 23.677267, 0.0)
(37.052776, 23.661045, 0.0)
(37.047543, 23.595938, 0.0)
(37.089016, 23.577179, 0.0)
(37.090874, 23.571501, 0.0)
(37.081474, 23.552198, 0.0)
(37.070698, 23.551153, 0.0)
(37.059219, 23.592405, 0.0)
(37.041874, 23.572989, 0.0)
(37.047218, 23.558628, 0.0)
(37.064117, 23.530039, 0.0)
(37.068310, 23.549328, 0.0)
(37.044067, 23.578533, 0.0)
(37.027370, 23.596510, 0.0)
(37.037277, 23.664194, 0.0)
(37.051064, 23.613499, 0.0)
(37.091927, 23.552109, 0.0)
(37.120552, 23.569294, 0.0)
(37.114273, 23.557899, 0.0)
(37.107384, 23.566978, 0.0)
(37.116661, 23.629278, 0.0)
(37.098324, 23.692617, 0.0)
(37.072350, 23.675745, 0.0)
(37.080574, 23.661238, 0.0)
(37.093166, 23.654325, 0.0)
(37.121048, 23.684067, 0.0)
(37.116779, 23.689301, 0.0)
(37.106636, 23.695681, 0.0)
(37.106365, 23.678404, 0.0)
(37.100685, 23.636732, 0.0)
(37.123497, 23.640490, 0.0)
(37.122150, 23.623154, 0.0)
(37.108006, 23.576317, 0.0)
(37.114960, 23.605703, 0.0)
(37.127758, 23.667604, 0.0)
(37.104244, 23.673269, 0.0)
(37.100491, 23.634901, 0.0)
(37.134373, 23.639290, 0.0)
(37.136574, 23.643005, 0.0)
(37.135910, 23.658195, 0.0)
(37.129337, 23.634790, 0.0)
(37.114780, 23.675604, 0.0)
(37.085075, 23.650305, 0.0)
(37.094234, 23.661266, 0.0)
(37.103821, 23.650478, 0.0)
(37.098392, 23.583004, 0.0)
(37.092598, 23.586220, 0.0)
(37.120987, 23.632608, 0.0)
(37.113876, 23.663511, 0.0)
(37.105095, 23.642536, 0.0)
(37.116096, 23.629333, 0.0)
(37.140373, 23.634892, 0.0)
(37.145142, 23.657221, 0.0)
(37.149185, 23.661934, 0.0)
(37.147480, 23.665691, 0.0)
(37.126808, 23.639423, 0.0)
(37.142197, 23.627872, 0.0)
(37.144905, 23.645178, 0.0)
(37.137562, 23.669788, 0.0)
(37.140450, 23.691036, 0.0)
(37.135376, 23.712252, 0.0)
(37.140942, 23.670853, 0.0)
(37.113598, 23.594357, 0.0)
(37.090984, 23.532455, 0.0)
(37.114780, 23.568794, 0.0)
(37.105202, 23.567366, 0.0)
(37.107685, 23.587198, 0.0)
(37.105087, 23.594637, 0.0)
(37.071678, 23.543833, 0.0)
(37.076038, 23.501150, 0.0)
(37.089836, 23.525099, 0.0)
(37.061085, 23.485205, 0.0)
(37.068459, 23.495611, 0.0)
(37.075657, 23.633615, 0.0)
(37.060471, 23.641350, 0.0)
(37.047218, 23.599449, 0.0)
(37.057549, 23.633532, 0.0)
(37.071716, 23.631222, 0.0)
(37.055595, 23.684996, 0.0)
(37.076279, 23.774210, 0.0)
(37.076279, 23.774210, 0.0)
(37.060997, 23.749403, 0.0)
(37.064041, 23.773140, 0.0)
(37.055267, 23.772882, 0.0)
(37.048016, 23.773512, 0.0)
(37.045044, 23.809731, 0.0)
(37.052807, 23.826801, 0.0)
(37.028820, 23.802103, 0.0)
(37.028912, 23.844296, 0.0)
(37.028271, 23.827868, 0.0)
(37.042103, 23.875614, 0.0)
(37.035164, 23.925163, 0.0)
(37.001087, 23.976404, 0.0)
(37.008068, 23.947252, 0.0)
(37.003517, 23.909842, 0.0)
(37.001232, 23.882523, 0.0)
(37.003407, 23.884590, 0.0)
(37.000385, 23.930872, 0.0)
(36.985367, 23.986595, 0.0)
(37.008717, 23.972773, 0.0)
(37.010422, 23.969954, 0.0)
(37.041721, 23.970856, 0.0)
(37.046650, 23.963846, 0.0)
(37.055779, 24.012308, 0.0)
(37.070316, 24.071579, 0.0)
(37.075832, 24.107065, 0.0)
(37.068035, 24.015373, 0.0)
(37.091450, 23.956772, 0.0)
(37.080135, 23.973577, 0.0)
(37.047386, 23.956795, 0.0)
(37.030308, 23.930775, 0.0)
(37.024845, 23.930531, 0.0)
(37.024998, 23.950809, 0.0)
(37.187748, 23.987812, 0.0)
(40.804977, 25.227552, 0.0)
(43.172409, 26.412844, 0.0)
(44.091003, 27.019194, 0.0)
(44.121555, 27.097095, 0.0)
(44.113026, 27.113832, 0.0)
(44.103477, 27.068348, 0.0)
(44.112167, 27.061411, 0.0)
(44.529907, 29.263269, 0.0)
(44.521042, 29.232344, 0.0)
(44.524761, 29.211006, 0.0)
(44.518726, 29.191235, 0.0)
(44.510498, 29.194418, 0.0)
(44.518303, 29.153561, 0.0)
(44.514687, 29.114437, 0.0)
(44.512825, 29.125702, 0.0)
(44.526562, 29.124203, 0.0)
(44.515972, 29.131433, 0.0)
(44.512619, 29.119276, 0.0)
(44.514828, 29.082701, 0.0)
(44.509747, 29.065529, 0.0)
(44.415131, 27.756653, 0.0)
(43.936401, 23.609671, 0.0)
(43.632469, 21.109039, 0.0)
(43.599239, 20.750610, 0.0)
(43.610569, 20.931416, 0.0)
(43.617897, 20.934479, 0.0)
(43.651882, 20.999613, 0.0)
(43.656590, 21.025728, 0.0)
(43.666393, 19.594505, 0.0)
(43.671406, 19.427692, 0.0)
(43.716606, 19.590597, 0.0)
(43.694344, 19.654032, 0.0)
(43.703911, 19.685038, 0.0)
(43.709877, 19.699478, 0.0)
(43.698418, 19.680937, 0.0)
(43.683804, 19.706440, 0.0)
(43.682991, 19.736530, 0.0)
(43.674408, 19.730627, 0.0)
(43.663960, 19.686113, 0.0)
(43.672092, 19.691980, 0.0)
(43.667446, 19.658266, 0.0)
(43.675682, 19.684410, 0.0)
(43.673981, 19.688353, 0.0)
(43.661812, 19.691650, 0.0)
(43.641758, 19.664885, 0.0)
(43.659584, 19.660187, 0.0)
(43.624874, 19.661457, 0.0)
(43.629879, 19.648512, 0.0)
(43.628948, 19.676344, 0.0)
(43.582291, 19.663568, 0.0)
(43.567028, 19.693533, 0.0)
(43.549103, 19.651182, 0.0)
(43.561592, 19.609358, 0.0)
(43.564419, 19.612360, 0.0)
(43.565453, 19.618401, 0.0)
(43.543713, 19.618706, 0.0)
(43.563534, 19.602596, 0.0)
(43.561787, 19.565834, 0.0)
(43.570435, 19.593643, 0.0)
(43.564445, 19.566994, 0.0)
(43.536560, 19.474970, 0.0)
(43.519444, 19.461189, 0.0)
(43.503628, 19.562073, 0.0)
(43.461243, 19.529922, 0.0)
(43.440144, 19.520849, 0.0)
(41.559528, 18.809315, 0.0)
(37.390175, 18.158516, 0.0)
(34.591003, 19.910383, 0.0)
(31.773420, 20.157074, 0.0)
(29.973467, 20.711840, 0.0)
(29.569065, 21.058249, 0.0)
(29.557779, 21.219687, 0.0)
(29.562706, 21.291225, 0.0)
(29.556322, 21.310139, 0.0)
(29.563747, 21.339798, 0.0)
(30.431795, 24.579254, 0.0)
(30.315298, 28.674889, 0.0)
(30.141108, 29.818325, 0.0)
(30.093704, 29.843538, 0.0)
(30.070393, 29.786850, 0.0)
(30.063925, 29.747187, 0.0)
(28.991812, 30.751247, 0.0)
(28.917784, 30.823034, 0.0)
(28.875235, 30.751945, 0.0)
(28.797215, 30.753218, 0.0)
(28.814030, 30.735449, 0.0)
(28.490032, 30.339014, 0.0)
(28.434408, 30.322508, 0.0)
(28.451933, 30.333841, 0.0)
(28.442961, 30.353048, 0.0)
(28.450399, 30.302534, 0.0)
(28.480356, 30.263968, 0.0)
(28.498774, 30.248245, 0.0)
(28.488811, 30.246534, 0.0)
(28.459850, 30.263418, 0.0)
(28.474091, 30.278883, 0.0)
(28.517452, 30.282642, 0.0)
(28.530701, 30.262403, 0.0)
(28.509998, 30.203548, 0.0)
(28.487926, 30.168425, 0.0)
(28.507835, 30.141642, 0.0)
(28.499456, 30.101793, 0.0)
(28.320116, 28.964264, 0.0)
(27.869560, 23.905951, 0.0)
(27.807512, 21.177841, 0.0)
(27.932152, 20.585876, 0.0)
(27.912102, 20.778858, 0.0)
(27.840900, 20.876623, 0.0)
(27.468782, 20.545946, 0.0)
(27.268694, 20.480860, 0.0)
(27.243132, 20.524910, 0.0)
(27.233917, 20.566713, 0.0)
(27.222853, 20.577419, 0.0)
(27.236166, 20.594957, 0.0)
(27.234560, 20.635984, 0.0)
(27.231318, 20.648769, 0.0)
(27.217918, 20.628975, 0.0)
(27.210272, 20.594200, 0.0)
(27.224922, 20.590424, 0.0)
(27.240320, 20.605623, 0.0)
(27.218950, 20.608482, 0.0)
(27.185442, 20.596924, 0.0)
(27.205368, 20.548817, 0.0)
(27.221167, 20.505341, 0.0)
(27.242014, 20.515499, 0.0)
(27.234274, 20.468458, 0.0)
(27.197680, 20.459717, 0.0)
(27.225939, 20.437098, 0.0)
(27.230881, 20.429518, 0.0)
(27.221373, 20.386486, 0.0)
(27.221087, 20.322495, 0.0)
(27.224073, 20.329557, 0.0)
(27.234880, 20.329279, 0.0)
(27.240486, 20.325771, 0.0)
(27.235304, 20.339176, 0.0)
(27.226702, 20.308920, 0.0)
(27.236032, 20.286480, 0.0)
(27.235579, 20.317364, 0.0)
(27.218275, 20.312296, 0.0)
(31.134716, 21.308863, 0.0)
(36.638046, 23.726358, 0.0)
(37.382004, 24.510351, 0.0)
(37.433510, 24.555695, 0.0)
(37.441032, 24.474752, 0.0)
(37.102219, 24.230919, 0.0)
(37.021240, 24.198421, 0.0)
(37.038437, 24.217552, 0.0)
(37.029236, 24.214752, 0.0)
(37.098049, 24.226435, 0.0)
(37.062965, 24.175682, 0.0)
(37.081146, 24.167751, 0.0)
(37.126839, 24.180048, 0.0)
(37.106770, 24.154676, 0.0)
(37.095600, 24.144806, 0.0)
(37.125076, 24.139444, 0.0)
(37.112293, 24.112448, 0.0)
(37.124252, 24.057011, 0.0)
(37.151573, 24.049568, 0.0)
(37.122715, 24.068951, 0.0)
(37.111446, 24.078001, 0.0)
(37.114922, 24.099001, 0.0)
(37.126575, 24.070742, 0.0)
(37.113602, 24.033964, 0.0)
(37.130188, 24.008062, 0.0)
(37.124046, 23.991985, 0.0)
(37.147308, 23.988077, 0.0)
(37.132561, 24.007929, 0.0)
(37.140034, 24.028456, 0.0)
(37.118374, 24.005541, 0.0)
(37.120506, 23.990608, 0.0)
(37.115116, 24.003057, 0.0)
(37.125191, 24.029469, 0.0)
(37.123188, 24.028450, 0.0)
(37.101570, 24.033072, 0.0)
(37.078098, 23.968864, 0.0)
(37.064102, 23.969339, 0.0)
(37.064125, 23.991621, 0.0)
(37.063030, 23.994112, 0.0)
(37.047134, 24.014172, 0.0)
(37.092064, 23.981941, 0.0)
(37.098080, 23.962236, 0.0)
(37.075893, 23.903559, 0.0)
(37.076630, 23.884153, 0.0)
(37.081486, 23.887562, 0.0)
(37.064178, 23.925058, 0.0)
(37.022495, 23.946241, 0.0)
(37.039730, 23.927488, 0.0)
(37.049198, 23.872299, 0.0)
(37.036476, 23.885677, 0.0)
(37.051476, 23.911276, 0.0)
(37.007542, 23.924973, 0.0)
(37.021217, 23.914890, 0.0)
(37.018478, 23.929634, 0.0)
(37.334820, 23.963177, 0.0)
(40.965023, 24.873795, 0.0)
(43.189121, 25.888937, 0.0)
(43.895008, 26.396589, 0.0)
(43.905987, 26.484343, 0.0)
(43.931568, 26.462471, 0.0)
(43.884624, 26.400000, 0.0)
(43.882027, 26.365505, 0.0)
(43.904430, 26.375055, 0.0)
(43.883148, 26.346972, 0.0)
(43.898617, 26.371092, 0.0)
(43.920700, 26.385677, 0.0)
(43.905685, 26.409805, 0.0)
(43.897614, 26.380745, 0.0)
(43.889755, 26.361353, 0.0)
(43.880703, 26.365908, 0.0)
(43.856777, 26.393448, 0.0)
(43.844711, 26.395353, 0.0)
(43.853706, 26.348532, 0.0)
(43.845989, 26.297577, 0.0)
(43.862701, 26.282978, 0.0)
(43.879421, 26.271431, 0.0)
(43.861618, 26.272877, 0.0)
(43.628460, 26.203259, 0.0)
(38.991238, 23.745882, 0.0)
(34.460487, 22.734745, 0.0)
(31.243189, 23.103355, 0.0)
(30.109888, 23.385618, 0.0)
(29.925327, 23.519751, 0.0)
(29.916195, 23.540379, 0.0)
(29.907663, 23.509480, 0.0)
(29.897993, 23.466742, 0.0)
(29.921701, 23.448582, 0.0)
(29.946615, 23.397308, 0.0)
(29.951624, 23.390776, 0.0)
(29.945370, 23.448164, 0.0)
(28.923779, 25.682688, 0.0)
(28.044542, 28.951584, 0.0)
(28.302814, 29.532782, 0.0)
(28.344019, 29.591475, 0.0)
(28.334246, 29.614782, 0.0)
(28.353943, 29.591534, 0.0)
(28.346867, 29.601055, 0.0)
(28.354103, 29.584978, 0.0)
(28.330839, 29.504387, 0.0)
(28.339136, 29.510323, 0.0)
(28.357733, 29.549755, 0.0)
(28.345385, 29.531036, 0.0)
(28.333006, 29.520847, 0.0)
(28.308111, 29.552967, 0.0)
(29.262743, 29.433296, 0.0)
(35.339420, 28.316637, 0.0)
(39.637249, 27.785572, 0.0)
(41.915382, 27.676794, 0.0)
(42.805332, 27.729033, 0.0)
(42.973629, 27.887871, 0.0)
(42.788876, 27.990057, 0.0)
(42.735405, 27.924995, 0.0)
(42.856979, 27.984072, 0.0)
(42.909409, 27.977093, 0.0)
(39.729607, 25.023487, 0.0)
(34.318375, 23.365068, 0.0)
(32.106094, 23.683142, 0.0)
(31.979429, 23.871534, 0.0)
(31.990704, 23.857004, 0.0)
(32.074230, 23.852835, 0.0)
(31.018066, 23.344604, 0.0)
(30.914896, 23.330851, 0.0)
(30.924809, 23.353004, 0.0)
(30.934406, 23.290863, 0.0)
(30.957296, 23.263926, 0.0)
(31.017408, 23.245642, 0.0)
(31.032688, 23.270622, 0.0)
(31.025114, 23.250399, 0.0)
(31.010323, 23.279121, 0.0)
(31.026501, 23.303415, 0.0)
(31.020996, 23.290073, 0.0)
(31.035305, 23.273045, 0.0)
(31.066263, 23.266119, 0.0)
(31.066475, 23.252663, 0.0)
(31.021984, 23.275021, 0.0)
(31.008356, 23.282749, 0.0)
(31.011683, 23.284021, 0.0)
(30.960075, 23.422112, 0.0)
(30.959564, 23.458546, 0.0)
(30.957836, 23.464066, 0.0)
(30.959354, 23.456097, 0.0)
(30.958483, 23.444853, 0.0)
(30.967926, 23.456501, 0.0)
(30.969301, 23.451107, 0.0)
(30.950472, 23.430429, 0.0)
(30.966326, 23.435423, 0.0)
(30.924252, 23.457832, 0.0)
(30.912651, 23.464746, 0.0)
(30.905622, 23.473154, 0.0)
(30.902643, 23.480034, 0.0)
(34.025425, 21.697407, 0.0)
(38.484623, 19.414154, 0.0)
(40.174240, 19.237398, 0.0)
(40.298954, 19.405905, 0.0)
(40.296276, 19.486958, 0.0)
(40.297558, 19.520985, 0.0)
(40.290897, 19.518686, 0.0)
(40.267479, 19.488237, 0.0)
(40.250877, 19.492075, 0.0)
(40.418491, 19.929598, 0.0)
(40.413475, 19.960091, 0.0)
(40.378147, 19.996361, 0.0)
(40.334667, 20.037985, 0.0)
(40.330402, 19.977119, 0.0)
(40.310417, 19.910965, 0.0)
(40.330803, 19.882710, 0.0)
(40.318367, 19.907167, 0.0)
(40.297760, 19.930397, 0.0)
(40.292709, 19.951450, 0.0)
(40.260902, 19.954395, 0.0)
(40.224308, 19.928288, 0.0)
(40.224194, 19.861763, 0.0)
(40.236626, 19.882814, 0.0)
(40.217575, 19.965849, 0.0)
(40.216938, 20.090448, 0.0)
(40.184910, 20.212221, 0.0)
(40.164520, 20.221882, 0.0)
(40.153202, 20.133360, 0.0)
(40.153713, 20.118910, 0.0)
(40.133816, 20.110083, 0.0)
(40.115913, 20.107243, 0.0)
(40.081905, 20.098381, 0.0)
(40.085121, 20.065395, 0.0)
(40.079971, 20.042072, 0.0)
(40.090694, 19.927649, 0.0)
(40.087585, 19.796940, 0.0)
(40.104519, 19.797802, 0.0)
(37.844788, 19.308773, 0.0)
(32.829346, 18.771778, 0.0)
(30.863600, 19.146257, 0.0)
(30.837000, 19.186508, 0.0)
(30.846392, 19.213938, 0.0)
(30.850956, 19.232653, 0.0)
(30.406288, 19.370195, 0.0)
(30.362431, 19.376154, 0.0)
(30.354849, 19.348404, 0.0)
(30.335260, 19.326815, 0.0)
(30.324671, 19.289047, 0.0)
(30.325371, 19.298401, 0.0)
(30.353516, 19.353371, 0.0)
(30.341490, 19.374966, 0.0)
(30.311954, 19.375744, 0.0)
(30.304604, 19.343338, 0.0)
(30.308029, 19.278383, 0.0)
(30.290874, 19.234867, 0.0)
(30.285221, 19.239126, 0.0)
(30.326227, 19.255341, 0.0)
(30.334322, 19.272148, 0.0)
(30.336945, 19.285456, 0.0)
(30.355236, 19.267939, 0.0)
(30.345373, 19.237192, 0.0)
(30.353172, 19.210945, 0.0)
(30.360691, 19.214365, 0.0)
(30.369024, 19.220512, 0.0)
(30.356237, 19.206554, 0.0)
(30.368540, 19.236214, 0.0)
(30.372292, 19.200001, 0.0)
(30.356869, 19.149679, 0.0)
(30.360195, 19.150967, 0.0)
(30.356703, 19.143921, 0.0)
(30.355192, 19.178434, 0.0)
(30.354458, 19.209335, 0.0)
(30.345568, 19.221064, 0.0)
(30.290203, 19.149508, 0.0)
(30.304918, 19.138462, 0.0)
(30.310961, 19.162354, 0.0)
(30.307650, 19.177906, 0.0)
(30.809032, 19.628052, 0.0)
(33.515739, 22.031563, 0.0)
(33.865948, 22.591131, 0.0)
(33.870502, 22.605091, 0.0)
(33.865314, 22.570448, 0.0)
(33.830242, 22.543373, 0.0)
(33.827911, 22.535824, 0.0)
(33.852161, 22.539728, 0.0)
(33.852684, 22.555452, 0.0)
(33.867317, 22.491880, 0.0)
(33.873062, 22.445251, 0.0)
(33.878105, 22.480291, 0.0)
(33.886578, 22.481304, 0.0)
(34.937572, 22.399139, 0.0)
(35.312405, 22.467001, 0.0)
(35.304832, 22.416546, 0.0)
(35.322773, 22.429077, 0.0)
(35.330147, 22.472015, 0.0)
(35.290779, 22.424732, 0.0)
(35.302650, 22.442089, 0.0)
(35.345249, 22.452463, 0.0)
(35.340786, 22.456783, 0.0)
(35.380848, 22.455130, 0.0)
(35.428719, 22.501839, 0.0)
(35.422562, 22.537634, 0.0)
(35.406765, 22.556881, 0.0)
(35.392223, 22.563421, 0.0)
(35.405376, 22.560635, 0.0)
(35.396999, 22.477018, 0.0)
(35.400990, 22.468264, 0.0)
(35.457581, 22.533289, 0.0)
(35.984833, 22.502960, 0.0)
(36.396225, 22.560684, 0.0)
(36.434120, 22.626505, 0.0)
(36.424660, 22.608776, 0.0)
(37.238758, 22.827641, 0.0)
(41.635616, 24.586094, 0.0)
(42.134468, 25.259148, 0.0)
(42.207226, 25.324852, 0.0)
(42.199997, 25.327461, 0.0)
(42.214787, 25.310268, 0.0)
(42.209354, 25.259933, 0.0)
(42.204632, 25.258709, 0.0)
(42.199257, 25.246687, 0.0)
(42.192547, 25.219734, 0.0)
(42.188454, 25.242752, 0.0)
(42.189281, 25.259497, 0.0)
(42.161335, 25.267284, 0.0)
(42.158279, 25.224531, 0.0)
(41.876003, 25.081694, 0.0)
(41.851383, 25.073999, 0.0)
(41.828243, 25.058796, 0.0)
(41.814884, 25.053679, 0.0)
(41.812298, 25.026293, 0.0)
(41.809456, 24.944780, 0.0)
(41.816021, 24.940121, 0.0)
(41.805691, 24.962042, 0.0)
(41.809067, 24.964258, 0.0)
(41.804070, 24.968782, 0.0)
(41.801067, 24.969431, 0.0)
(41.786724, 24.939787, 0.0)
(41.787872, 24.923010, 0.0)
(41.792095, 24.919426, 0.0)
(41.809006, 24.911032, 0.0)
(41.782093, 24.948198, 0.0)
(41.781448, 24.964901, 0.0)
(41.787670, 24.963459, 0.0)
(41.783428, 24.927677, 0.0)
(41.790882, 24.906994, 0.0)
(41.781399, 24.914400, 0.0)
(41.774586, 24.906294, 0.0)
(41.769997, 24.921188, 0.0)
(37.960014, 22.928040, 0.0)
(34.168560, 21.794083, 0.0)
(34.180729, 21.889927, 0.0)
(34.199631, 21.922918, 0.0)
(34.195992, 21.908543, 0.0)
(34.197979, 21.934774, 0.0)
(34.203278, 21.920540, 0.0)
(34.168373, 21.817516, 0.0)
(34.485500, 21.738010, 0.0)
(34.526714, 21.743319, 0.0)
(34.489456, 21.735733, 0.0)
(34.503773, 21.745693, 0.0)
(34.502209, 21.788935, 0.0)
(34.482800, 21.754686, 0.0)
(34.504787, 21.753967, 0.0)
(34.512463, 21.757973, 0.0)
(34.522713, 21.766848, 0.0)
(34.524212, 21.782190, 0.0)
(34.500885, 21.831711, 0.0)
(34.498840, 21.811197, 0.0)
(34.498890, 21.727219, 0.0)
(34.480686, 21.722502, 0.0)
(34.499622, 21.747303, 0.0)
(34.464043, 21.732227, 0.0)
(34.497841, 21.757835, 0.0)
(34.532314, 21.794594, 0.0)
(34.515900, 21.800173, 0.0)
(34.487064, 21.767908, 0.0)
(34.527939, 21.783373, 0.0)
(34.517197, 21.817589, 0.0)
(34.497108, 21.840534, 0.0)
(34.479401, 21.888577, 0.0)
(34.483841, 21.920486, 0.0)
(34.475292, 21.830521, 0.0)
(34.460117, 21.816370, 0.0)
(34.454487, 21.811329, 0.0)
(34.435452, 21.786800, 0.0)
(34.421753, 21.820145, 0.0)
(31.991680, 25.037262, 0.0)
(31.377075, 25.565113, 0.0)
(31.288391, 25.564558, 0.0)
(31.288614, 25.551796, 0.0)
(31.071945, 25.776289, 0.0)
(30.904312, 26.019363, 0.0)
(30.877323, 26.041523, 0.0)
(30.878189, 26.031092, 0.0)
(30.860111, 25.984264, 0.0)
(30.830975, 25.992134, 0.0)
(30.804333, 25.997728, 0.0)
(30.784527, 25.998020, 0.0)
(30.795227, 25.995670, 0.0)
(30.771421, 26.033331, 0.0)
(30.736483, 26.028406, 0.0)
(30.757696, 25.992479, 0.0)
(30.754581, 25.977581, 0.0)
(30.759758, 25.944744, 0.0)
(30.746023, 25.932520, 0.0)
(30.737337, 25.930403, 0.0)
(30.734123, 25.881258, 0.0)
(30.733084, 25.852726, 0.0)
(30.738331, 25.879652, 0.0)
(30.696915, 25.869093, 0.0)
(30.686304, 25.839031, 0.0)
(30.689789, 25.846376, 0.0)
(30.700823, 25.809835, 0.0)
(30.688478, 25.718849, 0.0)
(30.693880, 25.715212, 0.0)
(30.721180, 25.738968, 0.0)
(30.730816, 25.776903, 0.0)
(30.728323, 25.805199, 0.0)
(30.725702, 25.839020, 0.0)
(30.737452, 25.771873, 0.0)
(30.747059, 25.795572, 0.0)
(30.762047, 25.773745, 0.0)
(30.727966, 25.766109, 0.0)
(31.359703, 25.409565, 0.0)
(36.679802, 23.459349, 0.0)
(38.229839, 23.207094, 0.0)
(38.375790, 23.193775, 0.0)
(38.372658, 23.213034, 0.0)
(38.387539, 23.248081, 0.0)
(38.532932, 22.819611, 0.0)
(38.493160, 22.810026, 0.0)
(38.513943, 22.821808, 0.0)
(38.511391, 22.754620, 0.0)
(38.536366, 22.807201, 0.0)
(38.543842, 22.777344, 0.0)
(38.552986, 22.782299, 0.0)
(38.601734, 22.823948, 0.0)
(38.604050, 22.848341, 0.0)
(38.581509, 22.844294, 0.0)
(38.570126, 22.804859, 0.0)
(38.594967, 22.811007, 0.0)
(38.601170, 22.823128, 0.0)
(38.587173, 22.826391, 0.0)
(38.574474, 22.855980, 0.0)
(38.576828, 22.834717, 0.0)
(38.589680, 22.776686, 0.0)
(38.586323, 22.807655, 0.0)
(38.569386, 22.807674, 0.0)
(38.537468, 22.793264, 0.0)
(38.530369, 22.808044, 0.0)
(38.531765, 22.826897, 0.0)
(38.510429, 22.830486, 0.0)
(38.516689, 22.784843, 0.0)
(38.538967, 22.790365, 0.0)
(38.532562, 22.821470, 0.0)
(38.511791, 22.844959, 0.0)
(38.497837, 22.845371, 0.0)
(38.489780, 22.858419, 0.0)
(38.472019, 22.855869, 0.0)
(38.458492, 22.848232, 0.0)
(38.466080, 22.849699, 0.0)
(37.428921, 22.182152, 0.0)
(35.195164, 19.136929, 0.0)
(34.592705, 18.703814, 0.0)
(34.488438, 18.855799, 0.0)
(34.512310, 18.884150, 0.0)
(34.512375, 18.889620, 0.0)
(34.051033, 18.973158, 0.0)
(34.006210, 18.979773, 0.0)
(33.991844, 18.984543, 0.0)
(34.004581, 18.967913, 0.0)
(33.999737, 18.952915, 0.0)
(34.005302, 19.003265, 0.0)
(34.004749, 18.993679, 0.0)
(33.999695, 18.999475, 0.0)
(33.986126, 19.065538, 0.0)
(33.982937, 19.098518, 0.0)
(33.968990, 19.132868, 0.0)
(33.956696, 19.175735, 0.0)
(33.967972, 19.193659, 0.0)
(33.973953, 19.227034, 0.0)
(33.976784, 19.232008, 0.0)
(33.967342, 19.246792, 0.0)
(33.978340, 19.228010, 0.0)
(33.952000, 19.154909, 0.0)
(33.933067, 19.188278, 0.0)
(33.930744, 19.214666, 0.0)
(33.932926, 19.224386, 0.0)
(33.950954, 19.263670, 0.0)
(33.964218, 19.236002, 0.0)
(33.929131, 19.225739, 0.0)
(33.907413, 19.224081, 0.0)
(33.898170, 19.244564, 0.0)
(33.898907, 19.243044, 0.0)
(33.880634, 19.243198, 0.0)
(33.864487, 19.278391, 0.0)
(33.867859, 19.254986, 0.0)
(33.897831, 19.174643, 0.0)
(33.887981, 19.183023, 0.0)
(33.831966, 19.216940, 0.0)
(30.315441, 21.897680, 0.0)
(27.500662, 23.581589, 0.0)
(27.009563, 25.328199, 0.0)
(27.231703, 25.894876, 0.0)
(27.222261, 25.947926, 0.0)
(27.210533, 25.939529, 0.0)
(27.210983, 25.931448, 0.0)
(27.223934, 25.925638, 0.0)
(27.209249, 25.925982, 0.0)
(27.204472, 25.929592, 0.0)
(27.216749, 25.867661, 0.0)
(27.202356, 25.826908, 0.0)
(27.204067, 25.832026, 0.0)
(27.198692, 25.824781, 0.0)
(27.210861, 25.816017, 0.0)
(27.231554, 25.833122, 0.0)
(27.214596, 25.830048, 0.0)
(27.212650, 25.775583, 0.0)
(27.213446, 25.751719, 0.0)
(27.229235, 25.747112, 0.0)
(27.212025, 25.748508, 0.0)
(27.199322, 25.776299, 0.0)
(27.190393, 25.781527, 0.0)
(27.209532, 25.703743, 0.0)
(27.202280, 25.647184, 0.0)
(27.192665, 25.658123, 0.0)
(27.198322, 25.632286, 0.0)
(27.188011, 25.633961, 0.0)
(27.200451, 25.663860, 0.0)
(27.205032, 25.670588, 0.0)
(27.189066, 25.661482, 0.0)
(27.189068, 25.602016, 0.0)
(27.185898, 25.571709, 0.0)
(27.176069, 25.566761, 0.0)
(27.182755, 25.576675, 0.0)
(27.143005, 25.623312, 0.0)
(30.116503, 26.709143, 0.0)
(34.621159, 28.557482, 0.0)
(34.813179, 29.017145, 0.0)
(34.778893, 29.095509, 0.0)
(34.758442, 29.077929, 0.0)
(34.758854, 29.097290, 0.0)
(34.776009, 29.057663, 0.0)
(34.805504, 29.037348, 0.0)
(35.299133, 29.187948, 0.0)
(35.367851, 29.241932, 0.0)
(35.353756, 29.255453, 0.0)
(35.354130, 29.270588, 0.0)
(35.353832, 29.288313, 0.0)
(35.343555, 29.287733, 0.0)
(35.340416, 29.181358, 0.0)
(35.327770, 29.137039, 0.0)
(35.093842, 28.893221, 0.0)
(35.038105, 28.877073, 0.0)
(35.041435, 28.901693, 0.0)
(35.051727, 28.891468, 0.0)
(35.049892, 28.884853, 0.0)
(35.049526, 28.876972, 0.0)
(35.059692, 28.889708, 0.0)
(35.082752, 28.885946, 0.0)
(35.067772, 28.916092, 0.0)
(35.080795, 28.934017, 0.0)
(35.084953, 28.931763, 0.0)
(35.062462, 28.915361, 0.0)
(35.053677, 28.900604, 0.0)
(35.061840, 28.912851, 0.0)
(35.058659, 28.899776, 0.0)
(35.066376, 28.895220, 0.0)
(35.073162, 28.892891, 0.0)
(35.048893, 28.925577, 0.0)
(35.060505, 28.889944, 0.0)
(35.073547, 28.875586, 0.0)
(35.085648, 28.870094, 0.0)
(35.064964, 28.893532, 0.0)
(35.079201, 28.887638, 0.0)
(36.416183, 26.485714, 0.0)
(36.608837, 25.528879, 0.0)
(36.599155, 25.453754, 0.0)
(36.598934, 25.471598, 0.0)
(36.613827, 25.456161, 0.0)
(36.635677, 25.471968, 0.0)
(36.663994, 25.477449, 0.0)
(36.614731, 25.460936, 0.0)
(36.655598, 25.418221, 0.0)
(36.706570, 25.385380, 0.0)
(36.603748, 25.294519, 0.0)
(36.607124, 25.304890, 0.0)
(36.608440, 25.328276, 0.0)
(36.606247, 25.364214, 0.0)
(36.605236, 25.308598, 0.0)
(36.637962, 25.285252, 0.0)
(36.614994, 25.302885, 0.0)
(36.637638, 25.302347, 0.0)
(36.638824, 25.316969, 0.0)
(36.634781, 25.344728, 0.0)
(36.611145, 25.348423, 0.0)
(36.629868, 25.340750, 0.0)
(36.654049, 25.361130, 0.0)
(36.656078, 25.386379, 0.0)
(36.623856, 25.356375, 0.0)
(36.638489, 25.366730, 0.0)
(36.606956, 25.294846, 0.0)
(36.592701, 25.308844, 0.0)
(36.597252, 25.301100, 0.0)
(36.578827, 25.297041, 0.0)
(36.583324, 25.288656, 0.0)
(36.581352, 25.279585, 0.0)
(36.579201, 25.273174, 0.0)
(36.574059, 25.262247, 0.0)
(36.576920, 25.264734, 0.0)
(36.581169, 25.279531, 0.0)
(36.565434, 25.286228, 0.0)
(36.570965, 25.322163, 0.0)
(36.585423, 25.278763, 0.0)
(35.989700, 25.184895, 0.0)
(31.569080, 24.345125, 0.0)
(28.930738, 24.470964, 0.0)
(28.699881, 24.031708, 0.0)
(28.827438, 24.272985, 0.0)
(28.866838, 24.363533, 0.0)
(28.826872, 24.382673, 0.0)
(28.415749, 24.327431, 0.0)
(28.389563, 24.322906, 0.0)
(28.429459, 24.396582, 0.0)
(28.417276, 24.402033, 0.0)
(28.407862, 24.460308, 0.0)
(28.390079, 24.396545, 0.0)
(28.424139, 24.343302, 0.0)
(28.484030, 24.352371, 0.0)
(28.484510, 24.370268, 0.0)
(28.475273, 24.362568, 0.0)
(28.479736, 24.392088, 0.0)
(28.482075, 24.400534, 0.0)
(28.448608, 24.368162, 0.0)
(28.458206, 24.326422, 0.0)
(28.483940, 24.321783, 0.0)
(28.483168, 24.333311, 0.0)
(28.467657, 24.342270, 0.0)
(28.476841, 24.323582, 0.0)
(28.481861, 24.304010, 0.0)
(28.466162, 24.274395, 0.0)
(28.461401, 24.269743, 0.0)
(28.461401, 24.269743, 0.0)
(28.465166, 24.288197, 0.0)
(28.475441, 24.332912, 0.0)
(28.469673, 24.326305, 0.0)
(28.469034, 24.297211, 0.0)
(28.479443, 24.289663, 0.0)
(28.481993, 24.293491, 0.0)
(28.478445, 24.295622, 0.0)
(32.442398, 21.237680, 0.0)
(36.824005, 18.436293, 0.0)
(38.634716, 17.957680, 0.0)
(39.319317, 18.438021, 0.0)
(39.248299, 18.819899, 0.0)
(39.128090, 18.993484, 0.0)
(39.693996, 19.500217, 0.0)
(39.733791, 19.434927, 0.0)
(39.740768, 19.300835, 0.0)
(39.769421, 19.268940, 0.0)
(39.776978, 19.298546, 0.0)
(39.762238, 19.281775, 0.0)
(39.545418, 19.221493, 0.0)
(39.476414, 19.157518, 0.0)
(39.439419, 19.030472, 0.0)
(39.330082, 19.009790, 0.0)
(39.403084, 19.025557, 0.0)
(39.400372, 19.000965, 0.0)
(39.409424, 19.014580, 0.0)
(39.380470, 19.106674, 0.0)
(39.371235, 19.114275, 0.0)
(39.389820, 19.144365, 0.0)
(39.393749, 19.137365, 0.0)
(39.477825, 19.105055, 0.0)
(39.486046, 19.148035, 0.0)
(39.467220, 19.102394, 0.0)
(39.442993, 19.018360, 0.0)
(39.369595, 18.996590, 0.0)
(39.314560, 19.039286, 0.0)
(39.336082, 19.125307, 0.0)
(39.321152, 19.152903, 0.0)
(39.348080, 19.088961, 0.0)
(39.348446, 19.100468, 0.0)
(39.367126, 19.082243, 0.0)
(39.371471, 19.068436, 0.0)
(39.378410, 19.080984, 0.0)
(39.384514, 19.152502, 0.0)
(36.276230, 20.197060, 0.0)
(32.511642, 22.731298, 0.0)
(32.350216, 24.790401, 0.0)
(32.516666, 25.496477, 0.0)
(32.501701, 25.553917, 0.0)
(32.478439, 25.585140, 0.0)
(32.404972, 25.391367, 0.0)
(32.396801, 25.026987, 0.0)
(32.379936, 25.055683, 0.0)
(32.370827, 25.059641, 0.0)
(32.391781, 25.032957, 0.0)
(32.411316, 24.983438, 0.0)
(32.408424, 24.969486, 0.0)
(32.403889, 24.980272, 0.0)
(32.416508, 24.954779, 0.0)
(32.403454, 24.929882, 0.0)
(32.398315, 24.966616, 0.0)
(32.402611, 25.006645, 0.0)
(32.388618, 25.060354, 0.0)
(32.406277, 25.081026, 0.0)
(32.413700, 25.067696, 0.0)
(32.404541, 25.039217, 0.0)
(32.421288, 24.968994, 0.0)
(32.425232, 24.997469, 0.0)
(32.429619, 25.034431, 0.0)
(32.416958, 25.065393, 0.0)
(32.421734, 25.096977, 0.0)
(32.419167, 25.076527, 0.0)
(32.384186, 25.047144, 0.0)
(32.378399, 25.038488, 0.0)
(32.373482, 24.997644, 0.0)
(32.364117, 24.978662, 0.0)
(32.364925, 24.981695, 0.0)
(32.349884, 25.000631, 0.0)
(32.343578, 25.014421, 0.0)
(32.349461, 24.882483, 0.0)
(32.345524, 24.864988, 0.0)
(32.334461, 24.840809, 0.0)
(33.661110, 24.045479, 0.0)
(38.080105, 21.449747, 0.0)
(39.943695, 21.065552, 0.0)
(39.843292, 21.246693, 0.0)
(39.765713, 21.367994, 0.0)
(39.798794, 21.407467, 0.0)
(39.794876, 21.396984, 0.0)
(39.826927, 21.339092, 0.0)
(39.847385, 21.336290, 0.0)
(39.832066, 21.423767, 0.0)
(39.849987, 21.475460, 0.0)
(39.829651, 21.454500, 0.0)
(39.877537, 21.461151, 0.0)
(40.049866, 21.537832, 0.0)
(40.060410, 21.528929, 0.0)
(40.061710, 21.451406, 0.0)
(40.085880, 21.487452, 0.0)
(40.085880, 21.487452, 0.0)
(40.062065, 21.485281, 0.0)
(40.085880, 21.487452, 0.0)
(40.092079, 21.508932, 0.0)
(40.068031, 21.506456, 0.0)
(40.052643, 21.443066, 0.0)
(40.067390, 21.439749, 0.0)
(40.080200, 21.402473, 0.0)
(40.043808, 21.439272, 0.0)
(40.019840, 21.452328, 0.0)
(40.025658, 21.441984, 0.0)
(40.010376, 21.398027, 0.0)
(40.013836, 21.395693, 0.0)
(40.011799, 21.375204, 0.0)
(39.995441, 21.328711, 0.0)
(40.020733, 21.336874, 0.0)
(40.011799, 21.375204, 0.0)
(40.010513, 21.375467, 0.0)
(40.016708, 21.336775, 0.0)
(40.028706, 21.302082, 0.0)
(40.215874, 21.619152, 0.0)
(41.875835, 26.416546, 0.0)
(41.918278, 28.499060, 0.0)
(41.809502, 28.731581, 0.0)
(41.756638, 28.682802, 0.0)
(41.736706, 28.687307, 0.0)
(41.676483, 28.056137, 0.0)
(41.655888, 27.983885, 0.0)
(41.652386, 27.994268, 0.0)
(41.645119, 28.002123, 0.0)
(41.605206, 27.999098, 0.0)
(41.556755, 27.931875, 0.0)
(41.545170, 27.851515, 0.0)
(41.533051, 27.892616, 0.0)
(41.532593, 27.863150, 0.0)
(41.523796, 27.843321, 0.0)
(41.534172, 27.926998, 0.0)
(41.525784, 27.878733, 0.0)
(41.504807, 27.842402, 0.0)
(41.533211, 27.815384, 0.0)
(41.531708, 27.797499, 0.0)
(41.548813, 27.821238, 0.0)
(41.542881, 27.836439, 0.0)
(41.525776, 27.849922, 0.0)
(41.550163, 27.872456, 0.0)
(41.546417, 27.940527, 0.0)
(41.549252, 27.945404, 0.0)
(41.538521, 27.995255, 0.0)
(41.513725, 27.996761, 0.0)
(41.518879, 27.974466, 0.0)
(41.435555, 27.946407, 0.0)
(41.417068, 27.915833, 0.0)
(41.421223, 27.921083, 0.0)
(41.429276, 27.881310, 0.0)
(41.435425, 27.898464, 0.0)
(41.466873, 27.943010, 0.0)
(41.442028, 27.954742, 0.0)
(41.505322, 26.696678, 0.0)
(41.300514, 21.711323, 0.0)
(41.140812, 20.584459, 0.0)
(41.167278, 20.796892, 0.0)
(41.219082, 20.913195, 0.0)
(41.278008, 20.988928, 0.0)
(41.326069, 20.987026, 0.0)
(41.308414, 20.955898, 0.0)
(41.361263, 20.991613, 0.0)
(41.205048, 20.620893, 0.0)
(41.183800, 20.573748, 0.0)
(41.203365, 20.633625, 0.0)
(41.219559, 20.642803, 0.0)
(41.207310, 20.606237, 0.0)
(41.231541, 20.673988, 0.0)
(41.227585, 20.708160, 0.0)
(41.219547, 20.771566, 0.0)
(41.200233, 20.814949, 0.0)
(41.174507, 20.829721, 0.0)
(41.158997, 20.812853, 0.0)
(41.160679, 20.805368, 0.0)
(41.157063, 20.763889, 0.0)
(41.139534, 20.730629, 0.0)
(41.133877, 20.778906, 0.0)
(41.135746, 20.781052, 0.0)
(41.114964, 20.765997, 0.0)
(41.139141, 20.718632, 0.0)
(41.141052, 20.726229, 0.0)
(41.149151, 20.714504, 0.0)
(41.135704, 20.739027, 0.0)
(41.130379, 20.750998, 0.0)
(41.136242, 20.755892, 0.0)
(41.117786, 20.717377, 0.0)
(41.122437, 20.742512, 0.0)
(41.130207, 20.769863, 0.0)
(41.109177, 20.713020, 0.0)
(41.126781, 20.734526, 0.0)
(41.130276, 20.739126, 0.0)
(39.457314, 22.654438, 0.0)
(37.383839, 26.306763, 0.0)
(37.046173, 27.530222, 0.0)
(36.981403, 27.591274, 0.0)
(36.946465, 27.505682, 0.0)
(36.927483, 27.477596, 0.0)
(36.627510, 27.414444, 0.0)
(36.517540, 27.273514, 0.0)
(36.513512, 27.236351, 0.0)
(36.526634, 27.191679, 0.0)
(36.545097, 27.152777, 0.0)
(36.535397, 27.194914, 0.0)
(36.500965, 27.168474, 0.0)
(36.454704, 27.163149, 0.0)
(36.456654, 27.157583, 0.0)
(36.474075, 27.084724, 0.0)
(36.459194, 27.059189, 0.0)
(36.434357, 27.074287, 0.0)
(36.423698, 27.071730, 0.0)
(36.378036, 27.043077, 0.0)
(36.388313, 27.007559, 0.0)
(36.388222, 27.007225, 0.0)
(36.323677, 27.017532, 0.0)
(36.337498, 27.010519, 0.0)
(36.338230, 27.011494, 0.0)
(36.320515, 27.026424, 0.0)
(36.316784, 27.049465, 0.0)
(36.347721, 27.051302, 0.0)
(36.358471, 27.065474, 0.0)
(36.346100, 27.110685, 0.0)
(36.353336, 27.126780, 0.0)
(36.351547, 27.075499, 0.0)
(36.352417, 27.060608, 0.0)
(36.351887, 27.057297, 0.0)
(36.355003, 27.058226, 0.0)
(36.353497, 27.061998, 0.0)
(36.354141, 27.073122, 0.0)
(36.338657, 27.090294, 0.0)
(36.766537, 29.273972, 0.0)
(36.658062, 29.445169, 0.0)
(36.619320, 29.416523, 0.0)
(36.602257, 29.407043, 0.0)
(36.590553, 29.397995, 0.0)
(36.600571, 29.408497, 0.0)
(36.582268, 29.393066, 0.0)
(36.576637, 29.365541, 0.0)
(36.507706, 29.500214, 0.0)
(36.519241, 29.492720, 0.0)
(36.503708, 29.544779, 0.0)
(36.511223, 29.563118, 0.0)
(36.511120, 29.580660, 0.0)
(36.507652, 29.552021, 0.0)
(36.549492, 29.533157, 0.0)
(36.579086, 29.505699, 0.0)
(36.582184, 29.507217, 0.0)
(36.580551, 29.541464, 0.0)
(36.586529, 29.543007, 0.0)
(36.556053, 29.522877, 0.0)
(36.585407, 29.526466, 0.0)
(36.584694, 29.521984, 0.0)
(36.594288, 29.554327, 0.0)
(36.596207, 29.570309, 0.0)
(36.559196, 29.588711, 0.0)
(36.570145, 29.600338, 0.0)
(36.565708, 29.591743, 0.0)
(36.568901, 29.566339, 0.0)
(36.575684, 29.595919, 0.0)
(36.563404, 29.623226, 0.0)
(36.580482, 29.582483, 0.0)
(36.566784, 29.509333, 0.0)
(36.574097, 29.552433, 0.0)
(36.561172, 29.577251, 0.0)
(36.563190, 29.549868, 0.0)
(36.572189, 29.550362, 0.0)
(36.560425, 29.509859, 0.0)
(36.542000, 29.446310, 0.0)
(36.546608, 29.427837, 0.0)
(36.528309, 29.429701, 0.0)
(36.525616, 29.434494, 0.0)
(36.532173, 29.436285, 0.0)
(36.522438, 29.443895, 0.0)
(36.512157, 29.355343, 0.0)
(36.495171, 29.353796, 0.0)
(36.499046, 29.386530, 0.0)
(36.490273, 29.364614, 0.0)
(36.496990, 29.362112, 0.0)
(36.502266, 29.375322, 0.0)
(36.498631, 29.358887, 0.0)
(36.501343, 29.336412, 0.0)
(36.519100, 29.336723, 0.0)
(36.529572, 29.320028, 0.0)
(36.499352, 29.328312, 0.0)
(36.507812, 29.348831, 0.0)
(36.498634, 29.299784, 0.0)
(36.487122, 29.252857, 0.0)
(36.503830, 29.245796, 0.0)
(36.486221, 29.273167, 0.0)
(36.477940, 29.267481, 0.0)
(36.479534, 29.301056, 0.0)
(36.474396, 29.303244, 0.0)
(36.478806, 29.249191, 0.0)
(36.493980, 29.238079, 0.0)
(36.497993, 29.248260, 0.0)
(36.496967, 29.241432, 0.0)
(36.483006, 29.263231, 0.0)
(36.488968, 29.262102, 0.0)
(36.496239, 29.218197, 0.0)
(36.484127, 29.200207, 0.0)
(36.487965, 29.180212, 0.0)
(36.458172, 29.203300, 0.0)
(36.471596, 29.174582, 0.0)
(36.468449, 29.187038, 0.0)
(36.447716, 29.170176, 0.0)
(33.948704, 25.528692, 0.0)
(32.722481, 24.157486, 0.0)
(32.607456, 24.154875, 0.0)
(32.601067, 24.314878, 0.0)
(32.581120, 24.368444, 0.0)
(32.289928, 24.048803, 0.0)
(32.224819, 23.971411, 0.0)
(32.198772, 23.957243, 0.0)
(32.180752, 23.964190, 0.0)
(32.169056, 23.951267, 0.0)
(32.115540, 23.974257, 0.0)
(32.137360, 24.017223, 0.0)
(32.127781, 23.998005, 0.0)
(32.114456, 23.970484, 0.0)
(32.143578, 23.986519, 0.0)
(32.184303, 24.010515, 0.0)
(32.180470, 23.987123, 0.0)
(32.172878, 24.002682, 0.0)
(32.181206, 23.995726, 0.0)
(32.182785, 23.962175, 0.0)
(32.163471, 23.917995, 0.0)
(32.173965, 23.915226, 0.0)
(32.136402, 23.949806, 0.0)
(32.133076, 23.949749, 0.0)
(32.177094, 23.990955, 0.0)
(32.171829, 23.993956, 0.0)
(32.157433, 24.014658, 0.0)
(32.175003, 23.998035, 0.0)
(32.204193, 23.980936, 0.0)
(32.201496, 23.989477, 0.0)
(32.219212, 24.028278, 0.0)
(32.187504, 24.075869, 0.0)
(32.193462, 24.072783, 0.0)
(32.178741, 23.977524, 0.0)
(32.187904, 23.948709, 0.0)
(32.195465, 23.957884, 0.0)
(32.154564, 23.955828, 0.0)
(32.859734, 24.495825, 0.0)
(37.401939, 28.879032, 0.0)
(37.891544, 29.836336, 0.0)
(37.877110, 29.967014, 0.0)
(37.844059, 29.887751, 0.0)
(38.329567, 30.522131, 0.0)
(38.314716, 30.557278, 0.0)
(38.308640, 30.600965, 0.0)
(38.278938, 30.621225, 0.0)
(38.300957, 30.582058, 0.0)
(38.284184, 30.489841, 0.0)
(38.276508, 30.457325, 0.0)
(38.271744, 30.461437, 0.0)
(38.249744, 30.446278, 0.0)
(38.233288, 30.460356, 0.0)
(38.228863, 30.493299, 0.0)
(38.231884, 30.510912, 0.0)
(38.248383, 30.472195, 0.0)
(38.264301, 30.427504, 0.0)
(38.257713, 30.393417, 0.0)
(38.245361, 30.414032, 0.0)
(38.223850, 30.450365, 0.0)
(38.222939, 30.479815, 0.0)
(38.230431, 30.455450, 0.0)
(38.226528, 30.424721, 0.0)
(38.223701, 30.421034, 0.0)
(38.217564, 30.419643, 0.0)
(38.203316, 30.399652, 0.0)
(38.207272, 30.427111, 0.0)
(38.211308, 30.425377, 0.0)
(38.201092, 30.406240, 0.0)
(38.189049, 30.392466, 0.0)
(38.190643, 30.375280, 0.0)
(38.171459, 30.377958, 0.0)
(38.161049, 30.430855, 0.0)
(38.145195, 30.459166, 0.0)
(38.134304, 30.466635, 0.0)
(38.126354, 30.408504, 0.0)
(34.775951, 29.771255, 0.0)
(33.026131, 29.645350, 0.0)
(32.893894, 29.648083, 0.0)
(32.894405, 29.677626, 0.0)
(32.890965, 29.752119, 0.0)
(32.924171, 29.757046, 0.0)
(32.900883, 29.792437, 0.0)
(32.917892, 29.778593, 0.0)
(32.949364, 29.774832, 0.0)
(32.945148, 29.788206, 0.0)
(32.939411, 29.812334, 0.0)
(32.909550, 29.815247, 0.0)
(32.935051, 29.799131, 0.0)
(32.935093, 29.755945, 0.0)
(32.937149, 29.721544, 0.0)
(32.948318, 29.761120, 0.0)
(32.937355, 29.770201, 0.0)
(32.936104, 29.740648, 0.0)
(32.960274, 29.734350, 0.0)
(32.932861, 29.727268, 0.0)
(32.934376, 29.672955, 0.0)
(32.954277, 29.633148, 0.0)
(32.964325, 29.643978, 0.0)
(32.961548, 29.649023, 0.0)
(32.949844, 29.672699, 0.0)
(32.937946, 29.708622, 0.0)
(32.958424, 29.704929, 0.0)
(32.958721, 29.669624, 0.0)
(32.949924, 29.618259, 0.0)
(32.949665, 29.657854, 0.0)
(32.926170, 29.651926, 0.0)
(32.916924, 29.704638, 0.0)
(32.936687, 29.733767, 0.0)
(32.918610, 29.682028, 0.0)
(32.924747, 29.677280, 0.0)
(32.930218, 29.653191, 0.0)
(33.055119, 29.554195, 0.0)
(37.656609, 24.501329, 0.0)
(41.506451, 22.222752, 0.0)
(43.038876, 20.941622, 0.0)
(43.702808, 20.736412, 0.0)
(43.906879, 20.899979, 0.0)
(43.956352, 21.066446, 0.0)
(43.935555, 21.115118, 0.0)
(44.285767, 21.588491, 0.0)
(44.275822, 21.722862, 0.0)
(44.249493, 21.773804, 0.0)
(44.189594, 21.776308, 0.0)
(44.168522, 21.774334, 0.0)
(44.172928, 21.812538, 0.0)
(44.138054, 21.852644, 0.0)
(44.124016, 21.940638, 0.0)
(44.094707, 21.966696, 0.0)
(44.026932, 21.958714, 0.0)
(43.951298, 21.952101, 0.0)
(43.893402, 21.986158, 0.0)
(43.897358, 21.996822, 0.0)
(43.834255, 21.985195, 0.0)
(43.837147, 21.994633, 0.0)
(43.843929, 22.094164, 0.0)
(43.857758, 22.091648, 0.0)
(43.850376, 22.107660, 0.0)
(43.840515, 22.113737, 0.0)
(43.844093, 22.148575, 0.0)
(43.854324, 22.209534, 0.0)
(43.853668, 22.206436, 0.0)
(43.883171, 22.208389, 0.0)
(43.937122, 22.150042, 0.0)
(43.937321, 22.097200, 0.0)
(43.947441, 22.051003, 0.0)
(43.927540, 22.058374, 0.0)
(43.951839, 22.048002, 0.0)
(43.941139, 22.090029, 0.0)
(40.760323, 21.049105, 0.0)
(37.486359, 20.195971, 0.0)
(37.394459, 20.237637, 0.0)
(37.396389, 20.259619, 0.0)
(37.684101, 20.238203, 0.0)
(38.298431, 20.320616, 0.0)
(38.356766, 20.365938, 0.0)
(38.395733, 20.351587, 0.0)
(38.426403, 20.285471, 0.0)
(38.410923, 20.239914, 0.0)
(38.440323, 20.241400, 0.0)
(38.424934, 20.182711, 0.0)
(38.411537, 20.247236, 0.0)
(38.398975, 20.280588, 0.0)
(38.373508, 20.211357, 0.0)
(38.379887, 20.183388, 0.0)
(38.371944, 20.205154, 0.0)
(38.363277, 20.220167, 0.0)
(38.364960, 20.246967, 0.0)
(38.340569, 20.276274, 0.0)
(38.339756, 20.298861, 0.0)
(38.335468, 20.190437, 0.0)
(38.317505, 20.194506, 0.0)
(38.327518, 20.237207, 0.0)
(38.306923, 20.223339, 0.0)
(38.307842, 20.272566, 0.0)
(38.306450, 20.285042, 0.0)
(38.321381, 20.242132, 0.0)
(38.300488, 20.198790, 0.0)
(38.289619, 20.143635, 0.0)
(38.309788, 20.156973, 0.0)
(38.310780, 20.195992, 0.0)
(38.310543, 20.241653, 0.0)
(38.310131, 20.282082, 0.0)
(38.307423, 20.185841, 0.0)
(38.289562, 20.147415, 0.0)
(38.300442, 20.157345, 0.0)
(38.259953, 20.143072, 0.0)
(38.251270, 20.150574, 0.0)
(38.256001, 20.177055, 0.0)
(38.256187, 20.185085, 0.0)
(38.230900, 20.159374, 0.0)
(38.113682, 20.434595, 0.0)
(36.298092, 25.050842, 0.0)
(35.458099, 28.741224, 0.0)
(34.706787, 29.478636, 0.0)
(34.591103, 29.545202, 0.0)
(34.564533, 29.485170, 0.0)
(34.585426, 29.399017, 0.0)
(34.569332, 29.408978, 0.0)
(32.572830, 29.696360, 0.0)
(30.761196, 29.408268, 0.0)
(30.632502, 29.466579, 0.0)
(30.651449, 29.473661, 0.0)
(30.643955, 29.437912, 0.0)
(30.662867, 29.421947, 0.0)
(30.701109, 29.424238, 0.0)
(28.679792, 30.035580, 0.0)
(28.575432, 30.079063, 0.0)
(28.543858, 30.069668, 0.0)
(28.554214, 30.038820, 0.0)
(28.543306, 29.959229, 0.0)
(28.462091, 30.585709, 0.0)
(28.427385, 30.701061, 0.0)
(28.439833, 30.665165, 0.0)
(28.434538, 30.707331, 0.0)
(28.443935, 30.737225, 0.0)
(28.426378, 30.746147, 0.0)
(28.431456, 30.753696, 0.0)
(28.437777, 30.747892, 0.0)
(28.429174, 30.765236, 0.0)
(28.440226, 30.771235, 0.0)
(28.510065, 30.631079, 0.0)
(30.607735, 26.280569, 0.0)
(32.608044, 24.343283, 0.0)
(32.505177, 24.266077, 0.0)
(32.466206, 24.321793, 0.0)
(34.782825, 26.635269, 0.0)
(35.076904, 28.290407, 0.0)
(35.050522, 28.430874, 0.0)
(35.024841, 28.401230, 0.0)
(35.007805, 28.405981, 0.0)
(34.976250, 28.458624, 0.0)
(34.984753, 28.478662, 0.0)
(34.966312, 28.499542, 0.0)
(34.926170, 28.501940, 0.0)
(34.897980, 28.474104, 0.0)
(34.893581, 28.406076, 0.0)
(34.906528, 28.396811, 0.0)
(34.898983, 28.459707, 0.0)
(34.881062, 28.445068, 0.0)
(34.845345, 28.419466, 0.0)
(34.885574, 28.421480, 0.0)
(34.874485, 28.417490, 0.0)
(34.868450, 28.380352, 0.0)
(34.896866, 28.400087, 0.0)
(34.903481, 28.417580, 0.0)
(34.899090, 28.432840, 0.0)
(34.888374, 28.512447, 0.0)
(34.886219, 28.520466, 0.0)
(34.894951, 28.445688, 0.0)
(34.880608, 28.373783, 0.0)
(34.873108, 28.406086, 0.0)
(34.863052, 28.426113, 0.0)
(34.855438, 28.429695, 0.0)
(34.847786, 28.508850, 0.0)
(34.861320, 28.513832, 0.0)
(34.843914, 28.481869, 0.0)
(34.854893, 28.455160, 0.0)
(34.884544, 28.441771, 0.0)
(34.860737, 28.483109, 0.0)
(34.846161, 28.487408, 0.0)
(34.824894, 28.524326, 0.0)
(35.194233, 26.114206, 0.0)
(36.079411, 21.639257, 0.0)
(36.257000, 21.244902, 0.0)
(36.288002, 21.351810, 0.0)
(36.291435, 21.403965, 0.0)
(36.283428, 21.447353, 0.0)
(36.293880, 21.472538, 0.0)
(36.321861, 21.477127, 0.0)
(36.318455, 21.419851, 0.0)
(36.355194, 21.392611, 0.0)
(36.367905, 21.400562, 0.0)
(36.379131, 21.382113, 0.0)
(36.392719, 21.377703, 0.0)
(36.395882, 21.370714, 0.0)
(36.392345, 21.373297, 0.0)
(36.381809, 21.299471, 0.0)
(36.379631, 21.303347, 0.0)
(36.374935, 21.320862, 0.0)
(36.355476, 21.322912, 0.0)
(36.357151, 21.372364, 0.0)
(36.356640, 21.367315, 0.0)
(36.356430, 21.348572, 0.0)
(36.356964, 21.325903, 0.0)
(36.364178, 21.327864, 0.0)
(36.570187, 21.499805, 0.0)
(36.561230, 21.558926, 0.0)
(36.559753, 21.597137, 0.0)
(36.559921, 21.549522, 0.0)
(36.556511, 21.455088, 0.0)
(36.609257, 21.403963, 0.0)
(36.596642, 21.405539, 0.0)
(36.587063, 21.375824, 0.0)
(36.567554, 21.371525, 0.0)
(36.546982, 21.391899, 0.0)
(36.545322, 21.377583, 0.0)
(36.534756, 21.329830, 0.0)
(36.521275, 21.303417, 0.0)
(35.704426, 21.331020, 0.0)
(30.727480, 21.034866, 0.0)
(28.055712, 21.365274, 0.0)
(28.485550, 21.769482, 0.0)
(28.655844, 21.948629, 0.0)
(28.637468, 21.968899, 0.0)
(28.647623, 21.997252, 0.0)
(28.621737, 21.987490, 0.0)
(28.633568, 21.962606, 0.0)
(28.641554, 22.009018, 0.0)
(28.654848, 22.021851, 0.0)
(28.624023, 22.022259, 0.0)
(28.644701, 21.979095, 0.0)
(28.668108, 21.967894, 0.0)
(28.676180, 21.946701, 0.0)
(28.688532, 21.953476, 0.0)
(28.696424, 21.984716, 0.0)
(28.693336, 21.959742, 0.0)
(28.692928, 21.899830, 0.0)
(28.705608, 21.903374, 0.0)
(28.711424, 21.906351, 0.0)
(28.706675, 21.895731, 0.0)
(28.703045, 21.931059, 0.0)
(28.593382, 21.748276, 0.0)
(28.600855, 21.661005, 0.0)
(28.581385, 21.623711, 0.0)
(28.593721, 21.610573, 0.0)
(28.598238, 21.599121, 0.0)
(28.608128, 21.647388, 0.0)
(28.591389, 21.662334, 0.0)
(28.599499, 21.663908, 0.0)
(28.573648, 21.622631, 0.0)
(28.585356, 21.595898, 0.0)
(28.611322, 21.597609, 0.0)
(28.623436, 21.600622, 0.0)
(28.624231, 21.626339, 0.0)
(28.634245, 21.675400, 0.0)
(28.617392, 21.651844, 0.0)
(28.771507, 21.758446, 0.0)
(33.151329, 26.079885, 0.0)
(33.709385, 27.967489, 0.0)
(33.733585, 28.148785, 0.0)
(33.696827, 28.159468, 0.0)
(33.423283, 27.855906, 0.0)
(33.093994, 27.401058, 0.0)
(33.022842, 27.347488, 0.0)
(33.014622, 27.397392, 0.0)
(32.974785, 27.279598, 0.0)
(32.915203, 27.298531, 0.0)
(32.905056, 27.308516, 0.0)
(32.869743, 27.299240, 0.0)
(32.870968, 27.258335, 0.0)
(32.862423, 27.288385, 0.0)
(32.886845, 27.334295, 0.0)
(32.895969, 27.373301, 0.0)
(32.874840, 27.426369, 0.0)
(32.885536, 27.380354, 0.0)
(32.883900, 27.334490, 0.0)
(32.879925, 27.305994, 0.0)
(32.883656, 27.307245, 0.0)
(32.867683, 27.345997, 0.0)
(32.861435, 27.353748, 0.0)
(32.833630, 27.396587, 0.0)
(32.829006, 27.354717, 0.0)
(32.822430, 27.333500, 0.0)
(32.822617, 27.330122, 0.0)
(32.829102, 27.305885, 0.0)
(32.772842, 27.331686, 0.0)
(32.778454, 27.345455, 0.0)
(32.827213, 27.331551, 0.0)
(32.851170, 27.263153, 0.0)
(32.857758, 27.260532, 0.0)
(32.845200, 27.284168, 0.0)
(32.835636, 27.266972, 0.0)
(32.850777, 27.299269, 0.0)
(32.839226, 27.323271, 0.0)
(33.293957, 25.875641, 0.0)
(35.335075, 21.137375, 0.0)
(36.342850, 20.043140, 0.0)
(36.370354, 20.181263, 0.0)
(36.354279, 20.296503, 0.0)
(36.343475, 20.355598, 0.0)
(36.312599, 20.326376, 0.0)
(36.350048, 20.279892, 0.0)
(36.380009, 20.343826, 0.0)
(36.408150, 20.332073, 0.0)
(36.415272, 20.340460, 0.0)
(36.416279, 20.321367, 0.0)
(36.416763, 20.360878, 0.0)
(36.393394, 20.356958, 0.0)
(36.398827, 20.326956, 0.0)
(36.393875, 20.315250, 0.0)
(36.408890, 20.326473, 0.0)
(36.393818, 20.366951, 0.0)
(36.421188, 20.391542, 0.0)
(36.389622, 20.346323, 0.0)
(36.388813, 20.344120, 0.0)
(36.418724, 20.352713, 0.0)
(36.397278, 20.333313, 0.0)
(36.405045, 20.313475, 0.0)
(36.406380, 20.385984, 0.0)
(36.394268, 20.390385, 0.0)
(36.390316, 20.377022, 0.0)
(36.417866, 20.394709, 0.0)
(36.405865, 20.374908, 0.0)
(36.399490, 20.365068, 0.0)
(36.362518, 20.369757, 0.0)
(36.360126, 20.387383, 0.0)
(36.357315, 20.289070, 0.0)
(36.342659, 20.319475, 0.0)
(36.369122, 20.382383, 0.0)
(36.348083, 20.365314, 0.0)
(36.359943, 20.367290, 0.0)
(36.357719, 20.401209, 0.0)
(36.864151, 23.399080, 0.0)
(36.778702, 24.694443, 0.0)
(36.766850, 24.751644, 0.0)
(36.753201, 24.722216, 0.0)
(36.733479, 24.726351, 0.0)
(36.726059, 24.734589, 0.0)
(36.734062, 24.675831, 0.0)
(36.723141, 24.651989, 0.0)
(36.731213, 24.710440, 0.0)
(36.710793, 24.718250, 0.0)
(36.700100, 24.726265, 0.0)
(36.693668, 24.740269, 0.0)
(36.684822, 24.746796, 0.0)
(36.664005, 24.763636, 0.0)
(36.681416, 24.745815, 0.0)
(36.684967, 24.744940, 0.0)
(36.675041, 24.768000, 0.0)
(36.655006, 24.827911, 0.0)
(36.646576, 24.827623, 0.0)
(36.656677, 24.776613, 0.0)
(36.667618, 24.758287, 0.0)
(36.694477, 24.761244, 0.0)
(36.679729, 24.728502, 0.0)
(36.643330, 24.717333, 0.0)
(36.647755, 24.738462, 0.0)
(36.642838, 24.764963, 0.0)
(36.650486, 24.712303, 0.0)
(36.681698, 24.722712, 0.0)
(36.689613, 24.732292, 0.0)
(36.691982, 24.769379, 0.0)
(36.683670, 24.804375, 0.0)
(36.665600, 24.765669, 0.0)
(36.668278, 24.708332, 0.0)
(36.666580, 24.727699, 0.0)
(36.673397, 24.742018, 0.0)
(36.674053, 24.710773, 0.0)
(36.669735, 24.715940, 0.0)
(37.800678, 25.157780, 0.0)
(40.266087, 25.799614, 0.0)
(40.307068, 25.873144, 0.0)
(40.325523, 25.880432, 0.0)
(40.336391, 25.894609, 0.0)
(40.346348, 25.914808, 0.0)
(40.344696, 25.943665, 0.0)
(40.363991, 25.929779, 0.0)
(40.366241, 25.893053, 0.0)
(40.368793, 25.896162, 0.0)
(40.365925, 25.908926, 0.0)
(40.353088, 25.892103, 0.0)
(40.357723, 25.922991, 0.0)
(40.364414, 25.923437, 0.0)
(40.349236, 25.880964, 0.0)
(40.338696, 25.840611, 0.0)
(40.363831, 25.873690, 0.0)
(40.351570, 25.868633, 0.0)
(40.327110, 25.873095, 0.0)
(40.341419, 25.913157, 0.0)
(40.337578, 25.894634, 0.0)
(40.329258, 25.837332, 0.0)
(40.323914, 25.831038, 0.0)
(40.340942, 25.831707, 0.0)
(40.308319, 25.824835, 0.0)
(40.322853, 25.856304, 0.0)
(40.324959, 25.855665, 0.0)
(40.304359, 25.784548, 0.0)
(40.326138, 25.767710, 0.0)
(40.317280, 25.791958, 0.0)
(40.295685, 25.786135, 0.0)
(40.300751, 25.825794, 0.0)
(40.285378, 25.870354, 0.0)
(40.284298, 25.846153, 0.0)
(40.285141, 25.762325, 0.0)
(40.298191, 25.736528, 0.0)
(40.277645, 25.772509, 0.0)
(40.273956, 25.775177, 0.0)
(40.261600, 25.801559, 0.0)
(41.399963, 26.577171, 0.0)
(41.712536, 26.788881, 0.0)
(41.737156, 26.753105, 0.0)
(41.766705, 26.757891, 0.0)
(41.760036, 26.777025, 0.0)
(41.775749, 26.796392, 0.0)
(41.944973, 27.091192, 0.0)
(41.910233, 27.169323, 0.0)
(41.897816, 27.054636, 0.0)
(41.874352, 27.035856, 0.0)
(41.908161, 27.039015, 0.0)
(41.857048, 27.026030, 0.0)
(41.871616, 27.032875, 0.0)
(41.886051, 27.055311, 0.0)
(41.901012, 27.075846, 0.0)
(41.939056, 27.037661, 0.0)
(41.970112, 27.037220, 0.0)
(41.982430, 27.033232, 0.0)
(41.975975, 27.055973, 0.0)
(41.960972, 27.137945, 0.0)
(41.956337, 27.134876, 0.0)
(41.940315, 27.090582, 0.0)
(41.964779, 27.052095, 0.0)
(41.971191, 27.051855, 0.0)
(41.955666, 27.070351, 0.0)
(41.957169, 27.053017, 0.0)
(41.951141, 27.092018, 0.0)
(41.960545, 27.060646, 0.0)
(41.917297, 27.056597, 0.0)
(41.894020, 27.023306, 0.0)
(41.901733, 27.068966, 0.0)
(41.889709, 27.125998, 0.0)
(41.877300, 27.244627, 0.0)
(41.882904, 27.302544, 0.0)
(41.874451, 27.248356, 0.0)
(41.878548, 27.194366, 0.0)
(41.862968, 27.147991, 0.0)
(43.154297, 24.662312, 0.0)
(43.959843, 24.297359, 0.0)
(44.059795, 24.446707, 0.0)
(44.079208, 24.552322, 0.0)
(44.089184, 24.544752, 0.0)
(44.088860, 24.542685, 0.0)
(44.088924, 24.516983, 0.0)
(44.100727, 24.556284, 0.0)
(44.101501, 24.568924, 0.0)
(44.100250, 24.618193, 0.0)
(44.088673, 24.609993, 0.0)
(44.106934, 24.515558, 0.0)
(44.105247, 24.513969, 0.0)
(44.117607, 24.504948, 0.0)
(44.103653, 24.487787, 0.0)
(44.110886, 24.534918, 0.0)
(44.098225, 24.508347, 0.0)
(44.083515, 24.464733, 0.0)
(44.084694, 24.422743, 0.0)
(44.101864, 24.454576, 0.0)
(44.098881, 24.447136, 0.0)
(44.079197, 24.443207, 0.0)
(44.079144, 24.447639, 0.0)
(44.080391, 24.446741, 0.0)
(44.056549, 24.338585, 0.0)
(44.087437, 24.349657, 0.0)
(44.079494, 24.369230, 0.0)
(44.073086, 24.366880, 0.0)
(44.063442, 24.377615, 0.0)
(44.069550, 24.364580, 0.0)
(44.066689, 24.353661, 0.0)
(44.063023, 24.339403, 0.0)
(44.080261, 24.326620, 0.0)
(44.085190, 24.323343, 0.0)
(44.083385, 24.325695, 0.0)
(44.067398, 24.361048, 0.0)
(44.067139, 24.348169, 0.0)
(43.867954, 24.556059, 0.0)
(43.860046, 28.123457, 0.0)
(43.846260, 28.367058, 0.0)
(43.874599, 28.343847, 0.0)
(44.176159, 27.910761, 0.0)
(44.189030, 27.657232, 0.0)
(44.190296, 27.661461, 0.0)
(44.184914, 27.631838, 0.0)
(44.199024, 27.643740, 0.0)
(44.198261, 27.656038, 0.0)
(44.168850, 27.671329, 0.0)
(44.160297, 27.646528, 0.0)
(44.170547, 27.673395, 0.0)
(44.153145, 27.632305, 0.0)
(44.133045, 27.619167, 0.0)
(44.125458, 27.652174, 0.0)
(44.113605, 27.623577, 0.0)
(44.119209, 27.664869, 0.0)
(44.101261, 27.655073, 0.0)
(44.109222, 27.644611, 0.0)
(44.122498, 27.601460, 0.0)
(44.163067, 27.599051, 0.0)
(44.151569, 27.598701, 0.0)
(44.134739, 27.571762, 0.0)
(44.136852, 27.572281, 0.0)
(44.116024, 27.527468, 0.0)
(44.108810, 27.420113, 0.0)
(44.117531, 27.478373, 0.0)
(44.097355, 27.477463, 0.0)
(44.081291, 27.465841, 0.0)
(44.089195, 27.487091, 0.0)
(44.092144, 27.472694, 0.0)
(44.061157, 27.456432, 0.0)
(44.071091, 27.453814, 0.0)
(44.070179, 27.468937, 0.0)
(44.055653, 27.507818, 0.0)
(44.043777, 27.538992, 0.0)
(43.386253, 27.099342, 0.0)
(38.929710, 23.605856, 0.0)
(36.174980, 23.049473, 0.0)
(36.267834, 23.194664, 0.0)
(36.355408, 23.341362, 0.0)
(36.408257, 23.333406, 0.0)
(36.342247, 23.244553, 0.0)
(36.369137, 23.094158, 0.0)
(36.350117, 23.046486, 0.0)
(36.472366, 22.997465, 0.0)
(36.423096, 22.974964, 0.0)
(36.430531, 23.019316, 0.0)
(36.415276, 23.158541, 0.0)
(36.441837, 23.192356, 0.0)
(36.417038, 23.208143, 0.0)
(36.431122, 23.251463, 0.0)
(36.664181, 23.298599, 0.0)
(36.687744, 23.280153, 0.0)
(36.689339, 23.299974, 0.0)
(36.681965, 23.310352, 0.0)
(36.673561, 23.339403, 0.0)
(36.681335, 23.323425, 0.0)
(36.690037, 23.336626, 0.0)
(36.677036, 23.352211, 0.0)
(36.690338, 23.324373, 0.0)
(36.694023, 23.339516, 0.0)
(36.707195, 23.295637, 0.0)
(36.658920, 23.331848, 0.0)
(36.656727, 23.350643, 0.0)
(36.661400, 23.305119, 0.0)
(36.659363, 23.323008, 0.0)
(36.654629, 23.310877, 0.0)
(36.651100, 23.327770, 0.0)
(36.663105, 23.344629, 0.0)
(36.680573, 23.340786, 0.0)
(36.668945, 23.376230, 0.0)
(36.663372, 23.336445, 0.0)
(37.256458, 22.730043, 0.0)
(39.928257, 19.992811, 0.0)
(40.851070, 19.650597, 0.0)
(40.909718, 19.831657, 0.0)
(40.939220, 19.882973, 0.0)
(41.368301, 19.837084, 0.0)
(41.424892, 19.898771, 0.0)
(41.427334, 19.894032, 0.0)
(41.434650, 19.837236, 0.0)
(41.450447, 19.797136, 0.0)
(41.442448, 19.731882, 0.0)
(41.426296, 19.725582, 0.0)
(41.413750, 19.752226, 0.0)
(41.407234, 19.769205, 0.0)
(41.395195, 19.702833, 0.0)
(41.400723, 19.710093, 0.0)
(41.406147, 19.717005, 0.0)
(41.389355, 19.722515, 0.0)
(41.380810, 19.737026, 0.0)
(41.388309, 19.832426, 0.0)
(41.372818, 19.843367, 0.0)
(41.368317, 19.871708, 0.0)
(41.376518, 19.895992, 0.0)
(41.383137, 19.865679, 0.0)
(41.328720, 19.827435, 0.0)
(41.305157, 19.846056, 0.0)
(41.272804, 19.780863, 0.0)
(41.243599, 19.797070, 0.0)
(41.264015, 19.801197, 0.0)
(41.241753, 19.770645, 0.0)
(41.232754, 19.757122, 0.0)
(41.235710, 19.751453, 0.0)
(41.171947, 19.735233, 0.0)
(41.154579, 19.723738, 0.0)
(41.160168, 19.728323, 0.0)
(41.146069, 19.747520, 0.0)
(41.136639, 19.745335, 0.0)
(41.123692, 19.753765, 0.0)
(36.800171, 18.859358, 0.0)
(32.587734, 18.742533, 0.0)
(32.132626, 19.464088, 0.0)
(32.407471, 19.822775, 0.0)
(32.387070, 19.864767, 0.0)
(32.404804, 19.913618, 0.0)
(32.370525, 19.942595, 0.0)
(32.356617, 19.936079, 0.0)
(32.013493, 19.787895, 0.0)
(32.003433, 19.818241, 0.0)
(31.965208, 19.856997, 0.0)
(31.955275, 19.881634, 0.0)
(31.944809, 19.863171, 0.0)
(31.968245, 19.786697, 0.0)
(31.982576, 19.828884, 0.0)
(31.997375, 19.827614, 0.0)
(31.961123, 19.858767, 0.0)
(31.948374, 19.907856, 0.0)
(31.929686, 19.938461, 0.0)
(31.882401, 19.965776, 0.0)
(31.867163, 19.951134, 0.0)
(31.878468, 19.959181, 0.0)
(31.905155, 19.921114, 0.0)
(31.895527, 19.962755, 0.0)
(31.885754, 19.985954, 0.0)
(31.864552, 19.906355, 0.0)
(31.877375, 19.870878, 0.0)
(31.899790, 19.833508, 0.0)
(31.867477, 19.809258, 0.0)
(31.813623, 19.799749, 0.0)
(31.819443, 19.810312, 0.0)
(31.802105, 19.778837, 0.0)
(31.799999, 19.757113, 0.0)
(31.821054, 19.795740, 0.0)
(31.805931, 19.798033, 0.0)
(31.800661, 19.786568, 0.0)
(31.803684, 19.814711, 0.0)
(31.802467, 19.790176, 0.0)
(30.097469, 20.170053, 0.0)
(28.270824, 20.823952, 0.0)
(28.178354, 20.918997, 0.0)
(28.144888, 20.936783, 0.0)
(28.184896, 20.955416, 0.0)
(28.180994, 20.958092, 0.0)
(28.173435, 20.954430, 0.0)
(28.158218, 20.947306, 0.0)
(28.165100, 20.947872, 0.0)
(28.134583, 20.962870, 0.0)
(28.111359, 20.985516, 0.0)
(28.098612, 21.005129, 0.0)
(28.088749, 20.961504, 0.0)
(28.124109, 20.923353, 0.0)
(28.138885, 20.919170, 0.0)
(28.126303, 20.951822, 0.0)
(28.132021, 20.949680, 0.0)
(28.128008, 20.966993, 0.0)
(28.136089, 20.973976, 0.0)
(28.122381, 20.954222, 0.0)
(28.102062, 20.980917, 0.0)
(28.115011, 21.002840, 0.0)
(28.132723, 21.024282, 0.0)
(28.133251, 21.051329, 0.0)
(28.137434, 21.069317, 0.0)
(28.139193, 21.004881, 0.0)
(28.145172, 20.972750, 0.0)
(28.148617, 20.979523, 0.0)
(28.151533, 20.976770, 0.0)
(28.147165, 20.997845, 0.0)
(28.137789, 20.977968, 0.0)
(28.123253, 20.948517, 0.0)
(28.125217, 20.932972, 0.0)
(28.145325, 20.920200, 0.0)
(28.147455, 20.916613, 0.0)
(28.146019, 20.929266, 0.0)
(28.096951, 20.950245, 0.0)
(30.394747, 22.867933, 0.0)
(32.731750, 27.070627, 0.0)
(33.460590, 31.191154, 0.0)
(33.362606, 31.703953, 0.0)
(33.233490, 31.613159, 0.0)
(33.143654, 31.424414, 0.0)
(32.956005, 30.603428, 0.0)
(32.848316, 30.620020, 0.0)
(32.849957, 30.665833, 0.0)
(32.869205, 30.689474, 0.0)
(32.857708, 30.665663, 0.0)
(32.854931, 30.639097, 0.0)
(32.875458, 30.610567, 0.0)
(32.856445, 30.510862, 0.0)
(32.841251, 30.498774, 0.0)
(32.883949, 30.529102, 0.0)
(32.881268, 30.500000, 0.0)
(32.867634, 30.498442, 0.0)
(32.888515, 30.438196, 0.0)
(32.889534, 30.440386, 0.0)
(32.887379, 30.448742, 0.0)
(32.896294, 30.476761, 0.0)
(32.858696, 30.524529, 0.0)
(32.887779, 30.551527, 0.0)
(32.841888, 30.616901, 0.0)
(32.838688, 30.591030, 0.0)
(32.859032, 30.531748, 0.0)
(32.877689, 30.520088, 0.0)
(32.881863, 30.559452, 0.0)
(32.910751, 30.559912, 0.0)
(32.893829, 30.587559, 0.0)
(32.892929, 30.623680, 0.0)
(32.917877, 30.600689, 0.0)
(32.929321, 30.581293, 0.0)
(32.942997, 30.597956, 0.0)
(32.943119, 30.593208, 0.0)
(32.966858, 30.657606, 0.0)
(32.981995, 30.710712, 0.0)
(32.983120, 30.667339, 0.0)
(32.941223, 30.592567, 0.0)
(32.952267, 30.599163, 0.0)
(36.185688, 29.851263, 0.0)
(39.502506, 29.557627, 0.0)
(40.318619, 29.279842, 0.0)
(40.362949, 29.322336, 0.0)
(40.348961, 29.348261, 0.0)
(40.338322, 29.373789, 0.0)
(40.374294, 29.398172, 0.0)
(40.365993, 29.385601, 0.0)
(40.369858, 29.394096, 0.0)
(40.362450, 29.445410, 0.0)
(40.363827, 29.364210, 0.0)
(40.329575, 29.340639, 0.0)
(40.338078, 29.339554, 0.0)
(40.266129, 29.329195, 0.0)
(38.334232, 27.676580, 0.0)
(37.196274, 26.280748, 0.0)
(37.033951, 26.201389, 0.0)
(37.010002, 26.207706, 0.0)
(36.989857, 26.273207, 0.0)
(36.987141, 26.309254, 0.0)
(36.996250, 26.330601, 0.0)
(36.985394, 26.418640, 0.0)
(37.013451, 26.485151, 0.0)
(37.053257, 26.452421, 0.0)
(37.066662, 26.380434, 0.0)
(37.075249, 26.371408, 0.0)
(37.083538, 26.356956, 0.0)
(37.098690, 26.374445, 0.0)
(37.145317, 26.435995, 0.0)
(37.146595, 26.410843, 0.0)
(37.151405, 26.332914, 0.0)
(37.166496, 26.253464, 0.0)
(37.178799, 26.193420, 0.0)
(37.225918, 26.211273, 0.0)
(37.186985, 26.230690, 0.0)
(33.484173, 23.703392, 0.0)
(29.826155, 21.001785, 0.0)
(28.229166, 20.299643, 0.0)
(27.707848, 20.663624, 0.0)
(27.692341, 20.820925, 0.0)
(27.617882, 20.887386, 0.0)
(27.051815, 21.197929, 0.0)
(26.733074, 21.376270, 0.0)
(26.708004, 21.399534, 0.0)
(26.715384, 21.368935, 0.0)
(26.730658, 21.393482, 0.0)
(26.721209, 21.414080, 0.0)
(26.704090, 21.469683, 0.0)
(26.673723, 21.508310, 0.0)
(26.689857, 21.458389, 0.0)
(26.698597, 21.411303, 0.0)
(26.690981, 21.441393, 0.0)
(26.686722, 21.473339, 0.0)
(26.653667, 21.520370, 0.0)
(26.633009, 21.568001, 0.0)
(26.678686, 21.612139, 0.0)
(26.682709, 21.638426, 0.0)
(26.661478, 21.600338, 0.0)
(26.678770, 21.629234, 0.0)
(26.676023, 21.664946, 0.0)
(26.631569, 21.711130, 0.0)
(26.636421, 21.790045, 0.0)
(26.653307, 21.724304, 0.0)
(26.667322, 21.617022, 0.0)
(26.678753, 21.592794, 0.0)
(26.678785, 21.602791, 0.0)
(26.680216, 21.634695, 0.0)
(26.680853, 21.692308, 0.0)
(26.677914, 21.725105, 0.0)
(26.683846, 21.706099, 0.0)
(26.676350, 21.674162, 0.0)
(26.715883, 21.695932, 0.0)
(26.710876, 21.689749, 0.0)
(31.838232, 22.268164, 0.0)
(36.878719, 21.989212, 0.0)
(40.231686, 23.271450, 0.0)
(42.596447, 25.786985, 0.0)
(43.487423, 27.226957, 0.0)
(43.510040, 27.599022, 0.0)
(43.649944, 27.587784, 0.0)
(43.672832, 27.576756, 0.0)
(43.998035, 27.000504, 0.0)
(44.014828, 26.975916, 0.0)
(44.032772, 26.963907, 0.0)
(44.037998, 26.950834, 0.0)
(44.026325, 26.939554, 0.0)
(44.028515, 26.976435, 0.0)
(44.053593, 27.047434, 0.0)
(43.987122, 27.036417, 0.0)
(43.964962, 26.974611, 0.0)
(43.973183, 26.948833, 0.0)
(43.987541, 26.937399, 0.0)
(43.903912, 26.990456, 0.0)
(43.894764, 27.017902, 0.0)
(43.920216, 27.007931, 0.0)
(43.882942, 26.989262, 0.0)
(43.933380, 26.904907, 0.0)
(43.940723, 26.921398, 0.0)
(43.952816, 26.906509, 0.0)
(43.898388, 26.953657, 0.0)
(43.880943, 26.961527, 0.0)
(43.890511, 26.947409, 0.0)
(43.892063, 26.891068, 0.0)
(43.901234, 26.840265, 0.0)
(43.899429, 26.852289, 0.0)
(43.876987, 26.824448, 0.0)
(43.856102, 26.841629, 0.0)
(43.871780, 26.844484, 0.0)
(43.863728, 26.825396, 0.0)
(43.886909, 26.743568, 0.0)
(43.626644, 24.239056, 0.0)
(43.222897, 21.186867, 0.0)
(42.969421, 20.446222, 0.0)
(42.879360, 20.527750, 0.0)
(42.853115, 20.580971, 0.0)
(42.826786, 20.539455, 0.0)
(43.159412, 20.881577, 0.0)
(43.281391, 21.016460, 0.0)
(43.219933, 20.944576, 0.0)
(43.245346, 20.979000, 0.0)
(43.284298, 20.996969, 0.0)
(43.270641, 20.963305, 0.0)
(43.249474, 20.902075, 0.0)
(43.260441, 20.884289, 0.0)
(43.260345, 20.818424, 0.0)
(43.256866, 20.816330, 0.0)
(43.249115, 20.830351, 0.0)
(43.240868, 20.871738, 0.0)
(43.201546, 20.827620, 0.0)
(43.170307, 20.770634, 0.0)
(43.147465, 20.770878, 0.0)
(43.136200, 20.782061, 0.0)
(43.101570, 20.828371, 0.0)
(43.068707, 20.783253, 0.0)
(43.036510, 20.761805, 0.0)
(43.033455, 20.763935, 0.0)
(43.034237, 20.735620, 0.0)
(43.011005, 20.712626, 0.0)
(43.011982, 20.707693, 0.0)
(43.005066, 20.738367, 0.0)
(43.003922, 20.749208, 0.0)
(43.004929, 20.686361, 0.0)
(42.998444, 20.629837, 0.0)
(43.011909, 20.683371, 0.0)
(43.007359, 20.722719, 0.0)
(43.011005, 20.701351, 0.0)
(42.881958, 20.721209, 0.0)
(38.140202, 19.868059, 0.0)
(33.809120, 20.679203, 0.0)
(32.096039, 21.212141, 0.0)
(32.105579, 21.232754, 0.0)
(31.962275, 21.185375, 0.0)
(31.896959, 21.168562, 0.0)
(31.845743, 21.199770, 0.0)
(31.924032, 21.142157, 0.0)
(31.941866, 21.116354, 0.0)
(32.002880, 21.102148, 0.0)
(31.970327, 21.203243, 0.0)
(32.025124, 21.210651, 0.0)
(32.026096, 21.260015, 0.0)
(32.051754, 21.263739, 0.0)
(32.060097, 21.191015, 0.0)
(32.058388, 21.132868, 0.0)
(32.070267, 21.118761, 0.0)
(32.074589, 21.139421, 0.0)
(32.059155, 21.173166, 0.0)
(32.030754, 21.183365, 0.0)
(32.034966, 21.137062, 0.0)
(32.028683, 21.099533, 0.0)
(32.035484, 21.080484, 0.0)
(32.017067, 21.099504, 0.0)
(32.027931, 21.132841, 0.0)
(32.062237, 21.153027, 0.0)
(32.054684, 21.175615, 0.0)
(32.057732, 21.164429, 0.0)
(32.066074, 21.159657, 0.0)
(32.076649, 21.185940, 0.0)
(32.058594, 21.225697, 0.0)
(32.063908, 21.261812, 0.0)
(32.035801, 21.249598, 0.0)
(32.028988, 21.184660, 0.0)
(32.030949, 21.131678, 0.0)
(32.026814, 21.148596, 0.0)
(32.015934, 21.186047, 0.0)
(36.060410, 23.075951, 0.0)
(36.275562, 23.380833, 0.0)
(36.264652, 23.357407, 0.0)
(36.255905, 23.299519, 0.0)
(36.253544, 23.288465, 0.0)
(36.259159, 23.295250, 0.0)
(36.252853, 23.351946, 0.0)
(36.221298, 23.348459, 0.0)
(36.203556, 23.333244, 0.0)
(36.192444, 23.254208, 0.0)
(36.223026, 23.184616, 0.0)
(36.239025, 23.170012, 0.0)
(36.242508, 23.148844, 0.0)
(36.249176, 23.207466, 0.0)
(36.244247, 23.221775, 0.0)
(36.240246, 23.183596, 0.0)
(36.240917, 23.156670, 0.0)
(36.264236, 23.098246, 0.0)
(36.259552, 23.069719, 0.0)
(36.267174, 23.081282, 0.0)
(36.268097, 23.153252, 0.0)
(36.256462, 23.122192, 0.0)
(36.231247, 23.027081, 0.0)
(36.254597, 22.985785, 0.0)
(36.252529, 23.010406, 0.0)
(36.176479, 23.005486, 0.0)
(36.169334, 23.053305, 0.0)
(36.170555, 23.077393, 0.0)
(36.146664, 23.065159, 0.0)
(36.176636, 23.056026, 0.0)
(36.180843, 23.089561, 0.0)
(36.180630, 23.085772, 0.0)
(36.187874, 23.128872, 0.0)
(36.177593, 23.186382, 0.0)
(36.173923, 23.178291, 0.0)
(36.153072, 23.106131, 0.0)
(36.168346, 23.072601, 0.0)
(36.167545, 23.094910, 0.0)
(34.693336, 23.753977, 0.0)
(30.887035, 25.675438, 0.0)
(30.695751, 25.887735, 0.0)
(30.659330, 25.909422, 0.0)
(30.631905, 25.878103, 0.0)
(30.641773, 25.874447, 0.0)
(30.650932, 25.902351, 0.0)
(30.639919, 25.921354, 0.0)
(30.644707, 25.970507, 0.0)
(30.650656, 25.980398, 0.0)
(30.646561, 25.965178, 0.0)
(30.646608, 25.946276, 0.0)
(30.646574, 25.967064, 0.0)
(30.638142, 25.951519, 0.0)
(30.635370, 25.966511, 0.0)
(30.638922, 25.987009, 0.0)
(30.635967, 26.001547, 0.0)
(30.608154, 25.975536, 0.0)
(30.632286, 25.981003, 0.0)
(30.620026, 25.976795, 0.0)
(30.593670, 25.952171, 0.0)
(30.605503, 25.977354, 0.0)
(30.585266, 25.973644, 0.0)
(30.619526, 25.943054, 0.0)
(30.615112, 25.862478, 0.0)
(30.621511, 25.842295, 0.0)
(30.595675, 25.816086, 0.0)
(30.599396, 25.838757, 0.0)
(30.569353, 25.853304, 0.0)
(30.583803, 25.788565, 0.0)
(30.572639, 25.773590, 0.0)
(30.569416, 25.753750, 0.0)
(30.579313, 25.772667, 0.0)
(30.589272, 25.829159, 0.0)
(30.576057, 25.853741, 0.0)
(30.554951, 25.904364, 0.0)
(30.584728, 25.837391, 0.0)
(30.564556, 25.755507, 0.0)
(29.341564, 27.201777, 0.0)
(27.195911, 30.011490, 0.0)
(27.268353, 30.727501, 0.0)
(27.479818, 30.813187, 0.0)
(27.509972, 30.772446, 0.0)
(27.506147, 30.749411, 0.0)
(27.507328, 30.737194, 0.0)
(27.522465, 30.762871, 0.0)
(27.496849, 30.783524, 0.0)
(27.603485, 30.693390, 0.0)
(27.797964, 30.529985, 0.0)
(27.813456, 30.479774, 0.0)
(27.817064, 30.387341, 0.0)
(27.809830, 30.369692, 0.0)
(27.797409, 30.366890, 0.0)
(27.765188, 30.390759, 0.0)
(27.770029, 30.419859, 0.0)
(27.761112, 30.463297, 0.0)
(27.766792, 30.410889, 0.0)
(27.788748, 30.393522, 0.0)
(27.813059, 30.372128, 0.0)
(27.804855, 30.346394, 0.0)
(27.783680, 30.395241, 0.0)
(27.787313, 30.400272, 0.0)
(27.774818, 30.461805, 0.0)
(27.764082, 30.400000, 0.0)
(27.799696, 30.339642, 0.0)
(27.807453, 30.336700, 0.0)
(27.799679, 30.371300, 0.0)
(27.798262, 30.392454, 0.0)
(27.773352, 30.409145, 0.0)
(27.799015, 30.401554, 0.0)
(27.813461, 30.375488, 0.0)
(27.833540, 30.382380, 0.0)
(27.831724, 30.374607, 0.0)
(27.869303, 30.446363, 0.0)
(27.878286, 30.460894, 0.0)
(31.585054, 29.442028, 0.0)
(32.640907, 29.384436, 0.0)
(32.762962, 29.278025, 0.0)
(32.741474, 29.220600, 0.0)
(32.759747, 29.224102, 0.0)
(32.762001, 29.261686, 0.0)
(32.754436, 29.248014, 0.0)
(32.733063, 29.329121, 0.0)
(32.723087, 29.360628, 0.0)
(32.697140, 29.337109, 0.0)
(32.695782, 29.305464, 0.0)
(32.732742, 29.267292, 0.0)
(32.726433, 29.289572, 0.0)
(32.724224, 29.260925, 0.0)
(32.723682, 29.255966, 0.0)
(32.725822, 29.263039, 0.0)
(32.731842, 29.209066, 0.0)
(32.731613, 29.148270, 0.0)
(32.732121, 29.144661, 0.0)
(32.714993, 29.192032, 0.0)
(32.713531, 29.230038, 0.0)
(32.714485, 29.266737, 0.0)
(32.706795, 29.265886, 0.0)
(32.718613, 29.224190, 0.0)
(32.717010, 29.224813, 0.0)
(32.714760, 29.207617, 0.0)
(32.714005, 29.225416, 0.0)
(32.715210, 29.233910, 0.0)
(32.719112, 29.243603, 0.0)
(32.759930, 29.264330, 0.0)
(32.765476, 29.257605, 0.0)
(32.765987, 29.244062, 0.0)
(32.775276, 29.261618, 0.0)
(32.783443, 29.254160, 0.0)
(32.793369, 29.261168, 0.0)
(32.810036, 29.271585, 0.0)
(32.817177, 29.290234, 0.0)
(33.338478, 29.315359, 0.0)
(37.892265, 29.628817, 0.0)
(38.536453, 29.832729, 0.0)
(38.575722, 29.847002, 0.0)
(38.558807, 29.876869, 0.0)
(38.563297, 29.898176, 0.0)
(38.588631, 29.959002, 0.0)
(38.579281, 29.933781, 0.0)
(38.583958, 29.885477, 0.0)
(38.571007, 29.945261, 0.0)
(38.563747, 29.926250, 0.0)
(38.530197, 29.947485, 0.0)
(38.496231, 29.955097, 0.0)
(38.261745, 30.001240, 0.0)
(38.226727, 29.983564, 0.0)
(38.243347, 29.930336, 0.0)
(38.226700, 29.938251, 0.0)
(38.205238, 29.943676, 0.0)
(38.193520, 29.984396, 0.0)
(38.176510, 29.972910, 0.0)
(38.196144, 29.909752, 0.0)
(38.201813, 29.831392, 0.0)
(38.208786, 29.821819, 0.0)
(38.188557, 29.807108, 0.0)
(38.173954, 29.813530, 0.0)
(38.193672, 29.853333, 0.0)
(38.196621, 29.854603, 0.0)
(38.197056, 29.816370, 0.0)
(38.209053, 29.815643, 0.0)
(38.183537, 29.812735, 0.0)
(38.171516, 29.822063, 0.0)
(38.143879, 29.814875, 0.0)
(38.125469, 29.850780, 0.0)
(38.134876, 29.858923, 0.0)
(38.127110, 29.805975, 0.0)
(38.134178, 29.766930, 0.0)
(38.147015, 29.750753, 0.0)
(38.156418, 29.780586, 0.0)
(38.041321, 29.774664, 0.0)
(34.046635, 25.475311, 0.0)
(30.510015, 24.263327, 0.0)
(28.374863, 22.412931, 0.0)
(28.006111, 22.593302, 0.0)
(28.050158, 22.861616, 0.0)
(28.059387, 23.023182, 0.0)
(28.051662, 23.088339, 0.0)
(28.180029, 23.261774, 0.0)
(28.384268, 23.516439, 0.0)
(28.363710, 23.462227, 0.0)
(28.340002, 23.408463, 0.0)
(28.355536, 23.353779, 0.0)
(28.379070, 23.331688, 0.0)
(28.389734, 23.349737, 0.0)
(28.361874, 23.346724, 0.0)
(28.348928, 23.311123, 0.0)
(28.341286, 23.286392, 0.0)
(28.362762, 23.219109, 0.0)
(28.383465, 23.212999, 0.0)
(28.407009, 23.234072, 0.0)
(28.397362, 23.280462, 0.0)
(28.390564, 23.309698, 0.0)
(28.391989, 23.272701, 0.0)
(28.383394, 23.185175, 0.0)
(28.393167, 23.184290, 0.0)
(28.361965, 23.219883, 0.0)
(28.345873, 23.227417, 0.0)
(28.347809, 23.264431, 0.0)
(28.339867, 23.247173, 0.0)
(28.345608, 23.224731, 0.0)
(28.330250, 23.175898, 0.0)
(28.354433, 23.142513, 0.0)
(28.360655, 23.145020, 0.0)
(28.362858, 23.197947, 0.0)
(28.352844, 23.229227, 0.0)
(28.341499, 23.183884, 0.0)
(28.355316, 23.110596, 0.0)
(32.422409, 24.501759, 0.0)
(37.372395, 27.443123, 0.0)
(39.317368, 29.807404, 0.0)
(39.431534, 30.258091, 0.0)
(39.512535, 30.159807, 0.0)
(39.782223, 29.908482, 0.0)
(40.016644, 29.617514, 0.0)
(40.094738, 29.584738, 0.0)
(40.090954, 29.618919, 0.0)
(40.078640, 29.648022, 0.0)
(40.004959, 29.630449, 0.0)
(40.033298, 29.639589, 0.0)
(40.030102, 29.563591, 0.0)
(40.018398, 29.530256, 0.0)
(40.023731, 29.641954, 0.0)
(40.008564, 29.639759, 0.0)
(40.005592, 29.636972, 0.0)
(40.013081, 29.661049, 0.0)
(39.985424, 29.655552, 0.0)
(39.958168, 29.594597, 0.0)
(39.959167, 29.584906, 0.0)
(39.978615, 29.577473, 0.0)
(39.953243, 29.621807, 0.0)
(39.947781, 29.641878, 0.0)
(39.940147, 29.619843, 0.0)
(39.929348, 29.560999, 0.0)
(39.936188, 29.525888, 0.0)
(39.934925, 29.549549, 0.0)
(39.936188, 29.525888, 0.0)
(39.938007, 29.589298, 0.0)
(39.948429, 29.601606, 0.0)
(39.928860, 29.602280, 0.0)
(39.941559, 29.569815, 0.0)
(39.927666, 29.581861, 0.0)
(39.943424, 29.578379, 0.0)
(39.936882, 29.625849, 0.0)
(39.915894, 29.661093, 0.0)
(39.927547, 29.668581, 0.0)
(36.822781, 28.187992, 0.0)
(31.926481, 26.256496, 0.0)
(28.612108, 25.385782, 0.0)
(27.119608, 24.834362, 0.0)
(26.800127, 25.505222, 0.0)
(26.724611, 25.703987, 0.0)
(26.829054, 25.643196, 0.0)
(26.802979, 25.585140, 0.0)
(26.821562, 25.514196, 0.0)
(26.959291, 25.492455, 0.0)
(27.133619, 25.607819, 0.0)
(27.146090, 25.635605, 0.0)
(27.153183, 25.575590, 0.0)
(27.148048, 25.503693, 0.0)
(27.148172, 25.482712, 0.0)
(27.146711, 25.496664, 0.0)
(27.145149, 25.477388, 0.0)
(27.124388, 25.541750, 0.0)
(27.061295, 25.609623, 0.0)
(27.113213, 25.537529, 0.0)
(27.127411, 25.527620, 0.0)
(27.141457, 25.490164, 0.0)
(27.138384, 25.502197, 0.0)
(27.142334, 25.522799, 0.0)
(27.160105, 25.566208, 0.0)
(27.165855, 25.516592, 0.0)
(27.145741, 25.481915, 0.0)
(27.178263, 25.530079, 0.0)
(27.142075, 25.525366, 0.0)
(27.116089, 25.525621, 0.0)
(27.134384, 25.541656, 0.0)
(27.145435, 25.568203, 0.0)
(27.126102, 25.528624, 0.0)
(27.138393, 25.532207, 0.0)
(27.146454, 25.571321, 0.0)
(27.123615, 25.597628, 0.0)
(27.137259, 25.632072, 0.0)
(29.021856, 26.409832, 0.0)
(29.294867, 26.572489, 0.0)
(29.290590, 26.521994, 0.0)
(29.284025, 26.530394, 0.0)
(28.823679, 26.402437, 0.0)
(28.749281, 26.441603, 0.0)
(28.748026, 26.477894, 0.0)
(28.748178, 26.453400, 0.0)
(28.770586, 26.409079, 0.0)
(28.770647, 26.382269, 0.0)
(28.814251, 26.363480, 0.0)
(28.807751, 26.406944, 0.0)
(28.764284, 26.428926, 0.0)
(28.783281, 26.404545, 0.0)
(28.783646, 26.346775, 0.0)
(28.788759, 26.326542, 0.0)
(28.796791, 26.351784, 0.0)
(28.780361, 26.345755, 0.0)
(28.780268, 26.349112, 0.0)
(28.786554, 26.363592, 0.0)
(28.759588, 26.318455, 0.0)
(28.761538, 26.301493, 0.0)
(28.780827, 26.288931, 0.0)
(28.795824, 26.294935, 0.0)
(28.792749, 26.318815, 0.0)
(28.773754, 26.327131, 0.0)
(28.792667, 26.305019, 0.0)
(28.803707, 26.242466, 0.0)
(28.777054, 26.198767, 0.0)
(28.757027, 26.225082, 0.0)
(28.741804, 26.229492, 0.0)
(28.736027, 26.233517, 0.0)
(28.735941, 26.248062, 0.0)
(28.734011, 26.200871, 0.0)
(28.750669, 26.199665, 0.0)
(28.774717, 26.217447, 0.0)
(28.770344, 26.217655, 0.0)
(29.553736, 26.026299, 0.0)
(35.336441, 24.216818, 0.0)
(39.678463, 24.624981, 0.0)
(40.760456, 25.356106, 0.0)
(40.802040, 25.419371, 0.0)
(40.807961, 25.415697, 0.0)
(40.744541, 25.418005, 0.0)
(40.687904, 25.414398, 0.0)
(40.659161, 25.424137, 0.0)
(40.172581, 25.233620, 0.0)
(40.188068, 25.251099, 0.0)
(40.206085, 25.260324, 0.0)
(40.209415, 25.261187, 0.0)
(40.233589, 25.285982, 0.0)
(40.216576, 25.284487, 0.0)
(40.238834, 25.287842, 0.0)
(40.272305, 25.201614, 0.0)
(40.265835, 25.206417, 0.0)
(40.280590, 25.233105, 0.0)
(40.259914, 25.223808, 0.0)
(40.261955, 25.220327, 0.0)
(40.301937, 25.214911, 0.0)
(40.285057, 25.206429, 0.0)
(40.221306, 25.180389, 0.0)
(40.244534, 25.188198, 0.0)
(40.251007, 25.192835, 0.0)
(40.245403, 25.191372, 0.0)
(40.282730, 25.213509, 0.0)
(40.286949, 25.235950, 0.0)
(40.265289, 25.175314, 0.0)
(40.246826, 25.107693, 0.0)
(40.271553, 25.135077, 0.0)
(40.245247, 25.187294, 0.0)
(40.222557, 25.200455, 0.0)
(40.213120, 25.268524, 0.0)
(40.205158, 25.315451, 0.0)
(40.188217, 25.271000, 0.0)
(40.206875, 25.243273, 0.0)
(40.236092, 25.236961, 0.0)
(40.225868, 25.260290, 0.0)
(40.213619, 25.295010, 0.0)
(40.216007, 25.298979, 0.0)
(39.232479, 25.934252, 0.0)
(36.628510, 26.984682, 0.0)
(36.396042, 27.124199, 0.0)
(36.372253, 27.134872, 0.0)
(36.377838, 27.119974, 0.0)
(36.345425, 27.185034, 0.0)
(36.360558, 27.208530, 0.0)
(36.343227, 27.159611, 0.0)
(36.329933, 27.104750, 0.0)
(36.419437, 26.602404, 0.0)
(36.515354, 25.834095, 0.0)
(36.536568, 25.824739, 0.0)
(36.526028, 25.859135, 0.0)
(36.520821, 25.875113, 0.0)
(36.565029, 25.811779, 0.0)
(36.529762, 25.761646, 0.0)
(36.550755, 25.793884, 0.0)
(36.391449, 25.305744, 0.0)
(36.394150, 25.292929, 0.0)
(36.404327, 25.360128, 0.0)
(36.441723, 25.356478, 0.0)
(36.437965, 25.272886, 0.0)
(36.456081, 25.247587, 0.0)
(36.474785, 25.248140, 0.0)
(36.475376, 25.286528, 0.0)
(36.469265, 25.367136, 0.0)
(36.426506, 25.421133, 0.0)
(36.395046, 25.411356, 0.0)
(36.378334, 25.344831, 0.0)
(36.380016, 25.313046, 0.0)
(36.402073, 25.342453, 0.0)
(36.525627, 25.278677, 0.0)
(36.705402, 25.206366, 0.0)
(36.712120, 25.230232, 0.0)
(36.995018, 25.231833, 0.0)
(41.284058, 25.832912, 0.0)
(43.055080, 26.220987, 0.0)
(43.136005, 26.262423, 0.0)
(43.115395, 26.293228, 0.0)
(43.065395, 26.308603, 0.0)
(43.005909, 26.373772, 0.0)
(42.959602, 26.361147, 0.0)
(43.005398, 26.259232, 0.0)
(43.040607, 26.313677, 0.0)
(42.917805, 26.493225, 0.0)
(42.873161, 26.492722, 0.0)
(42.873127, 26.504435, 0.0)
(42.879684, 26.493509, 0.0)
(42.785069, 26.501583, 0.0)
(42.838409, 26.446756, 0.0)
(42.835411, 26.482632, 0.0)
(42.865086, 26.456305, 0.0)
(42.884090, 26.472448, 0.0)
(42.884144, 26.470293, 0.0)
(42.944523, 26.499012, 0.0)
(42.921631, 26.457603, 0.0)
(42.930408, 26.454491, 0.0)
(42.958515, 26.480934, 0.0)
(42.927647, 26.474333, 0.0)
(42.937065, 26.456631, 0.0)
(42.998260, 26.433735, 0.0)
(42.986111, 26.404549, 0.0)
(42.996723, 26.340288, 0.0)
(42.998772, 26.335901, 0.0)
(42.996723, 26.345766, 0.0)
(42.959469, 26.362398, 0.0)
(42.948425, 26.368567, 0.0)
(42.903435, 26.401640, 0.0)
(42.907345, 26.359118, 0.0)
(42.880032, 26.312975, 0.0)
(42.881756, 26.305819, 0.0)
(40.929474, 27.246138, 0.0)
(38.948811, 29.116308, 0.0)
(38.892830, 29.107571, 0.0)
(38.854855, 29.054634, 0.0)
(38.690845, 29.069540, 0.0)
(38.666698, 29.073452, 0.0)
(38.660583, 29.076923, 0.0)
(38.334435, 29.075272, 0.0)
(38.327621, 29.053387, 0.0)
(38.302040, 29.068760, 0.0)
(38.297157, 29.045399, 0.0)
(38.305679, 28.977371, 0.0)
(38.291077, 29.006290, 0.0)
(38.289944, 29.009649, 0.0)
(38.251221, 28.982002, 0.0)
(38.229641, 28.942232, 0.0)
(38.235271, 28.946878, 0.0)
(38.201080, 28.983250, 0.0)
(38.201214, 28.988083, 0.0)
(38.189228, 28.985260, 0.0)
(38.198257, 28.946039, 0.0)
(38.212772, 28.960842, 0.0)
(38.214050, 29.005352, 0.0)
(38.215958, 29.040188, 0.0)
(38.209015, 28.965269, 0.0)
(38.161232, 28.955387, 0.0)
(38.156784, 28.983307, 0.0)
(38.130203, 29.009888, 0.0)
(38.128895, 29.005852, 0.0)
(38.134151, 29.013733, 0.0)
(38.140205, 29.009756, 0.0)
(38.143902, 28.983694, 0.0)
(38.147869, 28.977812, 0.0)
(38.151249, 28.989475, 0.0)
(38.151905, 28.993525, 0.0)
(38.157913, 29.041622, 0.0)
(38.150444, 29.044708, 0.0)
(41.040932, 27.163801, 0.0)
(43.183723, 25.983408, 0.0)
(43.731911, 25.828165, 0.0)
(43.777267, 25.866255, 0.0)
(43.765995, 25.922470, 0.0)
(43.663933, 25.953011, 0.0)
(43.797916, 25.950623, 0.0)
(43.713795, 25.637045, 0.0)
(43.704742, 25.348038, 0.0)
(43.792049, 25.335175, 0.0)
(43.793221, 25.375200, 0.0)
(43.789536, 25.422880, 0.0)
(43.788845, 25.436560, 0.0)
(43.790775, 25.424921, 0.0)
(43.791908, 25.335865, 0.0)
(43.778900, 25.307016, 0.0)
(43.777683, 25.336405, 0.0)
(43.755222, 25.332714, 0.0)
(43.744507, 25.343042, 0.0)
(43.733391, 25.343969, 0.0)
(43.695591, 25.380428, 0.0)
(43.690334, 25.350264, 0.0)
(43.699020, 25.329372, 0.0)
(43.712105, 25.343649, 0.0)
(43.693138, 25.315462, 0.0)
(43.684799, 25.337015, 0.0)
(43.697647, 25.382208, 0.0)
(43.691868, 25.309059, 0.0)
(43.689960, 25.293980, 0.0)
(43.708855, 25.280807, 0.0)
(43.705151, 25.273333, 0.0)
(43.693356, 25.298229, 0.0)
(43.702168, 25.348503, 0.0)
(43.704662, 25.397991, 0.0)
(43.736698, 25.397663, 0.0)
(42.408932, 25.133289, 0.0)
(38.608742, 24.591839, 0.0)
(34.665058, 24.208103, 0.0)
(33.552299, 24.399862, 0.0)
(33.257965, 25.281172, 0.0)
(33.220711, 25.386280, 0.0)
(33.177559, 25.312227, 0.0)
(34.029381, 24.862268, 0.0)
(34.200142, 24.824629, 0.0)
(34.173862, 24.797661, 0.0)
(34.197632, 24.802931, 0.0)
(34.208160, 24.795744, 0.0)
(34.203320, 24.778116, 0.0)
(34.202530, 24.706831, 0.0)
(34.216930, 24.685455, 0.0)
(34.209644, 24.669277, 0.0)
(34.218052, 24.694897, 0.0)
(34.214619, 24.727190, 0.0)
(34.213917, 24.685627, 0.0)
(34.206341, 24.620882, 0.0)
(34.211639, 24.627571, 0.0)
(34.216671, 24.643177, 0.0)
(34.224907, 24.631491, 0.0)
(34.199356, 24.654236, 0.0)
(34.193230, 24.673992, 0.0)
(34.209366, 24.671343, 0.0)
(34.207859, 24.632240, 0.0)
(34.245865, 24.599787, 0.0)
(34.211254, 24.622370, 0.0)
(34.209366, 24.665398, 0.0)
(34.209896, 24.715033, 0.0)
(34.204063, 24.654074, 0.0)
(34.238441, 24.562321, 0.0)
(34.230858, 24.520018, 0.0)
(34.250866, 24.552103, 0.0)
(34.210499, 24.568314, 0.0)
(34.193260, 24.621193, 0.0)
(34.208992, 24.609543, 0.0)
(34.204117, 24.585768, 0.0)
(34.245956, 24.555540, 0.0)
(32.258781, 23.450197, 0.0)
(30.252335, 21.821825, 0.0)
(29.968346, 21.745554, 0.0)
(29.944153, 21.919632, 0.0)
(29.892889, 22.059898, 0.0)
(29.899565, 22.069071, 0.0)
(29.892395, 22.033388, 0.0)
(29.882742, 22.010048, 0.0)
(29.893614, 21.975296, 0.0)
(29.876919, 22.017754, 0.0)
(29.863110, 22.063280, 0.0)
(29.857800, 22.085018, 0.0)
(29.848892, 22.057598, 0.0)
(29.873707, 22.035254, 0.0)
(29.895674, 22.052197, 0.0)
(29.868393, 22.087221, 0.0)
(29.881151, 22.164591, 0.0)
(30.011501, 22.395296, 0.0)
(29.999241, 22.402136, 0.0)
(30.010372, 22.336428, 0.0)
(30.015625, 22.293001, 0.0)
(29.998562, 22.348671, 0.0)
(29.972488, 22.349478, 0.0)
(29.958998, 22.362713, 0.0)
(29.956890, 22.357666, 0.0)
(29.941719, 22.304367, 0.0)
(29.917515, 22.252708, 0.0)
(29.937801, 22.219234, 0.0)
(29.949224, 22.227194, 0.0)
(29.950493, 22.279867, 0.0)
(29.948240, 22.292862, 0.0)
(29.937584, 22.241322, 0.0)
(29.924910, 22.171675, 0.0)
(29.910400, 22.185287, 0.0)
(29.898493, 22.225212, 0.0)
(29.877918, 22.245567, 0.0)
(29.859213, 22.283686, 0.0)
(29.866070, 22.247808, 0.0)
(30.041965, 22.291494, 0.0)
(36.091637, 25.899878, 0.0)
(39.241970, 29.700487, 0.0)
(39.527061, 31.716974, 0.0)
(39.408470, 31.919674, 0.0)
(39.360668, 31.924656, 0.0)
(39.405930, 31.729383, 0.0)
(39.632263, 31.205259, 0.0)
(39.648125, 31.225760, 0.0)
(39.677086, 31.234386, 0.0)
(39.662037, 31.203674, 0.0)
(39.642227, 31.163921, 0.0)
(39.626621, 31.172699, 0.0)
(39.606159, 31.130886, 0.0)
(39.623600, 31.096050, 0.0)
(39.621696, 31.078129, 0.0)
(39.611412, 31.116711, 0.0)
(39.588219, 31.176939, 0.0)
(39.591080, 31.190145, 0.0)
(39.601112, 31.079830, 0.0)
(39.588268, 31.053802, 0.0)
(39.592957, 31.091898, 0.0)
(39.596237, 31.102180, 0.0)
(39.592548, 31.130484, 0.0)
(39.607365, 31.152086, 0.0)
(39.622395, 31.144962, 0.0)
(39.630856, 31.109285, 0.0)
(39.652130, 31.123495, 0.0)
(39.665302, 31.164186, 0.0)
(39.665783, 31.179117, 0.0)
(39.653454, 31.269617, 0.0)
(39.655998, 31.267765, 0.0)
(39.652157, 31.226406, 0.0)
(39.667027, 31.227962, 0.0)
(39.663975, 31.240784, 0.0)
(39.655411, 31.258848, 0.0)
(39.654800, 31.269167, 0.0)
(40.849701, 29.928246, 0.0)
(43.016033, 27.371487, 0.0)
(43.388805, 26.853477, 0.0)
(43.482384, 26.953693, 0.0)
(43.467979, 26.968603, 0.0)
(43.412464, 26.992624, 0.0)
(43.634171, 26.856714, 0.0)
(43.630119, 26.787271, 0.0)
(43.626034, 26.760996, 0.0)
(43.658417, 26.691368, 0.0)
(43.654041, 26.682314, 0.0)
(43.640423, 26.629370, 0.0)
(43.629692, 26.676435, 0.0)
(43.633862, 26.687828, 0.0)
(43.627758, 26.660833, 0.0)
(43.625389, 26.589622, 0.0)
(43.638245, 26.525370, 0.0)
(43.646107, 26.522888, 0.0)
(43.669361, 26.495882, 0.0)
(43.672871, 26.507854, 0.0)
(43.673332, 26.521791, 0.0)
(43.660786, 26.470394, 0.0)
(40.922932, 25.542637, 0.0)
(37.041016, 24.446705, 0.0)
(35.315987, 24.399906, 0.0)
(33.956203, 24.475340, 0.0)
(33.693115, 24.402098, 0.0)
(33.696285, 24.457006, 0.0)
(33.673744, 24.418411, 0.0)
(33.663368, 24.501314, 0.0)
(33.649769, 24.568447, 0.0)
(33.662598, 24.569515, 0.0)
(33.684013, 24.573229, 0.0)
(33.672577, 24.600185, 0.0)
(33.684212, 24.584955, 0.0)
(33.690487, 24.558580, 0.0)
(33.677025, 24.552361, 0.0)
(33.720722, 24.568598, 0.0)
(37.756413, 23.256590, 0.0)
(39.379017, 23.167742, 0.0)
(39.482410, 23.249981, 0.0)
(39.441475, 23.249758, 0.0)
(39.444096, 23.227238, 0.0)
(39.461681, 23.249121, 0.0)
(39.480812, 23.276823, 0.0)
(39.506157, 23.248161, 0.0)
(39.545010, 23.242086, 0.0)
(39.531609, 23.240026, 0.0)
(39.528809, 23.233191, 0.0)
(39.531403, 23.161711, 0.0)
(39.535332, 23.123543, 0.0)
(39.547779, 23.106989, 0.0)
(39.667892, 23.078156, 0.0)
(39.673042, 23.009542, 0.0)
(39.679989, 23.046721, 0.0)
(39.696342, 23.020720, 0.0)
(39.704548, 23.018629, 0.0)
(39.720348, 23.056662, 0.0)
(39.723953, 23.098312, 0.0)
(39.703796, 23.084499, 0.0)
(39.702980, 23.086582, 0.0)
(39.713684, 23.092768, 0.0)
(39.695511, 23.063593, 0.0)
(39.699181, 23.065891, 0.0)
(39.701351, 23.023132, 0.0)
(39.695862, 22.979082, 0.0)
(39.686310, 23.047174, 0.0)
(39.671280, 23.075869, 0.0)
(39.662224, 23.063179, 0.0)
(39.681507, 23.073460, 0.0)
(39.678318, 23.068951, 0.0)
(39.685673, 23.037975, 0.0)
(39.684757, 23.022646, 0.0)
(39.684784, 22.992809, 0.0)
(39.682503, 22.991722, 0.0)
(39.687397, 22.997698, 0.0)
(38.676796, 23.547022, 0.0)
(35.523788, 26.901480, 0.0)
(34.554081, 28.770718, 0.0)
(34.543083, 28.816048, 0.0)
(34.557388, 28.772367, 0.0)
(34.331680, 28.162504, 0.0)
(34.223656, 28.146206, 0.0)
(34.206669, 28.169744, 0.0)
(34.213871, 28.187464, 0.0)
(34.194588, 28.132566, 0.0)
(34.183681, 28.162663, 0.0)
(34.171665, 28.198822, 0.0)
(34.171097, 28.245811, 0.0)
(34.134975, 28.234432, 0.0)
(34.148785, 28.236237, 0.0)
(34.150898, 28.204241, 0.0)
(34.155716, 28.192942, 0.0)
(34.156357, 28.171406, 0.0)
(34.158848, 28.094009, 0.0)
(34.153206, 28.073753, 0.0)
(34.164421, 28.115259, 0.0)
(34.159271, 28.121000, 0.0)
(34.147953, 28.120337, 0.0)
(34.160725, 28.094767, 0.0)
(34.164818, 28.064182, 0.0)
(34.140976, 28.037743, 0.0)
(34.151413, 28.017303, 0.0)
(34.159996, 28.014885, 0.0)
(34.150627, 28.032881, 0.0)
(34.136913, 28.084425, 0.0)
(34.135422, 28.091078, 0.0)
(34.141720, 28.088778, 0.0)
(34.129131, 28.044863, 0.0)
(34.103584, 27.986761, 0.0)
(34.088783, 28.002190, 0.0)
(34.090157, 28.002239, 0.0)
(34.088745, 28.019190, 0.0)
(37.523220, 26.635206, 0.0)
(41.230034, 25.573301, 0.0)
(42.513344, 25.047445, 0.0)
(42.667973, 24.675184, 0.0)
(42.682339, 24.596821, 0.0)
(42.684181, 24.749300, 0.0)
(42.707497, 24.781311, 0.0)
(42.740891, 24.785709, 0.0)
(42.378868, 24.586147, 0.0)
(42.445427, 24.600904, 0.0)
(42.453911, 24.481003, 0.0)
(42.466419, 24.486862, 0.0)
(42.466801, 24.489029, 0.0)
(42.466801, 24.489029, 0.0)
(42.463001, 24.489252, 0.0)
(42.460999, 24.501005, 0.0)
(42.459217, 24.489912, 0.0)
(42.444572, 24.468466, 0.0)
(42.458546, 24.430130, 0.0)
(42.452766, 24.417282, 0.0)
(42.435768, 24.420303, 0.0)
(42.435192, 24.443495, 0.0)
(42.435532, 24.493752, 0.0)
(42.438404, 24.513811, 0.0)
(42.441788, 24.480225, 0.0)
(42.430534, 24.456707, 0.0)
(42.432858, 24.478090, 0.0)
(42.419636, 24.489079, 0.0)
(42.423347, 24.514921, 0.0)
(42.415180, 24.509720, 0.0)
(42.416855, 24.498262, 0.0)
(42.409256, 24.458847, 0.0)
(42.414665, 24.452322, 0.0)
(42.418667, 24.464327, 0.0)
(42.422798, 24.478939, 0.0)
(42.403091, 24.531389, 0.0)
(42.394680, 24.561672, 0.0)
(41.930260, 24.478430, 0.0)
(36.269730, 22.516872, 0.0)
(32.273144, 21.972382, 0.0)
(31.141827, 22.519545, 0.0)
(31.175570, 22.718327, 0.0)
(31.196878, 22.794174, 0.0)
(31.195017, 22.812126, 0.0)
(31.177492, 22.777397, 0.0)
(31.157656, 22.774961, 0.0)
(31.635597, 22.696795, 0.0)
(31.665207, 22.727098, 0.0)
(31.685446, 22.713692, 0.0)
(31.686628, 22.723186, 0.0)
(31.672558, 22.750378, 0.0)
(31.671587, 22.753414, 0.0)
(31.644726, 22.683746, 0.0)
(31.636215, 22.647579, 0.0)
(31.616306, 22.665531, 0.0)
(31.626352, 22.660240, 0.0)
(31.624367, 22.708122, 0.0)
(31.636890, 22.757277, 0.0)
(31.640806, 22.760914, 0.0)
(31.633251, 22.742588, 0.0)
(31.648626, 22.725744, 0.0)
(31.655260, 22.696144, 0.0)
(31.659840, 22.706532, 0.0)
(31.650328, 22.737810, 0.0)
(31.646769, 22.744059, 0.0)
(31.659681, 22.708857, 0.0)
(31.652067, 22.644285, 0.0)
(31.659128, 22.623692, 0.0)
(31.655668, 22.652466, 0.0)
(31.645153, 22.693344, 0.0)
(31.659845, 22.724794, 0.0)
(31.652456, 22.726282, 0.0)
(31.652544, 22.717909, 0.0)
(31.652998, 22.671862, 0.0)
(31.661579, 22.674768, 0.0)
(31.206062, 22.680799, 0.0)
(27.542326, 22.611038, 0.0)
(26.263725, 23.024408, 0.0)
(26.261086, 23.100044, 0.0)
(26.279861, 23.116371, 0.0)
(26.262249, 23.076750, 0.0)
(26.262026, 23.071516, 0.0)
(26.258135, 23.089231, 0.0)
(26.268248, 23.072056, 0.0)
(26.256161, 23.105547, 0.0)
(26.247946, 23.120459, 0.0)
(26.256351, 23.107563, 0.0)
(26.276552, 23.084774, 0.0)
(26.296808, 23.115240, 0.0)
(26.265162, 23.137810, 0.0)
(26.266136, 23.159241, 0.0)
(26.256800, 23.230032, 0.0)
(26.275808, 23.196926, 0.0)
(26.318871, 23.139917, 0.0)
(26.311544, 23.132704, 0.0)
(26.343464, 23.151791, 0.0)
(26.325802, 23.158602, 0.0)
(26.321552, 23.196007, 0.0)
(26.331470, 23.232038, 0.0)
(26.330482, 23.235291, 0.0)
(26.313408, 23.179533, 0.0)
(26.311783, 23.161158, 0.0)
(26.311785, 23.152988, 0.0)
(26.318428, 23.188549, 0.0)
(26.284975, 23.216770, 0.0)
(26.276541, 23.153963, 0.0)
(26.246426, 23.062050, 0.0)
(26.233442, 23.048903, 0.0)
(26.244240, 23.054913, 0.0)
(26.225210, 23.002972, 0.0)
(26.233908, 23.002296, 0.0)
(26.258654, 23.007441, 0.0)
(26.508574, 22.946865, 0.0)
(32.790855, 22.265501, 0.0)
(36.634762, 22.626764, 0.0)
(36.870964, 22.757481, 0.0)
(36.881485, 22.705650, 0.0)
(37.017250, 22.792992, 0.0)
(37.751759, 23.221704, 0.0)
(37.759167, 23.248169, 0.0)
(37.793232, 23.280987, 0.0)
(37.770805, 23.273993, 0.0)
(37.767689, 23.205170, 0.0)
(37.768803, 23.210329, 0.0)
(37.749115, 23.218016, 0.0)
(37.757771, 23.217375, 0.0)
(37.744228, 23.205097, 0.0)
(37.768337, 23.203489, 0.0)
(37.770660, 23.211979, 0.0)
(37.759167, 23.237068, 0.0)
(37.751461, 23.303766, 0.0)
(37.747047, 23.359497, 0.0)
(37.730614, 23.256359, 0.0)
(37.742771, 23.238653, 0.0)
(37.752872, 23.247421, 0.0)
(37.743938, 23.251539, 0.0)
(37.741383, 23.278763, 0.0)
(37.751873, 23.309372, 0.0)
(37.749542, 23.337864, 0.0)
(37.748375, 23.292484, 0.0)
(37.753700, 23.323425, 0.0)
(37.758648, 23.327890, 0.0)
(37.761375, 23.353119, 0.0)
(37.744282, 23.440483, 0.0)
(37.758297, 23.482204, 0.0)
(37.762348, 23.434179, 0.0)
(37.746861, 23.404530, 0.0)
(37.753471, 23.400724, 0.0)
(37.715126, 23.401239, 0.0)
(37.735321, 23.424725, 0.0)
(37.072487, 23.957932, 0.0)
(33.795296, 26.559284, 0.0)
(31.697683, 29.069424, 0.0)
(31.163296, 30.641794, 0.0)
(31.098036, 31.505245, 0.0)
(31.198257, 31.465464, 0.0)
(31.176998, 31.477983, 0.0)
(31.172571, 31.517160, 0.0)
(30.975409, 31.699869, 0.0)
(30.628670, 31.921595, 0.0)
(30.575476, 31.953861, 0.0)
(30.578083, 31.958975, 0.0)
(30.585396, 31.932444, 0.0)
(30.592438, 31.952318, 0.0)
(30.576557, 31.986996, 0.0)
(30.516237, 31.962788, 0.0)
(30.527590, 31.963339, 0.0)
(30.547064, 31.914972, 0.0)
(30.526558, 31.924448, 0.0)
(30.503143, 31.943705, 0.0)
(30.490755, 31.946671, 0.0)
(30.510780, 31.913082, 0.0)
(30.522461, 31.834452, 0.0)
(30.578234, 31.849390, 0.0)
(30.569677, 31.829493, 0.0)
(30.545820, 31.827789, 0.0)
(30.534262, 31.841057, 0.0)
(30.547729, 31.827034, 0.0)
(30.539749, 31.805553, 0.0)
(30.568460, 31.763943, 0.0)
(30.580231, 31.720537, 0.0)
(30.579668, 31.745680, 0.0)
(30.552683, 31.716116, 0.0)
(30.543394, 31.754963, 0.0)
(30.538877, 31.751869, 0.0)
(30.558041, 31.681627, 0.0)
(30.572443, 31.657461, 0.0)
(30.592007, 31.664642, 0.0)
(31.266563, 29.162184, 0.0)
(32.290474, 24.015526, 0.0)
(32.985973, 22.379488, 0.0)
(33.019028, 22.439489, 0.0)
(33.010689, 22.499916, 0.0)
(33.668655, 22.344666, 0.0)
(33.678131, 22.439777, 0.0)
(33.637291, 22.456762, 0.0)
(33.654873, 22.533461, 0.0)
(33.715557, 22.528206, 0.0)
(33.743755, 22.449644, 0.0)
(33.713848, 22.456636, 0.0)
(33.737232, 22.441345, 0.0)
(33.748493, 22.435446, 0.0)
(33.732662, 22.475864, 0.0)
(33.781086, 22.497133, 0.0)
(33.761833, 22.486685, 0.0)
(33.739208, 22.449150, 0.0)
(33.748493, 22.435446, 0.0)
(33.755611, 22.429258, 0.0)
(33.702595, 22.578222, 0.0)
(33.697872, 22.635801, 0.0)
(33.674145, 22.665876, 0.0)
(33.675838, 22.627218, 0.0)
(33.654480, 22.517956, 0.0)
(33.672756, 22.539843, 0.0)
(33.677624, 22.576803, 0.0)
(33.642670, 22.575052, 0.0)
(33.646042, 22.610168, 0.0)
(33.672966, 22.608400, 0.0)
(33.664177, 22.544685, 0.0)
(33.684578, 22.526052, 0.0)
(33.697315, 22.497726, 0.0)
(33.705204, 22.501831, 0.0)
(33.710983, 22.519800, 0.0)
(33.707382, 22.545307, 0.0)
(33.693592, 22.527023, 0.0)
(37.071770, 23.049847, 0.0)
(41.027462, 23.862833, 0.0)
(42.475391, 25.212122, 0.0)
(42.495285, 25.902178, 0.0)
(42.523464, 25.933939, 0.0)
(42.507782, 25.883593, 0.0)
(42.549572, 25.834826, 0.0)
(42.514389, 25.820749, 0.0)
(42.511528, 25.791895, 0.0)
(42.551895, 25.786692, 0.0)
(42.533924, 25.808084, 0.0)
(42.521271, 25.816343, 0.0)
(42.467152, 25.836750, 0.0)
(42.467083, 25.858141, 0.0)
(42.453072, 25.818369, 0.0)
(42.422520, 25.800810, 0.0)
(42.438953, 25.790277, 0.0)
(42.411430, 25.822996, 0.0)
(42.430641, 25.836500, 0.0)
(42.422279, 25.844662, 0.0)
(42.420322, 25.816044, 0.0)
(42.428242, 25.776899, 0.0)
(42.419849, 25.736202, 0.0)
(42.446972, 25.698692, 0.0)
(42.448406, 25.711329, 0.0)
(42.460247, 25.723269, 0.0)
(42.447559, 25.747387, 0.0)
(42.450436, 25.759905, 0.0)
(42.454155, 25.710712, 0.0)
(42.400295, 25.659122, 0.0)
(42.423275, 25.649452, 0.0)
(42.427952, 25.656946, 0.0)
(42.409149, 25.635576, 0.0)
(42.460518, 25.628897, 0.0)
(42.423649, 25.614065, 0.0)
(42.413189, 25.597195, 0.0)
(42.399193, 25.592241, 0.0)
(39.806206, 24.420725, 0.0)
(39.633427, 24.477371, 0.0)
(39.649044, 24.501869, 0.0)
(39.653355, 24.539503, 0.0)
(39.706104, 24.537321, 0.0)
(39.712883, 24.447508, 0.0)
(39.699142, 24.420500, 0.0)
(39.725071, 24.444557, 0.0)
(39.720974, 24.469360, 0.0)
(39.761692, 24.443657, 0.0)
(39.798538, 24.419657, 0.0)
(39.790649, 24.244431, 0.0)
(39.791321, 24.264849, 0.0)
(39.772659, 24.271721, 0.0)
(39.777855, 24.296028, 0.0)
(39.775490, 24.322596, 0.0)
(39.763519, 24.367994, 0.0)
(39.741611, 24.432926, 0.0)
(39.751888, 24.437496, 0.0)
(39.753372, 24.310106, 0.0)
(39.754944, 24.281822, 0.0)
(39.769070, 24.338936, 0.0)
(39.731400, 24.328020, 0.0)
(39.704937, 24.283169, 0.0)
(39.683784, 24.234060, 0.0)
(39.700180, 24.228069, 0.0)
(39.681957, 24.168947, 0.0)
(39.676693, 24.138353, 0.0)
(39.693863, 24.141771, 0.0)
(39.339272, 24.139732, 0.0)
(39.323605, 24.394844, 0.0)
(39.354816, 24.484394, 0.0)
(39.367973, 24.525412, 0.0)
(39.347324, 24.460201, 0.0)
(39.352791, 24.447264, 0.0)
(39.367603, 24.461620, 0.0)
(39.361256, 24.465981, 0.0)
(39.360870, 24.484972, 0.0)
(39.378048, 24.498493, 0.0)
(39.383938, 24.486292, 0.0)
(39.369751, 24.431173, 0.0)
(39.360970, 24.417681, 0.0)
(39.376629, 24.433500, 0.0)
(39.374340, 24.446913, 0.0)
(39.380085, 24.455811, 0.0)
(39.373363, 24.468447, 0.0)
(39.376217, 24.451488, 0.0)
(39.380882, 24.380716, 0.0)
(39.386185, 24.381086, 0.0)
(39.378891, 24.366732, 0.0)
(39.366985, 24.396757, 0.0)
(39.362141, 24.381121, 0.0)
(39.357201, 24.378897, 0.0)
(39.344368, 24.379541, 0.0)
(38.878410, 24.444256, 0.0)
(38.659897, 24.455027, 0.0)
(38.647064, 24.441246, 0.0)
(38.648918, 24.424864, 0.0)
(38.666378, 24.350414, 0.0)
(39.486359, 24.616030, 0.0)
(40.856487, 25.422001, 0.0)
(41.182549, 25.583633, 0.0)
(41.175968, 25.557364, 0.0)
(41.162685, 25.542530, 0.0)
(41.172215, 25.595337, 0.0)
(41.152191, 25.685938, 0.0)
(41.133446, 25.671133, 0.0)
(41.145931, 25.687864, 0.0)
(41.140942, 25.708139, 0.0)
(39.528255, 24.945644, 0.0)
(37.759872, 24.295996, 0.0)
(37.667889, 24.355364, 0.0)
(37.625725, 24.404186, 0.0)
(37.629169, 24.434320, 0.0)
(37.651516, 24.389214, 0.0)
(37.660442, 24.378508, 0.0)
(37.681152, 24.440973, 0.0)
(37.690262, 24.454451, 0.0)
(37.697010, 24.467287, 0.0)
(37.713665, 24.518644, 0.0)
(37.703930, 24.508892, 0.0)
(37.693550, 24.504667, 0.0)
(37.693340, 24.474676, 0.0)
(37.663815, 24.468678, 0.0)
(37.670521, 24.498077, 0.0)
(37.635498, 24.541475, 0.0)
(37.618671, 24.552149, 0.0)
(37.622711, 24.499886, 0.0)
(37.621067, 24.439688, 0.0)
(37.626129, 24.464924, 0.0)
(37.590214, 24.478857, 0.0)
(37.567307, 24.489285, 0.0)
(37.575089, 24.540783, 0.0)
(37.585331, 24.565449, 0.0)
(36.689625, 24.591404, 0.0)
(36.564991, 24.575220, 0.0)
(36.550980, 24.541653, 0.0)
(36.562332, 24.571726, 0.0)
(36.554611, 24.613932, 0.0)
(36.545349, 24.626732, 0.0)
(36.558750, 24.611010, 0.0)
(36.556915, 24.569231, 0.0)
(36.559349, 24.565205, 0.0)
(36.563221, 24.544027, 0.0)
(35.943371, 24.400743, 0.0)
(35.905296, 24.442808, 0.0)
(35.908768, 24.502918, 0.0)
(35.893856, 24.499054, 0.0)
(35.878834, 24.472780, 0.0)
(35.898674, 24.432085, 0.0)
(35.906460, 24.446100, 0.0)
(35.900284, 24.463970, 0.0)
(35.879585, 24.489666, 0.0)
(35.883980, 24.499580, 0.0)
(35.886841, 24.449564, 0.0)
(37.224117, 24.540785, 0.0)
(40.972919, 25.313528, 0.0)
(40.980392, 25.479336, 0.0)
(40.992668, 25.543196, 0.0)
(41.013363, 25.579412, 0.0)
(41.004162, 25.572947, 0.0)
(40.998260, 25.553099, 0.0)
(41.020462, 25.540501, 0.0)
(41.042168, 25.496653, 0.0)
(41.066017, 25.522591, 0.0)
(41.040867, 25.544857, 0.0)
(41.036144, 25.550972, 0.0)
(41.045521, 25.476753, 0.0)
(41.053688, 25.449404, 0.0)
(41.054386, 25.422865, 0.0)
(41.065388, 25.398415, 0.0)
(41.074509, 25.383966, 0.0)
(41.082611, 25.418549, 0.0)
(41.087803, 25.427870, 0.0)
(41.076038, 25.383116, 0.0)
(41.083401, 25.353495, 0.0)
(41.092789, 25.362949, 0.0)
(41.084545, 25.363260, 0.0)
(41.084717, 25.385094, 0.0)
(41.070660, 25.415907, 0.0)
(41.073757, 25.404882, 0.0)
(41.072639, 25.376568, 0.0)
(41.098442, 25.360619, 0.0)
(41.096046, 25.370592, 0.0)
(41.114418, 25.360544, 0.0)
(41.138618, 25.363134, 0.0)
(41.144634, 25.369726, 0.0)
(41.123837, 25.310621, 0.0)
(41.126541, 25.262918, 0.0)
(41.140675, 25.228350, 0.0)
(41.150501, 25.248812, 0.0)
(41.156311, 25.265474, 0.0)
(40.058796, 25.098803, 0.0)
(36.872383, 24.623533, 0.0)
(34.741398, 24.730473, 0.0)
(34.658482, 24.777884, 0.0)
(34.660599, 24.789598, 0.0)
(34.641663, 24.776611, 0.0)
(34.650089, 24.818966, 0.0)
(34.657410, 24.867685, 0.0)
(34.627186, 24.864082, 0.0)
(34.652042, 24.828585, 0.0)
(34.661686, 24.830805, 0.0)
(34.686680, 24.838774, 0.0)
(34.673847, 24.862663, 0.0)
(34.660229, 24.892687, 0.0)
(34.648350, 24.862886, 0.0)
(34.663742, 24.803804, 0.0)
(34.645542, 24.845078, 0.0)
(34.641888, 24.848166, 0.0)
(34.600918, 24.806135, 0.0)
(34.597668, 24.826374, 0.0)
(34.618656, 24.873686, 0.0)
(34.621395, 24.857782, 0.0)
(34.604515, 24.811392, 0.0)
(34.627522, 24.768875, 0.0)
(34.636768, 24.776100, 0.0)
(34.642330, 24.798746, 0.0)
(34.605011, 24.826485, 0.0)
(34.229046, 25.133711, 0.0)
(32.167114, 26.418011, 0.0)
(30.851614, 27.007828, 0.0)
(30.724644, 27.082836, 0.0)
(30.693399, 27.074469, 0.0)
(30.674097, 27.075453, 0.0)
(30.679487, 27.070078, 0.0)
(30.667839, 27.072001, 0.0)
(30.674374, 27.042610, 0.0)
(30.688284, 26.970669, 0.0)
(30.202938, 25.303762, 0.0)
(29.964062, 23.290497, 0.0)
(29.983212, 23.365232, 0.0)
(29.985964, 23.478535, 0.0)
(29.964676, 23.428776, 0.0)
(29.954334, 23.450100, 0.0)
(29.978952, 23.498922, 0.0)
(29.949785, 23.494852, 0.0)
(29.911295, 23.475721, 0.0)
(29.922132, 23.504749, 0.0)
(29.873657, 23.536997, 0.0)
(29.864937, 23.503565, 0.0)
(29.864553, 23.500475, 0.0)
(29.873260, 23.514730, 0.0)
(29.887749, 23.566868, 0.0)
(29.864801, 23.616766, 0.0)
(29.854717, 23.620619, 0.0)
(29.884895, 23.615925, 0.0)
(29.891378, 23.571798, 0.0)
(29.919376, 23.622128, 0.0)
(29.924030, 23.583988, 0.0)
(29.944288, 23.597366, 0.0)
(29.946556, 23.616964, 0.0)
(29.943596, 23.647413, 0.0)
(29.921680, 23.606789, 0.0)
(29.903082, 23.584021, 0.0)
(29.929806, 23.568724, 0.0)
(29.911043, 23.587143, 0.0)
(29.916527, 23.615187, 0.0)
(29.903084, 23.620129, 0.0)
(29.900047, 23.588348, 0.0)
(29.908386, 23.568941, 0.0)
(29.911785, 23.578354, 0.0)
(29.908018, 23.590179, 0.0)
(29.902285, 23.577257, 0.0)
(29.913092, 23.602388, 0.0)
(29.926147, 23.616289, 0.0)
(33.185101, 24.455683, 0.0)
(37.772125, 26.092308, 0.0)
(37.957088, 26.474962, 0.0)
(37.934940, 26.530439, 0.0)
(37.922405, 26.538376, 0.0)
(37.940338, 26.551100, 0.0)
(37.898453, 26.543449, 0.0)
(37.887520, 26.481520, 0.0)
(37.891117, 26.495024, 0.0)
(38.135029, 26.871998, 0.0)
(38.120178, 26.887621, 0.0)
(38.100437, 26.907316, 0.0)
(38.064217, 26.973011, 0.0)
(38.055832, 26.945972, 0.0)
(38.055199, 26.896353, 0.0)
(38.077255, 26.810802, 0.0)
(38.087421, 26.802485, 0.0)
(38.061470, 26.846170, 0.0)
(38.052402, 26.876768, 0.0)
(38.023029, 26.944082, 0.0)
(38.059349, 26.883125, 0.0)
(38.044689, 26.844954, 0.0)
(38.044559, 26.829090, 0.0)
(38.063297, 26.816006, 0.0)
(38.060024, 26.821823, 0.0)
(38.068592, 26.852747, 0.0)
(38.097015, 26.881638, 0.0)
(38.069294, 26.843647, 0.0)
(38.058842, 26.819145, 0.0)
(38.073040, 26.750521, 0.0)
(38.069523, 26.739738, 0.0)
(38.082565, 26.770826, 0.0)
(38.054142, 26.766281, 0.0)
(38.054722, 26.765402, 0.0)
(38.046585, 26.716475, 0.0)
(38.038242, 26.687670, 0.0)
(38.053398, 26.674925, 0.0)
(38.070812, 26.666491, 0.0)
(36.859501, 23.197105, 0.0)
(35.936100, 20.489510, 0.0)
(35.713974, 20.129042, 0.0)
(35.671947, 20.252434, 0.0)
(35.674744, 20.328041, 0.0)
(35.695976, 20.391224, 0.0)
(35.660316, 20.417908, 0.0)
(35.442329, 20.289200, 0.0)
(35.373852, 20.234396, 0.0)
(35.376461, 20.222485, 0.0)
(35.350315, 20.119425, 0.0)
(35.372410, 20.128254, 0.0)
(35.409565, 20.114626, 0.0)
(35.413559, 20.104464, 0.0)
(35.415016, 20.145987, 0.0)
(35.419132, 20.195082, 0.0)
(35.406761, 20.205690, 0.0)
(35.413330, 20.168734, 0.0)
(35.414707, 20.124619, 0.0)
(35.420898, 20.099049, 0.0)
(35.426785, 20.123278, 0.0)
(35.379505, 20.170296, 0.0)
(35.384602, 20.206167, 0.0)
(35.365158, 20.174389, 0.0)
(35.369576, 20.157936, 0.0)
(35.356239, 20.179085, 0.0)
(35.321678, 20.118305, 0.0)
(35.308815, 20.074625, 0.0)
(35.342693, 20.064468, 0.0)
(35.333832, 20.044003, 0.0)
(35.321037, 19.985960, 0.0)
(35.331902, 19.962626, 0.0)
(35.364609, 19.951183, 0.0)
(35.398438, 19.976904, 0.0)
(35.395771, 20.006632, 0.0)
(35.392731, 20.043524, 0.0)
(36.644878, 20.249283, 0.0)
(40.538555, 20.872557, 0.0)
(41.690331, 21.160866, 0.0)
(41.861927, 21.519110, 0.0)
(41.859131, 21.676733, 0.0)
(41.887363, 21.710693, 0.0)
(41.931305, 21.725670, 0.0)
(41.918266, 21.693188, 0.0)
(41.929356, 21.673391, 0.0)
(41.934872, 21.669809, 0.0)
(41.923759, 21.679066, 0.0)
(41.926109, 21.728357, 0.0)
(41.914909, 21.739895, 0.0)
(41.903069, 21.731976, 0.0)
(41.886776, 21.707386, 0.0)
(41.875446, 21.662281, 0.0)
(41.895264, 21.665218, 0.0)
(41.862526, 21.618536, 0.0)
(41.849091, 21.628792, 0.0)
(41.845367, 21.652000, 0.0)
(41.824970, 21.621552, 0.0)
(41.834805, 21.589575, 0.0)
(41.830647, 21.543812, 0.0)
(41.830647, 21.543812, 0.0)
(41.828224, 21.531614, 0.0)
(41.789497, 21.525448, 0.0)
(41.794052, 21.567204, 0.0)
(41.794277, 21.529936, 0.0)
(41.777439, 21.497559, 0.0)
(41.765980, 21.473282, 0.0)
(41.754749, 21.473093, 0.0)
(41.733269, 21.482517, 0.0)
(41.719727, 21.460876, 0.0)
(41.715061, 21.451450, 0.0)
(41.710323, 21.406256, 0.0)
(41.721786, 21.391891, 0.0)
(41.732876, 21.391724, 0.0)
(41.754536, 21.420393, 0.0)
(41.209106, 22.687767, 0.0)
(40.960247, 23.124332, 0.0)
(40.948418, 23.060268, 0.0)
(40.980003, 22.967829, 0.0)
(40.988216, 22.964445, 0.0)
(41.002007, 22.996000, 0.0)
(41.015690, 23.032654, 0.0)
(41.004913, 23.071358, 0.0)
(40.981323, 23.069963, 0.0)
(40.979485, 23.045767, 0.0)
(40.992886, 23.011066, 0.0)
(40.985619, 22.978720, 0.0)
(40.978283, 22.986399, 0.0)
(40.979424, 23.047384, 0.0)
(40.980064, 23.080690, 0.0)
(41.001926, 23.014416, 0.0)
(40.999775, 22.945173, 0.0)
(41.024681, 22.926041, 0.0)
(41.010021, 22.927616, 0.0)
(41.025681, 22.974360, 0.0)
(41.032047, 22.977911, 0.0)
(41.011860, 22.966711, 0.0)
(41.002411, 22.974680, 0.0)
(41.013611, 22.991274, 0.0)
(41.003239, 22.958155, 0.0)
(41.002155, 22.965851, 0.0)
(40.977188, 22.961351, 0.0)
(40.973099, 22.967751, 0.0)
(40.976822, 22.937143, 0.0)
(40.978046, 22.895197, 0.0)
(40.982738, 22.912964, 0.0)
(40.977379, 22.956892, 0.0)
(40.952427, 22.929647, 0.0)
(40.972416, 22.927681, 0.0)
(40.985329, 22.935207, 0.0)
(41.006824, 22.905849, 0.0)
(41.021358, 22.883757, 0.0)
(41.051628, 22.890436, 0.0)
(38.527039, 23.848684, 0.0)
(34.101295, 24.733328, 0.0)
(31.380949, 27.067017, 0.0)
(29.975636, 28.597036, 0.0)
(29.836250, 29.238134, 0.0)
(30.042141, 29.217867, 0.0)
(30.053766, 29.270302, 0.0)
(30.037825, 29.277264, 0.0)
(29.969069, 29.332502, 0.0)
(30.007067, 29.358765, 0.0)
(29.982897, 29.315701, 0.0)
(29.958445, 29.307726, 0.0)
(29.987261, 29.303835, 0.0)
(29.981649, 29.306208, 0.0)
(29.967384, 29.299555, 0.0)
(30.362375, 29.233734, 0.0)
(30.529461, 29.139151, 0.0)
(30.521961, 29.036686, 0.0)
(30.526623, 29.046669, 0.0)
(30.534685, 29.044594, 0.0)
(30.517872, 29.035168, 0.0)
(30.548903, 29.064701, 0.0)
(30.521631, 29.107891, 0.0)
(30.507742, 29.099184, 0.0)
(30.502878, 29.106512, 0.0)
(30.512785, 29.128553, 0.0)
(30.500004, 29.144253, 0.0)
(30.498243, 29.140354, 0.0)
(30.492573, 29.142775, 0.0)
(30.501638, 29.137041, 0.0)
(30.510090, 29.030661, 0.0)
(30.506130, 29.069363, 0.0)
(30.502943, 29.080788, 0.0)
(30.485043, 29.062826, 0.0)
(30.444920, 29.160309, 0.0)
(30.395231, 29.193750, 0.0)
(30.383909, 29.168993, 0.0)
(30.390034, 29.126265, 0.0)
(30.261444, 30.097713, 0.0)
(30.269260, 30.233007, 0.0)
(30.225912, 30.246777, 0.0)
(30.232925, 30.293585, 0.0)
(30.227997, 30.277586, 0.0)
(30.219984, 30.214285, 0.0)
(30.248224, 30.229294, 0.0)
(30.250786, 30.222221, 0.0)
(30.236237, 30.181433, 0.0)
(30.239630, 30.203035, 0.0)
(30.184971, 30.464865, 0.0)
(30.176981, 30.489010, 0.0)
(29.945522, 30.470608, 0.0)
(30.488535, 32.273853, 0.0)
(30.199812, 31.185419, 0.0)
(30.145948, 30.612186, 0.0)
(30.111418, 30.372734, 0.0)
(30.081295, 30.285784, 0.0)
(30.090834, 30.258390, 0.0)
(30.112387, 30.265301, 0.0)
(30.117203, 30.235403, 0.0)
(30.104004, 30.200491, 0.0)
(30.130484, 30.187128, 0.0)
(30.138115, 30.204472, 0.0)
(30.141464, 30.203077, 0.0)
(30.116596, 30.209667, 0.0)
(30.120667, 30.252171, 0.0)
(30.116800, 30.175091, 0.0)
(30.115585, 30.159618, 0.0)
(30.124512, 30.166594, 0.0)
(30.143141, 30.138882, 0.0)
(30.146431, 30.160496, 0.0)
(30.174179, 30.201651, 0.0)
(34.135639, 29.303232, 0.0)
(35.785149, 29.069586, 0.0)
(35.923645, 29.090281, 0.0)
(35.942722, 29.043543, 0.0)
(35.966545, 29.001719, 0.0)
(36.078247, 28.603502, 0.0)
(36.115883, 28.637684, 0.0)
(36.123463, 28.663441, 0.0)
(36.113583, 28.595665, 0.0)
(36.144855, 28.633566, 0.0)
(36.190163, 28.641506, 0.0)
(36.196190, 28.629219, 0.0)
(36.201351, 28.660244, 0.0)
(36.210377, 28.643496, 0.0)
(36.217690, 28.658604, 0.0)
(36.228355, 28.578100, 0.0)
(36.237820, 28.558760, 0.0)
(36.292225, 28.615643, 0.0)
(36.292717, 28.635469, 0.0)
(36.281910, 28.654243, 0.0)
(36.295837, 28.642811, 0.0)
(36.286648, 28.602039, 0.0)
(36.275665, 28.575623, 0.0)
(36.285557, 28.599743, 0.0)
(36.277458, 28.595673, 0.0)
(36.281876, 28.670656, 0.0)
(36.284134, 28.702383, 0.0)
(36.271469, 28.733459, 0.0)
(36.264088, 28.716789, 0.0)
(36.259892, 28.704775, 0.0)
(36.249149, 28.709360, 0.0)
(36.233822, 28.739666, 0.0)
(36.201050, 28.797291, 0.0)
(36.188637, 28.791481, 0.0)
(36.167171, 28.739347, 0.0)
(36.178413, 28.661648, 0.0)
(36.195190, 28.690987, 0.0)
(36.166565, 28.648804, 0.0)
(38.137512, 25.363373, 0.0)
(40.019661, 22.039116, 0.0)
(40.635578, 21.545633, 0.0)
(40.865612, 21.588390, 0.0)
(40.906345, 21.648117, 0.0)
(40.976902, 21.671309, 0.0)
(40.995544, 21.638399, 0.0)
(40.971626, 22.046900, 0.0)
(41.033714, 22.104156, 0.0)
(41.061180, 22.032766, 0.0)
(41.060436, 21.969650, 0.0)
(41.109344, 21.964298, 0.0)
(41.106014, 21.993273, 0.0)
(41.101379, 22.016302, 0.0)
(41.109745, 22.064577, 0.0)
(41.129196, 22.097683, 0.0)
(41.118847, 22.071218, 0.0)
(41.143909, 22.041416, 0.0)
(41.119293, 22.023897, 0.0)
(40.984570, 22.049099, 0.0)
(40.992439, 22.046549, 0.0)
(40.969330, 22.078197, 0.0)
(40.990059, 22.092211, 0.0)
(40.996296, 21.972851, 0.0)
(40.998432, 21.937096, 0.0)
(41.020985, 21.920000, 0.0)
(41.014107, 21.934254, 0.0)
(41.019238, 21.945419, 0.0)
(41.019024, 21.950956, 0.0)
(40.971237, 21.917538, 0.0)
(41.028866, 21.926542, 0.0)
(41.050137, 21.911345, 0.0)
(41.056744, 21.916796, 0.0)
(41.022896, 21.929779, 0.0)
(41.033596, 21.957842, 0.0)
(41.039135, 21.987621, 0.0)
(41.046032, 21.941471, 0.0)
(42.447453, 23.033970, 0.0)
(42.554722, 23.192436, 0.0)
(42.529804, 23.213524, 0.0)
(42.539177, 23.276495, 0.0)
(42.544315, 23.301283, 0.0)
(42.535339, 23.273270, 0.0)
(42.529099, 23.208429, 0.0)
(42.562626, 23.197620, 0.0)
(42.560139, 23.217264, 0.0)
(42.549957, 23.269930, 0.0)
(42.543644, 23.339190, 0.0)
(42.525654, 23.381197, 0.0)
(42.536827, 23.335913, 0.0)
(42.489319, 23.297491, 0.0)
(42.511158, 23.270746, 0.0)
(42.491798, 23.249287, 0.0)
(42.480564, 23.343966, 0.0)
(42.508244, 23.398670, 0.0)
(42.527317, 23.413193, 0.0)
(42.493168, 23.381180, 0.0)
(42.502880, 23.345549, 0.0)
(42.512997, 23.349127, 0.0)
(42.536034, 23.324669, 0.0)
(42.484207, 23.318157, 0.0)
(42.463882, 23.327499, 0.0)
(42.484005, 23.313389, 0.0)
(42.480953, 23.319370, 0.0)
(42.496269, 23.351049, 0.0)
(42.467670, 23.350416, 0.0)
(42.489967, 23.414953, 0.0)
(42.506008, 23.402863, 0.0)
(42.476360, 23.374359, 0.0)
(42.461143, 23.362022, 0.0)
(42.479996, 23.334665, 0.0)
(42.500370, 23.353846, 0.0)
(42.480625, 23.316671, 0.0)
(42.478783, 23.371107, 0.0)
(42.474751, 23.388681, 0.0)
(42.469418, 23.434359, 0.0)
(41.926556, 27.821972, 0.0)
(41.323685, 29.731737, 0.0)
(41.316391, 30.065075, 0.0)
(41.318779, 30.048788, 0.0)
(41.295723, 30.000923, 0.0)
(41.279144, 29.614788, 0.0)
(41.272343, 29.566889, 0.0)
(41.279137, 29.525005, 0.0)
(41.268383, 29.549818, 0.0)
(41.255333, 29.564848, 0.0)
(41.233578, 29.594934, 0.0)
(41.227646, 29.577742, 0.0)
(41.211800, 29.533346, 0.0)
(41.212132, 29.511534, 0.0)
(41.193249, 29.540936, 0.0)
(41.172295, 29.557278, 0.0)
(41.176285, 29.538771, 0.0)
(41.164776, 29.544098, 0.0)
(41.038845, 29.906734, 0.0)
(41.095543, 29.995680, 0.0)
(40.960140, 29.220367, 0.0)
(41.077694, 29.000065, 0.0)
(41.057152, 29.038280, 0.0)
(41.096558, 29.053354, 0.0)
(41.150352, 29.035566, 0.0)
(41.145248, 29.079542, 0.0)
(41.167179, 29.128420, 0.0)
(41.150364, 29.160372, 0.0)
(41.138126, 29.113316, 0.0)
(41.131744, 29.084635, 0.0)
(41.149185, 29.085855, 0.0)
(41.167747, 29.145920, 0.0)
(41.157009, 29.171736, 0.0)
(41.160091, 29.180878, 0.0)
(41.149319, 29.135979, 0.0)
(41.150013, 29.135262, 0.0)
(41.147057, 29.137672, 0.0)
(41.147034, 29.148664, 0.0)
(41.146809, 29.125217, 0.0)
(41.141327, 29.133478, 0.0)
(41.147663, 29.132198, 0.0)
(41.136024, 29.100750, 0.0)
(41.141003, 29.069906, 0.0)
(41.151909, 29.068001, 0.0)
(41.160172, 29.084957, 0.0)
(41.140919, 29.080158, 0.0)
(41.133984, 29.134172, 0.0)
(41.102119, 29.107693, 0.0)
(41.076279, 29.123932, 0.0)
(41.063370, 29.129353, 0.0)
(41.034412, 29.150827, 0.0)
(41.001297, 29.107483, 0.0)
(40.960125, 29.118471, 0.0)
(40.914303, 29.100975, 0.0)
(40.886566, 29.100704, 0.0)
(40.883629, 29.054430, 0.0)
(41.015373, 28.822548, 0.0)
(41.499752, 27.582422, 0.0)
(41.593349, 27.490129, 0.0)
(41.585892, 27.552820, 0.0)
(41.577736, 27.511961, 0.0)
(41.553394, 27.566481, 0.0)
(41.552097, 27.604631, 0.0)
(41.163609, 27.415791, 0.0)
(38.695580, 25.838408, 0.0)
(37.308578, 24.903347, 0.0)
(37.215927, 24.909443, 0.0)
(37.250824, 24.894144, 0.0)
(37.314407, 24.916632, 0.0)
(37.332371, 24.932564, 0.0)
(37.327759, 24.958952, 0.0)
(35.359066, 24.487352, 0.0)
(30.519623, 23.184296, 0.0)
(27.671936, 23.645199, 0.0)
(27.266994, 24.093081, 0.0)
(27.255997, 24.269575, 0.0)
(27.246626, 24.280783, 0.0)
(26.385263, 24.562750, 0.0)
(26.106462, 24.770700, 0.0)
(26.095547, 24.766190, 0.0)
(26.093904, 24.696440, 0.0)
(26.118170, 24.704803, 0.0)
(26.118172, 24.721601, 0.0)
(26.102671, 24.738972, 0.0)
(26.107349, 24.753654, 0.0)
(26.112009, 24.720831, 0.0)
(26.139444, 24.646196, 0.0)
(26.136976, 24.625895, 0.0)
(26.132277, 24.606544, 0.0)
(26.121887, 24.572531, 0.0)
(26.136570, 24.576302, 0.0)
(26.144136, 24.570566, 0.0)
(26.118488, 24.526094, 0.0)
(26.112619, 24.514435, 0.0)
(26.123964, 24.506287, 0.0)
(26.138443, 24.489273, 0.0)
(26.127483, 24.464863, 0.0)
(26.127483, 24.464863, 0.0)
(26.120115, 24.422380, 0.0)
(26.107811, 24.415613, 0.0)
(26.096338, 24.438047, 0.0)
(26.090405, 24.444597, 0.0)
(26.087395, 24.451494, 0.0)
(26.105042, 24.453047, 0.0)
(26.115101, 24.417171, 0.0)
(26.117271, 24.336884, 0.0)
(26.113701, 24.323782, 0.0)
(26.567867, 24.072067, 0.0)
(29.677561, 22.739819, 0.0)
(29.937891, 22.665718, 0.0)
(29.953730, 22.655756, 0.0)
(29.938454, 22.617729, 0.0)
(29.565882, 22.208311, 0.0)
(29.536720, 22.301353, 0.0)
(29.521004, 22.407982, 0.0)
(29.491468, 22.503626, 0.0)
(29.497181, 22.559038, 0.0)
(29.475288, 22.588707, 0.0)
(29.452103, 22.566830, 0.0)
(29.445053, 22.535421, 0.0)
(29.491692, 22.522892, 0.0)
(29.633045, 22.515221, 0.0)
(29.608122, 22.518366, 0.0)
(29.604378, 22.537954, 0.0)
(29.606594, 22.518291, 0.0)
(29.610886, 22.517344, 0.0)
(29.597973, 22.519045, 0.0)
(29.600266, 22.525183, 0.0)
(29.587433, 22.618216, 0.0)
(29.574608, 22.674528, 0.0)
(29.573917, 22.655190, 0.0)
(29.559938, 22.632221, 0.0)
(29.554008, 22.626869, 0.0)
(29.569942, 22.623247, 0.0)
(29.585733, 22.638388, 0.0)
(29.572254, 22.691811, 0.0)
(29.578043, 22.697889, 0.0)
(29.587557, 22.601606, 0.0)
(29.605413, 22.601313, 0.0)
(29.567402, 22.607964, 0.0)
(29.567837, 22.557941, 0.0)
(29.546595, 22.570364, 0.0)
(29.561537, 22.606878, 0.0)
(29.548676, 22.603104, 0.0)
(29.546837, 22.583305, 0.0)
(28.039032, 23.687574, 0.0)
(27.902334, 23.818075, 0.0)
(27.886404, 23.846823, 0.0)
(27.863916, 23.924961, 0.0)
(27.859848, 23.945316, 0.0)
(27.794691, 24.022850, 0.0)
(27.722486, 24.191721, 0.0)
(27.725336, 24.221777, 0.0)
(27.726252, 24.134687, 0.0)
(27.748661, 24.139887, 0.0)
(27.740847, 24.169073, 0.0)
(27.714048, 24.212687, 0.0)
(27.707815, 24.208920, 0.0)
(27.713985, 24.204130, 0.0)
(27.714664, 24.213013, 0.0)
(27.729023, 24.164812, 0.0)
(27.733793, 24.173054, 0.0)
(27.755239, 24.176651, 0.0)
(27.708492, 24.156157, 0.0)
(27.680779, 24.120678, 0.0)
(27.686056, 24.121260, 0.0)
(27.678650, 24.104397, 0.0)
(27.689045, 24.103865, 0.0)
(27.702049, 24.116529, 0.0)
(27.724188, 24.104120, 0.0)
(27.721519, 24.086929, 0.0)
(27.720070, 24.077854, 0.0)
(27.729313, 24.051294, 0.0)
(27.712912, 24.053785, 0.0)
(27.686848, 24.016041, 0.0)
(27.691347, 24.053305, 0.0)
(27.677429, 23.998463, 0.0)
(27.655384, 23.964376, 0.0)
(27.681652, 23.951567, 0.0)
(27.687536, 23.955427, 0.0)
(27.693192, 23.986034, 0.0)
(27.675337, 23.988411, 0.0)
(27.712013, 24.005415, 0.0)
(32.958252, 25.176882, 0.0)
(34.105492, 25.628571, 0.0)
(34.184666, 25.668617, 0.0)
(34.169003, 25.679804, 0.0)
(34.157860, 25.664762, 0.0)
(33.952766, 25.482874, 0.0)
(33.935471, 25.425455, 0.0)
(33.937214, 25.469406, 0.0)
(33.942997, 25.442997, 0.0)
(33.930840, 25.417389, 0.0)
(33.942196, 25.419714, 0.0)
(33.938347, 25.458765, 0.0)
(33.931580, 25.438618, 0.0)
(33.926422, 25.380878, 0.0)
(33.915165, 25.375784, 0.0)
(33.896381, 25.386688, 0.0)
(33.860950, 25.329458, 0.0)
(33.849712, 25.360962, 0.0)
(33.849472, 25.355434, 0.0)
(33.875603, 25.220991, 0.0)
(33.883507, 25.233200, 0.0)
(33.873650, 25.241440, 0.0)
(33.879360, 25.234892, 0.0)
(33.875427, 25.265852, 0.0)
(33.887592, 25.317514, 0.0)
(33.887836, 25.306456, 0.0)
(33.903858, 25.269411, 0.0)
(33.905140, 25.254942, 0.0)
(33.909145, 25.247837, 0.0)
(33.924423, 25.296061, 0.0)
(33.898647, 25.329746, 0.0)
(33.913364, 25.317247, 0.0)
(33.929657, 25.294245, 0.0)
(33.932686, 25.279421, 0.0)
(33.950687, 25.274271, 0.0)
(33.912876, 25.234259, 0.0)
(33.963226, 25.273384, 0.0)
(35.875950, 25.607830, 0.0)
(39.536530, 27.262371, 0.0)
(39.456104, 27.507225, 0.0)
(39.396919, 27.501932, 0.0)
(39.403515, 27.471939, 0.0)
(39.811134, 27.467424, 0.0)
(39.818203, 27.519640, 0.0)
(39.813435, 27.512291, 0.0)
(39.801628, 27.441259, 0.0)
(39.796505, 27.409266, 0.0)
(39.795830, 27.426292, 0.0)
(39.750416, 27.391062, 0.0)
(39.752266, 27.368710, 0.0)
(39.757149, 27.403481, 0.0)
(39.738041, 27.418985, 0.0)
(39.732914, 27.384129, 0.0)
(39.740498, 27.369734, 0.0)
(39.756500, 27.368975, 0.0)
(39.755112, 27.367496, 0.0)
(39.738495, 27.385380, 0.0)
(39.734497, 27.360300, 0.0)
(39.677723, 27.330650, 0.0)
(39.664860, 27.308563, 0.0)
(39.661819, 27.298321, 0.0)
(39.644081, 27.269518, 0.0)
(39.645405, 27.306795, 0.0)
(39.653305, 27.321173, 0.0)
(39.642883, 27.327972, 0.0)
(39.625256, 27.292946, 0.0)
(39.647419, 27.259060, 0.0)
(39.635975, 27.269682, 0.0)
(39.621967, 27.263798, 0.0)
(39.610126, 27.298143, 0.0)
(39.596901, 27.302761, 0.0)
(39.608097, 27.261341, 0.0)
(39.581036, 27.259689, 0.0)
(39.585804, 27.260082, 0.0)
(39.570404, 27.247952, 0.0)
(39.549458, 27.248646, 0.0)
(35.317413, 24.279829, 0.0)
(30.933270, 22.324884, 0.0)
(28.172937, 21.898155, 0.0)
(26.974127, 22.697227, 0.0)
(26.728323, 23.400991, 0.0)
(26.856380, 23.711882, 0.0)
(26.865589, 23.773039, 0.0)
(26.823158, 23.711779, 0.0)
(26.169853, 23.506746, 0.0)
(26.139143, 23.490856, 0.0)
(26.129454, 23.531023, 0.0)
(26.156771, 23.538074, 0.0)
(26.137142, 23.583883, 0.0)
(26.130705, 23.591372, 0.0)
(26.142056, 23.578524, 0.0)
(26.134476, 23.538849, 0.0)
(26.139351, 23.535704, 0.0)
(26.128296, 23.576069, 0.0)
(26.145702, 23.611759, 0.0)
(26.121817, 23.632370, 0.0)
(26.121870, 23.597506, 0.0)
(26.132072, 23.533489, 0.0)
(26.133512, 23.499022, 0.0)
(26.160681, 23.494650, 0.0)
(26.143394, 23.511082, 0.0)
(26.159298, 23.568941, 0.0)
(26.153759, 23.591259, 0.0)
(26.148071, 23.568388, 0.0)
(26.158720, 23.534401, 0.0)
(26.163723, 23.508099, 0.0)
(26.169142, 23.514454, 0.0)
(26.168745, 23.513630, 0.0)
(26.145218, 23.539541, 0.0)
(26.140083, 23.509174, 0.0)
(26.125219, 23.459116, 0.0)
(26.155411, 23.433075, 0.0)
(26.154537, 23.433458, 0.0)
(27.790224, 22.821939, 0.0)
(31.620049, 22.401537, 0.0)
(31.682655, 22.542332, 0.0)
(31.684656, 22.511442, 0.0)
(31.667322, 22.466549, 0.0)
(31.648365, 22.441872, 0.0)
(31.659254, 22.452673, 0.0)
(31.642736, 22.416042, 0.0)
(31.638700, 22.410353, 0.0)
(31.638983, 22.348335, 0.0)
(32.769104, 22.327320, 0.0)
(34.662025, 22.616013, 0.0)
(35.162350, 22.844202, 0.0)
(35.166023, 22.846251, 0.0)
(35.160156, 22.837606, 0.0)
(35.156826, 22.846231, 0.0)
(37.653149, 23.888111, 0.0)
(39.151707, 24.698786, 0.0)
(39.289001, 24.812044, 0.0)
(39.266899, 24.821783, 0.0)
(39.220081, 24.870790, 0.0)
(39.232864, 24.875322, 0.0)
(39.224510, 24.843842, 0.0)
(39.184566, 24.851868, 0.0)
(38.560463, 24.581539, 0.0)
(37.100643, 23.821274, 0.0)
(36.858807, 23.799692, 0.0)
(36.830338, 23.874584, 0.0)
(36.819611, 23.844542, 0.0)
(36.843529, 23.830387, 0.0)
(36.829590, 23.830112, 0.0)
(36.836552, 23.884125, 0.0)
(36.833355, 23.902248, 0.0)
(36.834293, 23.898796, 0.0)
(36.843700, 23.868107, 0.0)
(36.882477, 23.842997, 0.0)
(36.886162, 23.841604, 0.0)
(35.195225, 25.138130, 0.0)
(33.827305, 26.301031, 0.0)
(33.723213, 26.354273, 0.0)
(33.698765, 26.341805, 0.0)
(33.683868, 26.301628, 0.0)
(33.640423, 26.289347, 0.0)
(33.945740, 26.466827, 0.0)
(33.968349, 26.490681, 0.0)
(33.915562, 26.516239, 0.0)
(33.926456, 26.510687, 0.0)
(33.914707, 26.402924, 0.0)
(33.918774, 26.381727, 0.0)
(33.930298, 26.404724, 0.0)
(33.783428, 26.462059, 0.0)
(33.790756, 26.517746, 0.0)
(33.786015, 26.549450, 0.0)
(33.765778, 26.538054, 0.0)
(33.751072, 26.514174, 0.0)
(33.777596, 26.468412, 0.0)
(33.792213, 26.473600, 0.0)
(33.817627, 26.481730, 0.0)
(33.795006, 26.506212, 0.0)
(33.804226, 26.502901, 0.0)
(33.806828, 26.405327, 0.0)
(33.809093, 26.399088, 0.0)
(33.823414, 26.392977, 0.0)
(33.813435, 26.379328, 0.0)
(33.814819, 26.402428, 0.0)
(33.809834, 26.425646, 0.0)
(33.814674, 26.417042, 0.0)
(33.813934, 26.396311, 0.0)
(33.811569, 26.372061, 0.0)
(33.819473, 26.375643, 0.0)
(33.821728, 26.357901, 0.0)
(33.812057, 26.386723, 0.0)
(33.809471, 26.381670, 0.0)
(33.813503, 26.350508, 0.0)
(33.802917, 26.337334, 0.0)
(37.976017, 27.929754, 0.0)
(39.175591, 28.830126, 0.0)
(39.281517, 28.856354, 0.0)
(39.274117, 28.859577, 0.0)
(39.725086, 28.686449, 0.0)
(39.698177, 28.629816, 0.0)
(39.704300, 28.644178, 0.0)
(39.718338, 28.662252, 0.0)
(39.701454, 28.639465, 0.0)
(39.670589, 28.669077, 0.0)
(39.459461, 28.610802, 0.0)
(39.401733, 28.560577, 0.0)
(39.410282, 28.585478, 0.0)
(39.410553, 28.579655, 0.0)
(39.413403, 28.580423, 0.0)
(39.445801, 28.592806, 0.0)
(39.441395, 28.572981, 0.0)
(39.424900, 28.517067, 0.0)
(39.439308, 28.496286, 0.0)
(39.447613, 28.502399, 0.0)
(39.475689, 28.509611, 0.0)
(39.451279, 28.558224, 0.0)
(39.438564, 28.582190, 0.0)
(39.452103, 28.558165, 0.0)
(39.451694, 28.515898, 0.0)
(39.480083, 28.516243, 0.0)
(39.461983, 28.520336, 0.0)
(39.427387, 28.540699, 0.0)
(39.399929, 28.633972, 0.0)
(39.379063, 28.668386, 0.0)
(39.382607, 28.649677, 0.0)
(39.376949, 28.631702, 0.0)
(39.375938, 28.598644, 0.0)
(39.373283, 28.629002, 0.0)
(39.359451, 28.651396, 0.0)
(39.356236, 28.676126, 0.0)
(39.359230, 28.628281, 0.0)
(38.597855, 28.086287, 0.0)
(35.369675, 23.469625, 0.0)
(34.172791, 21.246525, 0.0)
(34.221504, 20.693483, 0.0)
(34.164146, 20.856190, 0.0)
(34.028511, 20.938818, 0.0)
(33.980629, 20.990570, 0.0)
(33.413963, 21.116789, 0.0)
(33.343349, 21.120907, 0.0)
(33.385242, 21.122915, 0.0)
(33.376858, 21.124773, 0.0)
(33.346355, 21.145168, 0.0)
(33.366463, 21.113485, 0.0)
(33.341492, 21.069326, 0.0)
(33.362347, 21.054054, 0.0)
(33.372204, 21.061605, 0.0)
(33.387688, 21.061785, 0.0)
(33.367485, 21.105347, 0.0)
(33.363487, 21.136122, 0.0)
(33.350658, 21.140478, 0.0)
(33.352089, 21.100170, 0.0)
(33.368534, 21.102129, 0.0)
(33.365036, 21.127317, 0.0)
(33.330418, 21.145695, 0.0)
(33.381615, 21.140026, 0.0)
(33.385498, 21.103970, 0.0)
(33.384422, 21.088343, 0.0)
(33.420494, 21.063103, 0.0)
(33.405781, 21.043276, 0.0)
(33.363087, 21.027683, 0.0)
(33.366718, 21.035501, 0.0)
(33.362171, 21.029280, 0.0)
(33.353195, 20.993788, 0.0)
(33.360050, 20.947792, 0.0)
(33.355705, 20.933706, 0.0)
(33.373604, 20.945789, 0.0)
(33.387779, 20.969149, 0.0)
(33.375999, 20.977922, 0.0)
(36.531178, 20.892349, 0.0)
(40.616741, 21.340958, 0.0)
(42.396732, 22.526464, 0.0)
(43.039364, 23.391491, 0.0)
(42.947536, 23.395338, 0.0)
(42.982239, 23.388195, 0.0)
(42.967522, 23.461206, 0.0)
(43.023811, 23.444155, 0.0)
(43.163528, 23.507917, 0.0)
(43.171040, 23.511951, 0.0)
(43.170254, 23.506584, 0.0)
(43.152283, 23.566290, 0.0)
(43.136166, 23.585505, 0.0)
(43.120914, 23.600210, 0.0)
(43.107498, 23.538206, 0.0)
(43.094322, 23.508904, 0.0)
(43.057358, 23.500196, 0.0)
(43.028793, 23.473167, 0.0)
(42.912727, 23.432259, 0.0)
(42.962940, 23.429920, 0.0)
(42.994942, 23.438942, 0.0)
(42.985760, 23.379738, 0.0)
(43.017025, 23.352444, 0.0)
(43.021404, 23.343403, 0.0)
(43.040638, 23.339350, 0.0)
(43.029076, 23.324469, 0.0)
(43.033707, 23.305428, 0.0)
(43.052231, 23.251083, 0.0)
(43.060169, 23.282480, 0.0)
(43.054485, 23.303778, 0.0)
(43.052296, 23.297224, 0.0)
(43.041039, 23.357546, 0.0)
(43.027580, 23.417051, 0.0)
(43.019566, 23.423088, 0.0)
(43.024914, 23.406544, 0.0)
(43.058056, 23.424213, 0.0)
(43.032604, 23.416939, 0.0)
(42.968971, 23.271545, 0.0)
(41.948261, 21.066463, 0.0)
(41.518356, 20.461163, 0.0)
(41.547550, 20.492476, 0.0)
(41.576008, 20.519140, 0.0)
(41.581451, 20.569548, 0.0)
(41.599541, 20.667717, 0.0)
(41.615818, 20.698328, 0.0)
(41.641403, 20.716171, 0.0)
(41.660751, 20.702482, 0.0)
(41.704464, 20.631079, 0.0)
(41.725044, 20.631186, 0.0)
(41.735920, 20.610554, 0.0)
(41.733826, 20.636961, 0.0)
(41.717876, 20.649193, 0.0)
(41.721542, 20.654352, 0.0)
(41.714161, 20.613482, 0.0)
(41.688702, 20.547661, 0.0)
(41.698502, 20.554697, 0.0)
(41.685760, 20.536201, 0.0)
(41.681767, 20.531723, 0.0)
(41.680370, 20.539694, 0.0)
(41.691395, 20.553846, 0.0)
(41.634693, 20.545872, 0.0)
(41.622971, 20.528551, 0.0)
(41.613132, 20.521082, 0.0)
(41.581379, 20.554459, 0.0)
(41.559849, 20.563251, 0.0)
(41.579403, 20.534433, 0.0)
(41.550846, 20.512060, 0.0)
(41.544621, 20.483301, 0.0)
(41.546703, 20.479851, 0.0)
(41.496639, 20.458403, 0.0)
(41.518665, 20.540815, 0.0)
(41.506443, 20.575251, 0.0)
(41.496784, 20.561129, 0.0)
(41.487022, 20.542690, 0.0)
(41.482357, 20.503521, 0.0)
(41.475159, 20.534912, 0.0)
(41.450104, 20.541416, 0.0)
(41.434307, 20.580753, 0.0)
(42.707115, 22.988411, 0.0)
(43.208767, 25.776180, 0.0)
(42.774567, 27.843956, 0.0)
(42.659809, 28.302576, 0.0)
(42.643074, 28.268572, 0.0)
(42.611427, 28.239449, 0.0)
(42.805378, 28.697161, 0.0)
(43.259037, 30.442560, 0.0)
(43.325531, 30.592945, 0.0)
(43.299000, 30.514883, 0.0)
(43.281769, 30.494713, 0.0)
(43.100388, 29.925274, 0.0)
(43.070557, 29.946259, 0.0)
(43.068432, 29.959610, 0.0)
(43.062176, 29.890882, 0.0)
(43.033592, 29.895355, 0.0)
(42.990704, 29.898727, 0.0)
(42.975727, 29.865450, 0.0)
(42.963039, 29.905329, 0.0)
(42.963947, 29.922749, 0.0)
(42.954491, 29.938766, 0.0)
(42.947670, 29.904970, 0.0)
(42.954082, 29.874989, 0.0)
(42.958408, 29.895412, 0.0)
(42.955746, 29.897049, 0.0)
(42.956608, 29.917717, 0.0)
(42.962975, 29.902489, 0.0)
(42.986637, 29.853596, 0.0)
(43.006771, 29.827055, 0.0)
(43.035049, 29.798241, 0.0)
(43.037365, 29.745749, 0.0)
(43.042912, 29.771580, 0.0)
(43.041088, 29.790375, 0.0)
(43.014622, 29.825943, 0.0)
(42.582062, 29.577389, 0.0)
(38.722828, 25.452087, 0.0)
(35.260921, 23.879984, 0.0)
(32.635193, 22.258499, 0.0)
(32.049252, 22.319283, 0.0)
(31.998751, 22.446323, 0.0)
(31.971470, 22.536089, 0.0)
(31.941319, 22.640654, 0.0)
(31.626492, 23.094158, 0.0)
(31.577690, 23.150982, 0.0)
(31.549274, 23.166092, 0.0)
(31.530230, 23.178078, 0.0)
(31.532574, 23.143173, 0.0)
(31.562263, 23.132984, 0.0)
(31.540714, 23.143839, 0.0)
(31.519487, 23.133892, 0.0)
(31.505505, 23.131350, 0.0)
(31.524864, 23.148483, 0.0)
(31.522610, 23.087036, 0.0)
(31.522921, 23.078249, 0.0)
(31.521402, 23.111834, 0.0)
(31.523264, 23.135056, 0.0)
(31.505358, 23.152905, 0.0)
(31.512203, 23.189327, 0.0)
(31.498802, 23.155510, 0.0)
(31.495573, 23.160759, 0.0)
(31.507563, 23.158949, 0.0)
(31.473307, 23.152838, 0.0)
(31.456907, 23.153900, 0.0)
(31.467661, 23.188917, 0.0)
(31.472458, 23.184578, 0.0)
(31.389069, 23.192545, 0.0)
(31.454082, 23.172625, 0.0)
(31.411947, 23.165844, 0.0)
(31.377199, 23.172483, 0.0)
(31.427963, 23.171375, 0.0)
(31.395042, 23.196909, 0.0)
(31.415024, 23.182358, 0.0)
(34.029373, 25.517076, 0.0)
(35.923538, 29.710310, 0.0)
(35.901711, 30.926088, 0.0)
(35.803101, 31.020872, 0.0)
(35.732445, 30.957312, 0.0)
(35.701008, 30.911589, 0.0)
(35.980015, 31.207561, 0.0)
(35.973141, 31.189001, 0.0)
(35.958969, 31.210484, 0.0)
(36.005100, 31.171959, 0.0)
(36.011875, 31.149763, 0.0)
(35.999588, 31.136755, 0.0)
(36.012791, 31.136927, 0.0)
(36.032997, 31.195774, 0.0)
(36.052612, 31.224911, 0.0)
(36.033306, 31.255762, 0.0)
(36.052208, 31.195215, 0.0)
(36.047554, 31.172537, 0.0)
(36.034950, 31.176731, 0.0)
(36.016876, 31.175489, 0.0)
(36.020538, 31.154705, 0.0)
(36.024490, 31.162495, 0.0)
(36.020226, 31.191982, 0.0)
(35.998825, 31.199373, 0.0)
(36.011143, 31.179903, 0.0)
(36.014015, 31.188087, 0.0)
(36.020973, 31.186550, 0.0)
(35.994289, 31.206308, 0.0)
(36.007759, 31.228992, 0.0)
(36.025150, 31.162384, 0.0)
(36.031448, 31.182484, 0.0)
(36.013233, 31.150000, 0.0)
(36.012196, 31.132725, 0.0)
(36.011211, 31.172955, 0.0)
(36.015434, 31.196688, 0.0)
(35.989754, 31.202658, 0.0)
(36.022350, 31.180986, 0.0)
(37.071728, 29.760624, 0.0)
(40.561237, 25.020548, 0.0)
(41.968365, 22.936829, 0.0)
(42.643860, 22.495447, 0.0)
(42.786636, 22.244165, 0.0)
(42.797020, 22.167091, 0.0)
(42.746021, 22.162804, 0.0)
(42.765373, 22.131697, 0.0)
(42.988533, 22.022459, 0.0)
(42.922058, 21.995991, 0.0)
(42.942104, 22.008768, 0.0)
(42.930294, 21.981760, 0.0)
(42.894661, 21.934742, 0.0)
(42.881035, 21.936007, 0.0)
(42.881897, 21.923134, 0.0)
(42.841549, 21.882353, 0.0)
(42.822151, 21.863544, 0.0)
(42.818176, 21.822283, 0.0)
(42.808563, 21.801340, 0.0)
(42.799564, 21.811642, 0.0)
(42.790390, 21.831638, 0.0)
(42.765675, 21.850492, 0.0)
(42.744850, 21.889944, 0.0)
(42.719852, 21.898296, 0.0)
(42.710323, 21.879318, 0.0)
(42.701782, 21.874191, 0.0)
(42.707710, 21.882427, 0.0)
(42.661919, 21.887657, 0.0)
(42.657242, 21.856455, 0.0)
(42.327248, 21.703667, 0.0)
(39.279461, 20.535398, 0.0)
(38.859921, 20.368771, 0.0)
(38.845695, 20.313690, 0.0)
(38.859119, 20.309505, 0.0)
(38.943394, 20.282188, 0.0)
(38.947388, 20.141069, 0.0)
(38.959873, 20.091930, 0.0)
(39.002541, 20.132294, 0.0)
(39.053143, 20.130123, 0.0)
(40.413334, 21.751175, 0.0)
(42.996811, 25.680679, 0.0)
(43.115776, 26.832464, 0.0)
(43.127773, 26.952791, 0.0)
(43.129837, 26.922016, 0.0)
(43.116001, 26.908325, 0.0)
(43.136021, 26.864124, 0.0)
(43.175682, 26.776726, 0.0)
(43.186378, 26.630770, 0.0)
(43.179653, 26.568205, 0.0)
(43.154327, 26.542725, 0.0)
(43.164307, 26.541061, 0.0)
(43.146927, 26.559999, 0.0)
(43.140156, 26.542263, 0.0)
(43.132401, 26.510311, 0.0)
(43.111111, 26.430086, 0.0)
(43.113827, 26.497776, 0.0)
(43.105438, 26.525051, 0.0)
(43.094318, 26.513395, 0.0)
(43.095078, 26.555559, 0.0)
(43.097778, 26.553032, 0.0)
(43.077168, 26.505285, 0.0)
(43.116589, 26.461374, 0.0)
(43.150265, 26.433035, 0.0)
(43.155392, 26.456013, 0.0)
(43.147625, 26.501661, 0.0)
(43.153576, 26.540110, 0.0)
(43.164791, 26.482197, 0.0)
(43.160099, 26.432352, 0.0)
(43.184353, 26.444868, 0.0)
(43.170773, 26.398680, 0.0)
(43.187256, 26.415743, 0.0)
(43.197243, 26.450382, 0.0)
(43.157158, 26.493422, 0.0)
(43.140255, 26.474625, 0.0)
(39.594936, 23.950665, 0.0)
(35.231445, 22.199877, 0.0)
(33.663021, 25.275223, 0.0)
(33.649242, 29.052298, 0.0)
(34.166435, 30.584730, 0.0)
(34.172558, 30.587568, 0.0)
(34.123100, 30.594147, 0.0)
(34.122921, 30.634117, 0.0)
(34.142231, 30.631689, 0.0)
(34.648678, 30.952433, 0.0)
(34.654835, 30.989849, 0.0)
(34.649384, 30.975475, 0.0)
(34.693035, 30.958599, 0.0)
(34.694790, 31.006742, 0.0)
(34.691673, 31.016348, 0.0)
(34.661201, 31.029099, 0.0)
(34.638134, 31.026459, 0.0)
(34.632122, 30.973515, 0.0)
(34.615414, 30.925423, 0.0)
(34.619022, 30.929903, 0.0)
(34.615803, 30.912317, 0.0)
(34.604534, 30.902582, 0.0)
(34.618767, 30.924059, 0.0)
(34.616188, 30.946407, 0.0)
(34.594337, 30.932207, 0.0)
(34.593174, 30.910213, 0.0)
(34.595222, 30.900135, 0.0)
(34.596584, 30.885160, 0.0)
(34.581047, 30.885027, 0.0)
(34.596397, 30.875566, 0.0)
(34.591637, 30.845999, 0.0)
(34.564358, 30.829868, 0.0)
(34.582512, 30.792791, 0.0)
(34.570816, 30.738047, 0.0)
(34.568108, 30.735353, 0.0)
(34.559284, 30.751135, 0.0)
(34.541840, 30.626675, 0.0)
(34.074043, 27.499001, 0.0)
(33.928070, 26.983385, 0.0)
(33.909920, 26.965641, 0.0)
(33.907223, 26.971050, 0.0)
(35.625111, 23.538820, 0.0)
(36.644199, 20.124292, 0.0)
(36.775265, 19.306633, 0.0)
(36.825867, 19.331896, 0.0)
(36.901020, 19.419075, 0.0)
(36.933121, 19.440845, 0.0)
(37.477676, 19.378447, 0.0)
(37.519615, 19.411940, 0.0)
(37.510406, 19.440729, 0.0)
(37.516171, 19.449780, 0.0)
(37.537273, 19.485613, 0.0)
(37.532558, 19.525711, 0.0)
(37.550636, 19.541414, 0.0)
(37.571983, 19.581764, 0.0)
(37.534882, 19.602423, 0.0)
(37.494858, 19.608458, 0.0)
(37.488815, 19.579109, 0.0)
(37.466141, 19.576159, 0.0)
(37.475624, 19.601242, 0.0)
(37.441738, 19.566341, 0.0)
(37.414661, 19.571873, 0.0)
(37.394032, 19.588011, 0.0)
(37.371792, 19.640135, 0.0)
(37.339653, 19.615063, 0.0)
(37.370209, 19.658772, 0.0)
(37.373051, 19.691322, 0.0)
(37.362225, 19.709061, 0.0)
(37.338253, 19.698374, 0.0)
(37.319759, 19.683777, 0.0)
(37.297581, 19.601210, 0.0)
(37.296665, 19.591297, 0.0)
(37.309624, 19.599653, 0.0)
(37.311443, 19.610769, 0.0)
(37.323212, 19.655569, 0.0)
(37.332794, 19.695377, 0.0)
(37.328228, 19.715912, 0.0)
(34.589790, 22.363379, 0.0)
(32.028042, 25.493155, 0.0)
(31.087450, 27.697977, 0.0)
(30.687115, 28.757816, 0.0)
(30.544128, 28.743681, 0.0)
(30.515818, 28.782627, 0.0)
(30.509396, 28.797216, 0.0)
(30.489952, 28.806715, 0.0)
(30.453739, 28.686039, 0.0)
(30.341314, 28.265463, 0.0)
(30.308447, 28.256678, 0.0)
(30.318333, 28.290934, 0.0)
(30.245296, 28.327288, 0.0)
(30.224554, 28.321396, 0.0)
(30.251511, 28.313757, 0.0)
(30.240826, 28.295841, 0.0)
(30.241299, 28.288776, 0.0)
(30.238689, 28.260828, 0.0)
(30.221334, 28.279758, 0.0)
(30.216858, 28.259264, 0.0)
(30.212297, 28.190945, 0.0)
(30.209957, 28.185083, 0.0)
(30.210537, 28.187195, 0.0)
(30.205639, 28.152845, 0.0)
(30.206400, 28.148693, 0.0)
(30.204672, 28.121292, 0.0)
(30.191254, 28.091534, 0.0)
(30.216160, 28.040216, 0.0)
(30.218725, 28.046478, 0.0)
(30.232187, 28.045237, 0.0)
(30.230276, 28.089985, 0.0)
(30.221891, 28.115307, 0.0)
(30.251865, 28.073303, 0.0)
(30.235294, 27.997868, 0.0)
(30.237719, 27.944973, 0.0)
(30.240919, 27.935564, 0.0)
(30.236904, 27.924950, 0.0)
(31.470577, 27.241661, 0.0)
(36.823730, 24.349731, 0.0)
(40.004078, 23.810219, 0.0)
(41.021160, 23.761749, 0.0)
(41.147015, 23.793438, 0.0)
(41.157616, 23.794970, 0.0)
(41.156525, 23.785374, 0.0)
(41.132622, 23.781567, 0.0)
(41.186069, 23.773228, 0.0)
(41.231880, 23.750380, 0.0)
(41.253654, 23.771530, 0.0)
(41.599541, 23.932346, 0.0)
(41.626324, 23.963734, 0.0)
(41.624905, 24.002520, 0.0)
(41.620224, 24.042685, 0.0)
(41.613651, 24.033566, 0.0)
(41.606014, 24.044928, 0.0)
(41.624382, 24.069370, 0.0)
(41.644882, 24.096743, 0.0)
(41.633553, 24.105188, 0.0)
(41.635952, 24.140064, 0.0)
(41.647972, 24.112257, 0.0)
(41.644455, 24.107986, 0.0)
(41.640583, 24.112389, 0.0)
(41.623600, 24.097952, 0.0)
(41.339886, 24.061625, 0.0)
(41.315010, 24.065630, 0.0)
(41.305859, 24.018799, 0.0)
(41.289059, 24.003054, 0.0)
(41.323315, 24.000914, 0.0)
(41.321991, 23.966934, 0.0)
(41.310211, 23.950184, 0.0)
(41.305702, 23.960690, 0.0)
(41.301640, 23.920708, 0.0)
(41.293423, 23.891575, 0.0)
(41.297073, 23.891230, 0.0)
(41.298283, 23.877651, 0.0)
(40.443932, 23.243420, 0.0)
(37.642548, 21.468264, 0.0)
(37.531174, 21.600388, 0.0)
(37.509678, 21.645786, 0.0)
(37.489777, 21.641945, 0.0)
(37.544678, 21.641571, 0.0)
(37.841282, 21.644230, 0.0)
(37.878494, 21.614494, 0.0)
(37.894779, 21.627813, 0.0)
(37.902954, 21.593184, 0.0)
(37.878452, 21.517374, 0.0)
(37.883148, 21.539055, 0.0)
(37.918770, 21.554533, 0.0)
(37.903019, 21.555927, 0.0)
(37.901577, 21.590021, 0.0)
(37.892159, 21.637381, 0.0)
(37.887150, 21.618221, 0.0)
(37.893272, 21.601965, 0.0)
(37.896263, 21.611076, 0.0)
(37.895840, 21.621666, 0.0)
(37.861477, 21.609779, 0.0)
(37.855453, 21.624693, 0.0)
(37.843525, 21.579102, 0.0)
(37.828022, 21.599428, 0.0)
(37.828144, 21.599907, 0.0)
(37.841354, 21.565523, 0.0)
(37.848621, 21.572489, 0.0)
(37.865616, 21.626324, 0.0)
(37.826851, 21.590666, 0.0)
(37.827740, 21.599915, 0.0)
(37.821629, 21.598560, 0.0)
(37.817905, 21.602261, 0.0)
(37.789421, 21.574602, 0.0)
(37.785667, 21.570604, 0.0)
(37.806755, 21.556280, 0.0)
(37.790356, 21.476515, 0.0)
(37.791862, 21.475382, 0.0)
(37.800972, 21.469481, 0.0)
(37.802151, 21.472778, 0.0)
(34.848431, 24.795643, 0.0)
(33.247025, 27.027746, 0.0)
(33.045631, 27.171934, 0.0)
(32.967495, 27.155281, 0.0)
(32.451145, 26.731558, 0.0)
(32.376762, 26.706091, 0.0)
(32.335690, 26.760597, 0.0)
(32.301773, 26.754465, 0.0)
(32.283306, 26.704233, 0.0)
(32.274071, 26.661049, 0.0)
(32.266544, 26.653854, 0.0)
(32.255356, 26.655149, 0.0)
(32.265606, 26.691076, 0.0)
(32.230179, 26.706036, 0.0)
(32.201714, 26.730911, 0.0)
(32.192646, 26.737020, 0.0)
(32.200760, 26.731945, 0.0)
(32.194736, 26.707438, 0.0)
(32.203659, 26.713530, 0.0)
(32.166416, 26.736074, 0.0)
(32.157310, 26.727758, 0.0)
(32.171787, 26.706144, 0.0)
(32.180820, 26.693228, 0.0)
(32.173359, 26.673059, 0.0)
(32.200859, 26.665943, 0.0)
(32.204769, 26.660080, 0.0)
(32.217941, 26.700518, 0.0)
(32.202370, 26.702593, 0.0)
(32.201954, 26.688904, 0.0)
(32.207611, 26.692762, 0.0)
(32.192505, 26.677485, 0.0)
(32.197159, 26.709238, 0.0)
(32.185349, 26.705683, 0.0)
(32.200783, 26.662914, 0.0)
(32.188759, 26.646814, 0.0)
(32.191376, 26.658224, 0.0)
(32.224648, 26.661434, 0.0)
(36.692657, 25.459480, 0.0)
(37.890366, 25.340513, 0.0)
(37.981323, 25.404440, 0.0)
(37.991707, 25.419168, 0.0)
(37.998436, 25.377764, 0.0)
(38.089645, 25.240215, 0.0)
(38.177608, 25.069275, 0.0)
(38.182423, 25.079679, 0.0)
(38.192238, 25.100281, 0.0)
(38.212795, 25.049545, 0.0)
(38.203548, 25.014967, 0.0)
(38.184364, 25.031445, 0.0)
(38.208176, 25.017567, 0.0)
(38.216003, 25.001169, 0.0)
(38.217461, 25.028276, 0.0)
(38.202068, 25.076069, 0.0)
(38.181339, 25.058037, 0.0)
(38.168575, 25.056932, 0.0)
(38.175808, 25.049084, 0.0)
(38.190113, 25.011576, 0.0)
(38.195049, 25.021143, 0.0)
(38.186661, 25.006830, 0.0)
(38.159084, 24.980953, 0.0)
(38.141514, 24.976095, 0.0)
(38.152451, 24.961432, 0.0)
(38.144356, 24.920395, 0.0)
(38.145481, 24.933130, 0.0)
(38.160961, 24.968235, 0.0)
(38.144600, 24.967375, 0.0)
(38.134762, 24.945082, 0.0)
(38.144230, 24.952652, 0.0)
(38.145653, 24.961746, 0.0)
(38.136593, 24.962502, 0.0)
(38.121498, 25.013876, 0.0)
(38.114361, 25.002554, 0.0)
(38.107784, 24.984304, 0.0)
(38.122143, 24.987900, 0.0)
(40.527512, 22.739389, 0.0)
(42.110481, 22.361090, 0.0)
(42.316811, 22.437309, 0.0)
(42.345768, 22.548037, 0.0)
(42.314030, 22.601995, 0.0)
(42.314278, 22.635204, 0.0)
(42.370159, 22.585306, 0.0)
(42.381504, 22.603264, 0.0)
(42.389740, 22.606300, 0.0)
(42.382950, 22.610188, 0.0)
(42.377888, 22.582645, 0.0)
(42.380081, 22.554935, 0.0)
(42.396187, 22.556767, 0.0)
(42.376675, 22.527134, 0.0)
(42.384468, 22.528938, 0.0)
(42.384167, 22.580727, 0.0)
(42.391388, 22.597198, 0.0)
(42.431198, 22.500574, 0.0)
(42.429176, 22.495136, 0.0)
(42.459023, 22.493290, 0.0)
(42.468250, 22.484673, 0.0)
(42.465122, 22.506420, 0.0)
(42.459682, 22.506742, 0.0)
(42.475426, 22.468143, 0.0)
(42.456390, 22.481285, 0.0)
(42.458813, 22.482801, 0.0)
(42.448177, 22.467133, 0.0)
(42.438469, 22.479376, 0.0)
(42.446228, 22.516018, 0.0)
(42.445427, 22.523296, 0.0)
(42.403988, 22.510345, 0.0)
(42.407280, 22.502743, 0.0)
(42.410961, 22.479969, 0.0)
(42.414310, 22.485239, 0.0)
(42.410160, 22.494228, 0.0)
(42.412563, 22.490753, 0.0)
(42.406086, 22.440548, 0.0)
(42.407707, 22.436102, 0.0)
(42.409000, 22.391684, 0.0)
(42.384441, 22.400846, 0.0)
(42.201260, 24.176910, 0.0)
(42.744972, 26.531437, 0.0)
(43.145752, 28.104904, 0.0)
(43.440117, 29.123865, 0.0)
(43.465084, 29.410810, 0.0)
(43.450829, 29.390604, 0.0)
(43.452435, 29.351994, 0.0)
(43.442631, 29.356234, 0.0)
(43.594963, 30.103657, 0.0)
(43.635399, 30.128733, 0.0)
(43.614952, 30.116512, 0.0)
(43.619194, 30.045177, 0.0)
(43.598724, 29.999262, 0.0)
(40.337624, 28.425623, 0.0)
(29.169703, 26.734764, 0.0)
(29.255953, 25.771999, 0.0)
(29.162628, 25.354654, 0.0)
(29.274351, 25.216530, 0.0)
(29.315348, 25.217461, 0.0)
(29.328535, 25.248714, 0.0)
(29.369106, 25.327271, 0.0)
(29.388552, 25.347614, 0.0)
(32.656433, 24.866503, 0.0)
(35.641644, 24.903784, 0.0)
(35.732079, 24.952826, 0.0)
(35.748554, 24.934023, 0.0)
(35.777855, 24.907391, 0.0)
(35.779613, 24.816895, 0.0)
(35.772900, 24.781647, 0.0)
(35.771629, 24.798206, 0.0)
(35.780258, 24.779074, 0.0)
(38.333874, 27.838154, 0.0)
(38.232361, 27.886665, 0.0)
(38.166935, 27.850462, 0.0)
(38.135029, 27.796755, 0.0)
(38.135891, 27.810877, 0.0)
(38.131229, 27.860086, 0.0)
(38.501713, 27.888611, 0.0)
(38.520023, 27.862232, 0.0)
(38.557034, 27.885098, 0.0)
(38.562355, 27.904385, 0.0)
(38.776321, 27.901619, 0.0)
(38.785915, 27.946260, 0.0)
(38.783077, 27.920956, 0.0)
(38.774441, 27.856905, 0.0)
(38.786766, 27.856682, 0.0)
(38.774261, 27.860115, 0.0)
(38.773285, 27.928150, 0.0)
(38.367023, 28.010944, 0.0)
(38.308281, 28.038258, 0.0)
(38.286705, 28.004616, 0.0)
(38.302078, 27.979486, 0.0)
(38.313053, 27.939087, 0.0)
(38.309364, 27.893661, 0.0)
(38.285709, 27.871117, 0.0)
(38.293934, 27.844458, 0.0)
(38.306099, 27.812000, 0.0)
(38.300510, 27.822794, 0.0)
(38.283783, 27.840361, 0.0)
(38.268223, 27.811775, 0.0)
(38.285038, 27.843056, 0.0)
(38.294094, 27.845793, 0.0)
(38.291580, 27.831957, 0.0)
(38.275650, 27.810511, 0.0)
(38.290462, 27.847868, 0.0)
(38.306408, 27.872282, 0.0)
(38.291332, 27.983593, 0.0)
(38.281654, 27.975210, 0.0)
(38.401157, 28.057335, 0.0)
(41.190445, 30.476677, 0.0)
(41.232891, 30.952845, 0.0)
(41.239899, 30.978422, 0.0)
(41.255184, 30.975294, 0.0)
(41.269016, 31.020456, 0.0)
(41.206795, 30.913673, 0.0)
(41.185993, 30.869755, 0.0)
(41.354450, 30.921091, 0.0)
(41.390900, 30.873699, 0.0)
(41.397457, 30.813892, 0.0)
(41.399708, 30.733526, 0.0)
(41.391941, 30.718899, 0.0)
(41.392963, 30.702257, 0.0)
(41.379692, 30.705523, 0.0)
(41.384918, 30.704298, 0.0)
(41.382927, 30.665392, 0.0)
(41.400364, 30.660130, 0.0)
(41.147465, 30.739178, 0.0)
(41.077686, 30.759365, 0.0)
(41.083855, 30.757910, 0.0)
(41.068966, 30.769470, 0.0)
(41.059616, 30.798500, 0.0)
(41.059067, 30.814663, 0.0)
(41.044292, 30.818174, 0.0)
(41.060734, 30.760702, 0.0)
(41.068253, 30.747723, 0.0)
(41.081814, 30.747112, 0.0)
(41.081558, 30.738611, 0.0)
(41.094112, 30.761297, 0.0)
(41.123268, 30.778772, 0.0)
(41.108479, 30.803406, 0.0)
(41.075237, 30.838764, 0.0)
(41.111618, 30.814074, 0.0)
(41.138180, 30.811844, 0.0)
(41.099182, 30.794228, 0.0)
(41.103477, 30.802320, 0.0)
(41.053009, 30.782349, 0.0)
(41.032516, 30.745470, 0.0)
(41.046608, 30.739109, 0.0)
(41.037109, 30.724541, 0.0)
(41.020081, 30.732519, 0.0)
(41.020412, 30.748913, 0.0)
(41.002911, 30.746096, 0.0)
(40.997154, 30.743742, 0.0)
(41.001755, 30.716516, 0.0)
(40.998722, 30.708719, 0.0)
(40.989258, 30.729259, 0.0)
(40.973373, 30.733328, 0.0)
(40.969414, 30.708477, 0.0)
(40.998810, 30.662815, 0.0)
(40.983788, 30.668148, 0.0)
(40.986122, 30.655706, 0.0)
(40.977646, 30.647047, 0.0)
(40.972443, 30.666035, 0.0)
(40.976826, 30.691216, 0.0)
(40.961681, 30.693148, 0.0)
(40.968662, 30.673988, 0.0)
(40.967560, 30.669693, 0.0)
(40.955147, 30.691771, 0.0)
(40.946030, 30.689884, 0.0)
(40.946411, 30.680580, 0.0)
(40.950508, 30.638968, 0.0)
(40.943531, 30.660177, 0.0)
(40.936394, 30.668797, 0.0)
(40.941910, 30.658800, 0.0)
(40.943531, 30.660177, 0.0)
(40.935928, 30.676754, 0.0)
(40.937222, 30.680643, 0.0)
(40.926506, 30.688156, 0.0)
(40.938183, 30.657978, 0.0)
(40.944782, 30.646492, 0.0)
(40.928265, 30.667543, 0.0)
(40.928085, 30.668137, 0.0)
(40.932808, 30.641338, 0.0)
(40.915035, 30.627167, 0.0)
(40.926617, 30.613317, 0.0)
(40.914398, 30.572710, 0.0)
(40.916607, 30.563215, 0.0)
(40.918465, 30.602741, 0.0)
(40.912457, 30.631660, 0.0)
(40.897942, 30.573195, 0.0)
(40.917011, 30.529165, 0.0)
(40.907932, 30.550476, 0.0)
(40.889137, 30.516951, 0.0)
(40.899239, 30.554068, 0.0)
(40.896576, 30.552074, 0.0)
(40.878448, 30.465883, 0.0)
(40.865959, 30.466579, 0.0)
(40.864769, 30.466255, 0.0)
(40.857315, 30.403683, 0.0)
(40.856792, 30.443558, 0.0)
(40.857910, 30.442656, 0.0)
(40.848648, 30.450678, 0.0)
(40.854595, 30.419422, 0.0)
(40.851452, 30.394899, 0.0)
(40.859604, 30.382511, 0.0)
(40.837948, 30.374592, 0.0)
(40.805370, 30.381954, 0.0)
(40.821438, 30.349346, 0.0)
(40.783398, 30.333548, 0.0)
(40.774467, 30.342607, 0.0)
(40.792934, 30.338728, 0.0)
(40.782059, 30.338514, 0.0)
(40.806850, 30.396030, 0.0)
(40.799591, 30.450541, 0.0)
(40.767048, 30.408392, 0.0)
(40.770378, 30.376890, 0.0)
(40.786610, 30.382631, 0.0)
(40.787739, 30.370625, 0.0)
(40.780434, 30.399040, 0.0)
(40.776695, 30.405378, 0.0)
(40.760674, 30.410099, 0.0)
(40.741848, 30.396866, 0.0)
(40.755711, 30.420444, 0.0)
(40.699108, 30.303600, 0.0)
(38.848969, 32.274887, 0.0)
