{
  "prompt": "black pupil.",
  "gsam2_centers": [
    {
      "valid": true,
      "cx": 129.63,
      "cy": 149.71,
      "area": 742,
      "det_score": 0.3402,
      "sam_score": 0.9679,
      "box": [
        115.9,
        130.7,
        144.2,
        169.4
      ],
      "repeats": [
        [
          129.61,
          149.63
        ],
        [
          129.69,
          149.62
        ],
        [
          129.69,
          149.61
        ],
        [
          129.88,
          149.73
        ],
        [
          130.86,
          149.78
        ]
      ],
      "idx": 805,
      "mislabel": false,
      "mislabel_reason": "ok",
      "e_unet": 0.74
    },
    {
      "valid": true,
      "cx": 129.65,
      "cy": 149.83,
      "area": 747,
      "det_score": 0.3172,
      "sam_score": 0.9679,
      "box": [
        115.9,
        130.6,
        144.2,
        169.4
      ],
      "repeats": [
        [
          129.57,
          149.63
        ],
        [
          129.70999999999998,
          149.79
        ],
        [
          129.7,
          149.75
        ],
        [
          129.78,
          149.83
        ],
        [
          130.84,
          149.82
        ]
      ],
      "idx": 806,
      "mislabel": false,
      "mislabel_reason": "ok",
      "e_unet": 0.88
    },
    {
      "valid": true,
      "cx": 129.7,
      "cy": 149.94,
      "area": 753,
      "det_score": 0.3391,
      "sam_score": 0.9694,
      "box": [
        115.9,
        130.7,
        144.3,
        169.4
      ],
      "repeats": [
        [
          129.51999999999998,
          149.76
        ],
        [
          129.73000000000002,
          149.92
        ],
        [
          129.7,
          149.87
        ],
        [
          129.76999999999998,
          149.89
        ],
        [
          130.74,
          149.93
        ]
      ],
      "idx": 807,
      "mislabel": false,
      "mislabel_reason": "ok",
      "e_unet": 1.02
    },
    {
      "valid": true,
      "cx": 129.76,
      "cy": 149.88,
      "area": 762,
      "det_score": 0.3153,
      "sam_score": 0.9683,
      "box": [
        115.9,
        130.4,
        144.5,
        169.5
      ],
      "repeats": [
        [
          129.53,
          149.74
        ],
        [
          129.79000000000002,
          149.93
        ],
        [
          129.81,
          149.84
        ],
        [
          129.92000000000002,
          149.8
        ],
        [
          130.75,
          149.95
        ]
      ],
      "idx": 808,
      "mislabel": false,
      "mislabel_reason": "ok",
      "e_unet": 1.0
    },
    {
      "valid": true,
      "cx": 129.72,
      "cy": 149.87,
      "area": 768,
      "det_score": 0.3451,
      "sam_score": 0.969,
      "box": [
        115.7,
        130.3,
        144.4,
        169.6
      ],
      "repeats": [
        [
          129.57999999999998,
          149.8
        ],
        [
          129.81,
          149.9
        ],
        [
          129.8,
          149.85
        ],
        [
          129.76999999999998,
          149.82
        ],
        [
          130.73,
          149.86
        ]
      ],
      "idx": 809,
      "mislabel": false,
      "mislabel_reason": "ok",
      "e_unet": 1.0
    },
    {
      "valid": true,
      "cx": 129.66,
      "cy": 149.94,
      "area": 781,
      "det_score": 0.3295,
      "sam_score": 0.9691,
      "box": [
        115.7,
        130.3,
        144.6,
        169.7
      ],
      "repeats": [
        [
          129.64,
          149.78
        ],
        [
          129.72,
          150.03
        ],
        [
          129.68,
          149.93
        ],
        [
          129.76,
          149.87
        ],
        [
          130.79,
          149.96
        ]
      ],
      "idx": 810,
      "mislabel": false,
      "mislabel_reason": "ok",
      "e_unet": 1.02
    },
    {
      "valid": true,
      "cx": 129.68,
      "cy": 149.79,
      "area": 790,
      "det_score": 0.3321,
      "sam_score": 0.9697,
      "box": [
        115.6,
        130.1,
        144.6,
        169.8
      ],
      "repeats": [
        [
          129.65,
          149.72
        ],
        [
          129.72,
          149.8
        ],
        [
          129.78,
          149.77
        ],
        [
          129.8,
          149.75
        ],
        [
          130.81,
          149.8
        ]
      ],
      "idx": 811,
      "mislabel": false,
      "mislabel_reason": "ok",
      "e_unet": 0.88
    },
    {
      "valid": true,
      "cx": 129.78,
      "cy": 149.71,
      "area": 798,
      "det_score": 0.3193,
      "sam_score": 0.9694,
      "box": [
        115.7,
        129.9,
        144.7,
        169.8
      ],
      "repeats": [
        [
          129.75,
          149.61
        ],
        [
          129.81,
          149.74
        ],
        [
          129.82999999999998,
          149.69
        ],
        [
          129.84,
          149.67
        ],
        [
          130.87,
          149.7
        ]
      ],
      "idx": 812,
      "mislabel": false,
      "mislabel_reason": "ok",
      "e_unet": 0.92
    },
    {
      "valid": true,
      "cx": 129.81,
      "cy": 149.67,
      "area": 810,
      "det_score": 0.3213,
      "sam_score": 0.9699,
      "box": [
        115.6,
        129.7,
        145.0,
        170.0
      ],
      "repeats": [
        [
          129.78,
          149.68
        ],
        [
          129.82,
          149.69
        ],
        [
          129.82999999999998,
          149.67
        ],
        [
          129.87,
          149.68
        ],
        [
          130.94,
          149.73
        ]
      ],
      "idx": 813,
      "mislabel": false,
      "mislabel_reason": "ok",
      "e_unet": 0.85
    },
    {
      "valid": true,
      "cx": 129.73000000000002,
      "cy": 149.73,
      "area": 819,
      "det_score": 0.3127,
      "sam_score": 0.97,
      "box": [
        115.5,
        129.7,
        145.0,
        170.2
      ],
      "repeats": [
        [
          129.82,
          149.68
        ],
        [
          129.8,
          149.71
        ],
        [
          129.82,
          149.7
        ],
        [
          129.9,
          149.62
        ],
        [
          130.9,
          149.73
        ]
      ],
      "idx": 814,
      "mislabel": false,
      "mislabel_reason": "ok",
      "e_unet": 0.83
    },
    {
      "valid": true,
      "cx": 129.73000000000002,
      "cy": 149.65,
      "area": 828,
      "det_score": 0.3234,
      "sam_score": 0.9702,
      "box": [
        115.5,
        129.6,
        145.2,
        170.1
      ],
      "repeats": [
        [
          129.81,
          149.55
        ],
        [
          129.79000000000002,
          149.75
        ],
        [
          129.82,
          149.67
        ],
        [
          130.0,
          149.56
        ],
        [
          130.96,
          149.64
        ]
      ],
      "idx": 815,
      "mislabel": false,
      "mislabel_reason": "ok",
      "e_unet": 0.78
    }
  ]
}