{
  "prompt": "black pupil.",
  "gsam2_centers": [
    {
      "valid": true,
      "cx": 197.12,
      "cy": 129.38,
      "area": 849,
      "det_score": 0.4092,
      "sam_score": 0.9715,
      "box": [
        178.7,
        114.0,
        216.6,
        144.6
      ],
      "repeats": [
        [
          197.09,
          129.32999999999998
        ],
        [
          197.16,
          129.43
        ],
        [
          197.15,
          129.38
        ],
        [
          197.25,
          129.35
        ],
        [
          198.29000000000002,
          129.35
        ]
      ],
      "idx": 1807,
      "mislabel": false,
      "mislabel_reason": "ok",
      "e_unet": 0.83
    },
    {
      "valid": true,
      "cx": 197.13,
      "cy": 129.44,
      "area": 864,
      "det_score": 0.4128,
      "sam_score": 0.9705,
      "box": [
        178.4,
        113.7,
        216.9,
        144.7
      ],
      "repeats": [
        [
          197.05,
          129.39
        ],
        [
          197.12,
          129.48000000000002
        ],
        [
          197.17,
          129.4
        ],
        [
          197.31,
          129.42000000000002
        ],
        [
          198.22,
          129.42000000000002
        ]
      ],
      "idx": 1808,
      "mislabel": false,
      "mislabel_reason": "ok",
      "e_unet": 0.81
    },
    {
      "valid": true,
      "cx": 197.38,
      "cy": 129.61,
      "area": 891,
      "det_score": 0.4005,
      "sam_score": 0.97,
      "box": [
        178.3,
        113.7,
        217.4,
        145.3
      ],
      "repeats": [
        [
          197.25,
          129.53
        ],
        [
          197.38,
          129.61
        ],
        [
          197.34,
          129.57
        ],
        [
          197.42,
          129.56
        ],
        [
          198.41,
          129.57
        ]
      ],
      "idx": 1809,
      "mislabel": false,
      "mislabel_reason": "ok",
      "e_unet": 0.81
    },
    {
      "valid": true,
      "cx": 197.42,
      "cy": 129.87,
      "area": 909,
      "det_score": 0.4067,
      "sam_score": 0.9702,
      "box": [
        178.2,
        113.8,
        217.9,
        145.6
      ],
      "repeats": [
        [
          197.42,
          129.81
        ],
        [
          197.42,
          129.89
        ],
        [
          197.44,
          129.82
        ],
        [
          197.48,
          129.79000000000002
        ],
        [
          198.57999999999998,
          129.82999999999998
        ]
      ],
      "idx": 1810,
      "mislabel": false,
      "mislabel_reason": "ok",
      "e_unet": 0.84
    },
    {
      "valid": true,
      "cx": 197.81,
      "cy": 129.95999999999998,
      "area": 921,
      "det_score": 0.3994,
      "sam_score": 0.9696,
      "box": [
        178.2,
        113.7,
        218.1,
        145.8
      ],
      "repeats": [
        [
          197.57,
          129.92000000000002
        ],
        [
          197.69,
          129.99
        ],
        [
          197.63,
          129.99
        ],
        [
          197.78,
          129.93
        ],
        [
          198.73000000000002,
          129.91
        ]
      ],
      "idx": 1811,
      "mislabel": false,
      "mislabel_reason": "ok",
      "e_unet": 0.98
    },
    {
      "valid": true,
      "cx": 196.64,
      "cy": 137.36,
      "area": 1046,
      "det_score": 0.3862,
      "sam_score": 0.9766,
      "box": [
        177.4,
        119.3,
        217.7,
        155.5
      ],
      "repeats": [
        [
          196.6,
          137.32
        ],
        [
          196.6,
          137.41
        ],
        [
          196.6,
          137.37
        ],
        [
          196.61,
          137.29000000000002
        ],
        [
          197.84,
          137.41
        ]
      ],
      "idx": 1812,
      "mislabel": false,
      "mislabel_reason": "ok",
      "e_unet": 0.95
    },
    {
      "valid": true,
      "cx": 196.79,
      "cy": 141.44,
      "area": 1074,
      "det_score": 0.45,
      "sam_score": 0.977,
      "box": [
        177.4,
        123.2,
        217.9,
        159.8
      ],
      "repeats": [
        [
          196.73,
          141.39
        ],
        [
          196.79,
          141.44
        ],
        [
          196.77,
          141.37
        ],
        [
          196.84,
          141.43
        ],
        [
          197.93,
          141.29
        ]
      ],
      "idx": 1813,
      "mislabel": false,
      "mislabel_reason": "ok",
      "e_unet": 1.2
    }
  ]
}