{
  "prompt": "black pupil.",
  "gsam2_centers": [
    {
      "valid": true,
      "cx": 177.13,
      "cy": 73.72,
      "area": 452,
      "det_score": 0.4272,
      "sam_score": 0.9661,
      "box": [
        163.9,
        62.6,
        191.8,
        85.1
      ],
      "repeats": [
        [
          177.0,
          73.6
        ],
        [
          177.15,
          73.77000000000001
        ],
        [
          177.15,
          73.72999999999999
        ],
        [
          177.11,
          73.6
        ],
        [
          178.23,
          73.69
        ]
      ],
      "idx": 1407,
      "mislabel": false,
      "mislabel_reason": "ok",
      "e_unet": 1.0
    },
    {
      "valid": true,
      "cx": 176.84,
      "cy": 73.7,
      "area": 454,
      "det_score": 0.417,
      "sam_score": 0.9648,
      "box": [
        163.6,
        62.4,
        191.7,
        85.0
      ],
      "repeats": [
        [
          176.83,
          73.53
        ],
        [
          176.85,
          73.71000000000001
        ],
        [
          176.84,
          73.6
        ],
        [
          176.97,
          73.6
        ],
        [
          177.96,
          73.63
        ]
      ],
      "idx": 1408,
      "mislabel": false,
      "mislabel_reason": "ok",
      "e_unet": 0.96
    },
    {
      "valid": true,
      "cx": 176.45,
      "cy": 73.64,
      "area": 455,
      "det_score": 0.4102,
      "sam_score": 0.9637,
      "box": [
        163.4,
        62.3,
        191.4,
        85.0
      ],
      "repeats": [
        [
          176.49,
          73.53999999999999
        ],
        [
          176.59,
          73.72
        ],
        [
          176.5,
          73.61
        ],
        [
          176.59,
          73.55
        ],
        [
          177.64,
          73.57
        ]
      ],
      "idx": 1409,
      "mislabel": false,
      "mislabel_reason": "ok",
      "e_unet": 0.82
    },
    {
      "valid": true,
      "cx": 176.43,
      "cy": 73.61,
      "area": 453,
      "det_score": 0.4053,
      "sam_score": 0.9642,
      "box": [
        163.2,
        62.3,
        191.3,
        85.0
      ],
      "repeats": [
        [
          176.43,
          73.62
        ],
        [
          176.39,
          73.66
        ],
        [
          176.43,
          73.64
        ],
        [
          176.44,
          73.56
        ],
        [
          177.4,
          73.62
        ]
      ],
      "idx": 1410,
      "mislabel": false,
      "mislabel_reason": "ok",
      "e_unet": 0.85
    },
    {
      "valid": true,
      "cx": 168.8,
      "cy": 75.42,
      "area": 478,
      "det_score": 0.4466,
      "sam_score": 0.9638,
      "box": [
        155.3,
        63.8,
        183.7,
        87.2
      ],
      "repeats": [
        [
          168.74,
          75.36
        ],
        [
          168.83,
          75.5
        ],
        [
          168.78,
          75.43
        ],
        [
          168.89,
          75.28
        ],
        [
          170.07,
          75.41
        ]
      ],
      "idx": 1411,
      "mislabel": false,
      "mislabel_reason": "ok",
      "e_unet": 0.81
    },
    {
      "valid": true,
      "cx": 167.13,
      "cy": 75.71,
      "area": 463,
      "det_score": 0.4211,
      "sam_score": 0.9653,
      "box": [
        153.9,
        64.4,
        181.7,
        87.5
      ],
      "repeats": [
        [
          167.09,
          75.68
        ],
        [
          167.18,
          75.88
        ],
        [
          167.09,
          75.78
        ],
        [
          167.2,
          75.63
        ],
        [
          168.31,
          75.79
        ]
      ],
      "idx": 1412,
      "mislabel": false,
      "mislabel_reason": "ok",
      "e_unet": 0.89
    },
    {
      "valid": true,
      "cx": 166.85,
      "cy": 75.76,
      "area": 472,
      "det_score": 0.435,
      "sam_score": 0.9659,
      "box": [
        153.7,
        64.3,
        181.5,
        87.5
      ],
      "repeats": [
        [
          166.87,
          75.64
        ],
        [
          166.81,
          75.83
        ],
        [
          166.89,
          75.76
        ],
        [
          166.88,
          75.6
        ],
        [
          168.03,
          75.78
        ]
      ],
      "idx": 1413,
      "mislabel": false,
      "mislabel_reason": "ok",
      "e_unet": 0.82
    }
  ]
}