{
  "prompt": "black pupil.",
  "gsam2_centers": [
    {
      "valid": true,
      "cx": 192.28,
      "cy": 131.63,
      "area": 959,
      "det_score": 0.4451,
      "sam_score": 0.9726,
      "box": [
        174.7,
        113.6,
        211.1,
        149.5
      ],
      "repeats": [
        [
          192.21,
          131.5
        ],
        [
          192.31,
          131.7
        ],
        [
          192.27,
          131.57
        ],
        [
          192.33,
          131.56
        ],
        [
          193.43,
          131.6
        ]
      ],
      "idx": 907,
      "mislabel": false,
      "mislabel_reason": "ok",
      "e_unet": 0.74
    },
    {
      "valid": true,
      "cx": 191.29,
      "cy": 131.65,
      "area": 947,
      "det_score": 0.503,
      "sam_score": 0.9721,
      "box": [
        173.9,
        113.7,
        210.0,
        149.5
      ],
      "repeats": [
        [
          191.28,
          131.65
        ],
        [
          191.33,
          131.66
        ],
        [
          191.3,
          131.62
        ],
        [
          191.4,
          131.62
        ],
        [
          192.35,
          131.62
        ]
      ],
      "idx": 908,
      "mislabel": false,
      "mislabel_reason": "ok",
      "e_unet": 0.67
    },
    {
      "valid": true,
      "cx": 190.29,
      "cy": 131.76999999999998,
      "area": 939,
      "det_score": 0.5406,
      "sam_score": 0.9707,
      "box": [
        173.0,
        114.0,
        209.0,
        149.5
      ],
      "repeats": [
        [
          190.15,
          131.66
        ],
        [
          190.42,
          131.85
        ],
        [
          190.2,
          131.7
        ],
        [
          190.42,
          131.73000000000002
        ],
        [
          191.42,
          131.78
        ]
      ],
      "idx": 909,
      "mislabel": false,
      "mislabel_reason": "ok",
      "e_unet": 0.91
    },
    {
      "valid": true,
      "cx": 189.11,
      "cy": 131.63,
      "area": 929,
      "det_score": 0.5206,
      "sam_score": 0.9716,
      "box": [
        171.7,
        114.1,
        207.8,
        149.4
      ],
      "repeats": [
        [
          189.17,
          131.59
        ],
        [
          189.18,
          131.68
        ],
        [
          189.16,
          131.62
        ],
        [
          189.24,
          131.51999999999998
        ],
        [
          190.27,
          131.6
        ]
      ],
      "idx": 910,
      "mislabel": false,
      "mislabel_reason": "ok",
      "e_unet": 0.71
    },
    {
      "valid": true,
      "cx": 188.14,
      "cy": 131.57999999999998,
      "area": 922,
      "det_score": 0.5098,
      "sam_score": 0.9707,
      "box": [
        170.6,
        114.3,
        206.6,
        149.1
      ],
      "repeats": [
        [
          188.18,
          131.56
        ],
        [
          188.23,
          131.62
        ],
        [
          188.21,
          131.59
        ],
        [
          188.23,
          131.57
        ],
        [
          189.28,
          131.62
        ]
      ],
      "idx": 911,
      "mislabel": false,
      "mislabel_reason": "ok",
      "e_unet": 0.85
    },
    {
      "valid": true,
      "cx": 187.17,
      "cy": 131.51,
      "area": 910,
      "det_score": 0.4802,
      "sam_score": 0.9714,
      "box": [
        169.8,
        114.3,
        205.6,
        148.8
      ],
      "repeats": [
        [
          187.21,
          131.42000000000002
        ],
        [
          187.21,
          131.51999999999998
        ],
        [
          187.21,
          131.45999999999998
        ],
        [
          187.25,
          131.43
        ],
        [
          188.19,
          131.51
        ]
      ],
      "idx": 912,
      "mislabel": false,
      "mislabel_reason": "ok",
      "e_unet": 0.83
    },
    {
      "valid": true,
      "cx": 179.84,
      "cy": 132.37,
      "area": 901,
      "det_score": 0.6147,
      "sam_score": 0.9719,
      "box": [
        162.3,
        115.1,
        198.6,
        149.4
      ],
      "repeats": [
        [
          179.81,
          132.29000000000002
        ],
        [
          179.87,
          132.36
        ],
        [
          179.83,
          132.26999999999998
        ],
        [
          179.86,
          132.29000000000002
        ],
        [
          180.94,
          132.36
        ]
      ],
      "idx": 913,
      "mislabel": false,
      "mislabel_reason": "ok",
      "e_unet": 1.02
    }
  ]
}