{
  "prompt": "black pupil.",
  "gsam2_centers": [
    {
      "valid": true,
      "cx": 135.34,
      "cy": 144.64,
      "area": 795,
      "det_score": 0.3408,
      "sam_score": 0.9693,
      "box": [
        120.8,
        125.4,
        150.8,
        164.3
      ],
      "repeats": [
        [
          135.34,
          144.61
        ],
        [
          135.42000000000002,
          144.66
        ],
        [
          135.4,
          144.55
        ],
        [
          135.45,
          144.54
        ],
        [
          136.58,
          144.57
        ]
      ],
      "idx": 1105,
      "mislabel": false,
      "mislabel_reason": "ok",
      "e_unet": 0.62
    },
    {
      "valid": true,
      "cx": 135.05,
      "cy": 144.67,
      "area": 803,
      "det_score": 0.3379,
      "sam_score": 0.9693,
      "box": [
        120.6,
        125.0,
        150.6,
        164.3
      ],
      "repeats": [
        [
          135.14,
          144.4
        ],
        [
          135.19,
          144.58
        ],
        [
          135.16,
          144.42
        ],
        [
          135.24,
          144.56
        ],
        [
          136.36,
          144.48
        ]
      ],
      "idx": 1106,
      "mislabel": false,
      "mislabel_reason": "ok",
      "e_unet": 0.7
    },
    {
      "valid": true,
      "cx": 135.07,
      "cy": 144.69,
      "area": 805,
      "det_score": 0.3421,
      "sam_score": 0.9699,
      "box": [
        120.4,
        124.9,
        150.6,
        164.3
      ],
      "repeats": [
        [
          135.13,
          144.56
        ],
        [
          135.1,
          144.69
        ],
        [
          135.15,
          144.54
        ],
        [
          135.23000000000002,
          144.53
        ],
        [
          136.34,
          144.49
        ]
      ],
      "idx": 1107,
      "mislabel": false,
      "mislabel_reason": "ok",
      "e_unet": 0.75
    },
    {
      "valid": true,
      "cx": 135.03,
      "cy": 144.52,
      "area": 816,
      "det_score": 0.3411,
      "sam_score": 0.9707,
      "box": [
        120.2,
        124.6,
        150.7,
        164.2
      ],
      "repeats": [
        [
          135.1,
          144.41
        ],
        [
          135.06,
          144.52
        ],
        [
          135.09,
          144.46
        ],
        [
          135.18,
          144.35
        ],
        [
          136.28,
          144.39
        ]
      ],
      "idx": 1108,
      "mislabel": false,
      "mislabel_reason": "ok",
      "e_unet": 0.79
    },
    {
      "valid": true,
      "cx": 135.18,
      "cy": 144.19,
      "area": 825,
      "det_score": 0.3425,
      "sam_score": 0.9709,
      "box": [
        120.3,
        124.3,
        150.8,
        164.2
      ],
      "repeats": [
        [
          135.1,
          144.26
        ],
        [
          135.1,
          144.4
        ],
        [
          135.11,
          144.29
        ],
        [
          135.2,
          144.22
        ],
        [
          136.42,
          144.17
        ]
      ],
      "idx": 1109,
      "mislabel": false,
      "mislabel_reason": "ok",
      "e_unet": 0.61
    },
    {
      "valid": true,
      "cx": 135.26,
      "cy": 144.05,
      "area": 836,
      "det_score": 0.341,
      "sam_score": 0.9708,
      "box": [
        120.3,
        124.0,
        151.0,
        164.1
      ],
      "repeats": [
        [
          135.26,
          143.99
        ],
        [
          135.31,
          144.15
        ],
        [
          135.28,
          144.11
        ],
        [
          135.43,
          143.99
        ],
        [
          136.53,
          144.06
        ]
      ],
      "idx": 1110,
      "mislabel": false,
      "mislabel_reason": "ok",
      "e_unet": 0.6
    },
    {
      "valid": true,
      "cx": 135.55,
      "cy": 143.94,
      "area": 844,
      "det_score": 0.3438,
      "sam_score": 0.9713,
      "box": [
        120.6,
        123.9,
        151.4,
        164.2
      ],
      "repeats": [
        [
          135.56,
          143.91
        ],
        [
          135.56,
          144.03
        ],
        [
          135.61,
          143.97
        ],
        [
          135.7,
          143.71
        ],
        [
          136.83,
          143.86
        ]
      ],
      "idx": 1111,
      "mislabel": false,
      "mislabel_reason": "ok",
      "e_unet": 0.44
    },
    {
      "valid": true,
      "cx": 135.88,
      "cy": 143.61,
      "area": 856,
      "det_score": 0.3302,
      "sam_score": 0.9712,
      "box": [
        120.6,
        123.6,
        151.8,
        164.1
      ],
      "repeats": [
        [
          135.81,
          143.67
        ],
        [
          135.88,
          143.62
        ],
        [
          135.85,
          143.65
        ],
        [
          135.91,
          143.5
        ],
        [
          137.06,
          143.68
        ]
      ],
      "idx": 1112,
      "mislabel": false,
      "mislabel_reason": "ok",
      "e_unet": 0.38
    },
    {
      "valid": true,
      "cx": 135.55,
      "cy": 143.57,
      "area": 851,
      "det_score": 0.3404,
      "sam_score": 0.9713,
      "box": [
        120.4,
        123.3,
        151.5,
        163.8
      ],
      "repeats": [
        [
          135.53,
          143.5
        ],
        [
          135.53,
          143.58
        ],
        [
          135.59,
          143.53
        ],
        [
          135.67000000000002,
          143.41
        ],
        [
          136.84,
          143.5
        ]
      ],
      "idx": 1113,
      "mislabel": false,
      "mislabel_reason": "ok",
      "e_unet": 0.58
    },
    {
      "valid": true,
      "cx": 135.76,
      "cy": 143.12,
      "area": 842,
      "det_score": 0.3266,
      "sam_score": 0.9716,
      "box": [
        120.7,
        123.1,
        151.7,
        163.5
      ],
      "repeats": [
        [
          135.73000000000002,
          143.0
        ],
        [
          135.76,
          143.2
        ],
        [
          135.74,
          143.18
        ],
        [
          135.82,
          143.09
        ],
        [
          136.99,
          143.15
        ]
      ],
      "idx": 1114,
      "mislabel": false,
      "mislabel_reason": "ok",
      "e_unet": 0.57
    },
    {
      "valid": true,
      "cx": 136.61,
      "cy": 142.45,
      "area": 865,
      "det_score": 0.3079,
      "sam_score": 0.9707,
      "box": [
        121.2,
        122.4,
        153.0,
        163.1
      ],
      "repeats": [
        [
          136.64,
          142.32
        ],
        [
          136.66,
          142.52
        ],
        [
          136.68,
          142.46
        ],
        [
          136.72,
          142.33
        ],
        [
          137.91,
          142.53
        ]
      ],
      "idx": 1115,
      "mislabel": false,
      "mislabel_reason": "ok",
      "e_unet": 0.55
    }
  ]
}