{
  "prompt": "black pupil.",
  "gsam2_centers": [
    {
      "valid": true,
      "cx": 167.05,
      "cy": 136.95999999999998,
      "area": 1565,
      "det_score": 0.4819,
      "sam_score": 0.9805,
      "box": [
        144.0,
        114.2,
        191.0,
        160.2
      ],
      "repeats": [
        [
          167.03,
          136.95999999999998
        ],
        [
          167.06,
          137.09
        ],
        [
          167.09,
          137.05
        ],
        [
          167.07,
          136.93
        ],
        [
          168.26,
          136.95
        ]
      ],
      "idx": 105,
      "mislabel": false,
      "mislabel_reason": "ok",
      "e_unet": 0.5
    },
    {
      "valid": true,
      "cx": 167.12,
      "cy": 136.94,
      "area": 1568,
      "det_score": 0.4518,
      "sam_score": 0.9806,
      "box": [
        144.0,
        113.9,
        190.9,
        160.2
      ],
      "repeats": [
        [
          167.09,
          136.95
        ],
        [
          167.12,
          136.98000000000002
        ],
        [
          167.11,
          136.98000000000002
        ],
        [
          167.14,
          136.88
        ],
        [
          168.32,
          136.88
        ]
      ],
      "idx": 106,
      "mislabel": false,
      "mislabel_reason": "ok",
      "e_unet": 0.52
    },
    {
      "valid": true,
      "cx": 167.19,
      "cy": 137.07999999999998,
      "area": 1562,
      "det_score": 0.4459,
      "sam_score": 0.9801,
      "box": [
        144.0,
        114.2,
        191.0,
        160.4
      ],
      "repeats": [
        [
          167.17,
          137.05
        ],
        [
          167.17,
          137.11
        ],
        [
          167.19,
          137.07
        ],
        [
          167.22,
          137.03
        ],
        [
          168.38,
          137.07
        ]
      ],
      "idx": 107,
      "mislabel": false,
      "mislabel_reason": "ok",
      "e_unet": 0.64
    },
    {
      "valid": true,
      "cx": 167.26,
      "cy": 137.07,
      "area": 1571,
      "det_score": 0.4505,
      "sam_score": 0.9799,
      "box": [
        144.1,
        114.1,
        191.2,
        160.4
      ],
      "repeats": [
        [
          167.19,
          137.0
        ],
        [
          167.25,
          137.11
        ],
        [
          167.28,
          137.06
        ],
        [
          167.27,
          136.97
        ],
        [
          168.38,
          137.01
        ]
      ],
      "idx": 108,
      "mislabel": false,
      "mislabel_reason": "ok",
      "e_unet": 0.68
    },
    {
      "valid": true,
      "cx": 167.19,
      "cy": 137.06,
      "area": 1583,
      "det_score": 0.4443,
      "sam_score": 0.98,
      "box": [
        144.0,
        114.0,
        191.2,
        160.4
      ],
      "repeats": [
        [
          167.14,
          137.03
        ],
        [
          167.18,
          137.13
        ],
        [
          167.19,
          137.06
        ],
        [
          167.22,
          136.95999999999998
        ],
        [
          168.4,
          137.0
        ]
      ],
      "idx": 109,
      "mislabel": false,
      "mislabel_reason": "ok",
      "e_unet": 0.6
    },
    {
      "valid": true,
      "cx": 167.14,
      "cy": 137.03,
      "area": 1592,
      "det_score": 0.4713,
      "sam_score": 0.98,
      "box": [
        143.9,
        113.7,
        191.0,
        160.4
      ],
      "repeats": [
        [
          167.18,
          136.98000000000002
        ],
        [
          167.14,
          137.1
        ],
        [
          167.2,
          137.01999999999998
        ],
        [
          167.15,
          136.95
        ],
        [
          168.33,
          136.98000000000002
        ]
      ],
      "idx": 110,
      "mislabel": false,
      "mislabel_reason": "ok",
      "e_unet": 0.61
    },
    {
      "valid": true,
      "cx": 167.19,
      "cy": 137.0,
      "area": 1605,
      "det_score": 0.4541,
      "sam_score": 0.9798,
      "box": [
        143.9,
        113.6,
        191.2,
        160.5
      ],
      "repeats": [
        [
          167.16,
          136.95999999999998
        ],
        [
          167.19,
          137.05
        ],
        [
          167.22,
          137.03
        ],
        [
          167.21,
          136.95
        ],
        [
          168.34,
          137.03
        ]
      ],
      "idx": 111,
      "mislabel": false,
      "mislabel_reason": "ok",
      "e_unet": 0.59
    },
    {
      "valid": true,
      "cx": 167.13,
      "cy": 136.95,
      "area": 1610,
      "det_score": 0.4545,
      "sam_score": 0.9802,
      "box": [
        143.8,
        113.4,
        191.3,
        160.5
      ],
      "repeats": [
        [
          167.16,
          136.92000000000002
        ],
        [
          167.17,
          136.98000000000002
        ],
        [
          167.16,
          136.98000000000002
        ],
        [
          167.18,
          136.91
        ],
        [
          168.29,
          136.87
        ]
      ],
      "idx": 112,
      "mislabel": false,
      "mislabel_reason": "ok",
      "e_unet": 0.52
    },
    {
      "valid": true,
      "cx": 167.04,
      "cy": 136.82999999999998,
      "area": 1627,
      "det_score": 0.4505,
      "sam_score": 0.9804,
      "box": [
        143.7,
        113.2,
        191.3,
        160.6
      ],
      "repeats": [
        [
          167.07,
          136.81
        ],
        [
          167.12,
          136.89
        ],
        [
          167.11,
          136.88
        ],
        [
          167.12,
          136.78
        ],
        [
          168.3,
          136.82
        ]
      ],
      "idx": 113,
      "mislabel": false,
      "mislabel_reason": "ok",
      "e_unet": 0.48
    },
    {
      "valid": true,
      "cx": 167.11,
      "cy": 136.95,
      "area": 1627,
      "det_score": 0.4461,
      "sam_score": 0.9798,
      "box": [
        143.6,
        113.3,
        191.2,
        160.5
      ],
      "repeats": [
        [
          167.09,
          136.91
        ],
        [
          167.12,
          137.01
        ],
        [
          167.12,
          136.98000000000002
        ],
        [
          167.11,
          136.87
        ],
        [
          168.3,
          136.86
        ]
      ],
      "idx": 114,
      "mislabel": false,
      "mislabel_reason": "ok",
      "e_unet": 0.56
    },
    {
      "valid": true,
      "cx": 167.1,
      "cy": 137.01999999999998,
      "area": 1627,
      "det_score": 0.4595,
      "sam_score": 0.9801,
      "box": [
        143.6,
        113.3,
        191.4,
        160.6
      ],
      "repeats": [
        [
          167.09,
          136.99
        ],
        [
          167.12,
          137.11
        ],
        [
          167.1,
          137.01999999999998
        ],
        [
          167.12,
          136.9
        ],
        [
          168.32,
          136.88
        ]
      ],
      "idx": 115,
      "mislabel": false,
      "mislabel_reason": "ok",
      "e_unet": 0.58
    }
  ]
}