{
  "prompt": "black pupil.",
  "gsam2_centers": [
    {
      "valid": true,
      "cx": 126.28,
      "cy": 151.42,
      "area": 863,
      "det_score": 0.2165,
      "sam_score": 0.9636,
      "box": [
        112.3,
        129.7,
        140.6,
        173.4
      ],
      "repeats": [
        [
          126.32,
          151.18
        ],
        [
          126.3,
          151.47
        ],
        [
          126.35,
          151.28
        ],
        [
          126.37,
          151.24
        ],
        [
          127.46000000000001,
          151.38
        ]
      ],
      "idx": 705,
      "mislabel": false,
      "mislabel_reason": "ok",
      "e_unet": 1.7
    },
    {
      "valid": true,
      "cx": 126.26,
      "cy": 151.28,
      "area": 849,
      "det_score": 0.26,
      "sam_score": 0.9633,
      "box": [
        112.4,
        129.9,
        140.7,
        173.3
      ],
      "repeats": [
        [
          126.29,
          151.17
        ],
        [
          126.31,
          151.31
        ],
        [
          126.33,
          151.27
        ],
        [
          126.39,
          151.16
        ],
        [
          127.47999999999999,
          151.42
        ]
      ],
      "idx": 706,
      "mislabel": false,
      "mislabel_reason": "ok",
      "e_unet": 1.63
    },
    {
      "valid": true,
      "cx": 126.32,
      "cy": 151.3,
      "area": 847,
      "det_score": 0.2524,
      "sam_score": 0.9638,
      "box": [
        112.6,
        129.9,
        140.5,
        173.0
      ],
      "repeats": [
        [
          126.47,
          151.2
        ],
        [
          126.47,
          151.34
        ],
        [
          126.49,
          151.25
        ],
        [
          126.52,
          151.21
        ],
        [
          127.55000000000001,
          151.26
        ]
      ],
      "idx": 707,
      "mislabel": false,
      "mislabel_reason": "ok",
      "e_unet": 1.64
    },
    {
      "valid": true,
      "cx": 126.42,
      "cy": 151.24,
      "area": 843,
      "det_score": 0.2488,
      "sam_score": 0.9644,
      "box": [
        112.5,
        129.8,
        140.7,
        173.2
      ],
      "repeats": [
        [
          126.45,
          151.24
        ],
        [
          126.51,
          151.27
        ],
        [
          126.52,
          151.24
        ],
        [
          126.56,
          151.15
        ],
        [
          127.55000000000001,
          151.26
        ]
      ],
      "idx": 708,
      "mislabel": false,
      "mislabel_reason": "ok",
      "e_unet": 1.55
    },
    {
      "valid": true,
      "cx": 126.61,
      "cy": 151.3,
      "area": 837,
      "det_score": 0.2514,
      "sam_score": 0.9635,
      "box": [
        112.8,
        130.0,
        140.8,
        173.5
      ],
      "repeats": [
        [
          126.55,
          151.18
        ],
        [
          126.6,
          151.33
        ],
        [
          126.65,
          151.24
        ],
        [
          126.68,
          151.21
        ],
        [
          127.6,
          151.39
        ]
      ],
      "idx": 709,
      "mislabel": false,
      "mislabel_reason": "ok",
      "e_unet": 1.57
    },
    {
      "valid": true,
      "cx": 126.68,
      "cy": 151.25,
      "area": 844,
      "det_score": 0.2407,
      "sam_score": 0.9642,
      "box": [
        112.9,
        129.9,
        141.0,
        173.3
      ],
      "repeats": [
        [
          126.71,
          151.2
        ],
        [
          126.71,
          151.35
        ],
        [
          126.69,
          151.28
        ],
        [
          126.71,
          151.3
        ],
        [
          127.82,
          151.37
        ]
      ],
      "idx": 710,
      "mislabel": false,
      "mislabel_reason": "ok",
      "e_unet": 1.56
    },
    {
      "valid": true,
      "cx": 126.69,
      "cy": 151.24,
      "area": 845,
      "det_score": 0.2544,
      "sam_score": 0.9642,
      "box": [
        113.0,
        130.0,
        141.3,
        173.2
      ],
      "repeats": [
        [
          126.71,
          151.19
        ],
        [
          126.75,
          151.31
        ],
        [
          126.73,
          151.25
        ],
        [
          126.74,
          151.25
        ],
        [
          127.88,
          151.35
        ]
      ],
      "idx": 711,
      "mislabel": false,
      "mislabel_reason": "ok",
      "e_unet": 1.53
    },
    {
      "valid": true,
      "cx": 126.79,
      "cy": 151.27,
      "area": 854,
      "det_score": 0.2773,
      "sam_score": 0.9644,
      "box": [
        113.0,
        129.8,
        141.3,
        173.2
      ],
      "repeats": [
        [
          126.8,
          151.22
        ],
        [
          126.83,
          151.32
        ],
        [
          126.86,
          151.23
        ],
        [
          126.87,
          151.18
        ],
        [
          127.88,
          151.29
        ]
      ],
      "idx": 712,
      "mislabel": false,
      "mislabel_reason": "ok",
      "e_unet": 1.62
    },
    {
      "valid": true,
      "cx": 127.03,
      "cy": 151.08,
      "area": 856,
      "det_score": 0.2798,
      "sam_score": 0.9669,
      "box": [
        113.4,
        129.7,
        141.7,
        173.1
      ],
      "repeats": [
        [
          127.0,
          151.06
        ],
        [
          127.03,
          151.25
        ],
        [
          127.04,
          151.18
        ],
        [
          127.11,
          151.03
        ],
        [
          128.17,
          151.14
        ]
      ],
      "idx": 713,
      "mislabel": false,
      "mislabel_reason": "ok",
      "e_unet": 1.79
    },
    {
      "valid": true,
      "cx": 127.57,
      "cy": 150.8,
      "area": 864,
      "det_score": 0.292,
      "sam_score": 0.9679,
      "box": [
        113.9,
        129.2,
        142.5,
        172.7
      ],
      "repeats": [
        [
          127.59,
          150.77
        ],
        [
          127.63,
          150.82
        ],
        [
          127.71,
          150.81
        ],
        [
          127.76,
          150.68
        ],
        [
          128.76,
          150.75
        ]
      ],
      "idx": 714,
      "mislabel": false,
      "mislabel_reason": "ok",
      "e_unet": 1.62
    },
    {
      "valid": true,
      "cx": 129.81,
      "cy": 149.06,
      "area": 903,
      "det_score": 0.2849,
      "sam_score": 0.9703,
      "box": [
        115.5,
        127.2,
        145.2,
        171.2
      ],
      "repeats": [
        [
          129.86,
          149.0
        ],
        [
          129.82,
          149.11
        ],
        [
          129.86,
          149.0
        ],
        [
          129.91,
          148.82
        ],
        [
          131.02,
          148.89
        ]
      ],
      "idx": 715,
      "mislabel": false,
      "mislabel_reason": "ok",
      "e_unet": 1.51
    }
  ]
}