(38.372070, 28.777491, 0.0)
(38.418556, 28.160755, 0.0)
(38.353622, 27.765430, 0.0)
(38.291492, 27.835135, 0.0)
(38.333260, 27.752718, 0.0)
(38.399780, 27.668165, 0.0)
(38.441387, 27.610352, 0.0)
(38.454765, 26.857397, 0.0)
(38.422665, 26.776669, 0.0)
(38.462166, 26.819878, 0.0)
(38.517647, 26.838669, 0.0)
(38.496857, 26.887325, 0.0)
(38.480408, 26.843449, 0.0)
(39.216015, 28.255421, 0.0)
(38.669125, 27.005579, 0.0)
(38.548206, 26.807369, 0.0)
(38.531776, 26.946898, 0.0)
(38.539165, 26.916283, 0.0)
(38.527550, 26.948561, 0.0)
(38.522873, 26.973480, 0.0)
(38.480736, 26.993563, 0.0)
(38.461807, 26.978846, 0.0)
(38.469425, 26.945395, 0.0)
(38.460804, 26.934494, 0.0)
(38.443481, 26.943121, 0.0)
(38.478943, 27.013800, 0.0)
(38.502575, 27.065334, 0.0)
(38.602821, 27.203039, 0.0)
(38.561455, 27.209507, 0.0)
(38.482536, 27.204138, 0.0)
(38.462063, 27.195057, 0.0)
(38.534458, 27.179750, 0.0)
(38.623756, 27.164797, 0.0)
(38.596771, 27.172371, 0.0)
(38.519184, 27.156942, 0.0)
(38.596180, 27.181288, 0.0)
(38.687946, 27.294735, 0.0)
(38.697933, 27.376257, 0.0)
(38.648975, 27.360847, 0.0)
(38.615677, 27.217176, 0.0)
(38.584167, 27.000301, 0.0)
(38.569286, 26.924137, 0.0)
(38.554832, 26.935131, 0.0)
(38.578922, 26.950287, 0.0)
(38.542080, 27.018291, 0.0)
(38.504429, 27.062387, 0.0)
(38.529320, 27.096039, 0.0)
(38.584900, 27.078550, 0.0)
(38.566044, 27.055439, 0.0)
(38.537800, 27.012384, 0.0)
(38.568398, 26.926111, 0.0)
(38.581890, 26.943367, 0.0)
(38.581024, 26.950285, 0.0)
(38.506775, 26.944481, 0.0)
(38.502243, 26.979643, 0.0)
(38.498554, 26.990923, 0.0)
(38.498531, 26.981356, 0.0)
(38.484116, 26.986990, 0.0)
(38.440632, 27.010340, 0.0)
(38.433262, 26.944588, 0.0)
(38.485844, 26.871796, 0.0)
(38.368511, 27.010748, 0.0)
(38.603249, 27.362471, 0.0)
(38.417168, 27.005848, 0.0)
(38.397545, 26.964956, 0.0)
(38.359909, 27.020752, 0.0)
(38.368015, 26.998718, 0.0)
(38.400471, 26.983908, 0.0)
(38.439529, 26.994049, 0.0)
(38.374794, 26.960567, 0.0)
(38.353706, 26.976755, 0.0)
(38.393841, 26.965406, 0.0)
(38.390652, 26.964087, 0.0)
(38.372593, 26.980158, 0.0)
(38.366329, 26.985962, 0.0)
(38.363670, 26.970276, 0.0)
(38.381359, 26.966406, 0.0)
(38.395432, 26.995525, 0.0)
(38.355869, 27.042614, 0.0)
(38.346611, 27.063135, 0.0)
(38.378025, 27.055742, 0.0)
(38.394360, 27.067385, 0.0)
(38.411758, 27.094236, 0.0)
(38.370468, 27.071430, 0.0)
(38.360466, 27.051146, 0.0)
(38.407791, 27.021708, 0.0)
(38.406898, 27.032915, 0.0)
(38.386353, 27.044643, 0.0)
(38.389629, 27.039434, 0.0)
(38.382648, 27.071018, 0.0)
(38.366718, 27.051424, 0.0)
(38.334332, 27.087006, 0.0)
(38.380039, 27.077312, 0.0)
(38.331669, 27.079655, 0.0)
(38.311775, 27.061199, 0.0)
(38.371372, 27.045143, 0.0)
(38.364834, 27.078659, 0.0)
(38.321411, 27.083851, 0.0)
(38.318806, 27.081564, 0.0)
(38.338951, 27.027807, 0.0)
(38.336456, 27.063602, 0.0)
(38.367939, 27.093719, 0.0)
(38.323170, 27.019634, 0.0)
(38.310150, 26.969255, 0.0)
(38.340839, 27.021179, 0.0)
(38.324291, 27.040859, 0.0)
(38.306335, 27.034607, 0.0)
(38.292416, 27.019857, 0.0)
(38.304501, 27.027655, 0.0)
(38.315159, 27.062067, 0.0)
(38.328602, 27.050863, 0.0)
(38.304184, 27.024109, 0.0)
(38.270664, 27.015385, 0.0)
(38.304043, 26.990534, 0.0)
(38.327385, 26.999001, 0.0)
(38.269966, 27.044380, 0.0)
(38.214916, 27.050854, 0.0)
(38.230087, 27.040525, 0.0)
(38.225559, 27.002131, 0.0)
(38.235683, 27.008400, 0.0)
(38.211617, 27.017448, 0.0)
(38.192169, 27.031214, 0.0)
(38.196602, 26.985851, 0.0)
(38.235432, 26.957087, 0.0)
(38.252953, 27.014120, 0.0)
(38.240982, 27.044214, 0.0)
(38.275974, 27.014778, 0.0)
(38.282696, 27.016552, 0.0)
(38.286346, 27.023575, 0.0)
(38.275066, 27.041466, 0.0)
(38.231747, 27.061831, 0.0)
(38.206375, 26.990723, 0.0)
(38.199875, 26.962187, 0.0)
(38.215473, 27.016312, 0.0)
(38.193295, 26.877041, 0.0)
(38.165230, 26.881586, 0.0)
(38.174809, 26.895180, 0.0)
(38.180038, 26.908630, 0.0)
(38.178318, 26.915649, 0.0)
(38.133389, 26.918436, 0.0)
(38.396412, 28.730122, 0.0)
(38.570473, 29.300112, 0.0)
(38.485897, 27.383507, 0.0)
(38.276741, 26.987173, 0.0)
(38.335438, 26.983034, 0.0)
(38.310268, 26.957546, 0.0)
(38.283978, 26.951069, 0.0)
(38.290161, 26.938520, 0.0)
(38.294113, 26.879736, 0.0)
(38.611855, 28.952126, 0.0)
(38.438286, 27.538010, 0.0)
(38.282944, 26.949287, 0.0)
(38.233540, 26.805693, 0.0)
(38.224377, 26.854378, 0.0)
(38.312584, 26.860687, 0.0)
(38.289795, 26.842175, 0.0)
(38.283909, 26.794928, 0.0)
(38.359329, 26.787378, 0.0)
(38.284126, 26.948557, 0.0)
(38.231129, 26.935289, 0.0)
(38.225208, 26.935665, 0.0)
(38.226662, 26.979380, 0.0)
(38.248730, 26.996599, 0.0)
(38.243111, 27.016628, 0.0)
(38.194717, 27.004524, 0.0)
(38.181484, 27.001848, 0.0)
(38.213539, 27.000530, 0.0)
(38.228992, 27.017422, 0.0)
(38.219864, 27.017281, 0.0)
(38.255344, 27.027775, 0.0)
(38.222408, 27.045296, 0.0)
(38.290600, 27.005480, 0.0)
(42.623608, 29.051283, 0.0)
(45.476048, 31.193724, 0.0)
(45.492031, 31.256214, 0.0)
(45.376766, 31.205420, 0.0)
(45.335159, 31.163527, 0.0)
(46.107349, 32.083515, 0.0)
(46.155708, 32.253239, 0.0)
(46.119652, 32.227100, 0.0)
(46.092789, 32.190853, 0.0)
(46.107986, 32.160995, 0.0)
(46.140491, 32.117340, 0.0)
(46.148506, 32.115433, 0.0)
(46.217045, 32.229439, 0.0)
(46.301033, 32.403702, 0.0)
(46.320335, 32.390488, 0.0)
(46.334942, 32.368526, 0.0)
(46.306385, 32.399025, 0.0)
(46.293636, 32.408600, 0.0)
(46.291134, 32.395496, 0.0)
(46.295887, 32.407982, 0.0)
(46.290134, 32.397903, 0.0)
(46.289371, 32.439159, 0.0)
(46.269978, 32.428757, 0.0)
(46.255497, 32.395836, 0.0)
(46.274342, 32.414982, 0.0)
(46.275513, 32.420147, 0.0)
(46.263969, 32.427109, 0.0)
(46.258354, 32.437283, 0.0)
(46.240589, 32.438107, 0.0)
(46.256512, 32.416527, 0.0)
(46.259117, 32.418568, 0.0)
(46.239769, 32.387501, 0.0)
(46.219479, 32.348961, 0.0)
(46.232277, 32.298336, 0.0)
(46.246975, 32.320133, 0.0)
(46.225887, 32.321507, 0.0)
(46.242172, 32.334064, 0.0)
(45.791054, 27.134521, 0.0)
(45.348423, 24.601208, 0.0)
(45.290092, 24.349503, 0.0)
(45.282402, 24.422329, 0.0)
(45.282906, 24.458742, 0.0)
(45.276558, 24.498882, 0.0)
(45.276100, 24.517534, 0.0)
(45.347164, 24.543564, 0.0)
(45.372150, 24.539026, 0.0)
(45.359867, 24.564783, 0.0)
(45.362057, 24.601124, 0.0)
(45.372044, 24.560141, 0.0)
(45.383396, 24.577627, 0.0)
(45.238140, 23.016455, 0.0)
(45.244247, 22.889362, 0.0)
(45.261311, 22.959759, 0.0)
(45.279778, 22.921055, 0.0)
(45.294415, 22.944893, 0.0)
(45.290909, 22.943722, 0.0)
(45.243526, 22.980959, 0.0)
(45.259277, 22.975697, 0.0)
(45.271759, 22.969315, 0.0)
(45.255268, 22.971712, 0.0)
(45.226246, 22.948114, 0.0)
(45.217781, 22.913952, 0.0)
(45.238377, 22.949856, 0.0)
(45.235920, 22.969778, 0.0)
(45.232029, 23.043348, 0.0)
(45.205196, 23.027153, 0.0)
(45.173500, 23.051104, 0.0)
(45.169827, 23.009932, 0.0)
(45.164494, 23.043053, 0.0)
(45.200157, 22.993597, 0.0)
(45.163113, 23.008568, 0.0)
(45.150757, 23.039846, 0.0)
(45.184441, 23.026678, 0.0)
(42.050438, 23.270859, 0.0)
(37.238941, 24.077608, 0.0)
(36.411819, 24.195490, 0.0)
(36.008350, 24.316500, 0.0)
(31.761286, 28.340820, 0.0)
(30.427395, 31.162472, 0.0)
(30.505922, 31.019054, 0.0)
(30.399479, 30.910378, 0.0)
(30.223120, 30.951752, 0.0)
(29.373743, 32.718060, 0.0)
(29.423510, 33.951790, 0.0)
(29.366129, 33.804039, 0.0)
(29.327087, 33.765457, 0.0)
(29.336611, 33.832695, 0.0)
(29.369762, 33.786106, 0.0)
(29.566725, 33.864693, 0.0)
(29.557198, 33.895615, 0.0)
(29.539606, 33.818321, 0.0)
(29.537062, 34.019005, 0.0)
(29.438519, 35.183567, 0.0)
(29.519352, 33.803719, 0.0)
(29.505316, 33.600403, 0.0)
(29.462469, 33.616089, 0.0)
(29.469822, 33.612617, 0.0)
(29.457287, 33.637691, 0.0)
(29.463169, 33.646118, 0.0)
(29.498062, 33.605240, 0.0)
(29.522682, 33.606560, 0.0)
(29.496813, 33.626797, 0.0)
(29.522442, 33.641026, 0.0)
(29.535679, 33.613892, 0.0)
(29.545279, 33.624260, 0.0)
(29.559793, 33.658142, 0.0)
(29.566755, 33.690460, 0.0)
(29.279203, 29.983541, 0.0)
(28.615721, 24.604269, 0.0)
(28.643303, 24.225826, 0.0)
(28.588497, 24.370972, 0.0)
(28.500759, 24.384226, 0.0)
(28.457775, 24.349619, 0.0)
(28.026533, 23.538948, 0.0)
(28.100471, 23.472509, 0.0)
(28.029140, 23.519707, 0.0)
(27.973135, 23.512001, 0.0)
(27.815626, 23.971031, 0.0)
(28.083639, 23.603777, 0.0)
(28.123604, 23.682856, 0.0)
(28.103472, 23.725164, 0.0)
(28.116636, 23.718935, 0.0)
(28.054346, 23.699366, 0.0)
(28.046219, 23.668579, 0.0)
(28.119381, 23.643831, 0.0)
(28.115051, 23.643360, 0.0)
(28.069183, 23.662867, 0.0)
(28.022135, 23.661806, 0.0)
(28.009985, 23.708302, 0.0)
(28.072285, 23.729805, 0.0)
(28.069731, 23.777288, 0.0)
(28.026991, 23.776648, 0.0)
(28.002165, 23.769587, 0.0)
(28.012329, 23.778362, 0.0)
(28.051172, 23.788712, 0.0)
(28.062889, 23.782324, 0.0)
(28.032425, 23.749636, 0.0)
(28.000322, 23.740143, 0.0)
(28.023766, 23.717474, 0.0)
(28.036255, 23.698740, 0.0)
(27.937405, 23.728403, 0.0)
(38.218033, 26.337830, 0.0)
(38.057564, 26.325964, 0.0)
(38.102299, 26.298704, 0.0)
(38.108452, 26.288855, 0.0)
(38.479801, 26.611490, 0.0)
(38.635258, 27.056925, 0.0)
(38.591301, 27.027569, 0.0)
(38.535805, 26.969139, 0.0)
(38.477150, 27.866404, 0.0)
(38.082912, 26.627674, 0.0)
(38.033943, 26.432905, 0.0)
(38.019650, 26.503187, 0.0)
(38.059242, 26.466063, 0.0)
(38.107971, 26.471529, 0.0)
(38.339417, 26.701418, 0.0)
(38.361126, 26.735254, 0.0)
(38.354183, 26.741856, 0.0)
(38.338074, 26.775118, 0.0)
(38.337070, 26.754658, 0.0)
(38.327404, 26.749405, 0.0)
(38.323009, 26.764748, 0.0)
(38.295517, 26.738462, 0.0)
(38.281631, 26.731867, 0.0)
(38.315334, 26.717699, 0.0)
(38.310303, 26.710684, 0.0)
(38.284809, 26.730988, 0.0)
(38.258038, 26.740913, 0.0)
(38.244961, 26.748249, 0.0)
(38.265667, 26.753695, 0.0)
(38.293098, 26.708296, 0.0)
(34.299587, 28.142500, 0.0)
(29.353712, 29.928766, 0.0)
(29.477203, 29.872114, 0.0)
(29.611460, 29.740595, 0.0)
(29.594770, 29.735546, 0.0)
(29.541176, 29.881918, 0.0)
(28.874502, 29.792646, 0.0)
(28.909172, 29.747875, 0.0)
(28.970192, 29.739536, 0.0)
(28.949692, 29.699450, 0.0)
(28.930893, 29.703087, 0.0)
(28.942432, 29.653692, 0.0)
(28.926899, 29.624302, 0.0)
(28.909994, 29.637072, 0.0)
(28.898991, 29.675499, 0.0)
(28.925835, 29.676142, 0.0)
(28.912313, 29.701065, 0.0)
(28.883499, 29.688353, 0.0)
(28.893816, 29.631340, 0.0)
(28.911751, 29.601480, 0.0)
(28.883057, 29.611563, 0.0)
(28.869354, 29.585373, 0.0)
(28.844257, 29.591043, 0.0)
(28.865578, 29.655460, 0.0)
(28.838659, 29.663902, 0.0)
(28.805429, 29.708687, 0.0)
(28.812042, 29.701365, 0.0)
(28.815233, 29.699654, 0.0)
(28.866781, 29.690313, 0.0)
(28.879129, 29.684731, 0.0)
(28.870461, 29.664629, 0.0)
(28.824951, 29.671642, 0.0)
(28.854977, 29.662680, 0.0)
(28.883724, 29.667801, 0.0)
(28.869497, 29.662107, 0.0)
(28.850250, 29.657038, 0.0)
(28.843815, 29.652643, 0.0)
(28.834026, 29.633755, 0.0)
(28.868294, 29.638496, 0.0)
(32.819477, 28.210848, 0.0)
(34.659409, 28.260738, 0.0)
(34.653900, 28.277172, 0.0)
(34.599678, 28.268837, 0.0)
(35.881512, 28.140905, 0.0)
(41.548023, 28.440535, 0.0)
(43.355095, 29.173956, 0.0)
(43.287373, 29.131493, 0.0)
(43.214569, 29.089647, 0.0)
(43.206394, 29.078867, 0.0)
(43.228664, 29.089140, 0.0)
(45.332542, 30.455944, 0.0)
(45.393471, 30.456957, 0.0)
(45.293514, 30.385836, 0.0)
(38.777767, 30.242857, 0.0)
(34.223488, 30.871458, 0.0)
(34.241074, 30.761374, 0.0)
(34.244289, 30.729670, 0.0)
(34.205051, 30.744431, 0.0)
(34.190121, 30.742844, 0.0)
(31.658249, 31.826683, 0.0)
(31.417862, 31.645369, 0.0)
(31.449137, 31.575590, 0.0)
(31.413067, 31.588806, 0.0)
(31.398520, 31.537922, 0.0)
(31.396910, 31.536425, 0.0)
(31.378601, 31.555038, 0.0)
(31.355083, 31.553087, 0.0)
(31.354446, 31.564480, 0.0)
(31.357553, 31.563810, 0.0)
(31.368959, 31.571196, 0.0)
(31.363178, 31.596375, 0.0)
(31.343147, 31.545013, 0.0)
(31.331814, 31.502682, 0.0)
(31.345005, 31.488308, 0.0)
(31.372005, 31.499571, 0.0)
(32.176727, 28.480837, 0.0)
(32.274433, 25.780014, 0.0)
(32.168026, 25.822456, 0.0)
(32.087833, 25.926657, 0.0)
(32.078442, 25.946861, 0.0)
(32.054214, 25.986925, 0.0)
(32.023251, 25.971909, 0.0)
(32.003174, 25.938461, 0.0)
(32.000916, 25.931587, 0.0)
(32.009930, 25.969437, 0.0)
(32.027355, 26.031351, 0.0)
(31.976517, 26.045645, 0.0)
(31.963364, 26.028385, 0.0)
(31.974634, 26.074333, 0.0)
(31.962505, 26.110048, 0.0)
(31.970091, 26.100313, 0.0)
(31.963806, 26.081209, 0.0)
(31.969227, 26.072500, 0.0)
(31.948656, 26.080511, 0.0)
(31.940756, 26.085140, 0.0)
(31.957432, 26.070951, 0.0)
(31.944239, 26.104862, 0.0)
(31.939915, 26.103954, 0.0)
(31.930971, 26.104570, 0.0)
(31.941536, 26.106392, 0.0)
(31.956102, 26.081160, 0.0)
(31.944895, 26.095438, 0.0)
(31.934982, 26.075541, 0.0)
(31.940830, 26.062300, 0.0)
(31.942038, 26.041035, 0.0)
(31.947224, 26.036394, 0.0)
(31.953714, 26.079580, 0.0)
(31.962189, 26.081881, 0.0)
(31.933939, 26.086222, 0.0)
(31.916166, 26.067492, 0.0)
(31.938063, 26.040709, 0.0)
(33.275009, 25.129780, 0.0)
(39.543571, 22.028008, 0.0)
(41.451611, 22.297720, 0.0)
(41.439034, 22.250191, 0.0)
(41.373596, 22.194136, 0.0)
(41.355938, 22.250824, 0.0)
(41.289303, 22.270819, 0.0)
(41.261551, 22.267988, 0.0)
(41.506824, 21.921759, 0.0)
(41.429859, 21.981813, 0.0)
(41.561855, 22.524059, 0.0)
(41.423645, 21.912750, 0.0)
(41.429981, 21.717497, 0.0)
(41.444939, 21.820051, 0.0)
(41.432823, 21.778368, 0.0)
(41.447311, 21.782017, 0.0)
(41.451977, 21.824444, 0.0)
(41.419044, 21.830896, 0.0)
(41.423882, 21.857492, 0.0)
(41.408699, 21.892824, 0.0)
(41.402802, 21.914234, 0.0)
(41.419437, 21.936764, 0.0)
(41.425255, 21.918966, 0.0)
(41.421345, 21.904449, 0.0)
(41.433117, 21.919153, 0.0)
(41.413361, 21.926037, 0.0)
(41.449253, 21.904343, 0.0)
(41.459229, 21.836761, 0.0)
(41.454079, 21.893009, 0.0)
(41.446754, 21.891243, 0.0)
(41.433308, 21.867594, 0.0)
(41.445045, 21.869959, 0.0)
(41.494518, 21.890574, 0.0)
(41.485218, 21.902309, 0.0)
(41.470249, 21.910391, 0.0)
(38.492744, 21.659315, 0.0)
(32.020512, 22.019537, 0.0)
(31.908657, 22.092562, 0.0)
(31.940258, 21.958147, 0.0)
(31.884636, 21.924980, 0.0)
(31.845459, 21.887047, 0.0)
(31.317467, 22.028296, 0.0)
(31.474474, 22.860430, 0.0)
(31.460150, 22.320700, 0.0)
(31.217999, 21.948591, 0.0)
(31.187832, 21.973301, 0.0)
(31.200096, 22.070585, 0.0)
(31.238005, 22.067490, 0.0)
(31.241440, 22.070295, 0.0)
(31.225008, 22.082022, 0.0)
(31.237146, 22.057514, 0.0)
(31.206123, 22.038023, 0.0)
(31.216574, 22.015827, 0.0)
(31.245256, 22.010427, 0.0)
(31.217024, 21.984983, 0.0)
(31.211267, 21.953833, 0.0)
(31.213144, 21.944193, 0.0)
(31.219391, 21.937294, 0.0)
(31.226767, 21.952759, 0.0)
(31.215420, 21.973120, 0.0)
(31.221230, 22.010504, 0.0)
(31.230854, 22.057655, 0.0)
(31.240005, 22.072411, 0.0)
(31.251621, 22.074024, 0.0)
(31.139446, 22.702303, 0.0)
(31.216673, 23.384163, 0.0)
(31.195917, 23.358242, 0.0)
(31.195866, 23.335340, 0.0)
(31.214678, 23.362955, 0.0)
(31.179789, 23.398674, 0.0)
(33.057041, 23.554859, 0.0)
(40.362614, 25.334345, 0.0)
(44.733540, 28.369171, 0.0)
(45.637577, 29.830276, 0.0)
(45.599373, 29.838308, 0.0)
(45.517239, 29.798548, 0.0)
(45.535770, 29.727043, 0.0)
(45.556179, 29.705990, 0.0)
(45.542389, 29.706814, 0.0)
(45.541508, 29.691055, 0.0)
(45.553627, 29.646652, 0.0)
(45.567692, 29.639112, 0.0)
(45.549530, 29.836117, 0.0)
(45.547363, 29.822062, 0.0)
(45.508347, 29.826635, 0.0)
(45.505615, 29.824518, 0.0)
(45.490314, 29.815514, 0.0)
(45.505390, 29.803295, 0.0)
(45.523506, 29.795128, 0.0)
(45.519970, 29.819485, 0.0)
(45.499947, 29.803431, 0.0)
(45.496517, 29.792830, 0.0)
(45.538532, 29.794157, 0.0)
(45.567692, 29.734659, 0.0)
(45.532536, 29.734871, 0.0)
(45.532562, 29.757233, 0.0)
(45.517704, 29.768959, 0.0)
(45.516228, 29.733988, 0.0)
(45.518322, 29.716352, 0.0)
(45.504845, 29.714037, 0.0)
(45.445732, 29.656065, 0.0)
(45.443375, 29.674784, 0.0)
(45.438782, 29.688707, 0.0)
(45.430969, 29.715055, 0.0)
(45.405602, 29.758509, 0.0)
(45.413368, 29.774359, 0.0)
(44.466381, 28.691381, 0.0)
(43.992569, 27.415478, 0.0)
(44.032150, 27.382898, 0.0)
(44.041935, 27.429420, 0.0)
(44.042217, 27.401558, 0.0)
(44.012794, 27.398548, 0.0)
(43.905766, 27.286547, 0.0)
(44.390701, 28.190376, 0.0)
(44.319881, 27.369089, 0.0)
(44.359489, 27.363871, 0.0)
(44.377323, 27.350641, 0.0)
(44.355701, 27.329361, 0.0)
(44.341026, 27.317125, 0.0)
(44.360268, 27.374969, 0.0)
(44.357174, 27.369789, 0.0)
(44.343971, 27.384037, 0.0)
(44.319618, 27.394068, 0.0)
(44.330048, 27.392485, 0.0)
(44.344368, 27.422113, 0.0)
(44.357594, 27.403618, 0.0)
(44.336918, 27.401596, 0.0)
(44.322159, 27.394461, 0.0)
(44.315269, 27.391912, 0.0)
(44.318867, 27.307865, 0.0)
(44.320911, 27.316694, 0.0)
(44.311802, 27.409922, 0.0)
(44.300369, 27.425228, 0.0)
(44.293114, 27.437599, 0.0)
(44.305595, 27.452015, 0.0)
(44.305370, 27.456060, 0.0)
(44.311352, 27.448587, 0.0)
(44.268539, 27.468678, 0.0)
(44.259651, 27.472851, 0.0)
(44.268955, 27.437948, 0.0)
(42.557823, 27.014130, 0.0)
(36.206261, 24.817974, 0.0)
(35.723526, 24.387129, 0.0)
(35.789692, 24.063013, 0.0)
(35.823746, 24.081045, 0.0)
(35.808998, 24.055424, 0.0)
(35.803963, 24.044693, 0.0)
(35.840839, 24.036253, 0.0)
(35.853535, 24.041180, 0.0)
(36.144505, 24.020533, 0.0)
(36.211571, 24.008097, 0.0)
(36.203236, 24.026199, 0.0)
(36.194679, 24.043219, 0.0)
(36.201153, 24.009596, 0.0)
(36.228992, 23.987200, 0.0)
(36.203991, 23.997463, 0.0)
(36.205978, 24.008240, 0.0)
(36.199142, 24.010511, 0.0)
(36.216419, 23.982914, 0.0)
(36.207790, 23.983303, 0.0)
(36.193890, 24.016544, 0.0)
(36.177094, 24.065460, 0.0)
(36.189194, 24.028093, 0.0)
(36.204323, 24.044636, 0.0)
(36.190769, 24.083672, 0.0)
(36.194386, 24.104445, 0.0)
(36.200623, 24.084608, 0.0)
(36.168106, 24.095669, 0.0)
(36.182037, 24.089813, 0.0)
(36.196533, 24.062296, 0.0)
(36.158943, 24.048258, 0.0)
(36.145706, 24.036638, 0.0)
(36.141670, 24.039534, 0.0)
(36.140434, 23.999754, 0.0)
(36.137177, 23.993919, 0.0)
(36.133751, 24.053370, 0.0)
(36.108383, 24.020193, 0.0)
(35.716942, 24.320091, 0.0)
(32.243294, 28.149347, 0.0)
(32.053665, 28.473505, 0.0)
(32.063541, 28.354620, 0.0)
(32.028797, 28.349958, 0.0)
(31.998516, 28.342356, 0.0)
(31.991577, 28.334066, 0.0)
(31.995718, 28.321064, 0.0)
(31.988615, 28.320648, 0.0)
(31.971531, 28.320099, 0.0)
(31.931700, 28.571445, 0.0)
(32.617954, 30.685339, 0.0)
(32.337494, 28.805580, 0.0)
(32.086609, 28.332235, 0.0)
(32.026348, 28.334755, 0.0)
(31.975721, 28.262831, 0.0)
(31.980804, 28.262642, 0.0)
(32.030373, 28.268188, 0.0)
(32.042816, 28.217382, 0.0)
(32.022457, 28.220034, 0.0)
(32.016235, 28.228697, 0.0)
(32.039360, 28.231604, 0.0)
(32.040497, 28.277752, 0.0)
(32.038116, 28.312807, 0.0)
(32.073345, 28.334661, 0.0)
(32.099255, 28.342428, 0.0)
(32.116032, 28.305538, 0.0)
(32.084866, 28.326880, 0.0)
(32.100742, 28.268791, 0.0)
(32.088463, 28.245226, 0.0)
(32.088463, 28.245226, 0.0)
(32.111370, 28.285904, 0.0)
(32.134731, 28.322311, 0.0)
(32.142982, 28.335207, 0.0)
(32.144043, 28.388113, 0.0)
(38.041912, 25.035181, 0.0)
(40.722240, 24.856699, 0.0)
(40.702202, 24.824581, 0.0)
(40.551235, 24.739288, 0.0)
(40.525227, 24.681484, 0.0)
(40.528179, 24.712019, 0.0)
(40.543850, 24.760267, 0.0)
(40.538349, 24.753241, 0.0)
(40.508293, 24.773355, 0.0)
(40.486931, 24.772467, 0.0)
(40.495758, 24.732903, 0.0)
(40.497700, 24.696177, 0.0)
(40.230362, 24.718935, 0.0)
(40.229694, 24.746044, 0.0)
(40.230450, 24.760885, 0.0)
(40.167812, 24.727962, 0.0)
(40.204304, 24.723330, 0.0)
(40.204548, 24.738712, 0.0)
(40.377228, 26.127739, 0.0)
(40.187550, 25.544407, 0.0)
(39.856762, 24.612883, 0.0)
(39.842323, 24.493574, 0.0)
(39.849426, 24.615616, 0.0)
(39.847450, 24.649446, 0.0)
(39.876602, 24.692503, 0.0)
(39.866562, 24.703026, 0.0)
(39.888836, 24.726751, 0.0)
(39.923500, 24.756853, 0.0)
(39.915913, 24.738352, 0.0)
(39.912395, 24.730707, 0.0)
(39.930820, 24.737480, 0.0)
(39.897583, 24.737467, 0.0)
(39.881062, 24.749876, 0.0)
(39.887459, 24.814068, 0.0)
(39.869102, 24.837181, 0.0)
(39.841415, 24.790834, 0.0)
(39.988205, 25.252815, 0.0)
(38.057858, 23.439066, 0.0)
(36.364738, 22.061794, 0.0)
(36.350536, 21.883343, 0.0)
(36.354019, 21.856348, 0.0)
(36.358280, 21.844751, 0.0)
(36.015873, 21.680473, 0.0)
(35.589619, 21.025558, 0.0)
(35.576965, 21.035143, 0.0)
(35.593002, 20.997246, 0.0)
(35.607693, 20.950064, 0.0)
(35.574043, 20.980238, 0.0)
(36.282406, 23.125025, 0.0)
(36.217751, 23.036171, 0.0)
(36.237949, 23.008162, 0.0)
(36.245148, 23.021633, 0.0)
(36.257366, 23.032736, 0.0)
(36.284866, 23.013407, 0.0)
(36.279049, 23.064461, 0.0)
(36.255470, 23.081774, 0.0)
(35.322739, 21.744255, 0.0)
(35.208683, 21.282141, 0.0)
(35.205387, 21.319075, 0.0)
(35.153046, 21.306982, 0.0)
(35.184196, 21.282640, 0.0)
(35.227882, 21.265772, 0.0)
(35.228134, 21.280270, 0.0)
(35.243763, 21.300312, 0.0)
(35.206230, 21.273048, 0.0)
(35.218575, 21.328615, 0.0)
(35.290237, 21.318026, 0.0)
(35.285458, 21.345505, 0.0)
(35.282990, 21.397034, 0.0)
(34.303242, 21.936550, 0.0)
(30.204739, 26.245960, 0.0)
(29.222803, 27.085810, 0.0)
(28.955919, 27.382610, 0.0)
(28.969646, 27.278902, 0.0)
(28.968723, 27.298044, 0.0)
(28.959288, 27.393719, 0.0)
(28.968790, 27.403282, 0.0)
(28.929300, 27.402182, 0.0)
(28.936651, 27.450308, 0.0)
(28.951647, 27.541828, 0.0)
(28.653427, 27.794073, 0.0)
(28.627710, 27.849279, 0.0)
(28.636806, 27.790405, 0.0)
(28.651583, 27.762043, 0.0)
(28.623770, 27.827927, 0.0)
(28.607555, 27.816380, 0.0)
(28.626390, 27.784147, 0.0)
(28.649862, 27.809530, 0.0)
(28.636223, 27.828461, 0.0)
(28.640894, 27.808641, 0.0)
(28.632351, 27.795588, 0.0)
(28.656155, 27.772438, 0.0)
(28.631838, 27.801796, 0.0)
(28.610947, 27.817724, 0.0)
(28.599497, 27.815384, 0.0)
(28.579006, 27.835295, 0.0)
(28.591412, 27.877686, 0.0)
(29.257513, 27.569231, 0.0)
(29.909039, 27.403463, 0.0)
(29.865803, 27.412678, 0.0)
(29.843718, 27.413033, 0.0)
(29.859436, 27.398779, 0.0)
(29.862476, 27.404322, 0.0)
(29.833942, 27.443151, 0.0)
(29.835461, 27.432611, 0.0)
(29.837343, 27.437090, 0.0)
(29.833626, 27.485138, 0.0)
(29.824705, 27.471935, 0.0)
(33.780994, 29.515913, 0.0)
(36.625374, 30.642136, 0.0)
(36.870388, 30.879368, 0.0)
(36.854362, 30.750019, 0.0)
(36.844418, 30.759911, 0.0)
(36.871056, 30.757566, 0.0)
(36.866463, 30.770626, 0.0)
(37.174820, 31.155712, 0.0)
(37.212231, 31.199137, 0.0)
(37.211311, 31.170710, 0.0)
(37.208622, 31.141962, 0.0)
(37.186272, 31.117729, 0.0)
(37.204952, 31.099871, 0.0)
(37.231819, 31.111568, 0.0)
(37.241642, 31.145636, 0.0)
(37.216827, 31.263960, 0.0)
(37.185371, 31.312750, 0.0)
(37.206432, 31.281803, 0.0)
(37.244251, 31.247946, 0.0)
(37.231537, 31.238754, 0.0)
(37.216610, 31.165331, 0.0)
(37.209503, 31.142590, 0.0)
(37.173138, 31.177614, 0.0)
(37.177635, 31.188011, 0.0)
(37.206406, 31.186277, 0.0)
(37.064209, 28.657160, 0.0)
(37.017525, 26.952068, 0.0)
(36.955688, 26.994217, 0.0)
(36.957134, 27.124859, 0.0)
(36.958672, 27.162523, 0.0)
(36.941372, 27.125097, 0.0)
(36.905796, 27.148302, 0.0)
(36.895920, 27.172455, 0.0)
(36.906601, 27.214626, 0.0)
(36.896057, 27.313969, 0.0)
(36.884014, 27.272192, 0.0)
(39.023586, 29.430946, 0.0)
(39.675594, 28.388491, 0.0)
(38.528690, 26.941864, 0.0)
(38.438046, 26.706104, 0.0)
(38.458614, 26.769178, 0.0)
(38.706253, 27.122675, 0.0)
(38.728458, 27.366373, 0.0)
(38.690674, 27.314798, 0.0)
(38.705467, 27.327915, 0.0)
(38.702736, 27.273170, 0.0)
(38.672688, 27.258247, 0.0)
(38.679218, 27.209963, 0.0)
(38.695221, 27.200195, 0.0)
(38.706982, 27.236687, 0.0)
(38.713177, 27.283812, 0.0)
(38.677822, 27.315992, 0.0)
(38.655869, 27.316290, 0.0)
(38.695984, 27.345850, 0.0)
(38.712662, 27.357763, 0.0)
(38.671471, 27.341623, 0.0)
(38.672218, 27.300604, 0.0)
(38.664440, 27.255129, 0.0)
(38.671635, 27.262684, 0.0)
(38.671707, 27.265779, 0.0)
(38.663475, 27.276457, 0.0)
(38.654606, 27.287085, 0.0)
(38.655094, 27.302908, 0.0)
(38.676472, 27.329111, 0.0)
(38.680416, 27.335375, 0.0)
(38.673981, 27.326616, 0.0)
(38.660995, 27.325367, 0.0)
(38.667137, 27.354265, 0.0)
(38.667049, 27.394854, 0.0)
(38.672726, 27.379087, 0.0)
(38.654217, 27.369362, 0.0)
(38.637882, 27.389849, 0.0)
(38.664433, 27.386124, 0.0)
(32.293819, 27.477905, 0.0)
(31.563440, 26.809170, 0.0)
(31.479185, 26.577986, 0.0)
(31.481956, 26.641754, 0.0)
(30.602619, 26.834209, 0.0)
(30.316748, 26.733709, 0.0)
(30.340393, 26.699472, 0.0)
(30.312628, 26.705526, 0.0)
(30.305443, 26.689705, 0.0)
(30.347683, 26.624697, 0.0)
(30.346508, 26.615702, 0.0)
(30.308887, 26.641768, 0.0)
(30.291096, 26.644863, 0.0)
(30.296036, 26.646027, 0.0)
(30.328314, 26.627138, 0.0)
(30.312447, 26.650257, 0.0)
(30.287281, 26.654905, 0.0)
(30.289495, 26.687157, 0.0)
(30.305647, 26.620882, 0.0)
(30.307482, 26.616137, 0.0)
(30.284351, 26.595625, 0.0)
(30.301935, 26.635138, 0.0)
(30.268827, 26.627438, 0.0)
(30.222811, 26.631516, 0.0)
(30.288565, 26.587830, 0.0)
(30.306044, 26.580149, 0.0)
(30.286634, 26.562874, 0.0)
(30.284327, 26.544609, 0.0)
(30.243155, 26.542158, 0.0)
(30.269279, 26.530582, 0.0)
(30.274540, 26.541969, 0.0)
(30.281929, 26.572620, 0.0)
(30.257368, 26.608118, 0.0)
(30.261530, 26.586336, 0.0)
(30.295441, 26.601465, 0.0)
(30.293871, 26.650663, 0.0)
(40.992973, 22.147377, 0.0)
(41.293739, 21.519651, 0.0)
(41.263577, 21.312298, 0.0)
(41.198090, 21.438150, 0.0)
(41.166466, 21.409966, 0.0)
(41.165459, 21.379194, 0.0)
(41.157467, 21.384222, 0.0)
(41.383682, 20.936049, 0.0)
(41.356846, 20.928148, 0.0)
(41.321720, 20.950460, 0.0)
(41.255516, 21.042912, 0.0)
(41.193542, 21.327980, 0.0)
(41.110920, 20.946699, 0.0)
(41.127796, 21.069714, 0.0)
(41.160206, 21.070484, 0.0)
(41.187069, 21.032862, 0.0)
(41.169281, 21.068808, 0.0)
(41.186733, 21.111410, 0.0)
(41.177227, 21.068518, 0.0)
(41.170471, 21.058033, 0.0)
(41.178112, 21.078592, 0.0)
(41.168392, 21.146240, 0.0)
(41.120445, 21.120180, 0.0)
(41.128609, 21.109592, 0.0)
(41.126266, 21.096643, 0.0)
(41.118767, 21.100496, 0.0)
(41.104736, 21.101665, 0.0)
(41.131111, 21.077562, 0.0)
(41.120972, 21.045090, 0.0)
(41.092384, 21.058617, 0.0)
(41.173584, 21.091530, 0.0)
(41.147617, 21.072393, 0.0)
(41.117710, 21.062126, 0.0)
(40.575413, 21.596510, 0.0)
(34.437523, 26.908829, 0.0)
(34.544197, 26.377907, 0.0)
(34.541790, 26.098717, 0.0)
(34.450462, 26.123768, 0.0)
(34.463093, 26.140818, 0.0)
(34.443916, 26.107349, 0.0)
(34.418156, 26.117657, 0.0)
(34.203144, 26.437916, 0.0)
(34.209641, 26.458616, 0.0)
(34.193726, 26.455402, 0.0)
(34.234333, 26.441887, 0.0)
(34.278156, 26.440586, 0.0)
(34.267944, 26.462446, 0.0)
(34.209549, 26.501652, 0.0)
(34.226517, 26.554018, 0.0)
(34.353321, 26.504467, 0.0)
(34.234188, 26.581852, 0.0)
(34.308247, 26.698366, 0.0)
(34.335087, 26.725275, 0.0)
(34.208103, 26.658670, 0.0)
(34.282951, 26.605675, 0.0)
(34.285763, 26.593039, 0.0)
(34.325851, 26.587637, 0.0)
(34.351254, 26.579988, 0.0)
(34.263908, 26.527103, 0.0)
(34.228390, 26.504843, 0.0)
(34.297726, 26.544428, 0.0)
(34.369450, 26.576851, 0.0)
(34.333324, 26.568764, 0.0)
(34.296501, 26.559328, 0.0)
(34.282150, 26.582827, 0.0)
(34.284760, 26.546625, 0.0)
(34.312977, 26.525423, 0.0)
(34.226135, 26.509642, 0.0)
(41.655491, 23.429626, 0.0)
(41.504784, 22.650476, 0.0)
(41.399673, 22.445583, 0.0)
(41.400322, 22.523619, 0.0)
(41.399342, 22.564373, 0.0)
(41.378216, 22.551790, 0.0)
(41.458714, 22.558203, 0.0)
(41.806118, 22.707964, 0.0)
(41.793022, 22.696312, 0.0)
(41.757900, 22.670797, 0.0)
(41.778072, 22.692625, 0.0)
(41.787281, 22.696993, 0.0)
(41.725159, 22.702152, 0.0)
(41.718288, 22.711796, 0.0)
(41.730606, 22.735294, 0.0)
(41.758007, 22.706013, 0.0)
(41.745384, 22.704540, 0.0)
(41.758820, 22.670599, 0.0)
(41.753044, 22.675596, 0.0)
(41.742931, 22.679548, 0.0)
(41.760639, 22.644405, 0.0)
(41.779331, 22.667801, 0.0)
(41.792042, 22.739523, 0.0)
(41.761501, 22.762472, 0.0)
(41.754284, 22.755714, 0.0)
(41.803204, 22.735151, 0.0)
(41.775253, 22.685789, 0.0)
(41.752548, 22.681072, 0.0)
(41.726982, 22.676620, 0.0)
(41.727169, 22.688547, 0.0)
(41.745712, 22.702021, 0.0)
(41.727318, 22.780937, 0.0)
(41.709492, 22.822498, 0.0)
(41.742714, 22.813747, 0.0)
(41.685760, 22.863537, 0.0)
(41.680782, 22.830456, 0.0)
(41.678757, 22.844006, 0.0)
(42.935474, 24.252392, 0.0)
(44.633820, 28.702320, 0.0)
(44.231556, 28.897310, 0.0)
(44.255493, 28.980141, 0.0)
(44.295162, 28.873817, 0.0)
(44.312363, 28.876923, 0.0)
(44.299927, 29.106678, 0.0)
(44.303745, 29.710152, 0.0)
(44.313911, 29.731249, 0.0)
(44.313999, 29.711216, 0.0)
(44.314148, 29.704880, 0.0)
(44.311226, 29.736830, 0.0)
(44.286980, 29.741518, 0.0)
(44.280174, 29.725903, 0.0)
(44.163956, 29.766037, 0.0)
(44.107899, 29.747194, 0.0)
(44.096146, 29.738113, 0.0)
(44.117859, 29.733845, 0.0)
(44.111191, 29.732462, 0.0)
(44.139084, 29.793043, 0.0)
(44.137932, 29.812714, 0.0)
(44.133358, 29.842653, 0.0)
(44.095245, 29.853216, 0.0)
(44.086571, 29.834705, 0.0)
(44.096718, 29.887758, 0.0)
(44.078419, 29.845655, 0.0)
(44.078869, 29.830093, 0.0)
(44.074821, 29.785461, 0.0)
(44.070259, 29.765852, 0.0)
(44.072937, 29.763077, 0.0)
(44.089718, 29.785172, 0.0)
(44.063324, 29.793486, 0.0)
(44.055317, 29.724577, 0.0)
(44.087540, 29.723883, 0.0)
(44.081482, 29.725227, 0.0)
(44.053543, 29.701485, 0.0)
(43.373154, 24.363533, 0.0)
(43.115784, 22.619413, 0.0)
(43.049686, 22.234278, 0.0)
(43.105354, 22.358189, 0.0)
(43.145218, 22.398430, 0.0)
(43.162540, 22.404436, 0.0)
(43.201275, 22.429987, 0.0)
(43.189373, 22.449631, 0.0)
(43.182766, 22.415770, 0.0)
(43.200054, 22.372768, 0.0)
(43.238655, 22.407370, 0.0)
(43.243744, 22.429871, 0.0)
(43.252995, 22.431257, 0.0)
(43.240017, 22.442232, 0.0)
(43.230881, 22.402920, 0.0)
(43.227428, 22.375809, 0.0)
(43.222221, 22.340599, 0.0)
(43.237400, 22.287090, 0.0)
(43.245403, 22.267885, 0.0)
(43.217247, 22.233879, 0.0)
(43.200207, 22.261778, 0.0)
(43.196491, 22.295172, 0.0)
(43.208241, 22.303970, 0.0)
(43.204185, 22.298544, 0.0)
(43.187809, 22.301044, 0.0)
(43.205608, 22.284994, 0.0)
(43.189407, 22.265589, 0.0)
(43.134144, 22.277901, 0.0)
(43.106857, 22.238819, 0.0)
(43.117809, 22.236776, 0.0)
(43.129047, 22.251701, 0.0)
(43.105698, 22.259613, 0.0)
(43.063583, 22.253077, 0.0)
(43.064976, 22.259010, 0.0)
(43.102306, 22.341246, 0.0)
(43.050514, 22.363249, 0.0)
(39.217407, 27.594229, 0.0)
(39.213066, 27.792250, 0.0)
(39.161110, 27.855659, 0.0)
(39.156216, 27.813290, 0.0)
(39.179104, 27.802387, 0.0)
(39.075237, 28.365873, 0.0)
(39.033169, 28.552364, 0.0)
(39.036556, 28.443745, 0.0)
(39.046295, 28.445597, 0.0)
(39.048664, 28.442970, 0.0)
(39.012726, 28.426323, 0.0)
(39.015888, 28.472795, 0.0)
(39.014282, 28.533484, 0.0)
(39.016121, 28.527216, 0.0)
(38.998463, 28.507109, 0.0)
(39.006092, 28.511971, 0.0)
(39.018120, 28.499758, 0.0)
(39.024788, 28.469751, 0.0)
(39.000355, 28.469746, 0.0)
(38.978306, 28.498213, 0.0)
(39.010353, 28.503382, 0.0)
(39.027081, 28.518618, 0.0)
(39.001671, 28.533297, 0.0)
(39.002312, 28.525358, 0.0)
(38.998466, 28.503050, 0.0)
(39.008503, 28.523960, 0.0)
(39.011162, 28.517176, 0.0)
(38.996014, 28.521658, 0.0)
(38.968639, 28.565899, 0.0)
(38.965981, 28.533659, 0.0)
(38.974548, 28.536854, 0.0)
(38.949978, 28.563793, 0.0)
(38.963001, 28.533466, 0.0)
(38.957798, 28.492647, 0.0)
(38.965302, 28.528296, 0.0)
(38.963943, 28.514980, 0.0)
(39.146664, 31.027617, 0.0)
(38.827271, 30.384802, 0.0)
(38.978672, 30.578674, 0.0)
(39.054024, 30.595585, 0.0)
(39.044483, 30.553871, 0.0)
(39.075298, 30.880934, 0.0)
(39.063320, 31.122320, 0.0)
(39.040962, 31.071959, 0.0)
(39.058659, 31.041254, 0.0)
(39.061066, 31.026430, 0.0)
(39.028004, 30.960905, 0.0)
(39.048946, 30.947325, 0.0)
(39.060753, 30.958221, 0.0)
(39.050827, 30.971718, 0.0)
(39.043785, 30.990192, 0.0)
(39.058769, 30.986391, 0.0)
(39.103321, 30.974169, 0.0)
(39.100601, 30.972013, 0.0)
(39.063347, 30.937185, 0.0)
(39.095852, 30.902874, 0.0)
(39.112942, 30.861252, 0.0)
(39.120029, 30.858189, 0.0)
(39.117535, 30.865147, 0.0)
(39.095943, 30.911076, 0.0)
(39.067783, 30.921223, 0.0)
(39.084621, 30.897276, 0.0)
(39.079609, 30.940426, 0.0)
(39.112522, 30.979891, 0.0)
(39.088596, 30.977383, 0.0)
(39.115879, 30.973312, 0.0)
(39.105507, 31.006969, 0.0)
(39.095474, 30.968515, 0.0)
(39.143562, 30.997734, 0.0)
(39.099785, 31.018015, 0.0)
(39.076031, 31.014441, 0.0)
(39.095638, 31.009752, 0.0)
(39.080818, 31.046532, 0.0)
(41.841908, 31.009113, 0.0)
(44.681568, 30.874996, 0.0)
(44.712296, 30.902514, 0.0)
(44.573132, 30.861305, 0.0)
(44.742500, 32.896500, 0.0)
(44.797775, 31.224787, 0.0)
(44.842197, 30.930676, 0.0)
(44.901546, 30.999748, 0.0)
(44.939735, 30.968195, 0.0)
(44.882168, 31.050364, 0.0)
(44.795082, 31.667194, 0.0)
(44.781944, 31.659407, 0.0)
(44.766239, 31.595224, 0.0)
(44.773396, 31.568539, 0.0)
(44.764881, 31.571352, 0.0)
(44.770489, 31.599533, 0.0)
(44.748692, 31.600712, 0.0)
(44.731838, 31.581072, 0.0)
(44.733410, 31.559877, 0.0)
(44.753933, 31.544407, 0.0)
(44.749554, 31.579052, 0.0)
(44.767765, 31.558088, 0.0)
(44.763390, 31.560749, 0.0)
(44.685234, 31.585251, 0.0)
(44.680008, 31.594675, 0.0)
(44.742931, 31.563459, 0.0)
(44.748898, 31.568449, 0.0)
(44.723270, 31.542597, 0.0)
(44.705399, 31.468319, 0.0)
(44.720200, 31.452034, 0.0)
(44.749878, 31.457106, 0.0)
(44.760071, 31.454294, 0.0)
(44.730099, 31.467012, 0.0)
(44.717007, 31.502785, 0.0)
(44.749405, 31.525791, 0.0)
(44.668789, 31.520487, 0.0)
(41.141731, 28.556839, 0.0)
(36.084965, 25.799444, 0.0)
(34.348053, 25.140261, 0.0)
(34.457031, 24.768553, 0.0)
(34.797283, 26.055601, 0.0)
(33.857571, 25.936785, 0.0)
(33.800587, 25.612509, 0.0)
(33.859184, 25.561726, 0.0)
(33.902855, 25.672331, 0.0)
(33.879734, 25.687485, 0.0)
(33.859428, 25.723871, 0.0)
(33.875847, 25.758867, 0.0)
(33.881294, 25.773045, 0.0)
(34.202946, 25.506121, 0.0)
(34.181919, 25.492392, 0.0)
(34.178265, 25.502989, 0.0)
(34.180729, 25.447357, 0.0)
(34.153629, 25.433340, 0.0)
(34.164162, 25.417751, 0.0)
(34.134098, 25.439915, 0.0)
(34.126514, 25.504868, 0.0)
(34.116890, 25.564039, 0.0)
(34.103302, 25.584696, 0.0)
(34.100021, 25.541945, 0.0)
(34.096985, 25.533827, 0.0)
(34.089344, 25.517521, 0.0)
(34.079586, 25.496504, 0.0)
(34.061024, 25.433039, 0.0)
(34.086033, 25.433903, 0.0)
(34.085381, 25.503862, 0.0)
(34.082268, 25.525095, 0.0)
(34.072269, 25.556879, 0.0)
(34.072903, 25.576546, 0.0)
(34.082176, 25.577286, 0.0)
(34.097141, 25.557949, 0.0)
(34.178310, 25.536608, 0.0)
(41.651123, 30.092798, 0.0)
(40.939850, 30.821722, 0.0)
(40.761017, 30.742683, 0.0)
(40.733067, 30.726471, 0.0)
(40.692436, 30.783211, 0.0)
(40.960766, 31.997316, 0.0)
(40.970512, 31.995760, 0.0)
(40.952835, 31.897898, 0.0)
(40.946777, 31.862392, 0.0)
(40.932976, 31.804468, 0.0)
(40.882320, 31.815599, 0.0)
(40.903770, 31.828598, 0.0)
(40.921646, 31.837355, 0.0)
(40.890137, 31.840326, 0.0)
(40.860207, 31.788179, 0.0)
(40.858612, 31.785465, 0.0)
(40.885239, 31.764872, 0.0)
(40.904499, 31.759054, 0.0)
(40.892670, 31.779118, 0.0)
(40.870533, 31.814589, 0.0)
(40.870655, 31.827772, 0.0)
(40.895199, 31.816677, 0.0)
(40.901474, 31.836760, 0.0)
(40.907070, 31.809855, 0.0)
(40.904373, 31.834768, 0.0)
(40.892704, 31.903671, 0.0)
(40.917679, 31.895828, 0.0)
(40.929478, 31.869741, 0.0)
(40.950283, 31.905022, 0.0)
(40.942726, 31.921349, 0.0)
(40.906498, 31.891037, 0.0)
(40.922256, 31.872774, 0.0)
(40.938652, 31.896799, 0.0)
(40.917439, 31.944601, 0.0)
(40.901348, 31.959335, 0.0)
(40.888020, 31.950531, 0.0)
(40.806652, 32.346199, 0.0)
(34.672684, 33.445332, 0.0)
(35.051479, 32.261570, 0.0)
(34.884502, 31.656700, 0.0)
(34.838474, 31.587196, 0.0)
(34.841290, 31.638666, 0.0)
(34.798878, 31.549885, 0.0)
(34.787029, 31.519379, 0.0)
(34.815498, 31.519943, 0.0)
(34.772026, 31.510887, 0.0)
(34.586403, 31.689363, 0.0)
(34.577446, 31.644466, 0.0)
(34.554237, 31.665184, 0.0)
(34.534550, 31.669168, 0.0)
(34.551178, 31.624228, 0.0)
(34.544357, 31.620701, 0.0)
(34.533802, 31.601767, 0.0)
(34.541756, 31.582693, 0.0)
(34.603836, 31.611588, 0.0)
(34.576122, 31.606291, 0.0)
(34.540993, 31.626150, 0.0)
(34.551739, 31.587675, 0.0)
(34.533142, 31.557455, 0.0)
(34.474442, 31.550648, 0.0)
(34.443813, 31.523958, 0.0)
(34.387791, 31.511267, 0.0)
(34.415390, 31.517242, 0.0)
(34.474674, 31.518131, 0.0)
(34.404980, 31.531216, 0.0)
(34.362293, 31.563551, 0.0)
(34.383957, 31.602797, 0.0)
(34.397736, 31.628019, 0.0)
(34.413174, 31.626902, 0.0)
(34.408543, 31.617849, 0.0)
(34.399223, 31.613924, 0.0)
(34.369923, 31.607903, 0.0)
(37.376556, 28.469662, 0.0)
(41.620415, 25.111944, 0.0)
(44.107384, 23.869852, 0.0)
(44.069305, 23.479101, 0.0)
(45.868862, 25.252954, 0.0)
(45.441425, 24.106487, 0.0)
(45.312550, 23.667925, 0.0)
(45.372002, 23.795765, 0.0)
(45.422607, 23.798264, 0.0)
(45.453926, 23.818199, 0.0)
(45.495396, 23.891684, 0.0)
(45.521416, 23.924643, 0.0)
(45.870605, 23.685846, 0.0)
(45.874771, 23.732151, 0.0)
(45.871857, 23.709936, 0.0)
(45.842659, 23.674414, 0.0)
(45.838802, 23.609695, 0.0)
(45.842743, 23.587543, 0.0)
(45.863373, 23.584148, 0.0)
(45.863190, 23.562815, 0.0)
(45.835186, 23.572964, 0.0)
(45.820400, 23.644337, 0.0)
(45.828247, 23.630770, 0.0)
(45.848740, 23.625835, 0.0)
(45.854595, 23.659496, 0.0)
(45.876560, 23.690819, 0.0)
(45.871346, 23.641665, 0.0)
(45.858746, 23.674179, 0.0)
(45.878414, 23.673859, 0.0)
(45.913059, 23.634272, 0.0)
(45.866879, 23.637207, 0.0)
(45.866840, 23.647711, 0.0)
(45.859779, 23.639206, 0.0)
(45.872086, 23.632755, 0.0)
(44.592831, 23.229948, 0.0)
(39.643570, 21.642742, 0.0)
(39.704853, 21.432535, 0.0)
(39.794884, 21.460569, 0.0)
(39.787308, 21.477531, 0.0)
(39.776600, 21.420750, 0.0)
(39.738331, 21.426680, 0.0)
(39.754765, 21.459902, 0.0)
(39.777328, 21.465395, 0.0)
(39.714455, 21.479012, 0.0)
(39.711662, 21.421967, 0.0)
(40.095348, 22.982109, 0.0)
(40.144268, 23.169415, 0.0)
(39.774540, 22.296059, 0.0)
(39.493919, 21.710838, 0.0)
(39.462017, 21.552586, 0.0)
(39.509930, 21.627398, 0.0)
(39.534725, 21.626854, 0.0)
(39.570583, 21.640278, 0.0)
(39.575172, 21.688488, 0.0)
(39.566223, 21.752911, 0.0)
(39.561314, 21.821018, 0.0)
(39.514999, 21.860674, 0.0)
(39.532673, 21.870813, 0.0)
(39.572186, 21.851337, 0.0)
(39.564037, 21.866329, 0.0)
(39.559669, 21.804985, 0.0)
(39.541985, 21.755478, 0.0)
(39.560310, 21.677032, 0.0)
(39.595196, 21.661835, 0.0)
(39.546547, 21.637951, 0.0)
(39.520687, 21.636213, 0.0)
(39.524494, 21.644444, 0.0)
(39.530525, 21.692427, 0.0)
(39.552547, 21.696159, 0.0)
(39.538353, 21.731319, 0.0)
(39.551826, 21.814844, 0.0)
(36.519077, 27.113972, 0.0)
(33.536510, 27.448034, 0.0)
(32.938053, 27.463053, 0.0)
(33.391445, 29.931967, 0.0)
(30.719278, 28.768604, 0.0)
(30.725128, 28.548344, 0.0)
(30.731346, 28.471397, 0.0)
(30.734221, 28.491776, 0.0)
(30.749193, 28.483315, 0.0)
(30.756952, 28.533838, 0.0)
(30.782404, 28.552008, 0.0)
(34.208305, 27.662521, 0.0)
(39.940788, 27.504967, 0.0)
(44.515102, 29.367910, 0.0)
(45.523373, 30.360922, 0.0)
(45.498547, 30.342455, 0.0)
(45.431129, 30.279942, 0.0)
(45.442619, 30.283838, 0.0)
(45.495358, 30.285833, 0.0)
(45.495922, 30.252195, 0.0)
(45.503742, 30.233633, 0.0)
(45.684669, 30.893299, 0.0)
(45.694942, 30.942282, 0.0)
(45.679493, 30.915724, 0.0)
(45.675873, 30.906267, 0.0)
(45.691303, 30.934669, 0.0)
(45.687435, 30.954203, 0.0)
(45.676342, 30.933901, 0.0)
(45.658478, 30.933521, 0.0)
(45.658298, 30.925747, 0.0)
(45.677750, 30.897915, 0.0)
(45.687439, 30.910810, 0.0)
(45.650909, 30.917873, 0.0)
(45.638996, 30.925240, 0.0)
(43.874371, 30.821104, 0.0)
(36.307804, 32.816025, 0.0)
(36.660542, 30.872681, 0.0)
(36.628197, 30.591080, 0.0)
(36.620617, 30.594133, 0.0)
(36.624443, 30.564030, 0.0)
(36.629284, 30.535519, 0.0)
(36.616409, 30.412363, 0.0)
(37.021358, 30.137783, 0.0)
(37.141674, 30.014853, 0.0)
(37.133556, 30.008509, 0.0)
(37.156071, 30.005556, 0.0)
(37.169998, 29.970022, 0.0)
(37.147659, 29.958273, 0.0)
(37.135651, 29.963169, 0.0)
(37.128952, 29.979658, 0.0)
(37.164833, 29.982189, 0.0)
(37.145840, 30.052147, 0.0)
(37.140202, 30.064354, 0.0)
(37.109341, 30.067673, 0.0)
(37.135178, 30.064209, 0.0)
(37.155994, 30.043272, 0.0)
(37.151264, 30.035439, 0.0)
(37.141907, 30.025730, 0.0)
(37.150101, 30.026339, 0.0)
(37.132767, 30.065989, 0.0)
(37.124828, 30.070124, 0.0)
(37.140259, 30.064091, 0.0)
(37.141003, 30.085083, 0.0)
(37.130585, 30.086933, 0.0)
(37.110558, 30.086466, 0.0)
(37.093513, 30.078518, 0.0)
(37.095852, 30.028021, 0.0)
(37.098164, 30.037657, 0.0)
(37.108620, 30.081711, 0.0)
(37.076038, 30.125847, 0.0)
(37.355770, 29.026497, 0.0)
(38.515919, 22.749935, 0.0)
(38.235790, 22.422909, 0.0)
(38.318436, 22.486975, 0.0)
(38.318867, 22.513500, 0.0)
(38.347023, 22.509216, 0.0)
(38.276989, 22.595953, 0.0)
(38.087299, 22.823973, 0.0)
(38.121742, 22.785692, 0.0)
(38.148220, 22.777891, 0.0)
(38.139000, 22.840530, 0.0)
(38.134838, 22.804621, 0.0)
(38.133358, 22.860394, 0.0)
(38.096004, 22.847359, 0.0)
(38.089489, 22.856735, 0.0)
(38.094299, 22.885172, 0.0)
(38.080864, 22.891644, 0.0)
(38.090034, 22.870947, 0.0)
(38.094849, 22.879728, 0.0)
(38.111732, 22.901173, 0.0)
(38.078419, 22.865295, 0.0)
(38.065491, 22.829931, 0.0)
(38.110229, 22.795557, 0.0)
(38.103306, 22.804676, 0.0)
(38.080986, 22.834564, 0.0)
(38.082779, 22.810366, 0.0)
(38.081940, 22.778547, 0.0)
(38.106483, 22.792419, 0.0)
(38.105015, 22.812510, 0.0)
(38.056351, 22.779863, 0.0)
(38.044788, 22.770987, 0.0)
(38.057026, 22.778282, 0.0)
(38.059826, 22.772078, 0.0)
(38.042072, 22.782137, 0.0)
(38.040913, 22.820694, 0.0)
(38.022354, 22.868217, 0.0)
(29.906410, 25.015972, 0.0)
(30.054203, 23.963160, 0.0)
(30.025984, 23.644783, 0.0)
(30.005400, 23.604406, 0.0)
(29.989704, 23.564333, 0.0)
(29.968088, 23.540421, 0.0)
(29.994379, 23.577978, 0.0)
(30.013899, 23.601328, 0.0)
(29.978741, 23.584747, 0.0)
(30.003077, 23.580820, 0.0)
(30.014135, 23.569677, 0.0)
(30.013678, 23.570862, 0.0)
(30.028473, 23.594280, 0.0)
(30.027506, 23.640471, 0.0)
(30.029827, 23.680614, 0.0)
(30.004137, 23.727861, 0.0)
(30.022215, 23.710224, 0.0)
(30.082897, 23.685152, 0.0)
(30.072960, 23.675236, 0.0)
(30.277588, 23.679438, 0.0)
(30.916727, 24.348568, 0.0)
(30.929424, 24.482401, 0.0)
(30.933657, 24.507448, 0.0)
(30.872116, 24.584322, 0.0)
(30.858721, 24.612165, 0.0)
(30.863062, 24.594727, 0.0)
(30.887108, 24.577806, 0.0)
(30.863184, 24.492161, 0.0)
(30.855215, 24.451380, 0.0)
(30.863180, 24.411631, 0.0)
(30.862007, 24.435049, 0.0)
(30.851418, 24.439560, 0.0)
(30.849924, 24.416353, 0.0)
(30.871281, 24.393204, 0.0)
(30.852654, 24.413322, 0.0)
(30.830189, 24.412191, 0.0)
(33.110638, 26.908871, 0.0)
(34.635723, 30.778955, 0.0)
(34.535717, 29.932819, 0.0)
(34.365852, 29.375870, 0.0)
(34.340420, 29.314333, 0.0)
(34.336273, 29.319502, 0.0)
(34.359222, 29.270832, 0.0)
(34.348747, 29.252680, 0.0)
(34.345650, 29.259007, 0.0)
(34.396210, 29.239344, 0.0)
(34.339710, 29.255152, 0.0)
(34.348095, 29.263092, 0.0)
(34.375145, 29.277855, 0.0)
(34.365520, 29.279413, 0.0)
(34.340649, 29.310352, 0.0)
(34.338764, 29.306061, 0.0)
(34.306999, 29.293015, 0.0)
(34.315670, 29.273283, 0.0)
(34.318531, 29.276480, 0.0)
(34.290878, 29.266136, 0.0)
(34.265087, 29.272234, 0.0)
(34.271431, 29.245975, 0.0)
(34.265045, 29.254255, 0.0)
(34.265942, 29.267239, 0.0)
(34.265671, 29.271975, 0.0)
(34.268501, 29.274145, 0.0)
(34.243328, 29.316288, 0.0)
(34.247391, 29.321461, 0.0)
(34.292870, 29.274591, 0.0)
(34.292633, 29.270752, 0.0)
(34.271015, 29.289076, 0.0)
(34.279202, 29.246765, 0.0)
(34.319988, 29.230997, 0.0)
(34.335304, 29.209057, 0.0)
(34.327511, 29.217634, 0.0)
(35.544285, 27.610617, 0.0)
(38.951874, 23.171507, 0.0)
(38.146183, 21.907404, 0.0)
(37.825336, 21.571188, 0.0)
(37.902126, 21.765820, 0.0)
(37.664577, 21.370132, 0.0)
(37.683094, 21.409481, 0.0)
(37.698860, 21.449141, 0.0)
(37.734776, 21.486225, 0.0)
(37.732338, 21.540962, 0.0)
(37.707428, 21.581232, 0.0)
(37.670216, 21.604668, 0.0)
(37.692173, 21.593555, 0.0)
(37.693634, 21.576385, 0.0)
(37.701550, 21.565327, 0.0)
(37.718201, 21.535398, 0.0)
(37.714020, 21.512720, 0.0)
(37.702244, 21.534336, 0.0)
(37.723911, 21.544954, 0.0)
(37.723465, 21.549440, 0.0)
(37.718872, 21.574297, 0.0)
(37.709869, 21.562130, 0.0)
(37.704029, 21.534248, 0.0)
(37.699623, 21.502298, 0.0)
(37.707844, 21.496925, 0.0)
(37.725517, 21.507421, 0.0)
(37.703045, 21.496212, 0.0)
(37.698532, 21.509449, 0.0)
(37.680897, 21.520227, 0.0)
(37.698463, 21.554371, 0.0)
(37.693737, 21.583914, 0.0)
(37.686981, 21.595604, 0.0)
(37.712681, 21.857445, 0.0)
(38.341446, 24.534071, 0.0)
(38.763569, 26.207838, 0.0)
(38.668968, 26.129799, 0.0)
(38.649525, 26.120861, 0.0)
(38.673317, 26.191504, 0.0)
(38.680645, 26.238075, 0.0)
(38.636070, 26.224228, 0.0)
(38.673542, 26.251005, 0.0)
(38.699146, 26.232723, 0.0)
(38.702278, 26.216358, 0.0)
(38.691082, 26.202538, 0.0)
(38.687901, 26.253061, 0.0)
(38.648582, 26.255856, 0.0)
(38.665325, 26.225914, 0.0)
(38.709324, 26.207623, 0.0)
(38.660854, 26.212486, 0.0)
(38.661880, 26.168226, 0.0)
(38.667747, 26.162748, 0.0)
(38.705597, 26.110638, 0.0)
(38.708866, 26.130522, 0.0)
(38.681362, 26.147976, 0.0)
(38.654404, 26.150024, 0.0)
(38.654972, 26.172413, 0.0)
(38.675541, 26.148788, 0.0)
(38.638496, 26.163960, 0.0)
(38.656986, 26.136395, 0.0)
(38.642109, 26.139797, 0.0)
(38.617897, 26.152992, 0.0)
(38.638622, 26.136383, 0.0)
(38.662434, 26.144211, 0.0)
(38.630783, 26.144600, 0.0)
(38.603088, 26.140778, 0.0)
(38.569225, 26.130178, 0.0)
(38.585384, 26.123358, 0.0)
(38.591614, 26.133249, 0.0)
(41.927944, 27.121561, 0.0)
(42.389572, 27.283146, 0.0)
(42.339504, 27.297419, 0.0)
(42.413086, 27.721611, 0.0)
(42.417500, 27.599039, 0.0)
(42.418831, 27.158974, 0.0)
(42.477940, 27.192902, 0.0)
(42.493988, 27.242098, 0.0)
(42.477032, 27.273684, 0.0)
(42.484856, 27.337303, 0.0)
(42.474586, 27.391247, 0.0)
(42.484200, 27.426540, 0.0)
(42.489075, 27.433376, 0.0)
(42.459362, 27.488808, 0.0)
(42.456673, 27.419634, 0.0)
(42.465500, 27.360987, 0.0)
(42.463291, 27.302870, 0.0)
(42.493237, 27.300577, 0.0)
(42.498028, 27.341280, 0.0)
(42.487049, 27.359154, 0.0)
(42.471325, 27.339468, 0.0)
(42.495144, 27.317707, 0.0)
(42.551582, 27.313564, 0.0)
(42.527939, 27.305742, 0.0)
(42.518497, 27.250196, 0.0)
(42.540718, 27.209940, 0.0)
(42.540905, 27.250504, 0.0)
(42.544254, 27.270672, 0.0)
(42.529263, 27.287954, 0.0)
(42.516514, 27.302242, 0.0)
(42.499882, 27.266409, 0.0)
(42.520260, 27.297663, 0.0)
(42.508862, 27.287411, 0.0)
(42.475792, 27.246845, 0.0)
(42.434891, 27.253656, 0.0)
(44.127327, 28.670141, 0.0)
(44.119144, 28.323706, 0.0)
(44.145050, 28.299395, 0.0)
(44.151176, 28.275320, 0.0)
(44.201504, 28.297108, 0.0)
(44.272488, 28.504793, 0.0)
(44.280434, 28.586430, 0.0)
(44.267109, 28.608938, 0.0)
(44.251987, 28.630280, 0.0)
(44.264126, 28.678507, 0.0)
(44.277294, 28.704464, 0.0)
(44.271973, 28.720142, 0.0)
(44.257473, 28.684429, 0.0)
(44.267956, 28.701424, 0.0)
(44.255249, 28.676207, 0.0)
(44.234135, 28.681810, 0.0)
(44.277370, 28.631880, 0.0)
(44.271355, 28.640778, 0.0)
(44.240692, 28.610462, 0.0)
(44.239155, 28.572010, 0.0)
(44.226662, 28.565722, 0.0)
(44.239613, 28.570105, 0.0)
(44.231243, 28.589901, 0.0)
(44.195827, 28.602816, 0.0)
(44.183743, 28.623896, 0.0)
(44.216568, 28.612564, 0.0)
(44.203098, 28.597031, 0.0)
(44.204842, 28.602079, 0.0)
(44.207592, 28.623222, 0.0)
(44.210846, 28.625460, 0.0)
(44.205597, 28.620617, 0.0)
(44.181808, 28.669241, 0.0)
(44.210320, 28.665075, 0.0)
(44.211334, 28.650715, 0.0)
(44.174931, 28.643744, 0.0)
(44.640533, 28.040661, 0.0)
(45.917774, 25.675270, 0.0)
(45.809258, 25.440363, 0.0)
(45.851295, 25.546215, 0.0)
(45.884930, 25.562311, 0.0)
(45.907772, 25.563272, 0.0)
(45.917683, 25.562160, 0.0)
(45.926941, 25.579651, 0.0)
(45.931168, 25.579325, 0.0)
(45.934784, 25.582027, 0.0)
(45.914234, 25.599604, 0.0)
(45.928741, 25.595646, 0.0)
(45.966694, 25.571520, 0.0)
(45.988243, 25.614529, 0.0)
(45.992424, 25.628859, 0.0)
(45.978577, 25.609467, 0.0)
(45.985706, 25.564402, 0.0)
(45.990990, 25.587297, 0.0)
(45.988438, 25.628571, 0.0)
(45.983086, 25.638447, 0.0)
(45.965153, 25.709255, 0.0)
(45.933727, 25.646181, 0.0)
(45.925259, 25.618429, 0.0)
(45.936684, 25.651684, 0.0)
(45.965317, 25.672707, 0.0)
(45.963158, 25.639332, 0.0)
(45.963963, 25.636517, 0.0)
(45.942276, 25.535654, 0.0)
(45.968418, 25.597830, 0.0)
(45.933624, 25.654076, 0.0)
(45.866364, 25.639591, 0.0)
(45.903877, 25.676600, 0.0)
(45.913017, 25.642015, 0.0)
(45.927402, 25.621111, 0.0)
(45.896271, 25.548578, 0.0)
(45.837173, 25.497894, 0.0)
(45.799713, 25.562891, 0.0)
(46.459270, 29.275122, 0.0)
(46.382229, 29.257969, 0.0)
(46.393406, 29.284243, 0.0)
(46.400787, 29.276279, 0.0)
(46.429161, 29.222948, 0.0)
(46.431129, 29.152346, 0.0)
(46.422131, 29.152983, 0.0)
(46.434086, 29.166113, 0.0)
(46.444710, 29.124807, 0.0)
(46.443630, 29.140030, 0.0)
(46.447201, 29.188028, 0.0)
(46.445896, 29.251816, 0.0)
(46.421368, 29.264721, 0.0)
(46.377964, 29.249771, 0.0)
(46.425274, 29.204161, 0.0)
(46.412746, 29.186972, 0.0)
(46.413261, 29.200001, 0.0)
(46.412308, 29.179129, 0.0)
(46.418949, 29.173384, 0.0)
(46.398300, 29.192629, 0.0)
(46.402431, 29.219572, 0.0)
(46.440956, 29.229240, 0.0)
(46.435192, 29.227530, 0.0)
(46.416344, 29.221003, 0.0)
(46.417847, 29.209127, 0.0)
(46.429737, 29.235882, 0.0)
(46.425480, 29.209377, 0.0)
(46.413082, 29.198874, 0.0)
(46.401161, 29.170361, 0.0)
(46.414852, 29.175571, 0.0)
(46.414852, 29.175571, 0.0)
(46.395844, 29.172396, 0.0)
(46.398598, 29.177063, 0.0)
(46.401321, 29.177189, 0.0)
(44.207695, 28.757742, 0.0)
(38.724934, 24.977751, 0.0)
(38.654377, 24.789841, 0.0)
(38.621193, 24.890907, 0.0)
(38.622196, 24.901291, 0.0)
(38.598782, 24.898787, 0.0)
(38.634781, 24.925888, 0.0)
(38.626236, 24.941530, 0.0)
(38.603653, 24.964205, 0.0)
(38.595711, 24.913010, 0.0)
(38.607529, 24.890356, 0.0)
(38.612606, 24.871622, 0.0)
(38.600075, 24.940201, 0.0)
(38.613056, 24.966259, 0.0)
(38.596230, 25.006784, 0.0)
(38.575417, 25.053827, 0.0)
(38.591248, 25.061224, 0.0)
(38.594860, 25.009169, 0.0)
(38.591873, 24.995457, 0.0)
(38.575508, 24.939054, 0.0)
(38.576000, 24.886572, 0.0)
(38.570183, 24.887968, 0.0)
(38.561592, 24.902088, 0.0)
(38.536201, 24.971292, 0.0)
(38.481823, 24.986670, 0.0)
(38.492107, 24.973341, 0.0)
(38.530540, 24.973797, 0.0)
(38.530140, 24.978649, 0.0)
(38.527210, 24.962582, 0.0)
(38.528713, 24.969667, 0.0)
(38.495945, 25.030828, 0.0)
(38.500923, 24.992863, 0.0)
(38.527210, 24.962582, 0.0)
(38.530540, 24.973797, 0.0)
(38.470043, 24.992800, 0.0)
(38.428890, 24.972734, 0.0)
(42.742916, 22.169655, 0.0)
(42.706242, 21.431032, 0.0)
(42.660934, 21.323492, 0.0)
(42.737499, 21.326464, 0.0)
(42.710938, 21.322081, 0.0)
(42.724957, 21.324991, 0.0)
(42.689194, 21.247883, 0.0)
(42.675003, 21.249697, 0.0)
(42.773590, 21.270741, 0.0)
(42.775696, 21.262289, 0.0)
(42.766956, 21.330088, 0.0)
(42.758312, 21.343870, 0.0)
(42.756191, 21.287010, 0.0)
(42.770142, 21.334047, 0.0)
(42.757908, 21.322374, 0.0)
(42.764191, 21.303577, 0.0)
(42.736233, 21.274921, 0.0)
(42.823986, 21.239695, 0.0)
(42.844292, 21.212980, 0.0)
(42.849197, 21.193115, 0.0)
(42.855877, 21.217590, 0.0)
(42.830765, 21.219328, 0.0)
(42.769997, 21.223715, 0.0)
(42.818466, 21.257521, 0.0)
(42.850334, 21.288521, 0.0)
(42.844788, 21.304543, 0.0)
(42.815327, 21.289248, 0.0)
(42.815758, 21.256845, 0.0)
(42.822880, 21.244087, 0.0)
(42.777672, 21.229988, 0.0)
(42.730289, 21.221075, 0.0)
(42.731907, 21.268906, 0.0)
(42.762218, 21.289515, 0.0)
(42.730209, 21.276218, 0.0)
(42.624836, 21.277664, 0.0)
(33.317780, 21.925594, 0.0)
(33.319191, 21.441532, 0.0)
(33.367062, 21.216286, 0.0)
(33.392670, 21.188051, 0.0)
(33.368290, 21.209253, 0.0)
(33.337868, 21.175867, 0.0)
(33.322899, 21.155098, 0.0)
(33.332798, 21.177950, 0.0)
(33.354698, 21.225878, 0.0)
(33.320061, 21.245533, 0.0)
(33.312855, 21.264469, 0.0)
(33.321316, 21.273338, 0.0)
(33.327335, 21.257015, 0.0)
(33.344666, 21.243740, 0.0)
(33.363701, 21.226461, 0.0)
(33.343601, 21.205345, 0.0)
(33.281887, 21.186743, 0.0)
(33.339893, 21.171265, 0.0)
(33.356628, 21.152706, 0.0)
(33.350159, 21.154772, 0.0)
(33.326416, 21.190269, 0.0)
(33.310257, 21.130180, 0.0)
(33.321602, 21.160049, 0.0)
(33.329678, 21.168879, 0.0)
(33.332943, 21.135506, 0.0)
(33.317272, 21.118349, 0.0)
(33.286205, 21.123161, 0.0)
(33.301788, 21.132025, 0.0)
(33.274353, 21.168903, 0.0)
(33.268581, 21.185061, 0.0)
(33.278416, 21.213154, 0.0)
(33.225433, 21.269073, 0.0)
(33.211559, 21.242153, 0.0)
(33.099651, 21.307655, 0.0)
(29.436701, 22.723301, 0.0)
(29.613539, 22.140806, 0.0)
(29.628382, 22.039768, 0.0)
(29.616745, 22.102474, 0.0)
(29.600876, 22.122429, 0.0)
(29.577387, 22.110262, 0.0)
(29.589632, 22.105534, 0.0)
(29.628269, 22.122364, 0.0)
(29.627291, 22.100010, 0.0)
(29.607986, 22.092897, 0.0)
(29.565399, 22.134933, 0.0)
(29.548910, 22.143145, 0.0)
(29.543655, 22.149338, 0.0)
(29.514164, 22.225489, 0.0)
(29.941509, 22.131912, 0.0)
(29.984049, 22.204012, 0.0)
(29.943571, 22.203459, 0.0)
(29.946384, 22.233313, 0.0)
(29.950228, 22.221863, 0.0)
(29.896820, 22.216702, 0.0)
(29.903248, 22.182922, 0.0)
(29.890343, 22.211283, 0.0)
(29.894098, 22.227232, 0.0)
(29.904900, 22.290928, 0.0)
(29.891428, 22.367224, 0.0)
(29.966509, 22.453222, 0.0)
(30.804510, 23.324492, 0.0)
(30.886398, 23.581717, 0.0)
(30.846218, 23.576134, 0.0)
(30.829981, 23.546867, 0.0)
(30.814871, 23.560856, 0.0)
(30.816401, 23.564840, 0.0)
(30.849117, 23.564508, 0.0)
(30.848677, 23.594639, 0.0)
(30.779598, 23.589844, 0.0)
(34.247913, 31.114531, 0.0)
(34.507915, 30.852020, 0.0)
(34.479565, 30.723402, 0.0)
(34.367298, 30.632139, 0.0)
(34.342274, 30.661919, 0.0)
(34.500759, 30.864140, 0.0)
(35.070911, 32.253925, 0.0)
(35.047592, 32.440769, 0.0)
(35.005779, 32.347290, 0.0)
(34.984581, 32.326691, 0.0)
(34.986816, 32.316021, 0.0)
(35.025322, 32.310337, 0.0)
(35.009296, 32.293896, 0.0)
(34.945763, 32.298290, 0.0)
(34.942429, 32.306152, 0.0)
(34.863567, 30.936188, 0.0)
(34.717495, 27.357550, 0.0)
(34.601292, 26.990482, 0.0)
(34.523232, 26.987200, 0.0)
(34.494289, 27.094505, 0.0)
(34.504524, 27.093599, 0.0)
(34.524979, 27.107397, 0.0)
(34.529068, 27.090466, 0.0)
(34.518246, 27.123077, 0.0)
(34.501427, 27.097036, 0.0)
(34.500179, 27.070673, 0.0)
(34.516792, 27.085773, 0.0)
(34.501751, 27.087139, 0.0)
(34.462006, 27.150436, 0.0)
(34.460896, 27.158188, 0.0)
(34.455730, 27.142109, 0.0)
(34.453869, 27.128832, 0.0)
(34.458706, 27.124514, 0.0)
(34.451569, 27.132401, 0.0)
(34.445381, 27.138809, 0.0)
(34.431320, 27.113142, 0.0)
(31.289028, 30.105749, 0.0)
(29.548916, 30.049585, 0.0)
(30.188372, 28.723722, 0.0)
(30.158875, 28.644726, 0.0)
(30.332508, 29.703241, 0.0)
(30.271191, 28.628061, 0.0)
(30.203720, 28.251583, 0.0)
(30.305624, 28.371067, 0.0)
(30.346338, 28.392525, 0.0)
(30.325979, 28.380949, 0.0)
(30.343403, 28.381317, 0.0)
(30.372046, 28.409214, 0.0)
(30.330502, 28.388918, 0.0)
(30.380442, 28.348906, 0.0)
(30.424944, 28.315725, 0.0)
(30.395452, 28.362360, 0.0)
(30.392937, 28.390142, 0.0)
(30.423208, 28.285089, 0.0)
(30.477787, 28.278166, 0.0)
(30.517004, 28.279938, 0.0)
(30.509199, 28.253067, 0.0)
(30.456518, 28.221197, 0.0)
(30.478638, 28.285345, 0.0)
(30.505842, 28.265564, 0.0)
(30.485565, 28.292200, 0.0)
(30.500679, 28.281330, 0.0)
(30.541992, 28.293213, 0.0)
(30.550303, 28.317781, 0.0)
(30.528240, 28.319351, 0.0)
(30.564684, 28.306705, 0.0)
(30.563797, 28.289555, 0.0)
(30.592123, 28.361204, 0.0)
(30.575243, 28.321758, 0.0)
(30.462645, 28.284088, 0.0)
(28.717670, 24.405430, 0.0)
(28.305439, 22.849287, 0.0)
(28.383816, 22.638895, 0.0)
(28.445391, 22.687935, 0.0)
(28.468359, 22.674185, 0.0)
(28.451431, 22.710691, 0.0)
(28.039698, 22.773067, 0.0)
(27.981621, 22.742407, 0.0)
(28.009775, 22.714703, 0.0)
(28.044321, 22.648014, 0.0)
(28.055199, 22.641479, 0.0)
(28.049391, 22.682230, 0.0)
(28.042103, 22.683479, 0.0)
(28.048101, 22.714584, 0.0)
(28.070683, 22.738337, 0.0)
(28.078259, 22.730780, 0.0)
(28.021967, 22.787155, 0.0)
(28.015629, 22.812204, 0.0)
(28.002481, 22.784529, 0.0)
(28.019203, 22.736549, 0.0)
(28.016748, 22.722666, 0.0)
(28.011736, 22.775869, 0.0)
(28.018866, 22.808540, 0.0)
(28.004061, 22.814682, 0.0)
(27.985264, 22.830769, 0.0)
(27.987570, 22.837420, 0.0)
(27.979746, 22.771885, 0.0)
(27.955858, 22.751789, 0.0)
(27.959225, 22.718342, 0.0)
(27.943127, 22.684835, 0.0)
(27.936817, 22.722088, 0.0)
(27.954050, 22.801636, 0.0)
(27.965174, 22.823212, 0.0)
(27.938025, 22.818554, 0.0)
(27.927656, 22.825813, 0.0)
(27.963940, 22.794985, 0.0)
(42.885876, 25.755222, 0.0)
(44.599472, 26.293013, 0.0)
(44.933826, 26.792768, 0.0)
(45.872833, 28.439085, 0.0)
(45.809292, 27.812754, 0.0)
(45.829197, 27.664551, 0.0)
(45.816669, 27.745108, 0.0)
(45.813316, 27.748083, 0.0)
(45.800961, 27.764597, 0.0)
(45.801670, 27.783693, 0.0)
(45.848515, 27.810658, 0.0)
(46.211758, 27.942965, 0.0)
(46.262451, 27.981108, 0.0)
(46.249596, 27.960203, 0.0)
(46.224792, 27.999620, 0.0)
(46.224422, 27.992844, 0.0)
(46.294960, 27.993633, 0.0)
(46.307137, 28.000578, 0.0)
(46.252743, 27.980398, 0.0)
(46.223537, 27.944960, 0.0)
(46.241600, 27.932600, 0.0)
(46.276245, 27.911501, 0.0)
(46.269787, 27.887278, 0.0)
(46.188740, 27.883343, 0.0)
(46.156494, 27.868469, 0.0)
(46.143379, 27.930048, 0.0)
(46.156906, 27.942179, 0.0)
(46.146778, 27.945084, 0.0)
(46.122181, 27.920437, 0.0)
(46.140175, 27.947693, 0.0)
(46.123680, 27.940567, 0.0)
(45.221180, 21.910522, 0.0)
(45.140614, 21.602444, 0.0)
(45.158665, 21.651886, 0.0)
(45.163609, 21.681498, 0.0)
(45.186371, 21.665981, 0.0)
(45.277855, 21.687754, 0.0)
(45.230579, 21.676563, 0.0)
(45.198410, 21.671814, 0.0)
(45.220371, 21.648064, 0.0)
(45.285892, 21.318647, 0.0)
(45.307190, 21.360247, 0.0)
(45.346882, 21.447247, 0.0)
(45.367191, 21.473429, 0.0)
(45.374737, 21.489342, 0.0)
(45.386707, 21.508600, 0.0)
(45.382111, 21.514296, 0.0)
(45.397377, 21.536728, 0.0)
(45.368126, 21.510330, 0.0)
(45.366619, 21.502787, 0.0)
(45.364380, 21.469048, 0.0)
(45.360336, 21.486961, 0.0)
(45.361340, 21.530951, 0.0)
(45.326954, 21.499535, 0.0)
(45.303791, 21.544729, 0.0)
(45.307140, 21.464729, 0.0)
(45.298313, 21.474937, 0.0)
(45.335007, 21.508615, 0.0)
(45.324722, 21.500265, 0.0)
(45.274250, 21.522837, 0.0)
(45.280018, 21.506939, 0.0)
(45.300770, 21.503956, 0.0)
(45.298447, 21.521727, 0.0)
(45.266403, 21.534143, 0.0)
(45.253281, 21.503027, 0.0)
(45.219242, 21.470676, 0.0)
(45.255993, 21.483252, 0.0)
(45.265968, 21.477184, 0.0)
(44.500320, 23.256411, 0.0)
(33.467937, 22.073038, 0.0)
(33.019619, 21.703373, 0.0)
(33.103882, 21.512674, 0.0)
(33.199154, 21.534859, 0.0)
(33.179276, 21.508711, 0.0)
(33.185600, 21.504036, 0.0)
(33.200241, 21.512745, 0.0)
(33.190479, 21.504978, 0.0)
(33.186897, 21.503252, 0.0)
(33.179363, 21.502119, 0.0)
(33.187111, 21.506496, 0.0)
(33.218552, 21.521864, 0.0)
(33.440266, 21.447546, 0.0)
(33.649246, 21.418606, 0.0)
(33.619774, 21.437380, 0.0)
(33.644268, 21.415384, 0.0)
(33.673691, 21.423986, 0.0)
(33.644886, 21.386288, 0.0)
(33.621010, 21.357191, 0.0)
(33.555920, 21.360870, 0.0)
(33.596859, 21.349901, 0.0)
(33.639675, 21.358015, 0.0)
(33.608826, 21.371868, 0.0)
(33.598984, 21.410709, 0.0)
(33.570396, 21.398909, 0.0)
(33.604755, 21.430748, 0.0)
(33.616508, 21.476261, 0.0)
(33.616127, 21.479080, 0.0)
(33.545284, 21.447506, 0.0)
(33.524433, 21.478054, 0.0)
(33.527355, 21.465395, 0.0)
(33.539413, 21.485439, 0.0)
(33.532959, 21.498606, 0.0)
(33.517719, 21.529409, 0.0)
(33.789154, 22.424335, 0.0)
(37.950153, 23.093466, 0.0)
(37.814568, 22.799803, 0.0)
(37.862900, 22.610598, 0.0)
(37.925816, 22.676458, 0.0)
(37.938084, 22.688105, 0.0)
(37.937252, 22.763107, 0.0)
(37.998119, 22.977188, 0.0)
(38.017620, 23.128725, 0.0)
(38.041317, 23.142742, 0.0)
(38.047611, 23.129879, 0.0)
(38.049385, 23.134472, 0.0)
(38.043938, 23.156374, 0.0)
(38.020119, 23.172468, 0.0)
(38.012501, 23.180113, 0.0)
(38.058224, 23.173901, 0.0)
(38.092018, 23.135580, 0.0)
(38.035511, 23.144672, 0.0)
(38.010948, 23.119226, 0.0)
(38.014641, 23.121418, 0.0)
(38.030849, 23.139448, 0.0)
(38.006470, 23.160599, 0.0)
(37.980732, 23.156767, 0.0)
(37.944794, 23.178280, 0.0)
(37.953819, 23.212374, 0.0)
(37.969368, 23.199919, 0.0)
(37.961445, 23.197744, 0.0)
(37.975422, 23.196045, 0.0)
(37.955086, 23.192921, 0.0)
(37.931046, 23.203436, 0.0)
(37.949863, 23.184711, 0.0)
(37.978256, 23.202702, 0.0)
(37.963772, 23.197941, 0.0)
(37.743282, 23.453514, 0.0)
(34.508289, 26.483629, 0.0)
(33.260517, 25.895056, 0.0)
(32.920650, 25.557377, 0.0)
(32.926643, 25.543684, 0.0)
(32.926636, 25.525576, 0.0)
(32.363003, 26.080172, 0.0)
(32.216511, 26.309109, 0.0)
(32.235226, 26.290619, 0.0)
(32.199467, 26.278017, 0.0)
(32.202259, 26.261778, 0.0)
(32.212967, 26.246733, 0.0)
(32.220634, 26.226336, 0.0)
(32.182770, 26.275324, 0.0)
(32.194054, 26.320879, 0.0)
(32.159901, 26.362572, 0.0)
(32.142872, 26.409578, 0.0)
(32.174858, 26.418320, 0.0)
(32.153156, 26.416481, 0.0)
(32.138153, 26.407787, 0.0)
(32.140274, 26.387569, 0.0)
(32.146465, 26.377810, 0.0)
(32.157703, 26.401966, 0.0)
(32.159992, 26.419016, 0.0)
(32.104198, 26.445059, 0.0)
(32.079681, 26.477694, 0.0)
(32.105541, 26.485336, 0.0)
(32.145382, 26.483929, 0.0)
(32.100155, 26.487495, 0.0)
(32.068241, 26.413797, 0.0)
(32.087723, 26.397421, 0.0)
(32.109524, 26.414133, 0.0)
(32.145573, 26.421402, 0.0)
(32.098057, 26.416162, 0.0)
(32.068241, 26.413797, 0.0)
(32.116463, 26.426689, 0.0)
(32.146492, 26.417894, 0.0)
(32.110981, 26.436064, 0.0)
(32.109955, 26.399500, 0.0)
(32.103378, 26.393036, 0.0)
(32.161430, 26.464970, 0.0)
(29.591061, 31.986052, 0.0)
(29.063555, 31.351297, 0.0)
(29.167799, 31.193148, 0.0)
(29.180950, 31.155807, 0.0)
(29.151445, 31.169437, 0.0)
(29.138109, 31.145056, 0.0)
(29.145144, 31.188503, 0.0)
(29.224440, 31.133963, 0.0)
(29.475176, 31.161024, 0.0)
(29.482430, 31.170864, 0.0)
(29.483398, 31.214350, 0.0)
(29.482384, 31.246780, 0.0)
(29.470457, 31.259033, 0.0)
(29.487158, 31.241167, 0.0)
(29.504911, 31.178259, 0.0)
(29.498924, 31.159142, 0.0)
(29.487011, 31.144459, 0.0)
(29.497150, 31.065746, 0.0)
(29.501617, 31.064503, 0.0)
(29.519695, 31.090496, 0.0)
(29.512371, 31.100613, 0.0)
(29.501633, 31.107761, 0.0)
(29.501633, 31.107761, 0.0)
(29.512379, 31.085596, 0.0)
(29.533510, 31.104895, 0.0)
(29.560221, 31.095623, 0.0)
(29.585726, 31.126421, 0.0)
(29.528223, 31.114113, 0.0)
(29.578072, 31.126551, 0.0)
(29.600863, 31.107693, 0.0)
(29.579147, 31.092665, 0.0)
(29.565197, 31.068762, 0.0)
(29.552734, 31.068243, 0.0)
(29.554510, 31.029957, 0.0)
(29.584129, 31.014610, 0.0)
(30.053883, 32.060284, 0.0)
(33.825245, 30.724949, 0.0)
(33.655502, 30.164721, 0.0)
(33.462715, 29.817579, 0.0)
(33.425400, 29.812927, 0.0)
(33.518913, 29.832621, 0.0)
(34.050114, 29.853142, 0.0)
(34.048771, 29.833067, 0.0)
(34.046001, 29.827869, 0.0)
(34.018410, 29.849823, 0.0)
(34.003136, 29.813953, 0.0)
(34.019432, 29.824488, 0.0)
(34.019329, 29.890865, 0.0)
(34.025406, 29.914106, 0.0)
(33.999012, 29.957363, 0.0)
(33.983444, 29.966522, 0.0)
(33.989334, 29.960905, 0.0)
(34.005299, 29.922983, 0.0)
(33.973408, 29.947193, 0.0)
(33.969501, 29.907692, 0.0)
(33.951408, 29.930929, 0.0)
(33.911877, 29.933275, 0.0)
(33.918526, 29.906799, 0.0)
(33.935287, 29.807795, 0.0)
(33.930847, 29.834702, 0.0)
(33.884262, 29.872509, 0.0)
(33.878006, 29.853104, 0.0)
(33.862259, 29.866076, 0.0)
(33.879570, 29.887325, 0.0)
(33.893200, 29.887697, 0.0)
(33.871834, 29.880356, 0.0)
(33.812386, 29.871536, 0.0)
(33.831955, 29.773525, 0.0)
(33.859745, 29.780973, 0.0)
(0.000000, 0.000000, 1.0)
(41.162472, 30.771124, 0.0)
(40.844707, 30.087170, 0.0)
(40.811859, 29.941454, 0.0)
(40.802975, 30.000000, 0.0)
(40.804234, 29.957773, 0.0)
(40.824448, 29.941730, 0.0)
(40.861320, 29.970568, 0.0)
(40.877045, 29.988777, 0.0)
(40.867607, 30.051224, 0.0)
(40.877220, 30.121775, 0.0)
(40.318413, 29.967245, 0.0)
(40.351616, 29.944616, 0.0)
(40.347206, 29.942400, 0.0)
(40.308052, 29.916716, 0.0)
(40.285084, 29.901474, 0.0)
(40.427341, 29.948877, 0.0)
(40.790630, 30.108160, 0.0)
(40.807751, 30.069824, 0.0)
(40.758125, 30.074331, 0.0)
(40.743511, 30.062233, 0.0)
(40.743511, 30.062233, 0.0)
(40.752522, 30.045807, 0.0)
(40.741161, 30.027895, 0.0)
(40.726227, 30.022980, 0.0)
(40.711739, 30.106821, 0.0)
(40.716152, 30.103666, 0.0)
(40.692715, 30.063820, 0.0)
(40.705925, 30.042967, 0.0)
(40.726379, 30.020119, 0.0)
(40.712875, 29.979816, 0.0)
(40.676239, 29.998537, 0.0)
(40.670677, 30.001642, 0.0)
(40.698681, 30.029333, 0.0)
(40.528152, 29.943962, 0.0)
(31.918554, 24.115242, 0.0)
(30.388456, 23.690693, 0.0)
(30.142334, 23.399702, 0.0)
(30.243071, 23.363073, 0.0)
(30.225897, 23.387768, 0.0)
(30.187283, 23.435678, 0.0)
(30.191109, 23.434738, 0.0)
(30.214989, 23.461472, 0.0)
(30.211678, 23.490149, 0.0)
(30.142050, 23.468494, 0.0)
(30.134588, 23.414383, 0.0)
(30.118465, 23.359324, 0.0)
(29.651783, 23.341139, 0.0)
(29.641983, 23.351343, 0.0)
(29.657202, 23.328869, 0.0)
(29.664968, 23.345968, 0.0)
(29.703455, 23.360643, 0.0)
(29.712515, 23.333862, 0.0)
(29.678474, 23.325832, 0.0)
(29.674809, 23.285192, 0.0)
(29.711227, 23.262096, 0.0)
(29.727457, 23.276621, 0.0)
(29.731686, 23.277544, 0.0)
(29.694340, 23.328487, 0.0)
(29.691681, 23.379532, 0.0)
(29.719593, 23.380283, 0.0)
(29.733244, 23.379333, 0.0)
(29.735022, 23.374853, 0.0)
(29.713409, 23.347557, 0.0)
(29.723219, 23.281130, 0.0)
(29.751259, 23.261869, 0.0)
(29.802252, 23.236599, 0.0)
(29.829216, 23.213902, 0.0)
(29.813387, 23.228964, 0.0)
(29.796181, 23.227537, 0.0)
(29.818584, 23.239595, 0.0)
(32.216644, 23.217939, 0.0)
(38.888939, 25.571281, 0.0)
(42.362572, 27.129734, 0.0)
(43.699703, 29.303076, 0.0)
(43.554630, 29.365656, 0.0)
(43.518593, 29.181141, 0.0)
(43.506870, 29.149937, 0.0)
(43.481159, 29.145535, 0.0)
(43.448383, 29.089933, 0.0)
(43.195507, 29.165152, 0.0)
(42.730785, 29.439400, 0.0)
(42.675240, 29.439070, 0.0)
(42.482925, 29.341648, 0.0)
(42.405338, 29.245033, 0.0)
(42.620087, 29.365133, 0.0)
(42.775208, 29.565578, 0.0)
(42.693581, 29.509039, 0.0)
(42.618298, 29.352785, 0.0)
(42.599239, 29.392603, 0.0)
(42.662373, 29.417721, 0.0)
(42.711769, 29.390923, 0.0)
(42.709789, 29.419453, 0.0)
(42.684856, 29.471102, 0.0)
(42.684856, 29.471102, 0.0)
(42.639893, 29.435333, 0.0)
(42.649212, 29.421234, 0.0)
(42.648594, 29.421625, 0.0)
(42.597481, 29.328821, 0.0)
(42.588337, 29.272684, 0.0)
(42.633514, 29.235903, 0.0)
(42.653778, 29.296267, 0.0)
(42.668583, 29.301195, 0.0)
(42.649422, 29.296734, 0.0)
(42.586754, 29.330730, 0.0)
(42.626827, 29.330969, 0.0)
(42.660465, 29.309786, 0.0)
(42.603497, 29.315037, 0.0)
(42.400528, 29.119257, 0.0)
(32.057693, 25.973583, 0.0)
(29.836998, 25.687279, 0.0)
(29.920959, 25.281982, 0.0)
(29.957136, 25.317633, 0.0)
(30.026976, 25.253613, 0.0)
(29.014763, 25.552792, 0.0)
(28.989300, 25.557625, 0.0)
(29.049459, 25.588985, 0.0)
(29.022722, 25.550081, 0.0)
(28.987398, 25.566946, 0.0)
(29.009951, 25.568222, 0.0)
(29.038345, 25.608965, 0.0)
(28.799940, 25.645840, 0.0)
(28.604637, 25.459223, 0.0)
(28.580280, 25.493002, 0.0)
(28.607481, 25.558491, 0.0)
(28.606466, 25.459127, 0.0)
(28.615807, 25.451332, 0.0)
(28.607616, 25.445959, 0.0)
(28.587652, 25.486561, 0.0)
(28.558969, 25.446194, 0.0)
(28.588364, 25.426414, 0.0)
(28.613955, 25.543146, 0.0)
(28.591484, 25.574656, 0.0)
(28.573345, 25.524137, 0.0)
(28.573879, 25.504889, 0.0)
(28.628706, 25.566992, 0.0)
(28.637125, 25.574785, 0.0)
(28.630526, 25.574972, 0.0)
(28.571087, 25.624233, 0.0)
(28.612234, 25.707052, 0.0)
(28.617811, 25.696123, 0.0)
(28.601740, 25.613403, 0.0)
(28.669546, 25.588326, 0.0)
(28.618883, 25.560640, 0.0)
(30.416414, 25.607756, 0.0)
(30.769398, 25.884670, 0.0)
(30.680613, 26.406090, 0.0)
(30.353409, 26.080542, 0.0)
(30.543352, 25.976923, 0.0)
(30.472715, 26.054482, 0.0)
(30.456957, 26.026911, 0.0)
(30.453945, 25.998215, 0.0)
(30.438578, 26.014969, 0.0)
(30.454451, 26.027819, 0.0)
(30.452599, 26.006912, 0.0)
(30.441618, 25.990101, 0.0)
(30.459036, 26.018778, 0.0)
(30.462908, 26.024673, 0.0)
(30.457586, 26.042341, 0.0)
(30.442579, 26.049913, 0.0)
(30.445318, 26.009455, 0.0)
(30.454681, 26.022251, 0.0)
(30.434092, 26.025301, 0.0)
(30.448828, 26.023226, 0.0)
(30.438211, 26.034607, 0.0)
(30.390644, 26.045380, 0.0)
(30.405090, 26.021521, 0.0)
(30.438852, 25.993963, 0.0)
(30.438852, 25.993963, 0.0)
(30.421329, 25.957453, 0.0)
(30.421329, 25.957453, 0.0)
(30.445578, 25.968494, 0.0)
(30.503355, 25.987404, 0.0)
(30.463621, 26.008213, 0.0)
(30.435812, 26.008198, 0.0)
(30.440172, 25.984596, 0.0)
(30.447556, 25.997633, 0.0)
(30.464653, 26.015745, 0.0)
(30.474583, 26.008242, 0.0)
(30.461740, 26.029118, 0.0)
(32.762024, 25.434874, 0.0)
(42.239773, 25.859306, 0.0)
(41.895325, 24.611366, 0.0)
(42.019855, 24.532085, 0.0)
(42.112846, 24.538832, 0.0)
(42.146786, 24.573116, 0.0)
(42.180435, 24.621927, 0.0)
(42.200710, 24.643883, 0.0)
(42.168785, 24.662153, 0.0)
(42.422134, 24.603619, 0.0)
(42.480160, 24.580395, 0.0)
(42.469597, 24.552616, 0.0)
(42.461788, 24.615385, 0.0)
(42.467480, 24.672768, 0.0)
(42.476372, 24.696590, 0.0)
(42.469166, 24.721300, 0.0)
(42.502277, 24.750198, 0.0)
(42.557102, 24.727932, 0.0)
(42.557297, 24.754044, 0.0)
(42.492931, 24.786669, 0.0)
(42.448330, 24.796537, 0.0)
(42.458431, 24.807505, 0.0)
(42.481518, 24.854475, 0.0)
(42.444805, 24.852072, 0.0)
(42.406200, 24.836014, 0.0)
(42.406837, 24.824442, 0.0)
(42.417892, 24.773773, 0.0)
(42.418671, 24.744436, 0.0)
(42.413025, 24.725658, 0.0)
(42.397186, 24.682173, 0.0)
(42.366325, 24.683571, 0.0)
(42.319962, 24.711882, 0.0)
(42.298809, 24.646029, 0.0)
(42.307293, 24.622753, 0.0)
(42.278229, 24.609148, 0.0)
(42.270065, 24.589268, 0.0)
(42.121941, 24.697088, 0.0)
(39.833664, 26.016073, 0.0)
(39.648926, 25.837996, 0.0)
(39.646317, 25.874535, 0.0)
(39.666069, 25.867882, 0.0)
(39.701229, 25.892731, 0.0)
(36.433052, 26.263113, 0.0)
(31.517567, 26.454765, 0.0)
(31.654957, 26.339956, 0.0)
(31.734518, 26.306099, 0.0)
(31.746304, 26.263302, 0.0)
(31.769470, 26.313482, 0.0)
(31.762545, 26.311058, 0.0)
(31.757465, 26.316017, 0.0)
(31.805204, 26.313570, 0.0)
(31.791979, 26.338717, 0.0)
(31.775137, 26.385210, 0.0)
(31.733877, 26.382629, 0.0)
(31.768484, 26.394772, 0.0)
(31.772732, 26.438377, 0.0)
(31.768938, 26.462755, 0.0)
(31.773788, 26.431381, 0.0)
(31.759192, 26.409254, 0.0)
(31.729893, 26.421600, 0.0)
(31.760828, 26.379755, 0.0)
(31.781742, 26.370026, 0.0)
(31.797159, 26.368252, 0.0)
(31.740576, 26.347235, 0.0)
(31.725653, 26.359406, 0.0)
(31.741842, 26.324221, 0.0)
(31.752100, 26.335417, 0.0)
(31.743650, 26.365017, 0.0)
(31.712481, 26.360144, 0.0)
(31.731003, 26.352882, 0.0)
(31.734779, 26.336695, 0.0)
(31.722637, 26.316631, 0.0)
(31.908276, 26.238684, 0.0)
(37.801186, 24.777609, 0.0)
(42.636723, 25.058867, 0.0)
(44.809486, 25.568916, 0.0)
(44.955780, 25.619425, 0.0)
(44.846668, 26.336033, 0.0)
(45.415230, 25.874767, 0.0)
(45.394947, 25.609222, 0.0)
(45.412422, 25.740454, 0.0)
(45.411716, 25.714012, 0.0)
(45.413521, 25.696802, 0.0)
(45.405445, 25.700562, 0.0)
(45.419220, 25.714981, 0.0)
(45.450813, 25.718664, 0.0)
(45.442116, 25.724035, 0.0)
(45.443947, 25.744759, 0.0)
(45.422562, 25.751944, 0.0)
(45.415802, 25.748459, 0.0)
(45.433765, 25.732372, 0.0)
(45.460468, 25.763775, 0.0)
(45.444172, 25.796185, 0.0)
(45.451637, 25.774233, 0.0)
(45.459412, 25.774260, 0.0)
(45.481388, 25.786856, 0.0)
(45.491688, 25.816338, 0.0)
(45.453773, 25.816254, 0.0)
(45.438923, 25.874529, 0.0)
(45.438644, 25.824780, 0.0)
(45.450825, 25.823179, 0.0)
(45.507950, 25.865980, 0.0)
(45.512196, 25.875797, 0.0)
(45.471165, 25.884981, 0.0)
(45.476711, 25.897657, 0.0)
(45.499443, 25.873674, 0.0)
(45.518398, 25.853033, 0.0)
(45.476223, 25.852194, 0.0)
(40.937862, 27.495192, 0.0)
(41.046402, 27.092066, 0.0)
(40.999245, 27.132969, 0.0)
(40.954826, 27.229757, 0.0)
(41.000896, 27.223463, 0.0)
(41.000496, 27.213312, 0.0)
(40.679592, 27.731516, 0.0)
(40.697487, 27.821781, 0.0)
(40.660755, 27.784773, 0.0)
(40.620327, 27.798708, 0.0)
(40.611225, 27.810713, 0.0)
(40.605667, 27.800444, 0.0)
(40.577278, 27.866270, 0.0)
(40.580502, 27.886652, 0.0)
(40.565697, 27.872059, 0.0)
(40.583748, 27.826244, 0.0)
(40.587891, 27.817078, 0.0)
(40.580421, 27.785103, 0.0)
(39.087666, 26.791670, 0.0)
(38.333317, 25.798473, 0.0)
(38.373222, 25.799736, 0.0)
(38.364185, 25.890585, 0.0)
(38.375755, 25.905661, 0.0)
(38.389091, 25.931730, 0.0)
(38.355286, 25.984737, 0.0)
(38.397491, 25.954964, 0.0)
(38.428886, 25.934118, 0.0)
(38.429073, 25.953007, 0.0)
(38.416710, 25.966076, 0.0)
(38.375290, 25.939631, 0.0)
(38.408482, 25.950859, 0.0)
(38.385670, 25.914831, 0.0)
(38.376404, 25.910267, 0.0)
(38.342117, 25.926346, 0.0)
(38.338943, 25.951120, 0.0)
(41.129570, 25.054678, 0.0)
(45.323509, 25.134974, 0.0)
(45.913597, 25.445730, 0.0)
(45.837669, 25.349892, 0.0)
(45.810276, 25.369516, 0.0)
(45.925571, 25.375675, 0.0)
(46.284824, 25.121859, 0.0)
(46.286491, 25.106237, 0.0)
(46.271534, 25.068293, 0.0)
(46.308231, 25.098749, 0.0)
(46.340576, 25.103651, 0.0)
(46.418449, 25.126463, 0.0)
(46.400806, 25.123432, 0.0)
(46.363277, 25.134193, 0.0)
(46.363319, 25.156555, 0.0)
(46.414177, 25.098188, 0.0)
(46.478127, 24.973122, 0.0)
(46.464008, 24.934654, 0.0)
(46.470287, 24.950645, 0.0)
(46.460869, 24.956633, 0.0)
(46.458878, 24.921494, 0.0)
(46.500916, 24.920359, 0.0)
(46.465248, 24.896427, 0.0)
(46.403057, 24.867422, 0.0)
(46.404858, 24.904478, 0.0)
(46.430676, 24.909307, 0.0)
(46.451183, 24.898006, 0.0)
(46.431324, 24.963903, 0.0)
(46.410835, 24.969847, 0.0)
(46.393326, 24.990631, 0.0)
(46.403824, 25.044472, 0.0)
(46.419643, 25.043459, 0.0)
(46.385288, 25.058638, 0.0)
(46.402119, 25.112940, 0.0)
(46.373207, 25.113377, 0.0)
(46.347252, 25.066156, 0.0)
(46.395592, 25.013288, 0.0)
(45.505543, 24.861147, 0.0)
(35.701733, 24.967384, 0.0)
(35.542690, 23.995928, 0.0)
(35.743484, 23.756748, 0.0)
(35.774303, 23.809898, 0.0)
(35.764107, 23.803225, 0.0)
(35.767651, 23.789959, 0.0)
(36.263187, 23.571291, 0.0)
(36.295391, 23.588497, 0.0)
(36.285732, 23.630486, 0.0)
(36.257473, 23.647198, 0.0)
(36.236828, 23.666677, 0.0)
(36.260063, 23.674608, 0.0)
(36.281261, 23.723663, 0.0)
(36.286278, 23.714396, 0.0)
(36.271267, 23.685534, 0.0)
(36.263783, 23.686316, 0.0)
(36.260395, 23.672592, 0.0)
(36.216122, 23.680422, 0.0)
(36.203617, 23.673830, 0.0)
(36.218853, 23.646002, 0.0)
(36.220978, 23.664753, 0.0)
(36.234550, 23.626484, 0.0)
(36.226498, 23.640261, 0.0)
(36.263397, 23.679937, 0.0)
(36.248779, 23.705940, 0.0)
(36.215801, 23.711266, 0.0)
(36.220055, 23.665365, 0.0)
(36.261681, 23.632601, 0.0)
(36.262993, 23.626829, 0.0)
(36.250065, 23.603552, 0.0)
(36.216278, 23.599558, 0.0)
(36.227127, 23.595730, 0.0)
(36.231998, 23.631346, 0.0)
(36.233067, 23.703672, 0.0)
(36.128265, 23.709436, 0.0)
(32.194145, 22.357021, 0.0)
(31.788744, 21.622637, 0.0)
(31.633934, 21.292452, 0.0)
(31.600761, 21.343388, 0.0)
(31.591848, 21.367136, 0.0)
(31.603849, 21.353991, 0.0)
(31.582357, 21.346163, 0.0)
(31.573641, 21.356926, 0.0)
(31.581766, 21.350834, 0.0)
(31.602703, 21.363091, 0.0)
(31.610161, 21.391817, 0.0)
(31.586653, 21.432566, 0.0)
(31.559353, 21.488533, 0.0)
(31.574125, 21.473448, 0.0)
(31.600529, 21.477001, 0.0)
(31.692356, 21.407701, 0.0)
(31.623142, 21.098902, 0.0)
(31.564671, 21.058395, 0.0)
(31.572002, 21.022074, 0.0)
(31.622894, 20.977892, 0.0)
(31.642611, 20.963989, 0.0)
(31.599739, 20.980377, 0.0)
(31.614817, 20.965019, 0.0)
(31.578663, 20.990795, 0.0)
(31.629059, 21.045988, 0.0)
(31.639194, 21.079512, 0.0)
(31.620773, 21.101595, 0.0)
(31.589384, 21.137012, 0.0)
(31.608353, 21.172762, 0.0)
(31.639080, 21.204620, 0.0)
(31.649540, 21.214212, 0.0)
(31.623369, 21.216805, 0.0)
(31.588364, 21.247705, 0.0)
(31.572882, 21.268661, 0.0)
(32.420948, 22.354893, 0.0)
(42.092171, 28.194082, 0.0)
(42.255692, 28.978970, 0.0)
(42.251682, 28.943966, 0.0)
(42.260590, 28.900234, 0.0)
(42.606403, 29.798908, 0.0)
(42.687721, 30.322496, 0.0)
(42.652672, 30.258299, 0.0)
(42.730930, 30.206516, 0.0)
(42.730484, 30.159334, 0.0)
(42.709068, 30.115408, 0.0)
(42.714409, 30.149088, 0.0)
(42.891308, 30.525131, 0.0)
(42.895901, 30.542625, 0.0)
(42.848679, 30.490643, 0.0)
(42.842644, 30.471453, 0.0)
(42.858143, 30.454174, 0.0)
(42.834938, 30.352869, 0.0)
(42.866913, 30.300587, 0.0)
(42.868145, 30.295578, 0.0)
(42.847881, 30.315611, 0.0)
(42.830120, 30.343094, 0.0)
(42.814243, 30.350235, 0.0)
(42.845303, 30.386379, 0.0)
(42.866547, 30.403061, 0.0)
(42.901321, 30.422802, 0.0)
(42.855526, 30.406530, 0.0)
(42.819141, 30.364483, 0.0)
(42.905571, 30.359142, 0.0)
(42.900715, 30.348394, 0.0)
(42.851887, 30.376722, 0.0)
(42.830708, 30.317070, 0.0)
(42.811466, 30.251064, 0.0)
(42.837132, 30.253206, 0.0)
(42.857895, 30.270987, 0.0)
(42.827312, 30.204908, 0.0)
(46.422535, 26.099674, 0.0)
(46.194942, 25.526865, 0.0)
(46.203011, 25.551178, 0.0)
(46.182140, 25.590126, 0.0)
(46.223576, 25.605869, 0.0)
(46.288231, 25.622726, 0.0)
(46.402943, 26.065620, 0.0)
(46.390804, 26.099789, 0.0)
(46.380684, 26.074100, 0.0)
(46.402390, 26.083872, 0.0)
(46.420040, 26.043787, 0.0)
(46.453690, 26.090683, 0.0)
(46.447845, 26.107771, 0.0)
(46.447384, 26.117598, 0.0)
(46.465969, 26.087566, 0.0)
(46.483727, 26.068781, 0.0)
(46.508526, 26.087919, 0.0)
(46.502655, 26.088810, 0.0)
(46.453747, 26.136545, 0.0)
(46.461437, 26.123077, 0.0)
(46.495789, 26.079561, 0.0)
(46.483727, 26.092308, 0.0)
(46.439407, 26.102222, 0.0)
(46.416752, 26.073803, 0.0)
(46.435131, 26.053846, 0.0)
(46.479717, 26.058800, 0.0)
(43.921322, 24.645761, 0.0)
(40.022518, 22.672691, 0.0)
(39.646900, 22.745628, 0.0)
(39.804718, 22.826838, 0.0)
(39.857155, 22.843657, 0.0)
(39.860428, 22.810471, 0.0)
(39.855221, 22.848167, 0.0)
(39.842091, 22.868244, 0.0)
(39.864193, 22.827530, 0.0)
(39.952072, 22.730770, 0.0)
(41.894451, 22.396364, 0.0)
(41.904205, 22.004711, 0.0)
(42.005611, 22.062763, 0.0)
(41.988190, 22.109606, 0.0)
(42.020802, 22.159479, 0.0)
(42.046474, 22.187696, 0.0)
(42.060604, 22.230543, 0.0)
(42.064945, 22.267258, 0.0)
(42.056160, 22.293005, 0.0)
(41.969105, 22.305134, 0.0)
(42.055145, 22.320007, 0.0)
(42.081768, 22.263960, 0.0)
(42.089172, 22.329813, 0.0)
(42.068153, 22.321726, 0.0)
(42.055389, 22.297876, 0.0)
(42.069870, 22.304193, 0.0)
(42.083275, 22.313166, 0.0)
(42.080505, 22.316092, 0.0)
(42.029575, 22.303007, 0.0)
(42.045418, 22.301762, 0.0)
(42.041447, 22.292702, 0.0)
(42.082928, 22.336367, 0.0)
(42.082054, 22.306942, 0.0)
(42.049442, 22.295357, 0.0)
(42.037560, 22.323801, 0.0)
(42.036598, 22.296223, 0.0)
(42.144680, 22.346107, 0.0)
(42.201847, 22.390268, 0.0)
(42.166996, 22.386482, 0.0)
(42.119915, 22.346165, 0.0)
(42.152740, 22.352301, 0.0)
(42.214085, 22.363457, 0.0)
(42.169346, 22.411158, 0.0)
(42.104893, 22.410355, 0.0)
(41.654839, 22.658554, 0.0)
(37.599331, 25.841312, 0.0)
(37.258148, 27.365007, 0.0)
(37.333027, 27.381184, 0.0)
(37.281731, 27.268106, 0.0)
(37.212391, 27.195145, 0.0)
(37.354225, 27.143749, 0.0)
(37.370564, 27.089584, 0.0)
(37.290508, 27.050011, 0.0)
(37.182728, 27.159140, 0.0)
(37.011932, 27.461042, 0.0)
(37.025608, 27.431982, 0.0)
(37.005943, 27.399597, 0.0)
(36.931141, 27.278143, 0.0)
(36.844849, 27.133089, 0.0)
(36.806503, 27.128054, 0.0)
(36.860489, 27.187881, 0.0)
(36.887722, 27.326340, 0.0)
(36.886581, 27.314501, 0.0)
(36.834221, 27.296032, 0.0)
(36.869534, 27.249687, 0.0)
(36.903187, 27.167324, 0.0)
(36.875153, 27.203278, 0.0)
(36.829098, 27.196014, 0.0)
(36.847042, 27.166895, 0.0)
(36.857796, 27.197569, 0.0)
(36.926239, 27.231441, 0.0)
(36.898582, 27.310257, 0.0)
(36.857750, 27.349930, 0.0)
(36.826500, 27.354794, 0.0)
(36.828823, 27.353113, 0.0)
(36.860306, 27.302624, 0.0)
(36.862499, 27.304428, 0.0)
(36.771450, 27.281857, 0.0)
(36.764599, 27.232231, 0.0)
(36.820282, 27.215256, 0.0)
(36.802235, 27.220381, 0.0)
(36.682446, 27.195890, 0.0)
(43.514771, 25.778250, 0.0)
(45.076920, 24.440937, 0.0)
(45.204548, 24.147890, 0.0)
(45.140759, 24.118530, 0.0)
(45.088573, 24.156454, 0.0)
(45.120232, 24.134251, 0.0)
(45.137791, 24.106968, 0.0)
(45.138985, 24.096725, 0.0)
(45.105213, 24.146505, 0.0)
(45.145603, 24.112064, 0.0)
(45.195114, 24.055605, 0.0)
(45.244930, 24.050844, 0.0)
(45.227985, 24.080206, 0.0)
(45.282410, 23.997437, 0.0)
(45.313995, 23.998508, 0.0)
(45.372322, 24.022833, 0.0)
(45.364090, 24.050701, 0.0)
(45.375313, 23.968805, 0.0)
(45.369190, 23.961739, 0.0)
(45.371048, 23.898621, 0.0)
(45.370010, 23.857645, 0.0)
(45.350101, 23.850483, 0.0)
(45.322910, 23.841496, 0.0)
(45.350101, 23.850483, 0.0)
(45.383698, 23.853729, 0.0)
(45.369110, 23.871655, 0.0)
(45.345406, 23.860920, 0.0)
(45.326794, 23.818243, 0.0)
(45.365025, 23.773340, 0.0)
(45.393784, 23.753656, 0.0)
(45.384613, 23.740381, 0.0)
(45.364376, 23.737627, 0.0)
(45.358864, 23.763754, 0.0)
(45.364090, 23.778999, 0.0)
(45.360340, 23.805880, 0.0)
(45.317631, 23.811743, 0.0)
(42.194275, 24.088556, 0.0)
(33.932724, 21.751894, 0.0)
(34.061016, 21.679342, 0.0)
(34.136749, 21.687328, 0.0)
(34.141361, 21.601145, 0.0)
(34.129349, 21.614513, 0.0)
(34.125870, 21.642803, 0.0)
(34.119362, 21.653854, 0.0)
(34.109482, 21.668344, 0.0)
(34.108711, 21.671137, 0.0)
(34.113560, 21.673988, 0.0)
(34.145966, 21.693943, 0.0)
(34.151424, 21.666151, 0.0)
(34.150204, 21.696831, 0.0)
(34.113392, 21.736094, 0.0)
(34.117535, 21.757372, 0.0)
(33.875309, 21.533619, 0.0)
(33.866177, 21.492073, 0.0)
(33.858295, 21.473894, 0.0)
(33.871750, 21.439825, 0.0)
(33.864994, 21.432215, 0.0)
(33.895885, 21.445932, 0.0)
(33.892437, 21.460588, 0.0)
(33.893841, 21.487122, 0.0)
(33.862831, 21.480677, 0.0)
(33.877831, 21.504646, 0.0)
(33.875881, 21.533728, 0.0)
(33.863823, 21.550869, 0.0)
(33.847469, 21.555193, 0.0)
(33.792492, 21.592287, 0.0)
(33.792683, 21.569109, 0.0)
(33.804073, 21.530748, 0.0)
(33.799503, 21.529510, 0.0)
(33.769112, 21.545738, 0.0)
(33.769798, 21.511406, 0.0)
(33.744884, 21.529860, 0.0)
(30.093719, 22.532934, 0.0)
(29.337648, 22.632370, 0.0)
(29.301991, 22.578125, 0.0)
(29.312567, 22.539145, 0.0)
(28.948729, 22.792578, 0.0)
(28.028971, 22.643559, 0.0)
(28.081539, 22.272726, 0.0)
(28.182013, 22.264227, 0.0)
(28.201504, 22.294456, 0.0)
(28.165117, 22.358862, 0.0)
(28.204363, 22.334822, 0.0)
(28.206488, 22.341829, 0.0)
(28.233139, 22.360655, 0.0)
(28.575211, 22.302916, 0.0)
(28.659958, 22.363451, 0.0)
(28.615353, 22.405861, 0.0)
(28.614355, 22.384249, 0.0)
(28.617432, 22.337023, 0.0)
(28.629856, 22.334667, 0.0)
(28.605564, 22.323351, 0.0)
(28.591688, 22.304007, 0.0)
(28.553970, 22.324526, 0.0)
(28.573181, 22.349024, 0.0)
(28.583799, 22.355371, 0.0)
(28.581305, 22.388163, 0.0)
(28.548878, 22.420717, 0.0)
(28.539968, 22.375280, 0.0)
(28.534088, 22.383589, 0.0)
(28.560329, 22.394022, 0.0)
(28.561605, 22.396473, 0.0)
(28.554283, 22.386227, 0.0)
(28.554585, 22.392637, 0.0)
(28.556732, 22.408100, 0.0)
(28.555674, 22.407394, 0.0)
(28.560268, 22.418079, 0.0)
(30.737478, 22.225309, 0.0)
(41.230339, 23.077856, 0.0)
(39.965889, 21.863537, 0.0)
(39.807404, 21.790508, 0.0)
(39.860172, 21.802011, 0.0)
(39.902729, 21.788206, 0.0)
(39.936764, 21.823456, 0.0)
(39.966667, 21.848879, 0.0)
(40.193405, 21.909004, 0.0)
(40.312122, 22.005367, 0.0)
(40.258369, 22.029270, 0.0)
(40.248302, 22.020401, 0.0)
(40.233597, 21.978498, 0.0)
(40.242283, 22.031277, 0.0)
(40.233658, 22.053535, 0.0)
(40.253582, 22.062975, 0.0)
(40.203979, 22.057682, 0.0)
(40.226013, 22.033682, 0.0)
(40.279297, 21.977659, 0.0)
(40.264343, 21.993296, 0.0)
(40.224865, 21.974558, 0.0)
(40.221817, 21.996511, 0.0)
(40.248562, 22.064037, 0.0)
(40.255653, 22.102819, 0.0)
(40.238308, 22.113592, 0.0)
(40.188648, 22.026922, 0.0)
(40.195683, 22.014776, 0.0)
(40.203613, 21.987074, 0.0)
(40.226265, 21.980152, 0.0)
(40.200039, 21.992382, 0.0)
(40.196060, 22.016096, 0.0)
(40.194012, 22.030081, 0.0)
(40.176605, 22.060633, 0.0)
(40.206928, 22.020456, 0.0)
(40.214363, 22.001841, 0.0)
(40.167263, 22.040941, 0.0)
(40.144760, 22.003344, 0.0)
(40.106735, 21.974552, 0.0)
(33.679646, 29.964109, 0.0)
(33.876194, 30.296503, 0.0)
(33.781414, 30.177109, 0.0)
(33.685852, 30.135117, 0.0)
(33.672581, 30.119064, 0.0)
(33.634815, 30.127520, 0.0)
(33.559410, 31.349243, 0.0)
(33.567039, 31.444685, 0.0)
(33.565403, 31.343321, 0.0)
(33.553719, 31.355389, 0.0)
(33.521484, 31.359026, 0.0)
(33.466244, 31.306799, 0.0)
(33.476929, 31.347639, 0.0)
(33.528404, 31.302122, 0.0)
(33.491356, 31.320778, 0.0)
(33.448067, 31.337320, 0.0)
(33.421940, 31.326216, 0.0)
(33.417767, 31.269541, 0.0)
(33.439293, 31.246189, 0.0)
(33.438946, 31.262098, 0.0)
(33.450935, 31.270634, 0.0)
(33.363613, 31.341185, 0.0)
(33.368156, 31.374825, 0.0)
(33.383244, 31.381786, 0.0)
(33.364765, 31.350187, 0.0)
(33.306347, 31.318344, 0.0)
(33.301998, 31.273312, 0.0)
(33.384800, 31.287102, 0.0)
(33.394936, 31.280212, 0.0)
(33.435955, 31.318983, 0.0)
(33.395576, 31.327179, 0.0)
(33.387390, 31.339848, 0.0)
(33.388123, 31.342194, 0.0)
(33.512680, 31.113791, 0.0)
(36.935143, 22.440247, 0.0)
(36.189053, 21.256388, 0.0)
(36.172932, 20.949778, 0.0)
(36.185822, 21.015547, 0.0)
(36.183117, 21.088997, 0.0)
(36.178852, 21.090231, 0.0)
(36.174328, 21.112041, 0.0)
(36.177780, 21.124161, 0.0)
(36.201340, 21.148764, 0.0)
(36.153461, 21.122862, 0.0)
(36.143799, 21.163300, 0.0)
(36.171871, 21.195288, 0.0)
(36.170906, 21.186359, 0.0)
(36.161110, 21.192144, 0.0)
(36.181801, 21.228014, 0.0)
(36.091831, 21.226250, 0.0)
(36.090179, 21.187464, 0.0)
(36.120594, 21.170307, 0.0)
(36.159508, 21.198578, 0.0)
(36.125195, 21.221014, 0.0)
(36.090321, 21.196003, 0.0)
(36.077480, 21.178167, 0.0)
(36.111221, 21.221548, 0.0)
(36.136677, 21.207998, 0.0)
(36.130280, 21.175894, 0.0)
(36.110836, 21.177694, 0.0)
(36.111965, 21.206907, 0.0)
(36.138729, 21.214668, 0.0)
(36.125042, 21.259125, 0.0)
(36.108372, 21.273743, 0.0)
(36.099762, 21.272081, 0.0)
(36.077209, 21.302242, 0.0)
(36.155945, 21.252701, 0.0)
(36.161606, 21.253117, 0.0)
(36.747818, 21.253105, 0.0)
(45.478439, 24.932743, 0.0)
(45.328060, 24.466957, 0.0)
(45.360893, 24.487335, 0.0)
(45.368671, 24.498207, 0.0)
(45.392029, 24.461092, 0.0)
(45.393875, 24.441769, 0.0)
(45.352528, 24.741171, 0.0)
(45.354454, 24.840866, 0.0)
(45.351265, 24.814508, 0.0)
(45.370689, 24.789074, 0.0)
(45.386066, 24.807495, 0.0)
(45.355076, 24.826269, 0.0)
(45.345936, 24.826788, 0.0)
(45.349934, 24.842968, 0.0)
(45.360245, 24.833376, 0.0)
(45.373299, 24.853432, 0.0)
(45.354195, 24.875910, 0.0)
(45.346054, 24.868952, 0.0)
(45.377075, 24.844538, 0.0)
(45.371487, 24.844460, 0.0)
(45.348701, 24.863041, 0.0)
(45.355194, 24.874315, 0.0)
(45.356335, 24.862295, 0.0)
(45.314735, 24.904297, 0.0)
(45.352226, 24.831102, 0.0)
(45.382332, 24.808819, 0.0)
(45.361542, 24.803110, 0.0)
(45.345070, 24.788897, 0.0)
(45.362404, 24.792225, 0.0)
(45.352844, 24.805391, 0.0)
(45.356743, 24.809134, 0.0)
(45.345402, 24.842520, 0.0)
(45.318474, 24.880047, 0.0)
(42.632023, 24.012247, 0.0)
(42.028435, 23.927559, 0.0)
(41.981174, 23.485140, 0.0)
(42.008602, 23.390230, 0.0)
(42.088772, 23.455172, 0.0)
(42.109768, 23.466139, 0.0)
(42.099422, 23.459255, 0.0)
(42.078693, 23.404007, 0.0)
(42.082317, 23.417929, 0.0)
(42.357449, 23.320442, 0.0)
(42.360916, 23.292652, 0.0)
(42.343334, 23.322075, 0.0)
(42.346348, 23.390266, 0.0)
(42.329548, 23.416483, 0.0)
(42.371574, 23.375340, 0.0)
(42.388489, 23.370356, 0.0)
(42.380894, 23.368614, 0.0)
(42.364876, 23.367329, 0.0)
(42.351078, 23.386698, 0.0)
(42.376465, 23.374989, 0.0)
(42.407112, 23.358133, 0.0)
(42.381599, 23.365263, 0.0)
(42.356865, 23.410543, 0.0)
(42.346352, 23.410297, 0.0)
(42.356884, 23.421438, 0.0)
(42.367481, 23.462849, 0.0)
(42.355183, 23.465794, 0.0)
(42.299648, 23.436182, 0.0)
(42.304665, 23.444456, 0.0)
(42.310810, 23.433783, 0.0)
(42.321098, 23.453756, 0.0)
(42.313751, 23.458303, 0.0)
(42.310223, 23.477402, 0.0)
(42.262989, 23.515747, 0.0)
(42.281670, 23.493698, 0.0)
(42.334599, 23.482437, 0.0)
(42.293533, 23.484287, 0.0)
(42.220428, 23.440199, 0.0)
(41.353836, 24.313620, 0.0)
(38.783592, 26.309502, 0.0)
(37.167397, 27.263052, 0.0)
(37.550060, 27.537102, 0.0)
(37.543892, 27.444160, 0.0)
(37.500546, 27.410454, 0.0)
(37.491341, 27.412430, 0.0)
(36.125614, 27.668886, 0.0)
(32.455822, 27.664560, 0.0)
(32.509026, 27.704927, 0.0)
(32.522259, 27.682590, 0.0)
(32.489769, 27.688498, 0.0)
(32.503326, 27.687218, 0.0)
(32.507462, 27.630835, 0.0)
(32.519131, 27.664726, 0.0)
(32.489101, 27.688162, 0.0)
(32.487545, 27.675207, 0.0)
(32.503597, 27.651281, 0.0)
(32.508865, 27.670925, 0.0)
(32.502430, 27.644045, 0.0)
(32.486610, 27.622034, 0.0)
(32.488285, 27.642548, 0.0)
(32.501217, 27.625450, 0.0)
(32.504883, 27.640848, 0.0)
(32.497322, 27.641081, 0.0)
(32.480602, 27.660866, 0.0)
(32.486309, 27.654604, 0.0)
(32.437710, 27.686552, 0.0)
(32.471920, 27.601313, 0.0)
(32.489906, 27.528252, 0.0)
(32.472919, 27.547638, 0.0)
(32.455231, 27.541655, 0.0)
(32.467789, 27.538015, 0.0)
(32.448933, 27.530365, 0.0)
(32.494743, 27.603336, 0.0)
(32.462315, 27.632029, 0.0)
(32.419033, 27.645643, 0.0)
(32.400555, 27.665340, 0.0)
(32.423038, 27.643047, 0.0)
(32.420410, 27.593988, 0.0)
(32.461895, 27.528063, 0.0)
(37.150345, 25.760744, 0.0)
(41.358757, 25.316275, 0.0)
(41.296906, 25.460638, 0.0)
(41.207672, 25.425686, 0.0)
(41.225582, 25.353315, 0.0)
(44.371830, 26.958071, 0.0)
(44.793106, 27.130741, 0.0)
(44.765770, 27.102980, 0.0)
(44.735661, 27.058577, 0.0)
(44.772560, 27.064207, 0.0)
(44.769352, 27.084766, 0.0)
(44.716423, 27.115440, 0.0)
(44.701500, 27.156668, 0.0)
(44.840298, 27.657436, 0.0)
(44.710796, 28.769939, 0.0)
(44.698139, 28.777493, 0.0)
(44.730602, 28.728039, 0.0)
(44.745510, 28.725615, 0.0)
(44.753136, 28.710905, 0.0)
(44.744316, 28.708229, 0.0)
(44.744228, 28.649780, 0.0)
(44.742310, 28.623720, 0.0)
(44.726452, 28.640879, 0.0)
(44.720795, 28.629133, 0.0)
(44.725292, 28.564003, 0.0)
(44.740509, 28.572292, 0.0)
(44.743309, 28.575840, 0.0)
(44.722980, 28.569193, 0.0)
(44.703197, 28.563988, 0.0)
(44.677021, 28.574183, 0.0)
(44.681828, 28.562874, 0.0)
(44.664265, 28.549089, 0.0)
(44.653484, 28.539124, 0.0)
(44.448208, 27.647526, 0.0)
(44.128132, 25.065063, 0.0)
(44.151798, 24.804556, 0.0)
(44.194592, 24.981022, 0.0)
(44.256817, 24.994221, 0.0)
(44.253078, 24.980968, 0.0)
(44.236530, 24.804001, 0.0)
(44.213974, 24.552750, 0.0)
(44.229771, 24.571798, 0.0)
(44.249382, 24.596327, 0.0)
(44.227028, 24.635412, 0.0)
(44.230083, 24.654730, 0.0)
(44.208836, 24.647104, 0.0)
(44.226940, 24.624414, 0.0)
(44.241447, 24.607986, 0.0)
(44.234154, 24.612690, 0.0)
(44.217949, 24.628836, 0.0)
(44.247765, 24.662127, 0.0)
(44.163719, 24.422100, 0.0)
(44.147976, 24.423590, 0.0)
(44.198223, 24.393476, 0.0)
(44.214420, 24.404589, 0.0)
(44.170792, 24.393030, 0.0)
(44.148235, 24.418461, 0.0)
(44.145580, 24.379799, 0.0)
(44.159927, 24.380140, 0.0)
(44.152370, 24.394287, 0.0)
(44.123032, 24.448603, 0.0)
(44.103794, 24.471237, 0.0)
(44.085358, 24.431847, 0.0)
(44.080849, 24.386229, 0.0)
(44.096569, 24.412708, 0.0)
(44.098877, 24.430611, 0.0)
(44.080925, 24.463736, 0.0)
(44.043541, 24.482038, 0.0)
(44.065117, 24.479435, 0.0)
(44.084465, 24.446505, 0.0)
(44.077042, 24.445354, 0.0)
(43.138618, 25.030207, 0.0)
(34.716122, 25.928740, 0.0)
(33.220085, 25.794333, 0.0)
(33.097942, 25.382416, 0.0)
(33.080959, 25.328154, 0.0)
(33.084206, 25.288319, 0.0)
(33.042183, 25.369947, 0.0)
(30.593630, 28.623055, 0.0)
(30.537046, 28.796066, 0.0)
(30.514565, 28.694923, 0.0)
(30.500244, 28.704247, 0.0)
(30.443487, 28.686922, 0.0)
(30.415297, 28.725681, 0.0)
(29.614697, 29.191252, 0.0)
(29.624029, 29.236128, 0.0)
(29.686295, 29.175026, 0.0)
(29.637213, 29.148027, 0.0)
(29.641708, 29.159193, 0.0)
(29.650524, 29.134460, 0.0)
(29.658514, 29.169107, 0.0)
(29.626108, 29.123604, 0.0)
(29.572351, 29.116261, 0.0)
(29.557810, 29.060282, 0.0)
(29.569756, 29.020929, 0.0)
(29.569162, 29.002550, 0.0)
(29.590937, 29.033775, 0.0)
(29.550085, 29.035170, 0.0)
(29.522867, 29.050093, 0.0)
(29.543339, 29.061293, 0.0)
(29.596643, 29.045311, 0.0)
(29.563654, 29.016775, 0.0)
(29.527262, 28.977962, 0.0)
(29.564756, 29.012106, 0.0)
(29.611763, 28.990273, 0.0)
(29.642893, 28.989975, 0.0)
(29.600031, 29.004679, 0.0)
(30.613224, 26.816231, 0.0)
(31.934341, 24.019222, 0.0)
(31.944761, 23.160379, 0.0)
(31.677176, 22.686131, 0.0)
(31.560326, 22.947258, 0.0)
(0.000000, 0.000000, 1.0)
(32.197483, 23.524935, 0.0)
(31.898794, 22.854483, 0.0)
(31.825237, 22.754559, 0.0)
(31.792034, 22.775808, 0.0)
(31.811655, 22.795115, 0.0)
(31.807968, 22.805645, 0.0)
(31.795355, 22.825315, 0.0)
(31.819820, 22.832874, 0.0)
(32.096382, 22.736469, 0.0)
(32.120583, 22.757696, 0.0)
(32.120899, 22.798414, 0.0)
(32.138294, 22.830706, 0.0)
(32.116428, 22.841015, 0.0)
(32.110779, 22.810888, 0.0)
(32.141533, 22.765635, 0.0)
(32.151070, 22.767117, 0.0)
(32.126389, 22.765232, 0.0)
(32.123531, 22.757385, 0.0)
(32.143402, 22.760889, 0.0)
(32.141087, 22.777554, 0.0)
(32.153515, 22.793257, 0.0)
(32.116825, 22.845785, 0.0)
(32.099907, 22.889360, 0.0)
(32.112793, 22.902000, 0.0)
(32.128292, 22.885292, 0.0)
(32.134842, 22.877451, 0.0)
(32.131592, 22.861284, 0.0)
(32.108948, 22.852819, 0.0)
(34.213207, 22.937536, 0.0)
(41.364216, 26.804098, 0.0)
(40.884811, 25.677715, 0.0)
(40.889122, 25.309650, 0.0)
(40.999920, 25.393917, 0.0)
(41.093376, 25.418879, 0.0)
(41.097584, 25.428688, 0.0)
(41.046825, 25.485357, 0.0)
(40.637577, 25.379564, 0.0)
(40.684288, 25.345825, 0.0)
(40.706516, 25.326920, 0.0)
(40.701542, 25.305855, 0.0)
(40.680370, 25.299799, 0.0)
(40.630657, 25.321220, 0.0)
(40.688194, 25.313581, 0.0)
(40.697926, 25.312866, 0.0)
(40.681641, 25.342833, 0.0)
(40.647346, 25.286942, 0.0)
(40.614250, 25.298649, 0.0)
(40.638275, 25.341152, 0.0)
(40.655899, 25.337013, 0.0)
(40.604748, 25.335815, 0.0)
(40.572830, 25.338985, 0.0)
(40.577053, 25.350088, 0.0)
(40.612278, 25.341578, 0.0)
(40.609856, 25.358902, 0.0)
(40.586353, 25.352789, 0.0)
(40.573025, 25.339922, 0.0)
(40.575878, 25.331160, 0.0)
(40.596661, 25.311953, 0.0)
(40.603374, 25.261185, 0.0)
(40.567051, 25.247692, 0.0)
(40.549500, 25.249008, 0.0)
(40.534740, 25.237101, 0.0)
(40.539658, 25.240763, 0.0)
(40.529453, 25.173964, 0.0)
(39.610184, 23.739182, 0.0)
(38.053730, 19.698395, 0.0)
(37.735802, 19.096565, 0.0)
(37.697868, 18.976274, 0.0)
(37.679649, 18.993242, 0.0)
(37.679306, 18.979212, 0.0)
(37.739838, 18.965876, 0.0)
(37.771931, 18.962576, 0.0)
(37.758430, 19.007509, 0.0)
(37.725201, 19.021679, 0.0)
(37.738415, 19.005795, 0.0)
(37.754219, 19.004307, 0.0)
(37.791328, 19.030947, 0.0)
(37.788681, 19.033049, 0.0)
(37.751270, 18.993395, 0.0)
(37.770992, 19.011642, 0.0)
(37.784210, 18.982931, 0.0)
(37.802662, 18.979963, 0.0)
(37.783466, 18.978390, 0.0)
(37.752850, 19.027948, 0.0)
(37.736038, 19.028906, 0.0)
(37.757954, 19.029131, 0.0)
(37.815502, 19.057850, 0.0)
(37.745647, 19.052809, 0.0)
(37.713196, 19.034113, 0.0)
(37.721668, 19.011076, 0.0)
(37.757668, 19.063435, 0.0)
(37.748753, 19.087332, 0.0)
(37.726105, 19.099022, 0.0)
(37.664497, 19.078205, 0.0)
(37.698849, 19.052683, 0.0)
(37.700558, 19.018950, 0.0)
(37.711067, 19.009331, 0.0)
(37.723114, 19.001980, 0.0)
(40.851276, 19.689579, 0.0)
(44.196106, 20.743628, 0.0)
(44.251938, 20.732182, 0.0)
(44.214161, 20.689230, 0.0)
(44.174171, 20.692356, 0.0)
(44.124924, 21.461870, 0.0)
(44.301739, 21.022980, 0.0)
(44.088718, 20.222364, 0.0)
(44.068592, 20.114019, 0.0)
(44.115608, 20.183466, 0.0)
(44.128983, 20.191889, 0.0)
(44.326900, 20.563774, 0.0)
(44.355179, 20.632809, 0.0)
(44.375225, 20.599133, 0.0)
(44.355156, 20.646511, 0.0)
(44.336254, 20.636435, 0.0)
(44.333569, 20.620422, 0.0)
(44.350605, 20.596672, 0.0)
(44.372910, 20.589115, 0.0)
(44.335049, 20.580700, 0.0)
(44.307560, 20.588171, 0.0)
(44.318558, 20.601507, 0.0)
(44.336262, 20.607922, 0.0)
(44.315769, 20.618820, 0.0)
(44.347481, 20.607656, 0.0)
(44.295364, 20.598440, 0.0)
(44.256138, 20.584616, 0.0)
(44.316170, 20.581846, 0.0)
(44.317505, 20.577175, 0.0)
(44.271790, 20.609272, 0.0)
(44.236340, 20.576279, 0.0)
(44.243382, 20.581781, 0.0)
(44.254414, 20.577318, 0.0)
(44.271770, 20.597023, 0.0)
(43.239983, 21.325701, 0.0)
(43.854645, 23.487310, 0.0)
(43.541862, 22.299013, 0.0)
(43.537636, 22.023432, 0.0)
(43.592285, 22.095768, 0.0)
(43.564571, 22.100552, 0.0)
(43.585217, 22.072678, 0.0)
(43.642082, 22.055714, 0.0)
(43.625469, 22.059719, 0.0)
(43.607361, 22.057384, 0.0)
(43.576973, 22.057568, 0.0)
(43.593422, 22.113260, 0.0)
(43.615128, 22.133724, 0.0)
(43.601696, 22.157978, 0.0)
(43.590721, 22.195761, 0.0)
(43.582245, 22.157114, 0.0)
(43.607925, 22.173042, 0.0)
(43.611401, 22.115976, 0.0)
(43.615303, 22.106800, 0.0)
(43.609711, 22.096003, 0.0)
(43.601887, 22.084736, 0.0)
(43.610371, 22.133015, 0.0)
(43.598103, 22.145372, 0.0)
(43.620953, 22.142696, 0.0)
(43.622772, 22.151739, 0.0)
(43.592243, 22.208181, 0.0)
(43.551460, 22.181644, 0.0)
(43.592113, 22.174753, 0.0)
(43.614021, 22.211788, 0.0)
(43.614704, 22.233875, 0.0)
(43.562401, 22.260639, 0.0)
(43.526169, 22.224335, 0.0)
(43.543789, 22.239433, 0.0)
(43.543507, 22.248241, 0.0)
(43.528774, 22.250420, 0.0)
(43.524551, 22.292467, 0.0)
(42.073360, 22.544186, 0.0)
(33.977524, 28.232683, 0.0)
(32.079243, 29.061722, 0.0)
(32.531521, 29.272995, 0.0)
(32.586960, 29.249374, 0.0)
(32.574203, 29.218718, 0.0)
(32.532219, 29.198006, 0.0)
(32.494225, 29.194399, 0.0)
(32.476059, 29.201605, 0.0)
(32.465561, 29.219795, 0.0)
(32.699844, 28.863274, 0.0)
(32.675629, 28.782789, 0.0)
(32.655064, 28.752945, 0.0)
(32.639343, 28.724010, 0.0)
(32.658340, 28.734341, 0.0)
(32.657051, 28.714634, 0.0)
(32.686825, 28.722637, 0.0)
(32.663731, 28.691320, 0.0)
(32.652573, 28.703892, 0.0)
(32.678013, 28.709658, 0.0)
(32.669186, 28.691704, 0.0)
(32.647507, 28.738962, 0.0)
(32.659573, 28.657026, 0.0)
(32.642384, 28.646118, 0.0)
(32.661430, 27.166033, 0.0)
(32.454617, 26.162809, 0.0)
(32.430714, 26.130245, 0.0)
(32.418690, 26.218792, 0.0)
(32.391075, 26.276995, 0.0)
(32.401169, 26.271801, 0.0)
(32.375313, 26.296434, 0.0)
(32.352661, 26.310070, 0.0)
(32.356312, 26.291296, 0.0)
(32.358082, 26.296097, 0.0)
(32.374668, 26.298531, 0.0)
(32.384377, 26.284950, 0.0)
(32.436016, 26.246460, 0.0)
(32.709335, 30.880112, 0.0)
(32.866383, 30.207682, 0.0)
(32.878662, 29.715393, 0.0)
(32.942184, 29.761036, 0.0)
(32.818390, 29.735180, 0.0)
(32.780460, 29.699184, 0.0)
(32.958767, 29.802052, 0.0)
(33.048866, 30.008968, 0.0)
(33.017342, 30.028740, 0.0)
(32.992741, 30.009960, 0.0)
(32.999874, 30.013494, 0.0)
(33.015430, 30.093071, 0.0)
(32.947952, 30.088247, 0.0)
(32.955307, 30.023973, 0.0)
(32.946785, 30.027470, 0.0)
(32.921616, 30.011503, 0.0)
(32.914803, 30.002745, 0.0)
(32.943680, 30.037926, 0.0)
(32.956070, 30.059668, 0.0)
(32.933239, 30.037107, 0.0)
(32.910244, 30.095251, 0.0)
(32.899170, 30.111629, 0.0)
(32.869576, 30.068581, 0.0)
(32.909966, 29.949152, 0.0)
(32.887863, 29.919806, 0.0)
(32.876118, 29.959528, 0.0)
(32.884212, 29.976156, 0.0)
(32.839073, 30.037855, 0.0)
(32.853241, 30.080790, 0.0)
(32.889866, 30.104275, 0.0)
(32.885262, 30.081654, 0.0)
(32.862873, 30.079638, 0.0)
(32.805904, 30.076971, 0.0)
(32.776005, 30.056574, 0.0)
(35.255341, 30.135077, 0.0)
(38.997242, 28.494228, 0.0)
(38.870529, 27.988680, 0.0)
(38.983036, 27.929216, 0.0)
(38.997425, 27.974607, 0.0)
(38.962891, 27.946140, 0.0)
(38.981846, 27.926735, 0.0)
(38.980995, 27.908175, 0.0)
(38.987228, 27.906300, 0.0)
(39.047249, 27.852118, 0.0)
(39.061794, 27.834787, 0.0)
(39.030930, 27.863535, 0.0)
(39.017300, 27.880329, 0.0)
(39.012653, 27.879108, 0.0)
(39.051785, 27.879057, 0.0)
(39.062695, 27.906023, 0.0)
(39.040684, 27.915062, 0.0)
(39.035206, 27.906294, 0.0)
(39.022602, 27.883152, 0.0)
(39.033108, 27.871614, 0.0)
(39.042564, 27.856411, 0.0)
(39.062916, 27.899380, 0.0)
(39.048546, 27.893579, 0.0)
(39.022327, 27.911175, 0.0)
(39.006321, 27.922977, 0.0)
(39.043526, 27.838970, 0.0)
(39.053783, 27.804424, 0.0)
(39.025494, 27.751240, 0.0)
(39.020741, 27.733711, 0.0)
(38.991604, 27.783716, 0.0)
(39.018326, 27.852465, 0.0)
(39.032925, 27.882051, 0.0)
(39.025074, 27.925280, 0.0)
(39.023426, 27.968817, 0.0)
(39.014175, 27.957617, 0.0)
(38.897057, 28.243296, 0.0)
(43.422234, 21.929874, 0.0)
(43.309090, 21.397869, 0.0)
(43.325340, 21.403109, 0.0)
(43.395050, 21.474644, 0.0)
(43.440311, 21.488295, 0.0)
(43.413506, 21.426897, 0.0)
(43.401340, 21.386745, 0.0)
(43.423203, 21.394266, 0.0)
(43.450809, 21.428921, 0.0)
(43.396717, 21.428976, 0.0)
(43.411270, 21.406355, 0.0)
(43.417679, 21.427610, 0.0)
(43.416931, 21.402826, 0.0)
(43.438572, 21.444853, 0.0)
(43.439266, 21.406088, 0.0)
(43.400188, 21.362736, 0.0)
(43.363064, 21.373735, 0.0)
(43.432751, 21.360901, 0.0)
(43.465614, 21.301434, 0.0)
(43.437256, 21.279404, 0.0)
(43.365448, 21.259439, 0.0)
(43.371353, 21.243853, 0.0)
(43.392174, 21.262632, 0.0)
(43.456371, 21.295261, 0.0)
(43.405949, 21.313263, 0.0)
(43.334915, 21.328115, 0.0)
(43.353123, 21.376055, 0.0)
(43.390820, 21.364122, 0.0)
(43.405514, 21.319504, 0.0)
(43.435806, 21.320158, 0.0)
(43.401100, 21.361439, 0.0)
(43.357891, 21.394096, 0.0)
(43.365154, 21.382418, 0.0)
(43.416195, 21.383371, 0.0)
(43.404724, 21.403807, 0.0)
(44.001434, 21.809561, 0.0)
(44.671337, 22.330105, 0.0)
(44.710487, 22.332308, 0.0)
(44.627975, 22.600683, 0.0)
(45.034199, 23.060005, 0.0)
(44.875469, 22.660305, 0.0)
(44.833290, 22.666561, 0.0)
(44.871777, 22.633530, 0.0)
(44.903000, 22.636459, 0.0)
(44.884666, 22.610636, 0.0)
(44.882046, 22.629499, 0.0)
(44.909580, 22.637232, 0.0)
(44.920864, 22.685041, 0.0)
(44.903679, 22.723824, 0.0)
(44.871674, 22.749277, 0.0)
(44.886219, 22.754271, 0.0)
(44.905643, 22.696363, 0.0)
(44.916473, 22.694305, 0.0)
(44.887058, 22.725124, 0.0)
(44.866615, 22.718054, 0.0)
(44.877007, 22.720512, 0.0)
(44.897263, 22.703259, 0.0)
(44.924122, 22.661375, 0.0)
(44.941769, 22.593531, 0.0)
(44.924076, 22.575140, 0.0)
(44.939419, 22.573885, 0.0)
(44.957504, 22.591501, 0.0)
(44.909306, 22.640150, 0.0)
(44.909271, 22.672331, 0.0)
(44.900402, 22.697800, 0.0)
(44.883377, 22.693958, 0.0)
(44.886425, 22.698961, 0.0)
(44.857174, 22.728748, 0.0)
(44.829582, 22.705086, 0.0)
(44.814072, 22.684479, 0.0)
(44.809250, 22.684174, 0.0)
(44.774586, 23.137711, 0.0)
(44.696190, 26.540157, 0.0)
(44.407188, 28.252216, 0.0)
(44.326836, 28.374798, 0.0)
(44.269520, 28.231480, 0.0)
(44.054478, 30.165802, 0.0)
(44.011150, 29.043343, 0.0)
(44.017952, 28.879663, 0.0)
(44.052441, 28.930250, 0.0)
(44.045380, 28.962473, 0.0)
(44.071537, 28.963236, 0.0)
(44.088921, 28.949461, 0.0)
(44.083073, 28.935427, 0.0)
(44.084354, 28.961573, 0.0)
(44.083591, 28.983501, 0.0)
(44.056412, 28.997421, 0.0)
(44.058990, 28.993704, 0.0)
(44.095173, 28.949711, 0.0)
(44.096375, 28.953846, 0.0)
(44.081589, 28.943758, 0.0)
(44.079494, 28.933920, 0.0)
(44.101852, 28.916677, 0.0)
(44.115944, 28.924730, 0.0)
(44.097340, 28.923229, 0.0)
(44.083935, 28.930893, 0.0)
(44.083313, 28.942024, 0.0)
(44.098846, 28.927288, 0.0)
(44.097389, 28.897902, 0.0)
(44.100525, 28.896782, 0.0)
(44.103462, 28.894173, 0.0)
(44.086102, 28.885983, 0.0)
(44.083168, 28.875929, 0.0)
(44.107948, 28.847466, 0.0)
(44.107384, 28.814392, 0.0)
(44.081944, 28.824705, 0.0)
(44.040138, 28.803234, 0.0)
(46.316631, 29.562811, 0.0)
(46.153675, 28.967108, 0.0)
(46.182220, 28.902254, 0.0)
(46.208729, 28.922062, 0.0)
(46.200974, 28.915583, 0.0)
(46.169479, 28.888311, 0.0)
(46.174522, 28.904320, 0.0)
(46.177101, 28.920786, 0.0)
(46.185310, 28.932266, 0.0)
(46.206028, 28.864759, 0.0)
(46.179863, 28.818010, 0.0)
(46.169353, 28.848339, 0.0)
(46.146736, 28.885435, 0.0)
(46.126629, 28.875851, 0.0)
(46.118053, 28.872684, 0.0)
(46.135067, 28.905495, 0.0)
(46.123123, 28.906538, 0.0)
(46.104694, 28.853212, 0.0)
(46.105061, 28.823921, 0.0)
(46.118389, 28.843622, 0.0)
(46.144222, 28.893341, 0.0)
(46.118969, 28.881395, 0.0)
(46.125793, 28.896011, 0.0)
(46.115105, 28.929596, 0.0)
(46.145218, 28.975882, 0.0)
(46.139915, 28.918217, 0.0)
(46.110153, 28.873537, 0.0)
(46.102539, 28.829767, 0.0)
(46.089153, 28.815172, 0.0)
(46.109844, 28.830111, 0.0)
(46.125092, 28.807119, 0.0)
(46.101360, 28.804035, 0.0)
(46.052673, 28.819765, 0.0)
(45.593662, 28.567541, 0.0)
(31.090454, 23.958836, 0.0)
(29.169920, 23.893766, 0.0)
(29.499773, 23.411997, 0.0)
(29.666185, 23.421978, 0.0)
(29.694082, 23.437048, 0.0)
(29.360071, 23.677078, 0.0)
(28.879898, 23.932764, 0.0)
(28.904512, 23.890261, 0.0)
(28.914488, 23.848589, 0.0)
(28.930025, 23.833679, 0.0)
(28.955870, 23.842743, 0.0)
(28.949762, 23.871855, 0.0)
(28.922600, 23.980635, 0.0)
(28.926352, 24.093487, 0.0)
(28.903282, 24.262136, 0.0)
(28.893667, 24.367592, 0.0)
(28.910530, 24.447491, 0.0)
(28.934372, 24.515062, 0.0)
(28.905582, 24.603027, 0.0)
(29.180786, 24.446276, 0.0)
(30.503460, 23.520493, 0.0)
(30.588507, 23.445831, 0.0)
(30.512085, 23.442009, 0.0)
(30.453146, 23.492651, 0.0)
(30.440084, 23.463306, 0.0)
(30.433586, 23.431255, 0.0)
(30.445705, 23.456478, 0.0)
(30.437237, 23.467207, 0.0)
(30.401955, 23.443359, 0.0)
(30.424143, 23.394526, 0.0)
(30.464100, 23.360977, 0.0)
(30.473522, 23.337996, 0.0)
(30.481228, 23.361927, 0.0)
(30.488443, 23.370514, 0.0)
(30.712326, 23.179338, 0.0)
(31.738430, 22.331656, 0.0)
(31.794380, 22.258890, 0.0)
(31.779491, 22.255840, 0.0)
(31.699686, 22.174406, 0.0)
(32.076519, 24.255678, 0.0)
(32.226074, 23.144407, 0.0)
(32.000000, 22.239180, 0.0)
(31.727682, 21.829803, 0.0)
(31.691208, 21.876995, 0.0)
(31.733282, 21.903318, 0.0)
(31.729624, 21.895515, 0.0)
(31.734966, 21.901474, 0.0)
(31.770460, 21.880682, 0.0)
(31.769768, 21.895041, 0.0)
(31.763025, 21.904163, 0.0)
(31.807314, 21.886616, 0.0)
(31.815434, 21.914972, 0.0)
(31.783144, 21.922924, 0.0)
(31.755655, 21.902996, 0.0)
(31.781916, 21.906570, 0.0)
(31.815029, 21.921255, 0.0)
(31.780209, 21.986792, 0.0)
(31.748384, 22.012367, 0.0)
(31.766100, 22.021488, 0.0)
(32.070179, 21.992733, 0.0)
(32.698986, 22.141787, 0.0)
(32.719231, 22.151993, 0.0)
(32.710888, 22.173763, 0.0)
(32.737316, 22.220669, 0.0)
(32.698311, 22.298368, 0.0)
(32.746384, 22.257929, 0.0)
(32.759521, 22.245014, 0.0)
(32.742825, 22.235395, 0.0)
(32.732094, 22.208349, 0.0)
(32.700546, 22.206783, 0.0)
(32.308792, 22.425394, 0.0)
(30.749561, 23.390060, 0.0)
(30.699800, 23.380877, 0.0)
(30.699160, 23.297010, 0.0)
(30.686705, 23.329161, 0.0)
(30.712154, 23.325460, 0.0)
(30.745247, 23.305384, 0.0)
(30.769197, 23.301432, 0.0)
(30.807417, 23.261681, 0.0)
(30.755199, 23.253258, 0.0)
(30.737642, 23.293129, 0.0)
(30.782804, 23.274271, 0.0)
(30.762899, 23.321100, 0.0)
(30.725080, 23.359833, 0.0)
(30.709780, 23.368279, 0.0)
(30.708931, 23.365595, 0.0)
(30.714594, 23.336798, 0.0)
(30.717031, 23.333323, 0.0)
(30.706423, 23.383532, 0.0)
(30.675278, 23.296417, 0.0)
(30.674007, 23.276308, 0.0)
(30.692390, 23.286314, 0.0)
(30.689655, 23.327852, 0.0)
(30.713833, 23.357729, 0.0)
(30.690641, 23.407398, 0.0)
(30.698021, 23.319267, 0.0)
(30.749641, 23.232357, 0.0)
(30.754942, 23.226633, 0.0)
(30.733809, 23.229515, 0.0)
(30.709021, 23.237787, 0.0)
(30.725670, 23.261156, 0.0)
(30.758781, 23.648657, 0.0)
(30.729752, 23.853371, 0.0)
(30.703867, 23.844948, 0.0)
(30.702530, 23.839327, 0.0)
(30.698711, 23.836025, 0.0)
(30.699451, 23.838406, 0.0)
(30.742693, 23.830595, 0.0)
(35.825130, 23.414011, 0.0)
(37.165001, 24.663792, 0.0)
(37.632717, 25.650982, 0.0)
(36.705841, 24.813637, 0.0)
(36.578793, 24.442623, 0.0)
(36.578831, 24.350315, 0.0)
(36.553398, 24.857582, 0.0)
(36.897835, 25.648193, 0.0)
(36.559673, 24.585964, 0.0)
(36.464382, 23.983444, 0.0)
(36.491791, 23.843941, 0.0)
(36.570854, 23.965061, 0.0)
(36.533154, 23.989492, 0.0)
(36.489002, 24.090607, 0.0)
(36.549618, 24.089489, 0.0)
(36.582630, 24.042034, 0.0)
(36.566139, 24.064360, 0.0)
(36.544708, 24.049965, 0.0)
(36.545929, 24.017906, 0.0)
(36.571209, 24.032150, 0.0)
(36.585686, 24.054073, 0.0)
(36.548599, 24.062513, 0.0)
(36.513954, 24.066378, 0.0)
(36.525162, 24.054340, 0.0)
(36.559708, 24.146339, 0.0)
(36.591171, 24.163544, 0.0)
(36.574360, 24.189507, 0.0)
(36.475895, 24.194036, 0.0)
(36.502674, 24.203747, 0.0)
(36.565056, 24.207966, 0.0)
(36.551163, 24.276529, 0.0)
(36.526470, 24.223940, 0.0)
(36.457493, 24.239014, 0.0)
(36.504822, 24.242718, 0.0)
(40.117241, 24.647793, 0.0)
(41.898956, 25.616701, 0.0)
(41.900204, 25.726219, 0.0)
(42.716682, 27.240452, 0.0)
(42.519634, 26.414059, 0.0)
(42.615192, 26.279997, 0.0)
(42.702366, 26.293682, 0.0)
(42.715824, 26.348696, 0.0)
(42.699188, 26.368305, 0.0)
(42.666729, 26.374609, 0.0)
(42.682411, 26.390257, 0.0)
(42.702896, 26.423437, 0.0)
(42.693573, 26.430956, 0.0)
(42.680313, 26.458071, 0.0)
(42.671509, 26.461414, 0.0)
(42.688152, 26.424988, 0.0)
(42.722862, 26.465549, 0.0)
(42.751301, 26.469625, 0.0)
(42.707371, 26.452032, 0.0)
(42.683571, 26.450674, 0.0)
(42.713493, 26.440765, 0.0)
(42.731739, 26.430134, 0.0)
(42.709057, 26.418354, 0.0)
(42.701546, 26.405346, 0.0)
(42.686523, 26.398262, 0.0)
(42.735741, 26.405287, 0.0)
(42.758904, 26.429810, 0.0)
(42.697353, 26.414114, 0.0)
(42.644787, 26.437433, 0.0)
(42.638699, 26.407543, 0.0)
(42.676826, 26.428812, 0.0)
(42.671120, 26.415419, 0.0)
(42.672813, 26.403790, 0.0)
(42.642303, 26.442005, 0.0)
(42.638088, 26.448740, 0.0)
(42.688602, 26.352879, 0.0)
(42.615982, 26.325319, 0.0)
(29.324965, 23.450693, 0.0)
(29.457903, 22.914406, 0.0)
(29.575016, 22.870836, 0.0)
(29.610498, 22.838898, 0.0)
(29.319300, 23.032179, 0.0)
(28.778704, 23.202063, 0.0)
(28.843754, 23.144117, 0.0)
(28.902205, 23.080477, 0.0)
(28.877024, 23.054501, 0.0)
(28.852379, 23.037870, 0.0)
(28.889889, 23.039333, 0.0)
(28.909607, 23.078243, 0.0)
(28.872307, 23.134680, 0.0)
(28.861294, 23.139750, 0.0)
(28.857220, 23.154894, 0.0)
(28.853712, 23.114117, 0.0)
(28.848207, 23.100033, 0.0)
(28.837925, 23.085690, 0.0)
(28.835117, 23.104927, 0.0)
(28.839760, 23.116446, 0.0)
(28.839941, 23.114136, 0.0)
(28.821533, 23.214880, 0.0)
(28.834415, 23.246962, 0.0)
(28.823639, 23.245178, 0.0)
(28.789270, 23.253731, 0.0)
(28.807360, 23.187990, 0.0)
(28.860157, 23.130793, 0.0)
(28.820963, 23.133720, 0.0)
(28.784410, 23.110155, 0.0)
(28.775763, 23.143414, 0.0)
(28.782290, 23.174774, 0.0)
(28.808216, 23.193125, 0.0)
(28.806654, 23.189308, 0.0)
(28.771210, 23.158312, 0.0)
(28.698996, 23.225714, 0.0)
(37.720764, 25.111242, 0.0)
(41.115639, 25.851831, 0.0)
(42.264423, 27.147726, 0.0)
(42.229881, 27.057987, 0.0)
(42.153744, 26.993107, 0.0)
(42.162853, 26.961603, 0.0)
(42.186264, 26.958050, 0.0)
(42.193531, 26.957445, 0.0)
(42.183426, 26.914711, 0.0)
(42.175533, 26.901905, 0.0)
(43.718082, 27.287603, 0.0)
(43.904953, 27.327675, 0.0)
(43.868263, 27.350796, 0.0)
(43.839981, 27.369326, 0.0)
(43.866783, 27.384464, 0.0)
(43.879051, 27.385674, 0.0)
(43.879707, 27.370565, 0.0)
(43.873566, 27.351295, 0.0)
(43.878929, 27.316481, 0.0)
(43.879456, 27.332636, 0.0)
(43.848202, 27.336157, 0.0)
(43.884953, 27.296852, 0.0)
(43.885735, 27.318024, 0.0)
(43.871044, 27.369249, 0.0)
(43.865513, 27.366108, 0.0)
(43.854095, 27.366426, 0.0)
(43.874779, 27.396193, 0.0)
(43.879845, 27.378561, 0.0)
(43.849247, 27.347076, 0.0)
(43.796539, 27.356546, 0.0)
(43.816807, 27.364000, 0.0)
(43.827549, 27.324577, 0.0)
(43.812237, 27.316833, 0.0)
(43.803246, 27.317751, 0.0)
(43.804142, 27.338844, 0.0)
(42.464962, 27.100471, 0.0)
(36.901627, 26.034407, 0.0)
(36.819599, 25.556381, 0.0)
(36.773506, 25.365124, 0.0)
(36.754040, 25.468552, 0.0)
(36.751812, 25.476294, 0.0)
(36.756023, 25.451805, 0.0)
(36.726524, 25.456760, 0.0)
(36.720207, 25.459446, 0.0)
(36.730934, 25.461042, 0.0)
(36.753685, 25.394873, 0.0)
(36.769413, 25.369799, 0.0)
(36.732037, 25.418404, 0.0)
(36.748211, 25.433338, 0.0)
(36.731014, 25.450275, 0.0)
(36.665363, 25.455593, 0.0)
(36.633533, 25.402388, 0.0)
(36.658043, 25.365812, 0.0)
(36.677849, 25.341803, 0.0)
(36.674236, 25.291414, 0.0)
(36.663059, 25.272984, 0.0)
(36.665821, 25.274019, 0.0)
(36.650726, 25.262995, 0.0)
(36.558952, 25.188248, 0.0)
(36.529217, 25.148836, 0.0)
(36.583172, 25.096611, 0.0)
(36.634808, 25.058414, 0.0)
(36.644909, 25.059998, 0.0)
(36.599674, 25.050798, 0.0)
(36.590221, 25.060762, 0.0)
(36.569756, 25.132782, 0.0)
(36.579441, 25.125162, 0.0)
(36.594852, 25.064873, 0.0)
(36.593506, 25.028095, 0.0)
(36.571209, 25.007586, 0.0)
(37.016533, 25.065308, 0.0)
(41.935062, 26.418129, 0.0)
(42.558018, 26.994129, 0.0)
(42.437927, 28.352219, 0.0)
(42.370632, 27.298624, 0.0)
(42.389610, 26.991838, 0.0)
(42.403175, 26.974117, 0.0)
(42.434143, 27.114302, 0.0)
(42.431450, 27.206001, 0.0)
(42.458694, 27.248213, 0.0)
(42.525085, 27.241419, 0.0)
(42.574387, 27.312344, 0.0)
(42.549248, 27.329998, 0.0)
(42.559746, 27.305626, 0.0)
(42.537842, 27.288927, 0.0)
(42.549725, 27.266008, 0.0)
(42.562943, 27.295624, 0.0)
(42.518520, 27.268831, 0.0)
(42.498020, 27.239408, 0.0)
(42.530445, 27.282600, 0.0)
(42.544598, 27.282091, 0.0)
(42.549644, 27.315901, 0.0)
(42.583069, 27.325731, 0.0)
(42.566067, 27.335651, 0.0)
(42.564491, 27.292521, 0.0)
(42.581234, 27.295782, 0.0)
(42.588394, 27.308582, 0.0)
(42.549580, 27.301630, 0.0)
(42.515869, 27.262442, 0.0)
(42.532173, 27.325716, 0.0)
(42.560783, 27.361420, 0.0)
(42.529854, 27.384439, 0.0)
(42.495579, 27.402256, 0.0)
(42.463081, 27.409464, 0.0)
(40.324203, 24.908842, 0.0)
(36.949944, 20.830288, 0.0)
(36.147156, 19.835175, 0.0)
(36.044018, 19.719431, 0.0)
(35.899837, 21.128126, 0.0)
(35.667515, 20.157595, 0.0)
(35.577278, 19.670496, 0.0)
(35.621342, 19.667454, 0.0)
(35.684326, 19.721771, 0.0)
(35.708122, 19.726780, 0.0)
(35.703636, 19.701118, 0.0)
(35.709545, 19.717398, 0.0)
(35.712830, 19.735607, 0.0)
(35.721706, 19.751879, 0.0)
(35.745716, 19.766127, 0.0)
(35.754219, 19.781227, 0.0)
(35.909336, 19.577248, 0.0)
(35.873241, 19.521805, 0.0)
(35.937691, 19.493238, 0.0)
(35.937969, 19.513147, 0.0)
(35.907280, 19.522921, 0.0)
(35.910511, 19.521358, 0.0)
(35.925766, 19.546024, 0.0)
(35.929733, 19.578377, 0.0)
(35.908730, 19.602915, 0.0)
(35.876724, 19.605579, 0.0)
(35.874329, 19.603666, 0.0)
(35.902142, 19.586014, 0.0)
(35.904385, 19.562656, 0.0)
(35.898655, 19.521175, 0.0)
(35.890186, 19.569231, 0.0)
(35.696037, 19.574018, 0.0)
(35.728550, 19.540937, 0.0)
(35.809586, 19.475704, 0.0)
(35.807446, 19.550833, 0.0)
(35.794979, 19.578676, 0.0)
(40.753448, 19.683781, 0.0)
(45.848511, 23.037266, 0.0)
(45.586811, 22.516314, 0.0)
(45.602951, 22.547997, 0.0)
(45.654964, 22.614664, 0.0)
(45.720158, 22.614897, 0.0)
(45.749809, 22.612711, 0.0)
(45.754566, 22.620569, 0.0)
(45.765007, 22.598324, 0.0)
(45.790169, 22.604412, 0.0)
(45.989830, 22.655359, 0.0)
(46.009159, 22.742058, 0.0)
(45.991310, 22.790548, 0.0)
(46.001148, 22.811207, 0.0)
(46.003582, 22.783869, 0.0)
(45.999725, 22.796534, 0.0)
(46.008129, 22.791410, 0.0)
(45.969925, 22.716232, 0.0)
(46.000656, 22.715006, 0.0)
(46.036144, 22.764656, 0.0)
(46.047413, 22.782137, 0.0)
(46.027088, 22.794210, 0.0)
(45.963974, 22.854713, 0.0)
(46.009415, 22.877237, 0.0)
(46.040611, 22.887276, 0.0)
(45.971889, 22.850609, 0.0)
(45.964474, 22.841007, 0.0)
(45.986393, 22.792641, 0.0)
(45.991570, 22.764435, 0.0)
(46.025204, 22.777224, 0.0)
(46.031673, 22.777466, 0.0)
(45.987972, 22.824762, 0.0)
(45.948547, 22.864025, 0.0)
(45.978062, 22.937538, 0.0)
(45.993752, 22.972765, 0.0)
(44.591946, 21.440590, 0.0)
(44.376060, 20.637913, 0.0)
(44.509083, 20.668146, 0.0)
(44.580753, 20.619808, 0.0)
(44.606926, 20.590511, 0.0)
(44.611908, 20.596178, 0.0)
(44.580738, 20.612587, 0.0)
(44.614849, 20.666168, 0.0)
(44.595348, 20.470381, 0.0)
(44.546524, 20.198454, 0.0)
(44.536156, 20.198971, 0.0)
(44.510223, 20.101152, 0.0)
(44.524563, 20.051403, 0.0)
(44.571995, 20.056463, 0.0)
(44.556995, 20.042105, 0.0)
(44.504993, 19.970020, 0.0)
(44.525776, 19.939304, 0.0)
(44.517105, 19.822037, 0.0)
(44.507568, 19.833805, 0.0)
(44.500809, 19.875473, 0.0)
(44.463825, 19.863707, 0.0)
(44.483841, 19.907434, 0.0)
(44.513752, 19.916656, 0.0)
(44.504173, 19.948874, 0.0)
(44.451046, 19.908688, 0.0)
(44.437569, 19.886374, 0.0)
(44.471199, 19.915119, 0.0)
(44.502041, 19.917805, 0.0)
(44.495575, 19.921679, 0.0)
(44.414864, 19.933342, 0.0)
(44.430122, 19.938032, 0.0)
(44.519455, 19.965576, 0.0)
(44.506226, 19.973017, 0.0)
(44.470215, 19.929010, 0.0)
(44.385475, 19.867771, 0.0)
(44.445774, 19.903601, 0.0)
(44.431721, 19.915930, 0.0)
(44.381424, 19.946835, 0.0)
(44.991703, 21.186813, 0.0)
(46.914150, 26.978783, 0.0)
(46.807541, 28.017328, 0.0)
(46.672199, 28.764578, 0.0)
(46.659771, 28.771210, 0.0)
(46.661900, 28.682970, 0.0)
(46.675587, 28.601210, 0.0)
(46.652725, 28.674849, 0.0)
(46.609104, 29.616394, 0.0)
(46.611423, 29.756041, 0.0)
(46.642509, 29.743589, 0.0)
(46.634933, 29.755049, 0.0)
(46.564716, 29.671572, 0.0)
(46.533516, 29.656418, 0.0)
(46.571362, 29.709568, 0.0)
(46.610229, 29.655582, 0.0)
(46.600601, 29.640806, 0.0)
(46.527515, 29.697525, 0.0)
(46.520725, 29.695194, 0.0)
(46.552746, 29.698748, 0.0)
(46.547939, 29.701778, 0.0)
(46.520859, 29.670366, 0.0)
(46.486935, 29.627756, 0.0)
(46.474571, 29.623840, 0.0)
(46.522972, 29.658934, 0.0)
(46.548504, 29.665054, 0.0)
(46.508339, 29.634462, 0.0)
(46.478310, 29.592505, 0.0)
(46.492405, 29.594534, 0.0)
(46.538303, 29.602829, 0.0)
(46.567081, 29.605301, 0.0)
(46.523155, 29.595757, 0.0)
(46.507248, 29.598061, 0.0)
(46.535446, 29.566282, 0.0)
(46.516449, 29.545404, 0.0)
(46.506123, 29.537418, 0.0)
(43.169670, 27.376732, 0.0)
(33.987324, 22.768806, 0.0)
(34.222317, 22.406584, 0.0)
(34.300980, 22.448559, 0.0)
(34.370728, 22.452324, 0.0)
(34.415382, 22.504290, 0.0)
(34.418289, 22.496567, 0.0)
(34.363266, 22.511866, 0.0)
(34.288631, 22.532309, 0.0)
(34.354038, 22.530014, 0.0)
(34.376617, 22.479464, 0.0)
(34.344429, 22.510876, 0.0)
(34.328880, 22.539106, 0.0)
(34.345768, 22.553846, 0.0)
(34.384800, 22.629917, 0.0)
(34.431885, 22.684231, 0.0)
(34.404625, 22.722652, 0.0)
(34.372025, 22.701797, 0.0)
(34.389790, 22.704746, 0.0)
(34.380329, 22.688406, 0.0)
(34.388622, 22.711645, 0.0)
(34.402676, 22.686964, 0.0)
(34.395168, 22.747131, 0.0)
(34.365124, 22.748077, 0.0)
(34.379627, 22.696842, 0.0)
(34.416988, 22.716616, 0.0)
(34.384125, 22.750320, 0.0)
(34.322491, 22.750610, 0.0)
(34.299404, 22.764771, 0.0)
(34.343040, 22.840902, 0.0)
(34.307156, 22.870113, 0.0)
(34.275444, 22.883169, 0.0)
(34.265205, 22.916668, 0.0)
(34.280125, 22.909294, 0.0)
(34.282982, 22.861435, 0.0)
(39.285461, 28.926105, 0.0)
(39.278870, 29.464289, 0.0)
(39.328026, 29.454124, 0.0)
(39.318157, 29.427794, 0.0)
(39.357738, 29.495695, 0.0)
(39.406212, 30.454674, 0.0)
(39.445042, 30.461599, 0.0)
(39.441151, 30.415110, 0.0)
(39.426590, 30.391071, 0.0)
(39.407608, 30.400951, 0.0)
(39.383266, 30.418491, 0.0)
(39.399197, 30.407597, 0.0)
(39.404449, 30.423309, 0.0)
(39.429932, 30.399654, 0.0)
(39.456215, 30.376690, 0.0)
(39.433060, 30.371372, 0.0)
(39.413891, 30.383801, 0.0)
(39.468502, 30.381237, 0.0)
(39.471996, 30.384741, 0.0)
(39.479885, 30.355194, 0.0)
(39.437069, 30.354551, 0.0)
(39.432987, 30.370003, 0.0)
(39.458263, 30.357336, 0.0)
(39.460556, 30.334591, 0.0)
(39.370621, 30.371048, 0.0)
(39.355640, 30.410332, 0.0)
(39.428825, 30.430431, 0.0)
(39.425709, 30.445429, 0.0)
(39.421967, 30.446833, 0.0)
(39.433033, 30.446865, 0.0)
(39.468590, 30.446972, 0.0)
(39.425972, 30.502544, 0.0)
(39.402431, 30.508759, 0.0)
(39.444016, 30.443605, 0.0)
(39.686447, 30.529568, 0.0)
(44.556442, 22.498653, 0.0)
(44.871655, 21.755140, 0.0)
(44.831795, 21.480978, 0.0)
(44.777794, 21.598423, 0.0)
(44.765263, 21.615009, 0.0)
(44.782219, 21.603531, 0.0)
(44.775661, 21.599522, 0.0)
(44.778809, 21.624928, 0.0)
(44.793686, 21.648853, 0.0)
(45.306789, 21.493370, 0.0)
(45.719154, 21.221052, 0.0)
(45.704777, 21.299971, 0.0)
(45.684921, 21.279829, 0.0)
(45.684101, 21.248781, 0.0)
(45.700962, 21.262564, 0.0)
(45.718159, 21.278515, 0.0)
(45.722900, 21.304777, 0.0)
(45.708138, 21.283222, 0.0)
(45.730770, 21.318365, 0.0)
(45.736080, 21.357857, 0.0)
(45.734734, 21.376957, 0.0)
(45.717857, 21.372696, 0.0)
(45.716286, 21.338633, 0.0)
(45.722878, 21.337536, 0.0)
(45.717934, 21.398390, 0.0)
(44.680798, 21.318714, 0.0)
(43.794830, 21.267601, 0.0)
(43.819073, 21.250828, 0.0)
(43.850414, 21.263975, 0.0)
(43.868519, 21.214695, 0.0)
(43.901733, 21.196381, 0.0)
(43.895638, 21.180931, 0.0)
(43.902973, 21.173296, 0.0)
(43.893711, 21.181854, 0.0)
(43.895531, 21.190342, 0.0)
(43.751766, 21.335527, 0.0)
(44.136745, 25.640440, 0.0)
(45.627567, 26.031109, 0.0)
(45.601562, 26.468039, 0.0)
(45.515923, 26.351995, 0.0)
(45.523968, 26.336786, 0.0)
(45.517071, 26.368820, 0.0)
(45.545788, 26.389879, 0.0)
(45.566444, 26.430620, 0.0)
(45.562656, 26.427141, 0.0)
(45.518547, 26.449965, 0.0)
(45.537167, 26.480198, 0.0)
(45.538189, 26.518097, 0.0)
(45.571774, 26.555033, 0.0)
(43.706863, 24.903755, 0.0)
(41.890907, 23.122946, 0.0)
(41.891697, 23.243282, 0.0)
(41.891048, 23.276346, 0.0)
(39.256508, 22.468958, 0.0)
(39.025734, 22.392769, 0.0)
(39.086063, 22.410042, 0.0)
(39.127598, 22.408573, 0.0)
(39.133736, 22.404650, 0.0)
(39.120575, 22.327112, 0.0)
(39.067516, 22.116922, 0.0)
(38.991131, 21.986900, 0.0)
(38.963802, 21.940254, 0.0)
(38.975101, 21.942900, 0.0)
(39.029785, 21.923279, 0.0)
(39.027809, 21.953320, 0.0)
(38.983532, 21.966618, 0.0)
(38.965439, 21.981482, 0.0)
(38.973282, 21.992613, 0.0)
(39.004051, 21.972969, 0.0)
(39.033646, 22.008392, 0.0)
(39.075951, 22.104101, 0.0)
(39.073795, 22.091518, 0.0)
(38.988060, 22.019266, 0.0)
(38.955429, 21.977736, 0.0)
(38.777027, 22.325300, 0.0)
(38.160366, 24.671597, 0.0)
(37.652145, 26.911070, 0.0)
(37.809792, 28.667788, 0.0)
(37.766933, 28.801409, 0.0)
(37.677528, 28.626108, 0.0)
(37.623821, 28.620958, 0.0)
(37.852905, 29.051628, 0.0)
(37.984459, 29.940781, 0.0)
(37.924210, 29.902342, 0.0)
(37.950806, 29.840988, 0.0)
(37.923740, 29.895939, 0.0)
(37.943794, 29.961716, 0.0)
(37.939808, 30.002960, 0.0)
(37.941795, 29.954006, 0.0)
(37.948139, 29.793024, 0.0)
(37.361614, 25.536585, 0.0)
(36.915771, 23.107784, 0.0)
(36.802032, 22.841379, 0.0)
(36.826759, 23.117006, 0.0)
(36.874290, 23.179220, 0.0)
(36.855923, 23.230251, 0.0)
(36.825573, 23.248249, 0.0)
(36.829075, 23.267780, 0.0)
(36.862770, 23.305933, 0.0)
(36.898602, 23.339014, 0.0)
(36.902386, 23.393291, 0.0)
(36.844952, 23.430611, 0.0)
(36.832027, 23.429300, 0.0)
(36.860607, 23.435678, 0.0)
(36.881680, 23.471180, 0.0)
(36.824135, 23.524595, 0.0)
(36.811424, 23.571272, 0.0)
(36.811211, 23.583261, 0.0)
(37.352192, 22.955439, 0.0)
(39.756489, 19.402514, 0.0)
(39.550816, 19.035898, 0.0)
(39.591751, 19.135748, 0.0)
(39.657452, 19.190025, 0.0)
(39.647137, 19.253157, 0.0)
(39.638580, 19.269552, 0.0)
(39.671326, 19.268610, 0.0)
(39.688374, 19.310648, 0.0)
(39.709869, 19.368685, 0.0)
(39.681713, 19.394762, 0.0)
(39.713856, 19.428474, 0.0)
(39.754822, 19.232962, 0.0)
(39.733368, 19.142389, 0.0)
(39.632854, 19.180536, 0.0)
(39.615559, 19.214209, 0.0)
(39.664421, 19.237223, 0.0)
(39.542908, 19.460749, 0.0)
(38.641903, 21.806252, 0.0)
(38.555244, 21.821335, 0.0)
(38.543911, 21.743095, 0.0)
(38.534645, 21.678991, 0.0)
(38.533928, 21.683556, 0.0)
(38.537254, 21.697569, 0.0)
(38.501026, 21.664745, 0.0)
(38.496742, 21.665100, 0.0)
(38.509975, 21.697105, 0.0)
(38.510670, 21.705120, 0.0)
(38.482773, 21.703136, 0.0)
(38.440403, 21.686594, 0.0)
(38.492512, 21.702509, 0.0)
(38.504402, 21.697035, 0.0)
(38.485821, 21.659611, 0.0)
(38.426907, 21.650351, 0.0)
(38.442604, 21.631481, 0.0)
(38.430027, 21.648779, 0.0)
(37.734470, 23.238094, 0.0)
(33.340584, 26.999720, 0.0)
(33.429054, 26.687958, 0.0)
(33.292637, 26.624586, 0.0)
(33.190937, 26.666759, 0.0)
(33.164894, 26.650257, 0.0)
(33.182381, 26.651136, 0.0)
(33.204006, 26.654181, 0.0)
(33.185364, 26.689871, 0.0)
(32.906357, 27.487640, 0.0)
(32.969566, 27.566242, 0.0)
(33.018669, 27.532784, 0.0)
(32.934021, 27.508234, 0.0)
(32.917088, 27.500689, 0.0)
(32.933216, 27.499483, 0.0)
(32.939999, 27.536011, 0.0)
(32.945934, 27.542002, 0.0)
(32.917271, 27.542877, 0.0)
(32.895302, 27.531601, 0.0)
(32.911274, 27.515581, 0.0)
(32.928772, 27.545485, 0.0)
(32.932957, 27.535439, 0.0)
(32.894173, 27.591848, 0.0)
(32.816563, 27.609213, 0.0)
(32.867924, 27.552162, 0.0)
(32.901314, 27.514332, 0.0)
(32.920174, 27.531862, 0.0)
(34.891678, 25.262699, 0.0)
(35.441521, 24.186241, 0.0)
(35.399609, 24.255983, 0.0)
(35.372932, 24.400000, 0.0)
(35.351414, 24.412098, 0.0)
(35.321232, 24.468790, 0.0)
(35.292057, 24.485434, 0.0)
(35.314919, 24.506710, 0.0)
(44.015648, 24.711525, 0.0)
(43.859493, 23.961792, 0.0)
(43.908474, 23.798496, 0.0)
(43.930130, 23.840704, 0.0)
(43.874840, 23.794533, 0.0)
(43.861305, 23.761290, 0.0)
(43.914806, 23.768642, 0.0)
(43.940025, 23.849192, 0.0)
(43.957603, 23.748770, 0.0)
(43.941319, 23.710508, 0.0)
(43.948818, 23.728952, 0.0)
(43.994663, 23.791895, 0.0)
(44.014198, 23.767162, 0.0)
(44.015900, 23.734997, 0.0)
(43.999043, 23.702015, 0.0)
(44.045135, 23.696589, 0.0)
(44.056194, 23.680624, 0.0)
(44.048450, 23.694267, 0.0)
(44.046722, 23.688480, 0.0)
(44.038048, 23.628433, 0.0)
(44.078644, 23.615755, 0.0)
(44.121834, 23.682446, 0.0)
(44.083118, 23.675560, 0.0)
(44.062569, 23.660324, 0.0)
(44.064095, 23.659592, 0.0)
(44.078671, 23.600193, 0.0)
(44.083714, 23.581385, 0.0)
(44.079681, 23.537838, 0.0)
(44.054092, 23.521622, 0.0)
(44.046173, 23.556923, 0.0)
(44.078785, 23.554377, 0.0)
(44.078785, 23.554377, 0.0)
(44.051601, 23.586744, 0.0)
(44.049667, 23.583666, 0.0)
(41.271194, 22.478525, 0.0)
(40.303288, 21.654161, 0.0)
(40.640888, 23.575674, 0.0)
(40.566212, 21.720470, 0.0)
(40.430828, 21.254911, 0.0)
(40.444622, 21.164457, 0.0)
(40.457508, 21.235571, 0.0)
(40.472675, 21.274826, 0.0)
(40.466869, 21.286398, 0.0)
(40.466320, 21.321676, 0.0)
(40.555103, 21.334892, 0.0)
(40.512371, 21.387815, 0.0)
(40.460480, 21.469473, 0.0)
(40.423450, 21.528465, 0.0)
(40.415035, 21.567152, 0.0)
(40.460648, 21.554790, 0.0)
(40.455013, 21.584391, 0.0)
(40.449879, 21.657110, 0.0)
(40.426300, 21.623077, 0.0)
(40.424618, 21.547716, 0.0)
(40.428749, 21.541885, 0.0)
(40.468285, 21.512615, 0.0)
(40.488640, 21.536171, 0.0)
(40.424881, 21.578646, 0.0)
(39.992580, 21.603571, 0.0)
(39.678329, 21.561499, 0.0)
(39.681446, 21.589725, 0.0)
(39.635319, 21.558313, 0.0)
(39.615891, 21.515255, 0.0)
(39.622299, 21.509138, 0.0)
(39.656273, 21.508150, 0.0)
(39.629677, 21.555639, 0.0)
(39.600685, 21.560511, 0.0)
(39.556896, 21.568316, 0.0)
(39.578426, 21.546768, 0.0)
(39.606319, 21.555262, 0.0)
(39.625877, 21.569321, 0.0)
(39.510098, 21.674475, 0.0)
(34.633480, 27.354225, 0.0)
(35.043804, 26.629595, 0.0)
(34.901505, 26.457922, 0.0)
(34.872826, 26.486328, 0.0)
(34.903156, 26.446100, 0.0)
(34.899178, 26.438650, 0.0)
(34.884266, 26.456274, 0.0)
(34.903961, 26.465490, 0.0)
(34.909550, 26.452978, 0.0)
(34.925964, 26.433926, 0.0)
(34.923538, 26.451902, 0.0)
(34.908798, 26.476738, 0.0)
(34.886749, 26.535118, 0.0)
(34.892818, 26.503538, 0.0)
(34.931942, 26.544167, 0.0)
(34.919415, 26.537893, 0.0)
(34.872410, 26.491264, 0.0)
(34.868874, 26.481737, 0.0)
(34.902203, 26.461403, 0.0)
(34.923363, 26.501114, 0.0)
(34.903904, 26.575600, 0.0)
(34.872845, 26.603613, 0.0)
(34.878365, 26.605888, 0.0)
(34.908272, 26.599651, 0.0)
(34.937309, 26.625082, 0.0)
(34.939461, 26.595133, 0.0)
(34.964489, 26.614704, 0.0)
(34.923393, 26.651955, 0.0)
(34.903873, 26.672365, 0.0)
(34.918625, 26.655682, 0.0)
(34.916092, 26.668480, 0.0)
(34.908230, 26.694208, 0.0)
(34.898602, 26.690811, 0.0)
(34.895161, 26.675138, 0.0)
(0.000000, 0.000000, 1.0)
(41.059765, 25.890490, 0.0)
(40.736496, 24.943153, 0.0)
(40.590630, 24.618698, 0.0)
(40.680511, 24.708483, 0.0)
(40.731625, 24.720366, 0.0)
(40.709427, 24.732544, 0.0)
(40.738712, 24.754051, 0.0)
(40.779301, 24.772747, 0.0)
(40.758339, 24.823980, 0.0)
(40.730114, 24.869917, 0.0)
(40.716084, 24.877485, 0.0)
(40.741192, 24.860378, 0.0)
(40.775803, 24.882223, 0.0)
(40.790531, 24.893097, 0.0)
(40.766621, 24.875893, 0.0)
(40.710018, 24.883329, 0.0)
(40.733646, 24.880642, 0.0)
(40.754829, 24.870308, 0.0)
(40.751137, 24.875963, 0.0)
(40.752178, 24.887712, 0.0)
(40.700405, 24.908720, 0.0)
(40.718136, 24.886824, 0.0)
(40.768723, 24.897266, 0.0)
(40.748203, 24.896187, 0.0)
(40.698170, 24.851597, 0.0)
(40.689606, 24.806639, 0.0)
(40.666122, 24.815609, 0.0)
(40.686241, 24.824839, 0.0)
(40.692528, 24.837812, 0.0)
(40.658173, 24.889021, 0.0)
(40.651764, 24.913691, 0.0)
(40.678024, 24.923597, 0.0)
(40.694084, 24.910711, 0.0)
(40.694736, 24.878706, 0.0)
(40.649990, 24.829906, 0.0)
(45.367245, 23.878056, 0.0)
(45.062340, 23.192671, 0.0)
(45.067944, 23.049202, 0.0)
(45.122570, 23.032444, 0.0)
(45.130795, 23.023371, 0.0)
(45.126156, 23.020111, 0.0)
(45.115879, 23.028189, 0.0)
(45.108513, 23.024441, 0.0)
(44.981918, 22.724062, 0.0)
(45.049793, 22.583418, 0.0)
(45.089954, 22.689175, 0.0)
(45.100807, 22.745798, 0.0)
(45.056763, 22.702742, 0.0)
(45.085072, 22.660151, 0.0)
(45.082535, 22.632835, 0.0)
(45.057209, 22.638557, 0.0)
(45.074474, 22.597330, 0.0)
(45.049500, 22.557621, 0.0)
(45.047607, 22.547487, 0.0)
(45.067528, 22.574121, 0.0)
(45.045856, 22.625128, 0.0)
(45.036995, 22.621025, 0.0)
(45.033787, 22.624331, 0.0)
(45.045231, 22.627375, 0.0)
(45.052807, 22.638573, 0.0)
(45.045948, 22.626522, 0.0)
(45.012398, 22.632116, 0.0)
(45.015911, 22.621588, 0.0)
(45.042500, 22.639248, 0.0)
(45.026207, 22.664640, 0.0)
(45.019627, 22.687017, 0.0)
(45.017838, 22.666868, 0.0)
(45.019344, 22.650515, 0.0)
(45.019062, 22.690557, 0.0)
(44.496349, 23.160934, 0.0)
(33.739700, 27.258947, 0.0)
(32.531658, 27.295727, 0.0)
(32.688477, 27.107365, 0.0)
(32.711143, 27.094248, 0.0)
(32.613800, 27.035213, 0.0)
(32.618439, 26.973738, 0.0)
(32.645420, 26.973818, 0.0)
(32.571976, 27.065115, 0.0)
(31.881266, 29.129387, 0.0)
(31.910215, 29.346794, 0.0)
(31.966068, 29.285149, 0.0)
(32.006958, 29.311913, 0.0)
(31.980261, 29.332928, 0.0)
(31.915222, 29.360054, 0.0)
(31.912445, 29.342932, 0.0)
(31.948008, 29.292574, 0.0)
(35.013367, 28.422514, 0.0)
(35.393211, 28.484091, 0.0)
(38.291309, 28.135220, 0.0)
(44.091133, 28.586994, 0.0)
(45.521435, 29.165482, 0.0)
(45.595016, 29.245255, 0.0)
(45.535473, 29.264595, 0.0)
(45.497807, 29.204994, 0.0)
(45.505795, 29.146355, 0.0)
(45.534531, 29.145910, 0.0)
(45.556583, 29.128096, 0.0)
(45.540230, 29.103085, 0.0)
(45.505859, 29.091896, 0.0)
(45.520920, 29.092493, 0.0)
(45.539490, 29.123302, 0.0)
(45.556297, 29.126684, 0.0)
(45.542889, 29.111967, 0.0)
(45.506016, 29.087446, 0.0)
(45.533070, 29.070446, 0.0)
(41.446400, 27.780111, 0.0)
(40.972778, 27.305174, 0.0)
(41.005455, 27.328924, 0.0)
(40.986752, 27.322536, 0.0)
(41.015949, 27.286579, 0.0)
(41.057362, 27.352329, 0.0)
(41.070324, 27.403259, 0.0)
(41.094872, 27.360773, 0.0)
(41.272476, 27.238657, 0.0)
(41.287441, 27.241398, 0.0)
(41.309368, 27.253389, 0.0)
(41.307354, 27.257362, 0.0)
(41.304253, 27.226257, 0.0)
(41.274456, 27.236774, 0.0)
(41.273407, 27.241207, 0.0)
(41.287285, 27.214361, 0.0)
(41.262676, 27.206617, 0.0)
(41.237720, 27.178898, 0.0)
(41.228439, 27.164835, 0.0)
(41.180408, 27.156469, 0.0)
(41.211678, 27.140280, 0.0)
(41.192848, 27.121092, 0.0)
(41.126812, 27.174652, 0.0)
(41.118820, 27.178680, 0.0)
(41.131256, 27.180815, 0.0)
(41.144970, 27.160357, 0.0)
(41.105526, 27.163347, 0.0)
(41.079727, 27.188740, 0.0)
(41.101727, 27.205484, 0.0)
(41.057095, 27.227562, 0.0)
(41.065102, 27.210478, 0.0)
(41.113327, 27.186661, 0.0)
(41.156258, 27.172453, 0.0)
(41.884117, 26.429768, 0.0)
(41.522884, 24.907518, 0.0)
(41.614975, 23.738607, 0.0)
(41.759712, 23.656433, 0.0)
(41.780636, 23.779633, 0.0)
(41.778496, 23.788769, 0.0)
(41.781746, 23.818542, 0.0)
(41.769341, 23.806273, 0.0)
(41.794125, 23.814466, 0.0)
(43.047058, 25.439791, 0.0)
(44.634716, 28.395502, 0.0)
(44.551388, 28.365314, 0.0)
(44.437412, 28.282187, 0.0)
(44.458092, 28.274363, 0.0)
(44.457954, 28.252069, 0.0)
(44.414158, 28.226566, 0.0)
(44.414185, 28.213493, 0.0)
(44.421288, 28.228539, 0.0)
(44.475403, 28.447376, 0.0)
(44.477402, 30.155018, 0.0)
(44.424004, 30.239256, 0.0)
(44.423374, 30.159441, 0.0)
(44.426975, 30.152382, 0.0)
(44.446037, 30.147202, 0.0)
(44.428429, 30.150566, 0.0)
(44.433487, 30.171871, 0.0)
(44.585892, 30.788731, 0.0)
(44.557991, 30.904255, 0.0)
(44.519871, 30.847179, 0.0)
(44.546555, 30.771969, 0.0)
(44.563744, 30.732824, 0.0)
(44.551090, 30.729868, 0.0)
(44.538719, 30.686817, 0.0)
(44.518017, 30.676821, 0.0)
(44.526241, 30.683350, 0.0)
(44.534042, 30.709574, 0.0)
(44.505283, 30.739704, 0.0)
(44.494820, 30.743969, 0.0)
(44.505890, 30.736929, 0.0)
(44.510357, 30.698641, 0.0)
(44.544342, 30.686665, 0.0)
(44.541042, 30.689966, 0.0)
(44.537640, 30.744709, 0.0)
(44.538532, 30.750029, 0.0)
(44.529205, 30.795799, 0.0)
(44.541519, 30.754938, 0.0)
(44.569847, 30.736538, 0.0)
(44.560673, 30.730398, 0.0)
(44.532093, 30.732740, 0.0)
(44.522945, 30.694973, 0.0)
(44.528297, 30.675623, 0.0)
(44.546425, 30.657372, 0.0)
(44.500275, 30.648296, 0.0)
(44.475628, 30.680603, 0.0)
(44.470688, 30.660320, 0.0)
(44.465950, 30.661684, 0.0)
(44.462372, 30.656338, 0.0)
(44.463352, 30.707836, 0.0)
(44.463673, 30.710142, 0.0)
(44.450077, 30.698778, 0.0)
(44.438824, 30.700045, 0.0)
(44.447353, 30.677851, 0.0)
(44.493156, 30.671682, 0.0)
(44.428818, 30.650997, 0.0)
(44.423069, 30.650576, 0.0)
(44.450455, 30.653393, 0.0)
(44.497887, 30.653591, 0.0)
(44.517986, 30.635956, 0.0)
(44.476780, 30.646988, 0.0)
(44.455753, 30.593014, 0.0)
(44.485344, 30.600752, 0.0)
(44.507111, 30.585091, 0.0)
(44.495667, 30.570745, 0.0)
(44.462833, 30.574629, 0.0)
(44.361317, 30.589544, 0.0)
