{
  "prompt": "black pupil.",
  "gsam2_centers": [
    {
      "valid": true,
      "cx": 109.75,
      "cy": 105.22,
      "area": 277,
      "det_score": 0.3465,
      "sam_score": 0.9426,
      "box": [
        100.6,
        93.6,
        119.3,
        117.8
      ],
      "repeats": [
        [
          109.62,
          105.28
        ],
        [
          109.88,
          105.34
        ],
        [
          109.75,
          105.42
        ],
        [
          109.89,
          105.1
        ],
        [
          110.88999999999999,
          105.23
        ]
      ],
      "idx": 1205,
      "mislabel": false,
      "mislabel_reason": "ok",
      "e_unet": 0.91
    },
    {
      "valid": true,
      "cx": 109.6,
      "cy": 105.34,
      "area": 273,
      "det_score": 0.3605,
      "sam_score": 0.9434,
      "box": [
        100.7,
        93.7,
        119.1,
        117.7
      ],
      "repeats": [
        [
          109.49,
          105.21
        ],
        [
          109.71,
          105.39
        ],
        [
          109.7,
          105.26
        ],
        [
          109.75,
          105.02
        ],
        [
          110.61000000000001,
          105.37
        ]
      ],
      "idx": 1206,
      "mislabel": false,
      "mislabel_reason": "ok",
      "e_unet": 0.98
    },
    {
      "valid": true,
      "cx": 109.45,
      "cy": 105.18,
      "area": 275,
      "det_score": 0.3598,
      "sam_score": 0.9442,
      "box": [
        100.7,
        93.5,
        119.0,
        117.6
      ],
      "repeats": [
        [
          109.4,
          105.14
        ],
        [
          109.58,
          105.35
        ],
        [
          109.58,
          105.22
        ],
        [
          109.73,
          104.98
        ],
        [
          110.58000000000001,
          105.28
        ]
      ],
      "idx": 1207,
      "mislabel": false,
      "mislabel_reason": "ok",
      "e_unet": 0.81
    },
    {
      "valid": true,
      "cx": 109.46,
      "cy": 105.24,
      "area": 269,
      "det_score": 0.3647,
      "sam_score": 0.9442,
      "box": [
        100.9,
        93.7,
        118.9,
        117.6
      ],
      "repeats": [
        [
          109.38,
          105.3
        ],
        [
          109.54,
          105.38
        ],
        [
          109.55,
          105.32
        ],
        [
          109.68,
          105.01
        ],
        [
          110.56,
          105.34
        ]
      ],
      "idx": 1208,
      "mislabel": false,
      "mislabel_reason": "ok",
      "e_unet": 0.86
    },
    {
      "valid": true,
      "cx": 109.46,
      "cy": 105.08,
      "area": 276,
      "det_score": 0.3556,
      "sam_score": 0.9458,
      "box": [
        100.8,
        93.6,
        119.0,
        117.6
      ],
      "repeats": [
        [
          109.4,
          105.14
        ],
        [
          109.52,
          105.23
        ],
        [
          109.51,
          105.22
        ],
        [
          109.75,
          104.88
        ],
        [
          110.57,
          105.23
        ]
      ],
      "idx": 1209,
      "mislabel": false,
      "mislabel_reason": "ok",
      "e_unet": 0.74
    },
    {
      "valid": true,
      "cx": 109.58,
      "cy": 105.17,
      "area": 276,
      "det_score": 0.3616,
      "sam_score": 0.9437,
      "box": [
        100.9,
        93.4,
        119.1,
        117.6
      ],
      "repeats": [
        [
          109.49,
          105.27
        ],
        [
          109.65,
          105.31
        ],
        [
          109.69,
          105.24
        ],
        [
          109.8,
          104.92
        ],
        [
          110.63999999999999,
          105.25
        ]
      ],
      "idx": 1210,
      "mislabel": false,
      "mislabel_reason": "ok",
      "e_unet": 0.89
    },
    {
      "valid": true,
      "cx": 107.64,
      "cy": 106.26,
      "area": 289,
      "det_score": 0.3185,
      "sam_score": 0.9271,
      "box": [
        98.9,
        94.8,
        117.0,
        119.1
      ],
      "repeats": [
        [
          107.64,
          106.17
        ],
        [
          107.81,
          106.45
        ],
        [
          107.69,
          106.52
        ],
        [
          107.96,
          106.07
        ],
        [
          108.77000000000001,
          106.41
        ]
      ],
      "idx": 1211,
      "mislabel": false,
      "mislabel_reason": "ok",
      "e_unet": 0.99
    },
    {
      "valid": true,
      "cx": 107.66,
      "cy": 106.29,
      "area": 283,
      "det_score": 0.2086,
      "sam_score": 0.7986,
      "box": [
        93.4,
        89.8,
        123.1,
        122.6
      ],
      "repeats": [
        [
          106.96,
          104.85
        ],
        [
          107.71,
          106.4
        ],
        [
          108.71,
          105.35
        ],
        [
          107.78,
          106.27
        ],
        [
          107.1,
          105.96
        ]
      ],
      "idx": 1212,
      "mislabel": false,
      "mislabel_reason": "ok",
      "e_unet": 1.02
    },
    {
      "valid": true,
      "cx": 107.77,
      "cy": 105.68,
      "area": 291,
      "det_score": 0.3236,
      "sam_score": 0.9347,
      "box": [
        98.9,
        93.9,
        117.4,
        118.7
      ],
      "repeats": [
        [
          107.71,
          105.63
        ],
        [
          107.81,
          105.89
        ],
        [
          107.73,
          105.85
        ],
        [
          108.02,
          105.47
        ],
        [
          108.75,
          105.91
        ]
      ],
      "idx": 1213,
      "mislabel": false,
      "mislabel_reason": "ok",
      "e_unet": 0.95
    },
    {
      "valid": true,
      "cx": 107.8,
      "cy": 105.48,
      "area": 288,
      "det_score": 0.3271,
      "sam_score": 0.9315,
      "box": [
        99.0,
        93.6,
        117.5,
        118.5
      ],
      "repeats": [
        [
          107.68,
          105.49
        ],
        [
          107.86,
          105.65
        ],
        [
          107.85,
          105.58
        ],
        [
          108.1,
          105.34
        ],
        [
          108.88999999999999,
          105.59
        ]
      ],
      "idx": 1214,
      "mislabel": false,
      "mislabel_reason": "ok",
      "e_unet": 0.85
    },
    {
      "valid": true,
      "cx": 107.94,
      "cy": 105.48,
      "area": 285,
      "det_score": 0.3187,
      "sam_score": 0.9341,
      "box": [
        99.1,
        93.9,
        117.6,
        118.4
      ],
      "repeats": [
        [
          107.75,
          105.63
        ],
        [
          107.97,
          105.66
        ],
        [
          107.86,
          105.69
        ],
        [
          108.15,
          105.38
        ],
        [
          108.93,
          105.63
        ]
      ],
      "idx": 1215,
      "mislabel": false,
      "mislabel_reason": "ok",
      "e_unet": 0.93
    }
  ]
}