sample_idx,session_local_idx,split,user,eye,session_name,session_code,session_regime,timestamp,frame_idx,gt_x_orig,gt_y_orig,gt_a_orig,gt_b_orig,gt_ang,speed_pxps_x,motion_state_x,segment_start,segment_frame_idx,valid,gt_x_input64,gt_y_input64,pred_x_input64,pred_y_input64,error_input64_px,pred_score,iou_input64,iou_note,speed_pxps_y,motion_state_y,_merge
4995,4995,test,37,left,session_1_0_1,101,saccade_fixation,1658305432430815,5013,186.1933395004625,143.12858464384828,43.90413504274484,32.104377176396824,9.894084310416474,5.999632215171089,Fixation,4900,95,1,34.119998931884766,34.7599983215332,33.0,34.0,1.3535121189543526,0.549134373664856,0.6623376623376623,center_proxy_gt_axes_angle,,,left_only
4996,4996,test,37,left,session_1_0_1,101,saccade_fixation,1658305433590816,5042,178.14511041009465,140.76866456361725,40.95514844404015,29.894205263445148,10.613062077875329,7.635966201232396,Fixation,4900,96,1,32.63999938964844,34.279998779296875,29.0,33.0,3.8584961360149745,0.5410304069519043,0.23529411764705882,center_proxy_gt_axes_angle,,,left_only
4997,4997,test,37,left,session_1_0_1,101,saccade_fixation,1658305433630816,5043,178.84227642276423,137.5788617886179,42.15048650091602,37.3280329327795,10.141936860535225,5.378900993060864,Fixation,4900,97,1,32.79999923706055,33.400001525878906,29.0,32.0,4.049691157869203,0.48020055890083313,0.2459016393442623,center_proxy_gt_axes_angle,,,left_only
4998,4998,test,37,left,session_1_0_1,101,saccade_fixation,1658305433670816,5044,179.29332333083272,136.47186796699174,42.95045752317753,39.66619219458512,-17.006285132555462,52.25499605510922,Fixation,4900,98,1,32.880001068115234,33.31999969482422,28.0,32.0,5.055374330268913,0.5740529894828796,0.17829457364341086,center_proxy_gt_axes_angle,,,left_only
4999,4999,test,37,left,session_1_0_1,101,saccade_fixation,1658305433710816,5045,181.5779122541604,138.0196671709531,42.00841323591678,40.135182430547125,1.9301561912340333,51.67522923012943,Fixation,4900,99,1,33.2400016784668,33.560001373291016,34.0,40.0,6.484688100498504,0.4421093463897705,0.1875,center_proxy_gt_axes_angle,,,left_only
35736,4783,test,38,left,session_1_0_1,101,saccade_fixation,1658307396072388,4879,155.42042440318303,90.81432360742706,32.296237859486446,29.8032956511883,-38.60231617161671,18.598058298389446,Fixation,35653,83,1,28.440000534057617,21.84000015258789,29.0,27.0,5.190298433341646,0.3719906210899353,0.125,center_proxy_gt_axes_angle,,,left_only
35737,4784,test,38,left,session_1_0_1,101,saccade_fixation,1658307396112388,4880,155.68456375838926,90.8,32.05914972236659,29.64402436349533,-33.873613208247974,4.147372228514117,Fixation,35653,84,1,28.360000610351562,21.8799991607666,28.0,27.0,5.1326415258816,0.2910711169242859,0.10256410256410256,center_proxy_gt_axes_angle,,,left_only
35738,4785,test,38,left,session_1_0_1,101,saccade_fixation,1658307396152388,4881,155.45771812080537,90.8228187919463,32.03716356888398,29.6538304126197,-30.80885535090709,2.7832167440893127,Fixation,35653,85,1,28.360000610351562,21.8799991607666,33.0,21.0,4.722710329766986,0.3832261264324188,0.18518518518518517,center_proxy_gt_axes_angle,,,left_only
35739,4786,test,38,left,session_1_0_1,101,saccade_fixation,1658307396192388,4882,155.61155913978496,90.58870967741936,31.97758951605184,29.671156842472367,-32.5557229896589,3.4942782249327133,Fixation,35653,86,1,28.440000534057617,21.84000015258789,33.0,21.0,4.636722483149331,0.44545769691467285,0.19480519480519481,center_proxy_gt_axes_angle,,,left_only
35740,4787,test,38,left,session_1_0_1,101,saccade_fixation,1658307396232388,4883,155.65582655826557,90.43631436314364,31.837545265566725,29.543385316859556,-32.53854756117349,98.38307758180385,Fixation,35653,87,1,28.440000534057617,21.84000015258789,34.0,23.0,5.679717748909333,0.37902015447616577,0.12195121951219512,center_proxy_gt_axes_angle,,,left_only
35741,4788,test,38,left,session_1_0_1,101,saccade_fixation,1658307396272388,4884,155.30801104972377,90.38674033149172,31.78691580182104,29.04713772774617,-33.327511949793404,166.19135468594305,Fixation,35653,88,1,28.399999618530273,21.760000228881836,34.0,21.0,5.651336533985702,0.4746670126914978,0.10843373493975904,center_proxy_gt_axes_angle,,,left_only
35742,4789,test,38,left,session_1_0_1,101,saccade_fixation,1658307396312388,4885,141.09902597402598,84.37175324675324,31.627052439356,24.84884995693097,-30.35317821053249,188.7510911917219,Fixation,35653,89,1,25.760000228881836,20.280000686645508,26.0,21.0,0.7589459146524944,0.6769101619720459,1.0,center_proxy_gt_axes_angle,,,left_only
35743,4790,test,38,left,session_1_0_1,101,saccade_fixation,1658307396352388,4886,130.5018115942029,81.83876811594203,31.829220982923715,22.10300157439561,-38.099088391478205,187.67734831866423,Fixation,35653,90,1,23.8799991607666,19.639999389648438,25.0,19.0,1.2899616655675816,0.6011546850204468,0.6086956521739131,center_proxy_gt_axes_angle,,,left_only
35744,4791,test,38,left,session_1_0_1,101,saccade_fixation,1658307396392388,4887,126.3314711359404,83.21601489757914,31.45951785863631,21.770491870394903,-40.97158073150735,92.60403690487416,Fixation,35653,91,1,22.84000015258789,20.15999984741211,24.0,19.0,1.6404875165609258,0.5676525831222534,0.6086956521739131,center_proxy_gt_axes_angle,,,left_only
35745,4792,test,38,left,session_1_0_1,101,saccade_fixation,1658307396432388,4888,126.1275415896488,83.30129390018485,32.051431440912054,21.53633504218888,-41.06878794277719,26.33173969551294,Fixation,35653,92,1,22.84000015258789,20.15999984741211,26.0,22.0,3.656665092289423,0.5034686326980591,0.27586206896551724,center_proxy_gt_axes_angle,,,left_only
35746,4793,test,38,left,session_1_0_1,101,saccade_fixation,1658307396472388,4889,126.34249084249085,83.03846153846153,32.31234995643039,21.544498559328886,-42.59885327519336,2.600571567979647,Fixation,35653,93,1,23.0,20.0,26.0,23.0,4.242640687119285,0.3835834264755249,0.15625,center_proxy_gt_axes_angle,,,left_only
35747,4794,test,38,left,session_1_0_1,101,saccade_fixation,1658307396512388,4890,126.42778793418648,82.91224862888483,32.25980755992289,21.62463147094364,-42.33179104797239,5.039175662900058,Fixation,35653,94,1,23.0,20.0,26.0,22.0,3.605551275463989,0.4233149290084839,0.23333333333333334,center_proxy_gt_axes_angle,,,left_only
35748,4795,test,38,left,session_1_0_1,101,saccade_fixation,1658307396552388,4891,126.47882136279928,82.82688766114181,32.06427303430719,21.60109993701228,-41.806657080692645,3.489070560252264,Fixation,35653,95,1,23.0,20.0,27.0,22.0,4.47213595499958,0.2890819311141968,0.13846153846153847,center_proxy_gt_axes_angle,,,left_only
35749,4796,test,38,left,session_1_0_1,101,saccade_fixation,1658307396592388,4892,126.59737827715357,82.64606741573034,31.64940307564656,21.52348474809905,-40.83346725869325,3.333019918747135,Fixation,35653,96,1,23.0,20.0,14.0,21.0,9.055385138137417,0.20392203330993652,0.0,center_proxy_gt_axes_angle,,,left_only
35750,4797,test,38,left,session_1_0_1,101,saccade_fixation,1658307396632388,4893,126.7385496183206,82.64503816793894,31.228720439192426,21.400062989940203,-40.645287006048,3.218557840546548,Fixation,35653,97,1,23.0,20.0,27.0,22.0,4.47213595499958,0.33017975091934204,0.13846153846153847,center_proxy_gt_axes_angle,,,left_only
35751,4798,test,38,left,session_1_0_1,101,saccade_fixation,1658307396672388,4894,126.96101364522416,82.92007797270955,31.028937844337,21.06951591019662,-39.18891149440046,3.185358247535639,Fixation,35653,98,1,23.200000762939453,20.040000915527344,27.0,13.0,8.000100442637367,0.23992466926574707,0.0,center_proxy_gt_axes_angle,,,left_only
35752,4799,test,38,left,session_1_0_1,101,saccade_fixation,1658307396712389,4895,126.97692307692309,82.69615384615385,31.060267349686075,21.35391056242478,-41.20183369492853,3.01541951358712,Fixation,35653,99,1,23.0,20.0,46.0,47.0,35.4682957019364,0.4000355303287506,0.0,center_proxy_gt_axes_angle,,,left_only
38394,2563,test,38,left,session_1_0_2,102,smooth,1658307537792502,2609,104.96178343949045,117.96656050955414,34.909020957362,22.998072815043983,-88.46950768566376,8.838521136859308,Smooth,38331,63,1,19.1200008392334,28.84000015258789,46.0,30.0,26.905017274270783,0.3474249243736267,0.0,center_proxy_gt_axes_angle,,,left_only
38395,2564,test,38,left,session_1_0_2,102,smooth,1658307537832502,2610,107.237721021611,120.95874263261295,28.5308098495596,23.26765296392243,-81.63694294145289,4.930280074163671,Smooth,38331,64,1,19.440000534057617,29.360000610351562,28.0,31.0,8.715686367405675,0.5546205639839172,0.0,center_proxy_gt_axes_angle,,,left_only
38396,2565,test,38,left,session_1_0_2,102,smooth,1658307537992502,2614,106.49537037037037,119.7175925925926,25.438602732294456,22.019544596837,82.10007306527255,6.915749867818431,Smooth,38331,65,1,19.520000457763672,29.0,28.0,32.0,8.995020413335833,0.430858850479126,0.0,center_proxy_gt_axes_angle,,,left_only
38397,2566,test,38,left,session_1_0_2,102,smooth,1658307538032502,2615,106.18117229129662,117.3854351687389,31.72560695787284,23.082623887360405,-89.48328761325749,19.974615200419034,Smooth,38331,66,1,19.239999771118164,28.479999542236328,32.0,31.0,13.006460246669484,0.40516653656959534,0.0,center_proxy_gt_axes_angle,,,left_only
38398,2567,test,38,left,session_1_0_2,102,smooth,1658307538072502,2616,105.7584,116.2016,34.859276850811185,22.96519556891472,-89.22242828875136,25.315257387809343,Smooth,38331,67,1,19.239999771118164,28.31999969482422,30.0,30.0,10.890362985269494,0.45141351222991943,0.0,center_proxy_gt_axes_angle,,,left_only
38399,2568,test,38,left,session_1_0_2,102,smooth,1658307538112502,2617,105.57208588957056,115.61963190184048,36.26315420609266,22.974172904394447,-89.13874674532197,7.106083806650674,Smooth,38331,68,1,19.1200008392334,27.84000015258789,28.0,30.0,9.138926875516397,0.4442751705646515,0.0,center_proxy_gt_axes_angle,,,left_only
38400,2569,test,38,left,session_1_0_2,102,smooth,1658307538152502,2618,105.38425925925924,115.82253086419752,36.49500259595888,22.67786178188249,-88.96710266416507,12.568170211367582,Smooth,38331,69,1,19.0,28.0,29.0,31.0,10.44030650891055,0.48229795694351196,0.0,center_proxy_gt_axes_angle,,,left_only
38401,2570,test,38,left,session_1_0_2,102,smooth,1658307538192502,2619,105.05631659056316,117.55098934550988,37.08858354975289,22.673327645996316,-88.28959074959859,19.243892340389813,Smooth,38331,70,1,19.1200008392334,28.68000030517578,29.0,30.0,9.967787247483002,0.4816861152648926,0.0,center_proxy_gt_axes_angle,,,left_only
38402,2571,test,38,left,session_1_0_2,102,smooth,1658307538232502,2620,105.10029498525074,118.10176991150442,37.73185363664391,22.9988720067319,-87.38366907129605,19.13676156103216,Smooth,38331,71,1,19.1200008392334,28.68000030517578,28.0,30.0,8.977571179865498,0.48160314559936523,0.0,center_proxy_gt_axes_angle,,,left_only
38403,2572,test,38,left,session_1_0_2,102,smooth,1658307538272502,2621,104.9060606060606,118.62575757575758,36.804491650080855,22.913116739400152,-87.23769681832738,9.016583204863702,Smooth,38331,72,1,19.1200008392334,28.68000030517578,28.0,30.0,8.977571179865498,0.47908565402030945,0.0,center_proxy_gt_axes_angle,,,left_only
38404,2573,test,38,left,session_1_0_2,102,smooth,1658307538312502,2622,104.7874617737003,118.8256880733945,36.240187480908375,23.0592141842688,-87.3344002315673,5.8137368084190415,Smooth,38331,73,1,19.0,29.0,28.0,29.0,9.0,0.4678915739059448,0.0,center_proxy_gt_axes_angle,,,left_only
38405,2574,test,38,left,session_1_0_2,102,smooth,1658307538352502,2623,104.6564417177914,118.93711656441718,35.896717739284576,23.214159095553075,-88.6489667600852,50.217276902394936,Smooth,38331,74,1,18.8799991607666,28.84000015258789,29.0,30.0,10.186266078994835,0.4129220247268677,0.0,center_proxy_gt_axes_angle,,,left_only
38406,2575,test,38,left,session_1_0_2,102,smooth,1658307538392502,2624,104.63149847094802,118.9051987767584,35.95444248317244,23.246218010579177,-88.33740044249535,53.70599732269855,Smooth,38331,75,1,18.8799991607666,28.84000015258789,33.0,28.0,14.14496461488326,0.38250190019607544,0.0,center_proxy_gt_axes_angle,,,left_only
38407,2576,test,38,left,session_1_0_2,102,smooth,1658307538432502,2625,108.0245398773006,111.22085889570552,34.64740072398332,24.069315456227585,-80.03558265831276,50.95478834625254,Smooth,38331,76,1,19.520000457763672,27.0,32.0,28.0,12.519999543698832,0.3259086608886719,0.0,center_proxy_gt_axes_angle,,,left_only
38408,2577,test,38,left,session_1_0_2,102,smooth,1658307538472502,2626,107.65934065934066,110.72684458398744,34.19235642217594,23.82883382189573,-81.86801030565321,49.76877000239175,Smooth,38331,77,1,19.520000457763672,27.0,27.0,27.0,7.479999542236328,0.39415404200553894,0.0,center_proxy_gt_axes_angle,,,left_only
38409,2578,test,38,left,session_1_0_2,102,smooth,1658307538512502,2627,107.0112540192926,111.13183279742763,34.37746142876004,23.09842095749354,-84.17405075940685,8.658352057012616,Smooth,38331,78,1,19.559999465942383,27.0,33.0,28.0,13.477151566835962,0.41231411695480347,0.0,center_proxy_gt_axes_angle,,,left_only
38410,2579,test,38,left,session_1_0_2,102,smooth,1658307538552502,2628,106.82961783439492,111.2515923566879,34.02189927818877,23.55941102017372,-83.65038026325009,8.427032350910666,Smooth,38331,79,1,19.520000457763672,27.0,29.0,27.0,9.479999542236328,0.38401496410369873,0.0,center_proxy_gt_axes_angle,,,left_only
38411,2580,test,38,left,session_1_0_2,102,smooth,1658307538592502,2629,106.64044943820224,111.1621187800963,33.862677046768574,23.495608966075626,-83.63843195324101,4.711671439110758,Smooth,38331,80,1,19.520000457763672,27.0,28.0,26.0,8.538758237374351,0.3437384366989136,0.0,center_proxy_gt_axes_angle,,,left_only
38412,2581,test,38,left,session_1_0_2,102,smooth,1658307538632502,2630,106.34551495016612,111.0299003322259,33.183327612149405,23.13815611715818,-84.92339195235783,51.33028771330154,Smooth,38331,81,1,19.360000610351562,26.84000015258789,29.0,24.0,10.04963626700596,0.3923184871673584,0.0,center_proxy_gt_axes_angle,,,left_only
38413,2582,test,38,left,session_1_0_2,102,smooth,1658307538672502,2631,106.28140703517587,110.9430485762144,33.102810186046526,22.999758177794067,-83.9255560772258,65.00928889681941,Smooth,38331,82,1,19.360000610351562,26.84000015258789,27.0,27.0,7.641674595597512,0.35882559418678284,0.0,center_proxy_gt_axes_angle,,,left_only
38414,2583,test,38,left,session_1_0_2,102,smooth,1658307538712502,2632,107.35791366906474,103.05575539568343,32.14758283587934,22.067304279693456,-72.3090469633539,65.18827275335093,Smooth,38331,83,1,19.520000457763672,25.0,28.0,24.0,8.538758237374351,0.4918232262134552,0.0,center_proxy_gt_axes_angle,,,left_only
38415,2584,test,38,left,session_1_0_2,102,smooth,1658307538752502,2633,107.5093984962406,100.796992481203,31.70292943586347,21.434467368347985,-69.55975595483478,65.33515338462954,Smooth,38331,84,1,19.520000457763672,24.479999542236328,27.0,24.0,7.495384760797991,0.4581065773963928,0.0,center_proxy_gt_axes_angle,,,left_only
38416,2585,test,38,left,session_1_0_2,102,smooth,1658307538792502,2634,107.4675572519084,100.66030534351144,31.30070634503168,21.37537085599166,-70.4742788209518,17.116320424132823,Smooth,38331,85,1,19.520000457763672,24.440000534057617,26.0,27.0,6.9673518163652615,0.4690347909927368,0.0136986301369863,center_proxy_gt_axes_angle,,,left_only
38417,2586,test,38,left,session_1_0_2,102,smooth,1658307538832502,2635,107.52038834951456,100.5631067961165,31.2045809166326,21.075865554982524,-69.42483162681434,3.287870415510711,Smooth,38331,86,1,19.639999389648438,24.280000686645508,26.0,27.0,6.917225168253608,0.4280121922492981,0.0136986301369863,center_proxy_gt_axes_angle,,,left_only
38418,2587,test,38,left,session_1_0_2,102,smooth,1658307538872502,2636,107.5790513833992,100.32608695652172,30.554650560650018,21.16141998579027,-69.78987221776009,3.0155362820520746,Smooth,38331,87,1,19.639999389648438,24.280000686645508,28.0,28.0,9.150300819996925,0.3508184552192688,0.0,center_proxy_gt_axes_angle,,,left_only
38419,2588,test,38,left,session_1_0_2,102,smooth,1658307538912502,2637,107.7010101010101,100.30707070707072,30.282321864513392,20.87910280465952,-70.58254982221986,3.770637723033529,Smooth,38331,88,1,19.639999389648438,24.280000686645508,28.0,28.0,9.150300819996925,0.3194618225097656,0.0,center_proxy_gt_axes_angle,,,left_only
38420,2589,test,38,left,session_1_0_2,102,smooth,1658307538952502,2638,107.7914110429448,100.30265848670756,30.06940439289516,20.76512960826087,-72.09399394182678,15.367783405654196,Smooth,38331,89,1,19.639999389648438,24.280000686645508,27.0,28.0,8.246696543206454,0.40695565938949585,0.0,center_proxy_gt_axes_angle,,,left_only
38421,2590,test,38,left,session_1_0_2,102,smooth,1658307538992503,2639,108.00842105263158,100.20842105263158,29.91194608977144,20.243734606487457,-71.30019075894205,74.40080427936537,Smooth,38331,90,1,19.639999389648438,24.31999969482422,27.0,24.0,7.366953833781162,0.39003461599349976,0.0,center_proxy_gt_axes_angle,,,left_only
38422,2591,test,38,left,session_1_0_2,102,smooth,1658307539032503,2640,108.04320987654322,102.74074074074076,29.941686724478277,20.716466151017087,-74.31120544305512,80.53317149111302,Smooth,38331,91,1,19.520000457763672,25.0,29.0,24.0,9.532596252899888,0.4865800142288208,0.0,center_proxy_gt_axes_angle,,,left_only
38423,2592,test,38,left,session_1_0_2,102,smooth,1658307539072503,2641,105.53009708737864,112.01165048543687,30.91242668524684,21.34327314216221,-82.0001062645539,80.26793286369916,Smooth,38331,92,1,19.1200008392334,27.360000610351562,29.0,27.0,9.886555712491699,0.46433883905410767,0.0,center_proxy_gt_axes_angle,,,left_only
38424,2593,test,38,left,session_1_0_2,102,smooth,1658307539112503,2642,105.53191489361704,112.98839458413929,31.21127822145356,21.243092864930325,-81.07012278202853,64.52040306345738,Smooth,38331,93,1,19.239999771118164,27.520000457763672,27.0,30.0,8.146655834251165,0.4413955807685852,0.0,center_proxy_gt_axes_angle,,,left_only
38425,2594,test,38,left,session_1_0_2,102,smooth,1658307539152503,2643,105.76865671641792,112.8544776119403,31.242112615081744,21.90865096269668,-81.73179738254355,4.431863810119211,Smooth,38331,94,1,19.15999984741211,27.360000610351562,27.0,31.0,8.643795344015217,0.46124616265296936,0.0,center_proxy_gt_axes_angle,,,left_only
38426,2595,test,38,left,session_1_0_2,102,smooth,1658307539192503,2644,105.77022058823528,112.81066176470588,31.332924210704203,22.155999711343064,-82.77366699175681,1.321411221828104,Smooth,38331,95,1,19.1200008392334,27.360000610351562,28.0,31.0,9.597081882106485,0.38301682472229004,0.0,center_proxy_gt_axes_angle,,,left_only
38427,2596,test,38,left,session_1_0_2,102,smooth,1658307539232503,2645,105.61121157323689,112.71609403254972,31.68264196629788,22.26933747475829,-83.44055039741782,1.6316621351091911,Smooth,38331,96,1,19.1200008392334,27.360000610351562,33.0,30.0,14.128834823870852,0.3601421117782593,0.0,center_proxy_gt_axes_angle,,,left_only
38428,2597,test,38,left,session_1_0_2,102,smooth,1658307539272503,2646,105.43525179856115,112.80035971223022,31.8764414172073,22.254106572647203,-82.97292416102306,96.84059709964944,Smooth,38331,97,1,19.1200008392334,27.360000610351562,28.0,31.0,9.597081882106485,0.3946182131767273,0.0,center_proxy_gt_axes_angle,,,left_only
38429,2598,test,38,left,session_1_0_2,102,smooth,1658307539312503,2647,105.50805008944543,112.83899821109124,31.842621657500963,22.396176684588863,-84.00198972866201,172.5291072170383,Smooth,38331,98,1,19.1200008392334,27.360000610351562,27.0,30.0,8.310474327679886,0.45962148904800415,0.0,center_proxy_gt_axes_angle,,,left_only
38430,2599,test,38,left,session_1_0_2,102,smooth,1658307539352503,2648,119.59365994236312,105.81123919308358,32.43467441059377,27.2737569748349,-64.22896742165365,171.90070575386704,Smooth,38331,99,1,21.799999237060547,25.520000457763672,22.0,27.0,1.4934520247386938,0.6201627254486084,0.6818181818181818,center_proxy_gt_axes_angle,,,left_only
43175,4736,test,38,left,session_2_0_1,201,saccade_fixation,1658307773232690,4839,154.91536748329622,109.81069042316258,34.568241975686306,33.1551168684706,-52.73253910164469,110.3600919473917,Fixation,43139,36,1,28.399999618530273,26.639999389648438,28.0,27.0,0.5381450866428698,0.6176224946975708,0.7254901960784313,center_proxy_gt_axes_angle,,,left_only
43176,4737,test,38,left,session_2_0_1,201,saccade_fixation,1658307773272690,4840,154.48536036036035,111.61824324324324,34.16694303016221,33.1651082158228,-89.93169960703702,92.33987738606456,Fixation,43139,37,1,28.280000686645508,27.079999923706055,27.0,28.0,1.5763254417136827,0.5175723433494568,0.48484848484848486,center_proxy_gt_axes_angle,,,left_only
43177,4738,test,38,left,session_2_0_1,201,saccade_fixation,1658307773312690,4841,154.83650615901456,111.55095184770435,34.33844936883029,33.17574591722288,-78.13501273976975,9.285089131959095,Fixation,43139,38,1,28.280000686645508,27.0,27.0,28.0,1.6243157814332074,0.47936034202575684,0.5,center_proxy_gt_axes_angle,,,left_only
43178,4739,test,38,left,session_2_0_1,201,saccade_fixation,1658307773352690,4842,155.06741573033707,111.44157303370788,34.443900546179954,32.97309826461788,-79.33084372646398,6.718545774756297,Fixation,43139,39,1,28.15999984741211,27.0,27.0,28.0,1.5315350619545467,0.46987995505332947,0.5,center_proxy_gt_axes_angle,,,left_only
43179,4740,test,38,left,session_2_0_1,201,saccade_fixation,1658307773392690,4843,155.3090909090909,111.24318181818182,34.180033696803314,32.826479796411824,-82.49277090950552,4.500949707411732,Fixation,43139,40,1,28.15999984741211,27.0,28.0,28.0,1.012719087986347,0.3704891502857208,0.6271186440677966,center_proxy_gt_axes_angle,,,left_only
43180,4741,test,38,left,session_2_0_1,201,saccade_fixation,1658307773432690,4844,155.48323699421965,111.2184971098266,34.02621305710204,32.40696651967292,-83.22446484220018,2.996683864326992,Fixation,43139,41,1,28.239999771118164,27.1200008392334,28.0,28.0,0.912139470194495,0.3625691533088684,0.6271186440677966,center_proxy_gt_axes_angle,,,left_only
43181,4742,test,38,left,session_2_0_1,201,saccade_fixation,1658307773472690,4845,155.38562874251497,111.08502994011975,33.3035355274281,31.96294396469457,-88.95353169985115,1.7528594329685423,Fixation,43139,42,1,28.440000534057617,27.0,28.0,26.0,1.0925202377855472,0.35126471519470215,0.639344262295082,center_proxy_gt_axes_angle,,,left_only
43182,4743,test,38,left,session_2_0_1,201,saccade_fixation,1658307773512690,4846,155.37142857142857,111.07080745341617,32.796047173805576,31.297173836738413,85.77855508899306,2.303948205001451,Fixation,43139,43,1,28.479999542236328,27.0,28.0,26.0,1.109233771820478,0.4117703437805176,0.6333333333333333,center_proxy_gt_axes_angle,,,left_only
43183,4744,test,38,left,session_2_0_1,201,saccade_fixation,1658307773552690,4847,155.32985658409387,110.96349413298566,31.66479829073297,30.87512357466907,-89.88470352348803,2.315805869585796,Fixation,43139,44,1,28.479999542236328,27.0,28.0,26.0,1.109233771820478,0.3830361068248749,0.6333333333333333,center_proxy_gt_axes_angle,,,left_only
43184,4745,test,38,left,session_2_0_1,201,saccade_fixation,1658307773592691,4848,155.36572199730094,110.86909581646424,31.39646332376364,30.0894589569748,82.13533376843054,2.477164296559548,Fixation,43139,45,1,28.399999618530273,26.68000030517578,29.0,26.0,0.9068632051213529,0.3292883634567261,0.6842105263157895,center_proxy_gt_axes_angle,,,left_only
43185,4746,test,38,left,session_2_0_1,201,saccade_fixation,1658307773632691,4849,155.3617606602476,110.7152682255846,30.83230114536559,30.063712545240108,-86.0236983890153,2.0309205044801404,Fixation,43139,46,1,28.399999618530273,26.68000030517578,32.0,25.0,3.9727073604750824,0.3273982107639313,0.2894736842105263,center_proxy_gt_axes_angle,,,left_only
43186,4747,test,38,left,session_2_0_1,201,saccade_fixation,1658307773672691,4850,155.38472418670435,110.67468175388969,30.16195847129303,29.88984221086946,89.24716196445615,1.5740223645995075,Fixation,43139,47,1,28.360000610351562,26.8799991607666,32.0,24.0,4.641550465378711,0.3182939887046814,0.21951219512195122,center_proxy_gt_axes_angle,,,left_only
43187,4748,test,38,left,session_2_0_1,201,saccade_fixation,1658307773712691,4851,155.43247126436782,110.65517241379312,30.036829251899736,29.560724244991743,-77.37755712141642,0.5002778953935062,Fixation,43139,48,1,28.360000610351562,26.8799991607666,46.0,24.0,17.873555148117948,0.26441627740859985,0.0,center_proxy_gt_axes_angle,,,left_only
43188,4749,test,38,left,session_2_0_1,201,saccade_fixation,1658307773752691,4852,155.4092219020173,110.62103746397696,30.008817954745734,29.50061269639576,-69.08832654757464,0.8308793759943632,Fixation,43139,49,1,28.360000610351562,26.8799991607666,46.0,24.0,17.873555148117948,0.32413285970687866,0.0,center_proxy_gt_axes_angle,,,left_only
43189,4750,test,38,left,session_2_0_1,201,saccade_fixation,1658307773792691,4853,155.3187772925764,110.64774381368268,29.99120561983915,29.23133449728888,-85.05750279612232,1.9099333684694373,Fixation,43139,50,1,28.360000610351562,26.8799991607666,46.0,23.0,18.061671349970545,0.3317228853702545,0.0,center_proxy_gt_axes_angle,,,left_only
43190,4751,test,38,left,session_2_0_1,201,saccade_fixation,1658307773832691,4854,155.33284241531663,110.55228276877762,29.797292729232684,29.083322966041464,-57.69793002870691,2.4452604497149784,Fixation,43139,51,1,28.31999969482422,26.84000015258789,46.0,23.0,18.092208598258278,0.33263036608695984,0.0,center_proxy_gt_axes_angle,,,left_only
43191,4752,test,38,left,session_2_0_1,201,saccade_fixation,1658307773872691,4855,155.21148036253777,110.4441087613293,29.37229624275711,28.78414178368392,-64.92995632360842,1.202965419796697,Fixation,43139,52,1,28.239999771118164,26.959999084472656,46.0,23.0,18.196131481139258,0.3067805767059326,0.0,center_proxy_gt_axes_angle,,,left_only
43192,4753,test,38,left,session_2_0_1,201,saccade_fixation,1658307773912691,4856,155.0547730829421,110.45539906103286,28.806905460703767,28.31962201859921,-82.06852540165187,0.6862664043321072,Fixation,43139,53,1,28.280000686645508,26.68000030517578,46.0,23.0,18.0980876865866,0.3472801446914673,0.0,center_proxy_gt_axes_angle,,,left_only
43193,4754,test,38,left,session_2_0_1,201,saccade_fixation,1658307773952691,4857,155.20352564102564,110.49358974358974,28.428281660282217,28.033224735818287,-76.33570296590032,0.4868999071731279,Fixation,43139,54,1,28.280000686645508,26.68000030517578,46.0,23.0,18.0980876865866,0.3589145839214325,0.0,center_proxy_gt_axes_angle,,,left_only
43194,4755,test,38,left,session_2_0_1,201,saccade_fixation,1658307773992691,4858,155.22764227642276,110.58373983739835,28.32918997085212,27.69488614607075,-77.07777936730254,1.0128589759136548,Fixation,43139,55,1,28.280000686645508,26.68000030517578,46.0,23.0,18.0980876865866,0.338725745677948,0.0,center_proxy_gt_axes_angle,,,left_only
43195,4756,test,38,left,session_2_0_1,201,saccade_fixation,1658307774032691,4859,155.16336633663366,110.38283828382838,28.043345375162744,27.575280243746477,-65.86690192710537,16.724895630045864,Fixation,43139,56,1,28.280000686645508,26.68000030517578,46.0,24.0,17.921517159577366,0.3380473852157593,0.0,center_proxy_gt_axes_angle,,,left_only
43196,4757,test,38,left,session_2_0_1,201,saccade_fixation,1658307774072691,4860,155.13953488372093,110.3172757475083,27.978926215629304,27.450258321066556,-60.38696013267786,24.873278337460444,Fixation,43139,57,1,28.280000686645508,26.68000030517578,46.0,24.0,17.921517159577366,0.3436266779899597,0.0,center_proxy_gt_axes_angle,,,left_only
43197,4758,test,38,left,session_2_0_1,201,saccade_fixation,1658307774112691,4861,156.39310344827587,108.09655172413792,27.447613355707027,26.977001395816018,-69.95079697131428,24.177318968709766,Fixation,43139,58,1,28.639999389648438,26.15999984741211,29.0,25.0,1.2145781512317824,0.3671458959579468,0.45098039215686275,center_proxy_gt_axes_angle,,,left_only
43198,4759,test,38,left,session_2_0_1,201,saccade_fixation,1658307774152691,4862,156.85254237288137,106.95084745762712,27.732504060826347,27.13705894185149,-41.26577691071782,24.241250926441765,Fixation,43139,59,1,28.68000030517578,25.8799991607666,29.0,26.0,0.3417601587433987,0.6648798584938049,1.0,center_proxy_gt_axes_angle,,,left_only
43199,4760,test,38,left,session_2_0_1,201,saccade_fixation,1658307774192691,4863,156.8877551020408,106.92006802721087,27.59304296346319,27.18306110198017,-41.33313465868429,8.72861572391901,Fixation,43139,60,1,28.84000015258789,25.8799991607666,27.0,26.0,1.8439090983397692,0.5015853047370911,0.45098039215686275,center_proxy_gt_axes_angle,,,left_only
43200,4761,test,38,left,session_2_0_1,201,saccade_fixation,1658307774232691,4864,156.98641765704585,106.90662139219016,27.574164431013315,27.246190737906787,-17.81071427746801,2.307901669585548,Fixation,43139,61,1,28.84000015258789,25.8799991607666,28.0,26.0,0.8485284071640734,0.40533554553985596,0.6818181818181818,center_proxy_gt_axes_angle,,,left_only
43201,4762,test,38,left,session_2_0_1,201,saccade_fixation,1658307774272691,4865,157.03209459459458,106.85472972972973,27.735239206929645,27.23168250523146,-31.37610487390361,2.367139133921933,Fixation,43139,62,1,28.84000015258789,25.8799991607666,32.0,25.0,3.2802435212335195,0.3118695616722107,0.30303030303030304,center_proxy_gt_axes_angle,,,left_only
43202,4763,test,38,left,session_2_0_1,201,saccade_fixation,1658307774312691,4866,157.08833333333334,106.66666666666669,27.92357306015168,27.38755396158656,-60.81364603118561,3.294614984557757,Fixation,43139,63,1,28.84000015258789,25.8799991607666,32.0,26.0,3.1622775395371727,0.3349461257457733,0.34375,center_proxy_gt_axes_angle,,,left_only
43203,4764,test,38,left,session_2_0_1,201,saccade_fixation,1658307774352691,4867,157.09181969949915,106.60100166944908,27.809262146142174,27.453823652178205,-60.81672070829745,3.159615459177021,Fixation,43139,64,1,28.84000015258789,25.8799991607666,29.0,27.0,1.1313716591179996,0.31567031145095825,0.72,center_proxy_gt_axes_angle,,,left_only
43204,4765,test,38,left,session_2_0_1,201,saccade_fixation,1658307774392691,4868,157.00822368421052,106.37993421052632,28.039722098960134,27.64512210434842,74.01104211865052,1.501640521438967,Fixation,43139,65,1,28.799999237060547,25.68000030517578,29.0,28.0,2.328604493932113,0.31305456161499023,0.45098039215686275,center_proxy_gt_axes_angle,,,left_only
43205,4766,test,38,left,session_2_0_1,201,saccade_fixation,1658307774432691,4869,156.92357723577237,106.3609756097561,28.29662255354447,27.700798416297747,78.963451912684,0.1397961511172214,Fixation,43139,66,1,28.719999313354492,25.68000030517578,29.0,28.0,2.336835246333473,0.2909863591194153,0.45098039215686275,center_proxy_gt_axes_angle,,,left_only
43206,4767,test,38,left,session_2_0_1,201,saccade_fixation,1658307774472691,4870,156.99190938511327,106.44660194174756,28.213243875235964,27.9299607217776,86.51876204418036,1.3962639812153774,Fixation,43139,67,1,28.719999313354492,25.719999313354492,29.0,27.0,1.3102679658508511,0.24000772833824158,0.72,center_proxy_gt_axes_angle,,,left_only
43207,4768,test,38,left,session_2_0_1,201,saccade_fixation,1658307774512691,4871,157.11414790996784,106.59967845659165,28.279268117086367,28.04370353892092,75.19492313031147,1.737072226837415,Fixation,43139,68,1,28.8799991607666,25.84000015258789,29.0,25.0,0.8485284071640734,0.23897239565849304,0.6818181818181818,center_proxy_gt_axes_angle,,,left_only
43208,4769,test,38,left,session_2_0_1,201,saccade_fixation,1658307774552691,4872,157.02702702702703,106.60254372019078,28.402202096572022,28.2439381268532,36.08583648620771,1.639813449425979,Fixation,43139,69,1,28.760000228881836,25.959999084472656,29.0,27.0,1.0673339657457193,0.2602386474609375,0.6818181818181818,center_proxy_gt_axes_angle,,,left_only
43209,4770,test,38,left,session_2_0_1,201,saccade_fixation,1658307774592691,4873,157.0992125984252,106.5763779527559,28.531826008026588,28.381911419840627,56.132078654065324,0.3940108268048201,Fixation,43139,70,1,28.719999313354492,25.68000030517578,28.0,27.0,1.5035950936229376,0.30489078164100647,0.6086956521739131,center_proxy_gt_axes_angle,,,left_only
43210,4771,test,38,left,session_2_0_1,201,saccade_fixation,1658307774632691,4874,157.19753086419752,106.60956790123456,28.96618878736548,28.512857384535767,83.65154315174954,0.6903456389733998,Fixation,43139,71,1,28.8799991607666,25.84000015258789,28.0,27.0,1.4560213490694565,0.30739107728004456,0.6271186440677966,center_proxy_gt_axes_angle,,,left_only
43211,4772,test,38,left,session_2_0_1,201,saccade_fixation,1658307774672691,4875,157.17709923664123,106.6030534351145,29.086587532588677,28.71876358058279,-72.63416252619248,1.583113111366503,Fixation,43139,72,1,28.719999313354492,26.0,28.0,24.0,2.1256526083137244,0.276078462600708,0.46875,center_proxy_gt_axes_angle,,,left_only
43212,4773,test,38,left,session_2_0_1,201,saccade_fixation,1658307774712691,4876,157.02061855670104,106.71281296023564,29.59876761458761,29.26765053588883,-59.74861695364201,28.109816191595005,Fixation,43139,73,1,28.719999313354492,26.0,28.0,24.0,2.1256526083137244,0.26053354144096375,0.46875,center_proxy_gt_axes_angle,,,left_only
43213,4774,test,38,left,session_2_0_1,201,saccade_fixation,1658307774752691,4877,156.92485549132948,106.7601156069364,30.028778018407312,29.39802867835281,-45.46100464415844,117.63929961082162,Fixation,43139,74,1,28.719999313354492,26.0,45.0,25.0,16.310684300702352,0.32580024003982544,0.0,center_proxy_gt_axes_angle,,,left_only
43214,4775,test,38,left,session_2_0_1,201,saccade_fixation,1658307774792691,4878,154.46783625730995,103.03508771929825,30.067630535434454,29.008884477037377,-77.1868310570718,178.95640538930044,Fixation,43139,75,1,28.1200008392334,24.84000015258789,28.0,25.0,0.20000038147118174,0.6794842481613159,0.7543859649122807,center_proxy_gt_axes_angle,,,left_only
43215,4776,test,38,left,session_2_0_1,201,saccade_fixation,1658307774832691,4879,141.632,95.9904,30.28823173632285,26.298599957541573,-35.99225809778079,180.3666688324561,Fixation,43139,76,1,25.8799991607666,23.15999984741211,27.0,23.0,1.1313716591179996,0.669695258140564,0.6086956521739131,center_proxy_gt_axes_angle,,,left_only
43216,4777,test,38,left,session_2_0_1,201,saccade_fixation,1658307774872692,4880,129.9866220735786,97.27759197324414,30.69401253715586,24.83065739061275,-49.85447960458518,158.00071052851038,Fixation,43139,77,1,23.68000030517578,23.479999542236328,24.0,23.0,0.5768876539107746,0.6752724647521973,0.6818181818181818,center_proxy_gt_axes_angle,,,left_only
43217,4778,test,38,left,session_2_0_1,201,saccade_fixation,1658307774912692,4881,129.76655629139074,97.0,30.805678738256823,25.00951759587245,-48.96267897746955,72.8213772611775,Fixation,43139,78,1,23.559999465942383,23.639999389648438,28.0,23.0,4.485889428104787,0.47284024953842163,0.15625,center_proxy_gt_axes_angle,,,left_only
43218,4779,test,38,left,session_2_0_1,201,saccade_fixation,1658307774952692,4882,129.94281045751634,96.90196078431372,31.10020336988983,25.10154522963604,-48.20375777697893,24.30105455635255,Fixation,43139,79,1,23.68000030517578,23.479999542236328,27.0,30.0,7.316611506897943,0.37919995188713074,0.0,center_proxy_gt_axes_angle,,,left_only
43219,4780,test,38,left,session_2_0_1,201,saccade_fixation,1658307774992692,4883,130.01294498381878,96.85922330097088,31.360302539279225,25.129914944009126,-49.29579684880522,160.64984911850996,Fixation,43139,80,1,23.639999389648438,23.520000457763672,27.0,30.0,7.299314910931429,0.3886175751686096,0.0,center_proxy_gt_axes_angle,,,left_only
43220,4781,test,38,left,session_2_0_1,201,saccade_fixation,1658307775032692,4884,126.92156862745098,99.66993464052288,31.20209297442125,25.003260656695097,-49.13982394257874,189.32548744651905,Fixation,43139,81,1,23.0,24.360000610351562,26.0,25.0,3.0675070038632954,0.4971463978290558,0.27586206896551724,center_proxy_gt_axes_angle,,,left_only
43221,4782,test,38,left,session_2_0_1,201,saccade_fixation,1658307775072692,4885,112.45117845117844,115.996632996633,32.66351767970137,23.25221972870132,-77.47467172437354,190.2997850417288,Fixation,43139,82,1,20.479999542236328,28.0,20.0,27.0,1.109233771820478,0.6307113170623779,0.4230769230769231,center_proxy_gt_axes_angle,,,left_only
43222,4783,test,38,left,session_2_0_1,201,saccade_fixation,1658307775112692,4886,110.63185840707963,120.24070796460175,32.66144010113558,22.1201138194014,-85.33227033567951,162.90250720522437,Fixation,43139,83,1,19.959999084472656,29.31999969482422,29.0,30.0,9.065540081416792,0.31975051760673523,0.0,center_proxy_gt_axes_angle,,,left_only
43223,4784,test,38,left,session_2_0_1,201,saccade_fixation,1658307775152692,4887,110.9255319148936,120.58156028368796,32.95024281719934,21.85869733390229,-85.77468613762026,26.550483145096138,Fixation,43139,84,1,20.200000762939453,29.15999984741211,28.0,28.0,7.885783901689243,0.4213704466819763,0.0,center_proxy_gt_axes_angle,,,left_only
43224,4785,test,38,left,session_2_0_1,201,saccade_fixation,1658307775192692,4888,111.12367491166076,120.40106007067138,32.50237039713955,22.22086864268487,-84.32919063396398,4.06034612359932,Fixation,43139,85,1,20.200000762939453,29.15999984741211,28.0,28.0,7.885783901689243,0.39110106229782104,0.0,center_proxy_gt_axes_angle,,,left_only
43225,4786,test,38,left,session_2_0_1,201,saccade_fixation,1658307775232692,4889,111.10553633217994,120.02595155709342,33.31751715610167,22.151642029697182,-84.41138003658232,5.358671877374153,Fixation,43139,86,1,20.200000762939453,29.15999984741211,27.0,29.0,6.801881326162337,0.3529081642627716,0.027777777777777776,center_proxy_gt_axes_angle,,,left_only
43226,4787,test,38,left,session_2_0_1,201,saccade_fixation,1658307775272692,4890,111.20068027210884,119.92687074829932,33.50016919744718,22.393555354863523,-84.14699227614211,3.110487481888033,Fixation,43139,87,1,20.200000762939453,29.15999984741211,27.0,29.0,6.801881326162337,0.4126531481742859,0.027777777777777776,center_proxy_gt_axes_angle,,,left_only
43227,4788,test,38,left,session_2_0_1,201,saccade_fixation,1658307775312692,4891,111.35402684563758,119.83892617449663,33.69204973198553,22.564652962894403,-83.04449072974437,5.410384737103021,Fixation,43139,88,1,20.239999771118164,29.0,28.0,29.0,7.760000228881836,0.4215090274810791,0.0,center_proxy_gt_axes_angle,,,left_only
43228,4789,test,38,left,session_2_0_1,201,saccade_fixation,1658307775352692,4892,111.36912751677852,119.96812080536913,33.72751906734536,22.555890187905597,-84.65585309921438,157.09335194694285,Fixation,43139,89,1,20.200000762939453,29.15999984741211,28.0,29.0,7.801640087143024,0.4496777653694153,0.0,center_proxy_gt_axes_angle,,,left_only
43229,4790,test,38,left,session_2_0_1,201,saccade_fixation,1658307775392692,4893,111.89772727272728,119.67694805194805,33.533724289093065,23.48008766200166,-83.92765197791469,302.59177661379056,Fixation,43139,90,1,20.360000610351562,28.8799991607666,27.0,29.0,6.641083653738171,0.41000503301620483,0.04225352112676056,center_proxy_gt_axes_angle,,,left_only
43230,4791,test,38,left,session_2_0_1,201,saccade_fixation,1658307775432692,4894,129.28189910979228,102.4673590504451,32.40517920240717,26.54683662109035,-51.89001959551612,348.11850052678113,Fixation,43139,91,1,23.559999465942383,24.799999237060547,24.0,25.0,0.48332264083875864,0.6456032395362854,1.0,center_proxy_gt_axes_angle,,,left_only
43231,4792,test,38,left,session_2_0_1,201,saccade_fixation,1658307775472692,4895,150.48103186646435,91.3247344461305,31.764020246971,26.46371525464462,-22.21932224331391,347.69041633892164,Fixation,43139,92,1,27.520000457763672,22.0,27.0,23.0,1.1271204354790256,0.7004306316375732,0.6086956521739131,center_proxy_gt_axes_angle,,,left_only
43232,4793,test,38,left,session_2_0_1,201,saccade_fixation,1658307775512692,4896,158.66156202143952,90.5436447166922,31.595832344039035,26.341719728757,-7.266793552238596,202.7580262887382,Fixation,43139,93,1,28.8799991607666,22.1200008392334,29.0,22.0,0.16970681434002546,0.6450756788253784,1.0,center_proxy_gt_axes_angle,,,left_only
43233,4794,test,38,left,session_2_0_1,201,saccade_fixation,1658307775552692,4897,159.08832335329342,90.2185628742515,31.61414757305668,26.93467840154441,-8.07010209186896,56.81465710997735,Fixation,43139,94,1,29.15999984741211,21.84000015258789,28.0,22.0,1.1709823214583623,0.5720398426055908,0.6818181818181818,center_proxy_gt_axes_angle,,,left_only
43234,4795,test,38,left,session_2_0_1,201,saccade_fixation,1658307775592692,4898,159.30803571428572,90.1845238095238,31.70925312141569,27.01072663776616,-5.811015003316442,5.705488840980402,Fixation,43139,95,1,29.15999984741211,21.84000015258789,29.0,27.0,5.162479866930707,0.4134176969528198,0.08823529411764706,center_proxy_gt_axes_angle,,,left_only
43235,4796,test,38,left,session_2_0_1,201,saccade_fixation,1658307775632692,4899,159.50074515648285,90.19374068554396,31.7362664756596,26.94743224615401,-3.13756386771027,2.639017731524014,Fixation,43139,96,1,29.239999771118164,21.959999084472656,29.0,27.0,5.045711953595175,0.30382969975471497,0.11688311688311688,center_proxy_gt_axes_angle,,,left_only
43236,4797,test,38,left,session_2_0_1,201,saccade_fixation,1658307775672692,4900,159.47005988023952,90.11976047904191,31.67795429809675,26.881419105901543,-4.412783516798044,2.0117971602277733,Fixation,43139,97,1,29.239999771118164,21.959999084472656,45.0,28.0,16.877772906219786,0.34544289112091064,0.0,center_proxy_gt_axes_angle,,,left_only
43237,4798,test,38,left,session_2_0_1,201,saccade_fixation,1658307775712692,4901,159.4439393939394,89.99090909090908,31.27562907395744,26.905701113011016,-6.251987956248286,2.820543343176324,Fixation,43139,98,1,29.1200008392334,21.84000015258789,29.0,23.0,1.1661903135478517,0.24644818902015686,0.6818181818181818,center_proxy_gt_axes_angle,,,left_only
43238,4799,test,38,left,session_2_0_1,201,saccade_fixation,1658307775752692,4902,159.3151326053042,89.86271450858034,30.654744438748384,26.659227338462955,-6.91339689130524,2.0253764234762075,Fixation,43139,99,1,29.1200008392334,21.84000015258789,45.0,28.0,17.03290848522545,0.4031688868999481,0.0,center_proxy_gt_axes_angle,,,left_only
45840,2564,test,38,left,session_2_0_2,202,smooth,1658307908112798,2616,104.81205673758863,122.74113475177305,31.49103189082349,23.128002910319346,-87.1183838563434,14.151119949082824,Smooth,45776,64,1,18.8799991607666,29.639999389648438,27.0,32.0,8.456004760524372,0.48586398363113403,0.0,center_proxy_gt_axes_angle,,,left_only
45841,2565,test,38,left,session_2_0_2,202,smooth,1658307908152798,2617,104.41042345276873,121.99837133550488,34.867282665520804,22.626284140739195,-87.77958422025635,15.079684865291052,Smooth,45776,65,1,18.760000228881836,29.68000030517578,28.0,31.0,9.333809241922602,0.48584407567977905,0.0,center_proxy_gt_axes_angle,,,left_only
45842,2566,test,38,left,session_2_0_2,202,smooth,1658307908192798,2618,104.26582278481013,121.73575949367088,35.7159022272116,22.66374988099466,-88.37036336583436,19.058474635138943,Smooth,45776,66,1,18.760000228881836,29.520000457763672,27.0,32.0,8.605114406997725,0.4601939618587494,0.0,center_proxy_gt_axes_angle,,,left_only
45843,2567,test,38,left,session_2_0_2,202,smooth,1658307908232798,2619,103.92647058823528,122.4967320261438,35.867449344769994,21.779079189086183,-88.67404738250438,26.276098391835824,Smooth,45776,67,1,18.719999313354492,29.719999313354492,27.0,32.0,8.588178765137231,0.4543161988258362,0.0,center_proxy_gt_axes_angle,,,left_only
45844,2568,test,38,left,session_2_0_2,202,smooth,1658307908272798,2620,103.75742574257426,125.6023102310231,35.38966659825266,21.882837640687228,89.74667465520828,27.32119527441925,Smooth,45776,68,1,18.719999313354492,30.479999542236328,28.0,31.0,9.294558258476597,0.4570627808570862,0.0,center_proxy_gt_axes_angle,,,left_only
45845,2569,test,38,left,session_2_0_2,202,smooth,1658307908312798,2621,103.45673076923076,126.09294871794872,35.243523720504506,22.622491701082,-88.75143219194872,22.622266105888045,Smooth,45776,69,1,18.719999313354492,30.520000457763672,28.0,32.0,9.397276807094746,0.4485192894935608,0.0,center_proxy_gt_axes_angle,,,left_only
45846,2570,test,38,left,session_2_0_2,202,smooth,1658307908352798,2622,103.44976076555024,126.03030303030305,35.34516950930684,22.676642266591283,-88.94445068666887,4.83097426433183,Smooth,45776,70,1,18.719999313354492,30.520000457763672,27.0,30.0,8.296313147834073,0.452594131231308,0.0,center_proxy_gt_axes_angle,,,left_only
45847,2571,test,38,left,session_2_0_2,202,smooth,1658307908392799,2623,103.32649842271292,126.06624605678232,35.20688227485437,22.987294156804257,-88.36486335084977,0.5587588540176087,Smooth,45776,71,1,18.600000381469727,30.68000030517578,27.0,29.0,8.56635246862394,0.4734998941421509,0.0,center_proxy_gt_axes_angle,,,left_only
45848,2572,test,38,left,session_2_0_2,202,smooth,1658307908432799,2624,103.375,126.27403846153848,34.77293332580883,22.924217757485668,-87.98447473704431,31.42401494239033,Smooth,45776,72,1,18.719999313354492,30.719999313354492,27.0,29.0,8.456761141760479,0.42880749702453613,0.0,center_proxy_gt_axes_angle,,,left_only
45849,2573,test,38,left,session_2_0_2,202,smooth,1658307908472799,2625,103.5241935483871,126.1516129032258,35.05380562007864,22.614625901878146,-88.27935610223305,32.31270079893012,Smooth,45776,73,1,18.719999313354492,30.719999313354492,26.0,29.0,7.480428305618535,0.4095648527145386,0.0,center_proxy_gt_axes_angle,,,left_only
45850,2574,test,38,left,session_2_0_2,202,smooth,1658307908512799,2626,107.06430868167205,122.53536977491962,34.20631732386727,23.21081624247732,-85.48881410269601,31.628469483812225,Smooth,45776,74,1,19.440000534057617,29.8799991607666,29.0,30.0,9.56075258492946,0.49535977840423584,0.0,center_proxy_gt_axes_angle,,,left_only
45851,2575,test,38,left,session_2_0_2,202,smooth,1658307908552799,2627,106.84072249589492,122.27422003284072,34.03772736588751,22.84167154049086,-85.98643682576187,30.2755552455289,Smooth,45776,75,1,19.440000534057617,29.8799991607666,27.0,33.0,8.178508247954893,0.502690315246582,0.0,center_proxy_gt_axes_angle,,,left_only
45852,2576,test,38,left,session_2_0_2,202,smooth,1658307908592799,2628,106.48160535117056,122.27926421404682,33.53209540265334,22.782471337667108,-87.97893979371646,4.414945553961587,Smooth,45776,76,1,19.280000686645508,29.719999313354492,27.0,29.0,7.753501686942795,0.4255525767803192,0.0,center_proxy_gt_axes_angle,,,left_only
45853,2577,test,38,left,session_2_0_2,202,smooth,1658307908632799,2629,106.57529610829104,122.3891708967851,33.42893424017284,22.591176287241066,-86.86832674928537,2.352782636877989,Smooth,45776,77,1,19.360000610351562,29.84000015258789,27.0,30.0,7.641674595597512,0.4201944172382355,0.0,center_proxy_gt_axes_angle,,,left_only
45854,2578,test,38,left,session_2_0_2,202,smooth,1658307908672799,2630,106.44915254237289,122.18813559322034,33.07873349514706,22.789453579151992,-87.82240309545004,5.793084032876152,Smooth,45776,78,1,19.280000686645508,29.719999313354492,28.0,30.0,8.724493590428317,0.4144645929336548,0.0,center_proxy_gt_axes_angle,,,left_only
45855,2579,test,38,left,session_2_0_2,202,smooth,1658307908712799,2631,106.4656357388316,122.24226804123712,32.84176713149822,22.63728319997717,-87.04932063261295,22.785253367926423,Smooth,45776,79,1,19.360000610351562,29.84000015258789,28.0,30.0,8.641480741417947,0.382448673248291,0.0,center_proxy_gt_axes_angle,,,left_only
45856,2580,test,38,left,session_2_0_2,202,smooth,1658307908752799,2632,105.72299651567944,122.81184668989548,32.66795462160057,22.446222820727517,-86.67591060940352,26.03447959767496,Smooth,45776,80,1,19.200000762939453,29.959999084472656,28.0,30.0,8.800090149851263,0.3896236717700958,0.0,center_proxy_gt_axes_angle,,,left_only
45857,2581,test,38,left,session_2_0_2,202,smooth,1658307908792799,2633,103.6497277676951,124.5644283121597,32.817761681004946,21.42880601150644,-88.00000074401186,25.32620084920299,Smooth,45776,81,1,18.639999389648438,30.1200008392334,26.0,30.0,7.360978819816839,0.4368976354598999,0.0,center_proxy_gt_axes_angle,,,left_only
45858,2582,test,38,left,session_2_0_2,202,smooth,1658307908832799,2634,103.3858695652174,125.0108695652174,33.05189749027633,21.341923808874014,-88.98992739155594,20.188388162528344,Smooth,45776,82,1,18.639999389648438,30.1200008392334,26.0,31.0,7.412422512736662,0.46457523107528687,0.0,center_proxy_gt_axes_angle,,,left_only
45859,2583,test,38,left,session_2_0_2,202,smooth,1658307908872799,2635,103.51381215469613,125.0184162062615,33.11645642953923,20.919712619215534,-88.40036557005097,3.938036013306761,Smooth,45776,83,1,18.639999389648438,30.1200008392334,27.0,31.0,8.40618871594187,0.4419374465942383,0.0,center_proxy_gt_axes_angle,,,left_only
45860,2584,test,38,left,session_2_0_2,202,smooth,1658307908912799,2636,103.4962962962963,125.15185185185184,32.8804822390366,20.96242454988463,-89.17792667731946,1.9741842981742683,Smooth,45776,84,1,18.68000030517578,30.31999969482422,27.0,31.0,8.34774193042132,0.42176640033721924,0.0,center_proxy_gt_axes_angle,,,left_only
45861,2585,test,38,left,session_2_0_2,202,smooth,1658307908952799,2637,103.5816513761468,125.1908256880734,32.86590220200224,21.172642368869266,-89.59937901269512,1.6831245409518347,Smooth,45776,85,1,19.0,30.479999542236328,28.0,31.0,9.015009732444797,0.40630215406417847,0.0,center_proxy_gt_axes_angle,,,left_only
45862,2586,test,38,left,session_2_0_2,202,smooth,1658307908992799,2638,103.56617647058825,125.27022058823528,32.71271371544684,21.241440841797345,-89.33224600987695,7.96010364663817,Smooth,45776,86,1,18.68000030517578,30.31999969482422,28.0,29.0,9.413011925301038,0.30934008955955505,0.0,center_proxy_gt_axes_angle,,,left_only
45863,2587,test,38,left,session_2_0_2,202,smooth,1658307909032799,2639,103.64652014652016,125.25274725274726,32.55071680078995,21.41567262699988,-89.43495054708139,9.909132490401545,Smooth,45776,87,1,19.0,30.479999542236328,27.0,28.0,8.375583426215298,0.26521092653274536,0.0,center_proxy_gt_axes_angle,,,left_only
45864,2588,test,38,left,session_2_0_2,202,smooth,1658307909072799,2640,102.7482269503546,126.18262411347516,32.57956223422275,22.115817218537995,-89.08515762021028,9.91794222746213,Smooth,45776,88,1,18.479999542236328,31.0,27.0,29.0,8.751594586147897,0.36253225803375244,0.0,center_proxy_gt_axes_angle,,,left_only
45865,2589,test,38,left,session_2_0_2,202,smooth,1658307909112799,2641,102.67198581560284,126.48936170212764,32.54974094059841,22.12689701882009,-88.19489901052643,10.104042143810378,Smooth,45776,89,1,18.399999618530273,30.760000228881836,27.0,30.0,8.633516485718891,0.42319953441619873,0.0,center_proxy_gt_axes_angle,,,left_only
45866,2590,test,38,left,session_2_0_2,202,smooth,1658307909152799,2642,102.73415492957749,126.62147887323944,32.94814559217326,22.024554015036305,-88.85700058731564,2.442313578066236,Smooth,45776,90,1,18.559999465942383,30.8799991607666,27.0,29.0,8.646849475929137,0.4339803457260132,0.0,center_proxy_gt_axes_angle,,,left_only
45867,2591,test,38,left,session_2_0_2,202,smooth,1658307909192799,2643,102.70260869565216,126.56521739130434,33.115379041262656,22.17236500710565,-88.14526215023082,0.3790884486962596,Smooth,45776,91,1,18.479999542236328,31.0,26.0,30.0,7.586198447494359,0.3835451602935791,0.0,center_proxy_gt_axes_angle,,,left_only
45868,2592,test,38,left,session_2_0_2,202,smooth,1658307909232799,2644,102.68630849220104,126.5684575389948,33.12362307044647,22.22987873175095,-89.29351940679933,0.5150809464766891,Smooth,45776,92,1,18.479999542236328,31.0,27.0,30.0,8.578485169322914,0.38432425260543823,0.0,center_proxy_gt_axes_angle,,,left_only
45869,2593,test,38,left,session_2_0_2,202,smooth,1658307909272799,2645,102.70648464163824,126.53924914675768,33.264925417816286,22.48914861189825,-89.22851158786496,0.1625557926520105,Smooth,45776,93,1,18.479999542236328,31.0,27.0,29.0,8.751594586147897,0.31579506397247314,0.0,center_proxy_gt_axes_angle,,,left_only
45870,2594,test,38,left,session_2_0_2,202,smooth,1658307909312799,2646,102.7312925170068,126.53911564625852,33.33608195361072,22.515045205444032,-89.23421128953056,0.3120262978581871,Smooth,45776,94,1,18.479999542236328,31.0,28.0,32.0,9.572377380558109,0.24607416987419128,0.0,center_proxy_gt_axes_angle,,,left_only
45871,2595,test,38,left,session_2_0_2,202,smooth,1658307909352799,2647,102.7277397260274,126.57191780821918,33.40772956491996,22.30787173713068,-89.08082823834619,9.83384406658424,Smooth,45776,95,1,18.479999542236328,31.0,28.0,32.0,9.572377380558109,0.30189749598503113,0.0,center_proxy_gt_axes_angle,,,left_only
45872,2596,test,38,left,session_2_0_2,202,smooth,1658307909392799,2648,102.64805414551608,126.53637901861252,33.56458608437281,22.46209739879698,-88.79661453387615,10.2658847275301,Smooth,45776,96,1,18.479999542236328,31.0,27.0,32.0,8.578485169322914,0.38561397790908813,0.0,center_proxy_gt_axes_angle,,,left_only
45873,2597,test,38,left,session_2_0_2,202,smooth,1658307909432799,2649,103.98963730569947,125.62867012089812,33.835067551402545,21.838929936745348,-88.32244074280194,9.201900468447024,Smooth,45776,97,1,18.68000030517578,30.68000030517578,27.0,31.0,8.326151255325758,0.42616933584213257,0.0,center_proxy_gt_axes_angle,,,left_only
45874,2598,test,38,left,session_2_0_2,202,smooth,1658307909472799,2650,104.10616438356163,125.64041095890413,33.58833613961834,22.23132940562866,-88.00829275147902,9.460099129545204,Smooth,45776,98,1,18.760000228881836,30.479999542236328,27.0,32.0,8.379021280533257,0.4897763133049011,0.0,center_proxy_gt_axes_angle,,,left_only
45875,2599,test,38,left,session_2_0_2,202,smooth,1658307909512799,2651,103.86888111888112,125.6416083916084,33.60341688414028,21.71922976673467,-88.45894618493863,1.123423064343761,Smooth,45776,99,1,18.68000030517578,30.479999542236328,45.0,40.0,27.98879762782545,0.4891951084136963,0.0,center_proxy_gt_axes_angle,,,left_only
50619,4728,test,38,right,session_1_0_1,101,saccade_fixation,1658307389749352,4852,209.90944123314063,110.77071290944124,28.37654157649994,23.334955096701297,68.42124328536843,1.0795962003489563,Fixation,50591,28,1,38.31999969482422,26.799999237060547,34.0,30.0,5.376095446148108,0.42736533284187317,0.027777777777777776,center_proxy_gt_axes_angle,,,left_only
50620,4729,test,38,right,session_1_0_1,101,saccade_fixation,1658307389789352,4853,209.8606870229008,110.73664122137404,28.385857763013927,23.540089229382644,69.1609032838297,1.0376386812043827,Fixation,50591,29,1,38.31999969482422,26.799999237060547,34.0,30.0,5.376095446148108,0.44046980142593384,0.027777777777777776,center_proxy_gt_axes_angle,,,left_only
50621,4730,test,38,right,session_1_0_1,101,saccade_fixation,1658307389829352,4854,209.8731060606061,110.66287878787878,28.50614133979963,23.621181702350523,69.3011559666628,1.494666744481135,Fixation,50591,30,1,38.31999969482422,26.799999237060547,34.0,30.0,5.376095446148108,0.4284389615058899,0.027777777777777776,center_proxy_gt_axes_angle,,,left_only
50622,4731,test,38,right,session_1_0_1,101,saccade_fixation,1658307389869352,4855,209.8135593220339,110.6346516007533,28.568876178499664,23.70100525550253,68.22675103487546,0.9110381538877717,Fixation,50591,31,1,38.31999969482422,26.799999237060547,34.0,30.0,5.376095446148108,0.42936772108078003,0.027777777777777776,center_proxy_gt_axes_angle,,,left_only
50623,4732,test,38,right,session_1_0_1,101,saccade_fixation,1658307389909352,4856,209.7164461247637,110.62948960302458,28.604593714502133,23.578116902729324,66.64275648511111,1.8016160703512656,Fixation,50591,32,1,38.31999969482422,26.799999237060547,34.0,30.0,5.376095446148108,0.4266483187675476,0.027777777777777776,center_proxy_gt_axes_angle,,,left_only
50624,4733,test,38,right,session_1_0_1,101,saccade_fixation,1658307389949352,4857,209.7159090909091,110.71969696969695,28.332146217459588,23.76428100695852,67.16263901531136,1.670153267143632,Fixation,50591,33,1,38.31999969482422,26.799999237060547,34.0,30.0,5.376095446148108,0.43998926877975464,0.027777777777777776,center_proxy_gt_axes_angle,,,left_only
50625,4734,test,38,right,session_1_0_1,101,saccade_fixation,1658307389989352,4858,209.5965909090909,110.7443181818182,28.31520148346573,23.776602875297066,67.08022291896357,0.8661542199127358,Fixation,50591,34,1,38.36000061035156,26.84000015258789,33.0,30.0,6.22215441616597,0.39509347081184387,0.0,center_proxy_gt_axes_angle,,,left_only
50626,4735,test,38,right,session_1_0_1,101,saccade_fixation,1658307390029352,4859,209.5816135084428,110.7673545966229,28.628614996909025,23.73588687053916,67.73073153694709,0.543624050433672,Fixation,50591,35,1,38.400001525878906,26.84000015258789,34.0,30.0,5.417159076802274,0.39033418893814087,0.027777777777777776,center_proxy_gt_axes_angle,,,left_only
50627,4736,test,38,right,session_1_0_1,101,saccade_fixation,1658307390069352,4860,209.61439114391143,110.72324723247232,28.77278086420458,24.01518567197081,68.60929867938779,0.8495938344859607,Fixation,50591,36,1,38.36000061035156,26.84000015258789,34.0,31.0,6.026209758441435,0.42131879925727844,0.0,center_proxy_gt_axes_angle,,,left_only
50628,4737,test,38,right,session_1_0_1,101,saccade_fixation,1658307390109352,4861,209.62983425414365,110.707182320442,28.759577595086306,24.066746313274585,68.98759740226797,0.7261040804429439,Fixation,50591,37,1,38.36000061035156,26.84000015258789,34.0,31.0,6.026209758441435,0.43594396114349365,0.0,center_proxy_gt_axes_angle,,,left_only
50629,4738,test,38,right,session_1_0_1,101,saccade_fixation,1658307390149352,4862,209.6173752310536,110.60998151571164,28.66672026093913,24.056641580338173,66.03617693540144,0.6872158051206418,Fixation,50591,38,1,38.36000061035156,26.84000015258789,33.0,31.0,6.784924853927116,0.3574850559234619,0.0,center_proxy_gt_axes_angle,,,left_only
50630,4739,test,38,right,session_1_0_1,101,saccade_fixation,1658307390189352,4863,209.5948434622468,110.65193370165746,28.67990164175161,24.13787273561038,67.17031720484557,0.5820783100333985,Fixation,50591,39,1,38.36000061035156,26.84000015258789,28.0,31.0,11.164014124720262,0.34079092741012573,0.0,center_proxy_gt_axes_angle,,,left_only
50631,4740,test,38,right,session_1_0_1,101,saccade_fixation,1658307390229352,4864,209.5419708029197,110.6405109489051,28.954190946511297,24.126729363921108,67.40908152636509,0.8872715931138159,Fixation,50591,40,1,38.36000061035156,26.84000015258789,28.0,30.0,10.831214690981307,0.3980690836906433,0.0,center_proxy_gt_axes_angle,,,left_only
50632,4741,test,38,right,session_1_0_1,101,saccade_fixation,1658307390269352,4865,209.5499092558984,110.75499092558984,29.0534414106029,24.179319735388397,68.25065643785335,0.6828961454185704,Fixation,50591,41,1,38.599998474121094,27.040000915527344,28.0,31.0,11.31554507747611,0.3977474570274353,0.0,center_proxy_gt_axes_angle,,,left_only
50633,4742,test,38,right,session_1_0_1,101,saccade_fixation,1658307390309352,4866,209.54166666666663,110.73007246376812,29.13116756292387,24.157852025813224,68.32943310789726,0.2676856632404572,Fixation,50591,42,1,38.599998474121094,27.040000915527344,28.0,30.0,11.005524168863948,0.4173065423965454,0.0,center_proxy_gt_axes_angle,,,left_only
50634,4743,test,38,right,session_1_0_1,101,saccade_fixation,1658307390349352,4867,209.51433691756276,110.7258064516129,29.37461128351847,24.223522785719144,69.33217875652923,1.4336341589320187,Fixation,50591,43,1,38.599998474121094,27.040000915527344,28.0,30.0,11.005524168863948,0.4215920865535736,0.0,center_proxy_gt_axes_angle,,,left_only
50635,4744,test,38,right,session_1_0_1,101,saccade_fixation,1658307390389352,4868,209.50172413793103,110.62586206896552,29.57480639055409,25.07151306778688,69.23837576846473,1.828387953215868,Fixation,50591,44,1,38.47999954223633,26.959999084472656,28.0,30.0,10.912011545617093,0.43396568298339844,0.0,center_proxy_gt_axes_angle,,,left_only
50636,4745,test,38,right,session_1_0_1,101,saccade_fixation,1658307390429353,4869,209.540765391015,110.52579034941763,30.21959464243847,25.41692480026624,62.94038565779811,2.2505948073546387,Fixation,50591,45,1,38.47999954223633,26.68000030517578,28.0,30.0,10.993306526196136,0.41560620069503784,0.0,center_proxy_gt_axes_angle,,,left_only
50637,4746,test,38,right,session_1_0_1,101,saccade_fixation,1658307390469353,4870,209.56177924217465,110.43822075782538,30.15535640655776,25.716011277453703,62.37680581765464,1.645052997991946,Fixation,50591,46,1,38.47999954223633,26.68000030517578,29.0,30.0,10.044540272926078,0.37674447894096375,0.0,center_proxy_gt_axes_angle,,,left_only
50638,4747,test,38,right,session_1_0_1,101,saccade_fixation,1658307390509353,4871,209.453642384106,110.37086092715232,29.943006889018395,25.77980929514044,61.47497720630932,1.3125628020407527,Fixation,50591,47,1,38.47999954223633,26.68000030517578,29.0,30.0,10.044540272926078,0.37072592973709106,0.0,center_proxy_gt_axes_angle,,,left_only
50639,4748,test,38,right,session_1_0_1,101,saccade_fixation,1658307390549353,4872,209.3069306930693,110.44884488448844,30.03787418648528,25.78161734847087,64.17422772946874,0.9003661748471504,Fixation,50591,48,1,38.2400016784668,26.959999084472656,29.0,30.0,9.727241982415999,0.35808801651000977,0.0,center_proxy_gt_axes_angle,,,left_only
50640,4749,test,38,right,session_1_0_1,101,saccade_fixation,1658307390589353,4873,209.33278145695363,110.49668874172184,29.863235853637946,25.846807482851258,64.05398518480344,0.883439989175903,Fixation,50591,49,1,38.2400016784668,26.959999084472656,29.0,30.0,9.727241982415999,0.3308466672897339,0.0,center_proxy_gt_axes_angle,,,left_only
50641,4750,test,38,right,session_1_0_1,101,saccade_fixation,1658307390629353,4874,209.4198347107438,110.46280991735536,29.91193202197375,25.85453837575157,64.60689804578695,2.066920024128307,Fixation,50591,50,1,38.2400016784668,27.040000915527344,34.0,30.0,5.1709968877848125,0.39525264501571655,0.027777777777777776,center_proxy_gt_axes_angle,,,left_only
50642,4751,test,38,right,session_1_0_1,101,saccade_fixation,1658307390669353,4875,209.3129139072848,110.35761589403974,29.897904671210597,25.808498355288496,63.30644065284383,56.02983508409491,Fixation,50591,51,1,38.20000076293945,26.68000030517578,34.0,31.0,6.025147614123104,0.3561863899230957,0.03614457831325301,center_proxy_gt_axes_angle,,,left_only
50643,4752,test,38,right,session_1_0_1,101,saccade_fixation,1658307390709353,4876,209.0753768844221,110.21273031825795,29.78365654587449,25.59466747495586,63.48852504624922,69.69914968594826,Fixation,50591,52,1,38.15999984741211,26.84000015258789,34.0,31.0,5.883128203680211,0.41071227192878723,0.03614457831325301,center_proxy_gt_axes_angle,,,left_only
50644,4753,test,38,right,session_1_0_1,101,saccade_fixation,1658307390749353,4877,205.4879310344828,102.39827586206896,29.88780683528365,24.76397697240833,49.07223666529121,71.13056500800427,Fixation,50591,53,1,37.599998474121094,24.8799991607666,37.0,25.0,0.6118810099720049,0.6180124282836914,0.6818181818181818,center_proxy_gt_axes_angle,,,left_only
50645,4754,test,38,right,session_1_0_1,101,saccade_fixation,1658307390789353,4878,206.4946996466431,99.70141342756185,29.765216683726734,24.26176481137049,50.43920231411765,71.04151630697322,Fixation,50591,54,1,37.84000015258789,24.15999984741211,28.0,23.0,9.908138202958506,0.40227121114730835,0.0,center_proxy_gt_axes_angle,,,left_only
50646,4755,test,38,right,session_1_0_1,101,saccade_fixation,1658307390829353,4879,206.5,99.32982456140353,29.623865345611147,24.55323792742435,51.12198214014912,22.041289363478494,Fixation,50591,55,1,37.84000015258789,24.15999984741211,29.0,25.0,8.879819984329728,0.31055939197540283,0.0,center_proxy_gt_axes_angle,,,left_only
50647,4756,test,38,right,session_1_0_1,101,saccade_fixation,1658307390869353,4880,206.45811051693408,99.15151515151516,29.283631702891544,24.44052221861213,50.48755289812111,4.4983862691350005,Fixation,50591,56,1,37.84000015258789,24.15999984741211,28.0,23.0,9.908138202958506,0.34861475229263306,0.0,center_proxy_gt_axes_angle,,,left_only
50648,4757,test,38,right,session_1_0_1,101,saccade_fixation,1658307390909353,4881,206.4817518248175,99.01459854014598,29.19327399799745,23.9496019074199,50.41422279107663,2.837133944360184,Fixation,50591,57,1,37.84000015258789,24.15999984741211,28.0,29.0,10.96591101915297,0.36003997921943665,0.0,center_proxy_gt_axes_angle,,,left_only
50649,4758,test,38,right,session_1_0_1,101,saccade_fixation,1658307390949353,4882,206.54661791590493,98.9835466179159,29.27968422156276,23.848070333240575,49.89438427111819,3.399018321188863,Fixation,50591,58,1,37.84000015258789,24.15999984741211,27.0,23.0,10.901889879929149,0.3383658528327942,0.0,center_proxy_gt_axes_angle,,,left_only
50650,4759,test,38,right,session_1_0_1,101,saccade_fixation,1658307390989353,4883,206.4701492537313,98.8768656716418,28.81957210219705,23.75960221363957,49.3507059018983,108.11359246779418,Fixation,50591,59,1,38.0,24.040000915527344,27.0,31.0,13.016973045061597,0.3823589086532593,0.0,center_proxy_gt_axes_angle,,,left_only
50651,4760,test,38,right,session_1_0_1,101,saccade_fixation,1658307391029353,4884,206.15325670498083,98.70114942528735,28.421503592355364,23.412499776358167,49.84459827285516,196.5840907397568,Fixation,50591,60,1,38.0,24.040000915527344,28.0,25.0,10.045974230615384,0.32848572731018066,0.0,center_proxy_gt_axes_angle,,,left_only
50652,4761,test,38,right,session_1_0_1,101,saccade_fixation,1658307391069353,4885,190.87613843351548,91.551912568306,28.742442515786724,24.376423166560254,31.71336294743196,223.6888444669165,Fixation,50591,61,1,34.84000015258789,22.15999984741211,34.0,23.0,1.1879396081852642,0.626650333404541,0.72,center_proxy_gt_axes_angle,,,left_only
50653,4762,test,38,right,session_1_0_1,101,saccade_fixation,1658307391109353,4886,177.14503816793894,87.80916030534351,28.312212868731574,23.604956369727216,5.397325336943879,223.55601879258936,Fixation,50591,62,1,32.36000061035156,21.31999969482422,32.0,23.0,1.7181389538812673,0.6354765892028809,0.6086956521739131,center_proxy_gt_axes_angle,,,left_only
50654,4763,test,38,right,session_1_0_1,101,saccade_fixation,1658307391149353,4887,172.14011516314778,88.75815738963531,27.402783460789724,24.262612989829652,2.341499654348894,120.97518176551108,Fixation,50591,63,1,31.520000457763672,21.520000457763672,31.0,22.0,0.7076722663927935,0.6141301989555359,0.72,center_proxy_gt_axes_angle,,,left_only
50655,4764,test,38,right,session_1_0_1,101,saccade_fixation,1658307391189353,4888,171.77255639097746,88.8327067669173,27.78273505538277,24.428855129427443,3.321292890069799,34.65849565714119,Fixation,50591,64,1,31.200000762939453,21.399999618530273,29.0,24.0,3.405878057208875,0.46717777848243713,0.2463768115942029,center_proxy_gt_axes_angle,,,left_only
50656,4765,test,38,right,session_1_0_1,101,saccade_fixation,1658307391229353,4889,171.7265917602996,88.73220973782772,27.75366080987318,24.530449497202376,0.9465637138305,4.249924597949885,Fixation,50591,65,1,31.520000457763672,21.520000457763672,28.0,26.0,5.697437943593082,0.4603307545185089,0.075,center_proxy_gt_axes_angle,,,left_only
50657,4766,test,38,right,session_1_0_1,101,saccade_fixation,1658307391269353,4890,171.64814814814815,88.54074074074074,27.952043257364945,24.65994651733276,-0.4044151260562785,3.1808461110484507,Fixation,50591,66,1,31.520000457763672,21.520000457763672,27.0,27.0,7.103576502093447,0.4704868793487549,0.012048192771084338,center_proxy_gt_axes_angle,,,left_only
50658,4767,test,38,right,session_1_0_1,101,saccade_fixation,1658307391309353,4891,171.52079566003616,88.47739602169982,28.67762396639436,24.608069599908333,-3.529224887921714,2.0703471586945312,Fixation,50591,67,1,31.1200008392334,21.31999969482422,27.0,27.0,7.016894639516891,0.44039496779441833,0.0,center_proxy_gt_axes_angle,,,left_only
50659,4768,test,38,right,session_1_0_1,101,saccade_fixation,1658307391349353,4892,171.3930530164534,88.49360146252285,28.695495251517656,24.326937447040333,-0.4856889476471906,0.5354989464606343,Fixation,50591,68,1,31.1200008392334,21.31999969482422,27.0,27.0,7.016894639516891,0.45226919651031494,0.012048192771084338,center_proxy_gt_axes_angle,,,left_only
50660,4769,test,38,right,session_1_0_1,101,saccade_fixation,1658307391389353,4893,171.51660516605165,88.4760147601476,28.35706546942372,24.39458329046052,0.386114345882703,0.7116042022158418,Fixation,50591,69,1,31.200000762939453,21.31999969482422,27.0,28.0,7.890653362418129,0.4503530263900757,0.0,center_proxy_gt_axes_angle,,,left_only
50661,4770,test,38,right,session_1_0_1,101,saccade_fixation,1658307391429353,4894,171.5639097744361,88.55639097744361,27.691167366210728,24.51331410362541,4.033938337779887,0.2415081931385011,Fixation,50591,70,1,31.200000762939453,21.31999969482422,27.0,28.0,7.890653362418129,0.4513958692550659,0.0,center_proxy_gt_axes_angle,,,left_only
50662,4771,test,38,right,session_1_0_1,101,saccade_fixation,1658307391469353,4895,171.58254269449716,88.573055028463,27.57683462363625,24.375760023968763,-0.3548926212177719,1.6436510638431514,Fixation,50591,71,1,31.200000762939453,21.31999969482422,28.0,28.0,7.406916292220509,0.41228726506233215,0.012048192771084338,center_proxy_gt_axes_angle,,,left_only
50663,4772,test,38,right,session_1_0_1,101,saccade_fixation,1658307391509353,4896,171.42830188679244,88.50943396226415,27.669427731642543,24.443586202087047,0.6107919121898817,51.176253334051424,Fixation,50591,72,1,31.200000762939453,21.31999969482422,28.0,27.0,6.519387114569134,0.3999064266681671,0.03614457831325301,center_proxy_gt_axes_angle,,,left_only
50664,4773,test,38,right,session_1_0_1,101,saccade_fixation,1658307391549353,4897,171.30167597765364,88.62756052141528,28.022483625214196,24.48386579669712,2.311785867368826,141.761779701304,Fixation,50591,73,1,31.200000762939453,21.31999969482422,27.0,26.0,6.288275539854896,0.46624964475631714,0.03614457831325301,center_proxy_gt_axes_angle,,,left_only
50665,4774,test,38,right,session_1_0_1,101,saccade_fixation,1658307391589353,4898,171.13255033557047,96.73322147651008,28.19949023492461,26.97823716213557,-2.5810876960502758,152.77210301368257,Fixation,50591,74,1,31.280000686645508,23.440000534057617,31.0,23.0,0.5215370116232828,0.7386089563369751,0.5925925925925926,center_proxy_gt_axes_angle,,,left_only
50666,4775,test,38,right,session_1_0_1,101,saccade_fixation,1658307391629353,4899,166.41001564945228,110.65727699530515,29.901776272525336,27.29116309801463,-72.67458561793859,152.63889907337352,Fixation,50591,75,1,30.280000686645508,26.68000030517578,31.0,26.0,0.9903531825919962,0.5618680715560913,0.6818181818181818,center_proxy_gt_axes_angle,,,left_only
50667,4776,test,38,right,session_1_0_1,101,saccade_fixation,1658307391669354,4900,165.98598130841123,112.33956386292834,29.39324550362016,27.872579810584963,-78.10151390530737,104.12211092223669,Fixation,50591,76,1,30.280000686645508,27.479999542236328,33.0,28.0,2.7692592404329606,0.5309154987335205,0.45098039215686275,center_proxy_gt_axes_angle,,,left_only
50668,4777,test,38,right,session_1_0_1,101,saccade_fixation,1658307391709354,4901,165.90676691729325,112.44661654135338,29.9327993533389,28.349576482702687,-74.1380282755097,11.923599212484564,Fixation,50591,77,1,30.360000610351562,27.360000610351562,32.0,28.0,1.7604536962946853,0.41175729036331177,0.6818181818181818,center_proxy_gt_axes_angle,,,left_only
50669,4778,test,38,right,session_1_0_1,101,saccade_fixation,1658307391749354,4902,165.74962742175856,112.49925484351714,30.164157821066723,28.364981157111643,-83.88009880387318,4.507089469283053,Fixation,50591,78,1,30.15999984741211,27.360000610351562,29.0,28.0,1.3248391844848526,0.4543161988258362,0.45098039215686275,center_proxy_gt_axes_angle,,,left_only
50670,4779,test,38,right,session_1_0_1,101,saccade_fixation,1658307391789354,4903,165.4384164222874,112.2991202346041,30.15516870589012,28.84950238209858,-79.7793674851316,4.669018298210899,Fixation,50591,79,1,30.15999984741211,27.360000610351562,28.0,27.0,2.1897944607368593,0.5004751682281494,0.38028169014084506,center_proxy_gt_axes_angle,,,left_only
50671,4780,test,38,right,session_1_0_1,101,saccade_fixation,1658307391829354,4904,165.28323699421966,112.17774566473987,30.23281021947648,29.20136830151936,-65.71847406511755,4.258167342731268,Fixation,50591,80,1,30.239999771118164,27.200000762939453,28.0,27.0,2.248910687374176,0.4581412374973297,0.4166666666666667,center_proxy_gt_axes_angle,,,left_only
50672,4781,test,38,right,session_1_0_1,101,saccade_fixation,1658307391869354,4905,165.21571428571428,112.16285714285716,30.419258528159023,29.377004619139505,-62.79709642129228,2.4149985580100157,Fixation,50591,81,1,30.15999984741211,27.31999969482422,28.0,27.0,2.183574854569435,0.42926207184791565,0.391304347826087,center_proxy_gt_axes_angle,,,left_only
50673,4782,test,38,right,session_1_0_1,101,saccade_fixation,1658307391909354,4906,165.1645207439199,112.15021459227468,30.398053847420385,29.359685180053077,-67.47457801575861,1.3350562119580696,Fixation,50591,82,1,30.15999984741211,27.360000610351562,28.0,27.0,2.1897944607368593,0.44361811876296997,0.4166666666666667,center_proxy_gt_axes_angle,,,left_only
50674,4783,test,38,right,session_1_0_1,101,saccade_fixation,1658307391949354,4907,165.13191489361702,112.06382978723404,30.677948643333007,29.356031614156077,-76.42308313303494,91.22849304009618,Fixation,50591,83,1,30.239999771118164,27.200000762939453,28.0,27.0,2.248910687374176,0.41934624314308167,0.3888888888888889,center_proxy_gt_axes_angle,,,left_only
50675,4784,test,38,right,session_1_0_1,101,saccade_fixation,1658307391989354,4908,165.15112994350284,112.00988700564972,30.815106095178432,29.345113297912462,-76.10805154863623,132.24038070138636,Fixation,50591,84,1,30.239999771118164,27.200000762939453,28.0,27.0,2.248910687374176,0.4771122932434082,0.3888888888888889,center_proxy_gt_axes_angle,,,left_only
50676,4785,test,38,right,session_1_0_1,101,saccade_fixation,1658307392029354,4909,177.6547455295736,104.525447042641,30.760342752932427,30.15255755935449,-18.45441989978727,136.5911527655104,Fixation,50591,85,1,32.400001525878906,25.360000610351562,32.0,27.0,1.6880755962789997,0.6915310025215149,0.6206896551724138,center_proxy_gt_axes_angle,,,left_only
50677,4786,test,38,right,session_1_0_1,101,saccade_fixation,1658307392069354,4910,183.849493487699,102.22286541244571,30.510274134857674,28.89164669257197,15.320698969595526,136.31994229901656,Fixation,50591,86,1,33.720001220703125,25.0,34.0,26.0,1.0384600697223463,0.6973347663879395,0.75,center_proxy_gt_axes_angle,,,left_only
50678,4787,test,38,right,session_1_0_1,101,saccade_fixation,1658307392109354,4911,184.29460580912863,101.55601659751038,31.616918319055024,29.19897729313697,17.038597640065404,45.636362541488175,Fixation,50591,87,1,33.599998474121094,24.639999389648438,33.0,25.0,0.6997132329755801,0.6282045245170593,0.6785714285714286,center_proxy_gt_axes_angle,,,left_only
50679,4788,test,38,right,session_1_0_1,101,saccade_fixation,1658307392149354,4912,184.2403314917127,101.4585635359116,31.62568984451616,29.231634096425296,15.922191893760896,6.719889191440359,Fixation,50591,88,1,33.599998474121094,24.639999389648438,33.0,25.0,0.6997132329755801,0.561760425567627,0.6785714285714286,center_proxy_gt_axes_angle,,,left_only
50680,4789,test,38,right,session_1_0_1,101,saccade_fixation,1658307392189354,4913,184.21340629274965,101.31600547195625,31.623410377022378,29.554051674738577,21.92803828903249,3.7505785657932527,Fixation,50591,89,1,33.599998474121094,24.639999389648438,32.0,25.0,1.6399986453175277,0.48084479570388794,0.47058823529411764,center_proxy_gt_axes_angle,,,left_only
50681,4790,test,38,right,session_1_0_1,101,saccade_fixation,1658307392229354,4914,184.0886766712142,101.17462482946794,31.824415548440435,29.42886454368548,21.679367481245208,3.0062760236729407,Fixation,50591,90,1,33.599998474121094,24.639999389648438,29.0,26.0,4.796830997864425,0.4163825809955597,0.1111111111111111,center_proxy_gt_axes_angle,,,left_only
50682,4791,test,38,right,session_1_0_1,101,saccade_fixation,1658307392269354,4915,183.9592944369064,101.0583446404342,32.197296364032894,29.24127760711601,19.89382593021241,3.40869197150743,Fixation,50591,91,1,33.599998474121094,24.639999389648438,29.0,26.0,4.796830997864425,0.4274142384529114,0.1111111111111111,center_proxy_gt_axes_angle,,,left_only
50683,4792,test,38,right,session_1_0_1,101,saccade_fixation,1658307392309354,4916,184.0909090909091,101.00135685210311,31.94198466201733,29.46203570126693,20.870047050003507,2.81468318185386,Fixation,50591,92,1,33.599998474121094,24.639999389648438,30.0,26.0,3.8483230989394364,0.4029507040977478,0.20481927710843373,center_proxy_gt_axes_angle,,,left_only
50684,4793,test,38,right,session_1_0_1,101,saccade_fixation,1658307392349354,4917,184.12907608695653,100.77717391304348,31.822441789089048,29.53239762206631,18.370682112307435,2.927972501652232,Fixation,50591,93,1,33.63999938964844,24.479999542236328,32.0,26.0,2.2360678410211574,0.4017605185508728,0.46875,center_proxy_gt_axes_angle,,,left_only
50685,4794,test,38,right,session_1_0_1,101,saccade_fixation,1658307392389354,4918,184.12551159618008,100.72578444747612,31.7731037886418,29.454424955529145,17.81304775448109,2.69591021567772,Fixation,50591,94,1,33.63999938964844,24.479999542236328,32.0,26.0,2.2360678410211574,0.3766671121120453,0.46875,center_proxy_gt_axes_angle,,,left_only
50686,4795,test,38,right,session_1_0_1,101,saccade_fixation,1658307392429354,4919,184.225102319236,100.6725784447476,31.830127547768008,29.397597503244004,16.760339836878615,1.8145161308606783,Fixation,50591,95,1,33.63999938964844,24.479999542236328,32.0,25.0,1.7204646099590877,0.35688063502311707,0.4461538461538462,center_proxy_gt_axes_angle,,,left_only
50687,4796,test,38,right,session_1_0_1,101,saccade_fixation,1658307392469354,4920,184.27023319615915,100.60905349794238,31.871005909239297,29.202376189025944,18.59202582733616,2.711339643771645,Fixation,50591,96,1,33.63999938964844,24.479999542236328,33.0,25.0,0.8246209400838671,0.33037322759628296,0.6949152542372882,center_proxy_gt_axes_angle,,,left_only
50688,4797,test,38,right,session_1_0_1,101,saccade_fixation,1658307392509354,4921,184.2987721691678,100.54160982264666,31.84554903181425,29.392134397983316,18.44022278708709,2.411001855121166,Fixation,50591,97,1,33.63999938964844,24.479999542236328,32.0,25.0,1.7204646099590877,0.3143932819366455,0.4461538461538462,center_proxy_gt_axes_angle,,,left_only
50689,4798,test,38,right,session_1_0_1,101,saccade_fixation,1658307392549354,4922,184.36227951153325,100.36227951153325,31.96331375270762,29.454610778878017,17.66645251750947,54.00938655861972,Fixation,50591,98,1,33.720001220703125,24.399999618530273,31.0,25.0,2.785391731586476,0.3507656455039978,0.3055555555555556,center_proxy_gt_axes_angle,,,left_only
50690,4799,test,38,right,session_1_0_1,101,saccade_fixation,1658307392589354,4923,184.2601078167116,100.28840970350404,32.00117017353951,29.611539375352795,23.58064204600805,92.26951160526116,Fixation,50591,99,1,33.79999923706055,24.239999771118164,45.0,34.0,14.855895178602259,0.34565678238868713,0.0,center_proxy_gt_axes_angle,,,left_only
58007,4691,test,38,right,session_2_0_1,201,saccade_fixation,1658307767109654,4816,213.2932330827068,113.203007518797,21.80905806523733,15.590113140149906,-4.731069524191668,186.639979538004,Fixation,57916,91,1,39.0,27.520000457763672,43.0,31.0,5.301923878552488,0.30863574147224426,0.0,center_proxy_gt_axes_angle,,,left_only
58008,4692,test,38,right,session_2_0_1,201,saccade_fixation,1658307767149654,4817,217.1970802919708,111.07299270072993,28.796032321369943,24.28258365843197,53.6000879195994,177.2599036533468,Fixation,57916,92,1,39.68000030517578,26.920000076293945,40.0,29.0,2.1044713082636184,0.3712567090988159,0.45098039215686275,center_proxy_gt_axes_angle,,,left_only
58009,4693,test,38,right,session_2_0_1,201,saccade_fixation,1658307767189654,4818,218.6724738675958,111.3397212543554,30.973404242170364,23.71281996802603,56.53198075388436,37.530100031660304,Fixation,57916,93,1,40.0,27.0,42.0,31.0,4.47213595499958,0.46275901794433594,0.16216216216216217,center_proxy_gt_axes_angle,,,left_only
58010,4694,test,38,right,session_2_0_1,201,saccade_fixation,1658307767229654,4819,219.2311827956989,111.9910394265233,30.336644888636386,23.55760167606986,53.31793100616742,14.282626211262746,Fixation,57916,94,1,40.119998931884766,27.200000762939453,41.0,30.0,2.9350294048652388,0.5190890431404114,0.45098039215686275,center_proxy_gt_axes_angle,,,left_only
58011,4695,test,38,right,session_2_0_1,201,saccade_fixation,1658307767269654,4820,219.1752212389381,111.99469026548672,30.724521274925763,23.49665151859718,51.65776596002728,4.8950178355787655,Fixation,57916,95,1,40.119998931884766,27.200000762939453,42.0,29.0,2.6027680014809182,0.41311782598495483,0.6086956521739131,center_proxy_gt_axes_angle,,,left_only
58012,4696,test,38,right,session_2_0_1,201,saccade_fixation,1658307767309655,4821,219.25622775800716,112.06405693950178,30.566311811776515,23.53858351694018,53.114428219282175,0.4697675522637407,Fixation,57916,96,1,40.119998931884766,27.200000762939453,23.0,30.0,17.347459732055157,0.3082316815853119,0.0,center_proxy_gt_axes_angle,,,left_only
58013,4697,test,38,right,session_2_0_1,201,saccade_fixation,1658307767349655,4822,219.1617391304348,111.95130434782608,30.97588232400064,23.68040750293081,49.70454343586707,0.0608688153126897,Fixation,57916,97,1,40.119998931884766,27.200000762939453,42.0,31.0,4.239622414528817,0.2866394519805908,0.27586206896551724,center_proxy_gt_axes_angle,,,left_only
58014,4698,test,38,right,session_2_0_1,201,saccade_fixation,1658307767389655,4823,219.15798611111111,111.97395833333331,30.98198016802745,23.719097564653158,50.04965367796287,0.2920862136325525,Fixation,57916,98,1,40.119998931884766,27.200000762939453,24.0,30.0,16.361367952940416,0.4001030921936035,0.0,center_proxy_gt_axes_angle,,,left_only
58015,4699,test,38,right,session_2_0_1,201,saccade_fixation,1658307767429655,4824,219.17039586919103,111.98623063683304,31.000356939971336,23.90163695339113,49.5161208548564,0.6695567913996533,Fixation,57916,99,1,40.119998931884766,27.200000762939453,43.0,39.0,12.146373456590835,0.4883115291595459,0.0,center_proxy_gt_axes_angle,,,left_only
58016,4700,test,38,right,session_2_0_1,201,saccade_fixation,1658307767469655,4825,219.21222410865877,112.07979626485567,31.27464029576526,24.01431392601936,51.20319120226651,0.101841332381062,Fixation,58016,0,1,40.31999969482422,27.079999923706055,31.0,0.0,28.638938356360967,0.2851324677467346,0.0,center_proxy_gt_axes_angle,,,left_only
58017,4701,test,38,right,session_2_0_1,201,saccade_fixation,1658307767509655,4826,219.2190635451505,112.04180602006689,31.76422480207798,24.005659379760083,50.25098819263084,0.5539782602856259,Fixation,58016,1,1,40.119998931884766,27.200000762939453,27.0,29.0,13.242898822617198,0.52164226770401,0.0,center_proxy_gt_axes_angle,,,left_only
58018,4702,test,38,right,session_2_0_1,201,saccade_fixation,1658307767549655,4827,219.17384105960264,111.97019867549668,31.960991902895056,24.092754749403017,49.15916444403111,0.4403902441719056,Fixation,58016,2,1,40.119998931884766,27.200000762939453,26.0,29.0,14.2342673534624,0.5028728246688843,0.0,center_proxy_gt_axes_angle,,,left_only
58019,4703,test,38,right,session_2_0_1,201,saccade_fixation,1658307767589655,4828,219.1536,111.8992,32.60156639784108,24.45219439656003,49.84241097622534,0.9307368980286514,Fixation,58016,3,1,40.15999984741211,26.920000076293945,26.0,29.0,14.311952884261748,0.46783214807510376,0.0,center_proxy_gt_axes_angle,,,left_only
58020,4704,test,38,right,session_2_0_1,201,saccade_fixation,1658307767629655,4829,219.17467948717947,112.13942307692308,32.20705133762305,24.70874341744596,50.92330844769114,1.24963486250344,Fixation,58016,4,1,40.15999984741211,26.920000076293945,26.0,29.0,14.311952884261748,0.45941874384880066,0.0,center_proxy_gt_axes_angle,,,left_only
58021,4705,test,38,right,session_2_0_1,201,saccade_fixation,1658307767669655,4830,219.14583333333331,112.17147435897436,32.270389648385965,24.65486769224849,50.35316927252689,1.9892902273050312,Fixation,58016,5,1,40.36000061035156,27.15999984741211,26.0,29.0,14.477403706839867,0.4712736904621124,0.0,center_proxy_gt_axes_angle,,,left_only
58022,4706,test,38,right,session_2_0_1,201,saccade_fixation,1658307767709655,4831,219.123595505618,112.1637239165329,32.23363289413317,24.6443438860754,50.6784646816201,0.5285767148220805,Fixation,58016,6,1,40.15999984741211,26.920000076293945,26.0,29.0,14.311952884261748,0.46860024333000183,0.0,center_proxy_gt_axes_angle,,,left_only
58023,4707,test,38,right,session_2_0_1,201,saccade_fixation,1658307767749655,4832,219.17041800643088,112.21704180064307,32.12270298498371,24.68360025161994,50.00540625833133,0.9952581162125528,Fixation,58016,7,1,40.36000061035156,27.15999984741211,26.0,29.0,14.477403706839867,0.46453702449798584,0.0,center_proxy_gt_axes_angle,,,left_only
58024,4708,test,38,right,session_2_0_1,201,saccade_fixation,1658307767789655,4833,219.21314102564105,112.2147435897436,32.12703236992943,24.762551572849347,49.42635864352973,1.350814216244943,Fixation,58016,8,1,40.36000061035156,27.15999984741211,26.0,29.0,14.477403706839867,0.468951940536499,0.0,center_proxy_gt_axes_angle,,,left_only
58025,4709,test,38,right,session_2_0_1,201,saccade_fixation,1658307767829655,4834,219.2922077922078,112.10876623376625,32.08235531212968,24.476827445062455,48.54183267739221,2.4973198384401867,Fixation,58016,9,1,40.36000061035156,27.15999984741211,26.0,29.0,14.477403706839867,0.4660962224006653,0.0,center_proxy_gt_axes_angle,,,left_only
58026,4710,test,38,right,session_2_0_1,201,saccade_fixation,1658307767869655,4835,219.240589198036,111.98199672667758,31.974550294790976,24.35773200219152,47.49140534021203,18.36693778069687,Fixation,58016,10,1,40.0,27.0,26.0,29.0,14.142135623730951,0.4620194435119629,0.0,center_proxy_gt_axes_angle,,,left_only
58027,4711,test,38,right,session_2_0_1,201,saccade_fixation,1658307767909655,4836,219.1523178807947,111.817880794702,31.84718994005198,24.188148403383103,48.08619104967949,88.08014930509013,Fixation,58016,11,1,40.0,27.0,26.0,29.0,14.142135623730951,0.46904873847961426,0.0,center_proxy_gt_axes_angle,,,left_only
58028,4712,test,38,right,session_2_0_1,201,saccade_fixation,1658307767949655,4837,218.9611021069692,115.14262560777958,31.16067771579255,25.24013524975519,53.48030915548288,94.60050327856445,Fixation,58016,12,1,40.15999984741211,27.8799991607666,27.0,28.0,13.160546956160426,0.4468487799167633,0.0,center_proxy_gt_axes_angle,,,left_only
58029,4713,test,38,right,session_2_0_1,201,saccade_fixation,1658307767989655,4838,217.10650887573965,126.0310650887574,31.768680067985112,27.188540632882155,73.07937034013864,94.37018942067871,Fixation,58016,13,1,39.84000015258789,30.600000381469727,38.0,32.0,2.312055253104556,0.6433936357498169,0.4230769230769231,center_proxy_gt_axes_angle,,,left_only
58030,4714,test,38,right,session_2_0_1,201,saccade_fixation,1658307768029655,4839,216.2044776119403,126.81044776119404,31.395983405781468,27.21430720994542,71.31275030885904,73.21733388474105,Fixation,58016,14,1,39.36000061035156,30.600000381469727,35.0,32.0,4.579258046250605,0.5694079399108887,0.08823529411764706,center_proxy_gt_axes_angle,,,left_only
58031,4715,test,38,right,session_2_0_1,201,saccade_fixation,1658307768069655,4840,215.9389534883721,126.57122093023256,31.827997708936163,27.560514551196302,70.84432444798504,9.567431419524404,Fixation,58016,15,1,39.36000061035156,30.68000030517578,34.0,32.0,5.520145445303516,0.46245256066322327,0.027777777777777776,center_proxy_gt_axes_angle,,,left_only
58032,4716,test,38,right,session_2_0_1,201,saccade_fixation,1658307768109655,4841,215.7510917030568,126.40902474526928,31.71695304984381,27.61046308615653,70.29246013310652,4.912468723512733,Fixation,58016,16,1,39.36000061035156,30.68000030517578,33.0,32.0,6.495537464906833,0.4102451205253601,0.0,center_proxy_gt_axes_angle,,,left_only
58033,4717,test,38,right,session_2_0_1,201,saccade_fixation,1658307768149655,4842,215.6148148148148,126.3748148148148,31.4280620121626,27.377398058794324,69.91258500494502,2.331443977000225,Fixation,58016,17,1,39.36000061035156,30.68000030517578,27.0,32.0,12.430286170568522,0.3640887439250946,0.0,center_proxy_gt_axes_angle,,,left_only
58034,4718,test,38,right,session_2_0_1,201,saccade_fixation,1658307768189655,4843,215.59641255605385,126.31240657698056,31.382258385722864,27.18122060270428,70.9385355799143,1.224757717010594,Fixation,58016,18,1,39.400001525878906,30.600000381469727,27.0,32.0,12.478783465293567,0.37960413098335266,0.0,center_proxy_gt_axes_angle,,,left_only
58035,4719,test,38,right,session_2_0_1,201,saccade_fixation,1658307768229655,4844,215.60124610591905,126.4127725856698,30.918497225329688,26.47182773686192,72.36291293121128,1.637956790076026,Fixation,58016,19,1,39.36000061035156,30.600000381469727,28.0,32.0,11.445943071633407,0.38277924060821533,0.0,center_proxy_gt_axes_angle,,,left_only
58036,4720,test,38,right,session_2_0_1,201,saccade_fixation,1658307768269655,4845,215.64123376623377,126.24675324675324,29.979403309038744,26.20288880293965,69.11701949563323,1.3780543080518444,Fixation,58016,20,1,39.36000061035156,30.600000381469727,28.0,32.0,11.445943071633407,0.3968435525894165,0.0,center_proxy_gt_axes_angle,,,left_only
58037,4721,test,38,right,session_2_0_1,201,saccade_fixation,1658307768309655,4846,215.6532663316583,126.11557788944724,29.72938933270677,25.6026058600117,69.21275884406197,3.8407167098600814,Fixation,58016,21,1,39.36000061035156,30.440000534057617,27.0,32.0,12.458058172188453,0.40843862295150757,0.0,center_proxy_gt_axes_angle,,,left_only
58038,4722,test,38,right,session_2_0_1,201,saccade_fixation,1658307768349655,4847,215.64395229982964,126.09710391822829,29.43380799628545,25.43568980846325,72.07072405869823,2.4737598991722463,Fixation,58016,22,1,39.36000061035156,30.440000534057617,28.0,32.0,11.466612934992112,0.3823636770248413,0.0,center_proxy_gt_axes_angle,,,left_only
58039,4723,test,38,right,session_2_0_1,201,saccade_fixation,1658307768389655,4848,215.6217162872154,125.79859894921192,28.804741203777212,25.28921620145402,70.68408429770012,1.5733134368900097,Fixation,58016,23,1,39.52000045776367,30.479999542236328,28.0,33.0,11.792404880006636,0.39574891328811646,0.0,center_proxy_gt_axes_angle,,,left_only
58040,4724,test,38,right,session_2_0_1,201,saccade_fixation,1658307768429655,4849,215.54937163375223,125.86175942549372,28.8013461513235,24.70227365231806,71.36916608707601,1.83504702258306,Fixation,58016,24,1,39.52000045776367,30.479999542236328,28.0,32.0,11.619845607342508,0.39937126636505127,0.0,center_proxy_gt_axes_angle,,,left_only
58041,4725,test,38,right,session_2_0_1,201,saccade_fixation,1658307768469655,4850,215.47522935779816,125.93761467889908,28.4828223338146,24.442327751139484,73.55091967480655,1.2348429356678892,Fixation,58016,25,1,39.47999954223633,30.639999389648438,28.0,32.0,11.560276430514234,0.4061738848686218,0.0,center_proxy_gt_axes_angle,,,left_only
58042,4726,test,38,right,session_2_0_1,201,saccade_fixation,1658307768509655,4851,215.42435424354244,125.90221402214024,28.394110921360845,24.37064707642617,69.9774591254246,1.2711582951285638,Fixation,58016,26,1,39.47999954223633,30.639999389648438,28.0,32.0,11.560276430514234,0.3946218490600586,0.0,center_proxy_gt_axes_angle,,,left_only
58043,4727,test,38,right,session_2_0_1,201,saccade_fixation,1658307768549656,4852,215.42644320297956,125.82867783985104,28.53581804901455,24.034659652153277,70.74741477895981,2.136820075616056,Fixation,58016,27,1,39.52000045776367,30.479999542236328,28.0,32.0,11.619845607342508,0.38455456495285034,0.0,center_proxy_gt_axes_angle,,,left_only
58044,4728,test,38,right,session_2_0_1,201,saccade_fixation,1658307768589656,4853,215.4196597353497,125.70510396975423,28.312671854770706,23.86330796703201,71.84554319603171,2.487416534888756,Fixation,58016,28,1,39.52000045776367,30.479999542236328,28.0,32.0,11.619845607342508,0.3783388137817383,0.0,center_proxy_gt_axes_angle,,,left_only
58045,4729,test,38,right,session_2_0_1,201,saccade_fixation,1658307768629656,4854,215.46679316888049,125.59582542694496,28.064997822163253,23.98421496195449,70.93914374237582,2.733242070090198,Fixation,58016,29,1,39.52000045776367,30.479999542236328,28.0,31.0,11.531730616995423,0.4039354920387268,0.0,center_proxy_gt_axes_angle,,,left_only
58046,4730,test,38,right,session_2_0_1,201,saccade_fixation,1658307768669656,4855,215.607421875,125.548828125,27.9516777466136,23.406322496905688,74.21617829411353,1.9835113834282307,Fixation,58016,30,1,39.439998626708984,30.639999389648438,28.0,31.0,11.445661580640804,0.405539333820343,0.0,center_proxy_gt_axes_angle,,,left_only
58047,4731,test,38,right,session_2_0_1,201,saccade_fixation,1658307768709656,4856,215.63888888888889,125.44642857142856,27.756730206358064,23.19831349174278,74.23362390426898,1.566190848548258,Fixation,58016,31,1,39.439998626708984,30.639999389648438,28.0,31.0,11.445661580640804,0.39219507575035095,0.0,center_proxy_gt_axes_angle,,,left_only
58048,4732,test,38,right,session_2_0_1,201,saccade_fixation,1658307768749656,4857,215.65922920892496,125.49695740365112,27.279821850971945,23.06753976821753,71.45420036273603,1.500333005454939,Fixation,58016,32,1,39.52000045776367,30.479999542236328,29.0,31.0,10.53284435028935,0.3765825629234314,0.0,center_proxy_gt_axes_angle,,,left_only
58049,4733,test,38,right,session_2_0_1,201,saccade_fixation,1658307768789656,4858,215.66735112936345,125.44558521560576,27.129848330681767,22.91851200467577,71.75895791069715,15.421286785093727,Fixation,58016,33,1,39.52000045776367,30.479999542236328,33.0,31.0,6.540703818803671,0.33576834201812744,0.0,center_proxy_gt_axes_angle,,,left_only
58050,4734,test,38,right,session_2_0_1,201,saccade_fixation,1658307768829656,4859,215.56603773584905,125.31236897274631,26.722936217858344,22.801716698613586,73.53459922722723,22.875153000822,Fixation,58016,34,1,39.63999938964844,30.280000686645508,34.0,32.0,5.896438819590573,0.3642834424972534,0.038461538461538464,center_proxy_gt_axes_angle,,,left_only
58051,4735,test,38,right,session_2_0_1,201,saccade_fixation,1658307768869656,4860,216.3938053097345,123.09734513274336,26.074292983757974,22.115807145945944,72.14566704638818,23.29331400686375,Fixation,58016,35,1,39.599998474121094,29.8799991607666,30.0,32.0,9.831295655277469,0.38531753420829773,0.0,center_proxy_gt_axes_angle,,,left_only
58052,4736,test,38,right,session_2_0_1,201,saccade_fixation,1658307768909656,4861,216.88666666666663,122.04888888888888,26.314327943592527,21.841579933989824,63.38184864909693,23.40144180490413,Fixation,58016,36,1,39.52000045776367,29.68000030517578,39.0,31.0,1.418731711921059,0.708453893661499,0.5882352941176471,center_proxy_gt_axes_angle,,,left_only
58053,4737,test,38,right,session_2_0_1,201,saccade_fixation,1658307768949656,4862,216.8891352549889,121.92461197339246,26.177511845953813,21.991385034198945,65.16839683399972,9.06250045094779,Fixation,58016,37,1,39.7599983215332,29.68000030517578,39.0,31.0,1.5231535192058996,0.6636021137237549,0.5882352941176471,center_proxy_gt_axes_angle,,,left_only
58054,4738,test,38,right,session_2_0_1,201,saccade_fixation,1658307768989656,4863,216.9181415929204,121.820796460177,26.45029356712794,21.828167570700977,66.45790537085846,1.9390729550604613,Fixation,58016,38,1,39.7599983215332,29.68000030517578,33.0,31.0,6.887668437248395,0.4004051685333252,0.0,center_proxy_gt_axes_angle,,,left_only
58055,4739,test,38,right,session_2_0_1,201,saccade_fixation,1658307769029656,4864,216.83801295896328,121.7170626349892,27.05913062834763,21.86378288848004,64.55204494470334,2.364832599622204,Fixation,58016,39,1,39.52000045776367,29.68000030517578,34.0,31.0,5.675632497620612,0.471419095993042,0.027777777777777776,center_proxy_gt_axes_angle,,,left_only
58056,4740,test,38,right,session_2_0_1,201,saccade_fixation,1658307769069656,4865,216.8549783549784,121.74025974025976,26.97925325488149,21.882469729594412,64.80959919875977,2.1591009637383736,Fixation,58016,40,1,39.599998474121094,29.280000686645508,34.0,30.0,5.6460943953665454,0.4375583827495575,0.018867924528301886,center_proxy_gt_axes_angle,,,left_only
58057,4741,test,38,right,session_2_0_1,201,saccade_fixation,1658307769109656,4866,216.8776371308017,121.5464135021097,27.21997817449341,22.234965588684386,66.18816284139977,0.79409689056802,Fixation,58016,41,1,39.599998474121094,29.479999542236328,35.0,30.0,4.62929653813523,0.46576353907585144,0.08823529411764706,center_proxy_gt_axes_angle,,,left_only
58058,4742,test,38,right,session_2_0_1,201,saccade_fixation,1658307769149656,4867,216.8168421052632,121.49052631578948,27.035865522169797,22.41356734105299,67.01125804856302,0.5611816829035405,Fixation,58016,42,1,39.599998474121094,29.280000686645508,34.0,30.0,5.6460943953665454,0.43473464250564575,0.04225352112676056,center_proxy_gt_axes_angle,,,left_only
58059,4743,test,38,right,session_2_0_1,201,saccade_fixation,1658307769189656,4868,216.85534591194968,121.59119496855344,27.237560150218425,22.347636292393634,66.06088133407893,2.0469608321911643,Fixation,58016,43,1,39.599998474121094,29.479999542236328,34.0,30.0,5.62408956065184,0.4399856925010681,0.04225352112676056,center_proxy_gt_axes_angle,,,left_only
58060,4744,test,38,right,session_2_0_1,201,saccade_fixation,1658307769229656,4869,216.77546777546775,121.6985446985447,27.339282093687626,22.467521020134743,68.26280452079338,2.976738023051905,Fixation,58016,44,1,39.599998474121094,29.280000686645508,35.0,30.0,4.6560052591408585,0.44516128301620483,0.08823529411764706,center_proxy_gt_axes_angle,,,left_only
58061,4745,test,38,right,session_2_0_1,201,saccade_fixation,1658307769269656,4870,216.768115942029,121.85507246376812,27.529724812257864,22.42241412823412,68.7373848127902,2.567544710763548,Fixation,58016,45,1,39.599998474121094,29.280000686645508,35.0,30.0,4.6560052591408585,0.4308052062988281,0.08823529411764706,center_proxy_gt_axes_angle,,,left_only
58062,4746,test,38,right,session_2_0_1,201,saccade_fixation,1658307769309656,4871,216.7287784679089,121.95859213250516,27.716548554343344,22.264654017864828,68.58023712310747,1.2505083593445934,Fixation,58016,46,1,39.599998474121094,29.200000762939453,34.0,30.0,5.6568526310534235,0.42673277854919434,0.04225352112676056,center_proxy_gt_axes_angle,,,left_only
58063,4747,test,38,right,session_2_0_1,201,saccade_fixation,1658307769349656,4872,216.74081632653065,121.98571428571428,27.679692382517224,22.61526968728489,70.01814901115453,0.3944226348668526,Fixation,58016,47,1,39.599998474121094,29.200000762939453,34.0,30.0,5.6568526310534235,0.4202246367931366,0.04225352112676056,center_proxy_gt_axes_angle,,,left_only
58064,4748,test,38,right,session_2_0_1,201,saccade_fixation,1658307769389656,4873,216.6929292929293,121.88080808080808,27.916565827926824,22.64357274047501,69.48819058211316,1.1231471044160335,Fixation,58016,48,1,39.599998474121094,29.520000457763672,34.0,30.0,5.620532223082229,0.4358378052711487,0.04225352112676056,center_proxy_gt_axes_angle,,,left_only
58065,4749,test,38,right,session_2_0_1,201,saccade_fixation,1658307769429656,4874,216.7128514056225,121.8855421686747,27.856001355468845,22.81742298870216,71.41548562266254,1.4039858002605143,Fixation,58016,49,1,39.599998474121094,29.520000457763672,34.0,30.0,5.620532223082229,0.44292157888412476,0.04225352112676056,center_proxy_gt_axes_angle,,,left_only
58066,4750,test,38,right,session_2_0_1,201,saccade_fixation,1658307769469656,4875,216.61089494163423,121.82295719844358,28.47738089965164,23.030305736957096,68.08782288653323,39.6039921862675,Fixation,58016,50,1,39.63999938964844,29.360000610351562,34.0,30.0,5.676195233956028,0.4593956470489502,0.04225352112676056,center_proxy_gt_axes_angle,,,left_only
58067,4751,test,38,right,session_2_0_1,201,saccade_fixation,1658307769509656,4876,216.59735349716445,121.81285444234403,29.102491989682672,23.21544227244892,68.99852435729036,138.21139375750556,Fixation,58016,51,1,39.68000030517578,29.520000457763672,34.0,31.0,5.869650936113382,0.4317653179168701,0.027777777777777776,center_proxy_gt_axes_angle,,,left_only
58068,4752,test,38,right,session_2_0_1,201,saccade_fixation,1658307769549656,4877,212.8653846153846,116.83076923076923,28.237878447770687,23.53583636818526,56.9781364808417,192.32570684932853,Fixation,58016,52,1,39.0,28.360000610351562,33.0,29.0,6.034036726665688,0.3881728947162628,0.04878048780487805,center_proxy_gt_axes_angle,,,left_only
58069,4753,test,38,right,session_2_0_1,201,saccade_fixation,1658307769589656,4878,198.5905923344948,109.21254355400696,29.13536148661858,25.13443888260693,38.90525888146337,197.39815270141997,Fixation,58016,53,1,36.47999954223633,26.559999465942383,33.0,29.0,4.250176398711766,0.44774702191352844,0.13846153846153847,center_proxy_gt_axes_angle,,,left_only
58070,4754,test,38,right,session_2_0_1,201,saccade_fixation,1658307769629656,4879,188.35836177474405,109.62798634812286,28.5728192231754,26.12899236375923,16.525414058894142,166.0857754201288,Fixation,58016,54,1,34.439998626708984,26.68000030517578,34.0,28.0,1.3914014466866933,0.6591739654541016,0.6086956521739131,center_proxy_gt_axes_angle,,,left_only
58071,4755,test,38,right,session_2_0_1,201,saccade_fixation,1658307769669656,4880,187.363184079602,109.85903814262024,29.041610664961503,26.47807564540324,21.220448717862094,72.01972525278967,Fixation,58016,55,1,34.20000076293945,26.68000030517578,29.0,29.0,5.69406766016662,0.3852841258049011,0.0136986301369863,center_proxy_gt_axes_angle,,,left_only
58072,4756,test,38,right,session_2_0_1,201,saccade_fixation,1658307769709656,4881,187.2508143322476,109.7557003257329,29.326444076923263,26.696841803426835,19.64025072900762,35.350057080845545,Fixation,58016,56,1,34.20000076293945,26.68000030517578,27.0,29.0,7.564549528578233,0.4771103858947754,0.0,center_proxy_gt_axes_angle,,,left_only
58073,4757,test,38,right,session_2_0_1,201,saccade_fixation,1658307769749656,4882,187.07455429497568,109.61750405186386,29.486704967085583,26.670218531217746,16.70940876164599,143.7670196692273,Fixation,58016,57,1,34.15999984741211,26.440000534057617,28.0,30.0,7.1147167419109,0.5079666972160339,0.0,center_proxy_gt_axes_angle,,,left_only
58074,4758,test,38,right,session_2_0_1,201,saccade_fixation,1658307769789656,4883,183.99837398373984,113.23089430894308,28.96006324723509,27.098253782106145,21.058654431708504,174.14341842609204,Fixation,58016,58,1,33.63999938964844,27.31999969482422,34.0,28.0,0.7694159177536251,0.5964316129684448,1.0,center_proxy_gt_axes_angle,,,left_only
58075,4759,test,38,right,session_2_0_1,201,saccade_fixation,1658307769829657,4884,172.72568940493468,127.60377358490568,30.81009359013724,28.5044325072385,-74.08609344292081,178.1332322936103,Fixation,58016,59,1,31.520000457763672,31.1200008392334,32.0,31.0,0.494772434522988,0.650029182434082,1.0,center_proxy_gt_axes_angle,,,left_only
58076,4760,test,38,right,session_2_0_1,201,saccade_fixation,1658307769869657,4885,169.97619047619048,131.61755952380952,30.43983642596569,28.159333602934552,84.93194602612517,149.05519660963344,Fixation,58016,60,1,31.0,32.0,32.0,32.0,1.0,0.5211020112037659,0.6818181818181818,center_proxy_gt_axes_angle,,,left_only
58077,4761,test,38,right,session_2_0_1,201,saccade_fixation,1658307769909657,4886,169.41463414634146,131.98852223816357,30.96105835253076,28.69465304299063,87.15167083325723,35.74839439967852,Fixation,58016,61,1,30.84000015258789,32.36000061035156,33.0,32.0,2.1897944607368593,0.4696686863899231,0.5555555555555556,center_proxy_gt_axes_angle,,,left_only
58078,4762,test,38,right,session_2_0_1,201,saccade_fixation,1658307769949657,4887,169.1082621082621,131.86039886039887,30.83487824680623,29.0295820657846,-86.9323326244141,8.636121951041318,Fixation,58016,62,1,30.760000228881836,32.119998931884766,29.0,32.0,1.764086321390651,0.35323232412338257,0.5555555555555556,center_proxy_gt_axes_angle,,,left_only
58079,4763,test,38,right,session_2_0_1,201,saccade_fixation,1658307769989657,4888,168.90128755364807,131.85693848354794,30.868530346464667,28.897348616148907,-84.19525562375895,5.255259771296077,Fixation,58016,63,1,30.8799991607666,32.15999984741211,33.0,31.0,2.4166098577028174,0.40499740839004517,0.47692307692307695,center_proxy_gt_axes_angle,,,left_only
58080,4764,test,38,right,session_2_0_1,201,saccade_fixation,1658307770029657,4889,168.60393258426967,131.77949438202248,31.208530589675096,29.109988488846344,85.85772138835677,4.686150832939327,Fixation,58016,64,1,30.760000228881836,32.119998931884766,32.0,31.0,1.6709270001397774,0.3733079433441162,0.6333333333333333,center_proxy_gt_axes_angle,,,left_only
58081,4765,test,38,right,session_2_0_1,201,saccade_fixation,1658307770069657,4890,168.5757997218359,131.93045897079276,31.612586837721675,28.99430570764038,85.5973734121715,1.279910209278268,Fixation,58016,65,1,30.760000228881836,32.119998931884766,33.0,30.0,3.0841521437506896,0.3796854019165039,0.38028169014084506,center_proxy_gt_axes_angle,,,left_only
58082,4766,test,38,right,session_2_0_1,201,saccade_fixation,1658307770109657,4891,168.44692737430168,132.21368715083798,31.55080842185365,28.92901906271168,86.79074132523894,156.13432418488776,Fixation,58016,66,1,30.799999237060547,32.119998931884766,32.0,31.0,1.64146259125156,0.4016183614730835,0.4411764705882353,center_proxy_gt_axes_angle,,,left_only
58083,4767,test,38,right,session_2_0_1,201,saccade_fixation,1658307770149657,4892,168.6966292134831,131.84971910112358,31.301006009700675,29.036352406445644,-87.66567441714348,280.418505309384,Fixation,58016,67,1,30.799999237060547,32.119998931884766,34.0,32.0,3.202249931917646,0.38882219791412354,0.4166666666666667,center_proxy_gt_axes_angle,,,left_only
58084,4768,test,38,right,session_2_0_1,201,saccade_fixation,1658307770189657,4893,187.24745269286757,115.15138282387193,30.25815820801304,28.961450077930536,18.026726687856097,320.1320106725502,Fixation,58016,68,1,34.279998779296875,28.0,34.0,30.0,2.019504720570799,0.6695547103881836,0.5161290322580645,center_proxy_gt_axes_angle,,,left_only
58085,4769,test,38,right,session_2_0_1,201,saccade_fixation,1658307770229657,4894,204.74738675958187,105.38501742160278,30.66228881602091,23.86458302066267,34.88872435686952,319.8859707994593,Fixation,58016,69,1,37.52000045776367,25.84000015258789,37.0,26.0,0.5440592129964592,0.6961908340454102,0.6818181818181818,center_proxy_gt_axes_angle,,,left_only
58086,4770,test,38,right,session_2_0_1,201,saccade_fixation,1658307770269657,4895,211.91417910447765,105.11753731343283,30.57024946138777,22.373059686839923,40.41593340787401,168.6606450734555,Fixation,58016,70,1,38.880001068115234,25.639999389648438,28.0,25.0,10.898808304623905,0.5161882638931274,0.0,center_proxy_gt_axes_angle,,,left_only
58087,4771,test,38,right,session_2_0_1,201,saccade_fixation,1658307770309657,4896,212.2238532110092,104.92477064220184,30.86201847139021,22.51901165084757,42.21434471613108,46.77827548257584,Fixation,58016,71,1,38.84000015258789,25.639999389648438,28.0,25.0,10.858876669658601,0.4843089282512665,0.0,center_proxy_gt_axes_angle,,,left_only
58088,4772,test,38,right,session_2_0_1,201,saccade_fixation,1658307770349657,4897,212.21062271062272,104.9010989010989,30.927163368471675,22.51266524643816,42.46117263971345,3.216085935789035,Fixation,58016,72,1,39.0,25.520000457763672,28.0,26.0,11.010467726692953,0.44689154624938965,0.0,center_proxy_gt_axes_angle,,,left_only
58089,4773,test,38,right,session_2_0_1,201,saccade_fixation,1658307770389657,4898,212.21323529411765,104.85661764705884,30.922813067882604,22.435914203696708,41.94193339945241,2.237955969087711,Fixation,58016,73,1,39.0,25.520000457763672,28.0,27.0,11.099117020962511,0.3453338146209717,0.0,center_proxy_gt_axes_angle,,,left_only
58090,4774,test,38,right,session_2_0_1,201,saccade_fixation,1658307770429657,4899,212.1865671641791,104.68097014925372,30.70971324100388,22.256571629257756,40.09627038176762,2.6404810836529204,Fixation,58016,74,1,39.0,25.520000457763672,29.0,29.0,10.588219718817939,0.2398121953010559,0.0,center_proxy_gt_axes_angle,,,left_only
58091,4775,test,38,right,session_2_0_1,201,saccade_fixation,1658307770469657,4900,212.24952380952385,104.56761904761905,30.484106621059546,21.9610995180558,40.29212151300996,2.820275361332022,Fixation,58016,75,1,39.0,25.520000457763672,46.0,30.0,8.310860117848074,0.27516472339630127,0.0,center_proxy_gt_axes_angle,,,left_only
58092,4776,test,38,right,session_2_0_1,201,saccade_fixation,1658307770509657,4901,212.20348837209303,104.47868217054264,30.0497355821243,21.89692633479115,39.98479171910046,2.399683822589023,Fixation,58016,76,1,39.0,25.520000457763672,46.0,29.0,7.817313912973244,0.2292717844247818,0.0,center_proxy_gt_axes_angle,,,left_only
58093,4777,test,38,right,session_2_0_1,201,saccade_fixation,1658307770549657,4902,212.2475442043222,104.40667976424362,29.96956760867769,21.665385343299857,40.563550333540064,1.4175245363986846,Fixation,58016,77,1,39.0,25.520000457763672,46.0,29.0,7.817313912973244,0.24509567022323608,0.0,center_proxy_gt_axes_angle,,,left_only
58094,4778,test,38,right,session_2_0_1,201,saccade_fixation,1658307770589657,4903,212.2625250501002,104.30460921843688,29.38438148427045,21.67326336707857,39.81343200740278,2.7604923318926438,Fixation,58016,78,1,38.79999923706055,25.31999969482422,46.0,30.0,8.587340324150086,0.2808806300163269,0.0,center_proxy_gt_axes_angle,,,left_only
58095,4779,test,38,right,session_2_0_1,201,saccade_fixation,1658307770629657,4904,212.3033932135729,104.34730538922156,29.559763745738287,21.634029780501752,40.031786454181,2.4993686460398696,Fixation,58016,79,1,39.0,25.520000457763672,46.0,30.0,8.310860117848074,0.310508668422699,0.0,center_proxy_gt_axes_angle,,,left_only
58096,4780,test,38,right,session_2_0_1,201,saccade_fixation,1658307770669657,4905,212.64449064449065,104.5031185031185,28.595164809424755,21.46783659489182,41.271982790570775,1.3504472746314595,Fixation,58016,80,1,39.0,25.15999984741211,46.0,29.0,7.984084241281215,0.3124256432056427,0.0,center_proxy_gt_axes_angle,,,left_only
58097,4781,test,38,right,session_2_0_1,201,saccade_fixation,1658307770709657,4906,212.64583333333331,104.37083333333334,28.61163494356089,21.397050972057983,41.940354334039625,1.840556683450083,Fixation,58016,81,1,39.0,25.15999984741211,46.0,29.0,7.984084241281215,0.31052201986312866,0.0,center_proxy_gt_axes_angle,,,left_only
58098,4782,test,38,right,session_2_0_1,201,saccade_fixation,1658307770749657,4907,212.4264705882353,104.16386554621847,28.607466186666155,21.236268397574428,40.91530945941798,3.3919761435060383,Fixation,58016,82,1,39.0,25.15999984741211,46.0,30.0,8.51032322988092,0.3126077651977539,0.0,center_proxy_gt_axes_angle,,,left_only
58099,4783,test,38,right,session_2_0_1,201,saccade_fixation,1658307770789657,4908,212.4539614561028,104.09421841541756,28.075835348104786,21.224601964614436,41.9842253216535,3.429311010440883,Fixation,58016,83,1,39.0,25.15999984741211,46.0,29.0,7.984084241281215,0.2854688763618469,0.0,center_proxy_gt_axes_angle,,,left_only
58100,4784,test,38,right,session_2_0_1,201,saccade_fixation,1658307770829657,4909,212.3563714902808,104.04319654427646,27.813553973530947,21.235663901734284,42.83451945724167,2.4312249363524105,Fixation,58016,84,1,38.880001068115234,25.239999771118164,46.0,30.0,8.564577454200256,0.28176116943359375,0.0,center_proxy_gt_axes_angle,,,left_only
58101,4785,test,38,right,session_2_0_1,201,saccade_fixation,1658307770869657,4910,212.18803418803415,104.06837606837608,28.10043380007597,21.26307288138688,40.48452833906734,3.0775908920478248,Fixation,58016,85,1,39.0,25.15999984741211,46.0,31.0,9.116227387588935,0.31126734614372253,0.0,center_proxy_gt_axes_angle,,,left_only
58102,4786,test,38,right,session_2_0_1,201,saccade_fixation,1658307770909657,4911,212.063025210084,104.30252100840336,28.707485377871908,21.185840083299755,40.01312144493795,3.134280017861074,Fixation,58016,86,1,38.880001068115234,25.360000610351562,34.0,31.0,7.458150141961515,0.3131866455078125,0.0,center_proxy_gt_axes_angle,,,left_only
58103,4787,test,38,right,session_2_0_1,201,saccade_fixation,1658307770949657,4912,212.03901437371664,104.35934291581108,28.90272255799831,21.516913249128617,41.26356276024072,1.5803412268030694,Fixation,58016,87,1,38.880001068115234,25.440000534057617,46.0,31.0,9.033713458557328,0.35139787197113037,0.0,center_proxy_gt_axes_angle,,,left_only
58104,4788,test,38,right,session_2_0_1,201,saccade_fixation,1658307770989657,4913,211.90763052208837,104.26706827309236,29.15830644307525,21.79167019362617,40.289377000585176,1.3965891495216816,Fixation,58016,88,1,38.720001220703125,25.399999618530273,46.0,31.0,9.184682166467443,0.330777108669281,0.0,center_proxy_gt_axes_angle,,,left_only
58105,4789,test,38,right,session_2_0_1,201,saccade_fixation,1658307771029657,4914,211.95841584158416,104.17425742574255,29.30522748603593,21.97750931721722,40.38738832394915,2.0221594078222567,Fixation,58016,89,1,38.79999923706055,25.31999969482422,46.0,32.0,9.82152814298657,0.41908156871795654,0.0,center_proxy_gt_axes_angle,,,left_only
58106,4790,test,38,right,session_2_0_1,201,saccade_fixation,1658307771069658,4915,211.9214145383104,104.12966601178782,29.57866244984266,21.938746052547547,40.02053947438429,39.23288815036363,Fixation,58016,90,1,38.7599983215332,25.280000686645508,46.0,32.0,9.878057252096026,0.3852284252643585,0.0,center_proxy_gt_axes_angle,,,left_only
58107,4791,test,38,right,session_2_0_1,201,saccade_fixation,1658307771109658,4916,211.86939571150097,104.08382066276803,29.63245379080045,22.077750905363565,40.02822996452639,102.64336955593588,Fixation,58016,91,1,38.7599983215332,25.280000686645508,45.0,32.0,9.17038776272592,0.4144229590892792,0.0,center_proxy_gt_axes_angle,,,left_only
58108,4792,test,38,right,session_2_0_1,201,saccade_fixation,1658307771149658,4917,214.14209591474244,110.13321492007104,30.002380169660043,23.92282789516383,47.42262043194337,104.71541921012644,Fixation,58016,92,1,39.0,26.639999389648438,38.0,26.0,1.1872654373603118,0.6707042455673218,0.4230769230769231,center_proxy_gt_axes_angle,,,left_only
58109,4793,test,38,right,session_2_0_1,201,saccade_fixation,1658307771189658,4918,213.53834115805947,120.52112676056338,31.49330521253992,25.91578211447156,70.46622650409087,102.6835101540744,Fixation,58016,93,1,39.15999984741211,29.360000610351562,37.0,30.0,2.2528201347579233,0.6736801862716675,0.45098039215686275,center_proxy_gt_axes_angle,,,left_only
58110,4794,test,38,right,session_2_0_1,201,saccade_fixation,1658307771229658,4919,212.8191823899371,120.86006289308176,31.93659625427785,25.4281035557434,69.84284430384642,66.0856371012545,Fixation,58016,94,1,39.0,29.520000457763672,35.0,31.0,4.265020356929114,0.5504802465438843,0.15625,center_proxy_gt_axes_angle,,,left_only
58111,4795,test,38,right,session_2_0_1,201,saccade_fixation,1658307771269658,4920,212.46676970633692,120.50231839258116,31.98513249212582,25.827031472799,69.87808440948854,8.171758928155,Fixation,58016,95,1,39.0,29.1200008392334,35.0,31.0,4.419773392888274,0.5495705604553223,0.15625,center_proxy_gt_axes_angle,,,left_only
58112,4796,test,38,right,session_2_0_1,201,saccade_fixation,1658307771309658,4921,212.2732824427481,120.54045801526718,32.03241854415835,26.090988504098775,71.34608317006877,5.623185759933269,Fixation,58016,96,1,38.79999923706055,29.280000686645508,35.0,31.0,4.171137954995095,0.5405716896057129,0.15625,center_proxy_gt_axes_angle,,,left_only
58113,4797,test,38,right,session_2_0_1,201,saccade_fixation,1658307771349658,4922,212.2355623100304,120.41033434650456,32.00074149290372,26.22963633303082,71.1359368590151,2.0799267269942403,Fixation,58016,97,1,38.79999923706055,29.280000686645508,35.0,31.0,4.171137954995095,0.5377948880195618,0.15625,center_proxy_gt_axes_angle,,,left_only
58114,4798,test,38,right,session_2_0_1,201,saccade_fixation,1658307771389658,4923,212.14932126696831,120.25942684766214,32.01454915520477,26.409469779142785,68.75815691792025,2.2312908752491705,Fixation,58016,98,1,38.79999923706055,29.280000686645508,34.0,30.0,4.853698763521772,0.5231459140777588,0.08823529411764706,center_proxy_gt_axes_angle,,,left_only
58115,4799,test,38,right,session_2_0_1,201,saccade_fixation,1658307771429658,4924,212.23312883435585,120.26533742331289,31.944351988770453,26.04322262232654,67.94628403519944,90.70971971788454,Fixation,58016,99,1,38.84000015258789,29.239999771118164,35.0,32.0,4.728974776344531,0.48964354395866394,0.13846153846153847,center_proxy_gt_axes_angle,,,left_only
95958,4873,test,40,left,session_1_0_1,101,saccade_fixation,1658906110847154,5004,182.87417218543047,145.62582781456953,28.54749420975565,27.020304287809804,22.12138605376788,0.9052875809056676,Fixation,95885,73,1,33.36000061035156,35.720001220703125,33.0,32.0,3.7373800343939116,0.38536787033081055,0.15625,center_proxy_gt_axes_angle,,,left_only
95959,4874,test,40,left,session_1_0_1,101,saccade_fixation,1658906110887154,5005,182.84602649006624,145.56953642384107,28.36190040361985,27.199901777781697,22.84354512135286,2.7661103036180714,Fixation,95885,74,1,33.36000061035156,35.560001373291016,29.0,31.0,6.308979144574972,0.3744909167289734,0.0,center_proxy_gt_axes_angle,,,left_only
95960,4875,test,40,left,session_1_0_1,101,saccade_fixation,1658906110927154,5006,182.7219430485762,145.7353433835846,28.408783873798637,26.829638262228148,18.95879678254528,2.754534910846425,Fixation,95885,75,1,33.36000061035156,35.720001220703125,28.0,31.0,7.141989783415271,0.38727104663848877,0.0,center_proxy_gt_axes_angle,,,left_only
95961,4876,test,40,left,session_1_0_1,101,saccade_fixation,1658906110967154,5007,182.5976430976431,145.97138047138048,28.39911908269691,26.710906600936944,17.572747722639008,4.938874703619631,Fixation,95885,76,1,33.400001525878906,35.79999923706055,27.0,32.0,7.443118548895555,0.4100438952445984,0.0,center_proxy_gt_axes_angle,,,left_only
95962,4877,test,40,left,session_1_0_1,101,saccade_fixation,1658906111007154,5008,182.53209459459455,145.90371621621622,28.06521589501106,26.9231224482181,15.011747482936784,6.373156291711064,Fixation,95885,77,1,33.36000061035156,35.720001220703125,28.0,32.0,6.52441688007456,0.3966992199420929,0.0,center_proxy_gt_axes_angle,,,left_only
95963,4878,test,40,left,session_1_0_1,101,saccade_fixation,1658906111047154,5009,182.09982788296043,145.82960413080897,27.788650541041445,26.68281100480013,19.11822718665076,6.998079728022759,Fixation,95885,78,1,33.279998779296875,35.720001220703125,28.0,32.0,6.458854092748127,0.3020521402359009,0.0,center_proxy_gt_axes_angle,,,left_only
95964,4879,test,40,left,session_1_0_1,101,saccade_fixation,1658906111087154,5010,181.73162393162397,145.4923076923077,28.18083388021159,26.480698906662106,18.708782432591164,6.11558169301241,Fixation,95885,79,1,33.15999984741211,35.52000045776367,27.0,33.0,6.655524053539761,0.4021531641483307,0.0,center_proxy_gt_axes_angle,,,left_only
95965,4880,test,40,left,session_1_0_1,101,saccade_fixation,1658906111127154,5011,181.6199324324324,145.42567567567568,28.362496537751976,26.613479495858265,20.00748286629133,3.7856004361376647,Fixation,95885,80,1,33.15999984741211,35.52000045776367,27.0,33.0,6.655524053539761,0.42122381925582886,0.0,center_proxy_gt_axes_angle,,,left_only
95966,4881,test,40,left,session_1_0_1,101,saccade_fixation,1658906111167154,5012,181.66439522998297,145.45144804088585,28.36962472789701,26.38405681939334,17.39601953986309,0.9621159134105016,Fixation,95885,81,1,33.2400016784668,35.52000045776367,28.0,32.0,6.312528876210493,0.39661750197410583,0.0,center_proxy_gt_axes_angle,,,left_only
95967,4882,test,40,left,session_1_0_1,101,saccade_fixation,1658906111207154,5013,181.6677966101695,145.4050847457627,28.352818436341167,26.53601969259003,23.7458698751565,1.8541643093392128,Fixation,95885,82,1,33.15999984741211,35.52000045776367,28.0,32.0,6.246279024183074,0.3877626061439514,0.0,center_proxy_gt_axes_angle,,,left_only
95968,4883,test,40,left,session_1_0_1,101,saccade_fixation,1658906111247154,5014,181.6309523809524,145.37585034013603,28.229534056635817,26.567094601355844,22.137779645788584,2.702450550091599,Fixation,95885,83,1,33.15999984741211,35.52000045776367,29.0,32.0,5.449403816301856,0.2961375117301941,0.0,center_proxy_gt_axes_angle,,,left_only
95969,4884,test,40,left,session_1_0_1,101,saccade_fixation,1658906111287154,5015,181.74536256323776,145.1568296795953,28.3085849643974,26.72044633556385,16.4079275725029,2.401179058479147,Fixation,95885,84,1,33.2400016784668,35.400001525878906,44.0,33.0,11.024407975198416,0.3181314468383789,0.0,center_proxy_gt_axes_angle,,,left_only
95970,4885,test,40,left,session_1_0_1,101,saccade_fixation,1658906111327155,5016,181.7138047138047,145.0218855218855,28.45620135951031,26.61403554669862,22.22466632683532,3.575014932981226,Fixation,95885,85,1,33.2400016784668,35.400001525878906,36.0,32.0,4.379223802324447,0.29893046617507935,0.13846153846153847,center_proxy_gt_axes_angle,,,left_only
95971,4886,test,40,left,session_1_0_1,101,saccade_fixation,1658906111367155,5017,181.75879396984925,145.0318257956449,28.55426147430737,26.65044884156703,23.814052583257396,11.70177660418221,Fixation,95885,86,1,33.279998779296875,35.279998779296875,36.0,33.0,3.549197243634359,0.30906686186790466,0.23333333333333334,center_proxy_gt_axes_angle,,,left_only
95972,4887,test,40,left,session_1_0_1,101,saccade_fixation,1658906111407155,5018,182.0361247947455,144.9720853858785,28.86098999379148,26.952157166907988,21.593413769790946,7.61250303383701,Fixation,95885,87,1,33.2400016784668,35.36000061035156,26.0,32.0,7.981680800794085,0.33196255564689636,0.0,center_proxy_gt_axes_angle,,,left_only
95973,4888,test,40,left,session_1_0_1,101,saccade_fixation,1658906111447155,5019,182.13799283154125,143.32616487455198,29.338504916233312,24.43009516804356,11.248296498785294,4.003614487188121,Fixation,95885,88,1,33.400001525878906,34.880001068115234,33.0,38.0,3.1455356548078632,0.4841047525405884,0.27586206896551724,center_proxy_gt_axes_angle,,,left_only
95974,4889,test,40,left,session_1_0_1,101,saccade_fixation,1658906111807155,5028,183.40104166666663,148.26302083333334,27.8209908019688,17.870475859045055,8.419652208768952,3.6573739204392,Fixation,95885,89,1,33.599998474121094,36.15999984741211,34.0,35.0,1.227029285184983,0.404409259557724,0.5882352941176471,center_proxy_gt_axes_angle,,,left_only
95975,4890,test,40,left,session_1_0_1,101,saccade_fixation,1658906111847155,5029,183.48282828282828,145.8808080808081,28.88332116538289,22.080900742457228,13.469243712570716,2.2697770723569954,Fixation,95885,90,1,33.47999954223633,35.560001373291016,27.0,34.0,6.66513303333496,0.46901166439056396,0.0,center_proxy_gt_axes_angle,,,left_only
95976,4891,test,40,left,session_1_0_1,101,saccade_fixation,1658906111887155,5030,183.7701342281879,144.6979865771812,29.31679609871305,26.11884022653157,8.429763838540907,26.11780977254464,Fixation,95885,91,1,33.599998474121094,35.20000076293945,29.0,35.0,4.604344281989864,0.47926396131515503,0.08823529411764706,center_proxy_gt_axes_angle,,,left_only
95977,4892,test,40,left,session_1_0_1,101,saccade_fixation,1658906111927155,5031,182.0985691573927,144.41494435612083,29.016475383781188,27.7408856135612,28.05314494106992,15.798179949567215,Fixation,95885,92,1,33.400001525878906,35.15999984741211,29.0,37.0,4.769236206066981,0.3811611235141754,0.10256410256410256,center_proxy_gt_axes_angle,,,left_only
95978,4893,test,40,left,session_1_0_1,101,saccade_fixation,1658906111967155,5032,181.7059748427673,144.4433962264151,28.7474511393154,28.25087327250788,66.90786226776784,14.35159763872384,Fixation,95885,93,1,33.119998931884766,35.2400016784668,27.0,35.0,6.12470307296097,0.5242068767547607,0.0,center_proxy_gt_axes_angle,,,left_only
95979,4894,test,40,left,session_1_0_1,101,saccade_fixation,1658906112007155,5033,181.59968602825745,144.19466248037676,28.9332588314504,28.11075009052005,53.12866742832616,4.175905170586437,Fixation,95885,94,1,33.119998931884766,35.15999984741211,28.0,33.0,5.556976552345842,0.5180632472038269,0.0136986301369863,center_proxy_gt_axes_angle,,,left_only
95980,4895,test,40,left,session_1_0_1,101,saccade_fixation,1658906112047155,5034,181.5170807453416,144.25465838509317,29.03097248268056,28.30554420341283,64.40882024719483,3.805753598319902,Fixation,95885,95,1,33.119998931884766,35.2400016784668,28.0,33.0,5.588559437103197,0.477278470993042,0.0,center_proxy_gt_axes_angle,,,left_only
95981,4896,test,40,left,session_1_0_1,101,saccade_fixation,1658906112087155,5035,181.55607476635515,144.02492211838006,29.050292160081103,28.235685265479948,52.98410598988524,1.2439636143607853,Fixation,95885,96,1,33.119998931884766,35.15999984741211,29.0,33.0,4.651880323004016,0.4272092580795288,0.05714285714285714,center_proxy_gt_axes_angle,,,left_only
95982,4897,test,40,left,session_1_0_1,101,saccade_fixation,1658906112127155,5036,181.5,143.87037037037038,29.262676549218284,28.29945226479157,65.39720389407472,1.0504879603966664,Fixation,95885,97,1,33.119998931884766,35.15999984741211,45.0,32.0,12.293088481503078,0.3908206820487976,0.0,center_proxy_gt_axes_angle,,,left_only
95983,4898,test,40,left,session_1_0_1,101,saccade_fixation,1658906112167155,5037,181.46969696969697,144.04393939393938,29.731334453174345,28.3643350329786,63.69564688747423,0.7491229253101829,Fixation,95885,98,1,33.119998931884766,35.2400016784668,29.0,32.0,5.241374063659192,0.3681780993938446,0.027777777777777776,center_proxy_gt_axes_angle,,,left_only
95984,4899,test,40,left,session_1_0_1,101,saccade_fixation,1658906112207155,5038,181.43975903614455,144.10542168674698,29.765078350981184,28.50528399121041,65.88065089109853,1.6848854268062303,Fixation,95885,99,1,33.119998931884766,35.2400016784668,44.0,40.0,11.875689759470292,0.4503370523452759,0.0,center_proxy_gt_axes_angle,,,left_only
95985,4900,test,40,left,session_1_0_1,101,saccade_fixation,1658906112247155,5039,181.45864661654136,144.09473684210528,29.74348249266153,28.57070376331671,66.271760206015,2.488022048723785,Fixation,95985,0,1,33.119998931884766,35.2400016784668,29.0,20.0,15.787084669387264,0.3720708191394806,0.0,center_proxy_gt_axes_angle,,,left_only
95986,4901,test,40,left,session_1_0_1,101,saccade_fixation,1658906112287155,5040,181.6051051051051,144.11861861861863,29.69226626226499,28.69112507496238,61.71660037041835,5.552080980207863,Fixation,95985,1,1,33.119998931884766,35.2400016784668,27.0,28.0,9.480084980129277,0.3919350206851959,0.0,center_proxy_gt_axes_angle,,,left_only
95987,4902,test,40,left,session_1_0_1,101,saccade_fixation,1658906112327155,5041,181.71021021021025,143.72672672672672,29.693111567982022,28.686298925934373,54.08811511009827,8.074692177577674,Fixation,95985,2,1,33.279998779296875,35.0,26.0,34.0,7.348359151985155,0.32070621848106384,0.0,center_proxy_gt_axes_angle,,,left_only
95988,4903,test,40,left,session_1_0_1,101,saccade_fixation,1658906112367155,5042,181.7397881996974,143.26928895612707,29.618973057596367,28.503590179750915,45.993081725815095,9.418197949095672,Fixation,95985,3,1,33.279998779296875,35.0,25.0,33.0,8.518120672141112,0.35375314950942993,0.0,center_proxy_gt_axes_angle,,,left_only
95989,4904,test,40,left,session_1_0_1,101,saccade_fixation,1658906112407155,5043,181.84766214177975,142.86274509803923,29.74078289663922,28.504427587613097,56.36412280415027,9.634866343842848,Fixation,95985,4,1,33.20000076293945,34.84000015258789,44.0,32.0,11.167165458933956,0.33454227447509766,0.0,center_proxy_gt_axes_angle,,,left_only
95990,4905,test,40,left,session_1_0_1,101,saccade_fixation,1658906112447155,5044,181.90672782874617,142.6422018348624,29.56079226161255,28.28572334253466,52.565527239185975,11.61541549227789,Fixation,95985,5,1,33.36000061035156,34.79999923706055,33.0,33.0,1.83564639646966,0.2928614616394043,0.4230769230769231,center_proxy_gt_axes_angle,,,left_only
95991,4906,test,40,left,session_1_0_1,101,saccade_fixation,1658906112487155,5045,181.6021505376344,142.1889400921659,29.428642907448275,28.202694239753075,64.53461797811613,13.376121687719245,Fixation,95985,6,1,33.279998779296875,34.47999954223633,25.0,33.0,8.411229305528265,0.40584003925323486,0.0,center_proxy_gt_axes_angle,,,left_only
95992,4907,test,40,left,session_1_0_1,101,saccade_fixation,1658906112527155,5046,181.4883720930233,141.4279069767442,29.542077268022695,27.85787086353964,49.34441938551213,12.512164496138938,Fixation,95985,7,1,33.15999984741211,34.36000061035156,26.0,32.0,7.538912434549242,0.46382367610931396,0.0,center_proxy_gt_axes_angle,,,left_only
95993,4908,test,40,left,session_1_0_1,101,saccade_fixation,1658906112567156,5047,181.64826498422715,140.73186119873816,29.16231358102162,27.719311155983664,44.89301000116558,8.17412792663801,Fixation,95985,8,1,33.15999984741211,34.36000061035156,25.0,33.0,8.272556991035014,0.4441472887992859,0.0,center_proxy_gt_axes_angle,,,left_only
95994,4909,test,40,left,session_1_0_1,101,saccade_fixation,1658906112607156,5048,181.74281150159743,140.64696485623003,29.077876437009586,27.470804018360884,42.93063323319672,4.1242566789779165,Fixation,95985,9,1,33.119998931884766,34.2400016784668,25.0,32.0,8.423300432333148,0.40923869609832764,0.0,center_proxy_gt_axes_angle,,,left_only
95995,4910,test,40,left,session_1_0_1,101,saccade_fixation,1658906112647156,5049,181.8741935483871,140.90967741935484,28.596038133970183,27.66153024483449,52.8132709005996,0.6788030730091612,Fixation,95985,10,1,33.119998931884766,34.2400016784668,25.0,32.0,8.423300432333148,0.2995278239250183,0.0,center_proxy_gt_axes_angle,,,left_only
95996,4911,test,40,left,session_1_0_1,101,saccade_fixation,1658906112687156,5050,181.7790322580645,140.83548387096775,28.41153185302325,27.832846695284093,48.28925618662071,1.2958042517533477,Fixation,95985,11,1,33.2400016784668,34.36000061035156,45.0,32.0,11.994463864772094,0.33454734086990356,0.0,center_proxy_gt_axes_angle,,,left_only
95997,4912,test,40,left,session_1_0_1,101,saccade_fixation,1658906112727156,5051,181.6871961102107,140.63047001620745,28.93017758012788,27.210109706707836,41.58473689196981,2.767181751370801,Fixation,95985,12,1,33.119998931884766,34.15999984741211,27.0,32.0,6.489991237828523,0.3596973419189453,0.0,center_proxy_gt_axes_angle,,,left_only
95998,4913,test,40,left,session_1_0_1,101,saccade_fixation,1658906112767156,5052,181.60517799352752,140.49190938511327,28.90549176200857,27.27108314370121,46.96286231154545,1.0878606600048624,Fixation,95985,13,1,33.20000076293945,34.20000076293945,27.0,32.0,6.578754655509201,0.40753406286239624,0.0,center_proxy_gt_axes_angle,,,left_only
95999,4914,test,40,left,session_1_0_1,101,saccade_fixation,1658906112807156,5053,181.62012987012983,140.54707792207793,28.786641778171084,27.30012199800413,47.24712023100465,3.4882140675494977,Fixation,95985,14,1,33.20000076293945,34.20000076293945,27.0,32.0,6.578754655509201,0.39196789264678955,0.0,center_proxy_gt_axes_angle,,,left_only
96000,4915,test,40,left,session_1_0_1,101,saccade_fixation,1658906112847156,5054,181.6061588330632,140.85575364667747,28.62341729168416,27.51899971228876,53.84881345747783,8.635907012912742,Fixation,95985,15,1,33.08000183105469,34.2400016784668,26.0,31.0,7.786143898246769,0.41892009973526,0.0,center_proxy_gt_axes_angle,,,left_only
96001,4916,test,40,left,session_1_0_1,101,saccade_fixation,1658906112887156,5055,181.61712439418417,141.18416801292406,28.650609543216405,27.58583214982936,51.03922700544881,13.9903311015263,Fixation,95985,16,1,33.20000076293945,34.47999954223633,44.0,32.0,11.081082133528332,0.3694213628768921,0.0,center_proxy_gt_axes_angle,,,left_only
96002,4917,test,40,left,session_1_0_1,101,saccade_fixation,1658906112927156,5056,181.57852564102564,141.87339743589743,28.904195956188225,27.54134487803804,47.187336783824485,13.180250557477304,Fixation,95985,17,1,33.20000076293945,34.599998474121094,44.0,32.0,11.108554162713544,0.36841341853141785,0.0,center_proxy_gt_axes_angle,,,left_only
96003,4918,test,40,left,session_1_0_1,101,saccade_fixation,1658906112967156,5057,181.48768472906403,142.7816091954023,29.09594338803079,26.736882155869164,39.22255037915161,11.043162064430703,Fixation,95985,18,1,33.15999984741211,34.880001068115234,44.0,32.0,11.216060335984752,0.4158036708831787,0.0,center_proxy_gt_axes_angle,,,left_only
96004,4919,test,40,left,session_1_0_1,101,saccade_fixation,1658906113007156,5058,181.57766990291265,142.96440129449837,29.01633572314141,27.20829745042006,38.04770139591122,6.763295428996612,Fixation,95985,19,1,33.15999984741211,34.880001068115234,44.0,32.0,11.216060335984752,0.3771092891693115,0.0,center_proxy_gt_axes_angle,,,left_only
96005,4920,test,40,left,session_1_0_1,101,saccade_fixation,1658906113047156,5059,181.09046849757672,142.87075928917608,28.912869537748445,27.36441006351757,45.65204058367997,3.499153117196181,Fixation,95985,20,1,33.0,35.0,35.0,32.0,3.605551275463989,0.380198210477829,0.23333333333333334,center_proxy_gt_axes_angle,,,left_only
96006,4921,test,40,left,session_1_0_1,101,saccade_fixation,1658906113087156,5060,180.7981072555205,142.6230283911672,29.231488579518885,27.734793828645262,44.31093757134283,5.058969756706813,Fixation,95985,21,1,32.91999816894531,34.7599983215332,35.0,32.0,3.4560090208297995,0.3667088747024536,0.23333333333333334,center_proxy_gt_axes_angle,,,left_only
96007,4922,test,40,left,session_1_0_1,101,saccade_fixation,1658906113127156,5061,180.9763406940063,142.55362776025237,29.36610600822684,27.61153809546212,56.75350351468444,1.2667471189225203,Fixation,95985,22,1,33.0,34.79999923706055,44.0,32.0,11.350770710728838,0.35623520612716675,0.0,center_proxy_gt_axes_angle,,,left_only
96008,4923,test,40,left,session_1_0_1,101,saccade_fixation,1658906113167156,5062,180.81974921630092,142.68025078369905,29.463057157332287,27.69592245245392,50.4708937823017,3.062605011670098,Fixation,95985,23,1,32.91999816894531,34.7599983215332,45.0,33.0,12.207540224389362,0.3591175675392151,0.0,center_proxy_gt_axes_angle,,,left_only
96009,4924,test,40,left,session_1_0_1,101,saccade_fixation,1658906113207156,5063,180.90491283676704,142.7892234548336,29.13487555566383,27.70965405482439,49.326263566212575,3.771268747796564,Fixation,95985,24,1,33.0,35.0,45.0,34.0,12.041594578792296,0.36531275510787964,0.0,center_proxy_gt_axes_angle,,,left_only
96010,4925,test,40,left,session_1_0_1,101,saccade_fixation,1658906113247156,5064,181.08031496062992,143.0236220472441,29.37398582049117,27.6545359126922,52.42766168518949,3.9191283231822327,Fixation,95985,25,1,33.0,35.0,45.0,34.0,12.041594578792296,0.3831760883331299,0.0,center_proxy_gt_axes_angle,,,left_only
96011,4926,test,40,left,session_1_0_1,101,saccade_fixation,1658906113287156,5065,181.217868338558,143.1065830721003,29.135739002802413,27.9533550448998,48.050154706588025,3.197276729893981,Fixation,95985,26,1,33.0,35.0,45.0,33.0,12.165525060596439,0.38957878947257996,0.0,center_proxy_gt_axes_angle,,,left_only
96012,4927,test,40,left,session_1_0_1,101,saccade_fixation,1658906113327156,5066,181.3443917851501,143.02369668246445,29.119860118494078,27.731915556603514,44.77720226274255,4.122209577712211,Fixation,95985,27,1,32.959999084472656,35.0,45.0,33.0,12.20498349224198,0.37573960423469543,0.0,center_proxy_gt_axes_angle,,,left_only
96013,4928,test,40,left,session_1_0_1,101,saccade_fixation,1658906113367156,5067,181.36435331230285,143.0141955835962,29.10718413355633,27.788425732235314,43.57370481140509,6.648695983603521,Fixation,95985,28,1,32.959999084472656,35.0,45.0,33.0,12.20498349224198,0.3948560357093811,0.0,center_proxy_gt_axes_angle,,,left_only
96014,4929,test,40,left,session_1_0_1,101,saccade_fixation,1658906113407156,5068,181.7048665620094,142.8116169544741,28.77401183314416,28.252904991681103,48.321829708614,5.798128674713439,Fixation,95985,29,1,33.279998779296875,34.720001220703125,45.0,33.0,11.84554062981099,0.42755383253097534,0.0,center_proxy_gt_axes_angle,,,left_only
96015,4930,test,40,left,session_1_0_1,101,saccade_fixation,1658906113447156,5069,182.1139240506329,142.53322784810126,29.318856131861253,27.605303265378343,40.48671964009509,4.853462938743,Fixation,95985,30,1,33.36000061035156,34.79999923706055,45.0,32.0,11.972033307611353,0.32967865467071533,0.0,center_proxy_gt_axes_angle,,,left_only
96016,4931,test,40,left,session_1_0_1,101,saccade_fixation,1658906113487156,5070,182.03486529318545,142.40412044374008,29.40826713138143,27.441480139804547,51.09246919208002,3.4595313713109586,Fixation,95985,31,1,33.36000061035156,34.79999923706055,33.0,32.0,2.8230473192975603,0.31289786100387573,0.27586206896551724,center_proxy_gt_axes_angle,,,left_only
96017,4932,test,40,left,session_1_0_1,101,saccade_fixation,1658906113527156,5071,181.9936808846761,142.55924170616117,29.33569565154912,27.59269847090969,37.34940705635228,2.0329238257713342,Fixation,95985,32,1,33.36000061035156,34.79999923706055,29.0,32.0,5.181660066986799,0.28989917039871216,0.027777777777777776,center_proxy_gt_axes_angle,,,left_only
96018,4933,test,40,left,session_1_0_1,101,saccade_fixation,1658906113567156,5072,182.21135646687696,142.58832807570977,28.938249745680388,28.02269170162336,60.68727893477814,3.927376746292329,Fixation,95985,33,1,33.36000061035156,34.79999923706055,28.0,32.0,6.0472805681983015,0.28203868865966797,0.023809523809523808,center_proxy_gt_axes_angle,,,left_only
96019,4934,test,40,left,session_1_0_1,101,saccade_fixation,1658906113607156,5073,182.215625,142.8421875,28.864184988318154,28.360913986464716,71.61591442468212,3.84730408213586,Fixation,95985,34,1,33.400001525878906,34.880001068115234,45.0,32.0,11.952170127301427,0.37742024660110474,0.0,center_proxy_gt_axes_angle,,,left_only
96020,4935,test,40,left,session_1_0_1,101,saccade_fixation,1658906113647156,5074,182.166149068323,143.01863354037266,28.916142514497515,28.46387301877977,64.40152948863486,3.72764444002944,Fixation,95985,35,1,33.400001525878906,34.880001068115234,45.0,33.0,11.751356033059594,0.41799458861351013,0.0,center_proxy_gt_axes_angle,,,left_only
96021,4936,test,40,left,session_1_0_1,101,saccade_fixation,1658906113687156,5075,182.2611367127496,143.1136712749616,29.20534223341602,28.485460209143355,53.18034982811519,2.525454055315532,Fixation,95985,36,1,33.279998779296875,35.0,45.0,33.0,11.889425074968207,0.4266957938671112,0.0,center_proxy_gt_axes_angle,,,left_only
96022,4937,test,40,left,session_1_0_1,101,saccade_fixation,1658906113727156,5076,182.33438485804416,143.17192429022083,29.325064040196636,27.662444877067557,47.22384094837539,19.37737385123744,Fixation,95985,37,1,33.400001525878906,34.880001068115234,45.0,32.0,11.952170127301427,0.4386199116706848,0.0,center_proxy_gt_axes_angle,,,left_only
96023,4938,test,40,left,session_1_0_1,101,saccade_fixation,1658906113767156,5077,182.5895865237366,142.68912710566616,29.718088812364524,28.07722384424448,57.68134020197701,8.854740735073888,Fixation,95985,38,1,33.36000061035156,34.79999923706055,27.0,31.0,7.408751714380297,0.3384796380996704,0.0,center_proxy_gt_axes_angle,,,left_only
96024,4939,test,40,left,session_1_0_1,101,saccade_fixation,1658906113807157,5078,183.1007556675063,145.97481108312343,28.856729452452733,17.870601554868692,7.614836453131744,3.8906170311816455,Fixation,95985,39,1,33.63999938964844,35.63999938964844,33.0,37.0,1.5030638306163164,0.5207346677780151,0.5882352941176471,center_proxy_gt_axes_angle,,,left_only
96025,4940,test,40,left,session_1_0_1,101,saccade_fixation,1658906114087157,5085,181.34177215189877,146.53417721518989,28.41111032706345,18.122080371876155,7.672152185629216,3.8852684711515497,Fixation,95985,40,1,33.08000183105469,35.439998626708984,33.0,35.0,0.44721257191395564,0.41920262575149536,0.5,center_proxy_gt_axes_angle,,,left_only
96026,4941,test,40,left,session_1_0_1,101,saccade_fixation,1658906114127157,5086,181.2992277992278,144.33397683397683,30.24848647919828,22.18187907095058,10.786301926037709,9.534864619980684,Fixation,95985,41,1,33.15999984741211,35.15999984741211,29.0,35.0,4.163075627662879,0.4172073006629944,0.08823529411764706,center_proxy_gt_axes_angle,,,left_only
96027,4942,test,40,left,session_1_0_1,101,saccade_fixation,1658906114167157,5087,181.21354166666663,143.41145833333334,29.669753627666427,24.879501076995947,16.534068459947207,25.652014163811543,Fixation,95985,42,1,33.119998931884766,35.119998931884766,28.0,34.0,5.241067321636325,0.5239529609680176,0.027777777777777776,center_proxy_gt_axes_angle,,,left_only
96028,4943,test,40,left,session_1_0_1,101,saccade_fixation,1658906114207157,5088,181.3588143525741,142.58190327613104,29.677013259513565,27.582523041485697,33.252197012955946,12.212791099730849,Fixation,95985,43,1,33.040000915527344,34.79999923706055,29.0,35.0,4.044948417796961,0.46330928802490234,0.11688311688311688,center_proxy_gt_axes_angle,,,left_only
96029,4944,test,40,left,session_1_0_1,101,saccade_fixation,1658906114247157,5089,181.27863777089783,142.43034055727554,29.473989496455584,27.9813293485464,50.044061684474,4.402149538316387,Fixation,95985,44,1,33.20000076293945,34.63999938964844,33.0,34.0,0.6705218295676404,0.48008325695991516,0.6086956521739131,center_proxy_gt_axes_angle,,,left_only
96030,4945,test,40,left,session_1_0_1,101,saccade_fixation,1658906114287157,5090,181.2933130699088,142.37993920972644,29.640102071119944,28.34079497568365,60.25208069530943,2.075074697349668,Fixation,95985,45,1,33.08000183105469,34.7599983215332,33.0,33.0,1.761815650053034,0.4937743544578552,0.4482758620689655,center_proxy_gt_axes_angle,,,left_only
96031,4946,test,40,left,session_1_0_1,101,saccade_fixation,1658906114327157,5091,181.1966463414634,142.70731707317074,29.80772117965544,28.11601729988853,59.17822170446781,3.4790001604923715,Fixation,95985,46,1,33.08000183105469,34.7599983215332,33.0,33.0,1.761815650053034,0.4488801956176758,0.43333333333333335,center_proxy_gt_axes_angle,,,left_only
96032,4947,test,40,left,session_1_0_1,101,saccade_fixation,1658906114367157,5092,181.07294832826747,142.75075987841944,29.85515625287136,28.172142249453128,49.71923507577654,5.758522617439205,Fixation,95985,47,1,33.040000915527344,34.79999923706055,28.0,32.0,5.7655533087515645,0.4887571334838867,0.027777777777777776,center_proxy_gt_axes_angle,,,left_only
96033,4948,test,40,left,session_1_0_1,101,saccade_fixation,1658906114407157,5093,181.5183486238532,142.93272171253824,29.78159385770509,28.04125874472573,52.37864635076082,4.293631497882656,Fixation,95985,48,1,33.20000076293945,34.91999816894531,28.0,32.0,5.96375697368822,0.45765501260757446,0.0,center_proxy_gt_axes_angle,,,left_only
96034,4949,test,40,left,session_1_0_1,101,saccade_fixation,1658906114447157,5094,181.7526717557252,143.17862595419848,29.83696264669856,28.038645487788195,42.95538367207723,4.676908471577394,Fixation,95985,49,1,33.2400016784668,35.040000915527344,29.0,33.0,4.705233040855007,0.4507738947868347,0.05714285714285714,center_proxy_gt_axes_angle,,,left_only
96035,4950,test,40,left,session_1_0_1,101,saccade_fixation,1658906114487157,5095,181.7912254160363,143.05143721633888,30.054186215942234,28.111623132665603,42.64719995629,2.1229422591800744,Fixation,95985,50,1,33.2400016784668,35.040000915527344,29.0,33.0,4.705233040855007,0.41389140486717224,0.05714285714285714,center_proxy_gt_axes_angle,,,left_only
96036,4951,test,40,left,session_1_0_1,101,saccade_fixation,1658906114527157,5096,181.77526395173453,143.00904977375566,30.155427769535063,28.10550117632102,44.73621174120899,0.0,Fixation,95985,51,1,33.2400016784668,34.91999816894531,29.0,32.0,5.148203913992261,0.3956201672554016,0.027777777777777776,center_proxy_gt_axes_angle,,,left_only
96037,4952,test,40,left,session_1_0_1,101,saccade_fixation,1658906114567157,5097,181.7526717557252,143.17862595419848,29.83696264669856,28.038645487788195,42.95538367207723,1.5194796358406435,Fixation,95985,52,1,33.2400016784668,35.040000915527344,28.0,32.0,6.057988375421493,0.40811586380004883,0.0,center_proxy_gt_axes_angle,,,left_only
96038,4953,test,40,left,session_1_0_1,101,saccade_fixation,1658906114607157,5098,181.7526717557252,143.17862595419848,29.83696264669856,28.038645487788195,42.95538367207723,1.7935487837713846,Fixation,95985,53,1,33.2400016784668,35.040000915527344,45.0,32.0,12.14657013682755,0.2806769609451294,0.0,center_proxy_gt_axes_angle,,,left_only
96039,4954,test,40,left,session_1_0_1,101,saccade_fixation,1658906114647157,5099,181.85991058122207,143.28464977645305,29.648785712151252,28.92295470334181,43.87172750967986,1.1660832551774252,Fixation,95985,54,1,33.279998779296875,35.0,45.0,33.0,11.889425074968207,0.3703286945819855,0.0,center_proxy_gt_axes_angle,,,left_only
96040,4955,test,40,left,session_1_0_1,101,saccade_fixation,1658906114687157,5100,181.9805389221557,143.20958083832335,29.791811028889995,28.644469220135424,40.2905756298052,0.4899419970865772,Fixation,95985,55,1,33.279998779296875,35.0,45.0,33.0,11.889425074968207,0.40487051010131836,0.0,center_proxy_gt_axes_angle,,,left_only
96041,4956,test,40,left,session_1_0_1,101,saccade_fixation,1658906114727157,5101,181.90620272314675,143.07261724659605,29.739865777540547,28.383993714785927,46.18231629615907,1.1296527316837055,Fixation,95985,56,1,33.279998779296875,35.0,45.0,33.0,11.889425074968207,0.40552932024002075,0.0,center_proxy_gt_axes_angle,,,left_only
96042,4957,test,40,left,session_1_0_1,101,saccade_fixation,1658906114767157,5102,181.82695252679935,143.20367534456355,29.95303042852576,27.857011188146416,36.32008545073566,0.8045996378139316,Fixation,95985,57,1,33.2400016784668,35.040000915527344,45.0,33.0,11.935625842737203,0.38884076476097107,0.0,center_proxy_gt_axes_angle,,,left_only
96043,4958,test,40,left,session_1_0_1,101,saccade_fixation,1658906114807157,5103,181.79166666666663,143.1172839506173,29.75185693778685,27.824163614494054,39.47342746940214,0.2720894891861668,Fixation,95985,58,1,33.279998779296875,35.0,45.0,33.0,11.889425074968207,0.40218663215637207,0.0,center_proxy_gt_axes_angle,,,left_only
96044,4959,test,40,left,session_1_0_1,101,saccade_fixation,1658906114847157,5104,181.9502262443439,143.0844645550528,29.835123273737192,28.388035531646317,42.86385645656597,1.5028336527651918,Fixation,95985,59,1,33.279998779296875,35.0,45.0,34.0,11.762585966244105,0.39707452058792114,0.0,center_proxy_gt_axes_angle,,,left_only
96045,4960,test,40,left,session_1_0_1,101,saccade_fixation,1658906114887157,5105,181.92716236722308,143.11077389984823,29.629041233027174,28.413479168144725,44.13637433016487,1.95426529206155,Fixation,95985,60,1,33.279998779296875,35.0,46.0,34.0,12.759248843669795,0.38430941104888916,0.0,center_proxy_gt_axes_angle,,,left_only
96046,4961,test,40,left,session_1_0_1,101,saccade_fixation,1658906114927157,5106,182.0423600605144,143.09682299546142,29.79283181146048,28.357395891897724,37.68474820963749,1.2164153102444906,Fixation,95985,61,1,33.279998779296875,35.0,46.0,33.0,12.876273958513348,0.37306782603263855,0.0,center_proxy_gt_axes_angle,,,left_only
96047,4962,test,40,left,session_1_0_1,101,saccade_fixation,1658906114967157,5107,182.09384615384616,143.03692307692307,29.70768479377492,27.986342257449664,41.68251753417056,1.340842275029488,Fixation,95985,62,1,33.2400016784668,35.040000915527344,46.0,33.0,12.922041669213211,0.3605971932411194,0.0,center_proxy_gt_axes_angle,,,left_only
96048,4963,test,40,left,session_1_0_1,101,saccade_fixation,1658906115007157,5108,182.12326656394453,142.99537750385207,29.63832691521572,28.00034813849404,41.73768241506056,1.195567103472706,Fixation,95985,63,1,33.400001525878906,34.959999084472656,46.0,33.0,12.751531592674958,0.39265376329421997,0.0,center_proxy_gt_axes_angle,,,left_only
96049,4964,test,40,left,session_1_0_1,101,saccade_fixation,1658906115047158,5109,182.14084507042253,143.12989045383412,29.5753152736776,27.638733927638988,42.529663228799166,1.7050804407805198,Fixation,95985,64,1,33.400001525878906,34.880001068115234,46.0,33.0,12.739480584543795,0.3467172384262085,0.0,center_proxy_gt_axes_angle,,,left_only
96050,4965,test,40,left,session_1_0_1,101,saccade_fixation,1658906115087158,5110,182.0798122065728,142.9092331768388,29.37832626721679,27.808495930858207,48.58747271408311,0.6244839196232724,Fixation,95985,65,1,33.400001525878906,34.880001068115234,46.0,34.0,12.630691328179065,0.31753137707710266,0.0,center_proxy_gt_axes_angle,,,left_only
96051,4966,test,40,left,session_1_0_1,101,saccade_fixation,1658906115127158,5111,181.984,142.7872,29.403043946849888,27.16867993148756,39.58857725435203,0.7100527980397724,Fixation,95985,66,1,33.400001525878906,34.880001068115234,46.0,34.0,12.630691328179065,0.34743213653564453,0.0,center_proxy_gt_axes_angle,,,left_only
96052,4967,test,40,left,session_1_0_1,101,saccade_fixation,1658906115167158,5112,182.2015873015873,142.93333333333334,29.55650336792732,27.275485622960566,36.454063285998416,2.801119837640889,Fixation,95985,67,1,33.400001525878906,34.959999084472656,26.0,34.0,7.462011848368943,0.30760133266448975,0.0,center_proxy_gt_axes_angle,,,left_only
96053,4968,test,40,left,session_1_0_1,101,saccade_fixation,1658906115207158,5113,182.23899371069183,143.18710691823898,29.47713225558478,27.60438372062819,37.72902408795139,4.6599878216871,Fixation,95985,68,1,33.400001525878906,34.880001068115234,46.0,34.0,12.630691328179065,0.29061633348464966,0.0,center_proxy_gt_axes_angle,,,left_only
96054,4969,test,40,left,session_1_0_1,101,saccade_fixation,1658906115247158,5114,182.1679873217116,143.3486529318542,29.564642320167398,27.34179038818632,36.44976764599591,2.4621921059037493,Fixation,95985,69,1,33.2400016784668,35.040000915527344,45.0,34.0,11.805895240377218,0.32296112179756165,0.0,center_proxy_gt_axes_angle,,,left_only
96055,4970,test,40,left,session_1_0_1,101,saccade_fixation,1658906115287158,5115,182.04889589905363,143.52996845425866,29.585587382084235,27.441650498300916,34.27555392487736,1.6545987091145256,Fixation,95985,70,1,33.400001525878906,34.959999084472656,45.0,33.0,11.764419280642175,0.2997414767742157,0.0,center_proxy_gt_axes_angle,,,left_only
96056,4971,test,40,left,session_1_0_1,101,saccade_fixation,1658906115327158,5116,182.26323987538944,143.32242990654206,29.546956415578784,27.79844514993968,37.86098426418161,0.938254279909245,Fixation,95985,71,1,33.279998779296875,35.0,45.0,33.0,11.889425074968207,0.34015342593193054,0.0,center_proxy_gt_axes_angle,,,left_only
96057,4972,test,40,left,session_1_0_1,101,saccade_fixation,1658906115367158,5117,182.2078125,143.45,29.73569439927492,27.56596637214865,35.08553255240358,0.7219053107156755,Fixation,95985,72,1,33.400001525878906,34.959999084472656,45.0,33.0,11.764419280642175,0.3500288128852844,0.0,center_proxy_gt_axes_angle,,,left_only
96058,4973,test,40,left,session_1_0_1,101,saccade_fixation,1658906115407158,5118,182.1359375,143.4953125,29.75034113511502,27.568935175651664,34.224479951810935,1.6903935448042746,Fixation,95985,73,1,33.400001525878906,34.959999084472656,45.0,33.0,11.764419280642175,0.3763049840927124,0.0,center_proxy_gt_axes_angle,,,left_only
96059,4974,test,40,left,session_1_0_1,101,saccade_fixation,1658906115447158,5119,182.1560062402496,143.4867394695788,29.75165509155308,27.609388112654237,33.191432577621214,1.3450462871417035,Fixation,95985,74,1,33.2400016784668,35.040000915527344,45.0,34.0,11.805895240377218,0.37225648760795593,0.0,center_proxy_gt_axes_angle,,,left_only
96060,4975,test,40,left,session_1_0_1,101,saccade_fixation,1658906115487158,5120,182.1787365177196,143.5793528505393,30.105725796254625,27.62166422929254,31.663254068956636,0.8576699450374157,Fixation,95985,75,1,33.36000061035156,35.15999984741211,46.0,33.0,12.823228295212294,0.26216983795166016,0.0,center_proxy_gt_axes_angle,,,left_only
96061,4976,test,40,left,session_1_0_1,101,saccade_fixation,1658906115527158,5121,182.2015503875969,143.66511627906976,30.10776875586904,27.431698834328948,34.630225862898385,1.006323806604207,Fixation,95985,76,1,33.400001525878906,34.959999084472656,46.0,33.0,12.751531592674958,0.2524939477443695,0.0,center_proxy_gt_axes_angle,,,left_only
96062,4977,test,40,left,session_1_0_1,101,saccade_fixation,1658906115567158,5122,182.2723076923077,143.48,29.86426012759207,27.83983154198232,35.26020436429772,0.9608991434462516,Fixation,95985,77,1,33.400001525878906,34.959999084472656,46.0,33.0,12.751531592674958,0.25032761693000793,0.0,center_proxy_gt_axes_angle,,,left_only
96063,4978,test,40,left,session_1_0_1,101,saccade_fixation,1658906115607158,5123,182.3165137614679,143.47400611620796,29.95461037654086,27.9222483587226,37.53686014488943,1.4618511221890735,Fixation,95985,78,1,33.279998779296875,35.0,46.0,32.0,13.068987376789718,0.30919116735458374,0.0,center_proxy_gt_axes_angle,,,left_only
96064,4979,test,40,left,session_1_0_1,101,saccade_fixation,1658906115647158,5124,182.32824427480915,143.5435114503817,30.102709374676763,27.83966115636335,34.45309069044637,1.292794772139663,Fixation,95985,79,1,33.2400016784668,35.040000915527344,46.0,33.0,12.922041669213211,0.3226098418235779,0.0,center_proxy_gt_axes_angle,,,left_only
96065,4980,test,40,left,session_1_0_1,101,saccade_fixation,1658906115687158,5125,182.2484756097561,143.4359756097561,29.989563293944663,27.97885930231029,36.5376874795611,0.7388281163312147,Fixation,95985,80,1,33.279998779296875,35.0,46.0,33.0,12.876273958513348,0.3887559771537781,0.0,center_proxy_gt_axes_angle,,,left_only
96066,4981,test,40,left,session_1_0_1,101,saccade_fixation,1658906115727158,5126,182.1860816944024,143.29198184568835,30.22330937804042,27.96320088893135,36.262412778625816,0.0198251523788608,Fixation,95985,81,1,33.2400016784668,35.040000915527344,45.0,33.0,11.935625842737203,0.33679595589637756,0.0,center_proxy_gt_axes_angle,,,left_only
96067,4982,test,40,left,session_1_0_1,101,saccade_fixation,1658906115767158,5127,182.2949101796407,143.35778443113773,30.50489151313897,27.98801978757268,34.616033637356054,1.2377430968703556,Fixation,95985,82,1,33.2400016784668,35.040000915527344,45.0,33.0,11.935625842737203,0.2665127217769623,0.0,center_proxy_gt_axes_angle,,,left_only
96068,4983,test,40,left,session_1_0_1,101,saccade_fixation,1658906115807158,5128,182.3313343328336,143.54422788605697,30.165391786409305,28.2696986960377,34.26432160824777,1.7471012006785147,Fixation,95985,83,1,33.36000061035156,35.15999984741211,26.0,33.0,7.670411222691761,0.2911463975906372,0.0,center_proxy_gt_axes_angle,,,left_only
96069,4984,test,40,left,session_1_0_1,101,saccade_fixation,1658906115847158,5129,182.3443113772455,143.60928143712576,30.16653260706285,28.305649464805832,35.50806574230691,1.4024532529167422,Fixation,95985,84,1,33.279998779296875,35.0,45.0,33.0,11.889425074968207,0.30021992325782776,0.0,center_proxy_gt_axes_angle,,,left_only
96070,4985,test,40,left,session_1_0_1,101,saccade_fixation,1658906115887158,5130,182.32047477744808,143.53709198813056,30.49675364148344,28.254002790255157,37.12196174278319,1.2181151708122298,Fixation,95985,85,1,33.36000061035156,35.119998931884766,45.0,33.0,11.831482631615048,0.30174678564071655,0.0,center_proxy_gt_axes_angle,,,left_only
96071,4986,test,40,left,session_1_0_1,101,saccade_fixation,1658906115927158,5131,182.32692307692307,143.57988165680473,30.53966161211774,28.296021649241176,39.31216784685458,2.6989040671845688,Fixation,95985,86,1,33.36000061035156,35.15999984741211,26.0,33.0,7.670411222691761,0.2410942018032074,0.0,center_proxy_gt_axes_angle,,,left_only
96072,4987,test,40,left,session_1_0_1,101,saccade_fixation,1658906115967158,5132,182.25671641791044,143.3641791044776,30.546997447429227,28.03180484837255,33.46974403673505,1.1320050770057155,Fixation,95985,87,1,33.36000061035156,35.119998931884766,26.0,33.0,7.659243073278711,0.24924784898757935,0.0,center_proxy_gt_axes_angle,,,left_only
96073,4988,test,40,left,session_1_0_1,101,saccade_fixation,1658906116007158,5133,182.41089837997052,143.18262150220914,30.848720447512864,28.14075331134605,37.24391791731793,1.035049106524086,Fixation,95985,88,1,33.279998779296875,35.0,46.0,33.0,12.876273958513348,0.24006390571594238,0.0,center_proxy_gt_axes_angle,,,left_only
96074,4989,test,40,left,session_1_0_1,101,saccade_fixation,1658906116047158,5134,182.2949101796407,143.35778443113773,30.50489151313897,27.98801978757268,34.616033637356054,2.2459310098075003,Fixation,95985,89,1,33.2400016784668,35.040000915527344,26.0,33.0,7.521916513732018,0.23678161203861237,0.0,center_proxy_gt_axes_angle,,,left_only
96075,4990,test,40,left,session_1_0_1,101,saccade_fixation,1658906116087158,5135,182.2797619047619,143.42113095238096,30.518277366502144,28.14075339076478,34.65459417951655,3.4916787427942024,Fixation,95985,90,1,33.2400016784668,35.040000915527344,26.0,33.0,7.521916513732018,0.2516675889492035,0.0,center_proxy_gt_axes_angle,,,left_only
96076,4991,test,40,left,session_1_0_1,101,saccade_fixation,1658906116127158,5136,182.42814814814813,143.68,30.44990409074599,28.347906789179664,38.367562265227406,2.343302151285473,Fixation,95985,91,1,33.36000061035156,35.119998931884766,46.0,33.0,12.816551019736371,0.298836350440979,0.0,center_proxy_gt_axes_angle,,,left_only
96077,4992,test,40,left,session_1_0_1,101,saccade_fixation,1658906116167158,5137,182.45294117647057,143.73970588235295,30.52848863944131,28.5046562833936,37.070483747114565,2.7520776290195896,Fixation,95985,92,1,33.36000061035156,35.119998931884766,46.0,33.0,12.816551019736371,0.3362922668457031,0.0,center_proxy_gt_axes_angle,,,left_only
96078,4993,test,40,left,session_1_0_1,101,saccade_fixation,1658906116207158,5138,182.50954478707783,143.66519823788545,30.58283596518813,28.4782844543502,36.55796613748615,0.9708296388588536,Fixation,95985,93,1,33.36000061035156,35.119998931884766,46.0,33.0,12.816551019736371,0.3456055819988251,0.0,center_proxy_gt_axes_angle,,,left_only
96079,4994,test,40,left,session_1_0_1,101,saccade_fixation,1658906116247158,5139,182.5903790087464,143.7332361516035,30.86775265332234,28.420007066088903,37.25508237666944,2.74682228394435,Fixation,95985,94,1,33.36000061035156,35.119998931884766,46.0,33.0,12.816551019736371,0.41460108757019043,0.0,center_proxy_gt_axes_angle,,,left_only
96080,4995,test,40,left,session_1_0_1,101,saccade_fixation,1658906116287159,5140,182.44395924308589,143.5254730713246,30.734896189141413,28.541114034896964,36.74743846739386,3.083090921210147,Fixation,95985,95,1,33.36000061035156,35.119998931884766,45.0,34.0,11.693758309390486,0.4465676546096802,0.0,center_proxy_gt_axes_angle,,,left_only
96081,4996,test,40,left,session_1_0_1,101,saccade_fixation,1658906116327159,5141,182.58166189111748,143.31948424068767,31.067917211803945,28.72897760442841,31.75190726202044,14.971104796919516,Fixation,95985,96,1,33.36000061035156,35.119998931884766,45.0,33.0,11.831482631615048,0.43585005402565,0.0,center_proxy_gt_axes_angle,,,left_only
96082,4997,test,40,left,session_1_0_1,101,saccade_fixation,1658906116367159,5142,182.85633001422477,143.31436699857753,30.841537709791258,29.099190557340584,27.35508961083832,16.400271507972857,Fixation,95985,97,1,33.36000061035156,35.119998931884766,44.0,33.0,10.84914662463881,0.39658433198928833,0.0,center_proxy_gt_axes_angle,,,left_only
96083,4998,test,40,left,session_1_0_1,101,saccade_fixation,1658906116607159,5148,182.34718826405867,149.11735941320293,29.92544845990844,17.749153899344165,8.435737814860317,14.294049076024509,Fixation,95985,98,1,33.2400016784668,36.279998779296875,33.0,36.0,0.3687819438023232,0.4057669937610626,0.5,center_proxy_gt_axes_angle,,,left_only
96084,4999,test,40,left,session_1_0_1,101,saccade_fixation,1658906116647159,5149,182.1130434782609,149.42028985507247,28.12758187469472,15.835741172387817,10.219935857342108,8.525168812492426,Fixation,95985,99,1,33.20000076293945,36.36000061035156,44.0,46.0,14.476517942963033,0.547216534614563,0.0,center_proxy_gt_axes_angle,,,left_only
103610,4778,test,40,left,session_2_0_1,201,saccade_fixation,1658906465007438,4864,159.98003992015967,134.43912175648703,26.030669470009947,24.534290050238297,-44.87416014747001,2.7542773736956607,Fixation,103532,78,1,29.200000762939453,32.84000015258789,28.0,31.0,2.196725379417903,0.55121910572052,0.35135135135135137,center_proxy_gt_axes_angle,,,left_only
103611,4779,test,40,left,session_2_0_1,201,saccade_fixation,1658906465047438,4865,160.09018036072143,134.29458917835672,25.937562855055784,24.518790394800632,-39.16958375614959,9.63773713446062,Fixation,103532,79,1,29.200000762939453,32.84000015258789,28.0,31.0,2.196725379417903,0.4738064408302307,0.2972972972972973,center_proxy_gt_axes_angle,,,left_only
103612,4780,test,40,left,session_2_0_1,201,saccade_fixation,1658906465087438,4866,160.10420841683367,134.30460921843687,25.973250228559685,24.484678248105126,-36.90834423663452,11.751644471329094,Fixation,103532,80,1,29.0,32.7599983215332,27.0,31.0,2.6641310200137855,0.39293065667152405,0.2,center_proxy_gt_axes_angle,,,left_only
103613,4781,test,40,left,session_2_0_1,201,saccade_fixation,1658906465127438,4867,161.52641878669277,134.50097847358123,26.385081881014628,24.715449693926796,-37.56100692745133,11.907109532462972,Fixation,103532,81,1,29.479999542236328,32.880001068115234,29.0,32.0,1.0023978453842755,0.5961891412734985,0.5483870967741935,center_proxy_gt_axes_angle,,,left_only
103614,4782,test,40,left,session_2_0_1,201,saccade_fixation,1658906465167438,4868,161.8330058939096,134.7583497053045,26.061770966056237,24.928046715368357,-35.321890433739185,12.19793752051474,Fixation,103532,82,1,29.399999618530273,33.08000183105469,29.0,32.0,1.1516959884908178,0.6079109907150269,0.5757575757575758,center_proxy_gt_axes_angle,,,left_only
103615,4783,test,40,left,session_2_0_1,201,saccade_fixation,1658906465207438,4869,161.92899408284023,134.79289940828403,26.15201594084806,24.743724211726644,-34.171613760113985,4.346325038323405,Fixation,103532,83,1,29.399999618530273,33.08000183105469,28.0,32.0,1.7681637047983958,0.5620303153991699,0.3684210526315789,center_proxy_gt_axes_angle,,,left_only
103616,4784,test,40,left,session_2_0_1,201,saccade_fixation,1658906465247438,4870,161.9920634920635,134.79960317460316,26.054742509960263,24.696870533645438,-37.04315992698616,3.3451650762469765,Fixation,103532,84,1,29.559999465942383,32.880001068115234,28.0,32.0,1.7910891138144056,0.5346593856811523,0.37142857142857144,center_proxy_gt_axes_angle,,,left_only
103617,4785,test,40,left,session_2_0_1,201,saccade_fixation,1658906465287438,4871,162.16465863453814,134.77710843373495,25.964106590160885,24.487885973195176,-50.24138162409767,3.558526150226662,Fixation,103532,85,1,29.600000381469727,32.84000015258789,28.0,30.0,3.259693557284567,0.45069870352745056,0.19047619047619047,center_proxy_gt_axes_angle,,,left_only
103618,4786,test,40,left,session_2_0_1,201,saccade_fixation,1658906465327438,4872,162.34738955823292,134.61044176706827,25.896160091603285,24.558793704669384,-49.92834762739429,3.351300635531613,Fixation,103532,86,1,29.639999389648438,32.84000015258789,27.0,30.0,3.877524680004418,0.3716852068901062,0.13636363636363635,center_proxy_gt_axes_angle,,,left_only
103619,4787,test,40,left,session_2_0_1,201,saccade_fixation,1658906465367438,4873,162.4426559356137,134.5472837022133,26.10895579005945,24.294070242557577,-49.9703952809696,1.9121691860520127,Fixation,103532,87,1,29.639999389648438,32.84000015258789,28.0,31.0,2.4647917882796326,0.30190175771713257,0.28205128205128205,center_proxy_gt_axes_angle,,,left_only
103620,4788,test,40,left,session_2_0_1,201,saccade_fixation,1658906465407438,4874,162.24103585657372,134.32470119521912,26.046574016305637,24.61778245128856,-37.34407839601101,1.5033121465694173,Fixation,103532,88,1,29.639999389648438,32.7599983215332,45.0,32.0,15.37879111629824,0.2973088026046753,0.0,center_proxy_gt_axes_angle,,,left_only
103621,4789,test,40,left,session_2_0_1,201,saccade_fixation,1658906465447438,4875,162.23471400394476,134.4792899408284,26.178225570589834,24.73571477352268,-42.45424030482442,1.2626668926562057,Fixation,103532,89,1,29.639999389648438,32.84000015258789,45.0,32.0,15.382952220115229,0.33023005723953247,0.0,center_proxy_gt_axes_angle,,,left_only
103622,4790,test,40,left,session_2_0_1,201,saccade_fixation,1658906465487438,4876,162.20669291338584,134.41535433070865,26.12597476402336,24.836580390105624,-38.7728538500362,1.79242732602886,Fixation,103532,90,1,29.639999389648438,32.84000015258789,46.0,32.0,16.38155121553057,0.31277573108673096,0.0,center_proxy_gt_axes_angle,,,left_only
103623,4791,test,40,left,session_2_0_1,201,saccade_fixation,1658906465527438,4877,162.27450980392155,134.43529411764706,26.29262082075038,24.771701099108327,-42.215914885666734,0.9416768549497496,Fixation,103532,91,1,29.639999389648438,32.84000015258789,27.0,32.0,2.7704145959931346,0.2607375681400299,0.1891891891891892,center_proxy_gt_axes_angle,,,left_only
103624,4792,test,40,left,session_2_0_1,201,saccade_fixation,1658906465567438,4878,162.20231213872833,134.60886319845858,26.615090620646416,24.89892016511454,-37.810407069343285,1.4320366222604826,Fixation,103532,92,1,29.639999389648438,32.84000015258789,27.0,31.0,3.2179492442963706,0.36227595806121826,0.2,center_proxy_gt_axes_angle,,,left_only
103625,4793,test,40,left,session_2_0_1,201,saccade_fixation,1658906465607438,4879,162.24568138195778,134.6295585412668,26.603877073194862,25.001139776724937,-35.13671294937279,0.2758000367757529,Fixation,103532,93,1,29.639999389648438,32.84000015258789,27.0,31.0,3.2179492442963706,0.3730018138885498,0.18181818181818182,center_proxy_gt_axes_angle,,,left_only
103626,4794,test,40,left,session_2_0_1,201,saccade_fixation,1658906465647438,4880,162.33526011560693,134.60500963391138,26.742969800548654,24.786615674754422,-38.75112949093944,1.5880673506448748,Fixation,103532,94,1,29.639999389648438,32.84000015258789,27.0,32.0,2.7704145959931346,0.3037709891796112,0.2,center_proxy_gt_axes_angle,,,left_only
103627,4795,test,40,left,session_2_0_1,201,saccade_fixation,1658906465687438,4881,162.2767175572519,134.3912213740458,26.506955660329687,25.225040993992742,-37.58244418658416,1.920618113483639,Fixation,103532,95,1,29.639999389648438,32.84000015258789,45.0,32.0,15.382952220115229,0.3546074628829956,0.0,center_proxy_gt_axes_angle,,,left_only
103628,4796,test,40,left,session_2_0_1,201,saccade_fixation,1658906465727439,4882,162.21497120921305,134.35508637236086,26.54869525587506,25.04696580444333,-41.2581019536884,2.129284869471066,Fixation,103532,96,1,29.639999389648438,32.84000015258789,46.0,33.0,16.360782986210513,0.35833245515823364,0.0,center_proxy_gt_axes_angle,,,left_only
103629,4797,test,40,left,session_2_0_1,201,saccade_fixation,1658906465767439,4883,162.25482625482624,134.32239382239382,26.468341209283427,24.979045732511143,-43.484052537494506,1.1897474633292446,Fixation,103532,97,1,29.639999389648438,32.84000015258789,46.0,33.0,16.360782986210513,0.39923229813575745,0.0,center_proxy_gt_axes_angle,,,left_only
103630,4798,test,40,left,session_2_0_1,201,saccade_fixation,1658906465807439,4884,162.2577519379845,134.27325581395348,26.42313098345606,24.92582809692279,-39.79243826748109,2.3190025964016603,Fixation,103532,98,1,29.639999389648438,32.84000015258789,46.0,33.0,16.360782986210513,0.42720353603363037,0.0,center_proxy_gt_axes_angle,,,left_only
103631,4799,test,40,left,session_2_0_1,201,saccade_fixation,1658906465847439,4885,162.34653465346534,134.56831683168318,26.30253730681155,24.52919619624947,-43.44391573185624,1.7703100290689535,Fixation,103532,99,1,29.639999389648438,32.84000015258789,46.0,40.0,17.858197495426154,0.4489401578903198,0.0,center_proxy_gt_axes_angle,,,left_only
111360,4892,test,40,right,session_1_0_1,101,saccade_fixation,1658906111327602,5017,220.07986111111111,127.07118055555556,30.036670952889185,24.522750387567665,88.15911958826337,23.97117007560587,Fixation,111268,92,1,40.20000076293945,30.799999237060547,34.0,32.0,6.315062255552598,0.5269434452056885,0.0,center_proxy_gt_axes_angle,,,left_only
111361,4893,test,40,right,session_1_0_1,101,saccade_fixation,1658906111367602,5018,220.09565217391304,127.1895652173913,29.732454813177743,24.76050061120924,87.59883343124439,28.45414941482616,Fixation,111268,93,1,40.20000076293945,30.84000015258789,35.0,31.0,5.202461714010282,0.5472091436386108,0.04878048780487805,center_proxy_gt_axes_angle,,,left_only
111362,4894,test,40,right,session_1_0_1,101,saccade_fixation,1658906111407602,5019,218.54623287671237,123.76198630136986,29.004682799941317,25.79596098805453,83.10502514299378,18.739756043779856,Fixation,111268,94,1,40.0,30.0,35.0,33.0,5.830951894845301,0.5425437092781067,0.027777777777777776,center_proxy_gt_axes_angle,,,left_only
111363,4895,test,40,right,session_1_0_1,101,saccade_fixation,1658906111447602,5020,215.91981132075472,125.188679245283,20.051415843766797,13.804030578718214,2.994614441088117,7.253338459802074,Fixation,111268,95,1,39.52000045776367,30.479999542236328,36.0,36.0,6.546816652111743,0.3706589639186859,0.0,center_proxy_gt_axes_angle,,,left_only
111364,4896,test,40,right,session_1_0_1,101,saccade_fixation,1658906111687602,5026,221.9094827586207,133.56465517241378,20.283659015913702,14.726097818156846,-14.90231010275096,12.685083336937172,Fixation,111268,96,1,40.47999954223633,32.47999954223633,43.0,35.0,3.5638188245557925,0.48231762647628784,0.15384615384615385,center_proxy_gt_axes_angle,,,left_only
111365,4897,test,40,right,session_1_0_1,101,saccade_fixation,1658906111727602,5027,221.038202247191,129.6247191011236,25.62072074488681,22.573294648095874,-16.470923561248668,14.499320996515111,Fixation,111268,97,1,40.439998626708984,31.31999969482422,27.0,34.0,13.704596481534276,0.32101061940193176,0.0,center_proxy_gt_axes_angle,,,left_only
111366,4898,test,40,right,session_1_0_1,101,saccade_fixation,1658906111767602,5028,221.05849056603773,127.5754716981132,27.19067841638877,25.10672317078365,-79.27935494499796,46.95351589075454,Fixation,111268,98,1,40.2400016784668,31.15999984741211,34.0,32.0,6.296286302545027,0.4788384437561035,0.0,center_proxy_gt_axes_angle,,,left_only
111367,4899,test,40,right,session_1_0_1,101,saccade_fixation,1658906111807602,5029,221.0,126.3876500857633,30.19865198836548,24.70930144910082,-88.35052815411275,20.238886708675945,Fixation,111268,99,1,40.31999969482422,30.68000030517578,42.0,40.0,9.470205664974454,0.4938846826553345,0.0,center_proxy_gt_axes_angle,,,left_only
111368,4900,test,40,right,session_1_0_1,101,saccade_fixation,1658906111847602,5030,221.1144781144781,126.0942760942761,31.161922113332704,24.326695334089948,-86.64996005659296,8.950622718548006,Fixation,111368,0,1,40.31999969482422,30.68000030517578,33.0,31.0,7.3269908787246525,0.3722202479839325,0.0,center_proxy_gt_axes_angle,,,left_only
111369,4901,test,40,right,session_1_0_1,101,saccade_fixation,1658906111887602,5031,220.20361247947451,126.49589490968802,31.217815875368043,24.9073713730622,-88.46711627532734,5.607233476517537,Fixation,111368,1,1,40.400001525878906,30.639999389648438,36.0,31.0,4.414704278566142,0.43309828639030457,0.11688311688311688,center_proxy_gt_axes_angle,,,left_only
111370,4902,test,40,right,session_1_0_1,101,saccade_fixation,1658906111927602,5032,220.02298850574712,126.58620689655172,30.768656501864594,25.289519335209096,-89.65101481754043,7.066323376171918,Fixation,111368,2,1,40.400001525878906,30.639999389648438,33.0,31.0,7.408753135478577,0.4970257878303528,0.0,center_proxy_gt_axes_angle,,,left_only
111371,4903,test,40,right,session_1_0_1,101,saccade_fixation,1658906111967602,5033,220.1225165562914,126.57450331125828,30.85520545607063,25.008041784623813,-89.97438221351354,0.1789431040506921,Fixation,111368,3,1,40.400001525878906,30.639999389648438,32.0,31.0,8.407712297303082,0.42622247338294983,0.0,center_proxy_gt_axes_angle,,,left_only
111372,4904,test,40,right,session_1_0_1,101,saccade_fixation,1658906112007602,5034,220.09747899159663,126.58823529411764,30.26890475814733,25.155933782866946,88.98373429324828,0.4903906596953656,Fixation,111368,4,1,40.400001525878906,30.639999389648438,33.0,32.0,7.523936751672409,0.47897517681121826,0.0,center_proxy_gt_axes_angle,,,left_only
111373,4905,test,40,right,session_1_0_1,101,saccade_fixation,1658906112047602,5035,220.17508417508415,126.4983164983165,30.418076055859014,25.00480016335244,87.9861093191419,0.8908395804583015,Fixation,111368,5,1,40.400001525878906,30.639999389648438,33.0,30.0,7.427625583035303,0.46519553661346436,0.0,center_proxy_gt_axes_angle,,,left_only
111374,4906,test,40,right,session_1_0_1,101,saccade_fixation,1658906112087602,5036,220.04166666666663,126.51,30.427598596024648,25.23750910651489,88.17290295801786,0.7227775370550008,Fixation,111368,6,1,40.2400016784668,30.520000457763672,34.0,30.0,6.261630891656172,0.5022565722465515,0.0,center_proxy_gt_axes_angle,,,left_only
111375,4907,test,40,right,session_1_0_1,101,saccade_fixation,1658906112127603,5037,220.0,126.5016611295681,30.38460548484728,25.358131666059133,87.78032599833965,1.5562385516095405,Fixation,111368,7,1,40.2400016784668,30.520000457763672,33.0,30.0,7.2586517191746065,0.4834386110305786,0.0,center_proxy_gt_axes_angle,,,left_only
111376,4908,test,40,right,session_1_0_1,101,saccade_fixation,1658906112167603,5038,219.9818780889621,126.59143327841844,30.48299453722091,25.5003102196133,87.96523694119834,2.0248679776346594,Fixation,111368,8,1,40.2400016784668,30.520000457763672,34.0,29.0,6.42246232677703,0.48535439372062683,0.0,center_proxy_gt_axes_angle,,,left_only
111377,4909,test,40,right,session_1_0_1,101,saccade_fixation,1658906112207603,5039,219.97368421052636,126.64473684210526,30.592319041959268,25.4429303071715,87.28752600545415,2.1406748194698206,Fixation,111368,9,1,40.400001525878906,30.639999389648438,34.0,30.0,6.4319218550914234,0.48989617824554443,0.0,center_proxy_gt_axes_angle,,,left_only
111378,4910,test,40,right,session_1_0_1,101,saccade_fixation,1658906112247603,5040,219.99511400651463,126.83061889250814,30.663961165472127,25.622761521165245,88.37063726141042,4.793667223397645,Fixation,111368,10,1,40.400001525878906,30.639999389648438,34.0,30.0,6.4319218550914234,0.4897945821285248,0.0,center_proxy_gt_axes_angle,,,left_only
111379,4911,test,40,right,session_1_0_1,101,saccade_fixation,1658906112287603,5041,220.03049759229532,126.16051364365973,31.04328594472585,25.635479549289204,-88.06837872634264,5.815079754387662,Fixation,111368,11,1,40.2400016784668,30.520000457763672,33.0,30.0,7.2586517191746065,0.40430569648742676,0.0,center_proxy_gt_axes_angle,,,left_only
111380,4912,test,40,right,session_1_0_1,101,saccade_fixation,1658906112327603,5042,219.9967213114754,125.82459016393445,30.73552394837961,25.401994554770468,89.3642550688901,9.952197019669136,Fixation,111368,12,1,40.2400016784668,30.479999542236328,35.0,32.0,5.456007604644317,0.4327099621295929,0.04878048780487805,center_proxy_gt_axes_angle,,,left_only
111381,4913,test,40,right,session_1_0_1,101,saccade_fixation,1658906112367603,5043,220.26788685524127,125.7620632279534,30.71869562737756,25.034516247014103,88.00425546911373,6.351499043562418,Fixation,111368,13,1,40.31999969482422,30.479999542236328,45.0,33.0,5.315336787408162,0.3989197909832001,0.16216216216216217,center_proxy_gt_axes_angle,,,left_only
111382,4914,test,40,right,session_1_0_1,101,saccade_fixation,1658906112407603,5044,220.3993399339934,125.2904290429043,30.796578457885342,25.12778514503748,89.11366616643704,9.327911869076248,Fixation,111368,14,1,40.31999969482422,30.479999542236328,45.0,34.0,5.856005983526815,0.3765137791633606,0.11688311688311688,center_proxy_gt_axes_angle,,,left_only
111383,4915,test,40,right,session_1_0_1,101,saccade_fixation,1658906112447603,5045,220.2915951972556,125.17838765008575,29.968616770838477,24.92483503780995,87.22029802048613,9.56694774211648,Fixation,111368,15,1,40.400001525878906,30.360000610351562,26.0,34.0,14.85293370018044,0.4045011103153229,0.0,center_proxy_gt_axes_angle,,,left_only
111384,4916,test,40,right,session_1_0_1,101,saccade_fixation,1658906112487603,5046,220.25888324873097,124.35532994923858,30.400564665985083,24.81817108161696,88.91968420537943,5.8553772900002725,Fixation,111368,16,1,40.400001525878906,30.360000610351562,45.0,33.0,5.303732906101184,0.27939289808273315,0.16216216216216217,center_proxy_gt_axes_angle,,,left_only
111385,4917,test,40,right,session_1_0_1,101,saccade_fixation,1658906112527603,5047,220.3109965635739,124.2319587628866,29.97100301516392,24.869777970726638,86.65913133954491,4.648645862158224,Fixation,111368,17,1,40.400001525878906,30.360000610351562,28.0,34.0,12.923220705321109,0.3278544545173645,0.0,center_proxy_gt_axes_angle,,,left_only
111386,4918,test,40,right,session_1_0_1,101,saccade_fixation,1658906112567603,5048,220.7555555555556,124.42393162393162,29.97474599849633,24.970703955787755,89.95085792507955,2.2786232390383216,Fixation,111368,18,1,40.400001525878906,30.360000610351562,27.0,35.0,14.180607717213494,0.38292765617370605,0.0,center_proxy_gt_axes_angle,,,left_only
111387,4919,test,40,right,session_1_0_1,101,saccade_fixation,1658906112607603,5049,220.7039586919105,124.5593803786575,30.004479612387488,24.7720188535346,89.24453703692978,2.3521131318584394,Fixation,111368,19,1,40.439998626708984,30.360000610351562,45.0,35.0,6.505628859714779,0.3006107211112976,0.075,center_proxy_gt_axes_angle,,,left_only
111388,4920,test,40,right,session_1_0_1,101,saccade_fixation,1658906112647603,5050,220.58058925476604,124.526863084922,29.900390042924,24.662861982243182,88.28384557427952,1.8227279973522004,Fixation,111368,20,1,40.400001525878906,30.360000610351562,34.0,34.0,7.3627179144588535,0.2890624403953552,0.0,center_proxy_gt_axes_angle,,,left_only
111389,4921,test,40,right,session_1_0_1,101,saccade_fixation,1658906112687603,5051,220.56228373702425,124.5121107266436,29.911006418545306,24.70071682320315,87.7761711015757,1.5682125332705417,Fixation,111368,21,1,40.400001525878906,30.360000610351562,34.0,33.0,6.923121861457911,0.29793453216552734,0.0,center_proxy_gt_axes_angle,,,left_only
111390,4922,test,40,right,session_1_0_1,101,saccade_fixation,1658906112727603,5052,220.57739130434783,124.19304347826088,29.77750984435829,24.6656070697526,-89.73596216817946,0.7375773850850373,Fixation,111368,22,1,40.400001525878906,30.360000610351562,35.0,33.0,6.010791400210012,0.3667839765548706,0.024390243902439025,center_proxy_gt_axes_angle,,,left_only
111391,4923,test,40,right,session_1_0_1,101,saccade_fixation,1658906112767603,5053,220.55344827586208,124.35862068965515,30.09239866863744,24.62433526403047,-89.48692545505716,2.309512388227203,Fixation,111368,23,1,40.400001525878906,30.360000610351562,34.0,33.0,6.923121861457911,0.3326566517353058,0.0,center_proxy_gt_axes_angle,,,left_only
111392,4924,test,40,right,session_1_0_1,101,saccade_fixation,1658906112807603,5054,220.47478260869565,124.5791304347826,29.85775116628449,24.60782810767591,88.66191669128087,8.65102454395498,Fixation,111368,24,1,40.400001525878906,30.360000610351562,34.0,33.0,6.923121861457911,0.3724321722984314,0.0,center_proxy_gt_axes_angle,,,left_only
111393,4925,test,40,right,session_1_0_1,101,saccade_fixation,1658906112847603,5055,220.39930555555557,124.84375,29.634956670112693,24.84048754665668,87.60888748435326,10.66406661373976,Fixation,111368,25,1,40.400001525878906,30.360000610351562,35.0,33.0,6.010791400210012,0.34520524740219116,0.03614457831325301,center_proxy_gt_axes_angle,,,left_only
111394,4926,test,40,right,session_1_0_1,101,saccade_fixation,1658906112887603,5056,220.36332179930795,125.560553633218,29.93714115608553,24.673192294797364,-89.92984021950703,11.344357796834164,Fixation,111368,26,1,40.400001525878906,30.639999389648438,36.0,32.0,4.605389786749144,0.4135356843471527,0.10526315789473684,center_proxy_gt_axes_angle,,,left_only
111395,4927,test,40,right,session_1_0_1,101,saccade_fixation,1658906112927603,5057,220.35093696763204,126.05281090289608,30.08411981374444,24.92422123371096,-88.76779727093754,9.558822402980187,Fixation,111368,27,1,40.400001525878906,30.639999389648438,36.0,34.0,5.536209671724833,0.39872586727142334,0.06172839506172839,center_proxy_gt_axes_angle,,,left_only
111396,4928,test,40,right,session_1_0_1,101,saccade_fixation,1658906112967603,5058,220.28571428571428,126.3843537414966,30.20323480306043,24.838244253963435,-88.70830757004211,5.670985380747648,Fixation,111368,28,1,40.400001525878906,30.639999389648438,36.0,34.0,5.536209671724833,0.34692445397377014,0.06172839506172839,center_proxy_gt_axes_angle,,,left_only
111397,4929,test,40,right,session_1_0_1,101,saccade_fixation,1658906113007603,5059,219.63953488372093,126.17109634551495,30.048397492752255,25.590857314980365,-87.90517331067683,5.669240354947074,Fixation,111368,29,1,40.2400016784668,30.520000457763672,35.0,32.0,5.444999195165651,0.39999920129776,0.03614457831325301,center_proxy_gt_axes_angle,,,left_only
111398,4930,test,40,right,session_1_0_1,101,saccade_fixation,1658906113047603,5060,219.51839464882943,125.8913043478261,29.87149217954005,25.58390694438254,89.96327782401177,6.008013556729326,Fixation,111368,30,1,40.2400016784668,30.479999542236328,35.0,31.0,5.265740030272029,0.3712077736854553,0.05,center_proxy_gt_axes_angle,,,left_only
111399,4931,test,40,right,session_1_0_1,101,saccade_fixation,1658906113087603,5061,219.457429048414,125.8964941569282,29.79801929407004,25.706014279072583,88.03516332919165,1.3672339812880798,Fixation,111368,31,1,40.2400016784668,30.520000457763672,34.0,31.0,6.258435947408548,0.342977374792099,0.0,center_proxy_gt_axes_angle,,,left_only
111400,4932,test,40,right,session_1_0_1,101,saccade_fixation,1658906113127603,5062,219.457429048414,125.8964941569282,29.79801929407004,25.706014279072583,88.03516332919165,0.4223615179528992,Fixation,111368,32,1,40.2400016784668,30.520000457763672,34.0,31.0,6.258435947408548,0.36191076040267944,0.0,center_proxy_gt_axes_angle,,,left_only
111401,4933,test,40,right,session_1_0_1,101,saccade_fixation,1658906113167603,5063,219.5075376884422,125.9966499162479,29.7341106758116,25.671853317273992,89.50182863507727,0.8749517612701923,Fixation,111368,33,1,40.2400016784668,30.520000457763672,34.0,31.0,6.258435947408548,0.3713452219963074,0.0,center_proxy_gt_axes_angle,,,left_only
111402,4934,test,40,right,session_1_0_1,101,saccade_fixation,1658906113207603,5064,219.5448504983389,125.95348837209302,29.96238875855876,25.67382464948515,89.41115501722336,1.3296590176933138,Fixation,111368,34,1,40.2400016784668,30.479999542236328,34.0,31.0,6.261630891656172,0.3766334354877472,0.0,center_proxy_gt_axes_angle,,,left_only
111403,4935,test,40,right,session_1_0_1,101,saccade_fixation,1658906113247603,5065,219.59669421487604,125.9107438016529,30.08924092739466,25.680429986922054,87.87055954050855,1.4397460559475272,Fixation,111368,35,1,40.2400016784668,30.479999542236328,34.0,31.0,6.261630891656172,0.3736262321472168,0.0,center_proxy_gt_axes_angle,,,left_only
111404,4936,test,40,right,session_1_0_1,101,saccade_fixation,1658906113287603,5066,219.66161616161617,125.95622895622895,29.879092641607446,25.40983940869036,-89.44535739984748,5.296940080957002,Fixation,111368,36,1,40.2400016784668,30.520000457763672,34.0,31.0,6.258435947408548,0.36145591735839844,0.0,center_proxy_gt_axes_angle,,,left_only
111405,4937,test,40,right,session_1_0_1,101,saccade_fixation,1658906113327603,5067,219.73701842546063,126.01675041876048,29.87137329706928,25.535282565537347,-89.83784366325959,4.742017353166559,Fixation,111368,37,1,40.2400016784668,30.479999542236328,34.0,31.0,6.261630891656172,0.39202848076820374,0.0,center_proxy_gt_axes_angle,,,left_only
111406,4938,test,40,right,session_1_0_1,101,saccade_fixation,1658906113367603,5068,220.38119658119655,126.0905982905983,30.02963134497107,24.873508696426835,-87.67134975194101,3.907346145190488,Fixation,111368,38,1,40.400001525878906,30.639999389648438,34.0,31.0,6.410118561361079,0.3612716794013977,0.0,center_proxy_gt_axes_angle,,,left_only
111407,4939,test,40,right,session_1_0_1,101,saccade_fixation,1658906113407604,5069,220.3549488054608,125.8839590443686,29.929549125625137,25.0097121766076,-89.23671382706085,3.707930416720733,Fixation,111368,39,1,40.400001525878906,30.639999389648438,34.0,32.0,6.5429061732084275,0.38663798570632935,0.0,center_proxy_gt_axes_angle,,,left_only
111408,4940,test,40,right,session_1_0_1,101,saccade_fixation,1658906113447604,5070,220.2708688245315,125.8160136286201,30.33594904734333,24.723706834878836,-88.11478321419287,0.3025607886087551,Fixation,111368,40,1,40.400001525878906,30.639999389648438,34.0,32.0,6.5429061732084275,0.3479919135570526,0.0,center_proxy_gt_axes_angle,,,left_only
111409,4941,test,40,right,session_1_0_1,101,saccade_fixation,1658906113487604,5071,220.32994923857868,125.99661590524536,30.230201750638003,24.975527014183307,-88.65554470640085,1.550951259246751,Fixation,111368,41,1,40.400001525878906,30.639999389648438,34.0,32.0,6.5429061732084275,0.39398929476737976,0.0,center_proxy_gt_axes_angle,,,left_only
111410,4942,test,40,right,session_1_0_1,101,saccade_fixation,1658906113527604,5072,220.35093696763204,126.05281090289608,30.08411981374444,24.92422123371096,-88.76779727093754,3.5940765794683736,Fixation,111368,42,1,40.400001525878906,30.639999389648438,34.0,32.0,6.5429061732084275,0.3807849884033203,0.0,center_proxy_gt_axes_angle,,,left_only
111411,4943,test,40,right,session_1_0_1,101,saccade_fixation,1658906113567604,5073,220.34686971235195,126.13197969543148,30.24671477720456,24.9582079649212,-89.0325435585358,2.7560265222962643,Fixation,111368,43,1,40.400001525878906,30.639999389648438,34.0,32.0,6.5429061732084275,0.3978211283683777,0.0,center_proxy_gt_axes_angle,,,left_only
111412,4944,test,40,right,session_1_0_1,101,saccade_fixation,1658906113607604,5074,220.30236486486487,126.39020270270272,30.35002414098124,24.891197373072107,-89.53860039621823,1.0985141229949014,Fixation,111368,44,1,40.400001525878906,30.639999389648438,33.0,32.0,7.523936751672409,0.349502831697464,0.0,center_proxy_gt_axes_angle,,,left_only
111413,4945,test,40,right,session_1_0_1,101,saccade_fixation,1658906113647604,5075,220.28813559322035,126.435593220339,30.23930587417371,24.901157015213425,89.9158085959061,2.632544849674862,Fixation,111368,45,1,40.400001525878906,30.639999389648438,34.0,32.0,6.5429061732084275,0.38317713141441345,0.0,center_proxy_gt_axes_angle,,,left_only
111414,4946,test,40,right,session_1_0_1,101,saccade_fixation,1658906113687604,5076,220.26138279932547,126.20404721753796,30.26963325916704,25.04108164365568,-89.17330796798787,7.994596327118224,Fixation,111368,46,1,40.400001525878906,30.639999389648438,26.0,32.0,14.464081222306222,0.4338262677192688,0.0,center_proxy_gt_axes_angle,,,left_only
111415,4947,test,40,right,session_1_0_1,101,saccade_fixation,1658906113727604,5077,220.25299145299147,125.72136752136753,30.23030026850444,24.727840842752737,-87.97337720046667,13.680448856604418,Fixation,111368,47,1,40.400001525878906,30.639999389648438,33.0,33.0,7.767214781623455,0.4857742190361023,0.0,center_proxy_gt_axes_angle,,,left_only
111416,4948,test,40,right,session_1_0_1,101,saccade_fixation,1658906113767604,5078,219.0283975659229,126.5050709939148,26.602046845019437,24.189778330415,-10.754127292674385,6.351208446765609,Fixation,111368,48,1,40.08000183105469,30.719999313354492,34.0,34.0,6.908315769420456,0.4429575502872467,0.0,center_proxy_gt_axes_angle,,,left_only
111417,4949,test,40,right,session_1_0_1,101,saccade_fixation,1658906113967604,5083,219.10857142857145,130.65142857142857,25.41430571684497,18.01151614690817,-11.23412901607901,3.9990024000972006,Fixation,111368,49,1,40.15999984741211,31.84000015258789,44.0,34.0,4.405814398348546,0.49602633714675903,0.034482758620689655,center_proxy_gt_axes_angle,,,left_only
111418,4950,test,40,right,session_1_0_1,101,saccade_fixation,1658906114007604,5084,219.1818181818182,127.92600422832982,26.74990320278688,22.95771310493984,-13.716129518314034,3.221322231703428,Fixation,111368,50,1,40.20000076293945,31.15999984741211,40.0,33.0,1.8508378823386515,0.3700760006904602,0.35,center_proxy_gt_axes_angle,,,left_only
111419,4951,test,40,right,session_1_0_1,101,saccade_fixation,1658906114047604,5085,219.0981818181818,126.27272727272728,27.328576515131616,26.155775429171,-48.57517636121693,34.332496082390506,Fixation,111368,51,1,40.119998931884766,30.8799991607666,36.0,31.0,4.1217461591112485,0.4055148959159851,0.08823529411764706,center_proxy_gt_axes_angle,,,left_only
111420,4952,test,40,right,session_1_0_1,101,saccade_fixation,1658906114087604,5086,219.14213197969545,125.48054145516076,29.08320905995691,26.17273293908749,-82.95210055542113,18.30141487155656,Fixation,111368,52,1,40.2400016784668,30.479999542236328,35.0,31.0,5.265740030272029,0.492504745721817,0.04225352112676056,center_proxy_gt_axes_angle,,,left_only
111421,4953,test,40,right,session_1_0_1,101,saccade_fixation,1658906114127604,5087,219.21951219512195,125.15934959349592,30.439462458326105,25.87125898563324,-86.82664002711726,5.369111766839404,Fixation,111368,53,1,40.2400016784668,30.479999542236328,41.0,32.0,1.6994113217038005,0.3658024072647095,0.72,center_proxy_gt_axes_angle,,,left_only
111422,4954,test,40,right,session_1_0_1,101,saccade_fixation,1658906114167604,5088,219.24242424242425,124.99840510366826,31.143584098674733,25.725975429358176,-88.3630411784535,1.060239660321949,Fixation,111368,54,1,40.2400016784668,30.479999542236328,35.0,31.0,5.265740030272029,0.5085411667823792,0.04878048780487805,center_proxy_gt_axes_angle,,,left_only
111423,4955,test,40,right,session_1_0_1,101,saccade_fixation,1658906114207604,5089,219.1026058631922,125.41368078175896,30.324889281921767,25.883654868971828,88.4864926636175,4.154533734004257,Fixation,111368,55,1,40.2400016784668,30.479999542236328,36.0,31.0,4.271769505658713,0.48796260356903076,0.11688311688311688,center_proxy_gt_axes_angle,,,left_only
111424,4956,test,40,right,session_1_0_1,101,saccade_fixation,1658906114247604,5090,219.27170418006432,125.59003215434085,30.5842612901754,25.94973142736377,-89.00011463297001,5.660214998503647,Fixation,111368,56,1,40.2400016784668,30.479999542236328,36.0,31.0,4.271769505658713,0.4280163645744324,0.11688311688311688,center_proxy_gt_axes_angle,,,left_only
111425,4957,test,40,right,session_1_0_1,101,saccade_fixation,1658906114287604,5091,219.36173633440515,125.80868167202571,30.661551735164792,25.887344038447225,-88.11548127335512,6.670464054246732,Fixation,111368,57,1,40.2400016784668,30.479999542236328,36.0,32.0,4.5042219777674175,0.3563217520713806,0.11688311688311688,center_proxy_gt_axes_angle,,,left_only
111426,4958,test,40,right,session_1_0_1,101,saccade_fixation,1658906114327604,5092,219.2843295638126,125.90306946688207,30.561470656610485,25.86900376182013,-87.59255478662146,5.308922649672766,Fixation,111368,58,1,40.2400016784668,30.479999542236328,34.0,31.0,6.261630891656172,0.42643794417381287,0.0,center_proxy_gt_axes_angle,,,left_only
111427,4959,test,40,right,session_1_0_1,101,saccade_fixation,1658906114367604,5093,219.935960591133,126.08045977011494,30.68683432141558,25.378473169121712,-88.96360109971693,5.550242930313214,Fixation,111368,59,1,40.2400016784668,30.520000457763672,35.0,31.0,5.261940435892631,0.46271735429763794,0.04878048780487805,center_proxy_gt_axes_angle,,,left_only
111428,4960,test,40,right,session_1_0_1,101,saccade_fixation,1658906114407604,5094,220.0278232405892,125.9770867430442,30.51583396564295,25.60451603825316,-87.97543140249206,5.217728064844321,Fixation,111368,60,1,40.2400016784668,30.520000457763672,32.0,31.0,8.253970391374246,0.3996770977973938,0.0,center_proxy_gt_axes_angle,,,left_only
111429,4961,test,40,right,session_1_0_1,101,saccade_fixation,1658906114447604,5095,220.235,125.97,30.608020554916354,25.058552985154947,-88.27892836359332,0.9975870208898322,Fixation,111368,61,1,40.400001525878906,30.639999389648438,33.0,30.0,7.427625583035303,0.4783872365951538,0.0,center_proxy_gt_axes_angle,,,left_only
111430,4962,test,40,right,session_1_0_1,101,saccade_fixation,1658906114487604,5096,220.11165845648603,126.01477832512316,30.54924577075822,25.48714958313619,-89.01273179135916,2.267959374303312,Fixation,111368,62,1,40.2400016784668,30.520000457763672,33.0,30.0,7.2586517191746065,0.4915698766708374,0.0,center_proxy_gt_axes_angle,,,left_only
111431,4963,test,40,right,session_1_0_1,101,saccade_fixation,1658906114527604,5097,220.071661237785,126.16449511400651,30.73339723166567,25.53528309709518,-88.8652683424665,3.1161588933792017,Fixation,111368,63,1,40.2400016784668,30.520000457763672,33.0,30.0,7.2586517191746065,0.47593173384666443,0.0,center_proxy_gt_axes_angle,,,left_only
111432,4964,test,40,right,session_1_0_1,101,saccade_fixation,1658906114567604,5098,220.0359477124183,126.33986928104576,30.678240256665568,25.497589056459116,-89.26143602528774,2.871972830857455,Fixation,111368,64,1,40.400001525878906,30.639999389648438,33.0,31.0,7.408753135478577,0.4056112766265869,0.0,center_proxy_gt_axes_angle,,,left_only
111433,4965,test,40,right,session_1_0_1,101,saccade_fixation,1658906114607604,5099,220.0532445923461,126.4342762063228,30.586116764690605,25.10905888016484,-89.16033135371471,1.4625783300894926,Fixation,111368,65,1,40.400001525878906,30.639999389648438,28.0,30.0,12.416506636753736,0.37574735283851624,0.0,center_proxy_gt_axes_angle,,,left_only
111434,4966,test,40,right,session_1_0_1,101,saccade_fixation,1658906114647605,5100,220.19565217391303,126.46655518394648,30.65146699098741,24.91492562920068,-89.02551684990492,0.470310004060316,Fixation,111368,66,1,40.400001525878906,30.639999389648438,28.0,31.0,12.405226248692633,0.40875303745269775,0.0,center_proxy_gt_axes_angle,,,left_only
111435,4967,test,40,right,session_1_0_1,101,saccade_fixation,1658906114687605,5101,220.0563847429519,126.39800995024876,30.58272421969581,25.19487059229572,89.53220141148134,0.6524977923934558,Fixation,111368,67,1,40.400001525878906,30.639999389648438,28.0,31.0,12.405226248692633,0.3963616192340851,0.0,center_proxy_gt_axes_angle,,,left_only
111436,4968,test,40,right,session_1_0_1,101,saccade_fixation,1658906114727605,5102,220.01839464882943,126.41304347826087,30.4567979697986,25.09012924865129,-88.82437899312863,1.2189883311342604,Fixation,111368,68,1,40.400001525878906,30.639999389648438,28.0,31.0,12.405226248692633,0.39755040407180786,0.0,center_proxy_gt_axes_angle,,,left_only
111437,4969,test,40,right,session_1_0_1,101,saccade_fixation,1658906114767605,5103,220.0583333333333,126.33,30.41328602412756,25.20175632973809,89.29644814840137,0.6654054340285792,Fixation,111368,69,1,40.400001525878906,30.639999389648438,28.0,31.0,12.405226248692633,0.397885799407959,0.0,center_proxy_gt_axes_angle,,,left_only
111438,4970,test,40,right,session_1_0_1,101,saccade_fixation,1658906114807605,5104,220.20637583892616,126.27181208053692,30.506516154934985,24.960081848982128,89.5671669499498,0.7560966545558454,Fixation,111368,70,1,40.400001525878906,30.639999389648438,28.0,31.0,12.405226248692633,0.4133252203464508,0.0,center_proxy_gt_axes_angle,,,left_only
111439,4971,test,40,right,session_1_0_1,101,saccade_fixation,1658906114847605,5105,220.14261744966444,126.33557046979864,30.51311243454575,24.94673508990428,89.54420143796014,0.7415697321004623,Fixation,111368,71,1,40.400001525878906,30.639999389648438,28.0,31.0,12.405226248692633,0.39239630103111267,0.0,center_proxy_gt_axes_angle,,,left_only
111440,4972,test,40,right,session_1_0_1,101,saccade_fixation,1658906114887605,5106,220.135593220339,126.38305084745762,30.357725419204726,24.829122736611733,-89.72680803799855,1.030539341613978,Fixation,111368,72,1,40.400001525878906,30.639999389648438,29.0,31.0,11.405684338499592,0.379091739654541,0.0,center_proxy_gt_axes_angle,,,left_only
111441,4973,test,40,right,session_1_0_1,101,saccade_fixation,1658906114927605,5107,220.1022146507666,126.2197614991482,30.207468371371583,24.83691213030376,-89.66618886736161,0.7968643907934433,Fixation,111368,73,1,40.400001525878906,30.639999389648438,33.0,31.0,7.408753135478577,0.37773647904396057,0.0,center_proxy_gt_axes_angle,,,left_only
111442,4974,test,40,right,session_1_0_1,101,saccade_fixation,1658906114967605,5108,220.0770547945205,126.1695205479452,30.1439817554546,24.759485954856547,-89.2478832406313,1.9583078127041695,Fixation,111368,74,1,40.400001525878906,30.639999389648438,33.0,31.0,7.408753135478577,0.39607083797454834,0.0,center_proxy_gt_axes_angle,,,left_only
111443,4975,test,40,right,session_1_0_1,101,saccade_fixation,1658906115007605,5109,220.13162393162392,126.208547008547,30.14943127740395,24.790701828767716,-89.68564270594915,0.982129571238843,Fixation,111368,75,1,40.400001525878906,30.639999389648438,33.0,31.0,7.408753135478577,0.38815540075302124,0.0,center_proxy_gt_axes_angle,,,left_only
111444,4976,test,40,right,session_1_0_1,101,saccade_fixation,1658906115047605,5110,220.06701030927837,126.07731958762886,30.041321141117,24.75122224369165,-88.85299661355447,0.6486009775444522,Fixation,111368,76,1,40.400001525878906,30.639999389648438,34.0,31.0,6.410118561361079,0.4288862347602844,0.0,center_proxy_gt_axes_angle,,,left_only
111445,4977,test,40,right,session_1_0_1,101,saccade_fixation,1658906115087605,5111,220.11623931623933,126.06324786324788,30.093940712108385,24.84225815713677,-88.42239775137787,0.1518244273681896,Fixation,111368,77,1,40.400001525878906,30.639999389648438,34.0,32.0,6.5429061732084275,0.44749128818511963,0.0,center_proxy_gt_axes_angle,,,left_only
111446,4978,test,40,right,session_1_0_1,101,saccade_fixation,1658906115127605,5112,220.17206132879045,126.12776831345826,30.17490492109633,24.85263271899012,-88.97112337157364,1.0989312385070766,Fixation,111368,78,1,40.400001525878906,30.639999389648438,34.0,31.0,6.410118561361079,0.45671510696411133,0.0,center_proxy_gt_axes_angle,,,left_only
111447,4979,test,40,right,session_1_0_1,101,saccade_fixation,1658906115167605,5113,220.1331058020478,126.18430034129692,30.214956934415422,24.769877740298107,-89.62704291668702,2.636260175860414,Fixation,111368,79,1,40.400001525878906,30.639999389648438,35.0,31.0,5.411988259313578,0.4445595145225525,0.05,center_proxy_gt_axes_angle,,,left_only
111448,4980,test,40,right,session_1_0_1,101,saccade_fixation,1658906115207605,5114,220.1489726027397,126.23287671232876,30.08491333427581,24.78628916929216,-88.90230684544954,1.383787138771771,Fixation,111368,80,1,40.400001525878906,30.639999389648438,35.0,32.0,5.5686280302827855,0.4673420786857605,0.03614457831325301,center_proxy_gt_axes_angle,,,left_only
111449,4981,test,40,right,session_1_0_1,101,saccade_fixation,1658906115247605,5115,220.18430034129693,126.47952218430034,30.056763320619144,24.9411563724735,88.72508411516111,1.743949851590861,Fixation,111368,81,1,40.400001525878906,30.639999389648438,35.0,32.0,5.5686280302827855,0.4865318238735199,0.04878048780487805,center_proxy_gt_axes_angle,,,left_only
111450,4982,test,40,right,session_1_0_1,101,saccade_fixation,1658906115287605,5116,220.26475548060708,126.32883642495784,30.35620455733256,24.9422931148938,89.76570515819628,0.9930843800357142,Fixation,111368,82,1,40.400001525878906,30.639999389648438,35.0,32.0,5.5686280302827855,0.48867255449295044,0.037037037037037035,center_proxy_gt_axes_angle,,,left_only
111451,4983,test,40,right,session_1_0_1,101,saccade_fixation,1658906115327605,5117,220.1948717948718,126.45641025641024,30.00115331670497,24.938978074742074,88.23544105959564,2.24974696366154,Fixation,111368,83,1,40.400001525878906,30.639999389648438,35.0,32.0,5.5686280302827855,0.49301719665527344,0.04878048780487805,center_proxy_gt_axes_angle,,,left_only
111452,4984,test,40,right,session_1_0_1,101,saccade_fixation,1658906115367605,5118,220.2646566164154,126.12395309882749,30.43421701703182,25.06547449755333,-88.71848352716991,0.2950875271978428,Fixation,111368,84,1,40.400001525878906,30.639999389648438,36.0,32.0,4.605389786749144,0.4903317093849182,0.11688311688311688,center_proxy_gt_axes_angle,,,left_only
111453,4985,test,40,right,session_1_0_1,101,saccade_fixation,1658906115407605,5119,220.24172185430464,126.12417218543048,30.98800804112205,24.878357011402077,89.98278740100972,0.4878933807506405,Fixation,111368,85,1,40.400001525878906,30.639999389648438,36.0,32.0,4.605389786749144,0.48678940534591675,0.10526315789473684,center_proxy_gt_axes_angle,,,left_only
111454,4986,test,40,right,session_1_0_1,101,saccade_fixation,1658906115447605,5120,220.23627287853577,126.29118136439268,30.74496574398412,24.971160607779645,-89.92722698045658,1.1356143526375035,Fixation,111368,86,1,40.400001525878906,30.639999389648438,36.0,32.0,4.605389786749144,0.49278855323791504,0.10526315789473684,center_proxy_gt_axes_angle,,,left_only
111455,4987,test,40,right,session_1_0_1,101,saccade_fixation,1658906115487605,5121,220.2135593220339,126.53220338983051,30.18557518053611,25.00637188893622,88.82044272196678,0.7997076299476994,Fixation,111368,87,1,40.400001525878906,30.639999389648438,36.0,32.0,4.605389786749144,0.495999276638031,0.10256410256410256,center_proxy_gt_axes_angle,,,left_only
111456,4988,test,40,right,session_1_0_1,101,saccade_fixation,1658906115527605,5122,220.08333333333331,126.13562091503267,30.764554180390324,25.43348770116451,-88.65997153174456,1.0765999201961902,Fixation,111368,88,1,40.2400016784668,30.520000457763672,36.0,31.0,4.267084929310447,0.4934913218021393,0.11688311688311688,center_proxy_gt_axes_angle,,,left_only
111457,4989,test,40,right,session_1_0_1,101,saccade_fixation,1658906115567605,5123,220.11869918699188,126.15934959349592,30.88125065908944,25.45749651411636,-88.99667668565267,3.692686810356367,Fixation,111368,89,1,40.2400016784668,30.520000457763672,36.0,31.0,4.267084929310447,0.49458253383636475,0.11688311688311688,center_proxy_gt_axes_angle,,,left_only
111458,4990,test,40,right,session_1_0_1,101,saccade_fixation,1658906115607605,5124,220.1840390879479,126.1270358306189,31.033496810357747,25.263267585502938,-88.37504271682455,1.39702368140843,Fixation,111368,90,1,40.279998779296875,30.520000457763672,36.0,31.0,4.306830518064279,0.47940337657928467,0.11688311688311688,center_proxy_gt_axes_angle,,,left_only
111459,4991,test,40,right,session_1_0_1,101,saccade_fixation,1658906115647605,5125,220.20325203252037,125.94146341463414,31.123220307395574,25.22448967618177,-89.55293458625827,0.7046721879414514,Fixation,111368,91,1,40.2400016784668,30.479999542236328,36.0,31.0,4.271769505658713,0.4643353819847107,0.10526315789473684,center_proxy_gt_axes_angle,,,left_only
111460,4992,test,40,right,session_1_0_1,101,saccade_fixation,1658906115687605,5126,220.11612903225807,125.91451612903226,31.09384188076821,25.45562195432078,-89.85695612317333,0.6652015973787373,Fixation,111368,92,1,40.2400016784668,30.479999542236328,36.0,31.0,4.271769505658713,0.4695289731025696,0.10526315789473684,center_proxy_gt_axes_angle,,,left_only
111461,4993,test,40,right,session_1_0_1,101,saccade_fixation,1658906115727605,5127,220.18048780487808,126.0650406504065,31.07345841819221,25.273867075716147,-89.22346805885357,1.4270965309799184,Fixation,111368,93,1,40.2400016784668,30.520000457763672,36.0,31.0,4.267084929310447,0.468423068523407,0.11688311688311688,center_proxy_gt_axes_angle,,,left_only
111462,4994,test,40,right,session_1_0_1,101,saccade_fixation,1658906115767605,5128,220.08709677419355,126.17096774193548,31.07412322958847,25.48529252379256,-87.85455814223249,0.6952968901092548,Fixation,111368,94,1,40.2400016784668,30.520000457763672,36.0,31.0,4.267084929310447,0.47168201208114624,0.11688311688311688,center_proxy_gt_axes_angle,,,left_only
111463,4995,test,40,right,session_1_0_1,101,saccade_fixation,1658906115807605,5129,220.07717041800643,126.13183279742763,31.148154698476137,25.505143479501143,-88.1023241971726,0.3670131143725439,Fixation,111368,95,1,40.2400016784668,30.479999542236328,36.0,31.0,4.271769505658713,0.46471330523490906,0.11688311688311688,center_proxy_gt_axes_angle,,,left_only
111464,4996,test,40,right,session_1_0_1,101,saccade_fixation,1658906115847605,5130,220.1203852327448,126.02568218298556,31.13657183930892,25.545826983079408,-87.95085381860808,1.368125128746409,Fixation,111368,96,1,40.2400016784668,30.479999542236328,36.0,31.0,4.271769505658713,0.4608743190765381,0.11688311688311688,center_proxy_gt_axes_angle,,,left_only
111465,4997,test,40,right,session_1_0_1,101,saccade_fixation,1658906115887606,5131,220.12460063897765,126.08306709265176,31.26150993586552,25.57444974748744,-87.69378569338936,1.5340917924354556,Fixation,111368,97,1,40.2400016784668,30.479999542236328,36.0,31.0,4.271769505658713,0.463650107383728,0.11688311688311688,center_proxy_gt_axes_angle,,,left_only
111466,4998,test,40,right,session_1_0_1,101,saccade_fixation,1658906115927606,5132,220.0955414012739,125.95222929936304,31.299096600011783,25.62652962621196,-89.89090081032086,1.0745905910328228,Fixation,111368,98,1,40.2400016784668,30.479999542236328,35.0,32.0,5.456007604644317,0.45658496022224426,0.037037037037037035,center_proxy_gt_axes_angle,,,left_only
111467,4999,test,40,right,session_1_0_1,101,saccade_fixation,1658906115967606,5133,220.0605095541401,125.88694267515925,31.319676192446288,25.60925414070256,89.2442008911459,0.2190046157823935,Fixation,111368,99,1,40.2400016784668,30.479999542236328,43.0,37.0,7.080112760691357,0.3228088617324829,0.03614457831325301,center_proxy_gt_axes_angle,,,left_only
119016,4792,test,40,right,session_2_0_1,201,saccade_fixation,1658906465247885,4871,206.81380753138075,114.26987447698744,26.10347204525744,23.35969520695699,70.1302897189573,2.0670160375775697,Fixation,118924,92,1,37.91999816894531,27.8799991607666,37.0,29.0,1.4494131608158678,0.6626434326171875,0.5882352941176471,center_proxy_gt_axes_angle,,,left_only
119017,4793,test,40,right,session_2_0_1,201,saccade_fixation,1658906465287885,4872,206.76050420168067,114.17436974789916,25.88430353007165,23.45803261762815,70.37179326757631,2.26877335027076,Fixation,118924,93,1,37.91999816894531,27.8799991607666,37.0,29.0,1.4494131608158678,0.6468490362167358,0.5882352941176471,center_proxy_gt_axes_angle,,,left_only
119018,4794,test,40,right,session_2_0_1,201,saccade_fixation,1658906465327886,4873,206.81837160751564,113.97286012526096,25.79836274048418,23.672629565039557,61.55174694610193,2.777972479266717,Fixation,118924,94,1,37.880001068115234,27.600000381469727,37.0,29.0,1.6536023741422436,0.6429256796836853,0.5882352941176471,center_proxy_gt_axes_angle,,,left_only
119019,4795,test,40,right,session_2_0_1,201,saccade_fixation,1658906465367886,4874,206.76826722338205,113.90605427974948,25.785366723156155,23.693978914357007,64.59404831805803,2.21818986691645,Fixation,118924,95,1,37.91999816894531,27.8799991607666,36.0,29.0,2.222789879551567,0.6328279972076416,0.42105263157894735,center_proxy_gt_axes_angle,,,left_only
119020,4796,test,40,right,session_2_0_1,201,saccade_fixation,1658906465407886,4875,206.76763485477176,113.82780082987551,25.96229427319826,23.67638371251402,67.54329027003757,0.4265341154810223,Fixation,118924,96,1,37.91999816894531,27.8799991607666,36.0,29.0,2.222789879551567,0.6265514492988586,0.42105263157894735,center_proxy_gt_axes_angle,,,left_only
119021,4797,test,40,right,session_2_0_1,201,saccade_fixation,1658906465447886,4876,206.7432712215321,113.81987577639752,25.9775615151136,23.712531258591948,66.27042141055155,0.682063199643169,Fixation,118924,97,1,37.91999816894531,27.8799991607666,36.0,29.0,2.222789879551567,0.6189589500427246,0.42105263157894735,center_proxy_gt_axes_angle,,,left_only
119022,4798,test,40,right,session_2_0_1,201,saccade_fixation,1658906465487886,4877,206.75306122448976,113.9530612244898,26.23217814119669,23.82462881676725,67.64357843334643,0.9510084559698678,Fixation,118924,98,1,37.91999816894531,27.8799991607666,36.0,29.0,2.222789879551567,0.6167573928833008,0.42105263157894735,center_proxy_gt_axes_angle,,,left_only
119023,4799,test,40,right,session_2_0_1,201,saccade_fixation,1658906465527886,4878,206.69591836734693,113.98775510204082,26.28232186578987,23.78617661393807,70.21323780725261,0.2190712567820223,Fixation,118924,99,1,37.91999816894531,27.8799991607666,37.0,30.0,2.311017133041865,0.5903949737548828,0.35,center_proxy_gt_axes_angle,,,left_only
126712,4870,test,41,left,session_1_0_1,101,saccade_fixation,1658471786631617,4918,137.50587248322148,130.91107382550337,39.66612971647527,38.33937033021514,52.897069193154834,2.934320430516049,Fixation,126642,70,1,25.1200008392334,31.719999313354492,27.0,27.0,5.080628933759088,0.3881034255027771,0.21052631578947367,center_proxy_gt_axes_angle,,,left_only
126713,4871,test,41,left,session_1_0_1,101,saccade_fixation,1658471786671617,4919,137.77502067824648,130.904052936311,39.82940442622711,38.71393709487332,47.46122967094869,2.567468875700122,Fixation,126642,71,1,25.0,31.799999237060547,27.0,25.0,7.088017326729952,0.34914493560791016,0.08955223880597014,center_proxy_gt_axes_angle,,,left_only
126714,4872,test,41,left,session_1_0_1,101,saccade_fixation,1658471786711617,4920,137.76324503311258,130.9139072847682,39.84577346332554,38.67114996463527,47.59035562815783,1.9335646862598712,Fixation,126642,72,1,25.0,31.799999237060547,27.0,28.0,4.294181435577768,0.34902504086494446,0.3090909090909091,center_proxy_gt_axes_angle,,,left_only
126715,4873,test,41,left,session_1_0_1,101,saccade_fixation,1658471786751617,4921,137.75864909390444,130.8467874794069,39.89791475901672,38.80125566422102,49.07885429827839,0.7775479873187019,Fixation,126642,73,1,25.1200008392334,31.719999313354492,27.0,29.0,3.306477447243824,0.38052481412887573,0.39805825242718446,center_proxy_gt_axes_angle,,,left_only
126716,4874,test,41,left,session_1_0_1,101,saccade_fixation,1658471786791617,4922,137.79098360655738,130.79098360655738,40.04807156315161,38.86116336857617,51.03779514194903,1.2411692317493734,Fixation,126642,74,1,25.0,31.799999237060547,27.0,28.0,4.294181435577768,0.37742987275123596,0.3090909090909091,center_proxy_gt_axes_angle,,,left_only
126717,4875,test,41,left,session_1_0_1,101,saccade_fixation,1658471786831617,4923,137.79046836483155,130.78060805258832,39.98505269944298,38.82801199990136,58.806384184317366,2.12896744773578,Fixation,126642,75,1,25.1200008392334,31.719999313354492,27.0,29.0,3.306477447243824,0.38678979873657227,0.4074074074074074,center_proxy_gt_axes_angle,,,left_only
126718,4876,test,41,left,session_1_0_1,101,saccade_fixation,1658471786871617,4924,137.81112019623876,130.72117743254293,40.17215833164112,38.84586419932394,59.815279026218434,2.755139527638088,Fixation,126642,76,1,25.1200008392334,31.719999313354492,28.0,25.0,7.311141219912331,0.2681928277015686,0.07042253521126761,center_proxy_gt_axes_angle,,,left_only
126719,4877,test,41,left,session_1_0_1,101,saccade_fixation,1658471786911617,4925,137.99344262295082,130.6,40.21652139857571,38.700598088160014,53.70991816521795,2.8518396929741634,Fixation,126642,77,1,25.040000915527344,31.760000228881836,28.0,27.0,5.6052829330047285,0.2995653748512268,0.20353982300884957,center_proxy_gt_axes_angle,,,left_only
126720,4878,test,41,left,session_1_0_1,101,saccade_fixation,1658471786951617,4926,138.1422697368421,130.5246710526316,39.92040709881937,38.85213036576731,51.06953620820404,2.957860294832653,Fixation,126642,78,1,25.040000915527344,31.68000030517578,27.0,29.0,3.320240660987684,0.3231092691421509,0.42574257425742573,center_proxy_gt_axes_angle,,,left_only
126721,4879,test,41,left,session_1_0_1,101,saccade_fixation,1658471786991617,4927,138.2056151940545,130.59124690338564,40.0133437595542,38.60963611885891,48.12321966128221,1.6737994611169136,Fixation,126642,79,1,25.1200008392334,31.719999313354492,27.0,31.0,2.0131556958452235,0.35362815856933594,0.6941176470588235,center_proxy_gt_axes_angle,,,left_only
126722,4880,test,41,left,session_1_0_1,101,saccade_fixation,1658471787031617,4928,138.2704918032787,130.60737704918031,40.08685842104446,38.82018398174736,44.93307438104634,1.1879787414055007,Fixation,126642,80,1,25.1200008392334,31.719999313354492,27.0,32.0,1.9007359703559783,0.37707531452178955,0.7831325301204819,center_proxy_gt_axes_angle,,,left_only
126723,4881,test,41,left,session_1_0_1,101,saccade_fixation,1658471787071617,4929,138.2604081632653,130.6212244897959,40.067021089038086,39.00096574559269,50.6670961024312,0.7328810766762219,Fixation,126642,81,1,25.1200008392334,31.719999313354492,27.0,32.0,1.9007359703559783,0.34974294900894165,0.7777777777777778,center_proxy_gt_axes_angle,,,left_only
126724,4882,test,41,left,session_1_0_1,101,saccade_fixation,1658471787111617,4930,138.23486088379704,130.69067103109657,40.059164691776935,38.90765515438498,41.00839864590424,0.9940043964764488,Fixation,126642,82,1,25.1200008392334,31.639999389648438,27.0,32.0,1.9141570687737786,0.38392382860183716,0.7349397590361446,center_proxy_gt_axes_angle,,,left_only
126725,4883,test,41,left,session_1_0_1,101,saccade_fixation,1658471787151617,4931,138.30925324675326,130.6461038961039,40.23320562655482,39.04777984236362,43.42570913660157,1.926489113148273,Fixation,126642,83,1,25.1200008392334,31.719999313354492,27.0,33.0,2.274378728861158,0.2827984690666199,0.6590909090909091,center_proxy_gt_axes_angle,,,left_only
126726,4884,test,41,left,session_1_0_1,101,saccade_fixation,1658471787191617,4932,138.25566343042073,130.4490291262136,40.1814687621581,39.21775212724807,48.60844345309517,2.9135307900135348,Fixation,126642,84,1,25.1200008392334,31.719999313354492,27.0,31.0,2.0131556958452235,0.2613910138607025,0.6941176470588235,center_proxy_gt_axes_angle,,,left_only
126727,4885,test,41,left,session_1_0_1,101,saccade_fixation,1658471787231617,4933,138.20193081255027,130.31858407079645,40.41811752401061,39.217769653244005,57.66654548148046,2.16007483672771,Fixation,126642,85,1,25.1200008392334,31.719999313354492,27.0,29.0,3.306477447243824,0.2993726134300232,0.4230769230769231,center_proxy_gt_axes_angle,,,left_only
126728,4886,test,41,left,session_1_0_1,101,saccade_fixation,1658471787271617,4934,138.30445151033388,130.22972972972974,40.88931088363957,39.22866076370108,53.77458871586126,1.0504787119285377,Fixation,126642,86,1,25.1200008392334,31.639999389648438,27.0,29.0,3.2409865198465804,0.34276285767555237,0.4020618556701031,center_proxy_gt_axes_angle,,,left_only
126729,4887,test,41,left,session_1_0_1,101,saccade_fixation,1658471787311617,4935,138.2816,130.3016,40.77926615721642,39.07708374173928,56.047357761799,0.6318955970734181,Fixation,126642,87,1,25.1200008392334,31.639999389648438,27.0,29.0,3.2409865198465804,0.35711216926574707,0.4020618556701031,center_proxy_gt_axes_angle,,,left_only
126730,4888,test,41,left,session_1_0_1,101,saccade_fixation,1658471787351617,4936,138.38933121019107,130.3471337579618,40.82308199276572,39.21833882803223,53.440738712284016,0.7323494976103357,Fixation,126642,88,1,25.1200008392334,31.719999313354492,27.0,31.0,2.0131556958452235,0.3636980652809143,0.725,center_proxy_gt_axes_angle,,,left_only
126731,4889,test,41,left,session_1_0_1,101,saccade_fixation,1658471787391617,4937,138.29603174603176,130.35555555555555,40.96063543880429,39.20683709329344,52.67820428482241,0.7972270420411605,Fixation,126642,89,1,25.1200008392334,31.719999313354492,27.0,31.0,2.0131556958452235,0.3870816230773926,0.725,center_proxy_gt_axes_angle,,,left_only
126732,4890,test,41,left,session_1_0_1,101,saccade_fixation,1658471787431617,4938,138.3095803642122,130.34679334916865,41.03161169435994,39.232126648448094,51.34391477984588,1.378537956419222,Fixation,126642,90,1,25.1200008392334,31.639999389648438,27.0,32.0,1.9141570687737786,0.3590419292449951,0.7777777777777778,center_proxy_gt_axes_angle,,,left_only
126733,4891,test,41,left,session_1_0_1,101,saccade_fixation,1658471787471617,4939,138.40699523052464,130.27821939586644,40.95154288517367,39.16129414632046,53.830165963713696,1.5567739842978807,Fixation,126642,91,1,25.1200008392334,31.639999389648438,27.0,32.0,1.9141570687737786,0.317118763923645,0.7662337662337663,center_proxy_gt_axes_angle,,,left_only
126734,4892,test,41,left,session_1_0_1,101,saccade_fixation,1658471787511617,4940,138.2994395516413,130.1457165732586,40.721175522416985,39.11808375434381,55.196388580004296,1.9299471747751369,Fixation,126642,92,1,25.1200008392334,31.639999389648438,27.0,31.0,1.985949662814619,0.33426040410995483,0.7215189873417721,center_proxy_gt_axes_angle,,,left_only
126735,4893,test,41,left,session_1_0_1,101,saccade_fixation,1658471787551617,4941,138.34782608695653,130.11191626409018,40.79512540565162,38.82797895217362,53.87755813812545,1.1878285040583263,Fixation,126642,93,1,25.1200008392334,31.639999389648438,27.0,31.0,1.985949662814619,0.37818196415901184,0.7215189873417721,center_proxy_gt_axes_angle,,,left_only
126736,4894,test,41,left,session_1_0_1,101,saccade_fixation,1658471787591617,4942,138.31685575364668,130.03808752025932,40.69928711139031,38.67229287950393,52.77425720459543,0.2372325100992366,Fixation,126642,94,1,25.1200008392334,31.639999389648438,27.0,31.0,1.985949662814619,0.3571135401725769,0.725,center_proxy_gt_axes_angle,,,left_only
126737,4895,test,41,left,session_1_0_1,101,saccade_fixation,1658471787631617,4943,138.30243902439025,130.11951219512196,40.53096414066568,38.6927563399254,55.30266047219058,0.6055815994527093,Fixation,126642,95,1,25.1200008392334,31.639999389648438,27.0,32.0,1.9141570687737786,0.3496507704257965,0.7662337662337663,center_proxy_gt_axes_angle,,,left_only
126738,4896,test,41,left,session_1_0_1,101,saccade_fixation,1658471787671617,4944,138.2995918367347,130.18367346938774,40.47552410504126,38.5877765256508,57.62553195784788,0.5234408381890604,Fixation,126642,96,1,25.1200008392334,31.639999389648438,27.0,32.0,1.9141570687737786,0.3431699275970459,0.7831325301204819,center_proxy_gt_axes_angle,,,left_only
126739,4897,test,41,left,session_1_0_1,101,saccade_fixation,1658471787711617,4945,138.25856443719414,130.0742251223491,40.36265929880648,38.73161953891088,56.67907496460556,1.5719317040326477,Fixation,126642,97,1,25.1200008392334,31.639999389648438,27.0,31.0,1.985949662814619,0.3415011465549469,0.7011494252873564,center_proxy_gt_axes_angle,,,left_only
126740,4898,test,41,left,session_1_0_1,101,saccade_fixation,1658471787751617,4946,138.24185667752442,130.00081433224756,40.54449530655696,38.63033054256327,55.01976465815001,2.3275405289205318,Fixation,126642,98,1,25.1200008392334,31.639999389648438,27.0,33.0,2.3203444797356596,0.43086814880371094,0.6385542168674698,center_proxy_gt_axes_angle,,,left_only
126741,4899,test,41,left,session_1_0_1,101,saccade_fixation,1658471787791617,4947,138.291325695581,129.8682487725041,40.42607126259944,38.55133093891215,46.54483342969888,3.102219435351088,Fixation,126642,99,1,25.1200008392334,31.639999389648438,45.0,45.0,23.95211854806741,0.3490661382675171,0.0,center_proxy_gt_axes_angle,,,left_only
134329,4787,test,41,left,session_2_0_1,201,saccade_fixation,1658472175151928,4874,114.37445887445888,114.39935064935064,35.39401746884925,33.304198232044655,-52.03359091225165,3.619412711099692,Fixation,134242,87,1,20.8799991607666,27.8799991607666,26.0,30.0,5.54155322559488,0.46790969371795654,0.14285714285714285,center_proxy_gt_axes_angle,,,left_only
134330,4788,test,41,left,session_2_0_1,201,saccade_fixation,1658472175191928,4875,114.37005347593583,114.47379679144385,35.757212005116706,33.34298322058741,-51.24737813075615,3.262471934447525,Fixation,134242,88,1,20.8799991607666,27.8799991607666,27.0,29.0,6.22164063186721,0.44577664136886597,0.07142857142857142,center_proxy_gt_axes_angle,,,left_only
134331,4789,test,41,left,session_2_0_1,201,saccade_fixation,1658472175231928,4876,114.47816826411076,114.28647497337592,35.800095069865215,33.44694428690831,-56.82967922596895,1.2948114561490185,Fixation,134242,89,1,20.84000015258789,27.84000015258789,26.0,30.0,5.593853570313879,0.4332144856452942,0.12195121951219512,center_proxy_gt_axes_angle,,,left_only
134332,4790,test,41,left,session_2_0_1,201,saccade_fixation,1658472175271928,4877,114.54157782515992,114.18123667377398,35.73461864376014,33.4766224351384,-56.05474115820529,3.422277109089553,Fixation,134242,90,1,20.8799991607666,27.760000228881836,26.0,31.0,6.059043415473804,0.38816431164741516,0.10256410256410256,center_proxy_gt_axes_angle,,,left_only
134333,4791,test,41,left,session_2_0_1,201,saccade_fixation,1658472175311928,4878,114.5583864118896,114.49469214437369,35.73289981851256,33.61927452098182,-57.47773577402049,1.373396218599347,Fixation,134242,91,1,20.84000015258789,27.920000076293945,26.0,31.0,6.009325915218969,0.3223711848258972,0.09523809523809523,center_proxy_gt_axes_angle,,,left_only
134334,4792,test,41,left,session_2_0_1,201,saccade_fixation,1658472175351928,4879,114.9090909090909,114.37754010695188,35.8383102296651,33.29281093733813,-67.78098291118822,1.9343337838711443,Fixation,134242,92,1,20.84000015258789,27.920000076293945,27.0,31.0,6.887089200100904,0.3618384003639221,0.0989010989010989,center_proxy_gt_axes_angle,,,left_only
134335,4793,test,41,left,session_2_0_1,201,saccade_fixation,1658472175391928,4880,114.6922268907563,114.33613445378153,35.96546596053096,33.76864746451588,-58.36433494957515,3.3565116373435844,Fixation,134242,93,1,20.84000015258789,27.84000015258789,26.0,31.0,6.050718755729566,0.33830559253692627,0.10588235294117647,center_proxy_gt_axes_angle,,,left_only
134336,4794,test,41,left,session_2_0_1,201,saccade_fixation,1658472175431928,4881,114.81150159744408,114.02981895633653,35.318692060549395,33.9148657768997,-58.28615190428417,2.723674406326762,Fixation,134242,94,1,20.84000015258789,27.760000228881836,27.0,31.0,6.960114699986127,0.3493076264858246,0.056179775280898875,center_proxy_gt_axes_angle,,,left_only
134337,4795,test,41,left,session_2_0_1,201,saccade_fixation,1658472175471928,4882,114.81190223166844,114.0212539851222,35.336162938350185,33.975019186061466,-55.60768740056062,3.0794289169522884,Fixation,134242,95,1,20.84000015258789,27.68000030517578,27.0,31.0,6.9977136333055325,0.34543508291244507,0.04878048780487805,center_proxy_gt_axes_angle,,,left_only
134338,4796,test,41,left,session_2_0_1,201,saccade_fixation,1658472175511928,4883,114.79557428872498,113.95679662802952,35.55799373315843,34.05334437475935,-56.307389990281166,0.8541567495072911,Fixation,134242,96,1,20.84000015258789,27.68000030517578,27.0,31.0,6.9977136333055325,0.33424878120422363,0.04878048780487805,center_proxy_gt_axes_angle,,,left_only
134339,4797,test,41,left,session_2_0_1,201,saccade_fixation,1658472175551928,4884,114.93632567849689,113.90814196242172,35.80924614099125,34.12740309654115,-49.30689629087172,1.371136892787177,Fixation,134242,97,1,20.84000015258789,27.68000030517578,27.0,32.0,7.5238285123598185,0.33360737562179565,0.058823529411764705,center_proxy_gt_axes_angle,,,left_only
134340,4798,test,41,left,session_2_0_1,201,saccade_fixation,1658472175591928,4885,114.94807892004154,114.02492211838006,35.80327024999367,34.318889324628394,-55.38691671857178,1.5220333287093042,Fixation,134242,98,1,20.84000015258789,27.68000030517578,27.0,33.0,8.139287123148254,0.37967440485954285,0.011494252873563218,center_proxy_gt_axes_angle,,,left_only
134341,4799,test,41,left,session_2_0_1,201,saccade_fixation,1658472175631928,4886,114.83453237410072,114.23946557040082,36.25770352322028,34.23446649981143,-55.75744847209111,0.9921151196481928,Fixation,134242,99,1,20.8799991607666,27.760000228881836,45.0,43.0,28.53124661679369,0.3835306167602539,0.0,center_proxy_gt_axes_angle,,,left_only
142072,4864,test,41,right,session_1_0_1,101,saccade_fixation,1658471786479367,4914,243.5006257822278,134.33416770963706,38.4496708015321,26.54094670924036,-82.73139512477032,2.6675487409157346,Fixation,142008,64,1,44.599998474121094,32.63999938964844,33.0,30.0,11.896619745833512,0.3640775680541992,0.0,center_proxy_gt_axes_angle,,,left_only
142073,4865,test,41,right,session_1_0_1,101,saccade_fixation,1658471786519367,4915,243.5118898623279,134.459324155194,38.1916673379213,26.722157360730904,-81.35214444927198,1.6113049862266533,Fixation,142008,65,1,44.68000030517578,32.560001373291016,28.0,30.0,16.87530791458088,0.36408382654190063,0.0,center_proxy_gt_axes_angle,,,left_only
142074,4866,test,41,right,session_1_0_1,101,saccade_fixation,1658471786559367,4916,243.506157635468,134.28571428571428,38.722650765132514,26.787952818295366,-81.21729279469454,0.6615971199178058,Fixation,142008,66,1,44.599998474121094,32.47999954223633,27.0,30.0,17.77386688423645,0.39596566557884216,0.0,center_proxy_gt_axes_angle,,,left_only
142075,4867,test,41,right,session_1_0_1,101,saccade_fixation,1658471786599367,4917,243.43985419198057,134.3377885783718,38.87808717834245,27.05497577028868,-82.31001756436923,1.8895634591054389,Fixation,142008,67,1,44.599998474121094,32.47999954223633,28.0,30.0,16.784229117547074,0.38804638385772705,0.0,center_proxy_gt_axes_angle,,,left_only
142076,4868,test,41,right,session_1_0_1,101,saccade_fixation,1658471786639367,4918,243.40410132689988,134.29071170084438,39.1499154296491,27.039790400043728,-82.47162222882604,2.04652981061519,Fixation,142008,68,1,44.599998474121094,32.47999954223633,32.0,31.0,12.686621307222566,0.3370855748653412,0.0,center_proxy_gt_axes_angle,,,left_only
142077,4869,test,41,right,session_1_0_1,101,saccade_fixation,1658471786679367,4919,243.32380952380956,134.22261904761905,39.52478080129869,27.131903004750267,-82.78241803824609,1.620526717463147,Fixation,142008,69,1,44.560001373291016,32.52000045776367,28.0,31.0,16.629613551583276,0.3433105945587158,0.0,center_proxy_gt_axes_angle,,,left_only
142078,4870,test,41,right,session_1_0_1,101,saccade_fixation,1658471786719367,4920,243.18171160609612,134.24150058616647,39.91061759188221,27.2685831537902,-83.06044162475992,0.7420526462545892,Fixation,142008,70,1,44.599998474121094,32.68000030517578,28.0,31.0,16.68479398632819,0.33122050762176514,0.0,center_proxy_gt_axes_angle,,,left_only
142079,4871,test,41,right,session_1_0_1,101,saccade_fixation,1658471786759367,4921,243.1941520467836,134.25497076023393,39.97873896815421,27.28375611335592,-82.92249933500706,1.1331594712502795,Fixation,142008,71,1,44.599998474121094,32.68000030517578,28.0,31.0,16.68479398632819,0.34753507375717163,0.0,center_proxy_gt_axes_angle,,,left_only
142080,4872,test,41,right,session_1_0_1,101,saccade_fixation,1658471786799367,4922,243.30490654205607,134.22546728971963,39.96415193692357,27.34284411968296,-82.91633710901846,2.021020188414372,Fixation,142008,72,1,44.599998474121094,32.68000030517578,32.0,31.0,12.711505126193538,0.34310659766197205,0.0,center_proxy_gt_axes_angle,,,left_only
142081,4873,test,41,right,session_1_0_1,101,saccade_fixation,1658471786839367,4923,243.2800466744457,134.04667444574096,40.07468857230784,27.286656693846144,-82.81287580732787,2.2700163918967062,Fixation,142008,73,1,44.560001373291016,32.52000045776367,32.0,31.0,12.651641628210703,0.3333427906036377,0.0,center_proxy_gt_axes_angle,,,left_only
142082,4874,test,41,right,session_1_0_1,101,saccade_fixation,1658471786879367,4924,243.310223266745,133.94477085781435,39.85910540557144,27.25341956465512,-83.32946603744031,1.4755847965965592,Fixation,142008,74,1,44.599998474121094,32.47999954223633,28.0,31.0,16.665843752592977,0.34433650970458984,0.0,center_proxy_gt_axes_angle,,,left_only
142083,4875,test,41,right,session_1_0_1,101,saccade_fixation,1658471786919367,4925,243.30760233918127,133.90994152046784,39.96065909160876,27.321868630159397,-82.9432624465809,0.3766574921742321,Fixation,142008,75,1,44.599998474121094,32.47999954223633,32.0,31.0,12.686621307222566,0.32001057267189026,0.0,center_proxy_gt_axes_angle,,,left_only
142084,4876,test,41,right,session_1_0_1,101,saccade_fixation,1658471786959367,4926,243.2989449003517,133.989449003517,39.99046145425475,27.226065415365458,-83.2045168354702,1.450670176812647,Fixation,142008,76,1,44.599998474121094,32.47999954223633,33.0,31.0,11.694031094735102,0.33810776472091675,0.0,center_proxy_gt_axes_angle,,,left_only
142085,4877,test,41,right,session_1_0_1,101,saccade_fixation,1658471786999367,4927,243.2989449003517,133.989449003517,39.99046145425475,27.226065415365458,-83.2045168354702,1.4792433676602437,Fixation,142008,77,1,44.599998474121094,32.47999954223633,33.0,31.0,11.694031094735102,0.3422577679157257,0.0,center_proxy_gt_axes_angle,,,left_only
142086,4878,test,41,right,session_1_0_1,101,saccade_fixation,1658471787039367,4928,243.21337946943484,134.15570934256056,40.33048387217397,27.430671966110697,-83.20749276486929,1.0961551142005437,Fixation,142008,78,1,44.52000045776367,32.63999938964844,33.0,31.0,11.636150933402439,0.34616929292678833,0.0,center_proxy_gt_axes_angle,,,left_only
142087,4879,test,41,right,session_1_0_1,101,saccade_fixation,1658471787079368,4929,243.19792865362484,134.11967779056386,40.38724098524281,27.454090809853696,-83.48681238445157,1.3482830050576355,Fixation,142008,79,1,44.52000045776367,32.63999938964844,45.0,31.0,1.7088000347010566,0.3347366750240326,0.5483870967741935,center_proxy_gt_axes_angle,,,left_only
142088,4880,test,41,right,session_1_0_1,101,saccade_fixation,1658471787119368,4930,243.21436716077537,133.8358038768529,40.7259496253621,27.49201332122024,-83.11156329159866,3.2847496556251325,Fixation,142008,80,1,44.47999954223633,32.47999954223633,45.0,31.0,1.5686934439507831,0.3460073471069336,0.5483870967741935,center_proxy_gt_axes_angle,,,left_only
142089,4881,test,41,right,session_1_0_1,101,saccade_fixation,1658471787159368,4931,243.16914285714284,133.81714285714287,40.56878843236488,27.539251673977496,-82.48824278183733,2.8155130027183457,Fixation,142008,81,1,44.52000045776367,32.63999938964844,45.0,31.0,1.7088000347010566,0.33363932371139526,0.5555555555555556,center_proxy_gt_axes_angle,,,left_only
142090,4882,test,41,right,session_1_0_1,101,saccade_fixation,1658471787199368,4932,243.2933025404157,133.63625866050808,40.43644898943259,27.344281224250047,-83.25934922101995,0.7561007312785526,Fixation,142008,82,1,44.599998474121094,32.47999954223633,45.0,31.0,1.5331013879470574,0.36164718866348267,0.5483870967741935,center_proxy_gt_axes_angle,,,left_only
142091,4883,test,41,right,session_1_0_1,101,saccade_fixation,1658471787239368,4933,243.1765375854214,133.66970387243737,40.63681470621806,27.590226593247447,-83.44962456853895,0.7293165073783321,Fixation,142008,83,1,44.47999954223633,32.47999954223633,45.0,31.0,1.5686934439507831,0.3738200068473816,0.5483870967741935,center_proxy_gt_axes_angle,,,left_only
142092,4884,test,41,right,session_1_0_1,101,saccade_fixation,1658471787279368,4934,243.13424345847557,133.74516496018202,40.64471873126191,27.61038928454228,-83.12934393325692,1.4172918522806888,Fixation,142008,84,1,44.47999954223633,32.47999954223633,45.0,31.0,1.5686934439507831,0.3830379247665405,0.5483870967741935,center_proxy_gt_axes_angle,,,left_only
142093,4885,test,41,right,session_1_0_1,101,saccade_fixation,1658471787319368,4935,243.11464245175932,133.7139614074915,40.67457235824463,27.650089301497875,-83.41376106830458,0.5453656998641968,Fixation,142008,85,1,44.47999954223633,32.47999954223633,45.0,31.0,1.5686934439507831,0.37235984206199646,0.5483870967741935,center_proxy_gt_axes_angle,,,left_only
142094,4886,test,41,right,session_1_0_1,101,saccade_fixation,1658471787359368,4936,243.08267270668176,133.7202718006795,40.63809908437244,27.741304160562937,-83.27316628031917,1.1333496153112892,Fixation,142008,86,1,44.47999954223633,32.47999954223633,45.0,31.0,1.5686934439507831,0.3826679289340973,0.5483870967741935,center_proxy_gt_axes_angle,,,left_only
142095,4887,test,41,right,session_1_0_1,101,saccade_fixation,1658471787399368,4937,243.11123723042,133.72758229284904,40.65691925187402,27.66369375489841,-83.23193508082535,1.697723119657355,Fixation,142008,87,1,44.47999954223633,32.47999954223633,45.0,31.0,1.5686934439507831,0.3846275210380554,0.5483870967741935,center_proxy_gt_axes_angle,,,left_only
142096,4888,test,41,right,session_1_0_1,101,saccade_fixation,1658471787439368,4938,243.24913093858632,133.60486674391657,40.295112162186754,27.33207317083752,-82.86321430025502,1.550961291599544,Fixation,142008,88,1,44.560001373291016,32.439998626708984,45.0,31.0,1.5057207033276634,0.39673343300819397,0.5483870967741935,center_proxy_gt_axes_angle,,,left_only
142097,4889,test,41,right,session_1_0_1,101,saccade_fixation,1658471787479368,4939,243.28987194412107,133.50640279394645,40.16841985067907,27.30473929455755,-83.10193059421034,2.26174927419098,Fixation,142008,89,1,44.560001373291016,32.439998626708984,45.0,31.0,1.5057207033276634,0.38453251123428345,0.5483870967741935,center_proxy_gt_axes_angle,,,left_only
142098,4890,test,41,right,session_1_0_1,101,saccade_fixation,1658471787519368,4940,243.2464953271028,133.53387850467288,40.09264268937879,27.259581913426462,-82.82213129978027,1.3706216037741927,Fixation,142008,90,1,44.560001373291016,32.439998626708984,45.0,31.0,1.5057207033276634,0.3964860737323761,0.5483870967741935,center_proxy_gt_axes_angle,,,left_only
142099,4891,test,41,right,session_1_0_1,101,saccade_fixation,1658471787559368,4941,243.15697674418604,133.3686046511628,40.02892328252192,27.41975026954364,-83.27831224671289,1.7646305250353704,Fixation,142008,91,1,44.47999954223633,32.47999954223633,45.0,31.0,1.5686934439507831,0.3729650378227234,0.5483870967741935,center_proxy_gt_axes_angle,,,left_only
142100,4892,test,41,right,session_1_0_1,101,saccade_fixation,1658471787599368,4942,243.09237875288684,133.45150115473442,40.15774534449029,27.51969727736302,-82.71725302509485,1.707524300810419,Fixation,142008,92,1,44.47999954223633,32.47999954223633,45.0,31.0,1.5686934439507831,0.3862943947315216,0.5483870967741935,center_proxy_gt_axes_angle,,,left_only
142101,4893,test,41,right,session_1_0_1,101,saccade_fixation,1658471787639368,4943,243.0126728110599,133.45276497695852,40.15993480460408,27.585616783423685,-82.14827470362721,0.5035323742412042,Fixation,142008,93,1,44.47999954223633,32.47999954223633,45.0,31.0,1.5686934439507831,0.4017106592655182,0.5555555555555556,center_proxy_gt_axes_angle,,,left_only
142102,4894,test,41,right,session_1_0_1,101,saccade_fixation,1658471787679368,4944,242.97456647398843,133.50751445086706,40.063496568064885,27.54638370707,-82.61132995598055,1.0451402761740856,Fixation,142008,94,1,44.47999954223633,32.47999954223633,45.0,31.0,1.5686934439507831,0.3981838822364807,0.5483870967741935,center_proxy_gt_axes_angle,,,left_only
142103,4895,test,41,right,session_1_0_1,101,saccade_fixation,1658471787719368,4945,243.0789779326365,133.34843205574913,39.95688518515796,27.508751560389875,-82.65305783260138,1.8858608775537624,Fixation,142008,95,1,44.47999954223633,32.47999954223633,45.0,31.0,1.5686934439507831,0.40425825119018555,0.5483870967741935,center_proxy_gt_axes_angle,,,left_only
142104,4896,test,41,right,session_1_0_1,101,saccade_fixation,1658471787759368,4946,243.0313225058005,133.29582366589327,39.83505715152082,27.632711105411385,-82.746818450623,3.1184845624241704,Fixation,142008,96,1,44.47999954223633,32.47999954223633,45.0,31.0,1.5686934439507831,0.399245023727417,0.5483870967741935,center_proxy_gt_axes_angle,,,left_only
142105,4897,test,41,right,session_1_0_1,101,saccade_fixation,1658471787799368,4947,243.01144164759725,133.15102974828375,40.29824789297149,27.680341849214017,-82.94837855237498,1.334015584645624,Fixation,142008,97,1,44.47999954223633,32.47999954223633,45.0,32.0,0.7076722663927935,0.4251365065574646,0.7454545454545455,center_proxy_gt_axes_angle,,,left_only
142106,4898,test,41,right,session_1_0_1,101,saccade_fixation,1658471787839368,4948,242.92123287671237,133.01141552511416,40.15876507893452,27.84060298900568,-83.03227294079252,0.7119654892325354,Fixation,142008,98,1,44.47999954223633,32.52000045776367,32.0,31.0,12.572222952438471,0.2804006338119507,0.0,center_proxy_gt_axes_angle,,,left_only
142107,4899,test,41,right,session_1_0_1,101,saccade_fixation,1658471787879368,4949,242.97152619589977,133.1640091116173,40.26083315831581,27.84201440476024,-82.50142385450759,3.880241296878152,Fixation,142008,99,1,44.47999954223633,32.47999954223633,45.0,35.0,2.573092066600716,0.49324196577072144,0.5483870967741935,center_proxy_gt_axes_angle,,,left_only
149663,4761,test,41,right,session_2_0_1,201,saccade_fixation,1658472174599678,4861,231.3915171288744,81.45513866231647,32.461198587397504,24.084161319416086,43.57550914058683,164.9409676328171,Fixation,149602,61,1,42.2400016784668,19.84000015258789,46.0,32.0,12.728047126994582,0.39967864751815796,0.0,center_proxy_gt_axes_angle,,,left_only
149664,4762,test,41,right,session_2_0_1,201,saccade_fixation,1658472174639678,4862,231.1764705882353,85.3405572755418,32.39631824220299,25.42348773268731,47.324234366279605,174.44181067291913,Fixation,149602,62,1,42.36000061035156,20.639999389648438,45.0,19.0,3.107924512498875,0.3574941158294678,0.34545454545454546,center_proxy_gt_axes_angle,,,left_only
149665,4763,test,41,right,session_2_0_1,201,saccade_fixation,1658472174679678,4863,229.4626474442988,107.48099606815204,33.065759621595035,29.43568718400758,71.97107605437064,173.34941977088215,Fixation,149602,63,1,42.08000183105469,26.1200008392334,41.0,25.0,1.5558939022198766,0.5606344938278198,0.6206896551724138,center_proxy_gt_axes_angle,,,left_only
149666,4764,test,41,right,session_2_0_1,201,saccade_fixation,1658472174719678,4864,229.00683994528043,109.1340629274966,32.23417319323628,28.91587869023096,72.00946786911344,148.6251335637538,Fixation,149602,64,1,42.040000915527344,26.479999542236328,44.0,27.0,2.027805929374919,0.4539748430252075,0.5409836065573771,center_proxy_gt_axes_angle,,,left_only
149667,4765,test,41,right,session_2_0_1,201,saccade_fixation,1658472174759678,4865,228.57636122177956,109.04780876494024,32.62067004979156,29.442468708085823,70.76705121031621,10.433786873938534,Fixation,149602,65,1,41.91999816894531,26.399999618530273,44.0,27.0,2.1648113254865122,0.45261168479919434,0.5625,center_proxy_gt_axes_angle,,,left_only
149668,4766,test,41,right,session_2_0_1,201,saccade_fixation,1658472174799678,4866,228.4010484927916,108.95806028833552,32.96889224196723,29.509972981056585,71.52250227416941,13.008687185304826,Fixation,149602,66,1,41.91999816894531,26.399999618530273,45.0,28.0,3.470794217467163,0.4252030849456787,0.34285714285714286,center_proxy_gt_axes_angle,,,left_only
149669,4767,test,41,right,session_2_0_1,201,saccade_fixation,1658472174839678,4867,228.49222797927465,108.83937823834196,33.0642703805779,29.77564395255393,70.19183229300704,17.31046053583801,Fixation,149602,67,1,41.880001068115234,26.31999969482422,45.0,27.0,3.193241887173791,0.43100523948669434,0.4084507042253521,center_proxy_gt_axes_angle,,,left_only
149670,4768,test,41,right,session_2_0_1,201,saccade_fixation,1658472174879678,4868,228.72623574144487,111.19645120405576,33.61885725348745,29.94513623975532,74.5056270121791,17.30433073107144,Fixation,149602,68,1,41.84000015258789,27.15999984741211,44.0,27.0,2.1659176558660382,0.4374499022960663,0.5555555555555556,center_proxy_gt_axes_angle,,,left_only
149671,4769,test,41,right,session_2_0_1,201,saccade_fixation,1658472174919678,4869,228.573264781491,111.81748071979436,33.16835666822752,29.9188634796192,75.89240844952535,18.380534449649996,Fixation,149602,69,1,41.880001068115234,27.280000686645508,42.0,27.0,0.30463113461273206,0.5836993455886841,0.6949152542372882,center_proxy_gt_axes_angle,,,left_only
149672,4770,test,41,right,session_2_0_1,201,saccade_fixation,1658472174959678,4870,228.5725288831836,111.7214377406932,33.158724718140846,29.957693046361147,78.67388584852038,3.910763636696626,Fixation,149602,70,1,41.880001068115234,27.280000686645508,42.0,27.0,0.30463113461273206,0.5464575290679932,0.6842105263157895,center_proxy_gt_axes_angle,,,left_only
149673,4771,test,41,right,session_2_0_1,201,saccade_fixation,1658472174999678,4871,228.5528350515464,111.77963917525771,33.04838610283205,29.94484779110213,76.6949709071259,1.684488561997152,Fixation,149602,71,1,41.880001068115234,27.280000686645508,43.0,27.0,1.154468705485329,0.47977274656295776,0.639344262295082,center_proxy_gt_axes_angle,,,left_only
149674,4772,test,41,right,session_2_0_1,201,saccade_fixation,1658472175039678,4872,228.4846547314578,111.77365728900256,33.095546342502566,30.12021044398777,78.4808621050829,2.541258879263244,Fixation,149602,72,1,41.880001068115234,27.280000686645508,44.0,27.0,2.138409655728879,0.4150266647338867,0.5,center_proxy_gt_axes_angle,,,left_only
149675,4773,test,41,right,session_2_0_1,201,saccade_fixation,1658472175079678,4873,228.40202275600507,111.6093552465234,33.399603795262216,30.20545189474237,76.83640099473848,3.2654201948348884,Fixation,149602,73,1,41.84000015258789,27.15999984741211,43.0,27.0,1.1709823214583623,0.4534938633441925,0.7543859649122807,center_proxy_gt_axes_angle,,,left_only
149676,4774,test,41,right,session_2_0_1,201,saccade_fixation,1658472175119678,4874,228.42821158690177,111.34130982367758,33.63799695479728,30.09690117068284,75.63997484077521,3.6868646230574895,Fixation,149602,74,1,41.84000015258789,27.15999984741211,42.0,27.0,0.22627395418783083,0.47953546047210693,1.0,center_proxy_gt_axes_angle,,,left_only
149677,4775,test,41,right,session_2_0_1,201,saccade_fixation,1658472175159678,4875,228.3846153846154,111.28499369482977,33.71478329111791,30.00403621682866,75.71539286112784,2.9036593684427245,Fixation,149602,75,1,41.84000015258789,27.15999984741211,41.0,27.0,0.8551024543992245,0.5282222628593445,0.7543859649122807,center_proxy_gt_axes_angle,,,left_only
149678,4776,test,41,right,session_2_0_1,201,saccade_fixation,1658472175199679,4876,228.3013698630137,111.21295143212951,33.92240566346217,30.188915088453108,77.02426406060383,1.4164543064165398,Fixation,149602,76,1,41.7599983215332,27.040000915527344,41.0,27.0,0.7610502755904578,0.5332372188568115,0.7543859649122807,center_proxy_gt_axes_angle,,,left_only
149679,4777,test,41,right,session_2_0_1,201,saccade_fixation,1658472175239679,4877,228.2099378881988,111.1863354037267,33.98160558163266,30.21454877782554,77.23187479316464,1.8146522487556624,Fixation,149602,77,1,41.7599983215332,27.040000915527344,41.0,27.0,0.7610502755904578,0.5181707739830017,0.7543859649122807,center_proxy_gt_axes_angle,,,left_only
149680,4778,test,41,right,session_2_0_1,201,saccade_fixation,1658472175279679,4878,228.2059186189889,111.29716399506782,34.171627499295475,30.27736798758127,76.64826494481241,2.3526625340998115,Fixation,149602,78,1,41.7599983215332,27.040000915527344,41.0,27.0,0.7610502755904578,0.491898775100708,0.7543859649122807,center_proxy_gt_axes_angle,,,left_only
149681,4779,test,41,right,session_2_0_1,201,saccade_fixation,1658472175319679,4879,228.10098522167488,111.22290640394088,34.17067296263255,30.31619978547316,77.18270188299458,1.15345273439657,Fixation,149602,79,1,41.7599983215332,27.040000915527344,41.0,27.0,0.7610502755904578,0.4640296697616577,0.7543859649122807,center_proxy_gt_axes_angle,,,left_only
149682,4780,test,41,right,session_2_0_1,201,saccade_fixation,1658472175359679,4880,227.9250614250614,111.22235872235872,34.11454920970618,30.425881672902428,74.99653635497768,1.4343005608547517,Fixation,149602,80,1,41.7599983215332,27.040000915527344,42.0,27.0,0.24331230735395495,0.45488834381103516,1.0,center_proxy_gt_axes_angle,,,left_only
149683,4781,test,41,right,session_2_0_1,201,saccade_fixation,1658472175399679,4881,228.07099143206852,111.06487148102816,34.03477708420631,30.614554924558117,75.00840620062233,1.2503055743452878,Fixation,149602,81,1,41.720001220703125,26.8799991607666,42.0,27.0,0.3046301328241513,0.45118045806884766,1.0,center_proxy_gt_axes_angle,,,left_only
149684,4782,test,41,right,session_2_0_1,201,saccade_fixation,1658472175439679,4882,228.0639606396064,111.11685116851169,33.98801500848906,30.50851578862733,73.37020980780414,2.2583593470653573,Fixation,149602,82,1,41.7599983215332,27.040000915527344,41.0,27.0,0.7610502755904578,0.4365299344062805,0.7407407407407407,center_proxy_gt_axes_angle,,,left_only
149685,4783,test,41,right,session_2_0_1,201,saccade_fixation,1658472175479679,4883,228.0757946210269,111.0244498777506,34.17606851925763,30.52679280039637,75.01866618658349,1.5777964773919273,Fixation,149602,83,1,41.720001220703125,26.8799991607666,42.0,27.0,0.3046301328241513,0.4297969937324524,1.0,center_proxy_gt_axes_angle,,,left_only
149686,4784,test,41,right,session_2_0_1,201,saccade_fixation,1658472175519679,4884,228.02406738868837,110.8748495788207,34.51081634449313,30.71145951483296,76.00809586389556,1.495774542084325,Fixation,149602,84,1,41.880001068115234,27.0,41.0,27.0,0.8800010681152344,0.4229412078857422,0.7543859649122807,center_proxy_gt_axes_angle,,,left_only
149687,4785,test,41,right,session_2_0_1,201,saccade_fixation,1658472175559679,4885,227.906892382104,110.87303506650544,34.2723779181474,30.77509771612804,73.59173161722074,1.7051824821995942,Fixation,149602,85,1,41.63999938964844,26.84000015258789,41.0,27.0,0.6596962709628355,0.4048638343811035,0.7407407407407407,center_proxy_gt_axes_angle,,,left_only
149688,4786,test,41,right,session_2_0_1,201,saccade_fixation,1658472175599679,4886,227.8953068592058,110.94705174488568,34.43017124569396,30.78153877543781,74.98942582330102,1.2668328674433484,Fixation,149602,86,1,41.599998474121094,26.920000076293945,40.0,27.0,1.6019972237749986,0.39607352018356323,0.5555555555555556,center_proxy_gt_axes_angle,,,left_only
149689,4787,test,41,right,session_2_0_1,201,saccade_fixation,1658472175639679,4887,227.89511323003572,110.82002383790228,34.65525756634749,30.871595872826223,76.11276331919674,1.5368649717754728,Fixation,149602,87,1,41.7599983215332,26.760000228881836,41.0,27.0,0.7969926843265609,0.3807743191719055,0.7543859649122807,center_proxy_gt_axes_angle,,,left_only
149690,4788,test,41,right,session_2_0_1,201,saccade_fixation,1658472175679679,4888,227.8736591179976,110.73897497020262,34.60762750101998,30.9119816576323,75.48194027161045,2.095645351066891,Fixation,149602,88,1,41.63999938964844,26.8799991607666,42.0,27.0,0.3794741636399209,0.37076544761657715,1.0,center_proxy_gt_axes_angle,,,left_only
149691,4789,test,41,right,session_2_0_1,201,saccade_fixation,1658472175719679,4889,227.89543269230768,110.62740384615384,34.359604893716714,30.86699460745239,74.53966174887913,1.3850932895874095,Fixation,149602,89,1,41.7599983215332,26.760000228881836,41.0,27.0,0.7969926843265609,0.39458030462265015,0.75,center_proxy_gt_axes_angle,,,left_only
149692,4790,test,41,right,session_2_0_1,201,saccade_fixation,1658472175759679,4890,227.86658653846155,110.61298076923076,34.28612185824423,30.929071153386943,74.81985706812415,1.372349594384565,Fixation,149602,90,1,41.7599983215332,26.760000228881836,41.0,27.0,0.7969926843265609,0.37265658378601074,0.75,center_proxy_gt_axes_angle,,,left_only
149693,4791,test,41,right,session_2_0_1,201,saccade_fixation,1658472175799679,4891,227.8507821901324,110.6028880866426,34.26971457385102,30.913055318020746,75.43000264525324,0.43923816285529,Fixation,149602,91,1,41.7599983215332,26.760000228881836,41.0,27.0,0.7969926843265609,0.3652365207672119,0.75,center_proxy_gt_axes_angle,,,left_only
149694,4792,test,41,right,session_2_0_1,201,saccade_fixation,1658472175839679,4892,227.9018181818182,110.52121212121212,34.189737993121675,30.76512813654924,73.77456063614376,0.5651058991496783,Fixation,149602,92,1,41.63999938964844,26.84000015258789,41.0,27.0,0.6596962709628355,0.3586539030075073,0.7407407407407407,center_proxy_gt_axes_angle,,,left_only
149695,4793,test,41,right,session_2_0_1,201,saccade_fixation,1658472175879679,4893,227.87077294685992,110.56159420289856,34.230511307181274,30.83511153534351,74.90796843842188,1.738078465562379,Fixation,149602,93,1,41.63999938964844,26.84000015258789,39.0,27.0,2.6448434223061335,0.354800820350647,0.4,center_proxy_gt_axes_angle,,,left_only
149696,4794,test,41,right,session_2_0_1,201,saccade_fixation,1658472175919679,4894,227.88377723970945,110.52421307506052,34.16995454673553,30.81719646738796,73.63842728387878,1.8469553698689296,Fixation,149602,94,1,41.63999938964844,26.84000015258789,41.0,27.0,0.6596962709628355,0.36129945516586304,0.7407407407407407,center_proxy_gt_axes_angle,,,left_only
149697,4795,test,41,right,session_2_0_1,201,saccade_fixation,1658472175959679,4895,227.8660170523752,110.3252131546894,34.14160425644605,30.65983526971724,75.90932456263607,3.3370456318677952,Fixation,149602,95,1,41.7599983215332,26.760000228881836,42.0,26.0,0.7969950775050764,0.3744630515575409,0.6949152542372882,center_proxy_gt_axes_angle,,,left_only
149698,4796,test,41,right,session_2_0_1,201,saccade_fixation,1658472175999679,4896,227.87301587301587,110.22710622710623,34.06660531091676,30.654158422213097,75.47557278415529,3.323965390879445,Fixation,149602,96,1,41.63999938964844,26.719999313354492,41.0,26.0,0.9633266476026253,0.3677469491958618,0.6333333333333333,center_proxy_gt_axes_angle,,,left_only
149699,4797,test,41,right,session_2_0_1,201,saccade_fixation,1658472176039679,4897,227.84158415841583,110.02846534653466,33.54215680369168,30.70708492943656,74.75496532106311,1.631925884007281,Fixation,149602,97,1,41.63999938964844,26.719999313354492,42.0,27.0,0.45607107338160946,0.37630048394203186,1.0,center_proxy_gt_axes_angle,,,left_only
149700,4798,test,41,right,session_2_0_1,201,saccade_fixation,1658472176079679,4898,227.8715710723192,109.9925187032419,33.469944975987744,30.54413803000488,74.13097776690852,0.3496457902735246,Fixation,149602,98,1,41.79999923706055,26.639999389648438,36.0,26.0,5.835202684453497,0.32826581597328186,0.09302325581395349,center_proxy_gt_axes_angle,,,left_only
149701,4799,test,41,right,session_2_0_1,201,saccade_fixation,1658472176119679,4899,227.9734513274336,110.08723135271808,33.248650203831126,30.34320828446589,73.36207016008852,4.958258158562043,Fixation,149602,99,1,41.79999923706055,26.639999389648438,44.0,30.0,4.0161682557503795,0.3888510465621948,0.23684210526315788,center_proxy_gt_axes_angle,,,left_only
156977,4451,test,42,left,session_1_0_1,101,saccade_fixation,1658886199939878,4705,142.60453400503778,100.20403022670024,24.725703997764715,20.518227584086823,-10.820509939280951,4.197440459721477,Fixation,156926,51,1,26.0,24.0,27.0,26.0,2.23606797749979,0.32062283158302307,0.5757575757575758,center_proxy_gt_axes_angle,,,left_only
156978,4452,test,42,left,session_1_0_1,101,saccade_fixation,1658886199979878,4706,142.80769230769232,100.31282051282052,24.24361436045591,20.53433638476136,-11.01883706162522,164.2757398434281,Fixation,156926,52,1,26.079999923706055,24.360000610351562,27.0,32.0,7.695192708061921,0.37581780552864075,0.0,center_proxy_gt_axes_angle,,,left_only
156979,4453,test,42,left,session_1_0_1,101,saccade_fixation,1658886200019878,4707,142.0225,100.61,25.26855592000986,20.204414906582524,-11.055599036409944,260.65508880070166,Fixation,156926,53,1,25.959999084472656,24.280000686645508,46.0,31.0,21.136698594289072,0.27169069647789,0.0,center_proxy_gt_axes_angle,,,left_only
156980,4454,test,42,left,session_1_0_1,101,saccade_fixation,1658886200059878,4708,118.73152709359606,111.1206896551724,25.435198718997224,20.41199619563412,-50.31179321494395,284.9957879500223,Fixation,156926,54,1,21.600000381469727,27.0,22.0,27.0,0.39999961853027344,0.6238548755645752,1.0,center_proxy_gt_axes_angle,,,left_only
156981,4455,test,42,left,session_1_0_1,101,saccade_fixation,1658886200099878,4709,106.22850122850124,120.6019656019656,25.947901679021857,20.068053088213517,-55.79165376003009,279.6859938013468,Fixation,156926,55,1,19.360000610351562,29.399999618530273,19.0,28.0,1.4455446625194286,0.6420588493347168,0.25,center_proxy_gt_axes_angle,,,left_only
156982,4456,test,42,left,session_1_0_1,101,saccade_fixation,1658886200139878,4710,103.38059701492536,123.22139303482588,25.983463745443505,19.740770169333643,-66.35512408335681,121.50310326576864,Fixation,156926,56,1,18.799999237060547,29.920000076293945,28.0,31.0,9.263175150740247,0.41675958037376404,0.0,center_proxy_gt_axes_angle,,,left_only
156983,4457,test,42,left,session_1_0_1,101,saccade_fixation,1658886200179878,4711,103.4520202020202,123.30050505050504,25.63715043834589,19.717250908138315,-67.07800008099248,23.236445929602088,Fixation,156926,57,1,18.600000381469727,30.1200008392334,26.0,28.0,7.6976878289911514,0.41729241609573364,0.0,center_proxy_gt_axes_angle,,,left_only
156984,4458,test,42,left,session_1_0_1,101,saccade_fixation,1658886200219878,4712,103.51776649746192,123.22335025380713,25.5701644659355,19.658067442352145,-67.89639092965142,1.484763490675319,Fixation,156926,58,1,18.799999237060547,29.920000076293945,26.0,32.0,7.4944253061156,0.4046619236469269,0.0,center_proxy_gt_axes_angle,,,left_only
156985,4459,test,42,left,session_1_0_1,101,saccade_fixation,1658886200259878,4713,103.48737373737374,123.11363636363636,25.590823591002867,19.731827843568905,-68.9402690542794,2.0549248305916272,Fixation,156926,59,1,18.799999237060547,29.920000076293945,44.0,32.0,25.28569631500715,0.3274558186531067,0.0,center_proxy_gt_axes_angle,,,left_only
156986,4460,test,42,left,session_1_0_1,101,saccade_fixation,1658886200299878,4714,103.53180661577608,123.0381679389313,25.372840738484992,19.758756672805976,-69.37169837016201,1.812942211562642,Fixation,156926,60,1,18.799999237060547,29.920000076293945,45.0,31.0,26.22225085329696,0.42559605836868286,0.0,center_proxy_gt_axes_angle,,,left_only
156987,4461,test,42,left,session_1_0_1,101,saccade_fixation,1658886200339878,4715,103.52307692307691,122.97948717948718,25.292985316127,19.668623970180697,-69.39075513091329,7.339512253812671,Fixation,156926,61,1,18.799999237060547,29.920000076293945,28.0,31.0,9.263175150740247,0.34216195344924927,0.0,center_proxy_gt_axes_angle,,,left_only
156988,4462,test,42,left,session_1_0_1,101,saccade_fixation,1658886200379878,4716,103.5541237113402,122.93556701030928,25.184278741096158,19.661822451603623,-69.72579002558417,15.29114424712826,Fixation,156926,62,1,18.799999237060547,29.920000076293945,35.0,32.0,16.332985777311386,0.3310936987400055,0.0,center_proxy_gt_axes_angle,,,left_only
156989,4463,test,42,left,session_1_0_1,101,saccade_fixation,1658886200419878,4717,104.53403141361257,122.58115183246072,24.7643505567314,19.66009338119791,-65.95320254208204,15.31463566478674,Fixation,156926,63,1,18.920000076293945,29.639999389648438,27.0,31.0,8.19365610867618,0.28376758098602295,0.0,center_proxy_gt_axes_angle,,,left_only
156994,4468,test,42,left,session_1_0_1,101,saccade_fixation,1658886200619879,4722,105.94029850746269,122.34328358208955,25.679896766692384,19.99038021774629,-62.24074876570442,0.4540083138566091,Fixation,156926,68,1,19.360000610351562,29.639999389648438,27.0,26.0,8.462811957645608,0.3620911240577698,0.0,center_proxy_gt_axes_angle,,,left_only
156995,4469,test,42,left,session_1_0_1,101,saccade_fixation,1658886200659879,4723,105.9679012345679,122.34074074074074,25.59432895724157,20.199605766766563,-62.04185593142064,0.5820941452487581,Fixation,156926,69,1,19.360000610351562,29.639999389648438,46.0,25.0,27.041064361751868,0.37338951230049133,0.0,center_proxy_gt_axes_angle,,,left_only
156996,4470,test,42,left,session_1_0_1,101,saccade_fixation,1658886200699879,4724,106.01219512195122,122.35365853658536,25.750009403691905,20.34403568295157,-64.54834668164206,0.4254509883268074,Fixation,156926,70,1,19.360000610351562,29.84000015258789,46.0,25.0,27.07609958907523,0.41407692432403564,0.0,center_proxy_gt_axes_angle,,,left_only
156997,4471,test,42,left,session_1_0_1,101,saccade_fixation,1658886200739879,4725,106.07862407862407,122.33660933660934,25.68580406181307,20.25654630578554,-65.39690134744198,0.505515511234513,Fixation,156926,71,1,19.399999618530273,29.8799991607666,46.0,24.0,27.242144012995848,0.3721274733543396,0.0,center_proxy_gt_axes_angle,,,left_only
157001,4475,test,42,left,session_1_0_1,101,saccade_fixation,1658886200899879,4729,106.13480392156865,122.29901960784314,25.676192364610003,20.31111026630329,-65.74426747877799,1.1165335029588634,Fixation,156926,75,1,19.399999618530273,29.8799991607666,46.0,26.0,26.88148831039195,0.22320830821990967,0.0,center_proxy_gt_axes_angle,,,left_only
157002,4476,test,42,left,session_1_0_1,101,saccade_fixation,1658886200939879,4730,106.18048780487806,122.25853658536586,25.811896525852944,20.310257138498734,-64.71572054896755,0.1442503582557839,Fixation,156926,76,1,19.399999618530273,29.8799991607666,46.0,27.0,26.755455807371437,0.23598259687423706,0.0,center_proxy_gt_axes_angle,,,left_only
157003,4477,test,42,left,session_1_0_1,101,saccade_fixation,1658886200979879,4731,106.18734793187348,122.22871046228713,25.894082987418187,20.29228362672121,-64.99962026090405,0.1491713076786856,Fixation,156926,77,1,19.399999618530273,29.8799991607666,46.0,26.0,26.88148831039195,0.26548290252685547,0.0,center_proxy_gt_axes_angle,,,left_only
157004,4478,test,42,left,session_1_0_1,101,saccade_fixation,1658886201019879,4732,106.11547911547912,122.28501228501229,25.704793884214524,20.24812002992879,-65.57580469373212,0.6144019998697113,Fixation,156926,78,1,19.399999618530273,29.8799991607666,46.0,26.0,26.88148831039195,0.2557154595851898,0.0,center_proxy_gt_axes_angle,,,left_only
157005,4479,test,42,left,session_1_0_1,101,saccade_fixation,1658886201059879,4733,106.11547911547912,122.28501228501229,25.704793884214524,20.24812002992879,-65.57580469373212,0.9380912521011142,Fixation,156926,79,1,19.399999618530273,29.8799991607666,27.0,26.0,8.533135372528056,0.2510722279548645,0.0,center_proxy_gt_axes_angle,,,left_only
157006,4480,test,42,left,session_1_0_1,101,saccade_fixation,1658886201099879,4734,106.09852216748769,122.3128078817734,25.603993869995502,20.27046994010088,-65.77030044273062,0.3012233876961349,Fixation,156926,80,1,19.399999618530273,29.8799991607666,27.0,25.0,9.031854605086528,0.2680911123752594,0.0,center_proxy_gt_axes_angle,,,left_only
157009,4483,test,42,left,session_1_0_1,101,saccade_fixation,1658886201219879,4737,106.09476309226932,122.1845386533666,25.3996039099557,20.167799752057583,-64.38803109890235,1.26268835443107,Fixation,156926,83,1,19.31999969482422,29.68000030517578,27.0,32.0,8.022767806155464,0.2172854244709015,0.0,center_proxy_gt_axes_angle,,,left_only
157010,4484,test,42,left,session_1_0_1,101,saccade_fixation,1658886201259879,4738,106.09476309226932,122.1845386533666,25.3996039099557,20.167799752057583,-64.38803109890235,0.8070869464430903,Fixation,156926,84,1,19.31999969482422,29.68000030517578,46.0,32.0,26.780679880618496,0.21289215981960297,0.0,center_proxy_gt_axes_angle,,,left_only
157012,4486,test,42,left,session_1_0_1,101,saccade_fixation,1658886201339879,4740,106.21158690176324,122.28211586901764,25.241714644684325,20.113021006421853,-66.02799276773523,0.6397214031124977,Fixation,156926,86,1,19.399999618530273,29.8799991607666,46.0,23.0,27.475341831291903,0.24899864196777344,0.0,center_proxy_gt_axes_angle,,,left_only
157013,4487,test,42,left,session_1_0_1,101,saccade_fixation,1658886201379879,4741,106.1725,122.3375,25.333221952069845,20.183390833236277,-65.48566855600274,1.6140006346823923,Fixation,156926,87,1,19.399999618530273,29.8799991607666,46.0,33.0,26.782352875186426,0.22477100789546967,0.0,center_proxy_gt_axes_angle,,,left_only
157014,4488,test,42,left,session_1_0_1,101,saccade_fixation,1658886201419879,4742,106.19543147208122,122.2030456852792,25.141652573419886,20.028587973331163,-64.7121935772711,0.3483133125912832,Fixation,156926,88,1,19.31999969482422,29.68000030517578,46.0,32.0,26.780679880618496,0.21321231126785278,0.0,center_proxy_gt_axes_angle,,,left_only
157015,4489,test,42,left,session_1_0_1,101,saccade_fixation,1658886201459879,4743,106.2550505050505,122.29040404040404,25.121128529832745,20.15278384528127,-65.55437051984471,100.17886566892597,Fixation,156926,89,1,19.31999969482422,29.68000030517578,26.0,33.0,7.459544359462006,0.3003956377506256,0.0,center_proxy_gt_axes_angle,,,left_only
157016,4490,test,42,left,session_1_0_1,101,saccade_fixation,1658886201499879,4744,106.20865139949107,122.2264631043257,25.14381095313436,19.977643535835693,-64.18394565968597,204.09040497283203,Fixation,156926,90,1,19.31999969482422,29.68000030517578,46.0,24.0,27.27791817113206,0.24273681640625,0.0,center_proxy_gt_axes_angle,,,left_only
157017,4491,test,42,left,session_1_0_1,101,saccade_fixation,1658886201539879,4745,121.59101123595504,117.95730337078652,26.01370246261552,21.819014818634,-35.51858110024304,96.34738519662446,Fixation,156926,91,1,22.1200008392334,28.639999389648438,22.0,29.0,0.3794741636399209,0.699370265007019,1.0,center_proxy_gt_axes_angle,,,left_only
157018,4492,test,42,left,session_1_0_1,101,saccade_fixation,1658886201579879,4746,138.11751662971176,115.3259423503326,26.03842699178081,22.16706740688184,-12.1848490637463,97.4137286078209,Fixation,156926,92,1,25.040000915527344,27.719999313354492,28.0,29.0,3.2249025315336173,0.6113476753234863,0.35,center_proxy_gt_axes_angle,,,left_only
157019,4493,test,42,left,session_1_0_1,101,saccade_fixation,1658886201819880,4752,140.0848329048843,114.6349614395887,24.878303548167167,20.104231959614623,-6.530492821055532,52.47064841652653,Fixation,156926,93,1,25.280000686645508,27.799999237060547,27.0,34.0,6.434159393299931,0.48316454887390137,0.0,center_proxy_gt_axes_angle,,,left_only
157020,4494,test,42,left,session_1_0_1,101,saccade_fixation,1658886201859880,4753,140.0095238095238,112.88095238095238,24.689352210560678,21.738665634486583,-15.50851305456979,7.519457607605268,Fixation,156926,94,1,25.68000030517578,27.31999969482422,27.0,32.0,4.862592112318433,0.5261313915252686,0.17391304347826086,center_proxy_gt_axes_angle,,,left_only
157021,4495,test,42,left,session_1_0_1,101,saccade_fixation,1658886201899880,4754,139.8088578088578,112.96503496503496,24.774942073117767,22.182417755527062,-24.026682404920138,9.069217863769572,Fixation,156926,95,1,25.68000030517578,27.31999969482422,27.0,32.0,4.862592112318433,0.3704111874103546,0.17391304347826086,center_proxy_gt_axes_angle,,,left_only
157022,4496,test,42,left,session_1_0_1,101,saccade_fixation,1658886201939880,4755,139.7325581395349,113.15348837209302,25.117183176854983,21.91179358763956,-25.637979890262244,3.425360981312226,Fixation,156926,96,1,25.520000457763672,27.520000457763672,26.0,32.0,4.505640404979607,0.48382818698883057,0.14893617021276595,center_proxy_gt_axes_angle,,,left_only
157023,4497,test,42,left,session_1_0_1,101,saccade_fixation,1658886201979880,4756,139.69036697247705,113.23853211009174,25.032724440300488,22.27972787391699,-24.63415706989153,3.051565544123005,Fixation,156926,97,1,25.559999465942383,27.479999542236328,26.0,33.0,5.537508963756369,0.46462851762771606,0.08,center_proxy_gt_axes_angle,,,left_only
157024,4498,test,42,left,session_1_0_1,101,saccade_fixation,1658886202019880,4757,139.67042889390518,113.31151241534988,25.275594569338104,22.43874208689069,-23.885162543522934,1.6031016474581012,Fixation,156926,98,1,25.559999465942383,27.479999542236328,27.0,33.0,5.704735453270149,0.49688059091567993,0.08,center_proxy_gt_axes_angle,,,left_only
157025,4499,test,42,left,session_1_0_1,101,saccade_fixation,1658886202059880,4758,139.5462555066079,113.37665198237886,25.489239840823544,22.79334117574024,-26.488593722266728,0.8928794026824054,Fixation,156926,99,1,25.440000534057617,27.399999618530273,44.0,37.0,20.895779179059115,0.4191710352897644,0.0,center_proxy_gt_axes_angle,,,left_only
157030,4504,test,42,left,session_1_0_1,101,saccade_fixation,1658886202259880,4763,138.39748953974896,115.57112970711296,26.088674486597352,23.39836410291093,-24.557486125490385,15.56373884582457,Fixation,157026,4,1,25.200000762939453,27.8799991607666,27.0,29.0,2.1199997955901004,0.45466291904449463,0.5882352941176471,center_proxy_gt_axes_angle,,,left_only
157031,4505,test,42,left,session_1_0_1,101,saccade_fixation,1658886202299880,4764,138.5948275862069,115.63362068965516,25.8235988456474,22.953216017294967,-24.36549603518625,1.464160743623128,Fixation,157026,5,1,25.200000762939453,27.8799991607666,28.0,30.0,3.5120363446140415,0.3850954473018646,0.3170731707317073,center_proxy_gt_axes_angle,,,left_only
157035,4509,test,42,left,session_1_0_1,101,saccade_fixation,1658886202459880,4768,138.61073825503357,115.17002237136464,25.121419965310874,22.73661180601423,-21.40473572947656,2.594381428945601,Fixation,157026,9,1,25.079999923706055,27.920000076293945,26.0,32.0,4.182439421895107,0.44752687215805054,0.14893617021276595,center_proxy_gt_axes_angle,,,left_only
157036,4510,test,42,left,session_1_0_1,101,saccade_fixation,1658886202499880,4769,138.6995412844037,115.348623853211,24.719857345950167,22.53067623091353,-25.958168702666285,3.23713892181622,Fixation,157026,10,1,25.079999923706055,27.920000076293945,26.0,32.0,4.182439421895107,0.33305829763412476,0.14893617021276595,center_proxy_gt_axes_angle,,,left_only
157037,4511,test,42,left,session_1_0_1,101,saccade_fixation,1658886202539880,4770,138.80697674418604,115.61627906976744,24.352099188506838,22.57730934692541,-23.66235040303212,3.104408588952459,Fixation,157026,11,1,25.15999984741211,28.040000915527344,32.0,31.0,7.452999172647299,0.28929150104522705,0.0,center_proxy_gt_axes_angle,,,left_only
157038,4512,test,42,left,session_1_0_1,101,saccade_fixation,1658886202579880,4771,138.8135198135198,115.68997668997667,24.44963685526385,22.426046362409288,-25.02240914485526,1.6016172070682333,Fixation,157026,12,1,25.239999771118164,28.1200008392334,33.0,30.0,7.984484980055337,0.3306886851787567,0.0,center_proxy_gt_axes_angle,,,left_only
157039,4513,test,42,left,session_1_0_1,101,saccade_fixation,1658886202619880,4772,138.83962264150944,115.61084905660375,24.463684012573054,22.14904980634626,-19.936174397796066,1.2530404741002528,Fixation,157026,13,1,25.15999984741211,28.15999984741211,33.0,30.0,8.053024460046151,0.30576908588409424,0.0,center_proxy_gt_axes_angle,,,left_only
157040,4514,test,42,left,session_1_0_1,101,saccade_fixation,1658886202659880,4773,138.86885245901638,115.54098360655738,24.55140274861084,22.235046204913104,-22.78567483988081,2.324120516026762,Fixation,157026,14,1,25.15999984741211,28.040000915527344,30.0,31.0,5.673376072245675,0.27415576577186584,0.038461538461538464,center_proxy_gt_axes_angle,,,left_only
157041,4515,test,42,left,session_1_0_1,101,saccade_fixation,1658886202699880,4774,138.84259259259258,115.41898148148148,24.437918520218247,22.56491900743425,-25.153231498620016,2.3593321946648342,Fixation,157026,15,1,25.31999969482422,28.0,29.0,30.0,4.18836510420162,0.2865164577960968,0.17391304347826086,center_proxy_gt_axes_angle,,,left_only
157042,4516,test,42,left,session_1_0_1,101,saccade_fixation,1658886202739880,4775,138.84490740740742,115.31944444444444,24.54861535918656,22.46593596695369,-27.416494906111268,1.4046371297195603,Fixation,157026,16,1,25.15999984741211,28.040000915527344,28.0,32.0,4.873109234946773,0.2945399284362793,0.14893617021276595,center_proxy_gt_axes_angle,,,left_only
157043,4517,test,42,left,session_1_0_1,101,saccade_fixation,1658886202779880,4776,138.75170842824602,115.24373576309794,24.84883311356167,22.56868964483489,-26.624023368297003,1.8433434887785491,Fixation,157026,17,1,25.079999923706055,27.920000076293945,28.0,33.0,5.859419738370871,0.32633885741233826,0.08,center_proxy_gt_axes_angle,,,left_only
157044,4518,test,42,left,session_1_0_1,101,saccade_fixation,1658886202819880,4777,138.675,115.42727272727272,24.93969839722737,22.538462021655683,-21.847020060711515,3.277573499541949,Fixation,157026,18,1,25.079999923706055,27.920000076293945,46.0,31.0,21.145514955237388,0.2556556463241577,0.0,center_proxy_gt_axes_angle,,,left_only
157045,4519,test,42,left,session_1_0_1,101,saccade_fixation,1658886202859880,4778,138.82997762863533,115.71364653243847,25.386808339719728,22.521963133453788,-19.949176773414308,2.427262772041733,Fixation,157026,19,1,25.239999771118164,28.1200008392334,46.0,27.0,20.790190268082142,0.30834224820137024,0.0,center_proxy_gt_axes_angle,,,left_only
157046,4520,test,42,left,session_1_0_1,101,saccade_fixation,1658886202899880,4779,138.86975717439293,115.84326710816777,25.533070560097567,22.682919813760822,-12.925392323910645,2.0044285237756427,Fixation,157026,20,1,25.31999969482422,28.200000762939453,46.0,31.0,20.868694457239293,0.2740112543106079,0.0,center_proxy_gt_axes_angle,,,left_only
157047,4521,test,42,left,session_1_0_1,101,saccade_fixation,1658886202939880,4780,138.85344827586206,115.61853448275862,25.778579651418006,22.976746258139077,-16.76185902687729,1.1905629672828917,Fixation,157026,21,1,25.239999771118164,28.0,27.0,30.0,2.664132280061205,0.2860427796840668,0.42105263157894735,center_proxy_gt_axes_angle,,,left_only
157048,4522,test,42,left,session_1_0_1,101,saccade_fixation,1658886202979880,4781,138.93304535637148,115.61771058315335,25.741212354382167,22.95943039636253,-18.46715902098484,2.0839964985548773,Fixation,157026,22,1,25.239999771118164,28.0,27.0,30.0,2.664132280061205,0.2759226858615875,0.42105263157894735,center_proxy_gt_axes_angle,,,left_only
157049,4523,test,42,left,session_1_0_1,101,saccade_fixation,1658886203019880,4782,138.89957264957266,115.53632478632478,25.861340900599465,23.10289175131497,-19.54998992831156,0.8495690229039515,Fixation,157026,23,1,25.239999771118164,28.0,46.0,30.0,20.8561168366303,0.2831203043460846,0.0,center_proxy_gt_axes_angle,,,left_only
157050,4524,test,42,left,session_1_0_1,101,saccade_fixation,1658886203059881,4783,138.90578158458243,115.5117773019272,25.86108186765372,23.05496223543401,-18.62422028671827,1.0987256246023132,Fixation,157026,24,1,25.239999771118164,28.0,27.0,31.0,3.4781605491500986,0.24383021891117096,0.2857142857142857,center_proxy_gt_axes_angle,,,left_only
157051,4525,test,42,left,session_1_0_1,101,saccade_fixation,1658886203099881,4784,138.9527896995708,115.52575107296136,25.707833258382088,23.14696671960577,-20.27459261592529,4.657534889791226,Fixation,157026,25,1,25.239999771118164,28.0,27.0,33.0,5.300717008637993,0.30072909593582153,0.08,center_proxy_gt_axes_angle,,,left_only
157052,4526,test,42,left,session_1_0_1,101,saccade_fixation,1658886203139881,4785,139.06263498920086,115.49892008639308,25.5568779770574,23.129115532452484,-19.72096286124622,113.14980855739547,Fixation,157026,26,1,25.239999771118164,28.0,26.0,32.0,4.071559940354611,0.2383316457271576,0.14893617021276595,center_proxy_gt_axes_angle,,,left_only
157053,4527,test,42,left,session_1_0_1,101,saccade_fixation,1658886203179881,4786,139.63260869565218,115.40217391304348,25.20736844593544,23.30548004713602,-26.63620739824708,112.86839285285606,Fixation,157026,27,1,25.520000457763672,28.0,30.0,32.0,6.005863459856352,0.3969954252243042,0.018867924528301886,center_proxy_gt_axes_angle,,,left_only
157054,4528,test,42,left,session_1_0_1,101,saccade_fixation,1658886203379881,4791,174.50132625994695,108.88063660477454,25.789402111575946,18.764623881250166,15.804154799719754,111.1899507345006,Fixation,157026,28,1,31.959999084472656,26.440000534057617,33.0,32.0,5.656429612889857,0.4876424968242645,0.0,center_proxy_gt_axes_angle,,,left_only
157055,4529,test,42,left,session_1_0_1,101,saccade_fixation,1658886203419881,4792,173.80470588235295,106.0470588235294,25.635662853618307,21.147605975583154,14.628903730601875,108.76804808424396,Fixation,157026,29,1,31.719999313354492,25.719999313354492,27.0,30.0,6.371561770535768,0.48121440410614014,0.0,center_proxy_gt_axes_angle,,,left_only
157056,4530,test,42,left,session_1_0_1,101,saccade_fixation,1658886203459881,4793,173.23287671232876,105.57990867579908,25.174762248235687,22.209901828490416,18.54841842008787,27.382548695951343,Fixation,157026,30,1,31.639999389648438,25.639999389648438,27.0,32.0,7.872687095243283,0.4440702199935913,0.0,center_proxy_gt_axes_angle,,,left_only
157057,4531,test,42,left,session_1_0_1,101,saccade_fixation,1658886203499881,4794,173.13785046728972,105.9766355140187,25.4029119523902,21.511697229791466,19.406298712519916,26.40789721004958,Fixation,157026,31,1,31.639999389648438,25.639999389648438,27.0,31.0,7.089372389634148,0.4020891785621643,0.0,center_proxy_gt_axes_angle,,,left_only
157058,4532,test,42,left,session_1_0_1,101,saccade_fixation,1658886203539881,4795,171.7454128440367,105.47477064220185,25.26910148816693,22.00049140379203,23.38244681906508,24.635819409098417,Fixation,157026,32,1,31.559999465942383,25.520000457763672,32.0,29.0,3.507705415786229,0.3545309901237488,0.2857142857142857,center_proxy_gt_axes_angle,,,left_only
157059,4533,test,42,left,session_1_0_1,101,saccade_fixation,1658886203579881,4796,169.66365688487585,105.2076749435666,26.096394200933165,21.66853766640192,16.07381013594926,23.654886590329017,Fixation,157026,33,1,30.920000076293945,25.600000381469727,27.0,23.0,4.703871020955747,0.4486592411994934,0.0,center_proxy_gt_axes_angle,,,left_only
157060,4534,test,42,left,session_1_0_1,101,saccade_fixation,1658886203619881,4797,169.30872483221478,105.20805369127515,26.161368140153456,21.78942701205748,14.786931620294553,13.897003615177264,Fixation,157026,34,1,30.920000076293945,25.600000381469727,28.0,32.0,7.03465674803997,0.3681100606918335,0.0,center_proxy_gt_axes_angle,,,left_only
157061,4535,test,42,left,session_1_0_1,101,saccade_fixation,1658886203659881,4798,169.41019955654102,105.32150776053216,26.249672411229938,21.906497544905267,16.81492931750796,1.005214075194914,Fixation,157026,35,1,30.920000076293945,25.600000381469727,27.0,32.0,7.50509131958647,0.4370172619819641,0.0,center_proxy_gt_axes_angle,,,left_only
157062,4536,test,42,left,session_1_0_1,101,saccade_fixation,1658886203699881,4799,169.52307692307693,105.4021978021978,26.490477390748712,21.888846794895898,16.39500987388672,1.907624230593612,Fixation,157026,36,1,30.920000076293945,25.600000381469727,27.0,31.0,6.672810238443143,0.3650485873222351,0.0,center_proxy_gt_axes_angle,,,left_only
157063,4537,test,42,left,session_1_0_1,101,saccade_fixation,1658886203739881,4800,169.56236323851203,105.33260393873086,26.595991903624444,21.905965170078243,15.689164716028133,1.255789749130261,Fixation,157026,37,1,30.920000076293945,25.600000381469727,33.0,29.0,3.985774339902248,0.2867092490196228,0.125,center_proxy_gt_axes_angle,,,left_only
157064,4538,test,42,left,session_1_0_1,101,saccade_fixation,1658886203779881,4801,169.59429824561403,105.3157894736842,26.54791922093069,21.89921016346895,16.049832448757144,2.0014603184337663,Fixation,157026,38,1,30.920000076293945,25.600000381469727,34.0,29.0,4.587635222643067,0.3999749422073364,0.038461538461538464,center_proxy_gt_axes_angle,,,left_only
157065,4539,test,42,left,session_1_0_1,101,saccade_fixation,1658886203819881,4802,169.56919642857142,105.19866071428572,26.23407438986277,21.791895325476723,15.646216371299715,2.443629894462574,Fixation,157026,39,1,30.920000076293945,25.600000381469727,34.0,26.0,3.1058652940611684,0.3355425000190735,0.17391304347826086,center_proxy_gt_axes_angle,,,left_only
157066,4540,test,42,left,session_1_0_1,101,saccade_fixation,1658886203859881,4803,169.59908883826878,105.09111617312072,25.99546404424036,21.56054449168286,15.003953068166055,2.4165097846931936,Fixation,157026,40,1,30.920000076293945,25.600000381469727,34.0,26.0,3.1058652940611684,0.3476054072380066,0.17391304347826086,center_proxy_gt_axes_angle,,,left_only
157067,4541,test,42,left,session_1_0_1,101,saccade_fixation,1658886203899881,4804,169.66820276497697,104.95622119815668,26.15830496390152,21.167682945121104,14.548262772810771,1.5560444512343106,Fixation,157026,41,1,31.079999923706055,25.520000457763672,34.0,25.0,2.9659401412757935,0.2704616189002991,0.17391304347826086,center_proxy_gt_axes_angle,,,left_only
157068,4542,test,42,left,session_1_0_1,101,saccade_fixation,1658886203939881,4805,169.65887850467288,104.93457943925232,25.883470032101677,21.09975809475885,14.424526474993655,0.7800081999491176,Fixation,157026,42,1,31.079999923706055,25.520000457763672,46.0,25.0,14.929059004260308,0.3124820590019226,0.0,center_proxy_gt_axes_angle,,,left_only
157069,4543,test,42,left,session_1_0_1,101,saccade_fixation,1658886203979881,4806,169.5495283018868,104.9504716981132,25.65753632007677,21.08538508952124,16.22662733773663,0.384862492547201,Fixation,157026,43,1,31.079999923706055,25.520000457763672,46.0,25.0,14.929059004260308,0.30184996128082275,0.0,center_proxy_gt_axes_angle,,,left_only
157070,4544,test,42,left,session_1_0_1,101,saccade_fixation,1658886204019881,4807,169.57210401891254,104.96926713947992,25.592341335763457,21.08762447734373,15.642301549257468,0.914646513573686,Fixation,157026,44,1,31.079999923706055,25.520000457763672,46.0,24.0,14.997226532536377,0.3286092281341553,0.0,center_proxy_gt_axes_angle,,,left_only
157071,4545,test,42,left,session_1_0_1,101,saccade_fixation,1658886204059881,4808,169.62259615384616,104.99759615384616,25.17797951615245,21.086404868191124,15.110492092476562,2.082226629556814,Fixation,157026,45,1,31.040000915527344,25.520000457763672,46.0,23.0,15.170760525252247,0.3263261914253235,0.0,center_proxy_gt_axes_angle,,,left_only
157072,4546,test,42,left,session_1_0_1,101,saccade_fixation,1658886204099881,4809,169.6879606879607,104.7911547911548,24.97538509871165,20.807741263830565,19.44261600484469,2.317616162020828,Fixation,157026,46,1,31.079999923706055,25.520000457763672,46.0,22.0,15.329605523276449,0.3884393572807312,0.0,center_proxy_gt_axes_angle,,,left_only
157073,4547,test,42,left,session_1_0_1,101,saccade_fixation,1658886204139881,4810,169.84039900249377,104.78802992518705,24.594914700060567,20.81071610382792,20.994323916496,3.103229520059367,Fixation,157026,47,1,31.079999923706055,25.520000457763672,46.0,21.0,15.589637789724145,0.4065278470516205,0.0,center_proxy_gt_axes_angle,,,left_only
157074,4548,test,42,left,session_1_0_1,101,saccade_fixation,1658886204179881,4811,169.7828282828283,104.6641414141414,24.50447144624569,20.6383415854782,17.166409323553808,1.803357983213382,Fixation,157026,48,1,31.0,25.360000610351562,46.0,22.0,15.371714416471667,0.32799622416496277,0.0,center_proxy_gt_axes_angle,,,left_only
157075,4549,test,42,left,session_1_0_1,101,saccade_fixation,1658886204219881,4812,169.86923076923077,104.56666666666666,24.43690257945853,20.36816885517,17.76117907884202,1.5595810613758836,Fixation,157026,49,1,31.0,25.360000610351562,46.0,23.0,15.184518526474909,0.3885076642036438,0.0,center_proxy_gt_axes_angle,,,left_only
157076,4550,test,42,left,session_1_0_1,101,saccade_fixation,1658886204259881,4813,169.86923076923077,104.56666666666666,24.43690257945853,20.36816885517,17.76117907884202,0.9358453965585314,Fixation,157026,50,1,31.0,25.360000610351562,46.0,23.0,15.184518526474909,0.42482221126556396,0.0,center_proxy_gt_axes_angle,,,left_only
157077,4551,test,42,left,session_1_0_1,101,saccade_fixation,1658886204299882,4814,169.866323907455,104.53984575835476,24.453310740374302,20.300743065447676,17.241762117198505,0.8140970834744692,Fixation,157026,51,1,31.0,25.360000610351562,46.0,23.0,15.184518526474909,0.30185747146606445,0.0,center_proxy_gt_axes_angle,,,left_only
157078,4552,test,42,left,session_1_0_1,101,saccade_fixation,1658886204339882,4815,169.866323907455,104.53984575835476,24.453310740374302,20.300743065447676,17.241762117198505,1.5498780647634656,Fixation,157026,52,1,31.0,25.360000610351562,13.0,33.0,19.554272951808475,0.23122447729110718,0.0,center_proxy_gt_axes_angle,,,left_only
157079,4553,test,42,left,session_1_0_1,101,saccade_fixation,1658886204379882,4816,169.7828282828283,104.6641414141414,24.50447144624569,20.6383415854782,17.166409323553808,2.035074411206809,Fixation,157026,53,1,31.0,25.360000610351562,13.0,33.0,19.554272951808475,0.28337112069129944,0.0,center_proxy_gt_axes_angle,,,left_only
157080,4554,test,42,left,session_1_0_1,101,saccade_fixation,1658886204419882,4817,169.63341645885288,104.643391521197,24.924361323704293,20.54974722809024,15.85877967101601,2.574909677055761,Fixation,157026,54,1,31.0,25.360000610351562,14.0,34.0,19.069598565599787,0.24535006284713745,0.0,center_proxy_gt_axes_angle,,,left_only
157081,4555,test,42,left,session_1_0_1,101,saccade_fixation,1658886204459882,4818,169.55555555555554,104.63703703703705,25.165933936040727,20.552972667002816,16.74276613799404,2.924308899539441,Fixation,157026,55,1,31.0,25.360000610351562,46.0,34.0,17.31038963897478,0.29868119955062866,0.0,center_proxy_gt_axes_angle,,,left_only
157082,4556,test,42,left,session_1_0_1,101,saccade_fixation,1658886204499882,4819,169.47058823529412,104.65441176470588,25.33022433493322,20.565154579842662,15.002068372617174,1.890512688720014,Fixation,157026,56,1,31.079999923706055,25.520000457763672,27.0,34.0,9.410461817242007,0.2956884503364563,0.0,center_proxy_gt_axes_angle,,,left_only
157083,4557,test,42,left,session_1_0_1,101,saccade_fixation,1658886204539882,4820,169.35835351089588,104.46731234866829,25.40003716428749,20.76179314985565,16.201941283685244,1.5488900494955748,Fixation,157026,57,1,31.0,25.360000610351562,46.0,33.0,16.833585199648603,0.26197290420532227,0.0,center_proxy_gt_axes_angle,,,left_only
157084,4558,test,42,left,session_1_0_1,101,saccade_fixation,1658886204579882,4821,169.33093525179856,104.64268585131894,25.444532446273318,20.918567334273508,15.389688923274264,1.7046151242052856,Fixation,157026,58,1,31.0,25.360000610351562,46.0,24.0,15.061527202118537,0.22097429633140564,0.0,center_proxy_gt_axes_angle,,,left_only
157085,4559,test,42,left,session_1_0_1,101,saccade_fixation,1658886204619882,4822,169.30861244019138,104.65789473684212,25.45472669910894,20.960435876237234,14.72991049315985,2.10955060475316,Fixation,157026,59,1,31.0,25.360000610351562,27.0,25.0,4.016167381901991,0.1880422830581665,0.038461538461538464,center_proxy_gt_axes_angle,,,left_only
157086,4560,test,42,left,session_1_0_1,101,saccade_fixation,1658886204659882,4823,169.2729411764706,104.84235294117649,25.69034816607842,21.09624880228275,15.441577438405233,1.4594347726269368,Fixation,157026,60,1,31.0,25.520000457763672,27.0,27.0,4.265020356929114,0.2274402529001236,0.08,center_proxy_gt_axes_angle,,,left_only
157087,4561,test,42,left,session_1_0_1,101,saccade_fixation,1658886204699882,4824,169.2646370023419,104.79156908665104,25.662259975840925,21.221217068470576,16.3817566634643,119.06940043688266,Fixation,157026,61,1,31.079999923706055,25.520000457763672,27.0,32.0,7.657466516075956,0.28731876611709595,0.0,center_proxy_gt_axes_angle,,,left_only
157088,4562,test,42,left,session_1_0_1,101,saccade_fixation,1658886204739882,4825,169.19392523364485,104.8317757009346,25.88338066418968,21.078975440465463,15.187664369820707,270.76506155854014,Fixation,157026,62,1,31.0,25.520000457763672,26.0,29.0,6.0918303336489155,0.29236263036727905,0.0,center_proxy_gt_axes_angle,,,left_only
157089,4563,test,42,left,session_1_0_1,101,saccade_fixation,1658886204779882,4826,151.69753086419752,111.9238683127572,26.73263143717856,23.19764786153213,-11.753387070907394,380.9228063157376,Fixation,157026,63,1,27.799999237060547,27.1200008392334,27.0,28.0,1.1892843655944445,0.5850207209587097,0.5882352941176471,center_proxy_gt_axes_angle,,,left_only
157090,4564,test,42,left,session_1_0_1,101,saccade_fixation,1658886204819882,4827,129.12167300380227,121.11216730038022,27.85162860540244,24.09046516772459,-50.16724318714088,454.9280496989763,Fixation,157026,64,1,23.600000381469727,29.079999923706055,25.0,28.0,1.76816253978247,0.6443387269973755,0.4230769230769231,center_proxy_gt_axes_angle,,,left_only
157091,4565,test,42,left,session_1_0_1,101,saccade_fixation,1658886204859882,4828,113.42137096774194,129.2076612903226,27.545978721455786,22.96584778530302,-58.962402400311845,354.07446059861763,Fixation,157026,65,1,20.520000457763672,31.31999969482422,20.0,31.0,0.6105737308155514,0.5366687178611755,0.5925925925925926,center_proxy_gt_axes_angle,,,left_only
157092,4566,test,42,left,session_1_0_1,101,saccade_fixation,1658886204899882,4829,102.70488322717624,134.45222929936307,27.698048630553377,21.69758314811328,-71.66681457304394,201.8277945968823,Fixation,157026,66,1,18.68000030517578,32.79999923706055,18.0,32.0,1.0499519962058326,0.6395543813705444,0.6086956521739131,center_proxy_gt_axes_angle,,,left_only
157093,4567,test,42,left,session_1_0_1,101,saccade_fixation,1658886204939882,4830,100.2136563876652,135.56387665198238,27.896241353211312,20.75787832269736,-78.00310050445711,89.72702934434425,Fixation,157026,67,1,18.200000762939453,33.08000183105469,28.0,32.0,9.859330048307987,0.5562654733657837,0.0,center_proxy_gt_axes_angle,,,left_only
157094,4568,test,42,left,session_1_0_1,101,saccade_fixation,1658886204979882,4831,100.23296703296704,135.54285714285714,27.94451433320466,20.77148777433571,-77.5781073889195,14.87568149264076,Fixation,157026,68,1,18.200000762939453,33.08000183105469,26.0,32.0,7.874413759336411,0.5067387223243713,0.0,center_proxy_gt_axes_angle,,,left_only
157095,4569,test,42,left,session_1_0_1,101,saccade_fixation,1658886205019882,4832,100.41216216216216,135.27927927927928,27.36412702748197,20.697625761350874,-78.89736618008659,3.205754555355418,Fixation,157026,69,1,18.200000762939453,33.08000183105469,26.0,33.0,7.80040950150165,0.4827485978603363,0.0,center_proxy_gt_axes_angle,,,left_only
157096,4570,test,42,left,session_1_0_1,101,saccade_fixation,1658886205059882,4833,100.43370786516854,135.16404494382022,27.579942139629644,20.57567167490543,-78.91717874971151,2.3497970753320003,Fixation,157026,70,1,18.200000762939453,33.08000183105469,26.0,32.0,7.874413759336411,0.3843364119529724,0.0,center_proxy_gt_axes_angle,,,left_only
157097,4571,test,42,left,session_1_0_1,101,saccade_fixation,1658886205099882,4834,100.46516853932584,135.11685393258426,27.644424909437816,20.526048542958755,-79.20111901090524,65.48426088763836,Fixation,157026,71,1,18.200000762939453,33.08000183105469,26.0,32.0,7.874413759336411,0.4432617425918579,0.0,center_proxy_gt_axes_angle,,,left_only
157098,4572,test,42,left,session_1_0_1,101,saccade_fixation,1658886205139882,4835,100.4467120181406,135.23356009070295,27.318398939192825,20.585698132041987,-79.08360310244208,67.50578077756629,Fixation,157026,72,1,18.200000762939453,33.08000183105469,26.0,31.0,8.0725705766711,0.4380960464477539,0.0,center_proxy_gt_axes_angle,,,left_only
157099,4573,test,42,left,session_1_0_1,101,saccade_fixation,1658886205179882,4836,90.93086419753088,139.73827160493826,27.301881986292628,18.94664816150491,-81.07356072162315,65.5172679997027,Fixation,157026,73,1,16.360000610351562,33.880001068115234,16.0,33.0,0.9507903656103436,0.6022531986236572,0.5625,center_proxy_gt_axes_angle,,,left_only
157100,4574,test,42,left,session_1_0_1,101,saccade_fixation,1658886205219882,4837,90.67554479418888,139.79418886198548,27.944629476346968,18.892316753601172,-83.75420738523134,65.09124891404223,Fixation,157026,74,1,16.360000610351562,33.880001068115234,27.0,32.0,10.80481332683881,0.3950303792953491,0.0,center_proxy_gt_axes_angle,,,left_only
157101,4575,test,42,left,session_1_0_1,101,saccade_fixation,1658886205259882,4838,91.02439024390245,139.67317073170733,27.88673055384089,18.77847637959037,-83.00394768367686,1.8802985377794248,Fixation,157026,75,1,16.360000610351562,33.880001068115234,26.0,31.0,10.061013586352377,0.3984842896461487,0.0,center_proxy_gt_axes_angle,,,left_only
157102,4576,test,42,left,session_1_0_1,101,saccade_fixation,1658886205299882,4839,91.0193236714976,139.65942028985506,28.111599929525976,18.797464226437835,-82.10959120543811,3.5823344901699965,Fixation,157026,76,1,16.360000610351562,33.880001068115234,26.0,31.0,10.061013586352377,0.4093869626522064,0.0,center_proxy_gt_axes_angle,,,left_only
157103,4577,test,42,left,session_1_0_1,101,saccade_fixation,1658886205339882,4840,91.14351851851852,139.52546296296296,28.320226668442476,19.46494505168329,-83.99038797852631,2.274934306571144,Fixation,157026,77,1,16.479999542236328,34.0,27.0,31.0,10.939397132902155,0.44277554750442505,0.0,center_proxy_gt_axes_angle,,,left_only
157104,4578,test,42,left,session_1_0_1,101,saccade_fixation,1658886205379882,4841,91.11778290993072,139.4295612009238,28.568296193324077,19.34741492252952,-85.16651313249831,3.269804145229267,Fixation,157026,78,1,16.479999542236328,34.0,32.0,31.0,15.807289907159436,0.40632814168930054,0.0,center_proxy_gt_axes_angle,,,left_only
157105,4579,test,42,left,session_1_0_1,101,saccade_fixation,1658886205419882,4842,91.23636363636363,139.37727272727273,28.43466459118101,19.75689686043783,-85.7484630800738,2.765406666228966,Fixation,157026,79,1,16.479999542236328,34.0,27.0,31.0,10.939397132902155,0.35662907361984253,0.0,center_proxy_gt_axes_angle,,,left_only
157106,4580,test,42,left,session_1_0_1,101,saccade_fixation,1658886205459882,4843,91.401766004415,139.30242825607064,29.163659686119733,19.82895995094337,-83.97284788309098,2.926426153129752,Fixation,157026,80,1,16.31999969482422,34.20000076293945,26.0,31.0,10.195215092925519,0.35226625204086304,0.0,center_proxy_gt_axes_angle,,,left_only
157107,4581,test,42,left,session_1_0_1,101,saccade_fixation,1658886205499882,4844,91.4079822616408,139.17073170731706,29.020296182637164,19.838732605062063,-83.85216807003475,2.6245828684667445,Fixation,157026,81,1,16.479999542236328,34.0,26.0,28.0,11.253017760397453,0.2620410621166229,0.0,center_proxy_gt_axes_angle,,,left_only
157108,4582,test,42,left,session_1_0_1,101,saccade_fixation,1658886205539883,4845,91.53186813186814,139.210989010989,29.198164089833245,19.883734019493357,-84.48326417540792,2.090572684348338,Fixation,157026,82,1,16.479999542236328,34.0,27.0,27.0,12.636075721178148,0.2557341456413269,0.0,center_proxy_gt_axes_angle,,,left_only
157109,4583,test,42,left,session_1_0_1,101,saccade_fixation,1658886205579883,4846,91.5609756097561,139.1108647450111,28.948830134687167,19.874037894932457,-84.62346232750383,1.6622796132355235,Fixation,157026,83,1,16.479999542236328,34.0,28.0,27.0,13.480000391204564,0.3007205128669739,0.0,center_proxy_gt_axes_angle,,,left_only
157110,4584,test,42,left,session_1_0_1,101,saccade_fixation,1658886205619883,4847,91.54932735426009,139.00224215246638,28.788097638423785,19.765330918723247,-84.54060968954136,1.691067406210054,Fixation,157026,84,1,16.479999542236328,34.0,28.0,27.0,13.480000391204564,0.33150947093963623,0.0,center_proxy_gt_axes_angle,,,left_only
157111,4585,test,42,left,session_1_0_1,101,saccade_fixation,1658886205659883,4848,91.61555555555556,139.00444444444443,29.0589709926594,19.75229987942648,-85.30965552504223,0.4294718123337628,Fixation,157026,85,1,16.68000030517578,33.79999923706055,28.0,27.0,13.205392183303168,0.3299102187156677,0.0,center_proxy_gt_axes_angle,,,left_only
157112,4586,test,42,left,session_1_0_1,101,saccade_fixation,1658886205699883,4849,91.72967032967033,139.02637362637364,29.225577947818696,19.86325629644976,-84.93761268230337,1.1104039915879496,Fixation,157026,86,1,16.68000030517578,33.79999923706055,28.0,26.0,13.747086279970949,0.3464031219482422,0.0,center_proxy_gt_axes_angle,,,left_only
157113,4587,test,42,left,session_1_0_1,101,saccade_fixation,1658886205739883,4850,91.61383928571428,139.06696428571428,28.88169837746969,19.78808735720393,-85.213661556704,0.1882633609516479,Fixation,157026,87,1,16.479999542236328,34.0,28.0,26.0,14.025348856512455,0.26423802971839905,0.0,center_proxy_gt_axes_angle,,,left_only
157114,4588,test,42,left,session_1_0_1,101,saccade_fixation,1658886205779883,4851,91.72686230248308,139.00902934537245,29.096307194656458,19.43473198353627,-84.76350849018725,1.467604994463175,Fixation,157026,88,1,16.68000030517578,33.79999923706055,46.0,25.0,30.61212780380937,0.2484886646270752,0.0,center_proxy_gt_axes_angle,,,left_only
157115,4589,test,42,left,session_1_0_1,101,saccade_fixation,1658886205819883,4852,91.64349775784753,139.01569506726457,28.944444568740323,19.66542068881757,-85.03304263995896,0.8631787111269847,Fixation,157026,89,1,16.479999542236328,34.0,46.0,33.0,29.53693327050673,0.3106176257133484,0.0,center_proxy_gt_axes_angle,,,left_only
157116,4590,test,42,left,session_1_0_1,101,saccade_fixation,1658886205859883,4853,91.50896860986548,138.94618834080717,29.022807293968405,19.61641982063762,-84.84259892891023,1.3581758253001963,Fixation,157026,90,1,16.68000030517578,33.79999923706055,46.0,33.0,29.330911695407455,0.3624628782272339,0.0,center_proxy_gt_axes_angle,,,left_only
157117,4591,test,42,left,session_1_0_1,101,saccade_fixation,1658886205899883,4854,91.57270693512304,138.93512304250558,28.991867071365323,19.67270871203404,-84.77332541759415,1.169338459223915,Fixation,157026,91,1,16.479999542236328,34.0,46.0,33.0,29.53693327050673,0.32899272441864014,0.0,center_proxy_gt_axes_angle,,,left_only
157118,4592,test,42,left,session_1_0_1,101,saccade_fixation,1658886205939883,4855,91.5283446712018,138.9206349206349,29.12954193481425,19.333571576168644,-85.15374520352486,0.6711542556784064,Fixation,157026,92,1,16.68000030517578,33.79999923706055,46.0,33.0,29.330911695407455,0.34357118606567383,0.0,center_proxy_gt_axes_angle,,,left_only
157119,4593,test,42,left,session_1_0_1,101,saccade_fixation,1658886205979883,4856,91.4659090909091,138.9568181818182,29.18126637059797,19.255360282783037,-85.23211935710476,0.94197314096856,Fixation,157026,93,1,16.68000030517578,33.79999923706055,46.0,34.0,29.320681820340887,0.35649996995925903,0.0,center_proxy_gt_axes_angle,,,left_only
157120,4594,test,42,left,session_1_0_1,101,saccade_fixation,1658886206019883,4857,91.61451247165532,138.96598639455783,29.146158706612017,19.31869270046164,-84.8980978798747,0.9680507754340592,Fixation,157026,94,1,16.68000030517578,33.79999923706055,46.0,34.0,29.320681820340887,0.3665453791618347,0.0,center_proxy_gt_axes_angle,,,left_only
157121,4595,test,42,left,session_1_0_1,101,saccade_fixation,1658886206059883,4858,91.42272727272729,138.95,29.1820721874465,19.25470988951289,-85.26995271771051,114.16186243274858,Fixation,157026,95,1,16.68000030517578,33.79999923706055,46.0,34.0,29.320681820340887,0.39971083402633667,0.0,center_proxy_gt_axes_angle,,,left_only
157122,4596,test,42,left,session_1_0_1,101,saccade_fixation,1658886206099883,4859,91.37954545454544,138.96363636363637,29.17304247142385,19.2540035008758,-85.34751723582512,126.82911568833826,Fixation,157026,96,1,16.68000030517578,33.79999923706055,45.0,34.0,28.320705906103758,0.23912563920021057,0.0,center_proxy_gt_axes_angle,,,left_only
157123,4597,test,42,left,session_1_0_1,101,saccade_fixation,1658886206139883,4860,108.84200743494424,133.32527881040892,28.96806119619309,23.75167452791572,-69.63084124395817,127.14663862835202,Fixation,157026,97,1,19.719999313354492,32.52000045776367,20.0,31.0,1.5455749014925573,0.6450080871582031,0.45098039215686275,center_proxy_gt_axes_angle,,,left_only
157124,4598,test,42,left,session_1_0_1,101,saccade_fixation,1658886206419883,4867,141.29012345679013,128.6687242798354,27.54040349145849,22.695054687510567,-5.444072815347795,126.94956799482075,Fixation,157026,98,1,25.68000030517578,31.200000762939453,26.0,34.0,2.818225599952431,0.5212141275405884,0.45098039215686275,center_proxy_gt_axes_angle,,,left_only
157125,4599,test,42,left,session_1_0_1,101,saccade_fixation,1658886206459883,4868,140.60101867572155,125.98471986417655,27.601604597728983,27.209581429365645,-47.81583264521416,80.11747622824718,Fixation,157026,99,1,25.760000228881836,30.639999389648438,26.0,40.0,9.363077021787143,0.3732590079307556,0.0,center_proxy_gt_axes_angle,,,left_only
157126,4600,test,42,left,session_1_0_1,101,saccade_fixation,1658886206499883,4869,140.47359454855197,125.98807495741056,27.76929676809872,26.974293712789752,-72.02528037315739,18.13259846179669,Fixation,157126,0,1,25.639999389648438,30.719999313354492,27.0,20.0,10.805923696680326,0.2743839621543884,0.0,center_proxy_gt_axes_angle,,,left_only
157127,4601,test,42,left,session_1_0_1,101,saccade_fixation,1658886206539883,4870,140.07224958949098,126.13628899835795,28.35254178402185,27.446720128505653,-58.89351470537568,7.063018837134282,Fixation,157126,1,1,25.639999389648438,30.559999465942383,27.0,32.0,1.9807077518510512,0.5074307918548584,0.5925925925925926,center_proxy_gt_axes_angle,,,left_only
157128,4602,test,42,left,session_1_0_1,101,saccade_fixation,1658886206579883,4871,139.7792,126.192,28.741089106714508,27.772287099191093,-67.7502701809821,7.286385602192002,Fixation,157126,2,1,25.520000457763672,30.479999542236328,27.0,33.0,2.922464876118934,0.4649330973625183,0.4230769230769231,center_proxy_gt_axes_angle,,,left_only
157129,4603,test,42,left,session_1_0_1,101,saccade_fixation,1658886206619883,4872,139.54054054054055,126.3751987281399,29.044838477100317,27.651954715555743,-63.16465398301136,4.417128024115129,Fixation,157126,3,1,25.520000457763672,30.520000457763672,27.0,32.0,2.0930354249365877,0.4944632649421692,0.5925925925925926,center_proxy_gt_axes_angle,,,left_only
157130,4604,test,42,left,session_1_0_1,101,saccade_fixation,1658886206659883,4873,139.35413416536662,126.31357254290172,29.4135796909296,27.81088990271544,-66.07146553286957,3.914934404371668,Fixation,157126,4,1,25.360000610351562,30.639999389648438,27.0,31.0,1.6790468836517773,0.4356074333190918,0.6818181818181818,center_proxy_gt_axes_angle,,,left_only
157131,4605,test,42,left,session_1_0_1,101,saccade_fixation,1658886206699883,4874,139.42283950617283,126.41512345679013,29.559799509181893,27.982937045701423,-69.30761446823865,2.201936669431375,Fixation,157126,5,1,25.360000610351562,30.639999389648438,26.0,32.0,1.5030638306163164,0.46465247869491577,0.6818181818181818,center_proxy_gt_axes_angle,,,left_only
157132,4606,test,42,left,session_1_0_1,101,saccade_fixation,1658886206739883,4875,139.2723076923077,126.56,29.75683986744856,27.87433882851201,-71.84210114464447,2.1814204430106834,Fixation,157126,6,1,25.239999771118164,30.719999313354492,26.0,31.0,0.8099387213995877,0.44144266843795776,1.0,center_proxy_gt_axes_angle,,,left_only
157133,4607,test,42,left,session_1_0_1,101,saccade_fixation,1658886206779884,4876,139.19847328244273,126.45954198473282,29.89712626688091,27.94864503174515,-73.08008698870115,1.3783138071036805,Fixation,157126,7,1,25.239999771118164,30.719999313354492,27.0,31.0,1.782133886717289,0.4104604125022888,0.6818181818181818,center_proxy_gt_axes_angle,,,left_only
157134,4608,test,42,left,session_1_0_1,101,saccade_fixation,1658886206819884,4877,139.18691588785046,126.61993769470403,29.50927201526456,27.747010101574357,-68.71574961523652,1.0667086244323296,Fixation,157126,8,1,25.15999984741211,30.639999389648438,26.0,31.0,0.913893153383467,0.42269086837768555,1.0,center_proxy_gt_axes_angle,,,left_only
157135,4609,test,42,left,session_1_0_1,101,saccade_fixation,1658886206859884,4878,139.2378716744914,126.53521126760565,29.41834019645121,27.70799744513601,-71.60693637187656,0.1814848690943464,Fixation,157126,9,1,25.280000686645508,30.520000457763672,26.0,32.0,1.6458425368943048,0.422455757856369,0.6818181818181818,center_proxy_gt_axes_angle,,,left_only
157136,4610,test,42,left,session_1_0_1,101,saccade_fixation,1658886206899884,4879,139.1390205371248,126.45339652448658,29.20522555047325,27.650720132342236,-73.38861911644236,0.7883711997712567,Fixation,157126,10,1,25.15999984741211,30.639999389648438,27.0,31.0,1.87488693018458,0.35783594846725464,0.6818181818181818,center_proxy_gt_axes_angle,,,left_only
157137,4611,test,42,left,session_1_0_1,101,saccade_fixation,1658886206939884,4880,139.17524115755626,126.44212218649518,28.88294625090589,27.45394712922759,-70.49019409832962,0.4459226670109991,Fixation,157126,11,1,25.280000686645508,30.520000457763672,28.0,31.0,2.7620274845113313,0.2618303894996643,0.45098039215686275,center_proxy_gt_axes_angle,,,left_only
157138,4612,test,42,left,session_1_0_1,101,saccade_fixation,1658886206979884,4881,139.19903691813803,126.49438202247192,28.79585148392244,27.582781695473344,-73.88008323059998,0.5597628508692103,Fixation,157126,12,1,25.280000686645508,30.639999389648438,30.0,30.0,4.7631914444852255,0.25433364510536194,0.15625,center_proxy_gt_axes_angle,,,left_only
157139,4613,test,42,left,session_1_0_1,101,saccade_fixation,1658886207019884,4882,139.21955128205127,126.60416666666669,28.895985698952884,27.54018464920326,-74.06569678148648,0.7938171113046955,Fixation,157126,13,1,25.280000686645508,30.639999389648438,29.0,29.0,4.0654634286148905,0.29554587602615356,0.23333333333333334,center_proxy_gt_axes_angle,,,left_only
157140,4614,test,42,left,session_1_0_1,101,saccade_fixation,1658886207059884,4883,139.13776337115073,126.54294975688816,28.593071189611383,27.500099184877342,-71.90012672974343,0.2396175313689832,Fixation,157126,14,1,25.280000686645508,30.68000030517578,28.0,30.0,2.8037112332920566,0.3006618022918701,0.4230769230769231,center_proxy_gt_axes_angle,,,left_only
157141,4615,test,42,left,session_1_0_1,101,saccade_fixation,1658886207099884,4884,139.14285714285714,126.56493506493509,28.553314517590785,27.496445119051742,-69.74546438883621,0.498390382658628,Fixation,157126,15,1,25.280000686645508,30.68000030517578,46.0,32.0,20.762003052204445,0.26740121841430664,0.0,center_proxy_gt_axes_angle,,,left_only
157142,4616,test,42,left,session_1_0_1,101,saccade_fixation,1658886207139884,4885,139.1615508885299,126.50242326332796,28.72978430701484,27.46354749552901,-70.06736626663113,0.4231155021873371,Fixation,157126,16,1,25.280000686645508,30.68000030517578,46.0,33.0,20.849478893473457,0.26465463638305664,0.0,center_proxy_gt_axes_angle,,,left_only
157143,4617,test,42,left,session_1_0_1,101,saccade_fixation,1658886207179884,4886,139.1542207792208,126.55844155844156,28.60134691146745,27.44620187173776,-70.18125752983813,0.968902665461846,Fixation,157126,17,1,25.280000686645508,30.68000030517578,46.0,34.0,20.984298165986957,0.38151097297668457,0.0,center_proxy_gt_axes_angle,,,left_only
157144,4618,test,42,left,session_1_0_1,101,saccade_fixation,1658886207219884,4887,139.2029702970297,126.52475247524752,28.437001700204465,27.16873069308122,-68.24334447162758,0.6374595071730749,Fixation,157126,18,1,25.280000686645508,30.68000030517578,46.0,34.0,20.984298165986957,0.40219682455062866,0.0,center_proxy_gt_axes_angle,,,left_only
157145,4619,test,42,left,session_1_0_1,101,saccade_fixation,1658886207259884,4888,139.0686767169179,126.428810720268,28.36705073178528,26.83502760238934,-63.99181513254824,0.9972460215887202,Fixation,157126,19,1,25.31999969482422,30.68000030517578,46.0,33.0,20.809728763394656,0.40513354539871216,0.0,center_proxy_gt_axes_angle,,,left_only
157146,4620,test,42,left,session_1_0_1,101,saccade_fixation,1658886207299884,4889,139.06598984771574,126.53807106598984,28.19566748718775,26.722192995532158,-61.96588368594635,1.9230052373324524,Fixation,157126,20,1,25.239999771118164,30.68000030517578,46.0,33.0,20.889231869246853,0.36636704206466675,0.0,center_proxy_gt_axes_angle,,,left_only
157147,4621,test,42,left,session_1_0_1,101,saccade_fixation,1658886207339884,4890,138.99485420240137,126.55060034305318,27.96964422695974,26.58267751581031,-58.17029402921766,1.117893197707596,Fixation,157126,21,1,25.399999618530273,30.799999237060547,46.0,32.0,20.634922281113834,0.2955356240272522,0.0,center_proxy_gt_axes_angle,,,left_only
157148,4622,test,42,left,session_1_0_1,101,saccade_fixation,1658886207379884,4891,138.90814558058926,126.4367417677643,28.03332681429337,26.25972355226565,-64.69610444959268,1.8352807614972892,Fixation,157126,22,1,25.31999969482422,30.68000030517578,28.0,32.0,2.9874405149020644,0.2760087847709656,0.4230769230769231,center_proxy_gt_axes_angle,,,left_only
157149,4623,test,42,left,session_1_0_1,101,saccade_fixation,1658886207419884,4892,138.89005235602093,126.43804537521817,27.824239010925425,26.2746966875897,-60.62011351527542,1.1657224552327123,Fixation,157126,23,1,25.31999969482422,30.68000030517578,27.0,32.0,2.136539309192964,0.28378769755363464,0.5925925925925926,center_proxy_gt_axes_angle,,,left_only
157150,4624,test,42,left,session_1_0_1,101,saccade_fixation,1658886207459884,4893,138.89877835951134,126.29668411867364,27.85235689918896,26.248382873869502,-59.508488253728615,0.8159762554174746,Fixation,157126,24,1,25.399999618530273,30.799999237060547,46.0,33.0,20.717143120456715,0.30124443769454956,0.0,center_proxy_gt_axes_angle,,,left_only
157151,4625,test,42,left,session_1_0_1,101,saccade_fixation,1658886207499884,4894,138.9671848013817,126.36614853195164,27.985211689648064,26.384542300061884,-59.80435381835558,19.221893866315263,Fixation,157126,25,1,25.399999618530273,30.799999237060547,46.0,33.0,20.717143120456715,0.32889410853385925,0.0,center_proxy_gt_axes_angle,,,left_only
157152,4626,test,42,left,session_1_0_1,101,saccade_fixation,1658886207539884,4895,139.03412969283278,126.47098976109216,28.036937801770065,26.661070713481973,-61.7423789131613,118.07297799757676,Fixation,157126,26,1,25.31999969482422,30.68000030517578,46.0,33.0,20.809728763394656,0.3867098093032837,0.0,center_proxy_gt_axes_angle,,,left_only
157153,4627,test,42,left,session_1_0_1,101,saccade_fixation,1658886207579884,4896,141.30166666666668,128.34666666666666,28.171509643574677,27.15929224985606,-79.83778255645537,141.3422655782059,Fixation,157126,27,1,25.68000030517578,31.31999969482422,26.0,28.0,3.335385701582427,0.40756386518478394,0.1746031746031746,center_proxy_gt_axes_angle,,,left_only
157154,4628,test,42,left,session_1_0_1,101,saccade_fixation,1658886207619884,4897,153.3599348534202,138.4527687296417,29.183921395556403,26.83550981640598,64.35106216661819,145.88994516463066,Fixation,157126,28,1,27.920000076293945,33.7599983215332,28.0,34.0,0.252983781021342,0.6955006718635559,1.0,center_proxy_gt_axes_angle,,,left_only
157155,4629,test,42,left,session_1_0_1,101,saccade_fixation,1658886207659884,4898,156.3912310286678,140.78246205733558,28.300271078024267,26.78229901884514,85.55467909485915,129.62800126445077,Fixation,157126,29,1,28.600000381469727,34.2400016784668,33.0,36.0,4.738944052725907,0.3579559326171875,0.15625,center_proxy_gt_axes_angle,,,left_only
157156,4630,test,42,left,session_1_0_1,101,saccade_fixation,1658886207699884,4899,157.2684124386252,141.0441898527005,28.648557915957973,27.20632612631279,84.91178913356448,32.55261839478406,Fixation,157126,30,1,28.719999313354492,34.47999954223633,27.0,35.0,1.7968856708244831,0.4334036111831665,0.45098039215686275,center_proxy_gt_axes_angle,,,left_only
157157,4631,test,42,left,session_1_0_1,101,saccade_fixation,1658886207739884,4900,157.80936995153473,140.90306946688207,28.8748150912299,27.365435943816195,-84.92382489171712,10.449273485601266,Fixation,157126,31,1,28.84000015258789,34.36000061035156,27.0,34.0,1.87488693018458,0.4395692050457001,0.4230769230769231,center_proxy_gt_axes_angle,,,left_only
157158,4632,test,42,left,session_1_0_1,101,saccade_fixation,1658886207779884,4901,157.93236714975845,140.94685990338164,28.80974167800058,27.51968225224096,85.27029093167668,6.394466338431292,Fixation,157126,32,1,28.760000228881836,34.47999954223633,28.0,32.0,2.5938384832893586,0.45563995838165283,0.27586206896551724,center_proxy_gt_axes_angle,,,left_only
157159,4633,test,42,left,session_1_0_1,101,saccade_fixation,1658886207819884,4902,158.04692556634305,141.01456310679612,28.617522653705706,27.564846782658417,87.17175269609506,12.566492729916078,Fixation,157126,33,1,28.920000076293945,34.2400016784668,28.0,31.0,3.3680871450793144,0.4805550277233124,0.19444444444444445,center_proxy_gt_axes_angle,,,left_only
157160,4634,test,42,left,session_1_0_1,101,saccade_fixation,1658886207859884,4903,158.29099678456592,141.0112540192926,28.87108338026393,27.494473911579107,84.38035060412517,16.953274292968135,Fixation,157126,34,1,28.84000015258789,34.36000061035156,29.0,32.0,2.3654181093480378,0.4440879821777344,0.27586206896551724,center_proxy_gt_axes_angle,,,left_only
157161,4635,test,42,left,session_1_0_1,101,saccade_fixation,1658886207899884,4904,159.5735294117647,141.86764705882354,28.75507915543919,27.2182094991424,85.4278867239543,17.359377651046465,Fixation,157126,35,1,29.15999984741211,34.63999938964844,27.0,33.0,2.712046706616164,0.5519985556602478,0.23333333333333334,center_proxy_gt_axes_angle,,,left_only
157162,4636,test,42,left,session_1_0_1,101,saccade_fixation,1658886207939884,4905,160.2952691680261,142.278955954323,28.720033797306908,27.332122845951137,-88.37493124438565,17.094149312966366,Fixation,157126,36,1,29.200000762939453,34.63999938964844,28.0,34.0,1.360000385957902,0.5417352914810181,0.43333333333333335,center_proxy_gt_axes_angle,,,left_only
157163,4637,test,42,left,session_1_0_1,101,saccade_fixation,1658886207979884,4906,160.50325732899023,142.3110749185668,28.81731593088559,27.26586752477957,87.11442569623398,8.013222970324433,Fixation,157126,37,1,29.239999771118164,34.52000045776367,27.0,33.0,2.707027958151005,0.5262757539749146,0.2463768115942029,center_proxy_gt_axes_angle,,,left_only
157164,4638,test,42,left,session_1_0_1,101,saccade_fixation,1658886208019884,4907,160.69032258064516,142.3241935483871,28.936688451612355,27.40273893238537,84.8699164659007,4.164470081152415,Fixation,157126,38,1,29.239999771118164,34.52000045776367,28.0,32.0,2.808558658725542,0.5266817212104797,0.23333333333333334,center_proxy_gt_axes_angle,,,left_only
157165,4639,test,42,left,session_1_0_1,101,saccade_fixation,1658886208059885,4908,160.77830940988835,142.3062200956938,29.08968828881117,27.575519159940075,79.78981732279487,2.872520333521177,Fixation,157126,39,1,29.200000762939453,34.52000045776367,28.0,31.0,3.7189252551929206,0.4841064214706421,0.13846153846153847,center_proxy_gt_axes_angle,,,left_only
157166,4640,test,42,left,session_1_0_1,101,saccade_fixation,1658886208099885,4909,160.90683229813664,142.54347826086956,29.47669902882945,27.92089187506026,84.89416700370155,1.277893463339167,Fixation,157126,40,1,29.239999771118164,34.79999923706055,29.0,31.0,3.8075706286026407,0.35638904571533203,0.15625,center_proxy_gt_axes_angle,,,left_only
157167,4641,test,42,left,session_1_0_1,101,saccade_fixation,1658886208139885,4910,160.8890600924499,142.5608628659476,29.742541123106324,27.88199217682776,86.46831160481766,1.318009084649162,Fixation,157126,41,1,29.239999771118164,34.79999923706055,33.0,32.0,4.688027031570008,0.35256633162498474,0.15625,center_proxy_gt_axes_angle,,,left_only
157168,4642,test,42,left,session_1_0_1,101,saccade_fixation,1658886208179885,4911,160.74733637747337,142.5205479452055,29.742219777038784,28.251601842460573,84.73409402719136,0.994417975777917,Fixation,157126,42,1,29.239999771118164,34.79999923706055,29.0,31.0,3.8075706286026407,0.3660862445831299,0.15625,center_proxy_gt_axes_angle,,,left_only
157169,4643,test,42,left,session_1_0_1,101,saccade_fixation,1658886208219885,4912,160.93124065769803,142.45142002989536,29.841652001700737,28.66536598778906,-84.20150360775745,1.2406382901558586,Fixation,157126,43,1,29.280000686645508,34.84000015258789,29.0,30.0,4.848092600350447,0.293986976146698,0.09090909090909091,center_proxy_gt_axes_angle,,,left_only
157170,4644,test,42,left,session_1_0_1,101,saccade_fixation,1658886208259885,4913,161.03903903903904,142.45495495495496,29.90753191941053,28.467237058553916,-86.82018167950557,2.206760883003419,Fixation,157126,44,1,29.360000610351562,34.68000030517578,29.0,31.0,3.697567130634323,0.23516061902046204,0.16666666666666666,center_proxy_gt_axes_angle,,,left_only
157171,4645,test,42,left,session_1_0_1,101,saccade_fixation,1658886208299885,4914,161.01659125188536,142.40874811463047,29.83253645508304,28.40877689068665,-85.58883623832082,3.6242157301075215,Fixation,157126,45,1,29.239999771118164,34.7599983215332,45.0,33.0,15.857969646400361,0.259823739528656,0.0,center_proxy_gt_axes_angle,,,left_only
157172,4646,test,42,left,session_1_0_1,101,saccade_fixation,1658886208339885,4915,161.07575757575756,142.3909090909091,29.848203325871108,28.25558838894565,-87.90353885354243,40.91990392667329,Fixation,157126,46,1,29.280000686645508,34.84000015258789,46.0,33.0,16.82093866584437,0.3508652448654175,0.0,center_proxy_gt_axes_angle,,,left_only
157173,4647,test,42,left,session_1_0_1,101,saccade_fixation,1658886208379885,4916,160.3939393939394,142.23333333333332,29.280930612267856,28.843994344298384,81.94584902296778,43.58455108232703,Fixation,157126,47,1,29.15999984741211,34.63999938964844,45.0,32.0,16.058493130157903,0.42862266302108765,0.0,center_proxy_gt_axes_angle,,,left_only
157174,4648,test,42,left,session_1_0_1,101,saccade_fixation,1658886208419885,4917,155.0390977443609,139.8345864661654,29.967755242158663,28.31696220963429,-89.74640882475829,43.75909674589038,Fixation,157126,48,1,28.239999771118164,34.08000183105469,28.0,34.0,0.2529825747138998,0.6858832836151123,0.7142857142857143,center_proxy_gt_axes_angle,,,left_only
157175,4649,test,42,left,session_1_0_1,101,saccade_fixation,1658886208459885,4918,154.63622754491018,139.5943113772455,30.05667937903936,28.32681204148632,-89.78826151993604,39.78357275935962,Fixation,157126,49,1,28.15999984741211,34.08000183105469,28.0,34.0,0.17888612060190986,0.6524837017059326,0.7142857142857143,center_proxy_gt_axes_angle,,,left_only
157176,4650,test,42,left,session_1_0_1,101,saccade_fixation,1658886208499885,4919,154.67660208643815,139.54992548435172,30.13684517098484,28.377707142577524,-86.8791989019652,3.5610996396063266,Fixation,157126,50,1,28.31999969482422,33.79999923706055,28.0,34.0,0.37735939085168724,0.5672417879104614,0.72,center_proxy_gt_axes_angle,,,left_only
157177,4651,test,42,left,session_1_0_1,101,saccade_fixation,1658886208539885,4920,154.65671641791045,139.47611940298506,30.184192479592088,28.29712643769972,-83.21061539893753,1.53773406252415,Fixation,157126,51,1,28.079999923706055,33.959999084472656,27.0,32.0,2.2378552782382366,0.45024222135543823,0.34545454545454546,center_proxy_gt_axes_angle,,,left_only
157178,4652,test,42,left,session_1_0_1,101,saccade_fixation,1658886208579885,4921,154.66816143497758,139.4020926756353,30.13431370177276,28.30464427282037,-83.92170689170717,1.3467465178494054,Fixation,157126,52,1,28.15999984741211,33.91999816894531,27.0,32.0,2.243210336715991,0.4265329837799072,0.34545454545454546,center_proxy_gt_axes_angle,,,left_only
157179,4653,test,42,left,session_1_0_1,101,saccade_fixation,1658886208619885,4922,154.6781954887218,139.35187969924812,30.017960541877564,28.261184188963483,-87.30719940893404,1.1447597234365294,Fixation,157126,53,1,28.1200008392334,33.7599983215332,27.0,33.0,1.3535136972401878,0.31455129384994507,0.43333333333333335,center_proxy_gt_axes_angle,,,left_only
157180,4654,test,42,left,session_1_0_1,101,saccade_fixation,1658886208659885,4923,154.66366366366367,139.33483483483482,30.04390264184822,28.28289752209212,-88.79358701050025,0.7512942397471787,Fixation,157126,54,1,28.15999984741211,33.91999816894531,46.0,34.0,17.840179532092947,0.290961891412735,0.0,center_proxy_gt_axes_angle,,,left_only
157181,4655,test,42,left,session_1_0_1,101,saccade_fixation,1658886208699885,4924,154.65919282511211,139.2929745889387,30.10122261383925,28.351520676647997,89.10487642391597,1.0794485833412473,Fixation,157126,55,1,28.200000762939453,33.880001068115234,46.0,33.0,17.821738824234856,0.3605846166610718,0.0,center_proxy_gt_axes_angle,,,left_only
157182,4656,test,42,left,session_1_0_1,101,saccade_fixation,1658886208739885,4925,154.59703703703704,139.3051851851852,30.12873992699489,28.562893834680512,87.36566439762387,0.8286711710287477,Fixation,157126,56,1,28.1200008392334,33.7599983215332,28.0,31.0,2.762605823544651,0.2912798523902893,0.2894736842105263,center_proxy_gt_axes_angle,,,left_only
157183,4657,test,42,left,session_1_0_1,101,saccade_fixation,1658886208779885,4926,154.62463343108504,139.18768328445748,30.3397320568274,28.661477831013617,89.51063954992031,0.8442119284394667,Fixation,157126,57,1,28.280000686645508,33.84000015258789,28.0,30.0,3.8501950023858504,0.324457049369812,0.1951219512195122,center_proxy_gt_axes_angle,,,left_only
157184,4658,test,42,left,session_1_0_1,101,saccade_fixation,1658886208819885,4927,154.6207906295754,139.20937042459735,30.401919398546124,28.64342628109866,-89.96415282357151,0.4833514369093474,Fixation,157126,58,1,28.280000686645508,33.84000015258789,28.0,31.0,2.8537696563004515,0.36935365200042725,0.30666666666666664,center_proxy_gt_axes_angle,,,left_only
157185,4659,test,42,left,session_1_0_1,101,saccade_fixation,1658886208859885,4928,154.64285714285714,139.1588921282799,30.519395069225485,28.653746925004103,-88.96999003294584,0.2626515063701247,Fixation,157126,59,1,28.239999771118164,33.79999923706055,26.0,31.0,3.585748834225436,0.4031522572040558,0.21951219512195122,center_proxy_gt_axes_angle,,,left_only
157186,4660,test,42,left,session_1_0_1,101,saccade_fixation,1658886208899885,4929,154.614161849711,139.22976878612718,30.650086922929475,28.780289658312537,-88.89517184889877,1.3631357315547792,Fixation,157126,60,1,28.239999771118164,33.880001068115234,27.0,31.0,3.1356029060960493,0.4165499210357666,0.28205128205128205,center_proxy_gt_axes_angle,,,left_only
157187,4661,test,42,left,session_1_0_1,101,saccade_fixation,1658886208939885,4930,154.66571018651362,139.19655667144906,30.85878343086436,28.807841783534,-89.23463126217125,2.225902023489284,Fixation,157126,61,1,28.239999771118164,33.880001068115234,27.0,31.0,3.1356029060960493,0.4363870620727539,0.28205128205128205,center_proxy_gt_axes_angle,,,left_only
157188,4662,test,42,left,session_1_0_1,101,saccade_fixation,1658886208979885,4931,154.4494382022472,139.0744382022472,31.07855028433097,29.21741044156879,85.37703110513733,1.9353462578030056,Fixation,157126,62,1,28.239999771118164,33.84000015258789,46.0,31.0,17.985638965479712,0.3322763741016388,0.0,center_proxy_gt_axes_angle,,,left_only
157189,4663,test,42,left,session_1_0_1,101,saccade_fixation,1658886209019885,4932,154.37154696132598,138.9281767955801,31.364959965152376,29.442760938902214,86.22659146661232,2.4461098702197286,Fixation,157126,63,1,28.239999771118164,33.84000015258789,46.0,32.0,17.855061150592746,0.2979244887828827,0.0,center_proxy_gt_axes_angle,,,left_only
157190,4664,test,42,left,session_1_0_1,101,saccade_fixation,1658886209059885,4933,154.41120218579235,138.99590163934425,31.519195336704872,29.63583554097588,87.06739153639221,1.2376871008675605,Fixation,157126,64,1,28.1200008392334,33.7599983215332,32.0,31.0,4.761510708001782,0.3237597644329071,0.225,center_proxy_gt_axes_angle,,,left_only
157191,4665,test,42,left,session_1_0_1,101,saccade_fixation,1658886209099885,4934,154.3337837837838,138.98918918918918,31.65288230546157,29.821220306084584,87.22678347355695,0.6211021447467342,Fixation,157126,65,1,28.1200008392334,33.7599983215332,33.0,30.0,6.160517769393676,0.27740660309791565,0.10112359550561797,center_proxy_gt_axes_angle,,,left_only
157192,4666,test,42,left,session_1_0_1,101,saccade_fixation,1658886209139885,4935,154.2920592193809,138.9542395693136,31.696464124017417,29.892907982586067,84.96539587923267,1.4491782268108555,Fixation,157126,66,1,28.239999771118164,33.84000015258789,32.0,29.0,6.128882703906338,0.25346440076828003,0.06521739130434782,center_proxy_gt_axes_angle,,,left_only
157193,4667,test,42,left,session_1_0_1,101,saccade_fixation,1658886209179885,4936,154.27673796791444,138.89839572192514,31.7801184202384,30.028727328529893,85.7268931510277,1.211889475797742,Fixation,157126,67,1,28.1200008392334,33.7599983215332,28.0,32.0,1.7640845482052192,0.3034026622772217,0.4411764705882353,center_proxy_gt_axes_angle,,,left_only
157194,4668,test,42,left,session_1_0_1,101,saccade_fixation,1658886209219885,4937,154.19786096256684,138.90508021390374,31.88553400654851,29.925700143689472,82.60295840101331,0.8562002832258914,Fixation,157126,68,1,28.1200008392334,33.7599983215332,28.0,31.0,2.762605823544651,0.370901882648468,0.28,center_proxy_gt_axes_angle,,,left_only
157195,4669,test,42,left,session_1_0_1,101,saccade_fixation,1658886209259885,4938,154.16910785619174,138.88681757656457,32.02567124092183,29.91252420406212,81.97380026862682,1.2133855232822492,Fixation,157126,69,1,28.1200008392334,33.7599983215332,28.0,31.0,2.762605823544651,0.3741786479949951,0.28,center_proxy_gt_axes_angle,,,left_only
157196,4670,test,42,left,session_1_0_1,101,saccade_fixation,1658886209299886,4939,154.15528781793842,138.94645247657297,31.935021523910983,29.83140606268608,81.84098599791778,1.4319887955506738,Fixation,157126,70,1,28.1200008392334,33.7599983215332,28.0,31.0,2.762605823544651,0.38040459156036377,0.28,center_proxy_gt_axes_angle,,,left_only
157197,4671,test,42,left,session_1_0_1,101,saccade_fixation,1658886209339886,4940,154.08510638297872,138.92952127659575,32.038118904269794,29.93648875135306,81.44504663839881,1.1132307181021603,Fixation,157126,71,1,28.1200008392334,33.7599983215332,28.0,31.0,2.762605823544651,0.3784898519515991,0.28,center_proxy_gt_axes_angle,,,left_only
157198,4672,test,42,left,session_1_0_1,101,saccade_fixation,1658886209379886,4941,154.001321003963,138.78731836195507,32.21691648887582,29.968793147330743,81.38861329812416,1.5861782931143544,Fixation,157126,72,1,28.1200008392334,33.7599983215332,28.0,31.0,2.762605823544651,0.36322158575057983,0.28,center_proxy_gt_axes_angle,,,left_only
157199,4673,test,42,left,session_1_0_1,101,saccade_fixation,1658886209419886,4942,154.03022339027595,138.77529566360053,32.400937387677054,29.956703335014257,79.88669267976351,0.711529215582193,Fixation,157126,73,1,28.1200008392334,33.7599983215332,28.0,31.0,2.762605823544651,0.28802254796028137,0.2894736842105263,center_proxy_gt_axes_angle,,,left_only
157200,4674,test,42,left,session_1_0_1,101,saccade_fixation,1658886209459886,4943,154.0,138.74571805006588,32.33495490516179,29.931737269048455,81.85980268809169,1.2172109517946563,Fixation,157126,74,1,28.1200008392334,33.7599983215332,27.0,30.0,3.9232625782397004,0.2537440061569214,0.1566265060240964,center_proxy_gt_axes_angle,,,left_only
157201,4675,test,42,left,session_1_0_1,101,saccade_fixation,1658886209499886,4944,154.0196335078534,138.83638743455498,32.55277404077974,29.93234465817596,81.58806323626928,0.6223993669935445,Fixation,157126,75,1,28.1200008392334,33.7599983215332,46.0,30.0,18.271068862191584,0.26506301760673523,0.0,center_proxy_gt_axes_angle,,,left_only
157202,4676,test,42,left,session_1_0_1,101,saccade_fixation,1658886209539886,4945,154.04172099087353,138.97783572359845,32.71881294816782,29.896719597928502,80.78006876286379,0.8219919189643694,Fixation,157126,76,1,28.15999984741211,33.84000015258789,46.0,29.0,18.484891314838364,0.2603095769882202,0.0,center_proxy_gt_axes_angle,,,left_only
157203,4677,test,42,left,session_1_0_1,101,saccade_fixation,1658886209579886,4946,154.0464516129032,138.87354838709678,32.90704746680843,30.03593103494285,83.21751759273256,0.6456243902302584,Fixation,157126,77,1,28.15999984741211,33.84000015258789,46.0,27.0,19.10631328989814,0.2838028371334076,0.0,center_proxy_gt_axes_angle,,,left_only
157204,4678,test,42,left,session_1_0_1,101,saccade_fixation,1658886209619886,4947,154.09407216494844,138.83762886597938,32.93643623186631,30.05096894805269,84.34176886388583,0.8237169232483852,Fixation,157126,78,1,28.1200008392334,33.7599983215332,46.0,27.0,19.11522815182037,0.31536245346069336,0.0,center_proxy_gt_axes_angle,,,left_only
157205,4679,test,42,left,session_1_0_1,101,saccade_fixation,1658886209659886,4948,154.1173469387755,138.86989795918367,33.19664830512654,30.113078790347625,83.14877370321332,0.800440087674927,Fixation,157126,79,1,28.15999984741211,33.84000015258789,46.0,32.0,17.93463704695078,0.30390045046806335,0.0,center_proxy_gt_axes_angle,,,left_only
157206,4680,test,42,left,session_1_0_1,101,saccade_fixation,1658886209699886,4949,154.1173469387755,138.86989795918367,33.19664830512654,30.113078790347625,83.14877370321332,0.3980503675104092,Fixation,157126,80,1,28.15999984741211,33.84000015258789,29.0,32.0,2.0226717029392436,0.2813383638858795,0.45454545454545453,center_proxy_gt_axes_angle,,,left_only
157207,4681,test,42,left,session_1_0_1,101,saccade_fixation,1658886209739886,4950,154.08846153846153,138.7525641025641,32.97361797194496,30.170877882692555,85.69326233386342,1.1773856225216883,Fixation,157126,81,1,28.1200008392334,33.7599983215332,28.0,32.0,1.7640845482052192,0.31664496660232544,0.4411764705882353,center_proxy_gt_axes_angle,,,left_only
157208,4682,test,42,left,session_1_0_1,101,saccade_fixation,1658886209779886,4951,154.09323116219667,138.77394636015325,33.156755304546,30.11726509791007,85.07206280110316,0.7944503203377957,Fixation,157126,82,1,28.1200008392334,33.7599983215332,28.0,33.0,0.769413835429287,0.30648452043533325,0.6333333333333333,center_proxy_gt_axes_angle,,,left_only
157209,4683,test,42,left,session_1_0_1,101,saccade_fixation,1658886209819886,4952,154.06666666666666,138.68846153846152,33.02685146256118,30.119982210499064,87.74259326935716,0.6149206000137091,Fixation,157126,83,1,28.1200008392334,33.7599983215332,27.0,33.0,1.3535136972401878,0.31296247243881226,0.6451612903225806,center_proxy_gt_axes_angle,,,left_only
157210,4684,test,42,left,session_1_0_1,101,saccade_fixation,1658886209859886,4953,154.09627727856227,138.74454428754814,32.993670445720525,30.105537359118657,84.41012352235111,0.740325266490762,Fixation,157126,84,1,28.1200008392334,33.7599983215332,27.0,33.0,1.3535136972401878,0.34062784910202026,0.47692307692307695,center_proxy_gt_axes_angle,,,left_only
157211,4685,test,42,left,session_1_0_1,101,saccade_fixation,1658886209899886,4954,154.12787723785166,138.84271099744245,33.15675232553411,30.072085940230256,83.13830467063359,0.5960030166465122,Fixation,157126,85,1,28.15999984741211,33.84000015258789,27.0,33.0,1.4322010691044036,0.3535752296447754,0.47692307692307695,center_proxy_gt_axes_angle,,,left_only
157212,4686,test,42,left,session_1_0_1,101,saccade_fixation,1658886209939886,4955,154.11464968152868,138.8904458598726,33.25175931650562,30.09923613124249,83.51941936820646,0.6985128308925591,Fixation,157126,86,1,28.15999984741211,33.880001068115234,27.0,33.0,1.4560225018453767,0.29003989696502686,0.47692307692307695,center_proxy_gt_axes_angle,,,left_only
157213,4687,test,42,left,session_1_0_1,101,saccade_fixation,1658886209979886,4956,154.10191082802547,138.77707006369425,33.245645052211835,30.115998924168565,86.16750722866044,1.3329463361123368,Fixation,157126,87,1,28.15999984741211,33.84000015258789,46.0,33.0,17.859764995673476,0.29171910881996155,0.0,center_proxy_gt_axes_angle,,,left_only
157214,4688,test,42,left,session_1_0_1,101,saccade_fixation,1658886210019886,4957,154.14448669201522,138.84537389100126,33.407384093884815,30.120092602490708,83.95403101474166,1.6247711828247235,Fixation,157126,88,1,28.15999984741211,33.880001068115234,27.0,32.0,2.209073032317071,0.27339980006217957,0.37142857142857144,center_proxy_gt_axes_angle,,,left_only
157215,4689,test,42,left,session_1_0_1,101,saccade_fixation,1658886210059886,4958,154.19065656565655,138.63888888888889,33.01026833500635,30.624437726811653,84.21587380170394,2.070837161692358,Fixation,157126,89,1,28.15999984741211,33.84000015258789,28.0,32.0,1.8469435596940582,0.2556793987751007,0.43283582089552236,center_proxy_gt_axes_angle,,,left_only
157216,4690,test,42,left,session_1_0_1,101,saccade_fixation,1658886210099886,4959,154.2490566037736,138.66792452830188,33.269773232503525,30.499086328983918,86.24467709016926,1.981986689063965,Fixation,157126,90,1,28.15999984741211,33.84000015258789,28.0,31.0,2.8445036153731884,0.2563958764076233,0.2894736842105263,center_proxy_gt_axes_angle,,,left_only
157217,4691,test,42,left,session_1_0_1,101,saccade_fixation,1658886210139886,4960,154.42521631644004,138.7045735475896,33.207845994885695,31.10229187266759,81.43213895299732,1.5356078369322557,Fixation,157126,91,1,28.239999771118164,33.7599983215332,28.0,32.0,1.7762865708934645,0.2960662245750427,0.43283582089552236,center_proxy_gt_axes_angle,,,left_only
157218,4692,test,42,left,session_1_0_1,101,saccade_fixation,1658886210179886,4961,154.44950738916256,138.75862068965515,33.359372026893936,31.061546588290927,79.91551626569164,2.126999464877009,Fixation,157126,92,1,28.15999984741211,33.84000015258789,28.0,31.0,2.8445036153731884,0.25476905703544617,0.2894736842105263,center_proxy_gt_axes_angle,,,left_only
157219,4693,test,42,left,session_1_0_1,101,saccade_fixation,1658886210219886,4962,154.4352078239609,138.66259168704156,33.55589004312909,31.115309171487542,79.30791637035192,0.4714556169997708,Fixation,157126,93,1,28.15999984741211,33.84000015258789,46.0,33.0,17.859764995673476,0.23092475533485413,0.0,center_proxy_gt_axes_angle,,,left_only
157220,4694,test,42,left,session_1_0_1,101,saccade_fixation,1658886210259886,4963,154.55,138.82682926829267,33.45327579785872,31.274512212361287,76.54031833066713,0.857891821771056,Fixation,157126,94,1,28.360000610351562,33.880001068115234,46.0,32.0,17.73989804037531,0.25321242213249207,0.0,center_proxy_gt_axes_angle,,,left_only
157221,4695,test,42,left,session_1_0_1,101,saccade_fixation,1658886210299886,4964,154.43361753958587,138.7795371498173,33.26455023332959,31.50280377199872,77.23725253459361,0.8450082205866667,Fixation,157126,95,1,28.239999771118164,33.7599983215332,27.0,33.0,1.4543716447684152,0.2833230495452881,0.4925373134328358,center_proxy_gt_axes_angle,,,left_only
157222,4696,test,42,left,session_1_0_1,101,saccade_fixation,1658886210339886,4965,154.33048780487806,138.69024390243902,33.48269630117863,31.26561221307845,75.8677265558407,4.314086600846284,Fixation,157126,96,1,28.239999771118164,33.7599983215332,27.0,33.0,1.4543716447684152,0.31916648149490356,0.4925373134328358,center_proxy_gt_axes_angle,,,left_only
157223,4697,test,42,left,session_1_0_1,101,saccade_fixation,1658886210379886,4966,154.32843137254903,138.5796568627451,33.419159719095525,31.181929986938528,76.02255346197875,20.87579552523465,Fixation,157126,97,1,28.200000762939453,33.63999938964844,27.0,34.0,1.2528376872160125,0.40179872512817383,0.5625,center_proxy_gt_axes_angle,,,left_only
157224,4698,test,42,left,session_1_0_1,101,saccade_fixation,1658886210419886,4967,155.23272727272726,138.92848484848486,33.23526915478117,31.651750509066968,75.40765967116883,24.437544511833952,Fixation,157126,98,1,28.360000610351562,33.880001068115234,46.0,33.0,17.661935917296304,0.34326067566871643,0.0,center_proxy_gt_axes_angle,,,left_only
157225,4699,test,42,left,session_1_0_1,101,saccade_fixation,1658886210459886,4968,157.4368811881188,140.24133663366337,32.88995356678608,31.38467605296419,84.4083663094242,25.332302285124317,Fixation,157126,99,1,28.760000228881836,34.2400016784668,29.0,35.0,0.7969926843265609,0.6950100660324097,1.0,center_proxy_gt_axes_angle,,,left_only
159873,2627,test,42,left,session_1_0_2,102,smooth,1658886343339993,2713,88.47122302158273,109.07913669064747,25.37387830634237,13.998804130174138,-55.944100357325866,1.673911008737342,Smooth,159846,27,1,15.84000015258789,26.399999618530273,26.0,31.0,11.152829255795845,0.3122035264968872,0.0,center_proxy_gt_axes_angle,,,left_only
159874,2628,test,42,left,session_1_0_2,102,smooth,1658886343379993,2714,88.47122302158273,109.07913669064747,25.37387830634237,13.998804130174138,-55.944100357325866,2.7460133944756837,Smooth,159846,28,1,15.84000015258789,26.399999618530273,26.0,31.0,11.152829255795845,0.3152872920036316,0.0,center_proxy_gt_axes_angle,,,left_only
159875,2629,test,42,left,session_1_0_2,102,smooth,1658886343419993,2715,88.4910394265233,109.0394265232975,25.497822728684262,13.978982121264394,-56.08761100419443,12.799118388535875,Smooth,159846,29,1,15.84000015258789,26.399999618530273,27.0,31.0,12.070857471768935,0.305314302444458,0.0,center_proxy_gt_axes_angle,,,left_only
159876,2630,test,42,left,session_1_0_2,102,smooth,1658886343459993,2716,88.31899641577061,109.584229390681,25.332545740060787,14.0782773387266,-56.73846919625841,47.32745413374889,Smooth,159846,30,1,15.84000015258789,26.399999618530273,26.0,28.0,10.2852125947944,0.3144049048423767,0.0,center_proxy_gt_axes_angle,,,left_only
159877,2631,test,42,left,session_1_0_2,102,smooth,1658886343499993,2717,87.92835820895522,111.0537313432836,25.88340692914467,16.589469079012453,-57.37722177811459,48.80319647550236,Smooth,159846,31,1,15.880000114440918,26.760000228881836,32.0,31.0,16.668293085061435,0.39859580993652344,0.0,center_proxy_gt_axes_angle,,,left_only
159878,2632,test,42,left,session_1_0_2,102,smooth,1658886343619993,2720,87.50437317784257,120.39650145772596,26.17676279263785,16.791436249067083,-61.50737492274666,52.45843347614099,Smooth,159846,32,1,15.640000343322754,29.31999969482422,27.0,33.0,11.94118898794425,0.4107761085033417,0.0,center_proxy_gt_axes_angle,,,left_only
159879,2633,test,42,left,session_1_0_2,102,smooth,1658886343659993,2721,86.58452722063038,120.59598853868196,27.37245663861017,16.283653345120445,-69.71628044948271,46.981441098124506,Smooth,159846,33,1,15.600000381469727,29.200000762939453,27.0,32.0,11.738823920224293,0.45363932847976685,0.0,center_proxy_gt_axes_angle,,,left_only
159880,2634,test,42,left,session_1_0_2,102,smooth,1658886343699993,2722,85.65671641791045,121.88955223880598,27.303971462699987,15.682500545578186,-71.11177915782163,16.870078316024575,Smooth,159846,34,1,15.319999694824219,29.84000015258789,26.0,31.0,10.742811836970379,0.46611928939819336,0.0,center_proxy_gt_axes_angle,,,left_only
159881,2635,test,42,left,session_1_0_2,102,smooth,1658886343739993,2723,85.61061946902655,122.08849557522124,27.55190345929448,15.726811106401597,-71.2510060699575,12.286757318264872,Smooth,159846,35,1,15.319999694824219,29.84000015258789,27.0,32.0,11.878047249852422,0.44358158111572266,0.0,center_proxy_gt_axes_angle,,,left_only
159882,2636,test,42,left,session_1_0_2,102,smooth,1658886343779993,2724,85.63848396501457,122.3469387755102,27.33596386582509,16.031468965386896,-71.46898626982943,2.779794015381437,Smooth,159846,36,1,15.399999618530273,29.799999237060547,29.0,31.0,13.652838979751866,0.36464107036590576,0.0,center_proxy_gt_axes_angle,,,left_only
159883,2637,test,42,left,session_1_0_2,102,smooth,1658886343819993,2725,85.55,122.26764705882351,27.384623095428733,15.88939046470938,-70.9238275280423,1.6246311830529456,Smooth,159846,37,1,15.399999618530273,29.799999237060547,28.0,30.0,12.601587595149018,0.36550071835517883,0.0,center_proxy_gt_axes_angle,,,left_only
159884,2638,test,42,left,session_1_0_2,102,smooth,1658886343859993,2726,85.57352941176471,122.3264705882353,27.445790255713607,15.835784080587512,-71.48966584711306,0.2131600612151439,Smooth,159846,38,1,15.399999618530273,29.799999237060547,29.0,30.0,13.601470901382434,0.3502379059791565,0.0,center_proxy_gt_axes_angle,,,left_only
159885,2639,test,42,left,session_1_0_2,102,smooth,1658886343899993,2727,85.63848396501457,122.3469387755102,27.33596386582509,16.031468965386896,-71.46898626982943,10.099940067902052,Smooth,159846,39,1,15.399999618530273,29.799999237060547,29.0,29.0,13.623509428751248,0.35812896490097046,0.0,center_proxy_gt_axes_angle,,,left_only
159886,2640,test,42,left,session_1_0_2,102,smooth,1658886343939993,2728,85.64244186046511,122.38081395348836,27.39200040571317,16.043860619692456,-71.75481846607549,48.831750557045055,Smooth,159846,40,1,15.399999618530273,29.799999237060547,27.0,30.0,11.601724404383779,0.417977511882782,0.0,center_proxy_gt_axes_angle,,,left_only
159887,2641,test,42,left,session_1_0_2,102,smooth,1658886343979993,2729,85.342939481268,123.87031700288183,28.265774691879766,15.712164829582992,-74.05000743762794,70.00467667401713,Smooth,159846,41,1,15.399999618530273,30.360000610351562,26.0,32.0,10.726117941044915,0.4115315079689026,0.0,center_proxy_gt_axes_angle,,,left_only
159888,2642,test,42,left,session_1_0_2,102,smooth,1658886344019993,2730,83.70967741935483,129.91397849462365,28.92642459827185,16.465974094790518,-77.90974864920985,70.13189582268768,Smooth,159846,42,1,15.199999809265137,31.600000381469727,30.0,33.0,14.866068901281094,0.3854663372039795,0.0,center_proxy_gt_axes_angle,,,left_only
159889,2643,test,42,left,session_1_0_2,102,smooth,1658886344059994,2731,83.29442970822281,133.29973474801062,28.362306085121,16.964675358406303,-79.30771949733098,59.77235133284117,Smooth,159846,43,1,15.15999984741211,32.31999969482422,26.0,33.0,10.861307643333957,0.45331430435180664,0.0,center_proxy_gt_axes_angle,,,left_only
159890,2644,test,42,left,session_1_0_2,102,smooth,1658886344099994,2732,83.72351421188631,133.4366925064599,28.32576541554642,17.483900461944447,-78.87027066705807,20.82089564268004,Smooth,159846,44,1,15.15999984741211,32.31999969482422,29.0,33.0,13.856695300058814,0.36725088953971863,0.0,center_proxy_gt_axes_angle,,,left_only
159891,2645,test,42,left,session_1_0_2,102,smooth,1658886344139994,2733,84.05655526992288,133.3470437017995,28.254961996816643,17.61419581331949,-77.78101907850784,6.966291492715749,Smooth,159846,45,1,15.279999732971191,32.47999954223633,28.0,32.0,12.729053631506156,0.36538219451904297,0.0,center_proxy_gt_axes_angle,,,left_only
159892,2646,test,42,left,session_1_0_2,102,smooth,1658886344179994,2734,84.24806201550388,133.2015503875969,27.981966265494727,17.679178186045224,-78.16909125578225,4.661329615101113,Smooth,159846,46,1,15.279999732971191,32.47999954223633,27.0,31.0,11.81307770668487,0.34849756956100464,0.0,center_proxy_gt_axes_angle,,,left_only
159893,2647,test,42,left,session_1_0_2,102,smooth,1658886344219994,2735,84.40721649484536,133.36340206185568,27.72384209209804,17.873084249918662,-79.19112741916744,2.7811788720042885,Smooth,159846,47,1,15.199999809265137,32.47999954223633,28.0,30.0,13.038036762193338,0.3383505344390869,0.0,center_proxy_gt_axes_angle,,,left_only
159894,2648,test,42,left,session_1_0_2,102,smooth,1658886344259994,2736,84.46907216494846,133.45618556701032,28.003243414773596,17.70139397883427,-78.80809114228445,2.836081849030085,Smooth,159846,48,1,15.199999809265137,32.47999954223633,28.0,28.0,13.561356893071219,0.25374895334243774,0.0,center_proxy_gt_axes_angle,,,left_only
159895,2649,test,42,left,session_1_0_2,102,smooth,1658886344299994,2737,84.47150259067358,133.50777202072538,27.91699879212021,17.665436106765664,-78.77011572939844,2.14371309623981,Smooth,159846,49,1,15.199999809265137,32.47999954223633,45.0,24.0,30.983066400924976,0.3205334544181824,0.0,center_proxy_gt_axes_angle,,,left_only
159896,2650,test,42,left,session_1_0_2,102,smooth,1658886344339994,2738,84.45430809399478,133.60574412532637,27.659120830325456,17.695521437600117,-78.67193596203167,1.3162614092689708,Smooth,159846,50,1,15.199999809265137,32.47999954223633,45.0,25.0,30.72442683793554,0.21465185284614563,0.0,center_proxy_gt_axes_angle,,,left_only
159897,2651,test,42,left,session_1_0_2,102,smooth,1658886344379994,2739,84.4578947368421,133.70263157894738,27.424653155754218,17.70051818125445,-78.23524600271244,0.1846138965509859,Smooth,159846,51,1,15.119999885559082,32.63999938964844,27.0,28.0,12.75397965558414,0.24426767230033875,0.0,center_proxy_gt_axes_angle,,,left_only
159898,2652,test,42,left,session_1_0_2,102,smooth,1658886344419994,2740,84.46194225721784,133.66666666666666,27.5324107105476,17.679192851002735,-78.33022284360239,1.0624343031196226,Smooth,159846,52,1,15.119999885559082,32.84000015258789,45.0,27.0,30.445361036144995,0.2603023052215576,0.0,center_proxy_gt_axes_angle,,,left_only
159899,2653,test,42,left,session_1_0_2,102,smooth,1658886344459994,2741,84.5,133.5,27.420622638295765,17.69519653589559,-77.8931468547937,1.5051777527562822,Smooth,159846,53,1,15.119999885559082,32.84000015258789,45.0,27.0,30.445361036144995,0.29602643847465515,0.0,center_proxy_gt_axes_angle,,,left_only
159900,2654,test,42,left,session_1_0_2,102,smooth,1658886344499994,2742,84.54232804232804,133.46031746031747,27.36804812216589,17.645977574316724,-78.5211823863071,1.4091846809751072,Smooth,159846,54,1,15.199999809265137,32.47999954223633,26.0,28.0,11.69232226798042,0.2817881405353546,0.0,center_proxy_gt_axes_angle,,,left_only
159901,2655,test,42,left,session_1_0_2,102,smooth,1658886344539994,2743,84.66931216931216,133.5873015873016,27.643511720437605,17.48881995790576,-78.89393858234472,2.0429029797903917,Smooth,159846,55,1,15.199999809265137,32.52000045776367,27.0,27.0,13.027294790364342,0.28482910990715027,0.0,center_proxy_gt_axes_angle,,,left_only
159902,2656,test,42,left,session_1_0_2,102,smooth,1658886344579994,2744,84.68181818181819,133.71657754010695,27.3547596101658,17.48457706176713,-78.10990925433744,2.2959709330933693,Smooth,159846,56,1,15.199999809265137,32.52000045776367,27.0,28.0,12.636075681932528,0.36363399028778076,0.0,center_proxy_gt_axes_angle,,,left_only
159903,2657,test,42,left,session_1_0_2,102,smooth,1658886344619994,2745,84.66935483870968,133.77956989247312,27.20236481162065,17.489762575571802,-78.08283855565341,35.929819332944675,Smooth,159846,57,1,15.119999885559082,32.84000015258789,26.0,29.0,11.537764240185766,0.40352481603622437,0.0,center_proxy_gt_axes_angle,,,left_only
159904,2658,test,42,left,session_1_0_2,102,smooth,1658886344659994,2746,84.68733153638814,133.7978436657682,27.21719831892986,17.43538294828576,-77.84652797607556,55.40326256511467,Smooth,159846,58,1,15.199999809265137,32.52000045776367,26.0,29.0,11.359155221341487,0.3565249443054199,0.0,center_proxy_gt_axes_angle,,,left_only
159905,2659,test,42,left,session_1_0_2,102,smooth,1658886344699994,2747,82.79356568364611,139.0214477211796,28.28993649860509,16.830281854806838,-84.04730494771233,68.94967555051748,Smooth,159846,59,1,14.760000228881836,33.79999923706055,29.0,31.0,14.512669954525425,0.37969163060188293,0.0,center_proxy_gt_axes_angle,,,left_only
159906,2660,test,42,left,session_1_0_2,102,smooth,1658886344739994,2748,83.44764397905759,142.49476439790575,27.704903075647543,17.67467251571142,-85.5287800625253,68.80498240200772,Smooth,159846,60,1,15.0,34.47999954223633,29.0,32.0,14.217960392738911,0.43735483288764954,0.0,center_proxy_gt_axes_angle,,,left_only
159907,2661,test,42,left,session_1_0_2,102,smooth,1658886344779994,2749,84.06233766233767,144.7948051948052,26.92821126883082,18.314297847953146,-87.81618808794835,37.39422905256229,Smooth,159846,61,1,15.0,35.52000045776367,29.0,33.0,14.224992172480416,0.38468921184539795,0.0,center_proxy_gt_axes_angle,,,left_only
159908,2662,test,42,left,session_1_0_2,102,smooth,1658886344819994,2750,84.29048843187661,144.79948586118252,27.15465301031246,18.32817168019466,-86.98096004141874,16.895788061111414,Smooth,159846,62,1,15.239999771118164,35.20000076293945,26.0,32.0,11.22575653612487,0.347652792930603,0.0,center_proxy_gt_axes_angle,,,left_only
159909,2663,test,42,left,session_1_0_2,102,smooth,1658886344859994,2751,84.45219638242894,144.77002583979328,27.09107142820022,18.25295604098356,-86.95754444179056,4.079599531241309,Smooth,159846,63,1,15.079999923706055,35.20000076293945,26.0,32.0,11.379209399122281,0.2745707631111145,0.0,center_proxy_gt_axes_angle,,,left_only
159910,2664,test,42,left,session_1_0_2,102,smooth,1658886344899994,2752,84.6086956521739,144.93606138107418,27.36614071499783,18.261135016983467,-89.19972261320882,3.858751457511258,Smooth,159846,64,1,15.079999923706055,35.36000061035156,26.0,31.0,11.758231456665827,0.39393341541290283,0.0,center_proxy_gt_axes_angle,,,left_only
159911,2665,test,42,left,session_1_0_2,102,smooth,1658886344939994,2753,84.671834625323,145.0284237726098,27.243508225768245,18.154475165396335,-88.05585540420293,2.752309482270386,Smooth,159846,65,1,15.119999885559082,35.36000061035156,26.0,30.0,12.128644154776886,0.3367658257484436,0.0,center_proxy_gt_axes_angle,,,left_only
159912,2666,test,42,left,session_1_0_2,102,smooth,1658886344979994,2754,84.69922879177378,145.26221079691516,27.29860250965561,18.21782647508941,-89.05151781169533,1.9439603369984384,Smooth,159846,66,1,15.119999885559082,35.36000061035156,29.0,30.0,14.878978786188554,0.2911066710948944,0.0,center_proxy_gt_axes_angle,,,left_only
159913,2667,test,42,left,session_1_0_2,102,smooth,1658886345019994,2755,84.71059431524547,145.1266149870801,27.03214768726069,18.2904287632057,-88.5775223034768,0.3163819408466543,Smooth,159846,67,1,15.119999885559082,35.36000061035156,28.0,29.0,14.36467927632463,0.28284817934036255,0.0,center_proxy_gt_axes_angle,,,left_only
159914,2668,test,42,left,session_1_0_2,102,smooth,1658886345059994,2756,84.91457286432161,144.9924623115578,27.063816834719177,18.8005929506073,-87.18605490247008,0.7401216456477878,Smooth,159846,68,1,15.119999885559082,35.31999969482422,28.0,29.0,14.34701359484183,0.27687400579452515,0.0,center_proxy_gt_axes_angle,,,left_only
159915,2669,test,42,left,session_1_0_2,102,smooth,1658886345099994,2757,84.7120822622108,145.0591259640103,27.22294103848371,18.25236254397341,-88.58189049962266,1.3240066604415237,Smooth,159846,69,1,15.119999885559082,35.36000061035156,29.0,29.0,15.267744133975789,0.26407599449157715,0.0,center_proxy_gt_axes_angle,,,left_only
159916,2670,test,42,left,session_1_0_2,102,smooth,1658886345139994,2758,84.75321336760925,145.15681233933162,27.47753537577685,18.09366313906047,-88.14735278418014,1.1233740890001789,Smooth,159846,70,1,15.119999885559082,35.36000061035156,34.0,28.0,20.2638597830143,0.3076844811439514,0.0,center_proxy_gt_axes_angle,,,left_only
159917,2671,test,42,left,session_1_0_2,102,smooth,1658886345179994,2759,84.9125,145.0625,27.283957584495663,18.754217086496613,-87.23043259365836,1.5072591570317082,Smooth,159846,71,1,15.119999885559082,35.31999969482422,33.0,28.0,19.32037265749897,0.2909198999404907,0.0,center_proxy_gt_axes_angle,,,left_only
159918,2672,test,42,left,session_1_0_2,102,smooth,1658886345219994,2760,85.02702702702703,145.13267813267814,27.402633121327217,18.970464462970163,-87.98535912222376,1.632184061688822,Smooth,159846,72,1,15.319999694824219,35.52000045776367,34.0,28.0,20.136852243737927,0.3700047731399536,0.0,center_proxy_gt_axes_angle,,,left_only
159919,2673,test,42,left,session_1_0_2,102,smooth,1658886345259994,2761,84.95024875621891,145.09701492537314,27.27940053840009,18.838996643811225,-87.83584230032643,0.8670554935294508,Smooth,159846,73,1,15.119999885559082,35.31999969482422,33.0,27.0,19.7209735818058,0.3236556053161621,0.0,center_proxy_gt_axes_angle,,,left_only
159920,2674,test,42,left,session_1_0_2,102,smooth,1658886345299994,2762,85.0074812967581,145.09725685785537,27.35927515900097,18.734158580860026,-87.02580214194693,2.057884419260432,Smooth,159846,74,1,15.279999732971191,35.439998626708984,33.0,27.0,19.627327537959687,0.2598172426223755,0.0,center_proxy_gt_axes_angle,,,left_only
159921,2675,test,42,left,session_1_0_2,102,smooth,1658886345339995,2763,84.79134860050891,144.99491094147584,27.265601431065985,18.41870723877725,-87.553253961092,1.7386222135795666,Smooth,159846,75,1,15.119999885559082,35.36000061035156,33.0,27.0,19.73788272073491,0.24775031208992004,0.0,center_proxy_gt_axes_angle,,,left_only
159922,2676,test,42,left,session_1_0_2,102,smooth,1658886345379995,2764,84.79691516709512,144.89717223650385,27.049505824214403,18.378456308031687,-88.24523008518982,1.300246688375576,Smooth,159846,76,1,15.119999885559082,35.20000076293945,32.0,26.0,19.22431839888249,0.2542264461517334,0.0,center_proxy_gt_axes_angle,,,left_only
159923,2677,test,42,left,session_1_0_2,102,smooth,1658886345419995,2765,84.91435768261965,144.82115869017633,27.01825309945012,18.78378934487814,-88.49266518345553,0.9379178620259502,Smooth,159846,77,1,15.279999732971191,35.0,32.0,25.0,19.48225882513225,0.2746846079826355,0.0,center_proxy_gt_axes_angle,,,left_only
159924,2678,test,42,left,session_1_0_2,102,smooth,1658886345459995,2766,84.93350383631713,144.90281329923275,26.9836555283264,18.53256212277751,-87.28647146230671,1.5679568837969882,Smooth,159846,78,1,15.319999694824219,35.279998779296875,45.0,25.0,31.409883683604747,0.2570561170578003,0.0,center_proxy_gt_axes_angle,,,left_only
159925,2679,test,42,left,session_1_0_2,102,smooth,1658886345499995,2767,84.90673575129534,144.89896373056996,27.0782024179703,18.228885957268183,-88.34264010068576,0.970508541323524,Smooth,159846,79,1,15.239999771118164,35.040000915527344,46.0,26.0,32.06086759015648,0.27973049879074097,0.0,center_proxy_gt_axes_angle,,,left_only
159926,2680,test,42,left,session_1_0_2,102,smooth,1658886345539995,2768,85.04092071611254,144.8388746803069,26.82011893885535,18.64114382376106,-87.484484416838,1.554928506424141,Smooth,159846,80,1,15.399999618530273,35.119998931884766,32.0,25.0,19.44156349284038,0.21925494074821472,0.0,center_proxy_gt_axes_angle,,,left_only
159927,2681,test,42,left,session_1_0_2,102,smooth,1658886345579995,2769,85.0440414507772,144.7357512953368,26.615777735226168,18.55411576768037,-88.15620798822425,2.299597153131939,Smooth,159846,81,1,15.279999732971191,35.0,28.0,24.0,16.816611037697605,0.24220779538154602,0.0,center_proxy_gt_axes_angle,,,left_only
159928,2682,test,42,left,session_1_0_2,102,smooth,1658886345619995,2770,85.02604166666667,144.671875,26.453225334523573,18.567265885328293,-87.52427099827996,1.4552598521286155,Smooth,159846,82,1,15.279999732971191,35.0,45.0,24.0,31.690352094481256,0.21840603649616241,0.0,center_proxy_gt_axes_angle,,,left_only
159929,2683,test,42,left,session_1_0_2,102,smooth,1658886345659995,2771,85.16326530612245,144.63520408163265,26.685110634603443,18.789982708278583,-86.3578448508577,1.101387745318423,Smooth,159846,83,1,15.279999732971191,35.0,46.0,25.0,32.30663115223019,0.21953244507312775,0.0,center_proxy_gt_axes_angle,,,left_only
159930,2684,test,42,left,session_1_0_2,102,smooth,1658886345699995,2772,85.1082474226804,144.6159793814433,26.46693457759862,18.746428231248213,-86.51321391693565,1.4644489345331717,Smooth,159846,84,1,15.279999732971191,35.0,45.0,26.0,31.052832654561364,0.23057082295417786,0.0,center_proxy_gt_axes_angle,,,left_only
159931,2685,test,42,left,session_1_0_2,102,smooth,1658886345739995,2773,85.12339331619538,144.5784061696658,26.55272131931186,18.741351735921093,-85.87093804653992,2.2347775829914216,Smooth,159846,85,1,15.279999732971191,35.0,28.0,33.0,12.876273016413288,0.2689729928970337,0.0,center_proxy_gt_axes_angle,,,left_only
159932,2686,test,42,left,session_1_0_2,102,smooth,1658886345779995,2774,85.23575129533678,144.56735751295338,26.61069519528258,18.56475107674178,-85.8981667480547,2.671045688781525,Smooth,159846,86,1,15.279999732971191,35.0,28.0,34.0,12.759247892928993,0.2841229736804962,0.0,center_proxy_gt_axes_angle,,,left_only
159933,2687,test,42,left,session_1_0_2,102,smooth,1658886345819995,2775,85.2421875,144.28645833333334,26.158406735065977,18.76018869377146,-86.49530444723385,3.361768730694021,Smooth,159846,87,1,15.279999732971191,35.0,27.0,34.0,11.762585016022427,0.33867138624191284,0.0,center_proxy_gt_axes_angle,,,left_only
159934,2688,test,42,left,session_1_0_2,102,smooth,1658886345859995,2776,85.31428571428572,144.24155844155845,26.421662976679134,18.645424091788232,-86.3809884805316,2.277915206615257,Smooth,159846,88,1,15.279999732971191,35.0,27.0,34.0,11.762585016022427,0.2934713065624237,0.0,center_proxy_gt_axes_angle,,,left_only
159935,2689,test,42,left,session_1_0_2,102,smooth,1658886345899995,2777,85.33417721518987,144.08354430379748,26.86418847666423,18.825829310007475,-87.2848574105075,2.09702397503632,Smooth,159846,89,1,15.279999732971191,35.0,27.0,34.0,11.762585016022427,0.34924566745758057,0.0,center_proxy_gt_axes_angle,,,left_only
159936,2690,test,42,left,session_1_0_2,102,smooth,1658886345939995,2778,85.32901554404145,144.21502590673575,26.475219824628034,18.64893152922089,-86.02416823044284,1.6241346349405077,Smooth,159846,90,1,15.279999732971191,35.0,27.0,34.0,11.762585016022427,0.31054750084877014,0.0,center_proxy_gt_axes_angle,,,left_only
159937,2691,test,42,left,session_1_0_2,102,smooth,1658886345979995,2779,85.43256997455471,144.01017811704835,27.172442035166835,18.53341024461409,-87.29780197982416,0.7475922069363944,Smooth,159846,91,1,15.279999732971191,35.0,27.0,34.0,11.762585016022427,0.281671941280365,0.0,center_proxy_gt_axes_angle,,,left_only
159938,2692,test,42,left,session_1_0_2,102,smooth,1658886346019995,2780,85.43256997455471,144.01017811704835,27.172442035166835,18.53341024461409,-87.29780197982416,1.738457694114237,Smooth,159846,92,1,15.279999732971191,35.0,27.0,34.0,11.762585016022427,0.3024185299873352,0.0,center_proxy_gt_axes_angle,,,left_only
159939,2693,test,42,left,session_1_0_2,102,smooth,1658886346059995,2781,85.36989795918367,143.96938775510205,27.097143495916047,18.54475601199904,-86.50113425689241,0.5975033478265899,Smooth,159846,93,1,15.279999732971191,35.0,27.0,34.0,11.762585016022427,0.31686168909072876,0.0,center_proxy_gt_axes_angle,,,left_only
159940,2694,test,42,left,session_1_0_2,102,smooth,1658886346099995,2782,85.46446700507614,143.9720812182741,27.207600859861863,18.55484601217703,-88.16018475163268,1.690743310408998,Smooth,159846,94,1,15.279999732971191,35.0,27.0,34.0,11.762585016022427,0.3336066007614136,0.0,center_proxy_gt_axes_angle,,,left_only
159941,2695,test,42,left,session_1_0_2,102,smooth,1658886346139995,2783,85.40664961636828,143.91815856777492,27.20462279979057,18.42020208978948,-87.24636411367811,1.4732082867477,Smooth,159846,95,1,15.279999732971191,35.0,27.0,34.0,11.762585016022427,0.3443644046783447,0.0,center_proxy_gt_axes_angle,,,left_only
159942,2696,test,42,left,session_1_0_2,102,smooth,1658886346179995,2784,85.2964824120603,143.77638190954775,27.35209853776815,18.63718427914095,-88.50157844121924,2.733576352600227,Smooth,159846,96,1,15.279999732971191,35.0,27.0,34.0,11.762585016022427,0.28711241483688354,0.0,center_proxy_gt_axes_angle,,,left_only
159943,2697,test,42,left,session_1_0_2,102,smooth,1658886346219995,2785,85.28211586901763,143.75062972292193,27.311876754494783,18.62163478216817,-88.15295186738184,17.071288447358874,Smooth,159846,97,1,15.279999732971191,35.0,46.0,32.0,30.866137050273235,0.3179275691509247,0.0,center_proxy_gt_axes_angle,,,left_only
159944,2698,test,42,left,session_1_0_2,102,smooth,1658886346259995,2786,85.36138613861387,143.5470297029703,27.80218708349404,18.60486840588705,-86.45628762442749,56.25957187705327,Smooth,159846,98,1,15.279999732971191,35.0,46.0,31.0,30.97932240069576,0.3609609007835388,0.0,center_proxy_gt_axes_angle,,,left_only
159945,2699,test,42,left,session_1_0_2,102,smooth,1658886346299995,2787,87.86436781609196,142.7264367816092,28.65067958918692,19.456782172994192,-87.7384862469751,105.37811723458776,Smooth,159846,99,1,15.880000114440918,34.68000030517578,32.0,43.0,18.14047384255163,0.35085952281951904,0.0,center_proxy_gt_axes_angle,,,left_only
164407,4449,test,42,left,session_2_0_1,201,saccade_fixation,1658886564180170,4717,96.90537084398976,128.95907928388746,25.786460986269525,19.402148079557765,-74.17692422686731,4.8309812755928405,Fixation,164358,49,1,17.600000381469727,31.1200008392334,27.0,33.0,9.586156146905411,0.47716450691223145,0.0,center_proxy_gt_axes_angle,,,left_only
164408,4450,test,42,left,session_2_0_1,201,saccade_fixation,1658886564220170,4718,96.751269035533,129.1497461928934,25.68778372963661,19.592479499845464,-72.26063698082633,17.818040575306934,Fixation,164358,50,1,17.520000457763672,31.520000457763672,33.0,31.0,15.488730945552362,0.357195109128952,0.0,center_proxy_gt_axes_angle,,,left_only
164409,4451,test,42,left,session_2_0_1,201,saccade_fixation,1658886564260170,4719,96.73047858942066,129.13350125944584,25.70128475647594,19.72101534383236,-71.08691303834539,24.28874629991496,Fixation,164358,51,1,17.520000457763672,31.520000457763672,29.0,32.0,11.490029984743007,0.38534969091415405,0.0,center_proxy_gt_axes_angle,,,left_only
164410,4452,test,42,left,session_2_0_1,201,saccade_fixation,1658886564300170,4720,100.11138014527845,127.34140435835351,26.014057128399507,20.28906380599725,-60.8521724417048,24.68736095101561,Fixation,164358,52,1,18.200000762939453,31.0,28.0,32.0,9.850887525821584,0.5292967557907104,0.0,center_proxy_gt_axes_angle,,,left_only
164411,4453,test,42,left,session_2_0_1,201,saccade_fixation,1658886564340170,4721,100.36057692307692,127.18028846153848,26.095351191209616,20.35477701285221,-65.81450202651996,24.63101819108324,Fixation,164358,53,1,18.15999984741211,31.040000915527344,28.0,33.0,10.03330451117992,0.5046294331550598,0.0,center_proxy_gt_axes_angle,,,left_only
164412,4454,test,42,left,session_2_0_1,201,saccade_fixation,1658886564380170,4722,100.20286396181385,127.2291169451074,26.335343899066974,20.307339611822048,-64.28338377018004,1.1394496409914088,Fixation,164358,54,1,18.280000686645508,31.0,27.0,32.0,8.777151475558732,0.4922176003456116,0.0,center_proxy_gt_axes_angle,,,left_only
164416,4458,test,42,left,session_2_0_1,201,saccade_fixation,1658886564540170,4726,100.50869565217393,127.35217391304349,27.413380577891424,21.439075901251567,-62.82273251781234,1.1509644467215103,Fixation,164358,58,1,18.200000762939453,31.040000915527344,34.0,32.0,15.829136872656772,0.35157954692840576,0.0,center_proxy_gt_axes_angle,,,left_only
164417,4459,test,42,left,session_2_0_1,201,saccade_fixation,1658886564580170,4727,100.52527472527473,127.35164835164836,27.26514267381653,21.31756678405247,-64.63102897146496,1.502811477191144,Fixation,164358,59,1,18.200000762939453,31.040000915527344,34.0,31.0,15.800049872211066,0.3087943494319916,0.0,center_proxy_gt_axes_angle,,,left_only
164422,4464,test,42,left,session_2_0_1,201,saccade_fixation,1658886564780170,4732,100.3040380047506,126.97387173396676,26.396898462459188,20.37309430338952,-65.69615658135032,0.5947084603157652,Fixation,164358,64,1,18.15999984741211,31.040000915527344,46.0,33.0,27.908909059782818,0.294860303401947,0.0,center_proxy_gt_axes_angle,,,left_only
164423,4465,test,42,left,session_2_0_1,201,saccade_fixation,1658886564820170,4733,100.4083129584352,126.98044009779952,26.02679147367342,20.068122946897343,-67.87382763365927,0.8798453959627772,Fixation,164358,65,1,18.15999984741211,31.040000915527344,27.0,32.0,8.891973961946935,0.22605550289154053,0.0,center_proxy_gt_axes_angle,,,left_only
164426,4468,test,42,left,session_2_0_1,201,saccade_fixation,1658886564940170,4736,100.40441176470588,126.95343137254902,25.98925294495552,20.06131278782724,-67.42786236119271,0.368871515427586,Fixation,164358,68,1,18.15999984741211,31.040000915527344,46.0,26.0,28.292529362441424,0.23350265622138977,0.0,center_proxy_gt_axes_angle,,,left_only
164427,4469,test,42,left,session_2_0_1,201,saccade_fixation,1658886564980171,4737,100.42401960784314,127.06372549019608,25.925870588508594,20.097939820192103,-67.40714921096257,2.575348155583666,Fixation,164358,69,1,18.15999984741211,31.040000915527344,46.0,26.0,28.292529362441424,0.2191661298274994,0.0,center_proxy_gt_axes_angle,,,left_only
164428,4470,test,42,left,session_2_0_1,201,saccade_fixation,1658886565020171,4738,100.41951219512195,127.00487804878048,26.03809557821515,20.10560858481385,-68.36781986714861,0.3094426908564103,Fixation,164358,70,1,18.15999984741211,31.040000915527344,46.0,32.0,27.856546927756177,0.21472540497779846,0.0,center_proxy_gt_axes_angle,,,left_only
164429,4471,test,42,left,session_2_0_1,201,saccade_fixation,1658886565060171,4739,100.33002481389578,126.66253101736972,25.8959451442133,19.884005118535992,-65.16778169790315,1.0844839717249035,Fixation,164358,71,1,18.239999771118164,30.719999313354492,46.0,33.0,27.85347403536269,0.292652428150177,0.0,center_proxy_gt_axes_angle,,,left_only
164430,4472,test,42,left,session_2_0_1,201,saccade_fixation,1658886565100171,4740,100.45388349514565,126.95145631067962,26.219439139863265,20.068894881837483,-67.86215900704809,1.332310672271083,Fixation,164358,72,1,18.15999984741211,31.040000915527344,46.0,33.0,27.908909059782818,0.2400175929069519,0.0,center_proxy_gt_axes_angle,,,left_only
164431,4473,test,42,left,session_2_0_1,201,saccade_fixation,1658886565140171,4741,100.4903381642512,126.90338164251207,26.371351177970865,20.05294962049826,-67.31824408667224,0.6985959245997345,Fixation,164358,73,1,18.15999984741211,31.040000915527344,46.0,33.0,27.908909059782818,0.2877461910247803,0.0,center_proxy_gt_axes_angle,,,left_only
164432,4474,test,42,left,session_2_0_1,201,saccade_fixation,1658886565180171,4742,100.4578313253012,126.79518072289156,26.356768460784487,20.141532492192223,-66.53345290465201,1.1253465939743637,Fixation,164358,74,1,18.15999984741211,31.040000915527344,46.0,33.0,27.908909059782818,0.27143728733062744,0.0,center_proxy_gt_axes_angle,,,left_only
164433,4475,test,42,left,session_2_0_1,201,saccade_fixation,1658886565220171,4743,100.42583732057416,126.72009569377992,26.399174735679686,20.25815259592634,-67.9971445972444,0.7061154071209603,Fixation,164358,75,1,18.15999984741211,31.040000915527344,27.0,33.0,9.054678299580145,0.30100017786026,0.0,center_proxy_gt_axes_angle,,,left_only
164434,4476,test,42,left,session_2_0_1,201,saccade_fixation,1658886565260171,4744,100.44471153846152,126.7716346153846,26.359220377649063,20.192356400373143,-66.9980850334865,1.648360680082686,Fixation,164358,76,1,18.15999984741211,31.040000915527344,27.0,34.0,9.322402977657257,0.2985813617706299,0.0,center_proxy_gt_axes_angle,,,left_only
164435,4477,test,42,left,session_2_0_1,201,saccade_fixation,1658886565300171,4745,100.4578313253012,126.79518072289156,26.356768460784487,20.141532492192223,-66.53345290465201,2.1589414345300253,Fixation,164358,77,1,18.15999984741211,31.040000915527344,46.0,33.0,27.908909059782818,0.27944111824035645,0.0,center_proxy_gt_axes_angle,,,left_only
164436,4478,test,42,left,session_2_0_1,201,saccade_fixation,1658886565340171,4746,100.43065693430655,126.53284671532846,26.00953810802258,20.21161760520016,-66.401832943749,3.2774172905563086,Fixation,164358,78,1,18.399999618530273,30.8799991607666,46.0,33.0,27.681300992104386,0.2822466492652893,0.0,center_proxy_gt_axes_angle,,,left_only
164437,4479,test,42,left,session_2_0_1,201,saccade_fixation,1658886565380171,4747,100.44691358024691,126.37530864197532,25.69315412661892,20.157713299898862,-65.21781439112354,51.3679047958739,Fixation,164358,79,1,18.399999618530273,30.8799991607666,46.0,32.0,27.622715705321454,0.24396920204162598,0.0,center_proxy_gt_axes_angle,,,left_only
164438,4480,test,42,left,session_2_0_1,201,saccade_fixation,1658886565420171,4748,100.9400479616307,126.59952038369303,25.798218498821413,20.659416375992155,-61.62003705238807,116.04600398477538,Fixation,164358,80,1,18.399999618530273,30.8799991607666,46.0,27.0,27.87139061017011,0.28767144680023193,0.0,center_proxy_gt_axes_angle,,,left_only
164439,4481,test,42,left,session_2_0_1,201,saccade_fixation,1658886565460171,4749,108.64951768488746,127.4630225080386,23.935510842831206,16.655711313385602,-6.566610288407048,114.0612550381296,Fixation,164358,81,1,19.68000030517578,30.84000015258789,29.0,33.0,9.56702637460271,0.4237439036369324,0.0,center_proxy_gt_axes_angle,,,left_only
164440,4482,test,42,left,session_2_0_1,201,saccade_fixation,1658886565660171,4754,136.40274599542334,117.31350114416476,24.87816007375762,22.388977955279078,-7.801668758342373,111.46186059463136,Fixation,164358,82,1,24.8799991607666,28.399999618530273,28.0,34.0,6.410492142517468,0.4424011707305908,0.0,center_proxy_gt_axes_angle,,,left_only
164441,4483,test,42,left,session_2_0_1,201,saccade_fixation,1658886565700171,4755,135.65570175438597,116.75438596491227,25.53200265964169,22.79794261944675,-16.103255030701064,88.81408512890836,Fixation,164358,83,1,24.799999237060547,28.479999542236328,26.0,32.0,3.7189252551929206,0.4894493818283081,0.2857142857142857,center_proxy_gt_axes_angle,,,left_only
164442,4484,test,42,left,session_2_0_1,201,saccade_fixation,1658886565740171,4756,135.31798245614036,117.09429824561404,25.50832606011056,22.829350772069297,-16.996048287933803,7.450401632172455,Fixation,164358,84,1,24.639999389648438,28.68000030517578,26.0,31.0,2.6892378556277037,0.44695478677749634,0.42105263157894735,center_proxy_gt_axes_angle,,,left_only
164443,4485,test,42,left,session_2_0_1,201,saccade_fixation,1658886565780171,4757,135.22566371681415,117.391592920354,25.652617195036704,22.50865448579934,-14.854180035504273,8.962288070048801,Fixation,164358,85,1,24.799999237060547,28.479999542236328,26.0,33.0,4.67658058513259,0.4107699990272522,0.17391304347826086,center_proxy_gt_axes_angle,,,left_only
164444,4486,test,42,left,session_2_0_1,201,saccade_fixation,1658886565820171,4758,135.2941176470588,117.7516339869281,26.00758499265229,22.537048716332908,-13.691490493671324,18.196220710910985,Fixation,164358,86,1,24.639999389648438,28.68000030517578,27.0,31.0,3.309380828016657,0.34931623935699463,0.3170731707317073,center_proxy_gt_axes_angle,,,left_only
164445,4487,test,42,left,session_2_0_1,201,saccade_fixation,1658886565860171,4759,135.08085106382978,118.06808510638298,25.823159546646558,23.22028027586123,-16.580827142705658,16.376677053633944,Fixation,164358,87,1,24.639999389648438,28.68000030517578,27.0,25.0,4.371727933775567,0.37694597244262695,0.058823529411764705,center_proxy_gt_axes_angle,,,left_only
164446,4488,test,42,left,session_2_0_1,201,saccade_fixation,1658886565900171,4760,134.359437751004,119.8433734939759,26.234146779770565,24.26974965596411,-21.60144075750765,14.544798564559038,Fixation,164358,88,1,24.239999771118164,29.0,26.0,28.0,2.0242531476236154,0.43653249740600586,0.5,center_proxy_gt_axes_angle,,,left_only
164450,4492,test,42,left,session_2_0_1,201,saccade_fixation,1658886566060171,4764,134.58560311284046,119.88910505836576,26.86431069544057,24.464431737519515,-29.12758549388744,0.8536876537376861,Fixation,164358,92,1,24.360000610351562,29.15999984741211,28.0,28.0,3.8203658467006947,0.3213796615600586,0.08,center_proxy_gt_axes_angle,,,left_only
164451,4493,test,42,left,session_2_0_1,201,saccade_fixation,1658886566100171,4765,134.54705882352943,120.03333333333332,26.589343484024493,24.53865847285831,-24.68823190715821,0.837399468963121,Fixation,164358,93,1,24.239999771118164,29.0,29.0,31.0,5.16310005509821,0.2720297574996948,0.08,center_proxy_gt_axes_angle,,,left_only
164455,4497,test,42,left,session_2_0_1,201,saccade_fixation,1658886566260172,4769,134.71041666666667,119.93541666666668,26.095397542487444,23.57304438429592,-24.216072280314197,2.3174752119844606,Fixation,164358,97,1,24.399999618530273,29.280000686645508,33.0,31.0,8.770313802779201,0.21201130747795105,0.0,center_proxy_gt_axes_angle,,,left_only
164456,4498,test,42,left,session_2_0_1,201,saccade_fixation,1658886566300172,4770,134.66736842105263,119.62315789473683,25.68151579830181,23.63717905834367,-22.34558209956529,1.025857268365166,Fixation,164358,98,1,24.360000610351562,29.15999984741211,30.0,27.0,6.039469550884008,0.3015938699245453,0.0,center_proxy_gt_axes_angle,,,left_only
164457,4499,test,42,left,session_2_0_1,201,saccade_fixation,1658886566340172,4771,134.67956989247313,119.65591397849462,25.657708171601204,23.194983221987147,-24.32170399957832,0.4784347331098922,Fixation,164358,99,1,24.520000457763672,29.0,45.0,34.0,21.081517527208526,0.47082075476646423,0.0,center_proxy_gt_axes_angle,,,left_only
164458,4500,test,42,left,session_2_0_1,201,saccade_fixation,1658886566380172,4772,134.7199124726477,119.80087527352298,25.554585000919023,22.91543921098149,-21.022942710697837,1.78462980679083,Fixation,164458,0,1,24.399999618530273,29.280000686645508,30.0,20.0,10.838746099831022,0.3479622006416321,0.0,center_proxy_gt_axes_angle,,,left_only
164461,4503,test,42,left,session_2_0_1,201,saccade_fixation,1658886566500172,4775,134.73275862068965,119.95258620689656,25.743965577315088,23.087552863695205,-20.25676867108521,0.6595574536388531,Fixation,164458,3,1,24.399999618530273,29.280000686645508,27.0,28.0,2.8979999553926317,0.2250056117773056,0.2,center_proxy_gt_axes_angle,,,left_only
164462,4504,test,42,left,session_2_0_1,201,saccade_fixation,1658886566540172,4776,134.78787878787878,119.95021645021644,25.602034273455985,23.112403304293927,-21.80811358419436,0.6291404230288735,Fixation,164458,4,1,24.559999465942383,29.1200008392334,27.0,34.0,5.456005353304209,0.24893155694007874,0.14893617021276595,center_proxy_gt_axes_angle,,,left_only
164463,4505,test,42,left,session_2_0_1,201,saccade_fixation,1658886566580172,4777,134.8138528138528,119.9047619047619,25.538579718508664,23.186035266019104,-21.607517422317443,1.3982709577701269,Fixation,164458,5,1,24.559999465942383,29.1200008392334,46.0,34.0,21.988360891832606,0.26828449964523315,0.0,center_proxy_gt_axes_angle,,,left_only
164464,4506,test,42,left,session_2_0_1,201,saccade_fixation,1658886566620172,4778,134.77991452991452,119.82692307692308,25.674324490871225,23.3359427313702,-25.918164191084745,0.3246688488998891,Fixation,164458,6,1,24.559999465942383,29.1200008392334,46.0,34.0,21.988360891832606,0.25288063287734985,0.0,center_proxy_gt_axes_angle,,,left_only
164465,4507,test,42,left,session_2_0_1,201,saccade_fixation,1658886566660172,4779,134.75107296137338,119.72961373390558,25.763520815716213,23.150246175281744,-19.936689929731443,0.5698384723792913,Fixation,164458,7,1,24.399999618530273,29.280000686645508,46.0,34.0,22.109690409355785,0.2958540618419647,0.0,center_proxy_gt_axes_angle,,,left_only
164466,4508,test,42,left,session_2_0_1,201,saccade_fixation,1658886566700172,4780,134.77730192719486,119.89935760171306,25.706407061695128,23.292530547006454,-25.606445162722025,1.3762029009002106,Fixation,164458,8,1,24.399999618530273,29.280000686645508,46.0,33.0,21.917992868208763,0.3231419622898102,0.0,center_proxy_gt_axes_angle,,,left_only
164467,4509,test,42,left,session_2_0_1,201,saccade_fixation,1658886566740172,4781,134.7228144989339,119.8997867803838,25.83111026692432,23.283988797263927,-23.662472719155147,1.8367235143046852,Fixation,164458,9,1,24.399999618530273,29.280000686645508,46.0,32.0,21.770585953164908,0.28730928897857666,0.0,center_proxy_gt_axes_angle,,,left_only
164468,4510,test,42,left,session_2_0_1,201,saccade_fixation,1658886566780172,4782,134.78158458244113,120.0471092077088,25.593058332475422,23.38742680665893,-22.25350806830562,0.4008251979987908,Fixation,164458,10,1,24.559999465942383,29.1200008392334,46.0,32.0,21.632568457453388,0.25535792112350464,0.0,center_proxy_gt_axes_angle,,,left_only
164469,4511,test,42,left,session_2_0_1,201,saccade_fixation,1658886566820172,4783,134.7863247863248,120.02136752136752,25.59588427118605,23.43881069837956,-23.51430921858073,1.2604131285166271,Fixation,164458,11,1,24.399999618530273,29.280000686645508,46.0,28.0,21.637893109942688,0.25864624977111816,0.0,center_proxy_gt_axes_angle,,,left_only
164470,4512,test,42,left,session_2_0_1,201,saccade_fixation,1658886566860172,4784,134.71336206896552,119.89439655172414,25.486323198963458,23.308778241586488,-23.80895626914787,2.0217010621300995,Fixation,164458,12,1,24.399999618530273,29.280000686645508,27.0,32.0,3.762764708069272,0.250894695520401,0.3170731707317073,center_proxy_gt_axes_angle,,,left_only
164471,4513,test,42,left,session_2_0_1,201,saccade_fixation,1658886566900172,4785,134.76304347826087,119.70217391304348,25.48862587884902,23.104568079061263,-25.75450149574644,2.7705649884894483,Fixation,164458,13,1,24.559999465942383,29.1200008392334,27.0,33.0,4.58344805727642,0.3163199722766876,0.14893617021276595,center_proxy_gt_axes_angle,,,left_only
164472,4514,test,42,left,session_2_0_1,201,saccade_fixation,1658886566940172,4786,134.83369330453564,119.72786177105831,25.55496407134199,23.181203011143023,-22.484421575117864,142.45563473139504,Fixation,164458,14,1,24.520000457763672,29.0,46.0,33.0,21.849264983849523,0.2884851098060608,0.0,center_proxy_gt_axes_angle,,,left_only
164473,4515,test,42,left,session_2_0_1,201,saccade_fixation,1658886566980172,4787,135.22844827586206,119.98922413793105,25.501404552996267,23.318930605068843,-30.87166895815838,137.46995885097994,Fixation,164458,15,1,24.520000457763672,29.1200008392334,27.0,32.0,3.8006305918240364,0.39285460114479065,0.3488372093023256,center_proxy_gt_axes_angle,,,left_only
164474,4516,test,42,left,session_2_0_1,201,saccade_fixation,1658886567140172,4791,174.5358851674641,117.61722488038278,20.10163267561585,13.341652167670336,14.058670484147257,130.7094075552757,Fixation,164458,16,1,31.719999313354492,28.559999465942383,32.0,32.0,3.451377124980498,0.4352162778377533,0.1111111111111111,center_proxy_gt_axes_angle,,,left_only
164475,4517,test,42,left,session_2_0_1,201,saccade_fixation,1658886567180172,4792,172.61363636363637,112.70681818181818,26.098531029252204,21.51898221270077,30.89279188034334,128.82498096984202,Fixation,164458,17,1,31.520000457763672,27.520000457763672,30.0,30.0,2.9087452829517693,0.4873864948749542,0.3488372093023256,center_proxy_gt_axes_angle,,,left_only
164476,4518,test,42,left,session_2_0_1,201,saccade_fixation,1658886567220172,4793,170.53587443946188,111.67713004484304,25.98199188341108,21.898278049939453,31.29315769991129,43.46154211354886,Fixation,164458,18,1,31.079999923706055,27.079999923706055,27.0,32.0,6.391619523107883,0.4682456851005554,0.0,center_proxy_gt_axes_angle,,,left_only
164477,4519,test,42,left,session_2_0_1,201,saccade_fixation,1658886567260172,4794,170.38546255506608,111.92070484581498,26.03149536065153,22.23834833333076,32.385717179068706,13.47568434973162,Fixation,164458,19,1,31.079999923706055,27.079999923706055,28.0,32.0,5.804549963671751,0.4542984962463379,0.05660377358490566,center_proxy_gt_axes_angle,,,left_only
164478,4520,test,42,left,session_2_0_1,201,saccade_fixation,1658886567300172,4795,170.5032679738562,111.9520697167756,26.27686342875695,22.268498706478308,30.561684956966783,2.303541714362908,Fixation,164458,20,1,31.079999923706055,27.079999923706055,26.0,25.0,5.489335015051524,0.38174644112586975,0.0,center_proxy_gt_axes_angle,,,left_only
164479,4521,test,42,left,session_2_0_1,201,saccade_fixation,1658886567340172,4796,170.57667386609072,112.0,26.472722611928116,22.29934354679241,29.932581166209214,1.2212347974813038,Fixation,164458,21,1,31.079999923706055,27.079999923706055,26.0,23.0,6.515581217535004,0.3219431936740875,0.0,center_proxy_gt_axes_angle,,,left_only
164480,4522,test,42,left,session_2_0_1,201,saccade_fixation,1658886567380172,4797,170.663179916318,112.02301255230124,26.865948293449,22.701531398753623,30.98477167797012,15.444419927753106,Fixation,164458,22,1,31.079999923706055,27.079999923706055,27.0,25.0,4.579606867413251,0.3138895332813263,0.0,center_proxy_gt_axes_angle,,,left_only
164483,4525,test,42,left,session_2_0_1,201,saccade_fixation,1658886567500173,4800,173.2293388429752,111.00206611570248,27.582782684005025,22.3673624607461,27.48890096498502,17.915800132091373,Fixation,164458,25,1,31.68000030517578,27.0,27.0,27.0,4.680000305175781,0.46551406383514404,0.11688311688311688,center_proxy_gt_axes_angle,,,left_only
164484,4526,test,42,left,session_2_0_1,201,saccade_fixation,1658886567540173,4801,173.24634655532358,111.03966597077245,27.202142298315177,22.44713826944321,27.6639201796296,3.63939034747075,Fixation,164458,26,1,31.84000015258789,27.040000915527344,27.0,30.0,5.673376072245675,0.3854573965072632,0.06172839506172839,center_proxy_gt_axes_angle,,,left_only
164485,4527,test,42,left,session_2_0_1,201,saccade_fixation,1658886567580173,4802,173.30105263157895,111.0021052631579,27.193116030360777,22.259759168339343,27.351780097383028,2.2895958520079724,Fixation,164458,27,1,31.68000030517578,27.0,27.0,30.0,5.5589929714333515,0.27289053797721863,0.06172839506172839,center_proxy_gt_axes_angle,,,left_only
164486,4528,test,42,left,session_2_0_1,201,saccade_fixation,1658886567620173,4803,173.34978540772534,110.84763948497854,27.06270088624342,21.94438155714093,27.454407974099013,2.750862509891882,Fixation,164458,28,1,31.719999313354492,26.719999313354492,46.0,30.0,14.651853948050096,0.21094146370887756,0.0,center_proxy_gt_axes_angle,,,left_only
164487,4529,test,42,left,session_2_0_1,201,saccade_fixation,1658886567660173,4804,173.4273127753304,110.69383259911896,26.89692427360892,21.524132843778037,24.367712124536013,2.4540604010612035,Fixation,164458,29,1,31.719999313354492,26.719999313354492,14.0,29.0,17.866078998940637,0.2693931758403778,0.0,center_proxy_gt_axes_angle,,,left_only
164488,4530,test,42,left,session_2_0_1,201,saccade_fixation,1658886567700173,4805,173.3677130044843,110.61659192825113,26.43085294592691,21.523945482290596,26.408030136113663,2.268291406823701,Fixation,164458,30,1,31.719999313354492,26.719999313354492,46.0,29.0,14.460872129359977,0.21598199009895325,0.0,center_proxy_gt_axes_angle,,,left_only
164489,4531,test,42,left,session_2_0_1,201,saccade_fixation,1658886567740173,4806,173.32339449541286,110.61009174311928,25.997711136730207,21.39995725706999,27.47902082841071,0.891934079156208,Fixation,164458,31,1,31.639999389648438,26.639999389648438,14.0,30.0,17.95714850883514,0.2755395770072937,0.0,center_proxy_gt_axes_angle,,,left_only
164490,4532,test,42,left,session_2_0_1,201,saccade_fixation,1658886567780173,4807,173.43691588785046,110.49532710280374,25.93204264979863,21.06304956168725,29.555616620930863,1.8545557762427771,Fixation,164458,32,1,31.639999389648438,26.639999389648438,14.0,30.0,17.95714850883514,0.23866446316242218,0.0,center_proxy_gt_axes_angle,,,left_only
164491,4533,test,42,left,session_2_0_1,201,saccade_fixation,1658886567820173,4808,173.54028436018956,110.60663507109004,25.616785102967537,21.034589030619564,28.17527023434053,2.3095758285570485,Fixation,164458,33,1,31.639999389648438,26.639999389648438,46.0,25.0,14.453346170605078,0.21448031067848206,0.0,center_proxy_gt_axes_angle,,,left_only
164492,4534,test,42,left,session_2_0_1,201,saccade_fixation,1658886567860173,4809,173.6315789473684,110.48086124401914,25.304314177092618,21.093145255450658,32.71227478708016,2.148207422917135,Fixation,164458,34,1,31.639999389648438,26.639999389648438,46.0,26.0,14.374255345862185,0.34843313694000244,0.0,center_proxy_gt_axes_angle,,,left_only
164493,4535,test,42,left,session_2_0_1,201,saccade_fixation,1658886567900173,4810,173.68780487804878,110.54878048780488,24.807307630948934,21.088315152985164,32.049823209562106,0.5801052131501594,Fixation,164458,35,1,31.68000030517578,26.68000030517578,46.0,27.0,14.323574660832865,0.33549827337265015,0.0,center_proxy_gt_axes_angle,,,left_only
164494,4536,test,42,left,session_2_0_1,201,saccade_fixation,1658886567940173,4811,173.7639902676399,110.60097323600974,24.895849820620327,21.0585728524463,31.6198784530699,1.0911204184209604,Fixation,164458,36,1,31.639999389648438,26.639999389648438,46.0,27.0,14.364512451480932,0.32128721475601196,0.0,center_proxy_gt_axes_angle,,,left_only
164495,4537,test,42,left,session_2_0_1,201,saccade_fixation,1658886567980173,4812,173.60911270983215,110.54436450839329,25.294760038909384,21.05083813446248,29.956245588735754,1.882990840764525,Fixation,164458,37,1,31.639999389648438,26.639999389648438,46.0,26.0,14.374255345862185,0.2684252858161926,0.0,center_proxy_gt_axes_angle,,,left_only
164496,4538,test,42,left,session_2_0_1,201,saccade_fixation,1658886568020173,4813,173.46428571428572,110.43095238095238,25.38313513472129,21.12141205280461,30.429077321792164,3.3751773196442376,Fixation,164458,38,1,31.639999389648438,26.639999389648438,27.0,24.0,5.338463366295773,0.26662588119506836,0.0,center_proxy_gt_axes_angle,,,left_only
164497,4539,test,42,left,session_2_0_1,201,saccade_fixation,1658886568060173,4814,173.4037558685446,110.44835680751174,25.813992255191398,21.059294218254472,28.45753411489494,2.4090907693506973,Fixation,164458,39,1,31.639999389648438,26.639999389648438,27.0,24.0,5.338463366295773,0.22656026482582092,0.0,center_proxy_gt_axes_angle,,,left_only
164498,4540,test,42,left,session_2_0_1,201,saccade_fixation,1658886568100173,4815,173.2288329519451,110.52860411899312,26.186364899386994,21.28256087428855,26.79210102121047,1.813555819358879,Fixation,164458,40,1,31.639999389648438,26.639999389648438,27.0,29.0,5.205688928162883,0.2734905779361725,0.0,center_proxy_gt_axes_angle,,,left_only
164499,4541,test,42,left,session_2_0_1,201,saccade_fixation,1658886568140173,4816,173.22374429223746,110.55251141552512,26.16173709860937,21.349807940145425,27.050280190928987,1.5932242345558325,Fixation,164458,41,1,31.639999389648438,26.639999389648438,27.0,31.0,6.367040101821558,0.2583875060081482,0.0,center_proxy_gt_axes_angle,,,left_only
164500,4542,test,42,left,session_2_0_1,201,saccade_fixation,1658886568180173,4817,173.2118451025057,110.5740318906606,26.132012914684733,21.424499869506327,27.014547835007875,0.4437979565980712,Fixation,164458,42,1,31.639999389648438,26.639999389648438,27.0,31.0,6.367040101821558,0.29708796739578247,0.0,center_proxy_gt_axes_angle,,,left_only
164501,4543,test,42,left,session_2_0_1,201,saccade_fixation,1658886568220173,4818,173.1909090909091,110.58863636363635,26.122039959188832,21.482830436819807,26.521320413582885,0.5401089439394442,Fixation,164458,43,1,31.639999389648438,26.639999389648438,27.0,29.0,5.205688928162883,0.27454882860183716,0.0,center_proxy_gt_axes_angle,,,left_only
164502,4544,test,42,left,session_2_0_1,201,saccade_fixation,1658886568260173,4819,173.1909090909091,110.58863636363635,26.122039959188832,21.482830436819807,26.521320413582885,0.789124097356744,Fixation,164458,44,1,31.639999389648438,26.639999389648438,27.0,29.0,5.205688928162883,0.21732085943222046,0.0,center_proxy_gt_axes_angle,,,left_only
164503,4545,test,42,left,session_2_0_1,201,saccade_fixation,1658886568300173,4820,173.13800904977376,110.5633484162896,26.29421908836719,21.434332520054923,26.4688335563626,0.7853860324387582,Fixation,164458,45,1,31.639999389648438,26.639999389648438,28.0,26.0,3.6958347873506696,0.2233831286430359,0.038461538461538464,center_proxy_gt_axes_angle,,,left_only
164504,4546,test,42,left,session_2_0_1,201,saccade_fixation,1658886568340173,4821,173.0855855855856,110.57432432432432,26.356003123949225,21.474531784605677,25.256042620851588,32.02418610110008,Fixation,164458,46,1,31.639999389648438,26.639999389648438,46.0,25.0,14.453346170605078,0.24019792675971985,0.0,center_proxy_gt_axes_angle,,,left_only
164505,4547,test,42,left,session_2_0_1,201,saccade_fixation,1658886568380173,4822,173.0695067264574,110.62107623318386,26.299169253119523,21.62556738569391,25.495643834879477,180.7226784013804,Fixation,164458,47,1,31.639999389648438,26.639999389648438,46.0,25.0,14.453346170605078,0.270526260137558,0.0,center_proxy_gt_axes_angle,,,left_only
164506,4548,test,42,left,session_2_0_1,201,saccade_fixation,1658886568420173,4823,168.06753812636163,110.66013071895424,26.75430769434415,21.89583228766187,20.00275282201227,302.50191479578393,Fixation,164458,48,1,30.8799991607666,26.639999389648438,26.0,28.0,5.065964219103739,0.4537762403488159,0.0,center_proxy_gt_axes_angle,,,left_only
164507,4549,test,42,left,session_2_0_1,201,saccade_fixation,1658886568460173,4824,144.52905811623248,114.76352705410822,26.756536769790905,23.799369314260144,-14.673583357655332,405.3814006095852,Fixation,164458,49,1,26.360000610351562,27.799999237060547,26.0,28.0,0.41182610969905836,0.5879442691802979,0.5882352941176471,center_proxy_gt_axes_angle,,,left_only
164508,4550,test,42,left,session_2_0_1,201,saccade_fixation,1658886568500173,4825,126.06165703275528,122.03468208092484,27.793819674351013,23.869620379102344,-40.20031101775968,426.31418182855975,Fixation,164458,50,1,22.84000015258789,29.84000015258789,23.0,29.0,0.8551024543992245,0.5323516726493835,0.6818181818181818,center_proxy_gt_axes_angle,,,left_only
164509,4551,test,42,left,session_2_0_1,201,saccade_fixation,1658886568540173,4826,111.48971193415638,130.9897119341564,28.012607713139857,22.123444593756197,-67.81712077955359,281.6243556952325,Fixation,164458,51,1,20.200000762939453,32.040000915527344,20.0,32.0,0.20396170821845216,0.6453439593315125,0.6818181818181818,center_proxy_gt_axes_angle,,,left_only
164510,4552,test,42,left,session_2_0_1,201,saccade_fixation,1658886568580173,4827,104.72536687631028,135.9664570230608,27.42832981435648,22.23122009727395,-67.47802152792337,157.26108855322994,Fixation,164458,52,1,19.0,33.040000915527344,27.0,31.0,8.256004102188443,0.42209985852241516,0.0,center_proxy_gt_axes_angle,,,left_only
164511,4553,test,42,left,session_2_0_1,201,saccade_fixation,1658886568620173,4828,104.70431211498972,135.84394250513347,27.59306554708145,22.56281400917389,-72.01301654613516,49.90830098241198,Fixation,164458,53,1,19.0,33.0,26.0,32.0,7.0710678118654755,0.4729861319065094,0.0,center_proxy_gt_axes_angle,,,left_only
164512,4554,test,42,left,session_2_0_1,201,saccade_fixation,1658886568660173,4829,104.97727272727272,135.76652892561984,27.393760311010126,22.578582789224583,-72.50905547696271,2.449773585463475,Fixation,164458,54,1,19.0,33.0,26.0,33.0,7.0,0.351116418838501,0.0,center_proxy_gt_axes_angle,,,left_only
164513,4555,test,42,left,session_2_0_1,201,saccade_fixation,1658886568700174,4830,104.9749478079332,135.60751565762004,27.1105975006369,22.571483435716477,-72.1929965315353,1.9257782870334317,Fixation,164458,55,1,19.0,33.0,27.0,33.0,8.0,0.36401599645614624,0.0,center_proxy_gt_axes_angle,,,left_only
164514,4556,test,42,left,session_2_0_1,201,saccade_fixation,1658886568740174,4831,104.96842105263158,135.65894736842105,26.92293317870308,22.536770208647027,-70.55042463468904,0.7722819762446571,Fixation,164458,56,1,19.0,33.040000915527344,26.0,32.0,7.076835585506966,0.4072224497795105,0.0,center_proxy_gt_axes_angle,,,left_only
164515,4557,test,42,left,session_2_0_1,201,saccade_fixation,1658886568780174,4832,104.84516129032258,135.56989247311827,26.802015716990468,22.183469584297296,-72.25146428552104,1.0143216709639082,Fixation,164458,57,1,19.0,33.0,27.0,32.0,8.06225774829855,0.4036601483821869,0.0,center_proxy_gt_axes_angle,,,left_only
164516,4558,test,42,left,session_2_0_1,201,saccade_fixation,1658886568820174,4833,105.02127659574468,135.65106382978723,26.76509455181548,22.431880459267116,-68.72302640384181,0.8561741911241777,Fixation,164458,58,1,19.0,33.0,27.0,31.0,8.246211251235321,0.3512699007987976,0.0,center_proxy_gt_axes_angle,,,left_only
164517,4559,test,42,left,session_2_0_1,201,saccade_fixation,1658886568860174,4834,105.05732484076434,135.74734607218684,26.90283947080719,22.37424954774148,-70.10350703414781,62.72475875080238,Fixation,164458,59,1,19.0,33.040000915527344,27.0,31.0,8.256004102188443,0.3813275098800659,0.0,center_proxy_gt_axes_angle,,,left_only
164518,4560,test,42,left,session_2_0_1,201,saccade_fixation,1658886568900174,4835,104.99141630901288,135.793991416309,26.86434370442674,22.196068401385528,-72.74230196914853,109.4099714984589,Fixation,164458,60,1,19.0,33.040000915527344,26.0,31.0,7.291200431708924,0.4276304244995117,0.0,center_proxy_gt_axes_angle,,,left_only
164519,4561,test,42,left,session_2_0_1,201,saccade_fixation,1658886568940174,4836,96.26839826839829,140.78138528138527,28.06771989281934,21.02318080823542,-79.64351728005504,110.87804699381309,Fixation,164458,61,1,17.360000610351562,34.400001525878906,17.0,33.0,1.445546509772952,0.6162158250808716,0.4230769230769231,center_proxy_gt_axes_angle,,,left_only
164520,4562,test,42,left,session_2_0_1,201,saccade_fixation,1658886568980174,4837,89.1891891891892,143.12039312039312,27.300615944536727,19.073748822429195,-82.8089802466685,108.4000007996092,Fixation,164458,62,1,15.319999694824219,34.959999084472656,15.0,34.0,1.0119278862033259,0.5146600008010864,0.5882352941176471,center_proxy_gt_axes_angle,,,left_only
164521,4563,test,42,left,session_2_0_1,201,saccade_fixation,1658886569020174,4838,89.00738916256158,143.3054187192118,27.31621214551313,19.01298904689589,-83.84886025089182,46.24066813757182,Fixation,164458,63,1,16.0,35.0,27.0,32.0,11.40175425099138,0.4246674180030823,0.0,center_proxy_gt_axes_angle,,,left_only
164522,4564,test,42,left,session_2_0_1,201,saccade_fixation,1658886569060174,4839,89.3047619047619,143.19285714285715,28.048534071139045,19.15049384388524,-82.95093458572887,1.7222226285748057,Fixation,164458,64,1,15.84000015258789,34.959999084472656,26.0,32.0,10.582400081243057,0.44007232785224915,0.0,center_proxy_gt_axes_angle,,,left_only
164523,4565,test,42,left,session_2_0_1,201,saccade_fixation,1658886569100174,4840,89.34192037470726,143.38173302107728,28.41401961463276,19.221894488143025,-84.05048636213147,2.5104186042182697,Fixation,164458,65,1,15.84000015258789,34.959999084472656,26.0,33.0,10.347327834303297,0.34131139516830444,0.0,center_proxy_gt_axes_angle,,,left_only
164524,4566,test,42,left,session_2_0_1,201,saccade_fixation,1658886569140174,4841,89.37471264367817,143.32413793103447,28.881728998417472,19.261443043410708,-83.70739749526247,1.3769693142172543,Fixation,164458,66,1,15.84000015258789,34.959999084472656,26.0,32.0,10.582400081243057,0.2604438066482544,0.0,center_proxy_gt_axes_angle,,,left_only
164525,4567,test,42,left,session_2_0_1,201,saccade_fixation,1658886569180174,4842,89.40639269406392,143.35159817351598,28.980121136600637,19.33571973557741,-83.5099936268167,10.6573564652111,Fixation,164458,67,1,15.84000015258789,34.959999084472656,34.0,27.0,19.827939375608686,0.2526575028896332,0.0,center_proxy_gt_axes_angle,,,left_only
164526,4568,test,42,left,session_2_0_1,201,saccade_fixation,1658886569220174,4843,89.3514739229025,143.40816326530611,29.04926356172928,19.41378410315722,-82.69029811889635,80.82140799044689,Fixation,164458,68,1,15.800000190734863,35.0,46.0,28.0,31.00064496876822,0.23100462555885315,0.0,center_proxy_gt_axes_angle,,,left_only
164527,4569,test,42,left,session_2_0_1,201,saccade_fixation,1658886569260174,4844,90.70459518599564,142.35667396061268,29.155803029956065,20.062152404836556,-82.27466836302162,81.56912629036785,Fixation,164458,69,1,16.360000610351562,34.400001525878906,16.0,31.0,3.419007285080333,0.18546299636363983,0.17391304347826086,center_proxy_gt_axes_angle,,,left_only
164528,4570,test,42,left,session_2_0_1,201,saccade_fixation,1658886569300174,4845,98.28767123287672,133.9549902152642,29.1596407897665,22.346645335234857,-70.29609497101526,82.00969139522732,Fixation,164458,70,1,17.799999237060547,32.47999954223633,18.0,32.0,0.5199998708879147,0.4208981394767761,0.6818181818181818,center_proxy_gt_axes_angle,,,left_only
164529,4571,test,42,left,session_2_0_1,201,saccade_fixation,1658886569340174,4846,98.21926229508196,133.72540983606558,28.36899047162512,21.94206636629236,-76.19935450966261,70.78122471164161,Fixation,164458,71,1,17.639999389648438,32.599998474121094,28.0,30.0,10.681273552901674,0.42480066418647766,0.0,center_proxy_gt_axes_angle,,,left_only
164530,4572,test,42,left,session_2_0_1,201,saccade_fixation,1658886569380174,4847,98.00204498977506,133.54192229038856,28.199391187920963,22.123590726380503,-74.63471575503115,1.9055931211204624,Fixation,164458,72,1,17.639999389648438,32.599998474121094,27.0,29.0,10.028439581483045,0.42062586545944214,0.0,center_proxy_gt_axes_angle,,,left_only
164531,4573,test,42,left,session_2_0_1,201,saccade_fixation,1658886569420174,4848,97.97741273100615,133.67556468172484,28.14826858170825,22.072568636977103,-75.08011202509446,1.546822059115784,Fixation,164458,73,1,17.639999389648438,32.599998474121094,27.0,30.0,9.714401859672764,0.35682588815689087,0.0,center_proxy_gt_axes_angle,,,left_only
164532,4574,test,42,left,session_2_0_1,201,saccade_fixation,1658886569460174,4849,98.1390041493776,133.68879668049792,28.21999154220182,21.793769374551378,-75.30241288554211,4.024795763868326,Fixation,164458,74,1,17.639999389648438,32.599998474121094,26.0,31.0,8.511733391164713,0.2649308443069458,0.0,center_proxy_gt_axes_angle,,,left_only
164533,4575,test,42,left,session_2_0_1,201,saccade_fixation,1658886569500174,4850,98.08523908523908,133.93347193347194,28.022466907241466,21.93358949182764,-76.71365863096794,3.626876325280041,Fixation,164458,75,1,17.639999389648438,32.599998474121094,28.0,31.0,10.482824417287288,0.2566872835159302,0.0,center_proxy_gt_axes_angle,,,left_only
164534,4576,test,42,left,session_2_0_1,201,saccade_fixation,1658886569540174,4851,98.14799154334038,134.169133192389,27.575848596293188,21.89498222121833,-75.86222828709685,3.506039617277436,Fixation,164458,76,1,17.68000030517578,32.79999923706055,29.0,27.0,12.719370434134047,0.33898311853408813,0.0,center_proxy_gt_axes_angle,,,left_only
164535,4577,test,42,left,session_2_0_1,201,saccade_fixation,1658886569580174,4852,98.146750524109,134.23060796645703,27.618611516312,22.050639046991588,-75.25669170082604,1.1890874098953834,Fixation,164458,77,1,17.68000030517578,32.79999923706055,27.0,28.0,10.483433931079327,0.32542046904563904,0.0,center_proxy_gt_axes_angle,,,left_only
164536,4578,test,42,left,session_2_0_1,201,saccade_fixation,1658886569620174,4853,98.1954732510288,134.2469135802469,28.12359107924675,22.057245398493773,-73.56326291305933,2.3426027991493856,Fixation,164458,78,1,17.639999389648438,32.599998474121094,28.0,28.0,11.33532525375435,0.2225136160850525,0.0,center_proxy_gt_axes_angle,,,left_only
164537,4579,test,42,left,session_2_0_1,201,saccade_fixation,1658886569660174,4854,98.26422764227642,133.9979674796748,28.299839696121182,22.200534582356813,-76.10657443767138,3.089472879527546,Fixation,164458,79,1,17.639999389648438,32.63999938964844,28.0,27.0,11.795728284498567,0.24146685004234314,0.0,center_proxy_gt_axes_angle,,,left_only
164538,4580,test,42,left,session_2_0_1,201,saccade_fixation,1658886569700174,4855,98.31983805668015,133.83603238866397,28.447134981584096,22.149960015415747,-76.30315558773587,1.808666891451194,Fixation,164458,80,1,17.639999389648438,32.63999938964844,29.0,26.0,13.15823718291016,0.3050597906112671,0.0,center_proxy_gt_axes_angle,,,left_only
164539,4581,test,42,left,session_2_0_1,201,saccade_fixation,1658886569740174,4856,98.291015625,133.7578125,29.10737873921095,22.440158975945877,-74.19639819758869,0.3662781133956991,Fixation,164458,81,1,17.639999389648438,32.63999938964844,29.0,25.0,13.690113386711461,0.3223600387573242,0.0,center_proxy_gt_axes_angle,,,left_only
164540,4582,test,42,left,session_2_0_1,201,saccade_fixation,1658886569780174,4857,98.2148288973384,133.95817490494298,29.426799423977418,22.78959201096661,-75.24968591687438,1.3765460736478612,Fixation,164458,82,1,17.719999313354492,32.52000045776367,29.0,25.0,13.556873620989796,0.30184102058410645,0.0,center_proxy_gt_axes_angle,,,left_only
164541,4583,test,42,left,session_2_0_1,201,saccade_fixation,1658886569820174,4858,98.30377358490566,133.9547169811321,29.595163514605304,22.837036607405903,-75.9642278747706,0.4340790592154597,Fixation,164458,83,1,17.719999313354492,32.52000045776367,32.0,25.0,16.139046641464358,0.2732703983783722,0.0,center_proxy_gt_axes_angle,,,left_only
164542,4584,test,42,left,session_2_0_1,201,saccade_fixation,1658886569860174,4859,98.33333333333331,134.0558659217877,29.803583532216116,22.97477927098447,-76.20587346423895,1.2882947719431448,Fixation,164458,84,1,17.760000228881836,32.52000045776367,32.0,26.0,15.661672945464154,0.24386641383171082,0.0,center_proxy_gt_axes_angle,,,left_only
164543,4585,test,42,left,session_2_0_1,201,saccade_fixation,1658886569900174,4860,98.34806629834254,133.7974217311234,30.305309130068466,22.85180551409428,-75.43041572894924,68.81141511577316,Fixation,164458,85,1,17.760000228881836,32.47999954223633,29.0,28.0,12.099916972986803,0.2949415445327759,0.0,center_proxy_gt_axes_angle,,,left_only
164544,4586,test,42,left,session_2_0_1,201,saccade_fixation,1658886569940174,4861,98.37043795620438,133.82299270072994,30.350478746430635,23.030408620575464,-75.85171689364029,64.48670299505922,Fixation,164458,86,1,17.760000228881836,32.47999954223633,46.0,28.0,28.59314573409494,0.25948864221572876,0.0,center_proxy_gt_axes_angle,,,left_only
164545,4587,test,42,left,session_2_0_1,201,saccade_fixation,1658886569980175,4862,109.15055467511884,132.06656101426307,30.42060699046372,26.47076600790528,-57.55435589861858,63.41162370515648,Fixation,164458,87,1,19.68000030517578,32.15999984741211,19.0,32.0,0.6985702299776694,0.5567396879196167,0.5925925925925926,center_proxy_gt_axes_angle,,,left_only
164546,4588,test,42,left,session_2_0_1,201,saccade_fixation,1658886570420175,4873,134.41091492776886,132.46548956661317,29.23872139249396,27.225724268951843,-24.600637470965125,62.35617909655253,Fixation,164458,88,1,24.399999618530273,32.15999984741211,27.0,35.0,3.8504029464904015,0.39269760251045227,0.34545454545454546,center_proxy_gt_axes_angle,,,left_only
164547,4589,test,42,left,session_2_0_1,201,saccade_fixation,1658886570460175,4874,133.77041602465331,131.29583975346688,29.485564908829293,28.10020044241978,-69.58370350456973,42.70137846878937,Fixation,164458,89,1,24.239999771118164,32.0,26.0,32.0,1.760000228881836,0.46779847145080566,0.6818181818181818,center_proxy_gt_axes_angle,,,left_only
164548,4590,test,42,left,session_2_0_1,201,saccade_fixation,1658886570500175,4875,133.22401171303073,131.67789165446558,30.19329068088008,28.86813631704514,-71.27606085199048,9.467398169707316,Fixation,164458,90,1,24.15999984741211,32.08000183105469,27.0,34.0,3.4281181186552767,0.44988954067230225,0.42857142857142855,center_proxy_gt_axes_angle,,,left_only
164549,4591,test,42,left,session_2_0_1,201,saccade_fixation,1658886570540175,4876,133.0625,131.86773255813952,30.054817093066795,29.203264731234235,-56.85705721360516,7.374183219662281,Fixation,164458,91,1,24.15999984741211,32.08000183105469,27.0,32.0,2.8411267412192904,0.4743320941925049,0.5333333333333333,center_proxy_gt_axes_angle,,,left_only
164550,4592,test,42,left,session_2_0_1,201,saccade_fixation,1658886570580175,4877,132.96317280453258,132.0198300283286,30.69011484446202,29.343784653705665,-68.64601501091296,3.358370984713276,Fixation,164458,92,1,24.040000915527344,32.15999984741211,27.0,33.0,3.0768806990890374,0.43090367317199707,0.5384615384615384,center_proxy_gt_axes_angle,,,left_only
164551,4593,test,42,left,session_2_0_1,201,saccade_fixation,1658886570620175,4878,132.98463687150837,132.1759776536313,30.936846323180184,29.52016608984633,-70.76738124834141,1.9285581678240684,Fixation,164458,93,1,24.15999984741211,32.15999984741211,27.0,32.0,2.8445036153731884,0.44327297806739807,0.4492753623188406,center_proxy_gt_axes_angle,,,left_only
164552,4594,test,42,left,session_2_0_1,201,saccade_fixation,1658886570660175,4879,132.97099447513813,132.15193370165747,31.122704397827743,29.672056422349304,-76.77416661141639,1.474560275064037,Fixation,164458,94,1,24.040000915527344,32.36000061035156,27.0,33.0,3.028397893082964,0.454642653465271,0.5625,center_proxy_gt_axes_angle,,,left_only
164553,4595,test,42,left,session_2_0_1,201,saccade_fixation,1658886570700175,4880,133.0246575342466,132.17397260273972,31.26298876053316,29.77605974892603,-73.60763836983287,0.6549534064799801,Fixation,164458,95,1,24.1200008392334,32.31999969482422,26.0,32.0,1.9070387120272938,0.3949660360813141,0.6206896551724138,center_proxy_gt_axes_angle,,,left_only
164554,4596,test,42,left,session_2_0_1,201,saccade_fixation,1658886570740175,4881,133.06906077348066,132.23066298342542,31.150956543229597,29.643642796102245,-73.4283420067361,1.1897154637883889,Fixation,164458,96,1,24.1200008392334,32.31999969482422,27.0,32.0,2.8977223764025295,0.39014512300491333,0.46875,center_proxy_gt_axes_angle,,,left_only
164555,4597,test,42,left,session_2_0_1,201,saccade_fixation,1658886570780175,4882,132.9644381223329,132.2788051209104,30.624856335722,29.273335854331854,-68.4751057388868,1.8237112120210728,Fixation,164458,97,1,24.1200008392334,32.2400016784668,26.0,32.0,1.8952566185480018,0.3387804627418518,0.5873015873015873,center_proxy_gt_axes_angle,,,left_only
164556,4598,test,42,left,session_2_0_1,201,saccade_fixation,1658886570820175,4883,133.0421511627907,132.32848837209303,30.34026223239776,28.92198174800273,-69.1203010289351,1.1795023023341529,Fixation,164458,98,1,24.1200008392334,32.2400016784668,28.0,32.0,3.8874148599315217,0.45560339093208313,0.3333333333333333,center_proxy_gt_axes_angle,,,left_only
164557,4599,test,42,left,session_2_0_1,201,saccade_fixation,1658886570860175,4884,133.0413589364845,132.46528803545053,30.01616906579488,28.772613739544507,-71.42530456000067,2.850010305494365,Fixation,164458,99,1,24.15999984741211,32.36000061035156,45.0,39.0,21.87224721546451,0.45967984199523926,0.0,center_proxy_gt_axes_angle,,,left_only
164558,4600,test,42,left,session_2_0_1,201,saccade_fixation,1658886570900175,4885,133.1564828614009,132.397913561848,30.02781638312549,28.510797893953622,-75.19989859063506,3.6532939101512727,Fixation,164558,0,1,24.31999969482422,32.15999984741211,29.0,20.0,13.029504946294312,0.34142982959747314,0.0,center_proxy_gt_axes_angle,,,left_only
164559,4601,test,42,left,session_2_0_1,201,saccade_fixation,1658886570940175,4886,133.18798151001542,131.88135593220338,29.48165799282726,28.095060844290558,-60.98687308510688,4.500318013507109,Fixation,164558,1,1,24.479999542236328,32.0,28.0,29.0,4.624976024008823,0.4797403812408447,0.1780821917808219,center_proxy_gt_axes_angle,,,left_only
164560,4602,test,42,left,session_2_0_1,201,saccade_fixation,1658886570980175,4887,133.16820987654322,131.7577160493827,29.26857307253863,28.259523499192497,-60.92061889841456,5.05548444193264,Fixation,164558,2,1,24.479999542236328,32.0,27.0,30.0,3.21720411337688,0.3769431412220001,0.34375,center_proxy_gt_axes_angle,,,left_only
164561,4603,test,42,left,session_2_0_1,201,saccade_fixation,1658886571020175,4888,133.2107765451664,131.76545166402536,29.267390645285776,27.54802690324731,-70.7179774815077,2.3473685402209177,Fixation,164558,3,1,24.479999542236328,32.0,28.0,30.0,4.048506295247231,0.3872857093811035,0.23333333333333334,center_proxy_gt_axes_angle,,,left_only
164562,4604,test,42,left,session_2_0_1,201,saccade_fixation,1658886571060175,4889,133.25040387722132,131.59450726978997,29.02295324146932,27.257497262244563,-73.65349705048799,1.065293121950024,Fixation,164558,4,1,24.200000762939453,32.20000076293945,27.0,30.0,3.560898634400286,0.3950445055961609,0.34545454545454546,center_proxy_gt_axes_angle,,,left_only
164563,4605,test,42,left,session_2_0_1,201,saccade_fixation,1658886571100175,4890,132.9202657807309,131.61794019933555,28.99547719634948,26.516737331781272,-74.39520161843377,1.3796237187046043,Fixation,164558,5,1,24.200000762939453,31.799999237060547,28.0,30.0,4.204758192224529,0.3246597945690155,0.23333333333333334,center_proxy_gt_axes_angle,,,left_only
164564,4606,test,42,left,session_2_0_1,201,saccade_fixation,1658886571140175,4891,133.1290322580645,131.92359932088286,28.62636316158018,26.30115011385423,-74.2800425051715,3.676729425602723,Fixation,164558,6,1,24.0,32.0,46.0,29.0,22.20360331117452,0.26754480600357056,0.0,center_proxy_gt_axes_angle,,,left_only
164565,4607,test,42,left,session_2_0_1,201,saccade_fixation,1658886571180175,4892,132.9965811965812,131.8188034188034,28.59846091382713,26.113934476966094,-73.25316505799557,1.7741567432886785,Fixation,164558,7,1,24.0,32.0,46.0,29.0,22.20360331117452,0.23763874173164368,0.0,center_proxy_gt_axes_angle,,,left_only
164566,4608,test,42,left,session_2_0_1,201,saccade_fixation,1658886571220176,4893,132.68006700167504,131.73869346733667,28.59725970027793,26.659384977958844,-66.89927703185231,3.439708289191844,Fixation,164558,8,1,24.0,32.0,46.0,29.0,22.20360331117452,0.23766368627548218,0.0,center_proxy_gt_axes_angle,,,left_only
164567,4609,test,42,left,session_2_0_1,201,saccade_fixation,1658886571260176,4894,132.65939597315435,131.7298657718121,28.62124062031493,26.591153383946832,-66.89822246658409,2.667233262355978,Fixation,164558,9,1,24.0,32.0,46.0,31.0,22.02271554554524,0.2429557740688324,0.0,center_proxy_gt_axes_angle,,,left_only
164568,4610,test,42,left,session_2_0_1,201,saccade_fixation,1658886571300176,4895,132.64440734557596,131.6627712854758,28.731059486171528,26.614148373326397,-70.35407213996295,1.661079184281277,Fixation,164558,10,1,24.0,32.0,45.0,33.0,21.02379604162864,0.29632431268692017,0.0,center_proxy_gt_axes_angle,,,left_only
164569,4611,test,42,left,session_2_0_1,201,saccade_fixation,1658886571340176,4896,132.69039735099338,131.52152317880794,28.792497413834944,26.782803616933297,-71.50396271720157,70.80333522568006,Fixation,164558,11,1,24.0,32.0,46.0,32.0,22.0,0.3500101864337921,0.0,center_proxy_gt_axes_angle,,,left_only
164570,4612,test,42,left,session_2_0_1,201,saccade_fixation,1658886571380176,4897,132.57560975609755,131.49430894308944,28.981770586410303,27.08932728529476,-65.45960474028169,149.5284548726763,Fixation,164558,12,1,24.200000762939453,31.799999237060547,26.0,31.0,1.9697705533173167,0.3538356125354767,0.6086956521739131,center_proxy_gt_axes_angle,,,left_only
164571,4613,test,42,left,session_2_0_1,201,saccade_fixation,1658886571420176,4898,142.45857988165682,137.41420118343194,30.383873377492545,28.36846277341552,64.10287017004066,160.71267824781913,Fixation,164558,13,1,26.0,33.52000045776367,26.0,33.0,0.5200004577636719,0.7214165925979614,0.6818181818181818,center_proxy_gt_axes_angle,,,left_only
164572,4614,test,42,left,session_2_0_1,201,saccade_fixation,1658886571460176,4899,150.49924127465857,147.58725341426404,29.704973023011192,28.271062957569285,75.06199569028112,166.09589232468826,Fixation,164558,14,1,27.280000686645508,36.0,28.0,32.0,4.0642833330405175,0.4282723665237427,0.1746031746031746,center_proxy_gt_axes_angle,,,left_only
164573,4615,test,42,left,session_2_0_1,201,saccade_fixation,1658886571500176,4900,151.79336349924586,148.7345399698341,29.17543227275794,28.98634514748326,56.535949228145576,97.88329886259146,Fixation,164558,15,1,27.600000381469727,36.15999984741211,28.0,34.0,2.196724615340917,0.3361993432044983,0.3333333333333333,center_proxy_gt_axes_angle,,,left_only
164574,4616,test,42,left,session_2_0_1,201,saccade_fixation,1658886571540176,4901,152.42128279883383,149.16909620991254,30.11068963188849,29.06707221831684,57.69223878488176,17.9131632338837,Fixation,164558,16,1,27.84000015258789,36.279998779296875,28.0,33.0,3.283898893595978,0.40422576665878296,0.20512820512820512,center_proxy_gt_axes_angle,,,left_only
164575,4617,test,42,left,session_2_0_1,201,saccade_fixation,1658886571580176,4902,152.821997105644,149.1562952243126,30.07877791058542,29.322528831188645,-89.77036020318151,8.41131325397959,Fixation,164558,17,1,27.959999084472656,36.400001525878906,27.0,33.0,3.532932014370957,0.45161473751068115,0.1951219512195122,center_proxy_gt_axes_angle,,,left_only
164576,4618,test,42,left,session_2_0_1,201,saccade_fixation,1658886571620176,4903,152.92329545454547,149.11647727272728,30.2553892223652,29.6943556889192,-78.51719686360549,5.360918655535343,Fixation,164558,18,1,27.959999084472656,36.400001525878906,27.0,32.0,4.503511038059643,0.4416172504425049,0.09090909090909091,center_proxy_gt_axes_angle,,,left_only
164577,4619,test,42,left,session_2_0_1,201,saccade_fixation,1658886571660176,4904,153.0754189944134,149.14385474860336,30.62945270355195,29.84552384846265,-80.43085226466589,3.5603630433430484,Fixation,164558,19,1,28.040000915527344,36.47999954223633,27.0,31.0,5.577812912531943,0.3904554843902588,0.0425531914893617,center_proxy_gt_axes_angle,,,left_only
164578,4620,test,42,left,session_2_0_1,201,saccade_fixation,1658886571700176,4905,153.2780082987552,149.12724757952975,31.131488803667857,29.64541485362919,85.59668202750673,4.718754440081586,Fixation,164558,20,1,28.040000915527344,36.47999954223633,27.0,31.0,5.577812912531943,0.3812946677207947,0.020833333333333332,center_proxy_gt_axes_angle,,,left_only
164579,4621,test,42,left,session_2_0_1,201,saccade_fixation,1658886571740176,4906,153.3876712328767,149.08904109589042,31.128877188442264,29.928703306134363,86.06667390813384,4.497301592413319,Fixation,164558,21,1,28.040000915527344,36.47999954223633,28.0,31.0,5.4801455323881125,0.3291115164756775,0.031578947368421054,center_proxy_gt_axes_angle,,,left_only
164580,4622,test,42,left,session_2_0_1,201,saccade_fixation,1658886571780176,4907,153.67121418826738,149.21964529331515,31.47261710520039,29.723581267639634,-87.30780582632737,3.5009923899434803,Fixation,164558,22,1,27.959999084472656,36.47999954223633,29.0,30.0,6.562925869738339,0.33253014087677,0.0,center_proxy_gt_axes_angle,,,left_only
164581,4623,test,42,left,session_2_0_1,201,saccade_fixation,1658886571820176,4908,153.79375848032564,149.18588873812757,31.46614260626228,29.877676675505192,-87.61341091079426,3.005025507544002,Fixation,164558,23,1,27.959999084472656,36.47999954223633,29.0,29.0,7.551953062364291,0.3497200310230255,0.0,center_proxy_gt_axes_angle,,,left_only
164582,4624,test,42,left,session_2_0_1,201,saccade_fixation,1658886571860176,4909,153.8087431693989,148.94808743169398,31.165311253485957,29.96367409029866,-85.37197265478909,2.3545432505288417,Fixation,164558,24,1,27.959999084472656,36.47999954223633,29.0,31.0,5.577812912531943,0.34880152344703674,0.020833333333333332,center_proxy_gt_axes_angle,,,left_only
164583,4625,test,42,left,session_2_0_1,201,saccade_fixation,1658886571900176,4910,153.80081855388812,148.8431105047749,31.27615925299085,29.89026772207068,84.7314555224602,1.4819225451967708,Fixation,164558,25,1,27.959999084472656,36.47999954223633,28.0,33.0,3.480229430254287,0.3124921917915344,0.18072289156626506,center_proxy_gt_axes_angle,,,left_only
164584,4626,test,42,left,session_2_0_1,201,saccade_fixation,1658886571940176,4911,153.88842975206612,148.91184573002755,31.013742207543725,29.84857176505788,-87.5908402612195,1.136372240126215,Fixation,164558,26,1,27.959999084472656,36.47999954223633,46.0,33.0,18.372589089352445,0.26956015825271606,0.0,center_proxy_gt_axes_angle,,,left_only
164585,4627,test,42,left,session_2_0_1,201,saccade_fixation,1658886571980176,4912,153.9217032967033,148.98626373626374,31.071982775130625,29.86180645539836,88.30470945506323,1.0416795130047234,Fixation,164558,27,1,27.959999084472656,36.47999954223633,46.0,33.0,18.372589089352445,0.2751101553440094,0.0,center_proxy_gt_axes_angle,,,left_only
164586,4628,test,42,left,session_2_0_1,201,saccade_fixation,1658886572020176,4913,153.96652719665272,148.85774058577405,30.85943227114361,29.631879283301675,85.37253168279771,1.3106188715037477,Fixation,164558,28,1,28.040000915527344,36.400001525878906,27.0,32.0,4.521240463858831,0.23047280311584473,0.08888888888888889,center_proxy_gt_axes_angle,,,left_only
164587,4629,test,42,left,session_2_0_1,201,saccade_fixation,1658886572060176,4914,153.96045197740114,148.795197740113,30.646680328776466,29.458293761301093,-81.6195963378727,1.9233314212728887,Fixation,164558,29,1,27.959999084472656,36.279998779296875,27.0,32.0,4.386341048410517,0.29121315479278564,0.09090909090909091,center_proxy_gt_axes_angle,,,left_only
164588,4630,test,42,left,session_2_0_1,201,saccade_fixation,1658886572100176,4915,154.09801136363637,148.90482954545453,30.46677386047205,29.472248571937925,83.7339032492135,1.7421631337090948,Fixation,164558,30,1,28.040000915527344,36.400001525878906,27.0,32.0,4.521240463858831,0.31288981437683105,0.054945054945054944,center_proxy_gt_axes_angle,,,left_only
164589,4631,test,42,left,session_2_0_1,201,saccade_fixation,1658886572140176,4916,154.13953488372093,148.76889534883722,30.240920670837784,29.019154797434915,88.61576367601761,1.8515626520296105,Fixation,164558,31,1,27.959999084472656,36.279998779296875,28.0,24.0,12.280063928692543,0.2071141004562378,0.0,center_proxy_gt_axes_angle,,,left_only
164590,4632,test,42,left,session_2_0_1,201,saccade_fixation,1658886572180176,4917,154.23529411764707,148.78382352941176,30.044892912842297,28.877433656087288,88.77301974411436,1.9667688374482912,Fixation,164558,32,1,27.959999084472656,36.279998779296875,46.0,33.0,18.335758097892118,0.2185009866952896,0.0,center_proxy_gt_axes_angle,,,left_only
164591,4633,test,42,left,session_2_0_1,201,saccade_fixation,1658886572220176,4918,154.24962406015038,148.73082706766917,29.768421057057733,28.499688004753363,-77.84769981101532,1.7826965858956596,Fixation,164558,33,1,28.079999923706055,36.2400016784668,46.0,23.0,22.28057555765063,0.254258394241333,0.0,center_proxy_gt_axes_angle,,,left_only
164592,4634,test,42,left,session_2_0_1,201,saccade_fixation,1658886572260176,4919,154.31372549019608,148.67571644042232,29.67456688831397,28.502279529850544,-80.83137899515555,1.5675165478596451,Fixation,164558,34,1,28.1200008392334,36.15999984741211,46.0,24.0,21.623134978029363,0.28320997953414917,0.0,center_proxy_gt_axes_angle,,,left_only
164593,4635,test,42,left,session_2_0_1,201,saccade_fixation,1658886572300176,4920,154.39076923076922,148.63384615384615,29.12305800899121,28.4713748265275,-84.63296238476045,1.5364207291899803,Fixation,164558,35,1,28.1200008392334,36.15999984741211,46.0,33.0,18.157091425243717,0.2887036204338074,0.0,center_proxy_gt_axes_angle,,,left_only
164594,4636,test,42,left,session_2_0_1,201,saccade_fixation,1658886572340176,4921,154.45398773006136,148.6610429447853,29.19203760109911,28.47690979653174,87.18854205388884,1.2684934233418217,Fixation,164558,36,1,28.1200008392334,36.15999984741211,46.0,33.0,18.157091425243717,0.2685973346233368,0.0,center_proxy_gt_axes_angle,,,left_only
164595,4637,test,42,left,session_2_0_1,201,saccade_fixation,1658886572380176,4922,154.49076923076922,148.68307692307692,29.188126569878627,28.394938854448075,-87.46769351301673,1.0825767616392834,Fixation,164558,37,1,28.1200008392334,36.15999984741211,46.0,33.0,18.157091425243717,0.23549863696098328,0.0,center_proxy_gt_axes_angle,,,left_only
164596,4638,test,42,left,session_2_0_1,201,saccade_fixation,1658886572420176,4923,154.5046439628483,148.74458204334366,29.0996931906198,28.304014877747264,-87.20760823963344,0.7302915095529197,Fixation,164558,38,1,28.1200008392334,36.15999984741211,46.0,25.0,21.07700089157024,0.3213065564632416,0.0,center_proxy_gt_axes_angle,,,left_only
164597,4639,test,42,left,session_2_0_1,201,saccade_fixation,1658886572460177,4924,154.54024767801857,148.72136222910217,29.14281695612549,28.261344970296843,-86.23800248293372,0.9543767110672572,Fixation,164558,39,1,28.280000686645508,36.279998779296875,27.0,32.0,4.467302464418064,0.2355635166168213,0.05714285714285714,center_proxy_gt_axes_angle,,,left_only
164598,4640,test,42,left,session_2_0_1,201,saccade_fixation,1658886572500177,4925,154.56494522691705,148.6244131455399,28.824098947089063,28.277938011457163,-84.51948038883212,1.275790898520655,Fixation,164558,40,1,28.1200008392334,36.15999984741211,27.0,32.0,4.308131916544837,0.310300350189209,0.05714285714285714,center_proxy_gt_axes_angle,,,left_only
164599,4641,test,42,left,session_2_0_1,201,saccade_fixation,1658886572540177,4926,154.62382445141066,148.60815047021944,28.80756166007402,28.24987722559258,84.59636234087209,2.4292638912096405,Fixation,164558,41,1,28.1200008392334,36.15999984741211,27.0,32.0,4.308131916544837,0.2664108872413635,0.05714285714285714,center_proxy_gt_axes_angle,,,left_only
164600,4642,test,42,left,session_2_0_1,201,saccade_fixation,1658886572580177,4927,154.65360501567395,148.6050156739812,28.82264034177585,28.23234094810984,74.20703450522959,1.827091912116392,Fixation,164558,42,1,28.1200008392334,36.15999984741211,27.0,32.0,4.308131916544837,0.27937906980514526,0.05714285714285714,center_proxy_gt_axes_angle,,,left_only
164601,4643,test,42,left,session_2_0_1,201,saccade_fixation,1658886572620177,4928,154.65238095238095,148.34920634920636,28.43897635388455,28.243168849373227,56.042047319493854,2.251451770214895,Fixation,164558,43,1,28.1200008392334,36.15999984741211,46.0,32.0,18.357558898706635,0.24389612674713135,0.0,center_proxy_gt_axes_angle,,,left_only
164602,4644,test,42,left,session_2_0_1,201,saccade_fixation,1658886572660177,4929,154.73775671406003,148.38862559241707,28.627862341241222,28.183663368493388,52.426638992783786,2.4479952074871028,Fixation,164558,44,1,28.1200008392334,36.15999984741211,46.0,33.0,18.157091425243717,0.2866472005844116,0.0,center_proxy_gt_axes_angle,,,left_only
164603,4645,test,42,left,session_2_0_1,201,saccade_fixation,1658886572700177,4930,154.83542319749216,148.3166144200627,28.671308835697094,28.371366554867,72.02711503639497,2.111731253238457,Fixation,164558,45,1,28.1200008392334,36.15999984741211,46.0,34.0,18.009996372288217,0.38272684812545776,0.0,center_proxy_gt_axes_angle,,,left_only
164604,4646,test,42,left,session_2_0_1,201,saccade_fixation,1658886572740177,4931,154.84136858475895,148.26127527216175,28.85264343800734,28.427675800111025,71.84418451310388,2.0276479114270605,Fixation,164558,46,1,28.1200008392334,36.15999984741211,46.0,33.0,18.157091425243717,0.32397133111953735,0.0,center_proxy_gt_axes_angle,,,left_only
164605,4647,test,42,left,session_2_0_1,201,saccade_fixation,1658886572780177,4932,154.9104938271605,148.13117283950618,29.00291046594252,28.506582269151654,-86.8517594683126,1.475127633855002,Fixation,164558,47,1,28.239999771118164,36.040000915527344,46.0,32.0,18.213709548780685,0.3186580538749695,0.0,center_proxy_gt_axes_angle,,,left_only
164606,4648,test,42,left,session_2_0_1,201,saccade_fixation,1658886572820177,4933,154.90381679389313,148.10992366412214,29.393089532191087,28.431106868689124,87.05287300146982,1.3945222223338958,Fixation,164558,48,1,28.1200008392334,36.15999984741211,46.0,32.0,18.357558898706635,0.3706789016723633,0.0,center_proxy_gt_axes_angle,,,left_only
164607,4649,test,42,left,session_2_0_1,201,saccade_fixation,1658886572860177,4934,154.9236641221374,148.09770992366413,29.327143773032617,28.497799146353696,83.94640067015673,0.3842334706827772,Fixation,164558,49,1,28.239999771118164,36.040000915527344,46.0,32.0,18.213709548780685,0.3224267363548279,0.0,center_proxy_gt_axes_angle,,,left_only
164608,4650,test,42,left,session_2_0_1,201,saccade_fixation,1658886572900177,4935,154.9452887537994,148.06382978723406,29.32815267032092,28.622719258706194,85.16158634462438,0.7197839117309093,Fixation,164558,50,1,28.239999771118164,36.040000915527344,28.0,32.0,4.047123334863733,0.30063503980636597,0.16666666666666666,center_proxy_gt_axes_angle,,,left_only
164609,4651,test,42,left,session_2_0_1,201,saccade_fixation,1658886572940177,4936,154.96515151515152,148.1030303030303,29.43685184387793,28.60002214748349,80.97506014858514,0.3663216587963709,Fixation,164558,51,1,28.239999771118164,36.040000915527344,28.0,32.0,4.047123334863733,0.3446500599384308,0.1566265060240964,center_proxy_gt_axes_angle,,,left_only
164610,4652,test,42,left,session_2_0_1,201,saccade_fixation,1658886572980177,4937,155.00302571860817,148.05143721633888,29.403759270545592,28.680403921452164,84.89301085089717,0.3690746938461056,Fixation,164558,52,1,28.239999771118164,36.040000915527344,27.0,32.0,4.226015479128641,0.35638561844825745,0.15294117647058825,center_proxy_gt_axes_angle,,,left_only
164611,4653,test,42,left,session_2_0_1,201,saccade_fixation,1658886573020177,4938,154.9593373493976,148.0512048192771,29.47004864895685,28.74067048150388,80.92680533039848,0.4560328282045915,Fixation,164558,53,1,28.239999771118164,36.040000915527344,27.0,32.0,4.226015479128641,0.3607051372528076,0.14285714285714285,center_proxy_gt_axes_angle,,,left_only
164612,4654,test,42,left,session_2_0_1,201,saccade_fixation,1658886573060177,4939,155.00302571860817,148.05143721633888,29.403759270545592,28.680403921452164,84.89301085089717,0.4157575852188372,Fixation,164558,54,1,28.239999771118164,36.040000915527344,27.0,33.0,3.2831699619087935,0.387954980134964,0.2564102564102564,center_proxy_gt_axes_angle,,,left_only
164613,4655,test,42,left,session_2_0_1,201,saccade_fixation,1658886573100177,4940,155.01659125188536,148.05128205128204,29.518265589289875,28.65614304670505,86.14419801739906,0.2161353815859051,Fixation,164558,55,1,28.239999771118164,36.040000915527344,27.0,33.0,3.2831699619087935,0.4142830967903137,0.2564102564102564,center_proxy_gt_axes_angle,,,left_only
164614,4656,test,42,left,session_2_0_1,201,saccade_fixation,1658886573140177,4941,154.9696048632219,147.9939209726444,29.27067356600211,28.67641741833733,-84.99321759763673,0.4689177597551044,Fixation,164558,56,1,28.239999771118164,36.040000915527344,27.0,32.0,4.226015479128641,0.28536373376846313,0.15294117647058825,center_proxy_gt_axes_angle,,,left_only
164615,4657,test,42,left,session_2_0_1,201,saccade_fixation,1658886573180177,4942,154.9375,148.02439024390245,29.229559566238446,28.627546859202848,86.46031446932922,0.3984755503664378,Fixation,164558,57,1,28.239999771118164,36.040000915527344,27.0,31.0,5.190299476994517,0.3220621943473816,0.06521739130434782,center_proxy_gt_axes_angle,,,left_only
164616,4658,test,42,left,session_2_0_1,201,saccade_fixation,1658886573220177,4943,154.948406676783,148.0,29.26133912189072,28.730737317956525,-81.7960081254344,0.2928277328322975,Fixation,164558,58,1,28.280000686645508,36.0,27.0,32.0,4.199809728763075,0.3811401128768921,0.1566265060240964,center_proxy_gt_axes_angle,,,left_only
164617,4659,test,42,left,session_2_0_1,201,saccade_fixation,1658886573260177,4944,154.95419847328245,148.0381679389313,29.215546110123302,28.60055836709408,-89.57270242087581,0.3452494985322737,Fixation,164558,59,1,28.239999771118164,36.040000915527344,27.0,31.0,5.190299476994517,0.36896079778671265,0.08888888888888889,center_proxy_gt_axes_angle,,,left_only
164618,4660,test,42,left,session_2_0_1,201,saccade_fixation,1658886573300177,4945,154.95419847328245,148.0381679389313,29.215546110123302,28.60055836709408,-89.57270242087581,0.5164440398592857,Fixation,164558,60,1,28.239999771118164,36.040000915527344,27.0,29.0,7.148371305619129,0.35845446586608887,0.0,center_proxy_gt_axes_angle,,,left_only
164619,4661,test,42,left,session_2_0_1,201,saccade_fixation,1658886573340177,4946,154.987786259542,148.00152671755723,29.30423480915133,28.50977884431973,-78.90779550258252,0.7138965166915023,Fixation,164558,61,1,28.239999771118164,36.040000915527344,27.0,26.0,10.116284783267176,0.31549277901649475,0.0,center_proxy_gt_axes_angle,,,left_only
164620,4662,test,42,left,session_2_0_1,201,saccade_fixation,1658886573380177,4947,155.01378254211332,148.05053598774884,29.343353054460135,28.382564684937577,84.94823296112541,0.7138965166915023,Fixation,164558,62,1,28.239999771118164,36.040000915527344,27.0,25.0,11.109420311034132,0.28978627920150757,0.0,center_proxy_gt_axes_angle,,,left_only
164621,4663,test,42,left,session_2_0_1,201,saccade_fixation,1658886573420177,4948,155.04294478527606,147.96625766871165,29.26857341157792,28.41653048275645,-87.70742719372198,0.3836964019027706,Fixation,164558,63,1,28.280000686645508,36.0,27.0,33.0,3.2616562905697117,0.305717796087265,0.2463768115942029,center_proxy_gt_axes_angle,,,left_only
164622,4664,test,42,left,session_2_0_1,201,saccade_fixation,1658886573460177,4949,155.04294478527606,147.96625766871165,29.26857341157792,28.41653048275645,-87.70742719372198,0.617167916118136,Fixation,164558,64,1,28.280000686645508,36.0,27.0,33.0,3.2616562905697117,0.3615327477455139,0.2463768115942029,center_proxy_gt_axes_angle,,,left_only
164623,4665,test,42,left,session_2_0_1,201,saccade_fixation,1658886573500177,4950,155.02457757296466,147.95238095238096,29.262559622999387,28.37039641021559,-84.81646221724084,0.2799670603241823,Fixation,164558,65,1,28.239999771118164,36.040000915527344,27.0,33.0,3.2831699619087935,0.37354743480682373,0.23333333333333334,center_proxy_gt_axes_angle,,,left_only
164624,4666,test,42,left,session_2_0_1,201,saccade_fixation,1658886573540177,4951,155.02457757296466,147.95238095238096,29.262559622999387,28.37039641021559,-84.81646221724084,0.1361470215146005,Fixation,164558,66,1,28.239999771118164,36.040000915527344,26.0,32.0,4.6194378848590665,0.3786424398422241,0.08823529411764706,center_proxy_gt_axes_angle,,,left_only
164625,4667,test,42,left,session_2_0_1,201,saccade_fixation,1658886573580177,4952,155.00766871165644,147.93865030674846,29.26818139166574,28.406765010487103,-87.45829948310353,0.6714249453406097,Fixation,164558,67,1,28.280000686645508,36.0,27.0,32.0,4.199809728763075,0.3586968183517456,0.16216216216216217,center_proxy_gt_axes_angle,,,left_only
164626,4668,test,42,left,session_2_0_1,201,saccade_fixation,1658886573620177,4953,155.0260336906585,147.95252679938744,29.278494526090448,28.448551781278024,89.44887602630855,0.8846457637077311,Fixation,164558,68,1,28.239999771118164,36.040000915527344,27.0,32.0,4.226015479128641,0.3799147605895996,0.16279069767441862,center_proxy_gt_axes_angle,,,left_only
164627,4669,test,42,left,session_2_0_1,201,saccade_fixation,1658886573660177,4954,154.98640483383687,147.85196374622356,29.44798915338012,28.67828821527858,75.3600441649034,0.9108054428311968,Fixation,164558,69,1,28.239999771118164,36.040000915527344,27.0,33.0,3.2831699619087935,0.37227964401245117,0.2564102564102564,center_proxy_gt_axes_angle,,,left_only
164628,4670,test,42,left,session_2_0_1,201,saccade_fixation,1658886573700178,4955,154.9626307922272,147.8251121076233,29.50698092545266,28.92970800386143,-89.82239620350133,0.6358570570235664,Fixation,164558,70,1,28.239999771118164,36.040000915527344,46.0,33.0,18.018302186840188,0.2449820190668106,0.0,center_proxy_gt_axes_angle,,,left_only
164629,4671,test,42,left,session_2_0_1,201,saccade_fixation,1658886573740178,4956,155.05769230769232,147.801775147929,29.56096383626479,29.182957148898044,74.06122458954523,1.2229812280497616,Fixation,164558,71,1,28.280000686645508,36.0,46.0,33.0,17.97215556535397,0.25381985306739807,0.0,center_proxy_gt_axes_angle,,,left_only
164630,4672,test,42,left,session_2_0_1,201,saccade_fixation,1658886573780178,4957,155.0529411764706,147.85441176470587,29.568895313455968,29.34825344232414,45.02554524106135,1.31494431298379,Fixation,164558,72,1,28.239999771118164,36.040000915527344,28.0,32.0,4.047123334863733,0.27360799908638,0.175,center_proxy_gt_axes_angle,,,left_only
164631,4673,test,42,left,session_2_0_1,201,saccade_fixation,1658886573820178,4958,155.1357664233577,147.72554744525547,29.706652864873348,29.423810992852324,61.31226236927394,1.0388960485026926,Fixation,164558,73,1,28.280000686645508,36.0,27.0,26.0,10.08158726380985,0.2599506378173828,0.0,center_proxy_gt_axes_angle,,,left_only
164632,4674,test,42,left,session_2_0_1,201,saccade_fixation,1658886573860178,4959,155.16931982633864,147.78581765557163,29.81599197380386,29.562008359348024,56.43425389607218,1.7567234182536673,Fixation,164558,74,1,28.280000686645508,36.0,27.0,31.0,5.1612403313363515,0.22014769911766052,0.04878048780487805,center_proxy_gt_axes_angle,,,left_only
164633,4675,test,42,left,session_2_0_1,201,saccade_fixation,1658886573900178,4960,155.22334293948126,147.8155619596542,29.95926784537649,29.550019039202,43.64379419965974,0.696366612647949,Fixation,164558,75,1,28.280000686645508,36.0,27.0,29.0,7.116066452599566,0.27850714325904846,0.0,center_proxy_gt_axes_angle,,,left_only
164634,4676,test,42,left,session_2_0_1,201,saccade_fixation,1658886573940178,4961,155.25541125541125,147.65945165945166,29.770809054929234,29.699993976409004,52.27712386881704,0.5868995439103618,Fixation,164558,76,1,28.280000686645508,36.0,27.0,31.0,5.1612403313363515,0.3002172112464905,0.047619047619047616,center_proxy_gt_axes_angle,,,left_only
164635,4677,test,42,left,session_2_0_1,201,saccade_fixation,1658886573980178,4962,155.23733719247468,147.7713458755427,29.901666438292875,29.47749067484546,41.801291946800944,0.7691263738589132,Fixation,164558,77,1,28.360000610351562,36.119998931884766,27.0,32.0,4.33866256568637,0.29486846923828125,0.13924050632911392,center_proxy_gt_axes_angle,,,left_only
164636,4678,test,42,left,session_2_0_1,201,saccade_fixation,1658886574020178,4963,155.24386724386724,147.72871572871574,29.926664268905675,29.540349115863314,53.87096513100165,9.18947430186154,Fixation,164558,78,1,28.280000686645508,36.0,27.0,32.0,4.199809728763075,0.30418744683265686,0.11392405063291139,center_proxy_gt_axes_angle,,,left_only
164637,4679,test,42,left,session_2_0_1,201,saccade_fixation,1658886574060178,4964,155.2697274031564,147.7015781922525,30.01396578700047,29.625092292022067,55.57829970545153,10.399302568604496,Fixation,164558,79,1,28.280000686645508,36.0,27.0,32.0,4.199809728763075,0.29573947191238403,0.11688311688311688,center_proxy_gt_axes_angle,,,left_only
164638,4680,test,42,left,session_2_0_1,201,saccade_fixation,1658886574100178,4965,155.46932952924394,149.11412268188303,30.210929394316597,29.59113907310933,37.25453550221033,10.615603537773966,Fixation,164558,80,1,28.360000610351562,36.400001525878906,45.0,32.0,17.211902658196657,0.29068392515182495,0.0,center_proxy_gt_axes_angle,,,left_only
164639,4681,test,42,left,session_2_0_1,201,saccade_fixation,1658886574140178,4966,155.3095577746077,149.43366619115548,30.085831213165243,29.715451245805877,56.15353610283409,10.338336694692446,Fixation,164558,81,1,28.479999542236328,36.47999954223633,27.0,33.0,3.781639255532552,0.4698293209075928,0.11688311688311688,center_proxy_gt_axes_angle,,,left_only
164640,4682,test,42,left,session_2_0_1,201,saccade_fixation,1658886574180178,4967,155.34992887624466,149.42389758179232,30.073047704433016,29.805644326777124,44.58304426572988,1.2002887724357063,Fixation,164558,82,1,28.479999542236328,36.47999954223633,27.0,34.0,2.8880436933176994,0.4547138810157776,0.20512820512820512,center_proxy_gt_axes_angle,,,left_only
164641,4683,test,42,left,session_2_0_1,201,saccade_fixation,1658886574220178,4968,155.38975817923188,149.35135135135135,30.07336839927548,29.80983580235609,37.77644720363858,1.7759845495588302,Fixation,164558,83,1,28.479999542236328,36.47999954223633,27.0,33.0,3.781639255532552,0.41271281242370605,0.14285714285714285,center_proxy_gt_axes_angle,,,left_only
164642,4684,test,42,left,session_2_0_1,201,saccade_fixation,1658886574260178,4969,155.4851485148515,149.3055162659123,30.168497747972932,29.88856942062873,28.038114649789637,1.411103989991164,Fixation,164558,84,1,28.479999542236328,36.47999954223633,28.0,33.0,3.512946964375087,0.2997910976409912,0.23076923076923078,center_proxy_gt_axes_angle,,,left_only
164643,4685,test,42,left,session_2_0_1,201,saccade_fixation,1658886574300178,4970,155.49365303244005,149.21720733427364,30.308040276632056,29.831804825405484,16.73561119393537,1.4873879447039342,Fixation,164558,85,1,28.360000610351562,36.400001525878906,45.0,32.0,17.211902658196657,0.27635878324508667,0.0,center_proxy_gt_axes_angle,,,left_only
164644,4686,test,42,left,session_2_0_1,201,saccade_fixation,1658886574340178,4971,155.54225352112675,149.3056338028169,30.28256841207546,29.894661389424723,17.45009626428032,2.2079510001028546,Fixation,164558,86,1,28.360000610351562,36.400001525878906,46.0,32.0,18.18047281823369,0.31858062744140625,0.0,center_proxy_gt_axes_angle,,,left_only
164645,4687,test,42,left,session_2_0_1,201,saccade_fixation,1658886574380178,4972,155.625,149.3153409090909,30.285297830787872,29.65951735623172,41.53750074735461,13.891913657037827,Fixation,164558,87,1,28.479999542236328,36.47999954223633,45.0,32.0,17.11668224344162,0.3722388744354248,0.0,center_proxy_gt_axes_angle,,,left_only
164646,4688,test,42,left,session_2_0_1,201,saccade_fixation,1658886574420178,4973,155.79416058394162,149.13430656934307,29.74578308396596,29.41636600146765,7.710734097750532,7.801673198814086,Fixation,164558,88,1,28.479999542236328,36.47999954223633,34.0,35.0,5.714963140627495,0.4214023947715759,0.08888888888888889,center_proxy_gt_axes_angle,,,left_only
164647,4689,test,42,left,session_2_0_1,201,saccade_fixation,1658886574620178,4978,158.22541966426857,152.7242206235012,27.900365216585325,19.296255687158112,5.771598581577194,8.222603197449999,Fixation,164558,89,1,28.920000076293945,37.560001373291016,28.0,36.0,1.8110782492898312,0.423164427280426,0.2857142857142857,center_proxy_gt_axes_angle,,,left_only
164648,4690,test,42,left,session_2_0_1,201,saccade_fixation,1658886574660178,4979,158.03780068728523,149.23539518900344,28.52116824469156,26.037466784795026,15.371199084462203,8.020904009056933,Fixation,164558,90,1,28.719999313354492,36.439998626708984,27.0,36.0,1.7753862761229504,0.4653853178024292,0.4230769230769231,center_proxy_gt_axes_angle,,,left_only
164649,4691,test,42,left,session_2_0_1,201,saccade_fixation,1658886574700178,4980,158.14170692431563,148.5475040257649,28.379992757618776,27.909612494851604,45.17615049217107,25.032596438275245,Fixation,164558,91,1,28.799999237060547,36.20000076293945,27.0,34.0,2.842534188071047,0.5012648105621338,0.23333333333333334,center_proxy_gt_axes_angle,,,left_only
164650,4692,test,42,left,session_2_0_1,201,saccade_fixation,1658886574740178,4981,158.34130781499204,148.8181818181818,28.584204456742675,27.996728759794493,57.64126111089835,3.191396350586785,Fixation,164558,92,1,28.799999237060547,36.20000076293945,27.0,33.0,3.6715122410570324,0.43062886595726013,0.16216216216216217,center_proxy_gt_axes_angle,,,left_only
164651,4693,test,42,left,session_2_0_1,201,saccade_fixation,1658886574780178,4982,158.2992125984252,148.7196850393701,28.77093921667669,28.166994915386116,53.542610124029785,18.159479794789203,Fixation,164558,93,1,28.799999237060547,36.20000076293945,27.0,33.0,3.6715122410570324,0.505113422870636,0.13846153846153847,center_proxy_gt_axes_angle,,,left_only
164652,4694,test,42,left,session_2_0_1,201,saccade_fixation,1658886574820178,4983,158.1444099378882,148.7360248447205,28.922898682720614,28.420182599318668,37.342981569823365,22.83571449391967,Fixation,164558,94,1,28.799999237060547,36.20000076293945,28.0,34.0,2.3409404384203443,0.4524264931678772,0.27586206896551724,center_proxy_gt_axes_angle,,,left_only
164653,4695,test,42,left,session_2_0_1,201,saccade_fixation,1658886574860178,4984,155.24320241691842,148.74924471299093,29.408924204627507,28.74604272750622,7.9832149784104445,22.21726552596124,Fixation,164558,95,1,28.479999542236328,36.279998779296875,28.0,37.0,0.8653330678768001,0.596656322479248,0.6896551724137931,center_proxy_gt_axes_angle,,,left_only
164654,4696,test,42,left,session_2_0_1,201,saccade_fixation,1658886574900178,4985,154.6891891891892,148.71021021021022,29.318492894263137,28.97817918519219,73.48918425551035,20.528293165346877,Fixation,164558,96,1,28.239999771118164,36.040000915527344,28.0,36.0,0.2433104259578632,0.5689257979393005,0.6206896551724138,center_proxy_gt_axes_angle,,,left_only
164655,4697,test,42,left,session_2_0_1,201,saccade_fixation,1658886574940179,4986,154.7444279346211,148.71916790490343,29.469388224627032,29.142475511610627,71.7503730980346,2.3587615446256365,Fixation,164558,97,1,28.239999771118164,36.040000915527344,27.0,33.0,3.2831699619087935,0.47898852825164795,0.13253012048192772,center_proxy_gt_axes_angle,,,left_only
164656,4698,test,42,left,session_2_0_1,201,saccade_fixation,1658886574980179,4987,154.86474820143886,148.91510791366906,29.91551070146229,29.671939744445165,-75.06613626173699,1.8283417410304528,Fixation,164558,98,1,28.079999923706055,36.20000076293945,27.0,32.0,4.336635359803389,0.4972841739654541,0.08888888888888889,center_proxy_gt_axes_angle,,,left_only
164657,4699,test,42,left,session_2_0_1,201,saccade_fixation,1658886575020179,4988,154.88285714285715,148.86142857142858,29.97920974629462,29.819076679335318,-81.6257223609339,1.8503420391474728,Fixation,164558,99,1,28.360000610351562,36.400001525878906,43.0,40.0,15.07612586650101,0.3540133833885193,0.0,center_proxy_gt_axes_angle,,,left_only
171859,4398,test,42,right,session_1_0_1,101,saccade_fixation,1658886198495176,4664,254.0462962962963,121.35648148148148,27.816526457939727,19.80523596400137,64.73523251045809,0.9462253738151568,Fixation,171761,98,1,46.47999954223633,29.520000457763672,44.0,31.0,2.8880436933176994,0.50201416015625,0.125,center_proxy_gt_axes_angle,,,left_only
171860,4399,test,42,right,session_1_0_1,101,saccade_fixation,1658886198535176,4665,254.01385681293303,121.38799076212472,27.846872826412085,19.838762610427143,64.56157785830216,0.29286162503162,Fixation,171761,99,1,46.47999954223633,29.520000457763672,45.0,35.0,5.67633628566262,0.49234646558761597,0.0,center_proxy_gt_axes_angle,,,left_only
171861,4400,test,42,right,session_1_0_1,101,saccade_fixation,1658886198575176,4666,253.9590909090909,121.41136363636365,28.03120495284665,20.025188150470644,64.01154948719942,0.5377412468621054,Fixation,171861,0,1,46.47999954223633,29.520000457763672,29.0,21.0,19.445842532450875,0.25045305490493774,0.0,center_proxy_gt_axes_angle,,,left_only
171862,4401,test,42,right,session_1_0_1,101,saccade_fixation,1658886198615176,4667,254.00449438202247,121.33483146067417,28.18972169119917,20.14384986916477,64.52885444559664,0.922341650334208,Fixation,171861,1,1,46.47999954223633,29.520000457763672,45.0,30.0,1.5558914504446721,0.5275012850761414,0.3170731707317073,center_proxy_gt_axes_angle,,,left_only
171863,4402,test,42,right,session_1_0_1,101,saccade_fixation,1658886198655176,4668,253.9777777777778,121.30444444444444,28.322012801124725,20.28506391543845,65.38041776412572,34.85533087677431,Fixation,171861,2,1,46.47999954223633,29.520000457763672,45.0,31.0,2.0930354249365877,0.507332444190979,0.2857142857142857,center_proxy_gt_axes_angle,,,left_only
171864,4403,test,42,right,session_1_0_1,101,saccade_fixation,1658886198695176,4669,253.98451327433628,121.2433628318584,28.389981096982986,20.32033305551275,66.37037322700867,157.30334538132274,Fixation,171861,3,1,46.47999954223633,29.520000457763672,45.0,31.0,2.0930354249365877,0.45997190475463867,0.4230769230769231,center_proxy_gt_axes_angle,,,left_only
171865,4404,test,42,right,session_1_0_1,101,saccade_fixation,1658886198735176,4670,249.27004219409284,118.39240506329114,29.01526346984447,20.87179179600571,58.53121201011848,173.6282614862235,Fixation,171861,4,1,45.63999938964844,28.84000015258789,45.0,30.0,1.3248391844848526,0.5507127046585083,0.5925925925925926,center_proxy_gt_axes_angle,,,left_only
171866,4405,test,42,right,session_1_0_1,101,saccade_fixation,1658886198775176,4671,232.5875486381323,108.1147859922179,29.16765137083156,22.49107636910542,38.76541954391996,173.5569760111229,Fixation,171861,5,1,42.560001373291016,26.200000762939453,43.0,27.0,0.9130156465270731,0.6908384561538696,1.0,center_proxy_gt_axes_angle,,,left_only
171867,4406,test,42,right,session_1_0_1,101,saccade_fixation,1658886198815176,4672,230.448,106.536,28.53181713133826,22.480200425794152,46.606519245463296,137.8210861808018,Fixation,171861,6,1,42.2400016784668,25.920000076293945,36.0,27.0,6.332773545807044,0.40013208985328674,0.0,center_proxy_gt_axes_angle,,,left_only
171868,4407,test,42,right,session_1_0_1,101,saccade_fixation,1658886198855176,4673,230.4919028340081,106.43724696356276,28.40954314870988,22.304294995316084,43.825191116072006,15.59019974424852,Fixation,171861,7,1,42.279998779296875,25.719999313354492,34.0,26.0,8.284731750013377,0.2690228521823883,0.0,center_proxy_gt_axes_angle,,,left_only
171869,4408,test,42,right,session_1_0_1,101,saccade_fixation,1658886198895176,4674,230.79158316633263,106.35871743486976,28.727556281044507,22.18156337857272,39.50447001352592,3.1652609992002305,Fixation,171861,8,1,42.31999969482422,25.639999389648438,34.0,24.0,8.48009392164511,0.36917436122894287,0.0,center_proxy_gt_axes_angle,,,left_only
171870,4409,test,42,right,session_1_0_1,101,saccade_fixation,1658886198935176,4675,230.8172690763052,106.35742971887552,28.70659056739447,22.1492722290505,39.95624012571315,2.842499048007288,Fixation,171861,9,1,42.31999969482422,25.639999389648438,35.0,32.0,9.697010018345805,0.30355340242385864,0.0,center_proxy_gt_axes_angle,,,left_only
171871,4410,test,42,right,session_1_0_1,101,saccade_fixation,1658886198975176,4676,230.94398340248964,106.43360995850622,28.088882958428105,21.94348041760544,40.28650445730372,0.6878550888969592,Fixation,171861,10,1,42.279998779296875,25.799999237060547,34.0,32.0,10.344002573743277,0.29171109199523926,0.0,center_proxy_gt_axes_angle,,,left_only
171872,4411,test,42,right,session_1_0_1,101,saccade_fixation,1658886199015176,4677,230.94396551724137,106.48706896551724,27.405141439521667,21.67650402446436,40.275540988251606,1.3591738127532702,Fixation,171861,11,1,42.2400016784668,25.719999313354492,34.0,27.0,8.338826621230867,0.27617311477661133,0.0,center_proxy_gt_axes_angle,,,left_only
171873,4412,test,42,right,session_1_0_1,101,saccade_fixation,1658886199055176,4678,230.90088105726872,106.34581497797356,27.286134476889192,21.312955667065687,39.56327499536201,12.516350931627656,Fixation,171861,12,1,42.2400016784668,25.719999313354492,33.0,27.0,9.32823846049629,0.28573372960090637,0.0,center_proxy_gt_axes_angle,,,left_only
171874,4413,test,42,right,session_1_0_1,101,saccade_fixation,1658886199095176,4679,230.9816933638444,106.21510297482835,26.821210733772865,20.86780018827399,38.62989652845548,13.655846383295358,Fixation,171861,13,1,42.20000076293945,25.719999313354492,34.0,31.0,9.752867258564768,0.292301744222641,0.0,center_proxy_gt_axes_angle,,,left_only
171879,4418,test,42,right,session_1_0_1,101,saccade_fixation,1658886199295177,4684,233.21750663129973,106.90981432360742,24.6310239764035,19.587282881763368,39.8632005765144,2.737279508430954,Fixation,171861,18,1,42.720001220703125,25.799999237060547,45.0,31.0,5.67788713943542,0.3093838095664978,0.0,center_proxy_gt_axes_angle,,,left_only
171880,4419,test,42,right,session_1_0_1,101,saccade_fixation,1658886199335177,4685,233.27807486631016,106.87700534759358,24.605119322571294,19.45340724083778,40.61606967264558,1.3553962455154884,Fixation,171861,19,1,42.720001220703125,25.799999237060547,45.0,30.0,4.778953948542215,0.24842596054077148,0.0,center_proxy_gt_axes_angle,,,left_only
171881,4420,test,42,right,session_1_0_1,101,saccade_fixation,1658886199375177,4686,233.45604395604397,107.06043956043956,24.03123990062065,19.41431539241212,38.54441001514505,0.8435664104352848,Fixation,171861,20,1,42.63999938964844,25.799999237060547,45.0,28.0,3.226392139494814,0.23691630363464355,0.13043478260869565,center_proxy_gt_axes_angle,,,left_only
171882,4421,test,42,right,session_1_0_1,101,saccade_fixation,1658886199415177,4687,233.3221288515406,107.07282913165268,23.757637665659804,19.259479600765797,39.54023948915932,0.4583306850381535,Fixation,171861,21,1,42.720001220703125,25.799999237060547,45.0,27.0,2.576508541544256,0.2473340481519699,0.18181818181818182,center_proxy_gt_axes_angle,,,left_only
171883,4422,test,42,right,session_1_0_1,101,saccade_fixation,1658886199455177,4688,233.27731092436971,107.03081232492995,23.74013579435871,19.269592710802893,40.60980547339568,1.5151908299589134,Fixation,171861,22,1,42.720001220703125,25.799999237060547,45.0,28.0,3.1683430670508863,0.3173820972442627,0.13043478260869565,center_proxy_gt_axes_angle,,,left_only
171884,4423,test,42,right,session_1_0_1,101,saccade_fixation,1658886199495177,4689,233.2067039106145,106.89385474860336,23.652606754875716,19.39771394130973,43.12023125316239,0.7830535147405903,Fixation,171861,23,1,42.720001220703125,25.799999237060547,45.0,28.0,3.1683430670508863,0.3132559657096863,0.058823529411764705,center_proxy_gt_axes_angle,,,left_only
171887,4426,test,42,right,session_1_0_1,101,saccade_fixation,1658886199615177,4692,233.1086956521739,106.98097826086956,24.42526143007957,19.27475361078782,39.26862382684965,1.1185581535925002,Fixation,171861,26,1,42.720001220703125,25.799999237060547,45.0,26.0,2.288753970782269,0.3151249885559082,0.23809523809523808,center_proxy_gt_axes_angle,,,left_only
171888,4427,test,42,right,session_1_0_1,101,saccade_fixation,1658886199655177,4693,233.1209677419355,106.90860215053765,24.62422364767315,19.34269982757147,40.9181230678285,1.1903725915451702,Fixation,171861,27,1,42.47999954223633,26.0,45.0,26.0,2.520000457763672,0.3247348964214325,0.23809523809523808,center_proxy_gt_axes_angle,,,left_only
171889,4428,test,42,right,session_1_0_1,101,saccade_fixation,1658886199695177,4694,233.0477453580902,107.0079575596817,24.51212626869448,19.67882389144371,41.254197725227925,0.99740228319257,Fixation,171861,28,1,42.720001220703125,25.799999237060547,45.0,26.0,2.288753970782269,0.32452893257141113,0.23809523809523808,center_proxy_gt_axes_angle,,,left_only
171890,4429,test,42,right,session_1_0_1,101,saccade_fixation,1658886199735177,4695,233.05974025974027,106.8987012987013,24.84604400748345,19.815534546726077,39.83950819587,0.8897889689229506,Fixation,171861,29,1,42.720001220703125,25.799999237060547,45.0,26.0,2.288753970782269,0.279501736164093,0.23809523809523808,center_proxy_gt_axes_angle,,,left_only
171891,4430,test,42,right,session_1_0_1,101,saccade_fixation,1658886199775177,4696,232.9923076923077,106.87179487179488,24.82004287285693,20.09691905616949,39.417061874174834,0.3829055752601963,Fixation,171861,30,1,42.720001220703125,25.799999237060547,45.0,26.0,2.288753970782269,0.27006399631500244,0.23809523809523808,center_proxy_gt_axes_angle,,,left_only
171892,4431,test,42,right,session_1_0_1,101,saccade_fixation,1658886199815177,4697,232.98232323232324,106.87626262626264,25.250873618394515,20.04746823848449,41.26740033202083,1.1100308061496458,Fixation,171861,31,1,42.720001220703125,25.799999237060547,45.0,27.0,2.576508541544256,0.22327327728271484,0.18181818181818182,center_proxy_gt_axes_angle,,,left_only
171893,4432,test,42,right,session_1_0_1,101,saccade_fixation,1658886199855177,4698,233.0843672456576,107.05707196029776,25.74410469359209,20.01843160415087,43.630194383472286,1.4099377625793117,Fixation,171861,32,1,42.720001220703125,25.799999237060547,45.0,27.0,2.576508541544256,0.2213100790977478,0.125,center_proxy_gt_axes_angle,,,left_only
171894,4433,test,42,right,session_1_0_1,101,saccade_fixation,1658886199895177,4699,233.029484029484,107.07371007371007,25.832569927871724,20.142431341183496,44.24284454007764,1.420353095120459,Fixation,171861,33,1,42.720001220703125,25.799999237060547,45.0,27.0,2.576508541544256,0.21802380681037903,0.125,center_proxy_gt_axes_angle,,,left_only
171895,4434,test,42,right,session_1_0_1,101,saccade_fixation,1658886199935177,4700,232.9975669099757,107.09732360097324,25.979191865612208,20.223700741423546,43.12444126745521,0.9499022420916468,Fixation,171861,34,1,42.68000030517578,25.84000015258789,29.0,26.0,13.680935943888539,0.21288837492465973,0.0,center_proxy_gt_axes_angle,,,left_only
171896,4435,test,42,right,session_1_0_1,101,saccade_fixation,1658886199975177,4701,232.90167865707437,107.08872901678656,26.130238394998106,20.384305989653097,41.10042942698973,0.1872282986870866,Fixation,171861,35,1,42.68000030517578,25.84000015258789,29.0,26.0,13.680935943888539,0.26487085223197937,0.0,center_proxy_gt_axes_angle,,,left_only
171897,4436,test,42,right,session_1_0_1,101,saccade_fixation,1658886200015177,4702,232.9370460048426,107.09443099273608,26.03751582172739,20.276097590763456,41.961958100467314,0.4080524922839533,Fixation,171861,36,1,42.68000030517578,25.84000015258789,29.0,26.0,13.680935943888539,0.26738378405570984,0.0,center_proxy_gt_axes_angle,,,left_only
171898,4437,test,42,right,session_1_0_1,101,saccade_fixation,1658886200055177,4703,233.04187192118223,107.10098522167488,25.766449004359675,20.14766591919511,43.803071092245006,1.3345161369965617,Fixation,171861,37,1,42.720001220703125,25.799999237060547,29.0,28.0,13.895266706797297,0.2671215534210205,0.0,center_proxy_gt_axes_angle,,,left_only
171899,4438,test,42,right,session_1_0_1,101,saccade_fixation,1658886200095177,4704,233.0446650124069,107.05210918114145,25.57874835537554,20.14302850406824,43.57481191840896,0.8441891804029329,Fixation,171861,38,1,42.720001220703125,25.799999237060547,29.0,29.0,14.08823758952511,0.23928938806056976,0.0,center_proxy_gt_axes_angle,,,left_only
171900,4439,test,42,right,session_1_0_1,101,saccade_fixation,1658886200135177,4705,233.1042183622829,107.15632754342433,25.56854511356856,20.16156429230663,43.84753988821527,100.3432947857747,Fixation,171861,39,1,42.720001220703125,25.799999237060547,29.0,27.0,13.772379435927203,0.22572040557861328,0.0,center_proxy_gt_axes_angle,,,left_only
171901,4440,test,42,right,session_1_0_1,101,saccade_fixation,1658886200175177,4706,233.0716049382716,107.10617283950616,25.719686355191254,20.126103103285384,44.41524000910238,214.5937039309302,Fixation,171861,40,1,42.720001220703125,25.799999237060547,45.0,29.0,3.9291728539742716,0.26528745889663696,0.0,center_proxy_gt_axes_angle,,,left_only
171902,4441,test,42,right,session_1_0_1,101,saccade_fixation,1658886200215177,4707,218.6840077071291,114.28516377649326,27.685640222366604,23.93234009364264,10.30209887475317,266.97287907060604,Fixation,171861,41,1,40.0,27.520000457763672,40.0,28.0,0.4799995422363281,0.7005372643470764,1.0,center_proxy_gt_axes_angle,,,left_only
171903,4442,test,42,right,session_1_0_1,101,saccade_fixation,1658886200255177,4708,203.75213675213675,124.96410256410256,27.764367022300807,26.873421279150453,-37.96296650656302,271.4187872355267,Fixation,171861,42,1,37.31999969482422,30.31999969482422,37.0,31.0,0.7515319153081582,0.6619693040847778,0.6818181818181818,center_proxy_gt_axes_angle,,,left_only
171904,4443,test,42,right,session_1_0_1,101,saccade_fixation,1658886200295177,4709,196.6962457337884,129.4965870307167,27.5872767984859,27.094415369728136,7.720010547294208,170.3838943070358,Fixation,171861,43,1,35.880001068115234,31.520000457763672,35.0,32.0,1.0023978453842755,0.6077734231948853,0.6818181818181818,center_proxy_gt_axes_angle,,,left_only
171905,4444,test,42,right,session_1_0_1,101,saccade_fixation,1658886200335177,4710,195.8917525773196,129.5463917525773,27.509040668286325,26.984910700208737,43.18073042546868,55.949520543705695,Fixation,171861,44,1,35.84000015258789,31.520000457763672,34.0,32.0,1.901578323937919,0.5981963276863098,0.45098039215686275,center_proxy_gt_axes_angle,,,left_only
171906,4445,test,42,right,session_1_0_1,101,saccade_fixation,1658886200375177,4711,195.88754325259515,129.23529411764707,27.427963067433048,26.85503824174927,39.20569523539913,6.667236535838702,Fixation,171861,45,1,35.79999923706055,31.360000610351562,33.0,32.0,2.8722108116031486,0.4654640853404999,0.27586206896551724,center_proxy_gt_axes_angle,,,left_only
171907,4446,test,42,right,session_1_0_1,101,saccade_fixation,1658886200415177,4712,195.8238341968912,129.12089810017272,27.58599351209594,26.73911563322925,38.53566800588581,5.3866523091827965,Fixation,171861,46,1,35.79999923706055,31.360000610351562,29.0,33.0,6.994968736318359,0.3672824501991272,0.0,center_proxy_gt_axes_angle,,,left_only
171908,4447,test,42,right,session_1_0_1,101,saccade_fixation,1658886200455178,4713,195.76439790575915,128.97731239092496,27.452566698730475,26.61078465454475,31.960354747695533,4.522457400078353,Fixation,171861,47,1,35.68000030517578,31.31999969482422,43.0,33.0,7.510312680416001,0.4833764135837555,0.0,center_proxy_gt_axes_angle,,,left_only
171909,4448,test,42,right,session_1_0_1,101,saccade_fixation,1658886200495178,4714,195.53463587921848,128.7619893428064,27.090355572964377,26.507558231175008,47.40152036043956,4.648079514336167,Fixation,171861,48,1,35.68000030517578,31.31999969482422,43.0,33.0,7.510312680416001,0.5534335374832153,0.0,center_proxy_gt_axes_angle,,,left_only
171910,4449,test,42,right,session_1_0_1,101,saccade_fixation,1658886200535178,4715,195.54706927175843,128.5968028419183,27.143870962578543,26.45640578219599,43.31921706069676,14.0528672326388,Fixation,171861,49,1,35.84000015258789,31.15999984741211,42.0,33.0,6.428934490383353,0.44896045327186584,0.027777777777777776,center_proxy_gt_axes_angle,,,left_only
171911,4450,test,42,right,session_1_0_1,101,saccade_fixation,1658886200575178,4716,195.67662565905096,128.3919156414763,27.39881504917668,26.47544667209699,49.99844390390858,17.46911393783817,Fixation,171861,50,1,35.84000015258789,31.15999984741211,42.0,33.0,6.428934490383353,0.47650671005249023,0.027777777777777776,center_proxy_gt_axes_angle,,,left_only
171912,4451,test,42,right,session_1_0_1,101,saccade_fixation,1658886200615178,4717,197.8861209964413,128.23309608540924,27.61027695602904,25.96818554869273,66.47665174512764,18.441701968508685,Fixation,171861,51,1,36.20000076293945,31.200000762939453,39.0,33.0,3.3286623410851086,0.5597792267799377,0.4230769230769231,center_proxy_gt_axes_angle,,,left_only
171917,4456,test,42,right,session_1_0_1,101,saccade_fixation,1658886200815178,4722,198.726368159204,128.02653399668324,28.18861930512556,27.274176655093296,44.24639850797863,1.6384605724210215,Fixation,171861,56,1,36.20000076293945,31.200000762939453,39.0,33.0,3.3286623410851086,0.5535012483596802,0.4230769230769231,center_proxy_gt_axes_angle,,,left_only
171918,4457,test,42,right,session_1_0_1,101,saccade_fixation,1658886200855178,4723,198.7233009708738,127.8915857605178,28.930165720375896,27.24362273382087,55.57274904245788,0.7439773349075174,Fixation,171861,57,1,36.119998931884766,31.15999984741211,40.0,33.0,4.294183141192143,0.5415080785751343,0.23333333333333334,center_proxy_gt_axes_angle,,,left_only
171919,4458,test,42,right,session_1_0_1,101,saccade_fixation,1658886200895178,4724,198.78582930756843,127.85668276972623,28.84358686333692,27.451542919508928,56.10515475177203,0.8429533262467455,Fixation,171861,58,1,36.119998931884766,31.15999984741211,40.0,33.0,4.294183141192143,0.540712296962738,0.23333333333333334,center_proxy_gt_axes_angle,,,left_only
171924,4463,test,42,right,session_1_0_1,101,saccade_fixation,1658886201095178,4729,198.90731707317076,127.89756097560976,28.525417350552303,27.486436036851725,57.94652339167204,0.50843647341628,Fixation,171861,63,1,36.119998931884766,31.15999984741211,39.0,33.0,3.417602480375439,0.48795995116233826,0.34375,center_proxy_gt_axes_angle,,,left_only
171925,4464,test,42,right,session_1_0_1,101,saccade_fixation,1658886201135178,4730,198.9408866995074,128.0262725779967,28.224756240894724,27.505108474927415,46.684486160794464,0.6721582595758896,Fixation,171861,64,1,36.279998779296875,31.31999969482422,39.0,33.0,3.196999791369591,0.48191946744918823,0.4230769230769231,center_proxy_gt_axes_angle,,,left_only
171926,4465,test,42,right,session_1_0_1,101,saccade_fixation,1658886201175178,4731,198.9281045751634,127.9624183006536,28.348507303628505,27.52150618815308,53.57772156852813,0.4942601002353886,Fixation,171861,65,1,36.2400016784668,31.31999969482422,39.0,33.0,3.2310976092122035,0.4823017418384552,0.34545454545454546,center_proxy_gt_axes_angle,,,left_only
171927,4466,test,42,right,session_1_0_1,101,saccade_fixation,1658886201215178,4732,198.905383360522,127.94290375203916,28.458245228169268,27.46461037709901,53.051573548336776,0.5641549498436369,Fixation,171861,66,1,36.119998931884766,31.15999984741211,39.0,33.0,3.417602480375439,0.4748840928077698,0.34545454545454546,center_proxy_gt_axes_angle,,,left_only
171928,4467,test,42,right,session_1_0_1,101,saccade_fixation,1658886201255178,4733,198.86677631578948,127.9654605263158,28.252693973751292,27.438123840265675,47.99792750611658,0.5843086491203442,Fixation,171861,67,1,36.119998931884766,31.15999984741211,38.0,33.0,2.630590157671446,0.45757073163986206,0.4230769230769231,center_proxy_gt_axes_angle,,,left_only
171929,4468,test,42,right,session_1_0_1,101,saccade_fixation,1658886201295178,4734,198.89752066115705,127.94710743801652,28.002642584824123,27.544996230973272,35.92789828782597,0.536202654999862,Fixation,171861,68,1,36.2400016784668,31.31999969482422,38.0,33.0,2.4331040087078915,0.45952147245407104,0.4230769230769231,center_proxy_gt_axes_angle,,,left_only
171930,4469,test,42,right,session_1_0_1,101,saccade_fixation,1658886201335178,4735,198.85690515806988,127.9018302828619,27.909784477308133,27.45481332112168,29.387866306584783,0.457504896027222,Fixation,171861,69,1,36.279998779296875,31.31999969482422,37.0,33.0,1.827786306766934,0.4516274929046631,0.5087719298245614,center_proxy_gt_axes_angle,,,left_only
171931,4470,test,42,right,session_1_0_1,101,saccade_fixation,1658886201375178,4736,198.83444816053512,127.89464882943145,27.69386114713793,27.52206486814624,31.01799688349868,1.765493836653942,Fixation,171861,70,1,36.119998931884766,31.15999984741211,37.0,33.0,2.039608403936259,0.4237879514694214,0.5087719298245614,center_proxy_gt_axes_angle,,,left_only
171932,4471,test,42,right,session_1_0_1,101,saccade_fixation,1658886201415178,4737,198.84006734006732,127.8973063973064,27.78302501144204,27.25012479511607,26.10815765467248,1.286449621452228,Fixation,171861,71,1,36.119998931884766,31.15999984741211,37.0,33.0,2.039608403936259,0.4016585946083069,0.45098039215686275,center_proxy_gt_axes_angle,,,left_only
171933,4472,test,42,right,session_1_0_1,101,saccade_fixation,1658886201455178,4738,198.8554817275748,127.66777408637874,28.07106127766364,27.3362551761079,52.16471389889637,1.8454923130076997,Fixation,171861,72,1,36.2400016784668,31.040000915527344,37.0,33.0,2.1021878745409355,0.3950554132461548,0.45098039215686275,center_proxy_gt_axes_angle,,,left_only
171934,4473,test,42,right,session_1_0_1,101,saccade_fixation,1658886201495178,4739,198.965,127.72666666666667,28.00057553330937,27.31067176079086,49.07591836289237,2.8280381801000334,Fixation,171861,73,1,36.119998931884766,31.15999984741211,37.0,33.0,2.039608403936259,0.38271093368530273,0.45098039215686275,center_proxy_gt_axes_angle,,,left_only
171935,4474,test,42,right,session_1_0_1,101,saccade_fixation,1658886201535178,4740,199.00838926174495,127.65604026845638,28.01429004690909,27.11725950013841,44.18393065713335,1.7628338644319772,Fixation,171861,74,1,36.2400016784668,31.040000915527344,36.0,33.0,1.9746385028152698,0.3656303286552429,0.4230769230769231,center_proxy_gt_axes_angle,,,left_only
171936,4475,test,42,right,session_1_0_1,101,saccade_fixation,1658886201575178,4741,199.09468438538207,127.52325581395348,28.02825456686679,27.37130684719479,46.89621411702996,1.211247227609102,Fixation,171861,75,1,36.279998779296875,30.84000015258789,43.0,33.0,7.05861287698028,0.3678264915943146,0.0136986301369863,center_proxy_gt_axes_angle,,,left_only
171937,4476,test,42,right,session_1_0_1,101,saccade_fixation,1658886201615178,4742,199.108153078203,127.5424292845258,27.959288302120697,27.391881135336018,45.56337183150741,53.13829569005321,Fixation,171861,76,1,36.279998779296875,30.84000015258789,43.0,33.0,7.05861287698028,0.36798804998397827,0.0136986301369863,center_proxy_gt_axes_angle,,,left_only
171938,4477,test,42,right,session_1_0_1,101,saccade_fixation,1658886201655178,4743,199.100826446281,127.58842975206612,27.94800333965961,27.58290010052541,60.27495613323586,189.10813912422225,Fixation,171861,77,1,36.279998779296875,30.84000015258789,44.0,33.0,8.016484153821928,0.4857308864593506,0.0,center_proxy_gt_axes_angle,,,left_only
171939,4478,test,42,right,session_1_0_1,101,saccade_fixation,1658886201695178,4744,207.41203703703704,126.36574074074076,29.155304019716976,28.337045325483487,3.023282356202543,97.326020429596,Fixation,171861,78,1,38.0,30.799999237060547,37.0,32.0,1.5620505212877303,0.7168978452682495,0.5925925925925926,center_proxy_gt_axes_angle,,,left_only
171940,4479,test,42,right,session_1_0_1,101,saccade_fixation,1658886201735179,4745,229.0548672566372,123.29203539823008,28.686659246045267,25.140226758314647,57.83232647822842,97.34477039952468,Fixation,171861,79,1,41.880001068115234,30.1200008392334,42.0,31.0,0.8881431565932418,0.7093086242675781,0.72,center_proxy_gt_axes_angle,,,left_only
171941,4480,test,42,right,session_1_0_1,101,saccade_fixation,1658886201975179,4751,233.9611940298508,123.95223880597015,22.067211997494507,19.449090321576744,33.11550406366874,74.99640350681403,Fixation,171861,80,1,42.79999923706055,30.040000915527344,44.0,33.0,3.1939938026136234,0.49582529067993164,0.25,center_proxy_gt_axes_angle,,,left_only
171942,4481,test,42,right,session_1_0_1,101,saccade_fixation,1658886202015179,4752,233.44325481798717,120.610278372591,27.009848846028707,22.129154525474984,54.64214053526873,14.959119369759716,Fixation,171861,81,1,42.720001220703125,29.280000686645508,44.0,33.0,3.934055384251648,0.4916398525238037,0.13043478260869565,center_proxy_gt_axes_angle,,,left_only
171943,4482,test,42,right,session_1_0_1,101,saccade_fixation,1658886202055179,4753,233.70422535211267,120.22937625754528,28.304365109085392,22.42881988680773,60.55581374399764,20.26934820563274,Fixation,171861,82,1,42.84000015258789,29.15999984741211,44.0,33.0,4.011383903077732,0.43784669041633606,0.3230769230769231,center_proxy_gt_axes_angle,,,left_only
171944,4483,test,42,right,session_1_0_1,101,saccade_fixation,1658886202095179,4754,233.70934959349597,120.58333333333331,27.997476919815675,22.43499362550674,58.59659030085139,2.227963974323961,Fixation,171861,83,1,42.84000015258789,29.15999984741211,45.0,32.0,3.56808074565579,0.4287937879562378,0.34375,center_proxy_gt_axes_angle,,,left_only
171945,4484,test,42,right,session_1_0_1,101,saccade_fixation,1658886202135179,4755,233.69215291750504,120.72032193158954,28.203694971285795,22.484267986841548,59.976573597980114,4.490885945192557,Fixation,171861,84,1,42.84000015258789,29.15999984741211,45.0,32.0,3.56808074565579,0.3785478174686432,0.3333333333333333,center_proxy_gt_axes_angle,,,left_only
171946,4485,test,42,right,session_1_0_1,101,saccade_fixation,1658886202175179,4756,233.6699604743083,120.88537549407114,28.49538455681051,22.65684771494394,60.48926256688903,1.5034065311671363,Fixation,171861,85,1,42.720001220703125,29.280000686645508,27.0,32.0,15.953583755493831,0.450911283493042,0.0,center_proxy_gt_axes_angle,,,left_only
171947,4486,test,42,right,session_1_0_1,101,saccade_fixation,1658886202215179,4757,233.7295719844358,120.94747081712062,28.86797605774904,22.71892259133988,60.82162513454233,1.67125696568378,Fixation,171861,86,1,42.720001220703125,29.280000686645508,45.0,32.0,3.5491957818982245,0.4149511158466339,0.34375,center_proxy_gt_axes_angle,,,left_only
171948,4487,test,42,right,session_1_0_1,101,saccade_fixation,1658886202255179,4758,233.68593448940268,120.82273603082852,29.211651295945163,22.66547407085232,61.62520353171339,1.0245108423592704,Fixation,171861,87,1,42.79999923706055,29.520000457763672,45.0,32.0,3.315177383855436,0.42874330282211304,0.34375,center_proxy_gt_axes_angle,,,left_only
171949,4488,test,42,right,session_1_0_1,101,saccade_fixation,1658886202295179,4759,233.5394736842105,120.93984962406014,29.289566420191917,23.178794709786143,63.01896872597091,12.250966788638022,Fixation,171861,88,1,42.79999923706055,29.520000457763672,45.0,32.0,3.315177383855436,0.3903951048851013,0.34375,center_proxy_gt_axes_angle,,,left_only
171950,4489,test,42,right,session_1_0_1,101,saccade_fixation,1658886202335179,4760,233.51305970149252,120.93283582089552,29.253408400288148,23.403958665022135,63.44376268743667,17.965229071887585,Fixation,171861,89,1,42.79999923706055,29.520000457763672,45.0,33.0,4.1170863691328154,0.4621809720993042,0.2463768115942029,center_proxy_gt_axes_angle,,,left_only
171951,4490,test,42,right,session_1_0_1,101,saccade_fixation,1658886202375179,4761,233.53551912568307,122.89799635701274,29.139726492927966,24.0468817068629,63.52432834960017,16.756867215266542,Fixation,171861,90,1,42.880001068115234,29.799999237060547,45.0,32.0,3.0552248408466967,0.3714469075202942,0.34545454545454546,center_proxy_gt_axes_angle,,,left_only
171952,4491,test,42,right,session_1_0_1,101,saccade_fixation,1658886202415179,4762,233.47992700729927,123.68978102189782,29.017467599538893,24.09172383203092,65.61150346742988,16.79540890597014,Fixation,171861,91,1,42.84000015258789,30.15999984741211,43.0,32.0,1.8469435596940582,0.5435636043548584,0.45098039215686275,center_proxy_gt_axes_angle,,,left_only
171953,4492,test,42,right,session_1_0_1,101,saccade_fixation,1658886202455179,4763,233.5716981132076,123.62075471698114,28.93400420812428,23.3594212327191,64.29454808116652,3.2774963542125146,Fixation,171861,92,1,42.720001220703125,30.280000686645508,44.0,32.0,2.1440136456985095,0.5086897611618042,0.4230769230769231,center_proxy_gt_axes_angle,,,left_only
171954,4493,test,42,right,session_1_0_1,101,saccade_fixation,1658886202495179,4764,233.5551330798479,123.61977186311788,28.67411423998084,23.39404351147213,63.35257086919284,3.5061804215282626,Fixation,171861,93,1,42.84000015258789,30.15999984741211,44.0,32.0,2.175132227594354,0.4891929030418396,0.4576271186440678,center_proxy_gt_axes_angle,,,left_only
171955,4494,test,42,right,session_1_0_1,101,saccade_fixation,1658886202535179,4765,233.63776493256265,123.41233140655106,28.340460511626635,23.371642272201512,60.320478932506745,3.1056838843107144,Fixation,171861,94,1,43.0,30.040000915527344,43.0,32.0,1.9599990844726562,0.4114857614040375,0.5,center_proxy_gt_axes_angle,,,left_only
171956,4495,test,42,right,session_1_0_1,101,saccade_fixation,1658886202575179,4766,233.82135922330096,123.24466019417476,28.279433679075023,23.25146307882217,61.4570560710758,3.683251335137815,Fixation,171861,95,1,43.0,30.040000915527344,42.0,32.0,2.2003627907992014,0.3666743040084839,0.43333333333333335,center_proxy_gt_axes_angle,,,left_only
171957,4496,test,42,right,session_1_0_1,101,saccade_fixation,1658886202615179,4767,233.92759295499025,123.27397260273972,28.249902740221557,23.11344890774868,61.1617039351179,2.553813156066332,Fixation,171861,96,1,43.0,30.040000915527344,42.0,33.0,3.12435506626231,0.4367126226425171,0.30303030303030304,center_proxy_gt_axes_angle,,,left_only
171958,4497,test,42,right,session_1_0_1,101,saccade_fixation,1658886202655179,4768,234.08414872798437,123.3600782778865,28.02984029565796,23.317584065038616,59.482692370912886,2.287599396639642,Fixation,171861,97,1,43.0,30.040000915527344,43.0,33.0,2.9599990844726562,0.430894136428833,0.34375,center_proxy_gt_axes_angle,,,left_only
171959,4498,test,42,right,session_1_0_1,101,saccade_fixation,1658886202695179,4769,234.0222672064777,123.5506072874494,27.572701915766007,22.886554223818397,60.42382791445977,1.975597289913991,Fixation,171861,98,1,43.0,30.040000915527344,28.0,33.0,15.28926403003359,0.3641633987426758,0.0,center_proxy_gt_axes_angle,,,left_only
171960,4499,test,42,right,session_1_0_1,101,saccade_fixation,1658886202735179,4770,234.0222672064777,123.5506072874494,27.572701915766007,22.886554223818397,60.42382791445977,1.1983453601302283,Fixation,171861,99,1,43.0,30.040000915527344,44.0,39.0,9.015629961003881,0.5107496976852417,0.0,center_proxy_gt_axes_angle,,,left_only
171961,4500,test,42,right,session_1_0_1,101,saccade_fixation,1658886202775179,4771,234.04444444444445,123.56767676767676,27.640481394863187,22.883365048727292,59.89592100549893,0.1663405158086804,Fixation,171961,0,1,43.0,30.040000915527344,28.0,21.0,17.513469574951024,0.29754263162612915,0.0,center_proxy_gt_axes_angle,,,left_only
171962,4501,test,42,right,session_1_0_1,101,saccade_fixation,1658886202815179,4772,234.0020202020202,123.53333333333332,27.6347253127336,22.87738667075484,59.99560203214921,0.7849785247239333,Fixation,171961,1,1,43.0,30.040000915527344,27.0,31.0,16.028774071718285,0.536115825176239,0.0,center_proxy_gt_axes_angle,,,left_only
171963,4502,test,42,right,session_1_0_1,101,saccade_fixation,1658886202855179,4773,234.0020202020202,123.53333333333332,27.6347253127336,22.87738667075484,59.99560203214921,2.126881610272373,Fixation,171961,2,1,43.0,30.040000915527344,26.0,32.0,17.112615124846748,0.5137907862663269,0.0,center_proxy_gt_axes_angle,,,left_only
171964,4503,test,42,right,session_1_0_1,101,saccade_fixation,1658886202895179,4774,234.038,123.426,27.74485947950479,23.030415811759383,61.90273859918501,1.197333533959461,Fixation,171961,3,1,43.0,30.040000915527344,26.0,32.0,17.112615124846748,0.5005836486816406,0.0,center_proxy_gt_axes_angle,,,left_only
171965,4504,test,42,right,session_1_0_1,101,saccade_fixation,1658886202935179,4775,233.9058823529412,123.25686274509803,28.18406326528698,23.115193545145647,61.655501021133965,0.3159001593016685,Fixation,171961,4,1,43.0,30.040000915527344,26.0,31.0,17.027084255449854,0.4940035045146942,0.0,center_proxy_gt_axes_angle,,,left_only
171966,4505,test,42,right,session_1_0_1,101,saccade_fixation,1658886202975180,4776,233.91699604743084,123.3616600790514,27.952554719184832,23.12180118142552,59.85996230268923,0.4633112466020013,Fixation,171961,5,1,43.0,30.040000915527344,26.0,31.0,17.027084255449854,0.4967654347419739,0.0,center_proxy_gt_axes_angle,,,left_only
171967,4506,test,42,right,session_1_0_1,101,saccade_fixation,1658886203015180,4777,234.04440154440155,123.5057915057915,28.106678034555205,23.57256810206085,58.218812413316265,1.3998522896353311,Fixation,171961,6,1,43.0,30.040000915527344,26.0,31.0,17.027084255449854,0.4988783895969391,0.0,center_proxy_gt_axes_angle,,,left_only
171968,4507,test,42,right,session_1_0_1,101,saccade_fixation,1658886203055180,4778,233.99807692307687,123.48846153846154,28.39712449750585,23.419279864794728,59.10623568656321,1.430122154740567,Fixation,171961,7,1,43.0,30.040000915527344,26.0,31.0,17.027084255449854,0.5043398141860962,0.0,center_proxy_gt_axes_angle,,,left_only
171969,4508,test,42,right,session_1_0_1,101,saccade_fixation,1658886203095180,4779,234.1238095238095,123.30857142857144,28.48677683398886,23.56542190009201,56.82205494351013,1.490205813306369,Fixation,171961,8,1,43.0,30.0,26.0,31.0,17.029386365926403,0.5098408460617065,0.0,center_proxy_gt_axes_angle,,,left_only
171970,4509,test,42,right,session_1_0_1,101,saccade_fixation,1658886203135180,4780,234.11977186311788,123.467680608365,28.41910962902472,23.67784385894931,57.43660841943517,1.7243540524553866,Fixation,171961,9,1,43.0,30.040000915527344,26.0,31.0,17.027084255449854,0.5076296329498291,0.0,center_proxy_gt_axes_angle,,,left_only
171971,4510,test,42,right,session_1_0_1,101,saccade_fixation,1658886203175180,4781,234.1707779886148,123.30360531309296,28.468040209554484,23.67684887344011,55.94806751673937,0.296304759513379,Fixation,171961,10,1,43.0,30.040000915527344,26.0,31.0,17.027084255449854,0.5038375854492188,0.0,center_proxy_gt_axes_angle,,,left_only
171972,4511,test,42,right,session_1_0_1,101,saccade_fixation,1658886203215180,4782,234.18250950570345,123.28326996197718,28.47968197204753,23.619681801455208,55.53407939660509,1.651452844771645,Fixation,171961,11,1,43.0,30.040000915527344,26.0,31.0,17.027084255449854,0.5016969442367554,0.0,center_proxy_gt_axes_angle,,,left_only
171973,4512,test,42,right,session_1_0_1,101,saccade_fixation,1658886203255180,4783,234.1395793499044,123.26386233269598,28.47745432233615,23.48065623627706,55.8461240171901,3.001336390077423,Fixation,171961,12,1,43.0,30.040000915527344,26.0,31.0,17.027084255449854,0.5007469058036804,0.0,center_proxy_gt_axes_angle,,,left_only
171974,4513,test,42,right,session_1_0_1,101,saccade_fixation,1658886203295180,4784,234.0748560460653,123.20729366602689,28.385022700504948,23.473284104722836,57.97548869658916,20.28266816086797,Fixation,171961,13,1,43.0,30.040000915527344,27.0,31.0,16.028774071718285,0.5018455982208252,0.0,center_proxy_gt_axes_angle,,,left_only
171975,4514,test,42,right,session_1_0_1,101,saccade_fixation,1658886203335180,4785,233.82409177820267,122.97131931166348,28.539021641935296,23.38485722053089,62.745106645739305,81.3044197208572,Fixation,171961,14,1,43.0,30.0,29.0,31.0,14.035668847618199,0.3629489541053772,0.0,center_proxy_gt_axes_angle,,,left_only
171976,4515,test,42,right,session_1_0_1,101,saccade_fixation,1658886203375180,4786,237.06214689265536,124.77966101694916,23.20440963974324,19.614774739505695,8.847887065491477,80.9861564893873,Fixation,171961,15,1,43.52000045776367,30.479999542236328,43.0,33.0,2.573092066600716,0.5700339674949646,0.2,center_proxy_gt_axes_angle,,,left_only
171977,4516,test,42,right,session_1_0_1,101,saccade_fixation,1658886203575180,4791,258.1587301587302,113.26455026455028,26.41389402510068,18.24582891691986,55.89504791885324,81.53090590426133,Fixation,171961,16,1,47.36000061035156,27.600000381469727,44.0,33.0,6.359999998560532,0.5324369072914124,0.0,center_proxy_gt_axes_angle,,,left_only
171978,4517,test,42,right,session_1_0_1,101,saccade_fixation,1658886203615180,4792,257.769436997319,112.71045576407506,26.524778746332647,17.94727777871148,59.49727221926267,74.45540975412507,Fixation,171961,17,1,47.20000076293945,27.440000534057617,45.0,33.0,5.979431195206929,0.4640607237815857,0.0,center_proxy_gt_axes_angle,,,left_only
171979,4518,test,42,right,session_1_0_1,101,saccade_fixation,1658886203655180,4793,257.87601078167114,112.86253369272237,26.42269546654305,17.926748477904887,60.56083338204352,20.90510503498275,Fixation,171961,18,1,47.20000076293945,27.440000534057617,45.0,32.0,5.062963409538824,0.4381030797958374,0.0,center_proxy_gt_axes_angle,,,left_only
171980,4519,test,42,right,session_1_0_1,101,saccade_fixation,1658886203695180,4794,257.6837837837838,112.84594594594594,26.467985464545738,17.83031670922177,60.3903880767521,18.53783036231586,Fixation,171961,19,1,47.20000076293945,27.440000534057617,33.0,32.0,14.914208554156533,0.3204752206802368,0.0,center_proxy_gt_axes_angle,,,left_only
171981,4520,test,42,right,session_1_0_1,101,saccade_fixation,1658886203735180,4795,255.0392670157068,112.05759162303664,26.65166213980202,18.355952958664847,60.46688321795731,18.08049641188798,Fixation,171961,20,1,46.880001068115234,27.15999984741211,43.0,29.0,4.294183141192143,0.3475239872932434,0.034482758620689655,center_proxy_gt_axes_angle,,,left_only
171982,4521,test,42,right,session_1_0_1,101,saccade_fixation,1658886203775180,4796,254.88709677419357,112.01075268817203,26.31375639648229,18.07106017549349,58.64777946517143,16.17422113315747,Fixation,171961,21,1,46.599998474121094,27.15999984741211,43.0,30.0,4.585366929742204,0.32687079906463623,0.034482758620689655,center_proxy_gt_axes_angle,,,left_only
171983,4522,test,42,right,session_1_0_1,101,saccade_fixation,1658886203815180,4797,255.0580474934037,112.2084432717678,26.80682577040048,18.096520452914344,56.99159773911584,1.5939949610274506,Fixation,171961,22,1,46.79999923706055,27.040000915527344,43.0,31.0,5.488313670945295,0.3641683757305145,0.0,center_proxy_gt_axes_angle,,,left_only
171984,4523,test,42,right,session_1_0_1,101,saccade_fixation,1658886203855180,4798,255.15885416666663,112.27864583333331,26.937396533272917,18.23862068054107,55.89132156406344,3.3380722505677984,Fixation,171961,23,1,46.599998474121094,27.15999984741211,43.0,31.0,5.263609995578056,0.36304971575737,0.0,center_proxy_gt_axes_angle,,,left_only
171985,4524,test,42,right,session_1_0_1,101,saccade_fixation,1658886203895180,4799,255.23453608247425,112.22164948453609,27.15280994543446,18.27135042995228,55.41623395859716,2.7361117467967326,Fixation,171961,24,1,46.599998474121094,27.15999984741211,43.0,31.0,5.263609995578056,0.3455964922904968,0.0,center_proxy_gt_axes_angle,,,left_only
171986,4525,test,42,right,session_1_0_1,101,saccade_fixation,1658886203935180,4800,255.348051948052,112.28051948051947,26.947930835064405,18.253162906053312,54.37669475915457,1.9009671594980089,Fixation,171961,25,1,46.599998474121094,27.15999984741211,44.0,32.0,5.494141747578308,0.36199846863746643,0.0,center_proxy_gt_axes_angle,,,left_only
171987,4526,test,42,right,session_1_0_1,101,saccade_fixation,1658886203975180,4801,255.489417989418,112.2830687830688,26.92687973486681,17.942531632431834,54.82392399338728,1.874882591038579,Fixation,171961,26,1,46.79999923706055,27.040000915527344,44.0,32.0,5.69575163130462,0.4092380106449127,0.0,center_proxy_gt_axes_angle,,,left_only
171988,4527,test,42,right,session_1_0_1,101,saccade_fixation,1658886204015180,4802,255.45744680851064,112.22074468085108,26.72767764147394,17.9814699727149,54.525077044299074,1.2300104717249862,Fixation,171961,27,1,46.79999923706055,27.040000915527344,45.0,32.0,5.276512879865654,0.40307196974754333,0.0,center_proxy_gt_axes_angle,,,left_only
171989,4528,test,42,right,session_1_0_1,101,saccade_fixation,1658886204055180,4803,255.5326086956522,112.2554347826087,26.43050271732761,17.801384810081434,53.82043746933313,1.1572104164288624,Fixation,171961,28,1,46.79999923706055,27.040000915527344,45.0,32.0,5.276512879865654,0.41671133041381836,0.0,center_proxy_gt_axes_angle,,,left_only
171990,4529,test,42,right,session_1_0_1,101,saccade_fixation,1658886204095180,4804,255.53846153846155,112.23076923076924,26.29118044523101,17.702897973095748,53.32246339798855,0.6601591143306523,Fixation,171961,29,1,46.880001068115234,27.280000686645508,45.0,32.0,5.080629639540881,0.4055640399456024,0.0,center_proxy_gt_axes_angle,,,left_only
171991,4530,test,42,right,session_1_0_1,101,saccade_fixation,1658886204135180,4805,255.62745098039213,112.15966386554622,26.110209024801595,17.483032652663532,54.11261841789426,1.3124470155701968,Fixation,171961,30,1,46.880001068115234,27.280000686645508,45.0,32.0,5.080629639540881,0.3820217549800873,0.0,center_proxy_gt_axes_angle,,,left_only
171992,4531,test,42,right,session_1_0_1,101,saccade_fixation,1658886204175180,4806,255.46067415730337,112.11516853932584,25.85150057158066,17.60879594807467,53.550538333396034,1.314618965288488,Fixation,171961,31,1,46.880001068115234,27.280000686645508,45.0,31.0,4.1680689662567145,0.34536445140838623,0.0,center_proxy_gt_axes_angle,,,left_only
171993,4532,test,42,right,session_1_0_1,101,saccade_fixation,1658886204215181,4807,255.49570200573064,112.0487106017192,25.824549387052667,17.279099623848854,54.42904983270952,2.8253410614701604,Fixation,171961,32,1,46.880001068115234,27.280000686645508,45.0,31.0,4.1680689662567145,0.37755388021469116,0.0,center_proxy_gt_axes_angle,,,left_only
171994,4533,test,42,right,session_1_0_1,101,saccade_fixation,1658886204255181,4808,255.5057471264368,112.02298850574712,25.837266188488844,17.217046549609794,54.128337439187305,2.655337713365772,Fixation,171961,33,1,46.880001068115234,27.280000686645508,45.0,31.0,4.1680689662567145,0.37732529640197754,0.0,center_proxy_gt_axes_angle,,,left_only
171995,4534,test,42,right,session_1_0_1,101,saccade_fixation,1658886204295181,4809,255.2684365781711,111.8849557522124,25.43284356336531,17.029400005275786,56.90418753215634,2.910837622360502,Fixation,171961,34,1,46.79999923706055,27.040000915527344,46.0,31.0,4.039998951524831,0.38049641251564026,0.1111111111111111,center_proxy_gt_axes_angle,,,left_only
171996,4535,test,42,right,session_1_0_1,101,saccade_fixation,1658886204335181,4810,255.17910447761196,111.79701492537312,25.12047552652805,17.02267009615685,57.18766267294826,2.80631535207733,Fixation,171961,35,1,46.79999923706055,27.040000915527344,46.0,31.0,4.039998951524831,0.3653869032859802,0.1111111111111111,center_proxy_gt_axes_angle,,,left_only
171997,4536,test,42,right,session_1_0_1,101,saccade_fixation,1658886204375181,4811,255.25903614457832,111.64759036144578,25.043020705954675,16.942238622112974,56.30851792778693,1.7851198551454894,Fixation,171961,36,1,46.79999923706055,27.040000915527344,46.0,31.0,4.039998951524831,0.3177599310874939,0.0,center_proxy_gt_axes_angle,,,left_only
171998,4537,test,42,right,session_1_0_1,101,saccade_fixation,1658886204415181,4812,255.28658536585365,111.6310975609756,25.000846080975588,16.75949899247214,56.23835991931367,0.8722339121285863,Fixation,171961,37,1,46.79999923706055,27.040000915527344,46.0,31.0,4.039998951524831,0.31014484167099,0.0,center_proxy_gt_axes_angle,,,left_only
171999,4538,test,42,right,session_1_0_1,101,saccade_fixation,1658886204455181,4813,255.26299694189603,111.5993883792049,24.875253231404987,16.784472511863505,56.30837308223649,1.2395980266082771,Fixation,171961,38,1,46.63999938964844,26.84000015258789,46.0,31.0,4.208942616527237,0.31556522846221924,0.0,center_proxy_gt_axes_angle,,,left_only
172000,4539,test,42,right,session_1_0_1,101,saccade_fixation,1658886204495181,4814,255.1848484848485,111.65757575757576,24.940531189715028,16.899933042738613,55.95234655989611,1.4078150254088515,Fixation,171961,39,1,46.79999923706055,27.040000915527344,46.0,32.0,5.024100884463512,0.32582366466522217,0.0,center_proxy_gt_axes_angle,,,left_only
172001,4540,test,42,right,session_1_0_1,101,saccade_fixation,1658886204535181,4815,255.1796407185629,111.82934131736526,25.077972093786272,17.001738166085175,56.76415719846722,1.736759652638706,Fixation,171961,40,1,46.79999923706055,27.040000915527344,46.0,32.0,5.024100884463512,0.2990046739578247,0.0,center_proxy_gt_axes_angle,,,left_only
172002,4541,test,42,right,session_1_0_1,101,saccade_fixation,1658886204575181,4816,255.1796407185629,111.82934131736526,25.077972093786272,17.001738166085175,56.76415719846722,1.1797677282957677,Fixation,171961,41,1,46.79999923706055,27.040000915527344,46.0,31.0,4.039998951524831,0.29151639342308044,0.1111111111111111,center_proxy_gt_axes_angle,,,left_only
172003,4542,test,42,right,session_1_0_1,101,saccade_fixation,1658886204615181,4817,255.1279761904762,111.8422619047619,25.0200797457468,17.14926724049998,56.356056801258745,1.5211138424479038,Fixation,171961,42,1,46.79999923706055,27.040000915527344,46.0,31.0,4.039998951524831,0.28437772393226624,0.1111111111111111,center_proxy_gt_axes_angle,,,left_only
172004,4543,test,42,right,session_1_0_1,101,saccade_fixation,1658886204655181,4818,255.03823529411764,111.7764705882353,25.16868282928689,17.25713431933516,55.467298615421896,1.5211138424479038,Fixation,171961,43,1,46.79999923706055,27.040000915527344,46.0,31.0,4.039998951524831,0.3351643681526184,0.08333333333333333,center_proxy_gt_axes_angle,,,left_only
172005,4544,test,42,right,session_1_0_1,101,saccade_fixation,1658886204695181,4819,254.95058139534885,111.7470930232558,25.36877674075962,17.31822277297624,55.040449195587314,1.5352819433503095,Fixation,171961,44,1,46.79999923706055,27.040000915527344,46.0,31.0,4.039998951524831,0.3334599435329437,0.08333333333333333,center_proxy_gt_axes_angle,,,left_only
172006,4545,test,42,right,session_1_0_1,101,saccade_fixation,1658886204735181,4820,254.95058139534885,111.7470930232558,25.36877674075962,17.31822277297624,55.040449195587314,2.318107106799529,Fixation,171961,45,1,46.79999923706055,27.040000915527344,46.0,31.0,4.039998951524831,0.3092077970504761,0.08333333333333333,center_proxy_gt_axes_angle,,,left_only
172007,4546,test,42,right,session_1_0_1,101,saccade_fixation,1658886204775181,4821,254.89518413597733,111.92067988668556,25.681711505624087,17.550344873638046,55.949422127337066,2.325824033260346,Fixation,171961,46,1,46.79999923706055,27.040000915527344,46.0,31.0,4.039998951524831,0.31642886996269226,0.1111111111111111,center_proxy_gt_axes_angle,,,left_only
172008,4547,test,42,right,session_1_0_1,101,saccade_fixation,1658886204815181,4822,254.77966101694915,112.04237288135592,25.59425895818436,17.64155429441294,55.43253882564071,2.637561763321403,Fixation,171961,47,1,46.720001220703125,27.360000610351562,46.0,31.0,3.710525207360137,0.31719863414764404,0.08333333333333333,center_proxy_gt_axes_angle,,,left_only
172009,4548,test,42,right,session_1_0_1,101,saccade_fixation,1658886204855181,4823,254.7824858757062,112.07909604519774,25.73238861474348,17.54392598048378,55.28817039624825,51.21704831322631,Fixation,171961,48,1,46.720001220703125,27.360000610351562,46.0,31.0,3.710525207360137,0.3366225063800812,0.08333333333333333,center_proxy_gt_axes_angle,,,left_only
172010,4549,test,42,right,session_1_0_1,101,saccade_fixation,1658886204895181,4824,254.67605633802816,112.0676056338028,25.75339701424141,17.571478617761333,55.53142740688668,168.85716523482313,Fixation,171961,49,1,46.599998474121094,27.15999984741211,46.0,29.0,1.9353549365610179,0.3422524333000183,0.36363636363636365,center_proxy_gt_axes_angle,,,left_only
172011,4550,test,42,right,session_1_0_1,101,saccade_fixation,1658886204935181,4825,249.0793650793651,117.6938775510204,26.72395304059757,21.12791773292379,61.70239032164582,279.10602697877704,Fixation,171961,50,1,45.52000045776367,28.479999542236328,45.0,29.0,0.7353916998096025,0.6344040036201477,0.6875,center_proxy_gt_axes_angle,,,left_only
172012,4551,test,42,right,session_1_0_1,101,saccade_fixation,1658886204975181,4826,231.8952879581152,126.40314136125654,28.078693325249155,26.06505507907156,62.0601665498293,377.9634661596901,Fixation,171961,51,1,42.63999938964844,30.84000015258789,43.0,31.0,0.3939548078465293,0.6866015791893005,1.0,center_proxy_gt_axes_angle,,,left_only
172013,4552,test,42,right,session_1_0_1,101,saccade_fixation,1658886205015181,4827,215.50077760497663,133.3203732503888,29.02767077583615,28.241366847361324,-13.834016696496548,376.1613373794668,Fixation,171961,52,1,39.52000045776367,32.47999954223633,39.0,32.0,0.7076722663927935,0.6613999605178833,0.6086956521739131,center_proxy_gt_axes_angle,,,left_only
172014,4553,test,42,right,session_1_0_1,101,saccade_fixation,1658886205055181,4828,200.6708268330733,139.2808112324493,28.82785326358404,28.359736424463875,-26.811500245543694,260.59264495293206,Fixation,171961,53,1,36.720001220703125,34.0,37.0,34.0,0.279998779296875,0.7175433039665222,1.0,center_proxy_gt_axes_angle,,,left_only
172015,4554,test,42,right,session_1_0_1,101,saccade_fixation,1658886205095181,4829,193.9129746835443,141.75632911392404,28.654171609819905,28.20214420462148,-57.97607994169074,151.06754294404988,Fixation,171961,54,1,35.52000045776367,34.47999954223633,34.0,34.0,1.593989006282307,0.6163580417633057,0.43333333333333335,center_proxy_gt_axes_angle,,,left_only
172016,4555,test,42,right,session_1_0_1,101,saccade_fixation,1658886205135181,4830,193.11003236245955,141.70550161812298,28.60201731707532,27.57361760376764,-83.36828247823189,52.26321022669652,Fixation,171961,55,1,35.279998779296875,34.47999954223633,33.0,34.0,2.3299772518508255,0.5447499752044678,0.27586206896551724,center_proxy_gt_axes_angle,,,left_only
172017,4556,test,42,right,session_1_0_1,101,saccade_fixation,1658886205175181,4831,192.7738853503185,141.54936305732485,28.902222606323114,27.742366347868327,78.78378041330348,9.03038472743001,Fixation,171961,56,1,35.20000076293945,34.47999954223633,37.0,33.0,2.3303209861386676,0.4128735065460205,0.4230769230769231,center_proxy_gt_axes_angle,,,left_only
172018,4557,test,42,right,session_1_0_1,101,saccade_fixation,1658886205215181,4832,192.6122448979592,141.51334379905808,29.11500248842864,27.943862497167167,79.93497491540865,5.142014472909845,Fixation,171961,57,1,35.279998779296875,34.47999954223633,39.0,33.0,4.003599346469684,0.41626521944999695,0.23333333333333334,center_proxy_gt_axes_angle,,,left_only
172019,4558,test,42,right,session_1_0_1,101,saccade_fixation,1658886205255181,4833,192.48513302034428,141.53521126760563,29.157533758320767,27.976842928644864,-89.32118681376392,73.6563377667091,Fixation,171961,58,1,35.2400016784668,34.47999954223633,37.0,33.0,2.2995635970373667,0.35368651151657104,0.43333333333333335,center_proxy_gt_axes_angle,,,left_only
172020,4559,test,42,right,session_1_0_1,101,saccade_fixation,1658886205295181,4834,192.32601880877743,141.45611285266455,29.099974380445943,27.968620999092995,-86.38799739005005,94.39437001504326,Fixation,171961,59,1,35.15999984741211,34.36000061035156,38.0,33.0,3.148841457878733,0.39406660199165344,0.34545454545454546,center_proxy_gt_axes_angle,,,left_only
172021,4560,test,42,right,session_1_0_1,101,saccade_fixation,1658886205335181,4835,181.50993377483445,145.01490066225165,28.239659191825407,27.313727248100165,-11.091779617059728,94.85869273589276,Fixation,171961,60,1,33.20000076293945,35.400001525878906,34.0,35.0,0.8944271910015429,0.669292688369751,0.6818181818181818,center_proxy_gt_axes_angle,,,left_only
172022,4561,test,42,right,session_1_0_1,101,saccade_fixation,1658886205375181,4836,178.0989932885906,145.69295302013424,27.96955820792484,27.193286211117453,51.81065758352787,94.4688387984569,Fixation,171961,61,1,32.599998474121094,35.63999938964844,32.0,35.0,0.8772669990932142,0.6028620004653931,0.6086956521739131,center_proxy_gt_axes_angle,,,left_only
172023,4562,test,42,right,session_1_0_1,101,saccade_fixation,1658886205415181,4837,177.90578512396695,145.75371900826443,28.26077125234204,27.32464365032857,49.63092041521834,23.834764572167146,Fixation,171961,62,1,32.36000061035156,35.560001373291016,32.0,35.0,0.6657341643188526,0.49306774139404297,0.6086956521739131,center_proxy_gt_axes_angle,,,left_only
172024,4563,test,42,right,session_1_0_1,101,saccade_fixation,1658886205455182,4838,177.7646103896104,145.50974025974023,28.53893841612686,27.5490949421352,47.08023897934722,4.887233155211817,Fixation,171961,63,1,32.36000061035156,35.560001373291016,31.0,34.0,2.069590767477106,0.37279975414276123,0.34545454545454546,center_proxy_gt_axes_angle,,,left_only
172025,4564,test,42,right,session_1_0_1,101,saccade_fixation,1658886205495182,4839,177.7220447284345,145.45686900958466,28.60898989755339,27.92878398525233,42.51601493604829,7.207580502814959,Fixation,171961,64,1,32.36000061035156,35.560001373291016,28.0,32.0,5.628784513560625,0.3619789481163025,0.0,center_proxy_gt_axes_angle,,,left_only
172026,4565,test,42,right,session_1_0_1,101,saccade_fixation,1658886205535182,4840,177.6998420221169,145.02053712480253,29.033559174736087,27.89399488018544,57.02278253795484,5.179920066015247,Fixation,171961,65,1,32.47999954223633,35.52000045776367,43.0,34.0,10.629243200856289,0.45519596338272095,0.0,center_proxy_gt_axes_angle,,,left_only
172027,4566,test,42,right,session_1_0_1,101,saccade_fixation,1658886205575182,4841,177.60493827160494,144.64043209876544,29.562218237341067,28.04411543146494,67.04503185360552,5.077410692533643,Fixation,171961,66,1,32.47999954223633,35.47999954223633,44.0,34.0,11.614680761514496,0.4822612404823303,0.0,center_proxy_gt_axes_angle,,,left_only
172028,4567,test,42,right,session_1_0_1,101,saccade_fixation,1658886205615182,4842,177.63440860215053,144.69124423963137,29.69410051713346,28.027701521735537,66.44860615004595,1.3442042280810549,Fixation,171961,67,1,32.47999954223633,35.47999954223633,33.0,33.0,2.533929400272791,0.3769928216934204,0.27586206896551724,center_proxy_gt_axes_angle,,,left_only
172029,4568,test,42,right,session_1_0_1,101,saccade_fixation,1658886205655182,4843,177.6255778120185,144.6502311248074,29.591928622411377,28.06365514935745,65.29633116929556,1.2728923821841551,Fixation,171961,68,1,32.47999954223633,35.47999954223633,44.0,33.0,11.783921600060296,0.4229813516139984,0.0,center_proxy_gt_axes_angle,,,left_only
172030,4569,test,42,right,session_1_0_1,101,saccade_fixation,1658886205695182,4844,177.68544600938966,144.80594679186228,29.094782886727263,28.117510202384008,68.89916918850237,0.8810363592336886,Fixation,171961,69,1,32.47999954223633,35.47999954223633,32.0,33.0,2.526024008207262,0.3670800030231476,0.27586206896551724,center_proxy_gt_axes_angle,,,left_only
172031,4570,test,42,right,session_1_0_1,101,saccade_fixation,1658886205735182,4845,177.62962962962962,144.84259259259258,29.64928713750069,27.964839622126544,75.30857229677055,0.4242442499443311,Fixation,171961,70,1,32.47999954223633,35.47999954223633,32.0,33.0,2.526024008207262,0.357642263174057,0.27586206896551724,center_proxy_gt_axes_angle,,,left_only
172032,4571,test,42,right,session_1_0_1,101,saccade_fixation,1658886205775182,4846,177.6813186813187,144.82417582417582,29.077840492197225,28.05794328818208,71.64788016107748,1.1678521637033088,Fixation,171961,71,1,32.47999954223633,35.52000045776367,45.0,33.0,12.771092896441232,0.362496018409729,0.0,center_proxy_gt_axes_angle,,,left_only
172033,4572,test,42,right,session_1_0_1,101,saccade_fixation,1658886205815182,4847,177.68429237947123,144.68429237947123,29.415463756815832,27.997246855167543,70.96391204381602,1.6371231442619882,Fixation,171961,72,1,32.36000061035156,35.36000061035156,28.0,33.0,4.957742248556872,0.35348427295684814,0.027777777777777776,center_proxy_gt_axes_angle,,,left_only
172034,4573,test,42,right,session_1_0_1,101,saccade_fixation,1658886205855182,4848,177.69875776397515,144.6195652173913,29.52702976456517,27.92695514114815,64.85664120846157,2.014050935843588,Fixation,171961,73,1,32.47999954223633,35.47999954223633,28.0,32.0,5.672811711347625,0.38043540716171265,0.0,center_proxy_gt_axes_angle,,,left_only
172035,4574,test,42,right,session_1_0_1,101,saccade_fixation,1658886205895182,4849,177.70962732919256,144.59316770186336,29.61105967537036,27.83639528795089,65.08248531467878,1.6542609056674762,Fixation,171961,74,1,32.47999954223633,35.47999954223633,28.0,32.0,5.672811711347625,0.4174613654613495,0.0,center_proxy_gt_axes_angle,,,left_only
172036,4575,test,42,right,session_1_0_1,101,saccade_fixation,1658886205935182,4850,177.80585516178738,144.5269645608629,29.53491628379263,28.124394416492738,70.17774884596021,2.258419933830065,Fixation,171961,75,1,32.47999954223633,35.47999954223633,27.0,32.0,6.491593933455436,0.4477505385875702,0.0,center_proxy_gt_axes_angle,,,left_only
172037,4576,test,42,right,session_1_0_1,101,saccade_fixation,1658886205975182,4851,177.74654377880185,144.42703533026113,29.610785727775504,28.11419311747719,62.61926027015592,2.810788253470269,Fixation,171961,76,1,32.47999954223633,35.47999954223633,27.0,32.0,6.491593933455436,0.46307235956192017,0.011764705882352941,center_proxy_gt_axes_angle,,,left_only
172038,4577,test,42,right,session_1_0_1,101,saccade_fixation,1658886206015182,4852,177.7707390648567,144.2654600301659,30.110446324076214,28.169527186745263,74.33875813486279,2.771921133775913,Fixation,171961,77,1,32.47999954223633,35.47999954223633,27.0,32.0,6.491593933455436,0.46486106514930725,0.0,center_proxy_gt_axes_angle,,,left_only
172039,4578,test,42,right,session_1_0_1,101,saccade_fixation,1658886206055182,4853,177.81638846737482,144.15629742033383,30.08657574952435,28.024128053870054,70.60969079680001,2.012367033296574,Fixation,171961,78,1,32.63999938964844,35.31999969482422,28.0,32.0,5.7054353304170204,0.4428139925003052,0.027777777777777776,center_proxy_gt_axes_angle,,,left_only
172040,4579,test,42,right,session_1_0_1,101,saccade_fixation,1658886206095182,4854,177.7822822822823,144.08408408408408,30.214974684047693,28.21257755688497,75.09892118353223,1.0945612207892714,Fixation,171961,79,1,32.560001373291016,35.20000076293945,28.0,32.0,5.5707824771058,0.44754427671432495,0.027777777777777776,center_proxy_gt_axes_angle,,,left_only
172041,4580,test,42,right,session_1_0_1,101,saccade_fixation,1658886206135182,4855,177.7727952167414,144.10612855007474,30.20603141407315,28.35395477381432,76.80074256526791,0.6420784402100272,Fixation,171961,80,1,32.47999954223633,35.439998626708984,28.0,31.0,6.307454613678593,0.44061267375946045,0.0,center_proxy_gt_axes_angle,,,left_only
172042,4581,test,42,right,session_1_0_1,101,saccade_fixation,1658886206175182,4856,177.84005979073245,144.10463378176382,30.263676252656,28.31001015102071,72.36841884573546,1.22381448073597,Fixation,171961,81,1,32.47999954223633,35.439998626708984,27.0,31.0,7.052941428091406,0.4547242522239685,0.0,center_proxy_gt_axes_angle,,,left_only
172043,4582,test,42,right,session_1_0_1,101,saccade_fixation,1658886206215182,4857,177.85993975903614,144.0632530120482,30.22829944209371,28.11109164703742,75.13665455208807,64.74420320992421,Fixation,171961,82,1,32.560001373291016,35.20000076293945,27.0,31.0,6.968042887331419,0.44996213912963867,0.0,center_proxy_gt_axes_angle,,,left_only
172044,4583,test,42,right,session_1_0_1,101,saccade_fixation,1658886206255182,4858,177.9731343283582,144.0402985074627,30.1926195904103,28.40576690585175,74.55166241789757,200.33103364179945,Fixation,171961,83,1,32.63999938964844,35.31999969482422,27.0,32.0,6.54461542711775,0.3279668986797333,0.0,center_proxy_gt_axes_angle,,,left_only
172045,4584,test,42,right,session_1_0_1,101,saccade_fixation,1658886206295182,4859,187.9077134986226,141.96280991735537,30.948086962201963,30.022713070184277,-23.609334060919565,156.8404954571129,Fixation,171961,84,1,34.279998779296875,34.599998474121094,34.0,35.0,0.48826277465437956,0.695275068283081,0.7,center_proxy_gt_axes_angle,,,left_only
172046,4585,test,42,right,session_1_0_1,101,saccade_fixation,1658886206335182,4860,209.89,144.545,24.256140613061604,10.555266105569464,-1.2690877283002635,158.03909359742389,Fixation,171961,85,1,38.279998779296875,35.20000076293945,46.0,36.0,7.761341226035304,0.2850548326969147,0.0,center_proxy_gt_axes_angle,,,left_only
172047,4586,test,42,right,session_1_0_1,101,saccade_fixation,1658886206575182,4866,233.96575342465752,137.72602739726028,25.208518606430435,22.33136458131132,16.540767963065605,132.25216334410848,Fixation,171961,86,1,42.880001068115234,33.599998474121094,45.0,34.0,2.1574050829406146,0.44205427169799805,0.3170731707317073,center_proxy_gt_axes_angle,,,left_only
172048,4587,test,42,right,session_1_0_1,101,saccade_fixation,1658886206615182,4867,234.05862646566163,134.4824120603015,29.42155299792131,25.91224816817587,59.11018387224181,76.05696997721452,Fixation,171961,87,1,42.91999816894531,32.7599983215332,44.0,33.0,1.1063474864383058,0.5146169662475586,0.72,center_proxy_gt_axes_angle,,,left_only
172049,4588,test,42,right,session_1_0_1,101,saccade_fixation,1658886206655182,4868,234.80337941628264,133.74193548387098,31.150940151113613,26.66563646893568,77.76673632020574,24.97867775774296,Fixation,171961,88,1,42.880001068115234,32.599998474121094,44.0,32.0,1.2705887518668881,0.4819332957267761,0.6086956521739131,center_proxy_gt_axes_angle,,,left_only
172050,4589,test,42,right,session_1_0_1,101,saccade_fixation,1658886206695183,4869,235.12158054711247,133.91185410334347,31.373672897192066,26.737276908076165,75.16082581163052,8.873244945927222,Fixation,171961,89,1,43.119998931884766,32.400001525878906,44.0,33.0,1.0650821793794103,0.5053604245185852,0.6818181818181818,center_proxy_gt_axes_angle,,,left_only
172051,4590,test,42,right,session_1_0_1,101,saccade_fixation,1658886206735183,4870,235.31024096385545,133.96234939759037,31.51260791348689,26.869073057737904,72.53583525871181,3.6538125790329343,Fixation,171961,90,1,43.119998931884766,32.400001525878906,45.0,33.0,1.9734239749891718,0.4031689465045929,0.6818181818181818,center_proxy_gt_axes_angle,,,left_only
172052,4591,test,42,right,session_1_0_1,101,saccade_fixation,1658886206775183,4871,235.41839762611275,134.07418397626114,31.811229560342376,27.0222357859416,77.13626769756092,3.1559713987087497,Fixation,171961,91,1,43.119998931884766,32.400001525878906,44.0,33.0,1.0650821793794103,0.486966997385025,1.0,center_proxy_gt_axes_angle,,,left_only
172053,4592,test,42,right,session_1_0_1,101,saccade_fixation,1658886206815183,4872,235.32650073206443,134.00292825768668,31.99907322680023,27.21928365954605,75.24765067945918,3.0438878421765803,Fixation,171961,92,1,43.20000076293945,32.720001220703125,45.0,33.0,1.821646664374376,0.4626333713531494,0.6818181818181818,center_proxy_gt_axes_angle,,,left_only
172054,4593,test,42,right,session_1_0_1,101,saccade_fixation,1658886206855183,4873,235.6241234221599,133.8625525946704,32.417855952043,28.06775584190643,77.0262768270439,2.4422025721626524,Fixation,171961,93,1,43.2400016784668,32.52000045776367,45.0,32.0,1.8352096795391313,0.366385817527771,0.6086956521739131,center_proxy_gt_axes_angle,,,left_only
172055,4594,test,42,right,session_1_0_1,101,saccade_fixation,1658886206895183,4874,235.7939142461964,134.01936376210236,32.6351562843341,28.276806209839,73.5905083661981,3.1510117913752804,Fixation,171961,94,1,43.119998931884766,32.68000030517578,26.0,32.0,17.133498295525484,0.3853023946285248,0.0,center_proxy_gt_axes_angle,,,left_only
172056,4595,test,42,right,session_1_0_1,101,saccade_fixation,1658886206935183,4875,235.80137931034483,134.15172413793104,32.74524207161064,28.25317697510289,74.19492452157218,2.987999391421041,Fixation,171961,95,1,43.119998931884766,32.68000030517578,26.0,32.0,17.133498295525484,0.443755179643631,0.0,center_proxy_gt_axes_angle,,,left_only
172057,4596,test,42,right,session_1_0_1,101,saccade_fixation,1658886206975183,4876,235.80138888888888,134.17222222222222,32.48928296830201,28.28165294745289,72.33750646537995,1.7440441809487797,Fixation,171961,96,1,43.119998931884766,32.68000030517578,26.0,31.0,17.20223138006015,0.4119783639907837,0.0,center_proxy_gt_axes_angle,,,left_only
172058,4597,test,42,right,session_1_0_1,101,saccade_fixation,1658886207015183,4877,235.8571428571429,134.28,32.10574239781379,27.83308057820725,69.0726551201037,1.108116300016679,Fixation,171961,97,1,43.279998779296875,32.560001373291016,26.0,31.0,17.35027268077281,0.352496862411499,0.0,center_proxy_gt_axes_angle,,,left_only
172059,4598,test,42,right,session_1_0_1,101,saccade_fixation,1658886207055183,4878,235.9144927536232,134.27101449275364,31.866540852581288,27.64824789164533,70.62032530812625,1.977261253056336,Fixation,171961,98,1,43.279998779296875,32.560001373291016,27.0,31.0,16.354570142274532,0.4489927887916565,0.0,center_proxy_gt_axes_angle,,,left_only
172060,4599,test,42,right,session_1_0_1,101,saccade_fixation,1658886207095183,4879,235.9619326500732,134.2269399707174,31.65929740813436,27.54862234524943,70.8829388466566,2.746000906527351,Fixation,171961,99,1,43.400001525878906,32.68000030517578,45.0,39.0,6.51938580387509,0.49883604049682617,0.027777777777777776,center_proxy_gt_axes_angle,,,left_only
174747,2609,test,42,right,session_1_0_2,102,smooth,1658886343095292,2703,168.2,115.95514018691588,27.625850514708272,24.743279987097143,-36.257025039426,30.207985662598624,Smooth,174738,9,1,30.760000228881836,28.0,26.0,28.0,4.760000228881836,0.5282103419303894,0.08823529411764706,center_proxy_gt_axes_angle,,,left_only
174748,2610,test,42,right,session_1_0_2,102,smooth,1658886343135292,2704,167.9868913857678,115.95880149812734,27.56163979076197,24.751579997015934,-34.90186195776104,7.551737988360027,Smooth,174738,10,1,30.520000457763672,28.1200008392334,27.0,28.0,3.522045346680417,0.5068362951278687,0.15625,center_proxy_gt_axes_angle,,,left_only
174749,2611,test,42,right,session_1_0_2,102,smooth,1658886343175292,2705,167.80223880597015,115.67723880597016,27.65281311655078,24.77088093848196,-30.26557013982557,5.0385392056806015,Smooth,174738,11,1,30.760000228881836,28.0,27.0,27.0,3.890707097841144,0.42046868801116943,0.18309859154929578,center_proxy_gt_axes_angle,,,left_only
174750,2612,test,42,right,session_1_0_2,102,smooth,1658886343215292,2706,167.7834274952919,115.50282485875708,27.616695939555463,24.58749520463855,-29.5614737589716,5.7616213483857965,Smooth,174738,12,1,30.760000228881836,28.0,27.0,25.0,4.810156101540932,0.41576623916625977,0.10526315789473684,center_proxy_gt_axes_angle,,,left_only
174751,2613,test,42,right,session_1_0_2,102,smooth,1658886343255292,2707,167.6629213483146,115.35393258426966,27.64426478484347,24.696557358920625,-29.33650907578036,4.73700130138178,Smooth,174738,13,1,30.760000228881836,28.0,27.0,25.0,4.810156101540932,0.42207545042037964,0.11688311688311688,center_proxy_gt_axes_angle,,,left_only
174752,2614,test,42,right,session_1_0_2,102,smooth,1658886343295292,2708,167.7847866419295,115.05936920222636,27.78765521921921,24.78206598263116,-34.30695943773006,5.130431094247141,Smooth,174738,14,1,30.84000015258789,27.8799991607666,28.0,26.0,3.4058769371752655,0.39178377389907837,0.23333333333333334,center_proxy_gt_axes_angle,,,left_only
174753,2615,test,42,right,session_1_0_2,102,smooth,1658886343335292,2709,167.86851851851853,114.92222222222222,27.671693816807814,24.91898523129852,-31.862171583765104,4.761340924143196,Smooth,174738,15,1,30.84000015258789,27.8799991607666,27.0,26.0,4.275511433309254,0.4532786011695862,0.16216216216216217,center_proxy_gt_axes_angle,,,left_only
174754,2616,test,42,right,session_1_0_2,102,smooth,1658886343375292,2710,167.81734317343174,114.68265682656826,27.83467589840431,24.86808170511896,-34.00303773217274,3.0561691873719328,Smooth,174738,16,1,30.84000015258789,27.8799991607666,28.0,25.0,4.044749192807333,0.43860092759132385,0.15625,center_proxy_gt_axes_angle,,,left_only
174755,2617,test,42,right,session_1_0_2,102,smooth,1658886343415292,2711,167.83639705882354,114.61213235294116,27.9309155641336,24.87200987655424,-33.446026532252745,3.081426392295048,Smooth,174738,17,1,30.84000015258789,27.8799991607666,28.0,25.0,4.044749192807333,0.4412521719932556,0.1780821917808219,center_proxy_gt_axes_angle,,,left_only
174756,2618,test,42,right,session_1_0_2,102,smooth,1658886343455292,2712,167.78610603290676,114.57038391224864,28.092933747940936,24.84837983057758,-31.588017127797716,2.164715662234161,Smooth,174738,18,1,30.84000015258789,27.8799991607666,28.0,25.0,4.044749192807333,0.4566684365272522,0.1780821917808219,center_proxy_gt_axes_angle,,,left_only
174757,2619,test,42,right,session_1_0_2,102,smooth,1658886343495292,2713,167.78947368421052,114.4355716878403,28.13404711629112,25.00550245585772,-33.9815802785339,2.0592722238016985,Smooth,174738,19,1,30.84000015258789,27.8799991607666,28.0,25.0,4.044749192807333,0.45527273416519165,0.15625,center_proxy_gt_axes_angle,,,left_only
174758,2620,test,42,right,session_1_0_2,102,smooth,1658886343535292,2714,167.52833638025595,114.49177330895796,27.850208396938083,25.09275383270641,-30.77534703482044,2.2389356233683886,Smooth,174738,20,1,30.84000015258789,27.8799991607666,28.0,26.0,3.4058769371752655,0.46394082903862,0.2463768115942029,center_proxy_gt_axes_angle,,,left_only
174759,2621,test,42,right,session_1_0_2,102,smooth,1658886343575292,2715,167.57866184448463,114.40687160940324,28.20696081063278,25.0391254293304,-33.65207731111181,9.023016505215798,Smooth,174738,21,1,30.719999313354492,27.959999084472656,28.0,25.0,4.019949109718663,0.46905386447906494,0.15625,center_proxy_gt_axes_angle,,,left_only
174760,2622,test,42,right,session_1_0_2,102,smooth,1658886343615292,2716,167.4280510018215,114.5591985428051,27.828177791340188,25.198882464217,-32.34595390087327,59.862965771073256,Smooth,174738,22,1,30.84000015258789,27.8799991607666,27.0,26.0,4.275511433309254,0.41739708185195923,0.16216216216216217,center_proxy_gt_axes_angle,,,left_only
174761,2623,test,42,right,session_1_0_2,102,smooth,1658886343655292,2717,166.59432387312188,115.24540901502505,28.71053178952874,26.66045205205932,-33.65361675385796,51.687670705717856,Smooth,174738,23,1,30.479999542236328,27.959999084472656,35.0,32.0,6.062343732884632,0.4220360517501831,0.04225352112676056,center_proxy_gt_axes_angle,,,left_only
174762,2624,test,42,right,session_1_0_2,102,smooth,1658886343775292,2720,171.23367697594503,128.37285223367698,32.27528167565919,23.279387078818885,-19.905983728228197,55.19115671421805,Smooth,174738,24,1,31.31999969482422,31.15999984741211,33.0,33.0,2.4915861588382167,0.3861698508262634,0.6086956521739131,center_proxy_gt_axes_angle,,,left_only
174763,2625,test,42,right,session_1_0_2,102,smooth,1658886343815292,2721,169.48114630467572,126.66515837104072,29.60837557096326,28.556313803290557,-36.63590032544073,55.09105191314515,Smooth,174738,25,1,31.079999923706055,30.760000228881836,28.0,32.0,3.3202407988581797,0.3920680284500122,0.2571428571428571,center_proxy_gt_axes_angle,,,left_only
174764,2626,test,42,right,session_1_0_2,102,smooth,1658886343855292,2722,168.4289897510981,127.76720351390922,30.39289601895086,28.642961673086337,-78.35547040824297,18.661180958103884,Smooth,174738,26,1,30.84000015258789,31.360000610351562,30.0,32.0,1.05603005406951,0.4192938804626465,0.6271186440677966,center_proxy_gt_axes_angle,,,left_only
174765,2627,test,42,right,session_1_0_2,102,smooth,1658886343895292,2723,168.4154302670623,128.3412462908012,30.45221560770185,28.207414649682978,-62.703606838536274,14.91971066901771,Smooth,174738,27,1,30.84000015258789,31.360000610351562,28.0,32.0,2.9112196903445153,0.44230636954307556,0.34375,center_proxy_gt_axes_angle,,,left_only
174766,2628,test,42,right,session_1_0_2,102,smooth,1658886343935292,2724,168.2555720653789,128.58692421991086,30.41744973472731,28.19928561941778,-70.39111631353474,6.181318223694309,Smooth,174738,28,1,30.84000015258789,31.360000610351562,28.0,32.0,2.9112196903445153,0.46007928252220154,0.27586206896551724,center_proxy_gt_axes_angle,,,left_only
174767,2629,test,42,right,session_1_0_2,102,smooth,1658886343975293,2725,168.21279761904762,128.6875,30.48449606866132,28.096837610962982,-70.81487069720713,3.759917197462306,Smooth,174738,29,1,30.84000015258789,31.360000610351562,29.0,32.0,1.9481272495075452,0.3749557137489319,0.45098039215686275,center_proxy_gt_axes_angle,,,left_only
174768,2630,test,42,right,session_1_0_2,102,smooth,1658886344015293,2726,168.14688427299703,128.71513353115728,30.555240900504383,28.117981996449057,-70.92217969807434,2.4063632260714543,Smooth,174738,30,1,30.84000015258789,31.360000610351562,34.0,32.0,3.224158534314795,0.38317474722862244,0.27586206896551724,center_proxy_gt_axes_angle,,,left_only
174769,2631,test,42,right,session_1_0_2,102,smooth,1658886344055293,2727,168.0044776119403,128.78059701492538,30.473347046512025,28.03220641121462,-72.55637551251047,4.971622467193964,Smooth,174738,31,1,30.84000015258789,31.360000610351562,28.0,32.0,2.9112196903445153,0.4404342770576477,0.27586206896551724,center_proxy_gt_axes_angle,,,left_only
174770,2632,test,42,right,session_1_0_2,102,smooth,1658886344095293,2728,167.93768545994067,128.8041543026706,30.69574529566194,28.006842670081447,-72.89467691190981,44.431210399880975,Smooth,174738,32,1,30.84000015258789,31.360000610351562,28.0,33.0,3.279511985760456,0.4643746614456177,0.27586206896551724,center_proxy_gt_axes_angle,,,left_only
174771,2633,test,42,right,session_1_0_2,102,smooth,1658886344135293,2729,167.93623188405795,129.43333333333334,30.537991565014465,28.82655477890242,-65.42863905847612,72.8442330859632,Smooth,174738,33,1,30.639999389648438,31.360000610351562,29.0,32.0,1.7604536962946853,0.4449690580368042,0.5692307692307692,center_proxy_gt_axes_angle,,,left_only
174772,2634,test,42,right,session_1_0_2,102,smooth,1658886344175293,2730,169.26256983240222,135.73603351955308,31.98634285799937,28.54256956589981,-85.4081813756471,77.81466760066097,Smooth,174738,34,1,30.8799991607666,33.119998931884766,31.0,33.0,0.16970546564623237,0.6533068418502808,1.0,center_proxy_gt_axes_angle,,,left_only
174773,2635,test,42,right,session_1_0_2,102,smooth,1658886344215293,2731,169.73194444444445,140.30694444444444,31.98405402627618,28.744987395890888,-83.87043918357159,73.36137380665114,Smooth,174738,35,1,31.0,34.279998779296875,32.0,33.0,1.6243142783961144,0.5914080142974854,0.43283582089552236,center_proxy_gt_axes_angle,,,left_only
174774,2636,test,42,right,session_1_0_2,102,smooth,1658886344255293,2732,169.75686813186817,141.12087912087912,32.304088959173626,28.775605456920903,-83.85534794150179,32.66080320510829,Smooth,174738,36,1,31.0,34.47999954223633,34.0,33.0,3.345205321803094,0.5027154684066772,0.28,center_proxy_gt_axes_angle,,,left_only
174775,2637,test,42,right,session_1_0_2,102,smooth,1658886344295293,2733,169.57300275482095,141.0564738292011,32.213191781095034,28.77753338866085,-88.75527203210072,4.326803705834626,Smooth,174738,37,1,31.0,34.47999954223633,33.0,32.0,3.185968883949182,0.40623170137405396,0.26582278481012656,center_proxy_gt_axes_angle,,,left_only
174776,2638,test,42,right,session_1_0_2,102,smooth,1658886344335293,2734,169.48271092669432,140.95712309820195,32.18390583398502,28.684701096111432,-87.83676327351395,2.997261319678876,Smooth,174738,38,1,31.0,34.47999954223633,33.0,32.0,3.185968883949182,0.3024774491786957,0.275,center_proxy_gt_axes_angle,,,left_only
174777,2639,test,42,right,session_1_0_2,102,smooth,1658886344375293,2735,169.44674965421854,140.9377593360996,32.165486173342735,28.692513239184077,-87.53796655102464,1.554891733440366,Smooth,174738,39,1,31.0,34.47999954223633,29.0,32.0,3.185968883949182,0.35335445404052734,0.275,center_proxy_gt_axes_angle,,,left_only
174778,2640,test,42,right,session_1_0_2,102,smooth,1658886344415293,2736,169.30277777777778,140.96666666666667,31.883898843113094,28.810090516167865,88.12002085105082,2.216989096708064,Smooth,174738,40,1,31.0,34.47999954223633,29.0,32.0,3.185968883949182,0.34160006046295166,0.275,center_proxy_gt_axes_angle,,,left_only
174779,2641,test,42,right,session_1_0_2,102,smooth,1658886344455293,2737,169.45350500715307,141.27467811158797,31.321905911873703,28.469138983988927,-81.18808472348206,2.341629871204439,Smooth,174738,41,1,31.0,34.47999954223633,28.0,32.0,3.8923511827033797,0.3849068284034729,0.23076923076923078,center_proxy_gt_axes_angle,,,left_only
174780,2642,test,42,right,session_1_0_2,102,smooth,1658886344495293,2738,169.17042253521126,141.12535211267607,31.82795610075801,28.496014546678836,88.97303699979044,1.9023362993808848,Smooth,174738,42,1,31.0,34.47999954223633,29.0,31.0,4.013775879887298,0.3519349992275238,0.16279069767441862,center_proxy_gt_axes_angle,,,left_only
174781,2643,test,42,right,session_1_0_2,102,smooth,1658886344535293,2739,169.2215909090909,141.2372159090909,31.58589551156013,28.4554635150213,-88.00304632616061,1.8908105360686789,Smooth,174738,43,1,31.0,34.47999954223633,28.0,31.0,4.59460518586364,0.3581063151359558,0.13333333333333333,center_proxy_gt_axes_angle,,,left_only
174782,2644,test,42,right,session_1_0_2,102,smooth,1658886344575293,2740,169.2176386913229,141.2588904694168,31.523620459037804,28.4736174137809,-88.24865066111889,0.4894872807906508,Smooth,174738,44,1,31.0,34.47999954223633,34.0,31.0,4.59460518586364,0.3065093755722046,0.13333333333333333,center_proxy_gt_axes_angle,,,left_only
174783,2645,test,42,right,session_1_0_2,102,smooth,1658886344615293,2741,169.15362731152206,141.23470839260312,31.685422256480585,28.336497016316606,-87.30798749073902,0.6931934559754539,Smooth,174738,45,1,31.0,34.47999954223633,28.0,31.0,4.59460518586364,0.3459235429763794,0.11688311688311688,center_proxy_gt_axes_angle,,,left_only
174784,2646,test,42,right,session_1_0_2,102,smooth,1658886344655293,2742,169.1225352112676,141.18732394366197,31.61068189445874,28.66547726507735,89.3620705442549,0.6535439370822327,Smooth,174738,46,1,31.0,34.47999954223633,28.0,31.0,4.59460518586364,0.3606695532798767,0.12359550561797752,center_proxy_gt_axes_angle,,,left_only
174785,2647,test,42,right,session_1_0_2,102,smooth,1658886344695293,2743,169.1225352112676,141.18732394366197,31.61068189445874,28.66547726507735,89.3620705442549,0.3574143094306144,Smooth,174738,47,1,31.0,34.47999954223633,28.0,31.0,4.59460518586364,0.34201109409332275,0.12359550561797752,center_proxy_gt_axes_angle,,,left_only
174786,2648,test,42,right,session_1_0_2,102,smooth,1658886344735293,2744,169.1432584269663,141.18539325842696,31.69632715394653,28.669238233908885,89.16781102009429,1.6916759332674656,Smooth,174738,48,1,31.0,34.47999954223633,29.0,31.0,4.013775879887298,0.31717514991760254,0.16279069767441862,center_proxy_gt_axes_angle,,,left_only
174787,2649,test,42,right,session_1_0_2,102,smooth,1658886344775293,2745,169.1317280453258,141.28753541076486,31.51188733459409,28.61378926832811,88.21592019524742,26.14138949062094,Smooth,174738,49,1,31.0,34.47999954223633,28.0,31.0,4.59460518586364,0.378475546836853,0.13333333333333333,center_proxy_gt_axes_angle,,,left_only
174788,2650,test,42,right,session_1_0_2,102,smooth,1658886344815293,2746,169.07417974322397,141.453637660485,31.33840530974764,28.57562794527261,87.83788767064804,50.46360518402737,Smooth,174738,50,1,31.0,34.47999954223633,34.0,30.0,5.3916969405223165,0.32140207290649414,0.0625,center_proxy_gt_axes_angle,,,left_only
174789,2651,test,42,right,session_1_0_2,102,smooth,1658886344855293,2747,168.66666666666666,145.3450292397661,30.89394893791832,28.29437182378067,84.63195104053771,72.45955526449413,Smooth,174738,51,1,30.8799991607666,35.599998474121094,31.0,35.0,0.6118810099720049,0.6164954900741577,0.6818181818181818,center_proxy_gt_axes_angle,,,left_only
174790,2652,test,42,right,session_1_0_2,102,smooth,1658886344895293,2748,169.8121212121212,149.23181818181817,29.803132480140786,28.264072168506942,61.01189745844364,74.88158342946627,Smooth,174738,52,1,31.079999923706055,36.2400016784668,28.0,35.0,3.3202415111900785,0.46791335940361023,0.2463768115942029,center_proxy_gt_axes_angle,,,left_only
174791,2653,test,42,right,session_1_0_2,102,smooth,1658886344935293,2749,171.8141993957704,152.56646525679758,29.54177362920876,28.646013922804247,39.39061334550502,51.31947237999977,Smooth,174738,53,1,31.280000686645508,37.279998779296875,32.0,36.0,1.468603379484206,0.6438515186309814,0.5254237288135594,center_proxy_gt_axes_angle,,,left_only
174792,2654,test,42,right,session_1_0_2,102,smooth,1658886344975293,2750,172.013698630137,153.06849315068493,29.427735764233734,28.5503696518248,35.74735324309745,26.851488443897285,Smooth,174738,54,1,31.399999618530273,37.15999984741211,33.0,33.0,4.457084243221351,0.37974369525909424,0.14285714285714285,center_proxy_gt_axes_angle,,,left_only
174793,2655,test,42,right,session_1_0_2,102,smooth,1658886345015293,2751,171.6831831831832,152.981981981982,29.77004406560429,28.60166494355954,31.30073049202025,3.935032454175391,Smooth,174738,55,1,31.280000686645508,37.279998779296875,43.0,34.0,12.170323574055818,0.4623924493789673,0.0,center_proxy_gt_axes_angle,,,left_only
174794,2656,test,42,right,session_1_0_2,102,smooth,1658886345055293,2752,171.7496229260935,153.0663650075415,29.65957167238608,28.597948443173305,25.864479806948538,1.8315258560918517,Smooth,174738,56,1,31.399999618530273,37.15999984741211,43.0,33.0,12.323376468345296,0.47646233439445496,0.0,center_proxy_gt_axes_angle,,,left_only
174795,2657,test,42,right,session_1_0_2,102,smooth,1658886345095293,2753,171.79518072289156,153.19578313253012,29.56232654551481,28.72409257579288,30.554897402613022,1.2994540047881389,Smooth,174738,57,1,31.479999542236328,37.279998779296875,43.0,33.0,12.289377530927185,0.5001213550567627,0.0,center_proxy_gt_axes_angle,,,left_only
174796,2658,test,42,right,session_1_0_2,102,smooth,1658886345135293,2754,171.788838612368,153.25641025641025,29.513444836214656,28.738372849587343,18.0401727400876,1.1598587094099178,Smooth,174738,58,1,31.280000686645508,37.36000061035156,43.0,33.0,12.504718678454775,0.4878709614276886,0.0,center_proxy_gt_axes_angle,,,left_only
174797,2659,test,42,right,session_1_0_2,102,smooth,1658886345175293,2755,171.7842261904762,153.16369047619048,29.742649370225102,28.87883093519565,14.567386624854748,1.668857058184554,Smooth,174738,59,1,31.360000610351562,37.20000076293945,44.0,32.0,13.667830570536195,0.493722140789032,0.0,center_proxy_gt_axes_angle,,,left_only
174798,2660,test,42,right,session_1_0_2,102,smooth,1658886345215293,2756,171.61730205278593,153.1964809384164,29.90282016330273,29.175341002066254,15.885469149958226,2.308093975430979,Smooth,174738,60,1,31.479999542236328,37.279998779296875,44.0,32.0,13.587818020998775,0.5034406185150146,0.0,center_proxy_gt_axes_angle,,,left_only
174799,2661,test,42,right,session_1_0_2,102,smooth,1658886345255294,2757,171.59231905465288,153.0221565731167,29.804970831196627,29.032419549538183,-0.6520081456064304,2.096802441814664,Smooth,174738,61,1,31.399999618530273,37.15999984741211,44.0,32.0,13.615638363232561,0.5031362771987915,0.0,center_proxy_gt_axes_angle,,,left_only
174800,2662,test,42,right,session_1_0_2,102,smooth,1658886345295294,2758,171.64379562043797,152.91678832116787,29.787961749141136,29.42836070423242,3.5091586846914424,1.3985176102370254,Smooth,174738,62,1,31.360000610351562,37.20000076293945,44.0,32.0,13.667830570536195,0.503192663192749,0.0,center_proxy_gt_axes_angle,,,left_only
174801,2663,test,42,right,session_1_0_2,102,smooth,1658886345335294,2759,171.49137931034485,153.0,29.967513522598363,29.6937208708301,-32.69316757987048,1.0035551729554175,Smooth,174738,63,1,31.360000610351562,37.36000061035156,44.0,32.0,13.729500759797569,0.4937901198863983,0.0,center_proxy_gt_axes_angle,,,left_only
174802,2664,test,42,right,session_1_0_2,102,smooth,1658886345375294,2760,171.4503597122302,153.0474820143885,30.071108819858843,29.560297504046535,-56.83981256547675,1.5784821678874807,Smooth,174738,64,1,31.360000610351562,37.20000076293945,44.0,32.0,13.667830570536195,0.49276888370513916,0.0,center_proxy_gt_axes_angle,,,left_only
174803,2665,test,42,right,session_1_0_2,102,smooth,1658886345415294,2761,171.43247126436782,153.03735632183907,30.04987229852058,29.618097911992702,-56.17619725862784,1.6624675383026182,Smooth,174738,65,1,31.280000686645508,37.36000061035156,44.0,32.0,13.803187641798827,0.4865018129348755,0.0,center_proxy_gt_axes_angle,,,left_only
174804,2666,test,42,right,session_1_0_2,102,smooth,1658886345455294,2762,171.4,152.98273381294965,30.085578292324488,29.53275903736364,-54.81600786797283,2.023160590717932,Smooth,174738,66,1,31.1200008392334,37.2400016784668,44.0,32.0,13.905106830646186,0.4860074818134308,0.0,center_proxy_gt_axes_angle,,,left_only
174805,2667,test,42,right,session_1_0_2,102,smooth,1658886345495294,2763,171.2255747126437,152.98994252873564,30.22997464359817,29.42669829487223,-60.17594364387905,2.2599522361220776,Smooth,174738,67,1,31.15999984741211,37.36000061035156,44.0,32.0,13.91384959173507,0.48588669300079346,0.0,center_proxy_gt_axes_angle,,,left_only
174806,2668,test,42,right,session_1_0_2,102,smooth,1658886345535294,2764,171.133526850508,152.9811320754717,30.0806688972007,29.28524914110946,-61.93123493707617,2.1334762221397154,Smooth,174738,68,1,31.280000686645508,37.36000061035156,44.0,32.0,13.803187641798827,0.48315632343292236,0.0,center_proxy_gt_axes_angle,,,left_only
174807,2669,test,42,right,session_1_0_2,102,smooth,1658886345575294,2765,171.12719298245614,152.843567251462,29.81482604794808,29.316063984276436,-44.87110805492472,1.0110741267458985,Smooth,174738,69,1,31.1200008392334,37.2400016784668,44.0,32.0,13.905106830646186,0.4840381443500519,0.0,center_proxy_gt_axes_angle,,,left_only
174808,2670,test,42,right,session_1_0_2,102,smooth,1658886345615294,2766,171.08676470588236,152.8470588235294,29.817518671184903,29.14058708378504,-51.40731826844291,1.183505313489411,Smooth,174738,70,1,31.280000686645508,37.36000061035156,44.0,32.0,13.803187641798827,0.4728963375091553,0.0,center_proxy_gt_axes_angle,,,left_only
174809,2671,test,42,right,session_1_0_2,102,smooth,1658886345655294,2767,171.1780415430267,152.8353115727003,29.65517059319665,29.054089311816437,-54.91092764529296,1.1397798261846237,Smooth,174738,71,1,31.1200008392334,37.2400016784668,44.0,32.0,13.905106830646186,0.4698643088340759,0.0,center_proxy_gt_axes_angle,,,left_only
174810,2672,test,42,right,session_1_0_2,102,smooth,1658886345695294,2768,171.16268656716417,152.79402985074626,29.703143721637986,28.851655377686477,-50.5269998275995,1.4142912112015122,Smooth,174738,72,1,31.280000686645508,37.279998779296875,44.0,32.0,13.772318963817067,0.47911787033081055,0.0,center_proxy_gt_axes_angle,,,left_only
174811,2673,test,42,right,session_1_0_2,102,smooth,1658886345735294,2769,171.23192771084337,152.69427710843374,29.3916998424069,28.88637172771519,-47.40912048149994,1.6752074766846998,Smooth,174738,73,1,31.280000686645508,37.279998779296875,44.0,32.0,13.772318963817067,0.4630584716796875,0.0,center_proxy_gt_axes_angle,,,left_only
174812,2674,test,42,right,session_1_0_2,102,smooth,1658886345775294,2770,171.1875945537065,152.64447806354008,29.45562422260992,28.68033186759091,-45.441786867199966,2.63761403689778,Smooth,174738,74,1,31.1200008392334,37.15999984741211,44.0,32.0,13.875156820974722,0.46144968271255493,0.0,center_proxy_gt_axes_angle,,,left_only
174813,2675,test,42,right,session_1_0_2,102,smooth,1658886345815294,2771,171.21221374045805,152.56946564885496,29.25594677207436,28.62647414908551,-53.239125050684095,2.5649495370203987,Smooth,174738,75,1,31.239999771118164,37.279998779296875,44.0,32.0,13.809271992050885,0.45651713013648987,0.0,center_proxy_gt_axes_angle,,,left_only
174814,2676,test,42,right,session_1_0_2,102,smooth,1658886345855294,2772,171.21439509954058,152.37519142419603,29.21079244849859,28.57856199578524,-33.32707948902109,2.339774930466341,Smooth,174738,76,1,31.239999771118164,37.279998779296875,44.0,32.0,13.809271992050885,0.4498002529144287,0.0,center_proxy_gt_axes_angle,,,left_only
174815,2677,test,42,right,session_1_0_2,102,smooth,1658886345895294,2773,171.27708978328172,152.28637770897834,29.03757373850677,28.4431977534676,-28.79382945884751,2.163513650414204,Smooth,174738,77,1,31.15999984741211,37.119998931884766,45.0,32.0,14.756693169071923,0.4430864453315735,0.0,center_proxy_gt_axes_angle,,,left_only
174816,2678,test,42,right,session_1_0_2,102,smooth,1658886345935294,2774,171.3235294117647,152.29566563467492,28.89126118019245,28.590282593771832,-24.030016758562425,1.5730596666657812,Smooth,174738,78,1,31.15999984741211,37.119998931884766,45.0,31.0,15.132745658006135,0.4473705291748047,0.0,center_proxy_gt_axes_angle,,,left_only
174817,2679,test,42,right,session_1_0_2,102,smooth,1658886345975294,2775,171.32403100775193,152.24186046511628,28.99230567258489,28.45509349895273,-26.02739533446413,1.2779461448855038,Smooth,174738,79,1,31.280000686645508,37.279998779296875,45.0,31.0,15.088961721285463,0.4483589828014374,0.0,center_proxy_gt_axes_angle,,,left_only
174818,2680,test,42,right,session_1_0_2,102,smooth,1658886346015294,2776,171.30046224961478,152.1386748844376,28.917608022673203,28.72811980593001,-30.04815240628224,1.8346482442001295,Smooth,174738,80,1,31.239999771118164,37.279998779296875,45.0,31.0,15.125342672706573,0.43773552775382996,0.0,center_proxy_gt_axes_angle,,,left_only
174819,2681,test,42,right,session_1_0_2,102,smooth,1658886346055294,2777,171.35626911314984,152.09785932721712,28.982535785498836,28.894087781610832,-38.33364942651693,3.106990593603645,Smooth,174738,81,1,31.0,37.0,45.0,31.0,15.231546211727817,0.43417274951934814,0.0,center_proxy_gt_axes_angle,,,left_only
174820,2682,test,42,right,session_1_0_2,102,smooth,1658886346095294,2778,171.419452887538,152.01823708206686,29.14784359092453,28.88330754820753,-25.31587724576093,2.7845739548459485,Smooth,174738,82,1,31.360000610351562,37.15999984741211,45.0,31.0,14.966468570431935,0.4249829053878784,0.0,center_proxy_gt_axes_angle,,,left_only
174821,2683,test,42,right,session_1_0_2,102,smooth,1658886346135294,2779,171.57294832826747,151.8115501519757,29.28331182225225,28.788901632559824,-87.32949980650089,3.6671334119661214,Smooth,174738,83,1,31.360000610351562,37.15999984741211,45.0,31.0,14.966468570431935,0.4222496747970581,0.0,center_proxy_gt_axes_angle,,,left_only
174822,2684,test,42,right,session_1_0_2,102,smooth,1658886346175294,2780,171.5712121212121,151.78484848484848,29.304478293382367,28.84674784808332,-86.50088823820262,3.191801567471294,Smooth,174738,84,1,31.280000686645508,37.0,45.0,31.0,14.974591185018967,0.43407711386680603,0.0,center_proxy_gt_axes_angle,,,left_only
174823,2685,test,42,right,session_1_0_2,102,smooth,1658886346215294,2781,171.74924924924926,151.66216216216216,29.276074948548533,29.11788182337288,69.01267999506413,3.421737478590148,Smooth,174738,85,1,31.280000686645508,37.0,45.0,31.0,14.974591185018967,0.42580124735832214,0.0,center_proxy_gt_axes_angle,,,left_only
174824,2686,test,42,right,session_1_0_2,102,smooth,1658886346255294,2782,171.8027108433735,151.68072289156626,29.20496364938745,29.111699072717503,11.797953905845477,3.478500238785852,Smooth,174738,86,1,31.280000686645508,37.0,45.0,32.0,14.602684039533544,0.4100598096847534,0.0,center_proxy_gt_axes_angle,,,left_only
174825,2687,test,42,right,session_1_0_2,102,smooth,1658886346295294,2783,171.97727272727272,151.44242424242424,29.13642313348516,28.973158382791084,-76.41296173218781,2.8543414873580555,Smooth,174738,87,1,31.239999771118164,36.959999084472656,45.0,32.0,14.626660494343804,0.4445350766181946,0.0,center_proxy_gt_axes_angle,,,left_only
174826,2688,test,42,right,session_1_0_2,102,smooth,1658886346335294,2784,171.90620272314675,151.34039334341907,29.195599335478985,28.95100876370643,13.034911946681262,3.585854860492665,Smooth,174738,88,1,31.280000686645508,37.0,45.0,32.0,14.602684039533544,0.4413303732872009,0.0,center_proxy_gt_axes_angle,,,left_only
174827,2689,test,42,right,session_1_0_2,102,smooth,1658886346375294,2785,171.86377245508982,151.22005988023952,29.346179731804163,29.14355422555013,-63.23050182343684,2.314125660499184,Smooth,174738,89,1,31.399999618530273,36.880001068115234,45.0,32.0,14.449028368744472,0.40739092230796814,0.0,center_proxy_gt_axes_angle,,,left_only
174828,2690,test,42,right,session_1_0_2,102,smooth,1658886346415294,2786,171.77245508982037,151.10778443113773,29.47383362504029,28.99809654392249,-76.61112205345538,116.43971617481728,Smooth,174738,90,1,31.200000762939453,36.84000015258789,45.0,33.0,14.324300335958705,0.45422565937042236,0.0,center_proxy_gt_axes_angle,,,left_only
174829,2691,test,42,right,session_1_0_2,102,smooth,1658886346455294,2787,172.075,151.08529411764707,30.464359701923005,28.547152502124103,13.86469635811386,161.62694267279142,Smooth,174738,91,1,31.399999618530273,36.880001068115234,34.0,38.0,2.8309714924502045,0.48040837049484253,0.4492753623188406,center_proxy_gt_axes_angle,,,left_only
174830,2692,test,42,right,session_1_0_2,102,smooth,1658886346575295,2790,199.84735812133076,151.84148727984345,29.998548877194093,21.80811895704866,-25.090729052364797,169.97425949271602,Smooth,174738,92,1,36.52000045776367,36.959999084472656,35.0,37.0,1.5205267063898606,0.5665946006774902,0.45098039215686275,center_proxy_gt_axes_angle,,,left_only
174831,2693,test,42,right,session_1_0_2,102,smooth,1658886346615295,2791,210.3467202141901,146.34404283801874,31.722190713277445,30.061167933595016,-11.61785834500452,171.15972160349142,Smooth,174738,93,1,38.47999954223633,35.79999923706055,38.0,35.0,0.9329514134425981,0.6521178483963013,0.6065573770491803,center_proxy_gt_axes_angle,,,left_only
174832,2694,test,42,right,session_1_0_2,102,smooth,1658886346655295,2792,212.2126582278481,145.74683544303798,32.56749386725614,31.029086787701704,66.89623420634754,90.47208420255012,Smooth,174738,94,1,38.880001068115234,35.31999969482422,34.0,33.0,5.4034071666671855,0.4665273129940033,0.0625,center_proxy_gt_axes_angle,,,left_only
174833,2695,test,42,right,session_1_0_2,102,smooth,1658886346695295,2793,212.80555555555557,145.75,32.561330004389966,31.08823060897551,68.24837245031615,17.356066063488395,Smooth,174738,95,1,39.040000915527344,35.52000045776367,34.0,32.0,6.147520837799,0.5125589370727539,0.02040816326530612,center_proxy_gt_axes_angle,,,left_only
174834,2696,test,42,right,session_1_0_2,102,smooth,1658886346735295,2794,212.9663341645885,145.72319201995012,32.77036777090085,31.249794759110745,70.2249855869945,5.240844279328842,Smooth,174738,96,1,39.0,35.52000045776367,33.0,32.0,6.956321098300197,0.4891989827156067,0.010101010101010102,center_proxy_gt_axes_angle,,,left_only
174835,2697,test,42,right,session_1_0_2,102,smooth,1658886346775295,2795,213.0421836228288,145.67617866004963,32.79665182543085,31.375630947774184,67.86997574402787,1.3122087321297171,Smooth,174738,97,1,39.040000915527344,35.63999938964844,33.0,32.0,7.052035636340201,0.4444315731525421,0.010101010101010102,center_proxy_gt_axes_angle,,,left_only
174836,2698,test,42,right,session_1_0_2,102,smooth,1658886346815295,2796,213.0452876376989,145.64749082007344,33.102411909178706,31.498227176938396,71.25875216516566,1.9624846600614616,Smooth,174738,98,1,39.040000915527344,35.63999938964844,28.0,32.0,11.624595294954814,0.4579504728317261,0.0,center_proxy_gt_axes_angle,,,left_only
174837,2699,test,42,right,session_1_0_2,102,smooth,1658886346855295,2797,213.01447527141133,145.7708082026538,33.55168920596172,31.54321980364245,72.8696481185448,47.55598371302494,Smooth,174738,99,1,38.959999084472656,35.720001220703125,45.0,41.0,8.022468333932371,0.4381347894668579,0.0,center_proxy_gt_axes_angle,,,left_only
179225,4385,test,42,right,session_2_0_1,201,saccade_fixation,1658886562255467,4665,251.14699331848556,130.18040089086858,28.232118894623763,20.29396359186557,63.54826719608949,0.5943017126012433,Fixation,179140,85,1,46.15999984741211,31.84000015258789,45.0,32.0,1.1709823214583623,0.4477770924568176,0.5882352941176471,center_proxy_gt_axes_angle,,,left_only
179226,4386,test,42,right,session_2_0_1,201,saccade_fixation,1658886562295467,4666,251.21017699115043,130.24115044247787,28.430636354136045,20.285783136873107,62.738791241968606,0.3636467951586324,Fixation,179140,86,1,46.15999984741211,31.84000015258789,45.0,32.0,1.1709823214583623,0.4426652193069458,0.5882352941176471,center_proxy_gt_axes_angle,,,left_only
179227,4387,test,42,right,session_2_0_1,201,saccade_fixation,1658886562335467,4667,251.19068736141907,130.25055432372503,28.462097838415488,20.22476610398893,62.75148209881091,0.8252311470486912,Fixation,179140,87,1,46.15999984741211,31.84000015258789,45.0,32.0,1.1709823214583623,0.4427710175514221,0.5882352941176471,center_proxy_gt_axes_angle,,,left_only
179228,4388,test,42,right,session_2_0_1,201,saccade_fixation,1658886562375468,4668,251.12723214285717,130.18973214285714,28.2635850949549,20.23202354469012,63.55861433134952,0.1905388900862139,Fixation,179140,88,1,46.15999984741211,31.84000015258789,45.0,32.0,1.1709823214583623,0.4451606273651123,0.5882352941176471,center_proxy_gt_axes_angle,,,left_only
179229,4389,test,42,right,session_2_0_1,201,saccade_fixation,1658886562415468,4669,251.2555555555556,130.25555555555556,28.397840341534,20.219394118139267,63.225053113116,63.09061436827299,Fixation,179140,89,1,46.15999984741211,31.84000015258789,45.0,32.0,1.1709823214583623,0.438152015209198,0.5882352941176471,center_proxy_gt_axes_angle,,,left_only
179230,4390,test,42,right,session_2_0_1,201,saccade_fixation,1658886562455468,4670,251.23830734966592,130.2293986636971,28.30655550861121,20.23953119705747,63.34358600083216,174.80059218350806,Fixation,179140,90,1,46.15999984741211,31.84000015258789,45.0,32.0,1.1709823214583623,0.41584426164627075,0.5882352941176471,center_proxy_gt_axes_angle,,,left_only
179231,4391,test,42,right,session_2_0_1,201,saccade_fixation,1658886562495468,4671,242.51209677419357,125.09475806451611,29.858940059975872,21.219458844807196,50.78689499357889,179.06596121603968,Fixation,179140,91,1,44.279998779296875,30.1200008392334,45.0,32.0,2.013156378003735,0.6305468678474426,0.6818181818181818,center_proxy_gt_axes_angle,,,left_only
179232,4392,test,42,right,session_2_0_1,201,saccade_fixation,1658886562535468,4672,226.14705882352945,117.61176470588236,29.24749997718237,22.253235499197785,35.154189387780946,177.77374494361035,Fixation,179140,92,1,41.2400016784668,28.479999542236328,40.0,32.0,3.732024569219358,0.4299188554286957,0.23333333333333334,center_proxy_gt_axes_angle,,,left_only
179233,4393,test,42,right,session_2_0_1,201,saccade_fixation,1658886562575468,4673,225.63333333333333,117.43541666666668,27.692746275491505,22.12451031094317,44.05152557265524,41.73616749452504,Fixation,179140,93,1,41.36000061035156,28.520000457763672,38.0,32.0,4.837354743610182,0.4826771318912506,0.08823529411764706,center_proxy_gt_axes_angle,,,left_only
179234,4394,test,42,right,session_2_0_1,201,saccade_fixation,1658886562615468,4674,225.5587044534413,117.99797570850204,27.983430866239107,22.558200105164808,49.01015374042861,9.052808600480835,Fixation,179140,94,1,41.31999969482422,28.639999389648438,41.0,32.0,3.3752042762254355,0.4065844416618347,0.27586206896551724,center_proxy_gt_axes_angle,,,left_only
179235,4395,test,42,right,session_2_0_1,201,saccade_fixation,1658886562895468,4681,228.7447795823666,115.65197215777262,26.642048231418933,20.639896204290547,37.26097896488503,9.872042708712442,Fixation,179140,95,1,41.84000015258789,28.200000762939453,45.0,33.0,5.7467896874190885,0.48877352476119995,0.0,center_proxy_gt_axes_angle,,,left_only
179236,4396,test,42,right,session_2_0_1,201,saccade_fixation,1658886562935468,4682,229.13163972286372,115.56120092378752,26.583954058760323,20.78094435899753,44.280225785736064,11.236961996989416,Fixation,179140,96,1,41.84000015258789,28.079999923706055,44.0,32.0,4.475712227005315,0.4765623211860657,0.0,center_proxy_gt_axes_angle,,,left_only
179237,4397,test,42,right,session_2_0_1,201,saccade_fixation,1658886562975468,4683,229.30071599045343,115.97136038186156,26.294375455607693,20.33784438636341,40.94388431728808,3.048833487803462,Fixation,179140,97,1,41.880001068115234,28.239999771118164,44.0,32.0,4.316479722225509,0.455745130777359,0.06666666666666667,center_proxy_gt_axes_angle,,,left_only
179242,4402,test,42,right,session_2_0_1,201,saccade_fixation,1658886563175468,4688,228.18371607515655,116.2713987473904,28.43951315383238,21.51577506601087,38.58568283605644,0.286722933222687,Fixation,179240,2,1,41.84000015258789,28.280000686645508,27.0,31.0,15.087213155300004,0.3300282955169678,0.0,center_proxy_gt_axes_angle,,,left_only
179243,4403,test,42,right,session_2_0_1,201,saccade_fixation,1658886563215468,4689,228.1378600823045,116.28189300411525,28.721962280918195,21.58970479078307,37.43916918645712,1.024022249323434,Fixation,179240,3,1,41.720001220703125,28.200000762939453,45.0,30.0,3.741442134472688,0.2315041720867157,0.27586206896551724,center_proxy_gt_axes_angle,,,left_only
179246,4406,test,42,right,session_2_0_1,201,saccade_fixation,1658886563335468,4692,228.431330472103,116.27038626609442,28.158374043750687,21.12801392138324,40.31694324243509,2.143608522409854,Fixation,179240,6,1,41.84000015258789,28.200000762939453,45.0,30.0,3.636701292251414,0.2581610381603241,0.27586206896551724,center_proxy_gt_axes_angle,,,left_only
179247,4407,test,42,right,session_2_0_1,201,saccade_fixation,1658886563375468,4693,228.4317673378076,116.248322147651,27.37928541187636,20.823708028996617,41.13894834553636,2.150877183552429,Fixation,179240,7,1,41.84000015258789,28.200000762939453,28.0,30.0,13.956561233951986,0.2634671926498413,0.0,center_proxy_gt_axes_angle,,,left_only
179248,4408,test,42,right,session_2_0_1,201,saccade_fixation,1658886563415468,4694,228.44419134396355,116.09339407744876,27.180694767590214,20.58550547850039,40.301697901623896,0.3336024175122027,Fixation,179240,8,1,41.84000015258789,28.200000762939453,28.0,31.0,14.120396593267927,0.28567031025886536,0.0,center_proxy_gt_axes_angle,,,left_only
179250,4410,test,42,right,session_2_0_1,201,saccade_fixation,1658886563495468,4696,228.47906976744187,116.24651162790698,27.049279750060528,20.25670042903729,39.960035892537206,0.4515607557502455,Fixation,179240,10,1,41.880001068115234,28.239999771118164,28.0,30.0,13.991141142042137,0.3212856352329254,0.0,center_proxy_gt_axes_angle,,,left_only
179251,4411,test,42,right,session_2_0_1,201,saccade_fixation,1658886563535468,4697,228.406103286385,116.15258215962442,26.991739834828078,20.108695736016543,39.93667205703792,0.4404303895247287,Fixation,179240,11,1,41.880001068115234,28.239999771118164,28.0,30.0,13.991141142042137,0.3301452398300171,0.0,center_proxy_gt_axes_angle,,,left_only
179252,4412,test,42,right,session_2_0_1,201,saccade_fixation,1658886563575468,4698,228.3871733966746,116.13776722090262,26.675245989412268,20.111562989852,38.6883908584241,1.2433131919043363,Fixation,179240,12,1,41.880001068115234,28.239999771118164,28.0,30.0,13.991141142042137,0.33436834812164307,0.0,center_proxy_gt_axes_angle,,,left_only
179253,4413,test,42,right,session_2_0_1,201,saccade_fixation,1658886563615468,4699,228.48076923076923,116.09134615384616,26.66481631966171,19.890132687616997,39.17708847064148,0.6428203902046362,Fixation,179240,13,1,41.880001068115234,28.239999771118164,28.0,30.0,13.991141142042137,0.3378019332885742,0.0,center_proxy_gt_axes_angle,,,left_only
179254,4414,test,42,right,session_2_0_1,201,saccade_fixation,1658886563655469,4700,228.43236714975845,116.05314009661836,26.491414722111728,19.92594034426997,39.21044311615822,0.5996128448413154,Fixation,179240,14,1,41.880001068115234,28.239999771118164,27.0,30.0,14.983725591213108,0.35519468784332275,0.0,center_proxy_gt_axes_angle,,,left_only
179255,4415,test,42,right,session_2_0_1,201,saccade_fixation,1658886563695469,4701,228.43236714975845,116.05314009661836,26.491414722111728,19.92594034426997,39.21044311615822,0.1967979834290763,Fixation,179240,15,1,41.880001068115234,28.239999771118164,28.0,31.0,14.151750100758134,0.3467445969581604,0.0,center_proxy_gt_axes_angle,,,left_only
179256,4416,test,42,right,session_2_0_1,201,saccade_fixation,1658886563735469,4702,228.43236714975845,116.05314009661836,26.491414722111728,19.92594034426997,39.21044311615822,0.1994408240505934,Fixation,179240,16,1,41.880001068115234,28.239999771118164,28.0,31.0,14.151750100758134,0.3600158095359802,0.0,center_proxy_gt_axes_angle,,,left_only
179257,4417,test,42,right,session_2_0_1,201,saccade_fixation,1658886563775469,4703,228.46024096385543,116.06746987951809,26.5769624272692,19.908845305864844,38.96579032346219,0.806870291099348,Fixation,179240,17,1,41.880001068115234,28.239999771118164,28.0,31.0,14.151750100758134,0.3588014841079712,0.0,center_proxy_gt_axes_angle,,,left_only
179258,4418,test,42,right,session_2_0_1,201,saccade_fixation,1658886563815469,4704,228.45762711864407,116.0726392251816,26.39610248328904,19.94992358604712,39.245297680595485,0.8896320656597497,Fixation,179240,18,1,41.880001068115234,28.239999771118164,28.0,31.0,14.151750100758134,0.3592560291290283,0.0,center_proxy_gt_axes_angle,,,left_only
179259,4419,test,42,right,session_2_0_1,201,saccade_fixation,1658886563855469,4705,228.5452380952381,115.9904761904762,26.481130091594885,20.22189600087527,38.59189008763906,0.8130839055621668,Fixation,179240,19,1,41.79999923706055,28.1200008392334,28.0,31.0,14.097317975731697,0.34607189893722534,0.0,center_proxy_gt_axes_angle,,,left_only
179260,4420,test,42,right,session_2_0_1,201,saccade_fixation,1658886563895469,4706,228.5165876777251,115.93838862559242,26.6104970886985,20.216041769023946,39.396207861757176,0.2464512896677438,Fixation,179240,20,1,41.79999923706055,28.1200008392334,28.0,31.0,14.097317975731697,0.35756152868270874,0.0,center_proxy_gt_axes_angle,,,left_only
179261,4421,test,42,right,session_2_0_1,201,saccade_fixation,1658886563935469,4707,228.53664302600475,115.96217494089836,26.69773796802112,20.197362628940635,39.61569271241624,4.66490645144655,Fixation,179240,21,1,41.84000015258789,28.200000762939453,28.0,31.0,14.120396593267927,0.35213297605514526,0.0,center_proxy_gt_axes_angle,,,left_only
179262,4422,test,42,right,session_2_0_1,201,saccade_fixation,1658886563975469,4708,228.4906976744186,116.05116279069767,26.895158733844045,20.37263800672477,39.2334683414949,128.05046653775517,Fixation,179240,22,1,41.880001068115234,28.239999771118164,28.0,31.0,14.151750100758134,0.34068742394447327,0.0,center_proxy_gt_axes_angle,,,left_only
179263,4423,test,42,right,session_2_0_1,201,saccade_fixation,1658886564015469,4709,227.80555555555557,116.09027777777776,27.019288421134107,20.42874995736417,39.59272968036683,220.57029142427396,Fixation,179240,23,1,41.720001220703125,28.1200008392334,28.0,31.0,14.019016679571772,0.34640389680862427,0.0,center_proxy_gt_axes_angle,,,left_only
179264,4424,test,42,right,session_2_0_1,201,saccade_fixation,1658886564055469,4710,210.5973597359736,125.87128712871286,29.091874255336617,26.59496798624438,19.089271592736225,168.28737620140274,Fixation,179240,24,1,38.63999938964844,30.600000381469727,38.0,31.0,0.7547177708088877,0.6906402707099915,0.6818181818181818,center_proxy_gt_axes_angle,,,left_only
179265,4425,test,42,right,session_2_0_1,201,saccade_fixation,1658886564095469,4711,196.32676518883412,130.38423645320196,29.874629710498613,26.022866559858976,-9.355539573438762,162.16088170187024,Fixation,179240,25,1,35.84000015258789,31.719999313354492,35.0,32.0,0.88543810674131,0.535102128982544,0.6818181818181818,center_proxy_gt_axes_angle,,,left_only
179266,4426,test,42,right,session_2_0_1,201,saccade_fixation,1658886564255469,4715,190.01385681293303,143.25173210161662,26.09283323479426,21.215145808082745,-32.645592021601345,90.92374428562452,Fixation,179240,26,1,34.84000015258789,34.84000015258789,34.0,35.0,0.8551024543992245,0.5290045738220215,0.6,center_proxy_gt_axes_angle,,,left_only
179267,4427,test,42,right,session_2_0_1,201,saccade_fixation,1658886564295469,4716,189.18556701030928,139.96735395189003,27.394472935398955,27.09609208378457,71.18776346293662,42.539540111326986,Fixation,179240,27,1,34.47999954223633,34.040000915527344,30.0,33.0,4.599130113699266,0.406325101852417,0.08823529411764706,center_proxy_gt_axes_angle,,,left_only
179268,4428,test,42,right,session_2_0_1,201,saccade_fixation,1658886564335469,4717,189.2043189368771,139.67275747508305,28.323020801798947,27.117498135131303,82.57475047621057,22.4577763280088,Fixation,179240,28,1,34.47999954223633,34.040000915527344,33.0,32.0,2.520317912560267,0.40584370493888855,0.34545454545454546,center_proxy_gt_axes_angle,,,left_only
179269,4429,test,42,right,session_2_0_1,201,saccade_fixation,1658886564375469,4718,189.23247863247863,139.95213675213674,27.72910493767392,26.912719843481657,85.89308174086193,18.98755105704912,Fixation,179240,29,1,34.599998474121094,34.15999984741211,33.0,33.0,1.9762577673942094,0.3495534658432007,0.4230769230769231,center_proxy_gt_axes_angle,,,left_only
179270,4430,test,42,right,session_2_0_1,201,saccade_fixation,1658886564415469,4719,189.16357504215853,139.76053962900505,28.29320669450032,26.75900470502305,81.35412394229093,25.377785310252147,Fixation,179240,30,1,34.47999954223633,34.040000915527344,45.0,33.0,10.571282397876125,0.3294805884361267,0.0,center_proxy_gt_axes_angle,,,left_only
179271,4431,test,42,right,session_2_0_1,201,saccade_fixation,1658886564455469,4720,191.9686468646865,138.74917491749176,28.327737741780474,27.30349118601494,76.40006010095011,26.0650745811981,Fixation,179240,31,1,35.0,34.0,46.0,32.0,11.180339887498949,0.42899537086486816,0.0,center_proxy_gt_axes_angle,,,left_only
179272,4432,test,42,right,session_2_0_1,201,saccade_fixation,1658886564495469,4721,193.09415584415584,138.50811688311688,28.83408814505757,27.257988115046587,79.03607147983398,26.505667438035484,Fixation,179240,32,1,35.20000076293945,33.63999938964844,35.0,34.0,0.41182610969905836,0.6301321387290955,0.6818181818181818,center_proxy_gt_axes_angle,,,left_only
179273,4433,test,42,right,session_2_0_1,201,saccade_fixation,1658886564535469,4722,193.0956937799043,138.3811802232855,29.2028569489404,27.38899892519087,73.00979458701399,9.511678834623051,Fixation,179240,33,1,35.279998779296875,33.52000045776367,35.0,33.0,0.590592746723297,0.6189718246459961,0.6086956521739131,center_proxy_gt_axes_angle,,,left_only
179277,4437,test,42,right,session_2_0_1,201,saccade_fixation,1658886564695469,4726,193.4743777452416,138.5827232796486,29.98393562984432,29.07525917810533,70.80899705449738,1.1507247398477771,Fixation,179240,37,1,35.400001525878906,33.720001220703125,35.0,32.0,1.7659007389787496,0.5435398817062378,0.42857142857142855,center_proxy_gt_axes_angle,,,left_only
179278,4438,test,42,right,session_2_0_1,201,saccade_fixation,1658886564735469,4727,193.4743777452416,138.5827232796486,29.98393562984432,29.07525917810533,70.80899705449738,1.6751050304829258,Fixation,179240,38,1,35.400001525878906,33.720001220703125,35.0,32.0,1.7659007389787496,0.5536750555038452,0.42857142857142855,center_proxy_gt_axes_angle,,,left_only
179283,4443,test,42,right,session_2_0_1,201,saccade_fixation,1658886564935470,4732,193.4888178913738,138.38658146964858,28.79698842409809,27.77261185285685,76.44171795334736,2.0521896121464143,Fixation,179240,43,1,35.36000061035156,33.79999923706055,33.0,32.0,2.968097056074531,0.40400874614715576,0.23333333333333334,center_proxy_gt_axes_angle,,,left_only
179284,4444,test,42,right,session_2_0_1,201,saccade_fixation,1658886564975470,4733,193.34571890145395,138.39256865912762,28.842945593358504,27.391443852776543,81.87192719152736,1.2648499360207022,Fixation,179240,44,1,35.279998779296875,33.52000045776367,33.0,32.0,2.74021820758804,0.42224907875061035,0.23333333333333334,center_proxy_gt_axes_angle,,,left_only
179287,4447,test,42,right,session_2_0_1,201,saccade_fixation,1658886565095470,4736,193.5066445182724,138.3986710963455,28.406080059828305,27.075863531349903,81.16559153535715,1.10486063060029,Fixation,179240,47,1,35.279998779296875,33.52000045776367,34.0,32.0,1.987158339590296,0.44730788469314575,0.34545454545454546,center_proxy_gt_axes_angle,,,left_only
179288,4448,test,42,right,session_2_0_1,201,saccade_fixation,1658886565135470,4737,193.51585976627712,138.35225375626044,28.366884022374972,26.96888070185452,79.26206703485063,0.5986171511794597,Fixation,179240,48,1,35.2400016784668,33.63999938964844,34.0,32.0,2.056016089588727,0.4388202428817749,0.34545454545454546,center_proxy_gt_axes_angle,,,left_only
179289,4449,test,42,right,session_2_0_1,201,saccade_fixation,1658886565175470,4738,193.51585976627712,138.35225375626044,28.366884022374972,26.96888070185452,79.26206703485063,0.148758631668904,Fixation,179240,49,1,35.2400016784668,33.63999938964844,34.0,32.0,2.056016089588727,0.41995692253112793,0.34545454545454546,center_proxy_gt_axes_angle,,,left_only
179290,4450,test,42,right,session_2_0_1,201,saccade_fixation,1658886565215470,4739,193.5374376039933,138.33943427620633,28.44891750855629,26.98828006042043,78.25101460355417,0.4529234872121783,Fixation,179240,50,1,35.2400016784668,33.599998474121094,34.0,31.0,2.880554847252954,0.4151530861854553,0.23333333333333334,center_proxy_gt_axes_angle,,,left_only
179291,4451,test,42,right,session_2_0_1,201,saccade_fixation,1658886565255470,4740,193.4909090909091,138.41652892561984,28.562683142373395,27.0579573867453,84.659140070642,0.9261770534356768,Fixation,179240,51,1,35.2400016784668,33.63999938964844,34.0,31.0,2.916710636992397,0.42012661695480347,0.23333333333333334,center_proxy_gt_axes_angle,,,left_only
179292,4452,test,42,right,session_2_0_1,201,saccade_fixation,1658886565295470,4741,193.47368421052636,138.41118421052633,28.542237533644037,27.199907413016,85.45547942142534,0.6772153316868889,Fixation,179240,52,1,35.2400016784668,33.63999938964844,34.0,31.0,2.916710636992397,0.4067094027996063,0.23333333333333334,center_proxy_gt_axes_angle,,,left_only
179293,4453,test,42,right,session_2_0_1,201,saccade_fixation,1658886565335470,4742,193.41384863123997,138.24476650563608,28.8433938297496,27.48864186451,88.19802570082649,1.15244272584969,Fixation,179240,53,1,35.279998779296875,33.52000045776367,34.0,31.0,2.8264463876271573,0.3944607973098755,0.2463768115942029,center_proxy_gt_axes_angle,,,left_only
179294,4454,test,42,right,session_2_0_1,201,saccade_fixation,1658886565375470,4743,193.51597444089455,138.2332268370607,28.797502412652964,27.770891721272783,88.1915738351986,1.71847378447477,Fixation,179240,54,1,35.279998779296875,33.52000045776367,34.0,31.0,2.8264463876271573,0.388973593711853,0.2463768115942029,center_proxy_gt_axes_angle,,,left_only
179295,4455,test,42,right,session_2_0_1,201,saccade_fixation,1658886565415470,4744,193.55714285714285,138.24444444444444,28.96449193933814,27.78258689606785,-88.89758053214997,1.864589279191025,Fixation,179240,55,1,35.36000061035156,33.63999938964844,34.0,31.0,2.969713527850918,0.3869577646255493,0.2463768115942029,center_proxy_gt_axes_angle,,,left_only
179296,4456,test,42,right,session_2_0_1,201,saccade_fixation,1658886565455470,4745,193.6867088607595,138.2373417721519,28.909224243771217,27.92871071941669,86.24142075399541,1.739261011909814,Fixation,179240,56,1,35.36000061035156,33.63999938964844,34.0,31.0,2.969713527850918,0.38789236545562744,0.23333333333333334,center_proxy_gt_axes_angle,,,left_only
179297,4457,test,42,right,session_2_0_1,201,saccade_fixation,1658886565495470,4746,193.6794871794872,138.10897435897436,28.68512355544663,27.79682280185382,80.6154971980885,2.480059081118277,Fixation,179240,57,1,35.36000061035156,33.63999938964844,34.0,31.0,2.969713527850918,0.39551806449890137,0.23333333333333334,center_proxy_gt_axes_angle,,,left_only
179298,4458,test,42,right,session_2_0_1,201,saccade_fixation,1658886565535470,4747,193.7344,138.0608,28.69164183232097,27.84319394332859,73.06592185561003,24.09019791758968,Fixation,179240,58,1,35.36000061035156,33.63999938964844,34.0,32.0,2.1305397574802187,0.4062814712524414,0.34545454545454546,center_proxy_gt_axes_angle,,,left_only
179299,4459,test,42,right,session_2_0_1,201,saccade_fixation,1658886565575470,4748,193.41233766233765,137.875,28.714190104884004,27.400450166298512,70.37836255045754,116.40832119158884,Fixation,179240,59,1,35.279998779296875,33.52000045776367,33.0,31.0,3.3983520625038772,0.33669614791870117,0.15625,center_proxy_gt_axes_angle,,,left_only
179300,4460,test,42,right,session_2_0_1,201,saccade_fixation,1658886565615470,4749,197.3816326530612,139.33469387755102,28.586015061324527,22.1543468989848,-12.92336164424762,115.21356265341304,Fixation,179240,60,1,36.0,34.119998931884766,34.0,35.0,2.1850404755710944,0.4957312345504761,0.27586206896551724,center_proxy_gt_axes_angle,,,left_only
179301,4461,test,42,right,session_2_0_1,201,saccade_fixation,1658886565815470,4754,230.44927536231884,132.14285714285714,26.97572877469766,22.887616296981,45.65943509343533,117.3099459354188,Fixation,179240,61,1,42.119998931884766,32.119998931884766,44.0,33.0,2.0757663394511376,0.507644772529602,0.5625,center_proxy_gt_axes_angle,,,left_only
179302,4462,test,42,right,session_2_0_1,201,saccade_fixation,1658886565855470,4755,229.859287054409,130.69418386491557,28.667036891498757,23.749423090816546,61.73941865331404,106.74762045085151,Fixation,179240,62,1,42.15999984741211,31.84000015258789,44.0,32.0,1.8469435596940582,0.4910629987716675,0.72,center_proxy_gt_axes_angle,,,left_only
179303,4463,test,42,right,session_2_0_1,201,saccade_fixation,1658886565895470,4756,230.32412523020255,131.04051565377532,28.75834325448141,24.10799173945776,56.43332108463796,5.427218270445855,Fixation,179240,63,1,42.15999984741211,31.84000015258789,26.0,33.0,16.201580006726367,0.4211719036102295,0.0,center_proxy_gt_axes_angle,,,left_only
179304,4464,test,42,right,session_2_0_1,201,saccade_fixation,1658886565935470,4757,230.57247706422015,131.25871559633026,28.566078370434333,24.35227615423596,52.731691410078525,7.768575181185949,Fixation,179240,64,1,42.15999984741211,31.84000015258789,26.0,33.0,16.201580006726367,0.3981153070926666,0.0,center_proxy_gt_axes_angle,,,left_only
179305,4465,test,42,right,session_2_0_1,201,saccade_fixation,1658886565975470,4758,230.7422303473492,131.32541133455211,28.43003389845753,24.54595904064637,52.67197373371526,14.00501408194502,Fixation,179240,65,1,42.15999984741211,31.84000015258789,45.0,33.0,3.067768001771868,0.44686049222946167,0.4230769230769231,center_proxy_gt_axes_angle,,,left_only
179306,4466,test,42,right,session_2_0_1,201,saccade_fixation,1658886566015470,4759,230.86510791366908,131.4244604316547,28.70392847665532,24.71340559489605,53.28680926959633,13.902327870204823,Fixation,179240,66,1,42.400001525878906,32.040000915527344,45.0,33.0,2.771568203674655,0.4919961392879486,0.4230769230769231,center_proxy_gt_axes_angle,,,left_only
179307,4467,test,42,right,session_2_0_1,201,saccade_fixation,1658886566055470,4760,230.5341506129597,133.27145359019264,29.110178927073974,25.01156659934191,55.0897462122495,14.281710066239564,Fixation,179240,67,1,42.2400016784668,32.52000045776367,44.0,33.0,1.82427894038899,0.4911586046218872,0.6818181818181818,center_proxy_gt_axes_angle,,,left_only
179308,4468,test,42,right,session_2_0_1,201,saccade_fixation,1658886566095470,4761,230.52777777777777,133.48263888888889,29.273164866102928,25.08005372714589,55.49236921544389,13.423527338776651,Fixation,179240,68,1,42.119998931884766,32.599998474121094,45.0,33.0,2.907646363134682,0.4033501148223877,0.45098039215686275,center_proxy_gt_axes_angle,,,left_only
179312,4472,test,42,right,session_2_0_1,201,saccade_fixation,1658886566255471,4765,230.48342059336824,133.52879581151834,29.339355071954568,24.903610468285606,54.90302117649832,1.6701319466170632,Fixation,179240,72,1,42.119998931884766,32.599998474121094,45.0,32.0,2.941836895766407,0.41723161935806274,0.4230769230769231,center_proxy_gt_axes_angle,,,left_only
179316,4476,test,42,right,session_2_0_1,201,saccade_fixation,1658886566415471,4769,230.6134301270417,133.24682395644282,28.896386484246943,24.31000056649026,51.66584363642585,0.8565715017538833,Fixation,179240,76,1,42.20000076293945,32.36000061035156,45.0,32.0,2.8230473192975603,0.3795051574707031,0.4230769230769231,center_proxy_gt_axes_angle,,,left_only
179317,4477,test,42,right,session_2_0_1,201,saccade_fixation,1658886566455471,4770,230.6333938294011,133.21234119782216,28.692370244873853,24.49421996992129,52.69322457891871,1.4368508644825737,Fixation,179240,77,1,42.20000076293945,32.36000061035156,45.0,32.0,2.8230473192975603,0.3716801404953003,0.4230769230769231,center_proxy_gt_axes_angle,,,left_only
179318,4478,test,42,right,session_2_0_1,201,saccade_fixation,1658886566495471,4771,230.42134831460675,133.23970037453182,28.30375110925258,24.075240874105237,54.34643864112243,1.824300261745187,Fixation,179240,78,1,42.20000076293945,32.36000061035156,45.0,32.0,2.8230473192975603,0.37316158413887024,0.4230769230769231,center_proxy_gt_axes_angle,,,left_only
179319,4479,test,42,right,session_2_0_1,201,saccade_fixation,1658886566535471,4772,230.38059701492537,133.2089552238806,28.430767145987065,24.050084423979285,53.55631970723677,2.042401478876944,Fixation,179240,79,1,42.20000076293945,32.400001525878906,45.0,32.0,2.828426585266992,0.3901403546333313,0.4230769230769231,center_proxy_gt_axes_angle,,,left_only
179322,4482,test,42,right,session_2_0_1,201,saccade_fixation,1658886566655471,4775,230.4625468164794,133.22471910112358,28.28092872586911,24.09475357062447,54.92303775673449,0.7404411913275009,Fixation,179240,82,1,42.20000076293945,32.36000061035156,45.0,32.0,2.8230473192975603,0.39810478687286377,0.4230769230769231,center_proxy_gt_axes_angle,,,left_only
179323,4483,test,42,right,session_2_0_1,201,saccade_fixation,1658886566695471,4776,230.294776119403,133.15858208955223,28.450589309549013,24.030353207316832,53.94048784080314,1.5900830066111724,Fixation,179240,83,1,42.20000076293945,32.400001525878906,45.0,32.0,2.828426585266992,0.4003638029098511,0.4230769230769231,center_proxy_gt_axes_angle,,,left_only
179324,4484,test,42,right,session_2_0_1,201,saccade_fixation,1658886566735471,4777,230.33018867924528,133.22264150943397,28.229387967322378,23.965816917340717,56.5346681820108,2.104228668321505,Fixation,179240,84,1,42.20000076293945,32.36000061035156,45.0,32.0,2.8230473192975603,0.37331098318099976,0.43333333333333335,center_proxy_gt_axes_angle,,,left_only
179325,4485,test,42,right,session_2_0_1,201,saccade_fixation,1658886566775471,4778,230.37360594795535,133.10223048327137,28.324193687464238,24.23508886590041,56.85310215284889,0.6974382262409465,Fixation,179240,85,1,42.20000076293945,32.36000061035156,45.0,32.0,2.8230473192975603,0.3855534791946411,0.43333333333333335,center_proxy_gt_axes_angle,,,left_only
179326,4486,test,42,right,session_2_0_1,201,saccade_fixation,1658886566815471,4779,230.2514071294559,132.9624765478424,28.35473647590694,23.99412567415916,55.19307112204107,0.5921499067210738,Fixation,179240,86,1,42.15999984741211,32.279998779296875,45.0,32.0,2.8537694691595155,0.3954840302467346,0.4230769230769231,center_proxy_gt_axes_angle,,,left_only
179327,4487,test,42,right,session_2_0_1,201,saccade_fixation,1658886566855471,4780,230.29511278195488,133.046992481203,28.4142793319247,23.90545145319956,55.555684620472064,1.1606313022435133,Fixation,179240,87,1,42.20000076293945,32.400001525878906,45.0,32.0,2.828426585266992,0.3803129196166992,0.4230769230769231,center_proxy_gt_axes_angle,,,left_only
179328,4488,test,42,right,session_2_0_1,201,saccade_fixation,1658886566895471,4781,230.34078212290504,133.12849162011173,28.384742811447055,24.132272790701304,55.3992790076736,1.890848595980196,Fixation,179240,88,1,42.20000076293945,32.36000061035156,44.0,32.0,1.83564639646966,0.36206182837486267,0.6086956521739131,center_proxy_gt_axes_angle,,,left_only
179329,4489,test,42,right,session_2_0_1,201,saccade_fixation,1658886566935471,4782,230.187969924812,133.10714285714286,28.418383701774747,23.885217480364695,55.49399935403679,0.8091896892692173,Fixation,179240,89,1,42.20000076293945,32.400001525878906,45.0,32.0,2.828426585266992,0.35660767555236816,0.4230769230769231,center_proxy_gt_axes_angle,,,left_only
179330,4490,test,42,right,session_2_0_1,201,saccade_fixation,1658886566975471,4783,230.27893738140415,133.2637571157495,28.30242247739384,23.780465418554915,56.27295169082333,0.8750726383191034,Fixation,179240,90,1,42.20000076293945,32.36000061035156,44.0,32.0,1.83564639646966,0.3670746684074402,0.6086956521739131,center_proxy_gt_axes_angle,,,left_only
179331,4491,test,42,right,session_2_0_1,201,saccade_fixation,1658886567015471,4784,230.3707224334601,133.15209125475286,28.200662891866,23.81793918270204,55.26770428148929,0.6826478396410715,Fixation,179240,91,1,42.20000076293945,32.36000061035156,44.0,32.0,1.83564639646966,0.32767656445503235,0.6086956521739131,center_proxy_gt_axes_angle,,,left_only
179332,4492,test,42,right,session_2_0_1,201,saccade_fixation,1658886567055471,4785,230.46969696969697,133.07386363636363,28.207782562866445,23.89892070907561,54.69000971181208,2.9903595326916816,Fixation,179240,92,1,42.20000076293945,32.36000061035156,44.0,32.0,1.83564639646966,0.3426377773284912,0.6086956521739131,center_proxy_gt_axes_angle,,,left_only
179333,4493,test,42,right,session_2_0_1,201,saccade_fixation,1658886567095471,4786,230.27083333333331,133.03598484848484,28.326225570930816,23.7908884411714,54.6732668392949,87.28632050311494,Fixation,179240,93,1,42.20000076293945,32.36000061035156,45.0,32.0,2.8230473192975603,0.3626529574394226,0.4230769230769231,center_proxy_gt_axes_angle,,,left_only
179334,4494,test,42,right,session_2_0_1,201,saccade_fixation,1658886567135471,4787,229.83495145631068,133.08543689320388,28.024608481666625,23.47373520581937,59.4309578592442,81.59561668642216,Fixation,179240,94,1,42.20000076293945,32.36000061035156,37.0,32.0,5.212447445684647,0.36775094270706177,0.03614457831325301,center_proxy_gt_axes_angle,,,left_only
179335,4495,test,42,right,session_2_0_1,201,saccade_fixation,1658886567335471,4792,257.3675675675676,125.98648648648648,27.16801815757339,17.426109950774947,61.010851244022135,81.43216572552052,Fixation,179240,95,1,47.15999984741211,30.799999237060547,44.0,33.0,3.850402887046852,0.490864634513855,0.018867924528301886,center_proxy_gt_axes_angle,,,left_only
179336,4496,test,42,right,session_2_0_1,201,saccade_fixation,1658886567375472,4793,254.90886699507388,123.88177339901478,28.44390384420956,18.24428184098511,65.04178967586827,82.66500228728836,Fixation,179240,96,1,46.84000015258789,30.040000915527344,44.0,33.0,4.102096469706461,0.5106514692306519,0.038461538461538464,center_proxy_gt_axes_angle,,,left_only
179337,4497,test,42,right,session_2_0_1,201,saccade_fixation,1658886567415472,4794,254.76606683804627,124.146529562982,28.02514960504265,17.721180544316844,63.04583961807607,18.863545475739784,Fixation,179240,97,1,46.599998474121094,30.15999984741211,45.0,34.0,4.159999553974117,0.45690077543258667,0.125,center_proxy_gt_axes_angle,,,left_only
179338,4498,test,42,right,session_2_0_1,201,saccade_fixation,1658886567455472,4795,254.7901554404145,124.31088082901556,28.1804735489925,17.483186722146655,62.196553194802114,3.691731719121089,Fixation,179240,98,1,46.79999923706055,30.040000915527344,29.0,33.0,18.04443314209219,0.3188164532184601,0.0,center_proxy_gt_axes_angle,,,left_only
179339,4499,test,42,right,session_2_0_1,201,saccade_fixation,1658886567495472,4796,254.8068783068783,124.38888888888889,27.87254089218372,17.312539470929945,60.93792183614531,1.992678771643111,Fixation,179240,99,1,46.599998474121094,30.15999984741211,45.0,37.0,7.024642140678214,0.4636100232601166,0.0,center_proxy_gt_axes_angle,,,left_only
179340,4500,test,42,right,session_2_0_1,201,saccade_fixation,1658886567535472,4797,254.9055118110236,124.4724409448819,28.2264380682686,17.247170773925298,60.68923517265009,11.991172337551902,Fixation,179340,0,1,46.599998474121094,30.15999984741211,46.0,0.0,30.165967396469256,0.2158670723438263,0.0,center_proxy_gt_axes_angle,,,left_only
179341,4501,test,42,right,session_2_0_1,201,saccade_fixation,1658886567575472,4798,254.83160621761655,124.45854922279791,28.33493114642836,17.388809334023748,61.2054485866569,12.46413574951506,Fixation,179340,1,1,46.599998474121094,30.15999984741211,27.0,32.0,19.686176387177696,0.44851452112197876,0.0,center_proxy_gt_axes_angle,,,left_only
179342,4502,test,42,right,session_2_0_1,201,saccade_fixation,1658886567615472,4799,256.5108108108108,123.46216216216216,28.74455676808692,16.54138962990955,60.90849825581968,12.308627839616529,Fixation,179340,2,1,47.15999984741211,29.920000076293945,45.0,32.0,2.9986662074058072,0.3547973036766052,0.2,center_proxy_gt_axes_angle,,,left_only
179343,4503,test,42,right,session_2_0_1,201,saccade_fixation,1658886567655472,4800,256.5227882037533,123.37265415549598,28.811986333657003,16.646250082224384,61.70273593277968,13.326828319889463,Fixation,179340,3,1,47.15999984741211,29.920000076293945,45.0,32.0,2.9986662074058072,0.38423722982406616,0.2,center_proxy_gt_axes_angle,,,left_only
179344,4504,test,42,right,session_2_0_1,201,saccade_fixation,1658886567695472,4801,256.6368563685637,123.5338753387534,28.485120619801176,16.63535850413658,61.26977541308392,3.476669757295101,Fixation,179340,4,1,46.959999084472656,30.040000915527344,45.0,32.0,2.77185728750008,0.2829738259315491,0.2,center_proxy_gt_axes_angle,,,left_only
179345,4505,test,42,right,session_2_0_1,201,saccade_fixation,1658886567735472,4802,256.7445054945055,123.51648351648352,28.559286156564955,16.37002530567137,61.69762612717185,3.190442075132082,Fixation,179340,5,1,47.119998931884766,29.8799991607666,45.0,32.0,2.9981325903873666,0.3276728093624115,0.2,center_proxy_gt_axes_angle,,,left_only
179346,4506,test,42,right,session_2_0_1,201,saccade_fixation,1658886567775472,4803,257.05172413793105,123.5919540229885,28.20266449125989,15.851883025226288,63.40584428559655,3.342719953108087,Fixation,179340,6,1,47.119998931884766,29.8799991607666,45.0,33.0,3.77210825772666,0.34503233432769775,0.038461538461538464,center_proxy_gt_axes_angle,,,left_only
179347,4507,test,42,right,session_2_0_1,201,saccade_fixation,1658886567815472,4804,257.01749271137027,123.49854227405248,28.18190941553469,15.621697809345024,62.99158894378138,2.7940518734843303,Fixation,179340,7,1,47.15999984741211,29.920000076293945,46.0,33.0,3.291200263737444,0.34679701924324036,0.125,center_proxy_gt_axes_angle,,,left_only
179348,4508,test,42,right,session_2_0_1,201,saccade_fixation,1658886567855472,4805,257.171686746988,123.53614457831326,27.102295039505947,15.763602112671002,62.27385971348317,1.722808091342396,Fixation,179340,8,1,47.119998931884766,29.8799991607666,46.0,33.0,3.314936325819868,0.3323531150817871,0.125,center_proxy_gt_axes_angle,,,left_only
179349,4509,test,42,right,session_2_0_1,201,saccade_fixation,1658886567895472,4806,257.1807228915663,123.4186746987952,27.364289937556908,15.594670536660388,62.30053151182866,1.7900672462241485,Fixation,179340,9,1,47.119998931884766,29.8799991607666,45.0,33.0,3.77210825772666,0.3481590747833252,0.038461538461538464,center_proxy_gt_axes_angle,,,left_only
179350,4510,test,42,right,session_2_0_1,201,saccade_fixation,1658886567935472,4807,257.1975308641975,123.35802469135804,26.897346741603894,15.484943081488376,61.93669086572815,1.3752459484716706,Fixation,179340,10,1,47.15999984741211,29.920000076293945,45.0,33.0,3.7619142561799093,0.33669161796569824,0.0,center_proxy_gt_axes_angle,,,left_only
179351,4511,test,42,right,session_2_0_1,201,saccade_fixation,1658886567975472,4808,257.2492211838006,123.33021806853584,26.831885959968407,15.353058246324958,61.717833894202805,0.746596557921635,Fixation,179340,11,1,47.2400016784668,29.920000076293945,45.0,33.0,3.808412667971181,0.3421878218650818,0.0,center_proxy_gt_axes_angle,,,left_only
179352,4512,test,42,right,session_2_0_1,201,saccade_fixation,1658886568015472,4809,257.2492211838006,123.33021806853584,26.831885959968407,15.353058246324958,61.717833894202805,0.5786215837481505,Fixation,179340,12,1,47.2400016784668,29.920000076293945,45.0,33.0,3.808412667971181,0.3526843786239624,0.0,center_proxy_gt_axes_angle,,,left_only
179353,4513,test,42,right,session_2_0_1,201,saccade_fixation,1658886568055472,4810,257.29780564263325,123.3949843260188,26.608528497251875,15.38784363242291,62.021503644864254,0.4808586567848895,Fixation,179340,13,1,47.2400016784668,29.920000076293945,45.0,33.0,3.808412667971181,0.3402152359485626,0.0,center_proxy_gt_axes_angle,,,left_only
179354,4514,test,42,right,session_2_0_1,201,saccade_fixation,1658886568095472,4811,257.2753164556962,123.40822784810126,26.623641676381904,15.225270013161149,61.29843247420694,0.0,Fixation,179340,14,1,47.2400016784668,29.920000076293945,45.0,33.0,3.808412667971181,0.3401309847831726,0.0,center_proxy_gt_axes_angle,,,left_only
179355,4515,test,42,right,session_2_0_1,201,saccade_fixation,1658886568135472,4812,257.17283950617286,123.320987654321,26.77502410144352,15.500974847940912,61.1392799662448,0.5001609255895141,Fixation,179340,15,1,47.2400016784668,29.920000076293945,45.0,33.0,3.808412667971181,0.3632564842700958,0.0,center_proxy_gt_axes_angle,,,left_only
179356,4516,test,42,right,session_2_0_1,201,saccade_fixation,1658886568175472,4813,257.2492211838006,123.33021806853584,26.831885959968407,15.353058246324958,61.717833894202805,0.5531305334666945,Fixation,179340,16,1,47.2400016784668,29.920000076293945,45.0,33.0,3.808412667971181,0.3754788339138031,0.0,center_proxy_gt_axes_angle,,,left_only
179357,4517,test,42,right,session_2_0_1,201,saccade_fixation,1658886568215472,4814,257.2701863354037,123.31987577639752,26.79025490938313,15.420365177447923,61.70600282360245,0.2143954426993889,Fixation,179340,17,1,47.2400016784668,29.920000076293945,45.0,33.0,3.808412667971181,0.3585420548915863,0.0,center_proxy_gt_axes_angle,,,left_only
179358,4518,test,42,right,session_2_0_1,201,saccade_fixation,1658886568255472,4815,257.2701863354037,123.31987577639752,26.79025490938313,15.420365177447923,61.70600282360245,0.3668196951995578,Fixation,179340,18,1,47.2400016784668,29.920000076293945,45.0,33.0,3.808412667971181,0.4156496524810791,0.0,center_proxy_gt_axes_angle,,,left_only
179359,4519,test,42,right,session_2_0_1,201,saccade_fixation,1658886568295472,4816,257.1432926829268,123.33841463414636,26.799020049527133,15.693494021573049,61.35314553513753,0.8015046466831179,Fixation,179340,19,1,47.119998931884766,29.760000228881836,46.0,33.0,3.4281184524850903,0.4172670841217041,0.034482758620689655,center_proxy_gt_axes_angle,,,left_only
179360,4520,test,42,right,session_2_0_1,201,saccade_fixation,1658886568335472,4817,257.1938461538461,123.31076923076922,26.733938205863453,15.567992618154728,61.121818032654375,0.9414432720934124,Fixation,179340,20,1,47.119998931884766,29.760000228881836,45.0,33.0,3.8719496365575705,0.4204205870628357,0.0,center_proxy_gt_axes_angle,,,left_only
179361,4521,test,42,right,session_2_0_1,201,saccade_fixation,1658886568375472,4818,257.1432926829268,123.33841463414636,26.799020049527133,15.693494021573049,61.35314553513753,0.1457613563171472,Fixation,179340,21,1,47.119998931884766,29.760000228881836,46.0,33.0,3.4281184524850903,0.4062223434448242,0.034482758620689655,center_proxy_gt_axes_angle,,,left_only
179362,4522,test,42,right,session_2_0_1,201,saccade_fixation,1658886568415472,4819,257.1223241590214,123.348623853211,26.83984976966579,15.626603254233611,61.36922387279402,0.5411651875252593,Fixation,179340,22,1,47.15999984741211,29.920000076293945,46.0,33.0,3.291200263737444,0.3906705975532532,0.034482758620689655,center_proxy_gt_axes_angle,,,left_only
179363,4523,test,42,right,session_2_0_1,201,saccade_fixation,1658886568455472,4820,257.1223241590214,123.348623853211,26.83984976966579,15.626603254233611,61.36922387279402,0.1457613563171472,Fixation,179340,23,1,47.15999984741211,29.920000076293945,46.0,33.0,3.291200263737444,0.3919740915298462,0.034482758620689655,center_proxy_gt_axes_angle,,,left_only
179364,4524,test,42,right,session_2_0_1,201,saccade_fixation,1658886568495472,4821,257.1212121212121,123.26363636363637,27.00190637181576,15.668485034305297,61.74220719311043,10.748992175248194,Fixation,179340,24,1,47.2400016784668,29.920000076293945,46.0,33.0,3.3202415111900785,0.39191150665283203,0.034482758620689655,center_proxy_gt_axes_angle,,,left_only
179365,4525,test,42,right,session_2_0_1,201,saccade_fixation,1658886568535472,4822,257.1223241590214,123.348623853211,26.83984976966579,15.626603254233611,61.36922387279402,106.94175008965836,Fixation,179340,25,1,47.15999984741211,29.920000076293945,46.0,33.0,3.291200263737444,0.38383299112319946,0.034482758620689655,center_proxy_gt_axes_angle,,,left_only
179366,4526,test,42,right,session_2_0_1,201,saccade_fixation,1658886568575472,4823,255.4121037463977,123.53025936599424,27.020000862145984,16.439050654476716,62.24213065331164,200.9743428830794,Fixation,179340,26,1,46.7599983215332,29.959999084472656,46.0,32.0,2.176970643827263,0.3545752465724945,0.25,center_proxy_gt_axes_angle,,,left_only
179367,4527,test,42,right,session_2_0_1,201,saccade_fixation,1658886568615473,4824,240.48659793814437,127.35257731958762,27.80588125689621,22.246044193234383,55.72069368288796,298.9578486879461,Fixation,179340,27,1,44.0,31.0,43.0,32.0,1.4142135623730951,0.6303114891052246,0.6086956521739131,center_proxy_gt_axes_angle,,,left_only
179368,4528,test,42,right,session_2_0_1,201,saccade_fixation,1658886568655473,4825,226.4823943661972,133.02464788732394,28.168944176394444,25.710525386069435,49.72364222478888,361.4488057683917,Fixation,179340,28,1,41.36000061035156,32.15999984741211,41.0,32.0,0.3939548078465293,0.6634849309921265,0.6086956521739131,center_proxy_gt_axes_angle,,,left_only
179369,4529,test,42,right,session_2_0_1,201,saccade_fixation,1658886568695473,4826,213.0251572327044,141.8820754716981,29.024140962174226,27.97767438360201,-86.04596653339463,278.14362785932,Fixation,179340,29,1,39.0,34.47999954223633,39.0,34.0,0.4799995422363281,0.6793410181999207,0.6818181818181818,center_proxy_gt_axes_angle,,,left_only
179370,4530,test,42,right,session_2_0_1,201,saccade_fixation,1658886568735473,4827,203.14705882352945,148.28758169934642,28.428557846896023,27.45746769325258,-27.82345850573517,185.79811464240828,Fixation,179340,30,1,37.0,36.0,36.0,36.0,1.0,0.5808168649673462,0.43333333333333335,center_proxy_gt_axes_angle,,,left_only
179371,4531,test,42,right,session_2_0_1,201,saccade_fixation,1658886568775473,4828,201.40871021775544,148.6465661641541,28.04722647763185,27.154468356113348,71.69763092628462,85.75133344495849,Fixation,179340,31,1,36.720001220703125,36.36000061035156,33.0,34.0,4.405452526459965,0.4415932893753052,0.08823529411764706,center_proxy_gt_axes_angle,,,left_only
179372,4532,test,42,right,session_2_0_1,201,saccade_fixation,1658886568815473,4829,201.15106732348116,148.58292282430213,28.39350736455137,27.33794315037597,54.59431449330916,15.988485902610858,Fixation,179340,32,1,36.7599983215332,36.279998779296875,33.0,33.0,4.989587094151328,0.45543229579925537,0.04225352112676056,center_proxy_gt_axes_angle,,,left_only
179373,4533,test,42,right,session_2_0_1,201,saccade_fixation,1658886568855473,4830,200.99341021416805,148.47611202635915,28.162765910725614,27.48146646136144,59.503747836518016,5.724811544285503,Fixation,179340,33,1,36.720001220703125,36.279998779296875,32.0,33.0,5.747765088765196,0.4170933961868286,0.024390243902439025,center_proxy_gt_axes_angle,,,left_only
179374,4534,test,42,right,session_2_0_1,201,saccade_fixation,1658886568895473,4831,200.59477124183007,148.4607843137255,28.38622161300287,27.485739500877997,41.81601124409758,4.886550569971013,Fixation,179340,34,1,36.599998474121094,36.15999984741211,31.0,32.0,6.976072078227643,0.3925555348396301,0.0,center_proxy_gt_axes_angle,,,left_only
179375,4535,test,42,right,session_2_0_1,201,saccade_fixation,1658886568935473,4832,200.50980392156865,148.47058823529412,28.44457249334501,27.42146364810474,35.71183834979931,5.061493701391687,Fixation,179340,35,1,36.599998474121094,36.15999984741211,29.0,32.0,8.664039216041887,0.42510151863098145,0.0,center_proxy_gt_axes_angle,,,left_only
179376,4536,test,42,right,session_2_0_1,201,saccade_fixation,1658886568975473,4833,200.37745098039213,148.69607843137254,28.37650668845163,27.494683915826947,38.118512892835895,2.8383924403708294,Fixation,179340,36,1,36.599998474121094,36.20000076293945,29.0,32.0,8.683316371947699,0.39796847105026245,0.0,center_proxy_gt_axes_angle,,,left_only
179377,4537,test,42,right,session_2_0_1,201,saccade_fixation,1658886569015473,4834,200.29581993569133,148.88745980707395,28.583433648998376,27.742649866700013,43.7945177517625,48.10459067531305,Fixation,179340,37,1,36.599998474121094,36.20000076293945,29.0,32.0,8.683316371947699,0.4638128876686096,0.0,center_proxy_gt_axes_angle,,,left_only
179378,4538,test,42,right,session_2_0_1,201,saccade_fixation,1658886569055473,4835,200.2996845425868,148.80599369085172,28.99981040948939,27.86810208533201,40.71612725675763,132.61480905592865,Fixation,179340,38,1,36.599998474121094,36.15999984741211,31.0,33.0,6.4300530282263715,0.41488194465637207,0.0,center_proxy_gt_axes_angle,,,left_only
179379,4539,test,42,right,session_2_0_1,201,saccade_fixation,1658886569095473,4836,193.7001522070015,152.0578386605784,29.49060114776709,28.410497489709368,-37.274822290222176,140.37991447744625,Fixation,179340,39,1,35.400001525878906,37.040000915527344,36.0,37.0,0.6013303935364206,0.6475708484649658,1.0,center_proxy_gt_axes_angle,,,left_only
179380,4540,test,42,right,session_2_0_1,201,saccade_fixation,1658886569135473,4837,180.0988835725678,154.94098883572568,28.671311876972357,27.887599259476463,41.144747256862246,140.46087049023237,Fixation,179340,40,1,33.0,38.0,33.0,37.0,1.0,0.6392329931259155,0.6818181818181818,center_proxy_gt_axes_angle,,,left_only
179381,4541,test,42,right,session_2_0_1,201,saccade_fixation,1658886569175473,4838,178.78923076923076,155.36461538461538,29.318021912633217,28.302383877373146,53.56764919381734,95.03671301023772,Fixation,179340,41,1,32.7599983215332,37.959999084472656,32.0,36.0,2.1021878745409355,0.5141453146934509,0.4230769230769231,center_proxy_gt_axes_angle,,,left_only
179382,4542,test,42,right,session_2_0_1,201,saccade_fixation,1658886569215473,4839,178.79336349924586,155.3288084464555,29.560390159318523,28.60506866678431,45.56774507619416,8.150957624803684,Fixation,179340,42,1,32.7599983215332,37.959999084472656,30.0,36.0,3.3851421160713104,0.468315452337265,0.21621621621621623,center_proxy_gt_axes_angle,,,left_only
179383,4543,test,42,right,session_2_0_1,201,saccade_fixation,1658886569255473,4840,178.82763744427933,155.22436849925705,29.81823853300788,28.77930871956674,57.83309737763437,0.3813009503169328,Fixation,179340,43,1,32.599998474121094,37.84000015258789,31.0,35.0,3.259692621074734,0.4220014214515686,0.22077922077922077,center_proxy_gt_axes_angle,,,left_only
179384,4544,test,42,right,session_2_0_1,201,saccade_fixation,1658886569295473,4841,178.83724340175954,155.27126099706746,29.904415957469528,29.08146812911956,51.733729133476025,0.2236011256520348,Fixation,179340,44,1,32.7599983215332,37.959999084472656,29.0,35.0,4.7853089720530555,0.45371612906455994,0.07317073170731707,center_proxy_gt_axes_angle,,,left_only
179385,4545,test,42,right,session_2_0_1,201,saccade_fixation,1658886569335473,4842,178.83021582733812,155.31942446043166,30.179220546607148,29.37147423450119,47.51399722641731,1.3690882178301724,Fixation,179340,45,1,32.7599983215332,37.959999084472656,30.0,35.0,4.047120620261405,0.44206082820892334,0.125,center_proxy_gt_axes_angle,,,left_only
179386,4546,test,42,right,session_2_0_1,201,saccade_fixation,1658886569375473,4843,178.78254649499286,155.29470672389127,30.29824188592001,29.430390223118906,50.32282177623539,91.10661531647412,Fixation,179340,46,1,32.79999923706055,37.84000015258789,32.0,35.0,2.950525316955728,0.387587308883667,0.25,center_proxy_gt_axes_angle,,,left_only
179387,4547,test,42,right,session_2_0_1,201,saccade_fixation,1658886569415473,4844,178.96120689655172,155.39798850574712,30.310823740819163,29.30036962254404,52.643263222706494,93.5460895831273,Fixation,179340,47,1,32.7599983215332,37.959999084472656,33.0,35.0,2.969713014037862,0.41029423475265503,0.31343283582089554,center_proxy_gt_axes_angle,,,left_only
179388,4548,test,42,right,session_2_0_1,201,saccade_fixation,1658886569455473,4845,189.50756533700135,145.33975240715267,31.083602249748115,29.845458521178596,-66.79451661949325,92.0261671980111,Fixation,179340,48,1,34.599998474121094,35.400001525878906,34.0,35.0,0.7211098318932381,0.6883132457733154,0.6451612903225806,center_proxy_gt_axes_angle,,,left_only
179389,4549,test,42,right,session_2_0_1,201,saccade_fixation,1658886569495473,4846,189.8736111111111,145.21666666666667,31.685445053658487,29.046768548491094,79.39307653318696,91.10461602759403,Fixation,179340,49,1,34.599998474121094,35.36000061035156,34.0,35.0,0.6997132329755801,0.6346168518066406,0.6271186440677966,center_proxy_gt_axes_angle,,,left_only
179390,4550,test,42,right,session_2_0_1,201,saccade_fixation,1658886569535473,4847,189.64255319148936,145.3517730496454,31.007730191590028,29.059782113097867,82.73614522700382,1.35403451351925,Fixation,179340,50,1,34.47999954223633,35.52000045776367,34.0,35.0,0.7076722663927935,0.5949434041976929,0.6271186440677966,center_proxy_gt_axes_angle,,,left_only
179391,4551,test,42,right,session_2_0_1,201,saccade_fixation,1658886569575473,4848,189.62250712250716,145.45726495726495,30.665449894694092,29.251812364375308,83.86047593146782,3.965525641021015,Fixation,179340,51,1,34.47999954223633,35.52000045776367,34.0,34.0,1.593989006282307,0.5597212314605713,0.43283582089552236,center_proxy_gt_axes_angle,,,left_only
179392,4552,test,42,right,session_2_0_1,201,saccade_fixation,1658886569615473,4849,189.58082975679545,145.54363376251789,30.66468355583565,29.15117685072161,77.44346804616755,4.552520052543395,Fixation,179340,52,1,34.47999954223633,35.52000045776367,35.0,34.0,1.606487431533842,0.5329051613807678,0.47058823529411764,center_proxy_gt_axes_angle,,,left_only
179393,4553,test,42,right,session_2_0_1,201,saccade_fixation,1658886569655473,4850,189.635838150289,145.8049132947977,30.26362560126628,29.22141121132424,75.7955185781806,4.726413879018393,Fixation,179340,53,1,34.599998474121094,35.599998474121094,35.0,33.0,2.6305880114790816,0.5023258328437805,0.2987012987012987,center_proxy_gt_axes_angle,,,left_only
179394,4554,test,42,right,session_2_0_1,201,saccade_fixation,1658886569695473,4851,189.8123167155425,146.0601173020528,29.86958802205325,29.13123926230648,59.32961542734359,4.494355182318143,Fixation,179340,54,1,34.599998474121094,35.599998474121094,36.0,32.0,3.862640714088934,0.48518824577331543,0.2,center_proxy_gt_axes_angle,,,left_only
179395,4555,test,42,right,session_2_0_1,201,saccade_fixation,1658886569735473,4852,189.88313609467457,146.1671597633136,29.669850813467164,29.04442697770785,56.10264349542733,2.239777885121269,Fixation,179340,55,1,34.7599983215332,35.7599983215332,36.0,30.0,5.891959336813671,0.48081445693969727,0.04878048780487805,center_proxy_gt_axes_angle,,,left_only
179396,4556,test,42,right,session_2_0_1,201,saccade_fixation,1658886569775473,4853,189.8183139534884,146.22238372093022,30.137903942038637,29.12469367522037,75.8812256616498,0.4224024471517904,Fixation,179340,56,1,34.7599983215332,35.7599983215332,36.0,30.0,5.891959336813671,0.46844321489334106,0.041666666666666664,center_proxy_gt_axes_angle,,,left_only
179397,4557,test,42,right,session_2_0_1,201,saccade_fixation,1658886569815473,4854,189.8148148148148,146.1153846153846,30.701014353781904,29.20995747323191,76.39623473618595,1.5058308297388172,Fixation,179340,57,1,34.599998474121094,35.599998474121094,35.0,30.0,5.614266125760698,0.4585394859313965,0.041666666666666664,center_proxy_gt_axes_angle,,,left_only
179398,4558,test,42,right,session_2_0_1,201,saccade_fixation,1658886569855473,4855,189.8653576437588,146.01823281907434,30.906810940867118,29.46416561822723,82.93476961662978,1.8225675136487989,Fixation,179340,58,1,34.599998474121094,35.599998474121094,35.0,30.0,5.614266125760698,0.45370060205459595,0.03225806451612903,center_proxy_gt_axes_angle,,,left_only
179399,4559,test,42,right,session_2_0_1,201,saccade_fixation,1658886569895474,4856,189.93103448275863,145.93103448275863,31.25452064436009,29.625640948307694,81.6509674818031,1.1317601254314686,Fixation,179340,59,1,34.79999923706055,35.52000045776367,36.0,30.0,5.6489297114379475,0.4637347459793091,0.043478260869565216,center_proxy_gt_axes_angle,,,left_only
179400,4560,test,42,right,session_2_0_1,201,saccade_fixation,1658886569935474,4857,189.94015957446808,145.95744680851064,31.64808908991265,30.339102272760535,77.42972707071452,0.7742522300439341,Fixation,179340,60,1,34.79999923706055,35.52000045776367,36.0,31.0,4.67658058513259,0.4707006514072418,0.0989010989010989,center_proxy_gt_axes_angle,,,left_only
179401,4561,test,42,right,session_2_0_1,201,saccade_fixation,1658886569975474,4858,189.95099337748343,145.9960264900662,31.702564724088685,30.407477224764328,77.60327349939449,1.4507680891268633,Fixation,179340,61,1,34.599998474121094,35.599998474121094,36.0,31.0,4.808325096577773,0.457064151763916,0.09090909090909091,center_proxy_gt_axes_angle,,,left_only
179402,4562,test,42,right,session_2_0_1,201,saccade_fixation,1658886570015474,4859,189.976346911958,145.96320630749014,31.82231326670802,30.5361364149915,79.29371594044201,2.530924491712224,Fixation,179340,62,1,34.599998474121094,35.63999938964844,36.0,31.0,4.846606917050437,0.4575539827346802,0.09090909090909091,center_proxy_gt_axes_angle,,,left_only
179403,4563,test,42,right,session_2_0_1,201,saccade_fixation,1658886570055474,4860,190.06794871794872,145.74358974358975,32.350690015665,30.77926987114793,81.26917709619141,25.38795486872507,Fixation,179340,63,1,34.7599983215332,35.52000045776367,36.0,31.0,4.687004192528985,0.4593896269798279,0.09090909090909091,center_proxy_gt_axes_angle,,,left_only
179404,4564,test,42,right,session_2_0_1,201,saccade_fixation,1658886570095474,4861,190.07692307692307,145.57629255989912,32.728604105606294,30.945585020941625,83.60495331039604,70.55598895889652,Fixation,179340,64,1,34.7599983215332,35.52000045776367,35.0,31.0,4.5263677428873015,0.41490083932876587,0.09090909090909091,center_proxy_gt_axes_angle,,,left_only
179405,4565,test,42,right,session_2_0_1,201,saccade_fixation,1658886570135474,4862,193.8251572327044,144.7748427672956,32.50667247213739,31.234691122735136,69.0021319329821,71.42236251967003,Fixation,179340,65,1,35.52000045776367,35.2400016784668,36.0,36.0,0.8988865386022702,0.585946798324585,1.0,center_proxy_gt_axes_angle,,,left_only
179406,4566,test,42,right,session_2_0_1,201,saccade_fixation,1658886570575474,4873,229.36157024793388,149.11776859504133,26.65565521041384,23.37100185783407,12.411530860118376,71.87028531783875,Fixation,179340,66,1,42.0,36.47999954223633,45.0,35.0,3.345205321803094,0.4959622621536255,0.17391304347826086,center_proxy_gt_axes_angle,,,left_only
179407,4567,test,42,right,session_2_0_1,201,saccade_fixation,1658886570615474,4874,230.06279434850865,146.1098901098901,29.701444712889085,27.343352579909254,59.01567123869828,65.61548691955157,Fixation,179340,67,1,42.119998931884766,35.63999938964844,27.0,34.0,15.208680603466025,0.38974708318710327,0.0,center_proxy_gt_axes_angle,,,left_only
179408,4568,test,42,right,session_2_0_1,201,saccade_fixation,1658886570655474,4875,230.32420749279535,145.65417867435158,32.11725072619923,27.59734016842545,74.20787816542453,20.66972933833695,Fixation,179340,68,1,42.0,35.52000045776367,44.0,33.0,3.21720411337688,0.4637982249259949,0.27586206896551724,center_proxy_gt_axes_angle,,,left_only
179409,4569,test,42,right,session_2_0_1,201,saccade_fixation,1658886570695474,4876,230.5536723163842,145.864406779661,32.36465017453568,27.939147068544813,73.17321986916859,4.348257581075699,Fixation,179340,69,1,42.20000076293945,35.52000045776367,44.0,33.0,3.096837025183545,0.4992040991783142,0.27586206896551724,center_proxy_gt_axes_angle,,,left_only
179410,4570,test,42,right,session_2_0_1,201,saccade_fixation,1658886570735474,4877,230.65546218487395,146.07422969187675,32.517194409943826,28.02930261234023,72.03162198683118,4.844090393204662,Fixation,179340,70,1,42.279998779296875,35.560001373291016,26.0,33.0,16.480047551058814,0.4236869812011719,0.0,center_proxy_gt_axes_angle,,,left_only
179411,4571,test,42,right,session_2_0_1,201,saccade_fixation,1658886570775474,4878,230.7438356164384,146.25205479452055,33.05235326471779,28.200969713344136,70.58718746290789,3.329149317204975,Fixation,179340,71,1,42.119998931884766,35.68000030517578,45.0,33.0,3.9340574205376275,0.47820180654525757,0.23333333333333334,center_proxy_gt_axes_angle,,,left_only
179412,4572,test,42,right,session_2_0_1,201,saccade_fixation,1658886570815474,4879,230.84553928095872,146.22769640479362,33.743819327819104,28.431890983022853,73.25311073586445,2.5199119304223543,Fixation,179340,72,1,42.119998931884766,35.68000030517578,26.0,32.0,16.534714022627057,0.35788264870643616,0.0,center_proxy_gt_axes_angle,,,left_only
179413,4573,test,42,right,session_2_0_1,201,saccade_fixation,1658886570855474,4880,230.8313725490196,146.31895424836603,34.03868775341911,28.72026620698041,73.8485678881456,3.509817306052645,Fixation,179340,73,1,42.119998931884766,35.68000030517578,27.0,30.0,16.151680134493546,0.4579180181026459,0.0,center_proxy_gt_axes_angle,,,left_only
179414,4574,test,42,right,session_2_0_1,201,saccade_fixation,1658886570895474,4881,231.01182654402103,146.26281208935612,33.88804744303279,28.67024632022064,74.46726220665333,2.95460239134269,Fixation,179340,74,1,42.119998931884766,35.68000030517578,27.0,30.0,16.151680134493546,0.42250120639801025,0.0,center_proxy_gt_axes_angle,,,left_only
179415,4575,test,42,right,session_2_0_1,201,saccade_fixation,1658886570935474,4882,231.2550881953867,146.4843962008141,33.35282617876781,28.20728915988653,74.45170138430846,4.033554069318635,Fixation,179340,75,1,42.400001525878906,35.68000030517578,27.0,31.0,16.095417045032356,0.39718109369277954,0.0,center_proxy_gt_axes_angle,,,left_only
179416,4576,test,42,right,session_2_0_1,201,saccade_fixation,1658886570975474,4883,231.26164383561644,146.45205479452054,33.18166221189298,28.085851527742918,75.23382130338521,4.394750439691833,Fixation,179340,76,1,42.279998779296875,35.560001373291016,27.0,32.0,15.689231098850826,0.4133981466293335,0.0,center_proxy_gt_axes_angle,,,left_only
179417,4577,test,42,right,session_2_0_1,201,saccade_fixation,1658886571015474,4884,231.41340782122904,146.5977653631285,32.76972740887081,27.88595085604948,75.25387566150545,2.6050914635519398,Fixation,179340,77,1,42.400001525878906,35.68000030517578,28.0,31.0,15.141414953753834,0.3255370259284973,0.0,center_proxy_gt_axes_angle,,,left_only
179418,4578,test,42,right,session_2_0_1,201,saccade_fixation,1658886571055474,4885,231.58166189111748,146.67478510028653,32.080868334088855,27.792498341546583,74.43110763816208,5.24970951966143,Fixation,179340,78,1,42.36000061035156,35.68000030517578,44.0,32.0,4.028895660617322,0.375359445810318,0.15625,center_proxy_gt_axes_angle,,,left_only
179419,4579,test,42,right,session_2_0_1,201,saccade_fixation,1658886571095474,4886,231.60549132947975,146.25867052023122,32.065301265080286,27.566864074305524,70.58272125396428,5.5637387223461605,Fixation,179340,79,1,42.400001525878906,35.68000030517578,44.0,33.0,3.1212812678341098,0.38325804471969604,0.27586206896551724,center_proxy_gt_axes_angle,,,left_only
179420,4580,test,42,right,session_2_0_1,201,saccade_fixation,1658886571135475,4887,231.72992700729927,145.75474452554744,31.95909353611132,27.36755845903845,70.89597121873379,5.276428905521845,Fixation,179340,80,1,42.400001525878906,35.599998474121094,44.0,31.0,4.870316322284028,0.3420555889606476,0.08823529411764706,center_proxy_gt_axes_angle,,,left_only
179421,4581,test,42,right,session_2_0_1,201,saccade_fixation,1658886571175475,4888,231.83357879234168,145.81296023564065,31.842532258031746,27.24376209981111,73.2107204481186,2.2261612353519995,Fixation,179340,81,1,42.400001525878906,35.599998474121094,33.0,32.0,10.065784504955387,0.3233819007873535,0.0,center_proxy_gt_axes_angle,,,left_only
179422,4582,test,42,right,session_2_0_1,201,saccade_fixation,1658886571215475,4889,231.7669172932331,145.85112781954888,31.55155721896981,26.929764788695056,69.62892705656171,3.671472737401824,Fixation,179340,82,1,42.400001525878906,35.599998474121094,33.0,31.0,10.465181061426609,0.3584904670715332,0.0,center_proxy_gt_axes_angle,,,left_only
179423,4583,test,42,right,session_2_0_1,201,saccade_fixation,1658886571255475,4890,231.7313664596273,145.92546583850933,30.92645777281776,26.59846616565698,73.85845541879874,2.9530869941141944,Fixation,179340,83,1,42.36000061035156,35.599998474121094,45.0,31.0,5.303732906101184,0.3419966995716095,0.05714285714285714,center_proxy_gt_axes_angle,,,left_only
179424,4584,test,42,right,session_2_0_1,201,saccade_fixation,1658886571295475,4891,231.86677115987465,146.32601880877743,30.45089164683589,26.712681713782363,71.586464192131,1.4669488202077372,Fixation,179340,84,1,42.36000061035156,35.599998474121094,33.0,31.0,10.429266387800151,0.3541705906391144,0.0,center_proxy_gt_axes_angle,,,left_only
179425,4585,test,42,right,session_2_0_1,201,saccade_fixation,1658886571335475,4892,231.71129032258065,146.2693548387097,29.97855751692539,26.385809806249192,70.63055058457024,0.7215759715765927,Fixation,179340,85,1,42.36000061035156,35.599998474121094,33.0,31.0,10.429266387800151,0.3855549693107605,0.0,center_proxy_gt_axes_angle,,,left_only
179426,4586,test,42,right,session_2_0_1,201,saccade_fixation,1658886571375475,4893,231.578025477707,145.9904458598726,30.44434020193396,26.331521301374572,72.17058049963661,2.4268345959209894,Fixation,179340,86,1,42.36000061035156,35.560001373291016,45.0,32.0,4.432065720990387,0.4023696184158325,0.13846153846153847,center_proxy_gt_axes_angle,,,left_only
179427,4587,test,42,right,session_2_0_1,201,saccade_fixation,1658886571415475,4894,231.62662337662337,145.97402597402598,30.06829581959437,26.120482520087343,70.40688550283805,1.662887502246527,Fixation,179340,87,1,42.400001525878906,35.36000061035156,45.0,32.0,4.248481630770561,0.3855222463607788,0.13846153846153847,center_proxy_gt_axes_angle,,,left_only
179428,4588,test,42,right,session_2_0_1,201,saccade_fixation,1658886571455475,4895,231.7057877813505,145.97266881028938,30.25919516295565,26.213572543359525,70.99225449612929,0.7471466711433844,Fixation,179340,88,1,42.47999954223633,35.47999954223633,33.0,31.0,10.485265243151396,0.36438530683517456,0.0,center_proxy_gt_axes_angle,,,left_only
179429,4589,test,42,right,session_2_0_1,201,saccade_fixation,1658886571495475,4896,231.5498392282958,146.05787781350483,30.06348527012309,26.37748982305102,71.90952976982076,52.291412380105314,Fixation,179340,89,1,42.36000061035156,35.560001373291016,33.0,31.0,10.411686892631643,0.3258087933063507,0.0,center_proxy_gt_axes_angle,,,left_only
179430,4590,test,42,right,session_2_0_1,201,saccade_fixation,1658886571535475,4897,231.4984076433121,146.0796178343949,30.128389686741254,26.585285336743308,68.4938225103245,149.86854591678923,Fixation,179340,90,1,42.36000061035156,35.560001373291016,33.0,32.0,10.014151047573407,0.3530844449996948,0.0,center_proxy_gt_axes_angle,,,left_only
179431,4591,test,42,right,session_2_0_1,201,saccade_fixation,1658886571575475,4898,238.6172248803828,150.57097288676235,30.827865104950188,25.94441378847177,66.5067407690734,157.53375326410907,Fixation,179340,91,1,43.84000015258789,36.63999938964844,43.0,36.0,1.05603005406951,0.6884850263595581,0.6086956521739131,center_proxy_gt_axes_angle,,,left_only
179432,4592,test,42,right,session_2_0_1,201,saccade_fixation,1658886571615475,4899,250.01919720767887,161.4520069808028,30.821389346316657,23.779291544160195,89.67532621265106,157.99874070371217,Fixation,179340,92,1,45.91999816894531,39.400001525878906,45.0,40.0,1.0983600501704205,0.5323314666748047,0.7142857142857143,center_proxy_gt_axes_angle,,,left_only
179433,4593,test,42,right,session_2_0_1,201,saccade_fixation,1658886571655475,4900,250.3018549747049,162.90050590219224,31.318813278371945,24.187393838730927,-84.50980574899314,105.95947364958478,Fixation,179340,93,1,45.91999816894531,39.599998474121094,44.0,37.0,3.232086792489547,0.4870108962059021,0.23333333333333334,center_proxy_gt_axes_angle,,,left_only
179434,4594,test,42,right,session_2_0_1,201,saccade_fixation,1658886571695475,4901,250.155,163.13833333333332,31.36038087943072,24.42940714219773,-85.51326866399411,10.212006233562915,Fixation,179340,94,1,45.880001068115234,39.63999938964844,44.0,36.0,4.096827989158859,0.351367324590683,0.13846153846153847,center_proxy_gt_axes_angle,,,left_only
179435,4595,test,42,right,session_2_0_1,201,saccade_fixation,1658886571735475,4902,250.0731707317073,163.06829268292682,31.659621562772244,24.78799431829004,-83.83428605871464,2.9704344835500764,Fixation,179340,95,1,45.91999816894531,39.599998474121094,44.0,35.0,4.98461422084696,0.34135740995407104,0.05714285714285714,center_proxy_gt_axes_angle,,,left_only
179436,4596,test,42,right,session_2_0_1,201,saccade_fixation,1658886571775475,4903,249.86516853932585,163.07865168539325,31.90551598139977,24.91509913448465,-85.21212300998592,1.4587500955921249,Fixation,179340,96,1,45.7599983215332,39.52000045776367,44.0,35.0,4.850566794714149,0.40548428893089294,0.05714285714285714,center_proxy_gt_axes_angle,,,left_only
179437,4597,test,42,right,session_2_0_1,201,saccade_fixation,1658886571815475,4904,249.90220820189276,163.1577287066246,32.3034812283596,25.03493389974243,-84.02321897608286,2.1796281890318454,Fixation,179340,97,1,45.560001373291016,39.720001220703125,44.0,35.0,4.971118164770261,0.4182542562484741,0.05714285714285714,center_proxy_gt_axes_angle,,,left_only
179438,4598,test,42,right,session_2_0_1,201,saccade_fixation,1658886571855475,4905,249.9217527386541,163.12989045383412,32.62978232455744,24.98186778602313,-84.57398446004038,1.4962892770137337,Fixation,179340,98,1,45.7599983215332,39.52000045776367,28.0,35.0,18.326154657184524,0.3213330805301666,0.0,center_proxy_gt_axes_angle,,,left_only
179439,4599,test,42,right,session_2_0_1,201,saccade_fixation,1658886571895475,4906,249.7987804878049,163.28353658536585,33.01764975129069,25.34827084132747,-84.58384410275593,1.4097386265503944,Fixation,179340,99,1,45.63999938964844,39.7599983215332,44.0,45.0,5.4906480116997205,0.44222626090049744,0.05714285714285714,center_proxy_gt_axes_angle,,,left_only
182190,2662,test,42,right,session_2_0_2,202,smooth,1658886707095583,2738,168.62777777777777,144.65277777777777,32.31220058595225,28.4354688870089,-78.40215019036606,6.385971810375099,Smooth,182128,62,1,30.84000015258789,35.400001525878906,28.0,33.0,3.7182802733145763,0.38832664489746094,0.15625,center_proxy_gt_axes_angle,,,left_only
182191,2663,test,42,right,session_2_0_2,202,smooth,1658886707135583,2739,168.44769874476987,144.31938633193863,31.80178366674525,28.771546849125293,-80.90745914778455,4.981704074108644,Smooth,182128,63,1,30.84000015258789,35.15999984741211,28.0,34.0,3.067768001771868,0.38499194383621216,0.3333333333333333,center_proxy_gt_axes_angle,,,left_only
182192,2664,test,42,right,session_2_0_2,202,smooth,1658886707175584,2740,168.24824684431977,144.05890603085555,31.89421486050135,28.53772849668949,-81.99550536158398,3.7596349777367055,Smooth,182128,64,1,30.760000228881836,35.119998931884766,29.0,35.0,1.764086321390651,0.3545793294906616,0.5483870967741935,center_proxy_gt_axes_angle,,,left_only
182193,2665,test,42,right,session_2_0_2,202,smooth,1658886707215584,2741,168.29745042492917,144.1529745042493,31.79548085410677,28.34779168349896,-78.07265108106937,1.399961563618565,Smooth,182128,65,1,30.84000015258789,35.15999984741211,29.0,35.0,1.8469435596940582,0.3766745924949646,0.45098039215686275,center_proxy_gt_axes_angle,,,left_only
182194,2666,test,42,right,session_2_0_2,202,smooth,1658886707255584,2742,168.31489361702128,144.13900709219857,31.765613781564703,28.32717439310116,-78.83984301336278,0.6053458884968805,Smooth,182128,66,1,30.84000015258789,35.15999984741211,29.0,35.0,1.8469435596940582,0.37179505825042725,0.45098039215686275,center_proxy_gt_axes_angle,,,left_only
182195,2667,test,42,right,session_2_0_2,202,smooth,1658886707295584,2743,168.31489361702128,144.13900709219857,31.765613781564703,28.32717439310116,-78.83984301336278,1.1093659903131388,Smooth,182128,67,1,30.84000015258789,35.15999984741211,29.0,35.0,1.8469435596940582,0.36028850078582764,0.45098039215686275,center_proxy_gt_axes_angle,,,left_only
182196,2668,test,42,right,session_2_0_2,202,smooth,1658886707335584,2744,168.3342776203966,144.10339943342777,31.91675510672372,28.24231054435821,-78.92730742103157,1.7792290906015389,Smooth,182128,68,1,30.84000015258789,35.15999984741211,29.0,35.0,1.8469435596940582,0.3575424551963806,0.45098039215686275,center_proxy_gt_axes_angle,,,left_only
182197,2669,test,42,right,session_2_0_2,202,smooth,1658886707375584,2745,168.26993006993007,143.97762237762237,32.16162262426756,28.3802895959264,-81.04699578975617,2.3560084788032096,Smooth,182128,69,1,30.799999237060547,35.119998931884766,29.0,34.0,2.1199987879339854,0.3385394215583801,0.4230769230769231,center_proxy_gt_axes_angle,,,left_only
182198,2670,test,42,right,session_2_0_2,202,smooth,1658886707415584,2746,168.042817679558,144.05524861878453,31.992068239237728,28.92108914890644,-78.21244498294226,3.09194384783886,Smooth,182128,70,1,30.760000228881836,35.119998931884766,29.0,34.0,2.086144389318997,0.3399173319339752,0.5,center_proxy_gt_axes_angle,,,left_only
182199,2671,test,42,right,session_2_0_2,202,smooth,1658886707455584,2747,167.94173441734418,144.19241192411923,32.18161558195149,29.29913804763412,-82.50786490519052,22.69736099283799,Smooth,182128,71,1,30.639999389648438,35.20000076293945,29.0,34.0,2.0321416852922725,0.3277653157711029,0.5238095238095238,center_proxy_gt_axes_angle,,,left_only
182200,2672,test,42,right,session_2_0_2,202,smooth,1658886707495584,2748,167.9744966442953,144.44295302013424,32.73111738753523,29.079007192585237,-79.07134789447662,61.79541250461411,Smooth,182128,72,1,30.639999389648438,35.279998779296875,29.0,35.0,1.663729940361412,0.3531299829483032,0.5,center_proxy_gt_axes_angle,,,left_only
182201,2673,test,42,right,session_2_0_2,202,smooth,1658886707535584,2749,168.10476190476192,147.60544217687075,32.213075452148644,29.10884443570758,-74.77642994097396,72.09195527293245,Smooth,182128,73,1,30.760000228881836,35.880001068115234,34.0,35.0,3.357379989922158,0.47988981008529663,0.3611111111111111,center_proxy_gt_axes_angle,,,left_only
182202,2674,test,42,right,session_2_0_2,202,smooth,1658886707575584,2750,168.869918699187,153.90785907859075,31.94553089764664,29.470449139246867,83.2940268191853,70.45652165230815,Smooth,182128,74,1,31.040000915527344,37.52000045776367,31.0,37.0,0.5215367190500148,0.5909745693206787,0.6842105263157895,center_proxy_gt_axes_angle,,,left_only
182203,2675,test,42,right,session_2_0_2,202,smooth,1658886707615584,2751,168.8464619492657,155.69158878504672,32.224173448964834,29.63674116285789,80.12863405710887,52.10851011304784,Smooth,182128,75,1,30.760000228881836,37.880001068115234,33.0,33.0,5.36954461750857,0.4335101842880249,0.08888888888888889,center_proxy_gt_axes_angle,,,left_only
182204,2676,test,42,right,session_2_0_2,202,smooth,1658886707655584,2752,168.6955380577428,155.69291338582678,32.3513671489583,30.07345679197188,76.69430588054605,13.730840968839386,Smooth,182128,76,1,30.760000228881836,37.880001068115234,33.0,32.0,6.292218331848135,0.31391066312789917,0.030927835051546393,center_proxy_gt_axes_angle,,,left_only
182205,2677,test,42,right,session_2_0_2,202,smooth,1658886707695584,2753,168.60723514211887,155.92764857881136,32.74747022617634,30.17788854721234,77.65999862554926,3.99754392592508,Smooth,182128,77,1,30.719999313354492,38.0,44.0,32.0,14.572522713562849,0.40643107891082764,0.0,center_proxy_gt_axes_angle,,,left_only
182206,2678,test,42,right,session_2_0_2,202,smooth,1658886707735584,2754,168.45350318471338,156.06496815286624,32.97307655074465,30.410967823883432,84.09852619981102,3.604275718052921,Smooth,182128,78,1,30.799999237060547,38.040000915527344,44.0,33.0,14.129459627675738,0.37256667017936707,0.0,center_proxy_gt_axes_angle,,,left_only
182207,2679,test,42,right,session_2_0_2,202,smooth,1658886707775584,2755,168.3581336696091,156.1046658259773,32.96200317905785,30.73583039370317,83.83600197181312,2.5363019396223274,Smooth,182128,79,1,30.799999237060547,38.040000915527344,44.0,35.0,13.545538959672635,0.44458314776420593,0.0,center_proxy_gt_axes_angle,,,left_only
182208,2680,test,42,right,session_2_0_2,202,smooth,1658886707815584,2756,168.30352644836273,156.11586901763224,33.185248678403056,30.56846021394833,83.18068694868249,2.1066060100994064,Smooth,182128,80,1,30.799999237060547,38.040000915527344,44.0,34.0,13.804406091500782,0.4675719738006592,0.0,center_proxy_gt_axes_angle,,,left_only
182209,2681,test,42,right,session_2_0_2,202,smooth,1658886707855584,2757,168.33417721518987,156.22784810126583,33.076453065474695,30.51024630694545,88.21495373143013,1.7923576231572111,Smooth,182128,81,1,30.799999237060547,38.040000915527344,44.0,34.0,13.804406091500782,0.47955408692359924,0.0,center_proxy_gt_axes_angle,,,left_only
182210,2682,test,42,right,session_2_0_2,202,smooth,1658886707895584,2758,168.2576530612245,156.33928571428572,32.87462712341176,30.47360509438171,86.84579620344188,2.0018397933945136,Smooth,182128,82,1,30.719999313354492,38.0,44.0,34.0,13.869333734441073,0.49757158756256104,0.0,center_proxy_gt_axes_angle,,,left_only
182211,2683,test,42,right,session_2_0_2,202,smooth,1658886707935584,2759,168.19820971867009,156.34271099744245,32.972926820085576,30.31930717180866,84.57300530230954,23.933571095447885,Smooth,182128,83,1,30.719999313354492,38.0,44.0,34.0,13.869333734441073,0.49291932582855225,0.0,center_proxy_gt_axes_angle,,,left_only
182212,2684,test,42,right,session_2_0_2,202,smooth,1658886707975584,2760,168.0671834625323,156.33204134366926,32.61604727620445,30.349056480681863,84.30583263993987,37.51722043798655,Smooth,182128,84,1,30.719999313354492,38.0,44.0,35.0,13.614639849709766,0.490765243768692,0.0,center_proxy_gt_axes_angle,,,left_only
182213,2685,test,42,right,session_2_0_2,202,smooth,1658886708015584,2761,168.12339331619538,160.05141388174806,32.73943280516565,30.34959850718307,-88.70273195144107,38.87188002804752,Smooth,182128,85,1,30.719999313354492,39.0,32.0,39.0,1.2800006866455078,0.5974319577217102,0.7543859649122807,center_proxy_gt_axes_angle,,,left_only
182214,2686,test,42,right,session_2_0_2,202,smooth,1658886708055584,2762,168.12953367875647,162.34067357512953,32.41973448694797,30.418091441156125,-80.67796120278122,38.91841232251869,Smooth,182128,86,1,30.799999237060547,39.560001373291016,27.0,31.0,9.365554853419248,0.40420037508010864,0.0,center_proxy_gt_axes_angle,,,left_only
182215,2687,test,42,right,session_2_0_2,202,smooth,1658886708095584,2763,167.92670157068062,162.5562827225131,32.18773643951021,30.33187103544541,-80.95846112961051,16.459224485537028,Smooth,182128,87,1,30.600000381469727,39.63999938964844,27.0,32.0,8.445684899427084,0.435120165348053,0.0,center_proxy_gt_axes_angle,,,left_only
182216,2688,test,42,right,session_2_0_2,202,smooth,1658886708135584,2764,167.921875,162.55729166666666,32.47338931875287,30.218572862975,-78.76584886595315,2.6769529180992437,Smooth,182128,88,1,30.799999237060547,39.560001373291016,27.0,33.0,7.581135285644278,0.3456290364265442,0.0,center_proxy_gt_axes_angle,,,left_only
182217,2689,test,42,right,session_2_0_2,202,smooth,1658886708175584,2765,168.0,162.6819973718791,32.2496690229119,30.16349180644051,-78.31756758497328,0.5561033276775259,Smooth,182128,89,1,30.719999313354492,39.79999923706055,27.0,33.0,7.75102473969616,0.3413330614566803,0.0,center_proxy_gt_axes_angle,,,left_only
182218,2690,test,42,right,session_2_0_2,202,smooth,1658886708215584,2766,167.94895287958116,162.72905759162305,32.15011386954403,30.390857019848784,-84.2404874353619,0.1971521629137128,Smooth,182128,90,1,30.600000381469727,39.63999938964844,27.0,33.0,7.5531182064835845,0.33697569370269775,0.0,center_proxy_gt_axes_angle,,,left_only
182219,2691,test,42,right,session_2_0_2,202,smooth,1658886708255584,2767,167.89947780678852,162.6409921671018,32.35617411612816,30.273993948813004,-84.41574546778774,1.342489128278495,Smooth,182128,91,1,30.799999237060547,39.560001373291016,45.0,33.0,15.642047170529215,0.4153589606285095,0.0,center_proxy_gt_axes_angle,,,left_only
182220,2692,test,42,right,session_2_0_2,202,smooth,1658886708295584,2768,167.91027308192457,162.52795838751626,32.57668399869244,30.176453373270636,-80.18858480924699,1.3703074371531003,Smooth,182128,92,1,30.799999237060547,39.560001373291016,45.0,33.0,15.642047170529215,0.39424264430999756,0.0,center_proxy_gt_axes_angle,,,left_only
182221,2693,test,42,right,session_2_0_2,202,smooth,1658886708335584,2769,167.9018087855297,162.49095607235142,32.74351828947022,30.222362442957188,-76.92126229371597,0.6309711905249904,Smooth,182128,93,1,30.799999237060547,39.560001373291016,45.0,33.0,15.642047170529215,0.4463460445404053,0.0,center_proxy_gt_axes_angle,,,left_only
182222,2694,test,42,right,session_2_0_2,202,smooth,1658886708375584,2770,167.88471502590673,162.51943005181346,32.68300672027748,30.200646768330603,-77.17827507858297,1.0071784793459946,Smooth,182128,94,1,30.799999237060547,39.560001373291016,45.0,33.0,15.642047170529215,0.43694812059402466,0.0,center_proxy_gt_axes_angle,,,left_only
182223,2695,test,42,right,session_2_0_2,202,smooth,1658886708415585,2771,167.84114583333334,162.55859375,32.520431683474335,30.1890626519977,-77.66213223005525,0.9645124188699548,Smooth,182128,95,1,30.799999237060547,39.560001373291016,45.0,34.0,15.249709405050282,0.445724219083786,0.0,center_proxy_gt_axes_angle,,,left_only
182224,2696,test,42,right,session_2_0_2,202,smooth,1658886708455585,2772,167.8289817232376,162.66710182767625,32.3210064920216,30.285054916349967,-81.9257329612087,7.572669095985156,Smooth,182128,96,1,30.600000381469727,39.63999938964844,44.0,34.0,14.538555048279255,0.47721874713897705,0.0,center_proxy_gt_axes_angle,,,left_only
182225,2697,test,42,right,session_2_0_2,202,smooth,1658886708495585,2773,167.8239159001314,162.62417871222075,32.28953320936501,30.11518617993584,-82.60853263878153,10.26820101584567,Smooth,182128,97,1,30.600000381469727,39.63999938964844,44.0,36.0,13.885589124457503,0.4952811300754547,0.0,center_proxy_gt_axes_angle,,,left_only
182226,2698,test,42,right,session_2_0_2,202,smooth,1658886708535585,2774,167.77218543046357,163.72582781456953,32.03644784770566,30.107243920502576,-85.43162806545972,9.396092782089951,Smooth,182128,98,1,30.719999313354492,40.0,45.0,36.0,14.829646644832646,0.49085450172424316,0.0,center_proxy_gt_axes_angle,,,left_only
182227,2699,test,42,right,session_2_0_2,202,smooth,1658886708575585,2775,167.81733333333332,164.20133333333334,31.827280751046096,30.096496436825834,82.54201097026905,8.977871763836212,Smooth,182128,99,1,30.760000228881836,40.119998931884766,44.0,41.0,13.269212328510422,0.4255584478378296,0.0,center_proxy_gt_axes_angle,,,left_only
190010,2775,test,43,left,session_1_0_2,102,smooth,1658473973073369,2808,107.9590570719603,142.50992555831266,37.86976001685516,27.27721443278009,89.8288692151545,1.3595722533620431,Smooth,189935,75,1,19.520000457763672,34.599998474121094,46.0,34.0,26.486796218602652,0.25805169343948364,0.0,center_proxy_gt_axes_angle,,,left_only
190011,2776,test,43,left,session_1_0_2,102,smooth,1658473973113369,2809,108.0743494423792,142.49194547707555,37.679534708037714,27.42758149374196,89.47666515339172,11.55928911654037,Smooth,189935,76,1,19.520000457763672,34.599998474121094,46.0,34.0,26.486796218602652,0.2605963945388794,0.0,center_proxy_gt_axes_angle,,,left_only
190012,2777,test,43,left,session_1_0_2,102,smooth,1658473973153369,2810,108.17813267813268,142.42260442260442,38.02208828108623,27.432245120175438,89.83147467746376,10.94683118698459,Smooth,189935,77,1,19.520000457763672,34.599998474121094,45.0,33.0,25.530185502450884,0.3291362524032593,0.0,center_proxy_gt_axes_angle,,,left_only
190013,2778,test,43,left,session_1_0_2,102,smooth,1658473973193369,2811,109.3876811594203,141.3574879227053,38.58771051285365,27.47977660849217,-88.38525125393085,10.950606340694412,Smooth,189935,78,1,19.760000228881836,34.47999954223633,26.0,31.0,7.144787887510713,0.4152454733848572,0.009900990099009901,center_proxy_gt_axes_angle,,,left_only
190014,2779,test,43,left,session_1_0_2,102,smooth,1658473973233369,2812,109.22328931572628,141.29771908763504,38.574352200920345,27.628348571428383,-88.38877909013269,10.627552020220548,Smooth,189935,79,1,19.799999237060547,34.47999954223633,26.0,32.0,6.677604899209162,0.46141865849494934,0.02,center_proxy_gt_axes_angle,,,left_only
190015,2780,test,43,left,session_1_0_2,102,smooth,1658473973273369,2813,109.10071942446044,141.07194244604315,38.49082917020269,27.720338795082625,-89.28465861517765,2.983169556522435,Smooth,189935,80,1,19.799999237060547,34.47999954223633,27.0,32.0,7.615143381172879,0.4746321439743042,0.0,center_proxy_gt_axes_angle,,,left_only
190016,2781,test,43,left,session_1_0_2,102,smooth,1658473973313369,2814,109.09316037735849,140.98938679245282,39.34705935591697,27.605857176407767,-87.9517410837541,1.2378623313299226,Smooth,189935,81,1,19.799999237060547,34.47999954223633,28.0,32.0,8.566820311043065,0.42371827363967896,0.0,center_proxy_gt_axes_angle,,,left_only
190017,2782,test,43,left,session_1_0_2,102,smooth,1658473973353369,2815,109.0796670630202,140.99286563614746,39.0059522463136,27.61297035271959,-87.9307755289672,11.640898731642372,Smooth,189935,82,1,19.799999237060547,34.47999954223633,28.0,32.0,8.566820311043065,0.40524154901504517,0.0,center_proxy_gt_axes_angle,,,left_only
190018,2783,test,43,left,session_1_0_2,102,smooth,1658473973393369,2816,109.03956834532374,141.37170263788968,38.65795876705536,27.6257612201566,-87.78774414735646,11.9588155203727,Smooth,189935,83,1,19.799999237060547,34.47999954223633,27.0,32.0,7.615143381172879,0.3806971311569214,0.0,center_proxy_gt_axes_angle,,,left_only
190019,2784,test,43,left,session_1_0_2,102,smooth,1658473973433369,2817,107.52190237797248,142.06007509386734,38.12962103066109,26.916623635229477,88.61050290305212,11.346522472639244,Smooth,189935,84,1,19.479999542236328,34.52000045776367,46.0,32.0,26.639459952989185,0.22395028173923492,0.0,center_proxy_gt_axes_angle,,,left_only
190020,2785,test,43,left,session_1_0_2,102,smooth,1658473973473369,2818,107.64824120603016,142.24371859296485,37.7976922127021,27.070024841409086,88.4481153569655,10.257978240915776,Smooth,189935,85,1,19.479999542236328,34.52000045776367,28.0,32.0,8.884864101798197,0.28488999605178833,0.0,center_proxy_gt_axes_angle,,,left_only
190021,2786,test,43,left,session_1_0_2,102,smooth,1658473973513369,2819,107.72772898368883,142.20451693851945,37.750609518049046,27.103912805474003,87.84676092452035,0.5650405991751238,Smooth,189935,86,1,19.479999542236328,34.52000045776367,28.0,32.0,8.884864101798197,0.2629951536655426,0.0,center_proxy_gt_axes_angle,,,left_only
190022,2787,test,43,left,session_1_0_2,102,smooth,1658473973553369,2820,107.63442211055276,142.21984924623115,37.64134860112351,27.133692742457157,88.97612554199036,2.630771527697691,Smooth,189935,87,1,19.479999542236328,34.52000045776367,28.0,31.0,9.218503730158687,0.2854333817958832,0.0,center_proxy_gt_axes_angle,,,left_only
190023,2788,test,43,left,session_1_0_2,102,smooth,1658473973593369,2821,107.5,141.97236180904522,38.07368085140216,26.82777177069176,89.79487073429209,2.4831619096160265,Smooth,189935,88,1,19.440000534057617,34.47999954223633,45.0,31.0,25.79581302291013,0.2479720413684845,0.0,center_proxy_gt_axes_angle,,,left_only
190024,2789,test,43,left,session_1_0_2,102,smooth,1658473973633369,2822,107.46384039900248,141.86533665835412,38.27243059885747,26.88290417657338,89.36364713442899,2.53574269802762,Smooth,189935,89,1,19.479999542236328,34.52000045776367,28.0,32.0,8.884864101798197,0.3626958429813385,0.0,center_proxy_gt_axes_angle,,,left_only
190025,2790,test,43,left,session_1_0_2,102,smooth,1658473973673369,2823,107.43036386449184,141.94102885821832,38.14019835715213,26.822948854073047,89.11399487255079,0.838546318360448,Smooth,189935,90,1,19.440000534057617,34.47999954223633,28.0,34.0,8.573446822456004,0.39344799518585205,0.0,center_proxy_gt_axes_angle,,,left_only
190026,2791,test,43,left,session_1_0_2,102,smooth,1658473973713369,2824,107.3795712484237,141.90416141235812,38.0665957171551,26.72852492727389,89.51555534311983,1.7561218011277464,Smooth,189935,91,1,19.440000534057617,34.47999954223633,27.0,34.0,7.575222207011237,0.364060640335083,0.0,center_proxy_gt_axes_angle,,,left_only
190027,2792,test,43,left,session_1_0_2,102,smooth,1658473973753369,2825,107.42748091603052,142.0852417302799,37.75031516805818,26.710507585524244,89.9158259869939,17.82123627344004,Smooth,189935,92,1,19.440000534057617,34.47999954223633,27.0,34.0,7.575222207011237,0.38207122683525085,0.0,center_proxy_gt_axes_angle,,,left_only
190028,2793,test,43,left,session_1_0_2,102,smooth,1658473973793369,2826,107.39641943734016,142.1381074168798,37.67341461193029,26.643265349392507,89.77660717244405,22.688567072003497,Smooth,189935,93,1,19.440000534057617,34.47999954223633,27.0,33.0,7.70350508340644,0.3501041829586029,0.0,center_proxy_gt_axes_angle,,,left_only
190029,2794,test,43,left,session_1_0_2,102,smooth,1658473973833369,2827,110.11124546553808,140.96977025392988,37.603721324592826,28.17524174645861,-87.36133276601562,20.677856362162743,Smooth,189935,94,1,19.84000015258789,34.36000061035156,26.0,32.0,6.596605263389417,0.36432957649230957,0.011764705882352941,center_proxy_gt_axes_angle,,,left_only
190030,2795,test,43,left,session_1_0_2,102,smooth,1658473973873369,2828,110.6734939759036,140.37831325301204,38.67714631384446,27.45802178530917,-87.78056999435378,20.71057023311037,Smooth,189935,95,1,20.1200008392334,34.36000061035156,22.0,33.0,2.3203444797356596,0.5919610261917114,0.3972602739726027,center_proxy_gt_axes_angle,,,left_only
190031,2796,test,43,left,session_1_0_2,102,smooth,1658473973913369,2829,110.42350061199512,140.68176254589963,38.53441768012004,27.12280502126689,-88.70581272266543,1.7180237732326349,Smooth,189935,96,1,20.0,34.20000076293945,23.0,33.0,3.2310991676293797,0.5577414035797119,0.2894736842105263,center_proxy_gt_axes_angle,,,left_only
190032,2797,test,43,left,session_1_0_2,102,smooth,1658473973953369,2830,110.3871359223301,140.71116504854368,38.90257754056693,27.099284606467315,-88.34697860896205,3.731552705372682,Smooth,189935,97,1,20.0,34.20000076293945,27.0,32.0,7.337574759887232,0.5017219185829163,0.0,center_proxy_gt_axes_angle,,,left_only
190033,2798,test,43,left,session_1_0_2,102,smooth,1658473973993369,2831,110.3660606060606,140.86666666666667,38.90247312422591,27.115008389304133,-88.24863825946376,2.7474800333776543,Smooth,189935,98,1,20.0,34.20000076293945,27.0,32.0,7.337574759887232,0.49712270498275757,0.0,center_proxy_gt_axes_angle,,,left_only
190034,2799,test,43,left,session_1_0_2,102,smooth,1658473974033369,2832,110.30361445783132,140.84698795180722,38.87581324625276,27.307396851123684,-88.07928110924472,2.0679896204196355,Smooth,189935,99,1,20.0,34.20000076293945,45.0,40.0,25.66398237121244,0.48146486282348633,0.0,center_proxy_gt_axes_angle,,,left_only
194734,4692,test,43,left,session_2_0_1,201,saccade_fixation,1658474213433561,4847,158.9741468459152,125.94622543950362,37.3156629584197,33.06371514199876,-53.50504887961816,28.246198461712503,Fixation,194642,92,1,28.959999084472656,30.520000457763672,29.0,30.0,0.5215367190500148,0.593995213508606,0.660377358490566,center_proxy_gt_axes_angle,,,left_only
194735,4693,test,43,left,session_2_0_1,201,saccade_fixation,1658474213473561,4848,158.69254341164452,125.71603677221655,37.99768040530204,32.846701886349294,-55.42968912765126,5.6454184074476,Fixation,194642,93,1,28.84000015258789,30.520000457763672,29.0,30.0,0.5440592129964592,0.5581483840942383,0.75,center_proxy_gt_axes_angle,,,left_only
194736,4694,test,43,left,session_2_0_1,201,saccade_fixation,1658474213513561,4849,158.71428571428572,125.59574468085108,38.35815864133831,32.81320571475087,-54.62266854449274,3.669826837633895,Fixation,194642,94,1,29.0,30.479999542236328,27.0,29.0,2.4880511741159466,0.47299209237098694,0.4318181818181818,center_proxy_gt_axes_angle,,,left_only
194737,4695,test,43,left,session_2_0_1,201,saccade_fixation,1658474213553561,4850,158.62248995983936,125.52208835341364,38.46269498979764,33.029433968453134,-53.76411384227954,67.00750906953608,Fixation,194642,95,1,28.920000076293945,30.520000457763672,27.0,28.0,3.1680913181437607,0.27543267607688904,0.3263157894736842,center_proxy_gt_axes_angle,,,left_only
194738,4696,test,43,left,session_2_0_1,201,saccade_fixation,1658474213593561,4851,159.18117408906883,125.39676113360323,38.33919115664677,32.89613417561396,-51.68425956194611,34.58517224724555,Fixation,194642,96,1,29.079999923706055,30.479999542236328,28.0,32.0,1.8646182522990749,0.37418332695961,0.6619718309859155,center_proxy_gt_axes_angle,,,left_only
194739,4697,test,43,left,session_2_0_1,201,saccade_fixation,1658474213633561,4852,162.98130841121494,135.54205607476635,21.9097462320006,12.537948742280852,2.553303783012012,39.56246370484927,Fixation,194642,97,0,0.0,0.0,29.0,33.0,,0.3932582139968872,,center_proxy_gt_axes_angle,,,left_only
194740,4698,test,43,left,session_2_0_1,201,saccade_fixation,1658474213753561,4855,166.95833333333334,126.56166666666668,35.427537214595056,21.81561332363271,-1.369125177541747,40.78284382513926,Fixation,194642,98,1,30.399999618530273,30.760000228881836,29.0,33.0,2.6415143207058973,0.4872811436653137,0.34375,center_proxy_gt_axes_angle,,,left_only
194741,4699,test,43,left,session_2_0_1,201,saccade_fixation,1658474213793561,4856,167.19334049409238,121.43609022556392,38.17965241635555,31.3140909329968,-18.48885903335145,67.79485695930342,Fixation,194642,99,1,30.399999618530273,29.600000381469727,35.0,39.0,10.465180186594539,0.3918371796607971,0.0,center_proxy_gt_axes_angle,,,left_only
194742,4700,test,43,left,session_2_0_1,201,saccade_fixation,1658474213833561,4857,167.0550724637681,119.58260869565216,38.89703773694583,33.94492465166084,-43.82084032959824,42.33995620912661,Fixation,194742,0,1,30.479999542236328,29.1200008392334,29.0,22.0,7.272194345292488,0.2975155711174011,0.05172413793103448,center_proxy_gt_axes_angle,,,left_only
194743,4701,test,43,left,session_2_0_1,201,saccade_fixation,1658474213873561,4858,166.91162343900095,119.75312199807875,39.07192895689441,34.004009963238275,-45.52278316913612,11.032722746010084,Fixation,194742,1,1,30.559999465942383,29.360000610351562,29.0,30.0,1.6861783869125153,0.5100058317184448,0.525,center_proxy_gt_axes_angle,,,left_only
194744,4702,test,43,left,session_2_0_1,201,saccade_fixation,1658474213913561,4859,166.71550903901047,119.79162702188393,39.34121089034616,34.076028883239104,-43.44840650520726,2.161149464479352,Fixation,194742,2,1,30.399999618530273,29.15999984741211,27.0,31.0,3.86595369443679,0.3843216300010681,0.23232323232323232,center_proxy_gt_axes_angle,,,left_only
194745,4703,test,43,left,session_2_0_1,201,saccade_fixation,1658474213953562,4860,166.69971671388103,119.74126534466478,39.628830666312304,34.07836102616518,-42.22013395020193,2.641337430696933,Fixation,194742,3,1,30.399999618530273,29.15999984741211,33.0,31.0,3.1852162477869825,0.24305468797683716,0.43529411764705883,center_proxy_gt_axes_angle,,,left_only
194746,4704,test,43,left,session_2_0_1,201,saccade_fixation,1658474213993562,4861,166.71188026192704,119.62488306828811,39.67225337224807,34.36892587876881,-43.130650889272175,1.7093021149577337,Fixation,194742,4,1,30.399999618530273,29.15999984741211,29.0,27.0,2.5740237513871635,0.292637437582016,0.43529411764705883,center_proxy_gt_axes_angle,,,left_only
194747,4705,test,43,left,session_2_0_1,201,saccade_fixation,1658474214033562,4862,166.48973880597015,119.77798507462688,40.03400450575783,34.18926818423674,-43.05808203667104,1.60708745849393,Fixation,194742,5,1,30.399999618530273,29.15999984741211,28.0,26.0,3.9680722277435945,0.2715464234352112,0.2708333333333333,center_proxy_gt_axes_angle,,,left_only
194748,4706,test,43,left,session_2_0_1,201,saccade_fixation,1658474214073562,4863,166.4428969359331,119.76973073351904,39.96667398288074,34.384686454994736,-40.99707756993649,1.8283903762024405,Fixation,194742,6,1,30.399999618530273,29.15999984741211,28.0,26.0,3.9680722277435945,0.3585897982120514,0.2727272727272727,center_proxy_gt_axes_angle,,,left_only
194749,4707,test,43,left,session_2_0_1,201,saccade_fixation,1658474214113562,4864,166.4425925925926,119.74351851851851,40.02216497107935,34.43397791474572,-41.42622072784462,1.1632182403715177,Fixation,194742,7,1,30.399999618530273,29.15999984741211,32.0,23.0,6.364400941237163,0.28961917757987976,0.11504424778761062,center_proxy_gt_axes_angle,,,left_only
194750,4708,test,43,left,session_2_0_1,201,saccade_fixation,1658474214153562,4865,166.4398148148148,119.7324074074074,39.98543961581716,34.4610065130986,-41.09706362467253,0.835362812401106,Fixation,194742,8,1,30.399999618530273,29.15999984741211,29.0,24.0,5.346550042520682,0.2939034104347229,0.1559633027522936,center_proxy_gt_axes_angle,,,left_only
194751,4709,test,43,left,session_2_0_1,201,saccade_fixation,1658474214193562,4866,166.31273062730628,119.72047970479704,40.03109503774612,34.54345123121051,-40.71601372208431,1.1592838819142848,Fixation,194742,9,1,30.399999618530273,29.15999984741211,28.0,24.0,5.690834437429932,0.3396400213241577,0.13513513513513514,center_proxy_gt_axes_angle,,,left_only
194752,4710,test,43,left,session_2_0_1,201,saccade_fixation,1658474214233562,4867,166.3351749539595,119.69060773480663,40.13856561534708,34.51966125007426,-41.061741792988926,2.481878524490924,Fixation,194742,10,1,30.399999618530273,29.15999984741211,28.0,27.0,3.2288693856775614,0.28417661786079407,0.3404255319148936,center_proxy_gt_axes_angle,,,left_only
194753,4711,test,43,left,session_2_0_1,201,saccade_fixation,1658474214273562,4868,166.3311867525299,119.59521619135236,39.885983049922885,34.76623828100592,-41.34382459310919,47.13141792566839,Fixation,194742,11,1,30.399999618530273,29.15999984741211,29.0,28.0,1.8181305172844517,0.24434366822242737,0.5365853658536586,center_proxy_gt_axes_angle,,,left_only
194754,4712,test,43,left,session_2_0_1,201,saccade_fixation,1658474214313562,4869,166.22744014732965,119.39686924493554,39.80096457365833,34.81978758974891,-44.23358320478832,112.50863733569712,Fixation,194742,12,1,30.31999969482422,29.0,27.0,28.0,3.467332977034785,0.27740976214408875,0.2708333333333333,center_proxy_gt_axes_angle,,,left_only
194755,4713,test,43,left,session_2_0_1,201,saccade_fixation,1658474214353562,4870,170.34488588334742,126.09298393913778,40.75741069743278,37.02852310450002,-57.07847470143007,110.6126912832594,Fixation,194742,13,1,31.1200008392334,30.639999389648438,31.0,31.0,0.3794741636399209,0.6846961379051208,0.7831325301204819,center_proxy_gt_axes_angle,,,left_only
194756,4714,test,43,left,session_2_0_1,201,saccade_fixation,1658474214393562,4871,169.56338028169014,137.40016570008285,40.64615189310761,37.889579003975136,-79.54965116151357,108.11756065695825,Fixation,194742,14,1,31.0,33.52000045776367,30.0,32.0,1.819450848910674,0.5263554453849792,0.5353535353535354,center_proxy_gt_axes_angle,,,left_only
194757,4715,test,43,left,session_2_0_1,201,saccade_fixation,1658474214433562,4872,170.17869127516778,136.86996644295303,39.627624479890606,38.35839665068925,-61.71197200520132,63.44138657209468,Fixation,194742,15,1,31.0,33.439998626708984,28.0,31.0,3.866987625832507,0.3342239260673523,0.3275862068965517,center_proxy_gt_axes_angle,,,left_only
194758,4716,test,43,left,session_2_0_1,201,saccade_fixation,1658474214473562,4873,170.28475147430498,136.21314237573716,39.762794895414295,38.0580795054549,-63.10953137289327,9.315219631509756,Fixation,194742,16,1,31.15999984741211,33.36000061035156,29.0,31.0,3.199250259307653,0.4095441997051239,0.4,center_proxy_gt_axes_angle,,,left_only
194759,4717,test,43,left,session_2_0_1,201,saccade_fixation,1658474214513562,4874,170.4222408026756,136.2433110367893,39.87592300265884,38.2288120070174,-61.22017344072631,4.346967074689482,Fixation,194742,17,1,31.1200008392334,33.2400016784668,32.0,29.0,4.330359425769549,0.3464309573173523,0.20967741935483872,center_proxy_gt_axes_angle,,,left_only
194760,4718,test,43,left,session_2_0_1,201,saccade_fixation,1658474214553562,4875,170.50125944584383,136.2418136020151,39.71822490061517,38.216523324194,-66.4065940210013,2.345128568328256,Fixation,194742,18,1,31.1200008392334,33.2400016784668,32.0,29.0,4.330359425769549,0.3305667042732239,0.2153846153846154,center_proxy_gt_axes_angle,,,left_only
194761,4719,test,43,left,session_2_0_1,201,saccade_fixation,1658474214593562,4876,170.53859202714165,136.27480916030535,39.37950470591074,38.16261885561401,-61.59350432176025,2.0031886292202783,Fixation,194742,19,1,31.15999984741211,33.36000061035156,33.0,29.0,4.732357328413553,0.3149682879447937,0.203125,center_proxy_gt_axes_angle,,,left_only
194762,4720,test,43,left,session_2_0_1,201,saccade_fixation,1658474214633562,4877,170.61111111111111,136.3982905982906,39.2516334068651,38.00592717846534,-57.31225629401395,1.807040582744796,Fixation,194742,20,1,31.15999984741211,33.36000061035156,33.0,28.0,5.667028066322999,0.31146419048309326,0.12121212121212122,center_proxy_gt_axes_angle,,,left_only
194763,4721,test,43,left,session_2_0_1,201,saccade_fixation,1658474214673562,4878,170.66782307025153,136.44926279271465,39.057417412152816,37.650885819380136,-65.30838109122853,0.7147575291044038,Fixation,194742,21,1,31.15999984741211,33.36000061035156,32.0,29.0,4.440180804721096,0.27227750420570374,0.2153846153846154,center_proxy_gt_axes_angle,,,left_only
194764,4722,test,43,left,session_2_0_1,201,saccade_fixation,1658474214713562,4879,170.69912280701757,136.45263157894738,38.75014211410318,37.50595337357255,-74.27279542374339,0.9917790889287746,Fixation,194742,22,1,31.15999984741211,33.36000061035156,29.0,31.0,3.199250259307653,0.2744576036930084,0.3217391304347826,center_proxy_gt_axes_angle,,,left_only
194765,4723,test,43,left,session_2_0_1,201,saccade_fixation,1658474214753562,4880,170.59627329192546,136.37355811889972,38.448836829004094,37.372887443484345,-72.51149372005624,1.764686098137313,Fixation,194742,23,1,31.15999984741211,33.36000061035156,29.0,32.0,2.5524891774456084,0.24249400198459625,0.4205607476635514,center_proxy_gt_axes_angle,,,left_only
194766,4724,test,43,left,session_2_0_1,201,saccade_fixation,1658474214793562,4881,170.51878354203936,136.26923076923077,38.376458956810886,37.149695538012594,-65.67317514366465,6.234821225246864,Fixation,194742,24,1,31.15999984741211,33.36000061035156,46.0,34.0,14.853794254248946,0.27742820978164673,0.0,center_proxy_gt_axes_angle,,,left_only
194767,4725,test,43,left,session_2_0_1,201,saccade_fixation,1658474214833562,4882,170.61345291479822,136.17219730941704,38.19480674057059,37.22195147801308,-62.17213827841928,8.216116025487837,Fixation,194742,25,1,31.1200008392334,33.15999984741211,46.0,34.0,14.903689988749848,0.395272433757782,0.0,center_proxy_gt_axes_angle,,,left_only
194768,4726,test,43,left,session_2_0_1,201,saccade_fixation,1658474214873562,4883,171.65217391304347,136.15794143744455,38.34699168630191,37.47520198963801,-51.88495300223565,7.562984166821032,Fixation,194742,26,1,31.239999771118164,33.36000061035156,45.0,32.0,13.8270462485299,0.40685415267944336,0.0,center_proxy_gt_axes_angle,,,left_only
194769,4727,test,43,left,session_2_0_1,201,saccade_fixation,1658474214913562,4884,171.85175202156333,135.98382749326146,38.23319700905278,37.117595273150094,-48.68040849825772,7.565038764341132,Fixation,194742,27,1,31.239999771118164,33.36000061035156,35.0,32.0,3.9984001027095926,0.32218652963638306,0.39805825242718446,center_proxy_gt_axes_angle,,,left_only
194770,4728,test,43,left,session_2_0_1,201,saccade_fixation,1658474214953562,4885,171.70320855614975,136.02139037433156,38.491790234303046,37.16805765633586,-45.59279562510488,0.6750762357882508,Fixation,194742,28,1,31.31999969482422,33.2400016784668,35.0,32.0,3.8832983929508065,0.29424726963043213,0.40384615384615385,center_proxy_gt_axes_angle,,,left_only
194771,4729,test,43,left,session_2_0_1,201,saccade_fixation,1658474214993562,4886,171.8206958073149,136.08474576271186,38.44437442162511,37.185484619283045,-49.83283262100278,0.528269273284854,Fixation,194742,29,1,31.31999969482422,33.2400016784668,34.0,31.0,3.492851149888347,0.2894929349422455,0.4117647058823529,center_proxy_gt_axes_angle,,,left_only
194772,4730,test,43,left,session_2_0_1,201,saccade_fixation,1658474215033562,4887,171.7170993733214,136.07162041181738,38.43826707188963,37.05484890146294,-47.437705209249,0.517069922131601,Fixation,194742,30,1,31.239999771118164,33.36000061035156,34.0,31.0,3.6314190262606068,0.2839113175868988,0.4174757281553398,center_proxy_gt_axes_angle,,,left_only
194773,4731,test,43,left,session_2_0_1,201,saccade_fixation,1658474215073562,4888,171.7902222222222,136.04177777777778,38.450495195259606,37.315934146348646,-49.3610128719526,1.6705350961421526,Fixation,194742,31,1,31.31999969482422,33.2400016784668,33.0,28.0,5.5027282883789175,0.267365425825119,0.19008264462809918,center_proxy_gt_axes_angle,,,left_only
194774,4732,test,43,left,session_2_0_1,201,saccade_fixation,1658474215113562,4889,171.68938053097344,135.93982300884954,38.5935137337823,37.328262524187664,-47.30782112778226,1.0853221235326844,Fixation,194742,32,1,31.239999771118164,33.36000061035156,45.0,31.0,13.960917204098301,0.2368498146533966,0.0,center_proxy_gt_axes_angle,,,left_only
194775,4733,test,43,left,session_2_0_1,201,saccade_fixation,1658474215153562,4890,171.67285587975243,135.86206896551724,38.69049290935583,37.26218175276103,-50.08313879612851,0.3626649820357138,Fixation,194742,33,1,31.31999969482422,33.2400016784668,46.0,33.0,14.681962054358673,0.27751487493515015,0.0,center_proxy_gt_axes_angle,,,left_only
194776,4734,test,43,left,session_2_0_1,201,saccade_fixation,1658474215193563,4891,171.73550087873463,135.89894551845342,38.74764725777843,37.45677767791942,-55.25762616459724,1.500106368627388,Fixation,194742,34,1,31.31999969482422,33.2400016784668,27.0,34.0,4.386341848512793,0.32649391889572144,0.19298245614035087,center_proxy_gt_axes_angle,,,left_only
194777,4735,test,43,left,session_2_0_1,201,saccade_fixation,1658474215233563,4892,171.77748691099475,135.98516579406632,38.87297283307709,37.59393498886238,-57.33757465737106,2.6736213786017724,Fixation,194742,35,1,31.239999771118164,33.36000061035156,27.0,34.0,4.288029533227641,0.3216627240180969,0.2231404958677686,center_proxy_gt_axes_angle,,,left_only
194778,4736,test,43,left,session_2_0_1,201,saccade_fixation,1658474215273563,4893,171.92554112554112,135.982683982684,39.06442653300493,37.70581067161236,-59.26476934707915,2.7496842010659104,Fixation,194742,36,1,31.399999618530273,33.2400016784668,27.0,34.0,4.465153311119321,0.2970030605792999,0.23577235772357724,center_proxy_gt_axes_angle,,,left_only
194779,4737,test,43,left,session_2_0_1,201,saccade_fixation,1658474215313563,4894,172.02859618717503,136.09965337954938,39.18101696897387,37.55338229672689,-65.92260577703853,1.8225649371645416,Fixation,194742,37,1,31.360000610351562,33.36000061035156,27.0,34.0,4.406722653062746,0.30664145946502686,0.27419354838709675,center_proxy_gt_axes_angle,,,left_only
194780,4738,test,43,left,session_2_0_1,201,saccade_fixation,1658474215353563,4895,172.00520833333334,136.24652777777777,38.953192443719125,37.70622339382032,-59.59173057701047,1.679746965114862,Fixation,194742,38,1,31.399999618530273,33.2400016784668,27.0,34.0,4.465153311119321,0.25664812326431274,0.256198347107438,center_proxy_gt_axes_angle,,,left_only
194781,4739,test,43,left,session_2_0_1,201,saccade_fixation,1658474215393563,4896,172.02325581395348,136.1421188630491,39.17575721770039,37.78708283621165,-64.20021106822226,1.68010833779534,Fixation,194742,39,1,31.399999618530273,33.2400016784668,27.0,34.0,4.465153311119321,0.25894707441329956,0.2682926829268293,center_proxy_gt_axes_angle,,,left_only
194782,4740,test,43,left,session_2_0_1,201,saccade_fixation,1658474215433563,4897,172.05479452054794,136.21832191780825,39.15511765295613,38.044642964785545,-66.47980131566277,1.9371185447939203,Fixation,194742,40,1,31.360000610351562,33.36000061035156,27.0,34.0,4.406722653062746,0.278903067111969,0.27419354838709675,center_proxy_gt_axes_angle,,,left_only
194783,4741,test,43,left,session_2_0_1,201,saccade_fixation,1658474215473563,4898,172.14212328767124,136.34332191780825,39.19559733542898,38.00688678764479,-68.77323330629729,2.886869338208861,Fixation,194742,41,1,31.399999618530273,33.31999969482422,27.0,34.0,4.452235063213275,0.36124739050865173,0.2605042016806723,center_proxy_gt_axes_angle,,,left_only
194784,4742,test,43,left,session_2_0_1,201,saccade_fixation,1658474215513563,4899,172.21679520137104,136.47300771208225,39.199232302152566,37.978167261731336,-72.12764733850507,2.2089440345295768,Fixation,194742,42,1,31.399999618530273,33.31999969482422,44.0,33.0,12.604063210636673,0.29284217953681946,0.0,center_proxy_gt_axes_angle,,,left_only
194785,4743,test,43,left,session_2_0_1,201,saccade_fixation,1658474215553563,4900,172.2233676975945,136.55841924398626,38.99692775271937,38.06480902609787,-76.95368974449784,1.6196317496807364,Fixation,194742,43,1,31.399999618530273,33.31999969482422,44.0,32.0,12.668954527007084,0.3238314986228943,0.0,center_proxy_gt_axes_angle,,,left_only
194786,4744,test,43,left,session_2_0_1,201,saccade_fixation,1658474215593563,4901,172.2166095890411,136.53253424657535,39.093621243174255,38.11163168247658,-73.02108530572247,0.9536429634395752,Fixation,194742,44,1,31.399999618530273,33.31999969482422,44.0,31.0,12.811807374333323,0.300822377204895,0.0,center_proxy_gt_axes_angle,,,left_only
194787,4745,test,43,left,session_2_0_1,201,saccade_fixation,1658474215633563,4902,172.30162810625535,136.54755784061695,38.978669397939534,38.18007559848099,-79.56232521813017,1.6708276229480858,Fixation,194742,45,1,31.399999618530273,33.31999969482422,44.0,31.0,12.811807374333323,0.22843599319458008,0.0,center_proxy_gt_axes_angle,,,left_only
194788,4746,test,43,left,session_2_0_1,201,saccade_fixation,1658474215673563,4903,172.09345794392524,136.3831775700935,39.30430079462235,38.194510418496456,-63.45937428333551,53.3720869814415,Fixation,194742,46,1,31.399999618530273,33.31999969482422,28.0,31.0,4.116114185732761,0.24342837929725647,0.26229508196721313,center_proxy_gt_axes_angle,,,left_only
194789,4747,test,43,left,session_2_0_1,201,saccade_fixation,1658474215713563,4904,172.1766190075694,136.29520605550883,39.420255825289786,38.45036911097642,-72.90436783150803,132.33093224475377,Fixation,194742,47,1,31.399999618530273,33.31999969482422,45.0,29.0,14.26963236174142,0.34827500581741333,0.0,center_proxy_gt_axes_angle,,,left_only
194790,4748,test,43,left,session_2_0_1,201,saccade_fixation,1658474215753563,4905,180.16760676873488,139.64786462530216,40.34533689121561,39.28091589680341,70.30085371025022,138.1815504944159,Fixation,194742,48,1,32.91999816894531,34.119998931884766,33.0,34.0,0.14422217799488185,0.6974552869796753,1.0,center_proxy_gt_axes_angle,,,left_only
194791,4749,test,43,left,session_2_0_1,201,saccade_fixation,1658474215793563,4906,189.54756195043964,148.83053557154275,41.75431943210735,38.27688979162673,79.7588251313716,137.3761541034884,Fixation,194742,49,1,34.91999816894531,36.119998931884766,34.0,33.0,3.2528126238418356,0.47161346673965454,0.2773109243697479,center_proxy_gt_axes_angle,,,left_only
194792,4750,test,43,left,session_2_0_1,201,saccade_fixation,1658474215833563,4907,189.92955465587045,149.44777327935222,41.20420214151894,38.24665308918915,82.65428316692302,87.2456078982731,Fixation,194742,50,1,34.84000015258789,36.400001525878906,45.0,28.0,13.182777496953442,0.2874792814254761,0.0,center_proxy_gt_axes_angle,,,left_only
194793,4751,test,43,left,session_2_0_1,201,saccade_fixation,1658474215873563,4908,190.11764705882356,148.9935535858179,41.55386204279681,38.110367619604965,81.76006770978874,7.112918016726762,Fixation,194742,51,1,34.880001068115234,36.119998931884766,45.0,33.0,10.590031714603638,0.24395576119422913,0.0,center_proxy_gt_axes_angle,,,left_only
194794,4752,test,43,left,session_2_0_1,201,saccade_fixation,1658474215913563,4909,190.54186795491145,148.98792270531402,41.5862551336468,38.1179079112842,85.05966779043726,6.737452066685402,Fixation,194742,52,1,34.880001068115234,36.119998931884766,28.0,31.0,8.576059920486092,0.21761080622673035,0.006711409395973154,center_proxy_gt_axes_angle,,,left_only
194795,4753,test,43,left,session_2_0_1,201,saccade_fixation,1658474215953563,4910,190.6583198707593,149.078352180937,41.28714058117698,38.26246901324016,81.69753209894294,5.714834760873899,Fixation,194742,53,1,34.880001068115234,36.279998779296875,28.0,27.0,11.552176939478475,0.36580270528793335,0.0,center_proxy_gt_axes_angle,,,left_only
194796,4754,test,43,left,session_2_0_1,201,saccade_fixation,1658474215993563,4911,190.8959677419355,148.97016129032258,41.30375847476403,38.32163371752723,87.96784958432345,4.265586822069238,Fixation,194742,54,1,34.880001068115234,36.279998779296875,28.0,28.0,10.765351572634518,0.3836525082588196,0.0,center_proxy_gt_axes_angle,,,left_only
194797,4755,test,43,left,session_2_0_1,201,saccade_fixation,1658474216033563,4912,191.03145161290325,149.0258064516129,41.28415145267064,38.33357958428228,81.21815563207922,3.8439966183180014,Fixation,194742,55,1,34.880001068115234,36.279998779296875,28.0,31.0,8.672531453194232,0.33327311277389526,0.0,center_proxy_gt_axes_angle,,,left_only
194798,4756,test,43,left,session_2_0_1,201,saccade_fixation,1658474216073563,4913,191.2136,148.8672,41.49284172550664,38.43457704648319,86.51874191316426,2.68453622195124,Fixation,194742,56,1,34.880001068115234,36.279998779296875,29.0,29.0,9.358033703059649,0.2295370101928711,0.0,center_proxy_gt_axes_angle,,,left_only
194799,4757,test,43,left,session_2_0_1,201,saccade_fixation,1658474216113563,4914,191.20956175298804,148.80557768924302,41.75041544478688,38.34608771712436,85.13827547109241,3.5860278578585207,Fixation,194742,57,1,34.84000015258789,36.15999984741211,45.0,33.0,10.640074996683936,0.24959872663021088,0.0,center_proxy_gt_axes_angle,,,left_only
194800,4758,test,43,left,session_2_0_1,201,saccade_fixation,1658474216153563,4915,191.28400954653935,148.7859984089101,41.7964724802054,38.369748561813694,81.93359470811724,2.647704480556016,Fixation,194742,58,1,34.84000015258789,36.15999984741211,45.0,33.0,10.640074996683936,0.27889716625213623,0.0,center_proxy_gt_axes_angle,,,left_only
194801,4759,test,43,left,session_2_0_1,201,saccade_fixation,1658474216193563,4916,191.59525691699605,148.9193675889328,41.63243329116887,38.8066605552372,77.3934718743299,3.645880576419045,Fixation,194742,59,1,35.0,36.20000076293945,46.0,27.0,14.340153905662467,0.31590044498443604,0.0,center_proxy_gt_axes_angle,,,left_only
194802,4760,test,43,left,session_2_0_1,201,saccade_fixation,1658474216233563,4917,191.63586097946288,148.90126382306477,41.62794503608283,38.82853307253173,78.17861379183121,4.067074178954006,Fixation,194742,60,1,35.0,36.20000076293945,46.0,32.0,11.77454909576974,0.306427001953125,0.0,center_proxy_gt_axes_angle,,,left_only
194803,4761,test,43,left,session_2_0_1,201,saccade_fixation,1658474216273563,4918,191.78688524590163,148.88914910226384,41.72265690728164,39.18926586552092,79.99912986034613,2.233962827885592,Fixation,194742,61,1,34.91999816894531,36.119998931884766,46.0,32.0,11.821202636572425,0.2899962365627289,0.0,center_proxy_gt_axes_angle,,,left_only
194804,4762,test,43,left,session_2_0_1,201,saccade_fixation,1658474216313563,4919,191.91885625966,148.9289026275116,41.95087734066173,39.36622464020248,78.59621334531568,2.0212606381319462,Fixation,194742,62,1,35.0,36.20000076293945,46.0,34.0,11.217843079528889,0.38228273391723633,0.0,center_proxy_gt_axes_angle,,,left_only
194805,4763,test,43,left,session_2_0_1,201,saccade_fixation,1658474216353563,4920,191.94899536321483,148.9706336939722,42.014800998769054,39.30799392047359,76.35188248289995,0.4307403154180221,Fixation,194742,63,1,35.0,36.20000076293945,46.0,34.0,11.217843079528889,0.40808212757110596,0.0,center_proxy_gt_axes_angle,,,left_only
194806,4764,test,43,left,session_2_0_1,201,saccade_fixation,1658474216393563,4921,191.95916795069337,148.9090909090909,42.09262970589981,39.36188819803804,76.7414081312255,2.9982822441534607,Fixation,194742,64,1,35.0,36.0,46.0,34.0,11.180339887498949,0.4098968207836151,0.0,center_proxy_gt_axes_angle,,,left_only
194807,4765,test,43,left,session_2_0_1,201,saccade_fixation,1658474216433564,4922,191.8534151957022,148.9071373752878,42.18163220457459,39.4323230955126,75.0181498004398,25.44738417172857,Fixation,194742,65,1,34.959999084472656,36.15999984741211,46.0,34.0,11.249320848640815,0.40284281969070435,0.0,center_proxy_gt_axes_angle,,,left_only
194808,4766,test,43,left,session_2_0_1,201,saccade_fixation,1658474216473564,4923,192.39829192546583,148.94565217391303,42.04963105798229,39.09457689661011,74.77258971104867,26.871915190641456,Fixation,194742,66,1,35.20000076293945,36.36000061035156,46.0,34.0,11.054844476579856,0.4552614688873291,0.0,center_proxy_gt_axes_angle,,,left_only
194809,4767,test,43,left,session_2_0_1,201,saccade_fixation,1658474216513564,4924,195.26418026418025,146.60683760683762,42.14591489655911,38.92923717227784,77.67173109026722,29.04047219435921,Fixation,194742,67,1,35.63999938964844,35.68000030517578,37.0,35.0,1.520526907093649,0.6128755807876587,0.7045454545454546,center_proxy_gt_axes_angle,,,left_only
194810,4768,test,43,left,session_2_0_1,201,saccade_fixation,1658474216553564,4925,195.35524256651016,146.27230046948358,41.95139798682062,38.85245407147533,78.30108338672561,26.405262501730466,Fixation,194742,68,1,35.68000030517578,35.63999938964844,36.0,34.0,1.6709272284378038,0.47690340876579285,0.5463917525773195,center_proxy_gt_axes_angle,,,left_only
194811,4769,test,43,left,session_2_0_1,201,saccade_fixation,1658474216593564,4926,195.6909372579396,146.28737412858248,41.84665568619682,39.37399382557793,73.61855230596588,3.928921710904281,Fixation,194742,69,1,35.68000030517578,35.720001220703125,37.0,33.0,3.023376561886151,0.31961336731910706,0.3944954128440367,center_proxy_gt_axes_angle,,,left_only
194812,4770,test,43,left,session_2_0_1,201,saccade_fixation,1658474216633564,4927,195.71050583657583,146.3229571984436,41.72815478345319,39.307314656209776,74.93556041387973,2.3349456261097936,Fixation,194742,70,1,35.79999923706055,35.560001373291016,35.0,34.0,1.7531694339017299,0.3468049168586731,0.5353535353535354,center_proxy_gt_axes_angle,,,left_only
194813,4771,test,43,left,session_2_0_1,201,saccade_fixation,1658474216673564,4928,195.820233463035,146.3136186770428,41.77028913142022,39.26551892861516,74.86561615817554,1.209677719365322,Fixation,194742,71,1,35.79999923706055,35.560001373291016,34.0,34.0,2.38193231181921,0.34192803502082825,0.44761904761904764,center_proxy_gt_axes_angle,,,left_only
194814,4772,test,43,left,session_2_0_1,201,saccade_fixation,1658474216713564,4929,195.72868217054264,146.2829457364341,41.752130013862136,39.43319492291032,73.37125545969755,4.350666043135096,Fixation,194742,72,1,35.68000030517578,35.720001220703125,33.0,34.0,3.1844631941604415,0.29509371519088745,0.35714285714285715,center_proxy_gt_axes_angle,,,left_only
194815,4773,test,43,left,session_2_0_1,201,saccade_fixation,1658474216753564,4930,195.754060324826,146.1044083526682,41.82673521765796,39.441920399874505,70.772485794932,5.624069952770228,Fixation,194742,73,1,35.79999923706055,35.560001373291016,32.0,32.0,5.20707249608594,0.26771631836891174,0.12698412698412698,center_proxy_gt_axes_angle,,,left_only
194816,4774,test,43,left,session_2_0_1,201,saccade_fixation,1658474216793564,4931,195.1188428459734,145.95621579358874,42.038780960213565,38.80162805741384,74.54919023253126,5.31496903844807,Fixation,194742,74,1,35.599998474121094,35.599998474121094,29.0,31.0,8.044872020132896,0.2683287262916565,0.013333333333333334,center_proxy_gt_axes_angle,,,left_only
194817,4775,test,43,left,session_2_0_1,201,saccade_fixation,1658474216833564,4932,195.12684824902723,145.74007782101168,42.26461406246899,38.780071672979936,76.41774104137909,4.835629754105332,Fixation,194742,75,1,35.63999938964844,35.599998474121094,45.0,31.0,10.429266387800151,0.2159501165151596,0.0,center_proxy_gt_axes_angle,,,left_only
194818,4776,test,43,left,session_2_0_1,201,saccade_fixation,1658474216873564,4933,195.0812064965197,145.73163186388246,42.33369741338749,38.93602412318745,75.60260603050062,1.2071251597562132,Fixation,194742,76,1,35.599998474121094,35.599998474121094,45.0,32.0,10.065784504955387,0.26576724648475647,0.013333333333333334,center_proxy_gt_axes_angle,,,left_only
194819,4777,test,43,left,session_2_0_1,201,saccade_fixation,1658474216913564,4934,195.0492686682063,145.7852193995381,42.41008791434538,39.04492152305204,76.65256194714155,0.9114838457134936,Fixation,194742,77,1,35.599998474121094,35.599998474121094,45.0,32.0,10.065784504955387,0.2821013331413269,0.013513513513513514,center_proxy_gt_axes_angle,,,left_only
194820,4778,test,43,left,session_2_0_1,201,saccade_fixation,1658474216953564,4935,195.0585516178737,145.77272727272728,42.40212641157186,39.021876969434864,76.13636688375891,2.0661046309043445,Fixation,194742,78,1,35.599998474121094,35.599998474121094,45.0,33.0,9.752949336070488,0.3263709545135498,0.02702702702702703,center_proxy_gt_axes_angle,,,left_only
194821,4779,test,43,left,session_2_0_1,201,saccade_fixation,1658474216993564,4936,195.21307692307693,145.8576923076923,42.41755320128723,39.10533061094248,75.90975756746428,1.3843781795209351,Fixation,194742,79,1,35.599998474121094,35.68000030517578,45.0,33.0,9.774580825911055,0.264070987701416,0.02702702702702703,center_proxy_gt_axes_angle,,,left_only
194822,4780,test,43,left,session_2_0_1,201,saccade_fixation,1658474217033564,4937,195.3573619631902,145.9133435582822,42.413226455793975,39.236550539806366,75.80228228668445,2.0978993947617277,Fixation,194742,80,1,35.599998474121094,35.68000030517578,28.0,34.0,7.7834682392898396,0.2904283404350281,0.06293706293706294,center_proxy_gt_axes_angle,,,left_only
194823,4781,test,43,left,session_2_0_1,201,saccade_fixation,1658474217073564,4938,195.23312883435585,145.90874233128835,42.5391531417623,39.11671003850727,75.19802223895834,2.34253953541566,Fixation,194742,81,1,35.599998474121094,35.599998474121094,27.0,33.0,8.984429075924478,0.3486723005771637,0.013333333333333334,center_proxy_gt_axes_angle,,,left_only
194824,4782,test,43,left,session_2_0_1,201,saccade_fixation,1658474217113564,4939,195.36814024390245,145.90243902439025,42.50853194183323,39.38718481287132,72.65758745339274,1.3910178728377507,Fixation,194742,82,1,35.599998474121094,35.599998474121094,27.0,33.0,8.984429075924478,0.363696813583374,0.013333333333333334,center_proxy_gt_axes_angle,,,left_only
194825,4783,test,43,left,session_2_0_1,201,saccade_fixation,1658474217153564,4940,195.5685975609756,145.9763719512195,42.618294394259046,39.30927004642552,69.4471723635688,2.203146246946994,Fixation,194742,83,1,35.63999938964844,35.68000030517578,27.0,33.0,9.046103641284885,0.36918017268180847,0.0,center_proxy_gt_axes_angle,,,left_only
194826,4784,test,43,left,session_2_0_1,201,saccade_fixation,1658474217193564,4941,195.51708428246013,146.06833712984056,42.55177242849752,39.5306268971675,72.42277445258804,0.6707314316437917,Fixation,194742,84,1,35.7599983215332,35.560001373291016,26.0,34.0,9.883884434826259,0.3653690218925476,0.0064516129032258064,center_proxy_gt_axes_angle,,,left_only
194827,4785,test,43,left,session_2_0_1,201,saccade_fixation,1658474217233564,4942,195.5508345978756,146.06145675265554,42.43060392175095,39.644517258764026,74.3876975800753,0.2926870195140746,Fixation,194742,85,1,35.599998474121094,35.68000030517578,26.0,34.0,9.745889991607644,0.3702849745750427,0.006622516556291391,center_proxy_gt_axes_angle,,,left_only
194828,4786,test,43,left,session_2_0_1,201,saccade_fixation,1658474217273564,4943,195.291730474732,145.97779479326186,42.58389592912172,39.13997271741729,74.02812844894503,2.152410728426691,Fixation,194742,86,1,35.599998474121094,35.68000030517578,26.0,34.0,9.745889991607644,0.3633553087711334,0.006622516556291391,center_proxy_gt_axes_angle,,,left_only
194829,4787,test,43,left,session_2_0_1,201,saccade_fixation,1658474217313564,4944,195.52190332326285,145.97280966767372,42.50393383924008,39.7476218717971,71.94610954376387,2.1239880871409587,Fixation,194742,87,1,35.7599983215332,35.560001373291016,26.0,34.0,9.883884434826259,0.34609413146972656,0.0064516129032258064,center_proxy_gt_axes_angle,,,left_only
194830,4788,test,43,left,session_2_0_1,201,saccade_fixation,1658474217353564,4945,195.2003069838833,145.93323100537222,42.65684493069544,38.95987871776196,75.71034962480664,1.2466145929492356,Fixation,194742,88,1,35.599998474121094,35.68000030517578,26.0,34.0,9.745889991607644,0.31877601146698,0.006622516556291391,center_proxy_gt_axes_angle,,,left_only
194831,4789,test,43,left,session_2_0_1,201,saccade_fixation,1658474217393564,4946,195.2498090145149,145.90374331550802,42.62800971180236,39.18026784346421,73.24595883414833,0.69393599566271,Fixation,194742,89,1,35.599998474121094,35.599998474121094,26.0,34.0,9.732418292506603,0.24122437834739685,0.006622516556291391,center_proxy_gt_axes_angle,,,left_only
194832,4790,test,43,left,session_2_0_1,201,saccade_fixation,1658474217433564,4947,195.45884146341464,145.8689024390244,42.59177696060616,39.29847520101778,72.44703221738867,1.887599978575878,Fixation,194742,90,1,35.7599983215332,35.560001373291016,46.0,34.0,10.358148418499933,0.2661036252975464,0.0196078431372549,center_proxy_gt_axes_angle,,,left_only
194833,4791,test,43,left,session_2_0_1,201,saccade_fixation,1658474217473564,4948,195.5226586102719,145.8617824773414,42.62003729703465,39.63326355645309,70.26053365878485,1.25105401100954,Fixation,194742,91,1,35.7599983215332,35.560001373291016,46.0,34.0,10.358148418499933,0.2814546227455139,0.02040816326530612,center_proxy_gt_axes_angle,,,left_only
194834,4792,test,43,left,session_2_0_1,201,saccade_fixation,1658474217513564,4949,195.48644578313247,145.83659638554218,42.60814107432984,39.77264324650313,71.81119013522368,0.714714899293767,Fixation,194742,92,1,35.7599983215332,35.560001373291016,46.0,34.0,10.358148418499933,0.33511629700660706,0.0196078431372549,center_proxy_gt_axes_angle,,,left_only
194835,4793,test,43,left,session_2_0_1,201,saccade_fixation,1658474217553564,4950,195.42053231939164,145.79923954372623,42.66925174293473,39.31265515351927,74.55058874261775,24.65742761479416,Fixation,194742,93,1,35.599998474121094,35.68000030517578,46.0,34.0,10.534820015722827,0.34381550550460815,0.006622516556291391,center_proxy_gt_axes_angle,,,left_only
194836,4794,test,43,left,session_2_0_1,201,saccade_fixation,1658474217593564,4951,195.4297583081571,145.7583081570997,42.81386093773229,39.45675940900206,76.06048428967678,38.76987936758009,Fixation,194742,94,1,35.7599983215332,35.560001373291016,45.0,33.0,9.588077912142825,0.4077188968658447,0.02702702702702703,center_proxy_gt_axes_angle,,,left_only
194837,4795,test,43,left,session_2_0_1,201,saccade_fixation,1658474217633564,4952,191.99250936329588,144.1003745318352,42.48646618672424,40.08073643644584,76.04071539971024,37.96991323790265,Fixation,194742,95,1,35.08000183105469,35.040000915527344,34.0,34.0,1.499335139113064,0.40255001187324524,0.5510204081632653,center_proxy_gt_axes_angle,,,left_only
194838,4796,test,43,left,session_2_0_1,201,saccade_fixation,1658474217673564,4953,190.50599700149925,142.13868065967017,42.568398331237816,39.935117073577885,82.3875719511757,37.29966764975645,Fixation,194742,96,1,34.79999923706055,34.68000030517578,35.0,34.0,0.7088023139180056,0.5650889873504639,0.75,center_proxy_gt_axes_angle,,,left_only
194839,4797,test,43,left,session_2_0_1,201,saccade_fixation,1658474217713565,4954,190.6221060492905,142.07318894697536,42.58952872232811,40.06589620809343,80.08800504917166,14.1102787906162,Fixation,194742,97,1,34.79999923706055,34.68000030517578,34.0,32.0,2.796855451223702,0.4695456624031067,0.3944954128440367,center_proxy_gt_axes_angle,,,left_only
194840,4798,test,43,left,session_2_0_1,201,saccade_fixation,1658474217753565,4955,190.66118175018696,142.16978309648468,42.56814784702309,40.03002306182411,79.78709928278514,1.6997618118016542,Fixation,194742,98,1,34.79999923706055,34.68000030517578,33.0,32.0,3.2283740317938427,0.38715359568595886,0.34513274336283184,center_proxy_gt_axes_angle,,,left_only
194841,4799,test,43,left,session_2_0_1,201,saccade_fixation,1658474217793565,4956,190.66915052160957,142.27123695976155,42.7923215325792,39.966292313882754,80.1403571090557,1.7111050546580238,Fixation,194742,99,1,34.79999923706055,34.63999938964844,44.0,38.0,9.794366653319111,0.4621332287788391,0.013333333333333334,center_proxy_gt_axes_angle,,,left_only
197663,2775,test,43,left,session_2_0_2,202,smooth,1658474358153677,2806,125.31360946745562,155.45118343195267,33.786915361049594,25.5783644012311,-87.1941117478108,4.150528410470404,Smooth,197588,75,1,22.600000381469727,37.84000015258789,26.0,34.0,5.128898378587845,0.4781533479690552,0.11688311688311688,center_proxy_gt_axes_angle,,,left_only
197664,2776,test,43,left,session_2_0_2,202,smooth,1658474358193677,2807,125.19236417033774,155.52276064610865,33.66564652919778,25.8350770118804,-88.50999084853876,2.674028491164786,Smooth,197588,76,1,22.760000228881836,37.720001220703125,26.0,33.0,5.725033627873704,0.4621637463569641,0.06172839506172839,center_proxy_gt_axes_angle,,,left_only
197665,2777,test,43,left,session_2_0_2,202,smooth,1658474358233677,2808,125.32253313696611,155.50957290132547,33.96723147812747,25.5497754805208,-87.65656229285595,1.0708457858185478,Smooth,197588,77,1,22.760000228881836,37.720001220703125,27.0,32.0,7.1201132030275565,0.4061276614665985,0.011764705882352941,center_proxy_gt_axes_angle,,,left_only
197666,2778,test,43,left,session_2_0_2,202,smooth,1658474358273677,2809,125.15620437956204,155.5883211678832,33.76176466116956,25.926600701116925,-87.926508244438,0.134892781150919,Smooth,197588,78,1,22.600000381469727,37.84000015258789,27.0,33.0,6.541070105121742,0.3990943133831024,0.03614457831325301,center_proxy_gt_axes_angle,,,left_only
197667,2779,test,43,left,session_2_0_2,202,smooth,1658474358313677,2810,125.14739884393065,155.492774566474,34.08323555370708,25.93358961196173,-88.18882033054089,0.8679094595008063,Smooth,197588,79,1,22.600000381469727,37.84000015258789,28.0,33.0,7.251592746230162,0.29052045941352844,0.011764705882352941,center_proxy_gt_axes_angle,,,left_only
197668,2780,test,43,left,session_2_0_2,202,smooth,1658474358353677,2811,125.18142235123368,155.54136429608127,34.00943652378694,25.88239876373269,-87.59804997962217,5.498450161645975,Smooth,197588,80,1,22.600000381469727,37.84000015258789,46.0,33.0,23.89530463551925,0.3730863928794861,0.0,center_proxy_gt_axes_angle,,,left_only
197669,2781,test,43,left,session_2_0_2,202,smooth,1658474358393677,2812,125.19452449567724,155.56340057636888,34.17751781684909,25.9429628907305,-87.35455288727523,11.062758196744792,Smooth,197588,81,1,22.600000381469727,37.84000015258789,46.0,33.0,23.89530463551925,0.365692675113678,0.0,center_proxy_gt_axes_angle,,,left_only
197670,2782,test,43,left,session_2_0_2,202,smooth,1658474358433677,2813,124.51948051948052,154.98124098124097,34.70916655527602,25.56695095591673,-88.38537632731109,11.121302079912926,Smooth,197588,82,1,22.559999465942383,37.880001068115234,45.0,34.0,22.77296713775088,0.34860196709632874,0.0,center_proxy_gt_axes_angle,,,left_only
197671,2783,test,43,left,session_2_0_2,202,smooth,1658474358473677,2814,123.81285714285714,154.33,34.707161326443035,25.80656437624265,-86.83318343271102,10.722923061837468,Smooth,197588,83,1,22.479999542236328,37.7599983215332,29.0,34.0,7.5264861221669035,0.3397454023361206,0.0,center_proxy_gt_axes_angle,,,left_only
197672,2784,test,43,left,session_2_0_2,202,smooth,1658474358513677,2815,123.87535410764872,154.3328611898017,34.612287038511376,26.0883655323156,-87.7422623032538,5.471475759308107,Smooth,197588,84,1,22.479999542236328,37.7599983215332,29.0,32.0,8.699884288500842,0.37917494773864746,0.0,center_proxy_gt_axes_angle,,,left_only
197673,2785,test,43,left,session_2_0_2,202,smooth,1658474358553677,2816,123.9364406779661,154.39689265536722,34.7273087185837,26.09705214639035,-85.68646455957251,0.956158456890386,Smooth,197588,85,1,22.479999542236328,37.7599983215332,29.0,32.0,8.699884288500842,0.3616960644721985,0.0,center_proxy_gt_axes_angle,,,left_only
197674,2786,test,43,left,session_2_0_2,202,smooth,1658474358593677,2817,123.88607594936708,154.37693389592124,34.67201644432437,26.235445872090384,-86.02910149446657,1.9202745926651252,Smooth,197588,86,1,22.479999542236328,37.7599983215332,29.0,33.0,8.07266932248791,0.37598931789398193,0.0,center_proxy_gt_axes_angle,,,left_only
197675,2787,test,43,left,session_2_0_2,202,smooth,1658474358633677,2818,123.96378830083566,154.3050139275766,34.96300011841663,26.28387980087073,-85.22190973819443,0.710454630353841,Smooth,197588,87,1,22.479999542236328,37.7599983215332,29.0,33.0,8.07266932248791,0.3598134219646454,0.0,center_proxy_gt_axes_angle,,,left_only
197676,2788,test,43,left,session_2_0_2,202,smooth,1658474358673677,2819,124.09654178674351,154.54610951008647,34.28733486182404,25.89358890471338,-87.86003013344964,10.835174326245706,Smooth,197588,88,1,22.520000457763672,37.880001068115234,32.0,34.0,10.243280705388111,0.33348873257637024,0.0,center_proxy_gt_axes_angle,,,left_only
197677,2789,test,43,left,session_2_0_2,202,smooth,1658474358713678,2820,124.04261363636364,154.4375,34.40764750649743,26.168587382380466,-87.44197131317344,7.014723296031326,Smooth,197588,89,1,22.559999465942383,37.7599983215332,46.0,34.0,23.73965485036701,0.4494650065898895,0.0,center_proxy_gt_axes_angle,,,left_only
197678,2790,test,43,left,session_2_0_2,202,smooth,1658474358753678,2821,125.44413012729844,153.6166902404526,34.848922102561325,26.00675484345772,-84.50197237571315,6.384467372092552,Smooth,197588,90,1,22.8799991607666,37.15999984741211,45.0,34.0,22.344575094714394,0.3092159628868103,0.0,center_proxy_gt_axes_angle,,,left_only
197679,2791,test,43,left,session_2_0_2,202,smooth,1658474358793678,2822,125.02915451895043,153.95189504373178,33.89630912206212,25.9279914332592,-85.63789585198853,5.037298802674539,Smooth,197588,91,1,22.760000228881836,37.52000045776367,44.0,36.0,21.29431829546796,0.302150160074234,0.0,center_proxy_gt_axes_angle,,,left_only
197680,2792,test,43,left,session_2_0_2,202,smooth,1658474358833678,2823,124.77729885057472,153.7844827586207,34.48331796036996,25.877846457658432,-84.36123051707901,4.857778136745881,Smooth,197588,92,1,22.760000228881836,37.52000045776367,44.0,35.0,21.388968946263603,0.39063578844070435,0.0,center_proxy_gt_axes_angle,,,left_only
197681,2793,test,43,left,session_2_0_2,202,smooth,1658474358873678,2824,124.8207681365576,154.22759601706971,34.70302951328875,25.92693919676518,-86.90031871232877,0.9318543234696108,Smooth,197588,93,1,22.760000228881836,37.52000045776367,44.0,35.0,21.388968946263603,0.4295545220375061,0.0,center_proxy_gt_axes_angle,,,left_only
197682,2794,test,43,left,session_2_0_2,202,smooth,1658474358913678,2825,124.84173669467788,154.1078431372549,35.202847151223395,25.9319114281455,-85.04870270569569,1.6365677375567729,Smooth,197588,94,1,22.68000030517578,37.720001220703125,26.0,35.0,4.291946483154164,0.34650975465774536,0.15625,center_proxy_gt_axes_angle,,,left_only
197683,2795,test,43,left,session_2_0_2,202,smooth,1658474358953678,2826,124.91352859135286,154.0460251046025,35.30581178055492,25.97427037688284,-84.66763608557933,2.2711886899038385,Smooth,197588,95,1,22.68000030517578,37.560001373291016,46.0,34.0,23.590167348800975,0.31115731596946716,0.0,center_proxy_gt_axes_angle,,,left_only
197684,2796,test,43,left,session_2_0_2,202,smooth,1658474358993678,2827,124.8259052924791,154.04178272980502,35.305868684455945,25.99811493690486,-85.082733487738,0.3196637561221876,Smooth,197588,96,1,22.68000030517578,37.560001373291016,28.0,34.0,6.401250388069795,0.29122811555862427,0.0,center_proxy_gt_axes_angle,,,left_only
197685,2797,test,43,left,session_2_0_2,202,smooth,1658474359033678,2828,124.9006896551724,153.87310344827586,35.80299772499537,25.903006997298117,-84.00731102313489,1.1252200676913906,Smooth,197588,97,1,22.639999389648438,37.599998474121094,46.0,34.0,23.635769873843746,0.32591450214385986,0.0,center_proxy_gt_axes_angle,,,left_only
197686,2798,test,43,left,session_2_0_2,202,smooth,1658474359073678,2829,124.793006993007,154.09230769230768,35.19958728278099,25.975985091357884,-85.54125605954363,0.3768221326959652,Smooth,197588,98,1,22.600000381469727,37.84000015258789,28.0,33.0,7.251592746230162,0.46842318773269653,0.0,center_proxy_gt_axes_angle,,,left_only
197687,2799,test,43,left,session_2_0_2,202,smooth,1658474359113678,2830,124.7913769123783,153.91376912378303,35.699267238755496,25.76595932905505,-84.4418100555558,0.8302323581856421,Smooth,197588,99,1,22.639999389648438,37.599998474121094,45.0,40.0,22.488433351817626,0.497066855430603,0.0,center_proxy_gt_axes_angle,,,left_only
202567,4875,test,43,right,session_1_0_1,101,saccade_fixation,1658473832961007,4926,225.92073732718893,130.9253456221198,40.17333085254829,34.43924012068899,82.0470263513214,1.0612553145950172,Fixation,202492,75,1,41.36000061035156,31.84000015258789,28.0,31.0,13.386381757776887,0.47316688299179077,0.0,center_proxy_gt_axes_angle,,,left_only
202568,4876,test,43,right,session_1_0_1,101,saccade_fixation,1658473833001007,4927,225.90310786106036,130.84643510054843,40.23701578845361,34.66963184951752,81.45108129318868,1.894755252423754,Fixation,202492,76,1,41.36000061035156,31.84000015258789,28.0,31.0,13.386381757776887,0.4498600363731384,0.0,center_proxy_gt_axes_angle,,,left_only
202569,4877,test,43,right,session_1_0_1,101,saccade_fixation,1658473833041007,4928,226.01091901728844,130.69244767970883,40.49275003754882,34.59361416877214,83.54705403032662,1.875524886349676,Fixation,202492,77,1,41.36000061035156,31.84000015258789,28.0,31.0,13.386381757776887,0.39780333638191223,0.0,center_proxy_gt_axes_angle,,,left_only
202570,4878,test,43,right,session_1_0_1,101,saccade_fixation,1658473833081007,4929,226.06727272727272,130.65,40.493508561554926,34.628465562094945,81.98571205791455,1.183025278008707,Fixation,202492,78,1,41.36000061035156,31.84000015258789,28.0,30.0,13.48611199976174,0.38750317692756653,0.0,center_proxy_gt_axes_angle,,,left_only
202571,4879,test,43,right,session_1_0_1,101,saccade_fixation,1658473833121007,4930,226.04623753399815,130.65276518585677,40.51323600019917,34.700217614218374,82.74528812611936,0.6674972896791856,Fixation,202492,79,1,41.36000061035156,31.84000015258789,29.0,30.0,12.496208050821435,0.38400140404701233,0.0,center_proxy_gt_axes_angle,,,left_only
202572,4880,test,43,right,session_1_0_1,101,saccade_fixation,1658473833161007,4931,226.0,130.68383017163504,40.5330981281918,34.80709098754,83.22801825803906,3.453563732024396,Fixation,202492,80,1,41.36000061035156,31.84000015258789,29.0,30.0,12.496208050821435,0.3810626268386841,0.0,center_proxy_gt_axes_angle,,,left_only
202573,4881,test,43,right,session_1_0_1,101,saccade_fixation,1658473833201007,4932,225.9601809954751,130.7864253393665,40.47647126222322,34.80462063576301,81.3397628883047,1.7540742835697505,Fixation,202492,81,1,41.36000061035156,31.84000015258789,29.0,30.0,12.496208050821435,0.3594205379486084,0.0,center_proxy_gt_axes_angle,,,left_only
202574,4882,test,43,right,session_1_0_1,101,saccade_fixation,1658473833241007,4933,225.62218214607756,130.9774571686204,40.61850560151905,34.812184831977845,82.38063680395669,0.4727063163716769,Fixation,202492,82,1,41.439998626708984,31.84000015258789,29.0,31.0,12.46832651516911,0.3905729055404663,0.0,center_proxy_gt_axes_angle,,,left_only
202575,4883,test,43,right,session_1_0_1,101,saccade_fixation,1658473833281007,4934,225.8010801080108,130.7893789378938,40.43788587834007,35.02324969728784,81.9888847583893,0.7409480927695026,Fixation,202492,83,1,41.439998626708984,31.84000015258789,29.0,31.0,12.46832651516911,0.37077343463897705,0.0,center_proxy_gt_axes_angle,,,left_only
202576,4884,test,43,right,session_1_0_1,101,saccade_fixation,1658473833321007,4935,225.99006323396569,130.75880758807588,40.33656029757208,34.98184719811608,81.62404290508519,2.6233983953094686,Fixation,202492,84,1,41.47999954223633,31.84000015258789,29.0,30.0,12.614911380415736,0.37821465730667114,0.0,center_proxy_gt_axes_angle,,,left_only
202577,4885,test,43,right,session_1_0_1,101,saccade_fixation,1658473833361007,4936,225.8485121731289,130.74661857529307,40.44347273446273,34.95418348561466,81.24318439753831,1.737144853617073,Fixation,202492,85,1,41.439998626708984,31.84000015258789,29.0,31.0,12.46832651516911,0.3718489408493042,0.0,center_proxy_gt_axes_angle,,,left_only
202578,4886,test,43,right,session_1_0_1,101,saccade_fixation,1658473833401007,4937,225.96470588235292,130.7348416289593,40.38740284817683,34.880360001411724,82.08038284397234,1.0547695968350672,Fixation,202492,86,1,41.47999954223633,31.84000015258789,29.0,30.0,12.614911380415736,0.32856082916259766,0.0,center_proxy_gt_axes_angle,,,left_only
202579,4887,test,43,right,session_1_0_1,101,saccade_fixation,1658473833441007,4938,226.07427536231884,130.73822463768116,40.472377119659306,34.77345688762722,82.93531549888378,1.5328710099337106,Fixation,202492,87,1,41.36000061035156,31.84000015258789,32.0,30.0,9.539141050812965,0.3325977027416229,0.0,center_proxy_gt_axes_angle,,,left_only
202580,4888,test,43,right,session_1_0_1,101,saccade_fixation,1658473833481007,4939,226.15741583257503,130.73703366696998,40.4805371408666,34.60640137342371,83.60878438051647,1.5233120041447952,Fixation,202492,88,1,41.36000061035156,31.84000015258789,33.0,30.0,8.560094086317157,0.3408999443054199,0.0,center_proxy_gt_axes_angle,,,left_only
202581,4889,test,43,right,session_1_0_1,101,saccade_fixation,1658473833521007,4940,226.09099181073705,130.78343949044586,40.28005869574913,34.785718577412425,82.77691210025067,0.8072977924506062,Fixation,202492,89,1,41.36000061035156,31.84000015258789,33.0,30.0,8.560094086317157,0.3435417711734772,0.0,center_proxy_gt_axes_angle,,,left_only
202582,4890,test,43,right,session_1_0_1,101,saccade_fixation,1658473833561007,4941,226.2084095063985,130.7312614259598,40.36941139488012,34.536886437406494,83.43041166706337,0.4548383707769064,Fixation,202492,90,1,41.36000061035156,31.84000015258789,33.0,30.0,8.560094086317157,0.3476938009262085,0.0,center_proxy_gt_axes_angle,,,left_only
202583,4891,test,43,right,session_1_0_1,101,saccade_fixation,1658473833601007,4942,226.20311070448307,130.74748398902105,40.33581971716237,34.539714217716835,83.17521348635242,0.4485567897053756,Fixation,202492,91,1,41.36000061035156,31.84000015258789,33.0,30.0,8.560094086317157,0.34607794880867004,0.0,center_proxy_gt_axes_angle,,,left_only
202584,4892,test,43,right,session_1_0_1,101,saccade_fixation,1658473833641007,4943,226.10521500457455,130.78774016468435,40.290373593334486,34.592386220676545,83.32433344756679,0.561887702395314,Fixation,202492,92,1,41.36000061035156,31.84000015258789,34.0,29.0,7.888929575745661,0.341330885887146,0.016129032258064516,center_proxy_gt_axes_angle,,,left_only
202585,4893,test,43,right,session_1_0_1,101,saccade_fixation,1658473833681007,4944,226.16268382352945,130.78676470588235,40.21042751512097,34.494884034678364,83.06572656050257,0.7566120357048713,Fixation,202492,93,1,41.36000061035156,31.84000015258789,33.0,29.0,8.82922482847604,0.35239022970199585,0.0,center_proxy_gt_axes_angle,,,left_only
202586,4894,test,43,right,session_1_0_1,101,saccade_fixation,1658473833721007,4945,226.1337638376384,130.78136531365314,40.2482757690824,34.3352168216504,82.96140586729567,0.7307707328118852,Fixation,202492,94,1,41.36000061035156,31.84000015258789,33.0,29.0,8.82922482847604,0.3497743606567383,0.0,center_proxy_gt_axes_angle,,,left_only
202587,4895,test,43,right,session_1_0_1,101,saccade_fixation,1658473833761007,4946,226.10424354243543,130.81734317343174,40.01594714744004,34.53873244998825,83.6106676923317,7.345760708817243,Fixation,202492,95,1,41.52000045776367,31.959999084472656,33.0,29.0,9.019534488008356,0.33708274364471436,0.0,center_proxy_gt_axes_angle,,,left_only
202588,4896,test,43,right,session_1_0_1,101,saccade_fixation,1658473833801008,4947,226.1122448979592,130.90445269016698,39.95046192402845,34.402274137251354,82.56019382831074,74.39496797442584,Fixation,202492,96,1,41.36000061035156,31.84000015258789,29.0,29.0,12.682082477045725,0.3431795537471771,0.0,center_proxy_gt_axes_angle,,,left_only
202589,4897,test,43,right,session_1_0_1,101,saccade_fixation,1658473833841008,4948,225.59170506912443,129.7594470046083,40.00368490585644,34.58080221328632,81.74237552477685,76.13361093069545,Fixation,202492,97,1,41.279998779296875,31.559999465942383,35.0,30.0,6.470856434948218,0.30185917019844055,0.03508771929824561,center_proxy_gt_axes_angle,,,left_only
202590,4898,test,43,right,session_1_0_1,101,saccade_fixation,1658473833881008,4949,225.25796812749005,118.91035856573706,39.18585934536215,32.673078783313,67.28568846673059,74.62239185645369,Fixation,202492,98,1,41.31999969482422,28.959999084472656,32.0,33.0,10.157952633724245,0.4244643449783325,0.0,center_proxy_gt_axes_angle,,,left_only
202591,4899,test,43,right,session_1_0_1,101,saccade_fixation,1658473833921008,4950,225.4361493123772,118.65422396856582,39.11294843156614,33.1970754096165,66.99006244900798,67.71043414630194,Fixation,202492,99,1,41.279998779296875,28.8799991607666,44.0,39.0,10.479161399020018,0.4873892068862915,0.0,center_proxy_gt_axes_angle,,,left_only
210066,4665,test,43,right,session_2_0_1,201,saccade_fixation,1658474212321311,4821,238.9795081967213,115.90368852459017,31.987640315011205,19.497280086464016,60.68607568054648,2.5019822840185406,Fixation,210001,65,1,43.880001068115234,28.200000762939453,33.0,24.0,11.662522439458826,0.3192908763885498,0.0,center_proxy_gt_axes_angle,,,left_only
210067,4666,test,43,right,session_2_0_1,201,saccade_fixation,1658474212361311,4822,239.21020408163264,115.7530612244898,31.9258156180658,19.622313194136414,62.69340616744202,1.3320415847104587,Fixation,210001,66,1,43.79999923706055,28.1200008392334,33.0,24.0,11.559169106635316,0.3152461349964142,0.0,center_proxy_gt_axes_angle,,,left_only
210068,4667,test,43,right,session_2_0_1,201,saccade_fixation,1658474212401311,4823,239.30769230769232,115.5904365904366,31.719696037716144,19.375463275457385,61.718107931101386,1.3467265252430738,Fixation,210001,67,1,43.720001220703125,27.8799991607666,33.0,24.0,11.400562251899071,0.302629679441452,0.0,center_proxy_gt_axes_angle,,,left_only
210069,4668,test,43,right,session_2_0_1,201,saccade_fixation,1658474212441311,4824,239.24843423799584,115.71816283924844,31.331817854820976,19.53382307881364,61.12248613829527,1.5775418507671428,Fixation,210001,68,1,43.720001220703125,27.8799991607666,33.0,24.0,11.400562251899071,0.3022335171699524,0.0,center_proxy_gt_axes_angle,,,left_only
210070,4669,test,43,right,session_2_0_1,201,saccade_fixation,1658474212481311,4825,239.0623700623701,115.70478170478172,31.234996290457,19.66410792865485,59.70441847649625,3.2177718073378934,Fixation,210001,69,1,43.720001220703125,27.8799991607666,33.0,24.0,11.400562251899071,0.29250162839889526,0.0,center_proxy_gt_axes_angle,,,left_only
210071,4670,test,43,right,session_2_0_1,201,saccade_fixation,1658474212521311,4826,239.01255230125523,115.9100418410042,31.33699983306151,19.4756199263707,59.33250484649991,90.0057508715427,Fixation,210001,70,1,43.720001220703125,27.8799991607666,33.0,24.0,11.400562251899071,0.3005754053592682,0.0,center_proxy_gt_axes_angle,,,left_only
210072,4671,test,43,right,session_2_0_1,201,saccade_fixation,1658474212561311,4827,239.0414937759336,116.0311203319502,31.639175866642574,19.459458997824896,60.104139235375264,254.40093890211725,Fixation,210001,71,1,43.79999923706055,28.15999984741211,45.0,24.0,4.329618985721959,0.3665412962436676,0.037037037037037035,center_proxy_gt_axes_angle,,,left_only
210073,4672,test,43,right,session_2_0_1,201,saccade_fixation,1658474212601311,4828,225.1,113.03333333333332,31.5985444830066,24.2810119663701,54.86268741680339,383.2977849099179,Fixation,210001,72,1,41.0,27.479999542236328,42.0,28.0,1.1271204354790256,0.6314256191253662,1.0,center_proxy_gt_axes_angle,,,left_only
210074,4673,test,43,right,session_2_0_1,201,saccade_fixation,1658474212641311,4829,198.4168900804289,113.5201072386059,32.52771721831962,29.287098061489765,37.95055764954776,450.5475680633863,Fixation,210001,73,1,36.20000076293945,27.559999465942383,37.0,28.0,0.9130165657141416,0.7091737389564514,1.0,center_proxy_gt_axes_angle,,,left_only
210075,4674,test,43,right,session_2_0_1,201,saccade_fixation,1658474212681311,4830,178.09794437726725,123.01571946795649,33.97074063176116,31.11406864351273,-40.219302357226354,373.64931742903207,Fixation,210001,74,1,32.63999938964844,29.8799991607666,32.0,31.0,1.2899616655675816,0.6190123558044434,0.5517241379310345,center_proxy_gt_axes_angle,,,left_only
210076,4675,test,43,right,session_2_0_1,201,saccade_fixation,1658474212721311,4831,168.4278728606357,130.53422982885087,33.907214535277646,30.794345713254756,-60.86484215933008,218.64819989215363,Fixation,210001,75,1,30.639999389648438,31.8799991607666,30.0,32.0,0.6511523786081814,0.606214702129364,0.7307692307692307,center_proxy_gt_axes_angle,,,left_only
210077,4676,test,43,right,session_2_0_1,201,saccade_fixation,1658474212761311,4832,168.44763092269326,132.1284289276808,32.90396577354355,31.09929083792584,-73.03187512515031,81.35159179861108,Fixation,210001,76,1,30.760000228881836,32.2400016784668,28.0,31.0,3.0257570004923164,0.49820587038993835,0.3055555555555556,center_proxy_gt_axes_angle,,,left_only
210078,4677,test,43,right,session_2_0_1,201,saccade_fixation,1658474212801311,4833,168.51116625310175,131.6724565756824,33.018795125917336,31.14619211660956,-68.08245160903694,6.615602443045551,Fixation,210001,77,1,30.760000228881836,31.959999084472656,28.0,28.0,4.826923866444556,0.45612427592277527,0.17647058823529413,center_proxy_gt_axes_angle,,,left_only
210079,4678,test,43,right,session_2_0_1,201,saccade_fixation,1658474212841311,4834,168.33046683046683,131.61916461916462,33.08872731957024,31.37875015540785,-64.26667525843914,4.32173155466747,Fixation,210001,78,1,30.559999465942383,32.0,29.0,29.0,3.381360426476379,0.42150789499282837,0.3150684931506849,center_proxy_gt_axes_angle,,,left_only
210080,4679,test,43,right,session_2_0_1,201,saccade_fixation,1658474212881311,4835,168.23170731707316,131.57439024390243,33.14114191876344,31.552590032854884,-63.51886653753462,16.392160641561702,Fixation,210001,79,1,30.559999465942383,32.0,29.0,29.0,3.381360426476379,0.43406885862350464,0.3150684931506849,center_proxy_gt_axes_angle,,,left_only
210081,4680,test,43,right,session_2_0_1,201,saccade_fixation,1658474212921311,4836,168.19927536231884,131.4830917874396,33.42261012699027,31.598466741597072,-65.10522776463515,28.75090554873294,Fixation,210001,80,1,30.760000228881836,31.959999084472656,29.0,30.0,2.634235603889251,0.42558717727661133,0.43661971830985913,center_proxy_gt_axes_angle,,,left_only
210082,4681,test,43,right,session_2_0_1,201,saccade_fixation,1658474212961311,4837,166.27843601895734,133.04857819905214,34.24025285058702,31.455300127927327,-63.07592699744615,26.78121141593726,Fixation,210001,81,1,30.399999618530273,32.20000076293945,27.0,33.0,3.4928492932423327,0.5683894157409668,0.2631578947368421,center_proxy_gt_axes_angle,,,left_only
210083,4682,test,43,right,session_2_0_1,201,saccade_fixation,1658474213001311,4838,165.05,134.8440476190476,33.87490588186349,31.660771789641394,-65.3648049409043,27.31492615106193,Fixation,210001,82,1,30.1200008392334,32.880001068115234,30.0,33.0,0.16970546564623237,0.7013537883758545,0.7586206896551724,center_proxy_gt_axes_angle,,,left_only
210084,4683,test,43,right,session_2_0_1,201,saccade_fixation,1658474213041311,4839,165.3266272189349,134.7242603550296,34.137259386440824,31.62245499345852,-70.19706810326197,12.735503049390037,Fixation,210001,83,1,30.200000762939453,32.84000015258789,29.0,33.0,1.2106204121140398,0.6641620993614197,0.5625,center_proxy_gt_axes_angle,,,left_only
210085,4684,test,43,right,session_2_0_1,201,saccade_fixation,1658474213081311,4840,165.0675830469645,134.53150057273768,34.509589152991424,32.28546052578326,-66.5493126988013,2.906458356731612,Fixation,210001,84,1,30.1200008392334,32.880001068115234,27.0,33.0,3.1223076370643867,0.5079851150512695,0.2911392405063291,center_proxy_gt_axes_angle,,,left_only
210086,4685,test,43,right,session_2_0_1,201,saccade_fixation,1658474213121311,4841,164.87827076222982,134.52901023890786,34.61138157175819,32.40492709823456,-67.78488643643448,4.0847374734453386,Fixation,210001,85,1,30.1200008392334,32.84000015258789,27.0,31.0,3.622154855654376,0.4071313738822937,0.3333333333333333,center_proxy_gt_axes_angle,,,left_only
210087,4686,test,43,right,session_2_0_1,201,saccade_fixation,1658474213161311,4842,164.78865406006673,134.45939933259177,34.88011365808762,32.86488204134262,-63.94693068982159,14.80254120186354,Fixation,210001,86,1,30.1200008392334,32.84000015258789,27.0,29.0,4.947727398381214,0.3536362051963806,0.18518518518518517,center_proxy_gt_axes_angle,,,left_only
210088,4687,test,43,right,session_2_0_1,201,saccade_fixation,1658474213201312,4843,164.76043956043955,134.3978021978022,35.099535378857645,33.0602002278912,-63.674990081051135,197.9715328638369,Fixation,210001,87,1,30.0,32.720001220703125,28.0,30.0,3.376152638822257,0.32005012035369873,0.3150684931506849,center_proxy_gt_axes_angle,,,left_only
210089,4688,test,43,right,session_2_0_1,201,saccade_fixation,1658474213241312,4844,167.14870689655172,133.40086206896552,35.405781282906865,33.44252288988411,-56.86698798755644,235.18384308185304,Fixation,210001,88,1,30.479999542236328,32.47999954223633,32.0,33.0,1.606487431533842,0.4092217683792114,0.7358490566037735,center_proxy_gt_axes_angle,,,left_only
210090,4689,test,43,right,session_2_0_1,201,saccade_fixation,1658474213281312,4845,193.8736263736264,121.77692307692308,34.91922900789609,33.25757112976839,49.05627709005863,234.5739380767332,Fixation,210001,89,1,35.52000045776367,29.68000030517578,35.0,30.0,0.6105737308155514,0.6630344390869141,0.7307692307692307,center_proxy_gt_axes_angle,,,left_only
210091,4690,test,43,right,session_2_0_1,201,saccade_fixation,1658474213321312,4846,199.73690205011388,120.50911161731209,35.05135106140449,31.97105168818061,58.47160705269457,216.3246814064796,Fixation,210001,90,1,36.560001373291016,29.15999984741211,36.0,29.0,0.5824100696757584,0.5726721882820129,0.5932203389830508,center_proxy_gt_axes_angle,,,left_only
210092,4691,test,43,right,session_2_0_1,201,saccade_fixation,1658474213361312,4847,199.67150837988828,120.61899441340782,35.54446672267646,32.10278275712058,50.81557766308953,35.7437885550251,Fixation,210001,91,1,36.400001525878906,29.280000686645508,36.0,28.0,1.3410454796607103,0.6094738245010376,0.40625,center_proxy_gt_axes_angle,,,left_only
210093,4692,test,43,right,session_2_0_1,201,saccade_fixation,1658474213401312,4848,199.327374301676,120.65251396648044,35.52665767438372,32.13737674694942,48.591091911356855,1.6911322688069157,Fixation,210001,92,1,36.400001525878906,29.280000686645508,36.0,28.0,1.3410454796607103,0.5188369750976562,0.40625,center_proxy_gt_axes_angle,,,left_only
210094,4693,test,43,right,session_2_0_1,201,saccade_fixation,1658474213441312,4849,199.47955801104973,120.64530386740331,35.85203271455409,32.179434148157384,47.27128147899325,3.3625073886918653,Fixation,210001,93,1,36.400001525878906,29.280000686645508,36.0,26.0,3.3043010948006017,0.5285740494728088,0.16455696202531644,center_proxy_gt_axes_angle,,,left_only
210095,4694,test,43,right,session_2_0_1,201,saccade_fixation,1658474213481312,4850,199.46681415929203,120.52544247787613,35.74721565860072,32.23232467623556,47.738229289139966,66.49159616081602,Fixation,210001,94,1,36.31999969482422,29.15999984741211,35.0,27.0,2.5314024838330957,0.44027799367904663,0.18421052631578946,center_proxy_gt_axes_angle,,,left_only
210096,4695,test,43,right,session_2_0_1,201,saccade_fixation,1658474213521312,4851,199.23594266813672,120.303197353914,35.86335135204902,32.26428951863746,51.15230200796377,33.37134633256524,Fixation,210001,95,1,36.31999969482422,29.15999984741211,25.0,28.0,11.379279095655248,0.3462908864021301,0.0,center_proxy_gt_axes_angle,,,left_only
210097,4696,test,43,right,session_2_0_1,201,saccade_fixation,1658474213561312,4852,205.4406779661017,129.3593220338983,27.52005858426724,13.79543776699244,-8.622542505950747,31.16636342937374,Fixation,210001,96,1,37.52000045776367,31.479999542236328,34.0,32.0,3.5582023127881426,0.5042068958282471,0.16279069767441862,center_proxy_gt_axes_angle,,,left_only
210098,4697,test,43,right,session_2_0_1,201,saccade_fixation,1658474213681312,4855,207.02620087336248,123.32751091703057,31.233780323565934,19.15915221226567,1.1815057208287951,35.12121917088234,Fixation,210001,97,1,37.91999816894531,29.920000076293945,36.0,32.0,2.8306876640439413,0.5331746935844421,0.2765957446808511,center_proxy_gt_axes_angle,,,left_only
210099,4698,test,43,right,session_2_0_1,201,saccade_fixation,1658474213721312,4856,206.68169398907105,118.551912568306,33.799858980199,27.74342560939388,13.9952726961819,56.348310419553904,Fixation,210001,98,1,37.880001068115234,28.8799991607666,34.0,30.0,4.038416789839662,0.45505261421203613,0.15625,center_proxy_gt_axes_angle,,,left_only
210100,4699,test,43,right,session_2_0_1,201,saccade_fixation,1658474213761312,4857,206.44121071012805,115.9289871944121,35.06692382702189,31.299525835367614,43.37478267612192,45.120174453013085,Fixation,210001,99,1,37.63999938964844,28.1200008392334,44.0,39.0,12.602539010134196,0.5140315890312195,0.0,center_proxy_gt_axes_angle,,,left_only
210101,4700,test,43,right,session_2_0_1,201,saccade_fixation,1658474213801312,4858,206.62857142857143,115.888,36.00993969129352,31.0390476368866,55.08492252417409,16.683502365315533,Fixation,210101,0,1,37.79999923706055,28.0,32.0,21.0,9.090654055121828,0.32132312655448914,0.0,center_proxy_gt_axes_angle,,,left_only
210102,4701,test,43,right,session_2_0_1,201,saccade_fixation,1658474213841312,4859,206.66666666666663,116.11724137931034,35.76284746819219,31.06056930526487,50.17338717242313,3.586495616342132,Fixation,210101,1,1,37.880001068115234,28.15999984741211,27.0,30.0,11.034492457911787,0.5171658992767334,0.0,center_proxy_gt_axes_angle,,,left_only
210103,4702,test,43,right,session_2_0_1,201,saccade_fixation,1658474213881312,4860,206.6784492588369,115.88255416191562,35.99547702668149,31.10817542235804,55.954677947733046,1.4251591999647193,Fixation,210101,2,1,37.79999923706055,28.040000915527344,26.0,30.0,11.961671221270176,0.5298378467559814,0.0,center_proxy_gt_axes_angle,,,left_only
210104,4703,test,43,right,session_2_0_1,201,saccade_fixation,1658474213921312,4861,206.9700460829493,115.70622119815668,35.70588542797357,31.02531337950263,54.25055400197093,2.211344349735488,Fixation,210101,3,1,37.91999816894531,28.1200008392334,26.0,29.0,11.952437193752976,0.5067492723464966,0.0,center_proxy_gt_axes_angle,,,left_only
210105,4704,test,43,right,session_2_0_1,201,saccade_fixation,1658474213961312,4862,206.84897025171625,115.82951945080092,35.81224615723815,31.145388078538687,54.8064229975676,1.8753524781673916,Fixation,210101,4,1,37.91999816894531,28.1200008392334,26.0,30.0,12.067342424583083,0.48023176193237305,0.0,center_proxy_gt_axes_angle,,,left_only
210106,4705,test,43,right,session_2_0_1,201,saccade_fixation,1658474214001312,4863,206.9529276693456,115.90929965556832,35.41930949042602,31.3954269171953,51.17985326126452,0.9405685496806984,Fixation,210101,5,1,38.040000915527344,28.040000915527344,26.0,30.0,12.198492466572782,0.4665759205818176,0.0,center_proxy_gt_axes_angle,,,left_only
210107,4706,test,43,right,session_2_0_1,201,saccade_fixation,1658474214041312,4864,206.97848244620613,115.8788221970555,35.85389811786551,31.454864879620423,54.26567017290665,1.3324251624173988,Fixation,210101,6,1,38.0,28.1200008392334,26.0,30.0,12.146373814619865,0.46890202164649963,0.0,center_proxy_gt_axes_angle,,,left_only
210108,4707,test,43,right,session_2_0_1,201,saccade_fixation,1658474214081312,4865,206.97404063205417,115.8566591422122,35.96342292320054,31.471068046427504,53.62110840951453,0.3534040410411103,Fixation,210101,7,1,38.0,28.1200008392334,27.0,30.0,11.159498055221082,0.4316025972366333,0.0,center_proxy_gt_axes_angle,,,left_only
210109,4708,test,43,right,session_2_0_1,201,saccade_fixation,1658474214121312,4866,206.9023569023569,116.03591470258137,36.50360094669561,31.152366487438467,52.64164876523172,0.2170907251597018,Fixation,210101,8,1,37.880001068115234,28.200000762939453,27.0,31.0,11.234519080482631,0.4380124807357788,0.0,center_proxy_gt_axes_angle,,,left_only
210110,4709,test,43,right,session_2_0_1,201,saccade_fixation,1658474214161312,4867,206.9124579124579,115.86980920314254,36.0878633717408,31.522917105608407,52.15767802332044,0.7109811996758958,Fixation,210101,9,1,37.880001068115234,28.15999984741211,27.0,31.0,11.244555309521488,0.4228830635547638,0.0,center_proxy_gt_axes_angle,,,left_only
210111,4710,test,43,right,session_2_0_1,201,saccade_fixation,1658474214201312,4868,206.94736842105263,115.86338185890256,36.07978574321415,31.599363426255906,51.47865870998852,59.15639209042038,Fixation,210101,10,1,38.040000915527344,28.040000915527344,27.0,31.0,11.42992628125499,0.4212053418159485,0.0,center_proxy_gt_axes_angle,,,left_only
210112,4711,test,43,right,session_2_0_1,201,saccade_fixation,1658474214241312,4869,206.8796400449944,115.92013498312711,36.19891876978964,31.375365371963827,52.45393825860489,121.19523943587076,Fixation,210101,11,1,37.880001068115234,28.15999984741211,26.0,25.0,12.293088481503078,0.3533107340335846,0.0,center_proxy_gt_axes_angle,,,left_only
210113,4712,test,43,right,session_2_0_1,201,saccade_fixation,1658474214281312,4870,213.01505376344085,123.26236559139784,37.39974941155135,31.774456918019336,61.072544204156486,117.51513924961422,Fixation,210101,12,1,39.040000915527344,30.0,39.0,30.0,0.04000091552734375,0.6726871728897095,1.0,center_proxy_gt_axes_angle,,,left_only
210114,4713,test,43,right,session_2_0_1,201,saccade_fixation,1658474214321312,4871,213.6285414480588,134.06086044071353,37.1337963010747,32.713740409668766,86.5815008406445,114.07084402570128,Fixation,210101,13,1,39.08000183105469,32.47999954223633,26.0,33.0,13.09033415831958,0.4327254593372345,0.0,center_proxy_gt_axes_angle,,,left_only
210115,4714,test,43,right,session_2_0_1,201,saccade_fixation,1658474214361312,4872,213.2812834224599,133.5668449197861,36.64003934134088,32.552631885420105,71.34882455092686,61.10424347599383,Fixation,210101,14,1,39.040000915527344,32.47999954223633,26.0,33.0,13.050364912638589,0.4025919735431671,0.0,center_proxy_gt_axes_angle,,,left_only
210116,4715,test,43,right,session_2_0_1,201,saccade_fixation,1658474214401312,4873,213.2521739130435,133.0228260869565,36.70786808452874,31.951765411919943,70.54549063984061,7.372315427877386,Fixation,210101,15,1,39.040000915527344,32.36000061035156,27.0,32.0,12.045381790767479,0.39574769139289856,0.0,center_proxy_gt_axes_angle,,,left_only
210117,4716,test,43,right,session_2_0_1,201,saccade_fixation,1658474214441313,4874,213.20394736842104,133.03728070175438,36.67722415707247,31.701825795317617,70.5944234455576,3.96685965929836,Fixation,210101,16,1,39.040000915527344,32.36000061035156,27.0,31.0,12.1165681488636,0.4137125015258789,0.0,center_proxy_gt_axes_angle,,,left_only
210118,4717,test,43,right,session_2_0_1,201,saccade_fixation,1658474214481313,4875,213.23119469026548,132.95022123893804,36.36544091342257,31.701394743534756,70.28403203376202,1.2097052548499685,Fixation,210101,17,1,39.040000915527344,32.36000061035156,27.0,31.0,12.1165681488636,0.3986023962497711,0.0,center_proxy_gt_axes_angle,,,left_only
210119,4718,test,43,right,session_2_0_1,201,saccade_fixation,1658474214521313,4876,213.2791991101224,132.9321468298109,36.17301769124433,31.69407630175266,71.05765627684855,1.2864810194846394,Fixation,210101,18,1,39.08000183105469,32.2400016784668,27.0,29.0,12.506960266777545,0.4165593981742859,0.0,center_proxy_gt_axes_angle,,,left_only
210120,4719,test,43,right,session_2_0_1,201,saccade_fixation,1658474214561313,4877,213.40628507295173,132.9057239057239,36.06921961793195,31.49551913971881,70.6740852906716,0.3842153190380025,Fixation,210101,19,1,39.15999984741211,32.2400016784668,27.0,28.0,12.878012677523802,0.4297879934310913,0.0,center_proxy_gt_axes_angle,,,left_only
210121,4720,test,43,right,session_2_0_1,201,saccade_fixation,1658474214601313,4878,213.3589164785553,132.90180586907448,35.9099849571991,31.46125581986471,71.03405969625496,1.886393509159044,Fixation,210101,20,1,39.15999984741211,32.2400016784668,27.0,28.0,12.878012677523802,0.4283483624458313,0.0,center_proxy_gt_axes_angle,,,left_only
210122,4721,test,43,right,session_2_0_1,201,saccade_fixation,1658474214641313,4879,213.2254335260116,132.88901734104047,35.5071112212559,31.06995925920073,70.98016251349136,1.5855473707275327,Fixation,210101,21,1,39.08000183105469,32.279998779296875,28.0,28.0,11.877913542662196,0.40071219205856323,0.0,center_proxy_gt_axes_angle,,,left_only
210123,4722,test,43,right,session_2_0_1,201,saccade_fixation,1658474214681313,4880,213.0233644859813,133.09228971962617,35.17915431162128,31.03302183794647,69.41011413391043,1.5111814631342717,Fixation,210101,22,1,39.08000183105469,32.31999969482422,29.0,28.0,10.96671483523426,0.3523414731025696,0.0,center_proxy_gt_axes_angle,,,left_only
210124,4723,test,43,right,session_2_0_1,201,saccade_fixation,1658474214721313,4881,213.1658823529412,132.82470588235293,35.10370204322324,30.859119267421605,69.18951115899378,5.265149595927636,Fixation,210101,23,1,39.08000183105469,32.31999969482422,28.0,29.0,11.566712521274493,0.37635427713394165,0.0,center_proxy_gt_axes_angle,,,left_only
210125,4724,test,43,right,session_2_0_1,201,saccade_fixation,1658474214761313,4882,213.3026004728132,132.66666666666666,34.94487635164003,30.87824791254261,71.1463458870921,7.645197645979669,Fixation,210101,24,1,38.959999084472656,32.2400016784668,28.0,29.0,11.428875308100492,0.40107423067092896,0.0,center_proxy_gt_axes_angle,,,left_only
210126,4725,test,43,right,session_2_0_1,201,saccade_fixation,1658474214801313,4883,214.06763285024155,132.8695652173913,34.91148453411404,30.249403689071407,70.92161019417956,6.137156663407488,Fixation,210101,25,1,39.0,32.279998779296875,27.0,30.0,12.214679465036946,0.4186010956764221,0.0,center_proxy_gt_axes_angle,,,left_only
210127,4726,test,43,right,session_2_0_1,201,saccade_fixation,1658474214841313,4884,214.1119133574007,132.53429602888087,34.77488794602064,30.49648321298345,72.10867654954478,4.100016657212655,Fixation,210101,26,1,39.119998931884766,32.15999984741211,28.0,31.0,11.180338809316757,0.4347764849662781,0.0,center_proxy_gt_axes_angle,,,left_only
210128,4727,test,43,right,session_2_0_1,201,saccade_fixation,1658474214881313,4885,214.1152912621359,132.5740291262136,34.53977422170023,30.441488482855064,71.01297991568597,2.971636966520964,Fixation,210101,27,1,39.119998931884766,32.15999984741211,28.0,30.0,11.327840729191891,0.42718935012817383,0.0,center_proxy_gt_axes_angle,,,left_only
210129,4728,test,43,right,session_2_0_1,201,saccade_fixation,1658474214921313,4886,213.95731707317077,132.62560975609756,34.58676761698078,30.24067297140988,71.86126603509861,2.053880973995437,Fixation,210101,28,1,39.08000183105469,32.20000076293945,29.0,30.0,10.317288416585049,0.3879907727241516,0.0,center_proxy_gt_axes_angle,,,left_only
210130,4729,test,43,right,session_2_0_1,201,saccade_fixation,1658474214961313,4887,213.74666666666667,132.5187878787879,34.8465526983558,30.19021214250858,71.35821120337087,1.750793452215189,Fixation,210101,29,1,38.959999084472656,32.2400016784668,33.0,30.0,6.367039862168994,0.33141571283340454,0.0,center_proxy_gt_axes_angle,,,left_only
210131,4730,test,43,right,session_2_0_1,201,saccade_fixation,1658474215001313,4888,213.78355501813783,132.5211608222491,34.8236870819808,30.280834326326072,70.74490645106644,1.8277119968213684,Fixation,210101,30,1,38.959999084472656,32.2400016784668,33.0,30.0,6.367039862168994,0.35348790884017944,0.0,center_proxy_gt_axes_angle,,,left_only
210132,4731,test,43,right,session_2_0_1,201,saccade_fixation,1658474215041313,4889,213.8385922330097,132.53033980582524,34.625667399827975,30.34671072316432,69.4633919420644,0.358541412812124,Fixation,210101,31,1,39.0,32.279998779296875,33.0,30.0,6.41859754413651,0.3500833213329315,0.0,center_proxy_gt_axes_angle,,,left_only
210133,4732,test,43,right,session_2_0_1,201,saccade_fixation,1658474215081313,4890,213.6901579586877,132.5066828675577,34.9357321467067,30.040865810078305,71.43670648016555,0.925630833030315,Fixation,210101,32,1,38.959999084472656,32.2400016784668,33.0,30.0,6.367039862168994,0.34961584210395813,0.0,center_proxy_gt_axes_angle,,,left_only
210134,4733,test,43,right,session_2_0_1,201,saccade_fixation,1658474215121313,4891,213.72397094430997,132.46610169491527,34.948343917392165,30.141080904882728,72.26716331972843,1.4627809448042246,Fixation,210101,33,1,39.08000183105469,32.15999984741211,34.0,30.0,5.520146550983888,0.3695608973503113,0.021739130434782608,center_proxy_gt_axes_angle,,,left_only
210135,4734,test,43,right,session_2_0_1,201,saccade_fixation,1658474215161313,4892,213.64242424242423,132.5660606060606,34.95694283277839,30.10169952916876,72.34522271568076,1.290733675441519,Fixation,210101,34,1,38.959999084472656,32.2400016784668,33.0,29.0,6.783745275537884,0.3551385998725891,0.0,center_proxy_gt_axes_angle,,,left_only
210136,4735,test,43,right,session_2_0_1,201,saccade_fixation,1658474215201313,4893,213.62515114873037,132.62636033857316,34.701229464155006,30.385680462954063,72.70424835924139,1.7563681613703477,Fixation,210101,35,1,39.08000183105469,32.15999984741211,34.0,30.0,5.520146550983888,0.38572534918785095,0.021739130434782608,center_proxy_gt_axes_angle,,,left_only
210137,4736,test,43,right,session_2_0_1,201,saccade_fixation,1658474215241313,4894,213.5820359281437,132.68263473053892,35.06951211399934,30.371796761230662,74.70091416124657,1.6194638143912392,Fixation,210101,36,1,39.08000183105469,32.15999984741211,34.0,30.0,5.520146550983888,0.3874731659889221,0.0425531914893617,center_proxy_gt_axes_angle,,,left_only
210138,4737,test,43,right,session_2_0_1,201,saccade_fixation,1658474215281313,4895,213.52085816448152,132.66030989272943,35.24949843578116,30.36482388656459,73.63103309022824,1.3936092430572014,Fixation,210101,37,1,39.08000183105469,32.15999984741211,34.0,30.0,5.520146550983888,0.38662880659103394,0.06818181818181818,center_proxy_gt_axes_angle,,,left_only
210139,4738,test,43,right,session_2_0_1,201,saccade_fixation,1658474215321313,4896,213.41705607476635,132.69392523364485,35.47844269781572,30.775158370948056,73.25590264761584,1.0495063057406555,Fixation,210101,38,1,39.08000183105469,32.15999984741211,34.0,30.0,5.520146550983888,0.39056044816970825,0.06818181818181818,center_proxy_gt_axes_angle,,,left_only
210140,4739,test,43,right,session_2_0_1,201,saccade_fixation,1658474215361313,4897,213.43171296296296,132.7372685185185,35.7578271359275,30.820787879720555,72.06998634482342,1.504066022557663,Fixation,210101,39,1,39.0,32.279998779296875,34.0,30.0,5.4953065823114216,0.39420661330223083,0.06818181818181818,center_proxy_gt_axes_angle,,,left_only
210141,4740,test,43,right,session_2_0_1,201,saccade_fixation,1658474215401313,4898,213.4856815578465,132.82016036655213,35.730391389857914,31.15935542130408,70.75169261753803,3.3661226067201238,Fixation,210101,40,1,39.08000183105469,32.20000076293945,34.0,29.0,6.0038673774769595,0.3809238374233246,0.02040816326530612,center_proxy_gt_axes_angle,,,left_only
210142,4741,test,43,right,session_2_0_1,201,saccade_fixation,1658474215441313,4899,213.4874715261959,132.8986332574032,36.05962108027591,31.04778669557652,71.23559283372555,3.3190481429794025,Fixation,210101,41,1,39.08000183105469,32.2400016784668,34.0,30.0,5.551938951668421,0.39105045795440674,0.06382978723404255,center_proxy_gt_axes_angle,,,left_only
210143,4742,test,43,right,session_2_0_1,201,saccade_fixation,1658474215481313,4900,213.22602739726028,133.19748858447488,35.697985534200605,31.27419703995086,71.34519757524836,0.4634663148623586,Fixation,210101,42,1,39.119998931884766,32.36000061035156,34.0,31.0,5.297545726339487,0.39659273624420166,0.1111111111111111,center_proxy_gt_axes_angle,,,left_only
210144,4743,test,43,right,session_2_0_1,201,saccade_fixation,1658474215521313,4901,213.1278801843318,133.17281105990784,35.58759925252089,31.098622496877883,70.25047421324878,0.494274648950441,Fixation,210101,43,1,39.08000183105469,32.31999969482422,34.0,31.0,5.248696771376206,0.4299775958061218,0.1111111111111111,center_proxy_gt_axes_angle,,,left_only
210145,4744,test,43,right,session_2_0_1,201,saccade_fixation,1658474215561313,4902,213.47125140924464,132.89289740698985,36.08218566104203,31.34804400361953,71.42041856700386,2.469588806032677,Fixation,210101,44,1,39.08000183105469,32.2400016784668,34.0,31.0,5.229151247202499,0.4340081214904785,0.1111111111111111,center_proxy_gt_axes_angle,,,left_only
210146,4745,test,43,right,session_2_0_1,201,saccade_fixation,1658474215601313,4903,213.42743764172332,132.95011337868482,35.89985898915122,31.329300033957008,72.5493665459981,46.84534331535449,Fixation,210101,45,1,39.08000183105469,32.2400016784668,34.0,31.0,5.229151247202499,0.41915351152420044,0.11904761904761904,center_proxy_gt_axes_angle,,,left_only
210147,4746,test,43,right,session_2_0_1,201,saccade_fixation,1658474215641313,4904,213.4742268041237,132.89003436426117,35.670943434420884,31.20281486094369,68.84828167779685,112.53416282285627,Fixation,210101,46,1,39.08000183105469,32.20000076293945,34.0,32.0,5.083937343112653,0.3754453659057617,0.14942528735632185,center_proxy_gt_axes_angle,,,left_only
210148,4747,test,43,right,session_2_0_1,201,saccade_fixation,1658474215681314,4905,220.0260972716489,136.1043890865955,35.65603543030421,30.15494527427067,74.28350442556649,117.69520431768107,Fixation,210101,47,1,40.2400016784668,33.040000915527344,40.0,33.0,0.24331230735395495,0.6929892897605896,0.6206896551724138,center_proxy_gt_axes_angle,,,left_only
210149,4748,test,43,right,session_2_0_1,201,saccade_fixation,1658474215721314,4906,227.76932668329175,143.83665835411472,35.81431904860378,28.63070289406054,-84.8634500955536,115.19303121404369,Fixation,210101,48,1,41.599998474121094,35.20000076293945,45.0,33.0,4.049693041813548,0.44328171014785767,0.2894736842105263,center_proxy_gt_axes_angle,,,left_only
210150,4749,test,43,right,session_2_0_1,201,saccade_fixation,1658474215761314,4907,227.9825,144.89875,35.00561583444939,29.25231503746233,-81.99073779630868,71.79281642998126,Fixation,210101,49,1,41.63999938964844,35.20000076293945,26.0,33.0,15.793973036102654,0.43190860748291016,0.0,center_proxy_gt_axes_angle,,,left_only
210151,4750,test,43,right,session_2_0_1,201,saccade_fixation,1658474215801314,4908,227.5509433962264,144.7874213836478,35.19246426857354,28.900634163598657,-83.46711409332758,5.815631947626447,Fixation,210101,50,1,41.63999938964844,35.20000076293945,26.0,32.0,15.964009076388567,0.40768367052078247,0.0,center_proxy_gt_axes_angle,,,left_only
210152,4751,test,43,right,session_2_0_1,201,saccade_fixation,1658474215841314,4909,227.55625,144.77875,35.740385208774406,28.61487401909045,-85.13487921305449,3.3913573134075565,Fixation,210101,51,1,41.599998474121094,35.20000076293945,26.0,32.0,15.92482204846866,0.41670042276382446,0.0,center_proxy_gt_axes_angle,,,left_only
210153,4752,test,43,right,session_2_0_1,201,saccade_fixation,1658474215881314,4910,227.5527950310559,144.7416149068323,36.09889936535677,28.50808129513659,-85.56565899004892,2.1565111698333075,Fixation,210101,52,1,41.599998474121094,35.20000076293945,26.0,32.0,15.92482204846866,0.40539202094078064,0.0,center_proxy_gt_axes_angle,,,left_only
210154,4753,test,43,right,session_2_0_1,201,saccade_fixation,1658474215921314,4911,227.49240506329116,145.13164556962025,35.116970706795435,28.72353870156648,-84.83983184965261,1.2984469723099403,Fixation,210101,53,1,41.63999938964844,35.20000076293945,26.0,32.0,15.964009076388567,0.364266574382782,0.0,center_proxy_gt_axes_angle,,,left_only
210155,4754,test,43,right,session_2_0_1,201,saccade_fixation,1658474215961314,4912,227.53459119496856,145.1320754716981,35.25480838570382,28.82076883046024,-86.0432309853346,0.6901182247659233,Fixation,210101,54,1,41.63999938964844,35.20000076293945,26.0,32.0,15.964009076388567,0.3808290958404541,0.0,center_proxy_gt_axes_angle,,,left_only
210156,4755,test,43,right,session_2_0_1,201,saccade_fixation,1658474216001314,4913,227.62764632627648,144.9738480697385,35.46380353871266,28.934841983848475,-85.90832144722633,2.0425130235604474,Fixation,210101,55,1,41.7599983215332,35.31999969482422,26.0,32.0,16.105897834903903,0.39461594820022583,0.0,center_proxy_gt_axes_angle,,,left_only
210157,4756,test,43,right,session_2_0_1,201,saccade_fixation,1658474216041314,4914,227.56699751861044,144.85111662531017,35.623332189281065,28.90595451275684,-86.3429278818955,1.543348361826189,Fixation,210101,56,1,41.599998474121094,35.20000076293945,27.0,32.0,14.946570186071163,0.39704886078834534,0.0,center_proxy_gt_axes_angle,,,left_only
210158,4757,test,43,right,session_2_0_1,201,saccade_fixation,1658474216081314,4915,227.6177558569667,144.82983970406906,35.7586626838338,28.984567687766265,-86.54634707854935,0.5686326936053198,Fixation,210101,57,1,41.63999938964844,35.20000076293945,27.0,32.0,14.985646032511234,0.3917814791202545,0.0,center_proxy_gt_axes_angle,,,left_only
210159,4758,test,43,right,session_2_0_1,201,saccade_fixation,1658474216121314,4916,227.56103575832304,144.8865598027127,35.75001407041643,29.002469649394406,-86.50547018313753,0.4876492677587459,Fixation,210101,58,1,41.63999938964844,35.20000076293945,28.0,31.0,14.271986188274628,0.3495233952999115,0.0,center_proxy_gt_axes_angle,,,left_only
210160,4759,test,43,right,session_2_0_1,201,saccade_fixation,1658474216161314,4917,227.5641975308642,144.90864197530863,35.68544540507429,29.015770480101253,-86.33601232983601,0.9679604480953606,Fixation,210101,59,1,41.599998474121094,35.20000076293945,28.0,29.0,14.94657044129341,0.35235005617141724,0.0,center_proxy_gt_axes_angle,,,left_only
210161,4760,test,43,right,session_2_0_1,201,saccade_fixation,1658474216201314,4918,227.5562347188264,144.77383863080684,36.18545646503756,28.908979393156585,-86.21968926799599,0.9095734461021684,Fixation,210101,60,1,41.599998474121094,35.20000076293945,28.0,29.0,14.94657044129341,0.3580600321292877,0.0,center_proxy_gt_axes_angle,,,left_only
210162,4761,test,43,right,session_2_0_1,201,saccade_fixation,1658474216241314,4919,227.52404438964243,144.95314426633786,35.70289492005162,29.0547546691256,-85.98521224571621,1.2853828517646255,Fixation,210101,61,1,41.63999938964844,35.20000076293945,28.0,28.0,15.42366993733782,0.35118407011032104,0.0,center_proxy_gt_axes_angle,,,left_only
210163,4762,test,43,right,session_2_0_1,201,saccade_fixation,1658474216281314,4920,227.4810281517748,144.76499388004896,36.304885258011,28.79758510020544,-86.52329675281652,3.1243855864266803,Fixation,210101,62,1,41.63999938964844,35.20000076293945,29.0,28.0,14.54680705710506,0.34830260276794434,0.0,center_proxy_gt_axes_angle,,,left_only
210164,4763,test,43,right,session_2_0_1,201,saccade_fixation,1658474216321314,4921,227.3714981729598,144.836784409257,36.258241652262335,28.991771327766013,-86.46742207572477,1.433766609766971,Fixation,210101,63,1,41.599998474121094,35.20000076293945,29.0,28.0,14.512063000627533,0.35943135619163513,0.0,center_proxy_gt_axes_angle,,,left_only
210165,4764,test,43,right,session_2_0_1,201,saccade_fixation,1658474216361314,4922,227.12087912087912,145.01953601953602,35.70707044154945,29.328977364018872,-85.08106258240132,18.223510640099786,Fixation,210101,64,1,41.63999938964844,35.20000076293945,29.0,28.0,14.54680705710506,0.3205360472202301,0.0,center_proxy_gt_axes_angle,,,left_only
210166,4765,test,43,right,session_2_0_1,201,saccade_fixation,1658474216401314,4923,227.5792682926829,144.73048780487804,36.30211855066595,28.88895139919715,-86.90806596798043,20.066993210909747,Fixation,210101,65,1,41.63999938964844,35.20000076293945,28.0,29.0,14.98297676732029,0.2920743227005005,0.0,center_proxy_gt_axes_angle,,,left_only
210167,4766,test,43,right,session_2_0_1,201,saccade_fixation,1658474216441314,4924,229.74752475247524,142.93069306930693,35.65680269490915,28.96106336287945,-88.65915872547582,21.67784617625988,Fixation,210101,66,1,42.0,35.0,43.0,34.0,1.4142135623730951,0.6186851263046265,0.639344262295082,center_proxy_gt_axes_angle,,,left_only
210168,4767,test,43,right,session_2_0_1,201,saccade_fixation,1658474216481314,4925,229.81132075471697,142.7496855345912,35.73614469276121,28.42281612370166,89.13369609222327,19.22048729517031,Fixation,210101,67,1,42.15999984741211,34.880001068115234,43.0,34.0,1.21655338404512,0.6266072988510132,0.72,center_proxy_gt_axes_angle,,,left_only
210169,4768,test,43,right,session_2_0_1,201,saccade_fixation,1658474216521314,4926,229.79848866498745,142.8148614609572,35.654588847651006,28.443333090587497,89.07468891004336,2.092782823210892,Fixation,210101,68,1,42.15999984741211,34.880001068115234,43.0,34.0,1.21655338404512,0.6207631230354309,0.6949152542372882,center_proxy_gt_axes_angle,,,left_only
210170,4769,test,43,right,session_2_0_1,201,saccade_fixation,1658474216561314,4927,230.03303684879288,142.87674714104193,35.61299077335751,28.20956665499575,89.67900639515987,0.8731838966774838,Fixation,210101,69,1,42.15999984741211,34.880001068115234,43.0,34.0,1.21655338404512,0.6232936978340149,0.7142857142857143,center_proxy_gt_axes_angle,,,left_only
210171,4770,test,43,right,session_2_0_1,201,saccade_fixation,1658474216601314,4928,230.06624203821656,142.828025477707,35.478628948682136,28.253175880884488,89.36101685334053,1.4002472829361925,Fixation,210101,70,1,42.15999984741211,34.880001068115234,43.0,34.0,1.21655338404512,0.6216139793395996,0.72,center_proxy_gt_axes_angle,,,left_only
210172,4771,test,43,right,session_2_0_1,201,saccade_fixation,1658474216641314,4929,229.9486521181001,142.77535301668806,35.45295967169698,28.056686739570807,-89.4338101098653,2.173519292173808,Fixation,210101,71,1,42.15999984741211,34.880001068115234,43.0,34.0,1.21655338404512,0.6240537166595459,0.72,center_proxy_gt_axes_angle,,,left_only
210173,4772,test,43,right,session_2_0_1,201,saccade_fixation,1658474216681314,4930,229.97272727272727,142.67402597402597,35.21605566767171,27.904251422769185,89.93511040308732,3.952317076827758,Fixation,210101,72,1,42.15999984741211,34.880001068115234,43.0,34.0,1.21655338404512,0.6253029108047485,0.7142857142857143,center_proxy_gt_axes_angle,,,left_only
210174,4773,test,43,right,session_2_0_1,201,saccade_fixation,1658474216721314,4931,229.74303797468357,142.68481012658228,35.526935420891164,28.407896699661848,89.66086535775314,2.3972426857618983,Fixation,210101,73,1,42.15999984741211,34.880001068115234,43.0,34.0,1.21655338404512,0.6204265356063843,0.6153846153846154,center_proxy_gt_axes_angle,,,left_only
210175,4774,test,43,right,session_2_0_1,201,saccade_fixation,1658474216761314,4932,229.453300124533,142.67247820672478,35.54502765913606,28.874276114310973,89.72843745177603,2.778075498096335,Fixation,210101,74,1,42.0,35.0,43.0,34.0,1.4142135623730951,0.6131778955459595,0.6333333333333333,center_proxy_gt_axes_angle,,,left_only
210176,4775,test,43,right,session_2_0_1,201,saccade_fixation,1658474216801314,4933,229.60625,142.6025,35.65876301007997,28.66188925369284,89.49126772776025,1.3901221250843316,Fixation,210101,75,1,42.15999984741211,34.880001068115234,43.0,34.0,1.21655338404512,0.6066242456436157,0.639344262295082,center_proxy_gt_axes_angle,,,left_only
210177,4776,test,43,right,session_2_0_1,201,saccade_fixation,1658474216841314,4934,229.60647571606475,142.42216687422166,35.90042002288285,28.573687513848355,88.61852331481606,1.1705215096360193,Fixation,210101,76,1,42.119998931884766,34.63999938964844,43.0,34.0,1.0881181455312314,0.6014257669448853,0.639344262295082,center_proxy_gt_axes_angle,,,left_only
210178,4777,test,43,right,session_2_0_1,201,saccade_fixation,1658474216881314,4935,229.55210918114145,142.57071960297768,35.76607865671644,28.79290532605329,88.74637747054233,1.0404139328092246,Fixation,210101,77,1,42.0,35.0,43.0,34.0,1.4142135623730951,0.5958106517791748,0.639344262295082,center_proxy_gt_axes_angle,,,left_only
210179,4778,test,43,right,session_2_0_1,201,saccade_fixation,1658474216921315,4936,229.61349693251532,142.57546012269938,36.00764677972398,28.908762997119357,87.88609119958538,0.6938642679689342,Fixation,210101,78,1,42.0,35.0,43.0,34.0,1.4142135623730951,0.5881996154785156,0.6451612903225806,center_proxy_gt_axes_angle,,,left_only
210180,4779,test,43,right,session_2_0_1,201,saccade_fixation,1658474216961315,4937,229.59018404907977,142.4368098159509,35.95389677204636,28.960423173666317,87.81776140958306,1.557095931687106,Fixation,210101,79,1,42.119998931884766,34.63999938964844,43.0,34.0,1.0881181455312314,0.5792624950408936,0.6451612903225806,center_proxy_gt_axes_angle,,,left_only
210181,4780,test,43,right,session_2_0_1,201,saccade_fixation,1658474217001315,4938,229.49815498154985,142.44649446494466,36.050044595450174,28.81777309023496,89.1462154098975,0.5843081668842451,Fixation,210101,80,1,42.0,34.79999923706055,43.0,34.0,1.2806243708822103,0.577411413192749,0.639344262295082,center_proxy_gt_axes_angle,,,left_only
210182,4781,test,43,right,session_2_0_1,201,saccade_fixation,1658474217041315,4939,229.71603427172585,142.38310893512852,35.97797163279962,29.00594439336425,87.97274494124397,0.6511279322459395,Fixation,210101,81,1,42.119998931884766,34.63999938964844,43.0,34.0,1.0881181455312314,0.5688849687576294,0.6451612903225806,center_proxy_gt_axes_angle,,,left_only
210183,4782,test,43,right,session_2_0_1,201,saccade_fixation,1658474217081315,4940,229.6748166259169,142.50488997555013,36.19218792798099,28.86157826557941,87.38239888621308,1.500036921256705,Fixation,210101,82,1,42.0,34.79999923706055,43.0,34.0,1.2806243708822103,0.5588773488998413,0.6333333333333333,center_proxy_gt_axes_angle,,,left_only
210184,4783,test,43,right,session_2_0_1,201,saccade_fixation,1658474217121315,4941,229.686658506732,142.47613219094248,36.08717026580717,28.91821910437917,87.07213423011255,2.8985654440788244,Fixation,210101,83,1,42.0,34.79999923706055,43.0,34.0,1.2806243708822103,0.5502171516418457,0.6333333333333333,center_proxy_gt_axes_angle,,,left_only
210185,4784,test,43,right,session_2_0_1,201,saccade_fixation,1658474217161315,4942,229.48774509803923,142.68627450980392,36.10081542649363,28.86440617246622,89.62513006001127,0.8565237644652111,Fixation,210101,84,1,42.0,35.0,44.0,34.0,2.23606797749979,0.5385860204696655,0.48484848484848486,center_proxy_gt_axes_angle,,,left_only
210186,4785,test,43,right,session_2_0_1,201,saccade_fixation,1658474217201315,4943,229.36687116564417,142.6883435582822,35.880628880113555,29.00398535268252,89.14227678131925,0.9368737428617374,Fixation,210101,85,1,42.0,35.0,43.0,34.0,1.4142135623730951,0.5598716735839844,0.639344262295082,center_proxy_gt_axes_angle,,,left_only
210187,4786,test,43,right,session_2_0_1,201,saccade_fixation,1658474217241315,4944,229.62530712530716,142.63267813267814,35.89974023224605,28.964989310396707,87.4278534661176,1.0752851130220027,Fixation,210101,86,1,42.0,35.0,43.0,34.0,1.4142135623730951,0.5815112590789795,0.6333333333333333,center_proxy_gt_axes_angle,,,left_only
210188,4787,test,43,right,session_2_0_1,201,saccade_fixation,1658474217281315,4945,229.5758323057953,142.577065351418,35.912748075140954,28.84545657423188,88.86971573058548,2.633816872906982,Fixation,210101,87,1,42.0,35.0,43.0,34.0,1.4142135623730951,0.5803682208061218,0.639344262295082,center_proxy_gt_axes_angle,,,left_only
210189,4788,test,43,right,session_2_0_1,201,saccade_fixation,1658474217321315,4946,229.4630541871921,142.51600985221674,35.87136652181105,28.92009391897382,89.94490168824288,2.017092512917236,Fixation,210101,88,1,42.0,35.0,43.0,34.0,1.4142135623730951,0.5707920789718628,0.6333333333333333,center_proxy_gt_axes_angle,,,left_only
210190,4789,test,43,right,session_2_0_1,201,saccade_fixation,1658474217361315,4947,229.74133663366337,142.4950495049505,35.61123264229252,28.99123974689553,88.25205801565711,1.7504269739614,Fixation,210101,89,1,42.15999984741211,34.880001068115234,44.0,34.0,2.039608403936259,0.5503515005111694,0.5,center_proxy_gt_axes_angle,,,left_only
210191,4790,test,43,right,session_2_0_1,201,saccade_fixation,1658474217401315,4948,229.90073529411765,142.46446078431373,35.85554059185459,29.086523924227603,88.39262287806378,2.2521913710031285,Fixation,210101,90,1,42.15999984741211,34.880001068115234,44.0,34.0,2.039608403936259,0.5521232485771179,0.6451612903225806,center_proxy_gt_axes_angle,,,left_only
210192,4791,test,43,right,session_2_0_1,201,saccade_fixation,1658474217441315,4949,229.8121951219512,142.4268292682927,35.80697781823324,29.26615633199896,88.49496790498345,0.2633477908507639,Fixation,210101,91,1,42.15999984741211,34.880001068115234,44.0,33.0,2.630590157671446,0.5451048612594604,0.45714285714285713,center_proxy_gt_axes_angle,,,left_only
210193,4792,test,43,right,session_2_0_1,201,saccade_fixation,1658474217481315,4950,229.8121951219512,142.4268292682927,35.80697781823324,29.26615633199896,88.49496790498345,19.50439164542548,Fixation,210101,92,1,42.15999984741211,34.880001068115234,44.0,33.0,2.630590157671446,0.5380973815917969,0.45714285714285713,center_proxy_gt_axes_angle,,,left_only
210194,4793,test,43,right,session_2_0_1,201,saccade_fixation,1658474217521315,4951,229.7533252720677,142.4546553808948,35.992896555248315,29.37549449430869,88.14144884072105,27.28895437890635,Fixation,210101,93,1,42.0,34.79999923706055,44.0,34.0,2.1540656395053186,0.5352966785430908,0.5,center_proxy_gt_axes_angle,,,left_only
210195,4794,test,43,right,session_2_0_1,201,saccade_fixation,1658474217561315,4952,227.02567094515751,141.25087514585763,36.56044458505326,29.895600113151428,89.24523667065527,26.170349369558444,Fixation,210101,94,1,41.52000045776367,34.47999954223633,43.0,34.0,1.5558914504446721,0.5765018463134766,0.639344262295082,center_proxy_gt_axes_angle,,,left_only
210196,4795,test,43,right,session_2_0_1,201,saccade_fixation,1658474217601315,4953,226.3425605536332,139.77623990772778,36.89373422235386,29.98889856420601,84.8122114825299,26.084557448954357,Fixation,210101,95,1,41.52000045776367,34.0,41.0,34.0,0.5200004577636719,0.5331146717071533,0.75,center_proxy_gt_axes_angle,,,left_only
210197,4796,test,43,right,session_2_0_1,201,saccade_fixation,1658474217641315,4954,226.63953488372093,139.69418604651162,36.98368850173652,29.65975785236868,84.10953437367193,9.311957097819011,Fixation,210101,96,1,41.52000045776367,34.0,42.0,34.0,0.4799995422363281,0.45148345828056335,1.0,center_proxy_gt_axes_angle,,,left_only
210198,4797,test,43,right,session_2_0_1,201,saccade_fixation,1658474217681315,4955,226.52906976744185,139.8046511627907,37.05330770870981,29.621965607804377,84.99443222071184,1.374706519844742,Fixation,210101,97,1,41.52000045776367,34.0,43.0,34.0,1.4799995422363281,0.46560728549957275,0.75,center_proxy_gt_axes_angle,,,left_only
210199,4798,test,43,right,session_2_0_1,201,saccade_fixation,1658474217721315,4956,226.6080459770115,139.8206896551724,37.22205180765072,29.833510198385447,85.26576582628206,1.1047834081921166,Fixation,210101,98,1,41.52000045776367,34.0,33.0,34.0,8.520000457763672,0.4088064730167389,0.0,center_proxy_gt_axes_angle,,,left_only
210200,4799,test,43,right,session_2_0_1,201,saccade_fixation,1658474217761315,4957,226.53563218390804,139.8816091954023,37.22313535410329,29.829639805925588,84.37352674598945,0.7927784528924805,Fixation,210101,99,1,41.47999954223633,34.040000915527344,43.0,44.0,10.075315536215127,0.3855266273021698,0.0,center_proxy_gt_axes_angle,,,left_only
241013,4899,test,44,right,session_2_0_1,201,saccade_fixation,1659005082625090,4919,159.53187919463087,107.41107382550337,28.25585925460612,26.97476835984344,-49.53948531496255,83.33753408393756,Fixation,240914,99,1,29.0,26.0,45.0,33.0,17.46424919657298,0.3099055290222168,0.0,center_proxy_gt_axes_angle,,,left_only
248521,4752,test,45,left,session_1_0_1,101,saccade_fixation,1658817945285246,4849,139.36286919831224,128.67088607594937,28.210176969275068,21.49065342388219,-84.86247122263984,1.545111634153713,Fixation,248469,52,1,25.360000610351562,31.360000610351562,45.0,27.0,20.118130662356705,0.34936192631721497,0.0,center_proxy_gt_axes_angle,,,left_only
248522,4753,test,45,left,session_1_0_1,101,saccade_fixation,1658817945325246,4850,139.19222462203024,128.61987041036718,28.27043129169443,20.97217245349698,-84.77481985833218,2.557934130849287,Fixation,248469,53,1,25.360000610351562,31.360000610351562,45.0,26.0,20.35827061831039,0.3667086362838745,0.0,center_proxy_gt_axes_angle,,,left_only
248523,4754,test,45,left,session_1_0_1,101,saccade_fixation,1658817945365246,4851,139.3089770354906,128.5615866388309,28.392708131666105,21.5694924576342,-86.23270580839227,2.8362702011495484,Fixation,248469,54,1,25.360000610351562,31.360000610351562,45.0,27.0,20.118130662356705,0.2806948125362396,0.0,center_proxy_gt_axes_angle,,,left_only
248524,4755,test,45,left,session_1_0_1,101,saccade_fixation,1658817945405246,4852,139.63561076604557,128.351966873706,28.81343776715297,21.436558301754985,-84.7998138019594,2.378737761393675,Fixation,248469,55,1,25.360000610351562,31.360000610351562,34.0,29.0,8.9565167522863,0.28356868028640747,0.0,center_proxy_gt_axes_angle,,,left_only
248525,4756,test,45,left,session_1_0_1,101,saccade_fixation,1658817945445246,4853,139.65432098765433,128.3230452674897,28.78474697203957,21.5884799715439,-84.12719184995014,1.7506105195183026,Fixation,248469,56,1,25.360000610351562,31.360000610351562,34.0,28.0,9.270339451966592,0.2959485650062561,0.0,center_proxy_gt_axes_angle,,,left_only
248526,4757,test,45,left,session_1_0_1,101,saccade_fixation,1658817945485246,4854,139.4857142857143,128.37755102040816,28.80959020807267,21.740610447122226,-85.36802397081578,2.061609765702353,Fixation,248469,57,1,25.360000610351562,31.360000610351562,33.0,29.0,7.996198694047581,0.27018362283706665,0.0,center_proxy_gt_axes_angle,,,left_only
248527,4758,test,45,left,session_1_0_1,101,saccade_fixation,1658817945525246,4855,139.46544715447155,128.32926829268294,28.90685415178493,21.755612278005277,-85.99917539907247,1.9446147713114637,Fixation,248469,58,1,25.360000610351562,31.360000610351562,29.0,29.0,4.338110007537931,0.289803147315979,0.15625,center_proxy_gt_axes_angle,,,left_only
248528,4759,test,45,left,session_1_0_1,101,saccade_fixation,1658817945565246,4856,139.8846153846154,128.13562753036436,29.317436482892926,21.523285951473724,-85.4937517413412,1.811244913541572,Fixation,248469,59,1,25.360000610351562,31.360000610351562,33.0,31.0,7.64847639162742,0.29421091079711914,0.0,center_proxy_gt_axes_angle,,,left_only
248529,4760,test,45,left,session_1_0_1,101,saccade_fixation,1658817945605246,4857,139.86746987951807,128.09638554216866,29.38727216771744,21.651278049107063,-84.50858199770514,2.8250723785786733,Fixation,248469,60,1,25.360000610351562,31.360000610351562,34.0,31.0,8.647496163201165,0.32045114040374756,0.0,center_proxy_gt_axes_angle,,,left_only
248530,4761,test,45,left,session_1_0_1,101,saccade_fixation,1658817945645246,4858,139.75959595959597,128.2828282828283,28.96747003220901,21.857719294759377,-84.86097792554392,2.603249635408213,Fixation,248469,61,1,25.360000610351562,31.360000610351562,45.0,28.0,19.925340150846957,0.29493337869644165,0.0,center_proxy_gt_axes_angle,,,left_only
248531,4762,test,45,left,session_1_0_1,101,saccade_fixation,1658817945685246,4859,139.91340206185566,128.3896907216495,29.0336847143876,21.35658377047536,-85.8734933807488,24.966054826392725,Fixation,248469,62,1,25.360000610351562,31.360000610351562,45.0,28.0,19.925340150846957,0.29437631368637085,0.0,center_proxy_gt_axes_angle,,,left_only
248532,4763,test,45,left,session_1_0_1,101,saccade_fixation,1658817945725246,4860,140.03765690376568,128.52301255230125,28.574088671355547,21.36768964560427,-83.19294147105924,157.8155892027674,Fixation,248469,63,1,25.360000610351562,31.360000610351562,45.0,28.0,19.925340150846957,0.3239819407463074,0.0,center_proxy_gt_axes_angle,,,left_only
248533,4764,test,45,left,session_1_0_1,101,saccade_fixation,1658817945765246,4861,143.84530386740332,127.73112338858196,29.792875611762295,23.25060882484417,-80.68269917021242,250.67965220510283,Fixation,248469,64,1,26.239999771118164,31.200000762939453,27.0,30.0,1.4204232393746987,0.44032251834869385,0.6818181818181818,center_proxy_gt_axes_angle,,,left_only
248534,4765,test,45,left,session_1_0_1,101,saccade_fixation,1658817945805246,4862,164.26676829268294,122.20121951219512,30.51849405330972,27.41872109353738,-65.06149891012673,250.3903022004233,Fixation,248469,65,1,30.15999984741211,29.639999389648438,30.0,31.0,1.369380009832377,0.6610242128372192,0.6818181818181818,center_proxy_gt_axes_angle,,,left_only
248535,4766,test,45,left,session_1_0_1,101,saccade_fixation,1658817945845246,4863,178.8968481375358,118.95558739255014,31.165594485258342,28.591173554015416,-27.093870307522963,226.51489537924704,Fixation,248469,66,1,32.7599983215332,28.920000076293945,33.0,30.0,1.106345624509793,0.6838995814323425,0.7454545454545455,center_proxy_gt_axes_angle,,,left_only
248536,4767,test,45,left,session_1_0_1,101,saccade_fixation,1658817945885246,4864,178.91356184798806,118.84500745156484,29.647228897090628,28.872321280973196,-50.8691297416438,94.62614116219711,Fixation,248469,67,1,32.7599983215332,28.719999313354492,33.0,29.0,0.3687833919644913,0.5732693672180176,1.0,center_proxy_gt_axes_angle,,,left_only
248537,4768,test,45,left,session_1_0_1,101,saccade_fixation,1658817945925246,4865,178.97470238095238,118.81845238095238,29.75846045044483,28.82073098894654,-60.48589964780369,2.103834210718885,Fixation,248469,68,1,32.720001220703125,28.84000015258789,34.0,29.0,1.2899600095248644,0.5378830432891846,0.7407407407407407,center_proxy_gt_axes_angle,,,left_only
248538,4769,test,45,left,session_1_0_1,101,saccade_fixation,1658817945965246,4866,179.01644245142003,118.7847533632287,29.56500364419517,28.85517008010792,-38.19829390463232,5.081546850857714,Fixation,248469,69,1,32.7599983215332,28.920000076293945,34.0,30.0,1.644385598880493,0.5424702167510986,0.660377358490566,center_proxy_gt_axes_angle,,,left_only
248539,4770,test,45,left,session_1_0_1,101,saccade_fixation,1658817946005246,4867,179.08761329305136,118.67824773413898,29.360868632256807,28.78302100558049,-46.31006484407379,5.769223809561981,Fixation,248469,70,1,32.7599983215332,28.719999313354492,34.0,29.0,1.2712216750521639,0.5280653238296509,0.7307692307692307,center_proxy_gt_axes_angle,,,left_only
248540,4771,test,45,left,session_1_0_1,101,saccade_fixation,1658817946045246,4868,179.72657450076804,118.852534562212,29.487872704077,28.257313636200543,-20.417323931883715,9.59609458236729,Fixation,248469,71,1,32.7599983215332,28.959999084472656,37.0,32.0,5.217204212967741,0.5305562615394592,0.08823529411764706,center_proxy_gt_axes_angle,,,left_only
248541,4772,test,45,left,session_1_0_1,101,saccade_fixation,1658817946205246,4872,180.28353658536585,119.76524390243902,26.189414137634632,16.128907413379103,-0.0864431334051403,14.602696453827395,Fixation,248469,72,1,32.91999816894531,29.1200008392334,34.0,33.0,4.027505113917425,0.5118162035942078,0.0,center_proxy_gt_axes_angle,,,left_only
248542,4773,test,45,left,session_1_0_1,101,saccade_fixation,1658817946245246,4873,179.97297297297297,116.27387387387388,30.257664664725667,23.6073882109006,1.518255080203744,15.788274556994404,Fixation,248469,73,1,32.880001068115234,28.31999969482422,34.0,31.0,2.904616884059806,0.48700958490371704,0.4576271186440678,center_proxy_gt_axes_angle,,,left_only
248543,4774,test,45,left,session_1_0_1,101,saccade_fixation,1658817946285246,4874,179.88906752411577,114.66881028938909,29.371006200663988,27.026421929614564,-7.184711316552523,33.15429117492997,Fixation,248469,74,1,33.040000915527344,28.0,35.0,31.0,3.5835173239617037,0.5125119090080261,0.23333333333333334,center_proxy_gt_axes_angle,,,left_only
248544,4775,test,45,left,session_1_0_1,101,saccade_fixation,1658817946325246,4875,179.93015873015872,114.43650793650794,28.97186758258876,27.774936079387903,-20.799469758763166,9.951820072925187,Fixation,248469,75,1,33.0,28.0,32.0,31.0,3.1622776601683795,0.4010511338710785,0.27586206896551724,center_proxy_gt_axes_angle,,,left_only
248545,4776,test,45,left,session_1_0_1,101,saccade_fixation,1658817946365246,4876,179.99059561128527,114.46865203761756,29.014966854612243,28.07750941859017,-14.037094959472569,0.363127659211302,Fixation,248469,76,1,32.91999816894531,27.760000228881836,34.0,33.0,5.350140330533386,0.469449520111084,0.08823529411764706,center_proxy_gt_axes_angle,,,left_only
248546,4777,test,45,left,session_1_0_1,101,saccade_fixation,1658817946405246,4877,179.95007800312013,114.6817472698908,29.17274754138524,28.052244728600797,-11.072980515263566,2.4750037166834606,Fixation,248469,77,1,32.880001068115234,27.84000015258789,34.0,32.0,4.308131420684818,0.37427183985710144,0.15625,center_proxy_gt_axes_angle,,,left_only
248547,4778,test,45,left,session_1_0_1,101,saccade_fixation,1658817946445246,4878,179.87051482059283,114.7238689547582,29.41199777519145,27.80888034649784,-11.026545519162257,2.7892837416927483,Fixation,248469,78,1,32.880001068115234,27.84000015258789,34.0,31.0,3.352610422203506,0.3907632827758789,0.27586206896551724,center_proxy_gt_axes_angle,,,left_only
248548,4779,test,45,left,session_1_0_1,101,saccade_fixation,1658817946485247,4879,179.79475308641975,114.80864197530865,29.711160500132085,27.82505971762273,-15.191466460441063,0.5288810314442232,Fixation,248469,79,1,32.7599983215332,27.959999084472656,34.0,29.0,1.6183961402877192,0.3671036958694458,0.6086956521739131,center_proxy_gt_axes_angle,,,left_only
248549,4780,test,45,left,session_1_0_1,101,saccade_fixation,1658817946525247,4880,179.8094512195122,114.8765243902439,29.880617039705317,28.013619342982366,-16.974555404708383,0.5720332194869698,Fixation,248469,80,1,32.79999923706055,28.0,34.0,31.0,3.2310991676293797,0.41507768630981445,0.27586206896551724,center_proxy_gt_axes_angle,,,left_only
248550,4781,test,45,left,session_1_0_1,101,saccade_fixation,1658817946565247,4881,179.87874251497007,114.63622754491018,29.847532409184357,28.59158714518853,-21.2591576662021,1.8539232888734665,Fixation,248469,81,1,32.880001068115234,27.760000228881836,34.0,30.0,2.5043954524061176,0.3785463571548462,0.5384615384615384,center_proxy_gt_axes_angle,,,left_only
248551,4782,test,45,left,session_1_0_1,101,saccade_fixation,1658817946605247,4882,179.89941690962098,114.63702623906704,30.153755170382656,29.04209492620752,-23.86934443199047,3.0779584613855278,Fixation,248469,82,1,32.91999816894531,27.799999237060547,34.0,29.0,1.6144366776485064,0.30990031361579895,0.6451612903225806,center_proxy_gt_axes_angle,,,left_only
248552,4783,test,45,left,session_1_0_1,101,saccade_fixation,1658817946645247,4883,179.9156976744186,114.53779069767442,30.12831218639486,29.129372418909423,-22.496205883960272,5.8014211665135855,Fixation,248469,83,1,32.79999923706055,27.84000015258789,35.0,30.0,3.0831157451115114,0.3612060546875,0.42857142857142855,center_proxy_gt_axes_angle,,,left_only
248553,4784,test,45,left,session_1_0_1,101,saccade_fixation,1658817946685247,4884,179.82768777614135,114.3843888070692,30.213013922078844,28.66636139353728,-25.250285195263928,8.448440698979217,Fixation,248469,84,1,32.84000015258789,27.68000030517578,35.0,25.0,3.4420925287624993,0.375505268573761,0.24390243902439024,center_proxy_gt_axes_angle,,,left_only
248554,4785,test,45,left,session_1_0_1,101,saccade_fixation,1658817946725247,4885,180.5672514619883,115.25877192982456,30.305200508083065,28.801917759702896,-23.6634079608684,9.484417343553856,Fixation,248469,85,1,33.119998931884766,27.84000015258789,36.0,25.0,4.044750550904732,0.3845638036727905,0.1590909090909091,center_proxy_gt_axes_angle,,,left_only
248555,4786,test,45,left,session_1_0_1,101,saccade_fixation,1658817946765247,4886,180.8462664714495,115.601756954612,30.085058717323037,28.980377220580216,-46.469605201968506,10.71367604460594,Fixation,248469,86,1,32.959999084472656,28.0,35.0,25.0,3.627892464689713,0.37230271100997925,0.18421052631578946,center_proxy_gt_axes_angle,,,left_only
248556,4787,test,45,left,session_1_0_1,101,saccade_fixation,1658817946805247,4887,180.8422619047619,115.73958333333331,29.748753243592077,28.8341717842103,-46.50478172182409,5.225877400653883,Fixation,248469,87,1,33.0,28.0,35.0,26.0,2.8284271247461903,0.354813814163208,0.3142857142857143,center_proxy_gt_axes_angle,,,left_only
248557,4788,test,45,left,session_1_0_1,101,saccade_fixation,1658817946845247,4888,180.6279761904762,115.90029761904762,29.74077973046996,28.846773720358293,-60.99351363812278,4.250200174334967,Fixation,248469,88,1,32.91999816894531,28.239999771118164,35.0,27.0,2.421571194403326,0.3041754364967346,0.34328358208955223,center_proxy_gt_axes_angle,,,left_only
248558,4789,test,45,left,session_1_0_1,101,saccade_fixation,1658817946885247,4889,180.60757575757572,116.0939393939394,29.47835262366141,28.578606260239663,-51.39223460171263,3.256909795716472,Fixation,248469,89,1,32.91999816894531,28.239999771118164,44.0,27.0,11.14917216696147,0.23071026802062988,0.0,center_proxy_gt_axes_angle,,,left_only
248559,4790,test,45,left,session_1_0_1,101,saccade_fixation,1658817946925247,4890,180.8295281582953,116.28158295281582,29.26506332019924,28.651301132154234,-50.48974110767958,2.792759178302004,Fixation,248469,90,1,33.0,28.200000762939453,45.0,32.0,12.58729495172258,0.294021874666214,0.0,center_proxy_gt_axes_angle,,,left_only
248560,4791,test,45,left,session_1_0_1,101,saccade_fixation,1658817946965247,4891,180.79357798165137,116.25840978593271,29.21656954442478,28.568812743575997,-38.622310821896605,1.9343337400342837,Fixation,248469,91,1,33.08000183105469,28.239999771118164,45.0,32.0,12.498958279346766,0.3178069591522217,0.0,center_proxy_gt_axes_angle,,,left_only
248561,4792,test,45,left,session_1_0_1,101,saccade_fixation,1658817947005247,4892,180.80517503805171,116.31050228310502,29.2749423620441,28.642867379455414,-43.27606656651952,1.0010724025166708,Fixation,248469,92,1,33.08000183105469,28.239999771118164,45.0,26.0,12.128641940558268,0.3194310665130615,0.0,center_proxy_gt_axes_angle,,,left_only
248562,4793,test,45,left,session_1_0_1,101,saccade_fixation,1658817947045247,4893,180.78995433789956,116.34398782343987,29.34271674762355,28.577503553423625,-38.76858952264104,1.7330413339584805,Fixation,248469,93,1,33.0,28.280000686645508,45.0,31.0,12.304405563238271,0.3037774860858917,0.0,center_proxy_gt_axes_angle,,,left_only
248563,4794,test,45,left,session_1_0_1,101,saccade_fixation,1658817947085247,4894,180.69452887537997,116.3677811550152,29.37274538777475,28.63189178018657,-21.21059902019323,2.588092807759117,Fixation,248469,94,1,32.91999816894531,28.239999771118164,46.0,31.0,13.368023382827461,0.27272918820381165,0.0,center_proxy_gt_axes_angle,,,left_only
248564,4795,test,45,left,session_1_0_1,101,saccade_fixation,1658817947125247,4895,180.67824773413895,116.51057401812687,29.20896843899566,28.969924599342008,-32.617445975992666,2.1430263949623147,Fixation,248469,95,1,33.08000183105469,28.239999771118164,46.0,25.0,13.320058228190895,0.2832816243171692,0.0,center_proxy_gt_axes_angle,,,left_only
248565,4796,test,45,left,session_1_0_1,101,saccade_fixation,1658817947165247,4896,180.4597014925373,116.53880597014926,29.595901977567127,28.96250227477963,-8.072747672279121,1.3449857164536532,Fixation,248469,96,1,33.08000183105469,28.239999771118164,28.0,25.0,6.025281497188719,0.24494169652462006,0.0425531914893617,center_proxy_gt_axes_angle,,,left_only
248566,4797,test,45,left,session_1_0_1,101,saccade_fixation,1658817947205247,4897,180.46556886227543,116.45508982035928,29.391674305959747,29.072392250306677,-11.762417157229493,25.880163910303583,Fixation,248469,97,1,32.91999816894531,28.239999771118164,46.0,25.0,13.47531247939133,0.34645897150039673,0.0,center_proxy_gt_axes_angle,,,left_only
248567,4798,test,45,left,session_1_0_1,101,saccade_fixation,1658817947245247,4898,180.5192307692308,116.49260355029584,29.477634368659885,29.30976423563225,-80.49550022542404,108.58131456147146,Fixation,248469,98,1,32.91999816894531,28.399999618530273,46.0,26.0,13.298362533385058,0.30904993414878845,0.0,center_proxy_gt_axes_angle,,,left_only
248568,4799,test,45,left,session_1_0_1,101,saccade_fixation,1658817947285247,4899,183.2896551724138,119.72413793103448,30.882448714372508,29.957692282974563,50.880667147369856,116.53250982232063,Fixation,248469,99,1,33.52000045776367,29.200000762939453,33.0,30.0,0.9541484451446145,0.5883646011352539,0.6666666666666666,center_proxy_gt_axes_angle,,,left_only
251403,2786,test,45,left,session_1_0_2,102,smooth,1658818087285359,2819,131.7064056939502,119.3540925266904,30.79841428362718,23.397869813850477,-85.87166180829081,0.0486948601372143,Smooth,251317,86,1,24.0,29.0,46.0,32.0,22.20360331117452,0.25282350182533264,0.0,center_proxy_gt_axes_angle,,,left_only
251404,2787,test,45,left,session_1_0_2,102,smooth,1658818087325359,2820,131.70331588132635,119.46771378708551,31.490449765194104,23.263154778142912,-85.89282075477014,0.316184249981166,Smooth,251317,87,1,24.0,29.0,46.0,33.0,22.360679774997898,0.20365694165229797,0.0,center_proxy_gt_axes_angle,,,left_only
251405,2788,test,45,left,session_1_0_2,102,smooth,1658818087365359,2821,131.69686411149826,119.49303135888502,31.55924106661624,23.24703846812621,-85.75577897471385,1.0261327510367415,Smooth,251317,88,1,24.0,29.0,46.0,25.0,22.360679774997898,0.22774022817611694,0.0,center_proxy_gt_axes_angle,,,left_only
251406,2789,test,45,left,session_1_0_2,102,smooth,1658818087405359,2822,131.68476357267951,119.57092819614712,31.34176587356905,23.30402380745711,-85.950291017094,0.7615931682237812,Smooth,251317,89,1,24.0,29.0,46.0,33.0,22.360679774997898,0.21134397387504578,0.0,center_proxy_gt_axes_angle,,,left_only
251407,2790,test,45,left,session_1_0_2,102,smooth,1658818087445359,2823,131.70434782608694,119.5182608695652,31.619992647885624,23.243811541280444,-86.01867075693262,0.626828579876469,Smooth,251317,90,1,24.0,29.0,46.0,33.0,22.360679774997898,0.3121967911720276,0.0,center_proxy_gt_axes_angle,,,left_only
251408,2791,test,45,left,session_1_0_2,102,smooth,1658818087485360,2824,131.71328671328672,119.58916083916084,31.463209372882204,23.24530638761665,-85.66880960763531,5.4999365328729946,Smooth,251317,91,1,24.0,29.0,46.0,32.0,22.20360331117452,0.2820623517036438,0.0,center_proxy_gt_axes_angle,,,left_only
251409,2792,test,45,left,session_1_0_2,102,smooth,1658818087525360,2825,131.6853146853147,119.59265734265736,31.425768855844726,23.288700946951167,-86.42579037034558,8.152862716484107,Smooth,251317,92,1,24.0,29.0,27.0,33.0,5.0,0.3802344799041748,0.08823529411764706,center_proxy_gt_axes_angle,,,left_only
251410,2793,test,45,left,session_1_0_2,102,smooth,1658818087565360,2826,130.99452554744525,120.11678832116787,31.441923635248045,22.37839506814143,-87.30859243534292,8.487771333989231,Smooth,251317,93,1,23.639999389648438,29.15999984741211,45.0,30.0,21.376511088822863,0.2860916256904602,0.0,center_proxy_gt_axes_angle,,,left_only
251411,2794,test,45,left,session_1_0_2,102,smooth,1658818087605360,2827,130.6332116788321,120.26277372262774,30.96772055042784,22.725075930959868,-86.5284384172069,6.93642874298348,Smooth,251317,94,1,23.639999389648438,29.360000610351562,26.0,31.0,2.873882544382598,0.3160821795463562,0.43333333333333335,center_proxy_gt_axes_angle,,,left_only
251412,2795,test,45,left,session_1_0_2,102,smooth,1658818087645360,2828,130.6192236598891,120.39371534195934,30.603659190190765,22.71120869435284,-86.99477622390957,1.6197664825407925,Smooth,251317,95,1,23.639999389648438,29.360000610351562,27.0,31.0,3.7388771174792734,0.2939252257347107,0.30303030303030304,center_proxy_gt_axes_angle,,,left_only
251413,2796,test,45,left,session_1_0_2,102,smooth,1658818087685360,2829,130.77777777777777,120.23148148148148,31.076386929862725,22.32793405208577,-89.11971453646882,1.2212807083641573,Smooth,251317,96,1,23.799999237060547,29.200000762939453,28.0,30.0,4.2755122719961225,0.27147358655929565,0.2112676056338028,center_proxy_gt_axes_angle,,,left_only
251414,2797,test,45,left,session_1_0_2,102,smooth,1658818087725360,2830,130.73722627737226,120.14781021897812,31.164734236593876,22.581043241317538,-87.8632597935502,1.7963638946557623,Smooth,251317,97,1,23.639999389648438,29.360000610351562,34.0,29.0,10.366253570405185,0.27748775482177734,0.0,center_proxy_gt_axes_angle,,,left_only
251415,2798,test,45,left,session_1_0_2,102,smooth,1658818087765360,2831,130.82374768089053,120.3061224489796,31.03922479015199,22.273776767634324,-87.36885104872587,0.2315321182759978,Smooth,251317,98,1,23.639999389648438,29.360000610351562,45.0,26.0,21.622655483908122,0.23962673544883728,0.0,center_proxy_gt_axes_angle,,,left_only
251416,2799,test,45,left,session_1_0_2,102,smooth,1658818087805360,2832,130.6841155234657,120.11371841155234,31.331728465895555,22.701950555872976,-87.34140928176598,0.6210633680158028,Smooth,251317,99,1,23.639999389648438,29.15999984741211,45.0,36.0,22.428446851300727,0.4173250198364258,0.0,center_proxy_gt_axes_angle,,,left_only
256218,4783,test,45,left,session_2_0_1,201,saccade_fixation,1658818310645538,4862,172.83970856102005,111.19489981785064,27.263919507168136,25.65219390700965,-12.965755735937933,89.02743431433771,Fixation,256135,83,1,31.760000228881836,27.0,32.0,27.0,0.23999977111816406,0.48401159048080444,1.0,center_proxy_gt_axes_angle,,,left_only
256219,4784,test,45,left,session_2_0_1,201,saccade_fixation,1658818310685538,4863,172.83240223463687,111.05027932960894,27.03115702723349,25.317644084689267,-11.547850052295786,2.938540324605167,Fixation,256135,84,1,31.639999389648438,26.84000015258789,31.0,27.0,0.6596962709628355,0.4086189270019531,0.5882352941176471,center_proxy_gt_axes_angle,,,left_only
256220,4785,test,45,left,session_2_0_1,201,saccade_fixation,1658818310725538,4864,173.01111111111112,111.0648148148148,27.10821640276721,25.37499216952407,-1.2393803543975253,2.094043561440345,Fixation,256135,85,1,31.760000228881836,27.0,33.0,27.0,1.239999771118164,0.3702852129936218,0.72,center_proxy_gt_axes_angle,,,left_only
256221,4786,test,45,left,session_2_0_1,201,saccade_fixation,1658818310765538,4865,173.05772811918064,111.1173184357542,27.080794654646176,25.271771264150352,-5.433609966223855,10.219754266656867,Fixation,256135,86,1,31.760000228881836,27.0,34.0,28.0,2.4530794880332407,0.40863925218582153,0.4230769230769231,center_proxy_gt_axes_angle,,,left_only
256222,4787,test,45,left,session_2_0_1,201,saccade_fixation,1658818310805538,4866,173.16666666666666,111.12172284644194,26.90349220812409,25.302070204724316,-11.270922716463332,12.001702610205705,Fixation,256135,87,1,31.760000228881836,27.0,34.0,28.0,2.4530794880332407,0.40937089920043945,0.3333333333333333,center_proxy_gt_axes_angle,,,left_only
256223,4788,test,45,left,session_2_0_1,201,saccade_fixation,1658818310845538,4867,171.2110266159696,110.83840304182507,26.489671074413287,25.324879129474084,-46.81598487317163,12.493327837495492,Fixation,256135,88,1,31.239999771118164,27.0,34.0,28.0,2.935575116297961,0.4611564874649048,0.3888888888888889,center_proxy_gt_axes_angle,,,left_only
256224,4789,test,45,left,session_2_0_1,201,saccade_fixation,1658818310885539,4868,171.09652509652508,110.91698841698842,26.01185730677839,25.38423669154832,-45.99479084638017,13.328475150160973,Fixation,256135,89,1,31.239999771118164,27.0,34.0,29.0,3.408460248180663,0.3917892575263977,0.35135135135135137,center_proxy_gt_axes_angle,,,left_only
256225,4790,test,45,left,session_2_0_1,201,saccade_fixation,1658818310925539,4869,171.07364341085272,110.87403100775194,26.042712732920428,25.253643824336468,-42.04541080941985,0.9913016830538472,Fixation,256135,90,1,31.239999771118164,27.0,34.0,28.0,2.935575116297961,0.3831770420074463,0.3333333333333333,center_proxy_gt_axes_angle,,,left_only
256226,4791,test,45,left,session_2_0_1,201,saccade_fixation,1658818310965539,4870,171.052427184466,110.84271844660194,26.06408817820145,25.178628551150595,-37.71645141105259,0.7250764224278218,Fixation,256135,91,1,31.239999771118164,27.0,34.0,28.0,2.935575116297961,0.3671184182167053,0.37142857142857144,center_proxy_gt_axes_angle,,,left_only
256227,4792,test,45,left,session_2_0_1,201,saccade_fixation,1658818311005539,4871,171.05252918287937,110.8443579766537,25.965847659048084,25.226534338481677,-33.167283742446415,0.8636960762611202,Fixation,256135,92,1,31.239999771118164,27.0,34.0,28.0,2.935575116297961,0.33636778593063354,0.4,center_proxy_gt_axes_angle,,,left_only
256228,4793,test,45,left,session_2_0_1,201,saccade_fixation,1658818311045539,4872,170.99019607843138,110.87058823529412,26.00995248165898,24.984017107911225,-35.743507095230626,9.416240160164277,Fixation,256135,93,1,31.239999771118164,27.0,46.0,26.0,14.793836782815736,0.2909277677536011,0.0,center_proxy_gt_axes_angle,,,left_only
256229,4794,test,45,left,session_2_0_1,201,saccade_fixation,1658818311085539,4873,171.21176470588236,110.87843137254902,25.96396534928365,25.037558109878027,-36.73155979785233,12.487230433152146,Fixation,256135,94,1,31.239999771118164,27.0,34.0,25.0,3.408460248180663,0.3128055930137634,0.14285714285714285,center_proxy_gt_axes_angle,,,left_only
256230,4795,test,45,left,session_2_0_1,201,saccade_fixation,1658818311125539,4874,172.55339805825244,110.7126213592233,26.51674787006944,24.753541069288936,-11.363902436100233,12.178023321693589,Fixation,256135,95,1,31.639999389648438,26.8799991607666,35.0,26.0,3.4733273131844045,0.3638927936553955,0.13043478260869565,center_proxy_gt_axes_angle,,,left_only
256231,4796,test,45,left,session_2_0_1,201,saccade_fixation,1658818311165539,4875,173.00773694390716,110.43326885880076,26.707449305118438,24.690770389327472,-5.259593723513916,9.86280977342133,Fixation,256135,96,1,31.639999389648438,26.68000030517578,45.0,32.0,14.38026470763052,0.4063621163368225,0.0,center_proxy_gt_axes_angle,,,left_only
256232,4797,test,45,left,session_2_0_1,201,saccade_fixation,1658818311205539,4876,172.84230769230768,110.26538461538462,26.56500322358476,24.97088506185457,-5.227145058705986,4.158558972865527,Fixation,256135,97,1,31.31999969482422,26.479999542236328,44.0,25.0,12.766080306197265,0.3153592050075531,0.0,center_proxy_gt_axes_angle,,,left_only
256233,4798,test,45,left,session_2_0_1,201,saccade_fixation,1658818311245539,4877,172.57358490566037,110.0811320754717,26.65872041568223,25.34091909935917,-9.504299698420084,3.31519771690384,Fixation,256135,98,1,31.520000457763672,26.559999465942383,46.0,25.0,14.563790202996772,0.2808101177215576,0.0,center_proxy_gt_axes_angle,,,left_only
256234,4799,test,45,left,session_2_0_1,201,saccade_fixation,1658818311285539,4878,172.68490566037735,110.06037735849056,26.870875809262483,25.144257468706257,-5.698135210689969,9.539182724048723,Fixation,256135,99,1,31.559999465942383,26.479999542236328,46.0,38.0,18.472250159914452,0.48709341883659363,0.0,center_proxy_gt_axes_angle,,,left_only
263827,4747,test,45,right,session_1_0_1,101,saccade_fixation,1658817944997255,4846,121.3527397260274,134.19520547945206,36.31659413919734,30.801210169318068,-73.65103979559247,2.1010561723908507,Fixation,263780,47,1,22.040000915527344,32.79999923706055,25.0,32.0,3.0662017806035564,0.5076853036880493,0.34285714285714286,center_proxy_gt_axes_angle,,,left_only
263828,4748,test,45,right,session_1_0_1,101,saccade_fixation,1658817945037255,4847,121.4920814479638,134.1153846153846,36.278564115479526,31.11757298412763,-74.36317810376399,1.1279636209325892,Fixation,263780,48,1,22.040000915527344,32.7599983215332,25.0,32.0,3.0560091670039617,0.4723811447620392,0.34285714285714286,center_proxy_gt_axes_angle,,,left_only
263829,4749,test,45,right,session_1_0_1,101,saccade_fixation,1658817945077256,4848,121.46945701357464,134.11877828054298,36.03690387620354,31.346212904432623,-71.6085945823138,0.2198140350522206,Fixation,263780,49,1,22.040000915527344,32.7599983215332,25.0,33.0,2.969713014037862,0.48024559020996094,0.38235294117647056,center_proxy_gt_axes_angle,,,left_only
263830,4750,test,45,right,session_1_0_1,101,saccade_fixation,1658817945117256,4849,121.38169642857144,134.16964285714286,36.42167817093689,31.43346437404787,-72.31119448269949,2.007476122907979,Fixation,263780,50,1,22.15999984741211,32.63999938964844,25.0,33.0,2.862726201744194,0.48555922508239746,0.38235294117647056,center_proxy_gt_axes_angle,,,left_only
263831,4751,test,45,right,session_1_0_1,101,saccade_fixation,1658817945157256,4850,121.37403740374036,134.16721672167216,36.41122659920266,31.87287193339331,-73.92333559114246,3.692361282688141,Fixation,263780,51,1,22.15999984741211,32.7599983215332,26.0,33.0,3.847492947042516,0.4844129681587219,0.25333333333333335,center_proxy_gt_axes_angle,,,left_only
263832,4752,test,45,right,session_1_0_1,101,saccade_fixation,1658817945197256,4851,121.57064622124864,133.8039430449069,36.69384005874227,31.725682529330367,-76.10103282401218,2.709876379108134,Fixation,263780,52,1,22.1200008392334,32.63999938964844,26.0,32.0,3.932428347255663,0.467068612575531,0.26582278481012656,center_proxy_gt_axes_angle,,,left_only
263833,4753,test,45,right,session_1_0_1,101,saccade_fixation,1658817945237256,4852,121.54594594594596,133.53297297297297,36.93010803022629,31.93424414207242,-76.59917221709578,3.866851978751432,Fixation,263780,53,1,22.15999984741211,32.599998474121094,26.0,32.0,3.8865922529669437,0.47294890880584717,0.26582278481012656,center_proxy_gt_axes_angle,,,left_only
263834,4754,test,45,right,session_1_0_1,101,saccade_fixation,1658817945277256,4853,121.42038216560508,133.73779193205945,37.48276113131033,32.04002205384953,-78.41384122628638,3.127528084461172,Fixation,263780,54,1,22.1200008392334,32.599998474121094,26.0,32.0,3.9261166126972302,0.48656773567199707,0.2631578947368421,center_proxy_gt_axes_angle,,,left_only
263835,4755,test,45,right,session_1_0_1,101,saccade_fixation,1658817945317256,4854,121.42887473460722,133.55095541401275,37.5009925259953,32.01762712934281,-77.23126056536455,2.09130908551943,Fixation,263780,55,1,22.15999984741211,32.599998474121094,26.0,32.0,3.8865922529669437,0.49295371770858765,0.26582278481012656,center_proxy_gt_axes_angle,,,left_only
263836,4756,test,45,right,session_1_0_1,101,saccade_fixation,1658817945357256,4855,121.47887323943662,133.31202600216685,36.88746589973525,31.893634301149085,-75.51068574792056,2.467117266930283,Fixation,263780,56,1,22.1200008392334,32.400001525878906,26.0,33.0,3.9261166126972302,0.4589307904243469,0.28205128205128205,center_proxy_gt_axes_angle,,,left_only
263837,4757,test,45,right,session_1_0_1,101,saccade_fixation,1658817945397256,4856,121.42735042735043,133.22008547008548,37.340145194431166,31.948667507883112,-75.83295982863088,0.9789877279643366,Fixation,263780,57,1,22.0,32.400001525878906,26.0,33.0,4.04474945688205,0.46404093503952026,0.28205128205128205,center_proxy_gt_axes_angle,,,left_only
263838,4758,test,45,right,session_1_0_1,101,saccade_fixation,1658817945437256,4857,121.46878306878308,133.34603174603174,37.69813760289738,31.94877639004978,-78.64493023610281,1.9444916920843869,Fixation,263780,58,1,22.1200008392334,32.47999954223633,26.0,34.0,4.167108695384763,0.46806037425994873,0.2631578947368421,center_proxy_gt_axes_angle,,,left_only
263839,4759,test,45,right,session_1_0_1,101,saccade_fixation,1658817945477256,4858,121.57569296375266,133.60554371002132,37.4138091986555,31.958476627050988,-78.03970814966324,24.668984011645275,Fixation,263780,59,1,22.15999984741211,32.599998474121094,26.0,34.0,4.087249129223504,0.4697141945362091,0.2631578947368421,center_proxy_gt_axes_angle,,,left_only
263840,4760,test,45,right,session_1_0_1,101,saccade_fixation,1658817945517256,4859,121.5844017094017,133.60470085470087,37.31314105563136,31.974682184852547,-77.67404858290658,192.3970948178797,Fixation,263780,60,1,22.15999984741211,32.599998474121094,26.0,34.0,4.087249129223504,0.47811880707740784,0.2631578947368421,center_proxy_gt_axes_angle,,,left_only
263841,4761,test,45,right,session_1_0_1,101,saccade_fixation,1658817945557256,4860,125.37012987012989,133.03679653679654,37.01743362419673,31.84863942186374,-68.62977151813423,311.1276479845189,Fixation,263780,61,1,22.68000030517578,32.47999954223633,24.0,33.0,1.418731711921059,0.6104069948196411,0.7543859649122807,center_proxy_gt_axes_angle,,,left_only
263842,4762,test,45,right,session_1_0_1,101,saccade_fixation,1658817945597256,4861,151.9317738791423,128.91520467836258,36.39788677733903,35.97045611405681,63.40377717562996,312.2281998970845,Fixation,263780,62,1,27.719999313354492,31.399999618530273,27.0,31.0,0.8236496257847171,0.666711688041687,0.5737704918032787,center_proxy_gt_axes_angle,,,left_only
263843,4763,test,45,right,session_1_0_1,101,saccade_fixation,1658817945637256,4862,170.92123629112663,127.03988035892324,37.4317674230679,34.18777388979515,21.3535208788056,285.03696379772424,Fixation,263780,63,1,31.15999984741211,30.8799991607666,31.0,31.0,0.20000038147118174,0.7084898352622986,0.6949152542372882,center_proxy_gt_axes_angle,,,left_only
263844,4764,test,45,right,session_1_0_1,101,saccade_fixation,1658817945677256,4863,171.13360739979444,127.23843782117164,37.178722714492814,33.4041332523797,62.70148642475101,116.51728336825693,Fixation,263780,64,1,31.280000686645508,31.0,31.0,31.0,0.2800006866455078,0.5940418839454651,0.7454545454545455,center_proxy_gt_axes_angle,,,left_only
263845,4765,test,45,right,session_1_0_1,101,saccade_fixation,1658817945717256,4864,170.56907216494847,126.95773195876288,37.10437980790225,33.3648570579564,62.66220305881053,4.672263165927392,Fixation,263780,65,1,31.1200008392334,30.959999084472656,31.0,31.0,0.1264921920900481,0.569186806678772,0.7454545454545455,center_proxy_gt_axes_angle,,,left_only
263846,4766,test,45,right,session_1_0_1,101,saccade_fixation,1658817945757256,4865,170.453807106599,126.7969543147208,37.053520625004815,33.91107639200849,62.87583643351232,17.80388329671014,Fixation,263780,66,1,31.1200008392334,30.8799991607666,33.0,31.0,1.8838251102211814,0.4940751791000366,0.7454545454545455,center_proxy_gt_axes_angle,,,left_only
263847,4767,test,45,right,session_1_0_1,101,saccade_fixation,1658817945797256,4866,170.20385395537525,126.82961460446248,36.95047895494905,34.06626470184971,61.523404970665226,15.814924148767435,Fixation,263780,67,1,31.1200008392334,30.799999237060547,31.0,31.0,0.2332391617912465,0.4702182412147522,1.0,center_proxy_gt_axes_angle,,,left_only
263848,4768,test,45,right,session_1_0_1,101,saccade_fixation,1658817945837256,4867,169.96996245306633,129.83854818523153,34.394545251838345,29.84956901039105,9.16630700287206,2.7754175249736104,Fixation,263780,68,1,30.8799991607666,31.559999465942383,29.0,32.0,1.9308022463354746,0.44907841086387634,0.4626865671641791,center_proxy_gt_axes_angle,,,left_only
263849,4769,test,45,right,session_1_0_1,101,saccade_fixation,1658817945997256,4871,169.49507389162562,131.2536945812808,28.078558335496936,18.52977538520524,1.553279839117124,8.870415856482607,Fixation,263780,69,1,31.0,32.0,29.0,34.0,2.8284271247461903,0.49913549423217773,0.2765957446808511,center_proxy_gt_axes_angle,,,left_only
263850,4770,test,45,right,session_1_0_1,101,saccade_fixation,1658817946037256,4872,169.6766917293233,126.79849624060152,34.49234968838725,24.733969248011164,5.952544493241561,22.91495040436053,Fixation,263780,70,1,31.0,30.959999084472656,29.0,31.0,2.000399978315093,0.5738471746444702,0.45098039215686275,center_proxy_gt_axes_angle,,,left_only
263851,4771,test,45,right,session_1_0_1,101,saccade_fixation,1658817946077256,4873,169.56234413965086,124.43017456359102,34.66018938375994,29.60197138129527,16.14096373764818,51.27191404888927,Fixation,263780,71,1,31.1200008392334,30.360000610351562,29.0,32.0,2.680298781180479,0.4704665541648865,0.46875,center_proxy_gt_axes_angle,,,left_only
263852,4772,test,45,right,session_1_0_1,101,saccade_fixation,1658817946117256,4874,169.77537058152794,123.42531356898516,34.33801130516343,32.62327477114737,49.09060531449326,23.06930230689104,Fixation,263780,72,1,30.8799991607666,29.8799991607666,30.0,32.0,2.295387131030458,0.43248987197875977,0.5,center_proxy_gt_axes_angle,,,left_only
263853,4773,test,45,right,session_1_0_1,101,saccade_fixation,1658817946157256,4875,169.86423841059602,123.05849889624724,35.02698920300651,33.08736343568741,71.2780208064259,7.499541293770699,Fixation,263780,73,1,30.8799991607666,29.8799991607666,28.0,30.0,2.882498112303467,0.43779370188713074,0.4084507042253521,center_proxy_gt_axes_angle,,,left_only
263854,4774,test,45,right,session_1_0_1,101,saccade_fixation,1658817946197256,4876,169.79135135135135,123.1091891891892,35.25146016047898,33.51575197322364,73.2125855474752,3.510223888792624,Fixation,263780,74,1,30.8799991607666,29.8799991607666,28.0,30.0,2.882498112303467,0.47018274664878845,0.38235294117647056,center_proxy_gt_axes_angle,,,left_only
263855,4775,test,45,right,session_1_0_1,101,saccade_fixation,1658817946237256,4877,169.3145589798087,123.25611052072264,35.9252766696857,33.458590001404936,73.27465505418272,4.080515857020091,Fixation,263780,75,1,30.760000228881836,30.0,28.0,31.0,2.935575116297961,0.48714590072631836,0.38235294117647056,center_proxy_gt_axes_angle,,,left_only
263856,4776,test,45,right,session_1_0_1,101,saccade_fixation,1658817946277256,4878,169.21684210526317,123.36631578947367,35.838532146814686,33.86078736593345,75.02128985831054,4.513803935917999,Fixation,263780,76,1,30.760000228881836,30.0,28.0,31.0,2.935575116297961,0.4779416024684906,0.4,center_proxy_gt_axes_angle,,,left_only
263857,4777,test,45,right,session_1_0_1,101,saccade_fixation,1658817946317257,4879,169.2683937823834,123.32538860103628,36.05678509879485,34.19505893285453,65.97103395387153,2.3911359147992988,Fixation,263780,77,1,30.760000228881836,29.959999084472656,28.0,31.0,2.9494411619365284,0.4642006754875183,0.4166666666666667,center_proxy_gt_axes_angle,,,left_only
263858,4778,test,45,right,session_1_0_1,101,saccade_fixation,1658817946357257,4880,169.11530612244897,123.36326530612244,36.43709131719464,34.34408685940922,65.4819853846421,1.1073874683734857,Fixation,263780,78,1,30.760000228881836,29.959999084472656,27.0,31.0,3.9011797735414824,0.4636548161506653,0.3076923076923077,center_proxy_gt_axes_angle,,,left_only
263859,4779,test,45,right,session_1_0_1,101,saccade_fixation,1658817946397257,4881,168.96978851963746,123.42195367573012,36.62847390270834,34.60435472408236,66.12715643634407,1.7521704176568162,Fixation,263780,79,1,30.760000228881836,29.959999084472656,27.0,31.0,3.9011797735414824,0.4523721933364868,0.3076923076923077,center_proxy_gt_axes_angle,,,left_only
263860,4780,test,45,right,session_1_0_1,101,saccade_fixation,1658817946437257,4882,169.04895104895104,123.30969030969032,36.82475528369184,34.69471387639764,67.92031091971299,8.348459057975768,Fixation,263780,80,1,30.760000228881836,29.959999084472656,27.0,31.0,3.9011797735414824,0.445712149143219,0.2987012987012987,center_proxy_gt_axes_angle,,,left_only
263861,4781,test,45,right,session_1_0_1,101,saccade_fixation,1658817946477257,4883,168.9970472440945,123.25492125984252,36.938773170390576,35.106571914032614,73.5638904323291,10.255243234718527,Fixation,263780,81,1,30.639999389648438,29.84000015258789,28.0,31.0,2.883608229864147,0.46230119466781616,0.38235294117647056,center_proxy_gt_axes_angle,,,left_only
263862,4782,test,45,right,session_1_0_1,101,saccade_fixation,1658817946517257,4884,170.3320079522863,123.9145129224652,36.71233103852085,34.96027421035881,64.40089083802548,10.26741736220269,Fixation,263780,82,1,31.0,30.040000915527344,29.0,32.0,2.8002850589062627,0.5615444779396057,0.391304347826087,center_proxy_gt_axes_angle,,,left_only
263863,4783,test,45,right,session_1_0_1,101,saccade_fixation,1658817946557257,4885,170.42011834319527,124.18934911242604,37.04382619746372,34.90751803417643,72.09863797091496,10.805381288301566,Fixation,263780,83,1,31.079999923706055,30.31999969482422,30.0,32.0,1.99719825270197,0.5622276067733765,0.5161290322580645,center_proxy_gt_axes_angle,,,left_only
263864,4784,test,45,right,session_1_0_1,101,saccade_fixation,1658817946597257,4886,170.38369781312127,124.26739562624256,36.85217040690867,34.822704212578365,69.22778668853684,5.19825563366074,Fixation,263780,84,1,30.959999084472656,30.200000762939453,30.0,32.0,2.039998895981782,0.5352952480316162,0.5384615384615384,center_proxy_gt_axes_angle,,,left_only
263865,4785,test,45,right,session_1_0_1,101,saccade_fixation,1658817946637257,4887,170.287,124.406,36.793437354672896,34.68024924402592,72.21562895557432,3.7274297053406817,Fixation,263780,85,1,31.079999923706055,30.31999969482422,30.0,32.0,1.99719825270197,0.5520111322402954,0.6206896551724138,center_proxy_gt_axes_angle,,,left_only
263866,4786,test,45,right,session_1_0_1,101,saccade_fixation,1658817946677257,4888,170.0421263791374,124.69408224674022,37.07885981210014,34.37899414937854,67.38165472407104,1.5840182428072818,Fixation,263780,86,1,30.84000015258789,30.280000686645508,30.0,32.0,1.9141572282045183,0.541796088218689,0.6451612903225806,center_proxy_gt_axes_angle,,,left_only
263867,4787,test,45,right,session_1_0_1,101,saccade_fixation,1658817946717257,4889,170.22030456852792,124.751269035533,36.74466097952751,34.26297995275803,66.50812055135766,0.7270181359721843,Fixation,263780,87,1,30.959999084472656,30.520000457763672,30.0,32.0,1.764085283428236,0.5419586896896362,0.6451612903225806,center_proxy_gt_axes_angle,,,left_only
263868,4788,test,45,right,session_1_0_1,101,saccade_fixation,1658817946757257,4890,170.3279515640767,124.51463168516648,36.51013063566951,34.63470208228229,69.83031580348252,1.2534631251175608,Fixation,263780,88,1,30.959999084472656,30.399999618530273,30.0,32.0,1.8659044624234138,0.5442814826965332,0.5384615384615384,center_proxy_gt_axes_angle,,,left_only
263869,4789,test,45,right,session_1_0_1,101,saccade_fixation,1658817946797257,4891,170.2834008097166,124.52226720647774,36.51595729851243,34.53256941999963,70.24733427216583,0.3644422234631326,Fixation,263780,89,1,30.959999084472656,30.399999618530273,30.0,32.0,1.8659044624234138,0.5387832522392273,0.639344262295082,center_proxy_gt_axes_angle,,,left_only
263870,4790,test,45,right,session_1_0_1,101,saccade_fixation,1658817946837257,4892,170.23697650663942,124.74157303370788,36.74605668127359,34.070606185708215,65.81227291927445,2.542063442902009,Fixation,263780,90,1,30.959999084472656,30.399999618530273,30.0,32.0,1.8659044624234138,0.5324232578277588,0.6451612903225806,center_proxy_gt_axes_angle,,,left_only
263871,4791,test,45,right,session_1_0_1,101,saccade_fixation,1658817946877257,4893,170.27766393442624,124.7407786885246,36.84889526146448,33.87219568709447,65.49680776486723,2.8352293156622643,Fixation,263780,91,1,31.1200008392334,30.31999969482422,30.0,32.0,2.0191094337044326,0.5234950184822083,0.6451612903225806,center_proxy_gt_axes_angle,,,left_only
263872,4792,test,45,right,session_1_0_1,101,saccade_fixation,1658817946917257,4894,170.11088504577822,124.8585961342828,36.755430418363815,34.20114067917258,69.92170601389024,1.0779514528290828,Fixation,263780,92,1,30.920000076293945,30.280000686645508,30.0,32.0,1.9505890849486445,0.5159378051757812,0.639344262295082,center_proxy_gt_axes_angle,,,left_only
263873,4793,test,45,right,session_1_0_1,101,saccade_fixation,1658817946957257,4895,170.1551724137931,124.9574036511156,36.8189967192272,34.23584727129202,69.9851912795372,2.0677819074468853,Fixation,263780,93,1,31.0,30.440000534057617,31.0,32.0,1.5599994659423828,0.49689143896102905,0.6949152542372882,center_proxy_gt_axes_angle,,,left_only
263874,4794,test,45,right,session_1_0_1,101,saccade_fixation,1658817946997257,4896,170.1765893037336,124.90312815338042,36.84639941683653,34.34940250176129,67.880278000483,35.28575234513534,Fixation,263780,94,1,30.959999084472656,30.520000457763672,30.0,32.0,1.764085283428236,0.4698001444339752,0.639344262295082,center_proxy_gt_axes_angle,,,left_only
263875,4795,test,45,right,session_1_0_1,101,saccade_fixation,1658817947037257,4897,170.08980827447024,125.01311806256308,36.83734915197524,34.35230314154596,65.58728709799762,122.87796108927198,Fixation,263780,95,1,30.84000015258789,30.399999618530273,28.0,32.0,3.259693557284567,0.46111246943473816,0.4166666666666667,center_proxy_gt_axes_angle,,,left_only
263876,4796,test,45,right,session_1_0_1,101,saccade_fixation,1658817947077257,4898,174.07996051332674,128.8736426456071,38.46754428493544,33.62543889152922,63.245130857193445,128.03375768940154,Fixation,263780,96,1,31.799999237060547,31.360000610351562,32.0,32.0,0.6705218295676404,0.6337480545043945,1.0,center_proxy_gt_axes_angle,,,left_only
263877,4797,test,45,right,session_1_0_1,101,saccade_fixation,1658817947117257,4899,183.53626149131767,139.36159346271705,37.40360344153954,33.42054759086913,80.30885781532878,125.76640033823632,Fixation,263780,97,1,33.63999938964844,33.880001068115234,33.0,34.0,0.6511520271056961,0.583771824836731,0.75,center_proxy_gt_axes_angle,,,left_only
263878,4798,test,45,right,session_1_0_1,101,saccade_fixation,1658817947157257,4900,183.7553299492386,140.24162436548224,37.365034659850174,33.65764964295631,88.00050367723203,97.8295315899498,Fixation,263780,98,1,33.599998474121094,34.279998779296875,25.0,34.0,8.604555367437232,0.469722718000412,0.0,center_proxy_gt_axes_angle,,,left_only
263879,4799,test,45,right,session_1_0_1,101,saccade_fixation,1658817947197257,4901,183.62462760675277,139.90367428003972,38.281103694153394,33.55091063850173,-85.78258847230816,26.655601496016228,Fixation,263780,99,1,33.599998474121094,34.279998779296875,44.0,43.0,13.57197307053575,0.4116078019142151,0.0,center_proxy_gt_axes_angle,,,left_only
266713,2788,test,45,right,session_1_0_2,102,smooth,1658818087157369,2819,108.753937007874,132.08169291338584,38.20917027983115,34.180270061688766,-55.06192451198703,2.461590333882431,Smooth,266625,88,1,19.719999313354492,32.08000183105469,25.0,33.0,5.359552582244134,0.4379507303237915,0.18867924528301888,center_proxy_gt_axes_angle,,,left_only
266714,2789,test,45,right,session_1_0_2,102,smooth,1658818087197369,2820,108.73425196850394,132.21948818897638,38.13246027542829,34.27492706853203,-55.79755015101533,2.619613215210745,Smooth,266625,89,1,19.600000381469727,32.2400016784668,25.0,33.0,5.453218621040274,0.4482775330543518,0.19626168224299065,center_proxy_gt_axes_angle,,,left_only
266715,2790,test,45,right,session_1_0_2,102,smooth,1658818087237369,2821,108.8718689788054,132.40944123314063,38.36924802479983,34.743657652200994,-51.50781057052836,2.6804883143758724,Smooth,266625,90,1,19.719999313354492,32.279998779296875,24.0,33.0,4.340139126283858,0.40411967039108276,0.2553191489361702,center_proxy_gt_axes_angle,,,left_only
266716,2791,test,45,right,session_1_0_2,102,smooth,1658818087277369,2822,108.93140096618356,132.47729468599033,38.264293843454105,34.73432478687995,-50.91996580085242,6.382277543193247,Smooth,266625,91,1,19.719999313354492,32.279998779296875,24.0,33.0,4.340139126283858,0.4198366403579712,0.2871287128712871,center_proxy_gt_axes_angle,,,left_only
266717,2792,test,45,right,session_1_0_2,102,smooth,1658818087317369,2823,108.95164410058028,132.4622823984526,38.4894670743277,34.57229376801209,-50.62685620508611,8.850160256374618,Smooth,266625,92,1,19.719999313354492,32.279998779296875,24.0,33.0,4.340139126283858,0.4070751667022705,0.2871287128712871,center_proxy_gt_axes_angle,,,left_only
266718,2793,test,45,right,session_1_0_2,102,smooth,1658818087357370,2824,108.25389105058366,133.12062256809338,38.68415428317218,34.08891522256244,-44.74440660715632,9.04937619431812,Smooth,266625,93,1,19.559999465942383,32.400001525878906,24.0,35.0,5.145249926666725,0.40907639265060425,0.23232323232323232,center_proxy_gt_axes_angle,,,left_only
266719,2794,test,45,right,session_1_0_2,102,smooth,1658818087397370,2825,107.76746411483252,133.2956937799043,38.897680405842856,34.4440760266927,-43.17937206877394,9.495748952681293,Smooth,266625,94,1,19.600000381469727,32.47999954223633,25.0,37.0,7.042045158780999,0.49073702096939087,0.08928571428571429,center_proxy_gt_axes_angle,,,left_only
266720,2795,test,45,right,session_1_0_2,102,smooth,1658818087437370,2826,107.76318312559924,133.3326941514861,39.0802035597423,34.22908543495005,-43.720643294872616,3.856603574996533,Smooth,266625,95,1,19.600000381469727,32.47999954223633,25.0,38.0,7.722072321199682,0.4713735580444336,0.05172413793103448,center_proxy_gt_axes_angle,,,left_only
266721,2796,test,45,right,session_1_0_2,102,smooth,1658818087477370,2827,107.71085494716618,133.33909702209414,38.839021523134825,34.37857009685395,-42.02492648482371,0.4118936262212226,Smooth,266625,96,1,19.600000381469727,32.47999954223633,25.0,37.0,7.042045158780999,0.46754372119903564,0.08928571428571429,center_proxy_gt_axes_angle,,,left_only
266722,2797,test,45,right,session_1_0_2,102,smooth,1658818087517370,2828,107.69685414680649,133.3860819828408,39.11369635057782,34.41581596502543,-42.89707637761524,0.6056448994434868,Smooth,266625,97,1,19.520000457763672,32.52000045776367,25.0,37.0,7.078191215370497,0.46972978115081787,0.08928571428571429,center_proxy_gt_axes_angle,,,left_only
266723,2798,test,45,right,session_1_0_2,102,smooth,1658818087557370,2829,107.7882797731569,133.35822306238185,39.347918129758746,34.51050176543528,-41.85875396637098,0.5070301070008031,Smooth,266625,98,1,19.600000381469727,32.47999954223633,25.0,35.0,5.9590601765090625,0.43765974044799805,0.1509433962264151,center_proxy_gt_axes_angle,,,left_only
266724,2799,test,45,right,session_1_0_2,102,smooth,1658818087597370,2830,107.66635338345864,133.33646616541353,39.54985653223442,34.558306178579585,-41.0947113356502,0.4610746917643715,Smooth,266625,99,1,19.520000457763672,32.47999954223633,23.0,41.0,9.203304005315603,0.35870546102523804,0.008,center_proxy_gt_axes_angle,,,left_only
271541,4798,test,45,right,session_2_0_1,201,saccade_fixation,1658818310757549,4870,151.2890094979647,126.45318860244234,31.63708241881014,29.71338076819944,48.62042687127675,1.096873984464859,Fixation,271443,98,1,27.600000381469727,30.68000030517578,26.0,31.0,1.6316865585616815,0.587469220161438,0.5254237288135594,center_proxy_gt_axes_angle,,,left_only
271542,4799,test,45,right,session_2_0_1,201,saccade_fixation,1658818310797549,4871,151.31335149863762,126.50408719346048,31.51909700821725,29.699581616129564,47.10739684273608,3.346571080109028,Fixation,271443,99,1,27.600000381469727,30.68000030517578,26.0,40.0,9.456341551161675,0.5335016250610352,0.0,center_proxy_gt_axes_angle,,,left_only
286935,4826,test,46,left,session_2_0_1,201,saccade_fixation,1658478698917155,4916,114.21834061135372,132.19941775836972,35.00328845469057,25.06172030672285,-82.28024734535215,17.955230995024586,Fixation,286909,26,1,20.799999237060547,31.920000076293945,26.0,31.0,5.280758285980505,0.5181877017021179,0.05714285714285714,center_proxy_gt_axes_angle,,,left_only
286936,4827,test,46,left,session_2_0_1,201,saccade_fixation,1658478698957155,4917,114.24782608695652,132.22898550724636,35.025229794692365,25.15119595985978,-82.21223245585118,1.690717973309756,Fixation,286909,27,1,20.799999237060547,31.920000076293945,26.0,30.0,5.543140646559462,0.5069571733474731,0.027777777777777776,center_proxy_gt_axes_angle,,,left_only
286937,4828,test,46,left,session_2_0_1,201,saccade_fixation,1658478698997155,4918,114.26162790697674,132.2543604651163,34.97429406806186,25.11913026948505,-82.26622515380275,2.458207746790823,Fixation,286909,28,1,20.799999237060547,31.920000076293945,26.0,30.0,5.543140646559462,0.4598638117313385,0.027777777777777776,center_proxy_gt_axes_angle,,,left_only
286938,4829,test,46,left,session_2_0_1,201,saccade_fixation,1658478699037155,4919,114.32848837209302,132.41424418604652,34.56311410507959,25.40761705937048,-81.58821661310955,50.436497125769954,Fixation,286909,29,1,20.920000076293945,32.119998931884766,26.0,29.0,5.961609896648354,0.39913615584373474,0.0,center_proxy_gt_axes_angle,,,left_only
286939,4830,test,46,left,session_2_0_1,201,saccade_fixation,1658478699077155,4920,114.37192474674384,132.561505065123,34.62073100019829,25.47208871268469,-82.05003213774233,117.56020489888824,Fixation,286909,30,1,20.920000076293945,32.119998931884766,26.0,29.0,5.961609896648354,0.3998908996582031,0.0,center_proxy_gt_axes_angle,,,left_only
286940,4831,test,46,left,session_2_0_1,201,saccade_fixation,1658478699117155,4921,114.67588325652842,124.1705069124424,34.367820458711385,24.217530894545977,-72.80777734441322,121.87363005175946,Fixation,286909,31,1,20.760000228881836,30.0,28.0,31.0,7.308734273852831,0.5120659470558167,0.0,center_proxy_gt_axes_angle,,,left_only
286941,4832,test,46,left,session_2_0_1,201,saccade_fixation,1658478699157155,4922,113.8353982300885,113.4495575221239,33.167134752878425,21.811535193547915,-60.90118296162002,121.06848587533987,Fixation,286909,32,1,20.559999465942383,27.520000457763672,27.0,30.0,6.901014752060366,0.5019677877426147,0.023809523809523808,center_proxy_gt_axes_angle,,,left_only
286942,4833,test,46,left,session_2_0_1,201,saccade_fixation,1658478699197155,4923,113.12629757785469,112.9515570934256,33.514624443349106,21.99700405026932,-62.69579528877435,69.66161191508014,Fixation,286909,33,1,20.479999542236328,27.520000457763672,27.0,29.0,6.685866033226977,0.5095539689064026,0.03614457831325301,center_proxy_gt_axes_angle,,,left_only
286943,4834,test,46,left,session_2_0_1,201,saccade_fixation,1658478699237155,4924,112.92894280762565,113.24436741767764,33.60786572777511,21.92310292738637,-61.640432846384826,6.085272095786244,Fixation,286909,34,1,20.520000457763672,27.479999542236328,29.0,30.0,8.846513129106713,0.4378786087036133,0.0,center_proxy_gt_axes_angle,,,left_only
286944,4835,test,46,left,session_2_0_1,201,saccade_fixation,1658478699277156,4925,112.9217391304348,113.16347826086955,33.41440135413527,21.97553998358388,-61.152966432212125,54.62795137857332,Fixation,286909,35,1,20.520000457763672,27.479999542236328,32.0,30.0,11.753331093646405,0.3566631078720093,0.0,center_proxy_gt_axes_angle,,,left_only
286945,4836,test,46,left,session_2_0_1,201,saccade_fixation,1658478699317156,4926,112.86212914485166,113.42233856893544,33.294994168979244,21.963458605118717,-61.583014433458686,105.34918987148046,Fixation,286909,36,1,20.520000457763672,27.479999542236328,27.0,29.0,6.6558842732566195,0.4696279764175415,0.03614457831325301,center_proxy_gt_axes_angle,,,left_only
286946,4837,test,46,left,session_2_0_1,201,saccade_fixation,1658478699357156,4927,117.30530973451329,120.6283185840708,34.39181243833388,25.213717456159976,-66.74178335272943,196.9943679440916,Fixation,286909,37,1,21.360000610351562,29.399999618530273,21.0,30.0,0.6997148685123926,0.6371837854385376,0.6818181818181818,center_proxy_gt_axes_angle,,,left_only
286947,4838,test,46,left,session_2_0_1,201,saccade_fixation,1658478699397156,4928,126.94033722438392,122.6147859922179,34.60119064936164,28.40205289308653,-65.98369522261332,293.7672565054752,Fixation,286909,38,1,23.0,29.959999084472656,24.0,31.0,1.4427757636922354,0.6496701240539551,0.6086956521739131,center_proxy_gt_axes_angle,,,left_only
286948,4839,test,46,left,session_2_0_1,201,saccade_fixation,1658478699437156,4929,143.79262086513995,119.52290076335878,32.69652787575705,30.642174631340623,-47.895151704710514,344.5676638970788,Fixation,286909,39,1,26.239999771118164,29.040000915527344,26.0,30.0,0.9895444064442531,0.6787824630737305,0.5517241379310345,center_proxy_gt_axes_angle,,,left_only
286949,4840,test,46,left,session_2_0_1,201,saccade_fixation,1658478699477156,4930,159.43354838709678,119.77548387096776,31.98484891212287,30.899869652527265,38.60697929400851,309.9285813473488,Fixation,286909,40,1,29.040000915527344,29.079999923706055,29.0,30.0,0.9208692706480605,0.714698076248169,0.7307692307692307,center_proxy_gt_axes_angle,,,left_only
286950,4841,test,46,left,session_2_0_1,201,saccade_fixation,1658478699517156,4931,172.4258064516129,121.69548387096776,33.308071347899244,29.693563675820982,59.98668362117509,206.2474165063266,Fixation,286909,41,1,31.479999542236328,29.559999465942383,31.0,30.0,0.6511528472778668,0.6835750937461853,0.7407407407407407,center_proxy_gt_axes_angle,,,left_only
286951,4842,test,46,left,session_2_0_1,201,saccade_fixation,1658478699557156,4932,176.5261780104712,122.09424083769632,33.392108501655386,29.194014174564924,60.1313819700576,108.62145224202864,Fixation,286909,42,1,32.119998931884766,29.68000030517578,32.0,30.0,0.34175948902858244,0.6516972780227661,0.7407407407407407,center_proxy_gt_axes_angle,,,left_only
286952,4843,test,46,left,session_2_0_1,201,saccade_fixation,1658478699597156,4933,176.7036082474227,121.93943298969072,33.93978380293112,29.176462906395777,63.81410156514124,26.60694241343609,Fixation,286909,43,1,32.119998931884766,29.68000030517578,32.0,29.0,0.690507174975496,0.5247020721435547,0.5737704918032787,center_proxy_gt_axes_angle,,,left_only
286953,4844,test,46,left,session_2_0_1,201,saccade_fixation,1658478699637156,4934,176.7,121.75394736842104,33.278618449023305,29.13848313748821,64.30429514657412,2.656059735338947,Fixation,286909,44,1,32.119998931884766,29.68000030517578,33.0,28.0,1.896523900528193,0.39860999584198,0.45454545454545453,center_proxy_gt_axes_angle,,,left_only
286954,4845,test,46,left,session_2_0_1,201,saccade_fixation,1658478699677156,4935,176.6823056300268,121.62332439678283,33.04397184992831,28.782193282792143,68.83938540362355,0.8901705138939756,Fixation,286909,45,1,32.119998931884766,29.68000030517578,33.0,27.0,2.8207806571277807,0.4030154049396515,0.3157894736842105,center_proxy_gt_axes_angle,,,left_only
286955,4846,test,46,left,session_2_0_1,201,saccade_fixation,1658478699717156,4936,176.7068493150685,121.7095890410959,32.7626316143889,28.408865487829427,64.12040359772743,0.3046967594578439,Fixation,286909,46,1,32.279998779296875,29.559999465942383,34.0,26.0,3.9537324639801175,0.3895820379257202,0.15625,center_proxy_gt_axes_angle,,,left_only
286956,4847,test,46,left,session_2_0_1,201,saccade_fixation,1658478699757156,4937,176.65749656121045,121.80467675378269,32.61135803360828,28.4391457444882,60.44135931079415,1.0739130473182894,Fixation,286909,47,1,32.279998779296875,29.559999465942383,34.0,27.0,3.0841532816715715,0.30866682529449463,0.3055555555555556,center_proxy_gt_axes_angle,,,left_only
286957,4848,test,46,left,session_2_0_1,201,saccade_fixation,1658478699797156,4938,176.73177441540577,121.79092159559836,32.53751374427443,28.50157872066494,61.96971817349519,1.909292708228215,Fixation,286909,48,1,32.279998779296875,29.559999465942383,33.0,28.0,1.7181385542366803,0.2311798632144928,0.45454545454545453,center_proxy_gt_axes_angle,,,left_only
286958,4849,test,46,left,session_2_0_1,201,saccade_fixation,1658478699837156,4939,176.61255115961802,121.78035470668486,32.57828772055846,28.7187962277881,59.0463744179597,2.1215105442619238,Fixation,286909,49,1,32.279998779296875,29.559999465942383,45.0,27.0,12.97505407774142,0.21340151131153107,0.0,center_proxy_gt_axes_angle,,,left_only
286959,4850,test,46,left,session_2_0_1,201,saccade_fixation,1658478699877156,4940,176.41447368421052,121.62105263157896,33.16538502758611,29.26180289298911,63.19214541401481,64.03560622962281,Fixation,286909,50,1,32.119998931884766,29.68000030517578,45.0,31.0,12.947464103405949,0.26045823097229004,0.0,center_proxy_gt_axes_angle,,,left_only
286960,4851,test,46,left,session_2_0_1,201,saccade_fixation,1658478699917156,4941,176.3953185955787,121.5890767230169,33.24691299470453,29.515987981009214,63.18639467052276,71.59747024539591,Fixation,286909,51,1,32.119998931884766,29.68000030517578,45.0,31.0,12.947464103405949,0.3760782480239868,0.0,center_proxy_gt_axes_angle,,,left_only
286961,4852,test,46,left,session_2_0_1,201,saccade_fixation,1658478699957156,4942,167.7091346153846,126.6454326923077,34.11034592049968,31.15939075720014,64.83935698118297,70.22620096985807,Fixation,286909,52,1,30.479999542236328,30.920000076293945,31.0,31.0,0.5261182983582712,0.6925941705703735,1.0,center_proxy_gt_axes_angle,,,left_only
286962,4853,test,46,left,session_2_0_1,201,saccade_fixation,1658478699997156,4943,166.81563593932322,127.7176196032672,34.376309658247145,31.80104007158257,69.44996739098268,69.47510959749336,Fixation,286909,53,1,30.639999389648438,31.1200008392334,32.0,33.0,2.3203444797356596,0.42729222774505615,0.42857142857142855,center_proxy_gt_axes_angle,,,left_only
286963,4854,test,46,left,session_2_0_1,201,saccade_fixation,1658478700037156,4944,167.03550973654066,127.80870561282931,34.85177094315052,31.94807759256569,67.96953092809832,7.123665002234178,Fixation,286909,54,1,30.639999389648438,31.1200008392334,27.0,32.0,3.744862357896605,0.49772408604621887,0.2987012987012987,center_proxy_gt_axes_angle,,,left_only
286964,4855,test,46,left,session_2_0_1,201,saccade_fixation,1658478700077156,4945,167.05842696629213,127.62134831460672,35.30202438215105,32.160454382183964,68.29576521914291,2.872771456319713,Fixation,286909,55,1,30.479999542236328,31.0,27.0,32.0,3.6208281944832805,0.4272737503051758,0.2987012987012987,center_proxy_gt_axes_angle,,,left_only
286965,4856,test,46,left,session_2_0_1,201,saccade_fixation,1658478700117156,4946,167.13111111111112,127.62777777777778,35.29170648839467,32.52819732229624,67.92261182775464,2.2625407791960988,Fixation,286909,56,1,30.479999542236328,31.0,27.0,32.0,3.6208281944832805,0.40511947870254517,0.2987012987012987,center_proxy_gt_axes_angle,,,left_only
286966,4857,test,46,left,session_2_0_1,201,saccade_fixation,1658478700157156,4947,167.25494505494507,127.58241758241758,35.51109478615802,32.68407376231956,70.73010655005304,1.5667504603272735,Fixation,286909,57,1,30.639999389648438,31.1200008392334,34.0,32.0,3.4733273131844045,0.37381643056869507,0.3333333333333333,center_proxy_gt_axes_angle,,,left_only
286967,4858,test,46,left,session_2_0_1,201,saccade_fixation,1658478700197156,4948,167.29308452250274,127.55433589462127,35.533278500738625,32.70618399064164,72.88781152603573,1.0870486596248028,Fixation,286909,58,1,30.520000457763672,30.959999084472656,34.0,32.0,3.6320791178418412,0.4500325322151184,0.34285714285714286,center_proxy_gt_axes_angle,,,left_only
286968,4859,test,46,left,session_2_0_1,201,saccade_fixation,1658478700237156,4949,167.264192139738,127.47816593886463,35.72123823749028,32.71505563056218,73.08702936892719,1.168735246661909,Fixation,286909,59,1,30.520000457763672,30.959999084472656,34.0,31.0,3.480229430254287,0.4407752454280853,0.38235294117647056,center_proxy_gt_axes_angle,,,left_only
286969,4860,test,46,left,session_2_0_1,201,saccade_fixation,1658478700277156,4950,167.1804347826087,127.79456521739132,35.93813826647954,32.642492494263855,74.22980219050204,38.6593965100368,Fixation,286909,60,1,30.479999542236328,31.0,34.0,30.0,3.6592899888716746,0.4317319393157959,0.38235294117647056,center_proxy_gt_axes_angle,,,left_only
286970,4861,test,46,left,session_2_0_1,201,saccade_fixation,1658478700317156,4951,167.1044133476857,127.47147470398278,35.74650675802236,33.1367947140231,73.30389690112486,73.22524249595008,Fixation,286909,61,1,30.479999542236328,31.0,34.0,29.0,4.048506295247231,0.45233669877052307,0.3055555555555556,center_proxy_gt_axes_angle,,,left_only
286971,4862,test,46,left,session_2_0_1,201,saccade_fixation,1658478700357156,4952,161.1656378600823,126.70884773662551,35.95538284791874,34.471905589082,38.17546588508117,75.0649220143468,Fixation,286909,62,1,29.520000457763672,30.760000228881836,30.0,31.0,0.5366558028046056,0.6940064430236816,1.0,center_proxy_gt_axes_angle,,,left_only
286972,4863,test,46,left,session_2_0_1,201,saccade_fixation,1658478700397156,4953,155.61752136752136,126.2051282051282,36.03540650326429,33.1220180094678,87.98374470741719,73.80311651715348,Fixation,286909,63,1,28.479999542236328,30.520000457763672,28.0,32.0,1.5558914504446721,0.6381347179412842,0.6451612903225806,center_proxy_gt_axes_angle,,,left_only
286973,4864,test,46,left,session_2_0_1,201,saccade_fixation,1658478700437156,4954,155.27648305084745,126.19915254237289,36.01961424206957,33.431451051991374,88.17257929403287,36.80564268517975,Fixation,286909,64,1,28.479999542236328,30.520000457763672,26.0,31.0,2.526024008207262,0.5691413879394531,0.4166666666666667,center_proxy_gt_axes_angle,,,left_only
286974,4865,test,46,left,session_2_0_1,201,saccade_fixation,1658478700477156,4955,155.3649789029536,126.19620253164555,36.133356709461296,33.47478935588118,85.67193459993999,2.3335206605182632,Fixation,286909,65,1,28.360000610351562,30.639999389648438,26.0,31.0,2.3873004252320746,0.5372715592384338,0.4,center_proxy_gt_axes_angle,,,left_only
286975,4866,test,46,left,session_2_0_1,201,saccade_fixation,1658478700517157,4956,155.30914826498423,126.09148264984228,36.18803505742372,33.52776619106198,81.8275387511889,0.2368780525583583,Fixation,286909,66,1,28.479999542236328,30.520000457763672,26.0,32.0,2.8880436933176994,0.5043783187866211,0.391304347826087,center_proxy_gt_axes_angle,,,left_only
286976,4867,test,46,left,session_2_0_1,201,saccade_fixation,1658478700557157,4957,155.2468619246862,126.25,36.368285352762655,33.54994350166431,84.37247621892068,1.1338800397298707,Fixation,286909,67,1,28.479999542236328,30.520000457763672,26.0,32.0,2.8880436933176994,0.48079240322113037,0.391304347826087,center_proxy_gt_axes_angle,,,left_only
286977,4868,test,46,left,session_2_0_1,201,saccade_fixation,1658478700597157,4958,155.24948024948026,126.17255717255718,36.265480048556206,33.84395634312787,82.28106800596156,1.7837789208701829,Fixation,286909,68,1,28.440000534057617,30.520000457763672,27.0,31.0,1.5178936387749002,0.4193205237388611,0.5483870967741935,center_proxy_gt_axes_angle,,,left_only
286978,4869,test,46,left,session_2_0_1,201,saccade_fixation,1658478700637157,4959,155.18426501035196,126.21221532091096,36.288836596548464,33.96651307257654,85.33653382864911,1.70934097389709,Fixation,286909,69,1,28.360000610351562,30.639999389648438,27.0,31.0,1.4068411778200551,0.3424057364463806,0.5555555555555556,center_proxy_gt_axes_angle,,,left_only
286979,4870,test,46,left,session_2_0_1,201,saccade_fixation,1658478700677157,4960,155.0860103626943,126.26943005181349,36.28940969137568,33.92866545122314,82.85052148273925,1.4784250671256027,Fixation,286909,70,1,28.360000610351562,30.799999237060547,28.0,30.0,0.8772680427047109,0.2638402283191681,0.6271186440677966,center_proxy_gt_axes_angle,,,left_only
286980,4871,test,46,left,session_2_0_1,201,saccade_fixation,1658478700717157,4961,154.97745901639345,126.29713114754098,36.27599300155016,34.32356364585493,87.58123863207528,1.5242447099993892,Fixation,286909,71,1,28.31999969482422,30.799999237060547,28.0,29.0,1.828222376546722,0.2413577288389206,0.45714285714285713,center_proxy_gt_axes_angle,,,left_only
286981,4872,test,46,left,session_2_0_1,201,saccade_fixation,1658478700757157,4962,155.02459016393442,126.24590163934428,36.20320090743586,34.38914628861101,87.40657393289898,0.9206382996034288,Fixation,286909,72,1,28.360000610351562,30.639999389648438,28.0,28.0,2.6644318750528453,0.2698418200016022,0.2894736842105263,center_proxy_gt_axes_angle,,,left_only
286982,4873,test,46,left,session_2_0_1,201,saccade_fixation,1658478700797157,4963,154.9420731707317,126.24085365853658,36.2282986776875,34.64324660222183,86.20941355912849,2.111460157148309,Fixation,286909,73,1,28.360000610351562,30.639999389648438,28.0,28.0,2.6644318750528453,0.2632017731666565,0.2894736842105263,center_proxy_gt_axes_angle,,,left_only
286983,4874,test,46,left,session_2_0_1,201,saccade_fixation,1658478700837157,4964,154.93908629441626,126.25888324873095,36.278823843991646,34.62944546150811,86.78203043578316,1.7449310038460075,Fixation,286909,74,1,28.360000610351562,30.639999389648438,27.0,31.0,1.4068411778200551,0.24808919429779053,0.5555555555555556,center_proxy_gt_axes_angle,,,left_only
286984,4875,test,46,left,session_2_0_1,201,saccade_fixation,1658478700877157,4965,155.19798994974877,126.04120603015076,36.79841392939855,34.496059830959865,83.56474640496502,2.2846807051765525,Fixation,286909,75,1,28.360000610351562,30.639999389648438,26.0,29.0,2.873882544382598,0.2247280776500702,0.28,center_proxy_gt_axes_angle,,,left_only
286985,4876,test,46,left,session_2_0_1,201,saccade_fixation,1658478700917157,4966,154.88176352705412,126.00601202404808,36.65554926565466,34.729561527460284,82.07773102121664,2.895689121121316,Fixation,286909,76,1,28.200000762939453,30.520000457763672,46.0,29.0,17.86478027379452,0.25774937868118286,0.0,center_proxy_gt_axes_angle,,,left_only
286986,4877,test,46,left,session_2_0_1,201,saccade_fixation,1658478700957157,4967,154.80719280719282,125.9010989010989,36.75873537924358,34.735307385437885,80.83652598598661,1.2234341330518346,Fixation,286909,77,1,28.239999771118164,30.559999465942383,46.0,29.0,17.828382048397533,0.2622688412666321,0.0,center_proxy_gt_axes_angle,,,left_only
286987,4878,test,46,left,session_2_0_1,201,saccade_fixation,1658478700997157,4968,155.08964143426294,125.8207171314741,36.55695283255816,35.04121276016296,-88.292165864877,2.6481635572738944,Fixation,286909,78,1,28.31999969482422,30.600000381469727,46.0,29.0,17.75225089986391,0.28929316997528076,0.0,center_proxy_gt_axes_angle,,,left_only
286988,4879,test,46,left,session_2_0_1,201,saccade_fixation,1658478701037157,4969,155.029,126.14,36.43658804626008,34.98936975064185,82.09632590571009,2.874067407296532,Fixation,286909,79,1,28.200000762939453,30.520000457763672,27.0,29.0,1.9365957819475497,0.31277400255203247,0.37142857142857144,center_proxy_gt_axes_angle,,,left_only
286989,4880,test,46,left,session_2_0_1,201,saccade_fixation,1658478701077157,4970,155.15,126.334,36.327459675919584,35.08656120930687,80.03583447996385,3.3704241970152085,Fixation,286909,80,1,28.360000610351562,30.639999389648438,44.0,29.0,15.725748914002498,0.27327603101730347,0.0,center_proxy_gt_axes_angle,,,left_only
286990,4881,test,46,left,session_2_0_1,201,saccade_fixation,1658478701117157,4971,154.98792756539234,126.32394366197182,36.28579255655374,34.9316368188298,87.463528006853,54.69023604803497,Fixation,286909,81,1,28.200000762939453,30.520000457763672,44.0,30.0,15.80855389867107,0.2426607608795166,0.0,center_proxy_gt_axes_angle,,,left_only
286991,4882,test,46,left,session_2_0_1,201,saccade_fixation,1658478701157157,4972,155.1993987975952,126.34869739478958,36.23189154170503,35.10972069596209,83.80634786157015,69.7743268838959,Fixation,286909,82,1,28.360000610351562,30.639999389648438,27.0,32.0,1.9233313079948668,0.2835269868373871,0.5238095238095238,center_proxy_gt_axes_angle,,,left_only
286992,4883,test,46,left,session_2_0_1,201,saccade_fixation,1658478701197157,4973,163.51669941060905,128.26817288801573,37.11714932110147,35.02027219441888,63.550827716369085,70.45803347111787,Fixation,286909,83,1,29.600000381469727,31.15999984741211,30.0,32.0,0.9303762417280677,0.7003788352012634,1.0,center_proxy_gt_axes_angle,,,left_only
286993,4884,test,46,left,session_2_0_1,201,saccade_fixation,1658478701237157,4974,166.08382642998026,128.5887573964497,37.25670482039889,34.72130891078662,76.69068288646307,66.40604504011776,Fixation,286909,84,1,30.360000610351562,31.360000610351562,30.0,32.0,0.7343021572921259,0.6687586307525635,0.7543859649122807,center_proxy_gt_axes_angle,,,left_only
286994,4885,test,46,left,session_2_0_1,201,saccade_fixation,1658478701277157,4975,166.06126482213438,128.43774703557312,37.28669517597382,34.630735074139764,75.17210933440569,13.3686049393082,Fixation,286909,85,1,30.360000610351562,31.360000610351562,28.0,32.0,2.4452407038183623,0.5667648315429688,0.4,center_proxy_gt_axes_angle,,,left_only
286995,4886,test,46,left,session_2_0_1,201,saccade_fixation,1658478701317157,4976,165.67096134786917,128.14767096134787,37.097131335005926,34.70466035546627,72.22649292042907,4.153095076095842,Fixation,286909,86,1,30.31999969482422,31.200000762939453,28.0,31.0,2.328604493932113,0.5174105763435364,0.34285714285714286,center_proxy_gt_axes_angle,,,left_only
286996,4887,test,46,left,session_2_0_1,201,saccade_fixation,1658478701357157,4977,165.65109343936382,128.12823061630218,37.10373690792392,34.58996476582169,73.4563401448416,2.2963694049219403,Fixation,286909,87,1,30.31999969482422,31.200000762939453,28.0,29.0,3.197249120872292,0.4953845143318176,0.175,center_proxy_gt_axes_angle,,,left_only
286997,4888,test,46,left,session_2_0_1,201,saccade_fixation,1658478701397157,4978,165.90594059405942,127.94851485148514,36.813976971611126,34.976889181575714,67.29814181167158,13.826762966555158,Fixation,286909,88,1,30.360000610351562,31.1200008392334,27.0,28.0,4.585194580209218,0.41315680742263794,0.10869565217391304,center_proxy_gt_axes_angle,,,left_only
286998,4889,test,46,left,session_2_0_1,201,saccade_fixation,1658478701437157,4979,166.0,128.0754716981132,37.01434943126932,34.68616178553576,69.94056959577668,100.05799622537536,Fixation,286909,89,1,30.360000610351562,31.15999984741211,27.0,29.0,3.99439650540394,0.33336541056632996,0.1111111111111111,center_proxy_gt_axes_angle,,,left_only
286999,4890,test,46,left,session_2_0_1,201,saccade_fixation,1658478701477157,4980,163.73115079365078,129.21130952380952,36.64595652323236,35.116085668310994,77.73051851101728,177.5048463397573,Fixation,286909,90,1,29.760000228881836,31.520000457763672,28.0,31.0,1.8352115087200558,0.4594842195510864,0.5,center_proxy_gt_axes_angle,,,left_only
287000,4891,test,46,left,session_2_0_1,201,saccade_fixation,1658478701517157,4981,150.3888354186718,132.96150144369585,37.48025427132427,35.32773082904446,82.36268207115084,229.92119348859256,Fixation,286909,91,1,27.360000610351562,32.279998779296875,28.0,33.0,0.9633280731736009,0.7061958312988281,1.0,center_proxy_gt_axes_angle,,,left_only
287001,4892,test,46,left,session_2_0_1,201,saccade_fixation,1658478701557157,4982,138.09316154608524,133.69772051536174,37.97536069173976,33.88029983416959,-85.63700082182065,217.3820543384064,Fixation,286909,92,1,25.239999771118164,32.47999954223633,26.0,33.0,0.9208696020473645,0.7006649971008301,1.0,center_proxy_gt_axes_angle,,,left_only
287002,4893,test,46,left,session_2_0_1,201,saccade_fixation,1658478701597157,4983,129.65079365079364,133.73650793650793,37.78711634760084,31.870852403766285,-84.57011097915777,132.29268268997671,Fixation,286909,93,1,23.520000457763672,32.52000045776367,24.0,33.0,0.6788218625634925,0.6728460788726807,1.0,center_proxy_gt_axes_angle,,,left_only
287003,4894,test,46,left,session_2_0_1,201,saccade_fixation,1658478701637157,4984,129.24392819429778,133.7233368532207,37.96674342975312,31.79260877182568,-82.59268967472967,56.688497655592194,Fixation,286909,94,1,23.520000457763672,32.52000045776367,26.0,32.0,2.533929400272791,0.6024393439292908,0.5,center_proxy_gt_axes_angle,,,left_only
287004,4895,test,46,left,session_2_0_1,201,saccade_fixation,1658478701677157,4985,129.23076923076923,133.57051282051282,37.786515802582905,31.572460295994983,-82.03466137756826,5.071153482686959,Fixation,286909,95,1,23.520000457763672,32.52000045776367,27.0,31.0,3.79747260761244,0.5168641805648804,0.28,center_proxy_gt_axes_angle,,,left_only
287005,4896,test,46,left,session_2_0_1,201,saccade_fixation,1658478701717157,4986,129.0309829059829,133.31730769230768,37.71932794746881,31.630376132019475,-82.89441482836747,2.722125251465479,Fixation,286909,96,1,23.520000457763672,32.47999954223633,27.0,31.0,3.781639255532552,0.49931222200393677,0.28,center_proxy_gt_axes_angle,,,left_only
287006,4897,test,46,left,session_2_0_1,201,saccade_fixation,1658478701757158,4987,128.991462113127,133.26360725720383,37.74787430653747,31.635057885837888,-83.69104351616832,1.3469811578041893,Fixation,286909,97,1,23.520000457763672,32.47999954223633,27.0,31.0,3.781639255532552,0.46263033151626587,0.28,center_proxy_gt_axes_angle,,,left_only
287007,4898,test,46,left,session_2_0_1,201,saccade_fixation,1658478701797158,4988,128.92454835281617,133.42720510095643,37.954241364630064,31.603565356162168,-83.2154324216354,1.0079405691141814,Fixation,286909,98,1,23.520000457763672,32.52000045776367,27.0,31.0,3.79747260761244,0.488945335149765,0.3263157894736842,center_proxy_gt_axes_angle,,,left_only
287008,4899,test,46,left,session_2_0_1,201,saccade_fixation,1658478701837158,4989,129.02656748140276,133.50159404888416,37.99495345298694,31.56906669492683,-83.09990867775957,2.3462310973149774,Fixation,286909,99,1,23.520000457763672,32.47999954223633,44.0,40.0,21.816983937629097,0.5153453350067139,0.0,center_proxy_gt_axes_angle,,,left_only
294662,4879,test,46,right,session_1_0_1,101,saccade_fixation,1658478334964614,4939,229.7079831932773,119.8046218487395,40.179971771950726,30.218222050515497,69.95339978178112,2.0971922078184284,Fixation,294583,79,1,42.0,29.1200008392334,44.0,32.0,3.5063364308087053,0.516777515411377,0.3473684210526316,center_proxy_gt_axes_angle,,,left_only
294663,4880,test,46,right,session_1_0_1,101,saccade_fixation,1658478335004614,4940,229.64850427350427,119.75641025641026,40.118379537346975,29.756557391906014,69.61649750741603,63.34560437499013,Fixation,294583,80,1,42.040000915527344,29.15999984741211,44.0,32.0,3.4506806977512268,0.502939760684967,0.3473684210526316,center_proxy_gt_axes_angle,,,left_only
294664,4881,test,46,right,session_1_0_1,101,saccade_fixation,1658478335044614,4941,229.63811563169165,119.79229122055676,40.07764962498192,29.725485460338827,69.22044680105692,70.61327921115196,Fixation,294583,81,1,42.0,29.1200008392334,44.0,33.0,4.3651338453190105,0.49195265769958496,0.2621359223300971,center_proxy_gt_axes_angle,,,left_only
294665,4882,test,46,right,session_1_0_1,101,saccade_fixation,1658478335084614,4942,236.58495145631068,127.4757281553398,38.69947373098599,27.159589737603184,84.20213202466276,69.93996196928124,Fixation,294583,82,1,43.36000061035156,31.079999923706055,43.0,31.0,0.3687823575585905,0.6936366558074951,0.6842105263157895,center_proxy_gt_axes_angle,,,left_only
294666,4883,test,46,right,session_1_0_1,101,saccade_fixation,1658478335124614,4943,237.1593341260404,128.29726516052318,38.54751007652106,27.818730562358127,83.4062341764468,70.18896107311558,Fixation,294583,83,1,43.400001525878906,31.31999969482422,44.0,32.0,0.9068619431792231,0.5841717720031738,1.0,center_proxy_gt_axes_angle,,,left_only
294667,4884,test,46,right,session_1_0_1,101,saccade_fixation,1658478335164614,4944,236.92418772563175,128.25872442839952,38.60453627322065,27.43722241896784,83.65649528281017,4.583980732777033,Fixation,294583,84,1,43.400001525878906,31.31999969482422,44.0,32.0,0.9068619431792231,0.565209150314331,1.0,center_proxy_gt_axes_angle,,,left_only
294668,4885,test,46,right,session_1_0_1,101,saccade_fixation,1658478335204614,4945,236.9165659008464,128.3446191051995,38.54849885278094,27.347054557122984,82.91655449633471,0.9448764661685272,Fixation,294583,85,1,43.400001525878906,31.31999969482422,44.0,33.0,1.7839280238670951,0.5307888984680176,0.7454545454545455,center_proxy_gt_axes_angle,,,left_only
294669,4886,test,46,right,session_1_0_1,101,saccade_fixation,1658478335244614,4946,236.86007237635707,128.15560916767188,38.7546246425142,27.277749011677216,83.46015530372286,2.290153440958726,Fixation,294583,86,1,43.400001525878906,31.31999969482422,44.0,33.0,1.7839280238670951,0.48911672830581665,0.7454545454545455,center_proxy_gt_axes_angle,,,left_only
294670,4887,test,46,right,session_1_0_1,101,saccade_fixation,1658478335284614,4947,237.19549763033172,128.1504739336493,38.848187948446125,27.709836282418664,83.16768636165841,2.939245140710122,Fixation,294583,87,1,43.47999954223633,31.31999969482422,44.0,33.0,1.75863626184187,0.4750365614891052,0.7454545454545455,center_proxy_gt_axes_angle,,,left_only
294671,4888,test,46,right,session_1_0_1,101,saccade_fixation,1658478335324615,4948,237.2637889688249,128.12110311750598,38.34527578192952,27.732262558054654,82.79026851913349,2.122660512807108,Fixation,294583,88,1,43.47999954223633,31.31999969482422,44.0,33.0,1.75863626184187,0.4310779273509979,0.7454545454545455,center_proxy_gt_axes_angle,,,left_only
294672,4889,test,46,right,session_1_0_1,101,saccade_fixation,1658478335364615,4949,237.17156286721504,127.94947121034076,38.90180904303543,27.90294956359091,82.3725260184578,0.2232530101130197,Fixation,294583,89,1,43.47999954223633,31.31999969482422,43.0,33.0,1.7472265411038725,0.367527574300766,0.48484848484848486,center_proxy_gt_axes_angle,,,left_only
294673,4890,test,46,right,session_1_0_1,101,saccade_fixation,1658478335404615,4950,237.17936694021105,128.0398593200469,39.02141705774788,27.885145286340265,82.83037820026851,42.97573468696079,Fixation,294583,90,1,43.400001525878906,31.31999969482422,44.0,33.0,1.7839280238670951,0.37779247760772705,0.7454545454545455,center_proxy_gt_axes_angle,,,left_only
294674,4891,test,46,right,session_1_0_1,101,saccade_fixation,1658478335444615,4951,237.1888111888112,128.1153846153846,39.12071207827657,27.963904364202325,82.63385447585651,55.995193224954505,Fixation,294583,91,1,43.52000045776367,31.520000457763672,44.0,33.0,1.5558914504446721,0.5028530359268188,0.7454545454545455,center_proxy_gt_axes_angle,,,left_only
294675,4892,test,46,right,session_1_0_1,101,saccade_fixation,1658478335484615,4952,231.6300102774923,124.17882836587872,40.80568509996879,30.42056815613868,76.33027542183606,55.89803985284279,Fixation,294583,92,1,42.52000045776367,30.1200008392334,43.0,31.0,1.0023961709309386,0.6720118522644043,1.0,center_proxy_gt_axes_angle,,,left_only
294676,4893,test,46,right,session_1_0_1,101,saccade_fixation,1658478335524615,4953,230.45435466946483,122.02098635886674,40.57187028456921,29.96784670386846,73.07277986160454,56.31835179667141,Fixation,294583,93,1,42.20000076293945,29.559999465942383,43.0,32.0,2.5678008850958274,0.6099134087562561,0.5443037974683544,center_proxy_gt_axes_angle,,,left_only
294677,4894,test,46,right,session_1_0_1,101,saccade_fixation,1658478335564615,4954,230.56694560669456,122.01778242677824,40.6672984634384,29.998359958555177,73.53768929598817,15.898522387283158,Fixation,294583,94,1,42.20000076293945,29.559999465942383,43.0,32.0,2.5678008850958274,0.5283764004707336,0.5443037974683544,center_proxy_gt_axes_angle,,,left_only
294678,4895,test,46,right,session_1_0_1,101,saccade_fixation,1658478335604615,4955,230.4306269270298,122.1551901336074,40.91089770967315,30.339811139400204,73.77848464667063,2.900816269838169,Fixation,294583,95,1,42.20000076293945,29.559999465942383,44.0,32.0,3.0320949621705466,0.41853660345077515,0.525,center_proxy_gt_axes_angle,,,left_only
294679,4896,test,46,right,session_1_0_1,101,saccade_fixation,1658478335644615,4956,230.43251533742333,121.93456032719835,41.32756675439171,30.186964154484468,73.38068400996292,4.633348540766822,Fixation,294583,96,1,42.20000076293945,29.559999465942383,44.0,32.0,3.0320949621705466,0.40819281339645386,0.525,center_proxy_gt_axes_angle,,,left_only
294680,4897,test,46,right,session_1_0_1,101,saccade_fixation,1658478335684615,4957,230.87410440122824,121.8229273285568,41.00363986539932,30.42963396966344,72.26460441330032,52.90087466969828,Fixation,294583,97,1,42.36000061035156,29.600000381469727,44.0,32.0,2.9068189085308886,0.4623808264732361,0.525,center_proxy_gt_axes_angle,,,left_only
294681,4898,test,46,right,session_1_0_1,101,saccade_fixation,1658478335724615,4958,231.23652694610777,121.6996007984032,41.38720630831412,30.910367482943915,72.77876431177467,115.0937800381541,Fixation,294583,98,1,42.36000061035156,29.600000381469727,44.0,32.0,2.9068189085308886,0.40300729870796204,0.525,center_proxy_gt_axes_angle,,,left_only
294682,4899,test,46,right,session_1_0_1,101,saccade_fixation,1658478335764615,4959,223.4679245283019,117.34245283018868,41.32124153328783,32.79216834340883,62.31554157581523,113.7887494133058,Fixation,294583,99,1,40.91999816894531,28.520000457763672,41.0,30.0,1.4821602268283425,0.6738383769989014,0.7534246575342466,center_proxy_gt_axes_angle,,,left_only
302256,4766,test,46,right,session_2_0_1,201,saccade_fixation,1658478697604905,4885,215.22626262626264,127.96464646464646,39.02963533307771,32.34713805392652,72.0232342878243,0.7470350013360533,Fixation,302190,66,1,39.400001525878906,31.280000686645508,29.0,30.0,10.47847476955003,0.44021064043045044,0.0,center_proxy_gt_axes_angle,,,left_only
302257,4767,test,46,right,session_2_0_1,201,saccade_fixation,1658478697644905,4886,215.18466195761857,127.96468213925328,39.04393293641037,32.36463996736877,71.18256523046203,2.7625062060818197,Fixation,302190,67,1,39.400001525878906,31.280000686645508,29.0,30.0,10.47847476955003,0.4053211808204651,0.0,center_proxy_gt_axes_angle,,,left_only
302258,4768,test,46,right,session_2_0_1,201,saccade_fixation,1658478697684905,4887,215.29835390946505,128.12139917695472,38.791658173877416,31.95701667517509,71.6204915004365,2.818723115062408,Fixation,302190,68,1,39.400001525878906,31.280000686645508,29.0,30.0,10.47847476955003,0.4113016128540039,0.0,center_proxy_gt_axes_angle,,,left_only
302259,4769,test,46,right,session_2_0_1,201,saccade_fixation,1658478697724905,4888,215.7225806451613,128.16989247311827,38.37814336682781,30.887189268182496,73.12242143545275,2.3720764133029646,Fixation,302190,69,1,39.52000045776367,31.280000686645508,28.0,29.0,11.743458335515104,0.4570968449115753,0.0,center_proxy_gt_axes_angle,,,left_only
302260,4770,test,46,right,session_2_0_1,201,saccade_fixation,1658478697764905,4889,215.6224379719525,128.1801510248112,38.4467833438475,30.733332377352045,73.48696629670927,0.833008435977887,Fixation,302190,70,1,39.52000045776367,31.280000686645508,28.0,29.0,11.743458335515104,0.43695321679115295,0.0,center_proxy_gt_axes_angle,,,left_only
302261,4771,test,46,right,session_2_0_1,201,saccade_fixation,1658478697804905,4890,215.5,128.17588495575222,37.72848150633901,30.55613415359184,74.34378487559333,1.8385006415060736,Fixation,302190,71,1,39.52000045776367,31.15999984741211,28.0,31.0,11.521111513133059,0.47305911779403687,0.0,center_proxy_gt_axes_angle,,,left_only
302262,4772,test,46,right,session_2_0_1,201,saccade_fixation,1658478697844905,4891,215.43082114735657,128.13610798650168,37.52227324590034,30.215995273290723,74.2381302816053,1.7304645617482628,Fixation,302190,72,1,39.52000045776367,31.15999984741211,28.0,31.0,11.521111513133059,0.4648013710975647,0.0,center_proxy_gt_axes_angle,,,left_only
302263,4773,test,46,right,session_2_0_1,201,saccade_fixation,1658478697884905,4892,215.47260273972603,128.0148401826484,37.33134775702987,29.93018757716104,74.21686931697019,3.34121552943559,Fixation,302190,73,1,39.47999954223633,31.040000915527344,28.0,31.0,11.48006923162876,0.4160478711128235,0.0,center_proxy_gt_axes_angle,,,left_only
302264,4774,test,46,right,session_2_0_1,201,saccade_fixation,1658478697924905,4893,215.632183908046,127.90344827586208,36.9867916497269,29.995846798758368,73.91600759089495,3.355146847857836,Fixation,302190,74,1,39.52000045776367,31.0,27.0,31.0,12.520000457763672,0.4514921307563782,0.0,center_proxy_gt_axes_angle,,,left_only
302265,4775,test,46,right,session_2_0_1,201,saccade_fixation,1658478697964905,4894,215.6565064478312,127.66471277842908,36.631865044341325,29.69505508980312,73.13065185468221,2.560964258932548,Fixation,302190,75,1,39.52000045776367,31.0,27.0,31.0,12.520000457763672,0.37269625067710876,0.0,center_proxy_gt_axes_angle,,,left_only
302266,4776,test,46,right,session_2_0_1,201,saccade_fixation,1658478698004905,4895,215.54408352668213,127.61136890951276,36.70676887925878,29.943230174113705,73.61901637264172,2.0470664126288387,Fixation,302190,76,1,39.36000061035156,30.8799991607666,44.0,32.0,4.773258448462789,0.3768978416919708,0.23684210526315788,center_proxy_gt_axes_angle,,,left_only
302267,4777,test,46,right,session_2_0_1,201,saccade_fixation,1658478698044905,4896,215.54408352668213,127.61136890951276,36.70676887925878,29.943230174113705,73.61901637264172,0.7863503711855843,Fixation,302190,77,1,39.36000061035156,30.8799991607666,44.0,32.0,4.773258448462789,0.354682594537735,0.23684210526315788,center_proxy_gt_axes_angle,,,left_only
302268,4778,test,46,right,session_2_0_1,201,saccade_fixation,1658478698084905,4897,215.6355140186916,127.57593457943923,36.77937900833852,29.67886660977416,73.37068522176219,1.0224390632157947,Fixation,302190,78,1,39.36000061035156,30.8799991607666,28.0,32.0,11.415078438060396,0.3477815091609955,0.0,center_proxy_gt_axes_angle,,,left_only
302269,4779,test,46,right,session_2_0_1,201,saccade_fixation,1658478698124905,4898,215.73232908458863,127.5643105446118,36.827509969263325,29.878015073040903,72.88545732016648,2.0522440863387184,Fixation,302190,79,1,39.36000061035156,30.8799991607666,34.0,32.0,5.475765555870032,0.3540927767753601,0.09302325581395349,center_proxy_gt_axes_angle,,,left_only
302270,4780,test,46,right,session_2_0_1,201,saccade_fixation,1658478698164905,4899,215.6567505720824,127.7299771167048,37.09964089255725,30.041423435039352,72.2016162829764,2.0206230006906694,Fixation,302190,80,1,39.47999954223633,31.040000915527344,34.0,31.0,5.4801455323881125,0.34606263041496277,0.10588235294117647,center_proxy_gt_axes_angle,,,left_only
302271,4781,test,46,right,session_2_0_1,201,saccade_fixation,1658478698204905,4900,215.633371169126,127.92735527809307,37.153110603372944,30.236962897787876,73.26281016989181,1.772348612075073,Fixation,302190,81,1,39.47999954223633,31.040000915527344,45.0,31.0,5.520145390019557,0.3494422137737274,0.175,center_proxy_gt_axes_angle,,,left_only
302272,4782,test,46,right,session_2_0_1,201,saccade_fixation,1658478698244905,4901,215.59641255605385,127.89686098654708,37.47699669640222,30.347149981472416,73.23995976193709,0.5162936277132052,Fixation,302190,82,1,39.47999954223633,31.040000915527344,34.0,31.0,5.4801455323881125,0.3499150276184082,0.10588235294117647,center_proxy_gt_axes_angle,,,left_only
302273,4783,test,46,right,session_2_0_1,201,saccade_fixation,1658478698284905,4902,215.61444444444444,127.82222222222222,37.661500590524405,30.459125988543757,72.53155822759908,1.116398003411162,Fixation,302190,83,1,39.47999954223633,31.040000915527344,45.0,31.0,5.520145390019557,0.3801112174987793,0.175,center_proxy_gt_axes_angle,,,left_only
302274,4784,test,46,right,session_2_0_1,201,saccade_fixation,1658478698324905,4903,215.6170921198668,127.80244173140954,37.70315617046386,30.458993154924105,72.78714615686998,1.5728572951347752,Fixation,302190,84,1,39.47999954223633,31.040000915527344,44.0,31.0,4.520177453532862,0.4049886167049408,0.25333333333333335,center_proxy_gt_axes_angle,,,left_only
302275,4785,test,46,right,session_2_0_1,201,saccade_fixation,1658478698364905,4904,215.6876379690949,127.75717439293598,37.63793331083819,30.683000969281725,73.38774676889413,0.7894979803422477,Fixation,302190,85,1,39.47999954223633,31.040000915527344,44.0,31.0,4.520177453532862,0.42302405834198,0.25333333333333335,center_proxy_gt_axes_angle,,,left_only
302276,4786,test,46,right,session_2_0_1,201,saccade_fixation,1658478698404905,4905,215.70054644808744,127.66775956284152,37.85912793175798,30.809360291677358,72.64014038441427,56.74540629013832,Fixation,302190,86,1,39.52000045776367,31.0,44.0,32.0,4.590250091055792,0.4458408057689667,0.2708333333333333,center_proxy_gt_axes_angle,,,left_only
302277,4787,test,46,right,session_2_0_1,201,saccade_fixation,1658478698444905,4906,215.69146608315097,127.72210065645514,37.88686667502138,30.75429391127897,72.06293693654574,145.23041896208147,Fixation,302190,87,1,39.52000045776367,31.0,44.0,33.0,4.906158976066481,0.5115377902984619,0.23232323232323232,center_proxy_gt_axes_angle,,,left_only
302278,4788,test,46,right,session_2_0_1,201,saccade_fixation,1658478698484906,4907,206.62932790224036,126.5162932790224,36.83390075170469,33.98349369362398,68.592993857883,213.50425641125744,Fixation,302190,88,1,37.68000030517578,30.799999237060547,37.0,31.0,0.7088023139180056,0.7429357767105103,0.7543859649122807,center_proxy_gt_axes_angle,,,left_only
302279,4789,test,46,right,session_2_0_1,201,saccade_fixation,1658478698524906,4908,192.63564356435643,124.83069306930692,37.75719564199257,34.120020611135814,65.84532309223863,258.17018078224424,Fixation,302190,89,1,35.36000061035156,30.360000610351562,36.0,31.0,0.9050958167513233,0.698478102684021,1.0,center_proxy_gt_axes_angle,,,left_only
302280,4790,test,46,right,session_2_0_1,201,saccade_fixation,1658478698564906,4909,181.62062256809335,125.3171206225681,37.1365747810946,35.32040519744663,36.0687022761777,201.04181463922444,Fixation,302190,90,1,33.279998779296875,30.399999618530273,34.0,31.0,0.9372311430900103,0.7056000232696533,1.0,center_proxy_gt_axes_angle,,,left_only
302281,4791,test,46,right,session_2_0_1,201,saccade_fixation,1658478698604906,4910,174.38904899135446,127.0749279538905,37.11129303474876,35.78790938374311,61.872306049792094,112.13299827766264,Fixation,302190,91,1,31.959999084472656,31.0,32.0,31.0,0.04000091552734375,0.6760030388832092,1.0,center_proxy_gt_axes_angle,,,left_only
302282,4792,test,46,right,session_2_0_1,201,saccade_fixation,1658478698644906,4911,174.46724470134876,127.0606936416185,37.29199362542663,35.52770211991849,66.36144492686174,94.5410796650048,Fixation,302190,92,1,31.959999084472656,31.0,32.0,32.0,1.0007997168479943,0.5661789774894714,0.7,center_proxy_gt_axes_angle,,,left_only
302283,4793,test,46,right,session_2_0_1,201,saccade_fixation,1658478698684906,4912,174.81520692974013,126.90952839268527,37.52599063392451,35.33119083197619,67.18341045585177,63.22972231853442,Fixation,302190,93,1,32.040000915527344,30.799999237060547,33.0,32.0,1.5367498408145706,0.5631754398345947,0.59375,center_proxy_gt_axes_angle,,,left_only
302284,4794,test,46,right,session_2_0_1,201,saccade_fixation,1658478698724906,4913,167.3688141923436,130.38655462184877,37.87367917819958,36.0688401387056,75.95354266560126,64.03818290035326,Fixation,302190,94,1,30.520000457763672,31.799999237060547,31.0,32.0,0.5199998708879147,0.731177568435669,1.0,center_proxy_gt_axes_angle,,,left_only
302285,4795,test,46,right,session_2_0_1,201,saccade_fixation,1658478698764906,4914,165.3314606741573,131.5814606741573,37.79371750511704,36.01106916008915,75.1157120648944,66.47507477309739,Fixation,302190,95,1,30.15999984741211,32.119998931884766,29.0,33.0,1.4560225018453767,0.6176663041114807,0.53125,center_proxy_gt_axes_angle,,,left_only
302286,4796,test,46,right,session_2_0_1,201,saccade_fixation,1658478698804906,4915,165.21421889616465,131.46117867165574,37.97403664575722,35.87445590238287,83.572532127419,15.20658536432654,Fixation,302190,96,1,30.1200008392334,31.84000015258789,27.0,33.0,3.3286641288681,0.5570969581604004,0.2857142857142857,center_proxy_gt_axes_angle,,,left_only
302287,4797,test,46,right,session_2_0_1,201,saccade_fixation,1658478698844906,4916,165.21857410881802,131.4953095684803,37.93800868650547,35.80805317026176,82.8887032138085,0.6847606031318847,Fixation,302190,97,1,30.15999984741211,32.08000183105469,27.0,33.0,3.2911997305704923,0.5089892148971558,0.2857142857142857,center_proxy_gt_axes_angle,,,left_only
302288,4798,test,46,right,session_2_0_1,201,saccade_fixation,1658478698884906,4917,165.2356807511737,131.55680751173708,37.89847451220961,35.81387739536904,79.8678742582587,1.257551025421646,Fixation,302190,98,1,30.15999984741211,32.119998931884766,27.0,33.0,3.2802440329232376,0.5051483511924744,0.28,center_proxy_gt_axes_angle,,,left_only
302289,4799,test,46,right,session_2_0_1,201,saccade_fixation,1658478698924906,4918,165.2485822306238,131.6531190926276,37.70197602629364,35.76116192841459,79.10259438195729,76.45662090543938,Fixation,302190,99,1,30.15999984741211,32.119998931884766,44.0,39.0,15.455743881188624,0.5471072196960449,0.0,center_proxy_gt_axes_angle,,,left_only
305017,2644,test,46,right,session_2_0_2,202,smooth,1658478837205017,2713,150.49049429657794,126.51204055766792,33.08042997534463,30.425429098929023,-62.97796103003189,5.683597585699541,Smooth,304973,44,1,27.360000610351562,30.760000228881836,29.0,32.0,2.0560149392502836,0.5312942266464233,0.6842105263157895,center_proxy_gt_axes_angle,,,left_only
305018,2645,test,46,right,session_2_0_2,202,smooth,1658478837245017,2714,150.40891719745224,126.5872611464968,32.768498081938816,30.551266443433992,-64.72391532577932,3.501045843035142,Smooth,304973,45,1,27.360000610351562,30.760000228881836,33.0,33.0,6.068541183006356,0.45191359519958496,0.18604651162790697,center_proxy_gt_axes_angle,,,left_only
305019,2646,test,46,right,session_2_0_2,202,smooth,1658478837285017,2715,150.3783102143758,126.71626733921816,33.21480977779127,30.45287363784284,-63.9788781564528,1.443384698735446,Smooth,304973,46,1,27.360000610351562,30.8799991607666,33.0,33.0,6.0252798004395665,0.49551963806152344,0.18518518518518517,center_proxy_gt_axes_angle,,,left_only
305020,2647,test,46,right,session_2_0_2,202,smooth,1658478837325017,2716,150.37578814627994,126.61160151324086,33.20558978138456,30.4638279818951,-61.64303727928822,1.7224517583889327,Smooth,304973,47,1,27.360000610351562,30.8799991607666,33.0,33.0,6.0252798004395665,0.4873521029949188,0.18518518518518517,center_proxy_gt_axes_angle,,,left_only
305021,2648,test,46,right,session_2_0_2,202,smooth,1658478837365017,2717,150.58676654182273,126.30212234706616,33.164110941228245,30.79551250618616,-58.39627816157355,3.0452244519745664,Smooth,304973,48,1,27.360000610351562,30.68000030517578,33.0,33.0,6.098523731135201,0.47820645570755005,0.13253012048192772,center_proxy_gt_axes_angle,,,left_only
305022,2649,test,46,right,session_2_0_2,202,smooth,1658478837405017,2718,150.30579531442663,126.33168927250308,33.41292102881907,30.976617489458715,-52.82732589332896,11.327102683360994,Smooth,304973,49,1,27.360000610351562,30.68000030517578,33.0,33.0,6.098523731135201,0.48743098974227905,0.14285714285714285,center_proxy_gt_axes_angle,,,left_only
305023,2650,test,46,right,session_2_0_2,202,smooth,1658478837445017,2719,150.1970802919708,126.2639902676399,33.548865691933536,31.2615117821225,-52.00446606608149,12.975427372821075,Smooth,304973,50,1,27.360000610351562,30.68000030517578,33.0,33.0,6.098523731135201,0.4789482057094574,0.14285714285714285,center_proxy_gt_axes_angle,,,left_only
305024,2651,test,46,right,session_2_0_2,202,smooth,1658478837485017,2720,149.0695652173913,125.3552795031056,33.50838193991026,30.62545776710745,-60.40374092069021,11.840781929439387,Smooth,304973,51,1,27.1200008392334,30.31999969482422,34.0,33.0,7.383548610789491,0.5212246179580688,0.08045977011494253,center_proxy_gt_axes_angle,,,left_only
305025,2652,test,46,right,session_2_0_2,202,smooth,1658478837525017,2721,149.34275184275185,124.64004914004914,33.61314579019729,30.877141028994576,-58.29562308431717,10.228107532361998,Smooth,304973,52,1,27.239999771118164,30.040000915527344,33.0,33.0,6.476047962824068,0.47876250743865967,0.13253012048192772,center_proxy_gt_axes_angle,,,left_only
305026,2653,test,46,right,session_2_0_2,202,smooth,1658478837565017,2722,149.23450789793438,124.76913730255164,33.89088632379873,30.96603117377287,-59.84302532521989,2.993666761803271,Smooth,304973,53,1,27.15999984741211,30.15999984741211,32.0,33.0,5.611702267917467,0.44427695870399475,0.22077922077922077,center_proxy_gt_axes_angle,,,left_only
305027,2654,test,46,right,session_2_0_2,202,smooth,1658478837605017,2723,149.28331332533014,124.906362545018,34.08361178485539,31.16041868494254,-62.29721936614257,10.211626873899258,Smooth,304973,54,1,27.239999771118164,30.239999771118164,33.0,33.0,6.387112328755976,0.4780820608139038,0.18518518518518517,center_proxy_gt_axes_angle,,,left_only
305028,2655,test,46,right,session_2_0_2,202,smooth,1658478837645017,2724,149.3125748502994,124.94251497005988,34.01874730525811,31.305444676897743,-63.34161014654215,37.25711921717623,Smooth,304973,55,1,27.399999618530273,30.200000762939453,33.0,33.0,6.260990336999469,0.44599735736846924,0.18518518518518517,center_proxy_gt_axes_angle,,,left_only
305029,2656,test,46,right,session_2_0_2,202,smooth,1658478837685017,2725,149.19230769230768,126.26696832579184,35.12208887618259,32.093768414232684,-52.73485711134156,38.81421948608675,Smooth,304973,56,1,27.1200008392334,30.639999389648438,29.0,32.0,2.3203444797356596,0.43367162346839905,0.660377358490566,center_proxy_gt_axes_angle,,,left_only
305030,2657,test,46,right,session_2_0_2,202,smooth,1658478837725017,2726,148.61411245865492,130.6979051819184,35.57357465940182,32.49053799917242,-75.52093937070322,39.687928995872106,Smooth,304973,57,1,27.200000762939453,31.799999237060547,27.0,32.0,0.2828437914339409,0.6943517327308655,1.0,center_proxy_gt_axes_angle,,,left_only
305031,2658,test,46,right,session_2_0_2,202,smooth,1658478837765017,2727,148.59781420765026,131.07868852459018,35.824255638457586,32.54003097739467,-71.79828753068853,32.0953156961239,Smooth,304973,58,1,27.15999984741211,31.84000015258789,27.0,32.0,0.22627395418783083,0.6899414658546448,1.0,center_proxy_gt_axes_angle,,,left_only
305032,2659,test,46,right,session_2_0_2,202,smooth,1658478837805017,2728,148.66990291262135,131.25997842502696,36.088609370752266,32.742266815269296,-75.65884331245684,5.251071941623975,Smooth,304973,59,1,27.15999984741211,31.84000015258789,27.0,32.0,0.22627395418783083,0.49614572525024414,1.0,center_proxy_gt_axes_angle,,,left_only
305033,2660,test,46,right,session_2_0_2,202,smooth,1658478837845017,2729,148.6163655685441,131.36981934112646,36.47703322467383,32.87212986995471,-78.81658035949934,30.081579606933836,Smooth,304973,60,1,27.1200008392334,31.84000015258789,34.0,33.0,6.977104564082816,0.40531986951828003,0.06666666666666667,center_proxy_gt_axes_angle,,,left_only
305034,2661,test,46,right,session_2_0_2,202,smooth,1658478837885017,2730,148.6864406779661,131.53495762711864,36.6669656758746,32.81548748099705,-74.40810847667066,43.382523494843234,Smooth,304973,61,1,27.280000686645508,31.959999084472656,34.0,33.0,6.799999461454578,0.45402008295059204,0.09302325581395349,center_proxy_gt_axes_angle,,,left_only
305035,2662,test,46,right,session_2_0_2,202,smooth,1658478837925017,2731,150.4179104477612,135.53432835820897,37.57472836332768,34.08483971518004,-81.99807403178147,44.252736332233695,Smooth,304973,62,1,27.520000457763672,33.0,27.0,33.0,0.5200004577636719,0.6746523380279541,0.7454545454545455,center_proxy_gt_axes_angle,,,left_only
305036,2663,test,46,right,session_2_0_2,202,smooth,1658478837965017,2732,150.93506493506493,137.82117882117882,37.4607254782764,34.061340100981084,-82.97786985839139,42.3431803509363,Smooth,304973,63,1,27.360000610351562,33.599998474121094,33.0,33.0,5.671824334742957,0.45991969108581543,0.1566265060240964,center_proxy_gt_axes_angle,,,left_only
305037,2664,test,46,right,session_2_0_2,202,smooth,1658478838005017,2733,150.86386386386386,138.08408408408408,37.4201205449017,34.02721637218388,-81.30212072887457,15.837807725221264,Smooth,304973,64,1,27.360000610351562,33.63999938964844,33.0,33.0,5.676195233956028,0.4184551239013672,0.1566265060240964,center_proxy_gt_axes_angle,,,left_only
305038,2665,test,46,right,session_2_0_2,202,smooth,1658478838045017,2734,150.81620553359684,137.96640316205534,37.58774589573055,34.311898363918004,-80.32006838331428,2.239525316129477,Smooth,304973,65,1,27.360000610351562,33.63999938964844,33.0,33.0,5.676195233956028,0.4261851906776428,0.16666666666666666,center_proxy_gt_axes_angle,,,left_only
305039,2666,test,46,right,session_2_0_2,202,smooth,1658478838085017,2735,150.74850894632206,138.04671968190854,37.40066093583694,34.27871575515793,-83.40954032215733,0.8748626706823973,Smooth,304973,66,1,27.360000610351562,33.63999938964844,32.0,33.0,4.683929285833449,0.40656599402427673,0.24675324675324675,center_proxy_gt_axes_angle,,,left_only
305040,2667,test,46,right,session_2_0_2,202,smooth,1658478838125017,2736,150.69651741293532,138.08855721393036,37.399455778589605,34.24244857022804,-86.21409296807019,1.7098445269974258,Smooth,304973,67,1,27.360000610351562,33.63999938964844,32.0,33.0,4.683929285833449,0.38156527280807495,0.2564102564102564,center_proxy_gt_axes_angle,,,left_only
305041,2668,test,46,right,session_2_0_2,202,smooth,1658478838165017,2737,150.73471400394476,138.13806706114397,37.61585218472424,34.36196797006785,-77.02786478497273,26.815957594198704,Smooth,304973,68,1,27.360000610351562,33.63999938964844,29.0,33.0,1.7604536962946853,0.3607650697231293,0.639344262295082,center_proxy_gt_axes_angle,,,left_only
305042,2669,test,46,right,session_2_0_2,202,smooth,1658478838205017,2738,150.75913129318857,138.23395853899308,37.72366885089858,34.22342980772955,-73.52133287391648,37.092459552258816,Smooth,304973,69,1,27.360000610351562,33.63999938964844,33.0,33.0,5.676195233956028,0.4006633758544922,0.14634146341463414,center_proxy_gt_axes_angle,,,left_only
305043,2670,test,46,right,session_2_0_2,202,smooth,1658478838245017,2739,150.94721115537848,142.33266932270917,37.75016659230552,33.91426488501018,84.12758340269703,36.18946182401872,Smooth,304973,70,1,27.520000457763672,34.84000015258789,30.0,34.0,2.618396071231409,0.45602473616600037,0.5238095238095238,center_proxy_gt_axes_angle,,,left_only
305044,2671,test,46,right,session_2_0_2,202,smooth,1658478838285018,2740,151.12609970674487,144.0078201368524,37.93745386555159,34.38351869519239,88.57694187242292,36.73916070495201,Smooth,304973,71,1,27.520000457763672,35.0,34.0,35.0,6.479999542236328,0.47833067178726196,0.10909090909090909,center_proxy_gt_axes_angle,,,left_only
305045,2672,test,46,right,session_2_0_2,202,smooth,1658478838325018,2741,151.06439024390244,143.9190243902439,38.14557792942415,34.288791097961976,-88.94117738394118,11.665051496878382,Smooth,304973,72,1,27.520000457763672,35.0,44.0,35.0,16.479999542236328,0.30616694688796997,0.0,center_proxy_gt_axes_angle,,,left_only
305046,2673,test,46,right,session_2_0_2,202,smooth,1658478838365018,2742,151.33009708737865,144.08446601941748,38.00941178235759,34.579047609445446,-85.2938900613847,2.724621916134773,Smooth,304973,73,1,27.440000534057617,35.0,44.0,34.0,16.590165228592873,0.4513434171676636,0.0,center_proxy_gt_axes_angle,,,left_only
305047,2674,test,46,right,session_2_0_2,202,smooth,1658478838405018,2743,151.52737752161383,144.10662824207492,38.24080230753745,34.7776036442599,-83.24598537898568,2.76486636088454,Smooth,304973,74,1,27.440000534057617,35.0,44.0,34.0,16.590165228592873,0.4788917899131775,0.0,center_proxy_gt_axes_angle,,,left_only
305048,2675,test,46,right,session_2_0_2,202,smooth,1658478838445018,2744,151.51973684210526,143.8204887218045,38.8593538314674,35.06299703014366,-78.98269390035716,1.2373997677786233,Smooth,304973,75,1,27.440000534057617,35.0,44.0,34.0,16.590165228592873,0.5141679644584656,0.0,center_proxy_gt_axes_angle,,,left_only
305049,2676,test,46,right,session_2_0_2,202,smooth,1658478838485018,2745,151.50093984962405,143.9906015037594,38.90239860607991,35.02802959785958,-75.40808682787765,2.09405585473784,Smooth,304973,76,1,27.440000534057617,35.0,44.0,34.0,16.590165228592873,0.5110564231872559,0.0,center_proxy_gt_axes_angle,,,left_only
305050,2677,test,46,right,session_2_0_2,202,smooth,1658478838525018,2746,151.4754716981132,144.2188679245283,38.98544962408876,34.80587891074846,-73.64646199298578,5.435888357605386,Smooth,304973,77,1,27.600000381469727,35.15999984741211,44.0,34.0,16.44097281591905,0.5101221799850464,0.0,center_proxy_gt_axes_angle,,,left_only
305051,2678,test,46,right,session_2_0_2,202,smooth,1658478838565018,2747,151.55061494796595,144.44087038789024,38.874975579544895,34.83562951235123,-71.66069500970983,7.66637848388776,Smooth,304973,78,1,27.639999389648438,35.279998779296875,44.0,34.0,16.40999746635279,0.3791268467903137,0.0,center_proxy_gt_axes_angle,,,left_only
305052,2679,test,46,right,session_2_0_2,202,smooth,1658478838605018,2748,151.49522900763358,144.6898854961832,38.65709399408219,34.69845981334267,-73.10156702489256,30.91805247097516,Smooth,304973,79,1,27.639999389648438,35.279998779296875,45.0,34.0,17.407125496945444,0.34483057260513306,0.0,center_proxy_gt_axes_angle,,,left_only
305053,2680,test,46,right,session_2_0_2,202,smooth,1658478838645018,2749,151.18295019157088,145.17528735632183,37.92119032437661,35.18149784616475,-76.10464109704041,35.80282603410379,Smooth,304973,80,1,27.639999389648438,35.400001525878906,45.0,34.0,17.416360855927103,0.3350169360637665,0.0,center_proxy_gt_axes_angle,,,left_only
305054,2681,test,46,right,session_2_0_2,202,smooth,1658478838685018,2750,152.30019305019306,149.09652509652508,36.990573697901205,35.83152293589193,-80.94927020591398,35.188380974921984,Smooth,304973,81,1,27.799999237060547,36.36000061035156,34.0,36.0,6.210443615387173,0.552676796913147,0.10344827586206896,center_proxy_gt_axes_angle,,,left_only
305055,2682,test,46,right,session_2_0_2,202,smooth,1658478838725018,2751,152.75073601570168,150.04219823356232,36.2068272181219,36.00888382879993,14.28713493494945,30.99025938750357,Smooth,304973,82,1,27.760000228881836,36.52000045776367,34.0,35.0,6.42246047361574,0.49159449338912964,0.030927835051546393,center_proxy_gt_axes_angle,,,left_only
305056,2683,test,46,right,session_2_0_2,202,smooth,1658478838765018,2752,152.5826848249027,150.21400778210116,36.74938180741773,35.94638652939706,5.98309432169799,6.505734573551782,Smooth,304973,83,1,27.799999237060547,36.68000030517578,33.0,35.0,5.464650854351229,0.45949262380599976,0.09090909090909091,center_proxy_gt_axes_angle,,,left_only
305057,2684,test,46,right,session_2_0_2,202,smooth,1658478838805018,2753,152.73858114674442,149.88338192419826,36.61598147419445,35.9632637628652,57.45567300845449,2.942120259867164,Smooth,304973,84,1,27.760000228881836,36.52000045776367,29.0,34.0,2.808558658725542,0.3775551915168762,0.3333333333333333,center_proxy_gt_axes_angle,,,left_only
305058,2685,test,46,right,session_2_0_2,202,smooth,1658478838845018,2754,152.52713178294573,150.1124031007752,36.91329698277465,35.97523915450844,19.219740139694608,1.098380144926448,Smooth,304973,85,1,27.760000228881836,36.52000045776367,32.0,34.0,4.932342279912374,0.34468305110931396,0.17647058823529413,center_proxy_gt_axes_angle,,,left_only
305059,2686,test,46,right,session_2_0_2,202,smooth,1658478838885018,2755,152.28901734104045,150.13391136801542,37.04070479368709,36.03002068531152,8.056272900201037,3.619848153858053,Smooth,304973,86,1,27.760000228881836,36.52000045776367,45.0,34.0,17.423202759977382,0.41203463077545166,0.0,center_proxy_gt_axes_angle,,,left_only
305060,2687,test,46,right,session_2_0_2,202,smooth,1658478838925018,2756,152.40983606557376,150.18225650916105,37.18918319176981,35.88073994924914,8.680868135933764,2.4634674600330606,Smooth,304973,87,1,27.799999237060547,36.68000030517578,45.0,34.0,17.407539397653537,0.3564048409461975,0.0,center_proxy_gt_axes_angle,,,left_only
305061,2688,test,46,right,session_2_0_2,202,smooth,1658478838965018,2757,152.40173410404626,150.35452793834295,37.26788840460477,35.8030180613058,19.77824716527678,0.7821240568223543,Smooth,304973,88,1,27.84000015258789,36.599998474121094,45.0,34.0,17.355851659558965,0.37491899728775024,0.0,center_proxy_gt_axes_angle,,,left_only
305062,2689,test,46,right,session_2_0_2,202,smooth,1658478839005018,2758,152.23062015503876,150.3720930232558,37.16373679760743,35.69910508921813,13.527792846910046,0.5480727205997458,Smooth,304973,89,1,27.84000015258789,36.84000015258789,28.0,34.0,2.8445036153731884,0.38051533699035645,0.4084507042253521,center_proxy_gt_axes_angle,,,left_only
305063,2690,test,46,right,session_2_0_2,202,smooth,1658478839045018,2759,152.24541062801933,150.2512077294686,37.30581480693832,35.65052424896874,12.698297731071875,3.2930931047613416,Smooth,304973,90,1,27.799999237060547,36.68000030517578,45.0,34.0,17.407539397653537,0.36546677350997925,0.0,center_proxy_gt_axes_angle,,,left_only
305064,2691,test,46,right,session_2_0_2,202,smooth,1658478839085018,2760,152.33911368015416,150.23410404624278,37.3808250147947,35.70446350664959,12.779371203144308,5.152602227479822,Smooth,304973,91,1,27.799999237060547,36.68000030517578,28.0,34.0,2.687452686266057,0.34022486209869385,0.4166666666666667,center_proxy_gt_axes_angle,,,left_only
305065,2692,test,46,right,session_2_0_2,202,smooth,1658478839125018,2761,152.64971209213053,149.88963531669864,37.2067747834181,36.03582012522732,15.206248276781253,4.3642112285286805,Smooth,304973,92,1,27.760000228881836,36.52000045776367,45.0,34.0,17.423202759977382,0.3746669888496399,0.0,center_proxy_gt_axes_angle,,,left_only
305066,2693,test,46,right,session_2_0_2,202,smooth,1658478839165018,2762,152.81640625,149.7919921875,36.84490812269929,35.750252275868576,10.26611769155724,3.659648890035809,Smooth,304973,93,1,27.799999237060547,36.439998626708984,45.0,34.0,17.37220825178709,0.46250641345977783,0.0,center_proxy_gt_axes_angle,,,left_only
305067,2694,test,46,right,session_2_0_2,202,smooth,1658478839205018,2763,152.64654333008764,149.6796494644596,36.94017210563764,35.75564755083653,7.333167713365782,9.92398330390704,Smooth,304973,94,1,27.799999237060547,36.439998626708984,45.0,34.0,17.37220825178709,0.4522560238838196,0.0,center_proxy_gt_axes_angle,,,left_only
305068,2695,test,46,right,session_2_0_2,202,smooth,1658478839245018,2764,152.6302032913843,149.72604065827687,37.14028562216222,35.76337031020009,9.615614314589294,12.846144649370226,Smooth,304973,95,1,27.799999237060547,36.439998626708984,45.0,34.0,17.37220825178709,0.3940791189670563,0.0,center_proxy_gt_axes_angle,,,left_only
305069,2696,test,46,right,session_2_0_2,202,smooth,1658478839285018,2765,153.428997020854,151.2730883813307,37.18935883832048,34.79934586632246,4.30210449060732,15.894235744544329,Smooth,304973,96,1,28.0,37.0,33.0,35.0,5.385164807134504,0.4554627537727356,0.08888888888888889,center_proxy_gt_axes_angle,,,left_only
305070,2697,test,46,right,session_2_0_2,202,smooth,1658478839325018,2766,153.457,151.745,36.94543282656025,34.79397949729417,3.60611549221656,15.935643307760838,Smooth,304973,97,1,28.0,37.0,27.0,35.0,2.23606797749979,0.41715431213378906,0.48484848484848486,center_proxy_gt_axes_angle,,,left_only
305071,2698,test,46,right,session_2_0_2,202,smooth,1658478839365018,2767,153.49850448654038,152.0757726819541,37.10533712841184,34.74297253490839,2.821477506872327,4.586248666484115,Smooth,304973,98,1,28.0,37.0,27.0,35.0,2.23606797749979,0.44230347871780396,0.48484848484848486,center_proxy_gt_axes_angle,,,left_only
305072,2699,test,46,right,session_2_0_2,202,smooth,1658478839405018,2768,153.41082164328657,152.15330661322645,36.9174987080593,34.739480003806776,-1.7836447724231448,1.0807895288693727,Smooth,304973,99,1,28.0,37.0,44.0,46.0,18.35755975068582,0.37846165895462036,0.0,center_proxy_gt_axes_angle,,,left_only
317694,4890,test,47,left,session_2_0_1,201,saccade_fixation,1658908736729258,4923,179.7085201793722,166.390134529148,29.794740878321168,28.66444953880649,-66.51118687436518,1.2490854321515017,Fixation,317604,90,1,32.79999923706055,40.47999954223633,44.0,36.0,12.06276970634365,0.27091357111930847,0.0,center_proxy_gt_axes_angle,,,left_only
317695,4891,test,47,left,session_2_0_1,201,saccade_fixation,1658908736769258,4924,179.64732142857142,166.47767857142858,30.028285840231693,28.56311575809376,-70.96182938843542,1.4429444162019736,Fixation,317604,91,1,32.84000015258789,40.63999938964844,34.0,37.0,3.8203658467006947,0.2973659932613373,0.16279069767441862,center_proxy_gt_axes_angle,,,left_only
317696,4892,test,47,left,session_2_0_1,201,saccade_fixation,1658908736809258,4925,179.62105263157895,166.53984962406014,30.002950314997456,28.29026412974998,-65.85281672509743,1.958790487450552,Fixation,317604,92,1,32.880001068115234,40.63999938964844,35.0,36.0,5.1013713653419135,0.2559853792190552,0.05714285714285714,center_proxy_gt_axes_angle,,,left_only
317697,4893,test,47,left,session_2_0_1,201,saccade_fixation,1658908736849258,4926,179.57032457496135,166.58423493044822,29.52527172958583,27.96184444609244,-70.0306574738108,1.3497351459705575,Fixation,317604,93,1,32.7599983215332,40.47999954223633,44.0,35.0,12.504720417300291,0.26844358444213867,0.0,center_proxy_gt_axes_angle,,,left_only
317698,4894,test,47,left,session_2_0_1,201,saccade_fixation,1658908736889258,4927,179.48973143759875,166.61453396524487,29.13034687170511,27.735741330792347,-67.13037466501375,2.8019385605171747,Fixation,317604,94,1,32.79999923706055,40.599998474121094,44.0,42.0,11.287161793927984,0.25022217631340027,0.0,center_proxy_gt_axes_angle,,,left_only
317699,4895,test,47,left,session_2_0_1,201,saccade_fixation,1658908736929258,4928,179.43450479233226,166.5143769968051,28.968639220747097,27.588573488954253,-61.96478477090521,2.6052139352441066,Fixation,317604,95,1,32.79999923706055,40.599998474121094,44.0,43.0,11.454257916341216,0.312759667634964,0.0,center_proxy_gt_axes_angle,,,left_only
317700,4896,test,47,left,session_2_0_1,201,saccade_fixation,1658908736969258,4929,179.19806763285024,166.3913043478261,28.81889335115503,27.50735642520019,-53.48931837035313,2.394337665932437,Fixation,317604,96,1,32.7599983215332,40.599998474121094,26.0,42.0,6.903447079509989,0.24940066039562225,0.0,center_proxy_gt_axes_angle,,,left_only
317701,4897,test,47,left,session_2_0_1,201,saccade_fixation,1658908737009258,4930,179.23624595469255,166.33495145631068,28.62218284582503,27.56125955299396,-52.96840281503198,1.9249285488494148,Fixation,317604,97,1,32.7599983215332,40.599998474121094,36.0,43.0,4.032073684927985,0.28441429138183594,0.23333333333333334,center_proxy_gt_axes_angle,,,left_only
317702,4898,test,47,left,session_2_0_1,201,saccade_fixation,1658908737049258,4931,179.24959481361427,166.3160453808752,28.55287316352873,27.58348064685024,-52.7926358190124,0.7851246881440401,Fixation,317604,98,1,32.79999923706055,40.599998474121094,27.0,44.0,6.723094639069259,0.3101608157157898,0.0,center_proxy_gt_axes_angle,,,left_only
317703,4899,test,47,left,session_2_0_1,201,saccade_fixation,1658908737089259,4932,179.20650406504066,166.30731707317074,28.57169255781788,27.48353426655377,-56.31503090905787,35.6628745164208,Fixation,317604,99,1,32.84000015258789,40.599998474121094,44.0,46.0,12.397806784820162,0.546515703201294,0.0,center_proxy_gt_axes_angle,,,left_only
333034,4891,test,47,right,session_2_0_1,201,saccade_fixation,1658908736689706,4923,208.0525568181818,140.0809659090909,32.59409158207358,27.54869608952095,73.72905749469176,3.0044338975461824,Fixation,332943,91,1,38.119998931884766,34.15999984741211,27.0,30.0,11.872656609857252,0.5143579244613647,0.0,center_proxy_gt_axes_angle,,,left_only
333035,4892,test,47,right,session_2_0_1,201,saccade_fixation,1658908736729706,4924,208.02824858757063,140.18926553672316,32.67864413102802,27.63268905988497,75.80623071782918,1.966220733305741,Fixation,332943,92,1,38.119998931884766,34.15999984741211,27.0,30.0,11.872656609857252,0.49686431884765625,0.0,center_proxy_gt_axes_angle,,,left_only
333036,4893,test,47,right,session_2_0_1,201,saccade_fixation,1658908736769706,4925,208.01296829971184,140.3386167146974,32.370213048663366,27.334475199698037,74.18812788570307,1.5089967650069205,Fixation,332943,93,1,38.119998931884766,34.15999984741211,27.0,30.0,11.872656609857252,0.49837297201156616,0.0,center_proxy_gt_axes_angle,,,left_only
333037,4894,test,47,right,session_2_0_1,201,saccade_fixation,1658908736809706,4926,208.146449704142,140.29437869822485,31.821757717834416,27.08546410470765,73.02332214088102,0.976125017070788,Fixation,332943,94,1,38.15999984741211,34.36000061035156,27.0,30.0,11.981452412646153,0.5077363848686218,0.0,center_proxy_gt_axes_angle,,,left_only
333038,4895,test,47,right,session_2_0_1,201,saccade_fixation,1658908736849706,4927,208.25299401197609,140.21556886227546,31.555703398880105,26.993066834893117,73.23334224754589,1.6019543858194665,Fixation,332943,95,1,38.15999984741211,34.36000061035156,28.0,30.0,11.056002994829555,0.4832398295402527,0.0,center_proxy_gt_axes_angle,,,left_only
333039,4896,test,47,right,session_2_0_1,201,saccade_fixation,1658908736889706,4928,208.18413173652692,140.1796407185629,31.58058879976597,26.970872544189884,72.68447040279197,1.492249701484761,Fixation,332943,96,1,38.15999984741211,34.36000061035156,28.0,30.0,11.056002994829555,0.48346608877182007,0.0,center_proxy_gt_axes_angle,,,left_only
333040,4897,test,47,right,session_2_0_1,201,saccade_fixation,1658908736929706,4929,208.2,140.16335877862596,31.316214129894924,26.67472084616707,71.01559077536368,0.3332746204820015,Fixation,332943,97,1,38.15999984741211,34.36000061035156,28.0,31.0,10.70117755207234,0.47925102710723877,0.0,center_proxy_gt_axes_angle,,,left_only
333041,4898,test,47,right,session_2_0_1,201,saccade_fixation,1658908736969706,4930,208.3282208588957,140.13957055214723,31.41258596383079,26.477435523906653,70.24690388490119,2.0233589950777966,Fixation,332943,98,1,38.15999984741211,34.36000061035156,28.0,31.0,10.70117755207234,0.4997006356716156,0.0,center_proxy_gt_axes_angle,,,left_only
333042,4899,test,47,right,session_2_0_1,201,saccade_fixation,1658908737009706,4931,208.30495356037156,140.22755417956657,31.095083162576174,26.50578147570469,73.41866725039897,33.678215521007594,Fixation,332943,99,1,38.15999984741211,34.36000061035156,45.0,40.0,8.865393121719821,0.4339033365249634,0.0,center_proxy_gt_axes_angle,,,left_only
340599,4799,test,48,left,session_1_0_1,101,saccade_fixation,1658486960217439,4897,169.6267087276551,118.3491062039958,35.79604693720713,33.92028089926272,-44.644746084319706,0.538012525613483,Fixation,340500,99,1,30.8799991607666,28.84000015258789,46.0,42.0,20.044950021446933,0.4207378625869751,0.0,center_proxy_gt_axes_angle,,,left_only
343359,2663,test,48,left,session_1_0_2,102,smooth,1658487108177557,2735,117.61447368421052,132.18947368421053,38.88923533741645,24.959359339501336,-88.92089252761559,9.447588958894636,Smooth,343296,63,1,21.31999969482422,32.20000076293945,46.0,28.0,25.034824174980113,0.31466013193130493,0.0,center_proxy_gt_axes_angle,,,left_only
343360,2664,test,48,left,session_1_0_2,102,smooth,1658487108217557,2736,116.87265415549598,131.72386058981232,38.14297020688476,24.98340444812621,-87.6894687445383,11.320105279069727,Smooth,343296,64,1,21.280000686645508,32.20000076293945,27.0,29.0,6.554265559739623,0.3418372869491577,0.0625,center_proxy_gt_axes_angle,,,left_only
343361,2665,test,48,left,session_1_0_2,102,smooth,1658487108257557,2737,116.47619047619048,131.20272108843537,38.32145798533253,24.50682125780636,-87.74017841027968,10.787810357797,Smooth,343296,65,1,21.239999771118164,31.84000015258789,29.0,30.0,7.975161698283591,0.35437142848968506,0.0,center_proxy_gt_axes_angle,,,left_only
343362,2666,test,48,left,session_1_0_2,102,smooth,1658487108297558,2738,116.32697547683924,131.03950953678475,38.06857771513603,24.633141831711967,-88.43142435770238,5.535079593886276,Smooth,343296,66,1,21.239999771118164,31.84000015258789,29.0,30.0,7.975161698283591,0.36266663670539856,0.0,center_proxy_gt_axes_angle,,,left_only
343363,2667,test,48,left,session_1_0_2,102,smooth,1658487108337558,2739,116.31292517006804,131.05578231292515,38.08555480522018,24.660287026625177,-88.25053729248529,1.1213909560829054,Smooth,343296,67,1,21.239999771118164,31.84000015258789,29.0,30.0,7.975161698283591,0.38624057173728943,0.0,center_proxy_gt_axes_angle,,,left_only
343364,2668,test,48,left,session_1_0_2,102,smooth,1658487108377558,2740,116.28317373461012,131.06292749658002,38.06699603870498,24.53391803204332,-88.68203499863944,1.3936212301676825,Smooth,343296,68,1,21.239999771118164,31.84000015258789,29.0,30.0,7.975161698283591,0.34924596548080444,0.0,center_proxy_gt_axes_angle,,,left_only
343365,2669,test,48,left,session_1_0_2,102,smooth,1658487108417558,2741,116.29680998613036,131.20665742024966,37.85990986859552,24.357635864446085,-88.85362096695212,2.68250733662697,Smooth,343296,69,1,21.239999771118164,31.84000015258789,29.0,29.0,8.26336519941757,0.4111141860485077,0.0,center_proxy_gt_axes_angle,,,left_only
343366,2670,test,48,left,session_1_0_2,102,smooth,1658487108457558,2742,116.40055248618783,131.25,38.03383740478615,24.33203610187806,-88.30906517855406,2.653933402926603,Smooth,343296,70,1,21.239999771118164,31.84000015258789,28.0,28.0,7.7745227677560695,0.39799433946609497,0.009900990099009901,center_proxy_gt_axes_angle,,,left_only
343367,2671,test,48,left,session_1_0_2,102,smooth,1658487108497558,2743,116.49168975069252,131.4459833795014,37.697684212791536,24.473179979230338,-88.279630298064,1.6235147619354806,Smooth,343296,71,1,21.239999771118164,32.0,28.0,31.0,6.833564450159409,0.3352642059326172,0.03614457831325301,center_proxy_gt_axes_angle,,,left_only
343368,2672,test,48,left,session_1_0_2,102,smooth,1658487108537558,2744,116.50692520775624,131.42382271468145,37.61073835173996,24.52266107715392,-87.76009642354587,0.5471021205629628,Smooth,343296,72,1,21.239999771118164,32.0,28.0,33.0,6.833564450159409,0.30541694164276123,0.04878048780487805,center_proxy_gt_axes_angle,,,left_only
343369,2673,test,48,left,session_1_0_2,102,smooth,1658487108577558,2745,116.4896551724138,131.3806896551724,37.84072706257592,24.479891262176302,-88.41204525617421,0.8715067568359994,Smooth,343296,73,1,21.239999771118164,32.0,28.0,33.0,6.833564450159409,0.2946033775806427,0.04878048780487805,center_proxy_gt_axes_angle,,,left_only
343370,2674,test,48,left,session_1_0_2,102,smooth,1658487108617558,2746,116.48422496570645,131.27572016460906,38.15662986722088,24.422396782241304,-88.57677400574592,1.3294505341766718,Smooth,343296,74,1,21.239999771118164,31.84000015258789,27.0,33.0,5.875644839735884,0.3027312755584717,0.10112359550561797,center_proxy_gt_axes_angle,,,left_only
343371,2675,test,48,left,session_1_0_2,102,smooth,1658487108657558,2747,116.5281207133059,131.3113854595336,37.939161087464086,24.55965680587856,-88.02104482672894,1.25322126921811,Smooth,343296,75,1,21.239999771118164,31.84000015258789,27.0,34.0,6.151682857360182,0.3093315064907074,0.0851063829787234,center_proxy_gt_axes_angle,,,left_only
343372,2676,test,48,left,session_1_0_2,102,smooth,1658487108697558,2748,116.55374149659863,131.21632653061224,38.30039556153273,24.51580859004432,-87.96723456074551,1.0991497372601404,Smooth,343296,76,1,21.239999771118164,31.84000015258789,27.0,33.0,5.875644839735884,0.32789117097854614,0.10869565217391304,center_proxy_gt_axes_angle,,,left_only
343373,2677,test,48,left,session_1_0_2,102,smooth,1658487108737558,2749,116.59183673469389,131.20816326530613,38.33432326198557,24.491391873474537,-87.48481087516514,1.3266197975700675,Smooth,343296,77,1,21.239999771118164,31.84000015258789,27.0,33.0,5.875644839735884,0.36473047733306885,0.08888888888888889,center_proxy_gt_axes_angle,,,left_only
343374,2678,test,48,left,session_1_0_2,102,smooth,1658487108777558,2750,116.64005412719892,131.35723951285522,38.401526871333445,24.601522309309438,-88.65980034449059,2.102701354121746,Smooth,343296,78,1,21.239999771118164,32.0,27.0,33.0,5.846161359107256,0.34060466289520264,0.10112359550561797,center_proxy_gt_axes_angle,,,left_only
343375,2679,test,48,left,session_1_0_2,102,smooth,1658487108817558,2751,116.69482288828338,131.44277929155314,38.27723305132211,24.514529153727548,-87.9955253837872,1.760861226703116,Smooth,343296,79,1,21.239999771118164,32.0,27.0,33.0,5.846161359107256,0.30010655522346497,0.10869565217391304,center_proxy_gt_axes_angle,,,left_only
343376,2680,test,48,left,session_1_0_2,102,smooth,1658487108857558,2752,116.72913816689469,131.50341997264022,37.82832143075501,24.66703029396317,-89.10132319327121,0.4268887342900905,Smooth,343296,80,1,21.239999771118164,32.0,27.0,28.0,7.012674428256227,0.32580530643463135,0.03614457831325301,center_proxy_gt_axes_angle,,,left_only
343377,2681,test,48,left,session_1_0_2,102,smooth,1658487108897558,2753,116.72108843537416,131.45850340136053,38.12610127555981,24.64245589319497,-88.40168216457623,1.2005901861922652,Smooth,343296,81,1,21.280000686645508,32.040000915527344,27.0,27.0,7.6236475110863,0.32941675186157227,0.02,center_proxy_gt_axes_angle,,,left_only
343378,2682,test,48,left,session_1_0_2,102,smooth,1658487108937558,2754,116.6693657219973,131.29554655870444,38.575142492818166,24.552059298281804,-88.43314766817603,1.7896731652396354,Smooth,343296,82,1,21.239999771118164,32.0,27.0,27.0,7.627424377646677,0.3710351586341858,0.02,center_proxy_gt_axes_angle,,,left_only
343379,2683,test,48,left,session_1_0_2,102,smooth,1658487108977558,2755,116.7108108108108,131.25135135135136,38.54757352273884,24.540655194872677,-88.54529928789121,2.676102753268014,Smooth,343296,83,1,21.239999771118164,32.0,27.0,27.0,7.627424377646677,0.29394444823265076,0.020833333333333332,center_proxy_gt_axes_angle,,,left_only
343380,2684,test,48,left,session_1_0_2,102,smooth,1658487109017558,2756,116.62449528936745,131.23687752355318,38.5212956315246,24.642102208636626,-88.61327365491526,4.777613929035614,Smooth,343296,84,1,21.239999771118164,31.84000015258789,28.0,27.0,8.31403659912159,0.3459780812263489,0.0,center_proxy_gt_axes_angle,,,left_only
343381,2685,test,48,left,session_1_0_2,102,smooth,1658487109057558,2757,116.640434192673,131.03799185888738,38.34102591087583,24.53107477930125,-88.3660471877498,18.27105025581104,Smooth,343296,85,1,21.239999771118164,31.84000015258789,46.0,28.0,25.05600152670221,0.271050363779068,0.0,center_proxy_gt_axes_angle,,,left_only
343382,2686,test,48,left,session_1_0_2,102,smooth,1658487109097558,2758,116.913217623498,132.0200267022697,38.276300830423935,25.030918429194195,-89.48808272216985,21.935733265510752,Smooth,343296,86,1,21.280000686645508,32.20000076293945,26.0,28.0,6.318100974720084,0.4166097044944763,0.10112359550561797,center_proxy_gt_axes_angle,,,left_only
343383,2687,test,48,left,session_1_0_2,102,smooth,1658487109137558,2759,117.47450980392156,134.07320261437908,38.58025143476419,25.35471414386471,87.17887155084549,23.093852323583743,Smooth,343296,87,1,21.559999465942383,32.47999954223633,29.0,31.0,7.585776597804431,0.40711677074432373,0.0,center_proxy_gt_axes_angle,,,left_only
343384,2688,test,48,left,session_1_0_2,102,smooth,1658487109177558,2760,117.6671052631579,134.58815789473684,38.68402745779689,25.14266953365864,88.88769206440034,15.818088292877444,Smooth,343296,88,1,21.31999969482422,32.79999923706055,26.0,31.0,5.014219790741523,0.38862740993499756,0.15294117647058825,center_proxy_gt_axes_angle,,,left_only
343385,2689,test,48,left,session_1_0_2,102,smooth,1658487109217558,2761,117.84424083769632,134.53141361256544,38.33662561919131,25.50215491700893,88.58730932299402,2.5505099010047103,Smooth,343296,89,1,21.399999618530273,32.52000045776367,26.0,30.0,5.24503630270094,0.37416785955429077,0.11363636363636363,center_proxy_gt_axes_angle,,,left_only
343386,2690,test,48,left,session_1_0_2,102,smooth,1658487109257558,2762,117.79133858267716,134.39370078740157,38.42683447307354,25.36188825921632,89.2830534420379,2.441710798510931,Smooth,343296,90,1,21.559999465942383,32.52000045776367,45.0,30.0,23.57507215988427,0.3288692533969879,0.0,center_proxy_gt_axes_angle,,,left_only
343387,2691,test,48,left,session_1_0_2,102,smooth,1658487109297558,2763,117.80870712401055,134.30738786279684,38.23391863493389,25.345871252163253,88.95396256873701,10.243143878930905,Smooth,343296,91,1,21.559999465942383,32.47999954223633,45.0,30.0,23.57082991254474,0.25635361671447754,0.0,center_proxy_gt_axes_angle,,,left_only
343388,2692,test,48,left,session_1_0_2,102,smooth,1658487109337558,2764,117.71580345285524,134.20053120849934,38.257808001307104,25.145910014252262,88.24317901707826,13.231933095070524,Smooth,343296,92,1,21.559999465942383,32.47999954223633,34.0,27.0,13.59352817594697,0.24342451989650726,0.0,center_proxy_gt_axes_angle,,,left_only
343389,2693,test,48,left,session_1_0_2,102,smooth,1658487109377558,2765,117.1710875331565,133.0371352785146,38.39519892452201,25.07521836080112,-88.91425785774001,13.6197773339517,Smooth,343296,93,1,21.440000534057617,32.400001525878906,27.0,30.0,6.055873296684852,0.339661180973053,0.06521739130434782,center_proxy_gt_axes_angle,,,left_only
343390,2694,test,48,left,session_1_0_2,102,smooth,1658487109417558,2766,116.50484094052558,132.71230982019364,37.80989710263979,24.483543501148414,89.65479036766874,12.83038447382456,Smooth,343296,94,1,21.280000686645508,32.20000076293945,28.0,30.0,7.070954258685246,0.4080232083797455,0.012048192771084338,center_proxy_gt_axes_angle,,,left_only
343391,2695,test,48,left,session_1_0_2,102,smooth,1658487109457558,2767,116.5103448275862,132.55724137931034,38.05281216266807,24.397986860607872,-89.82179783780393,6.022482517369713,Smooth,343296,95,1,21.280000686645508,32.20000076293945,27.0,29.0,6.554265559739623,0.4348292946815491,0.043478260869565216,center_proxy_gt_axes_angle,,,left_only
343392,2696,test,48,left,session_1_0_2,102,smooth,1658487109497558,2768,116.48189415041784,132.55988857938718,37.73833096972299,24.36493165633329,-89.67143630652659,3.0996202216609343,Smooth,343296,96,1,21.280000686645508,32.20000076293945,27.0,30.0,6.128490474962822,0.43592867255210876,0.06329113924050633,center_proxy_gt_axes_angle,,,left_only
343393,2697,test,48,left,session_1_0_2,102,smooth,1658487109537559,2769,116.46866096866096,132.37749287749287,37.19367245209882,24.16017215968905,-89.36110112198283,2.967340039709075,Smooth,343296,97,1,21.280000686645508,32.20000076293945,28.0,30.0,7.070954258685246,0.4346001148223877,0.011764705882352941,center_proxy_gt_axes_angle,,,left_only
343394,2698,test,48,left,session_1_0_2,102,smooth,1658487109577559,2770,116.56090651558074,132.21954674220964,36.942845436279065,24.397188373419976,-89.25927918972063,3.3617675060117205,Smooth,343296,98,1,21.280000686645508,32.20000076293945,28.0,29.0,7.443009851820561,0.43178650736808777,0.0,center_proxy_gt_axes_angle,,,left_only
343395,2699,test,48,left,session_1_0_2,102,smooth,1658487109617559,2771,116.68970588235294,132.11764705882354,36.15156213896931,24.043763902390616,-89.86649332824867,4.151576472391211,Smooth,343296,99,1,21.31999969482422,32.0,45.0,39.0,24.692962852868124,0.4600231647491455,0.0,center_proxy_gt_axes_angle,,,left_only
348037,4607,test,48,left,session_2_0_1,201,saccade_fixation,1658487326777733,4774,171.1608527131783,110.57945736434108,32.30970419361734,20.632681762565635,-3.364606863343909,2.1114076036429767,Fixation,348030,7,1,31.31999969482422,26.68000030517578,35.0,30.0,4.956288956439763,0.43368226289749146,0.1780821917808219,center_proxy_gt_axes_angle,,,left_only
348038,4608,test,48,left,session_2_0_1,201,saccade_fixation,1658487326817733,4775,171.43028485757122,107.1649175412294,31.707077610885463,26.86065204476701,-11.57694395291037,25.372953968991435,Fixation,348030,8,1,31.239999771118164,25.959999084472656,34.0,30.0,4.8927710615651705,0.47328102588653564,0.13846153846153847,center_proxy_gt_axes_angle,,,left_only
348039,4609,test,48,left,session_2_0_1,201,saccade_fixation,1658487326857733,4776,171.29142857142858,106.57714285714286,31.40368330562156,28.42755700529339,-22.42136741555709,22.10539065696834,Fixation,348030,9,1,31.239999771118164,25.959999084472656,27.0,29.0,5.217202662873005,0.4072969853878021,0.027777777777777776,center_proxy_gt_axes_angle,,,left_only
348040,4610,test,48,left,session_2_0_1,201,saccade_fixation,1658487326897733,4777,170.85413744740532,106.94950911640954,31.71289516988415,28.6767200753973,-21.974009400053436,4.319712378866548,Fixation,348030,10,1,31.239999771118164,25.959999084472656,29.0,28.0,3.029719906189651,0.4447609782218933,0.21951219512195122,center_proxy_gt_axes_angle,,,left_only
348041,4611,test,48,left,session_2_0_1,201,saccade_fixation,1658487326937733,4778,170.85474860335196,107.05586592178771,31.70236221877677,28.79444759449058,-23.568765246104704,5.85837256087085,Fixation,348030,11,1,31.239999771118164,25.959999084472656,33.0,28.0,2.6942911017587754,0.42356055974960327,0.5454545454545454,center_proxy_gt_axes_angle,,,left_only
348042,4612,test,48,left,session_2_0_1,201,saccade_fixation,1658487326977733,4779,170.7393689986283,107.14677640603568,31.791035940069253,29.23031843978746,-23.41360622137964,2.179719356187117,Fixation,348030,12,1,31.280000686645508,26.0,26.0,28.0,5.6460966384730815,0.4044373035430908,0.009900990099009901,center_proxy_gt_axes_angle,,,left_only
348043,4613,test,48,left,session_2_0_1,201,saccade_fixation,1658487327017733,4780,170.6639455782313,107.2734693877551,32.10276332970782,29.201218093193003,-26.25152124973081,1.76684557149493,Fixation,348030,13,1,31.239999771118164,25.959999084472656,27.0,28.0,4.705231322096129,0.3671969771385193,0.043478260869565216,center_proxy_gt_axes_angle,,,left_only
348044,4614,test,48,left,session_2_0_1,201,saccade_fixation,1658487327057733,4781,170.75166002656042,107.28286852589642,32.60756003278959,29.433596533342463,-31.57450636495605,3.0696777192420344,Fixation,348030,14,1,31.079999923706055,26.239999771118164,28.0,28.0,3.547393456566866,0.44366079568862915,0.14634146341463414,center_proxy_gt_axes_angle,,,left_only
348045,4615,test,48,left,session_2_0_1,201,saccade_fixation,1658487327097733,4782,170.85807291666666,107.33854166666669,32.78562734278183,29.859544754746675,-34.07187112580428,2.37640875947142,Fixation,348030,15,1,31.200000762939453,26.040000915527344,29.0,29.0,3.688034427308555,0.387103796005249,0.13157894736842105,center_proxy_gt_axes_angle,,,left_only
348046,4616,test,48,left,session_2_0_1,201,saccade_fixation,1658487327137733,4783,171.03213367609254,107.54113110539846,32.7666111395463,30.26434013219964,-27.78102532768594,1.256717486878029,Fixation,348030,16,1,31.239999771118164,26.079999923706055,33.0,29.0,3.409398957473408,0.39656078815460205,0.391304347826087,center_proxy_gt_axes_angle,,,left_only
348047,4617,test,48,left,session_2_0_1,201,saccade_fixation,1658487327177733,4784,171.0189633375474,107.40960809102404,33.087867726763754,30.478188731940342,-31.11352876355687,74.99494478667273,Fixation,348030,17,1,31.200000762939453,26.040000915527344,29.0,28.0,2.946455458354636,0.41567307710647583,0.24675324675324675,center_proxy_gt_axes_angle,,,left_only
348048,4618,test,48,left,session_2_0_1,201,saccade_fixation,1658487327217733,4785,170.95267745952677,107.28767123287672,33.32409181027272,30.74687631574598,-35.39900575493235,155.68634570904663,Fixation,348030,18,1,31.200000762939453,26.040000915527344,28.0,28.0,3.7525459749277865,0.31977635622024536,0.11392405063291139,center_proxy_gt_axes_angle,,,left_only
348049,4619,test,48,left,session_2_0_1,201,saccade_fixation,1658487327257733,4786,181.1424802110818,101.15699208443272,32.45376175663605,29.81574726332613,-20.55044496650396,169.50361696227353,Fixation,348030,19,1,33.2400016784668,24.479999542236328,33.0,25.0,0.572713961538662,0.6694804430007935,0.6949152542372882,center_proxy_gt_axes_angle,,,left_only
348050,4620,test,48,left,session_2_0_1,201,saccade_fixation,1658487327297733,4787,194.5216216216216,99.25,32.75976477292377,28.78505725718723,17.178760784033784,170.19199914784494,Fixation,348030,20,1,35.52000045776367,24.0,35.0,24.0,0.5200004577636719,0.6965270042419434,0.6785714285714286,center_proxy_gt_axes_angle,,,left_only
348051,4621,test,48,left,session_2_0_1,201,saccade_fixation,1658487327337733,4788,197.0386740331492,99.76104972375693,32.67168879826931,28.245550264195742,21.444001079187643,101.02269245483328,Fixation,348030,21,1,36.0,24.0,35.0,25.0,1.4142135623730951,0.6002842783927917,0.6818181818181818,center_proxy_gt_axes_angle,,,left_only
348052,4622,test,48,left,session_2_0_1,201,saccade_fixation,1658487327377733,4789,197.2486187845304,100.21408839779004,32.928297044434835,28.014093986184356,22.711511573258235,18.638636390576977,Fixation,348030,22,1,36.119998931884766,24.239999771118164,33.0,25.0,3.2112293102272407,0.3351849913597107,0.27586206896551724,center_proxy_gt_axes_angle,,,left_only
348053,4623,test,48,left,session_2_0_1,201,saccade_fixation,1658487327417733,4790,197.2881118881119,100.3944055944056,32.836613491077955,27.737605371498912,20.954761030031506,14.834117921365127,Fixation,348030,23,1,36.08000183105469,24.31999969482422,45.0,25.0,8.945879931511874,0.4055091142654419,0.0,center_proxy_gt_axes_angle,,,left_only
348054,4624,test,48,left,session_2_0_1,201,saccade_fixation,1658487327457733,4791,197.2877094972067,100.3645251396648,32.89559228213744,27.7280170750258,20.887935561598823,19.96504923714815,Fixation,348030,24,1,36.08000183105469,24.360000610351562,45.0,25.0,8.942928298535,0.3661693036556244,0.0,center_proxy_gt_axes_angle,,,left_only
348055,4625,test,48,left,session_2_0_1,201,saccade_fixation,1658487327497733,4792,199.40058910162003,99.52724594992635,32.434597533713365,26.687038407260324,27.52291918585752,20.35413938681237,Fixation,348030,25,1,36.47999954223633,24.079999923706055,36.0,25.0,1.0376895975810636,0.6376286745071411,0.5925925925925926,center_proxy_gt_axes_angle,,,left_only
348056,4626,test,48,left,session_2_0_1,201,saccade_fixation,1658487327537733,4793,200.2381679389313,99.0885496183206,32.0015543657014,26.11431704031917,25.97725794956452,20.69273984289082,Fixation,348030,26,1,36.47999954223633,24.0,36.0,25.0,1.109233771820478,0.562261164188385,0.6086956521739131,center_proxy_gt_axes_angle,,,left_only
348057,4627,test,48,left,session_2_0_1,201,saccade_fixation,1658487327577733,4794,200.215503875969,98.96744186046512,31.788650776869936,25.87547594130872,26.56681800908018,6.351970903316349,Fixation,348030,27,1,36.47999954223633,24.0,35.0,24.0,1.4799995422363281,0.3325868844985962,0.5087719298245614,center_proxy_gt_axes_angle,,,left_only
348058,4628,test,48,left,session_2_0_1,201,saccade_fixation,1658487327617733,4795,200.27099841521397,98.92868462757528,31.404982009674296,25.620075716573336,25.62580771774887,0.8185487281944565,Fixation,348030,28,1,36.47999954223633,24.0,43.0,23.0,6.596241806456043,0.4831576347351074,0.027777777777777776,center_proxy_gt_axes_angle,,,left_only
348059,4629,test,48,left,session_2_0_1,201,saccade_fixation,1658487327657733,4796,200.2276422764228,98.93658536585366,31.117172926178263,25.21605061353343,25.313993374611613,2.5058415010363446,Fixation,348030,29,1,36.47999954223633,24.0,45.0,24.0,8.520000457763672,0.4020656943321228,0.0,center_proxy_gt_axes_angle,,,left_only
348060,4630,test,48,left,session_2_0_1,201,saccade_fixation,1658487327697733,4797,200.3640776699029,99.12459546925568,31.22369171490799,25.249176459642467,26.13817060391966,3.667385922474404,Fixation,348030,30,1,36.47999954223633,24.0,45.0,23.0,8.578485169322914,0.435394823551178,0.0,center_proxy_gt_axes_angle,,,left_only
348061,4631,test,48,left,session_2_0_1,201,saccade_fixation,1658487327737733,4798,200.50888529886916,99.24071082390954,31.21764163725472,25.288653199398368,22.598126709450213,2.50383085663438,Fixation,348030,31,1,36.560001373291016,24.1200008392334,45.0,23.0,8.513987238581759,0.422482430934906,0.0,center_proxy_gt_axes_angle,,,left_only
348062,4632,test,48,left,session_2_0_1,201,saccade_fixation,1658487327777733,4799,200.66613672496027,99.362480127186,31.629595270965776,25.354359997198543,23.30087950491648,1.465030490252452,Fixation,348030,32,1,36.560001373291016,24.1200008392334,46.0,22.0,9.675121582213725,0.4040737748146057,0.0,center_proxy_gt_axes_angle,,,left_only
348063,4633,test,48,left,session_2_0_1,201,saccade_fixation,1658487327817733,4800,200.5182250396197,99.21236133122028,31.50332749109796,25.53811697511288,24.505009358429334,0.6177967804388064,Fixation,348030,33,1,36.47999954223633,24.0,46.0,24.0,9.520000457763672,0.3210252523422241,0.0,center_proxy_gt_axes_angle,,,left_only
348064,4634,test,48,left,session_2_0_1,201,saccade_fixation,1658487327857733,4801,200.584375,99.2046875,31.91232233797773,25.56842633375209,26.06680361982697,1.7259667140949106,Fixation,348030,34,1,36.47999954223633,24.0,47.0,23.0,10.567422090147998,0.36467623710632324,0.0,center_proxy_gt_axes_angle,,,left_only
348065,4635,test,48,left,session_2_0_1,201,saccade_fixation,1658487327897733,4802,200.57686453576864,99.1689497716895,32.340481019567726,25.90467035039575,24.990206705431007,1.5700897452837164,Fixation,348030,35,1,36.47999954223633,24.0,46.0,22.0,9.72781623571398,0.4096081554889679,0.0,center_proxy_gt_axes_angle,,,left_only
348066,4636,test,48,left,session_2_0_1,201,saccade_fixation,1658487327937734,4803,200.5949177877429,99.09566517189836,32.524417315412165,26.2193850674987,25.92279158223968,1.5540937906128074,Fixation,348030,36,1,36.47999954223633,24.0,46.0,22.0,9.72781623571398,0.4044990539550781,0.0,center_proxy_gt_axes_angle,,,left_only
348067,4637,test,48,left,session_2_0_1,201,saccade_fixation,1658487327977734,4804,200.703216374269,99.04239766081872,32.84027271853505,26.552982781568566,25.600013953244087,1.3257055182677082,Fixation,348030,37,1,36.52000045776367,23.920000076293945,46.0,22.0,9.67247598155559,0.4265187978744507,0.0,center_proxy_gt_axes_angle,,,left_only
348068,4638,test,48,left,session_2_0_1,201,saccade_fixation,1658487328017734,4805,200.6992805755396,98.9841726618705,32.87191806163083,26.96505400835133,26.407137401392333,10.068191432435674,Fixation,348030,38,1,36.52000045776367,23.920000076293945,46.0,22.0,9.67247598155559,0.40212365984916687,0.0,center_proxy_gt_axes_angle,,,left_only
348069,4639,test,48,left,session_2_0_1,201,saccade_fixation,1658487328057734,4806,200.7840112201964,99.21458625525946,33.21661731834017,27.368619292843988,30.02456954439728,71.89106964631043,Fixation,348030,39,1,36.52000045776367,23.920000076293945,46.0,23.0,9.524536285887196,0.420316219329834,0.0,center_proxy_gt_axes_angle,,,left_only
348070,4640,test,48,left,session_2_0_1,201,saccade_fixation,1658487328097734,4807,199.0583446404342,99.57937584803256,33.96053491018248,27.66553110789941,20.493303125370943,87.983168573922,Fixation,348030,40,1,36.36000061035156,24.15999984741211,46.0,24.0,9.641327096597966,0.3988187909126282,0.0,center_proxy_gt_axes_angle,,,left_only
348071,4641,test,48,left,session_2_0_1,201,saccade_fixation,1658487328137734,4808,190.06194690265488,103.40960809102404,33.418491140407696,30.184153400474216,15.988800769471425,88.40605754179687,Fixation,348030,41,1,34.599998474121094,25.1200008392334,35.0,25.0,0.41761396303544884,0.6633971929550171,1.0,center_proxy_gt_axes_angle,,,left_only
348072,4642,test,48,left,session_2_0_1,201,saccade_fixation,1658487328177734,4809,187.88409371146733,104.81011097410604,33.60705058709252,30.769717420285264,16.204952765728194,77.23012846873215,Fixation,348030,42,1,34.20000076293945,25.559999465942383,34.0,25.0,0.594642503553284,0.6052805185317993,0.6206896551724138,center_proxy_gt_axes_angle,,,left_only
348073,4643,test,48,left,session_2_0_1,201,saccade_fixation,1658487328217734,4810,187.7890243902439,104.80121951219512,33.794841673116004,30.93625851526276,13.161668250765588,16.064559293395515,Fixation,348030,43,1,34.20000076293945,25.559999465942383,33.0,26.0,1.2781245248512596,0.43442773818969727,0.4782608695652174,center_proxy_gt_axes_angle,,,left_only
348074,4644,test,48,left,session_2_0_1,201,saccade_fixation,1658487328257734,4811,187.80703883495147,104.6881067961165,33.781420542189004,31.088401161215856,15.989583767922824,1.1308522770560248,Fixation,348030,44,1,34.2400016784668,25.520000457763672,32.0,26.0,2.2908529154184367,0.3234691619873047,0.3055555555555556,center_proxy_gt_axes_angle,,,left_only
348075,4645,test,48,left,session_2_0_1,201,saccade_fixation,1658487328297734,4812,187.81907090464549,104.66503667481662,33.6615706365185,30.983120777998472,14.838700759451116,2.41420906303866,Fixation,348030,45,1,34.20000076293945,25.440000534057617,28.0,27.0,6.393247046234825,0.29345375299453735,0.0,center_proxy_gt_axes_angle,,,left_only
348076,4646,test,48,left,session_2_0_1,201,saccade_fixation,1658487328337734,4813,187.7181705809641,104.7379480840544,33.444495944968295,30.8573164817691,11.669790172770403,1.768669741318884,Fixation,348030,46,1,34.20000076293945,25.559999465942383,29.0,25.0,5.230067622548169,0.2696254849433899,0.031578947368421054,center_proxy_gt_axes_angle,,,left_only
348077,4647,test,48,left,session_2_0_1,201,saccade_fixation,1658487328377734,4814,187.4250645994832,104.671834625323,32.40993151902932,30.46530542900007,8.980513181321726,3.459028398940593,Fixation,348030,47,1,34.20000076293945,25.520000457763672,45.0,24.0,10.906437773723837,0.2665863335132599,0.0,center_proxy_gt_axes_angle,,,left_only
348078,4648,test,48,left,session_2_0_1,201,saccade_fixation,1658487328417734,4815,187.553664921466,104.81413612565446,32.29453672760514,30.182051608346608,6.918642798327994,3.4751106238503846,Fixation,348030,48,1,34.20000076293945,25.520000457763672,29.0,23.0,5.778443582981494,0.3068205416202545,0.0,center_proxy_gt_axes_angle,,,left_only
348079,4649,test,48,left,session_2_0_1,201,saccade_fixation,1658487328457734,4816,187.26577181208052,104.65234899328858,31.80289929054396,29.893730991486823,4.964391091345874,1.4104811567447135,Fixation,348030,49,1,34.279998779296875,25.399999618530273,31.0,25.0,3.3042989705856454,0.24647873640060425,0.16666666666666666,center_proxy_gt_axes_angle,,,left_only
348080,4650,test,48,left,session_2_0_1,201,saccade_fixation,1658487328497734,4817,187.22664835164835,104.47802197802196,31.516465387341597,29.46805534527073,9.253819666064146,3.1886516388662334,Fixation,348030,50,1,34.279998779296875,25.399999618530273,29.0,25.0,5.295128591847496,0.32335710525512695,0.020833333333333332,center_proxy_gt_axes_angle,,,left_only
348081,4651,test,48,left,session_2_0_1,201,saccade_fixation,1658487328537734,4818,187.28294036061027,104.49653259361996,31.13338674037836,29.54673445795852,6.767677226617366,1.9589079283169697,Fixation,348030,51,1,34.15999984741211,25.31999969482422,32.0,26.0,2.264508722849062,0.30090227723121643,0.2972972972972973,center_proxy_gt_axes_angle,,,left_only
348082,4652,test,48,left,session_2_0_1,201,saccade_fixation,1658487328577734,4819,187.1864640883978,104.45994475138122,31.292990955095856,29.52760491132568,10.163844287135705,1.2728719431773854,Fixation,348030,52,1,34.15999984741211,25.31999969482422,31.0,26.0,3.2323365311618946,0.2648218870162964,0.19047619047619047,center_proxy_gt_axes_angle,,,left_only
348083,4653,test,48,left,session_2_0_1,201,saccade_fixation,1658487328617734,4820,187.14032697547685,104.3651226158038,31.406601761921973,29.83360105364042,7.198524607592049,3.067842655919344,Fixation,348030,53,1,34.2400016784668,25.280000686645508,29.0,25.0,5.247477296268827,0.25545457005500793,0.02127659574468085,center_proxy_gt_axes_angle,,,left_only
348084,4654,test,48,left,session_2_0_1,201,saccade_fixation,1658487328657734,4821,187.27285129604363,104.27967257844476,31.351415017284392,29.83592291042015,9.436337827340424,39.107487465923946,Fixation,348030,54,1,34.15999984741211,25.31999969482422,25.0,22.0,9.743099875205159,0.35028111934661865,0.0,center_proxy_gt_axes_angle,,,left_only
348085,4655,test,48,left,session_2_0_1,201,saccade_fixation,1658487328697734,4822,187.4826203208556,104.048128342246,31.856527223482285,29.953743186486648,1.3199768151893068,136.81908644834846,Fixation,348030,55,1,34.400001525878906,25.31999969482422,30.0,25.0,4.41162251699126,0.34494370222091675,0.10112359550561797,center_proxy_gt_axes_angle,,,left_only
348086,4656,test,48,left,session_2_0_1,201,saccade_fixation,1658487328737734,4823,184.5586353944563,110.13859275053304,33.59518062044397,17.98789598332145,5.733351222586776,123.36357767418453,Fixation,348030,56,1,33.79999923706055,26.68000030517578,32.0,30.0,3.776558648697443,0.48359355330467224,0.17391304347826086,center_proxy_gt_axes_angle,,,left_only
348087,4657,test,48,left,session_2_0_1,201,saccade_fixation,1658487328857734,4826,162.73317307692307,126.33173076923076,27.65865049318067,19.41012695702408,-2.1826935671575143,119.50254676082088,Fixation,348030,57,1,29.639999389648438,30.8799991607666,43.0,32.0,13.406864592009484,0.3131696581840515,0.0,center_proxy_gt_axes_angle,,,left_only
348088,4658,test,48,left,session_2_0_1,201,saccade_fixation,1658487328897734,4827,162.7348284960422,120.84696569920844,34.115002643254925,28.447736079156453,-8.6150568107482,98.4189276528169,Fixation,348030,58,1,29.639999389648438,29.399999618530273,28.0,30.0,1.746309954106391,0.5112162828445435,0.4626865671641791,center_proxy_gt_axes_angle,,,left_only
348089,4659,test,48,left,session_2_0_1,201,saccade_fixation,1658487328937734,4828,162.6830102622577,118.45496009122007,34.78092013331465,32.16717635796439,-49.654816258186656,48.19758538390168,Fixation,348030,59,1,29.639999389648438,28.8799991607666,27.0,29.0,2.642725293851187,0.4643559455871582,0.36363636363636365,center_proxy_gt_axes_angle,,,left_only
348090,4660,test,48,left,session_2_0_1,201,saccade_fixation,1658487328977734,4829,162.41826381059752,118.36865839909808,35.283864763859114,32.079747170219385,-59.400309857594735,12.865036822683296,Fixation,348030,60,1,29.600000381469727,28.799999237060547,29.0,30.0,1.3416416394921138,0.4086749255657196,0.6271186440677966,center_proxy_gt_axes_angle,,,left_only
348091,4661,test,48,left,session_2_0_1,201,saccade_fixation,1658487329017734,4830,162.4253647586981,118.62626262626264,34.85353983406425,32.59901473138835,-58.15969725292264,4.213889306444078,Fixation,348030,61,1,29.639999389648438,28.8799991607666,34.0,32.0,5.361344100044606,0.45717352628707886,0.16049382716049382,center_proxy_gt_axes_angle,,,left_only
348092,4662,test,48,left,session_2_0_1,201,saccade_fixation,1658487329057734,4831,162.48076923076923,118.80429864253394,34.97476073247269,32.2468264709152,-55.523190953543065,9.087109958509798,Fixation,348030,62,1,29.639999389648438,28.8799991607666,28.0,30.0,1.9859506232358257,0.459868848323822,0.43333333333333335,center_proxy_gt_axes_angle,,,left_only
348093,4663,test,48,left,session_2_0_1,201,saccade_fixation,1658487329097734,4832,162.45762711864407,119.090395480226,35.460588825166624,31.85320579364583,-50.94456609846032,36.992420512358,Fixation,348030,63,1,29.559999465942383,28.8799991607666,27.0,27.0,3.1761602777738425,0.45810383558273315,0.3235294117647059,center_proxy_gt_axes_angle,,,left_only
348094,4664,test,48,left,session_2_0_1,201,saccade_fixation,1658487329137734,4833,161.3795045045045,117.35135135135135,35.324958237754046,32.07245792294592,-53.752064280216615,31.01037893201668,Fixation,348030,64,1,29.440000534057617,28.360000610351562,34.0,29.0,4.604692644264674,0.3135840594768524,0.2222222222222222,center_proxy_gt_axes_angle,,,left_only
348095,4665,test,48,left,session_2_0_1,201,saccade_fixation,1658487329177734,4834,159.22222222222223,113.64912280701756,35.066125641764835,31.10803426966893,-56.713977386142574,15.60702546513932,Fixation,348030,65,1,29.0,27.559999465942383,29.0,28.0,0.4400005340576172,0.6425466537475586,1.0,center_proxy_gt_axes_angle,,,left_only
348096,4666,test,48,left,session_2_0_1,201,saccade_fixation,1658487329217735,4835,158.63862068965517,115.6648275862069,34.81661608040982,26.80574565276386,-8.60147058877834,27.1013961859074,Fixation,348030,66,1,28.8799991607666,28.1200008392334,33.0,31.0,5.0268083394237575,0.5392992496490479,0.08823529411764706,center_proxy_gt_axes_angle,,,left_only
348097,4667,test,48,left,session_2_0_1,201,saccade_fixation,1658487329417735,4840,160.8368794326241,114.36643026004728,30.084534069350763,18.27338169313831,-2.731228326635744,21.159664774020268,Fixation,348030,67,1,29.360000610351562,27.8799991607666,29.0,30.0,2.150349738485303,0.4621089696884155,0.3333333333333333,center_proxy_gt_axes_angle,,,left_only
348098,4668,test,48,left,session_2_0_1,201,saccade_fixation,1658487329457735,4841,161.5253576072822,108.68010403120935,35.33959907521304,27.85898619075884,-13.25692617208344,27.844277231507004,Fixation,348030,68,1,29.440000534057617,26.280000686645508,27.0,28.0,2.985297346017877,0.5467762351036072,0.27586206896551724,center_proxy_gt_axes_angle,,,left_only
348099,4669,test,48,left,session_2_0_1,201,saccade_fixation,1658487329497735,4842,161.36928487690503,107.2274325908558,35.07377848088285,31.01929772721192,-29.717538112859582,43.49395469963467,Fixation,348030,69,1,29.479999542236328,26.15999984741211,27.0,31.0,5.438382039406868,0.46929657459259033,0.06818181818181818,center_proxy_gt_axes_angle,,,left_only
348100,4670,test,48,left,session_2_0_1,201,saccade_fixation,1658487329537735,4843,161.22758620689655,107.13908045977011,35.14165645035504,31.57576932566062,-37.72299337976091,7.673958618923747,Fixation,348030,70,1,29.360000610351562,26.1200008392334,28.0,29.0,3.1849641797315322,0.40583914518356323,0.2222222222222222,center_proxy_gt_axes_angle,,,left_only
348101,4671,test,48,left,session_2_0_1,201,saccade_fixation,1658487329577735,4844,161.09080590238366,107.41203178206584,35.82750172089224,31.362375861962576,-39.01288350711414,3.7478185928800736,Fixation,348030,71,1,29.360000610351562,26.1200008392334,30.0,27.0,1.0881166029889884,0.3569563031196594,0.7307692307692307,center_proxy_gt_axes_angle,,,left_only
348102,4672,test,48,left,session_2_0_1,201,saccade_fixation,1658487329617735,4845,161.01485714285715,107.56342857142856,35.68523128798071,31.267332465612693,-38.33854664396191,4.788341023769382,Fixation,348030,72,1,29.399999618530273,26.280000686645508,27.0,28.0,2.9526929753845694,0.39581847190856934,0.1891891891891892,center_proxy_gt_axes_angle,,,left_only
348103,4673,test,48,left,session_2_0_1,201,saccade_fixation,1658487329657735,4846,160.9851936218679,107.6879271070615,35.42472265888691,31.61904785223,-36.92106876446354,3.731914359098195,Fixation,348030,73,1,29.399999618530273,26.280000686645508,28.0,26.0,1.4277252244065968,0.4010449945926666,0.4915254237288136,center_proxy_gt_axes_angle,,,left_only
348104,4674,test,48,left,session_2_0_1,201,saccade_fixation,1658487329697735,4847,161.1463963963964,107.90090090090092,35.54308632808338,31.85170821220791,-35.81872167573076,2.584171674667449,Fixation,348030,74,1,29.399999618530273,26.280000686645508,27.0,28.0,2.9526929753845694,0.414165198802948,0.2571428571428571,center_proxy_gt_axes_angle,,,left_only
348105,4675,test,48,left,session_2_0_1,201,saccade_fixation,1658487329737735,4848,161.2826576576577,107.97747747747748,35.66550553968094,31.747322406132817,-36.40499093350186,2.1458783337202605,Fixation,348030,75,1,29.399999618530273,26.280000686645508,28.0,28.0,2.2177458307535685,0.360840380191803,0.3968253968253968,center_proxy_gt_axes_angle,,,left_only
348106,4676,test,48,left,session_2_0_1,201,saccade_fixation,1658487329777735,4849,161.19640852974186,107.93490460157126,35.754955870903906,31.7767220459952,-36.69946024360621,0.7751094123973448,Fixation,348030,76,1,29.399999618530273,26.280000686645508,28.0,24.0,2.6755190268411284,0.3012280762195587,0.31343283582089554,center_proxy_gt_axes_angle,,,left_only
348107,4677,test,48,left,session_2_0_1,201,saccade_fixation,1658487329817735,4850,161.19819819819818,107.9572072072072,35.80303772084725,31.627448218094624,-36.78723340431668,0.6513746932621112,Fixation,348030,77,1,29.399999618530273,26.280000686645508,27.0,27.0,2.505672999450726,0.32635003328323364,0.31343283582089554,center_proxy_gt_axes_angle,,,left_only
348108,4678,test,48,left,session_2_0_1,201,saccade_fixation,1658487329857735,4851,161.25198637911464,107.96594778660612,35.54113183824334,31.60069434869174,-36.61945624961774,0.7624876543466208,Fixation,348030,78,1,29.399999618530273,26.280000686645508,28.0,28.0,2.2177458307535685,0.3045045733451843,0.3968253968253968,center_proxy_gt_axes_angle,,,left_only
348109,4679,test,48,left,session_2_0_1,201,saccade_fixation,1658487329897735,4852,161.18778801843317,107.93433179723502,35.48485711214672,31.197128292696306,-35.48184114448384,0.7321910290699187,Fixation,348030,79,1,29.31999969482422,26.31999969482422,33.0,23.0,4.956288956439763,0.27553826570510864,0.07317073170731707,center_proxy_gt_axes_angle,,,left_only
348110,4680,test,48,left,session_2_0_1,201,saccade_fixation,1658487329937735,4853,161.09883720930233,108.00813953488372,35.14874290034428,31.23115841553132,-36.227427454072426,1.2617829094568491,Fixation,348030,80,1,29.31999969482422,26.31999969482422,46.0,25.0,16.73214897659593,0.25354820489883423,0.0,center_proxy_gt_axes_angle,,,left_only
348111,4681,test,48,left,session_2_0_1,201,saccade_fixation,1658487329977735,4854,161.0952380952381,108.01309523809525,34.888255032814,30.757033758441903,-39.45728795976439,1.5044246507581192,Fixation,348030,81,1,29.31999969482422,26.31999969482422,46.0,24.0,16.84057032183437,0.32893800735473633,0.0,center_proxy_gt_axes_angle,,,left_only
348112,4682,test,48,left,session_2_0_1,201,saccade_fixation,1658487330017735,4855,161.05320435308343,108.0012091898428,34.4633230514131,30.649352031639573,-38.37350388784628,16.645485273517718,Fixation,348030,82,1,29.31999969482422,26.31999969482422,45.0,25.0,15.735463411182037,0.315695583820343,0.0,center_proxy_gt_axes_angle,,,left_only
348113,4683,test,48,left,session_2_0_1,201,saccade_fixation,1658487330057735,4856,161.02836004932183,108.11467324291,33.97261626671037,30.483252860013508,-39.7231498563468,76.43255598747909,Fixation,348030,83,1,29.31999969482422,26.31999969482422,28.0,26.0,1.3582337792234531,0.3002931773662567,0.5,center_proxy_gt_axes_angle,,,left_only
348114,4684,test,48,left,session_2_0_1,201,saccade_fixation,1658487330097735,4857,163.18463444857497,109.6641883519207,33.50208470374508,30.72650432320301,-43.54175578713429,81.80185722317411,Fixation,348030,84,1,29.68000030517578,26.68000030517578,44.0,27.0,14.323574660832865,0.2480596899986267,0.0,center_proxy_gt_axes_angle,,,left_only
348115,4685,test,48,left,session_2_0_1,201,saccade_fixation,1658487330137735,4858,170.07995365005794,116.30938586326766,34.2231773949983,32.2087288011553,-44.43205759495578,82.1743313917205,Fixation,348030,85,1,30.84000015258789,28.1200008392334,31.0,28.0,0.20000038147118174,0.6691747903823853,0.7307692307692307,center_proxy_gt_axes_angle,,,left_only
348116,4686,test,48,left,session_2_0_1,201,saccade_fixation,1658487330177735,4859,170.84444444444443,116.68654970760234,34.18630830414206,31.93259092278173,-48.3233656134156,66.35795625455094,Fixation,348030,86,1,31.360000610351562,28.1200008392334,30.0,28.0,1.3652845350231366,0.5529717206954956,0.5,center_proxy_gt_axes_angle,,,left_only
348117,4687,test,48,left,session_2_0_1,201,saccade_fixation,1658487330217735,4860,171.08139534883722,116.58837209302324,34.10484100383435,32.185451393970304,-51.10314849692946,8.400005053714093,Fixation,348030,87,1,31.239999771118164,28.239999771118164,29.0,28.0,2.2528202024898034,0.4703353941440582,0.36363636363636365,center_proxy_gt_axes_angle,,,left_only
348118,4688,test,48,left,session_2_0_1,201,saccade_fixation,1658487330257735,4861,171.20649651972158,116.61948955916472,34.04665838209408,32.30822725730839,-47.41813071517092,4.059121592219643,Fixation,348030,88,1,31.360000610351562,28.1200008392334,29.0,29.0,2.5187301173030967,0.39793917536735535,0.373134328358209,center_proxy_gt_axes_angle,,,left_only
348119,4689,test,48,left,session_2_0_1,201,saccade_fixation,1658487330297735,4862,171.39446366782008,116.58938869665512,34.30344239907569,32.262781177258674,-52.48234696582024,4.295627383712708,Fixation,348030,89,1,31.399999618530273,28.200000762939453,29.0,28.0,2.4083185989652245,0.3713706135749817,0.35384615384615387,center_proxy_gt_axes_angle,,,left_only
348120,4690,test,48,left,session_2_0_1,201,saccade_fixation,1658487330337735,4863,171.49371428571428,116.67085714285714,34.43751044930918,32.43918963878525,-54.11564965839163,3.876372793059981,Fixation,348030,90,1,31.399999618530273,28.200000762939453,28.0,28.0,3.4058769371752655,0.3725387156009674,0.23943661971830985,center_proxy_gt_axes_angle,,,left_only
348121,4691,test,48,left,session_2_0_1,201,saccade_fixation,1658487330377735,4864,171.76844494892168,116.56980703745744,34.630567195461275,32.47590909859405,-43.2977144935094,2.723511056996589,Fixation,348030,91,1,31.360000610351562,28.1200008392334,27.0,28.0,4.361651696740894,0.3557228744029999,0.12195121951219512,center_proxy_gt_axes_angle,,,left_only
348122,4692,test,48,left,session_2_0_1,201,saccade_fixation,1658487330417735,4865,171.82022471910113,116.70898876404496,34.58453265480341,32.864273396832644,-47.31236749433612,2.843806147462323,Fixation,348030,92,1,31.399999618530273,28.200000762939453,26.0,28.0,5.403702081471874,0.37636494636535645,0.08235294117647059,center_proxy_gt_axes_angle,,,left_only
348123,4693,test,48,left,session_2_0_1,201,saccade_fixation,1658487330457736,4866,171.8298109010011,116.60845383759732,34.5616407266943,33.2178635646467,-44.24539428419587,1.1054880298334764,Fixation,348030,93,1,31.399999618530273,28.200000762939453,27.0,28.0,4.404542762676157,0.3683987259864807,0.125,center_proxy_gt_axes_angle,,,left_only
348124,4694,test,48,left,session_2_0_1,201,saccade_fixation,1658487330497736,4867,171.94866071428572,116.67857142857144,34.7927965628774,32.881524386533336,-42.154728358656456,0.7317618742158589,Fixation,348030,94,1,31.399999618530273,28.200000762939453,28.0,29.0,3.4928492932423327,0.3278370201587677,0.2,center_proxy_gt_axes_angle,,,left_only
348125,4695,test,48,left,session_2_0_1,201,saccade_fixation,1658487330537736,4868,171.83461117196055,116.73384446878424,35.22003872746301,33.103404788683946,-42.82574260711502,0.5084343748838698,Fixation,348030,95,1,31.399999618530273,28.200000762939453,28.0,28.0,3.4058769371752655,0.26004335284233093,0.21052631578947367,center_proxy_gt_axes_angle,,,left_only
348126,4696,test,48,left,session_2_0_1,201,saccade_fixation,1658487330577736,4869,171.85124864277958,116.59609120521172,35.22703684067822,33.377131917094985,-42.74328949387549,3.168878693910024,Fixation,348030,96,1,31.399999618530273,28.200000762939453,45.0,27.0,13.652838979751866,0.3006715774536133,0.0,center_proxy_gt_axes_angle,,,left_only
348127,4697,test,48,left,session_2_0_1,201,saccade_fixation,1658487330617736,4870,171.91115926327194,116.6088840736728,35.32042023718622,33.36044069706704,-40.01331908092973,18.507588763192658,Fixation,348030,97,1,31.399999618530273,28.200000762939453,45.0,32.0,14.120906648570319,0.35826075077056885,0.0,center_proxy_gt_axes_angle,,,left_only
348128,4698,test,48,left,session_2_0_1,201,saccade_fixation,1658487330657736,4871,172.21743810548978,116.248654467169,35.40940168950914,33.4796198118657,-47.27929065535349,4.699054257243817,Fixation,348030,98,1,31.399999618530273,28.200000762939453,33.0,31.0,3.224902626164535,0.48267775774002075,0.4838709677419355,center_proxy_gt_axes_angle,,,left_only
348129,4699,test,48,left,session_2_0_1,201,saccade_fixation,1658487330857736,4876,172.893536121673,122.56083650190114,33.1342802312563,20.85821696948276,3.976401687998049,3.0047926879033384,Fixation,348030,99,1,31.440000534057617,29.719999313354492,44.0,40.0,16.230588427469446,0.5165800452232361,0.0,center_proxy_gt_axes_angle,,,left_only
350830,2631,test,48,left,session_2_0_2,202,smooth,1658487775978093,2724,123.8262150220913,130.860088365243,37.36178271108062,23.20254740998404,-83.70940524978063,6.7180409337529365,Smooth,350799,31,1,22.639999389648438,31.639999389648438,26.0,31.0,3.420409817596898,0.4654335379600525,0.27586206896551724,center_proxy_gt_axes_angle,,,left_only
350831,2632,test,48,left,session_2_0_2,202,smooth,1658487776018093,2725,123.82941176470588,131.01764705882354,37.2038937137152,23.33514765472878,-84.99379306019061,3.9693636478151846,Smooth,350799,32,1,22.68000030517578,31.799999237060547,26.0,30.0,3.776558648697443,0.4500841498374939,0.23333333333333334,center_proxy_gt_axes_angle,,,left_only
350832,2633,test,48,left,session_2_0_2,202,smooth,1658487776058093,2726,123.95487627365355,130.9854439592431,37.43860959271549,23.425501824530027,-84.02004985597665,1.372836210532138,Smooth,350799,33,1,22.639999389648438,31.639999389648438,27.0,30.0,4.65824036738265,0.4505780339241028,0.13846153846153847,center_proxy_gt_axes_angle,,,left_only
350833,2634,test,48,left,session_2_0_2,202,smooth,1658487776098093,2727,123.989898989899,130.91774891774892,37.48370353681015,23.597375252420896,-84.53706051126296,0.6337375292885138,Smooth,350799,34,1,22.639999389648438,31.639999389648438,27.0,29.0,5.096979703668646,0.4374552369117737,0.08823529411764706,center_proxy_gt_axes_angle,,,left_only
350834,2635,test,48,left,session_2_0_2,202,smooth,1658487776138093,2728,123.85839416058394,131.07737226277374,37.248355796236446,23.47174756229113,-85.53681259809181,0.3711076793006254,Smooth,350799,35,1,22.68000030517578,31.799999237060547,27.0,29.0,5.148047502774327,0.44619834423065186,0.08823529411764706,center_proxy_gt_axes_angle,,,left_only
350835,2636,test,48,left,session_2_0_2,202,smooth,1658487776178093,2729,123.92565597667638,131.04956268221574,37.352904552235984,23.440828393317524,-85.00796660014882,0.5951253362028823,Smooth,350799,36,1,22.639999389648438,31.639999389648438,27.0,29.0,5.096979703668646,0.440944641828537,0.08823529411764706,center_proxy_gt_axes_angle,,,left_only
350836,2637,test,48,left,session_2_0_2,202,smooth,1658487776218093,2730,123.94323144104804,131.04366812227073,37.33379336644369,23.491293700920345,-84.91400781118087,1.1508471397536442,Smooth,350799,37,1,22.639999389648438,31.639999389648438,28.0,29.0,5.974881029804129,0.42195677757263184,0.027777777777777776,center_proxy_gt_axes_angle,,,left_only
350837,2638,test,48,left,session_2_0_2,202,smooth,1658487776258093,2731,123.97387518142236,131.01161103047895,37.36839560467909,23.54631244440434,-84.55522968905768,0.4058301844361505,Smooth,350799,38,1,22.639999389648438,31.639999389648438,28.0,30.0,5.60528362716967,0.42183586955070496,0.05714285714285714,center_proxy_gt_axes_angle,,,left_only
350838,2639,test,48,left,session_2_0_2,202,smooth,1658487776298093,2732,124.01881331403764,130.98697539797396,37.56423083248465,23.48062746793534,-83.75210795830152,1.523155861216602,Smooth,350799,39,1,22.479999542236328,31.84000015258789,27.0,30.0,4.880164413183972,0.3859763741493225,0.13846153846153847,center_proxy_gt_axes_angle,,,left_only
350839,2640,test,48,left,session_2_0_2,202,smooth,1658487776338093,2733,123.98556998556998,131.02453102453103,37.592228489647326,23.52893580334385,-84.06844116691886,15.796953385675092,Smooth,350799,40,1,22.479999542236328,31.84000015258789,27.0,30.0,4.880164413183972,0.41171741485595703,0.13846153846153847,center_proxy_gt_axes_angle,,,left_only
350840,2641,test,48,left,session_2_0_2,202,smooth,1658487776378093,2734,123.94339622641508,131.28737300435412,37.56194250555484,23.40978759575401,-85.41191252046836,16.952858285380486,Smooth,350799,41,1,22.68000030517578,31.799999237060547,27.0,30.0,4.679999424861064,0.45036429166793823,0.13846153846153847,center_proxy_gt_axes_angle,,,left_only
350841,2642,test,48,left,session_2_0_2,202,smooth,1658487776418093,2735,122.203007518797,132.81503759398495,36.57029199603935,23.21147101217469,-87.20602664530217,16.017881202774717,Smooth,350799,42,1,22.360000610351562,32.31999969482422,26.0,30.0,4.316479368724639,0.5200696587562561,0.1780821917808219,center_proxy_gt_axes_angle,,,left_only
350842,2643,test,48,left,session_2_0_2,202,smooth,1658487776458093,2736,122.0392749244713,132.8413897280967,36.65459827767931,23.052572183557203,-86.20202761226967,14.746303925469396,Smooth,350799,43,1,22.360000610351562,32.31999969482422,26.0,30.0,4.316479368724639,0.5024309754371643,0.15625,center_proxy_gt_axes_angle,,,left_only
350843,2644,test,48,left,session_2_0_2,202,smooth,1658487776498093,2737,122.05547226386808,132.71064467766118,36.89780717895263,23.076032943855868,-86.24494855980039,2.862696554531512,Smooth,350799,44,1,22.360000610351562,32.31999969482422,26.0,30.0,4.316479368724639,0.47762399911880493,0.15625,center_proxy_gt_axes_angle,,,left_only
350844,2645,test,48,left,session_2_0_2,202,smooth,1658487776538093,2738,121.97740963855422,132.59186746987953,37.29314709843403,22.76212039265321,-85.3021658771347,1.9064138138500388,Smooth,350799,45,1,22.360000610351562,32.31999969482422,26.0,29.0,4.926661499461264,0.44287800788879395,0.08823529411764706,center_proxy_gt_axes_angle,,,left_only
350845,2646,test,48,left,session_2_0_2,202,smooth,1658487776578093,2739,121.89088191330345,132.4798206278027,37.339346204030974,22.89112721929463,-86.18440050002525,0.6609455052832995,Smooth,350799,46,1,22.360000610351562,32.31999969482422,27.0,29.0,5.7054353304170204,0.44037503004074097,0.04225352112676056,center_proxy_gt_axes_angle,,,left_only
350846,2647,test,48,left,session_2_0_2,202,smooth,1658487776618093,2740,121.97289156626506,132.54367469879517,37.34829226598865,22.72629477097775,-85.82294684632052,1.499081671857265,Smooth,350799,47,1,22.360000610351562,32.31999969482422,27.0,29.0,5.7054353304170204,0.40260064601898193,0.04225352112676056,center_proxy_gt_axes_angle,,,left_only
350847,2648,test,48,left,session_2_0_2,202,smooth,1658487776658093,2741,122.00450450450452,132.8033033033033,36.539196687535,23.248569322885704,-86.86633319903359,3.739404010372199,Smooth,350799,48,1,22.360000610351562,32.31999969482422,27.0,31.0,4.824105464256965,0.3526729345321655,0.16216216216216217,center_proxy_gt_axes_angle,,,left_only
350848,2649,test,48,left,session_2_0_2,202,smooth,1658487776698093,2742,122.0950226244344,132.80090497737555,36.35781801156708,23.258986538917355,-86.97464633803094,3.675658003135676,Smooth,350799,49,1,22.360000610351562,32.31999969482422,27.0,32.0,4.651020763297608,0.332200825214386,0.2112676056338028,center_proxy_gt_axes_angle,,,left_only
350849,2650,test,48,left,session_2_0_2,202,smooth,1658487776738093,2743,122.17538461538462,133.00615384615384,36.16571952099713,22.953671739429115,-86.41786663421946,1.9529016623779984,Smooth,350799,50,1,22.360000610351562,32.31999969482422,27.0,32.0,4.651020763297608,0.30979618430137634,0.15625,center_proxy_gt_axes_angle,,,left_only
350850,2651,test,48,left,session_2_0_2,202,smooth,1658487776778093,2744,122.2093023255814,133.08217054263565,36.07891395668295,22.85164304737291,-86.37443982259325,1.5940003864612875,Smooth,350799,51,1,22.280000686645508,32.47999954223633,27.0,32.0,4.744343271582903,0.30948129296302795,0.15625,center_proxy_gt_axes_angle,,,left_only
350851,2652,test,48,left,session_2_0_2,202,smooth,1658487776818093,2745,122.23538461538462,133.01384615384617,36.33323721682933,22.870138484328297,-85.69624816019342,0.5331200428322639,Smooth,350799,52,1,22.399999618530273,32.36000061035156,27.0,32.0,4.614065880432911,0.3521287739276886,0.15625,center_proxy_gt_axes_angle,,,left_only
350852,2653,test,48,left,session_2_0_2,202,smooth,1658487776858093,2746,122.23538461538462,133.01384615384617,36.33323721682933,22.870138484328297,-85.69624816019342,1.5015768578614874,Smooth,350799,53,1,22.399999618530273,32.36000061035156,27.0,32.0,4.614065880432911,0.35478776693344116,0.15625,center_proxy_gt_axes_angle,,,left_only
350853,2654,test,48,left,session_2_0_2,202,smooth,1658487776898093,2747,122.260336906585,132.99846860643186,36.57768224677909,22.8089351913923,-85.72842749257256,3.303285200504137,Smooth,350799,54,1,22.399999618530273,32.36000061035156,27.0,32.0,4.614065880432911,0.34497201442718506,0.15625,center_proxy_gt_axes_angle,,,left_only
350854,2655,test,48,left,session_2_0_2,202,smooth,1658487776938093,2748,122.27786259541983,132.85190839694656,36.61094732372817,22.85567953779352,-85.60761267542895,6.962169411990353,Smooth,350799,55,1,22.360000610351562,32.31999969482422,27.0,27.0,7.059177791277654,0.27589190006256104,0.0,center_proxy_gt_axes_angle,,,left_only
350855,2656,test,48,left,session_2_0_2,202,smooth,1658487776978093,2749,122.00754147812972,132.5369532428356,37.05081420918085,22.86926422936152,-85.84316614346093,28.94619596131273,Smooth,350799,56,1,22.360000610351562,32.31999969482422,26.0,27.0,6.44608348608446,0.40040865540504456,0.0,center_proxy_gt_axes_angle,,,left_only
350856,2657,test,48,left,session_2_0_2,202,smooth,1658487777018093,2750,122.33480176211454,134.12334801762114,36.75144578364162,23.683405994543797,-89.86002000672494,42.19463055318407,Smooth,350799,57,1,22.360000610351562,32.68000030517578,34.0,32.0,11.659845033535186,0.3709065318107605,0.0,center_proxy_gt_axes_angle,,,left_only
350857,2658,test,48,left,session_2_0_2,202,smooth,1658487777058093,2751,123.35851851851852,137.49777777777777,36.28019000130791,23.803937957888728,89.74175566363846,46.32331933261471,Smooth,350799,58,1,22.479999542236328,33.52000045776367,33.0,34.0,10.530945313308532,0.3175182640552521,0.0,center_proxy_gt_axes_angle,,,left_only
350858,2659,test,48,left,session_2_0_2,202,smooth,1658487777098093,2752,124.19033674963396,139.32650073206443,36.08342781329593,24.170082573984438,88.79629731628046,34.67432144236406,Smooth,350799,59,1,23.0,34.0,45.0,35.0,22.02271554554524,0.3466326594352722,0.0,center_proxy_gt_axes_angle,,,left_only
350859,2660,test,48,left,session_2_0_2,202,smooth,1658487777138093,2753,124.3146551724138,139.58045977011494,36.36027753226651,24.423255002264437,88.33827636659719,13.274675358643764,Smooth,350799,60,1,22.639999389648438,34.0,45.0,34.0,22.360000610351562,0.18666556477546692,0.0,center_proxy_gt_axes_angle,,,left_only
350860,2661,test,48,left,session_2_0_2,202,smooth,1658487777178093,2754,124.34512022630834,139.2942008486563,36.40566886864862,24.785673449216773,88.2862347116705,2.1642015943543926,Smooth,350799,61,1,22.68000030517578,34.0,27.0,32.0,4.760503898042868,0.2235749363899231,0.16216216216216217,center_proxy_gt_axes_angle,,,left_only
350861,2662,test,48,left,session_2_0_2,202,smooth,1658487777218094,2755,124.45338983050848,139.3177966101695,36.43896247779951,24.80563847253438,87.68219588855362,2.0602796244937025,Smooth,350799,62,1,22.68000030517578,34.0,27.0,33.0,4.434230188350774,0.23497244715690613,0.19444444444444445,center_proxy_gt_axes_angle,,,left_only
350862,2663,test,48,left,session_2_0_2,202,smooth,1658487777258094,2756,124.5229485396384,139.42280945757997,36.80299840501054,24.93708799385765,87.46089431221266,1.7967626300854609,Smooth,350799,63,1,22.68000030517578,34.0,28.0,32.0,5.683519750377382,0.2695194482803345,0.08860759493670886,center_proxy_gt_axes_angle,,,left_only
350863,2664,test,48,left,session_2_0_2,202,smooth,1658487777298094,2757,124.60773480662984,139.42955801104972,36.70221621414432,25.179080415607853,87.31652904787208,1.6631998842694573,Smooth,350799,64,1,22.68000030517578,34.0,28.0,28.0,8.018877524499908,0.33636969327926636,0.0,center_proxy_gt_axes_angle,,,left_only
350864,2665,test,48,left,session_2_0_2,202,smooth,1658487777338094,2758,124.6265389876881,139.35294117647058,36.86908076334712,25.31190376221505,88.46996482723526,1.2237201476294697,Smooth,350799,65,1,22.68000030517578,34.0,28.0,29.0,7.300849043291457,0.2599107325077057,0.011764705882352941,center_proxy_gt_axes_angle,,,left_only
350865,2666,test,48,left,session_2_0_2,202,smooth,1658487777378094,2759,124.69335142469473,139.43283582089552,36.87818281262763,25.52317418331963,87.16058234640879,0.8246539393354582,Smooth,350799,66,1,22.719999313354492,34.08000183105469,29.0,31.0,6.994627931746497,0.24322916567325592,0.023809523809523808,center_proxy_gt_axes_angle,,,left_only
350866,2667,test,48,left,session_2_0_2,202,smooth,1658487777418094,2760,124.6684350132626,139.29177718832892,37.37969663379721,25.772685846309752,86.4397128713937,0.1861855686774832,Smooth,350799,67,1,22.719999313354492,34.08000183105469,29.0,30.0,7.488980141893665,0.22921767830848694,0.0,center_proxy_gt_axes_angle,,,left_only
350867,2668,test,48,left,session_2_0_2,202,smooth,1658487777458094,2761,124.631299734748,139.29973474801062,37.38513679827238,25.7881916947777,86.85490978026016,0.5190352999106749,Smooth,350799,68,1,22.559999465942383,33.79999923706055,46.0,31.0,23.606643572608135,0.3470088839530945,0.0,center_proxy_gt_axes_angle,,,left_only
350868,2669,test,48,left,session_2_0_2,202,smooth,1658487777498094,2762,124.62781456953644,139.32317880794702,37.44733403141935,25.77637736153429,86.9585703744469,1.144646831478742,Smooth,350799,69,1,22.559999465942383,33.79999923706055,46.0,32.0,23.50901151239754,0.3536129593849182,0.0,center_proxy_gt_axes_angle,,,left_only
350869,2670,test,48,left,session_2_0_2,202,smooth,1658487777538094,2763,124.6251655629139,139.38543046357617,37.33100925610388,25.85791474797132,86.93408377730648,0.8014752889743528,Smooth,350799,70,1,22.719999313354492,34.08000183105469,46.0,33.0,23.305038852687993,0.36666107177734375,0.0,center_proxy_gt_axes_angle,,,left_only
350870,2671,test,48,left,session_2_0_2,202,smooth,1658487777578094,2764,124.62082777036048,139.46862483311082,37.27789417941238,25.68380807379851,86.38204471034062,2.4762857879859523,Smooth,350799,71,1,22.719999313354492,34.08000183105469,46.0,33.0,23.305038852687993,0.35647642612457275,0.0,center_proxy_gt_axes_angle,,,left_only
350871,2672,test,48,left,session_2_0_2,202,smooth,1658487777618094,2765,124.65963060686016,139.42480211081795,37.47649512206888,25.86500136825896,86.65832380435756,0.2767080539669702,Smooth,350799,72,1,22.559999465942383,33.79999923706055,46.0,33.0,23.453648411620716,0.36494946479797363,0.0,center_proxy_gt_axes_angle,,,left_only
350872,2673,test,48,left,session_2_0_2,202,smooth,1658487777658094,2766,124.86174496644296,139.64295302013423,37.218275727406,25.5631479693876,87.90914581080875,1.9400293730327884,Smooth,350799,73,1,22.719999313354492,34.08000183105469,46.0,32.0,23.372737100891847,0.36646729707717896,0.0,center_proxy_gt_axes_angle,,,left_only
350873,2674,test,48,left,session_2_0_2,202,smooth,1658487777698094,2767,124.66445623342176,139.4058355437666,37.292176384561,25.85200964718265,86.72317361535161,1.6194747477679263,Smooth,350799,74,1,22.719999313354492,34.08000183105469,29.0,33.0,6.3721905636405385,0.28043389320373535,0.04878048780487805,center_proxy_gt_axes_angle,,,left_only
350874,2675,test,48,left,session_2_0_2,202,smooth,1658487777738094,2768,124.5975935828877,139.1590909090909,36.89505289039484,25.95501805162653,85.65939818435447,3.5147621955315995,Smooth,350799,75,1,22.719999313354492,34.08000183105469,46.0,33.0,23.305038852687993,0.27739477157592773,0.0,center_proxy_gt_axes_angle,,,left_only
350875,2676,test,48,left,session_2_0_2,202,smooth,1658487777778094,2769,124.625,139.16801075268816,36.98793529268384,25.74372521747208,86.40451732217691,1.3211952119996635,Smooth,350799,76,1,22.719999313354492,34.08000183105469,45.0,34.0,22.280144319323796,0.3047780692577362,0.0,center_proxy_gt_axes_angle,,,left_only
350876,2677,test,48,left,session_2_0_2,202,smooth,1658487777818094,2770,124.5822102425876,139.15498652291106,36.9927100036146,25.663508532579623,86.1399951220987,1.1545708789147344,Smooth,350799,77,1,22.719999313354492,34.08000183105469,45.0,34.0,22.280144319323796,0.34034663438796997,0.0,center_proxy_gt_axes_angle,,,left_only
350877,2678,test,48,left,session_2_0_2,202,smooth,1658487777858094,2771,124.70771312584574,139.19891745602166,36.79233397026167,25.682024528803733,86.7169636946175,1.2994335892953144,Smooth,350799,78,1,22.719999313354492,34.08000183105469,45.0,34.0,22.280144319323796,0.3224746584892273,0.0,center_proxy_gt_axes_angle,,,left_only
350878,2679,test,48,left,session_2_0_2,202,smooth,1658487777898094,2772,124.68200270635997,139.3234100135318,36.96010961734528,25.55010148357543,87.49926429737754,0.9998692965000224,Smooth,350799,79,1,22.719999313354492,34.08000183105469,28.0,34.0,5.280606740134048,0.298251748085022,0.11688311688311688,center_proxy_gt_axes_angle,,,left_only
350879,2680,test,48,left,session_2_0_2,202,smooth,1658487777938094,2773,124.7449118046133,139.33785617367707,36.93717639382808,25.48602300722301,87.62109992926003,0.1891126503297565,Smooth,350799,80,1,22.719999313354492,34.08000183105469,28.0,34.0,5.280606740134048,0.3098647892475128,0.11688311688311688,center_proxy_gt_axes_angle,,,left_only
350880,2681,test,48,left,session_2_0_2,202,smooth,1658487777978094,2774,124.73748308525032,139.1935047361299,36.81901760126399,25.65210166741549,87.28496918074289,1.1497687352130077,Smooth,350799,81,1,22.719999313354492,34.08000183105469,28.0,34.0,5.280606740134048,0.3388027548789978,0.11688311688311688,center_proxy_gt_axes_angle,,,left_only
350881,2682,test,48,left,session_2_0_2,202,smooth,1658487778018094,2775,124.73748308525032,139.1935047361299,36.81901760126399,25.65210166741549,87.28496918074289,1.555488387909812,Smooth,350799,82,1,22.719999313354492,34.08000183105469,28.0,34.0,5.280606740134048,0.32969754934310913,0.11688311688311688,center_proxy_gt_axes_angle,,,left_only
350882,2683,test,48,left,session_2_0_2,202,smooth,1658487778058094,2776,124.8292349726776,139.21311475409837,36.67642204696062,25.486454768203817,87.91032016174431,0.703544739883856,Smooth,350799,83,1,22.719999313354492,34.08000183105469,28.0,34.0,5.280606740134048,0.3454762399196625,0.11688311688311688,center_proxy_gt_axes_angle,,,left_only
350883,2684,test,48,left,session_2_0_2,202,smooth,1658487778098094,2777,124.7874659400545,139.09264305177112,36.70472469793126,25.53751573359662,88.00124330056157,0.703544739883856,Smooth,350799,84,1,22.719999313354492,33.91999816894531,46.0,34.0,23.28013814957264,0.26402586698532104,0.0,center_proxy_gt_axes_angle,,,left_only
350884,2685,test,48,left,session_2_0_2,202,smooth,1658487778138094,2778,124.7874659400545,139.09264305177112,36.70472469793126,25.53751573359662,88.00124330056157,2.128063877004735,Smooth,350799,85,1,22.719999313354492,33.91999816894531,28.0,33.0,5.359552582244134,0.3166961073875427,0.10256410256410256,center_proxy_gt_axes_angle,,,left_only
350885,2686,test,48,left,session_2_0_2,202,smooth,1658487778178094,2779,124.7874659400545,139.09264305177112,36.70472469793126,25.53751573359662,88.00124330056157,3.632348260363087,Smooth,350799,86,1,22.719999313354492,33.91999816894531,28.0,32.0,5.618255976700455,0.3601788282394409,0.08860759493670886,center_proxy_gt_axes_angle,,,left_only
350886,2687,test,48,left,session_2_0_2,202,smooth,1658487778218094,2780,124.50409836065572,139.31420765027323,37.267252587877216,25.09911224066513,88.55530051724163,3.313788544224526,Smooth,350799,87,1,22.68000030517578,34.0,28.0,32.0,5.683519750377382,0.3654487133026123,0.08860759493670886,center_proxy_gt_axes_angle,,,left_only
350887,2688,test,48,left,session_2_0_2,202,smooth,1658487778258094,2781,124.3743093922652,139.50138121546962,36.92523556240943,25.04422896784506,87.68933357842786,4.326988848373412,Smooth,350799,88,1,22.68000030517578,34.0,28.0,32.0,5.683519750377382,0.327084481716156,0.08860759493670886,center_proxy_gt_axes_angle,,,left_only
350888,2689,test,48,left,session_2_0_2,202,smooth,1658487778298094,2782,124.40796703296704,139.4629120879121,36.98203983639851,25.148259115073294,87.69646443415672,1.5867588571034597,Smooth,350799,89,1,22.68000030517578,34.0,28.0,33.0,5.4131688273071425,0.3294084668159485,0.10256410256410256,center_proxy_gt_axes_angle,,,left_only
350889,2690,test,48,left,session_2_0_2,202,smooth,1658487778338094,2783,124.1156462585034,139.25986394557822,36.64502244939689,25.664295036322866,86.3388648776939,2.995957587534344,Smooth,350799,90,1,22.559999465942383,34.08000183105469,28.0,32.0,5.824089064200342,0.31587502360343933,0.05714285714285714,center_proxy_gt_axes_angle,,,left_only
350890,2691,test,48,left,session_2_0_2,202,smooth,1658487778378094,2784,124.2914979757085,139.17543859649123,36.97967332229381,25.656743729159917,86.8852151862555,18.09787455181477,Smooth,350799,91,1,22.639999389648438,33.79999923706055,46.0,32.0,23.42924723009777,0.31409066915512085,0.0,center_proxy_gt_axes_angle,,,left_only
350891,2692,test,48,left,session_2_0_2,202,smooth,1658487778418094,2785,124.85217391304349,139.5391304347826,33.864735609537256,26.068244442165977,-86.31623953947273,23.03412816916305,Smooth,350799,92,1,22.600000381469727,33.84000015258789,45.0,33.0,22.415744091296727,0.39770597219467163,0.0,center_proxy_gt_axes_angle,,,left_only
350892,2693,test,48,left,session_2_0_2,202,smooth,1658487778618095,2790,128.2339373970346,135.11532125205932,29.97677739986609,26.11231520257944,-55.73265112665723,25.6660606497359,Smooth,350799,93,1,23.280000686645508,32.91999816894531,44.0,33.0,20.72015376000822,0.39846426248550415,0.0,center_proxy_gt_axes_angle,,,left_only
350893,2694,test,48,left,session_2_0_2,202,smooth,1658487778658095,2791,127.8340486409156,132.89556509298998,33.80336743708741,26.6310919779187,-73.976028783521,27.10257003568734,Smooth,350799,94,1,23.360000610351562,32.36000061035156,33.0,32.0,9.64671906255571,0.482923686504364,0.0,center_proxy_gt_axes_angle,,,left_only
350894,2695,test,48,left,session_2_0_2,202,smooth,1658487778698095,2792,127.32161458333331,131.54166666666666,36.11579656247249,27.259322304554583,-81.90535951252261,25.469306822448385,Smooth,350799,95,1,23.15999984741211,32.119998931884766,33.0,32.0,9.840731819665812,0.4316781163215637,0.0,center_proxy_gt_axes_angle,,,left_only
350895,2696,test,48,left,session_2_0_2,202,smooth,1658487778738095,2793,127.35933503836316,131.23657289002557,37.52125497125921,26.59109990332317,-82.00130558435704,11.7280346747539,Smooth,350799,96,1,23.15999984741211,32.119998931884766,27.0,32.0,3.8418746616109836,0.47230494022369385,0.27586206896551724,center_proxy_gt_axes_angle,,,left_only
350896,2697,test,48,left,session_2_0_2,202,smooth,1658487778778095,2794,127.46153846153848,131.11410256410255,38.10057920120456,26.11161522529948,-83.03860134666746,2.696413954959083,Smooth,350799,97,1,23.239999771118164,31.799999237060547,34.0,32.0,10.761858818564455,0.398111492395401,0.0,center_proxy_gt_axes_angle,,,left_only
350897,2698,test,48,left,session_2_0_2,202,smooth,1658487778818095,2795,127.42656449553002,131.06385696040869,38.36756860005863,26.03265198425889,-83.30336239798875,10.931487653247585,Smooth,350799,98,1,23.31999969482422,31.799999237060547,28.0,32.0,4.68427189236724,0.5070713758468628,0.18518518518518517,center_proxy_gt_axes_angle,,,left_only
350898,2699,test,48,left,session_2_0_2,202,smooth,1658487778858095,2796,127.40656565656566,131.11868686868686,38.7466862530635,26.084283499417044,-83.18741044605213,73.43247684923224,Smooth,350799,99,1,23.31999969482422,31.799999237060547,44.0,39.0,21.897543780259902,0.5209745764732361,0.0,center_proxy_gt_axes_angle,,,left_only
355794,4872,test,48,right,session_1_0_1,101,saccade_fixation,1658486961537806,4935,194.87214225232853,136.24301439458085,41.562757455674046,36.245582499826,67.11270714459181,0.9437509828612108,Fixation,355722,72,1,35.560001373291016,33.15999984741211,33.0,30.0,4.066842272193064,0.4547516405582428,0.2,center_proxy_gt_axes_angle,,,left_only
355795,4873,test,48,right,session_1_0_1,101,saccade_fixation,1658486961577806,4936,194.8860971524288,136.34338358458962,41.68730665062765,36.53722428237722,67.3930685692136,1.3135833257903144,Fixation,355722,73,1,35.599998474121094,33.119998931884766,33.0,29.0,4.87179466564054,0.4158560633659363,0.13513513513513514,center_proxy_gt_axes_angle,,,left_only
355796,4874,test,48,right,session_1_0_1,101,saccade_fixation,1658486961617806,4937,194.8091286307054,136.34273858921162,41.90458545649504,36.66951956654013,66.51221769493195,1.7909686414233297,Fixation,355722,74,1,35.599998474121094,33.119998931884766,29.0,29.0,7.780383734568134,0.38371166586875916,0.01282051282051282,center_proxy_gt_axes_angle,,,left_only
355797,4875,test,48,right,session_1_0_1,101,saccade_fixation,1658486961657807,4938,194.9443059019119,136.42975893599336,41.87622753910632,36.63808704697205,67.13310808722792,1.3425708211358365,Fixation,355722,75,1,35.599998474121094,33.119998931884766,29.0,30.0,7.300299527646988,0.39219433069229126,0.039473684210526314,center_proxy_gt_axes_angle,,,left_only
355798,4876,test,48,right,session_1_0_1,101,saccade_fixation,1658486961697807,4939,194.75415282392024,136.50415282392026,41.96843511719752,36.58198004577579,65.34959088443122,0.8592993150020307,Fixation,355722,76,1,35.599998474121094,33.15999984741211,29.0,30.0,7.317484464899486,0.40215086936950684,0.039473684210526314,center_proxy_gt_axes_angle,,,left_only
355799,4877,test,48,right,session_1_0_1,101,saccade_fixation,1658486961737807,4940,194.71595655806183,136.47451963241437,41.66830609590132,36.62939359766397,66.48019111270044,10.016861033425252,Fixation,355722,77,1,35.599998474121094,33.15999984741211,29.0,30.0,7.317484464899486,0.41032958030700684,0.039473684210526314,center_proxy_gt_axes_angle,,,left_only
355800,4878,test,48,right,session_1_0_1,101,saccade_fixation,1658486961777807,4941,194.87194608256107,136.46503791069924,41.59769357644657,36.39420057153257,66.05239990697724,23.082503060152472,Fixation,355722,78,1,35.599998474121094,33.119998931884766,28.0,31.0,7.8901439960139825,0.4353305995464325,0.0,center_proxy_gt_axes_angle,,,left_only
355801,4879,test,48,right,session_1_0_1,101,saccade_fixation,1658486961817807,4942,193.5050847457627,135.72457627118644,41.07652052219955,36.639057993705066,66.09143193430756,23.78141164784081,Fixation,355722,79,1,35.47999954223633,32.880001068115234,28.0,31.0,7.712638794081446,0.4599457085132599,0.046357615894039736,center_proxy_gt_axes_angle,,,left_only
355802,4880,test,48,right,session_1_0_1,101,saccade_fixation,1658486961857807,4943,191.49660441426147,134.76400679117148,40.91880690142711,36.7185325783737,63.62712811688321,24.390092826696844,Fixation,355722,80,1,35.0,32.880001068115234,35.0,33.0,0.11999893188476562,0.6166049242019653,1.0,center_proxy_gt_axes_angle,,,left_only
355803,4881,test,48,right,session_1_0_1,101,saccade_fixation,1658486961897807,4944,191.30347826086955,134.7913043478261,40.631137017684416,36.11100394056273,63.67907352417519,15.258512992102862,Fixation,355722,81,1,34.91999816894531,32.79999923706055,35.0,32.0,0.8039894727355327,0.607110321521759,0.7534246575342466,center_proxy_gt_axes_angle,,,left_only
355804,4882,test,48,right,session_1_0_1,101,saccade_fixation,1658486961937807,4945,191.29841549295776,134.8970070422535,40.2166281225966,36.02561830371135,60.289153819745785,0.9807163646055316,Fixation,355722,82,1,34.959999084472656,32.84000015258789,35.0,32.0,0.840952037628012,0.6072040796279907,0.7272727272727273,center_proxy_gt_axes_angle,,,left_only
355805,4883,test,48,right,session_1_0_1,101,saccade_fixation,1658486961977807,4946,191.1932021466905,134.94007155635063,39.75367483755144,35.86058695226413,60.68679688067644,0.4274092377533924,Fixation,355722,83,1,35.0,32.79999923706055,35.0,32.0,0.7999992370605469,0.6056772470474243,0.7428571428571429,center_proxy_gt_axes_angle,,,left_only
355806,4884,test,48,right,session_1_0_1,101,saccade_fixation,1658486962017807,4947,191.3424408014572,134.79326047358833,39.39805923792312,35.56119988913674,59.84650193696117,7.7831000109524275,Fixation,355722,84,1,34.84000015258789,32.720001220703125,35.0,32.0,0.737564715117181,0.6007516384124756,0.7272727272727273,center_proxy_gt_axes_angle,,,left_only
355807,4885,test,48,right,session_1_0_1,101,saccade_fixation,1658486962057807,4948,191.23636363636365,134.77818181818182,39.46459932765433,35.54815797541267,58.07783927105876,37.68873847169209,Fixation,355722,85,1,34.84000015258789,32.720001220703125,34.0,32.0,1.1063462451518826,0.5855652093887329,0.6623376623376623,center_proxy_gt_axes_angle,,,left_only
355808,4886,test,48,right,session_1_0_1,101,saccade_fixation,1658486962097807,4949,190.48263254113343,133.9561243144424,38.91086692470697,35.86191570489709,64.02746429128753,22.782298547032624,Fixation,355722,86,1,34.84000015258789,32.599998474121094,34.0,32.0,1.032278269312747,0.5822075605392456,0.6623376623376623,center_proxy_gt_axes_angle,,,left_only
355809,4887,test,48,right,session_1_0_1,101,saccade_fixation,1658486962417807,4957,188.578125,151.315625,26.830761454978795,15.25348082393077,-7.356251762278731,14.14917611675432,Fixation,355722,87,1,34.47999954223633,36.959999084472656,33.0,37.0,1.4805400090044059,0.42488181591033936,0.23809523809523808,center_proxy_gt_axes_angle,,,left_only
355810,4888,test,48,right,session_1_0_1,101,saccade_fixation,1658486962457807,4958,189.0902348578492,144.56118665018542,37.48509294745821,27.729449600550105,-2.3608175825328037,12.943355499589238,Fixation,355722,88,1,34.63999938964844,35.2400016784668,33.0,34.0,2.056016089588727,0.43319278955459595,0.34375,center_proxy_gt_axes_angle,,,left_only
355811,4889,test,48,right,session_1_0_1,101,saccade_fixation,1658486962497807,4959,188.7914389799636,140.50364298724955,39.3730771794972,35.73848739494131,6.415752103594627,73.45289264024638,Fixation,355722,89,1,34.599998474121094,34.119998931884766,32.0,33.0,2.8309697407169563,0.44462063908576965,0.3548387096774194,center_proxy_gt_axes_angle,,,left_only
355812,4890,test,48,right,session_1_0_1,101,saccade_fixation,1658486962537807,4960,188.93590797041907,139.43714050944948,40.826129070033055,38.02961866793473,73.3597467363677,29.250925409230543,Fixation,355722,90,1,34.68000030517578,33.880001068115234,34.0,33.0,1.1121161337392373,0.5329654216766357,0.6703296703296703,center_proxy_gt_axes_angle,,,left_only
355813,4891,test,48,right,session_1_0_1,101,saccade_fixation,1658486962577807,4961,189.07954545454547,139.57386363636363,41.72136294814796,37.68663155329632,79.83438329763949,4.602169101874135,Fixation,355722,91,1,34.599998474121094,34.119998931884766,34.0,33.0,1.2705887518668881,0.5731187462806702,0.6703296703296703,center_proxy_gt_axes_angle,,,left_only
355814,4892,test,48,right,session_1_0_1,101,saccade_fixation,1658486962617807,4962,189.18619582664527,139.88202247191012,41.85844234584982,37.96752836879016,79.19914754194058,3.192491560243522,Fixation,355722,92,1,34.63999938964844,34.119998931884766,34.0,32.0,2.2144964867759263,0.543045163154602,0.5353535353535354,center_proxy_gt_axes_angle,,,left_only
355815,4893,test,48,right,session_1_0_1,101,saccade_fixation,1658486962657807,4963,189.1652310101801,139.86922474549726,42.54320550851581,38.26015890614496,73.67866264100209,2.450538003998733,Fixation,355722,93,1,34.599998474121094,34.0,32.0,31.0,3.9698856489113155,0.4435456395149231,0.288135593220339,center_proxy_gt_axes_angle,,,left_only
355816,4894,test,48,right,session_1_0_1,101,saccade_fixation,1658486962697807,4964,189.1213782302271,139.91307752545026,42.55147474648832,38.26803061769019,73.94458237085047,1.047068483096609,Fixation,355722,94,1,34.599998474121094,34.0,29.0,31.0,6.352950724675785,0.4727935194969177,0.11764705882352941,center_proxy_gt_axes_angle,,,left_only
355817,4895,test,48,right,session_1_0_1,101,saccade_fixation,1658486962737807,4965,189.06915306915303,139.96581196581195,42.806083409128405,38.34377214585336,74.64640239968034,1.0821634286092454,Fixation,355722,95,1,34.599998474121094,34.0,29.0,30.0,6.8818589719754195,0.45631176233291626,0.07801418439716312,center_proxy_gt_axes_angle,,,left_only
355818,4896,test,48,right,session_1_0_1,101,saccade_fixation,1658486962777807,4966,189.1617873651772,140.0477657935285,42.97050902389228,38.51713944802069,73.58362388841981,1.2600090268289632,Fixation,355722,96,1,34.599998474121094,34.0,28.0,30.0,7.717511247701604,0.4912382960319519,0.0410958904109589,center_proxy_gt_axes_angle,,,left_only
355819,4897,test,48,right,session_1_0_1,101,saccade_fixation,1658486962817807,4967,189.17893106119288,140.04182804027886,42.8280600771848,38.4358707904292,74.96217378915495,1.2881363562901365,Fixation,355722,97,1,34.560001373291016,34.36000061035156,28.0,31.0,7.37042889655296,0.494545042514801,0.07042253521126761,center_proxy_gt_axes_angle,,,left_only
355820,4898,test,48,right,session_1_0_1,101,saccade_fixation,1658486962857807,4968,189.22821896684653,140.0840400925212,43.00611082226281,38.455151934658815,74.37048324764432,0.4839191968539137,Fixation,355722,98,1,34.599998474121094,34.0,28.0,31.0,7.249826195047766,0.5326896905899048,0.07042253521126761,center_proxy_gt_axes_angle,,,left_only
355821,4899,test,48,right,session_1_0_1,101,saccade_fixation,1658486962897808,4969,189.2354763749032,140.0875290472502,42.85142957197476,38.41209218367372,74.44624813072585,1.784628080542123,Fixation,355722,99,1,34.599998474121094,34.0,33.0,40.0,6.209669485342181,0.4295072853565216,0.11764705882352941,center_proxy_gt_axes_angle,,,left_only
363332,4728,test,48,right,session_2_0_1,201,saccade_fixation,1658487329018101,4834,187.9650112866817,135.63882618510158,38.866769754690864,29.5578971334375,-2.421968898247087,22.68560187859672,Fixation,363304,28,1,34.47999954223633,33.0,34.0,33.0,0.4799995422363281,0.5906462669372559,0.7534246575342466,center_proxy_gt_axes_angle,,,left_only
363333,4729,test,48,right,session_2_0_1,201,saccade_fixation,1658487329178101,4838,190.77572016460903,134.36008230452674,32.49240486838368,19.291089847481743,-3.559675824483122,24.046365525321644,Fixation,363304,29,1,34.959999084472656,32.7599983215332,44.0,33.0,9.04318623928547,0.4376599192619324,0.0,center_proxy_gt_axes_angle,,,left_only
363334,4730,test,48,right,session_2_0_1,201,saccade_fixation,1658487329218101,4839,189.1217672413793,127.76400862068964,36.65578436346634,32.37896816480178,13.799338104627395,33.1082048218644,Fixation,363304,30,1,34.560001373291016,31.1200008392334,35.0,31.0,0.45606906595658525,0.6194846630096436,1.0,center_proxy_gt_axes_angle,,,left_only
363335,4731,test,48,right,session_2_0_1,201,saccade_fixation,1658487329258101,4840,188.95794392523365,126.00747663551402,39.003442983866,34.971435586901784,52.37854021603064,48.80023603398502,Fixation,363304,31,1,34.47999954223633,30.479999542236328,34.0,31.0,0.7076722663927935,0.5765501260757446,0.7352941176470589,center_proxy_gt_axes_angle,,,left_only
363336,4732,test,48,right,session_2_0_1,201,saccade_fixation,1658487329298101,4841,189.26446280991732,126.46005509641871,39.75558552795371,34.92573634310749,59.98601839077446,6.958329173130595,Fixation,363304,32,1,34.560001373291016,30.68000030517578,34.0,31.0,0.6449816608054966,0.5667983293533325,0.7272727272727273,center_proxy_gt_axes_angle,,,left_only
363337,4733,test,48,right,session_2_0_1,201,saccade_fixation,1658487329338101,4842,189.47277676951,126.66152450090745,39.88772021640757,35.21862756990176,56.13085977294868,7.83432962229465,Fixation,363304,33,1,34.63999938964844,30.799999237060547,34.0,31.0,0.6705218295676404,0.6119551658630371,0.7534246575342466,center_proxy_gt_axes_angle,,,left_only
363338,4734,test,48,right,session_2_0_1,201,saccade_fixation,1658487329378101,4843,189.77668161434977,126.86367713004483,40.12819761561912,35.40997820416483,55.12422358246705,4.84981641137131,Fixation,363304,34,1,34.68000030517578,30.84000015258789,34.0,31.0,0.6985702299776694,0.6040616035461426,0.75,center_proxy_gt_axes_angle,,,left_only
363339,4735,test,48,right,session_2_0_1,201,saccade_fixation,1658487329418101,4844,189.8412556053812,126.89686098654708,39.97044812780461,35.54787983618503,54.007761604042805,3.6874314433340616,Fixation,363304,35,1,34.880001068115234,30.719999313354492,34.0,30.0,1.1370140241504911,0.534683108329773,0.6578947368421053,center_proxy_gt_axes_angle,,,left_only
363340,4736,test,48,right,session_2_0_1,201,saccade_fixation,1658487329458101,4845,189.83762200532388,126.98314108251996,40.27525992471393,35.655362656914455,53.239953568486186,2.363783349671732,Fixation,363304,36,1,34.599998474121094,31.040000915527344,32.0,29.0,3.304783775193835,0.39216047525405884,0.3263157894736842,center_proxy_gt_axes_angle,,,left_only
363341,4737,test,48,right,session_2_0_1,201,saccade_fixation,1658487329498101,4846,189.8728888888889,127.09511111111112,40.23617052197783,35.63075131272197,53.990613022839646,1.794967019852503,Fixation,363304,37,1,34.599998474121094,31.040000915527344,28.0,29.0,6.908081035551998,0.42491602897644043,0.058823529411764705,center_proxy_gt_axes_angle,,,left_only
363342,4738,test,48,right,session_2_0_1,201,saccade_fixation,1658487329538101,4847,189.8031774051192,127.24095322153576,40.4880800393812,35.66490821149263,53.92449675671028,0.8381685753883259,Fixation,363304,38,1,34.599998474121094,30.920000076293945,28.0,27.0,7.676352027919597,0.4466698467731476,0.024390243902439025,center_proxy_gt_axes_angle,,,left_only
363343,4739,test,48,right,session_2_0_1,201,saccade_fixation,1658487329578101,4848,189.68672566371683,127.13893805309736,40.35846972397417,35.68869498390245,53.04390845160685,1.0312008350407078,Fixation,363304,39,1,34.52000045776367,30.959999084472656,27.0,27.0,8.498941088970444,0.45878130197525024,0.008,center_proxy_gt_axes_angle,,,left_only
363344,4740,test,48,right,session_2_0_1,201,saccade_fixation,1658487329618101,4849,189.85172109443957,127.11650485436893,40.3444220928132,35.78935314377843,54.727858527019535,1.7597222703075703,Fixation,363304,40,1,34.599998474121094,30.920000076293945,27.0,27.0,8.551396225458594,0.44626593589782715,0.008,center_proxy_gt_axes_angle,,,left_only
363345,4741,test,48,right,session_2_0_1,201,saccade_fixation,1658487329658101,4850,190.0070796460177,126.9991150442478,40.25619945887027,35.76457531262284,53.5874942217414,2.822333839507999,Fixation,363304,41,1,34.79999923706055,30.84000015258789,27.0,28.0,8.300939041147354,0.4708118140697479,0.016129032258064516,center_proxy_gt_axes_angle,,,left_only
363346,4742,test,48,right,session_2_0_1,201,saccade_fixation,1658487329698101,4851,189.95874439461883,127.00627802690585,39.97523759968003,35.54391025464578,53.7784906228496,1.7770012069371073,Fixation,363304,42,1,34.7599983215332,30.920000076293945,28.0,29.0,7.027373449596975,0.44212213158607483,0.058823529411764705,center_proxy_gt_axes_angle,,,left_only
363347,4743,test,48,right,session_2_0_1,201,saccade_fixation,1658487329738101,4852,190.1382783882784,127.1346153846154,39.6109115954285,35.14228990474067,54.23810886667968,2.0063635443466383,Fixation,363304,43,1,34.7599983215332,30.799999237060547,28.0,28.0,7.316937408142246,0.4507288634777069,0.04132231404958678,center_proxy_gt_axes_angle,,,left_only
363348,4744,test,48,right,session_2_0_1,201,saccade_fixation,1658487329778101,4853,190.12183692596065,127.20524835988752,39.20903318825904,34.68974511985326,55.26676285704987,2.579170656555677,Fixation,363304,44,1,34.720001220703125,30.84000015258789,28.0,29.0,6.967353655999884,0.4365728497505188,0.058823529411764705,center_proxy_gt_axes_angle,,,left_only
363349,4745,test,48,right,session_2_0_1,201,saccade_fixation,1658487329818102,4854,190.2076555023924,127.24976076555023,38.81335900712654,34.31661926722968,53.99561441822013,54.90153686643226,Fixation,363304,45,1,34.7599983215332,30.959999084472656,28.0,29.0,7.038407044087844,0.4213969111442566,0.058823529411764705,center_proxy_gt_axes_angle,,,left_only
363350,4746,test,48,right,session_2_0_1,201,saccade_fixation,1658487329858102,4855,190.0877531340405,127.39826422372228,39.00127593109083,33.90457274234435,55.135102444097846,97.41301190717432,Fixation,363304,46,1,34.7599983215332,30.959999084472656,28.0,27.0,7.834485947154159,0.42388173937797546,0.024390243902439025,center_proxy_gt_axes_angle,,,left_only
363351,4747,test,48,right,session_2_0_1,201,saccade_fixation,1658487329898102,4856,197.24007936507937,132.3045634920635,39.04309948191271,32.931986650905664,62.330671766358286,98.031540495055,Fixation,363304,47,1,36.15999984741211,32.279998779296875,35.0,32.0,1.193314276460253,0.6913408041000366,0.6623376623376623,center_proxy_gt_axes_angle,,,left_only
363352,4748,test,48,right,session_2_0_1,201,saccade_fixation,1658487329938102,4857,201.82472137791288,137.49949341438702,38.95656886367889,32.28685938891561,70.62799449376767,97.02305351555393,Fixation,363304,48,1,36.79999923706055,33.47999954223633,36.0,33.0,0.9329514134425981,0.6708605289459229,0.6578947368421053,center_proxy_gt_axes_angle,,,left_only
363353,4749,test,48,right,session_2_0_1,201,saccade_fixation,1658487329978102,4858,201.8847320525784,137.72194135490395,39.04132374299508,32.27616876187731,71.53519817611115,43.11950182593536,Fixation,363304,49,1,36.79999923706055,33.47999954223633,34.0,32.0,3.1670797862635833,0.5139601230621338,0.32608695652173914,center_proxy_gt_axes_angle,,,left_only
363354,4750,test,48,right,session_2_0_1,201,saccade_fixation,1658487330018102,4859,201.85279187817255,137.5258883248731,38.97133681651001,32.210038758219774,70.59870148825627,1.635196895694012,Fixation,363304,50,1,36.79999923706055,33.47999954223633,34.0,32.0,3.1670797862635833,0.3946824073791504,0.3263157894736842,center_proxy_gt_axes_angle,,,left_only
363355,4751,test,48,right,session_2_0_1,201,saccade_fixation,1658487330058102,4860,201.7338056680162,137.53947368421052,39.01171444462764,32.27118651175261,71.63039145902704,2.283444763633084,Fixation,363304,51,1,36.79999923706055,33.47999954223633,27.0,32.0,9.9111242395304,0.39576736092567444,0.0,center_proxy_gt_axes_angle,,,left_only
363356,4752,test,48,right,session_2_0_1,201,saccade_fixation,1658487330098102,4861,201.57618567103933,137.58123107971747,39.06039599521384,32.32685364823915,73.69133654672456,2.181156065773386,Fixation,363304,52,1,36.79999923706055,33.47999954223633,27.0,32.0,9.9111242395304,0.36812978982925415,0.0,center_proxy_gt_axes_angle,,,left_only
363357,4753,test,48,right,session_2_0_1,201,saccade_fixation,1658487330138102,4862,201.55387713997985,137.56696878147028,39.10085014745978,32.35982676443023,73.64661815604967,2.280925834711309,Fixation,363304,53,1,36.79999923706055,33.47999954223633,27.0,32.0,9.9111242395304,0.3114902973175049,0.0,center_proxy_gt_axes_angle,,,left_only
363358,4754,test,48,right,session_2_0_1,201,saccade_fixation,1658487330178102,4863,201.5175526579739,137.62286860581744,39.13852062018978,32.458444041715616,74.5853445781125,0.5896059821919996,Fixation,363304,54,1,36.79999923706055,33.47999954223633,27.0,32.0,9.9111242395304,0.31306564807891846,0.0,center_proxy_gt_axes_angle,,,left_only
363359,4755,test,48,right,session_2_0_1,201,saccade_fixation,1658487330218102,4864,201.3751253761284,137.60682046138416,39.27630431092562,32.34581560202908,73.24951107174665,0.4296424142925614,Fixation,363304,55,1,36.79999923706055,33.47999954223633,28.0,32.0,8.923585894542953,0.28976863622665405,0.0,center_proxy_gt_axes_angle,,,left_only
363360,4756,test,48,right,session_2_0_1,201,saccade_fixation,1658487330258102,4865,201.48217821782177,137.5891089108911,39.55692859821988,32.54675911789611,71.94037728016275,0.4101599853623197,Fixation,363304,56,1,36.79999923706055,33.47999954223633,27.0,32.0,9.9111242395304,0.3306826651096344,0.0,center_proxy_gt_axes_angle,,,left_only
363361,4757,test,48,right,session_2_0_1,201,saccade_fixation,1658487330298102,4866,201.5803921568628,137.63039215686274,39.75494023750196,32.70115234863622,71.81217557897187,0.9484415369839512,Fixation,363304,57,1,36.79999923706055,33.47999954223633,28.0,32.0,8.923585894542953,0.28435859084129333,0.0,center_proxy_gt_axes_angle,,,left_only
363362,4758,test,48,right,session_2_0_1,201,saccade_fixation,1658487330338102,4867,201.50487329434696,137.55847953216374,40.050777900337614,32.660056830566795,72.33927140499937,1.5292421219199757,Fixation,363304,58,1,36.79999923706055,33.47999954223633,29.0,32.0,7.939167887327037,0.2826535701751709,0.008264462809917356,center_proxy_gt_axes_angle,,,left_only
363363,4759,test,48,right,session_2_0_1,201,saccade_fixation,1658487330378102,4868,201.46556741028127,137.48496605237634,40.19932247565016,32.705125778661056,73.01429174732391,9.407479960230836,Fixation,363304,59,1,36.79999923706055,33.47999954223633,29.0,32.0,7.939167887327037,0.2671261131763458,0.008264462809917356,center_proxy_gt_axes_angle,,,left_only
363364,4760,test,48,right,session_2_0_1,201,saccade_fixation,1658487330418102,4869,201.56479690522244,137.35880077369438,40.259440394171456,32.73252171522487,73.27104095658738,25.36499174489662,Fixation,363304,60,1,36.79999923706055,33.47999954223633,28.0,30.0,9.46310643426519,0.3749822974205017,0.0,center_proxy_gt_axes_angle,,,left_only
363365,4761,test,48,right,session_2_0_1,201,saccade_fixation,1658487330458102,4870,200.4637134778511,136.6211121583412,40.33600260002206,33.52347997195261,72.1286966828942,5.96411240520619,Fixation,363304,61,1,36.47999954223633,33.439998626708984,37.0,33.0,0.6811749170222142,0.5302308797836304,0.7428571428571429,center_proxy_gt_axes_angle,,,left_only
363366,4762,test,48,right,session_2_0_1,201,saccade_fixation,1658487330618102,4874,199.9625550660793,144.49118942731278,31.11858464143844,18.969425105026765,1.1562207309627013,7.414925274844116,Fixation,363304,62,1,36.47999954223633,35.0,33.0,35.0,3.479999542236328,0.34054437279701233,0.17647058823529413,center_proxy_gt_axes_angle,,,left_only
363367,4763,test,48,right,session_2_0_1,201,saccade_fixation,1658487330658102,4875,200.09489916963227,138.43890865954924,34.86992084821785,31.107567869505846,13.559504280241072,3.1970703785862247,Fixation,363304,63,1,36.47999954223633,33.52000045776367,29.0,32.0,7.632875902532246,0.38959160447120667,0.0,center_proxy_gt_axes_angle,,,left_only
363368,4764,test,48,right,session_2_0_1,201,saccade_fixation,1658487330698102,4876,200.01829268292684,135.97357723577235,38.10139147150039,32.92327808903537,64.61364647713935,52.11563927103992,Fixation,363304,64,1,36.400001525878906,33.15999984741211,28.0,31.0,8.673270719606778,0.41957932710647583,0.0,center_proxy_gt_axes_angle,,,left_only
363369,4765,test,48,right,session_2_0_1,201,saccade_fixation,1658487330738102,4877,200.0915422885572,135.80696517412937,39.29678554218737,32.60295638600575,71.8775606929357,13.176655057528286,Fixation,363304,65,1,36.400001525878906,33.15999984741211,33.0,31.0,4.028102495816017,0.48664435744285583,0.23232323232323232,center_proxy_gt_axes_angle,,,left_only
363370,4766,test,48,right,session_2_0_1,201,saccade_fixation,1658487330778102,4878,200.31641791044777,136.1601990049751,39.391882764495975,32.53609343917853,73.66477786628629,4.553244971616111,Fixation,363304,66,1,36.400001525878906,33.31999969482422,33.0,32.0,3.6472468480094573,0.48274749517440796,0.23232323232323232,center_proxy_gt_axes_angle,,,left_only
363371,4767,test,48,right,session_2_0_1,201,saccade_fixation,1658487330818102,4879,200.54975369458128,136.38029556650247,39.12483132566732,33.0682140317774,72.33594072068254,5.927781657957852,Fixation,363304,67,1,36.52000045776367,33.439998626708984,33.0,32.0,3.80315648739047,0.5198779106140137,0.23232323232323232,center_proxy_gt_axes_angle,,,left_only
363372,4768,test,48,right,session_2_0_1,201,saccade_fixation,1658487330858102,4880,200.25841584158417,136.66138613861386,39.27623511092901,32.78050449146607,70.87403337427568,3.748623951801631,Fixation,363304,68,1,36.52000045776367,33.439998626708984,33.0,31.0,4.282989203932014,0.46899670362472534,0.2,center_proxy_gt_axes_angle,,,left_only
363373,4769,test,48,right,session_2_0_1,201,saccade_fixation,1658487330898102,4881,200.5772200772201,136.6216216216216,39.67202196487405,33.2892922041034,72.65378436586468,1.2194095546732675,Fixation,363304,69,1,36.52000045776367,33.279998779296875,32.0,31.0,5.06248936510281,0.4362639784812927,0.12962962962962962,center_proxy_gt_axes_angle,,,left_only
363374,4770,test,48,right,session_2_0_1,201,saccade_fixation,1658487330938102,4882,200.74831892411143,136.5763688760807,39.89083738984096,33.26548044279403,71.02399887529704,2.416858178938737,Fixation,363304,70,1,36.52000045776367,33.439998626708984,31.0,31.0,6.035229767958539,0.42461827397346497,0.07692307692307693,center_proxy_gt_axes_angle,,,left_only
363375,4771,test,48,right,session_2_0_1,201,saccade_fixation,1658487330978102,4883,200.68366383380547,136.5221907459868,40.33174903629576,33.470319540514936,71.51378940916362,0.9264994583340462,Fixation,363304,71,1,36.52000045776367,33.439998626708984,32.0,31.0,5.136535548064039,0.4607731103897095,0.12962962962962962,center_proxy_gt_axes_angle,,,left_only
363376,4772,test,48,right,session_2_0_1,201,saccade_fixation,1658487331018102,4884,200.6067415730337,136.49344569288388,40.61909348986583,33.50895517214122,70.90613070018989,1.000167334380303,Fixation,363304,72,1,36.560001373291016,33.31999969482422,29.0,31.0,7.907971885897579,0.44182470440864563,0.008,center_proxy_gt_axes_angle,,,left_only
363377,4773,test,48,right,session_2_0_1,201,saccade_fixation,1658487331058103,4885,200.6277985074627,136.482276119403,40.61975556771795,33.63822685780934,71.19853550059187,0.5185509649061121,Fixation,363304,73,1,36.560001373291016,33.31999969482422,29.0,31.0,7.907971885897579,0.4342609643936157,0.008,center_proxy_gt_axes_angle,,,left_only
363378,4774,test,48,right,session_2_0_1,201,saccade_fixation,1658487331098103,4886,200.59701492537317,136.5242537313433,40.65324043146844,33.60555228933401,71.71775877291284,0.8647216989546814,Fixation,363304,74,1,36.52000045776367,33.439998626708984,29.0,31.0,7.905947140166544,0.43960869312286377,0.0,center_proxy_gt_axes_angle,,,left_only
363379,4775,test,48,right,session_2_0_1,201,saccade_fixation,1658487331138103,4887,200.6018779342723,136.5361502347418,40.39237189499027,33.60268856731156,70.8276153704463,1.767732727449367,Fixation,363304,75,1,36.52000045776367,33.439998626708984,29.0,30.0,8.269461738016902,0.4458119869232178,0.0,center_proxy_gt_axes_angle,,,left_only
363380,4776,test,48,right,session_2_0_1,201,saccade_fixation,1658487331178103,4888,200.6625708884688,136.62003780718337,40.15342612711218,33.58202152882158,71.21657529864508,1.344957773556884,Fixation,363304,76,1,36.52000045776367,33.439998626708984,29.0,30.0,8.269461738016902,0.4514669179916382,0.0,center_proxy_gt_axes_angle,,,left_only
363381,4777,test,48,right,session_2_0_1,201,saccade_fixation,1658487331218103,4889,200.6251198465964,136.76510067114094,39.822654494761935,33.38532481853831,70.3975416539794,1.7029468271305837,Fixation,363304,77,1,36.52000045776367,33.439998626708984,29.0,30.0,8.269461738016902,0.4555985927581787,0.007874015748031496,center_proxy_gt_axes_angle,,,left_only
363382,4778,test,48,right,session_2_0_1,201,saccade_fixation,1658487331258103,4890,200.68839884947263,136.71907957813997,39.81059860218123,33.39615142928101,70.61613886987143,1.224051820712261,Fixation,363304,78,1,36.52000045776367,33.439998626708984,29.0,30.0,8.269461738016902,0.433533251285553,0.0,center_proxy_gt_axes_angle,,,left_only
363383,4779,test,48,right,session_2_0_1,201,saccade_fixation,1658487331298103,4891,200.84892787524367,136.65107212475633,39.51135280439668,33.11180569274863,71.33803197320563,2.1182171722350254,Fixation,363304,79,1,36.52000045776367,33.439998626708984,29.0,30.0,8.269461738016902,0.4260879158973694,0.0,center_proxy_gt_axes_angle,,,left_only
363384,4780,test,48,right,session_2_0_1,201,saccade_fixation,1658487331338103,4892,200.8583984375,136.6171875,39.46171092129944,33.09359384474974,70.76132376132313,1.6016361871834743,Fixation,363304,80,1,36.52000045776367,33.439998626708984,29.0,30.0,8.269461738016902,0.4286065995693207,0.0,center_proxy_gt_axes_angle,,,left_only
363385,4781,test,48,right,session_2_0_1,201,saccade_fixation,1658487331378103,4893,200.8780487804878,136.53951219512194,39.64140655879411,32.97820938874254,70.94565499035386,1.3238407676251152,Fixation,363304,81,1,36.52000045776367,33.439998626708984,29.0,30.0,8.269461738016902,0.4306953549385071,0.0,center_proxy_gt_axes_angle,,,left_only
363386,4782,test,48,right,session_2_0_1,201,saccade_fixation,1658487331418103,4894,200.87745098039213,136.54607843137254,39.63226313028218,32.823079585355345,70.85075768273245,1.4585940712820369,Fixation,363304,82,1,36.68000030517578,33.31999969482422,29.0,29.0,8.811628796697091,0.422515332698822,0.0,center_proxy_gt_axes_angle,,,left_only
363387,4783,test,48,right,session_2_0_1,201,saccade_fixation,1658487331458103,4895,201.0502463054187,136.58522167487683,39.30427561155331,32.9338877931231,70.84361928966673,0.1079777819289405,Fixation,363304,83,1,36.68000030517578,33.31999969482422,29.0,30.0,8.366887274317314,0.4066835939884186,0.0,center_proxy_gt_axes_angle,,,left_only
363388,4784,test,48,right,session_2_0_1,201,saccade_fixation,1658487331498103,4896,201.07784431137725,136.69660678642714,39.23980349103573,32.57176083863445,71.1703363907608,2.5383449891367063,Fixation,363304,84,1,36.68000030517578,33.31999969482422,32.0,30.0,5.738013665902018,0.40239351987838745,0.09565217391304348,center_proxy_gt_axes_angle,,,left_only
363389,4785,test,48,right,session_2_0_1,201,saccade_fixation,1658487331538103,4897,200.89112903225808,136.52822580645162,38.97841746344373,32.45985010790737,72.34237339771163,2.3287276355573407,Fixation,363304,85,1,36.63999938964844,33.31999969482422,29.0,30.0,8.330185390941873,0.4004858136177063,0.0,center_proxy_gt_axes_angle,,,left_only
363390,4786,test,48,right,session_2_0_1,201,saccade_fixation,1658487331578103,4898,201.2829417773238,136.56894790602655,38.89524283103329,32.087680910633104,72.0482127206688,2.312199943482306,Fixation,363304,86,1,36.7599983215332,33.279998779296875,29.0,30.0,8.424723493527079,0.3873494267463684,0.0,center_proxy_gt_axes_angle,,,left_only
363391,4787,test,48,right,session_2_0_1,201,saccade_fixation,1658487331618103,4899,201.41573033707863,136.51276813074566,38.81411136733501,32.14453138730064,72.8618574623239,2.8793778629315128,Fixation,363304,87,1,36.84000015258789,33.2400016784668,28.0,31.0,9.119386504435921,0.4295467138290405,0.0,center_proxy_gt_axes_angle,,,left_only
363392,4788,test,48,right,session_2_0_1,201,saccade_fixation,1658487331658103,4900,201.31340206185567,136.41134020618557,38.53857317943718,32.08032191378349,73.59022075137658,0.8737181484752591,Fixation,363304,88,1,36.84000015258789,33.2400016784668,28.0,31.0,9.119386504435921,0.4206278324127197,0.0,center_proxy_gt_axes_angle,,,left_only
363393,4789,test,48,right,session_2_0_1,201,saccade_fixation,1658487331698103,4901,201.34814049586777,136.47004132231405,38.46165242333091,32.073581742299034,72.2615712748882,0.1854550154097602,Fixation,363304,89,1,36.84000015258789,33.2400016784668,29.0,31.0,8.153723683821534,0.4056946337223053,0.0,center_proxy_gt_axes_angle,,,left_only
363394,4790,test,48,right,session_2_0_1,201,saccade_fixation,1658487331738103,4902,201.41326530612244,136.5183673469388,38.80265645807718,32.19721634851023,72.54631727350979,1.347082939100571,Fixation,363304,90,1,36.84000015258789,33.2400016784668,28.0,30.0,9.415052499812287,0.4120199680328369,0.0,center_proxy_gt_axes_angle,,,left_only
363395,4791,test,48,right,session_2_0_1,201,saccade_fixation,1658487331778103,4903,201.4061224489796,136.48469387755102,38.782380246183024,32.20968579079923,73.07664029506105,26.46214835775033,Fixation,363304,91,1,36.84000015258789,33.2400016784668,29.0,30.0,8.483113418376876,0.40673452615737915,0.0,center_proxy_gt_axes_angle,,,left_only
363396,4792,test,48,right,session_2_0_1,201,saccade_fixation,1658487331818103,4904,201.4320486815416,136.59127789046653,39.07217844693586,32.16371469272605,73.18273233185025,51.22195657451057,Fixation,363304,92,1,36.84000015258789,33.31999969482422,32.0,30.0,5.869241812251707,0.4001923203468323,0.08928571428571429,center_proxy_gt_axes_angle,,,left_only
363397,4793,test,48,right,session_2_0_1,201,saccade_fixation,1658487331858103,4905,198.44230769230768,133.3906882591093,38.90055289278562,32.37421180237425,70.82698499504832,51.74220531538673,Fixation,363304,93,1,36.2400016784668,32.47999954223633,36.0,32.0,0.5366566557995571,0.6060414910316467,0.6578947368421053,center_proxy_gt_axes_angle,,,left_only
363398,4794,test,48,right,session_2_0_1,201,saccade_fixation,1658487331898103,4906,196.372351160444,130.05650857719476,38.56089830196067,32.77441187533459,63.48157195828107,52.75644531668985,Fixation,363304,94,1,35.79999923706055,31.520000457763672,35.0,32.0,0.9329514134425981,0.6688218712806702,0.7534246575342466,center_proxy_gt_axes_angle,,,left_only
363399,4795,test,48,right,session_2_0_1,201,saccade_fixation,1658487331938103,4907,196.23446893787576,130.02004008016033,38.5808461135186,32.96945528778955,61.92059232928799,26.158533918464688,Fixation,363304,95,1,35.79999923706055,31.520000457763672,34.0,32.0,1.8629001084238617,0.5891766548156738,0.5609756097560976,center_proxy_gt_axes_angle,,,left_only
363400,4796,test,48,right,session_2_0_1,201,saccade_fixation,1658487331978103,4908,196.1726546906188,129.9890219560878,38.68294114045824,33.013840388835355,60.79212685795771,2.545188423053324,Fixation,363304,96,1,35.79999923706055,31.520000457763672,33.0,32.0,2.8408441154147703,0.5217959880828857,0.38636363636363635,center_proxy_gt_axes_angle,,,left_only
363401,4797,test,48,right,session_2_0_1,201,saccade_fixation,1658487332018103,4909,196.12350597609563,129.90637450199202,38.75057745464793,33.02782343464604,61.48409099970812,1.057941383443855,Fixation,363304,97,1,35.79999923706055,31.520000457763672,30.0,31.0,5.823262970704428,0.4196162819862366,0.10909090909090909,center_proxy_gt_axes_angle,,,left_only
363402,4798,test,48,right,session_2_0_1,201,saccade_fixation,1658487332058103,4910,196.01994017946163,129.85244267198405,38.56422902133899,33.1567900424898,61.43449971552555,2.107451987534859,Fixation,363304,98,1,35.79999923706055,31.520000457763672,29.0,32.0,6.8169193324089665,0.44885537028312683,0.06086956521739131,center_proxy_gt_axes_angle,,,left_only
363403,4799,test,48,right,session_2_0_1,201,saccade_fixation,1658487332098103,4911,196.08466135458167,129.94123505976097,38.67702014267006,33.0776861118663,59.70164010154511,2.1499810285097056,Fixation,363304,99,1,35.79999923706055,31.520000457763672,32.0,39.0,8.389897934630458,0.42670938372612,0.0,center_proxy_gt_axes_angle,,,left_only
366112,2675,test,48,right,session_2_0_2,202,smooth,1658487776218459,2735,141.53833192923335,143.1727042965459,40.88727930314618,37.03304722620959,-76.79404368969867,20.65604854856124,Smooth,366037,75,1,25.84000015258789,34.63999938964844,26.0,34.0,0.6596962709628355,0.6340584754943848,0.7441860465116279,center_proxy_gt_axes_angle,,,left_only
366113,2676,test,48,right,session_2_0_2,202,smooth,1658487776258459,2736,141.57583333333332,143.27,41.17963358542677,37.17265168541983,-79.31373161376638,11.373070656269514,Smooth,366037,76,1,25.8799991607666,34.720001220703125,26.0,34.0,0.7299328456993219,0.6422216892242432,0.7471264367816092,center_proxy_gt_axes_angle,,,left_only
366114,2677,test,48,right,session_2_0_2,202,smooth,1658487776298459,2737,141.61204013377926,143.29598662207357,41.0594520165192,37.16001411514436,-79.21592334032582,0.6813496065360276,Smooth,366037,77,1,25.760000228881836,34.79999923706055,26.0,34.0,0.8352237241806701,0.6369463205337524,0.7471264367816092,center_proxy_gt_axes_angle,,,left_only
366115,2678,test,48,right,session_2_0_2,202,smooth,1658487776338459,2738,141.58438287153652,143.31570109151974,40.89004014061689,37.15696789914724,-78.60986321524462,1.1700744514177,Smooth,366037,78,1,25.760000228881836,34.79999923706055,26.0,34.0,0.8352237241806701,0.6245978474617004,0.7471264367816092,center_proxy_gt_axes_angle,,,left_only
366116,2679,test,48,right,session_2_0_2,202,smooth,1658487776378459,2739,141.62981574539364,143.23199329983248,41.01049286665037,37.14722841920416,-79.64426103902991,1.7206396726060218,Smooth,366037,79,1,25.8799991607666,34.720001220703125,26.0,34.0,0.7299328456993219,0.606222927570343,0.7471264367816092,center_proxy_gt_axes_angle,,,left_only
366117,2680,test,48,right,session_2_0_2,202,smooth,1658487776418459,2740,141.64775613886536,143.4428450465707,40.78941694409935,36.9402755046814,-79.06896432604081,1.5650187375861837,Smooth,366037,80,1,25.760000228881836,34.79999923706055,26.0,33.0,1.8159287275538438,0.6021071672439575,0.5510204081632653,center_proxy_gt_axes_angle,,,left_only
366118,2681,test,48,right,session_2_0_2,202,smooth,1658487776458459,2741,141.55942275042446,143.56621392190152,40.69406350758712,36.922379872259846,-80.45895137586045,2.6773524086472538,Smooth,366037,81,1,25.719999313354492,34.91999816894531,26.0,33.0,1.9403075409004904,0.6043977737426758,0.5510204081632653,center_proxy_gt_axes_angle,,,left_only
366119,2682,test,48,right,session_2_0_2,202,smooth,1658487776498459,2742,141.51538461538462,143.55641025641026,40.54414168187182,36.80544730537423,-77.76248661088236,1.5164299572071895,Smooth,366037,82,1,25.68000030517578,35.0,26.0,33.0,2.025438175972694,0.6008177995681763,0.5463917525773195,center_proxy_gt_axes_angle,,,left_only
366120,2683,test,48,right,session_2_0_2,202,smooth,1658487776538459,2743,141.56921754084266,143.6560619088564,40.38966610462002,36.73645444540927,-76.63364552080297,0.7993272220531732,Smooth,366037,83,1,25.719999313354492,34.91999816894531,26.0,33.0,1.9403075409004904,0.6037542819976807,0.5463917525773195,center_proxy_gt_axes_angle,,,left_only
366121,2684,test,48,right,session_2_0_2,202,smooth,1658487776578460,2744,141.5401901469317,143.66032843560933,40.47705105198216,36.46292075906677,-75.66705279484503,1.4448652600332352,Smooth,366037,84,1,25.719999313354492,34.91999816894531,26.0,33.0,1.9403075409004904,0.590996503829956,0.5443037974683544,center_proxy_gt_axes_angle,,,left_only
366122,2685,test,48,right,session_2_0_2,202,smooth,1658487776618460,2745,141.64310344827587,143.66293103448277,40.42981821592309,36.60433576948116,-78.04244554992934,1.486572420948777,Smooth,366037,85,1,25.68000030517578,35.0,26.0,33.0,2.025438175972694,0.5829894542694092,0.5463917525773195,center_proxy_gt_axes_angle,,,left_only
366123,2686,test,48,right,session_2_0_2,202,smooth,1658487776658460,2746,141.73206568712186,143.6369922212619,40.24840917808809,36.67775867934645,-80.7612723040972,1.449973274797664,Smooth,366037,86,1,25.719999313354492,34.880001068115234,26.0,33.0,1.9007378568956788,0.5714704394340515,0.5510204081632653,center_proxy_gt_axes_angle,,,left_only
366124,2687,test,48,right,session_2_0_2,202,smooth,1658487776698460,2747,141.80695652173912,143.6486956521739,40.16569742728144,36.53372165866775,-81.88815478952813,1.653769302993845,Smooth,366037,87,1,25.8799991607666,34.959999084472656,26.0,32.0,2.9624305530249453,0.550586462020874,0.37209302325581395,center_proxy_gt_axes_angle,,,left_only
366125,2688,test,48,right,session_2_0_2,202,smooth,1658487776738460,2748,141.66839826839828,143.85367965367965,40.0299169579073,36.81810835415004,-76.20843626672944,31.934993540981075,Smooth,366037,88,1,25.84000015258789,35.20000076293945,26.0,32.0,3.203998257487819,0.5198445320129395,0.3944954128440367,center_proxy_gt_axes_angle,,,left_only
366126,2689,test,48,right,session_2_0_2,202,smooth,1658487776778460,2749,141.7076124567474,143.91955017301038,39.90361571243383,36.96011525789336,-71.00332415730793,52.13417436089386,Smooth,366037,89,1,25.84000015258789,35.20000076293945,26.0,33.0,2.20581125849563,0.49298757314682007,0.5268817204301075,center_proxy_gt_axes_angle,,,left_only
366127,2690,test,48,right,session_2_0_2,202,smooth,1658487776818460,2750,144.07207207207207,148.17927927927929,38.97126605843757,36.51002319150705,-37.61691829743165,61.57345552885939,Smooth,366037,90,1,26.360000610351562,36.0,26.0,36.0,0.3600006103515625,0.632999062538147,0.7352941176470589,center_proxy_gt_axes_angle,,,left_only
366128,2691,test,48,right,session_2_0_2,202,smooth,1658487776858460,2751,145.04856115107913,151.33453237410072,38.67300716075511,36.85136948661216,-10.286987372111495,62.12080018529914,Smooth,366037,91,1,26.399999618530273,37.119998931884766,29.0,36.0,2.8309714924502045,0.3449139893054962,0.5353535353535354,center_proxy_gt_axes_angle,,,left_only
366129,2692,test,48,right,session_2_0_2,202,smooth,1658487776898460,2752,145.86412078152753,152.76731793960923,38.37066913601859,37.575464329414245,-13.37666096717038,30.5898491505588,Smooth,366037,92,1,26.600000381469727,37.15999984741211,26.0,36.0,1.3059862571099032,0.48634111881256104,0.5957446808510638,center_proxy_gt_axes_angle,,,left_only
366130,2693,test,48,right,session_2_0_2,202,smooth,1658487776938460,2753,145.8980667838313,152.9323374340949,38.3849486621388,37.968460881556425,-15.89750303250588,9.8737777050205,Smooth,366037,93,1,26.639999389648438,37.36000061035156,26.0,34.0,3.420409817596898,0.4145636260509491,0.36936936936936937,center_proxy_gt_axes_angle,,,left_only
366131,2694,test,48,right,session_2_0_2,202,smooth,1658487776978460,2754,145.55244755244755,152.8444055944056,38.8511468206496,37.70482102304523,-3.6961998430886354,2.195381187058995,Smooth,366037,94,1,26.479999542236328,37.439998626708984,26.0,34.0,3.473325511999528,0.40679454803466797,0.3392857142857143,center_proxy_gt_axes_angle,,,left_only
366132,2695,test,48,right,session_2_0_2,202,smooth,1658487777018460,2755,145.57142857142858,152.82530120481928,39.20586949275563,37.98146216063206,4.763387034953041,2.7151735746229697,Smooth,366037,95,1,26.479999542236328,37.400001525878906,26.0,34.0,3.433716636026621,0.4090121388435364,0.3392857142857143,center_proxy_gt_axes_angle,,,left_only
366133,2696,test,48,right,session_2_0_2,202,smooth,1658487777058460,2756,145.56896551724137,152.95775862068965,39.248000632646914,37.88512769624664,2.535887383528575,1.5352378066288337,Smooth,366037,96,1,26.479999542236328,37.439998626708984,27.0,34.0,3.479079048805032,0.3773658871650696,0.35135135135135137,center_proxy_gt_axes_angle,,,left_only
366134,2697,test,48,right,session_2_0_2,202,smooth,1658487777098460,2757,145.4655765920826,152.97332185886404,39.443264991464325,37.76900823895661,6.121388332057876,2.627131589620277,Smooth,366037,97,1,26.479999542236328,37.400001525878906,27.0,34.0,3.439536429819187,0.3958844840526581,0.3684210526315789,center_proxy_gt_axes_angle,,,left_only
366135,2698,test,48,right,session_2_0_2,202,smooth,1658487777138460,2758,145.3926116838488,153.03092783505156,39.604582797701966,37.67657924490434,3.672378967391211,2.2346154416772803,Smooth,366037,98,1,26.479999542236328,37.400001525878906,27.0,34.0,3.439536429819187,0.4215483069419861,0.35135135135135137,center_proxy_gt_axes_angle,,,left_only
366136,2699,test,48,right,session_2_0_2,202,smooth,1658487777178460,2759,145.4128755364807,153.21459227467813,39.70301207811703,37.69282510435728,-0.1326106452045223,2.606131416746614,Smooth,366037,99,1,26.479999542236328,37.400001525878906,44.0,44.0,18.72192286861689,0.4208377003669739,0.0,center_proxy_gt_axes_angle,,,left_only
