{
  "prompt": "black pupil.",
  "gsam2_centers": [
    {
      "valid": true,
      "cx": 161.39,
      "cy": 134.39,
      "area": 1306,
      "det_score": 0.3902,
      "sam_score": 0.9736,
      "box": [
        140.9,
        113.1,
        183.4,
        155.7
      ],
      "repeats": [
        [
          161.32,
          134.36
        ],
        [
          161.42,
          134.43
        ],
        [
          161.39,
          134.42000000000002
        ],
        [
          161.46,
          134.29000000000002
        ],
        [
          162.53,
          134.45999999999998
        ]
      ],
      "idx": 105,
      "mislabel": false,
      "mislabel_reason": "ok",
      "e_unet": 1.06
    },
    {
      "valid": true,
      "cx": 161.39,
      "cy": 134.37,
      "area": 1301,
      "det_score": 0.3734,
      "sam_score": 0.9733,
      "box": [
        141.0,
        113.3,
        183.3,
        155.7
      ],
      "repeats": [
        [
          161.33,
          134.32
        ],
        [
          161.42,
          134.43
        ],
        [
          161.37,
          134.4
        ],
        [
          161.49,
          134.28
        ],
        [
          162.61,
          134.48000000000002
        ]
      ],
      "idx": 106,
      "mislabel": false,
      "mislabel_reason": "ok",
      "e_unet": 1.02
    },
    {
      "valid": true,
      "cx": 161.27,
      "cy": 134.35,
      "area": 1299,
      "det_score": 0.3717,
      "sam_score": 0.9737,
      "box": [
        140.8,
        113.2,
        183.3,
        155.6
      ],
      "repeats": [
        [
          161.26,
          134.25
        ],
        [
          161.27,
          134.39
        ],
        [
          161.26,
          134.3
        ],
        [
          161.37,
          134.23000000000002
        ],
        [
          162.5,
          134.39
        ]
      ],
      "idx": 107,
      "mislabel": false,
      "mislabel_reason": "ok",
      "e_unet": 1.05
    },
    {
      "valid": true,
      "cx": 161.26,
      "cy": 134.36,
      "area": 1300,
      "det_score": 0.365,
      "sam_score": 0.9734,
      "box": [
        140.8,
        113.2,
        183.3,
        155.7
      ],
      "repeats": [
        [
          161.28,
          134.29000000000002
        ],
        [
          161.28,
          134.4
        ],
        [
          161.29,
          134.35
        ],
        [
          161.36,
          134.26
        ],
        [
          162.49,
          134.44
        ]
      ],
      "idx": 108,
      "mislabel": false,
      "mislabel_reason": "ok",
      "e_unet": 1.04
    },
    {
      "valid": true,
      "cx": 161.35,
      "cy": 134.37,
      "area": 1310,
      "det_score": 0.3611,
      "sam_score": 0.9743,
      "box": [
        140.7,
        113.2,
        183.4,
        155.8
      ],
      "repeats": [
        [
          161.3,
          134.35
        ],
        [
          161.37,
          134.39
        ],
        [
          161.34,
          134.38
        ],
        [
          161.44,
          134.3
        ],
        [
          162.53,
          134.47
        ]
      ],
      "idx": 109,
      "mislabel": false,
      "mislabel_reason": "ok",
      "e_unet": 1.02
    },
    {
      "valid": true,
      "cx": 161.45,
      "cy": 134.42000000000002,
      "area": 1317,
      "det_score": 0.3592,
      "sam_score": 0.9747,
      "box": [
        140.7,
        113.2,
        183.6,
        155.8
      ],
      "repeats": [
        [
          161.4,
          134.38
        ],
        [
          161.47,
          134.51999999999998
        ],
        [
          161.44,
          134.48000000000002
        ],
        [
          161.53,
          134.37
        ],
        [
          162.6,
          134.55
        ]
      ],
      "idx": 110,
      "mislabel": false,
      "mislabel_reason": "ok",
      "e_unet": 1.02
    },
    {
      "valid": true,
      "cx": 161.4,
      "cy": 134.48000000000002,
      "area": 1330,
      "det_score": 0.3479,
      "sam_score": 0.9739,
      "box": [
        140.6,
        113.2,
        183.8,
        155.9
      ],
      "repeats": [
        [
          161.4,
          134.42000000000002
        ],
        [
          161.41,
          134.53
        ],
        [
          161.41,
          134.49
        ],
        [
          161.48,
          134.4
        ],
        [
          162.59,
          134.53
        ]
      ],
      "idx": 111,
      "mislabel": false,
      "mislabel_reason": "ok",
      "e_unet": 1.02
    },
    {
      "valid": true,
      "cx": 161.41,
      "cy": 134.51999999999998,
      "area": 1351,
      "det_score": 0.3382,
      "sam_score": 0.9735,
      "box": [
        140.4,
        113.1,
        183.9,
        156.1
      ],
      "repeats": [
        [
          161.36,
          134.54000000000002
        ],
        [
          161.37,
          134.59
        ],
        [
          161.43,
          134.51999999999998
        ],
        [
          161.43,
          134.45
        ],
        [
          162.58,
          134.56
        ]
      ],
      "idx": 112,
      "mislabel": false,
      "mislabel_reason": "ok",
      "e_unet": 1.12
    },
    {
      "valid": true,
      "cx": 161.34,
      "cy": 134.55,
      "area": 1367,
      "det_score": 0.3144,
      "sam_score": 0.9733,
      "box": [
        140.2,
        112.9,
        184.0,
        156.2
      ],
      "repeats": [
        [
          161.29,
          134.47
        ],
        [
          161.38,
          134.59
        ],
        [
          161.34,
          134.49
        ],
        [
          161.41,
          134.45
        ],
        [
          162.47,
          134.6
        ]
      ],
      "idx": 113,
      "mislabel": false,
      "mislabel_reason": "ok",
      "e_unet": 1.21
    },
    {
      "valid": true,
      "cx": 161.17,
      "cy": 134.68,
      "area": 1374,
      "det_score": 0.365,
      "sam_score": 0.9744,
      "box": [
        139.9,
        113.0,
        184.0,
        156.5
      ],
      "repeats": [
        [
          161.12,
          134.64
        ],
        [
          161.19,
          134.72
        ],
        [
          161.17,
          134.67000000000002
        ],
        [
          161.22,
          134.64
        ],
        [
          162.36,
          134.79000000000002
        ]
      ],
      "idx": 114,
      "mislabel": false,
      "mislabel_reason": "ok",
      "e_unet": 1.23
    },
    {
      "valid": true,
      "cx": 161.8,
      "cy": 134.54000000000002,
      "area": 1377,
      "det_score": 0.3535,
      "sam_score": 0.9755,
      "box": [
        140.6,
        112.8,
        184.4,
        156.4
      ],
      "repeats": [
        [
          161.83,
          134.49
        ],
        [
          161.83,
          134.57
        ],
        [
          161.85,
          134.5
        ],
        [
          161.83,
          134.51
        ],
        [
          162.95,
          134.55
        ]
      ],
      "idx": 115,
      "mislabel": false,
      "mislabel_reason": "ok",
      "e_unet": 0.94
    }
  ]
}