{
  "prompt": "black pupil.",
  "gsam2_centers": [
    {
      "valid": true,
      "cx": 144.65,
      "cy": 105.89,
      "area": 544,
      "det_score": 0.3843,
      "sam_score": 0.9653,
      "box": [
        132.3,
        91.7,
        158.4,
        120.2
      ],
      "repeats": [
        [
          144.74,
          105.79
        ],
        [
          144.76,
          105.89
        ],
        [
          144.78,
          105.84
        ],
        [
          144.82999999999998,
          105.73
        ],
        [
          145.88,
          105.9
        ]
      ],
      "idx": 2507,
      "mislabel": false,
      "mislabel_reason": "ok",
      "e_unet": 0.76
    },
    {
      "valid": true,
      "cx": 144.28,
      "cy": 101.93,
      "area": 524,
      "det_score": 0.4222,
      "sam_score": 0.9628,
      "box": [
        131.9,
        88.7,
        157.7,
        115.9
      ],
      "repeats": [
        [
          144.28,
          101.81
        ],
        [
          144.28,
          101.99
        ],
        [
          144.24,
          101.85
        ],
        [
          144.45999999999998,
          101.78
        ],
        [
          145.47,
          101.91
        ]
      ],
      "idx": 2508,
      "mislabel": false,
      "mislabel_reason": "ok",
      "e_unet": 0.69
    },
    {
      "valid": true,
      "cx": 144.14,
      "cy": 101.85,
      "area": 520,
      "det_score": 0.395,
      "sam_score": 0.9638,
      "box": [
        131.8,
        88.5,
        157.5,
        115.8
      ],
      "repeats": [
        [
          144.14,
          101.78
        ],
        [
          144.17000000000002,
          101.88
        ],
        [
          144.22,
          101.84
        ],
        [
          144.25,
          101.66
        ],
        [
          145.29,
          101.88
        ]
      ],
      "idx": 2509,
      "mislabel": false,
      "mislabel_reason": "ok",
      "e_unet": 0.88
    },
    {
      "valid": true,
      "cx": 144.14,
      "cy": 101.79,
      "area": 517,
      "det_score": 0.4121,
      "sam_score": 0.9644,
      "box": [
        131.7,
        88.3,
        157.4,
        115.6
      ],
      "repeats": [
        [
          144.07999999999998,
          101.72
        ],
        [
          144.18,
          101.82
        ],
        [
          144.15,
          101.8
        ],
        [
          144.20999999999998,
          101.65
        ],
        [
          145.31,
          101.73
        ]
      ],
      "idx": 2510,
      "mislabel": false,
      "mislabel_reason": "ok",
      "e_unet": 0.85
    },
    {
      "valid": true,
      "cx": 143.97,
      "cy": 101.61,
      "area": 516,
      "det_score": 0.4257,
      "sam_score": 0.9653,
      "box": [
        131.6,
        88.4,
        157.2,
        115.5
      ],
      "repeats": [
        [
          144.0,
          101.63
        ],
        [
          144.07,
          101.7
        ],
        [
          144.01,
          101.71
        ],
        [
          144.12,
          101.48
        ],
        [
          145.15,
          101.62
        ]
      ],
      "idx": 2511,
      "mislabel": false,
      "mislabel_reason": "ok",
      "e_unet": 0.77
    },
    {
      "valid": true,
      "cx": 143.95,
      "cy": 101.54,
      "area": 515,
      "det_score": 0.3958,
      "sam_score": 0.9645,
      "box": [
        131.6,
        88.3,
        157.3,
        115.4
      ],
      "repeats": [
        [
          143.91,
          101.43
        ],
        [
          143.99,
          101.55
        ],
        [
          143.92000000000002,
          101.52
        ],
        [
          144.0,
          101.32
        ],
        [
          145.09,
          101.58
        ]
      ],
      "idx": 2512,
      "mislabel": false,
      "mislabel_reason": "ok",
      "e_unet": 0.89
    },
    {
      "valid": true,
      "cx": 144.1,
      "cy": 94.89,
      "area": 488,
      "det_score": 0.4123,
      "sam_score": 0.9603,
      "box": [
        131.8,
        82.5,
        157.4,
        108.0
      ],
      "repeats": [
        [
          144.01,
          94.81
        ],
        [
          144.15,
          94.91
        ],
        [
          144.12,
          94.79
        ],
        [
          144.14,
          94.87
        ],
        [
          145.19,
          94.85
        ]
      ],
      "idx": 2513,
      "mislabel": false,
      "mislabel_reason": "ok",
      "e_unet": 0.82
    }
  ]
}