{
  "prompt": "black pupil.",
  "gsam2_centers": [
    {
      "valid": true,
      "cx": 139.1,
      "cy": 137.01999999999998,
      "area": 1004,
      "det_score": 0.4109,
      "sam_score": 0.9733,
      "box": [
        121.1,
        116.6,
        158.2,
        157.9
      ],
      "repeats": [
        [
          139.07999999999998,
          136.98000000000002
        ],
        [
          139.12,
          137.03
        ],
        [
          139.1,
          136.99
        ],
        [
          139.18,
          136.97
        ],
        [
          140.26,
          137.07
        ]
      ],
      "idx": 305,
      "mislabel": false,
      "mislabel_reason": "ok",
      "e_unet": 0.54
    },
    {
      "valid": true,
      "cx": 139.3,
      "cy": 136.99,
      "area": 1006,
      "det_score": 0.4209,
      "sam_score": 0.9742,
      "box": [
        121.3,
        116.4,
        158.6,
        157.8
      ],
      "repeats": [
        [
          139.29000000000002,
          137.0
        ],
        [
          139.32,
          136.99
        ],
        [
          139.31,
          136.98000000000002
        ],
        [
          139.39,
          136.91
        ],
        [
          140.39,
          137.07999999999998
        ]
      ],
      "idx": 306,
      "mislabel": false,
      "mislabel_reason": "ok",
      "e_unet": 0.54
    },
    {
      "valid": true,
      "cx": 138.45999999999998,
      "cy": 137.13,
      "area": 1003,
      "det_score": 0.3631,
      "sam_score": 0.9711,
      "box": [
        120.6,
        116.7,
        157.6,
        157.9
      ],
      "repeats": [
        [
          138.44,
          137.12
        ],
        [
          138.55,
          137.28
        ],
        [
          138.51999999999998,
          137.1
        ],
        [
          138.53,
          137.18
        ],
        [
          139.66,
          137.35
        ]
      ],
      "idx": 307,
      "mislabel": false,
      "mislabel_reason": "ok",
      "e_unet": 0.5
    },
    {
      "valid": true,
      "cx": 133.82999999999998,
      "cy": 137.01,
      "area": 817,
      "det_score": 0.3097,
      "sam_score": 0.9681,
      "box": [
        117.1,
        116.9,
        151.4,
        157.4
      ],
      "repeats": [
        [
          133.86,
          136.95999999999998
        ],
        [
          133.9,
          137.07
        ],
        [
          133.93,
          136.97
        ],
        [
          133.99,
          136.84
        ],
        [
          134.92,
          136.95999999999998
        ]
      ],
      "idx": 308,
      "mislabel": false,
      "mislabel_reason": "ok",
      "e_unet": 0.54
    },
    {
      "valid": true,
      "cx": 134.09,
      "cy": 137.05,
      "area": 806,
      "det_score": 0.3301,
      "sam_score": 0.9674,
      "box": [
        117.8,
        117.0,
        151.6,
        157.3
      ],
      "repeats": [
        [
          134.19,
          136.89
        ],
        [
          134.17000000000002,
          137.07
        ],
        [
          134.20999999999998,
          136.98000000000002
        ],
        [
          134.26999999999998,
          136.85
        ],
        [
          135.26,
          136.91
        ]
      ],
      "idx": 309,
      "mislabel": false,
      "mislabel_reason": "ok",
      "e_unet": 0.57
    },
    {
      "valid": true,
      "cx": 134.15,
      "cy": 137.13,
      "area": 780,
      "det_score": 0.3488,
      "sam_score": 0.9647,
      "box": [
        118.1,
        117.4,
        151.5,
        157.0
      ],
      "repeats": [
        [
          134.15,
          136.95
        ],
        [
          134.2,
          137.16
        ],
        [
          134.26,
          136.97
        ],
        [
          134.29000000000002,
          136.9
        ],
        [
          135.33,
          136.98000000000002
        ]
      ],
      "idx": 310,
      "mislabel": false,
      "mislabel_reason": "ok",
      "e_unet": 0.61
    },
    {
      "valid": true,
      "cx": 134.09,
      "cy": 136.92000000000002,
      "area": 757,
      "det_score": 0.3514,
      "sam_score": 0.9666,
      "box": [
        118.2,
        117.5,
        151.1,
        156.9
      ],
      "repeats": [
        [
          134.1,
          136.91
        ],
        [
          134.11,
          136.98000000000002
        ],
        [
          134.11,
          136.97
        ],
        [
          134.14,
          136.87
        ],
        [
          135.18,
          136.94
        ]
      ],
      "idx": 311,
      "mislabel": false,
      "mislabel_reason": "ok",
      "e_unet": 0.5
    },
    {
      "valid": true,
      "cx": 134.16,
      "cy": 136.99,
      "area": 745,
      "det_score": 0.3368,
      "sam_score": 0.9661,
      "box": [
        118.3,
        117.7,
        150.9,
        156.8
      ],
      "repeats": [
        [
          134.07999999999998,
          137.0
        ],
        [
          134.16,
          137.1
        ],
        [
          134.17000000000002,
          137.04000000000002
        ],
        [
          134.22,
          136.88
        ],
        [
          135.25,
          137.03
        ]
      ],
      "idx": 312,
      "mislabel": false,
      "mislabel_reason": "ok",
      "e_unet": 0.63
    },
    {
      "valid": true,
      "cx": 134.18,
      "cy": 136.78,
      "area": 731,
      "det_score": 0.3567,
      "sam_score": 0.9664,
      "box": [
        118.4,
        117.6,
        150.8,
        156.3
      ],
      "repeats": [
        [
          134.1,
          136.76999999999998
        ],
        [
          134.23000000000002,
          136.78
        ],
        [
          134.18,
          136.76
        ],
        [
          134.24,
          136.67000000000002
        ],
        [
          135.21,
          136.79000000000002
        ]
      ],
      "idx": 313,
      "mislabel": false,
      "mislabel_reason": "ok",
      "e_unet": 0.59
    },
    {
      "valid": true,
      "cx": 133.92000000000002,
      "cy": 136.56,
      "area": 717,
      "det_score": 0.3219,
      "sam_score": 0.9667,
      "box": [
        118.4,
        117.5,
        150.5,
        155.7
      ],
      "repeats": [
        [
          133.89,
          136.51999999999998
        ],
        [
          133.99,
          136.65
        ],
        [
          134.01,
          136.47
        ],
        [
          134.05,
          136.35
        ],
        [
          135.06,
          136.49
        ]
      ],
      "idx": 314,
      "mislabel": false,
      "mislabel_reason": "ok",
      "e_unet": 0.59
    },
    {
      "valid": true,
      "cx": 133.23000000000002,
      "cy": 137.29000000000002,
      "area": 704,
      "det_score": 0.334,
      "sam_score": 0.9646,
      "box": [
        118.1,
        118.1,
        149.7,
        156.4
      ],
      "repeats": [
        [
          133.38,
          137.03
        ],
        [
          133.4,
          137.24
        ],
        [
          133.44,
          137.07
        ],
        [
          133.48000000000002,
          137.0
        ],
        [
          134.56,
          137.07999999999998
        ]
      ],
      "idx": 315,
      "mislabel": false,
      "mislabel_reason": "ok",
      "e_unet": 0.7
    }
  ]
}