{
  "prompt": "black pupil.",
  "gsam2_centers": [
    {
      "valid": true,
      "cx": 252.09,
      "cy": 92.45,
      "area": 640,
      "det_score": 0.4382,
      "sam_score": 0.9646,
      "box": [
        238.0,
        76.5,
        267.3,
        109.2
      ],
      "repeats": [
        [
          252.05,
          92.45
        ],
        [
          252.07,
          92.5
        ],
        [
          252.1,
          92.52
        ],
        [
          252.05,
          92.3
        ],
        [
          253.11,
          92.42
        ]
      ],
      "idx": 1207,
      "mislabel": false,
      "mislabel_reason": "ok",
      "e_unet": 0.99
    },
    {
      "valid": true,
      "cx": 260.48,
      "cy": 96.78,
      "area": 565,
      "det_score": 0.3715,
      "sam_score": 0.9574,
      "box": [
        248.0,
        79.7,
        273.7,
        114.3
      ],
      "repeats": [
        [
          260.44,
          96.55
        ],
        [
          260.53999999999996,
          96.81
        ],
        [
          260.55,
          96.71
        ],
        [
          260.6,
          96.73
        ],
        [
          261.59000000000003,
          96.73
        ]
      ],
      "idx": 1208,
      "mislabel": false,
      "mislabel_reason": "ok",
      "e_unet": 1.01
    },
    {
      "valid": true,
      "cx": 260.95,
      "cy": 96.69,
      "area": 568,
      "det_score": 0.3941,
      "sam_score": 0.9526,
      "box": [
        248.2,
        79.7,
        274.2,
        114.2
      ],
      "repeats": [
        [
          260.89,
          96.52
        ],
        [
          261.08000000000004,
          96.71
        ],
        [
          261.0,
          96.65
        ],
        [
          261.07,
          96.45
        ],
        [
          262.03999999999996,
          96.56
        ]
      ],
      "idx": 1209,
      "mislabel": false,
      "mislabel_reason": "ok",
      "e_unet": 0.71
    },
    {
      "valid": true,
      "cx": 261.03,
      "cy": 96.61,
      "area": 567,
      "det_score": 0.3829,
      "sam_score": 0.9463,
      "box": [
        248.5,
        79.9,
        274.6,
        114.2
      ],
      "repeats": [
        [
          261.06,
          96.57
        ],
        [
          261.14,
          96.66
        ],
        [
          261.19,
          96.65
        ],
        [
          261.19,
          96.51
        ],
        [
          262.15,
          96.59
        ]
      ],
      "idx": 1210,
      "mislabel": false,
      "mislabel_reason": "ok",
      "e_unet": 0.71
    },
    {
      "valid": true,
      "cx": 261.28999999999996,
      "cy": 96.66,
      "area": 563,
      "det_score": 0.3685,
      "sam_score": 0.9409,
      "box": [
        248.4,
        80.1,
        274.7,
        114.1
      ],
      "repeats": [
        [
          261.23,
          96.52
        ],
        [
          261.4,
          96.71
        ],
        [
          261.3,
          96.67
        ],
        [
          261.39,
          96.46
        ],
        [
          262.33,
          96.52
        ]
      ],
      "idx": 1211,
      "mislabel": false,
      "mislabel_reason": "ok",
      "e_unet": 0.69
    },
    {
      "valid": true,
      "cx": 261.44,
      "cy": 96.75,
      "area": 562,
      "det_score": 0.3837,
      "sam_score": 0.944,
      "box": [
        248.6,
        80.0,
        275.0,
        114.3
      ],
      "repeats": [
        [
          261.41999999999996,
          96.65
        ],
        [
          261.53999999999996,
          96.84
        ],
        [
          261.51,
          96.74
        ],
        [
          261.56,
          96.61
        ],
        [
          262.61,
          96.71
        ]
      ],
      "idx": 1212,
      "mislabel": false,
      "mislabel_reason": "ok",
      "e_unet": 0.65
    },
    {
      "valid": true,
      "cx": 264.53,
      "cy": 98.9,
      "area": 551,
      "det_score": 0.369,
      "sam_score": 0.9469,
      "box": [
        251.6,
        81.4,
        277.9,
        116.4
      ],
      "repeats": [
        [
          264.43,
          98.67
        ],
        [
          264.55,
          99.13
        ],
        [
          264.57,
          98.78
        ],
        [
          264.61,
          98.57
        ],
        [
          265.77,
          98.86
        ]
      ],
      "idx": 1213,
      "mislabel": false,
      "mislabel_reason": "ok",
      "e_unet": 1.61
    }
  ]
}