{
  "prompt": "black pupil.",
  "gsam2_centers": [
    {
      "valid": true,
      "cx": 99.07,
      "cy": 88.37,
      "area": 282,
      "det_score": 0.3078,
      "sam_score": 0.946,
      "box": [
        89.4,
        77.2,
        109.1,
        100.5
      ],
      "repeats": [
        [
          98.93,
          88.43
        ],
        [
          98.9,
          88.76
        ],
        [
          98.94,
          88.49
        ],
        [
          99.03,
          88.37
        ],
        [
          99.99000000000001,
          88.6
        ]
      ],
      "idx": 2405,
      "mislabel": false,
      "mislabel_reason": "ok",
      "e_unet": 1.05
    },
    {
      "valid": true,
      "cx": 98.92,
      "cy": 88.68,
      "area": 287,
      "det_score": 0.3104,
      "sam_score": 0.9458,
      "box": [
        89.6,
        77.4,
        109.4,
        100.6
      ],
      "repeats": [
        [
          98.96,
          88.34
        ],
        [
          98.99,
          88.84
        ],
        [
          98.91,
          88.58
        ],
        [
          99.03,
          88.48
        ],
        [
          100.0,
          88.79
        ]
      ],
      "idx": 2406,
      "mislabel": false,
      "mislabel_reason": "ok",
      "e_unet": 1.13
    },
    {
      "valid": true,
      "cx": 99.03,
      "cy": 88.74,
      "area": 286,
      "det_score": 0.2813,
      "sam_score": 0.946,
      "box": [
        89.8,
        77.3,
        109.4,
        100.8
      ],
      "repeats": [
        [
          99.04,
          88.38
        ],
        [
          99.08,
          88.87
        ],
        [
          99.04,
          88.53
        ],
        [
          99.15,
          88.41
        ],
        [
          100.13999999999999,
          88.82
        ]
      ],
      "idx": 2407,
      "mislabel": false,
      "mislabel_reason": "ok",
      "e_unet": 1.07
    },
    {
      "valid": true,
      "cx": 99.15,
      "cy": 88.35,
      "area": 281,
      "det_score": 0.3125,
      "sam_score": 0.9484,
      "box": [
        89.8,
        77.3,
        109.5,
        99.9
      ],
      "repeats": [
        [
          99.05,
          88.3
        ],
        [
          99.13,
          88.49
        ],
        [
          99.16,
          88.3
        ],
        [
          99.18,
          88.26
        ],
        [
          100.22,
          88.39
        ]
      ],
      "idx": 2408,
      "mislabel": false,
      "mislabel_reason": "ok",
      "e_unet": 1.12
    },
    {
      "valid": true,
      "cx": 99.11,
      "cy": 86.33,
      "area": 268,
      "det_score": 0.2909,
      "sam_score": 0.9341,
      "box": [
        89.7,
        75.1,
        109.5,
        98.0
      ],
      "repeats": [
        [
          99.08,
          86.24
        ],
        [
          99.14,
          86.52
        ],
        [
          99.25,
          86.27
        ],
        [
          99.5,
          85.82
        ],
        [
          100.16999999999999,
          86.3
        ]
      ],
      "idx": 2409,
      "mislabel": false,
      "mislabel_reason": "ok",
      "e_unet": 1.07
    },
    {
      "valid": true,
      "cx": 99.4,
      "cy": 85.79,
      "area": 262,
      "det_score": 0.3152,
      "sam_score": 0.9398,
      "box": [
        89.8,
        75.1,
        109.7,
        97.7
      ],
      "repeats": [
        [
          99.44,
          85.68
        ],
        [
          99.38,
          86.07
        ],
        [
          99.44,
          85.88
        ],
        [
          99.64,
          85.54
        ],
        [
          100.31,
          86.03
        ]
      ],
      "idx": 2410,
      "mislabel": false,
      "mislabel_reason": "ok",
      "e_unet": 1.17
    },
    {
      "valid": true,
      "cx": 99.45,
      "cy": 85.75,
      "area": 262,
      "det_score": 0.2859,
      "sam_score": 0.9396,
      "box": [
        89.8,
        75.1,
        109.8,
        97.8
      ],
      "repeats": [
        [
          99.34,
          85.84
        ],
        [
          99.4,
          86.13
        ],
        [
          99.44,
          85.87
        ],
        [
          99.74,
          85.43
        ],
        [
          100.41,
          85.88
        ]
      ],
      "idx": 2411,
      "mislabel": false,
      "mislabel_reason": "ok",
      "e_unet": 1.14
    },
    {
      "valid": true,
      "cx": 99.39,
      "cy": 85.93,
      "area": 266,
      "det_score": 0.3086,
      "sam_score": 0.9401,
      "box": [
        89.8,
        74.9,
        109.9,
        97.8
      ],
      "repeats": [
        [
          99.37,
          85.67
        ],
        [
          99.36,
          86.09
        ],
        [
          99.41,
          85.86
        ],
        [
          99.55,
          85.67
        ],
        [
          100.44,
          85.85
        ]
      ],
      "idx": 2412,
      "mislabel": false,
      "mislabel_reason": "ok",
      "e_unet": 1.18
    },
    {
      "valid": true,
      "cx": 99.48,
      "cy": 85.82,
      "area": 267,
      "det_score": 0.2896,
      "sam_score": 0.9402,
      "box": [
        89.8,
        74.8,
        110.1,
        97.7
      ],
      "repeats": [
        [
          99.44,
          85.69
        ],
        [
          99.5,
          85.96
        ],
        [
          99.56,
          85.73
        ],
        [
          99.6,
          85.78
        ],
        [
          100.52000000000001,
          85.67
        ]
      ],
      "idx": 2413,
      "mislabel": false,
      "mislabel_reason": "ok",
      "e_unet": 1.18
    },
    {
      "valid": true,
      "cx": 99.67,
      "cy": 85.79,
      "area": 266,
      "det_score": 0.3133,
      "sam_score": 0.9438,
      "box": [
        89.8,
        74.9,
        110.1,
        97.9
      ],
      "repeats": [
        [
          99.75,
          85.61
        ],
        [
          99.73,
          85.93
        ],
        [
          99.82,
          85.7
        ],
        [
          99.85,
          85.65
        ],
        [
          100.75,
          85.86
        ]
      ],
      "idx": 2414,
      "mislabel": false,
      "mislabel_reason": "ok",
      "e_unet": 1.22
    },
    {
      "valid": true,
      "cx": 99.74,
      "cy": 85.78,
      "area": 266,
      "det_score": 0.3142,
      "sam_score": 0.9448,
      "box": [
        89.9,
        74.8,
        110.2,
        97.8
      ],
      "repeats": [
        [
          99.71,
          85.85
        ],
        [
          99.76,
          85.96
        ],
        [
          99.75,
          85.88
        ],
        [
          99.79,
          85.76
        ],
        [
          100.77000000000001,
          85.98
        ]
      ],
      "idx": 2415,
      "mislabel": false,
      "mislabel_reason": "ok",
      "e_unet": 1.2
    }
  ]
}