(34.452164, 27.857944, 0.0)
(34.491337, 25.843906, 0.0)
(34.525394, 25.731733, 0.0)
(34.578568, 25.879904, 0.0)
(34.625923, 25.873833, 0.0)
(34.650883, 25.906210, 0.0)
(34.667973, 25.869289, 0.0)
(34.655018, 25.836657, 0.0)
(34.692322, 25.768717, 0.0)
(34.714443, 25.756258, 0.0)
(34.676754, 25.710415, 0.0)
(34.719074, 25.693645, 0.0)
(34.717247, 25.699543, 0.0)
(34.734596, 25.679789, 0.0)
(34.718327, 25.666069, 0.0)
(34.697418, 25.657036, 0.0)
(33.169167, 25.851055, 0.0)
(32.725521, 26.053503, 0.0)
(32.709129, 26.047871, 0.0)
(32.709129, 26.047871, 0.0)
(32.708908, 26.066986, 0.0)
(32.717316, 26.087597, 0.0)
(32.706776, 26.072922, 0.0)
(32.719429, 26.030914, 0.0)
(32.664791, 26.060692, 0.0)
(32.685432, 26.041971, 0.0)
(32.695377, 26.041773, 0.0)
(32.697384, 26.055681, 0.0)
(32.687542, 26.073454, 0.0)
(32.690041, 26.086088, 0.0)
(32.472023, 26.559591, 0.0)
(32.396641, 27.203299, 0.0)
(32.397003, 27.248589, 0.0)
(32.405399, 27.230162, 0.0)
(32.403542, 27.241346, 0.0)
(32.406864, 27.272051, 0.0)
(32.412868, 27.295675, 0.0)
(32.403168, 27.301197, 0.0)
(32.373234, 27.258692, 0.0)
(32.354637, 27.248104, 0.0)
(32.358562, 27.245207, 0.0)
(32.365101, 27.225990, 0.0)
(32.370899, 27.201488, 0.0)
(32.371220, 27.210840, 0.0)
(32.434280, 27.732334, 0.0)
(32.427467, 27.820883, 0.0)
(32.427467, 27.820883, 0.0)
(32.427467, 27.820883, 0.0)
(32.408081, 27.779434, 0.0)
(32.428940, 27.788647, 0.0)
(32.434238, 27.790516, 0.0)
(32.406246, 27.814552, 0.0)
(32.415329, 27.818695, 0.0)
(32.437008, 27.828833, 0.0)
(32.420387, 27.813351, 0.0)
(32.407177, 27.806522, 0.0)
(32.407059, 27.806551, 0.0)
(32.416561, 27.776560, 0.0)
(32.414673, 27.714832, 0.0)
(32.426182, 27.723909, 0.0)
(32.445324, 27.713804, 0.0)
(32.459965, 27.946550, 0.0)
(32.448887, 27.978022, 0.0)
(32.431488, 27.982338, 0.0)
(32.431713, 27.982046, 0.0)
(32.441345, 27.983257, 0.0)
(32.434681, 27.962166, 0.0)
(32.434681, 27.962166, 0.0)
(32.425194, 27.998516, 0.0)
(32.417469, 27.999659, 0.0)
(32.431488, 27.982338, 0.0)
(32.370274, 27.984062, 0.0)
(32.358509, 27.986797, 0.0)
(32.332813, 27.992544, 0.0)
(32.313633, 27.997957, 0.0)
(32.326622, 27.979181, 0.0)
(32.323784, 27.982697, 0.0)
(32.314625, 28.002186, 0.0)
(32.331421, 27.995958, 0.0)
(32.307823, 27.999081, 0.0)
(32.292812, 28.017485, 0.0)
(32.311008, 27.993540, 0.0)
(32.302929, 28.013309, 0.0)
(32.358612, 28.000776, 0.0)
(32.334644, 28.031729, 0.0)
(32.354668, 28.073282, 0.0)
(32.360828, 28.035934, 0.0)
(32.350666, 28.039488, 0.0)
(32.356655, 28.033432, 0.0)
(32.306454, 28.034138, 0.0)
(32.297459, 28.032419, 0.0)
(32.350876, 28.055752, 0.0)
(32.321529, 28.058428, 0.0)
(32.339554, 28.047472, 0.0)
(32.354881, 28.058489, 0.0)
(32.384922, 28.074106, 0.0)
(32.371868, 28.090172, 0.0)
(32.365173, 28.098335, 0.0)
(32.373451, 28.115438, 0.0)
(32.369625, 28.107059, 0.0)
(32.358952, 28.112106, 0.0)
(32.358952, 28.112106, 0.0)
(32.373444, 28.140341, 0.0)
(32.361317, 28.164846, 0.0)
(32.378628, 28.163853, 0.0)
(32.367382, 28.157360, 0.0)
(32.369942, 28.161791, 0.0)
(32.368980, 28.156410, 0.0)
(32.358849, 28.160088, 0.0)
(32.364040, 28.158865, 0.0)
(32.348495, 28.135563, 0.0)
(32.369259, 28.134474, 0.0)
(32.393539, 28.136354, 0.0)
(32.393539, 28.136354, 0.0)
(32.397461, 28.125511, 0.0)
(32.398506, 28.145445, 0.0)
(32.397461, 28.125511, 0.0)
(32.394627, 28.142048, 0.0)
(32.406658, 28.136675, 0.0)
(32.393497, 28.142206, 0.0)
(32.406116, 28.172808, 0.0)
(32.413406, 28.193359, 0.0)
(32.413406, 28.193359, 0.0)
(32.413246, 28.204494, 0.0)
(32.426804, 28.191071, 0.0)
(32.379368, 28.166229, 0.0)
(32.373802, 28.163853, 0.0)
(32.378628, 28.163853, 0.0)
(32.367725, 28.134878, 0.0)
(32.362316, 28.147820, 0.0)
(32.361664, 28.151781, 0.0)
(32.356663, 28.142328, 0.0)
(32.361462, 28.145540, 0.0)
(32.366787, 28.163612, 0.0)
(32.367744, 28.146793, 0.0)
(32.376503, 28.125988, 0.0)
(32.387634, 28.096643, 0.0)
(32.387634, 28.096643, 0.0)
(32.378590, 28.121946, 0.0)
(32.393791, 28.146980, 0.0)
(32.391685, 28.142231, 0.0)
(32.402584, 28.095726, 0.0)
(32.371151, 28.058727, 0.0)
(32.394505, 28.064766, 0.0)
(32.388500, 28.072470, 0.0)
(32.400364, 28.062754, 0.0)
(32.401783, 28.070415, 0.0)
(32.401478, 28.086153, 0.0)
(32.394871, 28.102495, 0.0)
(32.423012, 28.108891, 0.0)
(32.416264, 28.092979, 0.0)
(32.409580, 28.072170, 0.0)
(32.440262, 28.060724, 0.0)
(32.431904, 28.080536, 0.0)
(32.409058, 28.101892, 0.0)
(32.415428, 28.128120, 0.0)
(32.419289, 28.147350, 0.0)
(32.415730, 28.150719, 0.0)
(32.403156, 28.138994, 0.0)
(32.401428, 28.101019, 0.0)
(32.399551, 28.124905, 0.0)
(32.391415, 28.128895, 0.0)
(32.384617, 28.142506, 0.0)
(32.392948, 28.165226, 0.0)
(32.378490, 28.193146, 0.0)
(32.373936, 28.233683, 0.0)
(32.375114, 28.222672, 0.0)
(32.375080, 28.181398, 0.0)
(32.373535, 28.161514, 0.0)
(32.387245, 28.146105, 0.0)
(32.368744, 28.164469, 0.0)
(32.375927, 28.173462, 0.0)
(32.375080, 28.181398, 0.0)
(32.379356, 28.238979, 0.0)
(32.387676, 28.220623, 0.0)
(32.592770, 28.271650, 0.0)
(35.851292, 29.692646, 0.0)
(37.862068, 30.996815, 0.0)
(38.375992, 31.384022, 0.0)
(38.376064, 31.412596, 0.0)
(38.345932, 31.428474, 0.0)
(38.356281, 31.453075, 0.0)
(38.341137, 31.480928, 0.0)
(38.335968, 31.494518, 0.0)
(38.324944, 31.537201, 0.0)
(38.319752, 31.504690, 0.0)
(38.329384, 31.494446, 0.0)
(38.313789, 31.500732, 0.0)
(38.308605, 31.528919, 0.0)
(38.297207, 31.506189, 0.0)
(38.305496, 31.514120, 0.0)
(38.290745, 31.481277, 0.0)
(38.268791, 31.483116, 0.0)
(38.252853, 31.463116, 0.0)
(38.267929, 31.477625, 0.0)
(38.263504, 31.460402, 0.0)
(37.449131, 31.075800, 0.0)
(36.198151, 30.382357, 0.0)
(36.092487, 30.359537, 0.0)
(36.082851, 30.352991, 0.0)
(36.048882, 30.343784, 0.0)
(36.021919, 30.300386, 0.0)
(36.023121, 30.305983, 0.0)
(36.016376, 30.324078, 0.0)
(35.988899, 30.284601, 0.0)
(37.402699, 30.923077, 0.0)
(39.919613, 32.318058, 0.0)
(40.314434, 32.741985, 0.0)
(40.317390, 32.750835, 0.0)
(40.295216, 32.717983, 0.0)
(40.270298, 32.663116, 0.0)
(40.270164, 32.649300, 0.0)
(40.269241, 32.584354, 0.0)
(40.255680, 32.576679, 0.0)
(40.240265, 32.590279, 0.0)
(40.242374, 32.608673, 0.0)
(40.222725, 32.631927, 0.0)
(39.335850, 32.309788, 0.0)
(38.278236, 31.698727, 0.0)
(38.114990, 31.640236, 0.0)
(34.800106, 29.462589, 0.0)
(34.495464, 29.343437, 0.0)
(34.439999, 29.298777, 0.0)
(34.414871, 29.326756, 0.0)
(34.428284, 29.323076, 0.0)
(34.375320, 29.319500, 0.0)
(34.354836, 29.282690, 0.0)
(34.371281, 29.288082, 0.0)
(34.295204, 29.264919, 0.0)
(34.329712, 29.254412, 0.0)
(34.292458, 29.270397, 0.0)
(34.273159, 29.265862, 0.0)
(35.341846, 27.352139, 0.0)
(35.757324, 26.866800, 0.0)
(35.775349, 26.835426, 0.0)
(36.429657, 26.414032, 0.0)
(38.549297, 25.476484, 0.0)
(38.680107, 25.528522, 0.0)
(38.548843, 25.518982, 0.0)
(38.793266, 25.420362, 0.0)
(39.950352, 24.742741, 0.0)
(39.993771, 24.665117, 0.0)
(39.909939, 24.608160, 0.0)
(39.874996, 24.567741, 0.0)
(39.776424, 24.550100, 0.0)
(39.757736, 24.495031, 0.0)
(39.708893, 24.466825, 0.0)
(39.694466, 24.464285, 0.0)
(39.661804, 24.413788, 0.0)
(39.570454, 24.414238, 0.0)
(39.540970, 24.395546, 0.0)
(39.549030, 24.347446, 0.0)
(37.771698, 24.591478, 0.0)
(33.050179, 25.698622, 0.0)
(29.485308, 27.480204, 0.0)
(27.386501, 29.730345, 0.0)
(26.362415, 31.223579, 0.0)
(26.240990, 31.364693, 0.0)
(26.216810, 31.367825, 0.0)
(26.138622, 31.293154, 0.0)
(26.053698, 31.428505, 0.0)
(25.056356, 33.567219, 0.0)
(25.072611, 33.893219, 0.0)
(25.010256, 33.840904, 0.0)
(24.961300, 33.842400, 0.0)
(24.932526, 33.837791, 0.0)
(24.934744, 33.838028, 0.0)
(24.916271, 33.846729, 0.0)
(24.904625, 33.836922, 0.0)
(24.921598, 33.814758, 0.0)
(24.907787, 33.802280, 0.0)
(24.919554, 33.794807, 0.0)
(24.886608, 33.794151, 0.0)
(24.888615, 33.777550, 0.0)
(24.867704, 33.743694, 0.0)
(24.829687, 33.733459, 0.0)
(24.785141, 33.647877, 0.0)
(24.788813, 33.596203, 0.0)
(24.789938, 33.666378, 0.0)
(24.791023, 33.683990, 0.0)
(24.787176, 33.649090, 0.0)
(24.779869, 33.665241, 0.0)
(24.788887, 33.642708, 0.0)
(24.800463, 33.632339, 0.0)
(24.816084, 33.635925, 0.0)
(24.804522, 33.676838, 0.0)
(24.858892, 31.658823, 0.0)
(25.004698, 29.400635, 0.0)
(25.747829, 27.605516, 0.0)
(25.819365, 27.585096, 0.0)
(24.977812, 26.527046, 0.0)
(24.106609, 25.807016, 0.0)
(24.008171, 25.900911, 0.0)
(23.972488, 25.929243, 0.0)
(23.935024, 25.871347, 0.0)
(23.508646, 26.253616, 0.0)
(23.407833, 26.302309, 0.0)
(23.371902, 26.228228, 0.0)
(23.372019, 26.262804, 0.0)
(23.360189, 26.278673, 0.0)
(23.409077, 26.287659, 0.0)
(23.389496, 26.282879, 0.0)
(23.423080, 26.249186, 0.0)
(23.430696, 26.233259, 0.0)
(23.454258, 26.230642, 0.0)
(23.439522, 26.251133, 0.0)
(23.425545, 26.253492, 0.0)
(23.488247, 26.223078, 0.0)
(23.473749, 26.244373, 0.0)
(23.518847, 26.197584, 0.0)
(23.500444, 26.138304, 0.0)
(23.487890, 26.119772, 0.0)
(23.552612, 26.130100, 0.0)
(27.493700, 26.362131, 0.0)
(31.069540, 28.171562, 0.0)
(32.069298, 29.161783, 0.0)
(32.036354, 29.249266, 0.0)
(31.994442, 29.218708, 0.0)
(31.970133, 29.199215, 0.0)
(31.967203, 29.175690, 0.0)
(31.967960, 29.108498, 0.0)
(31.949654, 29.077988, 0.0)
(32.276588, 28.552307, 0.0)
(32.297894, 28.442705, 0.0)
(32.273899, 28.471794, 0.0)
(32.291763, 28.469831, 0.0)
(32.275974, 28.484419, 0.0)
(32.274815, 28.460464, 0.0)
(32.060024, 28.348446, 0.0)
(32.049942, 28.311384, 0.0)
(32.018654, 28.246260, 0.0)
(32.022068, 28.251120, 0.0)
(32.002968, 28.239681, 0.0)
(31.999662, 28.234791, 0.0)
(31.976791, 28.233477, 0.0)
(31.979918, 28.245802, 0.0)
(31.986736, 28.207991, 0.0)
(32.211079, 28.160391, 0.0)
(32.226643, 28.123806, 0.0)
(32.220345, 28.144897, 0.0)
(32.225056, 28.142775, 0.0)
(32.246006, 28.143259, 0.0)
(32.235115, 28.146061, 0.0)
(32.229733, 28.142277, 0.0)
(32.205029, 28.131727, 0.0)
(32.214432, 28.129032, 0.0)
(32.197426, 28.097120, 0.0)
(32.215801, 28.135775, 0.0)
(32.194038, 28.125732, 0.0)
(32.204891, 28.150059, 0.0)
(32.211296, 28.136675, 0.0)
(32.191082, 28.163162, 0.0)
(32.212448, 28.177927, 0.0)
(32.211014, 28.198389, 0.0)
(32.253479, 28.189608, 0.0)
(32.266605, 28.197332, 0.0)
(32.228920, 28.221712, 0.0)
(32.256290, 28.204550, 0.0)
(32.218601, 28.219498, 0.0)
(32.236462, 28.185051, 0.0)
(30.135889, 28.539793, 0.0)
(26.641180, 29.940573, 0.0)
(24.805616, 30.918715, 0.0)
(24.156103, 31.257801, 0.0)
(24.086916, 31.309074, 0.0)
(24.086916, 31.309074, 0.0)
(24.083237, 31.307487, 0.0)
(23.955971, 31.341324, 0.0)
(23.768108, 31.238997, 0.0)
(23.742971, 31.230145, 0.0)
(23.748024, 31.225460, 0.0)
(23.714619, 31.239750, 0.0)
(23.685886, 31.219961, 0.0)
(23.663778, 31.221067, 0.0)
(23.650084, 31.243126, 0.0)
(23.633419, 31.222366, 0.0)
(23.625351, 31.180470, 0.0)
(23.597612, 31.169231, 0.0)
(23.597670, 31.143942, 0.0)
(23.611750, 31.132433, 0.0)
(23.580025, 31.160151, 0.0)
(23.621267, 31.128798, 0.0)
(23.607128, 31.138969, 0.0)
(23.597689, 31.155384, 0.0)
(23.616320, 31.135372, 0.0)
(23.607908, 31.107950, 0.0)
(23.636887, 31.071989, 0.0)
(23.642952, 31.086082, 0.0)
(23.643980, 31.098818, 0.0)
(23.637541, 31.146633, 0.0)
(23.642845, 31.177099, 0.0)
(23.655411, 31.134165, 0.0)
(23.666805, 31.102827, 0.0)
(23.652191, 31.113646, 0.0)
(23.652191, 31.113646, 0.0)
(23.707817, 31.094772, 0.0)
(23.709728, 31.102379, 0.0)
(23.692951, 31.163269, 0.0)
(25.552055, 32.669590, 0.0)
(25.797512, 33.441959, 0.0)
(25.641273, 33.903561, 0.0)
(25.635298, 33.955231, 0.0)
(25.619495, 33.983398, 0.0)
(25.795120, 34.136295, 0.0)
(25.925905, 34.279770, 0.0)
(25.885458, 34.328861, 0.0)
(25.874346, 34.312103, 0.0)
(25.853544, 34.302212, 0.0)
(25.827637, 34.329456, 0.0)
(25.852112, 34.311630, 0.0)
(25.807407, 34.285835, 0.0)
(25.853340, 34.256969, 0.0)
(25.793781, 34.302704, 0.0)
(26.040237, 34.326591, 0.0)
(26.034998, 34.305584, 0.0)
(25.987955, 34.288414, 0.0)
(25.978975, 34.327633, 0.0)
(25.957497, 34.283710, 0.0)
(25.958406, 34.304401, 0.0)
(25.942110, 34.292049, 0.0)
(25.954475, 34.284454, 0.0)
(25.937098, 34.263233, 0.0)
(25.946146, 34.248081, 0.0)
(25.958197, 34.244865, 0.0)
(25.962362, 34.218163, 0.0)
(25.982819, 34.106133, 0.0)
(25.958178, 34.090950, 0.0)
(25.954330, 34.101116, 0.0)
(25.982979, 34.105476, 0.0)
(25.985523, 34.101669, 0.0)
(25.960979, 34.078182, 0.0)
(25.988777, 34.048126, 0.0)
(25.975613, 34.079281, 0.0)
(25.975805, 34.092979, 0.0)
(26.028923, 34.085739, 0.0)
(26.018950, 33.770447, 0.0)
(26.402996, 29.625135, 0.0)
(26.282948, 28.052166, 0.0)
(26.237238, 28.013992, 0.0)
(26.213154, 28.044733, 0.0)
(26.185867, 28.070078, 0.0)
(26.164900, 28.073620, 0.0)
(26.178139, 28.035362, 0.0)
(26.153484, 28.051533, 0.0)
(26.875256, 27.748688, 0.0)
(27.147142, 27.686262, 0.0)
(27.145689, 27.676107, 0.0)
(27.131178, 27.701361, 0.0)
(27.115131, 27.704393, 0.0)
(27.133400, 27.651114, 0.0)
(27.130760, 27.644970, 0.0)
(27.133293, 27.651457, 0.0)
(27.120455, 27.628286, 0.0)
(27.148495, 27.697083, 0.0)
(27.162294, 27.710190, 0.0)
(27.163363, 27.674349, 0.0)
(27.144508, 27.633871, 0.0)
(27.150726, 27.614222, 0.0)
(27.179262, 27.584520, 0.0)
(27.149899, 27.599434, 0.0)
(27.157976, 27.600815, 0.0)
(26.847075, 27.746954, 0.0)
(26.495125, 27.831997, 0.0)
(26.468185, 27.862457, 0.0)
(26.480953, 27.905344, 0.0)
(26.491598, 27.890972, 0.0)
(26.490690, 27.878284, 0.0)
(26.490126, 27.873156, 0.0)
(26.499662, 27.866730, 0.0)
(26.493990, 27.857668, 0.0)
(26.510878, 27.862391, 0.0)
(26.498711, 27.867523, 0.0)
(29.966303, 25.459654, 0.0)
(33.796864, 23.829716, 0.0)
(35.255718, 23.696712, 0.0)
(35.363636, 23.776316, 0.0)
(35.364639, 23.776731, 0.0)
(35.327553, 23.786154, 0.0)
(35.350163, 23.791756, 0.0)
(35.359592, 23.779085, 0.0)
(35.316986, 23.744997, 0.0)
(36.009064, 23.822704, 0.0)
(36.020557, 23.817978, 0.0)
(36.004829, 23.765881, 0.0)
(36.024460, 23.777695, 0.0)
(36.016335, 23.792463, 0.0)
(36.020622, 23.789328, 0.0)
(36.007706, 23.833088, 0.0)
(35.333290, 23.774406, 0.0)
(35.262638, 23.737623, 0.0)
(35.288837, 23.704174, 0.0)
(35.278996, 23.695198, 0.0)
(35.227894, 23.719204, 0.0)
(35.248634, 23.669073, 0.0)
(35.281155, 23.670132, 0.0)
(35.445614, 23.726870, 0.0)
(35.445499, 23.758791, 0.0)
(35.457886, 23.788462, 0.0)
(35.427807, 23.798626, 0.0)
(35.432373, 23.792740, 0.0)
(35.414883, 23.788937, 0.0)
(35.443485, 23.829447, 0.0)
(35.455093, 23.846855, 0.0)
(35.446323, 23.840456, 0.0)
(35.440918, 23.849686, 0.0)
(35.436649, 23.869310, 0.0)
(35.436104, 23.839289, 0.0)
(35.391266, 23.829939, 0.0)
(35.400146, 23.816797, 0.0)
(35.395596, 23.791555, 0.0)
(31.626493, 23.364695, 0.0)
(27.870003, 24.260454, 0.0)
(26.324352, 24.865984, 0.0)
(26.210569, 24.910440, 0.0)
(26.141737, 24.921110, 0.0)
(26.101292, 24.878687, 0.0)
(25.970444, 24.522381, 0.0)
(25.975109, 24.488214, 0.0)
(25.960327, 24.496645, 0.0)
(25.940990, 24.496588, 0.0)
(25.920830, 24.508593, 0.0)
(25.955307, 24.496365, 0.0)
(25.895954, 24.487123, 0.0)
(25.894707, 24.467138, 0.0)
(25.867659, 24.467581, 0.0)
(25.852879, 24.474886, 0.0)
(25.872032, 24.484632, 0.0)
(25.866341, 24.496592, 0.0)
(25.865843, 24.503183, 0.0)
(25.861540, 24.500895, 0.0)
(25.866272, 24.490017, 0.0)
(25.857218, 24.466534, 0.0)
(25.853798, 24.442505, 0.0)
(25.858274, 24.483761, 0.0)
(25.853601, 24.523939, 0.0)
(25.848957, 24.528170, 0.0)
(25.813557, 24.551048, 0.0)
(25.791109, 24.576250, 0.0)
(25.788227, 24.573154, 0.0)
(25.771824, 24.537138, 0.0)
(25.738489, 24.571352, 0.0)
(25.743151, 24.565619, 0.0)
(25.734104, 24.598175, 0.0)
(25.726461, 24.624140, 0.0)
(25.748827, 24.620010, 0.0)
(25.756844, 24.634710, 0.0)
(25.741938, 24.642340, 0.0)
(26.188511, 24.601822, 0.0)
(30.812225, 25.206894, 0.0)
(34.397808, 27.113609, 0.0)
(36.944794, 29.304817, 0.0)
(38.432705, 30.862070, 0.0)
(39.019279, 31.544037, 0.0)
(39.039745, 31.620255, 0.0)
(39.055325, 31.652538, 0.0)
(39.058109, 31.577221, 0.0)
(39.087559, 31.591074, 0.0)
(39.086178, 31.618439, 0.0)
(39.074810, 31.610703, 0.0)
(39.078251, 31.614464, 0.0)
(39.086178, 31.618439, 0.0)
(39.079868, 31.632116, 0.0)
(39.060173, 31.634754, 0.0)
(39.042042, 31.646290, 0.0)
(39.038830, 31.645081, 0.0)
(39.044399, 31.634499, 0.0)
(39.053074, 31.652435, 0.0)
(39.042019, 31.636139, 0.0)
(39.054356, 31.627382, 0.0)
(39.051468, 31.615072, 0.0)
(39.035103, 31.599369, 0.0)
(39.055477, 31.533285, 0.0)
(39.085400, 31.501467, 0.0)
(39.063061, 31.494152, 0.0)
(39.094776, 31.493330, 0.0)
(39.083176, 31.556334, 0.0)
(39.075146, 31.546764, 0.0)
(39.028179, 31.507212, 0.0)
(39.037132, 31.503407, 0.0)
(38.976410, 31.477755, 0.0)
(39.007477, 31.442114, 0.0)
(38.980152, 31.459843, 0.0)
(38.952412, 31.483170, 0.0)
(38.934177, 31.476522, 0.0)
(38.162151, 30.680927, 0.0)
(37.254795, 29.111202, 0.0)
(37.203716, 28.944157, 0.0)
(37.154076, 28.910656, 0.0)
(37.144215, 28.892643, 0.0)
(37.196651, 28.852501, 0.0)
(37.183044, 28.853846, 0.0)
(37.214378, 28.879904, 0.0)
(37.238976, 28.943296, 0.0)
(37.254585, 28.969900, 0.0)
(37.632153, 29.432400, 0.0)
(37.660858, 29.454464, 0.0)
(37.650951, 29.450840, 0.0)
(37.632233, 29.407057, 0.0)
(37.629112, 29.391706, 0.0)
(37.624332, 29.396650, 0.0)
(37.656490, 29.389320, 0.0)
(37.653019, 29.384796, 0.0)
(37.630653, 29.368683, 0.0)
(37.606159, 29.362360, 0.0)
(37.543224, 29.356670, 0.0)
(37.215958, 29.344263, 0.0)
(36.205540, 29.019978, 0.0)
(36.114193, 28.976971, 0.0)
(36.140682, 28.970024, 0.0)
(36.135452, 28.960228, 0.0)
(36.131905, 28.955864, 0.0)
(36.132900, 28.945591, 0.0)
(36.140682, 28.970024, 0.0)
(36.127476, 28.980446, 0.0)
(36.081951, 29.006058, 0.0)
(36.107914, 29.052567, 0.0)
(36.047935, 28.988617, 0.0)
(36.059296, 28.941439, 0.0)
(36.058964, 28.943342, 0.0)
(36.070854, 28.938957, 0.0)
(36.067139, 28.942562, 0.0)
(36.093220, 28.930891, 0.0)
(33.232914, 27.452036, 0.0)
(30.107901, 26.367832, 0.0)
(29.824156, 26.385300, 0.0)
(29.781099, 26.358013, 0.0)
(29.746855, 26.327826, 0.0)
(29.713154, 26.311836, 0.0)
(29.676470, 26.329212, 0.0)
(29.667721, 26.337421, 0.0)
(29.619745, 26.346436, 0.0)
(29.635988, 26.343813, 0.0)
(29.613832, 26.337393, 0.0)
(29.589371, 26.362970, 0.0)
(29.612488, 26.372620, 0.0)
(29.603893, 26.367071, 0.0)
(29.626137, 26.375576, 0.0)
(29.626137, 26.375576, 0.0)
(29.641516, 26.382320, 0.0)
(29.632286, 26.392550, 0.0)
(29.662218, 26.409510, 0.0)
(29.652000, 26.397627, 0.0)
(29.687004, 26.384045, 0.0)
(29.664528, 26.350317, 0.0)
(29.657877, 26.344643, 0.0)
(29.651930, 26.339594, 0.0)
(29.663256, 26.362738, 0.0)
(29.662638, 26.370020, 0.0)
(29.618233, 26.367189, 0.0)
(29.618710, 26.373465, 0.0)
(29.600513, 26.343590, 0.0)
(29.587614, 26.322969, 0.0)
(29.578600, 26.309839, 0.0)
(29.578676, 26.308262, 0.0)
(29.565746, 26.284950, 0.0)
(29.588680, 26.274418, 0.0)
(29.572151, 26.275543, 0.0)
(29.573130, 26.268288, 0.0)
(29.567104, 26.298691, 0.0)
(29.596575, 26.335804, 0.0)
(27.706783, 28.102230, 0.0)
(26.632362, 29.655115, 0.0)
(26.427095, 29.875069, 0.0)
(26.337582, 29.781155, 0.0)
(26.291435, 29.771507, 0.0)
(26.225103, 30.029833, 0.0)
(26.268358, 30.228722, 0.0)
(26.287535, 30.324297, 0.0)
(26.268990, 30.369345, 0.0)
(26.266237, 30.390707, 0.0)
(26.234274, 30.399096, 0.0)
(26.196615, 30.408056, 0.0)
(26.385447, 30.365309, 0.0)
(26.365446, 30.433447, 0.0)
(26.375135, 30.416054, 0.0)
(26.370667, 30.447687, 0.0)
(26.335087, 30.431463, 0.0)
(26.306248, 30.405703, 0.0)
(26.331827, 30.408529, 0.0)
(26.272211, 30.448935, 0.0)
(26.293716, 30.445528, 0.0)
(26.252575, 30.419754, 0.0)
(26.258253, 30.409155, 0.0)
(26.264729, 30.411659, 0.0)
(26.251366, 30.414894, 0.0)
(26.255865, 30.391724, 0.0)
(26.214828, 30.404282, 0.0)
(26.310305, 30.361506, 0.0)
(26.244255, 30.380711, 0.0)
(26.310516, 30.375168, 0.0)
(26.336071, 30.399460, 0.0)
(26.366344, 30.426897, 0.0)
(26.341967, 30.420778, 0.0)
(26.335659, 30.386208, 0.0)
(26.348238, 30.375385, 0.0)
(26.294565, 30.392422, 0.0)
(28.216946, 29.197054, 0.0)
(32.683495, 27.488455, 0.0)
(33.070217, 27.484367, 0.0)
(33.107498, 27.472214, 0.0)
(33.112148, 27.472933, 0.0)
(33.282124, 27.386328, 0.0)
(33.460789, 27.240309, 0.0)
(33.466900, 27.196789, 0.0)
(33.499367, 27.235592, 0.0)
(33.472355, 27.233715, 0.0)
(33.502991, 27.254219, 0.0)
(33.503357, 27.281776, 0.0)
(33.531677, 27.280863, 0.0)
(33.519257, 27.209127, 0.0)
(33.552345, 27.204414, 0.0)
(33.501831, 27.178547, 0.0)
(33.519318, 27.156963, 0.0)
(33.528793, 27.147097, 0.0)
(33.513626, 27.173626, 0.0)
(33.540039, 27.170406, 0.0)
(33.511440, 27.176958, 0.0)
(33.501930, 27.191492, 0.0)
(33.497406, 27.153059, 0.0)
(33.497097, 27.139183, 0.0)
(33.493439, 27.157080, 0.0)
(33.539589, 27.146366, 0.0)
(33.480202, 27.172171, 0.0)
(33.480194, 27.165607, 0.0)
(33.500183, 27.161747, 0.0)
(33.481022, 27.109152, 0.0)
(33.495113, 27.062572, 0.0)
(33.472813, 27.080191, 0.0)
(33.519753, 27.100571, 0.0)
(33.500542, 27.101379, 0.0)
(33.500191, 27.139637, 0.0)
(33.496941, 27.158974, 0.0)
(33.503761, 27.152107, 0.0)
(33.518829, 27.173754, 0.0)
(33.391014, 27.102531, 0.0)
(30.648317, 24.531960, 0.0)
(29.593647, 23.825161, 0.0)
(29.488575, 23.860594, 0.0)
(29.472815, 23.879330, 0.0)
(29.463902, 23.860634, 0.0)
(29.418749, 23.865202, 0.0)
(29.240808, 23.809959, 0.0)
(29.217846, 23.757002, 0.0)
(29.206215, 23.738182, 0.0)
(29.190086, 23.741604, 0.0)
(29.199770, 23.739670, 0.0)
(29.183462, 23.737934, 0.0)
(29.194523, 23.741114, 0.0)
(29.470156, 23.625238, 0.0)
(29.499992, 23.625158, 0.0)
(29.510332, 23.620159, 0.0)
(29.518305, 23.675213, 0.0)
(29.532858, 23.687151, 0.0)
(29.529314, 23.697718, 0.0)
(29.224415, 23.789448, 0.0)
(29.169891, 23.844374, 0.0)
(29.146452, 23.851154, 0.0)
(29.140337, 23.891163, 0.0)
(29.127893, 23.903152, 0.0)
(29.110262, 23.803276, 0.0)
(29.102945, 23.767374, 0.0)
(29.109518, 23.775835, 0.0)
(29.090641, 23.766285, 0.0)
(29.109646, 23.726034, 0.0)
(29.135077, 23.722054, 0.0)
(29.158548, 23.731441, 0.0)
(29.162870, 23.736349, 0.0)
(29.116394, 23.731228, 0.0)
(29.154356, 23.723646, 0.0)
(29.115978, 23.738039, 0.0)
(29.116209, 23.742151, 0.0)
(28.724287, 23.993860, 0.0)
(26.252424, 26.865658, 0.0)
(24.684631, 29.002110, 0.0)
(24.121628, 30.152622, 0.0)
(24.009249, 30.342081, 0.0)
(23.924732, 30.252451, 0.0)
(23.848627, 30.248558, 0.0)
(23.801765, 30.235897, 0.0)
(23.730385, 30.299955, 0.0)
(23.443584, 30.437887, 0.0)
(23.403265, 30.459068, 0.0)
(23.427656, 30.450178, 0.0)
(23.390499, 30.491613, 0.0)
(23.389044, 30.471853, 0.0)
(23.376532, 30.465130, 0.0)
(23.338764, 30.468323, 0.0)
(23.355211, 30.451117, 0.0)
(23.335970, 30.441196, 0.0)
(23.322510, 30.464737, 0.0)
(23.319489, 30.491215, 0.0)
(23.336605, 30.549911, 0.0)
(23.314146, 30.514786, 0.0)
(23.312654, 30.497414, 0.0)
(23.300505, 30.503344, 0.0)
(23.927847, 30.262829, 0.0)
(25.499481, 29.855228, 0.0)
(25.608763, 29.863844, 0.0)
(25.578861, 29.900015, 0.0)
(25.624313, 29.878983, 0.0)
(25.621698, 29.904936, 0.0)
(25.665123, 29.902607, 0.0)
(25.686422, 29.884201, 0.0)
(25.681757, 29.884920, 0.0)
(25.695438, 29.903555, 0.0)
(25.675638, 29.910566, 0.0)
(25.706339, 29.909752, 0.0)
(25.716787, 29.926231, 0.0)
(25.720232, 29.896923, 0.0)
(25.712910, 29.891794, 0.0)
(27.593893, 30.421640, 0.0)
(30.651432, 31.927217, 0.0)
(30.311064, 32.866833, 0.0)
(30.172926, 33.008286, 0.0)
(30.116570, 33.000000, 0.0)
(30.052382, 33.027905, 0.0)
(30.022984, 33.041225, 0.0)
(30.031469, 33.028423, 0.0)
(30.474827, 33.085999, 0.0)
(30.509296, 33.086472, 0.0)
(30.492004, 33.092907, 0.0)
(30.496962, 33.096180, 0.0)
(30.503763, 33.080101, 0.0)
(30.539516, 33.112553, 0.0)
(30.521109, 33.096611, 0.0)
(30.515013, 33.093033, 0.0)
(30.463005, 33.084614, 0.0)
(30.498623, 33.052479, 0.0)
(30.498301, 33.022247, 0.0)
(30.479191, 33.023235, 0.0)
(30.498522, 33.046352, 0.0)
(30.497147, 33.034882, 0.0)
(30.496248, 33.026505, 0.0)
(30.481720, 33.034653, 0.0)
(30.483053, 33.018272, 0.0)
(30.465973, 33.003899, 0.0)
(30.463507, 33.004719, 0.0)
(30.463007, 32.993259, 0.0)
(30.452492, 33.020428, 0.0)
(30.460743, 33.055946, 0.0)
(30.470011, 33.000389, 0.0)
(30.447430, 32.975052, 0.0)
(30.458889, 32.954056, 0.0)
(30.470467, 32.948795, 0.0)
(30.463076, 32.944077, 0.0)
(30.459833, 32.951962, 0.0)
(30.467249, 32.945396, 0.0)
(30.703037, 32.476254, 0.0)
(32.041389, 29.995180, 0.0)
(32.075298, 29.854759, 0.0)
(32.054382, 29.871290, 0.0)
(32.034683, 29.838034, 0.0)
(31.867367, 29.783751, 0.0)
(31.789660, 29.663248, 0.0)
(31.777079, 29.704828, 0.0)
(31.756042, 29.749634, 0.0)
(31.761679, 29.758682, 0.0)
(31.761307, 29.742233, 0.0)
(31.747526, 29.673649, 0.0)
(31.756405, 29.650105, 0.0)
(31.735125, 29.649775, 0.0)
(31.752228, 29.652176, 0.0)
(31.753487, 29.657879, 0.0)
(31.741600, 29.687365, 0.0)
(31.798056, 29.675829, 0.0)
(31.763027, 29.679651, 0.0)
(31.778809, 29.671366, 0.0)
(31.786598, 29.665976, 0.0)
(31.786516, 29.674582, 0.0)
(31.786240, 29.649567, 0.0)
(31.779625, 29.683172, 0.0)
(31.750454, 29.695766, 0.0)
(31.743380, 29.702888, 0.0)
(31.771040, 29.699205, 0.0)
(31.738691, 29.702564, 0.0)
(31.738691, 29.702564, 0.0)
(31.724030, 29.714426, 0.0)
(31.715923, 29.684443, 0.0)
(31.713896, 29.684053, 0.0)
(31.732359, 29.771555, 0.0)
(31.732359, 29.771555, 0.0)
(31.732359, 29.771555, 0.0)
(31.732359, 29.771555, 0.0)
(31.732359, 29.771555, 0.0)
(31.757971, 29.723078, 0.0)
(30.100887, 29.257143, 0.0)
(26.786768, 28.558758, 0.0)
(25.079828, 28.918177, 0.0)
(24.958588, 28.983723, 0.0)
(24.909878, 28.982141, 0.0)
(24.848070, 28.947693, 0.0)
(24.805597, 28.936314, 0.0)
(24.455080, 29.193962, 0.0)
(24.358648, 29.256577, 0.0)
(24.397381, 29.209675, 0.0)
(24.365051, 29.253845, 0.0)
(24.348480, 29.304085, 0.0)
(24.332636, 29.312523, 0.0)
(24.334026, 29.340702, 0.0)
(24.338776, 29.338425, 0.0)
(24.286482, 29.350435, 0.0)
(24.306288, 29.354898, 0.0)
(24.308062, 29.358305, 0.0)
(24.309313, 29.323305, 0.0)
(24.565533, 29.047369, 0.0)
(24.720978, 29.020082, 0.0)
(24.691353, 29.039452, 0.0)
(24.697742, 29.037060, 0.0)
(24.673954, 29.044327, 0.0)
(24.686527, 29.053484, 0.0)
(24.679184, 29.054705, 0.0)
(24.674683, 29.043077, 0.0)
(24.676701, 29.061386, 0.0)
(24.659496, 29.025089, 0.0)
(24.673164, 29.041363, 0.0)
(26.353304, 28.377014, 0.0)
(27.420486, 27.935089, 0.0)
(27.508736, 27.840830, 0.0)
(27.557745, 27.834450, 0.0)
(27.593287, 27.816511, 0.0)
(27.661058, 27.823111, 0.0)
(27.676714, 27.852198, 0.0)
(27.970865, 27.605658, 0.0)
(32.093758, 24.492308, 0.0)
(34.749382, 24.060671, 0.0)
(35.081924, 24.166880, 0.0)
(35.085102, 24.078157, 0.0)
(35.108955, 24.117687, 0.0)
(35.111446, 24.186697, 0.0)
(35.064911, 23.825766, 0.0)
(35.039005, 23.806419, 0.0)
(35.036457, 23.811729, 0.0)
(35.035999, 23.767860, 0.0)
(35.034653, 23.707615, 0.0)
(35.021038, 23.694353, 0.0)
(35.039356, 23.671476, 0.0)
(35.046753, 23.655003, 0.0)
(35.049862, 23.649950, 0.0)
(35.041100, 23.643690, 0.0)
(35.038879, 23.649555, 0.0)
(35.037979, 23.662344, 0.0)
(35.031281, 23.635965, 0.0)
(35.045364, 23.617641, 0.0)
(35.042355, 23.604372, 0.0)
(35.041142, 23.597860, 0.0)
(35.046612, 23.539116, 0.0)
(35.016792, 23.540253, 0.0)
(35.030231, 23.546999, 0.0)
(35.018223, 23.551426, 0.0)
(35.012985, 23.559645, 0.0)
(34.993504, 23.584959, 0.0)
(34.996624, 23.604891, 0.0)
(34.951111, 23.617193, 0.0)
(34.917656, 23.597677, 0.0)
(34.881363, 23.584154, 0.0)
(34.897316, 23.578384, 0.0)
(34.879135, 23.560915, 0.0)
(34.859364, 23.569368, 0.0)
(34.865807, 23.567850, 0.0)
(32.168598, 25.078024, 0.0)
(29.261822, 27.395264, 0.0)
(28.433212, 28.547644, 0.0)
(28.260866, 28.601130, 0.0)
(28.135426, 28.532099, 0.0)
(27.949827, 28.943113, 0.0)
(27.924383, 29.286177, 0.0)
(27.861771, 29.329939, 0.0)
(27.758877, 29.295464, 0.0)
(27.792765, 30.778347, 0.0)
(27.551220, 29.839249, 0.0)
(27.625834, 29.021122, 0.0)
(27.660137, 28.931885, 0.0)
(27.657778, 28.972261, 0.0)
(27.671947, 29.019154, 0.0)
(27.676174, 29.026943, 0.0)
(27.674160, 29.155159, 0.0)
(27.703081, 29.163475, 0.0)
(27.695927, 29.207949, 0.0)
(27.716913, 29.194101, 0.0)
(27.836555, 29.229073, 0.0)
(27.849983, 29.241751, 0.0)
(27.851669, 29.271454, 0.0)
(27.854401, 29.281799, 0.0)
(27.853640, 29.250681, 0.0)
(27.836182, 29.227848, 0.0)
(27.822065, 29.213276, 0.0)
(27.789932, 29.246023, 0.0)
(27.820698, 29.194193, 0.0)
(27.822571, 29.207609, 0.0)
(27.809103, 29.219883, 0.0)
(27.811968, 29.264706, 0.0)
(27.786770, 29.261766, 0.0)
(27.797819, 29.264084, 0.0)
(27.779453, 29.235289, 0.0)
(27.799820, 29.190290, 0.0)
(27.794119, 29.196293, 0.0)
(27.806381, 29.189899, 0.0)
(28.374281, 28.658592, 0.0)
(32.602306, 25.917694, 0.0)
(35.076523, 25.324530, 0.0)
(35.137917, 25.276440, 0.0)
(35.126396, 25.274872, 0.0)
(35.144508, 25.274672, 0.0)
(35.137234, 25.282497, 0.0)
(35.151844, 25.268539, 0.0)
(35.158947, 25.274391, 0.0)
(35.172665, 25.279947, 0.0)
(35.177242, 25.279842, 0.0)
(35.411732, 25.288380, 0.0)
(35.421570, 25.290203, 0.0)
(35.424732, 25.279158, 0.0)
(35.427082, 25.281570, 0.0)
(35.444061, 25.303366, 0.0)
(35.438656, 25.312037, 0.0)
(35.454247, 25.324856, 0.0)
(35.456844, 25.334551, 0.0)
(35.488197, 25.350670, 0.0)
(35.482090, 25.328327, 0.0)
(35.464775, 25.294725, 0.0)
(35.102264, 25.232134, 0.0)
(35.052650, 25.238270, 0.0)
(35.058132, 25.211985, 0.0)
(35.056026, 25.248432, 0.0)
(35.069485, 25.303352, 0.0)
(35.069309, 25.309561, 0.0)
(35.069309, 25.309561, 0.0)
(35.062252, 25.328323, 0.0)
(35.066090, 25.282383, 0.0)
(35.054546, 25.271608, 0.0)
(35.065174, 25.274387, 0.0)
(35.065762, 25.274706, 0.0)
(35.056080, 25.289608, 0.0)
(35.056679, 25.300522, 0.0)
(35.041565, 25.303633, 0.0)
(35.537998, 25.987175, 0.0)
(37.488350, 29.290310, 0.0)
(37.677872, 31.306252, 0.0)
(37.619965, 32.084492, 0.0)
(37.509109, 32.072933, 0.0)
(37.486523, 32.067131, 0.0)
(37.493462, 32.074562, 0.0)
(37.490002, 32.086369, 0.0)
(37.507145, 32.121872, 0.0)
(37.489025, 32.127125, 0.0)
(37.479145, 32.139233, 0.0)
(37.480255, 32.122841, 0.0)
(37.489330, 32.078194, 0.0)
(37.515690, 32.067215, 0.0)
(37.537319, 32.075012, 0.0)
(37.504059, 32.113300, 0.0)
(37.503223, 32.135029, 0.0)
(37.504303, 32.140976, 0.0)
(37.478638, 32.139832, 0.0)
(37.475346, 32.128235, 0.0)
(37.461132, 32.069347, 0.0)
(37.450527, 32.087944, 0.0)
(37.454178, 32.081738, 0.0)
(37.450890, 32.105835, 0.0)
(37.450336, 32.126194, 0.0)
(37.434746, 32.144032, 0.0)
(37.439651, 32.163307, 0.0)
(37.409950, 32.157169, 0.0)
(37.406483, 32.173328, 0.0)
(37.393772, 32.170265, 0.0)
(37.423878, 32.133251, 0.0)
(37.423878, 32.133251, 0.0)
(37.409683, 32.126923, 0.0)
(37.398510, 32.120934, 0.0)
(37.391605, 32.129005, 0.0)
(37.368839, 32.155643, 0.0)
(37.389206, 32.153786, 0.0)
(37.342747, 32.177860, 0.0)
(37.176514, 29.209410, 0.0)
(36.858086, 25.208914, 0.0)
(36.758114, 25.042604, 0.0)
(36.720497, 25.042791, 0.0)
(36.724251, 25.049671, 0.0)
(36.715660, 25.050119, 0.0)
(37.137787, 25.041811, 0.0)
(37.154709, 25.060030, 0.0)
(37.132259, 25.051359, 0.0)
(37.118893, 24.989443, 0.0)
(37.122135, 24.965633, 0.0)
(37.115837, 24.974770, 0.0)
(37.103161, 25.017004, 0.0)
(37.119686, 25.043238, 0.0)
(37.105759, 25.049555, 0.0)
(37.139618, 25.085037, 0.0)
(37.112907, 25.059416, 0.0)
(37.110104, 25.022873, 0.0)
(37.076912, 24.996489, 0.0)
(37.079559, 24.984903, 0.0)
(37.044071, 24.978506, 0.0)
(37.055729, 24.980814, 0.0)
(37.027496, 24.972538, 0.0)
(37.027653, 25.008307, 0.0)
(36.993786, 25.013727, 0.0)
(36.759750, 24.955725, 0.0)
(36.742142, 24.950268, 0.0)
(36.732460, 24.938885, 0.0)
(36.729191, 24.919853, 0.0)
(36.730518, 24.944342, 0.0)
(36.731503, 24.961023, 0.0)
(36.721207, 24.963491, 0.0)
(36.758415, 24.997406, 0.0)
(36.739937, 24.995085, 0.0)
(36.730518, 24.944342, 0.0)
(36.719273, 24.944517, 0.0)
(36.709522, 24.923214, 0.0)
(36.623463, 24.987869, 0.0)
(33.470505, 28.067703, 0.0)
(31.945055, 30.659361, 0.0)
(31.877567, 31.018902, 0.0)
(31.737814, 31.088234, 0.0)
(31.698704, 31.083422, 0.0)
(31.915741, 31.100708, 0.0)
(32.067680, 31.143995, 0.0)
(32.068466, 31.160856, 0.0)
(32.061943, 31.163076, 0.0)
(32.065773, 31.165216, 0.0)
(32.072617, 31.178600, 0.0)
(32.099491, 31.210176, 0.0)
(32.074497, 31.200848, 0.0)
(32.069363, 31.186867, 0.0)
(32.067692, 31.178127, 0.0)
(32.075153, 31.199169, 0.0)
(32.066372, 31.185520, 0.0)
(32.065792, 31.182957, 0.0)
(32.067680, 31.203409, 0.0)
(32.063812, 31.202419, 0.0)
(32.053429, 31.224363, 0.0)
(32.039383, 31.229731, 0.0)
(32.063671, 31.205660, 0.0)
(32.048470, 31.191845, 0.0)
(32.078060, 31.151258, 0.0)
(32.069256, 31.161787, 0.0)
(32.083553, 31.176420, 0.0)
(32.094662, 31.196619, 0.0)
(32.087585, 31.218472, 0.0)
(32.088478, 31.201086, 0.0)
(32.076973, 31.191662, 0.0)
(32.080036, 31.177515, 0.0)
(32.069031, 31.162605, 0.0)
(32.079979, 31.141171, 0.0)
(32.076080, 31.143291, 0.0)
(32.074505, 31.142864, 0.0)
(32.069256, 31.161787, 0.0)
(32.065067, 31.171169, 0.0)
(32.031200, 31.136238, 0.0)
(32.037262, 32.432018, 0.0)
(32.021950, 33.232193, 0.0)
(32.069031, 33.343204, 0.0)
(32.035572, 33.365417, 0.0)
(32.025341, 33.386528, 0.0)
(32.017639, 33.403042, 0.0)
(32.028893, 33.384571, 0.0)
(32.003086, 33.386539, 0.0)
(32.022045, 33.342381, 0.0)
(31.977533, 33.303852, 0.0)
(32.176140, 33.421097, 0.0)
(32.240681, 33.457413, 0.0)
(32.244114, 33.423805, 0.0)
(32.213539, 33.451469, 0.0)
(32.232475, 33.443401, 0.0)
(32.219700, 33.434238, 0.0)
(32.209953, 33.428333, 0.0)
(32.218147, 33.417847, 0.0)
(32.194996, 33.419117, 0.0)
(32.225338, 33.412777, 0.0)
(32.201656, 33.408405, 0.0)
(32.194996, 33.419117, 0.0)
(32.194996, 33.419117, 0.0)
(32.195312, 33.432430, 0.0)
(32.209328, 33.441299, 0.0)
(32.152374, 33.410210, 0.0)
(32.130508, 33.423149, 0.0)
(32.116116, 33.441757, 0.0)
(32.128510, 33.450745, 0.0)
(32.153805, 33.468494, 0.0)
(32.146275, 33.480354, 0.0)
(32.158146, 33.486443, 0.0)
(32.162140, 33.486141, 0.0)
(32.145851, 33.460030, 0.0)
(32.130184, 33.440121, 0.0)
(32.138531, 33.407093, 0.0)
(30.823767, 33.152218, 0.0)
(27.213057, 33.087421, 0.0)
(25.780813, 33.551678, 0.0)
(25.630152, 33.567970, 0.0)
(25.617895, 33.583160, 0.0)
(25.576458, 33.601997, 0.0)
(25.570082, 33.575066, 0.0)
(25.544844, 33.525425, 0.0)
(25.192301, 33.397831, 0.0)
(25.150581, 33.359646, 0.0)
(25.194994, 33.386608, 0.0)
(25.142179, 33.385403, 0.0)
(25.178196, 33.415268, 0.0)
(25.146427, 33.370003, 0.0)
(25.148043, 33.382248, 0.0)
(25.142597, 33.410538, 0.0)
(25.133265, 33.425381, 0.0)
(25.154604, 33.413555, 0.0)
(25.145145, 33.427013, 0.0)
(25.170050, 33.412998, 0.0)
(25.178020, 33.418018, 0.0)
(25.195959, 33.452965, 0.0)
(25.182749, 33.356213, 0.0)
(25.185720, 33.309219, 0.0)
(25.178661, 33.315327, 0.0)
(25.188023, 33.330460, 0.0)
(27.119753, 31.679255, 0.0)
(27.414003, 31.429779, 0.0)
(27.419641, 31.408718, 0.0)
(27.454391, 31.409924, 0.0)
(27.449257, 31.402937, 0.0)
(27.506838, 31.356245, 0.0)
(27.489750, 31.380520, 0.0)
(27.464794, 31.383966, 0.0)
(27.488653, 31.386343, 0.0)
(27.463341, 31.389797, 0.0)
(27.455273, 31.392361, 0.0)
(27.628452, 30.953846, 0.0)
(28.136705, 28.186487, 0.0)
(28.128351, 28.054754, 0.0)
(28.096821, 28.050962, 0.0)
(28.081408, 28.057135, 0.0)
(28.072720, 28.062531, 0.0)
(28.011963, 28.046940, 0.0)
(28.027361, 28.077950, 0.0)
(27.779045, 28.324415, 0.0)
(27.739382, 28.361523, 0.0)
(27.716627, 28.332043, 0.0)
(27.730083, 28.314604, 0.0)
(27.714436, 28.314085, 0.0)
(27.742832, 28.295843, 0.0)
(27.833668, 28.298475, 0.0)
(27.858027, 28.313631, 0.0)
(27.847258, 28.330853, 0.0)
(27.860615, 28.340010, 0.0)
(27.866470, 28.359348, 0.0)
(27.832272, 28.347849, 0.0)
(27.827360, 28.358461, 0.0)
(27.838533, 28.335270, 0.0)
(27.815893, 28.350590, 0.0)
(27.816898, 28.348543, 0.0)
(27.848560, 28.360971, 0.0)
(27.876738, 28.325081, 0.0)
(27.837116, 28.328068, 0.0)
(27.868418, 28.309931, 0.0)
(27.856222, 28.283926, 0.0)
(27.818153, 28.284962, 0.0)
(27.852594, 28.288183, 0.0)
(27.864391, 28.297388, 0.0)
(27.859358, 28.329224, 0.0)
(27.864700, 28.378359, 0.0)
(27.868832, 28.381714, 0.0)
(27.864481, 28.335493, 0.0)
(27.836470, 28.303217, 0.0)
(27.838150, 28.283636, 0.0)
(27.888170, 28.355511, 0.0)
(31.313189, 30.274834, 0.0)
(33.828678, 32.411442, 0.0)
(34.003853, 33.253563, 0.0)
(34.023800, 33.347923, 0.0)
(34.004902, 33.336452, 0.0)
(33.937714, 33.362465, 0.0)
(34.308582, 34.083702, 0.0)
(34.295193, 34.221397, 0.0)
(34.273643, 34.218784, 0.0)
(34.288551, 34.155910, 0.0)
(34.279251, 34.161961, 0.0)
(34.259972, 34.253883, 0.0)
(34.275845, 34.257824, 0.0)
(34.235043, 34.256744, 0.0)
(34.225285, 34.194477, 0.0)
(34.224659, 34.189121, 0.0)
(34.222294, 34.181782, 0.0)
(34.239532, 34.145985, 0.0)
(34.225506, 34.173321, 0.0)
(34.230011, 34.203568, 0.0)
(34.234890, 34.215790, 0.0)
(34.235630, 34.227242, 0.0)
(34.227398, 34.245483, 0.0)
(34.253540, 34.206284, 0.0)
(34.237301, 34.194416, 0.0)
(34.245449, 34.173523, 0.0)
(34.214214, 34.199200, 0.0)
(34.243683, 34.201500, 0.0)
(34.230179, 34.223450, 0.0)
(34.223820, 34.234154, 0.0)
(34.191219, 34.210167, 0.0)
(34.197418, 34.174217, 0.0)
(34.197418, 34.174217, 0.0)
(34.145863, 34.181038, 0.0)
(34.168728, 34.175598, 0.0)
(34.150246, 34.176052, 0.0)
(34.228462, 34.156776, 0.0)
(34.194859, 34.122047, 0.0)
(32.818569, 33.997520, 0.0)
(29.466888, 33.818069, 0.0)
(28.891884, 34.047432, 0.0)
(28.877647, 34.038921, 0.0)
(28.848518, 34.065128, 0.0)
(28.805605, 33.992077, 0.0)
(28.774725, 33.996208, 0.0)
(28.758451, 34.005589, 0.0)
(28.747566, 33.993721, 0.0)
(28.715763, 34.007732, 0.0)
(28.696644, 33.988811, 0.0)
(28.693419, 34.013950, 0.0)
(28.692228, 33.977543, 0.0)
(28.683626, 33.971607, 0.0)
(28.701200, 33.969627, 0.0)
(28.699694, 33.984440, 0.0)
(28.677576, 34.014950, 0.0)
(28.670210, 34.024254, 0.0)
(28.648212, 34.030666, 0.0)
(28.682997, 34.009495, 0.0)
(28.709728, 33.986481, 0.0)
(28.693838, 34.005295, 0.0)
(28.702147, 33.991337, 0.0)
(28.712910, 34.002991, 0.0)
(28.698137, 34.024788, 0.0)
(28.718618, 34.022499, 0.0)
(28.702675, 34.002277, 0.0)
(28.718618, 34.022499, 0.0)
(28.649616, 34.058167, 0.0)
(28.644726, 34.060074, 0.0)
(28.616098, 34.061749, 0.0)
(28.640270, 34.035488, 0.0)
(28.643011, 34.081997, 0.0)
(28.693604, 34.043949, 0.0)
(28.679195, 34.044685, 0.0)
(28.685883, 34.021976, 0.0)
(29.157240, 33.642841, 0.0)
(32.842678, 30.196159, 0.0)
(35.790924, 27.826733, 0.0)
(38.016647, 26.930534, 0.0)
(38.740177, 26.894894, 0.0)
(38.801094, 26.976908, 0.0)
(38.858841, 26.951433, 0.0)
(39.653614, 27.019449, 0.0)
(39.800663, 26.978342, 0.0)
(39.755253, 26.969456, 0.0)
(39.719128, 26.904131, 0.0)
(39.623871, 26.863710, 0.0)
(39.563606, 26.897423, 0.0)
(39.538677, 26.899080, 0.0)
(39.519341, 26.886391, 0.0)
(39.476101, 26.891867, 0.0)
(39.487839, 26.860958, 0.0)
(39.436516, 26.753036, 0.0)
(39.434563, 26.720425, 0.0)
(39.435081, 26.745541, 0.0)
(39.436092, 26.722620, 0.0)
(39.405151, 26.753567, 0.0)
(39.400105, 26.719999, 0.0)
(39.365707, 26.691784, 0.0)
(39.352386, 26.657213, 0.0)
(39.351231, 26.665358, 0.0)
(39.338020, 26.633402, 0.0)
(39.261982, 26.594549, 0.0)
(39.142193, 26.559946, 0.0)
(34.979134, 25.842951, 0.0)
(33.450272, 25.711300, 0.0)
(33.370075, 25.659630, 0.0)
(33.345436, 25.596724, 0.0)
(33.326813, 25.499645, 0.0)
(33.292713, 25.471371, 0.0)
(33.365776, 25.433989, 0.0)
(33.347546, 25.396532, 0.0)
(33.334003, 25.347206, 0.0)
(33.223068, 24.750576, 0.0)
(33.145412, 24.669153, 0.0)
(33.108696, 24.667128, 0.0)
(33.096085, 24.729071, 0.0)
(33.072533, 24.847502, 0.0)
(33.063396, 24.877111, 0.0)
(33.078999, 24.887369, 0.0)
(33.070324, 24.912588, 0.0)
(33.196873, 24.823591, 0.0)
(33.207058, 24.774601, 0.0)
(33.229557, 24.728350, 0.0)
(33.208626, 24.671238, 0.0)
(33.206253, 24.639851, 0.0)
(33.197872, 24.648369, 0.0)
(33.275547, 24.638493, 0.0)
(33.204742, 24.674561, 0.0)
(33.252827, 24.717701, 0.0)
(33.214470, 24.707569, 0.0)
(33.211285, 24.664127, 0.0)
(32.931107, 24.593853, 0.0)
(32.902237, 24.562950, 0.0)
(32.872162, 24.561705, 0.0)
(32.859917, 24.509058, 0.0)
(32.845058, 24.552256, 0.0)
(32.872627, 24.594149, 0.0)
(32.830906, 24.591547, 0.0)
(32.805866, 24.616865, 0.0)
(32.825089, 24.581951, 0.0)
(32.806332, 24.527439, 0.0)
(32.818905, 24.508341, 0.0)
(32.821384, 24.513527, 0.0)
(32.853741, 24.496849, 0.0)
(32.983269, 24.443605, 0.0)
(33.033024, 24.499744, 0.0)
(32.953453, 24.492067, 0.0)
(32.948757, 24.487169, 0.0)
(32.920818, 24.494749, 0.0)
(32.893661, 24.483517, 0.0)
(33.968307, 25.480734, 0.0)
(36.415195, 27.766153, 0.0)
(37.911560, 30.603533, 0.0)
(38.250965, 32.545589, 0.0)
(38.110558, 33.205635, 0.0)
(38.069386, 33.285950, 0.0)
(38.069263, 33.264431, 0.0)
(38.423801, 33.146339, 0.0)
(38.450321, 33.130898, 0.0)
(38.432331, 33.147202, 0.0)
(38.459190, 33.198360, 0.0)
(38.438156, 33.202648, 0.0)
(38.434872, 33.183960, 0.0)
(38.415161, 33.133114, 0.0)
(38.420498, 33.142887, 0.0)
(38.406620, 33.134037, 0.0)
(38.449875, 33.127064, 0.0)
(38.523956, 33.022724, 0.0)
(38.548153, 33.063259, 0.0)
(38.508762, 33.035946, 0.0)
(38.586529, 33.053921, 0.0)
(38.566624, 33.053059, 0.0)
(38.594490, 33.070408, 0.0)
(38.583065, 33.128956, 0.0)
(38.615402, 33.093201, 0.0)
(38.590096, 33.130501, 0.0)
(38.617889, 33.146912, 0.0)
(38.607368, 33.138672, 0.0)
(38.594330, 33.126122, 0.0)
(38.621834, 33.150757, 0.0)
(38.563553, 33.144398, 0.0)
(38.619652, 33.134945, 0.0)
(38.587154, 33.143581, 0.0)
(38.609634, 33.144726, 0.0)
(38.578751, 33.129692, 0.0)
(38.596870, 33.087143, 0.0)
(35.547630, 32.141659, 0.0)
(31.704977, 31.516975, 0.0)
(30.256342, 31.718472, 0.0)
(30.121010, 31.743355, 0.0)
(30.117249, 31.753094, 0.0)
(29.704935, 32.232521, 0.0)
(29.534388, 32.392094, 0.0)
(29.553089, 32.364063, 0.0)
(29.531651, 32.354973, 0.0)
(29.531738, 32.344013, 0.0)
(29.543089, 32.354641, 0.0)
(29.541809, 32.343056, 0.0)
(29.838875, 32.263054, 0.0)
(29.857510, 32.243240, 0.0)
(29.855320, 32.277832, 0.0)
(29.841551, 32.282715, 0.0)
(29.868481, 32.355114, 0.0)
(29.856749, 32.315720, 0.0)
(29.868917, 32.328445, 0.0)
(29.859890, 32.307156, 0.0)
(29.868917, 32.316227, 0.0)
(29.868752, 32.361992, 0.0)
(29.877197, 32.379032, 0.0)
(29.864025, 32.426006, 0.0)
(29.854280, 32.439983, 0.0)
(29.857952, 32.442337, 0.0)
(29.835184, 32.417442, 0.0)
(29.827383, 32.423183, 0.0)
(29.818558, 32.439533, 0.0)
(29.824110, 32.449211, 0.0)
(29.822584, 32.454319, 0.0)
(29.816053, 32.449074, 0.0)
(29.835110, 32.397335, 0.0)
(29.829809, 32.452969, 0.0)
(29.830315, 32.458477, 0.0)
(29.830181, 32.447445, 0.0)
(29.873842, 32.450066, 0.0)
(29.980291, 31.938267, 0.0)
(31.051144, 27.651424, 0.0)
(31.160965, 26.351007, 0.0)
(31.172895, 26.358610, 0.0)
(31.168638, 26.439161, 0.0)
(31.146055, 26.471998, 0.0)
(31.170656, 26.419468, 0.0)
(31.313705, 26.179266, 0.0)
(31.357172, 26.098860, 0.0)
(31.317085, 26.071196, 0.0)
(31.320156, 26.014889, 0.0)
(31.328484, 25.982626, 0.0)
(31.324085, 25.962564, 0.0)
(31.313305, 25.914824, 0.0)
(31.258528, 25.941235, 0.0)
(31.276356, 25.888849, 0.0)
(31.272762, 25.895069, 0.0)
(31.295015, 25.864731, 0.0)
(31.295805, 25.841558, 0.0)
(31.275215, 25.838619, 0.0)
(31.293066, 25.823730, 0.0)
(31.301054, 25.810989, 0.0)
(31.319771, 25.765766, 0.0)
(31.287449, 25.710121, 0.0)
(31.272770, 25.653490, 0.0)
(31.286434, 25.665607, 0.0)
(31.291256, 25.674395, 0.0)
(31.268337, 25.657684, 0.0)
(31.269440, 25.694790, 0.0)
(31.283800, 25.683052, 0.0)
(31.264242, 25.644438, 0.0)
(31.282637, 25.661907, 0.0)
(31.271561, 25.625549, 0.0)
(31.291368, 25.611122, 0.0)
(31.289494, 25.605791, 0.0)
(31.278399, 25.604294, 0.0)
(31.296251, 25.617140, 0.0)
(31.273378, 25.652946, 0.0)
(28.583374, 25.736141, 0.0)
(25.708147, 26.461538, 0.0)
(24.597723, 26.942934, 0.0)
(24.502556, 27.042849, 0.0)
(24.479757, 27.018314, 0.0)
(24.449953, 26.998533, 0.0)
(24.208284, 26.845009, 0.0)
(24.088299, 26.859789, 0.0)
(24.090021, 26.848089, 0.0)
(24.060978, 26.839025, 0.0)
(24.083237, 26.793060, 0.0)
(24.073061, 26.805052, 0.0)
(24.072781, 26.813902, 0.0)
(24.051908, 26.850161, 0.0)
(24.045835, 26.854084, 0.0)
(24.048275, 26.863230, 0.0)
(24.041344, 26.853048, 0.0)
(24.056860, 26.834030, 0.0)
(24.046656, 26.834616, 0.0)
(24.052063, 26.833534, 0.0)
(24.058352, 26.812433, 0.0)
(24.062675, 26.828526, 0.0)
(24.071505, 26.835897, 0.0)
(24.084618, 26.830769, 0.0)
(24.089790, 26.803228, 0.0)
(24.083761, 26.804064, 0.0)
(25.746693, 26.450058, 0.0)
(26.053137, 26.399172, 0.0)
(26.086603, 26.329824, 0.0)
(26.108465, 26.365265, 0.0)
(26.107058, 26.383562, 0.0)
(26.135328, 26.377609, 0.0)
(26.141010, 26.338461, 0.0)
(26.144695, 26.323704, 0.0)
(26.135468, 26.311111, 0.0)
(26.135468, 26.311111, 0.0)
(26.158127, 26.293612, 0.0)
(26.163481, 26.298040, 0.0)
(26.548241, 26.905315, 0.0)
(28.287756, 29.609280, 0.0)
(28.235386, 31.001270, 0.0)
(28.181402, 31.227673, 0.0)
(28.116880, 31.243320, 0.0)
(28.088507, 31.277054, 0.0)
(27.980165, 31.436491, 0.0)
(27.963314, 31.633640, 0.0)
(27.939562, 31.644899, 0.0)
(27.929102, 31.624849, 0.0)
(27.946051, 31.561846, 0.0)
(27.897226, 31.547707, 0.0)
(27.909071, 31.565897, 0.0)
(27.886595, 31.560642, 0.0)
(27.907969, 31.528206, 0.0)
(27.896088, 31.580929, 0.0)
(27.879854, 31.558069, 0.0)
(27.858702, 31.506449, 0.0)
(27.835794, 31.495155, 0.0)
(27.871651, 31.490627, 0.0)
(27.844229, 31.520372, 0.0)
(27.914667, 31.527615, 0.0)
(27.867508, 31.569118, 0.0)
(27.882769, 31.564112, 0.0)
(27.873642, 31.586262, 0.0)
(27.867500, 31.595798, 0.0)
(27.888889, 31.529823, 0.0)
(27.878080, 31.449560, 0.0)
(27.902334, 31.454784, 0.0)
(29.266069, 31.269758, 0.0)
(32.230244, 30.830769, 0.0)
(32.515079, 30.953615, 0.0)
(32.536243, 30.946369, 0.0)
(32.522232, 30.945980, 0.0)
(32.507637, 30.949713, 0.0)
(32.540710, 30.946239, 0.0)
(32.512043, 30.949131, 0.0)
(32.444004, 28.060081, 0.0)
(31.317722, 25.354368, 0.0)
(31.233519, 25.291101, 0.0)
(31.153568, 25.403393, 0.0)
(31.136147, 25.427168, 0.0)
(31.203110, 25.104509, 0.0)
(31.228544, 24.868540, 0.0)
(31.179268, 24.805027, 0.0)
(31.166397, 24.796991, 0.0)
(31.214397, 24.796791, 0.0)
(31.198601, 24.763760, 0.0)
(31.196302, 24.775471, 0.0)
(31.196302, 24.775471, 0.0)
(31.218664, 24.814087, 0.0)
(31.176857, 24.834587, 0.0)
(31.142448, 24.842651, 0.0)
(31.212126, 24.843557, 0.0)
(31.193119, 24.850555, 0.0)
(31.226082, 24.824780, 0.0)
(31.196640, 24.822603, 0.0)
(31.211754, 24.805805, 0.0)
(31.194304, 24.769978, 0.0)
(31.239508, 24.774582, 0.0)
(31.207766, 24.779266, 0.0)
(31.170567, 24.793814, 0.0)
(31.136801, 24.886980, 0.0)
(31.136961, 24.893423, 0.0)
(31.122574, 24.886786, 0.0)
(31.146288, 24.837717, 0.0)
(31.182138, 24.811462, 0.0)
(31.195951, 24.779095, 0.0)
(31.209028, 24.767765, 0.0)
(31.206572, 24.734339, 0.0)
(31.207079, 24.723879, 0.0)
(31.214413, 24.708338, 0.0)
(31.207758, 24.759878, 0.0)
(31.125477, 24.782837, 0.0)
(31.152010, 24.935385, 0.0)
(31.617727, 26.734795, 0.0)
(31.505537, 28.028301, 0.0)
(31.284733, 28.335447, 0.0)
(31.260452, 28.389296, 0.0)
(31.202126, 28.368011, 0.0)
(31.436724, 28.482182, 0.0)
(31.428331, 28.571335, 0.0)
(31.429073, 28.627779, 0.0)
(31.413883, 28.660870, 0.0)
(31.423325, 28.672665, 0.0)
(31.403807, 28.682585, 0.0)
(31.399698, 28.637001, 0.0)
(31.394695, 28.608229, 0.0)
(31.407728, 28.610029, 0.0)
(31.399147, 28.588034, 0.0)
(31.391764, 28.594337, 0.0)
(31.406240, 28.604349, 0.0)
(31.395821, 28.604883, 0.0)
(31.433859, 28.600246, 0.0)
(31.401581, 28.586535, 0.0)
(31.397514, 28.579798, 0.0)
(31.408449, 28.614492, 0.0)
(31.396873, 28.664011, 0.0)
(31.418573, 28.690872, 0.0)
(31.444153, 28.711319, 0.0)
(31.679214, 28.570620, 0.0)
(31.678919, 28.540335, 0.0)
(31.681095, 28.542599, 0.0)
(31.696634, 28.528532, 0.0)
(31.711191, 28.521854, 0.0)
(31.725428, 28.523584, 0.0)
(31.729343, 28.510860, 0.0)
(31.694456, 28.565243, 0.0)
(31.685963, 28.574053, 0.0)
(31.663437, 28.568653, 0.0)
(31.622150, 28.551102, 0.0)
(31.624516, 28.569057, 0.0)
(31.622366, 28.548727, 0.0)
(31.571426, 28.571030, 0.0)
(31.595686, 28.581196, 0.0)
(33.615013, 29.227636, 0.0)
(35.049576, 29.805672, 0.0)
(35.101097, 29.834850, 0.0)
(35.092144, 29.862322, 0.0)
(35.126678, 29.839481, 0.0)
(35.151466, 29.859680, 0.0)
(35.339977, 29.892519, 0.0)
(35.418568, 29.940306, 0.0)
(35.400841, 29.963680, 0.0)
(35.413399, 29.944220, 0.0)
(35.398357, 29.860210, 0.0)
(35.402969, 29.841311, 0.0)
(35.385113, 29.825642, 0.0)
(35.389950, 29.835266, 0.0)
(35.391617, 29.857744, 0.0)
(35.400677, 29.905073, 0.0)
(35.399246, 29.917452, 0.0)
(35.357990, 29.909826, 0.0)
(35.378807, 29.888235, 0.0)
(35.346775, 29.934938, 0.0)
(35.377644, 29.894224, 0.0)
(35.385960, 29.894539, 0.0)
(35.406261, 29.924877, 0.0)
(35.431820, 29.908842, 0.0)
(35.436714, 29.931477, 0.0)
(35.404232, 29.913244, 0.0)
(35.393711, 29.931747, 0.0)
(35.378361, 29.905352, 0.0)
(35.336174, 29.974506, 0.0)
(35.327385, 29.935095, 0.0)
(35.331219, 29.894737, 0.0)
(35.319359, 29.915123, 0.0)
(35.308887, 29.914194, 0.0)
(35.316616, 29.896587, 0.0)
(35.278843, 29.852940, 0.0)
(35.532913, 30.070637, 0.0)
(37.013306, 30.796940, 0.0)
(37.026615, 30.943531, 0.0)
(37.039845, 31.005030, 0.0)
(37.044086, 31.050213, 0.0)
(37.051846, 31.068876, 0.0)
(37.153999, 31.066628, 0.0)
(37.150455, 31.080866, 0.0)
(37.148182, 31.049932, 0.0)
(37.260204, 31.112225, 0.0)
(37.268414, 31.206999, 0.0)
(37.256622, 31.172808, 0.0)
(37.258926, 31.167379, 0.0)
(37.242508, 31.186272, 0.0)
(37.278542, 31.189423, 0.0)
(37.269508, 31.192789, 0.0)
(37.270771, 31.198915, 0.0)
(37.270767, 31.201572, 0.0)
(37.260548, 31.166378, 0.0)
(37.254642, 31.157715, 0.0)
(37.254642, 31.157715, 0.0)
(37.262669, 31.164642, 0.0)
(37.236950, 31.137976, 0.0)
(37.242214, 31.186104, 0.0)
(37.237995, 31.183285, 0.0)
(37.242241, 31.163986, 0.0)
(37.210464, 31.130087, 0.0)
(37.207088, 31.054546, 0.0)
(37.228153, 31.072786, 0.0)
(37.190319, 31.060326, 0.0)
(37.205727, 31.043020, 0.0)
(37.188438, 31.032309, 0.0)
(37.232258, 31.031761, 0.0)
(37.186275, 31.023764, 0.0)
(37.181923, 31.013308, 0.0)
(37.181149, 31.003389, 0.0)
(37.195000, 30.983301, 0.0)
(37.174469, 30.979248, 0.0)
(37.877216, 30.115120, 0.0)
(39.224197, 28.757580, 0.0)
(39.307713, 28.699738, 0.0)
(39.324059, 28.781157, 0.0)
(39.314480, 28.819813, 0.0)
(39.319763, 28.795837, 0.0)
(39.594425, 28.544638, 0.0)
(39.575596, 28.552631, 0.0)
(39.551605, 28.529966, 0.0)
(39.558933, 28.463257, 0.0)
(39.592873, 28.413639, 0.0)
(39.570202, 28.437017, 0.0)
(39.592506, 28.380960, 0.0)
(39.532219, 28.386721, 0.0)
(39.512020, 28.398590, 0.0)
(39.470917, 28.431776, 0.0)
(39.482330, 28.434095, 0.0)
(39.478844, 28.406017, 0.0)
(39.471004, 28.373289, 0.0)
(39.432056, 28.361410, 0.0)
(39.434612, 28.347811, 0.0)
(39.442665, 28.322611, 0.0)
(39.421463, 28.258194, 0.0)
(39.427971, 28.194136, 0.0)
(39.422745, 28.152809, 0.0)
(39.428627, 28.140808, 0.0)
(39.381077, 28.123425, 0.0)
(39.375462, 28.109247, 0.0)
(39.333111, 28.149693, 0.0)
(39.313747, 28.138844, 0.0)
(39.289082, 28.124430, 0.0)
(39.294956, 28.131676, 0.0)
(39.258575, 28.129230, 0.0)
(39.252598, 28.140877, 0.0)
(39.202187, 28.149450, 0.0)
(39.271614, 28.146845, 0.0)
(39.193375, 28.160910, 0.0)
(39.160469, 28.363255, 0.0)
(39.721878, 30.672064, 0.0)
(39.627567, 31.516340, 0.0)
(39.563404, 31.541079, 0.0)
(39.568260, 31.502657, 0.0)
(39.563820, 31.502703, 0.0)
(39.558460, 31.498842, 0.0)
(39.567001, 31.440559, 0.0)
(39.580139, 31.583223, 0.0)
(39.543919, 31.936718, 0.0)
(39.542355, 31.995226, 0.0)
(39.528088, 32.000000, 0.0)
(39.505089, 31.933884, 0.0)
(39.499805, 31.914358, 0.0)
(39.475212, 31.943314, 0.0)
(39.478172, 31.921724, 0.0)
(39.456696, 31.945532, 0.0)
(39.463985, 31.974314, 0.0)
(39.446209, 32.004349, 0.0)
(39.408134, 31.935505, 0.0)
(39.420677, 31.913929, 0.0)
(39.396759, 31.950659, 0.0)
(39.404285, 31.914236, 0.0)
(39.379841, 31.972462, 0.0)
(39.373463, 31.998283, 0.0)
(39.385941, 32.025188, 0.0)
(39.392376, 32.006886, 0.0)
(39.368301, 32.018318, 0.0)
(39.372974, 32.016640, 0.0)
(39.343945, 32.007870, 0.0)
(39.351860, 32.001690, 0.0)
(39.347206, 32.003380, 0.0)
(39.342384, 32.001122, 0.0)
(39.343945, 32.007870, 0.0)
(39.335785, 31.994965, 0.0)
(39.359901, 31.974089, 0.0)
(39.383881, 31.909283, 0.0)
(35.770943, 28.915419, 0.0)
(32.272297, 28.139013, 0.0)
(31.732056, 28.313618, 0.0)
(31.647163, 28.315104, 0.0)
(31.642523, 28.326422, 0.0)
(31.500496, 28.245340, 0.0)
(31.305853, 28.091702, 0.0)
(31.292616, 28.079159, 0.0)
(31.258070, 28.100204, 0.0)
(31.270554, 28.049314, 0.0)
(31.263044, 28.038706, 0.0)
(31.263044, 28.038706, 0.0)
(31.250336, 28.068329, 0.0)
(31.248072, 28.087872, 0.0)
(31.249184, 28.119730, 0.0)
(31.233187, 28.140848, 0.0)
(31.244146, 28.108763, 0.0)
(31.228394, 28.074024, 0.0)
(31.245678, 28.077148, 0.0)
(31.238808, 28.078432, 0.0)
(31.217604, 28.097649, 0.0)
(31.228987, 28.109568, 0.0)
(31.216461, 28.143589, 0.0)
(31.245512, 28.125727, 0.0)
(31.231899, 28.104452, 0.0)
(31.180262, 28.095760, 0.0)
(31.217119, 28.080610, 0.0)
(31.221151, 28.090147, 0.0)
(31.214096, 28.116835, 0.0)
(31.241886, 28.156805, 0.0)
(31.240438, 28.156391, 0.0)
(31.243578, 28.168688, 0.0)
(31.238228, 28.141495, 0.0)
(31.222095, 28.144537, 0.0)
(31.218496, 28.091749, 0.0)
(31.205885, 28.108532, 0.0)
(31.219563, 28.075306, 0.0)
(31.195026, 28.097174, 0.0)
(33.216007, 26.040161, 0.0)
(35.856007, 24.899315, 0.0)
(36.104916, 24.979820, 0.0)
(36.086445, 25.008322, 0.0)
(36.096622, 24.994331, 0.0)
(36.402412, 24.624128, 0.0)
(36.414780, 24.486187, 0.0)
(36.409256, 24.454041, 0.0)
(36.397675, 24.446373, 0.0)
(36.372715, 24.448704, 0.0)
(36.392262, 24.438240, 0.0)
(36.387066, 24.440168, 0.0)
(36.372673, 24.467834, 0.0)
(36.368866, 24.459393, 0.0)
(36.346283, 24.455099, 0.0)
(36.318913, 24.464634, 0.0)
(36.357639, 24.480791, 0.0)
(36.253277, 24.460922, 0.0)
(35.409412, 24.399916, 0.0)
(35.355537, 24.430429, 0.0)
(35.359035, 24.425514, 0.0)
(35.334660, 24.405085, 0.0)
(35.311447, 24.371973, 0.0)
(35.315094, 24.367180, 0.0)
(35.343201, 24.373964, 0.0)
(35.362793, 24.399008, 0.0)
(35.331951, 24.395557, 0.0)
(35.307892, 24.422117, 0.0)
(35.297756, 24.422489, 0.0)
(35.311222, 24.429970, 0.0)
(35.288853, 24.453827, 0.0)
(35.322384, 24.431557, 0.0)
(35.268604, 24.406622, 0.0)
(35.274082, 24.410465, 0.0)
(35.270477, 24.404751, 0.0)
(35.262890, 24.427692, 0.0)
(35.257317, 24.451283, 0.0)
(32.417648, 24.537973, 0.0)
(28.852633, 25.125624, 0.0)
(27.409689, 25.509598, 0.0)
(27.310341, 25.539425, 0.0)
(27.254925, 25.527437, 0.0)
(27.233662, 25.519611, 0.0)
(27.233341, 25.499428, 0.0)
(27.220465, 25.506996, 0.0)
(27.183556, 25.411863, 0.0)
(27.193735, 25.394682, 0.0)
(27.209887, 25.376480, 0.0)
(27.215677, 25.415529, 0.0)
(27.225349, 25.362110, 0.0)
(27.159847, 25.325420, 0.0)
(27.169018, 25.331692, 0.0)
(27.175259, 25.322609, 0.0)
(27.364653, 25.183809, 0.0)
(27.742435, 25.074545, 0.0)
(27.793518, 25.083199, 0.0)
(27.828598, 25.082272, 0.0)
(27.824938, 25.093502, 0.0)
(27.827822, 25.066458, 0.0)
(27.839085, 25.051748, 0.0)
(27.816879, 25.053539, 0.0)
(27.824221, 25.065147, 0.0)
(27.812111, 25.088573, 0.0)
(27.808338, 25.116381, 0.0)
(27.810469, 25.114546, 0.0)
(27.848379, 25.126410, 0.0)
(27.866608, 25.110477, 0.0)
(27.841080, 25.115490, 0.0)
(27.862358, 25.081259, 0.0)
(27.834663, 25.092957, 0.0)
(27.841833, 25.069571, 0.0)
(27.853159, 25.050472, 0.0)
(27.848381, 25.059223, 0.0)
(27.866781, 25.070414, 0.0)
(27.862730, 25.071657, 0.0)
(28.091831, 25.314161, 0.0)
(28.940891, 26.918610, 0.0)
(28.917900, 27.144464, 0.0)
(28.868971, 27.195515, 0.0)
(28.865932, 27.215881, 0.0)
(28.536283, 27.797567, 0.0)
(25.962250, 27.913847, 0.0)
(24.665916, 27.246592, 0.0)
(24.577593, 27.015253, 0.0)
(24.553913, 26.973560, 0.0)
(24.453423, 26.960579, 0.0)
(23.989965, 26.698055, 0.0)
(23.915749, 26.688585, 0.0)
(23.907726, 26.703758, 0.0)
(23.890345, 26.732645, 0.0)
(23.916763, 26.701538, 0.0)
(23.869242, 26.682295, 0.0)
(23.874273, 26.695692, 0.0)
(23.843575, 26.675451, 0.0)
(23.845188, 26.669107, 0.0)
(23.832783, 26.692698, 0.0)
(23.876139, 26.725441, 0.0)
(23.843386, 26.737881, 0.0)
(23.864828, 26.734911, 0.0)
(23.858629, 26.742857, 0.0)
(23.867065, 26.757219, 0.0)
(23.862160, 26.770559, 0.0)
(23.856428, 26.714140, 0.0)
(23.857805, 26.748333, 0.0)
(23.860010, 26.755245, 0.0)
(23.891541, 26.755804, 0.0)
(23.863327, 26.770597, 0.0)
(23.900169, 26.794424, 0.0)
(23.879606, 26.813961, 0.0)
(23.865274, 26.838228, 0.0)
(23.886015, 26.875034, 0.0)
(23.907515, 26.883131, 0.0)
(23.917603, 26.864796, 0.0)
(25.354382, 26.662828, 0.0)
(26.505543, 27.061804, 0.0)
(26.599842, 27.130043, 0.0)
(26.601223, 27.094196, 0.0)
(26.640827, 27.123404, 0.0)
(28.644896, 29.162960, 0.0)
(31.494898, 31.461887, 0.0)
(31.971453, 31.845718, 0.0)
(32.013336, 31.828310, 0.0)
(31.950617, 31.856895, 0.0)
(31.934853, 31.837059, 0.0)
(31.954784, 31.854652, 0.0)
(31.928150, 31.867243, 0.0)
(31.912289, 31.851912, 0.0)
(31.908716, 31.849350, 0.0)
(32.100327, 31.887754, 0.0)
(35.273399, 32.509892, 0.0)
(37.082821, 32.791000, 0.0)
(37.107597, 32.829235, 0.0)
(37.071796, 32.803238, 0.0)
(37.052662, 32.787373, 0.0)
(37.053612, 32.780930, 0.0)
(37.080753, 32.771309, 0.0)
(37.038818, 32.721340, 0.0)
(37.055023, 32.705944, 0.0)
(36.986595, 32.686600, 0.0)
(37.032284, 32.690056, 0.0)
(36.590271, 32.484581, 0.0)
(32.816639, 30.833477, 0.0)
(31.941675, 30.266205, 0.0)
(31.866486, 30.230791, 0.0)
(31.819151, 30.242908, 0.0)
(31.811716, 30.229897, 0.0)
(31.826658, 30.213911, 0.0)
(31.791769, 30.208015, 0.0)
(31.847357, 30.185270, 0.0)
(31.862333, 30.190599, 0.0)
(28.481955, 30.404600, 0.0)
(25.543669, 31.489973, 0.0)
(24.647322, 31.951017, 0.0)
(24.601776, 31.963305, 0.0)
(24.500727, 31.885500, 0.0)
(24.509869, 31.837889, 0.0)
(24.505951, 31.823429, 0.0)
(24.485624, 31.811550, 0.0)
(24.512959, 31.861845, 0.0)
(24.472956, 31.892904, 0.0)
(24.516298, 31.900185, 0.0)
(24.508671, 31.893900, 0.0)
(24.519310, 31.870171, 0.0)
(24.492155, 31.837362, 0.0)
(24.495361, 31.846659, 0.0)
(24.467188, 31.814932, 0.0)
(24.470549, 31.810720, 0.0)
(24.482733, 31.827873, 0.0)
(24.480719, 31.855339, 0.0)
(24.505589, 31.861881, 0.0)
(24.510046, 31.883785, 0.0)
(24.526892, 31.877380, 0.0)
(24.479345, 31.849443, 0.0)
(24.512175, 31.796270, 0.0)
(24.499018, 31.803823, 0.0)
(24.503672, 31.755272, 0.0)
(24.490173, 31.736332, 0.0)
(24.524349, 31.757597, 0.0)
(24.535397, 31.765545, 0.0)
(24.552536, 31.766506, 0.0)
(24.557985, 31.773932, 0.0)
(24.565907, 31.758026, 0.0)
(24.564442, 31.752451, 0.0)
(24.583153, 31.737875, 0.0)
(24.593346, 31.730223, 0.0)
(24.549994, 31.704330, 0.0)
(24.600441, 31.702524, 0.0)
(24.357811, 30.482780, 0.0)
(23.760824, 27.397520, 0.0)
(23.427959, 26.957834, 0.0)
(23.385874, 26.952997, 0.0)
(23.334082, 26.937994, 0.0)
(23.030689, 27.090004, 0.0)
(22.871721, 27.127245, 0.0)
(22.798996, 27.149061, 0.0)
(22.773121, 27.145514, 0.0)
(22.782919, 27.141361, 0.0)
(22.777662, 27.114395, 0.0)
(22.774933, 27.121204, 0.0)
(22.759720, 27.115141, 0.0)
(22.767508, 27.102835, 0.0)
(22.773777, 27.105997, 0.0)
(22.768436, 27.095659, 0.0)
(22.773350, 27.096355, 0.0)
(22.767593, 27.114693, 0.0)
(22.767508, 27.102835, 0.0)
(22.774933, 27.121204, 0.0)
(22.777800, 27.126284, 0.0)
(22.775297, 27.082752, 0.0)
(22.782675, 27.040480, 0.0)
(22.774687, 27.047926, 0.0)
(22.762730, 27.060600, 0.0)
(22.769991, 27.068480, 0.0)
(22.762730, 27.060600, 0.0)
(22.784231, 27.058039, 0.0)
(22.782274, 27.067156, 0.0)
(22.796373, 27.043848, 0.0)
(22.783863, 27.069944, 0.0)
(22.839283, 27.055895, 0.0)
(22.877480, 27.081749, 0.0)
(22.867725, 27.072741, 0.0)
(22.915815, 27.081007, 0.0)
(22.905300, 27.094177, 0.0)
(22.927444, 27.118422, 0.0)
(22.918982, 27.140301, 0.0)
(26.381590, 26.315413, 0.0)
(30.639717, 27.170263, 0.0)
(34.007244, 28.249025, 0.0)
(36.655159, 29.555408, 0.0)
(38.096725, 30.868401, 0.0)
(38.338993, 31.304724, 0.0)
(38.334656, 31.243595, 0.0)
(38.392670, 31.254572, 0.0)
(39.375870, 31.523239, 0.0)
(39.349625, 31.535160, 0.0)
(39.359066, 31.514044, 0.0)
(39.287613, 31.550453, 0.0)
(39.276348, 31.569639, 0.0)
(39.276348, 31.569639, 0.0)
(39.275936, 31.535223, 0.0)
(39.256832, 31.536278, 0.0)
(39.255283, 31.561226, 0.0)
(39.239853, 31.562910, 0.0)
(39.237850, 31.551250, 0.0)
(39.226486, 31.550922, 0.0)
(39.221001, 31.549633, 0.0)
(39.217991, 31.560511, 0.0)
(39.219902, 31.515713, 0.0)
(39.227726, 31.477795, 0.0)
(39.201115, 31.486223, 0.0)
(39.205448, 31.468960, 0.0)
(39.193020, 31.484568, 0.0)
(39.213482, 31.420263, 0.0)
(36.927830, 30.732378, 0.0)
(36.081360, 30.314516, 0.0)
(36.040340, 30.275377, 0.0)
(36.074085, 30.229788, 0.0)
(36.088375, 30.231066, 0.0)
(36.118744, 30.253454, 0.0)
(36.108887, 30.243788, 0.0)
(36.079182, 30.269606, 0.0)
(36.035446, 30.332031, 0.0)
(36.054249, 30.335682, 0.0)
(36.849422, 29.065088, 0.0)
(38.623550, 26.704903, 0.0)
(38.710018, 25.998718, 0.0)
(38.542477, 25.978544, 0.0)
(38.494026, 25.943249, 0.0)
(38.399792, 25.558279, 0.0)
(38.316422, 25.397326, 0.0)
(38.274456, 25.338776, 0.0)
(38.266102, 25.316088, 0.0)
(38.247128, 25.260452, 0.0)
(38.250481, 25.196337, 0.0)
(38.250481, 25.196337, 0.0)
(38.353977, 25.227839, 0.0)
(38.342026, 25.180437, 0.0)
(38.307076, 25.130997, 0.0)
(38.313095, 25.144106, 0.0)
(38.312481, 25.136738, 0.0)
(38.263065, 25.179701, 0.0)
(38.286808, 25.167210, 0.0)
(38.241142, 25.207602, 0.0)
(38.245655, 25.190231, 0.0)
(38.225178, 25.205719, 0.0)
(38.184631, 25.094736, 0.0)
(38.172359, 25.104895, 0.0)
(38.133224, 25.056381, 0.0)
(38.133224, 25.056381, 0.0)
(38.124195, 25.047873, 0.0)
(37.692066, 24.989882, 0.0)
(34.711353, 24.794918, 0.0)
(34.394203, 24.769665, 0.0)
(34.373158, 24.730822, 0.0)
(34.429092, 24.692652, 0.0)
(34.413353, 24.654659, 0.0)
(34.477810, 24.637325, 0.0)
(34.502766, 24.611622, 0.0)
(34.498116, 24.613775, 0.0)
(31.393847, 24.832039, 0.0)
(27.987991, 25.877161, 0.0)
(27.442951, 26.151623, 0.0)
(27.347494, 26.167933, 0.0)
(27.309208, 26.152975, 0.0)
(27.227230, 26.141832, 0.0)
(27.173399, 26.169445, 0.0)
(27.161743, 26.169012, 0.0)
(27.184267, 26.158794, 0.0)
(27.191906, 26.166512, 0.0)
(27.176373, 26.200905, 0.0)
(27.198277, 26.211958, 0.0)
(27.200144, 26.252064, 0.0)
(27.209871, 26.287571, 0.0)
(27.200888, 26.269897, 0.0)
(27.231480, 26.263372, 0.0)
(27.221292, 26.293810, 0.0)
(27.211594, 26.307837, 0.0)
(27.241596, 26.280714, 0.0)
(27.236015, 26.266642, 0.0)
(28.205879, 25.901508, 0.0)
(28.274664, 25.866369, 0.0)
(28.272991, 25.844950, 0.0)
(28.257614, 25.825691, 0.0)
(28.252441, 25.850899, 0.0)
(28.251135, 25.867304, 0.0)
(28.234800, 25.857315, 0.0)
(28.266516, 25.853039, 0.0)
(28.234156, 25.883636, 0.0)
(28.239483, 25.818678, 0.0)
(28.255573, 25.799999, 0.0)
(28.235777, 25.804674, 0.0)
(28.237688, 25.765743, 0.0)
(28.234802, 25.746950, 0.0)
(28.252638, 25.701546, 0.0)
(28.241760, 25.690149, 0.0)
(28.802237, 25.718479, 0.0)
(30.828390, 26.020237, 0.0)
(30.947117, 26.001371, 0.0)
(30.917490, 25.890814, 0.0)
(31.283792, 26.841600, 0.0)
(31.272026, 26.927843, 0.0)
(31.276249, 26.854736, 0.0)
(31.266468, 26.855633, 0.0)
(31.291920, 26.850227, 0.0)
(31.293032, 26.880762, 0.0)
(31.298607, 26.889580, 0.0)
(31.496429, 26.968353, 0.0)
(31.515104, 26.999508, 0.0)
(31.494596, 27.018358, 0.0)
(31.498325, 27.029236, 0.0)
(31.505728, 27.046717, 0.0)
(31.451618, 27.067772, 0.0)
(31.436758, 27.066301, 0.0)
(31.446844, 27.042761, 0.0)
(31.442606, 27.039198, 0.0)
(31.445801, 27.016573, 0.0)
(31.439709, 27.008705, 0.0)
(31.411814, 27.004076, 0.0)
(31.409975, 27.009003, 0.0)
(31.402901, 27.014545, 0.0)
(31.399027, 27.039951, 0.0)
(31.393280, 27.068184, 0.0)
(31.394073, 27.050549, 0.0)
(31.129896, 27.210831, 0.0)
(31.076982, 27.200245, 0.0)
(31.090620, 27.196568, 0.0)
(31.076982, 27.200245, 0.0)
(31.093458, 27.204144, 0.0)
(31.091627, 27.210968, 0.0)
(31.055119, 27.257177, 0.0)
(31.068893, 27.257990, 0.0)
(31.052069, 27.229490, 0.0)
(31.061281, 27.225975, 0.0)
(31.088202, 27.213997, 0.0)
(30.331797, 27.667416, 0.0)
(27.137127, 29.526718, 0.0)
(26.142351, 30.397923, 0.0)
(26.011429, 30.520275, 0.0)
(25.955849, 30.534330, 0.0)
(25.913273, 30.546585, 0.0)
(25.908604, 30.543552, 0.0)
(25.871498, 30.541412, 0.0)
(25.895607, 30.526779, 0.0)
(25.897705, 30.525408, 0.0)
(25.873182, 30.538462, 0.0)
(25.882000, 30.557833, 0.0)
(25.865063, 30.602818, 0.0)
(25.853951, 30.529230, 0.0)
(25.869249, 30.526735, 0.0)
(25.853298, 30.537401, 0.0)
(26.342180, 30.179771, 0.0)
(26.411926, 30.137651, 0.0)
(26.406750, 30.181585, 0.0)
(26.406750, 30.181585, 0.0)
(26.408461, 30.167282, 0.0)
(26.392069, 30.148684, 0.0)
(26.401676, 30.200642, 0.0)
(25.808550, 30.324532, 0.0)
(25.758923, 30.399202, 0.0)
(25.757027, 30.385738, 0.0)
(25.754435, 30.398939, 0.0)
(25.751518, 30.378004, 0.0)
(25.756145, 30.375698, 0.0)
(25.760782, 30.391058, 0.0)
(25.783850, 30.350983, 0.0)
(25.743767, 30.332941, 0.0)
(25.732744, 30.351467, 0.0)
(25.721123, 30.348179, 0.0)
(25.723125, 30.353947, 0.0)
(25.757225, 30.353979, 0.0)
(25.758339, 30.357180, 0.0)
(25.756823, 30.335251, 0.0)
(25.610790, 30.701754, 0.0)
(24.487110, 32.911144, 0.0)
(24.163378, 33.850361, 0.0)
(24.187294, 34.158623, 0.0)
(24.075274, 34.110519, 0.0)
(24.031694, 34.190495, 0.0)
(23.977133, 34.209435, 0.0)
(23.923456, 34.176380, 0.0)
(23.913897, 34.159466, 0.0)
(23.920036, 34.164474, 0.0)
(23.937664, 34.159653, 0.0)
(23.895809, 34.200066, 0.0)
(23.915270, 34.577736, 0.0)
(23.911545, 34.614746, 0.0)
(23.907515, 34.603588, 0.0)
(23.907804, 34.547718, 0.0)
(23.913673, 34.561977, 0.0)
(23.929041, 34.571884, 0.0)
(23.900127, 34.586502, 0.0)
(23.925112, 34.592785, 0.0)
(23.943388, 34.538254, 0.0)
(23.918312, 34.582989, 0.0)
(23.992012, 34.587414, 0.0)
(23.963850, 34.566250, 0.0)
(23.813780, 34.684406, 0.0)
(23.726213, 34.725555, 0.0)
(23.792543, 34.790684, 0.0)
(23.750713, 34.706562, 0.0)
(23.746950, 34.692307, 0.0)
(23.703527, 34.697914, 0.0)
(23.703527, 34.697914, 0.0)
(23.720259, 34.676414, 0.0)
(23.690800, 34.690735, 0.0)
(23.703527, 34.697914, 0.0)
(23.692646, 34.673344, 0.0)
(23.705914, 34.679134, 0.0)
(23.711937, 34.627522, 0.0)
(23.732302, 34.609455, 0.0)
(23.684952, 34.516361, 0.0)
(23.704662, 34.518974, 0.0)
(23.684952, 34.516361, 0.0)
(23.735174, 34.575447, 0.0)
(24.584236, 33.702606, 0.0)
(27.442696, 30.603714, 0.0)
(30.408024, 28.326550, 0.0)
(33.005932, 27.240664, 0.0)
(35.056190, 26.722662, 0.0)
(35.480106, 26.758080, 0.0)
(35.501595, 26.765091, 0.0)
(35.490475, 26.727066, 0.0)
(35.658611, 26.931120, 0.0)
(37.927670, 30.749626, 0.0)
(37.723534, 32.390060, 0.0)
(37.561054, 32.489025, 0.0)
(37.445801, 32.385765, 0.0)
(37.454857, 32.361553, 0.0)
(37.458622, 32.347668, 0.0)
(37.442287, 32.336361, 0.0)
(37.368702, 32.350353, 0.0)
(37.394806, 32.339996, 0.0)
(37.365246, 32.341347, 0.0)
(37.345943, 32.367367, 0.0)
(37.342503, 32.419559, 0.0)
(37.375362, 32.419590, 0.0)
(37.331120, 32.382149, 0.0)
(37.311844, 32.396183, 0.0)
(37.310032, 32.384918, 0.0)
(37.312801, 32.331036, 0.0)
(37.312519, 32.315327, 0.0)
(37.316654, 32.322826, 0.0)
(35.332352, 31.031088, 0.0)
(32.512859, 29.307173, 0.0)
(31.552757, 28.665442, 0.0)
(31.469229, 28.600452, 0.0)
(31.440962, 28.572605, 0.0)
(31.461840, 28.538984, 0.0)
(31.441910, 28.538343, 0.0)
(31.447943, 28.547194, 0.0)
(31.423325, 28.564947, 0.0)
(31.438141, 28.576223, 0.0)
(31.458143, 28.592459, 0.0)
(31.408527, 28.598644, 0.0)
(31.438635, 28.548599, 0.0)
(31.452572, 28.547680, 0.0)
(31.410492, 28.574516, 0.0)
(31.412569, 28.590607, 0.0)
(31.431501, 28.605766, 0.0)
(31.411957, 28.608955, 0.0)
(31.445087, 28.604551, 0.0)
(31.411957, 28.608955, 0.0)
(31.398758, 28.605452, 0.0)
(31.431410, 28.618456, 0.0)
(31.386496, 28.595098, 0.0)
(32.059071, 28.820663, 0.0)
(33.529003, 28.840950, 0.0)
(33.620022, 28.925781, 0.0)
(33.623146, 28.943552, 0.0)
(33.612328, 28.938602, 0.0)
(33.630436, 28.935162, 0.0)
(33.676891, 28.900618, 0.0)
(33.642124, 28.819765, 0.0)
(33.637539, 28.789141, 0.0)
(33.779198, 30.015493, 0.0)
(33.689648, 30.124901, 0.0)
(33.648102, 30.138000, 0.0)
(33.396618, 31.921185, 0.0)
(33.329720, 32.044109, 0.0)
(33.287327, 32.031414, 0.0)
(33.247150, 32.090584, 0.0)
(33.254017, 32.051170, 0.0)
(33.272625, 32.081921, 0.0)
(33.224319, 32.074650, 0.0)
(33.300858, 32.083332, 0.0)
(33.259415, 32.103745, 0.0)
(29.918205, 30.162218, 0.0)
(26.430174, 29.006752, 0.0)
(24.561724, 29.158735, 0.0)
(24.407101, 29.117243, 0.0)
(24.347958, 29.049181, 0.0)
(24.294159, 28.991682, 0.0)
(24.039864, 28.682228, 0.0)
(24.014723, 28.611797, 0.0)
(23.956141, 28.602270, 0.0)
(23.954638, 28.601904, 0.0)
(23.950659, 28.611557, 0.0)
(23.966459, 28.586470, 0.0)
(23.954647, 28.601183, 0.0)
(23.962330, 28.574860, 0.0)
(23.961220, 28.568291, 0.0)
(23.973063, 28.566990, 0.0)
(23.978819, 28.595757, 0.0)
(23.967901, 28.640144, 0.0)
(23.979099, 28.664530, 0.0)
(23.944000, 28.690474, 0.0)
(23.951212, 28.714750, 0.0)
(23.945578, 28.702879, 0.0)
(23.935261, 28.694265, 0.0)
(23.979567, 28.638569, 0.0)
(23.914839, 28.640724, 0.0)
(23.939756, 28.643049, 0.0)
(23.926580, 28.649168, 0.0)
(23.951616, 28.628490, 0.0)
(23.928495, 28.654701, 0.0)
(23.955059, 28.636475, 0.0)
(23.936565, 28.614082, 0.0)
(23.924950, 28.619564, 0.0)
(23.942225, 28.590914, 0.0)
(23.942606, 28.592253, 0.0)
(23.934048, 28.597082, 0.0)
(23.952234, 28.607132, 0.0)
(24.025978, 28.625568, 0.0)
(28.107767, 28.826559, 0.0)
(32.013279, 30.738514, 0.0)
(34.602375, 32.870255, 0.0)
(35.170372, 33.899960, 0.0)
(35.247166, 33.914249, 0.0)
(35.299332, 33.908634, 0.0)
(35.260822, 33.882034, 0.0)
(35.241112, 33.854584, 0.0)
(35.200356, 33.868279, 0.0)
(35.198895, 33.880825, 0.0)
(35.192875, 33.890079, 0.0)
(35.192562, 33.907475, 0.0)
(35.178497, 33.896168, 0.0)
(35.212090, 33.852276, 0.0)
(35.242783, 33.821373, 0.0)
(35.216820, 33.817657, 0.0)
(35.219788, 33.816303, 0.0)
(35.153004, 33.867924, 0.0)
(35.181442, 33.812035, 0.0)
(35.169968, 33.810436, 0.0)
(35.165924, 33.775944, 0.0)
(34.591084, 33.466618, 0.0)
(32.438038, 32.233086, 0.0)
(31.526089, 32.083015, 0.0)
(31.453997, 32.062153, 0.0)
(31.409748, 32.101681, 0.0)
(31.395718, 32.089161, 0.0)
(31.445087, 32.058266, 0.0)
(31.401201, 32.080032, 0.0)
(31.413395, 32.086929, 0.0)
(31.412388, 32.061005, 0.0)
(31.408781, 32.020409, 0.0)
(31.361788, 32.019970, 0.0)
(31.327078, 32.167831, 0.0)
(31.402691, 32.088493, 0.0)
(31.340221, 32.147694, 0.0)
(31.341806, 32.152973, 0.0)
(27.831059, 31.072393, 0.0)
(25.019775, 30.595896, 0.0)
(23.848246, 30.632534, 0.0)
(23.712933, 30.642292, 0.0)
(23.646154, 30.611237, 0.0)
(23.522577, 30.652128, 0.0)
(22.955809, 30.866997, 0.0)
(22.910475, 30.927830, 0.0)
(22.917995, 30.922438, 0.0)
(22.866711, 31.014349, 0.0)
(22.780245, 31.087179, 0.0)
(22.802616, 31.071760, 0.0)
(22.835934, 30.976088, 0.0)
(22.787342, 30.953003, 0.0)
(22.841276, 30.931704, 0.0)
(22.782555, 30.941538, 0.0)
(22.840685, 30.938192, 0.0)
(22.882200, 31.002123, 0.0)
(22.853117, 31.026253, 0.0)
(22.807884, 31.023060, 0.0)
(22.801516, 31.034658, 0.0)
(22.844738, 31.021833, 0.0)
(22.829092, 31.020794, 0.0)
(22.794004, 31.007761, 0.0)
(22.824638, 30.955566, 0.0)
(22.782684, 30.936615, 0.0)
(22.775076, 30.887428, 0.0)
(22.774210, 30.894743, 0.0)
(22.758827, 30.912230, 0.0)
(22.764511, 30.863237, 0.0)
(22.764950, 30.869980, 0.0)
(22.760038, 30.881960, 0.0)
(22.764950, 30.869980, 0.0)
(22.766510, 30.955238, 0.0)
(22.777275, 30.984339, 0.0)
(22.782619, 30.976664, 0.0)
(23.722544, 30.915823, 0.0)
(24.060383, 30.920280, 0.0)
(24.044735, 30.921635, 0.0)
(24.050995, 30.830526, 0.0)
(24.024334, 30.886810, 0.0)
(23.973246, 31.103094, 0.0)
(24.006229, 31.156912, 0.0)
(23.957733, 31.149275, 0.0)
(23.964911, 31.175682, 0.0)
(24.286196, 31.205082, 0.0)
(24.341791, 31.286739, 0.0)
(24.318832, 31.294598, 0.0)
(24.273298, 31.218180, 0.0)
(24.246038, 31.168278, 0.0)
(24.234913, 31.171133, 0.0)
(24.058321, 31.327209, 0.0)
(24.010712, 31.277300, 0.0)
(23.987740, 31.200001, 0.0)
(24.001497, 31.237627, 0.0)
(24.021866, 31.240549, 0.0)
(24.052046, 31.241749, 0.0)
(24.047344, 31.316729, 0.0)
(24.064072, 31.333704, 0.0)
(24.095741, 31.336327, 0.0)
(24.079327, 31.355097, 0.0)
(24.087305, 31.326210, 0.0)
(24.061302, 31.310871, 0.0)
(24.103127, 31.247635, 0.0)
(24.107384, 31.244030, 0.0)
(24.090620, 31.243769, 0.0)
(24.126188, 31.279270, 0.0)
(24.105724, 31.318735, 0.0)
(24.119534, 31.310562, 0.0)
(24.127216, 31.244175, 0.0)
(24.112438, 31.238382, 0.0)
(24.145784, 31.221951, 0.0)
(24.129122, 31.253517, 0.0)
(24.106901, 31.275490, 0.0)
(26.228697, 30.546694, 0.0)
(30.667835, 29.567884, 0.0)
(33.752506, 29.687828, 0.0)
(34.399883, 29.812290, 0.0)
(34.571541, 29.792952, 0.0)
(34.594837, 29.771162, 0.0)
(34.615696, 29.707598, 0.0)
(34.986530, 29.723341, 0.0)
(35.024441, 29.715519, 0.0)
(35.001278, 29.739414, 0.0)
(34.990986, 29.760937, 0.0)
(35.023121, 29.753296, 0.0)
(34.994167, 29.735159, 0.0)
(34.990578, 29.725449, 0.0)
(34.995422, 29.750505, 0.0)
(34.987862, 29.756060, 0.0)
(34.989357, 29.718475, 0.0)
(34.814537, 29.721237, 0.0)
(34.814171, 29.768978, 0.0)
(34.861454, 29.734550, 0.0)
(34.862713, 29.764559, 0.0)
(34.855492, 29.774155, 0.0)
(34.874874, 29.771757, 0.0)
(34.864716, 29.754156, 0.0)
(34.860294, 29.757954, 0.0)
(34.839378, 29.757545, 0.0)
(34.794472, 29.786554, 0.0)
(34.864437, 29.755507, 0.0)
(34.847389, 29.774279, 0.0)
(34.802799, 29.760647, 0.0)
(34.835571, 29.749544, 0.0)
(34.782043, 29.740826, 0.0)
(34.783134, 29.709496, 0.0)
(34.785065, 29.726736, 0.0)
(34.795910, 29.702789, 0.0)
(34.801434, 29.737860, 0.0)
(34.809700, 29.728922, 0.0)
(34.799026, 29.759525, 0.0)
(34.798649, 29.744385, 0.0)
(33.757225, 30.071192, 0.0)
(29.974447, 30.873291, 0.0)
(27.279978, 32.474957, 0.0)
(25.480667, 33.909485, 0.0)
(24.499224, 34.823490, 0.0)
(24.321253, 34.884167, 0.0)
(24.303329, 34.781849, 0.0)
(24.088964, 35.193752, 0.0)
(24.079052, 35.605618, 0.0)
(24.056267, 35.530430, 0.0)
(24.059191, 35.586460, 0.0)
(24.079338, 35.864857, 0.0)
(24.078962, 35.896080, 0.0)
(24.080431, 35.910461, 0.0)
(24.065691, 35.913731, 0.0)
(24.082396, 36.010628, 0.0)
(24.078539, 36.027767, 0.0)
(24.056383, 35.998379, 0.0)
(24.050299, 36.015114, 0.0)
(24.092180, 36.019070, 0.0)
(24.072443, 36.016003, 0.0)
(24.028093, 35.909168, 0.0)
(24.041149, 36.003128, 0.0)
(24.014322, 36.202587, 0.0)
(24.001228, 36.117088, 0.0)
(24.055111, 36.168316, 0.0)
(24.029810, 36.130226, 0.0)
(24.072485, 36.112514, 0.0)
(24.013121, 36.184616, 0.0)
(25.140039, 35.515076, 0.0)
(25.111929, 35.578743, 0.0)
(25.102137, 35.584652, 0.0)
(25.084303, 35.579178, 0.0)
(25.100277, 35.590649, 0.0)
(25.124458, 35.586571, 0.0)
(25.032333, 35.527081, 0.0)
(25.087378, 35.506729, 0.0)
(25.409992, 35.271427, 0.0)
(29.769844, 32.823219, 0.0)
(33.425583, 31.218361, 0.0)
(36.139694, 30.678885, 0.0)
(37.123581, 30.602329, 0.0)
(37.244129, 30.643536, 0.0)
(37.221573, 30.651161, 0.0)
(37.519569, 30.722446, 0.0)
(38.110130, 31.082321, 0.0)
(38.162525, 31.088789, 0.0)
(38.148926, 31.116972, 0.0)
(38.176098, 31.058559, 0.0)
(38.201744, 31.046009, 0.0)
(38.177265, 31.049572, 0.0)
(38.157257, 31.055849, 0.0)
(38.060982, 31.214600, 0.0)
(38.082260, 31.306393, 0.0)
(38.079491, 31.290947, 0.0)
(38.073082, 31.287563, 0.0)
(38.051598, 31.315351, 0.0)
(38.057507, 31.275831, 0.0)
(38.060383, 31.271574, 0.0)
(38.061512, 31.318663, 0.0)
(38.070023, 31.296406, 0.0)
(38.013649, 31.243847, 0.0)
(38.018032, 31.243305, 0.0)
(38.000996, 31.200863, 0.0)
(37.999092, 31.211020, 0.0)
(37.986439, 31.215477, 0.0)
(37.996494, 31.259508, 0.0)
(38.007637, 31.212805, 0.0)
(37.992680, 31.237949, 0.0)
(38.020287, 31.219738, 0.0)
(38.010208, 31.220427, 0.0)
(38.044903, 31.209244, 0.0)
(38.033772, 31.221230, 0.0)
(38.062675, 31.181604, 0.0)
(34.969254, 32.107025, 0.0)
(33.337959, 33.047977, 0.0)
(33.193455, 33.084587, 0.0)
(33.201786, 33.042068, 0.0)
(33.171482, 33.033016, 0.0)
(33.410988, 33.168121, 0.0)
(33.425327, 33.172722, 0.0)
(33.369312, 33.198299, 0.0)
(33.406490, 33.227760, 0.0)
(33.414085, 33.202320, 0.0)
(33.404537, 33.271313, 0.0)
(33.399200, 33.198242, 0.0)
(33.394123, 33.212170, 0.0)
(33.388321, 33.285118, 0.0)
(33.386108, 33.282734, 0.0)
(33.374153, 33.292889, 0.0)
(33.379971, 33.240692, 0.0)
(33.362137, 33.276154, 0.0)
(33.389294, 33.271667, 0.0)
(33.376266, 33.243889, 0.0)
(33.393627, 33.232731, 0.0)
(33.434402, 33.196106, 0.0)
(33.445087, 33.220909, 0.0)
(33.452629, 33.184052, 0.0)
(33.442596, 33.116398, 0.0)
(33.463280, 33.143799, 0.0)
(33.458290, 33.131912, 0.0)
(33.439362, 33.127209, 0.0)
(33.444084, 33.117191, 0.0)
(33.433453, 33.110260, 0.0)
(33.432865, 33.080971, 0.0)
(33.415279, 33.034939, 0.0)
(33.461212, 32.978828, 0.0)
(33.460674, 32.926964, 0.0)
(33.450161, 32.917072, 0.0)
(33.446445, 32.915466, 0.0)
(33.444523, 32.887054, 0.0)
(33.421844, 32.827835, 0.0)
(33.376320, 32.825626, 0.0)
(34.524746, 32.392536, 0.0)
(37.395279, 31.024126, 0.0)
(38.840439, 30.341017, 0.0)
(39.080944, 30.326771, 0.0)
(39.047642, 30.394690, 0.0)
(39.092289, 30.397234, 0.0)
(39.455002, 30.363335, 0.0)
(39.471897, 30.369350, 0.0)
(39.470737, 30.367308, 0.0)
(39.462200, 30.388371, 0.0)
(39.435394, 30.394840, 0.0)
(39.428379, 30.389927, 0.0)
(39.417267, 30.360975, 0.0)
(39.434151, 30.312160, 0.0)
(39.437702, 30.327085, 0.0)
(39.393814, 30.376312, 0.0)
(39.380154, 30.337555, 0.0)
(39.377037, 30.267595, 0.0)
(39.322441, 30.225018, 0.0)
(39.289005, 30.155205, 0.0)
(39.291481, 30.112106, 0.0)
(39.285896, 30.073248, 0.0)
(39.262703, 30.075926, 0.0)
(39.280144, 30.046957, 0.0)
(39.262348, 30.029072, 0.0)
(39.275105, 30.038126, 0.0)
(39.297722, 29.991520, 0.0)
(39.279934, 29.968946, 0.0)
(39.265110, 29.933117, 0.0)
(39.282158, 29.933573, 0.0)
(39.286648, 29.936804, 0.0)
(39.269234, 29.865303, 0.0)
(39.246155, 29.803774, 0.0)
(39.193516, 29.834082, 0.0)
(39.187065, 29.900557, 0.0)
(39.261223, 29.870592, 0.0)
(34.903378, 28.599314, 0.0)
(31.028631, 28.369591, 0.0)
(29.344536, 28.678198, 0.0)
(29.263838, 28.692568, 0.0)
(29.250046, 28.668480, 0.0)
(29.169710, 28.664049, 0.0)
(29.182835, 28.769169, 0.0)
(29.141087, 28.855139, 0.0)
(29.173931, 28.865641, 0.0)
(29.159372, 28.919659, 0.0)
(29.189945, 28.908766, 0.0)
(29.158859, 28.875666, 0.0)
(29.194307, 28.850945, 0.0)
(29.157455, 28.833805, 0.0)
(29.169186, 28.804319, 0.0)
(29.204397, 28.796621, 0.0)
(29.206791, 28.816540, 0.0)
(29.202312, 28.813187, 0.0)
(29.197632, 28.796547, 0.0)
(29.189861, 28.800997, 0.0)
(29.189499, 28.778355, 0.0)
(29.210083, 28.776508, 0.0)
(29.157042, 28.774143, 0.0)
(29.190386, 28.746624, 0.0)
(29.199507, 28.788157, 0.0)
(29.161421, 28.801044, 0.0)
(29.193419, 28.768442, 0.0)
(29.164566, 28.757923, 0.0)
(29.177984, 28.760401, 0.0)
(29.151445, 28.766121, 0.0)
(29.152493, 28.744762, 0.0)
(29.158468, 28.775547, 0.0)
(29.147551, 28.811876, 0.0)
(29.176970, 28.769903, 0.0)
(29.157652, 28.813585, 0.0)
(29.159576, 28.789181, 0.0)
(29.167088, 28.808811, 0.0)
(28.995052, 28.794456, 0.0)
(26.685282, 27.282541, 0.0)
(25.792671, 26.984459, 0.0)
(25.737141, 26.958197, 0.0)
(25.669930, 27.033953, 0.0)
(25.642763, 27.040365, 0.0)
(25.620329, 27.022696, 0.0)
(25.595434, 27.030420, 0.0)
(25.541584, 27.056829, 0.0)
(25.511820, 27.077553, 0.0)
(25.522682, 27.075026, 0.0)
(25.485638, 27.086920, 0.0)
(25.532242, 27.089678, 0.0)
(25.535139, 27.093546, 0.0)
(25.516859, 27.148718, 0.0)
(25.524075, 27.136206, 0.0)
(25.525524, 27.106720, 0.0)
(25.530403, 27.108747, 0.0)
(25.529446, 27.116753, 0.0)
(25.530931, 27.138462, 0.0)
(25.539860, 27.128918, 0.0)
(25.530931, 27.138462, 0.0)
(25.511591, 27.102730, 0.0)
(25.508923, 27.134449, 0.0)
(25.491236, 27.145336, 0.0)
(25.485188, 27.137287, 0.0)
(25.485691, 27.164116, 0.0)
(25.471169, 27.171803, 0.0)
(25.497746, 27.173273, 0.0)
(25.428709, 27.182692, 0.0)
(25.525032, 27.121204, 0.0)
(25.441467, 27.129137, 0.0)
(25.471691, 27.140488, 0.0)
(25.453131, 27.144447, 0.0)
(25.460783, 27.179850, 0.0)
(25.457573, 27.201231, 0.0)
(25.444641, 27.185207, 0.0)
(25.520788, 27.173067, 0.0)
(25.426643, 27.183399, 0.0)
(26.268728, 27.301531, 0.0)
(30.411755, 29.150583, 0.0)
(33.250858, 31.762024, 0.0)
(34.916298, 33.773827, 0.0)
(35.151253, 34.157265, 0.0)
(35.143250, 34.173523, 0.0)
(35.143559, 34.196384, 0.0)
(35.414482, 34.975452, 0.0)
(35.366280, 35.154465, 0.0)
(35.363976, 35.211803, 0.0)
(35.358494, 35.203072, 0.0)
(35.359547, 35.198696, 0.0)
(35.331772, 35.241390, 0.0)
(35.324184, 35.358524, 0.0)
(35.380878, 35.409000, 0.0)
(35.496746, 35.494122, 0.0)
(35.474255, 35.494213, 0.0)
(35.467369, 35.397736, 0.0)
(35.459774, 35.210838, 0.0)
(35.445553, 35.144455, 0.0)
(35.417980, 35.163265, 0.0)
(35.384075, 35.300049, 0.0)
(35.355816, 35.355106, 0.0)
(35.153591, 35.345436, 0.0)
(35.149155, 35.226276, 0.0)
(35.077274, 35.240246, 0.0)
(35.104309, 35.249619, 0.0)
(35.083336, 35.218605, 0.0)
(35.133091, 35.191643, 0.0)
(35.251949, 35.172176, 0.0)
(35.316753, 35.081440, 0.0)
(35.315884, 35.086914, 0.0)
(35.305252, 35.107456, 0.0)
(35.298092, 35.066479, 0.0)
(35.327736, 35.052155, 0.0)
(35.271748, 35.045582, 0.0)
(35.286568, 35.117290, 0.0)
(37.234341, 32.791340, 0.0)
(39.013058, 31.566044, 0.0)
(39.341297, 31.463434, 0.0)
(39.370331, 31.474239, 0.0)
(39.366940, 31.430864, 0.0)
(39.461254, 31.446154, 0.0)
(39.444424, 31.473827, 0.0)
(39.435158, 31.471449, 0.0)
(39.477467, 31.256483, 0.0)
(39.475567, 31.243341, 0.0)
(39.470310, 31.202543, 0.0)
(39.458939, 31.149887, 0.0)
(39.474247, 31.133497, 0.0)
(39.454453, 31.150270, 0.0)
(39.476425, 31.111021, 0.0)
(39.461300, 31.074526, 0.0)
(39.474201, 31.103870, 0.0)
(39.474232, 31.119547, 0.0)
(39.465023, 31.121504, 0.0)
(39.457451, 31.086189, 0.0)
(39.432663, 31.081507, 0.0)
(39.437874, 31.023289, 0.0)
(39.381756, 31.075075, 0.0)
(39.379578, 31.068377, 0.0)
(39.340931, 31.042990, 0.0)
(39.362877, 31.042734, 0.0)
(39.335014, 31.053520, 0.0)
(39.369846, 31.036434, 0.0)
(39.324856, 31.013067, 0.0)
(39.335411, 31.050213, 0.0)
(39.324501, 31.042473, 0.0)
(39.276901, 30.955214, 0.0)
(39.286686, 30.934135, 0.0)
(39.230690, 30.958818, 0.0)
(39.229633, 30.946905, 0.0)
(39.223560, 30.977325, 0.0)
(39.218933, 30.974360, 0.0)
(38.155685, 30.392960, 0.0)
(35.068443, 28.021711, 0.0)
(34.875004, 27.826876, 0.0)
(34.859306, 27.746874, 0.0)
(34.857185, 27.725597, 0.0)
(34.889267, 27.705580, 0.0)
(34.864784, 27.744797, 0.0)
(34.908108, 27.792570, 0.0)
(34.902519, 27.824944, 0.0)
(34.887905, 27.837105, 0.0)
(34.871368, 27.797846, 0.0)
(34.838223, 27.758297, 0.0)
(34.815102, 27.736641, 0.0)
(34.801601, 27.697989, 0.0)
(34.827282, 27.686983, 0.0)
(34.842564, 27.700218, 0.0)
(34.866814, 27.715916, 0.0)
(34.813484, 27.674086, 0.0)
(34.845600, 27.694845, 0.0)
(34.805065, 27.696236, 0.0)
(34.809002, 27.673977, 0.0)
(34.813816, 27.678270, 0.0)
(34.792767, 27.673323, 0.0)
(34.799927, 27.682383, 0.0)
(34.798061, 27.705614, 0.0)
(34.812958, 27.705246, 0.0)
(34.786438, 27.682436, 0.0)
(34.778996, 27.671358, 0.0)
(34.769226, 27.733980, 0.0)
(34.763004, 27.714102, 0.0)
(34.747322, 27.709799, 0.0)
(34.743736, 27.680769, 0.0)
(34.732876, 27.681467, 0.0)
(34.722126, 27.679619, 0.0)
(34.727016, 27.677437, 0.0)
(34.726665, 27.692940, 0.0)
(34.715755, 27.677160, 0.0)
(34.309563, 27.908237, 0.0)
(31.539082, 30.337206, 0.0)
(30.052654, 31.895956, 0.0)
(29.779163, 32.193146, 0.0)
(29.729031, 32.196720, 0.0)
(29.695536, 32.188446, 0.0)
(29.619715, 32.165928, 0.0)
(29.370586, 32.281319, 0.0)
(29.262932, 32.425133, 0.0)
(29.244074, 32.384972, 0.0)
(29.247131, 32.340828, 0.0)
(29.248291, 32.322903, 0.0)
(29.238155, 32.289619, 0.0)
(29.270224, 32.282555, 0.0)
(29.249664, 32.324268, 0.0)
(29.253996, 32.323528, 0.0)
(29.299488, 32.354515, 0.0)
(29.274603, 32.384144, 0.0)
(29.283131, 32.389782, 0.0)
(29.272530, 32.392391, 0.0)
(29.238968, 32.380547, 0.0)
(29.232479, 32.362900, 0.0)
(29.444645, 32.308632, 0.0)
(29.533958, 32.229904, 0.0)
(29.498503, 32.215992, 0.0)
(29.498503, 32.203346, 0.0)
(29.488211, 32.217339, 0.0)
(29.488211, 32.217339, 0.0)
(29.478203, 32.222126, 0.0)
(29.470833, 32.229973, 0.0)
(29.436621, 32.226772, 0.0)
(29.393782, 32.258392, 0.0)
(29.378876, 32.204662, 0.0)
(29.364758, 32.151409, 0.0)
(29.394024, 32.142605, 0.0)
(29.397577, 32.184166, 0.0)
(29.401628, 32.163506, 0.0)
(29.383263, 32.164993, 0.0)
(29.360323, 32.171951, 0.0)
(31.928614, 30.990473, 0.0)
(35.589737, 29.676287, 0.0)
(37.220528, 29.198957, 0.0)
(37.468388, 29.053829, 0.0)
(37.470272, 29.019781, 0.0)
(37.508118, 29.055979, 0.0)
(38.069477, 29.089769, 0.0)
(38.130154, 29.093853, 0.0)
(38.104046, 29.133892, 0.0)
(38.104046, 29.133892, 0.0)
(38.076302, 29.131077, 0.0)
(38.070629, 29.137600, 0.0)
(38.126705, 29.094154, 0.0)
(38.092339, 29.102240, 0.0)
(38.106369, 29.088211, 0.0)
(38.111465, 29.089956, 0.0)
(38.111370, 29.016909, 0.0)
(38.100819, 29.001343, 0.0)
(38.075977, 28.973288, 0.0)
(38.097126, 28.951008, 0.0)
(38.072758, 28.948183, 0.0)
(38.088631, 28.917646, 0.0)
(38.164791, 28.893599, 0.0)
(38.164173, 28.855583, 0.0)
(38.150520, 28.831841, 0.0)
(38.144947, 28.799999, 0.0)
(38.120781, 28.796991, 0.0)
(38.096359, 28.792778, 0.0)
(38.120247, 28.774845, 0.0)
(38.114346, 28.763046, 0.0)
(38.109882, 28.786259, 0.0)
(38.114346, 28.763046, 0.0)
(38.076458, 28.710928, 0.0)
(38.095024, 28.722551, 0.0)
(38.027962, 28.700569, 0.0)
(38.058369, 28.666992, 0.0)
(38.035370, 28.675095, 0.0)
(36.546696, 28.207167, 0.0)
(32.079895, 26.650488, 0.0)
(28.713240, 26.605082, 0.0)
(27.225544, 26.963223, 0.0)
(27.134756, 26.955984, 0.0)
(27.074406, 26.965639, 0.0)
(27.024139, 26.957817, 0.0)
(27.024139, 26.957817, 0.0)
(27.036915, 26.960548, 0.0)
(27.162018, 26.984316, 0.0)
(27.149496, 26.965309, 0.0)
(27.163298, 26.961931, 0.0)
(27.133530, 26.957684, 0.0)
(27.134686, 26.900679, 0.0)
(27.124973, 26.925354, 0.0)
(27.137529, 26.970682, 0.0)
(27.174973, 26.979511, 0.0)
(26.990437, 27.045162, 0.0)
(26.966326, 27.061680, 0.0)
(26.952690, 27.065708, 0.0)
(26.962183, 27.058899, 0.0)
(26.953238, 27.040541, 0.0)
(26.958046, 27.055937, 0.0)
(26.932913, 27.043644, 0.0)
(26.965471, 26.969044, 0.0)
(27.147125, 26.870827, 0.0)
(27.163887, 26.876484, 0.0)
(27.165886, 26.860958, 0.0)
(27.145273, 26.877323, 0.0)
(27.169861, 26.864363, 0.0)
(27.149988, 26.873350, 0.0)
(27.147125, 26.870827, 0.0)
(27.147125, 26.870827, 0.0)
(27.143423, 26.859083, 0.0)
(27.159349, 26.829052, 0.0)
(27.150074, 26.831339, 0.0)
(27.152466, 26.839355, 0.0)
(27.158918, 26.849087, 0.0)
(26.142733, 27.139362, 0.0)
(23.928091, 27.717041, 0.0)
(23.180908, 27.958569, 0.0)
(23.105146, 28.020714, 0.0)
(23.048704, 28.077660, 0.0)
(22.778400, 28.150599, 0.0)
(22.713800, 28.174101, 0.0)
(22.699322, 28.197813, 0.0)
(22.704268, 28.195183, 0.0)
(22.696518, 28.194611, 0.0)
(22.680820, 28.279560, 0.0)
(22.692331, 28.292467, 0.0)
(22.638670, 28.334066, 0.0)
(22.688686, 28.246782, 0.0)
(22.631868, 28.277233, 0.0)
(22.694315, 28.260954, 0.0)
(22.685616, 28.213919, 0.0)
(22.665155, 28.223402, 0.0)
(22.655077, 28.225033, 0.0)
(22.704029, 28.183367, 0.0)
(22.703680, 28.176203, 0.0)
(22.696518, 28.194611, 0.0)
(22.679146, 28.181492, 0.0)
(22.699202, 28.187433, 0.0)
(22.712774, 28.194845, 0.0)
(22.712406, 28.187708, 0.0)
(22.759769, 28.180923, 0.0)
(22.767128, 28.175100, 0.0)
(22.756001, 28.206442, 0.0)
(22.765465, 28.218620, 0.0)
(22.768383, 28.256088, 0.0)
(22.800421, 28.266376, 0.0)
(22.795610, 28.282669, 0.0)
(22.843718, 28.261644, 0.0)
(22.843718, 28.261644, 0.0)
(22.853073, 28.253935, 0.0)
(22.835213, 28.230734, 0.0)
(26.311119, 26.965931, 0.0)
(30.681416, 27.101019, 0.0)
(32.046799, 27.419956, 0.0)
(32.212173, 27.422987, 0.0)
(32.204632, 27.430164, 0.0)
(32.466625, 27.421150, 0.0)
(32.784115, 27.485071, 0.0)
(32.797112, 27.465561, 0.0)
(32.835598, 27.451462, 0.0)
(32.800762, 27.439922, 0.0)
(32.853622, 27.415777, 0.0)
(32.840012, 27.388361, 0.0)
(32.823997, 27.394165, 0.0)
(32.848785, 27.382751, 0.0)
(32.841476, 27.379095, 0.0)
(32.831776, 27.345215, 0.0)
(32.806061, 27.307161, 0.0)
(32.802208, 27.302874, 0.0)
(32.811058, 27.313709, 0.0)
(32.790401, 27.279638, 0.0)
(32.833527, 27.237949, 0.0)
(32.648727, 27.286684, 0.0)
(32.647778, 27.289648, 0.0)
(32.627758, 27.269278, 0.0)
(32.612862, 27.263327, 0.0)
(32.606060, 27.235056, 0.0)
(32.603931, 27.223188, 0.0)
(32.614384, 27.228521, 0.0)
(32.603878, 27.197414, 0.0)
(32.609108, 27.181446, 0.0)
(32.626804, 27.146736, 0.0)
(32.603737, 27.147177, 0.0)
(32.608490, 27.085770, 0.0)
(32.594887, 27.033115, 0.0)
(32.614758, 26.999353, 0.0)
(32.605255, 27.002142, 0.0)
(32.591053, 27.007111, 0.0)
(32.566746, 27.029161, 0.0)
(32.607430, 27.032728, 0.0)
(31.611748, 27.691563, 0.0)
(28.691509, 30.480305, 0.0)
(27.294310, 32.723293, 0.0)
(26.637180, 34.019711, 0.0)
(26.525883, 34.234985, 0.0)
(26.411821, 34.225071, 0.0)
(26.354931, 34.315945, 0.0)
(26.568962, 34.781929, 0.0)
(26.515656, 34.926689, 0.0)
(26.507248, 34.941120, 0.0)
(26.480774, 34.936543, 0.0)
(26.480932, 34.966022, 0.0)
(26.481806, 34.984505, 0.0)
(26.480774, 34.954712, 0.0)
(26.655888, 35.120388, 0.0)
(26.659040, 35.191738, 0.0)
(26.654367, 35.165825, 0.0)
(26.644110, 35.202641, 0.0)
(26.646936, 35.238041, 0.0)
(26.647251, 35.192852, 0.0)
(26.647717, 35.213551, 0.0)
(26.628536, 35.198612, 0.0)
(26.630264, 35.182850, 0.0)
(26.615442, 35.177071, 0.0)
(26.605305, 35.172123, 0.0)
(26.599991, 35.154682, 0.0)
(26.551153, 35.121410, 0.0)
(26.563589, 35.117950, 0.0)
(26.554054, 35.141003, 0.0)
(26.545895, 35.155766, 0.0)
(26.571276, 35.125679, 0.0)
(26.552561, 35.271927, 0.0)
(26.562897, 35.260063, 0.0)
(26.550776, 35.277958, 0.0)
(26.535311, 35.284550, 0.0)
(26.568649, 35.250092, 0.0)
(27.981726, 30.220346, 0.0)
(28.353001, 27.152357, 0.0)
(28.393919, 26.944160, 0.0)
(28.323219, 26.953562, 0.0)
(28.859446, 26.683428, 0.0)
(28.929213, 26.714827, 0.0)
(28.918795, 26.713667, 0.0)
(28.899204, 26.667278, 0.0)
(28.880651, 26.627398, 0.0)
(28.875475, 26.625435, 0.0)
(28.855019, 26.631712, 0.0)
(28.831778, 26.606707, 0.0)
(28.876671, 26.642239, 0.0)
(28.879374, 26.646309, 0.0)
(28.819614, 26.692501, 0.0)
(28.758091, 26.740988, 0.0)
(28.713755, 26.777386, 0.0)
(28.748356, 26.780724, 0.0)
(28.765167, 26.820417, 0.0)
(28.768854, 26.788687, 0.0)
(28.761932, 26.806211, 0.0)
(28.766859, 26.803419, 0.0)
(28.752010, 26.761341, 0.0)
(28.742357, 26.746618, 0.0)
(28.777201, 26.685368, 0.0)
(28.758928, 26.687988, 0.0)
(28.736675, 26.705086, 0.0)
(28.745800, 26.685368, 0.0)
(28.730911, 26.664419, 0.0)
(28.754068, 26.611719, 0.0)
(28.763630, 26.611166, 0.0)
(28.765923, 26.626749, 0.0)
(28.765923, 26.626749, 0.0)
(28.767807, 26.620733, 0.0)
(28.750385, 26.612150, 0.0)
(28.724419, 26.612328, 0.0)
(28.723948, 26.613163, 0.0)
(28.781096, 26.559189, 0.0)
(32.806293, 26.995039, 0.0)
(36.031563, 28.503052, 0.0)
(37.551495, 29.639542, 0.0)
(37.713295, 29.784615, 0.0)
(37.732548, 29.762896, 0.0)
(37.722519, 29.720379, 0.0)
(38.034481, 29.710234, 0.0)
(38.119762, 29.737959, 0.0)
(38.113781, 29.736572, 0.0)
(38.108913, 29.704723, 0.0)
(38.113674, 29.670349, 0.0)
(38.131630, 29.618893, 0.0)
(38.108559, 29.599590, 0.0)
(38.121841, 29.574255, 0.0)
(38.107365, 29.569921, 0.0)
(38.116184, 29.562408, 0.0)
(38.097839, 29.608398, 0.0)
(38.102795, 29.607206, 0.0)
(38.099003, 29.664335, 0.0)
(38.099358, 29.659838, 0.0)
(38.109627, 29.653828, 0.0)
(38.120113, 29.627447, 0.0)
(38.065884, 29.571321, 0.0)
(38.049355, 29.502367, 0.0)
(38.039825, 29.552906, 0.0)
(38.038517, 29.572477, 0.0)
(38.027328, 29.597965, 0.0)
(38.022358, 29.599688, 0.0)
(38.047710, 29.607809, 0.0)
(38.034504, 29.600786, 0.0)
(38.020100, 29.602209, 0.0)
(37.980732, 29.555635, 0.0)
(37.982761, 29.494839, 0.0)
(37.979340, 29.484789, 0.0)
(37.976273, 29.497948, 0.0)
(37.957005, 29.526621, 0.0)
(35.883068, 29.028530, 0.0)
(34.296326, 28.644352, 0.0)
(34.232498, 28.641026, 0.0)
(34.278896, 28.629280, 0.0)
(34.776741, 28.350552, 0.0)
(34.784821, 28.336685, 0.0)
(34.758835, 28.332026, 0.0)
(34.779705, 28.354986, 0.0)
(34.775002, 28.362265, 0.0)
(34.793503, 28.365128, 0.0)
(34.769688, 28.380890, 0.0)
(34.751163, 28.380760, 0.0)
(34.759953, 28.345375, 0.0)
(34.754780, 28.347494, 0.0)
(34.797226, 28.322462, 0.0)
(34.814236, 28.308920, 0.0)
(34.577263, 28.283381, 0.0)
(34.500954, 28.225842, 0.0)
(34.480927, 28.216000, 0.0)
(34.515152, 28.240229, 0.0)
(34.523857, 28.272097, 0.0)
(34.496880, 28.239012, 0.0)
(34.470421, 28.163183, 0.0)
(34.448925, 28.170332, 0.0)
(34.443806, 28.168245, 0.0)
(34.456890, 28.145000, 0.0)
(34.453133, 28.164103, 0.0)
(34.475628, 28.188528, 0.0)
(34.490376, 28.215683, 0.0)
(34.441620, 28.206192, 0.0)
(34.430454, 28.215614, 0.0)
(34.438046, 28.200457, 0.0)
(34.446480, 28.150177, 0.0)
(34.436272, 28.143393, 0.0)
(34.430599, 28.160477, 0.0)
(34.426281, 28.167204, 0.0)
(34.429497, 28.181908, 0.0)
(34.419476, 28.193899, 0.0)
(34.229412, 28.265781, 0.0)
(30.592052, 29.092073, 0.0)
(27.453053, 30.445507, 0.0)
(25.399748, 31.645218, 0.0)
(24.428257, 32.557720, 0.0)
(24.219196, 32.744743, 0.0)
(24.191885, 32.762615, 0.0)
(24.052635, 32.862675, 0.0)
(23.468689, 33.144928, 0.0)
(23.402828, 33.144810, 0.0)
(23.394876, 33.127975, 0.0)
(23.368704, 33.086815, 0.0)
(23.347094, 33.048782, 0.0)
(23.347044, 32.985172, 0.0)
(23.326401, 33.004620, 0.0)
(23.329693, 33.000423, 0.0)
(23.351648, 33.056152, 0.0)
(23.407795, 33.080467, 0.0)
(23.431799, 33.101185, 0.0)
(23.398624, 33.155346, 0.0)
(23.401026, 33.107693, 0.0)
(23.382050, 33.013821, 0.0)
(23.380886, 33.021061, 0.0)
(23.373455, 32.995476, 0.0)
(23.173479, 32.936443, 0.0)
(23.157841, 32.876812, 0.0)
(23.162294, 32.924850, 0.0)
(23.179052, 32.914959, 0.0)
(23.200661, 32.920956, 0.0)
(23.189947, 32.876236, 0.0)
(23.230028, 32.871822, 0.0)
(23.256084, 32.836922, 0.0)
(23.223833, 32.804104, 0.0)
(23.243441, 32.825340, 0.0)
(23.274813, 32.838322, 0.0)
(23.319742, 32.831963, 0.0)
(23.298437, 32.816586, 0.0)
(23.350243, 32.844585, 0.0)
(23.337109, 32.806664, 0.0)
(23.349224, 32.788685, 0.0)
(23.317804, 32.747601, 0.0)
(23.810907, 32.622696, 0.0)
(28.505211, 32.208843, 0.0)
(32.605656, 32.783958, 0.0)
(34.822601, 33.275135, 0.0)
(35.030884, 33.338272, 0.0)
(35.044994, 33.295753, 0.0)
(35.049221, 33.318291, 0.0)
(36.890728, 33.752369, 0.0)
(37.882618, 34.079029, 0.0)
(37.956833, 34.043331, 0.0)
(37.915634, 34.047043, 0.0)
(37.997803, 34.238781, 0.0)
(38.037197, 34.296761, 0.0)
(38.028549, 34.290737, 0.0)
(38.043266, 34.295273, 0.0)
(38.014496, 34.261784, 0.0)
(38.004929, 34.273247, 0.0)
(37.995579, 34.238804, 0.0)
(37.989883, 34.253845, 0.0)
(37.978252, 34.223873, 0.0)
(37.988174, 34.217270, 0.0)
(37.984913, 34.258034, 0.0)
(37.995239, 34.238274, 0.0)
(37.976124, 34.253109, 0.0)
(37.991409, 34.253216, 0.0)
(37.976994, 34.202862, 0.0)
(37.969555, 34.180836, 0.0)
(37.950211, 34.178825, 0.0)
(37.928791, 34.138306, 0.0)
(37.887249, 34.165058, 0.0)
(37.820049, 34.178585, 0.0)
(37.890675, 34.110458, 0.0)
(37.897488, 34.102463, 0.0)
(37.897488, 34.102463, 0.0)
(37.890591, 34.106586, 0.0)
(36.714962, 31.379347, 0.0)
(36.239693, 29.272308, 0.0)
(36.248692, 29.046690, 0.0)
(36.249912, 29.037056, 0.0)
(36.240723, 29.055212, 0.0)
(36.237232, 29.039272, 0.0)
(36.255943, 29.041338, 0.0)
(36.242825, 29.042871, 0.0)
(36.530575, 29.133604, 0.0)
(36.526302, 29.123709, 0.0)
(36.514343, 29.068214, 0.0)
(36.506935, 29.117079, 0.0)
(36.505203, 29.118126, 0.0)
(36.520370, 29.115292, 0.0)
(36.507477, 29.110262, 0.0)
(36.505821, 29.116484, 0.0)
(36.343990, 29.163580, 0.0)
(36.317265, 29.163521, 0.0)
(36.254810, 29.167648, 0.0)
(36.236851, 29.212093, 0.0)
(36.236557, 29.175943, 0.0)
(36.276234, 29.158381, 0.0)
(36.225033, 29.233816, 0.0)
(36.255264, 29.194834, 0.0)
(36.237305, 29.231241, 0.0)
(36.185379, 29.246426, 0.0)
(36.182117, 29.244564, 0.0)
(36.151520, 29.309801, 0.0)
(36.164909, 29.330515, 0.0)
(36.161388, 29.404308, 0.0)
(36.159962, 29.333124, 0.0)
(36.152031, 29.426628, 0.0)
(36.148769, 29.322765, 0.0)
(36.127052, 29.252705, 0.0)
(36.105354, 29.230467, 0.0)
(36.083454, 29.224569, 0.0)
(36.082741, 29.230309, 0.0)
(33.962749, 29.076353, 0.0)
(29.827736, 29.784107, 0.0)
(27.136683, 31.090042, 0.0)
(25.264076, 32.685268, 0.0)
(24.262650, 33.446003, 0.0)
(24.148952, 33.511559, 0.0)
(24.087399, 33.443691, 0.0)
(23.631638, 33.759098, 0.0)
(23.485508, 33.851814, 0.0)
(23.501776, 33.867874, 0.0)
(23.481663, 33.782715, 0.0)
(23.473755, 33.846447, 0.0)
(23.451601, 33.891918, 0.0)
(23.482706, 33.892345, 0.0)
(23.216751, 33.984547, 0.0)
(23.250370, 34.038219, 0.0)
(23.239586, 34.095066, 0.0)
(23.234516, 34.107693, 0.0)
(23.228804, 34.075199, 0.0)
(23.173330, 34.086689, 0.0)
(23.181908, 34.109322, 0.0)
(23.157415, 34.130604, 0.0)
(23.178001, 34.101509, 0.0)
(23.121824, 33.989017, 0.0)
(23.127523, 34.022312, 0.0)
(23.137722, 34.033852, 0.0)
(23.142477, 34.047581, 0.0)
(23.158911, 33.982742, 0.0)
(23.178915, 33.989254, 0.0)
(23.173796, 33.977436, 0.0)
(23.167519, 33.963329, 0.0)
(23.214762, 34.028404, 0.0)
(23.203646, 34.016567, 0.0)
(23.193119, 34.025066, 0.0)
(23.181099, 34.004482, 0.0)
(23.210316, 34.010059, 0.0)
(23.208120, 34.009865, 0.0)
(23.867384, 32.713520, 0.0)
(25.193148, 29.454914, 0.0)
(25.381531, 28.717337, 0.0)
(25.283293, 28.709343, 0.0)
(25.202200, 28.773520, 0.0)
(25.211649, 28.728994, 0.0)
(25.186750, 28.725443, 0.0)
(25.178516, 28.719940, 0.0)
(25.168825, 28.773930, 0.0)
(25.189743, 28.694418, 0.0)
(25.493654, 28.580196, 0.0)
(25.479412, 28.524738, 0.0)
(25.437149, 28.510786, 0.0)
(25.437149, 28.510786, 0.0)
(25.392099, 28.503204, 0.0)
(25.415030, 28.490175, 0.0)
(25.270231, 28.502563, 0.0)
(25.025616, 28.569393, 0.0)
(24.993980, 28.551943, 0.0)
(24.994101, 28.553846, 0.0)
(24.968231, 28.583105, 0.0)
(24.959568, 28.551289, 0.0)
(24.952982, 28.499287, 0.0)
(24.939714, 28.488668, 0.0)
(24.947262, 28.413006, 0.0)
(24.945211, 28.385359, 0.0)
(24.944338, 28.392658, 0.0)
(24.946154, 28.420435, 0.0)
(24.940899, 28.389954, 0.0)
(24.940899, 28.389954, 0.0)
(24.924040, 28.385817, 0.0)
(24.918844, 28.371077, 0.0)
(24.896837, 28.362865, 0.0)
(24.929375, 28.372469, 0.0)
(24.969248, 28.365538, 0.0)
(24.973404, 28.360483, 0.0)
(25.001093, 28.364544, 0.0)
(25.009180, 28.354752, 0.0)
(29.074980, 28.278732, 0.0)
(32.441818, 30.012953, 0.0)
(32.549583, 30.316429, 0.0)
(32.568230, 30.341908, 0.0)
(32.557884, 30.336731, 0.0)
(32.583370, 30.321104, 0.0)
(32.865128, 30.458529, 0.0)
(32.839512, 30.451323, 0.0)
(32.845482, 30.434895, 0.0)
(32.813732, 30.443054, 0.0)
(32.805393, 30.448952, 0.0)
(32.794922, 30.458178, 0.0)
(32.802116, 30.510195, 0.0)
(32.809422, 30.487522, 0.0)
(32.791359, 30.516684, 0.0)
(32.828831, 30.552221, 0.0)
(32.776329, 30.528111, 0.0)
(32.625122, 30.568893, 0.0)
(32.619652, 30.545870, 0.0)
(32.632156, 30.530912, 0.0)
(32.617996, 30.503157, 0.0)
(32.664379, 30.530769, 0.0)
(32.638260, 30.514320, 0.0)
(32.626167, 30.429691, 0.0)
(32.618759, 30.492489, 0.0)
(32.626888, 30.450764, 0.0)
(32.610512, 30.413517, 0.0)
(32.615860, 30.400471, 0.0)
(32.610477, 30.445797, 0.0)
(32.610619, 30.434690, 0.0)
(32.621025, 30.441828, 0.0)
(32.609253, 30.406704, 0.0)
(32.597347, 30.386003, 0.0)
(32.583538, 30.388279, 0.0)
(32.588676, 30.411234, 0.0)
(32.638786, 30.464279, 0.0)
(32.592815, 30.468096, 0.0)
(31.737146, 27.595659, 0.0)
(30.962572, 24.876812, 0.0)
(30.822622, 24.743288, 0.0)
(30.765629, 24.681067, 0.0)
(30.738150, 24.670504, 0.0)
(30.725754, 24.651640, 0.0)
(30.704237, 24.646877, 0.0)
(30.490557, 24.449528, 0.0)
(30.428999, 24.463289, 0.0)
(30.411184, 24.445858, 0.0)
(30.404690, 24.433355, 0.0)
(30.410503, 24.413733, 0.0)
(30.398861, 24.364294, 0.0)
(30.410856, 24.340691, 0.0)
(30.421179, 24.319708, 0.0)
(30.418442, 24.315340, 0.0)
(30.429110, 24.300249, 0.0)
(30.429110, 24.300249, 0.0)
(30.417768, 24.301054, 0.0)
(30.413227, 24.296244, 0.0)
(30.402084, 24.272476, 0.0)
(30.408712, 24.266489, 0.0)
(30.404423, 24.276478, 0.0)
(30.375010, 24.269781, 0.0)
(30.397808, 24.288839, 0.0)
(30.408926, 24.334167, 0.0)
(30.399080, 24.326765, 0.0)
(30.399080, 24.326765, 0.0)
(30.408926, 24.334167, 0.0)
(30.381638, 24.319714, 0.0)
(30.397274, 24.328680, 0.0)
(30.399227, 24.335180, 0.0)
(30.394791, 24.330328, 0.0)
(30.370493, 24.371988, 0.0)
(30.393482, 24.409685, 0.0)
(30.381628, 24.439655, 0.0)
(30.378254, 24.457048, 0.0)
(30.322863, 24.515076, 0.0)
(32.445507, 24.525312, 0.0)
(35.990429, 25.139965, 0.0)
(37.344276, 25.952616, 0.0)
(37.387051, 26.035742, 0.0)
(37.400597, 25.999689, 0.0)
(37.392189, 26.025175, 0.0)
(37.367397, 26.057846, 0.0)
(37.372143, 26.079813, 0.0)
(37.367447, 26.074190, 0.0)
(37.329479, 26.053846, 0.0)
(37.303627, 26.043077, 0.0)
(37.313236, 26.048191, 0.0)
(37.276421, 25.990059, 0.0)
(37.266235, 25.973953, 0.0)
(37.254333, 25.966026, 0.0)
(37.268932, 25.994776, 0.0)
(37.226063, 26.015175, 0.0)
(37.222149, 26.008911, 0.0)
(37.188820, 25.970917, 0.0)
(37.189190, 25.908026, 0.0)
(37.142803, 25.952417, 0.0)
(37.153404, 25.893009, 0.0)
(37.125263, 25.873653, 0.0)
(37.116360, 25.879599, 0.0)
(37.112339, 25.857525, 0.0)
(37.073494, 25.892815, 0.0)
(37.096813, 25.912737, 0.0)
(37.055359, 25.917173, 0.0)
(37.069542, 25.908886, 0.0)
(37.083168, 25.886507, 0.0)
(37.078159, 25.870234, 0.0)
(37.070744, 25.885942, 0.0)
(37.089462, 25.926205, 0.0)
(37.074127, 25.941990, 0.0)
(37.024178, 25.926517, 0.0)
(37.096073, 25.894745, 0.0)
(37.076427, 25.888769, 0.0)
(36.004791, 26.621206, 0.0)
(35.807251, 27.038923, 0.0)
(35.824879, 27.054131, 0.0)
(35.818058, 26.994307, 0.0)
(35.915497, 27.034977, 0.0)
(36.212906, 27.369301, 0.0)
(36.236916, 27.393723, 0.0)
(36.234711, 27.379753, 0.0)
(36.250492, 27.365713, 0.0)
(36.227787, 27.331055, 0.0)
(36.242638, 27.337488, 0.0)
(36.266727, 27.307177, 0.0)
(36.184486, 27.350618, 0.0)
(36.191811, 27.364681, 0.0)
(36.204319, 27.374144, 0.0)
(36.238270, 27.357746, 0.0)
(36.242474, 27.362835, 0.0)
(36.201855, 27.332809, 0.0)
(36.214237, 27.335701, 0.0)
(36.152733, 27.330589, 0.0)
(36.212936, 27.307838, 0.0)
(36.170422, 27.299063, 0.0)
(36.158722, 27.305834, 0.0)
(36.155258, 27.316423, 0.0)
(36.156887, 27.273846, 0.0)
(36.161163, 27.286610, 0.0)
(36.118015, 27.275434, 0.0)
(32.456989, 27.299129, 0.0)
(31.516129, 27.369194, 0.0)
(31.430958, 27.401140, 0.0)
(31.460537, 27.398464, 0.0)
(31.383013, 27.382399, 0.0)
(31.376488, 27.423059, 0.0)
(31.367504, 27.404585, 0.0)
(31.324715, 27.343901, 0.0)
(31.324715, 27.343901, 0.0)
(31.303707, 27.314192, 0.0)
(30.934566, 27.500307, 0.0)
(27.720488, 29.994137, 0.0)
(26.097010, 32.206600, 0.0)
(25.757847, 32.899101, 0.0)
(25.670818, 32.992584, 0.0)
(25.537378, 32.958488, 0.0)
(25.565477, 32.968632, 0.0)
(25.896301, 33.118122, 0.0)
(25.922230, 33.162212, 0.0)
(25.902271, 33.155102, 0.0)
(25.897718, 33.164532, 0.0)
(25.913218, 33.151531, 0.0)
(25.902712, 33.146034, 0.0)
(25.884863, 33.153637, 0.0)
(25.865305, 33.146320, 0.0)
(25.869215, 33.122559, 0.0)
(25.859407, 33.098759, 0.0)
(25.855940, 33.078053, 0.0)
(25.850090, 33.087013, 0.0)
(25.847898, 33.108452, 0.0)
(25.828053, 33.151833, 0.0)
(25.826050, 33.141399, 0.0)
(25.809715, 33.159981, 0.0)
(25.806503, 33.153206, 0.0)
(25.809607, 33.055958, 0.0)
(25.852188, 33.030769, 0.0)
(25.846905, 33.039932, 0.0)
(25.868002, 33.004856, 0.0)
(25.873457, 33.026196, 0.0)
(25.874466, 33.075451, 0.0)
(25.852055, 33.069691, 0.0)
(25.868250, 33.055511, 0.0)
(25.861511, 33.042900, 0.0)
(25.856833, 33.023659, 0.0)
(25.896378, 32.986309, 0.0)
(25.926075, 33.011715, 0.0)
(25.959433, 33.044476, 0.0)
(25.944807, 33.017956, 0.0)
(25.939667, 32.992157, 0.0)
(25.928453, 33.020390, 0.0)
(25.847101, 33.778641, 0.0)
(25.822971, 33.984303, 0.0)
(25.818357, 34.002163, 0.0)
(26.013586, 34.169445, 0.0)
(25.962919, 34.217014, 0.0)
(26.036020, 34.204418, 0.0)
(26.056156, 34.153183, 0.0)
(26.059046, 34.104748, 0.0)
(26.048328, 34.063301, 0.0)
(25.956337, 34.106041, 0.0)
(25.899401, 34.148113, 0.0)
(25.901663, 34.153088, 0.0)
(25.909140, 34.193829, 0.0)
(25.945057, 34.184921, 0.0)
(25.962257, 34.212879, 0.0)
(25.927099, 34.234085, 0.0)
(25.913534, 34.204197, 0.0)
(26.053179, 34.204617, 0.0)
(26.101521, 34.177116, 0.0)
(26.088846, 34.220657, 0.0)
(26.088881, 34.208504, 0.0)
(26.083311, 34.211151, 0.0)
(26.091925, 34.259846, 0.0)
(26.078869, 34.255318, 0.0)
(26.052023, 34.195053, 0.0)
(26.078430, 34.202110, 0.0)
(26.030706, 34.204247, 0.0)
(26.046009, 34.178322, 0.0)
(26.053967, 34.169575, 0.0)
(26.053967, 34.169575, 0.0)
(26.053967, 34.169575, 0.0)
(26.062593, 34.173805, 0.0)
(26.068182, 34.151386, 0.0)
(26.052338, 34.165596, 0.0)
(26.053907, 34.162834, 0.0)
(26.074362, 34.139519, 0.0)
(26.081749, 34.119446, 0.0)
(28.666977, 33.125141, 0.0)
(30.534058, 32.776752, 0.0)
(30.701389, 32.776527, 0.0)
(30.728418, 32.783539, 0.0)
(30.699896, 32.780327, 0.0)
(30.743183, 32.732395, 0.0)
(30.746983, 32.713188, 0.0)
(30.950073, 32.514866, 0.0)
(30.972010, 32.486839, 0.0)
(30.960463, 32.497723, 0.0)
(31.016771, 32.528721, 0.0)
(31.026861, 32.578770, 0.0)
(31.045958, 32.627552, 0.0)
(31.032269, 32.605480, 0.0)
(30.985962, 32.583149, 0.0)
(31.008179, 32.621407, 0.0)
(30.998379, 32.602249, 0.0)
(31.026844, 32.606575, 0.0)
(31.047171, 32.631439, 0.0)
(31.082695, 32.628857, 0.0)
(31.032856, 32.634144, 0.0)
(31.061636, 32.626907, 0.0)
(31.020264, 32.600056, 0.0)
(31.041239, 32.602207, 0.0)
(31.069469, 32.592281, 0.0)
(31.096209, 32.590420, 0.0)
(31.111284, 32.606422, 0.0)
(31.102644, 32.607761, 0.0)
(31.126362, 32.619942, 0.0)
(31.134727, 32.667011, 0.0)
(31.115995, 32.677574, 0.0)
(31.107941, 32.673866, 0.0)
(31.123646, 32.727333, 0.0)
(31.116913, 32.753902, 0.0)
(31.115515, 32.759598, 0.0)
(31.147882, 32.761238, 0.0)
(31.135269, 32.779560, 0.0)
(31.141111, 32.756107, 0.0)
(31.382532, 32.415775, 0.0)
(34.327309, 28.285013, 0.0)
(35.880081, 26.760767, 0.0)
(36.053875, 26.651308, 0.0)
(36.060093, 26.670368, 0.0)
(36.112972, 26.707693, 0.0)
(36.125786, 26.730219, 0.0)
(36.220837, 26.679588, 0.0)
(36.298000, 26.626402, 0.0)
(36.267868, 26.629976, 0.0)
(36.277519, 26.597359, 0.0)
(36.264500, 26.571766, 0.0)
(36.276428, 26.549744, 0.0)
(36.289177, 26.538931, 0.0)
(36.283970, 26.540417, 0.0)
(36.288059, 26.532936, 0.0)
(36.327110, 26.519379, 0.0)
(36.243893, 26.536310, 0.0)
(36.265835, 26.560665, 0.0)
(36.272186, 26.560198, 0.0)
(35.930878, 26.436407, 0.0)
(35.938969, 26.431009, 0.0)
(35.945724, 26.401295, 0.0)
(35.963387, 26.358049, 0.0)
(35.974152, 26.355619, 0.0)
(35.970551, 26.342997, 0.0)
(36.009857, 26.294907, 0.0)
(36.007706, 26.308268, 0.0)
(35.977360, 26.310257, 0.0)
(36.002502, 26.317678, 0.0)
(33.706085, 26.248688, 0.0)
(32.271774, 26.340277, 0.0)
(32.148613, 26.248951, 0.0)
(32.147343, 26.202715, 0.0)
(32.113136, 26.178343, 0.0)
(32.101665, 26.137606, 0.0)
(32.090733, 26.148304, 0.0)
(32.108601, 26.186304, 0.0)
(34.118126, 26.253675, 0.0)
(37.303333, 27.039476, 0.0)
(37.833225, 27.502449, 0.0)
(37.879559, 27.494825, 0.0)
(37.903484, 27.477835, 0.0)
(37.914417, 27.468403, 0.0)
(37.981842, 27.474089, 0.0)
(38.123928, 27.629044, 0.0)
(38.144482, 27.680286, 0.0)
(38.132538, 27.658638, 0.0)
(38.106209, 27.616966, 0.0)
(38.101448, 27.618231, 0.0)
(38.079807, 27.586206, 0.0)
(38.075066, 27.582844, 0.0)
(38.067223, 27.577778, 0.0)
(38.075066, 27.587379, 0.0)
(38.075066, 27.587379, 0.0)
(38.087193, 27.623293, 0.0)
(38.082211, 27.643305, 0.0)
(38.064346, 27.645864, 0.0)
(38.077435, 27.631929, 0.0)
(38.067848, 27.608004, 0.0)
(38.062893, 27.605152, 0.0)
(37.685890, 27.526066, 0.0)
(37.631638, 27.513742, 0.0)
(37.628025, 27.500427, 0.0)
(37.628025, 27.500427, 0.0)
(37.594139, 27.497959, 0.0)
(37.610039, 27.480375, 0.0)
(37.575039, 27.484558, 0.0)
(37.569336, 27.464077, 0.0)
(37.586037, 27.463905, 0.0)
(34.818405, 27.515497, 0.0)
(33.884682, 27.543438, 0.0)
(33.793720, 27.554880, 0.0)
(33.836926, 27.536335, 0.0)
(33.833454, 27.483282, 0.0)
(33.818359, 27.461948, 0.0)
(33.826077, 27.442223, 0.0)
(33.816120, 27.461462, 0.0)
(33.768871, 27.459221, 0.0)
(33.756096, 27.427797, 0.0)
(33.749260, 27.404343, 0.0)
(33.900723, 27.644789, 0.0)
(36.174526, 30.827866, 0.0)
(36.725025, 32.776539, 0.0)
(36.677952, 32.868134, 0.0)
(36.635475, 32.881409, 0.0)
(36.600803, 32.843494, 0.0)
(36.761810, 33.256763, 0.0)
(36.698029, 33.369328, 0.0)
(36.661892, 33.354622, 0.0)
(36.661655, 33.373848, 0.0)
(36.656830, 33.356140, 0.0)
(36.682846, 33.373825, 0.0)
(36.659054, 33.387321, 0.0)
(36.692482, 33.343868, 0.0)
(36.672935, 33.367416, 0.0)
(36.678864, 33.351070, 0.0)
(36.657372, 33.327656, 0.0)
(36.640812, 33.309612, 0.0)
(36.636379, 33.324631, 0.0)
(36.626728, 33.331001, 0.0)
(36.612110, 33.282127, 0.0)
(36.619690, 33.240635, 0.0)
(36.660324, 33.288918, 0.0)
(36.647900, 33.270424, 0.0)
(36.649036, 33.203148, 0.0)
(36.613373, 33.172733, 0.0)
(36.614761, 33.155304, 0.0)
(36.636837, 33.101109, 0.0)
(36.630009, 33.124477, 0.0)
(36.638359, 33.103642, 0.0)
(36.613216, 33.161236, 0.0)
(36.614761, 33.155304, 0.0)
(36.603725, 33.174576, 0.0)
(36.463089, 33.127785, 0.0)
(33.274094, 30.352240, 0.0)
(31.136679, 28.495495, 0.0)
(30.970303, 28.509996, 0.0)
(30.891708, 28.514523, 0.0)
(30.868345, 28.486065, 0.0)
(30.804602, 28.482735, 0.0)
(30.763988, 28.499035, 0.0)
(30.837215, 28.525248, 0.0)
(34.290524, 30.193928, 0.0)
(37.270206, 32.302319, 0.0)
(38.210281, 33.645370, 0.0)
(38.154144, 33.816921, 0.0)
(38.164845, 33.715721, 0.0)
(38.153862, 33.738186, 0.0)
(38.167732, 33.715458, 0.0)
(38.162457, 33.755707, 0.0)
(38.160267, 33.751247, 0.0)
(38.123337, 33.795502, 0.0)
(38.117954, 33.708733, 0.0)
(38.093361, 33.707970, 0.0)
(36.043068, 33.057819, 0.0)
(35.941589, 33.015385, 0.0)
(35.977333, 33.029186, 0.0)
(35.990520, 33.040070, 0.0)
(36.001202, 33.046555, 0.0)
(35.988914, 33.043823, 0.0)
(35.988537, 32.999096, 0.0)
(35.988518, 32.996338, 0.0)
(37.910297, 32.782482, 0.0)
(38.069241, 32.753017, 0.0)
(38.059628, 32.790073, 0.0)
(38.067322, 32.802578, 0.0)
(38.053204, 32.809681, 0.0)
(38.075878, 32.814793, 0.0)
(38.083607, 32.820515, 0.0)
(38.086544, 32.841671, 0.0)
(37.585804, 32.560970, 0.0)
(32.672768, 29.445299, 0.0)
(28.659620, 28.237362, 0.0)
(25.875401, 28.432013, 0.0)
(24.058891, 29.094017, 0.0)
(23.642958, 29.257973, 0.0)
(23.646442, 29.225222, 0.0)
(23.613102, 29.233847, 0.0)
(22.875309, 29.544506, 0.0)
(22.789660, 29.559561, 0.0)
(22.803574, 29.508812, 0.0)
(22.753561, 29.540714, 0.0)
(22.782417, 29.495527, 0.0)
(22.741425, 29.535683, 0.0)
(22.762028, 29.537899, 0.0)
(22.764448, 29.552975, 0.0)
(22.750193, 29.545130, 0.0)
(22.764627, 29.456409, 0.0)
(22.725258, 29.350389, 0.0)
(22.682814, 29.331848, 0.0)
(22.667330, 29.323494, 0.0)
(22.659803, 29.301300, 0.0)
(22.646109, 29.305204, 0.0)
(22.658127, 29.327789, 0.0)
(22.649794, 29.330008, 0.0)
(22.672348, 29.388796, 0.0)
(22.648773, 29.379601, 0.0)
(22.678108, 29.366587, 0.0)
(22.660408, 29.340218, 0.0)
(22.683962, 29.404835, 0.0)
(22.702724, 29.314835, 0.0)
(22.710932, 29.348946, 0.0)
(22.740757, 29.381470, 0.0)
(22.743151, 29.387238, 0.0)
(22.768681, 29.376783, 0.0)
(22.747713, 29.395515, 0.0)
(23.634129, 28.459942, 0.0)
(25.109093, 27.343729, 0.0)
(25.226416, 27.202478, 0.0)
(25.222593, 27.143860, 0.0)
(25.235285, 27.148649, 0.0)
(25.207565, 27.211239, 0.0)
(25.193733, 27.238426, 0.0)
(25.323954, 27.183798, 0.0)
(25.780186, 27.046225, 0.0)
(25.774500, 27.014671, 0.0)
(25.772928, 27.000252, 0.0)
(25.753435, 27.000252, 0.0)
(25.714558, 26.996656, 0.0)
(25.440784, 27.111820, 0.0)
(25.332144, 27.108706, 0.0)
(25.386446, 27.136713, 0.0)
(25.375723, 27.151281, 0.0)
(25.357857, 27.125515, 0.0)
(25.357504, 27.107208, 0.0)
(25.296999, 27.122507, 0.0)
(25.320269, 27.105883, 0.0)
(25.290903, 27.111902, 0.0)
(25.342030, 27.103909, 0.0)
(25.299335, 27.128504, 0.0)
(25.362421, 27.121258, 0.0)
(25.324270, 27.163568, 0.0)
(25.295902, 27.165722, 0.0)
(25.334227, 27.140406, 0.0)
(25.305019, 27.146235, 0.0)
(25.338600, 27.143169, 0.0)
(25.314409, 27.138140, 0.0)
(25.299665, 27.179272, 0.0)
(25.346960, 27.202953, 0.0)
(25.351749, 27.207125, 0.0)
(25.321083, 27.230446, 0.0)
(25.370750, 27.161100, 0.0)
(25.414932, 27.129625, 0.0)
(25.052023, 27.463385, 0.0)
(23.932590, 28.475470, 0.0)
(23.811792, 28.534769, 0.0)
(23.820522, 28.519117, 0.0)
(23.788654, 28.537436, 0.0)
(23.748060, 28.627396, 0.0)
(23.729021, 28.687626, 0.0)
(23.741636, 28.779438, 0.0)
(23.712595, 28.799417, 0.0)
(23.736362, 28.802896, 0.0)
(23.740976, 28.820082, 0.0)
(23.733734, 28.819670, 0.0)
(23.751738, 28.846508, 0.0)
(23.758604, 28.834438, 0.0)
(23.726068, 28.845808, 0.0)
(23.759247, 28.806623, 0.0)
(23.731016, 28.814129, 0.0)
(23.696899, 28.838375, 0.0)
(23.685465, 28.847124, 0.0)
(23.703939, 28.793776, 0.0)
(23.700617, 28.815601, 0.0)
(23.728199, 28.776978, 0.0)
(23.713474, 28.822649, 0.0)
(23.677219, 28.873297, 0.0)
(23.731882, 28.873362, 0.0)
(23.673965, 28.924320, 0.0)
(23.681019, 28.948822, 0.0)
(23.687891, 28.928320, 0.0)
(23.680431, 28.931934, 0.0)
(23.663321, 29.023945, 0.0)
(23.718422, 28.987661, 0.0)
(23.712292, 29.000683, 0.0)
(23.731207, 29.022198, 0.0)
(23.731747, 28.993536, 0.0)
(23.727783, 28.990376, 0.0)
(23.755898, 28.958887, 0.0)
(23.792074, 28.859030, 0.0)
(23.820515, 28.834568, 0.0)
(26.463062, 28.586847, 0.0)
(28.998695, 29.197519, 0.0)
(29.080044, 29.340424, 0.0)
(29.066942, 29.451643, 0.0)
(29.081057, 29.467113, 0.0)
(29.034718, 29.545597, 0.0)
(29.069269, 29.535435, 0.0)
(29.047327, 29.567898, 0.0)
(29.049215, 29.596708, 0.0)
(29.064606, 29.527094, 0.0)
(29.018326, 29.502512, 0.0)
(28.994778, 29.498919, 0.0)
(28.992643, 29.494064, 0.0)
(29.003916, 29.502729, 0.0)
(29.003916, 29.502729, 0.0)
(29.020872, 29.470280, 0.0)
(28.973656, 29.490156, 0.0)
(28.798126, 29.568583, 0.0)
(28.727556, 29.568506, 0.0)
(28.740520, 29.499432, 0.0)
(28.725931, 29.491777, 0.0)
(28.726780, 29.472210, 0.0)
(28.730148, 29.421862, 0.0)
(28.708485, 29.419147, 0.0)
(29.793530, 28.832893, 0.0)
(31.099644, 27.986551, 0.0)
(31.131458, 27.928616, 0.0)
(31.132347, 27.898176, 0.0)
(31.098421, 27.939291, 0.0)
(31.122648, 27.892588, 0.0)
(31.145145, 27.914185, 0.0)
(31.176622, 27.910542, 0.0)
(31.175140, 27.904480, 0.0)
(31.181086, 27.907478, 0.0)
(31.195206, 27.904022, 0.0)
(31.195206, 27.904022, 0.0)
(31.215338, 27.889454, 0.0)
(31.260950, 27.920958, 0.0)
(32.136536, 28.530508, 0.0)
(34.920071, 30.477453, 0.0)
(35.179241, 31.116650, 0.0)
(35.186512, 31.200512, 0.0)
(35.208996, 31.127926, 0.0)
(35.177963, 31.187845, 0.0)
(35.166157, 31.168030, 0.0)
(35.151665, 31.167288, 0.0)
(35.166183, 31.187941, 0.0)
(35.150440, 31.178665, 0.0)
(35.128910, 31.192339, 0.0)
(35.133476, 31.207708, 0.0)
(35.085941, 31.190010, 0.0)
(34.857563, 31.373472, 0.0)
(34.792503, 31.379395, 0.0)
(34.821575, 31.362238, 0.0)
(34.822449, 31.390526, 0.0)
(34.829739, 31.433212, 0.0)
(34.796558, 31.349861, 0.0)
(34.772949, 31.295399, 0.0)
(34.767548, 31.314285, 0.0)
(34.780384, 31.319620, 0.0)
(34.785866, 31.323355, 0.0)
(34.783012, 31.367193, 0.0)
(34.775414, 31.360676, 0.0)
(34.754444, 31.368092, 0.0)
(34.691200, 31.386349, 0.0)
(34.706512, 31.360231, 0.0)
(34.672543, 31.359528, 0.0)
(34.720398, 31.333040, 0.0)
(34.694664, 31.354361, 0.0)
(34.661724, 31.351637, 0.0)
(34.666813, 31.374165, 0.0)
(34.660000, 31.358719, 0.0)
(34.620422, 31.317587, 0.0)
(34.607788, 31.314573, 0.0)
(34.603329, 31.296947, 0.0)
(34.556274, 31.239368, 0.0)
(30.792925, 28.797888, 0.0)
(27.192015, 28.157982, 0.0)
(25.013857, 28.457943, 0.0)
(24.504177, 28.504112, 0.0)
(24.429090, 28.522680, 0.0)
(24.064358, 28.572245, 0.0)
(22.740032, 28.779751, 0.0)
(22.591072, 28.728642, 0.0)
(22.621113, 28.687263, 0.0)
(22.608490, 28.696356, 0.0)
(22.588568, 28.721367, 0.0)
(22.595842, 28.649839, 0.0)
(22.483006, 28.584015, 0.0)
(22.513039, 28.555214, 0.0)
(22.533352, 28.534859, 0.0)
(22.488539, 28.590605, 0.0)
(22.495821, 28.523159, 0.0)
(22.433626, 28.437828, 0.0)
(22.463659, 28.205856, 0.0)
(22.479622, 28.295822, 0.0)
(22.515816, 28.370777, 0.0)
(22.534470, 28.337132, 0.0)
(22.517241, 28.364025, 0.0)
(22.525982, 28.354229, 0.0)
(22.536787, 28.372118, 0.0)
(22.551134, 28.338312, 0.0)
(22.555250, 28.336967, 0.0)
(22.558046, 28.367903, 0.0)
(22.559462, 28.377106, 0.0)
(22.553200, 28.389744, 0.0)
(22.577505, 28.400282, 0.0)
(22.577799, 28.311600, 0.0)
(22.550041, 28.300964, 0.0)
(22.554783, 28.306025, 0.0)
(22.517342, 28.344505, 0.0)
(22.528305, 28.311600, 0.0)
(22.498665, 28.327110, 0.0)
(22.583815, 28.426374, 0.0)
(23.877405, 29.308784, 0.0)
(24.339306, 31.746155, 0.0)
(24.487072, 32.877014, 0.0)
(24.286173, 32.791405, 0.0)
(24.150026, 32.601368, 0.0)
(24.112118, 32.565113, 0.0)
(24.064814, 32.664814, 0.0)
(24.021847, 32.712296, 0.0)
(24.147831, 32.436100, 0.0)
(24.225189, 32.487122, 0.0)
(24.180187, 32.491837, 0.0)
(24.196354, 32.528759, 0.0)
(24.173977, 32.489521, 0.0)
(24.154905, 32.514301, 0.0)
(24.145954, 32.549999, 0.0)
(24.109703, 32.493267, 0.0)
(24.145468, 32.570538, 0.0)
(24.112680, 32.617393, 0.0)
(24.133718, 32.608719, 0.0)
(24.094112, 32.398537, 0.0)
(24.102283, 32.410954, 0.0)
(24.081400, 32.456154, 0.0)
(24.098101, 32.435253, 0.0)
(24.107214, 32.441872, 0.0)
(24.055490, 32.497902, 0.0)
(24.070000, 32.482147, 0.0)
(24.055052, 32.488960, 0.0)
(24.055979, 32.504700, 0.0)
(24.078709, 32.494583, 0.0)
(24.055979, 32.504700, 0.0)
(24.061481, 32.501884, 0.0)
(24.063820, 32.473930, 0.0)
(24.052521, 32.532963, 0.0)
(24.090818, 32.467361, 0.0)
(24.089417, 32.414574, 0.0)
(24.124516, 32.392529, 0.0)
(24.142839, 32.398224, 0.0)
(27.545715, 30.828104, 0.0)
(28.685152, 30.518084, 0.0)
(28.752392, 30.498362, 0.0)
(28.772482, 30.484238, 0.0)
(28.783012, 30.520063, 0.0)
(28.796499, 30.508896, 0.0)
(28.817804, 30.507212, 0.0)
(28.799847, 30.554230, 0.0)
(28.847498, 30.519026, 0.0)
(29.203672, 30.389658, 0.0)
(29.245773, 30.355570, 0.0)
(29.220779, 30.362070, 0.0)
(29.204458, 30.299255, 0.0)
(29.206663, 30.301382, 0.0)
(29.193350, 30.319618, 0.0)
(29.170982, 30.296104, 0.0)
(29.172756, 30.320803, 0.0)
(29.201117, 30.346951, 0.0)
(28.855492, 30.412956, 0.0)
(28.805044, 30.404263, 0.0)
(28.803667, 30.409550, 0.0)
(28.816805, 30.392223, 0.0)
(28.801905, 30.370419, 0.0)
(28.801905, 30.370419, 0.0)
(28.792776, 30.348763, 0.0)
(28.782141, 30.349602, 0.0)
(28.781662, 30.350348, 0.0)
(28.792397, 30.371317, 0.0)
(28.799999, 30.386908, 0.0)
(28.801411, 30.369230, 0.0)
(28.807972, 30.335457, 0.0)
(28.758303, 30.314472, 0.0)
(28.762613, 30.311342, 0.0)
(28.762613, 30.311342, 0.0)
(28.792789, 30.264929, 0.0)
(28.788050, 30.345678, 0.0)
(29.559938, 30.410624, 0.0)
(33.092419, 31.109503, 0.0)
(34.281693, 31.980124, 0.0)
(34.421829, 32.041634, 0.0)
(34.463829, 32.006180, 0.0)
(34.521072, 31.991529, 0.0)
(34.971470, 32.138462, 0.0)
(34.995277, 32.186333, 0.0)
(34.992802, 32.197506, 0.0)
(34.988052, 32.206749, 0.0)
(35.007668, 32.207439, 0.0)
(34.997105, 32.228062, 0.0)
(34.946545, 32.110111, 0.0)
(34.933506, 32.135841, 0.0)
(34.923229, 32.190086, 0.0)
(34.909893, 32.165611, 0.0)
(34.923771, 32.173168, 0.0)
(34.915955, 32.208248, 0.0)
(34.946251, 32.220562, 0.0)
(34.985809, 32.220642, 0.0)
(34.980980, 32.193924, 0.0)
(34.975227, 32.172840, 0.0)
(34.986752, 32.160515, 0.0)
(34.973362, 32.156643, 0.0)
(34.974514, 32.148491, 0.0)
(34.960312, 32.204868, 0.0)
(34.961102, 32.206604, 0.0)
(34.934875, 32.208569, 0.0)
(34.952251, 32.243999, 0.0)
(34.945747, 32.232658, 0.0)
(34.951862, 32.134899, 0.0)
(34.923203, 32.174175, 0.0)
(34.932117, 32.151394, 0.0)
(34.928574, 32.138802, 0.0)
(34.920853, 32.109402, 0.0)
(34.938675, 32.108395, 0.0)
(34.927563, 32.118500, 0.0)
(34.926308, 32.083118, 0.0)
(33.198360, 30.266930, 0.0)
(30.625078, 26.660776, 0.0)
(29.030603, 25.624365, 0.0)
(28.868147, 25.588341, 0.0)
(28.780502, 25.631933, 0.0)
(28.765478, 25.613821, 0.0)
(28.734816, 25.610531, 0.0)
(28.722372, 25.612606, 0.0)
(28.673048, 25.599327, 0.0)
(28.636608, 25.458462, 0.0)
(28.579584, 25.441170, 0.0)
(28.558197, 25.438869, 0.0)
(28.547905, 25.461931, 0.0)
(28.564526, 25.456871, 0.0)
(28.574846, 25.486118, 0.0)
(28.559219, 25.492792, 0.0)
(28.619314, 25.482487, 0.0)
(28.570305, 25.491465, 0.0)
(28.519962, 25.494097, 0.0)
(28.547905, 25.461931, 0.0)
(28.541664, 25.443733, 0.0)
(28.536325, 25.441414, 0.0)
(28.509129, 25.449379, 0.0)
(28.497984, 25.460030, 0.0)
(28.485550, 25.476923, 0.0)
(28.486597, 25.483547, 0.0)
(28.497984, 25.460030, 0.0)
(28.492783, 25.456984, 0.0)
(28.492783, 25.456984, 0.0)
(28.460854, 25.489332, 0.0)
(28.415455, 25.487936, 0.0)
(28.417629, 25.513462, 0.0)
(28.408283, 25.534567, 0.0)
(28.435396, 25.511213, 0.0)
(28.411379, 25.516945, 0.0)
(28.390553, 25.491205, 0.0)
(28.423893, 25.454197, 0.0)
(28.365759, 25.512089, 0.0)
(28.785912, 25.463120, 0.0)
(32.401932, 25.471739, 0.0)
(35.580036, 26.368252, 0.0)
(37.599655, 27.538868, 0.0)
(38.405384, 28.249332, 0.0)
(38.393036, 28.322172, 0.0)
(38.337536, 28.209692, 0.0)
(38.432346, 28.147284, 0.0)
(38.569263, 28.017626, 0.0)
(38.583374, 27.945333, 0.0)
(38.560841, 27.924717, 0.0)
(38.540951, 27.890789, 0.0)
(38.691109, 27.858788, 0.0)
(38.709663, 27.857243, 0.0)
(38.701756, 27.825510, 0.0)
(38.660439, 27.784533, 0.0)
(38.650032, 27.783049, 0.0)
(38.650982, 27.776903, 0.0)
(38.630463, 27.785446, 0.0)
(38.614468, 27.762827, 0.0)
(38.614346, 27.755346, 0.0)
(38.593147, 27.731785, 0.0)
(38.566723, 27.696598, 0.0)
(38.571419, 27.631756, 0.0)
(38.548660, 27.667952, 0.0)
(38.546326, 27.712013, 0.0)
(38.524784, 27.658510, 0.0)
(38.522491, 27.636938, 0.0)
(38.508400, 27.678633, 0.0)
(38.508400, 27.678633, 0.0)
(38.486610, 27.693922, 0.0)
(38.494221, 27.714102, 0.0)
(38.455395, 27.714449, 0.0)
(38.433422, 27.751114, 0.0)
(38.405991, 27.754004, 0.0)
(38.407246, 27.747501, 0.0)
(38.310612, 27.794144, 0.0)
(38.214462, 27.684772, 0.0)
(37.163189, 25.657623, 0.0)
(36.643223, 24.856230, 0.0)
(36.618244, 24.741806, 0.0)
(36.616280, 24.753763, 0.0)
(36.769577, 24.746710, 0.0)
(37.027714, 24.793680, 0.0)
(37.039455, 24.799999, 0.0)
(37.000683, 24.848305, 0.0)
(36.983776, 24.872787, 0.0)
(36.970306, 24.895311, 0.0)
(36.970177, 24.895491, 0.0)
(36.962158, 24.833313, 0.0)
(36.991718, 24.802994, 0.0)
(36.934269, 24.736074, 0.0)
(36.966606, 24.667389, 0.0)
(36.917103, 24.623280, 0.0)
(36.942963, 24.623541, 0.0)
(37.057514, 24.775856, 0.0)
(37.039749, 24.693396, 0.0)
(37.003498, 24.657053, 0.0)
(36.980217, 24.644892, 0.0)
(36.974903, 24.638754, 0.0)
(36.975430, 24.584908, 0.0)
(36.971676, 24.570000, 0.0)
(36.975204, 24.550970, 0.0)
(36.952545, 24.548529, 0.0)
(36.894535, 24.510733, 0.0)
(36.841049, 24.537094, 0.0)
(36.823601, 24.540407, 0.0)
(36.827271, 24.536390, 0.0)
(36.820160, 24.541401, 0.0)
(36.761860, 24.543505, 0.0)
(36.734367, 24.594267, 0.0)
(36.742836, 24.636333, 0.0)
(36.725216, 24.598181, 0.0)
(36.701057, 24.547045, 0.0)
(36.701057, 24.547045, 0.0)
(36.699654, 24.526295, 0.0)
(35.707264, 24.717897, 0.0)
(32.417854, 26.040567, 0.0)
(29.813528, 27.686979, 0.0)
(27.624323, 29.771322, 0.0)
(26.547230, 31.514080, 0.0)
(25.941547, 32.387238, 0.0)
(25.871778, 32.457699, 0.0)
(25.799431, 32.443466, 0.0)
(25.572527, 32.720085, 0.0)
(24.731998, 34.414898, 0.0)
(24.622963, 34.633068, 0.0)
(24.549025, 34.576649, 0.0)
(24.525015, 34.583847, 0.0)
(24.763147, 34.465549, 0.0)
(28.572720, 32.413490, 0.0)
(28.778637, 32.433804, 0.0)
(28.759081, 32.425442, 0.0)
(28.752281, 32.461281, 0.0)
(28.798576, 32.497776, 0.0)
(28.765808, 32.511372, 0.0)
(28.754036, 32.525650, 0.0)
(28.761797, 32.522877, 0.0)
(28.785673, 32.519657, 0.0)
(28.714792, 32.535484, 0.0)
(28.755777, 32.574753, 0.0)
(28.753418, 32.566505, 0.0)
(28.760664, 32.562027, 0.0)
(28.723871, 32.593735, 0.0)
(28.723995, 32.604301, 0.0)
(28.728251, 32.597748, 0.0)
(28.701500, 32.590370, 0.0)
(31.398844, 32.157619, 0.0)
(34.755547, 32.298405, 0.0)
(35.153709, 32.332722, 0.0)
(35.245285, 32.410824, 0.0)
(35.259872, 32.441704, 0.0)
(35.262508, 32.423977, 0.0)
(33.222065, 31.088814, 0.0)
(28.867052, 28.469231, 0.0)
(27.406733, 28.322258, 0.0)
(27.308023, 28.269293, 0.0)
(27.299322, 28.276072, 0.0)
(27.186018, 28.225803, 0.0)
(27.154633, 28.231466, 0.0)
(27.131897, 28.241533, 0.0)
(27.151672, 28.232904, 0.0)
(27.102238, 28.224634, 0.0)
(27.093277, 28.170317, 0.0)
(27.059456, 28.158150, 0.0)
(26.861233, 28.044149, 0.0)
(26.778402, 28.014780, 0.0)
(26.765070, 27.983517, 0.0)
(26.773329, 27.975275, 0.0)
(26.761385, 28.008633, 0.0)
(26.766357, 27.976353, 0.0)
(26.744328, 27.951460, 0.0)
(26.732866, 27.941759, 0.0)
(26.727911, 27.922527, 0.0)
(26.716763, 27.903297, 0.0)
(26.732254, 27.866047, 0.0)
(26.720102, 27.907282, 0.0)
(26.730370, 27.897617, 0.0)
(26.720102, 27.907282, 0.0)
(26.726259, 27.897802, 0.0)
(26.728115, 27.878445, 0.0)
(26.701569, 27.869213, 0.0)
(26.858742, 27.805742, 0.0)
(28.673883, 27.513845, 0.0)
(28.763006, 27.498735, 0.0)
(28.741194, 27.504210, 0.0)
(28.773039, 27.559942, 0.0)
(28.767782, 27.549585, 0.0)
(28.754000, 27.496145, 0.0)
(28.697632, 27.455173, 0.0)
(29.701426, 29.898666, 0.0)
(32.330307, 32.729996, 0.0)
(31.917713, 33.411591, 0.0)
(31.657095, 33.757740, 0.0)
(31.579523, 33.923534, 0.0)
(31.560377, 33.931717, 0.0)
(31.538357, 33.970066, 0.0)
(31.396940, 34.419365, 0.0)
(31.336405, 34.538891, 0.0)
(31.312370, 34.556759, 0.0)
(31.275162, 34.547909, 0.0)
(31.282253, 34.535191, 0.0)
(31.301662, 34.547504, 0.0)
(31.276436, 34.564037, 0.0)
(31.300156, 34.545967, 0.0)
(31.248100, 34.596142, 0.0)
(31.251822, 34.548740, 0.0)
(31.254292, 34.562286, 0.0)
(31.250616, 34.556728, 0.0)
(31.266357, 34.584991, 0.0)
(31.265615, 34.640663, 0.0)
(31.220415, 34.671299, 0.0)
(31.245979, 34.689682, 0.0)
(31.261021, 34.586823, 0.0)
(31.020046, 32.154301, 0.0)
(31.129299, 28.855221, 0.0)
(31.084059, 28.478220, 0.0)
(31.001308, 28.471794, 0.0)
(31.005009, 28.534872, 0.0)
(30.999229, 28.565128, 0.0)
(30.985954, 28.569328, 0.0)
(30.939240, 28.581312, 0.0)
(30.937782, 28.596430, 0.0)
(30.939396, 28.552311, 0.0)
(30.941408, 28.501205, 0.0)
(30.938017, 28.509228, 0.0)
(32.929451, 27.082020, 0.0)
(36.335464, 25.957895, 0.0)
(37.894619, 26.319527, 0.0)
(38.109474, 26.481098, 0.0)
(38.110348, 26.459442, 0.0)
(38.093975, 26.414623, 0.0)
(38.530563, 26.228477, 0.0)
(38.502148, 26.207954, 0.0)
(38.450184, 26.104187, 0.0)
(38.427372, 26.098248, 0.0)
(38.430843, 26.101547, 0.0)
(38.386372, 26.070930, 0.0)
(38.352131, 26.136240, 0.0)
(38.318710, 26.142187, 0.0)
(38.305038, 26.125904, 0.0)
(38.271587, 26.089729, 0.0)
(38.267284, 26.083952, 0.0)
(38.205284, 26.045721, 0.0)
(38.171139, 26.058826, 0.0)
(38.168922, 26.097206, 0.0)
(38.164013, 26.092308, 0.0)
(38.174381, 26.122089, 0.0)
(38.157555, 26.098446, 0.0)
(38.145874, 26.107769, 0.0)
(38.137592, 26.087967, 0.0)
(38.133251, 26.097242, 0.0)
(36.564007, 25.748798, 0.0)
(32.861237, 25.601046, 0.0)
(32.238369, 25.650026, 0.0)
(32.188869, 25.623636, 0.0)
(32.177589, 25.632359, 0.0)
(32.181099, 25.656099, 0.0)
(32.099407, 25.656376, 0.0)
(32.176800, 25.657246, 0.0)
(32.138729, 25.671225, 0.0)
(32.094627, 25.664957, 0.0)
(32.056648, 25.657112, 0.0)
(32.042946, 25.693935, 0.0)
(32.377056, 25.978699, 0.0)
(35.909744, 28.953913, 0.0)
(37.606049, 30.955091, 0.0)
(37.890293, 31.446920, 0.0)
(37.895428, 31.412275, 0.0)
(37.903275, 31.371796, 0.0)
(37.923698, 31.392307, 0.0)
(37.899544, 31.899092, 0.0)
(37.901348, 31.947180, 0.0)
(37.929436, 31.953527, 0.0)
(37.902260, 31.910997, 0.0)
(37.908463, 31.919294, 0.0)
(37.895245, 31.884222, 0.0)
(37.910583, 31.842285, 0.0)
(37.931114, 31.766470, 0.0)
(37.941738, 31.757738, 0.0)
(37.912495, 31.740225, 0.0)
(37.917976, 31.752384, 0.0)
(37.889614, 31.750372, 0.0)
(37.896427, 31.716671, 0.0)
(37.881927, 31.673645, 0.0)
(37.886658, 31.671118, 0.0)
(37.870136, 31.658974, 0.0)
(37.874092, 31.617094, 0.0)
(37.896347, 31.580704, 0.0)
(37.856499, 31.592537, 0.0)
(37.858337, 31.621059, 0.0)
(37.854908, 31.632088, 0.0)
(37.871250, 31.653385, 0.0)
(37.876358, 31.676142, 0.0)
(37.879696, 31.645857, 0.0)
(37.897339, 31.628666, 0.0)
(37.896641, 31.634958, 0.0)
(37.874508, 31.669870, 0.0)
(37.891483, 31.671104, 0.0)
(37.875759, 31.682701, 0.0)
(37.885063, 31.633821, 0.0)
(37.867546, 31.563986, 0.0)
(37.761372, 31.545938, 0.0)
(34.136810, 32.605919, 0.0)
(31.679760, 33.838619, 0.0)
(30.730747, 34.441879, 0.0)
(30.546970, 34.586708, 0.0)
(30.520853, 34.545521, 0.0)
(30.488211, 34.550484, 0.0)
(29.684086, 34.750813, 0.0)
(29.486132, 34.804749, 0.0)
(29.480619, 34.784668, 0.0)
(29.459993, 34.812954, 0.0)
(29.450325, 34.838676, 0.0)
(29.422657, 34.889824, 0.0)
(29.430426, 34.908512, 0.0)
(29.422417, 34.883118, 0.0)
(29.657331, 34.917202, 0.0)
(29.626665, 34.973442, 0.0)
(29.629766, 34.973637, 0.0)
(29.569359, 34.948357, 0.0)
(29.638611, 34.925293, 0.0)
(29.598022, 34.949001, 0.0)
(29.621752, 34.968246, 0.0)
(29.617218, 34.972919, 0.0)
(29.607800, 34.989666, 0.0)
(29.618067, 35.015156, 0.0)
(29.619715, 34.984383, 0.0)
(29.607454, 35.002987, 0.0)
(29.619877, 35.025028, 0.0)
(29.611778, 34.988678, 0.0)
(29.621210, 35.018936, 0.0)
(29.627771, 34.985832, 0.0)
(29.606461, 34.974129, 0.0)
(29.608290, 34.960812, 0.0)
(29.622740, 34.969978, 0.0)
(29.624527, 34.964931, 0.0)
(29.627771, 34.985832, 0.0)
(29.622999, 34.992466, 0.0)
(30.013926, 33.625832, 0.0)
(31.334923, 28.181890, 0.0)
(31.686787, 26.149725, 0.0)
(31.674435, 26.080166, 0.0)
(31.629633, 26.114326, 0.0)
(31.923069, 25.639160, 0.0)
(32.260578, 25.085533, 0.0)
(32.235039, 25.003431, 0.0)
(32.239655, 25.035555, 0.0)
(32.226879, 25.016026, 0.0)
(32.224327, 24.984615, 0.0)
(32.210033, 24.888889, 0.0)
(32.210896, 24.879452, 0.0)
(32.182938, 24.840574, 0.0)
(32.205353, 24.828312, 0.0)
(32.194118, 24.844633, 0.0)
(32.199749, 24.842552, 0.0)
(32.206097, 24.872509, 0.0)
(32.171463, 24.851858, 0.0)
(32.130707, 24.388697, 0.0)
(32.150352, 24.261950, 0.0)
(32.155628, 24.385967, 0.0)
(32.158695, 24.397902, 0.0)
(32.139256, 24.425875, 0.0)
(32.118233, 24.423777, 0.0)
(32.103275, 24.431454, 0.0)
(32.120457, 24.438314, 0.0)
(32.112373, 24.433416, 0.0)
(32.083408, 24.427994, 0.0)
(32.071400, 24.441929, 0.0)
(32.035713, 24.416756, 0.0)
(32.016319, 24.394569, 0.0)
(31.986917, 24.406454, 0.0)
(31.968277, 24.406094, 0.0)
(31.959982, 24.418343, 0.0)
(30.476639, 25.663237, 0.0)
(27.851257, 28.693382, 0.0)
(26.515589, 30.937574, 0.0)
(26.066780, 31.783289, 0.0)
(25.967264, 31.907030, 0.0)
(25.860998, 31.832344, 0.0)
(25.786570, 31.804625, 0.0)
(25.774841, 31.780708, 0.0)
(25.729710, 31.768595, 0.0)
(25.447456, 32.176117, 0.0)
(25.396338, 32.346169, 0.0)
(25.402178, 32.354462, 0.0)
(25.402178, 32.354462, 0.0)
(25.396261, 32.351501, 0.0)
(25.395216, 32.338848, 0.0)
(25.392723, 32.329929, 0.0)
(25.396648, 32.344822, 0.0)
(25.384201, 32.349232, 0.0)
(25.376890, 32.379128, 0.0)
(27.597960, 31.648802, 0.0)
(28.634232, 31.394695, 0.0)
(28.704378, 31.349281, 0.0)
(28.687984, 31.344538, 0.0)
(28.722851, 31.321022, 0.0)
(28.737549, 31.329292, 0.0)
(28.748363, 31.295576, 0.0)
(28.744883, 31.283419, 0.0)
(28.753439, 31.282509, 0.0)
(28.760950, 31.311764, 0.0)
(28.759499, 31.312145, 0.0)
(28.775593, 31.327568, 0.0)
(28.796701, 31.372690, 0.0)
(28.796894, 31.371931, 0.0)
(28.821701, 31.348225, 0.0)
(28.828279, 31.377968, 0.0)
(28.850651, 31.395887, 0.0)
(28.818771, 31.324562, 0.0)
(29.723022, 30.928011, 0.0)
(33.703564, 29.018370, 0.0)
(35.845535, 28.495136, 0.0)
(35.978561, 28.398882, 0.0)
(36.012032, 28.417961, 0.0)
(36.045219, 28.414417, 0.0)
(36.028595, 28.428770, 0.0)
(36.333607, 28.429068, 0.0)
(36.413567, 28.448185, 0.0)
(36.414875, 28.437737, 0.0)
(36.400085, 28.465467, 0.0)
(36.422695, 28.439135, 0.0)
(36.373215, 28.491274, 0.0)
(36.363434, 28.513817, 0.0)
(36.391571, 28.530636, 0.0)
(36.367840, 28.522766, 0.0)
(36.350983, 28.536615, 0.0)
(36.316307, 28.539366, 0.0)
(36.331089, 28.485329, 0.0)
(36.350800, 28.503992, 0.0)
(36.359245, 28.538538, 0.0)
(36.333473, 28.554470, 0.0)
(36.358582, 28.545252, 0.0)
(36.348698, 28.583834, 0.0)
(36.281811, 28.590410, 0.0)
(36.290440, 28.593994, 0.0)
(36.283436, 28.590605, 0.0)
(36.291229, 28.606262, 0.0)
(36.283253, 28.622185, 0.0)
(36.277332, 28.629023, 0.0)
(36.294189, 28.619125, 0.0)
(36.272732, 28.609604, 0.0)
(36.253826, 28.622824, 0.0)
(36.245697, 28.597126, 0.0)
(36.252792, 28.627008, 0.0)
(36.236290, 28.627226, 0.0)
(36.236500, 28.612164, 0.0)
(36.241596, 28.673872, 0.0)
(35.282761, 28.226486, 0.0)
(32.429653, 26.708887, 0.0)
(32.312813, 26.668743, 0.0)
(32.256855, 26.579741, 0.0)
(32.148903, 26.534769, 0.0)
(32.134399, 26.525805, 0.0)
(32.131931, 26.545467, 0.0)
(32.132504, 26.561539, 0.0)
(32.163971, 26.569752, 0.0)
(32.194500, 26.592110, 0.0)
(32.179108, 26.549192, 0.0)
(32.397549, 26.351933, 0.0)
(32.409912, 26.340935, 0.0)
(32.478149, 26.310154, 0.0)
(32.467842, 26.297749, 0.0)
(32.484653, 26.272947, 0.0)
(32.511307, 26.261299, 0.0)
(32.505524, 26.239227, 0.0)
(32.468529, 26.231297, 0.0)
(32.456295, 26.209183, 0.0)
(32.466831, 26.197802, 0.0)
(32.453842, 26.153683, 0.0)
(32.246468, 26.163189, 0.0)
(32.191299, 26.137005, 0.0)
(32.182095, 26.105700, 0.0)
(32.209286, 26.139889, 0.0)
(32.202995, 26.135227, 0.0)
(32.181667, 26.114286, 0.0)
(32.167377, 26.115088, 0.0)
(32.157673, 26.114857, 0.0)
(32.169674, 26.120070, 0.0)
(32.145432, 26.097752, 0.0)
(32.160824, 26.103220, 0.0)
(32.146362, 26.083942, 0.0)
(32.153622, 26.089924, 0.0)
(32.130726, 26.137278, 0.0)
(32.139610, 26.138609, 0.0)
(32.087730, 26.162474, 0.0)
(30.633818, 27.351944, 0.0)
(27.876793, 29.569170, 0.0)
(27.215807, 30.790806, 0.0)
(27.034100, 30.950983, 0.0)
(26.971186, 30.912508, 0.0)
(27.286909, 31.004683, 0.0)
(27.319954, 31.025064, 0.0)
(27.283937, 31.042891, 0.0)
(27.279915, 31.040512, 0.0)
(27.270226, 31.030828, 0.0)
(27.286060, 31.062830, 0.0)
(27.276123, 31.067455, 0.0)
(27.270382, 31.098545, 0.0)
(27.263304, 31.101419, 0.0)
(27.262283, 31.087500, 0.0)
(27.242867, 31.071062, 0.0)
(27.267292, 31.050335, 0.0)
(27.256544, 31.065416, 0.0)
(27.238052, 31.045578, 0.0)
(27.231287, 31.065140, 0.0)
(27.235798, 31.101856, 0.0)
(27.217989, 31.120338, 0.0)
(27.191994, 31.064396, 0.0)
(27.166803, 31.067034, 0.0)
(27.156559, 31.055405, 0.0)
(27.186594, 31.053553, 0.0)
(27.199442, 31.088074, 0.0)
(27.201559, 31.097805, 0.0)
(27.223972, 31.117449, 0.0)
(27.216011, 31.134125, 0.0)
(27.216011, 31.134125, 0.0)
(27.173332, 31.159433, 0.0)
(27.221443, 31.136284, 0.0)
(27.230623, 31.136274, 0.0)
(27.221443, 31.136284, 0.0)
(27.226023, 31.137642, 0.0)
(27.221443, 31.136284, 0.0)
(28.185022, 30.821396, 0.0)
(32.080677, 29.521179, 0.0)
(32.395267, 29.570961, 0.0)
(32.407207, 29.536072, 0.0)
(32.430260, 29.556892, 0.0)
(32.471855, 29.549814, 0.0)
(32.508892, 29.567905, 0.0)
(32.889084, 29.565748, 0.0)
(32.902729, 29.660950, 0.0)
(32.903328, 29.718546, 0.0)
(32.872005, 29.720146, 0.0)
(32.917973, 29.715921, 0.0)
(32.935787, 29.718042, 0.0)
(32.886761, 29.679281, 0.0)
(32.910339, 29.680855, 0.0)
(32.817024, 29.675888, 0.0)
(32.765034, 29.721998, 0.0)
(32.540623, 29.719643, 0.0)
(32.459984, 29.712503, 0.0)
(32.464664, 29.714827, 0.0)
(32.459984, 29.712503, 0.0)
(32.467678, 29.696472, 0.0)
(32.491764, 29.633345, 0.0)
(32.483166, 29.669266, 0.0)
(32.537910, 29.616833, 0.0)
(32.550728, 29.600836, 0.0)
(32.534267, 29.608791, 0.0)
(32.511974, 29.568682, 0.0)
(32.514954, 29.519274, 0.0)
(32.524361, 29.486263, 0.0)
(32.516617, 29.473398, 0.0)
(32.509079, 29.470932, 0.0)
(32.509079, 29.470932, 0.0)
(32.516144, 29.445482, 0.0)
(32.522884, 29.416451, 0.0)
(32.530384, 29.392374, 0.0)
(32.496479, 29.353981, 0.0)
(32.490055, 29.337063, 0.0)
(35.129368, 27.333424, 0.0)
(37.278694, 26.937153, 0.0)
(37.569141, 27.044970, 0.0)
(37.588547, 27.052486, 0.0)
(37.593151, 27.034319, 0.0)
(37.592918, 27.021032, 0.0)
(37.606598, 27.007618, 0.0)
(37.619247, 26.973797, 0.0)
(37.645618, 26.968565, 0.0)
(37.638771, 26.953846, 0.0)
(37.631821, 26.935083, 0.0)
(37.682587, 26.980289, 0.0)
(37.639671, 26.968744, 0.0)
(37.642345, 26.963215, 0.0)
(37.678463, 27.001543, 0.0)
(37.677612, 27.008400, 0.0)
(37.682835, 27.007359, 0.0)
(37.644569, 27.002947, 0.0)
(37.674973, 27.015049, 0.0)
(37.671616, 27.005074, 0.0)
(37.631451, 27.006971, 0.0)
(37.612900, 26.968744, 0.0)
(37.578186, 26.945469, 0.0)
(37.530636, 26.955141, 0.0)
(37.553936, 26.919001, 0.0)
(37.525951, 26.937792, 0.0)
(37.527012, 26.932863, 0.0)
(37.519390, 26.939003, 0.0)
(37.512783, 26.936701, 0.0)
(37.512783, 26.936701, 0.0)
(37.469257, 26.974360, 0.0)
(37.456646, 27.019978, 0.0)
(37.465137, 27.018286, 0.0)
(37.424614, 27.021088, 0.0)
(37.421936, 27.039970, 0.0)
(37.380283, 27.055466, 0.0)
(37.397911, 27.043674, 0.0)
(35.765484, 27.027905, 0.0)
(31.607861, 27.802429, 0.0)
(28.730822, 29.509415, 0.0)
(26.799112, 31.551735, 0.0)
(25.454384, 33.154305, 0.0)
(24.846294, 34.016838, 0.0)
(24.722858, 34.221821, 0.0)
(24.593416, 34.163372, 0.0)
(24.558500, 34.169231, 0.0)
(24.925058, 34.419617, 0.0)
(24.921062, 34.595802, 0.0)
(24.890450, 34.565125, 0.0)
(24.872709, 34.588806, 0.0)
(24.872261, 34.576164, 0.0)
(24.889633, 34.617611, 0.0)
(24.898718, 34.571236, 0.0)
(24.895782, 34.564880, 0.0)
(24.780346, 34.626152, 0.0)
(24.780346, 34.626152, 0.0)
(24.802483, 34.630997, 0.0)
(24.810184, 34.609020, 0.0)
(24.823599, 34.619629, 0.0)
(24.797934, 34.608185, 0.0)
(24.798223, 34.575787, 0.0)
(24.799423, 34.554173, 0.0)
(24.792410, 34.507530, 0.0)
(24.814919, 34.411678, 0.0)
(24.799843, 34.413559, 0.0)
(24.771776, 34.449867, 0.0)
(24.765179, 34.408417, 0.0)
(24.735792, 34.443024, 0.0)
(24.818443, 34.394764, 0.0)
(24.805868, 34.367302, 0.0)
(24.810820, 34.327221, 0.0)
(24.800995, 34.327698, 0.0)
(24.810329, 34.320057, 0.0)
(24.812490, 34.280373, 0.0)
(24.804449, 34.269955, 0.0)
(26.000771, 33.617950, 0.0)
(30.743849, 31.766594, 0.0)
(32.382751, 31.609964, 0.0)
(32.487377, 31.614542, 0.0)
(32.443932, 31.652340, 0.0)
(32.635353, 31.651733, 0.0)
(33.060524, 31.469215, 0.0)
(33.119019, 31.503777, 0.0)
(33.113895, 31.525908, 0.0)
(33.122471, 31.514904, 0.0)
(33.127998, 31.569109, 0.0)
(33.151642, 31.554848, 0.0)
(33.166630, 31.608799, 0.0)
(33.144726, 31.625660, 0.0)
(33.158760, 31.645779, 0.0)
(33.121365, 31.640308, 0.0)
(33.124134, 31.648882, 0.0)
(33.108414, 31.676336, 0.0)
(33.104828, 31.681141, 0.0)
(33.099094, 31.667669, 0.0)
(33.092384, 31.684690, 0.0)
(33.114525, 31.682211, 0.0)
(33.096981, 31.679121, 0.0)
(33.092876, 31.662151, 0.0)
(33.072685, 31.625332, 0.0)
(33.111717, 31.649647, 0.0)
(33.118870, 31.651073, 0.0)
(33.126293, 31.653448, 0.0)
(33.096210, 31.717602, 0.0)
(33.133186, 31.670265, 0.0)
(33.121799, 31.666485, 0.0)
(33.104443, 31.568079, 0.0)
(33.123230, 31.540819, 0.0)
(33.096394, 31.499521, 0.0)
(33.077164, 31.490507, 0.0)
(33.087753, 31.495537, 0.0)
(33.080200, 31.497078, 0.0)
(33.091553, 31.487841, 0.0)
(34.360462, 32.392593, 0.0)
(36.493778, 33.786179, 0.0)
(36.630245, 34.232853, 0.0)
(36.642155, 34.115578, 0.0)
(36.652821, 34.053814, 0.0)
(36.671188, 34.019985, 0.0)
(36.710495, 34.077396, 0.0)
(36.635204, 34.317657, 0.0)
(36.631142, 34.260098, 0.0)
(36.625011, 34.146873, 0.0)
(36.603233, 34.162323, 0.0)
(36.646877, 34.165874, 0.0)
(36.629295, 34.140011, 0.0)
(36.617863, 34.129589, 0.0)
(36.695393, 34.177174, 0.0)
(36.739468, 34.199833, 0.0)
(36.697025, 34.133335, 0.0)
(36.705650, 34.191898, 0.0)
(36.679802, 34.115719, 0.0)
(36.690750, 34.095726, 0.0)
(36.697105, 34.101315, 0.0)
(36.691101, 34.082642, 0.0)
(36.697617, 34.097488, 0.0)
(36.698784, 34.088642, 0.0)
(36.714458, 34.119900, 0.0)
(36.693237, 34.071293, 0.0)
(36.702900, 34.081673, 0.0)
(36.677357, 34.075825, 0.0)
(36.682537, 34.048035, 0.0)
(36.700348, 34.028931, 0.0)
(36.678959, 34.022236, 0.0)
(36.653240, 33.943829, 0.0)
(36.632027, 33.924126, 0.0)
(36.646446, 33.933563, 0.0)
(36.646408, 33.906372, 0.0)
(36.672901, 33.850307, 0.0)
(36.684937, 33.778072, 0.0)
(36.669411, 33.789963, 0.0)
(36.688225, 33.713470, 0.0)
(36.707027, 33.671253, 0.0)
(36.708897, 33.647228, 0.0)
(36.657780, 33.611622, 0.0)
(36.696751, 33.609356, 0.0)
(36.661705, 33.630650, 0.0)
(36.653614, 33.616901, 0.0)
(36.661919, 33.630054, 0.0)
(36.668472, 33.682289, 0.0)
(36.682838, 33.702644, 0.0)
(36.657207, 33.758507, 0.0)
(36.649803, 33.766350, 0.0)
(36.628109, 33.773144, 0.0)
(36.642948, 33.792553, 0.0)
(36.635990, 33.790001, 0.0)
(36.647957, 33.806652, 0.0)
(36.658813, 33.814556, 0.0)
(36.673058, 33.799320, 0.0)
(36.661404, 33.857304, 0.0)
(36.676987, 33.795803, 0.0)
(36.674374, 33.792736, 0.0)
(36.651402, 33.868767, 0.0)
(36.665886, 33.834259, 0.0)
(36.676609, 33.899151, 0.0)
(36.658298, 33.967472, 0.0)
(36.705502, 34.033722, 0.0)
(36.706486, 33.992611, 0.0)
(36.733318, 33.987926, 0.0)
(36.728218, 34.060684, 0.0)
(36.741985, 34.017181, 0.0)
(36.737064, 34.044510, 0.0)
(36.753479, 34.030998, 0.0)
(36.764759, 34.050816, 0.0)
(36.755951, 34.038765, 0.0)
(36.744926, 34.030308, 0.0)
(36.735260, 34.032265, 0.0)
(36.173103, 33.245964, 0.0)
