path,zone,kind,qualname,name,start_line,end_line,loc,statement_count,branch_count,parameter_count,decorator_count,has_docstring,calls,semantic_hash
hardware/pynq/hgtxr/e2e_axis_dma_overlay.py,maintained,class,E2EAxisDmaRuntimeConfig,E2EAxisDmaRuntimeConfig,27,35,9,9,0,0,1,False,,
hardware/pynq/hgtxr/e2e_axis_dma_overlay.py,maintained,class,HgtxrE2EAxisDmaOverlay,HgtxrE2EAxisDmaOverlay,38,278,241,174,43,0,0,False,,
hardware/pynq/hgtxr/e2e_axis_dma_overlay.py,maintained,function,HgtxrE2EAxisDmaOverlay.__init__,__init__,39,50,12,12,4,2,0,False,E2EAxisDmaRuntimeConfig;Overlay;Path;RuntimeError;_find_ip;exists;getattr;hasattr;parse_registers_from_hwh;self._find_dma;str,3d5860e81d9daa410f0d
hardware/pynq/hgtxr/e2e_axis_dma_overlay.py,maintained,function,HgtxrE2EAxisDmaOverlay._find_dma,_find_dma,52,60,9,9,4,2,0,False,RuntimeError;attr.endswith;getattr;hasattr;key.endswith;key.replace,45c9d8b04805bc2b4588
hardware/pynq/hgtxr/e2e_axis_dma_overlay.py,maintained,function,HgtxrE2EAxisDmaOverlay.close,close,62,66,5,5,2,1,0,False,buf.free;hasattr;self.buffers.clear,54c48329258f947612fd
hardware/pynq/hgtxr/e2e_axis_dma_overlay.py,maintained,function,HgtxrE2EAxisDmaOverlay._free_buffers_since,_free_buffers_since,68,73,6,6,2,2,0,False,buf.free;hasattr,d37f501148ecbb99026e
hardware/pynq/hgtxr/e2e_axis_dma_overlay.py,maintained,function,HgtxrE2EAxisDmaOverlay.__enter__,__enter__,75,76,2,2,0,1,0,False,,3b707c35a2b1865d00c9
hardware/pynq/hgtxr/e2e_axis_dma_overlay.py,maintained,function,HgtxrE2EAxisDmaOverlay.__exit__,__exit__,78,80,3,3,0,2,0,False,self.close,65496e63f38c586f91df
hardware/pynq/hgtxr/e2e_axis_dma_overlay.py,maintained,function,HgtxrE2EAxisDmaOverlay._phys,_phys,83,88,6,6,2,1,1,False,hasattr;int,58ee4fcc2fe158d3575d
hardware/pynq/hgtxr/e2e_axis_dma_overlay.py,maintained,function,HgtxrE2EAxisDmaOverlay._alloc_axis_frame,_alloc_axis_frame,90,103,14,13,2,2,0,False,allocate;arr.astype;arr.reshape;astype;int;np.asarray;np.clip;np.issubdtype;np.rint;raw.reshape;self.buffers.append,41d8bd43f683586f5c72
hardware/pynq/hgtxr/e2e_axis_dma_overlay.py,maintained,function,HgtxrE2EAxisDmaOverlay._alloc_weights,_alloc_weights,105,119,15,14,3,2,0,False,ValueError;allocate;buf.free;hasattr;np.asarray;reshape;self.buffers.append,afca4f250583408e9312
hardware/pynq/hgtxr/e2e_axis_dma_overlay.py,maintained,function,HgtxrE2EAxisDmaOverlay._alloc_zero,_alloc_zero,121,125,5,5,0,3,0,False,allocate;self.buffers.append,14da5c84b5e09ed6d8e6
hardware/pynq/hgtxr/e2e_axis_dma_overlay.py,maintained,function,HgtxrE2EAxisDmaOverlay._write_addr,_write_addr,127,144,18,18,6,3,0,False,KeyError;hasattr;int;self.hwh_registers.get;self.mmio.write;setattr,5bbee0cc47f22f40f014
hardware/pynq/hgtxr/e2e_axis_dma_overlay.py,maintained,function,HgtxrE2EAxisDmaOverlay._write_scalar,_write_scalar,146,153,8,8,3,3,0,False,KeyError;hasattr;int;self.hwh_registers.get;self.mmio.write;setattr,2d23f6258089a6d99e8d
hardware/pynq/hgtxr/e2e_axis_dma_overlay.py,maintained,function,HgtxrE2EAxisDmaOverlay._start,_start,155,159,5,5,2,1,0,False,hasattr;self.mmio.read;self.mmio.write,c4dfa179ede77efc8cc3
hardware/pynq/hgtxr/e2e_axis_dma_overlay.py,maintained,function,HgtxrE2EAxisDmaOverlay._done,_done,161,164,4,4,2,1,0,False,bool;hasattr;self.mmio.read,8b8237ac07d9a1be33bd
hardware/pynq/hgtxr/e2e_axis_dma_overlay.py,maintained,function,HgtxrE2EAxisDmaOverlay._wait_channel,_wait_channel,167,169,3,3,1,1,1,False,channel.wait;hasattr,519281412ac40dec6d17
hardware/pynq/hgtxr/e2e_axis_dma_overlay.py,maintained,function,HgtxrE2EAxisDmaOverlay.run,run,171,180,10,3,0,4,0,False,self.run_profiled,1be9ed3e1d28bb2ffc5d
hardware/pynq/hgtxr/e2e_axis_dma_overlay.py,maintained,function,HgtxrE2EAxisDmaOverlay.run_profiled,run_profiled,182,278,97,57,10,4,0,False,TimeoutError;astype;buf.flush;buf.invalidate;from_fixed16;hasattr;int;len;list;np.array;np.asarray;self._alloc_axis_frame;self._alloc_weights;self._alloc_zero;self._done;self._free_buffers_since;self._phys;self._start;self._wait_channel;self._write_addr;self._write_scalar;self.dma_in.sendchannel.transfer;self.dma_out.recvchannel.transfer;time.monotonic;time.perf_counter;time.sleep;view,5ee80ad9ce9beef62fc9
hardware/pynq/hgtxr/e2e_m_axi_overlay.py,maintained,class,E2EMaxiRuntimeConfig,E2EMaxiRuntimeConfig,27,33,7,7,0,0,1,False,,
hardware/pynq/hgtxr/e2e_m_axi_overlay.py,maintained,class,HgtxrE2EMaxiOverlay,HgtxrE2EMaxiOverlay,36,153,118,101,27,0,0,False,,
hardware/pynq/hgtxr/e2e_m_axi_overlay.py,maintained,function,HgtxrE2EMaxiOverlay.__init__,__init__,37,46,10,10,4,2,0,False,E2EMaxiRuntimeConfig;Overlay;Path;RuntimeError;_find_ip;exists;getattr;hasattr;parse_registers_from_hwh;str,03c711d0640939b75572
hardware/pynq/hgtxr/e2e_m_axi_overlay.py,maintained,function,HgtxrE2EMaxiOverlay.close,close,48,52,5,5,2,1,0,False,buf.free;hasattr;self.buffers.clear,54c48329258f947612fd
hardware/pynq/hgtxr/e2e_m_axi_overlay.py,maintained,function,HgtxrE2EMaxiOverlay.__enter__,__enter__,54,55,2,2,0,1,0,False,,ec3f05b653a530df97e9
hardware/pynq/hgtxr/e2e_m_axi_overlay.py,maintained,function,HgtxrE2EMaxiOverlay.__exit__,__exit__,57,59,3,3,0,2,0,False,self.close,65496e63f38c586f91df
hardware/pynq/hgtxr/e2e_m_axi_overlay.py,maintained,function,HgtxrE2EMaxiOverlay._phys,_phys,62,67,6,6,2,1,1,False,hasattr;int,58ee4fcc2fe158d3575d
hardware/pynq/hgtxr/e2e_m_axi_overlay.py,maintained,function,HgtxrE2EMaxiOverlay._alloc_frame,_alloc_frame,69,74,6,6,0,2,0,False,allocate;reshape;self.buffers.append;to_fixed16,821b1b702d6c84003a8a
hardware/pynq/hgtxr/e2e_m_axi_overlay.py,maintained,function,HgtxrE2EMaxiOverlay._alloc_weights,_alloc_weights,76,90,15,14,3,2,0,False,ValueError;allocate;buf.free;hasattr;np.asarray;reshape;self.buffers.append,afca4f250583408e9312
hardware/pynq/hgtxr/e2e_m_axi_overlay.py,maintained,function,HgtxrE2EMaxiOverlay._alloc_zero,_alloc_zero,92,96,5,5,0,3,0,False,allocate;self.buffers.append,14da5c84b5e09ed6d8e6
hardware/pynq/hgtxr/e2e_m_axi_overlay.py,maintained,function,HgtxrE2EMaxiOverlay._write_addr,_write_addr,98,115,18,18,6,3,0,False,KeyError;hasattr;int;self.hwh_registers.get;self.mmio.write;setattr,5bbee0cc47f22f40f014
hardware/pynq/hgtxr/e2e_m_axi_overlay.py,maintained,function,HgtxrE2EMaxiOverlay._start,_start,117,121,5,5,2,1,0,False,hasattr;self.mmio.read;self.mmio.write,c4dfa179ede77efc8cc3
hardware/pynq/hgtxr/e2e_m_axi_overlay.py,maintained,function,HgtxrE2EMaxiOverlay._done,_done,123,126,4,4,2,1,0,False,bool;hasattr;self.mmio.read,8b8237ac07d9a1be33bd
hardware/pynq/hgtxr/e2e_m_axi_overlay.py,maintained,function,HgtxrE2EMaxiOverlay.run,run,128,153,26,22,6,3,0,False,TimeoutError;buf.flush;buf.invalidate;from_fixed16;hasattr;np.array;self._alloc_frame;self._alloc_weights;self._alloc_zero;self._done;self._phys;self._start;self._write_addr;time.monotonic;time.sleep,8f9905f9d5d1acee0419
hardware/pynq/hgtxr/e2e_m_axi_weights.py,maintained,function,_nibble,_nibble,154,155,2,2,0,1,0,False,int,2d743b8e5dd9cc7e37f9
hardware/pynq/hgtxr/e2e_m_axi_weights.py,maintained,function,set_q4_weight,set_q4_weight,158,164,7,7,0,3,0,False,_nibble;int;np.uint32,c82405962c256a09a946
hardware/pynq/hgtxr/e2e_m_axi_weights.py,maintained,function,get_q4_weight_raw,get_q4_weight_raw,167,173,7,7,1,2,0,False,int,97e1d08eecc98257a5a1
hardware/pynq/hgtxr/e2e_m_axi_weights.py,maintained,function,build_active196_b6_ff768_weights,build_active196_b6_ff768_weights,176,223,48,38,12,0,0,False,np.zeros;range;set_q4_weight,270b5902cc8653e48ea8
hardware/pynq/hgtxr/hgtxr_overlay.py,maintained,class,RuntimeConfig,RuntimeConfig,94,100,7,7,0,0,1,False,,
hardware/pynq/hgtxr/hgtxr_overlay.py,maintained,class,HgtxrOverlay,HgtxrOverlay,103,209,107,91,24,0,0,False,,
hardware/pynq/hgtxr/hgtxr_overlay.py,maintained,function,to_fixed16,to_fixed16,25,30,6,6,1,2,0,False,arr.astype;astype;float;np.asarray;np.clip;np.issubdtype;np.rint,cb8d4ab3abfebc2dacdd
hardware/pynq/hgtxr/hgtxr_overlay.py,maintained,function,from_fixed16,from_fixed16,33,34,2,2,0,2,0,False,astype;float;np.asarray,7ef13c3594399e49ed24
hardware/pynq/hgtxr/hgtxr_overlay.py,maintained,function,parse_registers_from_hwh,parse_registers_from_hwh,37,78,42,33,21,1,0,False,ET.parse;child.attrib.get;child.tag.rsplit;getroot;int;lower;node.attrib.get;node.tag.rsplit;root.iter;strip,6cae360e6e38456cbb3d
hardware/pynq/hgtxr/hgtxr_overlay.py,maintained,function,_find_ip,_find_ip,81,90,10,10,6,2,0,False,RuntimeError;first.replace;getattr;iter;name.lower;name.replace;next,51a5fb2d920c91f65a42
hardware/pynq/hgtxr/hgtxr_overlay.py,maintained,function,HgtxrOverlay.__init__,__init__,104,113,10,10,4,2,0,False,Overlay;Path;RuntimeConfig;RuntimeError;_find_ip;exists;getattr;hasattr;parse_registers_from_hwh;str,05b384a0ef0b3bcfe4a4
hardware/pynq/hgtxr/hgtxr_overlay.py,maintained,function,HgtxrOverlay.close,close,115,119,5,5,2,1,0,False,buf.free;hasattr;self.buffers.clear,54c48329258f947612fd
hardware/pynq/hgtxr/hgtxr_overlay.py,maintained,function,HgtxrOverlay.__enter__,__enter__,121,122,2,2,0,1,0,False,,1b8b218768cfba9d62ad
hardware/pynq/hgtxr/hgtxr_overlay.py,maintained,function,HgtxrOverlay.__exit__,__exit__,124,126,3,3,0,2,0,False,self.close,65496e63f38c586f91df
hardware/pynq/hgtxr/hgtxr_overlay.py,maintained,function,HgtxrOverlay._phys,_phys,129,134,6,6,2,1,1,False,hasattr;int,58ee4fcc2fe158d3575d
hardware/pynq/hgtxr/hgtxr_overlay.py,maintained,function,HgtxrOverlay._alloc,_alloc,136,141,6,6,0,3,0,False,allocate;reshape;self.buffers.append;to_fixed16,b40c473fe8cb1c4ba31c
hardware/pynq/hgtxr/hgtxr_overlay.py,maintained,function,HgtxrOverlay._alloc_zero,_alloc_zero,143,147,5,5,0,3,0,False,allocate;self.buffers.append,6d6cca863367499d4eb0
hardware/pynq/hgtxr/hgtxr_overlay.py,maintained,function,HgtxrOverlay._write_addr,_write_addr,149,167,19,18,6,3,0,False,KeyError;hasattr;int;self.hwh_registers.get;self.mmio.write;setattr,5bbee0cc47f22f40f014
hardware/pynq/hgtxr/hgtxr_overlay.py,maintained,function,HgtxrOverlay._start,_start,169,173,5,5,2,1,0,False,hasattr;self.mmio.read;self.mmio.write,c4dfa179ede77efc8cc3
hardware/pynq/hgtxr/hgtxr_overlay.py,maintained,function,HgtxrOverlay._done,_done,175,178,4,4,2,1,0,False,bool;hasattr;self.mmio.read,8b8237ac07d9a1be33bd
hardware/pynq/hgtxr/hgtxr_overlay.py,maintained,function,HgtxrOverlay.run,run,180,209,30,26,6,5,0,False,TimeoutError;buf.flush;buf.invalidate;from_fixed16;hasattr;np.array;self._alloc;self._alloc_zero;self._done;self._phys;self._start;self._write_addr;time.monotonic;time.sleep,313435427cda61d23f82
hardware/pynq/hgtxr/run_e2e_axis_dma_hybrid_smoke.py,maintained,function,parse_args,parse_args,64,87,24,24,3,1,0,False,argparse.ArgumentParser;parser.add_argument;parser.error;parser.parse_args;sorted,9af31a600b07bce652c1
hardware/pynq/hgtxr/run_e2e_axis_dma_hybrid_smoke.py,maintained,function,mode_sequence,mode_sequence,90,93,4,4,1,1,0,False,ValueError,7ce78e7e4c32934f2d57
hardware/pynq/hgtxr/run_e2e_axis_dma_hybrid_smoke.py,maintained,function,run_one,run_one,96,125,30,7,0,6,0,False,astype;int;make_frame;np.asarray;reshape;runtime.run_profiled;tolist,8d56bc01bd856c489053
hardware/pynq/hgtxr/run_e2e_axis_dma_hybrid_smoke.py,maintained,function,samples_for,samples_for,128,134,7,7,3,2,0,False,float;get;isinstance;values.append,499d757825920423c763
hardware/pynq/hgtxr/run_e2e_axis_dma_hybrid_smoke.py,maintained,function,ms_samples_for,ms_samples_for,137,138,2,2,1,2,0,False,samples_for,f37b1383fbedeff22572
hardware/pynq/hgtxr/run_e2e_axis_dma_hybrid_smoke.py,maintained,function,mode_summary,mode_summary,141,167,27,11,4,3,0,False,accelerator_summary.get;all;float;isinstance;len;ms_samples_for;samples_for;summarize_optional_samples;summarize_samples,f6e1adbc0f1428fba3f4
hardware/pynq/hgtxr/run_e2e_axis_dma_hybrid_smoke.py,maintained,function,run_hybrid_smoke,run_hybrid_smoke,170,255,86,29,21,1,0,False,E2EAxisDmaRuntimeConfig;HgtxrE2EAxisDmaOverlay;all;artifact_paths;bool;len;measured_runs.append;mode_sequence;mode_summary;ms_samples_for;range;run_one;samples_for;str;sum;summarize_optional_samples;summarize_samples;warmup_runs.append,7960ddc4e5d0acbf38a5
hardware/pynq/hgtxr/run_e2e_axis_dma_hybrid_smoke.py,maintained,function,write_json,write_json,258,260,3,3,0,2,0,False,json.dumps;path.parent.mkdir;path.write_text,1a3e960240336a217326
hardware/pynq/hgtxr/run_e2e_axis_dma_hybrid_smoke.py,maintained,function,main,main,263,270,8,8,2,1,0,False,json.dumps;parse_args;print;run_hybrid_smoke;write_json,b3a9fc0c694754fc1c93
hardware/pynq/hgtxr/run_e2e_axis_dma_smoke.py,maintained,function,make_frame,make_frame,55,61,7,7,2,2,0,False,ValueError;astype;np.indices;np.zeros,835b65e588fcf6dfc778
hardware/pynq/hgtxr/run_e2e_axis_dma_smoke.py,maintained,function,make_weights,make_weights,64,75,12,12,5,2,0,False,ValueError;build_active196_b6_ff768_weights;np.array;np.fromfile,3113e35a159d58bd648a
hardware/pynq/hgtxr/run_e2e_axis_dma_smoke.py,maintained,function,default_expected_runtime_state,default_expected_runtime_state,78,79,2,2,1,1,0,False,,1683247e7ceb9173463f
hardware/pynq/hgtxr/run_e2e_axis_dma_smoke.py,maintained,function,artifact_paths,artifact_paths,82,85,4,4,0,1,0,False,,f38f65ca035bfa9a82e1
hardware/pynq/hgtxr/run_e2e_axis_dma_smoke.py,maintained,function,parse_args,parse_args,88,114,27,27,2,1,0,False,argparse.ArgumentParser;parser.add_argument;parser.error;parser.parse_args;sorted,a4bad1e5ccdcb4411884
hardware/pynq/hgtxr/run_e2e_axis_dma_smoke.py,maintained,function,percentile,percentile,117,121,5,5,1,2,0,False,float;np.asarray;np.percentile,f68ee8da097301bb67d8
hardware/pynq/hgtxr/run_e2e_axis_dma_smoke.py,maintained,function,summarize_samples,summarize_samples,124,144,21,5,1,1,0,False,float;int;np.asarray;np.max;np.mean;np.median;np.min;percentile,cb249c96355fbf23ca5f
hardware/pynq/hgtxr/run_e2e_axis_dma_smoke.py,maintained,function,summarize_optional_samples,summarize_optional_samples,147,151,5,5,1,1,0,False,float;len;summarize_samples,66f0ee1e6988cec7560f
hardware/pynq/hgtxr/run_e2e_axis_dma_smoke.py,maintained,function,run_smoke,run_smoke,154,261,108,40,23,1,0,False,E2EAxisDmaRuntimeConfig;HgtxrE2EAxisDmaOverlay;MODE_PROFILE_RUNTIME_STATE.get;all;artifact_paths;astype;default_expected_runtime_state;float;int;len;list;make_frame;make_weights;measured_runs.append;np.asarray;output_matches.append;range;reshape;runtime.run;runtime.run_profiled;str;summarize_optional_samples;summarize_samples;tolist,6e6fba3c8d92230048ab
hardware/pynq/hgtxr/run_e2e_axis_dma_smoke.py,maintained,function,write_json,write_json,264,266,3,3,0,2,0,False,json.dumps;path.parent.mkdir;path.write_text,1a3e960240336a217326
hardware/pynq/hgtxr/run_e2e_axis_dma_smoke.py,maintained,function,main,main,269,276,8,8,2,1,0,False,json.dumps;parse_args;print;run_smoke;write_json,ca425001d7c28d46f09d
hardware/pynq/hgtxr/run_e2e_m_axi_smoke.py,maintained,function,make_frame,make_frame,22,28,7,7,2,1,0,False,ValueError;astype;np.indices;np.zeros,d543054644b74d51f4b5
hardware/pynq/hgtxr/run_e2e_m_axi_smoke.py,maintained,function,make_weights,make_weights,31,42,12,12,5,2,0,False,ValueError;build_active196_b6_ff768_weights;np.array;np.fromfile,3113e35a159d58bd648a
hardware/pynq/hgtxr/run_e2e_m_axi_smoke.py,maintained,function,default_expected_runtime_state,default_expected_runtime_state,45,46,2,2,1,1,0,False,,1683247e7ceb9173463f
hardware/pynq/hgtxr/run_e2e_m_axi_smoke.py,maintained,function,parse_args,parse_args,49,63,15,15,0,1,0,False,argparse.ArgumentParser;parser.add_argument;parser.parse_args,3fba4d3e2b7a7676215d
hardware/pynq/hgtxr/run_e2e_m_axi_smoke.py,maintained,function,run_smoke,run_smoke,66,104,39,15,8,1,0,False,E2EMaxiRuntimeConfig;HgtxrE2EMaxiOverlay;astype;default_expected_runtime_state;int;list;make_frame;make_weights;np.asarray;reshape;runtime.run;str;tolist,ccff9f7b0bed741d5db3
hardware/pynq/hgtxr/run_e2e_m_axi_smoke.py,maintained,function,write_json,write_json,107,109,3,3,0,2,0,False,json.dumps;path.parent.mkdir;path.write_text,1a3e960240336a217326
hardware/pynq/hgtxr/run_e2e_m_axi_smoke.py,maintained,function,main,main,112,119,8,8,2,1,0,False,json.dumps;parse_args;print;run_smoke;write_json,ca425001d7c28d46f09d
hardware/pynq/hgtxr/test_hgtxr_overlay.py,test,class,FakeBuffer,FakeBuffer,29,64,36,25,1,0,0,False,,
hardware/pynq/hgtxr/test_hgtxr_overlay.py,test,class,FakeMMIO,FakeMMIO,67,80,14,12,2,0,0,False,,
hardware/pynq/hgtxr/test_hgtxr_overlay.py,test,class,FakeIp,FakeIp,83,85,3,3,0,0,0,False,,
hardware/pynq/hgtxr/test_hgtxr_overlay.py,test,class,FakeOverlay,FakeOverlay,88,91,4,4,0,0,0,False,,
hardware/pynq/hgtxr/test_hgtxr_overlay.py,test,class,FakeDmaChannel,FakeDmaChannel,94,104,11,9,0,0,0,False,,
hardware/pynq/hgtxr/test_hgtxr_overlay.py,test,class,FakeDma,FakeDma,107,111,5,5,0,0,0,False,,
hardware/pynq/hgtxr/test_hgtxr_overlay.py,test,class,FakeAxisOverlay,FakeAxisOverlay,114,119,6,6,0,0,0,False,,
hardware/pynq/hgtxr/test_hgtxr_overlay.py,test,class,E2EMaxiOverlayRuntimeTests,E2EMaxiOverlayRuntimeTests,122,213,92,66,6,0,0,False,,
hardware/pynq/hgtxr/test_hgtxr_overlay.py,test,class,E2EAxisDmaOverlayRuntimeTests,E2EAxisDmaOverlayRuntimeTests,216,286,71,50,1,0,0,False,,
hardware/pynq/hgtxr/test_hgtxr_overlay.py,test,class,FakeAxisSmokeRuntime,FakeAxisSmokeRuntime,289,316,28,17,0,0,0,False,,
hardware/pynq/hgtxr/test_hgtxr_overlay.py,test,class,E2EAxisDmaSmokeCliTests,E2EAxisDmaSmokeCliTests,319,425,107,54,6,0,0,False,,
hardware/pynq/hgtxr/test_hgtxr_overlay.py,test,class,FakeSmokeRuntime,FakeSmokeRuntime,428,445,18,14,0,0,0,False,,
hardware/pynq/hgtxr/test_hgtxr_overlay.py,test,class,E2EMaxiSmokeCliTests,E2EMaxiSmokeCliTests,448,506,59,52,7,0,0,False,,
hardware/pynq/hgtxr/test_hgtxr_overlay.py,test,class,E2EMaxiSmokeCliTests.test_smoke_golden_mode_checks_expected_output_raw.GoldenRuntime,GoldenRuntime,488,492,5,5,0,0,0,False,,
hardware/pynq/hgtxr/test_hgtxr_overlay.py,test,class,E2EMaxiWeightBuilderTests,E2EMaxiWeightBuilderTests,509,539,31,24,0,0,0,False,,
hardware/pynq/hgtxr/test_hgtxr_overlay.py,test,class,E2EMaxiWeightExportTests,E2EMaxiWeightExportTests,542,557,16,15,1,0,0,False,,
hardware/pynq/hgtxr/test_hgtxr_overlay.py,test,class,HgtxrOverlayHelperTests,HgtxrOverlayHelperTests,560,578,19,15,2,0,0,False,,
hardware/pynq/hgtxr/test_hgtxr_overlay.py,test,function,FakeBuffer.__init__,__init__,32,38,7,7,0,3,0,False,np.zeros,de449482dab7ef0848d4
hardware/pynq/hgtxr/test_hgtxr_overlay.py,test,function,FakeBuffer.__array__,__array__,40,41,2,2,1,3,0,False,np.array;np.asarray,523f13f3be01768d0242
hardware/pynq/hgtxr/test_hgtxr_overlay.py,test,function,FakeBuffer.__getitem__,__getitem__,43,44,2,2,0,2,0,False,,5e9373ae598bbec96e99
hardware/pynq/hgtxr/test_hgtxr_overlay.py,test,function,FakeBuffer.__setitem__,__setitem__,46,47,2,2,0,3,0,False,,182af4efeddc0bdb6b13
hardware/pynq/hgtxr/test_hgtxr_overlay.py,test,function,FakeBuffer.size,size,50,51,2,2,0,1,1,False,int,95bd291b820276383800
hardware/pynq/hgtxr/test_hgtxr_overlay.py,test,function,FakeBuffer.flush,flush,53,54,2,2,0,1,0,False,,1c59d735157fd59983d3
hardware/pynq/hgtxr/test_hgtxr_overlay.py,test,function,FakeBuffer.invalidate,invalidate,56,57,2,2,0,1,0,False,,6c521f133f326feea64c
hardware/pynq/hgtxr/test_hgtxr_overlay.py,test,function,FakeBuffer.free,free,59,60,2,2,0,1,0,False,,35bd3fc0aa0996da6108
hardware/pynq/hgtxr/test_hgtxr_overlay.py,test,function,FakeBuffer.ctypes,ctypes,63,64,2,2,0,1,1,False,,69dc463d158d2e10d506
hardware/pynq/hgtxr/test_hgtxr_overlay.py,test,function,FakeMMIO.__init__,__init__,68,71,4,4,0,2,0,False,,4d67c6a2d85b20abba0f
hardware/pynq/hgtxr/test_hgtxr_overlay.py,test,function,FakeMMIO.write,write,73,77,5,5,2,3,0,False,self.writes.append,112f322b84e4e1f300df
hardware/pynq/hgtxr/test_hgtxr_overlay.py,test,function,FakeMMIO.read,read,79,80,2,2,0,2,0,False,self.registers.get,d3bdefb7c8e7eca7851d
hardware/pynq/hgtxr/test_hgtxr_overlay.py,test,function,FakeIp.__init__,__init__,84,85,2,2,0,2,0,False,,fc1236640c4e8071f07d
hardware/pynq/hgtxr/test_hgtxr_overlay.py,test,function,FakeOverlay.__init__,__init__,89,91,3,3,0,3,0,False,FakeIp,4fee8f3a44d392b1e6df
hardware/pynq/hgtxr/test_hgtxr_overlay.py,test,function,FakeDmaChannel.__init__,__init__,95,98,4,4,0,2,0,False,,9d62076edacb45d5e4e6
hardware/pynq/hgtxr/test_hgtxr_overlay.py,test,function,FakeDmaChannel.transfer,transfer,100,101,2,2,0,2,0,False,self.transfers.append,b0842b79109ef32cc037
hardware/pynq/hgtxr/test_hgtxr_overlay.py,test,function,FakeDmaChannel.wait,wait,103,104,2,2,0,1,0,False,,7ae5f923bff84881bfd0
hardware/pynq/hgtxr/test_hgtxr_overlay.py,test,function,FakeDma.__init__,__init__,108,111,4,4,0,2,0,False,FakeDmaChannel,f7bedf11d6b5e6c610e8
hardware/pynq/hgtxr/test_hgtxr_overlay.py,test,function,FakeAxisOverlay.__init__,__init__,115,119,5,5,0,3,0,False,FakeDma;FakeIp,d06f7ec81aa4954b514b
hardware/pynq/hgtxr/test_hgtxr_overlay.py,test,function,E2EMaxiOverlayRuntimeTests.setUp,setUp,123,148,26,13,0,1,0,False,FakeMMIO;FakeOverlay;Path;mock.patch.object;self.addCleanup;self.allocate_patcher.start;self.hwh.write_text;self.overlay_patcher.start;tempfile.TemporaryDirectory,65cc968626b7f9770107
hardware/pynq/hgtxr/test_hgtxr_overlay.py,test,function,E2EMaxiOverlayRuntimeTests.tearDown,tearDown,150,151,2,2,0,1,0,False,self.tmpdir.cleanup,12a284cb8d15bb688ffa
hardware/pynq/hgtxr/test_hgtxr_overlay.py,test,function,E2EMaxiOverlayRuntimeTests._allocate,_allocate,153,156,4,4,0,3,0,False,FakeBuffer;np.dtype;self.buffers.append;tuple,2bf74dab032f16238448
hardware/pynq/hgtxr/test_hgtxr_overlay.py,test,function,E2EMaxiOverlayRuntimeTests._runtime,_runtime,158,165,8,3,0,1,0,False,Path;e2e.E2EMaxiRuntimeConfig;e2e.HgtxrE2EMaxiOverlay,473fb8f05b0a9b1564d6
hardware/pynq/hgtxr/test_hgtxr_overlay.py,test,function,E2EMaxiOverlayRuntimeTests.test_e2e_m_axi_alloc_weights_defaults_to_zero,test_e2e_m_axi_alloc_weights_defaults_to_zero,167,174,8,8,1,1,0,False,mock.patch.object;np.all;np.dtype;runtime._alloc_weights;self._runtime;self.assertEqual;self.assertIn;self.assertTrue,bf49e3baba8d883fca38
hardware/pynq/hgtxr/test_hgtxr_overlay.py,test,function,E2EMaxiOverlayRuntimeTests.test_e2e_m_axi_alloc_weights_copies_partial_and_frees_on_oversize,test_e2e_m_axi_alloc_weights_copies_partial_and_frees_on_oversize,176,184,9,9,2,1,0,False,mock.patch.object;np.arange;np.array;np.testing.assert_array_equal;runtime._alloc_weights;self._runtime;self.assertEqual;self.assertNotIn;self.assertRaises,267c11419d6f0c9c3a66
hardware/pynq/hgtxr/test_hgtxr_overlay.py,test,function,E2EMaxiOverlayRuntimeTests.test_e2e_m_axi_write_addr_and_control_bits,test_e2e_m_axi_write_addr_and_control_bits,186,193,8,8,0,1,0,False,runtime._done;runtime._start;runtime._write_addr;self._runtime;self.assertIn;self.assertTrue,85d6cacf1a4d80e2b5db
hardware/pynq/hgtxr/test_hgtxr_overlay.py,test,function,E2EMaxiOverlayRuntimeTests.test_e2e_m_axi_run_writes_args_flushes_invalidates_and_closes,test_e2e_m_axi_run_writes_args_flushes_invalidates_and_closes,195,213,19,18,3,1,0,False,int;len;np.array;np.zeros;runtime.close;runtime.run;self._runtime;self.assertEqual,47e33c1631f681443545
hardware/pynq/hgtxr/test_hgtxr_overlay.py,test,function,E2EAxisDmaOverlayRuntimeTests.setUp,setUp,217,239,23,13,0,1,0,False,FakeAxisOverlay;FakeMMIO;Path;mock.patch.object;self.addCleanup;self.allocate_patcher.start;self.hwh.write_text;self.overlay_patcher.start;tempfile.TemporaryDirectory,4f481a10e07f2096b645
hardware/pynq/hgtxr/test_hgtxr_overlay.py,test,function,E2EAxisDmaOverlayRuntimeTests.tearDown,tearDown,241,242,2,2,0,1,0,False,self.tmpdir.cleanup,12a284cb8d15bb688ffa
hardware/pynq/hgtxr/test_hgtxr_overlay.py,test,function,E2EAxisDmaOverlayRuntimeTests._allocate,_allocate,244,247,4,4,0,3,0,False,FakeBuffer;np.dtype;self.buffers.append;tuple,2bf74dab032f16238448
hardware/pynq/hgtxr/test_hgtxr_overlay.py,test,function,E2EAxisDmaOverlayRuntimeTests._runtime,_runtime,249,256,8,3,0,1,0,False,Path;axis_dma.E2EAxisDmaRuntimeConfig;axis_dma.HgtxrE2EAxisDmaOverlay,b8f1462426d3445314a9
hardware/pynq/hgtxr/test_hgtxr_overlay.py,test,function,E2EAxisDmaOverlayRuntimeTests.test_e2e_axis_dma_frame_pack_uses_raw_low_byte_contract,test_e2e_axis_dma_frame_pack_uses_raw_low_byte_contract,258,267,10,10,0,1,0,False,int;np.all;np.zeros;runtime._alloc_axis_frame;self._runtime;self.assertEqual;self.assertTrue,423a04264f8405378212
hardware/pynq/hgtxr/test_hgtxr_overlay.py,test,function,E2EAxisDmaOverlayRuntimeTests.test_e2e_axis_dma_run_writes_args_and_drives_dma,test_e2e_axis_dma_run_writes_args_and_drives_dma,269,286,18,17,1,1,0,False,len;np.array;np.zeros;runtime.run;self._runtime;self.assertEqual,b85c606679c8a50a41b4
hardware/pynq/hgtxr/test_hgtxr_overlay.py,test,function,FakeAxisSmokeRuntime.__init__,__init__,294,295,2,2,0,2,0,False,,7ace695404025163cd71
hardware/pynq/hgtxr/test_hgtxr_overlay.py,test,function,FakeAxisSmokeRuntime.__enter__,__enter__,297,298,2,2,0,1,0,False,,506a57eba68bfad57b98
hardware/pynq/hgtxr/test_hgtxr_overlay.py,test,function,FakeAxisSmokeRuntime.__exit__,__exit__,300,301,2,2,0,2,0,False,,c6cd77742ffdd3092920
hardware/pynq/hgtxr/test_hgtxr_overlay.py,test,function,FakeAxisSmokeRuntime.run,run,303,305,3,3,0,4,0,False,self.run_profiled,110ffd9f5ed253c4daf3
hardware/pynq/hgtxr/test_hgtxr_overlay.py,test,function,FakeAxisSmokeRuntime.run_profiled,run_profiled,307,316,10,4,0,4,0,False,FakeAxisSmokeRuntime.calls.append;FakeAxisSmokeRuntime.output.copy;np.array;np.asarray,df6a6491ae8dc42d1fea
hardware/pynq/hgtxr/test_hgtxr_overlay.py,test,function,E2EAxisDmaSmokeCliTests.setUp,setUp,320,323,4,4,0,1,0,False,np.zeros,8019bde118d0508f76f2
hardware/pynq/hgtxr/test_hgtxr_overlay.py,test,function,E2EAxisDmaSmokeCliTests.test_axis_dma_smoke_live_mode_passes_single_live_weight_word,test_axis_dma_smoke_live_mode_passes_single_live_weight_word,325,330,6,6,1,1,0,False,axis_smoke.parse_args;axis_smoke.run_smoke;int;mock.patch.object;self.assertEqual,7d72c2c4cb36c50514cb
hardware/pynq/hgtxr/test_hgtxr_overlay.py,test,function,E2EAxisDmaSmokeCliTests.test_axis_dma_smoke_c3b_variant_selects_c3b_artifacts,test_axis_dma_smoke_c3b_variant_selects_c3b_artifacts,332,337,6,6,1,1,0,False,axis_smoke.parse_args;axis_smoke.run_smoke;endswith;mock.patch.object;self.assertEqual;self.assertTrue,e852719943e9768e9674
hardware/pynq/hgtxr/test_hgtxr_overlay.py,test,function,E2EAxisDmaSmokeCliTests.test_axis_dma_runtime_mode_search_uses_search_shape_and_control,test_axis_dma_runtime_mode_search_uses_search_shape_and_control,339,360,22,11,1,1,0,False,axis_smoke.parse_args;axis_smoke.run_smoke;mock.patch.object;self.assertEqual;self.assertIsNone,4a0a0d8c067f7e2b97fb
hardware/pynq/hgtxr/test_hgtxr_overlay.py,test,function,E2EAxisDmaSmokeCliTests.test_axis_dma_runtime_mode_track_uses_track_shape_and_control,test_axis_dma_runtime_mode_track_uses_track_shape_and_control,362,383,22,11,1,1,0,False,axis_smoke.parse_args;axis_smoke.run_smoke;mock.patch.object;self.assertEqual;self.assertIsNone,3e326931860b618f8b07
hardware/pynq/hgtxr/test_hgtxr_overlay.py,test,function,E2EAxisDmaSmokeCliTests.test_axis_dma_par32_rom_compute_variant_checks_search_expected_raw,test_axis_dma_par32_rom_compute_variant_checks_search_expected_raw,385,418,34,9,1,1,0,False,axis_smoke.parse_args;axis_smoke.run_smoke;endswith;mock.patch.object;np.array;self.assertEqual;self.assertTrue,c68f772b98cdc2c94cf2
hardware/pynq/hgtxr/test_hgtxr_overlay.py,test,function,E2EAxisDmaSmokeCliTests.test_axis_dma_smoke_file_mode_loads_binary,test_axis_dma_smoke_file_mode_loads_binary,420,425,6,6,1,1,0,False,Path;axis_smoke.make_weights;np.array;np.testing.assert_array_equal;tempfile.TemporaryDirectory;tofile,554a7c3a0262a4ba547f
hardware/pynq/hgtxr/test_hgtxr_overlay.py,test,function,FakeSmokeRuntime.__init__,__init__,432,434,3,3,0,2,0,False,,62192dfa2688909e2866
hardware/pynq/hgtxr/test_hgtxr_overlay.py,test,function,FakeSmokeRuntime.__enter__,__enter__,436,437,2,2,0,1,0,False,,506a57eba68bfad57b98
hardware/pynq/hgtxr/test_hgtxr_overlay.py,test,function,FakeSmokeRuntime.__exit__,__exit__,439,441,3,3,0,2,0,False,,032db27e14373f482092
hardware/pynq/hgtxr/test_hgtxr_overlay.py,test,function,FakeSmokeRuntime.run,run,443,445,3,3,0,3,0,False,FakeSmokeRuntime.calls.append;np.array;np.asarray;np.zeros,5e7d83ba70f188484818
hardware/pynq/hgtxr/test_hgtxr_overlay.py,test,function,E2EMaxiSmokeCliTests.setUp,setUp,449,451,3,3,0,1,0,False,,66a707eb183b53c533f8
hardware/pynq/hgtxr/test_hgtxr_overlay.py,test,function,E2EMaxiSmokeCliTests.test_smoke_defaults_use_live_weight_runtime_state_2,test_smoke_defaults_use_live_weight_runtime_state_2,453,456,4,4,0,1,0,False,self.assertEqual;smoke.default_expected_runtime_state;smoke.parse_args,f83bd659d9cbc3aa990f
hardware/pynq/hgtxr/test_hgtxr_overlay.py,test,function,E2EMaxiSmokeCliTests.test_smoke_live_mode_passes_single_live_weight_word,test_smoke_live_mode_passes_single_live_weight_word,458,463,6,6,1,1,0,False,int;mock.patch.object;self.assertEqual;smoke.parse_args;smoke.run_smoke,3f6c104c5fcbd3fa9d5a
hardware/pynq/hgtxr/test_hgtxr_overlay.py,test,function,E2EMaxiSmokeCliTests.test_smoke_zero_mode_uses_default_weight_allocation_contract,test_smoke_zero_mode_uses_default_weight_allocation_contract,465,472,8,8,1,1,0,False,mock.patch.object;np.all;self.assertEqual;self.assertIsNone;self.assertTrue;smoke.parse_args;smoke.run_smoke,763e731ec25f0d7814e4
hardware/pynq/hgtxr/test_hgtxr_overlay.py,test,function,E2EMaxiSmokeCliTests.test_smoke_main_writes_json_and_returns_failure_on_runtime_mismatch,test_smoke_main_writes_json_and_returns_failure_on_runtime_mismatch,474,485,12,12,3,1,0,False,Path;contextlib.redirect_stdout;io.StringIO;json.loads;json_out.read_text;mock.patch.object;self.assertEqual;smoke.main;str;tempfile.TemporaryDirectory,4594963c37e98d1458fa
hardware/pynq/hgtxr/test_hgtxr_overlay.py,test,function,E2EMaxiSmokeCliTests.test_smoke_golden_mode_checks_expected_output_raw,test_smoke_golden_mode_checks_expected_output_raw,487,499,13,12,1,1,0,False,FakeSmokeRuntime.calls.append;int;mock.patch.object;np.array;np.asarray;self.assertEqual;smoke.parse_args;smoke.run_smoke,2cd1df97546e9d3b8c9e
hardware/pynq/hgtxr/test_hgtxr_overlay.py,test,function,E2EMaxiSmokeCliTests.test_smoke_golden_mode_checks_expected_output_raw.GoldenRuntime.run,run,489,492,4,4,0,3,0,False,FakeSmokeRuntime.calls.append;np.array;np.asarray,f60d8f61aeb0fc74d930
hardware/pynq/hgtxr/test_hgtxr_overlay.py,test,function,E2EMaxiSmokeCliTests.test_smoke_file_mode_loads_exported_u32_binary,test_smoke_file_mode_loads_exported_u32_binary,501,506,6,6,1,1,0,False,Path;np.array;np.testing.assert_array_equal;smoke.make_weights;tempfile.TemporaryDirectory;tofile,63edd042203c08b34664
hardware/pynq/hgtxr/test_hgtxr_overlay.py,test,function,E2EMaxiWeightBuilderTests.test_q4_packing_lanes_and_signed_decode,test_q4_packing_lanes_and_signed_decode,510,519,10,10,0,1,0,False,int;np.zeros;self.assertEqual;weights.get_q4_weight_raw;weights.set_q4_weight,452c523ea52de6bac39f
hardware/pynq/hgtxr/test_hgtxr_overlay.py,test,function,E2EMaxiWeightBuilderTests.test_active196_b6_ff768_weights_match_known_offsets,test_active196_b6_ff768_weights_match_known_offsets,521,539,19,13,0,1,0,False,int;np.all;np.dtype;self.assertEqual;self.assertTrue;weights.build_active196_b6_ff768_weights;weights.get_q4_weight_raw,90ee44ee0831bb619ded
hardware/pynq/hgtxr/test_hgtxr_overlay.py,test,function,E2EMaxiWeightExportTests.test_export_weights_writes_binary_and_manifest,test_export_weights_writes_binary_and_manifest,543,557,15,14,1,1,0,False,Path;export_weights.export_weights;json.loads;manifest_path.read_text;np.fromfile;self.assertEqual;tempfile.TemporaryDirectory;weights.get_q4_weight_raw,3a84906ec991424b5bd7
hardware/pynq/hgtxr/test_hgtxr_overlay.py,test,function,HgtxrOverlayHelperTests.test_fixed16_round_trip,test_fixed16_round_trip,561,564,4,4,0,1,0,False,from_fixed16;np.array;np.testing.assert_allclose;to_fixed16,224ea71d5b1d812a3d32
hardware/pynq/hgtxr/test_hgtxr_overlay.py,test,function,HgtxrOverlayHelperTests.test_parse_registers_from_hwh_minimal,test_parse_registers_from_hwh_minimal,566,570,5,5,1,1,0,False,Path;hwh.write_text;parse_registers_from_hwh;self.assertEqual;tempfile.TemporaryDirectory,d2a0a2aaaef0c631cd11
hardware/pynq/hgtxr/test_hgtxr_overlay.py,test,function,HgtxrOverlayHelperTests.test_parse_registers_from_vivado_hwh_attributes,test_parse_registers_from_vivado_hwh_attributes,572,578,7,5,1,1,0,False,Path;hwh.write_text;parse_registers_from_hwh;self.assertEqual;tempfile.TemporaryDirectory,3e1b662e6d493dff9d65
hardware/scripts/report/collect_no_board_reports.py,maintained,class,HlsModuleReport,HlsModuleReport,29,94,66,51,12,0,1,False,,
hardware/scripts/report/collect_no_board_reports.py,maintained,function,HlsModuleReport.pct,pct,62,65,4,4,2,3,0,False,,09653afeb18844d8f613
hardware/scripts/report/collect_no_board_reports.py,maintained,function,HlsModuleReport.to_row,to_row,67,94,28,15,10,1,0,False,asdict;self.pct,9541fb9e7bd3290244cb
hardware/scripts/report/collect_no_board_reports.py,maintained,function,text,text,97,102,6,6,3,2,0,False,node.text.strip;root.find,b83638c02f33457988b1
hardware/scripts/report/collect_no_board_reports.py,maintained,function,to_int,to_int,105,111,7,6,3,1,0,False,float;int;value.replace,bc28b23633d0e491567a
hardware/scripts/report/collect_no_board_reports.py,maintained,function,to_float,to_float,114,120,7,6,3,1,0,False,float;value.replace,4d340bd53e6f46cc9684
hardware/scripts/report/collect_no_board_reports.py,maintained,function,variant_from_path,variant_from_path,123,131,9,8,4,2,0,False,len;startswith;xml_path.relative_to,ff44fcc40494b575c2fa
hardware/scripts/report/collect_no_board_reports.py,maintained,function,module_from_path,module_from_path,134,140,7,7,3,2,0,False,len;name.endswith,9fb5445176d86f063b50
hardware/scripts/report/collect_no_board_reports.py,maintained,function,csim_log_for,csim_log_for,143,153,11,8,2,2,0,False,candidate.exists;module_from_path;variant_from_path,3870d37dfcb6596c3879
hardware/scripts/report/collect_no_board_reports.py,maintained,function,parse_hls_xml,parse_hls_xml,156,223,68,14,4,5,0,False,ET.parse;HlsModuleReport;bool;csim_log_for;getroot;module_from_path;str;text;to_float;to_int;variant_from_path;xml_path.exists,85f4cd86989b237983e0
hardware/scripts/report/collect_no_board_reports.py,maintained,function,collect_reports,collect_reports,226,237,12,8,2,3,0,False,datetime.now;generated_root.glob;isoformat;parse_hls_xml;parsed.to_row;reports.append;sorted,eaf4bbc15e67c016b134
hardware/scripts/report/collect_no_board_reports.py,maintained,function,write_csv,write_csv,240,248,9,9,2,2,0,False,csv.DictWriter;keys;list;path.open;path.write_text;writer.writeheader;writer.writerows,f018a4c9e6c9942554e4
hardware/scripts/report/collect_no_board_reports.py,maintained,function,fmt,fmt,251,256,6,6,2,1,0,False,isinstance;str,406f023c3ee64c591de2
hardware/scripts/report/collect_no_board_reports.py,maintained,function,is_top_row,is_top_row,259,267,9,5,2,1,0,False,any;str;xml_path.endswith,3c08cfaaae7a902817ca
hardware/scripts/report/collect_no_board_reports.py,maintained,function,p0_violations,p0_violations,270,310,41,22,11,1,0,True,any;is_top_row;isinstance;required_rows.extend;required_tops.items;violations.append,5506c24165d3502a9806
hardware/scripts/report/collect_no_board_reports.py,maintained,function,write_markdown,write_markdown,313,397,85,11,5,2,0,False,fmt;format;is_top_row;join;lines.append;lines.extend;sorted;str;write_text,06dfd4b9f9f5ea8e5464
hardware/scripts/report/collect_no_board_reports.py,maintained,function,main,main,400,440,41,28,4,0,0,False,Path;argparse.ArgumentParser;collect_reports;is_top_row;json.dumps;len;out_dir.mkdir;p0_violations;parser.add_argument;parser.parse_args;print;write_csv;write_markdown;write_text,8b5f1104d3814bc6791f
hardware/tests/test_audit_final_unblock_candidates.py,test,class,AuditFinalUnblockCandidatesTests,AuditFinalUnblockCandidatesTests,23,134,112,55,1,0,0,False,,
hardware/tests/test_audit_final_unblock_candidates.py,test,function,AuditFinalUnblockCandidatesTests.make_root,make_root,24,45,22,10,0,1,0,False,Path;audit_path.parent.mkdir;audit_path.write_text;json.dumps;replacement.mkdir;str;tempfile.TemporaryDirectory,5cbb3abe69e2e322f3f9
hardware/tests/test_audit_final_unblock_candidates.py,test,function,AuditFinalUnblockCandidatesTests.test_missing_inputs_report_remaining_blockers_without_side_effects,test_missing_inputs_report_remaining_blockers_without_side_effects,47,65,19,9,0,1,0,False,audit_tool.build_audit;exists;self.addCleanup;self.assertEqual;self.assertFalse;self.assertIn;self.make_root,cc778580c0f8713a2888
hardware/tests/test_audit_final_unblock_candidates.py,test,function,AuditFinalUnblockCandidatesTests.test_valid_c3b_and_replacement_approval_would_clear_all,test_valid_c3b_and_replacement_approval_would_clear_all,67,89,23,13,0,1,0,False,Path;audit_tool.build_audit;c3b_result;exists;json.dumps;self.addCleanup;self.assertEqual;self.assertFalse;self.assertTrue;self.make_root;smoke.parent.mkdir;smoke.write_text,1d83f63fc5ba1592e235
hardware/tests/test_audit_final_unblock_candidates.py,test,function,AuditFinalUnblockCandidatesTests.test_exact_xr_vits_mode_uses_requested_directory,test_exact_xr_vits_mode_uses_requested_directory,91,111,21,11,0,1,0,False,Path;audit_tool.build_audit;c3b_result;json.dumps;requested.mkdir;requested.resolve;self.addCleanup;self.assertEqual;self.make_root;smoke.write_text;str,e105d724e18f8c85ba99
hardware/tests/test_audit_final_unblock_candidates.py,test,function,AuditFinalUnblockCandidatesTests.test_cli_writes_json_and_markdown,test_cli_writes_json_and_markdown,113,134,22,11,1,1,0,False,Path;audit_tool.main;contextlib.redirect_stdout;io.StringIO;json.loads;json_out.read_text;markdown_out.read_text;self.addCleanup;self.assertEqual;self.assertIn;self.make_root;str,76af50b4f3ee8648109c
hardware/tests/test_audit_reference_inputs.py,test,class,AuditReferenceInputsTests,AuditReferenceInputsTests,20,73,54,37,8,0,0,False,,
hardware/tests/test_audit_reference_inputs.py,test,function,AuditReferenceInputsTests.test_build_audit_reports_candidates_without_approving_them,test_build_audit_reports_candidates_without_approving_them,21,35,15,13,5,1,0,False,Path;any;audit_tool.build_audit;hgpipe.mkdir;mkdir;self.assertEqual;self.assertFalse;self.assertTrue;tempfile.TemporaryDirectory;write_bytes,94241d8507a98acc2955
hardware/tests/test_audit_reference_inputs.py,test,function,AuditReferenceInputsTests.test_build_audit_passes_when_requested_inputs_exist,test_build_audit_passes_when_requested_inputs_exist,37,49,13,11,1,1,0,False,Path;audit_tool.build_audit;image.parent.mkdir;image.write_bytes;mkdir;self.assertEqual;tempfile.TemporaryDirectory,f322ade5b331c55c85e4
hardware/tests/test_audit_reference_inputs.py,test,function,AuditReferenceInputsTests.test_cli_writes_json_and_markdown,test_cli_writes_json_and_markdown,51,73,23,12,2,1,0,False,Path;audit_tool.main;contextlib.redirect_stdout;io.StringIO;json.loads;json_out.read_text;markdown_out.read_text;mkdir;self.assertEqual;self.assertIn;str;tempfile.TemporaryDirectory,c1b90ee774fca9454c46
hardware/tests/test_audit_xr_vits_candidates.py,test,class,AuditXrVitsCandidatesTests,AuditXrVitsCandidatesTests,20,75,56,39,5,0,0,False,,
hardware/tests/test_audit_xr_vits_candidates.py,test,function,AuditXrVitsCandidatesTests.test_build_audit_recommends_zcu104_cyclic_candidate,test_build_audit_recommends_zcu104_cyclic_candidate,21,38,18,16,2,1,0,False,Path;audit_tool.build_audit;mkdir;self.assertEqual;self.assertFalse;tempfile.TemporaryDirectory;write_text,5d350816aecc75008b45
hardware/tests/test_audit_xr_vits_candidates.py,test,function,AuditXrVitsCandidatesTests.test_build_audit_does_not_approve_replacement,test_build_audit_does_not_approve_replacement,40,50,11,9,1,1,0,False,Path;audit_tool.build_audit;mkdir;self.assertEqual;self.assertFalse;self.assertIn;tempfile.TemporaryDirectory;write_text,b2f9ea5ea94db2d1521c
hardware/tests/test_audit_xr_vits_candidates.py,test,function,AuditXrVitsCandidatesTests.test_cli_writes_json_and_markdown,test_cli_writes_json_and_markdown,52,75,24,13,2,1,0,False,Path;audit_tool.main;contextlib.redirect_stdout;io.StringIO;json.loads;json_out.read_text;markdown_out.read_text;mkdir;self.assertEqual;self.assertIn;str;tempfile.TemporaryDirectory;write_text,7e858f6404f7a27f15c5
hardware/tests/test_check_c3b_board_smoke_readiness.py,test,class,CheckC3bBoardSmokeReadinessTests,CheckC3bBoardSmokeReadinessTests,23,201,179,69,4,0,0,False,,
hardware/tests/test_check_c3b_board_smoke_readiness.py,test,function,CheckC3bBoardSmokeReadinessTests.make_bundle,make_bundle,24,92,69,30,2,1,0,False,Path;bundle_dir.mkdir;docs_resources.mkdir;file_entries.append;json.dumps;path.parent.mkdir;path.stat;path.write_text;session_path.parent.mkdir;session_path.write_text;sha256_file;sha256_path.write_text;str;tar.add;tar_path.stat;tarfile.open;tempfile.TemporaryDirectory;transfer_path.write_text;transfer_tool.build_manifest;write_text,8aa0dae15f9ed4de737e
hardware/tests/test_check_c3b_board_smoke_readiness.py,test,function,CheckC3bBoardSmokeReadinessTests.test_ready_for_board_when_physical_result_missing,test_ready_for_board_when_physical_result_missing,94,112,19,10,0,1,0,False,readiness_tool.build_readiness;self.addCleanup;self.assertEqual;self.assertFalse;self.assertTrue;self.make_bundle,2ddd4f04753e35cd83ae
hardware/tests/test_check_c3b_board_smoke_readiness.py,test,function,CheckC3bBoardSmokeReadinessTests.test_blocks_on_corrupt_sha256_file,test_blocks_on_corrupt_sha256_file,114,130,17,8,1,1,0,False,any;readiness_tool.build_readiness;self.addCleanup;self.assertEqual;self.assertTrue;self.make_bundle;sha256_path.write_text,fb66c9e160a86f2bdc8c
hardware/tests/test_check_c3b_board_smoke_readiness.py,test,function,CheckC3bBoardSmokeReadinessTests.test_complete_when_physical_result_validates,test_complete_when_physical_result_validates,132,168,37,9,0,1,0,False,json.dumps;readiness_tool.build_readiness;result_path.parent.mkdir;result_path.write_text;self.addCleanup;self.assertEqual;self.assertTrue;self.make_bundle,809b3ee18b94fe6eba8f
hardware/tests/test_check_c3b_board_smoke_readiness.py,test,function,CheckC3bBoardSmokeReadinessTests.test_cli_writes_json_and_markdown,test_cli_writes_json_and_markdown,170,201,32,11,1,1,0,False,contextlib.redirect_stdout;io.StringIO;json.loads;json_out.read_text;markdown_out.read_text;readiness_tool.main;self.addCleanup;self.assertEqual;self.assertIn;self.make_bundle;str,75a17e91974b46a6e268
hardware/tests/test_check_final_blocker_closure_readiness.py,test,class,CheckFinalBlockerClosureReadinessTests,CheckFinalBlockerClosureReadinessTests,74,297,224,141,10,0,0,False,,
hardware/tests/test_check_final_blocker_closure_readiness.py,test,function,smoke_payload,smoke_payload,22,38,17,2,0,0,0,False,,84a5e535c4b2ce110189
hardware/tests/test_check_final_blocker_closure_readiness.py,test,function,write_json,write_json,41,43,3,3,0,2,0,False,json.dumps;path.parent.mkdir;path.write_text,ae154a7d2a04a3750f0e
hardware/tests/test_check_final_blocker_closure_readiness.py,test,function,write_candidate_audit,write_candidate_audit,46,53,8,2,0,2,0,False,create_xr_vits_replacement_policy.default_requested_path;replacement.resolve;resolve;str;write_json,a9a71d8f9894e55a0ca1
hardware/tests/test_check_final_blocker_closure_readiness.py,test,function,write_integrity_policy,write_integrity_policy,56,71,16,6,0,2,0,False,audit_path.resolve;create_xr_vits_replacement_policy.build_policy;create_xr_vits_replacement_policy.default_requested_path;create_xr_vits_replacement_policy.load_candidate_audit;replacement.resolve;resolve;write_json,df4b310ceb99169855cd
hardware/tests/test_check_final_blocker_closure_readiness.py,test,function,CheckFinalBlockerClosureReadinessTests.test_current_missing_reports_blocked_without_side_effects,test_current_missing_reports_blocked_without_side_effects,75,109,35,26,1,1,0,False,Path;join;len;readiness_tool.build_readiness;root.mkdir;self.assertEqual;self.assertFalse;self.assertIn;self.assertTrue;tempfile.TemporaryDirectory,3dfa9bb95101a0596944
hardware/tests/test_check_final_blocker_closure_readiness.py,test,function,CheckFinalBlockerClosureReadinessTests.test_current_canonical_evidence_ready_to_run_final,test_current_canonical_evidence_ready_to_run_final,111,132,22,12,1,1,0,False,Path;readiness_tool.build_readiness;readiness_tool.canonical_c3b_path;self.assertEqual;self.assertIn;self.assertTrue;smoke_payload;tempfile.TemporaryDirectory;write_json;xr_vits.mkdir,4f486e54f3fe0f8249bc
hardware/tests/test_check_final_blocker_closure_readiness.py,test,function,CheckFinalBlockerClosureReadinessTests.test_current_canonical_no_require_paths_mode_controls_current_c3b_gate,test_current_canonical_no_require_paths_mode_controls_current_c3b_gate,134,168,35,17,1,1,0,False,Path;payload.pop;readiness_tool.build_readiness;readiness_tool.canonical_c3b_path;self.assertEqual;self.assertFalse;self.assertIn;self.assertTrue;smoke_payload;tempfile.TemporaryDirectory;write_json;xr_vits.mkdir,ae1cc42ac68bd545ce8a
hardware/tests/test_check_final_blocker_closure_readiness.py,test,function,CheckFinalBlockerClosureReadinessTests.test_candidate_smoke_and_replacement_would_clear,test_candidate_smoke_and_replacement_would_clear,170,208,39,29,2,1,0,False,Path;all;readiness_tool.build_readiness;replacement.mkdir;self.assertEqual;self.assertFalse;self.assertIn;self.assertTrue;smoke_payload;str;tempfile.TemporaryDirectory;write_candidate_audit;write_json,97fc50ddf32c423184ad
hardware/tests/test_check_final_blocker_closure_readiness.py,test,function,CheckFinalBlockerClosureReadinessTests.test_integrity_policy_can_clear_current_xr_gate,test_integrity_policy_can_clear_current_xr_gate,210,223,14,12,1,1,0,False,Path;readiness_tool.check_current_xr_vits;replacement.mkdir;self.assertEqual;self.assertTrue;tempfile.TemporaryDirectory;write_candidate_audit;write_integrity_policy,71fb3267aa04015d5c4a
hardware/tests/test_check_final_blocker_closure_readiness.py,test,function,CheckFinalBlockerClosureReadinessTests.test_legacy_policy_does_not_clear_current_xr_gate,test_legacy_policy_does_not_clear_current_xr_gate,225,250,26,12,1,1,0,False,Path;create_xr_vits_replacement_policy.default_requested_path;join;readiness_tool.check_current_xr_vits;replacement.mkdir;replacement.resolve;resolve;self.assertEqual;self.assertFalse;self.assertIn;str;tempfile.TemporaryDirectory;write_candidate_audit;write_json,aa38ab8ce81b754611a7
hardware/tests/test_check_final_blocker_closure_readiness.py,test,function,CheckFinalBlockerClosureReadinessTests.test_policy_drift_does_not_clear_current_xr_gate,test_policy_drift_does_not_clear_current_xr_gate,252,269,18,16,1,1,0,False,Path;audit_path.read_text;join;json.loads;readiness_tool.check_current_xr_vits;replacement.mkdir;self.assertEqual;self.assertFalse;self.assertIn;tempfile.TemporaryDirectory;write_candidate_audit;write_integrity_policy;write_json,5d82fdbb684cd60851a8
hardware/tests/test_check_final_blocker_closure_readiness.py,test,function,CheckFinalBlockerClosureReadinessTests.test_cli_writes_json_and_markdown,test_cli_writes_json_and_markdown,271,297,27,16,2,1,0,False,Path;contextlib.redirect_stdout;io.StringIO;json.loads;json_out.read_text;markdown_out.read_text;readiness_tool.main;self.assertEqual;self.assertIn;str;tempfile.TemporaryDirectory,d98f6fdd82c90636bc8a
hardware/tests/test_check_runtime_mode_board_latency_gate.py,test,class,RuntimeModeBoardLatencyGateTests,RuntimeModeBoardLatencyGateTests,97,184,88,52,6,0,0,False,,
hardware/tests/test_check_runtime_mode_board_latency_gate.py,test,function,result_payload,result_payload,17,40,24,3,1,2,0,False,,35e128d1d8b28b9fa4de
hardware/tests/test_check_runtime_mode_board_latency_gate.py,test,function,par32_rom_result_payload,par32_rom_result_payload,43,67,25,4,3,2,0,False,float,0d0d8f42a31bd4bcc067
hardware/tests/test_check_runtime_mode_board_latency_gate.py,test,function,par32_prefetchall4_result_payload,par32_prefetchall4_result_payload,70,94,25,4,3,2,0,False,float,44db0abb24ea0856fca8
hardware/tests/test_check_runtime_mode_board_latency_gate.py,test,function,RuntimeModeBoardLatencyGateTests.test_gate_reports_missing_without_board_results,test_gate_reports_missing_without_board_results,98,102,5,5,1,1,0,False,Path;gate_tool.build_gate;self.assertEqual;tempfile.TemporaryDirectory,8fd07594b75a5f8cb6d7
hardware/tests/test_check_runtime_mode_board_latency_gate.py,test,function,RuntimeModeBoardLatencyGateTests.test_par32_rom_compute_gate_reports_missing_without_board_results,test_par32_rom_compute_gate_reports_missing_without_board_results,104,114,11,6,1,1,0,False,Path;gate_tool.build_gate;self.assertEqual;tempfile.TemporaryDirectory,968fe74356eb317cc558
hardware/tests/test_check_runtime_mode_board_latency_gate.py,test,function,RuntimeModeBoardLatencyGateTests.test_gate_passes_when_search_and_track_results_meet_targets,test_gate_passes_when_search_and_track_results_meet_targets,116,129,14,10,1,1,0,False,Path;gate_tool.build_gate;json.dumps;out_dir.mkdir;result_payload;self.assertEqual;tempfile.TemporaryDirectory;write_text,fd6f00d5733055ce7cff
hardware/tests/test_check_runtime_mode_board_latency_gate.py,test,function,RuntimeModeBoardLatencyGateTests.test_par32_rom_compute_gate_passes_with_expected_outputs,test_par32_rom_compute_gate_passes_with_expected_outputs,131,149,19,10,1,1,0,False,Path;gate_tool.build_gate;json.dumps;out_dir.mkdir;par32_rom_result_payload;self.assertEqual;tempfile.TemporaryDirectory;write_text,04a25ce55a4e5b613931
hardware/tests/test_check_runtime_mode_board_latency_gate.py,test,function,RuntimeModeBoardLatencyGateTests.test_gate_fails_when_track_exceeds_target,test_gate_fails_when_track_exceeds_target,151,164,14,10,1,1,0,False,Path;gate_tool.build_gate;json.dumps;out_dir.mkdir;result_payload;self.assertEqual;tempfile.TemporaryDirectory;write_text,3287c55280810c2b05c2
hardware/tests/test_check_runtime_mode_board_latency_gate.py,test,function,RuntimeModeBoardLatencyGateTests.test_par32_prefetchall4_gate_fails_when_track_exceeds_target,test_par32_prefetchall4_gate_fails_when_track_exceeds_target,166,184,19,10,1,1,0,False,Path;gate_tool.build_gate;json.dumps;out_dir.mkdir;par32_prefetchall4_result_payload;self.assertEqual;tempfile.TemporaryDirectory;write_text,d2cf20088f61f86994fe
hardware/tests/test_check_third_goal_preflight.py,test,class,ThirdGoalPreflightTests,ThirdGoalPreflightTests,63,1137,1075,426,47,0,0,False,,
hardware/tests/test_check_third_goal_preflight.py,test,function,set_q4,set_q4,55,60,6,6,0,3,0,False,int.from_bytes;word.to_bytes,9d1056cdbd8c7fc72d01
hardware/tests/test_check_third_goal_preflight.py,test,function,ThirdGoalPreflightTests.parse_stdout_summary,parse_stdout_summary,65,69,5,5,3,1,1,False,AssertionError;int;item.split;line.removeprefix;line.startswith;output.splitlines;split,ec7bab654a0922ab7273
hardware/tests/test_check_third_goal_preflight.py,test,function,ThirdGoalPreflightTests.assert_check_schema,assert_check_schema,72,80,9,9,2,2,1,False,check.get;testcase.assertIn;testcase.assertIsInstance;testcase.assertTrue,f1945495f784a70b33eb
hardware/tests/test_check_third_goal_preflight.py,test,function,ThirdGoalPreflightTests.make_root,make_root,82,434,353,120,23,14,0,False,Path;audit_path.resolve;audit_path.write_text;axis_gen.mkdir;bin_path.write_bytes;bundle_dir.mkdir;bytearray;c3b_gen.mkdir;create_xr_vits_replacement_policy.build_policy;file_entries.append;gen.mkdir;hashlib.sha256;hexdigest;json.dumps;len;manifest_path.write_text;mkdir;paper_path.parent.mkdir;paper_path.write_bytes;par16_gen.mkdir;path.parent.mkdir;path.read_bytes;path.stat;path.write_text;policy_dir.mkdir;replacement.mkdir;replacement.resolve;resolve;run_script.read_text;run_script.write_text;session_path.write_text;set_q4;splitlines;str;tar.add;tar_path.read_bytes;tar_path.stat;tarfile.open;validate_script.read_text;validate_script.write_text;write_bytes;write_text,72cac373b7be76e72b7b
hardware/tests/test_check_third_goal_preflight.py,test,function,ThirdGoalPreflightTests.run_checker,run_checker,436,459,24,14,3,4,0,False,argv.extend;contextlib.redirect_stdout;io.StringIO;mock.patch.object;preflight.main;real_exists;str;stream.getvalue,d82471a7c562a23ae653
hardware/tests/test_check_third_goal_preflight.py,test,function,ThirdGoalPreflightTests.run_checker.patched_exists,patched_exists,439,446,8,5,1,1,0,False,real_exists;str,f767b48c6827692f1527
hardware/tests/test_check_third_goal_preflight.py,test,function,ThirdGoalPreflightTests.setUp,setUp,461,462,2,2,0,1,0,False,tempfile.TemporaryDirectory,f2d6cce44c1e950dacaa
hardware/tests/test_check_third_goal_preflight.py,test,function,ThirdGoalPreflightTests.tearDown,tearDown,464,465,2,2,0,1,0,False,self.tmp.cleanup,734160ad85ecc29e1ec9
hardware/tests/test_check_third_goal_preflight.py,test,function,ThirdGoalPreflightTests.test_neutral_allows_choice_gated_old_flow_as_warnings,test_neutral_allows_choice_gated_old_flow_as_warnings,467,476,10,8,0,1,0,False,self.assertEqual;self.assertIn;self.make_root;self.run_checker,d3ff24543654c6ea18eb
hardware/tests/test_check_third_goal_preflight.py,test,function,ThirdGoalPreflightTests.test_board_ready_rejects_old_flow_and_missing_e2e_package,test_board_ready_rejects_old_flow_and_missing_e2e_package,478,488,11,9,0,1,0,False,self.assertEqual;self.assertIn;self.make_root;self.run_checker,2fcbac45fef263bf69cd
hardware/tests/test_check_third_goal_preflight.py,test,function,ThirdGoalPreflightTests.test_board_ready_accepts_selected_e2e_artifacts_with_only_reference_warnings,test_board_ready_accepts_selected_e2e_artifacts_with_only_reference_warnings,490,498,9,7,0,1,0,False,self.assertEqual;self.assertIn;self.make_root;self.run_checker,b7b60fb9313e51e942d2
hardware/tests/test_check_third_goal_preflight.py,test,function,ThirdGoalPreflightTests.test_json_out_records_mode_summary_and_checks,test_json_out_records_mode_summary_and_checks,500,522,23,15,6,1,0,False,Path;any;json.loads;out.read_text;self.assertEqual;self.assertGreater;self.assertIsInstance;self.assertTrue;self.assert_check_schema;self.make_root;self.parse_stdout_summary;self.run_checker,b8bb4646e5d0ceb6e9c3
hardware/tests/test_check_third_goal_preflight.py,test,function,ThirdGoalPreflightTests.test_board_ready_records_optional_c1_par16_artifacts_when_present,test_board_ready_records_optional_c1_par16_artifacts_when_present,524,533,10,8,0,1,0,False,self.assertEqual;self.assertIn;self.make_root;self.run_checker,612b311b35e7b2cbd79a
hardware/tests/test_check_third_goal_preflight.py,test,function,ThirdGoalPreflightTests.test_board_ready_records_optional_c3b_par16_mem16_artifacts_when_present,test_board_ready_records_optional_c3b_par16_mem16_artifacts_when_present,535,558,24,14,0,1,0,False,self.assertEqual;self.assertIn;self.make_root;self.run_checker,2fc816b73d77b3f5f0fe
hardware/tests/test_check_third_goal_preflight.py,test,function,ThirdGoalPreflightTests.test_board_ready_warns_missing_c3b_physical_smoke_result,test_board_ready_warns_missing_c3b_physical_smoke_result,560,576,17,8,0,1,0,False,self.assertEqual;self.assertIn;self.make_root;self.run_checker,763f2d0a08e49a85b0be
hardware/tests/test_check_third_goal_preflight.py,test,function,ThirdGoalPreflightTests.test_final_signoff_rejects_missing_c3b_physical_smoke_result,test_final_signoff_rejects_missing_c3b_physical_smoke_result,578,591,14,5,0,1,0,False,self.assertEqual;self.assertIn;self.make_root;self.run_checker,977778f4b1aa22837911
hardware/tests/test_check_third_goal_preflight.py,test,function,ThirdGoalPreflightTests.test_final_signoff_rejects_noncanonical_c3b_physical_smoke_result,test_final_signoff_rejects_noncanonical_c3b_physical_smoke_result,593,636,44,10,0,1,0,False,json.dumps;noncanonical.write_text;self.assertEqual;self.assertIn;self.make_root;self.run_checker,c8b8e009b00152f37066
hardware/tests/test_check_third_goal_preflight.py,test,function,ThirdGoalPreflightTests.test_final_signoff_requires_reference_inputs_after_c3b_result,test_final_signoff_requires_reference_inputs_after_c3b_result,638,655,18,8,0,1,0,False,self.assertEqual;self.assertIn;self.make_root;self.run_checker,2e4674c3849b4f6756a6
hardware/tests/test_check_third_goal_preflight.py,test,function,ThirdGoalPreflightTests.test_final_signoff_reports_xr_accel_candidate_without_clearing_gate,test_final_signoff_reports_xr_accel_candidate_without_clearing_gate,657,689,33,15,0,1,0,False,audit_dir.mkdir;json.dumps;replacement.mkdir;self.assertEqual;self.assertIn;self.make_root;self.run_checker;str;write_text,0eb5dd84d1fce83b0c8c
hardware/tests/test_check_third_goal_preflight.py,test,function,ThirdGoalPreflightTests.test_final_signoff_accepts_approved_xr_vits_replacement_policy,test_final_signoff_accepts_approved_xr_vits_replacement_policy,691,709,19,7,0,1,0,False,self.assertEqual;self.assertIn;self.make_root;self.run_checker,da5072c8c3cf244f9f54
hardware/tests/test_check_third_goal_preflight.py,test,function,ThirdGoalPreflightTests.test_final_signoff_rejects_unapproved_xr_vits_replacement_policy,test_final_signoff_rejects_unapproved_xr_vits_replacement_policy,711,729,19,7,0,1,0,False,self.assertEqual;self.assertIn;self.make_root;self.run_checker,c3049e9190865b2108bf
hardware/tests/test_check_third_goal_preflight.py,test,function,ThirdGoalPreflightTests.test_final_signoff_rejects_legacy_xr_vits_replacement_policy,test_final_signoff_rejects_legacy_xr_vits_replacement_policy,731,775,45,13,0,1,0,False,json.dumps;policy_dir.mkdir;replacement.mkdir;replacement.resolve;self.assertEqual;self.assertIn;self.make_root;self.run_checker;str;write_text,965a9ee4bb0d312760e9
hardware/tests/test_check_third_goal_preflight.py,test,function,ThirdGoalPreflightTests.test_final_signoff_rejects_xr_vits_replacement_policy_drift,test_final_signoff_rejects_xr_vits_replacement_policy_drift,777,798,22,10,0,1,0,False,audit_path.read_text;audit_path.write_text;json.dumps;json.loads;self.assertEqual;self.assertIn;self.make_root;self.run_checker,7823a3d59ca84fc15e03
hardware/tests/test_check_third_goal_preflight.py,test,function,ThirdGoalPreflightTests.test_board_ready_rejects_c3b_bundle_without_smoke_session,test_board_ready_rejects_c3b_bundle_without_smoke_session,800,807,8,6,0,1,0,False,self.assertEqual;self.assertIn;self.make_root;self.run_checker,dcceb309d2fb12434704
hardware/tests/test_check_third_goal_preflight.py,test,function,ThirdGoalPreflightTests.test_board_ready_rejects_c3b_artifacts_without_smoke_bundle,test_board_ready_rejects_c3b_artifacts_without_smoke_bundle,809,816,8,6,0,1,0,False,self.assertEqual;self.assertIn;self.make_root;self.run_checker,2497e188e906cb30eeb0
hardware/tests/test_check_third_goal_preflight.py,test,function,ThirdGoalPreflightTests.test_board_ready_rejects_bad_c3b_physical_smoke_result,test_board_ready_rejects_bad_c3b_physical_smoke_result,818,831,14,5,0,1,0,False,self.assertEqual;self.assertIn;self.make_root;self.run_checker,ddf6288fbc895ea1d701
hardware/tests/test_check_third_goal_preflight.py,test,function,ThirdGoalPreflightTests.test_vref_successor_physical_smoke_result_missing_warns_only,test_vref_successor_physical_smoke_result_missing_warns_only,833,841,9,7,0,1,0,False,Path;preflight.check_vref_successor_physical_smoke_result;self.assertEqual;self.assertIn,8d73a9d35d1a045b926f
hardware/tests/test_check_third_goal_preflight.py,test,function,ThirdGoalPreflightTests.test_qkv_uram_successor_smoke_artifacts_validate_bundle_session,test_qkv_uram_successor_smoke_artifacts_validate_bundle_session,843,960,118,38,5,1,0,False,Path;as_posix;bundle_dir.mkdir;bundle_dir.rglob;file_entries.append;hashlib.sha256;hexdigest;json.dumps;mkdir;p.is_file;path.parent.mkdir;path.read_bytes;path.relative_to;path.stat;path.write_text;preflight.check_qkv_uram_successor_smoke_artifacts;run_script.read_text;run_script.write_text;self.assertEqual;session_path.write_text;sorted;splitlines;str;tar.add;tar_path.read_bytes;tar_path.stat;tarfile.open;validate_script.read_text;validate_script.write_text;write_bytes;write_text,52a23696699ef452070a
hardware/tests/test_check_third_goal_preflight.py,test,function,ThirdGoalPreflightTests.test_qkv_uram_successor_physical_smoke_missing_warns_only,test_qkv_uram_successor_physical_smoke_missing_warns_only,962,970,9,7,0,1,0,False,Path;preflight.check_qkv_uram_successor_physical_smoke_result;self.assertEqual;self.assertIn,74d9a1f8097ea23b97d8
hardware/tests/test_check_third_goal_preflight.py,test,function,ThirdGoalPreflightTests.test_qkv_uram_successor_physical_smoke_result_validates_preset,test_qkv_uram_successor_physical_smoke_result_validates_preset,972,1002,31,10,0,1,0,False,Path;json.dumps;preflight.check_qkv_uram_successor_physical_smoke_result;result_path.parent.mkdir;result_path.write_text;self.assertEqual;self.assertIn,623b7cd8172706ce7663
hardware/tests/test_check_third_goal_preflight.py,test,function,ThirdGoalPreflightTests.test_smoke_candidate_discoveries_validate_legacy_and_generic_artifacts,test_smoke_candidate_discoveries_validate_legacy_and_generic_artifacts,1004,1050,47,13,3,1,0,False,Path;all;json.dumps;len;preflight.check_smoke_candidate_discoveries;self.assertEqual;self.assertTrue;signoff.mkdir;write_text,688edfb30fb4ac00a776
hardware/tests/test_check_third_goal_preflight.py,test,function,ThirdGoalPreflightTests.test_vref_successor_physical_smoke_result_validates_preset,test_vref_successor_physical_smoke_result_validates_preset,1052,1082,31,10,0,1,0,False,Path;json.dumps;preflight.check_vref_successor_physical_smoke_result;result_path.parent.mkdir;result_path.write_text;self.assertEqual;self.assertIn,67d0af03e1d84808afd5
hardware/tests/test_check_third_goal_preflight.py,test,function,ThirdGoalPreflightTests.test_vref_successor_physical_smoke_result_invalid_fails_board_mode,test_vref_successor_physical_smoke_result_invalid_fails_board_mode,1084,1114,31,10,0,1,0,False,Path;json.dumps;preflight.check_vref_successor_physical_smoke_result;result_path.parent.mkdir;result_path.write_text;self.assertEqual;self.assertIn,d1f838fa3311df8bcf6c
hardware/tests/test_check_third_goal_preflight.py,test,function,ThirdGoalPreflightTests.test_json_out_is_written_for_board_ready_failures,test_json_out_is_written_for_board_ready_failures,1116,1128,13,11,2,1,0,False,Path;any;json.loads;out.read_text;self.assertEqual;self.assertGreater;self.assertTrue;self.assert_check_schema;self.make_root;self.parse_stdout_summary;self.run_checker,0a6d817b081c912d6e03
hardware/tests/test_check_third_goal_preflight.py,test,function,ThirdGoalPreflightTests.test_board_ready_rejects_missing_weight_artifacts,test_board_ready_rejects_missing_weight_artifacts,1130,1137,8,6,0,1,0,False,self.assertEqual;self.assertIn;self.make_root;self.run_checker,03da3106bd6da1e8b6e4
hardware/tests/test_check_xr_vits_reference_resolution.py,test,class,CheckXrVitsReferenceResolutionTests,CheckXrVitsReferenceResolutionTests,61,150,90,57,6,0,0,False,,
hardware/tests/test_check_xr_vits_reference_resolution.py,test,function,write_json,write_json,21,23,3,3,0,2,0,False,json.dumps;path.parent.mkdir;path.write_text,ae154a7d2a04a3750f0e
hardware/tests/test_check_xr_vits_reference_resolution.py,test,function,write_candidate_audit,write_candidate_audit,26,41,16,4,0,3,0,False,create_xr_vits_replacement_policy.default_requested_path;replacement.resolve;resolve;str;write_json,675af8885ff68e77c973
hardware/tests/test_check_xr_vits_reference_resolution.py,test,function,write_integrity_policy,write_integrity_policy,44,58,15,5,0,2,0,False,audit_path.resolve;create_xr_vits_replacement_policy.build_policy;create_xr_vits_replacement_policy.default_requested_path;create_xr_vits_replacement_policy.load_candidate_audit;replacement.resolve;resolve;write_candidate_audit;write_json,d6eb98106e792ef3f353
hardware/tests/test_check_xr_vits_reference_resolution.py,test,function,CheckXrVitsReferenceResolutionTests.test_valid_candidate_needs_approval_without_policy_side_effect,test_valid_candidate_needs_approval_without_policy_side_effect,62,82,21,16,1,1,0,False,Path;exists;replacement.mkdir;resolution_tool.build_resolution;root.resolve;self.assertEqual;self.assertFalse;self.assertIn;self.assertTrue;tempfile.TemporaryDirectory;write_candidate_audit,e0c1f3094bc339a62e98
hardware/tests/test_check_xr_vits_reference_resolution.py,test,function,CheckXrVitsReferenceResolutionTests.test_exact_path_ready,test_exact_path_ready,84,96,13,9,1,1,0,False,Path;exact.mkdir;resolution_tool.build_resolution;self.assertEqual;self.assertFalse;self.assertTrue;tempfile.TemporaryDirectory,8a7ca8abe1087e035abb
hardware/tests/test_check_xr_vits_reference_resolution.py,test,function,CheckXrVitsReferenceResolutionTests.test_approved_policy_ready,test_approved_policy_ready,98,112,15,10,1,1,0,False,Path;replacement.mkdir;resolution_tool.build_resolution;self.assertEqual;self.assertFalse;self.assertTrue;tempfile.TemporaryDirectory;write_integrity_policy,8402d1d56e3ca0ff4954
hardware/tests/test_check_xr_vits_reference_resolution.py,test,function,CheckXrVitsReferenceResolutionTests.test_missing_candidate_blocked,test_missing_candidate_blocked,114,124,11,7,1,1,0,False,Path;resolution_tool.build_resolution;self.assertEqual;self.assertFalse;tempfile.TemporaryDirectory,561e3a26711bd5723356
hardware/tests/test_check_xr_vits_reference_resolution.py,test,function,CheckXrVitsReferenceResolutionTests.test_cli_writes_outputs_and_returns_zero_for_candidate_ready,test_cli_writes_outputs_and_returns_zero_for_candidate_ready,126,150,25,14,2,1,0,False,Path;contextlib.redirect_stdout;io.StringIO;json.loads;json_out.read_text;markdown_out.read_text;replacement.mkdir;resolution_tool.main;self.assertEqual;self.assertIn;str;tempfile.TemporaryDirectory;write_candidate_audit,31eb8f9cbafa108d4e4a
hardware/tests/test_create_xr_vits_replacement_policy.py,test,class,CreateXrVitsReplacementPolicyTests,CreateXrVitsReplacementPolicyTests,20,321,302,145,2,0,0,False,,
hardware/tests/test_create_xr_vits_replacement_policy.py,test,function,CreateXrVitsReplacementPolicyTests.make_root,make_root,21,45,25,10,0,1,0,False,Path;audit_path.parent.mkdir;audit_path.write_text;json.dumps;replacement.mkdir;str;tempfile.TemporaryDirectory,87befb75361ef464c7df
hardware/tests/test_create_xr_vits_replacement_policy.py,test,function,CreateXrVitsReplacementPolicyTests.run_tool,run_tool,47,52,6,6,1,2,0,False,contextlib.redirect_stdout;io.StringIO;json.loads;policy_tool.main;stream.getvalue,26eb138177d344a1dad6
hardware/tests/test_create_xr_vits_replacement_policy.py,test,function,CreateXrVitsReplacementPolicyTests.test_rejects_without_explicit_approval_and_does_not_write,test_rejects_without_explicit_approval_and_does_not_write,54,64,11,9,0,1,0,False,join;policy_path.exists;self.addCleanup;self.assertEqual;self.assertFalse;self.assertIn;self.make_root;self.run_tool;str,0f6c7bc6840dff446699
hardware/tests/test_create_xr_vits_replacement_policy.py,test,function,CreateXrVitsReplacementPolicyTests.test_writes_policy_when_approved_and_candidate_matches,test_writes_policy_when_approved_and_candidate_matches,66,111,46,32,1,1,0,False,approval_event.items;json.loads;policy_path.exists;policy_path.read_text;policy_tool.stable_sha256;policy_tool.validate_policy_integrity;replacement.resolve;self.addCleanup;self.assertEqual;self.assertIn;self.assertTrue;self.make_root;self.run_tool;str,863760c52f1529fb0259
hardware/tests/test_create_xr_vits_replacement_policy.py,test,function,CreateXrVitsReplacementPolicyTests.test_dry_run_validates_without_writing,test_dry_run_validates_without_writing,113,133,21,8,0,1,0,False,policy_path.exists;self.addCleanup;self.assertEqual;self.assertFalse;self.assertTrue;self.make_root;self.run_tool;str,52fe326420a29a72debf
hardware/tests/test_create_xr_vits_replacement_policy.py,test,function,CreateXrVitsReplacementPolicyTests.test_rejects_placeholder_approver_for_active_policy_write,test_rejects_placeholder_approver_for_active_policy_write,135,157,23,9,0,1,0,False,join;policy_path.exists;self.addCleanup;self.assertEqual;self.assertFalse;self.assertIn;self.make_root;self.run_tool;str,5be7be5db8f787ac6c46
hardware/tests/test_create_xr_vits_replacement_policy.py,test,function,CreateXrVitsReplacementPolicyTests.test_dry_run_preview_writes_non_active_review_artifacts,test_dry_run_preview_writes_non_active_review_artifacts,159,196,38,21,0,1,0,False,json.loads;policy_path.exists;preview_json.exists;preview_json.read_text;preview_md.exists;preview_md.read_text;replacement.resolve;self.addCleanup;self.assertEqual;self.assertFalse;self.assertIn;self.assertTrue;self.make_root;self.run_tool;str,4d860bbb7a5c45ba8252
hardware/tests/test_create_xr_vits_replacement_policy.py,test,function,CreateXrVitsReplacementPolicyTests.test_preview_outputs_require_dry_run,test_preview_outputs_require_dry_run,198,220,23,9,0,1,0,False,join;preview_json.exists;self.addCleanup;self.assertEqual;self.assertFalse;self.assertIn;self.make_root;self.run_tool;str,c17b90203e7a5a231c5e
hardware/tests/test_create_xr_vits_replacement_policy.py,test,function,CreateXrVitsReplacementPolicyTests.test_rejects_replacement_that_does_not_match_audit,test_rejects_replacement_that_does_not_match_audit,222,243,22,8,0,1,0,False,join;other.mkdir;self.addCleanup;self.assertEqual;self.assertIn;self.make_root;self.run_tool;str,38f7bd0e24d91afd7e01
hardware/tests/test_create_xr_vits_replacement_policy.py,test,function,CreateXrVitsReplacementPolicyTests.test_policy_integrity_detects_candidate_audit_drift,test_policy_integrity_detects_candidate_audit_drift,245,274,30,14,0,1,0,False,audit_path.read_text;audit_path.write_text;json.dumps;json.loads;policy_tool.validate_policy_integrity;self.addCleanup;self.assertEqual;self.assertIn;self.make_root;self.run_tool;str,0ef5d754702246e3995c
hardware/tests/test_create_xr_vits_replacement_policy.py,test,function,CreateXrVitsReplacementPolicyTests.test_policy_integrity_detects_approval_event_drift,test_policy_integrity_detects_approval_event_drift,276,301,26,10,0,1,0,False,policy_tool.validate_policy_integrity;self.addCleanup;self.assertEqual;self.assertIn;self.make_root;self.run_tool;str,d806764aeacb12c72363
hardware/tests/test_create_xr_vits_replacement_policy.py,test,function,CreateXrVitsReplacementPolicyTests.test_legacy_policy_integrity_warns,test_legacy_policy_integrity_warns,303,321,19,8,0,1,0,False,policy_tool.default_requested_path;policy_tool.validate_policy_integrity;replacement.resolve;resolve;self.addCleanup;self.assertEqual;self.assertFalse;self.assertIn;self.make_root;str,f0ee96b170b2792a6442
hardware/tests/test_discover_c3b_smoke_candidates.py,test,class,DiscoverC3bSmokeCandidatesTests,DiscoverC3bSmokeCandidatesTests,45,157,113,69,8,0,0,False,,
hardware/tests/test_discover_c3b_smoke_candidates.py,test,function,write_json,write_json,21,23,3,3,0,2,0,False,json.dumps;path.parent.mkdir;path.write_text,ae154a7d2a04a3750f0e
hardware/tests/test_discover_c3b_smoke_candidates.py,test,function,smoke_payload,smoke_payload,26,42,17,2,0,1,0,False,,fe7bdbe55a4002cc61f4
hardware/tests/test_discover_c3b_smoke_candidates.py,test,function,DiscoverC3bSmokeCandidatesTests.test_discovers_valid_candidate_and_import_command,test_discovers_valid_candidate_and_import_command,46,61,16,14,1,1,0,False,Path;discovery_tool.build_discovery;self.assertEqual;self.assertFalse;self.assertIn;self.assertNotIn;smoke_payload;str;tempfile.TemporaryDirectory;write_json,960c67480d7f1e4df786
hardware/tests/test_discover_c3b_smoke_candidates.py,test,function,DiscoverC3bSmokeCandidatesTests.test_invalid_candidates_are_not_recommended,test_invalid_candidates_are_not_recommended,63,74,12,10,1,1,0,False,Path;discovery_tool.build_discovery;self.assertEqual;self.assertIsNone;smoke_payload;tempfile.TemporaryDirectory;write_json,c566e9136b423b47b838
hardware/tests/test_discover_c3b_smoke_candidates.py,test,function,DiscoverC3bSmokeCandidatesTests.test_skips_generated_signoff_noise,test_skips_generated_signoff_noise,76,85,10,8,1,1,0,False,Path;discovery_tool.build_discovery;self.assertEqual;tempfile.TemporaryDirectory;write_json,04632e7f8140165ce2ba
hardware/tests/test_discover_c3b_smoke_candidates.py,test,function,DiscoverC3bSmokeCandidatesTests.test_skips_docs_resource_metadata_noise,test_skips_docs_resource_metadata_noise,87,102,16,9,2,1,0,False,Path;discovery_tool.build_discovery;self.assertEqual;tempfile.TemporaryDirectory;write_json,39027617354f10a0af2d
hardware/tests/test_discover_c3b_smoke_candidates.py,test,function,DiscoverC3bSmokeCandidatesTests.test_cli_writes_json_and_markdown,test_cli_writes_json_and_markdown,104,127,24,11,2,1,0,False,Path;contextlib.redirect_stdout;discovery_tool.main;io.StringIO;json.loads;json_out.read_text;markdown_out.read_text;self.assertEqual;self.assertIn;str;tempfile.TemporaryDirectory,51f5e74275f00c10661e
hardware/tests/test_discover_c3b_smoke_candidates.py,test,function,DiscoverC3bSmokeCandidatesTests.test_cli_markdown_includes_dry_run_import_command_for_candidate,test_cli_markdown_includes_dry_run_import_command_for_candidate,129,157,29,16,1,1,0,False,Path;discovery_tool.main;exists;json.loads;json_out.read_text;markdown_out.read_text;self.assertEqual;self.assertFalse;self.assertIn;smoke_payload;str;tempfile.TemporaryDirectory;write_json,30aa5ec24b438e89137e
hardware/tests/test_discover_pynq_smoke_candidates.py,test,class,DiscoverPynqSmokeCandidatesTests,DiscoverPynqSmokeCandidatesTests,52,252,201,88,12,0,0,False,,
hardware/tests/test_discover_pynq_smoke_candidates.py,test,function,write_json,write_json,27,29,3,3,0,2,0,False,json.dumps;path.parent.mkdir;path.write_text,ae154a7d2a04a3750f0e
hardware/tests/test_discover_pynq_smoke_candidates.py,test,function,smoke_payload,smoke_payload,32,49,18,3,0,3,0,False,,2914637ded23f86f5f4e
hardware/tests/test_discover_pynq_smoke_candidates.py,test,function,DiscoverPynqSmokeCandidatesTests.test_discovers_c3b_candidate_and_runner_import_command,test_discovers_c3b_candidate_and_runner_import_command,53,71,19,12,1,1,0,False,Path;discovery_tool.build_discovery;self.assertEqual;self.assertFalse;self.assertIn;smoke_payload;str;tempfile.TemporaryDirectory;write_json,a8c3c6a86e07e3db277b
hardware/tests/test_discover_pynq_smoke_candidates.py,test,function,DiscoverPynqSmokeCandidatesTests.test_discovers_vref_successor_candidate_and_runner_import_command,test_discovers_vref_successor_candidate_and_runner_import_command,73,96,24,11,1,1,0,False,Path;discovery_tool.build_discovery;self.assertEqual;self.assertIn;smoke_payload;str;tempfile.TemporaryDirectory;write_json,9686065857e33bc7379f
hardware/tests/test_discover_pynq_smoke_candidates.py,test,function,DiscoverPynqSmokeCandidatesTests.test_discovers_qkv_uram_candidate_and_runner_import_command,test_discovers_qkv_uram_candidate_and_runner_import_command,98,121,24,11,1,1,0,False,Path;discovery_tool.build_discovery;self.assertEqual;self.assertIn;smoke_payload;str;tempfile.TemporaryDirectory;write_json,6371fef20775b6358184
hardware/tests/test_discover_pynq_smoke_candidates.py,test,function,DiscoverPynqSmokeCandidatesTests.test_invalid_candidate_not_recommended,test_invalid_candidate_not_recommended,123,146,24,10,1,1,0,False,Path;discovery_tool.build_discovery;self.assertEqual;self.assertIsNone;smoke_payload;tempfile.TemporaryDirectory;write_json,63f3a5a1dc6403f8c1e2
hardware/tests/test_discover_pynq_smoke_candidates.py,test,function,DiscoverPynqSmokeCandidatesTests.test_skips_session_and_validation_noise,test_skips_session_and_validation_noise,148,166,19,9,2,1,0,False,Path;discovery_tool.build_discovery;self.assertEqual;tempfile.TemporaryDirectory;write_json,7416596f504757e62360
hardware/tests/test_discover_pynq_smoke_candidates.py,test,function,DiscoverPynqSmokeCandidatesTests.test_skips_docs_resource_gate_audit_noise,test_skips_docs_resource_gate_audit_noise,168,186,19,9,2,1,0,False,Path;discovery_tool.build_discovery;self.assertEqual;tempfile.TemporaryDirectory;write_json,13457d4cdc2a5e05116c
hardware/tests/test_discover_pynq_smoke_candidates.py,test,function,DiscoverPynqSmokeCandidatesTests.test_skips_generated_signoff_metadata_noise,test_skips_generated_signoff_metadata_noise,188,206,19,9,2,1,0,False,Path;discovery_tool.build_discovery;self.assertEqual;tempfile.TemporaryDirectory;write_json,785fd2d4547724d5cc8b
hardware/tests/test_discover_pynq_smoke_candidates.py,test,function,DiscoverPynqSmokeCandidatesTests.test_cli_writes_vref_markdown_without_copying,test_cli_writes_vref_markdown_without_copying,208,252,45,16,2,1,0,False,Path;contextlib.redirect_stdout;discovery_tool.main;exists;io.StringIO;json.loads;json_out.read_text;markdown_out.read_text;self.assertEqual;self.assertFalse;self.assertIn;smoke_payload;str;stream.getvalue;tempfile.TemporaryDirectory;write_json,54a85c3dd9ddcd0f181a
hardware/tests/test_import_pynq_smoke_result.py,test,class,ImportPynqSmokeResultTests,ImportPynqSmokeResultTests,28,259,232,155,13,0,0,False,,
hardware/tests/test_import_pynq_smoke_result.py,test,function,ImportPynqSmokeResultTests.test_import_copies_valid_c3b_result_to_default_path,test_import_copies_valid_c3b_result_to_default_path,29,51,23,21,1,1,0,False,Path;c3b_result;dest.exists;dest.read_text;importer.import_result;json.dumps;json.loads;len;self.assertEqual;self.assertFalse;self.assertTrue;source.parent.mkdir;source.write_text;tempfile.TemporaryDirectory,776897a67dfd4fef5bd8
hardware/tests/test_import_pynq_smoke_result.py,test,function,ImportPynqSmokeResultTests.test_import_copies_valid_vref_successor_result_to_default_path,test_import_copies_valid_vref_successor_result_to_default_path,53,73,21,13,1,1,0,False,Path;dest.exists;dest.read_text;importer.import_result;json.dumps;json.loads;self.assertEqual;self.assertTrue;source.parent.mkdir;source.write_text;successor_result;tempfile.TemporaryDirectory,10b9b44c3ec3837bf8ac
hardware/tests/test_import_pynq_smoke_result.py,test,function,ImportPynqSmokeResultTests.test_import_copies_valid_qkv_uram_result_to_default_path,test_import_copies_valid_qkv_uram_result_to_default_path,75,89,15,13,1,1,0,False,Path;dest.exists;dest.read_text;importer.import_result;json.dumps;json.loads;qkv_uram_result;self.assertEqual;self.assertTrue;source.parent.mkdir;source.write_text;tempfile.TemporaryDirectory,67947689f01a78ec6ceb
hardware/tests/test_import_pynq_smoke_result.py,test,function,ImportPynqSmokeResultTests.test_import_copies_valid_par32_prefetchall4_hybrid_result_to_default_path,test_import_copies_valid_par32_prefetchall4_hybrid_result_to_default_path,91,117,27,15,1,1,0,False,Path;dest.exists;dest.read_text;importer.import_result;json.dumps;json.loads;par32_prefetchall4_hybrid_result;self.assertEqual;self.assertTrue;source.parent.mkdir;source.write_text;tempfile.TemporaryDirectory,a226fc6ce6fd5a39d6fe
hardware/tests/test_import_pynq_smoke_result.py,test,function,ImportPynqSmokeResultTests.test_import_rejects_invalid_result_without_overwriting_dest,test_import_rejects_invalid_result_without_overwriting_dest,119,135,17,15,1,1,0,False,Path;c3b_result;dest.parent.mkdir;dest.read_text;dest.write_text;importer.import_result;json.dumps;json.loads;self.assertEqual;self.assertFalse;source.write_text;tempfile.TemporaryDirectory,9ff62cff3650e35571c9
hardware/tests/test_import_pynq_smoke_result.py,test,function,ImportPynqSmokeResultTests.test_import_rejects_wrong_overlay_basename_without_copying,test_import_rejects_wrong_overlay_basename_without_copying,137,158,22,13,3,1,0,False,Path;any;c3b_result;dest.exists;importer.import_result;json.dumps;self.assertEqual;self.assertFalse;self.assertTrue;source.write_text;tempfile.TemporaryDirectory,5ed90546bd413ac9edde
hardware/tests/test_import_pynq_smoke_result.py,test,function,ImportPynqSmokeResultTests.test_dry_run_validates_without_copying,test_dry_run_validates_without_copying,160,175,16,14,1,1,0,False,Path;c3b_result;dest.exists;importer.import_result;json.dumps;self.assertEqual;self.assertFalse;self.assertTrue;source.parent.mkdir;source.write_text;tempfile.TemporaryDirectory,96fbe6af6c4814c05b4c
hardware/tests/test_import_pynq_smoke_result.py,test,function,ImportPynqSmokeResultTests.test_custom_dest_does_not_claim_current_gate_clearance,test_custom_dest_does_not_claim_current_gate_clearance,177,193,17,15,1,1,0,False,Path;c3b_result;custom_dest.exists;importer.import_result;json.dumps;self.assertEqual;self.assertFalse;self.assertTrue;source.parent.mkdir;source.write_text;tempfile.TemporaryDirectory,1c727ca9db073d498148
hardware/tests/test_import_pynq_smoke_result.py,test,function,ImportPynqSmokeResultTests.test_cli_writes_import_and_validation_reports,test_cli_writes_import_and_validation_reports,195,227,33,19,2,1,0,False,Path;c3b_result;contextlib.redirect_stdout;importer.main;io.StringIO;json.dumps;json.loads;len;report.read_text;self.assertEqual;self.assertTrue;source.write_text;str;stream.getvalue;tempfile.TemporaryDirectory;validation.read_text,f53a0ff3c7135bef8813
hardware/tests/test_import_pynq_smoke_result.py,test,function,ImportPynqSmokeResultTests.test_cli_dry_run_writes_reports_without_copying,test_cli_dry_run_writes_reports_without_copying,229,259,31,16,1,1,0,False,Path;c3b_result;dest.exists;importer.main;json.dumps;json.loads;report.read_text;self.assertEqual;self.assertFalse;source.write_text;str;tempfile.TemporaryDirectory;validation.read_text,bc50ea589db5020f87ff
hardware/tests/test_package_e2e_axis_dma_pynq_bundle.py,test,class,E2EAxisDmaPynqBundleTests,E2EAxisDmaPynqBundleTests,17,266,250,188,18,0,0,False,,
hardware/tests/test_package_e2e_axis_dma_pynq_bundle.py,test,function,E2EAxisDmaPynqBundleTests.make_fake_hardware_root,make_fake_hardware_root,18,36,19,19,4,3,0,False,path.parent.mkdir;path.write_bytes;path.write_text,14221aa9a9a1b47b6353
hardware/tests/test_package_e2e_axis_dma_pynq_bundle.py,test,function,E2EAxisDmaPynqBundleTests.test_build_c3b_bundle_writes_expected_files_manifest_and_tar,test_build_c3b_bundle_writes_expected_files_manifest_and_tar,38,80,43,26,4,1,0,False,Path;any;bundler.build_bundle;json.loads;read_text;required.issubset;self.assertEqual;self.assertFalse;self.assertIn;self.assertTrue;str;tar_path.exists;tempfile.TemporaryDirectory,918994064277fa5b7766
hardware/tests/test_package_e2e_axis_dma_pynq_bundle.py,test,function,E2EAxisDmaPynqBundleTests.test_build_vref_successor_bundle_uses_successor_artifacts_and_expected_raw,test_build_vref_successor_bundle_uses_successor_artifacts_and_expected_raw,82,105,24,14,2,1,0,False,Path;bundler.build_bundle;json.loads;read_text;required.issubset;self.assertEqual;self.assertIn;self.assertTrue;tempfile.TemporaryDirectory,db6b4c5886c2f3ada45c
hardware/tests/test_package_e2e_axis_dma_pynq_bundle.py,test,function,E2EAxisDmaPynqBundleTests.test_build_qkv_uram_bundle_uses_qkv_artifacts_and_expected_raw,test_build_qkv_uram_bundle_uses_qkv_artifacts_and_expected_raw,107,130,24,22,2,1,0,False,Path;bundler.build_bundle;json.loads;read_text;self.addCleanup;self.assertEqual;self.assertIn;self.make_fake_hardware_root;tempfile.TemporaryDirectory,816ea49b8e8deece024b
hardware/tests/test_package_e2e_axis_dma_pynq_bundle.py,test,function,E2EAxisDmaPynqBundleTests.test_build_runtime_mode_search_bundle_uses_runtime_artifacts_and_profile,test_build_runtime_mode_search_bundle_uses_runtime_artifacts_and_profile,132,153,22,20,1,1,0,False,Path;bundler.build_bundle;json.loads;read_text;self.addCleanup;self.assertEqual;self.assertIn;self.assertIsNone;self.make_fake_hardware_root;tempfile.TemporaryDirectory,469a5069ddad33e4e30f
hardware/tests/test_package_e2e_axis_dma_pynq_bundle.py,test,function,E2EAxisDmaPynqBundleTests.test_build_runtime_mode_track_bundle_uses_runtime_artifacts_and_profile,test_build_runtime_mode_track_bundle_uses_runtime_artifacts_and_profile,155,176,22,20,1,1,0,False,Path;bundler.build_bundle;json.loads;read_text;self.addCleanup;self.assertEqual;self.assertIn;self.assertIsNone;self.make_fake_hardware_root;tempfile.TemporaryDirectory,bf96a8f7e98aae3537c6
hardware/tests/test_package_e2e_axis_dma_pynq_bundle.py,test,function,E2EAxisDmaPynqBundleTests.test_build_par32_rom_compute_search_bundle_checks_expected_output,test_build_par32_rom_compute_search_bundle_checks_expected_output,178,203,26,21,1,1,0,False,Path;bundler.build_bundle;json.loads;read_text;self.addCleanup;self.assertEqual;self.assertIn;self.make_fake_hardware_root;tempfile.TemporaryDirectory,75f73a6ab4e969309e69
hardware/tests/test_package_e2e_axis_dma_pynq_bundle.py,test,function,E2EAxisDmaPynqBundleTests.test_build_par32_rom_compute_track_bundle_checks_expected_output,test_build_par32_rom_compute_track_bundle_checks_expected_output,205,230,26,21,1,1,0,False,Path;bundler.build_bundle;json.loads;read_text;self.addCleanup;self.assertEqual;self.assertIn;self.make_fake_hardware_root;tempfile.TemporaryDirectory,327f52f2d0b6fc90f909
hardware/tests/test_package_e2e_axis_dma_pynq_bundle.py,test,function,E2EAxisDmaPynqBundleTests.test_build_par32_prefetchall4_hybrid_bundle_uses_interleaved_runner,test_build_par32_prefetchall4_hybrid_bundle_uses_interleaved_runner,232,266,35,24,2,1,0,False,Path;bundler.build_bundle;json.loads;read_text;self.addCleanup;self.assertEqual;self.assertIn;self.assertIsNone;self.make_fake_hardware_root;tempfile.TemporaryDirectory,d2c5cd7fce4ecaecc8ac
hardware/tests/test_package_e2e_m_axi_pynq_bundle.py,test,class,E2EMaxiPynqBundleTests,E2EMaxiPynqBundleTests,17,52,36,22,4,0,0,False,,
hardware/tests/test_package_e2e_m_axi_pynq_bundle.py,test,function,E2EMaxiPynqBundleTests.test_build_bundle_writes_expected_files_manifest_and_tar,test_build_bundle_writes_expected_files_manifest_and_tar,18,52,35,21,4,1,0,False,Path;any;bundler.build_bundle;json.loads;read_text;required.issubset;self.assertEqual;self.assertFalse;self.assertIn;self.assertNotIn;self.assertTrue;str;tar_path.exists;tempfile.TemporaryDirectory,44442a5e77e7f99f9942
hardware/tests/test_prepare_zcu104_smoke_session.py,test,class,PrepareZcu104SmokeSessionTests,PrepareZcu104SmokeSessionTests,21,160,140,88,11,0,0,False,,
hardware/tests/test_prepare_zcu104_smoke_session.py,test,function,PrepareZcu104SmokeSessionTests.test_build_session_accepts_valid_c3b_bundle,test_build_session_accepts_valid_c3b_bundle,22,45,24,16,1,1,0,False,Path;bundler.build_bundle;self.assertEqual;self.assertIn;self.assertNotIn;session_tool.build_session;tempfile.TemporaryDirectory,43a15ba6e85cadf7b4ec
hardware/tests/test_prepare_zcu104_smoke_session.py,test,function,PrepareZcu104SmokeSessionTests.test_build_session_accepts_valid_vref_successor_bundle,test_build_session_accepts_valid_vref_successor_bundle,47,70,24,13,1,1,0,False,Path;bundler.build_bundle;self.assertEqual;self.assertIn;session_tool.build_session;tempfile.TemporaryDirectory,4f318067821be2ec63e3
hardware/tests/test_prepare_zcu104_smoke_session.py,test,function,PrepareZcu104SmokeSessionTests.test_build_session_accepts_valid_qkv_uram_bundle_with_generic_import,test_build_session_accepts_valid_qkv_uram_bundle_with_generic_import,72,114,43,35,5,1,0,False,Path;bundler.build_bundle;path.parent.mkdir;path.write_bytes;path.write_text;self.addCleanup;self.assertEqual;self.assertIn;session_tool.build_session;tempfile.TemporaryDirectory,8797b4a12eb60c397e27
hardware/tests/test_prepare_zcu104_smoke_session.py,test,function,PrepareZcu104SmokeSessionTests.test_build_session_fails_when_tar_is_missing,test_build_session_fails_when_tar_is_missing,116,133,18,10,2,1,0,False,Path;any;bundler.build_bundle;self.assertEqual;self.assertTrue;session_tool.build_session;tar_path.unlink;tempfile.TemporaryDirectory,4947e95a17b843aa84e3
hardware/tests/test_prepare_zcu104_smoke_session.py,test,function,PrepareZcu104SmokeSessionTests.test_cli_writes_json_and_markdown_runbook,test_cli_writes_json_and_markdown_runbook,135,160,26,13,2,1,0,False,Path;bundler.build_bundle;contextlib.redirect_stdout;io.StringIO;json.loads;json_out.read_text;markdown_out.read_text;self.assertEqual;self.assertIn;session_tool.main;str;stream.getvalue;tempfile.TemporaryDirectory,e6d0521b8f96016cb8ef
hardware/tests/test_run_runtime_mode_board_latency.py,test,class,RuntimeModeBoardLatencyRunnerTests,RuntimeModeBoardLatencyRunnerTests,78,268,191,96,17,0,0,False,,
hardware/tests/test_run_runtime_mode_board_latency.py,test,function,resolved,resolved,21,22,2,2,0,2,0,False,,c5068b4d87a9a62caf14
hardware/tests/test_run_runtime_mode_board_latency.py,test,function,payload,payload,25,48,24,3,1,2,0,False,,421178f806bbc291ba06
hardware/tests/test_run_runtime_mode_board_latency.py,test,function,par32_rom_payload,par32_rom_payload,51,75,25,4,3,2,0,False,float,62a4ea56de70254b0452
hardware/tests/test_run_runtime_mode_board_latency.py,test,function,RuntimeModeBoardLatencyRunnerTests.make_profile_configs,make_profile_configs,79,108,30,15,2,2,0,False,bundle.mkdir;sha256_file;sha_path.write_text;tar.add;tar_path.with_name;tarfile.open;write_text,35018b06b315d8fcfc98
hardware/tests/test_run_runtime_mode_board_latency.py,test,function,RuntimeModeBoardLatencyRunnerTests.make_par32_rom_compute_configs,make_par32_rom_compute_configs,110,139,30,15,2,2,0,False,bundle.mkdir;sha256_file;sha_path.write_text;tar.add;tar_path.with_name;tarfile.open;write_text,e5785e4323598c24c07a
hardware/tests/test_run_runtime_mode_board_latency.py,test,function,RuntimeModeBoardLatencyRunnerTests.test_dry_run_builds_both_runtime_mode_profiles,test_dry_run_builds_both_runtime_mode_profiles,141,158,18,9,1,1,0,False,Path;runner.build_runtime_mode_summary;self.assertEqual;self.make_profile_configs;tempfile.TemporaryDirectory,aa3535a2203c3d9c767e
hardware/tests/test_run_runtime_mode_board_latency.py,test,function,RuntimeModeBoardLatencyRunnerTests.test_dry_run_builds_par32_rom_compute_profiles,test_dry_run_builds_par32_rom_compute_profiles,160,180,21,10,1,1,0,False,Path;runner.build_runtime_mode_summary;self.assertEqual;self.make_par32_rom_compute_configs;tempfile.TemporaryDirectory,eda5ae86da7630c8871a
hardware/tests/test_run_runtime_mode_board_latency.py,test,function,RuntimeModeBoardLatencyRunnerTests.test_execute_imports_both_results_and_passes_gate,test_execute_imports_both_results_and_passes_gate,182,209,28,16,5,1,0,False,Path;dst.name.endswith;dst.parent.mkdir;dst.write_text;json.dumps;payload;runner.build_runtime_mode_summary;self.assertEqual;self.make_profile_configs;subprocess.CompletedProcess;tempfile.TemporaryDirectory,e573158203e267142217
hardware/tests/test_run_runtime_mode_board_latency.py,test,function,RuntimeModeBoardLatencyRunnerTests.test_execute_imports_par32_rom_compute_results_and_passes_gate,test_execute_imports_par32_rom_compute_results_and_passes_gate,211,240,30,16,5,1,0,False,Path;dst.name.endswith;dst.parent.mkdir;dst.write_text;json.dumps;par32_rom_payload;runner.build_runtime_mode_summary;self.assertEqual;self.make_par32_rom_compute_configs;subprocess.CompletedProcess;tempfile.TemporaryDirectory,35850726f148432ca380
hardware/tests/test_run_runtime_mode_board_latency.py,test,function,RuntimeModeBoardLatencyRunnerTests.test_execute_stops_before_remote_when_host_unresolved,test_execute_stops_before_remote_when_host_unresolved,242,268,27,14,1,1,0,False,AssertionError;Path;runner.build_runtime_mode_summary;self.assertEqual;self.assertIn;self.make_profile_configs;socket.gaierror;tempfile.TemporaryDirectory,cc760a69b8c1aa508308
hardware/tests/test_run_third_goal_final_signoff.py,test,class,RunThirdGoalFinalSignoffTests,RunThirdGoalFinalSignoffTests,18,1604,1587,862,80,0,0,False,,
hardware/tests/test_run_third_goal_final_signoff.py,test,function,RunThirdGoalFinalSignoffTests.make_paths,make_paths,19,20,2,2,0,2,0,False,runner.default_paths,59e50b6535df49286320
hardware/tests/test_run_third_goal_final_signoff.py,test,function,RunThirdGoalFinalSignoffTests.make_tools,make_tools,22,785,764,428,45,3,0,False,Path;argv.index;calls.append;candidate_audit_path.as_posix;candidate_audit_path.exists;evidence_manifest_path.as_posix;handoff_path.as_posix;handoff_path.exists;json.dumps;json_out.parent.mkdir;json_out.write_text;markdown_out.write_text;matrix_path.as_posix;matrix_path.exists;packet_path.as_posix;packet_path.exists;preview_json.parent.mkdir;preview_json.write_text;preview_md.write_text;requirements_trace_path.as_posix;requirements_trace_path.exists;resource_matrix_path.as_posix;resource_matrix_path.exists;self.assertIn;self.assertTrue;sha256_out.parent.mkdir;sha256_out.write_text;signoff_run.exists;validation_out.write_text;xr_vits_resolution_path.as_posix;xr_vits_resolution_path.exists,
hardware/tests/test_run_third_goal_final_signoff.py,test,function,RunThirdGoalFinalSignoffTests.make_tools.c3b_import,c3b_import,23,37,15,14,2,1,0,False,Path;argv.index;calls.append;json.dumps;json_out.parent.mkdir;json_out.write_text;validation_out.write_text,074ce22afb7fd47b4f9b
hardware/tests/test_run_third_goal_final_signoff.py,test,function,RunThirdGoalFinalSignoffTests.make_tools.zcu104_remote,zcu104_remote,39,53,15,14,4,1,0,False,Path;argv.index;calls.append;json.dumps;json_out.parent.mkdir;json_out.write_text;markdown_out.write_text,0ef8b04d400afdec2bb6
hardware/tests/test_run_third_goal_final_signoff.py,test,function,RunThirdGoalFinalSignoffTests.make_tools.c3b_smoke_contract,c3b_smoke_contract,55,76,22,8,0,1,0,False,Path;argv.index;calls.append;json.dumps;json_out.parent.mkdir;json_out.write_text;markdown_out.write_text,bfc4db85fcd731ff5f74
hardware/tests/test_run_third_goal_final_signoff.py,test,function,RunThirdGoalFinalSignoffTests.make_tools.c3b_transfer_manifest,c3b_transfer_manifest,78,98,21,11,0,1,0,False,Path;argv.index;calls.append;json.dumps;json_out.parent.mkdir;json_out.write_text;markdown_out.write_text;sha256_out.parent.mkdir;sha256_out.write_text,fbbfa34a0ec331f1ca57
hardware/tests/test_run_third_goal_final_signoff.py,test,function,RunThirdGoalFinalSignoffTests.make_tools.xr_vits_policy,xr_vits_policy,100,125,26,15,1,1,0,False,Path;argv.index;calls.append;json.dumps;json_out.parent.mkdir;json_out.write_text;preview_json.parent.mkdir;preview_json.write_text;preview_md.write_text;self.assertIn,a89ff90f9f8618a1f847
hardware/tests/test_run_third_goal_final_signoff.py,test,function,RunThirdGoalFinalSignoffTests.make_tools.xr_vits_packet,xr_vits_packet,127,135,9,9,2,1,0,False,Path;argv.index;calls.append;json.dumps;json_out.parent.mkdir;json_out.write_text;markdown_out.write_text,248fcea569b7ca1c4e67
hardware/tests/test_run_third_goal_final_signoff.py,test,function,RunThirdGoalFinalSignoffTests.make_tools.xr_vits_reference_resolution,xr_vits_reference_resolution,137,145,9,9,1,1,0,False,Path;argv.index;calls.append;json.dumps;json_out.parent.mkdir;json_out.write_text;markdown_out.write_text,ead18f585ef40345c7fe
hardware/tests/test_run_third_goal_final_signoff.py,test,function,RunThirdGoalFinalSignoffTests.make_tools.readiness,readiness,147,154,8,8,1,1,0,False,Path;argv.index;calls.append;json.dumps;json_out.parent.mkdir;json_out.write_text;markdown_out.write_text,d6ae1efb8a9592f7baa4
hardware/tests/test_run_third_goal_final_signoff.py,test,function,RunThirdGoalFinalSignoffTests.make_tools.preflight,preflight,156,168,13,10,3,1,0,False,Path;argv.index;calls.append;json.dumps;json_out.parent.mkdir;json_out.write_text,c30e2789b05e166ca0ca
hardware/tests/test_run_third_goal_final_signoff.py,test,function,RunThirdGoalFinalSignoffTests.make_tools.final_audit,final_audit,170,183,14,11,3,1,0,False,Path;argv.index;calls.append;json.dumps;json_out.parent.mkdir;json_out.write_text;markdown_out.write_text,82911ea54b6796778ef3
hardware/tests/test_run_third_goal_final_signoff.py,test,function,RunThirdGoalFinalSignoffTests.make_tools.completion,completion,185,192,8,8,2,1,0,False,Path;argv.index;calls.append;json.dumps;json_out.parent.mkdir;json_out.write_text;markdown_out.write_text,4867e377895857a90c70
hardware/tests/test_run_third_goal_final_signoff.py,test,function,RunThirdGoalFinalSignoffTests.make_tools.unblock,unblock,194,201,8,8,2,1,0,False,Path;argv.index;calls.append;json.dumps;json_out.parent.mkdir;json_out.write_text;markdown_out.write_text,082fd0efc514a6dffeef
hardware/tests/test_run_third_goal_final_signoff.py,test,function,RunThirdGoalFinalSignoffTests.make_tools.command_card,command_card,203,210,8,8,2,1,0,False,Path;argv.index;calls.append;json.dumps;json_out.parent.mkdir;json_out.write_text;markdown_out.write_text,6bfed3ea63d3818fc3fa
hardware/tests/test_run_third_goal_final_signoff.py,test,function,RunThirdGoalFinalSignoffTests.make_tools.resource_matrix,resource_matrix,212,219,8,8,0,1,0,False,Path;argv.index;calls.append;json.dumps;json_out.parent.mkdir;json_out.write_text;markdown_out.write_text,5f116261882d05659d25
hardware/tests/test_run_third_goal_final_signoff.py,test,function,RunThirdGoalFinalSignoffTests.make_tools.resource_policy,resource_policy,221,231,11,11,0,1,0,False,Path;argv.index;calls.append;json.dumps;json_out.parent.mkdir;json_out.write_text;markdown_out.write_text;matrix_path.as_posix;matrix_path.exists;self.assertIn;self.assertTrue,048c3e07c412d173d751
hardware/tests/test_run_third_goal_final_signoff.py,test,function,RunThirdGoalFinalSignoffTests.make_tools.selected_path,selected_path,233,254,22,11,0,1,0,False,Path;argv.index;calls.append;json.dumps;json_out.parent.mkdir;json_out.write_text;markdown_out.write_text;matrix_path.as_posix;matrix_path.exists;self.assertIn;self.assertTrue,828d4f218dfef6e55838
hardware/tests/test_run_third_goal_final_signoff.py,test,function,RunThirdGoalFinalSignoffTests.make_tools.requirements_trace,requirements_trace,256,276,21,21,2,1,0,False,Path;argv.index;calls.append;candidate_audit_path.as_posix;candidate_audit_path.exists;evidence_manifest_path.as_posix;json.dumps;json_out.parent.mkdir;json_out.write_text;markdown_out.write_text;resource_matrix_path.as_posix;resource_matrix_path.exists;self.assertIn;self.assertTrue;signoff_run.exists;xr_vits_resolution_path.as_posix;xr_vits_resolution_path.exists,fe8df61fbd00476019af
hardware/tests/test_run_third_goal_final_signoff.py,test,function,RunThirdGoalFinalSignoffTests.make_tools.spec_plan,spec_plan,278,285,8,8,0,1,0,False,Path;argv.index;calls.append;json.dumps;json_out.parent.mkdir;json_out.write_text;markdown_out.write_text,daab6d358eca6bc02bc3
hardware/tests/test_run_third_goal_final_signoff.py,test,function,RunThirdGoalFinalSignoffTests.make_tools.candidate_audit,candidate_audit,287,300,14,13,2,1,0,False,Path;argv.index;calls.append;json.dumps;json_out.parent.mkdir;json_out.write_text;markdown_out.write_text,fbaf796f607d3e7b2eaa
hardware/tests/test_run_third_goal_final_signoff.py,test,function,RunThirdGoalFinalSignoffTests.make_tools.operator_handoff,operator_handoff,302,319,18,18,3,1,0,False,Path;argv.index;calls.append;candidate_audit_path.as_posix;candidate_audit_path.exists;json.dumps;json_out.parent.mkdir;json_out.write_text;markdown_out.write_text;requirements_trace_path.as_posix;requirements_trace_path.exists;self.assertIn;self.assertTrue;xr_vits_resolution_path.as_posix;xr_vits_resolution_path.exists,898985b4f907f1a2683e
hardware/tests/test_run_third_goal_final_signoff.py,test,function,RunThirdGoalFinalSignoffTests.make_tools.operator_handoff_validation,operator_handoff_validation,321,331,11,11,0,1,0,False,Path;argv.index;calls.append;handoff_path.as_posix;handoff_path.exists;json.dumps;json_out.parent.mkdir;json_out.write_text;markdown_out.write_text;self.assertIn;self.assertTrue,4b3ff29dd7a2003f1d42
hardware/tests/test_run_third_goal_final_signoff.py,test,function,RunThirdGoalFinalSignoffTests.make_tools.bundle_validation,bundle_validation,333,340,8,8,0,1,0,False,Path;argv.index;calls.append;json.dumps;json_out.parent.mkdir;json_out.write_text;markdown_out.write_text,30d7a74e6f1029bd2ec5
hardware/tests/test_run_third_goal_final_signoff.py,test,function,RunThirdGoalFinalSignoffTests.make_tools.c3b_smoke_discovery,c3b_smoke_discovery,342,350,9,9,3,1,0,False,Path;argv.index;calls.append;json.dumps;json_out.parent.mkdir;json_out.write_text;markdown_out.write_text,a53b4ce2256dab95530d
hardware/tests/test_run_third_goal_final_signoff.py,test,function,RunThirdGoalFinalSignoffTests.make_tools.pynq_smoke_discovery,pynq_smoke_discovery,352,376,25,17,6,1,0,False,Path;argv.index;calls.append;json.dumps;json_out.parent.mkdir;json_out.write_text;markdown_out.write_text;self.assertIn,106f4391f706f6354995
hardware/tests/test_run_third_goal_final_signoff.py,test,function,RunThirdGoalFinalSignoffTests.make_tools.blocker_closure,blocker_closure,378,386,9,9,2,1,0,False,Path;argv.index;calls.append;json.dumps;json_out.parent.mkdir;json_out.write_text;markdown_out.write_text,933369de75b2eebc66ba
hardware/tests/test_run_third_goal_final_signoff.py,test,function,RunThirdGoalFinalSignoffTests.make_tools.unblock_intake,unblock_intake,388,411,24,9,2,1,0,False,Path;argv.index;calls.append;json.dumps;json_out.parent.mkdir;json_out.write_text;markdown_out.write_text,ec634c4e286675860c7d
hardware/tests/test_run_third_goal_final_signoff.py,test,function,RunThirdGoalFinalSignoffTests.make_tools.evidence_manifest,evidence_manifest,413,420,8,8,0,1,0,False,Path;argv.index;calls.append;json.dumps;json_out.parent.mkdir;json_out.write_text;markdown_out.write_text,f8c42878a5178f68d3e3
hardware/tests/test_run_third_goal_final_signoff.py,test,function,RunThirdGoalFinalSignoffTests.make_tools.source_audit,source_audit,422,429,8,8,0,1,0,False,Path;argv.index;calls.append;json.dumps;json_out.parent.mkdir;json_out.write_text;markdown_out.write_text,379d5250cfbcc6781fd1
hardware/tests/test_run_third_goal_final_signoff.py,test,function,RunThirdGoalFinalSignoffTests.make_tools.current_audit,current_audit,431,439,9,9,2,1,0,False,Path;argv.index;calls.append;json.dumps;json_out.parent.mkdir;json_out.write_text;markdown_out.write_text,f6cf3de0e2eed097cf17
hardware/tests/test_run_third_goal_final_signoff.py,test,function,RunThirdGoalFinalSignoffTests.make_tools.qkv_uram_successor,qkv_uram_successor,441,456,16,8,0,1,0,False,Path;argv.index;calls.append;json.dumps;json_out.parent.mkdir;json_out.write_text;markdown_out.write_text,6b3be83c127d7a4fe5c1
hardware/tests/test_run_third_goal_final_signoff.py,test,function,RunThirdGoalFinalSignoffTests.make_tools.req5_q4q8_swhw,req5_q4q8_swhw,458,475,18,8,0,1,0,False,Path;argv.index;calls.append;json.dumps;json_out.parent.mkdir;json_out.write_text;markdown_out.write_text,924ba491e41ac1c8b1d5
hardware/tests/test_run_third_goal_final_signoff.py,test,function,RunThirdGoalFinalSignoffTests.make_tools.p2_vit_scale_calibration,p2_vit_scale_calibration,477,495,19,8,0,1,0,False,Path;argv.index;calls.append;json.dumps;json_out.parent.mkdir;json_out.write_text;markdown_out.write_text,c215cf02d01f48237fa7
hardware/tests/test_run_third_goal_final_signoff.py,test,function,RunThirdGoalFinalSignoffTests.make_tools.vref_p0_pot_scale_audit,vref_p0_pot_scale_audit,497,506,10,8,0,1,0,False,Path;argv.index;calls.append;json.dumps;json_out.parent.mkdir;json_out.write_text;markdown_out.write_text,859959ad9482fb7342b1
hardware/tests/test_run_third_goal_final_signoff.py,test,function,RunThirdGoalFinalSignoffTests.make_tools.vref_p0_pot_scale_sweep,vref_p0_pot_scale_sweep,508,529,22,8,0,1,0,False,Path;argv.index;calls.append;json.dumps;json_out.parent.mkdir;json_out.write_text;markdown_out.write_text,5f2c3d508695b7c77b6f
hardware/tests/test_run_third_goal_final_signoff.py,test,function,RunThirdGoalFinalSignoffTests.make_tools.req6_parameterization,req6_parameterization,531,558,28,8,0,1,0,False,Path;argv.index;calls.append;json.dumps;json_out.parent.mkdir;json_out.write_text;markdown_out.write_text,2b1afb98ffb7ceaf0bfd
hardware/tests/test_run_third_goal_final_signoff.py,test,function,RunThirdGoalFinalSignoffTests.make_tools.req1_environment,req1_environment,560,587,28,8,0,1,0,False,Path;argv.index;calls.append;json.dumps;json_out.parent.mkdir;json_out.write_text;markdown_out.write_text,a7b9a82570c7097b408a
hardware/tests/test_run_third_goal_final_signoff.py,test,function,RunThirdGoalFinalSignoffTests.make_tools.req9_deit_image,req9_deit_image,589,612,24,8,0,1,0,False,Path;argv.index;calls.append;json.dumps;json_out.parent.mkdir;json_out.write_text;markdown_out.write_text,94ca51853ddd6d2ca90f
hardware/tests/test_run_third_goal_final_signoff.py,test,function,RunThirdGoalFinalSignoffTests.make_tools.xr_vits_gate,xr_vits_gate,614,639,26,8,0,1,0,False,Path;argv.index;calls.append;json.dumps;json_out.parent.mkdir;json_out.write_text;markdown_out.write_text,c869dace88e84a0066c2
hardware/tests/test_run_third_goal_final_signoff.py,test,function,RunThirdGoalFinalSignoffTests.make_tools.c3b_physical_smoke_gate,c3b_physical_smoke_gate,641,666,26,8,0,1,0,False,Path;argv.index;calls.append;json.dumps;json_out.parent.mkdir;json_out.write_text;markdown_out.write_text,692f21714a4c7b8069f1
hardware/tests/test_run_third_goal_final_signoff.py,test,function,RunThirdGoalFinalSignoffTests.make_tools.vref_p0_buffer_lifetime,vref_p0_buffer_lifetime,668,675,8,8,0,1,0,False,Path;argv.index;calls.append;json.dumps;json_out.parent.mkdir;json_out.write_text;markdown_out.write_text,e116bdf4a8c79762dbb4
hardware/tests/test_run_third_goal_final_signoff.py,test,function,RunThirdGoalFinalSignoffTests.make_tools.hgpipe_operator_audit,hgpipe_operator_audit,677,708,32,8,0,1,0,False,Path;argv.index;calls.append;json.dumps;json_out.parent.mkdir;json_out.write_text;markdown_out.write_text,bbdfbe06e980cfdb93a1
hardware/tests/test_run_third_goal_final_signoff.py,test,function,RunThirdGoalFinalSignoffTests.make_tools.closeout_packet,closeout_packet,710,727,18,8,0,1,0,False,Path;argv.index;calls.append;json.dumps;json_out.parent.mkdir;json_out.write_text;markdown_out.write_text,dff78b6fdce48665a009
hardware/tests/test_run_third_goal_final_signoff.py,test,function,RunThirdGoalFinalSignoffTests.make_tools.closeout_validation,closeout_validation,729,739,11,11,0,1,0,False,Path;argv.index;calls.append;json.dumps;json_out.parent.mkdir;json_out.write_text;markdown_out.write_text;packet_path.as_posix;packet_path.exists;self.assertIn;self.assertTrue,830ef04fd2c628f95939
hardware/tests/test_run_third_goal_final_signoff.py,test,function,RunThirdGoalFinalSignoffTests.test_blocked_run_writes_summary_and_returns_one,test_blocked_run_writes_summary_and_returns_one,787,1014,228,98,1,1,0,False,Path;calls.index;count;exists;len;runner.run_pipeline;self.assertEqual;self.assertFalse;self.assertIn;self.assertTrue;self.make_paths;self.make_tools;set;str;tempfile.TemporaryDirectory,6a4f72d3d644d0219b47
hardware/tests/test_run_third_goal_final_signoff.py,test,function,RunThirdGoalFinalSignoffTests.test_allow_blocked_keeps_evidence_but_returns_zero,test_allow_blocked_keeps_evidence_but_returns_zero,1016,1029,14,8,1,1,0,False,Path;runner.run_pipeline;self.assertEqual;self.assertTrue;self.make_paths;self.make_tools;tempfile.TemporaryDirectory,a467994cf7c651d8f322
hardware/tests/test_run_third_goal_final_signoff.py,test,function,RunThirdGoalFinalSignoffTests.test_execute_zcu104_smoke_forwards_remote_options,test_execute_zcu104_smoke_forwards_remote_options,1031,1058,28,16,1,1,0,False,Path;runner.run_pipeline;self.assertEqual;self.assertIn;self.assertTrue;self.make_paths;self.make_tools;str;tempfile.TemporaryDirectory,764826b30ce9b9582f6b
hardware/tests/test_run_third_goal_final_signoff.py,test,function,RunThirdGoalFinalSignoffTests.test_require_vref_successor_smoke_runs_profile_dry_run_without_remote_dir_override,test_require_vref_successor_smoke_runs_profile_dry_run_without_remote_dir_override,1060,1083,24,16,3,1,0,False,Path;next;runner.run_pipeline;self.assertEqual;self.assertFalse;self.assertIn;self.assertNotIn;self.assertTrue;self.make_paths;self.make_tools;tempfile.TemporaryDirectory,328ed48c65f32da8d9e7
hardware/tests/test_run_third_goal_final_signoff.py,test,function,RunThirdGoalFinalSignoffTests.test_execute_vref_successor_smoke_forwards_remote_options,test_execute_vref_successor_smoke_forwards_remote_options,1085,1113,29,17,2,1,0,False,Path;next;runner.run_pipeline;self.assertEqual;self.assertFalse;self.assertIn;self.assertTrue;self.make_paths;self.make_tools;str;tempfile.TemporaryDirectory,91c50b4393cab5cd3cbb
hardware/tests/test_run_third_goal_final_signoff.py,test,function,RunThirdGoalFinalSignoffTests.test_require_qkv_uram_smoke_runs_profile_dry_run_and_blocks_when_missing,test_require_qkv_uram_smoke_runs_profile_dry_run_and_blocks_when_missing,1115,1137,23,15,2,1,0,False,Path;next;runner.run_pipeline;self.assertEqual;self.assertFalse;self.assertIn;self.assertNotIn;self.assertTrue;self.make_paths;self.make_tools;tempfile.TemporaryDirectory,43ba4563816e8815124c
hardware/tests/test_run_third_goal_final_signoff.py,test,function,RunThirdGoalFinalSignoffTests.test_execute_qkv_uram_smoke_forwards_remote_options,test_execute_qkv_uram_smoke_forwards_remote_options,1139,1167,29,17,2,1,0,False,Path;next;runner.run_pipeline;self.assertEqual;self.assertFalse;self.assertIn;self.assertTrue;self.make_paths;self.make_tools;str;tempfile.TemporaryDirectory,e3f4369965cbf5d2eb64
hardware/tests/test_run_third_goal_final_signoff.py,test,function,RunThirdGoalFinalSignoffTests.test_import_c3b_smoke_json_runs_before_readiness,test_import_c3b_smoke_json_runs_before_readiness,1169,1197,29,21,2,1,0,False,Path;board_result.parent.mkdir;board_result.write_text;calls.index;exists;next;runner.run_pipeline;self.assertEqual;self.assertIn;self.assertLess;self.assertTrue;self.make_paths;self.make_tools;str;tempfile.TemporaryDirectory,4bba744316a062c86afb
hardware/tests/test_run_third_goal_final_signoff.py,test,function,RunThirdGoalFinalSignoffTests.test_dry_run_import_c3b_smoke_json_validates_without_copy_status,test_dry_run_import_c3b_smoke_json_validates_without_copy_status,1199,1218,20,12,1,1,0,False,Path;board_result.parent.mkdir;board_result.write_text;runner.run_pipeline;self.assertEqual;self.assertIn;self.make_paths;self.make_tools;tempfile.TemporaryDirectory,353ddd3577b510fb2322
hardware/tests/test_run_third_goal_final_signoff.py,test,function,RunThirdGoalFinalSignoffTests.test_import_vref_successor_smoke_json_runs_before_remote,test_import_vref_successor_smoke_json_runs_before_remote,1220,1248,29,20,1,1,0,False,Path;board_result.parent.mkdir;board_result.write_text;calls.index;exists;runner.run_pipeline;self.assertEqual;self.assertIn;self.assertLess;self.assertTrue;self.make_paths;self.make_tools;str;tempfile.TemporaryDirectory,5b7f15d50d561f88ac9f
hardware/tests/test_run_third_goal_final_signoff.py,test,function,RunThirdGoalFinalSignoffTests.test_import_qkv_uram_smoke_json_runs_before_remote,test_import_qkv_uram_smoke_json_runs_before_remote,1250,1278,29,20,1,1,0,False,Path;board_result.parent.mkdir;board_result.write_text;calls.index;exists;runner.run_pipeline;self.assertEqual;self.assertIn;self.assertLess;self.assertTrue;self.make_paths;self.make_tools;str;tempfile.TemporaryDirectory,74a7d5b3e0ff6a3eb8e7
hardware/tests/test_run_third_goal_final_signoff.py,test,function,RunThirdGoalFinalSignoffTests.test_approve_xr_vits_replacement_forwards_policy_args_before_packet,test_approve_xr_vits_replacement_forwards_policy_args_before_packet,1280,1309,30,20,3,1,0,False,Path;calls.index;next;runner.run_pipeline;self.assertEqual;self.assertIn;self.assertLess;self.make_paths;self.make_tools;str;tempfile.TemporaryDirectory,ea30fce9173be95d7bd7
hardware/tests/test_run_third_goal_final_signoff.py,test,function,RunThirdGoalFinalSignoffTests.test_dry_run_xr_vits_replacement_validates_without_policy_write,test_dry_run_xr_vits_replacement_validates_without_policy_write,1311,1331,21,11,2,1,0,False,Path;calls.index;next;runner.run_pipeline;self.assertEqual;self.assertIn;self.assertLess;self.make_paths;self.make_tools;tempfile.TemporaryDirectory,75796a0c5a7b6bf06536
hardware/tests/test_run_third_goal_final_signoff.py,test,function,RunThirdGoalFinalSignoffTests.test_dry_run_xr_vits_replacement_allows_placeholder_approver,test_dry_run_xr_vits_replacement_allows_placeholder_approver,1333,1352,20,10,2,1,0,False,Path;next;runner.run_pipeline;self.assertEqual;self.assertIn;self.make_paths;self.make_tools;tempfile.TemporaryDirectory,8ead5655942ee89dc8e6
hardware/tests/test_run_third_goal_final_signoff.py,test,function,RunThirdGoalFinalSignoffTests.test_active_xr_vits_replacement_policy_failure_blocks_summary,test_active_xr_vits_replacement_policy_failure_blocks_summary,1354,1383,30,19,4,1,0,False,Path;argv.index;base_policy;calls.append;runner.run_pipeline;self.assertEqual;self.make_paths;self.make_tools;tempfile.TemporaryDirectory,7e3b07d7b6df0802fb8b
hardware/tests/test_run_third_goal_final_signoff.py,test,function,RunThirdGoalFinalSignoffTests.test_final_refresh_uses_fresh_evidence_manifest_contract,test_final_refresh_uses_fresh_evidence_manifest_contract,1385,1555,171,69,6,1,0,False,Path;argv.index;calls.append;calls.index;contract.get;contract_from_manifest;isinstance;json.dumps;json.loads;json_out.parent.mkdir;json_out.write_text;len;manifest.get;manifest_path.read_text;markdown_out.write_text;parent.mkdir;range;read_text;requirements_trace_path.read_text;runner.run_pipeline;self.assertEqual;self.make_paths;self.make_tools;str;tempfile.TemporaryDirectory;tools.update;trace.get;write_text,fad874ccb03470585198
hardware/tests/test_run_third_goal_final_signoff.py,test,function,RunThirdGoalFinalSignoffTests.test_pass_run_returns_zero,test_pass_run_returns_zero,1557,1604,48,42,1,1,0,False,Path;exists;len;runner.run_pipeline;self.assertEqual;self.assertTrue;self.make_paths;self.make_tools;set;tempfile.TemporaryDirectory,d7bc7e1a4992438b6c63
hardware/tests/test_run_zcu104_c3b_smoke_remote.py,test,class,RunZcu104C3bSmokeRemoteTests,RunZcu104C3bSmokeRemoteTests,21,498,478,161,10,0,0,False,,
hardware/tests/test_run_zcu104_c3b_smoke_remote.py,test,function,RunZcu104C3bSmokeRemoteTests.make_inputs,make_inputs,22,35,14,14,1,1,0,False,Path;bundle.mkdir;sha256_file;sha_path.parent.mkdir;sha_path.write_text;tar.add;tarfile.open;tempfile.TemporaryDirectory;write_text,51165e4a840d04c3ffc4
hardware/tests/test_run_zcu104_c3b_smoke_remote.py,test,function,RunZcu104C3bSmokeRemoteTests.test_dry_run_builds_remote_commands_without_network,test_dry_run_builds_remote_commands_without_network,37,58,22,9,2,1,0,False,any;remote_tool.build_summary;self.addCleanup;self.assertEqual;self.assertIn;self.assertTrue;self.make_inputs,a82873f8f0c73d4a88a4
hardware/tests/test_run_zcu104_c3b_smoke_remote.py,test,function,RunZcu104C3bSmokeRemoteTests.test_dry_run_builds_vref_successor_remote_commands,test_dry_run_builds_vref_successor_remote_commands,60,90,31,11,0,1,0,False,remote_tool.build_summary;self.addCleanup;self.assertEqual;self.assertIn;self.make_inputs,44b6eed90b1baac6ae8a
hardware/tests/test_run_zcu104_c3b_smoke_remote.py,test,function,RunZcu104C3bSmokeRemoteTests.test_dry_run_builds_qkv_uram_remote_commands,test_dry_run_builds_qkv_uram_remote_commands,92,122,31,11,0,1,0,False,remote_tool.build_summary;self.addCleanup;self.assertEqual;self.assertIn;self.make_inputs,5bad2bdd20f1d50d94e2
hardware/tests/test_run_zcu104_c3b_smoke_remote.py,test,function,RunZcu104C3bSmokeRemoteTests.test_dry_run_builds_runtime_mode_search_remote_commands,test_dry_run_builds_runtime_mode_search_remote_commands,124,154,31,11,0,1,0,False,remote_tool.build_summary;self.addCleanup;self.assertEqual;self.assertIn;self.make_inputs,a07daa7d6aacadd22d65
hardware/tests/test_run_zcu104_c3b_smoke_remote.py,test,function,RunZcu104C3bSmokeRemoteTests.test_dry_run_builds_runtime_mode_track_remote_commands,test_dry_run_builds_runtime_mode_track_remote_commands,156,186,31,11,0,1,0,False,remote_tool.build_summary;self.addCleanup;self.assertEqual;self.assertIn;self.make_inputs,a1d165b488648b1a4d33
hardware/tests/test_run_zcu104_c3b_smoke_remote.py,test,function,RunZcu104C3bSmokeRemoteTests.test_dry_run_builds_par32_prefetchall4_hybrid_remote_commands,test_dry_run_builds_par32_prefetchall4_hybrid_remote_commands,188,221,34,11,0,1,0,False,remote_tool.build_summary;self.addCleanup;self.assertEqual;self.assertIn;self.make_inputs,58324ae421d16b2a51ed
hardware/tests/test_run_zcu104_c3b_smoke_remote.py,test,function,RunZcu104C3bSmokeRemoteTests.test_blocks_on_bad_sha_file,test_blocks_on_bad_sha_file,223,242,20,7,1,1,0,False,any;remote_tool.build_summary;self.addCleanup;self.assertEqual;self.assertTrue;self.make_inputs;sha_path.write_text,bb7353a9ffd2f5fee6ca
hardware/tests/test_run_zcu104_c3b_smoke_remote.py,test,function,RunZcu104C3bSmokeRemoteTests.test_tilde_remote_dir_uses_home_in_remote_shell_command,test_tilde_remote_dir_uses_home_in_remote_shell_command,244,263,20,7,0,1,0,False,remote_tool.build_summary;self.addCleanup;self.assertIn;self.assertNotIn;self.make_inputs,d20560454b7db357761e
hardware/tests/test_run_zcu104_c3b_smoke_remote.py,test,function,RunZcu104C3bSmokeRemoteTests.test_execute_imports_valid_result_with_fake_runner,test_execute_imports_valid_result_with_fake_runner,265,314,50,16,2,1,0,False,calls.append;canonical.exists;json.dumps;len;local_result.parent.mkdir;local_result.write_text;remote_tool.build_summary;self.addCleanup;self.assertEqual;self.assertTrue;self.make_inputs;str;subprocess.CompletedProcess,782eb0ce155a26693f21
hardware/tests/test_run_zcu104_c3b_smoke_remote.py,test,function,RunZcu104C3bSmokeRemoteTests.test_execute_imports_valid_result_with_fake_runner.fake_runner,fake_runner,270,294,25,6,2,1,0,False,calls.append;json.dumps;local_result.parent.mkdir;local_result.write_text;str;subprocess.CompletedProcess,5d0e66dbb6d69e7861fa
hardware/tests/test_run_zcu104_c3b_smoke_remote.py,test,function,RunZcu104C3bSmokeRemoteTests.test_execute_imports_valid_vref_successor_result_with_fake_runner,test_execute_imports_valid_vref_successor_result_with_fake_runner,316,378,63,16,2,1,0,False,calls.append;canonical.exists;json.dumps;len;local_result.parent.mkdir;local_result.write_text;remote_tool.build_summary;self.addCleanup;self.assertEqual;self.assertTrue;self.make_inputs;str;subprocess.CompletedProcess,f6e7cb5e7d203fe358a8
hardware/tests/test_run_zcu104_c3b_smoke_remote.py,test,function,RunZcu104C3bSmokeRemoteTests.test_execute_imports_valid_vref_successor_result_with_fake_runner.fake_runner,fake_runner,321,345,25,6,2,1,0,False,calls.append;json.dumps;local_result.parent.mkdir;local_result.write_text;str;subprocess.CompletedProcess,3f2c7863563ca684a90b
hardware/tests/test_run_zcu104_c3b_smoke_remote.py,test,function,RunZcu104C3bSmokeRemoteTests.test_execute_imports_valid_qkv_uram_result_with_fake_runner,test_execute_imports_valid_qkv_uram_result_with_fake_runner,380,436,57,16,2,1,0,False,calls.append;canonical.exists;json.dumps;len;local_result.parent.mkdir;local_result.write_text;remote_tool.build_summary;self.addCleanup;self.assertEqual;self.assertTrue;self.make_inputs;str;subprocess.CompletedProcess,c88af62771fe8a0372fb
hardware/tests/test_run_zcu104_c3b_smoke_remote.py,test,function,RunZcu104C3bSmokeRemoteTests.test_execute_imports_valid_qkv_uram_result_with_fake_runner.fake_runner,fake_runner,385,409,25,6,2,1,0,False,calls.append;json.dumps;local_result.parent.mkdir;local_result.write_text;str;subprocess.CompletedProcess,f62b23d3cf7d7b7d9e49
hardware/tests/test_run_zcu104_c3b_smoke_remote.py,test,function,RunZcu104C3bSmokeRemoteTests.test_cli_writes_dry_run_json_and_markdown,test_cli_writes_dry_run_json_and_markdown,438,465,28,9,0,1,0,False,json.loads;json_out.read_text;markdown_out.read_text;remote_tool.main;self.addCleanup;self.assertEqual;self.assertIn;self.make_inputs;str,a4a8676e82a8bb5e37f0
hardware/tests/test_run_zcu104_c3b_smoke_remote.py,test,function,RunZcu104C3bSmokeRemoteTests.test_cli_profile_vref_writes_dry_run_json_and_markdown,test_cli_profile_vref_writes_dry_run_json_and_markdown,467,498,32,11,0,1,0,False,json.loads;json_out.read_text;markdown_out.read_text;remote_tool.main;self.addCleanup;self.assertEqual;self.assertIn;self.make_inputs;str,4c90d08241999a131898
hardware/tests/test_validate_final_operator_handoff.py,test,class,ValidateFinalOperatorHandoffTests,ValidateFinalOperatorHandoffTests,766,1257,492,350,41,0,0,False,,
hardware/tests/test_validate_final_operator_handoff.py,test,function,evidence_contract,evidence_contract,167,182,16,2,0,3,0,False,str,4c5949e4e93cb5f981b5
hardware/tests/test_validate_final_operator_handoff.py,test,function,write_live_manifest,write_live_manifest,185,214,30,7,2,3,0,False,json.dumps;len;max;path.parent.mkdir;path.write_text;range;str,3280f78e242aae6e94db
hardware/tests/test_validate_final_operator_handoff.py,test,function,write_live_source_audit,write_live_source_audit,217,230,14,4,0,3,0,False,json.dumps;path.parent.mkdir;path.write_text,4154ddaf058d8385882d
hardware/tests/test_validate_final_operator_handoff.py,test,function,write_live_resource_policy,write_live_resource_policy,233,260,28,7,5,3,0,False,json.dumps;len;max;path.parent.mkdir;path.write_text;range;sum,dc00072dc1dcccb62fc5
hardware/tests/test_validate_final_operator_handoff.py,test,function,write_live_spec_plan,write_live_spec_plan,263,302,40,7,5,3,0,False,json.dumps;len;max;path.parent.mkdir;path.write_text;range;sum,6e02ac4531dc07ef155b
hardware/tests/test_validate_final_operator_handoff.py,test,function,write_live_final_runner,write_live_final_runner,305,354,50,8,2,5,0,False,item.replace;json.dumps;len;mirrored.append;path.parent.mkdir;path.write_text;set,4a11b3c38bafc541e291
hardware/tests/test_validate_final_operator_handoff.py,test,function,write_live_req6_parameterization,write_live_req6_parameterization,357,385,29,7,5,3,0,False,json.dumps;len;max;path.parent.mkdir;path.write_text;range;sum,65b5a98938ebcf21d9b6
hardware/tests/test_validate_final_operator_handoff.py,test,function,write_live_current_audit,write_live_current_audit,388,441,54,5,1,5,0,False,json.dumps;path.parent.mkdir;path.write_text;str,f46cfe9fd0f5e5e84797
hardware/tests/test_validate_final_operator_handoff.py,test,function,write_live_closeout_validation,write_live_closeout_validation,444,475,32,8,5,3,0,False,json.dumps;len;max;path.parent.mkdir;path.write_text;range;sum,9356c4b28745cc11ffaa
hardware/tests/test_validate_final_operator_handoff.py,test,function,write_live_closeout_packet,write_live_closeout_packet,478,532,55,6,1,5,0,False,json.dumps;path.parent.mkdir;path.write_text;str,b517ac5c44f5a19a65f9
hardware/tests/test_validate_final_operator_handoff.py,test,function,write_live_c3b_physical_gate,write_live_c3b_physical_gate,535,573,39,5,0,6,0,False,json.dumps;path.parent.mkdir;path.write_text;str,8a6f61a6ab079fe01419
hardware/tests/test_validate_final_operator_handoff.py,test,function,write_live_xr_vits_gate,write_live_xr_vits_gate,576,620,45,5,0,6,0,False,json.dumps;path.parent.mkdir;path.write_text,23881982bfa24d5d956d
hardware/tests/test_validate_final_operator_handoff.py,test,function,write_live_xr_resolution,write_live_xr_resolution,623,626,4,4,0,1,0,False,json.dumps;path.parent.mkdir;path.write_text;sample_xr_vits_resolution,653f4a2db5815f6b75ea
hardware/tests/test_validate_final_operator_handoff.py,test,function,write_live_intake,write_live_intake,629,651,23,5,0,1,0,False,json.dumps;path.parent.mkdir;path.write_text,781a8b134296660539d6
hardware/tests/test_validate_final_operator_handoff.py,test,function,trace_with_contract,trace_with_contract,654,657,4,4,0,2,0,False,evidence_contract;sample_trace,6ba7ef3feee2cbb6dfc9
hardware/tests/test_validate_final_operator_handoff.py,test,function,validator_command_card,validator_command_card,660,736,77,2,0,1,0,False,str,ac997429d8974e70323e
hardware/tests/test_validate_final_operator_handoff.py,test,function,sample_handoff,sample_handoff,739,763,25,18,2,2,0,False,Path;handoff_tool.build_handoff;sample_candidate_audit;sample_readiness;sample_xr_vits_resolution;tempfile.mkdtemp;trace_with_contract;validator_command_card;write_live_c3b_physical_gate;write_live_closeout_packet;write_live_closeout_validation;write_live_current_audit;write_live_final_runner;write_live_intake;write_live_manifest;write_live_req6_parameterization;write_live_resource_policy;write_live_source_audit;write_live_spec_plan;write_live_xr_resolution;write_live_xr_vits_gate,4dad22da88b7ed015a43
hardware/tests/test_validate_final_operator_handoff.py,test,function,ValidateFinalOperatorHandoffTests.test_valid_handoff_passes_without_side_effects,test_valid_handoff_passes_without_side_effects,767,775,9,8,0,1,0,False,sample_handoff;self.assertEqual;self.assertFalse;self.assertGreaterEqual;validator.validate_handoff,ceaab1dc39436785ff39
hardware/tests/test_validate_final_operator_handoff.py,test,function,ValidateFinalOperatorHandoffTests.test_invalid_xr_resolution_fails,test_invalid_xr_resolution_fails,777,787,11,9,1,1,0,False,sample_handoff;self.assertEqual;self.assertIn;validator.validate_handoff,18fe59eaa6fe542371fe
hardware/tests/test_validate_final_operator_handoff.py,test,function,ValidateFinalOperatorHandoffTests.test_invalid_evidence_manifest_contract_fails,test_invalid_evidence_manifest_contract_fails,789,801,13,11,1,1,0,False,sample_handoff;self.assertEqual;self.assertIn;validator.validate_handoff,ccaf4dab4af1e349ea58
hardware/tests/test_validate_final_operator_handoff.py,test,function,ValidateFinalOperatorHandoffTests.test_stale_evidence_manifest_consistency_count_fails,test_stale_evidence_manifest_consistency_count_fails,803,812,10,8,1,1,0,False,sample_handoff;self.assertEqual;self.assertIn;validator.validate_handoff,f51cc9de48949f4741bc
hardware/tests/test_validate_final_operator_handoff.py,test,function,ValidateFinalOperatorHandoffTests.test_stale_evidence_manifest_required_count_fails,test_stale_evidence_manifest_required_count_fails,814,824,11,9,1,1,0,False,sample_handoff;self.assertEqual;self.assertIn;validator.validate_handoff,3fcbf887084d48deba02
hardware/tests/test_validate_final_operator_handoff.py,test,function,ValidateFinalOperatorHandoffTests.test_missing_live_evidence_manifest_fails,test_missing_live_evidence_manifest_fails,826,837,12,10,2,1,0,False,Path;sample_handoff;self.assertEqual;self.assertIn;tempfile.TemporaryDirectory;validator.validate_handoff,5b3c674cce89ac35b333
hardware/tests/test_validate_final_operator_handoff.py,test,function,ValidateFinalOperatorHandoffTests.test_missing_req5_live_manifest_check_fails_even_when_contract_count_matches,test_missing_req5_live_manifest_check_fails_even_when_contract_count_matches,839,859,21,13,2,1,0,False,Path;append;json.dumps;json.loads;path.read_text;path.write_text;sample_handoff;self.assertEqual;self.assertIn;self.assertNotIn;str;validator.validate_handoff,18d66ef9005734be8060
hardware/tests/test_validate_final_operator_handoff.py,test,function,ValidateFinalOperatorHandoffTests.test_missing_cyclic_resource_live_manifest_check_fails_even_when_contract_count_matches,test_missing_cyclic_resource_live_manifest_check_fails_even_when_contract_count_matches,861,881,21,13,2,1,0,False,Path;append;json.dumps;json.loads;path.read_text;path.write_text;sample_handoff;self.assertEqual;self.assertIn;self.assertNotIn;str;validator.validate_handoff,008a82f156330b248235
hardware/tests/test_validate_final_operator_handoff.py,test,function,ValidateFinalOperatorHandoffTests.test_missing_c3b_threshold_live_manifest_check_fails_even_when_contract_count_matches,test_missing_c3b_threshold_live_manifest_check_fails_even_when_contract_count_matches,883,903,21,13,2,1,0,False,Path;append;json.dumps;json.loads;path.read_text;path.write_text;sample_handoff;self.assertEqual;self.assertIn;self.assertNotIn;str;validator.validate_handoff,fcd91c2bc1267cbef45f
hardware/tests/test_validate_final_operator_handoff.py,test,function,ValidateFinalOperatorHandoffTests.test_missing_runner_summary_live_manifest_check_fails_even_when_contract_count_matches,test_missing_runner_summary_live_manifest_check_fails_even_when_contract_count_matches,905,925,21,13,2,1,0,False,Path;append;json.dumps;json.loads;path.read_text;path.write_text;sample_handoff;self.assertEqual;self.assertIn;self.assertNotIn;str;validator.validate_handoff,ca6b06d2392efcf930a7
hardware/tests/test_validate_final_operator_handoff.py,test,function,ValidateFinalOperatorHandoffTests.test_missing_source_audit_live_manifest_check_fails_even_when_contract_count_matches,test_missing_source_audit_live_manifest_check_fails_even_when_contract_count_matches,927,947,21,13,2,1,0,False,Path;append;json.dumps;json.loads;path.read_text;path.write_text;sample_handoff;self.assertEqual;self.assertIn;self.assertNotIn;str;validator.validate_handoff,83f3c1fd07a3fdd53a11
hardware/tests/test_validate_final_operator_handoff.py,test,function,ValidateFinalOperatorHandoffTests.test_stale_live_source_audit_counts_fail_even_when_manifest_checks_pass,test_stale_live_source_audit_counts_fail_even_when_manifest_checks_pass,949,960,12,10,1,1,0,False,Path;sample_handoff;self.assertEqual;self.assertIn;self.assertNotIn;str;validator.validate_handoff;write_live_source_audit,44b93a8350e8e688e389
hardware/tests/test_validate_final_operator_handoff.py,test,function,ValidateFinalOperatorHandoffTests.test_stale_live_resource_policy_fails_even_when_manifest_checks_pass,test_stale_live_resource_policy_fails_even_when_manifest_checks_pass,962,972,11,9,1,1,0,False,Path;sample_handoff;self.assertEqual;self.assertIn;self.assertNotIn;str;validator.validate_handoff;write_live_resource_policy,1307fe269ea4daf00938
hardware/tests/test_validate_final_operator_handoff.py,test,function,ValidateFinalOperatorHandoffTests.test_live_resource_policy_core_failure_fails_even_when_manifest_checks_pass,test_live_resource_policy_core_failure_fails_even_when_manifest_checks_pass,974,985,12,10,1,1,0,False,Path;sample_handoff;self.assertEqual;self.assertIn;str;validator.validate_handoff;write_live_resource_policy,34b39b21b686d46ae40d
hardware/tests/test_validate_final_operator_handoff.py,test,function,ValidateFinalOperatorHandoffTests.test_stale_live_spec_plan_counts_fail_even_when_manifest_checks_pass,test_stale_live_spec_plan_counts_fail_even_when_manifest_checks_pass,987,997,11,9,1,1,0,False,Path;sample_handoff;self.assertEqual;self.assertIn;self.assertNotIn;str;validator.validate_handoff;write_live_spec_plan,9c61b092c0c45dfe2cdb
hardware/tests/test_validate_final_operator_handoff.py,test,function,ValidateFinalOperatorHandoffTests.test_live_spec_plan_core_failure_fails_even_when_manifest_checks_pass,test_live_spec_plan_core_failure_fails_even_when_manifest_checks_pass,999,1009,11,9,1,1,0,False,Path;sample_handoff;self.assertEqual;self.assertIn;str;validator.validate_handoff;write_live_spec_plan,ebaa178a8807fea64b53
hardware/tests/test_validate_final_operator_handoff.py,test,function,ValidateFinalOperatorHandoffTests.test_stale_live_final_runner_counts_fail_even_when_manifest_checks_pass,test_stale_live_final_runner_counts_fail_even_when_manifest_checks_pass,1011,1022,12,10,1,1,0,False,Path;sample_handoff;self.assertEqual;self.assertIn;self.assertNotIn;str;validator.validate_handoff;write_live_final_runner,c1e04aa2ff5b9227dd89
hardware/tests/test_validate_final_operator_handoff.py,test,function,ValidateFinalOperatorHandoffTests.test_live_final_runner_duplicate_mirror_fails_even_when_manifest_checks_pass,test_live_final_runner_duplicate_mirror_fails_even_when_manifest_checks_pass,1024,1033,10,8,1,1,0,False,Path;sample_handoff;self.assertEqual;self.assertIn;str;validator.validate_handoff;write_live_final_runner,8e7ec1db7b92bb03663d
hardware/tests/test_validate_final_operator_handoff.py,test,function,ValidateFinalOperatorHandoffTests.test_stale_live_req6_parameterization_count_fails_even_when_manifest_checks_pass,test_stale_live_req6_parameterization_count_fails_even_when_manifest_checks_pass,1035,1045,11,9,1,1,0,False,Path;sample_handoff;self.assertEqual;self.assertIn;self.assertNotIn;str;validator.validate_handoff;write_live_req6_parameterization,501b081a1d0575e4d890
hardware/tests/test_validate_final_operator_handoff.py,test,function,ValidateFinalOperatorHandoffTests.test_live_req6_parameterization_core_failure_fails_even_when_manifest_checks_pass,test_live_req6_parameterization_core_failure_fails_even_when_manifest_checks_pass,1047,1058,12,10,1,1,0,False,Path;sample_handoff;self.assertEqual;self.assertIn;str;validator.validate_handoff;write_live_req6_parameterization,d685f72a3fe1f44b730c
hardware/tests/test_validate_final_operator_handoff.py,test,function,ValidateFinalOperatorHandoffTests.test_stale_live_current_audit_summary_fails_even_when_manifest_checks_pass,test_stale_live_current_audit_summary_fails_even_when_manifest_checks_pass,1060,1072,13,11,1,1,0,False,Path;dict;sample_handoff;self.assertEqual;self.assertIn;self.assertNotIn;str;validator.validate_handoff;write_live_current_audit,d0c4fbab4d1fd67628f3
hardware/tests/test_validate_final_operator_handoff.py,test,function,ValidateFinalOperatorHandoffTests.test_live_current_audit_policy_drift_fails_even_when_manifest_checks_pass,test_live_current_audit_policy_drift_fails_even_when_manifest_checks_pass,1074,1083,10,8,1,1,0,False,Path;sample_handoff;self.assertEqual;self.assertIn;str;validator.validate_handoff;write_live_current_audit,62b900d03f8c8cffaa65
hardware/tests/test_validate_final_operator_handoff.py,test,function,ValidateFinalOperatorHandoffTests.test_live_current_audit_qkv_required_drift_fails_even_when_manifest_checks_pass,test_live_current_audit_qkv_required_drift_fails_even_when_manifest_checks_pass,1085,1094,10,8,1,1,0,False,Path;sample_handoff;self.assertEqual;self.assertIn;str;validator.validate_handoff;write_live_current_audit,340c6214b6c1f69547e8
hardware/tests/test_validate_final_operator_handoff.py,test,function,ValidateFinalOperatorHandoffTests.test_stale_live_closeout_validation_count_fails_even_when_manifest_checks_pass,test_stale_live_closeout_validation_count_fails_even_when_manifest_checks_pass,1096,1106,11,9,1,1,0,False,Path;sample_handoff;self.assertEqual;self.assertIn;self.assertNotIn;str;validator.validate_handoff;write_live_closeout_validation,74a6ef9f601c71be8b5c
hardware/tests/test_validate_final_operator_handoff.py,test,function,ValidateFinalOperatorHandoffTests.test_live_closeout_validation_core_failure_fails_even_when_manifest_checks_pass,test_live_closeout_validation_core_failure_fails_even_when_manifest_checks_pass,1108,1119,12,10,1,1,0,False,Path;sample_handoff;self.assertEqual;self.assertIn;str;validator.validate_handoff;write_live_closeout_validation,b95e3870e8a910ad53ab
hardware/tests/test_validate_final_operator_handoff.py,test,function,ValidateFinalOperatorHandoffTests.test_stale_live_closeout_packet_status_fails_even_when_manifest_checks_pass,test_stale_live_closeout_packet_status_fails_even_when_manifest_checks_pass,1121,1131,11,9,1,1,0,False,Path;sample_handoff;self.assertEqual;self.assertIn;self.assertNotIn;str;validator.validate_handoff;write_live_closeout_packet,b99a14c8b524b01fde6a
hardware/tests/test_validate_final_operator_handoff.py,test,function,ValidateFinalOperatorHandoffTests.test_live_closeout_packet_qkv_command_drift_fails_even_when_manifest_checks_pass,test_live_closeout_packet_qkv_command_drift_fails_even_when_manifest_checks_pass,1133,1142,10,8,1,1,0,False,Path;sample_handoff;self.assertEqual;self.assertIn;str;validator.validate_handoff;write_live_closeout_packet,41b02569a6f02e70ebf2
hardware/tests/test_validate_final_operator_handoff.py,test,function,ValidateFinalOperatorHandoffTests.test_live_c3b_physical_gate_drift_fails_even_when_manifest_checks_pass,test_live_c3b_physical_gate_drift_fails_even_when_manifest_checks_pass,1144,1154,11,9,1,1,0,False,Path;sample_handoff;self.assertEqual;self.assertIn;self.assertNotIn;str;validator.validate_handoff;write_live_c3b_physical_gate,40b634077f524acd5146
hardware/tests/test_validate_final_operator_handoff.py,test,function,ValidateFinalOperatorHandoffTests.test_live_xr_vits_gate_candidate_drift_fails_even_when_manifest_checks_pass,test_live_xr_vits_gate_candidate_drift_fails_even_when_manifest_checks_pass,1156,1165,10,8,1,1,0,False,Path;sample_handoff;self.assertEqual;self.assertIn;str;validator.validate_handoff;write_live_xr_vits_gate,9eabcf19f3cd69e0a0d8
hardware/tests/test_validate_final_operator_handoff.py,test,function,ValidateFinalOperatorHandoffTests.test_stale_xr_resolution_fails,test_stale_xr_resolution_fails,1167,1179,13,11,1,1,0,False,Path;json.dumps;json.loads;path.read_text;path.write_text;sample_handoff;self.assertEqual;self.assertIn;str;validator.validate_handoff,cc9a21752675284240f9
hardware/tests/test_validate_final_operator_handoff.py,test,function,ValidateFinalOperatorHandoffTests.test_stale_unblock_intake_fails,test_stale_unblock_intake_fails,1181,1195,15,13,1,1,0,False,Path;json.dumps;json.loads;path.read_text;path.write_text;sample_handoff;self.assertEqual;self.assertIn;str;validator.validate_handoff,365837aba437426aafb5
hardware/tests/test_validate_final_operator_handoff.py,test,function,ValidateFinalOperatorHandoffTests.test_missing_board_import_command_fails,test_missing_board_import_command_fails,1197,1206,10,8,1,1,0,False,sample_handoff;self.assertEqual;self.assertIn;validator.validate_handoff,24b46d177d6bb04fb8c3
hardware/tests/test_validate_final_operator_handoff.py,test,function,ValidateFinalOperatorHandoffTests.test_missing_policy_integrity_fails,test_missing_policy_integrity_fails,1208,1217,10,8,1,1,0,False,pop;sample_handoff;self.assertEqual;self.assertIn;validator.validate_handoff,5414c511fcbe72c73fd5
hardware/tests/test_validate_final_operator_handoff.py,test,function,ValidateFinalOperatorHandoffTests.test_legacy_policy_integrity_fails,test_legacy_policy_integrity_fails,1219,1230,12,10,1,1,0,False,sample_handoff;self.assertEqual;self.assertIn;validator.validate_handoff,f991de522d163d800e19
hardware/tests/test_validate_final_operator_handoff.py,test,function,ValidateFinalOperatorHandoffTests.test_cli_writes_json_and_markdown,test_cli_writes_json_and_markdown,1232,1257,26,15,2,1,0,False,Path;contextlib.redirect_stdout;handoff_path.write_text;io.StringIO;json.dumps;json.loads;json_out.read_text;markdown_out.read_text;resources.mkdir;sample_handoff;self.assertEqual;self.assertIn;str;tempfile.TemporaryDirectory;validator.main,50d370f6e85943f3ecf9
hardware/tests/test_validate_final_signoff_bundle.py,test,class,ValidateFinalSignoffBundleTests,ValidateFinalSignoffBundleTests,787,1508,722,439,91,0,0,False,,
hardware/tests/test_validate_final_signoff_bundle.py,test,function,evidence_contract,evidence_contract,110,125,16,2,0,2,0,False,str,119b1cbc0cf078e248a2
hardware/tests/test_validate_final_signoff_bundle.py,test,function,write_json,write_json,128,130,3,3,0,2,0,False,json.dumps;path.parent.mkdir;path.write_text,86d4cbd06a708a5a1785
hardware/tests/test_validate_final_signoff_bundle.py,test,function,source_audit_payload,source_audit_payload,133,139,7,2,0,2,0,False,,8b0c785fdf5d0ffdb192
hardware/tests/test_validate_final_signoff_bundle.py,test,function,resource_policy_payload,resource_policy_payload,142,162,21,5,5,2,0,False,len;max;range;sum,74a4d700be2d7c59d273
hardware/tests/test_validate_final_signoff_bundle.py,test,function,spec_plan_payload,spec_plan_payload,165,197,33,5,5,2,0,False,len;max;range;sum,96a9644c377ca556d61c
hardware/tests/test_validate_final_signoff_bundle.py,test,function,final_runner_payload,final_runner_payload,200,238,39,6,3,4,0,False,len;mirrored.append;path.replace;set,a6d17a0f7a2f07fc4e9f
hardware/tests/test_validate_final_signoff_bundle.py,test,function,req6_parameterization_payload,req6_parameterization_payload,241,262,22,5,5,2,0,False,len;max;range;sum,0591ca901f0b12977abf
hardware/tests/test_validate_final_signoff_bundle.py,test,function,current_audit_payload,current_audit_payload,265,315,51,2,1,5,0,False,str,9660d8a43fbdde6c390a
hardware/tests/test_validate_final_signoff_bundle.py,test,function,closeout_validation_payload,closeout_validation_payload,318,346,29,5,5,2,0,False,len;max;range;sum,d90bf2ea6737dbde141a
hardware/tests/test_validate_final_signoff_bundle.py,test,function,closeout_packet_payload,closeout_packet_payload,349,400,52,3,1,5,0,False,str,a7bc0dfa1d08b5245ba2
hardware/tests/test_validate_final_signoff_bundle.py,test,function,c3b_physical_gate_payload,c3b_physical_gate_payload,403,438,36,2,0,6,0,False,str,6864fa31d3e7d850e159
hardware/tests/test_validate_final_signoff_bundle.py,test,function,xr_vits_gate_payload,xr_vits_gate_payload,441,475,35,2,0,5,0,False,,c1ced806a2f0dd8ffe75
hardware/tests/test_validate_final_signoff_bundle.py,test,function,evidence_manifest,evidence_manifest,478,678,201,5,3,1,0,False,len;range;str,37c8eddf17356d1bba88
hardware/tests/test_validate_final_signoff_bundle.py,test,function,policy_integrity,policy_integrity,681,703,23,2,0,1,0,False,str,a5ebe23d99c317a5c6a5
hardware/tests/test_validate_final_signoff_bundle.py,test,function,operator_handoff_payload,operator_handoff_payload,706,718,13,2,1,3,0,False,evidence_contract;policy_integrity;str,e81731677febc731df4d
hardware/tests/test_validate_final_signoff_bundle.py,test,function,populate_bundle,populate_bundle,721,784,64,25,0,1,0,False,c3b_physical_gate_payload;closeout_packet_payload;closeout_validation_payload;current_audit_payload;evidence_contract;evidence_manifest;final_runner_payload;operator_handoff_payload;policy_integrity;req6_parameterization_payload;resource_policy_payload;source_audit_payload;spec_plan_payload;validator.build_bundle_paths;write_json;xr_vits_gate_payload,c569d4fc74f586717693
hardware/tests/test_validate_final_signoff_bundle.py,test,function,ValidateFinalSignoffBundleTests.test_consistent_blocked_bundle_passes,test_consistent_blocked_bundle_passes,788,800,13,11,1,1,0,False,Path;populate_bundle;self.assertEqual;self.assertFalse;self.assertGreaterEqual;set;tempfile.TemporaryDirectory;validator.validate_bundle,e8597db72bb95ff4f31b
hardware/tests/test_validate_final_signoff_bundle.py,test,function,ValidateFinalSignoffBundleTests.test_xr_vits_resolution_mismatch_fails,test_xr_vits_resolution_mismatch_fails,802,840,39,15,2,1,0,False,Path;evidence_contract;operator_handoff_payload;policy_integrity;populate_bundle;self.assertEqual;self.assertIn;tempfile.TemporaryDirectory;validator.validate_bundle;write_json,4fa6eae52cec73cc649b
hardware/tests/test_validate_final_signoff_bundle.py,test,function,ValidateFinalSignoffBundleTests.test_blocker_mismatch_fails,test_blocker_mismatch_fails,842,852,11,9,2,1,0,False,Path;operator_handoff_payload;populate_bundle;self.assertEqual;self.assertIn;tempfile.TemporaryDirectory;validator.validate_bundle;write_json,5ea0f90688618e260f06
hardware/tests/test_validate_final_signoff_bundle.py,test,function,ValidateFinalSignoffBundleTests.test_stale_operator_handoff_validation_check_count_fails,test_stale_operator_handoff_validation_check_count_fails,854,864,11,9,2,1,0,False,Path;populate_bundle;self.assertEqual;self.assertIn;tempfile.TemporaryDirectory;validator.validate_bundle;write_json,feba6e4c8495a0975ce2
hardware/tests/test_validate_final_signoff_bundle.py,test,function,ValidateFinalSignoffBundleTests.test_stale_closeout_packet_status_fails_even_when_manifest_checks_pass,test_stale_closeout_packet_status_fails_even_when_manifest_checks_pass,866,876,11,9,2,1,0,False,Path;closeout_packet_payload;populate_bundle;self.assertEqual;self.assertIn;tempfile.TemporaryDirectory;validator.validate_bundle;write_json,07499781c8cbd81713ca
hardware/tests/test_validate_final_signoff_bundle.py,test,function,ValidateFinalSignoffBundleTests.test_closeout_packet_qkv_command_drift_fails_even_when_manifest_checks_pass,test_closeout_packet_qkv_command_drift_fails_even_when_manifest_checks_pass,878,888,11,9,2,1,0,False,Path;closeout_packet_payload;populate_bundle;self.assertEqual;self.assertIn;tempfile.TemporaryDirectory;validator.validate_bundle;write_json,f114c6bb2afdad3d6fe6
hardware/tests/test_validate_final_signoff_bundle.py,test,function,ValidateFinalSignoffBundleTests.test_c3b_physical_gate_drift_fails_even_when_manifest_checks_pass,test_c3b_physical_gate_drift_fails_even_when_manifest_checks_pass,890,900,11,9,2,1,0,False,Path;c3b_physical_gate_payload;populate_bundle;self.assertEqual;self.assertIn;tempfile.TemporaryDirectory;validator.validate_bundle;write_json,b5a9643554f88d8bdc30
hardware/tests/test_validate_final_signoff_bundle.py,test,function,ValidateFinalSignoffBundleTests.test_xr_vits_gate_candidate_drift_fails_even_when_manifest_checks_pass,test_xr_vits_gate_candidate_drift_fails_even_when_manifest_checks_pass,902,912,11,9,2,1,0,False,Path;populate_bundle;self.assertEqual;self.assertIn;tempfile.TemporaryDirectory;validator.validate_bundle;write_json;xr_vits_gate_payload,27bf399bbd01d287b0d0
hardware/tests/test_validate_final_signoff_bundle.py,test,function,ValidateFinalSignoffBundleTests.test_stale_closeout_validation_check_count_fails_even_when_manifest_checks_pass,test_stale_closeout_validation_check_count_fails_even_when_manifest_checks_pass,914,924,11,9,2,1,0,False,Path;closeout_validation_payload;populate_bundle;self.assertEqual;self.assertIn;tempfile.TemporaryDirectory;validator.validate_bundle;write_json,ff33a94ca8ac8307efde
hardware/tests/test_validate_final_signoff_bundle.py,test,function,ValidateFinalSignoffBundleTests.test_closeout_validation_core_failure_fails_even_when_manifest_checks_pass,test_closeout_validation_core_failure_fails_even_when_manifest_checks_pass,926,938,13,11,2,1,0,False,Path;closeout_validation_payload;populate_bundle;self.assertEqual;self.assertIn;tempfile.TemporaryDirectory;validator.validate_bundle;write_json,6c742fe8e3c3ddd5334b
hardware/tests/test_validate_final_signoff_bundle.py,test,function,ValidateFinalSignoffBundleTests.test_evidence_contract_mismatch_fails,test_evidence_contract_mismatch_fails,940,966,27,11,2,1,0,False,Path;evidence_contract;policy_integrity;populate_bundle;self.assertEqual;self.assertIn;str;tempfile.TemporaryDirectory;validator.validate_bundle;write_json,59e41252b4cc060d330d
hardware/tests/test_validate_final_signoff_bundle.py,test,function,ValidateFinalSignoffBundleTests.test_stale_56_of_56_contract_fails_against_live_manifest,test_stale_56_of_56_contract_fails_against_live_manifest,968,1002,35,12,2,1,0,False,Path;evidence_contract;policy_integrity;populate_bundle;self.assertEqual;self.assertIn;str;tempfile.TemporaryDirectory;validator.validate_bundle;write_json,a083e1f5ce8e4dd8f10d
hardware/tests/test_validate_final_signoff_bundle.py,test,function,ValidateFinalSignoffBundleTests.test_stale_340_consistency_contract_fails_even_when_artifacts_match,test_stale_340_consistency_contract_fails_even_when_artifacts_match,1004,1047,44,17,3,1,0,False,Path;evidence_contract;evidence_manifest;len;policy_integrity;populate_bundle;self.assertEqual;self.assertIn;self.assertNotIn;str;tempfile.TemporaryDirectory;validator.validate_bundle;write_json,f6a40a2f761d91464dfe
hardware/tests/test_validate_final_signoff_bundle.py,test,function,ValidateFinalSignoffBundleTests.test_stale_85_required_contract_fails_even_when_artifacts_match,test_stale_85_required_contract_fails_even_when_artifacts_match,1049,1088,40,17,2,1,0,False,Path;evidence_contract;evidence_manifest;policy_integrity;populate_bundle;self.assertEqual;self.assertIn;self.assertNotIn;str;tempfile.TemporaryDirectory;validator.validate_bundle;write_json,c988b091734e349a44ba
hardware/tests/test_validate_final_signoff_bundle.py,test,function,ValidateFinalSignoffBundleTests.test_missing_trace_policy_manifest_checks_fail,test_missing_trace_policy_manifest_checks_fail,1090,1108,19,13,3,1,0,False,Path;evidence_manifest;populate_bundle;self.assertEqual;self.assertIn;tempfile.TemporaryDirectory;validator.validate_bundle;write_json,2f0d4c794aae2ed936a2
hardware/tests/test_validate_final_signoff_bundle.py,test,function,ValidateFinalSignoffBundleTests.test_missing_pynq_overlay_provenance_manifest_check_fails,test_missing_pynq_overlay_provenance_manifest_check_fails,1110,1128,19,13,3,1,0,False,Path;evidence_manifest;populate_bundle;self.assertEqual;self.assertIn;tempfile.TemporaryDirectory;validator.validate_bundle;write_json,44fbc9d81a54042a9215
hardware/tests/test_validate_final_signoff_bundle.py,test,function,ValidateFinalSignoffBundleTests.test_missing_qkv_discovery_semantic_manifest_check_fails,test_missing_qkv_discovery_semantic_manifest_check_fails,1130,1148,19,13,3,1,0,False,Path;evidence_manifest;populate_bundle;self.assertEqual;self.assertIn;tempfile.TemporaryDirectory;validator.validate_bundle;write_json,47601a5fc52ddc8953be
hardware/tests/test_validate_final_signoff_bundle.py,test,function,ValidateFinalSignoffBundleTests.test_missing_runner_blocker_summary_manifest_check_fails,test_missing_runner_blocker_summary_manifest_check_fails,1150,1168,19,13,3,1,0,False,Path;evidence_manifest;populate_bundle;self.assertEqual;self.assertIn;tempfile.TemporaryDirectory;validator.validate_bundle;write_json,a8b31b84be7baadb3721
hardware/tests/test_validate_final_signoff_bundle.py,test,function,ValidateFinalSignoffBundleTests.test_missing_runner_summary_count_manifest_check_fails,test_missing_runner_summary_count_manifest_check_fails,1170,1189,20,12,3,1,0,False,Path;append;evidence_manifest;populate_bundle;self.assertEqual;self.assertIn;tempfile.TemporaryDirectory;validator.validate_bundle;write_json,3dae78dd9355ea7b1a77
hardware/tests/test_validate_final_signoff_bundle.py,test,function,ValidateFinalSignoffBundleTests.test_missing_source_audit_manifest_check_fails,test_missing_source_audit_manifest_check_fails,1191,1210,20,12,3,1,0,False,Path;append;evidence_manifest;populate_bundle;self.assertEqual;self.assertIn;tempfile.TemporaryDirectory;validator.validate_bundle;write_json,a0102232fadb6c44e05e
hardware/tests/test_validate_final_signoff_bundle.py,test,function,ValidateFinalSignoffBundleTests.test_stale_live_source_audit_counts_fail_even_when_manifest_checks_pass,test_stale_live_source_audit_counts_fail_even_when_manifest_checks_pass,1212,1223,12,10,2,1,0,False,Path;populate_bundle;self.assertEqual;self.assertIn;source_audit_payload;tempfile.TemporaryDirectory;validator.validate_bundle;write_json,c1fc539e9414b6431d3a
hardware/tests/test_validate_final_signoff_bundle.py,test,function,ValidateFinalSignoffBundleTests.test_stale_live_resource_policy_count_fails_even_when_manifest_checks_pass,test_stale_live_resource_policy_count_fails_even_when_manifest_checks_pass,1225,1235,11,9,2,1,0,False,Path;populate_bundle;resource_policy_payload;self.assertEqual;self.assertIn;tempfile.TemporaryDirectory;validator.validate_bundle;write_json,df5009a63702b6ff38bb
hardware/tests/test_validate_final_signoff_bundle.py,test,function,ValidateFinalSignoffBundleTests.test_live_resource_policy_core_failure_fails_even_when_manifest_checks_pass,test_live_resource_policy_core_failure_fails_even_when_manifest_checks_pass,1237,1249,13,11,2,1,0,False,Path;populate_bundle;resource_policy_payload;self.assertEqual;self.assertIn;tempfile.TemporaryDirectory;validator.validate_bundle;write_json,0039984ef36e620104c5
hardware/tests/test_validate_final_signoff_bundle.py,test,function,ValidateFinalSignoffBundleTests.test_stale_live_spec_plan_count_fails_even_when_manifest_checks_pass,test_stale_live_spec_plan_count_fails_even_when_manifest_checks_pass,1251,1261,11,9,2,1,0,False,Path;populate_bundle;self.assertEqual;self.assertIn;spec_plan_payload;tempfile.TemporaryDirectory;validator.validate_bundle;write_json,2055928a867457e6332c
hardware/tests/test_validate_final_signoff_bundle.py,test,function,ValidateFinalSignoffBundleTests.test_live_spec_plan_core_failure_fails_even_when_manifest_checks_pass,test_live_spec_plan_core_failure_fails_even_when_manifest_checks_pass,1263,1274,12,10,2,1,0,False,Path;populate_bundle;self.assertEqual;self.assertIn;spec_plan_payload;tempfile.TemporaryDirectory;validator.validate_bundle;write_json,947097d15ade7ef515c9
hardware/tests/test_validate_final_signoff_bundle.py,test,function,ValidateFinalSignoffBundleTests.test_stale_live_final_runner_counts_fail_even_when_manifest_checks_pass,test_stale_live_final_runner_counts_fail_even_when_manifest_checks_pass,1276,1287,12,10,2,1,0,False,Path;final_runner_payload;populate_bundle;self.assertEqual;self.assertIn;tempfile.TemporaryDirectory;validator.validate_bundle;write_json,a65a8431476f962e1048
hardware/tests/test_validate_final_signoff_bundle.py,test,function,ValidateFinalSignoffBundleTests.test_live_final_runner_duplicate_mirror_fails_even_when_manifest_checks_pass,test_live_final_runner_duplicate_mirror_fails_even_when_manifest_checks_pass,1289,1299,11,9,2,1,0,False,Path;final_runner_payload;populate_bundle;self.assertEqual;self.assertIn;tempfile.TemporaryDirectory;validator.validate_bundle;write_json,f23567921a162d84cd45
hardware/tests/test_validate_final_signoff_bundle.py,test,function,ValidateFinalSignoffBundleTests.test_stale_live_req6_parameterization_count_fails_even_when_manifest_checks_pass,test_stale_live_req6_parameterization_count_fails_even_when_manifest_checks_pass,1301,1311,11,9,2,1,0,False,Path;populate_bundle;req6_parameterization_payload;self.assertEqual;self.assertIn;tempfile.TemporaryDirectory;validator.validate_bundle;write_json,ee2ad273d90b5bade933
hardware/tests/test_validate_final_signoff_bundle.py,test,function,ValidateFinalSignoffBundleTests.test_live_req6_parameterization_core_failure_fails_even_when_manifest_checks_pass,test_live_req6_parameterization_core_failure_fails_even_when_manifest_checks_pass,1313,1328,16,11,2,1,0,False,Path;populate_bundle;req6_parameterization_payload;self.assertEqual;self.assertIn;tempfile.TemporaryDirectory;validator.validate_bundle;write_json,1d3800c6dbf2459c333d
hardware/tests/test_validate_final_signoff_bundle.py,test,function,ValidateFinalSignoffBundleTests.test_stale_live_current_audit_summary_fails_even_when_manifest_checks_pass,test_stale_live_current_audit_summary_fails_even_when_manifest_checks_pass,1330,1342,13,11,2,1,0,False,Path;current_audit_payload;dict;populate_bundle;self.assertEqual;self.assertIn;tempfile.TemporaryDirectory;validator.validate_bundle;write_json,eb9d8d585e62e3f43aff
hardware/tests/test_validate_final_signoff_bundle.py,test,function,ValidateFinalSignoffBundleTests.test_live_current_audit_policy_drift_fails_even_when_manifest_checks_pass,test_live_current_audit_policy_drift_fails_even_when_manifest_checks_pass,1344,1354,11,9,2,1,0,False,Path;current_audit_payload;populate_bundle;self.assertEqual;self.assertIn;tempfile.TemporaryDirectory;validator.validate_bundle;write_json,eea4f73c81e75d73f7a0
hardware/tests/test_validate_final_signoff_bundle.py,test,function,ValidateFinalSignoffBundleTests.test_live_current_audit_qkv_required_drift_fails_even_when_manifest_checks_pass,test_live_current_audit_qkv_required_drift_fails_even_when_manifest_checks_pass,1356,1366,11,9,2,1,0,False,Path;current_audit_payload;populate_bundle;self.assertEqual;self.assertIn;tempfile.TemporaryDirectory;validator.validate_bundle;write_json,fd937bd3687fa4ce5efb
hardware/tests/test_validate_final_signoff_bundle.py,test,function,ValidateFinalSignoffBundleTests.test_missing_blocker_readiness_discovery_manifest_check_fails,test_missing_blocker_readiness_discovery_manifest_check_fails,1368,1386,19,13,3,1,0,False,Path;evidence_manifest;populate_bundle;self.assertEqual;self.assertIn;tempfile.TemporaryDirectory;validator.validate_bundle;write_json,1f68b070bb7c311fe586
hardware/tests/test_validate_final_signoff_bundle.py,test,function,ValidateFinalSignoffBundleTests.test_missing_c3b_transfer_manifest_check_fails,test_missing_c3b_transfer_manifest_check_fails,1388,1406,19,13,3,1,0,False,Path;evidence_manifest;populate_bundle;self.assertEqual;self.assertIn;tempfile.TemporaryDirectory;validator.validate_bundle;write_json,6001290ca6fc8c7b2d2e
hardware/tests/test_validate_final_signoff_bundle.py,test,function,ValidateFinalSignoffBundleTests.test_missing_req5_packed_weight_manifest_check_fails,test_missing_req5_packed_weight_manifest_check_fails,1408,1426,19,13,3,1,0,False,Path;evidence_manifest;populate_bundle;self.assertEqual;self.assertIn;tempfile.TemporaryDirectory;validator.validate_bundle;write_json,91f6918ea9218c647cdc
hardware/tests/test_validate_final_signoff_bundle.py,test,function,ValidateFinalSignoffBundleTests.test_missing_cyclic_resource_manifest_check_fails,test_missing_cyclic_resource_manifest_check_fails,1428,1447,20,12,3,1,0,False,Path;append;evidence_manifest;populate_bundle;self.assertEqual;self.assertIn;tempfile.TemporaryDirectory;validator.validate_bundle;write_json,840bda3b42a6af9128bf
hardware/tests/test_validate_final_signoff_bundle.py,test,function,ValidateFinalSignoffBundleTests.test_missing_c3b_threshold_manifest_check_fails,test_missing_c3b_threshold_manifest_check_fails,1449,1468,20,12,3,1,0,False,Path;append;evidence_manifest;populate_bundle;self.assertEqual;self.assertIn;tempfile.TemporaryDirectory;validator.validate_bundle;write_json,ad6ceb6f68252530bb25
hardware/tests/test_validate_final_signoff_bundle.py,test,function,ValidateFinalSignoffBundleTests.test_failed_trace_policy_manifest_check_fails,test_failed_trace_policy_manifest_check_fails,1470,1484,15,13,4,1,0,False,Path;evidence_manifest;populate_bundle;self.assertEqual;self.assertIn;tempfile.TemporaryDirectory;validator.validate_bundle;write_json,f6b0063589f985eac2c5
hardware/tests/test_validate_final_signoff_bundle.py,test,function,ValidateFinalSignoffBundleTests.test_cli_writes_json_and_markdown,test_cli_writes_json_and_markdown,1486,1508,23,12,2,1,0,False,Path;contextlib.redirect_stdout;io.StringIO;json.loads;json_out.read_text;markdown_out.read_text;populate_bundle;self.assertEqual;self.assertIn;str;tempfile.TemporaryDirectory;validator.main,4b92eae57114ba63293f
hardware/tests/test_validate_final_unblock_closeout_packet.py,test,class,ValidateFinalUnblockCloseoutPacketTests,ValidateFinalUnblockCloseoutPacketTests,172,299,128,88,9,0,0,False,,
hardware/tests/test_validate_final_unblock_closeout_packet.py,test,function,sample_packet,sample_packet,21,126,106,2,1,0,0,False,range;zfill,071312432a1506936ad4
hardware/tests/test_validate_final_unblock_closeout_packet.py,test,function,install_valid_policy,install_valid_policy,129,169,41,16,1,2,0,False,audit_path.write_text;integrity.update;json.dumps;policy_path.write_text;policy_tool.build_policy;policy_tool.validate_policy_integrity;resolve;resources.mkdir;str,13d06831c277cbdfe08f
hardware/tests/test_validate_final_unblock_closeout_packet.py,test,function,ValidateFinalUnblockCloseoutPacketTests.test_valid_packet_passes,test_valid_packet_passes,173,179,7,6,0,1,0,False,sample_packet;self.assertEqual;self.assertFalse;self.assertGreaterEqual;validator.validate_packet,210f201f8784fc4a90bc
hardware/tests/test_validate_final_unblock_closeout_packet.py,test,function,ValidateFinalUnblockCloseoutPacketTests.test_missing_xr_policy_integrity_fails,test_missing_xr_policy_integrity_fails,181,190,10,8,1,1,0,False,pop;sample_packet;self.assertEqual;self.assertIn;validator.validate_packet,cd7d78e07d885ffc272e
hardware/tests/test_validate_final_unblock_closeout_packet.py,test,function,ValidateFinalUnblockCloseoutPacketTests.test_legacy_xr_policy_integrity_fails,test_legacy_xr_policy_integrity_fails,192,203,12,10,1,1,0,False,sample_packet;self.assertEqual;self.assertIn;validator.validate_packet,bda94abd7f830cfa9249
hardware/tests/test_validate_final_unblock_closeout_packet.py,test,function,ValidateFinalUnblockCloseoutPacketTests.test_existing_fingerprint_bound_policy_passes_and_drift_fails,test_existing_fingerprint_bound_policy_passes_and_drift_fails,205,223,19,15,2,1,0,False,Path;install_valid_policy;json.dumps;json.loads;policy_path.read_text;policy_path.write_text;sample_packet;self.assertEqual;self.assertIn;tempfile.TemporaryDirectory;validator.validate_packet,868a83f7b5fb1d8625b2
hardware/tests/test_validate_final_unblock_closeout_packet.py,test,function,ValidateFinalUnblockCloseoutPacketTests.test_qkv_uram_successor_command_group_missing_fails,test_qkv_uram_successor_command_group_missing_fails,225,233,9,7,1,1,0,False,sample_packet;self.assertEqual;self.assertIn;validator.validate_packet,ee0d5a06751be54678b3
hardware/tests/test_validate_final_unblock_closeout_packet.py,test,function,ValidateFinalUnblockCloseoutPacketTests.test_missing_dry_run_command_fails,test_missing_dry_run_command_fails,235,244,10,8,1,1,0,False,sample_packet;self.assertEqual;self.assertIn;validator.validate_packet,f6667bd52ac5270f3be5
hardware/tests/test_validate_final_unblock_closeout_packet.py,test,function,ValidateFinalUnblockCloseoutPacketTests.test_required_vref_successor_blocker_passes_when_listed,test_required_vref_successor_blocker_passes_when_listed,246,260,15,9,0,1,0,False,sample_packet;self.assertEqual;validator.validate_packet,892ba4337d2d8cf68e02
hardware/tests/test_validate_final_unblock_closeout_packet.py,test,function,ValidateFinalUnblockCloseoutPacketTests.test_required_vref_successor_fails_when_blocker_missing,test_required_vref_successor_fails_when_blocker_missing,262,273,12,10,1,1,0,False,sample_packet;self.assertEqual;self.assertIn;validator.validate_packet,e4b614c488aec56f9e5b
hardware/tests/test_validate_final_unblock_closeout_packet.py,test,function,ValidateFinalUnblockCloseoutPacketTests.test_cli_writes_json_and_markdown,test_cli_writes_json_and_markdown,275,299,25,14,2,1,0,False,Path;contextlib.redirect_stdout;io.StringIO;json.dumps;json.loads;json_out.read_text;markdown_out.read_text;packet_path.parent.mkdir;packet_path.write_text;sample_packet;self.assertEqual;self.assertIn;str;tempfile.TemporaryDirectory;validator.main,dee17dd3346689af3206
hardware/tests/test_validate_pynq_bundle_package.py,test,class,ValidatePynqBundlePackageTests,ValidatePynqBundlePackageTests,22,173,152,110,16,0,0,False,,
hardware/tests/test_validate_pynq_bundle_package.py,test,function,ValidatePynqBundlePackageTests.make_fake_hardware_root,make_fake_hardware_root,23,41,19,19,4,3,0,False,path.parent.mkdir;path.write_bytes;path.write_text,14221aa9a9a1b47b6353
hardware/tests/test_validate_pynq_bundle_package.py,test,function,ValidatePynqBundlePackageTests.test_validate_accepts_generated_c3b_bundle,test_validate_accepts_generated_c3b_bundle,43,51,9,7,1,1,0,False,Path;bundler.build_bundle;self.assertEqual;tempfile.TemporaryDirectory;validator.validate_bundle,06f939091f8279be3d64
hardware/tests/test_validate_pynq_bundle_package.py,test,function,ValidatePynqBundlePackageTests.test_validate_accepts_generated_vref_successor_bundle,test_validate_accepts_generated_vref_successor_bundle,53,61,9,7,1,1,0,False,Path;bundler.build_bundle;self.assertEqual;tempfile.TemporaryDirectory;validator.validate_bundle,698d41e834d70d32c9b4
hardware/tests/test_validate_pynq_bundle_package.py,test,function,ValidatePynqBundlePackageTests.test_validate_accepts_generated_qkv_uram_bundle,test_validate_accepts_generated_qkv_uram_bundle,63,77,15,13,1,1,0,False,Path;bundler.build_bundle;self.addCleanup;self.assertEqual;self.make_fake_hardware_root;tempfile.TemporaryDirectory;validator.validate_bundle,86268ba078f14f189713
hardware/tests/test_validate_pynq_bundle_package.py,test,function,ValidatePynqBundlePackageTests.test_validate_accepts_generated_par32_rom_compute_search_bundle,test_validate_accepts_generated_par32_rom_compute_search_bundle,79,96,18,13,1,1,0,False,Path;bundler.build_bundle;self.addCleanup;self.assertEqual;self.make_fake_hardware_root;tempfile.TemporaryDirectory;validator.validate_bundle,793f4f7c3bf45f63ae3c
hardware/tests/test_validate_pynq_bundle_package.py,test,function,ValidatePynqBundlePackageTests.test_validate_accepts_generated_par32_rom_compute_track_bundle,test_validate_accepts_generated_par32_rom_compute_track_bundle,98,115,18,13,1,1,0,False,Path;bundler.build_bundle;self.addCleanup;self.assertEqual;self.make_fake_hardware_root;tempfile.TemporaryDirectory;validator.validate_bundle,9fdb117ce59794b1e705
hardware/tests/test_validate_pynq_bundle_package.py,test,function,ValidatePynqBundlePackageTests.test_validate_accepts_generated_par32_prefetchall4_hybrid_bundle,test_validate_accepts_generated_par32_prefetchall4_hybrid_bundle,117,134,18,13,1,1,0,False,Path;bundler.build_bundle;self.addCleanup;self.assertEqual;self.make_fake_hardware_root;tempfile.TemporaryDirectory;validator.validate_bundle,cb61883b0e0ff82d8526
hardware/tests/test_validate_pynq_bundle_package.py,test,function,ValidatePynqBundlePackageTests.test_validate_rejects_tar_missing_validator_script,test_validate_rejects_tar_missing_validator_script,136,149,14,12,4,1,0,False,Path;any;bundler.build_bundle;self.assertTrue;tar.add;tarfile.open;tempfile.TemporaryDirectory;unlink;validator.validate_bundle,c4e8397c205fd458ce3d
hardware/tests/test_validate_pynq_bundle_package.py,test,function,ValidatePynqBundlePackageTests.test_cli_writes_json_out,test_cli_writes_json_out,151,173,23,12,2,1,0,False,Path;bundler.build_bundle;contextlib.redirect_stdout;io.StringIO;json.loads;json_out.read_text;self.assertEqual;str;stream.getvalue;tempfile.TemporaryDirectory;validator.main,5b617eb52bde737b2a58
hardware/tests/test_validate_pynq_smoke_result.py,test,class,ValidatePynqSmokeResultTests,ValidatePynqSmokeResultTests,225,367,143,96,18,0,0,False,,
hardware/tests/test_validate_pynq_smoke_result.py,test,function,c3b_result,c3b_result,20,39,20,4,0,1,0,False,payload.update,06a829510e8f8c699462
hardware/tests/test_validate_pynq_smoke_result.py,test,function,successor_result,successor_result,42,52,11,4,0,1,0,False,c3b_result;payload.update,067a2391dd8a287a6c6f
hardware/tests/test_validate_pynq_smoke_result.py,test,function,qkv_uram_result,qkv_uram_result,55,65,11,4,0,1,0,False,c3b_result;payload.update,ced0e3c261ed42460cc4
hardware/tests/test_validate_pynq_smoke_result.py,test,function,runtime_mode_result,runtime_mode_result,68,94,27,6,2,2,0,False,c3b_result;payload.update,d0ac5114471519c7682b
hardware/tests/test_validate_pynq_smoke_result.py,test,function,par32_rom_compute_result,par32_rom_compute_result,97,130,34,7,4,2,0,False,c3b_result;float;list;payload.update,daa3eaf3b6ef1183bc05
hardware/tests/test_validate_pynq_smoke_result.py,test,function,par32_prefetchall4_result,par32_prefetchall4_result,133,166,34,7,4,2,0,False,c3b_result;float;list;payload.update,6dc0f6bdae528948c80f
hardware/tests/test_validate_pynq_smoke_result.py,test,function,par32_prefetchall4_hybrid_result,par32_prefetchall4_hybrid_result,169,222,54,6,1,1,0,False,c3b_result;float;payload.update,5602cdf19897bc496756
hardware/tests/test_validate_pynq_smoke_result.py,test,function,ValidatePynqSmokeResultTests.test_validate_accepts_c3b_axis_result,test_validate_accepts_c3b_axis_result,226,228,3,3,0,1,0,False,c3b_result;self.assertEqual;validator.validate_result,b218c924b3e7a5b5cb69
hardware/tests/test_validate_pynq_smoke_result.py,test,function,ValidatePynqSmokeResultTests.test_validate_accepts_vref_successor_axis_result,test_validate_accepts_vref_successor_axis_result,230,232,3,3,0,1,0,False,self.assertEqual;successor_result;validator.validate_result,218896311e979b43c805
hardware/tests/test_validate_pynq_smoke_result.py,test,function,ValidatePynqSmokeResultTests.test_validate_accepts_qkv_uram_axis_result,test_validate_accepts_qkv_uram_axis_result,234,236,3,3,0,1,0,False,qkv_uram_result;self.assertEqual;validator.validate_result,64394181ffda6f75b69b
hardware/tests/test_validate_pynq_smoke_result.py,test,function,ValidatePynqSmokeResultTests.test_validate_accepts_runtime_mode_search_result_without_golden_output,test_validate_accepts_runtime_mode_search_result_without_golden_output,238,240,3,3,0,1,0,False,runtime_mode_result;self.assertEqual;validator.validate_result,5a33946e2837803d71e0
hardware/tests/test_validate_pynq_smoke_result.py,test,function,ValidatePynqSmokeResultTests.test_validate_accepts_runtime_mode_track_result_without_golden_output,test_validate_accepts_runtime_mode_track_result_without_golden_output,242,244,3,3,0,1,0,False,runtime_mode_result;self.assertEqual;validator.validate_result,92dcf2e6df7e67596939
hardware/tests/test_validate_pynq_smoke_result.py,test,function,ValidatePynqSmokeResultTests.test_validate_accepts_par32_rom_compute_search_result_with_expected_output,test_validate_accepts_par32_rom_compute_search_result_with_expected_output,246,248,3,3,0,1,0,False,par32_rom_compute_result;self.assertEqual;validator.validate_result,6b53530adbe8105a2ce0
hardware/tests/test_validate_pynq_smoke_result.py,test,function,ValidatePynqSmokeResultTests.test_validate_accepts_par32_rom_compute_track_result_with_expected_output,test_validate_accepts_par32_rom_compute_track_result_with_expected_output,250,252,3,3,0,1,0,False,par32_rom_compute_result;self.assertEqual;validator.validate_result,3e63f99f7aa2083a189d
hardware/tests/test_validate_pynq_smoke_result.py,test,function,ValidatePynqSmokeResultTests.test_validate_accepts_par32_prefetchall4_search_result_with_expected_output,test_validate_accepts_par32_prefetchall4_search_result_with_expected_output,254,256,3,3,0,1,0,False,par32_prefetchall4_result;self.assertEqual;validator.validate_result,cb427bf9b166fcda04c4
hardware/tests/test_validate_pynq_smoke_result.py,test,function,ValidatePynqSmokeResultTests.test_validate_accepts_par32_prefetchall4_track_result_with_expected_output,test_validate_accepts_par32_prefetchall4_track_result_with_expected_output,258,260,3,3,0,1,0,False,par32_prefetchall4_result;self.assertEqual;validator.validate_result,feff90a1e8bfa3c5aff6
hardware/tests/test_validate_pynq_smoke_result.py,test,function,ValidatePynqSmokeResultTests.test_validate_accepts_par32_prefetchall4_hybrid_10_90_result,test_validate_accepts_par32_prefetchall4_hybrid_10_90_result,262,267,6,3,0,1,0,False,par32_prefetchall4_hybrid_result;self.assertEqual;validator.validate_result,0fd04150fb01c5e9a41f
hardware/tests/test_validate_pynq_smoke_result.py,test,function,ValidatePynqSmokeResultTests.test_validate_rejects_par32_rom_compute_wrong_output,test_validate_rejects_par32_rom_compute_wrong_output,269,272,4,4,1,1,0,False,any;par32_rom_compute_result;self.assertTrue;validator.validate_result,2ba7bbe76a3382581f4c
hardware/tests/test_validate_pynq_smoke_result.py,test,function,ValidatePynqSmokeResultTests.test_validate_rejects_runtime_mode_search_latency_over_target,test_validate_rejects_runtime_mode_search_latency_over_target,274,281,8,4,1,1,0,False,any;runtime_mode_result;self.assertTrue;validator.validate_result,470ee09762484e80a717
hardware/tests/test_validate_pynq_smoke_result.py,test,function,ValidatePynqSmokeResultTests.test_validate_rejects_runtime_mode_track_latency_over_target,test_validate_rejects_runtime_mode_track_latency_over_target,283,290,8,4,1,1,0,False,any;runtime_mode_result;self.assertTrue;validator.validate_result,2ddcf96f5d43c843701e
hardware/tests/test_validate_pynq_smoke_result.py,test,function,ValidatePynqSmokeResultTests.test_validate_rejects_par32_prefetchall4_search_latency_over_target,test_validate_rejects_par32_prefetchall4_search_latency_over_target,292,299,8,4,1,1,0,False,any;par32_prefetchall4_result;self.assertTrue;validator.validate_result,525083df19b3af264119
hardware/tests/test_validate_pynq_smoke_result.py,test,function,ValidatePynqSmokeResultTests.test_validate_rejects_par32_prefetchall4_track_latency_over_target,test_validate_rejects_par32_prefetchall4_track_latency_over_target,301,308,8,4,1,1,0,False,any;par32_prefetchall4_result;self.assertTrue;validator.validate_result,cd20314cbb038f679988
hardware/tests/test_validate_pynq_smoke_result.py,test,function,ValidatePynqSmokeResultTests.test_validate_rejects_par32_prefetchall4_hybrid_wrong_distribution,test_validate_rejects_par32_prefetchall4_hybrid_wrong_distribution,310,315,6,4,1,1,0,False,any;par32_prefetchall4_hybrid_result;self.assertTrue;validator.validate_result,4f51c59934a84dc626dd
hardware/tests/test_validate_pynq_smoke_result.py,test,function,ValidatePynqSmokeResultTests.test_validate_rejects_par32_prefetchall4_hybrid_track_latency_over_target,test_validate_rejects_par32_prefetchall4_hybrid_track_latency_over_target,317,321,5,5,2,1,0,False,any;par32_prefetchall4_hybrid_result;self.assertTrue;validator.validate_result,6bb5cc9da15d4ccb514f
hardware/tests/test_validate_pynq_smoke_result.py,test,function,ValidatePynqSmokeResultTests.test_validate_rejects_wrong_variant_and_output,test_validate_rejects_wrong_variant_and_output,323,326,4,4,2,1,0,False,any;c3b_result;self.assertTrue;validator.validate_result,2363fbb714b6659b4eb6
hardware/tests/test_validate_pynq_smoke_result.py,test,function,ValidatePynqSmokeResultTests.test_validate_rejects_wrong_c3b_bitfile_basename,test_validate_rejects_wrong_c3b_bitfile_basename,328,330,3,3,2,1,0,False,any;c3b_result;self.assertTrue;validator.validate_result,81b30337d3534c9d7dfd
hardware/tests/test_validate_pynq_smoke_result.py,test,function,ValidatePynqSmokeResultTests.test_validate_rejects_wrong_c3b_hwhfile_basename,test_validate_rejects_wrong_c3b_hwhfile_basename,332,334,3,3,2,1,0,False,any;c3b_result;self.assertTrue;validator.validate_result,6b4329451e1080b6d731
hardware/tests/test_validate_pynq_smoke_result.py,test,function,ValidatePynqSmokeResultTests.test_validate_no_require_paths_skips_overlay_basename_check,test_validate_no_require_paths_skips_overlay_basename_check,336,342,7,3,0,1,0,False,c3b_result;self.assertEqual;validator.validate_result,53cb180c09667252088a
hardware/tests/test_validate_pynq_smoke_result.py,test,function,ValidatePynqSmokeResultTests.test_cli_writes_json_out_and_returns_zero_on_pass,test_cli_writes_json_out_and_returns_zero_on_pass,344,355,12,12,2,1,0,False,Path;c3b_result;contextlib.redirect_stdout;io.StringIO;json.dumps;json.loads;out_path.read_text;result_path.write_text;self.assertEqual;str;stream.getvalue;tempfile.TemporaryDirectory;validator.main,662038a0a9ac4a5d3a71
hardware/tests/test_validate_pynq_smoke_result.py,test,function,ValidatePynqSmokeResultTests.test_cli_returns_one_on_fail,test_cli_returns_one_on_fail,357,367,11,11,2,1,0,False,Path;c3b_result;contextlib.redirect_stdout;io.StringIO;json.dumps;json.loads;result_path.write_text;self.assertEqual;self.assertTrue;str;stream.getvalue;tempfile.TemporaryDirectory;validator.main,c9996d54c5a0b9d1b669
hardware/tests/test_write_c3b_physical_smoke_gate_audit.py,test,class,C3bPhysicalSmokeGateAuditTests,C3bPhysicalSmokeGateAuditTests,19,163,145,71,2,0,0,False,,
hardware/tests/test_write_c3b_physical_smoke_gate_audit.py,test,function,C3bPhysicalSmokeGateAuditTests.write_json,write_json,20,22,3,3,0,3,0,False,json.dumps;path.parent.mkdir;path.write_text,5957caecdc2a68b53c2f
hardware/tests/test_write_c3b_physical_smoke_gate_audit.py,test,function,C3bPhysicalSmokeGateAuditTests.make_root,make_root,24,51,28,19,2,1,0,False,Path;bundle_dir.mkdir;dst.parent.mkdir;dst.write_bytes;path.is_file;path.read_bytes;path.relative_to;read_text;rglob;self.write_json;sorted;str;tar_dst.parent.mkdir;tar_dst.write_bytes;tar_src.read_bytes;tempfile.TemporaryDirectory;write_text,d5ef14ebeff7f2e31628
hardware/tests/test_write_c3b_physical_smoke_gate_audit.py,test,function,C3bPhysicalSmokeGateAuditTests.test_missing_canonical_result_blocks_gate,test_missing_canonical_result_blocks_gate,53,67,15,13,0,1,0,False,audit_tool.build_audit;self.addCleanup;self.assertEqual;self.assertFalse;self.assertIn;self.assertTrue;self.make_root,3430754c206f43459c17
hardware/tests/test_write_c3b_physical_smoke_gate_audit.py,test,function,C3bPhysicalSmokeGateAuditTests.test_valid_canonical_result_passes_gate,test_valid_canonical_result_passes_gate,69,109,41,13,0,1,0,False,audit_tool.build_audit;self.addCleanup;self.assertEqual;self.assertTrue;self.make_root;self.write_json,848d517120cd4c5f6952
hardware/tests/test_write_c3b_physical_smoke_gate_audit.py,test,function,C3bPhysicalSmokeGateAuditTests.test_failing_canonical_validation_blocks_gate,test_failing_canonical_validation_blocks_gate,111,150,40,12,0,1,0,False,audit_tool.build_audit;join;self.addCleanup;self.assertEqual;self.assertFalse;self.assertIn;self.make_root;self.write_json,9e30ed970fea3c95d79b
hardware/tests/test_write_c3b_physical_smoke_gate_audit.py,test,function,C3bPhysicalSmokeGateAuditTests.test_write_outputs,test_write_outputs,152,163,12,10,0,1,0,False,audit_tool.build_audit;audit_tool.write_outputs;json.loads;json_out.read_text;md_out.read_text;self.addCleanup;self.assertEqual;self.assertIn;self.make_root,4f38185c61512c311393
hardware/tests/test_write_c3b_protection_checklist.py,test,class,WriteC3bProtectionChecklistTests,WriteC3bProtectionChecklistTests,20,69,50,36,3,0,0,False,,
hardware/tests/test_write_c3b_protection_checklist.py,test,function,WriteC3bProtectionChecklistTests.test_build_checklist_preserves_current_c3b_baseline,test_build_checklist_preserves_current_c3b_baseline,21,42,22,20,1,1,0,False,checklist_tool.build_checklist;self.assertEqual;self.assertGreaterEqual,ad3eedc226d7a970d73b
hardware/tests/test_write_c3b_protection_checklist.py,test,function,WriteC3bProtectionChecklistTests.test_cli_writes_json_and_markdown,test_cli_writes_json_and_markdown,44,69,26,15,2,1,0,False,Path;checklist_tool.main;contextlib.redirect_stdout;io.StringIO;json.loads;json_out.read_text;markdown_out.read_text;self.assertEqual;self.assertGreaterEqual;self.assertIn;str;tempfile.TemporaryDirectory,7517621f0b15e3c6dae3
hardware/tests/test_write_c3b_smoke_result_contract.py,test,class,WriteC3bSmokeResultContractTests,WriteC3bSmokeResultContractTests,20,60,41,27,3,0,0,False,,
hardware/tests/test_write_c3b_smoke_result_contract.py,test,function,WriteC3bSmokeResultContractTests.test_build_contract_records_required_fields_and_commands,test_build_contract_records_required_fields_and_commands,21,34,14,12,1,1,0,False,Path;contract_tool.build_contract;self.assertEqual;self.assertFalse;self.assertIn;self.assertNotIn;tempfile.TemporaryDirectory,e41279ceadef233ed508
hardware/tests/test_write_c3b_smoke_result_contract.py,test,function,WriteC3bSmokeResultContractTests.test_cli_writes_json_and_markdown,test_cli_writes_json_and_markdown,36,60,25,14,2,1,0,False,Path;contextlib.redirect_stdout;contract_tool.main;io.StringIO;json.loads;json_out.read_text;markdown_out.read_text;self.assertEqual;self.assertIn;str;tempfile.TemporaryDirectory,59a4c5baac1c250911c2
hardware/tests/test_write_c3b_smoke_transfer_manifest.py,test,class,WriteC3bSmokeTransferManifestTests,WriteC3bSmokeTransferManifestTests,22,161,140,55,4,0,0,False,,
hardware/tests/test_write_c3b_smoke_transfer_manifest.py,test,function,WriteC3bSmokeTransferManifestTests.make_bundle,make_bundle,23,94,72,23,2,1,0,False,Path;bundle_dir.mkdir;file_entries.append;json.dumps;path.parent.mkdir;path.stat;path.write_text;session_path.parent.mkdir;session_path.write_text;sha256_file;str;tar.add;tar_path.stat;tarfile.open;tempfile.TemporaryDirectory;write_text,b61841a90d9bbb9ce530
hardware/tests/test_write_c3b_smoke_transfer_manifest.py,test,function,WriteC3bSmokeTransferManifestTests.test_build_manifest_records_sha_and_board_commands,test_build_manifest_records_sha_and_board_commands,96,111,16,9,0,1,0,False,self.addCleanup;self.assertEqual;self.assertIn;self.make_bundle;sha256_file;transfer_tool.build_manifest,6b12bae742b1b541d667
hardware/tests/test_write_c3b_smoke_transfer_manifest.py,test,function,WriteC3bSmokeTransferManifestTests.test_detects_session_tar_sha_mismatch,test_detects_session_tar_sha_mismatch,113,128,16,9,1,1,0,False,any;json.dumps;json.loads;self.addCleanup;self.assertEqual;self.assertTrue;self.make_bundle;session_path.read_text;session_path.write_text;transfer_tool.build_manifest,d60a761c0c9380767b66
hardware/tests/test_write_c3b_smoke_transfer_manifest.py,test,function,WriteC3bSmokeTransferManifestTests.test_cli_writes_json_markdown_and_sha256,test_cli_writes_json_markdown_and_sha256,130,161,32,13,1,1,0,False,contextlib.redirect_stdout;io.StringIO;json.loads;json_out.read_text;markdown_out.read_text;self.addCleanup;self.assertEqual;self.assertIn;self.make_bundle;sha256_out.read_text;str;transfer_tool.main,7c5d1ba84bd4f54b28d2
hardware/tests/test_write_e2e_resource_matrix.py,test,class,WriteE2EResourceMatrixTests,WriteE2EResourceMatrixTests,53,104,52,36,5,0,0,False,,
hardware/tests/test_write_e2e_resource_matrix.py,test,function,WriteE2EResourceMatrixTests.test_parse_hls_csynth_xml,test_parse_hls_csynth_xml,54,64,11,9,1,1,0,False,Path;matrix_tool.parse_hls_csynth_xml;path.write_text;self.assertEqual;tempfile.TemporaryDirectory,5efc6b97180fa74d097e
hardware/tests/test_write_e2e_resource_matrix.py,test,function,WriteE2EResourceMatrixTests.test_parse_timing_and_power_reports,test_parse_timing_and_power_reports,66,74,9,8,1,1,0,False,Path;matrix_tool.parse_power;matrix_tool.parse_timing_summary;power.write_text;self.assertEqual;tempfile.TemporaryDirectory;timing.write_text,c86c40a8b251c45c97f4
hardware/tests/test_write_e2e_resource_matrix.py,test,function,WriteE2EResourceMatrixTests.test_cli_writes_current_resource_matrix,test_cli_writes_current_resource_matrix,76,104,29,18,3,1,0,False,Path;contextlib.redirect_stdout;io.StringIO;json.loads;json_out.read_text;markdown_out.read_text;matrix_tool.main;self.assertEqual;self.assertIn;str;tempfile.TemporaryDirectory,0c3ac543f533fd40585f
hardware/tests/test_write_e2e_resource_policy_audit.py,test,class,WriteE2EResourcePolicyAuditTests,WriteE2EResourcePolicyAuditTests,20,109,90,71,8,0,0,False,,
hardware/tests/test_write_e2e_resource_policy_audit.py,test,function,WriteE2EResourcePolicyAuditTests.test_build_audit_passes_on_current_workspace,test_build_audit_passes_on_current_workspace,21,40,20,19,0,1,0,False,audit_tool.build_audit;self.assertEqual;self.assertGreater;self.assertGreaterEqual,95257af699564ad16c0f
hardware/tests/test_write_e2e_resource_policy_audit.py,test,function,WriteE2EResourcePolicyAuditTests.test_cli_writes_json_and_markdown,test_cli_writes_json_and_markdown,42,71,30,19,2,1,0,False,Path;audit_tool.main;contextlib.redirect_stdout;io.StringIO;json.loads;json_out.read_text;markdown_out.read_text;self.assertEqual;self.assertIn;str;tempfile.TemporaryDirectory,109752ba9e7376c57589
hardware/tests/test_write_e2e_resource_policy_audit.py,test,function,WriteE2EResourcePolicyAuditTests.test_matrix_resource_drift_fails_against_csynth_xml,test_matrix_resource_drift_fails_against_csynth_xml,73,89,17,15,4,1,0,False,Path;audit_tool.build_audit;json.dumps;json.loads;matrix_path.write_text;read_text;self.assertEqual;self.assertIn;tempfile.TemporaryDirectory,dadd895da7d16897ea8c
hardware/tests/test_write_e2e_resource_policy_audit.py,test,function,WriteE2EResourcePolicyAuditTests.test_c3b_threshold_drift_fails,test_c3b_threshold_drift_fails,91,109,19,17,2,1,0,False,audit_tool.build_audit;self.assertEqual;self.assertIn,46f4ad8b3b4e4dbd0e2a
hardware/tests/test_write_final_evidence_manifest.py,test,class,WriteFinalEvidenceManifestTests,WriteFinalEvidenceManifestTests,20,1876,1857,728,109,0,0,False,,
hardware/tests/test_write_final_evidence_manifest.py,test,function,WriteFinalEvidenceManifestTests.write_validator_contract,write_validator_contract,21,42,22,6,1,3,0,False,join;path.parent.mkdir;path.write_text,0f4ff7f80a2ac8d1188f
hardware/tests/test_write_final_evidence_manifest.py,test,function,WriteFinalEvidenceManifestTests.write_runner_contract,write_runner_contract,44,72,29,6,2,3,0,False,join;path.parent.mkdir;path.write_text,60063d54163263dc40c4
hardware/tests/test_write_final_evidence_manifest.py,test,function,WriteFinalEvidenceManifestTests.write_policy_tool_contract,write_policy_tool_contract,74,87,14,6,2,3,0,False,join;path.parent.mkdir;path.write_text,c84013b19b7001210292
hardware/tests/test_write_final_evidence_manifest.py,test,function,WriteFinalEvidenceManifestTests.write_runner_summary,write_runner_summary,89,152,64,24,5,4,0,False,Path;json.dumps;len;list;path.parent.mkdir;path.write_text;set;str,fda26570cfd0740050a2
hardware/tests/test_write_final_evidence_manifest.py,test,function,WriteFinalEvidenceManifestTests.blocker_discovery_summary,blocker_discovery_summary,154,169,16,2,0,2,0,False,,97516106daacef35c5f5
hardware/tests/test_write_final_evidence_manifest.py,test,function,WriteFinalEvidenceManifestTests.payload_for_artifact,payload_for_artifact,171,890,720,83,38,4,0,False,Path;current_doc_checks.extend;manifest_tool.stable_sha256;payload.update;range;resolve;str,
hardware/tests/test_write_final_evidence_manifest.py,test,function,WriteFinalEvidenceManifestTests.populate_required,populate_required,892,1024,133,22,6,2,0,False,generated.mkdir;json.dumps;path.parent.mkdir;path.write_text;payload.update;self.blocker_discovery_summary;self.payload_for_artifact;self.write_policy_tool_contract;self.write_runner_contract;self.write_runner_summary;self.write_validator_contract;source.read_text;str;target.write_text,1e0f6a4267e3907c2ff5
hardware/tests/test_write_final_evidence_manifest.py,test,function,WriteFinalEvidenceManifestTests.test_build_manifest_hashes_required_artifacts,test_build_manifest_hashes_required_artifacts,1026,1095,70,66,10,1,0,False,Path;all;len;manifest_tool.build_manifest;next;self.assertEqual;self.assertIn;self.assertTrue;self.populate_required;tempfile.TemporaryDirectory,18fc4b075179bb3cdbc7
hardware/tests/test_write_final_evidence_manifest.py,test,function,WriteFinalEvidenceManifestTests.test_xr_vits_gate_failure_fails_manifest,test_xr_vits_gate_failure_fails_manifest,1097,1113,17,15,1,1,0,False,Path;json.dumps;json.loads;manifest_tool.build_manifest;path.read_text;path.write_text;self.assertEqual;self.assertIn;self.populate_required;tempfile.TemporaryDirectory,27db13bcead5ee3bcb2c
hardware/tests/test_write_final_evidence_manifest.py,test,function,WriteFinalEvidenceManifestTests.test_c3b_physical_gate_failure_fails_manifest,test_c3b_physical_gate_failure_fails_manifest,1115,1133,19,15,1,1,0,False,Path;json.dumps;json.loads;manifest_tool.build_manifest;path.read_text;path.write_text;self.assertEqual;self.assertIn;self.populate_required;tempfile.TemporaryDirectory,4437db97728b58255886
hardware/tests/test_write_final_evidence_manifest.py,test,function,WriteFinalEvidenceManifestTests.test_c3b_transfer_manifest_failure_fails_manifest,test_c3b_transfer_manifest_failure_fails_manifest,1135,1163,29,27,1,1,0,False,Path;json.dumps;json.loads;manifest_tool.build_manifest;path.read_text;path.write_text;self.assertEqual;self.assertIn;self.populate_required;tempfile.TemporaryDirectory,7091d66e572fb2e1f8bf
hardware/tests/test_write_final_evidence_manifest.py,test,function,WriteFinalEvidenceManifestTests.test_c3b_transfer_readiness_alignment_failure_fails_manifest,test_c3b_transfer_readiness_alignment_failure_fails_manifest,1165,1182,18,16,1,1,0,False,Path;json.dumps;json.loads;manifest_tool.build_manifest;readiness_path.read_text;readiness_path.write_text;self.assertEqual;self.assertIn;self.populate_required;sha_path.write_text;tempfile.TemporaryDirectory,f72d11efb92388ea1d38
hardware/tests/test_write_final_evidence_manifest.py,test,function,WriteFinalEvidenceManifestTests.test_pynq_validator_overlay_contract_failure_fails_manifest,test_pynq_validator_overlay_contract_failure_fails_manifest,1184,1193,10,8,1,1,0,False,Path;manifest_tool.build_manifest;self.assertEqual;self.assertIn;self.populate_required;self.write_validator_contract;tempfile.TemporaryDirectory,7ea830c9473b918cc055
hardware/tests/test_write_final_evidence_manifest.py,test,function,WriteFinalEvidenceManifestTests.test_pynq_validator_basename_logic_failure_fails_manifest,test_pynq_validator_basename_logic_failure_fails_manifest,1195,1205,11,9,1,1,0,False,Path;manifest_tool.build_manifest;path.write_text;self.assertEqual;self.assertIn;self.populate_required;tempfile.TemporaryDirectory,4eaea834dd3463fa18a3
hardware/tests/test_write_final_evidence_manifest.py,test,function,WriteFinalEvidenceManifestTests.test_req9_deit_image_failure_fails_manifest,test_req9_deit_image_failure_fails_manifest,1207,1223,17,13,1,1,0,False,Path;json.dumps;json.loads;manifest_tool.build_manifest;path.read_text;path.write_text;self.assertEqual;self.assertIn;self.populate_required;tempfile.TemporaryDirectory,a0015db8c9d68b8034ea
hardware/tests/test_write_final_evidence_manifest.py,test,function,WriteFinalEvidenceManifestTests.test_req1_environment_failure_fails_manifest,test_req1_environment_failure_fails_manifest,1225,1239,15,11,1,1,0,False,Path;json.dumps;json.loads;manifest_tool.build_manifest;path.read_text;path.write_text;self.assertEqual;self.assertIn;self.populate_required;tempfile.TemporaryDirectory,5a1c0fdf5bbe6ab6233c
hardware/tests/test_write_final_evidence_manifest.py,test,function,WriteFinalEvidenceManifestTests.test_xr_vits_policy_preview_failure_fails_manifest,test_xr_vits_policy_preview_failure_fails_manifest,1241,1272,32,30,2,1,0,False,Path;json.dumps;json.loads;manifest_tool.build_manifest;path.read_text;path.write_text;self.assertEqual;self.assertIn;self.populate_required;str;tempfile.TemporaryDirectory,f39fb5557b413053fe71
hardware/tests/test_write_final_evidence_manifest.py,test,function,WriteFinalEvidenceManifestTests.test_xr_vits_active_placeholder_guard_source_failure_fails_manifest,test_xr_vits_active_placeholder_guard_source_failure_fails_manifest,1274,1291,18,10,1,1,0,False,Path;manifest_tool.build_manifest;self.assertEqual;self.assertIn;self.populate_required;self.write_policy_tool_contract;self.write_runner_contract;tempfile.TemporaryDirectory,dfcc69e23ff6a4a44ccd
hardware/tests/test_write_final_evidence_manifest.py,test,function,WriteFinalEvidenceManifestTests.test_spec_plan_fallback_failure_fails_manifest,test_spec_plan_fallback_failure_fails_manifest,1293,1318,26,15,1,1,0,False,Path;json.dumps;json.loads;manifest_tool.build_manifest;path.read_text;path.write_text;self.assertEqual;self.assertIn;self.populate_required;tempfile.TemporaryDirectory,dff3b0e656b7230d0fa9
hardware/tests/test_write_final_evidence_manifest.py,test,function,WriteFinalEvidenceManifestTests.test_buffer_lifetime_failure_fails_manifest,test_buffer_lifetime_failure_fails_manifest,1320,1339,20,11,1,1,0,False,Path;json.dumps;json.loads;manifest_tool.build_manifest;path.read_text;path.write_text;self.assertEqual;self.assertIn;self.populate_required;tempfile.TemporaryDirectory,c6dce419b7f371a79c0e
hardware/tests/test_write_final_evidence_manifest.py,test,function,WriteFinalEvidenceManifestTests.test_req6_legality_failure_fails_manifest,test_req6_legality_failure_fails_manifest,1341,1358,18,11,1,1,0,False,Path;json.dumps;json.loads;manifest_tool.build_manifest;path.read_text;path.write_text;self.assertEqual;self.assertIn;self.populate_required;tempfile.TemporaryDirectory,690ebc33580c85bf7d25
hardware/tests/test_write_final_evidence_manifest.py,test,function,WriteFinalEvidenceManifestTests.test_hgpipe_operator_property_failure_fails_manifest,test_hgpipe_operator_property_failure_fails_manifest,1360,1392,33,17,1,1,0,False,Path;json.dumps;json.loads;manifest_tool.build_manifest;path.read_text;path.write_text;self.assertEqual;self.assertIn;self.populate_required;tempfile.TemporaryDirectory,c295ce22968e99a07484
hardware/tests/test_write_final_evidence_manifest.py,test,function,WriteFinalEvidenceManifestTests.test_runner_blocker_summary_missing_details_fails_manifest,test_runner_blocker_summary_missing_details_fails_manifest,1394,1410,17,9,1,1,0,False,Path;manifest_tool.build_manifest;self.assertEqual;self.assertIn;self.populate_required;self.write_runner_summary;tempfile.TemporaryDirectory,1f6730f0664a3498e83c
hardware/tests/test_write_final_evidence_manifest.py,test,function,WriteFinalEvidenceManifestTests.test_runner_mirrored_artifact_duplicates_fail_manifest,test_runner_mirrored_artifact_duplicates_fail_manifest,1412,1427,16,11,1,1,0,False,Path;append;json.dumps;json.loads;manifest_tool.build_manifest;path.read_text;path.write_text;self.assertEqual;self.assertIn;self.populate_required;tempfile.TemporaryDirectory,8b37349b28cd8baf8a29
hardware/tests/test_write_final_evidence_manifest.py,test,function,WriteFinalEvidenceManifestTests.test_runner_summary_count_mismatch_fails_manifest,test_runner_summary_count_mismatch_fails_manifest,1429,1454,26,15,1,1,0,False,Path;json.dumps;json.loads;manifest_tool.build_manifest;path.read_text;path.write_text;self.assertEqual;self.assertIn;self.populate_required;tempfile.TemporaryDirectory,4152d494c27320deaa0c
hardware/tests/test_write_final_evidence_manifest.py,test,function,WriteFinalEvidenceManifestTests.test_runner_mirrored_source_contract_missing_fails_manifest,test_runner_mirrored_source_contract_missing_fails_manifest,1456,1468,13,8,1,1,0,False,Path;manifest_tool.build_manifest;self.assertEqual;self.assertIn;self.populate_required;self.write_runner_contract;tempfile.TemporaryDirectory,9ea7a82e9ad03ee8752d
hardware/tests/test_write_final_evidence_manifest.py,test,function,WriteFinalEvidenceManifestTests.test_blocker_readiness_discovery_side_effect_fails_manifest,test_blocker_readiness_discovery_side_effect_fails_manifest,1470,1485,16,11,1,1,0,False,Path;json.dumps;json.loads;manifest_tool.build_manifest;path.read_text;path.write_text;self.assertEqual;self.assertIn;self.populate_required;tempfile.TemporaryDirectory,9d3a4ad7b3c08633cf45
hardware/tests/test_write_final_evidence_manifest.py,test,function,WriteFinalEvidenceManifestTests.test_blocker_readiness_operator_plan_drift_fails_manifest,test_blocker_readiness_operator_plan_drift_fails_manifest,1487,1507,21,13,1,1,0,False,Path;json.dumps;json.loads;manifest_tool.build_manifest;path.read_text;path.write_text;self.assertEqual;self.assertIn;self.populate_required;tempfile.TemporaryDirectory,52fd35d181a5ec4b37f0
hardware/tests/test_write_final_evidence_manifest.py,test,function,WriteFinalEvidenceManifestTests.test_missing_required_artifact_fails,test_missing_required_artifact_fails,1509,1519,11,9,1,1,0,False,Path;manifest_tool.build_manifest;missing.unlink;self.assertEqual;self.assertIn;self.populate_required;tempfile.TemporaryDirectory,01a7bd9aaf05ea1f46e4
hardware/tests/test_write_final_evidence_manifest.py,test,function,WriteFinalEvidenceManifestTests.test_failed_consistency_check_fails_manifest,test_failed_consistency_check_fails_manifest,1521,1531,11,9,1,1,0,False,Path;json.dumps;manifest_tool.build_manifest;path.write_text;self.assertEqual;self.assertIn;self.populate_required;tempfile.TemporaryDirectory,17e430cd7b7f8ae0d754
hardware/tests/test_write_final_evidence_manifest.py,test,function,WriteFinalEvidenceManifestTests.test_resource_policy_detail_failure_fails_manifest,test_resource_policy_detail_failure_fails_manifest,1533,1547,15,13,3,1,0,False,Path;json.dumps;json.loads;manifest_tool.build_manifest;path.read_text;path.write_text;self.assertEqual;self.assertIn;self.populate_required;tempfile.TemporaryDirectory,1514a28fb01469e1a647
hardware/tests/test_write_final_evidence_manifest.py,test,function,WriteFinalEvidenceManifestTests.test_resource_policy_generated_stale_sibling_fails_manifest,test_resource_policy_generated_stale_sibling_fails_manifest,1549,1567,19,14,1,1,0,False,Path;json.dumps;manifest_tool.build_manifest;self.assertEqual;self.assertIn;self.populate_required;stale_json.write_text;stale_md.write_text;tempfile.TemporaryDirectory,95369863cd207bf06394
hardware/tests/test_write_final_evidence_manifest.py,test,function,WriteFinalEvidenceManifestTests.test_resource_policy_docs_stale_sibling_fails_manifest,test_resource_policy_docs_stale_sibling_fails_manifest,1569,1586,18,13,1,1,0,False,Path;json.dumps;manifest_tool.build_manifest;self.assertEqual;self.assertIn;self.populate_required;stale_json.write_text;stale_md.write_text;tempfile.TemporaryDirectory,125c102599a2808cd1bc
hardware/tests/test_write_final_evidence_manifest.py,test,function,WriteFinalEvidenceManifestTests.test_resource_policy_canonical_mirror_hash_mismatch_fails_manifest,test_resource_policy_canonical_mirror_hash_mismatch_fails_manifest,1588,1606,19,11,1,1,0,False,Path;generated_json.read_text;generated_json.write_text;json.dumps;json.loads;manifest_tool.build_manifest;self.assertEqual;self.assertIn;self.populate_required;tempfile.TemporaryDirectory,bff623737732fff18539
hardware/tests/test_write_final_evidence_manifest.py,test,function,WriteFinalEvidenceManifestTests.test_req5_weight_sha_failure_fails_manifest,test_req5_weight_sha_failure_fails_manifest,1608,1625,18,13,3,1,0,False,Path;json.dumps;json.loads;manifest_tool.build_manifest;path.read_text;path.write_text;self.assertEqual;self.assertIn;self.populate_required;tempfile.TemporaryDirectory,8688d08d148c43870afb
hardware/tests/test_write_final_evidence_manifest.py,test,function,WriteFinalEvidenceManifestTests.test_stale_validator_check_counts_fail_manifest,test_stale_validator_check_counts_fail_manifest,1627,1649,23,21,1,1,0,False,Path;bundle_path.read_text;bundle_path.write_text;closeout_path.read_text;closeout_path.write_text;handoff_path.read_text;handoff_path.write_text;json.dumps;json.loads;manifest_tool.build_manifest;self.assertEqual;self.assertIn;self.populate_required;tempfile.TemporaryDirectory,ce26434b3b864bc092ef
hardware/tests/test_write_final_evidence_manifest.py,test,function,WriteFinalEvidenceManifestTests.test_missing_bundle_validator_check_count_fails_manifest,test_missing_bundle_validator_check_count_fails_manifest,1651,1663,13,11,1,1,0,False,Path;bundle.pop;bundle_path.read_text;bundle_path.write_text;json.dumps;json.loads;manifest_tool.build_manifest;self.assertEqual;self.assertIn;self.populate_required;tempfile.TemporaryDirectory,807c0c8d5d1218c111df
hardware/tests/test_write_final_evidence_manifest.py,test,function,WriteFinalEvidenceManifestTests.test_unblock_intake_path_drift_fails_manifest,test_unblock_intake_path_drift_fails_manifest,1665,1682,18,13,1,1,0,False,Path;json.dumps;json.loads;manifest_tool.build_manifest;path.read_text;path.write_text;self.assertEqual;self.assertIn;self.populate_required;tempfile.TemporaryDirectory,1c6c1d28cbddf26de653
hardware/tests/test_write_final_evidence_manifest.py,test,function,WriteFinalEvidenceManifestTests.test_unblock_intake_operator_sequence_drift_fails_manifest,test_unblock_intake_operator_sequence_drift_fails_manifest,1684,1704,21,13,1,1,0,False,Path;json.dumps;json.loads;manifest_tool.build_manifest;path.read_text;path.write_text;self.assertEqual;self.assertIn;self.populate_required;tempfile.TemporaryDirectory,737ea756955ff5b509ea
hardware/tests/test_write_final_evidence_manifest.py,test,function,WriteFinalEvidenceManifestTests.test_qkv_discovery_wrong_preset_and_side_effects_fail_manifest,test_qkv_discovery_wrong_preset_and_side_effects_fail_manifest,1706,1725,20,13,1,1,0,False,Path;json.dumps;json.loads;manifest_tool.build_manifest;path.read_text;path.write_text;self.assertEqual;self.assertIn;self.populate_required;tempfile.TemporaryDirectory,a2da4c6617cfed6f0a3f
hardware/tests/test_write_final_evidence_manifest.py,test,function,WriteFinalEvidenceManifestTests.test_source_audit_missing_required_fails_manifest,test_source_audit_missing_required_fails_manifest,1727,1752,26,9,1,1,0,False,Path;json.dumps;manifest_tool.build_manifest;path.write_text;self.assertEqual;self.assertIn;self.populate_required;tempfile.TemporaryDirectory,4ba88c6419d5d4b1c147
hardware/tests/test_write_final_evidence_manifest.py,test,function,WriteFinalEvidenceManifestTests.test_stale_source_audit_counts_fail_manifest,test_stale_source_audit_counts_fail_manifest,1754,1773,20,13,1,1,0,False,Path;json.dumps;json.loads;manifest_tool.build_manifest;path.read_text;path.write_text;self.assertEqual;self.assertIn;self.populate_required;tempfile.TemporaryDirectory,a7e664d72f61ea54df1e
hardware/tests/test_write_final_evidence_manifest.py,test,function,WriteFinalEvidenceManifestTests.test_current_audit_requirement_count_fails_manifest,test_current_audit_requirement_count_fails_manifest,1775,1790,16,9,1,1,0,False,Path;json.dumps;manifest_tool.build_manifest;path.write_text;self.assertEqual;self.assertIn;self.populate_required;tempfile.TemporaryDirectory,7279c8b40ce3ed3d87f2
hardware/tests/test_write_final_evidence_manifest.py,test,function,WriteFinalEvidenceManifestTests.test_stale_completion_audit_fails_manifest,test_stale_completion_audit_fails_manifest,1792,1806,15,13,1,1,0,False,Path;json.dumps;json.loads;manifest_tool.build_manifest;path.read_text;path.write_text;self.assertEqual;self.assertIn;self.populate_required;tempfile.TemporaryDirectory,ce018ea7f6def157e443
hardware/tests/test_write_final_evidence_manifest.py,test,function,WriteFinalEvidenceManifestTests.test_requirements_trace_policy_integrity_failure_fails_manifest,test_requirements_trace_policy_integrity_failure_fails_manifest,1808,1828,21,13,1,1,0,False,Path;json.dumps;json.loads;manifest_tool.build_manifest;path.read_text;path.write_text;self.assertEqual;self.assertIn;self.populate_required;tempfile.TemporaryDirectory,93bb8f1e5b19dc593a92
hardware/tests/test_write_final_evidence_manifest.py,test,function,WriteFinalEvidenceManifestTests.test_required_qkv_smoke_without_result_fails_manifest,test_required_qkv_smoke_without_result_fails_manifest,1830,1851,22,14,1,1,0,False,Path;json.dumps;json.loads;manifest_tool.build_manifest;path.read_text;path.write_text;self.assertEqual;self.assertIn;self.populate_required;tempfile.TemporaryDirectory,32e7a9e2d3693d825322
hardware/tests/test_write_final_evidence_manifest.py,test,function,WriteFinalEvidenceManifestTests.test_cli_writes_json_and_markdown,test_cli_writes_json_and_markdown,1853,1876,24,13,2,1,0,False,Path;contextlib.redirect_stdout;io.StringIO;json.loads;json_out.read_text;manifest_tool.main;markdown_out.read_text;self.assertEqual;self.assertIn;self.populate_required;str;tempfile.TemporaryDirectory,0ab645320926faf777f8
hardware/tests/test_write_final_operator_handoff.py,test,class,WriteFinalOperatorHandoffTests,WriteFinalOperatorHandoffTests,62,128,67,47,2,0,0,False,,
hardware/tests/test_write_final_operator_handoff.py,test,function,sample_readiness,sample_readiness,23,33,11,2,0,0,0,False,,bcef137bc6305dcf5347
hardware/tests/test_write_final_operator_handoff.py,test,function,sample_trace,sample_trace,36,59,24,2,0,0,0,False,,0372dbcd21aae72f9986
hardware/tests/test_write_final_operator_handoff.py,test,function,WriteFinalOperatorHandoffTests.test_build_handoff_summarizes_operator_actions_without_side_effects,test_build_handoff_summarizes_operator_actions_without_side_effects,63,92,30,22,0,1,0,False,Path;handoff_tool.build_handoff;sample_candidate_audit;sample_command_card;sample_readiness;sample_trace;sample_xr_vits_resolution;self.assertEqual;self.assertFalse;self.assertIn;self.assertTrue,322c59547497a4455c81
hardware/tests/test_write_final_operator_handoff.py,test,function,WriteFinalOperatorHandoffTests.test_cli_writes_json_and_markdown,test_cli_writes_json_and_markdown,94,128,35,24,2,1,0,False,Path;contextlib.redirect_stdout;handoff_tool.main;io.StringIO;json.dumps;json.loads;json_out.read_text;markdown_out.read_text;resources.mkdir;sample_candidate_audit;sample_command_card;sample_readiness;sample_trace;sample_xr_vits_resolution;self.assertEqual;self.assertIn;str;tempfile.TemporaryDirectory;write_text,e1756fbaff9e7622f7d6
hardware/tests/test_write_final_signoff_audit.py,test,class,WriteFinalSignoffAuditTests,WriteFinalSignoffAuditTests,20,96,77,27,3,0,0,False,,
hardware/tests/test_write_final_signoff_audit.py,test,function,WriteFinalSignoffAuditTests.test_build_audit_classifies_known_final_signoff_blockers,test_build_audit_classifies_known_final_signoff_blockers,21,44,24,8,1,1,0,False,any;audit_tool.build_audit;self.assertEqual;self.assertTrue,62247864f72b2d4a7fdf
hardware/tests/test_write_final_signoff_audit.py,test,function,WriteFinalSignoffAuditTests.test_build_audit_passes_when_no_failures_exist,test_build_audit_passes_when_no_failures_exist,46,57,12,5,0,1,0,False,audit_tool.build_audit;self.assertEqual,643c030a74bfc42c1846
hardware/tests/test_write_final_signoff_audit.py,test,function,WriteFinalSignoffAuditTests.test_cli_writes_json_and_markdown_even_when_blocked,test_cli_writes_json_and_markdown_even_when_blocked,59,96,38,13,2,1,0,False,Path;audit_tool.main;contextlib.redirect_stdout;io.StringIO;json.dumps;json.loads;json_out.read_text;markdown_out.read_text;preflight.write_text;self.assertEqual;self.assertIn;str;tempfile.TemporaryDirectory,82ccbb5d253f020d7191
hardware/tests/test_write_final_unblock_closeout_packet.py,test,class,WriteFinalUnblockCloseoutPacketTests,WriteFinalUnblockCloseoutPacketTests,20,314,295,84,6,0,0,False,,
hardware/tests/test_write_final_unblock_closeout_packet.py,test,function,WriteFinalUnblockCloseoutPacketTests.write_json,write_json,21,24,4,4,0,4,0,False,json.dumps;path.parent.mkdir;path.write_text,bef55471d6170ce25f73
hardware/tests/test_write_final_unblock_closeout_packet.py,test,function,WriteFinalUnblockCloseoutPacketTests.populate,populate,26,214,189,16,0,2,0,False,self.write_json;str;write_text,ba38cb8558515484ae00
hardware/tests/test_write_final_unblock_closeout_packet.py,test,function,WriteFinalUnblockCloseoutPacketTests.test_build_packet_collects_required_artifacts_and_commands,test_build_packet_collects_required_artifacts_and_commands,216,249,34,26,2,1,0,False,Path;all;join;len;packet_tool.build_packet;self.assertEqual;self.assertFalse;self.assertIn;self.assertTrue;self.populate;tempfile.TemporaryDirectory,abcc5a9d8c48a5b77c78
hardware/tests/test_write_final_unblock_closeout_packet.py,test,function,WriteFinalUnblockCloseoutPacketTests.test_build_packet_can_require_vref_successor_physical_smoke,test_build_packet_can_require_vref_successor_physical_smoke,251,261,11,9,1,1,0,False,Path;packet_tool.build_packet;self.assertEqual;self.assertIn;self.assertTrue;self.populate;tempfile.TemporaryDirectory,39e2ed987a0d1100c3c5
hardware/tests/test_write_final_unblock_closeout_packet.py,test,function,WriteFinalUnblockCloseoutPacketTests.test_cli_writes_json_and_markdown,test_cli_writes_json_and_markdown,263,290,28,17,2,1,0,False,Path;contextlib.redirect_stdout;io.StringIO;json.loads;json_out.read_text;markdown_out.read_text;packet_tool.main;self.assertEqual;self.assertIn;self.populate;str;tempfile.TemporaryDirectory,2f4317701da375984605
hardware/tests/test_write_final_unblock_closeout_packet.py,test,function,WriteFinalUnblockCloseoutPacketTests.test_cli_can_write_required_vref_policy,test_cli_can_write_required_vref_policy,292,314,23,11,1,1,0,False,Path;json.loads;json_out.read_text;markdown_out.read_text;packet_tool.main;self.assertEqual;self.assertIn;self.populate;str;tempfile.TemporaryDirectory,aa09b9a354537c462fc3
hardware/tests/test_write_final_unblock_commands.py,test,class,WriteFinalUnblockCommandsTests,WriteFinalUnblockCommandsTests,20,198,179,107,6,0,0,False,,
hardware/tests/test_write_final_unblock_commands.py,test,function,WriteFinalUnblockCommandsTests.final_audit,final_audit,21,28,8,5,2,2,0,False,,94b642474be7d5792346
hardware/tests/test_write_final_unblock_commands.py,test,function,WriteFinalUnblockCommandsTests.test_build_commands_covers_known_blockers_without_side_effects,test_build_commands_covers_known_blockers_without_side_effects,30,112,83,54,1,1,0,False,Path;command_tool.build_commands;issubset;self.assertEqual;self.assertFalse;self.assertIn;self.assertTrue;self.final_audit;set,c41ddb79f7313fa630b9
hardware/tests/test_write_final_unblock_commands.py,test,function,WriteFinalUnblockCommandsTests.test_build_commands_ready_when_no_blockers,test_build_commands_ready_when_no_blockers,114,130,17,6,1,1,0,False,Path;command_tool.build_commands;self.assertEqual;self.final_audit,19f42bc996e94a1cfd56
hardware/tests/test_write_final_unblock_commands.py,test,function,WriteFinalUnblockCommandsTests.test_cli_writes_json_and_markdown,test_cli_writes_json_and_markdown,132,198,67,41,2,1,0,False,Path;c3b_contract.write_text;command_tool.main;contextlib.redirect_stdout;final_audit.write_text;io.StringIO;json.dumps;json.loads;json_out.read_text;markdown_out.read_text;readiness.write_text;resources.mkdir;self.assertEqual;self.assertIn;self.final_audit;str;tempfile.TemporaryDirectory;xr_vits.write_text,ba1aa2ccec7dcb0a6836
hardware/tests/test_write_final_unblock_intake.py,test,class,WriteFinalUnblockIntakeTests,WriteFinalUnblockIntakeTests,29,137,109,59,1,0,0,False,,
hardware/tests/test_write_final_unblock_intake.py,test,function,write_json,write_json,24,26,3,3,0,2,0,False,json.dumps;path.parent.mkdir;path.write_text,ae154a7d2a04a3750f0e
hardware/tests/test_write_final_unblock_intake.py,test,function,WriteFinalUnblockIntakeTests.make_root,make_root,30,47,18,8,0,1,0,False,Path;create_xr_vits_replacement_policy.default_requested_path;replacement.mkdir;replacement.resolve;resolve;str;tempfile.TemporaryDirectory;write_json,ca1339e4e2f80f6961f0
hardware/tests/test_write_final_unblock_intake.py,test,function,WriteFinalUnblockIntakeTests.test_missing_inputs_reports_blocked_without_side_effects,test_missing_inputs_reports_blocked_without_side_effects,49,79,31,15,0,1,0,False,exists;intake_tool.build_intake;len;self.addCleanup;self.assertEqual;self.assertFalse;self.assertIn;self.make_root,4f7df44b6678f9bc0f52
hardware/tests/test_write_final_unblock_intake.py,test,function,WriteFinalUnblockIntakeTests.test_valid_candidates_emit_dry_run_and_active_commands,test_valid_candidates_emit_dry_run_and_active_commands,81,111,31,21,0,1,0,False,Path;c3b_result;exists;intake_tool.build_intake;self.addCleanup;self.assertEqual;self.assertFalse;self.assertIn;self.assertTrue;self.make_root;str;write_json,f72e1f0265a7d11e2ac7
hardware/tests/test_write_final_unblock_intake.py,test,function,WriteFinalUnblockIntakeTests.test_cli_writes_json_and_markdown,test_cli_writes_json_and_markdown,113,137,25,14,1,1,0,False,Path;contextlib.redirect_stdout;intake_tool.main;io.StringIO;json.loads;json_out.read_text;markdown_out.read_text;self.addCleanup;self.assertEqual;self.assertIn;self.make_root;str,0f49b792c1467c03336c
hardware/tests/test_write_hgpipe_operator_audit.py,test,class,HgpipeOperatorAuditTests,HgpipeOperatorAuditTests,19,52,34,22,3,0,0,False,,
hardware/tests/test_write_hgpipe_operator_audit.py,test,function,HgpipeOperatorAuditTests.test_build_operator_audit_passes_on_repo_contract,test_build_operator_audit_passes_on_repo_contract,20,39,20,11,2,1,0,False,all;audit_tool.build_operator_audit;self.assertEqual;self.assertFalse;self.assertGreater;self.assertTrue,a2d7d19a12cf824bd4e8
hardware/tests/test_write_hgpipe_operator_audit.py,test,function,HgpipeOperatorAuditTests.test_write_outputs_creates_json_and_markdown,test_write_outputs_creates_json_and_markdown,41,52,12,10,1,1,0,False,Path;audit_tool.build_operator_audit;audit_tool.write_outputs;json.loads;json_out.read_text;md_out.read_text;self.assertEqual;self.assertIn;tempfile.TemporaryDirectory,241442d9d68fc4348360
hardware/tests/test_write_p2_vit_scale_calibration_report.py,test,class,P2VitScaleCalibrationReportTests,P2VitScaleCalibrationReportTests,19,129,111,39,1,0,0,False,,
hardware/tests/test_write_p2_vit_scale_calibration_report.py,test,function,P2VitScaleCalibrationReportTests.write_json,write_json,20,23,4,4,0,4,0,False,json.dumps;path.parent.mkdir;path.write_text,41ced69a2b9f23ad8b64
hardware/tests/test_write_p2_vit_scale_calibration_report.py,test,function,P2VitScaleCalibrationReportTests.make_hardware,make_hardware,25,90,66,8,1,1,0,False,Path;range;self.write_json;tempfile.TemporaryDirectory,7a153ba453bc538c96ee
hardware/tests/test_write_p2_vit_scale_calibration_report.py,test,function,P2VitScaleCalibrationReportTests.test_build_report_passes_with_current_scale_decision,test_build_report_passes_with_current_scale_decision,92,103,12,10,0,1,0,False,report_tool.build_report;self.addCleanup;self.assertEqual;self.make_hardware,0f844e5cd2b36e23c47c
hardware/tests/test_write_p2_vit_scale_calibration_report.py,test,function,P2VitScaleCalibrationReportTests.test_bad_req5_fails_report,test_bad_req5_fails_report,105,117,13,7,0,1,0,False,report_tool.build_report;self.addCleanup;self.assertEqual;self.assertIn;self.make_hardware;self.write_json,483063c6480a22b64b08
hardware/tests/test_write_p2_vit_scale_calibration_report.py,test,function,P2VitScaleCalibrationReportTests.test_cli_writes_json_and_markdown,test_cli_writes_json_and_markdown,119,129,11,9,0,1,0,False,json.loads;json_out.read_text;md_out.read_text;report_tool.main;self.addCleanup;self.assertEqual;self.assertIn;self.make_hardware;str,2131f8e157fbe3968974
hardware/tests/test_write_prefetchall4_300_contract_audit.py,test,class,PrefetchAll4ContractAuditTests,PrefetchAll4ContractAuditTests,15,33,19,16,2,0,0,False,,
hardware/tests/test_write_prefetchall4_300_contract_audit.py,test,function,PrefetchAll4ContractAuditTests.test_contract_audit_has_required_core_checks,test_contract_audit_has_required_core_checks,16,28,13,12,1,1,0,False,audit_tool.build_audit;self.assertGreaterEqual;self.assertIn,0cb625dd182267677b87
hardware/tests/test_write_prefetchall4_300_contract_audit.py,test,function,PrefetchAll4ContractAuditTests.test_contract_audit_current_profile_passes,test_contract_audit_current_profile_passes,30,33,4,3,1,1,0,False,audit_tool.build_audit;self.assertEqual,165badb3846b394c1f48
hardware/tests/test_write_prefetchall4_300_goal_status.py,test,class,PrefetchAll4GoalStatusTests,PrefetchAll4GoalStatusTests,33,92,60,33,0,0,0,False,,
hardware/tests/test_write_prefetchall4_300_goal_status.py,test,function,board_payload,board_payload,15,30,16,3,5,3,0,False,len;status_tool.summarize,9393e177726f5524bb1e
hardware/tests/test_write_prefetchall4_300_goal_status.py,test,function,PrefetchAll4GoalStatusTests.test_build_board_measurements_reports_missing_without_payloads,test_build_board_measurements_reports_missing_without_payloads,34,39,6,5,0,1,0,False,self.assertEqual;self.assertIsNone;status_tool.build_board_measurements,57096d5519a16e3cf8e4
hardware/tests/test_write_prefetchall4_300_goal_status.py,test,function,PrefetchAll4GoalStatusTests.test_build_board_measurements_computes_synthetic_10_90_hybrid,test_build_board_measurements_computes_synthetic_10_90_hybrid,41,56,16,14,0,1,0,False,board_payload;self.assertAlmostEqual;self.assertEqual;status_tool.build_board_measurements,e759ae5ea1b813d364cf
hardware/tests/test_write_prefetchall4_300_goal_status.py,test,function,PrefetchAll4GoalStatusTests.test_build_board_measurements_prefers_measured_interleaved_hybrid,test_build_board_measurements_prefers_measured_interleaved_hybrid,58,92,35,13,0,1,0,False,self.assertAlmostEqual;self.assertEqual;status_tool.build_board_measurements,cac39657fb876ffd8a7c
hardware/tests/test_write_prefetchall4_300_resource_breakdown.py,test,class,PrefetchAll4ResourceBreakdownTests,PrefetchAll4ResourceBreakdownTests,61,118,58,43,2,0,0,False,,
hardware/tests/test_write_prefetchall4_300_resource_breakdown.py,test,function,PrefetchAll4ResourceBreakdownTests.test_parse_resource_table_handles_starred_rows_and_float_bram_tiles,test_parse_resource_table_handles_starred_rows_and_float_bram_tiles,62,69,8,7,0,1,0,False,breakdown_tool.parse_resource_table;self.assertEqual,df08322fdfd7270a1158
hardware/tests/test_write_prefetchall4_300_resource_breakdown.py,test,function,PrefetchAll4ResourceBreakdownTests.test_build_breakdown_reports_top_and_ooc_block_shares,test_build_breakdown_reports_top_and_ooc_block_shares,71,90,20,14,1,1,0,False,Path;REPORT.replace;block.write_text;breakdown_tool.build_breakdown;replace;self.assertAlmostEqual;self.assertEqual;tempfile.TemporaryDirectory;top.write_text,9ab52a6d2c11d5e12cd3
hardware/tests/test_write_prefetchall4_300_resource_breakdown.py,test,function,PrefetchAll4ResourceBreakdownTests.test_build_breakdown_prefers_implemented_hierarchical_report_when_available,test_build_breakdown_prefers_implemented_hierarchical_report_when_available,92,118,27,21,1,1,0,False,Path;breakdown_tool.build_breakdown;fallback.write_text;hierarchical.write_text;self.assertEqual;self.assertIn;tempfile.TemporaryDirectory;top.write_text,0294d5d99e81246eb0db
hardware/tests/test_write_req1_environment_audit.py,test,class,Req1EnvironmentAuditTests,Req1EnvironmentAuditTests,22,79,58,35,7,0,0,False,,
hardware/tests/test_write_req1_environment_audit.py,test,function,Req1EnvironmentAuditTests.test_current_workspace_passes,test_current_workspace_passes,23,30,8,7,0,1,0,False,audit_tool.build_audit;self.assertEqual,39ed25e5231c56261866
hardware/tests/test_write_req1_environment_audit.py,test,function,Req1EnvironmentAuditTests.test_legacy_wsl_path_fails,test_legacy_wsl_path_fails,32,42,11,9,2,1,0,False,Path;audit_tool.build_audit;mkdir;self.assertEqual;self.assertIn;tempfile.TemporaryDirectory,6dbcbf0c0c24d870c996
hardware/tests/test_write_req1_environment_audit.py,test,function,Req1EnvironmentAuditTests.test_wsl_kernel_marker_fails,test_wsl_kernel_marker_fails,44,55,12,6,3,1,0,False,audit_tool.build_audit;mock.patch.object;self.assertIn;str,4eea1d04117856c204d1
hardware/tests/test_write_req1_environment_audit.py,test,function,Req1EnvironmentAuditTests.test_cli_writes_outputs,test_cli_writes_outputs,57,79,23,12,2,1,0,False,Path;audit_tool.main;contextlib.redirect_stdout;io.StringIO;json.loads;json_out.read_text;md_out.read_text;self.assertEqual;self.assertIn;str;tempfile.TemporaryDirectory,417940b613e9ca765f39
hardware/tests/test_write_req2_spec_subagent_gate_audit.py,test,class,Req2SpecSubagentGateAuditTests,Req2SpecSubagentGateAuditTests,20,121,102,50,7,0,0,False,,
hardware/tests/test_write_req2_spec_subagent_gate_audit.py,test,function,Req2SpecSubagentGateAuditTests.write,write,21,23,3,3,0,3,0,False,path.parent.mkdir;path.write_text,c8e6375857bcb9e11a74
hardware/tests/test_write_req2_spec_subagent_gate_audit.py,test,function,Req2SpecSubagentGateAuditTests.write_json,write_json,25,26,2,2,0,3,0,False,json.dumps;self.write,ee68bc28f74c32954468
hardware/tests/test_write_req2_spec_subagent_gate_audit.py,test,function,Req2SpecSubagentGateAuditTests.make_root,make_root,28,60,33,12,2,1,0,False,Path;self.write;self.write_json;tempfile.TemporaryDirectory,e9924c283b21e939017f
hardware/tests/test_write_req2_spec_subagent_gate_audit.py,test,function,Req2SpecSubagentGateAuditTests.test_build_audit_passes_with_manual_spec_and_fallback_evidence,test_build_audit_passes_with_manual_spec_and_fallback_evidence,62,74,13,11,1,1,0,False,audit_tool.build_audit;patch;self.addCleanup;self.assertEqual;self.assertFalse;self.assertTrue;self.make_root,7b049a9ca4dbfd9a136f
hardware/tests/test_write_req2_spec_subagent_gate_audit.py,test,function,Req2SpecSubagentGateAuditTests.test_build_audit_is_partial_when_manual_fallback_missing,test_build_audit_is_partial_when_manual_fallback_missing,76,108,33,11,3,1,0,False,audit_tool.build_audit;patch;self.addCleanup;self.assertEqual;self.make_root;self.write,b35b5f79e766bb17a27c
hardware/tests/test_write_req2_spec_subagent_gate_audit.py,test,function,Req2SpecSubagentGateAuditTests.test_write_outputs,test_write_outputs,110,121,12,10,1,1,0,False,audit_tool.build_audit;audit_tool.write_outputs;json.loads;json_out.read_text;md_out.read_text;patch;self.addCleanup;self.assertEqual;self.assertIn;self.make_root,a46612afc6015d4af685
hardware/tests/test_write_req5_q4q8_swhw_match_audit.py,test,class,Req5Q4Q8SwHwMatchAuditTests,Req5Q4Q8SwHwMatchAuditTests,20,141,122,61,1,0,0,False,,
hardware/tests/test_write_req5_q4q8_swhw_match_audit.py,test,function,Req5Q4Q8SwHwMatchAuditTests.write,write,21,24,4,4,0,4,0,False,path.parent.mkdir;path.write_text,61ff039150bfb3790d5e
hardware/tests/test_write_req5_q4q8_swhw_match_audit.py,test,function,Req5Q4Q8SwHwMatchAuditTests.write_json,write_json,26,27,2,2,0,4,0,False,json.dumps;self.write,048d9f7ab085192bc40d
hardware/tests/test_write_req5_q4q8_swhw_match_audit.py,test,function,Req5Q4Q8SwHwMatchAuditTests.make_hardware,make_hardware,29,85,57,14,1,1,0,False,Path;binary.parent.mkdir;binary.read_bytes;binary.stat;binary.write_bytes;bytes;hashlib.sha256;hexdigest;join;range;self.write;self.write_json;str;tempfile.TemporaryDirectory,761331ba6cd88dcf6fcf
hardware/tests/test_write_req5_q4q8_swhw_match_audit.py,test,function,Req5Q4Q8SwHwMatchAuditTests.test_build_audit_passes_with_manifest_and_csim_logs,test_build_audit_passes_with_manifest_and_csim_logs,87,101,15,13,0,1,0,False,audit_tool.build_audit;len;self.addCleanup;self.assertEqual;self.assertTrue;self.make_hardware,425662bc9cd96fa10eae
hardware/tests/test_write_req5_q4q8_swhw_match_audit.py,test,function,Req5Q4Q8SwHwMatchAuditTests.test_bad_weight_binary_sha_fails,test_bad_weight_binary_sha_fails,103,115,13,11,0,1,0,False,audit_tool.build_audit;json.dumps;json.loads;manifest_path.read_text;manifest_path.write_text;self.addCleanup;self.assertEqual;self.assertIn;self.make_hardware,b584e67917ee5a67c4c0
hardware/tests/test_write_req5_q4q8_swhw_match_audit.py,test,function,Req5Q4Q8SwHwMatchAuditTests.test_bad_csim_log_fails,test_bad_csim_log_fails,117,129,13,7,0,1,0,False,audit_tool.build_audit;self.addCleanup;self.assertEqual;self.assertIn;self.make_hardware;self.write,a92180edbbba79748779
hardware/tests/test_write_req5_q4q8_swhw_match_audit.py,test,function,Req5Q4Q8SwHwMatchAuditTests.test_cli_writes_outputs,test_cli_writes_outputs,131,141,11,9,0,1,0,False,audit_tool.main;json.loads;json_out.read_text;md_out.read_text;self.addCleanup;self.assertEqual;self.assertIn;self.make_hardware;str,557aeeb609e9b16e1df8
hardware/tests/test_write_req6_parameterization_audit.py,test,class,Req6ParameterizationAuditTests,Req6ParameterizationAuditTests,21,156,136,95,12,0,0,False,,
hardware/tests/test_write_req6_parameterization_audit.py,test,function,Req6ParameterizationAuditTests.populate_minimal_tree,populate_minimal_tree,22,38,17,8,1,2,0,False,dst.parent.mkdir;dst.write_text;read_text,09d59184182748845040
hardware/tests/test_write_req6_parameterization_audit.py,test,function,Req6ParameterizationAuditTests.test_current_workspace_passes,test_current_workspace_passes,40,74,35,28,1,1,0,False,audit_tool.build_audit;self.assertEqual;self.assertIn,0d0d5e0eed418ca6b052
hardware/tests/test_write_req6_parameterization_audit.py,test,function,Req6ParameterizationAuditTests.test_missing_config_knob_fails,test_missing_config_knob_fails,76,87,12,10,2,1,0,False,Path;audit_tool.build_audit;config.read_text;config.write_text;replace;self.assertEqual;self.assertIn;self.populate_minimal_tree;tempfile.TemporaryDirectory,126e0deb75c6b514efcc
hardware/tests/test_write_req6_parameterization_audit.py,test,function,Req6ParameterizationAuditTests.test_missing_parallelism_extension_fails,test_missing_parallelism_extension_fails,89,101,13,11,2,1,0,False,Path;audit_tool.build_audit;self.assertEqual;self.assertIn;self.populate_minimal_tree;sweep.read_text;sweep.write_text;tempfile.TemporaryDirectory;text.replace,fb3f48fb4ec0eab433e0
hardware/tests/test_write_req6_parameterization_audit.py,test,function,Req6ParameterizationAuditTests.test_illegal_bus_width_fails_legality_checks,test_illegal_bus_width_fails_legality_checks,103,115,13,11,2,1,0,False,Path;audit_tool.build_audit;config.read_text;config.write_text;replace;self.assertEqual;self.assertIn;self.populate_minimal_tree;tempfile.TemporaryDirectory,45f426eb3525baf3b684
hardware/tests/test_write_req6_parameterization_audit.py,test,function,Req6ParameterizationAuditTests.test_illegal_parallelism_fails_legality_checks,test_illegal_parallelism_fails_legality_checks,117,132,16,14,2,1,0,False,Path;audit_tool.build_audit;config.read_text;config.write_text;self.assertEqual;self.assertIn;self.populate_minimal_tree;tempfile.TemporaryDirectory;text.replace,a66bef0fc408f2c1cb86
hardware/tests/test_write_req6_parameterization_audit.py,test,function,Req6ParameterizationAuditTests.test_cli_writes_outputs,test_cli_writes_outputs,134,156,23,12,2,1,0,False,Path;audit_tool.main;contextlib.redirect_stdout;io.StringIO;json.loads;json_out.read_text;md_out.read_text;self.assertEqual;self.assertIn;str;tempfile.TemporaryDirectory,b218e795c2138019f9ff
hardware/tests/test_write_req9_deit_image_reference_audit.py,test,class,Req9DeitImageReferenceAuditTests,Req9DeitImageReferenceAuditTests,41,87,47,30,5,0,0,False,,
hardware/tests/test_write_req9_deit_image_reference_audit.py,test,function,make_tree,make_tree,24,38,15,15,1,2,0,False,Path;docs_copy.parent.mkdir;docs_copy.write_bytes;hgpipe.parent.mkdir;hgpipe.write_bytes;requested.parent.mkdir;requested.write_bytes,45d2c45d49ce725128d7
hardware/tests/test_write_req9_deit_image_reference_audit.py,test,function,Req9DeitImageReferenceAuditTests.test_passes_when_requested_hgpipe_and_docs_images_match,test_passes_when_requested_hgpipe_and_docs_images_match,42,51,10,8,1,1,0,False,audit_tool.build_audit;endswith;make_tree;self.assertEqual;self.assertTrue;tempfile.TemporaryDirectory,ac15c768e6d9ccb43c02
hardware/tests/test_write_req9_deit_image_reference_audit.py,test,function,Req9DeitImageReferenceAuditTests.test_missing_requested_image_fails,test_missing_requested_image_fails,53,62,10,8,2,1,0,False,audit_tool.build_audit;make_tree;self.assertEqual;self.assertIn;tempfile.TemporaryDirectory,5eaa39935e2fbf0cd561
hardware/tests/test_write_req9_deit_image_reference_audit.py,test,function,Req9DeitImageReferenceAuditTests.test_cli_writes_outputs,test_cli_writes_outputs,64,87,24,13,2,1,0,False,Path;audit_tool.main;contextlib.redirect_stdout;io.StringIO;json.loads;json_out.read_text;make_tree;md_out.read_text;self.assertEqual;self.assertIn;str;tempfile.TemporaryDirectory,7b842986c3271b905930
hardware/tests/test_write_selected_path_execution_audit.py,test,class,WriteSelectedPathExecutionAuditTests,WriteSelectedPathExecutionAuditTests,20,59,40,27,2,0,0,False,,
hardware/tests/test_write_selected_path_execution_audit.py,test,function,WriteSelectedPathExecutionAuditTests.test_build_audit_passes_on_current_workspace,test_build_audit_passes_on_current_workspace,21,34,14,13,0,1,0,False,audit_tool.build_audit;self.assertEqual;self.assertGreater;self.assertLess,9e028399145c2ca147de
hardware/tests/test_write_selected_path_execution_audit.py,test,function,WriteSelectedPathExecutionAuditTests.test_cli_writes_json_and_markdown,test_cli_writes_json_and_markdown,36,59,24,13,2,1,0,False,Path;audit_tool.main;contextlib.redirect_stdout;io.StringIO;json.loads;json_out.read_text;markdown_out.read_text;self.assertEqual;self.assertGreaterEqual;self.assertIn;str;tempfile.TemporaryDirectory,f98b7f71e9a573c1223c
hardware/tests/test_write_spec_plan_conformance_audit.py,test,class,WriteSpecPlanConformanceAuditTests,WriteSpecPlanConformanceAuditTests,20,327,308,157,22,0,0,False,,
hardware/tests/test_write_spec_plan_conformance_audit.py,test,function,WriteSpecPlanConformanceAuditTests.write,write,21,24,4,4,0,4,0,False,path.parent.mkdir;path.write_text,61ff039150bfb3790d5e
hardware/tests/test_write_spec_plan_conformance_audit.py,test,function,WriteSpecPlanConformanceAuditTests.write_json,write_json,26,29,4,4,0,4,0,False,json.dumps;path.parent.mkdir;path.write_text,bef55471d6170ce25f73
hardware/tests/test_write_spec_plan_conformance_audit.py,test,function,WriteSpecPlanConformanceAuditTests.populate_minimal_root,populate_minimal_root,31,115,85,23,2,2,0,False,range;self.write;self.write_json;str,8d856be85cbe0599ddfd
hardware/tests/test_write_spec_plan_conformance_audit.py,test,function,WriteSpecPlanConformanceAuditTests.test_build_audit_passes_on_current_workspace,test_build_audit_passes_on_current_workspace,117,128,12,11,0,1,0,False,audit_tool.build_audit;self.assertEqual;self.assertGreaterEqual,7fe7bdf9ff6a0e3edab2
hardware/tests/test_write_spec_plan_conformance_audit.py,test,function,WriteSpecPlanConformanceAuditTests.test_minimal_fixture_passes,test_minimal_fixture_passes,130,138,9,7,1,1,0,False,Path;audit_tool.build_audit;self.assertEqual;self.populate_minimal_root;tempfile.TemporaryDirectory,7309aea63589802837c2
hardware/tests/test_write_spec_plan_conformance_audit.py,test,function,WriteSpecPlanConformanceAuditTests.test_validation_log_and_choice_are_current_doc_gated,test_validation_log_and_choice_are_current_doc_gated,140,154,15,13,2,1,0,False,Path;audit_tool.build_audit;self.assertEqual;self.assertIn;self.populate_minimal_root;self.write;tempfile.TemporaryDirectory,54331a7c77e7db6b549e
hardware/tests/test_write_spec_plan_conformance_audit.py,test,function,WriteSpecPlanConformanceAuditTests.test_validator_count_freshness_is_current_doc_gated,test_validator_count_freshness_is_current_doc_gated,156,177,22,11,2,1,0,False,Path;audit_tool.build_audit;self.assertEqual;self.assertIn;self.populate_minimal_root;self.write;tempfile.TemporaryDirectory,95998a45695276e96a91
hardware/tests/test_write_spec_plan_conformance_audit.py,test,function,WriteSpecPlanConformanceAuditTests.test_validator_count_freshness_uses_target_counts_during_bootstrap,test_validator_count_freshness_uses_target_counts_during_bootstrap,179,200,22,12,2,1,0,False,Path;audit_tool.build_audit;self.assertNotIn;self.populate_minimal_root;self.write_json;tempfile.TemporaryDirectory,9d45171b8106c82e349b
hardware/tests/test_write_spec_plan_conformance_audit.py,test,function,WriteSpecPlanConformanceAuditTests.test_handover_raw_validator_summary_counts_are_gated,test_handover_raw_validator_summary_counts_are_gated,202,226,25,10,2,1,0,False,Path;audit_tool.build_audit;self.assertEqual;self.assertIn;self.populate_minimal_root;self.write;tempfile.TemporaryDirectory,5a4a91e53fb2731f58c3
hardware/tests/test_write_spec_plan_conformance_audit.py,test,function,WriteSpecPlanConformanceAuditTests.test_stale_xr_policy_check_count_is_current_doc_gated,test_stale_xr_policy_check_count_is_current_doc_gated,228,248,21,9,2,1,0,False,Path;audit_tool.build_audit;self.assertEqual;self.assertIn;self.populate_minimal_root;self.write;tempfile.TemporaryDirectory,79930ab4fa3eef759227
hardware/tests/test_write_spec_plan_conformance_audit.py,test,function,WriteSpecPlanConformanceAuditTests.test_direct_choice_doc_preferred_over_track_fallback,test_direct_choice_doc_preferred_over_track_fallback,250,258,9,7,1,1,0,False,Path;audit_tool.build_audit;self.assertEqual;self.populate_minimal_root;str;tempfile.TemporaryDirectory,974875fb4295764eb55d
hardware/tests/test_write_spec_plan_conformance_audit.py,test,function,WriteSpecPlanConformanceAuditTests.test_missing_spec_keyword_fails,test_missing_spec_keyword_fails,260,270,11,9,2,1,0,False,Path;audit_tool.build_audit;self.assertEqual;self.assertIn;self.populate_minimal_root;self.write;tempfile.TemporaryDirectory,cd2911d79e00bd0d3c40
hardware/tests/test_write_spec_plan_conformance_audit.py,test,function,WriteSpecPlanConformanceAuditTests.test_self_gated_manifest_failures_do_not_deadlock_spec_plan,test_self_gated_manifest_failures_do_not_deadlock_spec_plan,272,288,17,12,2,1,0,False,Path;audit_tool.build_audit;json.loads;manifest_path.read_text;self.assertNotIn;self.populate_minimal_root;self.write_json;tempfile.TemporaryDirectory,036cd74cfde374f2d29e
hardware/tests/test_write_spec_plan_conformance_audit.py,test,function,WriteSpecPlanConformanceAuditTests.test_external_manifest_failure_blocks_spec_plan,test_external_manifest_failure_blocks_spec_plan,290,303,14,12,2,1,0,False,Path;audit_tool.build_audit;json.loads;manifest_path.read_text;self.assertIn;self.populate_minimal_root;self.write_json;tempfile.TemporaryDirectory,8782938f858d03e70f88
hardware/tests/test_write_spec_plan_conformance_audit.py,test,function,WriteSpecPlanConformanceAuditTests.test_cli_writes_json_and_markdown,test_cli_writes_json_and_markdown,305,327,23,12,2,1,0,False,Path;audit_tool.main;contextlib.redirect_stdout;io.StringIO;json.loads;json_out.read_text;markdown_out.read_text;self.assertEqual;self.assertIn;self.populate_minimal_root;str;tempfile.TemporaryDirectory,6e6448cb73c56220b17e
hardware/tests/test_write_third_goal_completion_audit.py,test,class,WriteThirdGoalCompletionAuditTests,WriteThirdGoalCompletionAuditTests,125,656,532,124,13,0,0,False,,
hardware/tests/test_write_third_goal_completion_audit.py,test,function,ok_check,ok_check,24,25,2,2,0,2,0,False,,8e3c9240b7022730d44a
hardware/tests/test_write_third_goal_completion_audit.py,test,function,fail_check,fail_check,28,29,2,2,0,2,0,False,,0a14b6aff1504dffa142
hardware/tests/test_write_third_goal_completion_audit.py,test,function,resource_policy_payload,resource_policy_payload,32,63,32,3,1,0,0,False,len,4cff7a4eaec62922c799
hardware/tests/test_write_third_goal_completion_audit.py,test,function,WriteThirdGoalCompletionAuditTests.write_json,write_json,126,128,3,3,0,3,0,False,json.dumps;path.parent.mkdir;path.write_text,40e1373506e26f2c8fe3
hardware/tests/test_write_third_goal_completion_audit.py,test,function,WriteThirdGoalCompletionAuditTests.make_root,make_root,130,514,385,42,4,1,0,False,Path;WriteFinalEvidenceManifestTests;len;manifest_fixture.populate_required;path.parent.mkdir;path.write_text;resource_policy_payload;self.write_json;str;tempfile.TemporaryDirectory;write_text,49bcd386204787ffddd1
hardware/tests/test_write_third_goal_completion_audit.py,test,function,WriteThirdGoalCompletionAuditTests.candidate_audit,candidate_audit,516,522,7,2,0,2,0,False,str,5db2a03f13351754bbfe
hardware/tests/test_write_third_goal_completion_audit.py,test,function,WriteThirdGoalCompletionAuditTests.preflight,preflight,524,560,37,8,4,2,0,False,checks.append;checks.extend;fail_check;len;ok_check,2085a65d83fff902b858
hardware/tests/test_write_third_goal_completion_audit.py,test,function,WriteThirdGoalCompletionAuditTests.test_build_audit_blocks_on_physical_smoke_and_xr_vits,test_build_audit_blocks_on_physical_smoke_and_xr_vits,562,579,18,16,1,1,0,False,audit_tool.build_audit;self.addCleanup;self.assertEqual;self.assertGreaterEqual;self.assertIn;self.candidate_audit;self.make_root;self.preflight,782b258ae1158b262e92
hardware/tests/test_write_third_goal_completion_audit.py,test,function,WriteThirdGoalCompletionAuditTests.test_build_audit_can_pass_final_gate_when_failures_are_gone,test_build_audit_can_pass_final_gate_when_failures_are_gone,581,589,9,7,1,1,0,False,any;audit_tool.build_audit;self.addCleanup;self.assertEqual;self.assertFalse;self.candidate_audit;self.make_root;self.preflight;write_text,b4743e78b1195c61620c
hardware/tests/test_write_third_goal_completion_audit.py,test,function,WriteThirdGoalCompletionAuditTests.test_build_audit_blocks_on_failed_evidence_manifest_consistency,test_build_audit_blocks_on_failed_evidence_manifest_consistency,591,607,17,13,1,1,0,False,audit_tool.build_audit;json.loads;manifest_path.read_text;self.addCleanup;self.assertEqual;self.assertIn;self.candidate_audit;self.make_root;self.preflight;self.write_json,e7eb69b76d5b05181e7e
hardware/tests/test_write_third_goal_completion_audit.py,test,function,WriteThirdGoalCompletionAuditTests.test_completion_self_gate_only_failure_does_not_block_req12,test_completion_self_gate_only_failure_does_not_block_req12,609,625,17,13,1,1,0,False,audit_tool.build_audit;json.loads;manifest_path.read_text;self.addCleanup;self.assertEqual;self.assertIn;self.candidate_audit;self.make_root;self.preflight;self.write_json,ede3ac2190a26e1e9871
hardware/tests/test_write_third_goal_completion_audit.py,test,function,WriteThirdGoalCompletionAuditTests.test_cli_writes_json_and_markdown,test_cli_writes_json_and_markdown,627,656,30,19,1,1,0,False,audit_tool.main;candidate_path.write_text;contextlib.redirect_stdout;io.StringIO;json.dumps;json.loads;json_out.read_text;markdown_out.read_text;preflight_path.parent.mkdir;preflight_path.write_text;self.addCleanup;self.assertEqual;self.assertIn;self.candidate_audit;self.make_root;self.preflight;str,f863280ef9246253d8bd
hardware/tests/test_write_third_goal_current_audit.py,test,class,ThirdGoalCurrentAuditTests,ThirdGoalCurrentAuditTests,19,680,662,158,3,0,0,False,,
hardware/tests/test_write_third_goal_current_audit.py,test,function,ThirdGoalCurrentAuditTests.write,write,20,23,4,4,0,4,0,False,path.parent.mkdir;path.write_text,941fc76bea356184c174
hardware/tests/test_write_third_goal_current_audit.py,test,function,ThirdGoalCurrentAuditTests.write_json,write_json,25,26,2,2,0,4,0,False,json.dumps;self.write,70ee7657ad94bbbed16d
hardware/tests/test_write_third_goal_current_audit.py,test,function,ThirdGoalCurrentAuditTests.make_hardware_root,make_hardware_root,28,537,510,33,2,1,0,False,Path;self.write;self.write_json;str;tempfile.TemporaryDirectory,
hardware/tests/test_write_third_goal_current_audit.py,test,function,ThirdGoalCurrentAuditTests.test_build_audit_marks_external_blockers,test_build_audit_marks_external_blockers,539,648,110,89,1,1,0,False,Path;audit_tool.build_audit;len;self.addCleanup;self.assertEqual;self.assertFalse;self.assertIn;self.assertTrue;self.make_hardware_root;str,dd5e63d56938368e4672
hardware/tests/test_write_third_goal_current_audit.py,test,function,ThirdGoalCurrentAuditTests.test_write_outputs_creates_json_and_markdown,test_write_outputs_creates_json_and_markdown,650,680,31,29,0,1,0,False,audit_tool.build_audit;audit_tool.write_outputs;json.loads;json_out.read_text;md_out.read_text;self.addCleanup;self.assertEqual;self.assertIn;self.make_hardware_root,313ec92d6994419b786d
hardware/tests/test_write_third_goal_requirements_trace.py,test,class,WriteThirdGoalRequirementsTraceTests,WriteThirdGoalRequirementsTraceTests,176,293,118,68,4,0,0,False,,
hardware/tests/test_write_third_goal_requirements_trace.py,test,function,sample_completion,sample_completion,20,40,21,13,3,0,0,False,items.append;range;str,8471d330f4f125b97263
hardware/tests/test_write_third_goal_requirements_trace.py,test,function,sample_matrix,sample_matrix,43,56,14,2,0,0,0,False,,79a8816206928b90d5f2
hardware/tests/test_write_third_goal_requirements_trace.py,test,function,sample_command_card,sample_command_card,59,105,47,2,0,0,0,False,,f8114d4156f3c5ce91dc
hardware/tests/test_write_third_goal_requirements_trace.py,test,function,sample_candidate_audit,sample_candidate_audit,108,121,14,2,0,0,0,False,,b1bc572b630ce504d9d0
hardware/tests/test_write_third_goal_requirements_trace.py,test,function,sample_xr_vits_resolution,sample_xr_vits_resolution,124,153,30,2,0,0,0,False,,d644a280d56ae1c34c38
hardware/tests/test_write_third_goal_requirements_trace.py,test,function,sample_evidence_manifest,sample_evidence_manifest,156,173,18,2,0,0,0,False,,cf26e3aa0a06aceedf04
hardware/tests/test_write_third_goal_requirements_trace.py,test,function,WriteThirdGoalRequirementsTraceTests.test_build_trace_links_requirements_resources_and_actions,test_build_trace_links_requirements_resources_and_actions,177,221,45,31,2,1,0,False,Path;sample_candidate_audit;sample_command_card;sample_completion;sample_evidence_manifest;sample_matrix;sample_xr_vits_resolution;self.assertEqual;self.assertFalse;self.assertIn;self.assertTrue;trace_tool.build_trace,0ced9de8a9903cae3754
hardware/tests/test_write_third_goal_requirements_trace.py,test,function,WriteThirdGoalRequirementsTraceTests.test_build_trace_blocks_on_failed_evidence_manifest_contract,test_build_trace_blocks_on_failed_evidence_manifest_contract,223,243,21,7,0,1,0,False,Path;sample_candidate_audit;sample_command_card;sample_completion;sample_evidence_manifest;sample_matrix;sample_xr_vits_resolution;self.assertEqual;trace_tool.build_trace,dfae54557ebff2065dba
hardware/tests/test_write_third_goal_requirements_trace.py,test,function,WriteThirdGoalRequirementsTraceTests.test_cli_writes_json_and_markdown,test_cli_writes_json_and_markdown,245,293,49,29,2,1,0,False,Path;contextlib.redirect_stdout;io.StringIO;json.dumps;json.loads;json_out.read_text;markdown_out.read_text;resources.mkdir;sample_candidate_audit;sample_command_card;sample_completion;sample_evidence_manifest;sample_matrix;sample_xr_vits_resolution;self.assertEqual;self.assertIn;str;tempfile.TemporaryDirectory;trace_tool.main;write_text,39829a102468390f9959
hardware/tests/test_write_third_goal_source_audit.py,test,class,ThirdGoalSourceAuditTests,ThirdGoalSourceAuditTests,19,101,83,73,4,0,0,False,,
hardware/tests/test_write_third_goal_source_audit.py,test,function,ThirdGoalSourceAuditTests.write,write,20,23,4,4,0,4,0,False,path.parent.mkdir;path.write_text,1e1ad3e6def654822bc6
hardware/tests/test_write_third_goal_source_audit.py,test,function,ThirdGoalSourceAuditTests.make_root,make_root,25,32,8,8,2,1,0,False,Path;audit_tool.required_sources;self.write;tempfile.TemporaryDirectory,50c8ee5c33c5b166d630
hardware/tests/test_write_third_goal_source_audit.py,test,function,ThirdGoalSourceAuditTests.test_build_audit_passes_when_required_sources_exist,test_build_audit_passes_when_required_sources_exist,34,79,46,44,1,1,0,False,audit_tool.build_audit;audit_tool.required_sources;entry.get;len;self.addCleanup;self.assertEqual;self.assertIn;self.make_root,eae04e37c0e357568573
hardware/tests/test_write_third_goal_source_audit.py,test,function,ThirdGoalSourceAuditTests.test_build_audit_reports_missing_handover,test_build_audit_reports_missing_handover,81,89,9,7,1,1,0,False,any;audit_tool.build_audit;path.endswith;self.addCleanup;self.assertEqual;self.assertTrue;self.make_root;unlink,7d21d8f53c72e380fa18
hardware/tests/test_write_third_goal_source_audit.py,test,function,ThirdGoalSourceAuditTests.test_write_outputs,test_write_outputs,91,101,11,9,0,1,0,False,audit_tool.build_audit;audit_tool.write_outputs;json.loads;json_out.read_text;md_out.read_text;self.addCleanup;self.assertEqual;self.assertIn;self.make_root,f3c8a6660b2bceb4030e
hardware/tests/test_write_third_goal_unblock_checklist.py,test,class,WriteThirdGoalUnblockChecklistTests,WriteThirdGoalUnblockChecklistTests,20,101,82,51,8,0,0,False,,
hardware/tests/test_write_third_goal_unblock_checklist.py,test,function,WriteThirdGoalUnblockChecklistTests.final_audit,final_audit,21,31,11,5,2,2,0,False,,69f6619a25dda6ab9e08
hardware/tests/test_write_third_goal_unblock_checklist.py,test,function,WriteThirdGoalUnblockChecklistTests.completion_audit,completion_audit,33,43,11,5,2,2,0,False,,41f00d667db117bb587a
hardware/tests/test_write_third_goal_unblock_checklist.py,test,function,WriteThirdGoalUnblockChecklistTests.test_build_checklist_covers_two_known_blockers,test_build_checklist_covers_two_known_blockers,45,59,15,13,1,1,0,False,Path;checklist_tool.build_checklist;self.assertEqual;self.assertIn;self.assertNotIn;self.completion_audit;self.final_audit,ff216e6afca143857166
hardware/tests/test_write_third_goal_unblock_checklist.py,test,function,WriteThirdGoalUnblockChecklistTests.test_build_checklist_ready_when_no_blockers,test_build_checklist_ready_when_no_blockers,61,68,8,6,1,1,0,False,Path;checklist_tool.build_checklist;self.assertEqual;self.completion_audit;self.final_audit,975d9c72b78ab56cd6a6
hardware/tests/test_write_third_goal_unblock_checklist.py,test,function,WriteThirdGoalUnblockChecklistTests.test_cli_writes_json_and_markdown,test_cli_writes_json_and_markdown,70,101,32,21,2,1,0,False,Path;checklist_tool.main;completion_audit.write_text;contextlib.redirect_stdout;docs.mkdir;final_audit.write_text;io.StringIO;json.dumps;json.loads;json_out.read_text;markdown_out.read_text;self.assertEqual;self.assertIn;self.completion_audit;self.final_audit;str;tempfile.TemporaryDirectory,f1540ac4c479fe9a6c9e
hardware/tests/test_write_vref_p0_buffer_lifetime_audit.py,test,class,WriteVrefP0BufferLifetimeAuditTests,WriteVrefP0BufferLifetimeAuditTests,20,64,45,32,2,0,0,False,,
hardware/tests/test_write_vref_p0_buffer_lifetime_audit.py,test,function,WriteVrefP0BufferLifetimeAuditTests.test_build_audit_passes_on_current_workspace,test_build_audit_passes_on_current_workspace,21,37,17,16,0,1,0,False,audit_tool.build_audit;self.assertEqual;self.assertGreater;self.assertTrue,e2c30f5929a25b6f1439
hardware/tests/test_write_vref_p0_buffer_lifetime_audit.py,test,function,WriteVrefP0BufferLifetimeAuditTests.test_cli_writes_json_and_markdown,test_cli_writes_json_and_markdown,39,64,26,15,2,1,0,False,Path;audit_tool.main;contextlib.redirect_stdout;io.StringIO;json.loads;json_out.read_text;markdown_out.read_text;self.assertEqual;self.assertIn;str;tempfile.TemporaryDirectory,64fd3da53f19e5d9843b
hardware/tests/test_write_vref_p0_pot_scale_audit.py,test,class,WriteVrefP0PotScaleAuditTests,WriteVrefP0PotScaleAuditTests,20,54,35,22,2,0,0,False,,
hardware/tests/test_write_vref_p0_pot_scale_audit.py,test,function,WriteVrefP0PotScaleAuditTests.test_build_audit_passes_on_current_workspace,test_build_audit_passes_on_current_workspace,21,30,10,9,0,1,0,False,audit_tool.build_audit;len;self.assertEqual;self.assertGreaterEqual,d2b07066d8687888bdc4
hardware/tests/test_write_vref_p0_pot_scale_audit.py,test,function,WriteVrefP0PotScaleAuditTests.test_cli_writes_json_and_markdown,test_cli_writes_json_and_markdown,32,54,23,12,2,1,0,False,Path;audit_tool.main;contextlib.redirect_stdout;io.StringIO;json.loads;json_out.read_text;markdown_out.read_text;self.assertEqual;self.assertIn;str;tempfile.TemporaryDirectory,7c5768dee899210c8de8
hardware/tests/test_write_vref_p0_pot_scale_successor.py,test,class,WriteVrefP0PotScaleSuccessorTests,WriteVrefP0PotScaleSuccessorTests,20,251,232,93,4,0,0,False,,
hardware/tests/test_write_vref_p0_pot_scale_successor.py,test,function,WriteVrefP0PotScaleSuccessorTests.test_build_package_writes_successor_spec_and_header,test_build_package_writes_successor_spec_and_header,21,49,29,24,1,1,0,False,Path;endswith;header_out.exists;header_out.read_text;json.loads;self.assertEqual;self.assertIn;self.assertTrue;spec_out.exists;spec_out.read_text;successor_tool.build_package;tempfile.TemporaryDirectory,d30c31840772de5727a0
hardware/tests/test_write_vref_p0_pot_scale_successor.py,test,function,WriteVrefP0PotScaleSuccessorTests.test_cli_writes_manifest_and_markdown,test_cli_writes_manifest_and_markdown,51,83,33,18,2,1,0,False,Path;contextlib.redirect_stdout;io.StringIO;json.loads;json_out.read_text;markdown_out.read_text;self.assertEqual;self.assertIn;str;successor_tool.main;tempfile.TemporaryDirectory,348867d548b9199aa3de
hardware/tests/test_write_vref_p0_pot_scale_successor.py,test,function,WriteVrefP0PotScaleSuccessorTests.test_csim_tcl_supports_custom_scale_mode,test_csim_tcl_supports_custom_scale_mode,85,88,4,4,0,1,0,False,read_text;self.assertIn,44f1de2dcd6d21dc60cf
hardware/tests/test_write_vref_p0_pot_scale_successor.py,test,function,WriteVrefP0PotScaleSuccessorTests.test_csynth_tcl_supports_custom_scale_mode,test_csynth_tcl_supports_custom_scale_mode,90,93,4,4,0,1,0,False,read_text;self.assertIn,f178094ab653628715d7
hardware/tests/test_write_vref_p0_pot_scale_successor.py,test,function,WriteVrefP0PotScaleSuccessorTests.test_c3b_projection_flags_uram_over_threshold,test_c3b_projection_flags_uram_over_threshold,95,113,19,5,0,1,0,False,self.assertEqual;self.assertIn;successor_tool.build_c3b_projection,0d66b075780efd38d160
hardware/tests/test_write_vref_p0_pot_scale_successor.py,test,function,WriteVrefP0PotScaleSuccessorTests.test_c3b_projection_accepts_dsp_mixed_stream_uram,test_c3b_projection_accepts_dsp_mixed_stream_uram,115,133,19,5,0,1,0,False,self.assertEqual;successor_tool.build_c3b_projection,ee1babe33788630feeaa
hardware/tests/test_write_vref_p0_pot_scale_successor.py,test,function,WriteVrefP0PotScaleSuccessorTests.test_c3b_projection_accepts_routed_timing_for_dsp_mixed_stream,test_c3b_projection_accepts_routed_timing_for_dsp_mixed_stream,135,154,20,5,0,1,0,False,self.assertEqual;successor_tool.build_c3b_projection,d2a60e9a0ad34a91d712
hardware/tests/test_write_vref_p0_pot_scale_successor.py,test,function,WriteVrefP0PotScaleSuccessorTests.test_c3b_projection_promotes_with_routed_timing_and_physical_smoke,test_c3b_projection_promotes_with_routed_timing_and_physical_smoke,156,176,21,5,0,1,0,False,self.assertEqual;successor_tool.build_c3b_projection,4d1a99cbd3aa8c7e795a
hardware/tests/test_write_vref_p0_pot_scale_successor.py,test,function,WriteVrefP0PotScaleSuccessorTests.test_c3b_projection_fails_invalid_physical_smoke,test_c3b_projection_fails_invalid_physical_smoke,178,198,21,5,0,1,0,False,self.assertEqual;self.assertIn;successor_tool.build_c3b_projection,05ee630b2d3390e4dfae
hardware/tests/test_write_vref_p0_pot_scale_successor.py,test,function,WriteVrefP0PotScaleSuccessorTests.test_read_successor_physical_smoke_result_validates_json,test_read_successor_physical_smoke_result_validates_json,200,230,31,10,1,1,0,False,Path;json.dumps;result_path.parent.mkdir;result_path.write_text;self.assertEqual;str;successor_tool.read_successor_physical_smoke_result;tempfile.TemporaryDirectory,bc02a9fc3cfa04e52600
hardware/tests/test_write_vref_p0_pot_scale_successor.py,test,function,WriteVrefP0PotScaleSuccessorTests.test_vivado_report_parsers_match_routed_report_shape,test_vivado_report_parsers_match_routed_report_shape,232,251,20,7,0,1,0,False,self.assertEqual;successor_tool.parse_route_status;successor_tool.parse_timing_summary,1a21cd319af0bf258f3a
hardware/tests/test_write_vref_p0_pot_scale_sweep.py,test,class,WriteVrefP0PotScaleSweepTests,WriteVrefP0PotScaleSweepTests,20,67,48,27,4,0,0,False,,
hardware/tests/test_write_vref_p0_pot_scale_sweep.py,test,function,WriteVrefP0PotScaleSweepTests.test_build_sweep_recommends_current_scales,test_build_sweep_recommends_current_scales,21,39,19,12,2,1,0,False,next;self.assertEqual;self.assertTrue;sweep_tool.build_sweep,7dbcadd6d848cfc450df
hardware/tests/test_write_vref_p0_pot_scale_sweep.py,test,function,WriteVrefP0PotScaleSweepTests.test_cli_writes_json_and_markdown,test_cli_writes_json_and_markdown,41,67,27,14,2,1,0,False,Path;contextlib.redirect_stdout;io.StringIO;json.loads;json_out.read_text;markdown_out.read_text;self.assertEqual;self.assertIn;str;sweep_tool.main;tempfile.TemporaryDirectory,d0f4d88606a6f0f592f2
hardware/tests/test_write_vref_p0_qkv_uram_cache_successor.py,test,class,VrefP0QkvUramCacheSuccessorTests,VrefP0QkvUramCacheSuccessorTests,38,153,116,64,1,0,0,False,,
hardware/tests/test_write_vref_p0_qkv_uram_cache_successor.py,test,function,csynth_xml,csynth_xml,19,35,17,2,0,7,0,False,,d79c2b029a0f445606b8
hardware/tests/test_write_vref_p0_qkv_uram_cache_successor.py,test,function,VrefP0QkvUramCacheSuccessorTests.write,write,39,41,3,3,0,3,0,False,path.parent.mkdir;path.write_text,c8e6375857bcb9e11a74
hardware/tests/test_write_vref_p0_qkv_uram_cache_successor.py,test,function,VrefP0QkvUramCacheSuccessorTests.make_root,make_root,43,69,27,10,0,1,0,False,Path;csynth_xml;self.write;tempfile.TemporaryDirectory,3f3346cb25922acc7823
hardware/tests/test_write_vref_p0_qkv_uram_cache_successor.py,test,function,VrefP0QkvUramCacheSuccessorTests.test_build_audit_passes_with_qkv_uram_resources,test_build_audit_passes_with_qkv_uram_resources,71,94,24,19,1,1,0,False,self.addCleanup;self.assertEqual;self.assertIn;self.make_root;writer.build_audit,68395be4b9b0f03bad18
hardware/tests/test_write_vref_p0_qkv_uram_cache_successor.py,test,function,VrefP0QkvUramCacheSuccessorTests.test_optional_route_package_evidence_detected,test_optional_route_package_evidence_detected,96,141,46,22,0,1,0,False,self.addCleanup;self.assertEqual;self.make_root;self.write;writer.build_audit,957737d3d0b7b72d75c9
hardware/tests/test_write_vref_p0_qkv_uram_cache_successor.py,test,function,VrefP0QkvUramCacheSuccessorTests.test_write_outputs,test_write_outputs,143,153,11,9,0,1,0,False,json.loads;json_out.read_text;md_out.read_text;self.addCleanup;self.assertEqual;self.assertIn;self.make_root;str;writer.main,acfa230695c161b82cf3
hardware/tests/test_write_xr_vits_gate_audit.py,test,class,XrVitsGateAuditTests,XrVitsGateAuditTests,20,120,101,64,1,0,0,False,,
hardware/tests/test_write_xr_vits_gate_audit.py,test,function,XrVitsGateAuditTests.write_json,write_json,21,23,3,3,0,3,0,False,json.dumps;path.parent.mkdir;path.write_text,5957caecdc2a68b53c2f
hardware/tests/test_write_xr_vits_gate_audit.py,test,function,XrVitsGateAuditTests.make_root,make_root,25,50,26,12,0,1,0,False,Path;replacement.mkdir;self.write_json;str;tempfile.TemporaryDirectory,fadb209b881231214751
hardware/tests/test_write_xr_vits_gate_audit.py,test,function,XrVitsGateAuditTests.test_build_audit_reports_candidate_ready_without_policy,test_build_audit_reports_candidate_ready_without_policy,52,70,19,17,1,1,0,False,audit_tool.build_audit;self.addCleanup;self.assertEqual;self.assertFalse;self.assertIn;self.assertTrue;self.make_root,73ef4c47e89c5d13f2d2
hardware/tests/test_write_xr_vits_gate_audit.py,test,function,XrVitsGateAuditTests.test_build_audit_passes_when_exact_path_exists,test_build_audit_passes_when_exact_path_exists,72,81,10,8,0,1,0,False,Path;audit_tool.build_audit;mkdir;self.addCleanup;self.assertEqual;self.make_root,2c8a4b6c2cfb54a91fa4
hardware/tests/test_write_xr_vits_gate_audit.py,test,function,XrVitsGateAuditTests.test_build_audit_reports_policy_integrity_fingerprint,test_build_audit_reports_policy_integrity_fingerprint,83,107,25,13,0,1,0,False,Path;audit_path.resolve;audit_tool.build_audit;policy_tool.build_policy;policy_tool.default_requested_path;policy_tool.load_candidate_audit;replacement.resolve;resolve;self.addCleanup;self.assertEqual;self.make_root;self.write_json,051ab0d5c34c82bcab5e
hardware/tests/test_write_xr_vits_gate_audit.py,test,function,XrVitsGateAuditTests.test_write_outputs_creates_json_and_markdown,test_write_outputs_creates_json_and_markdown,109,120,12,10,0,1,0,False,audit_tool.build_audit;audit_tool.write_outputs;json.loads;json_out.read_text;md_out.read_text;self.addCleanup;self.assertEqual;self.assertIn;self.make_root,27f1e359085058e1a44e
hardware/tests/test_write_xr_vits_unblock_packet.py,test,class,WriteXrVitsUnblockPacketTests,WriteXrVitsUnblockPacketTests,20,153,134,50,2,0,0,False,,
hardware/tests/test_write_xr_vits_unblock_packet.py,test,function,WriteXrVitsUnblockPacketTests.make_root,make_root,21,66,46,15,0,1,0,False,Path;candidate.write_text;docs.mkdir;json.dumps;replacement.mkdir;str;tempfile.TemporaryDirectory;template.write_text,a4ebdef454f41cf039e8
hardware/tests/test_write_xr_vits_unblock_packet.py,test,function,WriteXrVitsUnblockPacketTests.test_pending_when_no_exact_path_or_active_policy,test_pending_when_no_exact_path_or_active_policy,68,83,16,8,1,1,0,False,packet_tool.build_packet;self.addCleanup;self.assertEqual;self.assertFalse;self.assertIn;self.make_root,cf66a853fc12485ad617
hardware/tests/test_write_xr_vits_unblock_packet.py,test,function,WriteXrVitsUnblockPacketTests.test_exact_restored_wins_over_policy,test_exact_restored_wins_over_policy,85,99,15,7,0,1,0,False,packet_tool.build_packet;requested.mkdir;self.addCleanup;self.assertEqual;self.assertTrue;self.make_root,6900699e23b12f9521b4
hardware/tests/test_write_xr_vits_unblock_packet.py,test,function,WriteXrVitsUnblockPacketTests.test_approved_policy_resolves_when_exact_missing,test_approved_policy_resolves_when_exact_missing,101,123,23,7,0,1,0,False,json.dumps;packet_tool.build_packet;policy.write_text;self.addCleanup;self.assertEqual;self.assertTrue;self.make_root;str,658b3992a340eec4fd06
hardware/tests/test_write_xr_vits_unblock_packet.py,test,function,WriteXrVitsUnblockPacketTests.test_cli_writes_json_and_markdown,test_cli_writes_json_and_markdown,125,153,29,12,1,1,0,False,contextlib.redirect_stdout;io.StringIO;json.loads;json_out.read_text;markdown_out.read_text;packet_tool.main;self.addCleanup;self.assertEqual;self.assertIn;self.make_root;str,f287cd55f655f98dbdd4
hardware/tests/test_xr_accel_config_schema.py,test,class,XRAccelConfigTests,XRAccelConfigTests,32,247,216,174,23,0,0,False,,
hardware/tests/test_xr_accel_config_schema.py,test,function,_tree_hash,_tree_hash,24,29,6,2,1,1,0,False,as_posix;hashlib.sha256;hexdigest;path.read_bytes;path.relative_to;root.rglob;sorted,95e9e49562f6ba1edf15
hardware/tests/test_xr_accel_config_schema.py,test,function,XRAccelConfigTests.setUp,setUp,33,37,5,5,0,1,0,False,Path;_tree_hash;shutil.copytree;tempfile.TemporaryDirectory,6796e9091c7aef524147
hardware/tests/test_xr_accel_config_schema.py,test,function,XRAccelConfigTests.tearDown,tearDown,39,41,3,3,0,1,0,False,_tree_hash;self.assertEqual;self.temp.cleanup,9966575fd019f47e9b94
hardware/tests/test_xr_accel_config_schema.py,test,function,XRAccelConfigTests.load,load,43,44,2,2,0,2,0,False,json.loads;read_text,84fac85dfcac03e644b6
hardware/tests/test_xr_accel_config_schema.py,test,function,XRAccelConfigTests.write,write,46,47,2,2,0,3,0,False,json.dumps;write_text,8bd49b006763017fdc23
hardware/tests/test_xr_accel_config_schema.py,test,function,XRAccelConfigTests.normalize,normalize,49,50,2,2,0,2,0,False,xr.normalize_experiment,94d8b91a3f6ed3e9f641
hardware/tests/test_xr_accel_config_schema.py,test,function,XRAccelConfigTests.assert_invalid,assert_invalid,52,54,3,3,1,2,0,False,self.assertRaisesRegex;self.normalize,337bf368dd21f1b3e360
hardware/tests/test_xr_accel_config_schema.py,test,function,XRAccelConfigTests.test_schema_policy_is_explicit_and_has_no_defaults,test_schema_policy_is_explicit_and_has_no_defaults,56,74,19,17,4,1,0,False,isinstance;keys;self.assertEqual;self.assertIn;self.assertNotIn;self.load;set;union;value.values,cdf50a6d410a583e9198
hardware/tests/test_xr_accel_config_schema.py,test,function,XRAccelConfigTests.test_schema_policy_is_explicit_and_has_no_defaults.keys,keys,67,72,6,6,4,1,0,False,isinstance;keys;set;union;value.values,06d5a5273223f533eec7
hardware/tests/test_xr_accel_config_schema.py,test,function,XRAccelConfigTests.test_all_eight_experiments_reach_exactly_eighteen_references,test_all_eight_experiments_reach_exactly_eighteen_references,76,81,6,6,3,1,0,False,len;self.assertEqual;xr.normalize_all_experiments,78795be0af45b78a9a75
hardware/tests/test_xr_accel_config_schema.py,test,function,XRAccelConfigTests.test_normalized_manifest_exact_contract_and_inheritance,test_normalized_manifest_exact_contract_and_inheritance,83,105,23,15,2,1,0,False,copy.deepcopy;self.assertEqual;self.assertRaisesRegex;set;xr.normalize_experiment;xr.validate_normalized_manifest,2214fa4f46d6faef3c00
hardware/tests/test_xr_accel_config_schema.py,test,function,XRAccelConfigTests.test_schema_contract_drift_is_rejected,test_schema_contract_drift_is_rejected,107,121,15,10,2,1,0,False,self.assert_invalid;self.load;self.subTest;self.write;shutil.copytree;shutil.rmtree,6e03360596354980a232
hardware/tests/test_xr_accel_config_schema.py,test,function,XRAccelConfigTests.test_normalized_records_and_links_are_revalidated,test_normalized_records_and_links_are_revalidated,123,140,18,18,4,1,0,False,copy.deepcopy;self.assertRaisesRegex;self.normalize;xr.validate_normalized_manifest,f0236d55f92020896fed
hardware/tests/test_xr_accel_config_schema.py,test,function,XRAccelConfigTests.test_unknown_and_missing_fields_are_rejected,test_unknown_and_missing_fields_are_rejected,142,150,9,9,0,1,0,False,experiment.pop;self.assert_invalid;self.load;self.write,9b321c52937b9da780b1
hardware/tests/test_xr_accel_config_schema.py,test,function,XRAccelConfigTests.test_unknown_nested_fields_are_rejected,test_unknown_nested_fields_are_rejected,152,167,16,10,2,1,0,False,self.assert_invalid;self.load;self.subTest;self.write;shutil.copytree;shutil.rmtree,166311aa4cbe204a9e9a
hardware/tests/test_xr_accel_config_schema.py,test,function,XRAccelConfigTests.test_unsafe_path_variants_are_rejected,test_unsafe_path_variants_are_rejected,169,182,14,10,2,1,0,False,self.assert_invalid;self.load;self.subTest;self.write;shutil.copytree;shutil.rmtree,1b83d8e27c5078dc03bb
hardware/tests/test_xr_accel_config_schema.py,test,function,XRAccelConfigTests.test_unresolved_wrong_category_and_symlink_escape_are_rejected,test_unresolved_wrong_category_and_symlink_escape_are_rejected,184,199,16,15,0,1,0,False,Path;json.dumps;link.symlink_to;outside.write_text;self.assert_invalid;self.load;self.write,2dbb271f1e53a6d5e001
hardware/tests/test_xr_accel_config_schema.py,test,function,XRAccelConfigTests.test_unsupported_board_part_and_filename_name_mismatch_are_rejected,test_unsupported_board_part_and_filename_name_mismatch_are_rejected,201,210,10,11,0,1,0,False,self.assert_invalid;self.load;self.write;shutil.copytree;shutil.rmtree,4571c1446d92e078e89d
hardware/tests/test_xr_accel_config_schema.py,test,function,XRAccelConfigTests.test_inheritance_cycle_is_rejected,test_inheritance_cycle_is_rejected,212,219,8,8,0,1,0,False,self.assert_invalid;self.load;self.write,50601f8d9ac6139668f1
hardware/tests/test_xr_accel_config_schema.py,test,function,XRAccelConfigTests.test_invalid_clocks_are_rejected,test_invalid_clocks_are_rejected,221,230,10,11,3,1,0,False,float;self.assertRaisesRegex;self.assert_invalid;self.load;self.subTest;self.write;shutil.copytree;shutil.rmtree;xr._positive,357d9a7bed18fbe1cf86
hardware/tests/test_xr_accel_config_schema.py,test,function,XRAccelConfigTests.test_noncanonical_and_duplicate_mmio_are_rejected,test_noncanonical_and_duplicate_mmio_are_rejected,232,241,10,11,0,1,0,False,self.assert_invalid;self.load;self.write;shutil.copytree;shutil.rmtree,2aa6e7f592d11002c686
hardware/tests/test_xr_accel_config_schema.py,test,function,XRAccelConfigTests.test_artifact_path_injection_is_rejected,test_artifact_path_injection_is_rejected,243,247,5,5,0,1,0,False,self.assert_invalid;self.load;self.write,8a67e4f538698f3bdf80
hardware/tools/audit_final_unblock_candidates.py,maintained,function,default_hgtxr_root,default_hgtxr_root,18,19,2,2,0,0,0,False,Path;resolve,f9952fb0f5a1a32b13ae
hardware/tools/audit_final_unblock_candidates.py,maintained,function,check_c3b_candidate,check_c3b_candidate,22,40,19,8,3,2,0,False,load_json;str;validate_result,107eddd5600578cccfe6
hardware/tools/audit_final_unblock_candidates.py,maintained,function,check_xr_vits_candidate,check_xr_vits_candidate,43,85,43,10,5,5,0,False,create_xr_vits_replacement_policy.default_approved_at;create_xr_vits_replacement_policy.default_replacement_path;create_xr_vits_replacement_policy.default_requested_path;create_xr_vits_replacement_policy.validate_inputs;requested_path.is_dir;resolve;str,3c0d7105b390ec9f0f6c
hardware/tools/audit_final_unblock_candidates.py,maintained,function,build_audit,build_audit,88,127,40,5,3,7,0,False,bool;check_c3b_candidate;check_xr_vits_candidate;str,94d52930701a4bf83385
hardware/tools/audit_final_unblock_candidates.py,maintained,function,render_markdown,render_markdown,130,164,35,11,2,1,0,False,join;lines.append;lines.extend,576c5a0d8b293f1b54bd
hardware/tools/audit_final_unblock_candidates.py,maintained,function,parse_args,parse_args,167,178,12,12,0,1,0,False,argparse.ArgumentParser;default_hgtxr_root;parser.add_argument;parser.parse_args,76c018c773635feef415
hardware/tools/audit_final_unblock_candidates.py,maintained,function,main,main,181,200,20,9,1,1,0,False,args.json_out.parent.mkdir;args.json_out.write_text;args.markdown_out.parent.mkdir;args.markdown_out.write_text;args.root.resolve;build_audit;json.dumps;len;parse_args;print;render_markdown,a1bb515a02f9230df8f8
hardware/tools/audit_reference_inputs.py,maintained,function,sha256_file,sha256_file,13,18,6,6,2,1,0,False,digest.hexdigest;digest.update;handle.read;hashlib.sha256;iter;path.open,8b20a237fa4044c9253b
hardware/tools/audit_reference_inputs.py,maintained,function,file_candidate,file_candidate,21,26,6,6,2,2,0,False,path.exists;path.is_file;path.stat;sha256_file;str,a2b5b37378404b24010e
hardware/tools/audit_reference_inputs.py,maintained,function,dir_candidate,dir_candidate,29,37,9,9,4,2,0,False,exists;markers.append;path.exists;path.is_dir;str,68b71d19488779cfd79f
hardware/tools/audit_reference_inputs.py,maintained,function,build_audit,build_audit,40,90,51,11,7,1,0,False,blockers.append;dir_candidate;file_candidate;len;requested_image.exists;requested_xr_vits.exists;str;sum,f2f68fecf16c2b7c3b1e
hardware/tools/audit_reference_inputs.py,maintained,function,render_markdown,render_markdown,93,126,34,21,6,1,0,False,candidate.get;join;lines.append;lines.extend,0348cf44bbf2838949e5
hardware/tools/audit_reference_inputs.py,maintained,function,main,main,129,144,16,15,1,1,0,False,Path;argparse.ArgumentParser;build_audit;json.dumps;json_out.parent.mkdir;json_out.write_text;markdown_out.parent.mkdir;markdown_out.write_text;parser.add_argument;parser.parse_args;print;render_markdown;resolve;str,f7ba4159c438f5dcb5c8
hardware/tools/audit_xr_vits_candidates.py,maintained,function,list_files,list_files,16,19,4,4,3,1,0,False,path.is_file;root.exists;root.rglob,af81e04f714b2b9148be
hardware/tools/audit_xr_vits_candidates.py,maintained,function,rel,rel,22,26,5,4,1,2,0,False,path.relative_to;str,f111713fea2d7bb85f55
hardware/tools/audit_xr_vits_candidates.py,maintained,function,candidate_report,candidate_report,29,70,42,18,20,2,0,False,Path;len;list_files;min;name.endswith;name.lower;primitive_hits.values;rel;root.exists;sorted;str;suffix.lower;sum,bae397afe144b2affc74
hardware/tools/audit_xr_vits_candidates.py,maintained,function,build_audit,build_audit,73,95,23,5,4,1,0,False,candidate_report;sorted;str,edafa1fdcf131053b7ae
hardware/tools/audit_xr_vits_candidates.py,maintained,function,render_markdown,render_markdown,98,134,37,25,5,1,0,False,items;join;len;lines.append;lines.extend,84e9b3f8324b4d69e72f
hardware/tools/audit_xr_vits_candidates.py,maintained,function,main,main,137,153,17,16,2,1,0,False,Path;argparse.ArgumentParser;build_audit;json.dumps;json_out.parent.mkdir;json_out.write_text;markdown_out.parent.mkdir;markdown_out.write_text;parser.add_argument;parser.parse_args;print;render_markdown;resolve;str,c5b490652040a1653eeb
hardware/tools/check_c3b_board_smoke_readiness.py,maintained,function,load_json,load_json,32,36,5,5,1,1,0,False,ValueError;isinstance;json.loads;path.read_text,64a648c70701d933c704
hardware/tools/check_c3b_board_smoke_readiness.py,maintained,function,require_token,require_token,39,41,3,3,2,4,0,False,any;errors.append,2058b3fd24c3dc958a70
hardware/tools/check_c3b_board_smoke_readiness.py,maintained,function,check_expected_outputs,check_expected_outputs,44,50,7,7,2,3,0,False,errors.append;payload.get,8fc811ee7f598e3e73c3
hardware/tools/check_c3b_board_smoke_readiness.py,maintained,function,build_readiness,build_readiness,53,193,141,85,35,6,0,False,Path;bundle_dir.exists;check_expected_outputs;errors.append;errors.extend;host.get;isinstance;list;load_json;next_steps.append;require_token;result_path.exists;session.get;session_path.exists;sha256_file;sha256_file_path.exists;sha256_file_path.read_text;str;strip;tar_info.get;tar_path.exists;transfer.get;transfer_manifest_path.exists;validate_bundle;validate_result;warnings.append,269ba29de05aa333a92c
hardware/tools/check_c3b_board_smoke_readiness.py,maintained,function,render_markdown,render_markdown,196,247,52,14,6,1,0,False,join;lines.append;lines.extend,e7b92299301f97e83dd0
hardware/tools/check_c3b_board_smoke_readiness.py,maintained,function,write_outputs,write_outputs,250,256,7,7,2,3,0,False,json.dumps;json_out.parent.mkdir;json_out.write_text;markdown_out.parent.mkdir;markdown_out.write_text;render_markdown,48cb39919bfbc0093093
hardware/tools/check_c3b_board_smoke_readiness.py,maintained,function,parse_args,parse_args,259,270,12,12,0,1,0,False,argparse.ArgumentParser;parser.add_argument;parser.parse_args,9eefd99c7cb81024c239
hardware/tools/check_c3b_board_smoke_readiness.py,maintained,function,main,main,273,297,25,10,4,1,0,False,HGTXR_ROOT.resolve;args.root.resolve;build_readiness;len;parse_args;print;result_path.is_absolute;write_outputs,c9e3611caddce71230d9
hardware/tools/check_final_blocker_closure_readiness.py,maintained,function,default_hgtxr_root,default_hgtxr_root,20,21,2,2,0,0,0,False,Path;resolve,f9952fb0f5a1a32b13ae
hardware/tools/check_final_blocker_closure_readiness.py,maintained,function,canonical_c3b_path,canonical_c3b_path,24,25,2,2,0,1,0,False,,0f7741c4cb6ed8ab492b
hardware/tools/check_final_blocker_closure_readiness.py,maintained,function,active_policy_path,active_policy_path,28,29,2,2,0,1,0,False,,c5f7f3cddb70c25c4611
hardware/tools/check_final_blocker_closure_readiness.py,maintained,function,check_c3b_smoke,check_c3b_smoke,32,49,18,7,3,2,0,False,load_json;path.exists;str;validate_result,50b68916d31d7d24a929
hardware/tools/check_final_blocker_closure_readiness.py,maintained,function,check_active_policy,check_active_policy,52,93,42,25,9,1,0,False,Path;active_policy_path;create_xr_vits_replacement_policy.default_requested_path;create_xr_vits_replacement_policy.validate_policy_integrity;errors.append;errors.extend;integrity.get;load_json;path.exists;policy.get;replacement.is_dir;resolve;str;strip,37c3ea67f813526995e2
hardware/tools/check_final_blocker_closure_readiness.py,maintained,function,check_current_xr_vits,check_current_xr_vits,96,113,18,6,7,1,0,False,bool;check_active_policy;create_xr_vits_replacement_policy.default_requested_path;requested.is_dir;resolve;str,b8f907632b16d2672fdc
hardware/tools/check_final_blocker_closure_readiness.py,maintained,function,summarize_pynq_discovery,summarize_pynq_discovery,116,127,12,3,1,1,0,False,discovery.get;isinstance;recommended.get,aaa0534baa20cfa4d742
hardware/tools/check_final_blocker_closure_readiness.py,maintained,function,build_pynq_discovery_summary,build_pynq_discovery_summary,130,147,18,4,1,1,0,False,discover_pynq_smoke_candidates.build_discovery;discover_pynq_smoke_candidates.default_scan_roots;presets.items;summarize_pynq_discovery,a14d6b60205fcf639914
hardware/tools/check_final_blocker_closure_readiness.py,maintained,function,build_final_command,build_final_command,150,182,33,18,10,9,0,False,,de95bf1a3d7b580561ad
hardware/tools/check_final_blocker_closure_readiness.py,maintained,function,build_c3b_import_template,build_c3b_import_template,185,192,8,5,1,2,0,False,,64d574f13f18e91bedfa
hardware/tools/check_final_blocker_closure_readiness.py,maintained,function,build_xr_vits_policy_template,build_xr_vits_policy_template,195,204,10,5,1,2,0,False,,108d5e94c90f37deef1e
hardware/tools/check_final_blocker_closure_readiness.py,maintained,function,build_operator_unblock_plan,build_operator_unblock_plan,207,304,98,7,9,9,0,False,active_policy_path;bool;build_c3b_import_template;build_xr_vits_policy_template;candidate_c3b.get;candidate_xr.get;canonical_c3b_path;current_c3b.get;current_xr.get;exact.get;isinstance;policy.get;str,2f5afa2c41885b37b90f
hardware/tools/check_final_blocker_closure_readiness.py,maintained,function,build_readiness,build_readiness,307,407,101,22,7,7,0,False,audit_final_unblock_candidates.check_c3b_candidate;audit_final_unblock_candidates.check_xr_vits_candidate;bool;build_final_command;build_operator_unblock_plan;build_pynq_discovery_summary;canonical_c3b_path;check_c3b_smoke;check_current_xr_vits;missing.append;root.resolve;str,4aa43219a6e1ceb391c4
hardware/tools/check_final_blocker_closure_readiness.py,maintained,function,render_markdown,render_markdown,410,481,72,29,13,1,0,False,isinstance;items;join;lines.append;lines.extend;plan.get;readiness.get,4451b99760d233f8fd15
hardware/tools/check_final_blocker_closure_readiness.py,maintained,function,parse_args,parse_args,484,495,12,12,0,1,0,False,argparse.ArgumentParser;default_hgtxr_root;parser.add_argument;parser.parse_args,72c2d9e0ef41c42deea6
hardware/tools/check_final_blocker_closure_readiness.py,maintained,function,main,main,498,517,20,9,1,1,0,False,args.json_out.parent.mkdir;args.json_out.write_text;args.markdown_out.parent.mkdir;args.markdown_out.write_text;build_readiness;json.dumps;parse_args;print;render_markdown,d2834aeea2e681dc0899
hardware/tools/check_hls_axis_payload_contract.py,maintained,function,project_root_for_profile,project_root_for_profile,24,25,2,2,0,1,0,False,,23a9be8fc9acf8f4d1bd
hardware/tools/check_hls_axis_payload_contract.py,maintained,function,sha256,sha256,28,31,4,4,1,1,0,False,hashlib.sha256;hexdigest;path.exists;path.read_bytes,65d2069eec59b3879384
hardware/tools/check_hls_axis_payload_contract.py,maintained,function,normalize_tv_line,normalize_tv_line,34,40,7,7,2,1,0,False,len;line.strip;stripped.split;stripped.startswith,1dbb6a0774d6e91e526b
hardware/tools/check_hls_axis_payload_contract.py,maintained,function,read_tv_lines,read_tv_lines,43,46,4,4,2,1,0,False,normalize_tv_line;path.exists;path.read_text;splitlines,2d7074243d79c0f30a49
hardware/tools/check_hls_axis_payload_contract.py,maintained,function,hex_payload_values,hex_payload_values,49,57,9,9,4,1,0,False,int;line.startswith;match.group;re.fullmatch;values.append,3d3244b7ce3128c6e5a2
hardware/tools/check_hls_axis_payload_contract.py,maintained,function,signed_low,signed_low,60,64,5,5,1,2,0,False,,149f46be35a022f95cf3
hardware/tools/check_hls_axis_payload_contract.py,maintained,function,tv_payload_summary,tv_payload_summary,67,110,44,17,12,2,0,False,bool;c_path.exists;enumerate;hex_payload_values;len;max;min;read_tv_lines;rtl_path.exists;sha256;signed_low;str;zip,24cd1a33b04247668ca8
hardware/tools/check_hls_axis_payload_contract.py,maintained,function,rtl_structural_summary,rtl_structural_summary,113,141,29,11,7,1,0,False,any;int;join;len;match.group;path.read_text;re.findall;re.finditer;re.fullmatch;set;sha256;sorted;source.strip;str;syn_root.glob;top.exists;top.read_text,64ac08fe003ca4977089
hardware/tools/check_hls_axis_payload_contract.py,maintained,function,build_audit,build_audit,144,170,27,18,8,2,0,False,interpretation_for_status;project_root_for_profile;rtl_structural_summary;str;tv_payload_summary,e6db5b4d16661f3f9415
hardware/tools/check_hls_axis_payload_contract.py,maintained,function,interpretation_for_status,interpretation_for_status,173,181,9,2,0,1,0,False,,599668bea0d2688d9808
hardware/tools/check_hls_axis_payload_contract.py,maintained,function,render_markdown,render_markdown,184,215,32,9,1,1,0,False,join;json.dumps;lines.extend;tv.get,838cf5557b2a0b5c2305
hardware/tools/check_hls_axis_payload_contract.py,maintained,function,default_output_path,default_output_path,218,222,5,5,1,3,0,False,re.sub,213b8d244816f42c6945
hardware/tools/check_hls_axis_payload_contract.py,maintained,function,parse_args,parse_args,225,231,7,7,0,1,0,False,argparse.ArgumentParser;parser.add_argument;parser.parse_args,652205ce89c14ad2c0d7
hardware/tools/check_hls_axis_payload_contract.py,maintained,function,main,main,234,244,11,11,3,1,0,False,build_audit;default_output_path;json.dumps;json_out.parent.mkdir;json_out.write_text;markdown_out.parent.mkdir;markdown_out.write_text;parse_args;print;render_markdown,a794a7cff3a73a5f14e2
hardware/tools/check_hls_xsimk_direct_probe.py,maintained,function,parse_rtl_progress,parse_rtl_progress,31,45,15,6,1,1,0,False,float;int;match.group;pattern.finditer;progress.append;re.compile,cab687a59e7dffe68fa8
hardware/tools/check_hls_xsimk_direct_probe.py,maintained,function,sim_root_for_profile,sim_root_for_profile,48,49,2,2,0,1,0,False,,72d60bfe70e211ad16c9
hardware/tools/check_hls_xsimk_direct_probe.py,maintained,function,xsimk_for_sim_root,xsimk_for_sim_root,52,53,2,2,0,1,0,False,,d7c3bdb1587f7eaec01f
hardware/tools/check_hls_xsimk_direct_probe.py,maintained,function,normalize_tv_line,normalize_tv_line,56,62,7,7,2,1,0,False,len;line.strip;stripped.split;stripped.startswith,1dbb6a0774d6e91e526b
hardware/tools/check_hls_xsimk_direct_probe.py,maintained,function,normalized_tv_lines,normalized_tv_lines,65,66,2,2,1,1,0,False,normalize_tv_line;path.read_text;splitlines,8b7b8c85a8a677624e49
hardware/tools/check_hls_xsimk_direct_probe.py,maintained,function,compare_tv_outputs,compare_tv_outputs,69,132,64,32,13,1,0,False,bool;c_path.exists;c_path.read_bytes;comparisons.append;entry.update;enumerate;hashlib.sha256;hexdigest;len;min;normalized_tv_lines;rtl_path.exists;rtl_path.read_bytes;str;zip,033ddf004a89ad1b0da0
hardware/tools/check_hls_xsimk_direct_probe.py,maintained,function,default_output_path,default_output_path,135,139,5,5,1,3,0,False,re.sub,213b8d244816f42c6945
hardware/tools/check_hls_xsimk_direct_probe.py,maintained,function,classify_probe,classify_probe,142,191,50,17,14,5,0,False,bool;count;len;parse_rtl_progress;result.get;tv_comparison.get;xsimk_path.exists,a5e5a74225839a07570b
hardware/tools/check_hls_xsimk_direct_probe.py,maintained,function,build_probe,build_probe,194,266,73,14,10,6,0,False,classify_probe;compare_tv_outputs;result.get;run_xsimk_mi_sequence;sim_root_for_profile;str;vivado_env;xsimk_for_sim_root;xsimk_path.exists,20e322cff463053b2316
hardware/tools/check_hls_xsimk_direct_probe.py,maintained,function,render_markdown,render_markdown,269,300,32,17,5,1,0,False,bool;entry.get;items;join;lines.append;lines.extend;probe.get;sorted,74f4e3f1df689b05372b
hardware/tools/check_hls_xsimk_direct_probe.py,maintained,function,parse_args,parse_args,303,313,11,11,0,1,0,False,argparse.ArgumentParser;parser.add_argument;parser.parse_args,eee3b5a49e5ef42131fd
hardware/tools/check_hls_xsimk_direct_probe.py,maintained,function,main,main,316,333,18,11,3,1,0,False,args.xilinx_root.resolve;build_probe;default_output_path;json.dumps;json_out.parent.mkdir;json_out.write_text;markdown_out.parent.mkdir;markdown_out.write_text;parse_args;print;render_markdown,b2bc24790ebaea5c6535
hardware/tools/check_hls_xsimk_progress_probe.py,maintained,function,patch_progress_timeout,patch_progress_timeout,60,65,6,6,1,2,0,False,RuntimeError;autotb.read_text;autotb.write_text;re.sub,7829f04c97593dc033f0
hardware/tools/check_hls_xsimk_progress_probe.py,maintained,function,prepare_workdir,prepare_workdir,68,77,10,10,1,3,0,False,patch_progress_timeout;shutil.copytree;shutil.rmtree;sim_copy.mkdir;workdir.exists,7ed0289477d93e02b269
hardware/tools/check_hls_xsimk_progress_probe.py,maintained,function,build_probe,build_probe,80,220,141,28,17,7,0,False,bool;count;isinstance;len;max;parse_rtl_progress;prepare_workdir;run_command;run_xsimk_mi_sequence;sim_root_for_profile;source_sim_root.exists;str;vivado_env;xsimk.exists;xsimk_result.get,c784e4e2f09c77283d5c
hardware/tools/check_hls_xsimk_progress_probe.py,maintained,function,render_markdown,render_markdown,223,251,29,12,3,1,0,False,get;join;lines.append;lines.extend;probe.get;sorted,32d6034ccca110cb40bd
hardware/tools/check_hls_xsimk_progress_probe.py,maintained,function,parse_args,parse_args,254,265,12,12,0,1,0,False,argparse.ArgumentParser;parser.add_argument;parser.parse_args,91468b098ce37b3e8687
hardware/tools/check_hls_xsimk_progress_probe.py,maintained,function,main,main,268,286,19,11,3,1,0,False,args.xilinx_root.resolve;build_probe;default_output_path;json.dumps;json_out.parent.mkdir;json_out.write_text;markdown_out.parent.mkdir;markdown_out.write_text;parse_args;print;render_markdown,78445e40d6f1b1eb61f9
hardware/tools/check_runtime_mode_board_latency_gate.py,maintained,function,case_status,case_status,92,119,28,18,3,3,0,False,append;load_json;path.exists;payload.get;str;validate_result,c375b1e2f80767052f17
hardware/tools/check_runtime_mode_board_latency_gate.py,maintained,function,build_gate,build_gate,122,151,30,10,11,4,0,False,PROFILE_SET_TARGETS.get;all;any;case_status;cases.values;len;selected_cases.items;sum,8f40f118bdc1536c5f63
hardware/tools/check_runtime_mode_board_latency_gate.py,maintained,function,render_markdown,render_markdown,154,191,38,15,7,1,0,False,case.get;errors.extend;format;isinstance;join;lines.append;lines.extend;summary.get;values,2ce0fd034899e9b7ae1f
hardware/tools/check_runtime_mode_board_latency_gate.py,maintained,function,write_outputs,write_outputs,194,198,5,5,0,3,0,False,json.dumps;json_out.parent.mkdir;json_out.write_text;markdown_out.parent.mkdir;markdown_out.write_text;render_markdown,c98a1707c7ad1dd07053
hardware/tools/check_runtime_mode_board_latency_gate.py,maintained,function,parse_args,parse_args,201,207,7,7,0,1,0,False,argparse.ArgumentParser;parser.add_argument;parser.parse_args;sorted,72cdf2e812151f6771de
hardware/tools/check_runtime_mode_board_latency_gate.py,maintained,function,main,main,210,234,25,20,13,1,0,False,args.root.resolve;build_gate;json.dumps;parse_args;print;write_outputs,6c92d3082ed6fd1ddb08
hardware/tools/check_third_goal_preflight.py,maintained,function,read_text,read_text,18,22,5,4,1,1,0,False,path.read_text,bea5f3c98e193c57bfe5
hardware/tools/check_third_goal_preflight.py,maintained,function,add,add,25,29,5,5,1,5,0,False,results.append;str,c1e5912a6cfe1fd7cdd5
hardware/tools/check_third_goal_preflight.py,maintained,function,exists_check,exists_check,32,36,5,4,1,4,0,False,add;path.exists,f882dbde1dbcb9e69157
hardware/tools/check_third_goal_preflight.py,maintained,function,xr_vits_candidate_detail,xr_vits_candidate_detail,39,59,21,17,8,3,0,False,Path;audit.get;audit_path.exists;audit_path.read_text;isinstance;json.loads;recommendation.get;replacement.exists;replacement.resolve;resolve;str,f521136e4d349fd019a6
hardware/tools/check_third_goal_preflight.py,maintained,function,check_xr_vits_reference,check_xr_vits_reference,62,132,71,36,11,4,0,False,Path;add;create_xr_vits_replacement_policy.validate_policy_integrity;errors.append;errors.extend;final_status;integrity.get;isinstance;join;json.loads;policy.get;policy_path.exists;policy_path.read_text;replacement_path.exists;requested.exists;str;xr_vits_candidate_detail,2a4fd282857a39a775e4
hardware/tools/check_third_goal_preflight.py,maintained,function,is_board_artifact_mode,is_board_artifact_mode,135,136,2,2,0,1,0,False,,6e6b020053ac01e01059
hardware/tools/check_third_goal_preflight.py,maintained,function,mode_status,mode_status,139,140,2,2,1,3,0,False,is_board_artifact_mode,8b7141b35479eb4c6ff3
hardware/tools/check_third_goal_preflight.py,maintained,function,final_status,final_status,143,144,2,2,1,2,0,False,,41901690c76d5171b994
hardware/tools/check_third_goal_preflight.py,maintained,function,executable_check,executable_check,147,152,6,5,3,5,0,False,add;is_board_artifact_mode;path.exists,5e584dcca5260cefd83d
hardware/tools/check_third_goal_preflight.py,maintained,function,macro_value,macro_value,155,161,7,7,2,2,0,False,len;line.strip;split;stripped.startswith;text.splitlines,fff8ab56608bf1846104
hardware/tools/check_third_goal_preflight.py,maintained,function,macro_check,macro_check,164,171,8,7,2,4,0,False,add;macro_value,dbb07f404d19f63450b2
hardware/tools/check_third_goal_preflight.py,maintained,function,check_tool_on_path,check_tool_on_path,174,179,6,5,1,3,0,False,Path;add;shutil.which,09ea00b28edaf50f42ba
hardware/tools/check_third_goal_preflight.py,maintained,function,sha256_file,sha256_file,182,190,9,8,3,1,0,False,digest.hexdigest;digest.update;handle.read;hashlib.sha256;iter;path.open,1198f0f68c853c002e5d
hardware/tools/check_third_goal_preflight.py,maintained,function,resolve_manifest_binary,resolve_manifest_binary,193,202,10,10,5,3,0,False,Path;binary.startswith;isinstance;manifest.get;path.exists;path.is_absolute;resolve,efa5be6de0a4fcd0e184
hardware/tools/check_third_goal_preflight.py,maintained,function,q4_raw_from_file,q4_raw_from_file,205,217,13,12,4,2,0,False,handle.read;handle.seek;int.from_bytes;len;path.open,11f0a60f0cf0fa26e06c
hardware/tools/check_third_goal_preflight.py,maintained,function,tail_zero,tail_zero,220,229,10,9,4,2,0,False,any;handle.read;handle.seek;iter;path.open,90683eaae55da0446819
hardware/tools/check_third_goal_preflight.py,maintained,function,check_generated_artifacts,check_generated_artifacts,232,280,49,23,6,3,0,False,add;components.extend;csim_logs.extend;csynth_reports.extend;generated.exists;generated.rglob;join;len;mode_status;sorted;visible_roots.append,67df97c47e401d477e85
hardware/tools/check_third_goal_preflight.py,maintained,function,check_board_flow_mismatch,check_board_flow_mismatch,283,331,49,25,8,3,0,False,add;mode_status;read_text,7350573b2b7e24127982
hardware/tools/check_third_goal_preflight.py,maintained,function,check_pynq_overlay_artifacts,check_pynq_overlay_artifacts,334,455,122,78,28,3,0,False,add;axis_bit.exists;axis_hwh.exists;c3b_bit.exists;c3b_bit_candidate.exists;c3b_hwh.exists;c3b_hwh_candidate.exists;e2e_bit.exists;e2e_hwh.exists;exists_check;mode_status;par16_bit.exists;par16_bit_candidate.exists;par16_hwh.exists;par16_hwh_candidate.exists;read_text,5a9eba3d34680c79622f
hardware/tools/check_third_goal_preflight.py,maintained,function,check_e2e_weight_artifacts,check_e2e_weight_artifacts,458,607,150,79,37,3,0,False,add;all;bin_path.exists;bin_path.stat;contract_checks.items;exists_check;isinstance;join;json.loads;known.get;layout.get;len;manifest.get;manifest_path.exists;manifest_path.read_text;mode_status;probe_errors.append;probe_specs.items;q4_raw_from_file;resolve_manifest_binary;sha256_file;size_errors.append;tail_zero,611e871cfe7806e8d19d
hardware/tools/check_third_goal_preflight.py,maintained,function,check_c3b_axis_dma_smoke_bundle,check_c3b_axis_dma_smoke_bundle,610,703,94,56,20,3,0,False,add;bundle_dir.exists;c3b_bit.exists;c3b_hwh.exists;entry.get;exists_check;isinstance;join;json.loads;manifest.get;manifest_path.exists;manifest_path.read_text;manifest_tar.get;mode_status;sha256_file;sorted;tar_path.exists;validate_bundle,b887904dd9593038345c
hardware/tools/check_third_goal_preflight.py,maintained,function,check_c3b_smoke_session,check_c3b_smoke_session,706,814,109,67,33,3,0,False,add;bundle_dir.exists;bundle_manifest.exists;c3b_bit.exists;c3b_hwh.exists;canonical_path.endswith;exists_check;expected_pairs.items;isinstance;join;json.loads;missing.append;mode_status;session.get;session_errors.append;session_json.exists;session_json.read_text;session_md.exists;session_md.read_text;sha256_file;str;tar.get;tar_path.exists;tar_path.stat,0f37a0396e314fc77598
hardware/tools/check_third_goal_preflight.py,maintained,function,check_vref_successor_smoke_bundle,check_vref_successor_smoke_bundle,817,889,73,46,11,3,0,False,add;exists_check;isinstance;join;json.loads;manifest.get;manifest_path.exists;manifest_path.read_text;validate_bundle,4a16778c59b3bb1cd70b
hardware/tools/check_third_goal_preflight.py,maintained,function,check_qkv_uram_successor_smoke_artifacts,check_qkv_uram_successor_smoke_artifacts,892,1051,160,97,36,3,0,False,add;bit.exists;bundle_dir.exists;canonical_path.endswith;exists_check;expected_pairs.items;hwh.exists;isinstance;join;json.loads;manifest.get;manifest_path.exists;manifest_path.read_text;missing.append;session.get;session_errors.append;session_json.exists;session_json.read_text;session_md.exists;session_md.read_text;sha256_file;str;tar.get;tar_path.exists;tar_path.stat;validate_bundle,5716804123ae3c1a01c1
hardware/tools/check_third_goal_preflight.py,maintained,function,check_c3b_physical_smoke_result,check_c3b_physical_smoke_result,1054,1098,45,18,6,3,0,False,add;canonical_result.exists;canonical_result.read_text;final_status;join;json.loads;mode_status;path.exists;str;validate_result,a969b26299f3e56f70b2
hardware/tools/check_third_goal_preflight.py,maintained,function,check_vref_successor_physical_smoke_result,check_vref_successor_physical_smoke_result,1101,1148,48,16,4,3,0,False,add;join;json.loads;mode_status;path.exists;result_path.read_text;validate_result,1016999f0500c67d5fca
hardware/tools/check_third_goal_preflight.py,maintained,function,check_qkv_uram_successor_physical_smoke_result,check_qkv_uram_successor_physical_smoke_result,1151,1198,48,16,4,3,0,False,add;join;json.loads;mode_status;path.exists;result_path.read_text;validate_result,c130ce5575e017653fac
hardware/tools/check_third_goal_preflight.py,maintained,function,check_smoke_candidate_discovery,check_smoke_candidate_discovery,1201,1251,51,21,8,6,0,False,add;discovery.get;discovery_path.exists;discovery_path.read_text;errors.append;isinstance;join;json.loads;mode_status;safety.get,fb7f610c7ecd0073e06c
hardware/tools/check_third_goal_preflight.py,maintained,function,check_smoke_candidate_discoveries,check_smoke_candidate_discoveries,1254,1280,27,4,1,3,0,False,check_smoke_candidate_discovery,322882981fc8d82ccbef
hardware/tools/check_third_goal_preflight.py,maintained,function,main,main,1283,1361,79,50,8,0,0,False,Path;argparse.ArgumentParser;check_board_flow_mismatch;check_c3b_axis_dma_smoke_bundle;check_c3b_physical_smoke_result;check_c3b_smoke_session;check_e2e_weight_artifacts;check_generated_artifacts;check_pynq_overlay_artifacts;check_qkv_uram_successor_physical_smoke_result;check_qkv_uram_successor_smoke_artifacts;check_smoke_candidate_discoveries;check_tool_on_path;check_vref_successor_physical_smoke_result;check_vref_successor_smoke_bundle;check_xr_vits_reference;executable_check;exists_check;final_status;json.dumps;macro_check;out.parent.mkdir;out.write_text;parser.add_argument;parser.parse_args;print;read_text;resolve;sorted;str;sum,f4d6e3ec3ba649244590
hardware/tools/check_xr_vits_reference_resolution.py,maintained,function,default_hgtxr_root,default_hgtxr_root,19,20,2,2,0,0,0,False,Path;resolve,f9952fb0f5a1a32b13ae
hardware/tools/check_xr_vits_reference_resolution.py,maintained,function,check_exact,check_exact,23,31,9,4,2,1,0,False,create_xr_vits_replacement_policy.default_requested_path;requested.is_dir;resolve;str,ec8c11a8f8f27b408c95
hardware/tools/check_xr_vits_reference_resolution.py,maintained,function,check_candidate_audit,check_candidate_audit,34,81,48,34,15,2,0,False,Path;create_xr_vits_replacement_policy.default_requested_path;errors.append;int;isinstance;load_json;payload.get;recommendation.get;replacement_path.is_dir;resolve;str;strip,a5111c1ed80b007482f4
hardware/tools/check_xr_vits_reference_resolution.py,maintained,function,build_resolution,build_resolution,84,144,61,23,4,2,0,False,candidate_audit_path.resolve;check_active_policy;check_candidate_audit;check_exact;create_xr_vits_replacement_policy.default_replacement_path;create_xr_vits_replacement_policy.default_requested_path;resolve;root.resolve;str,ccacad208de101094993
hardware/tools/check_xr_vits_reference_resolution.py,maintained,function,render_markdown,render_markdown,147,179,33,3,0,1,0,False,join,19687985be7dee2d73c3
hardware/tools/check_xr_vits_reference_resolution.py,maintained,function,parse_args,parse_args,182,188,7,7,0,1,0,False,argparse.ArgumentParser;default_hgtxr_root;parser.add_argument;parser.parse_args,2e5ab0a2310713a5295d
hardware/tools/check_xr_vits_reference_resolution.py,maintained,function,main,main,191,204,14,11,2,1,0,False,args.json_out.parent.mkdir;args.json_out.write_text;args.markdown_out.parent.mkdir;args.markdown_out.write_text;args.root.resolve;build_resolution;json.dumps;parse_args;print;render_markdown,06140d5686611b28d224
hardware/tools/check_xsim_snapshot_smoke.py,maintained,function,vivado_env,vivado_env,31,49,19,10,2,1,0,False,Path;env.get;existing.append;join;os.environ.copy;path.exists;str,ee421fafda770a3a4a00
hardware/tools/check_xsim_snapshot_smoke.py,maintained,function,run_command,run_command,52,67,16,3,0,4,0,False,list;subprocess.run,d1ae3c99aa87f17dc217
hardware/tools/check_xsim_snapshot_smoke.py,maintained,function,run_command_with_input,run_command_with_input,70,95,26,6,1,6,0,False,list;proc.communicate;subprocess.Popen;time.sleep,cd879bbdb12581816784
hardware/tools/check_xsim_snapshot_smoke.py,maintained,function,run_xsimk_mi_sequence,run_xsimk_mi_sequence,98,172,75,51,16,4,0,False,bytearray;join;line.encode;list;os.read;os.set_blocking;output.decode;output.extend;proc.kill;proc.poll;proc.stdin.flush;proc.stdin.write;proc.stdout.fileno;proc.wait;round;select.select;stdin_log.append;subprocess.Popen;time.monotonic;write_cmd,a0e826fbcc8e3f9be538
hardware/tools/check_xsim_snapshot_smoke.py,maintained,function,run_xsimk_mi_sequence.write_cmd,write_cmd,121,124,4,4,0,1,0,False,line.encode;proc.stdin.flush;proc.stdin.write;stdin_log.append,0c12d6b49377ab89346c
hardware/tools/check_xsim_snapshot_smoke.py,maintained,function,run_smoke,run_smoke,175,275,101,29,19,3,0,False,Path;any;join;run_all_tcl.write_text;run_command;run_xsimk_mi_sequence;str;tb_path.write_text;tempfile.mkdtemp;vivado_env;workdir.mkdir;xsim_log.exists;xsim_log.read_text;xsimk_path.exists,9755c948fec34343c3b6
hardware/tools/check_xsim_snapshot_smoke.py,maintained,function,render_markdown,render_markdown,278,296,19,8,2,1,0,False,items;join;lines.append;lines.extend;sorted,a3baf980f66c507b6b8a
hardware/tools/check_xsim_snapshot_smoke.py,maintained,function,parse_args,parse_args,299,307,9,9,0,1,0,False,argparse.ArgumentParser;parser.add_argument;parser.parse_args,be8f2f6beabdf276db99
hardware/tools/check_xsim_snapshot_smoke.py,maintained,function,main,main,310,320,11,11,2,1,0,False,args.json_out.parent.mkdir;args.json_out.write_text;args.markdown_out.parent.mkdir;args.markdown_out.write_text;args.xilinx_root.resolve;json.dumps;parse_args;print;render_markdown;run_smoke;shutil.rmtree,4e0a9542eacbf4ddb51e
hardware/tools/compare_hw_sw.py,maintained,function,main,main,12,25,14,13,1,0,0,False,Path;argparse.ArgumentParser;float;hw_path.exists;np.abs;np.load;np.max;parser.add_argument;parser.parse_args;print;target.copy;write_json,8262fda9e88dfb69cbf2
hardware/tools/create_xr_vits_replacement_policy.py,maintained,function,default_hgtxr_root,default_hgtxr_root,39,40,2,2,0,0,0,False,Path;resolve,f9952fb0f5a1a32b13ae
hardware/tools/create_xr_vits_replacement_policy.py,maintained,function,default_requested_path,default_requested_path,43,44,2,2,0,1,0,False,,66371d21381d4dce9a95
hardware/tools/create_xr_vits_replacement_policy.py,maintained,function,default_replacement_path,default_replacement_path,47,48,2,2,0,1,0,False,,dce463be84e35adb4b40
hardware/tools/create_xr_vits_replacement_policy.py,maintained,function,default_approved_at,default_approved_at,51,52,2,2,0,0,0,False,datetime.now;isoformat;replace,e7429f204a0d84e96e51
hardware/tools/create_xr_vits_replacement_policy.py,maintained,function,approved_at_is_zulu,approved_at_is_zulu,55,62,8,7,2,1,0,False,datetime.fromisoformat;value.endswith;value.removesuffix,b32fa9ccd5abdd2a9142
hardware/tools/create_xr_vits_replacement_policy.py,maintained,function,approver_is_placeholder,approver_is_placeholder,65,68,4,4,2,1,0,False,stripped.endswith;stripped.lower;stripped.startswith;value.strip,2ced4d6e3b472e14fe2d
hardware/tools/create_xr_vits_replacement_policy.py,maintained,function,load_candidate_audit,load_candidate_audit,71,78,8,7,2,1,0,False,ValueError;isinstance;json.loads;path.read_text,cc091aebfd8408e84514
hardware/tools/create_xr_vits_replacement_policy.py,maintained,function,canonical_json_bytes,canonical_json_bytes,81,82,2,2,0,1,0,False,encode;json.dumps,babeb9eb4407a7a04d43
hardware/tools/create_xr_vits_replacement_policy.py,maintained,function,stable_sha256,stable_sha256,85,86,2,2,0,1,0,False,canonical_json_bytes;hashlib.sha256;hexdigest,64d56a36cf41a65d2335
hardware/tools/create_xr_vits_replacement_policy.py,maintained,function,candidate_audit_fingerprint,candidate_audit_fingerprint,89,90,2,2,0,1,0,False,stable_sha256,439cb8a08b178c75c509
hardware/tools/create_xr_vits_replacement_policy.py,maintained,function,candidate_audit_meta,candidate_audit_meta,93,100,8,3,0,2,0,False,candidate_audit_fingerprint;path.exists;path.stat;str,dd18999a6d27b4b2bf88
hardware/tools/create_xr_vits_replacement_policy.py,maintained,function,candidate_recommendation,candidate_recommendation,103,107,5,5,1,1,0,False,ValueError;audit.get;isinstance,58d831b897eea99ab2b4
hardware/tools/create_xr_vits_replacement_policy.py,maintained,function,candidate_recommendation_snapshot,candidate_recommendation_snapshot,110,118,9,3,0,1,0,False,audit.get;candidate_recommendation;recommendation.get,af059233584ba2c793ab
hardware/tools/create_xr_vits_replacement_policy.py,maintained,function,policy_fingerprint_payload,policy_fingerprint_payload,121,122,2,2,1,1,0,False,policy.items,35a59b7e23b503c53e78
hardware/tools/create_xr_vits_replacement_policy.py,maintained,function,policy_fingerprint,policy_fingerprint,125,126,2,2,0,1,0,False,policy_fingerprint_payload;stable_sha256,1c2f792a443eb384ad64
hardware/tools/create_xr_vits_replacement_policy.py,maintained,function,add_policy_integrity_fields,add_policy_integrity_fields,129,135,7,7,0,3,0,False,candidate_audit_fingerprint;candidate_audit_meta;candidate_recommendation_snapshot;dict;policy_fingerprint,5287a737ca2fdff0ae97
hardware/tools/create_xr_vits_replacement_policy.py,maintained,function,approval_event,approval_event,138,165,28,4,0,9,0,False,stable_sha256;str,549b48041ae49ec82fa4
hardware/tools/create_xr_vits_replacement_policy.py,maintained,function,validate_approval_event,validate_approval_event,168,196,29,17,7,1,0,False,approved_at_is_zulu;errors.append;event.get;event.items;expected.items;isinstance;policy.get;stable_sha256;str,6f729f5397c7ef11436c
hardware/tools/create_xr_vits_replacement_policy.py,maintained,function,resolve_candidate_audit_path,resolve_candidate_audit_path,199,204,6,6,1,2,0,False,Path;path.is_absolute;path.resolve;policy.get;str,6112134d2b259711bd2d
hardware/tools/create_xr_vits_replacement_policy.py,maintained,function,validate_policy_integrity,validate_policy_integrity,207,266,60,35,9,2,0,False,any;append;candidate_audit_fingerprint;candidate_path.exists;candidate_recommendation_snapshot;extend;get;isinstance;load_candidate_audit;policy.get;policy_fingerprint;resolve_candidate_audit_path;result.update;str;validate_approval_event,cf28b0452b8210baa7d7
hardware/tools/create_xr_vits_replacement_policy.py,maintained,function,validate_inputs,validate_inputs,269,319,51,35,15,10,0,False,Path;approved_at_is_zulu;approved_by.strip;approver_is_placeholder;audit.get;candidate_audit_path.exists;candidate_recommendation;errors.append;join;load_candidate_audit;reason.strip;recommendation.get;replacement_path.exists;replacement_path.is_dir;replacement_path.resolve;requested_path.exists;resolve;sorted;str,496e651ff46ffa2d2e69
hardware/tools/create_xr_vits_replacement_policy.py,maintained,function,build_policy,build_policy,322,358,37,7,0,9,0,False,add_policy_integrity_fields;approval_event;candidate_audit_fingerprint;candidate_recommendation;recommendation.get;str,65ded124852b4b590ae6
hardware/tools/create_xr_vits_replacement_policy.py,maintained,function,preview_payload,preview_payload,361,383,23,3,1,4,0,False,integrity.get;str;validate_policy_integrity,dfc8c0e13d26f4e32b5a
hardware/tools/create_xr_vits_replacement_policy.py,maintained,function,render_preview_markdown,render_preview_markdown,386,426,41,10,4,1,0,False,get;integrity.get;isinstance;join;lines.append;lines.extend;policy.get;snapshot.get,83c0aa5c38fd82d56000
hardware/tools/create_xr_vits_replacement_policy.py,maintained,function,write_preview_outputs,write_preview_outputs,429,435,7,7,2,3,0,False,json.dumps;json_out.parent.mkdir;json_out.write_text;markdown_out.parent.mkdir;markdown_out.write_text;render_preview_markdown,f18ec67e66ea505cf072
hardware/tools/create_xr_vits_replacement_policy.py,maintained,function,parse_args,parse_args,438,453,16,16,0,1,0,False,argparse.ArgumentParser;default_hgtxr_root;parser.add_argument;parser.parse_args,e498e3580d480300687f
hardware/tools/create_xr_vits_replacement_policy.py,maintained,function,main,main,456,522,67,31,13,1,0,False,args.root.resolve;build_policy;default_approved_at;default_replacement_path;default_requested_path;json.dumps;json_out.parent.mkdir;json_out.write_text;parse_args;preview_payload;print;resolve;str;validate_inputs;write_preview_outputs,6886b2a106de89f11b00
hardware/tools/diagnose_hls_cosim_xsim.py,maintained,function,read_text,read_text,26,29,4,4,1,1,0,False,path.exists;path.read_text,a1923d62728966c6c21f
hardware/tools/diagnose_hls_cosim_xsim.py,maintained,function,read_json,read_json,32,38,7,6,2,1,0,False,json.loads;path.exists;path.read_text,2cf7e8d6a760986b2fe4
hardware/tools/diagnose_hls_cosim_xsim.py,maintained,function,contains_all,contains_all,41,42,2,2,1,2,0,False,all,4ebefda6591ee4859ed9
hardware/tools/diagnose_hls_cosim_xsim.py,maintained,function,extract_verilog_status,extract_verilog_status,45,52,8,8,6,1,0,False,cosim_report.splitlines;len;line.strip;part.strip;split;strip,db1cc1b35feff0ef1cd2
hardware/tools/diagnose_hls_cosim_xsim.py,maintained,function,extract_estimated_fmax,extract_estimated_fmax,55,59,5,5,1,1,0,False,float;match.group;re.search,82684e269101c7c2af0d
hardware/tools/diagnose_hls_cosim_xsim.py,maintained,function,build_diagnosis,build_diagnosis,62,231,170,44,10,4,0,False,contains_all;direct_xsimk.get;extract_estimated_fmax;extract_verilog_status;progress_xsimk.get;re.search;read_json;read_text;str;xsim_smoke.get,2240359891dc9af70398
hardware/tools/diagnose_hls_cosim_xsim.py,maintained,function,render_markdown,render_markdown,234,272,39,10,2,1,0,False,join;lines.append;lines.extend;sorted,d8670bdf2a8e7216e734
hardware/tools/diagnose_hls_cosim_xsim.py,maintained,function,parse_args,parse_args,275,283,9,9,0,1,0,False,argparse.ArgumentParser;parser.add_argument;parser.parse_args,ec0121e5f80c0957f4dd
hardware/tools/diagnose_hls_cosim_xsim.py,maintained,function,main,main,286,299,14,9,1,1,0,False,args.direct_xsimk_json.resolve;args.json_out.parent.mkdir;args.json_out.write_text;args.markdown_out.parent.mkdir;args.markdown_out.write_text;args.progress_xsimk_json.resolve;args.project_root.resolve;args.xsim_smoke_json.resolve;build_diagnosis;json.dumps;parse_args;print;render_markdown,6e7728da2b13f89f54f7
hardware/tools/discover_c3b_smoke_candidates.py,maintained,function,default_hgtxr_root,default_hgtxr_root,32,33,2,2,0,0,0,False,Path;resolve,f9952fb0f5a1a32b13ae
hardware/tools/discover_c3b_smoke_candidates.py,maintained,function,default_scan_roots,default_scan_roots,36,41,6,2,0,1,0,False,,06759da83a5b2163dc0c
hardware/tools/discover_c3b_smoke_candidates.py,maintained,function,should_skip,should_skip,44,48,5,5,3,1,0,False,any;path.as_posix,6ded430673571ada8d50
hardware/tools/discover_c3b_smoke_candidates.py,maintained,function,iter_candidate_paths,iter_candidate_paths,51,69,19,18,7,2,0,False,item.as_posix;out.append;path.resolve;paths.extend;root.exists;root.is_file;root.rglob;seen.add;set;should_skip;sorted,e9eb2b63fc6642e7a14d
hardware/tools/discover_c3b_smoke_candidates.py,maintained,function,inspect_candidate,inspect_candidate,72,88,17,7,2,2,0,False,load_json;payload.get;str;validate_result,0e2c0752f7b2db62e45c
hardware/tools/discover_c3b_smoke_candidates.py,maintained,function,build_discovery,build_discovery,91,125,35,6,7,3,0,False,inspect_candidate;iter_candidate_paths;len;root.resolve;str,59cbba427f6a18dff096
hardware/tools/discover_c3b_smoke_candidates.py,maintained,function,render_markdown,render_markdown,128,164,37,16,5,1,0,False,discovery.get;join;lines.append;lines.extend;replace;str,6532eec406652d26a21b
hardware/tools/discover_c3b_smoke_candidates.py,maintained,function,parse_args,parse_args,167,174,8,8,0,1,0,False,argparse.ArgumentParser;default_hgtxr_root;parser.add_argument;parser.parse_args,f5d1964322963a3fd856
hardware/tools/discover_c3b_smoke_candidates.py,maintained,function,main,main,177,190,14,11,3,1,0,False,args.json_out.parent.mkdir;args.json_out.write_text;args.markdown_out.parent.mkdir;args.markdown_out.write_text;args.root.resolve;build_discovery;default_scan_roots;json.dumps;parse_args;path.resolve;print;render_markdown,6ca1b24c8beb6eef2dfe
hardware/tools/discover_pynq_smoke_candidates.py,maintained,function,default_hgtxr_root,default_hgtxr_root,56,57,2,2,0,0,0,False,Path;resolve,f9952fb0f5a1a32b13ae
hardware/tools/discover_pynq_smoke_candidates.py,maintained,function,default_scan_roots,default_scan_roots,60,65,6,2,0,1,0,False,,06759da83a5b2163dc0c
hardware/tools/discover_pynq_smoke_candidates.py,maintained,function,should_skip,should_skip,68,75,8,8,5,1,0,False,any;path.as_posix,deac975e6e9858624483
hardware/tools/discover_pynq_smoke_candidates.py,maintained,function,iter_candidate_paths,iter_candidate_paths,78,96,19,18,7,2,0,False,item.as_posix;out.append;path.resolve;paths.extend;root.exists;root.is_file;root.rglob;seen.add;set;should_skip;sorted,e9eb2b63fc6642e7a14d
hardware/tools/discover_pynq_smoke_candidates.py,maintained,function,inspect_candidate,inspect_candidate,99,115,17,7,2,3,0,False,load_json;payload.get;str;validate_result,ac50130bc09efbf40551
hardware/tools/discover_pynq_smoke_candidates.py,maintained,function,runner_import_command,runner_import_command,118,138,21,17,7,4,0,False,args.append;join,c81547ac405e859f999c
hardware/tools/discover_pynq_smoke_candidates.py,maintained,function,build_discovery,build_discovery,141,178,38,10,10,5,0,False,ValueError;inspect_candidate;iter_candidate_paths;len;list;root.resolve;runner_import_command;str,4183c10e5f87a40e4c8f
hardware/tools/discover_pynq_smoke_candidates.py,maintained,function,render_markdown,render_markdown,181,218,38,16,5,1,0,False,discovery.get;join;lines.append;lines.extend;replace;str,86af8e1c00c43a02720c
hardware/tools/discover_pynq_smoke_candidates.py,maintained,function,parse_args,parse_args,221,230,10,10,0,1,0,False,argparse.ArgumentParser;default_hgtxr_root;parser.add_argument;parser.parse_args;sorted,cac6beee6ab7b2f749cf
hardware/tools/discover_pynq_smoke_candidates.py,maintained,function,main,main,233,253,21,11,3,1,0,False,args.json_out.parent.mkdir;args.json_out.write_text;args.markdown_out.parent.mkdir;args.markdown_out.write_text;args.root.resolve;build_discovery;default_scan_roots;json.dumps;parse_args;path.resolve;print;render_markdown,9cb98425dc1cd0f57537
hardware/tools/export_e2e_m_axi_weights.py,maintained,function,sha256_file,sha256_file,23,28,6,6,2,1,0,False,digest.hexdigest;digest.update;handle.read;hashlib.sha256;iter;path.open,8b20a237fa4044c9253b
hardware/tools/export_e2e_m_axi_weights.py,maintained,function,build_manifest,build_manifest,31,75,45,3,0,2,0,False,bin_path.stat;int;list;sha256_file;str;weights.get_q4_weight_raw,abc45a057b368f75f35a
hardware/tools/export_e2e_m_axi_weights.py,maintained,function,export_weights,export_weights,78,86,9,9,0,1,0,False,arr.astype;build_manifest;json.dumps;manifest_path.write_text;prefix.parent.mkdir;prefix.with_name;prefix.with_suffix;tofile;weights.build_active196_b6_ff768_weights,2bcce30514a5f6a74a73
hardware/tools/export_e2e_m_axi_weights.py,maintained,function,parse_args,parse_args,89,92,4,4,0,1,0,False,argparse.ArgumentParser;parser.add_argument;parser.parse_args,db5c3e4b37a7a61b0ff6
hardware/tools/export_e2e_m_axi_weights.py,maintained,function,main,main,95,99,5,5,0,1,0,False,export_weights;json.dumps;parse_args;print;str,00574c803f4e248f4154
hardware/tools/export_s2_pytorch_golden.py,maintained,function,load_state_dict,load_state_dict,21,29,9,9,6,1,0,False,ValueError;cpu;hasattr;isinstance;obj.items;str;torch.load;v.detach,55fad7fb698130cfa53c
hardware/tools/export_s2_pytorch_golden.py,maintained,function,load_model,load_model,32,42,11,11,3,2,0,False,ValueError;build_model;key.startswith;load_config;load_state_dict;model.eval;model.load_state_dict,d0ebc5248464efc4f641
hardware/tools/export_s2_pytorch_golden.py,maintained,function,torch_independent_outputs,torch_independent_outputs,45,54,10,10,2,3,0,False,astype;attn;cpu;mlp;np.stack;numpy;outs.append;range;squeeze;tokens.astype;torch.from_numpy;torch.no_grad;unsqueeze,89a1ca9a17bf34978086
hardware/tools/export_s2_pytorch_golden.py,maintained,function,torch_sequential_outputs,torch_sequential_outputs,57,65,9,9,2,3,0,False,astype;cpu;np.stack;numpy;outs.append;range;tokens.astype;torch.from_numpy;torch.no_grad;unsqueeze;x.squeeze,02e26493309e0febbf34
hardware/tools/export_s2_pytorch_golden.py,maintained,function,s2_approx_outputs,s2_approx_outputs,68,129,62,18,4,8,0,False,AssertionError;astype;bool;float;int;len;np.abs;np.max;np.stack;outs.append;packer.build_s2_block_first_step_blocks;packer.load_tensor_map;per_layer.append;preln.norm_from_packed_blocks;range;s2full.fused_block;s2full.packed_roundtrip_blocks;s2full.reconstruct_attention_matrix;s2full.reconstruct_w1;s2full.reconstruct_w2,51fd2c2ef7bf088679c3
hardware/tools/export_s2_pytorch_golden.py,maintained,function,error_stats,error_stats,132,140,9,3,0,3,0,False,float;lhs.astype;list;np.abs;np.max;np.mean;np.sqrt;rhs.astype,08380259c61733335879
hardware/tools/export_s2_pytorch_golden.py,maintained,function,save_outputs,save_outputs,143,152,10,3,0,5,0,False,approx_independent.astype;exact_independent.astype;exact_sequential.astype;np.savez;path.parent.mkdir;tokens.astype,7881d5fdd94f8a8abda5
hardware/tools/export_s2_pytorch_golden.py,maintained,function,main,main,155,227,73,35,0,0,0,False,Path;argparse.ArgumentParser;args.report.parent.mkdir;args.report.write_text;asdict;bool;error_stats;int;json.dumps;load_model;packer.Layout;parser.add_argument;parser.parse_args;print;s2_approx_outputs;s2full.make_token_grid;save_outputs;str;torch_independent_outputs;torch_sequential_outputs,77d61a54e41844a33e9f
hardware/tools/export_test_vectors.py,maintained,function,main,main,13,26,14,14,0,0,0,False,Path;argparse.ArgumentParser;ensure_dir;make_synthetic_batch;np.save;numpy;parser.add_argument;parser.parse_args;print;str;write_json,ffd7734145f4b64a5255
hardware/tools/export_weights.py,maintained,function,main,main,14,22,9,9,0,0,0,False,Path;argparse.ArgumentParser;build_model;ensure_dir;load_config;model.state_dict;parser.add_argument;parser.parse_args;print;str;torch.save,2bebf32aa43852d77cb3
hardware/tools/extract_resource_metrics.py,maintained,function,numeric,numeric,35,36,2,2,0,1,0,False,token.replace,eccf39c256636253d6b8
hardware/tools/extract_resource_metrics.py,maintained,function,iter_report_files,iter_report_files,39,42,4,4,3,1,0,False,path.is_file;path.suffix.lower;root.rglob;sorted,30897e1153ca3754a46c
hardware/tools/extract_resource_metrics.py,maintained,function,extract_file,extract_file,45,99,55,13,4,4,0,False,datetime.now;enumerate;isoformat;line.strip;match.group;numeric;path.read_text;pattern.search;rows.append;splitlines;str,caad57e9df974c057e11
hardware/tools/extract_resource_metrics.py,maintained,function,main,main,102,168,67,23,3,0,0,False,Path;argparse.ArgumentParser;csv.DictWriter;datetime.now;extract_file;impl_root.exists;isoformat;iter_report_files;len;out.open;out.parent.mkdir;parser.add_argument;parser.parse_args;print;resolve;rows.append;rows.extend;str;writer.writeheader;writer.writerows,32a3f9b9f19136b07daa
hardware/tools/gen_cleanup_dry_run_2026_06_09.py,maintained,function,du_bytes,du_bytes,16,23,8,5,2,1,0,False,int;out.split;path.is_file;path.stat;str;subprocess.check_output,f7bfd73aaec0a2e3befc
hardware/tools/gen_cleanup_dry_run_2026_06_09.py,maintained,function,human,human,26,32,7,7,4,1,0,False,float;int,461aad1f23b2629cf171
hardware/tools/gen_cleanup_dry_run_2026_06_09.py,maintained,function,mtime,mtime,35,39,5,4,1,1,0,False,date.fromtimestamp;isoformat;path.stat,075948465730894afd5e
hardware/tools/gen_cleanup_dry_run_2026_06_09.py,maintained,function,classify,classify,42,157,116,30,14,1,0,False,du_bytes;name.endswith;path.relative_to;rel.startswith;str,312bc8a1f9fab134d561
hardware/tools/gen_cleanup_dry_run_2026_06_09.py,maintained,function,main,main,160,299,140,67,19,0,0,False,HGTXR.iterdir;OUT.mkdir;Path;ROOT.iterdir;class_sizes.get;class_sizes.items;classify;csv.DictWriter;csv.writer;du_bytes;entries.append;entries.extend;human;int;item.name.lower;join;largest.append;largest.sort;largest_csv.open;latest_report.exists;list;manifest.open;mtime;os.walk;path.exists;path.is_dir;path.relative_to;path.stat;plan.append;plan.extend;print;rows.append;seen.add;set;sorted;startswith;str;summary.append;write_text;writer.writeheader;writer.writerow;writer.writerows,632ce25358f693917469
hardware/tools/generate_hls_config.py,maintained,function,main,main,11,18,8,8,0,0,0,False,Path;argparse.ArgumentParser;load_config;parser.add_argument;parser.parse_args;print;write_json,4d97e82c2ac9b2f3efea
hardware/tools/hgtxr_sweep_expand.py,maintained,function,load_config,load_config,15,29,15,10,2,1,0,False,json.loads;parse_minimal_yaml;path.read_text;yaml.safe_load,2dd7a3fe4b60edf7eb63
hardware/tools/hgtxr_sweep_expand.py,maintained,function,parse_scalar,parse_scalar,32,54,23,21,12,1,0,False,body.split;float;int;parse_scalar;part.strip;strip;value.endswith;value.startswith;value.strip,44c7be875ac15c72478d
hardware/tools/hgtxr_sweep_expand.py,maintained,function,parse_minimal_yaml,parse_minimal_yaml,57,92,36,23,7,1,0,True,ValueError;len;line.lstrip;line.strip;parse_scalar;partition;raw.split;rstrip;stack.append;stack.pop;startswith;text.splitlines;value.strip,35bc5a4cecc97d84e8d5
hardware/tools/hgtxr_sweep_expand.py,maintained,function,flatten_parameter_map,flatten_parameter_map,95,108,14,13,4,1,0,False,ValueError;config.get;isinstance;matrix.get;names.append;params.items;values.append,7860e056c045018cde30
hardware/tools/hgtxr_sweep_expand.py,maintained,function,macro_name,macro_name,111,112,2,2,0,2,0,False,name.upper;replace,726bbf0d72fdb764f3af
hardware/tools/hgtxr_sweep_expand.py,maintained,function,stable_hash,stable_hash,115,117,3,3,0,1,0,False,hashlib.sha1;hexdigest;json.dumps;payload.encode,b088f542d94ba8be91e3
hardware/tools/hgtxr_sweep_expand.py,maintained,function,render_defines,render_defines,120,138,19,18,11,3,0,False,ValueError;isinstance;join;json.dumps;lines.append;macro_name;macros.items;params.items;sorted,2272f5fd94a9c34d15d6
hardware/tools/hgtxr_sweep_expand.py,maintained,function,main,main,141,243,103,70,19,0,0,False,FileExistsError;Path;ValueError;any;argparse.ArgumentParser;combos.append;config.get;csv.DictWriter;datetime.now;define_path.write_text;defines_dir.mkdir;dict;enumerate;filters.items;flatten_parameter_map;isoformat;item.partition;itertools.product;json.dumps;len;load_config;manifest.exists;manifest.open;matrix.get;out_dir.mkdir;params.get;parse_scalar;parser.add_argument;parser.parse_args;print;render_defines;rows.append;set;stable_hash;str;writer.writeheader;writer.writerows;zip,66a6cdbd354a32d3633e
hardware/tools/import_pynq_smoke_result.py,maintained,function,sha256_file,sha256_file,51,56,6,6,2,1,0,False,digest.hexdigest;digest.update;handle.read;hashlib.sha256;iter;path.open,8b20a237fa4044c9253b
hardware/tools/import_pynq_smoke_result.py,maintained,function,payload_summary,payload_summary,59,67,9,2,0,1,0,False,payload.get,c112a81ce2fbd9a4b6bc
hardware/tools/import_pynq_smoke_result.py,maintained,function,destination_validation,destination_validation,70,95,26,11,3,4,0,False,load_json;path.exists;payload_summary;sha256_file;str;validate_result,ea09be0d54195dace4d7
hardware/tools/import_pynq_smoke_result.py,maintained,function,default_hgtxr_root,default_hgtxr_root,98,99,2,2,0,0,0,False,Path;resolve,f9952fb0f5a1a32b13ae
hardware/tools/import_pynq_smoke_result.py,maintained,function,import_result,import_result,102,173,72,22,8,6,0,False,ValueError;default_target.resolve;destination_validation;load_json;payload_summary;sha256_file;shutil.copy2;source.resolve;str;target.exists;target.parent.mkdir;target.resolve;validate_result,76a23332b0f0dd8c2b49
hardware/tools/import_pynq_smoke_result.py,maintained,function,parse_args,parse_args,176,186,11,11,0,1,0,False,argparse.ArgumentParser;default_hgtxr_root;parser.add_argument;parser.parse_args;sorted,20b5f7c1c1a6e209bca6
hardware/tools/import_pynq_smoke_result.py,maintained,function,main,main,189,221,33,13,3,1,0,False,args.json_out.parent.mkdir;args.json_out.write_text;args.root.resolve;args.validation_out.parent.mkdir;args.validation_out.write_text;import_result;json.dumps;parse_args;print;str,fb3c7cf906070caffc4f
hardware/tools/pack_cyclic_weights.py,maintained,class,Layout,Layout,23,72,50,38,2,0,1,False,,
hardware/tools/pack_cyclic_weights.py,maintained,function,Layout.lanes,lanes,34,35,2,2,0,1,1,False,,fb403a43ef04bdb9c594
hardware/tools/pack_cyclic_weights.py,maintained,function,Layout.frac_width,frac_width,38,39,2,2,0,1,1,False,,01f06bcab23db403ba78
hardware/tools/pack_cyclic_weights.py,maintained,function,Layout.channel_tiles,channel_tiles,42,43,2,2,0,1,1,False,math.ceil,bc5a102b8253ad446a2a
hardware/tools/pack_cyclic_weights.py,maintained,function,Layout.hidden_dim,hidden_dim,46,47,2,2,0,1,1,False,,dfc0b7a2576f7ebc1513
hardware/tools/pack_cyclic_weights.py,maintained,function,Layout.hidden_tiles,hidden_tiles,50,51,2,2,0,1,1,False,math.ceil,20110942940d9068fe91
hardware/tools/pack_cyclic_weights.py,maintained,function,Layout.offsets,offsets,54,72,19,19,2,1,1,False,,5e16def01db948835412
hardware/tools/pack_cyclic_weights.py,maintained,function,load_tensor_map,load_tensor_map,89,114,26,25,12,1,0,False,RuntimeError;ValueError;astype;cpu;hasattr;isinstance;json.loads;np.asarray;np.load;numpy;obj.items;path.read_text;path.suffix.lower;payload.items;torch.load;value.detach,4ec9e1cffd008f877971
hardware/tools/pack_cyclic_weights.py,maintained,function,find_first,find_first,117,121,5,5,2,2,0,False,,fb1e33cf2174cb6db0a8
hardware/tools/pack_cyclic_weights.py,maintained,function,layer_candidates,layer_candidates,124,143,20,20,9,2,0,False,DIRECT_KEYS.get,ec6740aa1a04a23bcac6
hardware/tools/pack_cyclic_weights.py,maintained,function,split_qkv,split_qkv,146,162,17,10,2,3,0,False,ValueError;find_first;np.asarray,d4a82f1211082ae83a73
hardware/tools/pack_cyclic_weights.py,maintained,function,vector_tile,vector_tile,165,173,9,9,2,4,0,False,min;np.asarray;np.full;reshape,067542b64e6c36c5351a
hardware/tools/pack_cyclic_weights.py,maintained,function,linear_tile,linear_tile,176,192,17,17,7,7,0,False,ValueError;min;np.asarray;np.zeros;range,74338069d338d1ace6fd
hardware/tools/pack_cyclic_weights.py,maintained,function,tensor_for_block,tensor_for_block,195,236,42,39,17,7,0,False,KeyError;fallbacks.append;find_first;layer_candidates;linear_tile;np.ones;np.zeros;split_qkv;vector_tile,552bd63d1f791e71f140
hardware/tools/pack_cyclic_weights.py,maintained,function,quantize_fixed,quantize_fixed,239,246,8,8,0,2,0,False,astype;np.clip;np.rint;values.astype,a1942816f48039c4622e
hardware/tools/pack_cyclic_weights.py,maintained,function,pack_lanes,pack_lanes,249,260,12,12,2,2,0,False,bytearray;bytes;enumerate;int;len;np.zeros;out.extend;range;to_bytes,46857a6147f1a0ef9d41
hardware/tools/pack_cyclic_weights.py,maintained,function,unpack_lanes,unpack_lanes,263,275,13,13,3,2,0,False,float;int.from_bytes;len;np.asarray;out.append;range,94bdc66454239a3d7d8f
hardware/tools/pack_cyclic_weights.py,maintained,function,build_block,build_block,278,285,8,8,1,6,0,False,np.zeros;reshape;tensor_for_block,7baa92dc80365b9ed5fb
hardware/tools/pack_cyclic_weights.py,maintained,function,tensor_for_pair,tensor_for_pair,288,337,50,35,11,8,0,False,KeyError;fallbacks.append;find_first;layer_candidates;linear_tile;np.zeros;split_qkv;tensor_for_block,1f6a86159f854827a570
hardware/tools/pack_cyclic_weights.py,maintained,function,build_pair_block,build_pair_block,340,347,8,8,1,7,0,False,np.zeros;reshape;tensor_for_pair,13714b729e3469321e33
hardware/tools/pack_cyclic_weights.py,maintained,function,build_s2_channel_pair_blocks,build_s2_channel_pair_blocks,350,365,16,9,3,4,0,False,blocks.append;build_pair_block;len;range;records.append,71d9d80e1b4cce021a73
hardware/tools/pack_cyclic_weights.py,maintained,function,build_s2_mlp_w1_block,build_s2_mlp_w1_block,369,374,6,6,0,7,0,False,np.zeros;reshape;tensor_for_pair,9b83ff692b2e5fc47316
hardware/tools/pack_cyclic_weights.py,maintained,function,build_s2_mlp_w2_block,build_s2_mlp_w2_block,377,382,6,6,0,7,0,False,np.zeros;reshape;tensor_for_pair,7b601cef2c0dbe849ad9
hardware/tools/pack_cyclic_weights.py,maintained,function,build_s2_mlp_hidden_pair_blocks,build_s2_mlp_hidden_pair_blocks,385,413,29,13,5,4,0,False,blocks.append;build_s2_mlp_w1_block;build_s2_mlp_w2_block;len;range;records.append,15b688f1e7fa5867501f
hardware/tools/pack_cyclic_weights.py,maintained,function,build_s2_block_first_step_blocks,build_s2_block_first_step_blocks,417,457,41,17,7,4,0,False,blocks.append;build_pair_block;build_s2_mlp_w1_block;build_s2_mlp_w2_block;len;range;records.append,4c3e19e966db7d79c91c
hardware/tools/pack_cyclic_weights.py,maintained,function,write_outputs,write_outputs,460,468,9,9,0,7,0,False,elems.astype;json.dumps;manifest_path.parent.mkdir;manifest_path.write_text;np.frombuffer;np.savez;out_bin.parent.mkdir;out_bin.write_bytes;out_npz.parent.mkdir;reshape,0dd0af4f87f73c354e50
hardware/tools/pack_cyclic_weights.py,maintained,function,self_test,self_test,471,500,30,30,1,0,0,False,Layout;build_block;build_s2_block_first_step_blocks;build_s2_channel_pair_blocks;build_s2_mlp_hidden_pair_blocks;float;json.dumps;len;np.abs;np.arange;np.concatenate;np.eye;np.max;np.ones;np.zeros;pack_lanes;print;quantize_fixed;range;reshape;unpack_lanes,440a8efb1510f652df05
hardware/tools/pack_cyclic_weights.py,maintained,function,main,main,503,596,94,49,11,0,0,False,Layout;Path;SystemExit;ValueError;argparse.ArgumentParser;asdict;astype;build_block;build_s2_block_first_step_blocks;build_s2_channel_pair_blocks;build_s2_mlp_hidden_pair_blocks;int;json.dumps;len;load_tensor_map;np.concatenate;pack_lanes;parser.add_argument;parser.parse_args;print;quantize_fixed;range;self_test;str;write_outputs,751517f4008beb9b01f0
hardware/tools/package_e2e_axis_dma_pynq_bundle.py,maintained,function,sha256_file,sha256_file,129,134,6,6,2,1,0,False,digest.hexdigest;digest.update;handle.read;hashlib.sha256;iter;path.open,8b20a237fa4044c9253b
hardware/tools/package_e2e_axis_dma_pynq_bundle.py,maintained,function,copy_file,copy_file,137,140,4,4,0,2,0,False,dst.parent.mkdir;dst.stat;sha256_file;shutil.copy2;str,62b40985b330781d118b
hardware/tools/package_e2e_axis_dma_pynq_bundle.py,maintained,function,write_text_file,write_text_file,143,146,4,4,0,2,0,False,dst.parent.mkdir;dst.stat;dst.write_text;sha256_file;str,6103c39c16d947414ab3
hardware/tools/package_e2e_axis_dma_pynq_bundle.py,maintained,function,smoke_command,smoke_command,149,186,38,15,6,1,0,False,RUNNER_VARIANT_BY_VARIANT.get;join;str;variant.replace,e0bd44c800f1cb7d0545
hardware/tools/package_e2e_axis_dma_pynq_bundle.py,maintained,function,result_json_name,result_json_name,189,190,2,2,0,1,0,False,variant.replace,b3f15e60f4e207839621
hardware/tools/package_e2e_axis_dma_pynq_bundle.py,maintained,function,validation_json_name,validation_json_name,193,194,2,2,0,1,0,False,variant.replace,7e4135eecb25b0b419a5
hardware/tools/package_e2e_axis_dma_pynq_bundle.py,maintained,function,validation_preset,validation_preset,197,228,32,32,15,1,0,False,ValueError,f13a429cc0e2ea75c4a0
hardware/tools/package_e2e_axis_dma_pynq_bundle.py,maintained,function,validation_command,validation_command,231,237,7,2,0,1,0,False,result_json_name;validation_json_name;validation_preset,a6ad0de9d183255257e8
hardware/tools/package_e2e_axis_dma_pynq_bundle.py,maintained,function,bundle_readme_text,bundle_readme_text,240,248,9,3,0,2,0,False,smoke_command;src.read_text;validation_command,8de707e40cd05dbe9f61
hardware/tools/package_e2e_axis_dma_pynq_bundle.py,maintained,function,artifact_files,artifact_files,251,256,6,3,0,1,0,False,,ab8c9acff933d5679204
hardware/tools/package_e2e_axis_dma_pynq_bundle.py,maintained,function,build_bundle,build_bundle,259,349,91,51,10,3,0,False,EXPECTED_RUNTIME_STATE_BY_VARIANT.get;Path;ValueError;artifact_files;bundle_readme_text;copy_file;files.append;json.dumps;manifest.get;manifest_path.write_text;out_dir.exists;out_dir.mkdir;run_script.chmod;run_script.stat;run_script.write_text;sha256_file;sha_path.write_text;shutil.rmtree;smoke_command;str;tar.add;tar_path.exists;tar_path.parent.mkdir;tar_path.stat;tar_path.unlink;tar_path.with_name;tarfile.open;validate_script.chmod;validate_script.stat;validate_script.write_text;validation_command;variant.replace;write_text_file,dec3b40f1eeb4c5d994e
hardware/tools/package_e2e_axis_dma_pynq_bundle.py,maintained,function,parse_args,parse_args,352,358,7,7,0,1,0,False,argparse.ArgumentParser;parser.add_argument;parser.parse_args;sorted,06b43f1bfa2e5bf73519
hardware/tools/package_e2e_axis_dma_pynq_bundle.py,maintained,function,main,main,361,365,5,5,1,1,0,False,build_bundle;json.dumps;parse_args;print,85fce83d07012ce44d4b
hardware/tools/package_e2e_m_axi_pynq_bundle.py,maintained,function,sha256_file,sha256_file,39,44,6,6,2,1,0,False,digest.hexdigest;digest.update;handle.read;hashlib.sha256;iter;path.open,8b20a237fa4044c9253b
hardware/tools/package_e2e_m_axi_pynq_bundle.py,maintained,function,copy_file,copy_file,47,50,4,4,0,2,0,False,dst.parent.mkdir;dst.stat;sha256_file;shutil.copy2;str,62b40985b330781d118b
hardware/tools/package_e2e_m_axi_pynq_bundle.py,maintained,function,write_text_file,write_text_file,53,56,4,4,0,2,0,False,dst.parent.mkdir;dst.stat;dst.write_text;sha256_file;str,6103c39c16d947414ab3
hardware/tools/package_e2e_m_axi_pynq_bundle.py,maintained,function,bundle_readme_text,bundle_readme_text,59,68,10,4,0,1,0,False,src.read_text;text.replace,87bfe25f637f47b83252
hardware/tools/package_e2e_m_axi_pynq_bundle.py,maintained,function,build_bundle,build_bundle,71,127,57,32,7,2,0,False,Path;bundle_readme_text;copy_file;files.append;json.dumps;manifest.get;manifest_path.write_text;out_dir.exists;out_dir.mkdir;run_script.chmod;run_script.stat;run_script.write_text;sha256_file;shutil.rmtree;str;tar.add;tar_path.exists;tar_path.parent.mkdir;tar_path.stat;tar_path.unlink;tarfile.open;write_text_file,65125d82429451e4ae6f
hardware/tools/package_e2e_m_axi_pynq_bundle.py,maintained,function,parse_args,parse_args,130,135,6,6,0,1,0,False,argparse.ArgumentParser;parser.add_argument;parser.parse_args,a6c0e8d2c22f6fe16560
hardware/tools/package_e2e_m_axi_pynq_bundle.py,maintained,function,main,main,138,142,5,5,1,1,0,False,build_bundle;json.dumps;parse_args;print,ac350a49f73e8e04280f
hardware/tools/prepare_zcu104_smoke_session.py,maintained,function,result_name,result_name,25,26,2,2,0,1,0,False,variant.replace,b3f15e60f4e207839621
hardware/tools/prepare_zcu104_smoke_session.py,maintained,function,validation_name,validation_name,29,30,2,2,0,1,0,False,variant.replace,7e4135eecb25b0b419a5
hardware/tools/prepare_zcu104_smoke_session.py,maintained,function,run_script_name,run_script_name,33,34,2,2,0,1,0,False,variant.replace,e06e0dae0347705c9dd7
hardware/tools/prepare_zcu104_smoke_session.py,maintained,function,validate_script_name,validate_script_name,37,38,2,2,0,1,0,False,variant.replace,51b099b06e5b04e6d862
hardware/tools/prepare_zcu104_smoke_session.py,maintained,function,host_copyback_steps,host_copyback_steps,41,64,24,12,2,3,0,False,hgtxr_root.as_posix;preset.replace;replace,4fb8b771fac9a7346aeb
hardware/tools/prepare_zcu104_smoke_session.py,maintained,function,build_session,build_session,67,109,43,10,4,5,0,False,exists;host_copyback_steps;load_manifest;manifest.get;result_name;run_script_name;sha256_file;str;tar_path.exists;tar_path.stat;validate_bundle;validate_script_name;validation_name,928ab37cdb21767c1bae
hardware/tools/prepare_zcu104_smoke_session.py,maintained,function,render_markdown,render_markdown,112,135,24,6,5,1,0,False,enumerate;join;session.get,bfc720654833ec0f242c
hardware/tools/prepare_zcu104_smoke_session.py,maintained,function,write_outputs,write_outputs,138,142,5,5,0,3,0,False,json.dumps;json_out.parent.mkdir;json_out.write_text;markdown_out.parent.mkdir;markdown_out.write_text;render_markdown,f50750f67d557c006b61
hardware/tools/prepare_zcu104_smoke_session.py,maintained,function,parse_args,parse_args,145,154,10,10,0,1,0,False,argparse.ArgumentParser;parser.add_argument;parser.parse_args,58f29f7a184ad1477c09
hardware/tools/prepare_zcu104_smoke_session.py,maintained,function,main,main,157,168,12,6,1,1,0,False,args.root.resolve;build_session;json.dumps;parse_args;print;write_outputs,6ae8c67c82b33670632d
hardware/tools/repair_hls_to_pynq.py,maintained,function,patch_tcl,patch_tcl,28,47,20,17,4,2,0,False,print;script.exists;script.read_text;script.write_text;text.replace,f3b195e34d78468a6365
hardware/tools/repair_hls_to_pynq.py,maintained,function,copy_if_present,copy_if_present,50,60,11,10,2,3,0,False,dst.parent.mkdir;print;shutil.copy2;src.exists,5378a5acaaf32712a266
hardware/tools/repair_hls_to_pynq.py,maintained,function,copy_artifacts,copy_artifacts,63,94,32,11,0,2,0,False,copy_if_present,3dc1bd73d0397f5a9200
hardware/tools/repair_hls_to_pynq.py,maintained,function,print_smoke_commands,print_smoke_commands,97,100,4,4,0,0,0,False,print,863d6199623c11542a93
hardware/tools/repair_hls_to_pynq.py,maintained,function,main,main,103,114,12,11,2,0,0,False,Path;argparse.ArgumentParser;copy_artifacts;parser.add_argument;parser.parse_args;patch_tcl;print;print_smoke_commands;resolve,a2c97a46583f8e0210b7
hardware/tools/run_runtime_mode_board_latency.py,maintained,function,build_host_preflight,build_host_preflight,53,70,18,6,3,2,0,False,len;resolver;sorted;str,0c5a45be9dc4b7163f92
hardware/tools/run_runtime_mode_board_latency.py,maintained,function,build_runtime_mode_summary,build_runtime_mode_summary,73,149,77,25,13,11,0,False,Path;build_gate;build_host_preflight;build_summary;errors.append;errors.extend;profile_summaries.items;profile_summaries.values;summary.get,12ca915045417ea615c6
hardware/tools/run_runtime_mode_board_latency.py,maintained,function,render_combined_markdown,render_combined_markdown,152,193,42,18,7,2,0,False,join;lines.append;lines.extend;list;render_gate_markdown;render_markdown;strip,ae6546a8b93a7ef46f2c
hardware/tools/run_runtime_mode_board_latency.py,maintained,function,write_outputs,write_outputs,196,205,10,5,0,4,0,False,json.dumps;json_out.parent.mkdir;json_out.write_text;markdown_out.parent.mkdir;markdown_out.write_text;render_combined_markdown,25407f152b333b88debf
hardware/tools/run_runtime_mode_board_latency.py,maintained,function,parse_args,parse_args,208,219,12,12,0,1,0,False,argparse.ArgumentParser;parser.add_argument;parser.parse_args;sorted,5292ae08d2d7e3d35b44
hardware/tools/run_runtime_mode_board_latency.py,maintained,function,main,main,222,247,26,14,3,1,0,False,args.root.resolve;build_runtime_mode_summary;parse_args;print;write_outputs,342d61b31e6b4342392b
hardware/tools/run_third_goal_final_signoff.py,maintained,function,load_json,load_json,67,71,5,5,1,1,0,False,ValueError;isinstance;json.loads;path.read_text,f13fad316f937fbe1163
hardware/tools/run_third_goal_final_signoff.py,maintained,function,copy_artifact,copy_artifact,74,76,3,3,0,2,0,False,dst.parent.mkdir;shutil.copy2,6d39af54b761ef8a795b
hardware/tools/run_third_goal_final_signoff.py,maintained,function,unique_ordered,unique_ordered,79,80,2,2,0,1,0,False,dict.fromkeys;list,75eb7221707f27436dc1
hardware/tools/run_third_goal_final_signoff.py,maintained,function,sha256_file,sha256_file,83,88,6,6,2,1,0,False,digest.hexdigest;digest.update;handle.read;hashlib.sha256;iter;path.open,8b20a237fa4044c9253b
hardware/tools/run_third_goal_final_signoff.py,maintained,function,build_mirror_integrity,build_mirror_integrity,91,175,85,35,16,2,0,False,Path;bool;contracts.append;failures.append;len;mirror.exists;mirror.is_file;mirror.resolve;mirror.stat;mirror_resolved.relative_to;resolve;sha256_file;source.exists;source.is_file;source.stat;str;unique_ordered,2d83174d3148c4e6d8cc
hardware/tools/run_third_goal_final_signoff.py,maintained,function,default_paths,default_paths,178,387,210,5,0,1,0,False,,890c496490f8f65427a6
hardware/tools/run_third_goal_final_signoff.py,maintained,function,run_step,run_step,390,396,7,3,0,3,0,False,tool,9e12d0abfb7a59793ed7
hardware/tools/run_third_goal_final_signoff.py,maintained,function,run_preflight,run_preflight,399,405,7,6,1,1,0,False,check_third_goal_preflight.main,08955d17168f9648daf0
hardware/tools/run_third_goal_final_signoff.py,maintained,function,render_markdown,render_markdown,408,501,94,30,10,1,0,False,blocker_paths.items;failure.get;get;join;lines.append;lines.extend;summary.get,a23af4277a1cb26fc517
hardware/tools/run_third_goal_final_signoff.py,maintained,function,extract_path,extract_path,504,510,7,7,3,2,0,False,current.get;isinstance;str,d842315f8a75b1cda3c9
hardware/tools/run_third_goal_final_signoff.py,maintained,function,build_remaining_blocker_details,build_remaining_blocker_details,513,594,82,21,12,3,0,False,blocker_closure.get;bool;check_final_blocker_closure_readiness.active_policy_path;check_final_blocker_closure_readiness.canonical_c3b_path;create_xr_vits_replacement_policy.default_requested_path;current_xr.get;extract_path;get;isinstance;resolve;root.resolve;str,ff5ca4a0f8b584d70b22
hardware/tools/run_third_goal_final_signoff.py,maintained,function,run_pipeline,run_pipeline,597,2315,1719,503,163,30,0,False,any;blocker.get;blocker_closure.get;blocker_closure_argv.append;blocker_closure_argv.extend;bool;build_mirror_integrity;build_remaining_blocker_details;bundle_validation.get;c3b_import_argv.append;c3b_smoke_contract.get;c3b_smoke_discovery.get;c3b_transfer_manifest.get;candidate_audit.get;candidate_audit_argv.append;candidate_audit_argv.extend;check.get;closeout_packet.get;closeout_packet_argv.append;closeout_validation.get;completion.get;copy_artifact;current_audit.get;default_paths;evidence_manifest.get;exists;extend;final_audit.get;get;isinstance;json.dumps;len;load_json;mirror_if_exists;mirrored.append;operator_handoff.get;operator_handoff_validation.get;p2_vit_scale_calibration.get;parent.mkdir;policy_argv.append;policy_argv.extend;preflight.get;preview_policy_argv.extend;pynq_c3b_smoke_discovery.get;pynq_vref_smoke_discovery.get;qkv_import_argv.append;qkv_remote.get;qkv_remote_argv.append;qkv_remote_argv.extend;qkv_uram_smoke_discovery.get;readiness.get;refresh_final_manifest_dependents;remaining_blockers.append;render_markdown;requirements_trace.get;resource_matrix.get;resource_policy.get;root.resolve;run_bundle_validation_step;run_completion_step;run_evidence_manifest_step;run_operator_handoff_step;run_operator_handoff_validation_step;run_requirements_trace_step;run_spec_plan_step;run_step;selected_path.get;set;source_audit.get;spec_plan.get;steps.append;str;summary.update;unblock.get;unblock_intake.get;unblock_intake_argv.append;unblock_intake_argv.extend;unique_ordered;vref_import_argv.append;vref_remote.get;vref_remote_argv.append;vref_remote_argv.extend;vref_smoke_discovery.get;write_summary;write_text;xr_vits_packet.get;xr_vits_reference_resolution.get;zcu104_argv.append;zcu104_argv.extend;zcu104_remote.get,
hardware/tools/run_third_goal_final_signoff.py,maintained,function,run_pipeline.write_summary,write_summary,1235,1334,100,9,0,19,0,False,build_mirror_integrity;build_remaining_blocker_details;c3b_transfer_manifest.get;candidate_audit.get;completion.get;final_audit.get;json.dumps;len;parent.mkdir;preflight.get;readiness.get;render_markdown;resource_matrix.get;resource_policy.get;selected_path.get;str;unblock.get;unique_ordered;write_text;xr_vits_packet.get;xr_vits_reference_resolution.get;zcu104_remote.get,517d51b9cd028642e30a
hardware/tools/run_third_goal_final_signoff.py,maintained,function,run_pipeline.mirror_if_exists,mirror_if_exists,1360,1363,4,4,1,2,0,False,copy_artifact;exists;mirrored.append;str,bce00c4e33e02375546b
hardware/tools/run_third_goal_final_signoff.py,maintained,function,run_pipeline.run_requirements_trace_step,run_requirements_trace_step,1365,1395,31,6,1,1,0,False,exists;load_json;mirror_if_exists;run_step;steps.append;str,4ac9debfe55e45154ff8
hardware/tools/run_third_goal_final_signoff.py,maintained,function,run_pipeline.run_spec_plan_step,run_spec_plan_step,1397,1413,17,6,1,1,0,False,exists;load_json;mirror_if_exists;run_step;steps.append;str,cbd12dc95807529ab51d
hardware/tools/run_third_goal_final_signoff.py,maintained,function,run_pipeline.run_completion_step,run_completion_step,1415,1433,19,6,1,1,0,False,exists;load_json;mirror_if_exists;run_step;steps.append;str,6baef207bfaf2876e123
hardware/tools/run_third_goal_final_signoff.py,maintained,function,run_pipeline.run_operator_handoff_step,run_operator_handoff_step,1435,1461,27,6,1,1,0,False,exists;load_json;mirror_if_exists;run_step;steps.append;str,de91d0646e8be34b6d27
hardware/tools/run_third_goal_final_signoff.py,maintained,function,run_pipeline.run_operator_handoff_validation_step,run_operator_handoff_validation_step,1463,1485,23,6,1,1,0,False,exists;load_json;mirror_if_exists;run_step;steps.append;str,99f79b85db4425a9f3ed
hardware/tools/run_third_goal_final_signoff.py,maintained,function,run_pipeline.run_bundle_validation_step,run_bundle_validation_step,1487,1503,17,6,1,1,0,False,exists;load_json;mirror_if_exists;run_step;steps.append;str,e37b583c1eab55ed5426
hardware/tools/run_third_goal_final_signoff.py,maintained,function,run_pipeline.run_evidence_manifest_step,run_evidence_manifest_step,1505,1521,17,6,1,1,0,False,exists;load_json;mirror_if_exists;run_step;steps.append;str,a7679945138a7c376aa2
hardware/tools/run_third_goal_final_signoff.py,maintained,function,run_pipeline.refresh_final_manifest_dependents,refresh_final_manifest_dependents,1523,1548,26,24,0,0,0,False,run_bundle_validation_step;run_completion_step;run_evidence_manifest_step;run_operator_handoff_step;run_operator_handoff_validation_step;run_requirements_trace_step;run_spec_plan_step,d535b422ec7eab0d8812
hardware/tools/run_third_goal_final_signoff.py,maintained,function,parse_args,parse_args,2318,2348,31,31,0,1,0,False,argparse.ArgumentParser;parser.add_argument;parser.parse_args,8f44941701ab84717622
hardware/tools/run_third_goal_final_signoff.py,maintained,function,main,main,2351,2388,38,5,0,1,0,False,get;len;parse_args;print;run_pipeline,c6a16eae3d45c61f2670
hardware/tools/run_zcu104_c3b_smoke_remote.py,maintained,function,remote_target,remote_target,375,376,2,2,1,2,0,False,,48d14786fed20c0ff18e
hardware/tools/run_zcu104_c3b_smoke_remote.py,maintained,function,ssh_base,ssh_base,379,385,7,7,2,2,0,False,cmd.extend;str,7e6d918a7540c88a8472
hardware/tools/run_zcu104_c3b_smoke_remote.py,maintained,function,scp_base,scp_base,388,394,7,7,2,2,0,False,cmd.extend;str,28fadb1d06b5ec00b31d
hardware/tools/run_zcu104_c3b_smoke_remote.py,maintained,function,shell_join,shell_join,397,398,2,2,0,1,0,False,join,47c976455c9ab971a067
hardware/tools/run_zcu104_c3b_smoke_remote.py,maintained,function,quote_remote_shell_path,quote_remote_shell_path,401,406,6,6,2,1,0,False,path.startswith;shlex.quote,a13d1ce31467382ef908
hardware/tools/run_zcu104_c3b_smoke_remote.py,maintained,function,validate_local_inputs,validate_local_inputs,409,420,12,12,4,2,0,False,errors.append;sha256_file;sha256_path.exists;sha256_path.read_text;strip;tar_path.exists,e0d5abfa97edcfee2074
hardware/tools/run_zcu104_c3b_smoke_remote.py,maintained,function,build_commands,build_commands,423,469,47,12,0,13,0,False,local_result.with_name;quote_remote_shell_path;remote_dir.rstrip;remote_target;scp_base;shell_join;shlex.quote;ssh_base;str,082d5c10bdb65db618f1
hardware/tools/run_zcu104_c3b_smoke_remote.py,maintained,function,run_command,run_command,472,479,8,3,0,2,0,False,runner,46e06ad2dde9dbdf1eac
hardware/tools/run_zcu104_c3b_smoke_remote.py,maintained,function,default_runner,default_runner,482,483,2,2,0,1,0,False,subprocess.run,a739ca19272f6eef3962
hardware/tools/run_zcu104_c3b_smoke_remote.py,maintained,function,build_summary,build_summary,486,567,82,25,6,18,0,False,append;build_commands;extend;import_result;local_result.parent.mkdir;run_command;str;validate_local_inputs,2f442910a64904ce9d0e
hardware/tools/run_zcu104_c3b_smoke_remote.py,maintained,function,render_markdown,render_markdown,570,599,30,14,4,1,0,False,items;join;lines.append;lines.extend;shlex.quote,3db5821f0df3f4fa1e42
hardware/tools/run_zcu104_c3b_smoke_remote.py,maintained,function,write_outputs,write_outputs,602,606,5,5,0,3,0,False,json.dumps;json_out.parent.mkdir;json_out.write_text;markdown_out.parent.mkdir;markdown_out.write_text;render_markdown,86978c37a2f15cf22b9e
hardware/tools/run_zcu104_c3b_smoke_remote.py,maintained,function,parse_args,parse_args,609,633,25,25,6,1,0,False,argparse.ArgumentParser;parser.add_argument;parser.parse_args;sorted,31b67b76c4ee7e7c7604
hardware/tools/run_zcu104_c3b_smoke_remote.py,maintained,function,main,main,636,662,27,6,1,1,0,False,args.root.resolve;build_summary;len;parse_args;print;write_outputs,0b72ef40d6e733c3e50e
hardware/tools/static_validate_hgtxr.py,maintained,function,check_exists,check_exists,341,352,12,11,3,3,0,False,path.exists;print,8c12a45a1c629e7ea6a0
hardware/tools/static_validate_hgtxr.py,maintained,function,check_markers,check_markers,355,369,15,14,5,5,0,False,path.exists;path.read_text;print,c88031436b4af799421a
hardware/tools/static_validate_hgtxr.py,maintained,function,check_axi_markers,check_axi_markers,372,395,24,6,0,1,0,False,check_markers,104e313d712e2860e0a4
hardware/tools/static_validate_hgtxr.py,maintained,function,check_a1_axis_dma_markers,check_a1_axis_dma_markers,398,405,8,2,0,1,0,False,check_markers,e5cbe8c9f323e4c41233
hardware/tools/static_validate_hgtxr.py,maintained,function,check_c_par_isolation_markers,check_c_par_isolation_markers,408,445,38,8,0,1,0,False,check_markers,93e04535de5086520a32
hardware/tools/static_validate_hgtxr.py,maintained,function,check_spec_kit_status,check_spec_kit_status,448,457,10,9,2,0,0,False,print;shutil.which,bd552e2d7ee537c6bf21
hardware/tools/static_validate_hgtxr.py,maintained,function,check_tcl_patch,check_tcl_patch,460,470,11,11,2,1,0,False,print;script.exists;script.read_text,d51338a9b0ec57a39bab
hardware/tools/static_validate_hgtxr.py,maintained,function,main,main,473,495,23,21,1,0,0,False,Path;argparse.ArgumentParser;check_a1_axis_dma_markers;check_axi_markers;check_c_par_isolation_markers;check_exists;check_spec_kit_status;check_tcl_patch;parser.add_argument;parser.parse_args;print;resolve,4402d1d590ff83f88837
hardware/tools/update_e2e_docs_2026_06_09.py,maintained,function,main,main,103,108,6,6,2,0,0,False,Path;path.read_text;path.write_text;text.rstrip,2e77e7b91bcd5a4d5d87
hardware/tools/validate_e2e_axis_vector.py,maintained,class,ReducedE2EConfig,ReducedE2EConfig,18,34,17,17,0,0,1,False,,
hardware/tools/validate_e2e_axis_vector.py,maintained,class,E2EMathConfig,E2EMathConfig,38,49,12,12,0,0,1,False,,
hardware/tools/validate_e2e_axis_vector.py,maintained,class,E2EVectorReference,E2EVectorReference,53,60,8,8,0,0,1,False,,
hardware/tools/validate_e2e_axis_vector.py,maintained,function,require_int,require_int,63,67,5,5,1,2,0,False,ValueError;isinstance,2941e627c8c57b48c9c2
hardware/tools/validate_e2e_axis_vector.py,maintained,function,load_spec,load_spec,70,105,36,29,13,1,0,False,E2EMathConfig;ReducedE2EConfig;ValueError;json.loads;len;path.read_text;payload.get;validate_entries,7b1e9cadc53cc7bdfdf9
hardware/tools/validate_e2e_axis_vector.py,maintained,function,validate_raw,validate_raw,108,112,5,5,2,2,0,False,ValueError,4ed4e7715e73d4170228
hardware/tools/validate_e2e_axis_vector.py,maintained,function,validate_entries,validate_entries,115,163,49,42,21,2,0,False,ValueError;int;pattern.get;require_int;validate_raw,0fd853c57fbc2489a8c1
hardware/tools/validate_e2e_axis_vector.py,maintained,function,q4_to_float,q4_to_float,166,173,8,8,1,2,0,False,float,e0ff72d5ad619997c262
hardware/tools/validate_e2e_axis_vector.py,maintained,function,q_data,q_data,176,179,4,3,0,1,0,False,int;max;min,67d2d20b95c840c47edc
hardware/tools/validate_e2e_axis_vector.py,maintained,function,frame_pixel,frame_pixel,182,183,2,2,0,2,0,False,float,a1f69716d4b9887840d6
hardware/tools/validate_e2e_axis_vector.py,maintained,function,rsqrt_lut,rsqrt_lut,186,198,13,4,0,1,0,False,int;max;min,0b16d4f875afcb2a0977
hardware/tools/validate_e2e_axis_vector.py,maintained,function,exp_lut,exp_lut,201,209,9,4,1,1,0,False,int;max;min,2595e92e790450fa09fe
hardware/tools/validate_e2e_axis_vector.py,maintained,function,gelu_lut,gelu_lut,212,220,9,4,0,1,0,False,int;max;min;q_data,20ea116cb424254284fd
hardware/tools/validate_e2e_axis_vector.py,maintained,function,hgpipe_cursor_table,hgpipe_cursor_table,223,225,3,3,0,5,0,False,int;max;min,98ede3a1c6869637949a
hardware/tools/validate_e2e_axis_vector.py,maintained,function,load_hgpipe_geluq_tables,load_hgpipe_geluq_tables,228,238,11,11,4,1,0,False,ValueError;contract.get;int;items;json.loads;path.read_text;range;tables.append,888367ac79b5e09db05c
hardware/tools/validate_e2e_axis_vector.py,maintained,function,load_hgpipe_softmax_tables,load_hgpipe_softmax_tables,241,255,15,10,6,1,0,False,ValueError;contract.get;int;items;json.loads;path.read_text;range;tables.append,14ac0b9fb193115d766c
hardware/tools/validate_e2e_axis_vector.py,maintained,function,load_hgpipe_layernorm_tables,load_hgpipe_layernorm_tables,258,271,14,11,5,1,0,False,ValueError;append;contract.get;int;items;json.loads;path.read_text;range,ab6d3d5fb73ed89cbb90
hardware/tools/validate_e2e_axis_vector.py,maintained,function,gelu_with_math,gelu_with_math,274,285,12,9,2,4,0,False,ValueError;float;gelu_lut;hgpipe_cursor_table;int;q_data,c7d8eec0f96cdf06cfaf
hardware/tools/validate_e2e_axis_vector.py,maintained,function,softmax_probs_with_math,softmax_probs_with_math,288,342,55,31,9,4,0,False,ValueError;exp_lut;exp_scores.append;float;hgpipe_cursor_table;int;max;min;out.append;q_data;sum,74d1f769ee5b20ceb696
hardware/tools/validate_e2e_axis_vector.py,maintained,function,zeros2,zeros2,345,346,2,2,2,2,0,False,range,bc81fdb8962c153d47df
hardware/tools/validate_e2e_axis_vector.py,maintained,function,set_matrix,set_matrix,349,350,2,2,0,5,0,False,q4_to_float,d77b1fb2e3b56bd92f65
hardware/tools/validate_e2e_axis_vector.py,maintained,function,build_weights,build_weights,353,395,43,39,11,2,0,False,enumerate;int;pattern.get;range;set_matrix;zeros2,b5ce8affca619c8c926b
hardware/tools/validate_e2e_axis_vector.py,maintained,function,conv_patch_embedding,conv_patch_embedding,398,415,18,18,6,2,0,False,frame_pixel;q4_to_float;range;zeros2,0e799d20df2920fdadfc
hardware/tools/validate_e2e_axis_vector.py,maintained,function,compact_layernorm,compact_layernorm,418,431,14,11,3,4,0,False,float;q4_to_float;range;rsqrt_lut;sum;zeros2,41f8a7b453840947376f
hardware/tools/validate_e2e_axis_vector.py,maintained,function,layernorm_with_math,layernorm_with_math,434,473,40,21,7,8,0,False,ValueError;compact_layernorm;enumerate;float;hgpipe_cursor_table;int;max;min;q_data;range;sum;zeros2,d4eb7c1ec59ce1eb1c10
hardware/tools/validate_e2e_axis_vector.py,maintained,function,project_qkv,project_qkv,476,485,10,10,5,3,0,False,range;sum;zeros2,ce69e13b82c09deed958
hardware/tools/validate_e2e_axis_vector.py,maintained,function,attention_core,attention_core,488,506,19,13,6,7,0,False,range;scores.append;softmax_probs_with_math;sum;zeros2,408903f6a28cff2cd27b
hardware/tools/validate_e2e_axis_vector.py,maintained,function,output_projection,output_projection,509,513,5,5,3,4,0,False,range;sum,4cd9ab5dde68b5ff52f5
hardware/tools/validate_e2e_axis_vector.py,maintained,function,mlp_unit,mlp_unit,516,533,18,10,5,9,0,False,gelu_with_math;layernorm_with_math;range;sum;zeros2,1528d7f0e5884cebe698
hardware/tools/validate_e2e_axis_vector.py,maintained,function,build_reference,build_reference,536,601,66,24,24,3,0,False,E2EVectorReference;Path;attention_core;build_weights;conv_patch_embedding;float;head_float.append;int;layernorm_with_math;load_hgpipe_geluq_tables;load_hgpipe_layernorm_tables;load_hgpipe_softmax_tables;mlp_unit;output_projection;pattern.get;project_qkv;range;sum,d0fcf40b02b1ba8b0ccd
hardware/tools/validate_e2e_axis_vector.py,maintained,function,c_array,c_array,604,606,3,3,1,2,0,False,join;len;str,27ec1744104f195b919b
hardware/tools/validate_e2e_axis_vector.py,maintained,function,struct_array,struct_array,609,620,12,4,2,3,0,False,len,6389b27478b44091d260
hardware/tools/validate_e2e_axis_vector.py,maintained,function,emit_c_header,emit_c_header,623,682,60,10,8,3,0,False,c_array;int;join;lines.append;pattern.get;struct_array,d0f244be4ee48cf2dd7c
hardware/tools/validate_e2e_axis_vector.py,maintained,function,main,main,685,714,30,29,6,0,0,False,Path;argparse.ArgumentParser;asdict;build_reference;chr;emit_c_header;header_path.read_text;int;json.dumps;len;load_spec;out.parent.mkdir;out.write_text;parser.add_argument;parser.parse_args;print;str,6c30d350e847c900d758
hardware/tools/validate_final_operator_handoff.py,maintained,function,load_json,load_json,173,177,5,5,1,1,0,False,ValueError;isinstance;json.loads;path.read_text,64a648c70701d933c704
hardware/tools/validate_final_operator_handoff.py,maintained,function,contains,contains,180,181,2,2,2,2,0,False,any;isinstance;str,e6ca60d1e0d724709cd7
hardware/tools/validate_final_operator_handoff.py,maintained,function,add_check,add_check,184,185,2,2,1,4,0,False,checks.append,a80c03f5762a1d932408
hardware/tools/validate_final_operator_handoff.py,maintained,function,positive_int,positive_int,188,192,5,4,1,1,0,False,int,8a4531092e8617004cab
hardware/tools/validate_final_operator_handoff.py,maintained,function,failed_consistency,failed_consistency,195,199,5,5,2,1,0,False,contract.get;isinstance;str,ba3ad178b6ddddf3a5c2
hardware/tools/validate_final_operator_handoff.py,maintained,function,bootstrap_evidence_failures_only,bootstrap_evidence_failures_only,202,204,3,3,1,1,0,False,bool;failed_consistency;set,e3ea5ea28de93fbe3721
hardware/tools/validate_final_operator_handoff.py,maintained,function,spec_plan_bootstrap_failures_only,spec_plan_bootstrap_failures_only,207,222,16,4,7,1,0,False,all;bool;check.get;isinstance;name.endswith;spec_plan.get;str,578e877152499d79fbba
hardware/tools/validate_final_operator_handoff.py,maintained,function,contract_safety,contract_safety,225,227,3,3,1,1,0,False,contract.get;isinstance,9e30458ed4bfcb9b547c
hardware/tools/validate_final_operator_handoff.py,maintained,function,evidence_manifest_contract,evidence_manifest_contract,230,242,13,4,1,2,0,False,contract_safety;failed_consistency;isinstance;len;manifest.get;str,72696a3107f087ccae7b
hardware/tools/validate_final_operator_handoff.py,maintained,function,load_evidence_manifest_contract,load_evidence_manifest_contract,245,253,9,8,2,1,0,False,evidence_manifest_contract;load_json;path.exists;str,dba2e9b7f9c21fed10ca
hardware/tools/validate_final_operator_handoff.py,maintained,function,manifest_consistency_by_name,manifest_consistency_by_name,256,266,11,3,4,1,0,False,check.get;isinstance;manifest.get;str,e430f2d01f88e0a30dc0
hardware/tools/validate_final_operator_handoff.py,maintained,function,checks_by_name,checks_by_name,269,279,11,3,4,1,0,False,check.get;isinstance;payload.get;str,5bdf695f3d8e5374ae40
hardware/tools/validate_final_operator_handoff.py,maintained,function,load_live_resource,load_live_resource,282,289,8,7,2,2,0,False,load_json;path.exists;str,00f42c93037abd856184
hardware/tools/validate_final_operator_handoff.py,maintained,function,xr_resolution_contract,xr_resolution_contract,292,322,31,7,5,1,0,False,bool;candidate.get;commands.get;isinstance;resolution.get;safety.get,3fa572e3cafb76f8c8bd
hardware/tools/validate_final_operator_handoff.py,maintained,function,intake_pending_blockers,intake_pending_blockers,325,333,9,5,3,1,0,False,blocker_status.items;bool;intake.get;isinstance;set;status.get;str,016615d3d7acfdf9de21
hardware/tools/validate_final_operator_handoff.py,maintained,function,intake_candidate_states,intake_candidate_states,336,349,14,10,3,1,0,False,blocker_status.items;bool;intake.get;isinstance;normalized_candidate_status;status.get;str,0a9d694e25e78e47e033
hardware/tools/validate_final_operator_handoff.py,maintained,function,normalized_candidate_status,normalized_candidate_status,352,354,3,3,1,1,0,False,str,b55a2f45a3b3c978bfab
hardware/tools/validate_final_operator_handoff.py,maintained,function,handoff_candidate_states,handoff_candidate_states,357,369,13,2,0,2,0,False,board.get;bool;normalized_candidate_status;xr.get,a7be35e70b72690f551c
hardware/tools/validate_final_operator_handoff.py,maintained,function,load_policy_validation,load_policy_validation,372,386,15,10,2,2,0,False,Path;integrity.get;load_json;policy_path.exists;policy_path.is_absolute;str;xr_policy.validate_policy_integrity,b8d200ef4a917aa1c881
hardware/tools/validate_final_operator_handoff.py,maintained,function,policy_validation_status,policy_validation_status,389,391,3,3,1,1,0,False,integrity.get;isinstance;str;validation.get,e7057112291f834be1e9
hardware/tools/validate_final_operator_handoff.py,maintained,function,validate_handoff,validate_handoff,394,1569,1176,243,230,1,0,False,EXPECTED_CURRENT_AUDIT_SUMMARY.items;Path;Path.cwd;add_check;all;any;board.get;bool;bootstrap_evidence_failures_only;c3b_gate_bundle.get;c3b_gate_canonical.get;c3b_gate_safety.get;c3b_gate_session.get;c3b_gate_validation.get;checks_by_name;closeout_board.get;closeout_c3b.get;closeout_commands.get;closeout_packet_safety.get;closeout_qkv.get;closeout_validation_checks.get;closeout_validation_safety.get;closeout_xr.get;closeout_xr_policy.get;combined.get;contains;current_paths.get;current_qkv.get;current_safety.get;current_summary.get;current_xr_policy.get;detail.get;embedded_xr_contract.get;endswith;evidence_contract.get;evidence_safety.get;final.get;get;handoff.get;handoff_candidate_states;int;intake_candidate_states;intake_pending_blockers;isinstance;issubset;len;live_c3b_physical_gate.get;live_closeout_packet.get;live_closeout_validation.get;live_consistency.get;live_current_audit.get;live_final_runner.get;live_policy_validation.get;live_req6_parameterization.get;live_resource_policy.get;live_source_audit.get;live_spec_plan.get;live_xr_contract.get;live_xr_vits_gate.get;load_evidence_manifest_contract;load_live_resource;load_policy_validation;manifest_consistency_by_name;map;policy_validation_status;positive_int;req6_checks.get;resolve;resource_policy_checks.get;safety.get;set;sorted;spec_observed.get;spec_plan_bootstrap_failures_only;spec_plan_checks.get;spec_safety.get;str;sum;xr.get;xr_gate_candidate.get;xr_gate_candidate_audit.get;xr_gate_current.get;xr_gate_exact.get;xr_gate_policy.get;xr_gate_recommendation.get;xr_gate_safety.get;xr_policy_integrity.get;xr_resolution.get;xr_resolution_contract,
hardware/tools/validate_final_operator_handoff.py,maintained,function,render_markdown,render_markdown,1572,1599,28,7,1,1,0,False,join;lines.append;lines.extend;replace;str,5a6476146bf5ff58fa8c
hardware/tools/validate_final_operator_handoff.py,maintained,function,parse_args,parse_args,1602,1608,7,7,0,1,0,False,Path;argparse.ArgumentParser;parser.add_argument;parser.parse_args;resolve,b2cce6841a4467b11f97
hardware/tools/validate_final_operator_handoff.py,maintained,function,main,main,1611,1621,11,11,2,1,0,False,args.json_out.parent.mkdir;args.json_out.write_text;args.markdown_out.parent.mkdir;args.markdown_out.write_text;args.root.resolve;json.dumps;load_json;parse_args;print;render_markdown;validate_handoff,9d8b0525344cd01b7c85
hardware/tools/validate_final_signoff_bundle.py,maintained,function,load_json,load_json,302,306,5,5,1,1,0,False,ValueError;isinstance;json.loads;path.read_text,64a648c70701d933c704
hardware/tools/validate_final_signoff_bundle.py,maintained,function,add_check,add_check,309,310,2,2,1,4,0,False,checks.append,a80c03f5762a1d932408
hardware/tools/validate_final_signoff_bundle.py,maintained,function,blocker_names,blocker_names,313,317,5,5,2,1,0,False,blocker.get;final_audit.get;isinstance;sorted;str,676b55875404f17483b2
hardware/tools/validate_final_signoff_bundle.py,maintained,function,section_ids,section_ids,320,324,5,5,2,1,0,False,command_card.get;isinstance;section.get;set;str,0709398d1161498a3a11
hardware/tools/validate_final_signoff_bundle.py,maintained,function,command_card_blockers,command_card_blockers,327,331,5,5,2,1,0,False,command_card.get;isinstance;sorted;str,a9d87d09026ac776b11f
hardware/tools/validate_final_signoff_bundle.py,maintained,function,trace_blockers,trace_blockers,334,339,6,6,3,1,0,False,final.get;isinstance;requirements_trace.get;sorted;str,04b01a27c63f13d68ad2
hardware/tools/validate_final_signoff_bundle.py,maintained,function,candidate_blockers,candidate_blockers,342,346,5,5,2,1,0,False,candidate_audit.get;isinstance;sorted;str,fd0ec6309be31cbdc6f7
hardware/tools/validate_final_signoff_bundle.py,maintained,function,handoff_blockers,handoff_blockers,349,353,5,5,2,1,0,False,handoff.get;isinstance;sorted;str,276df6ffba94fd322343
hardware/tools/validate_final_signoff_bundle.py,maintained,function,evidence_contract,evidence_contract,356,358,3,3,1,1,0,False,isinstance;payload.get,35d3e72a534386fd0968
hardware/tools/validate_final_signoff_bundle.py,maintained,function,failed_consistency,failed_consistency,361,365,5,5,2,1,0,False,contract.get;isinstance;str,ba3ad178b6ddddf3a5c2
hardware/tools/validate_final_signoff_bundle.py,maintained,function,bootstrap_evidence_failures_only,bootstrap_evidence_failures_only,368,370,3,3,1,1,0,False,bool;failed_consistency;set,e3ea5ea28de93fbe3721
hardware/tools/validate_final_signoff_bundle.py,maintained,function,spec_plan_bootstrap_failures_only,spec_plan_bootstrap_failures_only,373,384,12,4,6,1,0,False,all;bool;check.get;isinstance;name.endswith;spec_plan.get;str,b5c6b47f6290a31f1282
hardware/tools/validate_final_signoff_bundle.py,maintained,function,contract_safety,contract_safety,387,389,3,3,1,1,0,False,contract.get;isinstance,9e30458ed4bfcb9b547c
hardware/tools/validate_final_signoff_bundle.py,maintained,function,safety_flag,safety_flag,392,397,6,6,3,3,0,False,safety.get,af739b880c59cd9b04d4
hardware/tools/validate_final_signoff_bundle.py,maintained,function,manifest_contract,manifest_contract,400,412,13,4,1,1,0,False,Path;contract_safety;failed_consistency;final_evidence_manifest.get;isinstance;len;str,0bdd28857609659f4c61
hardware/tools/validate_final_signoff_bundle.py,maintained,function,manifest_artifact_ids,manifest_artifact_ids,415,419,5,5,2,1,0,False,artifact.get;final_evidence_manifest.get;isinstance;set;str,26641554d340c2ababd7
hardware/tools/validate_final_signoff_bundle.py,maintained,function,manifest_consistency_by_name,manifest_consistency_by_name,422,430,9,5,3,1,0,False,check.get;final_evidence_manifest.get;isinstance;str,6bba53a1441b73a4447d
hardware/tools/validate_final_signoff_bundle.py,maintained,function,checks_by_name,checks_by_name,433,439,7,3,3,1,0,False,check.get;isinstance;payload.get;str,e3def8a2ddbfac9d1939
hardware/tools/validate_final_signoff_bundle.py,maintained,function,int_at_least,int_at_least,442,446,5,4,1,2,0,False,int,192aeab0822567133dc8
hardware/tools/validate_final_signoff_bundle.py,maintained,function,required_policy_fields_present,required_policy_fields_present,449,459,11,5,2,1,0,False,integrity.get;isinstance;issubset;str,67ec0d59126d735104a2
hardware/tools/validate_final_signoff_bundle.py,maintained,function,handoff_policy_integrity,handoff_policy_integrity,462,466,5,5,3,1,0,False,handoff.get;isinstance;resolution.get;xr.get,56c903344b9e595f17b7
hardware/tools/validate_final_signoff_bundle.py,maintained,function,policy_validation_status,policy_validation_status,469,471,3,3,1,1,0,False,integrity.get;isinstance;str;validation.get,e7057112291f834be1e9
hardware/tools/validate_final_signoff_bundle.py,maintained,function,live_policy_validation,live_policy_validation,474,488,15,10,2,2,0,False,Path;integrity.get;load_json;policy_path.exists;policy_path.is_absolute;str;xr_policy.validate_policy_integrity,b8d200ef4a917aa1c881
hardware/tools/validate_final_signoff_bundle.py,maintained,function,build_bundle_paths,build_bundle_paths,491,515,25,3,0,1,0,False,,3774e36f21f7a6706ac8
hardware/tools/validate_final_signoff_bundle.py,maintained,function,validate_bundle,validate_bundle,518,1425,908,228,113,2,0,False,EXPECTED_CURRENT_AUDIT_SUMMARY.items;add_check;all;any;blocker_names;bool;bootstrap_evidence_failures_only;build_bundle_paths;c3b_gate_bundle.get;c3b_gate_canonical.get;c3b_gate_safety.get;c3b_gate_session.get;c3b_gate_validation.get;c3b_physical_gate.get;candidate_blockers;checks_by_name;closeout_board.get;closeout_c3b.get;closeout_commands.get;closeout_packet.get;closeout_packet_safety.get;closeout_qkv.get;closeout_validation.get;closeout_validation_checks.get;closeout_validation_safety.get;closeout_xr.get;closeout_xr_policy.get;command_card.get;command_card_blockers;command_policy_integrity.get;completion.get;contract_safety;current_audit.get;current_paths.get;current_qkv.get;current_safety.get;current_summary.get;current_xr_policy.get;detail.get;endswith;evidence_contract;failed_consistency;final_audit.get;final_runner.get;get;handoff.get;handoff_blockers;handoff_contract.get;handoff_policy_integrity;handoff_safety.get;handoff_validation.get;handoff_xr_policy_integrity.get;int_at_least;isinstance;issubset;len;live_consistency.get;live_policy_validation;load_json;manifest_artifact_ids;manifest_consistency_by_name;manifest_contract;path.exists;paths.items;policy_validation_status;req6_checks.get;req6_parameterization.get;required_policy_fields_present;requirements_trace.get;resolution_safety.get;resource_matrix.get;resource_policy.get;resource_policy_checks.get;root.resolve;safety.get;safety_flag;safety_payload;section_ids;set;sorted;source_audit.get;spec_observed.get;spec_plan.get;spec_plan_bootstrap_failures_only;spec_plan_checks.get;spec_safety.get;str;sum;trace_blockers;trace_contract.get;trace_final.get;trace_safety.get;unblock.get;xr_gate_candidate.get;xr_gate_candidate_audit.get;xr_gate_current.get;xr_gate_exact.get;xr_gate_policy.get;xr_gate_recommendation.get;xr_gate_safety.get;xr_vits_gate.get;xr_vits_resolution.get,
hardware/tools/validate_final_signoff_bundle.py,maintained,function,safety_payload,safety_payload,1428,1434,7,2,0,0,0,False,,3282c1870f12a633bf80
hardware/tools/validate_final_signoff_bundle.py,maintained,function,render_markdown,render_markdown,1437,1470,34,12,3,1,0,False,join;lines.append;lines.extend;replace;result.get;str,79b52ddff013095c3784
hardware/tools/validate_final_signoff_bundle.py,maintained,function,parse_args,parse_args,1473,1478,6,6,0,1,0,False,argparse.ArgumentParser;parser.add_argument;parser.parse_args,a4d5266c1ae560a03b65
hardware/tools/validate_final_signoff_bundle.py,maintained,function,main,main,1481,1489,9,9,1,1,0,False,args.json_out.parent.mkdir;args.json_out.write_text;args.markdown_out.parent.mkdir;args.markdown_out.write_text;json.dumps;parse_args;print;render_markdown;validate_bundle,cf5dffe566451c6da51f
hardware/tools/validate_final_unblock_closeout_packet.py,maintained,function,load_json,load_json,23,27,5,5,1,1,0,False,ValueError;isinstance;json.loads;path.read_text,64a648c70701d933c704
hardware/tools/validate_final_unblock_closeout_packet.py,maintained,function,add_check,add_check,30,31,2,2,1,4,0,False,checks.append,a80c03f5762a1d932408
hardware/tools/validate_final_unblock_closeout_packet.py,maintained,function,is_sha256,is_sha256,34,36,3,3,2,1,0,False,all;len;str;text.lower,e242a6f9b60a3580a8cb
hardware/tools/validate_final_unblock_closeout_packet.py,maintained,function,safety_payload,safety_payload,39,51,13,7,1,1,0,False,bool;isinstance;packet.get;safety.get,8b0ca12fa412ea347905
hardware/tools/validate_final_unblock_closeout_packet.py,maintained,function,command_groups,command_groups,54,56,3,3,1,1,0,False,isinstance;packet.get,f4eef2b841ec207478ac
hardware/tools/validate_final_unblock_closeout_packet.py,maintained,function,load_policy_validation,load_policy_validation,59,73,15,10,2,2,0,False,Path;integrity.get;load_json;policy_path.exists;policy_path.is_absolute;str;xr_policy.validate_policy_integrity,b8d200ef4a917aa1c881
hardware/tools/validate_final_unblock_closeout_packet.py,maintained,function,policy_validation_status,policy_validation_status,76,78,3,3,1,1,0,False,integrity.get;isinstance;str;validation.get,e7057112291f834be1e9
hardware/tools/validate_final_unblock_closeout_packet.py,maintained,function,validate_packet,validate_packet,81,343,263,84,57,1,0,False,Path;add_check;all;any;board.get;bool;closure.get;combined.get;command_groups;commands.get;contract.get;entry.get;expected_blockers.add;is_sha256;isinstance;issubset;len;live_policy_validation.get;load_policy_validation;packet.get;policy_validation_status;qkv.get;resolve;safety_payload;set;sorted;str;sum;vref.get;vref_policy.get;xr.get;xr_policy_integrity.get,70d5c60b07da49042a1e
hardware/tools/validate_final_unblock_closeout_packet.py,maintained,function,render_markdown,render_markdown,346,362,17,6,1,1,0,False,join;lines.append;replace;str,0705664399cbb9727cdd
hardware/tools/validate_final_unblock_closeout_packet.py,maintained,function,parse_args,parse_args,365,371,7,7,0,1,0,False,argparse.ArgumentParser;parser.add_argument;parser.parse_args,e71c968ada01398a8afa
hardware/tools/validate_final_unblock_closeout_packet.py,maintained,function,main,main,374,389,16,13,2,1,0,False,args.json_out.parent.mkdir;args.json_out.write_text;args.markdown_out.parent.mkdir;args.markdown_out.write_text;args.root.resolve;json.dumps;load_json;parse_args;print;render_markdown;str;validate_packet,93a5a760bc260a8e6713
hardware/tools/validate_hgpipe_lut_math.py,maintained,function,gelu_ref,gelu_ref,9,10,2,2,0,1,0,False,math.sqrt;math.tanh,6ac72083258404024764
hardware/tools/validate_hgpipe_lut_math.py,maintained,function,clamp,clamp,26,27,2,2,0,3,0,False,max;min,84ee3a0f512ec3098993
hardware/tools/validate_hgpipe_lut_math.py,maintained,function,load_contract,load_contract,29,33,5,5,1,1,0,False,ValueError;contract.get;json.loads;path.read_text,0efdc479a2fd32c0249f
hardware/tools/validate_hgpipe_lut_math.py,maintained,function,require_len,require_len,35,37,3,3,1,3,0,False,ValueError;len,9e0a684a403b2278db2e
hardware/tools/validate_hgpipe_lut_math.py,maintained,function,parse_int_csv,parse_int_csv,39,40,2,2,1,1,0,False,int;path.read_text;re.findall,ea7463b8d7889803fb0b
hardware/tools/validate_hgpipe_lut_math.py,maintained,function,ap_int_range,ap_int_range,42,50,9,9,2,1,0,False,ValueError;int;match.groups;re.fullmatch;type_name.replace,86845be7317d8865de87
hardware/tools/validate_hgpipe_lut_math.py,maintained,function,require_values_fit,require_values_fit,52,57,6,6,2,3,0,False,ValueError;ap_int_range;max;min,8759aeb2a6f42ca6e9c5
hardware/tools/validate_hgpipe_lut_math.py,maintained,function,gelu_lut,gelu_lut,59,60,2,2,0,2,0,False,clamp;int,f68eaa2f0de7ebedfdc0
hardware/tools/validate_hgpipe_lut_math.py,maintained,function,exp_lut,exp_lut,62,64,3,3,1,2,0,False,clamp;int,48eb0d0f04fba684d365
hardware/tools/validate_hgpipe_lut_math.py,maintained,function,rsqrt_lut,rsqrt_lut,66,68,3,3,0,2,0,False,clamp;int;max;min,fd647b166fe16829ad6b
hardware/tools/validate_hgpipe_lut_math.py,maintained,function,max_error,max_error,70,72,3,3,1,3,0,False,abs;len;lut_fn;max;ref_fn;sum,19a4929a68db4f592703
hardware/tools/validate_hgpipe_lut_math.py,maintained,function,quantize_clamp,quantize_clamp,74,81,8,7,1,3,0,False,clamp,3cda78af5b67e8795805
hardware/tools/validate_hgpipe_lut_math.py,maintained,function,hgpipe_cursor_lut,hgpipe_cursor_lut,83,85,3,3,0,5,0,False,clamp,4ffaa278d0fcd09a8085
hardware/tools/validate_hgpipe_lut_math.py,maintained,function,validate_cursor_table_refs,validate_cursor_table_refs,87,157,71,54,15,3,0,False,Path;ValueError;enumerate;hgpipe_cursor_lut;int;len;math.prod;max;min;mismatches.append;parse_int_csv;require_values_fit;zip,2442b8d1286241ae3320
hardware/tools/validate_hgpipe_lut_math.py,maintained,function,validate_softmax_refs,validate_softmax_refs,159,323,165,119,29,5,0,False,Path;ValueError;clamp;enumerate;exp_scores.append;int;len;max;min;mismatches.append;parse_int_csv;quantize_clamp;range;require_values_fit;zip,9d83c9f29b08fbb4553b
hardware/tools/validate_hgpipe_lut_math.py,maintained,function,validate_layernorm_refs,validate_layernorm_refs,325,464,140,101,32,3,0,False,Path;ValueError;clamp;enumerate;int;len;max;min;mismatches.append;parse_int_csv;quantize_clamp;range;require_values_fit;sum;zip,1bd5e660a4157a35a03b
hardware/tools/validate_hgpipe_lut_math.py,maintained,function,validate_contract,validate_contract,466,534,69,33,25,1,0,False,ValueError;attn_quant_tables.items;float;geluq_tables.items;int;layernorm_rsqrt_tables.items;quantize_clamp;require_len;softmax_tables.items;validate_cursor_table_refs;validate_layernorm_refs;validate_softmax_refs,9b821998456c2a41f7bd
hardware/tools/validate_hgpipe_lut_math.py,maintained,function,main,main,536,584,49,22,9,0,0,False,Path;argparse.ArgumentParser;args.out.parent.mkdir;args.out.write_text;attn_quant_tables.items;chr;exp_lut;gelu_lut;geluq_tables.items;json.dumps;layernorm_rsqrt_tables.items;len;load_contract;math.sqrt;max_error;parser.add_argument;parser.parse_args;print;range;rsqrt_lut;softmax_tables.items;str;validate_contract,483907ee09669cfa55d2
hardware/tools/validate_pynq_bundle_package.py,maintained,function,sha256_file,sha256_file,306,311,6,6,2,1,0,False,digest.hexdigest;digest.update;handle.read;hashlib.sha256;iter;path.open,8b20a237fa4044c9253b
hardware/tools/validate_pynq_bundle_package.py,maintained,function,sha256_tar_member,sha256_tar_member,314,321,8,8,2,2,0,False,digest.hexdigest;digest.update;extracted.read;hashlib.sha256;iter;tar.extractfile,e763ae0b1051d9879657
hardware/tools/validate_pynq_bundle_package.py,maintained,function,load_manifest,load_manifest,324,328,5,5,1,1,0,False,ValueError;isinstance;json.loads;read_text,795f9314ad9ba53bee1f
hardware/tools/validate_pynq_bundle_package.py,maintained,function,validate_bundle,validate_bundle,331,415,85,74,38,3,0,False,Path;ValueError;any;bundle_dir.exists;entry.get;errors.append;isinstance;load_manifest;manifest.get;manifest_path.exists;manifest_tar.get;path.exists;set;sha256_file;sha256_tar_member;sorted;tar.getnames;tar_info.get;tar_path.exists;tarfile.open,9134f390ae0140694141
hardware/tools/validate_pynq_bundle_package.py,maintained,function,parse_args,parse_args,418,424,7,7,0,1,0,False,argparse.ArgumentParser;parser.add_argument;parser.parse_args;sorted,b30785a87a7e894f2b9c
hardware/tools/validate_pynq_bundle_package.py,maintained,function,main,main,427,442,16,10,4,1,0,False,args.json_out.parent.mkdir;args.json_out.write_text;json.dumps;parse_args;print;str;validate_bundle,cf4e7e170fc965d798f6
hardware/tools/validate_pynq_smoke_result.py,maintained,function,add_error,add_error,194,195,2,2,0,4,0,False,errors.append,55461516efbea3ed2e5b
hardware/tools/validate_pynq_smoke_result.py,maintained,function,is_number,is_number,198,199,2,2,1,1,0,False,isinstance,78db1420fef10aaf516d
hardware/tools/validate_pynq_smoke_result.py,maintained,function,validate_measurement_fields,validate_measurement_fields,202,247,46,40,26,1,0,False,bandwidth_summary.get;distribution.get;enumerate;errors.append;float;int;is_number;isinstance;len;payload.get;sum;summary.get,f5e81beb42e035f26ad1
hardware/tools/validate_pynq_smoke_result.py,maintained,function,validate_latency_target,validate_latency_target,250,277,28,26,12,2,0,False,enumerate;errors.append;float;is_number;isinstance;payload.get;preset.get;summary.get,466e21cd989195b7169d
hardware/tools/validate_pynq_smoke_result.py,maintained,function,load_json,load_json,280,284,5,5,1,1,0,False,ValueError;isinstance;json.loads;path.read_text,bfc844ee19167006b94b
hardware/tools/validate_pynq_smoke_result.py,maintained,function,expected_artifact_name,expected_artifact_name,287,289,3,3,0,2,0,False,,e41be4fed8542007d792
hardware/tools/validate_pynq_smoke_result.py,maintained,function,validate_result,validate_result,292,348,57,50,25,3,0,False,Path;ValueError;add_error;errors.append;errors.extend;expected_artifact_name;isinstance;len;payload.get;str;validate_hybrid_result;validate_latency_target;validate_measurement_fields,3585d171a8534af85c3c
hardware/tools/validate_pynq_smoke_result.py,maintained,function,validate_hybrid_result,validate_hybrid_result,351,447,97,79,37,3,0,False,Path;accelerator_summary.get;add_error;distribution.get;errors.append;errors.extend;expected_artifact_name;float;int;is_number;isinstance;payload.get;str;summaries.get;summary.get;validate_latency_target;validate_measurement_fields,495b3571e26afc3ed62c
hardware/tools/validate_pynq_smoke_result.py,maintained,function,parse_args,parse_args,450,456,7,7,0,1,0,False,argparse.ArgumentParser;parser.add_argument;parser.parse_args;sorted,f4d1a0c1ebe8f1b3c066
hardware/tools/validate_pynq_smoke_result.py,maintained,function,main,main,459,474,16,11,3,1,0,False,args.json_out.parent.mkdir;args.json_out.write_text;json.dumps;load_json;parse_args;print;str;validate_result,02ca34740167162def0d
hardware/tools/validate_s2_block_full.py,maintained,function,hard_sigmoid,hard_sigmoid,34,35,2,2,0,1,0,False,astype;np.clip,42d81c04ca49da6d420c
hardware/tools/validate_s2_block_full.py,maintained,function,gelu_approx,gelu_approx,38,42,5,5,1,2,0,False,astype;hard_sigmoid;np.clip,d77450c15b152e630a83
hardware/tools/validate_s2_block_full.py,maintained,function,exp_approx_nonpos,exp_approx_nonpos,45,50,6,6,1,2,0,False,astype;np.clip;np.maximum;np.where,49e936f755d4ca81ae5c
hardware/tools/validate_s2_block_full.py,maintained,function,apply_score_scale,apply_score_scale,53,58,6,6,2,2,0,False,astype;float;scores.astype,19899a6d5a9a98589250
hardware/tools/validate_s2_block_full.py,maintained,function,attention_approx,attention_approx,61,88,28,20,5,6,0,False,ValueError;apply_score_scale;astype;exp_approx_nonpos;np.where;np.zeros_like;out.astype;probs_score.sum;range;scores.max,ad7362db3fc52a1f1c2f
hardware/tools/validate_s2_block_full.py,maintained,function,make_full_payload,make_full_payload,91,106,16,16,1,1,0,False,astype;np.arange;preln.make_payload;qkv.astype;qkv.reshape;range;reshape,8d229d2484948c798a5e
hardware/tools/validate_s2_block_full.py,maintained,function,reconstruct_attention_matrix,reconstruct_attention_matrix,109,124,16,16,2,4,0,False,min;np.zeros;range;tile.reshape,69f6eb454abe72a5360b
hardware/tools/validate_s2_block_full.py,maintained,function,reconstruct_w1,reconstruct_w1,127,143,17,17,2,3,0,False,min;np.zeros;range;tile.reshape,07fee51ff071c407e581
hardware/tools/validate_s2_block_full.py,maintained,function,reconstruct_w2,reconstruct_w2,146,163,18,18,2,3,0,False,min;np.zeros;range;tile.reshape,0cc9cf7946c07e1a209c
hardware/tools/validate_s2_block_full.py,maintained,function,require_shape,require_shape,166,169,4,4,1,3,0,False,ValueError;value.astype,fa5c9f24b69458ca94f1
hardware/tools/validate_s2_block_full.py,maintained,function,direct_linear,direct_linear,172,179,8,8,2,5,0,False,KeyError;ValueError;matrix.T.astype;np.asarray;packer.find_first;packer.layer_candidates;require_shape,3769198873c03e92aab3
hardware/tools/validate_s2_block_full.py,maintained,function,direct_qkv,direct_qkv,182,195,14,6,2,3,0,False,direct_linear;packer.split_qkv;require_shape;wk.T.astype;wq.T.astype;wv.T.astype,b2f08a7d8e811657795c
hardware/tools/validate_s2_block_full.py,maintained,function,direct_matrices,direct_matrices,198,207,10,3,0,3,0,False,direct_linear;direct_qkv,4b8d709ba5c24b3ba12d
hardware/tools/validate_s2_block_full.py,maintained,function,fused_block,fused_block,210,236,27,11,0,7,0,False,astype;attention_approx;gelu_approx;preln.preln_hls_approx;tokens.astype,9f149c486fd6046e0421
hardware/tools/validate_s2_block_full.py,maintained,function,load_array,load_array,239,257,19,19,9,2,0,False,ValueError;isinstance;json.loads;next;np.asarray;np.load;path.read_text;path.suffix.lower,6f635e8c0e3e99b74dbe
hardware/tools/validate_s2_block_full.py,maintained,function,save_array,save_array,260,270,11,10,3,2,0,False,ValueError;json.dumps;np.save;np.savez;path.parent.mkdir;path.suffix.lower;path.write_text;tolist;value.astype,bdb1ee8481d3546e4183
hardware/tools/validate_s2_block_full.py,maintained,function,make_token_grid,make_token_grid,273,279,7,7,3,3,0,False,ValueError;load_array;np.linspace;reshape;token_grid.astype,a24644ad0eb744fb8678
hardware/tools/validate_s2_block_full.py,maintained,function,compare_expected_output,compare_expected_output,282,287,6,6,2,2,0,False,ValueError;float;np.abs;np.max,7abd54f3f6defeb015ec
hardware/tools/validate_s2_block_full.py,maintained,function,packed_roundtrip_blocks,packed_roundtrip_blocks,290,301,12,12,3,2,0,False,astype;block.reshape;float;np.abs;np.concatenate;np.max;out.append;packer.pack_lanes;packer.quantize_fixed;packer.unpack_lanes;reshape,85bd6dc36e3f8fb454e0
hardware/tools/validate_s2_block_full.py,maintained,function,run_validation,run_validation,304,408,105,35,12,11,0,False,AssertionError;asdict;astype;bool;compare_expected_output;direct_matrices;float;fused_block;int;layer_outputs.append;len;load_array;make_full_payload;make_token_grid;max;np.abs;np.max;np.stack;packed_roundtrip_blocks;packer.build_s2_block_first_step_blocks;packer.load_tensor_map;per_layer.append;preln.norm_from_packed_blocks;range;reconstruct_attention_matrix;reconstruct_w1;reconstruct_w2;save_array;str,8d7cf703bf548101fc2b
hardware/tools/validate_s2_block_full.py,maintained,function,main,main,411,472,62,37,5,0,0,False,argparse.ArgumentParser;args.out.parent.mkdir;args.out.write_text;bool;json.dumps;packer.Layout;parser.add_argument;parser.parse_args;print;run_validation,d9e9c336ccc0d4ae52fb
hardware/tools/validate_s2_block_preln.py,maintained,function,piecewise_rsqrt,piecewise_rsqrt,15,27,13,13,0,1,0,False,np.full_like;np.where;y.astype,ebb4b70e879341b282fd
hardware/tools/validate_s2_block_preln.py,maintained,function,preln_exact,preln_exact,30,33,4,4,0,4,0,False,mean;np.sqrt;tokens.mean,51ad68445bbe3acbd278
hardware/tools/validate_s2_block_preln.py,maintained,function,preln_hls_approx,preln_hls_approx,36,39,4,4,0,4,0,False,mean;piecewise_rsqrt;tokens.mean,a1235354989ed8933ab7
hardware/tools/validate_s2_block_preln.py,maintained,function,make_payload,make_payload,42,56,15,15,1,1,0,False,np.arange;np.eye;np.zeros;range,2e8308cd18d75c92e3a5
hardware/tools/validate_s2_block_preln.py,maintained,function,norm_from_packed_blocks,norm_from_packed_blocks,59,82,24,13,5,5,0,False,max;min;np.zeros;range,6e01835323c8cff02026
hardware/tools/validate_s2_block_preln.py,maintained,function,run_validation,run_validation,85,142,58,32,2,3,0,False,AssertionError;asdict;float;len;make_payload;max;norm_from_packed_blocks;np.abs;np.linspace;np.max;packer.build_s2_block_first_step_blocks;per_layer.append;preln_exact;preln_hls_approx;range;token_grid.reshape,9f6bd701ed2a21e67587
hardware/tools/validate_s2_block_preln.py,maintained,function,main,main,145,183,39,28,4,0,0,False,argparse.ArgumentParser;args.out.parent.mkdir;args.out.write_text;json.dumps;packer.Layout;parser.add_argument;parser.parse_args;print;run_validation,37b44e382a16cfd2156f
hardware/tools/write_c3b_physical_smoke_gate_audit.py,maintained,function,load_json,load_json,25,29,5,5,1,1,0,False,ValueError;isinstance;json.loads;path.read_text,64a648c70701d933c704
hardware/tools/write_c3b_physical_smoke_gate_audit.py,maintained,function,normalize_roots,normalize_roots,32,36,5,5,1,1,0,False,root.resolve,fdcc6c16e828a4a8dea9
hardware/tools/write_c3b_physical_smoke_gate_audit.py,maintained,function,rel_or_abs,rel_or_abs,39,43,5,4,1,2,0,False,as_posix;base.resolve;path.resolve;relative_to;str,e002f30acf201236b66c
hardware/tools/write_c3b_physical_smoke_gate_audit.py,maintained,function,maybe_json,maybe_json,46,52,7,6,2,1,0,False,load_json;path.exists,4c66b629d63483935a34
hardware/tools/write_c3b_physical_smoke_gate_audit.py,maintained,function,validate_canonical_validation,validate_canonical_validation,55,71,17,15,6,1,0,False,errors.append;load_json;path.exists;payload.get,93dbe6c800ec9b8a9bb2
hardware/tools/write_c3b_physical_smoke_gate_audit.py,maintained,function,build_audit,build_audit,74,189,116,38,18,1,0,False,canonical_result.exists;canonical_validation.exists;exists;manifest.get;maybe_json;normalize_roots;rel_or_abs;remote_run_json.exists;result_payload.get;session.get;session_errors.append;session_json.exists;smoke_errors.extend;str;validate_canonical_validation;validate_pynq_bundle_package.validate_bundle;validate_pynq_smoke_result.load_json;validate_pynq_smoke_result.validate_result;validation_payload.get,7cd600c6cf90a84a1760
hardware/tools/write_c3b_physical_smoke_gate_audit.py,maintained,function,render_markdown,render_markdown,192,227,36,17,4,1,0,False,join;lines.append;lines.extend,0552559a2f1c10549b20
hardware/tools/write_c3b_physical_smoke_gate_audit.py,maintained,function,write_outputs,write_outputs,230,234,5,5,0,3,0,False,json.dumps;json_out.parent.mkdir;json_out.write_text;markdown_out.parent.mkdir;markdown_out.write_text;render_markdown,35395e170130db4d8fd0
hardware/tools/write_c3b_physical_smoke_gate_audit.py,maintained,function,parse_args,parse_args,237,242,6,6,0,1,0,False,Path;argparse.ArgumentParser;parser.add_argument;parser.parse_args;resolve,9c36bedb686665dd2e5d
hardware/tools/write_c3b_physical_smoke_gate_audit.py,maintained,function,main,main,245,262,18,6,0,1,0,False,build_audit;json.dumps;parse_args;print;write_outputs,f23143e2142eaa9a12bc
hardware/tools/write_c3b_protection_checklist.py,maintained,function,resolve_roots,resolve_roots,22,26,5,5,2,1,0,False,exists;root.resolve,6275afd304c3972667a3
hardware/tools/write_c3b_protection_checklist.py,maintained,function,read_text,read_text,29,33,5,4,1,1,0,False,path.read_text,bea5f3c98e193c57bfe5
hardware/tools/write_c3b_protection_checklist.py,maintained,function,load_json,load_json,36,40,5,5,1,1,0,False,ValueError;isinstance;json.loads;path.read_text,64a648c70701d933c704
hardware/tools/write_c3b_protection_checklist.py,maintained,function,rows_by_id,rows_by_id,43,47,5,5,3,1,0,False,isinstance;matrix.get;row.get;str,a029ccabecca0cc8b785
hardware/tools/write_c3b_protection_checklist.py,maintained,function,nested,nested,50,56,7,7,2,2,0,False,cur.get;isinstance,49d3d9b57f1a8b558204
hardware/tools/write_c3b_protection_checklist.py,maintained,function,number,number,59,63,5,5,1,2,0,False,float;isinstance;nested,ebf06db24843ee383bf7
hardware/tools/write_c3b_protection_checklist.py,maintained,function,integer,integer,66,70,5,5,1,2,0,False,isinstance;nested,f2fe4d76c9cb3e240642
hardware/tools/write_c3b_protection_checklist.py,maintained,function,add_check,add_check,73,93,21,7,2,7,0,False,checks.append;str,3fd7e96a50897cc611fc
hardware/tools/write_c3b_protection_checklist.py,maintained,function,pass_fail,pass_fail,96,97,2,2,1,1,0,False,,96c5070878c5e1ec582a
hardware/tools/write_c3b_protection_checklist.py,maintained,function,pending_if_missing,pending_if_missing,100,101,2,2,1,3,0,False,path.exists,afb9bfb7fd693787e59e
hardware/tools/write_c3b_protection_checklist.py,maintained,function,parse_gate,parse_gate,104,106,3,3,1,2,0,False,float;match.group;re.escape;re.search,58331a1ff32e999cb2ea
hardware/tools/write_c3b_protection_checklist.py,maintained,function,existing_path,existing_path,109,112,4,4,1,1,0,False,Path,1054ef3186af689f25e4
hardware/tools/write_c3b_protection_checklist.py,maintained,function,hwh_has_axis_top,hwh_has_axis_top,115,117,3,3,1,1,0,False,read_text,8a2712546dcb3ce2af78
hardware/tools/write_c3b_protection_checklist.py,maintained,function,validate_smoke,validate_smoke,120,130,11,10,3,1,0,False,join;load_json;smoke_path.exists;validate_result,01479353e343b8a7cd64
hardware/tools/write_c3b_protection_checklist.py,maintained,function,validate_smoke_session,validate_smoke_session,133,154,22,14,5,2,0,False,errors.append;expected.items;join;load_json;payload.get;session_path.exists;str,5bfd355fa1e0bd4648e3
hardware/tools/write_c3b_protection_checklist.py,maintained,function,build_checklist,build_checklist,157,486,330,68,34,3,0,False,add_check;bool;c3b.get;c3b_hwh.exists;c3b_resources.get;c3b_sources.get;c3b_util.get;existing_path;float;hwh_has_axis_top;integer;isinstance;len;load_json;nested;number;parse_gate;pass_fail;path.exists;pending_if_missing;read_text;resolve_roots;rows.get;rows_by_id;str;sum;sweep_text.count;validate_smoke;validate_smoke_session;xr_vits_path.exists;xr_vits_policy_path.exists,73c6dbb7c18bf4f8896c
hardware/tools/write_c3b_protection_checklist.py,maintained,function,render_markdown,render_markdown,489,517,29,18,5,1,0,False,check.get;items;join;len;lines.append;lines.extend;replace;str,6ac9a25be1f7eab083d6
hardware/tools/write_c3b_protection_checklist.py,maintained,function,parse_args,parse_args,520,527,8,8,0,1,0,False,argparse.ArgumentParser;parser.add_argument;parser.parse_args,ae689cf3b1f6ce071b79
hardware/tools/write_c3b_protection_checklist.py,maintained,function,main,main,530,538,9,9,1,1,0,False,args.json_out.parent.mkdir;args.json_out.write_text;args.markdown_out.parent.mkdir;args.markdown_out.write_text;build_checklist;json.dumps;parse_args;print;render_markdown,64226bb20a2147872403
hardware/tools/write_c3b_smoke_result_contract.py,maintained,function,build_contract,build_contract,20,85,66,11,0,1,0,False,len;root.resolve;str,c4042e0ea314e96fff76
hardware/tools/write_c3b_smoke_result_contract.py,maintained,function,render_markdown,render_markdown,88,134,47,9,2,1,0,False,items;join;lines.append;lines.extend,bd5e888765cf11dc38a8
hardware/tools/write_c3b_smoke_result_contract.py,maintained,function,parse_args,parse_args,137,142,6,6,0,1,0,False,argparse.ArgumentParser;parser.add_argument;parser.parse_args,1190349292019ca387ee
hardware/tools/write_c3b_smoke_result_contract.py,maintained,function,main,main,145,153,9,9,0,1,0,False,args.json_out.parent.mkdir;args.json_out.write_text;args.markdown_out.parent.mkdir;args.markdown_out.write_text;build_contract;json.dumps;parse_args;print;render_markdown,038c4917053780ffec99
hardware/tools/write_c3b_smoke_transfer_manifest.py,maintained,function,load_json,load_json,24,28,5,5,1,1,0,False,ValueError;isinstance;json.loads;path.read_text,64a648c70701d933c704
hardware/tools/write_c3b_smoke_transfer_manifest.py,maintained,function,build_manifest,build_manifest,31,79,49,13,5,4,0,False,errors.append;get;isinstance;list;load_json;session.get;sha256_file;str;tar_path.exists;tar_path.stat;validate_bundle,fe22ae7f2cf6a4fc1aa6
hardware/tools/write_c3b_smoke_transfer_manifest.py,maintained,function,render_markdown,render_markdown,82,116,35,23,3,1,0,False,join;lines.append;lines.extend,9836af0ecfe36a276126
hardware/tools/write_c3b_smoke_transfer_manifest.py,maintained,function,write_outputs,write_outputs,119,125,7,7,0,4,0,False,json.dumps;json_out.parent.mkdir;json_out.write_text;markdown_out.parent.mkdir;markdown_out.write_text;render_markdown;sha256_out.parent.mkdir;sha256_out.write_text,caf9cc1337e208544421
hardware/tools/write_c3b_smoke_transfer_manifest.py,maintained,function,parse_args,parse_args,128,137,10,10,0,1,0,False,argparse.ArgumentParser;parser.add_argument;parser.parse_args,0dba43ebeb8e066a5044
hardware/tools/write_c3b_smoke_transfer_manifest.py,maintained,function,main,main,140,153,14,6,1,1,0,False,args.root.resolve;build_manifest;len;parse_args;print;write_outputs,d4a2a385ce7decc5622f
hardware/tools/write_e2e_resource_matrix.py,maintained,function,text_of,text_of,74,76,3,3,2,2,0,False,found.text.strip;root.find,54588fe2dae71751d4be
hardware/tools/write_e2e_resource_matrix.py,maintained,function,int_text,int_text,79,81,3,3,2,2,0,False,int;text_of;value.isdigit,151b8fdc2e55ea5a4350
hardware/tools/write_e2e_resource_matrix.py,maintained,function,float_text,float_text,84,86,3,3,1,2,0,False,float;text_of,f3f523801faf291331e9
hardware/tools/write_e2e_resource_matrix.py,maintained,function,parse_hls_csynth_xml,parse_hls_csynth_xml,89,119,31,6,2,1,0,False,ET.parse;float_text;getroot;int_text;round;text_of,60bc108eeeab3c0b9bef
hardware/tools/write_e2e_resource_matrix.py,maintained,function,parse_timing_summary,parse_timing_summary,122,135,14,6,1,1,0,False,float;match.group;path.read_text;re.search,cedf0afc87129aecc11d
hardware/tools/write_e2e_resource_matrix.py,maintained,function,parse_power,parse_power,138,149,12,8,2,1,0,False,float;match.group;path.read_text;patterns.items;re.search,d694bbe8b957e9775f0d
hardware/tools/write_e2e_resource_matrix.py,maintained,function,pct_delta,pct_delta,152,155,4,4,1,2,0,False,round,d5412ad38e13f2de5017
hardware/tools/write_e2e_resource_matrix.py,maintained,function,build_matrix,build_matrix,158,224,67,20,8,1,0,False,exists;len;max;min;next;parse_hls_csynth_xml;parse_power;parse_timing_summary;pct_delta;root.resolve;rows.append;startswith;str,0e9c05ba2fcbcd2b28d3
hardware/tools/write_e2e_resource_matrix.py,maintained,function,fmt_int,fmt_int,227,228,2,2,1,1,0,False,,7a2fcf97c1b9415e41b7
hardware/tools/write_e2e_resource_matrix.py,maintained,function,fmt_float,fmt_float,231,232,2,2,1,1,0,False,,1d73ec9fd46b10317584
hardware/tools/write_e2e_resource_matrix.py,maintained,function,render_markdown,render_markdown,235,299,65,20,3,1,0,False,fmt_float;fmt_int;join;lines.append;lines.extend;str,18bcdebf715767c07749
hardware/tools/write_e2e_resource_matrix.py,maintained,function,parse_args,parse_args,302,307,6,6,0,1,0,False,Path;argparse.ArgumentParser;parser.add_argument;parser.parse_args;resolve,591229cc9ea5fa2fc1cd
hardware/tools/write_e2e_resource_matrix.py,maintained,function,main,main,310,322,13,9,0,1,0,False,args.json_out.parent.mkdir;args.json_out.write_text;args.markdown_out.parent.mkdir;args.markdown_out.write_text;build_matrix;join;json.dumps;parse_args;print;render_markdown,c131adf00e13cae1f582
hardware/tools/write_e2e_resource_policy_audit.py,maintained,function,load_json,load_json,24,28,5,5,1,1,0,False,ValueError;isinstance;json.loads;path.read_text,64a648c70701d933c704
hardware/tools/write_e2e_resource_policy_audit.py,maintained,function,macro_value,macro_value,31,33,3,3,1,2,0,False,int;match.group;re.escape;re.search,23006b67b436733878cc
hardware/tools/write_e2e_resource_policy_audit.py,maintained,function,add_check,add_check,36,37,2,2,1,4,0,False,checks.append,a80c03f5762a1d932408
hardware/tools/write_e2e_resource_policy_audit.py,maintained,function,rows_by_id,rows_by_id,40,47,8,8,4,1,0,False,isinstance;matrix.get;row.get;str,58c12e99d08ee7c50100
hardware/tools/write_e2e_resource_policy_audit.py,maintained,function,resource,resource,50,54,5,5,3,2,0,False,hls.get;int;isinstance;resources.get;row.get,d13d01c24b3bd0713ef2
hardware/tools/write_e2e_resource_policy_audit.py,maintained,function,latency,latency,57,60,4,4,2,1,0,False,hls.get;int;isinstance;row.get,e3d9eb9c34ad030e01f2
hardware/tools/write_e2e_resource_policy_audit.py,maintained,function,routed_wns,routed_wns,63,67,5,5,3,1,0,False,float;isinstance;row.get;timing.get;vivado.get,20be0e44e95e459f49e6
hardware/tools/write_e2e_resource_policy_audit.py,maintained,function,resolve_source_path,resolve_source_path,70,76,7,7,4,3,0,False,Path;isinstance;path.is_absolute;row.get;sources.get,373d646537569b067c03
hardware/tools/write_e2e_resource_policy_audit.py,maintained,function,resource_values_match,resource_values_match,79,81,3,3,1,2,0,False,all;left.get;right.get,0f81879f8fb1a0c44013
hardware/tools/write_e2e_resource_policy_audit.py,maintained,function,build_audit,build_audit,84,259,176,75,27,2,0,False,add_check;bool;c3b.get;c3b_csynth.get;c3b_csynth_path.exists;c3b_csynth_resources.get;c3b_matrix_hls.get;config_path.read_text;cyclic_params_path.read_text;cyclic_top_path.read_text;cyclic_top_source.count;get;isinstance;latency;len;load_json;macro_value;matrix.get;parse_hls_csynth_xml;resolve_source_path;resource;resource_values_match;rmu_smu_path.read_text;rmu_smu_source.count;root.resolve;routed_wns;rows.get;rows_by_id;source.count;source_path.read_text;str;sum,85434b6eed385933b1ef
hardware/tools/write_e2e_resource_policy_audit.py,maintained,function,render_markdown,render_markdown,262,283,22,12,3,1,0,False,items;join;lines.append;lines.extend;replace;str,ec4e0f55662100f68f7a
hardware/tools/write_e2e_resource_policy_audit.py,maintained,function,parse_args,parse_args,286,292,7,7,0,1,0,False,argparse.ArgumentParser;parser.add_argument;parser.parse_args,913109b52f9971486a21
hardware/tools/write_e2e_resource_policy_audit.py,maintained,function,main,main,295,306,12,9,1,1,0,False,args.json_out.parent.mkdir;args.json_out.write_text;args.markdown_out.parent.mkdir;args.markdown_out.write_text;build_audit;json.dumps;parse_args;print;render_markdown,d085ccf658f304bcf6a5
hardware/tools/write_final_evidence_manifest.py,maintained,function,sha256_file,sha256_file,165,170,6,6,2,1,0,False,digest.hexdigest;digest.update;handle.read;hashlib.sha256;iter;path.open,8b20a237fa4044c9253b
hardware/tools/write_final_evidence_manifest.py,maintained,function,stable_sha256,stable_sha256,173,175,3,3,0,1,0,False,encode;hashlib.sha256;hexdigest;json.dumps,c0c8bf23ce7ab893cfa2
hardware/tools/write_final_evidence_manifest.py,maintained,function,json_status,json_status,178,185,8,7,2,1,0,False,isinstance;json.loads;path.read_text;payload.get;str,2e4db6351a15637cdcbf
hardware/tools/write_final_evidence_manifest.py,maintained,function,build_entry,build_entry,188,216,29,14,4,5,0,False,artifact_source_date_tag;entry.update;json_status;path.exists;path.stat;sha256_file;str,0f5baa3a408f1604255b
hardware/tools/write_final_evidence_manifest.py,maintained,function,artifact_source_date_tag,artifact_source_date_tag,219,224,6,6,2,1,0,False,,747847868eda52682a69
hardware/tools/write_final_evidence_manifest.py,maintained,function,load_json_object,load_json_object,227,232,6,5,2,1,0,False,isinstance;json.loads;path.read_text,c723c0ffa2703bbcf314
hardware/tools/write_final_evidence_manifest.py,maintained,function,read_text_or_empty,read_text_or_empty,235,239,5,4,1,1,0,False,path.read_text,71053a811a33b63ce193
hardware/tools/write_final_evidence_manifest.py,maintained,function,resource_policy_artifact_set,resource_policy_artifact_set,242,317,76,36,17,1,0,False,all;directory.glob;docs_path.exists;filename_payload_mismatches.append;generated_path.exists;isinstance;load_json_object;locations.items;mirror_hash_mismatches.append;missing.values;path.name.removeprefix;payload.get;removesuffix;set;sha256_file;sorted;str,23169bc1cdf6bf97b5a0
hardware/tools/write_final_evidence_manifest.py,maintained,function,add_check,add_check,320,321,2,2,1,4,0,False,checks.append,a80c03f5762a1d932408
hardware/tools/write_final_evidence_manifest.py,maintained,function,int_at_least,int_at_least,324,328,5,4,1,2,0,False,int,192aeab0822567133dc8
hardware/tools/write_final_evidence_manifest.py,maintained,function,is_sha256_hex,is_sha256_hex,331,332,2,2,2,1,0,False,all;isinstance;len;value.lower,236657e5414ba4961cbb
hardware/tools/write_final_evidence_manifest.py,maintained,function,is_plain_int,is_plain_int,335,336,2,2,0,1,0,False,type,749603f4dd345c195404
hardware/tools/write_final_evidence_manifest.py,maintained,function,add_pynq_discovery_checks,add_pynq_discovery_checks,339,395,57,13,12,4,0,False,add_check;is_plain_int;isinstance;payload.get;safety.get;str,0aa00b08e634fdbb1521
hardware/tools/write_final_evidence_manifest.py,maintained,function,add_pynq_discovery_summary_checks,add_pynq_discovery_summary_checks,398,454,57,13,12,4,0,False,add_check;is_plain_int;isinstance;payload.get;safety.get;str,cafed9eb2bf4437a390b
hardware/tools/write_final_evidence_manifest.py,maintained,function,add_final_runner_blocker_summary_checks,add_final_runner_blocker_summary_checks,457,582,126,38,51,2,0,False,add_check;all;input_paths.values;isinstance;len;payload.get;set;sorted;str,ab57b1c59e40182c1709
hardware/tools/write_final_evidence_manifest.py,maintained,function,named_checks,named_checks,585,598,14,10,6,2,0,False,check.get;isinstance;payload.get;source.get;str,8f4a5a594a956c02e29b
hardware/tools/write_final_evidence_manifest.py,maintained,function,build_consistency_checks,build_consistency_checks,601,2554,1954,351,375,1,0,False,add_check;add_final_runner_blocker_summary_checks;add_pynq_discovery_checks;add_pynq_discovery_summary_checks;all;any;blocker_c3b.get;blocker_closure.get;blocker_current.get;blocker_discovery.get;blocker_safety.get;blocker_xr.get;blocker_xr_exact.get;blocker_xr_policy.get;bool;buffer_checks.get;c3b_bundle.get;c3b_bundle_sha256_text.split;c3b_canonical.get;c3b_contract.get;c3b_contract_safety.get;c3b_discovery.get;c3b_physical_gate.get;c3b_readiness.get;c3b_readiness_tar.get;c3b_safety.get;c3b_session.get;c3b_transfer_copyback.get;c3b_transfer_expected.get;c3b_transfer_manifest.get;c3b_transfer_tar.get;c3b_validation.get;check.get;closeout_commands.get;closeout_packet.get;closeout_qkv_gate.get;closeout_safety.get;closeout_validation.get;completion_audit.get;completion_by_id.get;current_audit.get;current_doc_freshness_names.extend;current_summary.get;endswith;final_bundle_validation.get;final_runner_summary.get;get;hgpipe_contract.get;hgpipe_operator.get;hgpipe_properties.get;int_at_least;intake_blockers.get;intake_blockers.items;intake_c3b.get;intake_next_input_by_blocker.get;intake_safety.get;intake_sequence_by_step.get;intake_xr.get;is_sha256_hex;isinstance;issubset;item.get;join;json.dumps;len;load_json_object;named_checks;operator.get;operator_handoff_validation.get;operator_plan.get;p2_policy.get;p2_precision.get;p2_safety.get;p2_scale_calibration.get;p2_summary.get;plan_active_by_step.get;plan_combined_active.get;plan_combined_dry_run.get;plan_dry_run_by_step.get;plan_input_by_blocker.get;plan_input_by_blocker.items;plan_safety.get;pot_scale_audit.get;pot_scale_sweep.get;pot_summary.get;preview_approval_event.get;preview_approval_event.items;preview_integrity.get;preview_policy.get;preview_safety.get;qkv_comparison.get;qkv_csynth.get;qkv_delta.get;qkv_overlay.get;qkv_overlay_checks.get;qkv_resources.get;qkv_route_status.get;qkv_top_checks.get;qkv_uram.get;read_text_or_empty;req1_checks.get;req1_environment.get;req5_checks.get;req5_precision.get;req5_q4q8.get;req6_checks.get;req6_knobs.get;req6_parameterization.get;req9_checks.get;req9_deit_image.get;req9_requested.get;req9_safety.get;required_approval_event_fields.issubset;requirements_trace.get;requirements_trace_policy.get;resolve;resource_policy.get;resource_policy_artifact_set;resource_policy_checks.get;selected_path.get;set;sorted;source_audit.get;spec_plan.get;spec_plan_checks.get;stable_sha256;status.get;str;strip;sum;type;unblock_intake.get;vref_buffer_lifetime.get;xr_gate_active_policy.get;xr_gate_candidate.get;xr_gate_exact.get;xr_gate_replacement.get;xr_gate_safety.get;xr_policy_preview.get;xr_resolution.get;xr_safety.get;xr_vits_gate.get,
hardware/tools/write_final_evidence_manifest.py,maintained,function,build_manifest,build_manifest,2557,2614,58,10,15,1,0,False,artifacts.extend;build_consistency_checks;build_entry;len;root.resolve;sorted;str;sum,315c9b01a6e0c46616ef
hardware/tools/write_final_evidence_manifest.py,maintained,function,render_markdown,render_markdown,2617,2665,49,16,3,1,0,False,entry.get;join;lines.append;lines.extend;replace;str,c35b16b016ddeedaa097
hardware/tools/write_final_evidence_manifest.py,maintained,function,parse_args,parse_args,2668,2673,6,6,0,1,0,False,argparse.ArgumentParser;parser.add_argument;parser.parse_args,f8d663825939ed671df3
hardware/tools/write_final_evidence_manifest.py,maintained,function,main,main,2676,2687,12,9,1,1,0,False,args.json_out.parent.mkdir;args.json_out.write_text;args.markdown_out.parent.mkdir;args.markdown_out.write_text;build_manifest;json.dumps;parse_args;print;render_markdown,8ad43e1c645819673fea
hardware/tools/write_final_operator_handoff.py,maintained,function,load_json,load_json,17,21,5,5,1,1,0,False,ValueError;isinstance;json.loads;path.read_text,64a648c70701d933c704
hardware/tools/write_final_operator_handoff.py,maintained,function,section_by_id,section_by_id,24,31,8,8,4,2,0,False,command_card.get;isinstance;section.get,040d754e4ead8457b783
hardware/tools/write_final_operator_handoff.py,maintained,function,option_by_id,option_by_id,34,41,8,8,4,2,0,False,isinstance;option.get;section.get,adbe50f50e19a62ac6a4
hardware/tools/write_final_operator_handoff.py,maintained,function,resolve_path,resolve_path,44,48,5,5,2,3,0,False,Path;path.is_absolute;path.resolve;str,313236f585d6545879f8
hardware/tools/write_final_operator_handoff.py,maintained,function,build_xr_policy_integrity,build_xr_policy_integrity,51,85,35,17,4,2,0,False,base.get;command_card.get;dict;isinstance;load_json;policy_path.exists;resolve_path;result.update;sorted;str;xr_policy.validate_policy_integrity,93b12edc734ce7b8356a
hardware/tools/write_final_operator_handoff.py,maintained,function,build_handoff,build_handoff,88,210,123,23,25,6,0,False,bool;build_xr_policy_integrity;candidate_audit.get;candidate_c3b.get;candidate_xr.get;evidence_contract.get;final_signoff.get;get;isinstance;option_by_id;readiness.get;requirements_trace.get;root.resolve;section_by_id;str;u1.get;u2a.get;u2b.get;u3.get;u4a.get;u4b.get;xr_resolution.get;xr_resolution_candidate.get;xr_resolution_commands.get;xr_resolution_safety.get,3fff3b19f18817dcd8d1
hardware/tools/write_final_operator_handoff.py,maintained,function,render_markdown,render_markdown,213,342,130,29,12,1,0,False,evidence_contract.get;get;handoff.get;isinstance;join;lines.append;lines.extend;xr.get;xr_integrity.get;xr_resolution.get,2e988f75bfefbb31d207
hardware/tools/write_final_operator_handoff.py,maintained,function,parse_args,parse_args,345,355,11,11,0,1,0,False,Path;argparse.ArgumentParser;parser.add_argument;parser.parse_args;resolve,59b8ecc67c9e838ff928
hardware/tools/write_final_operator_handoff.py,maintained,function,main,main,358,383,26,16,7,1,0,False,args.json_out.parent.mkdir;args.json_out.write_text;args.markdown_out.parent.mkdir;args.markdown_out.write_text;args.root.resolve;build_handoff;json.dumps;len;load_json;parse_args;print;render_markdown;xr_vits_resolution_path.exists,4a21d173095e7c34dd54
hardware/tools/write_final_signoff_audit.py,maintained,function,load_preflight,load_preflight,37,44,8,8,2,1,0,False,ValueError;isinstance;json.loads;path.read_text;payload.get,24e36e9f578a97b64489
hardware/tools/write_final_signoff_audit.py,maintained,function,build_audit,build_audit,47,86,40,13,6,1,0,False,BLOCKER_ACTIONS.get;blockers.append;check.get;isinstance;len;list;next_commands.extend;preflight.get;str,8fccb11a4b2391de4415
hardware/tools/write_final_signoff_audit.py,maintained,function,render_markdown,render_markdown,89,130,42,25,7,1,0,False,join;lines.append;lines.extend,e75d0d41b81b3217923a
hardware/tools/write_final_signoff_audit.py,maintained,function,main,main,133,148,16,15,1,1,0,False,Path;argparse.ArgumentParser;build_audit;json.dumps;json_out.parent.mkdir;json_out.write_text;load_preflight;markdown_out.parent.mkdir;markdown_out.write_text;parser.add_argument;parser.parse_args;print;render_markdown,71c1820696df7d0b3803
hardware/tools/write_final_unblock_closeout_packet.py,maintained,function,sha256_file,sha256_file,19,24,6,6,2,1,0,False,digest.hexdigest;digest.update;handle.read;hashlib.sha256;iter;path.open,8b20a237fa4044c9253b
hardware/tools/write_final_unblock_closeout_packet.py,maintained,function,load_json,load_json,27,31,5,5,1,1,0,False,ValueError;isinstance;json.loads;path.read_text,64a648c70701d933c704
hardware/tools/write_final_unblock_closeout_packet.py,maintained,function,artifact_entry,artifact_entry,34,52,19,7,2,3,0,False,entry.update;path.exists;path.stat;sha256_file;str,f9f964a6af00b57a40fb
hardware/tools/write_final_unblock_closeout_packet.py,maintained,function,optional_json,optional_json,55,59,5,5,1,2,0,False,load_json;path.exists,60618fd78f9e64aca2e5
hardware/tools/write_final_unblock_closeout_packet.py,maintained,function,build_vref_successor_gate,build_vref_successor_gate,62,102,41,16,7,2,0,False,isinstance;optional_json;package.get;physical.get;projection.get;str,59176d4329f1e9d8342c
hardware/tools/write_final_unblock_closeout_packet.py,maintained,function,build_qkv_uram_successor_gate,build_qkv_uram_successor_gate,105,145,41,14,9,1,0,False,csynth.get;isinstance;optional_json;overlay.get;package.get;physical.get;route_status.get;str;timing.get,215aec0dc8a28071ee8a
hardware/tools/write_final_unblock_closeout_packet.py,maintained,function,section_by_id,section_by_id,148,155,8,8,4,2,0,False,card.get;isinstance;section.get,752b27124fcda03fb020
hardware/tools/write_final_unblock_closeout_packet.py,maintained,function,commands_from,commands_from,158,160,3,3,2,1,0,False,isinstance;section.get;str,c9759ced0f25de0e7c85
hardware/tools/write_final_unblock_closeout_packet.py,maintained,function,options_from,options_from,163,175,13,13,6,1,0,False,isinstance;option.get;section.get;str,cf5e50bcff7fbf9e3a93
hardware/tools/write_final_unblock_closeout_packet.py,maintained,function,resolve_path,resolve_path,178,182,5,5,2,3,0,False,Path;path.is_absolute;path.resolve;str,313236f585d6545879f8
hardware/tools/write_final_unblock_closeout_packet.py,maintained,function,build_xr_policy_integrity,build_xr_policy_integrity,185,223,39,17,4,2,0,False,base.get;command_card.get;dict;isinstance;load_json;policy_path.exists;resolve_path;result.update;sorted;str;xr_policy.validate_policy_integrity,93b12edc734ce7b8356a
hardware/tools/write_final_unblock_closeout_packet.py,maintained,function,build_packet,build_packet,226,358,133,32,15,2,0,False,artifact_entry;bool;build_qkv_uram_successor_gate;build_vref_successor_gate;build_xr_policy_integrity;candidate.get;closure.get;commands_from;contract.get;contract_fields.get;contract_validation.get;exact.get;final_audit.get;get;intake.get;isinstance;item.get;load_json;options_from;qkv_uram_successor_gate.get;readiness.get;remaining.append;resolution.get;root.resolve;section_by_id;str;tar.get;transfer.get;vref_successor_gate.get,d9d1717783758ebcebaf
hardware/tools/write_final_unblock_closeout_packet.py,maintained,function,render_markdown,render_markdown,361,444,84,32,13,1,0,False,entry.get;get;isinstance;items;join;lines.append;lines.extend;packet.get;qkv_gate.get;rstrip;str;vref_gate.get;vref_policy.get;xr_integrity.get,621c7802e3b07ef1bfac
hardware/tools/write_final_unblock_closeout_packet.py,maintained,function,parse_args,parse_args,447,457,11,7,0,1,0,False,argparse.ArgumentParser;parser.add_argument;parser.parse_args,ff506034c59fe01e5994
hardware/tools/write_final_unblock_closeout_packet.py,maintained,function,main,main,460,471,12,9,1,1,0,False,args.json_out.parent.mkdir;args.json_out.write_text;args.markdown_out.parent.mkdir;args.markdown_out.write_text;build_packet;json.dumps;len;parse_args;print;render_markdown,e3753f19c58d5d76f1e2
hardware/tools/write_final_unblock_commands.py,maintained,function,load_json,load_json,15,19,5,5,1,1,0,False,ValueError;isinstance;json.loads;path.read_text,64a648c70701d933c704
hardware/tools/write_final_unblock_commands.py,maintained,function,blocker_names,blocker_names,22,31,10,10,6,1,0,False,isinstance;item.get;payload.get;set;sorted;str,83ed15fc410538ac88bf
hardware/tools/write_final_unblock_commands.py,maintained,function,build_commands,build_commands,34,397,364,26,13,8,0,False,blocker_names;contract.get;contract_validation.get;final_audit.get;get;isinstance;issubset;root.resolve;sections.append;set;str,7226f781321c0e6ce9d4
hardware/tools/write_final_unblock_commands.py,maintained,function,render_markdown,render_markdown,400,458,59,40,9,1,0,False,join;lines.append;lines.extend;rstrip;section.get,0a1c58f589b94f41af3b
hardware/tools/write_final_unblock_commands.py,maintained,function,parse_args,parse_args,461,473,13,13,0,1,0,False,Path;argparse.ArgumentParser;parser.add_argument;parser.parse_args;resolve,8d676a38084841c3274a
hardware/tools/write_final_unblock_commands.py,maintained,function,main,main,476,508,33,19,8,1,0,False,args.json_out.parent.mkdir;args.json_out.write_text;args.markdown_out.parent.mkdir;args.markdown_out.write_text;args.root.resolve;build_commands;c3b_contract_path.exists;json.dumps;len;load_json;parse_args;print;readiness_path.exists;render_markdown;xr_vits_path.exists,c30d53ad854eb4e28a61
hardware/tools/write_final_unblock_intake.py,maintained,function,build_intake,build_intake,19,95,77,11,2,7,0,False,audit_final_unblock_candidates.build_audit;bool;build_blocker_status;build_candidate_audit_command;build_next_inputs;candidate_audit.get;check_final_blocker_closure_readiness.build_readiness;closure_readiness.get;next_action;root.resolve;str,6b75519db0cd03c80178
hardware/tools/write_final_unblock_intake.py,maintained,function,build_blocker_status,build_blocker_status,98,151,54,13,11,2,0,False,bool;candidate_audit.get;candidate_c3b.get;candidate_xr.get;candidates.get;closure_readiness.get;current.get;current_c3b.get;current_xr.get;exact.get;isinstance;policy.get;set;str,9fb5b9edf31be75c4f82
hardware/tools/write_final_unblock_intake.py,maintained,function,build_next_inputs,build_next_inputs,154,164,11,2,1,1,0,False,blocker_status.items;bool;status.get;str,9f92a3b79f532ac2d686
hardware/tools/write_final_unblock_intake.py,maintained,function,shell_quote,shell_quote,167,172,6,6,4,1,0,False,all;ch.isalnum;value.replace,3d2ad7f1b9175b18cc67
hardware/tools/write_final_unblock_intake.py,maintained,function,build_candidate_audit_command,build_candidate_audit_command,175,206,32,12,7,7,0,False,join;parts.append;parts.extend;shell_quote;str,2ac50441c42d3ac2c92d
hardware/tools/write_final_unblock_intake.py,maintained,function,next_action,next_action,209,220,12,9,6,4,0,False,candidate_audit.get;isinstance;join;str,1f6d99e199772a432811
hardware/tools/write_final_unblock_intake.py,maintained,function,render_markdown,render_markdown,223,286,64,13,6,1,0,False,items;join;lines.append;lines.extend,393a43725cd65a77075e
hardware/tools/write_final_unblock_intake.py,maintained,function,parse_args,parse_args,289,300,12,12,0,1,0,False,argparse.ArgumentParser;parser.add_argument;parser.parse_args,6e51796a41d0b09c3fa3
hardware/tools/write_final_unblock_intake.py,maintained,function,main,main,303,322,20,9,1,1,0,False,args.json_out.parent.mkdir;args.json_out.write_text;args.markdown_out.parent.mkdir;args.markdown_out.write_text;build_intake;json.dumps;parse_args;print;render_markdown,dfc66d2147fd0a7c59fb
hardware/tools/write_hgpipe_operator_audit.py,maintained,function,load_json,load_json,86,90,5,5,1,1,0,False,ValueError;isinstance;json.loads;path.read_text,64a648c70701d933c704
hardware/tools/write_hgpipe_operator_audit.py,maintained,function,normalize_roots,normalize_roots,93,97,5,5,1,1,0,False,root.resolve,fdcc6c16e828a4a8dea9
hardware/tools/write_hgpipe_operator_audit.py,maintained,function,source_text,source_text,100,101,2,2,1,1,0,False,path.exists;path.read_text,2d8832de6af67fa45990
hardware/tools/write_hgpipe_operator_audit.py,maintained,function,marker_results,marker_results,104,105,2,2,1,2,0,False,,92cf337effdb2a8e0a54
hardware/tools/write_hgpipe_operator_audit.py,maintained,function,matching_contracts,matching_contracts,108,113,6,2,3,2,0,False,any;key.startswith;ref_checks.items,7252ce5f094d7a87aa6c
hardware/tools/write_hgpipe_operator_audit.py,maintained,function,sample_count,sample_count,116,121,6,6,2,1,0,False,int;isinstance;ref_checks.values;value.get,32e58b71286d5503a2d2
hardware/tools/write_hgpipe_operator_audit.py,maintained,function,add_property,add_property,124,125,2,2,1,4,0,False,checks.append,a068b097459697049631
hardware/tools/write_hgpipe_operator_audit.py,maintained,function,parse_ap_int_range,parse_ap_int_range,128,138,11,11,3,1,0,False,int;match.group;re.fullmatch;str,81ef804a5445ed8c226d
hardware/tools/write_hgpipe_operator_audit.py,maintained,function,numeric_table,numeric_table,141,149,9,9,4,1,0,False,float;isinstance;out.append,1d9b9c7ed32129dd5c79
hardware/tools/write_hgpipe_operator_audit.py,maintained,function,nonincreasing,nonincreasing,152,153,2,2,1,1,0,False,all;len;range,37c40b21e0b8c6efb72f
hardware/tools/write_hgpipe_operator_audit.py,maintained,function,operator_for_contract,operator_for_contract,156,165,10,10,4,1,0,False,name.startswith,17cf66b0d21d7da023b9
hardware/tools/write_hgpipe_operator_audit.py,maintained,function,build_property_checks,build_property_checks,168,273,106,87,42,1,0,False,add_property;all;bool;contract.get;cursor_contracts.get;cursor_contracts.items;endswith;float;int;is_integer;isinstance;len;math.isfinite;max;min;nonincreasing;numeric_table;operator_counts.setdefault;operator_for_contract;parse_ap_int_range;quantize.get;record;spec.get;startswith;str;tables.get;tables.items,5cf243b91ded9cb1e92c
hardware/tools/write_hgpipe_operator_audit.py,maintained,function,build_operator_audit,build_operator_audit,276,397,122,37,17,1,0,False,OPERATORS.items;all;bool;build_property_checks;check.get;contract.get;csim_result.get;get;guide_markers.items;implementation_markers.items;isinstance;join;len;load_json;marker_results;matching_contracts;missing.append;normalize_roots;op_ref_checks.values;operators.append;ref_checks.values;sample_count;source_text;str;successor.get;successor_json.exists;validate_hgpipe_lut_math.load_contract;validate_hgpipe_lut_math.validate_contract;vref_markers.items,518e6d52861ddafcf414
hardware/tools/write_hgpipe_operator_audit.py,maintained,function,render_markdown,render_markdown,400,437,38,16,5,1,0,False,join;lines.append;lines.extend,8706cd2a69e6891079b4
hardware/tools/write_hgpipe_operator_audit.py,maintained,function,write_outputs,write_outputs,440,444,5,5,0,3,0,False,json.dumps;json_out.parent.mkdir;json_out.write_text;markdown_out.parent.mkdir;markdown_out.write_text;render_markdown,35395e170130db4d8fd0
hardware/tools/write_hgpipe_operator_audit.py,maintained,function,parse_args,parse_args,447,452,6,6,0,1,0,False,Path;argparse.ArgumentParser;parser.add_argument;parser.parse_args;resolve,c551981b31ba60c9a91d
hardware/tools/write_hgpipe_operator_audit.py,maintained,function,main,main,455,470,16,6,2,1,0,False,build_operator_audit;json.dumps;parse_args;print;write_outputs,03a0bb75a6138f95e780
hardware/tools/write_p2_vit_scale_calibration_report.py,maintained,function,normalize_roots,normalize_roots,15,19,5,5,1,1,0,False,root.resolve,fdcc6c16e828a4a8dea9
hardware/tools/write_p2_vit_scale_calibration_report.py,maintained,function,load_json_object,load_json_object,22,26,5,5,1,1,0,False,ValueError;isinstance;json.loads;path.read_text,64a648c70701d933c704
hardware/tools/write_p2_vit_scale_calibration_report.py,maintained,function,add_check,add_check,29,30,2,2,1,4,0,False,checks.append,a80c03f5762a1d932408
hardware/tools/write_p2_vit_scale_calibration_report.py,maintained,function,int_at_least,int_at_least,33,34,2,2,1,2,0,False,isinstance,30074dd39c1a613e4ca6
hardware/tools/write_p2_vit_scale_calibration_report.py,maintained,function,build_report,build_report,37,166,130,25,17,1,0,False,add_check;all;audit_safety.get;get;int_at_least;isinstance;item.get;len;load_json_object;lower;normalize_roots;pot_audit.get;pot_sweep.get;req5.get;req5_precision.get;str;sweep_safety.get;sweep_summary.get,4a975540a843ce93f866
hardware/tools/write_p2_vit_scale_calibration_report.py,maintained,function,render_markdown,render_markdown,169,199,31,12,3,1,0,False,Path;get;item.get;items;join;lines.append;lines.extend;replace;str,4e5e005bc4a02dafc4c8
hardware/tools/write_p2_vit_scale_calibration_report.py,maintained,function,parse_args,parse_args,202,207,6,6,0,1,0,False,Path;argparse.ArgumentParser;parser.add_argument;parser.parse_args;resolve,732c9d7476721d4ff731
hardware/tools/write_p2_vit_scale_calibration_report.py,maintained,function,main,main,210,221,12,12,3,1,0,False,build_report;json.dumps;json_out.parent.mkdir;json_out.write_text;markdown_out.parent.mkdir;markdown_out.write_text;normalize_roots;parse_args;print;render_markdown,14989d2db7939967dccc
hardware/tools/write_patch32_dtok4_300_goal_status.py,maintained,function,read_text,read_text,62,63,2,2,1,1,0,False,path.exists;path.read_text,8d30419f04a194e555a6
hardware/tools/write_patch32_dtok4_300_goal_status.py,maintained,function,read_json,read_json,66,72,7,6,2,1,0,False,json.loads;path.exists;path.read_text,2cf7e8d6a760986b2fe4
hardware/tools/write_patch32_dtok4_300_goal_status.py,maintained,function,number,number,75,76,2,2,0,1,0,False,float;value.replace,b7a443661567056a9ab3
hardware/tools/write_patch32_dtok4_300_goal_status.py,maintained,function,cycles_to_ms,cycles_to_ms,79,80,2,2,0,2,0,False,,3a7caa57b1febf756a91
hardware/tools/write_patch32_dtok4_300_goal_status.py,maintained,function,parse_hls_mode,parse_hls_mode,83,105,23,9,1,1,0,False,cycles_to_ms;int;match.group;re.search;replace,4881ac3ffd1b01a66fe2
hardware/tools/write_patch32_dtok4_300_goal_status.py,maintained,function,parse_instances,parse_instances,108,123,16,7,1,1,0,False,int;match.group;pattern.finditer;re.compile;replace,d80d27d1fab43623070c
hardware/tools/write_patch32_dtok4_300_goal_status.py,maintained,function,parse_timing,parse_timing,126,153,28,5,14,1,0,False,clock.group;int;number;re.search;summary.group,233f10f07dd02c6ba183
hardware/tools/write_patch32_dtok4_300_goal_status.py,maintained,function,parse_utilization,parse_utilization,156,182,27,10,5,1,0,False,all;bool;match.group;number;re.escape;re.search;resources.values;row,13b65be1cf04a039950a
hardware/tools/write_patch32_dtok4_300_goal_status.py,maintained,function,parse_utilization.row,row,157,169,13,5,1,1,0,False,match.group;number;re.escape;re.search,2e59ba4a12d03885537b
hardware/tools/write_patch32_dtok4_300_goal_status.py,maintained,function,parse_power,parse_power,185,205,21,5,2,1,0,False,match.group;number;re.escape;re.search;value,ae3ba5aeea3e51001e14
hardware/tools/write_patch32_dtok4_300_goal_status.py,maintained,function,parse_power.value,value,186,188,3,3,1,1,0,False,match.group;number;re.escape;re.search,3d24d2800706e507ef4c
hardware/tools/write_patch32_dtok4_300_goal_status.py,maintained,function,parse_route,parse_route,208,215,8,4,3,1,0,False,errors.group;int;match.group;re.search;replace,3ae154cbc513468119ec
hardware/tools/write_patch32_dtok4_300_goal_status.py,maintained,function,mode_status,mode_status,218,222,5,5,2,2,0,False,mode.get,383d95c71c4822f3fd88
hardware/tools/write_patch32_dtok4_300_goal_status.py,maintained,function,build_status,build_status,225,349,125,26,19,0,0,False,BUNDLE_VALIDATION_JSONS.items;all;board_gate.get;board_run.get;bundle_validations.items;bundle_validations.values;contract.get;cycles_to_ms;get;int;isinstance;keys;mode_status;parse_hls_mode;parse_instances;parse_power;parse_route;parse_timing;parse_utilization;payload.get;read_json;read_text;route.get;search.get;sorted;str;timing.get;track.get;utilization.get,5baa104516d44c4ecb9c
hardware/tools/write_patch32_dtok4_300_goal_status.py,maintained,function,fmt,fmt,352,357,6,6,3,2,0,False,isinstance;str,ec6cac8f989883f22f45
hardware/tools/write_patch32_dtok4_300_goal_status.py,maintained,function,render_markdown,render_markdown,360,458,99,22,12,1,0,False,fmt;get;inst.get;items;join;lines.append;lines.extend;payload.get;power.get;resources.get;row.get;sorted,f6bbb29a2af54b92a588
hardware/tools/write_patch32_dtok4_300_goal_status.py,maintained,function,parse_args,parse_args,461,465,5,5,0,1,0,False,argparse.ArgumentParser;parser.add_argument;parser.parse_args,a41aace85a4a14d15ad9
hardware/tools/write_patch32_dtok4_300_goal_status.py,maintained,function,main,main,468,476,9,9,0,1,0,False,args.json_out.parent.mkdir;args.json_out.write_text;args.markdown_out.parent.mkdir;args.markdown_out.write_text;build_status;json.dumps;parse_args;print;render_markdown,f368a4961348d734a053
hardware/tools/write_prefetchall4_300_contract_audit.py,maintained,function,paths_for_profile,paths_for_profile,27,35,9,4,0,1,0,False,,6572278b51bd6a78eeeb
hardware/tools/write_prefetchall4_300_contract_audit.py,maintained,function,read_text,read_text,38,39,2,2,1,1,0,False,path.exists;path.read_text,8d30419f04a194e555a6
hardware/tools/write_prefetchall4_300_contract_audit.py,maintained,function,file_exists,file_exists,42,43,2,2,1,1,0,False,path.exists;path.is_file,28eb78fac28dfc6df5b2
hardware/tools/write_prefetchall4_300_contract_audit.py,maintained,function,add_check,add_check,46,54,9,2,1,5,0,False,checks.append,ea90b710cfe2bccd660d
hardware/tools/write_prefetchall4_300_contract_audit.py,maintained,function,contains_all,contains_all,57,58,2,2,1,2,0,False,all,4ebefda6591ee4859ed9
hardware/tools/write_prefetchall4_300_contract_audit.py,maintained,function,build_audit,build_audit,61,340,280,34,17,1,0,False,add_check;all;any;contains_all;file_exists;join;len;paths_for_profile;read_text;sorted;str;verilog_root.glob,1cdd712136f550757b28
hardware/tools/write_prefetchall4_300_contract_audit.py,maintained,function,render_markdown,render_markdown,343,362,20,9,2,1,0,False,items;join;lines.append;lines.extend;replace;sorted;str,13686d5c5595e9867868
hardware/tools/write_prefetchall4_300_contract_audit.py,maintained,function,parse_args,parse_args,365,370,6,6,0,1,0,False,argparse.ArgumentParser;parser.add_argument;parser.parse_args,41a4b7671d519fc61e2b
hardware/tools/write_prefetchall4_300_contract_audit.py,maintained,function,main,main,373,383,11,11,3,1,0,False,build_audit;json.dumps;json_out.parent.mkdir;json_out.write_text;markdown_out.parent.mkdir;markdown_out.write_text;parse_args;print;render_markdown,083ca37596f72ce457e6
hardware/tools/write_prefetchall4_300_goal_status.py,maintained,function,read_text,read_text,56,57,2,2,1,1,0,False,path.exists;path.read_text,8d30419f04a194e555a6
hardware/tools/write_prefetchall4_300_goal_status.py,maintained,function,read_json,read_json,60,66,7,6,2,1,0,False,json.loads;path.exists;path.read_text,2cf7e8d6a760986b2fe4
hardware/tools/write_prefetchall4_300_goal_status.py,maintained,function,parse_float,parse_float,69,70,2,2,0,1,0,False,float;value.replace,b7a443661567056a9ab3
hardware/tools/write_prefetchall4_300_goal_status.py,maintained,function,parse_timing,parse_timing,73,110,38,18,8,1,0,False,int;match.group;parse_float;re.search,ef051ddfbd6dc29d1123
hardware/tools/write_prefetchall4_300_goal_status.py,maintained,function,parse_utilization,parse_utilization,113,134,22,8,7,1,0,False,all;any;int;match.group;parse_float;patterns.items;re.search;resources.values,a906d73c34debdc3db23
hardware/tools/write_prefetchall4_300_goal_status.py,maintained,function,parse_power,parse_power,137,155,19,9,3,1,0,False,match.group;parse_float;re.escape;re.search;summary_value,41fdfba805db46edb2a3
hardware/tools/write_prefetchall4_300_goal_status.py,maintained,function,parse_power.summary_value,summary_value,138,140,3,3,1,1,0,False,match.group;parse_float;re.escape;re.search,0c0f94b68acefa72f4c9
hardware/tools/write_prefetchall4_300_goal_status.py,maintained,function,parse_hls_latency,parse_hls_latency,158,174,17,5,1,1,0,False,int;match.group;re.search;replace;strip,2e2da83d19ae9cc8d796
hardware/tools/write_prefetchall4_300_goal_status.py,maintained,function,percentile,percentile,177,187,11,11,2,2,0,False,int;len;min;sorted,f29f9b2e74b8159ae31d
hardware/tools/write_prefetchall4_300_goal_status.py,maintained,function,summarize,summarize,190,202,13,5,1,1,0,False,len;percentile;sorted;sum,c6f3b36366bf259b07b0
hardware/tools/write_prefetchall4_300_goal_status.py,maintained,function,numeric_samples,numeric_samples,205,209,5,5,3,2,0,False,float;isinstance;payload.get,26ea116a5bf704796db6
hardware/tools/write_prefetchall4_300_goal_status.py,maintained,function,summary_mean,summary_mean,212,217,6,6,3,2,0,False,float;isinstance;payload.get;summary.get,d633c261a4b4dbcebb89
hardware/tools/write_prefetchall4_300_goal_status.py,maintained,function,weighted_value,weighted_value,220,223,4,4,2,2,0,False,,d52ece2642dc0b909878
hardware/tools/write_prefetchall4_300_goal_status.py,maintained,function,dict_mean,dict_mean,226,230,5,5,3,1,0,False,float;isinstance;payload.get,ad472723d3e03e03212f
hardware/tools/write_prefetchall4_300_goal_status.py,maintained,function,dict_max,dict_max,233,237,5,5,3,1,0,False,float;isinstance;payload.get,9136de976f3c16856754
hardware/tools/write_prefetchall4_300_goal_status.py,maintained,function,synthetic_mix_samples,synthetic_mix_samples,240,250,11,10,4,2,0,False,len;max;mixed.append;range,d8f8babe4511a04ee6e7
hardware/tools/write_prefetchall4_300_goal_status.py,maintained,function,mode_from_hybrid,mode_from_hybrid,253,256,4,4,2,2,0,False,hybrid_payload.get;isinstance;summaries.get,d755ae0a6ddfd68bf2df
hardware/tools/write_prefetchall4_300_goal_status.py,maintained,function,build_board_measurements,build_board_measurements,259,400,142,40,41,3,0,False,bool;dict_max;dict_mean;hybrid_payload.get;hybrid_search.get;hybrid_track.get;isinstance;max;measured_distribution.get;mode_from_hybrid;numeric_samples;search_payload.get;summarize;summary_mean;synthetic_mix_samples;track_payload.get;weighted_value,02155a112f88b02595b2
hardware/tools/write_prefetchall4_300_goal_status.py,maintained,function,build_status,build_status,403,587,185,31,46,0,0,False,board_gate.get;board_measurements.get;board_run.get;bool;build_board_measurements;contract_audit.get;cosim.get;direct_xsimk.get;get;parse_hls_latency;parse_power;parse_timing;parse_utilization;progress_xsimk.get;read_json;read_text;resource_breakdown.get;resource_breakdown_summary.get;str;timing.get;utilization.get;xsim_smoke.get,8c4b9bb0b293e7bae501
hardware/tools/write_prefetchall4_300_goal_status.py,maintained,function,fmt,fmt,590,591,2,2,1,1,0,False,str,6939ed5e36f0bba2ad49
hardware/tools/write_prefetchall4_300_goal_status.py,maintained,function,render_markdown,render_markdown,594,719,126,36,16,1,0,False,accel.get;block.get;block_resources.get;board.get;bram.get;dsp.get;ff.get;fmt;get;item.get;items;join;lines.append;lines.extend;lut.get;major_blocks.items;power.get;resource_breakdown.get;resources.get;sorted;status.get;timing.get;uram.get,897beeab1246da75cf66
hardware/tools/write_prefetchall4_300_goal_status.py,maintained,function,parse_args,parse_args,722,726,5,5,0,1,0,False,argparse.ArgumentParser;parser.add_argument;parser.parse_args,1da9dab4caf5282f5e1b
hardware/tools/write_prefetchall4_300_goal_status.py,maintained,function,main,main,729,737,9,9,0,1,0,False,args.json_out.parent.mkdir;args.json_out.write_text;args.markdown_out.parent.mkdir;args.markdown_out.write_text;build_status;json.dumps;parse_args;print;render_markdown,f368a4961348d734a053
hardware/tools/write_prefetchall4_300_resource_breakdown.py,maintained,function,read_text,read_text,73,74,2,2,1,1,0,False,path.exists;path.read_text,8d30419f04a194e555a6
hardware/tools/write_prefetchall4_300_resource_breakdown.py,maintained,function,parse_number,parse_number,77,78,2,2,0,1,0,False,float;value.replace,b7a443661567056a9ab3
hardware/tools/write_prefetchall4_300_resource_breakdown.py,maintained,function,clean_label,clean_label,81,82,2,2,0,1,0,False,label.replace;strip,a4a7aee952cf52ea53d6
hardware/tools/write_prefetchall4_300_resource_breakdown.py,maintained,function,parse_resource_table,parse_resource_table,85,114,30,23,9,1,0,False,RESOURCE_ROWS.items;cell.strip;clean_label;len;line.startswith;line.strip;parse_number;split;strip;text.splitlines,ac085ebe77a874d5ccf1
hardware/tools/write_prefetchall4_300_resource_breakdown.py,maintained,function,split_table_line,split_table_line,117,118,2,2,1,1,0,False,cell.strip;line.strip;split;strip,36564066c39ec4c7e97e
hardware/tools/write_prefetchall4_300_resource_breakdown.py,maintained,function,normalize_header,normalize_header,121,124,4,4,0,1,0,False,clean_label;lower;re.sub;strip,edacee1e09d085d5c751
hardware/tools/write_prefetchall4_300_resource_breakdown.py,maintained,function,find_header_index,find_header_index,127,134,8,8,5,2,0,False,enumerate;normalize_header,dc5ee354c81add4163b5
hardware/tools/write_prefetchall4_300_resource_breakdown.py,maintained,function,parse_hierarchical_table,parse_hierarchical_table,137,163,27,23,15,1,0,False,any;clean_label;find_header_index;len;line.startswith;lower;normalize_header;rows.append;set;split_table_line;text.splitlines,fdcb9f367daad96e86eb
hardware/tools/write_prefetchall4_300_resource_breakdown.py,maintained,function,cell_float,cell_float,166,173,8,7,3,3,0,False,find_header_index;len;parse_number,23e0295ccc1f8a5c6e26
hardware/tools/write_prefetchall4_300_resource_breakdown.py,maintained,function,hierarchical_row_resources,hierarchical_row_resources,176,203,28,15,11,2,0,False,add_share_of_top;cell_float;float;get;isinstance;list;row.get;rows.items;top_rows.get;value.get,327ae4b98e2986dea564
hardware/tools/write_prefetchall4_300_resource_breakdown.py,maintained,function,find_hierarchical_block_row,find_hierarchical_block_row,206,212,7,7,5,2,0,False,any;lower;pattern.lower;row.get;str,0fee8962df9bcea3b919
hardware/tools/write_prefetchall4_300_resource_breakdown.py,maintained,function,add_share_of_top,add_share_of_top,215,227,13,10,4,2,0,False,float;get;isinstance;row.get;rows.items;top_rows.get,f3c652125e733faf0ed8
hardware/tools/write_prefetchall4_300_resource_breakdown.py,maintained,function,normalize_rows,normalize_rows,230,231,2,2,2,1,0,False,dict;rows.get,78f1db80216f2f2344af
hardware/tools/write_prefetchall4_300_resource_breakdown.py,maintained,function,block_entry,block_entry,234,242,9,3,0,3,0,False,add_share_of_top;normalize_rows;parse_resource_table;read_text;report.exists;str,e8681a3fe25df4380480
hardware/tools/write_prefetchall4_300_resource_breakdown.py,maintained,function,hierarchical_block_entry,hierarchical_block_entry,245,258,14,2,0,4,0,False,hierarchical_row_resources;normalize_rows;report.exists;row.get;str,98103c877c99edad99b9
hardware/tools/write_prefetchall4_300_resource_breakdown.py,maintained,function,build_breakdown,build_breakdown,261,314,54,15,9,3,0,False,MAJOR_BLOCK_INSTANCE_PATTERNS.get;add_share_of_top;block.get;block_entry;blocks.get;blocks.items;bool;find_hierarchical_block_row;get;hierarchical_block_entry;hierarchical_report.exists;highest_pressure;len;major_reports.items;normalize_rows;parse_hierarchical_table;parse_resource_table;read_text;str;top_report.exists;top_resources.get,dcabde66ed8942a5ffa1
hardware/tools/write_prefetchall4_300_resource_breakdown.py,maintained,function,highest_pressure,highest_pressure,317,326,10,10,3,1,0,False,candidates.append;float;isinstance;max;resources.items;row.get,ace6a31fd1185d3212ba
hardware/tools/write_prefetchall4_300_resource_breakdown.py,maintained,function,fmt,fmt,329,334,6,6,2,1,0,False,isinstance;rstrip;str,178ff48c478adf5a2a55
hardware/tools/write_prefetchall4_300_resource_breakdown.py,maintained,function,render_markdown,render_markdown,337,379,43,13,3,1,0,False,fmt;get;items;join;lines.append;lines.extend;row.get,6db975ca675dbd3ce192
hardware/tools/write_prefetchall4_300_resource_breakdown.py,maintained,function,parse_args,parse_args,382,386,5,5,0,1,0,False,argparse.ArgumentParser;parser.add_argument;parser.parse_args,9f0cf45eae60c3f3cec8
hardware/tools/write_prefetchall4_300_resource_breakdown.py,maintained,function,main,main,389,397,9,9,0,1,0,False,args.json_out.parent.mkdir;args.json_out.write_text;args.markdown_out.parent.mkdir;args.markdown_out.write_text;build_breakdown;json.dumps;parse_args;print;render_markdown,d46df966f972d4b6a2f9
hardware/tools/write_req1_environment_audit.py,maintained,function,normalize_roots,normalize_roots,22,26,5,5,1,1,0,False,root.resolve,fdcc6c16e828a4a8dea9
hardware/tools/write_req1_environment_audit.py,maintained,function,read_text,read_text,29,30,2,2,1,1,0,False,path.exists;path.read_text,2d8832de6af67fa45990
hardware/tools/write_req1_environment_audit.py,maintained,function,parse_os_release,parse_os_release,33,40,8,8,2,1,0,False,line.split;strip;text.splitlines;value.strip,c3aa5d2c2663aae31f98
hardware/tools/write_req1_environment_audit.py,maintained,function,add_check,add_check,43,44,2,2,1,4,0,False,checks.append,85663ec232d877522729
hardware/tools/write_req1_environment_audit.py,maintained,function,path_has_suffix,path_has_suffix,47,48,2,2,0,2,0,False,endswith;path.as_posix,3ef869c2695e74875559
hardware/tools/write_req1_environment_audit.py,maintained,function,build_audit,build_audit,51,114,64,23,6,1,0,False,Path;VITIS_HLS.exists;VIVADO.exists;add_check;hardware.as_posix;hardware.exists;hgtxr.as_posix;len;lower;marker.lower;normalize_roots;os.access;os_release.get;parse_os_release;path_has_suffix;platform.release;platform.system;proc_version.lower;proc_version.splitlines;read_text;startswith;str;sum,d5017805e80baf0f45b6
hardware/tools/write_req1_environment_audit.py,maintained,function,render_markdown,render_markdown,117,139,23,12,3,1,0,False,items;join;lines.append;lines.extend;replace;str,2b198c67b104a4a88e7b
hardware/tools/write_req1_environment_audit.py,maintained,function,parse_args,parse_args,142,147,6,6,0,1,0,False,Path;argparse.ArgumentParser;parser.add_argument;parser.parse_args;resolve,64a7d0da7dc78f8d9d02
hardware/tools/write_req1_environment_audit.py,maintained,function,main,main,150,158,9,9,1,1,0,False,args.json_out.parent.mkdir;args.json_out.write_text;args.markdown_out.parent.mkdir;args.markdown_out.write_text;build_audit;json.dumps;parse_args;print;render_markdown,56145a101cf1c98f63ac
hardware/tools/write_req2_spec_subagent_gate_audit.py,maintained,function,normalize_roots,normalize_roots,16,20,5,5,1,1,0,False,root.resolve,fdcc6c16e828a4a8dea9
hardware/tools/write_req2_spec_subagent_gate_audit.py,maintained,function,read_text,read_text,23,24,2,2,1,1,0,False,path.exists;path.read_text,2d8832de6af67fa45990
hardware/tools/write_req2_spec_subagent_gate_audit.py,maintained,function,rel_or_abs,rel_or_abs,27,31,5,4,1,2,0,False,as_posix;base.resolve;path.resolve;relative_to;str,e002f30acf201236b66c
hardware/tools/write_req2_spec_subagent_gate_audit.py,maintained,function,marker_check,marker_check,34,36,3,3,1,2,0,False,marker.lower;text.lower,6d7735fb5d30fc1c25c1
hardware/tools/write_req2_spec_subagent_gate_audit.py,maintained,function,build_audit,build_audit,39,201,163,23,18,1,0,False,all;generated.items;generated_presence.values;hardware_docs.items;hardware_docs.values;join;marker_check;normalize_roots;parent_docs.items;parent_docs.values;path.exists;plan_markers.values;read_text;rel_or_abs;shutil.which;str,ad232034c70a8d0fa840
hardware/tools/write_req2_spec_subagent_gate_audit.py,maintained,function,render_markdown,render_markdown,204,226,23,10,2,1,0,False,items;join;lines.append;lines.extend,5fedd72c609942cf70b4
hardware/tools/write_req2_spec_subagent_gate_audit.py,maintained,function,write_outputs,write_outputs,229,233,5,5,0,3,0,False,json.dumps;json_out.parent.mkdir;json_out.write_text;markdown_out.parent.mkdir;markdown_out.write_text;render_markdown,35395e170130db4d8fd0
hardware/tools/write_req2_spec_subagent_gate_audit.py,maintained,function,parse_args,parse_args,236,241,6,6,0,1,0,False,Path;argparse.ArgumentParser;parser.add_argument;parser.parse_args;resolve,4552610589a415244abe
hardware/tools/write_req2_spec_subagent_gate_audit.py,maintained,function,main,main,244,260,17,6,1,1,0,False,build_audit;json.dumps;parse_args;print;startswith;write_outputs,646455298bbc34906828
hardware/tools/write_req5_q4q8_swhw_match_audit.py,maintained,function,normalize_roots,normalize_roots,35,39,5,5,1,1,0,False,root.resolve,fdcc6c16e828a4a8dea9
hardware/tools/write_req5_q4q8_swhw_match_audit.py,maintained,function,load_json,load_json,42,46,5,5,1,1,0,False,ValueError;isinstance;json.loads;path.read_text,64a648c70701d933c704
hardware/tools/write_req5_q4q8_swhw_match_audit.py,maintained,function,source_contains,source_contains,49,50,2,2,1,2,0,False,path.exists;path.read_text,be597e44785b5b49bef3
hardware/tools/write_req5_q4q8_swhw_match_audit.py,maintained,function,parse_macro,parse_macro,53,55,3,3,1,2,0,False,int;match.group;re.escape;re.search,976fba1a63f4ba392945
hardware/tools/write_req5_q4q8_swhw_match_audit.py,maintained,function,parse_csim_log,parse_csim_log,58,84,27,11,6,4,0,False,int;len;match.group;path.exists;path.read_text;re.finditer;re.search;runtime_match.group,056e8c343f3bd4a95957
hardware/tools/write_req5_q4q8_swhw_match_audit.py,maintained,function,manifest_checks,manifest_checks,87,140,54,25,22,1,0,False,Path;any;binary_path.exists;binary_path.is_absolute;binary_path.read_bytes;binary_path.stat;binary_value.startswith;hashlib.sha256;hexdigest;int;isinstance;known.values;layout.get;len;load_json;path.exists;payload.get;str,c05f2ad52692a86bc267
hardware/tools/write_req5_q4q8_swhw_match_audit.py,maintained,function,build_audit,build_audit,143,241,99,15,15,1,0,False,all;checks.extend;config_path.exists;config_path.read_text;len;log.get;manifest.get;manifest_checks;normalize_roots;parse_csim_log;parse_macro;source_contains;str;tb_checks.values,b4bcd36dfa8aa5291479
hardware/tools/write_req5_q4q8_swhw_match_audit.py,maintained,function,render_markdown,render_markdown,244,267,24,11,3,1,0,False,join;lines.append;lines.extend;log.get;replace;str,466cbf9f6c1f65ff7f9f
hardware/tools/write_req5_q4q8_swhw_match_audit.py,maintained,function,parse_args,parse_args,270,275,6,6,0,1,0,False,Path;argparse.ArgumentParser;parser.add_argument;parser.parse_args;resolve,0c381a9222abbaeac53e
hardware/tools/write_req5_q4q8_swhw_match_audit.py,maintained,function,main,main,278,289,12,12,3,1,0,False,build_audit;json.dumps;json_out.parent.mkdir;json_out.write_text;markdown_out.parent.mkdir;markdown_out.write_text;normalize_roots;parse_args;print;render_markdown,2d81648f4daf737a2645
hardware/tools/write_req6_parameterization_audit.py,maintained,function,normalize_roots,normalize_roots,38,42,5,5,1,1,0,False,root.resolve,fdcc6c16e828a4a8dea9
hardware/tools/write_req6_parameterization_audit.py,maintained,function,read_text,read_text,45,46,2,2,1,1,0,False,path.exists;path.read_text,2d8832de6af67fa45990
hardware/tools/write_req6_parameterization_audit.py,maintained,function,macro_values,macro_values,49,53,5,5,1,1,0,False,int;match.group;re.finditer,79f14bdd3a8f7e0e452d
hardware/tools/write_req6_parameterization_audit.py,maintained,function,line_refs,line_refs,56,61,6,2,1,3,0,False,enumerate;text.splitlines,c8ccfd47ab1b4c0680cd
hardware/tools/write_req6_parameterization_audit.py,maintained,function,add_check,add_check,64,65,2,2,1,4,0,False,checks.append,85663ec232d877522729
hardware/tools/write_req6_parameterization_audit.py,maintained,function,macro_int,macro_int,68,73,6,6,2,2,0,False,LEGACY_DEFAULTS.get;isinstance;macros.get,d3c6436ab2354756889f
hardware/tools/write_req6_parameterization_audit.py,maintained,function,positive,positive,76,77,2,2,1,1,0,False,isinstance,64474cdac5d9f9164439
hardware/tools/write_req6_parameterization_audit.py,maintained,function,divisible,divisible,80,81,2,2,1,2,0,False,positive,b6b29351fd200a3cd3cb
hardware/tools/write_req6_parameterization_audit.py,maintained,function,sweep_has_values,sweep_has_values,84,90,7,7,2,3,0,False,int;match.group;re.escape;re.findall;re.search,5b2ddd630991faa4e1d4
hardware/tools/write_req6_parameterization_audit.py,maintained,function,load_yaml_object,load_yaml_object,93,95,3,3,2,1,0,False,isinstance;text.strip;yaml.safe_load,74176a1d6b504e071a05
hardware/tools/write_req6_parameterization_audit.py,maintained,function,tcl_supports_par16_par32,tcl_supports_par16_par32,98,104,7,2,1,1,0,False,,adb9b6b8884bc8c91858
hardware/tools/write_req6_parameterization_audit.py,maintained,function,build_audit,build_audit,107,356,250,90,30,1,0,False,add_check;all;bool;c3b_par16.get;config_macros.get;derived_needles.items;dict;divisible;e2e_needles.items;e2e_static_assert_needles.items;expected_defaults.items;isinstance;len;line_refs;load_yaml_object;macro_int;macro_values;merged_macros.update;normalize_roots;par32.get;parallelism_extensions.get;paths.items;positive;read_text;str;sum;sweep_doc.get;sweep_expectations.items;sweep_has_values;sweep_matrix.get;tcl_supports_par16_par32,f7ff12e594f525d12da5
hardware/tools/write_req6_parameterization_audit.py,maintained,function,render_markdown,render_markdown,359,387,29,16,6,1,0,False,isinstance;items;join;lines.append;lines.extend;str,1ea849232dbe4d6dff39
hardware/tools/write_req6_parameterization_audit.py,maintained,function,write_outputs,write_outputs,390,394,5,5,0,3,0,False,json.dumps;json_out.parent.mkdir;json_out.write_text;markdown_out.parent.mkdir;markdown_out.write_text;render_markdown,35395e170130db4d8fd0
hardware/tools/write_req6_parameterization_audit.py,maintained,function,main,main,397,410,14,13,3,1,0,False,Path;argparse.ArgumentParser;build_audit;normalize_roots;parser.add_argument;parser.parse_args;print;resolve;write_outputs,1476570cfd221d9fd589
hardware/tools/write_req9_deit_image_reference_audit.py,maintained,function,normalize_roots,normalize_roots,19,28,10,9,1,1,0,False,root.resolve,8d562b263ec0fd8d08c1
hardware/tools/write_req9_deit_image_reference_audit.py,maintained,function,sha256_file,sha256_file,31,36,6,6,2,1,0,False,digest.hexdigest;digest.update;handle.read;hashlib.sha256;iter;path.open,8b20a237fa4044c9253b
hardware/tools/write_req9_deit_image_reference_audit.py,maintained,function,file_info,file_info,39,48,10,4,5,1,0,False,hex;path.exists;path.is_file;path.read_bytes;path.stat;sha256_file;str,9a3dfd6ec738192df126
hardware/tools/write_req9_deit_image_reference_audit.py,maintained,function,add_check,add_check,51,52,2,2,1,4,0,False,checks.append,85663ec232d877522729
hardware/tools/write_req9_deit_image_reference_audit.py,maintained,function,build_audit,build_audit,55,117,63,23,4,1,0,False,PNG_MAGIC.hex;REQUESTED_USER_SUFFIX.replace;add_check;docs_copy.exists;endswith;file_info;hgpipe.exists;len;normalize_roots;requested.as_posix;requested.exists;str;sum,78653438be9720d05ada
hardware/tools/write_req9_deit_image_reference_audit.py,maintained,function,render_markdown,render_markdown,120,148,29,13,3,1,0,False,items;join;lines.append;lines.extend;replace;str,ab0f7ab805eb4e7b9c8e
hardware/tools/write_req9_deit_image_reference_audit.py,maintained,function,parse_args,parse_args,151,156,6,6,0,1,0,False,Path;argparse.ArgumentParser;parser.add_argument;parser.parse_args;resolve,1a10972f70a4b051e574
hardware/tools/write_req9_deit_image_reference_audit.py,maintained,function,main,main,159,167,9,9,1,1,0,False,args.json_out.parent.mkdir;args.json_out.write_text;args.markdown_out.parent.mkdir;args.markdown_out.write_text;build_audit;json.dumps;parse_args;print;render_markdown,0c410367244dc8a8dfc5
hardware/tools/write_selected_path_execution_audit.py,maintained,function,add_check,add_check,18,19,2,2,1,4,0,False,checks.append,a80c03f5762a1d932408
hardware/tools/write_selected_path_execution_audit.py,maintained,function,load_matrix,load_matrix,22,28,7,7,2,2,0,False,ValueError;isinstance;json.loads;matrix_path.read_text;write_e2e_resource_matrix.build_matrix,6c6a0b31161365be5358
hardware/tools/write_selected_path_execution_audit.py,maintained,function,row_by_id,row_by_id,31,35,5,5,2,1,0,False,isinstance;matrix.get;row.get;str,a637444831084429c290
hardware/tools/write_selected_path_execution_audit.py,maintained,function,resource,resource,38,42,5,5,3,2,0,False,hls.get;isinstance;resources.get;row.get,faba397f6aedb04dec2b
hardware/tools/write_selected_path_execution_audit.py,maintained,function,latency,latency,45,48,4,4,2,1,0,False,hls.get;isinstance;row.get,c3260628e4635cceca9c
hardware/tools/write_selected_path_execution_audit.py,maintained,function,artifacts_ready,artifacts_ready,51,62,12,7,2,1,0,False,artifacts.get;bit.get;hwh.get;isinstance;row.get,1eb0199efb87ac75648d
hardware/tools/write_selected_path_execution_audit.py,maintained,function,build_audit,build_audit,65,156,92,34,11,2,0,False,a1.get;a2.get;add_check;artifacts_ready;c1.get;c3b.get;get;join;latency;len;load_matrix;matrix.get;matrix_path.resolve;resource;root.resolve;row_by_id;rows.get;sorted;str;sum,e5364fc7ed73a4b8a4c1
hardware/tools/write_selected_path_execution_audit.py,maintained,function,render_markdown,render_markdown,159,197,39,11,2,1,0,False,join;key.upper;lines.append;lines.extend;replace;str,3c30bdc4ef1d2af92309
hardware/tools/write_selected_path_execution_audit.py,maintained,function,parse_args,parse_args,200,206,7,7,0,1,0,False,argparse.ArgumentParser;parser.add_argument;parser.parse_args,a12c8b711a3d89da1a03
hardware/tools/write_selected_path_execution_audit.py,maintained,function,main,main,209,220,12,9,1,1,0,False,args.json_out.parent.mkdir;args.json_out.write_text;args.markdown_out.parent.mkdir;args.markdown_out.write_text;build_audit;json.dumps;parse_args;print;render_markdown,3373ac59226664cf5504
hardware/tools/write_spec_plan_conformance_audit.py,maintained,function,add_check,add_check,39,40,2,2,1,4,0,False,checks.append,a80c03f5762a1d932408
hardware/tools/write_spec_plan_conformance_audit.py,maintained,function,read_text,read_text,43,44,2,2,1,1,0,False,path.exists;path.read_text,8d30419f04a194e555a6
hardware/tools/write_spec_plan_conformance_audit.py,maintained,function,load_json_object,load_json_object,47,52,6,5,2,1,0,False,isinstance;json.loads;path.read_text,c723c0ffa2703bbcf314
hardware/tools/write_spec_plan_conformance_audit.py,maintained,function,contains_all,contains_all,55,56,2,2,1,2,0,False,all,0a42603ade894d69ed74
hardware/tools/write_spec_plan_conformance_audit.py,maintained,function,contains_number_with_context,contains_number_with_context,59,60,2,2,1,3,0,False,,eee28c3c99a115fc7fe6
hardware/tools/write_spec_plan_conformance_audit.py,maintained,function,choice_doc_path,choice_doc_path,63,65,3,3,1,1,0,False,direct.exists,599e1f47caca7709ee65
hardware/tools/write_spec_plan_conformance_audit.py,maintained,function,failed_manifest_consistency,failed_manifest_consistency,68,81,14,10,6,1,0,False,check.get;evidence_manifest.get;isinstance;str,97a969f9a99b2c8c69f1
hardware/tools/write_spec_plan_conformance_audit.py,maintained,function,evidence_manifest_effectively_passes,evidence_manifest_effectively_passes,84,93,10,6,4,1,0,False,evidence_manifest.get;failed_manifest_consistency;isinstance,6fc7551065a45663efab
hardware/tools/write_spec_plan_conformance_audit.py,maintained,function,build_audit,build_audit,96,418,323,92,62,1,0,False,DOCS.items;add_check;bundle_validation.get;choice_doc_path;completion_audit.get;contains_all;contains_number_with_context;current_audit.get;current_doc_paths.items;current_docs.get;current_docs.items;current_summary.get;docs.items;evidence_manifest.get;evidence_manifest_effectively_passes;exists;failed_manifest_consistency;isinstance;item.get;join;len;load_json_object;operator_handoff_validation.get;path.exists;range;read_text;requirements_trace.get;resource_policy.get;root.resolve;selected_path.get;sorted;source_audit.get;stale_checked_docs.items;str;sum;type,08959be25b56e8d0e67d
hardware/tools/write_spec_plan_conformance_audit.py,maintained,function,render_markdown,render_markdown,421,454,34,13,3,1,0,False,items;join;lines.append;lines.extend;replace;str,86730e2500c33e4b66f2
hardware/tools/write_spec_plan_conformance_audit.py,maintained,function,parse_args,parse_args,457,462,6,6,0,1,0,False,argparse.ArgumentParser;parser.add_argument;parser.parse_args,e98e59a2c7d5863884ce
hardware/tools/write_spec_plan_conformance_audit.py,maintained,function,main,main,465,473,9,9,1,1,0,False,args.json_out.parent.mkdir;args.json_out.write_text;args.markdown_out.parent.mkdir;args.markdown_out.write_text;build_audit;json.dumps;parse_args;print;render_markdown,3b53e0a183c60effe21a
hardware/tools/write_third_goal_completion_audit.py,maintained,function,load_json,load_json,23,27,5,5,1,1,0,False,ValueError;isinstance;json.loads;path.read_text,64a648c70701d933c704
hardware/tools/write_third_goal_completion_audit.py,maintained,function,check_map,check_map,30,34,5,5,2,1,0,False,check.get;isinstance;preflight.get;str,0eb77bb1d219baac5f94
hardware/tools/write_third_goal_completion_audit.py,maintained,function,has_ok,has_ok,37,38,2,2,0,2,0,False,checks.get;get,8601a31d6d8582a0fbe9
hardware/tools/write_third_goal_completion_audit.py,maintained,function,has_fail,has_fail,41,42,2,2,0,2,0,False,checks.get;get,cc8f61131ee8c42f4742
hardware/tools/write_third_goal_completion_audit.py,maintained,function,failed_names,failed_names,45,50,6,2,2,1,0,False,check.get;isinstance;str,969ffce3ac1bd331e634
hardware/tools/write_third_goal_completion_audit.py,maintained,function,failed_consistency_from_manifest,failed_consistency_from_manifest,53,60,8,8,3,1,0,False,failed_names;isinstance;manifest.get;str,3fc62e9b67cf1766517f
hardware/tools/write_third_goal_completion_audit.py,maintained,function,manifest_required_complete,manifest_required_complete,63,66,4,4,1,1,0,False,isinstance;manifest.get,8e7999d04fa6bd588d61
hardware/tools/write_third_goal_completion_audit.py,maintained,function,path_status,path_status,69,70,2,2,1,1,0,False,path.exists,18835e8d9f8bfae10877
hardware/tools/write_third_goal_completion_audit.py,maintained,function,optional_json,optional_json,73,76,4,4,1,1,0,False,load_json;path.exists,7d6f0ab801a0011322f6
hardware/tools/write_third_goal_completion_audit.py,maintained,function,nested_dict,nested_dict,79,85,7,7,3,2,0,False,current.get;isinstance,20df1b90862b4df13953
hardware/tools/write_third_goal_completion_audit.py,maintained,function,row,row,88,95,8,2,0,5,0,False,,1d925b9ada61de5631f3
hardware/tools/write_third_goal_completion_audit.py,maintained,function,item_by_id,item_by_id,98,106,9,5,3,1,0,False,current_audit.get;isinstance;item.get;str,6730bc483b1edfa1b5e2
hardware/tools/write_third_goal_completion_audit.py,maintained,function,build_audit,build_audit,109,356,248,28,38,3,0,False,all;c3b_result.exists;candidate_audit.get;check.get;check_map;checks.get;current_audit.get;current_items.get;evidence_manifest.get;evidence_manifest_path.exists;exists;external_blocker_paths.get;failed_consistency_from_manifest;get;has_fail;has_ok;isinstance;item_by_id;len;manifest_required_complete;nested_dict;optional_json;path_status;policy_handoff.get;policy_integrity.get;preflight.get;req2_gate.get;root.parent.exists;row;str;sum,7d47a53df55984b8993f
hardware/tools/write_third_goal_completion_audit.py,maintained,function,render_markdown,render_markdown,359,408,50,27,11,1,0,False,audit.get;external_paths.items;handoff_policy.get;isinstance;join;lines.append;lines.extend;policy_integrity.get,367f1cfff65c19350dfc
hardware/tools/write_third_goal_completion_audit.py,maintained,function,parse_args,parse_args,411,418,8,8,0,1,0,False,Path;argparse.ArgumentParser;parser.add_argument;parser.parse_args;resolve,509f2315f89f50ef79b7
hardware/tools/write_third_goal_completion_audit.py,maintained,function,main,main,421,438,18,14,4,1,0,False,args.json_out.parent.mkdir;args.json_out.write_text;args.markdown_out.parent.mkdir;args.markdown_out.write_text;args.root.resolve;build_audit;candidate_audit_path.exists;json.dumps;load_json;parse_args;print;render_markdown,f3d0da512d46b8fa8c8a
hardware/tools/write_third_goal_current_audit.py,maintained,function,load_json,load_json,15,19,5,5,1,1,0,False,ValueError;isinstance;json.loads;path.read_text,64a648c70701d933c704
hardware/tools/write_third_goal_current_audit.py,maintained,function,normalize_roots,normalize_roots,22,30,9,8,1,1,0,False,root.resolve,c0e9609abc361cefc386
hardware/tools/write_third_goal_current_audit.py,maintained,function,rel,rel,33,37,5,4,1,2,0,False,as_posix;hardware.resolve;path.resolve;relative_to;str,7094c270defeac352baa
hardware/tools/write_third_goal_current_audit.py,maintained,function,file_evidence,file_evidence,40,48,9,4,2,3,0,False,path.exists,8137cc6bb55e94b4f8a1
hardware/tools/write_third_goal_current_audit.py,maintained,function,source_contains,source_contains,51,52,2,2,1,2,0,False,path.exists;path.read_text,be597e44785b5b49bef3
hardware/tools/write_third_goal_current_audit.py,maintained,function,closeout_summary,closeout_summary,55,87,33,11,7,2,0,False,get;isinstance;len;load_json;path.exists;payload.get;str,7b9f543d641c3e723c3e
hardware/tools/write_third_goal_current_audit.py,maintained,function,vref_successor_summary,vref_successor_summary,90,119,30,19,5,1,0,False,expected.get;isinstance;load_json;path.exists;payload.get;physical.get;projection.get;str,1bff410c37045acc940c
hardware/tools/write_third_goal_current_audit.py,maintained,function,qkv_uram_successor_summary,qkv_uram_successor_summary,122,153,32,12,6,1,0,False,csynth.get;isinstance;load_json;path.exists;payload.get;physical_smoke.get;promotion.get;pynq_plumbing.get;str,ec4ee1c6ba24b5e28fde
hardware/tools/write_third_goal_current_audit.py,maintained,function,smoke_discovery_summary,smoke_discovery_summary,156,179,24,6,1,2,0,False,load_json;path.exists;payload.get;str,6d236327a61b5d73a7c5
hardware/tools/write_third_goal_current_audit.py,maintained,function,vref_smoke_discovery_summary,vref_smoke_discovery_summary,182,186,5,2,0,1,0,False,smoke_discovery_summary,96ea69f293a5c7832458
hardware/tools/write_third_goal_current_audit.py,maintained,function,smoke_candidate_discovery_summary,smoke_candidate_discovery_summary,189,204,16,2,0,1,0,False,smoke_discovery_summary;vref_smoke_discovery_summary,e00c8b0073cf5df507aa
hardware/tools/write_third_goal_current_audit.py,maintained,function,source_audit_summary,source_audit_summary,207,219,13,7,1,1,0,False,load_json;path.exists;payload.get;str,522051e8872c2ae0906d
hardware/tools/write_third_goal_current_audit.py,maintained,function,final_signoff_runner_summary,final_signoff_runner_summary,222,248,27,7,1,1,0,False,bool;load_json;path.exists;payload.get;str,4c40cf9481bd6c73e41d
hardware/tools/write_third_goal_current_audit.py,maintained,function,final_blocker_closure_summary,final_blocker_closure_summary,251,276,26,10,3,1,0,False,bool;isinstance;load_json;path.exists;payload.get;str,0b792c30f76ddfdbcda0
hardware/tools/write_third_goal_current_audit.py,maintained,function,final_unblock_intake_summary,final_unblock_intake_summary,279,312,34,16,5,1,0,False,bool;candidate_audit.get;closure.get;isinstance;load_json;path.exists;payload.get;str,f0119fe8a465eed1034c
hardware/tools/write_third_goal_current_audit.py,maintained,function,final_unblock_commands_summary,final_unblock_commands_summary,315,352,38,14,10,1,0,False,any;isinstance;len;load_json;path.exists;payload.get;policy_integrity_summary;section.get;str,02156164d9971dc1c136
hardware/tools/write_third_goal_current_audit.py,maintained,function,final_unblock_candidate_audit_summary,final_unblock_candidate_audit_summary,355,387,33,16,5,1,0,False,bool;c3b.get;isinstance;load_json;path.exists;payload.get;str;xr_vits.get,1c701dee3d46043fa893
hardware/tools/write_third_goal_current_audit.py,maintained,function,final_operator_handoff_summary,final_operator_handoff_summary,390,441,52,24,9,1,0,False,board.get;bool;evidence.get;isinstance;load_json;path.exists;payload.get;policy_integrity_summary;safety.get;str;xr_resolution.get;xr_vits.get,b68d378ba58eb9e33bbd
hardware/tools/write_third_goal_current_audit.py,maintained,function,final_operator_handoff_validation_summary,final_operator_handoff_validation_summary,444,477,34,11,6,1,0,False,check.get;isinstance;len;load_json;path.exists;payload.get;str,a7760167396751088dd8
hardware/tools/write_third_goal_current_audit.py,maintained,function,policy_integrity_summary,policy_integrity_summary,480,505,26,7,4,1,0,False,bool;integrity.get;isinstance;required_fields.issubset;str;validation.get,767096a2ada14c8a397c
hardware/tools/write_third_goal_current_audit.py,maintained,function,xr_vits_unblock_packet_summary,xr_vits_unblock_packet_summary,508,535,28,10,3,1,0,False,bool;isinstance;len;load_json;path.exists;payload.get;str,34054fabf6837fb4972e
hardware/tools/write_third_goal_current_audit.py,maintained,function,hgpipe_operator_summary,hgpipe_operator_summary,538,559,22,16,4,1,0,False,isinstance;load_json;path.exists;payload.get;str,4a75ae092d6136cebcec
hardware/tools/write_third_goal_current_audit.py,maintained,function,xr_vits_gate_summary,xr_vits_gate_summary,562,580,19,7,3,1,0,False,isinstance;load_json;path.exists;payload.get;str,94362d929545c8fc23d2
hardware/tools/write_third_goal_current_audit.py,maintained,function,c3b_smoke_gate_summary,c3b_smoke_gate_summary,583,607,25,16,5,1,0,False,isinstance;load_json;path.exists;payload.get;str,046b7cf225ab91a2238a
hardware/tools/write_third_goal_current_audit.py,maintained,function,req2_spec_subagent_summary,req2_spec_subagent_summary,610,622,13,7,4,1,0,False,isinstance;load_json;path.exists;payload.get;str,8f901213d0a152ee2cb8
hardware/tools/write_third_goal_current_audit.py,maintained,function,req1_environment_summary,req1_environment_summary,625,639,15,8,2,1,0,False,isinstance;load_json;path.exists;payload.get;str,b118c8b54eb981efe369
hardware/tools/write_third_goal_current_audit.py,maintained,function,req5_q4q8_swhw_summary,req5_q4q8_swhw_summary,642,661,20,9,4,1,0,False,isinstance;load_json;manifest.get;path.exists;payload.get;str,3aff071eecaad2480d05
hardware/tools/write_third_goal_current_audit.py,maintained,function,req6_parameterization_summary,req6_parameterization_summary,664,681,18,8,4,1,0,False,isinstance;knobs.get;load_json;path.exists;payload.get;str,21d6ddb2b7f71cde9b8e
hardware/tools/write_third_goal_current_audit.py,maintained,function,req9_deit_image_summary,req9_deit_image_summary,684,704,21,7,3,1,0,False,isinstance;load_json;path.exists;payload.get;str,6ae57a82f4d1fdc4a171
hardware/tools/write_third_goal_current_audit.py,maintained,function,evidence_item,evidence_item,707,708,2,2,0,3,0,False,,c829fc7a9e3e6d20242f
hardware/tools/write_third_goal_current_audit.py,maintained,function,evidence_paths,evidence_paths,711,712,2,2,1,1,0,False,,4983cf6bc18658827861
hardware/tools/write_third_goal_current_audit.py,maintained,function,requirement,requirement,715,734,20,4,4,7,0,False,evidence_item;evidence_paths,be78f2e21847676dd5ad
hardware/tools/write_third_goal_current_audit.py,maintained,function,build_audit,build_audit,737,1214,478,63,59,1,0,False,all;blocked_external_input_paths_by_blocker.values;c3b_discovery.get;c3b_smoke.exists;c3b_smoke_gate_summary;closeout_summary;command_policy_integrity.get;config.exists;docs.values;evidence_item;exact_xr_vits.exists;exists;file_evidence;final_blocker_closure_summary;final_operator_handoff_summary;final_operator_handoff_validation_summary;final_runner_summary.get;final_signoff_runner_summary;final_unblock_candidate_audit_summary;final_unblock_commands_summary;final_unblock_intake_summary;get;handoff_policy_integrity.get;hgpipe_analysis.exists;hgpipe_operator_summary;isinstance;item.get;len;list;normalize_roots;operator_handoff.get;operator_handoff_validation.get;qkv_discovery.get;qkv_uram_successor.get;qkv_uram_successor_summary;req1_environment.get;req1_environment_summary;req2_gate.get;req2_spec_subagent_summary;req5_q4q8.get;req5_q4q8_swhw_summary;req6_parameterization.get;req6_parameterization_summary;req9_deit_image.get;req9_deit_image_summary;requirement;set;smoke_candidate_discovery_summary;smoke_discovery.get;sorted;source_audit.get;source_audit_summary;source_contains;startswith;str;unblock_commands.get;vref.get;vref_generic_discovery.get;vref_smoke.exists;vref_smoke_discovery_summary;vref_successor_summary;xr_vits_gate.get;xr_vits_gate_summary;xr_vits_unblock_packet_summary,47f5a6e369b6e19d2297
hardware/tools/write_third_goal_current_audit.py,maintained,function,render_markdown,render_markdown,1217,1408,192,103,35,1,0,False,audit.get;blocker_closure.get;candidate_audit.get;command_policy.get;env.get;get;handoff_policy.get;isinstance;item.get;join;len;lines.append;lines.extend;mapping.items;operator_handoff.get;operator_handoff_validation.get;os_release.get;qkv_runner.get;qkv_uram.get;req1.get;req5.get;req6.get;req9.get;smoke_discovery.get;unblock_commands.get;unblock_intake.get;vref_discovery.get;xr_policy_integrity.get;xr_vits_unblock.get,c234ce27b720e000b197
hardware/tools/write_third_goal_current_audit.py,maintained,function,write_outputs,write_outputs,1411,1415,5,5,0,3,0,False,json.dumps;json_out.parent.mkdir;json_out.write_text;markdown_out.parent.mkdir;markdown_out.write_text;render_markdown,35395e170130db4d8fd0
hardware/tools/write_third_goal_current_audit.py,maintained,function,parse_args,parse_args,1418,1423,6,6,0,1,0,False,Path;argparse.ArgumentParser;parser.add_argument;parser.parse_args;resolve,a4bec1805a6999426c2a
hardware/tools/write_third_goal_current_audit.py,maintained,function,main,main,1426,1431,6,6,1,1,0,False,build_audit;json.dumps;parse_args;print;write_outputs,57f982c0e03cce52f566
hardware/tools/write_third_goal_requirements_trace.py,maintained,function,load_json,load_json,24,28,5,5,1,1,0,False,ValueError;isinstance;json.loads;path.read_text,64a648c70701d933c704
hardware/tools/write_third_goal_requirements_trace.py,maintained,function,index_completion_items,index_completion_items,31,35,5,5,2,1,0,False,completion.get;isinstance;item.get;str,5cdcfa194349483c521c
hardware/tools/write_third_goal_requirements_trace.py,maintained,function,pick_row,pick_row,38,45,8,8,4,2,0,False,isinstance;matrix.get;row.get,6aee7e51952cee7f1a26
hardware/tools/write_third_goal_requirements_trace.py,maintained,function,resource_snapshot,resource_snapshot,48,66,19,8,7,1,0,False,c3b.get;get;hls.get;isinstance;matrix.get;pick_row;power.get;resources.get;timing.get;vivado.get,638b21753ed55de59630
hardware/tools/write_third_goal_requirements_trace.py,maintained,function,candidate_audit_summary,candidate_audit_summary,69,107,39,7,5,1,0,False,bool;c3b.get;candidate_audit.get;isinstance;safety.get;xr_vits.get,e669e1ff19143a31f976
hardware/tools/write_third_goal_requirements_trace.py,maintained,function,xr_vits_resolution_summary,xr_vits_resolution_summary,110,152,43,9,6,1,0,False,active_policy.get;bool;candidate.get;commands.get;exact.get;isinstance;resolution.get;safety.get,073ad85b263a069a4568
hardware/tools/write_third_goal_requirements_trace.py,maintained,function,failed_check_names,failed_check_names,155,160,6,2,2,1,0,False,check.get;isinstance;str,969ffce3ac1bd331e634
hardware/tools/write_third_goal_requirements_trace.py,maintained,function,evidence_manifest_contract_summary,evidence_manifest_contract_summary,163,198,36,12,6,2,0,False,failed_check_names;isinstance;len;manifest.get;str;write_final_evidence_manifest.build_consistency_checks,9af9734a8df01e517686
hardware/tools/write_third_goal_requirements_trace.py,maintained,function,unblock_actions,unblock_actions,201,219,19,12,4,1,0,False,actions.append;command_card.get;isinstance;section.get;str,2a7ab3e40eaa2f0266f7
hardware/tools/write_third_goal_requirements_trace.py,maintained,function,policy_integrity_summary,policy_integrity_summary,222,244,23,10,4,1,0,False,all;bool;command_card.get;isinstance;policy.get;str,ae5173529e460810338b
hardware/tools/write_third_goal_requirements_trace.py,maintained,function,option_commands_by_id,option_commands_by_id,247,266,20,20,12,1,0,False,command_card.get;isinstance;option.get;section.get;str,edded91d0a70a08f27ad
hardware/tools/write_third_goal_requirements_trace.py,maintained,function,blocker_resolution_conditions,blocker_resolution_conditions,269,337,69,12,4,3,0,False,command_by_id.get;conditions.append;option_commands_by_id;policy_integrity_summary;str,700a53616589928cbca1
hardware/tools/write_third_goal_requirements_trace.py,maintained,function,build_trace,build_trace,340,416,77,17,10,8,0,False,blocker_resolution_conditions;candidate_audit_summary;completion.get;evidence_contract.get;evidence_manifest_contract_summary;index_completion_items;isinstance;item.get;items_by_id.get;len;policy_integrity_summary;range;requirements.append;resource_snapshot;root.resolve;signoff_run.get;str;unblock_actions;xr_vits_resolution_summary,e641d02684014776599e
hardware/tools/write_third_goal_requirements_trace.py,maintained,function,render_markdown,render_markdown,419,552,134,85,19,1,0,False,candidate.get;condition.get;evidence_contract.get;isinstance;join;lines.append;lines.extend;policy_integrity.get;replace;str;trace.get;xr_resolution.get,bb712d9dcf0627844dd3
hardware/tools/write_third_goal_requirements_trace.py,maintained,function,parse_args,parse_args,555,567,13,13,0,1,0,False,Path;argparse.ArgumentParser;parser.add_argument;parser.parse_args;resolve,5cec6251db406a265bdf
hardware/tools/write_third_goal_requirements_trace.py,maintained,function,main,main,570,602,33,21,11,1,0,False,args.json_out.parent.mkdir;args.json_out.write_text;args.markdown_out.parent.mkdir;args.markdown_out.write_text;args.root.resolve;build_trace;candidate_path.exists;evidence_manifest_path.exists;json.dumps;len;load_json;parse_args;print;render_markdown;xr_vits_resolution_path.exists,d1aac28c02f69e7ffd7c
hardware/tools/write_third_goal_source_audit.py,maintained,function,normalize_roots,normalize_roots,30,34,5,5,1,1,0,False,root.resolve,fdcc6c16e828a4a8dea9
hardware/tools/write_third_goal_source_audit.py,maintained,function,sha256_file,sha256_file,37,42,6,6,2,1,0,False,digest.hexdigest;digest.update;handle.read;hashlib.sha256;iter;path.open,8b20a237fa4044c9253b
hardware/tools/write_third_goal_source_audit.py,maintained,function,first_heading,first_heading,45,50,6,6,2,1,0,False,line.strip;stripped.startswith;text.splitlines,89b3efc80a94510f5dd7
hardware/tools/write_third_goal_source_audit.py,maintained,function,source_entry,source_entry,53,78,26,11,3,4,0,False,data.decode;entry.update;first_heading;len;marker.lower;path.exists;path.read_bytes;sha256_file;str;text.lower,5bcc284b73cbbe1ba2ab
hardware/tools/write_third_goal_source_audit.py,maintained,function,discover_optional,discover_optional,81,117,37,17,8,3,0,False,any;as_posix;entries.append;path.is_file;path.name.lower;path.relative_to;path.suffix.lower;root.exists;root.rglob;sorted;source_entry,4c7e04d37e281ccd2040
hardware/tools/write_third_goal_source_audit.py,maintained,function,required_sources,required_sources,120,216,97,2,0,0,0,False,,984bd4c1167062884a68
hardware/tools/write_third_goal_source_audit.py,maintained,function,build_audit,build_audit,219,272,54,25,10,1,0,False,add;discover_optional;entries.append;entries.extend;entry.get;group_summary.setdefault;len;normalize_roots;required_sources;set;source_entry;str,fee4864fa835e67a37fb
hardware/tools/write_third_goal_source_audit.py,maintained,function,render_markdown,render_markdown,275,311,37,21,9,1,0,False,entry.get;items;join;lines.append;lines.extend;replace;sorted;str,6600e22e66590e57916a
hardware/tools/write_third_goal_source_audit.py,maintained,function,write_outputs,write_outputs,314,318,5,5,0,3,0,False,json.dumps;json_out.parent.mkdir;json_out.write_text;markdown_out.parent.mkdir;markdown_out.write_text;render_markdown,35395e170130db4d8fd0
hardware/tools/write_third_goal_source_audit.py,maintained,function,parse_args,parse_args,321,326,6,6,0,1,0,False,Path;argparse.ArgumentParser;parser.add_argument;parser.parse_args;resolve,0a45f505eb30cbda19cf
hardware/tools/write_third_goal_source_audit.py,maintained,function,main,main,329,345,17,6,1,1,0,False,build_audit;json.dumps;len;parse_args;print;write_outputs,a09e3381f42d7938260c
hardware/tools/write_third_goal_unblock_checklist.py,maintained,function,load_json,load_json,12,16,5,5,1,1,0,False,ValueError;isinstance;json.loads;path.read_text,64a648c70701d933c704
hardware/tools/write_third_goal_unblock_checklist.py,maintained,function,blocker_names,blocker_names,19,23,5,5,2,1,0,False,blocker.get;final_audit.get;isinstance;set;str,b03d117aa427d400bb24
hardware/tools/write_third_goal_unblock_checklist.py,maintained,function,completion_blockers,completion_blockers,26,30,5,5,3,1,0,False,completion_audit.get;isinstance;item.get,2c4d50a0dfba6fe463b4
hardware/tools/write_third_goal_unblock_checklist.py,maintained,function,build_checklist,build_checklist,33,129,97,10,4,3,0,False,blocker_names;completion_audit.get;completion_blockers;final_audit.get;item.get;len;sorted;steps.append;str,9a887f9f0fa63c76b43d
hardware/tools/write_third_goal_unblock_checklist.py,maintained,function,render_markdown,render_markdown,132,179,48,39,10,1,0,False,join;len;lines.append;lines.extend;step.get,5734b411847b7db2e649
hardware/tools/write_third_goal_unblock_checklist.py,maintained,function,parse_args,parse_args,182,189,8,8,0,1,0,False,Path;argparse.ArgumentParser;parser.add_argument;parser.parse_args;resolve,28a6f42e9771c0d90d71
hardware/tools/write_third_goal_unblock_checklist.py,maintained,function,main,main,192,206,15,12,3,1,0,False,args.json_out.parent.mkdir;args.json_out.write_text;args.markdown_out.parent.mkdir;args.markdown_out.write_text;args.root.resolve;build_checklist;json.dumps;len;load_json;parse_args;print;render_markdown,6fc09d1f357745d16455
hardware/tools/write_vref_p0_buffer_lifetime_audit.py,maintained,function,read_text,read_text,35,36,2,2,0,1,0,False,path.read_text,42f78c191e6a14e66b34
hardware/tools/write_vref_p0_buffer_lifetime_audit.py,maintained,function,macro_values,macro_values,39,43,5,5,1,1,0,False,int;match.group;re.finditer,8960e25c62db6fa1ae4c
hardware/tools/write_vref_p0_buffer_lifetime_audit.py,maintained,function,add_check,add_check,46,47,2,2,1,4,0,False,checks.append,a80c03f5762a1d932408
hardware/tools/write_vref_p0_buffer_lifetime_audit.py,maintained,function,line_refs,line_refs,50,55,6,6,2,3,0,False,enumerate;refs.append;text.splitlines,8cb6e32877a5f2d56a27
hardware/tools/write_vref_p0_buffer_lifetime_audit.py,maintained,function,bind_refs,bind_refs,58,64,7,3,1,4,0,False,int;line_refs;read_line;ref.rsplit,81d9501c0a147bd3bb3c
hardware/tools/write_vref_p0_buffer_lifetime_audit.py,maintained,function,read_line,read_line,67,71,5,4,1,2,0,False,path.read_text;splitlines,115972a409f0fa4214c4
hardware/tools/write_vref_p0_buffer_lifetime_audit.py,maintained,function,load_json,load_json,74,78,5,5,1,1,0,False,ValueError;isinstance;json.loads;path.read_text,64a648c70701d933c704
hardware/tools/write_vref_p0_buffer_lifetime_audit.py,maintained,function,rows_by_id,rows_by_id,81,85,5,5,3,1,0,False,isinstance;matrix.get;row.get;str,a029ccabecca0cc8b785
hardware/tools/write_vref_p0_buffer_lifetime_audit.py,maintained,function,resource,resource,88,92,5,5,3,2,0,False,hls.get;int;isinstance;resources.get;row.get,d13d01c24b3bd0713ef2
hardware/tools/write_vref_p0_buffer_lifetime_audit.py,maintained,function,latency,latency,95,98,4,4,2,1,0,False,hls.get;int;isinstance;row.get,e3d9eb9c34ad030e01f2
hardware/tools/write_vref_p0_buffer_lifetime_audit.py,maintained,function,status_at,status_at,101,107,7,7,3,2,0,False,current.get;isinstance;str,dc7aec30772e006601db
hardware/tools/write_vref_p0_buffer_lifetime_audit.py,maintained,function,named_check_status,named_check_status,110,118,9,9,6,3,0,False,check.get;checks_owner.get;isinstance;payload.get;str,4a4fd4d9f894cdc64688
hardware/tools/write_vref_p0_buffer_lifetime_audit.py,maintained,function,build_audit,build_audit,121,281,161,77,31,2,0,False,add_check;bind_refs;bool;c3b.get;isinstance;join;latency;len;line_refs;load_json;macro_values;macros.get;macros.update;named_check_status;qkv_comparison.get;qkv_csynth.get;qkv_delta.get;qkv_promotion.get;qkv_resources.get;qkv_successor.get;qkv_successor_path.exists;read_text;resource;root.resolve;rows.get;rows_by_id;status_at;str;sum,5242c2d12355a26cdf38
hardware/tools/write_vref_p0_buffer_lifetime_audit.py,maintained,function,render_markdown,render_markdown,284,313,30,20,6,1,0,False,items;join;len;lines.append;lines.extend;replace;str,8bddda6b4de0444415b1
hardware/tools/write_vref_p0_buffer_lifetime_audit.py,maintained,function,parse_args,parse_args,316,322,7,7,0,1,0,False,argparse.ArgumentParser;parser.add_argument;parser.parse_args,efa8fef7dec4ded5a984
hardware/tools/write_vref_p0_buffer_lifetime_audit.py,maintained,function,main,main,325,333,9,9,1,1,0,False,args.json_out.parent.mkdir;args.json_out.write_text;args.markdown_out.parent.mkdir;args.markdown_out.write_text;build_audit;json.dumps;parse_args;print;render_markdown,54b4216b9775305d34d9
hardware/tools/write_vref_p0_pot_scale_audit.py,maintained,function,read_text,read_text,28,29,2,2,0,1,0,False,path.read_text,42f78c191e6a14e66b34
hardware/tools/write_vref_p0_pot_scale_audit.py,maintained,function,macro_values,macro_values,32,36,5,5,1,1,0,False,int;match.group;re.finditer,8960e25c62db6fa1ae4c
hardware/tools/write_vref_p0_pot_scale_audit.py,maintained,function,is_power_of_two,is_power_of_two,39,40,2,2,1,1,0,False,isinstance,29be3764bb881c047a34
hardware/tools/write_vref_p0_pot_scale_audit.py,maintained,function,add_check,add_check,43,44,2,2,1,4,0,False,checks.append,a80c03f5762a1d932408
hardware/tools/write_vref_p0_pot_scale_audit.py,maintained,function,line_refs,line_refs,47,52,6,6,2,3,0,False,enumerate;refs.append;text.splitlines,8cb6e32877a5f2d56a27
hardware/tools/write_vref_p0_pot_scale_audit.py,maintained,function,build_audit,build_audit,55,117,63,27,7,1,0,False,add_check;dict;is_power_of_two;len;line_refs;macro_values;merged.get;merged.update;read_text;root.resolve;str;sum,46abb8bb775647ecc38b
hardware/tools/write_vref_p0_pot_scale_audit.py,maintained,function,render_markdown,render_markdown,120,144,25,15,4,1,0,False,items;join;lines.append;lines.extend;replace;str,9852ea450a9d203f5e41
hardware/tools/write_vref_p0_pot_scale_audit.py,maintained,function,parse_args,parse_args,147,152,6,6,0,1,0,False,argparse.ArgumentParser;parser.add_argument;parser.parse_args,f327d37b5b0d37f5d422
hardware/tools/write_vref_p0_pot_scale_audit.py,maintained,function,main,main,155,163,9,9,1,1,0,False,args.json_out.parent.mkdir;args.json_out.write_text;args.markdown_out.parent.mkdir;args.markdown_out.write_text;build_audit;json.dumps;parse_args;print;render_markdown,2b56d6cfdc6fe08babed
hardware/tools/write_vref_p0_pot_scale_successor.py,maintained,function,hardware_root,hardware_root,59,63,5,5,1,1,0,False,root.resolve,fdcc6c16e828a4a8dea9
hardware/tools/write_vref_p0_pot_scale_successor.py,maintained,function,load_json,load_json,66,70,5,5,1,1,0,False,ValueError;isinstance;json.loads;path.read_text,64a648c70701d933c704
hardware/tools/write_vref_p0_pot_scale_successor.py,maintained,function,find_candidate,find_candidate,73,81,9,9,4,3,0,False,Path;ValueError;row.get;spec.get;str;sweep.get,9895c5025845db1f8662
hardware/tools/write_vref_p0_pot_scale_successor.py,maintained,function,custom_scale_flags,custom_scale_flags,84,106,23,4,0,3,0,False,join,1f133b69f5a15128fa1d
hardware/tools/write_vref_p0_pot_scale_successor.py,maintained,function,shell_command,shell_command,109,125,17,7,3,5,0,False,env.items;env.update;extra_env.items;join;shlex.quote;str,8f30cfdeec20a1fee7d8
hardware/tools/write_vref_p0_pot_scale_successor.py,maintained,function,hls_ld_library_prefix,hls_ld_library_prefix,128,129,2,2,0,0,0,False,,4eb2f873ac10f36eacac
hardware/tools/write_vref_p0_pot_scale_successor.py,maintained,function,vivado_ld_library_prefix,vivado_ld_library_prefix,132,133,2,2,0,0,0,False,,006cf908547e4171027c
hardware/tools/write_vref_p0_pot_scale_successor.py,maintained,function,hls_shell_command_with_ld,hls_shell_command_with_ld,136,143,8,2,0,5,0,False,hls_ld_library_prefix;shell_command,b57f21af7972c0e6d827
hardware/tools/write_vref_p0_pot_scale_successor.py,maintained,function,package_project_name,package_project_name,146,147,2,2,0,1,0,False,,b46c2633cdca0c77ca74
hardware/tools/write_vref_p0_pot_scale_successor.py,maintained,function,overlay_names,overlay_names,150,155,6,2,0,1,0,False,,3dae5a95fbb69228fbc5
hardware/tools/write_vref_p0_pot_scale_successor.py,maintained,function,package_command,package_command,158,165,8,2,0,3,0,False,hls_shell_command_with_ld,ca1d1782f2db277785e4
hardware/tools/write_vref_p0_pot_scale_successor.py,maintained,function,vivado_overlay_command,vivado_overlay_command,168,186,19,4,1,3,0,False,join;shlex.quote;str;vivado_ld_library_prefix,2613c68e7ea0bd44e992
hardware/tools/write_vref_p0_pot_scale_successor.py,maintained,function,read_csim_result,read_csim_result,189,226,38,9,3,2,0,False,csim_log.exists;csim_log.read_text;str,6898a0120a08f59cd04c
hardware/tools/write_vref_p0_pot_scale_successor.py,maintained,function,xml_text,xml_text,229,231,3,3,2,2,0,False,node.text.strip;root.find,5e1bc1f6e085053d1872
hardware/tools/write_vref_p0_pot_scale_successor.py,maintained,function,xml_int,xml_int,234,236,3,3,2,2,0,False,int;value.isdigit;xml_text,b8c3551bb034ffa96406
hardware/tools/write_vref_p0_pot_scale_successor.py,maintained,function,xml_float,xml_float,239,241,3,3,1,2,0,False,float;xml_text,640f4e4142f2d6730eeb
hardware/tools/write_vref_p0_pot_scale_successor.py,maintained,function,read_csynth_result,read_csynth_result,244,284,41,12,3,2,0,False,ET.parse;csynth_xml.exists;getroot;items;str;xml_float;xml_int,d261584c226b3ccc514f
hardware/tools/write_vref_p0_pot_scale_successor.py,maintained,function,read_ip_package_result,read_ip_package_result,287,325,39,10,8,2,0,False,checks.extend;component_xml.exists;component_xml.read_text;export_zip.exists;str,45417090688aa577a3ed
hardware/tools/write_vref_p0_pot_scale_successor.py,maintained,function,parse_timing_summary,parse_timing_summary,328,346,19,12,7,1,0,False,float;int;isdigit;len;line.split;re.fullmatch;text.splitlines,1bc8ac5dda504817910a
hardware/tools/write_vref_p0_pot_scale_successor.py,maintained,function,parse_route_status,parse_route_status,349,358,10,5,1,1,0,False,find_int;int;match.group;re.search,f1a96e5c9a6ec0b00e5d
hardware/tools/write_vref_p0_pot_scale_successor.py,maintained,function,parse_route_status.find_int,find_int,350,352,3,3,1,1,0,False,int;match.group;re.search,239dd66cdffa2cf632d8
hardware/tools/write_vref_p0_pot_scale_successor.py,maintained,function,read_vivado_overlay_result,read_vivado_overlay_result,361,423,63,22,11,2,0,False,bit.exists;hwh.exists;overlay_names;package_project_name;parse_route_status;parse_timing_summary;pynq_bit.exists;pynq_hwh.exists;route_status.get;route_status_rpt.exists;route_status_rpt.read_text;str;timing.get;timing_rpt.exists;timing_rpt.read_text;vivado_overlay_command,186510eab344dd1c821f
hardware/tools/write_vref_p0_pot_scale_successor.py,maintained,function,successor_physical_smoke_candidates,successor_physical_smoke_candidates,426,437,12,2,0,1,0,False,,7435078cd9c9cb7baf15
hardware/tools/write_vref_p0_pot_scale_successor.py,maintained,function,read_successor_physical_smoke_result,read_successor_physical_smoke_result,440,471,32,11,7,1,0,False,load_json;path.exists;str;successor_physical_smoke_candidates;validate_result,35e24a41072967c9d45a
hardware/tools/write_vref_p0_pot_scale_successor.py,maintained,function,physical_smoke_check,physical_smoke_check,474,494,21,6,5,1,0,False,join;physical_smoke_result.get;str,8d6edc56d07d2c865619
hardware/tools/write_vref_p0_pot_scale_successor.py,maintained,function,build_c3b_projection,build_c3b_projection,497,561,65,8,13,3,0,False,get;overlay_result.get;physical_smoke_check,f8c79c63fdf4f03d7ada
hardware/tools/write_vref_p0_pot_scale_successor.py,maintained,function,build_resource_variant,build_resource_variant,564,590,27,8,4,6,0,False,build_c3b_projection;hls_shell_command_with_ld;read_csynth_result,6800a05453f04ec0175a
hardware/tools/write_vref_p0_pot_scale_successor.py,maintained,function,choose_recommended_variant,choose_recommended_variant,593,607,15,13,4,1,0,False,len;projection.get;sorted,4839f0ec2c7da59d0d94
hardware/tools/write_vref_p0_pot_scale_successor.py,maintained,function,choose_recommended_variant.sort_key,sort_key,598,605,8,8,2,1,0,False,len;projection.get,b7cf877d896dd5d75d10
hardware/tools/write_vref_p0_pot_scale_successor.py,maintained,function,build_package,build_package,610,773,164,42,15,6,0,False,Path;build_c3b_projection;build_reference;build_resource_variant;candidate.get;choose_recommended_variant;csim_result.get;csynth_result.get;custom_scale_flags;emit_c_header;find_candidate;hardware_root;header_out.exists;header_out.parent.mkdir;header_out.read_text;header_out.write_text;hls_shell_command_with_ld;ip_package_result.get;json.dumps;load_json;load_spec;package_command;package_project_name;physical_smoke_result.get;read_csim_result;read_ip_package_result;read_successor_physical_smoke_result;read_vivado_overlay_result;source_spec.is_absolute;spec_out.exists;spec_out.parent.mkdir;spec_out.write_text;str;vivado_overlay_result.get,86e0ce2d223e3d5e893a
hardware/tools/write_vref_p0_pot_scale_successor.py,maintained,function,render_markdown,render_markdown,776,922,147,29,9,1,0,False,format;get;items;join;len;lines.append;lines.extend;overlay.get;package.get;physical.get;projection.get;replace;resources.get;result.get;route_status.get;str;timing.get,8ccd8e7c4a3b027e2c59
hardware/tools/write_vref_p0_pot_scale_successor.py,maintained,function,parse_args,parse_args,925,935,11,11,0,1,0,False,argparse.ArgumentParser;parser.add_argument;parser.parse_args,aff97f948b5602f77649
hardware/tools/write_vref_p0_pot_scale_successor.py,maintained,function,main,main,938,953,16,9,1,1,0,False,args.json_out.parent.mkdir;args.json_out.write_text;args.markdown_out.parent.mkdir;args.markdown_out.write_text;build_package;json.dumps;parse_args;print;render_markdown,8018206b106d2572a1d7
hardware/tools/write_vref_p0_pot_scale_sweep.py,maintained,function,is_power_of_two,is_power_of_two,33,34,2,2,1,1,0,False,,9e695bc7738fa9520be9
hardware/tools/write_vref_p0_pot_scale_sweep.py,maintained,function,candidate_profiles,candidate_profiles,37,70,34,2,0,1,0,False,max;replace,e51920b393ff914fe1a5
hardware/tools/write_vref_p0_pot_scale_sweep.py,maintained,function,scale_fields,scale_fields,73,81,9,2,0,1,0,False,,31bebe44186bd0df2d4b
hardware/tools/write_vref_p0_pot_scale_sweep.py,maintained,function,score_candidate,score_candidate,84,124,41,12,8,6,0,False,abs;all;asdict;build_reference;is_power_of_two;max;scale_fields;scales.values;str;sum;zip,73af64409892482f28f5
hardware/tools/write_vref_p0_pot_scale_sweep.py,maintained,function,evaluate_spec,evaluate_spec,127,166,40,8,5,1,0,False,asdict;build_reference;candidate_profiles;len;load_spec;min;row.get;score_candidate;sorted;str,d8b8a6cc21d164f12027
hardware/tools/write_vref_p0_pot_scale_sweep.py,maintained,function,build_sweep,build_sweep,169,202,34,8,11,2,0,False,evaluate_spec;len;list;path.is_absolute;root.resolve;str;sum,91dc5bdc43b4d11a12a7
hardware/tools/write_vref_p0_pot_scale_sweep.py,maintained,function,render_markdown,render_markdown,205,246,42,13,5,1,0,False,Path;items;join;lines.append;lines.extend;row.get,072e98c9479a1871d8a3
hardware/tools/write_vref_p0_pot_scale_sweep.py,maintained,function,parse_args,parse_args,249,255,7,7,0,1,0,False,argparse.ArgumentParser;parser.add_argument;parser.parse_args,1822132613f60cfba7bb
hardware/tools/write_vref_p0_pot_scale_sweep.py,maintained,function,main,main,258,266,9,9,1,1,0,False,args.json_out.parent.mkdir;args.json_out.write_text;args.markdown_out.parent.mkdir;args.markdown_out.write_text;build_sweep;json.dumps;parse_args;print;render_markdown,0d3d1409a8fb6a037d98
hardware/tools/write_vref_p0_qkv_uram_cache_successor.py,maintained,function,text_at,text_at,66,70,5,5,2,2,0,False,node.text.strip;root.find,b90da7755ece810392d2
hardware/tools/write_vref_p0_qkv_uram_cache_successor.py,maintained,function,int_at,int_at,73,78,6,5,2,2,0,False,int;text_at,51d16c4363155708f55b
hardware/tools/write_vref_p0_qkv_uram_cache_successor.py,maintained,function,float_at,float_at,81,86,6,5,2,2,0,False,float;text_at,8d15ce5434570f09f53d
hardware/tools/write_vref_p0_qkv_uram_cache_successor.py,maintained,function,parse_csynth,parse_csynth,89,119,31,10,4,1,0,False,ET.parse;float_at;getroot;int_at;items;path.exists;str,c8355c310fcf4d57b238
hardware/tools/write_vref_p0_qkv_uram_cache_successor.py,maintained,function,read_csim,read_csim,122,132,11,6,3,1,0,False,path.exists;path.read_text;str,575026d0802f4c7fb929
hardware/tools/write_vref_p0_qkv_uram_cache_successor.py,maintained,function,add_check,add_check,135,139,5,5,2,5,0,False,checks.append,2990dba1489f7022ba0d
hardware/tools/write_vref_p0_qkv_uram_cache_successor.py,maintained,function,parse_timing_summary,parse_timing_summary,142,160,19,12,7,1,0,False,float;int;isdigit;len;line.split;re.fullmatch;text.splitlines,1bc8ac5dda504817910a
hardware/tools/write_vref_p0_qkv_uram_cache_successor.py,maintained,function,parse_route_status,parse_route_status,163,172,10,5,1,1,0,False,find_int;int;match.group;re.search,f1a96e5c9a6ec0b00e5d
hardware/tools/write_vref_p0_qkv_uram_cache_successor.py,maintained,function,parse_route_status.find_int,find_int,164,166,3,3,1,1,0,False,int;match.group;re.search,239dd66cdffa2cf632d8
hardware/tools/write_vref_p0_qkv_uram_cache_successor.py,maintained,function,qkv_package_command,qkv_package_command,175,183,9,2,0,1,0,False,,c1a647662fdd63809cc3
hardware/tools/write_vref_p0_qkv_uram_cache_successor.py,maintained,function,qkv_overlay_command,qkv_overlay_command,186,197,12,3,0,1,0,False,,c2eb3d5d9ea5585e0a47
hardware/tools/write_vref_p0_qkv_uram_cache_successor.py,maintained,function,read_ip_package_evidence,read_ip_package_evidence,200,219,20,8,5,1,0,False,component_xml.exists;export_zip.exists;len;qkv_package_command;str,d18d7b3a36d4360775b5
hardware/tools/write_vref_p0_qkv_uram_cache_successor.py,maintained,function,read_overlay_evidence,read_overlay_evidence,222,280,59,20,16,1,0,False,bit.exists;hwh.exists;len;parse_route_status;parse_timing_summary;pynq_bit.exists;pynq_hwh.exists;qkv_overlay_command;route_status.get;route_status_rpt.exists;route_status_rpt.read_text;str;timing.get;timing_rpt.exists;timing_rpt.read_text,95f9cc19e3b8083a26f2
hardware/tools/write_vref_p0_qkv_uram_cache_successor.py,maintained,function,read_physical_smoke_evidence,read_physical_smoke_evidence,283,293,11,4,4,1,0,False,path.exists;str,1a441723fc3698a4818c
hardware/tools/write_vref_p0_qkv_uram_cache_successor.py,maintained,function,qkv_pynq_plumbing,qkv_pynq_plumbing,296,331,36,4,0,2,0,False,QKV_VARIANT.replace;bundle_dir.with_suffix;str,fa2ef63c2ae61e2eca74
hardware/tools/write_vref_p0_qkv_uram_cache_successor.py,maintained,function,build_audit,build_audit,334,509,176,39,26,1,0,False,add_check;base.get;base_res.get;csim.get;default.get;default_res.get;isinstance;len;parse_csynth;promotion_remaining.append;qkv.get;qkv_pynq_plumbing;qkv_res.get;read_csim;read_ip_package_evidence;read_overlay_evidence;read_physical_smoke_evidence;root.resolve;str;sum,1676cc6ab0b4d6365a7d
hardware/tools/write_vref_p0_qkv_uram_cache_successor.py,maintained,function,render_markdown,render_markdown,512,580,69,22,4,1,0,False,check.get;delta.get;get;items;join;lines.append;lines.extend;replace;res.get;str,0c294d4135c835229fff
hardware/tools/write_vref_p0_qkv_uram_cache_successor.py,maintained,function,parse_args,parse_args,583,588,6,6,0,1,0,False,Path;argparse.ArgumentParser;parser.add_argument;parser.parse_args,75a00579cf6b428052e1
hardware/tools/write_vref_p0_qkv_uram_cache_successor.py,maintained,function,main,main,591,602,12,9,1,1,0,False,args.json_out.parent.mkdir;args.json_out.write_text;args.markdown_out.parent.mkdir;args.markdown_out.write_text;build_audit;json.dumps;parse_args;print;render_markdown,e0e141d8db8aeab21994
hardware/tools/write_xr_vits_gate_audit.py,maintained,function,load_json,load_json,23,27,5,5,1,1,0,False,ValueError;isinstance;json.loads;path.read_text,64a648c70701d933c704
hardware/tools/write_xr_vits_gate_audit.py,maintained,function,normalize_roots,normalize_roots,30,34,5,5,1,1,0,False,root.resolve,fdcc6c16e828a4a8dea9
hardware/tools/write_xr_vits_gate_audit.py,maintained,function,rel_or_abs,rel_or_abs,37,41,5,4,1,2,0,False,as_posix;base.resolve;path.resolve;relative_to;str,e002f30acf201236b66c
hardware/tools/write_xr_vits_gate_audit.py,maintained,function,summarize_policy,summarize_policy,44,76,33,7,2,1,0,False,load_json;path.exists;payload.get;str,9b03d484ed855cc59f49
hardware/tools/write_xr_vits_gate_audit.py,maintained,function,summarize_candidate_audit,summarize_candidate_audit,79,109,31,11,4,2,0,False,Path;isinstance;len;load_json;path.exists;payload.get;recommendation.get;replacement_path.resolve;resolve;str,6a247c5e2872396fb27e
hardware/tools/write_xr_vits_gate_audit.py,maintained,function,decision_options,decision_options,112,157,46,3,0,3,0,False,str,4c6cc7c7ac0f8cd0e3a4
hardware/tools/write_xr_vits_gate_audit.py,maintained,function,build_audit,build_audit,160,250,91,29,5,1,0,False,check_final_blocker_closure_readiness.active_policy_path;check_final_blocker_closure_readiness.check_active_policy;check_final_blocker_closure_readiness.check_current_xr_vits;create_xr_vits_replacement_policy.default_replacement_path;create_xr_vits_replacement_policy.default_requested_path;create_xr_vits_replacement_policy.validate_policy_integrity;decision_options;load_json;normalize_roots;policy_path.exists;reference_resolution_path.exists;rel_or_abs;replacement_path.is_dir;requested_path.is_dir;resolve;str;summarize_candidate_audit;summarize_policy;template_path.exists;unblock_packet_path.exists,b35a719a07d2304f128d
hardware/tools/write_xr_vits_gate_audit.py,maintained,function,render_markdown,render_markdown,253,289,37,19,5,1,0,False,get;join;lines.append;lines.extend,bf2c33b0b27368c24afb
hardware/tools/write_xr_vits_gate_audit.py,maintained,function,write_outputs,write_outputs,292,296,5,5,0,3,0,False,json.dumps;json_out.parent.mkdir;json_out.write_text;markdown_out.parent.mkdir;markdown_out.write_text;render_markdown,35395e170130db4d8fd0
hardware/tools/write_xr_vits_gate_audit.py,maintained,function,parse_args,parse_args,299,304,6,6,0,1,0,False,Path;argparse.ArgumentParser;parser.add_argument;parser.parse_args;resolve,00724f9889f1cfb63c04
hardware/tools/write_xr_vits_gate_audit.py,maintained,function,main,main,307,323,17,6,0,1,0,False,build_audit;json.dumps;parse_args;print;write_outputs,c6fb2215c6239984810c
hardware/tools/write_xr_vits_unblock_packet.py,maintained,function,default_requested_path,default_requested_path,22,23,2,2,0,1,0,False,,66371d21381d4dce9a95
hardware/tools/write_xr_vits_unblock_packet.py,maintained,function,load_json,load_json,26,30,5,5,1,1,0,False,ValueError;isinstance;json.loads;path.read_text,64a648c70701d933c704
hardware/tools/write_xr_vits_unblock_packet.py,maintained,function,load_optional_json,load_optional_json,33,36,4,4,1,1,0,False,load_json;path.exists,4a7967daa527485e03e6
hardware/tools/write_xr_vits_unblock_packet.py,maintained,function,build_packet,build_packet,39,119,81,21,7,5,0,False,active_policy.get;active_policy_path.exists;bool;candidate.get;candidate_audit.get;isinstance;load_json;load_optional_json;recommendation.get;requested_path.exists;str,b3613e4a6e26173a6a7a
hardware/tools/write_xr_vits_unblock_packet.py,maintained,function,render_markdown,render_markdown,122,156,35,22,3,1,0,False,join;lines.append;lines.extend;rec.get,7e380e791fcb5eb72d8d
hardware/tools/write_xr_vits_unblock_packet.py,maintained,function,write_outputs,write_outputs,159,163,5,5,0,3,0,False,json.dumps;json_out.parent.mkdir;json_out.write_text;markdown_out.parent.mkdir;markdown_out.write_text;render_markdown,7e9b07a8b17cb8fc41d1
hardware/tools/write_xr_vits_unblock_packet.py,maintained,function,parse_args,parse_args,166,175,10,10,0,1,0,False,argparse.ArgumentParser;parser.add_argument;parser.parse_args,db8d2d546f70836ef3ce
hardware/tools/write_xr_vits_unblock_packet.py,maintained,function,main,main,178,195,18,8,2,1,0,False,args.root.resolve;build_packet;default_requested_path;parse_args;print;resolve;write_outputs,6376b47a3536ac653df8
hardware/tools/xr_accel_config.py,maintained,class,XRConfigError,XRConfigError,16,17,2,2,0,0,0,True,,
hardware/tools/xr_accel_config.py,maintained,function,_pairs,_pairs,69,75,7,7,2,1,0,False,XRConfigError,5bb35efa074a66132d34
hardware/tools/xr_accel_config.py,maintained,function,_read_json,_read_json,78,85,8,7,2,1,0,False,XRConfigError;isinstance;json.loads;path.read_text,4853f6a11289109ad523
hardware/tools/xr_accel_config.py,maintained,function,_exact_keys,_exact_keys,88,94,7,7,2,4,0,False,XRConfigError;set;sorted,864c264af2e6ef3aa05a
hardware/tools/xr_accel_config.py,maintained,function,_string,_string,97,100,4,4,4,3,0,False,XRConfigError;_NAME_RE.fullmatch;isinstance,4848421f4180b182d77d
hardware/tools/xr_accel_config.py,maintained,function,_positive,_positive,103,113,11,10,7,3,0,False,XRConfigError;float;isinstance;math.isfinite,2b13e93535fb6769d8a6
hardware/tools/xr_accel_config.py,maintained,function,_string_list,_string_list,116,122,7,7,5,3,0,False,XRConfigError;_string;isinstance,782243da0c9de8453c4c
hardware/tools/xr_accel_config.py,maintained,function,_relative_path,_relative_path,125,132,8,8,5,2,0,False,PurePosixPath;XRConfigError;_string;any;is_absolute;re.match;text.split;text.startswith,f1a8aba4f14438970eed
hardware/tools/xr_accel_config.py,maintained,function,_resolve,_resolve,135,152,18,17,6,3,0,False,XRConfigError;_NAME_RE.fullmatch;_relative_path;candidate.resolve;endswith;len;resolved.is_file;resolved.is_relative_to;root.resolve;text.split,17ab9fc352b9a4bda314
hardware/tools/xr_accel_config.py,maintained,function,_filename_name,_filename_name,155,158,4,4,1,3,0,False,PurePosixPath;XRConfigError;_string;record.get,ce13f650939677a7a704
hardware/tools/xr_accel_config.py,maintained,function,_validate_experiment,_validate_experiment,161,175,15,15,6,2,0,False,XRConfigError;_IDENT_RE.fullmatch;_exact_keys;_filename_name;_relative_path;_string;_string_list;isinstance;sorted,503cde04d5e06070c51c
hardware/tools/xr_accel_config.py,maintained,function,_validate_model,_validate_model,178,222,45,37,18,3,0,False,XRConfigError;_exact_keys;_filename_name;_positive;_relative_path;_string;isinstance;set;tiling.items;value.keys,cd3bd89ca17546ebfb79
hardware/tools/xr_accel_config.py,maintained,function,_validate_design,_validate_design,225,250,26,26,9,2,0,False,XRConfigError;_exact_keys;_filename_name;_positive;_relative_path;_string;_string_list;bool;clock_fields.issubset;type;value.keys,aed1553ddfeb16ee517c
hardware/tools/xr_accel_config.py,maintained,function,_validate_target,_validate_target,253,274,22,22,8,3,0,False,XRConfigError;_MMIO_RE.fullmatch;_exact_keys;_filename_name;_positive;_string;addresses.append;isinstance;len;set;sorted,a91cf5cb1683e1154192
hardware/tools/xr_accel_config.py,maintained,function,_merge,_merge,277,284,8,7,3,2,0,False,_merge;child.items;copy.deepcopy;isinstance,67b1db9c272299c2ae10
hardware/tools/xr_accel_config.py,maintained,function,_load_policy,_load_policy,287,317,31,22,6,1,0,False,XRConfigError;_exact_keys;_read_json;bindings.items;get;isinstance;schema.get;set,579b201526eae8ee653f
hardware/tools/xr_accel_config.py,maintained,function,_load_model,_load_model,320,332,13,13,2,4,0,False,XRConfigError;_load_model;_merge;_read_json;_resolve;_validate_model;join,c696da3864ab750332df
hardware/tools/xr_accel_config.py,maintained,function,_hash,_hash,335,336,2,2,0,1,0,False,hashlib.sha256;hexdigest;path.read_bytes,a7f2f5eb6bccd5c659b9
hardware/tools/xr_accel_config.py,maintained,function,normalize_experiment,normalize_experiment,339,394,56,26,4,3,0,True,Path;_hash;_load_model;_load_policy;_read_json;_resolve;_validate_design;_validate_experiment;_validate_target;copy.deepcopy;design.get;experiment.get;regions.append;resolve;sorted;sources.items;validate_normalized_manifest,1f0bad0df8856f5ac7c3
hardware/tools/xr_accel_config.py,maintained,function,validate_normalized_manifest,validate_normalized_manifest,397,482,86,83,36,2,0,True,XRConfigError;_IDENT_RE.fullmatch;_MMIO_RE.fullmatch;_exact_keys;_positive;_relative_path;_string;_validate_design;_validate_experiment;_validate_model;_validate_target;addresses.append;all;dict;hashes.items;isinstance;len;names.append;re.fullmatch;set;text.split,8e9ec933d6ce7eaf8d19
hardware/tools/xr_accel_config.py,maintained,function,normalize_all_experiments,normalize_all_experiments,485,497,13,9,7,2,0,False,Path;XRConfigError;glob;normalize_experiment;resolve;sorted,c7d921f87ec7b639a538
hardware/tools/xr_accel_config.py,maintained,function,main,main,500,513,14,13,3,1,0,False,argparse.ArgumentParser;json.dumps;len;normalize_all_experiments;normalize_experiment;parser.add_argument;parser.parse_args;print,6e2ce185e09cd81585ea
