(33.098400, 30.418648, 0.0)
(33.006157, 29.651096, 0.0)
(33.071915, 29.344387, 0.0)
(33.111160, 29.225389, 0.0)
(33.163830, 29.178728, 0.0)
(33.183670, 29.158323, 0.0)
(33.200638, 29.172234, 0.0)
(33.184383, 29.233215, 0.0)
(33.198502, 29.204115, 0.0)
(33.326778, 29.325457, 0.0)
(33.330772, 29.325956, 0.0)
(33.331650, 29.304979, 0.0)
(33.340137, 29.322596, 0.0)
(33.363201, 29.403538, 0.0)
(33.403603, 29.455462, 0.0)
(33.399372, 29.458677, 0.0)
(33.427849, 29.514709, 0.0)
(33.427734, 29.515469, 0.0)
(33.441250, 29.541477, 0.0)
(33.427181, 29.575222, 0.0)
(33.423546, 29.566656, 0.0)
(33.417709, 29.539267, 0.0)
(33.417377, 29.542732, 0.0)
(33.432827, 29.547234, 0.0)
(33.553719, 29.704098, 0.0)
(33.536419, 29.763870, 0.0)
(33.525917, 29.784615, 0.0)
(33.510506, 29.804220, 0.0)
(33.493263, 29.826040, 0.0)
(33.504219, 29.801826, 0.0)
(33.456013, 29.823898, 0.0)
(33.457813, 29.851099, 0.0)
(33.457253, 29.853991, 0.0)
(33.439770, 29.837845, 0.0)
(33.466099, 29.839420, 0.0)
(33.488037, 29.834133, 0.0)
(33.493019, 29.836777, 0.0)
(33.447525, 29.735025, 0.0)
(33.443172, 29.661009, 0.0)
(33.460697, 29.686646, 0.0)
(33.462681, 29.693943, 0.0)
(33.485474, 29.679205, 0.0)
(33.488716, 29.677761, 0.0)
(33.497505, 29.692039, 0.0)
(33.505989, 29.668926, 0.0)
(33.521732, 29.648540, 0.0)
(33.539806, 29.645851, 0.0)
(33.531422, 29.658266, 0.0)
(33.547459, 29.654280, 0.0)
(33.554943, 29.651337, 0.0)
(33.555874, 29.645313, 0.0)
(33.544140, 29.644800, 0.0)
(33.532829, 29.647646, 0.0)
(33.555748, 29.634403, 0.0)
(33.620396, 29.618340, 0.0)
(33.593674, 29.623320, 0.0)
(33.588993, 29.656324, 0.0)
(33.585602, 29.617128, 0.0)
(33.574123, 29.556488, 0.0)
(33.565105, 29.533026, 0.0)
(33.577564, 29.588223, 0.0)
(33.564583, 29.614290, 0.0)
(33.574318, 29.633047, 0.0)
(33.578175, 29.654518, 0.0)
(33.566032, 29.646523, 0.0)
(33.321548, 29.527975, 0.0)
(33.263901, 29.507626, 0.0)
(33.272480, 29.487892, 0.0)
(33.260353, 29.488382, 0.0)
(33.276615, 29.509796, 0.0)
(33.272316, 29.512745, 0.0)
(33.282192, 29.508839, 0.0)
(33.273743, 29.518822, 0.0)
(33.275608, 29.525562, 0.0)
(33.277172, 29.521595, 0.0)
(33.356522, 29.535490, 0.0)
(33.602688, 29.649704, 0.0)
(33.631306, 29.635258, 0.0)
(33.634274, 29.609613, 0.0)
(33.652630, 29.585770, 0.0)
(33.656982, 29.600388, 0.0)
(33.645359, 29.616087, 0.0)
(33.625927, 29.611023, 0.0)
(33.446587, 29.600887, 0.0)
(33.452774, 29.472685, 0.0)
(33.444801, 29.437254, 0.0)
(33.437218, 29.431581, 0.0)
(33.439869, 29.399532, 0.0)
(33.431007, 29.401855, 0.0)
(33.442734, 29.435829, 0.0)
(33.420074, 29.440279, 0.0)
(33.414371, 29.430178, 0.0)
(33.449821, 29.424763, 0.0)
(33.632748, 29.560947, 0.0)
(33.674023, 29.558228, 0.0)
(33.659348, 29.569347, 0.0)
(33.653694, 29.562859, 0.0)
(33.651630, 29.591118, 0.0)
(33.659027, 29.588200, 0.0)
(33.639595, 29.559376, 0.0)
(33.667145, 29.536861, 0.0)
(33.680134, 29.543339, 0.0)
(33.675404, 29.600494, 0.0)
(33.659485, 29.624731, 0.0)
(33.635002, 29.633034, 0.0)
(33.611500, 29.658545, 0.0)
(33.601658, 29.673578, 0.0)
(33.596203, 29.651028, 0.0)
(33.578594, 29.608692, 0.0)
(33.577206, 29.613001, 0.0)
(33.570827, 29.640652, 0.0)
(33.543171, 29.653172, 0.0)
(33.541512, 29.657883, 0.0)
(33.549397, 29.659090, 0.0)
(33.543507, 29.648901, 0.0)
(33.544365, 29.657568, 0.0)
(33.562519, 29.635969, 0.0)
(33.546753, 29.625916, 0.0)
(33.527924, 29.640341, 0.0)
(33.697170, 29.728352, 0.0)
(33.701591, 29.661381, 0.0)
(33.699509, 29.631926, 0.0)
(33.712059, 29.643311, 0.0)
(33.685886, 29.693085, 0.0)
(33.670856, 29.701790, 0.0)
(33.660255, 29.745106, 0.0)
(33.650852, 29.736168, 0.0)
(33.439293, 29.701727, 0.0)
(33.067654, 29.689043, 0.0)
(33.079277, 29.685047, 0.0)
(33.071671, 29.683891, 0.0)
(33.068974, 29.686926, 0.0)
(33.054104, 29.706003, 0.0)
(33.525486, 29.655678, 0.0)
(33.545029, 29.691568, 0.0)
(33.530899, 29.700850, 0.0)
(33.510487, 29.671612, 0.0)
(33.511189, 29.658594, 0.0)
(33.511189, 29.658594, 0.0)
(33.503223, 29.635378, 0.0)
(33.515518, 29.618544, 0.0)
(33.508553, 29.620415, 0.0)
(33.530155, 29.634041, 0.0)
(33.519215, 29.681112, 0.0)
(33.528042, 29.658472, 0.0)
(33.525135, 29.655704, 0.0)
(33.523830, 29.654861, 0.0)
(33.527370, 29.653296, 0.0)
(33.525852, 29.643711, 0.0)
(33.596199, 29.656015, 0.0)
(33.600147, 29.703123, 0.0)
(33.590916, 29.731907, 0.0)
(33.589550, 29.736101, 0.0)
(33.577328, 29.745197, 0.0)
(33.515129, 29.831675, 0.0)
(33.471817, 29.457586, 0.0)
(33.458656, 29.476656, 0.0)
(33.454151, 29.505713, 0.0)
(33.480778, 29.515888, 0.0)
(33.481182, 29.524504, 0.0)
(33.495350, 29.535803, 0.0)
(33.510365, 29.577856, 0.0)
(35.061047, 30.210026, 0.0)
(38.480408, 32.518494, 0.0)
(40.343517, 33.855888, 0.0)
(40.663376, 34.031746, 0.0)
(40.601498, 34.009903, 0.0)
(40.576771, 33.997398, 0.0)
(40.567093, 34.022701, 0.0)
(40.558903, 34.027332, 0.0)
(40.552429, 34.009209, 0.0)
(40.547497, 34.008064, 0.0)
(40.526310, 33.919350, 0.0)
(40.525917, 33.918003, 0.0)
(40.529896, 33.929214, 0.0)
(40.554203, 33.958904, 0.0)
(40.675117, 34.010548, 0.0)
(40.998203, 34.054424, 0.0)
(40.993092, 34.057583, 0.0)
(40.957340, 34.016357, 0.0)
(40.960911, 34.000679, 0.0)
(40.956043, 34.009659, 0.0)
(40.941158, 34.009605, 0.0)
(40.930332, 34.026466, 0.0)
(40.924461, 34.005840, 0.0)
(40.924004, 33.995068, 0.0)
(40.921539, 33.980309, 0.0)
(40.918789, 33.969231, 0.0)
(40.908707, 34.006863, 0.0)
(40.900375, 34.015427, 0.0)
(40.905220, 34.023548, 0.0)
(40.905331, 34.047520, 0.0)
(40.907051, 34.074921, 0.0)
(40.911736, 34.054333, 0.0)
(40.368389, 30.940012, 0.0)
(39.634384, 27.645884, 0.0)
(39.030819, 26.381794, 0.0)
(38.953960, 26.397478, 0.0)
(38.951096, 26.522793, 0.0)
(39.742756, 26.569944, 0.0)
(40.310242, 26.774542, 0.0)
(40.241665, 26.797050, 0.0)
(40.227882, 26.813881, 0.0)
(40.187473, 26.823036, 0.0)
(40.156639, 26.798267, 0.0)
(40.173492, 26.776649, 0.0)
(40.167385, 26.769665, 0.0)
(40.127209, 26.776020, 0.0)
(40.136089, 26.771973, 0.0)
(40.123119, 26.756968, 0.0)
(40.083202, 26.695005, 0.0)
(40.069363, 26.736652, 0.0)
(40.049847, 26.720707, 0.0)
(40.025517, 26.729712, 0.0)
(40.020958, 26.743187, 0.0)
(40.016571, 26.774426, 0.0)
(40.010380, 26.712030, 0.0)
(40.052433, 26.672920, 0.0)
(40.054993, 26.669559, 0.0)
(40.030659, 26.679741, 0.0)
(39.967785, 26.718763, 0.0)
(39.972836, 26.775255, 0.0)
(40.059364, 26.737928, 0.0)
(40.021019, 26.756037, 0.0)
(40.029755, 26.743006, 0.0)
(40.036804, 26.753323, 0.0)
(40.034290, 26.761696, 0.0)
(40.029755, 26.758051, 0.0)
(40.027370, 26.774315, 0.0)
(39.459927, 26.815432, 0.0)
(35.763115, 28.452250, 0.0)
(31.837543, 30.857567, 0.0)
(28.638462, 32.957207, 0.0)
(27.027519, 34.074356, 0.0)
(26.993809, 34.120056, 0.0)
(27.095301, 34.067997, 0.0)
(26.997688, 34.492565, 0.0)
(26.415007, 35.862701, 0.0)
(26.398077, 35.942303, 0.0)
(26.394516, 35.985294, 0.0)
(26.384125, 35.982449, 0.0)
(26.327625, 36.024673, 0.0)
(26.334656, 36.002777, 0.0)
(26.384651, 35.945972, 0.0)
(26.363342, 35.946384, 0.0)
(26.459314, 32.237278, 0.0)
(27.263294, 28.736969, 0.0)
(27.177446, 28.024042, 0.0)
(27.081694, 27.991819, 0.0)
(26.981421, 28.044439, 0.0)
(26.945738, 28.083754, 0.0)
(26.929071, 28.107512, 0.0)
(26.924873, 28.096703, 0.0)
(26.900200, 28.096029, 0.0)
(26.888294, 28.068083, 0.0)
(26.881643, 28.064455, 0.0)
(26.881735, 28.059347, 0.0)
(26.895504, 28.054310, 0.0)
(26.897303, 28.102327, 0.0)
(26.901060, 28.137871, 0.0)
(26.882294, 28.157112, 0.0)
(26.879383, 28.149744, 0.0)
(26.887049, 28.117090, 0.0)
(26.879208, 28.093081, 0.0)
(26.868195, 28.091627, 0.0)
(26.865021, 28.066628, 0.0)
(26.855167, 28.055588, 0.0)
(26.509991, 28.183510, 0.0)
(25.591118, 28.374519, 0.0)
(25.480999, 28.402292, 0.0)
(25.493927, 28.409582, 0.0)
(25.496485, 28.400244, 0.0)
(25.470011, 28.392862, 0.0)
(25.471792, 28.351431, 0.0)
(25.466125, 28.262383, 0.0)
(25.472397, 28.219154, 0.0)
(25.480568, 28.211584, 0.0)
(25.482054, 28.233747, 0.0)
(25.451578, 28.294859, 0.0)
(25.446104, 28.304083, 0.0)
(25.418728, 28.328369, 0.0)
(25.441397, 28.314240, 0.0)
(25.420244, 28.350246, 0.0)
(25.451288, 28.343229, 0.0)
(25.458683, 28.344452, 0.0)
(25.423578, 28.351170, 0.0)
(25.408527, 28.355547, 0.0)
(25.404917, 28.355938, 0.0)
(25.405334, 28.393583, 0.0)
(25.408955, 28.437506, 0.0)
(25.408617, 28.442913, 0.0)
(25.408617, 28.442913, 0.0)
(25.409611, 28.401543, 0.0)
(25.412071, 28.387701, 0.0)
(25.418253, 28.359867, 0.0)
(25.449833, 28.356163, 0.0)
(25.439409, 28.431396, 0.0)
(25.441526, 28.441103, 0.0)
(25.453947, 28.468880, 0.0)
(25.444969, 28.452837, 0.0)
(25.429911, 28.466002, 0.0)
(25.435030, 28.448175, 0.0)
(25.444448, 28.374487, 0.0)
(25.455866, 28.368076, 0.0)
(25.457623, 28.390762, 0.0)
(28.642689, 28.656641, 0.0)
(33.111549, 30.116339, 0.0)
(34.086586, 30.516819, 0.0)
(34.232338, 30.482241, 0.0)
(34.182938, 30.416365, 0.0)
(34.084827, 30.421116, 0.0)
(34.083961, 30.417448, 0.0)
(34.085972, 30.373243, 0.0)
(33.992054, 30.138977, 0.0)
(33.961163, 30.004229, 0.0)
(33.938248, 30.027803, 0.0)
(33.929348, 30.044334, 0.0)
(33.951809, 30.069000, 0.0)
(33.953266, 30.053482, 0.0)
(33.854507, 30.042582, 0.0)
(33.869797, 30.033409, 0.0)
(33.869919, 30.018013, 0.0)
(33.857903, 30.008966, 0.0)
(33.853722, 30.012983, 0.0)
(33.843956, 29.993937, 0.0)
(33.829281, 29.987417, 0.0)
(33.828945, 30.009027, 0.0)
(33.826694, 30.004566, 0.0)
(33.835632, 29.991459, 0.0)
(33.820751, 30.004953, 0.0)
(33.816593, 29.981682, 0.0)
(33.810768, 29.979649, 0.0)
(33.815777, 29.948265, 0.0)
(33.807278, 29.941166, 0.0)
(33.814735, 29.934406, 0.0)
(33.795731, 29.969471, 0.0)
(33.774178, 30.006807, 0.0)
(33.766392, 30.015944, 0.0)
(33.772507, 30.015480, 0.0)
(33.791420, 29.492651, 0.0)
(33.888912, 29.273119, 0.0)
(33.841660, 29.295284, 0.0)
(33.820724, 29.320869, 0.0)
(33.339954, 29.641603, 0.0)
(29.630445, 31.263815, 0.0)
(26.819698, 32.515087, 0.0)
(26.025183, 33.027912, 0.0)
(25.963799, 33.101135, 0.0)
(25.935017, 33.060757, 0.0)
(25.930292, 33.062603, 0.0)
(25.933361, 33.023708, 0.0)
(25.921053, 32.985519, 0.0)
(25.919476, 32.939941, 0.0)
(25.925758, 32.979469, 0.0)
(25.946093, 33.011665, 0.0)
(25.941450, 33.041183, 0.0)
(25.927477, 33.034588, 0.0)
(25.915831, 33.037830, 0.0)
(25.922686, 33.053223, 0.0)
(25.917067, 33.039528, 0.0)
(25.918776, 33.034485, 0.0)
(25.931591, 33.023651, 0.0)
(25.907274, 33.027885, 0.0)
(25.893778, 32.973030, 0.0)
(25.902023, 32.921299, 0.0)
(25.903954, 32.925579, 0.0)
(26.007177, 32.906425, 0.0)
(26.621874, 32.481342, 0.0)
(26.654020, 32.452877, 0.0)
(26.627256, 32.484795, 0.0)
(26.607346, 32.496822, 0.0)
(26.592842, 32.457142, 0.0)
(26.581369, 32.437870, 0.0)
(26.575806, 32.442486, 0.0)
(26.574547, 32.471844, 0.0)
(26.579355, 32.521572, 0.0)
(26.580217, 32.544521, 0.0)
(26.569078, 32.540405, 0.0)
(26.575161, 32.513821, 0.0)
(26.569866, 32.533424, 0.0)
(26.578972, 32.500622, 0.0)
(26.892313, 33.773228, 0.0)
(27.351114, 35.898464, 0.0)
(27.300497, 36.220196, 0.0)
(27.257814, 36.255745, 0.0)
(27.225132, 36.280403, 0.0)
(27.219471, 36.262657, 0.0)
(27.267889, 36.263393, 0.0)
(27.514795, 36.107544, 0.0)
(27.507816, 36.097507, 0.0)
(27.486158, 36.092957, 0.0)
(27.501463, 36.072273, 0.0)
(27.489204, 36.094681, 0.0)
(27.468700, 36.128899, 0.0)
(27.472857, 36.154865, 0.0)
(27.494417, 36.147999, 0.0)
(27.481970, 36.131828, 0.0)
(27.482639, 36.119698, 0.0)
(27.480810, 36.108875, 0.0)
(27.474129, 36.090611, 0.0)
(27.471672, 36.099491, 0.0)
(27.949890, 36.033596, 0.0)
(28.035494, 36.029690, 0.0)
(28.002893, 35.993370, 0.0)
(27.976728, 36.072872, 0.0)
(27.966913, 36.081432, 0.0)
(27.958651, 36.085201, 0.0)
(27.640697, 35.942646, 0.0)
(27.483427, 35.862640, 0.0)
(27.462849, 35.866093, 0.0)
(27.436474, 35.848576, 0.0)
(27.448473, 35.850143, 0.0)
(27.452456, 35.856667, 0.0)
(27.467136, 35.863239, 0.0)
(27.470560, 35.877705, 0.0)
(27.480040, 35.888863, 0.0)
(27.473602, 35.875813, 0.0)
(27.464762, 35.835438, 0.0)
(27.858130, 34.205269, 0.0)
(28.351101, 30.652765, 0.0)
(28.257305, 30.500776, 0.0)
(28.163961, 30.538813, 0.0)
(28.144623, 30.513424, 0.0)
(28.087734, 30.564945, 0.0)
(28.065102, 30.570436, 0.0)
(28.273584, 30.148546, 0.0)
(28.282930, 30.089037, 0.0)
(28.272694, 30.035717, 0.0)
(28.252089, 30.047768, 0.0)
(28.259501, 30.009420, 0.0)
(28.263634, 29.996222, 0.0)
(28.258669, 30.044884, 0.0)
(28.264576, 30.049864, 0.0)
(28.259827, 30.040981, 0.0)
(28.245302, 29.946445, 0.0)
(28.347546, 31.322498, 0.0)
(28.278694, 29.730358, 0.0)
(28.267742, 29.526810, 0.0)
(28.261793, 29.688608, 0.0)
(28.247959, 29.757463, 0.0)
(28.243704, 29.756676, 0.0)
(28.239801, 29.748747, 0.0)
(28.218628, 29.803658, 0.0)
(28.223059, 29.835684, 0.0)
(28.199457, 29.840574, 0.0)
(28.182285, 29.856260, 0.0)
(28.176611, 29.820805, 0.0)
(28.165920, 29.812433, 0.0)
(28.158123, 29.784615, 0.0)
(28.161606, 29.771011, 0.0)
(28.159044, 29.792734, 0.0)
(28.157602, 29.824026, 0.0)
(28.153286, 29.830524, 0.0)
(28.146925, 29.833780, 0.0)
(28.146925, 29.833780, 0.0)
(28.143574, 29.799633, 0.0)
(29.245430, 29.087069, 0.0)
(33.299805, 26.679375, 0.0)
(36.340694, 25.942389, 0.0)
(36.742363, 25.887114, 0.0)
(36.759747, 25.904930, 0.0)
(36.724571, 25.968832, 0.0)
(36.695702, 26.051283, 0.0)
(37.228992, 26.437252, 0.0)
(37.226612, 26.452135, 0.0)
(37.127079, 26.414234, 0.0)
(37.107922, 26.409592, 0.0)
(37.098839, 26.420076, 0.0)
(37.097382, 26.404482, 0.0)
(37.095505, 26.421543, 0.0)
(37.090206, 26.448011, 0.0)
(37.085548, 26.464842, 0.0)
(37.018551, 26.487041, 0.0)
(36.997913, 26.502861, 0.0)
(37.483475, 26.751823, 0.0)
(37.490021, 26.770226, 0.0)
(37.480183, 26.757540, 0.0)
(37.481125, 26.783550, 0.0)
(37.468330, 26.812632, 0.0)
(37.461143, 26.836752, 0.0)
(37.461143, 26.836752, 0.0)
(37.449631, 26.820583, 0.0)
(37.464222, 26.842531, 0.0)
(37.442455, 26.841976, 0.0)
(37.421028, 26.788048, 0.0)
(37.417271, 26.789743, 0.0)
(38.029163, 27.277021, 0.0)
(38.030357, 27.365559, 0.0)
(38.047840, 27.336533, 0.0)
(38.068939, 27.315619, 0.0)
(38.038006, 27.335909, 0.0)
(38.059677, 27.356434, 0.0)
(38.063324, 27.394442, 0.0)
(38.060085, 27.401709, 0.0)
(38.042671, 27.431355, 0.0)
(37.687931, 27.323076, 0.0)
(33.301239, 26.023714, 0.0)
(29.870047, 26.240223, 0.0)
(29.492050, 26.401030, 0.0)
(29.484110, 26.398214, 0.0)
(29.419132, 26.446739, 0.0)
(28.366560, 27.074352, 0.0)
(28.261175, 27.075466, 0.0)
(28.247372, 27.065432, 0.0)
(28.223856, 27.023460, 0.0)
(28.223766, 27.002514, 0.0)
(28.219582, 26.985952, 0.0)
(28.242027, 26.974197, 0.0)
(28.251701, 26.967089, 0.0)
(28.258848, 26.972160, 0.0)
(28.244879, 26.987341, 0.0)
(28.259842, 26.953646, 0.0)
(28.256754, 26.950628, 0.0)
(28.256754, 26.950628, 0.0)
(28.256754, 26.950628, 0.0)
(28.240261, 27.545916, 0.0)
(28.187603, 27.701017, 0.0)
(28.157022, 27.673130, 0.0)
(28.134693, 27.646177, 0.0)
(28.109524, 27.668575, 0.0)
(28.123016, 27.682447, 0.0)
(28.118866, 27.688150, 0.0)
(28.114796, 27.687630, 0.0)
(28.087437, 27.686295, 0.0)
(28.067194, 27.693884, 0.0)
(28.044882, 27.723680, 0.0)
(28.048016, 27.716511, 0.0)
(28.055996, 27.741505, 0.0)
(28.056927, 27.773962, 0.0)
(28.041821, 27.810003, 0.0)
(28.027241, 27.798111, 0.0)
(28.012762, 27.807411, 0.0)
(28.007769, 27.825350, 0.0)
(28.336710, 28.001036, 0.0)
(32.636494, 29.785393, 0.0)
(36.600857, 31.155512, 0.0)
(39.099907, 32.167065, 0.0)
(39.683601, 32.456680, 0.0)
(39.718960, 32.476562, 0.0)
(40.081623, 32.894917, 0.0)
(40.298916, 33.334606, 0.0)
(40.295517, 33.338875, 0.0)
(40.282921, 33.321972, 0.0)
(40.266209, 33.295967, 0.0)
(40.312153, 33.213066, 0.0)
(40.318665, 33.188572, 0.0)
(40.319355, 33.177391, 0.0)
(40.318024, 33.209141, 0.0)
(40.312267, 33.210373, 0.0)
(40.333992, 33.225502, 0.0)
(40.324764, 33.237862, 0.0)
(40.357063, 33.210876, 0.0)
(40.335449, 33.232224, 0.0)
(40.364357, 33.185265, 0.0)
(40.354347, 33.189625, 0.0)
(40.367649, 33.183403, 0.0)
(40.355247, 33.170486, 0.0)
(40.336159, 33.189682, 0.0)
(40.308395, 33.204689, 0.0)
(40.299885, 33.191330, 0.0)
(40.264690, 33.199074, 0.0)
(40.273228, 33.200302, 0.0)
(40.279274, 33.175453, 0.0)
(40.251709, 33.114170, 0.0)
(40.254848, 33.104275, 0.0)
(40.247311, 33.116531, 0.0)
(40.250065, 33.132442, 0.0)
(40.256618, 33.122181, 0.0)
(40.007927, 33.067329, 0.0)
(38.759979, 31.240053, 0.0)
(38.717972, 31.158792, 0.0)
(38.737637, 31.153440, 0.0)
(38.739120, 31.141680, 0.0)
(38.735149, 31.147928, 0.0)
(38.733318, 31.114342, 0.0)
(38.754601, 31.142351, 0.0)
(38.747860, 31.197933, 0.0)
(38.744312, 31.178522, 0.0)
(38.746887, 31.195658, 0.0)
(39.029415, 31.149185, 0.0)
(39.056267, 31.133034, 0.0)
(39.036171, 31.097078, 0.0)
(39.040546, 31.064400, 0.0)
(39.021988, 31.071312, 0.0)
(39.007156, 31.084249, 0.0)
(39.011482, 31.091549, 0.0)
(39.000507, 31.087654, 0.0)
(39.003601, 31.136217, 0.0)
(38.996391, 31.126526, 0.0)
(39.015629, 31.141279, 0.0)
(39.016232, 31.128159, 0.0)
(39.021584, 31.136026, 0.0)
(39.026371, 31.179237, 0.0)
(39.010601, 31.158880, 0.0)
(38.992188, 31.145679, 0.0)
(38.993774, 31.189592, 0.0)
(38.966789, 31.185045, 0.0)
(38.984142, 31.180445, 0.0)
(39.005241, 31.204651, 0.0)
(38.997410, 31.183361, 0.0)
(38.976536, 31.133608, 0.0)
(38.968784, 31.129572, 0.0)
(38.981956, 31.123692, 0.0)
(38.967758, 31.142376, 0.0)
(38.971909, 31.147095, 0.0)
(38.964970, 31.152248, 0.0)
(38.226631, 30.892954, 0.0)
(34.360672, 29.098387, 0.0)
(33.017582, 28.655659, 0.0)
(32.887955, 28.573048, 0.0)
(32.827053, 28.570822, 0.0)
(31.997805, 28.518126, 0.0)
(31.907024, 28.492634, 0.0)
(31.905779, 28.501051, 0.0)
(31.866821, 28.414642, 0.0)
(31.824135, 28.407055, 0.0)
(31.813978, 28.380419, 0.0)
(31.789940, 28.387257, 0.0)
(31.805592, 28.336399, 0.0)
(31.786488, 28.310614, 0.0)
(31.785177, 28.317345, 0.0)
(31.795040, 28.337290, 0.0)
(31.784729, 28.353390, 0.0)
(31.780582, 28.356615, 0.0)
(31.769150, 28.360247, 0.0)
(31.749338, 28.332232, 0.0)
(31.749071, 28.303877, 0.0)
(31.746058, 28.300486, 0.0)
(31.746838, 28.300131, 0.0)
(31.516769, 28.326397, 0.0)
(31.444811, 28.330137, 0.0)
(31.424171, 28.368778, 0.0)
(31.419277, 28.369946, 0.0)
(31.417261, 28.383512, 0.0)
(31.415617, 28.393127, 0.0)
(31.388393, 28.410257, 0.0)
(31.343454, 28.014202, 0.0)
(31.383087, 27.952440, 0.0)
(31.409327, 28.163218, 0.0)
(31.418478, 28.268156, 0.0)
(31.417732, 28.346176, 0.0)
(31.412613, 28.367847, 0.0)
(31.406227, 28.374575, 0.0)
(31.404966, 28.364550, 0.0)
(31.299788, 28.564943, 0.0)
(29.198057, 31.476646, 0.0)
(28.591179, 32.310505, 0.0)
(28.479820, 32.383049, 0.0)
(28.451586, 32.380123, 0.0)
(28.419804, 32.339195, 0.0)
(28.388765, 32.345856, 0.0)
(28.371468, 32.343872, 0.0)
(28.328918, 32.284542, 0.0)
(28.445404, 32.217415, 0.0)
(28.486565, 32.049026, 0.0)
(28.491707, 31.958349, 0.0)
(28.471781, 31.945375, 0.0)
(28.472467, 31.979111, 0.0)
(28.452160, 32.033855, 0.0)
(28.435413, 32.067070, 0.0)
(28.433233, 32.111534, 0.0)
(28.439240, 32.127941, 0.0)
(28.423714, 32.127014, 0.0)
(28.431051, 32.157196, 0.0)
(28.459852, 32.138573, 0.0)
(28.477057, 32.132790, 0.0)
(28.478161, 32.149940, 0.0)
(28.460409, 32.167271, 0.0)
(28.468233, 32.187843, 0.0)
(28.469694, 32.240879, 0.0)
(28.502316, 32.317345, 0.0)
(28.457193, 32.329029, 0.0)
(28.444887, 32.302387, 0.0)
(28.432701, 32.291367, 0.0)
(28.442947, 32.235748, 0.0)
(28.432312, 32.147114, 0.0)
(28.579519, 32.025154, 0.0)
(28.581669, 32.005733, 0.0)
(28.577221, 32.050529, 0.0)
(28.565367, 32.048943, 0.0)
(28.554541, 32.062534, 0.0)
(28.548117, 32.062901, 0.0)
(28.686274, 32.001083, 0.0)
(32.649948, 29.940739, 0.0)
(35.149975, 28.992559, 0.0)
(35.100174, 28.999659, 0.0)
(35.015591, 28.969599, 0.0)
(35.240234, 28.955217, 0.0)
(35.587967, 29.058285, 0.0)
(35.612148, 29.065577, 0.0)
(35.598392, 29.056925, 0.0)
(35.581909, 29.005941, 0.0)
(35.569607, 29.021418, 0.0)
(35.587948, 29.014772, 0.0)
(35.584782, 28.941837, 0.0)
(35.582146, 28.885435, 0.0)
(35.589714, 28.899311, 0.0)
(35.590958, 28.916418, 0.0)
(35.577187, 28.957504, 0.0)
(35.588310, 28.970917, 0.0)
(35.588768, 28.976446, 0.0)
(35.588310, 28.967438, 0.0)
(35.778976, 29.058788, 0.0)
(35.755661, 29.085089, 0.0)
(35.715576, 29.054585, 0.0)
(35.741447, 29.037172, 0.0)
(35.727318, 29.033644, 0.0)
(35.697044, 29.072668, 0.0)
(35.700298, 29.076437, 0.0)
(35.700287, 29.096460, 0.0)
(35.705387, 29.077160, 0.0)
(35.690132, 29.093361, 0.0)
(33.846146, 30.195889, 0.0)
(33.578743, 30.263718, 0.0)
(33.587921, 30.226818, 0.0)
(33.571247, 30.243723, 0.0)
(33.538898, 30.273224, 0.0)
(33.542351, 30.265169, 0.0)
(33.538898, 30.263136, 0.0)
(33.520592, 30.236521, 0.0)
(32.527927, 28.939812, 0.0)
(31.901430, 26.620243, 0.0)
(31.755827, 26.368252, 0.0)
(31.691320, 26.384935, 0.0)
(31.679443, 26.410156, 0.0)
(31.651173, 26.371704, 0.0)
(31.602989, 26.005453, 0.0)
(31.568094, 25.893915, 0.0)
(31.553507, 25.893970, 0.0)
(31.547918, 25.885132, 0.0)
(31.541105, 25.911539, 0.0)
(31.535467, 25.919439, 0.0)
(31.530434, 25.919569, 0.0)
(31.531515, 25.936338, 0.0)
(31.523600, 25.970116, 0.0)
(31.548843, 26.014668, 0.0)
(31.562223, 26.044310, 0.0)
(31.553894, 26.050184, 0.0)
(31.547632, 26.027531, 0.0)
(31.554724, 26.035995, 0.0)
(31.532721, 26.028166, 0.0)
(31.523569, 26.046844, 0.0)
(31.522516, 26.051826, 0.0)
(31.527973, 26.001875, 0.0)
(31.521481, 26.036272, 0.0)
(31.527395, 26.056189, 0.0)
(31.522476, 26.049006, 0.0)
(31.506268, 26.074045, 0.0)
(31.510740, 26.074833, 0.0)
(31.505892, 26.061680, 0.0)
(31.512375, 26.054842, 0.0)
(31.510847, 26.047247, 0.0)
(31.519463, 26.041899, 0.0)
(31.513453, 26.049021, 0.0)
(31.495960, 26.077223, 0.0)
(31.514008, 26.080708, 0.0)
(31.471201, 26.114752, 0.0)
(31.139406, 26.834793, 0.0)
(28.295084, 29.944250, 0.0)
(26.615860, 31.749365, 0.0)
(26.426010, 31.807190, 0.0)
(26.403606, 31.796276, 0.0)
(26.383377, 31.811302, 0.0)
(26.374676, 31.810076, 0.0)
(26.365911, 31.807682, 0.0)
(25.846535, 32.287807, 0.0)
(25.725819, 32.369072, 0.0)
(25.686792, 32.356060, 0.0)
(25.692854, 32.349178, 0.0)
(25.702150, 32.339523, 0.0)
(25.689991, 32.328316, 0.0)
(25.695299, 32.307774, 0.0)
(25.684237, 32.295719, 0.0)
(25.678902, 32.304523, 0.0)
(25.675846, 32.302265, 0.0)
(25.675982, 32.337612, 0.0)
(25.659334, 32.325382, 0.0)
(25.648552, 32.302799, 0.0)
(25.647764, 32.282505, 0.0)
(25.635002, 32.294270, 0.0)
(25.622438, 32.317131, 0.0)
(26.138500, 32.081821, 0.0)
(26.220240, 32.039925, 0.0)
(26.208174, 32.030025, 0.0)
(26.193369, 32.051384, 0.0)
(26.175524, 32.031296, 0.0)
(26.180931, 32.024933, 0.0)
(26.187590, 32.059547, 0.0)
(26.193201, 32.063347, 0.0)
(26.195284, 32.097031, 0.0)
(26.192417, 32.126640, 0.0)
(26.189058, 32.117828, 0.0)
(26.189966, 32.180889, 0.0)
(26.180220, 32.181896, 0.0)
(26.189644, 32.170212, 0.0)
(26.178097, 32.177559, 0.0)
(28.136950, 32.398209, 0.0)
(32.146721, 34.160713, 0.0)
(32.347054, 34.351059, 0.0)
(32.324776, 34.385044, 0.0)
(32.314823, 34.381592, 0.0)
(32.321697, 34.395969, 0.0)
(32.312649, 34.404358, 0.0)
(32.308563, 34.333496, 0.0)
(32.301674, 34.287621, 0.0)
(32.312481, 34.274551, 0.0)
(32.323433, 34.265636, 0.0)
(32.320347, 34.283649, 0.0)
(32.289139, 34.311508, 0.0)
(32.278637, 34.322308, 0.0)
(32.252800, 34.332302, 0.0)
(32.272167, 34.300442, 0.0)
(32.275230, 34.292362, 0.0)
(32.257450, 34.276993, 0.0)
(32.513397, 34.594463, 0.0)
(32.475727, 34.823963, 0.0)
(32.448315, 34.864140, 0.0)
(32.420609, 34.871437, 0.0)
(32.407536, 34.874012, 0.0)
(32.391529, 34.886379, 0.0)
(32.377773, 34.885342, 0.0)
(32.395245, 34.803860, 0.0)
(32.393421, 34.797871, 0.0)
(32.396313, 34.795677, 0.0)
(32.395798, 34.800537, 0.0)
(32.383850, 34.818729, 0.0)
(32.382298, 34.818752, 0.0)
(32.382248, 34.797134, 0.0)
(32.388172, 34.808025, 0.0)
(32.413994, 33.674862, 0.0)
(32.412815, 31.357718, 0.0)
(32.352047, 31.270903, 0.0)
(32.321724, 31.255608, 0.0)
(32.293839, 31.291868, 0.0)
(33.402187, 30.972185, 0.0)
(33.750080, 30.711897, 0.0)
(33.911297, 29.415239, 0.0)
(33.883915, 29.507019, 0.0)
(33.903858, 29.534525, 0.0)
(33.888687, 29.552887, 0.0)
(34.189472, 30.258970, 0.0)
(34.253925, 31.347616, 0.0)
(34.205875, 31.372442, 0.0)
(34.190266, 31.399773, 0.0)
(34.163891, 31.440723, 0.0)
(34.150234, 31.463758, 0.0)
(34.155128, 31.476057, 0.0)
(34.167027, 31.458521, 0.0)
(34.175644, 31.457451, 0.0)
(34.176968, 31.404903, 0.0)
(34.166416, 31.410200, 0.0)
(34.160053, 31.454815, 0.0)
(34.168118, 31.469421, 0.0)
(34.141514, 31.499311, 0.0)
(34.139313, 31.506138, 0.0)
(34.123817, 31.473888, 0.0)
(34.143044, 31.423191, 0.0)
(34.185814, 31.367729, 0.0)
(34.077473, 31.243475, 0.0)
(34.012585, 31.084805, 0.0)
(33.979053, 31.114086, 0.0)
(33.980042, 31.147402, 0.0)
(33.962292, 31.180571, 0.0)
(33.961575, 31.186520, 0.0)
(33.972736, 31.186333, 0.0)
(33.979084, 31.146572, 0.0)
(33.954479, 31.098087, 0.0)
(33.932842, 31.066551, 0.0)
(33.930035, 31.055912, 0.0)
(32.838833, 30.954115, 0.0)
(29.040243, 30.513475, 0.0)
(27.804735, 30.733082, 0.0)
(27.696943, 30.760910, 0.0)
(27.674774, 30.714369, 0.0)
(27.667805, 30.679375, 0.0)
(27.472837, 30.825434, 0.0)
(27.050678, 31.044014, 0.0)
(26.994383, 31.037504, 0.0)
(26.997812, 31.023096, 0.0)
(27.002369, 31.014736, 0.0)
(27.001081, 31.052242, 0.0)
(26.985592, 31.046951, 0.0)
(26.979864, 31.031614, 0.0)
(26.965158, 31.019464, 0.0)
(26.958683, 30.975468, 0.0)
(26.932953, 30.973949, 0.0)
(26.941305, 30.960527, 0.0)
(26.922203, 30.990978, 0.0)
(26.922413, 31.005676, 0.0)
(26.951468, 31.015043, 0.0)
(26.950645, 31.034658, 0.0)
(26.923794, 31.011726, 0.0)
(26.943876, 30.981907, 0.0)
(26.951319, 30.993837, 0.0)
(26.922323, 31.073189, 0.0)
(26.994020, 30.956047, 0.0)
(27.290806, 29.916399, 0.0)
(27.284660, 29.291275, 0.0)
(27.270802, 29.271967, 0.0)
(27.266962, 29.296089, 0.0)
(27.241875, 29.285471, 0.0)
(27.208368, 29.302996, 0.0)
(27.191786, 29.273718, 0.0)
(27.188419, 29.244041, 0.0)
(27.202509, 29.226250, 0.0)
(27.199434, 29.206871, 0.0)
(27.182959, 29.244253, 0.0)
(27.184801, 29.258224, 0.0)
(27.667704, 29.085142, 0.0)
(32.008362, 27.558104, 0.0)
(35.645920, 27.052952, 0.0)
(37.220203, 26.964834, 0.0)
(37.266205, 26.934183, 0.0)
(37.235317, 26.939680, 0.0)
(37.173508, 26.729433, 0.0)
(36.966942, 26.339218, 0.0)
(36.941700, 26.336926, 0.0)
(36.903675, 26.346018, 0.0)
(36.859917, 26.340086, 0.0)
(36.873466, 26.339687, 0.0)
(36.859241, 26.281496, 0.0)
(36.859352, 26.283947, 0.0)
(36.855492, 26.270132, 0.0)
(36.866417, 26.263697, 0.0)
(36.866825, 26.263163, 0.0)
(36.858948, 26.292910, 0.0)
(36.849941, 26.244028, 0.0)
(36.853977, 26.237762, 0.0)
(36.867199, 26.248339, 0.0)
(36.873020, 26.263815, 0.0)
(36.858662, 26.269148, 0.0)
(36.966106, 26.639032, 0.0)
(37.023624, 26.926706, 0.0)
(36.982800, 26.906769, 0.0)
(36.978516, 26.901815, 0.0)
(36.939907, 26.912132, 0.0)
(36.935856, 26.928984, 0.0)
(36.910114, 26.913092, 0.0)
(37.215954, 27.422838, 0.0)
(37.233406, 27.803425, 0.0)
(37.205326, 27.812326, 0.0)
(37.196293, 27.811592, 0.0)
(37.191730, 27.815763, 0.0)
(37.187134, 27.828220, 0.0)
(36.621262, 27.926245, 0.0)
(32.901966, 29.883139, 0.0)
(30.754040, 31.065306, 0.0)
(30.641256, 31.114981, 0.0)
(30.640678, 31.098072, 0.0)
(30.597639, 31.098173, 0.0)
(30.547581, 31.075407, 0.0)
(30.245340, 31.140900, 0.0)
(30.204721, 31.108143, 0.0)
(30.191696, 31.121304, 0.0)
(30.191057, 31.119875, 0.0)
(30.193932, 31.092709, 0.0)
(30.185820, 31.105085, 0.0)
(30.171602, 31.136536, 0.0)
(30.141161, 31.142570, 0.0)
(30.116287, 31.170679, 0.0)
(30.106945, 31.203857, 0.0)
(30.089289, 31.208792, 0.0)
(30.124025, 31.111967, 0.0)
(30.195467, 31.039583, 0.0)
(30.196390, 31.053400, 0.0)
(30.241230, 31.031073, 0.0)
(30.244684, 31.055321, 0.0)
(30.240887, 31.076385, 0.0)
(30.213175, 31.073158, 0.0)
(30.200281, 31.085064, 0.0)
(30.176863, 31.049013, 0.0)
(30.179335, 30.995380, 0.0)
(30.180098, 30.955032, 0.0)
(30.164709, 30.896940, 0.0)
(30.169209, 30.900425, 0.0)
(30.180790, 30.944027, 0.0)
(30.166458, 30.985064, 0.0)
(30.151257, 31.088844, 0.0)
(30.115442, 31.160536, 0.0)
(30.090767, 31.161184, 0.0)
(30.112394, 31.115927, 0.0)
(30.133015, 31.058167, 0.0)
(32.102711, 30.153227, 0.0)
(35.758732, 28.075594, 0.0)
(36.648594, 27.605953, 0.0)
(36.608360, 27.617439, 0.0)
(36.517361, 27.666521, 0.0)
(37.226192, 27.913994, 0.0)
(37.215683, 27.901020, 0.0)
(37.163094, 27.809748, 0.0)
(37.178902, 27.746880, 0.0)
(37.176826, 27.730843, 0.0)
(37.166939, 27.725115, 0.0)
(37.163094, 27.715954, 0.0)
(37.126518, 27.744881, 0.0)
(37.113487, 27.780161, 0.0)
(37.090958, 27.706356, 0.0)
(37.090645, 27.643036, 0.0)
(37.098930, 27.609283, 0.0)
(37.067135, 27.595694, 0.0)
(37.030899, 27.621828, 0.0)
(37.046803, 27.613276, 0.0)
(37.032013, 27.637516, 0.0)
(35.528248, 27.669266, 0.0)
(33.432701, 27.876923, 0.0)
(33.333958, 27.871195, 0.0)
(33.335629, 27.835077, 0.0)
(33.322262, 27.800694, 0.0)
(33.287979, 27.768187, 0.0)
(33.271641, 27.792454, 0.0)
(33.261021, 27.806465, 0.0)
(33.255642, 27.791668, 0.0)
(33.244572, 27.792746, 0.0)
(33.246742, 27.822172, 0.0)
(33.229465, 27.799284, 0.0)
(33.230541, 27.790697, 0.0)
(33.239681, 27.816458, 0.0)
(33.231510, 27.839241, 0.0)
(33.218918, 27.884380, 0.0)
(33.187218, 27.902306, 0.0)
(33.182934, 27.901703, 0.0)
(34.252918, 28.715155, 0.0)
(38.040432, 31.817339, 0.0)
(38.938187, 32.967129, 0.0)
(38.923531, 33.049179, 0.0)
(38.886269, 33.001385, 0.0)
(38.865692, 32.913563, 0.0)
(39.251534, 33.684212, 0.0)
(39.181366, 33.738503, 0.0)
(39.164227, 33.741520, 0.0)
(39.150391, 33.722084, 0.0)
(39.127106, 33.710175, 0.0)
(39.100006, 33.733994, 0.0)
(39.103138, 33.709621, 0.0)
(39.115974, 33.674957, 0.0)
(39.127205, 33.680241, 0.0)
(39.127205, 33.680241, 0.0)
(39.130562, 33.682819, 0.0)
(39.123631, 33.691231, 0.0)
(39.103348, 33.680134, 0.0)
(39.113827, 33.688869, 0.0)
(39.126442, 33.696510, 0.0)
(39.109116, 33.698158, 0.0)
(39.119999, 33.647182, 0.0)
(39.124023, 33.628555, 0.0)
(39.123013, 33.649464, 0.0)
(39.112366, 33.640358, 0.0)
(37.878052, 31.793755, 0.0)
(37.181831, 30.822298, 0.0)
(37.097034, 30.799637, 0.0)
(37.075401, 30.769554, 0.0)
(37.056778, 30.736912, 0.0)
(37.089367, 30.723480, 0.0)
(37.087193, 30.757246, 0.0)
(37.077629, 30.791103, 0.0)
(36.597542, 30.932051, 0.0)
(33.421627, 31.426737, 0.0)
(33.427113, 31.188448, 0.0)
(36.279236, 28.225399, 0.0)
(36.731606, 27.441216, 0.0)
(37.768417, 27.475004, 0.0)
(38.122421, 27.506062, 0.0)
(38.091057, 27.456444, 0.0)
(38.068474, 27.432159, 0.0)
(38.061935, 27.460060, 0.0)
(38.053093, 27.456633, 0.0)
(38.021214, 27.433308, 0.0)
(38.036526, 27.438004, 0.0)
(38.364582, 27.362864, 0.0)
(38.358547, 27.303596, 0.0)
(38.353252, 27.270266, 0.0)
(38.365044, 27.281525, 0.0)
(38.357002, 27.324455, 0.0)
(38.337605, 27.342474, 0.0)
(38.312874, 27.366327, 0.0)
(38.301929, 27.359768, 0.0)
(38.291805, 27.366652, 0.0)
(38.309109, 27.394066, 0.0)
(38.280781, 27.366919, 0.0)
(38.273460, 27.384727, 0.0)
(38.262547, 27.394426, 0.0)
(38.252949, 27.386927, 0.0)
(38.254642, 27.399755, 0.0)
(38.256336, 27.497038, 0.0)
(38.405903, 28.443598, 0.0)
(38.359974, 28.592182, 0.0)
(38.330288, 28.525793, 0.0)
(38.310291, 28.512558, 0.0)
(38.332779, 28.491337, 0.0)
(38.352123, 28.447527, 0.0)
(38.416473, 28.486923, 0.0)
(38.361858, 28.481337, 0.0)
(38.371769, 28.487545, 0.0)
(38.371769, 28.487545, 0.0)
(38.347054, 28.475473, 0.0)
(38.284966, 28.479115, 0.0)
(36.006119, 29.499849, 0.0)
(34.298439, 32.369801, 0.0)
(33.847610, 32.747692, 0.0)
(33.767799, 32.915005, 0.0)
(34.302185, 33.934547, 0.0)
(33.984299, 32.836433, 0.0)
(33.934772, 32.533802, 0.0)
(33.939194, 32.597107, 0.0)
(33.942520, 32.660912, 0.0)
(33.961823, 32.685364, 0.0)
(33.988438, 32.714306, 0.0)
(34.008102, 32.753990, 0.0)
(34.019089, 32.781952, 0.0)
(34.008591, 32.805927, 0.0)
(34.002163, 32.804497, 0.0)
(34.023212, 32.815609, 0.0)
(34.026993, 32.824478, 0.0)
(34.031750, 32.809269, 0.0)
(34.030716, 32.384510, 0.0)
(34.029362, 32.028328, 0.0)
(33.985928, 31.995731, 0.0)
(33.975628, 32.019928, 0.0)
(33.964317, 32.051865, 0.0)
(33.950050, 32.043209, 0.0)
(33.936855, 32.033173, 0.0)
(33.956532, 31.326538, 0.0)
(33.985413, 30.705679, 0.0)
(33.940369, 30.645439, 0.0)
(33.927536, 30.648163, 0.0)
(33.928398, 30.656769, 0.0)
(33.927357, 30.660465, 0.0)
(33.910938, 30.668024, 0.0)
(33.902714, 30.674995, 0.0)
(33.896114, 30.671000, 0.0)
(33.896114, 30.671000, 0.0)
(33.859699, 30.682556, 0.0)
(34.078491, 31.229431, 0.0)
(34.524178, 33.786663, 0.0)
(34.374260, 33.924305, 0.0)
(34.370724, 33.871876, 0.0)
(34.349388, 33.928425, 0.0)
(34.317951, 34.004883, 0.0)
(34.242241, 34.008099, 0.0)
(34.201290, 34.076908, 0.0)
(34.251930, 34.446972, 0.0)
(34.191628, 34.608734, 0.0)
(34.200279, 34.580524, 0.0)
(34.191593, 34.576015, 0.0)
(34.186405, 34.587669, 0.0)
(34.166279, 34.603107, 0.0)
(34.156761, 34.595604, 0.0)
(34.157871, 34.604427, 0.0)
(34.159664, 34.617508, 0.0)
(34.174152, 34.623665, 0.0)
(34.158367, 34.617710, 0.0)
(34.155533, 34.610313, 0.0)
(34.176739, 34.573017, 0.0)
(34.167629, 34.562531, 0.0)
(34.168919, 34.584740, 0.0)
(34.159897, 34.578011, 0.0)
(34.173000, 34.584736, 0.0)
(34.139439, 33.138645, 0.0)
(34.201481, 30.887344, 0.0)
(34.196556, 30.399612, 0.0)
(34.184788, 30.405800, 0.0)
(34.184837, 30.440767, 0.0)
(34.144142, 30.476858, 0.0)
(34.143364, 30.478935, 0.0)
(34.128647, 30.453197, 0.0)
(34.093616, 30.398277, 0.0)
(34.094585, 30.374954, 0.0)
(34.090935, 30.383198, 0.0)
(34.091469, 30.389732, 0.0)
(32.738869, 31.021862, 0.0)
(29.397909, 32.894657, 0.0)
(28.017063, 34.101711, 0.0)
(27.875307, 34.156971, 0.0)
(27.857346, 34.133152, 0.0)
(27.828012, 34.147652, 0.0)
(27.671061, 34.430084, 0.0)
(27.345387, 34.653301, 0.0)
(27.304968, 34.635326, 0.0)
(27.327900, 34.612930, 0.0)
(27.327625, 34.637764, 0.0)
(27.323481, 34.646084, 0.0)
(27.310150, 34.660225, 0.0)
(27.300833, 34.669426, 0.0)
(27.307270, 34.668571, 0.0)
(27.284998, 34.627399, 0.0)
(27.298155, 34.620640, 0.0)
(27.300495, 34.608170, 0.0)
(27.295687, 34.618343, 0.0)
(27.305614, 34.637573, 0.0)
(27.272165, 34.620781, 0.0)
(27.290283, 34.621971, 0.0)
(27.273531, 34.623661, 0.0)
(27.264292, 34.609528, 0.0)
(27.253918, 34.648037, 0.0)
(27.236092, 34.637749, 0.0)
(27.244598, 34.611149, 0.0)
(27.192780, 34.298134, 0.0)
(27.181248, 32.550606, 0.0)
(27.068216, 32.196987, 0.0)
(27.006495, 32.242352, 0.0)
(26.984573, 32.301655, 0.0)
(26.940285, 32.379288, 0.0)
(26.939066, 32.440704, 0.0)
(26.922640, 32.458508, 0.0)
(26.935778, 32.450256, 0.0)
(26.954184, 32.428501, 0.0)
(27.468327, 31.924042, 0.0)
(29.907324, 30.177341, 0.0)
(29.965319, 30.178526, 0.0)
(29.945950, 30.203463, 0.0)
(29.888268, 30.219604, 0.0)
(29.877876, 30.220659, 0.0)
(29.865423, 30.209501, 0.0)
(29.816469, 30.108841, 0.0)
(29.825670, 30.092714, 0.0)
(30.168961, 30.210663, 0.0)
(30.163465, 30.265459, 0.0)
(30.131403, 30.275545, 0.0)
(30.104904, 30.256908, 0.0)
(30.127201, 30.262276, 0.0)
(30.105829, 30.296644, 0.0)
(30.100170, 30.278028, 0.0)
(30.097124, 30.235283, 0.0)
(30.101656, 30.168436, 0.0)
(30.093895, 30.173359, 0.0)
(29.968803, 30.069025, 0.0)
(29.952251, 30.069412, 0.0)
(29.949614, 30.085728, 0.0)
(29.903662, 30.093447, 0.0)
(29.877836, 30.098110, 0.0)
(29.909882, 30.034477, 0.0)
(29.905775, 30.002890, 0.0)
(29.914921, 29.988392, 0.0)
(30.447603, 29.514208, 0.0)
(30.848921, 29.272474, 0.0)
(30.864832, 29.239462, 0.0)
(30.833582, 29.266855, 0.0)
(30.835985, 29.263186, 0.0)
(30.818472, 29.285740, 0.0)
(30.813316, 29.327084, 0.0)
(30.817995, 29.307112, 0.0)
(30.824766, 29.267937, 0.0)
(30.164234, 29.897364, 0.0)
(29.974817, 30.089762, 0.0)
(30.164457, 30.002487, 0.0)
(33.341358, 29.767687, 0.0)
(35.549671, 32.387699, 0.0)
(35.984379, 35.290604, 0.0)
(35.862167, 35.517319, 0.0)
(35.799450, 35.469936, 0.0)
(35.759537, 35.509232, 0.0)
(35.718105, 35.564259, 0.0)
(36.064430, 35.664471, 0.0)
(36.116486, 35.649567, 0.0)
(36.055370, 35.687340, 0.0)
(36.038574, 35.712025, 0.0)
(36.049992, 35.777634, 0.0)
(36.068218, 35.850311, 0.0)
(36.066856, 35.931480, 0.0)
(36.052120, 35.853828, 0.0)
(36.047997, 35.783836, 0.0)
(36.050468, 35.763313, 0.0)
(36.026161, 35.709064, 0.0)
(36.012749, 35.709274, 0.0)
(36.029419, 35.731312, 0.0)
(35.959545, 35.740448, 0.0)
(35.772480, 35.589180, 0.0)
(35.751846, 35.545742, 0.0)
(35.767570, 35.564724, 0.0)
(35.752331, 35.571606, 0.0)
(35.735237, 35.554932, 0.0)
(35.741978, 35.544838, 0.0)
(35.726871, 35.572601, 0.0)
(35.697533, 35.581104, 0.0)
(35.679031, 35.590691, 0.0)
(35.675133, 35.577381, 0.0)
(36.052589, 34.347908, 0.0)
(36.076935, 33.810310, 0.0)
(36.070015, 33.772018, 0.0)
(36.040489, 33.762657, 0.0)
(36.028500, 33.768299, 0.0)
(36.026512, 33.840279, 0.0)
(36.040237, 33.867992, 0.0)
(36.499363, 32.734394, 0.0)
(37.101433, 31.576992, 0.0)
(37.742100, 29.156462, 0.0)
(38.099842, 27.464935, 0.0)
(38.066757, 27.417601, 0.0)
(38.058174, 27.530239, 0.0)
(38.055897, 27.548132, 0.0)
(38.048645, 27.574385, 0.0)
(35.816715, 27.571024, 0.0)
(31.790276, 27.925430, 0.0)
(29.871864, 28.496447, 0.0)
(29.770168, 28.436962, 0.0)
(29.786572, 28.314398, 0.0)
(29.757038, 28.306896, 0.0)
(30.012501, 28.477573, 0.0)
(34.415684, 31.568447, 0.0)
(38.099297, 33.877422, 0.0)
(38.605209, 34.055534, 0.0)
(38.540791, 33.981018, 0.0)
(38.475742, 33.911194, 0.0)
(38.474236, 33.896637, 0.0)
(39.108101, 34.073280, 0.0)
(40.788658, 34.031067, 0.0)
(40.812233, 33.883484, 0.0)
(40.758450, 33.831532, 0.0)
(40.708942, 33.817753, 0.0)
(40.675751, 33.786453, 0.0)
(40.655029, 33.806053, 0.0)
(40.652508, 33.792965, 0.0)
(40.631985, 33.750427, 0.0)
(40.593113, 33.671238, 0.0)
(38.680038, 30.106728, 0.0)
(37.911942, 27.877275, 0.0)
(37.774292, 27.859266, 0.0)
(37.758045, 27.958584, 0.0)
(37.733089, 28.089901, 0.0)
(37.675545, 28.117058, 0.0)
(39.741444, 28.763987, 0.0)
(40.460556, 28.897005, 0.0)
(40.452976, 28.839937, 0.0)
(40.441410, 28.905607, 0.0)
(40.454094, 28.949184, 0.0)
(40.407993, 28.966480, 0.0)
(40.331505, 29.012188, 0.0)
(40.325813, 29.016037, 0.0)
(40.344151, 28.997723, 0.0)
(40.564911, 28.982121, 0.0)
(40.577915, 28.938435, 0.0)
(40.564732, 28.902002, 0.0)
(40.547512, 28.893208, 0.0)
(40.538708, 28.907719, 0.0)
(40.536304, 28.986391, 0.0)
(40.513653, 29.003471, 0.0)
(40.510563, 29.027252, 0.0)
(40.504265, 29.039038, 0.0)
(40.517792, 29.024803, 0.0)
(40.522900, 28.954424, 0.0)
(40.527103, 28.871056, 0.0)
(40.555698, 28.920574, 0.0)
(40.374706, 28.838844, 0.0)
(40.081722, 28.565952, 0.0)
(40.028175, 28.552624, 0.0)
(40.049824, 28.584417, 0.0)
(40.031296, 28.606621, 0.0)
(40.047405, 28.604935, 0.0)
(40.027393, 28.551514, 0.0)
(40.034229, 28.535742, 0.0)
(40.013100, 28.503767, 0.0)
(40.009304, 28.548130, 0.0)
(39.995403, 28.556522, 0.0)
(40.004616, 28.576912, 0.0)
(40.011280, 28.619137, 0.0)
(40.010151, 28.637899, 0.0)
(40.419075, 28.868847, 0.0)
(40.414021, 28.836481, 0.0)
(37.773724, 27.710609, 0.0)
(35.220200, 26.926460, 0.0)
(35.270317, 26.947098, 0.0)
(35.318741, 26.943842, 0.0)
(35.298092, 26.939817, 0.0)
(35.285107, 26.929295, 0.0)
(35.297009, 26.911114, 0.0)
(35.303917, 26.907473, 0.0)
(35.237839, 26.926979, 0.0)
(34.965317, 28.297802, 0.0)
(34.813526, 27.139589, 0.0)
(34.907860, 26.797403, 0.0)
(34.909279, 26.867313, 0.0)
(34.907547, 26.875967, 0.0)
(34.891155, 26.868425, 0.0)
(34.905304, 26.901199, 0.0)
(34.914806, 26.874538, 0.0)
(34.929901, 26.876196, 0.0)
(34.972633, 26.888750, 0.0)
(34.987057, 26.913877, 0.0)
(34.960060, 26.939899, 0.0)
(34.978897, 26.939398, 0.0)
(34.951153, 26.966747, 0.0)
(34.952961, 26.948420, 0.0)
(35.015614, 26.957737, 0.0)
(35.164768, 27.215582, 0.0)
(35.163853, 27.252546, 0.0)
(35.151104, 27.252146, 0.0)
(35.127815, 27.257130, 0.0)
(35.089573, 27.263039, 0.0)
(35.080021, 27.331200, 0.0)
(35.097019, 27.336695, 0.0)
(35.106937, 27.334267, 0.0)
(34.687004, 27.476837, 0.0)
(34.318508, 27.547192, 0.0)
(34.304604, 27.528090, 0.0)
(34.300301, 27.528378, 0.0)
(34.287010, 27.541651, 0.0)
(34.413925, 27.779974, 0.0)
(37.883663, 31.443209, 0.0)
(39.580376, 33.833241, 0.0)
(39.454529, 33.837456, 0.0)
(39.382072, 33.776772, 0.0)
(39.377453, 33.728901, 0.0)
(39.796711, 34.153767, 0.0)
(40.301910, 34.699455, 0.0)
(40.293777, 34.722172, 0.0)
(40.247124, 34.717285, 0.0)
(40.168274, 34.752480, 0.0)
(40.188667, 34.754143, 0.0)
(40.181904, 34.754272, 0.0)
(40.146927, 34.732922, 0.0)
(40.115608, 34.719189, 0.0)
(40.122997, 34.703979, 0.0)
(40.084534, 34.674511, 0.0)
(40.093369, 34.662083, 0.0)
(40.104141, 34.701023, 0.0)
(40.089371, 34.749825, 0.0)
(40.072990, 34.755260, 0.0)
(40.072990, 34.755260, 0.0)
(40.058273, 34.698353, 0.0)
(39.740818, 34.068150, 0.0)
(39.719330, 33.995361, 0.0)
(39.716423, 34.001492, 0.0)
(39.700817, 34.005409, 0.0)
(39.697495, 33.971153, 0.0)
(39.685452, 34.001282, 0.0)
(39.683987, 34.012070, 0.0)
(39.666103, 34.045216, 0.0)
(39.657661, 34.042061, 0.0)
(39.649570, 34.082550, 0.0)
(39.674316, 33.998409, 0.0)
(39.676998, 33.984383, 0.0)
(39.690670, 33.955658, 0.0)
(39.681549, 33.970161, 0.0)
(39.685986, 34.006371, 0.0)
(39.160530, 33.905167, 0.0)
(35.111176, 33.685127, 0.0)
(32.030571, 33.737148, 0.0)
(31.860460, 33.842216, 0.0)
(31.878027, 33.818634, 0.0)
(31.868916, 33.836491, 0.0)
(31.850380, 33.823521, 0.0)
(31.850948, 33.794136, 0.0)
(31.835838, 33.786922, 0.0)
(31.855450, 33.807861, 0.0)
(31.960281, 34.053547, 0.0)
(31.969866, 34.065323, 0.0)
(31.959797, 34.054882, 0.0)
(31.961298, 34.061127, 0.0)
(31.955101, 34.023365, 0.0)
(31.961311, 34.033779, 0.0)
(31.956398, 34.068153, 0.0)
(31.955818, 34.138561, 0.0)
(31.963358, 34.140808, 0.0)
(31.969728, 34.190273, 0.0)
(31.974918, 34.182270, 0.0)
(31.959311, 34.160191, 0.0)
(31.932648, 34.144260, 0.0)
(31.917656, 34.136005, 0.0)
(31.879698, 34.151455, 0.0)
(31.869081, 34.154942, 0.0)
(31.863283, 34.147327, 0.0)
(31.883816, 34.253059, 0.0)
(31.905836, 34.283760, 0.0)
(31.756311, 34.233704, 0.0)
(31.732250, 34.145542, 0.0)
(31.700575, 34.130100, 0.0)
(31.678644, 34.108189, 0.0)
(31.646969, 34.086258, 0.0)
(31.681995, 34.108311, 0.0)
(31.691786, 34.112843, 0.0)
(31.674971, 34.144569, 0.0)
(33.084141, 31.289974, 0.0)
(33.690086, 28.583359, 0.0)
(33.552998, 28.479177, 0.0)
(33.534954, 28.494278, 0.0)
(33.407646, 27.902878, 0.0)
(33.374561, 27.845341, 0.0)
(33.377850, 27.842772, 0.0)
(33.350933, 27.857836, 0.0)
(33.347282, 27.890656, 0.0)
(33.324795, 27.852850, 0.0)
(33.321144, 27.849001, 0.0)
(33.308762, 27.864691, 0.0)
(33.312595, 27.809950, 0.0)
(33.324287, 27.773764, 0.0)
(33.303082, 27.758642, 0.0)
(33.325470, 27.767555, 0.0)
(33.341198, 27.806206, 0.0)
(33.328690, 27.821285, 0.0)
(33.347324, 27.808952, 0.0)
(33.322689, 27.815811, 0.0)
(33.311035, 27.808605, 0.0)
(33.303364, 27.808207, 0.0)
(33.291309, 27.794697, 0.0)
(33.296677, 27.786230, 0.0)
(33.335697, 27.799717, 0.0)
(33.505146, 27.942734, 0.0)
(33.528206, 27.951153, 0.0)
(33.532055, 27.954147, 0.0)
(33.527134, 27.950630, 0.0)
(33.509846, 27.959475, 0.0)
(33.516941, 27.936878, 0.0)
(33.441219, 27.898098, 0.0)
(33.178596, 27.743984, 0.0)
(33.156509, 27.728254, 0.0)
(33.147640, 27.753748, 0.0)
(33.140900, 27.776764, 0.0)
(33.140900, 27.776764, 0.0)
(32.886208, 27.776518, 0.0)
(29.474560, 28.190401, 0.0)
(27.346972, 28.644825, 0.0)
(27.186924, 28.682016, 0.0)
(27.218166, 28.701874, 0.0)
(27.191071, 28.690552, 0.0)
(26.939674, 29.015701, 0.0)
(26.669786, 29.117086, 0.0)
(26.631958, 29.153309, 0.0)
(26.595387, 29.155556, 0.0)
(26.543516, 29.223036, 0.0)
(26.549385, 29.188852, 0.0)
(26.562517, 29.125988, 0.0)
(26.565516, 29.093611, 0.0)
(26.593307, 29.092869, 0.0)
(26.611595, 29.116863, 0.0)
(26.607306, 29.196726, 0.0)
(26.595345, 29.230661, 0.0)
(26.600956, 29.250572, 0.0)
(26.596680, 29.247398, 0.0)
(26.600218, 29.229939, 0.0)
(26.588665, 29.220444, 0.0)
(26.862076, 29.496008, 0.0)
(27.064671, 30.618191, 0.0)
(27.020008, 30.720140, 0.0)
(27.002878, 30.720070, 0.0)
(26.980213, 30.730000, 0.0)
(26.965424, 30.771296, 0.0)
(26.949224, 30.796850, 0.0)
(26.959085, 30.693703, 0.0)
(26.926802, 30.684669, 0.0)
(26.938238, 30.672199, 0.0)
(26.938238, 30.672199, 0.0)
(26.924212, 30.731155, 0.0)
(26.922518, 30.741364, 0.0)
(26.911919, 30.742584, 0.0)
(26.915922, 30.747580, 0.0)
(26.901533, 30.771208, 0.0)
(28.959320, 31.794775, 0.0)
(30.258564, 33.700493, 0.0)
(30.224234, 33.735195, 0.0)
(30.184656, 33.711132, 0.0)
(30.140600, 33.746521, 0.0)
(30.083796, 33.748444, 0.0)
(30.055000, 33.769840, 0.0)
(30.062466, 33.757706, 0.0)
(30.044052, 33.705368, 0.0)
(30.044844, 33.627563, 0.0)
(30.091547, 33.328335, 0.0)
(30.095318, 33.587864, 0.0)
(30.121849, 33.257847, 0.0)
(30.084661, 33.331158, 0.0)
(30.083527, 33.396358, 0.0)
(30.093878, 33.385098, 0.0)
(30.103922, 33.395092, 0.0)
(30.107660, 33.413227, 0.0)
(30.110294, 33.423035, 0.0)
(30.112244, 33.417965, 0.0)
(30.105915, 33.408253, 0.0)
(30.095592, 33.423325, 0.0)
(30.077604, 33.438232, 0.0)
(30.053173, 33.459602, 0.0)
(30.051655, 33.459557, 0.0)
(30.574400, 33.391884, 0.0)
(30.970713, 33.264858, 0.0)
(30.941294, 33.230770, 0.0)
(30.900259, 33.233715, 0.0)
(30.914984, 33.245808, 0.0)
(30.925640, 33.286819, 0.0)
(30.928883, 33.335098, 0.0)
(30.936846, 33.349758, 0.0)
(30.947977, 33.378395, 0.0)
(30.934654, 33.382473, 0.0)
(30.914259, 33.352566, 0.0)
(30.918797, 33.317837, 0.0)
(30.920803, 33.319294, 0.0)
(31.791206, 32.404350, 0.0)
(33.703377, 28.661789, 0.0)
(33.442776, 27.346153, 0.0)
(33.320896, 27.362766, 0.0)
(33.252602, 27.389616, 0.0)
(33.257275, 27.368328, 0.0)
(33.223995, 27.354485, 0.0)
(33.236996, 27.349901, 0.0)
(33.233540, 27.310749, 0.0)
(33.228542, 27.283182, 0.0)
(33.267498, 27.291645, 0.0)
(33.309956, 27.323488, 0.0)
(33.267418, 27.364174, 0.0)
(33.267452, 27.368027, 0.0)
(33.290180, 27.363005, 0.0)
(33.299076, 27.362934, 0.0)
(33.298096, 27.357740, 0.0)
(33.294468, 27.361250, 0.0)
(33.293476, 27.356045, 0.0)
(33.274464, 27.354065, 0.0)
(33.502201, 27.529430, 0.0)
(33.505646, 27.571781, 0.0)
(33.501026, 27.573875, 0.0)
(33.510082, 27.557705, 0.0)
(33.518822, 27.581316, 0.0)
(33.480961, 27.576775, 0.0)
(33.484528, 27.528072, 0.0)
(33.446487, 27.510044, 0.0)
(33.786724, 27.748631, 0.0)
(33.831947, 27.930206, 0.0)
(33.807518, 27.946642, 0.0)
(33.778694, 27.946520, 0.0)
(33.779938, 27.955576, 0.0)
(33.778736, 27.960159, 0.0)
(33.760071, 27.944769, 0.0)
(33.733528, 27.932154, 0.0)
(33.729454, 27.929850, 0.0)
(33.972157, 29.870029, 0.0)
(33.876530, 30.967192, 0.0)
(33.786388, 31.064314, 0.0)
(33.758972, 31.030867, 0.0)
(33.753506, 31.049400, 0.0)
(33.726948, 31.061167, 0.0)
(33.720230, 31.048725, 0.0)
(33.729668, 30.998602, 0.0)
(33.713352, 30.962683, 0.0)
(33.733238, 30.958214, 0.0)
(33.729912, 30.955759, 0.0)
(33.719421, 30.973305, 0.0)
(33.717590, 30.997009, 0.0)
(33.707592, 31.004614, 0.0)
(33.706821, 31.009373, 0.0)
(33.714622, 31.005856, 0.0)
(33.708065, 30.983070, 0.0)
(33.697422, 31.000572, 0.0)
(33.690929, 31.012558, 0.0)
(33.688305, 31.016012, 0.0)
(33.621635, 31.043119, 0.0)
(33.672894, 31.084829, 0.0)
(33.682915, 31.114580, 0.0)
(33.656696, 31.094582, 0.0)
(33.658157, 31.138914, 0.0)
(33.663834, 31.167120, 0.0)
(33.633911, 31.152731, 0.0)
(33.604839, 31.067068, 0.0)
(33.599239, 31.065485, 0.0)
(33.606586, 31.057648, 0.0)
(33.599659, 31.059259, 0.0)
(33.582436, 31.045334, 0.0)
(33.574188, 31.045153, 0.0)
(33.574188, 31.045153, 0.0)
(33.553146, 31.063046, 0.0)
(33.551399, 31.049677, 0.0)
(33.564953, 31.024218, 0.0)
(33.560734, 30.953474, 0.0)
(35.656563, 31.409832, 0.0)
(37.304802, 31.872972, 0.0)
(37.311584, 31.894732, 0.0)
(37.256142, 31.879185, 0.0)
(37.245789, 31.897787, 0.0)
(37.230354, 31.889362, 0.0)
(37.420021, 32.067162, 0.0)
(37.446945, 32.164104, 0.0)
(37.416264, 32.118763, 0.0)
(37.436413, 32.166527, 0.0)
(37.440487, 32.185940, 0.0)
(37.438099, 32.183208, 0.0)
(37.439491, 32.164104, 0.0)
(37.430222, 32.154594, 0.0)
(37.433464, 32.151917, 0.0)
(37.422230, 32.132568, 0.0)
(37.422230, 32.132568, 0.0)
(37.419376, 32.113892, 0.0)
(37.420303, 32.119076, 0.0)
(37.420303, 32.119076, 0.0)
(37.413338, 32.127228, 0.0)
(37.423313, 32.127747, 0.0)
(37.438049, 32.159119, 0.0)
(37.420227, 32.124241, 0.0)
(37.525192, 32.074783, 0.0)
(37.538956, 31.973251, 0.0)
(37.541477, 31.964350, 0.0)
(37.554794, 31.992126, 0.0)
(37.523373, 31.999657, 0.0)
(37.523041, 32.009972, 0.0)
(37.523041, 32.009972, 0.0)
(37.523373, 31.999657, 0.0)
(37.523041, 32.009972, 0.0)
(37.523373, 31.999657, 0.0)
(37.523594, 31.994507, 0.0)
(37.512138, 31.960684, 0.0)
(37.517403, 31.966700, 0.0)
(37.514145, 31.956520, 0.0)
(38.622395, 32.572453, 0.0)
(38.895252, 32.785416, 0.0)
(38.907909, 32.780853, 0.0)
(38.890308, 32.792686, 0.0)
(38.864483, 32.779305, 0.0)
(38.850468, 32.764202, 0.0)
(38.970024, 33.079071, 0.0)
(38.994926, 33.080063, 0.0)
(38.959671, 33.087772, 0.0)
(38.941074, 33.083076, 0.0)
(38.941326, 33.078911, 0.0)
(38.928654, 33.060596, 0.0)
(38.912769, 33.049999, 0.0)
(38.923016, 33.084965, 0.0)
(38.919189, 33.117214, 0.0)
(38.904884, 33.130341, 0.0)
(38.927769, 33.111179, 0.0)
(38.931038, 33.109264, 0.0)
(38.953003, 33.118816, 0.0)
(38.958462, 33.160645, 0.0)
(38.949474, 33.199913, 0.0)
(38.936550, 33.251785, 0.0)
(38.998211, 33.367157, 0.0)
(38.988346, 33.455772, 0.0)
(38.982998, 33.410053, 0.0)
(38.992672, 33.366352, 0.0)
(39.002674, 33.360935, 0.0)
(38.988525, 33.374176, 0.0)
(38.978481, 33.376637, 0.0)
(38.982452, 33.404808, 0.0)
(38.954693, 33.428276, 0.0)
(38.925503, 33.454052, 0.0)
(38.923630, 33.452309, 0.0)
(38.873955, 33.416988, 0.0)
(38.875465, 33.354553, 0.0)
(38.906296, 33.312702, 0.0)
(38.904537, 33.325741, 0.0)
(38.925758, 33.349819, 0.0)
(38.885529, 33.347752, 0.0)
(39.335312, 33.170837, 0.0)
(40.572857, 31.234188, 0.0)
(40.612267, 30.585136, 0.0)
(40.581158, 30.580873, 0.0)
(40.566475, 30.634096, 0.0)
(40.540016, 30.663500, 0.0)
(40.782772, 30.838102, 0.0)
(40.781830, 30.869640, 0.0)
(40.759933, 30.888865, 0.0)
(40.744236, 30.893400, 0.0)
(40.762375, 30.864285, 0.0)
(40.769886, 30.884346, 0.0)
(40.751358, 30.852053, 0.0)
(40.754826, 30.838417, 0.0)
(40.746944, 30.832647, 0.0)
(40.733253, 30.843124, 0.0)
(40.730492, 30.877310, 0.0)
(40.730492, 30.877310, 0.0)
(40.712788, 30.868269, 0.0)
(40.720272, 30.877462, 0.0)
(40.695759, 30.817146, 0.0)
(40.675606, 30.791351, 0.0)
(40.040260, 30.125864, 0.0)
(39.931061, 29.684080, 0.0)
(39.921795, 29.678734, 0.0)
(39.903675, 29.733963, 0.0)
(39.877831, 29.746780, 0.0)
(39.870403, 29.766497, 0.0)
(39.885212, 29.740971, 0.0)
(39.884678, 29.746712, 0.0)
(39.889263, 29.740612, 0.0)
(39.878117, 29.756044, 0.0)
(39.862431, 29.766562, 0.0)
(39.874954, 29.746881, 0.0)
(39.876137, 29.792088, 0.0)
(39.876549, 29.799917, 0.0)
(39.860947, 29.791094, 0.0)
(39.872772, 29.768234, 0.0)
(39.879578, 29.785042, 0.0)
(40.763084, 32.177460, 0.0)
(40.919884, 34.139614, 0.0)
(40.853191, 34.155109, 0.0)
(40.825016, 34.132042, 0.0)
(40.794006, 34.141228, 0.0)
(40.775562, 34.169159, 0.0)
(40.873722, 34.226486, 0.0)
(40.904545, 34.266762, 0.0)
(40.893353, 34.262306, 0.0)
(40.886105, 34.238007, 0.0)
(40.889339, 34.229660, 0.0)
(40.871422, 34.273956, 0.0)
(40.845276, 34.323738, 0.0)
(40.847534, 34.300880, 0.0)
(40.876820, 34.298100, 0.0)
(40.910915, 34.349209, 0.0)
(40.874355, 34.344940, 0.0)
(40.874027, 34.332561, 0.0)
(40.897079, 34.362011, 0.0)
(40.878304, 34.358803, 0.0)
(40.836617, 34.368256, 0.0)
(40.257473, 34.292648, 0.0)
(40.205517, 34.225819, 0.0)
(40.217342, 34.235386, 0.0)
(40.228325, 34.254230, 0.0)
(40.224384, 34.257797, 0.0)
(40.202736, 34.300564, 0.0)
(40.195171, 34.287148, 0.0)
(40.189926, 34.298168, 0.0)
(40.180355, 34.279949, 0.0)
(40.179192, 34.241024, 0.0)
(40.203114, 34.209576, 0.0)
(40.255821, 34.167160, 0.0)
(40.300343, 34.182518, 0.0)
(40.324497, 34.170403, 0.0)
(40.025749, 34.118183, 0.0)
(36.289127, 31.972454, 0.0)
(34.379105, 30.461464, 0.0)
(34.343967, 30.398159, 0.0)
(34.268513, 30.362999, 0.0)
(33.570400, 30.291729, 0.0)
(33.484421, 30.243483, 0.0)
(33.495598, 30.219078, 0.0)
(33.482872, 30.194342, 0.0)
(33.475132, 30.190866, 0.0)
(33.490425, 30.181704, 0.0)
(33.504414, 30.161613, 0.0)
(33.514469, 30.179243, 0.0)
(33.478935, 30.149971, 0.0)
(33.477791, 30.117956, 0.0)
(33.510159, 30.096876, 0.0)
(33.518978, 30.120787, 0.0)
(33.513618, 30.128908, 0.0)
(33.522030, 30.126133, 0.0)
(33.529137, 30.121607, 0.0)
(33.509121, 30.126789, 0.0)
(33.343037, 30.119091, 0.0)
(32.906208, 29.971933, 0.0)
(32.898731, 29.966034, 0.0)
(32.901104, 29.948191, 0.0)
(32.875744, 30.020594, 0.0)
(32.870880, 30.023781, 0.0)
(33.402138, 30.145267, 0.0)
(33.392151, 30.153292, 0.0)
(33.360603, 30.129377, 0.0)
(33.353050, 30.125557, 0.0)
(33.344746, 30.105272, 0.0)
(33.313866, 30.096748, 0.0)
(33.319244, 30.086796, 0.0)
(33.328915, 30.132210, 0.0)
(33.330257, 30.143106, 0.0)
(33.301910, 30.154898, 0.0)
(33.312042, 30.161495, 0.0)
(33.312042, 30.161495, 0.0)
(35.393166, 29.105112, 0.0)
(36.957825, 27.267536, 0.0)
(36.936783, 27.187044, 0.0)
(36.892567, 27.320509, 0.0)
(36.944420, 27.419043, 0.0)
(37.880135, 27.537512, 0.0)
(37.907452, 27.561718, 0.0)
(37.818062, 27.517597, 0.0)
(37.827610, 27.506334, 0.0)
(37.817993, 27.512497, 0.0)
(37.818214, 27.483309, 0.0)
(37.801975, 27.465809, 0.0)
(37.782112, 27.438168, 0.0)
(37.750435, 27.432688, 0.0)
(37.749607, 27.468946, 0.0)
(37.749401, 27.498697, 0.0)
(37.740543, 27.494003, 0.0)
(37.740185, 27.490671, 0.0)
(37.723473, 27.475863, 0.0)
(37.437611, 27.571920, 0.0)
(36.976604, 27.905684, 0.0)
(36.947090, 27.963593, 0.0)
(36.938282, 27.979910, 0.0)
(36.935265, 28.010067, 0.0)
(36.904343, 27.988876, 0.0)
(36.915985, 27.984465, 0.0)
(36.917423, 27.965702, 0.0)
(36.938934, 27.954702, 0.0)
(36.943958, 27.956545, 0.0)
(36.925892, 27.931423, 0.0)
(36.925671, 27.888515, 0.0)
(36.927937, 27.908493, 0.0)
(36.938644, 27.964821, 0.0)
(36.935509, 27.971649, 0.0)
(36.935688, 27.954531, 0.0)
(36.930378, 27.951168, 0.0)
(36.926624, 27.930933, 0.0)
(35.277508, 27.823542, 0.0)
(31.399860, 27.631580, 0.0)
(29.767979, 27.735649, 0.0)
(29.705425, 27.739420, 0.0)
(29.739670, 27.716631, 0.0)
(29.736372, 27.708218, 0.0)
(29.714542, 27.673359, 0.0)
(29.706747, 27.631323, 0.0)
(29.726583, 27.601854, 0.0)
(29.718689, 27.574902, 0.0)
(29.695713, 27.551041, 0.0)
(29.683273, 27.524727, 0.0)
(29.643120, 27.536064, 0.0)
(29.639444, 27.540108, 0.0)
(29.617119, 27.560511, 0.0)
(29.635313, 27.542057, 0.0)
(29.627102, 27.547722, 0.0)
(29.626701, 27.547394, 0.0)
(29.637672, 27.498674, 0.0)
(29.618277, 27.479364, 0.0)
(29.628689, 27.482124, 0.0)
(29.783133, 27.835773, 0.0)
(29.774336, 28.079355, 0.0)
(29.748167, 28.097527, 0.0)
(29.740383, 28.109692, 0.0)
(29.722729, 28.134274, 0.0)
(29.715473, 28.155363, 0.0)
(29.697666, 28.166983, 0.0)
(29.711081, 28.199804, 0.0)
(29.714081, 28.199024, 0.0)
(29.714638, 28.178246, 0.0)
(29.701183, 28.165524, 0.0)
(29.701399, 28.199263, 0.0)
(29.684944, 28.231380, 0.0)
(29.702465, 28.210028, 0.0)
(29.690611, 28.210894, 0.0)
(29.703318, 28.214472, 0.0)
(29.661808, 28.196281, 0.0)
(29.625217, 28.204636, 0.0)
(27.368132, 29.161318, 0.0)
(26.655201, 29.346218, 0.0)
(26.581804, 29.404682, 0.0)
(26.568945, 29.432919, 0.0)
(26.571325, 29.398617, 0.0)
(26.577097, 29.359169, 0.0)
(26.564003, 29.329947, 0.0)
(26.553488, 29.308155, 0.0)
(26.547939, 29.294682, 0.0)
(26.542841, 29.289248, 0.0)
(26.513224, 29.187710, 0.0)
(26.507416, 29.191385, 0.0)
(26.516947, 29.192364, 0.0)
(26.513329, 29.173512, 0.0)
(26.507116, 29.166712, 0.0)
(26.501930, 29.161098, 0.0)
(26.496773, 29.126648, 0.0)
(26.488678, 29.106606, 0.0)
(26.499500, 29.095602, 0.0)
(26.524420, 29.134972, 0.0)
(26.528189, 29.140326, 0.0)
(26.533682, 29.155636, 0.0)
(26.526114, 29.170687, 0.0)
(26.517239, 29.147873, 0.0)
(26.517239, 29.147873, 0.0)
(26.508892, 29.133522, 0.0)
(26.509422, 29.122622, 0.0)
(26.488678, 29.106606, 0.0)
(26.503834, 29.078293, 0.0)
(26.492706, 29.068499, 0.0)
(26.492546, 29.103432, 0.0)
(26.493029, 29.105158, 0.0)
(26.492546, 29.103432, 0.0)
(26.492064, 29.098434, 0.0)
(26.490582, 29.075476, 0.0)
(26.487152, 29.040344, 0.0)
(26.498384, 29.012571, 0.0)
(26.503141, 29.014761, 0.0)
(26.763216, 29.335463, 0.0)
(29.707579, 31.441961, 0.0)
(34.017849, 33.145073, 0.0)
(37.591965, 34.025665, 0.0)
(39.026863, 34.760784, 0.0)
(39.095501, 34.798084, 0.0)
(39.030899, 34.772331, 0.0)
(39.996735, 35.383587, 0.0)
(40.648567, 35.850292, 0.0)
(40.679775, 35.822140, 0.0)
(40.636497, 35.745342, 0.0)
(39.333340, 35.645321, 0.0)
(34.380287, 35.188599, 0.0)
(30.917068, 35.827488, 0.0)
(30.025778, 36.412182, 0.0)
(29.980091, 36.434177, 0.0)
(29.929823, 36.406628, 0.0)
(29.853949, 36.323029, 0.0)
(29.850096, 36.317436, 0.0)
(29.866680, 36.366032, 0.0)
(29.847557, 36.426437, 0.0)
(29.833498, 36.541843, 0.0)
(30.106319, 35.569847, 0.0)
(32.657223, 31.515198, 0.0)
(34.598228, 29.386518, 0.0)
(34.528362, 29.446295, 0.0)
(34.466915, 29.496874, 0.0)
(34.477936, 29.494194, 0.0)
(34.480045, 29.465288, 0.0)
(34.465931, 29.453802, 0.0)
(34.463257, 29.471661, 0.0)
(34.451817, 29.494726, 0.0)
(34.449806, 29.479464, 0.0)
(34.446674, 29.476852, 0.0)
(34.444065, 29.498325, 0.0)
(32.973808, 30.357550, 0.0)
(29.155642, 32.106567, 0.0)
(27.738859, 33.053612, 0.0)
(27.629261, 33.040848, 0.0)
(27.513996, 33.206287, 0.0)
(27.073477, 33.667965, 0.0)
(27.004351, 33.701069, 0.0)
(27.001507, 33.688416, 0.0)
(26.988741, 33.641117, 0.0)
(26.969362, 33.598766, 0.0)
(26.932125, 33.588787, 0.0)
(26.912558, 33.606022, 0.0)
(26.902714, 33.576344, 0.0)
(26.912867, 33.605984, 0.0)
(26.908703, 33.595055, 0.0)
(26.902597, 33.609787, 0.0)
(26.897068, 33.623104, 0.0)
(26.879715, 33.617538, 0.0)
(26.878977, 33.598915, 0.0)
(26.879282, 33.538616, 0.0)
(26.883009, 33.521877, 0.0)
(26.884415, 33.551609, 0.0)
(26.887838, 33.564880, 0.0)
(26.885178, 33.571548, 0.0)
(26.883156, 33.597244, 0.0)
(26.876232, 33.593777, 0.0)
(26.878756, 33.573086, 0.0)
(26.880594, 33.572334, 0.0)
(26.870253, 33.604404, 0.0)
(26.855545, 33.597691, 0.0)
(27.227789, 33.322262, 0.0)
(27.496283, 32.929634, 0.0)
(27.493660, 32.915482, 0.0)
(27.474888, 32.960724, 0.0)
(27.471191, 33.003510, 0.0)
(27.460270, 32.984341, 0.0)
(27.432213, 32.994114, 0.0)
(27.420582, 32.998791, 0.0)
(27.435669, 32.970409, 0.0)
(27.445627, 32.927261, 0.0)
(27.621998, 32.622841, 0.0)
(28.244724, 30.626595, 0.0)
(26.828068, 29.928844, 0.0)
(26.036810, 30.037979, 0.0)
(25.948690, 30.096457, 0.0)
(25.938196, 30.101299, 0.0)
(25.901157, 30.154018, 0.0)
(25.628283, 29.886232, 0.0)
(25.555809, 29.793594, 0.0)
(25.529984, 29.847286, 0.0)
(25.481302, 29.862389, 0.0)
(25.487118, 29.826893, 0.0)
(25.480743, 29.837276, 0.0)
(25.490721, 29.830769, 0.0)
(25.479231, 29.791578, 0.0)
(25.472940, 29.786268, 0.0)
(25.462379, 29.782539, 0.0)
(25.443253, 29.775574, 0.0)
(25.433218, 29.760410, 0.0)
(25.447367, 29.741497, 0.0)
(25.450190, 29.759796, 0.0)
(25.467377, 29.746002, 0.0)
(25.470490, 29.748074, 0.0)
(25.474148, 29.724773, 0.0)
(25.467537, 29.723871, 0.0)
(25.476027, 29.718895, 0.0)
(25.472910, 29.717482, 0.0)
(25.476099, 29.707253, 0.0)
(25.474161, 29.678789, 0.0)
(25.455116, 29.678234, 0.0)
(25.454317, 29.645319, 0.0)
(25.451340, 29.656797, 0.0)
(25.453041, 29.656269, 0.0)
(25.474041, 29.623611, 0.0)
(25.490805, 29.616919, 0.0)
(25.476648, 29.618176, 0.0)
(25.490440, 29.589804, 0.0)
(25.472319, 29.561327, 0.0)
(25.487488, 29.535652, 0.0)
(26.429987, 29.421432, 0.0)
(30.154179, 29.133574, 0.0)
(34.288647, 30.964466, 0.0)
(37.461578, 32.681297, 0.0)
(38.961323, 33.992290, 0.0)
(38.930939, 33.988575, 0.0)
(38.901680, 33.929413, 0.0)
(39.132683, 33.928963, 0.0)
(40.781033, 33.496929, 0.0)
(40.834042, 33.445618, 0.0)
(40.825653, 33.466030, 0.0)
(40.790886, 33.495068, 0.0)
(40.798809, 33.549362, 0.0)
(40.759590, 33.527973, 0.0)
(40.656395, 33.399704, 0.0)
(40.711159, 35.137527, 0.0)
(40.698254, 34.235641, 0.0)
(40.444939, 33.008678, 0.0)
(40.423790, 32.666344, 0.0)
(40.411575, 32.892212, 0.0)
(40.423954, 32.999828, 0.0)
(40.511021, 33.047131, 0.0)
(40.525192, 33.080406, 0.0)
(40.518406, 33.072948, 0.0)
(40.501854, 33.082447, 0.0)
(40.487530, 33.063148, 0.0)
(40.520733, 33.039658, 0.0)
(40.540169, 33.049393, 0.0)
(40.499836, 33.049095, 0.0)
(40.480984, 33.042355, 0.0)
(40.530945, 33.069420, 0.0)
(40.549114, 33.107315, 0.0)
(40.543957, 33.104664, 0.0)
(40.541027, 33.113026, 0.0)
(40.544052, 33.120518, 0.0)
(40.116810, 31.387413, 0.0)
(40.024273, 28.963196, 0.0)
(39.946552, 28.786299, 0.0)
(39.925167, 28.811001, 0.0)
(39.943481, 28.854700, 0.0)
(40.063190, 28.587681, 0.0)
(40.030552, 28.552864, 0.0)
(39.970810, 28.476892, 0.0)
(39.952621, 28.453169, 0.0)
(39.930012, 28.423889, 0.0)
(39.919502, 28.407978, 0.0)
(39.920822, 28.402485, 0.0)
(39.911041, 28.347788, 0.0)
(39.898849, 28.388535, 0.0)
(39.870853, 28.401886, 0.0)
(39.869366, 28.378975, 0.0)
(39.865509, 28.381538, 0.0)
(38.870556, 28.212587, 0.0)
(38.660347, 28.156036, 0.0)
(38.659302, 28.136337, 0.0)
(38.668713, 28.123749, 0.0)
(38.736389, 28.117903, 0.0)
(38.747692, 28.177017, 0.0)
(38.735256, 28.234741, 0.0)
(38.716606, 28.244047, 0.0)
(38.711090, 28.271751, 0.0)
(38.718063, 28.274275, 0.0)
(38.739902, 28.290491, 0.0)
(38.803772, 28.280972, 0.0)
(38.817982, 28.253483, 0.0)
(38.763920, 28.252226, 0.0)
(38.740868, 28.238512, 0.0)
(38.767803, 28.282873, 0.0)
(38.781555, 28.292562, 0.0)
(38.766682, 28.287622, 0.0)
(38.745838, 28.306450, 0.0)
(35.884125, 28.108561, 0.0)
(32.062611, 28.274504, 0.0)
(30.253588, 28.582964, 0.0)
(30.242260, 28.589844, 0.0)
(28.986778, 28.932272, 0.0)
(28.843332, 28.927380, 0.0)
(28.845243, 28.856993, 0.0)
(28.852343, 28.829678, 0.0)
(28.837498, 28.777462, 0.0)
(28.864658, 28.770576, 0.0)
(29.423424, 28.733589, 0.0)
(29.464195, 28.677654, 0.0)
(29.399590, 28.694084, 0.0)
(29.399607, 28.574265, 0.0)
(29.386816, 28.575666, 0.0)
(29.387392, 28.586409, 0.0)
(29.361118, 28.573206, 0.0)
(29.841307, 28.630198, 0.0)
(29.875219, 28.623722, 0.0)
(29.853003, 28.615082, 0.0)
(29.838280, 28.542498, 0.0)
(29.877575, 28.532545, 0.0)
(29.883989, 28.553064, 0.0)
(30.013428, 28.463974, 0.0)
(30.017580, 28.443272, 0.0)
(29.988297, 28.480841, 0.0)
(30.006582, 28.470131, 0.0)
(29.988297, 28.453043, 0.0)
(29.977179, 28.462900, 0.0)
(29.954741, 28.443134, 0.0)
(29.941116, 28.394344, 0.0)
(29.935160, 28.402102, 0.0)
(29.939140, 28.399187, 0.0)
(29.868984, 28.427925, 0.0)
(29.410114, 28.599373, 0.0)
(29.384514, 28.631176, 0.0)
(29.358337, 28.604761, 0.0)
(29.359724, 28.560324, 0.0)
(29.372730, 28.557993, 0.0)
(30.284327, 28.781807, 0.0)
(33.309402, 29.656357, 0.0)
(33.231251, 29.702673, 0.0)
(33.207066, 29.676294, 0.0)
(33.206566, 29.639381, 0.0)
(33.190990, 29.634295, 0.0)
(33.180222, 29.603392, 0.0)
(33.190216, 29.550167, 0.0)
(33.172462, 29.530321, 0.0)
(33.157063, 29.485857, 0.0)
(33.405376, 29.589308, 0.0)
(33.402332, 29.589815, 0.0)
(33.380249, 29.599913, 0.0)
(33.393360, 29.605301, 0.0)
(33.390594, 29.564547, 0.0)
(33.401093, 29.530664, 0.0)
(33.409386, 29.509613, 0.0)
(33.418018, 29.510189, 0.0)
(33.429115, 29.513468, 0.0)
(33.418301, 29.506123, 0.0)
(33.425533, 29.527065, 0.0)
(33.408539, 29.531582, 0.0)
(33.410763, 29.521696, 0.0)
(33.421555, 29.541515, 0.0)
(33.421085, 29.559134, 0.0)
(33.400948, 29.554541, 0.0)
(33.391144, 29.580692, 0.0)
(33.030876, 29.518950, 0.0)
(32.975815, 29.494251, 0.0)
(32.976704, 29.514219, 0.0)
(32.953484, 29.545185, 0.0)
(32.924854, 29.604931, 0.0)
(32.856922, 29.615793, 0.0)
(31.884117, 29.438828, 0.0)
(31.728394, 29.374977, 0.0)
(31.728617, 29.359909, 0.0)
(31.724901, 29.373129, 0.0)
(31.720873, 29.396479, 0.0)
(30.224817, 30.501156, 0.0)
(28.191170, 31.940643, 0.0)
(27.750387, 32.114521, 0.0)
(27.750664, 32.423328, 0.0)
(27.753252, 32.476990, 0.0)
(27.714705, 32.495800, 0.0)
(27.671200, 32.488781, 0.0)
(27.659275, 32.465858, 0.0)
(27.921816, 32.494381, 0.0)
(28.026953, 32.473949, 0.0)
(28.022350, 32.461540, 0.0)
(28.009983, 32.485794, 0.0)
(27.991529, 32.501461, 0.0)
(27.979233, 32.467590, 0.0)
(27.958799, 32.419712, 0.0)
(27.961212, 32.430431, 0.0)
(27.965712, 32.452682, 0.0)
(27.976374, 32.468098, 0.0)
(27.979326, 32.479950, 0.0)
(27.936016, 32.485489, 0.0)
(27.936777, 32.307938, 0.0)
(27.939684, 32.364548, 0.0)
(27.949183, 32.397915, 0.0)
(27.953630, 32.408573, 0.0)
(27.962870, 32.379131, 0.0)
(27.962008, 32.389439, 0.0)
(27.966169, 32.400417, 0.0)
(27.919441, 32.452354, 0.0)
(27.922728, 32.476009, 0.0)
(27.949541, 32.503189, 0.0)
(27.949541, 32.503189, 0.0)
(27.909855, 32.471825, 0.0)
(27.934202, 32.430939, 0.0)
(27.946665, 32.448631, 0.0)
(27.949005, 32.461750, 0.0)
(27.931925, 32.503979, 0.0)
(27.958536, 32.543533, 0.0)
(27.960098, 32.557083, 0.0)
(26.954781, 34.471386, 0.0)
(26.166359, 36.223957, 0.0)
(26.044645, 36.361641, 0.0)
(26.030100, 36.333195, 0.0)
(26.003275, 36.378365, 0.0)
(25.981903, 36.385979, 0.0)
(25.961994, 36.380123, 0.0)
(25.969280, 36.424168, 0.0)
(26.030970, 36.742683, 0.0)
(26.028835, 36.750484, 0.0)
(26.014788, 36.767391, 0.0)
(26.013639, 36.762253, 0.0)
(26.010294, 36.696075, 0.0)
(25.996046, 36.667332, 0.0)
(25.996655, 36.685036, 0.0)
(25.964375, 36.709812, 0.0)
(25.985582, 36.750217, 0.0)
(25.985767, 36.711460, 0.0)
(25.881075, 36.669071, 0.0)
(25.907148, 36.737530, 0.0)
(25.903973, 36.826679, 0.0)
(25.897499, 36.856567, 0.0)
(25.893389, 36.900887, 0.0)
(25.913631, 36.980011, 0.0)
(25.897486, 36.977474, 0.0)
(25.894424, 36.964443, 0.0)
(25.885479, 36.989376, 0.0)
(25.901937, 36.994072, 0.0)
(25.882652, 37.015259, 0.0)
(25.874075, 37.023987, 0.0)
(25.890739, 36.995106, 0.0)
(25.883003, 36.974777, 0.0)
(25.871687, 36.965256, 0.0)
(25.859699, 36.939487, 0.0)
(25.881874, 36.972500, 0.0)
(25.886717, 36.983242, 0.0)
(25.980268, 36.274441, 0.0)
(27.191666, 34.648361, 0.0)
(28.881266, 33.886505, 0.0)
(28.924221, 33.822773, 0.0)
(28.893112, 33.798473, 0.0)
(28.957203, 33.854340, 0.0)
(30.290249, 35.150085, 0.0)
(30.273958, 35.234962, 0.0)
(30.243532, 35.154800, 0.0)
(30.201670, 35.197380, 0.0)
(30.201950, 35.204369, 0.0)
(30.185989, 35.218113, 0.0)
(30.174475, 35.237251, 0.0)
(30.164898, 35.232002, 0.0)
(30.150972, 35.207870, 0.0)
(30.157715, 35.141937, 0.0)
(30.172365, 35.115269, 0.0)
(30.177736, 35.168556, 0.0)
(30.158730, 35.204170, 0.0)
(30.168835, 35.225655, 0.0)
(30.171547, 35.222111, 0.0)
(30.176678, 35.246605, 0.0)
(30.589720, 34.934551, 0.0)
(30.624247, 34.870129, 0.0)
(30.618799, 34.824326, 0.0)
(30.620855, 34.813046, 0.0)
(30.646856, 34.785339, 0.0)
(30.650957, 34.777603, 0.0)
(30.638515, 34.792549, 0.0)
(30.628031, 34.794022, 0.0)
(30.631601, 34.807251, 0.0)
(30.632175, 34.829811, 0.0)
(30.639721, 34.815823, 0.0)
(30.649450, 34.801060, 0.0)
(30.644016, 34.793503, 0.0)
(30.666298, 34.810928, 0.0)
(30.669603, 34.844238, 0.0)
(30.660172, 34.855507, 0.0)
(30.665140, 34.834728, 0.0)
(32.573586, 34.847527, 0.0)
(35.788620, 35.078674, 0.0)
(35.898270, 35.167103, 0.0)
(35.861790, 35.158638, 0.0)
(35.836502, 35.181873, 0.0)
(35.827595, 35.180885, 0.0)
(35.819798, 35.144844, 0.0)
(35.835880, 35.216805, 0.0)
(35.906010, 35.513477, 0.0)
(35.887520, 35.511559, 0.0)
(35.883060, 35.483093, 0.0)
(35.883511, 35.471123, 0.0)
(35.894428, 35.501888, 0.0)
(35.858433, 35.512947, 0.0)
(35.840302, 35.507118, 0.0)
(35.842606, 35.527451, 0.0)
(35.871555, 35.562649, 0.0)
(35.885021, 35.553600, 0.0)
(35.873253, 35.526993, 0.0)
(35.868191, 35.519524, 0.0)
(35.872215, 35.517120, 0.0)
(35.875355, 35.527554, 0.0)
(35.873756, 35.530796, 0.0)
(35.871105, 35.538151, 0.0)
(35.862740, 35.540279, 0.0)
(35.865917, 35.519646, 0.0)
(35.905632, 35.492805, 0.0)
(36.405449, 35.235325, 0.0)
(36.473125, 35.212223, 0.0)
(36.469959, 35.213875, 0.0)
(36.447716, 35.155243, 0.0)
(36.422165, 35.167049, 0.0)
(36.402355, 35.150257, 0.0)
(36.359581, 35.081837, 0.0)
(36.360577, 35.009609, 0.0)
(37.347980, 34.761520, 0.0)
(37.777363, 34.444748, 0.0)
(37.770153, 34.468433, 0.0)
(37.746017, 34.522552, 0.0)
(37.892746, 34.523441, 0.0)
(37.720924, 34.411594, 0.0)
(35.793045, 32.663761, 0.0)
(31.568548, 29.942118, 0.0)
(28.372957, 29.572189, 0.0)
(27.883032, 29.705505, 0.0)
(27.822395, 29.660738, 0.0)
(27.789913, 29.699669, 0.0)
(27.736765, 29.722837, 0.0)
(27.023447, 30.163527, 0.0)
(26.716795, 30.280062, 0.0)
(26.653103, 30.302450, 0.0)
(26.659422, 30.234573, 0.0)
(26.634102, 30.212976, 0.0)
(26.643829, 30.248566, 0.0)
(26.653236, 30.222492, 0.0)
(26.708395, 30.252474, 0.0)
(26.689102, 30.283796, 0.0)
(26.646778, 30.279129, 0.0)
(26.638151, 30.261099, 0.0)
(26.651608, 30.227518, 0.0)
(26.623484, 30.215607, 0.0)
(26.779167, 30.252007, 0.0)
(27.035414, 30.311377, 0.0)
(27.021246, 30.296270, 0.0)
(27.007011, 30.257673, 0.0)
(27.002439, 30.256310, 0.0)
(27.027157, 30.259933, 0.0)
(27.021097, 30.239687, 0.0)
(27.025980, 30.263866, 0.0)
(27.019217, 30.270836, 0.0)
(27.005781, 30.269783, 0.0)
(26.995081, 30.273176, 0.0)
(27.013371, 30.261585, 0.0)
(27.025778, 30.297251, 0.0)
(27.038536, 30.323442, 0.0)
(27.696804, 30.355879, 0.0)
(32.277225, 31.460119, 0.0)
(36.132240, 33.506134, 0.0)
(37.173557, 34.340336, 0.0)
(37.216515, 34.365013, 0.0)
(37.422070, 34.699894, 0.0)
(37.644974, 35.082661, 0.0)
(37.646729, 35.072712, 0.0)
(37.633503, 35.043533, 0.0)
(37.636990, 35.032455, 0.0)
(37.632572, 35.016052, 0.0)
(37.624332, 35.025711, 0.0)
(37.635471, 35.052708, 0.0)
(37.615845, 35.076588, 0.0)
(37.592628, 35.045219, 0.0)
(37.582897, 34.995888, 0.0)
(37.589363, 34.977291, 0.0)
(37.601746, 35.023857, 0.0)
(37.603817, 35.034527, 0.0)
(37.588520, 35.042137, 0.0)
(37.598736, 35.067051, 0.0)
(37.577221, 35.086647, 0.0)
(37.563759, 35.047874, 0.0)
(37.572948, 35.061077, 0.0)
(37.563141, 35.036575, 0.0)
(37.555630, 35.001980, 0.0)
(37.548920, 34.932453, 0.0)
(37.534904, 34.940563, 0.0)
(37.535740, 34.954697, 0.0)
(37.537891, 34.962879, 0.0)
(37.526913, 34.952721, 0.0)
(37.519714, 34.962860, 0.0)
(37.496284, 34.912262, 0.0)
(37.502468, 34.889511, 0.0)
(37.504047, 34.870018, 0.0)
(37.541061, 34.845890, 0.0)
(37.518513, 34.888981, 0.0)
(37.501499, 34.856701, 0.0)
(37.521561, 34.885941, 0.0)
(37.494160, 34.866112, 0.0)
(34.289093, 33.435062, 0.0)
(30.062363, 32.026962, 0.0)
(27.465528, 32.321453, 0.0)
(27.134977, 32.389671, 0.0)
(27.126900, 32.399746, 0.0)
(27.083805, 32.380718, 0.0)
(25.959688, 32.579037, 0.0)
(25.808937, 32.576408, 0.0)
(25.736090, 32.555038, 0.0)
(25.722673, 32.512012, 0.0)
(25.721033, 32.499897, 0.0)
(25.698130, 32.484871, 0.0)
(25.667908, 32.419998, 0.0)
(25.698727, 32.427452, 0.0)
(25.657677, 32.420204, 0.0)
(25.674870, 32.411819, 0.0)
(25.684349, 32.426876, 0.0)
(25.671202, 32.427002, 0.0)
(25.670547, 32.445366, 0.0)
(25.616379, 32.409256, 0.0)
(25.666080, 32.408878, 0.0)
(25.687447, 32.402763, 0.0)
(25.644188, 32.383987, 0.0)
(25.710711, 32.389141, 0.0)
(25.673407, 32.376450, 0.0)
(25.665266, 32.402798, 0.0)
(25.670366, 32.449963, 0.0)
(25.656414, 32.450375, 0.0)
(25.648897, 32.446712, 0.0)
(25.653578, 32.439342, 0.0)
(25.671162, 32.219830, 0.0)
(25.649498, 32.165024, 0.0)
(25.648294, 32.195343, 0.0)
(25.652327, 32.197540, 0.0)
(25.655851, 32.198158, 0.0)
(25.655830, 32.230228, 0.0)
(26.519154, 32.365406, 0.0)
(26.781609, 32.578835, 0.0)
(26.765482, 32.580288, 0.0)
(26.756046, 32.563301, 0.0)
(26.732235, 32.535782, 0.0)
(26.720146, 32.549938, 0.0)
(26.726492, 32.536480, 0.0)
(26.705517, 32.512745, 0.0)
(26.691057, 32.521339, 0.0)
(26.597878, 32.386990, 0.0)
(26.606859, 32.367271, 0.0)
(26.639294, 32.513153, 0.0)
(26.637730, 32.633011, 0.0)
(26.619432, 32.656517, 0.0)
(26.601530, 32.676525, 0.0)
(26.608551, 32.690903, 0.0)
(26.626614, 32.729740, 0.0)
(26.626869, 32.734913, 0.0)
(26.629526, 32.731033, 0.0)
(26.621311, 32.759403, 0.0)
(26.611847, 32.764320, 0.0)
(26.608284, 32.765564, 0.0)
(26.625067, 32.762764, 0.0)
(26.636538, 32.759853, 0.0)
(26.639301, 32.783329, 0.0)
(26.635838, 32.785114, 0.0)
(26.640913, 32.773144, 0.0)
(26.631289, 32.819302, 0.0)
(26.649889, 32.862305, 0.0)
(26.955837, 32.764923, 0.0)
(27.008816, 32.730690, 0.0)
(27.005781, 32.734104, 0.0)
(26.980356, 32.740013, 0.0)
(27.000305, 32.679855, 0.0)
(26.980169, 32.677872, 0.0)
(26.980169, 32.677872, 0.0)
(27.000292, 32.685738, 0.0)
(26.992601, 32.725307, 0.0)
(27.475080, 32.553471, 0.0)
(31.905216, 31.146473, 0.0)
(35.823040, 30.929806, 0.0)
(37.104538, 31.048290, 0.0)
(37.138268, 31.022543, 0.0)
(37.107597, 30.991644, 0.0)
(37.055878, 30.969076, 0.0)
(37.048775, 30.964596, 0.0)
(37.403866, 31.174225, 0.0)
(37.433216, 31.244619, 0.0)
(37.452206, 31.219332, 0.0)
(37.466118, 31.174540, 0.0)
(37.470009, 31.173676, 0.0)
(37.459450, 31.179132, 0.0)
(37.468525, 31.148939, 0.0)
(37.481480, 31.146143, 0.0)
(37.488640, 31.158497, 0.0)
(37.508934, 31.165390, 0.0)
(37.510406, 31.192701, 0.0)
(37.533943, 31.221836, 0.0)
(37.512623, 31.216166, 0.0)
(37.521679, 31.214365, 0.0)
(37.509232, 31.201056, 0.0)
(37.499512, 31.161625, 0.0)
(37.489891, 31.168585, 0.0)
(37.477795, 31.184235, 0.0)
(37.466530, 31.187017, 0.0)
(37.467316, 31.173698, 0.0)
(37.470253, 31.194103, 0.0)
(37.452549, 31.200413, 0.0)
(37.455776, 31.170431, 0.0)
(37.430771, 31.183111, 0.0)
(37.426971, 31.181900, 0.0)
(37.438545, 31.152391, 0.0)
(37.434837, 31.129219, 0.0)
(37.310623, 31.038492, 0.0)
(37.164906, 30.777752, 0.0)
(37.154316, 30.767920, 0.0)
(36.838493, 30.847715, 0.0)
(32.939690, 31.850452, 0.0)
(29.440586, 33.919331, 0.0)
(27.444788, 35.532021, 0.0)
(27.072908, 35.947266, 0.0)
(27.054045, 35.990299, 0.0)
(27.008743, 36.035740, 0.0)
(26.588175, 37.119934, 0.0)
(26.471050, 37.225670, 0.0)
(26.465536, 37.189743, 0.0)
(26.465626, 37.229786, 0.0)
(26.428125, 37.267086, 0.0)
(26.406921, 37.262405, 0.0)
(26.396652, 37.261295, 0.0)
(26.385525, 37.241150, 0.0)
(26.356445, 37.092873, 0.0)
(26.277411, 37.258236, 0.0)
(26.273979, 37.406525, 0.0)
(26.247135, 37.490929, 0.0)
(26.247471, 37.533138, 0.0)
(26.227341, 37.586197, 0.0)
(26.224361, 37.621368, 0.0)
(26.224253, 37.622555, 0.0)
(26.215780, 37.606766, 0.0)
(26.214260, 37.582821, 0.0)
(26.691740, 38.803692, 0.0)
(26.511555, 38.275421, 0.0)
(26.325581, 37.550934, 0.0)
(26.266127, 37.359665, 0.0)
(26.252567, 37.440590, 0.0)
(26.259861, 37.480553, 0.0)
(26.260557, 37.474377, 0.0)
(26.276995, 37.402462, 0.0)
(26.292814, 37.401913, 0.0)
(26.307978, 37.449539, 0.0)
(26.307873, 37.469711, 0.0)
(26.314974, 37.464676, 0.0)
(27.269051, 36.745998, 0.0)
(31.812618, 33.436031, 0.0)
(35.772617, 31.550821, 0.0)
(38.136105, 31.079716, 0.0)
(38.488979, 31.157059, 0.0)
(38.683285, 31.254457, 0.0)
(39.907314, 32.531155, 0.0)
(39.917419, 32.472675, 0.0)
(39.884815, 32.399067, 0.0)
(39.881439, 32.407955, 0.0)
(39.892101, 32.381870, 0.0)
(39.900017, 32.361526, 0.0)
(39.884769, 32.336758, 0.0)
(39.813755, 32.332726, 0.0)
(39.991940, 32.341118, 0.0)
(39.959797, 32.050915, 0.0)
(39.996201, 32.156471, 0.0)
(39.978916, 32.248436, 0.0)
(39.974308, 32.289837, 0.0)
(40.008636, 32.315475, 0.0)
(39.986610, 32.339104, 0.0)
(39.970921, 32.353825, 0.0)
(39.969128, 32.383224, 0.0)
(39.985168, 32.399063, 0.0)
(39.936871, 32.399956, 0.0)
(39.941635, 32.401489, 0.0)
(39.905792, 32.432709, 0.0)
(39.897007, 32.403961, 0.0)
(39.901524, 32.389832, 0.0)
(39.929882, 32.420727, 0.0)
(39.916542, 32.416908, 0.0)
(38.070286, 33.036091, 0.0)
(36.037060, 33.665367, 0.0)
(35.954979, 33.669617, 0.0)
(35.960423, 33.625221, 0.0)
(35.923069, 33.612564, 0.0)
(35.801884, 34.007122, 0.0)
(35.368336, 34.266190, 0.0)
(35.820583, 35.576218, 0.0)
(35.580673, 34.520630, 0.0)
(35.537518, 33.989315, 0.0)
(35.558418, 33.995747, 0.0)
(35.536526, 34.044247, 0.0)
(35.607353, 34.840549, 0.0)
(35.723679, 34.712132, 0.0)
(35.527603, 33.674179, 0.0)
(35.495308, 33.587128, 0.0)
(35.504810, 33.707363, 0.0)
(35.538326, 33.720234, 0.0)
(35.535004, 33.720238, 0.0)
(35.545830, 33.715553, 0.0)
(35.545441, 33.688061, 0.0)
(35.556164, 33.717369, 0.0)
(35.559288, 33.732891, 0.0)
(35.580845, 33.762981, 0.0)
(35.570263, 33.813171, 0.0)
(35.635410, 33.237961, 0.0)
(35.762684, 30.926928, 0.0)
(35.732502, 30.778841, 0.0)
(35.719398, 30.779865, 0.0)
(35.722748, 30.786478, 0.0)
(35.728867, 30.809994, 0.0)
(35.727512, 30.835125, 0.0)
(35.721252, 30.860540, 0.0)
(36.517876, 30.993097, 0.0)
(39.719746, 31.672558, 0.0)
(40.567722, 31.988358, 0.0)
(40.608604, 31.977697, 0.0)
(40.584892, 31.941433, 0.0)
(40.515968, 31.880934, 0.0)
(40.529682, 31.883066, 0.0)
(40.878277, 31.909758, 0.0)
(40.881977, 31.908699, 0.0)
(40.881691, 31.905815, 0.0)
(40.889370, 31.897013, 0.0)
(40.888329, 31.880848, 0.0)
(40.861031, 31.803452, 0.0)
(40.872986, 31.752441, 0.0)
(40.866211, 31.789213, 0.0)
(40.856106, 31.822638, 0.0)
(40.851040, 31.883890, 0.0)
(40.840645, 31.921658, 0.0)
(40.828545, 31.918566, 0.0)
(40.817860, 31.852308, 0.0)
(40.036369, 31.228689, 0.0)
(39.139507, 30.337309, 0.0)
(39.054531, 30.306101, 0.0)
(39.051754, 30.380070, 0.0)
(39.038719, 30.383467, 0.0)
(39.053833, 30.383821, 0.0)
(39.052601, 30.394470, 0.0)
(37.746304, 30.380745, 0.0)
(34.325314, 30.541960, 0.0)
(33.588406, 30.648233, 0.0)
(33.503185, 30.582253, 0.0)
(33.503349, 30.516104, 0.0)
(33.539967, 30.502535, 0.0)
(33.576694, 30.508558, 0.0)
(33.580109, 30.506218, 0.0)
(33.562687, 30.526812, 0.0)
(33.547565, 30.533972, 0.0)
(31.382759, 30.775585, 0.0)
(31.125771, 30.786978, 0.0)
(31.138542, 30.741108, 0.0)
(31.141365, 30.719868, 0.0)
(31.151968, 30.689495, 0.0)
(31.164623, 30.647154, 0.0)
(31.172268, 30.693464, 0.0)
(31.421637, 30.624063, 0.0)
(31.462194, 30.579990, 0.0)
(31.452202, 30.571507, 0.0)
(31.449774, 30.577370, 0.0)
(31.438391, 30.577654, 0.0)
(31.428915, 30.538933, 0.0)
(31.399864, 30.502888, 0.0)
(31.400023, 30.521509, 0.0)
(31.402538, 30.531727, 0.0)
(31.436918, 30.532394, 0.0)
(31.449770, 30.544498, 0.0)
(31.450031, 30.565651, 0.0)
(31.449152, 30.594566, 0.0)
(31.445374, 30.586809, 0.0)
(31.436470, 30.483707, 0.0)
(31.539436, 30.334549, 0.0)
(31.559223, 30.296768, 0.0)
(31.530151, 30.329725, 0.0)
(31.531139, 30.334753, 0.0)
(31.529295, 30.339602, 0.0)
(31.517981, 30.361275, 0.0)
(31.515675, 30.381212, 0.0)
(31.523670, 30.343746, 0.0)
(31.524197, 30.333349, 0.0)
(31.527927, 30.341860, 0.0)
(31.552940, 30.342737, 0.0)
(31.543257, 30.348886, 0.0)
(31.565565, 30.366766, 0.0)
(31.545368, 30.369230, 0.0)
(31.544933, 30.383080, 0.0)
(30.828159, 30.211472, 0.0)
(28.366484, 29.280724, 0.0)
(28.038635, 29.092209, 0.0)
(28.027582, 29.094831, 0.0)
(28.002033, 29.093861, 0.0)
(27.982201, 29.073681, 0.0)
(27.978010, 29.093136, 0.0)
(27.899334, 29.143774, 0.0)
(27.883524, 29.141670, 0.0)
(27.879023, 29.104174, 0.0)
(27.868330, 29.070768, 0.0)
(28.014067, 28.877460, 0.0)
(28.014595, 28.826624, 0.0)
(28.004950, 28.876869, 0.0)
(27.994167, 28.886309, 0.0)
(27.924990, 28.943626, 0.0)
(27.914150, 28.953133, 0.0)
(27.907433, 28.973526, 0.0)
(27.881788, 29.010618, 0.0)
(27.883101, 29.041851, 0.0)
(27.883987, 29.061241, 0.0)
(27.969366, 29.082850, 0.0)
(27.988251, 29.087717, 0.0)
(27.981630, 29.105583, 0.0)
(27.961864, 29.099300, 0.0)
(27.953173, 29.152872, 0.0)
(27.925417, 29.196238, 0.0)
(27.672203, 29.332035, 0.0)
(27.592566, 29.375622, 0.0)
(27.585205, 29.367025, 0.0)
(27.605579, 29.316656, 0.0)
(27.578485, 29.253223, 0.0)
(27.545023, 29.283371, 0.0)
(27.542892, 29.328213, 0.0)
(27.539309, 29.331486, 0.0)
(27.546104, 29.371796, 0.0)
(27.548582, 29.383883, 0.0)
(27.533606, 29.352026, 0.0)
(28.644745, 29.647415, 0.0)
(33.074314, 31.574087, 0.0)
(36.598953, 33.938461, 0.0)
(37.603485, 34.916939, 0.0)
(37.601734, 35.263348, 0.0)
(37.598892, 35.259884, 0.0)
(37.584908, 35.283890, 0.0)
(37.600613, 35.289116, 0.0)
(37.280861, 35.784252, 0.0)
(37.192593, 35.860870, 0.0)
(37.215164, 35.932903, 0.0)
(37.230843, 35.861984, 0.0)
(37.221199, 35.831291, 0.0)
(37.226315, 35.838005, 0.0)
(37.213608, 35.853088, 0.0)
(37.224678, 35.914062, 0.0)
(37.339947, 36.277306, 0.0)
(37.337738, 36.349525, 0.0)
(37.323284, 36.333992, 0.0)
(37.309139, 36.355167, 0.0)
(37.305622, 36.334499, 0.0)
(37.309525, 36.358063, 0.0)
(37.318848, 36.380081, 0.0)
(37.317154, 36.375488, 0.0)
(37.594944, 34.967873, 0.0)
(38.205662, 33.268158, 0.0)
(38.199093, 33.185818, 0.0)
(38.181194, 33.211617, 0.0)
(38.160942, 33.238689, 0.0)
(38.144882, 33.234604, 0.0)
(38.107479, 33.219341, 0.0)
(38.130577, 33.197754, 0.0)
(38.118637, 33.208721, 0.0)
(38.106541, 33.236408, 0.0)
(38.110348, 33.267658, 0.0)
(38.098732, 33.282627, 0.0)
(38.110336, 33.272968, 0.0)
(38.101269, 33.259651, 0.0)
(39.240768, 33.024426, 0.0)
(40.938484, 32.553532, 0.0)
(40.980560, 32.468342, 0.0)
(40.892372, 32.552929, 0.0)
(40.853321, 32.538536, 0.0)
(40.798641, 32.529678, 0.0)
(40.801670, 32.541046, 0.0)
(40.801849, 32.520206, 0.0)
(40.782314, 32.502880, 0.0)
(40.785805, 32.477676, 0.0)
(40.814957, 32.492752, 0.0)
(40.807034, 32.459370, 0.0)
(40.791065, 32.446522, 0.0)
(40.801311, 32.484501, 0.0)
(40.790314, 32.512280, 0.0)
(40.789448, 32.431351, 0.0)
(40.654438, 31.508640, 0.0)
(40.522110, 30.938196, 0.0)
(40.513206, 30.939217, 0.0)
(40.491318, 30.941492, 0.0)
(40.477493, 30.968765, 0.0)
(40.463203, 31.020885, 0.0)
(40.438438, 31.025101, 0.0)
(40.412376, 31.036589, 0.0)
(40.434959, 31.034355, 0.0)
(40.398994, 31.007607, 0.0)
(40.411247, 31.013571, 0.0)
(40.378956, 30.998795, 0.0)
(40.374855, 30.990139, 0.0)
(40.387981, 31.042881, 0.0)
(40.062603, 30.817944, 0.0)
(39.563511, 30.151947, 0.0)
(39.547447, 30.084171, 0.0)
(39.579113, 30.096272, 0.0)
(39.573227, 30.121937, 0.0)
(39.593342, 30.143623, 0.0)
(39.590836, 30.125412, 0.0)
(39.582596, 30.133772, 0.0)
(39.193684, 30.111372, 0.0)
(36.563293, 29.602104, 0.0)
(36.581654, 29.602888, 0.0)
(36.625336, 29.523649, 0.0)
(36.634846, 29.488878, 0.0)
(36.638874, 29.488667, 0.0)
(36.662613, 29.496010, 0.0)
(36.665443, 29.486204, 0.0)
(36.668888, 29.466063, 0.0)
(36.708584, 29.462069, 0.0)
(36.699287, 29.425783, 0.0)
(36.692787, 29.366762, 0.0)
(36.719540, 29.372803, 0.0)
(36.725410, 29.366817, 0.0)
(36.927341, 29.549686, 0.0)
(36.973736, 29.570604, 0.0)
(36.964931, 29.565128, 0.0)
(36.958401, 29.561064, 0.0)
(36.969719, 29.572287, 0.0)
(36.984467, 29.586720, 0.0)
(36.972958, 29.605963, 0.0)
(36.895824, 29.600590, 0.0)
(35.811535, 29.082958, 0.0)
(35.656006, 29.004206, 0.0)
(35.672523, 28.983810, 0.0)
(35.665932, 28.956198, 0.0)
(35.656471, 28.883024, 0.0)
(35.655094, 28.856871, 0.0)
(35.651264, 28.848806, 0.0)
(35.609962, 28.795340, 0.0)
(35.581539, 28.794048, 0.0)
(35.563927, 28.806885, 0.0)
(35.574467, 28.841898, 0.0)
(35.570007, 28.857841, 0.0)
(35.551830, 28.891829, 0.0)
(35.521999, 28.874098, 0.0)
(35.508797, 28.852240, 0.0)
(35.458286, 28.953947, 0.0)
(33.010147, 30.876923, 0.0)
(32.125301, 32.969395, 0.0)
(32.016949, 33.039387, 0.0)
(31.953573, 32.941463, 0.0)
(31.887896, 32.917160, 0.0)
(31.855408, 32.946003, 0.0)
(31.861929, 33.597931, 0.0)
(31.833075, 33.670307, 0.0)
(31.790653, 33.646114, 0.0)
(31.760487, 33.603157, 0.0)
(31.705240, 33.577606, 0.0)
(31.709499, 33.602970, 0.0)
(31.700912, 33.651501, 0.0)
(31.689779, 33.638344, 0.0)
(31.685802, 33.658703, 0.0)
(31.668518, 33.664890, 0.0)
(31.649576, 33.655724, 0.0)
(31.678497, 33.647823, 0.0)
(31.668127, 33.639935, 0.0)
(31.662333, 33.644581, 0.0)
(31.665859, 33.682198, 0.0)
(31.653452, 33.704746, 0.0)
(31.614626, 33.699604, 0.0)
(31.608360, 33.704994, 0.0)
(31.623352, 33.739777, 0.0)
(31.589121, 33.787643, 0.0)
(31.576433, 33.793282, 0.0)
(31.562696, 33.820499, 0.0)
(31.570841, 33.840279, 0.0)
(31.527605, 33.798664, 0.0)
(31.503443, 33.771503, 0.0)
(31.501158, 33.772823, 0.0)
(31.505676, 33.793205, 0.0)
(31.531673, 33.788960, 0.0)
(31.538412, 33.790768, 0.0)
(31.512615, 33.776939, 0.0)
(31.500179, 33.765728, 0.0)
(31.489613, 33.776794, 0.0)
(31.633928, 33.764011, 0.0)
(35.466145, 32.478573, 0.0)
(38.168514, 31.509012, 0.0)
(39.065434, 31.176634, 0.0)
(39.004456, 31.150200, 0.0)
(38.962036, 31.167440, 0.0)
(38.959343, 31.184572, 0.0)
(39.636162, 31.266953, 0.0)
(39.645199, 31.310040, 0.0)
(39.603798, 31.244444, 0.0)
(39.607449, 31.199806, 0.0)
(39.622055, 31.151875, 0.0)
(39.658787, 31.168310, 0.0)
(39.654503, 31.173271, 0.0)
(39.650791, 31.175322, 0.0)
(39.687500, 31.196381, 0.0)
(39.686111, 31.192186, 0.0)
(39.678398, 31.194523, 0.0)
(39.654957, 31.217644, 0.0)
(39.653419, 31.206648, 0.0)
(39.658577, 31.186920, 0.0)
(39.533833, 31.123421, 0.0)
(38.505524, 30.659874, 0.0)
(38.386150, 30.584915, 0.0)
(38.405579, 30.572308, 0.0)
(38.385826, 30.613180, 0.0)
(38.380211, 30.609325, 0.0)
(38.367805, 30.580200, 0.0)
(38.368252, 30.556473, 0.0)
(38.376163, 30.592285, 0.0)
(38.376457, 30.600279, 0.0)
(38.382206, 30.624611, 0.0)
(38.382908, 30.619593, 0.0)
(38.374626, 30.621315, 0.0)
(38.375355, 30.605623, 0.0)
(38.379124, 30.605377, 0.0)
(38.381363, 30.590815, 0.0)
(36.104374, 30.282209, 0.0)
(31.862957, 29.941742, 0.0)
(29.738230, 29.999304, 0.0)
(29.630888, 29.952230, 0.0)
(29.659985, 29.903532, 0.0)
(29.319117, 29.754864, 0.0)
(29.209396, 29.677902, 0.0)
(29.196583, 29.636780, 0.0)
(29.158855, 29.568829, 0.0)
(29.182449, 29.504509, 0.0)
(29.183611, 29.495132, 0.0)
(29.193691, 29.510427, 0.0)
(29.193239, 29.516260, 0.0)
(29.163877, 29.511959, 0.0)
(29.149233, 29.496754, 0.0)
(29.148937, 29.494238, 0.0)
(29.143885, 29.486071, 0.0)
(29.150751, 29.499462, 0.0)
(29.139793, 29.550749, 0.0)
(29.127138, 29.595716, 0.0)
(29.121901, 29.612812, 0.0)
(29.323620, 29.594521, 0.0)
(29.360830, 29.538462, 0.0)
(29.344454, 29.560913, 0.0)
(29.352270, 29.602585, 0.0)
(29.336353, 29.613916, 0.0)
(29.305355, 29.702026, 0.0)
(29.281494, 29.746716, 0.0)
(29.234426, 29.728363, 0.0)
(29.224236, 29.705751, 0.0)
(29.265684, 29.723963, 0.0)
(29.287683, 29.721104, 0.0)
(29.274187, 29.713051, 0.0)
(29.256800, 29.706985, 0.0)
(29.248190, 29.696482, 0.0)
(29.248190, 29.696482, 0.0)
(29.238211, 29.701920, 0.0)
(29.234392, 29.707693, 0.0)
(29.242954, 29.726900, 0.0)
(28.554808, 29.934855, 0.0)
(26.209196, 30.416286, 0.0)
(25.697224, 30.489307, 0.0)
(25.643776, 30.514462, 0.0)
(25.628738, 30.523489, 0.0)
(25.594498, 30.553185, 0.0)
(25.535553, 30.592705, 0.0)
(25.546530, 30.579317, 0.0)
(25.532167, 30.496044, 0.0)
(25.310263, 30.667656, 0.0)
(25.175673, 30.775122, 0.0)
(25.174154, 30.764164, 0.0)
(25.139860, 30.806450, 0.0)
(25.146154, 30.799742, 0.0)
(25.138468, 30.807859, 0.0)
(25.120417, 30.831682, 0.0)
(25.128859, 30.827412, 0.0)
(25.133286, 30.837452, 0.0)
(25.122869, 30.814201, 0.0)
(25.103991, 30.778790, 0.0)
(25.129728, 30.728334, 0.0)
(25.149122, 30.718382, 0.0)
(25.158360, 30.744081, 0.0)
(25.127123, 30.756134, 0.0)
(25.246977, 30.853189, 0.0)
(25.887630, 31.266541, 0.0)
(25.891708, 31.278490, 0.0)
(25.815046, 31.257288, 0.0)
(25.832050, 31.217403, 0.0)
(25.836164, 31.237030, 0.0)
(25.843748, 31.249548, 0.0)
(25.851990, 31.259754, 0.0)
(25.863047, 31.264717, 0.0)
(25.847305, 31.256559, 0.0)
(25.843748, 31.249548, 0.0)
(25.855673, 31.250959, 0.0)
(25.863716, 31.231297, 0.0)
(28.894777, 30.441856, 0.0)
(33.340862, 29.971354, 0.0)
(35.534897, 30.001295, 0.0)
(35.603889, 29.921152, 0.0)
(35.568317, 29.909328, 0.0)
(35.560818, 29.894493, 0.0)
(35.020782, 29.739264, 0.0)
(34.993031, 29.739044, 0.0)
(35.005779, 29.729952, 0.0)
(35.025768, 29.718950, 0.0)
(35.066410, 29.701836, 0.0)
(35.025620, 29.737886, 0.0)
(35.012466, 29.805597, 0.0)
(35.040337, 29.828394, 0.0)
(35.034286, 29.836498, 0.0)
(35.028679, 29.789726, 0.0)
(35.018513, 29.744978, 0.0)
(35.034126, 29.701363, 0.0)
(35.041382, 29.679691, 0.0)
(35.055592, 29.669058, 0.0)
(35.022591, 29.700310, 0.0)
(34.960125, 29.709326, 0.0)
(34.988293, 29.698620, 0.0)
(34.995472, 29.692503, 0.0)
(35.002628, 29.679678, 0.0)
(34.958698, 29.599442, 0.0)
(34.957027, 29.594524, 0.0)
(34.943226, 29.585558, 0.0)
(34.923424, 29.608896, 0.0)
(34.915001, 29.624269, 0.0)
(34.908321, 29.624018, 0.0)
(34.508705, 29.922403, 0.0)
(34.289577, 30.115396, 0.0)
(34.282623, 30.099552, 0.0)
(34.241291, 30.033930, 0.0)
(34.232620, 30.002245, 0.0)
(34.262260, 29.989975, 0.0)
(34.261940, 29.999699, 0.0)
(33.721378, 30.493198, 0.0)
(31.374575, 32.408756, 0.0)
(30.102774, 33.815666, 0.0)
(29.915173, 33.945621, 0.0)
(29.915911, 33.832226, 0.0)
(29.880539, 33.806412, 0.0)
(30.099842, 33.856083, 0.0)
(33.034824, 33.716953, 0.0)
(33.128487, 33.656651, 0.0)
(33.051380, 33.621506, 0.0)
(32.925087, 33.758064, 0.0)
(30.816776, 35.968700, 0.0)
(29.149393, 37.088215, 0.0)
(29.029383, 37.116268, 0.0)
(28.983774, 37.128357, 0.0)
(28.904493, 37.215935, 0.0)
(28.214289, 37.602474, 0.0)
(28.163687, 37.649097, 0.0)
(28.172298, 37.657101, 0.0)
(28.174219, 37.671326, 0.0)
(28.180904, 37.671326, 0.0)
(28.182377, 37.667843, 0.0)
(28.164703, 37.677948, 0.0)
(28.171772, 37.610577, 0.0)
(28.161850, 37.596493, 0.0)
(28.170782, 37.630486, 0.0)
(28.174046, 37.641109, 0.0)
(28.189493, 37.674763, 0.0)
(28.117645, 37.665607, 0.0)
(28.097624, 37.665981, 0.0)
(28.111769, 37.583572, 0.0)
(28.064018, 36.015652, 0.0)
(27.958599, 35.322563, 0.0)
(27.924231, 35.368080, 0.0)
(27.858290, 35.427376, 0.0)
(27.849031, 35.484077, 0.0)
(27.806887, 35.539070, 0.0)
(28.634241, 34.146778, 0.0)
(31.201759, 30.053997, 0.0)
(31.151806, 29.045065, 0.0)
(31.097395, 29.033669, 0.0)
(31.066017, 29.071520, 0.0)
(31.039343, 29.025942, 0.0)
(31.004293, 29.033199, 0.0)
(31.011011, 29.004030, 0.0)
(31.012922, 29.055563, 0.0)
(31.004885, 29.062946, 0.0)
(31.018887, 29.021069, 0.0)
(31.010405, 29.044565, 0.0)
(30.999336, 29.010239, 0.0)
(31.006981, 28.917482, 0.0)
(31.014206, 28.844234, 0.0)
(31.010468, 28.817879, 0.0)
(31.026255, 28.823622, 0.0)
(31.028269, 28.853109, 0.0)
(31.009653, 28.888002, 0.0)
(31.009787, 28.916954, 0.0)
(31.000463, 28.913641, 0.0)
(30.989941, 28.888237, 0.0)
(30.980389, 28.900314, 0.0)
(31.180071, 29.059319, 0.0)
(31.189762, 29.161623, 0.0)
(31.167198, 29.163298, 0.0)
(31.166620, 29.145998, 0.0)
(31.169477, 29.188326, 0.0)
(31.169477, 29.188326, 0.0)
(31.163536, 29.183323, 0.0)
(31.143454, 29.182697, 0.0)
(31.118553, 29.170151, 0.0)
(31.097231, 29.134329, 0.0)
(31.107691, 29.103180, 0.0)
(31.128111, 29.141840, 0.0)
(31.132248, 29.138870, 0.0)
(31.124891, 29.181849, 0.0)
(31.134413, 29.197660, 0.0)
(33.350342, 29.926519, 0.0)
(37.290173, 31.748178, 0.0)
(39.225433, 32.204048, 0.0)
(39.287022, 32.113304, 0.0)
(39.264786, 32.109447, 0.0)
(39.231232, 32.077271, 0.0)
(39.220188, 32.076447, 0.0)
(39.214481, 32.030819, 0.0)
(39.071053, 31.925346, 0.0)
(39.128944, 32.473965, 0.0)
(39.315166, 32.074726, 0.0)
(39.202953, 31.676924, 0.0)
(39.267586, 31.645149, 0.0)
(39.294025, 31.721025, 0.0)
(39.317574, 31.776342, 0.0)
(39.304245, 31.816574, 0.0)
(39.328804, 31.909758, 0.0)
(39.344627, 31.993633, 0.0)
(39.359589, 32.046391, 0.0)
(39.344547, 32.028984, 0.0)
(39.321648, 32.013699, 0.0)
(39.295021, 32.026203, 0.0)
(39.300251, 32.026558, 0.0)
(38.116341, 31.549505, 0.0)
(37.651310, 31.344450, 0.0)
(37.641201, 31.315580, 0.0)
(37.682491, 31.327625, 0.0)
(37.704243, 31.320778, 0.0)
(37.701542, 31.287027, 0.0)
(37.698807, 31.288849, 0.0)
(37.686325, 31.327353, 0.0)
(37.662094, 31.255901, 0.0)
(37.668388, 31.256262, 0.0)
(37.696373, 31.257385, 0.0)
(37.721737, 31.266401, 0.0)
(37.715214, 31.258162, 0.0)
(36.494743, 30.694036, 0.0)
(36.433399, 30.653835, 0.0)
(36.446236, 30.640833, 0.0)
(36.432873, 30.648651, 0.0)
(36.411953, 30.636963, 0.0)
(36.407845, 30.640018, 0.0)
(36.405575, 30.629141, 0.0)
(36.530289, 30.614340, 0.0)
(36.572021, 30.629780, 0.0)
(36.569157, 30.639158, 0.0)
(36.574169, 30.616051, 0.0)
(36.567318, 30.601938, 0.0)
(36.529449, 30.620058, 0.0)
(36.503746, 30.585476, 0.0)
(36.517834, 30.571844, 0.0)
(36.555130, 30.579439, 0.0)
(36.562717, 30.586538, 0.0)
(36.562717, 30.586538, 0.0)
(36.558708, 30.589378, 0.0)
(36.536915, 30.577988, 0.0)
(36.517056, 30.566406, 0.0)
(36.517899, 30.564539, 0.0)
(36.230137, 30.528629, 0.0)
(35.695534, 30.204111, 0.0)
(35.612038, 30.143391, 0.0)
(35.612038, 30.143391, 0.0)
(35.627113, 30.103210, 0.0)
(35.608578, 30.123987, 0.0)
(34.944057, 30.039352, 0.0)
(34.039604, 29.858738, 0.0)
(33.981239, 29.854008, 0.0)
(33.948540, 29.848616, 0.0)
(33.938267, 29.810764, 0.0)
(33.938118, 29.807375, 0.0)
(34.380756, 29.775984, 0.0)
(35.890358, 29.916355, 0.0)
(35.968990, 29.963078, 0.0)
(35.925735, 30.000759, 0.0)
(35.880383, 29.998400, 0.0)
(35.845230, 30.018091, 0.0)
(35.343307, 30.018965, 0.0)
(32.120049, 30.266491, 0.0)
(31.228371, 30.466528, 0.0)
(29.339846, 31.376301, 0.0)
(26.875340, 33.487473, 0.0)
(25.559317, 34.828724, 0.0)
(25.374805, 34.896866, 0.0)
(25.382364, 34.892963, 0.0)
(25.355669, 34.905010, 0.0)
(25.353157, 34.895927, 0.0)
(25.341040, 35.415508, 0.0)
(25.307816, 35.708145, 0.0)
(25.264862, 35.709206, 0.0)
(25.272301, 35.658047, 0.0)
(25.289288, 35.646503, 0.0)
(25.311445, 35.675896, 0.0)
(25.297070, 35.678249, 0.0)
(25.304146, 35.704170, 0.0)
(25.293249, 35.700214, 0.0)
(25.255554, 35.711601, 0.0)
(25.253031, 35.680397, 0.0)
(25.239380, 35.632915, 0.0)
(25.253174, 35.641151, 0.0)
(25.259583, 35.645611, 0.0)
(25.703665, 35.038136, 0.0)
(26.268122, 34.401318, 0.0)
(26.262424, 34.396534, 0.0)
(26.237080, 34.419258, 0.0)
(26.213987, 34.420673, 0.0)
(26.199713, 34.400242, 0.0)
(26.156773, 34.421165, 0.0)
(26.134926, 34.406586, 0.0)
(26.127956, 34.429600, 0.0)
(26.629827, 33.866768, 0.0)
(27.354397, 33.067902, 0.0)
(27.404093, 32.999718, 0.0)
(27.375950, 33.047516, 0.0)
(27.630762, 32.944740, 0.0)
(31.312428, 31.265064, 0.0)
(34.013199, 30.681664, 0.0)
(34.136932, 30.649977, 0.0)
(34.095566, 30.625435, 0.0)
(34.079002, 30.603472, 0.0)
(33.461918, 31.114262, 0.0)
(29.912003, 34.070877, 0.0)
(28.880169, 35.459522, 0.0)
(29.194569, 35.673531, 0.0)
(34.279732, 36.241928, 0.0)
(37.629272, 36.496819, 0.0)
(38.146507, 36.387905, 0.0)
(38.135990, 36.388920, 0.0)
(38.129234, 36.391659, 0.0)
(39.038200, 36.366825, 0.0)
(39.906971, 36.041267, 0.0)
(39.951294, 36.019665, 0.0)
(39.912045, 36.023556, 0.0)
(39.895245, 36.006367, 0.0)
(39.869656, 35.998699, 0.0)
(39.853115, 36.020882, 0.0)
(39.831551, 36.026768, 0.0)
(39.835209, 36.049232, 0.0)
(39.831280, 36.049099, 0.0)
(37.593544, 34.289413, 0.0)
(36.494850, 32.827717, 0.0)
(34.979153, 32.457100, 0.0)
(32.136726, 33.380177, 0.0)
(31.826998, 33.474316, 0.0)
(31.859587, 33.494858, 0.0)
(31.829258, 33.540039, 0.0)
(31.831150, 33.563019, 0.0)
(32.496174, 33.734165, 0.0)
(36.878914, 34.542912, 0.0)
(38.830112, 35.591652, 0.0)
(38.847004, 35.515091, 0.0)
(38.837105, 35.476532, 0.0)
(38.005672, 32.371227, 0.0)
(37.896584, 31.873579, 0.0)
(37.874786, 31.905132, 0.0)
(37.847950, 31.927841, 0.0)
(37.846027, 31.906870, 0.0)
(37.807949, 31.867161, 0.0)
(37.825253, 31.851532, 0.0)
(37.882820, 31.839508, 0.0)
(37.872326, 31.829248, 0.0)
(37.862183, 31.808783, 0.0)
(37.867874, 31.789877, 0.0)
(37.897594, 31.811394, 0.0)
(37.904694, 31.822140, 0.0)
(37.897919, 31.808632, 0.0)
(37.908539, 31.751509, 0.0)
(37.911747, 31.748775, 0.0)
(37.902771, 31.726627, 0.0)
(37.139515, 31.242165, 0.0)
(36.586586, 30.598698, 0.0)
(36.574066, 30.597193, 0.0)
(36.567799, 30.659494, 0.0)
(36.582340, 30.682375, 0.0)
(36.569115, 30.663685, 0.0)
(36.577629, 30.646872, 0.0)
(35.253345, 29.960491, 0.0)
(34.683117, 29.378841, 0.0)
(34.668274, 29.328363, 0.0)
(34.668541, 29.358267, 0.0)
(34.659309, 29.347498, 0.0)
(34.889824, 29.296709, 0.0)
(36.228546, 29.180119, 0.0)
(36.308723, 29.130287, 0.0)
(36.230614, 29.116055, 0.0)
(36.211346, 29.125195, 0.0)
(36.187202, 29.131346, 0.0)
(36.185753, 29.119621, 0.0)
(36.192101, 29.101240, 0.0)
(33.205864, 30.012838, 0.0)
(29.576927, 31.823299, 0.0)
(27.213596, 33.026459, 0.0)
(26.414225, 34.781170, 0.0)
(26.119368, 35.924179, 0.0)
(25.983259, 36.086811, 0.0)
(25.897684, 36.148746, 0.0)
(25.852446, 36.182629, 0.0)
(25.838259, 36.190548, 0.0)
(25.602236, 36.385124, 0.0)
(25.405167, 36.437229, 0.0)
(25.379522, 36.434185, 0.0)
(25.382257, 36.432800, 0.0)
(25.371954, 36.478027, 0.0)
(25.369226, 36.503445, 0.0)
(25.345123, 36.518707, 0.0)
(25.358812, 36.508713, 0.0)
(25.327217, 36.542477, 0.0)
(25.319502, 36.452011, 0.0)
(0.000000, 0.000000, 1.0)
(26.220375, 37.143269, 0.0)
(25.831882, 35.455421, 0.0)
(25.680819, 34.987350, 0.0)
(25.718771, 34.968422, 0.0)
(25.659039, 35.040844, 0.0)
(25.660696, 35.087013, 0.0)
(25.678148, 35.118282, 0.0)
(25.682564, 35.130665, 0.0)
(25.699623, 35.101406, 0.0)
(25.744238, 35.040096, 0.0)
(25.754128, 35.066772, 0.0)
(25.769783, 35.057758, 0.0)
(25.774231, 35.046589, 0.0)
(27.534657, 32.426628, 0.0)
(28.025778, 31.126892, 0.0)
(27.966162, 31.114035, 0.0)
(27.891516, 31.141996, 0.0)
(27.859041, 31.142851, 0.0)
(27.863575, 31.124569, 0.0)
(27.763908, 31.151611, 0.0)
(27.575472, 31.109303, 0.0)
(27.541443, 31.082548, 0.0)
(27.514717, 31.066313, 0.0)
(27.510471, 31.038393, 0.0)
(27.534670, 31.042196, 0.0)
(27.542969, 31.054192, 0.0)
(27.538544, 31.066299, 0.0)
(27.529423, 31.046400, 0.0)
(27.542994, 31.053465, 0.0)
(28.850485, 30.560705, 0.0)
(29.272415, 30.390957, 0.0)
(29.255531, 30.367140, 0.0)
(29.228027, 30.366642, 0.0)
(29.204004, 30.365103, 0.0)
(29.203722, 30.350094, 0.0)
(29.198051, 30.352406, 0.0)
(28.270836, 30.060171, 0.0)
(28.081743, 29.861870, 0.0)
(28.071009, 29.868696, 0.0)
(28.062637, 29.890917, 0.0)
(28.050640, 29.896744, 0.0)
(28.036211, 29.877775, 0.0)
(28.038250, 29.877684, 0.0)
(28.042980, 29.870693, 0.0)
(28.038084, 29.872608, 0.0)
(28.038250, 29.877684, 0.0)
(28.038250, 29.877684, 0.0)
(28.040207, 29.906754, 0.0)
(28.070473, 29.961493, 0.0)
(28.064562, 29.986214, 0.0)
(28.066319, 29.986181, 0.0)
(28.911280, 30.080145, 0.0)
(33.122917, 31.027216, 0.0)
(35.022606, 32.330399, 0.0)
(35.081078, 32.374065, 0.0)
(35.052147, 32.333298, 0.0)
(35.023396, 32.342857, 0.0)
(34.941040, 32.247730, 0.0)
(35.123283, 33.321339, 0.0)
(34.994377, 32.479301, 0.0)
(34.973106, 32.372875, 0.0)
(35.054100, 32.492958, 0.0)
(35.043549, 32.530556, 0.0)
(35.077801, 32.546612, 0.0)
(35.097301, 32.611217, 0.0)
(35.109737, 32.634987, 0.0)
(35.089951, 32.627964, 0.0)
(35.093529, 32.641369, 0.0)
(35.088902, 32.659817, 0.0)
(35.892780, 32.261776, 0.0)
(36.032909, 32.017582, 0.0)
(36.023739, 32.025928, 0.0)
(36.043903, 32.043518, 0.0)
(36.030437, 32.044693, 0.0)
(36.056206, 32.046692, 0.0)
(36.229744, 32.007114, 0.0)
(37.071243, 31.602953, 0.0)
(37.104164, 31.528812, 0.0)
(37.096111, 31.519249, 0.0)
(37.090485, 31.530527, 0.0)
(37.081745, 31.522446, 0.0)
(37.053261, 31.525496, 0.0)
(37.043018, 31.532969, 0.0)
(37.053261, 31.525496, 0.0)
(37.050209, 31.551384, 0.0)
(37.045860, 31.537588, 0.0)
(36.980167, 31.399309, 0.0)
(34.810642, 28.935080, 0.0)
(32.548107, 27.686544, 0.0)
(32.523064, 27.681305, 0.0)
(32.525772, 27.692104, 0.0)
(32.493767, 27.676643, 0.0)
(32.476242, 27.676323, 0.0)
(32.465885, 27.714121, 0.0)
(32.676243, 27.604694, 0.0)
(32.660519, 27.561140, 0.0)
(32.657997, 27.558975, 0.0)
(32.673008, 27.570967, 0.0)
(32.687408, 27.570976, 0.0)
(32.699474, 27.574915, 0.0)
(32.666424, 27.580679, 0.0)
(32.642979, 27.580559, 0.0)
(32.618313, 27.629248, 0.0)
(32.644802, 27.680216, 0.0)
(32.668079, 27.748011, 0.0)
(32.688755, 27.791550, 0.0)
(32.677460, 27.823692, 0.0)
(32.867310, 28.196608, 0.0)
(32.832523, 28.298681, 0.0)
(32.815666, 28.306870, 0.0)
(32.827488, 28.286976, 0.0)
(32.848728, 28.276770, 0.0)
(32.852318, 28.258221, 0.0)
(32.834812, 28.241482, 0.0)
(32.819504, 28.211809, 0.0)
(32.829990, 28.215483, 0.0)
(32.784279, 28.217501, 0.0)
(32.764645, 28.232878, 0.0)
(32.764645, 28.232878, 0.0)
(32.782795, 28.242104, 0.0)
(32.796909, 28.176310, 0.0)
(32.811333, 28.191568, 0.0)
(32.801170, 28.180372, 0.0)
(32.773922, 28.163267, 0.0)
(32.754547, 28.223265, 0.0)
(34.445370, 29.027246, 0.0)
(37.676250, 30.660793, 0.0)
(38.607414, 30.543459, 0.0)
(38.640949, 30.509380, 0.0)
(38.740002, 29.527348, 0.0)
(38.829380, 28.813341, 0.0)
(38.775208, 28.818377, 0.0)
(38.719242, 28.881065, 0.0)
(38.710392, 28.868446, 0.0)
(38.688183, 28.915812, 0.0)
(38.678974, 28.904819, 0.0)
(38.679657, 28.890942, 0.0)
(38.664627, 28.851006, 0.0)
(38.891178, 29.187513, 0.0)
(38.879307, 29.221914, 0.0)
(38.855110, 29.212059, 0.0)
(38.853775, 29.216881, 0.0)
(38.836124, 29.200621, 0.0)
(38.811008, 29.211010, 0.0)
(38.810669, 29.199266, 0.0)
(38.790077, 29.097788, 0.0)
(38.812317, 29.087328, 0.0)
(38.832050, 29.130613, 0.0)
(38.829365, 29.133615, 0.0)
(38.834751, 29.188236, 0.0)
(38.822510, 29.197737, 0.0)
(38.779392, 29.124516, 0.0)
(38.777847, 29.128794, 0.0)
(38.784954, 29.100111, 0.0)
(38.784714, 29.098839, 0.0)
(38.754406, 29.080755, 0.0)
(38.758511, 29.096870, 0.0)
(38.737621, 29.041336, 0.0)
(38.730179, 29.057562, 0.0)
(38.733208, 29.084724, 0.0)
(38.696274, 29.083399, 0.0)
(38.585773, 29.229845, 0.0)
(37.736027, 30.205706, 0.0)
(37.704853, 30.203152, 0.0)
(37.725243, 30.149424, 0.0)
(37.743973, 30.188744, 0.0)
(37.779240, 30.227177, 0.0)
(37.787193, 30.261307, 0.0)
(37.783001, 30.268372, 0.0)
(37.790264, 30.282501, 0.0)
(37.800625, 30.294853, 0.0)
(37.813660, 30.281460, 0.0)
(37.828602, 30.298710, 0.0)
(37.852951, 30.283512, 0.0)
(37.867069, 30.272205, 0.0)
(37.856522, 30.257805, 0.0)
(37.890827, 30.241354, 0.0)
(37.882637, 30.260075, 0.0)
(37.664890, 30.447247, 0.0)
(37.642220, 30.476572, 0.0)
(37.642071, 30.447741, 0.0)
(37.634785, 30.451534, 0.0)
(37.653103, 30.449875, 0.0)
(37.637489, 30.387590, 0.0)
(37.627144, 30.357218, 0.0)
(37.630970, 30.368826, 0.0)
(37.646423, 30.396803, 0.0)
(37.658669, 30.426302, 0.0)
(37.653328, 30.439560, 0.0)
(37.565437, 30.449310, 0.0)
(36.745846, 30.255636, 0.0)
(36.681503, 30.230385, 0.0)
(36.706200, 30.226400, 0.0)
(36.696560, 30.196260, 0.0)
(36.702457, 30.184568, 0.0)
(36.697697, 30.172024, 0.0)
(36.665909, 30.206646, 0.0)
(36.656494, 30.237007, 0.0)
(36.649715, 30.233873, 0.0)
(36.623180, 30.232798, 0.0)
(33.740421, 31.485485, 0.0)
(30.449295, 33.370277, 0.0)
(28.628632, 34.162457, 0.0)
(28.003193, 35.346741, 0.0)
(27.790195, 36.067398, 0.0)
(27.755373, 36.140884, 0.0)
(27.739174, 36.131466, 0.0)
(27.682209, 36.190086, 0.0)
(27.642557, 36.167377, 0.0)
(27.636965, 36.165283, 0.0)
(27.959190, 35.995293, 0.0)
(28.030724, 35.945206, 0.0)
(28.013512, 35.919193, 0.0)
(27.986076, 35.935108, 0.0)
(27.974726, 35.928009, 0.0)
(27.944050, 35.956314, 0.0)
(27.958487, 35.968533, 0.0)
(27.936224, 35.970337, 0.0)
(27.904945, 35.967613, 0.0)
(27.897898, 35.964603, 0.0)
(27.897030, 35.919983, 0.0)
(27.890739, 35.900593, 0.0)
(27.889717, 35.894081, 0.0)
(28.343702, 34.944099, 0.0)
(29.018480, 33.520447, 0.0)
(28.989502, 33.343441, 0.0)
(28.924990, 33.360603, 0.0)
(28.917509, 33.364838, 0.0)
(28.872799, 33.397030, 0.0)
(28.807014, 33.203739, 0.0)
(28.825544, 31.434237, 0.0)
(28.665792, 31.066109, 0.0)
(28.665852, 31.132250, 0.0)
(28.587254, 31.227798, 0.0)
(28.547401, 31.274351, 0.0)
(28.534317, 31.332581, 0.0)
(28.550074, 31.369541, 0.0)
(28.542044, 31.371830, 0.0)
(28.506495, 31.278812, 0.0)
(28.213467, 32.862667, 0.0)
(28.356581, 35.712372, 0.0)
(28.287210, 36.457634, 0.0)
(28.127035, 36.506809, 0.0)
(28.138931, 36.538326, 0.0)
(28.109520, 36.589237, 0.0)
(28.076101, 36.734024, 0.0)
(28.078821, 36.760941, 0.0)
(28.072008, 36.781288, 0.0)
(28.221483, 36.903423, 0.0)
(28.179880, 36.974331, 0.0)
(28.175053, 36.988129, 0.0)
(28.147724, 37.023338, 0.0)
(28.150425, 37.036018, 0.0)
(28.141823, 37.024189, 0.0)
(28.159319, 37.060452, 0.0)
(28.148754, 37.024773, 0.0)
(28.097136, 37.011639, 0.0)
(28.110760, 36.978081, 0.0)
(28.098932, 36.966095, 0.0)
(28.096436, 36.974102, 0.0)
(28.100935, 36.983047, 0.0)
(28.104879, 36.995842, 0.0)
(28.119028, 36.994858, 0.0)
(28.114820, 36.997448, 0.0)
(28.125969, 36.961689, 0.0)
(28.120766, 36.981098, 0.0)
(28.110937, 36.967613, 0.0)
(28.111980, 36.962379, 0.0)
(28.118673, 36.942455, 0.0)
(28.128311, 36.962975, 0.0)
(28.129036, 36.962528, 0.0)
(28.123177, 36.970093, 0.0)
(28.121418, 36.965446, 0.0)
(28.132696, 36.961540, 0.0)
(28.121418, 36.974865, 0.0)
(28.105009, 36.963711, 0.0)
(30.633839, 36.148724, 0.0)
(33.370853, 35.280594, 0.0)
(33.307770, 35.228130, 0.0)
(33.235703, 35.194565, 0.0)
(33.233780, 35.190411, 0.0)
(33.226650, 35.233685, 0.0)
(33.236450, 35.221588, 0.0)
(33.229172, 35.212940, 0.0)
(33.209805, 35.209808, 0.0)
(33.192089, 35.162964, 0.0)
(33.202923, 35.103031, 0.0)
(33.201447, 35.058636, 0.0)
(33.206150, 35.051056, 0.0)
(33.208736, 35.050629, 0.0)
(33.287712, 34.924908, 0.0)
(33.264053, 34.847927, 0.0)
(33.252018, 34.809708, 0.0)
(33.252567, 34.804642, 0.0)
(33.252399, 34.825161, 0.0)
(33.231594, 34.802193, 0.0)
(33.226917, 34.834156, 0.0)
(33.191006, 34.874645, 0.0)
(33.208542, 34.888477, 0.0)
(33.218426, 34.870552, 0.0)
(33.223122, 34.874771, 0.0)
(33.220947, 34.877640, 0.0)
(33.750271, 33.897903, 0.0)
(33.808277, 33.373951, 0.0)
(33.761826, 33.378647, 0.0)
(33.730526, 33.387577, 0.0)
(33.717236, 33.394470, 0.0)
(33.718140, 33.367756, 0.0)
(33.718140, 33.367756, 0.0)
(33.721619, 33.366409, 0.0)
(33.721619, 33.366409, 0.0)
(33.718044, 33.367184, 0.0)
(34.288795, 32.925739, 0.0)
(36.619659, 30.400541, 0.0)
(37.130661, 29.570200, 0.0)
(37.146385, 29.582117, 0.0)
(37.126183, 29.626268, 0.0)
(37.111378, 29.644480, 0.0)
(37.795761, 29.683571, 0.0)
(37.787117, 29.600285, 0.0)
(37.766560, 29.565218, 0.0)
(37.788250, 29.592600, 0.0)
(37.825092, 29.599005, 0.0)
(37.827953, 29.610172, 0.0)
(37.837280, 29.621750, 0.0)
(37.821259, 29.618982, 0.0)
(37.799778, 29.614883, 0.0)
(37.790695, 29.588812, 0.0)
(37.791443, 29.594503, 0.0)
(37.623058, 29.587011, 0.0)
(36.351128, 29.590616, 0.0)
(36.273552, 29.582817, 0.0)
(36.291088, 29.592985, 0.0)
(36.318661, 29.621302, 0.0)
(36.303581, 29.599318, 0.0)
(36.303581, 29.599318, 0.0)
(36.333607, 29.618347, 0.0)
(37.094631, 29.643175, 0.0)
(37.465969, 29.577059, 0.0)
(37.470535, 29.573458, 0.0)
(37.479031, 29.575699, 0.0)
(37.487377, 29.576603, 0.0)
(37.491459, 29.579819, 0.0)
(37.488174, 29.554766, 0.0)
(37.463436, 29.538462, 0.0)
(37.413071, 29.500496, 0.0)
(37.411510, 29.511158, 0.0)
(37.411114, 29.516655, 0.0)
(37.399097, 29.532650, 0.0)
(37.403889, 29.486017, 0.0)
(37.416466, 29.481592, 0.0)
(38.581806, 30.199259, 0.0)
(39.241428, 30.585417, 0.0)
(39.236347, 30.573689, 0.0)
(39.209770, 30.546738, 0.0)
(39.194561, 30.549677, 0.0)
(39.160019, 30.505272, 0.0)
(39.146610, 30.473846, 0.0)
(39.141159, 30.472240, 0.0)
(39.142933, 30.494844, 0.0)
(39.305695, 30.622332, 0.0)
(39.317444, 30.641531, 0.0)
(39.297745, 30.648966, 0.0)
(39.247593, 30.668804, 0.0)
(39.224236, 30.660572, 0.0)
(39.215130, 30.672110, 0.0)
(39.210159, 30.685671, 0.0)
(39.196301, 30.679794, 0.0)
(39.178291, 30.662279, 0.0)
(39.174019, 30.644535, 0.0)
(39.225739, 30.711740, 0.0)
(39.201462, 30.700340, 0.0)
(39.202293, 30.735573, 0.0)
(39.195560, 30.741610, 0.0)
(39.161461, 30.731922, 0.0)
(39.141228, 30.710739, 0.0)
(39.132584, 30.686363, 0.0)
(39.121387, 30.701084, 0.0)
(39.180885, 30.755692, 0.0)
(39.066799, 31.116247, 0.0)
(39.056229, 31.168831, 0.0)
(39.048420, 31.164835, 0.0)
(39.032513, 31.140663, 0.0)
(39.012032, 31.115028, 0.0)
(39.012032, 31.115028, 0.0)
(39.025627, 31.108534, 0.0)
(39.027706, 31.098495, 0.0)
(39.036907, 31.160553, 0.0)
(38.623978, 33.411282, 0.0)
(38.398621, 34.364983, 0.0)
(38.396748, 34.427727, 0.0)
(38.368805, 34.408619, 0.0)
(38.203777, 35.263092, 0.0)
(38.101585, 35.439934, 0.0)
(38.073669, 35.358734, 0.0)
(38.029419, 35.342251, 0.0)
(38.033817, 35.356316, 0.0)
(38.030949, 35.371223, 0.0)
(38.159122, 35.606689, 0.0)
(38.170704, 35.649754, 0.0)
(38.159145, 35.668411, 0.0)
(38.157955, 35.701195, 0.0)
(38.144745, 35.687767, 0.0)
(38.138100, 35.706001, 0.0)
(38.128841, 35.710785, 0.0)
(38.126827, 35.715046, 0.0)
(38.136925, 35.681286, 0.0)
(38.137974, 35.686623, 0.0)
(38.138317, 35.685936, 0.0)
(38.130074, 35.694660, 0.0)
(37.665825, 35.451111, 0.0)
(37.235592, 35.183464, 0.0)
(37.208122, 35.132465, 0.0)
(37.194115, 35.107204, 0.0)
(37.192936, 35.088318, 0.0)
(37.230003, 35.113419, 0.0)
(37.230003, 35.113419, 0.0)
(37.233509, 35.135674, 0.0)
(37.229939, 35.138145, 0.0)
(37.213505, 35.134628, 0.0)
(37.204071, 35.134399, 0.0)
(37.218307, 35.131329, 0.0)
(37.204182, 35.113598, 0.0)
(37.203278, 35.108509, 0.0)
(37.197594, 35.068336, 0.0)
(37.171188, 35.044666, 0.0)
(37.184052, 35.084778, 0.0)
(37.176662, 35.078606, 0.0)
(37.241081, 35.121342, 0.0)
(39.757675, 35.641304, 0.0)
(40.222023, 35.681606, 0.0)
(40.194248, 35.655743, 0.0)
(40.139294, 35.654408, 0.0)
(40.136200, 35.683331, 0.0)
(40.159718, 35.687466, 0.0)
(40.122986, 35.721485, 0.0)
(40.094177, 35.740337, 0.0)
(40.269485, 35.809212, 0.0)
(40.299507, 35.722145, 0.0)
(40.266068, 35.683071, 0.0)
(40.279209, 35.691902, 0.0)
(40.272694, 35.691490, 0.0)
(40.271687, 35.698040, 0.0)
(40.240898, 35.702286, 0.0)
(40.259720, 35.683033, 0.0)
(40.240059, 35.712429, 0.0)
(40.224377, 35.705307, 0.0)
(40.220936, 35.701859, 0.0)
(40.181465, 35.713581, 0.0)
(39.340797, 35.416935, 0.0)
(39.289036, 35.408283, 0.0)
(39.312767, 35.357605, 0.0)
(39.293232, 35.367046, 0.0)
(39.284210, 35.428627, 0.0)
(39.259823, 35.446938, 0.0)
(39.240383, 35.485741, 0.0)
(39.232311, 35.484715, 0.0)
(39.234329, 35.453056, 0.0)
(39.243366, 35.436245, 0.0)
(39.225506, 35.443512, 0.0)
(39.184841, 35.434746, 0.0)
(39.183090, 35.436646, 0.0)
(39.175846, 35.414345, 0.0)
(39.174717, 35.382191, 0.0)
(38.572472, 35.128483, 0.0)
(34.454391, 33.130844, 0.0)
(30.695204, 32.144848, 0.0)
(27.698700, 32.021152, 0.0)
(26.105276, 32.218575, 0.0)
(25.985884, 32.155376, 0.0)
(25.937029, 32.055367, 0.0)
(25.924492, 32.038681, 0.0)
(25.066893, 32.486950, 0.0)
(24.815193, 32.609524, 0.0)
(24.820770, 32.571339, 0.0)
(24.794376, 32.540863, 0.0)
(24.807629, 32.527233, 0.0)
(24.760454, 32.524281, 0.0)
(24.750671, 32.506996, 0.0)
(24.751509, 32.524826, 0.0)
(24.740396, 32.531364, 0.0)
(24.735712, 32.539452, 0.0)
(24.739204, 32.534389, 0.0)
(24.738699, 32.556324, 0.0)
(24.740473, 32.533855, 0.0)
(24.732750, 32.535641, 0.0)
(24.731199, 32.535461, 0.0)
(24.733515, 32.562325, 0.0)
(24.732807, 32.532604, 0.0)
(25.241039, 32.050617, 0.0)
(25.577717, 31.686266, 0.0)
(25.580076, 31.658457, 0.0)
(25.572557, 31.673805, 0.0)
(25.574434, 31.678598, 0.0)
(25.573669, 31.659508, 0.0)
(25.581415, 31.605608, 0.0)
(25.576115, 31.627087, 0.0)
(25.569431, 31.646370, 0.0)
(25.565607, 31.649616, 0.0)
(25.559011, 31.665632, 0.0)
(25.641193, 31.559038, 0.0)
(27.458603, 30.283497, 0.0)
(27.512333, 30.187115, 0.0)
(27.479361, 30.168325, 0.0)
(27.451517, 30.167683, 0.0)
(27.459152, 30.170280, 0.0)
(27.409378, 30.176598, 0.0)
(27.378763, 30.141151, 0.0)
(27.393002, 30.105783, 0.0)
(27.295765, 30.330875, 0.0)
(27.279278, 30.345800, 0.0)
(27.284681, 30.339615, 0.0)
(27.274118, 30.337017, 0.0)
(27.258360, 30.331451, 0.0)
(27.247507, 30.335625, 0.0)
(27.232189, 30.384415, 0.0)
(27.221031, 30.412966, 0.0)
(27.183935, 30.465353, 0.0)
(27.175646, 30.480000, 0.0)
(27.192898, 30.467560, 0.0)
(27.198727, 30.467560, 0.0)
(27.198780, 30.477873, 0.0)
(27.187695, 30.486866, 0.0)
(27.237070, 30.479164, 0.0)
(27.555384, 30.336988, 0.0)
(27.568609, 30.320225, 0.0)
(27.537354, 30.273817, 0.0)
(27.542774, 30.301153, 0.0)
(27.550016, 30.294588, 0.0)
(27.553202, 30.290342, 0.0)
(27.760771, 30.170725, 0.0)
(27.970213, 29.997526, 0.0)
(27.983444, 29.963839, 0.0)
(27.974850, 29.988316, 0.0)
(27.955721, 29.985281, 0.0)
(27.955721, 29.985281, 0.0)
(27.973684, 29.970156, 0.0)
(27.950785, 29.935436, 0.0)
(27.971020, 29.921410, 0.0)
(27.804686, 30.157040, 0.0)
(26.577530, 31.291983, 0.0)
(26.362528, 31.470028, 0.0)
(26.329836, 31.457930, 0.0)
(26.328608, 31.444143, 0.0)
(26.308537, 31.405703, 0.0)
(25.982948, 31.728846, 0.0)
(25.922541, 31.814444, 0.0)
(25.907156, 31.780985, 0.0)
(25.905766, 31.806841, 0.0)
(25.919361, 31.859829, 0.0)
(25.915041, 31.879351, 0.0)
(25.905439, 31.894930, 0.0)
(25.906801, 31.886732, 0.0)
(25.906555, 31.877480, 0.0)
(25.908266, 31.849180, 0.0)
(25.908987, 31.806990, 0.0)
(25.920176, 31.779488, 0.0)
(25.940216, 31.797842, 0.0)
(25.940498, 31.829752, 0.0)
(25.920891, 31.849754, 0.0)
(25.909422, 31.876009, 0.0)
(25.914919, 31.881861, 0.0)
(25.922894, 31.820374, 0.0)
(25.885880, 31.788851, 0.0)
(25.921419, 31.770603, 0.0)
(25.950489, 31.750479, 0.0)
(25.946577, 31.788271, 0.0)
(25.957239, 31.848377, 0.0)
(25.954922, 31.853418, 0.0)
(25.926085, 31.834784, 0.0)
(25.919767, 31.831230, 0.0)
(25.944588, 31.810204, 0.0)
(25.938078, 31.835058, 0.0)
(25.943277, 31.841656, 0.0)
(25.925486, 31.849592, 0.0)
(25.922493, 31.846956, 0.0)
(28.919111, 31.854816, 0.0)
(30.889498, 32.308216, 0.0)
(30.927528, 32.332397, 0.0)
(30.874607, 32.311348, 0.0)
(30.835985, 32.302139, 0.0)
(30.833769, 32.247368, 0.0)
(30.824112, 32.228874, 0.0)
(30.784872, 32.208355, 0.0)
(30.879211, 32.493038, 0.0)
(31.097261, 33.335651, 0.0)
(30.966764, 32.353077, 0.0)
(30.920397, 32.188877, 0.0)
(30.932802, 32.212574, 0.0)
(30.937353, 32.225891, 0.0)
(30.944080, 32.249554, 0.0)
(30.947384, 32.255371, 0.0)
(30.946793, 32.305817, 0.0)
(30.911634, 32.327751, 0.0)
(30.902878, 32.305325, 0.0)
(30.914585, 32.299068, 0.0)
(30.938101, 32.308273, 0.0)
(30.926718, 32.298115, 0.0)
(30.999298, 32.827030, 0.0)
(31.158062, 33.386585, 0.0)
(30.887930, 32.087914, 0.0)
(30.889690, 32.098141, 0.0)
(30.895016, 32.189770, 0.0)
(30.897631, 32.257996, 0.0)
(30.897581, 32.315483, 0.0)
(30.883068, 32.331566, 0.0)
(30.888777, 32.335018, 0.0)
(30.898970, 32.345356, 0.0)
(30.910624, 32.347672, 0.0)
(30.899607, 32.324837, 0.0)
(30.909842, 32.303799, 0.0)
(30.922579, 32.276058, 0.0)
(34.452526, 32.886784, 0.0)
(36.214973, 33.642967, 0.0)
(36.218021, 33.618774, 0.0)
(36.174038, 33.630680, 0.0)
(36.135250, 33.632160, 0.0)
(36.165386, 33.594570, 0.0)
(36.712009, 33.973568, 0.0)
(36.732044, 33.992062, 0.0)
(36.758926, 33.995655, 0.0)
(36.793449, 33.991707, 0.0)
(36.732334, 34.023293, 0.0)
(36.736809, 34.006935, 0.0)
(36.719654, 33.978672, 0.0)
(36.726402, 33.972698, 0.0)
(36.722309, 33.986740, 0.0)
(36.709339, 33.991001, 0.0)
(36.709339, 33.991001, 0.0)
(36.536846, 34.055317, 0.0)
(36.611012, 34.037136, 0.0)
(36.620132, 34.097824, 0.0)
(36.596142, 34.102364, 0.0)
(36.593361, 34.089867, 0.0)
(36.773636, 34.141468, 0.0)
(37.625542, 33.929363, 0.0)
(37.685238, 33.902367, 0.0)
(37.675106, 33.880100, 0.0)
(37.681824, 33.875835, 0.0)
(37.681824, 33.875835, 0.0)
(37.485474, 33.881241, 0.0)
(36.785313, 33.935303, 0.0)
(36.737518, 33.951748, 0.0)
(36.744274, 33.957375, 0.0)
(36.743706, 33.939926, 0.0)
(36.756325, 33.939144, 0.0)
(36.748528, 33.943428, 0.0)
(36.736835, 33.913780, 0.0)
(36.715736, 33.903591, 0.0)
(36.714729, 33.857986, 0.0)
(36.713348, 33.861813, 0.0)
(35.751244, 33.459682, 0.0)
(31.799883, 31.312752, 0.0)
(28.447308, 31.139183, 0.0)
(26.609026, 31.680325, 0.0)
(26.413204, 31.689245, 0.0)
(26.405602, 31.655682, 0.0)
(26.192482, 31.687824, 0.0)
(25.086704, 31.622223, 0.0)
(24.970787, 31.660448, 0.0)
(24.955070, 31.684736, 0.0)
(24.935528, 31.701345, 0.0)
(24.923628, 31.706793, 0.0)
(24.908997, 31.688087, 0.0)
(24.903532, 31.662151, 0.0)
(24.888445, 31.635870, 0.0)
(24.883429, 31.630106, 0.0)
(24.887693, 31.594517, 0.0)
(24.888445, 31.635870, 0.0)
(24.888374, 31.681189, 0.0)
(24.866478, 31.667431, 0.0)
(24.856436, 31.670774, 0.0)
(25.762171, 31.490139, 0.0)
(25.814295, 31.401493, 0.0)
(25.786156, 31.368633, 0.0)
(25.811678, 31.352661, 0.0)
(25.817209, 31.358110, 0.0)
(25.826742, 31.361794, 0.0)
(25.875336, 31.340673, 0.0)
(25.871750, 31.363737, 0.0)
(25.870934, 31.343987, 0.0)
(25.848097, 31.379927, 0.0)
(25.887131, 31.325718, 0.0)
(25.896246, 31.316971, 0.0)
(25.866369, 31.339895, 0.0)
(25.891079, 31.301611, 0.0)
(25.904270, 31.291687, 0.0)
(25.925356, 31.296865, 0.0)
(26.361826, 33.080021, 0.0)
(26.373421, 35.241360, 0.0)
(26.321438, 35.471573, 0.0)
(26.250734, 35.383606, 0.0)
(26.204071, 35.386288, 0.0)
(26.207952, 35.330162, 0.0)
(26.206396, 35.361012, 0.0)
(26.212482, 35.341175, 0.0)
(26.194542, 35.329033, 0.0)
(26.271379, 35.303837, 0.0)
(26.330570, 35.534977, 0.0)
(26.283772, 35.502983, 0.0)
(26.285873, 35.546257, 0.0)
(26.280981, 35.577129, 0.0)
(26.268631, 35.588753, 0.0)
(26.248539, 35.604206, 0.0)
(26.233891, 35.599747, 0.0)
(26.223688, 35.565762, 0.0)
(26.199745, 35.592651, 0.0)
(26.193157, 35.600166, 0.0)
(26.182255, 35.609585, 0.0)
(26.178091, 35.606777, 0.0)
(26.180929, 35.661957, 0.0)
(26.151955, 35.424164, 0.0)
(26.155746, 35.437340, 0.0)
(26.198072, 35.471096, 0.0)
(26.224466, 35.506477, 0.0)
(26.209452, 35.495579, 0.0)
(26.199923, 35.497532, 0.0)
(26.192694, 35.498131, 0.0)
(26.182463, 35.491737, 0.0)
(26.180862, 35.504036, 0.0)
(26.195293, 35.521770, 0.0)
(26.214409, 35.510548, 0.0)
(26.222969, 35.520931, 0.0)
(26.225426, 35.481003, 0.0)
(26.205265, 35.437958, 0.0)
(26.925859, 35.121365, 0.0)
(30.754457, 33.490425, 0.0)
(31.170551, 33.281441, 0.0)
(31.155039, 33.244061, 0.0)
(31.127806, 33.264057, 0.0)
(31.120344, 33.241573, 0.0)
(31.092201, 33.242268, 0.0)
(31.089062, 33.221806, 0.0)
(31.115156, 33.208557, 0.0)
(31.111902, 33.202999, 0.0)
(31.130804, 33.228535, 0.0)
(31.384464, 33.094830, 0.0)
(31.388191, 33.036167, 0.0)
(31.379591, 33.080715, 0.0)
(31.353931, 33.126194, 0.0)
(31.359957, 33.135773, 0.0)
(31.357393, 33.130013, 0.0)
(31.095032, 33.042648, 0.0)
(31.070656, 33.011967, 0.0)
(31.086178, 33.091450, 0.0)
(31.083298, 33.108932, 0.0)
(31.073063, 33.104614, 0.0)
(31.056168, 33.127926, 0.0)
(31.025894, 33.175499, 0.0)
(31.053436, 33.134777, 0.0)
(31.030598, 33.124245, 0.0)
(31.039881, 33.105038, 0.0)
(31.098772, 33.051395, 0.0)
(31.227077, 32.976540, 0.0)
(31.241529, 32.970013, 0.0)
(31.225739, 33.006161, 0.0)
(31.206665, 32.987568, 0.0)
(31.190586, 32.978741, 0.0)
(31.192015, 32.960644, 0.0)
(31.204144, 32.952610, 0.0)
(31.188499, 32.948658, 0.0)
(32.203579, 32.360928, 0.0)
(35.362694, 30.645025, 0.0)
(37.884781, 31.127501, 0.0)
(38.195869, 31.274920, 0.0)
(38.117260, 31.268219, 0.0)
(37.399170, 32.708874, 0.0)
(37.078804, 33.990570, 0.0)
(37.018692, 34.055431, 0.0)
(36.994221, 33.964096, 0.0)
(37.005287, 33.965958, 0.0)
(37.003902, 33.981125, 0.0)
(36.960049, 34.657604, 0.0)
(36.868137, 34.792236, 0.0)
(36.819778, 34.799084, 0.0)
(36.796658, 34.800484, 0.0)
(36.774006, 34.742634, 0.0)
(36.779991, 34.737518, 0.0)
(36.796436, 34.715443, 0.0)
(36.797226, 34.709538, 0.0)
(36.784142, 34.719646, 0.0)
(36.779861, 34.707691, 0.0)
(36.771889, 34.721031, 0.0)
(36.731777, 34.783337, 0.0)
(36.687691, 34.782940, 0.0)
(36.730789, 34.801785, 0.0)
(36.753941, 34.822220, 0.0)
(36.746738, 34.867260, 0.0)
(36.741039, 34.849232, 0.0)
(36.682137, 34.805912, 0.0)
(36.670635, 34.804634, 0.0)
(36.737431, 34.849052, 0.0)
(36.745739, 34.856987, 0.0)
(36.754200, 34.876553, 0.0)
(36.745113, 34.846851, 0.0)
(36.686783, 34.776085, 0.0)
(36.681015, 34.766621, 0.0)
(36.839844, 34.732059, 0.0)
(37.188393, 34.436085, 0.0)
(37.209698, 34.420300, 0.0)
(37.192005, 34.430004, 0.0)
(37.181389, 34.394878, 0.0)
(36.886040, 33.364452, 0.0)
(34.529186, 30.935326, 0.0)
(31.360363, 29.435518, 0.0)
(30.826490, 29.322550, 0.0)
(30.787411, 29.342035, 0.0)
(30.769863, 29.333216, 0.0)
(30.828802, 28.404558, 0.0)
(30.783987, 28.325926, 0.0)
(30.783823, 28.334324, 0.0)
(30.784977, 28.332191, 0.0)
(30.779612, 28.333349, 0.0)
(30.755760, 28.323692, 0.0)
(30.758913, 28.330109, 0.0)
(30.740067, 28.336044, 0.0)
(30.736576, 28.366838, 0.0)
(30.738832, 28.406857, 0.0)
(30.729359, 28.410734, 0.0)
(30.720396, 28.358242, 0.0)
(30.740761, 28.345896, 0.0)
(30.738478, 28.361959, 0.0)
(30.729498, 28.364597, 0.0)
(30.728767, 28.363110, 0.0)
(30.718092, 28.374592, 0.0)
(30.698801, 28.411179, 0.0)
(30.681648, 28.394619, 0.0)
(30.683441, 28.365196, 0.0)
(30.688944, 28.368925, 0.0)
(30.734440, 28.396626, 0.0)
(30.736782, 28.456985, 0.0)
(30.734644, 28.463615, 0.0)
(30.720592, 28.489649, 0.0)
(30.717888, 28.470617, 0.0)
(30.732000, 28.448795, 0.0)
(30.725246, 28.439533, 0.0)
(30.756903, 28.433064, 0.0)
(30.743393, 28.416166, 0.0)
(31.683733, 28.619047, 0.0)
(35.791908, 29.742992, 0.0)
(38.335186, 30.793806, 0.0)
(39.638386, 31.433804, 0.0)
(39.582573, 31.355291, 0.0)
(39.547504, 31.328033, 0.0)
(40.020081, 31.265087, 0.0)
(40.070530, 31.137133, 0.0)
(40.071342, 31.103264, 0.0)
(40.062542, 31.062424, 0.0)
(40.041008, 31.031176, 0.0)
(40.037834, 31.040560, 0.0)
(40.020073, 31.072630, 0.0)
(40.012337, 31.068300, 0.0)
(40.007065, 31.073948, 0.0)
(40.005634, 31.060616, 0.0)
(39.995224, 31.053291, 0.0)
(39.144882, 30.571421, 0.0)
(37.322220, 29.215611, 0.0)
(37.057102, 28.846945, 0.0)
(36.942513, 29.053116, 0.0)
(36.983597, 29.128067, 0.0)
(36.993912, 29.184231, 0.0)
(37.028919, 29.246128, 0.0)
(37.037048, 29.258028, 0.0)
(37.044353, 29.255426, 0.0)
(37.028107, 29.264589, 0.0)
(37.029480, 29.259789, 0.0)
(37.040077, 29.267324, 0.0)
(37.039154, 29.265276, 0.0)
(37.035290, 29.287376, 0.0)
(37.026466, 29.334818, 0.0)
(37.022491, 29.404377, 0.0)
(34.475952, 30.812670, 0.0)
(33.232502, 31.266640, 0.0)
(33.204956, 31.289030, 0.0)
(33.211895, 31.246872, 0.0)
(33.188625, 31.200712, 0.0)
(31.804094, 33.055248, 0.0)
(31.096043, 33.510948, 0.0)
(31.027052, 33.460995, 0.0)
(34.413410, 30.679491, 0.0)
(37.331303, 28.979055, 0.0)
(37.973320, 28.968836, 0.0)
(37.972012, 29.007692, 0.0)
(37.846069, 29.001657, 0.0)
(37.833206, 29.001101, 0.0)
(37.781204, 28.990116, 0.0)
(37.772297, 28.916355, 0.0)
(37.788280, 28.900253, 0.0)
(37.790302, 28.905983, 0.0)
(37.792824, 28.933714, 0.0)
(37.794334, 28.953299, 0.0)
(37.775871, 28.970278, 0.0)
(37.772766, 28.972530, 0.0)
(37.771633, 28.945374, 0.0)
(37.757938, 28.935808, 0.0)
(37.732731, 28.882660, 0.0)
(37.721111, 28.826389, 0.0)
(37.737518, 28.821346, 0.0)
(37.723244, 28.881298, 0.0)
(37.718021, 28.914604, 0.0)
(37.696316, 28.927929, 0.0)
(37.714565, 28.951246, 0.0)
(37.698643, 28.907135, 0.0)
(37.701332, 28.870029, 0.0)
(37.723240, 28.836346, 0.0)
(37.733177, 28.849724, 0.0)
(37.709076, 28.862148, 0.0)
(37.701481, 28.938213, 0.0)
(37.652752, 28.942635, 0.0)
(37.624882, 28.921124, 0.0)
(37.641327, 28.905329, 0.0)
(37.635738, 28.904186, 0.0)
(37.635113, 28.861351, 0.0)
(37.638927, 28.861067, 0.0)
(37.605808, 28.906942, 0.0)
(37.946770, 29.851021, 0.0)
(39.311546, 33.034115, 0.0)
(40.067669, 35.389839, 0.0)
(39.981682, 35.773449, 0.0)
(39.943298, 35.709282, 0.0)
(39.940037, 35.702789, 0.0)
(40.150402, 35.944332, 0.0)
(40.118996, 35.948265, 0.0)
(40.107944, 35.936359, 0.0)
(40.076626, 35.940590, 0.0)
(40.069530, 35.973526, 0.0)
(40.054726, 36.034843, 0.0)
(40.049191, 36.041203, 0.0)
(40.032532, 36.054741, 0.0)
(40.037663, 36.063896, 0.0)
(40.020302, 36.051235, 0.0)
(40.007034, 36.066082, 0.0)
(40.029015, 36.060623, 0.0)
(40.032162, 36.085419, 0.0)
(40.012066, 36.079174, 0.0)
(40.043407, 36.137047, 0.0)
(40.203571, 36.276299, 0.0)
(40.249653, 36.337177, 0.0)
(40.201721, 36.379330, 0.0)
(40.184032, 36.411186, 0.0)
(40.160854, 36.468067, 0.0)
(40.148479, 36.440994, 0.0)
(40.151897, 36.447517, 0.0)
(39.606140, 34.088062, 0.0)
(39.006973, 31.454571, 0.0)
(38.796593, 31.065636, 0.0)
(38.800098, 31.112967, 0.0)
(38.767601, 31.176275, 0.0)
(38.789982, 31.216118, 0.0)
(38.748661, 31.247822, 0.0)
(38.748795, 31.253370, 0.0)
(38.772076, 31.230162, 0.0)
(35.655769, 30.865723, 0.0)
(31.679867, 30.546888, 0.0)
(29.443443, 30.764235, 0.0)
(29.383446, 30.689505, 0.0)
(29.388954, 30.668150, 0.0)
(29.372248, 30.683144, 0.0)
(29.310448, 30.732891, 0.0)
(28.878422, 30.822123, 0.0)
(28.840185, 30.744373, 0.0)
(28.886320, 30.738815, 0.0)
(28.889465, 30.739090, 0.0)
(28.892986, 30.722662, 0.0)
(28.885143, 30.769983, 0.0)
(28.866371, 30.778757, 0.0)
(28.870010, 30.800919, 0.0)
(28.857832, 30.791431, 0.0)
(28.864992, 30.777529, 0.0)
(28.845583, 30.718082, 0.0)
(28.845613, 30.675629, 0.0)
(28.885679, 30.660135, 0.0)
(28.891369, 30.698790, 0.0)
(28.894711, 30.720934, 0.0)
(28.889282, 30.736280, 0.0)
(28.888912, 30.752361, 0.0)
(28.868357, 30.751348, 0.0)
(28.850462, 30.705275, 0.0)
(28.863302, 30.664160, 0.0)
(28.962334, 30.667463, 0.0)
(29.041023, 30.686806, 0.0)
(29.014988, 30.723906, 0.0)
(29.003908, 30.731558, 0.0)
(28.973644, 30.717903, 0.0)
(28.977539, 30.718700, 0.0)
(28.962580, 30.723886, 0.0)
(28.966475, 30.724672, 0.0)
(28.959454, 30.720718, 0.0)
(28.922802, 30.717278, 0.0)
(28.966150, 30.717278, 0.0)
(31.752825, 32.939632, 0.0)
(33.233696, 36.088696, 0.0)
(33.146584, 36.563725, 0.0)
(33.070320, 36.501274, 0.0)
(33.013805, 36.492687, 0.0)
(33.539574, 37.010059, 0.0)
(33.529747, 37.063229, 0.0)
(33.505650, 37.033833, 0.0)
(33.486851, 37.061466, 0.0)
(33.448681, 37.080830, 0.0)
(33.850212, 38.706192, 0.0)
(33.833389, 39.283257, 0.0)
(33.678696, 38.132904, 0.0)
(33.505539, 37.679485, 0.0)
(33.440483, 37.485588, 0.0)
(33.418949, 37.331657, 0.0)
(33.411663, 37.320919, 0.0)
(33.425365, 37.316708, 0.0)
(33.402447, 37.337875, 0.0)
(33.398396, 37.316078, 0.0)
(33.402878, 37.350647, 0.0)
(33.425541, 37.312252, 0.0)
(33.427597, 37.296780, 0.0)
(33.429878, 37.310677, 0.0)
(33.448483, 37.311161, 0.0)
(33.583122, 36.066010, 0.0)
(34.169876, 33.727570, 0.0)
(34.237152, 33.203602, 0.0)
(34.199471, 33.233814, 0.0)
(34.198448, 33.253681, 0.0)
(34.198750, 33.292309, 0.0)
(34.146049, 33.310265, 0.0)
(34.142010, 33.334957, 0.0)
(34.173244, 33.341465, 0.0)
(36.353489, 31.676743, 0.0)
(38.627884, 30.074881, 0.0)
(39.607601, 29.931225, 0.0)
(39.557434, 29.976633, 0.0)
(39.420418, 29.984747, 0.0)
(39.600689, 29.967642, 0.0)
(39.685631, 29.737999, 0.0)
(39.661732, 29.721443, 0.0)
(39.627808, 29.682161, 0.0)
(39.633186, 29.712614, 0.0)
(39.628181, 29.720125, 0.0)
(39.588993, 29.697819, 0.0)
(39.587620, 29.691216, 0.0)
(39.572994, 29.672220, 0.0)
(39.538277, 29.647915, 0.0)
(39.473919, 29.635475, 0.0)
(39.484657, 29.629629, 0.0)
(39.154640, 29.620052, 0.0)
(37.714928, 29.701056, 0.0)
(37.658619, 29.717369, 0.0)
(37.670483, 29.661951, 0.0)
(37.677689, 29.657846, 0.0)
(37.672550, 29.672949, 0.0)
(37.664280, 29.681101, 0.0)
(37.694641, 29.659134, 0.0)
(37.685017, 29.637241, 0.0)
(37.710014, 29.628296, 0.0)
(37.740299, 29.638180, 0.0)
(37.753128, 29.651411, 0.0)
(37.732334, 29.655060, 0.0)
(37.745140, 29.626181, 0.0)
(37.737907, 29.601168, 0.0)
(37.753250, 29.557276, 0.0)
(37.745003, 29.551397, 0.0)
(37.753014, 29.559301, 0.0)
(37.738350, 29.598587, 0.0)
(37.718113, 29.650898, 0.0)
(37.887566, 30.322737, 0.0)
(38.823765, 33.295887, 0.0)
(39.038002, 34.030857, 0.0)
(39.041824, 34.056297, 0.0)
(39.030777, 34.042007, 0.0)
(39.028370, 34.028465, 0.0)
(39.031818, 34.014370, 0.0)
(39.323666, 34.112820, 0.0)
(39.337456, 34.117500, 0.0)
(39.335278, 34.138054, 0.0)
(39.339478, 34.167835, 0.0)
(39.317818, 34.241524, 0.0)
(39.307468, 34.303719, 0.0)
(39.265686, 34.312881, 0.0)
(39.221428, 34.321892, 0.0)
(39.188332, 34.302418, 0.0)
(39.178997, 34.317856, 0.0)
(39.179989, 34.327003, 0.0)
(39.152584, 34.339752, 0.0)
(39.143181, 34.354450, 0.0)
(39.140881, 34.334229, 0.0)
(39.143501, 34.320511, 0.0)
(39.147949, 34.320511, 0.0)
(39.122902, 34.327641, 0.0)
(39.097008, 34.297676, 0.0)
(39.080387, 34.299129, 0.0)
(39.089016, 34.299366, 0.0)
(39.058594, 34.230610, 0.0)
(38.931160, 32.639774, 0.0)
(38.649593, 30.824148, 0.0)
(38.453438, 30.417295, 0.0)
(38.417744, 30.420212, 0.0)
(38.388870, 30.503864, 0.0)
(38.373859, 30.498343, 0.0)
(38.368290, 30.508291, 0.0)
(37.376060, 30.678383, 0.0)
(33.824368, 31.771683, 0.0)
(31.511333, 32.899300, 0.0)
(31.406620, 32.893295, 0.0)
(31.398310, 32.807030, 0.0)
(31.373669, 32.790100, 0.0)
(31.368408, 32.751019, 0.0)
(31.351545, 32.757805, 0.0)
(31.356592, 32.754082, 0.0)
(31.753063, 33.621231, 0.0)
(32.197727, 36.833042, 0.0)
(32.080070, 36.924862, 0.0)
(32.000893, 36.866432, 0.0)
(31.957108, 36.894836, 0.0)
(31.912849, 36.927513, 0.0)
(31.880945, 36.935905, 0.0)
(31.893801, 36.977680, 0.0)
(31.631365, 37.391029, 0.0)
(31.588310, 37.459259, 0.0)
(31.583075, 37.424679, 0.0)
(31.563442, 37.407856, 0.0)
(31.562967, 37.398418, 0.0)
(31.556818, 37.386036, 0.0)
(31.540060, 37.374821, 0.0)
(31.532959, 37.339195, 0.0)
(31.527628, 37.302979, 0.0)
(31.829002, 38.395596, 0.0)
(31.750580, 38.280354, 0.0)
(31.705122, 37.757339, 0.0)
(31.667145, 37.382893, 0.0)
(31.590422, 37.198917, 0.0)
(31.599194, 37.098698, 0.0)
(31.601585, 37.034538, 0.0)
(31.599604, 36.958981, 0.0)
(31.596649, 37.042358, 0.0)
(31.601397, 37.047775, 0.0)
(31.618561, 37.098095, 0.0)
(31.615492, 37.070450, 0.0)
(31.623156, 37.052452, 0.0)
(31.619213, 37.138763, 0.0)
(31.622459, 37.205154, 0.0)
(32.866745, 34.496143, 0.0)
(34.023800, 30.677002, 0.0)
(33.756199, 28.482592, 0.0)
(33.545719, 28.412943, 0.0)
(33.549850, 28.448105, 0.0)
(33.554176, 28.486206, 0.0)
(34.079498, 28.115757, 0.0)
(34.050720, 27.993469, 0.0)
(34.040401, 27.977459, 0.0)
(34.026031, 27.942432, 0.0)
(34.056461, 27.930502, 0.0)
(34.061554, 27.920998, 0.0)
(34.091572, 27.932541, 0.0)
(34.073792, 27.925449, 0.0)
(34.028801, 27.891928, 0.0)
(34.051918, 28.060656, 0.0)
(34.130398, 29.374359, 0.0)
(34.180832, 30.260590, 0.0)
(34.095867, 30.278809, 0.0)
(34.084064, 30.228680, 0.0)
(34.113594, 30.118654, 0.0)
(34.368465, 29.146763, 0.0)
(34.193398, 28.508982, 0.0)
(34.149357, 28.491613, 0.0)
(34.162331, 28.509020, 0.0)
(34.160652, 28.513409, 0.0)
(34.128044, 28.480234, 0.0)
(34.139744, 28.466019, 0.0)
(34.129547, 28.422459, 0.0)
(34.338081, 28.600658, 0.0)
(34.491383, 28.949369, 0.0)
(34.518787, 29.033077, 0.0)
(34.494953, 29.027395, 0.0)
(34.506588, 29.032394, 0.0)
(34.487087, 29.023672, 0.0)
(34.484787, 29.037107, 0.0)
(34.481438, 29.027363, 0.0)
(34.366364, 29.183149, 0.0)
(31.438488, 32.232830, 0.0)
(28.837984, 34.525604, 0.0)
(28.407547, 34.741081, 0.0)
(28.320654, 34.768631, 0.0)
(28.323074, 34.776638, 0.0)
(28.061949, 35.294003, 0.0)
(27.678614, 35.495693, 0.0)
(27.613056, 35.468777, 0.0)
(27.604702, 35.421143, 0.0)
(27.604702, 35.421143, 0.0)
(27.590986, 35.429661, 0.0)
(27.563452, 35.415882, 0.0)
(27.549284, 35.896103, 0.0)
(27.483126, 35.159027, 0.0)
(27.493219, 35.222912, 0.0)
(27.486040, 35.287956, 0.0)
(27.475601, 35.363243, 0.0)
(27.473921, 35.357201, 0.0)
(27.474472, 35.341873, 0.0)
(27.476038, 35.341312, 0.0)
(27.469791, 35.348862, 0.0)
(27.463804, 35.357918, 0.0)
(27.455379, 35.367138, 0.0)
(27.450539, 35.375778, 0.0)
(27.429024, 35.381054, 0.0)
(27.787693, 35.077412, 0.0)
(28.057562, 34.834614, 0.0)
(28.030569, 34.827572, 0.0)
(28.041571, 34.850151, 0.0)
(28.047064, 34.828667, 0.0)
(28.035559, 34.924347, 0.0)
(28.017170, 34.945599, 0.0)
(28.014059, 34.942944, 0.0)
(28.014059, 34.942944, 0.0)
(28.007065, 34.946888, 0.0)
(28.026949, 34.952202, 0.0)
(28.022501, 34.966072, 0.0)
(28.020386, 34.975353, 0.0)
(30.863092, 33.717274, 0.0)
(34.957859, 32.501568, 0.0)
(37.416447, 32.094273, 0.0)
(37.697563, 31.831499, 0.0)
(37.664131, 31.817198, 0.0)
(37.651703, 31.759981, 0.0)
(37.870796, 31.693081, 0.0)
(37.922298, 31.528757, 0.0)
(37.923767, 31.547483, 0.0)
(37.944382, 31.546579, 0.0)
(37.957699, 31.530180, 0.0)
(37.967911, 31.546280, 0.0)
(37.978279, 31.533001, 0.0)
(37.975155, 31.484602, 0.0)
(37.964077, 31.457306, 0.0)
(37.965240, 31.463161, 0.0)
(37.974285, 31.485277, 0.0)
(37.961002, 31.476923, 0.0)
(37.965633, 31.463015, 0.0)
(37.955379, 31.451048, 0.0)
(37.941101, 31.509298, 0.0)
(37.943779, 31.514507, 0.0)
(37.933052, 31.512045, 0.0)
(37.928310, 31.524736, 0.0)
(37.915840, 31.526869, 0.0)
(37.919373, 31.476429, 0.0)
(37.920250, 31.456427, 0.0)
(37.919075, 31.494778, 0.0)
(37.960594, 31.506550, 0.0)
(37.919361, 31.527599, 0.0)
(37.924507, 31.555630, 0.0)
(37.949154, 31.589619, 0.0)
(37.929539, 31.556246, 0.0)
(37.913506, 31.575163, 0.0)
(37.900578, 31.533823, 0.0)
(37.922821, 31.504625, 0.0)
(35.406639, 30.378220, 0.0)
(34.118958, 29.513021, 0.0)
(34.085495, 29.440430, 0.0)
(34.090363, 29.462229, 0.0)
(34.076977, 29.456530, 0.0)
(34.071030, 29.440287, 0.0)
(34.207790, 29.350079, 0.0)
(34.376019, 29.242781, 0.0)
(34.375221, 29.164293, 0.0)
(34.378075, 29.146767, 0.0)
(34.382133, 29.138313, 0.0)
(34.393269, 29.134832, 0.0)
(34.399220, 29.147652, 0.0)
(34.409157, 29.151131, 0.0)
(34.373745, 29.152752, 0.0)
(34.376831, 29.159163, 0.0)
(34.369041, 29.156372, 0.0)
(34.365730, 29.145185, 0.0)
(34.478912, 29.286749, 0.0)
(34.482395, 29.323875, 0.0)
(34.476658, 29.284418, 0.0)
(34.473843, 29.308771, 0.0)
(34.469582, 29.300060, 0.0)
(34.448856, 29.313330, 0.0)
(34.441563, 29.306406, 0.0)
(34.425968, 29.312757, 0.0)
(34.418243, 29.319868, 0.0)
(34.417221, 29.326221, 0.0)
(34.387547, 29.337763, 0.0)
(34.403210, 29.371469, 0.0)
(34.436077, 29.410200, 0.0)
(34.418854, 29.429876, 0.0)
(34.410385, 29.432255, 0.0)
(34.392448, 29.428116, 0.0)
(34.382744, 29.380442, 0.0)
(34.405506, 29.373444, 0.0)
(34.369942, 29.346746, 0.0)
(34.380001, 29.357065, 0.0)
(32.344856, 30.918945, 0.0)
(29.742178, 33.443062, 0.0)
(29.152439, 33.664597, 0.0)
(28.941122, 33.813663, 0.0)
(28.910152, 34.198174, 0.0)
(28.891943, 34.259304, 0.0)
(28.838743, 34.269138, 0.0)
(28.811968, 34.260139, 0.0)
(28.761246, 34.284283, 0.0)
(28.749397, 34.253281, 0.0)
(28.785278, 34.214046, 0.0)
(28.824076, 34.248493, 0.0)
(28.827808, 34.247200, 0.0)
(28.830761, 34.261055, 0.0)
(28.820126, 34.296986, 0.0)
(28.802021, 34.329441, 0.0)
(28.812416, 34.271698, 0.0)
(28.805115, 34.282764, 0.0)
(28.903900, 34.198093, 0.0)
(29.071678, 33.863491, 0.0)
(29.052166, 33.869686, 0.0)
(29.047113, 33.839855, 0.0)
(29.044035, 33.871449, 0.0)
(29.048416, 33.900269, 0.0)
(29.040977, 33.910870, 0.0)
(29.034512, 33.916901, 0.0)
(29.021706, 33.925549, 0.0)
(29.022646, 33.918327, 0.0)
(29.015120, 33.921253, 0.0)
(29.015120, 33.921253, 0.0)
(29.012691, 33.931576, 0.0)
(29.020142, 33.970963, 0.0)
(29.045433, 33.980721, 0.0)
(29.057903, 33.993141, 0.0)
(29.054852, 33.993603, 0.0)
(29.024614, 33.961971, 0.0)
(29.032690, 33.921654, 0.0)
(29.179321, 33.889145, 0.0)
(33.218601, 32.569805, 0.0)
(34.787048, 32.077068, 0.0)
(34.806396, 32.095726, 0.0)
(34.740562, 32.052109, 0.0)
(34.748585, 32.053406, 0.0)
(34.724667, 32.037201, 0.0)
(34.684673, 32.003101, 0.0)
(34.671661, 31.987333, 0.0)
(34.662598, 31.979258, 0.0)
(34.562057, 31.872429, 0.0)
(34.630901, 32.486572, 0.0)
(34.514267, 31.694815, 0.0)
(34.554417, 31.694593, 0.0)
(34.560719, 31.767622, 0.0)
(34.586117, 31.786619, 0.0)
(34.583992, 31.781197, 0.0)
(34.558331, 31.756992, 0.0)
(34.556602, 31.771479, 0.0)
(34.556938, 31.825485, 0.0)
(34.560711, 31.858040, 0.0)
(34.524384, 31.903980, 0.0)
(34.521725, 31.922581, 0.0)
(34.534081, 31.918602, 0.0)
(34.533192, 31.943296, 0.0)
(34.544701, 31.938625, 0.0)
(34.535839, 31.931715, 0.0)
(34.542374, 31.938461, 0.0)
(34.528347, 31.978155, 0.0)
(34.529736, 31.980085, 0.0)
(34.530052, 31.974346, 0.0)
(34.534081, 31.992258, 0.0)
(34.553226, 31.981091, 0.0)
(34.553226, 31.981091, 0.0)
(34.553616, 31.981361, 0.0)
(34.550251, 31.971266, 0.0)
(35.992397, 31.509706, 0.0)
(38.378334, 30.633907, 0.0)
(38.750374, 30.377419, 0.0)
(38.721226, 30.391876, 0.0)
(38.682915, 30.444792, 0.0)
(38.649803, 30.401218, 0.0)
(38.639568, 30.344912, 0.0)
(38.608456, 30.314167, 0.0)
(38.605789, 30.317663, 0.0)
(38.608482, 30.302059, 0.0)
(38.598518, 30.320232, 0.0)
(38.579830, 30.348904, 0.0)
(38.570847, 30.340923, 0.0)
(38.547504, 30.307129, 0.0)
(38.547031, 30.284573, 0.0)
(38.557293, 30.270588, 0.0)
(38.556686, 30.267939, 0.0)
(38.544151, 30.285412, 0.0)
(38.527981, 30.292891, 0.0)
(38.492943, 30.280403, 0.0)
(38.483723, 30.294197, 0.0)
(38.557884, 30.089670, 0.0)
(38.555180, 29.995916, 0.0)
(38.539864, 30.020836, 0.0)
(38.530952, 30.023529, 0.0)
(38.522076, 29.977869, 0.0)
(38.512726, 30.016163, 0.0)
(38.505409, 30.019562, 0.0)
(38.511303, 30.026487, 0.0)
(38.494434, 30.037996, 0.0)
(38.479382, 30.037525, 0.0)
(38.430393, 30.011292, 0.0)
(38.412331, 29.988285, 0.0)
(38.424416, 29.994898, 0.0)
(38.432369, 29.997538, 0.0)
(38.425262, 29.989882, 0.0)
(38.437546, 29.963526, 0.0)
(38.418159, 29.976477, 0.0)
(38.413857, 29.988119, 0.0)
(38.283375, 29.940289, 0.0)
(34.762806, 30.228344, 0.0)
(31.593992, 31.599558, 0.0)
(29.214096, 34.601185, 0.0)
(27.320457, 36.885254, 0.0)
(26.903393, 37.148869, 0.0)
(26.845324, 37.094791, 0.0)
(26.836933, 37.105160, 0.0)
(26.834503, 37.090664, 0.0)
(26.800762, 37.091019, 0.0)
(26.493299, 37.484955, 0.0)
(26.359858, 37.607201, 0.0)
(26.358131, 37.573387, 0.0)
(26.351074, 37.572670, 0.0)
(26.343431, 37.568810, 0.0)
(26.361216, 37.560745, 0.0)
(26.370468, 37.545803, 0.0)
(26.363388, 37.546177, 0.0)
(26.348667, 37.533325, 0.0)
(26.344328, 37.502304, 0.0)
(26.333973, 37.447689, 0.0)
(26.326494, 37.429470, 0.0)
(26.323584, 37.412567, 0.0)
(26.369129, 37.307316, 0.0)
(26.602465, 38.888542, 0.0)
(26.552334, 37.769310, 0.0)
(26.343779, 37.157299, 0.0)
(26.322617, 37.088737, 0.0)
(26.312140, 37.134113, 0.0)
(26.310171, 37.134533, 0.0)
(26.306564, 37.143799, 0.0)
(26.307539, 37.151833, 0.0)
(26.293884, 37.198704, 0.0)
(26.296724, 37.242882, 0.0)
(26.312681, 37.255882, 0.0)
(28.154207, 36.220245, 0.0)
(32.712833, 34.081039, 0.0)
(34.442142, 33.651089, 0.0)
(34.491814, 33.632233, 0.0)
(34.420540, 33.634377, 0.0)
(34.411633, 33.628593, 0.0)
(34.833088, 33.951714, 0.0)
(34.994389, 34.252682, 0.0)
(34.980766, 34.240391, 0.0)
(34.945404, 34.186844, 0.0)
(34.971607, 34.187195, 0.0)
(34.967052, 34.185383, 0.0)
(34.966549, 34.184174, 0.0)
(34.949955, 34.188919, 0.0)
(34.933716, 34.191956, 0.0)
(34.903000, 34.152222, 0.0)
(34.905865, 34.150398, 0.0)
(34.920536, 34.153465, 0.0)
(34.913010, 34.141991, 0.0)
(34.923573, 34.155334, 0.0)
(34.935505, 34.170498, 0.0)
(34.936279, 34.169106, 0.0)
(34.926781, 34.166668, 0.0)
(34.928429, 34.170628, 0.0)
(34.909187, 34.186035, 0.0)
(34.908997, 34.174587, 0.0)
(34.893856, 34.199047, 0.0)
(34.902370, 34.163761, 0.0)
(35.411110, 33.074631, 0.0)
(36.039440, 31.544067, 0.0)
(36.046242, 31.274591, 0.0)
(36.012863, 31.313639, 0.0)
(35.994759, 31.335920, 0.0)
(35.981544, 31.321724, 0.0)
(35.970116, 31.308456, 0.0)
(35.984791, 31.276676, 0.0)
(36.000847, 31.265547, 0.0)
(36.019936, 31.243568, 0.0)
(36.524284, 31.567961, 0.0)
(38.104809, 34.221478, 0.0)
(38.039127, 36.442768, 0.0)
(37.882900, 36.462860, 0.0)
(37.864384, 36.430084, 0.0)
(37.857159, 36.441113, 0.0)
(37.847359, 36.436607, 0.0)
(37.835228, 36.460186, 0.0)
(38.158283, 36.943504, 0.0)
(38.153641, 36.931496, 0.0)
(38.137630, 36.933418, 0.0)
(38.113964, 36.955414, 0.0)
(38.106743, 36.916557, 0.0)
(38.082611, 36.913139, 0.0)
(38.069122, 36.930771, 0.0)
(38.039188, 36.891296, 0.0)
(38.043327, 36.868168, 0.0)
(38.055771, 36.938519, 0.0)
(38.054413, 36.970169, 0.0)
(38.049061, 37.006351, 0.0)
(38.051098, 36.994453, 0.0)
(38.045887, 36.988029, 0.0)
(38.043377, 36.984085, 0.0)
(38.037422, 36.979881, 0.0)
(38.185665, 34.748718, 0.0)
(38.579975, 32.096043, 0.0)
(38.558449, 31.864927, 0.0)
(38.498539, 31.947599, 0.0)
(38.480324, 31.947138, 0.0)
(38.482784, 31.973011, 0.0)
(38.464058, 32.002312, 0.0)
(38.443745, 31.991018, 0.0)
(38.445900, 31.962622, 0.0)
(38.462189, 31.951180, 0.0)
(38.450314, 31.968494, 0.0)
(38.393379, 31.906582, 0.0)
(38.401669, 31.934883, 0.0)
(38.409908, 31.953062, 0.0)
(38.430294, 31.964325, 0.0)
(38.498390, 31.986034, 0.0)
(38.467167, 32.000351, 0.0)
(38.428398, 31.984398, 0.0)
(38.426319, 31.971729, 0.0)
(38.344845, 31.931871, 0.0)
(38.348564, 31.923456, 0.0)
(38.404751, 31.949438, 0.0)
(38.457573, 32.243546, 0.0)
(38.286301, 34.463043, 0.0)
(38.186691, 35.011166, 0.0)
(38.180573, 35.048992, 0.0)
(38.165409, 35.049557, 0.0)
(38.140430, 35.050686, 0.0)
(38.124527, 35.063152, 0.0)
(38.096241, 35.058598, 0.0)
(38.120502, 35.061302, 0.0)
(38.129280, 35.050499, 0.0)
(38.125549, 35.062759, 0.0)
(38.152042, 36.535179, 0.0)
(38.022243, 36.906132, 0.0)
(37.986496, 36.917614, 0.0)
(37.980370, 36.921635, 0.0)
(37.952568, 36.908123, 0.0)
(37.955200, 36.916996, 0.0)
(37.948120, 36.930050, 0.0)
(37.947083, 36.927120, 0.0)
(37.925766, 36.948639, 0.0)
(37.931610, 36.928253, 0.0)
(37.934597, 36.942883, 0.0)
(37.923069, 36.965874, 0.0)
(37.914055, 36.955936, 0.0)
(37.912434, 36.945454, 0.0)
(37.911968, 36.959793, 0.0)
(37.903870, 36.955788, 0.0)
(37.896317, 36.954189, 0.0)
(37.902298, 36.942097, 0.0)
(37.893597, 36.956707, 0.0)
(37.892296, 36.908001, 0.0)
(36.878643, 35.938789, 0.0)
