{
  "prompt": "black pupil.",
  "gsam2_centers": [
    {
      "valid": true,
      "cx": 219.31,
      "cy": 108.13,
      "area": 552,
      "det_score": 0.4138,
      "sam_score": 0.9624,
      "box": [
        206.7,
        93.6,
        233.3,
        122.6
      ],
      "repeats": [
        [
          219.28,
          108.09
        ],
        [
          219.37,
          108.27
        ],
        [
          219.36,
          108.18
        ],
        [
          219.39,
          108.1
        ],
        [
          220.37,
          108.1
        ]
      ],
      "idx": 1507,
      "mislabel": false,
      "mislabel_reason": "ok",
      "e_unet": 0.89
    },
    {
      "valid": true,
      "cx": 219.66,
      "cy": 108.73,
      "area": 550,
      "det_score": 0.4309,
      "sam_score": 0.9625,
      "box": [
        207.0,
        94.1,
        233.7,
        123.3
      ],
      "repeats": [
        [
          219.59,
          108.62
        ],
        [
          219.76,
          108.8
        ],
        [
          219.72,
          108.69
        ],
        [
          219.71,
          108.6
        ],
        [
          220.70999999999998,
          108.6
        ]
      ],
      "idx": 1508,
      "mislabel": false,
      "mislabel_reason": "ok",
      "e_unet": 1.11
    },
    {
      "valid": true,
      "cx": 219.85,
      "cy": 108.87,
      "area": 542,
      "det_score": 0.4371,
      "sam_score": 0.9629,
      "box": [
        207.1,
        94.5,
        233.7,
        123.5
      ],
      "repeats": [
        [
          219.72,
          108.82
        ],
        [
          219.81,
          108.89
        ],
        [
          219.83,
          108.79
        ],
        [
          219.85,
          108.89
        ],
        [
          220.92000000000002,
          108.93
        ]
      ],
      "idx": 1509,
      "mislabel": false,
      "mislabel_reason": "ok",
      "e_unet": 1.03
    },
    {
      "valid": true,
      "cx": 219.87,
      "cy": 108.88,
      "area": 543,
      "det_score": 0.4561,
      "sam_score": 0.9645,
      "box": [
        207.3,
        94.4,
        233.8,
        123.5
      ],
      "repeats": [
        [
          219.82,
          108.74
        ],
        [
          219.89,
          109.01
        ],
        [
          219.87,
          108.89
        ],
        [
          219.92,
          108.83
        ],
        [
          221.04000000000002,
          108.86
        ]
      ],
      "idx": 1510,
      "mislabel": false,
      "mislabel_reason": "ok",
      "e_unet": 1.03
    },
    {
      "valid": true,
      "cx": 219.93,
      "cy": 108.89,
      "area": 543,
      "det_score": 0.4359,
      "sam_score": 0.9641,
      "box": [
        207.5,
        94.4,
        233.9,
        123.4
      ],
      "repeats": [
        [
          219.92,
          108.73
        ],
        [
          220.06,
          108.95
        ],
        [
          219.99,
          108.8
        ],
        [
          220.04,
          108.86
        ],
        [
          221.16,
          108.85
        ]
      ],
      "idx": 1511,
      "mislabel": false,
      "mislabel_reason": "ok",
      "e_unet": 0.97
    },
    {
      "valid": true,
      "cx": 220.0,
      "cy": 108.84,
      "area": 543,
      "det_score": 0.4697,
      "sam_score": 0.9643,
      "box": [
        207.5,
        94.3,
        233.9,
        123.4
      ],
      "repeats": [
        [
          219.99,
          108.75
        ],
        [
          220.02,
          108.81
        ],
        [
          220.0,
          108.65
        ],
        [
          220.09,
          108.78
        ],
        [
          221.16,
          108.85
        ]
      ],
      "idx": 1512,
      "mislabel": false,
      "mislabel_reason": "ok",
      "e_unet": 1.04
    },
    {
      "valid": true,
      "cx": 217.89,
      "cy": 113.72,
      "area": 576,
      "det_score": 0.403,
      "sam_score": 0.9603,
      "box": [
        205.4,
        98.1,
        232.0,
        129.4
      ],
      "repeats": [
        [
          217.9,
          113.75
        ],
        [
          218.0,
          113.77
        ],
        [
          217.96,
          113.79
        ],
        [
          218.0,
          113.69
        ],
        [
          219.05,
          113.76
        ]
      ],
      "idx": 1513,
      "mislabel": false,
      "mislabel_reason": "ok",
      "e_unet": 1.13
    }
  ]
}