{
  "prompt": "black pupil.",
  "gsam2_centers": [
    {
      "valid": true,
      "cx": 130.94,
      "cy": 100.77,
      "area": 350,
      "det_score": 0.3181,
      "sam_score": 0.9499,
      "box": [
        120.1,
        87.7,
        142.9,
        113.9
      ],
      "repeats": [
        [
          130.97,
          100.56
        ],
        [
          130.99,
          100.74
        ],
        [
          131.01,
          100.65
        ],
        [
          131.14,
          100.5
        ],
        [
          132.15,
          100.56
        ]
      ],
      "idx": 305,
      "mislabel": false,
      "mislabel_reason": "ok",
      "e_unet": 1.13
    },
    {
      "valid": true,
      "cx": 130.8,
      "cy": 100.69,
      "area": 338,
      "det_score": 0.3224,
      "sam_score": 0.949,
      "box": [
        120.2,
        88.1,
        142.7,
        113.6
      ],
      "repeats": [
        [
          130.81,
          100.58
        ],
        [
          130.84,
          100.72
        ],
        [
          130.87,
          100.65
        ],
        [
          131.03,
          100.47
        ],
        [
          132.01,
          100.56
        ]
      ],
      "idx": 306,
      "mislabel": false,
      "mislabel_reason": "ok",
      "e_unet": 0.97
    },
    {
      "valid": true,
      "cx": 130.76,
      "cy": 100.62,
      "area": 331,
      "det_score": 0.3142,
      "sam_score": 0.9464,
      "box": [
        120.1,
        88.0,
        142.5,
        113.4
      ],
      "repeats": [
        [
          130.78,
          100.62
        ],
        [
          130.70999999999998,
          100.77
        ],
        [
          130.78,
          100.63
        ],
        [
          130.85,
          100.48
        ],
        [
          131.93,
          100.51
        ]
      ],
      "idx": 307,
      "mislabel": false,
      "mislabel_reason": "ok",
      "e_unet": 0.93
    },
    {
      "valid": true,
      "cx": 130.8,
      "cy": 100.43,
      "area": 326,
      "det_score": 0.302,
      "sam_score": 0.9467,
      "box": [
        120.3,
        88.0,
        142.3,
        113.1
      ],
      "repeats": [
        [
          130.78,
          100.32
        ],
        [
          130.82999999999998,
          100.47
        ],
        [
          130.89,
          100.37
        ],
        [
          130.95999999999998,
          100.23
        ],
        [
          131.89,
          100.48
        ]
      ],
      "idx": 308,
      "mislabel": false,
      "mislabel_reason": "ok",
      "e_unet": 0.96
    },
    {
      "valid": true,
      "cx": 130.64,
      "cy": 100.4,
      "area": 322,
      "det_score": 0.3092,
      "sam_score": 0.9471,
      "box": [
        120.3,
        87.9,
        142.3,
        112.9
      ],
      "repeats": [
        [
          130.75,
          100.24
        ],
        [
          130.73000000000002,
          100.44
        ],
        [
          130.84,
          100.18
        ],
        [
          130.9,
          100.15
        ],
        [
          131.84,
          100.38
        ]
      ],
      "idx": 309,
      "mislabel": false,
      "mislabel_reason": "ok",
      "e_unet": 1.0
    },
    {
      "valid": true,
      "cx": 130.72,
      "cy": 100.28,
      "area": 317,
      "det_score": 0.3078,
      "sam_score": 0.9465,
      "box": [
        120.4,
        88.0,
        142.2,
        112.8
      ],
      "repeats": [
        [
          130.8,
          100.12
        ],
        [
          130.7,
          100.37
        ],
        [
          130.79000000000002,
          100.14
        ],
        [
          130.89,
          100.07
        ],
        [
          131.9,
          100.21
        ]
      ],
      "idx": 310,
      "mislabel": false,
      "mislabel_reason": "ok",
      "e_unet": 0.87
    },
    {
      "valid": true,
      "cx": 130.7,
      "cy": 100.26,
      "area": 311,
      "det_score": 0.3064,
      "sam_score": 0.9471,
      "box": [
        120.5,
        88.0,
        142.1,
        112.7
      ],
      "repeats": [
        [
          130.74,
          100.07
        ],
        [
          130.79000000000002,
          100.22
        ],
        [
          130.79000000000002,
          100.15
        ],
        [
          130.91,
          99.96
        ],
        [
          131.96,
          100.02
        ]
      ],
      "idx": 311,
      "mislabel": false,
      "mislabel_reason": "ok",
      "e_unet": 0.88
    },
    {
      "valid": true,
      "cx": 130.78,
      "cy": 100.09,
      "area": 306,
      "det_score": 0.2959,
      "sam_score": 0.9465,
      "box": [
        120.5,
        87.9,
        142.2,
        112.6
      ],
      "repeats": [
        [
          130.84,
          99.99
        ],
        [
          130.8,
          100.13
        ],
        [
          130.82,
          100.06
        ],
        [
          130.92000000000002,
          99.88
        ],
        [
          131.91,
          100.02
        ]
      ],
      "idx": 312,
      "mislabel": false,
      "mislabel_reason": "ok",
      "e_unet": 0.87
    },
    {
      "valid": true,
      "cx": 130.69,
      "cy": 100.29,
      "area": 312,
      "det_score": 0.3066,
      "sam_score": 0.9467,
      "box": [
        120.5,
        88.0,
        142.1,
        112.6
      ],
      "repeats": [
        [
          130.78,
          100.09
        ],
        [
          130.68,
          100.45
        ],
        [
          130.8,
          100.14
        ],
        [
          130.92000000000002,
          99.96
        ],
        [
          131.87,
          100.12
        ]
      ],
      "idx": 313,
      "mislabel": false,
      "mislabel_reason": "ok",
      "e_unet": 0.84
    },
    {
      "valid": true,
      "cx": 130.72,
      "cy": 100.3,
      "area": 318,
      "det_score": 0.3108,
      "sam_score": 0.9472,
      "box": [
        120.4,
        88.1,
        142.1,
        112.8
      ],
      "repeats": [
        [
          130.74,
          100.12
        ],
        [
          130.69,
          100.45
        ],
        [
          130.79000000000002,
          100.2
        ],
        [
          130.89,
          100.07
        ],
        [
          131.88,
          100.24
        ]
      ],
      "idx": 314,
      "mislabel": false,
      "mislabel_reason": "ok",
      "e_unet": 0.88
    },
    {
      "valid": true,
      "cx": 130.70999999999998,
      "cy": 100.35,
      "area": 321,
      "det_score": 0.3012,
      "sam_score": 0.9491,
      "box": [
        120.4,
        88.1,
        142.3,
        112.8
      ],
      "repeats": [
        [
          130.76999999999998,
          100.2
        ],
        [
          130.7,
          100.41
        ],
        [
          130.89,
          100.13
        ],
        [
          130.93,
          100.12
        ],
        [
          131.91,
          100.3
        ]
      ],
      "idx": 315,
      "mislabel": false,
      "mislabel_reason": "ok",
      "e_unet": 0.82
    }
  ]
}