{
  "prompt": "black pupil.",
  "gsam2_centers": [
    {
      "valid": true,
      "cx": 230.68,
      "cy": 130.01999999999998,
      "area": 667,
      "det_score": 0.4176,
      "sam_score": 0.9615,
      "box": [
        215.9,
        115.9,
        247.2,
        144.6
      ],
      "repeats": [
        [
          230.63,
          129.98000000000002
        ],
        [
          230.83,
          130.11
        ],
        [
          230.63,
          130.07999999999998
        ],
        [
          230.73,
          129.95999999999998
        ],
        [
          231.86,
          130.04000000000002
        ]
      ],
      "idx": 1307,
      "mislabel": false,
      "mislabel_reason": "ok",
      "e_unet": 0.83
    },
    {
      "valid": true,
      "cx": 231.29,
      "cy": 130.32,
      "area": 673,
      "det_score": 0.4337,
      "sam_score": 0.9603,
      "box": [
        216.3,
        116.0,
        247.7,
        144.9
      ],
      "repeats": [
        [
          231.18,
          130.24
        ],
        [
          231.41,
          130.37
        ],
        [
          231.17,
          130.28
        ],
        [
          231.39,
          130.26999999999998
        ],
        [
          232.32999999999998,
          130.29000000000002
        ]
      ],
      "idx": 1308,
      "mislabel": false,
      "mislabel_reason": "ok",
      "e_unet": 0.89
    },
    {
      "valid": true,
      "cx": 231.72,
      "cy": 130.48000000000002,
      "area": 673,
      "det_score": 0.4078,
      "sam_score": 0.9591,
      "box": [
        217.0,
        116.2,
        248.4,
        145.2
      ],
      "repeats": [
        [
          231.9,
          130.42000000000002
        ],
        [
          232.0,
          130.53
        ],
        [
          231.88,
          130.44
        ],
        [
          232.02,
          130.45999999999998
        ],
        [
          232.97,
          130.47
        ]
      ],
      "idx": 1309,
      "mislabel": false,
      "mislabel_reason": "ok",
      "e_unet": 0.83
    },
    {
      "valid": true,
      "cx": 232.63,
      "cy": 130.72,
      "area": 665,
      "det_score": 0.4184,
      "sam_score": 0.9609,
      "box": [
        217.6,
        116.3,
        249.0,
        145.2
      ],
      "repeats": [
        [
          232.46,
          130.57999999999998
        ],
        [
          232.67,
          130.79000000000002
        ],
        [
          232.6,
          130.66
        ],
        [
          232.65,
          130.62
        ],
        [
          233.75,
          130.70999999999998
        ]
      ],
      "idx": 1310,
      "mislabel": false,
      "mislabel_reason": "ok",
      "e_unet": 0.97
    },
    {
      "valid": true,
      "cx": 233.23,
      "cy": 130.86,
      "area": 666,
      "det_score": 0.4259,
      "sam_score": 0.9641,
      "box": [
        218.2,
        116.5,
        249.6,
        145.4
      ],
      "repeats": [
        [
          233.17,
          130.82999999999998
        ],
        [
          233.27,
          130.94
        ],
        [
          233.24,
          130.87
        ],
        [
          233.25,
          130.81
        ],
        [
          234.24,
          130.85
        ]
      ],
      "idx": 1311,
      "mislabel": false,
      "mislabel_reason": "ok",
      "e_unet": 0.98
    },
    {
      "valid": true,
      "cx": 233.6,
      "cy": 130.82999999999998,
      "area": 655,
      "det_score": 0.4294,
      "sam_score": 0.9654,
      "box": [
        218.7,
        116.6,
        250.1,
        145.5
      ],
      "repeats": [
        [
          233.63,
          130.84
        ],
        [
          233.73,
          130.88
        ],
        [
          233.63,
          130.87
        ],
        [
          233.7,
          130.85
        ],
        [
          234.74,
          130.88
        ]
      ],
      "idx": 1312,
      "mislabel": false,
      "mislabel_reason": "ok",
      "e_unet": 0.77
    },
    {
      "valid": true,
      "cx": 235.07,
      "cy": 130.86,
      "area": 665,
      "det_score": 0.4227,
      "sam_score": 0.9655,
      "box": [
        220.0,
        116.6,
        251.5,
        145.5
      ],
      "repeats": [
        [
          235.1,
          130.73000000000002
        ],
        [
          235.2,
          130.95999999999998
        ],
        [
          235.14,
          130.81
        ],
        [
          235.22,
          130.82
        ],
        [
          236.32,
          130.8
        ]
      ],
      "idx": 1313,
      "mislabel": false,
      "mislabel_reason": "ok",
      "e_unet": 0.87
    }
  ]
}