{
  "prompt": "black pupil.",
  "gsam2_centers": [
    {
      "valid": true,
      "cx": 183.72,
      "cy": 132.15,
      "area": 1200,
      "det_score": 0.4458,
      "sam_score": 0.9646,
      "box": [
        162.9,
        111.3,
        204.6,
        152.6
      ],
      "repeats": [
        [
          183.72,
          132.13
        ],
        [
          183.74,
          132.17000000000002
        ],
        [
          183.74,
          132.17000000000002
        ],
        [
          183.72,
          132.11
        ],
        [
          184.78,
          132.0
        ]
      ],
      "idx": 2205,
      "mislabel": false,
      "mislabel_reason": "ok",
      "e_unet": 0.83
    },
    {
      "valid": true,
      "cx": 183.61,
      "cy": 131.44,
      "area": 1184,
      "det_score": 0.4537,
      "sam_score": 0.9667,
      "box": [
        163.1,
        110.9,
        204.6,
        151.6
      ],
      "repeats": [
        [
          183.61,
          131.38
        ],
        [
          183.62,
          131.62
        ],
        [
          183.61,
          131.53
        ],
        [
          183.64,
          131.38
        ],
        [
          184.61,
          131.34
        ]
      ],
      "idx": 2206,
      "mislabel": false,
      "mislabel_reason": "ok",
      "e_unet": 0.69
    },
    {
      "valid": true,
      "cx": 183.44,
      "cy": 130.5,
      "area": 1199,
      "det_score": 0.4737,
      "sam_score": 0.9674,
      "box": [
        163.4,
        109.6,
        204.6,
        151.0
      ],
      "repeats": [
        [
          183.4,
          130.34
        ],
        [
          183.52,
          130.61
        ],
        [
          183.52,
          130.54000000000002
        ],
        [
          183.48,
          130.37
        ],
        [
          184.53,
          130.5
        ]
      ],
      "idx": 2207,
      "mislabel": false,
      "mislabel_reason": "ok",
      "e_unet": 0.43
    },
    {
      "valid": true,
      "cx": 183.28,
      "cy": 129.76,
      "area": 1186,
      "det_score": 0.4495,
      "sam_score": 0.9662,
      "box": [
        163.3,
        109.2,
        204.3,
        150.0
      ],
      "repeats": [
        [
          183.23,
          129.76999999999998
        ],
        [
          183.36,
          129.86
        ],
        [
          183.32,
          129.88
        ],
        [
          183.35,
          129.73000000000002
        ],
        [
          184.42,
          129.85
        ]
      ],
      "idx": 2208,
      "mislabel": false,
      "mislabel_reason": "ok",
      "e_unet": 0.44
    },
    {
      "valid": true,
      "cx": 183.39,
      "cy": 129.45,
      "area": 1176,
      "det_score": 0.4092,
      "sam_score": 0.9625,
      "box": [
        163.6,
        108.8,
        204.4,
        149.4
      ],
      "repeats": [
        [
          183.38,
          129.39
        ],
        [
          183.47,
          129.57
        ],
        [
          183.45,
          129.51
        ],
        [
          183.48,
          129.34
        ],
        [
          184.53,
          129.53
        ]
      ],
      "idx": 2209,
      "mislabel": false,
      "mislabel_reason": "ok",
      "e_unet": 0.46
    },
    {
      "valid": true,
      "cx": 183.8,
      "cy": 128.68,
      "area": 1167,
      "det_score": 0.3864,
      "sam_score": 0.9623,
      "box": [
        163.8,
        108.5,
        204.5,
        148.9
      ],
      "repeats": [
        [
          183.69,
          128.74
        ],
        [
          183.85,
          128.79000000000002
        ],
        [
          183.79,
          128.76999999999998
        ],
        [
          183.89,
          128.41
        ],
        [
          184.55,
          128.95
        ]
      ],
      "idx": 2210,
      "mislabel": false,
      "mislabel_reason": "ok",
      "e_unet": 0.71
    },
    {
      "valid": true,
      "cx": 183.69,
      "cy": 128.05,
      "area": 1148,
      "det_score": 0.4011,
      "sam_score": 0.9629,
      "box": [
        163.8,
        108.9,
        204.1,
        148.2
      ],
      "repeats": [
        [
          183.86,
          127.9
        ],
        [
          183.82,
          128.04000000000002
        ],
        [
          183.8,
          128.07
        ],
        [
          183.84,
          128.04000000000002
        ],
        [
          184.68,
          128.19
        ]
      ],
      "idx": 2211,
      "mislabel": false,
      "mislabel_reason": "ok",
      "e_unet": 0.77
    },
    {
      "valid": true,
      "cx": 183.52,
      "cy": 127.91,
      "area": 1125,
      "det_score": 0.3722,
      "sam_score": 0.9636,
      "box": [
        164.0,
        108.1,
        204.2,
        147.6
      ],
      "repeats": [
        [
          183.49,
          127.79
        ],
        [
          183.54,
          127.93
        ],
        [
          183.52,
          127.86
        ],
        [
          183.65,
          127.64
        ],
        [
          184.55,
          127.87
        ]
      ],
      "idx": 2212,
      "mislabel": false,
      "mislabel_reason": "ok",
      "e_unet": 0.78
    },
    {
      "valid": true,
      "cx": 183.49,
      "cy": 127.19,
      "area": 1119,
      "det_score": 0.3646,
      "sam_score": 0.9632,
      "box": [
        163.9,
        107.8,
        204.2,
        146.7
      ],
      "repeats": [
        [
          183.39,
          127.09
        ],
        [
          183.48,
          127.31
        ],
        [
          183.46,
          127.22
        ],
        [
          183.73,
          126.86
        ],
        [
          184.45,
          127.26
        ]
      ],
      "idx": 2213,
      "mislabel": false,
      "mislabel_reason": "ok",
      "e_unet": 0.76
    },
    {
      "valid": true,
      "cx": 183.39,
      "cy": 126.65,
      "area": 1098,
      "det_score": 0.4124,
      "sam_score": 0.9633,
      "box": [
        163.8,
        108.2,
        204.1,
        146.1
      ],
      "repeats": [
        [
          183.43,
          126.66
        ],
        [
          183.42,
          126.67
        ],
        [
          183.46,
          126.68
        ],
        [
          183.61,
          126.46
        ],
        [
          184.57,
          126.7
        ]
      ],
      "idx": 2214,
      "mislabel": false,
      "mislabel_reason": "ok",
      "e_unet": 0.82
    },
    {
      "valid": true,
      "cx": 183.29,
      "cy": 126.06,
      "area": 1104,
      "det_score": 0.4138,
      "sam_score": 0.9639,
      "box": [
        163.8,
        106.9,
        203.9,
        145.6
      ],
      "repeats": [
        [
          183.24,
          126.04
        ],
        [
          183.32,
          126.11
        ],
        [
          183.32,
          126.06
        ],
        [
          183.5,
          125.92
        ],
        [
          184.49,
          125.94
        ]
      ],
      "idx": 2215,
      "mislabel": false,
      "mislabel_reason": "ok",
      "e_unet": 0.76
    }
  ]
}