{
  "prompt": "black pupil.",
  "gsam2_centers": [
    {
      "valid": true,
      "cx": 142.20999999999998,
      "cy": 149.81,
      "area": 1180,
      "det_score": 0.3374,
      "sam_score": 0.9673,
      "box": [
        122.5,
        129.5,
        162.9,
        170.5
      ],
      "repeats": [
        [
          142.23000000000002,
          149.79
        ],
        [
          142.22,
          149.85
        ],
        [
          142.18,
          149.81
        ],
        [
          142.26999999999998,
          149.73
        ],
        [
          143.36,
          149.89
        ]
      ],
      "idx": 1305,
      "mislabel": false,
      "mislabel_reason": "ok",
      "e_unet": 0.66
    },
    {
      "valid": true,
      "cx": 142.16,
      "cy": 149.82,
      "area": 1184,
      "det_score": 0.3309,
      "sam_score": 0.9667,
      "box": [
        122.4,
        129.4,
        162.8,
        170.5
      ],
      "repeats": [
        [
          142.19,
          149.71
        ],
        [
          142.22,
          149.86
        ],
        [
          142.2,
          149.82
        ],
        [
          142.24,
          149.69
        ],
        [
          143.32,
          149.85
        ]
      ],
      "idx": 1306,
      "mislabel": false,
      "mislabel_reason": "ok",
      "e_unet": 0.63
    },
    {
      "valid": true,
      "cx": 142.09,
      "cy": 149.98,
      "area": 1187,
      "det_score": 0.3185,
      "sam_score": 0.9674,
      "box": [
        122.4,
        129.5,
        162.9,
        170.6
      ],
      "repeats": [
        [
          142.19,
          149.86
        ],
        [
          142.1,
          149.99
        ],
        [
          142.16,
          149.92
        ],
        [
          142.19,
          149.86
        ],
        [
          143.37,
          149.8
        ]
      ],
      "idx": 1307,
      "mislabel": false,
      "mislabel_reason": "ok",
      "e_unet": 0.6
    },
    {
      "valid": true,
      "cx": 142.01,
      "cy": 150.15,
      "area": 1191,
      "det_score": 0.3302,
      "sam_score": 0.9675,
      "box": [
        122.2,
        129.5,
        162.7,
        171.0
      ],
      "repeats": [
        [
          142.1,
          150.09
        ],
        [
          142.0,
          150.23
        ],
        [
          142.01,
          150.2
        ],
        [
          142.07999999999998,
          150.09
        ],
        [
          143.27,
          150.03
        ]
      ],
      "idx": 1308,
      "mislabel": false,
      "mislabel_reason": "ok",
      "e_unet": 0.61
    },
    {
      "valid": true,
      "cx": 142.06,
      "cy": 150.28,
      "area": 1190,
      "det_score": 0.3294,
      "sam_score": 0.9672,
      "box": [
        122.6,
        129.7,
        162.7,
        171.1
      ],
      "repeats": [
        [
          142.04000000000002,
          150.25
        ],
        [
          142.13,
          150.35
        ],
        [
          142.07999999999998,
          150.31
        ],
        [
          142.09,
          150.23
        ],
        [
          143.39,
          150.28
        ]
      ],
      "idx": 1309,
      "mislabel": false,
      "mislabel_reason": "ok",
      "e_unet": 0.58
    },
    {
      "valid": true,
      "cx": 142.06,
      "cy": 150.42,
      "area": 1188,
      "det_score": 0.3464,
      "sam_score": 0.9664,
      "box": [
        122.5,
        129.8,
        162.8,
        171.2
      ],
      "repeats": [
        [
          142.07,
          150.37
        ],
        [
          142.12,
          150.54
        ],
        [
          142.05,
          150.44
        ],
        [
          142.12,
          150.35
        ],
        [
          143.37,
          150.39
        ]
      ],
      "idx": 1310,
      "mislabel": false,
      "mislabel_reason": "ok",
      "e_unet": 0.61
    },
    {
      "valid": true,
      "cx": 142.05,
      "cy": 150.28,
      "area": 1189,
      "det_score": 0.3205,
      "sam_score": 0.9667,
      "box": [
        122.4,
        129.8,
        162.9,
        171.0
      ],
      "repeats": [
        [
          142.05,
          150.29
        ],
        [
          142.06,
          150.36
        ],
        [
          142.06,
          150.33
        ],
        [
          142.07999999999998,
          150.24
        ],
        [
          143.29,
          150.29
        ]
      ],
      "idx": 1311,
      "mislabel": false,
      "mislabel_reason": "ok",
      "e_unet": 0.62
    },
    {
      "valid": true,
      "cx": 120.99,
      "cy": 154.98,
      "area": 1114,
      "det_score": 0.3998,
      "sam_score": 0.9687,
      "box": [
        102.8,
        135.6,
        140.2,
        175.8
      ],
      "repeats": [
        [
          120.93,
          154.94
        ],
        [
          121.0,
          155.06
        ],
        [
          120.95,
          155.04
        ],
        [
          121.05,
          154.91
        ],
        [
          122.07,
          155.06
        ]
      ],
      "idx": 1312,
      "mislabel": false,
      "mislabel_reason": "ok",
      "e_unet": 0.65
    },
    {
      "valid": true,
      "cx": 105.38,
      "cy": 162.22,
      "area": 1036,
      "det_score": 0.4329,
      "sam_score": 0.9653,
      "box": [
        89.1,
        141.2,
        124.2,
        183.2
      ],
      "repeats": [
        [
          105.69,
          162.32
        ],
        [
          105.76,
          162.39
        ],
        [
          105.38,
          162.32
        ],
        [
          105.77,
          162.26
        ],
        [
          106.85,
          162.25
        ]
      ],
      "idx": 1313,
      "mislabel": false,
      "mislabel_reason": "ok",
      "e_unet": 0.61
    },
    {
      "valid": true,
      "cx": 106.22,
      "cy": 162.03,
      "area": 1037,
      "det_score": 0.4198,
      "sam_score": 0.9704,
      "box": [
        89.6,
        141.1,
        124.3,
        183.1
      ],
      "repeats": [
        [
          106.23,
          162.01
        ],
        [
          106.24,
          162.09
        ],
        [
          106.24,
          162.03
        ],
        [
          106.29,
          162.0
        ],
        [
          107.36000000000001,
          162.0
        ]
      ],
      "idx": 1314,
      "mislabel": false,
      "mislabel_reason": "ok",
      "e_unet": 0.7
    },
    {
      "valid": true,
      "cx": 106.21,
      "cy": 161.92,
      "area": 1042,
      "det_score": 0.4147,
      "sam_score": 0.9702,
      "box": [
        89.6,
        141.0,
        124.4,
        183.0
      ],
      "repeats": [
        [
          106.22,
          161.87
        ],
        [
          106.28,
          162.0
        ],
        [
          106.28,
          161.93
        ],
        [
          106.28,
          161.82
        ],
        [
          107.41999999999999,
          161.89
        ]
      ],
      "idx": 1315,
      "mislabel": false,
      "mislabel_reason": "ok",
      "e_unet": 0.61
    }
  ]
}