{
  "prompt": "black pupil.",
  "gsam2_centers": [
    {
      "valid": true,
      "cx": 135.44,
      "cy": 150.86,
      "area": 1019,
      "det_score": 0.4116,
      "sam_score": 0.9715,
      "box": [
        119.5,
        129.2,
        152.4,
        172.3
      ],
      "repeats": [
        [
          135.45999999999998,
          150.8
        ],
        [
          135.42000000000002,
          150.91
        ],
        [
          135.45999999999998,
          150.86
        ],
        [
          135.5,
          150.77
        ],
        [
          136.56,
          150.85
        ]
      ],
      "idx": 605,
      "mislabel": false,
      "mislabel_reason": "ok",
      "e_unet": 1.62
    },
    {
      "valid": true,
      "cx": 135.72,
      "cy": 150.69,
      "area": 988,
      "det_score": 0.4114,
      "sam_score": 0.9695,
      "box": [
        120.2,
        128.9,
        152.2,
        172.4
      ],
      "repeats": [
        [
          135.66,
          150.55
        ],
        [
          135.74,
          150.73
        ],
        [
          135.75,
          150.69
        ],
        [
          135.74,
          150.57
        ],
        [
          136.88,
          150.74
        ]
      ],
      "idx": 606,
      "mislabel": false,
      "mislabel_reason": "ok",
      "e_unet": 1.54
    },
    {
      "valid": true,
      "cx": 136.19,
      "cy": 150.36,
      "area": 980,
      "det_score": 0.4173,
      "sam_score": 0.9709,
      "box": [
        120.7,
        128.8,
        152.7,
        172.1
      ],
      "repeats": [
        [
          136.18,
          150.34
        ],
        [
          136.19,
          150.38
        ],
        [
          136.19,
          150.36
        ],
        [
          136.24,
          150.33
        ],
        [
          137.31,
          150.4
        ]
      ],
      "idx": 607,
      "mislabel": false,
      "mislabel_reason": "ok",
      "e_unet": 1.48
    },
    {
      "valid": true,
      "cx": 137.01,
      "cy": 150.22,
      "area": 974,
      "det_score": 0.4034,
      "sam_score": 0.9708,
      "box": [
        121.6,
        128.7,
        153.6,
        171.7
      ],
      "repeats": [
        [
          137.04000000000002,
          150.21
        ],
        [
          137.01,
          150.25
        ],
        [
          137.01,
          150.22
        ],
        [
          137.04000000000002,
          150.18
        ],
        [
          138.15,
          150.17
        ]
      ],
      "idx": 608,
      "mislabel": false,
      "mislabel_reason": "ok",
      "e_unet": 1.43
    },
    {
      "valid": true,
      "cx": 137.75,
      "cy": 150.03,
      "area": 980,
      "det_score": 0.3843,
      "sam_score": 0.9693,
      "box": [
        122.2,
        128.9,
        154.3,
        171.4
      ],
      "repeats": [
        [
          137.76,
          150.0
        ],
        [
          137.79000000000002,
          150.06
        ],
        [
          137.76,
          150.02
        ],
        [
          137.78,
          150.01
        ],
        [
          138.92,
          150.12
        ]
      ],
      "idx": 609,
      "mislabel": false,
      "mislabel_reason": "ok",
      "e_unet": 1.41
    },
    {
      "valid": true,
      "cx": 138.41,
      "cy": 149.89,
      "area": 986,
      "det_score": 0.3544,
      "sam_score": 0.9691,
      "box": [
        122.9,
        128.7,
        155.3,
        171.3
      ],
      "repeats": [
        [
          138.4,
          149.82
        ],
        [
          138.4,
          149.91
        ],
        [
          138.42000000000002,
          149.83
        ],
        [
          138.47,
          149.8
        ],
        [
          139.6,
          149.88
        ]
      ],
      "idx": 610,
      "mislabel": false,
      "mislabel_reason": "ok",
      "e_unet": 1.41
    },
    {
      "valid": true,
      "cx": 141.62,
      "cy": 148.77,
      "area": 3491,
      "det_score": 0.2759,
      "sam_score": 0.9234,
      "box": [
        107.4,
        115.4,
        173.3,
        179.7
      ],
      "repeats": [
        [
          141.18,
          148.77
        ],
        [
          141.29000000000002,
          149.15
        ],
        [
          141.6,
          148.93
        ],
        [
          142.20999999999998,
          148.28
        ],
        [
          142.22,
          149.54
        ]
      ],
      "idx": 611,
      "mislabel": false,
      "mislabel_reason": "ok",
      "e_unet": 2.81
    },
    {
      "valid": true,
      "cx": 140.15,
      "cy": 149.33,
      "area": 994,
      "det_score": 0.396,
      "sam_score": 0.969,
      "box": [
        124.5,
        128.4,
        157.4,
        170.3
      ],
      "repeats": [
        [
          140.13,
          149.28
        ],
        [
          140.15,
          149.36
        ],
        [
          140.16,
          149.31
        ],
        [
          140.22,
          149.2
        ],
        [
          141.29,
          149.33
        ]
      ],
      "idx": 612,
      "mislabel": false,
      "mislabel_reason": "ok",
      "e_unet": 1.17
    },
    {
      "valid": true,
      "cx": 141.05,
      "cy": 149.15,
      "area": 995,
      "det_score": 0.3947,
      "sam_score": 0.9698,
      "box": [
        125.2,
        128.5,
        158.2,
        170.2
      ],
      "repeats": [
        [
          140.99,
          149.16
        ],
        [
          141.05,
          149.18
        ],
        [
          141.06,
          149.18
        ],
        [
          141.13,
          149.1
        ],
        [
          142.19,
          149.21
        ]
      ],
      "idx": 613,
      "mislabel": false,
      "mislabel_reason": "ok",
      "e_unet": 1.19
    },
    {
      "valid": true,
      "cx": 142.04000000000002,
      "cy": 149.09,
      "area": 998,
      "det_score": 0.3628,
      "sam_score": 0.9705,
      "box": [
        126.0,
        128.5,
        159.4,
        170.1
      ],
      "repeats": [
        [
          141.9,
          149.0
        ],
        [
          142.03,
          149.09
        ],
        [
          142.01999999999998,
          149.04
        ],
        [
          142.06,
          149.01
        ],
        [
          143.19,
          149.12
        ]
      ],
      "idx": 614,
      "mislabel": false,
      "mislabel_reason": "ok",
      "e_unet": 1.17
    },
    {
      "valid": true,
      "cx": 142.8,
      "cy": 149.02,
      "area": 1001,
      "det_score": 0.3744,
      "sam_score": 0.9701,
      "box": [
        126.9,
        128.3,
        160.2,
        170.0
      ],
      "repeats": [
        [
          142.78,
          149.01
        ],
        [
          142.84,
          149.09
        ],
        [
          142.81,
          149.05
        ],
        [
          142.88,
          148.95
        ],
        [
          143.97,
          149.05
        ]
      ],
      "idx": 615,
      "mislabel": false,
      "mislabel_reason": "ok",
      "e_unet": 1.14
    }
  ]
}