{
  "prompt": "black pupil.",
  "gsam2_centers": [
    {
      "valid": true,
      "cx": 147.37,
      "cy": 115.89,
      "area": 1098,
      "det_score": 0.3716,
      "sam_score": 0.9725,
      "box": [
        127.4,
        96.9,
        168.1,
        135.0
      ],
      "repeats": [
        [
          147.25,
          115.86
        ],
        [
          147.37,
          115.89
        ],
        [
          147.4,
          115.86
        ],
        [
          147.70999999999998,
          115.84
        ],
        [
          148.55,
          115.83
        ]
      ],
      "idx": 305,
      "mislabel": false,
      "mislabel_reason": "ok",
      "e_unet": 0.83
    },
    {
      "valid": true,
      "cx": 147.39,
      "cy": 115.86,
      "area": 1089,
      "det_score": 0.3868,
      "sam_score": 0.9742,
      "box": [
        127.4,
        97.0,
        168.1,
        135.0
      ],
      "repeats": [
        [
          147.25,
          115.85
        ],
        [
          147.4,
          115.91
        ],
        [
          147.38,
          115.87
        ],
        [
          147.41,
          115.83
        ],
        [
          148.48,
          115.86
        ]
      ],
      "idx": 306,
      "mislabel": false,
      "mislabel_reason": "ok",
      "e_unet": 0.82
    },
    {
      "valid": true,
      "cx": 147.43,
      "cy": 115.84,
      "area": 1083,
      "det_score": 0.4022,
      "sam_score": 0.9737,
      "box": [
        127.4,
        97.0,
        168.2,
        135.0
      ],
      "repeats": [
        [
          147.24,
          115.82
        ],
        [
          147.39,
          115.85
        ],
        [
          147.44,
          115.78
        ],
        [
          147.45999999999998,
          115.79
        ],
        [
          148.45,
          115.83
        ]
      ],
      "idx": 307,
      "mislabel": false,
      "mislabel_reason": "ok",
      "e_unet": 0.84
    },
    {
      "valid": true,
      "cx": 147.91,
      "cy": 114.64,
      "area": 1065,
      "det_score": 0.4289,
      "sam_score": 0.9737,
      "box": [
        127.9,
        95.9,
        168.8,
        133.7
      ],
      "repeats": [
        [
          147.87,
          114.55
        ],
        [
          147.94,
          114.67
        ],
        [
          147.95,
          114.6
        ],
        [
          148.01999999999998,
          114.56
        ],
        [
          149.1,
          114.66
        ]
      ],
      "idx": 308,
      "mislabel": false,
      "mislabel_reason": "ok",
      "e_unet": 0.74
    },
    {
      "valid": true,
      "cx": 148.14,
      "cy": 114.12,
      "area": 1043,
      "det_score": 0.434,
      "sam_score": 0.9753,
      "box": [
        128.1,
        95.7,
        168.8,
        133.1
      ],
      "repeats": [
        [
          148.05,
          114.12
        ],
        [
          148.15,
          114.15
        ],
        [
          148.16,
          114.12
        ],
        [
          148.17000000000002,
          114.11
        ],
        [
          149.12,
          114.2
        ]
      ],
      "idx": 309,
      "mislabel": false,
      "mislabel_reason": "ok",
      "e_unet": 0.72
    },
    {
      "valid": true,
      "cx": 148.04000000000002,
      "cy": 114.14,
      "area": 1025,
      "det_score": 0.425,
      "sam_score": 0.9741,
      "box": [
        128.3,
        95.8,
        168.4,
        132.8
      ],
      "repeats": [
        [
          148.01999999999998,
          114.07
        ],
        [
          148.04000000000002,
          114.21
        ],
        [
          148.1,
          114.14
        ],
        [
          148.07999999999998,
          114.07
        ],
        [
          149.27,
          114.12
        ]
      ],
      "idx": 310,
      "mislabel": false,
      "mislabel_reason": "ok",
      "e_unet": 0.8
    },
    {
      "valid": true,
      "cx": 148.01999999999998,
      "cy": 114.0,
      "area": 999,
      "det_score": 0.4054,
      "sam_score": 0.9733,
      "box": [
        128.5,
        95.9,
        168.0,
        132.5
      ],
      "repeats": [
        [
          147.84,
          114.01
        ],
        [
          148.01999999999998,
          114.02
        ],
        [
          148.07,
          113.98
        ],
        [
          148.07999999999998,
          113.97
        ],
        [
          149.14,
          113.97
        ]
      ],
      "idx": 311,
      "mislabel": false,
      "mislabel_reason": "ok",
      "e_unet": 0.82
    },
    {
      "valid": true,
      "cx": 147.89,
      "cy": 113.85,
      "area": 958,
      "det_score": 0.4002,
      "sam_score": 0.9722,
      "box": [
        128.8,
        96.2,
        167.7,
        132.1
      ],
      "repeats": [
        [
          147.76999999999998,
          113.84
        ],
        [
          147.93,
          113.86
        ],
        [
          147.94,
          113.8
        ],
        [
          148.01999999999998,
          113.81
        ],
        [
          149.18,
          113.9
        ]
      ],
      "idx": 312,
      "mislabel": false,
      "mislabel_reason": "ok",
      "e_unet": 0.72
    },
    {
      "valid": true,
      "cx": 147.63,
      "cy": 113.73,
      "area": 921,
      "det_score": 0.43,
      "sam_score": 0.9718,
      "box": [
        129.0,
        96.4,
        167.0,
        131.5
      ],
      "repeats": [
        [
          147.6,
          113.71
        ],
        [
          147.61,
          113.8
        ],
        [
          147.75,
          113.74
        ],
        [
          147.74,
          113.66
        ],
        [
          148.95,
          113.72
        ]
      ],
      "idx": 313,
      "mislabel": false,
      "mislabel_reason": "ok",
      "e_unet": 0.71
    },
    {
      "valid": true,
      "cx": 144.35,
      "cy": 116.42,
      "area": 888,
      "det_score": 0.3668,
      "sam_score": 0.9713,
      "box": [
        126.6,
        99.2,
        163.0,
        133.9
      ],
      "repeats": [
        [
          144.38,
          116.36
        ],
        [
          144.31,
          116.5
        ],
        [
          144.37,
          116.39
        ],
        [
          144.44,
          116.35
        ],
        [
          145.61,
          116.41
        ]
      ],
      "idx": 314,
      "mislabel": false,
      "mislabel_reason": "ok",
      "e_unet": 0.71
    },
    {
      "valid": true,
      "cx": 141.32999999999998,
      "cy": 120.16,
      "area": 701,
      "det_score": 0.3925,
      "sam_score": 0.9613,
      "box": [
        123.5,
        105.8,
        158.5,
        135.0
      ],
      "repeats": [
        [
          141.06,
          120.3
        ],
        [
          141.32,
          120.17
        ],
        [
          141.12,
          120.26
        ],
        [
          141.32,
          120.08
        ],
        [
          142.26,
          120.36
        ]
      ],
      "idx": 315,
      "mislabel": false,
      "mislabel_reason": "ok",
      "e_unet": 1.18
    }
  ]
}