{
  "prompt": "black pupil.",
  "gsam2_centers": [
    {
      "valid": true,
      "cx": 227.61,
      "cy": 145.26,
      "area": 982,
      "det_score": 0.4625,
      "sam_score": 0.9717,
      "box": [
        211.3,
        126.0,
        245.4,
        166.4
      ],
      "repeats": [
        [
          227.56,
          145.25
        ],
        [
          227.65,
          145.42
        ],
        [
          227.65,
          145.42
        ],
        [
          227.73,
          145.44
        ],
        [
          228.74,
          145.28
        ]
      ],
      "idx": 1707,
      "mislabel": false,
      "mislabel_reason": "ok",
      "e_unet": 0.59
    },
    {
      "valid": true,
      "cx": 230.68,
      "cy": 137.39,
      "area": 935,
      "det_score": 0.5106,
      "sam_score": 0.9652,
      "box": [
        214.5,
        118.2,
        248.3,
        158.4
      ],
      "repeats": [
        [
          230.64,
          137.43
        ],
        [
          230.62,
          137.56
        ],
        [
          230.62,
          137.55
        ],
        [
          230.71,
          137.5
        ],
        [
          231.82,
          137.70999999999998
        ]
      ],
      "idx": 1708,
      "mislabel": false,
      "mislabel_reason": "ok",
      "e_unet": 0.74
    },
    {
      "valid": true,
      "cx": 231.47,
      "cy": 132.15,
      "area": 912,
      "det_score": 0.5643,
      "sam_score": 0.9699,
      "box": [
        215.4,
        112.5,
        248.4,
        152.9
      ],
      "repeats": [
        [
          231.45,
          132.06
        ],
        [
          231.53,
          132.23000000000002
        ],
        [
          231.51,
          132.18
        ],
        [
          231.51,
          132.11
        ],
        [
          232.57,
          132.24
        ]
      ],
      "idx": 1709,
      "mislabel": false,
      "mislabel_reason": "ok",
      "e_unet": 0.56
    },
    {
      "valid": true,
      "cx": 231.45,
      "cy": 132.3,
      "area": 910,
      "det_score": 0.544,
      "sam_score": 0.9701,
      "box": [
        215.3,
        112.6,
        248.4,
        153.0
      ],
      "repeats": [
        [
          231.44,
          132.20999999999998
        ],
        [
          231.45,
          132.31
        ],
        [
          231.42,
          132.2
        ],
        [
          231.44,
          132.19
        ],
        [
          232.53,
          132.3
        ]
      ],
      "idx": 1710,
      "mislabel": false,
      "mislabel_reason": "ok",
      "e_unet": 0.77
    },
    {
      "valid": true,
      "cx": 231.48,
      "cy": 132.39,
      "area": 922,
      "det_score": 0.5231,
      "sam_score": 0.9705,
      "box": [
        215.4,
        112.6,
        248.4,
        153.1
      ],
      "repeats": [
        [
          231.42,
          132.39
        ],
        [
          231.49,
          132.44
        ],
        [
          231.48,
          132.42000000000002
        ],
        [
          231.46,
          132.34
        ],
        [
          232.57,
          132.4
        ]
      ],
      "idx": 1711,
      "mislabel": false,
      "mislabel_reason": "ok",
      "e_unet": 0.79
    },
    {
      "valid": true,
      "cx": 231.53,
      "cy": 132.41,
      "area": 934,
      "det_score": 0.5363,
      "sam_score": 0.9714,
      "box": [
        215.4,
        112.5,
        248.5,
        153.2
      ],
      "repeats": [
        [
          231.53,
          132.39
        ],
        [
          231.54,
          132.44
        ],
        [
          231.54,
          132.4
        ],
        [
          231.53,
          132.20999999999998
        ],
        [
          232.63,
          132.4
        ]
      ],
      "idx": 1712,
      "mislabel": false,
      "mislabel_reason": "ok",
      "e_unet": 0.7
    },
    {
      "valid": true,
      "cx": 231.45,
      "cy": 132.45999999999998,
      "area": 939,
      "det_score": 0.5479,
      "sam_score": 0.9715,
      "box": [
        215.3,
        112.6,
        248.5,
        153.3
      ],
      "repeats": [
        [
          231.48,
          132.45999999999998
        ],
        [
          231.45,
          132.45
        ],
        [
          231.45,
          132.45
        ],
        [
          231.46,
          132.4
        ],
        [
          232.51,
          132.49
        ]
      ],
      "idx": 1713,
      "mislabel": false,
      "mislabel_reason": "ok",
      "e_unet": 0.68
    }
  ]
}