{
  "prompt": "black pupil.",
  "gsam2_centers": [
    {
      "valid": true,
      "cx": 124.85,
      "cy": 145.25,
      "area": 952,
      "det_score": 0.3145,
      "sam_score": 0.9672,
      "box": [
        110.2,
        122.8,
        140.4,
        167.6
      ],
      "repeats": [
        [
          124.81,
          145.22
        ],
        [
          124.9,
          145.25
        ],
        [
          124.94,
          145.2
        ],
        [
          124.95,
          145.12
        ],
        [
          125.97,
          145.25
        ]
      ],
      "idx": 805,
      "mislabel": false,
      "mislabel_reason": "ok",
      "e_unet": 2.3
    },
    {
      "valid": true,
      "cx": 124.93,
      "cy": 145.28,
      "area": 954,
      "det_score": 0.358,
      "sam_score": 0.9669,
      "box": [
        110.1,
        122.8,
        140.6,
        168.0
      ],
      "repeats": [
        [
          124.91,
          145.27
        ],
        [
          124.95,
          145.29
        ],
        [
          124.95,
          145.28
        ],
        [
          125.02,
          145.22
        ],
        [
          126.05000000000001,
          145.32
        ]
      ],
      "idx": 806,
      "mislabel": false,
      "mislabel_reason": "ok",
      "e_unet": 2.28
    },
    {
      "valid": true,
      "cx": 124.99,
      "cy": 145.35,
      "area": 963,
      "det_score": 0.3642,
      "sam_score": 0.9686,
      "box": [
        109.9,
        122.7,
        140.6,
        168.1
      ],
      "repeats": [
        [
          124.99,
          145.33
        ],
        [
          125.01,
          145.33
        ],
        [
          125.0,
          145.38
        ],
        [
          125.03,
          145.31
        ],
        [
          126.03,
          145.36
        ]
      ],
      "idx": 807,
      "mislabel": false,
      "mislabel_reason": "ok",
      "e_unet": 2.18
    },
    {
      "valid": true,
      "cx": 125.14,
      "cy": 145.29,
      "area": 974,
      "det_score": 0.3517,
      "sam_score": 0.9665,
      "box": [
        110.1,
        122.5,
        141.0,
        168.2
      ],
      "repeats": [
        [
          125.08,
          145.27
        ],
        [
          125.13,
          145.31
        ],
        [
          125.17,
          145.29
        ],
        [
          125.2,
          145.22
        ],
        [
          126.24000000000001,
          145.31
        ]
      ],
      "idx": 808,
      "mislabel": false,
      "mislabel_reason": "ok",
      "e_unet": 2.0
    },
    {
      "valid": true,
      "cx": 125.2,
      "cy": 145.23,
      "area": 985,
      "det_score": 0.3475,
      "sam_score": 0.9681,
      "box": [
        109.9,
        122.3,
        141.3,
        168.3
      ],
      "repeats": [
        [
          125.19,
          145.19
        ],
        [
          125.2,
          145.29
        ],
        [
          125.21,
          145.19
        ],
        [
          125.21,
          145.13
        ],
        [
          126.31,
          145.29
        ]
      ],
      "idx": 809,
      "mislabel": false,
      "mislabel_reason": "ok",
      "e_unet": 2.07
    },
    {
      "valid": true,
      "cx": 125.18,
      "cy": 145.29,
      "area": 993,
      "det_score": 0.3365,
      "sam_score": 0.9682,
      "box": [
        110.0,
        122.3,
        141.3,
        168.2
      ],
      "repeats": [
        [
          125.19,
          145.21
        ],
        [
          125.2,
          145.3
        ],
        [
          125.2,
          145.21
        ],
        [
          125.26,
          145.18
        ],
        [
          126.36000000000001,
          145.22
        ]
      ],
      "idx": 810,
      "mislabel": false,
      "mislabel_reason": "ok",
      "e_unet": 1.99
    },
    {
      "valid": true,
      "cx": 125.22,
      "cy": 145.24,
      "area": 1004,
      "det_score": 0.3663,
      "sam_score": 0.9676,
      "box": [
        109.9,
        122.1,
        141.5,
        168.2
      ],
      "repeats": [
        [
          125.22,
          145.16
        ],
        [
          125.26,
          145.25
        ],
        [
          125.26,
          145.2
        ],
        [
          125.31,
          145.18
        ],
        [
          126.4,
          145.2
        ]
      ],
      "idx": 811,
      "mislabel": false,
      "mislabel_reason": "ok",
      "e_unet": 1.87
    },
    {
      "valid": true,
      "cx": 125.27,
      "cy": 145.2,
      "area": 1005,
      "det_score": 0.355,
      "sam_score": 0.967,
      "box": [
        110.0,
        121.8,
        141.4,
        168.3
      ],
      "repeats": [
        [
          125.23,
          145.11
        ],
        [
          125.27,
          145.24
        ],
        [
          125.31,
          145.13
        ],
        [
          125.35,
          145.1
        ],
        [
          126.4,
          145.06
        ]
      ],
      "idx": 812,
      "mislabel": false,
      "mislabel_reason": "ok",
      "e_unet": 2.09
    },
    {
      "valid": true,
      "cx": 125.22,
      "cy": 145.14,
      "area": 1008,
      "det_score": 0.3297,
      "sam_score": 0.9654,
      "box": [
        109.8,
        122.2,
        141.4,
        168.3
      ],
      "repeats": [
        [
          125.19,
          145.09
        ],
        [
          125.24,
          145.21
        ],
        [
          125.27,
          145.13
        ],
        [
          125.3,
          145.06
        ],
        [
          126.38,
          145.05
        ]
      ],
      "idx": 813,
      "mislabel": false,
      "mislabel_reason": "ok",
      "e_unet": 1.95
    },
    {
      "valid": true,
      "cx": 125.37,
      "cy": 145.19,
      "area": 1008,
      "det_score": 0.3262,
      "sam_score": 0.9678,
      "box": [
        109.9,
        121.9,
        141.5,
        168.3
      ],
      "repeats": [
        [
          125.37,
          145.13
        ],
        [
          125.39,
          145.2
        ],
        [
          125.39,
          145.13
        ],
        [
          125.43,
          145.1
        ],
        [
          126.52000000000001,
          145.21
        ]
      ],
      "idx": 814,
      "mislabel": false,
      "mislabel_reason": "ok",
      "e_unet": 2.03
    },
    {
      "valid": true,
      "cx": 125.52,
      "cy": 145.33,
      "area": 1021,
      "det_score": 0.3331,
      "sam_score": 0.9668,
      "box": [
        110.0,
        122.3,
        141.7,
        168.4
      ],
      "repeats": [
        [
          125.43,
          145.2
        ],
        [
          125.53,
          145.36
        ],
        [
          125.53,
          145.33
        ],
        [
          125.55,
          145.19
        ],
        [
          126.65,
          145.3
        ]
      ],
      "idx": 815,
      "mislabel": false,
      "mislabel_reason": "ok",
      "e_unet": 1.9
    }
  ]
}