{
  "prompt": "black pupil.",
  "gsam2_centers": [
    {
      "valid": true,
      "cx": 143.42000000000002,
      "cy": 133.01,
      "area": 608,
      "det_score": 0.5158,
      "sam_score": 0.9667,
      "box": [
        130.4,
        117.2,
        157.4,
        149.5
      ],
      "repeats": [
        [
          143.36,
          133.01
        ],
        [
          143.44,
          133.1
        ],
        [
          143.44,
          133.09
        ],
        [
          143.47,
          132.97
        ],
        [
          144.6,
          133.16
        ]
      ],
      "idx": 1005,
      "mislabel": false,
      "mislabel_reason": "ok",
      "e_unet": 0.71
    },
    {
      "valid": true,
      "cx": 143.51,
      "cy": 133.15,
      "area": 611,
      "det_score": 0.5077,
      "sam_score": 0.9664,
      "box": [
        130.4,
        117.2,
        157.6,
        149.6
      ],
      "repeats": [
        [
          143.51,
          133.07
        ],
        [
          143.59,
          133.2
        ],
        [
          143.53,
          133.16
        ],
        [
          143.6,
          133.1
        ],
        [
          144.65,
          133.2
        ]
      ],
      "idx": 1006,
      "mislabel": false,
      "mislabel_reason": "ok",
      "e_unet": 0.75
    },
    {
      "valid": true,
      "cx": 143.49,
      "cy": 133.53,
      "area": 619,
      "det_score": 0.5005,
      "sam_score": 0.9664,
      "box": [
        130.5,
        117.4,
        157.5,
        150.2
      ],
      "repeats": [
        [
          143.47,
          133.48000000000002
        ],
        [
          143.49,
          133.63
        ],
        [
          143.51999999999998,
          133.51999999999998
        ],
        [
          143.61,
          133.35
        ],
        [
          144.61,
          133.51999999999998
        ]
      ],
      "idx": 1007,
      "mislabel": false,
      "mislabel_reason": "ok",
      "e_unet": 0.71
    },
    {
      "valid": true,
      "cx": 143.5,
      "cy": 133.9,
      "area": 621,
      "det_score": 0.4927,
      "sam_score": 0.9658,
      "box": [
        130.5,
        117.7,
        157.5,
        150.6
      ],
      "repeats": [
        [
          143.45999999999998,
          133.93
        ],
        [
          143.54000000000002,
          133.95
        ],
        [
          143.55,
          133.87
        ],
        [
          143.67000000000002,
          133.76999999999998
        ],
        [
          144.68,
          133.82
        ]
      ],
      "idx": 1008,
      "mislabel": false,
      "mislabel_reason": "ok",
      "e_unet": 0.74
    },
    {
      "valid": true,
      "cx": 143.59,
      "cy": 134.07999999999998,
      "area": 623,
      "det_score": 0.5163,
      "sam_score": 0.9666,
      "box": [
        130.5,
        117.9,
        157.6,
        150.7
      ],
      "repeats": [
        [
          143.51999999999998,
          134.06
        ],
        [
          143.56,
          134.12
        ],
        [
          143.57999999999998,
          134.03
        ],
        [
          143.69,
          133.86
        ],
        [
          144.75,
          133.95999999999998
        ]
      ],
      "idx": 1009,
      "mislabel": false,
      "mislabel_reason": "ok",
      "e_unet": 0.8
    },
    {
      "valid": true,
      "cx": 143.62,
      "cy": 134.04000000000002,
      "area": 625,
      "det_score": 0.5104,
      "sam_score": 0.9662,
      "box": [
        130.6,
        117.9,
        157.7,
        150.7
      ],
      "repeats": [
        [
          143.64,
          133.93
        ],
        [
          143.73000000000002,
          134.07
        ],
        [
          143.66,
          133.98000000000002
        ],
        [
          143.8,
          133.88
        ],
        [
          144.82,
          133.99
        ]
      ],
      "idx": 1010,
      "mislabel": false,
      "mislabel_reason": "ok",
      "e_unet": 0.78
    },
    {
      "valid": true,
      "cx": 143.76,
      "cy": 133.8,
      "area": 615,
      "det_score": 0.485,
      "sam_score": 0.9662,
      "box": [
        130.7,
        117.8,
        157.7,
        150.6
      ],
      "repeats": [
        [
          143.68,
          133.87
        ],
        [
          143.79000000000002,
          133.91
        ],
        [
          143.76999999999998,
          133.86
        ],
        [
          143.82999999999998,
          133.76999999999998
        ],
        [
          144.88,
          133.92000000000002
        ]
      ],
      "idx": 1011,
      "mislabel": false,
      "mislabel_reason": "ok",
      "e_unet": 0.76
    },
    {
      "valid": true,
      "cx": 143.62,
      "cy": 133.64,
      "area": 613,
      "det_score": 0.4829,
      "sam_score": 0.9667,
      "box": [
        130.8,
        117.6,
        157.6,
        150.3
      ],
      "repeats": [
        [
          143.63,
          133.63
        ],
        [
          143.64,
          133.81
        ],
        [
          143.68,
          133.6
        ],
        [
          143.73000000000002,
          133.54000000000002
        ],
        [
          144.82,
          133.64
        ]
      ],
      "idx": 1012,
      "mislabel": false,
      "mislabel_reason": "ok",
      "e_unet": 0.71
    },
    {
      "valid": true,
      "cx": 145.94,
      "cy": 132.73000000000002,
      "area": 637,
      "det_score": 0.4981,
      "sam_score": 0.9668,
      "box": [
        132.6,
        116.8,
        160.5,
        149.0
      ],
      "repeats": [
        [
          145.91,
          132.66
        ],
        [
          146.0,
          132.76
        ],
        [
          146.01,
          132.64
        ],
        [
          146.07,
          132.51999999999998
        ],
        [
          147.1,
          132.63
        ]
      ],
      "idx": 1013,
      "mislabel": false,
      "mislabel_reason": "ok",
      "e_unet": 0.76
    },
    {
      "valid": true,
      "cx": 166.13,
      "cy": 122.12,
      "area": 675,
      "det_score": 0.4395,
      "sam_score": 0.973,
      "box": [
        150.3,
        107.7,
        182.8,
        136.9
      ],
      "repeats": [
        [
          166.16,
          122.04
        ],
        [
          166.12,
          122.13
        ],
        [
          166.15,
          122.05
        ],
        [
          166.12,
          122.08
        ],
        [
          167.24,
          122.14
        ]
      ],
      "idx": 1014,
      "mislabel": false,
      "mislabel_reason": "ok",
      "e_unet": 0.12
    },
    {
      "valid": true,
      "cx": 180.79,
      "cy": 117.36,
      "area": 673,
      "det_score": 0.4248,
      "sam_score": 0.9699,
      "box": [
        164.8,
        104.0,
        198.0,
        131.3
      ],
      "repeats": [
        [
          180.76,
          117.37
        ],
        [
          180.85,
          117.45
        ],
        [
          180.77,
          117.44
        ],
        [
          180.87,
          117.36
        ],
        [
          182.09,
          117.43
        ]
      ],
      "idx": 1015,
      "mislabel": false,
      "mislabel_reason": "ok",
      "e_unet": 0.37
    }
  ]
}