{
  "prompt": "black pupil.",
  "gsam2_centers": [
    {
      "valid": true,
      "cx": 133.19,
      "cy": 120.76,
      "area": 442,
      "det_score": 0.4006,
      "sam_score": 0.9464,
      "box": [
        121.3,
        104.1,
        146.0,
        138.0
      ],
      "repeats": [
        [
          133.20999999999998,
          120.69
        ],
        [
          133.29000000000002,
          120.85
        ],
        [
          133.25,
          120.71
        ],
        [
          133.41,
          120.54
        ],
        [
          134.37,
          120.76
        ]
      ],
      "idx": 305,
      "mislabel": false,
      "mislabel_reason": "ok",
      "e_unet": 1.95
    },
    {
      "valid": true,
      "cx": 132.99,
      "cy": 119.39,
      "area": 425,
      "det_score": 0.3408,
      "sam_score": 0.9242,
      "box": [
        120.8,
        103.3,
        145.9,
        136.0
      ],
      "repeats": [
        [
          133.23000000000002,
          118.99
        ],
        [
          133.18,
          119.34
        ],
        [
          133.23000000000002,
          119.23
        ],
        [
          133.4,
          118.81
        ],
        [
          134.23,
          119.21
        ]
      ],
      "idx": 306,
      "mislabel": false,
      "mislabel_reason": "ok",
      "e_unet": 2.87
    },
    {
      "valid": true,
      "cx": 133.23000000000002,
      "cy": 119.14,
      "area": 406,
      "det_score": 0.3631,
      "sam_score": 0.933,
      "box": [
        121.1,
        103.5,
        145.9,
        135.7
      ],
      "repeats": [
        [
          133.20999999999998,
          119.08
        ],
        [
          133.4,
          119.15
        ],
        [
          133.41,
          119.04
        ],
        [
          133.54000000000002,
          118.77
        ],
        [
          134.57,
          118.75
        ]
      ],
      "idx": 307,
      "mislabel": false,
      "mislabel_reason": "ok",
      "e_unet": 2.3
    },
    {
      "valid": true,
      "cx": 133.29000000000002,
      "cy": 118.93,
      "area": 411,
      "det_score": 0.3743,
      "sam_score": 0.9329,
      "box": [
        121.1,
        103.4,
        145.9,
        135.5
      ],
      "repeats": [
        [
          133.24,
          118.78
        ],
        [
          133.47,
          118.85
        ],
        [
          133.44,
          118.7
        ],
        [
          133.61,
          118.47
        ],
        [
          134.49,
          118.75
        ]
      ],
      "idx": 308,
      "mislabel": false,
      "mislabel_reason": "ok",
      "e_unet": 2.76
    },
    {
      "valid": true,
      "cx": 133.1,
      "cy": 118.96,
      "area": 396,
      "det_score": 0.3761,
      "sam_score": 0.9328,
      "box": [
        121.1,
        103.6,
        145.7,
        135.5
      ],
      "repeats": [
        [
          133.2,
          118.82
        ],
        [
          133.3,
          119.02
        ],
        [
          133.18,
          119.05
        ],
        [
          133.44,
          118.49
        ],
        [
          134.27,
          118.93
        ]
      ],
      "idx": 309,
      "mislabel": false,
      "mislabel_reason": "ok",
      "e_unet": 2.24
    },
    {
      "valid": true,
      "cx": 133.07,
      "cy": 119.13,
      "area": 395,
      "det_score": 0.3753,
      "sam_score": 0.9293,
      "box": [
        121.1,
        103.6,
        145.7,
        135.3
      ],
      "repeats": [
        [
          133.24,
          118.86
        ],
        [
          133.3,
          119.0
        ],
        [
          133.26,
          118.98
        ],
        [
          133.51,
          118.47
        ],
        [
          134.33,
          118.98
        ]
      ],
      "idx": 310,
      "mislabel": false,
      "mislabel_reason": "ok",
      "e_unet": 2.52
    },
    {
      "valid": true,
      "cx": 133.26999999999998,
      "cy": 118.85,
      "area": 386,
      "det_score": 0.383,
      "sam_score": 0.9296,
      "box": [
        121.2,
        103.7,
        145.6,
        135.2
      ],
      "repeats": [
        [
          133.39,
          118.62
        ],
        [
          133.35,
          118.95
        ],
        [
          133.32999999999998,
          118.87
        ],
        [
          133.44,
          118.6
        ],
        [
          134.41,
          118.94
        ]
      ],
      "idx": 311,
      "mislabel": false,
      "mislabel_reason": "ok",
      "e_unet": 2.48
    },
    {
      "valid": true,
      "cx": 133.23000000000002,
      "cy": 119.05,
      "area": 384,
      "det_score": 0.3554,
      "sam_score": 0.9273,
      "box": [
        121.1,
        103.8,
        145.6,
        135.1
      ],
      "repeats": [
        [
          133.3,
          118.94
        ],
        [
          133.26999999999998,
          119.24
        ],
        [
          133.26999999999998,
          119.14
        ],
        [
          133.36,
          118.93
        ],
        [
          134.45,
          119.01
        ]
      ],
      "idx": 312,
      "mislabel": false,
      "mislabel_reason": "ok",
      "e_unet": 2.46
    },
    {
      "valid": true,
      "cx": 133.28,
      "cy": 119.02,
      "area": 383,
      "det_score": 0.3781,
      "sam_score": 0.9312,
      "box": [
        121.3,
        103.8,
        145.7,
        135.1
      ],
      "repeats": [
        [
          133.35,
          118.93
        ],
        [
          133.29000000000002,
          119.17
        ],
        [
          133.31,
          119.09
        ],
        [
          133.34,
          118.97
        ],
        [
          134.41,
          118.98
        ]
      ],
      "idx": 313,
      "mislabel": false,
      "mislabel_reason": "ok",
      "e_unet": 2.35
    },
    {
      "valid": true,
      "cx": 133.24,
      "cy": 119.06,
      "area": 384,
      "det_score": 0.3795,
      "sam_score": 0.9296,
      "box": [
        121.4,
        103.7,
        145.7,
        135.2
      ],
      "repeats": [
        [
          133.37,
          118.9
        ],
        [
          133.32999999999998,
          119.21
        ],
        [
          133.35,
          119.08
        ],
        [
          133.45,
          118.88
        ],
        [
          134.41,
          118.98
        ]
      ],
      "idx": 314,
      "mislabel": false,
      "mislabel_reason": "ok",
      "e_unet": 2.45
    },
    {
      "valid": true,
      "cx": 133.32,
      "cy": 118.96,
      "area": 380,
      "det_score": 0.3901,
      "sam_score": 0.9281,
      "box": [
        121.5,
        103.7,
        145.8,
        135.1
      ],
      "repeats": [
        [
          133.4,
          118.84
        ],
        [
          133.42000000000002,
          119.05
        ],
        [
          133.32999999999998,
          119.2
        ],
        [
          133.55,
          118.71
        ],
        [
          134.43,
          118.93
        ]
      ],
      "idx": 315,
      "mislabel": false,
      "mislabel_reason": "ok",
      "e_unet": 2.43
    }
  ]
}