{
  "prompt": "black pupil.",
  "gsam2_centers": [
    {
      "valid": true,
      "cx": 105.82,
      "cy": 140.61,
      "area": 966,
      "det_score": 0.3547,
      "sam_score": 0.9673,
      "box": [
        89.6,
        120.9,
        124.1,
        160.1
      ],
      "repeats": [
        [
          105.78,
          140.46
        ],
        [
          105.84,
          140.67
        ],
        [
          105.82,
          140.54
        ],
        [
          105.99,
          140.56
        ],
        [
          107.05000000000001,
          140.59
        ]
      ],
      "idx": 1005,
      "mislabel": false,
      "mislabel_reason": "ok",
      "e_unet": 0.71
    },
    {
      "valid": true,
      "cx": 105.87,
      "cy": 140.69,
      "area": 966,
      "det_score": 0.3519,
      "sam_score": 0.9658,
      "box": [
        89.6,
        120.9,
        124.1,
        160.3
      ],
      "repeats": [
        [
          105.8,
          140.59
        ],
        [
          105.87,
          140.71
        ],
        [
          105.86,
          140.63
        ],
        [
          105.94,
          140.64
        ],
        [
          107.02000000000001,
          140.72
        ]
      ],
      "idx": 1006,
      "mislabel": false,
      "mislabel_reason": "ok",
      "e_unet": 0.81
    },
    {
      "valid": true,
      "cx": 105.78,
      "cy": 140.99,
      "area": 971,
      "det_score": 0.3553,
      "sam_score": 0.9672,
      "box": [
        89.6,
        121.2,
        124.1,
        160.4
      ],
      "repeats": [
        [
          105.84,
          140.74
        ],
        [
          105.86,
          140.98
        ],
        [
          105.89,
          140.82
        ],
        [
          105.89,
          140.72
        ],
        [
          107.07,
          140.86
        ]
      ],
      "idx": 1007,
      "mislabel": false,
      "mislabel_reason": "ok",
      "e_unet": 0.93
    },
    {
      "valid": true,
      "cx": 105.93,
      "cy": 140.99,
      "area": 962,
      "det_score": 0.3295,
      "sam_score": 0.9676,
      "box": [
        89.6,
        121.4,
        124.2,
        160.4
      ],
      "repeats": [
        [
          105.87,
          140.84
        ],
        [
          105.91,
          141.03
        ],
        [
          105.92,
          140.9
        ],
        [
          106.0,
          140.85
        ],
        [
          107.11000000000001,
          140.9
        ]
      ],
      "idx": 1008,
      "mislabel": false,
      "mislabel_reason": "ok",
      "e_unet": 0.94
    },
    {
      "valid": true,
      "cx": 105.95,
      "cy": 140.99,
      "area": 965,
      "det_score": 0.3447,
      "sam_score": 0.9679,
      "box": [
        89.7,
        121.4,
        124.3,
        160.5
      ],
      "repeats": [
        [
          105.97,
          140.92
        ],
        [
          105.98,
          141.0
        ],
        [
          105.95,
          140.96
        ],
        [
          106.03,
          140.86
        ],
        [
          107.15,
          140.88
        ]
      ],
      "idx": 1009,
      "mislabel": false,
      "mislabel_reason": "ok",
      "e_unet": 0.84
    },
    {
      "valid": true,
      "cx": 106.02,
      "cy": 140.92,
      "area": 971,
      "det_score": 0.3531,
      "sam_score": 0.9679,
      "box": [
        89.7,
        121.2,
        124.3,
        160.3
      ],
      "repeats": [
        [
          105.99,
          140.78
        ],
        [
          106.03,
          140.97
        ],
        [
          106.02,
          140.83
        ],
        [
          106.07,
          140.8
        ],
        [
          107.25999999999999,
          140.87
        ]
      ],
      "idx": 1010,
      "mislabel": false,
      "mislabel_reason": "ok",
      "e_unet": 0.84
    },
    {
      "valid": true,
      "cx": 105.99,
      "cy": 140.92,
      "area": 971,
      "det_score": 0.3454,
      "sam_score": 0.9678,
      "box": [
        89.8,
        121.1,
        124.4,
        160.4
      ],
      "repeats": [
        [
          106.02,
          140.63
        ],
        [
          106.02,
          140.95
        ],
        [
          106.0,
          140.74
        ],
        [
          106.13,
          140.66
        ],
        [
          107.28999999999999,
          140.63
        ]
      ],
      "idx": 1011,
      "mislabel": false,
      "mislabel_reason": "ok",
      "e_unet": 0.9
    },
    {
      "valid": true,
      "cx": 124.09,
      "cy": 133.76,
      "area": 1034,
      "det_score": 0.3949,
      "sam_score": 0.9731,
      "box": [
        105.4,
        115.5,
        143.9,
        153.3
      ],
      "repeats": [
        [
          124.02,
          133.73000000000002
        ],
        [
          124.09,
          133.76
        ],
        [
          124.15,
          133.7
        ],
        [
          124.2,
          133.62
        ],
        [
          125.16999999999999,
          133.82999999999998
        ]
      ],
      "idx": 1012,
      "mislabel": false,
      "mislabel_reason": "ok",
      "e_unet": 0.87
    },
    {
      "valid": true,
      "cx": 143.39,
      "cy": 128.01999999999998,
      "area": 1049,
      "det_score": 0.4107,
      "sam_score": 0.9727,
      "box": [
        124.2,
        110.1,
        164.4,
        146.2
      ],
      "repeats": [
        [
          143.36,
          127.99
        ],
        [
          143.41,
          128.11
        ],
        [
          143.38,
          128.06
        ],
        [
          143.41,
          128.03
        ],
        [
          144.56,
          128.05
        ]
      ],
      "idx": 1013,
      "mislabel": false,
      "mislabel_reason": "ok",
      "e_unet": 0.92
    },
    {
      "valid": true,
      "cx": 151.79000000000002,
      "cy": 123.81,
      "area": 1010,
      "det_score": 0.3725,
      "sam_score": 0.9717,
      "box": [
        132.3,
        106.7,
        172.9,
        141.6
      ],
      "repeats": [
        [
          151.76999999999998,
          123.8
        ],
        [
          151.79000000000002,
          123.84
        ],
        [
          151.78,
          123.86
        ],
        [
          151.86,
          123.76
        ],
        [
          152.85,
          123.81
        ]
      ],
      "idx": 1014,
      "mislabel": false,
      "mislabel_reason": "ok",
      "e_unet": 0.73
    },
    {
      "valid": true,
      "cx": 151.14,
      "cy": 122.58,
      "area": 976,
      "det_score": 0.4668,
      "sam_score": 0.974,
      "box": [
        131.9,
        105.7,
        172.1,
        139.9
      ],
      "repeats": [
        [
          151.14,
          122.58
        ],
        [
          151.16,
          122.62
        ],
        [
          151.16,
          122.61
        ],
        [
          151.16,
          122.56
        ],
        [
          152.31,
          122.53
        ]
      ],
      "idx": 1015,
      "mislabel": false,
      "mislabel_reason": "ok",
      "e_unet": 0.56
    }
  ]
}