{
  "prompt": "black pupil.",
  "gsam2_centers": [
    {
      "valid": true,
      "cx": 201.12,
      "cy": 88.28,
      "area": 463,
      "det_score": 0.4172,
      "sam_score": 0.963,
      "box": [
        187.1,
        77.0,
        215.9,
        99.7
      ],
      "repeats": [
        [
          200.98,
          88.27
        ],
        [
          201.0,
          88.27
        ],
        [
          201.21,
          88.33
        ],
        [
          201.23,
          88.23
        ],
        [
          202.17000000000002,
          88.3
        ]
      ],
      "idx": 1105,
      "mislabel": false,
      "mislabel_reason": "ok",
      "e_unet": 1.17
    },
    {
      "valid": true,
      "cx": 201.04,
      "cy": 88.25,
      "area": 460,
      "det_score": 0.4218,
      "sam_score": 0.963,
      "box": [
        187.2,
        77.1,
        215.8,
        99.7
      ],
      "repeats": [
        [
          200.91,
          88.25
        ],
        [
          201.31,
          88.34
        ],
        [
          201.12,
          88.34
        ],
        [
          201.13,
          88.25
        ],
        [
          202.25,
          88.34
        ]
      ],
      "idx": 1106,
      "mislabel": false,
      "mislabel_reason": "ok",
      "e_unet": 0.99
    },
    {
      "valid": true,
      "cx": 201.16,
      "cy": 88.34,
      "area": 456,
      "det_score": 0.4237,
      "sam_score": 0.9618,
      "box": [
        187.3,
        77.2,
        215.6,
        99.7
      ],
      "repeats": [
        [
          200.87,
          88.27
        ],
        [
          201.26,
          88.41
        ],
        [
          201.14,
          88.41
        ],
        [
          201.25,
          88.3
        ],
        [
          202.32999999999998,
          88.42
        ]
      ],
      "idx": 1107,
      "mislabel": false,
      "mislabel_reason": "ok",
      "e_unet": 1.12
    },
    {
      "valid": true,
      "cx": 201.16,
      "cy": 88.35,
      "area": 456,
      "det_score": 0.4127,
      "sam_score": 0.9621,
      "box": [
        187.2,
        77.2,
        215.6,
        99.6
      ],
      "repeats": [
        [
          200.84,
          88.31
        ],
        [
          201.24,
          88.36
        ],
        [
          201.02,
          88.42
        ],
        [
          201.11,
          88.27
        ],
        [
          202.29000000000002,
          88.38
        ]
      ],
      "idx": 1108,
      "mislabel": false,
      "mislabel_reason": "ok",
      "e_unet": 1.1
    },
    {
      "valid": true,
      "cx": 201.24,
      "cy": 88.36,
      "area": 458,
      "det_score": 0.411,
      "sam_score": 0.9613,
      "box": [
        187.1,
        77.2,
        215.8,
        99.7
      ],
      "repeats": [
        [
          200.94,
          88.32
        ],
        [
          201.14,
          88.41
        ],
        [
          201.19,
          88.46
        ],
        [
          201.19,
          88.29
        ],
        [
          202.32999999999998,
          88.43
        ]
      ],
      "idx": 1109,
      "mislabel": false,
      "mislabel_reason": "ok",
      "e_unet": 1.18
    },
    {
      "valid": true,
      "cx": 201.2,
      "cy": 88.56,
      "area": 463,
      "det_score": 0.4138,
      "sam_score": 0.9626,
      "box": [
        187.1,
        77.2,
        215.8,
        99.8
      ],
      "repeats": [
        [
          200.93,
          88.33
        ],
        [
          201.11,
          88.55
        ],
        [
          201.15,
          88.48
        ],
        [
          201.25,
          88.38
        ],
        [
          202.18,
          88.49
        ]
      ],
      "idx": 1110,
      "mislabel": false,
      "mislabel_reason": "ok",
      "e_unet": 1.32
    },
    {
      "valid": true,
      "cx": 201.1,
      "cy": 88.47,
      "area": 471,
      "det_score": 0.4195,
      "sam_score": 0.9625,
      "box": [
        186.9,
        77.1,
        215.9,
        99.8
      ],
      "repeats": [
        [
          200.9,
          88.28
        ],
        [
          201.18,
          88.54
        ],
        [
          201.14,
          88.39
        ],
        [
          201.18,
          88.41
        ],
        [
          202.19,
          88.52
        ]
      ],
      "idx": 1111,
      "mislabel": false,
      "mislabel_reason": "ok",
      "e_unet": 1.24
    },
    {
      "valid": true,
      "cx": 201.05,
      "cy": 88.44,
      "area": 479,
      "det_score": 0.4329,
      "sam_score": 0.9624,
      "box": [
        186.8,
        77.0,
        216.3,
        100.0
      ],
      "repeats": [
        [
          200.95,
          88.45
        ],
        [
          201.15,
          88.52
        ],
        [
          201.15,
          88.52
        ],
        [
          201.18,
          88.42
        ],
        [
          202.16,
          88.48
        ]
      ],
      "idx": 1112,
      "mislabel": false,
      "mislabel_reason": "ok",
      "e_unet": 1.13
    },
    {
      "valid": true,
      "cx": 200.95,
      "cy": 88.39,
      "area": 488,
      "det_score": 0.4211,
      "sam_score": 0.9643,
      "box": [
        186.6,
        76.9,
        216.4,
        100.0
      ],
      "repeats": [
        [
          200.84,
          88.35
        ],
        [
          201.03,
          88.43
        ],
        [
          200.97,
          88.46
        ],
        [
          201.0,
          88.3
        ],
        [
          202.15,
          88.48
        ]
      ],
      "idx": 1113,
      "mislabel": false,
      "mislabel_reason": "ok",
      "e_unet": 1.02
    },
    {
      "valid": true,
      "cx": 200.84,
      "cy": 88.29,
      "area": 492,
      "det_score": 0.4253,
      "sam_score": 0.9642,
      "box": [
        186.4,
        76.8,
        216.6,
        100.0
      ],
      "repeats": [
        [
          200.82,
          88.26
        ],
        [
          200.86,
          88.3
        ],
        [
          200.84,
          88.35
        ],
        [
          200.96,
          88.25
        ],
        [
          202.09,
          88.32
        ]
      ],
      "idx": 1114,
      "mislabel": false,
      "mislabel_reason": "ok",
      "e_unet": 1.01
    },
    {
      "valid": true,
      "cx": 200.97,
      "cy": 88.43,
      "area": 502,
      "det_score": 0.428,
      "sam_score": 0.9649,
      "box": [
        186.3,
        76.6,
        216.8,
        100.3
      ],
      "repeats": [
        [
          200.86,
          88.36
        ],
        [
          200.99,
          88.47
        ],
        [
          200.92,
          88.41
        ],
        [
          200.98,
          88.39
        ],
        [
          202.0,
          88.43
        ]
      ],
      "idx": 1115,
      "mislabel": false,
      "mislabel_reason": "ok",
      "e_unet": 1.19
    }
  ]
}