{
  "prompt": "black pupil.",
  "gsam2_centers": [
    {
      "valid": true,
      "cx": 186.22,
      "cy": 128.09,
      "area": 1230,
      "det_score": 0.3785,
      "sam_score": 0.9708,
      "box": [
        165.6,
        107.6,
        208.0,
        148.1
      ],
      "repeats": [
        [
          186.23,
          128.03
        ],
        [
          186.24,
          128.11
        ],
        [
          186.23,
          128.04000000000002
        ],
        [
          186.24,
          128.01999999999998
        ],
        [
          187.3,
          128.05
        ]
      ],
      "idx": 105,
      "mislabel": false,
      "mislabel_reason": "ok",
      "e_unet": 0.89
    },
    {
      "valid": true,
      "cx": 186.17,
      "cy": 128.05,
      "area": 1232,
      "det_score": 0.3911,
      "sam_score": 0.971,
      "box": [
        165.6,
        107.7,
        208.0,
        148.1
      ],
      "repeats": [
        [
          186.18,
          127.99
        ],
        [
          186.21,
          128.11
        ],
        [
          186.2,
          128.05
        ],
        [
          186.2,
          127.99
        ],
        [
          187.34,
          128.05
        ]
      ],
      "idx": 106,
      "mislabel": false,
      "mislabel_reason": "ok",
      "e_unet": 0.91
    },
    {
      "valid": true,
      "cx": 186.13,
      "cy": 128.05,
      "area": 1235,
      "det_score": 0.4058,
      "sam_score": 0.971,
      "box": [
        165.4,
        107.7,
        208.1,
        148.0
      ],
      "repeats": [
        [
          186.13,
          127.99
        ],
        [
          186.2,
          128.09
        ],
        [
          186.16,
          128.05
        ],
        [
          186.18,
          127.98
        ],
        [
          187.28,
          128.01
        ]
      ],
      "idx": 107,
      "mislabel": false,
      "mislabel_reason": "ok",
      "e_unet": 0.88
    },
    {
      "valid": true,
      "cx": 186.13,
      "cy": 127.97,
      "area": 1239,
      "det_score": 0.4188,
      "sam_score": 0.9697,
      "box": [
        165.4,
        107.5,
        208.2,
        148.1
      ],
      "repeats": [
        [
          186.12,
          127.87
        ],
        [
          186.2,
          127.98
        ],
        [
          186.17,
          127.93
        ],
        [
          186.16,
          127.89
        ],
        [
          187.28,
          127.96
        ]
      ],
      "idx": 108,
      "mislabel": false,
      "mislabel_reason": "ok",
      "e_unet": 0.92
    },
    {
      "valid": true,
      "cx": 186.16,
      "cy": 128.01999999999998,
      "area": 1241,
      "det_score": 0.3938,
      "sam_score": 0.9702,
      "box": [
        165.5,
        107.6,
        208.2,
        148.1
      ],
      "repeats": [
        [
          186.13,
          127.97
        ],
        [
          186.17,
          128.09
        ],
        [
          186.13,
          128.01
        ],
        [
          186.14,
          127.96
        ],
        [
          187.25,
          128.03
        ]
      ],
      "idx": 109,
      "mislabel": false,
      "mislabel_reason": "ok",
      "e_unet": 0.89
    },
    {
      "valid": true,
      "cx": 186.13,
      "cy": 127.99,
      "area": 1239,
      "det_score": 0.4107,
      "sam_score": 0.9711,
      "box": [
        165.4,
        107.6,
        208.1,
        148.1
      ],
      "repeats": [
        [
          186.15,
          127.91
        ],
        [
          186.18,
          128.01
        ],
        [
          186.18,
          127.98
        ],
        [
          186.16,
          127.94
        ],
        [
          187.29,
          127.98
        ]
      ],
      "idx": 110,
      "mislabel": false,
      "mislabel_reason": "ok",
      "e_unet": 0.86
    },
    {
      "valid": true,
      "cx": 186.18,
      "cy": 127.97,
      "area": 1244,
      "det_score": 0.3823,
      "sam_score": 0.9704,
      "box": [
        165.5,
        107.5,
        208.1,
        148.1
      ],
      "repeats": [
        [
          186.14,
          127.93
        ],
        [
          186.2,
          128.04000000000002
        ],
        [
          186.18,
          127.98
        ],
        [
          186.21,
          127.92
        ],
        [
          187.22,
          127.99
        ]
      ],
      "idx": 111,
      "mislabel": false,
      "mislabel_reason": "ok",
      "e_unet": 0.88
    },
    {
      "valid": true,
      "cx": 186.24,
      "cy": 128.05,
      "area": 1243,
      "det_score": 0.4128,
      "sam_score": 0.9699,
      "box": [
        165.5,
        107.5,
        208.2,
        148.1
      ],
      "repeats": [
        [
          186.15,
          127.99
        ],
        [
          186.2,
          128.11
        ],
        [
          186.15,
          128.04000000000002
        ],
        [
          186.25,
          128.0
        ],
        [
          187.26,
          128.07999999999998
        ]
      ],
      "idx": 112,
      "mislabel": false,
      "mislabel_reason": "ok",
      "e_unet": 0.95
    },
    {
      "valid": true,
      "cx": 186.24,
      "cy": 127.97,
      "area": 1248,
      "det_score": 0.4192,
      "sam_score": 0.9703,
      "box": [
        165.5,
        107.5,
        208.2,
        148.1
      ],
      "repeats": [
        [
          186.23,
          127.92
        ],
        [
          186.25,
          128.03
        ],
        [
          186.23,
          127.97
        ],
        [
          186.3,
          127.92
        ],
        [
          187.27,
          127.98
        ]
      ],
      "idx": 113,
      "mislabel": false,
      "mislabel_reason": "ok",
      "e_unet": 0.88
    },
    {
      "valid": true,
      "cx": 186.3,
      "cy": 128.01,
      "area": 1251,
      "det_score": 0.4277,
      "sam_score": 0.9702,
      "box": [
        165.4,
        107.4,
        208.3,
        148.2
      ],
      "repeats": [
        [
          186.22,
          127.94
        ],
        [
          186.3,
          128.06
        ],
        [
          186.24,
          127.97
        ],
        [
          186.3,
          127.95
        ],
        [
          187.31,
          128.03
        ]
      ],
      "idx": 114,
      "mislabel": false,
      "mislabel_reason": "ok",
      "e_unet": 1.02
    },
    {
      "valid": true,
      "cx": 186.34,
      "cy": 128.04000000000002,
      "area": 1255,
      "det_score": 0.4074,
      "sam_score": 0.9696,
      "box": [
        165.4,
        107.4,
        208.3,
        148.3
      ],
      "repeats": [
        [
          186.34,
          128.01999999999998
        ],
        [
          186.33,
          128.07
        ],
        [
          186.33,
          128.05
        ],
        [
          186.36,
          128.01999999999998
        ],
        [
          187.35,
          128.07999999999998
        ]
      ],
      "idx": 115,
      "mislabel": false,
      "mislabel_reason": "ok",
      "e_unet": 1.04
    }
  ]
}