{
  "prompt": "black pupil.",
  "gsam2_centers": [
    {
      "valid": true,
      "cx": 155.45,
      "cy": 85.12,
      "area": 404,
      "det_score": 0.3779,
      "sam_score": 0.9523,
      "box": [
        142.7,
        74.2,
        169.5,
        96.8
      ],
      "repeats": [
        [
          155.44,
          85.01
        ],
        [
          155.39,
          85.21
        ],
        [
          155.44,
          85.07
        ],
        [
          155.56,
          84.96
        ],
        [
          156.52,
          85.1
        ]
      ],
      "idx": 1407,
      "mislabel": false,
      "mislabel_reason": "ok",
      "e_unet": 1.07
    },
    {
      "valid": true,
      "cx": 144.61,
      "cy": 88.76,
      "area": 375,
      "det_score": 0.3857,
      "sam_score": 0.9565,
      "box": [
        132.3,
        77.5,
        157.6,
        100.8
      ],
      "repeats": [
        [
          144.51999999999998,
          88.75
        ],
        [
          144.6,
          88.77
        ],
        [
          144.6,
          88.81
        ],
        [
          144.68,
          88.69
        ],
        [
          145.61,
          88.76
        ]
      ],
      "idx": 1408,
      "mislabel": false,
      "mislabel_reason": "ok",
      "e_unet": 0.94
    },
    {
      "valid": true,
      "cx": 141.01999999999998,
      "cy": 90.04,
      "area": 376,
      "det_score": 0.3523,
      "sam_score": 0.9515,
      "box": [
        129.2,
        78.5,
        154.4,
        102.3
      ],
      "repeats": [
        [
          140.94,
          90.0
        ],
        [
          141.05,
          90.11
        ],
        [
          141.0,
          90.01
        ],
        [
          141.17000000000002,
          89.81
        ],
        [
          142.13,
          89.94
        ]
      ],
      "idx": 1409,
      "mislabel": false,
      "mislabel_reason": "ok",
      "e_unet": 0.99
    },
    {
      "valid": true,
      "cx": 140.5,
      "cy": 90.22,
      "area": 375,
      "det_score": 0.3665,
      "sam_score": 0.9512,
      "box": [
        128.6,
        78.7,
        153.7,
        102.5
      ],
      "repeats": [
        [
          140.47,
          90.13
        ],
        [
          140.51999999999998,
          90.28
        ],
        [
          140.47,
          90.24
        ],
        [
          140.56,
          90.15
        ],
        [
          141.54,
          90.18
        ]
      ],
      "idx": 1410,
      "mislabel": false,
      "mislabel_reason": "ok",
      "e_unet": 0.97
    },
    {
      "valid": true,
      "cx": 140.06,
      "cy": 90.38,
      "area": 373,
      "det_score": 0.3409,
      "sam_score": 0.952,
      "box": [
        128.2,
        78.9,
        153.6,
        102.6
      ],
      "repeats": [
        [
          139.93,
          90.3
        ],
        [
          139.99,
          90.5
        ],
        [
          140.07,
          90.36
        ],
        [
          140.20999999999998,
          90.18
        ],
        [
          141.07,
          90.38
        ]
      ],
      "idx": 1411,
      "mislabel": false,
      "mislabel_reason": "ok",
      "e_unet": 1.02
    },
    {
      "valid": true,
      "cx": 139.49,
      "cy": 90.68,
      "area": 377,
      "det_score": 0.3624,
      "sam_score": 0.9495,
      "box": [
        127.7,
        79.1,
        152.8,
        102.8
      ],
      "repeats": [
        [
          139.5,
          90.59
        ],
        [
          139.61,
          90.78
        ],
        [
          139.67000000000002,
          90.61
        ],
        [
          139.68,
          90.48
        ],
        [
          140.62,
          90.67
        ]
      ],
      "idx": 1412,
      "mislabel": false,
      "mislabel_reason": "ok",
      "e_unet": 0.95
    },
    {
      "valid": true,
      "cx": 139.1,
      "cy": 90.96,
      "area": 372,
      "det_score": 0.3473,
      "sam_score": 0.9512,
      "box": [
        127.5,
        79.4,
        151.9,
        103.3
      ],
      "repeats": [
        [
          138.9,
          90.91
        ],
        [
          139.13,
          91.09
        ],
        [
          139.07999999999998,
          90.96
        ],
        [
          139.20999999999998,
          90.81
        ],
        [
          140.16,
          91.01
        ]
      ],
      "idx": 1413,
      "mislabel": false,
      "mislabel_reason": "ok",
      "e_unet": 1.05
    }
  ]
}