{
  "prompt": "black pupil.",
  "gsam2_centers": [
    {
      "valid": true,
      "cx": 185.74,
      "cy": 130.32999999999998,
      "area": 749,
      "det_score": 0.476,
      "sam_score": 0.9677,
      "box": [
        169.4,
        114.7,
        203.0,
        145.7
      ],
      "repeats": [
        [
          185.74,
          130.28
        ],
        [
          185.77,
          130.35
        ],
        [
          185.76,
          130.3
        ],
        [
          185.79,
          130.26999999999998
        ],
        [
          186.86,
          130.29000000000002
        ]
      ],
      "idx": 2107,
      "mislabel": false,
      "mislabel_reason": "ok",
      "e_unet": 1.17
    },
    {
      "valid": true,
      "cx": 185.8,
      "cy": 130.34,
      "area": 752,
      "det_score": 0.4577,
      "sam_score": 0.9685,
      "box": [
        169.4,
        114.7,
        203.0,
        145.7
      ],
      "repeats": [
        [
          185.73,
          130.23000000000002
        ],
        [
          185.79,
          130.39
        ],
        [
          185.73,
          130.3
        ],
        [
          185.8,
          130.20999999999998
        ],
        [
          186.82,
          130.20999999999998
        ]
      ],
      "idx": 2108,
      "mislabel": false,
      "mislabel_reason": "ok",
      "e_unet": 1.23
    },
    {
      "valid": true,
      "cx": 185.75,
      "cy": 130.22,
      "area": 753,
      "det_score": 0.4541,
      "sam_score": 0.9692,
      "box": [
        169.3,
        114.7,
        203.0,
        145.8
      ],
      "repeats": [
        [
          185.74,
          130.24
        ],
        [
          185.74,
          130.29000000000002
        ],
        [
          185.72,
          130.32999999999998
        ],
        [
          185.78,
          130.20999999999998
        ],
        [
          186.81,
          130.18
        ]
      ],
      "idx": 2109,
      "mislabel": false,
      "mislabel_reason": "ok",
      "e_unet": 1.1
    },
    {
      "valid": true,
      "cx": 185.72,
      "cy": 129.88,
      "area": 768,
      "det_score": 0.4544,
      "sam_score": 0.9697,
      "box": [
        169.1,
        114.0,
        203.1,
        145.4
      ],
      "repeats": [
        [
          185.71,
          129.79000000000002
        ],
        [
          185.7,
          129.87
        ],
        [
          185.73,
          129.82
        ],
        [
          185.77,
          129.8
        ],
        [
          186.73,
          129.74
        ]
      ],
      "idx": 2110,
      "mislabel": false,
      "mislabel_reason": "ok",
      "e_unet": 1.16
    },
    {
      "valid": true,
      "cx": 185.99,
      "cy": 123.3,
      "area": 721,
      "det_score": 0.4709,
      "sam_score": 0.9688,
      "box": [
        169.4,
        108.8,
        203.1,
        137.9
      ],
      "repeats": [
        [
          186.01,
          123.26
        ],
        [
          186.03,
          123.35
        ],
        [
          186.03,
          123.31
        ],
        [
          186.0,
          123.24
        ],
        [
          187.09,
          123.3
        ]
      ],
      "idx": 2111,
      "mislabel": false,
      "mislabel_reason": "ok",
      "e_unet": 0.76
    },
    {
      "valid": true,
      "cx": 185.35,
      "cy": 121.85,
      "area": 724,
      "det_score": 0.452,
      "sam_score": 0.9722,
      "box": [
        168.7,
        107.5,
        202.6,
        136.4
      ],
      "repeats": [
        [
          185.25,
          121.8
        ],
        [
          185.34,
          121.88
        ],
        [
          185.35,
          121.83
        ],
        [
          185.41,
          121.78
        ],
        [
          186.42,
          121.87
        ]
      ],
      "idx": 2112,
      "mislabel": false,
      "mislabel_reason": "ok",
      "e_unet": 0.87
    },
    {
      "valid": true,
      "cx": 185.2,
      "cy": 121.93,
      "area": 727,
      "det_score": 0.4261,
      "sam_score": 0.9711,
      "box": [
        168.4,
        107.6,
        202.4,
        136.5
      ],
      "repeats": [
        [
          185.09,
          121.93
        ],
        [
          185.2,
          121.95
        ],
        [
          185.13,
          121.94
        ],
        [
          185.21,
          121.94
        ],
        [
          186.19,
          121.97
        ]
      ],
      "idx": 2113,
      "mislabel": false,
      "mislabel_reason": "ok",
      "e_unet": 0.9
    }
  ]
}