{
  "prompt": "black pupil.",
  "gsam2_centers": [
    {
      "valid": true,
      "cx": 106.54,
      "cy": 116.72,
      "area": 261,
      "det_score": 0.2156,
      "sam_score": 0.8081,
      "box": [
        93.2,
        101.7,
        121.9,
        132.4
      ],
      "repeats": [
        [
          107.45,
          115.78
        ],
        [
          108.51,
          117.32
        ],
        [
          108.0,
          116.72
        ],
        [
          106.54,
          116.58
        ],
        [
          106.28,
          116.52
        ]
      ],
      "idx": 2505,
      "mislabel": false,
      "mislabel_reason": "ok",
      "e_unet": 1.0
    },
    {
      "valid": true,
      "cx": 106.36,
      "cy": 114.03,
      "area": 255,
      "det_score": 0.2034,
      "sam_score": 0.7814,
      "box": [
        92.7,
        98.3,
        121.8,
        130.8
      ],
      "repeats": [
        [
          106.28,
          114.03
        ],
        [
          106.38,
          114.12
        ],
        [
          106.39,
          113.99
        ],
        [
          106.4,
          113.9
        ],
        [
          107.30000000000001,
          114.05
        ]
      ],
      "idx": 2506,
      "mislabel": false,
      "mislabel_reason": "ok",
      "e_unet": 0.95
    },
    {
      "valid": true,
      "cx": 106.36,
      "cy": 113.48,
      "area": 244,
      "det_score": 0.2157,
      "sam_score": 0.8147,
      "box": [
        93.3,
        98.5,
        121.2,
        129.1
      ],
      "repeats": [
        [
          106.1,
          113.28
        ],
        [
          108.1,
          114.96
        ],
        [
          108.7,
          114.14
        ],
        [
          106.32,
          113.39
        ],
        [
          106.57,
          113.49
        ]
      ],
      "idx": 2507,
      "mislabel": false,
      "mislabel_reason": "ok",
      "e_unet": 1.03
    },
    {
      "valid": true,
      "cx": 106.24,
      "cy": 113.19,
      "area": 240,
      "det_score": 0.2161,
      "sam_score": 0.804,
      "box": [
        93.6,
        98.1,
        120.9,
        128.6
      ],
      "repeats": [
        [
          106.33,
          112.7
        ],
        [
          106.26,
          113.25
        ],
        [
          106.3,
          113.25
        ],
        [
          106.28,
          113.28
        ],
        [
          106.00999999999999,
          113.43
        ]
      ],
      "idx": 2508,
      "mislabel": false,
      "mislabel_reason": "ok",
      "e_unet": 1.01
    },
    {
      "valid": true,
      "cx": 106.32,
      "cy": 112.83,
      "area": 237,
      "det_score": 0.2206,
      "sam_score": 0.825,
      "box": [
        93.8,
        97.9,
        120.2,
        128.0
      ],
      "repeats": [
        [
          106.22,
          112.42
        ],
        [
          106.34,
          112.84
        ],
        [
          106.42,
          112.67
        ],
        [
          106.36,
          112.71
        ],
        [
          106.74000000000001,
          112.76
        ]
      ],
      "idx": 2509,
      "mislabel": false,
      "mislabel_reason": "ok",
      "e_unet": 1.02
    },
    {
      "valid": true,
      "cx": 106.17,
      "cy": 112.37,
      "area": 235,
      "det_score": 0.2109,
      "sam_score": 0.8312,
      "box": [
        93.5,
        97.5,
        120.5,
        127.5
      ],
      "repeats": [
        [
          105.96,
          112.05
        ],
        [
          106.27,
          112.36
        ],
        [
          106.29,
          112.3
        ],
        [
          106.3,
          112.23
        ],
        [
          107.07,
          112.34
        ]
      ],
      "idx": 2510,
      "mislabel": false,
      "mislabel_reason": "ok",
      "e_unet": 0.96
    },
    {
      "valid": true,
      "cx": 106.14,
      "cy": 111.97,
      "area": 231,
      "det_score": 0.2083,
      "sam_score": 0.8447,
      "box": [
        93.5,
        96.9,
        120.6,
        127.3
      ],
      "repeats": [
        [
          106.0,
          111.84
        ],
        [
          106.2,
          112.03
        ],
        [
          106.18,
          111.95
        ],
        [
          106.26,
          111.85
        ],
        [
          105.93,
          112.56
        ]
      ],
      "idx": 2511,
      "mislabel": false,
      "mislabel_reason": "ok",
      "e_unet": 0.92
    },
    {
      "valid": true,
      "cx": 106.25,
      "cy": 111.5,
      "area": 231,
      "det_score": 0.2127,
      "sam_score": 0.8115,
      "box": [
        93.3,
        96.6,
        120.4,
        127.2
      ],
      "repeats": [
        [
          105.91,
          111.18
        ],
        [
          106.25,
          111.54
        ],
        [
          106.31,
          111.45
        ],
        [
          106.28,
          111.45
        ],
        [
          107.13,
          111.7
        ]
      ],
      "idx": 2512,
      "mislabel": false,
      "mislabel_reason": "ok",
      "e_unet": 1.03
    },
    {
      "valid": true,
      "cx": 105.98,
      "cy": 111.05,
      "area": 228,
      "det_score": 0.2145,
      "sam_score": 0.8273,
      "box": [
        93.8,
        96.3,
        119.6,
        125.8
      ],
      "repeats": [
        [
          105.94,
          111.01
        ],
        [
          106.04,
          111.04
        ],
        [
          106.09,
          110.84
        ],
        [
          106.13,
          110.9
        ],
        [
          106.99000000000001,
          110.98
        ]
      ],
      "idx": 2513,
      "mislabel": false,
      "mislabel_reason": "ok",
      "e_unet": 0.96
    },
    {
      "valid": true,
      "cx": 105.85,
      "cy": 106.75,
      "area": 304,
      "det_score": 0.2065,
      "sam_score": 0.8398,
      "box": [
        93.1,
        93.2,
        119.2,
        122.6
      ],
      "repeats": [
        [
          105.64,
          106.75
        ],
        [
          105.89,
          107.5
        ],
        [
          106.28,
          106.8
        ],
        [
          106.06,
          107.35
        ],
        [
          105.80000000000001,
          107.11
        ]
      ],
      "idx": 2514,
      "mislabel": false,
      "mislabel_reason": "ok",
      "e_unet": 0.9
    },
    {
      "valid": true,
      "cx": 106.21,
      "cy": 105.23,
      "area": 222,
      "det_score": 0.2009,
      "sam_score": 0.8233,
      "box": [
        93.1,
        90.7,
        120.5,
        120.2
      ],
      "repeats": [
        [
          105.93,
          104.22
        ],
        [
          106.31,
          105.25
        ],
        [
          108.2,
          104.1
        ],
        [
          106.31,
          105.11
        ],
        [
          106.72999999999999,
          104.4
        ]
      ],
      "idx": 2515,
      "mislabel": false,
      "mislabel_reason": "ok",
      "e_unet": 1.04
    }
  ]
}