{
  "prompt": "black pupil.",
  "gsam2_centers": [
    {
      "valid": true,
      "cx": 88.92,
      "cy": 148.54,
      "area": 712,
      "det_score": 0.3204,
      "sam_score": 0.9632,
      "box": [
        76.3,
        129.4,
        102.9,
        168.0
      ],
      "repeats": [
        [
          88.89,
          148.49
        ],
        [
          88.97999999999999,
          148.54
        ],
        [
          88.99000000000001,
          148.49
        ],
        [
          88.97999999999999,
          148.42
        ],
        [
          90.25,
          148.34
        ]
      ],
      "idx": 2505,
      "mislabel": false,
      "mislabel_reason": "ok",
      "e_unet": 0.76
    },
    {
      "valid": true,
      "cx": 89.05,
      "cy": 148.34,
      "area": 724,
      "det_score": 0.319,
      "sam_score": 0.9613,
      "box": [
        76.3,
        129.0,
        103.0,
        168.0
      ],
      "repeats": [
        [
          89.02,
          148.31
        ],
        [
          89.03,
          148.44
        ],
        [
          89.06,
          148.39
        ],
        [
          89.08,
          148.3
        ],
        [
          90.22999999999999,
          148.26
        ]
      ],
      "idx": 2506,
      "mislabel": false,
      "mislabel_reason": "ok",
      "e_unet": 0.77
    },
    {
      "valid": true,
      "cx": 89.03,
      "cy": 148.21,
      "area": 726,
      "det_score": 0.3223,
      "sam_score": 0.966,
      "box": [
        76.2,
        128.7,
        103.0,
        167.9
      ],
      "repeats": [
        [
          88.96000000000001,
          148.13
        ],
        [
          89.02,
          148.23
        ],
        [
          89.01,
          148.17
        ],
        [
          89.06,
          148.16
        ],
        [
          90.19999999999999,
          148.15
        ]
      ],
      "idx": 2507,
      "mislabel": false,
      "mislabel_reason": "ok",
      "e_unet": 0.77
    },
    {
      "valid": true,
      "cx": 90.33,
      "cy": 146.61,
      "area": 741,
      "det_score": 0.3784,
      "sam_score": 0.9668,
      "box": [
        77.1,
        127.5,
        105.1,
        166.5
      ],
      "repeats": [
        [
          90.33,
          146.59
        ],
        [
          90.45,
          146.64
        ],
        [
          90.48,
          146.57
        ],
        [
          90.5,
          146.56
        ],
        [
          91.69,
          146.49
        ]
      ],
      "idx": 2508,
      "mislabel": false,
      "mislabel_reason": "ok",
      "e_unet": 0.6
    },
    {
      "valid": true,
      "cx": 92.11,
      "cy": 143.06,
      "area": 757,
      "det_score": 0.2833,
      "sam_score": 0.9687,
      "box": [
        78.2,
        124.2,
        107.4,
        162.9
      ],
      "repeats": [
        [
          92.0,
          143.09
        ],
        [
          92.14,
          143.13
        ],
        [
          92.14,
          143.07
        ],
        [
          92.21,
          143.0
        ],
        [
          93.19,
          143.07
        ]
      ],
      "idx": 2509,
      "mislabel": false,
      "mislabel_reason": "ok",
      "e_unet": 0.47
    },
    {
      "valid": true,
      "cx": 92.26,
      "cy": 142.74,
      "area": 761,
      "det_score": 0.279,
      "sam_score": 0.9684,
      "box": [
        78.5,
        123.9,
        107.5,
        162.7
      ],
      "repeats": [
        [
          92.08,
          142.76
        ],
        [
          92.31,
          142.72
        ],
        [
          92.3,
          142.7
        ],
        [
          92.33,
          142.65
        ],
        [
          93.37,
          142.76
        ]
      ],
      "idx": 2510,
      "mislabel": false,
      "mislabel_reason": "ok",
      "e_unet": 0.41
    },
    {
      "valid": true,
      "cx": 92.36,
      "cy": 142.59,
      "area": 767,
      "det_score": 0.2923,
      "sam_score": 0.9688,
      "box": [
        78.6,
        123.6,
        107.7,
        162.5
      ],
      "repeats": [
        [
          92.29,
          142.52
        ],
        [
          92.38,
          142.6
        ],
        [
          92.43,
          142.53
        ],
        [
          92.5,
          142.41
        ],
        [
          93.41,
          142.53
        ]
      ],
      "idx": 2511,
      "mislabel": false,
      "mislabel_reason": "ok",
      "e_unet": 0.4
    },
    {
      "valid": true,
      "cx": 92.26,
      "cy": 142.52,
      "area": 768,
      "det_score": 0.3079,
      "sam_score": 0.9676,
      "box": [
        78.6,
        123.3,
        107.8,
        162.3
      ],
      "repeats": [
        [
          92.28,
          142.47
        ],
        [
          92.3,
          142.54
        ],
        [
          92.41,
          142.48
        ],
        [
          92.44,
          142.43
        ],
        [
          93.44999999999999,
          142.4
        ]
      ],
      "idx": 2512,
      "mislabel": false,
      "mislabel_reason": "ok",
      "e_unet": 0.57
    },
    {
      "valid": true,
      "cx": 92.39,
      "cy": 142.29,
      "area": 766,
      "det_score": 0.3202,
      "sam_score": 0.9668,
      "box": [
        78.8,
        123.2,
        108.0,
        162.0
      ],
      "repeats": [
        [
          92.33,
          142.27
        ],
        [
          92.39,
          142.38
        ],
        [
          92.5,
          142.31
        ],
        [
          92.53,
          142.16
        ],
        [
          93.59,
          142.24
        ]
      ],
      "idx": 2513,
      "mislabel": false,
      "mislabel_reason": "ok",
      "e_unet": 0.48
    },
    {
      "valid": true,
      "cx": 92.48,
      "cy": 142.05,
      "area": 768,
      "det_score": 0.2976,
      "sam_score": 0.9678,
      "box": [
        78.8,
        123.1,
        107.9,
        161.8
      ],
      "repeats": [
        [
          92.36,
          142.07
        ],
        [
          92.53,
          142.13
        ],
        [
          92.56,
          142.1
        ],
        [
          92.58,
          142.03
        ],
        [
          93.53,
          142.13
        ]
      ],
      "idx": 2514,
      "mislabel": false,
      "mislabel_reason": "ok",
      "e_unet": 0.58
    },
    {
      "valid": true,
      "cx": 92.44,
      "cy": 141.74,
      "area": 754,
      "det_score": 0.3048,
      "sam_score": 0.9666,
      "box": [
        78.7,
        122.7,
        107.9,
        161.6
      ],
      "repeats": [
        [
          92.43,
          141.69
        ],
        [
          92.49,
          141.76
        ],
        [
          92.49,
          141.76
        ],
        [
          92.57,
          141.67
        ],
        [
          93.59,
          141.73
        ]
      ],
      "idx": 2515,
      "mislabel": false,
      "mislabel_reason": "ok",
      "e_unet": 0.56
    }
  ]
}