{
  "prompt": "black pupil.",
  "gsam2_centers": [
    {
      "valid": true,
      "cx": 203.75,
      "cy": 129.51999999999998,
      "area": 778,
      "det_score": 0.4719,
      "sam_score": 0.9633,
      "box": [
        187.1,
        113.6,
        221.2,
        145.4
      ],
      "repeats": [
        [
          203.8,
          129.48000000000002
        ],
        [
          203.78,
          129.55
        ],
        [
          203.76,
          129.47
        ],
        [
          203.75,
          129.43
        ],
        [
          204.85,
          129.51999999999998
        ]
      ],
      "idx": 105,
      "mislabel": false,
      "mislabel_reason": "ok",
      "e_unet": 0.95
    },
    {
      "valid": true,
      "cx": 203.72,
      "cy": 129.59,
      "area": 787,
      "det_score": 0.4719,
      "sam_score": 0.9632,
      "box": [
        187.0,
        113.5,
        221.3,
        145.5
      ],
      "repeats": [
        [
          203.75,
          129.49
        ],
        [
          203.82,
          129.57999999999998
        ],
        [
          203.8,
          129.55
        ],
        [
          203.84,
          129.44
        ],
        [
          204.84,
          129.56
        ]
      ],
      "idx": 106,
      "mislabel": false,
      "mislabel_reason": "ok",
      "e_unet": 1.05
    },
    {
      "valid": true,
      "cx": 203.74,
      "cy": 129.74,
      "area": 800,
      "det_score": 0.4691,
      "sam_score": 0.9616,
      "box": [
        186.8,
        113.6,
        221.5,
        145.7
      ],
      "repeats": [
        [
          203.68,
          129.68
        ],
        [
          203.77,
          129.76999999999998
        ],
        [
          203.72,
          129.67000000000002
        ],
        [
          203.73,
          129.7
        ],
        [
          204.82999999999998,
          129.76
        ]
      ],
      "idx": 107,
      "mislabel": false,
      "mislabel_reason": "ok",
      "e_unet": 0.97
    },
    {
      "valid": true,
      "cx": 203.68,
      "cy": 129.57999999999998,
      "area": 810,
      "det_score": 0.4862,
      "sam_score": 0.963,
      "box": [
        186.7,
        113.3,
        221.5,
        145.6
      ],
      "repeats": [
        [
          203.66,
          129.49
        ],
        [
          203.73,
          129.70999999999998
        ],
        [
          203.67,
          129.64
        ],
        [
          203.76,
          129.55
        ],
        [
          204.78,
          129.59
        ]
      ],
      "idx": 108,
      "mislabel": false,
      "mislabel_reason": "ok",
      "e_unet": 0.94
    },
    {
      "valid": true,
      "cx": 203.53,
      "cy": 129.44,
      "area": 816,
      "det_score": 0.4596,
      "sam_score": 0.9646,
      "box": [
        186.7,
        113.2,
        221.5,
        145.6
      ],
      "repeats": [
        [
          203.56,
          129.35
        ],
        [
          203.57,
          129.51999999999998
        ],
        [
          203.53,
          129.45999999999998
        ],
        [
          203.6,
          129.36
        ],
        [
          204.67000000000002,
          129.44
        ]
      ],
      "idx": 109,
      "mislabel": false,
      "mislabel_reason": "ok",
      "e_unet": 0.91
    },
    {
      "valid": true,
      "cx": 203.55,
      "cy": 129.47,
      "area": 815,
      "det_score": 0.4386,
      "sam_score": 0.9635,
      "box": [
        186.7,
        113.2,
        221.5,
        145.6
      ],
      "repeats": [
        [
          203.53,
          129.38
        ],
        [
          203.57,
          129.51
        ],
        [
          203.56,
          129.48000000000002
        ],
        [
          203.54,
          129.4
        ],
        [
          204.69,
          129.48000000000002
        ]
      ],
      "idx": 110,
      "mislabel": false,
      "mislabel_reason": "ok",
      "e_unet": 0.89
    },
    {
      "valid": true,
      "cx": 203.55,
      "cy": 129.47,
      "area": 815,
      "det_score": 0.4459,
      "sam_score": 0.9643,
      "box": [
        186.7,
        113.2,
        221.4,
        145.6
      ],
      "repeats": [
        [
          203.53,
          129.43
        ],
        [
          203.57,
          129.51999999999998
        ],
        [
          203.54,
          129.45
        ],
        [
          203.54,
          129.37
        ],
        [
          204.68,
          129.48000000000002
        ]
      ],
      "idx": 111,
      "mislabel": false,
      "mislabel_reason": "ok",
      "e_unet": 0.94
    },
    {
      "valid": true,
      "cx": 203.48,
      "cy": 129.45999999999998,
      "area": 799,
      "det_score": 0.4532,
      "sam_score": 0.9651,
      "box": [
        186.8,
        113.4,
        221.3,
        145.5
      ],
      "repeats": [
        [
          203.51,
          129.37
        ],
        [
          203.56,
          129.48000000000002
        ],
        [
          203.53,
          129.42000000000002
        ],
        [
          203.5,
          129.42000000000002
        ],
        [
          204.51,
          129.49
        ]
      ],
      "idx": 112,
      "mislabel": false,
      "mislabel_reason": "ok",
      "e_unet": 0.95
    },
    {
      "valid": true,
      "cx": 203.45,
      "cy": 129.53,
      "area": 783,
      "det_score": 0.4523,
      "sam_score": 0.9641,
      "box": [
        186.8,
        113.5,
        221.1,
        145.5
      ],
      "repeats": [
        [
          203.37,
          129.51
        ],
        [
          203.46,
          129.62
        ],
        [
          203.52,
          129.56
        ],
        [
          203.62,
          129.42000000000002
        ],
        [
          204.70999999999998,
          129.44
        ]
      ],
      "idx": 113,
      "mislabel": false,
      "mislabel_reason": "ok",
      "e_unet": 1.0
    },
    {
      "valid": true,
      "cx": 203.45,
      "cy": 129.53,
      "area": 770,
      "det_score": 0.4247,
      "sam_score": 0.9636,
      "box": [
        186.9,
        113.5,
        221.0,
        145.3
      ],
      "repeats": [
        [
          203.46,
          129.44
        ],
        [
          203.57,
          129.6
        ],
        [
          203.48,
          129.48000000000002
        ],
        [
          203.6,
          129.35
        ],
        [
          204.76,
          129.51
        ]
      ],
      "idx": 114,
      "mislabel": false,
      "mislabel_reason": "ok",
      "e_unet": 1.01
    },
    {
      "valid": true,
      "cx": 203.5,
      "cy": 129.38,
      "area": 766,
      "det_score": 0.4385,
      "sam_score": 0.9622,
      "box": [
        187.0,
        113.5,
        221.0,
        145.2
      ],
      "repeats": [
        [
          203.47,
          129.34
        ],
        [
          203.5,
          129.44
        ],
        [
          203.5,
          129.36
        ],
        [
          203.57,
          129.26
        ],
        [
          204.65,
          129.29000000000002
        ]
      ],
      "idx": 115,
      "mislabel": false,
      "mislabel_reason": "ok",
      "e_unet": 0.98
    }
  ]
}