{
  "prompt": "black pupil.",
  "gsam2_centers": [
    {
      "valid": true,
      "cx": 152.70999999999998,
      "cy": 118.09,
      "area": 547,
      "det_score": 0.3444,
      "sam_score": 0.9606,
      "box": [
        140.1,
        104.5,
        166.7,
        132.0
      ],
      "repeats": [
        [
          152.70999999999998,
          118.06
        ],
        [
          152.82,
          118.12
        ],
        [
          152.75,
          118.1
        ],
        [
          152.81,
          118.07
        ],
        [
          153.85,
          118.11
        ]
      ],
      "idx": 507,
      "mislabel": false,
      "mislabel_reason": "ok",
      "e_unet": 0.96
    },
    {
      "valid": true,
      "cx": 159.87,
      "cy": 117.72,
      "area": 554,
      "det_score": 0.3645,
      "sam_score": 0.9598,
      "box": [
        146.5,
        104.2,
        173.9,
        131.6
      ],
      "repeats": [
        [
          159.74,
          117.73
        ],
        [
          159.87,
          117.79
        ],
        [
          159.87,
          117.81
        ],
        [
          159.94,
          117.64
        ],
        [
          160.95,
          117.82
        ]
      ],
      "idx": 508,
      "mislabel": false,
      "mislabel_reason": "ok",
      "e_unet": 1.06
    },
    {
      "valid": true,
      "cx": 168.56,
      "cy": 116.5,
      "area": 545,
      "det_score": 0.4143,
      "sam_score": 0.9566,
      "box": [
        155.5,
        102.7,
        182.5,
        130.0
      ],
      "repeats": [
        [
          168.47,
          116.46
        ],
        [
          168.67,
          116.61
        ],
        [
          168.62,
          116.51
        ],
        [
          168.66,
          116.36
        ],
        [
          169.65,
          116.56
        ]
      ],
      "idx": 509,
      "mislabel": false,
      "mislabel_reason": "ok",
      "e_unet": 1.08
    },
    {
      "valid": true,
      "cx": 169.01,
      "cy": 116.35,
      "area": 532,
      "det_score": 0.3936,
      "sam_score": 0.9601,
      "box": [
        156.0,
        102.7,
        183.0,
        129.8
      ],
      "repeats": [
        [
          169.01,
          116.4
        ],
        [
          169.03,
          116.4
        ],
        [
          169.03,
          116.37
        ],
        [
          169.1,
          116.2
        ],
        [
          170.2,
          116.36
        ]
      ],
      "idx": 510,
      "mislabel": false,
      "mislabel_reason": "ok",
      "e_unet": 0.85
    },
    {
      "valid": true,
      "cx": 169.39,
      "cy": 116.38,
      "area": 532,
      "det_score": 0.3858,
      "sam_score": 0.9595,
      "box": [
        156.4,
        103.0,
        183.3,
        129.8
      ],
      "repeats": [
        [
          169.37,
          116.35
        ],
        [
          169.42,
          116.44
        ],
        [
          169.43,
          116.39
        ],
        [
          169.46,
          116.29
        ],
        [
          170.53,
          116.41
        ]
      ],
      "idx": 511,
      "mislabel": false,
      "mislabel_reason": "ok",
      "e_unet": 0.95
    },
    {
      "valid": true,
      "cx": 169.79,
      "cy": 116.47,
      "area": 531,
      "det_score": 0.417,
      "sam_score": 0.9585,
      "box": [
        156.7,
        103.3,
        183.6,
        129.9
      ],
      "repeats": [
        [
          169.67,
          116.31
        ],
        [
          169.81,
          116.49
        ],
        [
          169.75,
          116.51
        ],
        [
          169.86,
          116.43
        ],
        [
          170.91,
          116.44
        ]
      ],
      "idx": 512,
      "mislabel": false,
      "mislabel_reason": "ok",
      "e_unet": 1.02
    },
    {
      "valid": true,
      "cx": 169.99,
      "cy": 116.44,
      "area": 531,
      "det_score": 0.4304,
      "sam_score": 0.9591,
      "box": [
        157.1,
        103.1,
        184.0,
        129.9
      ],
      "repeats": [
        [
          169.99,
          116.47
        ],
        [
          170.03,
          116.52
        ],
        [
          170.02,
          116.54
        ],
        [
          170.1,
          116.34
        ],
        [
          171.19,
          116.49
        ]
      ],
      "idx": 513,
      "mislabel": false,
      "mislabel_reason": "ok",
      "e_unet": 1.04
    }
  ]
}