{
  "prompt": "black pupil.",
  "gsam2_centers": [
    {
      "valid": true,
      "cx": 149.63,
      "cy": 134.81,
      "area": 1111,
      "det_score": 0.489,
      "sam_score": 0.9708,
      "box": [
        130.3,
        115.7,
        170.8,
        153.8
      ],
      "repeats": [
        [
          149.64,
          134.76999999999998
        ],
        [
          149.65,
          134.9
        ],
        [
          149.66,
          134.87
        ],
        [
          149.63,
          134.76
        ],
        [
          150.71,
          134.82999999999998
        ]
      ],
      "idx": 1807,
      "mislabel": false,
      "mislabel_reason": "ok",
      "e_unet": 0.67
    },
    {
      "valid": true,
      "cx": 149.6,
      "cy": 134.85,
      "area": 1117,
      "det_score": 0.4579,
      "sam_score": 0.9714,
      "box": [
        130.4,
        115.8,
        170.8,
        154.0
      ],
      "repeats": [
        [
          149.57999999999998,
          134.84
        ],
        [
          149.61,
          134.91
        ],
        [
          149.61,
          134.9
        ],
        [
          149.61,
          134.79000000000002
        ],
        [
          150.73,
          134.84
        ]
      ],
      "idx": 1808,
      "mislabel": false,
      "mislabel_reason": "ok",
      "e_unet": 0.63
    },
    {
      "valid": true,
      "cx": 149.6,
      "cy": 134.91,
      "area": 1117,
      "det_score": 0.441,
      "sam_score": 0.971,
      "box": [
        130.3,
        115.9,
        170.8,
        154.1
      ],
      "repeats": [
        [
          149.55,
          134.9
        ],
        [
          149.63,
          134.95999999999998
        ],
        [
          149.61,
          134.95999999999998
        ],
        [
          149.59,
          134.85
        ],
        [
          150.72,
          134.89
        ]
      ],
      "idx": 1809,
      "mislabel": false,
      "mislabel_reason": "ok",
      "e_unet": 0.67
    },
    {
      "valid": true,
      "cx": 149.57999999999998,
      "cy": 134.85,
      "area": 1112,
      "det_score": 0.4247,
      "sam_score": 0.971,
      "box": [
        130.3,
        115.9,
        170.6,
        153.9
      ],
      "repeats": [
        [
          149.57999999999998,
          134.81
        ],
        [
          149.63,
          134.9
        ],
        [
          149.63,
          134.86
        ],
        [
          149.63,
          134.76999999999998
        ],
        [
          150.69,
          134.82999999999998
        ]
      ],
      "idx": 1810,
      "mislabel": false,
      "mislabel_reason": "ok",
      "e_unet": 0.67
    },
    {
      "valid": true,
      "cx": 149.68,
      "cy": 134.88,
      "area": 1087,
      "det_score": 0.4724,
      "sam_score": 0.9717,
      "box": [
        130.5,
        116.0,
        170.5,
        153.7
      ],
      "repeats": [
        [
          149.6,
          134.78
        ],
        [
          149.70999999999998,
          134.88
        ],
        [
          149.63,
          134.84
        ],
        [
          149.70999999999998,
          134.87
        ],
        [
          150.82,
          134.82999999999998
        ]
      ],
      "idx": 1811,
      "mislabel": false,
      "mislabel_reason": "ok",
      "e_unet": 0.86
    },
    {
      "valid": true,
      "cx": 157.62,
      "cy": 134.23000000000002,
      "area": 1081,
      "det_score": 0.5063,
      "sam_score": 0.9752,
      "box": [
        138.5,
        115.6,
        178.4,
        153.1
      ],
      "repeats": [
        [
          157.62,
          134.23000000000002
        ],
        [
          157.67,
          134.28
        ],
        [
          157.69,
          134.23000000000002
        ],
        [
          157.65,
          134.2
        ],
        [
          158.75,
          134.32999999999998
        ]
      ],
      "idx": 1812,
      "mislabel": false,
      "mislabel_reason": "ok",
      "e_unet": 0.84
    },
    {
      "valid": true,
      "cx": 158.21,
      "cy": 134.37,
      "area": 1061,
      "det_score": 0.4899,
      "sam_score": 0.9736,
      "box": [
        139.4,
        115.7,
        178.8,
        153.1
      ],
      "repeats": [
        [
          158.19,
          134.36
        ],
        [
          158.2,
          134.4
        ],
        [
          158.2,
          134.36
        ],
        [
          158.23,
          134.3
        ],
        [
          159.34,
          134.41
        ]
      ],
      "idx": 1813,
      "mislabel": false,
      "mislabel_reason": "ok",
      "e_unet": 0.91
    }
  ]
}