{
  "prompt": "black pupil.",
  "gsam2_centers": [
    {
      "valid": true,
      "cx": 159.26,
      "cy": 102.89,
      "area": 900,
      "det_score": 0.341,
      "sam_score": 0.9713,
      "box": [
        142.2,
        85.7,
        177.6,
        120.5
      ],
      "repeats": [
        [
          159.26,
          102.82
        ],
        [
          159.24,
          102.97
        ],
        [
          159.3,
          102.89
        ],
        [
          159.36,
          102.83
        ],
        [
          160.47,
          102.82
        ]
      ],
      "idx": 807,
      "mislabel": false,
      "mislabel_reason": "ok",
      "e_unet": 0.8
    },
    {
      "valid": true,
      "cx": 158.21,
      "cy": 102.86,
      "area": 898,
      "det_score": 0.3414,
      "sam_score": 0.9715,
      "box": [
        141.2,
        85.9,
        176.1,
        120.4
      ],
      "repeats": [
        [
          158.21,
          102.77
        ],
        [
          158.21,
          102.94
        ],
        [
          158.27,
          102.81
        ],
        [
          158.27,
          102.81
        ],
        [
          159.42,
          102.85
        ]
      ],
      "idx": 808,
      "mislabel": false,
      "mislabel_reason": "ok",
      "e_unet": 0.81
    },
    {
      "valid": true,
      "cx": 149.67000000000002,
      "cy": 104.44,
      "area": 868,
      "det_score": 0.3343,
      "sam_score": 0.9677,
      "box": [
        133.2,
        87.0,
        167.5,
        121.7
      ],
      "repeats": [
        [
          149.64,
          104.4
        ],
        [
          149.62,
          104.5
        ],
        [
          149.75,
          104.4
        ],
        [
          149.73000000000002,
          104.35
        ],
        [
          150.9,
          104.28
        ]
      ],
      "idx": 809,
      "mislabel": false,
      "mislabel_reason": "ok",
      "e_unet": 0.82
    },
    {
      "valid": true,
      "cx": 148.59,
      "cy": 104.48,
      "area": 854,
      "det_score": 0.3577,
      "sam_score": 0.9668,
      "box": [
        132.0,
        87.4,
        166.2,
        121.9
      ],
      "repeats": [
        [
          148.59,
          104.39
        ],
        [
          148.64,
          104.55
        ],
        [
          148.67000000000002,
          104.5
        ],
        [
          148.68,
          104.47
        ],
        [
          149.79,
          104.44
        ]
      ],
      "idx": 810,
      "mislabel": false,
      "mislabel_reason": "ok",
      "e_unet": 0.89
    },
    {
      "valid": true,
      "cx": 147.82,
      "cy": 104.6,
      "area": 843,
      "det_score": 0.3451,
      "sam_score": 0.9652,
      "box": [
        131.5,
        87.5,
        165.3,
        121.8
      ],
      "repeats": [
        [
          147.86,
          104.47
        ],
        [
          147.85,
          104.7
        ],
        [
          147.92000000000002,
          104.56
        ],
        [
          147.87,
          104.49
        ],
        [
          149.05,
          104.53
        ]
      ],
      "idx": 811,
      "mislabel": false,
      "mislabel_reason": "ok",
      "e_unet": 0.92
    },
    {
      "valid": true,
      "cx": 146.97,
      "cy": 104.72,
      "area": 835,
      "det_score": 0.3581,
      "sam_score": 0.9663,
      "box": [
        130.7,
        87.6,
        164.1,
        121.8
      ],
      "repeats": [
        [
          146.98000000000002,
          104.71
        ],
        [
          147.0,
          104.81
        ],
        [
          147.01,
          104.75
        ],
        [
          147.0,
          104.63
        ],
        [
          148.13,
          104.7
        ]
      ],
      "idx": 812,
      "mislabel": false,
      "mislabel_reason": "ok",
      "e_unet": 0.78
    },
    {
      "valid": true,
      "cx": 146.35,
      "cy": 104.83,
      "area": 828,
      "det_score": 0.3638,
      "sam_score": 0.9675,
      "box": [
        130.0,
        87.7,
        163.5,
        121.8
      ],
      "repeats": [
        [
          146.31,
          104.72
        ],
        [
          146.39,
          104.91
        ],
        [
          146.44,
          104.81
        ],
        [
          146.4,
          104.7
        ],
        [
          147.42,
          104.75
        ]
      ],
      "idx": 813,
      "mislabel": false,
      "mislabel_reason": "ok",
      "e_unet": 0.93
    }
  ]
}