{
  "prompt": "black pupil.",
  "gsam2_centers": [
    {
      "valid": true,
      "cx": 148.57,
      "cy": 140.37,
      "area": 723,
      "det_score": 0.39,
      "sam_score": 0.9667,
      "box": [
        133.6,
        123.7,
        165.3,
        157.4
      ],
      "repeats": [
        [
          148.57999999999998,
          140.23
        ],
        [
          148.65,
          140.42
        ],
        [
          148.63,
          140.28
        ],
        [
          148.78,
          140.27
        ],
        [
          149.87,
          140.53
        ]
      ],
      "idx": 2305,
      "mislabel": false,
      "mislabel_reason": "ok",
      "e_unet": 0.76
    },
    {
      "valid": true,
      "cx": 148.82999999999998,
      "cy": 140.3,
      "area": 720,
      "det_score": 0.3734,
      "sam_score": 0.9688,
      "box": [
        133.8,
        123.8,
        165.4,
        157.2
      ],
      "repeats": [
        [
          148.79000000000002,
          140.27
        ],
        [
          148.87,
          140.42
        ],
        [
          148.82,
          140.3
        ],
        [
          148.85,
          140.24
        ],
        [
          149.84,
          140.64
        ]
      ],
      "idx": 2306,
      "mislabel": false,
      "mislabel_reason": "ok",
      "e_unet": 0.66
    },
    {
      "valid": true,
      "cx": 150.85,
      "cy": 138.64,
      "area": 697,
      "det_score": 0.3742,
      "sam_score": 0.9709,
      "box": [
        135.9,
        122.4,
        167.5,
        155.0
      ],
      "repeats": [
        [
          150.81,
          138.54
        ],
        [
          150.89,
          138.66
        ],
        [
          150.86,
          138.6
        ],
        [
          150.92000000000002,
          138.5
        ],
        [
          151.97,
          138.62
        ]
      ],
      "idx": 2307,
      "mislabel": false,
      "mislabel_reason": "ok",
      "e_unet": 0.69
    },
    {
      "valid": true,
      "cx": 150.84,
      "cy": 136.76,
      "area": 655,
      "det_score": 0.4508,
      "sam_score": 0.9682,
      "box": [
        136.0,
        121.2,
        167.4,
        152.9
      ],
      "repeats": [
        [
          150.9,
          136.72
        ],
        [
          150.88,
          136.82
        ],
        [
          150.9,
          136.78
        ],
        [
          151.04000000000002,
          136.51999999999998
        ],
        [
          152.21,
          136.69
        ]
      ],
      "idx": 2308,
      "mislabel": false,
      "mislabel_reason": "ok",
      "e_unet": 0.85
    },
    {
      "valid": true,
      "cx": 150.82,
      "cy": 136.07999999999998,
      "area": 648,
      "det_score": 0.4203,
      "sam_score": 0.9712,
      "box": [
        136.0,
        120.5,
        167.1,
        151.9
      ],
      "repeats": [
        [
          150.84,
          136.03
        ],
        [
          150.81,
          136.09
        ],
        [
          150.86,
          136.06
        ],
        [
          150.87,
          136.01
        ],
        [
          152.06,
          136.03
        ]
      ],
      "idx": 2309,
      "mislabel": false,
      "mislabel_reason": "ok",
      "e_unet": 0.63
    },
    {
      "valid": true,
      "cx": 150.07,
      "cy": 136.28,
      "area": 647,
      "det_score": 0.411,
      "sam_score": 0.9695,
      "box": [
        135.5,
        120.5,
        166.4,
        152.2
      ],
      "repeats": [
        [
          150.06,
          136.17000000000002
        ],
        [
          150.12,
          136.3
        ],
        [
          150.13,
          136.18
        ],
        [
          150.09,
          136.25
        ],
        [
          151.35,
          136.17000000000002
        ]
      ],
      "idx": 2310,
      "mislabel": false,
      "mislabel_reason": "ok",
      "e_unet": 0.63
    },
    {
      "valid": true,
      "cx": 149.82999999999998,
      "cy": 136.34,
      "area": 637,
      "det_score": 0.3949,
      "sam_score": 0.9695,
      "box": [
        135.1,
        120.8,
        166.2,
        152.2
      ],
      "repeats": [
        [
          149.81,
          136.32999999999998
        ],
        [
          149.88,
          136.37
        ],
        [
          149.88,
          136.34
        ],
        [
          149.99,
          136.2
        ],
        [
          151.09,
          136.26999999999998
        ]
      ],
      "idx": 2311,
      "mislabel": false,
      "mislabel_reason": "ok",
      "e_unet": 0.73
    },
    {
      "valid": true,
      "cx": 149.76999999999998,
      "cy": 136.17000000000002,
      "area": 635,
      "det_score": 0.4077,
      "sam_score": 0.9698,
      "box": [
        135.1,
        120.6,
        166.2,
        151.9
      ],
      "repeats": [
        [
          149.79000000000002,
          136.14
        ],
        [
          149.70999999999998,
          136.32999999999998
        ],
        [
          149.75,
          136.29000000000002
        ],
        [
          149.8,
          136.16
        ],
        [
          151.03,
          136.18
        ]
      ],
      "idx": 2312,
      "mislabel": false,
      "mislabel_reason": "ok",
      "e_unet": 0.64
    },
    {
      "valid": true,
      "cx": 149.67000000000002,
      "cy": 136.13,
      "area": 643,
      "det_score": 0.4126,
      "sam_score": 0.9705,
      "box": [
        134.9,
        120.4,
        166.2,
        151.9
      ],
      "repeats": [
        [
          149.64,
          136.07
        ],
        [
          149.67000000000002,
          136.16
        ],
        [
          149.64,
          136.1
        ],
        [
          149.75,
          136.04000000000002
        ],
        [
          150.88,
          136.06
        ]
      ],
      "idx": 2313,
      "mislabel": false,
      "mislabel_reason": "ok",
      "e_unet": 0.64
    },
    {
      "valid": true,
      "cx": 149.79000000000002,
      "cy": 136.01999999999998,
      "area": 654,
      "det_score": 0.4014,
      "sam_score": 0.969,
      "box": [
        134.8,
        120.2,
        166.2,
        151.9
      ],
      "repeats": [
        [
          149.8,
          135.94
        ],
        [
          149.84,
          136.0
        ],
        [
          149.84,
          135.95
        ],
        [
          149.88,
          135.82999999999998
        ],
        [
          150.99,
          135.94
        ]
      ],
      "idx": 2314,
      "mislabel": false,
      "mislabel_reason": "ok",
      "e_unet": 0.64
    },
    {
      "valid": true,
      "cx": 149.64,
      "cy": 135.73000000000002,
      "area": 663,
      "det_score": 0.3981,
      "sam_score": 0.9694,
      "box": [
        134.4,
        120.1,
        166.2,
        151.8
      ],
      "repeats": [
        [
          149.61,
          135.70999999999998
        ],
        [
          149.67000000000002,
          135.81
        ],
        [
          149.63,
          135.76
        ],
        [
          149.70999999999998,
          135.72
        ],
        [
          150.78,
          135.84
        ]
      ],
      "idx": 2315,
      "mislabel": false,
      "mislabel_reason": "ok",
      "e_unet": 0.56
    }
  ]
}