{
  "prompt": "black pupil.",
  "gsam2_centers": [
    {
      "valid": true,
      "cx": 130.14,
      "cy": 96.72,
      "area": 392,
      "det_score": 0.3505,
      "sam_score": 0.952,
      "box": [
        118.3,
        83.6,
        142.4,
        110.6
      ],
      "repeats": [
        [
          130.12,
          96.63
        ],
        [
          130.15,
          96.85
        ],
        [
          130.16,
          96.78
        ],
        [
          130.41,
          96.57
        ],
        [
          131.33,
          96.61
        ]
      ],
      "idx": 305,
      "mislabel": false,
      "mislabel_reason": "ok",
      "e_unet": 1.07
    },
    {
      "valid": true,
      "cx": 130.28,
      "cy": 96.49,
      "area": 383,
      "det_score": 0.3278,
      "sam_score": 0.9475,
      "box": [
        118.5,
        83.6,
        142.3,
        110.1
      ],
      "repeats": [
        [
          130.29000000000002,
          96.4
        ],
        [
          130.26,
          96.64
        ],
        [
          130.28,
          96.52
        ],
        [
          130.43,
          96.44
        ],
        [
          131.41,
          96.35
        ]
      ],
      "idx": 306,
      "mislabel": false,
      "mislabel_reason": "ok",
      "e_unet": 1.1
    },
    {
      "valid": true,
      "cx": 130.28,
      "cy": 96.57,
      "area": 363,
      "det_score": 0.3276,
      "sam_score": 0.9466,
      "box": [
        118.8,
        83.9,
        142.2,
        109.9
      ],
      "repeats": [
        [
          130.17000000000002,
          96.38
        ],
        [
          130.26,
          96.69
        ],
        [
          130.32,
          96.48
        ],
        [
          130.43,
          96.41
        ],
        [
          131.34,
          96.46
        ]
      ],
      "idx": 307,
      "mislabel": false,
      "mislabel_reason": "ok",
      "e_unet": 1.18
    },
    {
      "valid": true,
      "cx": 130.29000000000002,
      "cy": 96.28,
      "area": 363,
      "det_score": 0.3142,
      "sam_score": 0.946,
      "box": [
        118.9,
        83.8,
        142.1,
        109.8
      ],
      "repeats": [
        [
          130.20999999999998,
          96.25
        ],
        [
          130.31,
          96.41
        ],
        [
          130.20999999999998,
          96.43
        ],
        [
          130.5,
          96.21
        ],
        [
          131.39,
          96.24
        ]
      ],
      "idx": 308,
      "mislabel": false,
      "mislabel_reason": "ok",
      "e_unet": 1.1
    },
    {
      "valid": true,
      "cx": 130.2,
      "cy": 96.52,
      "area": 352,
      "det_score": 0.3271,
      "sam_score": 0.9453,
      "box": [
        118.9,
        83.9,
        142.0,
        109.7
      ],
      "repeats": [
        [
          130.03,
          96.49
        ],
        [
          130.20999999999998,
          96.61
        ],
        [
          130.23000000000002,
          96.53
        ],
        [
          130.25,
          96.44
        ],
        [
          131.21,
          96.44
        ]
      ],
      "idx": 309,
      "mislabel": false,
      "mislabel_reason": "ok",
      "e_unet": 1.26
    },
    {
      "valid": true,
      "cx": 130.01,
      "cy": 96.6,
      "area": 347,
      "det_score": 0.3344,
      "sam_score": 0.9448,
      "box": [
        118.9,
        84.2,
        141.8,
        109.7
      ],
      "repeats": [
        [
          129.94,
          96.36
        ],
        [
          130.07,
          96.57
        ],
        [
          130.11,
          96.42
        ],
        [
          130.18,
          96.52
        ],
        [
          131.15,
          96.55
        ]
      ],
      "idx": 310,
      "mislabel": false,
      "mislabel_reason": "ok",
      "e_unet": 1.24
    },
    {
      "valid": true,
      "cx": 129.87,
      "cy": 96.4,
      "area": 339,
      "det_score": 0.3337,
      "sam_score": 0.9426,
      "box": [
        118.9,
        84.1,
        141.6,
        109.3
      ],
      "repeats": [
        [
          129.87,
          96.23
        ],
        [
          129.97,
          96.32
        ],
        [
          129.89,
          96.35
        ],
        [
          130.07,
          96.24
        ],
        [
          131.03,
          96.34
        ]
      ],
      "idx": 311,
      "mislabel": false,
      "mislabel_reason": "ok",
      "e_unet": 1.2
    },
    {
      "valid": true,
      "cx": 129.82999999999998,
      "cy": 96.32,
      "area": 334,
      "det_score": 0.3448,
      "sam_score": 0.9435,
      "box": [
        119.0,
        84.1,
        141.5,
        109.1
      ],
      "repeats": [
        [
          129.91,
          96.11
        ],
        [
          129.85,
          96.46
        ],
        [
          129.94,
          96.23
        ],
        [
          130.1,
          96.26
        ],
        [
          131.03,
          96.26
        ]
      ],
      "idx": 312,
      "mislabel": false,
      "mislabel_reason": "ok",
      "e_unet": 1.11
    },
    {
      "valid": true,
      "cx": 129.82999999999998,
      "cy": 96.32,
      "area": 333,
      "det_score": 0.3443,
      "sam_score": 0.9438,
      "box": [
        119.0,
        84.2,
        141.5,
        109.0
      ],
      "repeats": [
        [
          129.88,
          96.13
        ],
        [
          129.85,
          96.46
        ],
        [
          129.94,
          96.23
        ],
        [
          129.94,
          96.18
        ],
        [
          130.97,
          96.3
        ]
      ],
      "idx": 313,
      "mislabel": false,
      "mislabel_reason": "ok",
      "e_unet": 1.09
    },
    {
      "valid": true,
      "cx": 129.79000000000002,
      "cy": 96.42,
      "area": 328,
      "det_score": 0.3401,
      "sam_score": 0.9447,
      "box": [
        119.0,
        84.2,
        141.3,
        109.0
      ],
      "repeats": [
        [
          129.82,
          96.14
        ],
        [
          129.79000000000002,
          96.53
        ],
        [
          129.87,
          96.3
        ],
        [
          129.93,
          96.22
        ],
        [
          130.77,
          96.34
        ]
      ],
      "idx": 314,
      "mislabel": false,
      "mislabel_reason": "ok",
      "e_unet": 1.13
    },
    {
      "valid": true,
      "cx": 129.75,
      "cy": 96.37,
      "area": 330,
      "det_score": 0.3361,
      "sam_score": 0.9454,
      "box": [
        119.0,
        84.2,
        141.2,
        109.1
      ],
      "repeats": [
        [
          129.76,
          96.17
        ],
        [
          129.76999999999998,
          96.45
        ],
        [
          129.88,
          96.25
        ],
        [
          129.9,
          96.22
        ],
        [
          130.81,
          96.41
        ]
      ],
      "idx": 315,
      "mislabel": false,
      "mislabel_reason": "ok",
      "e_unet": 1.09
    }
  ]
}