{
  "prompt": "black pupil.",
  "gsam2_centers": [
    {
      "valid": true,
      "cx": 221.5,
      "cy": 143.91,
      "area": 858,
      "det_score": 0.3776,
      "sam_score": 0.9647,
      "box": [
        204.8,
        126.9,
        239.0,
        161.0
      ],
      "repeats": [
        [
          221.26,
          143.91
        ],
        [
          221.47,
          143.99
        ],
        [
          221.48,
          143.98
        ],
        [
          221.55,
          143.89
        ],
        [
          222.72,
          144.0
        ]
      ],
      "idx": 2207,
      "mislabel": false,
      "mislabel_reason": "ok",
      "e_unet": 1.21
    },
    {
      "valid": true,
      "cx": 220.81,
      "cy": 142.01,
      "area": 834,
      "det_score": 0.4352,
      "sam_score": 0.965,
      "box": [
        204.3,
        125.2,
        238.0,
        158.8
      ],
      "repeats": [
        [
          220.66,
          141.81
        ],
        [
          220.83,
          142.02
        ],
        [
          220.8,
          141.94
        ],
        [
          220.91,
          141.9
        ],
        [
          222.01999999999998,
          142.03
        ]
      ],
      "idx": 2208,
      "mislabel": false,
      "mislabel_reason": "ok",
      "e_unet": 1.21
    },
    {
      "valid": true,
      "cx": 219.32,
      "cy": 135.07,
      "area": 761,
      "det_score": 0.4761,
      "sam_score": 0.966,
      "box": [
        203.2,
        119.8,
        236.4,
        150.9
      ],
      "repeats": [
        [
          219.32,
          135.01999999999998
        ],
        [
          219.43,
          135.15
        ],
        [
          219.39,
          135.09
        ],
        [
          219.5,
          135.01
        ],
        [
          220.65,
          135.1
        ]
      ],
      "idx": 2209,
      "mislabel": false,
      "mislabel_reason": "ok",
      "e_unet": 0.94
    },
    {
      "valid": true,
      "cx": 219.21,
      "cy": 135.39,
      "area": 762,
      "det_score": 0.4712,
      "sam_score": 0.9666,
      "box": [
        203.0,
        120.0,
        236.2,
        151.2
      ],
      "repeats": [
        [
          219.24,
          135.37
        ],
        [
          219.26,
          135.42000000000002
        ],
        [
          219.26,
          135.42000000000002
        ],
        [
          219.24,
          135.35
        ],
        [
          220.39,
          135.43
        ]
      ],
      "idx": 2210,
      "mislabel": false,
      "mislabel_reason": "ok",
      "e_unet": 1.12
    },
    {
      "valid": true,
      "cx": 219.1,
      "cy": 135.5,
      "area": 760,
      "det_score": 0.487,
      "sam_score": 0.9673,
      "box": [
        202.9,
        120.2,
        236.0,
        151.1
      ],
      "repeats": [
        [
          219.1,
          135.47
        ],
        [
          219.19,
          135.53
        ],
        [
          219.14,
          135.51999999999998
        ],
        [
          219.18,
          135.45
        ],
        [
          220.24,
          135.43
        ]
      ],
      "idx": 2211,
      "mislabel": false,
      "mislabel_reason": "ok",
      "e_unet": 1.19
    },
    {
      "valid": true,
      "cx": 219.01,
      "cy": 135.45999999999998,
      "area": 749,
      "det_score": 0.4886,
      "sam_score": 0.9667,
      "box": [
        202.9,
        120.3,
        235.7,
        151.0
      ],
      "repeats": [
        [
          218.89,
          135.44
        ],
        [
          219.01,
          135.55
        ],
        [
          219.0,
          135.51999999999998
        ],
        [
          219.06,
          135.42000000000002
        ],
        [
          220.17000000000002,
          135.48000000000002
        ]
      ],
      "idx": 2212,
      "mislabel": false,
      "mislabel_reason": "ok",
      "e_unet": 1.19
    },
    {
      "valid": true,
      "cx": 218.99,
      "cy": 135.36,
      "area": 735,
      "det_score": 0.4777,
      "sam_score": 0.9674,
      "box": [
        203.0,
        120.3,
        235.6,
        150.7
      ],
      "repeats": [
        [
          218.96,
          135.32999999999998
        ],
        [
          218.98,
          135.41
        ],
        [
          219.0,
          135.36
        ],
        [
          219.05,
          135.22
        ],
        [
          220.12,
          135.3
        ]
      ],
      "idx": 2213,
      "mislabel": false,
      "mislabel_reason": "ok",
      "e_unet": 1.26
    }
  ]
}