{
  "prompt": "black pupil.",
  "gsam2_centers": [
    {
      "valid": true,
      "cx": 205.53,
      "cy": 132.17000000000002,
      "area": 853,
      "det_score": 0.4387,
      "sam_score": 0.9668,
      "box": [
        189.4,
        115.1,
        223.3,
        149.0
      ],
      "repeats": [
        [
          205.56,
          132.07999999999998
        ],
        [
          205.56,
          132.25
        ],
        [
          205.6,
          132.16
        ],
        [
          205.63,
          132.07999999999998
        ],
        [
          206.74,
          132.17000000000002
        ]
      ],
      "idx": 205,
      "mislabel": false,
      "mislabel_reason": "ok",
      "e_unet": 0.98
    },
    {
      "valid": true,
      "cx": 205.66,
      "cy": 132.14,
      "area": 861,
      "det_score": 0.435,
      "sam_score": 0.9648,
      "box": [
        189.4,
        114.9,
        223.4,
        149.1
      ],
      "repeats": [
        [
          205.68,
          132.03
        ],
        [
          205.72,
          132.14
        ],
        [
          205.77,
          132.06
        ],
        [
          205.8,
          132.04000000000002
        ],
        [
          206.92000000000002,
          132.12
        ]
      ],
      "idx": 206,
      "mislabel": false,
      "mislabel_reason": "ok",
      "e_unet": 1.06
    },
    {
      "valid": true,
      "cx": 205.84,
      "cy": 132.22,
      "area": 861,
      "det_score": 0.4304,
      "sam_score": 0.9646,
      "box": [
        189.4,
        115.1,
        223.6,
        149.2
      ],
      "repeats": [
        [
          205.81,
          132.16
        ],
        [
          205.9,
          132.28
        ],
        [
          205.87,
          132.22
        ],
        [
          205.83,
          132.22
        ],
        [
          206.98000000000002,
          132.31
        ]
      ],
      "idx": 207,
      "mislabel": false,
      "mislabel_reason": "ok",
      "e_unet": 1.03
    },
    {
      "valid": true,
      "cx": 205.8,
      "cy": 132.25,
      "area": 872,
      "det_score": 0.4432,
      "sam_score": 0.9646,
      "box": [
        189.3,
        114.9,
        223.8,
        149.3
      ],
      "repeats": [
        [
          205.78,
          132.16
        ],
        [
          205.9,
          132.3
        ],
        [
          205.83,
          132.22
        ],
        [
          205.84,
          132.23000000000002
        ],
        [
          206.86,
          132.32999999999998
        ]
      ],
      "idx": 208,
      "mislabel": false,
      "mislabel_reason": "ok",
      "e_unet": 1.03
    },
    {
      "valid": true,
      "cx": 205.9,
      "cy": 132.2,
      "area": 883,
      "det_score": 0.4365,
      "sam_score": 0.9642,
      "box": [
        189.3,
        114.8,
        223.8,
        149.3
      ],
      "repeats": [
        [
          205.86,
          132.1
        ],
        [
          205.88,
          132.26
        ],
        [
          205.84,
          132.12
        ],
        [
          205.95,
          132.13
        ],
        [
          207.03,
          132.25
        ]
      ],
      "idx": 209,
      "mislabel": false,
      "mislabel_reason": "ok",
      "e_unet": 1.09
    },
    {
      "valid": true,
      "cx": 205.95,
      "cy": 132.18,
      "area": 887,
      "det_score": 0.4363,
      "sam_score": 0.9654,
      "box": [
        189.1,
        114.8,
        223.9,
        149.4
      ],
      "repeats": [
        [
          205.89,
          131.99
        ],
        [
          205.96,
          132.2
        ],
        [
          205.95,
          132.11
        ],
        [
          205.96,
          132.09
        ],
        [
          207.01999999999998,
          132.24
        ]
      ],
      "idx": 210,
      "mislabel": false,
      "mislabel_reason": "ok",
      "e_unet": 1.06
    },
    {
      "valid": true,
      "cx": 205.88,
      "cy": 132.15,
      "area": 894,
      "det_score": 0.4638,
      "sam_score": 0.9664,
      "box": [
        189.0,
        114.7,
        224.1,
        149.5
      ],
      "repeats": [
        [
          205.91,
          132.11
        ],
        [
          205.98,
          132.20999999999998
        ],
        [
          205.97,
          132.17000000000002
        ],
        [
          205.98,
          132.13
        ],
        [
          207.06,
          132.26
        ]
      ],
      "idx": 211,
      "mislabel": false,
      "mislabel_reason": "ok",
      "e_unet": 0.98
    },
    {
      "valid": true,
      "cx": 205.79,
      "cy": 132.2,
      "area": 908,
      "det_score": 0.4575,
      "sam_score": 0.9669,
      "box": [
        188.9,
        114.4,
        224.1,
        149.5
      ],
      "repeats": [
        [
          205.8,
          132.07
        ],
        [
          205.77,
          132.28
        ],
        [
          205.8,
          132.15
        ],
        [
          205.89,
          132.07
        ],
        [
          206.99,
          132.13
        ]
      ],
      "idx": 212,
      "mislabel": false,
      "mislabel_reason": "ok",
      "e_unet": 1.01
    },
    {
      "valid": true,
      "cx": 205.75,
      "cy": 132.13,
      "area": 915,
      "det_score": 0.4617,
      "sam_score": 0.9671,
      "box": [
        188.7,
        114.4,
        224.2,
        149.6
      ],
      "repeats": [
        [
          205.77,
          131.98000000000002
        ],
        [
          205.76,
          132.22
        ],
        [
          205.78,
          132.1
        ],
        [
          205.83,
          132.05
        ],
        [
          206.82,
          132.23000000000002
        ]
      ],
      "idx": 213,
      "mislabel": false,
      "mislabel_reason": "ok",
      "e_unet": 1.03
    },
    {
      "valid": true,
      "cx": 205.72,
      "cy": 132.01,
      "area": 929,
      "det_score": 0.4737,
      "sam_score": 0.9666,
      "box": [
        188.6,
        114.3,
        224.2,
        149.8
      ],
      "repeats": [
        [
          205.7,
          132.07
        ],
        [
          205.79,
          132.15
        ],
        [
          205.78,
          132.0
        ],
        [
          205.82,
          132.01
        ],
        [
          207.01,
          132.2
        ]
      ],
      "idx": 214,
      "mislabel": false,
      "mislabel_reason": "ok",
      "e_unet": 0.81
    },
    {
      "valid": true,
      "cx": 205.77,
      "cy": 132.1,
      "area": 933,
      "det_score": 0.4843,
      "sam_score": 0.966,
      "box": [
        188.4,
        114.2,
        224.3,
        149.9
      ],
      "repeats": [
        [
          205.69,
          132.01
        ],
        [
          205.8,
          132.17000000000002
        ],
        [
          205.72,
          132.06
        ],
        [
          205.85,
          132.04000000000002
        ],
        [
          207.01999999999998,
          132.2
        ]
      ],
      "idx": 215,
      "mislabel": false,
      "mislabel_reason": "ok",
      "e_unet": 0.91
    }
  ]
}