{
  "prompt": "black pupil.",
  "gsam2_centers": [
    {
      "valid": true,
      "cx": 131.59,
      "cy": 141.04,
      "area": 469,
      "det_score": 0.4296,
      "sam_score": 0.954,
      "box": [
        122.0,
        124.5,
        142.0,
        157.9
      ],
      "repeats": [
        [
          131.53,
          140.99
        ],
        [
          131.78,
          141.19
        ],
        [
          131.87,
          140.76
        ],
        [
          131.97,
          140.78
        ],
        [
          132.84,
          140.9
        ]
      ],
      "idx": 605,
      "mislabel": false,
      "mislabel_reason": "ok",
      "e_unet": 0.85
    },
    {
      "valid": true,
      "cx": 131.85,
      "cy": 140.81,
      "area": 485,
      "det_score": 0.4142,
      "sam_score": 0.9523,
      "box": [
        121.9,
        124.4,
        142.4,
        157.8
      ],
      "repeats": [
        [
          131.7,
          140.94
        ],
        [
          131.98000000000002,
          140.89
        ],
        [
          131.9,
          140.66
        ],
        [
          132.03,
          140.7
        ],
        [
          133.13,
          140.83
        ]
      ],
      "idx": 606,
      "mislabel": false,
      "mislabel_reason": "ok",
      "e_unet": 0.86
    },
    {
      "valid": true,
      "cx": 134.36,
      "cy": 139.97,
      "area": 529,
      "det_score": 0.477,
      "sam_score": 0.9527,
      "box": [
        123.6,
        123.1,
        146.1,
        157.1
      ],
      "repeats": [
        [
          134.34,
          140.02
        ],
        [
          134.41,
          139.99
        ],
        [
          134.39,
          139.99
        ],
        [
          134.5,
          139.78
        ],
        [
          135.54,
          139.95
        ]
      ],
      "idx": 607,
      "mislabel": false,
      "mislabel_reason": "ok",
      "e_unet": 0.99
    },
    {
      "valid": true,
      "cx": 136.23000000000002,
      "cy": 138.63,
      "area": 542,
      "det_score": 0.5262,
      "sam_score": 0.9588,
      "box": [
        125.4,
        121.9,
        148.2,
        155.7
      ],
      "repeats": [
        [
          136.2,
          138.56
        ],
        [
          136.35,
          138.65
        ],
        [
          136.26999999999998,
          138.49
        ],
        [
          136.48000000000002,
          138.37
        ],
        [
          137.42,
          138.56
        ]
      ],
      "idx": 608,
      "mislabel": false,
      "mislabel_reason": "ok",
      "e_unet": 0.98
    },
    {
      "valid": true,
      "cx": 136.72,
      "cy": 138.29,
      "area": 546,
      "det_score": 0.5338,
      "sam_score": 0.9617,
      "box": [
        126.1,
        121.6,
        148.6,
        155.4
      ],
      "repeats": [
        [
          136.74,
          138.18
        ],
        [
          136.74,
          138.27
        ],
        [
          136.76999999999998,
          138.21
        ],
        [
          136.8,
          138.17
        ],
        [
          137.88,
          138.24
        ]
      ],
      "idx": 609,
      "mislabel": false,
      "mislabel_reason": "ok",
      "e_unet": 0.9
    },
    {
      "valid": true,
      "cx": 137.23000000000002,
      "cy": 138.0,
      "area": 548,
      "det_score": 0.5239,
      "sam_score": 0.9632,
      "box": [
        126.4,
        121.4,
        149.0,
        155.2
      ],
      "repeats": [
        [
          137.12,
          137.76
        ],
        [
          137.26,
          138.05
        ],
        [
          137.24,
          137.94
        ],
        [
          137.28,
          137.78
        ],
        [
          138.32,
          138.04
        ]
      ],
      "idx": 610,
      "mislabel": false,
      "mislabel_reason": "ok",
      "e_unet": 0.86
    },
    {
      "valid": true,
      "cx": 137.54000000000002,
      "cy": 137.95999999999998,
      "area": 563,
      "det_score": 0.5286,
      "sam_score": 0.9638,
      "box": [
        126.7,
        121.3,
        149.5,
        155.1
      ],
      "repeats": [
        [
          137.53,
          137.79000000000002
        ],
        [
          137.56,
          138.04
        ],
        [
          137.56,
          137.92000000000002
        ],
        [
          137.69,
          137.74
        ],
        [
          138.73,
          137.91
        ]
      ],
      "idx": 611,
      "mislabel": false,
      "mislabel_reason": "ok",
      "e_unet": 0.92
    },
    {
      "valid": true,
      "cx": 138.22,
      "cy": 137.81,
      "area": 574,
      "det_score": 0.5068,
      "sam_score": 0.9627,
      "box": [
        127.1,
        121.0,
        150.2,
        154.9
      ],
      "repeats": [
        [
          138.16,
          137.63
        ],
        [
          138.23000000000002,
          137.79000000000002
        ],
        [
          138.20999999999998,
          137.76
        ],
        [
          138.28,
          137.64
        ],
        [
          139.35,
          137.75
        ]
      ],
      "idx": 612,
      "mislabel": false,
      "mislabel_reason": "ok",
      "e_unet": 1.0
    },
    {
      "valid": true,
      "cx": 144.19,
      "cy": 136.05,
      "area": 650,
      "det_score": 0.4803,
      "sam_score": 0.9667,
      "box": [
        131.7,
        119.7,
        157.9,
        153.0
      ],
      "repeats": [
        [
          144.24,
          135.94
        ],
        [
          144.25,
          136.01
        ],
        [
          144.20999999999998,
          135.98000000000002
        ],
        [
          144.37,
          135.84
        ],
        [
          145.35,
          136.01999999999998
        ]
      ],
      "idx": 613,
      "mislabel": false,
      "mislabel_reason": "ok",
      "e_unet": 1.06
    },
    {
      "valid": true,
      "cx": 147.93,
      "cy": 134.87,
      "area": 670,
      "det_score": 0.465,
      "sam_score": 0.9672,
      "box": [
        134.8,
        118.6,
        161.9,
        151.9
      ],
      "repeats": [
        [
          147.98000000000002,
          134.85
        ],
        [
          147.94,
          134.98000000000002
        ],
        [
          147.94,
          134.98000000000002
        ],
        [
          148.01999999999998,
          134.79000000000002
        ],
        [
          149.05,
          134.81
        ]
      ],
      "idx": 614,
      "mislabel": false,
      "mislabel_reason": "ok",
      "e_unet": 0.93
    },
    {
      "valid": true,
      "cx": 148.42000000000002,
      "cy": 134.74,
      "area": 665,
      "det_score": 0.4431,
      "sam_score": 0.9658,
      "box": [
        135.4,
        118.8,
        162.3,
        151.6
      ],
      "repeats": [
        [
          148.36,
          134.65
        ],
        [
          148.51999999999998,
          134.87
        ],
        [
          148.48000000000002,
          134.72
        ],
        [
          148.54000000000002,
          134.61
        ],
        [
          149.59,
          134.75
        ]
      ],
      "idx": 615,
      "mislabel": false,
      "mislabel_reason": "ok",
      "e_unet": 0.87
    }
  ]
}