{
  "prompt": "black pupil.",
  "gsam2_centers": [
    {
      "valid": true,
      "cx": 162.67,
      "cy": 135.47,
      "area": 879,
      "det_score": 0.4584,
      "sam_score": 0.9704,
      "box": [
        146.4,
        117.4,
        180.2,
        154.6
      ],
      "repeats": [
        [
          162.52,
          135.54000000000002
        ],
        [
          162.68,
          135.5
        ],
        [
          162.66,
          135.47
        ],
        [
          162.73,
          135.42000000000002
        ],
        [
          163.64,
          135.62
        ]
      ],
      "idx": 705,
      "mislabel": false,
      "mislabel_reason": "ok",
      "e_unet": 0.81
    },
    {
      "valid": true,
      "cx": 162.61,
      "cy": 135.49,
      "area": 878,
      "det_score": 0.4323,
      "sam_score": 0.9701,
      "box": [
        146.3,
        117.4,
        180.2,
        154.6
      ],
      "repeats": [
        [
          162.43,
          135.54000000000002
        ],
        [
          162.62,
          135.49
        ],
        [
          162.57,
          135.45999999999998
        ],
        [
          162.73,
          135.38
        ],
        [
          163.63,
          135.63
        ]
      ],
      "idx": 706,
      "mislabel": false,
      "mislabel_reason": "ok",
      "e_unet": 0.81
    },
    {
      "valid": true,
      "cx": 162.67,
      "cy": 135.49,
      "area": 879,
      "det_score": 0.4525,
      "sam_score": 0.9711,
      "box": [
        146.4,
        117.5,
        180.2,
        154.6
      ],
      "repeats": [
        [
          162.51,
          135.56
        ],
        [
          162.6,
          135.6
        ],
        [
          162.67,
          135.53
        ],
        [
          162.76,
          135.4
        ],
        [
          163.63,
          135.67000000000002
        ]
      ],
      "idx": 707,
      "mislabel": false,
      "mislabel_reason": "ok",
      "e_unet": 0.81
    },
    {
      "valid": true,
      "cx": 162.72,
      "cy": 135.45,
      "area": 881,
      "det_score": 0.4256,
      "sam_score": 0.9708,
      "box": [
        146.4,
        117.3,
        180.3,
        154.6
      ],
      "repeats": [
        [
          162.6,
          135.51
        ],
        [
          162.69,
          135.47
        ],
        [
          162.68,
          135.45999999999998
        ],
        [
          162.75,
          135.42000000000002
        ],
        [
          163.66,
          135.6
        ]
      ],
      "idx": 708,
      "mislabel": false,
      "mislabel_reason": "ok",
      "e_unet": 0.85
    },
    {
      "valid": true,
      "cx": 162.73,
      "cy": 135.49,
      "area": 879,
      "det_score": 0.4624,
      "sam_score": 0.9709,
      "box": [
        146.5,
        117.5,
        180.3,
        154.7
      ],
      "repeats": [
        [
          162.59,
          135.55
        ],
        [
          162.72,
          135.64
        ],
        [
          162.75,
          135.51
        ],
        [
          162.81,
          135.47
        ],
        [
          163.71,
          135.79000000000002
        ]
      ],
      "idx": 709,
      "mislabel": false,
      "mislabel_reason": "ok",
      "e_unet": 0.83
    },
    {
      "valid": true,
      "cx": 162.8,
      "cy": 135.68,
      "area": 885,
      "det_score": 0.4699,
      "sam_score": 0.9706,
      "box": [
        146.6,
        117.6,
        180.5,
        154.7
      ],
      "repeats": [
        [
          162.67,
          135.65
        ],
        [
          162.74,
          135.82
        ],
        [
          162.77,
          135.67000000000002
        ],
        [
          162.89,
          135.57999999999998
        ],
        [
          163.83,
          135.75
        ]
      ],
      "idx": 710,
      "mislabel": false,
      "mislabel_reason": "ok",
      "e_unet": 0.85
    },
    {
      "valid": true,
      "cx": 162.77,
      "cy": 135.53,
      "area": 880,
      "det_score": 0.464,
      "sam_score": 0.9715,
      "box": [
        146.6,
        117.5,
        180.3,
        154.3
      ],
      "repeats": [
        [
          162.7,
          135.48000000000002
        ],
        [
          162.78,
          135.57
        ],
        [
          162.74,
          135.48000000000002
        ],
        [
          162.9,
          135.42000000000002
        ],
        [
          163.83,
          135.57
        ]
      ],
      "idx": 711,
      "mislabel": false,
      "mislabel_reason": "ok",
      "e_unet": 0.82
    },
    {
      "valid": true,
      "cx": 175.03,
      "cy": 132.36,
      "area": 963,
      "det_score": 0.4353,
      "sam_score": 0.9651,
      "box": [
        157.1,
        114.1,
        193.8,
        151.2
      ],
      "repeats": [
        [
          174.95,
          132.37
        ],
        [
          175.0,
          132.45999999999998
        ],
        [
          174.98,
          132.45
        ],
        [
          175.05,
          132.36
        ],
        [
          176.08,
          132.43
        ]
      ],
      "idx": 712,
      "mislabel": false,
      "mislabel_reason": "ok",
      "e_unet": 0.93
    },
    {
      "valid": true,
      "cx": 199.04,
      "cy": 125.26,
      "area": 947,
      "det_score": 0.3492,
      "sam_score": 0.9642,
      "box": [
        180.6,
        107.9,
        218.7,
        142.5
      ],
      "repeats": [
        [
          199.05,
          125.22
        ],
        [
          199.05,
          125.28
        ],
        [
          199.05,
          125.24
        ],
        [
          199.14,
          125.15
        ],
        [
          200.29000000000002,
          125.12
        ]
      ],
      "idx": 713,
      "mislabel": false,
      "mislabel_reason": "ok",
      "e_unet": 1.17
    },
    {
      "valid": true,
      "cx": 203.92,
      "cy": 123.98,
      "area": 957,
      "det_score": 0.4546,
      "sam_score": 0.9677,
      "box": [
        185.5,
        106.5,
        223.2,
        141.4
      ],
      "repeats": [
        [
          203.87,
          123.84
        ],
        [
          203.94,
          123.97
        ],
        [
          203.88,
          123.85
        ],
        [
          204.0,
          123.86
        ],
        [
          205.06,
          123.86
        ]
      ],
      "idx": 714,
      "mislabel": false,
      "mislabel_reason": "ok",
      "e_unet": 1.22
    },
    {
      "valid": true,
      "cx": 203.34,
      "cy": 124.01,
      "area": 951,
      "det_score": 0.4738,
      "sam_score": 0.9682,
      "box": [
        185.4,
        106.6,
        222.8,
        141.7
      ],
      "repeats": [
        [
          203.35,
          123.93
        ],
        [
          203.41,
          124.07
        ],
        [
          203.43,
          123.94
        ],
        [
          203.43,
          123.97
        ],
        [
          204.61,
          123.99
        ]
      ],
      "idx": 715,
      "mislabel": false,
      "mislabel_reason": "ok",
      "e_unet": 0.94
    }
  ]
}