{
  "prompt": "black pupil.",
  "gsam2_centers": [
    {
      "valid": true,
      "cx": 140.62,
      "cy": 147.94,
      "area": 3375,
      "det_score": 0.3402,
      "sam_score": 0.919,
      "box": [
        107.8,
        110.7,
        172.6,
        179.1
      ],
      "repeats": [
        [
          140.70999999999998,
          147.29
        ],
        [
          140.7,
          147.8
        ],
        [
          140.75,
          147.32
        ],
        [
          140.9,
          147.62
        ],
        [
          141.43,
          147.78
        ]
      ],
      "idx": 705,
      "mislabel": false,
      "mislabel_reason": "ok",
      "e_unet": 1.77
    },
    {
      "valid": true,
      "cx": 139.22,
      "cy": 148.61,
      "area": 948,
      "det_score": 0.3669,
      "sam_score": 0.9726,
      "box": [
        122.9,
        128.6,
        156.1,
        169.2
      ],
      "repeats": [
        [
          139.17000000000002,
          148.61
        ],
        [
          139.22,
          148.61
        ],
        [
          139.20999999999998,
          148.6
        ],
        [
          139.22,
          148.57
        ],
        [
          140.28,
          148.56
        ]
      ],
      "idx": 706,
      "mislabel": false,
      "mislabel_reason": "ok",
      "e_unet": 0.66
    },
    {
      "valid": true,
      "cx": 139.26999999999998,
      "cy": 148.52,
      "area": 960,
      "det_score": 0.3636,
      "sam_score": 0.9724,
      "box": [
        123.0,
        128.5,
        156.3,
        169.2
      ],
      "repeats": [
        [
          139.28,
          148.47
        ],
        [
          139.28,
          148.52
        ],
        [
          139.3,
          148.49
        ],
        [
          139.29000000000002,
          148.46
        ],
        [
          140.47,
          148.57
        ]
      ],
      "idx": 707,
      "mislabel": false,
      "mislabel_reason": "ok",
      "e_unet": 0.66
    },
    {
      "valid": true,
      "cx": 140.95,
      "cy": 147.46,
      "area": 3368,
      "det_score": 0.3501,
      "sam_score": 0.9163,
      "box": [
        108.1,
        110.6,
        172.8,
        179.1
      ],
      "repeats": [
        [
          141.1,
          147.08
        ],
        [
          141.09,
          147.74
        ],
        [
          141.26999999999998,
          147.22
        ],
        [
          141.43,
          147.32
        ],
        [
          141.87,
          147.22
        ]
      ],
      "idx": 708,
      "mislabel": false,
      "mislabel_reason": "ok",
      "e_unet": 2.09
    },
    {
      "valid": true,
      "cx": 141.2,
      "cy": 147.96,
      "area": 3384,
      "det_score": 0.3209,
      "sam_score": 0.911,
      "box": [
        108.2,
        110.9,
        172.6,
        179.2
      ],
      "repeats": [
        [
          141.05,
          147.0
        ],
        [
          141.31,
          147.77
        ],
        [
          141.65,
          146.86
        ],
        [
          141.99,
          147.0
        ],
        [
          141.66,
          147.18
        ]
      ],
      "idx": 709,
      "mislabel": false,
      "mislabel_reason": "ok",
      "e_unet": 2.27
    },
    {
      "valid": true,
      "cx": 139.45999999999998,
      "cy": 148.25,
      "area": 978,
      "det_score": 0.3788,
      "sam_score": 0.9723,
      "box": [
        122.9,
        128.0,
        156.9,
        169.1
      ],
      "repeats": [
        [
          139.43,
          148.23
        ],
        [
          139.45999999999998,
          148.35
        ],
        [
          139.45999999999998,
          148.31
        ],
        [
          139.45999999999998,
          148.25
        ],
        [
          140.59,
          148.37
        ]
      ],
      "idx": 710,
      "mislabel": false,
      "mislabel_reason": "ok",
      "e_unet": 0.62
    },
    {
      "valid": true,
      "cx": 139.5,
      "cy": 148.36,
      "area": 978,
      "det_score": 0.3632,
      "sam_score": 0.9721,
      "box": [
        123.1,
        127.8,
        156.9,
        169.1
      ],
      "repeats": [
        [
          139.48000000000002,
          148.24
        ],
        [
          139.49,
          148.36
        ],
        [
          139.51999999999998,
          148.3
        ],
        [
          139.55,
          148.18
        ],
        [
          140.65,
          148.37
        ]
      ],
      "idx": 711,
      "mislabel": false,
      "mislabel_reason": "ok",
      "e_unet": 0.62
    },
    {
      "valid": true,
      "cx": 156.68,
      "cy": 141.06,
      "area": 1104,
      "det_score": 0.3691,
      "sam_score": 0.9762,
      "box": [
        138.1,
        121.1,
        177.2,
        161.0
      ],
      "repeats": [
        [
          156.69,
          141.06
        ],
        [
          156.77,
          141.0
        ],
        [
          156.78,
          140.99
        ],
        [
          156.83,
          140.99
        ],
        [
          157.86,
          141.05
        ]
      ],
      "idx": 712,
      "mislabel": false,
      "mislabel_reason": "ok",
      "e_unet": 0.7
    },
    {
      "valid": true,
      "cx": 173.66,
      "cy": 135.45999999999998,
      "area": 1156,
      "det_score": 0.4506,
      "sam_score": 0.9742,
      "box": [
        153.5,
        116.2,
        194.9,
        154.6
      ],
      "repeats": [
        [
          173.71,
          135.37
        ],
        [
          173.7,
          135.5
        ],
        [
          173.76,
          135.39
        ],
        [
          173.74,
          135.37
        ],
        [
          174.88,
          135.47
        ]
      ],
      "idx": 713,
      "mislabel": false,
      "mislabel_reason": "ok",
      "e_unet": 0.71
    },
    {
      "valid": true,
      "cx": 175.11,
      "cy": 133.94,
      "area": 1152,
      "det_score": 0.4749,
      "sam_score": 0.9752,
      "box": [
        154.9,
        114.9,
        196.6,
        153.0
      ],
      "repeats": [
        [
          175.14,
          133.8
        ],
        [
          175.14,
          133.99
        ],
        [
          175.14,
          133.88
        ],
        [
          175.17,
          133.82999999999998
        ],
        [
          176.28,
          134.04000000000002
        ]
      ],
      "idx": 714,
      "mislabel": false,
      "mislabel_reason": "ok",
      "e_unet": 0.65
    },
    {
      "valid": true,
      "cx": 175.14,
      "cy": 133.51999999999998,
      "area": 1153,
      "det_score": 0.4288,
      "sam_score": 0.9758,
      "box": [
        155.0,
        114.5,
        196.8,
        152.7
      ],
      "repeats": [
        [
          175.25,
          133.35
        ],
        [
          175.2,
          133.49
        ],
        [
          175.28,
          133.36
        ],
        [
          175.25,
          133.41
        ],
        [
          176.41,
          133.6
        ]
      ],
      "idx": 715,
      "mislabel": false,
      "mislabel_reason": "ok",
      "e_unet": 0.72
    }
  ]
}