user,eye,code,motion_session,frame_idx,ts,cx,cy,score,speed_pxps,state
1,left,101,saccade,1,1657710786177477.0,164.88398692810455,135.4113562091503,22.506152331853972,,Fixation
1,left,101,saccade,4,1657710786297477.0,164.581311769991,135.70956873315365,21.604568405727857,2.234403725906511,Fixation
1,left,101,saccade,7,1657710786417477.0,164.66098226466576,135.89904502046386,21.678642384887706,0.328442788615227,Fixation
1,left,101,saccade,10,1657710786537478.0,164.53260373917007,135.7715458276334,21.125928481461806,2.583405378461549,Fixation
1,left,101,saccade,13,1657710786657478.0,164.06020654801142,135.7457701604043,21.301092617178234,1.826241921201564,Fixation
1,left,101,saccade,16,1657710786777478.0,164.14604166666663,135.978125,21.10112707599404,0.5487777764387697,Fixation
1,left,101,saccade,19,1657710786897478.0,164.09685230024212,135.87227602905568,21.697936183107696,0.5394453758452374,Fixation
1,left,101,saccade,22,1657710787017478.0,164.08218079775503,135.86550410903988,22.135632934657288,1.2260112176409155,Fixation
1,left,101,saccade,25,1657710787137478.0,163.93542757417103,136.1182858250921,22.17487787392028,0.5021012907561306,Fixation
1,left,101,saccade,28,1657710787257478.0,164.1335884818662,135.75651540003645,22.78606239094574,3.014722279334375,Fixation
1,left,101,saccade,31,1657710787377478.0,164.47145877378435,135.63231148696264,23.747624633227957,1.4746963954314751,Fixation
1,left,101,saccade,34,1657710787497478.0,164.48739495798318,135.765756302521,23.65697098762226,1.0513357811338908,Fixation
1,left,101,saccade,37,1657710787617478.0,164.42754367934225,135.88078108941417,24.444039401627727,1.367251827673628,Fixation
1,left,101,saccade,40,1657710787737479.0,164.8139342909031,135.73336635298,25.25716136978133,2.2863457002361947,Fixation
1,left,101,saccade,43,1657710787857479.0,164.972302273455,135.81492154979185,25.07479570213292,1.0178200837461169,Fixation
1,left,101,saccade,46,1657710787977479.0,165.0581306409668,135.7396359186171,26.747256355346092,0.826816280023387,Fixation
1,left,101,saccade,49,1657710788097479.0,165.03939122649956,135.62817069531482,27.517724361745202,0.9464718675813868,Fixation
1,left,101,saccade,52,1657710788217479.0,165.20965842167254,135.90886336866902,27.720994967248064,1.5546170253274625,Fixation
1,left,101,saccade,55,1657710788337479.0,165.31688500727802,135.87758369723434,28.199889265477502,0.7159909763084751,Fixation
1,left,101,saccade,58,1657710788457479.0,165.0913770913771,135.7842127842128,28.70409781184697,0.9846906629698206,Fixation
1,left,101,saccade,61,1657710788577479.0,165.10077519379846,135.97322057787173,28.611537466612884,1.5260189113657991,Fixation
1,left,101,saccade,64,1657710788697479.0,165.12767425810904,136.1486542443064,29.012739592331762,0.9471998519450562,Fixation
1,left,101,saccade,67,1657710788817479.0,165.30914618028018,136.06410256410254,29.957128965092526,1.233020503064747,Fixation
1,left,101,saccade,70,1657710788937480.0,165.2044531761624,136.43444662737392,30.109926193982194,1.3188256979808424,Fixation
1,left,101,saccade,73,1657710789057480.0,165.1760420882234,136.3512747875354,29.662034240905076,1.5873338520097933,Fixation
1,left,101,saccade,76,1657710789177480.0,164.9810275585099,136.12588284171167,28.868696468619856,4.420739819921147,Fixation
1,left,101,saccade,79,1657710789297480.0,164.30670066581666,136.95948434622466,26.957445066051555,4.152328188821568,Fixation
1,left,101,saccade,82,1657710789417480.0,164.85164394546914,137.11400695001336,29.31266094175499,1.1638735861462566,Fixation
1,left,101,saccade,85,1657710789537480.0,164.585983289687,136.95435839880284,31.643399338551156,0.6462556099519764,Fixation
1,left,101,saccade,88,1657710789657480.0,164.82753202803963,137.26722262509065,31.9668711357333,1.267394200416731,Fixation
1,left,101,saccade,91,1657710789777480.0,164.80045189677725,137.17005589249612,33.024551925331245,2.270079854515186,Fixation
1,left,101,saccade,94,1657710789897480.0,164.41654518950438,137.6248785228377,32.25424841917048,1.5448160907038981,Fixation
1,left,101,saccade,97,1657710790017480.0,164.9104386924292,137.52412200753432,31.969879608375567,28.77741962082694,Fixation
1,left,101,saccade,100,1657710790137480.0,165.84617044228693,144.38187702265373,18.27776547754589,1.6386646253243136,Fixation
1,left,101,saccade,103,1657710790257481.0,164.52485065710871,137.44671445639187,31.626908156219255,30.164162099176128,Fixation
1,left,101,saccade,106,1657710790377481.0,164.3442697653224,137.29995443153337,34.12996886707991,0.5618407492151155,Fixation
1,left,101,saccade,109,1657710790497481.0,164.56183827806862,137.31704479348457,33.729625652229636,1.584621351915547,Fixation
1,left,101,saccade,112,1657710790617481.0,164.6679541650573,137.10029612462984,30.894138423982785,2.0439172918537785,Fixation
1,left,101,saccade,115,1657710790737481.0,164.23391328362328,136.95222314277822,27.913639475431562,2.100107213967641,Fixation
1,left,101,saccade,118,1657710790857481.0,164.1772589710333,137.21544891194696,27.875184370822147,0.7296473612397462,Fixation
1,left,101,saccade,121,1657710790977481.0,164.40873015873015,136.9624433106576,27.9855442441543,2.082846921199954,Fixation
1,left,101,saccade,124,1657710791097481.0,164.1529346159208,136.7161578140248,27.613102230974352,1.4210398043417696,Fixation
1,left,101,saccade,127,1657710791217481.0,164.25228954961736,136.65939028980054,31.736069290366856,1.2717282107816794,Fixation
1,left,101,saccade,130,1657710791337481.0,164.44114451285765,136.81661233852466,31.756278590564918,1.028877528975084,Fixation
1,left,101,saccade,133,1657710791457482.0,164.21121875373757,136.9028824303313,31.834598763359256,1.049946870769785,Fixation
1,left,101,saccade,136,1657710791577482.0,164.18970380818052,136.83321579689704,32.94665114194958,1.1739611803290877,Fixation
1,left,101,saccade,139,1657710791697482.0,164.3430735930736,137.1518759018759,32.210582387643065,0.8467261543316166,Fixation
1,left,101,saccade,142,1657710791817482.0,164.194365192582,137.0363766048502,32.39059713127456,1.2445171466898028,Fixation
1,left,101,saccade,145,1657710791937482.0,164.2563095238095,136.86607142857142,32.69985181485291,1.210179188917213,Fixation
1,left,101,saccade,148,1657710792057482.0,164.447119924457,136.89329556185078,33.12117800111389,0.1667184467245484,Fixation
1,left,101,saccade,151,1657710792177482.0,164.29330007127584,136.88132573057734,32.42525790620169,1.3541274979982387,Fixation
1,left,101,saccade,154,1657710792297482.0,164.1221671388102,136.88833805476864,31.839098247146076,1.9203450935187907,Fixation
1,left,101,saccade,157,1657710792417482.0,164.43580077678774,137.3196253141421,33.99009165928467,1.4171710138905584,Fixation
1,left,101,saccade,160,1657710792537482.0,164.29619503303712,137.1805650489861,33.579575729039185,1.450125246717843,Fixation
1,left,101,saccade,163,1657710792657482.0,164.23575547866204,137.03483275663206,32.96176707203694,1.0353560615445456,Fixation
1,left,101,saccade,166,1657710792777483.0,164.5308162785227,137.26240884497764,32.91180539955419,1.4857464528184612,Fixation
1,left,101,saccade,169,1657710792897483.0,164.51970443349754,136.81914144968331,32.89289118680257,1.8240037234427688,Fixation
1,left,101,saccade,172,1657710793017483.0,164.531490015361,136.82464846980974,32.79703796215061,0.7317482465033739,Fixation
1,left,101,saccade,175,1657710793137483.0,164.53027671645245,136.99444251476206,33.42384618224951,1.525944950612603,Fixation
1,left,101,saccade,178,1657710793257483.0,164.460757156048,137.18397968605723,32.927556679553724,0.6933155028967424,Fixation
1,left,101,saccade,181,1657710793377483.0,164.47337684644452,137.1508072827207,33.59310893868046,0.8929557070804846,Fixation
1,left,101,saccade,184,1657710793497483.0,164.6349537037037,137.0591435185185,32.790833262125744,11.769924479774861,Fixation
1,left,101,saccade,187,1657710793617483.0,167.29507429507427,137.01883701883702,32.37129006593045,809.7065851787988,Saccade
1,left,101,saccade,190,1657710793737483.0,331.07071950118956,36.74403150381492,15.350627417194707,229.15942158977057,Fixation
1,left,101,saccade,193,1657710793857483.0,215.62634146341463,163.26569105691055,24.369848861153883,703.5800227562286,Saccade
1,left,101,saccade,196,1657710793977484.0,214.01319400464428,158.44532404475405,33.809928834273194,711.7993847612748,Saccade
1,left,101,saccade,199,1657710794097484.0,330.9381609752159,37.22224913215467,15.36806020306969,38.220832744888234,Fixation
1,left,101,saccade,202,1657710794217484.0,216.60646990161746,167.2441220610305,23.37882024245339,702.3046452784725,Saccade
1,left,101,saccade,205,1657710794337484.0,218.06516388133176,162.4014768752429,25.1035951672216,31.10977030685287,Fixation
1,left,101,saccade,208,1657710794457484.0,217.94624860022395,159.8989672763469,30.206437859347954,11.125496423894743,Fixation
1,left,101,saccade,211,1657710794577484.0,218.1288770730472,159.73211798961893,30.273795410346157,2.176661340695967,Fixation
1,left,101,saccade,214,1657710794697484.0,218.0609347796973,159.38931297709922,29.835584296353883,4.448562112517425,Fixation
1,left,101,saccade,217,1657710794817484.0,218.21642310368824,158.66805845511482,28.653080359482697,3.063529442491026,Fixation
1,left,101,saccade,220,1657710794937484.0,218.07289002557545,158.65416311452117,27.87852492830868,0.7595357144537283,Fixation
1,left,101,saccade,223,1657710795057484.0,218.108826409288,158.5209120156665,28.790759804184127,0.3302935774419017,Fixation
1,left,101,saccade,226,1657710795177485.0,218.03829451243584,158.58283984734834,29.89721909870626,66.35711880025241,Fixation
1,left,101,saccade,229,1657710795297485.0,218.37798634812287,142.59741183162683,24.925678075899818,142.8730819309938,Fixation
1,left,101,saccade,232,1657710795417485.0,216.21097477845942,124.3420245398773,23.992007895641546,77.40163086209753,Fixation
1,left,101,saccade,235,1657710795537485.0,216.28426480372588,124.13938789088489,25.20947165176875,8.395803857240521,Fixation
1,left,101,saccade,238,1657710795657485.0,216.05839793281655,122.3328165374677,24.143186224496624,8.728486348660356,Fixation
1,left,101,saccade,241,1657710795777485.0,216.31186868686868,122.04473304473304,23.051372870855555,2.160867208061551,Fixation
1,left,101,saccade,244,1657710795897485.0,216.30588907947399,121.87707261292167,22.889164603304337,2.7096011507264492,Fixation
1,left,101,saccade,247,1657710796017485.0,216.14084790034156,121.41731967048422,22.186132568901225,2.7063090942268713,Fixation
1,left,101,saccade,250,1657710796137485.0,216.03252032520325,121.287888263498,22.05287299664053,2.268693917081492,Fixation
1,left,101,saccade,253,1657710796257485.0,215.98678232135478,120.89508467575382,21.81683580794294,1.426193447084898,Fixation
1,left,101,saccade,256,1657710796377485.0,215.9376456876457,120.95901320901321,22.027309788551694,0.8413134221515184,Fixation
1,left,101,saccade,259,1657710796497486.0,216.13451970914656,121.03272101033295,21.795643008656807,328.3705043436343,Fixation
1,left,101,saccade,262,1657710796617486.0,142.88762466638573,150.5325186121646,30.171939203843248,397.7845022597938,Fixation
1,left,101,saccade,265,1657710796737486.0,131.88423153692614,165.93351758022416,27.647218609264417,79.4839599142494,Fixation
1,left,101,saccade,268,1657710796857486.0,131.56229454306376,165.88297172912556,26.858418337125308,17.24919442617706,Fixation
1,left,101,saccade,271,1657710796977486.0,127.89143730886849,167.0269495412844,23.072119486231145,17.057288513616705,Fixation
1,left,101,saccade,274,1657710797097486.0,127.58528493364558,166.8536299765808,23.60904270326521,7.346788824538374,Fixation
1,left,101,saccade,277,1657710797217486.0,127.58587088915957,168.76349979699552,22.12198616723532,7.385889814646737,Fixation
1,left,101,saccade,280,1657710797337486.0,127.35914771563203,168.6117598852694,22.0423774490562,2.3421336681151166,Fixation
1,left,101,saccade,283,1657710797457486.0,127.15064676616915,168.40776119402986,21.932950232191754,0.996171174261519,Fixation
1,left,101,saccade,286,1657710797577486.0,127.44794050343249,168.3897787948131,23.151541400967023,2.439434460123706,Fixation
1,left,101,saccade,289,1657710797697487.0,127.73522727272727,168.43996212121212,22.61988643771879,2.8028243463584084,Fixation
1,left,101,saccade,292,1657710797817487.0,127.65100423806891,167.7484798231067,23.157316173185276,6.582375091321224,Fixation
1,left,101,saccade,295,1657710797937487.0,127.76261077027948,166.86042944785277,25.93287901571053,12.040925877303604,Fixation
1,left,101,saccade,298,1657710798057487.0,128.6948871181939,165.05378486055776,26.610460940983074,141.20564748656565,Fixation
1,left,101,saccade,301,1657710798177487.0,132.1209031318281,133.25248846807477,17.653399136835482,133.98823509428837,Fixation
1,left,101,saccade,304,1657710798297487.0,131.87279063978093,133.0540204132437,17.001741059166285,22.084619196803615,Fixation
1,left,101,saccade,307,1657710798417487.0,127.87143252978663,136.42033804377942,15.558989687580583,19.933969231140516,Fixation
1,left,101,saccade,310,1657710798537487.0,128.05899447834932,135.94245858761988,15.266231753126057,10.6479462301545,Fixation
1,left,101,saccade,313,1657710798657487.0,129.1873920552677,134.22970639032815,15.082483101026039,9.86848803831949,Fixation
1,left,101,saccade,316,1657710798777487.0,129.55677655677655,134.10775335775335,14.56636152974376,1.4885145928462122,Fixation
1,left,101,saccade,319,1657710798897487.0,129.09253922510405,134.57412744156258,14.485400164789631,1.066736602409842,Fixation
1,left,101,saccade,322,1657710799017488.0,129.3016339869281,134.0866013071895,14.691353247975906,912.5374016293233,Saccade
1,left,101,saccade,325,1657710799137488.0,331.6880530973451,51.385250737463124,15.261723519025109,0.3814677199121371,Fixation
1,left,101,saccade,328,1657710799257488.0,129.39317042606515,134.08489974937342,14.559548863246178,909.8533809607757,Saccade
1,left,101,saccade,331,1657710799377488.0,129.5753676470588,134.05116421568627,14.48639988025071,2.0374685505963113,Fixation
1,left,101,saccade,334,1657710799497488.0,129.82335680751171,133.85240610328637,15.11606164260223,116.89688857832837,Fixation
1,left,101,saccade,337,1657710799617488.0,156.7754548974061,127.17711962833914,21.71590975110402,156.72274431327568,Fixation
1,left,101,saccade,340,1657710799737488.0,167.23109002013229,137.7809893586425,27.721175204674157,63.792047022479466,Fixation
1,left,101,saccade,343,1657710799857488.0,167.69399135647566,137.90952181792832,28.581327536275868,776.0604977944906,Saccade
1,left,101,saccade,346,1657710799977488.0,332.5543792107796,51.996631376323386,11.757350790049369,13.954331416850149,Fixation
1,left,101,saccade,349,1657710800097488.0,164.45575221238937,138.76384791871516,24.843143468306565,788.8786172528698,Saccade
1,left,101,saccade,352,1657710800217489.0,164.33058702368692,138.8714383796773,23.479569958046454,0.46614448669028224,Fixation
1,left,101,saccade,355,1657710800337489.0,164.5080532212885,138.8627450980392,23.21936962093509,1.3441557947694882,Fixation
1,left,101,saccade,358,1657710800457489.0,164.5925287356322,138.6831417624521,22.235417633708842,0.8321404249160071,Fixation
1,left,101,saccade,361,1657710800577489.0,164.65203761755487,138.72434691745036,21.090368030621498,8.646109842330556,Fixation
1,left,101,saccade,364,1657710800697489.0,166.38746803069054,137.64194373401534,20.987827090007,11.234092291388711,Fixation
1,left,101,saccade,367,1657710800817489.0,166.56975772765244,136.82915622389305,21.765585478076478,3.254531154233054,Fixation
1,left,101,saccade,370,1657710800937489.0,166.61263507896922,136.8940149625935,21.798113085524943,2.308852881169531,Fixation
1,left,101,saccade,373,1657710801057489.0,167.08916323731137,136.63609641387418,22.898658588324036,153.33300441670343,Fixation
1,left,101,saccade,376,1657710801177489.0,132.02743902439025,149.4677337398374,19.361765517077355,172.0010558199854,Fixation
1,left,101,saccade,379,1657710801297489.0,129.2101083032491,153.0445246690734,20.442536589424815,29.623205339511255,Fixation
1,left,101,saccade,382,1657710801417490.0,127.07112123513033,154.56492027334852,18.25907545825896,10.26413803187508,Fixation
1,left,101,saccade,385,1657710801537490.0,127.13409961685824,154.370625798212,18.99333319923178,1.9025650070489442,Fixation
1,left,101,saccade,388,1657710801657490.0,126.9861572535991,154.11627906976744,18.403853152002288,2.369737553586529,Fixation
1,left,101,saccade,391,1657710801777490.0,126.79994435169726,153.9104062326099,18.266454355358587,1.8921795460722672,Fixation
1,left,101,saccade,394,1657710801897490.0,126.90546047269764,153.66938331975004,18.41152025801543,1.4640348747043297,Fixation
1,left,101,saccade,397,1657710802017490.0,126.814072932717,153.5593220338983,19.358617693559285,1.6138527021695352,Fixation
1,left,101,saccade,400,1657710802137490.0,126.83506686478455,153.28850916295195,19.675294737009036,0.9703779922793802,Fixation
1,left,101,saccade,403,1657710802257490.0,126.89362677670792,153.3404401650619,20.32679542270126,0.3858692104236274,Fixation
1,left,101,saccade,406,1657710802377490.0,126.84059915045829,153.38095238095238,20.884736451216177,0.5172452696773026,Fixation
1,left,101,saccade,409,1657710802497490.0,126.94854881266491,153.2291116974494,21.187313777794643,16.072981587752455,Fixation
1,left,101,saccade,412,1657710802617490.0,128.13775216138328,157.01383285302595,23.257178720117086,66.98997907400945,Fixation
1,left,101,saccade,415,1657710802737491.0,133.0725338491296,168.09477756286267,27.656951702449266,50.40433005940675,Fixation
1,left,101,saccade,418,1657710802857491.0,133.44932959151853,167.88244465232302,27.417311765548234,1.0446176564754972,Fixation
1,left,101,saccade,421,1657710802977491.0,133.3232323232323,168.09256499420434,26.815980910439436,1.0786154924605413,Fixation
1,left,101,saccade,424,1657710803097491.0,133.1933815925543,167.84367459496724,25.99450545487597,1.0516153316989338,Fixation
1,left,101,saccade,427,1657710803217491.0,133.07088559483086,168.09711136450017,24.219772570497675,0.47223652012110234,Fixation
1,left,101,saccade,430,1657710803337491.0,133.107501933488,167.91763341067286,23.941561349466635,2.6571306519547204,Fixation
1,left,101,saccade,433,1657710803457491.0,133.38213627992633,167.54051565377532,24.536129867415728,2.5950059759337947,Fixation
1,left,101,saccade,436,1657710803577491.0,133.586659475009,167.519777058612,25.584713597734325,0.9070930803251471,Fixation
1,left,101,saccade,439,1657710803697491.0,133.5738993710692,167.43745632424876,26.186854933052373,1.4003181022714728,Fixation
1,left,101,saccade,442,1657710803817491.0,133.4494590939824,167.2129817444219,26.76438200143893,2.15950062996593,Fixation
1,left,101,saccade,445,1657710803937492.0,133.75852504486863,166.9531734377549,27.572144198713193,67.8235150035673,Fixation
1,left,101,saccade,448,1657710804057492.0,135.3148148148148,151.04250440917107,24.63146054674581,81.73530507691481,Fixation
1,left,101,saccade,451,1657710804177492.0,135.10652920962198,147.38307107976127,24.279214491977747,34.24129912256216,Fixation
1,left,101,saccade,454,1657710804297492.0,136.86589616584112,142.97229866079618,23.443335193071697,21.455169097129307,Fixation
1,left,101,saccade,457,1657710804417492.0,137.94183445190157,143.08473154362417,16.657471618372536,10.42417277573486,Fixation
1,left,101,saccade,460,1657710804537492.0,136.5021579080985,140.4970804772785,18.17595375843983,13.232938620930144,Fixation
1,left,101,saccade,463,1657710804657492.0,136.40749863163654,140.30405035577448,18.725781877777447,2.102738960414076,Fixation
1,left,101,saccade,466,1657710804777492.0,136.08728179551122,140.20975339429202,18.725749340044587,9.612015008870182,Fixation
1,left,101,saccade,469,1657710804897492.0,135.0204429301533,142.1473594548552,17.313978555628335,7.637802432620841,Fixation
1,left,101,saccade,472,1657710805017492.0,135.1260458839406,141.77058029689607,17.882604210539995,3.0396264416158747,Fixation
1,left,101,saccade,475,1657710805137492.0,135.0421686746988,141.41817269076304,18.289079887117378,5.892888765400194,Fixation
1,left,101,saccade,478,1657710805257493.0,135.1569858712716,140.35661957090528,17.562456672942705,4.890978911786297,Fixation
1,left,101,saccade,481,1657710805377493.0,135.1690977849811,140.2512155591572,18.064120971839387,55.05882086887808,Fixation
1,left,101,saccade,484,1657710805497493.0,147.35196832052176,135.2678779408339,22.452506139806342,219.79034376427728,Fixation
1,left,101,saccade,487,1657710805617493.0,184.68801652892563,122.07415059687786,21.84344225493243,177.98225415485174,Fixation
1,left,101,saccade,490,1657710805737493.0,187.32473268247324,120.20757787075777,20.97272477257137,21.808209690191614,Fixation
1,left,101,saccade,493,1657710805857493.0,188.57706093189964,118.57132616487455,20.214344356686738,2.397775179052711,Fixation
1,left,101,saccade,496,1657710805977493.0,187.08223523670082,119.68570034163005,21.03875985491669,6.707676074150002,Fixation
1,left,101,saccade,499,1657710806097493.0,187.52885110767645,119.79314786192683,20.171340509942468,2.0874449647514726,Fixation
1,left,101,saccade,502,1657710806217493.0,187.5518410852713,119.86022286821705,20.021367134778384,0.4313075389277939,Fixation
1,left,101,saccade,505,1657710806337493.0,187.58046380885455,119.88287655188567,21.289598676054325,1.7384219886843193,Fixation
1,left,101,saccade,508,1657710806457494.0,187.96878810046329,119.87539624481833,20.362832575148584,1.4265567425101224,Fixation
1,left,101,saccade,511,1657710806577494.0,187.92211609110947,119.8606416850355,20.687952956310898,0.20395284260176047,Fixation
1,left,101,saccade,514,1657710806697494.0,187.92211609110947,119.8606416850355,20.687952956310898,1.373635081328179,Fixation
1,left,101,saccade,517,1657710806817494.0,187.5924902096291,119.85510251094216,21.028239640285957,1.3480684907634009,Fixation
1,left,101,saccade,520,1657710806937494.0,187.65071982281285,120.03676633444074,21.635225320690047,89.54076118055217,Fixation
1,left,101,saccade,523,1657710807057494.0,166.20126639529624,121.9109000452284,20.747631827374576,161.34797072869563,Fixation
1,left,101,saccade,526,1657710807177494.0,149.4340751375927,126.28164632687245,20.889942261828875,126.15021001789027,Fixation
1,left,101,saccade,529,1657710807297494.0,137.30541871921181,130.9480021893815,16.78193701294713,45.676046826037634,Fixation
1,left,101,saccade,532,1657710807417494.0,138.85815602836877,129.16624113475174,16.33372109031606,13.004683717595936,Fixation
1,left,101,saccade,535,1657710807537494.0,139.14039774413772,128.4232710002968,15.75640903562958,4.423068916499688,Fixation
1,left,101,saccade,538,1657710807657495.0,138.83217015619806,128.10501827849782,14.395903113366067,3.012540129124675,Fixation
1,left,101,saccade,541,1657710807777495.0,138.93446440452428,127.73020625415835,14.545987131564608,1.2337258779256997,Fixation
1,left,101,saccade,544,1657710807897495.0,138.89972899728994,127.81673441734416,13.824723968106001,1.4656341200190446,Fixation
1,left,101,saccade,547,1657710808017495.0,138.86756669881066,128.07553841208613,15.134067035280845,1.415776450440913,Fixation
1,left,101,saccade,550,1657710808137495.0,139.1173835125448,128.07765830346474,15.894691407438089,0.40655124087793915,Fixation
1,left,101,saccade,553,1657710808257495.0,138.88504753673294,127.9795447997695,15.608463821403879,0.6243904983664468,Fixation
1,left,101,saccade,556,1657710808377495.0,138.97182304874613,128.11327134404058,16.137536648917862,1.2880362214787282,Fixation
1,left,101,saccade,559,1657710808497495.0,139.18055555555554,128.07029478458048,16.173043671054355,237.04814863768107,Fixation
1,left,101,saccade,562,1657710808617495.0,193.0361875637105,145.82466870540264,23.111056145830254,301.9352326907588,Fixation
1,left,101,saccade,565,1657710808737495.0,205.0677966101695,158.2359843546284,27.178174079205796,77.37685708549766,Fixation
1,left,101,saccade,568,1657710808857495.0,209.04376470588235,155.238431372549,25.952588497711858,29.45835701312966,Fixation
1,left,101,saccade,571,1657710808977496.0,210.43838784274857,153.63792533861908,25.00595113961325,13.473634207131784,Fixation
1,left,101,saccade,574,1657710809097496.0,212.08701366982123,156.3317560462671,16.009007864894226,11.010613370383428,Fixation
1,left,101,saccade,577,1657710809217496.0,208.09739368998626,152.41203703703704,20.56363334716244,22.938625280782738,Fixation
1,left,101,saccade,580,1657710809337496.0,208.95700582391228,151.8028434395341,19.208130314949095,7.377591584774061,Fixation
1,left,101,saccade,583,1657710809457496.0,209.61254724111865,151.49584278155706,27.084217357320288,3.1976975442638307,Fixation
1,left,101,saccade,586,1657710809577496.0,209.39338763775754,151.1715380929564,25.585881085139313,1.578760877646817,Fixation
1,left,101,saccade,589,1657710809697496.0,209.23557126030622,151.45768130573782,24.872624791893074,0.6234590184364647,Fixation
1,left,101,saccade,592,1657710809817496.0,209.2675760755509,151.2525358516964,24.335557453946794,1.5447668253304714,Fixation
1,left,101,saccade,595,1657710809937496.0,209.35172883665473,151.10560381536362,24.747642466792097,56.67528599843047,Fixation
1,left,101,saccade,598,1657710810057496.0,198.62135255750084,142.7864744249914,24.235373907404703,,Fixation
1,left,102,smooth,1,1657711084457716.0,167.08935466078324,138.02334988049273,23.103478832259853,,Smooth
1,left,102,smooth,4,1657711084577716.0,167.34012184508268,137.68964316797212,23.95525295874027,0.7557976854811276,Smooth
1,left,102,smooth,7,1657711084697716.0,167.27008189580064,138.00784108729744,22.868315075791973,1.0206829836783897,Smooth
1,left,102,smooth,10,1657711084817717.0,167.3521980798383,137.9343102577059,23.62573865879128,1.541880570595191,Smooth
1,left,102,smooth,13,1657711084937717.0,167.0265930757652,138.28650275965882,23.876884244609908,2.3486902427404712,Smooth
1,left,102,smooth,16,1657711085057717.0,166.9411077744411,138.31998665331997,23.750049258632803,5.282638806386598,Smooth
1,left,102,smooth,19,1657711085177717.0,166.81546174995955,139.53663270257158,24.789014707217103,4.5711440800340455,Smooth
1,left,102,smooth,22,1657711085297717.0,166.60417626285889,139.36404114847227,25.666395773349556,1.5999984414525843,Smooth
1,left,102,smooth,25,1657711085417717.0,166.6046716615249,139.21566034964007,26.28794888804119,0.8219215398054508,Smooth
1,left,102,smooth,28,1657711085537717.0,166.79369369369368,139.41876876876876,25.53260837042783,0.4736925874157095,Smooth
1,left,102,smooth,31,1657711085657717.0,166.6481648616125,139.32069795427194,26.235730472939267,2.5469642786603686,Smooth
1,left,102,smooth,34,1657711085777717.0,166.2150196433968,139.22181928074946,25.291464879967783,1.3814182818143286,Smooth
1,left,102,smooth,37,1657711085897717.0,166.41492898156542,139.08507101843455,26.0583424967985,2.788910131047282,Smooth
1,left,102,smooth,40,1657711086017718.0,166.717125382263,138.77920489296633,25.599015714041165,1.1039273111252772,Smooth
1,left,102,smooth,43,1657711086137718.0,166.6798577145398,139.08225878168074,25.941145078983958,1.332195234783934,Smooth
1,left,102,smooth,46,1657711086257718.0,166.60423048869436,139.07833698030635,26.56649501626319,0.24896153142066105,Smooth
1,left,102,smooth,49,1657711086377718.0,166.62246858832222,139.09889135254988,25.29097987065697,0.5818215755539856,Smooth
1,left,102,smooth,52,1657711086497718.0,166.7295903330386,139.139846743295,25.94103801355996,1.2458033062747589,Smooth
1,left,102,smooth,55,1657711086617718.0,166.81392294220666,138.86923525977815,25.561606259227027,0.6681761609065793,Smooth
1,left,102,smooth,58,1657711086737718.0,166.64311673208314,139.00479720889663,26.38173057739222,0.718770954336181,Smooth
1,left,102,smooth,61,1657711086857718.0,166.9804007605675,138.91443615620886,26.789329091376207,1.949243509470938,Smooth
1,left,102,smooth,64,1657711086977718.0,167.08807471264367,138.8603448275862,26.619230859929257,2.194453242977764,Smooth
1,left,102,smooth,67,1657711087097718.0,167.20532003325022,138.43821003047935,28.60160630928227,1.3032063934399483,Smooth
1,left,102,smooth,70,1657711087217719.0,166.93267012687426,139.1317762399077,26.033091069209743,16.396036675465353,Smooth
1,left,102,smooth,73,1657711087337719.0,166.95362318840577,142.36521739130436,22.775358163884892,25.33098701346369,Smooth
1,left,102,smooth,76,1657711087457719.0,168.5753793441018,144.98507097405775,14.70017873168725,10.492064978023336,Smooth
1,left,102,smooth,79,1657711087577719.0,167.29905820595954,139.87092789871852,24.701555930770283,816.4034467131804,Saccade
1,left,102,smooth,82,1657711087697719.0,332.7271954674221,38.0017941454202,11.95387406267922,8.791004444811938,Smooth
1,left,102,smooth,85,1657711087817719.0,167.4922693266833,141.97190357439732,21.993830001618726,807.041172554015,Saccade
1,left,102,smooth,88,1657711087937719.0,167.53500522466038,139.13195999402893,26.9130907842077,10.821624843333513,Smooth
1,left,102,smooth,91,1657711088057719.0,167.00752587017874,139.420351207275,24.349294481490595,2.2463156274283773,Smooth
1,left,102,smooth,94,1657711088177719.0,167.0182713695583,138.97823323800444,24.912439334100437,2.4485236632045737,Smooth
1,left,102,smooth,97,1657711088297719.0,166.95162932790225,138.83536999321112,23.571778229531684,1.9671346044600493,Smooth
1,left,102,smooth,100,1657711088417719.0,166.72365421707872,138.60932842363667,23.25392943086196,1.1500271995718172,Smooth
1,left,102,smooth,103,1657711088537720.0,166.6775342953857,138.86780687689293,22.705645577525853,2.1891621717999135,Smooth
1,left,102,smooth,106,1657711088657720.0,166.90348572429497,139.10299527062534,22.277932612182546,0.7993888835281666,Smooth
1,left,102,smooth,109,1657711088777720.0,166.8506772381896,138.95044598612486,24.550586121920766,1.3204968325866002,Smooth
1,left,102,smooth,112,1657711088897720.0,166.7572463768116,138.82183364839318,24.788075146087873,1.5754168989176527,Smooth
1,left,102,smooth,115,1657711089017720.0,166.734126984127,139.3101343101343,25.222881625257436,3.208276330904218,Smooth
1,left,102,smooth,118,1657711089137720.0,166.56766861073723,139.56811724241064,25.912567666519926,1.2258248651017383,Smooth
1,left,102,smooth,121,1657711089257720.0,166.99423503325943,139.44759793052475,26.045024912670357,2.686406242217817,Smooth
1,left,102,smooth,124,1657711089377720.0,167.18534798534796,139.3832967032967,25.62819031222965,1.5038610699058854,Smooth
1,left,102,smooth,127,1657711089497720.0,167.05497534087613,139.09181897302003,27.027309570876053,1.3215162662699786,Smooth
1,left,102,smooth,130,1657711089617720.0,166.99291722000885,139.1311789877527,26.11435485186292,1.1718554727300063,Smooth
1,left,102,smooth,133,1657711089737721.0,166.8252032520325,138.92963274460328,27.29155903496621,0.5500917983354404,Smooth
1,left,102,smooth,136,1657711089857721.0,167.12121212121212,139.10002805836137,26.798176020126977,0.7893496539235375,Smooth
1,left,102,smooth,139,1657711089977721.0,166.8619922092376,139.11547022815802,27.1372476846405,1.2513782376473281,Smooth
1,left,102,smooth,142,1657711090097721.0,166.91075896580483,139.3142896858493,27.171233104434968,1.520162097046454,Smooth
1,left,102,smooth,145,1657711090217721.0,166.9055829228243,139.47769567597152,28.296094521771153,3.7932258501885117,Smooth
1,left,102,smooth,148,1657711090337721.0,166.0391373801917,139.57707667731628,28.31150852328672,3.1383272345222974,Smooth
1,left,102,smooth,151,1657711090457721.0,166.19715923898877,139.7335157675267,29.23225598946627,0.40580966471302077,Smooth
1,left,102,smooth,154,1657711090577721.0,165.972624168948,139.50593143006125,29.460744185591047,0.8175425034774829,Smooth
1,left,102,smooth,157,1657711090697721.0,166.33001195695496,139.87790620433105,28.97790327463643,2.8917024270983553,Smooth
1,left,102,smooth,160,1657711090817721.0,166.46413015629003,139.99590058929027,30.49719855699133,0.5961772024938337,Smooth
1,left,102,smooth,163,1657711090937721.0,166.3980473150582,139.75203404681434,31.311536124453948,0.6917048700475469,Smooth
1,left,102,smooth,166,1657711091057722.0,166.30715197956576,139.9418901660281,30.128137652618623,1.5605371799147476,Smooth
1,left,102,smooth,169,1657711091177722.0,166.3338549817423,140.12102243088157,29.197979357696493,0.8610661583744892,Smooth
1,left,102,smooth,172,1657711091297722.0,166.29301179826265,140.14806171398936,30.572512125616505,0.22936178570084587,Smooth
1,left,102,smooth,175,1657711091417722.0,166.30391351943075,140.1672140120416,28.29609442356936,0.7604819773004932,Smooth
1,left,102,smooth,178,1657711091537722.0,166.4737333333333,140.12253333333334,28.923150318458813,2.277887800980917,Smooth
1,left,102,smooth,181,1657711091657722.0,166.3614105123087,139.62355289421157,28.908633454330257,1.304069119820437,Smooth
1,left,102,smooth,184,1657711091777722.0,166.62649930264993,139.84937238493723,27.833023137337776,95.81112116707654,Smooth
1,left,102,smooth,187,1657711091897722.0,187.72957393483708,148.11804511278194,18.903729451368655,811.2136342493552,Saccade
1,left,102,smooth,190,1657711092017722.0,332.1572739187418,37.35910878112713,14.599727564695142,141.3289469855603,Smooth
1,left,102,smooth,193,1657711092137722.0,217.56241893644616,164.25794422827497,25.24729110681618,700.5407231184735,Saccade
1,left,102,smooth,196,1657711092257723.0,217.86295631358465,160.66630760023935,30.295937708086008,1078.001775780242,Saccade
1,left,102,smooth,199,1657711092377723.0,10.587116802483507,9.022506790842064,10.471015134177435,19.25324408623183,Smooth
1,left,102,smooth,202,1657711092497723.0,218.98768319301527,165.148113501715,26.093231707465936,1080.1941569146304,Saccade
1,left,102,smooth,205,1657711092617723.0,219.22634480703323,162.90061093726715,22.567076196108722,14.958645832452206,Smooth
1,left,102,smooth,208,1657711092737723.0,219.2317500350287,161.56634440240998,26.943221421868053,6.838381449201777,Smooth
1,left,102,smooth,211,1657711092857723.0,219.27032690695725,161.25998882369376,27.763178731570612,0.5398666770218641,Smooth
1,left,102,smooth,214,1657711092977723.0,219.36031092821216,161.55022100289588,25.497168386558073,0.5447283527623897,Smooth
1,left,102,smooth,217,1657711093097723.0,219.1401303538175,161.2481378026071,25.352496190236845,10.417321877107565,Smooth
1,left,102,smooth,220,1657711093217723.0,218.34460920605497,159.2656780970034,25.529744749094416,22.58948822299522,Smooth
1,left,102,smooth,223,1657711093337723.0,216.53670120898101,156.49265975820379,27.827922251521752,114.98472308036605,Smooth
1,left,102,smooth,226,1657711093457724.0,214.68136454363997,131.91344583560152,23.246556218016185,124.16120504826823,Smooth
1,left,102,smooth,229,1657711093577724.0,214.38957055214723,126.77130197682344,25.583508982875873,33.71687901020661,Smooth
1,left,102,smooth,232,1657711093697724.0,218.4623960695389,124.75907029478458,21.91062200976778,18.96514406486185,Smooth
1,left,102,smooth,235,1657711093817724.0,218.4134223210975,124.64386355209491,22.984428908719156,2.3071841377217166,Smooth
1,left,102,smooth,238,1657711093937724.0,218.70044913102907,124.25912907635227,22.379764702649098,5.172835788173502,Smooth
1,left,102,smooth,241,1657711094057724.0,218.7713798251226,123.45510769886968,21.312330676562453,2.649049975631755,Smooth
1,left,102,smooth,244,1657711094177724.0,218.28167367928936,124.73749415614773,20.931183586385664,5.088094344044487,Smooth
1,left,102,smooth,247,1657711094297724.0,218.6385767790262,124.6690074906367,20.12708506723026,1.935767498776079,Smooth
1,left,102,smooth,250,1657711094417724.0,218.69478458049886,124.52494331065759,21.110178337659278,2.7874242120191726,Smooth
1,left,102,smooth,253,1657711094537724.0,219.25460405156534,124.40814917127072,19.48660597361454,4.115140498708065,Smooth
1,left,102,smooth,256,1657711094657724.0,218.9052287581699,123.55999066293184,20.21194977150157,4.59719990780687,Smooth
1,left,102,smooth,259,1657711094777725.0,218.89745490486777,123.36422041018037,19.77874243971232,234.81470760569408,Smooth
1,left,102,smooth,262,1657711094897725.0,165.99052041013732,142.95086090152833,21.284613874041618,379.61071177975265,Smooth
1,left,102,smooth,265,1657711095017725.0,137.41127308066083,164.112342079689,25.763728841435576,164.20964513350475,Smooth
1,left,102,smooth,268,1657711095137725.0,134.2227506936187,166.27427665477606,24.24751314010675,34.851763390132184,Smooth
1,left,102,smooth,271,1657711095257725.0,130.72985347985346,169.14445970695968,20.863744397337477,18.514281377988713,Smooth
1,left,102,smooth,274,1657711095377725.0,130.591705477933,168.8354402306498,20.877632897898803,2.1808007912684575,Smooth
1,left,102,smooth,277,1657711095497725.0,130.20854810996562,169.19115120274913,21.81171356712459,3.9116150132918195,Smooth
1,left,102,smooth,280,1657711095617725.0,129.9937914793406,169.55919503318344,21.688911941057057,2.391693941212843,Smooth
1,left,102,smooth,283,1657711095737725.0,130.13111849390918,169.75991140642302,21.36654991329339,1.252886594055803,Smooth
1,left,102,smooth,286,1657711095857725.0,129.9968152866242,169.85987261146497,21.866420370498364,2.123452830108806,Smooth
1,left,102,smooth,289,1657711095977726.0,129.66305502443169,169.55831739961758,21.61965124803959,1.0881465912026407,Smooth
1,left,102,smooth,292,1657711096097726.0,129.89253852392537,169.62043795620437,21.848146871718246,2.0855111645961273,Smooth
1,left,102,smooth,295,1657711096217726.0,130.15606595995288,169.47192775814682,22.29434546254103,2.0399738777148753,Smooth
1,left,102,smooth,298,1657711096337726.0,130.17136825945116,169.21800038380346,22.839662994193976,55.03607812029539,Smooth
1,left,102,smooth,301,1657711096457726.0,133.43333333333334,156.67629629629627,24.96956086094145,139.8124771427817,Smooth
1,left,102,smooth,304,1657711096577726.0,139.32551184725097,136.935817805383,19.834200307526395,83.77573515095608,Smooth
1,left,102,smooth,307,1657711096697726.0,138.7078941204029,137.27430311548372,20.77077917796505,877.3593257145561,Saccade
1,left,102,smooth,310,1657711096817726.0,332.2906215921483,52.658851326790256,13.90300660796253,878.7943166114499,Saccade
1,left,102,smooth,313,1657711096937726.0,332.26565232598807,53.496677159846094,18.014849941657683,4.0787932190315335,Smooth
1,left,102,smooth,316,1657711097057726.0,331.31311612364243,52.711278195488724,15.495475584677926,2.300982283710387,Smooth
1,left,102,smooth,319,1657711097177726.0,332.08858780614906,52.97359735973597,15.149928268021005,2.4210676528389374,Smooth
1,left,102,smooth,322,1657711097297727.0,330.7321964313911,52.72398547291962,16.423271043062705,3.1143177225665153,Smooth
1,left,102,smooth,325,1657711097417727.0,331.3997975708502,52.68336707152496,15.163294631862259,1.3481338795213396,Smooth
1,left,102,smooth,328,1657711097537727.0,331.0531470777135,52.76493256262042,15.996669337774385,0.5133665450653924,Smooth
1,left,102,smooth,331,1657711097657727.0,331.34359993376387,52.79301208809405,15.544118511878615,4.546901340228676,Smooth
1,left,102,smooth,334,1657711097777727.0,332.14295787061513,52.821082319760265,15.436901200693654,788.6138132594871,Saccade
1,left,102,smooth,337,1657711097897727.0,158.30919540229883,129.48206896551724,22.64410164768833,770.6646523042497,Saccade
1,left,102,smooth,340,1657711098017727.0,168.67774750227065,139.36094459582196,22.77155755823481,58.610301493610585,Smooth
1,left,102,smooth,343,1657711098137727.0,167.22933053661947,140.35850375808423,23.364108547449884,8.38504511700528,Smooth
1,left,102,smooth,346,1657711098257727.0,166.97263005256477,140.42976255211164,22.846055748576354,18.135141404246642,Smooth
1,left,102,smooth,349,1657711098377727.0,171.5479487179487,140.9,18.971851882156223,7.215211634589196,Smooth
1,left,102,smooth,352,1657711098497728.0,168.67316861725183,140.10294755093193,20.344452227496593,12.150639804428405,Smooth
1,left,102,smooth,355,1657711098617728.0,168.73609286027155,140.12702584318876,20.443047500959402,1.1933997174440172,Smooth
1,left,102,smooth,358,1657711098737728.0,168.52574698029244,139.85738503920322,21.259313313560405,6.98889842211569,Smooth
1,left,102,smooth,361,1657711098857728.0,167.16603214890014,139.53680203045684,20.801694125483188,765.5793634164028,Saccade
1,left,102,smooth,364,1657711098977728.0,330.83680555555554,53.74607487922705,12.115868281674864,780.4646991739837,Saccade
1,left,102,smooth,367,1657711099097728.0,334.2542270531401,54.87781803542673,16.484349028231364,767.9251290368987,Saccade
1,left,102,smooth,370,1657711099217728.0,168.1821029082774,140.41029082774048,20.825885423144772,778.7279347142553,Saccade
1,left,102,smooth,373,1657711099337728.0,167.94355697550583,140.1444089456869,21.224715715059897,172.00732265665053,Smooth
1,left,102,smooth,376,1657711099457728.0,134.83463541666666,164.74401041666664,19.711046679114684,182.80550488126931,Smooth
1,left,102,smooth,379,1657711099577728.0,135.25900730662636,169.4119425547997,20.953522390433307,18.129386334004955,Smooth
1,left,102,smooth,382,1657711099697729.0,135.17541337167506,169.08171579199615,21.03870623241561,33.880283715274395,Smooth
1,left,102,smooth,385,1657711099817729.0,143.3845223700121,169.71866182990726,25.195277914494802,37.53766058166493,Smooth
1,left,102,smooth,388,1657711099937729.0,144.1844012204424,169.11193745232646,26.0051158019289,58.83315965509562,Smooth
1,left,102,smooth,391,1657711100057729.0,157.20059142434698,166.80499425004106,26.62390742617256,80.89493075073969,Smooth
1,left,102,smooth,394,1657711100177729.0,163.39844236760123,166.32725856697817,25.664256711755655,56.342891497263864,Smooth
1,left,102,smooth,397,1657711100297729.0,170.62881776998393,165.2127721759462,26.362731246880507,66.36662911650912,Smooth
1,left,102,smooth,400,1657711100417729.0,179.20992848127892,164.4042911232646,28.330667635783747,47.31921185670835,Smooth
1,left,102,smooth,403,1657711100537729.0,181.9001312335958,163.82349081364828,31.18183627491526,47.30042850501884,Smooth
1,left,102,smooth,406,1657711100657729.0,190.5356959424756,163.63148433487416,30.910439460486867,46.78145340521235,Smooth
1,left,102,smooth,409,1657711100777729.0,193.1273909716909,163.74292272379495,30.708413356712015,67.93512219487987,Smooth
1,left,102,smooth,412,1657711100897729.0,206.8398321148118,163.53371242891959,24.70311435637811,72.24061814213495,Smooth
1,left,102,smooth,415,1657711101017730.0,210.4590142154909,163.27939418094857,28.298332321989008,38.7190888027637,Smooth
1,left,102,smooth,418,1657711101137730.0,216.1214828048236,163.08232842042577,27.364074251124755,49.47061935270534,Smooth
1,left,102,smooth,421,1657711101257730.0,222.06627366916754,160.78170775276882,21.435753151888232,29.853341089561233,Smooth
1,left,102,smooth,424,1657711101377730.0,222.26281371509364,159.39201131141746,23.50456884482723,12.296817550496913,Smooth
1,left,102,smooth,427,1657711101497730.0,221.83458270864568,157.83958020989505,24.78531824759616,57.27112436319851,Smooth
1,left,102,smooth,430,1657711101617730.0,208.65461651196873,157.45709167887964,22.688514686851335,61.159855812616954,Smooth
1,left,102,smooth,433,1657711101737730.0,207.1854370307409,156.91386881994617,27.42395535829242,20.912964537840946,Smooth
1,left,102,smooth,436,1657711101857730.0,203.7756248244875,156.27941589441167,25.162306347540092,56.41030007419099,Smooth
1,left,102,smooth,439,1657711101977730.0,193.8970398970399,159.5039897039897,28.47964532085471,101.31629417539439,Smooth
1,left,102,smooth,442,1657711102097730.0,179.90613817781446,160.91742361684558,26.98693691583127,76.54601175607912,Smooth
1,left,102,smooth,445,1657711102217731.0,175.55564841899985,160.54868366067697,26.726754943587967,65.94576804644437,Smooth
1,left,102,smooth,448,1657711102337731.0,164.18896321070235,162.7791248606466,29.20886713855407,57.06214061275833,Smooth
1,left,102,smooth,451,1657711102457731.0,162.06048277732572,162.87917005695687,29.5338326243875,59.75439411791719,Smooth
1,left,102,smooth,454,1657711102577731.0,150.04897595725734,165.17215791035915,29.138105633275735,52.35607142836308,Smooth
1,left,102,smooth,457,1657711102697731.0,149.70233132623127,165.1522309711286,28.081586070011152,5.949489681582568,Smooth
1,left,102,smooth,460,1657711102817731.0,148.63560975609755,164.96910569105688,27.982079131021365,30.00454863910012,Smooth
1,left,102,smooth,463,1657711102937731.0,142.57656193571685,166.19104369808593,26.686032569187727,39.83100161403488,Smooth
1,left,102,smooth,466,1657711103057731.0,139.23881151346333,166.72497678737233,25.850698657005246,30.277920037498795,Smooth
1,left,102,smooth,469,1657711103177731.0,135.45878136200716,167.65464895635674,22.32870556026363,20.281826001548254,Smooth
1,left,102,smooth,472,1657711103297731.0,134.42179144385025,167.42513368983958,20.76942568849825,8.325222406406432,Smooth
1,left,102,smooth,475,1657711103417731.0,133.91300546448088,166.38863387978142,21.930255240873684,17.578005726498585,Smooth
1,left,102,smooth,478,1657711103537732.0,131.9881764438381,163.97908140063663,21.212687873740347,17.50385521931984,Smooth
1,left,102,smooth,481,1657711103657732.0,132.9389920424403,162.30216622458002,23.11921935679856,34.90509106392742,Smooth
1,left,102,smooth,484,1657711103777732.0,140.2684159378037,162.70806608357628,25.0092827139937,40.868273397010555,Smooth
1,left,102,smooth,487,1657711103897732.0,142.72346467873624,161.61767838125667,26.083108490315315,24.074548584236794,Smooth
1,left,102,smooth,490,1657711104017732.0,145.80234159779613,161.04683195592284,26.54827430874472,26.3024479304054,Smooth
1,left,102,smooth,493,1657711104137732.0,148.94493969585736,160.5490298898794,25.55481067142253,57.565046900191234,Smooth
1,left,102,smooth,496,1657711104257732.0,159.57452966714905,162.14134105161602,27.64804750255927,62.40629907644364,Smooth
1,left,102,smooth,499,1657711104377732.0,163.87611450023462,161.7262631002659,26.683152411658636,61.15894906665785,Smooth
1,left,102,smooth,502,1657711104497732.0,173.99401748734468,159.39791379045863,24.81526332045832,67.56504875158744,Smooth
1,left,102,smooth,505,1657711104617732.0,179.9152138280435,159.34018775145285,25.166540421561304,60.09866710297318,Smooth
1,left,102,smooth,508,1657711104737733.0,188.39285199596483,158.55065571407982,27.056299936752108,46.21659975059864,Smooth
1,left,102,smooth,511,1657711104857733.0,190.91472520908002,157.91054360812424,26.99417639907879,50.06768136161374,Smooth
1,left,102,smooth,514,1657711104977733.0,200.39528165623494,157.97464291445996,25.402206999346784,50.2661407080306,Smooth
1,left,102,smooth,517,1657711105097733.0,202.97097288676235,157.481658692185,25.544635703889455,44.00896794541697,Smooth
1,left,102,smooth,520,1657711105217733.0,210.94145758661887,157.39392387779483,23.462835925455067,66.12384815539404,Smooth
1,left,102,smooth,523,1657711105337733.0,218.8177777777778,156.62907407407405,19.448139788772096,33.05849505203699,Smooth
1,left,102,smooth,526,1657711105457733.0,218.71252927400468,155.79410616705698,20.25683338854192,6.660329534921088,Smooth
1,left,102,smooth,529,1657711105577733.0,219.09968146899007,155.0556492411467,24.147475671509,5.875300785011428,Smooth
1,left,102,smooth,532,1657711105697733.0,219.0352919438285,154.42147080561713,24.41422822428441,17.84577645218795,Smooth
1,left,102,smooth,535,1657711105817733.0,215.20861917326297,153.26578715919084,24.356154030586254,46.45984218720863,Smooth
1,left,102,smooth,538,1657711105937734.0,207.93166405842462,153.40114762649975,18.84520877416848,83.38420556992767,Smooth
1,left,102,smooth,541,1657711106057734.0,195.2305324715297,154.4353647276085,25.3528161633701,66.84426641517526,Smooth
1,left,102,smooth,544,1657711106177734.0,191.90232047663844,154.05377861398557,24.653774535273584,69.78431145323174,Smooth
1,left,102,smooth,547,1657711106297734.0,178.4899703471132,154.9422640851212,21.62382266456969,120.28006031165317,Smooth
1,left,102,smooth,550,1657711106417734.0,163.180690399137,156.9492988133765,23.931066325159186,75.10384989602693,Smooth
1,left,102,smooth,553,1657711106537734.0,160.6027247956403,157.16584922797455,24.45690671957069,20.817212084012308,Smooth
1,left,102,smooth,556,1657711106657734.0,158.19428371032788,156.63773452568822,24.609410036351882,20.56427771948338,Smooth
1,left,102,smooth,559,1657711106777734.0,155.70264765784114,156.57620502376102,26.601681080717718,51.74625441383893,Smooth
1,left,102,smooth,562,1657711106897734.0,146.2486236902859,160.03409696323922,26.32355880869177,47.500702891614665,Smooth
1,left,102,smooth,565,1657711107017734.0,144.94109421429818,160.33822758259046,26.05981146528904,23.390353008847462,Smooth
1,left,102,smooth,568,1657711107137734.0,140.6502320185615,160.44818252126834,24.94554342973963,45.976403834164074,Smooth
1,left,102,smooth,571,1657711107257735.0,134.15103127079175,162.64737192282104,22.752363174229224,32.251226189570936,Smooth
1,left,102,smooth,574,1657711107377735.0,133.18056562726613,162.4771573604061,21.09972166788292,8.752907281506122,Smooth
1,left,102,smooth,577,1657711107497735.0,132.06310552500653,162.41607750720084,19.01648361746309,12.720099187284735,Smooth
1,left,102,smooth,580,1657711107617735.0,130.17211155378487,161.9585657370518,19.228136824539185,8.990670998657828,Smooth
1,left,102,smooth,583,1657711107737735.0,130.13666402326194,161.44409199048374,18.328942258066242,10.3897737527395,Smooth
1,left,102,smooth,586,1657711107857735.0,131.14667612964277,159.66335462502957,21.448396139588215,22.159865546530018,Smooth
1,left,102,smooth,589,1657711107977735.0,134.82543802725502,158.93402552455115,23.407196313311314,30.067948792808025,Smooth
1,left,102,smooth,592,1657711108097735.0,138.17855703345424,158.04232164449817,24.81631622368735,39.96959657983377,Smooth
1,left,102,smooth,595,1657711108217735.0,144.34510030864197,157.75250771604937,25.032411257812605,38.81890738029571,Smooth
1,left,102,smooth,598,1657711108337735.0,147.44950076804915,157.12173579109063,24.482664791564634,,Smooth
1,left,201,saccade,1,1657711695658206.0,165.95007593014427,135.96735003796508,22.235838946970315,,Fixation
1,left,201,saccade,4,1657711695778206.0,166.40238973818307,135.7476717624319,23.307511064053745,1.5915589705738324,Fixation
1,left,201,saccade,7,1657711695898206.0,166.30703111569537,136.1033178614406,23.210999908923004,2.492797551828768,Fixation
1,left,201,saccade,10,1657711696018206.0,166.18060366155368,136.30331519049975,24.07086775880056,1.1696343267594322,Fixation
1,left,201,saccade,13,1657711696138206.0,166.51637944418567,136.2903275888837,26.022646515855968,1.2981881505780244,Fixation
1,left,201,saccade,16,1657711696258207.0,166.3726775956284,136.54863387978142,25.34701753469328,1.7302704279724328,Fixation
1,left,201,saccade,19,1657711696378207.0,166.7270563736427,135.93247062323366,26.91769934163611,3.201335745342398,Fixation
1,left,201,saccade,22,1657711696498207.0,166.84516415261757,135.9427684117125,26.44518538766695,0.525583859045326,Fixation
1,left,201,saccade,25,1657711696618207.0,166.65825623773478,135.82674516400337,28.45087024465156,1.0027180577134482,Fixation
1,left,201,saccade,28,1657711696738207.0,166.68422485368177,135.76384919014563,29.627582319889427,1.363441557077893,Fixation
1,left,201,saccade,31,1657711696858207.0,166.9679743795036,135.93234587670136,30.411634173156337,0.7540332890631358,Fixation
1,left,201,saccade,34,1657711696978207.0,166.8650445419492,135.77117404600452,30.312608692631063,1.0953768730169164,Fixation
1,left,201,saccade,37,1657711697098207.0,166.86568513496061,135.69017176804854,30.384200230330833,0.5411198908965009,Fixation
1,left,201,saccade,40,1657711697218207.0,166.84040092521204,135.64366486764325,30.87472538774075,0.8173986755425966,Fixation
1,left,201,saccade,43,1657711697338207.0,166.93626151710208,135.5071311371955,31.07687165864981,2.0414514410051443,Fixation
1,left,201,saccade,46,1657711697458207.0,166.87136255776196,136.13263394529787,31.572396584912635,4.802405424388238,Fixation
1,left,201,saccade,49,1657711697578208.0,167.0650221378874,136.65249841872233,29.954795725352987,3.141825292513955,Fixation
1,left,201,saccade,52,1657711697698208.0,167.00073964497042,136.87549309664695,31.03264317336312,0.6151047792629062,Fixation
1,left,201,saccade,55,1657711697818208.0,167.15729511209113,136.76773245130468,30.71048964168931,1.613219572316465,Fixation
1,left,201,saccade,58,1657711697938208.0,167.10090022505625,136.50150037509377,30.738690936711436,0.6208005093695665,Fixation
1,left,201,saccade,61,1657711698058208.0,167.0127648374786,136.80392156862743,29.394681031283884,1.1981282278632452,Fixation
1,left,201,saccade,64,1657711698178208.0,166.99986761980406,136.77071750066187,29.381419658989817,4.29502052941959,Fixation
1,left,201,saccade,67,1657711698298208.0,166.95662287903667,137.8331964969896,25.68013597473149,1.2624323399307742,Fixation
1,left,201,saccade,70,1657711698418208.0,167.24845679012347,136.94393004115224,30.68609906144659,2.0350875495247562,Fixation
1,left,201,saccade,73,1657711698538208.0,167.0441176470588,137.35267620561737,28.855205373956807,1.983868002306358,Fixation
1,left,201,saccade,76,1657711698658208.0,167.094934184284,137.39462837388643,29.438082234123378,1.7924861343707488,Fixation
1,left,201,saccade,79,1657711698778209.0,167.25753999475478,136.9791502753737,29.80248698459135,1.8952674499609083,Fixation
1,left,201,saccade,82,1657711698898209.0,167.35382784609283,137.02062673542244,29.685015513157254,0.6782132676482951,Fixation
1,left,201,saccade,85,1657711699018209.0,167.38650949574327,137.07845448592008,29.603812457559513,0.7608483994776242,Fixation
1,left,201,saccade,88,1657711699138209.0,167.21532091097308,137.1396221532091,30.402407439798928,0.21878591731503833,Fixation
1,left,201,saccade,91,1657711699258209.0,167.39906459360384,137.129440020225,30.854095339496475,0.7082025862974178,Fixation
1,left,201,saccade,94,1657711699378209.0,167.38251366120218,137.10902940411137,30.67264664917289,0.8614618972498651,Fixation
1,left,201,saccade,97,1657711699498209.0,167.46805719532992,136.93454020726747,29.534047314544246,0.48506408657434724,Fixation
1,left,201,saccade,100,1657711699618209.0,167.37410165947995,137.2251404677904,30.216467828119548,0.4295413470967774,Fixation
1,left,201,saccade,103,1657711699738209.0,167.431178103927,137.0308078804707,29.18604424382773,1.0979977115271695,Fixation
1,left,201,saccade,106,1657711699858209.0,167.4206475583864,136.96576433121018,28.786420438580897,0.26241868537101315,Fixation
1,left,201,saccade,109,1657711699978210.0,167.4709946551949,136.98201016816583,30.32313498635498,0.7904002773514858,Fixation
1,left,201,saccade,112,1657711700098210.0,167.36903390914907,137.14830454254638,30.656851995081716,0.9127534394812061,Fixation
1,left,201,saccade,115,1657711700218210.0,167.45331804865623,137.20035664246592,29.99826699746536,1.0284573713838778,Fixation
1,left,201,saccade,118,1657711700338210.0,167.44808743169398,137.3821324183505,30.608712335811052,0.9273094699626167,Fixation
1,left,201,saccade,121,1657711700458210.0,167.65414769853314,137.10445118866969,30.221308079599503,0.8058585893661764,Fixation
1,left,201,saccade,124,1657711700578210.0,167.58665105386416,137.2472027062191,29.796667458983137,1.2017691153157941,Fixation
1,left,201,saccade,127,1657711700698210.0,167.69675836239182,136.81919152783158,29.525132385067383,1.2362241918690036,Fixation
1,left,201,saccade,130,1657711700818210.0,167.66210229561014,136.96026312256677,28.528638642030145,1.1926906918116176,Fixation
1,left,201,saccade,133,1657711700938210.0,167.63754045307442,137.0992448759439,27.445291704515927,1.7308495531960688,Fixation
1,left,201,saccade,136,1657711701058210.0,167.5872390705002,136.55166075882892,29.007469861905,1.3992323592769778,Fixation
1,left,201,saccade,139,1657711701178210.0,167.43506666666664,136.83133333333333,28.580394858183364,1.8899024109095397,Fixation
1,left,201,saccade,142,1657711701298211.0,167.28461149076182,136.88952164009112,30.544651868649435,0.8651622803466358,Fixation
1,left,201,saccade,145,1657711701418211.0,167.2510654784967,136.73511558827326,29.381407041085936,0.4134128975847883,Fixation
1,left,201,saccade,148,1657711701538211.0,167.21459445715738,136.8192219679634,30.336156351164977,1.0205636250676402,Fixation
1,left,201,saccade,151,1657711701658211.0,167.38091573682186,136.9427985122483,29.68930301544872,0.7693843205236786,Fixation
1,left,201,saccade,154,1657711701778211.0,167.21932555123215,136.63463035019456,29.438196997341986,1.4920494557425759,Fixation
1,left,201,saccade,157,1657711701898211.0,167.02395997893626,136.97130068457082,29.62679948470088,2.6454367121807763,Fixation
1,left,201,saccade,160,1657711702018211.0,167.12040355767954,137.2617814947564,28.66933981273578,1.899429503359017,Fixation
1,left,201,saccade,163,1657711702138211.0,167.02759760905505,136.5154521175124,31.093265356912283,0.7652388109370653,Fixation
1,left,201,saccade,166,1657711702258211.0,166.99312169312168,137.3941798941799,28.248537138155836,1.6049062233824902,Fixation
1,left,201,saccade,169,1657711702378211.0,166.97949709864602,136.8976144422953,29.449735877581173,3.4159587161810276,Fixation
1,left,201,saccade,172,1657711702498212.0,166.21871628910463,137.66329557713053,27.4452916117362,4.714804236903688,Fixation
1,left,201,saccade,175,1657711702618212.0,166.3478202003791,137.83644733279175,27.146681440788196,0.2570718229414759,Fixation
1,left,201,saccade,178,1657711702738212.0,166.2314739962274,137.72365939099973,27.804242341969438,0.6406267974193054,Fixation
1,left,201,saccade,181,1657711702858212.0,166.23455793298345,137.73247207643655,27.301370039613957,1.4719368184344832,Fixation
1,left,201,saccade,184,1657711702978212.0,166.51879899030158,137.5181347150259,29.473316168674277,169.02936587157447,Fixation
1,left,201,saccade,187,1657711703098212.0,205.73713690243582,146.96456949329163,28.199789942667362,225.14339456597708,Fixation
1,left,201,saccade,190,1657711703218212.0,217.35943698016632,155.81970569417786,29.302539903851624,699.5577023544639,Saccade
1,left,201,saccade,193,1657711703338212.0,332.41536528450905,36.7784957817268,13.212354032380087,51.44955365368689,Fixation
1,left,201,saccade,196,1657711703458212.0,217.27540913006027,168.1673126614987,20.080850865395345,704.6017621818825,Saccade
1,left,201,saccade,199,1657711703578212.0,219.43070539419088,162.59889349930842,23.550865152095554,34.570753536039874,Fixation
1,left,201,saccade,202,1657711703698212.0,219.91532005511712,160.3015157209069,29.27814972356302,9.848646137751734,Fixation
1,left,201,saccade,205,1657711703818213.0,220.05018359853122,160.31782945736435,27.37815395685184,2.5017810225291206,Fixation
1,left,201,saccade,208,1657711703938213.0,219.92214532871972,159.70112456747404,27.613613253443717,3.912756725948792,Fixation
1,left,201,saccade,211,1657711704058213.0,220.17166666666665,161.249,23.785718959749094,6.885245876287793,Fixation
1,left,201,saccade,214,1657711704178213.0,220.02315039663264,161.35049376720087,23.583603998540116,0.2418522288820463,Fixation
1,left,201,saccade,217,1657711704298213.0,220.22722400857447,161.2658092175777,22.021330304215535,2.470408263235477,Fixation
1,left,201,saccade,220,1657711704418213.0,220.36983535259395,161.8314694004349,23.164737457347986,3.315850575823321,Fixation
1,left,201,saccade,223,1657711704538213.0,220.57316711190262,161.9824873849807,22.520222174394775,45.07398178637002,Fixation
1,left,201,saccade,226,1657711704658213.0,215.5332669653227,152.1551352248216,19.74999053511167,164.8385597425216,Fixation
1,left,201,saccade,229,1657711704778213.0,211.3880220646178,123.50228526398739,26.872949027826987,120.38314172733567,Fixation
1,left,201,saccade,232,1657711704898213.0,217.25779870512065,123.31469491857955,20.793045095277755,30.054155331294133,Fixation
1,left,201,saccade,235,1657711705018214.0,218.55635891731552,122.7005932517612,22.855040281441003,2.405924377333484,Fixation
1,left,201,saccade,238,1657711705138214.0,217.81212473368194,123.15301181483632,22.34171652204929,2.1455848386574545,Fixation
1,left,201,saccade,241,1657711705258214.0,218.22772277227722,123.0970297029703,20.76462065411921,2.6531389760122392,Fixation
1,left,201,saccade,244,1657711705378214.0,218.12719606465214,122.59967205434526,20.638384795469758,4.436070678735003,Fixation
1,left,201,saccade,247,1657711705498214.0,218.4891710231516,122.06497386109037,19.870061121117384,3.272108744390178,Fixation
1,left,201,saccade,250,1657711705618214.0,218.43038617886177,121.87525406504064,19.489641468727683,1.9291548781963157,Fixation
1,left,201,saccade,253,1657711705738214.0,218.43915343915344,121.60468631897203,20.282691132925034,2.73442292898161,Fixation
1,left,201,saccade,256,1657711705858214.0,218.35494716618632,121.22334293948127,19.971713478253605,0.3368743781994866,Fixation
1,left,201,saccade,259,1657711705978214.0,218.35877018358767,121.61335987613359,21.221809582611836,288.8638888671154,Fixation
1,left,201,saccade,262,1657711706098214.0,150.12002526847758,133.48199620972835,20.976898352374576,382.9495682957664,Fixation
1,left,201,saccade,265,1657711706218215.0,132.03567590801632,153.16419514291854,22.021211406993594,125.64797061737767,Fixation
1,left,201,saccade,268,1657711706338215.0,132.8768679019725,158.2213588364216,24.455622694652686,67.46803072651076,Fixation
1,left,201,saccade,271,1657711706458215.0,131.02292075965946,169.32481990831695,21.065093947872246,43.7251208246063,Fixation
1,left,201,saccade,274,1657711706578215.0,131.11062225015712,168.5656819610308,21.625264045571022,4.023875305807167,Fixation
1,left,201,saccade,277,1657711706698215.0,130.99005847953217,168.359649122807,22.40071794549469,1.4093664410497542,Fixation
1,left,201,saccade,280,1657711706818215.0,130.91931446177546,168.28673213941843,22.59058931138274,1.2712292497651128,Fixation
1,left,201,saccade,283,1657711706938215.0,130.8282945736434,168.10096899224803,22.597502423538227,3.0368603818687614,Fixation
1,left,201,saccade,286,1657711707058215.0,130.24526400644902,168.00947198710196,21.610678995974073,2.2098648033231223,Fixation
1,left,201,saccade,289,1657711707178215.0,130.39731437598735,167.7918641390205,22.731105114620394,2.316730254378297,Fixation
1,left,201,saccade,292,1657711707298215.0,130.46182386252684,167.49736379613356,22.564469084822576,1.0636080644501396,Fixation
1,left,201,saccade,295,1657711707418215.0,130.3863945578231,167.53683187560736,22.278099931095262,0.5824722395430924,Fixation
1,left,201,saccade,298,1657711707538216.0,130.40509259259258,167.36959876543207,22.005793117912663,9.75932511564224,Fixation
1,left,201,saccade,301,1657711707658216.0,132.04384574749076,165.88184539531608,24.788845080389716,252.13953216426606,Fixation
1,left,201,saccade,304,1657711707778216.0,181.58259717314488,135.07803297997643,28.222022550173968,249.8963008640219,Fixation
1,left,201,saccade,307,1657711707898216.0,182.95883190883188,134.1851851851852,27.10020042927907,174.66616461929743,Fixation
1,left,201,saccade,310,1657711708018216.0,139.7971683594952,131.72329947676207,14.453433195763887,707.9471750942694,Saccade
1,left,201,saccade,313,1657711708138216.0,332.31241565452086,53.17898110661268,18.58396818267554,865.248224750898,Saccade
1,left,201,saccade,316,1657711708258216.0,331.63780306778824,52.226950354609926,15.867434790752254,10.288992289863327,Fixation
1,left,201,saccade,319,1657711708378216.0,330.38336320191155,51.6373954599761,17.547617817296963,6.202406954078337,Fixation
1,left,201,saccade,322,1657711708498216.0,330.4099511599511,51.38537851037851,17.408168269436306,1.2754204952717152,Fixation
1,left,201,saccade,325,1657711708618216.0,330.31417797888383,51.33921568627451,17.719951690060896,2.004640387333471,Fixation
1,left,201,saccade,328,1657711708738217.0,330.8855154965212,51.45825426944972,16.201913047546004,1.0148126665073842,Fixation
1,left,201,saccade,331,1657711708858217.0,330.09916630100923,51.224806201550386,17.199985369462954,2.1333911248769604,Fixation
1,left,201,saccade,334,1657711708978217.0,330.3897389738974,51.33033303330333,15.840711314656062,774.0554514294797,Saccade
1,left,201,saccade,337,1657711709098217.0,165.3798806479113,137.12753623188405,23.93558304920513,1.7358020016947617,Fixation
1,left,201,saccade,340,1657711709218217.0,330.4918154761905,51.734226190476186,17.4645043301546,8.64081761596031,Fixation
1,left,201,saccade,343,1657711709338217.0,166.82811068352572,138.6118746564046,22.055107265808353,770.0066533877592,Saccade
1,left,201,saccade,346,1657711709458217.0,167.03210741389375,137.9464876435104,20.816350652984944,1.5261412711073674,Fixation
1,left,201,saccade,349,1657711709578217.0,167.14268585131896,138.42426059152677,18.93578684863462,2.0039039210930283,Fixation
1,left,201,saccade,352,1657711709698217.0,167.48880358285348,138.09724888035828,17.567040171257563,2.5003354023929196,Fixation
1,left,201,saccade,355,1657711709818217.0,167.22179894179894,137.82941798941798,18.352253038046097,2.4140715777840644,Fixation
1,left,201,saccade,358,1657711709938217.0,167.16613486492236,137.61603914060836,18.819587803474136,1.4738935241554536,Fixation
1,left,201,saccade,361,1657711710058218.0,167.46261172879878,137.57030739045126,18.139187936505014,1.4149463321159188,Fixation
1,left,201,saccade,364,1657711710178218.0,167.47490685952224,137.47468770545694,17.99701316222513,0.985700065165239,Fixation
1,left,201,saccade,367,1657711710298218.0,167.53749458170785,137.34590377113133,18.734913464572973,1.0323907820560736,Fixation
1,left,201,saccade,370,1657711710418218.0,167.70794905577515,137.55884936319717,17.77132521286032,54.02375279817073,Fixation
1,left,201,saccade,373,1657711710538218.0,155.06159648020113,140.87596899224806,23.515918269171284,162.89947999473688,Fixation
1,left,201,saccade,376,1657711710658218.0,131.6455798864558,152.65828602324953,16.186738012176416,823.5151635507095,Saccade
1,left,201,saccade,379,1657711710778218.0,331.9323695579927,52.67314722499169,17.52731996163923,934.1009271357942,Saccade
1,left,201,saccade,382,1657711710898218.0,332.4396507447355,52.95719910974148,17.945550903907517,1.6984694701246978,Fixation
1,left,201,saccade,385,1657711711018218.0,332.15346287992026,53.01561202458063,18.15732799756592,1.3527236425693894,Fixation
1,left,201,saccade,388,1657711711138218.0,332.1945006747638,53.17004048582996,17.1356085098451,1.1545232973887722,Fixation
1,left,201,saccade,391,1657711711258219.0,332.42325581395346,52.952454780361755,18.2777712348801,938.8019230010607,Saccade
1,left,201,saccade,394,1657711711378219.0,129.6360454943132,151.84222805482648,17.809628032884646,940.0849509922624,Saccade
1,left,201,saccade,397,1657711711498219.0,129.5619351408825,151.70388091440722,18.382670731512988,0.18461350846842,Fixation
1,left,201,saccade,400,1657711711618219.0,129.67152724481966,151.86876438986954,19.692653151619204,1.036854894845205,Fixation
1,left,201,saccade,403,1657711711738219.0,129.6199203187251,151.46188579017263,19.04532529188241,939.0802954690566,Saccade
1,left,201,saccade,406,1657711711858219.0,332.078187250996,52.735723771580346,18.028220628691976,0.6236269111642309,Fixation
1,left,201,saccade,409,1657711711978219.0,129.67813333333334,151.324,18.715697772871746,949.2297025886683,Saccade
1,left,201,saccade,412,1657711712098219.0,132.21380798274,162.06990291262136,21.570413402628603,59.13960401375703,Fixation
1,left,201,saccade,415,1657711712218219.0,135.74583567284296,164.15515627924387,25.033166028148965,17.999246541732543,Fixation
1,left,201,saccade,418,1657711712338219.0,136.105,163.9459259259259,25.17876544425004,939.6177545731744,Saccade
1,left,201,saccade,421,1657711712458220.0,331.2737569873492,51.802000588408355,13.97306638518587,14.177572091010628,Fixation
1,left,201,saccade,424,1657711712578220.0,137.14703476482617,167.1850715746421,19.617065301933188,939.7982856648738,Saccade
1,left,201,saccade,427,1657711712698220.0,137.08973595394085,166.54556283502086,23.72840393013117,2.928468007279142,Fixation
1,left,201,saccade,430,1657711712818220.0,136.65381373788452,166.68436578171088,20.049240120630024,4.228861363138573,Fixation
1,left,201,saccade,433,1657711712938220.0,136.3479381443299,165.85287800687286,22.757320717314144,5.080733766701521,Fixation
1,left,201,saccade,436,1657711713058220.0,136.07134818816115,165.6130992572586,22.2546428620161,0.6930345017191831,Fixation
1,left,201,saccade,439,1657711713178220.0,136.18621468926554,165.814011299435,21.9779094027878,0.7574043665088955,Fixation
1,left,201,saccade,442,1657711713298220.0,136.19820999781706,165.74328749181402,22.44976059542022,1.1400793019217945,Fixation
1,left,201,saccade,445,1657711713418220.0,136.38062356141452,165.62146892655366,23.413297606192785,55.22379334704023,Fixation
1,left,201,saccade,448,1657711713538220.0,137.77459904638056,152.58365843086258,22.25197458231195,86.0201528407476,Fixation
1,left,201,saccade,451,1657711713658220.0,137.77551020408163,145.02380952380952,17.863204849783866,47.86186644960019,Fixation
1,left,201,saccade,454,1657711713778221.0,138.96932199020364,141.15906161381798,18.32088345636717,17.032974513726487,Fixation
1,left,201,saccade,457,1657711713898221.0,138.525,141.0051724137931,17.005198892303362,3.097215544520448,Fixation
1,left,201,saccade,460,1657711714018221.0,138.2272005084207,141.20146170956465,16.31640786990242,1.6883417306798083,Fixation
1,left,201,saccade,463,1657711714138221.0,138.16752312435764,141.1959575196985,16.279271840341544,1.4402532982374652,Fixation
1,left,201,saccade,466,1657711714258221.0,138.33787085514834,140.87399650959858,15.829630474334403,2.083241236586897,Fixation
1,left,201,saccade,469,1657711714378221.0,138.31804586241276,140.71917580591557,16.607619326732035,0.7982873712519788,Fixation
1,left,201,saccade,472,1657711714498221.0,138.39408396946564,140.6908396946565,16.21118761539584,2.1915798254329886,Fixation
1,left,201,saccade,475,1657711714618221.0,138.76373626373626,140.43986568986568,17.242763222069748,889.09028253329,Saccade
1,left,201,saccade,478,1657711714738221.0,333.39082930324196,54.04209206519792,17.5236638371179,886.7015615079265,Saccade
1,left,201,saccade,481,1657711714858221.0,333.04660059120147,53.59763519387932,17.615181961908476,880.3567759257866,Saccade
1,left,201,saccade,484,1657711714978222.0,140.14640638864242,139.47382431233362,16.474155095516355,680.753887130828,Saccade
1,left,201,saccade,487,1657711715098222.0,185.59404234367307,123.96307237813885,21.44483595896254,208.26921227915454,Fixation
1,left,201,saccade,490,1657711715218222.0,187.1392757660167,122.4405756731662,22.17051918940006,22.702061452637178,Fixation
1,left,201,saccade,493,1657711715338222.0,189.70899893503727,120.39190628328008,19.841308569361228,16.337415705586913,Fixation
1,left,201,saccade,496,1657711715458222.0,190.17853107344632,119.96327683615819,19.231378823241112,7.570006523813711,Fixation
1,left,201,saccade,499,1657711715578222.0,190.06685323383084,118.61069651741293,18.585971457616036,4.976407078518227,Fixation
1,left,201,saccade,502,1657711715698222.0,190.30276705276705,118.77541827541828,17.981425668882043,1.6627954429471374,Fixation
1,left,201,saccade,505,1657711715818222.0,190.36012759170652,118.88133971291866,17.983385189224954,1.2093537895307933,Fixation
1,left,201,saccade,508,1657711715938222.0,190.59002433090023,118.7338807785888,18.07980653789279,0.9547911919576456,Fixation
1,left,201,saccade,511,1657711716058222.0,190.58917480035493,118.88819875776397,18.620531183420596,1.0143485593991057,Fixation
1,left,201,saccade,514,1657711716178222.0,190.61370991468078,118.97616946160636,18.769428864034552,0.7134320978025495,Fixation
1,left,201,saccade,517,1657711716298223.0,190.75710594315245,118.92161929371231,19.134361418256347,0.9915393204040555,Fixation
1,left,201,saccade,520,1657711716418223.0,190.85163453478626,118.97150041911148,19.452386740126858,99.94983174963221,Fixation
1,left,201,saccade,523,1657711716538223.0,166.9828178694158,122.11621368322399,15.42825461028747,179.45999354660643,Fixation
1,left,201,saccade,526,1657711716658223.0,148.33587786259542,125.86132315521627,15.824323319512194,839.309603737131,Saccade
1,left,201,saccade,529,1657711716778223.0,333.7976961843052,9.20662347012239,12.245314882072345,824.4903981841675,Saccade
1,left,201,saccade,532,1657711716898223.0,332.15043394406945,52.596110575377686,12.254112866731203,181.2849848015842,Fixation
1,left,201,saccade,535,1657711717018223.0,332.5725392886683,52.69776674937965,12.685909125513538,3.589007790564676,Fixation
1,left,201,saccade,538,1657711717138223.0,331.6445987654321,51.89891975308642,12.956108879104217,182.23824208326053,Fixation
1,left,201,saccade,541,1657711717258223.0,334.0419026047565,8.985277463193658,12.213222627836714,1.0318921986593241,Fixation
1,left,201,saccade,544,1657711717378223.0,331.770473970474,52.112198912198906,13.729741693621571,180.57166668106868,Fixation
1,left,201,saccade,547,1657711717498224.0,331.6593560429305,52.25711619225385,12.837009597789756,4.334537929122622,Fixation
1,left,201,saccade,550,1657711717618224.0,332.31600201918224,52.997980817768806,16.375130382428477,4.732911090980875,Fixation
1,left,201,saccade,553,1657711717738224.0,332.32507023632456,53.17749132374814,17.809678841151126,1.3629108299375363,Fixation
1,left,201,saccade,556,1657711717858224.0,332.638345348438,53.05355303810504,16.43901848941379,845.8905677337387,Saccade
1,left,201,saccade,559,1657711717978224.0,142.7828335056877,125.89831092726645,13.627846363433772,713.6680524091757,Saccade
1,left,201,saccade,562,1657711718098224.0,182.17433831990795,134.89202148062907,25.624654424167566,297.4951786908944,Fixation
1,left,201,saccade,565,1657711718218224.0,209.7178431372549,150.7478431372549,18.639946938836896,134.55988516608664,Fixation
1,left,201,saccade,568,1657711718338224.0,209.3654503990878,152.31527936145952,19.185724383701913,26.670100954532487,Fixation
1,left,201,saccade,571,1657711718458224.0,213.97020262216924,155.53198251887167,12.937189806999154,656.596345005919,Saccade
1,left,201,saccade,574,1657711718578224.0,330.61870310825293,51.66693461950697,13.733642670783095,22.146886427495684,Fixation
1,left,201,saccade,577,1657711718698225.0,211.9131607335491,150.6308881697231,23.21703342469394,641.5587675408392,Saccade
1,left,201,saccade,580,1657711718818225.0,212.1414290396591,150.0099967223861,25.303934659711878,4.021806301376277,Fixation
1,left,201,saccade,583,1657711718938225.0,212.4805794333015,149.8500477554919,25.15863421955934,7.592560195992302,Fixation
1,left,201,saccade,586,1657711719058225.0,210.81879432624112,148.75656028368795,18.994137632325046,10.169105735947898,Fixation
1,left,201,saccade,589,1657711719178225.0,210.32646654895035,148.70276633313713,17.90014170720193,2.505478570688391,Fixation
1,left,201,saccade,592,1657711719298225.0,210.23835897435896,148.91364102564103,17.48571541872091,1.040690318391144,Fixation
1,left,201,saccade,595,1657711719418225.0,210.11117849201534,148.8293915504346,18.786858311666393,50.27394075390565,Fixation
1,left,201,saccade,598,1657711719538225.0,201.04554865424427,141.0986260116695,23.056034956859346,,Fixation
1,left,202,smooth,1,1657711970498426.0,165.48005908419498,139.04899064500245,20.298885982635056,,Smooth
1,left,202,smooth,4,1657711970618426.0,165.46377808344795,139.29138010087115,20.636220679811288,0.9468586709662954,Smooth
1,left,202,smooth,7,1657711970738426.0,165.4924484152308,139.27589874494788,21.2654150225951,1.5040075199260703,Smooth
1,left,202,smooth,10,1657711970858427.0,165.73020706455543,139.5349167681689,20.383612174016907,1.9086246572669618,Smooth
1,left,202,smooth,13,1657711970978427.0,165.7876857749469,139.6261339509747,21.479253249574224,2.1215748221216453,Smooth
1,left,202,smooth,16,1657711971098427.0,165.57496691245981,140.01985252410662,21.444558370936736,2.512560347380434,Smooth
1,left,202,smooth,19,1657711971218427.0,165.3663881151346,140.05756731662024,22.031056253931496,0.7268426716528928,Smooth
1,left,202,smooth,22,1657711971338427.0,165.72332389046267,140.1116147308782,21.481059741995452,1.752713091355101,Smooth
1,left,202,smooth,25,1657711971458427.0,165.77777777777774,139.96978389749472,21.0806849287548,817.4666963003722,Saccade
1,left,202,smooth,28,1657711971578427.0,331.9283381872738,35.86576648133439,15.78080158495499,17.610928639478175,Smooth
1,left,202,smooth,31,1657711971698427.0,166.25057825751736,144.1698792084297,16.489777968175133,815.7934028280703,Saccade
1,left,202,smooth,34,1657711971818427.0,165.90843413978493,139.65053763440858,23.500861866225154,20.356166168769352,Smooth
1,left,202,smooth,37,1657711971938427.0,165.88678351492183,139.2979630506869,24.60976711180242,2.3565572209492105,Smooth
1,left,202,smooth,40,1657711972058428.0,165.8113330086053,139.09335931157653,24.644822940101424,0.6451444781304048,Smooth
1,left,202,smooth,43,1657711972178428.0,165.74439977024699,139.3587976258855,21.74096560045956,1.5439317392348584,Smooth
1,left,202,smooth,46,1657711972298428.0,165.44112769485903,139.07752902155886,20.426635435775363,2.0834176047186683,Smooth
1,left,202,smooth,49,1657711972418428.0,165.41271820448878,138.9846217788861,21.05563945694369,1.2235204616435615,Smooth
1,left,202,smooth,52,1657711972538428.0,165.175983436853,139.20372670807453,20.46475663652579,1.1404180084347653,Smooth
1,left,202,smooth,55,1657711972658428.0,165.1461923290717,139.04687789512693,21.81194223025799,1.5453690375266222,Smooth
1,left,202,smooth,58,1657711972778428.0,165.37466737626397,138.89054461593045,23.28293700261843,1.9405352732737953,Smooth
1,left,202,smooth,61,1657711972898428.0,165.49668874172184,138.74019358125318,24.082652246332906,1.0207599823112514,Smooth
1,left,202,smooth,64,1657711973018428.0,165.4086075949367,139.13316455696202,24.303818646960167,1.4509098003069334,Smooth
1,left,202,smooth,67,1657711973138428.0,165.39896640826873,139.07441860465116,23.569225910945367,1.5564496126404321,Smooth
1,left,202,smooth,70,1657711973258428.0,165.25185577942736,138.79409685401203,23.19468169920008,2.1450922005661437,Smooth
1,left,202,smooth,73,1657711973378429.0,164.89762036524627,138.9573879358052,22.98888486942067,2.6629507555886254,Smooth
1,left,202,smooth,76,1657711973498429.0,165.02398629354656,139.3912050256996,21.512841280115715,1.7336596906486952,Smooth
1,left,202,smooth,79,1657711973618429.0,165.2094222222222,139.23288888888888,23.208629747576932,1.155974051235565,Smooth
1,left,202,smooth,82,1657711973738429.0,165.13230411686584,139.13579017264274,24.36832555172329,1.5626618954094431,Smooth
1,left,202,smooth,85,1657711973858429.0,165.51928934010152,139.44416243654823,23.376507308579296,1.4991811285320817,Smooth
1,left,202,smooth,88,1657711973978429.0,165.46561628097814,139.2712949286066,23.942433312785052,0.9792991694528452,Smooth
1,left,202,smooth,91,1657711974098429.0,165.49436880147923,139.210455538746,23.39517781416554,0.8268131013175652,Smooth
1,left,202,smooth,94,1657711974218429.0,165.29170862705604,139.17573011077542,23.968948923910375,1.208122003949401,Smooth
1,left,202,smooth,97,1657711974338429.0,165.21366683014548,139.1378126532614,24.393162949598704,0.25901887526631695,Smooth
1,left,202,smooth,100,1657711974458429.0,165.22979291917164,139.17017368069472,24.150211023574382,0.6561592122326957,Smooth
1,left,202,smooth,103,1657711974578430.0,165.37091026886944,139.14642047295106,24.64247777559709,0.8493996140587298,Smooth
1,left,202,smooth,106,1657711974698430.0,165.42908496732025,139.2130718954248,24.633466775122248,1.1714413644372978,Smooth
1,left,202,smooth,109,1657711974818430.0,165.65089328826653,139.12087558345405,24.653214277843528,1.7762964654556899,Smooth
1,left,202,smooth,112,1657711974938430.0,165.83604273107292,139.0860814367549,25.802730345825488,0.6671612411715773,Smooth
1,left,202,smooth,115,1657711975058430.0,165.7820634920635,139.02904761904762,24.9480711301128,0.22892054402548065,Smooth
1,left,202,smooth,118,1657711975178430.0,165.85578964559855,139.13735097174586,23.99296575656146,0.8267652278649995,Smooth
1,left,202,smooth,121,1657711975298430.0,165.72678396871945,139.21961550993808,24.29855727892586,1.0735552010146137,Smooth
1,left,202,smooth,124,1657711975418430.0,165.74966261808365,139.3721322537112,23.788142646250513,1.7086786603464508,Smooth
1,left,202,smooth,127,1657711975538430.0,166.03914767096134,138.95391476709614,24.55058625901868,1.589663613058243,Smooth
1,left,202,smooth,130,1657711975658430.0,165.91168658698538,139.02672642762283,23.928575804545417,1.5338876710526712,Smooth
1,left,202,smooth,133,1657711975778431.0,165.90802248339295,139.29790495656619,23.66180920981471,0.7842787838718843,Smooth
1,left,202,smooth,136,1657711975898431.0,166.0310417682431,139.17227368763204,24.926723232407817,0.22072675621945292,Smooth
1,left,202,smooth,139,1657711976018431.0,165.9128002632445,139.2451464297466,24.251044559681034,1.1691025262398114,Smooth
1,left,202,smooth,142,1657711976138431.0,165.82090037380138,138.9863481228669,24.608818728955963,0.44103572086857823,Smooth
1,left,202,smooth,145,1657711976258431.0,165.88267770876465,139.3466183574879,23.42460714618922,0.3731856670495614,Smooth
1,left,202,smooth,148,1657711976378431.0,165.78815566835868,139.06971235194584,23.25255216314636,0.36067329247564645,Smooth
1,left,202,smooth,151,1657711976498431.0,165.86653150870077,139.43166075350564,23.518376065105723,1.193651607995753,Smooth
1,left,202,smooth,154,1657711976618431.0,165.60207612456747,139.28752677541604,23.676268261112458,2.5856729227020137,Smooth
1,left,202,smooth,157,1657711976738431.0,165.8475696083058,138.81138901997798,25.062620915110294,1.1070449699151337,Smooth
1,left,202,smooth,160,1657711976858431.0,165.82040090526993,139.13611380536693,24.584140812228988,1.2143260314307123,Smooth
1,left,202,smooth,163,1657711976978431.0,166.11463844797177,138.69472502805834,24.796200224789917,2.909787820769602,Smooth
1,left,202,smooth,166,1657711977098432.0,166.04775458570523,138.4758064516129,25.09076722230485,0.9236808845456895,Smooth
1,left,202,smooth,169,1657711977218432.0,165.9481340923466,138.8410815939279,25.090767130913395,0.2412404454110476,Smooth
1,left,202,smooth,172,1657711977338432.0,166.04816866728223,138.533702677747,25.805749204259946,1.8363282910826082,Smooth
1,left,202,smooth,175,1657711977458432.0,165.98526703499078,139.28023327194597,25.590198080134297,2.3143954130462907,Smooth
1,left,202,smooth,178,1657711977578432.0,165.8621838558231,139.0570952597304,26.20023668527311,1.5142709674292538,Smooth
1,left,202,smooth,181,1657711977698432.0,165.63932233615694,139.3915886461584,25.837403492570715,4.414273860437735,Smooth
1,left,202,smooth,184,1657711977818432.0,165.35990338164248,139.98988526570048,25.01768113059625,817.5959295930302,Saccade
1,left,202,smooth,187,1657711977938432.0,332.01388513208906,35.35803804886845,15.524045151931507,252.2011647642883,Smooth
1,left,202,smooth,190,1657711978058432.0,220.15084525357608,165.71196358907673,19.65351098430875,705.7835132791909,Saccade
1,left,202,smooth,193,1657711978178432.0,217.59046881053854,160.25636058375306,29.730198349718922,25.44373131508562,Smooth
1,left,202,smooth,196,1657711978298433.0,217.89103291713963,160.03897086643966,29.599623749403523,4.869247132812391,Smooth
1,left,202,smooth,199,1657711978418433.0,217.984527144191,161.3565426170468,29.151749919877005,3.7315493207396564,Smooth
1,left,202,smooth,202,1657711978538433.0,218.13120269133725,160.9017381553126,28.450870446280142,2.1288625081492647,Smooth
1,left,202,smooth,205,1657711978658433.0,218.2874251497006,161.7680024566252,24.30451350472015,3.8730462397490486,Smooth
1,left,202,smooth,208,1657711978778433.0,218.3180357962368,161.8122992198256,24.14390554262097,0.4118334338816367,Smooth
1,left,202,smooth,211,1657711978898433.0,218.38129175946548,161.79896065330362,25.122933968419378,0.6250144399871788,Smooth
1,left,202,smooth,214,1657711979018433.0,218.38842368150432,161.94476274423386,24.7983725336381,2.533044501468602,Smooth
1,left,202,smooth,217,1657711979138433.0,218.97947598253276,161.690538573508,24.64006326675571,5.811471171764713,Smooth
1,left,202,smooth,220,1657711979258433.0,219.05960854092527,160.7221233689205,22.657486546456678,6.529822646487257,Smooth
1,left,202,smooth,223,1657711979378433.0,218.8969042476602,160.12555795536355,26.62775867055989,4.263854017064942,Smooth
1,left,202,smooth,226,1657711979498433.0,219.18922413793103,159.70704022988505,26.168327646821265,77.71735941799324,Smooth
1,left,202,smooth,229,1657711979618434.0,207.65893004115225,145.2388477366255,19.2150904388299,118.09022447217626,Smooth
1,left,202,smooth,232,1657711979738434.0,204.3488051470588,135.56127450980392,26.31457542574716,91.10415902610202,Smooth
1,left,202,smooth,235,1657711979858434.0,212.7807159561072,123.98219104155423,24.477088300704363,62.1722079263403,Smooth
1,left,202,smooth,238,1657711979978434.0,214.34334277620397,124.48177525967893,23.070897499876065,18.781721837681733,Smooth
1,left,202,smooth,241,1657711980098434.0,217.23064182194616,124.70103519668737,21.735782735157184,11.291401141831829,Smooth
1,left,202,smooth,244,1657711980218434.0,217.039442039442,124.2082732082732,20.371171251053948,2.571216558197641,Smooth
1,left,202,smooth,247,1657711980338434.0,217.48036758563074,124.13673071567807,19.22063395072521,3.2727095483672692,Smooth
1,left,202,smooth,250,1657711980458434.0,217.60553633217992,123.66378316032294,19.245428356986917,2.7418326663381465,Smooth
1,left,202,smooth,253,1657711980578434.0,217.6203071672355,123.49374288964732,19.309046479330636,16.78238991242128,Smooth
1,left,202,smooth,256,1657711980698434.0,213.89845653939886,122.08881668020578,18.501625477717642,197.88374795334923,Smooth
1,left,202,smooth,259,1657711980818435.0,170.33911077618689,119.0208490329063,19.917586570155994,180.66928082898386,Smooth
1,left,202,smooth,262,1657711980938435.0,170.67498165810713,118.64049889948643,19.957397543451265,224.120722778317,Smooth
1,left,202,smooth,265,1657711981058435.0,130.04544217687075,154.6533333333333,18.849694977992588,264.2250687978211,Smooth
1,left,202,smooth,268,1657711981178435.0,130.8108504398827,167.95772238514172,19.941474557294697,59.180948205890864,Smooth
1,left,202,smooth,271,1657711981298435.0,130.28483558079014,168.85474331677312,20.077386317746647,8.947164957551891,Smooth
1,left,202,smooth,274,1657711981418435.0,129.84736842105264,169.87675438596492,21.140613884069158,4.672421161776219,Smooth
1,left,202,smooth,277,1657711981538435.0,130.1968944099379,169.97267080745343,21.478463108496246,1.0312055170118999,Smooth
1,left,202,smooth,280,1657711981658435.0,130.09290953545232,169.84576202118987,21.56158060280154,2.1692529069803212,Smooth
1,left,202,smooth,283,1657711981778435.0,129.69022953483648,169.85293520211252,21.5707630090133,0.832306728686906,Smooth
1,left,202,smooth,286,1657711981898435.0,129.9073495731834,169.771809285863,21.516127212910675,0.6842053932189918,Smooth
1,left,202,smooth,289,1657711982018436.0,129.8287153652393,169.76469353484467,21.472771494674856,1.1921330323919281,Smooth
1,left,202,smooth,292,1657711982138436.0,129.98940149625935,169.4977140482128,21.358509097910595,2.185699933054551,Smooth
1,left,202,smooth,295,1657711982258436.0,130.19715202567187,169.3912956277577,21.895249232990153,1.6747960157657042,Smooth
1,left,202,smooth,298,1657711982378436.0,130.22846658941674,169.174584781769,22.401344320770356,224.1301864393413,Smooth
1,left,202,smooth,301,1657711982498436.0,176.0805190744215,141.31613508442777,26.660047731659763,263.2122153319685,Smooth
1,left,202,smooth,304,1657711982618436.0,186.43240498984622,140.33565419205104,26.697588079954595,144.3111707699884,Smooth
1,left,202,smooth,307,1657711982738436.0,209.85319438151336,148.99516689321854,27.121074937603005,134.5598376102156,Smooth
1,left,202,smooth,310,1657711982858436.0,157.3755680299385,126.24218123496391,17.351950772662132,656.421055658838,Saccade
1,left,202,smooth,313,1657711982978436.0,334.64958307911326,52.844010575554194,12.43337781078629,798.3331138507427,Saccade
1,left,202,smooth,316,1657711983098436.0,333.81462799495586,51.544136191677175,13.833708260222414,8.043024267881664,Smooth
1,left,202,smooth,319,1657711983218436.0,333.5563076923077,51.2531282051282,13.905726422135123,9.76035341360882,Smooth
1,left,202,smooth,322,1657711983338437.0,331.6181880694516,50.729929516933126,13.25761348664001,2.2769456779986954,Smooth
1,left,202,smooth,325,1657711983458437.0,333.07312329832746,50.997860754570205,13.932624671822188,0.27662507468181263,Smooth
1,left,202,smooth,328,1657711983578437.0,331.6845486111111,50.72795138888888,13.80139773643676,910.3359967224609,Saccade
1,left,202,smooth,331,1657711983698437.0,132.45508151231357,137.52063822407212,13.595277891110246,900.8267909739342,Saccade
1,left,202,smooth,334,1657711983818437.0,133.51210613598673,137.15389718076284,13.648090690439195,135.07269402248502,Smooth
1,left,202,smooth,337,1657711983938437.0,164.01672240802677,144.92021022455805,26.170712943966215,892.0841986227774,Saccade
1,left,202,smooth,340,1657711984058437.0,329.0048016173869,49.85266616123325,11.411060626746474,24.70400232482031,Smooth
1,left,202,smooth,343,1657711984178437.0,167.28063386769853,139.97051778146306,22.59052913014593,773.0584236555785,Saccade
1,left,202,smooth,346,1657711984298437.0,166.8414351851852,139.99652777777777,21.583792772191952,2.838119580545765,Smooth
1,left,202,smooth,349,1657711984418437.0,166.70214424951266,139.61091617933724,20.960847311325654,2.4602370055432377,Smooth
1,left,202,smooth,352,1657711984538438.0,166.636457686737,139.44278915787294,21.408509658510603,0.9386670132118861,Smooth
1,left,202,smooth,355,1657711984658438.0,166.75995599559954,139.39317931793178,20.09440257349025,3.1432207643934604,Smooth
1,left,202,smooth,358,1657711984778438.0,166.8552688172043,140.1647311827957,21.009765650703528,4.887552952507638,Smooth
1,left,202,smooth,361,1657711984898438.0,166.71778042959428,140.5654335719968,22.04327795336358,1.1610454180517595,Smooth
1,left,202,smooth,364,1657711985018438.0,166.6390622045755,140.34051805634334,22.45872400980246,0.9270239357542395,Smooth
1,left,202,smooth,367,1657711985138438.0,166.7211716722284,140.34297367445308,22.296745960092494,0.03503876716678599,Smooth
1,left,202,smooth,370,1657711985258438.0,166.63896532746284,140.34892680242157,22.4373223649779,74.92319274191189,Smooth
1,left,202,smooth,373,1657711985378438.0,150.76171802054154,148.62745098039215,25.267464879329385,182.12301355696877,Smooth
1,left,202,smooth,376,1657711985498438.0,134.17340363210312,169.61511423550087,23.82992901198684,111.44338623187689,Smooth
1,left,202,smooth,379,1657711985618438.0,134.14073656520105,169.5824877865464,23.807764802269922,34.119775333121176,Smooth
1,left,202,smooth,382,1657711985738438.0,142.27950106679793,168.45462005580174,27.329575262095005,41.462047647980924,Smooth
1,left,202,smooth,385,1657711985858439.0,143.92440025252523,167.765625,27.424054806406467,35.4641634425016,Smooth
1,left,202,smooth,388,1657711985978439.0,150.78313970807267,168.09040810247242,28.09356111267786,42.128258946468,Smooth
1,left,202,smooth,391,1657711986098439.0,153.9943068602334,166.85738684884714,28.80152290855632,65.71479832598139,Smooth
1,left,202,smooth,394,1657711986218439.0,166.14149659863943,164.50394557823128,25.779019659216758,88.62999801689992,Smooth
1,left,202,smooth,397,1657711986338439.0,175.00921273031827,163.56532663316582,24.409458468736897,54.26058177183806,Smooth
1,left,202,smooth,400,1657711986458439.0,179.12746625129802,163.52868639667705,29.403840229638487,79.53079240280219,Smooth
1,left,202,smooth,403,1657711986578439.0,194.06832045546972,162.52663684424562,27.6473551097787,72.30745106540805,Smooth
1,left,202,smooth,406,1657711986698439.0,196.41734000256508,162.04065666281903,29.343022827922717,14.767088960497178,Smooth
1,left,202,smooth,409,1657711986818439.0,197.4968273255029,161.6288645875523,28.28769725709924,20.758650026668867,Smooth
1,left,202,smooth,412,1657711986938439.0,201.39913069544363,162.0939748201439,26.05215572053169,82.29194832251517,Smooth
1,left,202,smooth,415,1657711987058440.0,217.24563977180114,161.39902200488999,23.05466120474182,71.24476920922255,Smooth
1,left,202,smooth,418,1657711987178440.0,218.4734275962945,161.17861205915813,22.47765316541421,7.6224672817670545,Smooth
1,left,202,smooth,421,1657711987298440.0,218.97357926221335,160.79827185111333,23.291873425804404,6.198352455080178,Smooth
1,left,202,smooth,424,1657711987418440.0,218.76543209876542,159.71994801819363,25.17364813622991,11.500765506309813,Smooth
1,left,202,smooth,427,1657711987538440.0,218.1665877151429,158.15869256276648,25.696538890883552,49.665688405001006,Smooth
1,left,202,smooth,430,1657711987658440.0,206.86023009950247,159.13090796019898,24.533127810612697,57.54185565830534,Smooth
1,left,202,smooth,433,1657711987778440.0,204.3770467836257,158.9109649122807,24.769939966826534,45.937414453576615,Smooth
1,left,202,smooth,436,1657711987898440.0,195.8496283590623,158.56803887935962,26.371620270775516,59.12547514351727,Smooth
1,left,202,smooth,439,1657711988018440.0,190.19671361502347,158.38419405320812,25.946914590873373,96.3276041247525,Smooth
1,left,202,smooth,442,1657711988138440.0,172.85048897729155,160.9154649428145,24.20108332641202,80.72174218656768,Smooth
1,left,202,smooth,445,1657711988258441.0,170.97378089512355,160.7932531730127,24.465669401297284,45.099372665674586,Smooth
1,left,202,smooth,448,1657711988378441.0,162.16598008925504,162.64692756608306,24.69518691087009,44.909674446624294,Smooth
1,left,202,smooth,451,1657711988498441.0,160.47767145135566,163.24354066985646,25.219457716412382,69.38444655643643,Smooth
1,left,202,smooth,454,1657711988618441.0,145.83820073850282,165.91826116146356,26.89658706182413,66.57974461051867,Smooth
1,left,202,smooth,457,1657711988738441.0,144.7251250215554,165.92498706673564,26.442055063924233,9.025065911686783,Smooth
1,left,202,smooth,460,1657711988858441.0,143.71517140773156,165.48887673231215,25.92157247722505,17.37443639201558,Smooth
1,left,202,smooth,463,1657711988978441.0,140.5556948798328,165.8647857889237,24.49116168693203,45.339367004698005,Smooth
1,left,202,smooth,466,1657711989098441.0,132.9903085947462,167.32823259372609,18.33207936379171,33.55403037513966,Smooth
1,left,202,smooth,469,1657711989218441.0,132.6007462686567,167.11741293532336,19.117329615910542,6.179447518523263,Smooth
1,left,202,smooth,472,1657711989338441.0,132.36843379327038,165.98184458968774,20.134902694140177,9.388522850065842,Smooth
1,left,202,smooth,475,1657711989458441.0,131.95057128663686,164.96000993541975,17.53803705384423,9.080854618119128,Smooth
1,left,202,smooth,478,1657711989578442.0,132.72686733556299,163.83210702341137,21.611081928332723,12.147695442309985,Smooth
1,left,202,smooth,481,1657711989698442.0,133.85751633986928,162.75468409586057,22.275153166755345,13.365093898343083,Smooth
1,left,202,smooth,484,1657711989818442.0,135.44286596664608,162.12559192917436,23.778265863188267,37.94619361182675,Smooth
1,left,202,smooth,487,1657711989938442.0,142.93476217334083,162.01804850535814,25.376908281665546,42.37649520499216,Smooth
1,left,202,smooth,490,1657711990058442.0,145.60763888888889,161.78855994152045,24.966244206891535,24.827230123503146,Smooth
1,left,202,smooth,493,1657711990178442.0,148.86615328199485,161.44994499449945,24.843156813727283,78.65757478877201,Smooth
1,left,202,smooth,496,1657711990298442.0,164.4710728998746,161.05176428443488,23.076035687670846,82.59597521051549,Smooth
1,left,202,smooth,499,1657711990418442.0,168.62374000695166,159.84045881126173,23.787499311177797,65.34899028855862,Smooth
1,left,202,smooth,502,1657711990538442.0,180.0103194103194,158.92760032760032,24.635610385157143,61.64987774074839,Smooth
1,left,202,smooth,505,1657711990658442.0,183.3545101842871,158.4529582929195,23.84527316760379,40.773073578652415,Smooth
1,left,202,smooth,508,1657711990778443.0,189.78822961890978,158.54027978774724,25.46450161300676,65.3961041796725,Smooth
1,left,202,smooth,511,1657711990898443.0,199.04962779156327,158.43291976840362,24.58893451528741,45.631104848893465,Smooth
1,left,202,smooth,514,1657711991018443.0,200.73522227650218,158.2273245399772,24.536863192335257,60.865907395346504,Smooth
1,left,202,smooth,517,1657711991138443.0,213.65734388742302,158.48742304309584,22.137599478037522,59.13711057059429,Smooth
1,left,202,smooth,520,1657711991258443.0,214.9151712887439,157.620989668298,22.84605566060967,34.481466268947194,Smooth
1,left,202,smooth,523,1657711991378443.0,221.92619926199262,158.15457154571544,19.925494888388446,27.644240768356067,Smooth
1,left,202,smooth,526,1657711991498443.0,221.5460135708227,157.8447837150127,19.85944071544985,4.791763781324646,Smooth
1,left,202,smooth,529,1657711991618443.0,220.96623430100885,157.52130945027795,19.233802965359533,11.196609098242739,Smooth
1,left,202,smooth,532,1657711991738443.0,219.8766447368421,155.7390350877193,25.321315529918255,31.557053178107687,Smooth
1,left,202,smooth,535,1657711991858443.0,213.70282369146003,155.37568870523415,24.12314444013726,70.50100444891991,Smooth
1,left,202,smooth,538,1657711991978443.0,203.00291484488858,154.4853216739538,18.455347211558543,81.27436676885802,Smooth
1,left,202,smooth,541,1657711992098444.0,194.2219430485762,156.36390284757118,20.00641304313648,51.249293838663995,Smooth
1,left,202,smooth,544,1657711992218444.0,190.71271326362137,153.99743166391488,21.563162412542777,70.13480303702153,Smooth
1,left,202,smooth,547,1657711992338444.0,177.39152298850573,156.10883620689654,21.424241683379893,68.75939566750398,Smooth
1,left,202,smooth,550,1657711992458444.0,174.3681377825619,156.27323286688193,21.573706991302988,81.44152443715193,Smooth
1,left,202,smooth,553,1657711992578444.0,158.09077625570774,159.1952511415525,23.92439305109878,74.09901659935679,Smooth
1,left,202,smooth,556,1657711992698444.0,156.9361111111111,159.79270833333334,25.56702226408914,12.402220704305085,Smooth
1,left,202,smooth,559,1657711992818444.0,155.13860860329262,159.57532306602937,23.176540310198153,54.36762515858441,Smooth
1,left,202,smooth,562,1657711992938444.0,143.98665893271462,161.3952049497293,24.94554342973963,52.8523042930195,Smooth
1,left,202,smooth,565,1657711993058444.0,142.5935548841893,161.45135951661632,24.575757018008566,18.219729551360828,Smooth
1,left,202,smooth,568,1657711993178444.0,139.6231145103038,161.67856384108774,23.89476528096465,44.27689382055269,Smooth
1,left,202,smooth,571,1657711993298445.0,132.2938034188034,164.06623931623932,16.307284779592717,35.46699262038371,Smooth
1,left,202,smooth,574,1657711993418445.0,131.52484113229346,164.3004043905257,16.228224935212747,987.467241402412,Saccade
1,left,202,smooth,577,1657711993538445.0,331.2478701461752,35.29297820823245,15.856673073130601,7.281012722964422,Smooth
1,left,202,smooth,580,1657711993658445.0,130.113074204947,163.27061248527679,16.94127311452043,988.1364058421167,Saccade
1,left,202,smooth,583,1657711993778445.0,130.72795969773298,161.9151973131822,18.19440297682435,996.4884340211839,Saccade
1,left,202,smooth,586,1657711993898445.0,331.4465263764774,34.19304314403767,15.609219937044509,14.186873764162526,Smooth
1,left,202,smooth,589,1657711994018445.0,133.63221737020862,160.1380397865114,21.713803822601715,958.3592715858156,Saccade
1,left,202,smooth,592,1657711994138445.0,138.00214776632302,158.62027491408935,23.4017090236511,31.91621751345012,Smooth
1,left,202,smooth,595,1657711994258445.0,140.98697916666666,157.9976128472222,23.399216898902477,41.30292233789682,Smooth
1,left,202,smooth,598,1657711994378445.0,147.82054455445544,157.25618811881188,22.97446454535454,,Smooth
1,right,101,saccade,1,1657710786156780.0,194.79565456545652,124.8982398239824,18.46120924564883,,Fixation
1,right,101,saccade,4,1657710786276780.0,194.81284510316766,125.08049985469339,18.523079017887316,1.4613470931320034,Fixation
1,right,101,saccade,7,1657710786396780.0,195.13562812591937,124.98440717858192,17.876817091885485,799.2321603938452,Saccade
1,right,101,saccade,10,1657710786516780.0,19.152519671856687,48.030386740331494,18.69518438797036,1.431539000848256,Fixation
1,right,101,saccade,13,1657710786636780.0,194.79794615598112,125.04773799611434,18.000564514588408,798.4808721990186,Saccade
1,right,101,saccade,16,1657710786756780.0,194.7142489711934,124.85622427983539,19.626526555051534,0.5361529594436477,Fixation
1,right,101,saccade,19,1657710786876780.0,194.8648106345623,124.9377978429897,20.150532018896335,1.3065760914027196,Fixation
1,right,101,saccade,22,1657710786996780.0,194.45757575757577,125.03636363636363,19.411343580414027,1.0249399765375353,Fixation
1,right,101,saccade,25,1657710787116780.0,194.62888270746404,125.0074177097821,20.793582509825196,1.3155413805206473,Fixation
1,right,101,saccade,28,1657710787236781.0,194.66979655712046,124.8025933378046,21.069106293442974,1.7979488127776961,Fixation
1,right,101,saccade,31,1657710787356781.0,194.3371035706365,124.68950986915057,20.570427373674622,0.8127718078746954,Fixation
1,right,101,saccade,34,1657710787476781.0,194.48409748038,124.74287484510533,21.252850350112,1.6757005839976666,Fixation
1,right,101,saccade,37,1657710787596781.0,194.22712731925785,125.07634890168478,20.051233928579414,1.5094117027119187,Fixation
1,right,101,saccade,40,1657710787716781.0,194.5591919191919,124.38848484848485,21.23213609767879,3.5359537751976573,Fixation
1,right,101,saccade,43,1657710787836781.0,194.63395276809908,124.33159117305459,21.181874528885693,0.08708397289587705,Fixation
1,right,101,saccade,46,1657710787956781.0,194.5792445482866,124.38259345794393,20.60144923395486,1.3642134933974257,Fixation
1,right,101,saccade,49,1657710788076781.0,194.3133597135858,124.26512153759187,21.152021338256652,1.7925687538449384,Fixation
1,right,101,saccade,52,1657710788196781.0,195.00907634810466,124.40078305748354,23.933243340931575,2.639726600132817,Fixation
1,right,101,saccade,55,1657710788316781.0,194.5069284064665,124.86836027713626,20.685288807604852,3.042666163324871,Fixation
1,right,101,saccade,58,1657710788436781.0,194.48190476190476,124.90609523809523,19.977187842894452,3.5789965941424167,Fixation
1,right,101,saccade,61,1657710788556782.0,195.24396378269617,124.42723004694835,24.3187286445007,2.4338458470612565,Fixation
1,right,101,saccade,64,1657710788676782.0,195.06588941883058,124.91891891891892,20.330443131907344,1.2116258143498355,Fixation
1,right,101,saccade,67,1657710788796782.0,195.4256165473349,124.20015910898965,26.208233724810857,1.4704506714514642,Fixation
1,right,101,saccade,70,1657710788916782.0,195.31899109792286,125.16485328058027,24.492208007669326,1.3366943885994331,Fixation
1,right,101,saccade,73,1657710789036782.0,195.45833333333331,124.51929312581063,25.71557872636685,2.9466725991327203,Fixation
1,right,101,saccade,76,1657710789156782.0,195.6023654839247,124.51690821256038,25.112722993582786,3.2366604037296898,Fixation
1,right,101,saccade,79,1657710789276782.0,194.97081874270467,125.12406203101551,24.296646074574102,2.946708318398158,Fixation
1,right,101,saccade,82,1657710789396782.0,195.3658070678128,125.18338108882521,26.4317943907152,2.610058008992549,Fixation
1,right,101,saccade,85,1657710789516782.0,195.50134649910234,124.79099341711549,27.61180692300829,1.6099547948299457,Fixation
1,right,101,saccade,88,1657710789636782.0,195.35009998461774,125.56945085371481,25.4632610031588,1.425519578113072,Fixation
1,right,101,saccade,91,1657710789756783.0,195.2096985583224,124.96985583224115,26.828598488148323,2.5823201460395526,Fixation
1,right,101,saccade,94,1657710789876783.0,194.74309884238647,125.44434550311665,26.304519739464574,4.035133971715227,Fixation
1,right,101,saccade,97,1657710789996783.0,194.27727207051004,125.23146944083226,27.766791038222184,798.1880498130414,Saccade
1,right,101,saccade,100,1657710790116783.0,19.410382782980122,48.27156234598324,19.23295136569096,1.5393734804739703,Fixation
1,right,101,saccade,103,1657710790236783.0,194.62743437764607,125.34928027095681,27.20844135237846,799.7813123167999,Saccade
1,right,101,saccade,106,1657710790356783.0,195.07503849923,125.63936721265574,27.774561481439612,2.174777329608748,Fixation
1,right,101,saccade,109,1657710790476783.0,195.03113941967445,125.68011323425334,27.320867441476008,1.0111329281060644,Fixation
1,right,101,saccade,112,1657710790596783.0,195.05534941249226,125.39749536178108,27.111481869751437,2.594131504874508,Fixation
1,right,101,saccade,115,1657710790716783.0,194.87194719471947,125.07821782178218,26.197842691766084,1.2431726455296421,Fixation
1,right,101,saccade,118,1657710790836783.0,194.8173465637633,125.2175670709298,22.595027731956456,2.0846836050488604,Fixation
1,right,101,saccade,121,1657710790956783.0,195.3721449424695,125.06697578567749,25.248361190834444,1.3569520625755307,Fixation
1,right,101,saccade,124,1657710791076784.0,194.94260060926726,124.91694725028057,26.740937774858587,5.427597475522695,Fixation
1,right,101,saccade,127,1657710791196784.0,194.06952049112326,125.070350091256,22.72979714412519,1.4092712316601814,Fixation
1,right,101,saccade,130,1657710791316784.0,195.1948918879698,125.14221448265852,27.444812496208613,4.792286799851462,Fixation
1,right,101,saccade,133,1657710791436784.0,195.1990407673861,125.28720552969388,28.28400663583871,0.5873168509575046,Fixation
1,right,101,saccade,136,1657710791556784.0,195.22278552316575,125.28038304464158,28.355854218049753,0.2829188003655404,Fixation
1,right,101,saccade,139,1657710791676784.0,195.24095878889824,125.34062237174096,28.450870395872997,1.315131303528604,Fixation
1,right,101,saccade,142,1657710791796784.0,194.93397887323943,125.40771713615023,27.23648231974231,0.822152487760287,Fixation
1,right,101,saccade,145,1657710791916784.0,195.05411255411255,125.27720057720057,27.9226411389517,1.6974921679946173,Fixation
1,right,101,saccade,148,1657710792036784.0,195.2538305868748,125.15539173171436,27.850146403913985,0.17401422112500953,Fixation
1,right,101,saccade,151,1657710792156784.0,195.0125,125.28074712643678,28.104153179256816,0.9395781558930029,Fixation
1,right,101,saccade,154,1657710792276785.0,195.07716179997178,125.29552828325573,27.938336124057976,1.6862822750694637,Fixation
1,right,101,saccade,157,1657710792396785.0,195.2812987381256,125.58329788742378,27.72578802038443,0.8743322068298408,Fixation
1,right,101,saccade,160,1657710792516785.0,195.2612118655982,125.3963166034022,28.427762483196336,1.9400105679174722,Fixation
1,right,101,saccade,163,1657710792636785.0,194.91762767710048,125.29255903349807,27.682709946083534,0.37280855820261,Fixation
1,right,101,saccade,166,1657710792756785.0,195.21189384465748,125.32166180352924,28.232060200931095,1.1039497536387648,Fixation
1,right,101,saccade,169,1657710792876785.0,195.14423480083857,125.15527603074771,27.50922856035344,0.3877470534324052,Fixation
1,right,101,saccade,172,1657710792996785.0,195.21223470661673,125.22860313497017,27.821240550356666,0.5136362396119561,Fixation
1,right,101,saccade,175,1657710793116785.0,195.18870523415976,125.27024793388429,28.358716917363434,0.5937049762448436,Fixation
1,right,101,saccade,178,1657710793236785.0,195.24948958758677,125.36613583775689,28.623913928367568,0.7742427222220073,Fixation
1,right,101,saccade,181,1657710793356785.0,195.02570657577047,125.3594659849453,27.18177126891519,0.8558672894200351,Fixation
1,right,101,saccade,184,1657710793476786.0,195.04972608512432,125.41396263520157,26.841356850658766,9.478081613290499,Fixation
1,right,101,saccade,187,1657710793596786.0,197.256090570364,125.80653482373172,27.049734716631338,798.6428816718743,Saccade
1,right,101,saccade,190,1657710793716786.0,19.74159365874009,47.914977054651644,17.533123292066197,194.32979290293002,Fixation
1,right,101,saccade,193,1657710793836786.0,234.63290096767548,153.70249124974262,20.0374997402029,988.3440695771093,Saccade
1,right,101,saccade,196,1657710793956786.0,232.32610939112487,153.14275885792912,24.618928051354178,996.3031330131258,Saccade
1,right,101,saccade,199,1657710794076786.0,19.902448946383533,48.508664876739076,17.646369079556635,20.085266349510814,Fixation
1,right,101,saccade,202,1657710794196786.0,234.61956034096005,157.3826828174069,18.66525199589256,1000.8874319061516,Saccade
1,right,101,saccade,205,1657710794316786.0,234.44726301735648,156.54939919893192,19.961417587174044,9.261752592649545,Fixation
1,right,101,saccade,208,1657710794436786.0,234.67184334908845,155.1604771550754,20.54736313708416,7.491611747823711,Fixation
1,right,101,saccade,211,1657710794556786.0,234.94912030432712,154.82287208749406,19.295966538171793,2.2331711829068275,Fixation
1,right,101,saccade,214,1657710794676786.0,235.1160512434062,154.86058779201207,19.04824682720979,2.2924773503640306,Fixation
1,right,101,saccade,217,1657710794796787.0,235.10371558406842,154.2948409516172,18.024550849721656,4.4010113347403435,Fixation
1,right,101,saccade,220,1657710794916787.0,235.04068584713744,153.80703283929088,16.57506428270998,0.5812852966692248,Fixation
1,right,101,saccade,223,1657710795036787.0,235.20021299254523,154.19408945686902,18.338710632165963,0.5480297687309417,Fixation
1,right,101,saccade,226,1657710795156787.0,235.08204334365325,153.93188854489165,17.708621819539534,67.97824344256371,Fixation
1,right,101,saccade,229,1657710795276787.0,236.4921583271098,137.93054518297237,17.664216301464297,1000.3041289296744,Saccade
1,right,101,saccade,232,1657710795396787.0,19.354349698535742,48.59147286821705,16.905199446636647,976.0638875999972,Saccade
1,right,101,saccade,235,1657710795516787.0,19.990407073740403,48.47355689022355,16.723342250832914,5.1665191188777575,Fixation
1,right,101,saccade,238,1657710795636787.0,20.094753792694295,47.59683023985083,16.553245569094887,4.3915507991327525,Fixation
1,right,101,saccade,241,1657710795756787.0,20.406469408224673,47.50518221330658,16.717405958639684,0.8374859345244553,Fixation
1,right,101,saccade,244,1657710795876787.0,20.25595238095238,47.47676917989418,17.040007633607996,1.3960641508801757,Fixation
1,right,101,saccade,247,1657710795996788.0,20.125314544539506,47.32293239389364,18.04334383767637,1.5277375704769773,Fixation
1,right,101,saccade,250,1657710796116788.0,20.515761893064763,47.21804634405961,16.795773161703917,1.078958206227778,Fixation
1,right,101,saccade,253,1657710796236788.0,20.280619388847704,47.1157235812536,16.647466666775333,2.191669261964106,Fixation
1,right,101,saccade,256,1657710796356788.0,20.121235130346747,46.87015945330296,16.016682648954223,0.6268202677816932,Fixation
1,right,101,saccade,259,1657710796476788.0,20.168288827884535,47.21578903585392,16.69846793250972,758.1716000651354,Saccade
1,right,101,saccade,262,1657710796596788.0,178.89038031319907,135.76465324384787,17.864735513358593,712.8979702423342,Saccade
1,right,101,saccade,265,1657710796716788.0,156.6471485208905,150.40103690149434,26.496179909065635,111.25475007072355,Fixation
1,right,101,saccade,268,1657710796836788.0,156.0281395722785,149.55844991156133,25.796492780621172,22.889246843729353,Fixation
1,right,101,saccade,271,1657710796956788.0,151.16701828410686,150.01916315049226,25.940198028731604,21.166438717464217,Fixation
1,right,101,saccade,274,1657710797076788.0,150.94849153789548,149.50349521707136,25.071845669832314,6.367388058813359,Fixation
1,right,101,saccade,277,1657710797196788.0,150.69563492063492,151.47281746031746,20.526578115043144,8.66498995335215,Fixation
1,right,101,saccade,280,1657710797316789.0,150.16195965417867,151.42862632084532,21.052222076447354,5.941826922136698,Fixation
1,right,101,saccade,283,1657710797436789.0,149.78281449117057,150.3772073548152,24.862096476832125,5.8451147345154,Fixation
1,right,101,saccade,286,1657710797556789.0,150.09966893186964,150.02718243596445,25.675510307218094,2.1685734292829193,Fixation
1,right,101,saccade,289,1657710797676789.0,150.08156028368793,149.95103005741302,25.792843941516004,2.436798921529604,Fixation
1,right,101,saccade,292,1657710797796789.0,150.13919948144547,149.44368821908927,26.815943419777852,4.549948366758697,Fixation
1,right,101,saccade,295,1657710797916789.0,149.77411652340018,148.90321553645336,26.575309701527956,10.245009006855405,Fixation
1,right,101,saccade,298,1657710798036789.0,150.6476510067114,147.03803131991052,26.423161312956843,146.73530545976132,Fixation
1,right,101,saccade,301,1657710798156789.0,154.903720751822,114.06233218258534,24.03099277314982,137.2331610521101,Fixation
1,right,101,saccade,304,1657710798276789.0,154.00406752084604,114.27354077689647,21.353852664739616,29.90404545325687,Fixation
1,right,101,saccade,307,1657710798396789.0,148.3454506802721,116.97746598639455,22.424838960818242,24.841987409422,Fixation
1,right,101,saccade,310,1657710798516790.0,148.46552856204858,116.4806303348654,22.024523776834883,10.720749328352618,Fixation
1,right,101,saccade,313,1657710798636790.0,150.19056724028044,115.18419375398342,22.5448291975294,8.23456114291206,Fixation
1,right,101,saccade,316,1657710798756790.0,149.90032228360957,115.12154696132596,21.280605087405032,4.185644845790458,Fixation
1,right,101,saccade,319,1657710798876790.0,149.24940219990435,115.53538976566234,20.872522518318828,2.745765611904181,Fixation
1,right,101,saccade,322,1657710798996790.0,149.30141325536061,115.39644249512669,21.084982140818052,1.8081764980449826,Fixation
1,right,101,saccade,325,1657710799116790.0,148.96570048309178,115.20700483091787,20.693586165602934,0.4158661377773981,Fixation
1,right,101,saccade,328,1657710799236790.0,149.20716510903426,115.36359590565198,21.71618932236348,1.7151059677587945,Fixation
1,right,101,saccade,331,1657710799356790.0,149.3127839065542,115.42829331602856,22.4161295988542,1.0431657886195214,Fixation
1,right,101,saccade,334,1657710799476790.0,149.40867724867724,115.21502645502645,22.3385845925069,613.1173978703896,Saccade
1,right,101,saccade,337,1657710799596790.0,19.966046958191498,45.271275202932706,15.984011612066507,206.32923699091066,Fixation
1,right,101,saccade,340,1657710799716791.0,197.4656571119524,127.15990625563367,19.14304084750993,810.4428844735216,Saccade
1,right,101,saccade,343,1657710799836791.0,196.49782419495213,126.9385552654482,19.59582727289804,808.2034683106147,Saccade
1,right,101,saccade,346,1657710799956791.0,20.500353190487402,47.742092457420924,18.057707678279723,7.149049484813141,Fixation
1,right,101,saccade,349,1657710800076791.0,194.90879741727198,127.58575464083938,21.27075163445444,799.1812919490302,Saccade
1,right,101,saccade,352,1657710800196791.0,194.980163599182,127.4,21.14202385610822,2.5279841319838137,Fixation
1,right,101,saccade,355,1657710800316791.0,195.51237623762376,127.52413366336634,21.598640844635433,3.4502864964573603,Fixation
1,right,101,saccade,358,1657710800436791.0,195.79508385021822,127.54697909487709,20.66406881447897,1.1491789044186533,Fixation
1,right,101,saccade,361,1657710800556791.0,195.78658688606333,127.55372725006231,18.84580488766093,8.943820200420749,Fixation
1,right,101,saccade,364,1657710800676791.0,197.6878997185981,126.53466359682783,19.252245620773802,12.309065285298356,Fixation
1,right,101,saccade,367,1657710800796791.0,197.93278154000498,125.52370203160271,19.831348411894762,4.3680292885034255,Fixation
1,right,101,saccade,370,1657710800916791.0,198.01203635470398,125.53770572340947,20.008823474322085,0.41671636964359976,Fixation
1,right,101,saccade,373,1657710801036792.0,197.83543677307597,125.54664686958672,18.76688010460886,811.945854195544,Saccade
1,right,101,saccade,376,1657710801156792.0,20.073672806067172,46.093355001805705,16.265588505567507,194.64793297995146,Fixation
1,right,101,saccade,379,1657710801276792.0,151.91298784388997,134.11793559394326,22.755028762900743,653.5809637751867,Saccade
1,right,101,saccade,382,1657710801396792.0,148.74967989756723,135.80046948356807,23.84254845606134,15.159065391069703,Fixation
1,right,101,saccade,385,1657710801516792.0,148.55483870967743,135.51763440860213,23.719856086783118,3.128658361275326,Fixation
1,right,101,saccade,388,1657710801636792.0,148.61891643709825,135.06106519742883,23.056533837024844,2.8752951864412983,Fixation
1,right,101,saccade,391,1657710801756792.0,148.3189189189189,134.86914414414414,23.35047214880602,2.134062162280275,Fixation
1,right,101,saccade,394,1657710801876792.0,148.3233731739708,134.64276228419655,23.437875038151425,1.538542596078893,Fixation
1,right,101,saccade,397,1657710801996792.0,148.23507692307692,134.50953846153845,24.801634284941073,1.340245876775128,Fixation
1,right,101,saccade,400,1657710802116792.0,148.06292313819193,134.45400238948625,25.110507151284224,1.1412816368592729,Fixation
1,right,101,saccade,403,1657710802236793.0,147.97204426324984,134.43311978256648,25.053043588802048,1.6440235648459536,Fixation
1,right,101,saccade,406,1657710802356793.0,147.73152254249814,134.6681448632668,25.780495872958202,1.0898954223994721,Fixation
1,right,101,saccade,409,1657710802476793.0,147.75901022054867,134.58490227720995,25.945812563171213,12.818001054309834,Fixation
1,right,101,saccade,412,1657710802596793.0,149.42126342617877,137.23884944474784,24.376982227389004,81.74423042758332,Fixation
1,right,101,saccade,415,1657710802716793.0,157.03525211958947,151.871932173137,27.896914822493958,67.69841189758027,Fixation
1,right,101,saccade,418,1657710802836793.0,156.5473195567535,151.84037136867323,26.885402291221936,3.137809971280577,Fixation
1,right,101,saccade,421,1657710802956793.0,156.2830370014416,151.9078968444658,25.94596517710349,2.1255444068652825,Fixation
1,right,101,saccade,424,1657710803076793.0,156.03913347309572,151.88487071977636,24.373871011706242,2.024141215856605,Fixation
1,right,101,saccade,427,1657710803196793.0,155.8490284005979,151.68964872944693,22.769790118741476,1.557505891584201,Fixation
1,right,101,saccade,430,1657710803316793.0,155.81676413255357,151.58440545808966,21.66284962199676,0.547767212527106,Fixation
1,right,101,saccade,433,1657710803436793.0,155.82770083102494,151.55992613111724,22.950728869140942,0.47293865168204835,Fixation
1,right,101,saccade,436,1657710803556794.0,155.7163662843619,151.6373566357182,22.396497671904374,2.415338034655349,Fixation
1,right,101,saccade,439,1657710803676794.0,155.30696311616683,151.30523957256116,24.08577296108642,2.066439618046421,Fixation
1,right,101,saccade,442,1657710803796794.0,155.36051779935272,151.29190938511326,25.790660436206892,1.6619438782984757,Fixation
1,right,101,saccade,445,1657710803916794.0,155.68690585709905,151.18383931309413,26.75504141280223,75.20446106826986,Fixation
1,right,101,saccade,448,1657710804036794.0,158.51813936781608,133.5211925287356,20.883379174248343,95.1653081453573,Fixation
1,right,101,saccade,451,1657710804156794.0,159.9634657281716,128.74811463046757,24.562696417627834,40.793163133320256,Fixation
1,right,101,saccade,454,1657710804276794.0,163.27750410509032,124.96551724137932,27.41836268093386,675.2687213207407,Saccade
1,right,101,saccade,457,1657710804396794.0,19.85657093124456,47.29286335944299,17.805342229173974,8.97647893627285,Fixation
1,right,101,saccade,460,1657710804516794.0,163.16699071073666,122.81399870382371,24.195223636768805,674.4304486595655,Saccade
1,right,101,saccade,463,1657710804636794.0,163.17852257181943,122.51618787049703,23.83289878623234,2.098971445848074,Fixation
1,right,101,saccade,466,1657710804756795.0,163.21158808350927,122.31222144030025,22.577555983505935,7.391786539460717,Fixation
1,right,101,saccade,469,1657710804876795.0,162.7191748710736,124.22972339428036,21.365007501198484,7.639689196064367,Fixation
1,right,101,saccade,472,1657710804996795.0,162.89838990426458,124.11879895561357,22.661199503699162,3.5972641601628563,Fixation
1,right,101,saccade,475,1657710805116795.0,162.88322201983402,123.38210888484112,25.69855801258578,7.690250382063377,Fixation
1,right,101,saccade,478,1657710805236795.0,162.94447859045275,122.2737144027863,25.231884255352632,5.708684271652854,Fixation
1,right,101,saccade,481,1657710805356795.0,162.93426930440333,122.01297596256114,25.321188171388954,55.2047755777294,Fixation
1,right,101,saccade,484,1657710805476795.0,175.93778452200303,119.68259989883661,20.93530678388021,212.1179979880652,Fixation
1,right,101,saccade,487,1657710805596795.0,213.3645401822701,115.05274785970725,20.428759908962924,716.7620056595081,Saccade
1,right,101,saccade,490,1657710805716795.0,19.91540184125404,47.23339139089326,17.302258260921775,855.9343772783316,Saccade
1,right,101,saccade,493,1657710805836795.0,19.806185017328712,46.24660090642495,17.291783845298287,2.1533284187090933,Fixation
1,right,101,saccade,496,1657710805956796.0,19.807718933887156,46.727933541017656,17.78718759125942,2.995252658261247,Fixation
1,right,101,saccade,499,1657710806076796.0,19.905690645052346,46.95854441067207,18.28054979324793,2.3452412617396696,Fixation
1,right,101,saccade,502,1657710806196796.0,19.851526557925553,47.289084065244666,16.77442299086762,3.7137897560624027,Fixation
1,right,101,saccade,505,1657710806316796.0,19.817557182894856,46.07160292921074,16.264426986592028,2.212071313222187,Fixation
1,right,101,saccade,508,1657710806436796.0,19.73015457165313,46.77224696533054,17.017957996738705,1.1513101583813483,Fixation
1,right,101,saccade,511,1657710806556796.0,20.015750818511634,46.26413591717547,16.796642993252494,2.6506794164010663,Fixation
1,right,101,saccade,514,1657710806676796.0,20.169255998619022,46.31192818919385,16.964365350220717,1.7646870977227218,Fixation
1,right,101,saccade,517,1657710806796796.0,20.023475376371522,46.68759037169346,17.873023956106003,0.45984257310490667,Fixation
1,right,101,saccade,520,1657710806916796.0,20.080020784619382,46.24699056031869,17.681539950118303,0.9072026326576866,Fixation
1,right,101,saccade,523,1657710807036796.0,20.2067916877851,46.57011319479641,17.734481876552735,0.6438414951909468,Fixation
1,right,101,saccade,526,1657710807156796.0,20.224056603773583,46.19103773584906,16.70788229567556,652.6569064568549,Saccade
1,right,101,saccade,529,1657710807276797.0,162.08541807527607,112.94793779580797,21.868581591535104,656.8112930832414,Saccade
1,right,101,saccade,532,1657710807396797.0,163.83286972647196,111.19425127491886,21.86850557387197,11.522201016674254,Fixation
1,right,101,saccade,535,1657710807516797.0,163.9108049311095,110.87067923616146,20.767046189574174,2.7478816709009277,Fixation
1,right,101,saccade,538,1657710807636797.0,163.7844374342797,110.53654048370136,19.566458657324368,3.0462049624244423,Fixation
1,right,101,saccade,541,1657710807756797.0,164.0359231411863,110.15037593984962,18.768464411819274,0.9548131646712659,Fixation
1,right,101,saccade,544,1657710807876797.0,163.97422969187673,110.4081232492997,18.51322101005299,1.7163191579196644,Fixation
1,right,101,saccade,547,1657710807996797.0,163.78887993553585,110.47998925597635,18.426526801880495,0.8401303896694047,Fixation
1,right,101,saccade,550,1657710808116797.0,164.0085536547434,110.2094349403836,18.08954033993862,1.9513138376080148,Fixation
1,right,101,saccade,553,1657710808236797.0,163.9049686444766,110.0262904003859,18.169602348444453,1.2290368344934781,Fixation
1,right,101,saccade,556,1657710808356797.0,163.77875030391442,110.39435934840748,18.414872417892862,0.5379462094247145,Fixation
1,right,101,saccade,559,1657710808476798.0,163.9377553472723,110.15116558519586,18.4607570737463,281.04409392709715,Fixation
1,right,101,saccade,562,1657710808596798.0,224.1700773078672,140.43610732150975,20.57895236753239,323.6939790859202,Fixation
1,right,101,saccade,565,1657710808716798.0,228.89646102343374,152.76064084170252,17.66064318015655,48.70310775084357,Fixation
1,right,101,saccade,568,1657710808836798.0,230.9509727626459,149.95693904020752,20.53076000103554,980.2056499038357,Saccade
1,right,101,saccade,571,1657710808956798.0,18.53248628356916,47.45509673693329,16.353578896566475,8.997297491872596,Fixation
1,right,101,saccade,574,1657710809076798.0,230.7044405997693,147.81170703575546,19.107514589831695,975.3418072982976,Saccade
1,right,101,saccade,577,1657710809196798.0,229.95449735449733,147.9296296296296,21.371190998183177,0.28736490182167174,Fixation
1,right,101,saccade,580,1657710809316798.0,230.63697916666666,147.82604166666664,20.510619288056834,4.065013512903879,Fixation
1,right,101,saccade,583,1657710809436798.0,230.59502708025602,147.19374692269815,21.099346165657153,3.0758402324157603,Fixation
1,right,101,saccade,586,1657710809556798.0,230.596015936255,147.08897742363877,20.63441082938587,0.3281399306248206,Fixation
1,right,101,saccade,589,1657710809676798.0,230.67040598290595,147.17094017094016,21.06661639095223,0.6812077303979853,Fixation
1,right,101,saccade,592,1657710809796799.0,230.7533548040794,147.04455179817498,20.914876422588755,1.1980049186675201,Fixation
1,right,101,saccade,595,1657710809916799.0,230.84355997788833,146.9414040906578,19.207134398265442,43.709694804003824,Fixation
1,right,101,saccade,598,1657710810036799.0,224.99614085865892,138.27520501688372,21.40948186530934,,Fixation
1,right,102,smooth,1,1657711084437019.0,196.8319749216301,126.74190177638452,23.457404282041598,,Smooth
1,right,102,smooth,4,1657711084557019.0,196.8047619047619,126.68531746031745,24.352709339497267,0.9364138699880894,Smooth
1,right,102,smooth,7,1657711084677019.0,196.78729438457177,126.52164870485913,25.53118346618829,0.5577442037316772,Smooth
1,right,102,smooth,10,1657711084797019.0,196.8067355530042,126.55147340221967,23.971648671493032,1.3399823575508312,Smooth
1,right,102,smooth,13,1657711084917019.0,196.6703869047619,126.82124255952381,25.159619299684728,2.4380307364285803,Smooth
1,right,102,smooth,16,1657711085037019.0,196.54288443170964,127.07373447946513,23.59616072523106,5.124548447952898,Smooth
1,right,102,smooth,19,1657711085157019.0,196.61545623836125,128.04990689013033,23.658785033873436,3.7307049116786573,Smooth
1,right,102,smooth,22,1657711085277019.0,196.077246452969,127.83850061306708,24.1828178525335,2.5803152745511477,Smooth
1,right,102,smooth,25,1657711085397019.0,196.05722891566265,127.7817938420348,24.207184096947966,0.3777002352799978,Smooth
1,right,102,smooth,28,1657711085517020.0,195.98687392055265,127.8314335060449,23.696596572371206,1.3936604801286956,Smooth
1,right,102,smooth,31,1657711085637020.0,195.7250461331991,127.74266062741151,25.122909182314057,2.83463974751808,Smooth
1,right,102,smooth,34,1657711085757020.0,195.33020180932496,128.00922059846903,23.134221576657954,0.35458299517799696,Smooth
1,right,102,smooth,37,1657711085877020.0,195.64485032978183,127.71418907491966,25.15194527830297,2.6763350873011356,Smooth
1,right,102,smooth,40,1657711085997020.0,195.7860696517413,127.55671641791045,24.53603348109388,0.26639091884322585,Smooth
1,right,102,smooth,43,1657711086117020.0,195.59339008512768,127.75212819228844,23.948802362981503,1.46496336533077,Smooth
1,right,102,smooth,46,1657711086237020.0,195.51491184709175,127.7805239742956,25.332257010400998,1.474402775182235,Smooth
1,right,102,smooth,49,1657711086357020.0,195.634082763115,127.40061909416748,24.87447247020276,1.047246486994732,Smooth
1,right,102,smooth,52,1657711086477020.0,195.6603835978836,127.57556216931216,24.645978218023632,0.675210799626545,Smooth
1,right,102,smooth,55,1657711086597020.0,195.77092583456667,127.48741983226444,24.75384056379311,0.9106094134316642,Smooth
1,right,102,smooth,58,1657711086717020.0,195.46533665835412,127.67414796342477,24.99491299105545,0.8176402987218252,Smooth
1,right,102,smooth,61,1657711086837021.0,195.62540610786223,127.61907082521117,25.30907701545034,2.082268305960531,Smooth
1,right,102,smooth,64,1657711086957021.0,195.84863689580197,127.99481518648604,23.273641859585325,0.9414721839299905,Smooth
1,right,102,smooth,67,1657711087077021.0,195.77409393791643,127.78920851617097,24.739757285446956,0.7225767886243918,Smooth
1,right,102,smooth,70,1657711087197021.0,195.70216577104705,127.90197036313303,24.22591367393807,8.502805226104048,Smooth
1,right,102,smooth,73,1657711087317021.0,194.16612259702575,129.04570184983677,21.226308467219617,802.5827777892439,Saccade
1,right,102,smooth,76,1657711087437021.0,18.44516661508305,52.520478695966155,15.519423890371659,6.575559058677313,Smooth
1,right,102,smooth,79,1657711087557021.0,195.65561497326203,128.5242424242424,21.50471532742813,10.970398298781614,Smooth
1,right,102,smooth,82,1657711087677021.0,20.80608335288138,53.68590194698569,17.33424313781293,3.640666150933699,Smooth
1,right,102,smooth,85,1657711087797021.0,195.14394746183882,129.23251686190983,20.112179248738656,792.1017993146986,Saccade
1,right,102,smooth,88,1657711087917021.0,195.49827617492286,128.66811830883685,22.210515557853807,4.2110582393095335,Smooth
1,right,102,smooth,91,1657711088037022.0,195.6294932491671,128.34613361388742,23.693038986213274,2.5977521356439333,Smooth
1,right,102,smooth,94,1657711088157022.0,196.12087087087085,128.70101351351352,22.18600522615874,4.482040425363334,Smooth
1,right,102,smooth,97,1657711088277022.0,196.7045767039874,128.38224317422902,22.36647791671788,3.6741242673145385,Smooth
1,right,102,smooth,100,1657711088397022.0,196.8220895522388,128.16636815920398,23.501337771439967,1.5479204994783373,Smooth
1,right,102,smooth,103,1657711088517022.0,196.92757936507937,128.08511904761906,23.85147840195162,1.4922890537137663,Smooth
1,right,102,smooth,106,1657711088637022.0,197.0965464605991,127.9362717038733,23.49888044198766,0.5541500366429057,Smooth
1,right,102,smooth,109,1657711088757022.0,196.79763912310287,128.05677346824058,24.007047809792113,1.7974812206004591,Smooth
1,right,102,smooth,112,1657711088877022.0,196.66793203181487,127.98517715112075,23.9280953203115,1.5664803392730016,Smooth
1,right,102,smooth,115,1657711088997022.0,196.4319105691057,127.96968157181571,23.771025099733556,2.433420556084839,Smooth
1,right,102,smooth,118,1657711089117022.0,196.2264344262295,128.36748633879782,23.056851685661,1.2435338213299763,Smooth
1,right,102,smooth,121,1657711089237023.0,196.60268681780016,128.2144416456759,23.86036016728789,1.5629155831972066,Smooth
1,right,102,smooth,124,1657711089357023.0,196.6009488666315,128.34651203654892,22.582015797740105,0.46832953173221586,Smooth
1,right,102,smooth,127,1657711089477023.0,196.62142731895491,128.32526740312116,22.24282161131842,1.3246328865316914,Smooth
1,right,102,smooth,130,1657711089597023.0,196.50826094362117,128.04241185487993,22.360723774250403,1.7880192160713764,Smooth
1,right,102,smooth,133,1657711089717023.0,196.2554890219561,128.10113107119093,22.965471924667273,1.0796958996707253,Smooth
1,right,102,smooth,136,1657711089837023.0,196.26043212930892,128.11809335312552,22.766893046692267,0.20796881057003694,Smooth
1,right,102,smooth,139,1657711089957023.0,196.29649818301948,128.07267922035018,22.40255181078008,1.014633072976897,Smooth
1,right,102,smooth,142,1657711090077023.0,196.1269918699187,128.32178861788617,22.38098726120352,0.5500615693943964,Smooth
1,right,102,smooth,145,1657711090197023.0,196.20451339915374,128.16737188528444,24.154418291080987,2.129601385551038,Smooth
1,right,102,smooth,148,1657711090317023.0,195.6212267180475,128.39547206165705,22.419444615626116,2.5183712455148797,Smooth
1,right,102,smooth,151,1657711090437023.0,195.72159624413146,128.53082942097024,23.703793629754717,1.1255834410355507,Smooth
1,right,102,smooth,154,1657711090557024.0,195.88623595505618,128.4478776529338,24.521292869277907,0.4536913397487602,Smooth
1,right,102,smooth,157,1657711090677024.0,195.61464916545128,128.5512882839086,21.662535898895214,1.1079431446395673,Smooth
1,right,102,smooth,160,1657711090797024.0,195.6601941747573,128.58791801510247,22.69728808383552,1.6258078408863283,Smooth
1,right,102,smooth,163,1657711090917024.0,195.69971586660682,128.17048003589053,22.81502806492176,1.1348197305151082,Smooth
1,right,102,smooth,166,1657711091037024.0,195.49545522276858,128.37103263299062,22.567076084269953,2.4412876905184184,Smooth
1,right,102,smooth,169,1657711091157024.0,195.30337941628264,128.60199692780338,22.246856049777502,2.5461706736276843,Smooth
1,right,102,smooth,172,1657711091277024.0,195.67752596789424,128.95435945860874,23.103233049369397,2.34123489453219,Smooth
1,right,102,smooth,175,1657711091397024.0,195.82845911949684,128.80204402515722,24.858395945351614,0.9303120721789924,Smooth
1,right,102,smooth,178,1657711091517024.0,195.4996751137102,129.0893437296946,24.097615082766982,1.3999086776957523,Smooth
1,right,102,smooth,181,1657711091637024.0,195.5201923076923,128.66842948717948,23.155849883989067,0.6790967291706724,Smooth
1,right,102,smooth,184,1657711091757025.0,195.36447346392094,128.99832579943077,22.147548815608356,84.20005168936873,Smooth
1,right,102,smooth,187,1657711091877025.0,214.8200408997955,134.65867261572782,24.092156119792712,797.3151537977791,Saccade
1,right,102,smooth,190,1657711091997025.0,20.273250154853553,51.797009114237675,16.24779407614053,124.2451536223415,Smooth
1,right,102,smooth,193,1657711092117025.0,234.7672378620971,156.8233374133007,21.21989502473503,994.9865268692492,Saccade
1,right,102,smooth,196,1657711092237025.0,234.95585484474373,156.36887392442947,23.177227287116377,991.6901534371759,Saccade
1,right,102,smooth,199,1657711092357025.0,20.95353128669686,52.274869988257,16.825903183227005,9.780467329272046,Smooth
1,right,102,smooth,202,1657711092477025.0,235.75399583043782,158.57632615242065,19.270635364555993,998.9646122567494,Saccade
1,right,102,smooth,205,1657711092597025.0,235.89501510574019,158.4866565961732,18.77595385694275,1.726369298304563,Smooth
1,right,102,smooth,208,1657711092717025.0,236.1030718456461,158.35313531353134,18.74760164028003,1.9990424765317114,Smooth
1,right,102,smooth,211,1657711092837025.0,236.16269210386855,158.08850026497083,18.05991327757173,1.3526136349342432,Smooth
1,right,102,smooth,214,1657711092957025.0,236.26055194805195,158.06926406926405,18.190808698986515,0.3291658090365292,Smooth
1,right,102,smooth,217,1657711093077026.0,236.2414475544246,158.09471303364433,17.797987583834924,8.883896281432138,Smooth
1,right,102,smooth,220,1657711093197026.0,235.68005698005695,156.01766381766382,17.391308853081526,22.520356163102825,Smooth
1,right,102,smooth,223,1657711093317026.0,234.74483306836248,152.9011658717541,16.906553411425097,996.2106485152784,Saccade
1,right,102,smooth,226,1657711093437026.0,20.221674427097597,52.37414407011778,16.008392560970908,988.8989782696334,Saccade
1,right,102,smooth,229,1657711093557026.0,19.82661404003383,52.21144629264167,15.990720744377303,3.3715265726325248,Smooth
1,right,102,smooth,232,1657711093677026.0,20.583674583674583,51.650468650468646,14.918040671125263,2.7941159794817656,Smooth
1,right,102,smooth,235,1657711093797026.0,20.243758765778402,51.68639551192146,15.057635718692296,3.073449720229494,Smooth
1,right,102,smooth,238,1657711093917026.0,20.365807067812796,50.94574976122254,14.653395612111463,3.6113729225708475,Smooth
1,right,102,smooth,241,1657711094037026.0,20.505694760820045,50.86019362186788,14.198715159767644,2.131298326161255,Smooth
1,right,102,smooth,244,1657711094157026.0,19.928856447688563,51.21167883211679,14.273627036127268,2.0345510639280326,Smooth
1,right,102,smooth,247,1657711094277027.0,20.991302804401844,50.91134185303515,15.182652218473981,6.7800519964887815,Smooth
1,right,102,smooth,250,1657711094397027.0,21.184831102613128,50.17709186925248,14.583011093627,6.982252284854959,Smooth
1,right,102,smooth,253,1657711094517027.0,21.915823168094125,49.51371225884591,15.44813311571636,2.871290070087628,Smooth
1,right,102,smooth,256,1657711094637027.0,21.49057896539911,49.55952380952381,15.148880836680632,3.8640246845874855,Smooth
1,right,102,smooth,259,1657711094757027.0,21.452836975092165,48.710187932739856,14.269021521461315,817.9509017703833,Saccade
1,right,102,smooth,262,1657711094877027.0,197.73186409550047,136.02295684113867,15.69213933640041,722.2494023422273,Saccade
1,right,102,smooth,265,1657711094997027.0,162.96350519838742,148.81731381285806,21.218780787855078,178.76079604526126,Smooth
1,right,102,smooth,268,1657711095117027.0,157.65050505050505,151.32383838383836,23.558852366617447,43.52882735871001,Smooth
1,right,102,smooth,271,1657711095237027.0,153.5260606060606,153.29757575757577,20.7688022683835,19.02607598780689,Smooth
1,right,102,smooth,274,1657711095357027.0,153.24649073554184,152.53022646453303,24.67788296765512,4.56005614293867,Smooth
1,right,102,smooth,277,1657711095477028.0,152.4680416202155,153.57748049052398,22.346636658648663,7.082600529367551,Smooth
1,right,102,smooth,280,1657711095597028.0,152.18049155145928,153.85426267281105,20.3255240051499,1.677669321751184,Smooth
1,right,102,smooth,283,1657711095717028.0,152.0989371980676,153.73835748792268,20.59326910291527,2.2172520498146606,Smooth
1,right,102,smooth,286,1657711095837028.0,151.70997150997152,153.605698005698,21.132813569558557,5.593174798926469,Smooth
1,right,102,smooth,289,1657711095957028.0,151.1427813163482,152.79617834394904,25.843258170043786,4.405934883557833,Smooth
1,right,102,smooth,292,1657711096077028.0,150.99234116623148,152.8290687554395,25.715785663873795,0.7386331425509177,Smooth
1,right,102,smooth,295,1657711096197028.0,151.24857621440535,152.6539363484087,25.758671320217033,2.7661127783241235,Smooth
1,right,102,smooth,298,1657711096317028.0,151.12407780013413,152.17840375586852,26.213886052746048,58.6808527160604,Smooth
1,right,102,smooth,301,1657711096437028.0,155.06215921483098,139.09669211195927,23.412706984851695,144.32963248407006,Smooth
1,right,102,smooth,304,1657711096557028.0,162.78488160291437,119.56102003642987,26.497856140075505,83.16679710898111,Smooth
1,right,102,smooth,307,1657711096677028.0,159.82371977917379,119.71292594707785,25.424460846258953,42.77079918035078,Smooth
1,right,102,smooth,310,1657711096797029.0,152.55330926594462,118.73285198555956,21.378638086672694,32.09075797563512,Smooth
1,right,102,smooth,313,1657711096917029.0,152.26004016064255,118.26079317269075,20.63255061609953,4.339113165044281,Smooth
1,right,102,smooth,316,1657711097037029.0,151.63521015067406,118.24134284959025,20.782563457478393,3.5023350861842335,Smooth
1,right,102,smooth,319,1657711097157029.0,151.45145903479235,118.03114478114477,20.050051616225478,1.7059698500964549,Smooth
1,right,102,smooth,322,1657711097277029.0,151.23063829787233,118.17843971631204,20.32075967802908,2.0884418959360027,Smooth
1,right,102,smooth,325,1657711097397029.0,151.49172974488366,117.53153910849453,20.32458326689821,2.4258350535707676,Smooth
1,right,102,smooth,328,1657711097517029.0,151.2389887933281,117.59629919207714,21.229135057738294,0.8813627255722095,Smooth
1,right,102,smooth,331,1657711097637029.0,151.29389600602863,117.45666917859835,20.847826702399335,1.5410444845664986,Smooth
1,right,102,smooth,334,1657711097757029.0,151.4567548248749,117.29735525375268,21.560404371399912,117.66501913617863,Smooth
1,right,102,smooth,337,1657711097877029.0,179.31902937420176,113.98288633461047,17.62505529960154,200.07107949306652,Smooth
1,right,102,smooth,340,1657711097997030.0,198.04273008507346,128.93368136117556,20.6559118443472,99.38126530608417,Smooth
1,right,102,smooth,343,1657711098117030.0,197.2952598515134,129.65943270512088,21.512841155029065,3.550802721596006,Smooth
1,right,102,smooth,346,1657711098237030.0,197.43861839367455,129.53474823137745,20.599606352624882,4.027585646743664,Smooth
1,right,102,smooth,349,1657711098357030.0,197.95640616693245,128.95427963849016,17.973845473396572,3.318169393518699,Smooth
1,right,102,smooth,352,1657711098477030.0,197.998075998076,130.1014911014911,19.377379210244488,6.092849732582176,Smooth
1,right,102,smooth,355,1657711098597030.0,198.48777348777347,130.3166023166023,17.964793734085664,2.463989305753076,Smooth
1,right,102,smooth,358,1657711098717030.0,198.5788701393984,129.99021765712888,18.415072607550055,6.272896613432921,Smooth
1,right,102,smooth,361,1657711098837030.0,197.4569209039548,129.21939736346516,19.70854944647613,810.413649833312,Saccade
1,right,102,smooth,364,1657711098957030.0,22.420157862780812,47.53976927747419,18.27323632372149,2.786733727224106,Smooth
1,right,102,smooth,367,1657711099077030.0,196.9020910209102,129.59286592865928,19.654299534996994,805.1889117669392,Saccade
1,right,102,smooth,370,1657711099197030.0,196.98601398601397,130.4283864283864,17.798581884407334,2.6193470642079473,Smooth
1,right,102,smooth,373,1657711099317031.0,196.91715257531584,130.22133138969872,18.679949025197065,809.2592032695984,Saccade
1,right,102,smooth,376,1657711099437031.0,21.5183255167622,47.159718603439295,15.467384703857414,186.7955736140876,Smooth
1,right,102,smooth,379,1657711099557031.0,158.15255474452556,152.7406326034063,19.459760614199904,718.5878755634859,Saccade
1,right,102,smooth,382,1657711099677031.0,157.69317657906868,152.98616874135547,19.91024066865428,48.957381976414375,Smooth
1,right,102,smooth,385,1657711099797031.0,169.74252458358418,154.67188440698374,23.692455859708456,53.58318428401432,Smooth
1,right,102,smooth,388,1657711099917031.0,170.46734044544263,154.46921205315363,23.71296415156046,70.27249460368354,Smooth
1,right,102,smooth,391,1657711100037031.0,186.56922257720979,153.52999645012423,25.219061192710857,100.24983583023845,Smooth
1,right,102,smooth,394,1657711100157031.0,194.52685078634443,154.32201764480243,19.98647905364951,60.23958649111639,Smooth
1,right,102,smooth,397,1657711100277031.0,201.00632911392404,154.2976441631505,24.27929144290346,60.504707462844216,Smooth
1,right,102,smooth,400,1657711100397031.0,209.02464604090193,155.14490473693408,24.587871088152447,40.00406733269813,Smooth
1,right,102,smooth,403,1657711100517032.0,210.57367452751296,155.1010202374979,25.098967280902393,39.81544621058015,Smooth
1,right,102,smooth,406,1657711100637032.0,218.56017805170345,155.76613593562743,25.85706946841773,40.54059408239333,Smooth
1,right,102,smooth,409,1657711100757032.0,220.27880976952184,155.79256965944273,25.927399865711443,48.133909399913655,Smooth
1,right,102,smooth,412,1657711100877032.0,230.0972469795999,155.1762725292137,22.404167487057045,52.98852127306771,Smooth
1,right,102,smooth,415,1657711100997032.0,232.99604221635883,155.77462620932278,19.346868940241162,28.128976811678214,Smooth
1,right,102,smooth,418,1657711101117032.0,236.84499884499883,154.96835296835295,21.130855356491928,36.692274502636664,Smooth
1,right,102,smooth,421,1657711101237032.0,241.47288812785388,153.38898401826484,16.415507400628627,20.4444231658323,Smooth
1,right,102,smooth,424,1657711101357032.0,241.21407795229783,152.73531122745783,16.858945263361544,8.529159726818724,Smooth
1,right,102,smooth,427,1657711101477032.0,240.75535168195717,151.47186544342506,16.00722879987822,35.86628652956792,Smooth
1,right,102,smooth,430,1657711101597032.0,233.09832451499116,149.86640211640213,22.218893793631388,40.9368996652139,Smooth
1,right,102,smooth,433,1657711101717033.0,231.24433656957927,149.0082928802589,24.162733084409997,17.96306255731732,Smooth
1,right,102,smooth,436,1657711101837033.0,229.10144124168514,148.25055432372505,24.905990154388224,41.19325312209987,Smooth
1,right,102,smooth,439,1657711101957033.0,221.4656374501992,150.46347941567063,25.621484247613566,80.32576337243981,Smooth
1,right,102,smooth,442,1657711102077033.0,209.8928247048138,149.8868301544051,20.34677320134524,67.85003306549369,Smooth
1,right,102,smooth,445,1657711102197033.0,205.25804853888064,148.88773320125475,24.03514556389572,64.97258221790796,Smooth
1,right,102,smooth,448,1657711102317033.0,194.3064304461942,149.41879921259843,24.488706319762684,54.70726216764475,Smooth
1,right,102,smooth,451,1657711102437033.0,192.12835249042146,148.85265006385694,23.408496577672402,69.38995444411127,Smooth
1,right,102,smooth,454,1657711102557033.0,177.67990543735223,150.36784869976358,23.828398710255808,62.21865008086055,Smooth
1,right,102,smooth,457,1657711102677033.0,177.21578855851155,149.62354373152493,20.31120282159861,8.421976633067771,Smooth
1,right,102,smooth,460,1657711102797033.0,175.9330011074197,149.35105204872647,20.302290223013166,42.909007925885,Smooth
1,right,102,smooth,463,1657711102917033.0,166.92590385379418,150.03635280095352,17.414203683400235,64.49118134159424,Smooth
1,right,102,smooth,466,1657711103037034.0,160.52022559315438,150.76993387786854,22.041107728505704,45.36892038671839,Smooth
1,right,102,smooth,469,1657711103157034.0,156.07573082205215,150.95016676476357,22.858284960684756,23.444087362896056,Smooth
1,right,102,smooth,472,1657711103277034.0,154.89524382901865,150.9040738510937,23.207310715938643,8.501616687246736,Smooth
1,right,102,smooth,475,1657711103397034.0,154.07189157336475,150.56570418385385,23.62083430383018,17.742013662274758,Smooth
1,right,102,smooth,478,1657711103517034.0,151.96730462519935,147.81240031897926,24.69247705041736,17.78807421432184,Smooth
1,right,102,smooth,481,1657711103637034.0,153.34316676700783,146.35922135259884,23.83743379974188,49.87483726583756,Smooth
1,right,102,smooth,484,1657711103757034.0,163.93598750975798,147.9873145979703,20.52929008329919,59.65305329298349,Smooth
1,right,102,smooth,487,1657711103877034.0,167.62669641197246,147.33370514965605,19.164437975368223,32.655145529518876,Smooth
1,right,102,smooth,490,1657711103997034.0,171.66405959031655,146.68379888268157,21.32942342204516,35.50557562650863,Smooth
1,right,102,smooth,493,1657711104117034.0,175.90422417398577,145.3099121706399,16.834525924954875,69.85202633799663,Smooth
1,right,102,smooth,496,1657711104237035.0,188.17057986481677,149.61383849163997,24.653732991773488,72.60476247594993,Smooth
1,right,102,smooth,499,1657711104357035.0,192.9133407243163,149.0951589061345,19.86382268108022,63.77721245024475,Smooth
1,right,102,smooth,502,1657711104477035.0,203.47675619834712,149.5096418732782,24.123144348301988,68.98940132228456,Smooth
1,right,102,smooth,505,1657711104597035.0,209.38903719523046,150.73856558106422,23.613229560074323,52.02884138813305,Smooth
1,right,102,smooth,508,1657711104717035.0,215.8714657738095,151.0243675595238,23.37259509984259,36.17513787538888,Smooth
1,right,102,smooth,511,1657711104837035.0,218.0685990338164,150.94570048309177,22.603391795066457,41.91618639295635,Smooth
1,right,102,smooth,514,1657711104957035.0,225.92958656330748,151.21274763135227,24.045155434121614,39.47984177255728,Smooth
1,right,102,smooth,517,1657711105077035.0,227.54336399474377,150.85895751204555,24.351464170978982,28.191298496976568,Smooth
1,right,102,smooth,520,1657711105197035.0,232.68579234972677,150.85047193243912,20.81947508907699,43.25118574766612,Smooth
1,right,102,smooth,523,1657711105317035.0,237.91983122362868,151.14044605183844,16.09307019037237,20.045648466905867,Smooth
1,right,102,smooth,526,1657711105437035.0,237.49623814196923,150.92051030421982,15.510626089554213,994.4724315908128,Saccade
1,right,102,smooth,529,1657711105557036.0,21.46860965997617,50.570433507469524,16.06820234375629,3.2863541110534276,Smooth
1,right,102,smooth,532,1657711105677036.0,237.74957869902255,150.1735760026963,14.830728648207113,972.2052259205993,Saccade
1,right,102,smooth,535,1657711105797036.0,233.41496062992127,148.14750656167976,19.61276974389765,31.67621186420941,Smooth
1,right,102,smooth,538,1657711105917036.0,230.48128342245988,147.9449643493761,23.73015001282066,48.319930714517476,Smooth
1,right,102,smooth,541,1657711106037036.0,221.82432973189273,148.5252100840336,23.213120130678867,48.930643326140164,Smooth
1,right,102,smooth,544,1657711106157036.0,218.73806658644202,148.00180505415162,21.89524936655141,66.10166431177795,Smooth
1,right,102,smooth,547,1657711106277036.0,206.0549208258168,146.79174183203045,21.520066332372743,118.08440535231175,Smooth
1,right,102,smooth,550,1657711106397036.0,190.5556935817805,145.0144927536232,21.173892442703263,73.53760469545388,Smooth
1,right,102,smooth,553,1657711106517036.0,188.60012285012286,144.1805896805897,22.752702054121023,17.48941673907685,Smooth
1,right,102,smooth,556,1657711106637036.0,186.58981976629033,143.63953258070904,22.090269241970347,19.37613251201421,Smooth
1,right,102,smooth,559,1657711106757037.0,184.04229724485833,143.25785797438883,21.517979654471723,58.028509420670346,Smooth
1,right,102,smooth,562,1657711106877037.0,172.9180790960452,146.29322033898305,21.537431271743454,56.93203537240389,Smooth
1,right,102,smooth,565,1657711106997037.0,170.5298039215686,145.2849019607843,17.666124003156252,34.18623930216222,Smooth
1,right,102,smooth,568,1657711107117037.0,164.88239700374533,144.63645443196003,14.241996367036112,66.12617663934132,Smooth
1,right,102,smooth,571,1657711107237037.0,154.70287216828478,146.4571197411003,23.51603107229461,48.232117418364446,Smooth
1,right,102,smooth,574,1657711107357037.0,153.34303112313938,145.55299954894,17.751070219861745,10.310320844640833,Smooth
1,right,102,smooth,577,1657711107477037.0,152.507225433526,145.3159922928709,17.83427744907836,14.648867661576482,Smooth
1,right,102,smooth,580,1657711107597037.0,149.84846335697398,145.1678486997636,18.7245774192878,10.434611704745151,Smooth
1,right,102,smooth,583,1657711107717037.0,150.10582370269657,144.60548379786994,19.458595484921577,8.426134174914049,Smooth
1,right,102,smooth,586,1657711107837037.0,151.18059239610963,143.64633068081343,19.0349187045474,27.37174591406779,Smooth
1,right,102,smooth,589,1657711107957038.0,156.58702999577523,143.53358681875793,18.23067001675868,44.996867508824785,Smooth
1,right,102,smooth,592,1657711108077038.0,161.9069969578444,142.39374185136896,15.893020845307712,59.749961853941564,Smooth
1,right,102,smooth,595,1657711108197038.0,170.91339563862928,142.90861889927308,18.774203840135748,56.766734536087704,Smooth
1,right,102,smooth,598,1657711108317038.0,175.53036260375708,142.26059414591523,19.937852575296592,,Smooth
1,right,201,saccade,1,1657711695637508.0,193.52166769357154,124.95974532758267,22.415485456740626,,Fixation
1,right,201,saccade,4,1657711695757508.0,193.33392999204452,125.0294351630867,21.862469710837498,1.4886295412599957,Fixation
1,right,201,saccade,7,1657711695877509.0,193.84889368591473,124.81633387299874,24.33807553763912,0.9195303641640179,Fixation
1,right,201,saccade,10,1657711695997509.0,193.12307120282577,124.96430563301729,21.994245551409556,0.2331289884231508,Fixation
1,right,201,saccade,13,1657711696117509.0,193.79427341939754,124.80420390599139,25.39840050272032,2.8014909728144377,Fixation
1,right,201,saccade,16,1657711696237509.0,193.79532741033233,124.95261599210266,25.154795748932283,1.929356592049047,Fixation
1,right,201,saccade,19,1657711696357509.0,193.3664596273292,124.98136645962732,21.357440837625763,2.73022588873912,Fixation
1,right,201,saccade,22,1657711696477509.0,194.3167770419426,124.5558183538316,25.985899758468854,3.671225223774471,Fixation
1,right,201,saccade,25,1657711696597509.0,194.1078020784861,124.50519621529392,26.059016388901664,1.6011322170065154,Fixation
1,right,201,saccade,28,1657711696717509.0,193.9822742977317,124.36668168844824,26.058819092350372,0.4268339517555746,Fixation
1,right,201,saccade,31,1657711696837509.0,194.205580693816,124.53574660633484,25.67462794261422,1.3339086538145715,Fixation
1,right,201,saccade,34,1657711696957509.0,194.29170305676857,124.28457059679765,26.88629769911464,0.8676177569099196,Fixation
1,right,201,saccade,37,1657711697077510.0,194.4137779727951,124.53210472429427,26.140487689173522,0.46059010695747615,Fixation
1,right,201,saccade,40,1657711697197510.0,194.39763779527559,124.25298920968211,26.35498590644324,0.47378627849202676,Fixation
1,right,201,saccade,43,1657711697317510.0,194.52286102308736,124.56420703183943,25.12441997356756,3.2469209066785303,Fixation
1,right,201,saccade,46,1657711697437510.0,194.2779487179487,125.02300366300365,25.50043175362296,2.438326015146827,Fixation
1,right,201,saccade,49,1657711697557510.0,194.18880044686495,125.04468649629938,26.757778947929086,1.534376021515354,Fixation
1,right,201,saccade,52,1657711697677510.0,194.38483965014578,125.37539913924753,26.106926061920614,1.65401366368612,Fixation
1,right,201,saccade,55,1657711697797510.0,194.17759679954278,125.44149164166309,25.72789734018753,0.7676621076685446,Fixation
1,right,201,saccade,58,1657711697917510.0,194.29056550156292,125.21710713270815,26.162504055497884,1.7102909972405869,Fixation
1,right,201,saccade,61,1657711698037510.0,194.3189799969461,125.82684379294548,24.557613924211374,1.9917776319103615,Fixation
1,right,201,saccade,64,1657711698157510.0,194.34667273002879,125.69182961952401,25.57565929385859,1.1440294672370726,Fixation
1,right,201,saccade,67,1657711698277511.0,194.34336177218978,125.55336027540787,26.065695657067884,0.5119956396918471,Fixation
1,right,201,saccade,70,1657711698397511.0,194.32958633093526,125.57014388489209,25.47190697503598,0.9534171630124233,Fixation
1,right,201,saccade,73,1657711698517511.0,194.12435547467393,125.6196542311192,25.465797404017707,0.987334640042817,Fixation
1,right,201,saccade,76,1657711698637511.0,194.23707830393064,125.7883008356546,25.013097709483244,2.129815767917815,Fixation
1,right,201,saccade,79,1657711698757511.0,194.51470819568976,125.94966179015258,24.621929635502745,1.2065454675419927,Fixation
1,right,201,saccade,82,1657711698877511.0,194.32895148669795,126.06291079812206,24.59621806582027,2.477107266486019,Fixation
1,right,201,saccade,85,1657711698997511.0,193.96911369740377,125.71351835273053,25.774513472616732,0.4407699088076115,Fixation
1,right,201,saccade,88,1657711699117511.0,194.22589659990686,126.08678776587486,24.371225246708086,1.3378700413319424,Fixation
1,right,201,saccade,91,1657711699237511.0,194.07010954616587,126.01830985915493,24.59621806582027,2.415643475547668,Fixation
1,right,201,saccade,94,1657711699357511.0,193.90373692077728,125.6047832585949,26.957902228081885,0.9743981756852046,Fixation
1,right,201,saccade,97,1657711699477511.0,193.91304347826087,125.84505087881591,24.842727819776638,2.535877388189039,Fixation
1,right,201,saccade,100,1657711699597512.0,194.16769206499447,126.1531787348162,24.214082669152447,1.0444773660521156,Fixation
1,right,201,saccade,103,1657711699717512.0,193.71019157088122,125.69777777777776,25.737362880305017,0.8279931625488673,Fixation
1,right,201,saccade,106,1657711699837512.0,193.96897752453307,126.15194681861348,24.612564225785697,3.0142187703734753,Fixation
1,right,201,saccade,109,1657711699957512.0,194.01988463873707,126.35154826958106,24.39115291952086,1.1465802542628942,Fixation
1,right,201,saccade,112,1657711700077512.0,194.0761613513907,125.89850007281198,26.180432029001416,0.8700014911055124,Fixation
1,right,201,saccade,115,1657711700197512.0,194.22814881219185,126.36650231585237,25.19169989006415,0.7886021740441377,Fixation
1,right,201,saccade,118,1657711700317512.0,193.91987740805604,126.00525394045535,25.871879195341474,0.616115650475853,Fixation
1,right,201,saccade,121,1657711700437512.0,194.34399629114512,126.27460979755833,24.54169296386266,1.9547913523498497,Fixation
1,right,201,saccade,124,1657711700557512.0,194.2994708994709,125.72955404383974,25.812594914321394,4.061983379815413,Fixation
1,right,201,saccade,127,1657711700677512.0,194.56717081850533,125.32562277580071,26.017177567870622,2.234900246561252,Fixation
1,right,201,saccade,130,1657711700797513.0,194.67731629392972,125.3488513616309,24.817957739749634,1.0861319994774126,Fixation
1,right,201,saccade,133,1657711700917513.0,194.47959651535993,125.5711447348311,25.39231363070698,0.4541310833345238,Fixation
1,right,201,saccade,136,1657711701037513.0,194.61053888640095,125.43499029705926,26.773690296816284,0.8575351833076019,Fixation
1,right,201,saccade,139,1657711701157513.0,194.65170746449076,125.45829555757027,25.29146479057664,1.6570256665372451,Fixation
1,right,201,saccade,142,1657711701277513.0,194.5407474110761,125.82650457751761,26.09405742630944,1.2908414134427169,Fixation
1,right,201,saccade,145,1657711701397513.0,194.37915936952714,125.31100408639813,26.320406876741128,2.64162322796308,Fixation
1,right,201,saccade,148,1657711701517513.0,194.1616072737938,125.31837512831792,25.906412241401146,2.1211465167399366,Fixation
1,right,201,saccade,151,1657711701637513.0,193.9434618291761,125.57430083144368,25.365427631457074,1.1673309961229281,Fixation
1,right,201,saccade,154,1657711701757513.0,193.9063063063063,125.20300300300299,25.8490872418607,1.3973435828858292,Fixation
1,right,201,saccade,157,1657711701877513.0,193.6270580925753,125.68546132339236,25.0024810104599,1.4550648518601856,Fixation
1,right,201,saccade,160,1657711701997513.0,193.67198817442718,125.46193643754617,26.69553298397241,1.4400332848165696,Fixation
1,right,201,saccade,163,1657711702117514.0,193.6195923155888,125.33993254142834,27.015806037776315,1.951495484260759,Fixation
1,right,201,saccade,166,1657711702237514.0,193.56961451247165,125.91897203325775,25.05620907827848,2.2877938668219615,Fixation
1,right,201,saccade,169,1657711702357514.0,193.4758088453547,125.8698426832888,25.982464996585094,3.7492275689769565,Fixation
1,right,201,saccade,172,1657711702477514.0,192.73581560283688,125.58067375886525,26.15618297062514,2.573301137606217,Fixation
1,right,201,saccade,175,1657711702597514.0,192.88057742782152,125.70516185476815,26.67964595407234,2.7892697325801175,Fixation
1,right,201,saccade,178,1657711702717514.0,193.12031558185404,126.12866029434075,25.356565767923637,2.3437681191734745,Fixation
1,right,201,saccade,181,1657711702837514.0,193.07634164777022,126.23250188964472,25.056209210543663,0.12387175330853066,Fixation
1,right,201,saccade,184,1657711702957514.0,193.13342318059298,126.10197663971249,25.196673105237572,156.91705517467972,Fixation
1,right,201,saccade,187,1657711703077514.0,227.14201954397393,142.28903365906623,21.951918124515007,196.04244015703821,Fixation
1,right,201,saccade,190,1657711703197514.0,232.46855733662144,151.91800246609125,20.174598977464143,940.7460278422287,Saccade
1,right,201,saccade,193,1657711703317515.0,19.374432742529322,53.91917116191454,17.023270543482287,23.76185783700466,Fixation
1,right,201,saccade,196,1657711703437515.0,233.04733199374857,157.5914266577361,18.61010760144661,989.4838387374922,Saccade
1,right,201,saccade,199,1657711703557515.0,233.31451612903226,156.99462365591398,18.70294680031562,5.778228440329067,Fixation
1,right,201,saccade,202,1657711703677515.0,233.61935763888889,156.328125,18.9601364448711,5.711558847496195,Fixation
1,right,201,saccade,205,1657711703797515.0,234.1235253296322,155.88804071246818,19.028749098063358,3.561328168529823,Fixation
1,right,201,saccade,208,1657711703917515.0,234.10102564102561,155.62205128205127,17.873352449461365,2.2478817659926786,Fixation
1,right,201,saccade,211,1657711704037515.0,234.15113547376663,155.3492560689115,17.213783229483713,0.5529704919823921,Fixation
1,right,201,saccade,214,1657711704157515.0,234.1440743609605,155.49651432997678,17.49763476802179,1.9511272547904073,Fixation
1,right,201,saccade,217,1657711704277515.0,234.17823026646553,155.81674208144796,17.74842435601239,1.1854747223117303,Fixation
1,right,201,saccade,220,1657711704397515.0,233.92518518518517,155.67827160493826,16.631026646887555,2.264268466169802,Fixation
1,right,201,saccade,223,1657711704517516.0,234.04373522458627,156.34326241134752,16.91075540601175,991.0707834903587,Saccade
1,right,201,saccade,226,1657711704637516.0,18.86073950204385,54.07264957264957,15.688001866470945,998.4804874602003,Saccade
1,right,201,saccade,229,1657711704757516.0,17.874225721784775,52.922624671916005,16.28093746906758,8.938036990233806,Fixation
1,right,201,saccade,232,1657711704877516.0,19.404163052905464,51.99749445889948,14.92037175000491,3.253217644422303,Fixation
1,right,201,saccade,235,1657711704997516.0,18.393125889770186,52.339231238560096,15.778561918341708,3.553467132915862,Fixation
1,right,201,saccade,238,1657711705117516.0,19.79630655586334,51.24016620498615,15.230517241393196,4.582636031448668,Fixation
1,right,201,saccade,241,1657711705237516.0,18.966518078256563,51.40069341258048,15.554603043533005,4.089811175148877,Fixation
1,right,201,saccade,244,1657711705357516.0,20.525182416800142,50.58275493860118,15.785767868112307,7.276283849023236,Fixation
1,right,201,saccade,247,1657711705477516.0,20.476024955436717,50.52263814616756,15.74785680562735,3.1828372928180566,Fixation
1,right,201,saccade,250,1657711705597516.0,19.95015220700152,50.07990867579909,14.28105197210238,1.9633975098056817,Fixation
1,right,201,saccade,253,1657711705717516.0,20.495040736804818,50.05180658873539,15.410537561880462,1.9441923092283577,Fixation
1,right,201,saccade,256,1657711705837517.0,19.821581501570083,49.63136359311066,14.079459603446809,2.1517631159667894,Fixation
1,right,201,saccade,259,1657711705957517.0,19.996856218215438,49.91576514100785,14.834444082692247,708.4836048080584,Saccade
1,right,201,saccade,262,1657711706077517.0,174.51243781094527,120.22174840085287,17.72630639183227,661.5555638732847,Saccade
1,right,201,saccade,265,1657711706197517.0,152.70261799410028,137.0831489675516,24.155355181846662,118.71556268093381,Fixation
1,right,201,saccade,268,1657711706317517.0,153.93534002229654,139.92865105908584,22.650943327549513,65.23118850841846,Fixation
1,right,201,saccade,271,1657711706437517.0,152.15694744420443,152.72912167026638,21.30795431979151,48.00935310986115,Fixation
1,right,201,saccade,274,1657711706557517.0,151.7309970384995,151.23807173412305,26.110024301918006,8.058030514638634,Fixation
1,right,201,saccade,277,1657711706677517.0,151.55638512988023,150.8908072795147,27.26062679566237,3.3153340781289082,Fixation
1,right,201,saccade,280,1657711706797517.0,151.10378395352487,150.74846914743287,25.72280868381448,3.255561726907813,Fixation
1,right,201,saccade,283,1657711706917517.0,150.964624537707,150.38060781476122,26.277195840226106,4.6973472383320205,Fixation
1,right,201,saccade,286,1657711707037518.0,150.01640453238625,150.45087096228647,25.151945326536616,4.563431263928109,Fixation
1,right,201,saccade,289,1657711707157518.0,149.8745,150.275,26.304103405834585,2.390910082213505,Fixation
1,right,201,saccade,292,1657711707277518.0,149.8376612771517,149.9056018291687,26.153970717604803,1.956823895173778,Fixation
1,right,201,saccade,295,1657711707397518.0,149.8055290753098,149.81045440101684,26.651493324563152,1.2599241162218153,Fixation
1,right,201,saccade,298,1657711707517518.0,149.7406545680161,149.6192027299519,26.5339291311293,28.96622344521584,Fixation
1,right,201,saccade,301,1657711707637518.0,155.70185824699882,146.1277750370005,24.30678774875171,265.0885051045445,Fixation
1,right,201,saccade,304,1657711707757518.0,209.26331967213116,127.15334699453551,24.692657374166302,238.96607858426265,Fixation
1,right,201,saccade,307,1657711707877518.0,209.60174520069808,126.53089005235601,24.221101734245977,201.61199253737058,Fixation
1,right,201,saccade,310,1657711707997518.0,162.50422255340288,114.7083954297069,17.646389875868522,209.9574615479344,Fixation
1,right,201,saccade,313,1657711708117518.0,160.55937873357226,114.95603345280765,21.468002618539927,57.09002219247094,Fixation
1,right,201,saccade,316,1657711708237518.0,149.26552351260068,118.23980254611587,20.972151680232148,48.547221489931175,Fixation
1,right,201,saccade,319,1657711708357519.0,149.18536454129674,117.48318536454128,20.241068833690708,5.860451282976841,Fixation
1,right,201,saccade,322,1657711708477519.0,149.0901333333333,116.84426666666666,20.40986359292686,2.8516153414181318,Fixation
1,right,201,saccade,325,1657711708597519.0,149.1730319563523,116.79890880748246,20.48284701877183,1.0781247729790837,Fixation
1,right,201,saccade,328,1657711708717519.0,149.2249799839872,116.62343207899653,20.63107227629827,2.023845697973476,Fixation
1,right,201,saccade,331,1657711708837519.0,149.2212927756654,116.31558935361217,20.56567831475013,15.989827717735754,Fixation
1,right,201,saccade,334,1657711708957519.0,153.05469327420548,116.37817196353781,19.43277119733985,191.15706499924278,Fixation
1,right,201,saccade,337,1657711709077519.0,194.03286384976525,126.14849591375412,23.3675527825923,629.0345733261684,Saccade
1,right,201,saccade,340,1657711709197519.0,19.27567925778661,46.416737669222755,15.681670254869903,8.646561797241139,Fixation
1,right,201,saccade,343,1657711709317519.0,194.9130060292851,128.02777777777777,19.182759020526383,808.3571615949469,Saccade
1,right,201,saccade,346,1657711709437519.0,195.41088995653166,127.74696865705786,18.9515822382541,2.2112857998965327,Fixation
1,right,201,saccade,349,1657711709557520.0,195.42747559274756,127.89748953974896,18.583503455604536,2.17661402997743,Fixation
1,right,201,saccade,352,1657711709677520.0,195.91632653061225,127.61496598639455,19.404375221123004,3.4185614302666427,Fixation
1,right,201,saccade,355,1657711709797520.0,195.87868324125228,127.21224677716388,19.656448645015733,2.5122783987742303,Fixation
1,right,201,saccade,358,1657711709917520.0,195.7147988505747,127.04669540229885,19.503342383686444,1.2733875209220529,Fixation
1,right,201,saccade,361,1657711710037520.0,195.7121212121212,126.95601173020528,18.516805863912584,1.1122365658791649,Fixation
1,right,201,saccade,364,1657711710157520.0,195.75970113280306,126.78356230416968,19.108128911979872,0.8784230539435715,Fixation
1,right,201,saccade,367,1657711710277520.0,195.7436647173489,126.7475633528265,19.001126051855778,0.40707684847260855,Fixation
1,right,201,saccade,370,1657711710397520.0,195.70833333333331,126.86666666666666,18.834693424726034,73.87160825296829,Fixation
1,right,201,saccade,373,1657711710517520.0,178.06650704974726,128.1048151104017,18.446995849208854,189.16802035586127,Fixation
1,right,201,saccade,376,1657711710637520.0,151.09151138716354,135.2648033126294,24.56896221413553,114.61168850934786,Fixation
1,right,201,saccade,379,1657711710757521.0,151.3749747321609,134.75257731958763,23.43616867062999,11.76797499766552,Fixation
1,right,201,saccade,382,1657711710877521.0,148.27295008912654,135.08444741532975,23.730150175893243,13.123567792554528,Fixation
1,right,201,saccade,385,1657711710997521.0,148.22534889041407,134.7387325554793,23.440946334971652,2.4264050180513195,Fixation
1,right,201,saccade,388,1657711711117521.0,148.06145906638517,134.54187192118226,23.101783997261137,1.7272393952673966,Fixation
1,right,201,saccade,391,1657711711237521.0,148.0257801899593,134.37539574853005,23.582525880032147,2.0179547638331687,Fixation
1,right,201,saccade,394,1657711711357521.0,147.79070265638387,134.14031705227077,24.231792712189883,2.1381948400624213,Fixation
1,right,201,saccade,397,1657711711477521.0,147.6623774509804,134.01307189542482,24.32284003742871,0.22179214462001443,Fixation
1,right,201,saccade,400,1657711711597521.0,147.73874407582937,134.1287519747235,25.04776105518652,1.419979485270587,Fixation
1,right,201,saccade,403,1657711711717521.0,147.7364433811802,133.6804226475279,24.692476838099058,1.9104627514949395,Fixation
1,right,201,saccade,406,1657711711837521.0,147.47633618931047,133.75275397796818,24.739674279258118,0.8128967117613981,Fixation
1,right,201,saccade,409,1657711711957521.0,147.5466025255562,133.725395870916,24.386557082168803,50.37546606616199,Fixation
1,right,201,saccade,412,1657711712077522.0,152.806112123052,144.6047358834244,21.816946683204893,71.01744888277435,Fixation
1,right,201,saccade,415,1657711712197522.0,156.23417508417506,148.38939393939393,24.6233872416914,18.342570360322306,Fixation
1,right,201,saccade,418,1657711712317522.0,155.59050996285038,148.01452212090507,24.83685543357351,702.1211456806675,Saccade
1,right,201,saccade,421,1657711712437522.0,20.31332826876002,48.78602177766523,17.391902553480286,14.746612879604948,Fixation
1,right,201,saccade,424,1657711712557522.0,156.10363366703743,151.51631442343344,21.59038647361262,708.2346101886873,Saccade
1,right,201,saccade,427,1657711712677522.0,156.05278255880665,151.09313444253203,22.51141844739917,3.985696092502232,Fixation
1,right,201,saccade,430,1657711712797522.0,155.5968144310113,150.70504701592785,22.708146391979593,4.160666336113767,Fixation
1,right,201,saccade,433,1657711712917522.0,155.35805573014875,150.37586423632936,21.011080941493788,2.4591495810700508,Fixation
1,right,201,saccade,436,1657711713037522.0,155.0809866841301,150.41824929054792,20.631911728828456,709.6095373186614,Saccade
1,right,201,saccade,439,1657711713157522.0,18.791448784989235,48.62227007074746,18.101852183868615,0.9082407359614689,Fixation
1,right,201,saccade,442,1657711713277523.0,155.27121396670725,150.31181485992693,21.07790775698965,709.0195180775081,Saccade
1,right,201,saccade,445,1657711713397523.0,155.21978468413567,150.32561446272598,20.56457093006191,710.1283495759689,Saccade
1,right,201,saccade,448,1657711713517523.0,18.26716563618614,48.93849658314351,16.89720252699349,97.02917129592599,Fixation
1,right,201,saccade,451,1657711713637523.0,160.470955165692,127.63840155945418,23.99421366596765,678.6350098823187,Saccade
1,right,201,saccade,454,1657711713757523.0,162.72028385570667,124.17622708456534,25.767488149077465,18.30663473769575,Fixation
1,right,201,saccade,457,1657711713877523.0,162.9501415197039,124.0111038536904,23.913521430782815,0.32470377418627666,Fixation
1,right,201,saccade,460,1657711713997523.0,162.73072092439085,124.25345390605374,20.5687286826302,1.411010858333576,Fixation
1,right,201,saccade,463,1657711714117523.0,162.70090233545645,123.78184713375796,20.616700168445877,2.2402432683273084,Fixation
1,right,201,saccade,466,1657711714237523.0,162.9991423670669,123.78759291023441,18.007527992388713,2.182741901320862,Fixation
1,right,201,saccade,469,1657711714357523.0,162.87930587930586,123.28930328930328,19.645762369107324,2.8669092683109767,Fixation
1,right,201,saccade,472,1657711714477523.0,163.126100404473,123.11134903640257,22.83360464433964,3.7896346478292577,Fixation
1,right,201,saccade,475,1657711714597524.0,163.44609498086876,122.57798784604996,23.483504971920173,3.217489603554986,Fixation
1,right,201,saccade,478,1657711714717524.0,163.39134375708133,122.38613188307274,23.779615224049284,1.0984331935666918,Fixation
1,right,201,saccade,481,1657711714837524.0,163.28193041526373,122.37171717171717,23.578708406435343,28.545928993437578,Fixation
1,right,201,saccade,484,1657711714957524.0,170.20427350427352,121.66467236467236,16.30508260014349,206.4164476001087,Fixation
1,right,201,saccade,487,1657711715077524.0,212.47573656845753,116.52570768341998,20.027691199255703,185.08763010128322,Fixation
1,right,201,saccade,490,1657711715197524.0,214.1856612396458,115.4304484433019,20.261491080938697,13.713630175024711,Fixation
1,right,201,saccade,493,1657711715317524.0,214.90761421319797,114.30795262267343,17.66208363431344,856.7775062629655,Saccade
1,right,201,saccade,496,1657711715437524.0,19.642512077294686,48.83268301746563,15.990296576388545,856.159625686954,Saccade
1,right,201,saccade,499,1657711715557524.0,20.18439716312057,48.70151475352421,16.616585880882944,1.7375528293091076,Fixation
1,right,201,saccade,502,1657711715677524.0,20.040369088811993,48.70774554165558,16.245787960562897,1.7423416264935254,Fixation
1,right,201,saccade,505,1657711715797525.0,19.777064732142858,48.60695684523809,16.117740799224574,0.7646858288440574,Fixation
1,right,201,saccade,508,1657711715917525.0,19.871600936430756,48.77984873041599,16.37709096818076,1.2991042004435764,Fixation
1,right,201,saccade,511,1657711716037525.0,20.063373386737872,48.73039608366711,16.212321740570747,2.608769703583731,Fixation
1,right,201,saccade,514,1657711716157525.0,19.900088417329794,49.4053050397878,16.14767269344504,0.6818322466427006,Fixation
1,right,201,saccade,517,1657711716277525.0,19.907638311628332,48.78064099011729,15.43916483645387,1.2909472025239004,Fixation
1,right,201,saccade,520,1657711716397525.0,20.072210451977398,49.14768714689265,16.49104261972302,1.1462347274952478,Fixation
1,right,201,saccade,523,1657711716517525.0,19.651110486364914,48.68128572767313,15.454712753034412,686.4683988965254,Saccade
1,right,201,saccade,526,1657711716637525.0,173.0466013653903,110.32116355001483,18.073029404034305,666.3698793353823,Saccade
1,right,201,saccade,529,1657711716757525.0,167.34954128440367,110.01957186544342,17.195414774760994,23.289436073108245,Fixation
1,right,201,saccade,532,1657711716877525.0,167.49169986719787,109.70053120849933,16.845878272631868,12.602417000460372,Fixation
1,right,201,saccade,535,1657711716997526.0,164.3347022587269,109.77686516084873,16.391659510994426,668.0439818446822,Saccade
1,right,201,saccade,538,1657711717117526.0,19.498993963782695,48.02184535786145,14.65275192400782,652.7707680987519,Saccade
1,right,201,saccade,541,1657711717237526.0,20.301162689046244,48.14686598478888,16.39318768969401,655.4156182860163,Saccade
1,right,201,saccade,544,1657711717357526.0,164.56559571619812,108.84036144578313,15.82495072558512,651.6760977869538,Saccade
1,right,201,saccade,547,1657711717477526.0,164.4757807520714,108.77151051625239,16.32874424901008,1.6182524595845913,Fixation
1,right,201,saccade,550,1657711717597526.0,164.20982142857142,108.99613095238094,17.783385526493642,1.5041293524626684,Fixation
1,right,201,saccade,553,1657711717717526.0,164.25690376569037,109.05857740585775,18.721445217812526,1.659970532716237,Fixation
1,right,201,saccade,556,1657711717837526.0,164.59177927927928,108.88288288288288,17.535666832276487,0.9596270502546785,Fixation
1,right,201,saccade,559,1657711717957526.0,164.4796296296296,109.11719576719575,19.250878440378198,654.3589358386683,Saccade
1,right,201,saccade,562,1657711718077526.0,19.875322997416017,47.88584348468069,15.678254946488552,315.9643191681473,Fixation
1,right,201,saccade,565,1657711718197526.0,230.15666666666664,147.02410256410255,21.495950096110192,4.13365856336598,Fixation
1,right,201,saccade,568,1657711718317527.0,18.912553037358997,48.12521991100072,16.11914278458783,7.042441845613005,Fixation
1,right,201,saccade,571,1657711718437527.0,230.93856655290102,148.52256351915054,15.89230177542998,8.700477756335006,Fixation
1,right,201,saccade,574,1657711718557527.0,20.36232255857705,49.628014366341716,16.451351408159052,974.2407245795806,Saccade
1,right,201,saccade,577,1657711718677527.0,19.199113737075333,49.34012801575578,15.131715406542455,959.9118009433265,Saccade
1,right,201,saccade,580,1657711718797527.0,229.44678089304256,146.3652647975078,20.749569005771097,966.3852735179753,Saccade
1,right,201,saccade,583,1657711718917527.0,229.90726429675425,146.26661514683153,20.171340367453798,4.515874091121461,Fixation
1,right,201,saccade,586,1657711719037527.0,229.81768388106417,145.3468961919666,20.952598761642953,965.6695111994017,Saccade
1,right,201,saccade,589,1657711719157527.0,19.359692636903024,49.40210096294135,15.352185441112516,4.404027788909267,Fixation
1,right,201,saccade,592,1657711719277527.0,230.06551932367148,146.37439613526567,18.278121323602843,963.4013598784943,Saccade
1,right,201,saccade,595,1657711719397527.0,229.60351175304444,145.62333616539223,19.87334086984277,46.28837340489293,Fixation
1,right,201,saccade,598,1657711719517528.0,224.17394636015325,136.95606641123882,20.19475424625718,,Fixation
1,right,202,smooth,1,1657711970477729.0,194.89885595423814,129.61284451378054,20.08344706288913,,Smooth
1,right,202,smooth,4,1657711970597729.0,194.63178873941203,129.7877428998505,20.451479910302815,1.3406763898477998,Smooth
1,right,202,smooth,7,1657711970717729.0,194.59801935629076,129.7269862705379,21.30822678961011,0.22942298571167213,Smooth
1,right,202,smooth,10,1657711970837729.0,194.64075456053067,129.73341625207297,23.002830483328154,1.6996119208329628,Smooth
1,right,202,smooth,13,1657711970957729.0,194.195211786372,129.7912829957029,21.76831201194959,2.7163577546196898,Smooth
1,right,202,smooth,16,1657711971077729.0,194.2367952522255,130.24510385756676,22.576334453148505,1.442546846070254,Smooth
1,right,202,smooth,19,1657711971197729.0,194.0901722391084,130.12117527862208,22.409179729174305,0.9987771541023144,Smooth
1,right,202,smooth,22,1657711971317729.0,194.45333333333332,130.34791666666666,21.586959344239517,1.2098474219779032,Smooth
1,right,202,smooth,25,1657711971437729.0,194.37742279020233,130.1635782747604,19.693401619081335,789.6480587817374,Saccade
1,right,202,smooth,28,1657711971557729.0,19.135295706184174,58.37762174813214,17.956095200340723,800.4288423044667,Saccade
1,right,202,smooth,31,1657711971677730.0,16.839102081765738,56.787935791321786,16.61985476463636,786.8305564466336,Saccade
1,right,202,smooth,34,1657711971797730.0,193.97455896007426,129.73463324048282,20.40860802184192,797.8063912032832,Saccade
1,right,202,smooth,37,1657711971917730.0,193.84883507613281,129.79251513483766,21.055207648758046,2.6894179192669183,Smooth
1,right,202,smooth,40,1657711972037730.0,194.45372418879055,129.30217551622417,22.916604627666523,3.9639230574582083,Smooth
1,right,202,smooth,43,1657711972157730.0,194.72379752152906,129.41902961562698,21.673834733653035,3.2939393977735043,Smooth
1,right,202,smooth,46,1657711972277730.0,195.15922107674683,129.65887743413515,21.53241965639354,1.7658587620088135,Smooth
1,right,202,smooth,49,1657711972397730.0,195.1385281385281,129.5062656641604,20.920940725992484,1.8849619193240825,Smooth
1,right,202,smooth,52,1657711972517730.0,194.74333983105913,129.4808317089019,21.76614110051613,2.7447220660619602,Smooth
1,right,202,smooth,55,1657711972637730.0,194.47979487179484,129.50646153846154,21.68818335107237,0.09523016454098227,Smooth
1,right,202,smooth,58,1657711972757730.0,194.72205438066464,129.4725075528701,21.241587061094645,2.0263215736867477,Smooth
1,right,202,smooth,61,1657711972877731.0,194.2798377752028,129.06315179606025,22.09332678699293,1.2435287971753348,Smooth
1,right,202,smooth,64,1657711972997731.0,194.45349745994528,129.34232121922625,21.710432342994466,2.6615066375349006,Smooth
1,right,202,smooth,67,1657711973117731.0,194.1996303142329,129.69685767097965,20.62850442927404,2.0812235724993613,Smooth
1,right,202,smooth,70,1657711973237731.0,194.91009055627427,129.54484691677445,20.626549761239804,3.56191955851459,Smooth
1,right,202,smooth,73,1657711973357731.0,195.05442176870747,129.6859776168532,20.295840016700268,1.1252794006775688,Smooth
1,right,202,smooth,76,1657711973477731.0,194.6785185185185,129.68380952380951,21.428472120715785,3.3771282610417765,Smooth
1,right,202,smooth,79,1657711973597731.0,194.24426699426698,129.66195741195742,20.520809683026503,3.201152311892088,Smooth
1,right,202,smooth,82,1657711973717731.0,193.9132791327913,129.61556329849012,20.619978108862526,1.848286728065704,Smooth
1,right,202,smooth,85,1657711973837731.0,193.80077050082554,129.6529077233535,21.563162453239563,0.7240487524151891,Smooth
1,right,202,smooth,88,1657711973957731.0,193.7679136422855,129.7107761027359,21.786377407024027,0.8083367033665181,Smooth
1,right,202,smooth,91,1657711974077732.0,193.994708994709,129.64795918367346,21.096314556903653,1.8849482713462287,Smooth
1,right,202,smooth,94,1657711974197732.0,194.14294015107495,129.96378074762734,20.682829040030057,0.7712569212366035,Smooth
1,right,202,smooth,97,1657711974317732.0,194.1109259259259,129.5038888888889,22.893185033930397,2.593564286533678,Smooth
1,right,202,smooth,100,1657711974437732.0,194.0141762452107,129.35478927203064,20.944131330342696,0.1980305440110929,Smooth
1,right,202,smooth,103,1657711974557732.0,194.13618233618234,129.4636277302944,20.46895840229307,0.7341151896441743,Smooth
1,right,202,smooth,106,1657711974677732.0,193.997400185701,129.5301764159703,21.172724340010905,0.6788858369788863,Smooth
1,right,202,smooth,109,1657711974797732.0,193.99477759769493,129.54457050243113,22.588258762927847,0.6636194352550434,Smooth
1,right,202,smooth,112,1657711974917732.0,193.86243093922653,129.6147329650092,20.966605848463967,0.5716474936442796,Smooth
1,right,202,smooth,115,1657711975037732.0,194.12059843094326,129.48987411056376,20.689505032435488,0.47184067845817196,Smooth
1,right,202,smooth,118,1657711975157732.0,193.8745539906103,129.72732394366196,20.438981353558166,0.4370536657686436,Smooth
1,right,202,smooth,121,1657711975277732.0,194.01621017328117,129.47959754052545,21.462911523430613,2.131869081136085,Smooth
1,right,202,smooth,124,1657711975397733.0,194.1887410834779,129.32350106034315,20.943111893515898,1.4392966719357774,Smooth
1,right,202,smooth,127,1657711975517733.0,194.29426198565494,129.27463193657985,22.12272814675282,1.253961594788175,Smooth
1,right,202,smooth,130,1657711975637733.0,193.89492963177173,129.38866396761134,21.6382864910596,1.2322984222691633,Smooth
1,right,202,smooth,133,1657711975757733.0,193.99923634975178,129.29534173348605,21.455807770883226,0.6176689723443646,Smooth
1,right,202,smooth,136,1657711975877733.0,194.03572121918074,129.34226363812851,21.00633722736533,1.9218978056783518,Smooth
1,right,202,smooth,139,1657711975997733.0,194.43582537005807,129.14652426456811,22.278807881594773,0.6467135251848991,Smooth
1,right,202,smooth,142,1657711976117733.0,193.8994252873563,129.26800766283523,21.635976710893086,2.0632138296657914,Smooth
1,right,202,smooth,145,1657711976237733.0,193.96649533599847,129.3043974871502,21.34410468355207,1.2653626697998777,Smooth
1,right,202,smooth,148,1657711976357733.0,194.20126488095235,129.23456101190476,23.05341754291447,0.291948874469501,Smooth
1,right,202,smooth,151,1657711976477733.0,193.9358606165039,129.36741336396707,21.161521045503452,1.4340489320693668,Smooth
1,right,202,smooth,154,1657711976597734.0,193.9118095238095,129.4207619047619,21.12494331312401,1.405207366801547,Smooth
1,right,202,smooth,157,1657711976717734.0,194.14055132390277,129.0993833877403,22.437630022551804,2.7674111879292034,Smooth
1,right,202,smooth,160,1657711976837734.0,194.38975741239892,128.95956873315365,21.83622617148373,1.6576539468868468,Smooth
1,right,202,smooth,163,1657711976957734.0,194.46481178396073,128.86888525186396,21.448919023457197,1.1500611220941082,Smooth
1,right,202,smooth,166,1657711977077734.0,194.56058214974573,128.7427669647554,22.361936135294737,0.4137436451179621,Smooth
1,right,202,smooth,169,1657711977197734.0,194.38758029978587,128.93129907209135,20.930198123327436,0.7923793748788571,Smooth
1,right,202,smooth,172,1657711977317734.0,194.75057777777778,128.75093333333334,21.78806250012479,2.7611481130481543,Smooth
1,right,202,smooth,175,1657711977437734.0,194.59489116747616,129.56071235833784,21.520351459047074,3.500081702715531,Smooth
1,right,202,smooth,178,1657711977557734.0,194.37526205450735,129.50244584206848,21.998034349542397,2.8767387486625435,Smooth
1,right,202,smooth,181,1657711977677734.0,193.93196544276458,129.75359971202303,20.4028234359038,2.6091794464225155,Smooth
1,right,202,smooth,184,1657711977797734.0,193.8850210970464,129.8920534458509,20.15223520099417,787.5839394191598,Saccade
1,right,202,smooth,187,1657711977917735.0,18.85839667028592,58.49239956568947,18.453427367963364,209.91628880834895,Smooth
1,right,202,smooth,190,1657711978037735.0,235.61607565011818,158.1174940898345,19.0531222729356,991.4356762714468,Saccade
1,right,202,smooth,193,1657711978157735.0,234.83183376178235,158.35775492716365,21.13187577490172,3.2891064304364437,Smooth
1,right,202,smooth,196,1657711978277735.0,234.82942097026603,158.18309859154928,19.618807853571756,6.588776662196314,Smooth
1,right,202,smooth,199,1657711978397735.0,235.2349025202092,159.886828340466,19.713884626052323,6.78763412852394,Smooth
1,right,202,smooth,202,1657711978517735.0,235.44901656314698,159.68969979296065,18.01539655129063,1.5916374661390553,Smooth
1,right,202,smooth,205,1657711978637735.0,235.53215906058176,159.6469175340272,18.06793130792061,1.0569443271155357,Smooth
1,right,202,smooth,208,1657711978757735.0,235.6990341947272,159.64682850430697,18.678892345843284,0.987926663203249,Smooth
1,right,202,smooth,211,1657711978877735.0,235.76134277471803,159.5861526357199,18.13719424085928,0.9301368146974085,Smooth
1,right,202,smooth,214,1657711978997735.0,235.47677075399847,159.6260472201066,18.34064770173799,2.480932494480704,Smooth
1,right,202,smooth,217,1657711979117736.0,235.9535519125683,159.02260307998012,19.160145530978657,6.295460791646337,Smooth
1,right,202,smooth,220,1657711979237736.0,235.79361544172235,158.14872556297945,19.057633609345324,3.152731559372218,Smooth
1,right,202,smooth,223,1657711979357736.0,235.9286450283359,158.26635754765584,17.749756819309532,2.739634613197002,Smooth
1,right,202,smooth,226,1657711979477736.0,235.26076076076075,157.76351351351352,17.981094215747678,74.85042270684205,Smooth
1,right,202,smooth,229,1657711979597736.0,229.89218996173756,141.34683772225972,21.308226836212945,108.51673397271692,Smooth
1,right,202,smooth,232,1657711979717736.0,230.88307604345337,132.090051457976,16.861213539327622,951.8526679603256,Saccade
1,right,202,smooth,235,1657711979837736.0,17.91541768328105,56.18345532705936,14.459569978609636,939.3350781569394,Saccade
1,right,202,smooth,238,1657711979957736.0,18.43797709923664,56.654898218829516,15.909024755786353,2.5289540745471464,Smooth
1,right,202,smooth,241,1657711980077736.0,18.51636056575892,56.26862993455773,15.896480573929674,7.006696386797638,Smooth
1,right,202,smooth,244,1657711980197736.0,19.451631872978535,55.313143193178476,15.916369804416263,5.579134157689728,Smooth
1,right,202,smooth,247,1657711980317737.0,18.823504544493762,54.965335024307755,15.700666008764355,6.00470569217642,Smooth
1,right,202,smooth,250,1657711980437737.0,20.16247712607146,54.059520369835305,15.95356263444066,4.155864931453699,Smooth
1,right,202,smooth,253,1657711980557737.0,19.52909255351221,54.260375841623954,15.484169105579275,3.4093608412587573,Smooth
1,right,202,smooth,256,1657711980677737.0,20.715535697663594,53.456483291445586,15.507176873300883,779.6082727215097,Saccade
1,right,202,smooth,259,1657711980797737.0,198.46821844225605,108.9361384661295,17.205419342948332,770.3057520147136,Saccade
1,right,202,smooth,262,1657711980917737.0,197.05023696682466,108.99241706161138,15.950265218021332,227.67867141623975,Smooth
1,right,202,smooth,265,1657711981037737.0,154.75212314225053,141.7194798301486,18.30520113389068,250.4245083209298,Smooth
1,right,202,smooth,268,1657711981157737.0,154.77417261518494,151.71209171533636,22.759206362223058,48.24470488782655,Smooth
1,right,202,smooth,271,1657711981277737.0,152.48643049513154,153.07437331675987,23.916120666659047,14.057178976377868,Smooth
1,right,202,smooth,274,1657711981397737.0,152.07647170168462,153.73802763581295,24.263366467023953,2.843031894210386,Smooth
1,right,202,smooth,277,1657711981517737.0,151.98900124179528,153.54142274259357,25.48797906377126,1.4550744065609258,Smooth
1,right,202,smooth,280,1657711981637738.0,151.77199312714774,153.56701030927834,25.61533597686371,3.360200257147933,Smooth
1,right,202,smooth,283,1657711981757738.0,151.18261648745516,153.55179211469533,26.074646670119247,1.8329634015468286,Smooth
1,right,202,smooth,286,1657711981877738.0,151.44944231120863,153.26787346864143,25.555949613414185,1.6670243580406772,Smooth
1,right,202,smooth,289,1657711981997738.0,151.29890801406626,153.1689801961873,25.09473358693345,0.9489238324050671,Smooth
1,right,202,smooth,292,1657711982117738.0,151.32367149758454,153.07801037752728,25.516700176855444,1.1919998649206096,Smooth
1,right,202,smooth,295,1657711982237738.0,151.2642688280986,152.88500506585612,26.291670597532868,2.5806051101706236,Smooth
1,right,202,smooth,298,1657711982357738.0,151.19351119894597,152.47249670619235,26.92914688769169,261.7071841574864,Smooth
1,right,202,smooth,301,1657711982477738.0,211.16054959533218,133.97741389045737,22.61176443522409,273.5818493285211,Smooth
1,right,202,smooth,304,1657711982597738.0,214.21704208136893,134.05447878470403,26.621756134553674,98.35254320255083,Smooth
1,right,202,smooth,307,1657711982717738.0,232.10019841269838,144.87276785714286,21.351689649150472,179.43422176549586,Smooth
1,right,202,smooth,310,1657711982837739.0,175.41802492809205,115.36816874400768,14.953050964901195,344.1054023227745,Smooth
1,right,202,smooth,313,1657711982957739.0,153.85157421289355,118.46176911544228,19.539548309283674,91.95162719656057,Smooth
1,right,202,smooth,316,1657711983077739.0,153.6346306592534,118.90336245697642,19.136451019464683,19.08088469382376,Smooth
1,right,202,smooth,319,1657711983197739.0,150.45259686727124,121.5306402857928,20.085432797884426,15.934315554855957,Smooth
1,right,202,smooth,322,1657711983317739.0,150.28807947019868,120.75413907284768,20.205509569883134,4.472163785295547,Smooth
1,right,202,smooth,325,1657711983437739.0,150.1068211068211,120.5145431145431,20.430435002972008,1.2486148945338524,Smooth
1,right,202,smooth,328,1657711983557739.0,150.21622900402176,120.46321268038797,21.93672837933185,0.9799184629349662,Smooth
1,right,202,smooth,331,1657711983677739.0,150.20509353166554,120.30087897227857,22.353163207930244,30.076833647302326,Smooth
1,right,202,smooth,334,1657711983797739.0,157.4323877068558,120.64468085106382,17.456386455768865,196.989678971297,Smooth
1,right,202,smooth,337,1657711983917739.0,195.39469409853817,134.19563255730012,22.5663059210234,641.7798160460329,Saccade
1,right,202,smooth,340,1657711984037739.0,20.706475057813016,49.71944169144367,15.720072187378614,15.426176613440537,Smooth
1,right,202,smooth,343,1657711984157740.0,195.66600877192982,130.50328947368422,19.988346976468893,804.1007578566198,Saccade
1,right,202,smooth,346,1657711984277740.0,196.0204220558203,130.39301111867482,19.186194434317905,3.3474016126487784,Smooth
1,right,202,smooth,349,1657711984397740.0,196.22745625841185,129.92866756393002,20.435272222133577,3.4026984346779074,Smooth
1,right,202,smooth,352,1657711984517740.0,196.82351440958936,130.24483550114766,18.619242406969953,2.655836764966222,Smooth
1,right,202,smooth,355,1657711984637740.0,196.85725552050474,130.02681388012618,18.99392974425683,3.2631241153414385,Smooth
1,right,202,smooth,358,1657711984757740.0,197.37755875663382,130.79833206974982,18.876254364763977,3.294885045178911,Smooth
1,right,202,smooth,361,1657711984877740.0,196.95830453812482,130.81110343238885,19.721756145264926,2.657663243834768,Smooth
1,right,202,smooth,364,1657711984997740.0,196.74723538704578,130.89596027984652,19.065484597765778,1.7999881486531706,Smooth
1,right,202,smooth,367,1657711985117740.0,196.52703277990634,130.7860791826309,20.192648250568954,1.0527759123362288,Smooth
1,right,202,smooth,370,1657711985237740.0,196.5064850843061,130.81928231733679,20.13218671635967,815.4588704313943,Saccade
1,right,202,smooth,373,1657711985357741.0,18.449933244325766,49.59913217623498,16.485693828503717,191.65028834907517,Smooth
1,right,202,smooth,376,1657711985477741.0,156.86950904392765,154.15522332964193,23.192276220399844,721.1082420936749,Saccade
1,right,202,smooth,379,1657711985597741.0,156.51431601272535,153.95457758925414,23.953528024573934,47.54263939217881,Smooth
1,right,202,smooth,382,1657711985717741.0,168.23800227753372,155.1303074670571,25.023563990080863,56.937139085078385,Smooth
1,right,202,smooth,385,1657711985837741.0,170.1746335245379,154.3089547482473,24.936200615191353,45.089315035987916,Smooth
1,right,202,smooth,388,1657711985957741.0,179.0584436042848,154.98361688720857,25.233734296663265,65.41759269872034,Smooth
1,right,202,smooth,391,1657711986077741.0,185.87466397849462,154.23135080645162,24.061504107113322,72.82518775304399,Smooth
1,right,202,smooth,394,1657711986197741.0,196.5249876298862,154.34966188355597,22.766893005927162,79.33923509498159,Smooth
1,right,202,smooth,397,1657711986317741.0,204.8554342173687,155.74986999479978,23.788323353031913,48.07006580224519,Smooth
1,right,202,smooth,400,1657711986437741.0,207.97149643705464,155.79034045922404,25.587062510149906,63.9870641537051,Smooth
1,right,202,smooth,403,1657711986557742.0,220.20839681733534,155.39952598611814,26.81113496924954,54.576054463113614,Smooth
1,right,202,smooth,406,1657711986677742.0,221.05199095809422,155.1074595722483,26.265060062655444,8.04822796956824,Smooth
1,right,202,smooth,409,1657711986797742.0,222.06832971800435,154.8783441793203,25.89068392188759,33.15863736466849,Smooth
1,right,202,smooth,412,1657711986917742.0,228.9200316706255,156.3011348640802,16.88722082244361,942.0216489459515,Saccade
1,right,202,smooth,415,1657711987037742.0,19.393755328218244,54.69085677749361,16.550242828824544,29.99660911549152,Smooth
1,right,202,smooth,418,1657711987157742.0,236.09355742296918,155.69383753501398,16.881478818285313,996.825816771903,Saccade
1,right,202,smooth,421,1657711987277742.0,236.41496598639452,155.37207926648918,16.63359285452297,4.113435027104715,Smooth
1,right,202,smooth,424,1657711987397742.0,236.06409130816505,154.70705297044188,16.62482954786022,9.17437498076701,Smooth
1,right,202,smooth,427,1657711987517742.0,235.2940170940171,153.47692307692307,17.509953975764684,33.86873791346497,Smooth
1,right,202,smooth,430,1657711987637742.0,228.15608808290156,152.8266407599309,23.073790404217,36.00542628311143,Smooth
1,right,202,smooth,433,1657711987757742.0,226.68779487179484,152.69907692307692,24.273741490616363,29.56295308049271,Smooth
1,right,202,smooth,436,1657711987877743.0,221.0782574413562,152.33136211314803,25.381969656321278,65.40980022128602,Smooth
1,right,202,smooth,439,1657711987997743.0,211.0868867491976,150.95208619899128,18.973632149211316,85.64170688934266,Smooth
1,right,202,smooth,442,1657711988117743.0,200.61831761006286,150.36713836477986,22.570549811096296,52.44733749573043,Smooth
1,right,202,smooth,445,1657711988237743.0,198.55328665888757,149.7899649941657,22.930820547143828,40.640234134701245,Smooth
1,right,202,smooth,448,1657711988357743.0,190.88916511290654,149.67619639527658,20.196648102560445,42.11703293793761,Smooth
1,right,202,smooth,451,1657711988477743.0,188.44522144522145,149.81138306138305,21.480415709451773,79.02581270582556,Smooth
1,right,202,smooth,454,1657711988597743.0,172.0358504958047,151.74237223493515,19.6864929083208,75.31519066871533,Smooth
1,right,202,smooth,457,1657711988717743.0,170.45320776927605,151.54816558760055,18.455838539273135,13.305549614121661,Smooth
1,right,202,smooth,460,1657711988837743.0,169.0613553113553,150.58058608058607,16.923571641729257,748.5004964433575,Saccade
1,right,202,smooth,463,1657711988957743.0,18.255672738894216,56.12027271758815,16.344165972378445,68.23067203556592,Smooth
1,right,202,smooth,466,1657711989077744.0,152.68617154288572,150.49087271817953,18.881807625952327,682.487138960119,Saccade
1,right,202,smooth,469,1657711989197744.0,152.0621948085325,150.59496273451555,18.405964997717163,6.042160062382382,Smooth
1,right,202,smooth,472,1657711989317744.0,151.81439105008897,149.33206203915586,17.480061659932304,691.681786344899,Saccade
1,right,202,smooth,475,1657711989437744.0,17.13753817242189,53.886422363166545,17.655276595127834,6.72834283425024,Smooth
1,right,202,smooth,478,1657711989557744.0,152.92868645042557,148.16333103289625,17.063155781143468,691.3157382553263,Saccade
1,right,202,smooth,481,1657711989677744.0,154.2935185185185,147.24745370370368,17.07090835241848,17.92727360495877,Smooth
1,right,202,smooth,484,1657711989797744.0,157.12696335078533,147.22185863874344,17.70515365484079,59.24136183888109,Smooth
1,right,202,smooth,487,1657711989917744.0,168.5098747591522,147.03612716763007,17.017430555829755,59.988603255111684,Smooth
1,right,202,smooth,490,1657711990037744.0,171.52318640955005,147.04866850321395,18.6621390696994,28.013760577162376,Smooth
1,right,202,smooth,493,1657711990157744.0,175.2273135669362,146.7553908355795,19.801688857799178,85.39175126657688,Smooth
1,right,202,smooth,496,1657711990277744.0,191.8783102143758,149.43064312736445,21.561342607351417,88.42245498537963,Smooth
1,right,202,smooth,499,1657711990397745.0,196.33618756371047,148.9386340468909,21.452567255776565,63.1151179371404,Smooth
1,right,202,smooth,502,1657711990517745.0,206.96131896005073,150.82900021137178,21.469301122924342,56.817607175567474,Smooth
1,right,202,smooth,505,1657711990637745.0,209.84915611814344,150.76793248945145,22.07566748262816,51.66377068669322,Smooth
1,right,202,smooth,508,1657711990757745.0,219.34319526627218,151.48619329388558,18.78710162697466,56.49348204437748,Smooth
1,right,202,smooth,511,1657711990877745.0,223.39367231638414,151.38214689265536,22.61355204787198,25.836457421976668,Smooth
1,right,202,smooth,514,1657711990997745.0,225.54380053908355,151.5285265049416,23.822917229901584,39.39191392580957,Smooth
1,right,202,smooth,517,1657711991117745.0,232.83777239709443,151.81598062953995,19.30532555983603,947.3157500140863,Saccade
1,right,202,smooth,520,1657711991237745.0,19.1901895206243,56.08829431438127,15.536681042923778,25.439421149657544,Smooth
1,right,202,smooth,523,1657711991357745.0,238.89595157018536,152.57434733257662,14.176640620599885,7.520983005835154,Smooth
1,right,202,smooth,526,1657711991477745.0,20.970212765957445,55.78884160756501,15.73438898102395,1000.2562111494922,Saccade
1,right,202,smooth,529,1657711991597746.0,19.156631909406883,55.906715999551515,15.204822620538813,6.404634152630929,Smooth
1,right,202,smooth,532,1657711991717746.0,19.45388454861111,56.04079861111111,16.231655571549062,970.2017628937946,Saccade
1,right,202,smooth,535,1657711991837746.0,231.8685744568097,150.62745098039215,20.462683094896516,3.142127266331967,Smooth
1,right,202,smooth,538,1657711991957746.0,18.820377108832286,56.44988422097254,15.307376533931935,53.04620627823785,Smooth
1,right,202,smooth,541,1657711992077746.0,219.3425320745582,148.3517308157831,22.24939410024896,907.5601880566069,Saccade
1,right,202,smooth,544,1657711992197746.0,216.6405321929199,147.61083392729864,21.652938117568585,65.68085219520843,Smooth
1,right,202,smooth,547,1657711992317746.0,203.61824702981394,147.24187401927819,20.80074968322696,67.3741562968241,Smooth
1,right,202,smooth,550,1657711992437746.0,200.54203633291084,146.0940008449514,21.27026274311593,65.96629965090337,Smooth
1,right,202,smooth,553,1657711992557746.0,187.8093023255814,146.3894056847545,16.881209500668362,66.03382288129889,Smooth
1,right,202,smooth,556,1657711992677746.0,184.71132075471698,146.83647798742138,20.368584041496682,21.873742886743063,Smooth
1,right,202,smooth,559,1657711992797747.0,182.55964256026598,146.4145885286783,19.680130108562878,61.265908891175066,Smooth
1,right,202,smooth,562,1657711992917747.0,170.01170411985018,146.48244382022472,18.500720580167428,61.3502468938603,Smooth
1,right,202,smooth,565,1657711993037747.0,167.84916725310813,147.04691531785127,16.476477744640743,737.5150282793498,Saccade
1,right,202,smooth,568,1657711993157747.0,17.28679329112518,57.00966344551816,15.53819297390501,65.87286239233701,Smooth
1,right,202,smooth,571,1657711993277747.0,152.04024767801857,147.18085655314758,18.796996795271006,2.334360345294596,Smooth
1,right,202,smooth,574,1657711993397747.0,16.91321897073663,57.42717793474605,16.38741876633676,676.7732933981791,Saccade
1,right,202,smooth,577,1657711993517747.0,16.917836357411844,57.04758644299897,17.250850553148798,670.4517238517989,Saccade
1,right,202,smooth,580,1657711993637747.0,150.25420875420875,147.4921436588103,17.62460506130304,671.0426206793887,Saccade
1,right,202,smooth,583,1657711993757747.0,150.43072050673,147.11137503299022,17.801850499068436,7.370076763490906,Smooth
1,right,202,smooth,586,1657711993877747.0,151.77650648360031,146.59140605136028,18.41630020799986,672.5294473546013,Saccade
1,right,202,smooth,589,1657711993997747.0,16.085457635348384,57.64857975236708,15.892420072941613,41.926158864347,Smooth
1,right,202,smooth,592,1657711994117748.0,161.71698113207546,145.03023705853894,18.136745675245166,724.5577840850162,Saccade
1,right,202,smooth,595,1657711994237748.0,167.02819361277443,143.9945109780439,18.22317181284044,60.97013960150696,Smooth
1,right,202,smooth,598,1657711994357748.0,176.33309692671395,144.33096926713947,20.136160645078213,,Smooth
