{
  "prompt": "black pupil.",
  "gsam2_centers": [
    {
      "valid": true,
      "cx": 95.38,
      "cy": 136.82999999999998,
      "area": 591,
      "det_score": 0.3917,
      "sam_score": 0.9603,
      "box": [
        82.4,
        120.0,
        109.1,
        153.6
      ],
      "repeats": [
        [
          95.05,
          136.37
        ],
        [
          95.44,
          136.85
        ],
        [
          95.4,
          136.81
        ],
        [
          95.48,
          136.7
        ],
        [
          96.34,
          136.57
        ]
      ],
      "idx": 1205,
      "mislabel": false,
      "mislabel_reason": "ok",
      "e_unet": 1.14
    },
    {
      "valid": true,
      "cx": 95.48,
      "cy": 136.66,
      "area": 590,
      "det_score": 0.3967,
      "sam_score": 0.9607,
      "box": [
        82.5,
        119.9,
        109.2,
        153.5
      ],
      "repeats": [
        [
          95.1,
          136.31
        ],
        [
          95.47,
          136.75
        ],
        [
          95.52,
          136.5
        ],
        [
          95.61,
          136.43
        ],
        [
          96.4,
          136.56
        ]
      ],
      "idx": 1206,
      "mislabel": false,
      "mislabel_reason": "ok",
      "e_unet": 1.14
    },
    {
      "valid": true,
      "cx": 95.5,
      "cy": 136.35,
      "area": 592,
      "det_score": 0.3955,
      "sam_score": 0.9598,
      "box": [
        82.7,
        119.9,
        109.4,
        153.5
      ],
      "repeats": [
        [
          95.44,
          136.34
        ],
        [
          95.58,
          136.4
        ],
        [
          95.55,
          136.45999999999998
        ],
        [
          95.8,
          136.3
        ],
        [
          96.6,
          136.4
        ]
      ],
      "idx": 1207,
      "mislabel": false,
      "mislabel_reason": "ok",
      "e_unet": 0.79
    },
    {
      "valid": true,
      "cx": 95.65,
      "cy": 136.3,
      "area": 595,
      "det_score": 0.3994,
      "sam_score": 0.9596,
      "box": [
        82.7,
        119.9,
        109.5,
        153.5
      ],
      "repeats": [
        [
          95.53,
          136.14
        ],
        [
          95.66,
          136.37
        ],
        [
          95.61,
          136.28
        ],
        [
          95.9,
          136.24
        ],
        [
          96.72999999999999,
          136.45999999999998
        ]
      ],
      "idx": 1208,
      "mislabel": false,
      "mislabel_reason": "ok",
      "e_unet": 0.75
    },
    {
      "valid": true,
      "cx": 95.83,
      "cy": 136.45999999999998,
      "area": 602,
      "det_score": 0.4021,
      "sam_score": 0.961,
      "box": [
        82.8,
        119.9,
        109.7,
        153.7
      ],
      "repeats": [
        [
          95.54,
          136.16
        ],
        [
          95.9,
          136.54000000000002
        ],
        [
          95.86,
          136.34
        ],
        [
          95.9,
          136.47
        ],
        [
          96.80000000000001,
          136.5
        ]
      ],
      "idx": 1209,
      "mislabel": false,
      "mislabel_reason": "ok",
      "e_unet": 0.91
    },
    {
      "valid": true,
      "cx": 95.7,
      "cy": 136.28,
      "area": 600,
      "det_score": 0.4007,
      "sam_score": 0.9628,
      "box": [
        82.9,
        119.8,
        109.8,
        153.6
      ],
      "repeats": [
        [
          95.67,
          136.23000000000002
        ],
        [
          95.72,
          136.3
        ],
        [
          95.68,
          136.3
        ],
        [
          95.73,
          136.25
        ],
        [
          96.82,
          136.36
        ]
      ],
      "idx": 1210,
      "mislabel": false,
      "mislabel_reason": "ok",
      "e_unet": 0.69
    },
    {
      "valid": true,
      "cx": 95.72,
      "cy": 136.12,
      "area": 602,
      "det_score": 0.4142,
      "sam_score": 0.9625,
      "box": [
        82.9,
        119.6,
        109.8,
        153.5
      ],
      "repeats": [
        [
          95.67,
          136.07
        ],
        [
          95.72,
          136.12
        ],
        [
          95.71,
          136.1
        ],
        [
          95.68,
          136.15
        ],
        [
          96.87,
          136.24
        ]
      ],
      "idx": 1211,
      "mislabel": false,
      "mislabel_reason": "ok",
      "e_unet": 0.6
    },
    {
      "valid": true,
      "cx": 95.82,
      "cy": 136.15,
      "area": 611,
      "det_score": 0.3921,
      "sam_score": 0.9638,
      "box": [
        82.8,
        119.4,
        109.9,
        153.6
      ],
      "repeats": [
        [
          95.7,
          136.07
        ],
        [
          95.84,
          136.19
        ],
        [
          95.73,
          136.11
        ],
        [
          95.86,
          136.07
        ],
        [
          96.87,
          136.16
        ]
      ],
      "idx": 1212,
      "mislabel": false,
      "mislabel_reason": "ok",
      "e_unet": 0.72
    },
    {
      "valid": true,
      "cx": 96.11,
      "cy": 135.95,
      "area": 624,
      "det_score": 0.3847,
      "sam_score": 0.9627,
      "box": [
        82.8,
        119.3,
        110.0,
        153.6
      ],
      "repeats": [
        [
          95.87,
          135.86
        ],
        [
          96.03,
          136.01999999999998
        ],
        [
          96.03,
          136.03
        ],
        [
          96.05,
          136.0
        ],
        [
          97.12,
          136.1
        ]
      ],
      "idx": 1213,
      "mislabel": false,
      "mislabel_reason": "ok",
      "e_unet": 0.83
    },
    {
      "valid": true,
      "cx": 96.12,
      "cy": 136.07,
      "area": 634,
      "det_score": 0.3963,
      "sam_score": 0.9634,
      "box": [
        82.8,
        118.8,
        110.4,
        153.7
      ],
      "repeats": [
        [
          95.97,
          135.81
        ],
        [
          96.17,
          136.07999999999998
        ],
        [
          96.18,
          135.94
        ],
        [
          96.25,
          135.97
        ],
        [
          97.19999999999999,
          136.12
        ]
      ],
      "idx": 1214,
      "mislabel": false,
      "mislabel_reason": "ok",
      "e_unet": 0.8
    },
    {
      "valid": true,
      "cx": 96.29,
      "cy": 135.61,
      "area": 647,
      "det_score": 0.3837,
      "sam_score": 0.9626,
      "box": [
        82.8,
        118.2,
        110.8,
        153.5
      ],
      "repeats": [
        [
          96.15,
          135.49
        ],
        [
          96.3,
          135.69
        ],
        [
          96.31,
          135.66
        ],
        [
          96.45,
          135.63
        ],
        [
          97.36000000000001,
          135.82
        ]
      ],
      "idx": 1215,
      "mislabel": false,
      "mislabel_reason": "ok",
      "e_unet": 0.68
    }
  ]
}