{
  "prompt": "black pupil.",
  "gsam2_centers": [
    {
      "valid": true,
      "cx": 159.33,
      "cy": 119.74,
      "area": 1175,
      "det_score": 0.3577,
      "sam_score": 0.9764,
      "box": [
        138.0,
        100.5,
        181.2,
        138.5
      ],
      "repeats": [
        [
          159.32,
          119.7
        ],
        [
          159.35,
          119.73
        ],
        [
          159.37,
          119.71
        ],
        [
          159.38,
          119.59
        ],
        [
          160.44,
          119.6
        ]
      ],
      "idx": 307,
      "mislabel": false,
      "mislabel_reason": "ok",
      "e_unet": 0.94
    },
    {
      "valid": true,
      "cx": 152.92000000000002,
      "cy": 118.59,
      "area": 1021,
      "det_score": 0.3829,
      "sam_score": 0.9736,
      "box": [
        133.1,
        100.2,
        173.7,
        136.7
      ],
      "repeats": [
        [
          152.95,
          118.5
        ],
        [
          152.85,
          118.76
        ],
        [
          152.91,
          118.55
        ],
        [
          152.95,
          118.55
        ],
        [
          153.98,
          118.57
        ]
      ],
      "idx": 308,
      "mislabel": false,
      "mislabel_reason": "ok",
      "e_unet": 0.94
    },
    {
      "valid": true,
      "cx": 153.0,
      "cy": 118.73,
      "area": 994,
      "det_score": 0.3927,
      "sam_score": 0.9736,
      "box": [
        133.5,
        100.6,
        173.4,
        136.5
      ],
      "repeats": [
        [
          153.0,
          118.68
        ],
        [
          153.01,
          118.75
        ],
        [
          153.03,
          118.72
        ],
        [
          153.09,
          118.69
        ],
        [
          154.09,
          118.72
        ]
      ],
      "idx": 309,
      "mislabel": false,
      "mislabel_reason": "ok",
      "e_unet": 0.98
    },
    {
      "valid": true,
      "cx": 152.95999999999998,
      "cy": 118.65,
      "area": 969,
      "det_score": 0.3934,
      "sam_score": 0.9729,
      "box": [
        133.7,
        100.9,
        173.2,
        136.2
      ],
      "repeats": [
        [
          152.97,
          118.59
        ],
        [
          152.95,
          118.67
        ],
        [
          153.0,
          118.61
        ],
        [
          153.0,
          118.57
        ],
        [
          154.21,
          118.6
        ]
      ],
      "idx": 310,
      "mislabel": false,
      "mislabel_reason": "ok",
      "e_unet": 0.98
    },
    {
      "valid": true,
      "cx": 152.7,
      "cy": 118.67,
      "area": 946,
      "det_score": 0.4028,
      "sam_score": 0.9729,
      "box": [
        133.7,
        101.2,
        172.7,
        136.0
      ],
      "repeats": [
        [
          152.62,
          118.58
        ],
        [
          152.72,
          118.76
        ],
        [
          152.76,
          118.7
        ],
        [
          152.75,
          118.62
        ],
        [
          153.88,
          118.61
        ]
      ],
      "idx": 311,
      "mislabel": false,
      "mislabel_reason": "ok",
      "e_unet": 1.03
    },
    {
      "valid": true,
      "cx": 152.65,
      "cy": 118.72,
      "area": 923,
      "det_score": 0.3977,
      "sam_score": 0.9726,
      "box": [
        133.8,
        101.3,
        172.6,
        135.8
      ],
      "repeats": [
        [
          152.74,
          118.63
        ],
        [
          152.69,
          118.69
        ],
        [
          152.65,
          118.7
        ],
        [
          152.76,
          118.55
        ],
        [
          153.88,
          118.64
        ]
      ],
      "idx": 312,
      "mislabel": false,
      "mislabel_reason": "ok",
      "e_unet": 1.09
    },
    {
      "valid": true,
      "cx": 152.78,
      "cy": 118.27,
      "area": 913,
      "det_score": 0.379,
      "sam_score": 0.9724,
      "box": [
        133.9,
        101.0,
        172.4,
        135.4
      ],
      "repeats": [
        [
          152.67000000000002,
          118.26
        ],
        [
          152.86,
          118.3
        ],
        [
          152.70999999999998,
          118.28
        ],
        [
          152.75,
          118.24
        ],
        [
          153.82,
          118.29
        ]
      ],
      "idx": 313,
      "mislabel": false,
      "mislabel_reason": "ok",
      "e_unet": 1.08
    }
  ]
}