{
  "prompt": "black pupil.",
  "gsam2_centers": [
    {
      "valid": true,
      "cx": 107.74,
      "cy": 128.69,
      "area": 712,
      "det_score": 0.3678,
      "sam_score": 0.9625,
      "box": [
        92.9,
        111.6,
        124.0,
        146.5
      ],
      "repeats": [
        [
          107.72,
          128.68
        ],
        [
          107.78,
          128.70999999999998
        ],
        [
          107.77,
          128.68
        ],
        [
          107.84,
          128.61
        ],
        [
          108.97,
          128.74
        ]
      ],
      "idx": 1307,
      "mislabel": false,
      "mislabel_reason": "ok",
      "e_unet": 0.45
    },
    {
      "valid": true,
      "cx": 106.88,
      "cy": 129.17000000000002,
      "area": 720,
      "det_score": 0.3525,
      "sam_score": 0.9632,
      "box": [
        92.1,
        111.8,
        122.9,
        146.7
      ],
      "repeats": [
        [
          106.86,
          129.09
        ],
        [
          106.9,
          129.16
        ],
        [
          106.95,
          129.11
        ],
        [
          106.9,
          129.07
        ],
        [
          108.03,
          129.04000000000002
        ]
      ],
      "idx": 1308,
      "mislabel": false,
      "mislabel_reason": "ok",
      "e_unet": 0.52
    },
    {
      "valid": true,
      "cx": 106.62,
      "cy": 129.25,
      "area": 717,
      "det_score": 0.3593,
      "sam_score": 0.9636,
      "box": [
        91.7,
        112.2,
        122.9,
        146.9
      ],
      "repeats": [
        [
          106.66,
          129.2
        ],
        [
          106.67,
          129.32
        ],
        [
          106.68,
          129.22
        ],
        [
          106.77,
          129.19
        ],
        [
          107.74000000000001,
          129.25
        ]
      ],
      "idx": 1309,
      "mislabel": false,
      "mislabel_reason": "ok",
      "e_unet": 0.55
    },
    {
      "valid": true,
      "cx": 106.47,
      "cy": 129.18,
      "area": 731,
      "det_score": 0.3645,
      "sam_score": 0.962,
      "box": [
        91.4,
        111.9,
        122.9,
        147.0
      ],
      "repeats": [
        [
          106.44,
          129.13
        ],
        [
          106.51,
          129.35
        ],
        [
          106.6,
          129.18
        ],
        [
          106.61,
          129.12
        ],
        [
          107.6,
          129.24
        ]
      ],
      "idx": 1310,
      "mislabel": false,
      "mislabel_reason": "ok",
      "e_unet": 0.51
    },
    {
      "valid": true,
      "cx": 106.34,
      "cy": 129.23000000000002,
      "area": 740,
      "det_score": 0.3552,
      "sam_score": 0.9629,
      "box": [
        91.3,
        112.0,
        122.9,
        147.1
      ],
      "repeats": [
        [
          106.28,
          129.18
        ],
        [
          106.41,
          129.26
        ],
        [
          106.41,
          129.22
        ],
        [
          106.42,
          129.16
        ],
        [
          107.56,
          129.23000000000002
        ]
      ],
      "idx": 1311,
      "mislabel": false,
      "mislabel_reason": "ok",
      "e_unet": 0.53
    },
    {
      "valid": true,
      "cx": 106.29,
      "cy": 129.24,
      "area": 747,
      "det_score": 0.3512,
      "sam_score": 0.9626,
      "box": [
        91.1,
        111.8,
        122.9,
        147.2
      ],
      "repeats": [
        [
          106.34,
          129.16
        ],
        [
          106.34,
          129.28
        ],
        [
          106.36,
          129.23000000000002
        ],
        [
          106.39,
          129.16
        ],
        [
          107.49000000000001,
          129.19
        ]
      ],
      "idx": 1312,
      "mislabel": false,
      "mislabel_reason": "ok",
      "e_unet": 0.47
    },
    {
      "valid": true,
      "cx": 106.28,
      "cy": 129.22,
      "area": 750,
      "det_score": 0.3451,
      "sam_score": 0.9621,
      "box": [
        91.0,
        111.8,
        122.9,
        147.3
      ],
      "repeats": [
        [
          106.21,
          129.19
        ],
        [
          106.27,
          129.24
        ],
        [
          106.28,
          129.19
        ],
        [
          106.35,
          129.16
        ],
        [
          107.47,
          129.15
        ]
      ],
      "idx": 1313,
      "mislabel": false,
      "mislabel_reason": "ok",
      "e_unet": 0.6
    }
  ]
}