{
  "prompt": "black pupil.",
  "gsam2_centers": [
    {
      "valid": true,
      "cx": 152.6,
      "cy": 118.1,
      "area": 861,
      "det_score": 0.4513,
      "sam_score": 0.9728,
      "box": [
        133.9,
        102.6,
        172.9,
        133.8
      ],
      "repeats": [
        [
          152.6,
          118.1
        ],
        [
          152.66,
          118.17
        ],
        [
          152.63,
          118.17
        ],
        [
          152.64,
          118.04
        ],
        [
          153.75,
          118.16
        ]
      ],
      "idx": 505,
      "mislabel": false,
      "mislabel_reason": "ok",
      "e_unet": 0.72
    },
    {
      "valid": true,
      "cx": 152.53,
      "cy": 118.1,
      "area": 877,
      "det_score": 0.4769,
      "sam_score": 0.973,
      "box": [
        133.8,
        102.3,
        173.0,
        133.9
      ],
      "repeats": [
        [
          152.62,
          118.01
        ],
        [
          152.55,
          118.12
        ],
        [
          152.63,
          118.04
        ],
        [
          152.62,
          118.03
        ],
        [
          153.64,
          118.07
        ]
      ],
      "idx": 506,
      "mislabel": false,
      "mislabel_reason": "ok",
      "e_unet": 0.67
    },
    {
      "valid": true,
      "cx": 152.57999999999998,
      "cy": 118.07,
      "area": 882,
      "det_score": 0.4879,
      "sam_score": 0.9734,
      "box": [
        133.7,
        102.1,
        173.2,
        133.9
      ],
      "repeats": [
        [
          152.54000000000002,
          118.05
        ],
        [
          152.57999999999998,
          118.07
        ],
        [
          152.56,
          118.06
        ],
        [
          152.62,
          118.02
        ],
        [
          153.79,
          117.99
        ]
      ],
      "idx": 507,
      "mislabel": false,
      "mislabel_reason": "ok",
      "e_unet": 0.74
    },
    {
      "valid": true,
      "cx": 152.57999999999998,
      "cy": 118.09,
      "area": 884,
      "det_score": 0.4828,
      "sam_score": 0.9735,
      "box": [
        133.7,
        102.2,
        173.2,
        134.0
      ],
      "repeats": [
        [
          152.57999999999998,
          118.07
        ],
        [
          152.6,
          118.11
        ],
        [
          152.61,
          118.05
        ],
        [
          152.64,
          118.03
        ],
        [
          153.82,
          118.1
        ]
      ],
      "idx": 508,
      "mislabel": false,
      "mislabel_reason": "ok",
      "e_unet": 0.65
    },
    {
      "valid": true,
      "cx": 152.70999999999998,
      "cy": 118.18,
      "area": 893,
      "det_score": 0.4613,
      "sam_score": 0.9739,
      "box": [
        133.7,
        102.3,
        173.3,
        134.3
      ],
      "repeats": [
        [
          152.67000000000002,
          118.19
        ],
        [
          152.74,
          118.2
        ],
        [
          152.74,
          118.19
        ],
        [
          152.73000000000002,
          118.18
        ],
        [
          153.78,
          118.17
        ]
      ],
      "idx": 509,
      "mislabel": false,
      "mislabel_reason": "ok",
      "e_unet": 0.62
    },
    {
      "valid": true,
      "cx": 152.73000000000002,
      "cy": 118.34,
      "area": 902,
      "det_score": 0.4797,
      "sam_score": 0.974,
      "box": [
        133.7,
        102.6,
        173.5,
        134.4
      ],
      "repeats": [
        [
          152.72,
          118.32
        ],
        [
          152.75,
          118.35
        ],
        [
          152.75,
          118.33
        ],
        [
          152.76999999999998,
          118.3
        ],
        [
          153.86,
          118.31
        ]
      ],
      "idx": 510,
      "mislabel": false,
      "mislabel_reason": "ok",
      "e_unet": 0.67
    },
    {
      "valid": true,
      "cx": 152.76,
      "cy": 118.38,
      "area": 908,
      "det_score": 0.4721,
      "sam_score": 0.9745,
      "box": [
        133.6,
        102.6,
        173.5,
        134.5
      ],
      "repeats": [
        [
          152.72,
          118.37
        ],
        [
          152.76999999999998,
          118.4
        ],
        [
          152.75,
          118.37
        ],
        [
          152.76,
          118.38
        ],
        [
          153.88,
          118.4
        ]
      ],
      "idx": 511,
      "mislabel": false,
      "mislabel_reason": "ok",
      "e_unet": 0.66
    },
    {
      "valid": true,
      "cx": 152.76999999999998,
      "cy": 118.43,
      "area": 912,
      "det_score": 0.4862,
      "sam_score": 0.9744,
      "box": [
        133.6,
        102.6,
        173.5,
        134.6
      ],
      "repeats": [
        [
          152.70999999999998,
          118.36
        ],
        [
          152.82,
          118.47
        ],
        [
          152.76,
          118.38
        ],
        [
          152.8,
          118.42
        ],
        [
          153.89,
          118.44
        ]
      ],
      "idx": 512,
      "mislabel": false,
      "mislabel_reason": "ok",
      "e_unet": 0.7
    },
    {
      "valid": true,
      "cx": 152.81,
      "cy": 118.47,
      "area": 914,
      "det_score": 0.4902,
      "sam_score": 0.9747,
      "box": [
        133.6,
        102.6,
        173.7,
        134.6
      ],
      "repeats": [
        [
          152.81,
          118.47
        ],
        [
          152.84,
          118.48
        ],
        [
          152.85,
          118.5
        ],
        [
          152.82,
          118.46
        ],
        [
          153.93,
          118.48
        ]
      ],
      "idx": 513,
      "mislabel": false,
      "mislabel_reason": "ok",
      "e_unet": 0.67
    },
    {
      "valid": true,
      "cx": 152.75,
      "cy": 118.48,
      "area": 924,
      "det_score": 0.4492,
      "sam_score": 0.9753,
      "box": [
        133.5,
        102.4,
        173.8,
        134.7
      ],
      "repeats": [
        [
          152.75,
          118.43
        ],
        [
          152.76999999999998,
          118.54
        ],
        [
          152.79000000000002,
          118.49
        ],
        [
          152.78,
          118.46
        ],
        [
          153.98,
          118.47
        ]
      ],
      "idx": 514,
      "mislabel": false,
      "mislabel_reason": "ok",
      "e_unet": 0.59
    },
    {
      "valid": true,
      "cx": 152.70999999999998,
      "cy": 118.53,
      "area": 930,
      "det_score": 0.4643,
      "sam_score": 0.9738,
      "box": [
        133.4,
        102.4,
        173.8,
        134.8
      ],
      "repeats": [
        [
          152.66,
          118.55
        ],
        [
          152.72,
          118.55
        ],
        [
          152.68,
          118.58
        ],
        [
          152.75,
          118.48
        ],
        [
          153.92,
          118.52
        ]
      ],
      "idx": 515,
      "mislabel": false,
      "mislabel_reason": "ok",
      "e_unet": 0.6
    }
  ]
}