{
  "prompt": "black pupil.",
  "gsam2_centers": [
    {
      "valid": true,
      "cx": 132.87,
      "cy": 151.08,
      "area": 827,
      "det_score": 0.3753,
      "sam_score": 0.9725,
      "box": [
        118.3,
        131.4,
        148.5,
        171.1
      ],
      "repeats": [
        [
          132.89,
          151.03
        ],
        [
          132.88,
          151.08
        ],
        [
          132.88,
          151.03
        ],
        [
          132.91,
          151.02
        ],
        [
          134.08,
          151.08
        ]
      ],
      "idx": 905,
      "mislabel": false,
      "mislabel_reason": "ok",
      "e_unet": 0.75
    },
    {
      "valid": true,
      "cx": 133.47,
      "cy": 150.57,
      "area": 839,
      "det_score": 0.3618,
      "sam_score": 0.9717,
      "box": [
        118.7,
        130.9,
        149.1,
        170.6
      ],
      "repeats": [
        [
          133.45999999999998,
          150.52
        ],
        [
          133.5,
          150.59
        ],
        [
          133.54000000000002,
          150.49
        ],
        [
          133.61,
          150.4
        ],
        [
          134.62,
          150.61
        ]
      ],
      "idx": 906,
      "mislabel": false,
      "mislabel_reason": "ok",
      "e_unet": 0.65
    },
    {
      "valid": true,
      "cx": 134.07,
      "cy": 150.34,
      "area": 861,
      "det_score": 0.3246,
      "sam_score": 0.9719,
      "box": [
        119.2,
        130.4,
        150.0,
        170.4
      ],
      "repeats": [
        [
          134.06,
          150.35
        ],
        [
          134.07999999999998,
          150.35
        ],
        [
          134.09,
          150.34
        ],
        [
          134.17000000000002,
          150.24
        ],
        [
          135.29,
          150.29
        ]
      ],
      "idx": 907,
      "mislabel": false,
      "mislabel_reason": "ok",
      "e_unet": 0.57
    },
    {
      "valid": true,
      "cx": 138.26999999999998,
      "cy": 149.13,
      "area": 925,
      "det_score": 0.3497,
      "sam_score": 0.9743,
      "box": [
        122.2,
        129.2,
        155.4,
        169.6
      ],
      "repeats": [
        [
          138.24,
          149.16
        ],
        [
          138.23000000000002,
          149.33
        ],
        [
          138.24,
          149.27
        ],
        [
          138.3,
          149.19
        ],
        [
          139.49,
          149.25
        ]
      ],
      "idx": 908,
      "mislabel": false,
      "mislabel_reason": "ok",
      "e_unet": 0.64
    },
    {
      "valid": true,
      "cx": 138.82999999999998,
      "cy": 148.89,
      "area": 920,
      "det_score": 0.3435,
      "sam_score": 0.9739,
      "box": [
        122.9,
        129.0,
        155.8,
        169.2
      ],
      "repeats": [
        [
          138.82,
          148.89
        ],
        [
          138.82999999999998,
          148.92
        ],
        [
          138.84,
          148.93
        ],
        [
          138.85,
          148.85
        ],
        [
          140.05,
          148.96
        ]
      ],
      "idx": 909,
      "mislabel": false,
      "mislabel_reason": "ok",
      "e_unet": 0.63
    },
    {
      "valid": true,
      "cx": 139.5,
      "cy": 148.84,
      "area": 931,
      "det_score": 0.3335,
      "sam_score": 0.9743,
      "box": [
        123.5,
        128.9,
        157.0,
        169.1
      ],
      "repeats": [
        [
          139.51999999999998,
          148.78
        ],
        [
          139.5,
          148.87
        ],
        [
          139.51,
          148.84
        ],
        [
          139.54000000000002,
          148.71
        ],
        [
          140.71,
          148.84
        ]
      ],
      "idx": 910,
      "mislabel": false,
      "mislabel_reason": "ok",
      "e_unet": 0.71
    },
    {
      "valid": true,
      "cx": 140.81,
      "cy": 148.54,
      "area": 939,
      "det_score": 0.3655,
      "sam_score": 0.9744,
      "box": [
        124.5,
        129.0,
        158.3,
        168.9
      ],
      "repeats": [
        [
          140.76999999999998,
          148.51
        ],
        [
          140.82,
          148.62
        ],
        [
          140.82,
          148.53
        ],
        [
          140.86,
          148.52
        ],
        [
          141.97,
          148.63
        ]
      ],
      "idx": 911,
      "mislabel": false,
      "mislabel_reason": "ok",
      "e_unet": 0.66
    },
    {
      "valid": true,
      "cx": 141.79000000000002,
      "cy": 148.15,
      "area": 958,
      "det_score": 0.3464,
      "sam_score": 0.9746,
      "box": [
        125.3,
        128.2,
        159.5,
        168.6
      ],
      "repeats": [
        [
          141.81,
          148.12
        ],
        [
          141.79000000000002,
          148.19
        ],
        [
          141.79000000000002,
          148.12
        ],
        [
          141.81,
          148.09
        ],
        [
          143.06,
          148.16
        ]
      ],
      "idx": 912,
      "mislabel": false,
      "mislabel_reason": "ok",
      "e_unet": 0.76
    },
    {
      "valid": true,
      "cx": 146.28,
      "cy": 146.82,
      "area": 1022,
      "det_score": 0.4144,
      "sam_score": 0.9747,
      "box": [
        128.7,
        127.2,
        164.9,
        167.0
      ],
      "repeats": [
        [
          146.24,
          146.76
        ],
        [
          146.3,
          146.82
        ],
        [
          146.32,
          146.77
        ],
        [
          146.38,
          146.75
        ],
        [
          147.41,
          146.83
        ]
      ],
      "idx": 913,
      "mislabel": false,
      "mislabel_reason": "ok",
      "e_unet": 0.8
    },
    {
      "valid": true,
      "cx": 147.57,
      "cy": 146.03,
      "area": 988,
      "det_score": 0.4169,
      "sam_score": 0.9738,
      "box": [
        130.1,
        126.5,
        165.9,
        166.1
      ],
      "repeats": [
        [
          147.53,
          146.01
        ],
        [
          147.55,
          146.07
        ],
        [
          147.55,
          146.08
        ],
        [
          147.57999999999998,
          146.0
        ],
        [
          148.71,
          146.11
        ]
      ],
      "idx": 914,
      "mislabel": false,
      "mislabel_reason": "ok",
      "e_unet": 0.72
    },
    {
      "valid": true,
      "cx": 148.72,
      "cy": 145.66,
      "area": 974,
      "det_score": 0.4265,
      "sam_score": 0.9748,
      "box": [
        131.6,
        126.3,
        167.1,
        165.6
      ],
      "repeats": [
        [
          148.69,
          145.68
        ],
        [
          148.7,
          145.68
        ],
        [
          148.72,
          145.63
        ],
        [
          148.76,
          145.62
        ],
        [
          149.84,
          145.72
        ]
      ],
      "idx": 915,
      "mislabel": false,
      "mislabel_reason": "ok",
      "e_unet": 0.67
    }
  ]
}