(34.837799, 32.954136, 0.0)
(34.731697, 32.104855, 0.0)
(34.756733, 32.044182, 0.0)
(34.860596, 32.107914, 0.0)
(35.056557, 32.286709, 0.0)
(35.521324, 32.844898, 0.0)
(35.554237, 32.919193, 0.0)
(35.560936, 32.946209, 0.0)
(35.631706, 32.893703, 0.0)
(35.615761, 32.878254, 0.0)
(35.669178, 32.915203, 0.0)
(35.663719, 32.878246, 0.0)
(35.661797, 32.889641, 0.0)
(35.680767, 32.883217, 0.0)
(35.656059, 32.899521, 0.0)
(35.600349, 32.887070, 0.0)
(35.628914, 32.849564, 0.0)
(35.683830, 32.828381, 0.0)
(35.478195, 32.856224, 0.0)
(35.468842, 32.932770, 0.0)
(35.550682, 32.894104, 0.0)
(35.482647, 32.950932, 0.0)
(35.507626, 32.901989, 0.0)
(35.512505, 32.875790, 0.0)
(35.530270, 32.863472, 0.0)
(35.552544, 32.829105, 0.0)
(35.578342, 32.774174, 0.0)
(35.574837, 32.754532, 0.0)
(35.622402, 32.755684, 0.0)
(35.661552, 32.809685, 0.0)
(35.658352, 32.826405, 0.0)
(35.648365, 32.828381, 0.0)
(35.616428, 32.860722, 0.0)
(35.573498, 32.880383, 0.0)
(35.627338, 32.839935, 0.0)
(35.615292, 32.814529, 0.0)
(35.609390, 32.826015, 0.0)
(35.616043, 32.873657, 0.0)
(35.620388, 32.839909, 0.0)
(35.629780, 32.855976, 0.0)
(35.600864, 32.916969, 0.0)
(35.593521, 32.921104, 0.0)
(35.610703, 32.888454, 0.0)
(35.618793, 32.852070, 0.0)
(35.638885, 32.811562, 0.0)
(35.645893, 32.835804, 0.0)
(35.642941, 32.879013, 0.0)
(35.640579, 32.877460, 0.0)
(35.646492, 32.907810, 0.0)
(35.643932, 32.945080, 0.0)
(35.639877, 32.924454, 0.0)
(35.643654, 32.930241, 0.0)
(35.640926, 32.867485, 0.0)
(35.631275, 32.910122, 0.0)
(35.638390, 32.909096, 0.0)
(35.633343, 32.916412, 0.0)
(35.649136, 32.966793, 0.0)
(35.614864, 32.935383, 0.0)
(35.600838, 32.978985, 0.0)
(35.639809, 33.007469, 0.0)
(35.648312, 32.969391, 0.0)
(35.650303, 32.961658, 0.0)
(35.646881, 32.982380, 0.0)
(35.669537, 33.005913, 0.0)
(35.659554, 32.999729, 0.0)
(35.661137, 33.049377, 0.0)
(35.609947, 33.012527, 0.0)
(35.591358, 33.008144, 0.0)
(37.475418, 33.335873, 0.0)
(40.218334, 34.510563, 0.0)
(40.422489, 34.607723, 0.0)
(41.722309, 36.376575, 0.0)
(42.267048, 37.192619, 0.0)
(42.273888, 37.234947, 0.0)
(42.520905, 37.874634, 0.0)
(42.622967, 38.291660, 0.0)
(42.612938, 38.292358, 0.0)
(42.621220, 38.272160, 0.0)
(42.967346, 38.686913, 0.0)
(43.090633, 38.816757, 0.0)
(43.058674, 38.813473, 0.0)
(43.071842, 38.882317, 0.0)
(43.029793, 38.906509, 0.0)
(42.988163, 38.895824, 0.0)
(42.977760, 38.905834, 0.0)
(42.984787, 38.899483, 0.0)
(42.981163, 38.910446, 0.0)
(42.973106, 38.922523, 0.0)
(42.961536, 38.918720, 0.0)
(42.998333, 38.913570, 0.0)
(42.930458, 39.044205, 0.0)
(42.877224, 39.041733, 0.0)
(42.890476, 39.056290, 0.0)
(42.938530, 39.080944, 0.0)
(42.949646, 39.058426, 0.0)
(42.983261, 39.032864, 0.0)
(42.977180, 39.000801, 0.0)
(42.574223, 38.557827, 0.0)
(40.540150, 35.888767, 0.0)
(40.448555, 35.901833, 0.0)
(40.436367, 35.922230, 0.0)
(40.442970, 35.901787, 0.0)
(40.451214, 35.891701, 0.0)
(40.465416, 35.844746, 0.0)
(40.478493, 35.821739, 0.0)
(39.413399, 34.785160, 0.0)
(39.279293, 34.705189, 0.0)
(37.875042, 33.455734, 0.0)
(35.008163, 31.505621, 0.0)
(34.760338, 31.487720, 0.0)
(34.762394, 31.515009, 0.0)
(34.765404, 31.493425, 0.0)
(34.797958, 31.466362, 0.0)
(34.803947, 31.436050, 0.0)
(34.812748, 31.445826, 0.0)
(34.845097, 31.501347, 0.0)
(34.842102, 31.492491, 0.0)
(34.836830, 31.550608, 0.0)
(34.858963, 31.566748, 0.0)
(34.854961, 31.570642, 0.0)
(34.841988, 31.733141, 0.0)
(34.692890, 32.368214, 0.0)
(34.703526, 32.415924, 0.0)
(34.719185, 32.434338, 0.0)
(34.699650, 32.424080, 0.0)
(34.709641, 32.435772, 0.0)
(34.717701, 32.477230, 0.0)
(34.910828, 33.036026, 0.0)
(34.662464, 33.205906, 0.0)
(31.837248, 35.135303, 0.0)
(31.160185, 35.493092, 0.0)
(31.046993, 35.515549, 0.0)
(30.957300, 35.544666, 0.0)
(30.511093, 36.088051, 0.0)
(29.065063, 37.842716, 0.0)
(28.803017, 38.022663, 0.0)
(28.740740, 38.031631, 0.0)
(28.336836, 38.786007, 0.0)
(27.652512, 39.209591, 0.0)
(27.539034, 39.299675, 0.0)
(27.482569, 39.318619, 0.0)
(27.475630, 39.348400, 0.0)
(27.470888, 39.536488, 0.0)
(27.447041, 39.566566, 0.0)
(27.445087, 39.575787, 0.0)
(27.420313, 39.558861, 0.0)
(27.414274, 39.574413, 0.0)
(27.408564, 39.582043, 0.0)
(27.396759, 39.549305, 0.0)
(27.418045, 39.540756, 0.0)
(27.416451, 39.533913, 0.0)
(27.342159, 39.511414, 0.0)
(27.351210, 39.527641, 0.0)
(27.336901, 39.531242, 0.0)
(27.313747, 39.548038, 0.0)
(27.300922, 39.579327, 0.0)
(27.283140, 39.567608, 0.0)
(27.331251, 39.571587, 0.0)
(27.324934, 39.556080, 0.0)
(27.307629, 39.550484, 0.0)
(27.320152, 39.560780, 0.0)
(27.361027, 39.535332, 0.0)
(27.331728, 39.545944, 0.0)
(27.336391, 39.525570, 0.0)
(27.318661, 39.546936, 0.0)
(27.267178, 39.560734, 0.0)
(27.141731, 39.586685, 0.0)
(27.183275, 39.574142, 0.0)
(27.218899, 39.537506, 0.0)
(27.241234, 39.485126, 0.0)
(27.240000, 39.482925, 0.0)
(27.251583, 39.506676, 0.0)
(28.283417, 38.131969, 0.0)
(28.667578, 37.482185, 0.0)
(28.664173, 37.363499, 0.0)
(28.666004, 37.346394, 0.0)
(28.679060, 37.345261, 0.0)
(28.715528, 37.371071, 0.0)
(30.017294, 35.362747, 0.0)
(31.261745, 33.850250, 0.0)
(31.323195, 33.668217, 0.0)
(31.369392, 33.701324, 0.0)
(31.388474, 33.689671, 0.0)
(31.380033, 33.722603, 0.0)
(31.376524, 33.738445, 0.0)
(31.372868, 33.747105, 0.0)
(30.969061, 33.253540, 0.0)
(27.986931, 30.791458, 0.0)
(27.059870, 30.344164, 0.0)
(26.948328, 30.504488, 0.0)
(26.893364, 30.570759, 0.0)
(26.613226, 30.645853, 0.0)
(26.111559, 30.775766, 0.0)
(26.059746, 30.785515, 0.0)
(26.046095, 30.794910, 0.0)
(26.017609, 30.807732, 0.0)
(26.026407, 30.736519, 0.0)
(25.978386, 30.735786, 0.0)
(25.957611, 30.762335, 0.0)
(25.967159, 30.756161, 0.0)
(25.946247, 30.778154, 0.0)
(25.926640, 30.772665, 0.0)
(25.933247, 30.681091, 0.0)
(25.905815, 30.643171, 0.0)
(25.880768, 30.657269, 0.0)
(25.885508, 30.686226, 0.0)
(25.876648, 30.678062, 0.0)
(25.879166, 30.694351, 0.0)
(25.867012, 30.748299, 0.0)
(25.826590, 30.775467, 0.0)
(28.938255, 30.682745, 0.0)
(34.138268, 32.174515, 0.0)
(35.496197, 33.212193, 0.0)
(35.551655, 33.270168, 0.0)
(35.536396, 33.154282, 0.0)
(35.528580, 33.104275, 0.0)
(35.421967, 33.092308, 0.0)
(35.392746, 33.145611, 0.0)
(35.386005, 33.149464, 0.0)
(35.394554, 33.122284, 0.0)
(35.390583, 33.115730, 0.0)
(35.398376, 33.146854, 0.0)
(35.380924, 33.289894, 0.0)
(35.390057, 33.279076, 0.0)
(35.337273, 33.306416, 0.0)
(35.387413, 33.254139, 0.0)
(35.427036, 33.257751, 0.0)
(35.405098, 33.272648, 0.0)
(35.324947, 33.313725, 0.0)
(35.368782, 33.297256, 0.0)
(35.362343, 33.293121, 0.0)
(35.317669, 33.342281, 0.0)
(35.324120, 33.338982, 0.0)
(35.359711, 33.314510, 0.0)
(35.395557, 33.283112, 0.0)
(35.429962, 33.294930, 0.0)
(35.348457, 33.281582, 0.0)
(35.370461, 33.235889, 0.0)
(35.433678, 33.241459, 0.0)
(35.430981, 33.245579, 0.0)
(35.373299, 33.228424, 0.0)
(35.399544, 33.232491, 0.0)
(35.372498, 33.231342, 0.0)
(35.393196, 33.214039, 0.0)
(35.411236, 33.176228, 0.0)
(35.401176, 33.183346, 0.0)
(34.899494, 33.302261, 0.0)
(30.780157, 33.868141, 0.0)
(28.783665, 34.361725, 0.0)
(28.143953, 34.675755, 0.0)
(26.818071, 35.609604, 0.0)
(26.693264, 35.661572, 0.0)
(26.673914, 35.648006, 0.0)
(26.653524, 35.662682, 0.0)
(26.642874, 35.670830, 0.0)
(26.443079, 35.798256, 0.0)
(26.244493, 35.846916, 0.0)
(26.198454, 35.793751, 0.0)
(26.167021, 35.805687, 0.0)
(26.153305, 35.808548, 0.0)
(26.163982, 35.803135, 0.0)
(26.166748, 35.760235, 0.0)
(26.182390, 35.751156, 0.0)
(26.151047, 35.794598, 0.0)
(26.125362, 35.803375, 0.0)
(26.144192, 35.868961, 0.0)
(26.171816, 35.869648, 0.0)
(26.115932, 35.894581, 0.0)
(26.108469, 35.880650, 0.0)
(26.148468, 35.883240, 0.0)
(26.125858, 35.867924, 0.0)
(26.113630, 35.868420, 0.0)
(26.112003, 35.904804, 0.0)
(26.108082, 35.897484, 0.0)
(26.090248, 35.923237, 0.0)
(26.069391, 35.906368, 0.0)
(26.060720, 35.922661, 0.0)
(26.067192, 35.924892, 0.0)
(26.045742, 35.949139, 0.0)
(26.113209, 35.872803, 0.0)
(26.116915, 35.849899, 0.0)
(26.142382, 35.848709, 0.0)
(26.077097, 35.893414, 0.0)
(26.112251, 35.895443, 0.0)
(26.115532, 35.944550, 0.0)
(29.484575, 34.989079, 0.0)
(33.784649, 34.142159, 0.0)
(36.511677, 34.125736, 0.0)
(36.652370, 34.077698, 0.0)
(36.623684, 34.064533, 0.0)
(37.268806, 34.348598, 0.0)
(40.747639, 36.447281, 0.0)
(41.925133, 37.412956, 0.0)
(41.992298, 37.499603, 0.0)
(41.980385, 37.446846, 0.0)
(42.026897, 37.454727, 0.0)
(42.022236, 37.337452, 0.0)
(42.058475, 37.298965, 0.0)
(42.034939, 37.289902, 0.0)
(40.673222, 36.859978, 0.0)
(40.641064, 36.859409, 0.0)
(40.660679, 36.876369, 0.0)
(40.695080, 34.152889, 0.0)
(40.065113, 30.358622, 0.0)
(39.719776, 29.607370, 0.0)
(39.651077, 29.554604, 0.0)
(39.636036, 29.565527, 0.0)
(38.130436, 29.383337, 0.0)
(33.055222, 29.561728, 0.0)
(30.911808, 30.194008, 0.0)
(30.682430, 30.199160, 0.0)
(30.663252, 30.151388, 0.0)
(30.481512, 30.389694, 0.0)
(29.184711, 33.760551, 0.0)
(28.852055, 36.803001, 0.0)
(28.968008, 37.955051, 0.0)
(28.912537, 38.019012, 0.0)
(28.873585, 37.970009, 0.0)
(28.858290, 37.958412, 0.0)
(28.832211, 37.948338, 0.0)
(28.813347, 37.958397, 0.0)
(29.167276, 34.888744, 0.0)
(29.045280, 32.955902, 0.0)
(28.903416, 32.926434, 0.0)
(28.900799, 32.926811, 0.0)
(28.885492, 32.945518, 0.0)
(28.849787, 32.936359, 0.0)
(28.849197, 32.945705, 0.0)
(28.807117, 32.981712, 0.0)
(29.126411, 32.982567, 0.0)
(29.164547, 33.008976, 0.0)
(29.169630, 33.011101, 0.0)
(29.194572, 32.949947, 0.0)
(29.166967, 32.945305, 0.0)
(29.168633, 32.965225, 0.0)
(29.151487, 32.996025, 0.0)
(29.122965, 33.017612, 0.0)
(29.136578, 33.037300, 0.0)
(29.129480, 33.033428, 0.0)
(29.121218, 33.005627, 0.0)
(29.184582, 33.001228, 0.0)
(29.201883, 32.984921, 0.0)
(29.176889, 32.989819, 0.0)
(29.189358, 32.995319, 0.0)
(29.168730, 32.980965, 0.0)
(29.190439, 32.981895, 0.0)
(29.138374, 33.000565, 0.0)
(29.116825, 33.020676, 0.0)
(29.105656, 33.038433, 0.0)
(29.104448, 33.042740, 0.0)
(29.104658, 33.019657, 0.0)
(29.159985, 32.964912, 0.0)
(29.189081, 32.900383, 0.0)
(29.249941, 32.911449, 0.0)
(29.242674, 32.946659, 0.0)
(29.236940, 32.938675, 0.0)
(29.219425, 32.958344, 0.0)
(29.252571, 32.980282, 0.0)
(30.419594, 32.530201, 0.0)
(34.999958, 30.776220, 0.0)
(36.913361, 30.196133, 0.0)
(37.157383, 30.118170, 0.0)
(38.668060, 29.301685, 0.0)
(38.819485, 29.202940, 0.0)
(38.766094, 29.261194, 0.0)
(38.736156, 29.245173, 0.0)
(38.714085, 29.203871, 0.0)
(38.705757, 29.163130, 0.0)
(38.709232, 29.158081, 0.0)
(38.792973, 29.095472, 0.0)
(38.798019, 28.983288, 0.0)
(38.791130, 28.952316, 0.0)
(38.766468, 29.212774, 0.0)
(38.763283, 29.209190, 0.0)
(38.791080, 29.225218, 0.0)
(38.789837, 29.214281, 0.0)
(38.771706, 29.200880, 0.0)
(38.770451, 29.098179, 0.0)
(38.742542, 29.117243, 0.0)
(38.742542, 29.117243, 0.0)
(38.730492, 29.191345, 0.0)
(38.679756, 29.244242, 0.0)
(38.667336, 29.299091, 0.0)
(38.696384, 29.310505, 0.0)
(38.640930, 29.278872, 0.0)
(38.645283, 29.277941, 0.0)
(38.677315, 29.308279, 0.0)
(38.674522, 29.281483, 0.0)
(38.669468, 29.296970, 0.0)
(38.668552, 29.313732, 0.0)
(38.793213, 29.548166, 0.0)
(38.804459, 29.565811, 0.0)
(38.825306, 29.582479, 0.0)
(38.787113, 29.590128, 0.0)
(38.770195, 29.557331, 0.0)
(38.858654, 29.572344, 0.0)
(35.645130, 28.932463, 0.0)
(31.015745, 29.107172, 0.0)
(29.650311, 29.514093, 0.0)
(29.537945, 29.543970, 0.0)
(29.516323, 29.535368, 0.0)
(29.537573, 29.510086, 0.0)
(29.060383, 29.490608, 0.0)
(29.021524, 29.491854, 0.0)
(29.024126, 29.474293, 0.0)
(29.035061, 29.394722, 0.0)
(29.054184, 29.375212, 0.0)
(29.038725, 29.383604, 0.0)
(28.997868, 29.343044, 0.0)
(29.009329, 29.356487, 0.0)
(29.025074, 29.330755, 0.0)
(28.965368, 29.314371, 0.0)
(28.975554, 29.249342, 0.0)
(29.037706, 29.215757, 0.0)
(29.047724, 29.215471, 0.0)
(28.990265, 29.267143, 0.0)
(29.023111, 29.275682, 0.0)
(28.973169, 29.320208, 0.0)
(28.990934, 29.384224, 0.0)
(28.959063, 29.399311, 0.0)
(28.955191, 29.410906, 0.0)
(28.953640, 29.414129, 0.0)
(28.943499, 29.391344, 0.0)
(28.974295, 29.445604, 0.0)
(28.977324, 29.398817, 0.0)
(28.972269, 29.374100, 0.0)
(28.963013, 29.453138, 0.0)
(28.972017, 29.477863, 0.0)
(28.976271, 29.476267, 0.0)
(28.960583, 29.494358, 0.0)
(28.975525, 29.542576, 0.0)
(28.961662, 29.543613, 0.0)
(29.001799, 29.499596, 0.0)
(28.990448, 29.484917, 0.0)
(29.584974, 29.484966, 0.0)
(33.827465, 30.619875, 0.0)
(38.004387, 32.998852, 0.0)
(40.558693, 35.304886, 0.0)
(41.790756, 37.265663, 0.0)
(41.863026, 37.542446, 0.0)
(41.864178, 37.494492, 0.0)
(41.865963, 37.473057, 0.0)
(41.864185, 37.418716, 0.0)
(41.890720, 37.357540, 0.0)
(41.902924, 37.268703, 0.0)
(41.917839, 37.292519, 0.0)
(41.881836, 37.343609, 0.0)
(41.841099, 37.329655, 0.0)
(41.866283, 37.346497, 0.0)
(41.826233, 37.317764, 0.0)
(41.812763, 37.246334, 0.0)
(41.817982, 37.237858, 0.0)
(41.821011, 37.229027, 0.0)
(41.803158, 37.218956, 0.0)
(41.799755, 37.220684, 0.0)
(41.754059, 37.226761, 0.0)
(41.788948, 37.251984, 0.0)
(41.770958, 37.230141, 0.0)
(41.742760, 37.210468, 0.0)
(41.753742, 37.213490, 0.0)
(41.785328, 37.186905, 0.0)
(41.769394, 37.156708, 0.0)
(41.769924, 37.164032, 0.0)
(41.759964, 37.157223, 0.0)
(41.734665, 37.174343, 0.0)
(41.761971, 37.177364, 0.0)
(41.722069, 37.185249, 0.0)
(41.724957, 37.207680, 0.0)
(41.707870, 37.192024, 0.0)
(41.751339, 37.189289, 0.0)
(41.718666, 37.181496, 0.0)
(41.015110, 36.343704, 0.0)
(40.627434, 35.250237, 0.0)
(40.623093, 35.179008, 0.0)
(40.685898, 35.216412, 0.0)
(40.654224, 35.217609, 0.0)
(40.609066, 34.827133, 0.0)
(40.622608, 34.774998, 0.0)
(40.652409, 34.778946, 0.0)
(40.645069, 34.717087, 0.0)
(40.647972, 34.723747, 0.0)
(40.668510, 34.743858, 0.0)
(40.657131, 34.736202, 0.0)
(40.679367, 34.758492, 0.0)
(40.725002, 34.795849, 0.0)
(40.702843, 34.807816, 0.0)
(40.740952, 34.757099, 0.0)
(40.748508, 34.739609, 0.0)
(40.759727, 34.754536, 0.0)
(40.743816, 34.787369, 0.0)
(40.722691, 34.770340, 0.0)
(40.740726, 34.775272, 0.0)
(40.715405, 34.818703, 0.0)
(40.757694, 34.775101, 0.0)
(40.724197, 34.795944, 0.0)
(40.718586, 34.802101, 0.0)
(40.685455, 34.836651, 0.0)
(40.730377, 34.787884, 0.0)
(40.732380, 34.782871, 0.0)
(40.736179, 34.782310, 0.0)
(40.732380, 34.782871, 0.0)
(40.730377, 34.787884, 0.0)
(40.730377, 34.787884, 0.0)
(40.727535, 34.791031, 0.0)
(40.717686, 34.805813, 0.0)
(40.735664, 34.760227, 0.0)
(40.744259, 34.728065, 0.0)
(40.740509, 34.730560, 0.0)
(40.740742, 34.724297, 0.0)
(39.644711, 34.218430, 0.0)
(35.272881, 31.499475, 0.0)
(33.331898, 30.558441, 0.0)
(33.229153, 30.596640, 0.0)
(33.228775, 30.585327, 0.0)
(33.196842, 30.516684, 0.0)
(33.172016, 30.481874, 0.0)
(33.114269, 30.943068, 0.0)
(33.109295, 31.018562, 0.0)
(33.111431, 31.002560, 0.0)
(33.099850, 31.018614, 0.0)
(33.105469, 31.017197, 0.0)
(33.059021, 30.992973, 0.0)
(33.072548, 30.959337, 0.0)
(33.049999, 30.979231, 0.0)
(33.049339, 30.956665, 0.0)
(33.027122, 30.955030, 0.0)
(33.073135, 30.961716, 0.0)
(33.039478, 31.018614, 0.0)
(33.034019, 31.022648, 0.0)
(33.025555, 31.025911, 0.0)
(33.018093, 31.054609, 0.0)
(33.000225, 31.022577, 0.0)
(32.993626, 30.996843, 0.0)
(32.994545, 30.999928, 0.0)
(32.995266, 30.991575, 0.0)
(33.004982, 30.976061, 0.0)
(33.009163, 30.998499, 0.0)
(33.018036, 31.042406, 0.0)
(32.991894, 31.045609, 0.0)
(33.031208, 31.071997, 0.0)
(33.013996, 31.094467, 0.0)
(33.006062, 31.073303, 0.0)
(33.038055, 31.078941, 0.0)
(33.045155, 31.095076, 0.0)
(33.051525, 31.083094, 0.0)
(33.048698, 31.119526, 0.0)
(33.052204, 31.136536, 0.0)
(32.558014, 31.530039, 0.0)
(30.218103, 33.979904, 0.0)
(29.731789, 34.390923, 0.0)
(29.637987, 34.454773, 0.0)
(29.561174, 34.429485, 0.0)
(29.622787, 34.847263, 0.0)
(29.575592, 34.927517, 0.0)
(29.526245, 34.913754, 0.0)
(29.505587, 34.934814, 0.0)
(29.468237, 34.951405, 0.0)
(29.449585, 34.965973, 0.0)
(29.459761, 34.958366, 0.0)
(29.366882, 34.983395, 0.0)
(29.400703, 34.981720, 0.0)
(29.446777, 34.935841, 0.0)
(29.417128, 34.939129, 0.0)
(29.415398, 34.935066, 0.0)
(29.447531, 34.935318, 0.0)
(29.440746, 34.919151, 0.0)
(29.434422, 34.886852, 0.0)
(29.428064, 34.883957, 0.0)
(29.416311, 34.883739, 0.0)
(29.416586, 34.897530, 0.0)
(29.411596, 34.890404, 0.0)
(29.409218, 34.882748, 0.0)
(29.417528, 34.848938, 0.0)
(29.430357, 34.835144, 0.0)
(29.429813, 34.840260, 0.0)
(29.411554, 34.893837, 0.0)
(29.450558, 34.886906, 0.0)
(29.418467, 34.906334, 0.0)
(29.451408, 34.938385, 0.0)
(29.394398, 34.906803, 0.0)
(29.409084, 34.893188, 0.0)
(29.463728, 34.902615, 0.0)
(29.466585, 34.925182, 0.0)
(29.397459, 34.934574, 0.0)
(29.766085, 34.759167, 0.0)
(34.544529, 32.409878, 0.0)
(36.723335, 31.778524, 0.0)
(36.805859, 31.724205, 0.0)
(36.810223, 31.714706, 0.0)
(36.788094, 31.736170, 0.0)
(37.096588, 31.846912, 0.0)
(37.360092, 32.054173, 0.0)
(37.370686, 32.111446, 0.0)
(37.348770, 32.126080, 0.0)
(37.377682, 32.111919, 0.0)
(37.369431, 32.134701, 0.0)
(37.377613, 32.160748, 0.0)
(37.383141, 32.157570, 0.0)
(37.370480, 32.061920, 0.0)
(37.407856, 32.085281, 0.0)
(37.384842, 32.104275, 0.0)
(37.396355, 32.101265, 0.0)
(37.390926, 32.138115, 0.0)
(37.372204, 32.127239, 0.0)
(37.381908, 32.141289, 0.0)
(37.379402, 32.129242, 0.0)
(37.342876, 32.134048, 0.0)
(37.350693, 32.148567, 0.0)
(37.368065, 32.129070, 0.0)
(37.370129, 32.121887, 0.0)
(37.363266, 32.123276, 0.0)
(37.351692, 32.122486, 0.0)
(37.352879, 32.141846, 0.0)
(37.357365, 32.129761, 0.0)
(37.356182, 32.145882, 0.0)
(37.351498, 32.134834, 0.0)
(37.346336, 32.108883, 0.0)
(37.346336, 32.108883, 0.0)
(37.371086, 32.127876, 0.0)
(37.337902, 32.097538, 0.0)
(37.353931, 32.131584, 0.0)
(37.363880, 32.165474, 0.0)
(35.884663, 31.011776, 0.0)
(33.206490, 28.616972, 0.0)
(33.059433, 28.472979, 0.0)
(33.022800, 28.461195, 0.0)
(33.025318, 28.467731, 0.0)
(32.755810, 28.276720, 0.0)
(32.695236, 28.220791, 0.0)
(32.725941, 28.223167, 0.0)
(32.704697, 28.225641, 0.0)
(32.691990, 28.200439, 0.0)
(32.699497, 28.169485, 0.0)
(32.670212, 28.117546, 0.0)
(32.683384, 28.089315, 0.0)
(32.714947, 28.037766, 0.0)
(32.718906, 27.973736, 0.0)
(32.727142, 27.974176, 0.0)
(32.712845, 27.995306, 0.0)
(32.700050, 28.004330, 0.0)
(32.715302, 28.072264, 0.0)
(32.713917, 28.095032, 0.0)
(32.705498, 28.068377, 0.0)
(32.708473, 28.044510, 0.0)
(32.740273, 28.083822, 0.0)
(32.736046, 28.012512, 0.0)
(32.716763, 28.001513, 0.0)
(32.722721, 28.051388, 0.0)
(32.694122, 28.115273, 0.0)
(32.684925, 28.067087, 0.0)
(32.711254, 28.071566, 0.0)
(32.759941, 28.337843, 0.0)
(32.790859, 28.337734, 0.0)
(32.824287, 28.324421, 0.0)
(32.842960, 28.317087, 0.0)
(32.836376, 28.355904, 0.0)
(32.828274, 28.387625, 0.0)
(32.827965, 28.413187, 0.0)
(32.835709, 28.418327, 0.0)
(32.813606, 28.458389, 0.0)
(30.273317, 30.692118, 0.0)
(27.637907, 32.784756, 0.0)
(27.174267, 34.588707, 0.0)
(26.931957, 34.819084, 0.0)
(26.864006, 34.850300, 0.0)
(26.855423, 34.863564, 0.0)
(26.297808, 34.960987, 0.0)
(26.229012, 35.036629, 0.0)
(26.204239, 35.012089, 0.0)
(26.198019, 34.997391, 0.0)
(26.197170, 34.996361, 0.0)
(26.199892, 34.970493, 0.0)
(26.205563, 34.958775, 0.0)
(26.202826, 34.955257, 0.0)
(26.199455, 34.965164, 0.0)
(26.193562, 34.976933, 0.0)
(26.189346, 35.007862, 0.0)
(26.201157, 35.027328, 0.0)
(26.160830, 34.981812, 0.0)
(26.144264, 34.943031, 0.0)
(26.169945, 34.893692, 0.0)
(26.205921, 34.883358, 0.0)
(26.190735, 34.854939, 0.0)
(26.188454, 34.877850, 0.0)
(26.192522, 34.914490, 0.0)
(26.184210, 34.913681, 0.0)
(26.173138, 34.893394, 0.0)
(26.189402, 34.931145, 0.0)
(26.205563, 34.874260, 0.0)
(26.197407, 34.874786, 0.0)
(26.236597, 34.857216, 0.0)
(26.240408, 34.832951, 0.0)
(26.233564, 34.831104, 0.0)
(26.238577, 34.841442, 0.0)
(26.240513, 34.860199, 0.0)
(26.245455, 34.830437, 0.0)
(26.227558, 34.817352, 0.0)
(26.234039, 34.796097, 0.0)
(30.015745, 35.123058, 0.0)
(32.282024, 36.254208, 0.0)
(32.321266, 36.346107, 0.0)
(32.296730, 36.384331, 0.0)
(32.534996, 36.625744, 0.0)
(33.812717, 38.182331, 0.0)
(33.845749, 38.264523, 0.0)
(33.851112, 38.239937, 0.0)
(33.847385, 38.213913, 0.0)
(33.877331, 38.179790, 0.0)
(33.841221, 38.197823, 0.0)
(33.822403, 38.208820, 0.0)
(33.785049, 38.194023, 0.0)
(33.807007, 38.162521, 0.0)
(33.786121, 38.143749, 0.0)
(33.761440, 38.151192, 0.0)
(33.762520, 38.119366, 0.0)
(33.755192, 38.083130, 0.0)
(33.770145, 38.028053, 0.0)
(33.771576, 38.030468, 0.0)
(33.730835, 38.039322, 0.0)
(33.742706, 38.055264, 0.0)
(33.739872, 38.077568, 0.0)
(33.718182, 38.054832, 0.0)
(33.719769, 38.053539, 0.0)
(33.709309, 38.053047, 0.0)
(33.730801, 38.048351, 0.0)
(33.712601, 38.055691, 0.0)
(33.678699, 38.047333, 0.0)
(33.681725, 38.067768, 0.0)
(33.707676, 38.050999, 0.0)
(33.705070, 38.052670, 0.0)
(33.633526, 38.067078, 0.0)
(33.559799, 38.096451, 0.0)
(33.685085, 38.067078, 0.0)
(33.668179, 38.036106, 0.0)
(33.651184, 38.009518, 0.0)
(33.779324, 37.910419, 0.0)
(35.882805, 34.214779, 0.0)
(35.937038, 34.013412, 0.0)
(35.911594, 34.005116, 0.0)
(35.880634, 34.103413, 0.0)
(35.880188, 34.049416, 0.0)
(35.895866, 33.996651, 0.0)
(35.664944, 34.184692, 0.0)
(35.565960, 34.226601, 0.0)
(35.531246, 34.199512, 0.0)
(35.529636, 34.209091, 0.0)
(35.527355, 34.210335, 0.0)
(35.531807, 34.228828, 0.0)
(35.514980, 34.248581, 0.0)
(35.489067, 34.236225, 0.0)
(35.482533, 34.255684, 0.0)
(35.504787, 34.209507, 0.0)
(35.559128, 34.165718, 0.0)
(35.579136, 34.144241, 0.0)
(35.582977, 34.150551, 0.0)
(35.566456, 34.162586, 0.0)
(35.526764, 34.199711, 0.0)
(35.541893, 34.248043, 0.0)
(35.531361, 34.226810, 0.0)
(35.522404, 34.201385, 0.0)
(35.550686, 34.204258, 0.0)
(35.544277, 34.170689, 0.0)
(35.557232, 34.146606, 0.0)
(35.542038, 34.162285, 0.0)
(35.525520, 34.174797, 0.0)
(35.536354, 34.160973, 0.0)
(35.523994, 34.088726, 0.0)
(35.464199, 34.044384, 0.0)
(35.495522, 34.029175, 0.0)
(35.534000, 34.094097, 0.0)
(35.536442, 34.021908, 0.0)
(35.499741, 34.040157, 0.0)
(35.543709, 34.163582, 0.0)
(34.034683, 33.824741, 0.0)
(29.699392, 32.938580, 0.0)
(27.978121, 32.813564, 0.0)
(27.799438, 32.887547, 0.0)
(27.745665, 32.910938, 0.0)
(27.709164, 32.912083, 0.0)
(27.696438, 32.902233, 0.0)
(27.452671, 32.995773, 0.0)
(27.426880, 33.052021, 0.0)
(27.413397, 33.081406, 0.0)
(27.400076, 32.988621, 0.0)
(27.390810, 32.992050, 0.0)
(27.445885, 32.969570, 0.0)
(27.461924, 32.869904, 0.0)
(27.462534, 32.843372, 0.0)
(27.501854, 32.927555, 0.0)
(27.475323, 33.062038, 0.0)
(27.466629, 33.046783, 0.0)
(27.435791, 33.050171, 0.0)
(27.456745, 33.058586, 0.0)
(27.236301, 33.123051, 0.0)
(27.166573, 33.202213, 0.0)
(27.217176, 33.229557, 0.0)
(27.362202, 33.035912, 0.0)
(27.405228, 32.957809, 0.0)
(27.473566, 32.860413, 0.0)
(27.441484, 32.706806, 0.0)
(27.445395, 32.677376, 0.0)
(27.432890, 32.691280, 0.0)
(27.434479, 32.676201, 0.0)
(27.408092, 32.700092, 0.0)
(27.479467, 32.707069, 0.0)
(27.467937, 32.675301, 0.0)
(27.442442, 32.652920, 0.0)
(27.452129, 32.673721, 0.0)
(27.472288, 32.622623, 0.0)
(27.466038, 32.576042, 0.0)
(27.438103, 32.635235, 0.0)
(29.340004, 31.637716, 0.0)
(34.335079, 29.539997, 0.0)
(37.704468, 28.751041, 0.0)
(38.389648, 28.918982, 0.0)
(38.378689, 28.859432, 0.0)
(38.416523, 28.946259, 0.0)
(38.264858, 28.313721, 0.0)
(38.201138, 28.236195, 0.0)
(38.180588, 28.257294, 0.0)
(38.253307, 28.293810, 0.0)
(38.168785, 28.268532, 0.0)
(38.147743, 28.269865, 0.0)
(38.171467, 28.251905, 0.0)
(38.190960, 28.260241, 0.0)
(38.213203, 28.243876, 0.0)
(38.204514, 28.218977, 0.0)
(38.234844, 28.278465, 0.0)
(38.242031, 28.297161, 0.0)
(38.208897, 28.402468, 0.0)
(38.198307, 28.436502, 0.0)
(38.185970, 28.356375, 0.0)
(38.185497, 28.397203, 0.0)
(38.190155, 28.445623, 0.0)
(38.217144, 28.462418, 0.0)
(38.229126, 28.393740, 0.0)
(38.246170, 28.371664, 0.0)
(38.261635, 28.354448, 0.0)
(38.244686, 28.347023, 0.0)
(38.215328, 28.335043, 0.0)
(38.204487, 28.353350, 0.0)
(38.203873, 28.391697, 0.0)
(38.224491, 28.408190, 0.0)
(38.212185, 28.394161, 0.0)
(38.228466, 28.422899, 0.0)
(38.235966, 28.392658, 0.0)
(38.200287, 28.388910, 0.0)
(38.160198, 28.403769, 0.0)
(34.644547, 29.912710, 0.0)
(31.970013, 32.336044, 0.0)
(31.689207, 32.716167, 0.0)
(31.554821, 32.806667, 0.0)
(31.530127, 32.788662, 0.0)
(31.398609, 33.441223, 0.0)
(31.309772, 33.618584, 0.0)
(31.289305, 33.560745, 0.0)
(31.265024, 33.521011, 0.0)
(31.260115, 33.524368, 0.0)
(31.237068, 33.556747, 0.0)
(31.219433, 33.553650, 0.0)
(31.239182, 33.513180, 0.0)
(31.255262, 33.490219, 0.0)
(31.304922, 33.438316, 0.0)
(31.314400, 33.406212, 0.0)
(31.317074, 33.414906, 0.0)
(31.288258, 33.416847, 0.0)
(31.296638, 33.413425, 0.0)
(31.292130, 33.372780, 0.0)
(31.269787, 33.367523, 0.0)
(31.250654, 33.410713, 0.0)
(31.256067, 33.463249, 0.0)
(31.256067, 33.463249, 0.0)
(31.095978, 33.632343, 0.0)
(31.098930, 33.568138, 0.0)
(31.136496, 33.577343, 0.0)
(31.142906, 33.591064, 0.0)
(31.127907, 33.623405, 0.0)
(31.136702, 33.613186, 0.0)
(31.100368, 33.687115, 0.0)
(31.120449, 33.657024, 0.0)
(31.117521, 33.667446, 0.0)
(31.112761, 33.675652, 0.0)
(31.097532, 33.663864, 0.0)
(31.110258, 33.653904, 0.0)
(31.100267, 33.660252, 0.0)
(31.090628, 33.658318, 0.0)
(31.145861, 33.668091, 0.0)
(34.745682, 31.816309, 0.0)
(37.789730, 30.460201, 0.0)
(38.073391, 30.402550, 0.0)
(38.036846, 30.357592, 0.0)
(38.047478, 30.364670, 0.0)
(38.595531, 30.426407, 0.0)
(38.637093, 30.359928, 0.0)
(38.638409, 30.334555, 0.0)
(38.695877, 30.305498, 0.0)
(38.674183, 30.319975, 0.0)
(38.683002, 30.324915, 0.0)
(38.761810, 30.366188, 0.0)
(38.714699, 30.359341, 0.0)
(38.715088, 30.293900, 0.0)
(38.796806, 30.281025, 0.0)
(38.768772, 30.285908, 0.0)
(38.787193, 30.265873, 0.0)
(38.855057, 30.239290, 0.0)
(38.869366, 30.247999, 0.0)
(38.813961, 30.253242, 0.0)
(38.865940, 30.276300, 0.0)
(38.879162, 30.266436, 0.0)
(38.768574, 30.286648, 0.0)
(38.812008, 30.301363, 0.0)
(38.831982, 30.303423, 0.0)
(38.793755, 30.279753, 0.0)
(38.774723, 30.264086, 0.0)
(38.814678, 30.275778, 0.0)
(38.724636, 30.370960, 0.0)
(38.716351, 30.326923, 0.0)
(38.763832, 30.433516, 0.0)
(38.714863, 30.449778, 0.0)
(38.646229, 30.360033, 0.0)
(38.653767, 30.369963, 0.0)
(38.689991, 30.381498, 0.0)
(38.660988, 30.418894, 0.0)
(38.684673, 30.460159, 0.0)
(38.581787, 30.482866, 0.0)
(40.278053, 33.047474, 0.0)
(40.643780, 35.700871, 0.0)
(40.671333, 36.239136, 0.0)
(40.706371, 36.266136, 0.0)
(40.714634, 36.223621, 0.0)
(40.719574, 36.672356, 0.0)
(40.726860, 36.797489, 0.0)
(40.682152, 36.774101, 0.0)
(40.678104, 36.771938, 0.0)
(40.700588, 36.735298, 0.0)
(40.654739, 37.006104, 0.0)
(40.642998, 37.022972, 0.0)
(40.642838, 37.009254, 0.0)
(40.648983, 36.972214, 0.0)
(40.632332, 36.952579, 0.0)
(40.656853, 37.039581, 0.0)
(40.625084, 37.053608, 0.0)
(40.638317, 37.023758, 0.0)
(40.654579, 37.030159, 0.0)
(40.578533, 37.059437, 0.0)
(40.591068, 37.063610, 0.0)
(40.622818, 37.042492, 0.0)
(40.634769, 36.972214, 0.0)
(40.645557, 36.962311, 0.0)
(40.672340, 36.926384, 0.0)
(40.631271, 36.940624, 0.0)
(40.652576, 36.955864, 0.0)
(40.624367, 36.952518, 0.0)
(40.578442, 36.956928, 0.0)
(40.601521, 36.940102, 0.0)
(40.604256, 36.894432, 0.0)
(40.608635, 36.865788, 0.0)
(40.623055, 36.862381, 0.0)
(40.602955, 36.920204, 0.0)
(40.578796, 36.925457, 0.0)
(40.635155, 36.933861, 0.0)
(40.609947, 36.972683, 0.0)
(40.528030, 36.953903, 0.0)
(40.342197, 35.718292, 0.0)
(39.991238, 31.841593, 0.0)
(39.792725, 30.551071, 0.0)
(39.782848, 30.521158, 0.0)
(39.788540, 30.507303, 0.0)
(39.992798, 30.102396, 0.0)
(40.031422, 30.064222, 0.0)
(40.004135, 30.094738, 0.0)
(40.010342, 30.068680, 0.0)
(39.993828, 30.002222, 0.0)
(40.041660, 30.003603, 0.0)
(40.077648, 29.937380, 0.0)
(40.104160, 29.939358, 0.0)
(40.063614, 29.920813, 0.0)
(40.104527, 29.910898, 0.0)
(40.160225, 29.925655, 0.0)
(40.124691, 29.891348, 0.0)
(40.062775, 29.800430, 0.0)
(40.057320, 29.796272, 0.0)
(40.073540, 29.756403, 0.0)
(40.046242, 29.738197, 0.0)
(40.081158, 29.747728, 0.0)
(40.096249, 29.761717, 0.0)
(40.057602, 29.761583, 0.0)
(40.051651, 29.765902, 0.0)
(40.037598, 29.822968, 0.0)
(40.020306, 29.802048, 0.0)
(40.038177, 29.793201, 0.0)
(40.047020, 29.815643, 0.0)
(39.998962, 29.824028, 0.0)
(39.974487, 29.839081, 0.0)
(39.976147, 29.847040, 0.0)
(39.977814, 29.867142, 0.0)
(39.940277, 29.877911, 0.0)
(39.940739, 29.892895, 0.0)
(39.967499, 29.911209, 0.0)
(39.972256, 29.866198, 0.0)
(38.273266, 30.333221, 0.0)
(36.613441, 32.647312, 0.0)
(36.183796, 34.795307, 0.0)
(36.083443, 34.947601, 0.0)
(36.082108, 34.851582, 0.0)
(35.768879, 35.611931, 0.0)
(35.663090, 35.682053, 0.0)
(35.661995, 35.594135, 0.0)
(35.651230, 35.557915, 0.0)
(35.607632, 35.570618, 0.0)
(35.582081, 35.591057, 0.0)
(35.543621, 35.589966, 0.0)
(35.538181, 35.605785, 0.0)
(35.498741, 35.644955, 0.0)
(35.484982, 35.614288, 0.0)
(35.444160, 35.627075, 0.0)
(35.454624, 35.596851, 0.0)
(35.464005, 35.530071, 0.0)
(35.464005, 35.530071, 0.0)
(35.468132, 35.529804, 0.0)
(35.442230, 35.552807, 0.0)
(35.497101, 35.587578, 0.0)
(35.481441, 35.718002, 0.0)
(35.433701, 35.727711, 0.0)
(35.468914, 35.721146, 0.0)
(35.476059, 35.702442, 0.0)
(35.476501, 35.682121, 0.0)
(35.474407, 35.672428, 0.0)
(35.465839, 35.693150, 0.0)
(35.457752, 35.723232, 0.0)
(35.443928, 35.728119, 0.0)
(35.435661, 35.715244, 0.0)
(35.397545, 35.714649, 0.0)
(35.394569, 35.751530, 0.0)
(35.400089, 35.764187, 0.0)
(35.417892, 35.729252, 0.0)
(35.433098, 35.613285, 0.0)
(35.472221, 35.666187, 0.0)
(35.610157, 37.308666, 0.0)
(35.588905, 37.433964, 0.0)
(35.568546, 37.400677, 0.0)
(35.620922, 37.985184, 0.0)
(35.620548, 38.033943, 0.0)
(35.634514, 38.014088, 0.0)
(35.625816, 37.957577, 0.0)
(35.616673, 37.929646, 0.0)
(35.616344, 37.919498, 0.0)
(35.600311, 37.906281, 0.0)
(35.616978, 37.915077, 0.0)
(35.619343, 37.969315, 0.0)
(35.575439, 37.916378, 0.0)
(35.566082, 37.919033, 0.0)
(35.601887, 37.923424, 0.0)
(35.645332, 37.910583, 0.0)
(35.632225, 37.870834, 0.0)
(35.633034, 37.861599, 0.0)
(35.646915, 37.902885, 0.0)
(35.567333, 37.912556, 0.0)
(35.594547, 37.901932, 0.0)
(35.588051, 37.912525, 0.0)
(35.535301, 37.888012, 0.0)
(35.572208, 37.881649, 0.0)
(35.577682, 37.860283, 0.0)
(35.583729, 37.865166, 0.0)
(35.557716, 37.904037, 0.0)
(35.535431, 37.900188, 0.0)
(35.563480, 37.953957, 0.0)
(35.531006, 37.961739, 0.0)
(35.474957, 37.967552, 0.0)
(35.489365, 38.008999, 0.0)
(35.487217, 37.995831, 0.0)
(35.484680, 37.942066, 0.0)
(35.472443, 37.911205, 0.0)
(35.479782, 37.924629, 0.0)
(35.484245, 37.859871, 0.0)
(35.498779, 37.884781, 0.0)
(35.512474, 37.959145, 0.0)
(37.913361, 37.128761, 0.0)
(39.526756, 37.191833, 0.0)
(39.648872, 37.147842, 0.0)
(39.604137, 37.172653, 0.0)
(39.590988, 37.178436, 0.0)
(40.435116, 37.318939, 0.0)
(40.567829, 37.209843, 0.0)
(40.585220, 37.246811, 0.0)
(40.592625, 37.242123, 0.0)
(40.591949, 37.236164, 0.0)
(40.592216, 37.249176, 0.0)
(40.620605, 37.278717, 0.0)
(40.636356, 37.268982, 0.0)
(40.639847, 37.279484, 0.0)
(40.657459, 37.271698, 0.0)
(40.660778, 37.277599, 0.0)
(38.559319, 36.409210, 0.0)
(38.181660, 36.286098, 0.0)
(38.154125, 36.309662, 0.0)
(38.154713, 36.258820, 0.0)
(38.205795, 36.252136, 0.0)
(38.234802, 36.270557, 0.0)
(38.215878, 36.239983, 0.0)
(38.233109, 36.248241, 0.0)
(38.241215, 36.281765, 0.0)
(36.320778, 35.340485, 0.0)
(35.674084, 35.167812, 0.0)
(35.579102, 35.150112, 0.0)
(35.579681, 35.165813, 0.0)
(35.593151, 35.167751, 0.0)
(35.621540, 35.137577, 0.0)
(35.624332, 35.121758, 0.0)
(35.657272, 35.064571, 0.0)
(35.673122, 35.066483, 0.0)
(35.688530, 35.108669, 0.0)
(35.687103, 35.117470, 0.0)
(33.482719, 33.330856, 0.0)
(31.211763, 32.249187, 0.0)
(31.064491, 32.285973, 0.0)
(31.126123, 32.333210, 0.0)
(31.126123, 32.333210, 0.0)
(31.035120, 32.297310, 0.0)
(31.034992, 32.297485, 0.0)
(31.046810, 32.292912, 0.0)
(31.031839, 32.324322, 0.0)
(31.029440, 32.342640, 0.0)
(31.027273, 32.395248, 0.0)
(31.004856, 32.373802, 0.0)
(31.013760, 32.317722, 0.0)
(31.016718, 32.309536, 0.0)
(31.033377, 32.293041, 0.0)
(31.015860, 32.261932, 0.0)
(31.015882, 32.277618, 0.0)
(31.008074, 32.299786, 0.0)
(31.006483, 32.352097, 0.0)
(30.975906, 32.339535, 0.0)
(30.984850, 32.354649, 0.0)
(30.987198, 32.376026, 0.0)
(30.996630, 32.354359, 0.0)
(31.011457, 32.330170, 0.0)
(31.021866, 32.321419, 0.0)
(31.007858, 32.366734, 0.0)
(31.012953, 32.425529, 0.0)
(30.999178, 32.454918, 0.0)
(31.008751, 32.474087, 0.0)
(30.992737, 32.498421, 0.0)
(30.962093, 32.486263, 0.0)
(30.954889, 32.508804, 0.0)
(30.961815, 32.525528, 0.0)
(30.961260, 32.492634, 0.0)
(30.972548, 32.514626, 0.0)
(30.971422, 32.552448, 0.0)
(30.938147, 32.567337, 0.0)
(30.940687, 32.600063, 0.0)
(30.939072, 32.615219, 0.0)
(32.842381, 33.417923, 0.0)
(35.651024, 35.532883, 0.0)
(36.705036, 37.200764, 0.0)
(36.704464, 37.325043, 0.0)
(36.661652, 37.283810, 0.0)
(37.176395, 38.155704, 0.0)
(37.403004, 38.975513, 0.0)
(37.382092, 39.037048, 0.0)
(37.377743, 38.998558, 0.0)
(37.359959, 38.979019, 0.0)
(37.366020, 38.981678, 0.0)
(37.318958, 38.996048, 0.0)
(37.326939, 38.971016, 0.0)
(37.328339, 38.923191, 0.0)
(37.354050, 38.909058, 0.0)
(37.343288, 38.899696, 0.0)
(37.344200, 38.894962, 0.0)
(37.342308, 38.911106, 0.0)
(37.350304, 38.911331, 0.0)
(37.330151, 38.948078, 0.0)
(37.235870, 39.168980, 0.0)
(37.261257, 39.171108, 0.0)
(37.265991, 39.138752, 0.0)
(37.259602, 39.124310, 0.0)
(37.263474, 39.127995, 0.0)
(37.291302, 39.115349, 0.0)
(37.282810, 39.132111, 0.0)
(37.238510, 39.131832, 0.0)
(37.243099, 39.120495, 0.0)
(37.286736, 39.091843, 0.0)
(37.224327, 39.064262, 0.0)
(37.226749, 39.044548, 0.0)
(37.250942, 39.037430, 0.0)
(37.284859, 38.993168, 0.0)
(37.297634, 38.936718, 0.0)
(37.304108, 38.954792, 0.0)
(36.278969, 38.830769, 0.0)
(32.343395, 38.235237, 0.0)
(31.769056, 38.335949, 0.0)
(31.683752, 38.354988, 0.0)
(31.674561, 38.352566, 0.0)
(31.669785, 38.346012, 0.0)
(31.670580, 38.341606, 0.0)
(31.656393, 38.328518, 0.0)
(31.607409, 38.351719, 0.0)
(31.604948, 38.345425, 0.0)
(31.571060, 38.385471, 0.0)
(31.555511, 38.381989, 0.0)
(31.522032, 38.384090, 0.0)
(31.481413, 38.368267, 0.0)
(31.474318, 38.402431, 0.0)
(31.494507, 38.357723, 0.0)
(31.211018, 38.109531, 0.0)
(31.163988, 38.062103, 0.0)
(31.187475, 38.097706, 0.0)
(31.188877, 38.102619, 0.0)
(31.188877, 38.102619, 0.0)
(31.174227, 38.107132, 0.0)
(31.159674, 38.112488, 0.0)
(31.162567, 38.098305, 0.0)
(31.174185, 38.083748, 0.0)
(31.168114, 38.100502, 0.0)
(31.155785, 38.107353, 0.0)
(31.115191, 38.143063, 0.0)
(31.126917, 38.148521, 0.0)
(31.131399, 38.179108, 0.0)
(31.128325, 38.176308, 0.0)
(31.116787, 38.176502, 0.0)
(31.117424, 38.167912, 0.0)
(31.155470, 38.167210, 0.0)
(31.168732, 38.142712, 0.0)
(31.196018, 38.129642, 0.0)
(31.196325, 38.116249, 0.0)
(31.139608, 38.139992, 0.0)
(31.486588, 37.948372, 0.0)
(34.840054, 34.372948, 0.0)
(38.171757, 32.313129, 0.0)
(40.135281, 31.788891, 0.0)
(40.679565, 31.899796, 0.0)
(40.746822, 31.961319, 0.0)
(40.793240, 31.948919, 0.0)
(41.772316, 32.090687, 0.0)
(41.828106, 32.119694, 0.0)
(41.819019, 32.178623, 0.0)
(41.788090, 32.126205, 0.0)
(41.877995, 32.123672, 0.0)
(41.832108, 32.090591, 0.0)
(41.805878, 32.085896, 0.0)
(41.854496, 32.050930, 0.0)
(41.868031, 32.000683, 0.0)
(41.885735, 31.956482, 0.0)
(41.864437, 31.968370, 0.0)
(41.891003, 31.993067, 0.0)
(41.877148, 31.965717, 0.0)
(41.864952, 31.953543, 0.0)
(41.868416, 31.986172, 0.0)
(41.878387, 31.974560, 0.0)
(41.882080, 31.968548, 0.0)
(41.882080, 31.968548, 0.0)
(41.818924, 31.955431, 0.0)
(41.855442, 32.003391, 0.0)
(41.879692, 32.107525, 0.0)
(41.667252, 31.975250, 0.0)
(40.496338, 31.502033, 0.0)
(40.446144, 31.462622, 0.0)
(40.485176, 31.424694, 0.0)
(40.495308, 31.429346, 0.0)
(40.552612, 31.431396, 0.0)
(40.554073, 31.407553, 0.0)
(40.532619, 31.416483, 0.0)
(40.330219, 31.387327, 0.0)
(36.199398, 30.081385, 0.0)
(35.993649, 29.861452, 0.0)
(35.985538, 29.814577, 0.0)
(36.009102, 29.785543, 0.0)
(36.350620, 29.537016, 0.0)
(36.432713, 29.469246, 0.0)
(36.405609, 29.473633, 0.0)
(36.378395, 29.508127, 0.0)
(36.376514, 29.509266, 0.0)
(36.380241, 29.561733, 0.0)
(36.389900, 29.528467, 0.0)
(36.358990, 29.479622, 0.0)
(36.385918, 29.474127, 0.0)
(36.403870, 29.406757, 0.0)
(36.363880, 29.351456, 0.0)
(36.347946, 29.370766, 0.0)
(36.375225, 29.426573, 0.0)
(36.370171, 29.407463, 0.0)
(36.348427, 29.457224, 0.0)
(36.352314, 29.462910, 0.0)
(36.341408, 29.488029, 0.0)
(36.316887, 29.481382, 0.0)
(36.340420, 29.499100, 0.0)
(35.942551, 29.546608, 0.0)
(34.235100, 29.831141, 0.0)
(33.773102, 30.041862, 0.0)
(33.757416, 30.108103, 0.0)
(33.744759, 30.103575, 0.0)
(33.745178, 30.102791, 0.0)
(33.738876, 30.111355, 0.0)
(33.734333, 30.132154, 0.0)
(33.737484, 30.128063, 0.0)
(33.740326, 30.117817, 0.0)
(33.765213, 30.066204, 0.0)
(33.751179, 30.066746, 0.0)
(33.744366, 30.122667, 0.0)
(33.726986, 30.167259, 0.0)
(33.746056, 30.171030, 0.0)
(33.731712, 30.195814, 0.0)
(33.727695, 30.192675, 0.0)
(32.770554, 31.346535, 0.0)
(31.894644, 33.363407, 0.0)
(31.646194, 33.571964, 0.0)
(31.614790, 33.530842, 0.0)
(31.585642, 33.519699, 0.0)
(30.227839, 35.081894, 0.0)
(28.930449, 37.642197, 0.0)
(28.629797, 37.891663, 0.0)
(28.565498, 37.876553, 0.0)
(28.488922, 37.906944, 0.0)
(31.878389, 37.156651, 0.0)
(36.498856, 36.613106, 0.0)
(39.411880, 37.174187, 0.0)
(39.798122, 37.306896, 0.0)
(40.993797, 38.132206, 0.0)
(41.085171, 38.228531, 0.0)
(41.051838, 38.226345, 0.0)
(41.057354, 38.221931, 0.0)
(41.042706, 38.224609, 0.0)
(41.055119, 38.208015, 0.0)
(41.082638, 38.186199, 0.0)
(41.079514, 38.190186, 0.0)
(41.095001, 38.127396, 0.0)
(41.130379, 38.176067, 0.0)
(41.308800, 38.487106, 0.0)
(41.328327, 38.487549, 0.0)
(41.331295, 38.461220, 0.0)
(41.301083, 38.462181, 0.0)
(41.314888, 38.457718, 0.0)
(41.314888, 38.457718, 0.0)
(41.240875, 38.421719, 0.0)
(41.247612, 38.416298, 0.0)
(41.268829, 38.427811, 0.0)
(41.296726, 38.428356, 0.0)
(41.276039, 38.391369, 0.0)
(41.249481, 38.416439, 0.0)
(41.248245, 38.425068, 0.0)
(38.237080, 37.449944, 0.0)
(34.121250, 37.391762, 0.0)
(33.389828, 37.732307, 0.0)
(33.354309, 37.738289, 0.0)
(33.373375, 37.734951, 0.0)
(33.368416, 37.738556, 0.0)
(33.358150, 37.736309, 0.0)
(33.339245, 37.713604, 0.0)
(33.269981, 37.311111, 0.0)
(33.262329, 37.311020, 0.0)
(33.266880, 37.312695, 0.0)
(33.262344, 37.316620, 0.0)
(33.229111, 37.314011, 0.0)
(33.199650, 37.314644, 0.0)
(33.186745, 37.310242, 0.0)
(33.213989, 37.298836, 0.0)
(33.201374, 37.269505, 0.0)
(33.197357, 37.287285, 0.0)
(33.197357, 37.287285, 0.0)
(33.194725, 37.299881, 0.0)
(33.186131, 37.299068, 0.0)
(33.204189, 37.332603, 0.0)
(33.168007, 37.354000, 0.0)
(33.160923, 37.368614, 0.0)
(33.187397, 37.360413, 0.0)
(33.173927, 37.358719, 0.0)
(33.171257, 37.390045, 0.0)
(33.169907, 37.390831, 0.0)
(33.172760, 37.404278, 0.0)
(33.151550, 37.397270, 0.0)
(33.158352, 37.409462, 0.0)
(33.150242, 37.399723, 0.0)
(33.159611, 37.393890, 0.0)
(33.124748, 37.406624, 0.0)
(33.118645, 37.423893, 0.0)
(33.150734, 37.420067, 0.0)
(33.169788, 37.382114, 0.0)
(34.530659, 33.901661, 0.0)
(35.295025, 30.654083, 0.0)
(35.218655, 30.401394, 0.0)
(35.189503, 30.369013, 0.0)
(35.152390, 30.400700, 0.0)
(34.640182, 30.574171, 0.0)
(34.574692, 30.575495, 0.0)
(34.563328, 30.547110, 0.0)
(34.571964, 30.536154, 0.0)
(34.579876, 30.529545, 0.0)
(34.588959, 30.457830, 0.0)
(34.556740, 30.500778, 0.0)
(34.537136, 30.577023, 0.0)
(34.495171, 30.557774, 0.0)
(34.548450, 30.563780, 0.0)
(34.585850, 30.524572, 0.0)
(34.516071, 30.482395, 0.0)
(34.554100, 30.481613, 0.0)
(34.582481, 30.465219, 0.0)
(34.620617, 30.427092, 0.0)
(34.602448, 30.417360, 0.0)
(34.624664, 30.410769, 0.0)
(34.619724, 30.437811, 0.0)
(34.599350, 30.434702, 0.0)
(34.646423, 30.442015, 0.0)
(34.594009, 30.441351, 0.0)
(34.580616, 30.443256, 0.0)
(34.621548, 30.426695, 0.0)
(34.624626, 30.405128, 0.0)
(34.618637, 30.368483, 0.0)
(34.662441, 30.363590, 0.0)
(34.663383, 30.372452, 0.0)
(34.649948, 30.360710, 0.0)
(34.663586, 30.383091, 0.0)
(34.666904, 30.356848, 0.0)
(34.608849, 30.311789, 0.0)
(34.590523, 30.346077, 0.0)
(34.455406, 30.289209, 0.0)
(30.645676, 30.331795, 0.0)
(28.357401, 30.739693, 0.0)
(28.228710, 30.860559, 0.0)
(28.226294, 30.821218, 0.0)
(27.317564, 31.109936, 0.0)
(27.198174, 31.184887, 0.0)
(27.139622, 31.164278, 0.0)
(27.170563, 31.134314, 0.0)
(27.197548, 31.160482, 0.0)
(27.141708, 31.182173, 0.0)
(27.137989, 31.185675, 0.0)
(27.097342, 31.222155, 0.0)
(27.096687, 31.258598, 0.0)
(27.076654, 31.244198, 0.0)
(27.047611, 31.218483, 0.0)
(27.077360, 31.198330, 0.0)
(27.089458, 31.183544, 0.0)
(27.078941, 31.125143, 0.0)
(27.080881, 31.153267, 0.0)
(27.086264, 31.216911, 0.0)
(27.079557, 31.206577, 0.0)
(27.081467, 31.216825, 0.0)
(27.051329, 31.232389, 0.0)
(27.035114, 31.223881, 0.0)
(27.017084, 31.189060, 0.0)
(27.060301, 31.159161, 0.0)
(27.068205, 31.182402, 0.0)
(27.069464, 31.193399, 0.0)
(27.080658, 31.176672, 0.0)
(27.088514, 31.221350, 0.0)
(27.116762, 31.254919, 0.0)
(29.224243, 30.855503, 0.0)
(30.106377, 30.760826, 0.0)
(30.186985, 30.768436, 0.0)
(30.118528, 30.753576, 0.0)
(30.143547, 30.757137, 0.0)
(30.177483, 30.772810, 0.0)
(30.414618, 31.499151, 0.0)
(30.918083, 33.725624, 0.0)
(31.102558, 35.075451, 0.0)
(31.024797, 35.275738, 0.0)
(31.003304, 35.269230, 0.0)
(31.024570, 35.454334, 0.0)
(31.232786, 36.057137, 0.0)
(31.230820, 36.069565, 0.0)
(31.209486, 36.052925, 0.0)
(31.178909, 36.094559, 0.0)
(31.167629, 36.068645, 0.0)
(31.209944, 36.083000, 0.0)
(31.203180, 36.100147, 0.0)
(31.099176, 36.102325, 0.0)
(31.102213, 36.044762, 0.0)
(31.136017, 36.070580, 0.0)
(31.112915, 36.020054, 0.0)
(31.141838, 36.025135, 0.0)
(31.140703, 36.012897, 0.0)
(31.142958, 36.003777, 0.0)
(31.129185, 36.017174, 0.0)
(31.132418, 36.030357, 0.0)
(31.171085, 36.043324, 0.0)
(31.166254, 36.091576, 0.0)
(31.144371, 36.042240, 0.0)
(31.207613, 36.075691, 0.0)
(31.203926, 36.073345, 0.0)
(31.196774, 36.042236, 0.0)
(31.223654, 36.032318, 0.0)
(31.164621, 36.041519, 0.0)
(31.177153, 36.025951, 0.0)
(31.182178, 36.037338, 0.0)
(31.138794, 36.053242, 0.0)
(31.140623, 36.025600, 0.0)
(31.142960, 36.046555, 0.0)
(31.155281, 36.033367, 0.0)
(31.164774, 35.973484, 0.0)
(31.138443, 36.059406, 0.0)
(32.420151, 33.900208, 0.0)
(33.814602, 31.195642, 0.0)
(34.218056, 30.389359, 0.0)
(34.270123, 30.377314, 0.0)
(34.225986, 30.363657, 0.0)
(34.569668, 29.640808, 0.0)
(34.573349, 29.531256, 0.0)
(34.602341, 29.516371, 0.0)
(34.594536, 29.493670, 0.0)
(34.585949, 29.503613, 0.0)
(34.586895, 29.502975, 0.0)
(34.582771, 29.496401, 0.0)
(34.609322, 29.482494, 0.0)
(34.616577, 29.449991, 0.0)
(34.609699, 29.458195, 0.0)
(34.531738, 29.463154, 0.0)
(34.568947, 29.415384, 0.0)
(34.534420, 29.324808, 0.0)
(34.524017, 29.323002, 0.0)
(34.516769, 29.422520, 0.0)
(34.496887, 29.425764, 0.0)
(34.518452, 29.410059, 0.0)
(34.520828, 29.471855, 0.0)
(34.506721, 29.509468, 0.0)
(34.464050, 29.492239, 0.0)
(34.492840, 29.504919, 0.0)
(34.491829, 29.543146, 0.0)
(34.465893, 29.568583, 0.0)
(34.477345, 29.605955, 0.0)
(34.475037, 29.652071, 0.0)
(34.478897, 29.650608, 0.0)
(34.468704, 29.675829, 0.0)
(34.473694, 29.664005, 0.0)
(34.407928, 29.717363, 0.0)
(34.405937, 29.700670, 0.0)
(34.401356, 29.730253, 0.0)
(34.430958, 29.697435, 0.0)
(34.415447, 29.677425, 0.0)
(34.344524, 30.022066, 0.0)
(34.775127, 32.021599, 0.0)
(34.955055, 32.562050, 0.0)
(34.922543, 32.612774, 0.0)
(34.926353, 32.844887, 0.0)
(35.080345, 33.704498, 0.0)
(35.062389, 33.747833, 0.0)
(35.047478, 33.695332, 0.0)
(35.016987, 33.689137, 0.0)
(35.001148, 33.707714, 0.0)
(35.007187, 33.673561, 0.0)
(34.993195, 33.710381, 0.0)
(34.985512, 33.692699, 0.0)
(35.018101, 33.717583, 0.0)
(34.985264, 33.743618, 0.0)
(34.996887, 33.719021, 0.0)
(35.005970, 33.730507, 0.0)
(34.978489, 33.777889, 0.0)
(34.901558, 33.766434, 0.0)
(34.968285, 33.765530, 0.0)
(34.970123, 33.766743, 0.0)
(34.997383, 33.705696, 0.0)
(34.975857, 33.711857, 0.0)
(34.993984, 33.698895, 0.0)
(35.001724, 33.696808, 0.0)
(35.005302, 33.692261, 0.0)
(34.980598, 33.733498, 0.0)
(34.989925, 33.764923, 0.0)
(34.963520, 33.776405, 0.0)
(35.027630, 33.728283, 0.0)
(35.007957, 33.713871, 0.0)
(34.992729, 33.686996, 0.0)
(35.052521, 33.725731, 0.0)
(35.057667, 33.701859, 0.0)
(35.076427, 33.728596, 0.0)
(35.038399, 33.704464, 0.0)
(35.067577, 33.732384, 0.0)
(35.325592, 33.798767, 0.0)
(38.335194, 34.686272, 0.0)
(38.341114, 34.691235, 0.0)
(38.344719, 34.693707, 0.0)
(38.355991, 34.613972, 0.0)
(38.731533, 34.848202, 0.0)
(38.792088, 34.922642, 0.0)
(38.786175, 34.943115, 0.0)
(38.782448, 34.941711, 0.0)
(38.788147, 34.967697, 0.0)
(38.800663, 34.993073, 0.0)
(38.767685, 34.967033, 0.0)
(38.783688, 34.949329, 0.0)
(38.784878, 34.983124, 0.0)
(38.865261, 34.948574, 0.0)
(38.849876, 34.963425, 0.0)
(38.822304, 35.021721, 0.0)
(38.813046, 35.051785, 0.0)
(38.770412, 35.052574, 0.0)
(38.784985, 35.048973, 0.0)
(38.750420, 35.033779, 0.0)
(38.743752, 35.027100, 0.0)
(38.741131, 35.041695, 0.0)
(38.751617, 35.039284, 0.0)
(38.750237, 35.026081, 0.0)
(38.749893, 35.002434, 0.0)
(38.746166, 35.004166, 0.0)
(38.728237, 35.020153, 0.0)
(38.751278, 34.996132, 0.0)
(38.748604, 35.013939, 0.0)
(38.669762, 35.057972, 0.0)
(38.721169, 35.009331, 0.0)
(38.738091, 35.016052, 0.0)
(38.732948, 35.014610, 0.0)
(38.723797, 35.024803, 0.0)
(38.713924, 35.034439, 0.0)
(38.715370, 35.047245, 0.0)
(38.737854, 35.088394, 0.0)
(39.568546, 35.683071, 0.0)
(40.135876, 36.110626, 0.0)
(40.186565, 36.078045, 0.0)
(40.169556, 36.083958, 0.0)
(40.149754, 36.140591, 0.0)
(40.156445, 36.093132, 0.0)
(40.185410, 36.077652, 0.0)
(40.276943, 36.361736, 0.0)
(40.294903, 36.380726, 0.0)
(40.294956, 36.394768, 0.0)
(40.287987, 36.399384, 0.0)
(40.280235, 36.401627, 0.0)
(40.289726, 36.424831, 0.0)
(40.264687, 36.468426, 0.0)
(40.247902, 36.408096, 0.0)
(40.290848, 36.396080, 0.0)
(40.312294, 36.417015, 0.0)
(40.278717, 36.423107, 0.0)
(40.295918, 36.375313, 0.0)
(40.329182, 36.387959, 0.0)
(40.311123, 36.369232, 0.0)
(40.298477, 36.354393, 0.0)
(40.298477, 36.354393, 0.0)
(40.291466, 36.347420, 0.0)
(40.259014, 36.373222, 0.0)
(40.263382, 36.344666, 0.0)
(40.286777, 36.327251, 0.0)
(40.324768, 36.275028, 0.0)
(40.295536, 36.310932, 0.0)
(40.287056, 36.353672, 0.0)
(40.275757, 36.409050, 0.0)
(40.290840, 36.409580, 0.0)
(40.290405, 36.408390, 0.0)
(40.283573, 36.461594, 0.0)
(40.235649, 36.452629, 0.0)
(40.234924, 36.408001, 0.0)
(40.240913, 36.410114, 0.0)
(40.231377, 36.404041, 0.0)
(40.272980, 36.410919, 0.0)
(41.326019, 35.199520, 0.0)
(41.704296, 34.777386, 0.0)
(41.742676, 34.837429, 0.0)
(41.684692, 34.841591, 0.0)
(42.092720, 34.272106, 0.0)
(42.171314, 34.316971, 0.0)
(42.104767, 34.232342, 0.0)
(42.103420, 34.286346, 0.0)
(42.174278, 34.330952, 0.0)
(42.131870, 34.323040, 0.0)
(42.140446, 34.367706, 0.0)
(42.148903, 34.382153, 0.0)
(42.132622, 34.367496, 0.0)
(42.146568, 34.308262, 0.0)
(42.178383, 34.270969, 0.0)
(41.978359, 34.109409, 0.0)
(41.964222, 34.065910, 0.0)
(41.957783, 34.110287, 0.0)
(41.936794, 34.110893, 0.0)
(41.924656, 34.180019, 0.0)
(41.892509, 34.106060, 0.0)
(41.904507, 34.125744, 0.0)
(41.912525, 34.112938, 0.0)
(41.926960, 34.105354, 0.0)
(41.943645, 34.092659, 0.0)
(41.962532, 34.114716, 0.0)
(42.023220, 34.228008, 0.0)
(41.949471, 34.129646, 0.0)
(42.008240, 34.158527, 0.0)
(42.032356, 34.202320, 0.0)
(42.022961, 34.184528, 0.0)
(41.977940, 34.083660, 0.0)
(42.023338, 34.074726, 0.0)
(42.022472, 34.119549, 0.0)
(42.038029, 34.230564, 0.0)
(41.989899, 34.258785, 0.0)
(41.991848, 34.290527, 0.0)
(41.994785, 34.298519, 0.0)
(42.082634, 34.917477, 0.0)
(42.232178, 36.390385, 0.0)
(42.251724, 36.457623, 0.0)
(42.283524, 36.412132, 0.0)
(42.278553, 36.388664, 0.0)
(42.452290, 37.784615, 0.0)
(42.426678, 38.014992, 0.0)
(42.396336, 38.015743, 0.0)
(42.427570, 38.004776, 0.0)
(42.434280, 38.266338, 0.0)
(42.343658, 38.458782, 0.0)
(42.315044, 38.406540, 0.0)
(42.396935, 38.375210, 0.0)
(42.371716, 38.385689, 0.0)
(42.319847, 38.357265, 0.0)
(42.366734, 38.324986, 0.0)
(42.337875, 38.302540, 0.0)
(42.304073, 38.321751, 0.0)
(42.274754, 38.320507, 0.0)
(42.318398, 38.330132, 0.0)
(42.281174, 38.228024, 0.0)
(41.741318, 37.899323, 0.0)
(41.743046, 37.831230, 0.0)
(41.829674, 37.787899, 0.0)
(41.864868, 37.770996, 0.0)
(41.877380, 37.817059, 0.0)
(41.831898, 37.817905, 0.0)
(41.851723, 37.819527, 0.0)
(41.793793, 37.852222, 0.0)
(41.737751, 37.846275, 0.0)
(41.768078, 37.792141, 0.0)
(41.782391, 37.789211, 0.0)
(41.772640, 37.776409, 0.0)
(41.752827, 37.753307, 0.0)
(41.816914, 37.731663, 0.0)
(41.811462, 37.731663, 0.0)
(41.844940, 37.739193, 0.0)
(41.861000, 37.753120, 0.0)
(38.973293, 35.231056, 0.0)
(35.710098, 32.774338, 0.0)
(35.558743, 32.810379, 0.0)
(35.552273, 32.781078, 0.0)
(35.530025, 32.696648, 0.0)
(35.498463, 32.683067, 0.0)
(35.480370, 32.683964, 0.0)
(35.079258, 32.798805, 0.0)
(34.989155, 32.789776, 0.0)
(35.001537, 32.801628, 0.0)
(35.009327, 32.799900, 0.0)
(34.998413, 32.769337, 0.0)
(35.025162, 32.782555, 0.0)
(35.046387, 32.735813, 0.0)
(35.043583, 32.684559, 0.0)
(35.048107, 32.642357, 0.0)
(35.086277, 32.603531, 0.0)
(35.085068, 32.597935, 0.0)
(35.146267, 32.566715, 0.0)
(35.080261, 32.597534, 0.0)
(35.056393, 32.610035, 0.0)
(35.124626, 32.613731, 0.0)
(35.065536, 32.614216, 0.0)
(35.054775, 32.662510, 0.0)
(35.060398, 32.715256, 0.0)
(35.055202, 32.772289, 0.0)
(35.010406, 32.771427, 0.0)
(35.020649, 32.816307, 0.0)
(35.011562, 32.806412, 0.0)
(35.002346, 32.803932, 0.0)
(34.993225, 32.784561, 0.0)
(35.051239, 32.811768, 0.0)
(35.073055, 32.822021, 0.0)
(35.065063, 32.866383, 0.0)
(35.039791, 32.893299, 0.0)
(35.040443, 32.945393, 0.0)
(36.240082, 32.132351, 0.0)
(38.086136, 30.903009, 0.0)
(38.227936, 30.952009, 0.0)
(38.460033, 30.762566, 0.0)
(39.428860, 30.208906, 0.0)
(39.526062, 30.079140, 0.0)
(39.509418, 30.103262, 0.0)
(39.512093, 30.122868, 0.0)
(39.530155, 30.123657, 0.0)
(39.543545, 30.117924, 0.0)
(39.654568, 30.067078, 0.0)
(39.689846, 30.055012, 0.0)
(39.725548, 30.025015, 0.0)
(39.782635, 30.056438, 0.0)
(39.765285, 30.030769, 0.0)
(39.763180, 30.011105, 0.0)
(39.754719, 29.988472, 0.0)
(39.790272, 29.979168, 0.0)
(39.653046, 29.912615, 0.0)
(38.987614, 29.679853, 0.0)
(38.896378, 29.607504, 0.0)
(38.892014, 29.600941, 0.0)
(38.893108, 29.650011, 0.0)
(38.904652, 29.635727, 0.0)
(38.890732, 29.633364, 0.0)
(39.345215, 29.786072, 0.0)
(39.556919, 29.837206, 0.0)
(39.575680, 29.864019, 0.0)
(39.575680, 29.864019, 0.0)
(39.564400, 29.860685, 0.0)
(39.575703, 29.871704, 0.0)
(39.564941, 29.875757, 0.0)
(39.564941, 29.875757, 0.0)
(39.573029, 29.890827, 0.0)
(39.566658, 29.898773, 0.0)
(39.561806, 29.934540, 0.0)
(39.555077, 29.920208, 0.0)
(39.569183, 29.921598, 0.0)
(39.550560, 29.942955, 0.0)
(35.444847, 29.157177, 0.0)
(31.398449, 29.678896, 0.0)
(30.368439, 30.014212, 0.0)
(30.236183, 30.023413, 0.0)
(30.307432, 29.955616, 0.0)
(30.321777, 29.859190, 0.0)
(30.791439, 29.699793, 0.0)
(30.796877, 29.672874, 0.0)
(30.847767, 29.652939, 0.0)
(30.835367, 29.659124, 0.0)
(30.819412, 29.623266, 0.0)
(30.787273, 29.597227, 0.0)
(30.745560, 29.611189, 0.0)
(30.795975, 29.564102, 0.0)
(30.783714, 29.487106, 0.0)
(30.802725, 29.389795, 0.0)
(30.802725, 29.389795, 0.0)
(30.802725, 29.389795, 0.0)
(30.805300, 29.372108, 0.0)
(30.825714, 29.386791, 0.0)
(30.813141, 29.368425, 0.0)
(30.818497, 29.366154, 0.0)
(30.813141, 29.368425, 0.0)
(30.807810, 29.366398, 0.0)
(30.797916, 29.381044, 0.0)
(30.795683, 29.438221, 0.0)
(30.802092, 29.447618, 0.0)
(30.810467, 29.490038, 0.0)
(30.804770, 29.504765, 0.0)
(30.815254, 29.539024, 0.0)
(30.771322, 29.522310, 0.0)
(30.735077, 29.554255, 0.0)
(30.744925, 29.544868, 0.0)
(30.696169, 29.607969, 0.0)
(30.724922, 29.602493, 0.0)
(30.699062, 29.646729, 0.0)
(29.225433, 30.229359, 0.0)
(27.547533, 30.934145, 0.0)
(27.425411, 31.008627, 0.0)
(27.430210, 31.001074, 0.0)
(27.394508, 31.022596, 0.0)
(27.432173, 31.039007, 0.0)
(27.359516, 31.036484, 0.0)
(27.288677, 31.052036, 0.0)
(27.359062, 31.047058, 0.0)
(27.138052, 31.103628, 0.0)
(27.095152, 31.104097, 0.0)
(27.085054, 31.081753, 0.0)
(27.102087, 31.057596, 0.0)
(27.110796, 31.038677, 0.0)
(27.126236, 31.005604, 0.0)
(27.123341, 31.039454, 0.0)
(27.084641, 31.064835, 0.0)
(27.076859, 31.061296, 0.0)
(27.107557, 31.051914, 0.0)
(27.169636, 31.071585, 0.0)
(27.111538, 31.053467, 0.0)
(27.125639, 31.097069, 0.0)
(27.179750, 31.124365, 0.0)
(27.161524, 31.129936, 0.0)
(27.162750, 31.108809, 0.0)
(27.146076, 31.117601, 0.0)
(27.132177, 31.131283, 0.0)
(27.118139, 31.126764, 0.0)
(27.112810, 31.166750, 0.0)
(27.125057, 31.179976, 0.0)
(27.126011, 31.185230, 0.0)
(27.131060, 31.173767, 0.0)
(27.106079, 31.168203, 0.0)
(27.113560, 31.222290, 0.0)
(27.123159, 31.196253, 0.0)
(27.119473, 31.196087, 0.0)
(27.110392, 31.230709, 0.0)
(27.110870, 31.192558, 0.0)
(27.469206, 31.796791, 0.0)
(28.949728, 32.916828, 0.0)
(30.231384, 35.173325, 0.0)
(31.587528, 38.021660, 0.0)
(32.017082, 38.893875, 0.0)
(32.022606, 38.936852, 0.0)
(31.999420, 38.893078, 0.0)
(32.255093, 39.656113, 0.0)
(32.195702, 39.787479, 0.0)
(32.124359, 39.718250, 0.0)
(32.132851, 39.741596, 0.0)
(32.128490, 39.745014, 0.0)
(32.092068, 39.695545, 0.0)
(32.083447, 39.669266, 0.0)
(32.079544, 39.721764, 0.0)
(32.058609, 39.719498, 0.0)
(32.044384, 39.706455, 0.0)
(32.040661, 39.726967, 0.0)
(32.003132, 39.740479, 0.0)
(31.993809, 39.723122, 0.0)
(31.983068, 39.736607, 0.0)
(31.966461, 39.755535, 0.0)
(31.965906, 39.777039, 0.0)
(31.957354, 39.802372, 0.0)
(31.956224, 39.826412, 0.0)
(31.925310, 39.843235, 0.0)
(31.940010, 39.799751, 0.0)
(31.925314, 39.822258, 0.0)
(31.903934, 39.858189, 0.0)
(31.908379, 39.865749, 0.0)
(31.924164, 39.841667, 0.0)
(31.896242, 39.830467, 0.0)
(31.908953, 39.882980, 0.0)
(31.847137, 39.881569, 0.0)
(31.858181, 39.857056, 0.0)
(31.869162, 39.891026, 0.0)
(31.840725, 39.891403, 0.0)
(31.823500, 39.869003, 0.0)
(31.857941, 39.860394, 0.0)
(29.803469, 38.114330, 0.0)
(28.196236, 36.607826, 0.0)
(28.094973, 36.536358, 0.0)
(28.067778, 36.574631, 0.0)
(28.007332, 36.593204, 0.0)
(27.869402, 36.539646, 0.0)
(27.732471, 36.432148, 0.0)
(27.693893, 36.440117, 0.0)
(27.695024, 36.460564, 0.0)
(27.663927, 36.430393, 0.0)
(27.701107, 36.449883, 0.0)
(27.684515, 36.437653, 0.0)
(27.696636, 36.365948, 0.0)
(27.700983, 36.412842, 0.0)
(27.654022, 36.412834, 0.0)
(27.694685, 36.411518, 0.0)
(27.662924, 36.421215, 0.0)
(27.655783, 36.439083, 0.0)
(27.626730, 36.428009, 0.0)
(27.655783, 36.439083, 0.0)
(27.655773, 36.427090, 0.0)
(27.667765, 36.411133, 0.0)
(27.668678, 36.411728, 0.0)
(27.683897, 36.426327, 0.0)
(27.678041, 36.413124, 0.0)
(27.659739, 36.414619, 0.0)
(27.689981, 36.425659, 0.0)
(27.659304, 36.432858, 0.0)
(27.652555, 36.464748, 0.0)
(27.669645, 36.504494, 0.0)
(27.711733, 36.487114, 0.0)
(27.689228, 36.478348, 0.0)
(27.704494, 36.454639, 0.0)
(27.705616, 36.449558, 0.0)
(27.713274, 36.475388, 0.0)
(27.693331, 36.504101, 0.0)
(27.687965, 36.514534, 0.0)
(27.599010, 36.451679, 0.0)
(27.291765, 35.356419, 0.0)
(27.272171, 35.332195, 0.0)
(27.208977, 34.403622, 0.0)
(26.656969, 32.503094, 0.0)
(26.370092, 31.798203, 0.0)
(26.323156, 31.825258, 0.0)
(26.278830, 31.929956, 0.0)
(26.228655, 31.952900, 0.0)
(26.091166, 31.863295, 0.0)
(26.056698, 31.830088, 0.0)
(26.047142, 31.809933, 0.0)
(26.014418, 31.820686, 0.0)
(26.000334, 31.780777, 0.0)
(25.945927, 31.767246, 0.0)
(25.964476, 31.803675, 0.0)
(25.936165, 31.821629, 0.0)
(25.919369, 31.810970, 0.0)
(25.919369, 31.810970, 0.0)
(25.895561, 31.826336, 0.0)
(25.890783, 31.808901, 0.0)
(25.903130, 31.787268, 0.0)
(25.893551, 31.790077, 0.0)
(25.886072, 31.810652, 0.0)
(25.898319, 31.821552, 0.0)
(25.921440, 31.808832, 0.0)
(25.937870, 31.828051, 0.0)
(25.941814, 31.819454, 0.0)
(25.895954, 31.852810, 0.0)
(25.907141, 31.850620, 0.0)
(25.916670, 31.859692, 0.0)
(25.920301, 31.836542, 0.0)
(25.925636, 31.892097, 0.0)
(25.909065, 31.929266, 0.0)
(25.847986, 31.985304, 0.0)
(25.837772, 31.980755, 0.0)
(25.855860, 32.032730, 0.0)
(25.828329, 32.055141, 0.0)
(28.632841, 31.542641, 0.0)
(33.338863, 31.739653, 0.0)
(37.161022, 33.404385, 0.0)
(39.974125, 35.870480, 0.0)
(41.218098, 37.254250, 0.0)
(41.260620, 37.377926, 0.0)
(41.267052, 37.366154, 0.0)
(41.267090, 37.356190, 0.0)
(42.212093, 37.837872, 0.0)
(42.268589, 37.808514, 0.0)
(42.253853, 37.784313, 0.0)
(42.320736, 37.736992, 0.0)
(42.333687, 37.725403, 0.0)
(42.309025, 37.636372, 0.0)
(42.309025, 37.636372, 0.0)
(42.315907, 37.668224, 0.0)
(42.300549, 37.637718, 0.0)
(42.277252, 37.623905, 0.0)
(42.303593, 37.647827, 0.0)
(42.261272, 37.665848, 0.0)
(42.279442, 37.649727, 0.0)
(42.289841, 37.597813, 0.0)
(42.308197, 37.564220, 0.0)
(42.297356, 37.555145, 0.0)
(42.307980, 37.557129, 0.0)
(42.304852, 37.593479, 0.0)
(42.296406, 37.603806, 0.0)
(42.263306, 37.623959, 0.0)
(42.275806, 37.621349, 0.0)
(42.267303, 37.621555, 0.0)
(42.249187, 37.613937, 0.0)
(42.266827, 37.604019, 0.0)
(42.279442, 37.649727, 0.0)
(42.264980, 37.547600, 0.0)
(42.287560, 37.516449, 0.0)
(42.287453, 37.532600, 0.0)
(42.297504, 37.558716, 0.0)
(42.274891, 37.562710, 0.0)
(41.848759, 36.304596, 0.0)
(41.577850, 33.238064, 0.0)
(41.408428, 32.137920, 0.0)
(41.379066, 32.084343, 0.0)
(41.394932, 32.109612, 0.0)
(41.415401, 32.133591, 0.0)
(41.460712, 31.600727, 0.0)
(41.517250, 31.564697, 0.0)
(41.486874, 31.560108, 0.0)
(41.529305, 31.562992, 0.0)
(41.562687, 31.552961, 0.0)
(41.507622, 31.470985, 0.0)
(41.492783, 31.476002, 0.0)
(41.525158, 31.516024, 0.0)
(41.531216, 31.486155, 0.0)
(41.511692, 31.508486, 0.0)
(41.494591, 31.518738, 0.0)
(41.483757, 31.526567, 0.0)
(41.273968, 31.448709, 0.0)
(40.686420, 31.065651, 0.0)
(40.678822, 31.039488, 0.0)
(40.751579, 31.087534, 0.0)
(40.774860, 31.101852, 0.0)
(40.789764, 31.121176, 0.0)
(41.181446, 31.362852, 0.0)
(41.452484, 31.486288, 0.0)
(41.452423, 31.503881, 0.0)
(41.428421, 31.496367, 0.0)
(41.418110, 31.492498, 0.0)
(41.394707, 31.486420, 0.0)
(41.343338, 31.453417, 0.0)
(41.421349, 31.494574, 0.0)
(41.434700, 31.499096, 0.0)
(41.448112, 31.476631, 0.0)
(41.451786, 31.478687, 0.0)
(41.427166, 31.512308, 0.0)
(41.432957, 31.544920, 0.0)
(40.321781, 31.053009, 0.0)
(35.825859, 30.207335, 0.0)
(31.787928, 30.646154, 0.0)
(30.799446, 30.969522, 0.0)
(30.748993, 30.903963, 0.0)
(30.751534, 30.888338, 0.0)
(30.727329, 30.865852, 0.0)
(30.722868, 30.854509, 0.0)
(30.728718, 30.872458, 0.0)
(30.740774, 30.851124, 0.0)
(30.724424, 30.827148, 0.0)
(30.722260, 30.795460, 0.0)
(30.679689, 30.983429, 0.0)
(30.659441, 31.023573, 0.0)
(30.711369, 31.047693, 0.0)
(30.691034, 31.009100, 0.0)
(30.696848, 30.973564, 0.0)
(30.699247, 30.987917, 0.0)
(30.676165, 31.000563, 0.0)
(30.673325, 31.059902, 0.0)
(30.670176, 31.069853, 0.0)
(30.664185, 31.086239, 0.0)
(30.667501, 31.074963, 0.0)
(30.662756, 31.049068, 0.0)
(30.700607, 31.038828, 0.0)
(30.672226, 30.990164, 0.0)
(30.683397, 30.987368, 0.0)
(30.699236, 30.986601, 0.0)
(30.701488, 30.991659, 0.0)
(30.715540, 30.988853, 0.0)
(30.693642, 31.018749, 0.0)
(30.722509, 31.020184, 0.0)
(30.695580, 31.024870, 0.0)
(30.697052, 31.054052, 0.0)
(30.706244, 31.051868, 0.0)
(30.723459, 31.008051, 0.0)
(31.871918, 31.119211, 0.0)
(35.041996, 32.183449, 0.0)
(35.096199, 32.253639, 0.0)
(35.068058, 32.173298, 0.0)
(35.128857, 32.130943, 0.0)
(35.107136, 32.144993, 0.0)
(35.104176, 32.119930, 0.0)
(35.101582, 32.135677, 0.0)
(35.128887, 32.070686, 0.0)
(34.906689, 32.321033, 0.0)
(34.877605, 32.432423, 0.0)
(34.874409, 32.403175, 0.0)
(34.861053, 32.400734, 0.0)
(34.871212, 32.389248, 0.0)
(34.854485, 32.334923, 0.0)
(34.859413, 32.323158, 0.0)
(34.866726, 32.374844, 0.0)
(34.868359, 32.319653, 0.0)
(34.868195, 32.324299, 0.0)
(34.874950, 32.384998, 0.0)
(34.828033, 32.401272, 0.0)
(34.985283, 32.527023, 0.0)
(35.025261, 32.546406, 0.0)
(35.025478, 32.540909, 0.0)
(35.013699, 32.541267, 0.0)
(35.002354, 32.536068, 0.0)
(35.029324, 32.525669, 0.0)
(35.021534, 32.527924, 0.0)
(35.003120, 32.575096, 0.0)
(34.995476, 32.593666, 0.0)
(35.004467, 32.608837, 0.0)
(34.986195, 32.619495, 0.0)
(34.990368, 32.622295, 0.0)
(34.995110, 32.613232, 0.0)
(34.968513, 32.598534, 0.0)
(34.956028, 32.600105, 0.0)
(34.987106, 32.612186, 0.0)
(34.972252, 32.573090, 0.0)
(34.956707, 32.527473, 0.0)
(32.753033, 33.212494, 0.0)
(29.858900, 34.925049, 0.0)
(29.415854, 35.296288, 0.0)
(29.375610, 35.330200, 0.0)
(29.330021, 35.322083, 0.0)
(29.276279, 35.294884, 0.0)
(29.279819, 35.256893, 0.0)
(29.292852, 35.221855, 0.0)
(29.270956, 35.220322, 0.0)
(29.288239, 35.198093, 0.0)
(29.255156, 35.267971, 0.0)
(29.239929, 35.281406, 0.0)
(29.212687, 35.285206, 0.0)
(29.205744, 35.260349, 0.0)
(29.211040, 35.281914, 0.0)
(29.178411, 35.325977, 0.0)
(29.168255, 35.346779, 0.0)
(29.193388, 35.349888, 0.0)
(29.206747, 35.320969, 0.0)
(29.212666, 35.243511, 0.0)
(29.228842, 35.227627, 0.0)
(29.227285, 35.204933, 0.0)
(29.223282, 35.191414, 0.0)
(29.264877, 35.210339, 0.0)
(29.235449, 35.248604, 0.0)
(29.231277, 35.268440, 0.0)
(29.255314, 35.219692, 0.0)
(29.273859, 35.200001, 0.0)
(29.264448, 35.189167, 0.0)
(29.303576, 35.136372, 0.0)
(29.322729, 35.104904, 0.0)
(29.318054, 35.085419, 0.0)
(29.321314, 35.078190, 0.0)
(29.320345, 35.133976, 0.0)
(29.326624, 35.108418, 0.0)
(29.295235, 35.098179, 0.0)
(29.312780, 35.069725, 0.0)
(29.321587, 35.074211, 0.0)
(28.634739, 35.919262, 0.0)
(27.555336, 37.952347, 0.0)
(27.481539, 38.597874, 0.0)
(27.425449, 38.746143, 0.0)
(27.373253, 38.723579, 0.0)
(27.380930, 38.755554, 0.0)
(27.280132, 38.883682, 0.0)
(26.976574, 39.558075, 0.0)
(26.953083, 39.624039, 0.0)
(26.922649, 39.642151, 0.0)
(26.939589, 39.616493, 0.0)
(26.923834, 39.644093, 0.0)
(26.897278, 39.662399, 0.0)
(26.901255, 39.683956, 0.0)
(26.899466, 39.695263, 0.0)
(26.881538, 39.684647, 0.0)
(26.883049, 39.666363, 0.0)
(26.873230, 39.714149, 0.0)
(26.896536, 39.692554, 0.0)
(26.940481, 39.656212, 0.0)
(26.918440, 39.670181, 0.0)
(26.926147, 39.713268, 0.0)
(26.899536, 39.709770, 0.0)
(26.929630, 39.691708, 0.0)
(26.926212, 39.698151, 0.0)
(26.898949, 39.710548, 0.0)
(26.915863, 39.707352, 0.0)
(26.944038, 39.665348, 0.0)
(26.919308, 39.696819, 0.0)
(26.922976, 39.696884, 0.0)
(26.941366, 39.685802, 0.0)
(26.932739, 39.700436, 0.0)
(26.925617, 39.717239, 0.0)
(26.962416, 39.709019, 0.0)
(26.916128, 39.742538, 0.0)
(26.875355, 39.730133, 0.0)
(26.903694, 39.731689, 0.0)
(27.551214, 39.474155, 0.0)
(30.397490, 38.402000, 0.0)
(30.522488, 38.427917, 0.0)
(30.528721, 38.412487, 0.0)
(30.542112, 38.435123, 0.0)
(30.542112, 38.435123, 0.0)
(31.153269, 38.415291, 0.0)
(31.310768, 38.383751, 0.0)
(31.300642, 38.381924, 0.0)
(31.326353, 38.350231, 0.0)
(31.415928, 38.324215, 0.0)
(31.356972, 38.311520, 0.0)
(31.387493, 38.316677, 0.0)
(31.379148, 38.311268, 0.0)
(31.365446, 38.324104, 0.0)
(31.334105, 38.316414, 0.0)
(31.316946, 38.363277, 0.0)
(31.309534, 38.383469, 0.0)
(31.286180, 38.382469, 0.0)
(31.272429, 38.379890, 0.0)
(31.308674, 38.366009, 0.0)
(31.317568, 38.326527, 0.0)
(31.291729, 38.316597, 0.0)
(31.316835, 38.346828, 0.0)
(31.290852, 38.355782, 0.0)
(31.298971, 38.339191, 0.0)
(31.304531, 38.395676, 0.0)
(31.283537, 38.406376, 0.0)
(31.279737, 38.346035, 0.0)
(31.310822, 38.325981, 0.0)
(31.345703, 38.311943, 0.0)
(31.317919, 38.318062, 0.0)
(31.351601, 38.307526, 0.0)
(31.365040, 38.301342, 0.0)
(31.361544, 38.316212, 0.0)
(31.373045, 38.332954, 0.0)
(31.384150, 38.253139, 0.0)
(31.374054, 38.236637, 0.0)
(33.258884, 38.132603, 0.0)
(36.405590, 38.470417, 0.0)
(36.664886, 38.504646, 0.0)
(36.699062, 38.523857, 0.0)
(36.709629, 38.578625, 0.0)
(37.304604, 38.983810, 0.0)
(37.428730, 39.022491, 0.0)
(37.445286, 39.020100, 0.0)
(37.424278, 39.013119, 0.0)
(37.453976, 38.998909, 0.0)
(37.451180, 38.995491, 0.0)
(37.452393, 38.984493, 0.0)
(37.464302, 39.017487, 0.0)
(37.453976, 39.014416, 0.0)
(37.449142, 39.006363, 0.0)
(37.467491, 39.026897, 0.0)
(37.462345, 39.024258, 0.0)
(37.399948, 39.014259, 0.0)
(37.448700, 39.007690, 0.0)
(37.438629, 39.018402, 0.0)
(37.451740, 38.990707, 0.0)
(37.432510, 39.008389, 0.0)
(37.442513, 39.031010, 0.0)
(37.452499, 39.055004, 0.0)
(38.403862, 38.289074, 0.0)
(38.480877, 38.255764, 0.0)
(38.445923, 38.295776, 0.0)
(38.448875, 38.261292, 0.0)
(38.458801, 38.255627, 0.0)
(38.481853, 38.239746, 0.0)
(38.448147, 38.231674, 0.0)
(38.443707, 38.280552, 0.0)
(38.429920, 38.294662, 0.0)
(38.420712, 38.302193, 0.0)
(38.409557, 38.306755, 0.0)
(38.422684, 38.324898, 0.0)
(38.413517, 38.282749, 0.0)
(38.385986, 38.282166, 0.0)
(37.951923, 37.944241, 0.0)
(34.171654, 34.525726, 0.0)
(30.299507, 32.765224, 0.0)
(28.275101, 32.266636, 0.0)
(27.912642, 32.414833, 0.0)
(27.755213, 32.584888, 0.0)
(27.751904, 32.621521, 0.0)
(27.338129, 32.974464, 0.0)
(27.289991, 33.007729, 0.0)
(27.260763, 32.998035, 0.0)
(27.232189, 32.989811, 0.0)
(27.213087, 32.951962, 0.0)
(27.216433, 32.970341, 0.0)
(27.204082, 32.925629, 0.0)
(27.212633, 32.952766, 0.0)
(27.205606, 32.987438, 0.0)
(27.197615, 32.986538, 0.0)
(27.222809, 32.953232, 0.0)
(27.216597, 32.946785, 0.0)
(27.220272, 32.907536, 0.0)
(27.217495, 32.925301, 0.0)
(27.247240, 32.895687, 0.0)
(27.253736, 32.858891, 0.0)
(27.259676, 32.847969, 0.0)
(27.265928, 32.853859, 0.0)
(27.251364, 32.865944, 0.0)
(27.257479, 32.856709, 0.0)
(27.244486, 32.871395, 0.0)
(27.271397, 32.882774, 0.0)
(27.275702, 32.880226, 0.0)
(27.266499, 32.862213, 0.0)
(27.286112, 32.860863, 0.0)
(27.271130, 32.853931, 0.0)
(27.268406, 32.862648, 0.0)
(27.295931, 32.861759, 0.0)
(27.296450, 32.860886, 0.0)
(27.278198, 32.864784, 0.0)
(27.357225, 32.856869, 0.0)
(30.511824, 32.462738, 0.0)
(35.118084, 33.272049, 0.0)
(37.693787, 35.572712, 0.0)
(38.678581, 37.433365, 0.0)
(38.660908, 37.506504, 0.0)
(38.637939, 37.485100, 0.0)
(39.191353, 38.613617, 0.0)
(39.291214, 39.104584, 0.0)
(39.293007, 39.110207, 0.0)
(39.235020, 39.022106, 0.0)
(39.247738, 39.044083, 0.0)
(39.247986, 38.998932, 0.0)
(39.210186, 38.969589, 0.0)
(39.205036, 38.967331, 0.0)
(39.203747, 39.001709, 0.0)
(39.170437, 39.027180, 0.0)
(39.157070, 39.065586, 0.0)
(39.159790, 39.083336, 0.0)
(39.186157, 39.052647, 0.0)
(39.123474, 39.018902, 0.0)
(39.116489, 39.050575, 0.0)
(39.125698, 39.030006, 0.0)
(39.119301, 39.034447, 0.0)
(39.112801, 39.059032, 0.0)
(39.123817, 39.089382, 0.0)
(39.122250, 39.113617, 0.0)
(39.125004, 39.099171, 0.0)
(39.121971, 39.085659, 0.0)
(39.129875, 39.086658, 0.0)
(39.120655, 39.099060, 0.0)
(39.104877, 39.097630, 0.0)
(39.132252, 39.098217, 0.0)
(39.146187, 39.123318, 0.0)
(39.107426, 39.128784, 0.0)
(39.119789, 39.107162, 0.0)
(39.111523, 39.108788, 0.0)
(39.098621, 39.111195, 0.0)
(39.080376, 39.124161, 0.0)
(36.114384, 37.016850, 0.0)
(31.700060, 34.765591, 0.0)
(28.338858, 34.406322, 0.0)
(27.358297, 34.683434, 0.0)
(27.274122, 34.700912, 0.0)
(27.217606, 34.675602, 0.0)
(26.290390, 35.274185, 0.0)
(26.177992, 35.378708, 0.0)
(26.192667, 35.344818, 0.0)
(26.170231, 35.334961, 0.0)
(26.125700, 35.385746, 0.0)
(26.108864, 35.389317, 0.0)
(26.096338, 35.450954, 0.0)
(26.075880, 35.491806, 0.0)
(26.059687, 35.463020, 0.0)
(26.070786, 35.421959, 0.0)
(26.057627, 35.423134, 0.0)
(26.055862, 35.419376, 0.0)
(26.048923, 35.427902, 0.0)
(26.075319, 35.420513, 0.0)
(26.091221, 35.435650, 0.0)
(26.059622, 35.496105, 0.0)
(26.086601, 35.454151, 0.0)
(26.101404, 35.412411, 0.0)
(26.084805, 35.419041, 0.0)
(26.062778, 35.419464, 0.0)
(26.075243, 35.425152, 0.0)
(26.104319, 35.434532, 0.0)
(26.116352, 35.330585, 0.0)
(26.089600, 35.297718, 0.0)
(26.173258, 35.290432, 0.0)
(26.154974, 35.304924, 0.0)
(26.150776, 35.310509, 0.0)
(26.182091, 35.309933, 0.0)
(26.165728, 35.310101, 0.0)
(26.160322, 35.289791, 0.0)
(26.184462, 35.242962, 0.0)
(27.214012, 35.363731, 0.0)
(27.631727, 35.346710, 0.0)
(27.664444, 35.338810, 0.0)
(27.668177, 35.336384, 0.0)
(27.671066, 35.339867, 0.0)
(27.677649, 35.335403, 0.0)
(27.687311, 35.346519, 0.0)
(27.634073, 35.690098, 0.0)
(27.598679, 35.714653, 0.0)
(27.595783, 35.651402, 0.0)
(27.595037, 35.613853, 0.0)
(27.592981, 35.649342, 0.0)
(27.615593, 35.697552, 0.0)
(27.621298, 35.691544, 0.0)
(27.627249, 35.633263, 0.0)
(27.619522, 35.686466, 0.0)
(27.620701, 35.700836, 0.0)
(27.562145, 35.732494, 0.0)
(27.593765, 35.742161, 0.0)
(27.630320, 35.740425, 0.0)
(27.595816, 35.783058, 0.0)
(27.585531, 35.793026, 0.0)
(27.584579, 35.792320, 0.0)
(27.534515, 35.794521, 0.0)
(27.514668, 35.841225, 0.0)
(27.560118, 35.819023, 0.0)
(27.540236, 35.828808, 0.0)
(27.523811, 35.845547, 0.0)
(27.508530, 35.872044, 0.0)
(27.505928, 35.874508, 0.0)
(27.552235, 35.830395, 0.0)
(27.531235, 35.798988, 0.0)
(27.501259, 35.828503, 0.0)
(27.498066, 35.844650, 0.0)
(27.486225, 35.883316, 0.0)
(27.485682, 35.894363, 0.0)
(27.467451, 35.900188, 0.0)
(27.427963, 35.888340, 0.0)
(28.703636, 35.610123, 0.0)
(33.511612, 34.482910, 0.0)
(36.878460, 34.546406, 0.0)
(37.544125, 34.603981, 0.0)
(37.637585, 34.615177, 0.0)
(37.843174, 34.616871, 0.0)
(38.621094, 35.055073, 0.0)
(38.727978, 35.087025, 0.0)
(38.712219, 35.094643, 0.0)
(38.742542, 35.052986, 0.0)
(38.747326, 35.016132, 0.0)
(38.728951, 35.060802, 0.0)
(38.762543, 35.033134, 0.0)
(38.758987, 35.039948, 0.0)
(38.763058, 35.002331, 0.0)
(38.771076, 34.967850, 0.0)
(38.799370, 34.994686, 0.0)
(38.737183, 35.000431, 0.0)
(38.756474, 34.992252, 0.0)
(38.776020, 35.021629, 0.0)
(38.762314, 35.036488, 0.0)
(38.774063, 35.014641, 0.0)
(38.776424, 35.001759, 0.0)
(38.793030, 34.992554, 0.0)
(38.791538, 34.985374, 0.0)
(38.791668, 34.964127, 0.0)
(38.788303, 34.965282, 0.0)
(38.860371, 34.921635, 0.0)
(38.822197, 34.954437, 0.0)
(38.812370, 34.934597, 0.0)
(38.833942, 34.909931, 0.0)
(38.862682, 34.935696, 0.0)
(38.830540, 34.861401, 0.0)
(38.823845, 34.851376, 0.0)
(38.809662, 34.874725, 0.0)
(38.799831, 34.866905, 0.0)
(38.843517, 34.829399, 0.0)
(38.845566, 34.844627, 0.0)
(38.846382, 34.865273, 0.0)
(37.160229, 34.874332, 0.0)
(32.804432, 35.526070, 0.0)
(29.465361, 36.527092, 0.0)
(27.915529, 38.483540, 0.0)
(27.378107, 39.201927, 0.0)
(27.212948, 39.325092, 0.0)
(27.182070, 39.366398, 0.0)
(27.057034, 39.616779, 0.0)
(27.142143, 40.463436, 0.0)
(27.129854, 40.558613, 0.0)
(27.067860, 40.550476, 0.0)
(27.045528, 40.569569, 0.0)
(27.026367, 40.556503, 0.0)
(27.018454, 40.591290, 0.0)
(27.020054, 40.589661, 0.0)
(27.027941, 40.589825, 0.0)
(27.002821, 40.580727, 0.0)
(26.998789, 40.628178, 0.0)
(26.988775, 40.646351, 0.0)
(26.982212, 40.643574, 0.0)
(26.991644, 40.643002, 0.0)
(26.956699, 40.642735, 0.0)
(26.945044, 40.627632, 0.0)
(26.956228, 40.612926, 0.0)
(26.936302, 40.639309, 0.0)
(26.971527, 40.665329, 0.0)
(26.926844, 40.661243, 0.0)
(26.940599, 40.660709, 0.0)
(26.935947, 40.732510, 0.0)
(26.932480, 40.752560, 0.0)
(26.929466, 40.755451, 0.0)
(26.917231, 40.765770, 0.0)
(26.911884, 40.724201, 0.0)
(26.938694, 40.739563, 0.0)
(26.932955, 40.766468, 0.0)
(26.927292, 40.736637, 0.0)
(26.928984, 40.726006, 0.0)
(26.938122, 40.733742, 0.0)
(29.262379, 38.781605, 0.0)
(33.932251, 36.588253, 0.0)
(37.775646, 36.053135, 0.0)
(39.870487, 36.450916, 0.0)
(40.458347, 36.493664, 0.0)
(40.553368, 36.428024, 0.0)
(40.597980, 36.383793, 0.0)
(41.050556, 36.834919, 0.0)
(41.226063, 36.915852, 0.0)
(41.221340, 36.895260, 0.0)
(41.252575, 36.844952, 0.0)
(41.249374, 36.854305, 0.0)
(41.273190, 36.829170, 0.0)
(41.320915, 36.839886, 0.0)
(41.300430, 36.817825, 0.0)
(41.284595, 36.832359, 0.0)
(41.313839, 36.837936, 0.0)
(41.329037, 36.844379, 0.0)
(41.330566, 36.778942, 0.0)
(41.347984, 36.772881, 0.0)
(41.354122, 36.794598, 0.0)
(41.352829, 36.797588, 0.0)
(41.354122, 36.794598, 0.0)
(41.365234, 36.797291, 0.0)
(41.354122, 36.794598, 0.0)
(41.341267, 36.793079, 0.0)
(41.356045, 36.769306, 0.0)
(41.366631, 36.804779, 0.0)
(41.360889, 36.797600, 0.0)
(41.356045, 36.769306, 0.0)
(41.386402, 36.736118, 0.0)
(41.394863, 36.723698, 0.0)
(41.377460, 36.733910, 0.0)
(41.390293, 36.736237, 0.0)
(41.408863, 36.677509, 0.0)
(41.382877, 36.606007, 0.0)
(41.401169, 36.578579, 0.0)
(40.999374, 36.679752, 0.0)
(38.528210, 36.848637, 0.0)
(38.472191, 36.849468, 0.0)
(38.492340, 36.881893, 0.0)
(37.722313, 37.584419, 0.0)
(37.414944, 37.839664, 0.0)
(37.458805, 37.806492, 0.0)
(37.484020, 37.745171, 0.0)
(37.477562, 37.696331, 0.0)
(37.469353, 37.715477, 0.0)
(37.226055, 37.985752, 0.0)
(37.159622, 38.021210, 0.0)
(37.148212, 38.063076, 0.0)
(37.117630, 38.045399, 0.0)
(37.125229, 38.074356, 0.0)
(37.119644, 38.091064, 0.0)
(37.134228, 38.069397, 0.0)
(37.099636, 38.065933, 0.0)
(37.102566, 38.074284, 0.0)
(37.099518, 38.055977, 0.0)
(37.101147, 38.048512, 0.0)
(37.125000, 38.092033, 0.0)
(37.115788, 38.116062, 0.0)
(37.109028, 38.105133, 0.0)
(37.088772, 38.119728, 0.0)
(37.133293, 38.134094, 0.0)
(37.087673, 38.125145, 0.0)
(37.114780, 38.162636, 0.0)
(37.135700, 38.154945, 0.0)
(37.112232, 38.131569, 0.0)
(37.093281, 38.145283, 0.0)
(37.120766, 38.182220, 0.0)
(37.090427, 38.180992, 0.0)
(37.090427, 38.180992, 0.0)
(37.104263, 38.177761, 0.0)
(37.092777, 38.165234, 0.0)
(37.102394, 38.152016, 0.0)
(37.083969, 38.154938, 0.0)
(39.404076, 36.817406, 0.0)
(41.188126, 36.385658, 0.0)
(41.418324, 36.326721, 0.0)
(41.388309, 36.391983, 0.0)
(41.694324, 36.342094, 0.0)
(42.127373, 36.232204, 0.0)
(42.177624, 36.216015, 0.0)
(42.174267, 36.201710, 0.0)
(42.165558, 36.232220, 0.0)
(42.153561, 36.243454, 0.0)
(42.162285, 36.179062, 0.0)
(42.177204, 36.157475, 0.0)
(42.155449, 36.175571, 0.0)
(42.166523, 36.177414, 0.0)
(42.180504, 36.135384, 0.0)
(42.121803, 36.113895, 0.0)
(42.168274, 36.113503, 0.0)
(42.142757, 36.131866, 0.0)
(42.133587, 36.146961, 0.0)
(42.152916, 36.106995, 0.0)
(41.789280, 36.065247, 0.0)
(40.473675, 35.758835, 0.0)
(40.486671, 35.695892, 0.0)
(40.566166, 35.624691, 0.0)
(40.571064, 35.578064, 0.0)
(40.574417, 35.560482, 0.0)
(40.603317, 35.560028, 0.0)
(40.663364, 35.578060, 0.0)
(40.595245, 35.554619, 0.0)
(40.590832, 35.551006, 0.0)
(40.626266, 35.573685, 0.0)
(40.638729, 35.525826, 0.0)
(40.650467, 35.490654, 0.0)
(40.675575, 35.458176, 0.0)
(40.707279, 35.457497, 0.0)
(40.695347, 35.452393, 0.0)
(40.678226, 35.458118, 0.0)
(40.552017, 35.419884, 0.0)
(35.744263, 34.015301, 0.0)
(32.692947, 33.676231, 0.0)
(32.639343, 33.762100, 0.0)
(32.636040, 33.693279, 0.0)
(32.644608, 33.687225, 0.0)
(32.646751, 33.650528, 0.0)
(32.589676, 33.610912, 0.0)
(32.603729, 33.653694, 0.0)
(32.598164, 33.679249, 0.0)
(32.869965, 33.695629, 0.0)
(32.931221, 33.687847, 0.0)
(32.920784, 33.707268, 0.0)
(32.903355, 33.694012, 0.0)
(32.925888, 33.669903, 0.0)
(32.921692, 33.667389, 0.0)
(32.915344, 33.619926, 0.0)
(32.914558, 33.671104, 0.0)
(32.886795, 33.708878, 0.0)
(32.901554, 33.722122, 0.0)
(32.891357, 33.722591, 0.0)
(32.923386, 33.719650, 0.0)
(32.912327, 33.701012, 0.0)
(32.870518, 33.725552, 0.0)
(32.881596, 33.719604, 0.0)
(32.914787, 33.710175, 0.0)
(32.910175, 33.670330, 0.0)
(32.913502, 33.666046, 0.0)
(32.938042, 33.725025, 0.0)
(32.902775, 33.737045, 0.0)
(32.894508, 33.703846, 0.0)
(32.909290, 33.752460, 0.0)
(32.897614, 33.739296, 0.0)
(32.860611, 33.721668, 0.0)
(32.894085, 33.743073, 0.0)
(32.876572, 33.742920, 0.0)
(32.865326, 33.740524, 0.0)
(32.900715, 33.755676, 0.0)
(32.895088, 33.794754, 0.0)
(32.860027, 33.746521, 0.0)
(30.303106, 32.036537, 0.0)
(29.298605, 31.609020, 0.0)
(29.189034, 31.608526, 0.0)
(29.102737, 31.660614, 0.0)
(29.072906, 31.668983, 0.0)
(29.025635, 31.696625, 0.0)
(28.676609, 31.718391, 0.0)
(28.601389, 31.670303, 0.0)
(28.656977, 31.720888, 0.0)
(28.634993, 31.724554, 0.0)
(28.616669, 31.740864, 0.0)
(28.710995, 31.727991, 0.0)
(28.707188, 31.737581, 0.0)
(28.572113, 31.731567, 0.0)
(28.682880, 31.695993, 0.0)
(28.683395, 31.707584, 0.0)
(28.665854, 31.687227, 0.0)
(28.684683, 31.682455, 0.0)
(28.708641, 31.662764, 0.0)
(28.705338, 31.641483, 0.0)
(28.718830, 31.662914, 0.0)
(28.708475, 31.646444, 0.0)
(28.709145, 31.666464, 0.0)
(28.726944, 31.671419, 0.0)
(28.691027, 31.661400, 0.0)
(28.682335, 31.653542, 0.0)
(28.694296, 31.679302, 0.0)
(28.744989, 31.624376, 0.0)
(28.743473, 31.612202, 0.0)
(28.647593, 31.705753, 0.0)
(28.649492, 31.721199, 0.0)
(28.674414, 31.695288, 0.0)
(28.682903, 31.658062, 0.0)
(28.658136, 31.706984, 0.0)
(28.699156, 31.656002, 0.0)
(28.680416, 31.622158, 0.0)
(28.667116, 31.641088, 0.0)
(30.024927, 32.361057, 0.0)
(32.755520, 33.946651, 0.0)
(35.687134, 35.273804, 0.0)
(37.948841, 37.397465, 0.0)
(38.819534, 38.946095, 0.0)
(38.814552, 39.101780, 0.0)
(38.775330, 39.041912, 0.0)
(39.001823, 39.586781, 0.0)
(39.023537, 40.122601, 0.0)
(38.999489, 40.080635, 0.0)
(39.011925, 40.133904, 0.0)
(39.001884, 40.196369, 0.0)
(38.956894, 40.166222, 0.0)
(38.995239, 40.154125, 0.0)
(38.965359, 40.193027, 0.0)
(38.904827, 40.187649, 0.0)
(38.889301, 40.353188, 0.0)
(38.913887, 40.426262, 0.0)
(38.899918, 40.400925, 0.0)
(38.881416, 40.411346, 0.0)
(38.866592, 40.447071, 0.0)
(38.882221, 40.424709, 0.0)
(38.853104, 40.475018, 0.0)
(38.835876, 40.475609, 0.0)
(38.851353, 40.438797, 0.0)
(38.833965, 40.438023, 0.0)
(38.754730, 40.431290, 0.0)
(38.836830, 40.487583, 0.0)
(38.868942, 40.425529, 0.0)
(38.839542, 40.378826, 0.0)
(38.851715, 40.380421, 0.0)
(38.880180, 40.373768, 0.0)
(38.865368, 40.423435, 0.0)
(38.848816, 40.470375, 0.0)
(38.843323, 40.456940, 0.0)
(38.858692, 40.440590, 0.0)
(38.852623, 40.445431, 0.0)
(38.868214, 40.449421, 0.0)
(39.744247, 39.309681, 0.0)
(41.324612, 37.093075, 0.0)
(41.768200, 36.990982, 0.0)
(41.831177, 37.035191, 0.0)
(41.821812, 37.118881, 0.0)
(42.129749, 37.188248, 0.0)
(42.205933, 37.215214, 0.0)
(42.168137, 37.250202, 0.0)
(42.168125, 37.226036, 0.0)
(42.223816, 37.236893, 0.0)
(42.249001, 37.163315, 0.0)
(42.257240, 37.099506, 0.0)
(42.268955, 37.123508, 0.0)
(42.299816, 37.111427, 0.0)
(42.295063, 37.112835, 0.0)
(42.341427, 37.119999, 0.0)
(42.352146, 37.068279, 0.0)
(42.317333, 37.109768, 0.0)
(42.340309, 37.046154, 0.0)
(42.361008, 37.054546, 0.0)
(42.343098, 37.040894, 0.0)
(42.336498, 37.015297, 0.0)
(42.329365, 37.006508, 0.0)
(42.347561, 37.041698, 0.0)
(42.349838, 36.992641, 0.0)
(42.302063, 36.970242, 0.0)
(42.285713, 37.004082, 0.0)
(42.267551, 36.962738, 0.0)
(42.277779, 36.983219, 0.0)
(42.257614, 36.973900, 0.0)
(42.305996, 36.976131, 0.0)
(42.299358, 36.902668, 0.0)
(42.301292, 36.957111, 0.0)
(42.290955, 36.975822, 0.0)
(42.287132, 36.954681, 0.0)
(42.305534, 36.941872, 0.0)
(40.129375, 34.740421, 0.0)
(38.852287, 33.463383, 0.0)
(38.776703, 33.349251, 0.0)
(38.798145, 33.344341, 0.0)
(38.776203, 33.333012, 0.0)
(38.738693, 33.313457, 0.0)
(38.637283, 33.249519, 0.0)
(38.547684, 33.077290, 0.0)
(38.528282, 33.030956, 0.0)
(38.534725, 32.993011, 0.0)
(38.518105, 33.014778, 0.0)
(38.560837, 32.996841, 0.0)
(38.587074, 32.937950, 0.0)
(38.620068, 32.938274, 0.0)
(38.615273, 32.963589, 0.0)
(38.520588, 32.952343, 0.0)
(38.535160, 32.932930, 0.0)
(38.571857, 32.916241, 0.0)
(38.540188, 32.932144, 0.0)
(38.532375, 32.946095, 0.0)
(38.543976, 32.923409, 0.0)
(38.560173, 32.912178, 0.0)
(38.549179, 32.923244, 0.0)
(38.620792, 33.012615, 0.0)
(38.530369, 32.999096, 0.0)
(38.537449, 32.989853, 0.0)
(38.594341, 33.040409, 0.0)
(38.590382, 33.014179, 0.0)
(38.544571, 32.984615, 0.0)
(38.540985, 32.988491, 0.0)
(38.502071, 33.022633, 0.0)
(38.509632, 33.034615, 0.0)
(38.545238, 33.027317, 0.0)
(38.523918, 32.999168, 0.0)
(38.568562, 33.003738, 0.0)
(38.598373, 33.035313, 0.0)
(38.551945, 33.020832, 0.0)
(37.484310, 33.179668, 0.0)
(34.112877, 34.804317, 0.0)
(33.344929, 35.807331, 0.0)
(33.251537, 35.982433, 0.0)
(33.243736, 35.992462, 0.0)
(33.200787, 36.010277, 0.0)
(33.529617, 37.000763, 0.0)
(33.474606, 37.183407, 0.0)
(33.486500, 37.167950, 0.0)
(33.448677, 37.178520, 0.0)
(33.433369, 37.202190, 0.0)
(33.435524, 37.190495, 0.0)
(33.407467, 37.168831, 0.0)
(33.410255, 37.156921, 0.0)
(33.404312, 37.196583, 0.0)
(33.414452, 37.160770, 0.0)
(33.443691, 37.113598, 0.0)
(33.471874, 37.116322, 0.0)
(33.465004, 37.125488, 0.0)
(33.478939, 37.136066, 0.0)
(33.474815, 37.087914, 0.0)
(33.498600, 37.063103, 0.0)
(33.455013, 37.040787, 0.0)
(33.483383, 37.041897, 0.0)
(33.507141, 36.946625, 0.0)
(33.494621, 36.981632, 0.0)
(33.491711, 36.955601, 0.0)
(33.492306, 36.966080, 0.0)
(33.508785, 36.962059, 0.0)
(33.514870, 36.957184, 0.0)
(33.502087, 36.942383, 0.0)
(33.506351, 36.889561, 0.0)
(33.519047, 36.845970, 0.0)
(33.546028, 36.812859, 0.0)
(33.547771, 36.764164, 0.0)
(33.555489, 36.728386, 0.0)
(33.545464, 36.719204, 0.0)
(33.553490, 36.770748, 0.0)
(36.728306, 35.108166, 0.0)
(40.047871, 34.444637, 0.0)
(40.902172, 34.465282, 0.0)
(40.987602, 34.462452, 0.0)
(40.987900, 34.433537, 0.0)
(41.500622, 34.640602, 0.0)
(41.551300, 34.630768, 0.0)
(41.504044, 34.703762, 0.0)
(41.532330, 34.646538, 0.0)
(41.524078, 34.691212, 0.0)
(41.564022, 34.648182, 0.0)
(41.547710, 34.709373, 0.0)
(41.558163, 34.682491, 0.0)
(41.626205, 34.690800, 0.0)
(41.620377, 34.649590, 0.0)
(41.615108, 34.689007, 0.0)
(41.578545, 34.613827, 0.0)
(41.525753, 34.725620, 0.0)
(41.534946, 34.692307, 0.0)
(41.517365, 34.732098, 0.0)
(41.486301, 34.700874, 0.0)
(41.463345, 34.690205, 0.0)
(41.495697, 34.716579, 0.0)
(41.463345, 34.690205, 0.0)
(41.468666, 34.753807, 0.0)
(41.492718, 34.819939, 0.0)
(41.417095, 34.835766, 0.0)
(41.414326, 34.840427, 0.0)
(41.434902, 34.887878, 0.0)
(41.395905, 34.891266, 0.0)
(41.373684, 34.921871, 0.0)
(41.380936, 34.918251, 0.0)
(41.400017, 34.896767, 0.0)
(41.392372, 34.889656, 0.0)
(41.380482, 34.925491, 0.0)
(41.390217, 34.932835, 0.0)
(41.388424, 34.939903, 0.0)
(41.379692, 34.899349, 0.0)
(38.664986, 33.753159, 0.0)
(34.158642, 32.665432, 0.0)
(30.936417, 32.548611, 0.0)
(30.818129, 32.555630, 0.0)
(30.910400, 32.516186, 0.0)
(30.781071, 32.487392, 0.0)
(30.827078, 32.488331, 0.0)
(30.767643, 32.493649, 0.0)
(30.749826, 32.488682, 0.0)
(30.790337, 32.485027, 0.0)
(30.879416, 32.308502, 0.0)
(30.799847, 32.288296, 0.0)
(30.875887, 32.275173, 0.0)
(30.897406, 32.199051, 0.0)
(30.866369, 32.201492, 0.0)
(30.862112, 32.175674, 0.0)
(30.908112, 32.216976, 0.0)
(30.870573, 32.227135, 0.0)
(30.894169, 32.186077, 0.0)
(30.835817, 32.271526, 0.0)
(30.861748, 32.240292, 0.0)
(30.890575, 32.247761, 0.0)
(30.897995, 32.214928, 0.0)
(30.899130, 32.213505, 0.0)
(30.891325, 32.191509, 0.0)
(30.901615, 32.195400, 0.0)
(30.910809, 32.219692, 0.0)
(30.837633, 32.194912, 0.0)
(30.937128, 32.190769, 0.0)
(30.956285, 32.189060, 0.0)
(30.923328, 32.153267, 0.0)
(30.911634, 32.160477, 0.0)
(30.969986, 32.151340, 0.0)
(30.938105, 32.124874, 0.0)
(30.984512, 32.030937, 0.0)
(30.933409, 32.079166, 0.0)
(30.938570, 32.151310, 0.0)
(30.883249, 32.148746, 0.0)
(27.884056, 32.469849, 0.0)
(26.712673, 32.701065, 0.0)
(26.551060, 32.719814, 0.0)
(26.549309, 32.713287, 0.0)
(26.417677, 32.772511, 0.0)
(26.144285, 32.864033, 0.0)
(26.109720, 32.892197, 0.0)
(26.117107, 32.906765, 0.0)
(26.119404, 32.928017, 0.0)
(26.064915, 32.995041, 0.0)
(26.078478, 32.933895, 0.0)
(25.982872, 32.960239, 0.0)
(25.981743, 32.972572, 0.0)
(25.993536, 32.961357, 0.0)
(25.984402, 32.945545, 0.0)
(25.982080, 32.968174, 0.0)
(25.997906, 32.971046, 0.0)
(25.986254, 32.991398, 0.0)
(25.971672, 32.985096, 0.0)
(26.005566, 32.988934, 0.0)
(25.974812, 33.031525, 0.0)
(25.940947, 33.047817, 0.0)
(25.969292, 33.049038, 0.0)
(25.989347, 33.033459, 0.0)
(25.965679, 33.064903, 0.0)
(25.957008, 33.065865, 0.0)
(25.979708, 33.100342, 0.0)
(25.978556, 33.114738, 0.0)
(25.984922, 33.122669, 0.0)
(25.959929, 33.142395, 0.0)
(25.956018, 33.186260, 0.0)
(25.941349, 33.196056, 0.0)
(25.932407, 33.210106, 0.0)
(25.933620, 33.216896, 0.0)
(25.936384, 33.211937, 0.0)
(25.970545, 33.189819, 0.0)
(25.967758, 33.186733, 0.0)
(26.015301, 33.199089, 0.0)
(28.850939, 32.454437, 0.0)
(33.452171, 31.974604, 0.0)
(36.038383, 32.414703, 0.0)
(36.123821, 32.428165, 0.0)
(36.117561, 32.430664, 0.0)
(36.720272, 32.853050, 0.0)
(36.781906, 32.951653, 0.0)
(36.732342, 32.875214, 0.0)
(36.755558, 32.821434, 0.0)
(36.749718, 32.829472, 0.0)
(36.726871, 32.751915, 0.0)
(36.734955, 32.765472, 0.0)
(36.925514, 32.951962, 0.0)
(36.961327, 32.940327, 0.0)
(36.936165, 32.895638, 0.0)
(36.903164, 32.894413, 0.0)
(36.932148, 32.938358, 0.0)
(36.980503, 32.923767, 0.0)
(36.953953, 32.828327, 0.0)
(36.980251, 32.886604, 0.0)
(37.050350, 32.928593, 0.0)
(36.987415, 32.911053, 0.0)
(36.973240, 32.914532, 0.0)
(36.990356, 32.932072, 0.0)
(36.960667, 32.944542, 0.0)
(36.983189, 32.920254, 0.0)
(37.015335, 32.921108, 0.0)
(37.019634, 32.903118, 0.0)
(37.019184, 32.870796, 0.0)
(37.022804, 32.867245, 0.0)
(37.022804, 32.867245, 0.0)
(37.009834, 32.871128, 0.0)
(37.042835, 32.805786, 0.0)
(37.076256, 32.784809, 0.0)
(37.081779, 32.837326, 0.0)
(37.028927, 32.798859, 0.0)
(37.077305, 32.760475, 0.0)
(37.065533, 32.747360, 0.0)
(37.051979, 32.759865, 0.0)
(37.097542, 32.731731, 0.0)
(35.282597, 33.871368, 0.0)
(32.379131, 35.783596, 0.0)
(31.254288, 37.524788, 0.0)
(31.249537, 39.530216, 0.0)
(31.138197, 39.740524, 0.0)
(31.055059, 39.728512, 0.0)
(30.958351, 39.770412, 0.0)
(30.520527, 40.465485, 0.0)
(30.432150, 40.539585, 0.0)
(30.381937, 40.547867, 0.0)
(30.351606, 40.557758, 0.0)
(30.273230, 40.584007, 0.0)
(30.223289, 40.592743, 0.0)
(30.203991, 40.591202, 0.0)
(30.193575, 40.578175, 0.0)
(30.119944, 40.616791, 0.0)
(30.113609, 40.632816, 0.0)
(30.104174, 40.617771, 0.0)
(30.107096, 40.618088, 0.0)
(30.096434, 40.631126, 0.0)
(30.081142, 40.652924, 0.0)
(30.047060, 40.660408, 0.0)
(30.068134, 40.675350, 0.0)
(30.026226, 40.726337, 0.0)
(29.970345, 40.757526, 0.0)
(29.962797, 40.742485, 0.0)
(30.000175, 40.745064, 0.0)
(29.978512, 40.751461, 0.0)
(29.959946, 40.742378, 0.0)
(29.958487, 40.710007, 0.0)
(29.965065, 40.704285, 0.0)
(29.944397, 40.710449, 0.0)
(29.923960, 40.717697, 0.0)
(29.914387, 40.720928, 0.0)
(29.912470, 40.730686, 0.0)
(29.893072, 40.738804, 0.0)
(31.036203, 37.734840, 0.0)
(32.725574, 33.513275, 0.0)
(33.040249, 31.460268, 0.0)
(33.028625, 31.424908, 0.0)
(33.036396, 31.427738, 0.0)
(33.006401, 31.438118, 0.0)
(32.954578, 31.425129, 0.0)
(32.931011, 31.400024, 0.0)
(32.990959, 31.767736, 0.0)
(32.955029, 31.833355, 0.0)
(32.879871, 31.824175, 0.0)
(32.922523, 31.787554, 0.0)
(32.942390, 31.763454, 0.0)
(32.910683, 31.771765, 0.0)
(32.926662, 31.766827, 0.0)
(32.918961, 31.780325, 0.0)
(32.884758, 31.734718, 0.0)
(32.925236, 31.774147, 0.0)
(32.899788, 31.791250, 0.0)
(32.932735, 31.772820, 0.0)
(32.994312, 31.933271, 0.0)
(32.998993, 31.954124, 0.0)
(33.020313, 31.913994, 0.0)
(33.033401, 31.913036, 0.0)
(33.005688, 31.889036, 0.0)
(33.007427, 31.917948, 0.0)
(33.021053, 31.932226, 0.0)
(33.003033, 31.934513, 0.0)
(33.001812, 31.918715, 0.0)
(33.002357, 31.932159, 0.0)
(32.983788, 31.910242, 0.0)
(32.997353, 31.867004, 0.0)
(33.003410, 31.857042, 0.0)
(33.003551, 31.851412, 0.0)
(32.989090, 31.859020, 0.0)
(33.068615, 31.843239, 0.0)
(35.177551, 32.074146, 0.0)
(38.996197, 33.187729, 0.0)
(40.720409, 34.729488, 0.0)
(40.848499, 34.847160, 0.0)
(40.845264, 34.784065, 0.0)
(41.353825, 35.227226, 0.0)
(41.795372, 35.779087, 0.0)
(41.813225, 35.763443, 0.0)
(41.900776, 35.744804, 0.0)
(41.877804, 35.783176, 0.0)
(41.776306, 35.769196, 0.0)
(41.803036, 35.779152, 0.0)
(41.811623, 35.791683, 0.0)
(41.760223, 35.753845, 0.0)
(41.712479, 35.734375, 0.0)
(41.766979, 35.720776, 0.0)
(41.741531, 35.726837, 0.0)
(41.696579, 35.730648, 0.0)
(41.700104, 35.736305, 0.0)
(41.711399, 35.775646, 0.0)
(41.680294, 35.753845, 0.0)
(41.716499, 35.747635, 0.0)
(41.675709, 35.766727, 0.0)
(41.657642, 35.756996, 0.0)
(41.699173, 35.813309, 0.0)
(41.710308, 35.808498, 0.0)
(41.695866, 35.775738, 0.0)
(41.687748, 35.765442, 0.0)
(41.710308, 35.808498, 0.0)
(41.673271, 35.793278, 0.0)
(41.661453, 35.762886, 0.0)
(41.660515, 35.790310, 0.0)
(41.651344, 35.814236, 0.0)
(41.625317, 35.821056, 0.0)
(41.650463, 35.777386, 0.0)
(41.653954, 35.774738, 0.0)
(41.653954, 35.774738, 0.0)
(41.019352, 35.522675, 0.0)
(38.915379, 34.483257, 0.0)
(38.796219, 34.411232, 0.0)
(38.795002, 34.364853, 0.0)
(38.806641, 34.289574, 0.0)
(38.804672, 34.344490, 0.0)
(38.790867, 34.296940, 0.0)
(38.799450, 34.279514, 0.0)
(39.022228, 34.224262, 0.0)
(39.017578, 34.202324, 0.0)
(39.067062, 34.166153, 0.0)
(39.061520, 34.205856, 0.0)
(39.002594, 34.201710, 0.0)
(39.069630, 34.182640, 0.0)
(39.087757, 34.212029, 0.0)
(39.017368, 34.200626, 0.0)
(39.041672, 34.201317, 0.0)
(39.087917, 34.177288, 0.0)
(39.042923, 34.145573, 0.0)
(39.094521, 34.143295, 0.0)
(39.104309, 34.151043, 0.0)
(39.087917, 34.177288, 0.0)
(39.087917, 34.177288, 0.0)
(39.100643, 34.184902, 0.0)
(39.084053, 34.236839, 0.0)
(39.075790, 34.222256, 0.0)
(39.084606, 34.206898, 0.0)
(39.114304, 34.220928, 0.0)
(38.334332, 33.986774, 0.0)
(37.646896, 33.715271, 0.0)
(37.566986, 33.735714, 0.0)
(37.691998, 33.705067, 0.0)
(37.696579, 33.743759, 0.0)
(37.692917, 33.717098, 0.0)
(37.769604, 33.725067, 0.0)
(37.702351, 33.686226, 0.0)
(37.662457, 33.599998, 0.0)
(37.704861, 33.594162, 0.0)
(37.692757, 33.576832, 0.0)
(35.195305, 33.708622, 0.0)
(31.224257, 34.407852, 0.0)
(28.937887, 36.120167, 0.0)
(27.560017, 37.634987, 0.0)
(27.256353, 37.885193, 0.0)
(27.167004, 37.884102, 0.0)
(26.959784, 38.072525, 0.0)
(26.650143, 38.444271, 0.0)
(26.629160, 38.454208, 0.0)
(26.613377, 38.452309, 0.0)
(26.576607, 38.503922, 0.0)
(26.576054, 38.502419, 0.0)
(26.556993, 38.531048, 0.0)
(26.575615, 38.521976, 0.0)
(26.572203, 38.510571, 0.0)
(26.538902, 38.508377, 0.0)
(26.559458, 38.490154, 0.0)
(26.561119, 38.480431, 0.0)
(26.548594, 38.513401, 0.0)
(26.797190, 38.350857, 0.0)
(26.820141, 38.349701, 0.0)
(26.793756, 38.363998, 0.0)
(26.767719, 38.360851, 0.0)
(26.779963, 38.389835, 0.0)
(26.834833, 38.356457, 0.0)
(26.773653, 38.381882, 0.0)
(26.793694, 38.437805, 0.0)
(26.810022, 38.416889, 0.0)
(26.846247, 38.387463, 0.0)
(26.847992, 38.368816, 0.0)
(26.824211, 38.382713, 0.0)
(26.782080, 38.449890, 0.0)
(26.745895, 38.453743, 0.0)
(26.770529, 38.457180, 0.0)
(26.770472, 38.487995, 0.0)
(26.712578, 38.500496, 0.0)
(26.745983, 38.483246, 0.0)
(26.770737, 38.511318, 0.0)
(26.744610, 38.503792, 0.0)
(26.725504, 38.494038, 0.0)
(26.760216, 38.480637, 0.0)
(27.920496, 38.234802, 0.0)
(29.745380, 37.765614, 0.0)
(29.854822, 37.772182, 0.0)
(29.876543, 37.757462, 0.0)
(29.863770, 37.737087, 0.0)
(29.874941, 37.702564, 0.0)
(29.888508, 37.711254, 0.0)
(29.888508, 37.711254, 0.0)
(31.812420, 36.179409, 0.0)
(32.305424, 35.867836, 0.0)
(32.377136, 35.806839, 0.0)
(32.373295, 35.809376, 0.0)
(34.016598, 35.855610, 0.0)
(36.065582, 35.690872, 0.0)
(36.248299, 35.715683, 0.0)
(38.119083, 36.612366, 0.0)
(39.866917, 37.639843, 0.0)
(40.062321, 37.748814, 0.0)
(41.205788, 38.765068, 0.0)
(41.331150, 38.809639, 0.0)
(41.321571, 38.798382, 0.0)
(41.324352, 38.771080, 0.0)
(41.351963, 38.763329, 0.0)
(41.336960, 38.776016, 0.0)
(41.328213, 38.744976, 0.0)
(41.136513, 38.544693, 0.0)
(39.594555, 35.736774, 0.0)
(37.869888, 32.867416, 0.0)
(37.369858, 32.135643, 0.0)
(37.342243, 32.076324, 0.0)
(37.356705, 32.041687, 0.0)
(37.368385, 32.007629, 0.0)
(37.357700, 32.085602, 0.0)
(37.368866, 32.089699, 0.0)
(37.383900, 32.066517, 0.0)
(39.671661, 34.052605, 0.0)
(40.206455, 34.758087, 0.0)
(40.238243, 34.741169, 0.0)
(40.260281, 34.713722, 0.0)
(40.298161, 34.725716, 0.0)
(40.582981, 35.439705, 0.0)
(40.588234, 35.481087, 0.0)
(40.604179, 35.472431, 0.0)
(40.591011, 35.492737, 0.0)
(40.595833, 35.505985, 0.0)
(40.552895, 35.499378, 0.0)
(40.513451, 35.459366, 0.0)
(40.501202, 35.434319, 0.0)
(40.491600, 35.460526, 0.0)
(40.482342, 35.425941, 0.0)
(40.460316, 35.419605, 0.0)
(40.466827, 35.417870, 0.0)
(40.465244, 35.423214, 0.0)
(40.436867, 35.437786, 0.0)
(40.421368, 35.429684, 0.0)
(40.444393, 35.438873, 0.0)
(40.439564, 35.480469, 0.0)
(40.373074, 35.452820, 0.0)
(39.468872, 34.230446, 0.0)
(38.876099, 33.407845, 0.0)
(38.721218, 33.250519, 0.0)
(38.718063, 33.272038, 0.0)
(38.750687, 33.299370, 0.0)
(38.757763, 33.251156, 0.0)
(38.737957, 33.256409, 0.0)
(38.748692, 33.317707, 0.0)
(38.742859, 33.293606, 0.0)
(38.727005, 33.264076, 0.0)
(38.719166, 33.296127, 0.0)
(38.740902, 33.307526, 0.0)
(38.711922, 33.322609, 0.0)
(38.714817, 33.305099, 0.0)
(38.553944, 33.249825, 0.0)
(34.340733, 33.463745, 0.0)
(30.891733, 34.852978, 0.0)
(28.695320, 36.550865, 0.0)
(27.570675, 37.875816, 0.0)
(27.277777, 38.127865, 0.0)
(27.219591, 38.129143, 0.0)
(26.944763, 39.000294, 0.0)
(26.906330, 39.541965, 0.0)
(26.919867, 39.597492, 0.0)
(26.876333, 39.592346, 0.0)
(26.861948, 39.575188, 0.0)
(26.857803, 39.584412, 0.0)
(26.813625, 39.526413, 0.0)
(26.807470, 39.522682, 0.0)
(26.793804, 39.500156, 0.0)
(26.777151, 39.470615, 0.0)
(26.785984, 39.477684, 0.0)
(26.762020, 39.481552, 0.0)
(26.748892, 39.484531, 0.0)
(26.765175, 39.493000, 0.0)
(26.747915, 39.470501, 0.0)
(26.768454, 39.453907, 0.0)
(26.790798, 39.430313, 0.0)
(26.790691, 39.465534, 0.0)
(26.777573, 39.436817, 0.0)
(26.816507, 39.443768, 0.0)
(26.839165, 39.443241, 0.0)
(26.787205, 39.450382, 0.0)
(26.826118, 39.439274, 0.0)
(26.842426, 39.397724, 0.0)
(26.853418, 39.403942, 0.0)
(26.894197, 39.398773, 0.0)
(26.894310, 39.403023, 0.0)
(26.877163, 39.369904, 0.0)
(26.908840, 39.391441, 0.0)
(26.923424, 39.367237, 0.0)
(27.220692, 38.726856, 0.0)
(29.409147, 34.943478, 0.0)
(29.583130, 33.972286, 0.0)
(29.472998, 33.923672, 0.0)
(29.457224, 33.933144, 0.0)
(29.454676, 33.887630, 0.0)
(29.451971, 33.893517, 0.0)
(29.424492, 33.822372, 0.0)
(29.460524, 33.874527, 0.0)
(29.373993, 33.842083, 0.0)
(29.365517, 33.667351, 0.0)
(29.366678, 33.665726, 0.0)
(29.324831, 33.660004, 0.0)
(29.279539, 33.625427, 0.0)
(29.326519, 33.592762, 0.0)
(29.320602, 33.586906, 0.0)
(29.279474, 33.573936, 0.0)
(29.356821, 33.593163, 0.0)
(29.356821, 33.593163, 0.0)
(29.296436, 33.622288, 0.0)
(29.361881, 33.630344, 0.0)
(29.296965, 33.700481, 0.0)
(29.221581, 33.682053, 0.0)
(29.264320, 33.734264, 0.0)
(29.242281, 33.734974, 0.0)
(29.257278, 33.693321, 0.0)
(29.263575, 33.696125, 0.0)
(29.275026, 33.734673, 0.0)
(29.232420, 33.776646, 0.0)
(29.261566, 33.791893, 0.0)
(29.241890, 33.787464, 0.0)
(29.234600, 33.777100, 0.0)
(29.241503, 33.775887, 0.0)
(29.250483, 33.783333, 0.0)
(31.144196, 32.931808, 0.0)
(31.945087, 32.667950, 0.0)
(32.046947, 32.630589, 0.0)
(32.035545, 32.622082, 0.0)
(34.935463, 33.168320, 0.0)
(37.081768, 34.651630, 0.0)
(36.996552, 35.130810, 0.0)
(37.000397, 35.094009, 0.0)
(37.077473, 35.122715, 0.0)
(37.162811, 35.390747, 0.0)
(37.577721, 36.260708, 0.0)
(37.631920, 36.357937, 0.0)
(37.603619, 36.321777, 0.0)
(37.599422, 36.289127, 0.0)
(37.640255, 36.298157, 0.0)
(37.576794, 36.273762, 0.0)
(37.577789, 36.262188, 0.0)
(37.562595, 36.342461, 0.0)
(37.532543, 36.307068, 0.0)
(37.521370, 36.268467, 0.0)
(37.530727, 36.260952, 0.0)
(37.536575, 36.249821, 0.0)
(37.526508, 36.252155, 0.0)
(37.532738, 36.239361, 0.0)
(37.544460, 36.256721, 0.0)
(37.508240, 36.232231, 0.0)
(37.517284, 36.216721, 0.0)
(37.497211, 36.209663, 0.0)
(37.506901, 36.234718, 0.0)
(37.466011, 36.239704, 0.0)
(37.509846, 36.232540, 0.0)
(37.448872, 36.237457, 0.0)
(37.472637, 36.248676, 0.0)
(37.493092, 36.210480, 0.0)
(37.525276, 36.204185, 0.0)
(37.526871, 36.198994, 0.0)
(37.551758, 36.188107, 0.0)
(37.538486, 36.212505, 0.0)
(37.547813, 36.216263, 0.0)
(37.558971, 36.204693, 0.0)
(37.561596, 36.263176, 0.0)
(37.529987, 36.248096, 0.0)
(37.139172, 34.998714, 0.0)
(36.226799, 31.815924, 0.0)
(35.606590, 30.620895, 0.0)
(35.549175, 30.596741, 0.0)
(35.535542, 30.603594, 0.0)
(35.453941, 30.501116, 0.0)
(34.971313, 30.181044, 0.0)
(34.923332, 30.134764, 0.0)
(34.919823, 30.102707, 0.0)
(34.952862, 30.040176, 0.0)
(34.899197, 30.028145, 0.0)
(34.949978, 30.002558, 0.0)
(35.004154, 29.937958, 0.0)
(35.007866, 29.903893, 0.0)
(34.972168, 29.919701, 0.0)
(35.011459, 29.986967, 0.0)
(34.999809, 29.983408, 0.0)
(34.966599, 29.951223, 0.0)
(34.989357, 29.979307, 0.0)
(34.984570, 29.983265, 0.0)
(34.956768, 29.886515, 0.0)
(34.984108, 29.708117, 0.0)
(34.992535, 29.698647, 0.0)
(34.984108, 29.708117, 0.0)
(34.950241, 29.717819, 0.0)
(34.952618, 29.777863, 0.0)
(34.922085, 29.847218, 0.0)
(34.915936, 29.852415, 0.0)
(34.902943, 29.854420, 0.0)
(34.887501, 29.832237, 0.0)
(34.907543, 29.835438, 0.0)
(34.907543, 29.835438, 0.0)
(34.913528, 29.805025, 0.0)
(34.915936, 29.852415, 0.0)
(34.916565, 29.886559, 0.0)
(34.916122, 29.983826, 0.0)
(34.922455, 29.966555, 0.0)
(36.574867, 30.470249, 0.0)
(39.950130, 31.803921, 0.0)
(40.503765, 32.129932, 0.0)
(40.604836, 32.126667, 0.0)
(40.641201, 32.117367, 0.0)
(41.031227, 32.325848, 0.0)
(41.120197, 32.463081, 0.0)
(41.124752, 32.462353, 0.0)
(41.136093, 32.462769, 0.0)
(41.115376, 32.439796, 0.0)
(41.107975, 32.432575, 0.0)
(41.114853, 32.393311, 0.0)
(41.087948, 32.393051, 0.0)
(41.075050, 32.405392, 0.0)
(41.105026, 32.386044, 0.0)
(40.811352, 32.353436, 0.0)
(40.547226, 32.214977, 0.0)
(40.603603, 32.179081, 0.0)
(40.601402, 32.171066, 0.0)
(40.591152, 32.164318, 0.0)
(40.608803, 32.165417, 0.0)
(40.603603, 32.179081, 0.0)
(40.597282, 32.199116, 0.0)
(40.587402, 32.230373, 0.0)
(40.590401, 32.206081, 0.0)
(40.614994, 32.200928, 0.0)
(40.622349, 32.215385, 0.0)
(41.043087, 32.405926, 0.0)
(41.132145, 32.469334, 0.0)
(41.128838, 32.477943, 0.0)
(41.126221, 32.482540, 0.0)
(41.128838, 32.477943, 0.0)
(41.136883, 32.469395, 0.0)
(41.121449, 32.459400, 0.0)
(41.117142, 32.438854, 0.0)
(41.139366, 32.392120, 0.0)
(41.140533, 32.366932, 0.0)
(40.536240, 32.520119, 0.0)
(40.225948, 33.148907, 0.0)
(40.267826, 33.271889, 0.0)
(40.262325, 33.216591, 0.0)
(40.253700, 33.206493, 0.0)
(40.262463, 33.238026, 0.0)
(40.227245, 33.187428, 0.0)
(40.422405, 33.434208, 0.0)
(40.432201, 33.433235, 0.0)
(40.424374, 33.445557, 0.0)
(40.411045, 33.453781, 0.0)
(40.420189, 33.423111, 0.0)
(40.425556, 33.405895, 0.0)
(40.443806, 33.381691, 0.0)
(40.443806, 33.381691, 0.0)
(40.437428, 33.399822, 0.0)
(40.423466, 33.393162, 0.0)
(40.466816, 33.418827, 0.0)
(40.451721, 33.385979, 0.0)
(40.479683, 33.369766, 0.0)
(40.428230, 33.351730, 0.0)
(40.470932, 33.381439, 0.0)
(40.462662, 33.368214, 0.0)
(40.413929, 33.351444, 0.0)
(40.460217, 33.364697, 0.0)
(40.445938, 33.375637, 0.0)
(40.396526, 33.365738, 0.0)
(40.391685, 33.363541, 0.0)
(40.397778, 33.399593, 0.0)
(40.360783, 33.421627, 0.0)
(40.339706, 33.466270, 0.0)
(40.334709, 33.473991, 0.0)
(40.303490, 33.446518, 0.0)
(40.329865, 33.479855, 0.0)
(40.291340, 33.457138, 0.0)
(40.320244, 33.489574, 0.0)
(40.263477, 33.466045, 0.0)
(40.247086, 33.533253, 0.0)
(40.247662, 33.582661, 0.0)
(38.120178, 33.765057, 0.0)
(34.247761, 34.551231, 0.0)
(31.773045, 36.431580, 0.0)
(30.266171, 37.957844, 0.0)
(29.871433, 38.404552, 0.0)
(29.756687, 38.391003, 0.0)
(29.711096, 38.442036, 0.0)
(29.780346, 38.531769, 0.0)
(29.989880, 38.863255, 0.0)
(30.003321, 38.912457, 0.0)
(29.989317, 38.880234, 0.0)
(29.967922, 38.889996, 0.0)
(29.941765, 38.878548, 0.0)
(29.930904, 38.875515, 0.0)
(29.931995, 38.873142, 0.0)
(29.912830, 38.858318, 0.0)
(29.883261, 38.859802, 0.0)
(29.864523, 38.891945, 0.0)
(29.874863, 38.881855, 0.0)
(29.833771, 38.885162, 0.0)
(29.802374, 38.902195, 0.0)
(29.805861, 38.904686, 0.0)
(29.799318, 38.870567, 0.0)
(29.802544, 38.847298, 0.0)
(29.780872, 38.843708, 0.0)
(29.786934, 38.837959, 0.0)
(29.772247, 38.831116, 0.0)
(29.791941, 38.822178, 0.0)
(29.749386, 38.832088, 0.0)
(29.757456, 38.794266, 0.0)
(29.777212, 38.781052, 0.0)
(29.811958, 38.764362, 0.0)
(29.841402, 38.719864, 0.0)
(29.876553, 38.721264, 0.0)
(29.894489, 38.725830, 0.0)
(29.900991, 38.679462, 0.0)
(29.909851, 38.667904, 0.0)
(29.933170, 38.698807, 0.0)
(29.977551, 39.621326, 0.0)
(29.961946, 39.740704, 0.0)
(29.966526, 39.710567, 0.0)
(29.909468, 39.687939, 0.0)
(29.895264, 39.704838, 0.0)
(29.944103, 39.694527, 0.0)
(29.890806, 39.660549, 0.0)
(30.127228, 39.875965, 0.0)
(30.148392, 39.927418, 0.0)
(30.132145, 39.928974, 0.0)
(30.040188, 39.953732, 0.0)
(30.097811, 39.920139, 0.0)
(30.021461, 39.947296, 0.0)
(29.983099, 39.963585, 0.0)
(29.994913, 39.917538, 0.0)
(29.968323, 39.946770, 0.0)
(29.945896, 39.953537, 0.0)
(29.941734, 39.958771, 0.0)
(29.900360, 39.982681, 0.0)
(29.877760, 40.017235, 0.0)
(29.911320, 40.005657, 0.0)
(29.923195, 40.014622, 0.0)
(29.840782, 40.046001, 0.0)
(29.817980, 40.040825, 0.0)
(29.833982, 40.068478, 0.0)
(29.824301, 40.049049, 0.0)
(29.817980, 40.040825, 0.0)
(29.832542, 40.072811, 0.0)
(29.814627, 40.123688, 0.0)
(29.802013, 40.068443, 0.0)
(29.818068, 40.057152, 0.0)
(29.824713, 40.086742, 0.0)
(29.768801, 40.063423, 0.0)
(29.795612, 40.063332, 0.0)
(29.824614, 40.067474, 0.0)
(29.832024, 40.125732, 0.0)
(29.798269, 40.125729, 0.0)
(30.523142, 39.969604, 0.0)
(34.576942, 38.654282, 0.0)
(35.453022, 38.623833, 0.0)
(35.585140, 38.640144, 0.0)
(35.660698, 38.639484, 0.0)
(35.691200, 38.646152, 0.0)
(35.731274, 38.647972, 0.0)
(35.698956, 38.684547, 0.0)
(35.705517, 38.687958, 0.0)
(35.720821, 38.676529, 0.0)
(35.743416, 38.603458, 0.0)
(35.768486, 38.579311, 0.0)
(35.766396, 38.541687, 0.0)
(35.774151, 38.537846, 0.0)
(35.770927, 38.524563, 0.0)
(35.765320, 38.499207, 0.0)
(35.740700, 38.571751, 0.0)
(35.698891, 38.578602, 0.0)
(35.702915, 38.577816, 0.0)
(35.725151, 38.550648, 0.0)
(35.722511, 38.539886, 0.0)
(35.693668, 38.545139, 0.0)
(35.740345, 38.508919, 0.0)
(35.742107, 38.512516, 0.0)
(35.728428, 38.521255, 0.0)
(35.735374, 38.517235, 0.0)
(35.696106, 38.546440, 0.0)
(35.716362, 38.543255, 0.0)
(35.747406, 38.534851, 0.0)
(35.681896, 38.547478, 0.0)
(35.675331, 38.569210, 0.0)
(35.689617, 38.560810, 0.0)
(35.718075, 38.517559, 0.0)
(35.734104, 38.515213, 0.0)
(35.764690, 38.491554, 0.0)
(35.771954, 38.494522, 0.0)
(35.740196, 38.517452, 0.0)
(35.774307, 38.487366, 0.0)
(37.430355, 36.817234, 0.0)
(39.136021, 33.916225, 0.0)
(39.706692, 32.755512, 0.0)
(39.747822, 32.646210, 0.0)
(39.766056, 32.714390, 0.0)
(39.869007, 32.766209, 0.0)
(40.191727, 32.700626, 0.0)
(40.228695, 32.704937, 0.0)
(40.274670, 32.689034, 0.0)
(40.305126, 32.628773, 0.0)
(40.351528, 32.601768, 0.0)
(40.350666, 32.557350, 0.0)
(40.378620, 32.520374, 0.0)
(40.377083, 32.437469, 0.0)
(40.400967, 32.433731, 0.0)
(40.476963, 32.451389, 0.0)
(40.448334, 32.392265, 0.0)
(40.463570, 32.352707, 0.0)
(40.477249, 32.352036, 0.0)
(40.473000, 32.358719, 0.0)
(40.460419, 32.405350, 0.0)
(40.490124, 32.461620, 0.0)
(40.443329, 32.438797, 0.0)
(40.447178, 32.398598, 0.0)
(40.443356, 32.369564, 0.0)
(40.440472, 32.406773, 0.0)
(40.452648, 32.428040, 0.0)
(40.409393, 32.438713, 0.0)
(40.380016, 32.444782, 0.0)
(40.390961, 32.443924, 0.0)
(40.370842, 32.433758, 0.0)
(40.364803, 32.435783, 0.0)
(40.357452, 32.450981, 0.0)
(40.350578, 32.437740, 0.0)
(40.315128, 32.491108, 0.0)
(40.300751, 32.501469, 0.0)
(40.326057, 32.492310, 0.0)
(41.541725, 33.426186, 0.0)
(41.604385, 33.488995, 0.0)
(41.590427, 33.527622, 0.0)
(41.588173, 33.515930, 0.0)
(41.590157, 33.486187, 0.0)
(41.598946, 33.498268, 0.0)
(41.731308, 33.691971, 0.0)
(41.801941, 33.750202, 0.0)
(41.742146, 33.749165, 0.0)
(41.742146, 33.749165, 0.0)
(41.747929, 33.783791, 0.0)
(41.747581, 33.775730, 0.0)
(41.704132, 33.728939, 0.0)
(41.741810, 33.741089, 0.0)
(41.771214, 33.749233, 0.0)
(41.722481, 33.737049, 0.0)
(41.781399, 33.698601, 0.0)
(41.777866, 33.710560, 0.0)
(41.757622, 33.765156, 0.0)
(41.772018, 33.791176, 0.0)
(41.762009, 33.790981, 0.0)
(41.756424, 33.661182, 0.0)
(41.757359, 33.661716, 0.0)
(41.754681, 33.652443, 0.0)
(41.794987, 33.631386, 0.0)
(41.745110, 33.651657, 0.0)
(41.733078, 33.666325, 0.0)
(41.720337, 33.676750, 0.0)
(41.677258, 33.727837, 0.0)
(41.669849, 33.703835, 0.0)
(41.688728, 33.697407, 0.0)
(41.682621, 33.703384, 0.0)
(41.683407, 33.719830, 0.0)
(41.672527, 33.682266, 0.0)
(41.692291, 33.672684, 0.0)
(41.675785, 33.692711, 0.0)
(41.688225, 33.702457, 0.0)
(41.673698, 33.697945, 0.0)
(41.537334, 33.738777, 0.0)
(39.670486, 34.989296, 0.0)
(39.924759, 36.527771, 0.0)
(40.560768, 38.317230, 0.0)
(40.847393, 38.664330, 0.0)
(40.878613, 38.624149, 0.0)
(40.866028, 38.633465, 0.0)
(40.894154, 38.645145, 0.0)
(40.948761, 39.177277, 0.0)
(40.929390, 39.253815, 0.0)
(40.914818, 39.234825, 0.0)
(40.895943, 39.246243, 0.0)
(40.900780, 39.184097, 0.0)
(40.911274, 39.165913, 0.0)
(40.905914, 39.155266, 0.0)
(40.908318, 39.151489, 0.0)
(40.907661, 39.122910, 0.0)
(40.901398, 39.130882, 0.0)
(40.901398, 39.130882, 0.0)
(40.919571, 39.132748, 0.0)
(40.893528, 39.115963, 0.0)
(40.881905, 39.118313, 0.0)
(40.870132, 39.119358, 0.0)
(40.854172, 39.123955, 0.0)
(40.854038, 39.109295, 0.0)
(40.852665, 39.103043, 0.0)
(40.851616, 39.109188, 0.0)
(40.827984, 39.130096, 0.0)
(40.810501, 39.119354, 0.0)
(40.818295, 39.093868, 0.0)
(40.825146, 39.116364, 0.0)
(40.786297, 39.116570, 0.0)
(40.789665, 39.104836, 0.0)
(40.800251, 39.099972, 0.0)
(40.796810, 39.111801, 0.0)
(40.780251, 39.123718, 0.0)
(40.771244, 39.137569, 0.0)
(40.796036, 39.156483, 0.0)
(41.653931, 39.353966, 0.0)
(42.406078, 39.556976, 0.0)
(42.450481, 39.570255, 0.0)
(42.397221, 39.598530, 0.0)
(42.461948, 39.629753, 0.0)
(42.643044, 39.698654, 0.0)
(42.653008, 39.720093, 0.0)
(42.649887, 39.702953, 0.0)
(42.659889, 39.711952, 0.0)
(42.654102, 39.712994, 0.0)
(42.634251, 39.683594, 0.0)
(42.639683, 39.659855, 0.0)
(42.639648, 39.659603, 0.0)
(42.629673, 39.716103, 0.0)
(42.618340, 39.669579, 0.0)
(42.646160, 39.680672, 0.0)
(42.614956, 39.687489, 0.0)
(42.618362, 39.660828, 0.0)
(42.619041, 39.668682, 0.0)
(42.611320, 39.684578, 0.0)
(42.592678, 39.660194, 0.0)
(42.599648, 39.641472, 0.0)
(42.598343, 39.653500, 0.0)
(42.576832, 39.670868, 0.0)
(42.573559, 39.659405, 0.0)
(42.521568, 39.671249, 0.0)
(42.508469, 39.674496, 0.0)
(42.497814, 39.701023, 0.0)
(42.507164, 39.620068, 0.0)
(42.508121, 39.621712, 0.0)
(42.551872, 39.631310, 0.0)
(42.582615, 39.611378, 0.0)
(42.510712, 39.672062, 0.0)
(42.451061, 39.660431, 0.0)
(42.461918, 39.668442, 0.0)
(42.455795, 39.685879, 0.0)
(42.456982, 39.666985, 0.0)
(42.509098, 39.637859, 0.0)
(42.510555, 39.638889, 0.0)
(40.815231, 37.971382, 0.0)
(37.180550, 34.903168, 0.0)
(33.351036, 33.368389, 0.0)
(30.328602, 33.231155, 0.0)
(28.439754, 33.535873, 0.0)
(28.307375, 33.574833, 0.0)
(28.301468, 33.576332, 0.0)
(27.160278, 34.138336, 0.0)
(26.747988, 34.437004, 0.0)
(26.726404, 34.432579, 0.0)
(26.685984, 34.408508, 0.0)
(26.698874, 34.318523, 0.0)
(26.551016, 34.561611, 0.0)
(26.542635, 34.571259, 0.0)
(26.535278, 34.533821, 0.0)
(26.539461, 34.510376, 0.0)
(26.542049, 34.498684, 0.0)
(26.507429, 34.496120, 0.0)
(26.512779, 34.458488, 0.0)
(26.521568, 34.453400, 0.0)
(26.529602, 34.491116, 0.0)
(26.522652, 34.472153, 0.0)
(26.529602, 34.491116, 0.0)
(26.529602, 34.491116, 0.0)
(26.526419, 34.515030, 0.0)
(26.524038, 34.520851, 0.0)
(26.530300, 34.511166, 0.0)
(26.524485, 34.515202, 0.0)
(26.513494, 34.499817, 0.0)
(26.460808, 34.522015, 0.0)
(26.529533, 34.496433, 0.0)
(26.486412, 34.470722, 0.0)
(26.460709, 34.507607, 0.0)
(26.483170, 34.487331, 0.0)
(26.442839, 34.512283, 0.0)
(26.499859, 34.493473, 0.0)
(28.384628, 33.338879, 0.0)
(29.707726, 32.593285, 0.0)
(29.833513, 32.489342, 0.0)
(29.813547, 32.454857, 0.0)
(29.762836, 32.446129, 0.0)
(29.313351, 32.462955, 0.0)
(29.266926, 32.472919, 0.0)
(29.254978, 32.477352, 0.0)
(29.260839, 32.520489, 0.0)
(29.252735, 32.494125, 0.0)
(29.263926, 32.467644, 0.0)
(29.284914, 32.446457, 0.0)
(29.209202, 32.472717, 0.0)
(29.244085, 32.442665, 0.0)
(29.252367, 32.464371, 0.0)
(29.231895, 32.465435, 0.0)
(29.220194, 32.467640, 0.0)
(29.238529, 32.501564, 0.0)
(29.219742, 32.523144, 0.0)
(29.204882, 32.520195, 0.0)
(29.209385, 32.516869, 0.0)
(29.194738, 32.544296, 0.0)
(29.187328, 32.550411, 0.0)
(29.188046, 32.535778, 0.0)
(29.211086, 32.527397, 0.0)
(29.193647, 32.544800, 0.0)
(29.187374, 32.573853, 0.0)
(29.171782, 32.548729, 0.0)
(29.178724, 32.594746, 0.0)
(29.192989, 32.613400, 0.0)
(29.170052, 32.578533, 0.0)
(29.167992, 32.584133, 0.0)
(29.165071, 32.626659, 0.0)
(29.148190, 32.662403, 0.0)
(29.182695, 32.640636, 0.0)
(29.197500, 32.618786, 0.0)
(29.207945, 32.601509, 0.0)
(28.988897, 32.718540, 0.0)
(27.937685, 33.534554, 0.0)
(27.788605, 33.672966, 0.0)
(27.801918, 33.664951, 0.0)
(27.850067, 33.877647, 0.0)
(27.800558, 33.952408, 0.0)
(27.807865, 33.934563, 0.0)
(27.815109, 33.926910, 0.0)
(27.823513, 33.915291, 0.0)
(27.822790, 33.898960, 0.0)
(27.765236, 34.006195, 0.0)
(27.773880, 34.038071, 0.0)
(27.794619, 34.034378, 0.0)
(27.776857, 34.034401, 0.0)
(27.771330, 34.042118, 0.0)
(27.766958, 34.019138, 0.0)
(27.764933, 33.994446, 0.0)
(27.743050, 33.980537, 0.0)
(27.784349, 33.951061, 0.0)
(27.776493, 33.961811, 0.0)
(27.755522, 33.930317, 0.0)
(27.807758, 33.907909, 0.0)
(27.788275, 33.969669, 0.0)
(27.752378, 33.988888, 0.0)
(27.768333, 33.983658, 0.0)
(27.777252, 34.000000, 0.0)
(27.733574, 34.012722, 0.0)
(27.760733, 33.993122, 0.0)
(27.751375, 33.998363, 0.0)
(27.760841, 34.023933, 0.0)
(27.758518, 34.044327, 0.0)
(27.756182, 34.070080, 0.0)
(27.747812, 34.096188, 0.0)
(27.733191, 34.117813, 0.0)
(27.709747, 34.134529, 0.0)
(27.721981, 34.120434, 0.0)
(27.717594, 34.133595, 0.0)
(27.715227, 34.190067, 0.0)
(30.169239, 34.013985, 0.0)
(33.657543, 34.869076, 0.0)
(33.748966, 34.979435, 0.0)
(33.761154, 34.940872, 0.0)
(33.750259, 34.945484, 0.0)
(33.728523, 34.937241, 0.0)
(33.625782, 35.011284, 0.0)
(33.576275, 35.139225, 0.0)
(33.546951, 35.157009, 0.0)
(33.581028, 35.112335, 0.0)
(33.580952, 35.094284, 0.0)
(33.575172, 35.115749, 0.0)
(33.582012, 35.096500, 0.0)
(33.581070, 35.141544, 0.0)
(33.594536, 35.189034, 0.0)
(33.580406, 35.236298, 0.0)
(33.630058, 35.192932, 0.0)
(33.559914, 35.255886, 0.0)
(33.590622, 35.208504, 0.0)
(33.619617, 35.207241, 0.0)
(33.545071, 35.262501, 0.0)
(33.540886, 35.262829, 0.0)
(33.581520, 35.274410, 0.0)
(33.554996, 35.281475, 0.0)
(33.576813, 35.222103, 0.0)
(33.556812, 35.232014, 0.0)
(33.572895, 35.251530, 0.0)
(33.541958, 35.253899, 0.0)
(33.533157, 35.219223, 0.0)
(33.555241, 35.237869, 0.0)
(33.533783, 35.263447, 0.0)
(33.530025, 35.229679, 0.0)
(33.539276, 35.256565, 0.0)
(33.515438, 35.291492, 0.0)
(33.512314, 35.294018, 0.0)
(33.509388, 35.314152, 0.0)
(33.540699, 35.278538, 0.0)
(33.545086, 35.322544, 0.0)
(37.101353, 35.816315, 0.0)
(38.738914, 36.711464, 0.0)
(39.128918, 37.055775, 0.0)
(39.167007, 37.139496, 0.0)
(39.188305, 37.136887, 0.0)
(39.359070, 37.213985, 0.0)
(39.598145, 37.504532, 0.0)
(39.590252, 37.496082, 0.0)
(39.618664, 37.397102, 0.0)
(39.657265, 37.472775, 0.0)
(39.627937, 37.483585, 0.0)
(39.628880, 37.461929, 0.0)
(39.645248, 37.463371, 0.0)
(39.617958, 37.411854, 0.0)
(39.584484, 37.373173, 0.0)
(39.737732, 37.474678, 0.0)
(39.741245, 37.489594, 0.0)
(39.752644, 37.462826, 0.0)
(39.747665, 37.432159, 0.0)
(39.769466, 37.446663, 0.0)
(39.769489, 37.429398, 0.0)
(39.777100, 37.449036, 0.0)
(39.755352, 37.460308, 0.0)
(39.753284, 37.407135, 0.0)
(39.736649, 37.371250, 0.0)
(39.751785, 37.421268, 0.0)
(39.772144, 37.432808, 0.0)
(39.743855, 37.363373, 0.0)
(39.729702, 37.377274, 0.0)
(39.752003, 37.456932, 0.0)
(39.718307, 37.413616, 0.0)
(39.715084, 37.416710, 0.0)
(39.722042, 37.434937, 0.0)
(39.684860, 37.428787, 0.0)
(39.681309, 37.405167, 0.0)
(39.703011, 37.396278, 0.0)
(39.733330, 37.417164, 0.0)
(39.679489, 37.422085, 0.0)
(39.276871, 37.200893, 0.0)
(35.088795, 35.099167, 0.0)
(31.185266, 33.835659, 0.0)
(28.413651, 33.826763, 0.0)
(27.740253, 33.916271, 0.0)
(27.566133, 33.950066, 0.0)
(27.541878, 33.934429, 0.0)
(26.416164, 34.236732, 0.0)
(26.340282, 34.252064, 0.0)
(26.339544, 34.241581, 0.0)
(26.310545, 34.224815, 0.0)
(26.311495, 34.213428, 0.0)
(26.321835, 34.194046, 0.0)
(26.300674, 34.179276, 0.0)
(26.311369, 34.167694, 0.0)
(26.264706, 34.166786, 0.0)
(26.275696, 34.109966, 0.0)
(26.293909, 34.121639, 0.0)
(26.306631, 34.139603, 0.0)
(26.288177, 34.130348, 0.0)
(26.354450, 34.109104, 0.0)
(26.377951, 34.084908, 0.0)
(26.335819, 34.113678, 0.0)
(26.337523, 34.111687, 0.0)
(26.355461, 34.118996, 0.0)
(26.331739, 34.162708, 0.0)
(26.338079, 34.172859, 0.0)
(26.336096, 34.148655, 0.0)
(26.355824, 34.142902, 0.0)
(26.352478, 34.119209, 0.0)
(26.377779, 34.103371, 0.0)
(26.380682, 34.086098, 0.0)
(26.386812, 34.117378, 0.0)
(26.370310, 34.086555, 0.0)
(26.402447, 34.067043, 0.0)
(26.429310, 34.094158, 0.0)
(26.395170, 34.121590, 0.0)
(26.384014, 34.098763, 0.0)
(26.409840, 34.114979, 0.0)
(27.402046, 35.622246, 0.0)
(28.114561, 37.448299, 0.0)
(28.146435, 37.679317, 0.0)
(28.107521, 37.718483, 0.0)
(28.083452, 37.792995, 0.0)
(28.084394, 37.805382, 0.0)
(28.402311, 38.179733, 0.0)
(28.399437, 38.243618, 0.0)
(28.406408, 38.248013, 0.0)
(28.426050, 38.221127, 0.0)
(28.410057, 38.221889, 0.0)
(28.410969, 38.175114, 0.0)
(28.401258, 38.165920, 0.0)
(28.397148, 38.161999, 0.0)
(28.388840, 38.200363, 0.0)
(28.371002, 38.209843, 0.0)
(28.381685, 38.203156, 0.0)
(28.361654, 38.217319, 0.0)
(28.355749, 38.208717, 0.0)
(28.359617, 38.209190, 0.0)
(28.344563, 38.192997, 0.0)
(28.357220, 38.183289, 0.0)
(28.333748, 38.162991, 0.0)
(28.316898, 38.156258, 0.0)
(28.310888, 38.160706, 0.0)
(28.320320, 38.194668, 0.0)
(28.323700, 38.171829, 0.0)
(28.357122, 38.153046, 0.0)
(28.335054, 38.167011, 0.0)
(28.336670, 38.172657, 0.0)
(28.342899, 38.153847, 0.0)
(28.345736, 38.136898, 0.0)
(28.344591, 38.156525, 0.0)
(28.346100, 38.161514, 0.0)
(28.349617, 38.170258, 0.0)
(28.366295, 38.155354, 0.0)
(29.183998, 37.801735, 0.0)
(33.234421, 36.498863, 0.0)
(33.471531, 36.435368, 0.0)
(33.498665, 36.400665, 0.0)
(33.547440, 36.375324, 0.0)
(33.524948, 36.409195, 0.0)
(33.495747, 36.426083, 0.0)
(33.500443, 36.411694, 0.0)
(33.790188, 36.383018, 0.0)
(33.857441, 36.356846, 0.0)
(33.846775, 36.350670, 0.0)
(33.864605, 36.382015, 0.0)
(33.813839, 36.342770, 0.0)
(33.772778, 36.300068, 0.0)
(33.818153, 36.286026, 0.0)
(33.779213, 36.275303, 0.0)
(33.787033, 36.256241, 0.0)
(33.837471, 36.207882, 0.0)
(33.825001, 36.190254, 0.0)
(33.667755, 36.085617, 0.0)
(33.701061, 35.931301, 0.0)
(33.781670, 35.934505, 0.0)
(33.756729, 36.043705, 0.0)
(33.748402, 36.062843, 0.0)
(33.761585, 36.071632, 0.0)
(33.747406, 36.118439, 0.0)
(33.765804, 36.140614, 0.0)
(33.729755, 36.086723, 0.0)
(33.813721, 36.087646, 0.0)
(33.814754, 36.104759, 0.0)
(33.833866, 36.103333, 0.0)
(33.829189, 36.126965, 0.0)
(33.843491, 36.128536, 0.0)
(33.841240, 36.132755, 0.0)
(33.800106, 36.129044, 0.0)
(33.846344, 36.139420, 0.0)
(33.845806, 36.164196, 0.0)
(33.875534, 36.104679, 0.0)
(34.961807, 36.277866, 0.0)
(38.482189, 37.249664, 0.0)
(38.662121, 37.704456, 0.0)
(38.712921, 37.716331, 0.0)
(38.763496, 37.699856, 0.0)
(39.437168, 38.228031, 0.0)
(39.531010, 38.267036, 0.0)
(39.507759, 38.242146, 0.0)
(39.556149, 38.238655, 0.0)
(39.588417, 38.195892, 0.0)
(39.603447, 38.187729, 0.0)
(39.596394, 38.153847, 0.0)
(39.609760, 38.171719, 0.0)
(39.627178, 38.165146, 0.0)
(39.602741, 38.169689, 0.0)
(39.643356, 38.129715, 0.0)
(39.615719, 38.119148, 0.0)
(39.643261, 38.123730, 0.0)
(39.629524, 38.110455, 0.0)
(39.626549, 38.105915, 0.0)
(39.621532, 38.174728, 0.0)
(39.598045, 38.196953, 0.0)
(39.564507, 38.186169, 0.0)
(39.417660, 37.961166, 0.0)
(38.886543, 36.520981, 0.0)
(38.425053, 35.373219, 0.0)
(38.386078, 35.263931, 0.0)
(38.404789, 35.285107, 0.0)
(38.376911, 35.289036, 0.0)
(38.360111, 35.358994, 0.0)
(38.369713, 35.386936, 0.0)
(38.354107, 35.417427, 0.0)
(38.331497, 35.416332, 0.0)
(38.359306, 35.417065, 0.0)
(38.319733, 35.376980, 0.0)
(38.337074, 35.378059, 0.0)
(38.338413, 35.413055, 0.0)
(38.319786, 35.387115, 0.0)
(38.146622, 35.168098, 0.0)
(35.147423, 32.274605, 0.0)
(33.405849, 30.862471, 0.0)
(33.274323, 30.904085, 0.0)
(33.270458, 30.907114, 0.0)
(33.253387, 30.905626, 0.0)
(33.179577, 30.908915, 0.0)
(33.126488, 30.904526, 0.0)
(33.212166, 30.891157, 0.0)
(33.166275, 30.878843, 0.0)
(33.148209, 30.894253, 0.0)
(33.126537, 30.874870, 0.0)
(33.129421, 30.879271, 0.0)
(33.113865, 30.859524, 0.0)
(33.118343, 30.848583, 0.0)
(33.134491, 30.840889, 0.0)
(33.101116, 30.839876, 0.0)
(33.092171, 30.835245, 0.0)
(33.104347, 30.870159, 0.0)
(33.101341, 30.834156, 0.0)
(33.089931, 30.791199, 0.0)
(33.094555, 30.794636, 0.0)
(33.099979, 30.814816, 0.0)
(33.108093, 30.844749, 0.0)
(33.094772, 30.892307, 0.0)
(33.102913, 30.900934, 0.0)
(33.123131, 30.909727, 0.0)
(33.104652, 30.906939, 0.0)
(33.086704, 30.849928, 0.0)
(33.126171, 30.835634, 0.0)
(33.092819, 30.800354, 0.0)
(33.084911, 30.792273, 0.0)
(33.112782, 30.806885, 0.0)
(33.102680, 30.806154, 0.0)
(33.128574, 30.788635, 0.0)
(33.138027, 30.794619, 0.0)
(33.121208, 30.824413, 0.0)
(33.134975, 30.823212, 0.0)
(33.204109, 30.778269, 0.0)
(36.633106, 30.974804, 0.0)
(39.828957, 32.038555, 0.0)
(41.793106, 33.435555, 0.0)
(42.279648, 33.936218, 0.0)
(42.440002, 34.010139, 0.0)
(42.447952, 34.003792, 0.0)
(42.855869, 34.323399, 0.0)
(42.917103, 34.358009, 0.0)
(42.892311, 34.357933, 0.0)
(42.898632, 34.317448, 0.0)
(42.911633, 34.268448, 0.0)
(42.904354, 34.283802, 0.0)
(42.869411, 34.293739, 0.0)
(42.865795, 34.306854, 0.0)
(42.863708, 34.313251, 0.0)
(42.851082, 34.318874, 0.0)
(42.851082, 34.318874, 0.0)
(42.850315, 34.292400, 0.0)
(42.774704, 34.252125, 0.0)
(42.785881, 34.268929, 0.0)
(42.807919, 34.294453, 0.0)
(42.784428, 34.259735, 0.0)
(42.753647, 34.228573, 0.0)
(42.752331, 34.328659, 0.0)
(42.717506, 34.287361, 0.0)
(42.737625, 34.324623, 0.0)
(42.717834, 34.346176, 0.0)
(42.697224, 34.356251, 0.0)
(42.708622, 34.321712, 0.0)
(42.653263, 34.281738, 0.0)
(42.673733, 34.252060, 0.0)
(42.618427, 34.275475, 0.0)
(42.600605, 34.261539, 0.0)
(42.597141, 34.265053, 0.0)
(42.596203, 34.273258, 0.0)
(42.585190, 34.293774, 0.0)
(42.592056, 34.286026, 0.0)
(41.875664, 32.735657, 0.0)
(41.565796, 32.061195, 0.0)
(41.424149, 31.933434, 0.0)
(41.433525, 31.974127, 0.0)
(41.138283, 31.503635, 0.0)
(41.151936, 31.386679, 0.0)
(41.201019, 31.368801, 0.0)
(41.211353, 31.379803, 0.0)
(41.248035, 31.422405, 0.0)
(41.276566, 31.425407, 0.0)
(41.270061, 31.346691, 0.0)
(41.299660, 31.327328, 0.0)
(41.300346, 31.326675, 0.0)
(41.311771, 31.335541, 0.0)
(41.327572, 31.307741, 0.0)
(41.358803, 31.299032, 0.0)
(41.341347, 31.275440, 0.0)
(41.341995, 31.284378, 0.0)
(41.372082, 31.287943, 0.0)
(41.374641, 31.296459, 0.0)
(41.390041, 31.286585, 0.0)
(41.368851, 31.293383, 0.0)
(41.395752, 31.277140, 0.0)
(41.383850, 31.272846, 0.0)
(41.402367, 31.271244, 0.0)
(41.393604, 31.259768, 0.0)
(41.411331, 31.266909, 0.0)
(41.388645, 31.249773, 0.0)
(41.400326, 31.200226, 0.0)
(41.400326, 31.200226, 0.0)
(41.479435, 31.230547, 0.0)
(41.450161, 31.258883, 0.0)
(41.458630, 31.251867, 0.0)
(41.470257, 31.247572, 0.0)
(41.480740, 31.238300, 0.0)
(41.470009, 31.215544, 0.0)
(41.495399, 31.186920, 0.0)
(41.487289, 31.193399, 0.0)
(41.647053, 31.609608, 0.0)
(42.291817, 33.223957, 0.0)
(42.764591, 34.978783, 0.0)
(43.019382, 37.501537, 0.0)
(43.074745, 39.521919, 0.0)
(43.076221, 40.286942, 0.0)
(43.081306, 40.310688, 0.0)
(43.039200, 40.287178, 0.0)
(43.013443, 40.308712, 0.0)
(43.108601, 40.511559, 0.0)
(43.088215, 40.545151, 0.0)
(43.074398, 40.553185, 0.0)
(43.049694, 40.617996, 0.0)
(43.042919, 40.628307, 0.0)
(43.009171, 40.634071, 0.0)
(43.014912, 40.556805, 0.0)
(43.007629, 40.578461, 0.0)
(42.992172, 40.574871, 0.0)
(42.972378, 40.511963, 0.0)
(42.960320, 40.523003, 0.0)
(42.908474, 40.509224, 0.0)
(42.864964, 40.583813, 0.0)
(42.853966, 40.585777, 0.0)
(42.853966, 40.585777, 0.0)
(42.835274, 40.610134, 0.0)
(42.805431, 40.594624, 0.0)
(42.820148, 40.588360, 0.0)
(42.805431, 40.594624, 0.0)
(42.773140, 40.596676, 0.0)
(42.775661, 40.617134, 0.0)
(42.819057, 40.625301, 0.0)
(42.769768, 40.607838, 0.0)
(42.769138, 40.591694, 0.0)
(42.781540, 40.657646, 0.0)
(42.753296, 40.673965, 0.0)
(42.732895, 40.651894, 0.0)
(42.717613, 40.660889, 0.0)
(42.720390, 40.694843, 0.0)
(42.463264, 40.548843, 0.0)
(39.703697, 37.702229, 0.0)
(35.735100, 34.743484, 0.0)
(32.739883, 33.413944, 0.0)
(32.614021, 33.336040, 0.0)
(32.620827, 33.343376, 0.0)
(32.137188, 33.294357, 0.0)
(31.669285, 33.350834, 0.0)
(31.573694, 33.327324, 0.0)
(31.540483, 33.318127, 0.0)
(31.506065, 33.338516, 0.0)
(31.515200, 33.274372, 0.0)
(31.585665, 33.298214, 0.0)
(31.568275, 33.230770, 0.0)
(31.571381, 33.191986, 0.0)
(31.597649, 33.178173, 0.0)
(31.569759, 33.215046, 0.0)
(31.549492, 33.200138, 0.0)
(31.589373, 33.257004, 0.0)
(31.600496, 33.268986, 0.0)
(31.587307, 33.260059, 0.0)
(31.585279, 33.227428, 0.0)
(31.593479, 33.233536, 0.0)
(31.609961, 33.212212, 0.0)
(31.612421, 33.212757, 0.0)
(31.584612, 33.171883, 0.0)
(31.606739, 33.176067, 0.0)
(31.621811, 33.205685, 0.0)
(31.654516, 33.177368, 0.0)
(31.633078, 33.206657, 0.0)
(31.625980, 33.231262, 0.0)
(31.625397, 33.163982, 0.0)
(31.658766, 33.204655, 0.0)
(31.646284, 33.162155, 0.0)
(31.627146, 33.119320, 0.0)
(31.650848, 33.130589, 0.0)
(31.658651, 33.186611, 0.0)
(32.631676, 33.925579, 0.0)
(33.639854, 35.612644, 0.0)
(33.761219, 35.887993, 0.0)
(35.059959, 37.091633, 0.0)
(36.001232, 39.342247, 0.0)
(36.131439, 40.229050, 0.0)
(36.106297, 40.327995, 0.0)
(36.104317, 40.308311, 0.0)
(36.405479, 40.612141, 0.0)
(36.450455, 40.784164, 0.0)
(36.443470, 40.825527, 0.0)
(36.403667, 40.829006, 0.0)
(36.368164, 40.828304, 0.0)
(36.366802, 40.785564, 0.0)
(36.372196, 40.808632, 0.0)
(36.389923, 40.762039, 0.0)
(36.397476, 40.812019, 0.0)
(36.386726, 40.888092, 0.0)
(36.365265, 40.893429, 0.0)
(36.386723, 40.859428, 0.0)
(36.371853, 40.928864, 0.0)
(36.346298, 40.914536, 0.0)
(36.361286, 40.870819, 0.0)
(36.418262, 40.844944, 0.0)
(36.417454, 40.862232, 0.0)
(36.376259, 40.883728, 0.0)
(36.395767, 40.895950, 0.0)
(36.375523, 40.938992, 0.0)
(36.361481, 40.947018, 0.0)
(36.357811, 40.956432, 0.0)
(36.356621, 40.961571, 0.0)
(36.295261, 40.961147, 0.0)
(36.308453, 40.974403, 0.0)
(36.306385, 41.015339, 0.0)
(36.320644, 40.971931, 0.0)
(36.351490, 40.991543, 0.0)
(36.347885, 41.003361, 0.0)
(36.315292, 41.011189, 0.0)
(37.967819, 38.481350, 0.0)
(40.376007, 35.487251, 0.0)
(41.525826, 33.935329, 0.0)
(41.793953, 33.826401, 0.0)
(41.818916, 33.828938, 0.0)
(41.822811, 33.811565, 0.0)
(42.317921, 33.211834, 0.0)
(42.367405, 33.042850, 0.0)
(42.383816, 33.053539, 0.0)
(42.412331, 33.109615, 0.0)
(42.405003, 33.060822, 0.0)
(42.399605, 33.053539, 0.0)
(42.455616, 33.021797, 0.0)
(42.429523, 32.998249, 0.0)
(42.429848, 33.004597, 0.0)
(42.412384, 32.991222, 0.0)
(42.409218, 32.936527, 0.0)
(42.418190, 32.890255, 0.0)
(42.446522, 32.914402, 0.0)
(42.496956, 32.945923, 0.0)
(42.466125, 32.946491, 0.0)
(42.476765, 32.946053, 0.0)
(42.498810, 32.980499, 0.0)
(42.487617, 32.959347, 0.0)
(42.500576, 32.939713, 0.0)
(42.590057, 32.942909, 0.0)
(42.590057, 32.942909, 0.0)
(42.594700, 32.929459, 0.0)
(42.593296, 32.902565, 0.0)
(42.608093, 32.891899, 0.0)
(42.592224, 32.910522, 0.0)
(42.576180, 32.917408, 0.0)
(42.579720, 32.889492, 0.0)
(42.559822, 32.864067, 0.0)
(42.545177, 32.858299, 0.0)
(42.562214, 32.853443, 0.0)
(42.539677, 32.802853, 0.0)
(42.564442, 32.775345, 0.0)
(42.586037, 32.823669, 0.0)
(42.513405, 32.821293, 0.0)
(42.475800, 34.221806, 0.0)
(42.526348, 36.117420, 0.0)
(42.397591, 37.721695, 0.0)
(42.450634, 37.962254, 0.0)
(42.480610, 37.933670, 0.0)
(42.499748, 37.942509, 0.0)
(42.488323, 37.952000, 0.0)
(42.489059, 37.967701, 0.0)
(42.427406, 37.989342, 0.0)
(42.462711, 37.994999, 0.0)
(42.427406, 37.989342, 0.0)
(42.324432, 38.097664, 0.0)
(42.299034, 38.123295, 0.0)
(42.331089, 38.126751, 0.0)
(42.326252, 38.135933, 0.0)
(42.298641, 38.103203, 0.0)
(42.316139, 38.104141, 0.0)
(42.311249, 38.130177, 0.0)
(42.247860, 38.145847, 0.0)
(42.239670, 38.149559, 0.0)
(42.332993, 38.170738, 0.0)
(42.241386, 38.165539, 0.0)
(42.241386, 38.165539, 0.0)
(42.248871, 38.156906, 0.0)
(42.248871, 38.156906, 0.0)
(42.241386, 38.165539, 0.0)
(42.234451, 38.177845, 0.0)
(42.241386, 38.165539, 0.0)
(42.238010, 38.216930, 0.0)
(42.232620, 38.170338, 0.0)
(42.219540, 38.161747, 0.0)
(42.214664, 38.150227, 0.0)
(42.207951, 38.220978, 0.0)
(42.200680, 38.210697, 0.0)
(42.207951, 38.220978, 0.0)
(41.918964, 38.248657, 0.0)
(38.503338, 38.639343, 0.0)
(35.918900, 39.731300, 0.0)
(35.313282, 40.246368, 0.0)
(35.162220, 40.303329, 0.0)
(35.132133, 40.297726, 0.0)
(34.881073, 40.942471, 0.0)
(34.814545, 41.116558, 0.0)
(34.778336, 41.129005, 0.0)
(34.768970, 41.118450, 0.0)
(34.714024, 41.120647, 0.0)
(34.673725, 41.166599, 0.0)
(34.646442, 41.150703, 0.0)
(34.628883, 41.156540, 0.0)
(34.620281, 41.137943, 0.0)
(34.626812, 41.176067, 0.0)
(34.643661, 41.149693, 0.0)
(34.650433, 41.142548, 0.0)
(34.384796, 41.167332, 0.0)
(34.324928, 41.199776, 0.0)
(34.356976, 41.208862, 0.0)
(34.367313, 41.194675, 0.0)
(34.388573, 41.161266, 0.0)
(34.386337, 41.150803, 0.0)
(34.403587, 41.186752, 0.0)
(34.403587, 41.186752, 0.0)
(34.399960, 41.184227, 0.0)
(34.413055, 41.186909, 0.0)
(34.409218, 41.187820, 0.0)
(34.416515, 41.169987, 0.0)
(34.443775, 41.153450, 0.0)
(34.430077, 41.175098, 0.0)
(34.433819, 41.176014, 0.0)
(34.430008, 41.174583, 0.0)
(34.455368, 41.169895, 0.0)
(34.462166, 41.154358, 0.0)
(34.452793, 41.171459, 0.0)
(34.454689, 41.133621, 0.0)
(34.851952, 39.701195, 0.0)
(35.511795, 35.921131, 0.0)
(35.786648, 32.685768, 0.0)
(36.307316, 30.926949, 0.0)
(36.430782, 30.498293, 0.0)
(36.463558, 30.577299, 0.0)
(36.388367, 30.616285, 0.0)
(36.384827, 30.578213, 0.0)
(36.430126, 30.580090, 0.0)
(36.974106, 30.483883, 0.0)
(37.088963, 30.434521, 0.0)
(37.114765, 30.396318, 0.0)
(37.141548, 30.402424, 0.0)
(37.100525, 30.403112, 0.0)
(37.092377, 30.383745, 0.0)
(37.094986, 30.363260, 0.0)
(37.075741, 30.358763, 0.0)
(37.117867, 30.426208, 0.0)
(37.132061, 30.407082, 0.0)
(37.107056, 30.381830, 0.0)
(37.071072, 30.341812, 0.0)
(37.095772, 30.381039, 0.0)
(37.058533, 30.358267, 0.0)
(37.043404, 30.355181, 0.0)
(37.056053, 30.364176, 0.0)
(37.050514, 30.374672, 0.0)
(37.029583, 30.385521, 0.0)
(37.024868, 30.394276, 0.0)
(37.040462, 30.436781, 0.0)
(37.047821, 30.454546, 0.0)
(37.035671, 30.469984, 0.0)
(37.022480, 30.472479, 0.0)
(37.056545, 30.461538, 0.0)
(36.995205, 30.475941, 0.0)
(36.993259, 30.472061, 0.0)
(37.037880, 30.494963, 0.0)
(37.033756, 30.498650, 0.0)
(36.806019, 30.586304, 0.0)
(33.936207, 31.944691, 0.0)
(31.554388, 33.193310, 0.0)
(30.743231, 34.831017, 0.0)
(30.601677, 36.743881, 0.0)
(30.714540, 37.578850, 0.0)
(30.669903, 37.649796, 0.0)
(30.607338, 37.614433, 0.0)
(30.392521, 38.010220, 0.0)
(30.297989, 38.109760, 0.0)
(30.272343, 38.098026, 0.0)
(30.285666, 38.085617, 0.0)
(30.283390, 38.159489, 0.0)
(30.225565, 38.173111, 0.0)
(30.236092, 38.141022, 0.0)
(30.235401, 38.113773, 0.0)
(30.293642, 38.114460, 0.0)
(30.268133, 38.073647, 0.0)
(30.250753, 38.087391, 0.0)
(30.286800, 38.073631, 0.0)
(30.305511, 38.083683, 0.0)
(30.265860, 38.077927, 0.0)
(30.270948, 38.084751, 0.0)
(30.286013, 38.089088, 0.0)
(30.270166, 38.036648, 0.0)
(30.285109, 38.014084, 0.0)
(30.313951, 38.015606, 0.0)
(30.332281, 38.020264, 0.0)
(30.295706, 38.010643, 0.0)
(30.336733, 37.986477, 0.0)
(30.345291, 37.998772, 0.0)
(30.304722, 38.006386, 0.0)
(30.291586, 37.992023, 0.0)
(30.324888, 37.993195, 0.0)
(30.294594, 37.995632, 0.0)
(30.352051, 37.919983, 0.0)
(30.382053, 37.909157, 0.0)
(30.323528, 37.943634, 0.0)
(31.575779, 37.144684, 0.0)
(35.929550, 35.265869, 0.0)
(39.108303, 34.729061, 0.0)
(40.554016, 34.654293, 0.0)
(40.820999, 34.700966, 0.0)
(40.823326, 34.727222, 0.0)
(40.859669, 34.719612, 0.0)
(40.841331, 34.723911, 0.0)
(40.860783, 34.667160, 0.0)
(40.902107, 34.677917, 0.0)
(40.892811, 34.699009, 0.0)
(40.892929, 34.710266, 0.0)
(40.909115, 34.719143, 0.0)
(40.932781, 34.749340, 0.0)
(40.938625, 34.796856, 0.0)
(40.930252, 34.789932, 0.0)
(40.971745, 34.746708, 0.0)
(40.947430, 34.737442, 0.0)
(40.959343, 34.735435, 0.0)
(40.935081, 34.759171, 0.0)
(40.960178, 34.781242, 0.0)
(40.943218, 34.780125, 0.0)
(40.945793, 34.788155, 0.0)
(40.937645, 34.811275, 0.0)
(40.932964, 34.808022, 0.0)
(40.902065, 34.898491, 0.0)
(40.893078, 34.953262, 0.0)
(40.918732, 34.897083, 0.0)
(40.906815, 34.884304, 0.0)
(40.882771, 34.913467, 0.0)
(40.889709, 34.884377, 0.0)
(40.892403, 34.866398, 0.0)
(40.892403, 34.866398, 0.0)
(40.895611, 34.872513, 0.0)
(40.890495, 34.928017, 0.0)
(40.893826, 34.899502, 0.0)
(40.899567, 34.886276, 0.0)
(39.859554, 34.356480, 0.0)
(37.378277, 32.534321, 0.0)
(37.341686, 32.530064, 0.0)
(37.337528, 32.532120, 0.0)
(37.296185, 32.493736, 0.0)
(37.284584, 32.460773, 0.0)
(37.320892, 32.450081, 0.0)
(37.247486, 32.414200, 0.0)
(37.313988, 32.409092, 0.0)
(37.312462, 32.417393, 0.0)
(37.314861, 32.372116, 0.0)
(37.316902, 32.343204, 0.0)
(37.465244, 32.259548, 0.0)
(37.612812, 32.220211, 0.0)
(37.575935, 32.223934, 0.0)
(37.591412, 32.249672, 0.0)
(37.537708, 32.299946, 0.0)
(37.537327, 32.289799, 0.0)
(37.537651, 32.278408, 0.0)
(37.532394, 32.273998, 0.0)
(37.584019, 32.292576, 0.0)
(37.587555, 32.279362, 0.0)
(37.616852, 32.279110, 0.0)
(37.600880, 32.324780, 0.0)
(37.607201, 32.317287, 0.0)
(37.588852, 32.352367, 0.0)
(37.550663, 32.359570, 0.0)
(37.615738, 32.286167, 0.0)
(37.608753, 32.289383, 0.0)
(37.616150, 32.260933, 0.0)
(37.630035, 32.249187, 0.0)
(37.648792, 32.175823, 0.0)
(37.661690, 32.187737, 0.0)
(37.678242, 32.222031, 0.0)
(37.643642, 32.247131, 0.0)
(37.631824, 32.215748, 0.0)
(37.659618, 32.199200, 0.0)
(37.423954, 32.289429, 0.0)
(34.301483, 33.934067, 0.0)
(32.641350, 34.892208, 0.0)
(32.379204, 35.124111, 0.0)
(32.377422, 35.218376, 0.0)
(32.364891, 35.251175, 0.0)
(32.286217, 35.847034, 0.0)
(32.313660, 36.639111, 0.0)
(32.308285, 36.764809, 0.0)
(32.267479, 36.725006, 0.0)
(32.262669, 36.721645, 0.0)
(32.261185, 36.778343, 0.0)
(32.215137, 36.744888, 0.0)
(32.226723, 36.742680, 0.0)
(32.201046, 36.800350, 0.0)
(32.187874, 36.831779, 0.0)
(32.189728, 36.827427, 0.0)
(32.181286, 36.837643, 0.0)
(32.171085, 36.855087, 0.0)
(32.147610, 36.860050, 0.0)
(32.148346, 36.855404, 0.0)
(32.178928, 36.855244, 0.0)
(32.147923, 36.864971, 0.0)
(32.147182, 36.869625, 0.0)
(32.153656, 36.870808, 0.0)
(32.139862, 36.895016, 0.0)
(32.124382, 36.875835, 0.0)
(32.162720, 36.898460, 0.0)
(32.139862, 36.895016, 0.0)
(32.052345, 36.945816, 0.0)
(32.106548, 36.914440, 0.0)
(32.132351, 36.896282, 0.0)
(32.113457, 36.878712, 0.0)
(32.102974, 36.848034, 0.0)
(32.163353, 36.833866, 0.0)
(32.125320, 36.821484, 0.0)
(32.113281, 36.830585, 0.0)
(32.076569, 36.855877, 0.0)
(32.341801, 36.792912, 0.0)
(36.524212, 35.717987, 0.0)
(37.971138, 35.676006, 0.0)
(38.047832, 35.629204, 0.0)
(38.030056, 35.551708, 0.0)
(38.039211, 35.530743, 0.0)
(38.043884, 35.523663, 0.0)
(37.911175, 35.663837, 0.0)
(37.898560, 35.658840, 0.0)
(37.896122, 35.667603, 0.0)
(37.886253, 35.692764, 0.0)
(37.899822, 35.639690, 0.0)
(37.904819, 35.584499, 0.0)
(37.930252, 35.580505, 0.0)
(37.964947, 35.551998, 0.0)
(38.000702, 35.507942, 0.0)
(38.017342, 35.483078, 0.0)
(38.015800, 35.497948, 0.0)
(37.980862, 35.496002, 0.0)
(37.989117, 35.510010, 0.0)
(38.040798, 35.596493, 0.0)
(38.019432, 35.569756, 0.0)
(38.008209, 35.522781, 0.0)
(38.012756, 35.526791, 0.0)
(38.028214, 35.547607, 0.0)
(38.026543, 35.534409, 0.0)
(38.035877, 35.550133, 0.0)
(38.026909, 35.540424, 0.0)
(38.034439, 35.532543, 0.0)
(38.048981, 35.525623, 0.0)
(38.044842, 35.521339, 0.0)
(38.040318, 35.495281, 0.0)
(38.062687, 35.504761, 0.0)
(38.013283, 35.501194, 0.0)
(38.028927, 35.420033, 0.0)
(38.045174, 35.447670, 0.0)
(38.028481, 35.449154, 0.0)
(38.010635, 35.383999, 0.0)
(38.051682, 35.444649, 0.0)
(38.555302, 35.175140, 0.0)
(40.649281, 33.661407, 0.0)
(41.637966, 32.866783, 0.0)
(41.846581, 32.850124, 0.0)
(41.858536, 32.890038, 0.0)
(41.853828, 32.912445, 0.0)
(41.851189, 32.924385, 0.0)
(42.026848, 33.150063, 0.0)
(42.045197, 33.206490, 0.0)
(42.027927, 33.225239, 0.0)
(42.027927, 33.225239, 0.0)
(42.032726, 33.231464, 0.0)
(42.036808, 33.285942, 0.0)
(42.053631, 33.256866, 0.0)
(42.049385, 33.291950, 0.0)
(42.026932, 33.283417, 0.0)
(42.043877, 33.269787, 0.0)
(42.061241, 33.291771, 0.0)
(42.039036, 33.287964, 0.0)
(42.042458, 33.314999, 0.0)
(42.021179, 33.344044, 0.0)
(41.986275, 33.381916, 0.0)
(41.991665, 33.396778, 0.0)
(41.991665, 33.396778, 0.0)
(41.983627, 33.381592, 0.0)
(41.986305, 33.376190, 0.0)
(41.969944, 33.396046, 0.0)
(41.949173, 33.388226, 0.0)
(41.951752, 33.421318, 0.0)
(41.945095, 33.423267, 0.0)
(41.947556, 33.456356, 0.0)
(41.956379, 33.466419, 0.0)
(41.950558, 33.502457, 0.0)
(41.926113, 33.468227, 0.0)
(41.937855, 33.476242, 0.0)
(41.951138, 33.498001, 0.0)
(41.950932, 33.495384, 0.0)
(41.984821, 33.452171, 0.0)
(41.871918, 33.419209, 0.0)
(40.042686, 33.018345, 0.0)
(39.995480, 32.979065, 0.0)
(40.000229, 32.984615, 0.0)
(40.017715, 32.994411, 0.0)
(40.009975, 32.998493, 0.0)
(39.981392, 32.969193, 0.0)
(38.466118, 32.952667, 0.0)
(34.844051, 34.250916, 0.0)
(31.828127, 36.529400, 0.0)
(29.994270, 38.699665, 0.0)
(29.514410, 39.433590, 0.0)
(29.445185, 39.468349, 0.0)
(29.375383, 39.465538, 0.0)
(29.340364, 39.451134, 0.0)
(29.316351, 39.433010, 0.0)
(29.296743, 39.452576, 0.0)
(29.284624, 39.444923, 0.0)
(29.291975, 39.448387, 0.0)
(29.321835, 39.437935, 0.0)
(32.467167, 38.372608, 0.0)
(34.187183, 37.496021, 0.0)
(34.417618, 37.428997, 0.0)
(34.446850, 37.452362, 0.0)
(34.493412, 37.495911, 0.0)
(34.528469, 37.526314, 0.0)
(34.546043, 37.515591, 0.0)
(34.574471, 37.488136, 0.0)
(34.627338, 37.495178, 0.0)
(34.670486, 37.506203, 0.0)
(34.679482, 37.480034, 0.0)
(34.727608, 37.481697, 0.0)
(34.708706, 37.477009, 0.0)
(34.729801, 37.483170, 0.0)
(34.723820, 37.494396, 0.0)
(34.756577, 37.506763, 0.0)
(34.734734, 37.479324, 0.0)
(34.745728, 37.463028, 0.0)
(37.495487, 37.561527, 0.0)
(37.812962, 37.656960, 0.0)
(37.825802, 37.660492, 0.0)
(37.837494, 37.623985, 0.0)
(37.906193, 37.569660, 0.0)
(38.259609, 37.678017, 0.0)
(38.338867, 37.732067, 0.0)
(38.361259, 37.735844, 0.0)
(38.424118, 37.732471, 0.0)
(38.383488, 37.723164, 0.0)
(38.408115, 37.688538, 0.0)
(38.414967, 37.679420, 0.0)
(38.431423, 37.669231, 0.0)
(38.423782, 37.668571, 0.0)
(38.402454, 37.689243, 0.0)
(38.379490, 37.737991, 0.0)
(38.389278, 37.735741, 0.0)
(38.360817, 37.743233, 0.0)
(38.342056, 37.743473, 0.0)
(38.360508, 37.736870, 0.0)
(38.309013, 37.730167, 0.0)
(38.296658, 37.749550, 0.0)
(38.313538, 37.784260, 0.0)
(38.302307, 37.782139, 0.0)
(38.272923, 37.806210, 0.0)
(38.293484, 37.788113, 0.0)
(38.260841, 37.827145, 0.0)
(38.255245, 37.844425, 0.0)
(38.279472, 37.832165, 0.0)
(38.262703, 37.845211, 0.0)
(38.249142, 37.865925, 0.0)
(38.249142, 37.865925, 0.0)
(38.274868, 37.849148, 0.0)
(38.248940, 37.871113, 0.0)
(38.227699, 37.872334, 0.0)
(38.225410, 37.905663, 0.0)
(38.228802, 37.913780, 0.0)
(38.218418, 37.900959, 0.0)
(40.121319, 39.339005, 0.0)
(40.743916, 40.132893, 0.0)
(40.811573, 40.197723, 0.0)
(40.778091, 40.222408, 0.0)
(41.128933, 40.805161, 0.0)
(41.157600, 40.972954, 0.0)
(41.150677, 40.977440, 0.0)
(41.164402, 40.959114, 0.0)
(41.176575, 40.953243, 0.0)
(41.165665, 40.942604, 0.0)
(41.165665, 40.942604, 0.0)
(41.172668, 40.943218, 0.0)
(41.161510, 40.952129, 0.0)
(41.164146, 40.947914, 0.0)
(41.165665, 40.953339, 0.0)
(41.173061, 40.954586, 0.0)
(41.170673, 40.950005, 0.0)
(41.159000, 40.949158, 0.0)
(41.173061, 40.951252, 0.0)
(41.196312, 40.935947, 0.0)
(41.189625, 40.923450, 0.0)
(41.191227, 40.928806, 0.0)
(41.213337, 40.929363, 0.0)
(41.215210, 40.907810, 0.0)
(41.205631, 40.883335, 0.0)
(41.245411, 40.885128, 0.0)
(41.248554, 40.874474, 0.0)
(41.284576, 40.769470, 0.0)
(41.308407, 40.762165, 0.0)
(41.306892, 40.756638, 0.0)
(41.284096, 40.737530, 0.0)
(41.298107, 40.733780, 0.0)
(41.301846, 40.733959, 0.0)
(41.301685, 40.735096, 0.0)
(41.308151, 40.730232, 0.0)
(41.295292, 40.716919, 0.0)
(41.336128, 40.684113, 0.0)
(41.326748, 40.674686, 0.0)
(41.320812, 40.663280, 0.0)
(41.328991, 40.653801, 0.0)
(41.344131, 40.641945, 0.0)
(41.323956, 40.613880, 0.0)
(41.324654, 40.601730, 0.0)
(41.308693, 40.559631, 0.0)
(41.313179, 40.585953, 0.0)
(41.317020, 40.602753, 0.0)
(41.308475, 40.583412, 0.0)
(41.282108, 40.572289, 0.0)
(41.298054, 40.635799, 0.0)
(41.276588, 40.679615, 0.0)
(41.239323, 40.624218, 0.0)
(41.316566, 40.920616, 0.0)
(41.301807, 40.962563, 0.0)
(41.259190, 40.959480, 0.0)
(41.273018, 40.924084, 0.0)
(41.293430, 40.924168, 0.0)
(41.279972, 40.937943, 0.0)
(41.251762, 40.947975, 0.0)
(41.275356, 40.985664, 0.0)
(41.243568, 40.990376, 0.0)
(41.241482, 41.002747, 0.0)
(41.255581, 41.001751, 0.0)
(41.228149, 40.986183, 0.0)
(41.250908, 41.018215, 0.0)
(41.257175, 41.012081, 0.0)
(41.262543, 40.956345, 0.0)
(41.258221, 40.937679, 0.0)
(41.265015, 40.988091, 0.0)
(41.247765, 40.999889, 0.0)
(41.244045, 40.959366, 0.0)
(41.243519, 40.984615, 0.0)
(41.245651, 41.018150, 0.0)
(41.210613, 41.113655, 0.0)
(41.232170, 41.129143, 0.0)
(41.225792, 41.104908, 0.0)
(41.236031, 41.125748, 0.0)
(41.201527, 41.141418, 0.0)
(41.221424, 41.140675, 0.0)
(41.211926, 41.146412, 0.0)
(41.205669, 41.134853, 0.0)
(41.200657, 41.151768, 0.0)
(41.184624, 41.157459, 0.0)
(41.190498, 41.149162, 0.0)
(41.150070, 41.170227, 0.0)
(41.145878, 41.189083, 0.0)
(41.151085, 41.191292, 0.0)
(41.167938, 41.164295, 0.0)
(41.174370, 41.148285, 0.0)
(41.177261, 41.163769, 0.0)
(41.217892, 41.214314, 0.0)
(41.231197, 41.215260, 0.0)
(41.236622, 41.213234, 0.0)
(41.234402, 41.217716, 0.0)
(41.227894, 41.218014, 0.0)
(41.246304, 41.208950, 0.0)
(41.243507, 41.184929, 0.0)
(41.251087, 41.178406, 0.0)
(41.258675, 41.171337, 0.0)
(41.259720, 41.165432, 0.0)
(41.279968, 41.146824, 0.0)
(41.279552, 41.179714, 0.0)
(41.277519, 41.189518, 0.0)
(41.291840, 41.170319, 0.0)
(41.306595, 41.156052, 0.0)
(41.278748, 41.194809, 0.0)
(41.282921, 41.179657, 0.0)
(41.328827, 41.183331, 0.0)
(41.344185, 41.163956, 0.0)
(41.373108, 41.122192, 0.0)
(41.438553, 40.447826, 0.0)
(41.466583, 40.197964, 0.0)
(41.348976, 39.531780, 0.0)
(41.511326, 38.916649, 0.0)
(41.542377, 38.952465, 0.0)
(41.529804, 38.970993, 0.0)
(41.541847, 38.921349, 0.0)
(41.594940, 38.932560, 0.0)
(41.583176, 38.943260, 0.0)
(40.387268, 37.641964, 0.0)
(40.128605, 37.356888, 0.0)
(40.129044, 37.281239, 0.0)
(40.085594, 37.255951, 0.0)
(39.536133, 37.306347, 0.0)
(37.247189, 32.170197, 0.0)
(37.079773, 31.362507, 0.0)
(37.125416, 31.379812, 0.0)
(37.181995, 31.465931, 0.0)
(37.231380, 31.500202, 0.0)
(37.266613, 31.565863, 0.0)
(36.802067, 31.110617, 0.0)
(36.216621, 30.361591, 0.0)
(36.180141, 30.337261, 0.0)
(36.189541, 30.322361, 0.0)
(36.160137, 30.274263, 0.0)
(36.242233, 30.303768, 0.0)
(36.206139, 30.235752, 0.0)
(36.184837, 30.229494, 0.0)
(36.194592, 30.220354, 0.0)
(36.212112, 30.158127, 0.0)
(36.231110, 30.124060, 0.0)
(36.120720, 30.177132, 0.0)
(35.971725, 31.016998, 0.0)
