(33.666805, 24.982418, 0.0)
(33.654831, 25.001465, 0.0)
(33.641273, 25.021355, 0.0)
(33.650669, 25.012976, 0.0)
(33.652996, 24.997576, 0.0)
(33.648365, 24.983969, 0.0)
(33.649269, 24.963015, 0.0)
(33.652832, 24.980745, 0.0)
(33.647419, 24.995771, 0.0)
(33.658348, 25.010599, 0.0)
(33.635117, 24.994610, 0.0)
(33.447144, 24.926296, 0.0)
(33.358395, 25.710262, 0.0)
(33.345024, 24.823290, 0.0)
(33.485107, 24.785196, 0.0)
(33.576431, 24.769253, 0.0)
(33.598934, 24.833698, 0.0)
(33.630016, 24.879459, 0.0)
(33.666302, 24.883366, 0.0)
(33.683033, 24.908863, 0.0)
(33.705231, 24.942362, 0.0)
(33.704597, 24.898321, 0.0)
(33.689575, 24.914124, 0.0)
(33.696945, 24.956654, 0.0)
(33.675907, 25.005720, 0.0)
(33.669617, 25.004482, 0.0)
(33.651443, 24.986847, 0.0)
(33.649509, 24.963203, 0.0)
(33.492290, 24.909878, 0.0)
(33.489498, 24.890121, 0.0)
(33.500580, 24.883932, 0.0)
(33.501629, 24.848629, 0.0)
(33.506287, 24.859289, 0.0)
(33.502663, 24.879122, 0.0)
(33.518669, 24.868486, 0.0)
(33.513481, 24.856726, 0.0)
(33.525150, 24.849800, 0.0)
(33.532276, 24.873997, 0.0)
(33.521721, 24.878038, 0.0)
(33.517208, 24.894588, 0.0)
(33.511044, 24.892956, 0.0)
(33.494015, 24.928614, 0.0)
(33.467239, 24.942541, 0.0)
(33.426056, 24.941992, 0.0)
(33.441528, 24.924576, 0.0)
(33.438908, 24.924753, 0.0)
(33.444542, 24.919121, 0.0)
(33.461418, 24.909630, 0.0)
(33.453773, 24.969917, 0.0)
(33.463650, 24.997820, 0.0)
(33.485111, 25.023996, 0.0)
(33.494633, 25.015150, 0.0)
(33.511448, 24.993206, 0.0)
(33.498062, 24.989153, 0.0)
(33.520477, 25.003395, 0.0)
(33.504745, 25.033817, 0.0)
(33.489574, 25.047676, 0.0)
(33.487984, 25.068050, 0.0)
(33.511364, 25.100685, 0.0)
(33.528202, 25.101713, 0.0)
(33.542488, 25.087229, 0.0)
(33.548393, 25.071280, 0.0)
(33.561382, 25.060148, 0.0)
(33.554066, 25.077215, 0.0)
(33.578335, 25.093391, 0.0)
(33.579796, 25.110291, 0.0)
(33.573013, 25.119207, 0.0)
(33.556759, 25.143982, 0.0)
(33.565311, 25.155672, 0.0)
(33.689571, 25.161850, 0.0)
(33.682564, 25.108320, 0.0)
(33.669777, 25.107855, 0.0)
(33.677433, 25.053177, 0.0)
(33.688828, 25.041697, 0.0)
(33.701706, 25.011761, 0.0)
(33.719429, 25.004572, 0.0)
(33.720039, 25.020224, 0.0)
(33.803715, 25.033827, 0.0)
(33.840160, 25.038351, 0.0)
(33.836906, 25.032331, 0.0)
(33.827606, 25.003120, 0.0)
(33.808434, 24.969137, 0.0)
(33.810509, 24.996199, 0.0)
(33.817455, 25.041441, 0.0)
(33.687618, 25.104940, 0.0)
(33.674488, 25.128416, 0.0)
(33.678814, 25.150858, 0.0)
(33.691463, 25.143082, 0.0)
(33.691658, 25.148945, 0.0)
(33.702835, 25.129631, 0.0)
(33.683224, 25.140274, 0.0)
(33.673965, 25.144838, 0.0)
(33.668816, 25.189846, 0.0)
(33.662209, 25.206644, 0.0)
(33.638153, 25.211718, 0.0)
(33.586658, 25.258820, 0.0)
(33.579548, 25.233562, 0.0)
(33.563568, 25.197401, 0.0)
(33.563530, 25.222061, 0.0)
(33.597614, 25.205690, 0.0)
(33.586681, 25.192738, 0.0)
(33.567299, 25.190710, 0.0)
(33.599590, 25.186197, 0.0)
(33.587326, 25.187069, 0.0)
(33.612045, 25.147335, 0.0)
(33.600861, 25.137173, 0.0)
(33.568520, 25.102865, 0.0)
(33.605461, 25.109533, 0.0)
(33.606209, 25.140324, 0.0)
(33.578697, 25.140995, 0.0)
(33.590580, 25.157322, 0.0)
(33.592915, 25.131338, 0.0)
(33.589783, 25.128443, 0.0)
(33.588245, 25.103523, 0.0)
(33.669666, 24.983742, 0.0)
(33.685379, 24.964272, 0.0)
(33.686581, 24.952837, 0.0)
(33.674767, 24.953476, 0.0)
(33.690182, 24.970907, 0.0)
(33.673500, 24.948282, 0.0)
(33.543762, 25.031710, 0.0)
(33.574478, 25.000635, 0.0)
(33.573109, 24.951891, 0.0)
(33.554634, 24.953634, 0.0)
(33.543243, 24.934427, 0.0)
(33.541504, 24.942610, 0.0)
(33.528324, 24.952154, 0.0)
(33.486332, 24.972048, 0.0)
(33.483337, 24.963707, 0.0)
(33.510162, 24.990274, 0.0)
(33.517662, 24.968529, 0.0)
(33.508686, 24.954050, 0.0)
(33.518723, 24.958330, 0.0)
(33.509377, 24.972330, 0.0)
(33.512112, 24.949636, 0.0)
(33.510689, 24.961319, 0.0)
(33.506042, 24.920376, 0.0)
(33.481583, 24.929859, 0.0)
(33.486427, 24.970690, 0.0)
(33.489063, 24.987217, 0.0)
(33.465492, 24.997944, 0.0)
(33.473305, 25.000744, 0.0)
(33.491833, 25.003839, 0.0)
(33.498055, 25.010216, 0.0)
(33.521378, 25.025993, 0.0)
(33.540337, 24.971647, 0.0)
(33.565166, 24.975183, 0.0)
(33.558804, 24.995197, 0.0)
(33.554527, 25.024893, 0.0)
(33.557426, 25.046881, 0.0)
(33.559078, 25.040308, 0.0)
(33.549809, 25.029667, 0.0)
(33.560593, 25.033602, 0.0)
(33.562237, 25.036480, 0.0)
(33.565063, 25.041046, 0.0)
(33.560589, 25.032488, 0.0)
(33.570679, 25.052849, 0.0)
(33.591255, 25.077223, 0.0)
(33.589920, 25.102943, 0.0)
(33.573143, 25.115578, 0.0)
(33.595684, 25.104723, 0.0)
(33.622952, 25.119465, 0.0)
(33.620262, 25.114321, 0.0)
(33.636658, 25.102751, 0.0)
(33.653656, 25.125517, 0.0)
(33.623363, 25.138248, 0.0)
(33.648411, 25.121649, 0.0)
(33.644146, 25.120588, 0.0)
(33.634098, 25.059513, 0.0)
(33.669937, 25.055054, 0.0)
(33.656380, 25.073799, 0.0)
(33.627796, 25.105955, 0.0)
(33.607838, 25.094515, 0.0)
(33.586079, 25.107157, 0.0)
(33.700607, 25.135221, 0.0)
(33.842232, 25.120905, 0.0)
(33.925835, 25.095486, 0.0)
(33.888470, 25.092091, 0.0)
(33.880051, 25.118435, 0.0)
(33.915833, 25.120501, 0.0)
(33.904064, 25.135740, 0.0)
(33.882465, 25.150000, 0.0)
(33.915833, 25.146637, 0.0)
(33.830723, 25.165504, 0.0)
(33.860497, 25.145479, 0.0)
(33.774796, 25.156452, 0.0)
(33.845772, 25.134802, 0.0)
(33.805420, 25.113424, 0.0)
(33.851578, 25.072527, 0.0)
(33.866623, 25.064983, 0.0)
(33.787346, 25.098511, 0.0)
(33.856750, 25.130764, 0.0)
(33.870293, 25.126295, 0.0)
(33.839767, 25.132290, 0.0)
(33.801949, 25.030924, 0.0)
(33.795086, 24.985508, 0.0)
(33.615891, 25.036716, 0.0)
(34.018230, 26.661243, 0.0)
(33.973526, 25.701870, 0.0)
(34.079102, 25.250631, 0.0)
(34.149738, 25.205853, 0.0)
(34.153111, 25.234221, 0.0)
(34.115009, 25.369118, 0.0)
(34.134434, 25.298901, 0.0)
(34.134830, 25.351954, 0.0)
(34.127495, 25.422895, 0.0)
(34.092846, 25.470379, 0.0)
(34.091000, 25.483540, 0.0)
(34.073120, 25.479597, 0.0)
(34.037018, 25.472595, 0.0)
(34.023785, 25.471350, 0.0)
(34.014671, 25.485138, 0.0)
(33.968777, 25.502958, 0.0)
(33.380920, 25.741859, 0.0)
(33.354321, 25.749523, 0.0)
(33.345612, 25.747591, 0.0)
(33.329258, 25.699324, 0.0)
(33.294605, 25.691639, 0.0)
(33.277000, 25.669401, 0.0)
(33.265217, 25.676939, 0.0)
(33.258385, 25.692291, 0.0)
(33.284489, 25.684591, 0.0)
(33.268715, 25.691927, 0.0)
(33.368507, 25.578369, 0.0)
(36.731354, 22.771555, 0.0)
(38.064354, 22.209126, 0.0)
(38.096722, 22.289143, 0.0)
(38.050713, 22.344765, 0.0)
(40.663975, 20.544579, 0.0)
(42.230152, 20.504074, 0.0)
(42.396019, 20.515060, 0.0)
(42.380726, 20.460716, 0.0)
(43.023346, 20.202953, 0.0)
(43.107574, 20.146912, 0.0)
(43.088348, 20.124081, 0.0)
(43.014107, 20.015722, 0.0)
(42.996155, 19.945021, 0.0)
(42.951420, 19.882814, 0.0)
(43.166756, 19.690928, 0.0)
(43.197807, 19.514297, 0.0)
(43.182945, 19.493341, 0.0)
(43.142765, 19.498953, 0.0)
(43.112885, 19.502741, 0.0)
(43.094025, 19.527617, 0.0)
(42.961708, 19.448605, 0.0)
(42.934448, 19.339727, 0.0)
(43.000580, 19.344519, 0.0)
(42.986595, 19.303436, 0.0)
(42.956944, 19.286331, 0.0)
(42.940426, 19.282261, 0.0)
(42.904823, 19.297182, 0.0)
(42.874554, 19.277781, 0.0)
(42.870335, 19.245913, 0.0)
(42.824036, 19.167942, 0.0)
(42.760853, 19.083714, 0.0)
(42.792908, 19.105154, 0.0)
(42.729748, 19.123095, 0.0)
(42.633652, 19.092804, 0.0)
(42.606255, 19.095888, 0.0)
(42.599117, 19.107176, 0.0)
(42.613651, 19.118204, 0.0)
(42.619225, 19.091877, 0.0)
(42.625839, 19.075644, 0.0)
(42.623177, 19.053646, 0.0)
(41.369312, 19.081472, 0.0)
(41.154232, 19.170897, 0.0)
(41.178089, 19.206087, 0.0)
(41.182095, 19.211281, 0.0)
(41.179939, 19.211842, 0.0)
(39.201801, 20.246107, 0.0)
(37.062553, 22.637594, 0.0)
(36.508942, 23.867474, 0.0)
(36.480007, 24.012409, 0.0)
(36.454929, 24.021505, 0.0)
(36.434013, 24.060179, 0.0)
(36.420246, 24.106493, 0.0)
(36.358757, 24.123579, 0.0)
(36.341873, 24.177132, 0.0)
(36.335911, 24.176491, 0.0)
(36.340664, 24.170858, 0.0)
(36.335293, 24.161602, 0.0)
(36.318691, 24.119881, 0.0)
(36.361927, 24.145979, 0.0)
(36.339558, 24.200886, 0.0)
(35.154461, 25.364264, 0.0)
(35.107712, 25.398443, 0.0)
(35.089405, 25.409595, 0.0)
(35.088070, 25.388111, 0.0)
(35.075989, 25.358343, 0.0)
(35.070217, 25.370213, 0.0)
(35.074856, 25.375257, 0.0)
(35.096966, 25.384371, 0.0)
(35.088062, 25.378115, 0.0)
(35.073269, 25.371002, 0.0)
(35.078636, 25.384993, 0.0)
(34.963303, 25.380779, 0.0)
(30.757223, 23.925198, 0.0)
(28.868553, 23.155476, 0.0)
(28.791382, 23.285713, 0.0)
(28.771948, 23.393911, 0.0)
(26.402998, 22.540024, 0.0)
(22.629719, 22.130409, 0.0)
(22.402912, 22.174528, 0.0)
(22.258373, 22.288849, 0.0)
(21.049019, 22.271290, 0.0)
(21.035025, 22.281961, 0.0)
(21.045986, 22.260073, 0.0)
(20.970232, 22.233521, 0.0)
(20.878647, 22.207977, 0.0)
(20.894625, 22.200390, 0.0)
(20.869291, 22.254847, 0.0)
(20.857389, 22.237217, 0.0)
(20.860832, 22.185497, 0.0)
(20.731585, 22.067137, 0.0)
(20.715677, 21.984718, 0.0)
(20.630014, 21.996367, 0.0)
(20.452656, 22.072294, 0.0)
(20.402311, 22.103331, 0.0)
(20.412617, 22.121012, 0.0)
(20.402700, 22.133369, 0.0)
(20.440434, 22.119539, 0.0)
(20.472792, 22.119894, 0.0)
(20.483173, 22.114437, 0.0)
(20.489441, 22.133125, 0.0)
(20.333818, 22.181860, 0.0)
(20.239580, 22.202833, 0.0)
(20.146992, 22.210392, 0.0)
(19.888573, 22.230366, 0.0)
(19.018850, 22.366299, 0.0)
(18.629742, 22.342024, 0.0)
(18.512711, 22.323286, 0.0)
(18.202364, 22.378500, 0.0)
(18.072254, 22.410728, 0.0)
(18.124739, 22.426273, 0.0)
(18.108259, 22.429018, 0.0)
(18.074690, 22.447845, 0.0)
(20.031000, 21.924429, 0.0)
(26.514380, 21.684881, 0.0)
(31.372999, 23.560440, 0.0)
(31.348797, 23.681709, 0.0)
(31.319349, 23.630770, 0.0)
(31.341513, 23.582403, 0.0)
(32.079655, 24.313448, 0.0)
(32.092487, 24.412338, 0.0)
(32.030830, 24.427404, 0.0)
(32.083569, 24.431013, 0.0)
(32.101826, 24.495684, 0.0)
(32.120899, 24.539261, 0.0)
(32.187187, 24.512207, 0.0)
(32.198948, 24.517376, 0.0)
(32.197704, 24.507492, 0.0)
(32.185444, 24.516418, 0.0)
(32.197975, 24.565165, 0.0)
(32.195839, 24.573370, 0.0)
(32.194977, 24.596380, 0.0)
(32.202862, 24.593195, 0.0)
(32.186066, 24.627335, 0.0)
(32.162498, 24.624012, 0.0)
(32.162357, 24.589691, 0.0)
(32.221645, 24.605200, 0.0)
(32.243870, 24.577730, 0.0)
(32.244343, 24.552996, 0.0)
(32.301472, 24.548252, 0.0)
(32.314182, 24.546473, 0.0)
(32.320351, 24.558895, 0.0)
(32.331688, 24.577435, 0.0)
(32.349464, 24.537510, 0.0)
(32.236046, 24.376528, 0.0)
(32.267307, 24.383116, 0.0)
(32.291035, 24.415520, 0.0)
(32.296886, 24.422974, 0.0)
(32.371071, 24.391495, 0.0)
(32.398342, 24.378803, 0.0)
(30.928059, 24.826544, 0.0)
(25.715786, 25.851669, 0.0)
(22.118912, 26.993536, 0.0)
(21.111591, 27.549690, 0.0)
(20.941904, 28.045942, 0.0)
(20.936504, 28.192703, 0.0)
(20.890930, 28.356573, 0.0)
(20.854710, 28.446856, 0.0)
(20.456367, 28.815180, 0.0)
(20.408276, 28.921129, 0.0)
(20.379040, 28.942186, 0.0)
(20.345762, 28.934420, 0.0)
(20.323551, 28.961029, 0.0)
(20.313412, 28.968716, 0.0)
(20.284939, 29.004080, 0.0)
(20.314043, 28.990973, 0.0)
(20.299051, 29.018112, 0.0)
(20.276697, 29.001841, 0.0)
(20.289164, 29.013224, 0.0)
(20.281559, 28.980892, 0.0)
(20.269293, 29.005835, 0.0)
(20.289322, 29.010891, 0.0)
(20.283686, 29.040077, 0.0)
(20.268454, 28.986856, 0.0)
(20.270967, 28.987242, 0.0)
(20.280918, 29.026779, 0.0)
(20.277344, 29.068453, 0.0)
(20.890043, 28.712217, 0.0)
(22.790115, 27.722340, 0.0)
(22.842581, 27.691448, 0.0)
(22.825642, 27.693312, 0.0)
(22.857077, 27.686375, 0.0)
(22.844496, 27.699671, 0.0)
(22.842270, 27.697025, 0.0)
(22.843325, 27.729076, 0.0)
(22.854170, 27.747616, 0.0)
(22.867474, 27.764446, 0.0)
(22.855284, 27.786745, 0.0)
(24.554939, 26.973825, 0.0)
(29.369862, 24.601360, 0.0)
(31.428251, 23.877636, 0.0)
(31.400423, 23.883301, 0.0)
(31.338598, 23.878691, 0.0)
(31.389933, 23.832317, 0.0)
(33.070419, 23.105722, 0.0)
(37.499062, 20.995375, 0.0)
(40.231812, 20.655785, 0.0)
(40.651722, 20.767342, 0.0)
(40.649788, 20.742580, 0.0)
(40.612232, 20.665659, 0.0)
(40.562191, 20.588856, 0.0)
(40.529182, 20.486589, 0.0)
(40.639389, 20.846693, 0.0)
(41.733578, 25.477652, 0.0)
(42.189415, 29.283911, 0.0)
(42.162933, 29.532011, 0.0)
(42.164982, 29.457449, 0.0)
(42.184631, 29.542816, 0.0)
(42.059174, 29.524090, 0.0)
(36.416603, 27.624250, 0.0)
(31.249189, 27.074160, 0.0)
(30.906271, 27.416716, 0.0)
(30.842571, 27.480265, 0.0)
(30.764807, 27.485678, 0.0)
(30.704899, 27.504595, 0.0)
(30.660290, 27.508545, 0.0)
(30.553289, 27.560070, 0.0)
(26.911594, 27.639597, 0.0)
(26.537012, 27.737125, 0.0)
(26.437622, 27.756958, 0.0)
(26.389668, 27.792498, 0.0)
(26.155020, 27.578281, 0.0)
(24.792938, 24.136227, 0.0)
(24.651993, 24.082237, 0.0)
(24.612762, 24.152363, 0.0)
(24.580368, 24.161266, 0.0)
(24.051201, 24.555994, 0.0)
(24.007586, 24.656515, 0.0)
(24.016317, 24.650026, 0.0)
(23.998259, 24.622112, 0.0)
(24.008625, 24.620573, 0.0)
(23.972296, 24.576239, 0.0)
(23.956755, 24.571444, 0.0)
(23.914963, 24.604290, 0.0)
(23.896143, 24.657135, 0.0)
(23.896643, 24.653267, 0.0)
(23.904192, 24.635098, 0.0)
(23.928829, 24.625431, 0.0)
(23.935125, 24.618607, 0.0)
(23.933321, 24.602478, 0.0)
(23.937363, 24.570629, 0.0)
(23.938343, 24.610636, 0.0)
(23.943163, 24.601477, 0.0)
(23.961954, 24.592024, 0.0)
(24.000765, 24.585901, 0.0)
(24.025414, 24.572439, 0.0)
(24.061153, 24.581398, 0.0)
(24.108820, 24.563025, 0.0)
(24.123581, 24.563635, 0.0)
(24.143475, 24.539394, 0.0)
(24.150728, 24.564701, 0.0)
(24.146566, 24.570629, 0.0)
(24.131275, 24.569857, 0.0)
(24.123362, 24.557411, 0.0)
(24.134312, 24.577127, 0.0)
(24.120508, 24.591599, 0.0)
(24.119373, 24.590548, 0.0)
(24.113729, 24.605305, 0.0)
(24.111961, 24.627775, 0.0)
(24.103680, 24.645090, 0.0)
(24.095829, 24.660517, 0.0)
(25.166887, 23.688532, 0.0)
(30.487984, 19.985834, 0.0)
(34.999458, 18.910246, 0.0)
(36.200581, 18.949181, 0.0)
(36.265575, 18.901932, 0.0)
(36.285301, 18.824083, 0.0)
(36.317986, 18.814957, 0.0)
(37.296352, 18.705093, 0.0)
(37.444683, 18.693514, 0.0)
(37.433571, 18.655319, 0.0)
(37.421646, 18.591614, 0.0)
(37.429768, 18.580614, 0.0)
(37.458305, 18.582163, 0.0)
(37.450245, 18.565565, 0.0)
(37.458855, 18.586021, 0.0)
(37.419888, 18.616621, 0.0)
(37.429642, 18.593172, 0.0)
(37.457249, 18.560905, 0.0)
(37.457455, 18.544575, 0.0)
(37.469772, 18.519314, 0.0)
(37.466812, 18.497162, 0.0)
(37.450970, 18.498245, 0.0)
(37.448650, 18.524305, 0.0)
(37.448517, 18.511040, 0.0)
(37.426640, 18.505699, 0.0)
(37.434647, 18.470757, 0.0)
(37.404179, 18.499575, 0.0)
(37.394753, 18.520550, 0.0)
(36.838032, 18.555822, 0.0)
(36.813427, 18.665873, 0.0)
(36.782825, 18.635498, 0.0)
(36.822392, 18.630426, 0.0)
(36.753838, 18.651009, 0.0)
(36.821579, 18.611315, 0.0)
(36.753014, 18.601826, 0.0)
(36.794365, 18.615353, 0.0)
(36.169380, 18.642685, 0.0)
(30.228163, 18.637518, 0.0)
(25.432362, 19.147575, 0.0)
(23.616190, 19.784647, 0.0)
(23.726830, 19.926214, 0.0)
(23.726961, 19.854731, 0.0)
(23.652485, 19.829802, 0.0)
(23.579655, 19.784174, 0.0)
(23.516689, 19.759098, 0.0)
(23.887848, 19.499205, 0.0)
(23.825375, 19.474628, 0.0)
(23.843304, 19.469128, 0.0)
(23.832975, 19.481949, 0.0)
(23.809950, 19.491608, 0.0)
(23.818666, 19.488384, 0.0)
(23.798269, 19.492161, 0.0)
(23.709501, 19.442648, 0.0)
(23.813799, 19.481018, 0.0)
(23.583286, 19.545038, 0.0)
(23.751759, 19.536076, 0.0)
(23.618029, 19.574923, 0.0)
(23.543922, 19.617081, 0.0)
(23.591404, 19.572754, 0.0)
(23.586277, 19.566656, 0.0)
(23.539305, 19.615557, 0.0)
(23.561722, 19.606382, 0.0)
(23.566574, 19.618845, 0.0)
(23.512531, 19.666759, 0.0)
(23.594275, 19.669731, 0.0)
(23.481287, 19.756971, 0.0)
(23.488598, 19.768442, 0.0)
(23.468525, 19.806534, 0.0)
(23.456785, 19.832310, 0.0)
(23.488993, 19.828346, 0.0)
(23.435108, 19.931021, 0.0)
(23.424839, 19.904383, 0.0)
(23.418079, 19.903852, 0.0)
(23.484495, 19.872173, 0.0)
(23.454395, 19.884933, 0.0)
(26.984089, 20.226078, 0.0)
(33.151100, 22.079424, 0.0)
(37.342304, 23.085377, 0.0)
(40.702381, 26.331331, 0.0)
(42.135357, 28.814663, 0.0)
(42.281887, 28.934158, 0.0)
(42.269512, 28.814537, 0.0)
(42.399105, 28.938591, 0.0)
(42.405407, 28.945398, 0.0)
(42.435307, 28.931890, 0.0)
(42.440861, 29.003071, 0.0)
(42.146244, 28.958809, 0.0)
(42.181011, 29.003794, 0.0)
(42.203396, 29.021790, 0.0)
(42.221447, 28.976831, 0.0)
(42.202763, 28.996719, 0.0)
(42.241447, 28.993221, 0.0)
(42.226635, 29.006458, 0.0)
(42.211983, 29.042147, 0.0)
(42.191048, 29.031321, 0.0)
(42.151608, 29.025534, 0.0)
(42.148182, 29.019760, 0.0)
(42.122768, 29.058214, 0.0)
(42.129230, 28.958229, 0.0)
(41.018074, 28.594898, 0.0)
(39.400604, 27.497126, 0.0)
(39.318451, 27.499496, 0.0)
(39.309853, 27.485064, 0.0)
(39.283417, 27.516327, 0.0)
(39.263386, 27.529608, 0.0)
(39.262321, 27.537067, 0.0)
(39.229233, 27.471704, 0.0)
(39.219261, 27.480839, 0.0)
(39.224064, 27.516905, 0.0)
(39.203358, 27.520176, 0.0)
(39.172249, 27.539461, 0.0)
(39.187786, 27.560064, 0.0)
(39.870949, 26.072908, 0.0)
(39.993507, 25.854506, 0.0)
(40.011398, 25.851774, 0.0)
(40.027241, 25.892874, 0.0)
(40.053123, 25.888159, 0.0)
(40.109791, 25.902985, 0.0)
(40.428574, 25.684309, 0.0)
(40.482540, 25.681019, 0.0)
(40.505157, 25.723358, 0.0)
(40.524311, 25.716681, 0.0)
(40.522778, 25.699856, 0.0)
(40.535435, 25.714766, 0.0)
(40.552567, 25.716228, 0.0)
(40.583885, 25.731350, 0.0)
(40.594929, 25.717068, 0.0)
(40.568966, 25.752748, 0.0)
(40.583683, 25.826742, 0.0)
(39.831593, 25.419292, 0.0)
(39.783291, 25.326450, 0.0)
(39.842022, 25.340309, 0.0)
(39.845097, 25.348413, 0.0)
(39.866264, 25.315449, 0.0)
(39.845112, 25.300806, 0.0)
(39.822243, 25.313831, 0.0)
(39.848080, 25.311558, 0.0)
(39.838299, 25.331699, 0.0)
(39.801914, 25.295837, 0.0)
(39.798351, 25.297012, 0.0)
(39.803905, 25.360922, 0.0)
(39.742695, 25.372486, 0.0)
(39.727013, 25.404348, 0.0)
(39.720760, 25.400393, 0.0)
(39.717236, 25.387531, 0.0)
(39.714260, 25.397591, 0.0)
(39.721897, 25.385908, 0.0)
(39.706360, 25.376705, 0.0)
(39.690041, 25.375111, 0.0)
(39.666252, 25.381441, 0.0)
(35.645046, 23.349916, 0.0)
(30.346920, 21.528067, 0.0)
(29.156097, 21.522295, 0.0)
(29.068178, 21.601660, 0.0)
(29.016886, 21.584585, 0.0)
(28.971407, 21.553074, 0.0)
(28.927351, 21.544270, 0.0)
(28.973986, 21.525061, 0.0)
(29.417679, 21.588943, 0.0)
(29.447817, 21.663967, 0.0)
(29.448992, 21.632452, 0.0)
(29.441071, 21.595316, 0.0)
(29.460056, 21.589354, 0.0)
(29.455002, 21.592850, 0.0)
(29.434122, 21.581539, 0.0)
(29.453125, 21.569609, 0.0)
(29.446459, 21.542595, 0.0)
(29.409176, 21.523947, 0.0)
(29.426748, 21.545067, 0.0)
(29.385803, 21.572735, 0.0)
(29.340122, 21.580643, 0.0)
(29.332571, 21.580503, 0.0)
(29.328535, 21.600965, 0.0)
(28.884537, 21.542124, 0.0)
(28.856852, 21.553658, 0.0)
(28.852055, 21.528521, 0.0)
(28.818911, 21.510195, 0.0)
(28.779181, 21.510481, 0.0)
(28.794079, 21.496918, 0.0)
(28.789410, 21.511478, 0.0)
(28.790369, 21.515306, 0.0)
(28.781244, 21.538750, 0.0)
(28.773680, 21.555336, 0.0)
(28.756783, 21.572634, 0.0)
(28.755783, 21.579361, 0.0)
(28.743469, 21.593452, 0.0)
(28.735559, 21.567959, 0.0)
(27.945486, 22.823488, 0.0)
(25.095402, 26.484299, 0.0)
(24.291092, 27.824013, 0.0)
(24.308296, 28.897057, 0.0)
(24.216717, 29.235260, 0.0)
(24.086298, 29.274927, 0.0)
(24.011971, 29.338245, 0.0)
(23.971195, 29.324614, 0.0)
(24.601765, 28.062836, 0.0)
(24.645500, 28.095772, 0.0)
(24.582050, 28.183105, 0.0)
(24.547386, 28.243769, 0.0)
(24.541439, 28.276409, 0.0)
(24.530487, 28.290335, 0.0)
(24.531469, 28.280481, 0.0)
(24.517185, 28.297846, 0.0)
(24.629578, 27.765684, 0.0)
(24.626495, 27.756643, 0.0)
(24.615927, 27.792812, 0.0)
(24.617331, 27.798626, 0.0)
(24.610254, 27.835157, 0.0)
(24.622952, 27.841959, 0.0)
(24.619858, 27.885042, 0.0)
(24.625910, 27.922670, 0.0)
(24.586937, 27.962152, 0.0)
(24.579710, 27.972946, 0.0)
(24.584927, 27.981508, 0.0)
(24.605610, 27.970842, 0.0)
(24.614344, 27.986174, 0.0)
(24.614027, 28.007198, 0.0)
(24.610138, 28.014315, 0.0)
(24.645769, 27.997683, 0.0)
(24.674057, 27.998720, 0.0)
(24.693584, 27.968416, 0.0)
(24.691233, 27.966253, 0.0)
(24.711445, 27.959230, 0.0)
(24.725988, 27.970474, 0.0)
(24.741455, 27.985525, 0.0)
(27.990253, 25.039848, 0.0)
(33.634411, 22.277357, 0.0)
(35.373863, 22.131742, 0.0)
(35.434124, 22.107306, 0.0)
(35.389477, 22.085041, 0.0)
(35.378918, 22.073088, 0.0)
(35.625881, 22.227243, 0.0)
(35.906380, 22.463238, 0.0)
(35.904289, 22.483074, 0.0)
(35.899002, 22.447054, 0.0)
(35.912411, 22.447630, 0.0)
(35.915146, 22.424398, 0.0)
(35.917194, 22.422323, 0.0)
(35.569324, 22.414444, 0.0)
(35.558475, 22.453190, 0.0)
(35.536301, 22.467041, 0.0)
(35.539082, 22.459528, 0.0)
(35.541046, 22.442991, 0.0)
(35.542805, 22.449587, 0.0)
(35.520313, 22.454418, 0.0)
(35.512123, 22.448997, 0.0)
(35.502979, 22.409468, 0.0)
(35.520061, 22.414738, 0.0)
(35.512333, 22.410719, 0.0)
(35.503208, 22.415339, 0.0)
(35.014839, 22.370998, 0.0)
(34.911495, 22.366951, 0.0)
(34.887070, 22.402889, 0.0)
(34.884926, 22.389509, 0.0)
(34.839348, 22.368553, 0.0)
(34.827122, 22.350950, 0.0)
(34.235550, 22.434242, 0.0)
(33.084724, 22.547516, 0.0)
(32.987175, 22.587570, 0.0)
(32.968964, 22.568237, 0.0)
(32.951393, 22.552273, 0.0)
(32.951950, 22.534172, 0.0)
(31.655607, 20.786570, 0.0)
(29.660772, 17.923262, 0.0)
(29.541908, 17.916731, 0.0)
(29.487513, 17.923689, 0.0)
(29.474443, 17.934799, 0.0)
(29.027037, 17.608536, 0.0)
(28.978094, 17.622423, 0.0)
(28.984861, 17.608513, 0.0)
(29.011126, 17.573311, 0.0)
(28.948669, 17.573034, 0.0)
(28.933987, 17.562279, 0.0)
(28.950722, 17.532604, 0.0)
(28.949039, 17.510618, 0.0)
(28.674738, 17.455542, 0.0)
(28.654848, 17.472807, 0.0)
(28.622076, 17.460735, 0.0)
(28.588310, 17.453562, 0.0)
(28.604906, 17.432690, 0.0)
(28.612431, 17.430424, 0.0)
(28.595787, 17.393803, 0.0)
(28.601458, 17.382383, 0.0)
(28.606077, 17.398481, 0.0)
(28.622969, 17.433672, 0.0)
(28.594780, 17.470806, 0.0)
(28.576834, 17.509182, 0.0)
(28.577381, 17.514570, 0.0)
(28.574934, 17.476068, 0.0)
(28.577824, 17.489540, 0.0)
(28.565001, 17.462881, 0.0)
(28.833624, 17.567963, 0.0)
(30.506176, 19.230942, 0.0)
(30.654957, 19.662615, 0.0)
(30.583878, 19.679735, 0.0)
(30.536514, 19.675840, 0.0)
(30.537802, 19.694433, 0.0)
(30.511400, 19.676149, 0.0)
(30.510220, 19.646206, 0.0)
(30.487133, 19.645100, 0.0)
(27.807077, 22.541162, 0.0)
(23.653898, 25.208513, 0.0)
(21.302711, 26.024258, 0.0)
(20.342964, 26.951504, 0.0)
(20.476267, 27.095451, 0.0)
(20.493845, 27.241098, 0.0)
(20.469917, 27.343933, 0.0)
(20.462730, 27.413698, 0.0)
(20.457289, 27.424145, 0.0)
(20.422930, 27.424992, 0.0)
(20.425327, 27.465178, 0.0)
(20.440403, 27.468475, 0.0)
(20.459969, 27.499828, 0.0)
(20.456203, 27.493338, 0.0)
(20.340925, 27.649843, 0.0)
(20.339149, 27.829830, 0.0)
(20.315128, 27.877499, 0.0)
(20.275219, 27.946590, 0.0)
(20.275202, 27.966228, 0.0)
(20.279087, 27.992302, 0.0)
(20.264923, 28.007792, 0.0)
(20.262188, 28.001247, 0.0)
(20.300438, 27.974157, 0.0)
(20.318491, 27.955648, 0.0)
(20.332817, 27.960051, 0.0)
(20.327991, 27.959650, 0.0)
(20.322186, 27.961538, 0.0)
(20.352125, 27.959999, 0.0)
(20.365574, 27.959019, 0.0)
(20.355850, 27.980606, 0.0)
(20.350109, 28.004990, 0.0)
(20.353468, 28.012274, 0.0)
(20.352531, 28.004362, 0.0)
(20.338606, 28.039331, 0.0)
(20.334131, 28.036633, 0.0)
(20.349121, 27.986349, 0.0)
(21.372236, 27.986324, 0.0)
(27.605635, 28.647453, 0.0)
(31.519711, 30.344492, 0.0)
(31.565931, 30.618975, 0.0)
(31.479214, 30.630564, 0.0)
(31.407745, 30.666103, 0.0)
(30.598806, 30.890471, 0.0)
(30.409681, 30.917067, 0.0)
(30.341173, 30.949219, 0.0)
(30.233311, 31.010523, 0.0)
(30.129650, 31.057928, 0.0)
(30.043976, 31.096832, 0.0)
(29.942928, 31.146248, 0.0)
(29.888079, 31.177847, 0.0)
(29.832270, 31.212015, 0.0)
(29.798630, 31.175528, 0.0)
(29.765753, 31.158377, 0.0)
(29.724710, 31.141224, 0.0)
(29.675327, 31.164692, 0.0)
(29.622198, 31.225975, 0.0)
(29.577290, 31.275459, 0.0)
(29.525543, 31.313124, 0.0)
(29.497265, 31.323965, 0.0)
(29.472626, 31.308193, 0.0)
(29.457367, 31.301556, 0.0)
(29.409037, 31.299147, 0.0)
(29.375689, 31.333122, 0.0)
(29.348568, 31.335480, 0.0)
(29.334162, 31.367134, 0.0)
(29.301088, 31.399782, 0.0)
(29.277470, 31.414469, 0.0)
(29.289059, 31.393799, 0.0)
(29.291826, 31.378199, 0.0)
(29.289465, 31.361942, 0.0)
(29.295416, 31.308388, 0.0)
(29.304110, 31.293867, 0.0)
(29.315390, 31.329416, 0.0)
(29.342609, 31.323244, 0.0)
(30.753017, 28.225306, 0.0)
(32.350109, 25.315939, 0.0)
(32.527615, 25.371384, 0.0)
(32.608444, 25.506964, 0.0)
(32.657623, 25.471884, 0.0)
(32.706341, 25.452158, 0.0)
(32.743290, 25.426458, 0.0)
(32.784527, 25.450653, 0.0)
(33.098022, 25.609371, 0.0)
(33.191364, 25.628454, 0.0)
(33.248554, 25.615950, 0.0)
(33.281639, 25.583647, 0.0)
(33.325291, 25.560616, 0.0)
(33.336094, 25.563053, 0.0)
(33.185867, 25.746689, 0.0)
(33.227512, 25.770475, 0.0)
(33.251030, 25.802065, 0.0)
(33.271214, 25.793407, 0.0)
(33.298538, 25.800343, 0.0)
(33.304665, 25.797953, 0.0)
(33.302235, 25.853743, 0.0)
(33.278828, 25.891464, 0.0)
(33.263538, 25.907814, 0.0)
(33.244823, 25.954462, 0.0)
(33.249699, 25.945162, 0.0)
(33.232353, 25.892651, 0.0)
(33.259384, 25.920633, 0.0)
(33.263527, 25.963188, 0.0)
(33.225376, 25.927755, 0.0)
(33.205265, 25.929689, 0.0)
(33.221622, 25.965790, 0.0)
(33.219345, 25.999454, 0.0)
(33.228504, 25.986731, 0.0)
(33.224106, 25.960176, 0.0)
(33.199711, 25.915009, 0.0)
(33.225563, 25.946093, 0.0)
(33.221249, 25.996666, 0.0)
(33.155884, 26.039610, 0.0)
(33.096485, 26.032793, 0.0)
(32.108387, 25.987051, 0.0)
(26.368938, 24.464502, 0.0)
(22.650663, 24.577553, 0.0)
(22.282124, 24.713974, 0.0)
(22.219383, 24.746143, 0.0)
(22.169231, 24.774153, 0.0)
(21.947330, 25.381336, 0.0)
(21.930973, 25.503416, 0.0)
(21.914660, 25.492594, 0.0)
(21.864294, 25.513330, 0.0)
(21.871973, 25.506329, 0.0)
(21.815262, 25.483816, 0.0)
(21.781839, 25.518517, 0.0)
(21.748730, 25.542286, 0.0)
(22.008747, 25.590736, 0.0)
(22.091635, 25.601208, 0.0)
(22.053720, 25.618217, 0.0)
(22.019569, 25.622150, 0.0)
(21.994989, 25.612812, 0.0)
(21.989874, 25.608063, 0.0)
(21.988800, 25.625383, 0.0)
(21.978092, 25.623669, 0.0)
(21.953878, 25.599571, 0.0)
(21.952692, 25.584375, 0.0)
(21.954622, 25.588655, 0.0)
(21.917633, 25.639675, 0.0)
(21.913729, 25.628460, 0.0)
(21.919153, 25.632261, 0.0)
(21.918684, 25.625385, 0.0)
(21.901163, 25.619234, 0.0)
(21.904400, 25.615664, 0.0)
(21.919910, 25.599798, 0.0)
(21.919149, 25.601793, 0.0)
(21.956379, 25.599804, 0.0)
(21.949368, 25.606232, 0.0)
(21.961035, 25.594397, 0.0)
(21.968164, 25.611320, 0.0)
(21.980923, 25.614981, 0.0)
(22.175461, 25.392990, 0.0)
(26.959330, 21.526802, 0.0)
(32.159924, 18.541243, 0.0)
(35.849712, 17.712500, 0.0)
(37.114056, 17.735737, 0.0)
(37.223667, 17.721592, 0.0)
(37.233448, 17.701870, 0.0)
(37.268776, 17.692436, 0.0)
(37.251793, 17.648836, 0.0)
(37.315979, 17.602173, 0.0)
(37.353195, 17.581827, 0.0)
(37.370770, 17.518044, 0.0)
(36.865189, 17.400766, 0.0)
(36.886429, 17.415821, 0.0)
(36.923553, 17.439190, 0.0)
(36.928699, 17.430361, 0.0)
(36.960983, 17.426594, 0.0)
(36.958099, 17.392422, 0.0)
(36.960484, 17.367315, 0.0)
(36.997028, 17.380955, 0.0)
(36.986229, 17.400606, 0.0)
(36.947266, 17.402445, 0.0)
(36.949059, 17.415865, 0.0)
(36.970764, 17.409029, 0.0)
(36.972012, 17.392490, 0.0)
(36.990799, 17.365065, 0.0)
(37.012520, 17.335747, 0.0)
(37.027874, 17.334068, 0.0)
(37.007343, 17.334570, 0.0)
(36.999386, 17.349264, 0.0)
(37.002132, 17.339037, 0.0)
(36.983425, 17.380617, 0.0)
(36.978806, 17.380871, 0.0)
(37.006824, 17.385624, 0.0)
(36.990368, 17.385897, 0.0)
(37.037220, 17.396364, 0.0)
(36.575649, 17.648081, 0.0)
(32.267254, 20.957075, 0.0)
(28.471956, 23.208021, 0.0)
(28.193014, 24.739702, 0.0)
(28.271969, 25.229649, 0.0)
(28.160540, 25.269136, 0.0)
(28.047552, 25.368580, 0.0)
(27.986187, 25.445465, 0.0)
(27.947908, 25.469164, 0.0)
(27.454142, 25.328953, 0.0)
(27.391560, 25.317062, 0.0)
(27.327509, 25.328894, 0.0)
(27.332453, 25.373238, 0.0)
(27.269354, 25.411327, 0.0)
(27.252697, 25.418604, 0.0)
(27.199230, 25.438467, 0.0)
(27.204659, 25.460636, 0.0)
(27.186237, 25.464361, 0.0)
(27.177462, 25.449492, 0.0)
(27.160444, 25.432341, 0.0)
(27.135818, 25.424410, 0.0)
(27.126383, 25.384295, 0.0)
(27.126232, 25.422571, 0.0)
(27.113461, 25.430849, 0.0)
(27.094416, 25.456518, 0.0)
(27.082441, 25.444258, 0.0)
(27.070866, 25.460707, 0.0)
(27.048857, 25.453320, 0.0)
(27.046083, 25.458103, 0.0)
(27.015636, 25.495266, 0.0)
(26.994274, 25.513865, 0.0)
(26.947878, 25.539457, 0.0)
(26.981535, 25.510231, 0.0)
(26.986443, 25.499861, 0.0)
(26.981091, 25.457802, 0.0)
(26.953011, 25.451378, 0.0)
(26.951134, 25.481066, 0.0)
(26.943207, 25.488178, 0.0)
(29.592443, 22.808069, 0.0)
(34.681473, 19.654453, 0.0)
(37.641453, 19.688969, 0.0)
(37.735107, 19.665648, 0.0)
(37.708698, 19.678829, 0.0)
(37.716789, 19.676134, 0.0)
(37.704399, 19.677935, 0.0)
(37.718529, 19.653650, 0.0)
(38.259888, 19.946856, 0.0)
(38.292065, 20.010458, 0.0)
(38.270874, 20.021126, 0.0)
(38.320633, 19.983812, 0.0)
(38.295727, 19.943485, 0.0)
(38.282581, 19.953310, 0.0)
(38.287056, 19.936140, 0.0)
(38.289242, 19.926243, 0.0)
(38.259514, 19.936348, 0.0)
(38.245979, 19.931150, 0.0)
(38.217312, 19.975840, 0.0)
(38.213524, 19.975794, 0.0)
(37.835327, 19.906145, 0.0)
(37.716923, 19.859182, 0.0)
(37.718597, 19.871544, 0.0)
(37.712990, 19.883728, 0.0)
(37.682121, 19.894650, 0.0)
(37.660797, 19.836937, 0.0)
(37.669376, 19.813852, 0.0)
(37.647949, 19.812208, 0.0)
(37.614609, 19.803131, 0.0)
(37.624401, 19.829771, 0.0)
(38.087971, 22.025244, 0.0)
(37.814766, 22.623606, 0.0)
(37.795292, 22.663187, 0.0)
(37.763882, 22.650583, 0.0)
(37.750202, 22.640797, 0.0)
(37.752396, 22.662687, 0.0)
(37.862976, 22.892084, 0.0)
(40.948940, 26.657026, 0.0)
(41.439781, 29.071558, 0.0)
(41.363682, 29.139103, 0.0)
(41.313690, 29.054359, 0.0)
(41.287949, 29.054235, 0.0)
(41.285213, 29.063360, 0.0)
(41.269321, 29.071604, 0.0)
(41.270386, 29.123886, 0.0)
(41.269028, 29.173025, 0.0)
(41.277046, 29.223339, 0.0)
(41.257397, 29.233477, 0.0)
(41.229202, 29.249626, 0.0)
(41.240143, 29.269913, 0.0)
(41.244953, 29.294437, 0.0)
(41.232147, 29.309740, 0.0)
(41.215218, 29.290064, 0.0)
(41.201702, 29.267368, 0.0)
(41.257133, 29.316698, 0.0)
(41.291897, 29.340887, 0.0)
(41.270584, 29.323011, 0.0)
(41.268288, 29.305439, 0.0)
(41.278324, 29.319952, 0.0)
(41.294964, 29.343451, 0.0)
(41.347736, 29.317364, 0.0)
(41.312717, 29.272480, 0.0)
(41.298397, 29.246199, 0.0)
(41.322063, 29.278130, 0.0)
(39.542870, 28.782314, 0.0)
(38.869724, 28.346466, 0.0)
(38.818466, 28.321655, 0.0)
(38.816769, 28.344149, 0.0)
(38.799660, 28.318644, 0.0)
(38.785477, 28.264915, 0.0)
(38.780796, 28.254101, 0.0)
(38.782463, 28.234581, 0.0)
(38.809620, 28.285828, 0.0)
(40.255100, 28.351347, 0.0)
(40.362541, 28.436607, 0.0)
(40.305740, 28.033581, 0.0)
(39.455299, 21.186369, 0.0)
(39.206429, 18.988817, 0.0)
(39.188068, 19.157946, 0.0)
(39.143581, 19.236603, 0.0)
(39.134136, 19.207846, 0.0)
(39.714233, 19.065176, 0.0)
(39.739666, 19.039934, 0.0)
(39.731506, 19.015562, 0.0)
(39.654388, 18.959148, 0.0)
(39.581802, 18.898134, 0.0)
(39.619541, 18.850883, 0.0)
(39.610397, 18.793056, 0.0)
(39.572098, 18.751114, 0.0)
(39.550835, 18.729319, 0.0)
(39.560020, 18.743277, 0.0)
(39.554161, 18.733110, 0.0)
(39.562893, 18.711088, 0.0)
(39.556278, 18.687986, 0.0)
(39.537640, 18.655319, 0.0)
(39.534767, 18.649364, 0.0)
(39.523972, 18.678389, 0.0)
(39.474182, 18.705963, 0.0)
(39.419338, 18.728569, 0.0)
(39.410374, 18.785425, 0.0)
(39.401627, 18.783459, 0.0)
(40.159565, 20.521441, 0.0)
(40.614197, 23.691374, 0.0)
(40.673111, 24.943762, 0.0)
(40.612064, 24.994841, 0.0)
(40.534157, 25.022898, 0.0)
(40.502960, 25.042477, 0.0)
(40.476967, 25.042597, 0.0)
(40.462921, 25.061193, 0.0)
(40.467247, 25.066349, 0.0)
(40.449337, 25.099369, 0.0)
(40.428516, 25.094799, 0.0)
(37.105640, 26.951998, 0.0)
(33.847363, 28.436441, 0.0)
(33.825394, 28.482857, 0.0)
(33.786343, 28.508751, 0.0)
(33.725197, 28.511543, 0.0)
(33.710865, 27.912176, 0.0)
(33.704838, 27.752699, 0.0)
(33.673370, 27.783804, 0.0)
(33.651794, 27.826574, 0.0)
(33.607155, 27.828157, 0.0)
(33.594612, 27.812531, 0.0)
(33.576176, 27.858524, 0.0)
(33.547497, 27.888660, 0.0)
(33.468079, 27.906109, 0.0)
(33.467388, 27.923893, 0.0)
(33.599106, 27.744459, 0.0)
(33.627422, 27.535088, 0.0)
(33.608242, 27.525084, 0.0)
(33.590412, 27.517185, 0.0)
(33.593079, 27.510107, 0.0)
(33.575787, 27.527075, 0.0)
(33.567234, 27.536921, 0.0)
(33.562107, 27.550495, 0.0)
(33.528568, 27.565638, 0.0)
(33.489025, 27.602381, 0.0)
(33.479580, 27.619650, 0.0)
(33.462482, 27.630613, 0.0)
(33.458813, 27.642443, 0.0)
(33.433968, 27.676916, 0.0)
(33.452084, 27.632408, 0.0)
(33.478935, 27.626614, 0.0)
(33.486790, 27.587427, 0.0)
(33.476921, 27.584997, 0.0)
(33.507305, 27.575926, 0.0)
(33.483448, 27.594336, 0.0)
(33.477016, 27.601099, 0.0)
(33.487175, 27.629229, 0.0)
(34.197010, 28.904867, 0.0)
(34.351673, 30.032084, 0.0)
(34.268513, 30.193136, 0.0)
(34.197380, 30.188606, 0.0)
(34.156116, 30.847971, 0.0)
(34.091873, 31.168085, 0.0)
(34.067589, 31.206305, 0.0)
(34.036812, 31.228291, 0.0)
(34.012379, 31.242283, 0.0)
(33.983017, 31.263128, 0.0)
(33.960949, 31.296513, 0.0)
(33.936283, 31.330976, 0.0)
(33.925476, 31.367016, 0.0)
(33.913120, 31.376261, 0.0)
(33.901558, 31.382433, 0.0)
(33.865738, 30.949045, 0.0)
(33.829643, 30.894747, 0.0)
(33.823635, 30.913939, 0.0)
(33.799877, 30.924314, 0.0)
(33.772308, 30.923622, 0.0)
(33.755852, 30.939461, 0.0)
(33.746666, 30.956263, 0.0)
(33.728371, 30.982391, 0.0)
(33.678417, 31.044683, 0.0)
(33.664410, 31.051165, 0.0)
(33.677105, 31.028877, 0.0)
(33.690464, 31.054399, 0.0)
(33.665310, 31.039406, 0.0)
(33.654556, 31.010437, 0.0)
(33.641842, 31.024828, 0.0)
(33.647488, 31.049986, 0.0)
(33.651276, 31.054314, 0.0)
(33.655346, 31.060843, 0.0)
(33.656296, 31.030863, 0.0)
(33.664742, 31.019613, 0.0)
(33.681778, 31.051914, 0.0)
(33.679283, 31.102528, 0.0)
(33.652729, 31.109417, 0.0)
(33.659779, 31.116404, 0.0)
(33.660576, 31.121372, 0.0)
(33.671539, 31.135082, 0.0)
(37.257614, 30.938902, 0.0)
(40.059040, 31.100348, 0.0)
(40.036804, 31.076984, 0.0)
(40.002506, 31.064280, 0.0)
(41.375351, 31.199318, 0.0)
(41.707516, 31.253744, 0.0)
(41.695820, 31.232082, 0.0)
(41.732868, 31.272879, 0.0)
(41.770477, 31.349211, 0.0)
(41.790565, 31.390831, 0.0)
(38.347897, 26.823708, 0.0)
(32.084610, 24.073673, 0.0)
(27.447351, 25.476370, 0.0)
(24.474588, 25.478130, 0.0)
(24.215574, 25.251640, 0.0)
(24.247952, 25.292538, 0.0)
(24.330011, 25.252926, 0.0)
(24.270330, 25.309309, 0.0)
(24.210915, 25.324026, 0.0)
(23.278522, 28.868599, 0.0)
(23.181318, 29.875814, 0.0)
(23.090771, 30.025345, 0.0)
(23.018831, 30.077579, 0.0)
(23.504322, 30.788509, 0.0)
(23.463480, 30.967192, 0.0)
(23.421486, 31.023428, 0.0)
(23.387547, 31.051060, 0.0)
(23.393511, 31.039213, 0.0)
(23.361038, 31.055407, 0.0)
(23.347288, 31.072803, 0.0)
(23.332132, 31.086891, 0.0)
(23.299688, 31.108353, 0.0)
(23.290840, 31.148668, 0.0)
(23.264879, 31.145008, 0.0)
(23.254065, 31.159739, 0.0)
(23.244877, 31.175379, 0.0)
(23.321192, 30.812656, 0.0)
(25.925873, 25.044884, 0.0)
(26.574089, 24.377508, 0.0)
(26.657305, 24.493109, 0.0)
(26.656443, 24.639393, 0.0)
(26.683102, 24.547050, 0.0)
(26.686790, 24.593451, 0.0)
(26.732195, 24.588034, 0.0)
(26.930845, 23.984386, 0.0)
(26.955469, 23.951668, 0.0)
(26.939459, 23.980433, 0.0)
(26.957262, 24.019825, 0.0)
(26.954365, 24.051704, 0.0)
(26.959972, 24.039869, 0.0)
(26.957952, 24.076155, 0.0)
(26.954227, 24.033081, 0.0)
(26.971098, 23.975824, 0.0)
(26.980415, 24.028818, 0.0)
(26.988375, 24.075771, 0.0)
(26.963770, 24.102030, 0.0)
(26.982643, 24.116684, 0.0)
(26.980192, 24.122568, 0.0)
(26.976875, 24.130150, 0.0)
(26.987270, 24.109100, 0.0)
(26.994120, 24.087107, 0.0)
(26.986563, 24.080631, 0.0)
(26.995594, 24.084192, 0.0)
(26.981342, 24.063604, 0.0)
(26.975628, 24.064238, 0.0)
(26.974388, 24.067616, 0.0)
(26.974409, 24.077171, 0.0)
(26.964130, 24.087395, 0.0)
(26.962833, 24.075510, 0.0)
(26.955185, 24.074028, 0.0)
(26.952057, 24.075836, 0.0)
(26.938208, 24.077662, 0.0)
(26.951321, 24.059099, 0.0)
(26.957304, 24.052439, 0.0)
(27.376801, 24.450863, 0.0)
(31.605516, 26.722654, 0.0)
(35.302853, 29.981445, 0.0)
(35.868225, 30.909077, 0.0)
(35.823444, 30.957336, 0.0)
(35.750652, 30.973454, 0.0)
(36.117950, 31.232937, 0.0)
(36.627586, 31.661823, 0.0)
(36.662025, 31.749901, 0.0)
(36.609318, 31.830946, 0.0)
(36.577679, 31.857983, 0.0)
(36.573811, 31.923389, 0.0)
(36.572708, 31.952705, 0.0)
(36.546879, 31.970846, 0.0)
(36.537418, 31.996628, 0.0)
(36.542755, 31.970955, 0.0)
(36.526772, 31.971972, 0.0)
(36.499363, 31.955116, 0.0)
(36.482071, 31.967855, 0.0)
(36.455803, 31.980761, 0.0)
(36.432995, 31.976505, 0.0)
(36.428371, 31.955507, 0.0)
(36.405479, 31.975945, 0.0)
(36.388027, 31.996138, 0.0)
(36.385471, 32.001045, 0.0)
(36.367085, 31.989397, 0.0)
(36.344131, 32.011131, 0.0)
(36.328476, 31.993671, 0.0)
(36.340038, 31.974844, 0.0)
(36.351212, 31.985500, 0.0)
(36.338398, 31.955721, 0.0)
(36.336609, 31.947651, 0.0)
(36.344780, 31.949528, 0.0)
(36.332424, 31.945999, 0.0)
(36.343498, 31.934153, 0.0)
(36.337692, 31.912159, 0.0)
(33.181892, 31.300432, 0.0)
(28.801792, 31.090700, 0.0)
(28.594181, 31.254967, 0.0)
(28.476460, 31.380617, 0.0)
(28.300816, 31.400394, 0.0)
(27.498613, 31.673557, 0.0)
(27.393074, 31.739864, 0.0)
(27.329319, 31.715546, 0.0)
(27.280943, 31.702328, 0.0)
(27.245281, 31.722055, 0.0)
(27.218218, 31.738350, 0.0)
(27.176332, 31.770847, 0.0)
(27.159954, 31.809937, 0.0)
(27.138889, 31.826836, 0.0)
(27.100880, 31.838547, 0.0)
(27.054855, 31.830496, 0.0)
(26.997644, 31.865475, 0.0)
(26.984926, 31.867216, 0.0)
(26.938841, 31.901489, 0.0)
(26.918795, 31.907816, 0.0)
(26.880228, 31.939425, 0.0)
(26.799511, 31.999119, 0.0)
(26.738842, 32.022068, 0.0)
(26.714651, 32.011627, 0.0)
(26.711565, 31.991613, 0.0)
(26.708714, 32.011486, 0.0)
(26.682611, 32.002953, 0.0)
(26.670406, 31.973219, 0.0)
(26.687960, 31.997654, 0.0)
(26.792095, 31.915331, 0.0)
(26.917242, 31.638018, 0.0)
(26.921282, 31.621878, 0.0)
(26.916224, 31.568291, 0.0)
(26.880167, 31.537264, 0.0)
(26.901436, 31.554836, 0.0)
(26.872139, 31.611650, 0.0)
(26.840071, 31.615376, 0.0)
(26.840834, 31.621954, 0.0)
(27.995197, 30.100609, 0.0)
(32.682365, 24.480276, 0.0)
(37.170372, 22.572517, 0.0)
(39.923409, 22.083599, 0.0)
(40.204716, 22.137705, 0.0)
(40.237389, 22.135307, 0.0)
(41.167057, 21.746635, 0.0)
(41.979214, 21.570354, 0.0)
(41.988098, 21.548698, 0.0)
(41.954823, 21.513285, 0.0)
(41.951702, 21.477896, 0.0)
(42.647053, 21.708908, 0.0)
(42.657619, 21.636616, 0.0)
(42.639408, 21.577473, 0.0)
(42.640179, 21.527946, 0.0)
(42.597244, 21.456106, 0.0)
(42.553123, 21.390614, 0.0)
(42.557888, 21.375763, 0.0)
(42.542877, 21.370514, 0.0)
(42.539085, 21.368679, 0.0)
(42.519966, 21.329247, 0.0)
(42.491478, 21.299179, 0.0)
(42.484104, 21.283150, 0.0)
(42.483009, 21.301418, 0.0)
(42.474506, 21.338423, 0.0)
(42.466358, 21.363546, 0.0)
(42.435791, 21.344713, 0.0)
(40.997124, 21.094082, 0.0)
(41.014336, 21.147736, 0.0)
(41.060272, 21.109055, 0.0)
(41.071171, 21.089767, 0.0)
(41.075603, 21.068344, 0.0)
(41.083900, 21.083269, 0.0)
(41.082737, 21.108980, 0.0)
(38.856209, 20.813288, 0.0)
(35.168346, 20.412096, 0.0)
(35.015015, 20.337931, 0.0)
(35.080597, 20.293995, 0.0)
(34.484097, 19.589865, 0.0)
(34.005173, 18.368193, 0.0)
(34.026653, 18.348700, 0.0)
(34.002140, 18.390427, 0.0)
(33.969379, 18.371397, 0.0)
(33.980350, 18.334015, 0.0)
(34.005947, 18.299746, 0.0)
(34.038002, 18.264959, 0.0)
(34.066967, 18.225746, 0.0)
(34.126484, 18.205507, 0.0)
(34.600430, 18.216473, 0.0)
(34.672592, 18.252571, 0.0)
(34.665363, 18.258476, 0.0)
(34.664352, 18.218512, 0.0)
(34.690487, 18.194441, 0.0)
(34.704464, 18.210443, 0.0)
(34.660740, 18.238689, 0.0)
(34.628582, 18.292055, 0.0)
(34.589596, 18.312973, 0.0)
(34.569778, 18.351942, 0.0)
(34.576679, 18.335112, 0.0)
(33.307980, 18.489719, 0.0)
(33.137615, 18.487251, 0.0)
(33.142494, 18.466721, 0.0)
(33.072067, 18.453070, 0.0)
(33.045288, 18.442734, 0.0)
(33.035175, 18.423180, 0.0)
(33.012070, 18.473640, 0.0)
(31.355085, 19.063700, 0.0)
(30.934834, 19.266615, 0.0)
(30.865942, 19.297478, 0.0)
(30.772181, 19.312088, 0.0)
(30.747274, 19.251303, 0.0)
(30.767910, 19.195803, 0.0)
(30.775288, 19.194805, 0.0)
(30.728416, 19.170095, 0.0)
(30.689165, 19.173809, 0.0)
(32.369022, 20.425375, 0.0)
(37.259514, 24.199694, 0.0)
(40.635319, 27.386648, 0.0)
(41.744488, 28.598175, 0.0)
(41.738026, 28.565886, 0.0)
(43.010204, 29.665236, 0.0)
(43.123112, 30.140200, 0.0)
(43.063854, 30.112993, 0.0)
(43.055016, 30.123013, 0.0)
(43.038132, 30.130041, 0.0)
(43.030865, 30.157751, 0.0)
(43.058750, 30.168783, 0.0)
(43.053242, 30.179232, 0.0)
(43.067703, 30.156549, 0.0)
(43.069664, 30.160912, 0.0)
(43.054665, 30.161991, 0.0)
(43.037708, 30.193920, 0.0)
(43.036610, 30.202137, 0.0)
(43.008778, 30.223156, 0.0)
(42.999554, 30.267391, 0.0)
(42.958584, 30.226393, 0.0)
(42.959389, 30.215385, 0.0)
(43.008583, 30.195461, 0.0)
(43.030235, 30.187943, 0.0)
(43.005421, 30.138186, 0.0)
(43.008862, 30.147650, 0.0)
(43.017570, 30.175398, 0.0)
(43.013332, 30.164087, 0.0)
(43.001228, 30.178652, 0.0)
(42.997097, 30.141148, 0.0)
(42.992199, 30.139023, 0.0)
(41.609055, 29.710770, 0.0)
(41.469379, 29.626461, 0.0)
(41.473579, 29.656048, 0.0)
(41.491840, 29.692242, 0.0)
(41.483109, 29.674295, 0.0)
(41.469360, 29.655052, 0.0)
(37.597515, 29.153608, 0.0)
(32.151379, 28.664528, 0.0)
(28.224899, 28.968779, 0.0)
(28.325329, 29.602589, 0.0)
(28.373844, 29.850595, 0.0)
(28.263168, 29.941080, 0.0)
(28.160576, 29.983692, 0.0)
(28.103960, 30.008114, 0.0)
(28.078531, 30.024065, 0.0)
(29.231773, 29.592165, 0.0)
(29.335119, 29.609182, 0.0)
(29.288382, 29.639654, 0.0)
(29.264746, 29.652773, 0.0)
(29.265512, 29.670683, 0.0)
(29.205437, 29.677616, 0.0)
(29.174532, 29.664793, 0.0)
(29.209372, 29.677605, 0.0)
(29.226566, 29.712524, 0.0)
(29.230480, 29.701012, 0.0)
(29.262184, 29.704823, 0.0)
(29.786787, 29.504311, 0.0)
(29.871439, 29.514482, 0.0)
(29.868074, 29.540045, 0.0)
(29.844599, 29.540298, 0.0)
(29.846457, 29.505404, 0.0)
(29.821320, 29.510670, 0.0)
(29.807636, 29.582041, 0.0)
(29.759092, 29.621180, 0.0)
(29.722506, 29.632273, 0.0)
(29.663431, 29.648088, 0.0)
(29.653713, 29.650854, 0.0)
(29.641848, 29.656464, 0.0)
(29.635609, 29.645544, 0.0)
(29.632391, 29.638990, 0.0)
(29.603100, 29.620691, 0.0)
(29.585133, 29.642218, 0.0)
(29.560976, 29.659838, 0.0)
(29.559790, 29.670256, 0.0)
(30.634304, 23.973724, 0.0)
(31.224794, 20.737692, 0.0)
(31.415510, 20.870148, 0.0)
(31.495308, 20.952814, 0.0)
(32.333569, 20.037497, 0.0)
(32.418140, 19.914509, 0.0)
(32.466442, 19.848806, 0.0)
(32.485062, 19.772579, 0.0)
(32.494316, 19.685602, 0.0)
(32.501801, 19.649523, 0.0)
(32.522202, 19.630318, 0.0)
(32.520554, 19.606197, 0.0)
(32.522869, 19.618303, 0.0)
(32.530132, 19.560869, 0.0)
(32.532814, 19.506704, 0.0)
(32.515759, 19.481062, 0.0)
(32.520908, 19.488531, 0.0)
(32.498417, 19.520535, 0.0)
(32.467339, 19.539551, 0.0)
(32.460354, 19.560951, 0.0)
(32.440647, 19.541367, 0.0)
(32.437416, 19.539021, 0.0)
(32.439598, 19.514263, 0.0)
(32.425499, 19.500824, 0.0)
(32.417191, 19.485346, 0.0)
(32.401260, 19.481958, 0.0)
(32.394268, 19.504204, 0.0)
(32.390976, 19.544395, 0.0)
(32.393925, 19.586298, 0.0)
(32.389511, 19.540174, 0.0)
(32.373413, 19.531466, 0.0)
(32.350513, 19.530718, 0.0)
(32.341904, 19.533127, 0.0)
(32.327579, 19.488237, 0.0)
(32.343601, 19.473097, 0.0)
(32.346458, 19.482832, 0.0)
(31.559948, 19.899752, 0.0)
(26.595869, 21.044724, 0.0)
(23.336519, 21.818783, 0.0)
(22.269377, 22.035845, 0.0)
(21.966507, 22.067831, 0.0)
(21.985729, 22.176430, 0.0)
(21.924604, 22.254103, 0.0)
(21.854500, 22.371597, 0.0)
(21.632952, 22.154827, 0.0)
(21.562372, 22.104321, 0.0)
(21.532400, 22.108335, 0.0)
(21.482676, 22.178167, 0.0)
(21.427000, 22.173201, 0.0)
(21.409561, 22.168575, 0.0)
(21.393417, 22.171177, 0.0)
(21.371231, 22.190973, 0.0)
(21.346092, 22.187201, 0.0)
(21.331772, 22.159039, 0.0)
(21.327860, 22.198074, 0.0)
(21.332018, 22.241234, 0.0)
(21.325262, 22.260019, 0.0)
(21.315565, 22.255455, 0.0)
(21.475164, 22.032511, 0.0)
(21.520327, 21.955578, 0.0)
(21.495588, 21.973549, 0.0)
(21.484058, 21.929850, 0.0)
(21.515049, 21.915815, 0.0)
(21.520332, 21.925507, 0.0)
(21.482523, 21.929214, 0.0)
(21.496441, 21.942020, 0.0)
(21.482420, 21.963888, 0.0)
(21.486855, 21.988091, 0.0)
(21.498226, 21.989140, 0.0)
(21.526129, 21.964706, 0.0)
(21.552788, 21.931530, 0.0)
(21.587278, 21.923975, 0.0)
(21.584677, 21.973585, 0.0)
(21.601370, 22.059996, 0.0)
(25.079409, 24.054100, 0.0)
(27.075647, 26.834154, 0.0)
(27.295784, 27.758579, 0.0)
(27.194571, 27.819281, 0.0)
(27.105772, 27.825712, 0.0)
(27.031775, 27.901947, 0.0)
(26.988428, 27.944067, 0.0)
(26.925055, 27.991329, 0.0)
(26.885820, 28.061539, 0.0)
(27.061440, 28.169991, 0.0)
(27.381897, 28.314026, 0.0)
(27.364496, 28.360489, 0.0)
(27.278702, 28.388010, 0.0)
(27.230688, 28.375977, 0.0)
(27.194153, 28.395617, 0.0)
(27.131283, 28.437365, 0.0)
(26.850451, 28.386431, 0.0)
(26.802002, 28.404596, 0.0)
(26.786631, 28.399868, 0.0)
(26.746035, 28.427402, 0.0)
(26.729650, 28.425175, 0.0)
(26.716398, 28.414022, 0.0)
(26.690580, 28.380396, 0.0)
(26.672272, 28.411978, 0.0)
(26.638102, 28.460894, 0.0)
(26.598049, 28.449842, 0.0)
(26.557369, 28.477221, 0.0)
(26.532211, 28.463015, 0.0)
(26.493603, 28.484768, 0.0)
(26.463902, 28.494637, 0.0)
(26.441132, 28.488214, 0.0)
(26.416290, 28.504305, 0.0)
(26.410633, 28.508053, 0.0)
(26.395586, 28.538042, 0.0)
(26.392046, 28.557060, 0.0)
(26.393629, 28.561268, 0.0)
(26.393448, 28.550180, 0.0)
(26.393143, 28.564598, 0.0)
(26.421448, 28.569933, 0.0)
(28.019600, 23.604008, 0.0)
(30.933586, 18.583818, 0.0)
(32.022869, 17.965212, 0.0)
(32.085972, 18.044155, 0.0)
(32.083893, 18.051992, 0.0)
(32.076939, 18.038589, 0.0)
(32.069717, 17.988773, 0.0)
(32.083591, 17.946575, 0.0)
(32.094570, 17.902679, 0.0)
(32.090714, 17.908985, 0.0)
(32.113476, 18.320295, 0.0)
(32.061657, 18.344828, 0.0)
(32.075710, 18.302477, 0.0)
(32.149803, 18.280655, 0.0)
(32.135361, 18.308960, 0.0)
(32.116772, 18.311684, 0.0)
(32.082565, 18.308193, 0.0)
(32.057041, 18.323551, 0.0)
(32.060299, 18.322739, 0.0)
(32.045319, 18.315266, 0.0)
(32.052639, 18.304543, 0.0)
(32.049767, 18.307831, 0.0)
(32.031925, 18.317081, 0.0)
(32.035145, 18.324787, 0.0)
(32.037773, 18.341330, 0.0)
(32.036873, 18.345413, 0.0)
(32.036011, 18.363785, 0.0)
(32.764709, 18.868546, 0.0)
(32.794804, 19.069859, 0.0)
(32.763905, 19.031435, 0.0)
(32.732887, 19.022299, 0.0)
(32.736584, 18.995283, 0.0)
(32.726330, 18.953291, 0.0)
(32.735111, 18.961582, 0.0)
(33.176464, 20.251259, 0.0)
(33.771820, 22.586039, 0.0)
(33.631771, 22.758944, 0.0)
(33.590862, 22.753830, 0.0)
(33.546875, 23.952944, 0.0)
(33.405441, 24.229406, 0.0)
(33.320934, 24.167002, 0.0)
(33.295460, 24.135637, 0.0)
(33.291409, 24.207275, 0.0)
(33.248043, 24.204988, 0.0)
(33.220810, 24.191795, 0.0)
(33.198547, 24.217289, 0.0)
(33.196629, 24.265898, 0.0)
(33.185844, 24.214396, 0.0)
(33.168095, 24.218147, 0.0)
(33.067692, 24.129992, 0.0)
(32.785851, 23.714417, 0.0)
(32.927597, 23.654291, 0.0)
(33.128525, 23.765392, 0.0)
(33.168175, 23.843544, 0.0)
(33.178329, 23.924355, 0.0)
(33.151489, 23.969034, 0.0)
(33.121243, 23.985500, 0.0)
(33.114170, 23.951042, 0.0)
(33.129272, 23.961607, 0.0)
(33.121677, 23.978504, 0.0)
(33.096630, 23.983580, 0.0)
(33.083298, 23.966696, 0.0)
(33.093613, 23.983227, 0.0)
(33.083824, 24.004698, 0.0)
(33.074112, 24.001394, 0.0)
(33.050083, 23.993578, 0.0)
(33.035725, 23.982395, 0.0)
(33.044518, 23.978119, 0.0)
(33.040447, 24.009142, 0.0)
(33.005787, 24.055367, 0.0)
(33.006950, 24.035284, 0.0)
(33.012257, 24.044777, 0.0)
(33.013508, 24.052139, 0.0)
(36.199013, 24.444773, 0.0)
(36.809486, 24.508457, 0.0)
(38.075569, 25.124048, 0.0)
(38.640972, 25.607100, 0.0)
(38.657589, 25.640306, 0.0)
(38.647320, 25.645300, 0.0)
(38.652889, 25.687660, 0.0)
(38.662663, 25.725967, 0.0)
(38.663464, 25.736866, 0.0)
(38.669106, 25.773623, 0.0)
(38.681393, 25.778767, 0.0)
(38.680992, 25.792253, 0.0)
(38.670429, 25.819710, 0.0)
(38.669117, 25.826056, 0.0)
(38.666615, 25.837751, 0.0)
(38.624752, 25.831219, 0.0)
(38.623116, 25.817570, 0.0)
(38.673157, 25.774290, 0.0)
(38.725319, 25.779224, 0.0)
(38.730362, 25.743465, 0.0)
(38.734131, 25.744995, 0.0)
(38.734344, 25.766315, 0.0)
(38.727879, 25.781347, 0.0)
(38.750080, 25.809624, 0.0)
(38.723907, 25.777430, 0.0)
(38.723721, 25.721647, 0.0)
(38.749302, 25.703863, 0.0)
(38.740341, 25.774080, 0.0)
(38.695496, 25.800394, 0.0)
(38.697044, 25.815361, 0.0)
(38.697796, 25.824907, 0.0)
(38.690727, 25.827707, 0.0)
(38.680984, 25.817228, 0.0)
(38.698605, 25.797569, 0.0)
(38.680153, 25.764725, 0.0)
(38.644711, 25.761463, 0.0)
(38.619881, 25.775537, 0.0)
(39.583008, 26.342051, 0.0)
(40.470234, 26.708893, 0.0)
(40.483154, 26.761383, 0.0)
(40.460552, 26.745514, 0.0)
(40.622467, 26.931068, 0.0)
(41.107075, 27.266083, 0.0)
(41.203426, 27.257437, 0.0)
(41.236591, 27.231579, 0.0)
(41.215919, 27.260019, 0.0)
(41.222374, 27.223953, 0.0)
(41.212570, 27.258654, 0.0)
(41.190784, 27.273983, 0.0)
(41.187752, 27.287230, 0.0)
(41.167305, 27.263102, 0.0)
(41.141754, 27.242487, 0.0)
(41.142639, 27.265524, 0.0)
(41.115543, 27.283705, 0.0)
(41.077312, 27.260601, 0.0)
(41.060913, 27.272003, 0.0)
(41.056850, 27.296028, 0.0)
(41.041206, 27.290606, 0.0)
(41.025650, 27.284786, 0.0)
(41.022118, 27.287115, 0.0)
(41.027721, 27.281820, 0.0)
(41.005905, 27.289938, 0.0)
(41.011246, 27.279104, 0.0)
(41.004017, 27.298199, 0.0)
(40.994835, 27.310940, 0.0)
(41.003857, 27.284119, 0.0)
(41.008236, 27.266800, 0.0)
(41.000053, 27.269421, 0.0)
(40.986816, 27.285591, 0.0)
(41.008808, 27.272488, 0.0)
(41.029697, 27.269903, 0.0)
(41.045887, 27.241779, 0.0)
(41.072433, 27.199839, 0.0)
(41.064552, 27.169352, 0.0)
(41.086647, 27.212149, 0.0)
(41.098267, 27.199207, 0.0)
(41.197796, 27.099545, 0.0)
(43.090740, 24.039156, 0.0)
(43.473072, 23.859528, 0.0)
(43.517391, 23.994816, 0.0)
(43.459167, 24.072296, 0.0)
(43.400188, 24.107151, 0.0)
(43.370167, 24.069187, 0.0)
(43.420948, 23.974802, 0.0)
(43.541164, 23.706186, 0.0)
(43.571743, 23.648369, 0.0)
(43.569580, 23.575747, 0.0)
(43.565788, 23.577269, 0.0)
(43.571518, 23.565826, 0.0)
(43.567387, 23.581646, 0.0)
(43.594566, 23.641226, 0.0)
(43.572014, 23.639582, 0.0)
(43.132748, 23.373285, 0.0)
(43.113430, 23.373529, 0.0)
(43.119270, 23.387468, 0.0)
(43.107449, 23.385752, 0.0)
(43.113697, 23.387182, 0.0)
(43.105091, 23.395121, 0.0)
(43.092129, 23.433903, 0.0)
(43.065525, 23.427074, 0.0)
(43.093719, 23.405518, 0.0)
(43.114342, 23.431734, 0.0)
(43.144859, 23.449547, 0.0)
(43.133854, 23.424166, 0.0)
(43.154427, 23.482311, 0.0)
(43.126926, 23.473692, 0.0)
(43.139599, 23.474642, 0.0)
(43.132797, 23.495836, 0.0)
(43.122185, 23.458000, 0.0)
(43.126137, 23.479994, 0.0)
(43.146221, 23.501934, 0.0)
(43.122261, 23.505905, 0.0)
(43.045189, 23.491619, 0.0)
(43.047592, 23.479635, 0.0)
(43.507393, 25.195194, 0.0)
(43.981781, 28.468414, 0.0)
(43.898689, 28.734741, 0.0)
(43.924000, 28.672348, 0.0)
(43.939045, 28.647659, 0.0)
(43.926620, 28.660471, 0.0)
(43.913849, 28.678398, 0.0)
(43.921791, 28.702736, 0.0)
(43.917992, 28.747587, 0.0)
(43.893040, 28.764177, 0.0)
(43.897026, 28.744455, 0.0)
(43.868256, 28.788057, 0.0)
(43.792549, 28.797337, 0.0)
(43.788826, 28.768671, 0.0)
(43.800545, 28.778580, 0.0)
(43.812584, 28.769072, 0.0)
(43.790886, 28.726227, 0.0)
(43.790958, 28.732506, 0.0)
(43.769882, 28.751205, 0.0)
(43.785046, 28.761471, 0.0)
(43.806770, 28.758791, 0.0)
(43.797855, 28.732468, 0.0)
(43.657856, 28.804575, 0.0)
(43.439213, 28.976377, 0.0)
(43.375854, 28.999428, 0.0)
(43.355148, 29.023293, 0.0)
(43.358589, 29.060225, 0.0)
(43.361134, 29.048113, 0.0)
(43.372459, 29.044027, 0.0)
(43.354347, 29.028786, 0.0)
(43.340000, 28.996677, 0.0)
(43.329609, 29.001875, 0.0)
(43.337166, 28.996576, 0.0)
(43.330257, 29.031673, 0.0)
(43.326691, 29.058777, 0.0)
(43.314217, 29.094393, 0.0)
(43.279816, 29.053240, 0.0)
(42.797916, 28.665081, 0.0)
(36.878910, 23.357464, 0.0)
(32.258221, 22.160568, 0.0)
(32.646336, 22.401077, 0.0)
(32.714943, 22.436441, 0.0)
(32.707249, 22.417398, 0.0)
(32.651531, 22.419144, 0.0)
(32.678917, 22.339842, 0.0)
(32.753319, 22.320761, 0.0)
(32.762234, 22.290150, 0.0)
(33.081734, 22.560541, 0.0)
(33.106403, 22.611338, 0.0)
(33.076046, 22.640387, 0.0)
(33.059967, 22.640202, 0.0)
(33.074276, 22.667725, 0.0)
(33.053555, 22.625765, 0.0)
(33.037464, 22.606459, 0.0)
(33.057514, 22.608461, 0.0)
(32.999516, 22.637403, 0.0)
(32.953785, 22.680264, 0.0)
(32.917927, 22.679228, 0.0)
(32.892097, 22.697744, 0.0)
(32.893650, 22.714163, 0.0)
(32.901001, 22.708042, 0.0)
(32.884663, 22.694868, 0.0)
(32.871544, 22.669279, 0.0)
(32.877728, 22.667320, 0.0)
(32.862026, 22.675388, 0.0)
(32.848206, 22.693499, 0.0)
(32.833733, 22.725977, 0.0)
(32.813503, 22.750376, 0.0)
(32.815399, 22.746271, 0.0)
(32.811016, 22.774689, 0.0)
(32.773682, 22.755514, 0.0)
(32.760811, 22.742037, 0.0)
(32.795948, 22.728949, 0.0)
(32.790573, 22.717150, 0.0)
(32.799545, 22.680841, 0.0)
(33.511864, 21.942673, 0.0)
(37.397488, 18.693848, 0.0)
(38.982307, 18.007450, 0.0)
(39.006451, 18.090590, 0.0)
(38.928261, 18.094160, 0.0)
(38.916649, 18.028984, 0.0)
(38.888718, 17.990612, 0.0)
(38.882561, 17.978207, 0.0)
(39.432396, 18.087608, 0.0)
(39.430767, 18.066547, 0.0)
(39.408905, 18.057165, 0.0)
(39.384617, 18.017654, 0.0)
(39.324856, 17.961973, 0.0)
(39.286945, 17.886431, 0.0)
(39.273170, 17.837385, 0.0)
(39.255413, 17.823229, 0.0)
(39.250233, 17.818226, 0.0)
(39.208981, 17.825642, 0.0)
(39.202129, 17.826292, 0.0)
(39.180729, 17.829128, 0.0)
(39.174114, 17.822763, 0.0)
(39.171726, 17.800962, 0.0)
(39.163952, 17.801384, 0.0)
(39.165031, 17.822826, 0.0)
(39.117188, 17.815664, 0.0)
(39.149761, 17.797649, 0.0)
(38.864456, 17.922489, 0.0)
(37.542339, 18.513456, 0.0)
(37.464802, 18.553648, 0.0)
(37.441952, 18.504562, 0.0)
(37.432777, 18.473627, 0.0)
(37.437767, 18.431086, 0.0)
(37.422321, 18.440983, 0.0)
(37.417606, 18.424969, 0.0)
(37.421894, 18.443596, 0.0)
(37.424026, 18.498819, 0.0)
(37.394611, 18.544603, 0.0)
(35.377300, 18.614994, 0.0)
(29.717125, 18.589636, 0.0)
(26.807804, 18.732933, 0.0)
(26.388788, 18.791992, 0.0)
(26.663126, 18.715004, 0.0)
(26.645418, 18.732210, 0.0)
(26.598770, 18.772894, 0.0)
(26.564753, 18.776869, 0.0)
(26.512770, 18.788603, 0.0)
(26.472879, 18.811815, 0.0)
(26.441786, 18.809557, 0.0)
(26.418762, 18.853001, 0.0)
(26.362982, 18.894619, 0.0)
(26.345356, 18.919928, 0.0)
(26.327427, 18.934950, 0.0)
(26.236094, 18.937469, 0.0)
(26.253422, 18.895744, 0.0)
(26.257179, 18.912348, 0.0)
(26.246098, 18.904512, 0.0)
(26.201426, 18.896648, 0.0)
(26.196772, 18.893709, 0.0)
(26.185856, 18.920975, 0.0)
(26.167971, 18.934540, 0.0)
(27.706499, 19.603464, 0.0)
(27.814695, 19.661449, 0.0)
(27.745665, 19.605976, 0.0)
(27.715042, 19.645466, 0.0)
(27.668766, 19.664419, 0.0)
(27.596422, 19.679794, 0.0)
(27.568018, 19.700468, 0.0)
(27.560186, 19.711901, 0.0)
(28.149193, 19.889542, 0.0)
(28.729586, 20.226669, 0.0)
(28.759014, 20.273382, 0.0)
(28.729366, 20.223991, 0.0)
(28.752785, 20.227079, 0.0)
(28.761101, 20.246099, 0.0)
(28.749458, 20.281208, 0.0)
(28.714808, 20.319988, 0.0)
(28.117781, 20.438782, 0.0)
(23.723644, 20.810890, 0.0)
(22.465384, 20.967197, 0.0)
(22.410971, 21.010719, 0.0)
(22.442926, 20.977959, 0.0)
(22.414248, 20.991453, 0.0)
(21.893326, 21.086714, 0.0)
(21.740070, 21.047321, 0.0)
(21.700359, 21.011227, 0.0)
(21.643442, 20.995174, 0.0)
(21.639210, 21.007677, 0.0)
(21.624887, 21.029703, 0.0)
(21.613827, 21.028036, 0.0)
(21.606531, 20.997431, 0.0)
(21.662796, 20.889463, 0.0)
(21.703598, 20.826723, 0.0)
(21.697880, 20.808205, 0.0)
(21.674452, 20.823498, 0.0)
(21.697109, 20.820345, 0.0)
(21.680777, 20.837221, 0.0)
(21.683691, 20.817265, 0.0)
(21.705364, 20.842661, 0.0)
(21.705105, 20.865374, 0.0)
(21.709957, 20.864388, 0.0)
(21.693302, 20.876984, 0.0)
(21.672205, 20.911932, 0.0)
(21.670767, 20.915415, 0.0)
(21.700651, 20.891891, 0.0)
(21.711689, 20.872578, 0.0)
(21.717989, 20.854546, 0.0)
(21.711613, 20.855818, 0.0)
(21.737598, 20.826431, 0.0)
(21.747269, 20.838854, 0.0)
(21.766884, 20.843178, 0.0)
(21.772984, 20.860327, 0.0)
(21.781130, 20.839127, 0.0)
(22.250023, 21.437874, 0.0)
(24.942612, 24.690199, 0.0)
(26.599913, 28.596209, 0.0)
(27.720108, 31.203108, 0.0)
(27.660404, 31.384836, 0.0)
(27.480223, 31.443880, 0.0)
(27.560471, 31.644773, 0.0)
(28.046341, 32.306751, 0.0)
(28.005569, 32.418697, 0.0)
(27.949696, 32.486130, 0.0)
(27.888643, 32.534718, 0.0)
(27.824722, 32.582245, 0.0)
(27.735743, 32.634346, 0.0)
(27.697733, 32.668228, 0.0)
(27.639452, 33.064461, 0.0)
(27.587893, 33.109577, 0.0)
(27.541267, 33.125595, 0.0)
(27.484543, 33.136623, 0.0)
(27.416418, 33.142803, 0.0)
(27.374031, 33.192646, 0.0)
(27.313808, 33.216965, 0.0)
(27.266840, 33.237106, 0.0)
(27.266590, 33.267857, 0.0)
(27.214815, 33.289661, 0.0)
(27.176073, 33.288006, 0.0)
(27.164923, 33.278404, 0.0)
(27.150261, 33.293743, 0.0)
(27.125185, 32.768349, 0.0)
(27.139574, 31.600214, 0.0)
(27.117851, 31.475180, 0.0)
(27.095718, 31.460104, 0.0)
(27.102180, 31.480473, 0.0)
(27.086918, 31.505749, 0.0)
(27.064264, 31.517389, 0.0)
(27.079403, 31.534273, 0.0)
(27.095379, 31.542528, 0.0)
(27.147591, 31.564230, 0.0)
(26.656391, 31.097052, 0.0)
(23.261747, 28.050756, 0.0)
(22.997900, 27.942350, 0.0)
(22.993462, 28.032928, 0.0)
(22.980953, 28.075151, 0.0)
(22.935780, 28.086365, 0.0)
(22.565319, 28.316912, 0.0)
(22.363947, 28.334473, 0.0)
(22.367708, 28.302111, 0.0)
(22.318993, 28.349054, 0.0)
(22.319723, 28.327757, 0.0)
(22.343473, 28.310102, 0.0)
(22.354298, 28.286928, 0.0)
(22.350996, 28.287485, 0.0)
(22.388338, 28.238337, 0.0)
(22.389824, 28.233282, 0.0)
(22.382402, 28.219452, 0.0)
(22.383181, 28.256147, 0.0)
(22.731539, 28.304840, 0.0)
(22.732885, 28.313044, 0.0)
(22.726658, 28.307280, 0.0)
(22.732763, 28.324335, 0.0)
(22.702923, 28.363216, 0.0)
(22.678871, 28.390358, 0.0)
(22.697258, 28.371017, 0.0)
(22.675875, 28.394218, 0.0)
(22.693195, 28.362738, 0.0)
(22.697323, 28.344522, 0.0)
(22.704060, 28.329388, 0.0)
(22.718866, 28.327141, 0.0)
(22.726063, 28.321445, 0.0)
(22.728666, 28.322849, 0.0)
(22.762720, 28.320467, 0.0)
(22.785063, 28.319336, 0.0)
(22.815063, 28.295746, 0.0)
(22.831408, 28.298998, 0.0)
(22.844088, 28.281660, 0.0)
(22.851982, 28.226336, 0.0)
(22.742142, 28.100328, 0.0)
(21.406347, 23.815207, 0.0)
(21.036703, 22.009506, 0.0)
(20.892570, 21.957968, 0.0)
(20.811022, 22.060699, 0.0)
(20.703764, 22.075502, 0.0)
(20.164955, 21.714746, 0.0)
(20.127851, 21.720585, 0.0)
(20.082270, 21.772905, 0.0)
(20.052540, 21.785278, 0.0)
(20.022663, 21.757401, 0.0)
(20.026449, 21.738138, 0.0)
(20.032993, 21.761383, 0.0)
(20.011171, 21.787380, 0.0)
(19.991383, 21.838041, 0.0)
(19.974985, 21.852524, 0.0)
(19.957386, 21.869062, 0.0)
(19.962910, 21.886850, 0.0)
(19.954155, 21.873497, 0.0)
(19.972895, 21.846851, 0.0)
(19.971518, 21.839088, 0.0)
(19.955521, 21.834564, 0.0)
(19.968536, 21.873030, 0.0)
(21.656336, 22.062687, 0.0)
(22.380074, 22.108896, 0.0)
(22.416752, 22.057940, 0.0)
(22.369091, 22.032949, 0.0)
(22.370924, 22.057110, 0.0)
(22.365330, 22.079416, 0.0)
(22.327871, 22.072311, 0.0)
(22.311846, 22.062040, 0.0)
(22.331026, 22.026712, 0.0)
(22.345295, 22.012926, 0.0)
(22.368328, 21.956877, 0.0)
(22.352818, 21.947716, 0.0)
(22.379597, 21.941835, 0.0)
(22.368771, 21.965395, 0.0)
(22.374323, 21.986179, 0.0)
(23.541525, 22.187895, 0.0)
(29.817200, 22.048620, 0.0)
(35.174267, 22.415522, 0.0)
(39.452877, 24.473236, 0.0)
(41.972004, 26.359634, 0.0)
(42.494797, 26.852386, 0.0)
(42.535477, 26.828672, 0.0)
(42.523731, 26.791367, 0.0)
(42.543716, 26.744217, 0.0)
(43.213272, 27.189159, 0.0)
(43.638966, 27.484640, 0.0)
(43.646820, 27.466381, 0.0)
(43.644653, 27.455521, 0.0)
(43.632671, 27.439068, 0.0)
(43.615097, 27.474079, 0.0)
(43.591648, 27.479744, 0.0)
(43.548832, 27.498444, 0.0)
(43.534103, 27.500126, 0.0)
(43.493938, 27.472296, 0.0)
(43.463284, 27.483110, 0.0)
(43.489784, 27.475977, 0.0)
(43.513588, 27.500090, 0.0)
(43.522316, 27.452768, 0.0)
(43.527267, 27.429312, 0.0)
(43.541389, 27.421539, 0.0)
(43.556335, 27.420164, 0.0)
(43.612633, 27.386711, 0.0)
(41.640152, 26.350733, 0.0)
(37.877129, 24.732912, 0.0)
(37.771427, 24.723644, 0.0)
(37.786667, 24.751598, 0.0)
(37.767723, 24.737539, 0.0)
(37.738091, 24.710697, 0.0)
(37.714920, 24.725283, 0.0)
(37.690922, 24.718292, 0.0)
(37.683918, 24.726145, 0.0)
(37.677891, 24.742609, 0.0)
(37.680649, 24.730068, 0.0)
(37.855709, 21.107513, 0.0)
(40.246582, 18.749821, 0.0)
(41.945404, 18.980167, 0.0)
(41.921368, 19.078186, 0.0)
(41.758373, 19.059143, 0.0)
(41.684666, 18.954409, 0.0)
(41.649036, 18.899275, 0.0)
(41.757919, 18.896616, 0.0)
(41.942322, 18.917292, 0.0)
(41.937897, 18.883415, 0.0)
(41.915482, 18.887074, 0.0)
(41.848934, 18.842232, 0.0)
(41.820541, 18.777372, 0.0)
(41.850292, 18.686792, 0.0)
(41.869675, 18.683348, 0.0)
(41.857407, 18.649958, 0.0)
(41.849567, 18.672802, 0.0)
(41.807209, 18.674387, 0.0)
(41.790539, 18.709562, 0.0)
(41.758888, 18.743437, 0.0)
(41.709625, 18.753891, 0.0)
(41.695019, 18.703127, 0.0)
(41.712536, 18.726309, 0.0)
(40.634815, 19.268108, 0.0)
(40.150265, 19.635017, 0.0)
(40.121712, 19.666695, 0.0)
(40.110241, 19.598070, 0.0)
(40.145451, 19.552153, 0.0)
(40.155952, 19.528296, 0.0)
(39.631493, 19.634653, 0.0)
(36.739315, 21.050903, 0.0)
(35.168427, 21.546949, 0.0)
(35.049030, 21.563766, 0.0)
(35.061123, 21.571047, 0.0)
(34.978390, 21.592329, 0.0)
(34.923290, 21.582191, 0.0)
(34.627132, 21.611584, 0.0)
(29.306681, 20.649227, 0.0)
(27.167587, 19.974579, 0.0)
(27.108599, 19.849764, 0.0)
(26.962841, 19.481319, 0.0)
(26.933125, 19.482327, 0.0)
(26.891035, 19.515015, 0.0)
(26.876017, 19.521399, 0.0)
(26.837868, 19.535847, 0.0)
(26.781645, 19.525347, 0.0)
(26.778505, 19.474873, 0.0)
(26.753769, 19.467880, 0.0)
(26.729906, 19.514711, 0.0)
(26.700346, 19.535793, 0.0)
(26.683020, 19.581242, 0.0)
(26.672796, 19.592031, 0.0)
(26.361095, 19.554298, 0.0)
(26.347298, 19.556658, 0.0)
(26.365953, 19.530844, 0.0)
(26.341965, 19.483398, 0.0)
(26.307060, 19.506197, 0.0)
(26.319534, 19.517771, 0.0)
(26.282274, 19.567217, 0.0)
(26.199909, 19.615705, 0.0)
(26.234291, 19.627724, 0.0)
(26.148581, 19.691616, 0.0)
(26.110554, 19.693676, 0.0)
(26.130764, 19.654472, 0.0)
(26.092464, 19.660240, 0.0)
(26.092962, 19.630938, 0.0)
(26.506010, 19.837532, 0.0)
(28.602547, 21.771606, 0.0)
(28.661310, 22.027252, 0.0)
(28.585598, 21.985226, 0.0)
(28.521915, 22.014040, 0.0)
(28.478060, 21.995390, 0.0)
(28.433390, 22.007799, 0.0)
(28.417889, 22.042654, 0.0)
(29.385073, 22.111158, 0.0)
(32.514809, 21.834637, 0.0)
(32.655693, 21.817122, 0.0)
(32.657692, 21.782572, 0.0)
(32.672470, 21.726856, 0.0)
(32.664665, 21.716084, 0.0)
(32.665058, 21.699577, 0.0)
(32.770737, 21.812220, 0.0)
(33.380489, 22.332651, 0.0)
(33.409607, 22.388683, 0.0)
(33.390862, 22.388857, 0.0)
(33.370281, 22.373821, 0.0)
(33.345398, 22.361404, 0.0)
(33.329296, 22.344456, 0.0)
(33.040543, 22.110664, 0.0)
(32.956673, 22.089506, 0.0)
(32.908989, 22.110785, 0.0)
(32.850220, 22.131842, 0.0)
(32.810898, 22.161602, 0.0)
(32.741703, 22.188522, 0.0)
(32.678730, 22.208168, 0.0)
(33.374069, 22.975460, 0.0)
(33.484768, 23.585720, 0.0)
(33.426941, 23.645739, 0.0)
(33.372990, 23.593676, 0.0)
(33.317616, 23.585320, 0.0)
(33.283798, 23.631733, 0.0)
(33.260983, 23.654230, 0.0)
(33.231503, 23.652308, 0.0)
(33.189182, 23.605425, 0.0)
(33.159866, 23.588043, 0.0)
(33.193813, 23.637802, 0.0)
(33.143814, 23.666842, 0.0)
(33.099720, 23.688992, 0.0)
(33.099998, 23.691082, 0.0)
(33.108620, 23.716690, 0.0)
(33.111015, 23.691780, 0.0)
(33.105110, 23.715841, 0.0)
(33.101578, 23.724085, 0.0)
(30.089817, 24.675344, 0.0)
(25.736280, 26.283630, 0.0)
(24.856609, 26.633041, 0.0)
(24.762356, 26.733503, 0.0)
(24.697950, 26.726151, 0.0)
(24.668217, 26.708002, 0.0)
(24.627983, 26.745651, 0.0)
(24.599739, 26.792730, 0.0)
(24.561735, 26.797680, 0.0)
(24.554035, 26.768063, 0.0)
(24.536852, 26.772566, 0.0)
(24.471825, 26.772617, 0.0)
(24.827477, 26.299576, 0.0)
(24.844027, 26.272846, 0.0)
(24.824873, 26.266850, 0.0)
(24.812199, 26.280121, 0.0)
(24.802624, 26.296885, 0.0)
(24.829842, 26.346178, 0.0)
(24.842306, 26.348204, 0.0)
(24.837286, 26.310915, 0.0)
(24.844881, 26.256344, 0.0)
(24.849344, 26.211685, 0.0)
(24.841747, 26.268269, 0.0)
(24.830458, 26.318295, 0.0)
(24.798937, 26.347078, 0.0)
(24.799112, 26.378353, 0.0)
(24.790775, 26.377031, 0.0)
(24.806168, 26.347652, 0.0)
(24.815134, 26.340796, 0.0)
(24.826338, 26.311527, 0.0)
(24.841806, 26.273985, 0.0)
(24.842928, 26.266607, 0.0)
(24.844341, 26.282234, 0.0)
(24.858255, 26.307602, 0.0)
(24.855152, 26.308685, 0.0)
(24.857353, 26.315216, 0.0)
(24.865303, 26.310053, 0.0)
(23.790478, 28.633890, 0.0)
(22.670168, 31.404591, 0.0)
(22.537024, 31.787365, 0.0)
(22.464844, 31.795843, 0.0)
(22.394358, 31.791821, 0.0)
(22.051279, 32.450294, 0.0)
(21.953337, 32.596519, 0.0)
(21.945662, 32.592915, 0.0)
(21.911627, 32.665440, 0.0)
(21.897751, 32.681053, 0.0)
(21.897318, 32.683327, 0.0)
(21.886015, 32.721447, 0.0)
(21.761112, 33.013496, 0.0)
(21.786463, 33.082947, 0.0)
(21.762306, 33.093761, 0.0)
(21.745533, 33.088043, 0.0)
(21.743912, 33.088696, 0.0)
(21.738310, 33.138023, 0.0)
(21.712418, 33.193932, 0.0)
(21.678143, 33.188759, 0.0)
(21.668232, 33.181328, 0.0)
(21.661509, 33.169186, 0.0)
(22.218697, 32.708790, 0.0)
(22.319757, 32.556881, 0.0)
(22.308760, 32.566544, 0.0)
(22.296183, 32.576714, 0.0)
(22.283220, 32.617313, 0.0)
(22.263830, 32.641224, 0.0)
(22.256536, 32.651493, 0.0)
(22.261587, 32.633850, 0.0)
(22.262941, 32.652138, 0.0)
(23.109385, 30.281631, 0.0)
(24.103462, 28.631483, 0.0)
(24.085854, 28.591944, 0.0)
(24.030584, 28.648758, 0.0)
(24.019245, 28.640104, 0.0)
(24.037060, 28.635040, 0.0)
(24.042395, 28.647314, 0.0)
(25.946280, 29.417824, 0.0)
(26.608673, 29.839966, 0.0)
(26.604654, 29.841339, 0.0)
(26.557745, 29.865528, 0.0)
(26.516945, 29.877695, 0.0)
(26.481733, 29.881634, 0.0)
(26.425301, 29.860657, 0.0)
(26.507557, 29.924864, 0.0)
(26.827190, 30.125607, 0.0)
(26.790529, 30.154482, 0.0)
(26.727015, 30.128143, 0.0)
(26.702286, 30.143452, 0.0)
(26.674789, 30.175446, 0.0)
(26.675730, 30.161245, 0.0)
(26.666262, 30.148062, 0.0)
(26.669931, 30.106384, 0.0)
(26.678345, 30.115955, 0.0)
(26.663763, 30.111889, 0.0)
(26.648262, 30.139282, 0.0)
(26.638567, 30.170057, 0.0)
(26.641062, 30.139297, 0.0)
(26.638815, 30.111286, 0.0)
(26.620884, 30.110371, 0.0)
(26.628431, 30.098373, 0.0)
(26.660660, 30.037603, 0.0)
(26.671135, 30.048414, 0.0)
(26.684700, 30.031784, 0.0)
(26.698009, 29.993956, 0.0)
(26.711597, 29.975119, 0.0)
(26.731106, 29.990761, 0.0)
(26.761576, 29.983185, 0.0)
(26.749149, 30.001610, 0.0)
(26.749422, 29.958891, 0.0)
(26.766487, 29.943705, 0.0)
(26.759285, 30.011356, 0.0)
(26.752081, 30.030371, 0.0)
(29.313469, 29.596657, 0.0)
(34.368317, 29.637575, 0.0)
(35.488384, 29.913673, 0.0)
(35.613930, 29.924784, 0.0)
(35.691608, 29.839111, 0.0)
(35.722221, 29.833216, 0.0)
(36.727661, 30.188707, 0.0)
(36.880680, 30.283270, 0.0)
(36.842339, 30.305874, 0.0)
(36.832699, 30.329288, 0.0)
(36.814857, 30.331299, 0.0)
(36.833397, 30.346262, 0.0)
(36.838814, 30.358133, 0.0)
(36.839127, 30.343815, 0.0)
(36.868088, 30.356010, 0.0)
(36.852146, 30.379780, 0.0)
(36.880520, 30.400711, 0.0)
(36.879314, 30.407459, 0.0)
(36.866528, 30.431942, 0.0)
(36.844315, 30.469872, 0.0)
(36.798363, 30.485514, 0.0)
(36.860367, 30.459396, 0.0)
(36.886230, 30.465340, 0.0)
(36.897663, 30.463675, 0.0)
(36.917252, 30.414804, 0.0)
(36.926533, 30.411972, 0.0)
(36.940777, 30.451454, 0.0)
(36.968971, 30.484945, 0.0)
(36.967339, 30.472115, 0.0)
(36.600605, 30.438942, 0.0)
(36.634708, 30.414259, 0.0)
(36.623428, 30.478973, 0.0)
(36.642612, 30.524586, 0.0)
(36.620850, 30.525484, 0.0)
(36.621990, 30.543367, 0.0)
(36.633942, 30.541286, 0.0)
(36.651398, 30.532862, 0.0)
(36.686512, 30.518206, 0.0)
(36.676521, 30.514227, 0.0)
(32.561760, 26.382504, 0.0)
(27.033463, 22.988453, 0.0)
(23.911583, 22.671776, 0.0)
(22.974367, 22.834343, 0.0)
(22.897669, 22.915480, 0.0)
(22.804890, 22.961582, 0.0)
(22.391649, 23.083519, 0.0)
(21.942337, 23.194923, 0.0)
(21.861517, 23.186508, 0.0)
(21.864565, 23.092402, 0.0)
(21.836395, 23.065901, 0.0)
(21.856060, 23.032282, 0.0)
(21.813553, 22.993589, 0.0)
(21.825045, 22.968187, 0.0)
(21.774826, 22.971302, 0.0)
(21.799831, 23.004869, 0.0)
(21.777943, 22.981907, 0.0)
(21.758730, 22.957598, 0.0)
(21.742254, 22.953846, 0.0)
(21.748486, 22.955431, 0.0)
(21.734295, 22.996567, 0.0)
(21.625376, 23.078449, 0.0)
(21.708366, 23.057413, 0.0)
(21.595894, 23.091635, 0.0)
(21.655016, 23.090668, 0.0)
(21.629656, 23.068657, 0.0)
(21.634949, 23.027140, 0.0)
(21.616573, 23.051094, 0.0)
(21.683432, 23.142706, 0.0)
(21.481216, 23.123514, 0.0)
(21.694567, 23.044052, 0.0)
(21.629696, 23.087915, 0.0)
(21.518589, 23.228180, 0.0)
(21.624388, 23.123175, 0.0)
(21.556805, 23.184910, 0.0)
(21.577591, 23.164385, 0.0)
(21.668091, 23.182442, 0.0)
(26.969091, 23.703299, 0.0)
(32.881466, 25.341311, 0.0)
(37.129459, 28.004841, 0.0)
(39.070061, 28.901930, 0.0)
(39.084160, 28.905109, 0.0)
(38.992062, 28.909632, 0.0)
(39.642303, 29.685478, 0.0)
(39.552273, 29.819208, 0.0)
(39.499985, 29.906199, 0.0)
(39.510017, 29.878187, 0.0)
(39.483223, 29.870716, 0.0)
(39.480576, 29.933453, 0.0)
(39.441669, 29.924871, 0.0)
(39.390099, 29.963314, 0.0)
(39.401573, 30.009556, 0.0)
(39.406368, 29.983730, 0.0)
(39.366329, 30.020771, 0.0)
(39.364101, 30.040766, 0.0)
(39.355671, 30.047461, 0.0)
(39.346104, 30.069626, 0.0)
(39.338661, 30.081245, 0.0)
(39.352757, 30.120113, 0.0)
(39.337227, 30.148375, 0.0)
(39.296589, 30.161104, 0.0)
(39.316437, 30.161926, 0.0)
(39.297112, 30.205538, 0.0)
(39.288208, 30.218643, 0.0)
(39.287476, 30.189806, 0.0)
(39.258492, 30.196960, 0.0)
(39.245850, 30.225506, 0.0)
(39.212002, 30.235580, 0.0)
(39.201565, 30.240101, 0.0)
(39.244373, 30.259527, 0.0)
(39.221592, 30.261940, 0.0)
(39.207020, 30.255686, 0.0)
(39.205872, 30.234903, 0.0)
(38.848099, 30.209518, 0.0)
(32.409206, 25.690203, 0.0)
(26.346214, 24.091125, 0.0)
(22.952158, 24.949526, 0.0)
(21.397369, 25.935455, 0.0)
(21.376177, 26.007090, 0.0)
(21.291710, 26.070192, 0.0)
(21.218576, 26.072895, 0.0)
(21.234188, 26.001230, 0.0)
(20.572733, 26.741323, 0.0)
(20.572193, 26.719870, 0.0)
(20.529200, 26.694401, 0.0)
(20.517197, 26.681936, 0.0)
(20.536055, 26.663176, 0.0)
(20.545475, 26.620808, 0.0)
(20.513069, 26.624987, 0.0)
(20.511045, 26.623592, 0.0)
(20.530027, 26.643101, 0.0)
(20.512535, 26.679598, 0.0)
(20.490261, 26.683310, 0.0)
(20.488527, 26.705595, 0.0)
(20.458281, 26.731583, 0.0)
(20.441149, 26.769899, 0.0)
(20.466284, 26.751280, 0.0)
(20.486519, 26.722109, 0.0)
(20.488779, 26.742916, 0.0)
(20.448078, 26.715475, 0.0)
(20.436737, 26.760181, 0.0)
(20.422504, 26.788029, 0.0)
(20.414845, 26.800074, 0.0)
(20.421593, 26.818790, 0.0)
(20.403028, 26.794514, 0.0)
(20.389362, 26.787926, 0.0)
(20.391846, 26.808443, 0.0)
(20.401596, 26.807108, 0.0)
(21.685759, 26.216946, 0.0)
(21.786764, 26.179838, 0.0)
(21.763401, 26.174730, 0.0)
(21.753723, 26.164661, 0.0)
(21.783140, 26.123913, 0.0)
(21.798176, 26.069471, 0.0)
(22.478899, 26.766146, 0.0)
(22.950171, 27.515015, 0.0)
(22.951502, 27.586863, 0.0)
(22.904236, 27.614143, 0.0)
(22.891445, 27.626823, 0.0)
(22.861174, 27.649023, 0.0)
(22.565399, 27.381533, 0.0)
(22.559763, 27.284672, 0.0)
(22.565395, 27.314823, 0.0)
(22.555073, 27.346104, 0.0)
(22.552856, 27.357346, 0.0)
(22.555958, 27.334738, 0.0)
(22.548449, 27.358522, 0.0)
(22.554939, 27.371477, 0.0)
(22.547232, 27.393587, 0.0)
(22.530298, 27.412638, 0.0)
(22.498465, 27.388220, 0.0)
(22.510927, 27.381338, 0.0)
(23.178102, 27.115656, 0.0)
(23.246836, 27.097225, 0.0)
(23.259228, 27.040745, 0.0)
(23.273304, 27.001694, 0.0)
(23.248236, 27.023512, 0.0)
(23.258158, 27.070032, 0.0)
(23.294333, 27.059702, 0.0)
(23.259920, 27.049496, 0.0)
(23.256668, 27.017721, 0.0)
(23.279989, 26.990992, 0.0)
(23.250124, 27.035330, 0.0)
(23.215649, 27.051260, 0.0)
(23.220461, 27.046576, 0.0)
(23.233253, 27.063818, 0.0)
(23.224876, 27.093657, 0.0)
(23.234453, 27.096128, 0.0)
(25.286474, 26.142370, 0.0)
(31.105972, 23.934462, 0.0)
(35.976269, 23.873857, 0.0)
(37.395405, 24.101831, 0.0)
(37.490997, 24.112898, 0.0)
(37.512337, 24.135603, 0.0)
(38.577805, 24.344004, 0.0)
(38.755001, 24.427599, 0.0)
(38.744961, 24.444843, 0.0)
(38.751835, 24.425541, 0.0)
(38.767830, 24.438213, 0.0)
(38.813690, 24.437370, 0.0)
(38.819214, 24.461538, 0.0)
(38.820053, 24.495909, 0.0)
(38.781113, 24.529472, 0.0)
(38.769913, 24.552757, 0.0)
(38.752068, 24.514931, 0.0)
(38.746807, 24.566813, 0.0)
(38.745968, 24.568987, 0.0)
(38.730572, 24.525560, 0.0)
(38.705696, 24.515226, 0.0)
(38.677048, 24.541759, 0.0)
(38.641193, 24.520021, 0.0)
(38.634712, 24.527233, 0.0)
(38.616703, 24.499605, 0.0)
(38.609585, 24.456062, 0.0)
(38.607094, 24.444736, 0.0)
(38.590073, 24.489195, 0.0)
(38.555965, 24.482769, 0.0)
(38.539143, 24.500029, 0.0)
(38.517544, 24.475983, 0.0)
(38.490097, 24.486040, 0.0)
(38.473034, 24.486593, 0.0)
(38.472496, 24.484898, 0.0)
(38.445229, 24.484581, 0.0)
(38.433819, 24.490049, 0.0)
(38.422653, 24.508974, 0.0)
(38.405464, 24.509211, 0.0)
(38.382053, 24.537130, 0.0)
(38.319435, 24.539324, 0.0)
(35.498974, 24.545624, 0.0)
(30.451412, 25.363272, 0.0)
(26.859879, 26.726295, 0.0)
(23.803352, 26.586748, 0.0)
(23.649641, 26.564835, 0.0)
(23.605480, 26.675295, 0.0)
(23.620220, 25.942263, 0.0)
(23.605034, 25.927336, 0.0)
(22.761915, 28.857183, 0.0)
(22.157957, 33.119572, 0.0)
(22.416901, 34.122517, 0.0)
(22.304075, 34.198494, 0.0)
(22.253141, 34.225616, 0.0)
(22.232117, 34.282902, 0.0)
(22.202906, 34.372314, 0.0)
(22.203781, 34.433998, 0.0)
(22.263449, 34.389809, 0.0)
(22.544020, 34.028996, 0.0)
(22.546787, 34.040279, 0.0)
(22.527609, 34.048790, 0.0)
(22.487356, 34.088982, 0.0)
(22.505215, 34.132278, 0.0)
(22.502424, 34.135071, 0.0)
(22.508615, 34.146778, 0.0)
(22.488581, 34.173046, 0.0)
(22.502382, 34.202274, 0.0)
(22.508387, 34.217297, 0.0)
(22.504301, 34.213474, 0.0)
(22.513531, 34.228249, 0.0)
(22.470631, 34.243488, 0.0)
(22.441368, 34.231403, 0.0)
(22.487307, 34.221909, 0.0)
(22.484030, 34.212994, 0.0)
(22.496162, 34.229481, 0.0)
(22.506882, 34.229816, 0.0)
(22.994972, 32.508190, 0.0)
(23.033119, 32.416405, 0.0)
(23.018160, 32.440445, 0.0)
(25.411863, 29.854839, 0.0)
(31.312298, 25.681082, 0.0)
(36.793228, 24.992922, 0.0)
(40.314224, 25.601868, 0.0)
(41.180500, 26.100555, 0.0)
(41.247124, 26.065611, 0.0)
(41.205406, 26.008976, 0.0)
(41.859856, 26.123098, 0.0)
(42.449371, 26.186106, 0.0)
(42.535328, 26.161621, 0.0)
(42.532940, 26.079220, 0.0)
(42.519791, 26.077608, 0.0)
(42.292995, 26.623238, 0.0)
(42.217350, 26.878538, 0.0)
(42.245045, 25.908354, 0.0)
(42.348438, 25.812685, 0.0)
(42.362320, 25.874302, 0.0)
(42.396946, 25.906965, 0.0)
(42.395027, 25.940220, 0.0)
(42.405018, 25.991669, 0.0)
(42.409874, 26.028503, 0.0)
(42.395458, 26.022032, 0.0)
(42.372082, 26.062353, 0.0)
(42.361691, 26.008850, 0.0)
(42.381573, 25.996279, 0.0)
(42.404861, 26.050356, 0.0)
(42.390064, 25.980175, 0.0)
(40.012657, 24.469160, 0.0)
(39.965172, 24.295074, 0.0)
(39.965233, 24.274317, 0.0)
(39.961315, 24.252172, 0.0)
(39.933414, 24.286674, 0.0)
(39.936085, 24.255543, 0.0)
(39.949753, 24.240480, 0.0)
(39.967419, 24.224649, 0.0)
(39.313236, 24.818140, 0.0)
(36.885551, 28.090776, 0.0)
(37.081337, 28.954086, 0.0)
(37.031860, 28.993099, 0.0)
(36.963486, 29.012568, 0.0)
(36.940910, 28.996389, 0.0)
(36.926533, 28.999197, 0.0)
(36.919636, 29.030174, 0.0)
(36.442314, 29.037434, 0.0)
(36.387943, 29.082167, 0.0)
(36.354454, 29.146885, 0.0)
(36.331528, 29.191633, 0.0)
(36.342754, 29.206160, 0.0)
(36.333523, 29.236471, 0.0)
(36.335766, 29.255365, 0.0)
(36.337753, 29.245693, 0.0)
(36.319698, 29.255960, 0.0)
(36.298763, 29.286234, 0.0)
(36.278034, 29.300407, 0.0)
(36.322330, 29.295591, 0.0)
(36.351597, 29.326616, 0.0)
(36.328663, 29.316769, 0.0)
(36.324562, 29.300772, 0.0)
(36.312473, 29.279905, 0.0)
(35.026669, 27.336620, 0.0)
(34.583996, 24.823145, 0.0)
(34.500893, 24.870260, 0.0)
(34.445892, 24.901245, 0.0)
(34.376553, 24.859327, 0.0)
(34.337444, 24.885786, 0.0)
(34.274647, 24.913761, 0.0)
(34.226986, 24.923046, 0.0)
(34.227795, 24.907482, 0.0)
(34.223782, 24.915701, 0.0)
(34.212803, 24.926659, 0.0)
(34.243889, 24.919779, 0.0)
(34.238464, 24.936779, 0.0)
(34.236675, 24.929626, 0.0)
(34.244213, 24.934565, 0.0)
(38.276917, 23.534454, 0.0)
(42.016705, 24.417355, 0.0)
(43.410759, 25.373318, 0.0)
(43.410378, 25.362970, 0.0)
(43.330292, 25.278227, 0.0)
(43.305016, 25.263178, 0.0)
(43.278778, 25.259735, 0.0)
(43.616810, 25.229420, 0.0)
(43.607136, 25.266706, 0.0)
(43.568237, 25.265467, 0.0)
(43.563877, 25.251951, 0.0)
(43.649738, 25.248056, 0.0)
(43.694187, 25.237444, 0.0)
(43.665764, 25.239262, 0.0)
(43.653179, 25.191597, 0.0)
(43.641262, 25.190393, 0.0)
(43.640884, 25.225191, 0.0)
(43.651119, 25.222414, 0.0)
(43.556217, 25.205708, 0.0)
(43.556316, 25.200899, 0.0)
(43.534111, 25.192938, 0.0)
(43.521896, 25.204344, 0.0)
(43.491192, 25.267183, 0.0)
(43.492859, 25.266209, 0.0)
(43.498386, 25.269039, 0.0)
(42.408566, 24.819157, 0.0)
(41.337845, 24.459312, 0.0)
(41.292183, 24.460892, 0.0)
(41.296658, 24.460794, 0.0)
(41.295238, 24.437021, 0.0)
(41.326385, 24.443789, 0.0)
(41.323967, 24.429632, 0.0)
(41.293148, 24.440214, 0.0)
(41.283131, 24.437206, 0.0)
(41.240570, 24.484432, 0.0)
(41.231728, 24.474182, 0.0)
(39.100395, 23.873400, 0.0)
(33.118023, 22.860058, 0.0)
(30.032703, 23.273272, 0.0)
(30.180735, 23.254658, 0.0)
(30.204781, 23.204948, 0.0)
(30.175888, 23.192621, 0.0)
(30.161552, 23.173334, 0.0)
(30.160044, 23.158813, 0.0)
(30.136154, 23.154514, 0.0)
(30.098429, 23.119894, 0.0)
(30.093668, 23.156538, 0.0)
(29.560087, 22.859968, 0.0)
(29.768576, 24.705343, 0.0)
(30.073914, 25.114044, 0.0)
(30.344866, 23.470604, 0.0)
(30.359289, 23.292772, 0.0)
(30.456713, 23.320337, 0.0)
(30.474060, 23.393097, 0.0)
(30.463535, 23.442711, 0.0)
(30.449739, 23.454222, 0.0)
(30.402849, 23.444456, 0.0)
(30.385113, 23.498447, 0.0)
(30.347733, 23.530825, 0.0)
(30.321234, 23.535692, 0.0)
(30.308081, 23.535633, 0.0)
(30.295061, 23.558695, 0.0)
(30.252329, 23.576799, 0.0)
(30.232088, 23.547195, 0.0)
(30.278284, 23.551388, 0.0)
(30.286943, 23.509474, 0.0)
(30.288275, 23.485054, 0.0)
(30.290720, 23.461288, 0.0)
(30.293463, 23.462633, 0.0)
(30.294472, 23.450977, 0.0)
(30.301357, 23.455177, 0.0)
(30.287409, 23.395674, 0.0)
(30.278254, 23.383902, 0.0)
(30.298933, 23.398123, 0.0)
(30.280180, 23.398888, 0.0)
(28.356943, 22.320766, 0.0)
(24.392872, 20.846945, 0.0)
(24.026852, 20.659786, 0.0)
(23.948771, 20.723379, 0.0)
(23.876987, 20.760986, 0.0)
(23.845858, 20.766144, 0.0)
(23.821472, 20.768038, 0.0)
(23.768785, 20.776005, 0.0)
(23.718824, 20.780634, 0.0)
(23.690254, 20.786299, 0.0)
(23.651602, 20.788113, 0.0)
(23.587961, 20.805998, 0.0)
(23.523182, 20.841770, 0.0)
(23.516294, 20.881800, 0.0)
(24.063419, 20.895197, 0.0)
(24.082699, 20.956017, 0.0)
(23.975115, 20.994385, 0.0)
(23.927090, 21.022495, 0.0)
(23.870796, 21.023972, 0.0)
(23.880205, 21.032927, 0.0)
(23.902819, 21.085413, 0.0)
(23.895824, 21.065022, 0.0)
(23.890110, 21.051899, 0.0)
(25.508577, 21.011005, 0.0)
(28.995148, 21.706390, 0.0)
(31.300299, 22.657202, 0.0)
(31.310577, 22.772175, 0.0)
(31.209772, 22.731520, 0.0)
(31.146313, 22.795658, 0.0)
(31.137934, 22.876587, 0.0)
(31.084625, 22.896585, 0.0)
(31.014137, 22.918867, 0.0)
(30.994350, 22.939522, 0.0)
(31.006660, 22.923519, 0.0)
(30.978598, 22.922287, 0.0)
(30.967171, 22.901028, 0.0)
(30.974304, 22.920925, 0.0)
(33.680622, 25.103365, 0.0)
(37.461876, 29.001263, 0.0)
(38.753349, 31.404625, 0.0)
(38.610188, 31.474449, 0.0)
(38.511147, 31.407221, 0.0)
(38.548676, 31.531609, 0.0)
(38.976154, 31.847494, 0.0)
(39.040680, 31.943762, 0.0)
(39.064323, 31.966351, 0.0)
(39.062099, 31.967623, 0.0)
(39.058578, 31.968971, 0.0)
(39.045948, 32.024731, 0.0)
(39.022259, 32.024632, 0.0)
(39.032681, 32.033607, 0.0)
(39.020710, 32.021091, 0.0)
(38.984962, 31.993378, 0.0)
(39.014153, 32.040081, 0.0)
(38.968781, 32.046616, 0.0)
(38.920868, 32.079811, 0.0)
(38.922775, 32.070217, 0.0)
(38.917252, 32.036228, 0.0)
(38.910526, 32.033478, 0.0)
(38.937187, 32.030449, 0.0)
(39.120663, 31.868881, 0.0)
(39.103676, 31.842241, 0.0)
(39.074532, 31.874912, 0.0)
(39.067814, 31.893808, 0.0)
(39.070751, 31.916092, 0.0)
(39.071430, 31.936651, 0.0)
(39.066814, 31.950157, 0.0)
(39.053276, 31.935003, 0.0)
(39.051991, 31.955256, 0.0)
(39.030174, 31.954739, 0.0)
(39.015430, 31.967171, 0.0)
(39.038521, 31.956036, 0.0)
(39.087456, 31.967115, 0.0)
(36.430885, 28.149096, 0.0)
(36.441734, 27.727747, 0.0)
(36.447506, 27.733732, 0.0)
(37.827213, 27.002131, 0.0)
(41.825619, 25.638569, 0.0)
(43.215218, 26.228256, 0.0)
(43.332340, 26.263803, 0.0)
(43.320843, 26.244308, 0.0)
(43.288311, 26.238852, 0.0)
(43.242432, 26.217184, 0.0)
(43.710896, 26.638474, 0.0)
(43.742756, 26.685495, 0.0)
(43.722710, 26.616825, 0.0)
(43.750126, 26.626278, 0.0)
(43.791271, 26.644251, 0.0)
(43.799934, 26.623932, 0.0)
(43.792191, 26.611320, 0.0)
(43.800137, 26.641773, 0.0)
(43.786461, 26.626877, 0.0)
(43.793144, 26.654037, 0.0)
(43.789600, 26.638533, 0.0)
(43.779247, 26.638018, 0.0)
(43.787327, 26.627174, 0.0)
(43.797222, 26.661758, 0.0)
(43.800064, 26.671438, 0.0)
(43.779926, 26.678637, 0.0)
(43.760769, 26.686180, 0.0)
(43.710705, 26.670122, 0.0)
(42.635593, 26.034300, 0.0)
(42.660046, 26.015862, 0.0)
(42.715298, 25.999134, 0.0)
(42.714867, 25.971497, 0.0)
(42.719269, 25.975256, 0.0)
(42.702106, 25.977793, 0.0)
(42.715866, 26.000904, 0.0)
(42.741413, 26.020119, 0.0)
(42.716034, 25.993143, 0.0)
(42.702511, 25.946770, 0.0)
(38.921963, 23.217619, 0.0)
(37.889458, 22.232670, 0.0)
(37.851765, 22.283247, 0.0)
(37.891315, 22.296669, 0.0)
(37.898396, 22.262236, 0.0)
(37.907768, 22.237024, 0.0)
(37.942974, 22.199827, 0.0)
(38.039143, 21.872084, 0.0)
(38.166813, 21.663467, 0.0)
(38.173222, 21.638424, 0.0)
(38.163040, 21.586500, 0.0)
(38.199081, 21.581448, 0.0)
(38.219318, 21.541910, 0.0)
(38.192085, 21.516016, 0.0)
(38.222542, 21.496923, 0.0)
(38.207600, 21.478764, 0.0)
(38.230465, 21.481977, 0.0)
(38.206085, 21.450310, 0.0)
(38.183289, 21.425049, 0.0)
(38.223232, 21.419365, 0.0)
(38.211945, 21.408161, 0.0)
(38.184383, 21.390333, 0.0)
(38.157207, 21.339375, 0.0)
(38.149624, 21.369452, 0.0)
(38.134876, 21.374949, 0.0)
(38.126251, 21.381401, 0.0)
(38.064487, 21.348331, 0.0)
(38.048401, 21.317333, 0.0)
(38.051010, 21.325264, 0.0)
(38.018841, 21.334682, 0.0)
(37.969582, 21.351955, 0.0)
(37.510929, 21.376322, 0.0)
(37.473598, 21.376549, 0.0)
(37.476818, 21.370836, 0.0)
(37.473980, 21.356926, 0.0)
(37.473980, 21.356926, 0.0)
(37.481247, 21.361065, 0.0)
(37.472740, 21.345993, 0.0)
(37.132629, 21.657595, 0.0)
(33.419365, 25.423771, 0.0)
(32.107979, 27.642447, 0.0)
(31.933847, 27.863033, 0.0)
(31.857147, 27.896584, 0.0)
(31.750107, 27.932261, 0.0)
(31.668076, 27.971502, 0.0)
(31.182367, 28.049730, 0.0)
(30.775084, 27.982502, 0.0)
(30.647911, 28.039318, 0.0)
(30.567001, 28.093872, 0.0)
(30.513805, 28.168879, 0.0)
(30.424557, 28.201591, 0.0)
(30.304218, 28.231047, 0.0)
(30.203211, 28.259066, 0.0)
(29.757427, 28.248999, 0.0)
(29.615875, 28.324221, 0.0)
(29.519358, 28.358194, 0.0)
(29.448662, 28.342724, 0.0)
(29.408213, 28.348232, 0.0)
(29.368090, 28.411007, 0.0)
(29.297863, 28.460167, 0.0)
(29.255629, 28.463362, 0.0)
(29.253407, 28.485870, 0.0)
(29.269510, 28.512260, 0.0)
(29.255699, 28.510092, 0.0)
(29.264585, 28.496864, 0.0)
(29.269659, 28.493704, 0.0)
(29.256563, 28.502382, 0.0)
(29.252974, 28.523516, 0.0)
(29.244778, 28.521008, 0.0)
(29.224289, 28.522125, 0.0)
(29.226786, 28.528372, 0.0)
(29.213814, 28.535624, 0.0)
(29.207340, 28.568155, 0.0)
(29.187445, 28.558117, 0.0)
(29.198683, 28.506748, 0.0)
(29.230394, 28.510941, 0.0)
(31.773878, 26.294230, 0.0)
(36.930561, 22.523827, 0.0)
(40.726524, 22.750086, 0.0)
(41.895794, 23.325659, 0.0)
(41.951511, 23.336338, 0.0)
(41.923595, 23.309755, 0.0)
(41.907627, 23.286850, 0.0)
(41.924938, 23.245262, 0.0)
(42.321743, 23.765507, 0.0)
(42.368332, 23.854612, 0.0)
(42.331085, 23.839834, 0.0)
(42.314293, 23.802347, 0.0)
(42.289932, 23.791887, 0.0)
(42.270100, 23.764769, 0.0)
(42.267006, 23.731113, 0.0)
(42.253727, 23.713360, 0.0)
(41.929089, 23.575747, 0.0)
(41.874794, 23.528183, 0.0)
(41.859276, 23.571987, 0.0)
(41.846272, 23.593653, 0.0)
(41.804436, 23.608391, 0.0)
(41.789997, 23.629255, 0.0)
(41.785118, 23.617203, 0.0)
(41.764420, 23.597591, 0.0)
(41.743931, 23.583664, 0.0)
(41.746124, 23.576946, 0.0)
(40.982124, 23.480318, 0.0)
(40.855774, 23.468094, 0.0)
(40.894806, 23.406801, 0.0)
(40.908508, 23.444704, 0.0)
(40.894184, 23.446154, 0.0)
(40.899235, 23.433722, 0.0)
(40.887978, 23.454683, 0.0)
(40.888046, 23.442038, 0.0)
(40.905834, 23.453770, 0.0)
(40.861340, 23.409063, 0.0)
(40.845570, 23.380198, 0.0)
(37.992027, 22.142479, 0.0)
(31.707666, 20.345190, 0.0)
(27.299057, 21.378841, 0.0)
(26.573284, 21.866447, 0.0)
(26.547268, 21.902386, 0.0)
(26.525030, 21.855841, 0.0)
(26.506638, 21.813108, 0.0)
(26.494720, 21.778456, 0.0)
(26.479490, 21.774580, 0.0)
(26.468746, 21.739658, 0.0)
(26.453148, 21.728769, 0.0)
(26.704517, 21.458233, 0.0)
(26.702274, 21.420271, 0.0)
(26.689655, 21.441471, 0.0)
(26.653105, 21.433474, 0.0)
(26.620409, 21.462711, 0.0)
(26.610260, 21.481939, 0.0)
(26.587704, 21.482800, 0.0)
(26.575228, 21.454540, 0.0)
(26.540260, 21.495047, 0.0)
(26.486616, 21.492090, 0.0)
(26.560644, 21.458462, 0.0)
(26.588842, 21.480064, 0.0)
(26.604176, 21.468988, 0.0)
(26.607763, 21.460693, 0.0)
(26.609301, 21.474947, 0.0)
(26.613501, 21.481878, 0.0)
(26.639523, 21.472149, 0.0)
(26.664684, 21.484121, 0.0)
(26.667152, 21.444893, 0.0)
(26.692467, 21.403650, 0.0)
(26.579483, 21.443867, 0.0)
(26.576094, 21.477516, 0.0)
(26.576113, 21.468815, 0.0)
(26.577480, 21.461874, 0.0)
(26.574249, 21.452713, 0.0)
(26.538353, 21.480526, 0.0)
(26.502777, 21.501101, 0.0)
(23.805668, 22.389856, 0.0)
(21.017342, 23.334576, 0.0)
(20.859301, 23.454811, 0.0)
(20.834194, 23.471991, 0.0)
(20.810192, 23.486341, 0.0)
(20.197618, 23.348101, 0.0)
(20.116570, 23.300962, 0.0)
(20.041382, 23.315502, 0.0)
(20.044460, 23.292814, 0.0)
(20.057009, 23.303486, 0.0)
(20.057301, 23.306948, 0.0)
(20.041439, 23.308510, 0.0)
(20.039351, 23.311243, 0.0)
(19.916552, 23.290169, 0.0)
(19.939535, 23.277378, 0.0)
(19.916807, 23.271603, 0.0)
(19.911695, 23.247608, 0.0)
(19.905388, 23.251938, 0.0)
(19.896782, 23.280867, 0.0)
(19.883120, 23.279322, 0.0)
(19.880150, 23.292871, 0.0)
(19.871332, 23.290695, 0.0)
(19.884394, 23.296503, 0.0)
(19.881798, 23.298420, 0.0)
(19.891649, 23.305193, 0.0)
(19.888672, 23.319283, 0.0)
(19.897232, 23.311197, 0.0)
(20.034889, 23.287922, 0.0)
(21.192781, 23.413036, 0.0)
(21.243992, 23.423334, 0.0)
(21.211292, 23.414404, 0.0)
(21.197313, 23.434208, 0.0)
(21.159962, 23.476562, 0.0)
(21.162174, 23.505177, 0.0)
(21.162390, 23.523104, 0.0)
(21.145500, 23.526014, 0.0)
(21.469107, 23.402046, 0.0)
(27.057314, 21.693146, 0.0)
(32.857311, 21.365402, 0.0)
(35.323032, 21.722578, 0.0)
(35.407307, 21.698105, 0.0)
(35.371342, 21.672680, 0.0)
(35.444931, 21.668400, 0.0)
(35.464779, 21.630690, 0.0)
(35.482971, 21.548664, 0.0)
(35.549145, 21.539461, 0.0)
(35.567688, 21.579863, 0.0)
(35.552036, 21.610363, 0.0)
(35.520321, 21.591478, 0.0)
(35.374283, 21.496557, 0.0)
(35.373661, 21.490524, 0.0)
(35.385719, 21.449200, 0.0)
(35.381451, 21.448683, 0.0)
(35.366394, 21.448135, 0.0)
(35.365364, 21.427784, 0.0)
(35.325275, 21.417250, 0.0)
(35.311325, 21.459408, 0.0)
(35.226284, 21.475689, 0.0)
(35.163380, 21.474991, 0.0)
(35.079983, 21.489258, 0.0)
(35.012650, 21.496708, 0.0)
(34.937103, 21.538326, 0.0)
(34.881718, 21.539818, 0.0)
(34.831776, 21.568995, 0.0)
(34.804550, 21.536169, 0.0)
(34.818695, 21.527199, 0.0)
(34.806160, 21.510653, 0.0)
(34.775745, 21.487844, 0.0)
(34.748474, 21.485085, 0.0)
(34.738071, 21.489256, 0.0)
(34.751682, 21.531162, 0.0)
(34.749966, 21.538086, 0.0)
(34.734943, 21.508209, 0.0)
(34.749329, 21.473925, 0.0)
(34.770313, 21.493664, 0.0)
(34.743073, 21.524916, 0.0)
(33.240768, 24.410486, 0.0)
(29.990358, 27.696966, 0.0)
(28.037519, 30.322985, 0.0)
(27.907381, 31.258337, 0.0)
(27.786232, 31.348953, 0.0)
(26.968708, 32.727440, 0.0)
(26.655609, 33.162739, 0.0)
(26.484674, 33.242664, 0.0)
(26.353796, 33.293324, 0.0)
(26.230795, 33.382324, 0.0)
(25.675280, 33.571106, 0.0)
(25.541077, 33.656033, 0.0)
(25.486130, 33.724705, 0.0)
(25.428818, 33.713436, 0.0)
(25.397320, 33.731068, 0.0)
(25.373608, 33.716908, 0.0)
(25.340240, 33.713493, 0.0)
(25.334829, 33.718868, 0.0)
(25.331093, 33.713261, 0.0)
(25.326391, 33.712509, 0.0)
(25.291588, 33.762505, 0.0)
(25.243261, 33.743225, 0.0)
(25.208132, 33.744289, 0.0)
(25.201248, 33.763161, 0.0)
(25.171627, 33.774914, 0.0)
(25.129612, 33.775272, 0.0)
(25.123142, 33.796417, 0.0)
(25.121265, 33.789791, 0.0)
(25.120071, 33.751881, 0.0)
(25.133350, 33.682762, 0.0)
(25.143829, 33.516891, 0.0)
(25.384886, 32.571320, 0.0)
(25.413357, 32.559071, 0.0)
(25.365370, 32.621372, 0.0)
(25.362789, 32.668301, 0.0)
(25.328403, 32.688301, 0.0)
(25.347250, 32.683517, 0.0)
(26.882925, 26.373911, 0.0)
(28.652452, 21.359940, 0.0)
(29.600060, 20.228420, 0.0)
(29.678993, 20.378504, 0.0)
(29.632294, 20.498938, 0.0)
(29.595375, 20.537312, 0.0)
(29.613625, 20.517851, 0.0)
(29.631655, 20.514528, 0.0)
(29.248375, 20.403503, 0.0)
(29.236099, 20.322697, 0.0)
(29.262299, 20.275484, 0.0)
(29.237867, 20.295225, 0.0)
(29.229404, 20.329426, 0.0)
(29.224499, 20.357098, 0.0)
(29.209906, 20.326677, 0.0)
(29.205233, 20.309010, 0.0)
(29.206978, 20.352766, 0.0)
(29.131111, 20.425879, 0.0)
(29.098473, 20.441759, 0.0)
(29.076458, 20.452644, 0.0)
(29.052681, 20.452356, 0.0)
(29.479271, 20.531633, 0.0)
(31.171915, 21.042955, 0.0)
(31.174599, 21.129330, 0.0)
(31.115641, 21.151548, 0.0)
(31.085064, 21.130726, 0.0)
(31.025631, 21.143250, 0.0)
(30.978724, 21.135450, 0.0)
(30.978952, 21.151054, 0.0)
(30.978670, 21.200569, 0.0)
(30.952826, 21.230520, 0.0)
(30.926947, 21.231871, 0.0)
(30.921213, 21.193245, 0.0)
(30.962147, 21.183821, 0.0)
(30.976227, 21.165993, 0.0)
(30.987726, 21.148661, 0.0)
(32.091660, 21.339645, 0.0)
(37.408253, 22.125196, 0.0)
(41.133862, 23.916592, 0.0)
(42.310879, 24.744335, 0.0)
(42.313782, 24.668444, 0.0)
(42.263184, 24.545929, 0.0)
(42.605011, 24.855698, 0.0)
(42.781502, 25.253147, 0.0)
(42.683823, 25.206209, 0.0)
(42.656357, 25.171822, 0.0)
(42.640331, 25.154697, 0.0)
(42.624889, 25.151817, 0.0)
(42.606518, 25.146299, 0.0)
(42.587944, 25.105564, 0.0)
(42.565193, 25.092241, 0.0)
(42.535103, 25.099010, 0.0)
(42.526829, 25.120581, 0.0)
(42.355282, 25.035595, 0.0)
(42.216766, 24.930820, 0.0)
(42.193027, 24.923544, 0.0)
(42.175629, 24.921715, 0.0)
(42.157955, 24.961924, 0.0)
(42.109760, 24.944254, 0.0)
(42.129780, 24.894432, 0.0)
(42.166023, 24.866344, 0.0)
(41.984711, 24.747198, 0.0)
(40.614605, 23.922173, 0.0)
(40.549026, 23.906828, 0.0)
(40.564697, 23.889179, 0.0)
(40.562992, 23.890848, 0.0)
(40.556747, 23.896864, 0.0)
(40.541706, 23.831093, 0.0)
(40.534298, 23.797766, 0.0)
(40.553856, 23.820969, 0.0)
(40.543362, 23.842928, 0.0)
(40.521248, 23.860188, 0.0)
(40.518200, 23.841452, 0.0)
(40.099102, 23.755035, 0.0)
(38.502827, 23.064098, 0.0)
(38.510406, 23.065565, 0.0)
(38.608807, 23.081108, 0.0)
(38.618881, 23.048000, 0.0)
(38.631145, 23.038519, 0.0)
(38.652927, 23.025469, 0.0)
(38.102974, 22.854610, 0.0)
(38.092064, 22.845490, 0.0)
(38.094906, 22.837675, 0.0)
(38.103100, 22.868635, 0.0)
(38.109032, 22.835800, 0.0)
(38.134602, 22.827381, 0.0)
(38.167389, 22.866976, 0.0)
(38.171276, 22.885269, 0.0)
(38.199116, 22.895975, 0.0)
(38.190960, 22.932638, 0.0)
(38.150158, 22.945005, 0.0)
(38.189701, 22.895338, 0.0)
(38.231915, 22.909090, 0.0)
(38.232761, 22.898335, 0.0)
(38.222881, 22.876722, 0.0)
(37.340275, 22.743511, 0.0)
(37.218151, 22.737658, 0.0)
(37.241508, 22.752338, 0.0)
(37.191936, 22.777929, 0.0)
(37.171856, 22.753725, 0.0)
(37.174187, 22.717896, 0.0)
(37.193050, 22.740078, 0.0)
(37.168468, 22.799894, 0.0)
(37.132908, 22.837816, 0.0)
(37.119144, 22.846024, 0.0)
(37.078690, 22.841436, 0.0)
(37.084480, 22.842464, 0.0)
(37.092861, 22.841110, 0.0)
(37.094498, 22.834414, 0.0)
(37.075901, 22.811344, 0.0)
(37.046761, 22.812368, 0.0)
(37.017918, 22.826981, 0.0)
(33.567402, 23.578548, 0.0)
(28.473707, 24.363977, 0.0)
(24.944241, 26.438902, 0.0)
(22.737442, 29.097443, 0.0)
(22.455862, 29.734610, 0.0)
(22.307117, 29.834200, 0.0)
(22.211515, 29.779631, 0.0)
(21.553617, 30.944462, 0.0)
(21.499491, 31.073936, 0.0)
(21.461782, 31.053820, 0.0)
(21.408707, 31.056496, 0.0)
(21.370823, 31.063116, 0.0)
(21.350842, 31.100069, 0.0)
(21.349855, 31.119089, 0.0)
(21.321293, 31.144117, 0.0)
(21.309721, 31.087500, 0.0)
(21.302380, 31.092100, 0.0)
(21.278341, 31.180380, 0.0)
(21.267481, 31.211632, 0.0)
(21.272701, 31.197227, 0.0)
(21.271547, 31.214830, 0.0)
(21.252714, 31.201632, 0.0)
(21.260384, 31.204708, 0.0)
(21.266893, 31.186884, 0.0)
(21.278357, 31.190941, 0.0)
(21.547974, 30.511421, 0.0)
(21.652933, 30.259329, 0.0)
(21.605745, 30.269299, 0.0)
(21.595654, 30.274300, 0.0)
(21.588753, 30.277084, 0.0)
(21.584389, 30.291224, 0.0)
(21.576813, 30.281696, 0.0)
(21.583319, 30.302311, 0.0)
(21.573286, 30.306555, 0.0)
(21.552101, 30.320917, 0.0)
(21.557562, 30.294870, 0.0)
(21.576534, 30.284853, 0.0)
(21.606194, 30.254351, 0.0)
(21.570953, 30.294050, 0.0)
(21.595671, 30.330700, 0.0)
(22.462666, 29.617556, 0.0)
(26.752430, 26.402777, 0.0)
(28.293833, 25.667721, 0.0)
(28.295509, 25.645184, 0.0)
(28.226068, 25.653355, 0.0)
(28.187292, 25.706030, 0.0)
(29.213430, 26.274261, 0.0)
(34.409180, 29.219702, 0.0)
(36.898556, 30.350014, 0.0)
(36.756367, 30.330236, 0.0)
(36.631569, 30.292173, 0.0)
(40.374290, 30.642588, 0.0)
(42.763409, 31.322155, 0.0)
(42.786858, 31.368212, 0.0)
(42.731163, 31.358641, 0.0)
(42.721260, 31.407463, 0.0)
(42.733349, 31.497475, 0.0)
(42.735321, 31.518648, 0.0)
(42.749542, 31.521811, 0.0)
(42.760849, 31.517311, 0.0)
(42.755924, 31.523232, 0.0)
(42.601696, 31.919266, 0.0)
(42.556824, 32.008617, 0.0)
(42.549030, 32.040195, 0.0)
(42.534035, 32.063366, 0.0)
(42.532532, 32.069630, 0.0)
(42.512249, 32.072182, 0.0)
(42.457916, 32.068615, 0.0)
(42.440388, 32.015079, 0.0)
(38.891296, 26.073383, 0.0)
(37.731213, 25.116896, 0.0)
(37.651882, 25.266033, 0.0)
(37.624737, 25.362219, 0.0)
(37.621967, 25.297989, 0.0)
(37.668049, 25.296055, 0.0)
(38.550022, 25.036419, 0.0)
(40.383514, 24.576349, 0.0)
(40.606548, 24.664989, 0.0)
(40.681160, 24.741203, 0.0)
(40.723740, 24.768816, 0.0)
(40.724529, 24.761623, 0.0)
(40.766148, 24.730623, 0.0)
(40.834400, 24.734222, 0.0)
(40.868587, 24.744534, 0.0)
(40.900326, 24.724102, 0.0)
(40.927456, 24.716249, 0.0)
(40.932812, 24.722279, 0.0)
(40.952972, 24.707882, 0.0)
(40.973492, 24.715776, 0.0)
(40.975101, 24.719330, 0.0)
(40.983494, 24.744961, 0.0)
(40.983814, 24.740564, 0.0)
(40.993233, 24.740076, 0.0)
(40.491993, 24.580992, 0.0)
(40.544727, 24.547243, 0.0)
(40.547333, 24.544363, 0.0)
(40.525471, 24.551701, 0.0)
(40.474369, 24.546124, 0.0)
(40.483315, 24.522150, 0.0)
(40.516994, 24.526968, 0.0)
(40.538357, 24.538841, 0.0)
(40.535076, 24.517906, 0.0)
(38.545170, 23.244005, 0.0)
(38.524792, 23.190292, 0.0)
(38.547478, 23.216736, 0.0)
(38.549187, 23.193745, 0.0)
(38.530415, 23.169516, 0.0)
(38.517651, 23.147442, 0.0)
(38.557110, 23.154417, 0.0)
(38.517330, 23.183559, 0.0)
(38.483543, 23.211975, 0.0)
(38.471325, 23.197203, 0.0)
(38.466503, 23.204227, 0.0)
(37.746143, 23.340700, 0.0)
(32.521690, 24.001366, 0.0)
(27.996651, 25.881802, 0.0)
(25.269762, 28.434896, 0.0)
(24.638777, 29.420975, 0.0)
(24.463850, 29.568243, 0.0)
(24.353863, 29.566328, 0.0)
(22.722616, 31.581949, 0.0)
(22.319803, 31.954533, 0.0)
(22.209787, 32.005936, 0.0)
(22.180468, 31.996599, 0.0)
(22.160267, 32.060730, 0.0)
(22.133951, 32.106068, 0.0)
(22.132277, 32.129219, 0.0)
(22.099495, 32.147064, 0.0)
(21.819782, 32.249123, 0.0)
(21.716606, 32.121967, 0.0)
(21.670204, 32.121414, 0.0)
(21.663210, 32.120361, 0.0)
(21.671843, 32.141739, 0.0)
(21.643225, 32.160156, 0.0)
(21.629261, 32.115444, 0.0)
(21.634296, 32.083759, 0.0)
(21.628027, 32.105595, 0.0)
(21.651989, 32.127880, 0.0)
(21.683105, 32.174240, 0.0)
(21.661785, 32.135963, 0.0)
(22.090187, 31.629351, 0.0)
(22.489279, 31.104912, 0.0)
(22.456369, 31.130890, 0.0)
(22.407457, 31.173456, 0.0)
(22.381502, 31.137363, 0.0)
(22.378733, 31.146667, 0.0)
(22.358244, 31.193081, 0.0)
(22.372274, 31.190926, 0.0)
(22.378799, 31.174809, 0.0)
(22.776995, 29.701561, 0.0)
(24.620930, 24.160173, 0.0)
(24.782753, 23.403320, 0.0)
(24.826757, 23.371969, 0.0)
(24.780878, 23.449877, 0.0)
(24.747648, 23.474409, 0.0)
(24.719549, 23.505054, 0.0)
(24.206919, 23.593845, 0.0)
(24.148354, 23.628542, 0.0)
(24.133951, 23.623747, 0.0)
(24.153025, 23.624752, 0.0)
(23.970896, 23.595001, 0.0)
(23.687458, 23.519718, 0.0)
(24.074350, 23.608828, 0.0)
(24.176878, 23.762398, 0.0)
(24.212118, 23.836866, 0.0)
(24.193926, 23.895342, 0.0)
(24.147846, 23.923510, 0.0)
(24.124229, 23.921837, 0.0)
(24.133240, 23.921171, 0.0)
(24.126423, 23.970736, 0.0)
(24.093538, 24.010490, 0.0)
(24.090298, 24.016853, 0.0)
(24.079983, 24.025057, 0.0)
(24.077871, 24.029324, 0.0)
(24.082403, 24.005842, 0.0)
(24.075583, 23.987911, 0.0)
(24.072731, 23.977068, 0.0)
(24.064907, 23.977686, 0.0)
(24.069574, 23.968647, 0.0)
(24.082808, 23.979759, 0.0)
(24.085770, 23.980274, 0.0)
(24.085770, 23.980274, 0.0)
(24.654802, 23.872383, 0.0)
(25.013258, 23.898869, 0.0)
(25.024525, 23.877956, 0.0)
(25.026279, 23.856651, 0.0)
(25.043125, 23.845516, 0.0)
(25.065041, 23.845108, 0.0)
(29.911594, 24.431131, 0.0)
(35.362869, 26.167233, 0.0)
(36.241562, 26.613642, 0.0)
(36.211452, 26.577082, 0.0)
(36.169933, 26.583672, 0.0)
(36.139442, 26.529625, 0.0)
(36.094410, 26.462656, 0.0)
(36.334682, 27.480000, 0.0)
(36.199390, 27.918215, 0.0)
(35.939621, 26.655365, 0.0)
(35.906284, 26.267097, 0.0)
(35.956982, 26.335247, 0.0)
(35.959927, 26.351089, 0.0)
(35.991402, 26.457104, 0.0)
(35.984768, 26.460133, 0.0)
(35.993423, 26.523685, 0.0)
(35.995277, 26.533058, 0.0)
(36.782726, 27.522118, 0.0)
(36.696877, 27.888184, 0.0)
(36.597935, 27.931747, 0.0)
(36.583988, 27.925577, 0.0)
(36.576157, 27.949329, 0.0)
(36.567028, 27.972265, 0.0)
(36.524776, 28.016968, 0.0)
(36.502651, 27.987564, 0.0)
(36.504662, 28.016243, 0.0)
(36.563190, 28.009005, 0.0)
(36.561905, 27.996792, 0.0)
(36.539467, 27.989107, 0.0)
(36.542152, 28.022619, 0.0)
(36.528118, 28.034365, 0.0)
(36.535034, 28.025593, 0.0)
(36.509377, 28.050678, 0.0)
(36.355579, 27.696632, 0.0)
(34.259975, 21.589615, 0.0)
(33.463158, 19.694468, 0.0)
(33.358788, 19.736832, 0.0)
(33.144581, 21.184521, 0.0)
(32.720253, 20.261553, 0.0)
(32.725967, 19.865067, 0.0)
(32.770081, 19.871872, 0.0)
(32.826645, 19.973219, 0.0)
(32.345692, 18.267126, 0.0)
(32.183262, 17.816488, 0.0)
(32.181335, 17.893373, 0.0)
(32.171543, 17.927702, 0.0)
(32.139725, 17.881191, 0.0)
(31.984129, 17.602137, 0.0)
(33.111668, 20.809317, 0.0)
(33.078491, 19.820900, 0.0)
(33.155674, 19.730341, 0.0)
(33.136311, 19.809963, 0.0)
(33.171204, 19.891787, 0.0)
(33.156643, 19.876993, 0.0)
(33.153721, 19.825708, 0.0)
(33.125072, 19.795639, 0.0)
(32.457798, 18.810644, 0.0)
(32.377590, 18.764349, 0.0)
(32.400181, 18.785397, 0.0)
(32.396759, 18.782156, 0.0)
(32.421227, 18.765375, 0.0)
(32.423714, 18.757496, 0.0)
(32.443932, 18.754896, 0.0)
(32.999199, 18.851652, 0.0)
(37.990906, 19.184381, 0.0)
(41.037968, 20.200554, 0.0)
(41.746899, 21.072443, 0.0)
(41.816830, 21.085863, 0.0)
(41.737408, 21.010988, 0.0)
(42.187183, 24.883797, 0.0)
(41.985882, 23.895988, 0.0)
(42.003914, 23.843252, 0.0)
(42.010654, 23.911308, 0.0)
(42.024815, 23.864584, 0.0)
(42.045265, 23.856384, 0.0)
(41.943577, 23.048470, 0.0)
(41.684540, 20.532127, 0.0)
(41.600166, 20.379475, 0.0)
(41.529499, 20.396135, 0.0)
(41.438919, 20.415516, 0.0)
(41.390503, 20.438616, 0.0)
(41.296364, 20.338531, 0.0)
(41.244415, 20.294752, 0.0)
(41.224537, 20.270126, 0.0)
(41.208138, 20.313318, 0.0)
(41.193512, 20.350170, 0.0)
(41.205788, 20.408945, 0.0)
(41.192795, 20.429939, 0.0)
(41.198925, 20.448530, 0.0)
(41.149181, 20.518841, 0.0)
(40.711452, 22.239731, 0.0)
(40.692223, 22.860889, 0.0)
(40.675640, 22.876335, 0.0)
(40.669807, 22.874083, 0.0)
(40.653790, 22.883745, 0.0)
(40.671730, 22.939449, 0.0)
(40.655357, 22.986605, 0.0)
(40.670567, 23.001654, 0.0)
(40.706379, 23.030943, 0.0)
(40.721924, 23.039288, 0.0)
(40.696690, 22.980782, 0.0)
(40.450188, 22.523964, 0.0)
(40.403847, 22.492149, 0.0)
(40.447773, 22.467869, 0.0)
(40.500340, 22.475836, 0.0)
(40.525887, 22.485785, 0.0)
(40.530636, 22.487436, 0.0)
(40.523289, 22.509199, 0.0)
(40.488712, 22.486523, 0.0)
(40.467121, 22.465128, 0.0)
(40.489220, 22.447990, 0.0)
(40.472500, 22.390154, 0.0)
(40.458958, 22.353415, 0.0)
(40.477322, 22.372650, 0.0)
(40.457405, 22.404734, 0.0)
(40.417431, 22.439737, 0.0)
(40.415142, 22.454609, 0.0)
(40.408787, 22.481232, 0.0)
(40.413723, 22.485689, 0.0)
(40.416592, 22.466543, 0.0)
(40.425159, 22.450466, 0.0)
(40.457577, 22.417921, 0.0)
(40.484570, 22.403389, 0.0)
(40.463352, 22.394823, 0.0)
(40.451504, 22.418955, 0.0)
(40.436127, 22.419712, 0.0)
(40.427086, 22.430519, 0.0)
(40.156185, 22.464998, 0.0)
(39.966297, 22.567865, 0.0)
(39.919315, 22.602016, 0.0)
(39.905346, 22.560097, 0.0)
(39.922123, 22.561487, 0.0)
(39.925850, 22.557833, 0.0)
(39.918739, 22.553188, 0.0)
(39.900959, 22.539328, 0.0)
(38.510017, 23.311558, 0.0)
(33.479370, 24.836851, 0.0)
(29.415831, 27.045744, 0.0)
(26.940926, 28.763229, 0.0)
(26.554386, 29.031471, 0.0)
(26.438038, 29.122894, 0.0)
(26.214420, 29.332956, 0.0)
(25.762178, 29.986713, 0.0)
(25.635582, 30.119081, 0.0)
(25.551571, 30.123611, 0.0)
(25.454758, 30.199648, 0.0)
(25.362923, 30.234289, 0.0)
(25.320448, 30.255255, 0.0)
(25.291716, 30.318808, 0.0)
(25.247511, 30.325258, 0.0)
(25.219711, 30.353542, 0.0)
(25.190540, 30.379763, 0.0)
(25.168364, 30.387283, 0.0)
(25.154078, 30.404198, 0.0)
(25.117105, 30.437141, 0.0)
(25.115280, 30.457911, 0.0)
(25.118530, 30.448652, 0.0)
(25.087984, 30.447643, 0.0)
(25.088953, 30.526899, 0.0)
(25.085009, 30.530134, 0.0)
(26.814968, 28.918371, 0.0)
(27.093267, 28.636400, 0.0)
(27.087910, 28.634480, 0.0)
(27.070515, 28.615971, 0.0)
(27.069969, 28.616423, 0.0)
(27.065948, 28.647743, 0.0)
(27.066738, 28.693607, 0.0)
(27.081450, 28.701708, 0.0)
(27.075897, 28.702539, 0.0)
(27.086475, 28.645973, 0.0)
(27.125336, 28.631609, 0.0)
(27.102558, 28.699482, 0.0)
(27.069065, 28.831228, 0.0)
(25.759781, 31.627754, 0.0)
(25.635828, 32.014267, 0.0)
(25.535057, 32.071949, 0.0)
(25.457083, 32.081779, 0.0)
(25.415110, 32.107540, 0.0)
(25.410980, 32.117744, 0.0)
(25.336010, 32.169487, 0.0)
(25.292147, 32.209438, 0.0)
(25.657326, 32.565922, 0.0)
(25.657537, 32.637779, 0.0)
(25.562948, 32.681904, 0.0)
(25.503359, 32.723003, 0.0)
(25.469496, 32.743816, 0.0)
(25.454906, 32.704575, 0.0)
(25.458542, 32.723961, 0.0)
(25.428370, 32.725872, 0.0)
(25.383495, 32.711655, 0.0)
(25.366621, 32.720753, 0.0)
(25.353100, 32.737968, 0.0)
(25.340672, 32.757858, 0.0)
(25.328144, 32.777813, 0.0)
(25.320744, 32.748608, 0.0)
(25.309357, 32.735779, 0.0)
(25.301718, 32.779079, 0.0)
(24.958735, 30.869085, 0.0)
(24.897842, 29.947393, 0.0)
(24.862202, 29.924265, 0.0)
(24.794321, 29.952908, 0.0)
(24.768780, 29.951658, 0.0)
(24.762329, 29.956701, 0.0)
(24.766119, 29.964071, 0.0)
(24.763773, 29.967522, 0.0)
(24.757954, 29.966650, 0.0)
(24.757710, 29.978071, 0.0)
(24.762569, 29.981073, 0.0)
(24.762655, 30.004095, 0.0)
(28.699108, 28.714502, 0.0)
(30.333771, 28.412128, 0.0)
(30.495049, 28.406784, 0.0)
(30.740257, 28.454941, 0.0)
(32.309044, 29.062994, 0.0)
(32.479630, 29.143599, 0.0)
(32.490124, 29.153862, 0.0)
(32.513008, 29.118391, 0.0)
(33.137501, 29.120710, 0.0)
(33.282337, 29.076618, 0.0)
(33.308018, 29.089750, 0.0)
(33.360092, 29.109934, 0.0)
(33.382042, 29.109859, 0.0)
(33.429474, 29.050491, 0.0)
(33.473850, 29.060555, 0.0)
(33.500965, 29.095459, 0.0)
(33.512863, 29.130816, 0.0)
(33.827511, 29.143856, 0.0)
(33.955879, 29.139130, 0.0)
(33.932030, 29.164038, 0.0)
(33.922867, 29.183268, 0.0)
(33.936169, 29.219704, 0.0)
(33.755539, 29.315237, 0.0)
(33.753750, 29.337351, 0.0)
(33.778370, 29.335529, 0.0)
(33.789669, 29.368486, 0.0)
(33.792805, 29.375149, 0.0)
(33.797470, 29.412798, 0.0)
(33.793877, 29.427706, 0.0)
(33.799004, 29.439669, 0.0)
(33.796055, 29.454643, 0.0)
(33.790951, 29.484972, 0.0)
(33.785580, 29.480896, 0.0)
(33.774662, 29.452566, 0.0)
(33.779518, 29.515245, 0.0)
(33.775105, 29.550255, 0.0)
(33.790646, 29.502884, 0.0)
(33.824314, 29.521147, 0.0)
(34.299717, 28.709845, 0.0)
(37.521370, 22.571920, 0.0)
(39.739758, 20.739422, 0.0)
(40.086163, 20.847008, 0.0)
(40.046707, 20.934004, 0.0)
(40.008350, 20.954155, 0.0)
(39.999763, 20.968475, 0.0)
(40.017731, 20.891689, 0.0)
(40.083412, 20.949318, 0.0)
(40.436031, 20.925385, 0.0)
(40.439205, 20.935547, 0.0)
(40.418869, 20.869616, 0.0)
(40.428562, 20.874565, 0.0)
(40.445137, 20.820124, 0.0)
(40.435497, 20.801437, 0.0)
(40.437374, 20.766495, 0.0)
(40.398144, 20.732376, 0.0)
(40.346886, 20.703272, 0.0)
(40.345367, 20.754286, 0.0)
(39.402191, 21.048698, 0.0)
(39.302769, 21.723770, 0.0)
(39.501022, 22.542957, 0.0)
(39.514080, 22.682970, 0.0)
(39.515392, 22.715054, 0.0)
(39.502037, 22.744677, 0.0)
(39.517933, 22.719067, 0.0)
(39.557137, 22.748224, 0.0)
(39.550625, 22.780420, 0.0)
(39.498508, 22.797041, 0.0)
(39.490082, 22.786655, 0.0)
(39.467316, 22.820501, 0.0)
(39.423767, 22.797215, 0.0)
(39.436939, 22.810844, 0.0)
(39.378620, 22.780958, 0.0)
(39.338280, 22.750231, 0.0)
(39.338715, 22.766768, 0.0)
(39.316517, 22.796970, 0.0)
(39.289494, 22.778715, 0.0)
(39.405708, 22.806353, 0.0)
(41.933846, 22.928364, 0.0)
(42.110191, 22.943058, 0.0)
(42.077045, 22.903719, 0.0)
(42.061646, 22.856359, 0.0)
(42.057518, 22.826132, 0.0)
(42.033844, 22.798468, 0.0)
(42.013229, 22.757811, 0.0)
(42.040482, 22.815258, 0.0)
(42.220261, 23.135521, 0.0)
(42.242439, 23.199406, 0.0)
(42.206738, 23.197990, 0.0)
(42.216408, 23.178692, 0.0)
(42.239918, 23.181076, 0.0)
(42.281254, 23.155224, 0.0)
(42.156132, 22.701870, 0.0)
(42.139057, 22.538609, 0.0)
(42.097565, 22.559023, 0.0)
(42.069710, 22.564760, 0.0)
(42.048779, 22.583576, 0.0)
(42.011845, 22.578127, 0.0)
(41.983379, 22.550547, 0.0)
(41.972660, 22.573318, 0.0)
(41.950531, 22.612347, 0.0)
(41.912415, 22.626076, 0.0)
(41.900002, 22.653076, 0.0)
(41.888897, 22.642347, 0.0)
(41.869164, 22.629021, 0.0)
(41.856865, 23.678606, 0.0)
(41.835533, 25.356205, 0.0)
(41.775684, 25.501328, 0.0)
(41.732025, 25.490715, 0.0)
(41.718193, 25.486105, 0.0)
(41.709286, 25.501785, 0.0)
(41.684921, 25.511196, 0.0)
(41.675976, 25.504589, 0.0)
(41.691448, 25.714750, 0.0)
(41.466553, 28.745199, 0.0)
(41.633030, 30.672541, 0.0)
(41.531860, 30.780428, 0.0)
(41.467278, 30.795372, 0.0)
(41.427193, 30.837006, 0.0)
(41.433270, 30.870750, 0.0)
(41.476734, 30.938324, 0.0)
(41.336918, 30.757421, 0.0)
(41.317387, 30.771397, 0.0)
(41.333908, 30.779137, 0.0)
(41.320774, 30.812382, 0.0)
(41.324825, 30.844547, 0.0)
(41.321819, 30.880724, 0.0)
(41.325874, 30.882816, 0.0)
(41.327129, 30.850117, 0.0)
(41.335545, 30.889713, 0.0)
(41.302765, 30.938862, 0.0)
(41.255108, 30.969454, 0.0)
(41.250645, 30.999149, 0.0)
(41.252125, 30.991489, 0.0)
(41.258762, 30.992647, 0.0)
(41.278149, 30.959488, 0.0)
(41.302547, 30.940639, 0.0)
(41.317493, 30.939087, 0.0)
(41.319881, 30.934090, 0.0)
(41.313251, 30.953247, 0.0)
(41.304977, 30.983887, 0.0)
(41.277218, 30.984339, 0.0)
(41.268520, 30.977221, 0.0)
(41.264622, 30.986097, 0.0)
(41.249535, 30.980013, 0.0)
(41.256092, 30.966097, 0.0)
(41.261822, 30.964262, 0.0)
(41.251629, 31.000854, 0.0)
(41.203541, 31.001732, 0.0)
(41.195305, 30.974474, 0.0)
(41.248039, 31.012768, 0.0)
(41.277489, 31.011534, 0.0)
(41.371014, 30.934929, 0.0)
(43.371502, 30.168715, 0.0)
(43.473579, 30.143524, 0.0)
(43.449219, 30.212946, 0.0)
(43.464260, 30.183142, 0.0)
(43.422741, 30.134472, 0.0)
(43.412861, 30.107773, 0.0)
(43.412079, 30.113300, 0.0)
(43.419399, 30.143797, 0.0)
(43.402374, 30.175259, 0.0)
(43.391159, 30.171265, 0.0)
(43.387569, 30.133787, 0.0)
(43.392288, 30.118109, 0.0)
(43.379589, 30.078346, 0.0)
(43.371635, 30.046749, 0.0)
(43.354870, 29.986679, 0.0)
(43.356789, 30.013456, 0.0)
(43.343910, 29.968462, 0.0)
(43.353176, 29.965332, 0.0)
(43.344135, 29.984364, 0.0)
(43.326591, 30.017057, 0.0)
(43.327419, 30.007515, 0.0)
(43.329727, 29.981375, 0.0)
(43.296692, 29.996895, 0.0)
(43.295002, 30.012400, 0.0)
(43.282288, 30.032667, 0.0)
(43.269478, 30.014025, 0.0)
(43.324696, 30.047647, 0.0)
(43.352139, 30.018154, 0.0)
(43.352703, 29.993301, 0.0)
(43.355606, 29.983538, 0.0)
(43.360462, 29.972000, 0.0)
(41.474197, 28.299532, 0.0)
(41.180298, 27.715952, 0.0)
(41.163803, 27.678123, 0.0)
(41.137447, 27.642467, 0.0)
(41.143337, 27.636871, 0.0)
(41.106655, 27.660162, 0.0)
(41.108356, 27.675385, 0.0)
(40.691212, 27.539288, 0.0)
(34.927410, 23.647593, 0.0)
(29.755318, 22.374664, 0.0)
(25.868254, 22.954409, 0.0)
(23.419741, 25.077888, 0.0)
(23.332615, 25.214214, 0.0)
(23.239655, 25.200808, 0.0)
(21.931017, 26.281012, 0.0)
(21.028225, 26.421272, 0.0)
(20.942089, 26.545330, 0.0)
(20.905878, 26.523804, 0.0)
(20.830858, 26.554663, 0.0)
(20.805212, 26.507936, 0.0)
(20.565281, 25.926132, 0.0)
(20.478107, 25.849159, 0.0)
(20.335932, 25.869919, 0.0)
(20.392052, 25.606503, 0.0)
(20.516775, 25.564213, 0.0)
(20.507666, 25.687649, 0.0)
(20.484842, 25.741144, 0.0)
(20.448374, 25.788429, 0.0)
(20.439381, 25.818346, 0.0)
(20.438274, 25.850471, 0.0)
(20.439896, 25.858109, 0.0)
(20.418394, 25.843410, 0.0)
(20.399155, 25.825817, 0.0)
(20.399384, 25.839691, 0.0)
(20.382475, 25.895498, 0.0)
(20.365261, 25.948624, 0.0)
(20.346256, 25.951969, 0.0)
(20.340530, 25.930805, 0.0)
(20.350105, 25.936253, 0.0)
(20.364786, 25.919216, 0.0)
(20.378084, 25.920692, 0.0)
(20.696274, 25.549065, 0.0)
(24.119040, 22.988825, 0.0)
(24.259106, 23.006428, 0.0)
(24.281723, 22.968019, 0.0)
(24.263510, 22.975662, 0.0)
(24.261017, 22.952637, 0.0)
(24.249302, 22.951920, 0.0)
(23.980942, 22.369133, 0.0)
(24.006025, 22.264626, 0.0)
(24.026588, 22.260094, 0.0)
(24.014534, 22.252722, 0.0)
(23.985538, 22.251968, 0.0)
(23.961596, 22.303383, 0.0)
(23.887503, 22.298431, 0.0)
(23.853846, 22.322775, 0.0)
(23.834999, 22.338989, 0.0)
(23.790953, 22.276682, 0.0)
(23.777277, 22.283363, 0.0)
(23.758049, 22.322796, 0.0)
(23.736877, 22.325470, 0.0)
(23.664679, 22.342264, 0.0)
(23.586773, 22.426767, 0.0)
(23.424843, 22.478441, 0.0)
(23.400543, 22.485422, 0.0)
(23.393890, 22.472635, 0.0)
(23.392311, 22.461403, 0.0)
(23.383516, 22.458321, 0.0)
(23.382692, 22.427929, 0.0)
(23.372093, 22.427872, 0.0)
(23.360334, 22.438677, 0.0)
(23.358240, 22.466314, 0.0)
(23.358175, 22.452747, 0.0)
(25.595600, 22.004292, 0.0)
(25.768436, 22.005196, 0.0)
(25.715818, 21.988670, 0.0)
(25.725685, 21.955547, 0.0)
(25.742882, 21.921152, 0.0)
(25.771219, 21.925478, 0.0)
(25.769958, 21.921452, 0.0)
(25.020868, 22.725328, 0.0)
(22.663223, 24.353691, 0.0)
(22.617039, 24.495895, 0.0)
(22.601883, 24.542006, 0.0)
(22.562639, 24.487812, 0.0)
(22.531532, 24.509205, 0.0)
(22.519213, 24.576990, 0.0)
(22.018463, 24.875908, 0.0)
(21.957373, 24.906609, 0.0)
(21.965490, 24.900951, 0.0)
(21.973162, 24.902374, 0.0)
(21.973309, 24.926470, 0.0)
(21.983732, 24.924074, 0.0)
(22.170668, 24.741293, 0.0)
(22.135748, 24.657465, 0.0)
(22.126802, 24.661674, 0.0)
(22.135519, 24.684368, 0.0)
(22.141790, 24.696516, 0.0)
(22.143682, 24.699696, 0.0)
(22.141691, 24.708193, 0.0)
(22.138985, 24.711742, 0.0)
(22.132624, 24.724878, 0.0)
(22.131128, 24.740435, 0.0)
(22.134308, 24.759420, 0.0)
(22.130350, 24.771641, 0.0)
(22.093754, 24.832344, 0.0)
(22.081743, 24.817610, 0.0)
(22.098719, 24.788086, 0.0)
(22.129042, 24.795206, 0.0)
(22.141098, 24.734417, 0.0)
(22.178860, 24.701933, 0.0)
(22.184635, 24.695312, 0.0)
(22.192755, 24.692730, 0.0)
(22.232412, 24.699579, 0.0)
(22.248301, 24.703030, 0.0)
(22.238314, 24.633986, 0.0)
(22.257685, 24.646732, 0.0)
(22.267048, 24.660999, 0.0)
(22.258240, 24.711224, 0.0)
(25.700714, 24.739695, 0.0)
(30.125416, 25.129820, 0.0)
(30.348078, 25.171156, 0.0)
(30.324055, 25.171946, 0.0)
(30.318256, 25.150190, 0.0)
(30.292627, 25.135227, 0.0)
(30.287018, 25.095404, 0.0)
(30.287073, 25.122292, 0.0)
(30.288286, 25.139597, 0.0)
(30.262764, 25.145908, 0.0)
(30.275425, 25.156736, 0.0)
(30.275326, 25.156588, 0.0)
(30.268135, 25.177759, 0.0)
(30.257292, 25.192585, 0.0)
(30.264544, 25.137922, 0.0)
(30.171305, 25.033291, 0.0)
(30.170988, 25.021698, 0.0)
(30.142406, 25.034441, 0.0)
(30.136816, 25.027788, 0.0)
(30.135136, 25.044415, 0.0)
(30.116064, 25.078487, 0.0)
(30.140760, 25.064611, 0.0)
(30.136230, 25.008434, 0.0)
(30.129131, 24.975719, 0.0)
(30.134453, 24.991611, 0.0)
(30.109591, 25.006836, 0.0)
(30.090698, 25.051197, 0.0)
(30.097572, 25.021267, 0.0)
(30.070940, 25.060722, 0.0)
(30.043390, 25.061516, 0.0)
(30.042177, 25.057890, 0.0)
(30.038956, 25.036310, 0.0)
(30.030634, 25.029247, 0.0)
(30.023766, 25.035686, 0.0)
(30.017624, 25.036461, 0.0)
(30.014853, 25.047554, 0.0)
(33.858513, 25.473463, 0.0)
(38.017056, 26.987595, 0.0)
(38.791164, 27.437181, 0.0)
(38.795063, 27.450813, 0.0)
(38.755226, 27.425255, 0.0)
(38.756912, 27.448069, 0.0)
(38.776932, 27.488716, 0.0)
(38.779549, 27.519047, 0.0)
(38.774765, 27.576296, 0.0)
(38.729301, 27.604856, 0.0)
(38.730003, 27.578648, 0.0)
(38.763199, 27.582638, 0.0)
(38.762230, 27.617983, 0.0)
(38.781048, 27.643114, 0.0)
(38.766735, 27.642557, 0.0)
(38.747761, 27.646410, 0.0)
(38.735321, 27.658436, 0.0)
(38.736633, 27.695023, 0.0)
(38.688026, 27.723967, 0.0)
(38.651016, 27.657873, 0.0)
(38.630775, 27.679214, 0.0)
(38.605713, 27.766859, 0.0)
(38.555794, 27.817057, 0.0)
(38.500111, 27.827303, 0.0)
(38.491394, 27.837570, 0.0)
(38.481667, 27.834356, 0.0)
(38.470337, 27.826235, 0.0)
(38.470600, 27.800081, 0.0)
(38.485615, 27.792891, 0.0)
(38.474590, 27.815384, 0.0)
(38.474945, 27.820482, 0.0)
(38.465595, 27.825754, 0.0)
(38.479336, 27.812538, 0.0)
(38.484890, 27.786686, 0.0)
(38.483150, 27.803194, 0.0)
(38.456116, 27.850906, 0.0)
(38.466469, 27.826801, 0.0)
(38.487034, 27.761442, 0.0)
(36.403488, 26.795351, 0.0)
(30.235067, 23.416557, 0.0)
(25.483807, 23.691172, 0.0)
(22.867247, 25.171185, 0.0)
(22.091261, 25.420950, 0.0)
(21.971643, 25.481270, 0.0)
(21.914789, 25.465519, 0.0)
(21.000849, 25.132359, 0.0)
(20.765341, 24.709921, 0.0)
(20.720142, 24.713734, 0.0)
(20.641558, 24.747246, 0.0)
(20.632587, 24.745628, 0.0)
(20.349451, 24.447124, 0.0)
(20.333858, 24.437571, 0.0)
(20.353495, 24.429573, 0.0)
(20.361767, 24.448786, 0.0)
(20.338987, 24.430592, 0.0)
(20.340895, 24.423241, 0.0)
(20.340183, 24.427725, 0.0)
(20.316566, 24.458193, 0.0)
(20.309097, 24.468178, 0.0)
(20.288418, 24.501625, 0.0)
(20.276722, 24.458120, 0.0)
(20.292450, 24.464075, 0.0)
(20.308004, 24.450958, 0.0)
(20.300714, 24.423069, 0.0)
(20.304331, 24.421686, 0.0)
(20.292639, 24.413160, 0.0)
(20.296051, 24.444824, 0.0)
(20.305658, 24.479486, 0.0)
(20.291138, 24.438238, 0.0)
(20.287130, 24.410795, 0.0)
(20.302185, 24.411066, 0.0)
(20.289415, 24.449982, 0.0)
(20.283613, 24.439135, 0.0)
(22.486532, 23.709780, 0.0)
(22.598995, 23.710358, 0.0)
(22.591633, 23.705521, 0.0)
(22.440634, 26.648674, 0.0)
(22.999018, 28.945694, 0.0)
(22.984694, 29.105358, 0.0)
(22.877153, 29.146894, 0.0)
(22.872961, 29.251835, 0.0)
(23.098486, 29.408442, 0.0)
(23.296785, 29.619377, 0.0)
(23.287582, 29.681652, 0.0)
(23.277399, 29.743126, 0.0)
(23.272787, 29.796864, 0.0)
(23.274511, 29.855818, 0.0)
(23.237217, 29.885963, 0.0)
(23.159544, 29.796890, 0.0)
(23.231449, 29.489056, 0.0)
(23.399639, 29.577486, 0.0)
(23.483080, 29.522993, 0.0)
(23.569668, 29.547499, 0.0)
(23.562635, 29.578632, 0.0)
(23.529203, 29.705111, 0.0)
(23.522179, 29.750404, 0.0)
(23.504959, 29.754007, 0.0)
(23.487951, 29.745436, 0.0)
(23.511936, 29.779804, 0.0)
(23.467451, 29.802322, 0.0)
(23.451397, 29.823723, 0.0)
(23.457283, 29.827744, 0.0)
(23.457506, 29.845411, 0.0)
(23.466337, 29.829014, 0.0)
(23.503056, 29.796398, 0.0)
(23.513908, 29.785900, 0.0)
(23.525471, 29.798733, 0.0)
(23.528833, 29.821926, 0.0)
(23.538969, 29.840736, 0.0)
(23.524042, 29.844793, 0.0)
(23.540991, 29.848948, 0.0)
(23.537066, 29.840551, 0.0)
(23.534609, 29.854675, 0.0)
(23.861858, 29.700224, 0.0)
(28.597181, 27.336609, 0.0)
(29.630133, 27.006676, 0.0)
(29.761711, 26.964037, 0.0)
(29.760853, 26.947218, 0.0)
(29.756102, 26.965153, 0.0)
(29.764933, 26.965193, 0.0)
(30.395790, 26.436413, 0.0)
(30.506161, 26.383825, 0.0)
(30.485514, 26.359322, 0.0)
(30.473696, 26.377672, 0.0)
(30.468323, 26.403790, 0.0)
(30.437387, 26.397545, 0.0)
(30.437191, 26.411184, 0.0)
(30.440365, 26.408003, 0.0)
(30.420532, 26.404093, 0.0)
(30.432144, 26.421970, 0.0)
(30.433523, 26.421238, 0.0)
(30.429308, 26.400654, 0.0)
(30.421793, 26.406855, 0.0)
(30.410046, 26.418745, 0.0)
(30.390142, 26.443806, 0.0)
(30.367023, 26.440180, 0.0)
(30.336376, 26.438141, 0.0)
(30.394196, 26.344042, 0.0)
(31.417284, 25.303104, 0.0)
(31.490458, 25.238485, 0.0)
(31.454811, 25.240065, 0.0)
(31.444416, 25.222355, 0.0)
(31.433701, 25.214502, 0.0)
(31.414761, 25.228470, 0.0)
(30.914019, 25.673803, 0.0)
(30.904680, 25.761616, 0.0)
(30.904655, 25.745853, 0.0)
(30.889845, 25.734875, 0.0)
(30.897036, 25.735254, 0.0)
(30.891264, 25.748098, 0.0)
(34.160488, 26.292982, 0.0)
(37.895267, 27.994881, 0.0)
(37.991493, 28.226387, 0.0)
(37.973343, 28.146671, 0.0)
(37.969078, 28.103289, 0.0)
(37.947315, 28.053156, 0.0)
(38.724659, 28.551060, 0.0)
(38.800705, 28.643198, 0.0)
(38.777653, 28.640160, 0.0)
(38.808289, 28.700930, 0.0)
(38.805786, 28.742727, 0.0)
(38.800842, 28.788561, 0.0)
(38.823795, 28.748974, 0.0)
(38.814754, 28.767265, 0.0)
(38.832523, 28.789879, 0.0)
(38.844982, 28.792435, 0.0)
(38.839115, 28.817274, 0.0)
(38.811897, 28.826607, 0.0)
(38.825329, 28.832821, 0.0)
(38.818321, 28.853951, 0.0)
(38.816143, 28.839186, 0.0)
(38.814644, 28.803419, 0.0)
(38.791462, 28.785000, 0.0)
(38.788685, 28.772921, 0.0)
(38.799225, 28.795712, 0.0)
(38.759670, 28.804806, 0.0)
(38.748081, 28.780634, 0.0)
(38.765453, 28.778900, 0.0)
(38.760426, 28.809160, 0.0)
(38.739021, 28.828535, 0.0)
(38.732609, 28.805159, 0.0)
(38.737919, 28.786634, 0.0)
(38.739971, 28.765081, 0.0)
(38.746719, 28.740414, 0.0)
(38.753040, 28.733747, 0.0)
(38.745758, 28.747822, 0.0)
(38.751446, 28.721184, 0.0)
(38.739563, 28.731024, 0.0)
(35.426819, 24.054291, 0.0)
(31.517794, 20.101166, 0.0)
(30.792404, 19.336473, 0.0)
(30.636147, 19.467936, 0.0)
(30.546928, 19.511087, 0.0)
(29.688154, 18.890091, 0.0)
(29.643187, 18.847227, 0.0)
(29.593752, 18.795948, 0.0)
(29.571552, 18.739040, 0.0)
(29.515509, 18.697006, 0.0)
(29.492918, 18.706274, 0.0)
(29.469994, 18.679014, 0.0)
(29.434793, 18.675922, 0.0)
(29.412388, 18.618683, 0.0)
(29.390493, 18.604427, 0.0)
(29.345596, 18.631203, 0.0)
(29.295786, 18.614595, 0.0)
(29.241642, 18.613060, 0.0)
(29.169943, 18.605911, 0.0)
(29.134853, 18.621792, 0.0)
(29.101835, 18.641617, 0.0)
(29.228800, 18.739058, 0.0)
(31.221207, 20.121761, 0.0)
(31.197969, 20.294884, 0.0)
(31.134018, 20.284910, 0.0)
(31.064457, 20.294018, 0.0)
(31.016701, 20.303818, 0.0)
(30.971882, 20.311342, 0.0)
(30.961538, 20.343243, 0.0)
(30.889799, 20.341665, 0.0)
(30.875095, 20.365438, 0.0)
(30.861116, 20.414265, 0.0)
(30.820745, 20.344221, 0.0)
(30.828789, 20.339087, 0.0)
(30.816916, 20.363098, 0.0)
(30.800552, 20.354555, 0.0)
(30.791512, 20.328539, 0.0)
(34.989609, 20.051081, 0.0)
(39.480408, 20.473202, 0.0)
(42.006664, 22.064312, 0.0)
(42.354073, 22.352282, 0.0)
(42.307899, 22.238609, 0.0)
(42.274883, 22.193720, 0.0)
(42.273476, 22.253115, 0.0)
(43.191307, 22.620087, 0.0)
(43.467983, 22.820066, 0.0)
(43.385029, 22.773258, 0.0)
(43.359283, 22.746460, 0.0)
(43.296371, 22.680515, 0.0)
(43.187229, 22.579927, 0.0)
(43.054050, 22.500338, 0.0)
(42.975357, 22.897436, 0.0)
(43.004875, 23.062124, 0.0)
(43.027214, 23.061340, 0.0)
(43.026688, 23.068575, 0.0)
(43.014866, 23.103079, 0.0)
(43.003414, 23.125612, 0.0)
(42.948994, 23.102770, 0.0)
(42.937714, 23.127306, 0.0)
(42.937267, 23.159649, 0.0)
(42.910652, 23.167297, 0.0)
(42.867138, 23.167889, 0.0)
(42.876579, 23.100948, 0.0)
(42.386913, 23.234715, 0.0)
(41.075916, 23.772009, 0.0)
(41.039494, 23.839039, 0.0)
(41.028023, 23.791821, 0.0)
(41.013592, 23.828005, 0.0)
(41.010338, 23.831831, 0.0)
(41.030933, 23.853258, 0.0)
(41.022480, 23.843754, 0.0)
(41.006939, 23.813198, 0.0)
(41.026180, 23.839157, 0.0)
(40.996044, 23.900211, 0.0)
(40.951126, 23.896761, 0.0)
(40.966579, 23.919699, 0.0)
(40.866112, 21.000145, 0.0)
(41.116222, 19.325159, 0.0)
(41.054337, 19.310059, 0.0)
(41.012630, 19.337044, 0.0)
(40.960583, 19.308605, 0.0)
(40.675919, 18.748844, 0.0)
(40.561520, 18.526051, 0.0)
(40.531475, 18.523920, 0.0)
(40.474377, 18.488039, 0.0)
(40.424763, 18.455370, 0.0)
(40.394711, 18.433611, 0.0)
(40.365368, 18.369907, 0.0)
(40.420929, 18.296034, 0.0)
(40.423668, 18.262695, 0.0)
(40.429592, 18.201912, 0.0)
(40.444847, 18.139471, 0.0)
(40.434742, 18.099113, 0.0)
(40.373333, 18.083282, 0.0)
(40.438560, 18.083971, 0.0)
(40.415882, 18.055426, 0.0)
(40.302010, 18.081884, 0.0)
(39.666023, 20.445827, 0.0)
(39.382835, 22.783136, 0.0)
(39.256863, 23.257578, 0.0)
(39.243546, 23.266727, 0.0)
(39.205822, 23.262243, 0.0)
(39.189041, 23.270359, 0.0)
(39.200558, 23.292688, 0.0)
(39.208218, 23.271156, 0.0)
(39.212830, 23.274012, 0.0)
(39.219673, 23.269394, 0.0)
(39.216137, 23.296450, 0.0)
(39.235302, 23.312517, 0.0)
(39.225792, 23.317722, 0.0)
(39.227280, 23.346348, 0.0)
(39.196373, 23.348055, 0.0)
(39.176289, 23.344652, 0.0)
(38.536674, 23.684559, 0.0)
(33.494740, 24.771420, 0.0)
(28.921761, 26.280100, 0.0)
(25.714258, 28.489355, 0.0)
(24.273951, 30.128550, 0.0)
(24.195877, 30.248501, 0.0)
(24.151941, 30.215902, 0.0)
(24.085596, 30.278116, 0.0)
(24.042463, 30.311298, 0.0)
(24.029034, 30.349022, 0.0)
(23.978607, 30.276072, 0.0)
(23.960161, 30.282549, 0.0)
(23.978981, 30.285770, 0.0)
(23.926973, 30.345633, 0.0)
(23.922928, 30.368185, 0.0)
(24.652523, 28.725397, 0.0)
(25.842848, 27.735142, 0.0)
(25.880709, 27.722027, 0.0)
(25.809204, 27.779085, 0.0)
(25.788044, 27.754654, 0.0)
(26.506990, 26.199606, 0.0)
(28.733324, 21.460854, 0.0)
(29.396305, 20.719419, 0.0)
(29.377813, 20.769009, 0.0)
(29.289919, 20.805162, 0.0)
(29.251274, 20.820553, 0.0)
(29.203005, 20.880072, 0.0)
(29.182943, 20.916794, 0.0)
(29.170950, 20.902946, 0.0)
(29.161615, 20.882771, 0.0)
(29.170897, 20.857435, 0.0)
(29.206884, 20.849882, 0.0)
(29.212250, 20.816580, 0.0)
(29.189827, 20.786068, 0.0)
(29.192265, 20.792435, 0.0)
(29.158331, 20.804672, 0.0)
(28.694292, 21.479012, 0.0)
(27.471357, 22.440502, 0.0)
(27.447882, 22.486111, 0.0)
(27.504318, 22.434572, 0.0)
(27.508902, 22.454153, 0.0)
(27.480648, 22.462542, 0.0)
(27.129841, 22.468817, 0.0)
(27.133163, 22.476965, 0.0)
(27.160330, 22.460320, 0.0)
(27.170650, 22.449722, 0.0)
(27.167488, 22.438320, 0.0)
(27.133808, 22.427618, 0.0)
(27.150276, 22.399473, 0.0)
(27.123016, 22.413321, 0.0)
(27.105391, 22.413143, 0.0)
(27.095146, 22.433207, 0.0)
(27.101019, 22.444160, 0.0)
(27.088896, 22.452087, 0.0)
(27.029284, 22.458288, 0.0)
(26.988825, 22.471794, 0.0)
(26.960545, 22.511532, 0.0)
(26.937113, 22.512581, 0.0)
(26.919741, 22.520081, 0.0)
(26.881588, 22.544432, 0.0)
(26.855997, 22.560373, 0.0)
(26.867090, 22.530981, 0.0)
(26.883694, 22.532057, 0.0)
(26.873133, 22.507298, 0.0)
(26.900772, 22.451599, 0.0)
(26.911343, 22.448351, 0.0)
(26.916576, 22.470472, 0.0)
(26.933239, 22.468420, 0.0)
(26.931112, 22.465916, 0.0)
(26.905224, 22.449270, 0.0)
(26.930340, 22.462328, 0.0)
(26.913813, 22.472132, 0.0)
(26.913813, 22.472132, 0.0)
(26.913517, 22.479353, 0.0)
(26.930164, 22.550449, 0.0)
(30.621658, 24.968987, 0.0)
(33.220516, 28.444786, 0.0)
(34.039944, 30.633146, 0.0)
(33.915352, 30.782869, 0.0)
(33.756676, 30.784706, 0.0)
(33.743370, 30.888264, 0.0)
(34.344387, 31.766964, 0.0)
(34.407879, 31.990211, 0.0)
(34.381351, 32.061298, 0.0)
(34.321800, 32.149193, 0.0)
(34.314552, 32.189903, 0.0)
(34.300293, 32.218510, 0.0)
(34.319809, 32.269764, 0.0)
(34.306763, 32.271187, 0.0)
(34.291573, 32.273373, 0.0)
(34.266735, 32.299301, 0.0)
(34.202156, 32.349586, 0.0)
(34.156067, 32.319767, 0.0)
(34.169857, 32.324940, 0.0)
(34.134453, 32.337585, 0.0)
(34.086830, 32.323811, 0.0)
(34.077179, 32.324749, 0.0)
(34.033218, 32.343655, 0.0)
(34.024601, 32.350780, 0.0)
(34.012569, 32.369999, 0.0)
(33.972038, 32.352264, 0.0)
(33.948799, 32.332882, 0.0)
(33.973682, 32.317055, 0.0)
(33.956047, 32.401443, 0.0)
(33.914642, 32.396732, 0.0)
(33.911034, 32.337688, 0.0)
(33.903656, 32.334778, 0.0)
(33.895416, 32.342754, 0.0)
(33.889172, 32.335365, 0.0)
(33.888878, 32.300610, 0.0)
(33.875427, 32.283035, 0.0)
(33.846004, 32.305885, 0.0)
(33.828159, 32.315823, 0.0)
(34.463692, 30.924795, 0.0)
(37.274742, 24.490465, 0.0)
(39.702545, 22.200308, 0.0)
(41.305500, 21.467285, 0.0)
(41.611866, 21.323570, 0.0)
(41.674824, 21.323288, 0.0)
(41.790657, 21.089350, 0.0)
(42.501072, 20.654690, 0.0)
(42.537853, 20.604233, 0.0)
(42.516277, 20.571861, 0.0)
(42.495586, 20.517057, 0.0)
(42.485924, 20.534096, 0.0)
(42.439320, 20.458458, 0.0)
(42.443291, 20.407722, 0.0)
(42.481194, 20.445112, 0.0)
(42.480762, 20.439911, 0.0)
(42.474022, 20.402220, 0.0)
(42.482136, 20.366587, 0.0)
(42.485966, 20.346941, 0.0)
(42.502487, 20.315207, 0.0)
(42.499428, 20.289539, 0.0)
(42.499783, 20.268854, 0.0)
(42.495804, 20.267277, 0.0)
(41.711605, 20.064362, 0.0)
(41.489834, 20.149778, 0.0)
(41.514828, 20.144604, 0.0)
(41.542576, 20.089693, 0.0)
(41.598156, 20.056284, 0.0)
(41.600212, 20.040525, 0.0)
(41.613773, 20.021141, 0.0)
(41.277786, 19.906553, 0.0)
(40.263546, 19.371822, 0.0)
(40.229916, 19.420212, 0.0)
(40.272957, 19.414700, 0.0)
(40.304482, 19.393553, 0.0)
(40.357311, 19.386223, 0.0)
(40.429646, 19.444696, 0.0)
(42.365314, 23.537737, 0.0)
(43.371223, 26.953180, 0.0)
(43.328339, 27.192730, 0.0)
(43.355782, 27.091324, 0.0)
(43.325386, 27.098162, 0.0)
(43.328453, 27.085674, 0.0)
(43.351501, 27.131050, 0.0)
(43.317944, 27.148922, 0.0)
(43.311207, 27.261402, 0.0)
(43.283436, 27.310530, 0.0)
(43.290035, 27.363260, 0.0)
(43.271152, 27.363800, 0.0)
(43.279644, 27.390781, 0.0)
(43.301441, 27.427313, 0.0)
(43.314892, 27.350611, 0.0)
(43.285324, 27.429266, 0.0)
(43.273293, 27.458588, 0.0)
(42.926865, 27.370373, 0.0)
(42.882809, 27.352716, 0.0)
(42.865814, 27.370209, 0.0)
(42.878201, 27.381403, 0.0)
(42.860744, 27.343227, 0.0)
(42.869183, 27.354776, 0.0)
(42.850662, 27.364557, 0.0)
(42.829964, 27.380251, 0.0)
(42.821312, 27.352631, 0.0)
(42.870163, 27.337379, 0.0)
(42.917744, 27.370052, 0.0)
(42.905270, 27.357506, 0.0)
(42.876945, 27.340195, 0.0)
(42.866283, 27.300428, 0.0)
(42.829037, 27.334682, 0.0)
(42.837223, 27.359634, 0.0)
(42.801945, 27.358429, 0.0)
(42.777885, 27.315748, 0.0)
(42.764534, 27.291262, 0.0)
(42.743855, 27.335552, 0.0)
(38.875828, 28.031416, 0.0)
(35.537727, 29.689749, 0.0)
(33.222942, 31.991987, 0.0)
(32.821335, 32.641529, 0.0)
(32.691776, 32.659809, 0.0)
(32.045872, 32.684750, 0.0)
(31.526794, 32.505997, 0.0)
(31.423685, 32.504292, 0.0)
(31.336962, 32.525066, 0.0)
(31.272865, 32.564354, 0.0)
(31.223896, 32.595501, 0.0)
(31.186426, 32.636673, 0.0)
(31.154406, 32.680080, 0.0)
(31.136892, 32.691296, 0.0)
(31.118401, 32.665844, 0.0)
(31.150602, 32.638283, 0.0)
(31.456564, 32.307133, 0.0)
(31.464231, 32.256275, 0.0)
(31.437002, 32.267204, 0.0)
(31.404110, 32.259052, 0.0)
(31.331415, 32.275532, 0.0)
(31.310263, 32.270142, 0.0)
(31.259846, 32.296581, 0.0)
(30.895359, 31.919725, 0.0)
(30.858072, 31.901731, 0.0)
(30.809113, 31.932911, 0.0)
(30.777115, 31.925554, 0.0)
(30.761639, 31.914354, 0.0)
(30.724371, 31.919538, 0.0)
(30.704399, 31.905882, 0.0)
(30.698996, 31.878693, 0.0)
(30.698469, 31.871264, 0.0)
(30.692434, 31.867483, 0.0)
(30.687801, 31.868460, 0.0)
(30.673523, 31.884886, 0.0)
(30.669333, 31.899736, 0.0)
(30.657822, 31.886480, 0.0)
(30.666689, 31.913416, 0.0)
(31.013744, 30.550238, 0.0)
(32.319767, 23.075399, 0.0)
(33.559395, 19.466543, 0.0)
(34.214951, 18.191675, 0.0)
(34.321381, 18.219131, 0.0)
(34.304482, 18.270926, 0.0)
(34.390533, 18.233631, 0.0)
(35.026310, 17.516588, 0.0)
(35.015289, 17.451311, 0.0)
(34.998402, 17.360828, 0.0)
(35.024761, 17.317799, 0.0)
(35.014732, 17.248386, 0.0)
(34.981766, 17.241598, 0.0)
(34.979252, 17.201744, 0.0)
(34.897732, 17.146164, 0.0)
(34.882580, 17.118937, 0.0)
(34.847225, 17.113539, 0.0)
(34.823730, 17.059109, 0.0)
(34.828651, 17.041471, 0.0)
(34.803120, 17.094641, 0.0)
(34.768608, 17.162704, 0.0)
(34.707928, 17.198736, 0.0)
(34.698254, 17.208239, 0.0)
(34.693848, 17.207197, 0.0)
(34.687477, 17.215406, 0.0)
(34.705765, 17.210865, 0.0)
(34.741245, 17.198492, 0.0)
(34.748768, 17.191902, 0.0)
(34.770226, 17.205416, 0.0)
(34.785812, 17.225037, 0.0)
(35.345276, 17.684387, 0.0)
(35.394096, 17.855993, 0.0)
(35.359474, 17.874277, 0.0)
(35.344189, 17.899240, 0.0)
(35.321293, 17.863232, 0.0)
(35.316929, 17.772894, 0.0)
(35.338814, 17.781149, 0.0)
(33.766655, 20.237949, 0.0)
(29.855396, 24.379068, 0.0)
(27.471149, 27.501604, 0.0)
(26.978313, 28.242615, 0.0)
(26.830183, 28.323700, 0.0)
(26.712910, 28.410877, 0.0)
(26.608131, 28.414392, 0.0)
(26.397518, 28.525126, 0.0)
(25.637117, 28.822025, 0.0)
(25.430079, 28.793417, 0.0)
(25.386541, 28.789940, 0.0)
(25.382257, 28.876791, 0.0)
(25.343723, 28.954645, 0.0)
(25.326187, 29.026205, 0.0)
(25.286928, 29.045441, 0.0)
(25.268621, 29.072769, 0.0)
(25.246962, 29.081610, 0.0)
(25.237780, 29.096214, 0.0)
(25.201284, 29.144938, 0.0)
(25.197426, 29.155909, 0.0)
(25.167309, 29.158636, 0.0)
(25.179985, 29.187757, 0.0)
(25.148657, 29.195356, 0.0)
(25.116373, 29.214632, 0.0)
(25.112839, 29.183064, 0.0)
(25.927809, 29.098293, 0.0)
(25.979179, 29.105118, 0.0)
(25.961700, 29.093546, 0.0)
(25.949095, 29.089415, 0.0)
(25.941626, 29.098776, 0.0)
(25.951830, 29.110737, 0.0)
(25.946247, 29.146788, 0.0)
(25.927368, 29.110073, 0.0)
(25.939604, 29.075520, 0.0)
(25.932661, 29.103411, 0.0)
(25.915792, 29.116507, 0.0)
(25.911997, 29.121349, 0.0)
(25.918503, 29.110075, 0.0)
(28.031803, 27.543312, 0.0)
(33.668545, 24.493019, 0.0)
(38.289017, 23.537413, 0.0)
(40.518803, 23.562740, 0.0)
(40.592182, 23.505466, 0.0)
(40.592720, 23.446053, 0.0)
(40.604851, 23.386707, 0.0)
(40.620842, 23.390175, 0.0)
(40.636242, 23.366291, 0.0)
(40.638714, 23.369358, 0.0)
(40.654839, 23.404066, 0.0)
(40.648590, 23.370979, 0.0)
(40.651424, 23.367950, 0.0)
(40.941212, 23.020779, 0.0)
(40.991245, 22.885324, 0.0)
(41.025391, 22.888321, 0.0)
(41.027191, 22.896801, 0.0)
(41.014683, 22.886843, 0.0)
(40.958561, 22.892809, 0.0)
(40.907574, 22.881865, 0.0)
(40.879539, 22.902174, 0.0)
(40.874039, 22.962429, 0.0)
(40.796139, 22.979528, 0.0)
(40.768787, 22.922596, 0.0)
(40.750912, 22.977278, 0.0)
(40.714695, 23.031015, 0.0)
(40.693295, 23.100769, 0.0)
(40.670242, 23.124825, 0.0)
(40.661011, 23.138237, 0.0)
(40.655945, 23.152954, 0.0)
(40.628181, 23.151440, 0.0)
(40.613903, 23.170662, 0.0)
(40.603573, 23.153257, 0.0)
(40.574448, 23.156813, 0.0)
(40.562180, 23.181189, 0.0)
(40.474983, 23.191801, 0.0)
(37.529755, 21.980080, 0.0)
(34.527321, 20.518921, 0.0)
(34.582809, 20.681257, 0.0)
(34.636696, 20.755136, 0.0)
(34.620880, 20.762383, 0.0)
(34.618301, 20.673861, 0.0)
(34.693104, 20.661539, 0.0)
(34.722149, 20.619219, 0.0)
(34.754768, 20.585838, 0.0)
(34.739510, 20.549454, 0.0)
(34.725529, 20.499088, 0.0)
(34.767704, 20.535475, 0.0)
(34.777725, 20.551632, 0.0)
(34.750828, 20.511457, 0.0)
(34.761292, 20.457733, 0.0)
(34.812992, 20.426964, 0.0)
(34.782875, 20.468269, 0.0)
(34.742054, 20.464014, 0.0)
(34.898922, 20.349859, 0.0)
(35.199398, 19.881176, 0.0)
(35.210396, 19.834635, 0.0)
(35.193634, 19.822071, 0.0)
(35.176605, 19.819706, 0.0)
(35.142693, 19.774521, 0.0)
(35.122833, 19.772356, 0.0)
(35.082314, 19.782230, 0.0)
(35.055347, 19.788233, 0.0)
(34.996960, 19.815981, 0.0)
(34.982368, 19.825710, 0.0)
(34.975220, 19.827005, 0.0)
(34.949829, 19.827227, 0.0)
(34.923733, 19.829512, 0.0)
(34.917671, 19.804218, 0.0)
(34.935497, 19.790913, 0.0)
(34.926102, 19.791103, 0.0)
(34.898956, 19.780083, 0.0)
(34.888603, 19.770456, 0.0)
(34.843952, 19.771114, 0.0)
(32.768749, 21.668823, 0.0)
(29.802505, 24.446611, 0.0)
(29.563408, 24.832542, 0.0)
(29.468943, 24.806862, 0.0)
(28.882647, 25.690863, 0.0)
(28.350595, 26.381998, 0.0)
(28.226713, 26.464016, 0.0)
(28.138145, 26.514700, 0.0)
(28.055073, 26.559530, 0.0)
(27.967085, 26.628492, 0.0)
(27.847870, 26.671043, 0.0)
(27.747818, 26.715044, 0.0)
(27.667982, 26.756285, 0.0)
(27.629782, 26.732418, 0.0)
(27.559885, 26.772238, 0.0)
(27.519867, 26.819414, 0.0)
(27.482948, 26.836151, 0.0)
(27.413700, 26.934704, 0.0)
(27.353056, 26.989262, 0.0)
(27.311169, 27.006050, 0.0)
(27.298342, 27.007723, 0.0)
(27.228342, 27.021616, 0.0)
(27.192347, 27.012239, 0.0)
(27.179790, 27.021038, 0.0)
(27.152975, 27.104580, 0.0)
(27.117678, 27.118387, 0.0)
(27.092583, 27.121134, 0.0)
(27.104507, 27.147396, 0.0)
(27.109566, 27.149509, 0.0)
(27.099352, 27.125235, 0.0)
(27.094110, 27.093763, 0.0)
(27.100201, 27.073833, 0.0)
(27.122177, 27.084642, 0.0)
(27.159880, 27.070616, 0.0)
(27.132435, 27.082563, 0.0)
(27.153732, 27.045773, 0.0)
(27.185944, 27.074060, 0.0)
(27.256294, 27.072420, 0.0)
(31.851250, 24.996998, 0.0)
(35.361866, 24.263235, 0.0)
(35.512859, 24.263636, 0.0)
(35.515114, 24.275753, 0.0)
(35.526588, 24.243345, 0.0)
(35.725128, 24.198545, 0.0)
(36.334038, 24.037104, 0.0)
(36.379501, 24.048105, 0.0)
(36.414505, 24.029465, 0.0)
(36.424397, 24.034349, 0.0)
(36.402679, 24.052399, 0.0)
(36.404289, 24.065203, 0.0)
(36.416801, 24.077402, 0.0)
(36.400299, 24.109308, 0.0)
(36.373917, 24.082418, 0.0)
(36.406494, 24.056490, 0.0)
(36.426247, 24.053745, 0.0)
(36.422638, 24.023161, 0.0)
(36.412655, 24.005383, 0.0)
(36.424034, 23.993780, 0.0)
(36.416138, 24.017857, 0.0)
(36.436310, 24.018301, 0.0)
(36.393745, 24.014118, 0.0)
(36.380470, 23.985189, 0.0)
(36.386627, 23.995390, 0.0)
(36.343239, 24.015717, 0.0)
(36.301216, 24.031551, 0.0)
(36.298550, 24.025190, 0.0)
(36.280052, 24.060669, 0.0)
(36.277851, 24.035231, 0.0)
(36.275146, 24.013756, 0.0)
(36.286148, 23.988049, 0.0)
(36.271397, 23.969727, 0.0)
(36.257870, 23.973394, 0.0)
(36.246765, 23.978767, 0.0)
(36.242874, 23.987261, 0.0)
(36.220421, 23.986404, 0.0)
(36.219219, 23.996830, 0.0)
(36.498074, 23.644464, 0.0)
(39.556244, 21.206972, 0.0)
(41.908871, 21.013268, 0.0)
(42.096680, 20.963034, 0.0)
(42.046326, 20.975771, 0.0)
(41.994080, 20.990370, 0.0)
(41.924809, 20.980801, 0.0)
(42.007950, 20.761831, 0.0)
(42.012306, 20.512363, 0.0)
(41.782894, 20.146172, 0.0)
(41.796635, 20.048483, 0.0)
(41.817642, 20.071743, 0.0)
(41.833324, 20.112902, 0.0)
(41.856995, 20.111067, 0.0)
(41.838470, 20.177816, 0.0)
(41.850037, 20.136917, 0.0)
(41.848061, 20.145988, 0.0)
(41.825993, 20.219528, 0.0)
(41.795860, 20.264223, 0.0)
(41.761490, 20.299837, 0.0)
(41.696812, 20.325176, 0.0)
(41.669666, 20.312630, 0.0)
(41.649708, 20.307186, 0.0)
(41.652817, 20.302486, 0.0)
(41.648991, 20.301991, 0.0)
(41.638126, 20.289440, 0.0)
(41.601048, 20.289446, 0.0)
(41.241055, 20.422033, 0.0)
(41.193863, 20.462944, 0.0)
(41.193089, 20.472155, 0.0)
(41.152744, 20.480793, 0.0)
(41.173538, 20.529112, 0.0)
(41.151962, 20.551334, 0.0)
(41.133827, 20.530697, 0.0)
(41.167877, 20.499435, 0.0)
(41.211433, 20.486168, 0.0)
(41.218082, 20.480743, 0.0)
(41.240223, 20.461468, 0.0)
(41.248337, 20.442616, 0.0)
(41.250523, 20.522131, 0.0)
(39.657661, 21.667263, 0.0)
(36.218815, 24.186319, 0.0)
(33.491726, 25.963522, 0.0)
(31.627296, 27.416761, 0.0)
(31.424625, 27.564510, 0.0)
(31.272322, 27.579584, 0.0)
(29.238167, 28.531834, 0.0)
(25.325411, 29.864185, 0.0)
(24.477043, 30.331478, 0.0)
(24.322729, 30.467167, 0.0)
(24.277388, 30.483509, 0.0)
(24.216902, 30.533678, 0.0)
(24.157778, 30.536888, 0.0)
(24.122908, 30.566727, 0.0)
(24.114649, 30.581310, 0.0)
(24.168730, 30.714127, 0.0)
(24.308275, 31.158987, 0.0)
(24.304020, 31.232456, 0.0)
(24.263632, 31.208248, 0.0)
(24.249910, 31.174845, 0.0)
(24.282930, 31.457005, 0.0)
(24.401239, 31.612488, 0.0)
(24.387859, 31.598373, 0.0)
(24.389517, 31.591354, 0.0)
(24.375469, 31.606003, 0.0)
(24.377285, 31.617714, 0.0)
(24.395620, 31.641792, 0.0)
(24.361383, 31.630770, 0.0)
(24.319136, 31.598866, 0.0)
(24.372410, 31.630846, 0.0)
(24.308256, 31.690872, 0.0)
(24.300138, 31.721399, 0.0)
(24.297342, 31.687418, 0.0)
(24.293261, 31.712872, 0.0)
(25.134315, 30.703079, 0.0)
(30.386211, 25.924078, 0.0)
(35.344398, 26.064835, 0.0)
(36.463337, 26.319275, 0.0)
(36.501663, 26.320879, 0.0)
(36.484566, 26.317513, 0.0)
(36.724285, 26.487959, 0.0)
(37.050667, 27.029871, 0.0)
(37.045628, 27.038860, 0.0)
(37.059101, 27.085218, 0.0)
(37.043785, 27.106812, 0.0)
(37.039696, 27.130108, 0.0)
(37.028599, 27.169273, 0.0)
(36.986580, 27.214916, 0.0)
(36.943604, 27.271238, 0.0)
(36.918293, 27.291410, 0.0)
(36.876884, 27.340054, 0.0)
(36.823769, 27.359049, 0.0)
(36.772907, 27.345314, 0.0)
(36.787643, 27.359362, 0.0)
(36.780949, 27.391563, 0.0)
(36.739925, 27.317728, 0.0)
(36.745655, 27.289225, 0.0)
(36.730194, 27.308027, 0.0)
(36.696579, 27.321514, 0.0)
(36.690651, 27.389605, 0.0)
(36.679150, 27.348349, 0.0)
(36.655174, 27.290791, 0.0)
(36.653675, 27.304619, 0.0)
(36.629517, 27.358358, 0.0)
(36.604851, 27.417414, 0.0)
(36.603287, 27.389948, 0.0)
(36.607685, 27.378754, 0.0)
(36.617722, 27.394238, 0.0)
(36.640522, 27.367008, 0.0)
(36.648689, 27.349260, 0.0)
(36.641190, 27.357397, 0.0)
(36.636318, 27.319107, 0.0)
(38.865150, 28.036997, 0.0)
(40.327843, 28.736691, 0.0)
(40.306637, 28.786377, 0.0)
(40.219528, 28.743475, 0.0)
(41.093319, 30.168060, 0.0)
(41.087181, 30.490099, 0.0)
(41.041355, 30.503777, 0.0)
(41.021549, 30.495584, 0.0)
(41.449417, 30.987621, 0.0)
(41.525284, 31.137978, 0.0)
(41.530071, 31.145313, 0.0)
(41.533035, 31.152439, 0.0)
(41.507587, 31.164732, 0.0)
(41.490604, 31.186525, 0.0)
(41.535038, 31.228157, 0.0)
(41.598568, 31.347157, 0.0)
(41.587227, 31.298546, 0.0)
(41.570000, 31.297224, 0.0)
(41.579029, 31.330978, 0.0)
(41.545570, 31.404467, 0.0)
(41.525459, 31.408289, 0.0)
(41.528236, 31.375582, 0.0)
(41.536922, 31.357872, 0.0)
(38.795078, 27.617203, 0.0)
(36.570950, 24.745422, 0.0)
(36.698368, 24.797796, 0.0)
(36.712971, 24.789267, 0.0)
(36.725357, 24.834743, 0.0)
(36.750183, 24.929661, 0.0)
(36.740932, 24.858404, 0.0)
(36.756866, 24.822056, 0.0)
(36.754581, 24.878754, 0.0)
(36.751068, 24.805620, 0.0)
(36.760204, 24.867165, 0.0)
(36.734772, 24.861822, 0.0)
(36.775627, 24.846146, 0.0)
(36.788994, 24.790573, 0.0)
(36.800713, 24.805317, 0.0)
(36.845844, 24.793211, 0.0)
(36.840302, 24.778887, 0.0)
(36.833256, 24.788210, 0.0)
(36.883213, 24.811634, 0.0)
(36.864128, 24.815260, 0.0)
(36.858521, 24.772781, 0.0)
(36.856098, 24.777542, 0.0)
(36.826820, 24.852308, 0.0)
(36.796383, 24.877733, 0.0)
(36.775650, 24.871595, 0.0)
(36.796169, 24.873194, 0.0)
(36.795200, 24.878519, 0.0)
(36.786037, 24.887407, 0.0)
(36.821938, 24.878580, 0.0)
(36.791092, 24.894327, 0.0)
(36.758854, 24.905878, 0.0)
(36.735168, 24.778715, 0.0)
(40.046654, 27.871023, 0.0)
(41.454819, 30.674086, 0.0)
(41.401981, 30.920771, 0.0)
(41.340801, 30.901201, 0.0)
(41.331280, 30.903872, 0.0)
(41.405079, 31.081833, 0.0)
(41.592564, 31.382252, 0.0)
(41.585369, 31.444311, 0.0)
(41.567944, 31.460880, 0.0)
(41.564449, 31.462429, 0.0)
(41.590145, 31.511986, 0.0)
(41.614616, 31.518633, 0.0)
(41.606136, 31.504253, 0.0)
(41.605022, 31.487835, 0.0)
(41.569397, 31.489420, 0.0)
(41.554428, 31.512581, 0.0)
(41.541775, 31.439102, 0.0)
(40.861294, 30.916145, 0.0)
(41.343067, 34.316002, 0.0)
(41.174187, 31.356327, 0.0)
(41.217953, 31.065144, 0.0)
(41.263813, 31.131464, 0.0)
(41.265808, 31.162039, 0.0)
(41.256519, 31.118944, 0.0)
(41.247757, 31.117329, 0.0)
(41.262329, 31.116072, 0.0)
(41.267670, 31.153528, 0.0)
(41.276997, 31.188042, 0.0)
(41.278484, 31.187769, 0.0)
(41.279701, 31.213900, 0.0)
(41.285606, 31.229671, 0.0)
(41.290691, 31.281521, 0.0)
(41.297489, 31.285194, 0.0)
(41.250599, 31.214806, 0.0)
(40.340069, 31.190586, 0.0)
