{
  "prompt": "black pupil.",
  "gsam2_centers": [
    {
      "valid": true,
      "cx": 89.39,
      "cy": 102.92,
      "area": 405,
      "det_score": 0.2854,
      "sam_score": 0.9471,
      "box": [
        79.8,
        88.2,
        99.1,
        118.1
      ],
      "repeats": [
        [
          89.02,
          103.02
        ],
        [
          89.24,
          103.18
        ],
        [
          90.29,
          103.53
        ],
        [
          89.97,
          103.36
        ],
        [
          90.53,
          102.96
        ]
      ],
      "idx": 405,
      "mislabel": false,
      "mislabel_reason": "ok",
      "e_unet": 1.7
    },
    {
      "valid": true,
      "cx": 89.37,
      "cy": 102.87,
      "area": 406,
      "det_score": 0.2928,
      "sam_score": 0.9506,
      "box": [
        79.5,
        87.9,
        99.2,
        118.2
      ],
      "repeats": [
        [
          89.01,
          102.85
        ],
        [
          89.19,
          103.07
        ],
        [
          89.43,
          102.89
        ],
        [
          90.29,
          102.88
        ],
        [
          90.49000000000001,
          102.81
        ]
      ],
      "idx": 406,
      "mislabel": false,
      "mislabel_reason": "ok",
      "e_unet": 1.73
    },
    {
      "valid": true,
      "cx": 89.3,
      "cy": 102.96,
      "area": 406,
      "det_score": 0.2913,
      "sam_score": 0.9496,
      "box": [
        79.5,
        87.8,
        99.2,
        118.2
      ],
      "repeats": [
        [
          89.0,
          103.03
        ],
        [
          89.41,
          102.88
        ],
        [
          89.52,
          102.84
        ],
        [
          89.34,
          102.83
        ],
        [
          90.5,
          102.91
        ]
      ],
      "idx": 407,
      "mislabel": false,
      "mislabel_reason": "ok",
      "e_unet": 1.74
    },
    {
      "valid": true,
      "cx": 89.24,
      "cy": 102.9,
      "area": 405,
      "det_score": 0.3219,
      "sam_score": 0.9464,
      "box": [
        79.9,
        88.0,
        99.6,
        118.2
      ],
      "repeats": [
        [
          89.47,
          102.81
        ],
        [
          89.34,
          103.11
        ],
        [
          89.89,
          103.64
        ],
        [
          89.97,
          103.18
        ],
        [
          90.53999999999999,
          103.27
        ]
      ],
      "idx": 408,
      "mislabel": false,
      "mislabel_reason": "ok",
      "e_unet": 1.61
    },
    {
      "valid": true,
      "cx": 89.51,
      "cy": 103.04,
      "area": 413,
      "det_score": 0.329,
      "sam_score": 0.946,
      "box": [
        79.9,
        87.9,
        99.9,
        118.1
      ],
      "repeats": [
        [
          89.35,
          102.93
        ],
        [
          89.6,
          103.15
        ],
        [
          90.06,
          103.46
        ],
        [
          90.2,
          103.35
        ],
        [
          90.59,
          103.05
        ]
      ],
      "idx": 409,
      "mislabel": false,
      "mislabel_reason": "ok",
      "e_unet": 1.78
    },
    {
      "valid": true,
      "cx": 90.64,
      "cy": 103.7,
      "area": 423,
      "det_score": 0.3515,
      "sam_score": 0.9426,
      "box": [
        80.4,
        87.9,
        100.2,
        118.7
      ],
      "repeats": [
        [
          89.85,
          103.37
        ],
        [
          90.66,
          103.96
        ],
        [
          90.61,
          103.4
        ],
        [
          90.86,
          103.71
        ],
        [
          91.55000000000001,
          104.39
        ]
      ],
      "idx": 410,
      "mislabel": false,
      "mislabel_reason": "ok",
      "e_unet": 2.59
    },
    {
      "valid": true,
      "cx": 94.19,
      "cy": 113.45,
      "area": 510,
      "det_score": 0.4577,
      "sam_score": 0.9488,
      "box": [
        83.3,
        98.0,
        106.2,
        128.6
      ],
      "repeats": [
        [
          94.07,
          113.28
        ],
        [
          94.27,
          113.64
        ],
        [
          94.23,
          113.46
        ],
        [
          94.28,
          113.29
        ],
        [
          95.32,
          113.57
        ]
      ],
      "idx": 411,
      "mislabel": false,
      "mislabel_reason": "ok",
      "e_unet": 1.9
    },
    {
      "valid": true,
      "cx": 94.49,
      "cy": 113.19,
      "area": 499,
      "det_score": 0.4715,
      "sam_score": 0.9525,
      "box": [
        83.7,
        97.8,
        106.2,
        129.1
      ],
      "repeats": [
        [
          94.54,
          113.14
        ],
        [
          94.59,
          113.32
        ],
        [
          94.62,
          113.11
        ],
        [
          94.68,
          113.02
        ],
        [
          95.69999999999999,
          113.14
        ]
      ],
      "idx": 412,
      "mislabel": false,
      "mislabel_reason": "ok",
      "e_unet": 1.1
    },
    {
      "valid": true,
      "cx": 94.66,
      "cy": 112.97,
      "area": 500,
      "det_score": 0.4059,
      "sam_score": 0.9557,
      "box": [
        83.9,
        97.5,
        106.4,
        128.7
      ],
      "repeats": [
        [
          94.68,
          112.79
        ],
        [
          94.77,
          112.97
        ],
        [
          94.75,
          112.9
        ],
        [
          94.78,
          112.77
        ],
        [
          95.81,
          112.98
        ]
      ],
      "idx": 413,
      "mislabel": false,
      "mislabel_reason": "ok",
      "e_unet": 1.37
    },
    {
      "valid": true,
      "cx": 94.88,
      "cy": 112.7,
      "area": 501,
      "det_score": 0.4225,
      "sam_score": 0.9523,
      "box": [
        84.2,
        97.0,
        106.6,
        128.5
      ],
      "repeats": [
        [
          94.86,
          112.52
        ],
        [
          94.98,
          112.72
        ],
        [
          94.95,
          112.53
        ],
        [
          95.02,
          112.54
        ],
        [
          95.97,
          112.68
        ]
      ],
      "idx": 414,
      "mislabel": false,
      "mislabel_reason": "ok",
      "e_unet": 1.31
    },
    {
      "valid": true,
      "cx": 95.56,
      "cy": 113.62,
      "area": 516,
      "det_score": 0.4526,
      "sam_score": 0.9528,
      "box": [
        84.8,
        97.8,
        107.6,
        129.4
      ],
      "repeats": [
        [
          95.53,
          113.51
        ],
        [
          95.56,
          113.71
        ],
        [
          95.57,
          113.64
        ],
        [
          95.7,
          113.43
        ],
        [
          96.71000000000001,
          113.86
        ]
      ],
      "idx": 415,
      "mislabel": false,
      "mislabel_reason": "ok",
      "e_unet": 1.21
    }
  ]
}