{
  "prompt": "black pupil.",
  "gsam2_centers": [
    {
      "valid": true,
      "cx": 132.45999999999998,
      "cy": 157.05,
      "area": 808,
      "det_score": 0.4114,
      "sam_score": 0.9727,
      "box": [
        118.5,
        137.7,
        147.2,
        176.9
      ],
      "repeats": [
        [
          132.5,
          156.92
        ],
        [
          132.5,
          157.16
        ],
        [
          132.55,
          157.04
        ],
        [
          132.55,
          157.06
        ],
        [
          133.67,
          157.02
        ]
      ],
      "idx": 2505,
      "mislabel": false,
      "mislabel_reason": "ok",
      "e_unet": 0.85
    },
    {
      "valid": true,
      "cx": 132.95999999999998,
      "cy": 154.17,
      "area": 773,
      "det_score": 0.3252,
      "sam_score": 0.9721,
      "box": [
        118.9,
        135.2,
        147.8,
        173.5
      ],
      "repeats": [
        [
          132.91,
          154.1
        ],
        [
          133.04000000000002,
          154.21
        ],
        [
          133.01,
          154.14
        ],
        [
          133.09,
          154.04
        ],
        [
          134.04,
          154.15
        ]
      ],
      "idx": 2506,
      "mislabel": false,
      "mislabel_reason": "ok",
      "e_unet": 0.99
    },
    {
      "valid": true,
      "cx": 133.42000000000002,
      "cy": 151.24,
      "area": 743,
      "det_score": 0.3364,
      "sam_score": 0.9706,
      "box": [
        119.4,
        132.5,
        148.2,
        170.3
      ],
      "repeats": [
        [
          133.3,
          151.13
        ],
        [
          133.4,
          151.27
        ],
        [
          133.35,
          151.16
        ],
        [
          133.42000000000002,
          151.19
        ],
        [
          134.41,
          151.18
        ]
      ],
      "idx": 2507,
      "mislabel": false,
      "mislabel_reason": "ok",
      "e_unet": 0.74
    },
    {
      "valid": true,
      "cx": 132.99,
      "cy": 150.79,
      "area": 729,
      "det_score": 0.3671,
      "sam_score": 0.9714,
      "box": [
        119.3,
        132.3,
        147.7,
        169.8
      ],
      "repeats": [
        [
          133.0,
          150.75
        ],
        [
          133.06,
          150.87
        ],
        [
          133.06,
          150.86
        ],
        [
          133.07999999999998,
          150.76
        ],
        [
          134.14,
          150.98
        ]
      ],
      "idx": 2508,
      "mislabel": false,
      "mislabel_reason": "ok",
      "e_unet": 0.68
    },
    {
      "valid": true,
      "cx": 133.18,
      "cy": 150.68,
      "area": 723,
      "det_score": 0.3955,
      "sam_score": 0.9709,
      "box": [
        119.4,
        132.0,
        147.9,
        169.6
      ],
      "repeats": [
        [
          133.18,
          150.69
        ],
        [
          133.18,
          150.71
        ],
        [
          133.18,
          150.69
        ],
        [
          133.20999999999998,
          150.63
        ],
        [
          134.41,
          150.71
        ]
      ],
      "idx": 2509,
      "mislabel": false,
      "mislabel_reason": "ok",
      "e_unet": 0.7
    },
    {
      "valid": true,
      "cx": 133.18,
      "cy": 150.57,
      "area": 719,
      "det_score": 0.4014,
      "sam_score": 0.9715,
      "box": [
        119.4,
        132.0,
        147.8,
        169.3
      ],
      "repeats": [
        [
          133.19,
          150.47
        ],
        [
          133.18,
          150.66
        ],
        [
          133.23000000000002,
          150.54
        ],
        [
          133.29000000000002,
          150.43
        ],
        [
          134.27,
          150.63
        ]
      ],
      "idx": 2510,
      "mislabel": false,
      "mislabel_reason": "ok",
      "e_unet": 0.77
    },
    {
      "valid": true,
      "cx": 133.20999999999998,
      "cy": 150.27,
      "area": 713,
      "det_score": 0.3548,
      "sam_score": 0.9709,
      "box": [
        119.5,
        132.0,
        147.8,
        168.9
      ],
      "repeats": [
        [
          133.15,
          150.19
        ],
        [
          133.2,
          150.32
        ],
        [
          133.16,
          150.27
        ],
        [
          133.28,
          150.25
        ],
        [
          134.32,
          150.3
        ]
      ],
      "idx": 2511,
      "mislabel": false,
      "mislabel_reason": "ok",
      "e_unet": 0.73
    },
    {
      "valid": true,
      "cx": 133.11,
      "cy": 150.06,
      "area": 709,
      "det_score": 0.3757,
      "sam_score": 0.9703,
      "box": [
        119.4,
        131.8,
        147.7,
        168.7
      ],
      "repeats": [
        [
          133.16,
          150.03
        ],
        [
          133.2,
          150.13
        ],
        [
          133.15,
          150.02
        ],
        [
          133.22,
          150.04
        ],
        [
          134.29,
          150.13
        ]
      ],
      "idx": 2512,
      "mislabel": false,
      "mislabel_reason": "ok",
      "e_unet": 0.73
    },
    {
      "valid": true,
      "cx": 133.1,
      "cy": 149.95,
      "area": 708,
      "det_score": 0.3683,
      "sam_score": 0.9692,
      "box": [
        119.2,
        131.7,
        147.5,
        168.5
      ],
      "repeats": [
        [
          132.99,
          149.83
        ],
        [
          133.15,
          150.02
        ],
        [
          133.03,
          149.86
        ],
        [
          133.16,
          149.91
        ],
        [
          134.26,
          149.94
        ]
      ],
      "idx": 2513,
      "mislabel": false,
      "mislabel_reason": "ok",
      "e_unet": 0.89
    },
    {
      "valid": true,
      "cx": 133.23000000000002,
      "cy": 149.68,
      "area": 705,
      "det_score": 0.3659,
      "sam_score": 0.969,
      "box": [
        119.4,
        131.7,
        147.7,
        168.3
      ],
      "repeats": [
        [
          133.23000000000002,
          149.69
        ],
        [
          133.28,
          149.76
        ],
        [
          133.26999999999998,
          149.8
        ],
        [
          133.28,
          149.72
        ],
        [
          134.41,
          149.84
        ]
      ],
      "idx": 2514,
      "mislabel": false,
      "mislabel_reason": "ok",
      "e_unet": 0.77
    },
    {
      "valid": true,
      "cx": 133.17000000000002,
      "cy": 149.66,
      "area": 715,
      "det_score": 0.3751,
      "sam_score": 0.9693,
      "box": [
        119.3,
        131.4,
        147.8,
        168.3
      ],
      "repeats": [
        [
          133.09,
          149.65
        ],
        [
          133.18,
          149.67
        ],
        [
          133.19,
          149.65
        ],
        [
          133.18,
          149.64
        ],
        [
          134.34,
          149.77
        ]
      ],
      "idx": 2515,
      "mislabel": false,
      "mislabel_reason": "ok",
      "e_unet": 0.83
    }
  ]
}