{
  "prompt": "black pupil.",
  "gsam2_centers": [
    {
      "valid": true,
      "cx": 119.12,
      "cy": 81.11,
      "area": 330,
      "det_score": 0.3922,
      "sam_score": 0.9463,
      "box": [
        108.1,
        70.3,
        131.7,
        92.1
      ],
      "repeats": [
        [
          119.34,
          80.85
        ],
        [
          119.18,
          81.15
        ],
        [
          119.3,
          80.96
        ],
        [
          119.45,
          80.68
        ],
        [
          120.13999999999999,
          81.08
        ]
      ],
      "idx": 2205,
      "mislabel": false,
      "mislabel_reason": "ok",
      "e_unet": 0.88
    },
    {
      "valid": true,
      "cx": 118.55,
      "cy": 80.83,
      "area": 321,
      "det_score": 0.3441,
      "sam_score": 0.9454,
      "box": [
        107.9,
        69.9,
        131.0,
        91.9
      ],
      "repeats": [
        [
          118.76,
          80.41
        ],
        [
          118.69,
          80.79
        ],
        [
          118.97,
          80.37
        ],
        [
          119.05,
          80.38
        ],
        [
          119.78999999999999,
          80.72
        ]
      ],
      "idx": 2206,
      "mislabel": false,
      "mislabel_reason": "ok",
      "e_unet": 0.89
    },
    {
      "valid": true,
      "cx": 118.42,
      "cy": 78.67,
      "area": 316,
      "det_score": 0.3503,
      "sam_score": 0.943,
      "box": [
        107.5,
        68.2,
        130.8,
        89.7
      ],
      "repeats": [
        [
          118.48,
          78.43
        ],
        [
          118.41,
          78.99
        ],
        [
          118.61,
          78.47
        ],
        [
          118.72,
          78.29
        ],
        [
          119.44999999999999,
          78.67
        ]
      ],
      "idx": 2207,
      "mislabel": false,
      "mislabel_reason": "ok",
      "e_unet": 0.74
    },
    {
      "valid": true,
      "cx": 118.63,
      "cy": 78.59,
      "area": 315,
      "det_score": 0.3482,
      "sam_score": 0.9424,
      "box": [
        107.7,
        68.3,
        130.8,
        89.4
      ],
      "repeats": [
        [
          118.72,
          78.25
        ],
        [
          118.63,
          78.73
        ],
        [
          118.72,
          78.47
        ],
        [
          118.83,
          78.25
        ],
        [
          119.62,
          78.44
        ]
      ],
      "idx": 2208,
      "mislabel": false,
      "mislabel_reason": "ok",
      "e_unet": 0.78
    },
    {
      "valid": true,
      "cx": 118.64,
      "cy": 78.65,
      "area": 311,
      "det_score": 0.3581,
      "sam_score": 0.9402,
      "box": [
        107.7,
        68.4,
        130.9,
        89.5
      ],
      "repeats": [
        [
          118.72,
          78.4
        ],
        [
          118.65,
          78.82
        ],
        [
          118.78,
          78.57
        ],
        [
          118.89,
          78.29
        ],
        [
          119.78999999999999,
          78.62
        ]
      ],
      "idx": 2209,
      "mislabel": false,
      "mislabel_reason": "ok",
      "e_unet": 0.69
    },
    {
      "valid": true,
      "cx": 118.67,
      "cy": 78.7,
      "area": 311,
      "det_score": 0.3586,
      "sam_score": 0.9418,
      "box": [
        107.7,
        68.4,
        130.8,
        89.5
      ],
      "repeats": [
        [
          118.71,
          78.5
        ],
        [
          118.62,
          78.85
        ],
        [
          118.72,
          78.54
        ],
        [
          118.82,
          78.43
        ],
        [
          119.77000000000001,
          78.66
        ]
      ],
      "idx": 2210,
      "mislabel": false,
      "mislabel_reason": "ok",
      "e_unet": 0.72
    },
    {
      "valid": true,
      "cx": 118.64,
      "cy": 78.79,
      "area": 311,
      "det_score": 0.3604,
      "sam_score": 0.9418,
      "box": [
        107.7,
        68.4,
        130.9,
        89.6
      ],
      "repeats": [
        [
          118.71,
          78.61
        ],
        [
          118.6,
          78.98
        ],
        [
          118.76,
          78.67
        ],
        [
          118.88,
          78.44
        ],
        [
          119.66999999999999,
          78.77
        ]
      ],
      "idx": 2211,
      "mislabel": false,
      "mislabel_reason": "ok",
      "e_unet": 0.8
    },
    {
      "valid": true,
      "cx": 118.65,
      "cy": 78.78,
      "area": 314,
      "det_score": 0.3635,
      "sam_score": 0.9429,
      "box": [
        107.7,
        68.2,
        130.9,
        89.7
      ],
      "repeats": [
        [
          118.8,
          78.47
        ],
        [
          118.56,
          79.02
        ],
        [
          118.8,
          78.62
        ],
        [
          118.94,
          78.42
        ],
        [
          119.77000000000001,
          78.76
        ]
      ],
      "idx": 2212,
      "mislabel": false,
      "mislabel_reason": "ok",
      "e_unet": 0.76
    },
    {
      "valid": true,
      "cx": 118.75,
      "cy": 78.55,
      "area": 320,
      "det_score": 0.3625,
      "sam_score": 0.943,
      "box": [
        107.6,
        68.1,
        131.0,
        89.6
      ],
      "repeats": [
        [
          118.71,
          78.44
        ],
        [
          118.6,
          78.94
        ],
        [
          118.78,
          78.62
        ],
        [
          118.82,
          78.41
        ],
        [
          119.71000000000001,
          78.72
        ]
      ],
      "idx": 2213,
      "mislabel": false,
      "mislabel_reason": "ok",
      "e_unet": 0.78
    },
    {
      "valid": true,
      "cx": 118.62,
      "cy": 78.55,
      "area": 325,
      "det_score": 0.36,
      "sam_score": 0.9432,
      "box": [
        107.4,
        68.1,
        131.0,
        89.6
      ],
      "repeats": [
        [
          118.66,
          78.4
        ],
        [
          118.57,
          78.9
        ],
        [
          118.68,
          78.49
        ],
        [
          118.86,
          78.27
        ],
        [
          119.65,
          78.65
        ]
      ],
      "idx": 2214,
      "mislabel": false,
      "mislabel_reason": "ok",
      "e_unet": 0.69
    },
    {
      "valid": true,
      "cx": 118.73,
      "cy": 78.54,
      "area": 327,
      "det_score": 0.3605,
      "sam_score": 0.945,
      "box": [
        107.4,
        68.0,
        131.2,
        89.8
      ],
      "repeats": [
        [
          118.68,
          78.42
        ],
        [
          118.51,
          78.94
        ],
        [
          118.91,
          78.46
        ],
        [
          118.83,
          78.42
        ],
        [
          119.74000000000001,
          78.66
        ]
      ],
      "idx": 2215,
      "mislabel": false,
      "mislabel_reason": "ok",
      "e_unet": 0.75
    }
  ]
}