{
  "prompt": "black pupil.",
  "gsam2_centers": [
    {
      "valid": true,
      "cx": 207.81,
      "cy": 133.57999999999998,
      "area": 1164,
      "det_score": 0.4889,
      "sam_score": 0.9684,
      "box": [
        187.3,
        114.2,
        229.5,
        152.7
      ],
      "repeats": [
        [
          207.77,
          133.6
        ],
        [
          207.76,
          133.67000000000002
        ],
        [
          207.76,
          133.70999999999998
        ],
        [
          207.88,
          133.5
        ],
        [
          208.93,
          133.6
        ]
      ],
      "idx": 5,
      "mislabel": false,
      "mislabel_reason": "ok",
      "e_unet": 0.59
    },
    {
      "valid": true,
      "cx": 207.68,
      "cy": 133.6,
      "area": 1157,
      "det_score": 0.498,
      "sam_score": 0.9685,
      "box": [
        187.3,
        114.0,
        229.3,
        152.7
      ],
      "repeats": [
        [
          207.65,
          133.57
        ],
        [
          207.71,
          133.73000000000002
        ],
        [
          207.69,
          133.65
        ],
        [
          207.73,
          133.51999999999998
        ],
        [
          208.79000000000002,
          133.6
        ]
      ],
      "idx": 6,
      "mislabel": false,
      "mislabel_reason": "ok",
      "e_unet": 0.95
    },
    {
      "valid": true,
      "cx": 207.67,
      "cy": 133.64,
      "area": 1151,
      "det_score": 0.4913,
      "sam_score": 0.9694,
      "box": [
        187.3,
        114.2,
        229.2,
        152.4
      ],
      "repeats": [
        [
          207.62,
          133.63
        ],
        [
          207.65,
          133.69
        ],
        [
          207.65,
          133.69
        ],
        [
          207.7,
          133.5
        ],
        [
          208.76999999999998,
          133.59
        ]
      ],
      "idx": 7,
      "mislabel": false,
      "mislabel_reason": "ok",
      "e_unet": 0.96
    },
    {
      "valid": true,
      "cx": 207.47,
      "cy": 133.7,
      "area": 1143,
      "det_score": 0.4913,
      "sam_score": 0.9699,
      "box": [
        187.2,
        114.4,
        228.7,
        152.3
      ],
      "repeats": [
        [
          207.46,
          133.61
        ],
        [
          207.49,
          133.73000000000002
        ],
        [
          207.5,
          133.69
        ],
        [
          207.49,
          133.57
        ],
        [
          208.6,
          133.64
        ]
      ],
      "idx": 8,
      "mislabel": false,
      "mislabel_reason": "ok",
      "e_unet": 0.87
    },
    {
      "valid": true,
      "cx": 207.15,
      "cy": 133.6,
      "area": 1115,
      "det_score": 0.5006,
      "sam_score": 0.9715,
      "box": [
        187.0,
        114.5,
        228.4,
        152.2
      ],
      "repeats": [
        [
          207.15,
          133.59
        ],
        [
          207.14,
          133.66
        ],
        [
          207.16,
          133.6
        ],
        [
          207.22,
          133.49
        ],
        [
          208.32999999999998,
          133.61
        ]
      ],
      "idx": 9,
      "mislabel": false,
      "mislabel_reason": "ok",
      "e_unet": 0.79
    },
    {
      "valid": true,
      "cx": 207.33,
      "cy": 136.53,
      "area": 1116,
      "det_score": 0.4568,
      "sam_score": 0.9679,
      "box": [
        187.6,
        117.4,
        228.2,
        155.1
      ],
      "repeats": [
        [
          207.38,
          136.37
        ],
        [
          207.34,
          136.62
        ],
        [
          207.38,
          136.45999999999998
        ],
        [
          207.39,
          136.45
        ],
        [
          208.49,
          136.51
        ]
      ],
      "idx": 10,
      "mislabel": false,
      "mislabel_reason": "ok",
      "e_unet": 1.01
    },
    {
      "valid": true,
      "cx": 207.16,
      "cy": 136.45,
      "area": 1078,
      "det_score": 0.4878,
      "sam_score": 0.9694,
      "box": [
        187.7,
        117.7,
        228.0,
        154.6
      ],
      "repeats": [
        [
          207.16,
          136.39
        ],
        [
          207.17,
          136.5
        ],
        [
          207.2,
          136.44
        ],
        [
          207.19,
          136.36
        ],
        [
          208.39,
          136.42000000000002
        ]
      ],
      "idx": 11,
      "mislabel": false,
      "mislabel_reason": "ok",
      "e_unet": 0.89
    },
    {
      "valid": true,
      "cx": 207.04,
      "cy": 136.41,
      "area": 1052,
      "det_score": 0.4325,
      "sam_score": 0.968,
      "box": [
        188.0,
        117.7,
        227.5,
        154.3
      ],
      "repeats": [
        [
          206.97,
          136.28
        ],
        [
          207.07,
          136.47
        ],
        [
          206.99,
          136.34
        ],
        [
          207.12,
          136.23000000000002
        ],
        [
          208.25,
          136.34
        ]
      ],
      "idx": 12,
      "mislabel": false,
      "mislabel_reason": "ok",
      "e_unet": 1.02
    },
    {
      "valid": true,
      "cx": 206.87,
      "cy": 136.45,
      "area": 1021,
      "det_score": 0.4473,
      "sam_score": 0.9663,
      "box": [
        188.0,
        117.9,
        227.1,
        154.0
      ],
      "repeats": [
        [
          206.9,
          136.35
        ],
        [
          206.88,
          136.45999999999998
        ],
        [
          206.92,
          136.37
        ],
        [
          206.97,
          136.32
        ],
        [
          208.1,
          136.3
        ]
      ],
      "idx": 13,
      "mislabel": false,
      "mislabel_reason": "ok",
      "e_unet": 1.06
    },
    {
      "valid": true,
      "cx": 206.94,
      "cy": 136.34,
      "area": 998,
      "det_score": 0.4786,
      "sam_score": 0.967,
      "box": [
        188.2,
        118.2,
        226.7,
        153.7
      ],
      "repeats": [
        [
          206.9,
          136.18
        ],
        [
          206.92,
          136.39
        ],
        [
          206.94,
          136.3
        ],
        [
          206.95,
          136.18
        ],
        [
          208.09,
          136.26999999999998
        ]
      ],
      "idx": 14,
      "mislabel": false,
      "mislabel_reason": "ok",
      "e_unet": 1.03
    },
    {
      "valid": true,
      "cx": 206.84,
      "cy": 136.28,
      "area": 967,
      "det_score": 0.4681,
      "sam_score": 0.9661,
      "box": [
        188.4,
        118.3,
        226.3,
        153.5
      ],
      "repeats": [
        [
          206.87,
          136.26
        ],
        [
          206.86,
          136.37
        ],
        [
          206.88,
          136.31
        ],
        [
          206.93,
          136.16
        ],
        [
          208.01,
          136.28
        ]
      ],
      "idx": 15,
      "mislabel": false,
      "mislabel_reason": "ok",
      "e_unet": 0.93
    }
  ]
}