{
  "prompt": "black pupil.",
  "gsam2_centers": [
    {
      "valid": true,
      "cx": 119.52,
      "cy": 96.69,
      "area": 326,
      "det_score": 0.3869,
      "sam_score": 0.9478,
      "box": [
        108.6,
        85.2,
        130.4,
        108.4
      ],
      "repeats": [
        [
          119.47,
          96.5
        ],
        [
          119.7,
          96.56
        ],
        [
          119.78,
          96.43
        ],
        [
          119.83,
          96.29
        ],
        [
          120.71000000000001,
          96.52
        ]
      ],
      "idx": 1305,
      "mislabel": false,
      "mislabel_reason": "ok",
      "e_unet": 1.13
    },
    {
      "valid": true,
      "cx": 119.62,
      "cy": 96.53,
      "area": 322,
      "det_score": 0.3699,
      "sam_score": 0.9472,
      "box": [
        108.6,
        85.3,
        130.3,
        108.4
      ],
      "repeats": [
        [
          119.41,
          96.62
        ],
        [
          119.56,
          96.67
        ],
        [
          119.68,
          96.55
        ],
        [
          119.81,
          96.32
        ],
        [
          120.68,
          96.51
        ]
      ],
      "idx": 1306,
      "mislabel": false,
      "mislabel_reason": "ok",
      "e_unet": 1.16
    },
    {
      "valid": true,
      "cx": 119.41,
      "cy": 96.35,
      "area": 320,
      "det_score": 0.3646,
      "sam_score": 0.9467,
      "box": [
        108.5,
        85.3,
        130.3,
        108.3
      ],
      "repeats": [
        [
          119.3,
          96.36
        ],
        [
          119.62,
          96.5
        ],
        [
          119.57,
          96.37
        ],
        [
          119.78,
          96.12
        ],
        [
          120.72,
          96.26
        ]
      ],
      "idx": 1307,
      "mislabel": false,
      "mislabel_reason": "ok",
      "e_unet": 1.03
    },
    {
      "valid": true,
      "cx": 119.38,
      "cy": 96.37,
      "area": 317,
      "det_score": 0.3852,
      "sam_score": 0.9475,
      "box": [
        108.6,
        85.2,
        130.2,
        108.3
      ],
      "repeats": [
        [
          119.25,
          96.41
        ],
        [
          119.57,
          96.36
        ],
        [
          119.57,
          96.39
        ],
        [
          119.7,
          96.12
        ],
        [
          120.63999999999999,
          96.21
        ]
      ],
      "idx": 1308,
      "mislabel": false,
      "mislabel_reason": "ok",
      "e_unet": 1.04
    },
    {
      "valid": true,
      "cx": 117.04,
      "cy": 97.82,
      "area": 305,
      "det_score": 0.3718,
      "sam_score": 0.9464,
      "box": [
        106.6,
        86.5,
        127.4,
        109.8
      ],
      "repeats": [
        [
          117.09,
          97.72
        ],
        [
          117.26,
          97.85
        ],
        [
          117.29,
          97.66
        ],
        [
          117.29,
          97.55
        ],
        [
          118.1,
          97.85
        ]
      ],
      "idx": 1309,
      "mislabel": false,
      "mislabel_reason": "ok",
      "e_unet": 0.97
    },
    {
      "valid": true,
      "cx": 111.97,
      "cy": 101.18,
      "area": 284,
      "det_score": 0.2994,
      "sam_score": 0.9355,
      "box": [
        102.5,
        89.4,
        122.1,
        113.7
      ],
      "repeats": [
        [
          111.92,
          101.12
        ],
        [
          112.11,
          101.33
        ],
        [
          111.94,
          101.26
        ],
        [
          112.31,
          101.02
        ],
        [
          113.00999999999999,
          101.29
        ]
      ],
      "idx": 1310,
      "mislabel": false,
      "mislabel_reason": "ok",
      "e_unet": 1.09
    },
    {
      "valid": true,
      "cx": 111.78,
      "cy": 101.28,
      "area": 286,
      "det_score": 0.3083,
      "sam_score": 0.9437,
      "box": [
        102.4,
        89.5,
        121.8,
        113.7
      ],
      "repeats": [
        [
          111.75,
          101.18
        ],
        [
          111.87,
          101.29
        ],
        [
          111.88,
          101.22
        ],
        [
          111.89,
          101.24
        ],
        [
          112.91,
          101.2
        ]
      ],
      "idx": 1311,
      "mislabel": false,
      "mislabel_reason": "ok",
      "e_unet": 1.13
    },
    {
      "valid": true,
      "cx": 111.81,
      "cy": 101.05,
      "area": 281,
      "det_score": 0.315,
      "sam_score": 0.9444,
      "box": [
        102.4,
        89.1,
        121.9,
        113.7
      ],
      "repeats": [
        [
          111.78,
          101.1
        ],
        [
          111.81,
          101.35
        ],
        [
          111.83,
          101.14
        ],
        [
          111.95,
          100.97
        ],
        [
          112.91,
          101.12
        ]
      ],
      "idx": 1312,
      "mislabel": false,
      "mislabel_reason": "ok",
      "e_unet": 1.0
    },
    {
      "valid": true,
      "cx": 111.8,
      "cy": 101.07,
      "area": 285,
      "det_score": 0.3158,
      "sam_score": 0.9432,
      "box": [
        102.5,
        89.4,
        121.8,
        113.7
      ],
      "repeats": [
        [
          111.68,
          101.17
        ],
        [
          111.78,
          101.34
        ],
        [
          111.87,
          101.08
        ],
        [
          111.92,
          100.98
        ],
        [
          112.94,
          101.1
        ]
      ],
      "idx": 1313,
      "mislabel": false,
      "mislabel_reason": "ok",
      "e_unet": 0.99
    },
    {
      "valid": true,
      "cx": 111.8,
      "cy": 101.06,
      "area": 284,
      "det_score": 0.3007,
      "sam_score": 0.9432,
      "box": [
        102.4,
        89.2,
        121.9,
        113.6
      ],
      "repeats": [
        [
          111.62,
          101.2
        ],
        [
          111.84,
          101.29
        ],
        [
          111.91,
          101.01
        ],
        [
          111.97,
          100.95
        ],
        [
          112.97,
          101.1
        ]
      ],
      "idx": 1314,
      "mislabel": false,
      "mislabel_reason": "ok",
      "e_unet": 0.94
    },
    {
      "valid": true,
      "cx": 111.75,
      "cy": 101.03,
      "area": 282,
      "det_score": 0.316,
      "sam_score": 0.9452,
      "box": [
        102.4,
        89.3,
        121.9,
        113.6
      ],
      "repeats": [
        [
          111.69,
          101.06
        ],
        [
          111.86,
          101.14
        ],
        [
          111.84,
          101.08
        ],
        [
          111.98,
          100.85
        ],
        [
          112.94,
          101.06
        ]
      ],
      "idx": 1315,
      "mislabel": false,
      "mislabel_reason": "ok",
      "e_unet": 1.04
    }
  ]
}