{
  "prompt": "black pupil.",
  "gsam2_centers": [
    {
      "valid": true,
      "cx": 146.6,
      "cy": 117.81,
      "area": 644,
      "det_score": 0.2938,
      "sam_score": 0.9586,
      "box": [
        132.1,
        100.9,
        162.0,
        135.3
      ],
      "repeats": [
        [
          146.57,
          117.71
        ],
        [
          146.64,
          117.86
        ],
        [
          146.59,
          117.82
        ],
        [
          146.66,
          117.79
        ],
        [
          147.7,
          117.84
        ]
      ],
      "idx": 1505,
      "mislabel": false,
      "mislabel_reason": "ok",
      "e_unet": 1.25
    },
    {
      "valid": true,
      "cx": 146.76999999999998,
      "cy": 117.96,
      "area": 651,
      "det_score": 0.2962,
      "sam_score": 0.9575,
      "box": [
        132.2,
        100.9,
        162.2,
        135.4
      ],
      "repeats": [
        [
          146.70999999999998,
          117.77
        ],
        [
          146.8,
          117.99
        ],
        [
          146.70999999999998,
          117.82
        ],
        [
          146.89,
          117.82
        ],
        [
          147.89,
          117.94
        ]
      ],
      "idx": 1506,
      "mislabel": false,
      "mislabel_reason": "ok",
      "e_unet": 1.34
    },
    {
      "valid": true,
      "cx": 147.16,
      "cy": 117.81,
      "area": 647,
      "det_score": 0.303,
      "sam_score": 0.9565,
      "box": [
        132.3,
        100.7,
        162.4,
        135.2
      ],
      "repeats": [
        [
          146.94,
          117.75
        ],
        [
          147.17000000000002,
          117.81
        ],
        [
          147.16,
          117.74
        ],
        [
          147.19,
          117.64
        ],
        [
          148.26,
          117.81
        ]
      ],
      "idx": 1507,
      "mislabel": false,
      "mislabel_reason": "ok",
      "e_unet": 1.38
    },
    {
      "valid": true,
      "cx": 147.07,
      "cy": 117.61,
      "area": 652,
      "det_score": 0.3017,
      "sam_score": 0.9561,
      "box": [
        132.4,
        100.8,
        162.4,
        134.9
      ],
      "repeats": [
        [
          147.07,
          117.33
        ],
        [
          147.01,
          117.63
        ],
        [
          147.14,
          117.42
        ],
        [
          147.25,
          117.38
        ],
        [
          148.36,
          117.61
        ]
      ],
      "idx": 1508,
      "mislabel": false,
      "mislabel_reason": "ok",
      "e_unet": 1.25
    },
    {
      "valid": true,
      "cx": 147.32999999999998,
      "cy": 117.42,
      "area": 650,
      "det_score": 0.2951,
      "sam_score": 0.9562,
      "box": [
        132.4,
        100.9,
        162.7,
        134.8
      ],
      "repeats": [
        [
          147.19,
          117.31
        ],
        [
          147.36,
          117.58
        ],
        [
          147.35,
          117.44
        ],
        [
          147.51999999999998,
          117.27
        ],
        [
          148.32,
          117.52
        ]
      ],
      "idx": 1509,
      "mislabel": false,
      "mislabel_reason": "ok",
      "e_unet": 1.3
    },
    {
      "valid": true,
      "cx": 147.24,
      "cy": 116.79,
      "area": 637,
      "det_score": 0.3074,
      "sam_score": 0.9581,
      "box": [
        132.5,
        100.4,
        162.9,
        134.0
      ],
      "repeats": [
        [
          147.22,
          116.61
        ],
        [
          147.15,
          116.88
        ],
        [
          147.3,
          116.64
        ],
        [
          147.41,
          116.6
        ],
        [
          148.49,
          116.72
        ]
      ],
      "idx": 1510,
      "mislabel": false,
      "mislabel_reason": "ok",
      "e_unet": 1.28
    },
    {
      "valid": true,
      "cx": 147.55,
      "cy": 116.04,
      "area": 641,
      "det_score": 0.2849,
      "sam_score": 0.9574,
      "box": [
        132.7,
        99.8,
        163.5,
        133.3
      ],
      "repeats": [
        [
          147.61,
          115.85
        ],
        [
          147.54000000000002,
          116.15
        ],
        [
          147.61,
          115.96
        ],
        [
          147.72,
          115.8
        ],
        [
          148.81,
          116.02
        ]
      ],
      "idx": 1511,
      "mislabel": false,
      "mislabel_reason": "ok",
      "e_unet": 1.22
    },
    {
      "valid": true,
      "cx": 148.17000000000002,
      "cy": 115.85,
      "area": 663,
      "det_score": 0.2878,
      "sam_score": 0.9586,
      "box": [
        133.1,
        99.4,
        164.2,
        133.0
      ],
      "repeats": [
        [
          148.16,
          115.64
        ],
        [
          148.28,
          115.91
        ],
        [
          148.26999999999998,
          115.75
        ],
        [
          148.38,
          115.62
        ],
        [
          149.44,
          115.77
        ]
      ],
      "idx": 1512,
      "mislabel": false,
      "mislabel_reason": "ok",
      "e_unet": 1.29
    },
    {
      "valid": true,
      "cx": 149.06,
      "cy": 115.23,
      "area": 676,
      "det_score": 0.3498,
      "sam_score": 0.9587,
      "box": [
        133.7,
        98.9,
        165.4,
        132.6
      ],
      "repeats": [
        [
          148.93,
          115.15
        ],
        [
          149.07,
          115.38
        ],
        [
          149.04000000000002,
          115.25
        ],
        [
          149.11,
          115.13
        ],
        [
          150.05,
          115.36
        ]
      ],
      "idx": 1513,
      "mislabel": false,
      "mislabel_reason": "ok",
      "e_unet": 1.18
    },
    {
      "valid": true,
      "cx": 149.82999999999998,
      "cy": 114.85,
      "area": 683,
      "det_score": 0.3502,
      "sam_score": 0.9617,
      "box": [
        134.5,
        98.3,
        166.5,
        132.3
      ],
      "repeats": [
        [
          149.86,
          114.73
        ],
        [
          149.87,
          114.92
        ],
        [
          149.92000000000002,
          114.77
        ],
        [
          150.0,
          114.74
        ],
        [
          150.96,
          114.86
        ]
      ],
      "idx": 1514,
      "mislabel": false,
      "mislabel_reason": "ok",
      "e_unet": 1.23
    },
    {
      "valid": true,
      "cx": 153.93,
      "cy": 113.6,
      "area": 752,
      "det_score": 0.3329,
      "sam_score": 0.9643,
      "box": [
        137.7,
        96.9,
        172.0,
        130.9
      ],
      "repeats": [
        [
          154.01,
          113.45
        ],
        [
          154.02,
          113.67
        ],
        [
          154.13,
          113.46
        ],
        [
          154.26,
          113.37
        ],
        [
          155.45,
          113.41
        ]
      ],
      "idx": 1515,
      "mislabel": false,
      "mislabel_reason": "ok",
      "e_unet": 1.15
    }
  ]
}