{
  "prompt": "black pupil.",
  "gsam2_centers": [
    {
      "valid": true,
      "cx": 140.3,
      "cy": 139.32,
      "area": 1028,
      "det_score": 0.4486,
      "sam_score": 0.9705,
      "box": [
        123.2,
        119.1,
        158.6,
        159.7
      ],
      "repeats": [
        [
          140.28,
          139.3
        ],
        [
          140.29000000000002,
          139.34
        ],
        [
          140.29000000000002,
          139.32
        ],
        [
          140.32,
          139.26
        ],
        [
          141.4,
          139.37
        ]
      ],
      "idx": 1005,
      "mislabel": false,
      "mislabel_reason": "ok",
      "e_unet": 1.38
    },
    {
      "valid": true,
      "cx": 140.37,
      "cy": 139.41,
      "area": 1042,
      "det_score": 0.4385,
      "sam_score": 0.9713,
      "box": [
        123.2,
        119.0,
        158.8,
        160.0
      ],
      "repeats": [
        [
          140.34,
          139.36
        ],
        [
          140.36,
          139.44
        ],
        [
          140.36,
          139.41
        ],
        [
          140.4,
          139.37
        ],
        [
          141.51,
          139.43
        ]
      ],
      "idx": 1006,
      "mislabel": false,
      "mislabel_reason": "ok",
      "e_unet": 1.46
    },
    {
      "valid": true,
      "cx": 140.38,
      "cy": 139.46,
      "area": 1052,
      "det_score": 0.4297,
      "sam_score": 0.9717,
      "box": [
        123.2,
        118.8,
        159.0,
        160.1
      ],
      "repeats": [
        [
          140.39,
          139.41
        ],
        [
          140.42000000000002,
          139.48
        ],
        [
          140.44,
          139.38
        ],
        [
          140.51999999999998,
          139.29
        ],
        [
          141.57,
          139.44
        ]
      ],
      "idx": 1007,
      "mislabel": false,
      "mislabel_reason": "ok",
      "e_unet": 1.43
    },
    {
      "valid": true,
      "cx": 140.51999999999998,
      "cy": 139.52,
      "area": 1059,
      "det_score": 0.4101,
      "sam_score": 0.9718,
      "box": [
        123.3,
        118.9,
        159.1,
        160.3
      ],
      "repeats": [
        [
          140.51,
          139.5
        ],
        [
          140.49,
          139.56
        ],
        [
          140.5,
          139.5
        ],
        [
          140.57,
          139.46
        ],
        [
          141.71,
          139.49
        ]
      ],
      "idx": 1008,
      "mislabel": false,
      "mislabel_reason": "ok",
      "e_unet": 1.41
    },
    {
      "valid": true,
      "cx": 140.55,
      "cy": 139.44,
      "area": 1064,
      "det_score": 0.4325,
      "sam_score": 0.9717,
      "box": [
        123.2,
        118.7,
        159.2,
        160.4
      ],
      "repeats": [
        [
          140.55,
          139.44
        ],
        [
          140.54000000000002,
          139.55
        ],
        [
          140.54000000000002,
          139.55
        ],
        [
          140.57999999999998,
          139.42
        ],
        [
          141.76,
          139.44
        ]
      ],
      "idx": 1009,
      "mislabel": false,
      "mislabel_reason": "ok",
      "e_unet": 1.33
    },
    {
      "valid": true,
      "cx": 140.7,
      "cy": 139.46,
      "area": 1072,
      "det_score": 0.4335,
      "sam_score": 0.9717,
      "box": [
        123.3,
        118.6,
        159.4,
        160.4
      ],
      "repeats": [
        [
          140.67000000000002,
          139.44
        ],
        [
          140.7,
          139.45
        ],
        [
          140.74,
          139.42
        ],
        [
          140.76999999999998,
          139.41
        ],
        [
          141.91,
          139.41
        ]
      ],
      "idx": 1010,
      "mislabel": false,
      "mislabel_reason": "ok",
      "e_unet": 1.35
    },
    {
      "valid": true,
      "cx": 140.78,
      "cy": 139.47,
      "area": 1085,
      "det_score": 0.4282,
      "sam_score": 0.9719,
      "box": [
        123.3,
        118.5,
        159.7,
        160.4
      ],
      "repeats": [
        [
          140.8,
          139.4
        ],
        [
          140.81,
          139.45
        ],
        [
          140.82999999999998,
          139.42
        ],
        [
          140.84,
          139.35
        ],
        [
          141.99,
          139.49
        ]
      ],
      "idx": 1011,
      "mislabel": false,
      "mislabel_reason": "ok",
      "e_unet": 1.44
    },
    {
      "valid": true,
      "cx": 140.87,
      "cy": 139.41,
      "area": 1088,
      "det_score": 0.4308,
      "sam_score": 0.9724,
      "box": [
        123.3,
        118.4,
        159.8,
        160.4
      ],
      "repeats": [
        [
          140.88,
          139.4
        ],
        [
          140.86,
          139.45
        ],
        [
          140.88,
          139.39
        ],
        [
          140.94,
          139.29
        ],
        [
          142.05,
          139.45
        ]
      ],
      "idx": 1012,
      "mislabel": false,
      "mislabel_reason": "ok",
      "e_unet": 1.33
    },
    {
      "valid": true,
      "cx": 140.95999999999998,
      "cy": 139.35,
      "area": 1091,
      "det_score": 0.4319,
      "sam_score": 0.9727,
      "box": [
        123.5,
        118.5,
        159.8,
        160.3
      ],
      "repeats": [
        [
          140.95999999999998,
          139.34
        ],
        [
          141.0,
          139.43
        ],
        [
          141.01999999999998,
          139.43
        ],
        [
          141.06,
          139.27
        ],
        [
          142.16,
          139.47
        ]
      ],
      "idx": 1013,
      "mislabel": false,
      "mislabel_reason": "ok",
      "e_unet": 1.33
    },
    {
      "valid": true,
      "cx": 141.18,
      "cy": 139.57,
      "area": 1077,
      "det_score": 0.4486,
      "sam_score": 0.9728,
      "box": [
        123.7,
        118.5,
        159.9,
        160.4
      ],
      "repeats": [
        [
          141.07,
          139.46
        ],
        [
          141.16,
          139.59
        ],
        [
          141.2,
          139.5
        ],
        [
          141.22,
          139.42
        ],
        [
          142.4,
          139.47
        ]
      ],
      "idx": 1014,
      "mislabel": false,
      "mislabel_reason": "ok",
      "e_unet": 1.45
    },
    {
      "valid": true,
      "cx": 141.07999999999998,
      "cy": 139.49,
      "area": 1066,
      "det_score": 0.4465,
      "sam_score": 0.9722,
      "box": [
        123.8,
        118.7,
        159.9,
        160.1
      ],
      "repeats": [
        [
          141.15,
          139.43
        ],
        [
          141.13,
          139.48
        ],
        [
          141.15,
          139.43
        ],
        [
          141.26,
          139.39
        ],
        [
          142.35,
          139.49
        ]
      ],
      "idx": 1015,
      "mislabel": false,
      "mislabel_reason": "ok",
      "e_unet": 1.42
    }
  ]
}