{
  "prompt": "black pupil.",
  "gsam2_centers": [
    {
      "valid": true,
      "cx": 230.37,
      "cy": 134.67000000000002,
      "area": 671,
      "det_score": 0.5516,
      "sam_score": 0.9668,
      "box": [
        215.4,
        119.4,
        246.5,
        149.7
      ],
      "repeats": [
        [
          230.26,
          134.65
        ],
        [
          230.35,
          134.67000000000002
        ],
        [
          230.34,
          134.69
        ],
        [
          230.4,
          134.63
        ],
        [
          231.43,
          134.66
        ]
      ],
      "idx": 1807,
      "mislabel": false,
      "mislabel_reason": "ok",
      "e_unet": 1.04
    },
    {
      "valid": true,
      "cx": 230.72,
      "cy": 134.45999999999998,
      "area": 665,
      "det_score": 0.5079,
      "sam_score": 0.9686,
      "box": [
        215.9,
        119.4,
        246.7,
        149.4
      ],
      "repeats": [
        [
          230.7,
          134.43
        ],
        [
          230.74,
          134.53
        ],
        [
          230.72,
          134.44
        ],
        [
          230.82,
          134.44
        ],
        [
          231.79000000000002,
          134.45999999999998
        ]
      ],
      "idx": 1808,
      "mislabel": false,
      "mislabel_reason": "ok",
      "e_unet": 1.02
    },
    {
      "valid": true,
      "cx": 230.95,
      "cy": 134.12,
      "area": 646,
      "det_score": 0.5229,
      "sam_score": 0.9686,
      "box": [
        216.3,
        119.4,
        246.5,
        148.7
      ],
      "repeats": [
        [
          230.85,
          133.99
        ],
        [
          230.95,
          134.13
        ],
        [
          230.89,
          133.97
        ],
        [
          231.06,
          134.01
        ],
        [
          232.01999999999998,
          134.11
        ]
      ],
      "idx": 1809,
      "mislabel": false,
      "mislabel_reason": "ok",
      "e_unet": 1.02
    },
    {
      "valid": true,
      "cx": 231.1,
      "cy": 133.87,
      "area": 623,
      "det_score": 0.5239,
      "sam_score": 0.9664,
      "box": [
        216.7,
        119.4,
        246.5,
        148.4
      ],
      "repeats": [
        [
          231.1,
          133.76
        ],
        [
          231.18,
          134.0
        ],
        [
          231.19,
          133.86
        ],
        [
          231.22,
          133.8
        ],
        [
          232.26,
          133.84
        ]
      ],
      "idx": 1810,
      "mislabel": false,
      "mislabel_reason": "ok",
      "e_unet": 0.99
    },
    {
      "valid": true,
      "cx": 231.13,
      "cy": 133.53,
      "area": 596,
      "det_score": 0.5171,
      "sam_score": 0.966,
      "box": [
        216.9,
        119.4,
        246.4,
        147.7
      ],
      "repeats": [
        [
          231.16,
          133.47
        ],
        [
          231.34,
          133.67000000000002
        ],
        [
          231.29,
          133.6
        ],
        [
          231.25,
          133.49
        ],
        [
          232.39,
          133.57
        ]
      ],
      "idx": 1811,
      "mislabel": false,
      "mislabel_reason": "ok",
      "e_unet": 0.8
    },
    {
      "valid": true,
      "cx": 231.23,
      "cy": 133.36,
      "area": 581,
      "det_score": 0.4958,
      "sam_score": 0.9656,
      "box": [
        217.3,
        119.4,
        246.2,
        147.5
      ],
      "repeats": [
        [
          231.22,
          133.39
        ],
        [
          231.35,
          133.56
        ],
        [
          231.29,
          133.48000000000002
        ],
        [
          231.27,
          133.36
        ],
        [
          232.35,
          133.39
        ]
      ],
      "idx": 1812,
      "mislabel": false,
      "mislabel_reason": "ok",
      "e_unet": 0.69
    },
    {
      "valid": true,
      "cx": 231.37,
      "cy": 133.28,
      "area": 566,
      "det_score": 0.4666,
      "sam_score": 0.9667,
      "box": [
        217.7,
        119.5,
        246.1,
        147.2
      ],
      "repeats": [
        [
          231.29,
          133.09
        ],
        [
          231.36,
          133.29000000000002
        ],
        [
          231.36,
          133.15
        ],
        [
          231.36,
          133.16
        ],
        [
          232.48000000000002,
          133.32
        ]
      ],
      "idx": 1813,
      "mislabel": false,
      "mislabel_reason": "ok",
      "e_unet": 0.96
    }
  ]
}