{
  "prompt": "black pupil.",
  "gsam2_centers": [
    {
      "valid": true,
      "cx": 165.39,
      "cy": 68.64,
      "area": 431,
      "det_score": 0.4379,
      "sam_score": 0.9627,
      "box": [
        152.6,
        58.2,
        179.7,
        79.5
      ],
      "repeats": [
        [
          165.34,
          68.56
        ],
        [
          165.41,
          68.68
        ],
        [
          165.43,
          68.61
        ],
        [
          165.62,
          68.53
        ],
        [
          166.56,
          68.59
        ]
      ],
      "idx": 1407,
      "mislabel": false,
      "mislabel_reason": "ok",
      "e_unet": 1.12
    },
    {
      "valid": true,
      "cx": 151.26,
      "cy": 71.15,
      "area": 434,
      "det_score": 0.4725,
      "sam_score": 0.9648,
      "box": [
        138.0,
        60.4,
        165.0,
        82.5
      ],
      "repeats": [
        [
          151.17000000000002,
          71.05
        ],
        [
          151.18,
          71.27000000000001
        ],
        [
          151.3,
          71.11
        ],
        [
          151.24,
          71.15
        ],
        [
          152.13,
          71.24000000000001
        ]
      ],
      "idx": 1408,
      "mislabel": false,
      "mislabel_reason": "ok",
      "e_unet": 0.92
    },
    {
      "valid": true,
      "cx": 150.13,
      "cy": 71.36,
      "area": 430,
      "det_score": 0.4595,
      "sam_score": 0.9643,
      "box": [
        137.2,
        60.6,
        164.0,
        82.7
      ],
      "repeats": [
        [
          150.14,
          71.24000000000001
        ],
        [
          150.14,
          71.4
        ],
        [
          150.19,
          71.27000000000001
        ],
        [
          150.26,
          71.25
        ],
        [
          151.1,
          71.34
        ]
      ],
      "idx": 1409,
      "mislabel": false,
      "mislabel_reason": "ok",
      "e_unet": 0.86
    },
    {
      "valid": true,
      "cx": 149.3,
      "cy": 71.5,
      "area": 424,
      "det_score": 0.4659,
      "sam_score": 0.9629,
      "box": [
        136.4,
        60.7,
        163.3,
        82.9
      ],
      "repeats": [
        [
          149.23000000000002,
          71.47
        ],
        [
          149.36,
          71.52000000000001
        ],
        [
          149.32,
          71.53
        ],
        [
          149.38,
          71.41
        ],
        [
          150.54,
          71.50999999999999
        ]
      ],
      "idx": 1410,
      "mislabel": false,
      "mislabel_reason": "ok",
      "e_unet": 0.79
    },
    {
      "valid": true,
      "cx": 148.7,
      "cy": 71.67,
      "area": 434,
      "det_score": 0.4669,
      "sam_score": 0.9613,
      "box": [
        135.7,
        60.8,
        162.8,
        83.1
      ],
      "repeats": [
        [
          148.67000000000002,
          71.63
        ],
        [
          148.76,
          71.66
        ],
        [
          148.73000000000002,
          71.61
        ],
        [
          148.82999999999998,
          71.58
        ],
        [
          149.9,
          71.64
        ]
      ],
      "idx": 1411,
      "mislabel": false,
      "mislabel_reason": "ok",
      "e_unet": 0.91
    },
    {
      "valid": true,
      "cx": 147.97,
      "cy": 72.00999999999999,
      "area": 435,
      "det_score": 0.4566,
      "sam_score": 0.9612,
      "box": [
        135.0,
        60.9,
        162.3,
        83.5
      ],
      "repeats": [
        [
          148.1,
          71.87
        ],
        [
          148.04000000000002,
          72.00999999999999
        ],
        [
          148.07,
          71.86
        ],
        [
          148.13,
          71.89
        ],
        [
          149.3,
          71.95
        ]
      ],
      "idx": 1412,
      "mislabel": false,
      "mislabel_reason": "ok",
      "e_unet": 0.97
    },
    {
      "valid": true,
      "cx": 147.4,
      "cy": 72.19,
      "area": 437,
      "det_score": 0.4525,
      "sam_score": 0.9604,
      "box": [
        134.4,
        61.1,
        161.5,
        83.7
      ],
      "repeats": [
        [
          147.28,
          72.14
        ],
        [
          147.41,
          72.24000000000001
        ],
        [
          147.38,
          72.16
        ],
        [
          147.45,
          72.12
        ],
        [
          148.5,
          72.17
        ]
      ],
      "idx": 1413,
      "mislabel": false,
      "mislabel_reason": "ok",
      "e_unet": 1.0
    }
  ]
}