{
  "prompt": "black pupil.",
  "gsam2_centers": [
    {
      "valid": true,
      "cx": 158.37,
      "cy": 135.92000000000002,
      "area": 771,
      "det_score": 0.4269,
      "sam_score": 0.9719,
      "box": [
        142.1,
        119.7,
        176.1,
        152.5
      ],
      "repeats": [
        [
          158.29,
          135.89
        ],
        [
          158.33,
          136.0
        ],
        [
          158.35,
          135.99
        ],
        [
          158.43,
          135.82999999999998
        ],
        [
          159.54,
          135.89
        ]
      ],
      "idx": 2205,
      "mislabel": false,
      "mislabel_reason": "ok",
      "e_unet": 0.75
    },
    {
      "valid": true,
      "cx": 158.19,
      "cy": 135.55,
      "area": 759,
      "det_score": 0.3969,
      "sam_score": 0.9717,
      "box": [
        141.9,
        119.6,
        175.9,
        151.9
      ],
      "repeats": [
        [
          158.2,
          135.44
        ],
        [
          158.21,
          135.65
        ],
        [
          158.19,
          135.56
        ],
        [
          158.23,
          135.51
        ],
        [
          159.3,
          135.51999999999998
        ]
      ],
      "idx": 2206,
      "mislabel": false,
      "mislabel_reason": "ok",
      "e_unet": 0.82
    },
    {
      "valid": true,
      "cx": 158.44,
      "cy": 135.31,
      "area": 753,
      "det_score": 0.3741,
      "sam_score": 0.9714,
      "box": [
        142.2,
        119.3,
        176.1,
        151.6
      ],
      "repeats": [
        [
          158.46,
          135.31
        ],
        [
          158.47,
          135.34
        ],
        [
          158.47,
          135.31
        ],
        [
          158.59,
          135.19
        ],
        [
          159.68,
          135.32
        ]
      ],
      "idx": 2207,
      "mislabel": false,
      "mislabel_reason": "ok",
      "e_unet": 0.79
    },
    {
      "valid": true,
      "cx": 158.43,
      "cy": 135.15,
      "area": 755,
      "det_score": 0.3696,
      "sam_score": 0.9709,
      "box": [
        142.2,
        119.2,
        176.1,
        151.3
      ],
      "repeats": [
        [
          158.38,
          135.16
        ],
        [
          158.46,
          135.2
        ],
        [
          158.44,
          135.18
        ],
        [
          158.49,
          135.07
        ],
        [
          159.53,
          135.14
        ]
      ],
      "idx": 2208,
      "mislabel": false,
      "mislabel_reason": "ok",
      "e_unet": 0.78
    },
    {
      "valid": true,
      "cx": 158.47,
      "cy": 135.18,
      "area": 756,
      "det_score": 0.3733,
      "sam_score": 0.9694,
      "box": [
        142.3,
        119.2,
        176.2,
        151.3
      ],
      "repeats": [
        [
          158.44,
          135.03
        ],
        [
          158.52,
          135.2
        ],
        [
          158.56,
          135.12
        ],
        [
          158.55,
          135.05
        ],
        [
          159.65,
          135.11
        ]
      ],
      "idx": 2209,
      "mislabel": false,
      "mislabel_reason": "ok",
      "e_unet": 0.78
    },
    {
      "valid": true,
      "cx": 158.64,
      "cy": 134.98000000000002,
      "area": 752,
      "det_score": 0.36,
      "sam_score": 0.9709,
      "box": [
        142.5,
        119.1,
        176.3,
        151.2
      ],
      "repeats": [
        [
          158.66,
          134.98000000000002
        ],
        [
          158.73,
          135.04000000000002
        ],
        [
          158.67,
          135.01999999999998
        ],
        [
          158.73,
          134.93
        ],
        [
          159.75,
          135.07999999999998
        ]
      ],
      "idx": 2210,
      "mislabel": false,
      "mislabel_reason": "ok",
      "e_unet": 0.69
    },
    {
      "valid": true,
      "cx": 158.49,
      "cy": 135.0,
      "area": 747,
      "det_score": 0.3801,
      "sam_score": 0.9709,
      "box": [
        142.4,
        119.2,
        176.2,
        151.0
      ],
      "repeats": [
        [
          158.48,
          134.93
        ],
        [
          158.59,
          135.03
        ],
        [
          158.62,
          134.97
        ],
        [
          158.62,
          134.86
        ],
        [
          159.68,
          135.01
        ]
      ],
      "idx": 2211,
      "mislabel": false,
      "mislabel_reason": "ok",
      "e_unet": 0.68
    },
    {
      "valid": true,
      "cx": 158.7,
      "cy": 134.95,
      "area": 746,
      "det_score": 0.3836,
      "sam_score": 0.9707,
      "box": [
        142.6,
        119.1,
        176.3,
        150.8
      ],
      "repeats": [
        [
          158.72,
          134.89
        ],
        [
          158.74,
          134.95999999999998
        ],
        [
          158.79,
          134.89
        ],
        [
          158.84,
          134.81
        ],
        [
          159.88,
          134.91
        ]
      ],
      "idx": 2212,
      "mislabel": false,
      "mislabel_reason": "ok",
      "e_unet": 0.79
    },
    {
      "valid": true,
      "cx": 157.66,
      "cy": 133.78,
      "area": 716,
      "det_score": 0.3806,
      "sam_score": 0.9707,
      "box": [
        141.5,
        118.1,
        175.2,
        149.6
      ],
      "repeats": [
        [
          157.61,
          133.7
        ],
        [
          157.65,
          133.79000000000002
        ],
        [
          157.63,
          133.76
        ],
        [
          157.69,
          133.68
        ],
        [
          158.71,
          133.75
        ]
      ],
      "idx": 2213,
      "mislabel": false,
      "mislabel_reason": "ok",
      "e_unet": 0.71
    },
    {
      "valid": true,
      "cx": 157.71,
      "cy": 133.36,
      "area": 725,
      "det_score": 0.3701,
      "sam_score": 0.9705,
      "box": [
        141.6,
        117.8,
        175.4,
        149.2
      ],
      "repeats": [
        [
          157.73,
          133.26
        ],
        [
          157.74,
          133.45
        ],
        [
          157.74,
          133.36
        ],
        [
          157.8,
          133.23000000000002
        ],
        [
          158.87,
          133.43
        ]
      ],
      "idx": 2214,
      "mislabel": false,
      "mislabel_reason": "ok",
      "e_unet": 0.67
    },
    {
      "valid": true,
      "cx": 157.65,
      "cy": 133.19,
      "area": 732,
      "det_score": 0.3782,
      "sam_score": 0.9705,
      "box": [
        141.4,
        117.7,
        175.5,
        149.1
      ],
      "repeats": [
        [
          157.68,
          133.19
        ],
        [
          157.76,
          133.24
        ],
        [
          157.7,
          133.22
        ],
        [
          157.75,
          133.15
        ],
        [
          158.83,
          133.26
        ]
      ],
      "idx": 2215,
      "mislabel": false,
      "mislabel_reason": "ok",
      "e_unet": 0.61
    }
  ]
}