{
  "prompt": "black pupil.",
  "gsam2_centers": [
    {
      "valid": true,
      "cx": 92.26,
      "cy": 109.44,
      "area": 369,
      "det_score": 0.3416,
      "sam_score": 0.9399,
      "box": [
        82.8,
        95.3,
        101.5,
        122.7
      ],
      "repeats": [
        [
          91.67,
          109.04
        ],
        [
          92.52,
          109.64
        ],
        [
          92.38,
          109.53
        ],
        [
          92.75,
          109.13
        ],
        [
          93.28,
          109.36
        ]
      ],
      "idx": 2505,
      "mislabel": false,
      "mislabel_reason": "ok",
      "e_unet": 1.97
    },
    {
      "valid": true,
      "cx": 92.51,
      "cy": 108.75,
      "area": 366,
      "det_score": 0.3315,
      "sam_score": 0.9403,
      "box": [
        82.9,
        95.1,
        101.5,
        122.7
      ],
      "repeats": [
        [
          91.68,
          108.79
        ],
        [
          92.4,
          108.94
        ],
        [
          92.44,
          109.08
        ],
        [
          92.7,
          108.96
        ],
        [
          93.22999999999999,
          108.9
        ]
      ],
      "idx": 2506,
      "mislabel": false,
      "mislabel_reason": "ok",
      "e_unet": 1.95
    },
    {
      "valid": true,
      "cx": 92.02,
      "cy": 108.6,
      "area": 353,
      "det_score": 0.3357,
      "sam_score": 0.9477,
      "box": [
        82.9,
        95.0,
        101.4,
        122.3
      ],
      "repeats": [
        [
          91.74,
          108.43
        ],
        [
          92.01,
          108.67
        ],
        [
          91.98,
          108.63
        ],
        [
          92.04,
          108.53
        ],
        [
          93.03999999999999,
          108.51
        ]
      ],
      "idx": 2507,
      "mislabel": false,
      "mislabel_reason": "ok",
      "e_unet": 1.63
    },
    {
      "valid": true,
      "cx": 91.83,
      "cy": 107.42,
      "area": 359,
      "det_score": 0.3655,
      "sam_score": 0.9387,
      "box": [
        82.8,
        93.3,
        101.7,
        120.8
      ],
      "repeats": [
        [
          91.71,
          107.23
        ],
        [
          91.96,
          107.57
        ],
        [
          92.01,
          107.34
        ],
        [
          92.36,
          107.37
        ],
        [
          93.19,
          107.26
        ]
      ],
      "idx": 2508,
      "mislabel": false,
      "mislabel_reason": "ok",
      "e_unet": 1.72
    },
    {
      "valid": true,
      "cx": 91.29,
      "cy": 104.24,
      "area": 322,
      "det_score": 0.3091,
      "sam_score": 0.9424,
      "box": [
        82.7,
        91.2,
        101.0,
        117.8
      ],
      "repeats": [
        [
          91.19,
          104.1
        ],
        [
          91.37,
          104.18
        ],
        [
          91.36,
          104.17
        ],
        [
          91.48,
          103.88
        ],
        [
          92.37,
          104.18
        ]
      ],
      "idx": 2509,
      "mislabel": false,
      "mislabel_reason": "ok",
      "e_unet": 1.47
    },
    {
      "valid": true,
      "cx": 91.27,
      "cy": 103.8,
      "area": 325,
      "det_score": 0.3081,
      "sam_score": 0.9402,
      "box": [
        82.6,
        90.6,
        100.9,
        117.4
      ],
      "repeats": [
        [
          91.2,
          103.75
        ],
        [
          91.38,
          104.09
        ],
        [
          91.37,
          103.92
        ],
        [
          91.54,
          103.65
        ],
        [
          92.41999999999999,
          103.82
        ]
      ],
      "idx": 2510,
      "mislabel": false,
      "mislabel_reason": "ok",
      "e_unet": 1.45
    },
    {
      "valid": true,
      "cx": 91.28,
      "cy": 103.66,
      "area": 326,
      "det_score": 0.3109,
      "sam_score": 0.9383,
      "box": [
        82.6,
        90.5,
        101.0,
        117.3
      ],
      "repeats": [
        [
          91.19,
          103.48
        ],
        [
          91.44,
          103.88
        ],
        [
          91.34,
          103.62
        ],
        [
          91.48,
          103.65
        ],
        [
          92.44999999999999,
          103.71
        ]
      ],
      "idx": 2511,
      "mislabel": false,
      "mislabel_reason": "ok",
      "e_unet": 1.36
    },
    {
      "valid": true,
      "cx": 91.22,
      "cy": 103.65,
      "area": 330,
      "det_score": 0.3115,
      "sam_score": 0.9419,
      "box": [
        82.6,
        90.5,
        101.2,
        117.5
      ],
      "repeats": [
        [
          91.2,
          103.44
        ],
        [
          91.34,
          103.67
        ],
        [
          91.29,
          103.62
        ],
        [
          91.44,
          103.45
        ],
        [
          92.41999999999999,
          103.62
        ]
      ],
      "idx": 2512,
      "mislabel": false,
      "mislabel_reason": "ok",
      "e_unet": 1.32
    },
    {
      "valid": true,
      "cx": 91.14,
      "cy": 103.54,
      "area": 332,
      "det_score": 0.3002,
      "sam_score": 0.9451,
      "box": [
        82.5,
        90.2,
        101.1,
        117.6
      ],
      "repeats": [
        [
          91.08,
          103.43
        ],
        [
          91.27,
          103.61
        ],
        [
          91.2,
          103.51
        ],
        [
          91.27,
          103.39
        ],
        [
          92.24000000000001,
          103.54
        ]
      ],
      "idx": 2513,
      "mislabel": false,
      "mislabel_reason": "ok",
      "e_unet": 1.5
    },
    {
      "valid": true,
      "cx": 91.72,
      "cy": 97.93,
      "area": 301,
      "det_score": 0.25,
      "sam_score": 0.935,
      "box": [
        82.8,
        85.3,
        101.3,
        111.1
      ],
      "repeats": [
        [
          91.63,
          97.78
        ],
        [
          91.81,
          97.97
        ],
        [
          91.76,
          97.89
        ],
        [
          91.89,
          97.53
        ],
        [
          92.94,
          97.86
        ]
      ],
      "idx": 2514,
      "mislabel": false,
      "mislabel_reason": "ok",
      "e_unet": 1.4
    },
    {
      "valid": true,
      "cx": 92.24,
      "cy": 92.51,
      "area": 274,
      "det_score": 0.2753,
      "sam_score": 0.9231,
      "box": [
        83.1,
        80.8,
        101.7,
        105.6
      ],
      "repeats": [
        [
          92.03,
          92.41
        ],
        [
          92.28,
          92.84
        ],
        [
          92.32,
          92.75
        ],
        [
          92.54,
          92.17
        ],
        [
          93.27000000000001,
          92.82
        ]
      ],
      "idx": 2515,
      "mislabel": false,
      "mislabel_reason": "ok",
      "e_unet": 0.93
    }
  ]
}