{
  "prompt": "black pupil.",
  "gsam2_centers": [
    {
      "valid": true,
      "cx": 140.38,
      "cy": 141.1,
      "area": 724,
      "det_score": 0.3552,
      "sam_score": 0.9688,
      "box": [
        125.9,
        123.1,
        156.1,
        159.2
      ],
      "repeats": [
        [
          140.32999999999998,
          141.09
        ],
        [
          140.45,
          141.08
        ],
        [
          140.45999999999998,
          141.05
        ],
        [
          140.66,
          140.91
        ],
        [
          141.54,
          141.02
        ]
      ],
      "idx": 1205,
      "mislabel": false,
      "mislabel_reason": "ok",
      "e_unet": 0.75
    },
    {
      "valid": true,
      "cx": 140.01,
      "cy": 140.91,
      "area": 736,
      "det_score": 0.384,
      "sam_score": 0.9689,
      "box": [
        125.5,
        122.8,
        155.5,
        159.1
      ],
      "repeats": [
        [
          139.94,
          140.84
        ],
        [
          140.03,
          140.97
        ],
        [
          140.03,
          140.92
        ],
        [
          140.1,
          140.75
        ],
        [
          141.25,
          140.85
        ]
      ],
      "idx": 1206,
      "mislabel": false,
      "mislabel_reason": "ok",
      "e_unet": 0.62
    },
    {
      "valid": true,
      "cx": 139.61,
      "cy": 140.82,
      "area": 741,
      "det_score": 0.3684,
      "sam_score": 0.969,
      "box": [
        124.8,
        122.7,
        155.2,
        159.2
      ],
      "repeats": [
        [
          139.61,
          140.73
        ],
        [
          139.6,
          140.94
        ],
        [
          139.61,
          140.81
        ],
        [
          139.68,
          140.76
        ],
        [
          140.76,
          140.87
        ]
      ],
      "idx": 1207,
      "mislabel": false,
      "mislabel_reason": "ok",
      "e_unet": 0.55
    },
    {
      "valid": true,
      "cx": 139.49,
      "cy": 141.19,
      "area": 743,
      "det_score": 0.3458,
      "sam_score": 0.9702,
      "box": [
        124.8,
        122.9,
        155.2,
        159.5
      ],
      "repeats": [
        [
          139.45,
          141.05
        ],
        [
          139.48000000000002,
          141.26
        ],
        [
          139.51,
          141.16
        ],
        [
          139.51999999999998,
          141.12
        ],
        [
          140.62,
          141.18
        ]
      ],
      "idx": 1208,
      "mislabel": false,
      "mislabel_reason": "ok",
      "e_unet": 0.63
    },
    {
      "valid": true,
      "cx": 138.07,
      "cy": 141.28,
      "area": 724,
      "det_score": 0.3477,
      "sam_score": 0.9686,
      "box": [
        123.8,
        122.8,
        153.7,
        159.4
      ],
      "repeats": [
        [
          138.16,
          141.1
        ],
        [
          138.18,
          141.2
        ],
        [
          138.16,
          141.13
        ],
        [
          138.24,
          141.12
        ],
        [
          139.39,
          141.09
        ]
      ],
      "idx": 1209,
      "mislabel": false,
      "mislabel_reason": "ok",
      "e_unet": 0.74
    },
    {
      "valid": true,
      "cx": 137.9,
      "cy": 141.12,
      "area": 727,
      "det_score": 0.3044,
      "sam_score": 0.9695,
      "box": [
        123.5,
        122.7,
        153.6,
        159.5
      ],
      "repeats": [
        [
          137.9,
          141.1
        ],
        [
          137.92000000000002,
          141.12
        ],
        [
          137.92000000000002,
          141.16
        ],
        [
          137.98000000000002,
          141.06
        ],
        [
          139.13,
          140.97
        ]
      ],
      "idx": 1210,
      "mislabel": false,
      "mislabel_reason": "ok",
      "e_unet": 0.54
    },
    {
      "valid": true,
      "cx": 137.73000000000002,
      "cy": 140.84,
      "area": 736,
      "det_score": 0.2857,
      "sam_score": 0.9685,
      "box": [
        123.2,
        122.5,
        153.4,
        159.4
      ],
      "repeats": [
        [
          137.73000000000002,
          140.81
        ],
        [
          137.76999999999998,
          140.87
        ],
        [
          137.76999999999998,
          140.87
        ],
        [
          137.8,
          140.76
        ],
        [
          138.88,
          140.92
        ]
      ],
      "idx": 1211,
      "mislabel": false,
      "mislabel_reason": "ok",
      "e_unet": 0.45
    },
    {
      "valid": true,
      "cx": 137.84,
      "cy": 140.49,
      "area": 741,
      "det_score": 0.3481,
      "sam_score": 0.9684,
      "box": [
        123.2,
        122.1,
        153.5,
        159.3
      ],
      "repeats": [
        [
          137.79000000000002,
          140.52
        ],
        [
          137.72,
          140.76
        ],
        [
          137.8,
          140.65
        ],
        [
          137.89,
          140.47
        ],
        [
          139.03,
          140.5
        ]
      ],
      "idx": 1212,
      "mislabel": false,
      "mislabel_reason": "ok",
      "e_unet": 0.45
    },
    {
      "valid": true,
      "cx": 137.82,
      "cy": 140.54,
      "area": 746,
      "det_score": 0.3049,
      "sam_score": 0.969,
      "box": [
        123.1,
        122.0,
        153.4,
        159.2
      ],
      "repeats": [
        [
          137.76999999999998,
          140.4
        ],
        [
          137.81,
          140.5
        ],
        [
          137.8,
          140.39
        ],
        [
          137.84,
          140.48
        ],
        [
          138.91,
          140.47
        ]
      ],
      "idx": 1213,
      "mislabel": false,
      "mislabel_reason": "ok",
      "e_unet": 0.72
    },
    {
      "valid": true,
      "cx": 137.88,
      "cy": 140.06,
      "area": 752,
      "det_score": 0.3313,
      "sam_score": 0.9696,
      "box": [
        123.1,
        121.5,
        153.5,
        158.9
      ],
      "repeats": [
        [
          137.9,
          140.02
        ],
        [
          137.88,
          140.27
        ],
        [
          137.94,
          140.11
        ],
        [
          138.0,
          139.97
        ],
        [
          139.09,
          140.04
        ]
      ],
      "idx": 1214,
      "mislabel": false,
      "mislabel_reason": "ok",
      "e_unet": 0.45
    },
    {
      "valid": true,
      "cx": 138.0,
      "cy": 139.98,
      "area": 742,
      "det_score": 0.3314,
      "sam_score": 0.9705,
      "box": [
        123.2,
        121.5,
        153.7,
        158.8
      ],
      "repeats": [
        [
          137.89,
          139.98
        ],
        [
          138.04000000000002,
          140.08
        ],
        [
          138.04000000000002,
          139.99
        ],
        [
          138.13,
          139.91
        ],
        [
          139.19,
          139.96
        ]
      ],
      "idx": 1215,
      "mislabel": false,
      "mislabel_reason": "ok",
      "e_unet": 0.58
    }
  ]
}