{
  "prompt": "black pupil.",
  "gsam2_centers": [
    {
      "valid": true,
      "cx": 131.12,
      "cy": 120.86,
      "area": 676,
      "det_score": 0.5006,
      "sam_score": 0.9622,
      "box": [
        117.1,
        104.2,
        145.9,
        137.9
      ],
      "repeats": [
        [
          131.07999999999998,
          120.89
        ],
        [
          131.11,
          120.96
        ],
        [
          131.13,
          120.92
        ],
        [
          131.24,
          120.83
        ],
        [
          132.29,
          120.92
        ]
      ],
      "idx": 705,
      "mislabel": false,
      "mislabel_reason": "ok",
      "e_unet": 0.86
    },
    {
      "valid": true,
      "cx": 131.23000000000002,
      "cy": 120.93,
      "area": 681,
      "det_score": 0.5129,
      "sam_score": 0.9612,
      "box": [
        117.2,
        104.3,
        145.9,
        137.9
      ],
      "repeats": [
        [
          131.26,
          120.92
        ],
        [
          131.26,
          121.03
        ],
        [
          131.25,
          120.99
        ],
        [
          131.35,
          120.81
        ],
        [
          132.36,
          120.98
        ]
      ],
      "idx": 706,
      "mislabel": false,
      "mislabel_reason": "ok",
      "e_unet": 0.96
    },
    {
      "valid": true,
      "cx": 131.26,
      "cy": 120.9,
      "area": 681,
      "det_score": 0.5143,
      "sam_score": 0.9614,
      "box": [
        117.3,
        104.4,
        146.0,
        137.8
      ],
      "repeats": [
        [
          131.25,
          120.86
        ],
        [
          131.26999999999998,
          120.99
        ],
        [
          131.24,
          120.95
        ],
        [
          131.32,
          120.79
        ],
        [
          132.37,
          120.92
        ]
      ],
      "idx": 707,
      "mislabel": false,
      "mislabel_reason": "ok",
      "e_unet": 1.02
    },
    {
      "valid": true,
      "cx": 131.3,
      "cy": 120.83,
      "area": 678,
      "det_score": 0.5015,
      "sam_score": 0.9639,
      "box": [
        117.4,
        104.2,
        146.0,
        137.7
      ],
      "repeats": [
        [
          131.3,
          120.72
        ],
        [
          131.3,
          120.93
        ],
        [
          131.31,
          120.85
        ],
        [
          131.35,
          120.76
        ],
        [
          132.4,
          120.8
        ]
      ],
      "idx": 708,
      "mislabel": false,
      "mislabel_reason": "ok",
      "e_unet": 0.94
    },
    {
      "valid": true,
      "cx": 131.34,
      "cy": 120.72,
      "area": 679,
      "det_score": 0.5208,
      "sam_score": 0.9626,
      "box": [
        117.3,
        103.8,
        146.0,
        137.8
      ],
      "repeats": [
        [
          131.29000000000002,
          120.65
        ],
        [
          131.32,
          120.84
        ],
        [
          131.28,
          120.72
        ],
        [
          131.36,
          120.61
        ],
        [
          132.44,
          120.73
        ]
      ],
      "idx": 709,
      "mislabel": false,
      "mislabel_reason": "ok",
      "e_unet": 0.99
    },
    {
      "valid": true,
      "cx": 131.39,
      "cy": 120.57,
      "area": 680,
      "det_score": 0.5222,
      "sam_score": 0.9644,
      "box": [
        117.4,
        103.8,
        146.1,
        137.6
      ],
      "repeats": [
        [
          131.34,
          120.53
        ],
        [
          131.38,
          120.73
        ],
        [
          131.32999999999998,
          120.67
        ],
        [
          131.5,
          120.43
        ],
        [
          132.53,
          120.61
        ]
      ],
      "idx": 710,
      "mislabel": false,
      "mislabel_reason": "ok",
      "e_unet": 1.02
    },
    {
      "valid": true,
      "cx": 132.31,
      "cy": 120.22,
      "area": 692,
      "det_score": 0.5075,
      "sam_score": 0.9635,
      "box": [
        118.3,
        103.5,
        147.2,
        137.6
      ],
      "repeats": [
        [
          132.3,
          120.24
        ],
        [
          132.28,
          120.38
        ],
        [
          132.29000000000002,
          120.35
        ],
        [
          132.39,
          120.18
        ],
        [
          133.43,
          120.19
        ]
      ],
      "idx": 711,
      "mislabel": false,
      "mislabel_reason": "ok",
      "e_unet": 1.36
    },
    {
      "valid": true,
      "cx": 147.47,
      "cy": 117.59,
      "area": 547,
      "det_score": 0.4045,
      "sam_score": 0.9612,
      "box": [
        132.0,
        107.1,
        164.5,
        131.0
      ],
      "repeats": [
        [
          147.6,
          117.56
        ],
        [
          147.65,
          117.57
        ],
        [
          147.53,
          117.54
        ],
        [
          147.31,
          118.11
        ],
        [
          148.7,
          117.64
        ]
      ],
      "idx": 712,
      "mislabel": false,
      "mislabel_reason": "ok",
      "e_unet": 0.45
    },
    {
      "valid": false,
      "reason": "no_detection",
      "idx": 713,
      "mislabel": false,
      "mislabel_reason": "invalid",
      "e_unet": null
    },
    {
      "valid": false,
      "reason": "no_detection",
      "idx": 714,
      "mislabel": false,
      "mislabel_reason": "invalid",
      "e_unet": null
    },
    {
      "valid": true,
      "cx": 174.45,
      "cy": 106.76,
      "area": 520,
      "det_score": 0.3522,
      "sam_score": 0.9551,
      "box": [
        158.3,
        96.4,
        192.0,
        118.8
      ],
      "repeats": [
        [
          174.18,
          106.62
        ],
        [
          174.52,
          107.05
        ],
        [
          174.35,
          106.96
        ],
        [
          174.43,
          107.12
        ],
        [
          175.69,
          106.71
        ]
      ],
      "idx": 715,
      "mislabel": false,
      "mislabel_reason": "ok",
      "e_unet": 0.74
    }
  ]
}