{
  "prompt": "black pupil.",
  "gsam2_centers": [
    {
      "valid": true,
      "cx": 149.95999999999998,
      "cy": 150.38,
      "area": 1084,
      "det_score": 0.3967,
      "sam_score": 0.9746,
      "box": [
        132.5,
        130.3,
        169.1,
        170.5
      ],
      "repeats": [
        [
          149.97,
          150.3
        ],
        [
          150.05,
          150.43
        ],
        [
          150.0,
          150.36
        ],
        [
          150.04000000000002,
          150.34
        ],
        [
          151.26,
          150.42
        ]
      ],
      "idx": 707,
      "mislabel": false,
      "mislabel_reason": "ok",
      "e_unet": 0.75
    },
    {
      "valid": true,
      "cx": 151.43,
      "cy": 150.26,
      "area": 1070,
      "det_score": 0.4135,
      "sam_score": 0.973,
      "box": [
        134.0,
        130.4,
        170.5,
        170.2
      ],
      "repeats": [
        [
          151.4,
          150.22
        ],
        [
          151.42000000000002,
          150.3
        ],
        [
          151.43,
          150.23
        ],
        [
          151.49,
          150.18
        ],
        [
          152.67,
          150.19
        ]
      ],
      "idx": 708,
      "mislabel": false,
      "mislabel_reason": "ok",
      "e_unet": 0.77
    },
    {
      "valid": true,
      "cx": 156.23,
      "cy": 149.73,
      "area": 1072,
      "det_score": 0.4266,
      "sam_score": 0.9765,
      "box": [
        138.4,
        130.1,
        175.7,
        169.6
      ],
      "repeats": [
        [
          156.2,
          149.71
        ],
        [
          156.26,
          149.77
        ],
        [
          156.23,
          149.76
        ],
        [
          156.34,
          149.67
        ],
        [
          157.44,
          149.78
        ]
      ],
      "idx": 709,
      "mislabel": false,
      "mislabel_reason": "ok",
      "e_unet": 0.81
    },
    {
      "valid": true,
      "cx": 158.92,
      "cy": 149.33,
      "area": 1075,
      "det_score": 0.3785,
      "sam_score": 0.9742,
      "box": [
        141.0,
        129.8,
        178.2,
        169.0
      ],
      "repeats": [
        [
          158.92,
          149.25
        ],
        [
          158.95,
          149.34
        ],
        [
          158.93,
          149.28
        ],
        [
          158.94,
          149.28
        ],
        [
          160.2,
          149.39
        ]
      ],
      "idx": 710,
      "mislabel": false,
      "mislabel_reason": "ok",
      "e_unet": 0.78
    },
    {
      "valid": true,
      "cx": 160.4,
      "cy": 149.27,
      "area": 1071,
      "det_score": 0.3578,
      "sam_score": 0.9753,
      "box": [
        142.7,
        129.8,
        179.9,
        168.7
      ],
      "repeats": [
        [
          160.44,
          149.21
        ],
        [
          160.47,
          149.32
        ],
        [
          160.41,
          149.22
        ],
        [
          160.56,
          149.12
        ],
        [
          161.66,
          149.15
        ]
      ],
      "idx": 711,
      "mislabel": false,
      "mislabel_reason": "ok",
      "e_unet": 0.76
    },
    {
      "valid": true,
      "cx": 162.41,
      "cy": 148.98,
      "area": 1067,
      "det_score": 0.3608,
      "sam_score": 0.9751,
      "box": [
        144.4,
        129.8,
        181.9,
        168.4
      ],
      "repeats": [
        [
          162.38,
          148.99
        ],
        [
          162.45,
          149.04
        ],
        [
          162.39,
          149.02
        ],
        [
          162.53,
          148.87
        ],
        [
          163.54,
          149.03
        ]
      ],
      "idx": 712,
      "mislabel": false,
      "mislabel_reason": "ok",
      "e_unet": 0.71
    },
    {
      "valid": true,
      "cx": 164.71,
      "cy": 149.0,
      "area": 1079,
      "det_score": 0.3597,
      "sam_score": 0.9756,
      "box": [
        146.5,
        129.5,
        183.9,
        168.4
      ],
      "repeats": [
        [
          164.68,
          148.92
        ],
        [
          164.69,
          149.08
        ],
        [
          164.74,
          148.96
        ],
        [
          164.81,
          148.84
        ],
        [
          165.83,
          149.01
        ]
      ],
      "idx": 713,
      "mislabel": false,
      "mislabel_reason": "ok",
      "e_unet": 0.81
    }
  ]
}