{
  "prompt": "black pupil.",
  "gsam2_centers": [
    {
      "valid": true,
      "cx": 107.83,
      "cy": 97.03,
      "area": 477,
      "det_score": 0.4838,
      "sam_score": 0.9531,
      "box": [
        96.5,
        84.2,
        119.9,
        111.8
      ],
      "repeats": [
        [
          107.69,
          97.18
        ],
        [
          107.74,
          97.58
        ],
        [
          107.65,
          97.53
        ],
        [
          108.0,
          96.96
        ],
        [
          108.96000000000001,
          97.28
        ]
      ],
      "idx": 1605,
      "mislabel": false,
      "mislabel_reason": "ok",
      "e_unet": 0.95
    },
    {
      "valid": true,
      "cx": 107.57,
      "cy": 97.49,
      "area": 482,
      "det_score": 0.4678,
      "sam_score": 0.9527,
      "box": [
        96.0,
        84.2,
        119.6,
        111.9
      ],
      "repeats": [
        [
          107.66,
          97.34
        ],
        [
          107.48,
          97.75
        ],
        [
          107.44,
          97.74
        ],
        [
          107.81,
          97.09
        ],
        [
          108.78999999999999,
          97.34
        ]
      ],
      "idx": 1606,
      "mislabel": false,
      "mislabel_reason": "ok",
      "e_unet": 1.03
    },
    {
      "valid": true,
      "cx": 107.06,
      "cy": 96.73,
      "area": 467,
      "det_score": 0.432,
      "sam_score": 0.9551,
      "box": [
        95.7,
        83.8,
        119.0,
        111.4
      ],
      "repeats": [
        [
          107.15,
          96.48
        ],
        [
          106.99,
          97.22
        ],
        [
          106.89,
          97.17
        ],
        [
          107.2,
          96.34
        ],
        [
          108.21000000000001,
          96.93
        ]
      ],
      "idx": 1607,
      "mislabel": false,
      "mislabel_reason": "ok",
      "e_unet": 1.01
    },
    {
      "valid": true,
      "cx": 107.05,
      "cy": 96.71,
      "area": 471,
      "det_score": 0.4208,
      "sam_score": 0.9564,
      "box": [
        95.7,
        83.5,
        119.0,
        111.4
      ],
      "repeats": [
        [
          107.21,
          96.52
        ],
        [
          106.98,
          97.11
        ],
        [
          106.93,
          97.01
        ],
        [
          107.32,
          96.45
        ],
        [
          108.21000000000001,
          96.88
        ]
      ],
      "idx": 1608,
      "mislabel": false,
      "mislabel_reason": "ok",
      "e_unet": 0.97
    },
    {
      "valid": true,
      "cx": 106.95,
      "cy": 96.69,
      "area": 473,
      "det_score": 0.4373,
      "sam_score": 0.9566,
      "box": [
        95.7,
        83.2,
        119.1,
        111.4
      ],
      "repeats": [
        [
          107.01,
          96.63
        ],
        [
          107.0,
          96.97
        ],
        [
          106.97,
          96.95
        ],
        [
          107.25,
          96.31
        ],
        [
          108.09,
          96.81
        ]
      ],
      "idx": 1609,
      "mislabel": false,
      "mislabel_reason": "ok",
      "e_unet": 0.9
    },
    {
      "valid": true,
      "cx": 106.95,
      "cy": 96.66,
      "area": 474,
      "det_score": 0.4832,
      "sam_score": 0.9564,
      "box": [
        95.6,
        83.3,
        119.1,
        111.3
      ],
      "repeats": [
        [
          106.97,
          96.67
        ],
        [
          107.02,
          96.96
        ],
        [
          106.95,
          96.93
        ],
        [
          107.23,
          96.38
        ],
        [
          108.07,
          96.72
        ]
      ],
      "idx": 1610,
      "mislabel": false,
      "mislabel_reason": "ok",
      "e_unet": 0.97
    },
    {
      "valid": true,
      "cx": 107.34,
      "cy": 96.58,
      "area": 467,
      "det_score": 0.498,
      "sam_score": 0.9566,
      "box": [
        96.1,
        82.8,
        119.6,
        110.8
      ],
      "repeats": [
        [
          107.47,
          96.29
        ],
        [
          107.41,
          96.78
        ],
        [
          107.36,
          96.65
        ],
        [
          107.75,
          96.11
        ],
        [
          108.6,
          96.53
        ]
      ],
      "idx": 1611,
      "mislabel": false,
      "mislabel_reason": "ok",
      "e_unet": 1.19
    },
    {
      "valid": true,
      "cx": 119.01,
      "cy": 81.65,
      "area": 455,
      "det_score": 0.4194,
      "sam_score": 0.9522,
      "box": [
        106.6,
        68.9,
        132.2,
        94.4
      ],
      "repeats": [
        [
          118.87,
          81.69
        ],
        [
          118.94,
          81.73
        ],
        [
          118.93,
          81.62
        ],
        [
          119.02,
          81.63
        ],
        [
          120.05000000000001,
          81.59
        ]
      ],
      "idx": 1612,
      "mislabel": false,
      "mislabel_reason": "ok",
      "e_unet": 1.11
    },
    {
      "valid": true,
      "cx": 125.93,
      "cy": 73.99000000000001,
      "area": 419,
      "det_score": 0.4129,
      "sam_score": 0.9479,
      "box": [
        113.0,
        63.2,
        138.9,
        85.5
      ],
      "repeats": [
        [
          125.6,
          73.93
        ],
        [
          125.77,
          74.08
        ],
        [
          126.07,
          73.88
        ],
        [
          126.16,
          73.77000000000001
        ],
        [
          126.93,
          74.0
        ]
      ],
      "idx": 1613,
      "mislabel": false,
      "mislabel_reason": "ok",
      "e_unet": 1.35
    },
    {
      "valid": true,
      "cx": 126.1,
      "cy": 73.93,
      "area": 438,
      "det_score": 0.406,
      "sam_score": 0.9501,
      "box": [
        113.1,
        62.5,
        139.3,
        85.7
      ],
      "repeats": [
        [
          125.71,
          73.91
        ],
        [
          126.12,
          73.97
        ],
        [
          126.07,
          73.85
        ],
        [
          126.1,
          73.88
        ],
        [
          127.12,
          73.99000000000001
        ]
      ],
      "idx": 1614,
      "mislabel": false,
      "mislabel_reason": "ok",
      "e_unet": 0.85
    },
    {
      "valid": true,
      "cx": 126.48,
      "cy": 73.93,
      "area": 439,
      "det_score": 0.3986,
      "sam_score": 0.954,
      "box": [
        113.3,
        62.7,
        139.7,
        85.6
      ],
      "repeats": [
        [
          125.97,
          74.04
        ],
        [
          126.33,
          74.16
        ],
        [
          126.44,
          74.05
        ],
        [
          126.6,
          73.91
        ],
        [
          127.44,
          74.11
        ]
      ],
      "idx": 1615,
      "mislabel": false,
      "mislabel_reason": "ok",
      "e_unet": 0.93
    }
  ]
}