run_id,experiment_id,variant,variant_id,solution,module,status,source_type,recorded_utc,top_model,xml_path,csynth_exists,csim_log,csim_exists,target_clock_ns,estimated_clock_ns,latency_best_cycles,latency_avg_cycles,latency_worst_cycles,interval_min_cycles,interval_max_cycles,bram_18k,dsp,ff,lut,uram,bram_18k_available,dsp_available,ff_available,lut_available,uram_available,bram_18k_pct,dsp_pct,ff_pct,lut_pct,uram_pct,latency_worst_ms_at_target,deterministic_latency
p0_no_board_report_collection_2026_06_26,NB-P0-00,hgtxr_e2e_axis_hls,hgtxr_e2e_axis_hls,solution_e2e_q4w8a,hgtxr_axis_read_frame,parsed,hls_csynth_xml,2026-06-26T16:48:56.930853+00:00,hgtxr_axis_read_frame,generated/hgtxr_e2e_axis_hls/solution_e2e_q4w8a/syn/report/hgtxr_axis_read_frame_csynth.xml,True,,False,5.0,2.29,65538,65538,65538,65538,65538,0,0,19,87,0,624,1728,460800,230400,96,0.0,0.0,0.004123263888888889,0.037760416666666664,0.0,0.32769,True
p0_no_board_report_collection_2026_06_26,NB-P0-00,hgtxr_e2e_axis_hls,hgtxr_e2e_axis_hls,solution_e2e_q4w8a,hgtxr_axis_write_state,parsed,hls_csynth_xml,2026-06-26T16:48:56.930853+00:00,hgtxr_axis_write_state,generated/hgtxr_e2e_axis_hls/solution_e2e_q4w8a/syn/report/hgtxr_axis_write_state_csynth.xml,True,,False,5.0,1.527,8,8,8,8,8,0,0,7,81,0,624,1728,460800,230400,96,0.0,0.0,0.0015190972222222222,0.03515625,0.0,4e-05,True
p0_no_board_report_collection_2026_06_26,NB-P0-00,hgtxr_e2e_axis_hls,hgtxr_e2e_axis_hls,solution_e2e_q4w8a,hgtxr_conv_patch_embedding_Pipeline_VITIS_LOOP_626_1_VITIS_LOOP_628_2,parsed,hls_csynth_xml,2026-06-26T16:48:56.930853+00:00,hgtxr_conv_patch_embedding_Pipeline_VITIS_LOOP_626_1_VITIS_LOOP_628_2,generated/hgtxr_e2e_axis_hls/solution_e2e_q4w8a/syn/report/hgtxr_conv_patch_embedding_Pipeline_VITIS_LOOP_626_1_VITIS_LOOP_628_2_csynth.xml,True,,False,5.0,3.235,49154,49154,49154,49154,49154,0,0,36,190,0,624,1728,460800,230400,96,0.0,0.0,0.0078125,0.08246527777777778,0.0,0.24577,True
p0_no_board_report_collection_2026_06_26,NB-P0-00,hgtxr_e2e_axis_hls,hgtxr_e2e_axis_hls,solution_e2e_q4w8a,hgtxr_conv_patch_embedding,parsed,hls_csynth_xml,2026-06-26T16:48:56.930853+00:00,hgtxr_conv_patch_embedding,generated/hgtxr_e2e_axis_hls/solution_e2e_q4w8a/syn/report/hgtxr_conv_patch_embedding_csynth.xml,True,,False,5.0,3.235,87208,87208,87208,87208,87208,0,0,83,844,0,624,1728,460800,230400,96,0.0,0.0,0.018012152777777776,0.3663194444444444,0.0,0.43604,True
p0_no_board_report_collection_2026_06_26,NB-P0-00,hgtxr_e2e_axis_hls,hgtxr_e2e_axis_hls,solution_e2e_q4w8a,hgtxr_e2e_attention_core_Pipeline_VITIS_LOOP_1006_9,parsed,hls_csynth_xml,2026-06-26T16:48:56.930853+00:00,hgtxr_e2e_attention_core_Pipeline_VITIS_LOOP_1006_9,generated/hgtxr_e2e_axis_hls/solution_e2e_q4w8a/syn/report/hgtxr_e2e_attention_core_Pipeline_VITIS_LOOP_1006_9_csynth.xml,True,,False,5.0,2.146,230,230,230,230,230,0,0,2149,1597,0,624,1728,460800,230400,96,0.0,0.0,0.4663628472222222,0.6931423611111112,0.0,0.00115,True
p0_no_board_report_collection_2026_06_26,NB-P0-00,hgtxr_e2e_axis_hls,hgtxr_e2e_axis_hls,solution_e2e_q4w8a,hgtxr_e2e_attention_core_Pipeline_VITIS_LOOP_1013_10_VITIS_LOOP_1021_12,parsed,hls_csynth_xml,2026-06-26T16:48:56.930853+00:00,hgtxr_e2e_attention_core_Pipeline_VITIS_LOOP_1013_10_VITIS_LOOP_1021_12,generated/hgtxr_e2e_axis_hls/solution_e2e_q4w8a/syn/report/hgtxr_e2e_attention_core_Pipeline_VITIS_LOOP_1013_10_VITIS_LOOP_1021_12_csynth.xml,True,,False,5.0,3.744,1572,1572,1572,1572,1572,0,16,952,1161,0,624,1728,460800,230400,96,0.0,0.9259259259259259,0.2065972222222222,0.50390625,0.0,0.00786,True
p0_no_board_report_collection_2026_06_26,NB-P0-00,hgtxr_e2e_axis_hls,hgtxr_e2e_axis_hls,solution_e2e_q4w8a,hgtxr_e2e_attention_core_Pipeline_VITIS_LOOP_933_3_VITIS_LOOP_941_5,parsed,hls_csynth_xml,2026-06-26T16:48:56.930853+00:00,hgtxr_e2e_attention_core_Pipeline_VITIS_LOOP_933_3_VITIS_LOOP_941_5,generated/hgtxr_e2e_axis_hls/solution_e2e_q4w8a/syn/report/hgtxr_e2e_attention_core_Pipeline_VITIS_LOOP_933_3_VITIS_LOOP_941_5_csynth.xml,True,,False,5.0,3.646,1573,1573,1573,1573,1573,0,16,1122,1538,0,624,1728,460800,230400,96,0.0,0.9259259259259259,0.24348958333333334,0.6675347222222222,0.0,0.007865,True
p0_no_board_report_collection_2026_06_26,NB-P0-00,hgtxr_e2e_axis_hls,hgtxr_e2e_axis_hls,solution_e2e_q4w8a,hgtxr_e2e_attention_core_Pipeline_VITIS_LOOP_995_8,parsed,hls_csynth_xml,2026-06-26T16:48:56.930853+00:00,hgtxr_e2e_attention_core_Pipeline_VITIS_LOOP_995_8,generated/hgtxr_e2e_axis_hls/solution_e2e_q4w8a/syn/report/hgtxr_e2e_attention_core_Pipeline_VITIS_LOOP_995_8_csynth.xml,True,,False,5.0,3.443,201,201,201,201,201,0,0,221,450,0,624,1728,460800,230400,96,0.0,0.0,0.04796006944444445,0.1953125,0.0,0.001005,True
p0_no_board_report_collection_2026_06_26,NB-P0-00,hgtxr_e2e_axis_hls,hgtxr_e2e_axis_hls,solution_e2e_q4w8a,hgtxr_e2e_attention_core,parsed,hls_csynth_xml,2026-06-26T16:48:56.930853+00:00,hgtxr_e2e_attention_core,generated/hgtxr_e2e_axis_hls/solution_e2e_q4w8a/syn/report/hgtxr_e2e_attention_core_csynth.xml,True,,False,5.0,3.744,2107981,2107981,2107981,2107981,2107981,0,32,4561,5185,0,624,1728,460800,230400,96,0.0,1.8518518518518519,0.9898003472222222,2.2504340277777777,0.0,10.539905,True
p0_no_board_report_collection_2026_06_26,NB-P0-00,hgtxr_e2e_axis_hls,hgtxr_e2e_axis_hls,solution_e2e_q4w8a,hgtxr_e2e_attn_unit_0_s,parsed,hls_csynth_xml,2026-06-26T16:48:56.930853+00:00,hgtxr_e2e_attn_unit_0_s,generated/hgtxr_e2e_axis_hls/solution_e2e_q4w8a/syn/report/hgtxr_e2e_attn_unit_0_s_csynth.xml,True,,False,5.0,3.744,4109376,4109376,4109376,4109376,4109376,48,111,12449,22655,0,624,1728,460800,230400,96,7.6923076923076925,6.423611111111111,2.7016059027777777,9.832899305555555,0.0,20.54688,True
p0_no_board_report_collection_2026_06_26,NB-P0-00,hgtxr_e2e_axis_hls,hgtxr_e2e_axis_hls,solution_e2e_q4w8a,hgtxr_e2e_attn_unit_1_s,parsed,hls_csynth_xml,2026-06-26T16:48:56.930853+00:00,hgtxr_e2e_attn_unit_1_s,generated/hgtxr_e2e_axis_hls/solution_e2e_q4w8a/syn/report/hgtxr_e2e_attn_unit_1_s_csynth.xml,True,,False,5.0,3.744,4109376,4109376,4109376,4109376,4109376,48,111,12449,22655,0,624,1728,460800,230400,96,7.6923076923076925,6.423611111111111,2.7016059027777777,9.832899305555555,0.0,20.54688,True
p0_no_board_report_collection_2026_06_26,NB-P0-00,hgtxr_e2e_axis_hls,hgtxr_e2e_axis_hls,solution_e2e_q4w8a,hgtxr_e2e_axis_top,parsed,hls_csynth_xml,2026-06-26T16:48:56.930853+00:00,hgtxr_e2e_axis_top,generated/hgtxr_e2e_axis_hls/solution_e2e_q4w8a/syn/report/hgtxr_e2e_axis_top_csynth.xml,True,,False,5.0,3.744,71316968,71316968,71316968,71316969,71316969,298,332,43804,81168,64,624,1728,460800,230400,96,47.756410256410255,19.212962962962962,9.50607638888889,35.229166666666664,66.66666666666667,356.58484,True
p0_no_board_report_collection_2026_06_26,NB-P0-00,hgtxr_e2e_axis_hls,hgtxr_e2e_axis_hls,solution_e2e_q4w8a,hgtxr_e2e_controller_run,parsed,hls_csynth_xml,2026-06-26T16:48:56.930853+00:00,hgtxr_e2e_controller_run,generated/hgtxr_e2e_axis_hls/solution_e2e_q4w8a/syn/report/hgtxr_e2e_controller_run_csynth.xml,True,,False,5.0,3.744,71104885,71104885,71104885,71104885,71104885,224,316,39341,73186,64,624,1728,460800,230400,96,35.8974358974359,18.287037037037038,8.537543402777779,31.764756944444443,66.66666666666667,355.524425,True
p0_no_board_report_collection_2026_06_26,NB-P0-00,hgtxr_e2e_axis_hls,hgtxr_e2e_axis_hls,solution_e2e_q4w8a,hgtxr_e2e_layernorm_Pipeline_VITIS_LOOP_761_1,parsed,hls_csynth_xml,2026-06-26T16:48:56.930853+00:00,hgtxr_e2e_layernorm_Pipeline_VITIS_LOOP_761_1,generated/hgtxr_e2e_axis_hls/solution_e2e_q4w8a/syn/report/hgtxr_e2e_layernorm_Pipeline_VITIS_LOOP_761_1_csynth.xml,True,,False,5.0,3.65,16,16,16,16,16,0,0,1816,416,0,624,1728,460800,230400,96,0.0,0.0,0.3940972222222222,0.18055555555555555,0.0,8e-05,True
p0_no_board_report_collection_2026_06_26,NB-P0-00,hgtxr_e2e_axis_hls,hgtxr_e2e_axis_hls,solution_e2e_q4w8a,hgtxr_e2e_layernorm_Pipeline_VITIS_LOOP_771_3,parsed,hls_csynth_xml,2026-06-26T16:48:56.930853+00:00,hgtxr_e2e_layernorm_Pipeline_VITIS_LOOP_771_3,generated/hgtxr_e2e_axis_hls/solution_e2e_q4w8a/syn/report/hgtxr_e2e_layernorm_Pipeline_VITIS_LOOP_771_3_csynth.xml,True,,False,5.0,3.401,194,194,194,194,194,0,0,46,179,0,624,1728,460800,230400,96,0.0,0.0,0.009982638888888888,0.07769097222222222,0.0,0.00097,True
p0_no_board_report_collection_2026_06_26,NB-P0-00,hgtxr_e2e_axis_hls,hgtxr_e2e_axis_hls,solution_e2e_q4w8a,hgtxr_e2e_layernorm_Pipeline_VITIS_LOOP_779_4,parsed,hls_csynth_xml,2026-06-26T16:48:56.930853+00:00,hgtxr_e2e_layernorm_Pipeline_VITIS_LOOP_779_4,generated/hgtxr_e2e_axis_hls/solution_e2e_q4w8a/syn/report/hgtxr_e2e_layernorm_Pipeline_VITIS_LOOP_779_4_csynth.xml,True,,False,5.0,3.58,196,196,196,196,196,0,2,90,237,0,624,1728,460800,230400,96,0.0,0.11574074074074074,0.01953125,0.10286458333333333,0.0,0.00098,True
p0_no_board_report_collection_2026_06_26,NB-P0-00,hgtxr_e2e_axis_hls,hgtxr_e2e_axis_hls,solution_e2e_q4w8a,hgtxr_e2e_layernorm_Pipeline_VITIS_LOOP_788_5,parsed,hls_csynth_xml,2026-06-26T16:48:56.930853+00:00,hgtxr_e2e_layernorm_Pipeline_VITIS_LOOP_788_5,generated/hgtxr_e2e_axis_hls/solution_e2e_q4w8a/syn/report/hgtxr_e2e_layernorm_Pipeline_VITIS_LOOP_788_5_csynth.xml,True,,False,5.0,3.58,197,197,197,197,197,0,4,265,903,0,624,1728,460800,230400,96,0.0,0.23148148148148148,0.05750868055555555,0.3919270833333333,0.0,0.000985,True
p0_no_board_report_collection_2026_06_26,NB-P0-00,hgtxr_e2e_axis_hls,hgtxr_e2e_axis_hls,solution_e2e_q4w8a,hgtxr_e2e_layernorm,parsed,hls_csynth_xml,2026-06-26T16:48:56.930853+00:00,hgtxr_e2e_layernorm,generated/hgtxr_e2e_axis_hls/solution_e2e_q4w8a/syn/report/hgtxr_e2e_layernorm_csynth.xml,True,,False,5.0,3.65,117619,117619,117619,117619,117619,0,15,2748,2778,0,624,1728,460800,230400,96,0.0,0.8680555555555556,0.5963541666666666,1.2057291666666667,0.0,0.588095,True
p0_no_board_report_collection_2026_06_26,NB-P0-00,hgtxr_e2e_axis_hls,hgtxr_e2e_axis_hls,solution_e2e_q4w8a,hgtxr_e2e_mlp_head_Pipeline_VITIS_LOOP_1206_1,parsed,hls_csynth_xml,2026-06-26T16:48:56.930853+00:00,hgtxr_e2e_mlp_head_Pipeline_VITIS_LOOP_1206_1,generated/hgtxr_e2e_axis_hls/solution_e2e_q4w8a/syn/report/hgtxr_e2e_mlp_head_Pipeline_VITIS_LOOP_1206_1_csynth.xml,True,,False,5.0,1.869,194,194,194,194,194,0,0,10,57,0,624,1728,460800,230400,96,0.0,0.0,0.002170138888888889,0.024739583333333332,0.0,0.00097,True
p0_no_board_report_collection_2026_06_26,NB-P0-00,hgtxr_e2e_axis_hls,hgtxr_e2e_axis_hls,solution_e2e_q4w8a,hgtxr_e2e_mlp_head_Pipeline_VITIS_LOOP_1212_2_VITIS_LOOP_1214_3,parsed,hls_csynth_xml,2026-06-26T16:48:56.930853+00:00,hgtxr_e2e_mlp_head_Pipeline_VITIS_LOOP_1212_2_VITIS_LOOP_1214_3,generated/hgtxr_e2e_axis_hls/solution_e2e_q4w8a/syn/report/hgtxr_e2e_mlp_head_Pipeline_VITIS_LOOP_1212_2_VITIS_LOOP_1214_3_csynth.xml,True,,False,5.0,3.646,75267,75267,75267,75267,75267,0,0,186,638,0,624,1728,460800,230400,96,0.0,0.0,0.040364583333333336,0.2769097222222222,0.0,0.376335,True
p0_no_board_report_collection_2026_06_26,NB-P0-00,hgtxr_e2e_axis_hls,hgtxr_e2e_axis_hls,solution_e2e_q4w8a,hgtxr_e2e_mlp_head_Pipeline_VITIS_LOOP_1229_6,parsed,hls_csynth_xml,2026-06-26T16:48:56.930853+00:00,hgtxr_e2e_mlp_head_Pipeline_VITIS_LOOP_1229_6,generated/hgtxr_e2e_axis_hls/solution_e2e_q4w8a/syn/report/hgtxr_e2e_mlp_head_Pipeline_VITIS_LOOP_1229_6_csynth.xml,True,,False,5.0,3.65,36,36,36,36,36,0,16,1472,1559,0,624,1728,460800,230400,96,0.0,0.9259259259259259,0.3194444444444444,0.6766493055555556,0.0,0.00018,True
p0_no_board_report_collection_2026_06_26,NB-P0-00,hgtxr_e2e_axis_hls,hgtxr_e2e_axis_hls,solution_e2e_q4w8a,hgtxr_e2e_mlp_head,parsed,hls_csynth_xml,2026-06-26T16:48:56.930853+00:00,hgtxr_e2e_mlp_head,generated/hgtxr_e2e_axis_hls/solution_e2e_q4w8a/syn/report/hgtxr_e2e_mlp_head_csynth.xml,True,,False,5.0,3.65,75705,75705,75705,75705,75705,0,16,1855,3404,0,624,1728,460800,230400,96,0.0,0.9259259259259259,0.4025607638888889,1.4774305555555556,0.0,0.378525,True
p0_no_board_report_collection_2026_06_26,NB-P0-00,hgtxr_e2e_axis_hls,hgtxr_e2e_axis_hls,solution_e2e_q4w8a,hgtxr_e2e_mlp_unit_0_Pipeline_VITIS_LOOP_1124_4,parsed,hls_csynth_xml,2026-06-26T16:48:56.930853+00:00,hgtxr_e2e_mlp_unit_0_Pipeline_VITIS_LOOP_1124_4,generated/hgtxr_e2e_axis_hls/solution_e2e_q4w8a/syn/report/hgtxr_e2e_mlp_unit_0_Pipeline_VITIS_LOOP_1124_4_csynth.xml,True,,False,5.0,3.65,204,204,204,204,204,0,16,1642,1832,0,624,1728,460800,230400,96,0.0,0.9259259259259259,0.3563368055555556,0.7951388888888888,0.0,0.00102,True
p0_no_board_report_collection_2026_06_26,NB-P0-00,hgtxr_e2e_axis_hls,hgtxr_e2e_axis_hls,solution_e2e_q4w8a,hgtxr_e2e_mlp_unit_0_Pipeline_VITIS_LOOP_1151_7_VITIS_LOOP_1159_9,parsed,hls_csynth_xml,2026-06-26T16:48:56.930853+00:00,hgtxr_e2e_mlp_unit_0_Pipeline_VITIS_LOOP_1151_7_VITIS_LOOP_1159_9,generated/hgtxr_e2e_axis_hls/solution_e2e_q4w8a/syn/report/hgtxr_e2e_mlp_unit_0_Pipeline_VITIS_LOOP_1151_7_VITIS_LOOP_1159_9_csynth.xml,True,,False,5.0,3.65,18446,18446,18446,18446,18446,0,16,2507,3224,0,624,1728,460800,230400,96,0.0,0.9259259259259259,0.5440538194444444,1.3993055555555556,0.0,0.09223,True
p0_no_board_report_collection_2026_06_26,NB-P0-00,hgtxr_e2e_axis_hls,hgtxr_e2e_axis_hls,solution_e2e_q4w8a,hgtxr_e2e_mlp_unit_0_s,parsed,hls_csynth_xml,2026-06-26T16:48:56.930853+00:00,hgtxr_e2e_mlp_unit_0_s,generated/hgtxr_e2e_axis_hls/solution_e2e_q4w8a/syn/report/hgtxr_e2e_mlp_unit_0_s_csynth.xml,True,,False,5.0,3.65,7741434,7741434,7741434,7741434,7741434,0,47,7211,10804,0,624,1728,460800,230400,96,0.0,2.7199074074074074,1.5648871527777777,4.689236111111111,0.0,38.70717,True
p0_no_board_report_collection_2026_06_26,NB-P0-00,hgtxr_e2e_axis_hls,hgtxr_e2e_axis_hls,solution_e2e_q4w8a,hgtxr_e2e_mlp_unit_1_Pipeline_VITIS_LOOP_1124_4,parsed,hls_csynth_xml,2026-06-26T16:48:56.930853+00:00,hgtxr_e2e_mlp_unit_1_Pipeline_VITIS_LOOP_1124_4,generated/hgtxr_e2e_axis_hls/solution_e2e_q4w8a/syn/report/hgtxr_e2e_mlp_unit_1_Pipeline_VITIS_LOOP_1124_4_csynth.xml,True,,False,5.0,3.65,204,204,204,204,204,0,16,1642,1832,0,624,1728,460800,230400,96,0.0,0.9259259259259259,0.3563368055555556,0.7951388888888888,0.0,0.00102,True
p0_no_board_report_collection_2026_06_26,NB-P0-00,hgtxr_e2e_axis_hls,hgtxr_e2e_axis_hls,solution_e2e_q4w8a,hgtxr_e2e_mlp_unit_1_Pipeline_VITIS_LOOP_1151_7_VITIS_LOOP_1159_9,parsed,hls_csynth_xml,2026-06-26T16:48:56.930853+00:00,hgtxr_e2e_mlp_unit_1_Pipeline_VITIS_LOOP_1151_7_VITIS_LOOP_1159_9,generated/hgtxr_e2e_axis_hls/solution_e2e_q4w8a/syn/report/hgtxr_e2e_mlp_unit_1_Pipeline_VITIS_LOOP_1151_7_VITIS_LOOP_1159_9_csynth.xml,True,,False,5.0,3.65,18446,18446,18446,18446,18446,0,16,2507,3224,0,624,1728,460800,230400,96,0.0,0.9259259259259259,0.5440538194444444,1.3993055555555556,0.0,0.09223,True
p0_no_board_report_collection_2026_06_26,NB-P0-00,hgtxr_e2e_axis_hls,hgtxr_e2e_axis_hls,solution_e2e_q4w8a,hgtxr_e2e_mlp_unit_1_s,parsed,hls_csynth_xml,2026-06-26T16:48:56.930853+00:00,hgtxr_e2e_mlp_unit_1_s,generated/hgtxr_e2e_axis_hls/solution_e2e_q4w8a/syn/report/hgtxr_e2e_mlp_unit_1_s_csynth.xml,True,,False,5.0,3.65,7741434,7741434,7741434,7741434,7741434,0,47,7211,10804,0,624,1728,460800,230400,96,0.0,2.7199074074074074,1.5648871527777777,4.689236111111111,0.0,38.70717,True
p0_no_board_report_collection_2026_06_26,NB-P0-00,hgtxr_e2e_axis_hls,hgtxr_e2e_axis_hls,solution_e2e_q4w8a,hgtxr_e2e_output_projection_Pipeline_VITIS_LOOP_1059_4,parsed,hls_csynth_xml,2026-06-26T16:48:56.930853+00:00,hgtxr_e2e_output_projection_Pipeline_VITIS_LOOP_1059_4,generated/hgtxr_e2e_axis_hls/solution_e2e_q4w8a/syn/report/hgtxr_e2e_output_projection_Pipeline_VITIS_LOOP_1059_4_csynth.xml,True,,False,5.0,3.697,204,204,204,204,204,0,16,1045,3278,0,624,1728,460800,230400,96,0.0,0.9259259259259259,0.2267795138888889,1.4227430555555556,0.0,0.00102,True
p0_no_board_report_collection_2026_06_26,NB-P0-00,hgtxr_e2e_axis_hls,hgtxr_e2e_axis_hls,solution_e2e_q4w8a,hgtxr_e2e_output_projection,parsed,hls_csynth_xml,2026-06-26T16:48:56.930853+00:00,hgtxr_e2e_output_projection,generated/hgtxr_e2e_axis_hls/solution_e2e_q4w8a/syn/report/hgtxr_e2e_output_projection_csynth.xml,True,,False,5.0,3.697,978825,978825,978825,978825,978825,0,16,1275,4323,0,624,1728,460800,230400,96,0.0,0.9259259259259259,0.2766927083333333,1.8763020833333333,0.0,4.894125,True
p0_no_board_report_collection_2026_06_26,NB-P0-00,hgtxr_e2e_axis_hls,hgtxr_e2e_axis_hls,solution_e2e_q4w8a,hgtxr_e2e_project_qkv_Pipeline_VITIS_LOOP_831_1,parsed,hls_csynth_xml,2026-06-26T16:48:56.930853+00:00,hgtxr_e2e_project_qkv_Pipeline_VITIS_LOOP_831_1,generated/hgtxr_e2e_axis_hls/solution_e2e_q4w8a/syn/report/hgtxr_e2e_project_qkv_Pipeline_VITIS_LOOP_831_1_csynth.xml,True,,False,5.0,3.65,579,579,579,579,579,0,0,291,83,0,624,1728,460800,230400,96,0.0,0.0,0.06315104166666667,0.03602430555555555,0.0,0.002895,True
p0_no_board_report_collection_2026_06_26,NB-P0-00,hgtxr_e2e_axis_hls,hgtxr_e2e_axis_hls,solution_e2e_q4w8a,hgtxr_e2e_project_qkv_Pipeline_VITIS_LOOP_836_2,parsed,hls_csynth_xml,2026-06-26T16:48:56.930853+00:00,hgtxr_e2e_project_qkv_Pipeline_VITIS_LOOP_836_2,generated/hgtxr_e2e_axis_hls/solution_e2e_q4w8a/syn/report/hgtxr_e2e_project_qkv_Pipeline_VITIS_LOOP_836_2_csynth.xml,True,,False,5.0,3.65,579,579,579,579,579,0,0,291,83,0,624,1728,460800,230400,96,0.0,0.0,0.06315104166666667,0.03602430555555555,0.0,0.002895,True
p0_no_board_report_collection_2026_06_26,NB-P0-00,hgtxr_e2e_axis_hls,hgtxr_e2e_axis_hls,solution_e2e_q4w8a,hgtxr_e2e_project_qkv_Pipeline_VITIS_LOOP_841_3,parsed,hls_csynth_xml,2026-06-26T16:48:56.930853+00:00,hgtxr_e2e_project_qkv_Pipeline_VITIS_LOOP_841_3,generated/hgtxr_e2e_axis_hls/solution_e2e_q4w8a/syn/report/hgtxr_e2e_project_qkv_Pipeline_VITIS_LOOP_841_3_csynth.xml,True,,False,5.0,3.65,579,579,579,579,579,0,0,291,83,0,624,1728,460800,230400,96,0.0,0.0,0.06315104166666667,0.03602430555555555,0.0,0.002895,True
p0_no_board_report_collection_2026_06_26,NB-P0-00,hgtxr_e2e_axis_hls,hgtxr_e2e_axis_hls,solution_e2e_q4w8a,hgtxr_e2e_project_qkv_Pipeline_VITIS_LOOP_847_4_VITIS_LOOP_849_5_VITIS_LOOP_863_s,parsed,hls_csynth_xml,2026-06-26T16:48:56.930853+00:00,hgtxr_e2e_project_qkv_Pipeline_VITIS_LOOP_847_4_VITIS_LOOP_849_5_VITIS_LOOP_863_s,generated/hgtxr_e2e_axis_hls/solution_e2e_q4w8a/syn/report/hgtxr_e2e_project_qkv_Pipeline_VITIS_LOOP_847_4_VITIS_LOOP_849_5_VITIS_LOOP_863_s_csynth.xml,True,,False,5.0,3.49,903174,903174,903174,903174,903174,0,48,2611,7345,0,624,1728,460800,230400,96,0.0,2.7777777777777777,0.5666232638888888,3.1879340277777777,0.0,4.51587,True
p0_no_board_report_collection_2026_06_26,NB-P0-00,hgtxr_e2e_axis_hls,hgtxr_e2e_axis_hls,solution_e2e_q4w8a,hgtxr_e2e_project_qkv,parsed,hls_csynth_xml,2026-06-26T16:48:56.930853+00:00,hgtxr_e2e_project_qkv,generated/hgtxr_e2e_axis_hls/solution_e2e_q4w8a/syn/report/hgtxr_e2e_project_qkv_csynth.xml,True,,False,5.0,3.65,904943,904943,904943,904943,904943,48,48,3698,8422,0,624,1728,460800,230400,96,7.6923076923076925,2.7777777777777777,0.8025173611111112,3.6553819444444446,0.0,4.524715,True
p0_no_board_report_collection_2026_06_26,NB-P0-00,hgtxr_e2e_axis_hls,hgtxr_e2e_axis_hls,solution_e2e_q4w8a,hgtxr_global_buffer_load,parsed,hls_csynth_xml,2026-06-26T16:48:56.930853+00:00,hgtxr_global_buffer_load,generated/hgtxr_e2e_axis_hls/solution_e2e_q4w8a/syn/report/hgtxr_global_buffer_load_csynth.xml,True,,False,5.0,3.235,49154,49154,49154,49154,49154,0,0,53,242,0,624,1728,460800,230400,96,0.0,0.0,0.011501736111111112,0.10503472222222222,0.0,0.24577,True
p0_no_board_report_collection_2026_06_26,NB-P0-00,hgtxr_e2e_axis_par16_c3_mem8,hgtxr_e2e_axis_par16_c3_mem8,solution_e2e_q4w8a,hgtxr_axis_read_frame,parsed,hls_csynth_xml,2026-06-26T16:48:56.930853+00:00,hgtxr_axis_read_frame,generated/hgtxr_e2e_axis_par16_c3_mem8/solution_e2e_q4w8a/syn/report/hgtxr_axis_read_frame_csynth.xml,True,,False,5.0,2.29,65538,65538,65538,65538,65538,0,0,19,87,0,624,1728,460800,230400,96,0.0,0.0,0.004123263888888889,0.037760416666666664,0.0,0.32769,True
p0_no_board_report_collection_2026_06_26,NB-P0-00,hgtxr_e2e_axis_par16_c3_mem8,hgtxr_e2e_axis_par16_c3_mem8,solution_e2e_q4w8a,hgtxr_axis_write_state,parsed,hls_csynth_xml,2026-06-26T16:48:56.930853+00:00,hgtxr_axis_write_state,generated/hgtxr_e2e_axis_par16_c3_mem8/solution_e2e_q4w8a/syn/report/hgtxr_axis_write_state_csynth.xml,True,,False,5.0,1.527,8,8,8,8,8,0,0,7,81,0,624,1728,460800,230400,96,0.0,0.0,0.0015190972222222222,0.03515625,0.0,4e-05,True
p0_no_board_report_collection_2026_06_26,NB-P0-00,hgtxr_e2e_axis_par16_c3_mem8,hgtxr_e2e_axis_par16_c3_mem8,solution_e2e_q4w8a,hgtxr_conv_patch_embedding_Pipeline_VITIS_LOOP_642_1_VITIS_LOOP_644_2,parsed,hls_csynth_xml,2026-06-26T16:48:56.930853+00:00,hgtxr_conv_patch_embedding_Pipeline_VITIS_LOOP_642_1_VITIS_LOOP_644_2,generated/hgtxr_e2e_axis_par16_c3_mem8/solution_e2e_q4w8a/syn/report/hgtxr_conv_patch_embedding_Pipeline_VITIS_LOOP_642_1_VITIS_LOOP_644_2_csynth.xml,True,,False,5.0,3.235,49154,49154,49154,49154,49154,0,0,36,190,0,624,1728,460800,230400,96,0.0,0.0,0.0078125,0.08246527777777778,0.0,0.24577,True
p0_no_board_report_collection_2026_06_26,NB-P0-00,hgtxr_e2e_axis_par16_c3_mem8,hgtxr_e2e_axis_par16_c3_mem8,solution_e2e_q4w8a,hgtxr_conv_patch_embedding,parsed,hls_csynth_xml,2026-06-26T16:48:56.930853+00:00,hgtxr_conv_patch_embedding,generated/hgtxr_e2e_axis_par16_c3_mem8/solution_e2e_q4w8a/syn/report/hgtxr_conv_patch_embedding_csynth.xml,True,,False,5.0,3.235,87208,87208,87208,87208,87208,0,0,83,844,0,624,1728,460800,230400,96,0.0,0.0,0.018012152777777776,0.3663194444444444,0.0,0.43604,True
p0_no_board_report_collection_2026_06_26,NB-P0-00,hgtxr_e2e_axis_par16_c3_mem8,hgtxr_e2e_axis_par16_c3_mem8,solution_e2e_q4w8a,hgtxr_e2e_attention_core_Pipeline_VITIS_LOOP_1011_8,parsed,hls_csynth_xml,2026-06-26T16:48:56.930853+00:00,hgtxr_e2e_attention_core_Pipeline_VITIS_LOOP_1011_8,generated/hgtxr_e2e_axis_par16_c3_mem8/solution_e2e_q4w8a/syn/report/hgtxr_e2e_attention_core_Pipeline_VITIS_LOOP_1011_8_csynth.xml,True,,False,5.0,3.443,201,201,201,201,201,0,0,221,450,0,624,1728,460800,230400,96,0.0,0.0,0.04796006944444445,0.1953125,0.0,0.001005,True
p0_no_board_report_collection_2026_06_26,NB-P0-00,hgtxr_e2e_axis_par16_c3_mem8,hgtxr_e2e_axis_par16_c3_mem8,solution_e2e_q4w8a,hgtxr_e2e_attention_core_Pipeline_VITIS_LOOP_1022_9,parsed,hls_csynth_xml,2026-06-26T16:48:56.930853+00:00,hgtxr_e2e_attention_core_Pipeline_VITIS_LOOP_1022_9,generated/hgtxr_e2e_axis_par16_c3_mem8/solution_e2e_q4w8a/syn/report/hgtxr_e2e_attention_core_Pipeline_VITIS_LOOP_1022_9_csynth.xml,True,,False,5.0,2.146,230,230,230,230,230,0,0,2149,1597,0,624,1728,460800,230400,96,0.0,0.0,0.4663628472222222,0.6931423611111112,0.0,0.00115,True
p0_no_board_report_collection_2026_06_26,NB-P0-00,hgtxr_e2e_axis_par16_c3_mem8,hgtxr_e2e_axis_par16_c3_mem8,solution_e2e_q4w8a,hgtxr_e2e_attention_core_Pipeline_VITIS_LOOP_1037_12,parsed,hls_csynth_xml,2026-06-26T16:48:56.930853+00:00,hgtxr_e2e_attention_core_Pipeline_VITIS_LOOP_1037_12,generated/hgtxr_e2e_axis_par16_c3_mem8/solution_e2e_q4w8a/syn/report/hgtxr_e2e_attention_core_Pipeline_VITIS_LOOP_1037_12_csynth.xml,True,,False,5.0,3.304,201,201,201,201,201,0,32,1177,1296,0,624,1728,460800,230400,96,0.0,1.8518518518518519,0.2554253472222222,0.5625,0.0,0.001005,True
p0_no_board_report_collection_2026_06_26,NB-P0-00,hgtxr_e2e_axis_par16_c3_mem8,hgtxr_e2e_axis_par16_c3_mem8,solution_e2e_q4w8a,hgtxr_e2e_attention_core_Pipeline_VITIS_LOOP_949_3_VITIS_LOOP_957_5,parsed,hls_csynth_xml,2026-06-26T16:48:56.930853+00:00,hgtxr_e2e_attention_core_Pipeline_VITIS_LOOP_949_3_VITIS_LOOP_957_5,generated/hgtxr_e2e_axis_par16_c3_mem8/solution_e2e_q4w8a/syn/report/hgtxr_e2e_attention_core_Pipeline_VITIS_LOOP_949_3_VITIS_LOOP_957_5_csynth.xml,True,,False,5.0,3.569,791,791,791,791,791,0,32,1967,2679,0,624,1728,460800,230400,96,0.0,1.8518518518518519,0.4268663194444444,1.1627604166666667,0.0,0.003955,True
p0_no_board_report_collection_2026_06_26,NB-P0-00,hgtxr_e2e_axis_par16_c3_mem8,hgtxr_e2e_axis_par16_c3_mem8,solution_e2e_q4w8a,hgtxr_e2e_attention_core,parsed,hls_csynth_xml,2026-06-26T16:48:56.930853+00:00,hgtxr_e2e_attention_core,generated/hgtxr_e2e_axis_par16_c3_mem8/solution_e2e_q4w8a/syn/report/hgtxr_e2e_attention_core_csynth.xml,True,,False,5.0,3.569,1204819,1204819,1204819,1204819,1204819,0,64,6046,6708,0,624,1728,460800,230400,96,0.0,3.7037037037037037,1.3120659722222223,2.9114583333333335,0.0,6.024095,True
p0_no_board_report_collection_2026_06_26,NB-P0-00,hgtxr_e2e_axis_par16_c3_mem8,hgtxr_e2e_axis_par16_c3_mem8,solution_e2e_q4w8a,hgtxr_e2e_attn_unit_0_s,parsed,hls_csynth_xml,2026-06-26T16:48:56.930853+00:00,hgtxr_e2e_attn_unit_0_s,generated/hgtxr_e2e_axis_par16_c3_mem8/solution_e2e_q4w8a/syn/report/hgtxr_e2e_attn_unit_0_s_csynth.xml,True,,False,5.0,3.697,2289319,2289319,2289319,2289319,2289319,45,207,15716,31848,0,624,1728,460800,230400,96,7.211538461538462,11.979166666666666,3.4105902777777777,13.822916666666666,0.0,11.446595,True
p0_no_board_report_collection_2026_06_26,NB-P0-00,hgtxr_e2e_axis_par16_c3_mem8,hgtxr_e2e_axis_par16_c3_mem8,solution_e2e_q4w8a,hgtxr_e2e_attn_unit_1_s,parsed,hls_csynth_xml,2026-06-26T16:48:56.930853+00:00,hgtxr_e2e_attn_unit_1_s,generated/hgtxr_e2e_axis_par16_c3_mem8/solution_e2e_q4w8a/syn/report/hgtxr_e2e_attn_unit_1_s_csynth.xml,True,,False,5.0,3.697,2289319,2289319,2289319,2289319,2289319,45,207,15716,31848,0,624,1728,460800,230400,96,7.211538461538462,11.979166666666666,3.4105902777777777,13.822916666666666,0.0,11.446595,True
p0_no_board_report_collection_2026_06_26,NB-P0-00,hgtxr_e2e_axis_par16_c3_mem8,hgtxr_e2e_axis_par16_c3_mem8,solution_e2e_q4w8a,hgtxr_e2e_axis_top,parsed,hls_csynth_xml,2026-06-26T16:48:56.930853+00:00,hgtxr_e2e_axis_top,generated/hgtxr_e2e_axis_par16_c3_mem8/solution_e2e_q4w8a/syn/report/hgtxr_e2e_axis_top_csynth.xml,True,,False,5.0,3.697,48598922,48598922,48598922,48598923,48598923,292,604,56966,113124,64,624,1728,460800,230400,96,46.794871794871796,34.9537037037037,12.362413194444445,49.098958333333336,66.66666666666667,242.99461,True
p0_no_board_report_collection_2026_06_26,NB-P0-00,hgtxr_e2e_axis_par16_c3_mem8,hgtxr_e2e_axis_par16_c3_mem8,solution_e2e_q4w8a,hgtxr_e2e_controller_run,parsed,hls_csynth_xml,2026-06-26T16:48:56.930853+00:00,hgtxr_e2e_controller_run,generated/hgtxr_e2e_axis_par16_c3_mem8/solution_e2e_q4w8a/syn/report/hgtxr_e2e_controller_run_csynth.xml,True,,False,5.0,3.697,48386911,48386911,48386911,48386911,48386911,218,572,51359,102984,64,624,1728,460800,230400,96,34.93589743589744,33.101851851851855,11.145616319444445,44.697916666666664,66.66666666666667,241.934555,True
p0_no_board_report_collection_2026_06_26,NB-P0-00,hgtxr_e2e_axis_par16_c3_mem8,hgtxr_e2e_axis_par16_c3_mem8,solution_e2e_q4w8a,hgtxr_e2e_layernorm_Pipeline_VITIS_LOOP_777_1,parsed,hls_csynth_xml,2026-06-26T16:48:56.930853+00:00,hgtxr_e2e_layernorm_Pipeline_VITIS_LOOP_777_1,generated/hgtxr_e2e_axis_par16_c3_mem8/solution_e2e_q4w8a/syn/report/hgtxr_e2e_layernorm_Pipeline_VITIS_LOOP_777_1_csynth.xml,True,,False,5.0,3.65,16,16,16,16,16,0,0,1816,416,0,624,1728,460800,230400,96,0.0,0.0,0.3940972222222222,0.18055555555555555,0.0,8e-05,True
p0_no_board_report_collection_2026_06_26,NB-P0-00,hgtxr_e2e_axis_par16_c3_mem8,hgtxr_e2e_axis_par16_c3_mem8,solution_e2e_q4w8a,hgtxr_e2e_layernorm_Pipeline_VITIS_LOOP_787_3,parsed,hls_csynth_xml,2026-06-26T16:48:56.930853+00:00,hgtxr_e2e_layernorm_Pipeline_VITIS_LOOP_787_3,generated/hgtxr_e2e_axis_par16_c3_mem8/solution_e2e_q4w8a/syn/report/hgtxr_e2e_layernorm_Pipeline_VITIS_LOOP_787_3_csynth.xml,True,,False,5.0,3.401,194,194,194,194,194,0,0,46,179,0,624,1728,460800,230400,96,0.0,0.0,0.009982638888888888,0.07769097222222222,0.0,0.00097,True
p0_no_board_report_collection_2026_06_26,NB-P0-00,hgtxr_e2e_axis_par16_c3_mem8,hgtxr_e2e_axis_par16_c3_mem8,solution_e2e_q4w8a,hgtxr_e2e_layernorm_Pipeline_VITIS_LOOP_795_4,parsed,hls_csynth_xml,2026-06-26T16:48:56.930853+00:00,hgtxr_e2e_layernorm_Pipeline_VITIS_LOOP_795_4,generated/hgtxr_e2e_axis_par16_c3_mem8/solution_e2e_q4w8a/syn/report/hgtxr_e2e_layernorm_Pipeline_VITIS_LOOP_795_4_csynth.xml,True,,False,5.0,3.58,196,196,196,196,196,0,2,90,237,0,624,1728,460800,230400,96,0.0,0.11574074074074074,0.01953125,0.10286458333333333,0.0,0.00098,True
p0_no_board_report_collection_2026_06_26,NB-P0-00,hgtxr_e2e_axis_par16_c3_mem8,hgtxr_e2e_axis_par16_c3_mem8,solution_e2e_q4w8a,hgtxr_e2e_layernorm_Pipeline_VITIS_LOOP_804_5,parsed,hls_csynth_xml,2026-06-26T16:48:56.930853+00:00,hgtxr_e2e_layernorm_Pipeline_VITIS_LOOP_804_5,generated/hgtxr_e2e_axis_par16_c3_mem8/solution_e2e_q4w8a/syn/report/hgtxr_e2e_layernorm_Pipeline_VITIS_LOOP_804_5_csynth.xml,True,,False,5.0,3.58,197,197,197,197,197,0,4,265,903,0,624,1728,460800,230400,96,0.0,0.23148148148148148,0.05750868055555555,0.3919270833333333,0.0,0.000985,True
p0_no_board_report_collection_2026_06_26,NB-P0-00,hgtxr_e2e_axis_par16_c3_mem8,hgtxr_e2e_axis_par16_c3_mem8,solution_e2e_q4w8a,hgtxr_e2e_layernorm,parsed,hls_csynth_xml,2026-06-26T16:48:56.930853+00:00,hgtxr_e2e_layernorm,generated/hgtxr_e2e_axis_par16_c3_mem8/solution_e2e_q4w8a/syn/report/hgtxr_e2e_layernorm_csynth.xml,True,,False,5.0,3.65,117619,117619,117619,117619,117619,0,15,2748,2778,0,624,1728,460800,230400,96,0.0,0.8680555555555556,0.5963541666666666,1.2057291666666667,0.0,0.588095,True
p0_no_board_report_collection_2026_06_26,NB-P0-00,hgtxr_e2e_axis_par16_c3_mem8,hgtxr_e2e_axis_par16_c3_mem8,solution_e2e_q4w8a,hgtxr_e2e_mlp_head_Pipeline_VITIS_LOOP_1222_1,parsed,hls_csynth_xml,2026-06-26T16:48:56.930853+00:00,hgtxr_e2e_mlp_head_Pipeline_VITIS_LOOP_1222_1,generated/hgtxr_e2e_axis_par16_c3_mem8/solution_e2e_q4w8a/syn/report/hgtxr_e2e_mlp_head_Pipeline_VITIS_LOOP_1222_1_csynth.xml,True,,False,5.0,1.869,194,194,194,194,194,0,0,10,57,0,624,1728,460800,230400,96,0.0,0.0,0.002170138888888889,0.024739583333333332,0.0,0.00097,True
p0_no_board_report_collection_2026_06_26,NB-P0-00,hgtxr_e2e_axis_par16_c3_mem8,hgtxr_e2e_axis_par16_c3_mem8,solution_e2e_q4w8a,hgtxr_e2e_mlp_head_Pipeline_VITIS_LOOP_1228_2_VITIS_LOOP_1230_3,parsed,hls_csynth_xml,2026-06-26T16:48:56.930853+00:00,hgtxr_e2e_mlp_head_Pipeline_VITIS_LOOP_1228_2_VITIS_LOOP_1230_3,generated/hgtxr_e2e_axis_par16_c3_mem8/solution_e2e_q4w8a/syn/report/hgtxr_e2e_mlp_head_Pipeline_VITIS_LOOP_1228_2_VITIS_LOOP_1230_3_csynth.xml,True,,False,5.0,3.646,75267,75267,75267,75267,75267,0,0,239,884,0,624,1728,460800,230400,96,0.0,0.0,0.05186631944444445,0.3836805555555556,0.0,0.376335,True
p0_no_board_report_collection_2026_06_26,NB-P0-00,hgtxr_e2e_axis_par16_c3_mem8,hgtxr_e2e_axis_par16_c3_mem8,solution_e2e_q4w8a,hgtxr_e2e_mlp_head_Pipeline_VITIS_LOOP_1245_6,parsed,hls_csynth_xml,2026-06-26T16:48:56.930853+00:00,hgtxr_e2e_mlp_head_Pipeline_VITIS_LOOP_1245_6,generated/hgtxr_e2e_axis_par16_c3_mem8/solution_e2e_q4w8a/syn/report/hgtxr_e2e_mlp_head_Pipeline_VITIS_LOOP_1245_6_csynth.xml,True,,False,5.0,3.65,24,24,24,24,24,0,32,2431,2487,0,624,1728,460800,230400,96,0.0,1.8518518518518519,0.5275607638888888,1.0794270833333333,0.0,0.00012,True
p0_no_board_report_collection_2026_06_26,NB-P0-00,hgtxr_e2e_axis_par16_c3_mem8,hgtxr_e2e_axis_par16_c3_mem8,solution_e2e_q4w8a,hgtxr_e2e_mlp_head,parsed,hls_csynth_xml,2026-06-26T16:48:56.930853+00:00,hgtxr_e2e_mlp_head,generated/hgtxr_e2e_axis_par16_c3_mem8/solution_e2e_q4w8a/syn/report/hgtxr_e2e_mlp_head_csynth.xml,True,,False,5.0,3.65,75633,75633,75633,75633,75633,0,32,2999,5562,0,624,1728,460800,230400,96,0.0,1.8518518518518519,0.6508246527777778,2.4140625,0.0,0.378165,True
p0_no_board_report_collection_2026_06_26,NB-P0-00,hgtxr_e2e_axis_par16_c3_mem8,hgtxr_e2e_axis_par16_c3_mem8,solution_e2e_q4w8a,hgtxr_e2e_mlp_unit_0_Pipeline_VITIS_LOOP_1140_4,parsed,hls_csynth_xml,2026-06-26T16:48:56.930853+00:00,hgtxr_e2e_mlp_unit_0_Pipeline_VITIS_LOOP_1140_4,generated/hgtxr_e2e_axis_par16_c3_mem8/solution_e2e_q4w8a/syn/report/hgtxr_e2e_mlp_unit_0_Pipeline_VITIS_LOOP_1140_4_csynth.xml,True,,False,5.0,3.65,204,204,204,204,204,0,32,2782,2920,0,624,1728,460800,230400,96,0.0,1.8518518518518519,0.6037326388888888,1.2673611111111112,0.0,0.00102,True
p0_no_board_report_collection_2026_06_26,NB-P0-00,hgtxr_e2e_axis_par16_c3_mem8,hgtxr_e2e_axis_par16_c3_mem8,solution_e2e_q4w8a,hgtxr_e2e_mlp_unit_0_Pipeline_VITIS_LOOP_1167_7_VITIS_LOOP_1175_9,parsed,hls_csynth_xml,2026-06-26T16:48:56.930853+00:00,hgtxr_e2e_mlp_unit_0_Pipeline_VITIS_LOOP_1167_7_VITIS_LOOP_1175_9,generated/hgtxr_e2e_axis_par16_c3_mem8/solution_e2e_q4w8a/syn/report/hgtxr_e2e_mlp_unit_0_Pipeline_VITIS_LOOP_1167_7_VITIS_LOOP_1175_9_csynth.xml,True,,False,5.0,3.65,18446,18446,18446,18446,18446,0,32,4003,5903,0,624,1728,460800,230400,96,0.0,1.8518518518518519,0.8687065972222222,2.5620659722222223,0.0,0.09223,True
p0_no_board_report_collection_2026_06_26,NB-P0-00,hgtxr_e2e_axis_par16_c3_mem8,hgtxr_e2e_axis_par16_c3_mem8,solution_e2e_q4w8a,hgtxr_e2e_mlp_unit_0_s,parsed,hls_csynth_xml,2026-06-26T16:48:56.930853+00:00,hgtxr_e2e_mlp_unit_0_s,generated/hgtxr_e2e_axis_par16_c3_mem8/solution_e2e_q4w8a/syn/report/hgtxr_e2e_mlp_unit_0_s_csynth.xml,True,,False,5.0,3.65,5775162,5775162,5775162,5775162,5775162,0,79,9953,16510,0,624,1728,460800,230400,96,0.0,4.5717592592592595,2.159939236111111,7.165798611111111,0.0,28.87581,True
p0_no_board_report_collection_2026_06_26,NB-P0-00,hgtxr_e2e_axis_par16_c3_mem8,hgtxr_e2e_axis_par16_c3_mem8,solution_e2e_q4w8a,hgtxr_e2e_mlp_unit_1_Pipeline_VITIS_LOOP_1140_4,parsed,hls_csynth_xml,2026-06-26T16:48:56.930853+00:00,hgtxr_e2e_mlp_unit_1_Pipeline_VITIS_LOOP_1140_4,generated/hgtxr_e2e_axis_par16_c3_mem8/solution_e2e_q4w8a/syn/report/hgtxr_e2e_mlp_unit_1_Pipeline_VITIS_LOOP_1140_4_csynth.xml,True,,False,5.0,3.65,204,204,204,204,204,0,32,2782,2920,0,624,1728,460800,230400,96,0.0,1.8518518518518519,0.6037326388888888,1.2673611111111112,0.0,0.00102,True
p0_no_board_report_collection_2026_06_26,NB-P0-00,hgtxr_e2e_axis_par16_c3_mem8,hgtxr_e2e_axis_par16_c3_mem8,solution_e2e_q4w8a,hgtxr_e2e_mlp_unit_1_Pipeline_VITIS_LOOP_1167_7_VITIS_LOOP_1175_9,parsed,hls_csynth_xml,2026-06-26T16:48:56.930853+00:00,hgtxr_e2e_mlp_unit_1_Pipeline_VITIS_LOOP_1167_7_VITIS_LOOP_1175_9,generated/hgtxr_e2e_axis_par16_c3_mem8/solution_e2e_q4w8a/syn/report/hgtxr_e2e_mlp_unit_1_Pipeline_VITIS_LOOP_1167_7_VITIS_LOOP_1175_9_csynth.xml,True,,False,5.0,3.65,18446,18446,18446,18446,18446,0,32,4003,5903,0,624,1728,460800,230400,96,0.0,1.8518518518518519,0.8687065972222222,2.5620659722222223,0.0,0.09223,True
p0_no_board_report_collection_2026_06_26,NB-P0-00,hgtxr_e2e_axis_par16_c3_mem8,hgtxr_e2e_axis_par16_c3_mem8,solution_e2e_q4w8a,hgtxr_e2e_mlp_unit_1_s,parsed,hls_csynth_xml,2026-06-26T16:48:56.930853+00:00,hgtxr_e2e_mlp_unit_1_s,generated/hgtxr_e2e_axis_par16_c3_mem8/solution_e2e_q4w8a/syn/report/hgtxr_e2e_mlp_unit_1_s_csynth.xml,True,,False,5.0,3.65,5775162,5775162,5775162,5775162,5775162,0,79,9953,16510,0,624,1728,460800,230400,96,0.0,4.5717592592592595,2.159939236111111,7.165798611111111,0.0,28.87581,True
p0_no_board_report_collection_2026_06_26,NB-P0-00,hgtxr_e2e_axis_par16_c3_mem8,hgtxr_e2e_axis_par16_c3_mem8,solution_e2e_q4w8a,hgtxr_e2e_output_projection_Pipeline_VITIS_LOOP_1075_4,parsed,hls_csynth_xml,2026-06-26T16:48:56.930853+00:00,hgtxr_e2e_output_projection_Pipeline_VITIS_LOOP_1075_4,generated/hgtxr_e2e_axis_par16_c3_mem8/solution_e2e_q4w8a/syn/report/hgtxr_e2e_output_projection_Pipeline_VITIS_LOOP_1075_4_csynth.xml,True,,False,5.0,3.697,204,204,204,204,204,0,32,1501,6134,0,624,1728,460800,230400,96,0.0,1.8518518518518519,0.3257378472222222,2.662326388888889,0.0,0.00102,True
p0_no_board_report_collection_2026_06_26,NB-P0-00,hgtxr_e2e_axis_par16_c3_mem8,hgtxr_e2e_axis_par16_c3_mem8,solution_e2e_q4w8a,hgtxr_e2e_output_projection,parsed,hls_csynth_xml,2026-06-26T16:48:56.930853+00:00,hgtxr_e2e_output_projection,generated/hgtxr_e2e_axis_par16_c3_mem8/solution_e2e_q4w8a/syn/report/hgtxr_e2e_output_projection_csynth.xml,True,,False,5.0,3.697,491961,491961,491961,491961,491961,0,32,1896,8418,0,624,1728,460800,230400,96,0.0,1.8518518518518519,0.4114583333333333,3.6536458333333335,0.0,2.459805,True
p0_no_board_report_collection_2026_06_26,NB-P0-00,hgtxr_e2e_axis_par16_c3_mem8,hgtxr_e2e_axis_par16_c3_mem8,solution_e2e_q4w8a,hgtxr_e2e_project_qkv_Pipeline_VITIS_LOOP_847_1,parsed,hls_csynth_xml,2026-06-26T16:48:56.930853+00:00,hgtxr_e2e_project_qkv_Pipeline_VITIS_LOOP_847_1,generated/hgtxr_e2e_axis_par16_c3_mem8/solution_e2e_q4w8a/syn/report/hgtxr_e2e_project_qkv_Pipeline_VITIS_LOOP_847_1_csynth.xml,True,,False,5.0,3.65,579,579,579,579,579,0,0,291,83,0,624,1728,460800,230400,96,0.0,0.0,0.06315104166666667,0.03602430555555555,0.0,0.002895,True
p0_no_board_report_collection_2026_06_26,NB-P0-00,hgtxr_e2e_axis_par16_c3_mem8,hgtxr_e2e_axis_par16_c3_mem8,solution_e2e_q4w8a,hgtxr_e2e_project_qkv_Pipeline_VITIS_LOOP_852_2,parsed,hls_csynth_xml,2026-06-26T16:48:56.930853+00:00,hgtxr_e2e_project_qkv_Pipeline_VITIS_LOOP_852_2,generated/hgtxr_e2e_axis_par16_c3_mem8/solution_e2e_q4w8a/syn/report/hgtxr_e2e_project_qkv_Pipeline_VITIS_LOOP_852_2_csynth.xml,True,,False,5.0,3.65,579,579,579,579,579,0,0,291,83,0,624,1728,460800,230400,96,0.0,0.0,0.06315104166666667,0.03602430555555555,0.0,0.002895,True
p0_no_board_report_collection_2026_06_26,NB-P0-00,hgtxr_e2e_axis_par16_c3_mem8,hgtxr_e2e_axis_par16_c3_mem8,solution_e2e_q4w8a,hgtxr_e2e_project_qkv_Pipeline_VITIS_LOOP_857_3,parsed,hls_csynth_xml,2026-06-26T16:48:56.930853+00:00,hgtxr_e2e_project_qkv_Pipeline_VITIS_LOOP_857_3,generated/hgtxr_e2e_axis_par16_c3_mem8/solution_e2e_q4w8a/syn/report/hgtxr_e2e_project_qkv_Pipeline_VITIS_LOOP_857_3_csynth.xml,True,,False,5.0,3.65,579,579,579,579,579,0,0,291,83,0,624,1728,460800,230400,96,0.0,0.0,0.06315104166666667,0.03602430555555555,0.0,0.002895,True
p0_no_board_report_collection_2026_06_26,NB-P0-00,hgtxr_e2e_axis_par16_c3_mem8,hgtxr_e2e_axis_par16_c3_mem8,solution_e2e_q4w8a,hgtxr_e2e_project_qkv_Pipeline_VITIS_LOOP_879_7,parsed,hls_csynth_xml,2026-06-26T16:48:56.930853+00:00,hgtxr_e2e_project_qkv_Pipeline_VITIS_LOOP_879_7,generated/hgtxr_e2e_axis_par16_c3_mem8/solution_e2e_q4w8a/syn/report/hgtxr_e2e_project_qkv_Pipeline_VITIS_LOOP_879_7_csynth.xml,True,,False,5.0,2.624,196,196,196,196,196,0,96,3259,5114,0,624,1728,460800,230400,96,0.0,5.555555555555555,0.7072482638888888,2.2196180555555554,0.0,0.00098,True
p0_no_board_report_collection_2026_06_26,NB-P0-00,hgtxr_e2e_axis_par16_c3_mem8,hgtxr_e2e_axis_par16_c3_mem8,solution_e2e_q4w8a,hgtxr_e2e_project_qkv,parsed,hls_csynth_xml,2026-06-26T16:48:56.930853+00:00,hgtxr_e2e_project_qkv,generated/hgtxr_e2e_axis_par16_c3_mem8/solution_e2e_q4w8a/syn/report/hgtxr_e2e_project_qkv_csynth.xml,True,,False,5.0,3.65,474912,474912,474912,474912,474912,45,96,4859,11541,0,624,1728,460800,230400,96,7.211538461538462,5.555555555555555,1.0544704861111112,5.009114583333333,0.0,2.37456,True
p0_no_board_report_collection_2026_06_26,NB-P0-00,hgtxr_e2e_axis_par16_c3_mem8,hgtxr_e2e_axis_par16_c3_mem8,solution_e2e_q4w8a,hgtxr_global_buffer_load,parsed,hls_csynth_xml,2026-06-26T16:48:56.930853+00:00,hgtxr_global_buffer_load,generated/hgtxr_e2e_axis_par16_c3_mem8/solution_e2e_q4w8a/syn/report/hgtxr_global_buffer_load_csynth.xml,True,,False,5.0,3.235,49154,49154,49154,49154,49154,0,0,53,242,0,624,1728,460800,230400,96,0.0,0.0,0.011501736111111112,0.10503472222222222,0.0,0.24577,True
p0_no_board_report_collection_2026_06_26,NB-P0-00,hgtxr_e2e_axis_par16_c3b_mem16,hgtxr_e2e_axis_par16_c3b_mem16,solution_e2e_q4w8a,hgtxr_axis_read_frame,parsed,hls_csynth_xml,2026-06-26T16:48:56.930853+00:00,hgtxr_axis_read_frame,generated/hgtxr_e2e_axis_par16_c3b_mem16/solution_e2e_q4w8a/syn/report/hgtxr_axis_read_frame_csynth.xml,True,,False,5.0,2.29,65538,65538,65538,65538,65538,0,0,19,87,0,624,1728,460800,230400,96,0.0,0.0,0.004123263888888889,0.037760416666666664,0.0,0.32769,True
p0_no_board_report_collection_2026_06_26,NB-P0-00,hgtxr_e2e_axis_par16_c3b_mem16,hgtxr_e2e_axis_par16_c3b_mem16,solution_e2e_q4w8a,hgtxr_axis_write_state,parsed,hls_csynth_xml,2026-06-26T16:48:56.930853+00:00,hgtxr_axis_write_state,generated/hgtxr_e2e_axis_par16_c3b_mem16/solution_e2e_q4w8a/syn/report/hgtxr_axis_write_state_csynth.xml,True,,False,5.0,1.527,8,8,8,8,8,0,0,7,81,0,624,1728,460800,230400,96,0.0,0.0,0.0015190972222222222,0.03515625,0.0,4e-05,True
p0_no_board_report_collection_2026_06_26,NB-P0-00,hgtxr_e2e_axis_par16_c3b_mem16,hgtxr_e2e_axis_par16_c3b_mem16,solution_e2e_q4w8a,hgtxr_conv_patch_embedding_Pipeline_VITIS_LOOP_642_1_VITIS_LOOP_644_2,parsed,hls_csynth_xml,2026-06-26T16:48:56.930853+00:00,hgtxr_conv_patch_embedding_Pipeline_VITIS_LOOP_642_1_VITIS_LOOP_644_2,generated/hgtxr_e2e_axis_par16_c3b_mem16/solution_e2e_q4w8a/syn/report/hgtxr_conv_patch_embedding_Pipeline_VITIS_LOOP_642_1_VITIS_LOOP_644_2_csynth.xml,True,,False,5.0,3.28,49154,49154,49154,49154,49154,0,0,36,190,0,624,1728,460800,230400,96,0.0,0.0,0.0078125,0.08246527777777778,0.0,0.24577,True
p0_no_board_report_collection_2026_06_26,NB-P0-00,hgtxr_e2e_axis_par16_c3b_mem16,hgtxr_e2e_axis_par16_c3b_mem16,solution_e2e_q4w8a,hgtxr_conv_patch_embedding,parsed,hls_csynth_xml,2026-06-26T16:48:56.930853+00:00,hgtxr_conv_patch_embedding,generated/hgtxr_e2e_axis_par16_c3b_mem16/solution_e2e_q4w8a/syn/report/hgtxr_conv_patch_embedding_csynth.xml,True,,False,5.0,3.28,87208,87208,87208,87208,87208,0,0,83,1290,0,624,1728,460800,230400,96,0.0,0.0,0.018012152777777776,0.5598958333333334,0.0,0.43604,True
p0_no_board_report_collection_2026_06_26,NB-P0-00,hgtxr_e2e_axis_par16_c3b_mem16,hgtxr_e2e_axis_par16_c3b_mem16,solution_e2e_q4w8a,hgtxr_e2e_attention_core_Pipeline_VITIS_LOOP_1011_8,parsed,hls_csynth_xml,2026-06-26T16:48:56.930853+00:00,hgtxr_e2e_attention_core_Pipeline_VITIS_LOOP_1011_8,generated/hgtxr_e2e_axis_par16_c3b_mem16/solution_e2e_q4w8a/syn/report/hgtxr_e2e_attention_core_Pipeline_VITIS_LOOP_1011_8_csynth.xml,True,,False,5.0,3.443,201,201,201,201,201,0,0,221,450,0,624,1728,460800,230400,96,0.0,0.0,0.04796006944444445,0.1953125,0.0,0.001005,True
p0_no_board_report_collection_2026_06_26,NB-P0-00,hgtxr_e2e_axis_par16_c3b_mem16,hgtxr_e2e_axis_par16_c3b_mem16,solution_e2e_q4w8a,hgtxr_e2e_attention_core_Pipeline_VITIS_LOOP_1022_9,parsed,hls_csynth_xml,2026-06-26T16:48:56.930853+00:00,hgtxr_e2e_attention_core_Pipeline_VITIS_LOOP_1022_9,generated/hgtxr_e2e_axis_par16_c3b_mem16/solution_e2e_q4w8a/syn/report/hgtxr_e2e_attention_core_Pipeline_VITIS_LOOP_1022_9_csynth.xml,True,,False,5.0,2.146,230,230,230,230,230,0,0,2149,1597,0,624,1728,460800,230400,96,0.0,0.0,0.4663628472222222,0.6931423611111112,0.0,0.00115,True
p0_no_board_report_collection_2026_06_26,NB-P0-00,hgtxr_e2e_axis_par16_c3b_mem16,hgtxr_e2e_axis_par16_c3b_mem16,solution_e2e_q4w8a,hgtxr_e2e_attention_core_Pipeline_VITIS_LOOP_1029_10_VITIS_LOOP_1037_12,parsed,hls_csynth_xml,2026-06-26T16:48:56.930853+00:00,hgtxr_e2e_attention_core_Pipeline_VITIS_LOOP_1029_10_VITIS_LOOP_1037_12,generated/hgtxr_e2e_axis_par16_c3b_mem16/solution_e2e_q4w8a/syn/report/hgtxr_e2e_attention_core_Pipeline_VITIS_LOOP_1029_10_VITIS_LOOP_1037_12_csynth.xml,True,,False,5.0,3.953,788,788,788,788,788,0,32,1654,1981,0,624,1728,460800,230400,96,0.0,1.8518518518518519,0.3589409722222222,0.8598090277777778,0.0,0.00394,True
p0_no_board_report_collection_2026_06_26,NB-P0-00,hgtxr_e2e_axis_par16_c3b_mem16,hgtxr_e2e_axis_par16_c3b_mem16,solution_e2e_q4w8a,hgtxr_e2e_attention_core_Pipeline_VITIS_LOOP_949_3_VITIS_LOOP_957_5,parsed,hls_csynth_xml,2026-06-26T16:48:56.930853+00:00,hgtxr_e2e_attention_core_Pipeline_VITIS_LOOP_949_3_VITIS_LOOP_957_5,generated/hgtxr_e2e_axis_par16_c3b_mem16/solution_e2e_q4w8a/syn/report/hgtxr_e2e_attention_core_Pipeline_VITIS_LOOP_949_3_VITIS_LOOP_957_5_csynth.xml,True,,False,5.0,3.691,790,790,790,790,790,0,32,1947,2629,0,624,1728,460800,230400,96,0.0,1.8518518518518519,0.4225260416666667,1.1410590277777777,0.0,0.00395,True
p0_no_board_report_collection_2026_06_26,NB-P0-00,hgtxr_e2e_axis_par16_c3b_mem16,hgtxr_e2e_axis_par16_c3b_mem16,solution_e2e_q4w8a,hgtxr_e2e_attention_core,parsed,hls_csynth_xml,2026-06-26T16:48:56.930853+00:00,hgtxr_e2e_attention_core,generated/hgtxr_e2e_axis_par16_c3b_mem16/solution_e2e_q4w8a/syn/report/hgtxr_e2e_attention_core_csynth.xml,True,,False,5.0,3.953,1186585,1186585,1186585,1186585,1186585,0,64,6086,7094,0,624,1728,460800,230400,96,0.0,3.7037037037037037,1.3207465277777777,3.0789930555555554,0.0,5.932925,True
p0_no_board_report_collection_2026_06_26,NB-P0-00,hgtxr_e2e_axis_par16_c3b_mem16,hgtxr_e2e_axis_par16_c3b_mem16,solution_e2e_q4w8a,hgtxr_e2e_attn_unit_0_s,parsed,hls_csynth_xml,2026-06-26T16:48:56.930853+00:00,hgtxr_e2e_attn_unit_0_s,generated/hgtxr_e2e_axis_par16_c3b_mem16/solution_e2e_q4w8a/syn/report/hgtxr_e2e_attn_unit_0_s_csynth.xml,True,,False,5.0,3.953,2247180,2247180,2247180,2247180,2247180,45,207,16800,34434,0,624,1728,460800,230400,96,7.211538461538462,11.979166666666666,3.6458333333333335,14.9453125,0.0,11.2359,True
p0_no_board_report_collection_2026_06_26,NB-P0-00,hgtxr_e2e_axis_par16_c3b_mem16,hgtxr_e2e_axis_par16_c3b_mem16,solution_e2e_q4w8a,hgtxr_e2e_attn_unit_1_s,parsed,hls_csynth_xml,2026-06-26T16:48:56.930853+00:00,hgtxr_e2e_attn_unit_1_s,generated/hgtxr_e2e_axis_par16_c3b_mem16/solution_e2e_q4w8a/syn/report/hgtxr_e2e_attn_unit_1_s_csynth.xml,True,,False,5.0,3.953,2247180,2247180,2247180,2247180,2247180,45,207,16800,34434,0,624,1728,460800,230400,96,7.211538461538462,11.979166666666666,3.6458333333333335,14.9453125,0.0,11.2359,True
p0_no_board_report_collection_2026_06_26,NB-P0-00,hgtxr_e2e_axis_par16_c3b_mem16,hgtxr_e2e_axis_par16_c3b_mem16,solution_e2e_q4w8a,hgtxr_e2e_axis_top,parsed,hls_csynth_xml,2026-06-26T16:48:56.930853+00:00,hgtxr_e2e_axis_top,generated/hgtxr_e2e_axis_par16_c3b_mem16/solution_e2e_q4w8a/syn/report/hgtxr_e2e_axis_top_csynth.xml,True,,False,5.0,3.953,37508072,37508072,37508072,37508073,37508073,332,604,59505,126506,64,624,1728,460800,230400,96,53.205128205128204,34.9537037037037,12.913411458333334,54.90711805555556,66.66666666666667,187.54036,True
p0_no_board_report_collection_2026_06_26,NB-P0-00,hgtxr_e2e_axis_par16_c3b_mem16,hgtxr_e2e_axis_par16_c3b_mem16,solution_e2e_q4w8a,hgtxr_e2e_controller_run,parsed,hls_csynth_xml,2026-06-26T16:48:56.930853+00:00,hgtxr_e2e_controller_run,generated/hgtxr_e2e_axis_par16_c3b_mem16/solution_e2e_q4w8a/syn/report/hgtxr_e2e_controller_run_csynth.xml,True,,False,5.0,3.953,37296061,37296061,37296061,37296061,37296061,250,572,53901,114988,64,624,1728,460800,230400,96,40.06410256410256,33.101851851851855,11.697265625,49.907986111111114,66.66666666666667,186.480305,True
p0_no_board_report_collection_2026_06_26,NB-P0-00,hgtxr_e2e_axis_par16_c3b_mem16,hgtxr_e2e_axis_par16_c3b_mem16,solution_e2e_q4w8a,hgtxr_e2e_layernorm_Pipeline_VITIS_LOOP_777_1,parsed,hls_csynth_xml,2026-06-26T16:48:56.930853+00:00,hgtxr_e2e_layernorm_Pipeline_VITIS_LOOP_777_1,generated/hgtxr_e2e_axis_par16_c3b_mem16/solution_e2e_q4w8a/syn/report/hgtxr_e2e_layernorm_Pipeline_VITIS_LOOP_777_1_csynth.xml,True,,False,5.0,3.65,16,16,16,16,16,0,0,1816,416,0,624,1728,460800,230400,96,0.0,0.0,0.3940972222222222,0.18055555555555555,0.0,8e-05,True
p0_no_board_report_collection_2026_06_26,NB-P0-00,hgtxr_e2e_axis_par16_c3b_mem16,hgtxr_e2e_axis_par16_c3b_mem16,solution_e2e_q4w8a,hgtxr_e2e_layernorm_Pipeline_VITIS_LOOP_787_3,parsed,hls_csynth_xml,2026-06-26T16:48:56.930853+00:00,hgtxr_e2e_layernorm_Pipeline_VITIS_LOOP_787_3,generated/hgtxr_e2e_axis_par16_c3b_mem16/solution_e2e_q4w8a/syn/report/hgtxr_e2e_layernorm_Pipeline_VITIS_LOOP_787_3_csynth.xml,True,,False,5.0,3.169,194,194,194,194,194,0,0,47,200,0,624,1728,460800,230400,96,0.0,0.0,0.010199652777777778,0.08680555555555555,0.0,0.00097,True
p0_no_board_report_collection_2026_06_26,NB-P0-00,hgtxr_e2e_axis_par16_c3b_mem16,hgtxr_e2e_axis_par16_c3b_mem16,solution_e2e_q4w8a,hgtxr_e2e_layernorm_Pipeline_VITIS_LOOP_795_4,parsed,hls_csynth_xml,2026-06-26T16:48:56.930853+00:00,hgtxr_e2e_layernorm_Pipeline_VITIS_LOOP_795_4,generated/hgtxr_e2e_axis_par16_c3b_mem16/solution_e2e_q4w8a/syn/report/hgtxr_e2e_layernorm_Pipeline_VITIS_LOOP_795_4_csynth.xml,True,,False,5.0,3.58,196,196,196,196,196,0,2,91,258,0,624,1728,460800,230400,96,0.0,0.11574074074074074,0.019748263888888888,0.11197916666666667,0.0,0.00098,True
p0_no_board_report_collection_2026_06_26,NB-P0-00,hgtxr_e2e_axis_par16_c3b_mem16,hgtxr_e2e_axis_par16_c3b_mem16,solution_e2e_q4w8a,hgtxr_e2e_layernorm_Pipeline_VITIS_LOOP_804_5,parsed,hls_csynth_xml,2026-06-26T16:48:56.930853+00:00,hgtxr_e2e_layernorm_Pipeline_VITIS_LOOP_804_5,generated/hgtxr_e2e_axis_par16_c3b_mem16/solution_e2e_q4w8a/syn/report/hgtxr_e2e_layernorm_Pipeline_VITIS_LOOP_804_5_csynth.xml,True,,False,5.0,3.58,197,197,197,197,197,0,4,265,924,0,624,1728,460800,230400,96,0.0,0.23148148148148148,0.05750868055555555,0.4010416666666667,0.0,0.000985,True
p0_no_board_report_collection_2026_06_26,NB-P0-00,hgtxr_e2e_axis_par16_c3b_mem16,hgtxr_e2e_axis_par16_c3b_mem16,solution_e2e_q4w8a,hgtxr_e2e_layernorm,parsed,hls_csynth_xml,2026-06-26T16:48:56.930853+00:00,hgtxr_e2e_layernorm,generated/hgtxr_e2e_axis_par16_c3b_mem16/solution_e2e_q4w8a/syn/report/hgtxr_e2e_layernorm_csynth.xml,True,,False,5.0,3.65,117619,117619,117619,117619,117619,0,15,2750,3160,0,624,1728,460800,230400,96,0.0,0.8680555555555556,0.5967881944444444,1.3715277777777777,0.0,0.588095,True
p0_no_board_report_collection_2026_06_26,NB-P0-00,hgtxr_e2e_axis_par16_c3b_mem16,hgtxr_e2e_axis_par16_c3b_mem16,solution_e2e_q4w8a,hgtxr_e2e_mlp_head_Pipeline_VITIS_LOOP_1222_1,parsed,hls_csynth_xml,2026-06-26T16:48:56.930853+00:00,hgtxr_e2e_mlp_head_Pipeline_VITIS_LOOP_1222_1,generated/hgtxr_e2e_axis_par16_c3b_mem16/solution_e2e_q4w8a/syn/report/hgtxr_e2e_mlp_head_Pipeline_VITIS_LOOP_1222_1_csynth.xml,True,,False,5.0,1.869,194,194,194,194,194,0,0,10,57,0,624,1728,460800,230400,96,0.0,0.0,0.002170138888888889,0.024739583333333332,0.0,0.00097,True
p0_no_board_report_collection_2026_06_26,NB-P0-00,hgtxr_e2e_axis_par16_c3b_mem16,hgtxr_e2e_axis_par16_c3b_mem16,solution_e2e_q4w8a,hgtxr_e2e_mlp_head_Pipeline_VITIS_LOOP_1228_2_VITIS_LOOP_1230_3,parsed,hls_csynth_xml,2026-06-26T16:48:56.930853+00:00,hgtxr_e2e_mlp_head_Pipeline_VITIS_LOOP_1228_2_VITIS_LOOP_1230_3,generated/hgtxr_e2e_axis_par16_c3b_mem16/solution_e2e_q4w8a/syn/report/hgtxr_e2e_mlp_head_Pipeline_VITIS_LOOP_1228_2_VITIS_LOOP_1230_3_csynth.xml,True,,False,5.0,3.691,75267,75267,75267,75267,75267,0,0,236,906,0,624,1728,460800,230400,96,0.0,0.0,0.051215277777777776,0.3932291666666667,0.0,0.376335,True
p0_no_board_report_collection_2026_06_26,NB-P0-00,hgtxr_e2e_axis_par16_c3b_mem16,hgtxr_e2e_axis_par16_c3b_mem16,solution_e2e_q4w8a,hgtxr_e2e_mlp_head_Pipeline_VITIS_LOOP_1245_6,parsed,hls_csynth_xml,2026-06-26T16:48:56.930853+00:00,hgtxr_e2e_mlp_head_Pipeline_VITIS_LOOP_1245_6,generated/hgtxr_e2e_axis_par16_c3b_mem16/solution_e2e_q4w8a/syn/report/hgtxr_e2e_mlp_head_Pipeline_VITIS_LOOP_1245_6_csynth.xml,True,,False,5.0,3.65,24,24,24,24,24,0,32,2431,2487,0,624,1728,460800,230400,96,0.0,1.8518518518518519,0.5275607638888888,1.0794270833333333,0.0,0.00012,True
p0_no_board_report_collection_2026_06_26,NB-P0-00,hgtxr_e2e_axis_par16_c3b_mem16,hgtxr_e2e_axis_par16_c3b_mem16,solution_e2e_q4w8a,hgtxr_e2e_mlp_head,parsed,hls_csynth_xml,2026-06-26T16:48:56.930853+00:00,hgtxr_e2e_mlp_head,generated/hgtxr_e2e_axis_par16_c3b_mem16/solution_e2e_q4w8a/syn/report/hgtxr_e2e_mlp_head_csynth.xml,True,,False,5.0,3.691,75633,75633,75633,75633,75633,0,32,2996,5584,0,624,1728,460800,230400,96,0.0,1.8518518518518519,0.6501736111111112,2.423611111111111,0.0,0.378165,True
p0_no_board_report_collection_2026_06_26,NB-P0-00,hgtxr_e2e_axis_par16_c3b_mem16,hgtxr_e2e_axis_par16_c3b_mem16,solution_e2e_q4w8a,hgtxr_e2e_mlp_unit_0_Pipeline_VITIS_LOOP_1140_4,parsed,hls_csynth_xml,2026-06-26T16:48:56.930853+00:00,hgtxr_e2e_mlp_unit_0_Pipeline_VITIS_LOOP_1140_4,generated/hgtxr_e2e_axis_par16_c3b_mem16/solution_e2e_q4w8a/syn/report/hgtxr_e2e_mlp_unit_0_Pipeline_VITIS_LOOP_1140_4_csynth.xml,True,,False,5.0,3.65,204,204,204,204,204,0,32,2783,2941,0,624,1728,460800,230400,96,0.0,1.8518518518518519,0.6039496527777778,1.2764756944444444,0.0,0.00102,True
p0_no_board_report_collection_2026_06_26,NB-P0-00,hgtxr_e2e_axis_par16_c3b_mem16,hgtxr_e2e_axis_par16_c3b_mem16,solution_e2e_q4w8a,hgtxr_e2e_mlp_unit_0_Pipeline_VITIS_LOOP_1167_7_VITIS_LOOP_1175_9,parsed,hls_csynth_xml,2026-06-26T16:48:56.930853+00:00,hgtxr_e2e_mlp_unit_0_Pipeline_VITIS_LOOP_1167_7_VITIS_LOOP_1175_9,generated/hgtxr_e2e_axis_par16_c3b_mem16/solution_e2e_q4w8a/syn/report/hgtxr_e2e_mlp_unit_0_Pipeline_VITIS_LOOP_1167_7_VITIS_LOOP_1175_9_csynth.xml,True,,False,5.0,3.65,9230,9230,9230,9230,9230,0,32,4180,5476,0,624,1728,460800,230400,96,0.0,1.8518518518518519,0.9071180555555556,2.376736111111111,0.0,0.04615,True
p0_no_board_report_collection_2026_06_26,NB-P0-00,hgtxr_e2e_axis_par16_c3b_mem16,hgtxr_e2e_axis_par16_c3b_mem16,solution_e2e_q4w8a,hgtxr_e2e_mlp_unit_0_s,parsed,hls_csynth_xml,2026-06-26T16:48:56.930853+00:00,hgtxr_e2e_mlp_unit_0_s,generated/hgtxr_e2e_axis_par16_c3b_mem16/solution_e2e_q4w8a/syn/report/hgtxr_e2e_mlp_unit_0_s_csynth.xml,True,,False,5.0,3.65,3968826,3968826,3968826,3968826,3968826,0,79,10140,16998,0,624,1728,460800,230400,96,0.0,4.5717592592592595,2.2005208333333335,7.377604166666667,0.0,19.84413,True
p0_no_board_report_collection_2026_06_26,NB-P0-00,hgtxr_e2e_axis_par16_c3b_mem16,hgtxr_e2e_axis_par16_c3b_mem16,solution_e2e_q4w8a,hgtxr_e2e_mlp_unit_1_Pipeline_VITIS_LOOP_1140_4,parsed,hls_csynth_xml,2026-06-26T16:48:56.930853+00:00,hgtxr_e2e_mlp_unit_1_Pipeline_VITIS_LOOP_1140_4,generated/hgtxr_e2e_axis_par16_c3b_mem16/solution_e2e_q4w8a/syn/report/hgtxr_e2e_mlp_unit_1_Pipeline_VITIS_LOOP_1140_4_csynth.xml,True,,False,5.0,3.65,204,204,204,204,204,0,32,2783,2941,0,624,1728,460800,230400,96,0.0,1.8518518518518519,0.6039496527777778,1.2764756944444444,0.0,0.00102,True
p0_no_board_report_collection_2026_06_26,NB-P0-00,hgtxr_e2e_axis_par16_c3b_mem16,hgtxr_e2e_axis_par16_c3b_mem16,solution_e2e_q4w8a,hgtxr_e2e_mlp_unit_1_Pipeline_VITIS_LOOP_1167_7_VITIS_LOOP_1175_9,parsed,hls_csynth_xml,2026-06-26T16:48:56.930853+00:00,hgtxr_e2e_mlp_unit_1_Pipeline_VITIS_LOOP_1167_7_VITIS_LOOP_1175_9,generated/hgtxr_e2e_axis_par16_c3b_mem16/solution_e2e_q4w8a/syn/report/hgtxr_e2e_mlp_unit_1_Pipeline_VITIS_LOOP_1167_7_VITIS_LOOP_1175_9_csynth.xml,True,,False,5.0,3.65,9230,9230,9230,9230,9230,0,32,4180,5476,0,624,1728,460800,230400,96,0.0,1.8518518518518519,0.9071180555555556,2.376736111111111,0.0,0.04615,True
p0_no_board_report_collection_2026_06_26,NB-P0-00,hgtxr_e2e_axis_par16_c3b_mem16,hgtxr_e2e_axis_par16_c3b_mem16,solution_e2e_q4w8a,hgtxr_e2e_mlp_unit_1_s,parsed,hls_csynth_xml,2026-06-26T16:48:56.930853+00:00,hgtxr_e2e_mlp_unit_1_s,generated/hgtxr_e2e_axis_par16_c3b_mem16/solution_e2e_q4w8a/syn/report/hgtxr_e2e_mlp_unit_1_s_csynth.xml,True,,False,5.0,3.65,3968826,3968826,3968826,3968826,3968826,0,79,10140,16998,0,624,1728,460800,230400,96,0.0,4.5717592592592595,2.2005208333333335,7.377604166666667,0.0,19.84413,True
p0_no_board_report_collection_2026_06_26,NB-P0-00,hgtxr_e2e_axis_par16_c3b_mem16,hgtxr_e2e_axis_par16_c3b_mem16,solution_e2e_q4w8a,hgtxr_e2e_output_projection_Pipeline_VITIS_LOOP_1075_4,parsed,hls_csynth_xml,2026-06-26T16:48:56.930853+00:00,hgtxr_e2e_output_projection_Pipeline_VITIS_LOOP_1075_4,generated/hgtxr_e2e_axis_par16_c3b_mem16/solution_e2e_q4w8a/syn/report/hgtxr_e2e_output_projection_Pipeline_VITIS_LOOP_1075_4_csynth.xml,True,,False,5.0,3.697,204,204,204,204,204,0,32,1502,6155,0,624,1728,460800,230400,96,0.0,1.8518518518518519,0.3259548611111111,2.6714409722222223,0.0,0.00102,True
p0_no_board_report_collection_2026_06_26,NB-P0-00,hgtxr_e2e_axis_par16_c3b_mem16,hgtxr_e2e_axis_par16_c3b_mem16,solution_e2e_q4w8a,hgtxr_e2e_output_projection,parsed,hls_csynth_xml,2026-06-26T16:48:56.930853+00:00,hgtxr_e2e_output_projection,generated/hgtxr_e2e_axis_par16_c3b_mem16/solution_e2e_q4w8a/syn/report/hgtxr_e2e_output_projection_csynth.xml,True,,False,5.0,3.697,489609,489609,489609,489609,489609,0,32,1883,8070,0,624,1728,460800,230400,96,0.0,1.8518518518518519,0.4086371527777778,3.5026041666666665,0.0,2.448045,True
p0_no_board_report_collection_2026_06_26,NB-P0-00,hgtxr_e2e_axis_par16_c3b_mem16,hgtxr_e2e_axis_par16_c3b_mem16,solution_e2e_q4w8a,hgtxr_e2e_project_qkv_Pipeline_VITIS_LOOP_847_1,parsed,hls_csynth_xml,2026-06-26T16:48:56.930853+00:00,hgtxr_e2e_project_qkv_Pipeline_VITIS_LOOP_847_1,generated/hgtxr_e2e_axis_par16_c3b_mem16/solution_e2e_q4w8a/syn/report/hgtxr_e2e_project_qkv_Pipeline_VITIS_LOOP_847_1_csynth.xml,True,,False,5.0,3.65,579,579,579,579,579,0,0,291,83,0,624,1728,460800,230400,96,0.0,0.0,0.06315104166666667,0.03602430555555555,0.0,0.002895,True
p0_no_board_report_collection_2026_06_26,NB-P0-00,hgtxr_e2e_axis_par16_c3b_mem16,hgtxr_e2e_axis_par16_c3b_mem16,solution_e2e_q4w8a,hgtxr_e2e_project_qkv_Pipeline_VITIS_LOOP_852_2,parsed,hls_csynth_xml,2026-06-26T16:48:56.930853+00:00,hgtxr_e2e_project_qkv_Pipeline_VITIS_LOOP_852_2,generated/hgtxr_e2e_axis_par16_c3b_mem16/solution_e2e_q4w8a/syn/report/hgtxr_e2e_project_qkv_Pipeline_VITIS_LOOP_852_2_csynth.xml,True,,False,5.0,3.65,579,579,579,579,579,0,0,291,83,0,624,1728,460800,230400,96,0.0,0.0,0.06315104166666667,0.03602430555555555,0.0,0.002895,True
p0_no_board_report_collection_2026_06_26,NB-P0-00,hgtxr_e2e_axis_par16_c3b_mem16,hgtxr_e2e_axis_par16_c3b_mem16,solution_e2e_q4w8a,hgtxr_e2e_project_qkv_Pipeline_VITIS_LOOP_857_3,parsed,hls_csynth_xml,2026-06-26T16:48:56.930853+00:00,hgtxr_e2e_project_qkv_Pipeline_VITIS_LOOP_857_3,generated/hgtxr_e2e_axis_par16_c3b_mem16/solution_e2e_q4w8a/syn/report/hgtxr_e2e_project_qkv_Pipeline_VITIS_LOOP_857_3_csynth.xml,True,,False,5.0,3.65,579,579,579,579,579,0,0,291,83,0,624,1728,460800,230400,96,0.0,0.0,0.06315104166666667,0.03602430555555555,0.0,0.002895,True
p0_no_board_report_collection_2026_06_26,NB-P0-00,hgtxr_e2e_axis_par16_c3b_mem16,hgtxr_e2e_axis_par16_c3b_mem16,solution_e2e_q4w8a,hgtxr_e2e_project_qkv_Pipeline_VITIS_LOOP_863_4_VITIS_LOOP_865_5_VITIS_LOOP_879_s,parsed,hls_csynth_xml,2026-06-26T16:48:56.930853+00:00,hgtxr_e2e_project_qkv_Pipeline_VITIS_LOOP_863_4_VITIS_LOOP_865_5_VITIS_LOOP_879_s,generated/hgtxr_e2e_axis_par16_c3b_mem16/solution_e2e_q4w8a/syn/report/hgtxr_e2e_project_qkv_Pipeline_VITIS_LOOP_863_4_VITIS_LOOP_865_5_VITIS_LOOP_879_s_csynth.xml,True,,False,5.0,3.49,451590,451590,451590,451590,451590,0,96,4827,11719,0,624,1728,460800,230400,96,0.0,5.555555555555555,1.0475260416666667,5.086371527777778,0.0,2.25795,True
p0_no_board_report_collection_2026_06_26,NB-P0-00,hgtxr_e2e_axis_par16_c3b_mem16,hgtxr_e2e_axis_par16_c3b_mem16,solution_e2e_q4w8a,hgtxr_e2e_project_qkv,parsed,hls_csynth_xml,2026-06-26T16:48:56.930853+00:00,hgtxr_e2e_project_qkv,generated/hgtxr_e2e_axis_par16_c3b_mem16/solution_e2e_q4w8a/syn/report/hgtxr_e2e_project_qkv_csynth.xml,True,,False,5.0,3.65,453359,453359,453359,453359,453359,45,96,5914,12715,0,624,1728,460800,230400,96,7.211538461538462,5.555555555555555,1.2834201388888888,5.518663194444445,0.0,2.266795,True
p0_no_board_report_collection_2026_06_26,NB-P0-00,hgtxr_e2e_axis_par16_c3b_mem16,hgtxr_e2e_axis_par16_c3b_mem16,solution_e2e_q4w8a,hgtxr_global_buffer_load,parsed,hls_csynth_xml,2026-06-26T16:48:56.930853+00:00,hgtxr_global_buffer_load,generated/hgtxr_e2e_axis_par16_c3b_mem16/solution_e2e_q4w8a/syn/report/hgtxr_global_buffer_load_csynth.xml,True,,False,5.0,3.28,49154,49154,49154,49154,49154,0,0,53,264,0,624,1728,460800,230400,96,0.0,0.0,0.011501736111111112,0.11458333333333333,0.0,0.24577,True
p0_no_board_report_collection_2026_06_26,NB-P0-00,hgtxr_e2e_axis_par16_c3b_mem16_hls,hgtxr_e2e_axis_par16_c3b_mem16_hls,solution_e2e_q4w8a,hgtxr_axis_read_frame,parsed,hls_csynth_xml,2026-06-26T16:48:56.930853+00:00,hgtxr_axis_read_frame,generated/hgtxr_e2e_axis_par16_c3b_mem16_hls/solution_e2e_q4w8a/syn/report/hgtxr_axis_read_frame_csynth.xml,True,,False,5.0,2.29,65538,65538,65538,65538,65538,0,0,19,87,0,624,1728,460800,230400,96,0.0,0.0,0.004123263888888889,0.037760416666666664,0.0,0.32769,True
p0_no_board_report_collection_2026_06_26,NB-P0-00,hgtxr_e2e_axis_par16_c3b_mem16_hls,hgtxr_e2e_axis_par16_c3b_mem16_hls,solution_e2e_q4w8a,hgtxr_axis_write_state,parsed,hls_csynth_xml,2026-06-26T16:48:56.930853+00:00,hgtxr_axis_write_state,generated/hgtxr_e2e_axis_par16_c3b_mem16_hls/solution_e2e_q4w8a/syn/report/hgtxr_axis_write_state_csynth.xml,True,,False,5.0,1.527,8,8,8,8,8,0,0,7,81,0,624,1728,460800,230400,96,0.0,0.0,0.0015190972222222222,0.03515625,0.0,4e-05,True
p0_no_board_report_collection_2026_06_26,NB-P0-00,hgtxr_e2e_axis_par16_c3b_mem16_hls,hgtxr_e2e_axis_par16_c3b_mem16_hls,solution_e2e_q4w8a,hgtxr_conv_patch_embedding_Pipeline_VITIS_LOOP_642_1_VITIS_LOOP_644_2,parsed,hls_csynth_xml,2026-06-26T16:48:56.930853+00:00,hgtxr_conv_patch_embedding_Pipeline_VITIS_LOOP_642_1_VITIS_LOOP_644_2,generated/hgtxr_e2e_axis_par16_c3b_mem16_hls/solution_e2e_q4w8a/syn/report/hgtxr_conv_patch_embedding_Pipeline_VITIS_LOOP_642_1_VITIS_LOOP_644_2_csynth.xml,True,,False,5.0,3.28,49154,49154,49154,49154,49154,0,0,36,190,0,624,1728,460800,230400,96,0.0,0.0,0.0078125,0.08246527777777778,0.0,0.24577,True
p0_no_board_report_collection_2026_06_26,NB-P0-00,hgtxr_e2e_axis_par16_c3b_mem16_hls,hgtxr_e2e_axis_par16_c3b_mem16_hls,solution_e2e_q4w8a,hgtxr_conv_patch_embedding,parsed,hls_csynth_xml,2026-06-26T16:48:56.930853+00:00,hgtxr_conv_patch_embedding,generated/hgtxr_e2e_axis_par16_c3b_mem16_hls/solution_e2e_q4w8a/syn/report/hgtxr_conv_patch_embedding_csynth.xml,True,,False,5.0,3.28,87208,87208,87208,87208,87208,0,0,83,1290,0,624,1728,460800,230400,96,0.0,0.0,0.018012152777777776,0.5598958333333334,0.0,0.43604,True
p0_no_board_report_collection_2026_06_26,NB-P0-00,hgtxr_e2e_axis_par16_c3b_mem16_hls,hgtxr_e2e_axis_par16_c3b_mem16_hls,solution_e2e_q4w8a,hgtxr_e2e_attention_core_Pipeline_VITIS_LOOP_1011_8,parsed,hls_csynth_xml,2026-06-26T16:48:56.930853+00:00,hgtxr_e2e_attention_core_Pipeline_VITIS_LOOP_1011_8,generated/hgtxr_e2e_axis_par16_c3b_mem16_hls/solution_e2e_q4w8a/syn/report/hgtxr_e2e_attention_core_Pipeline_VITIS_LOOP_1011_8_csynth.xml,True,,False,5.0,3.443,201,201,201,201,201,0,0,221,450,0,624,1728,460800,230400,96,0.0,0.0,0.04796006944444445,0.1953125,0.0,0.001005,True
p0_no_board_report_collection_2026_06_26,NB-P0-00,hgtxr_e2e_axis_par16_c3b_mem16_hls,hgtxr_e2e_axis_par16_c3b_mem16_hls,solution_e2e_q4w8a,hgtxr_e2e_attention_core_Pipeline_VITIS_LOOP_1022_9,parsed,hls_csynth_xml,2026-06-26T16:48:56.930853+00:00,hgtxr_e2e_attention_core_Pipeline_VITIS_LOOP_1022_9,generated/hgtxr_e2e_axis_par16_c3b_mem16_hls/solution_e2e_q4w8a/syn/report/hgtxr_e2e_attention_core_Pipeline_VITIS_LOOP_1022_9_csynth.xml,True,,False,5.0,2.146,230,230,230,230,230,0,0,2149,1597,0,624,1728,460800,230400,96,0.0,0.0,0.4663628472222222,0.6931423611111112,0.0,0.00115,True
p0_no_board_report_collection_2026_06_26,NB-P0-00,hgtxr_e2e_axis_par16_c3b_mem16_hls,hgtxr_e2e_axis_par16_c3b_mem16_hls,solution_e2e_q4w8a,hgtxr_e2e_attention_core_Pipeline_VITIS_LOOP_1029_10_VITIS_LOOP_1037_12,parsed,hls_csynth_xml,2026-06-26T16:48:56.930853+00:00,hgtxr_e2e_attention_core_Pipeline_VITIS_LOOP_1029_10_VITIS_LOOP_1037_12,generated/hgtxr_e2e_axis_par16_c3b_mem16_hls/solution_e2e_q4w8a/syn/report/hgtxr_e2e_attention_core_Pipeline_VITIS_LOOP_1029_10_VITIS_LOOP_1037_12_csynth.xml,True,,False,5.0,3.953,788,788,788,788,788,0,32,1654,1981,0,624,1728,460800,230400,96,0.0,1.8518518518518519,0.3589409722222222,0.8598090277777778,0.0,0.00394,True
p0_no_board_report_collection_2026_06_26,NB-P0-00,hgtxr_e2e_axis_par16_c3b_mem16_hls,hgtxr_e2e_axis_par16_c3b_mem16_hls,solution_e2e_q4w8a,hgtxr_e2e_attention_core_Pipeline_VITIS_LOOP_949_3_VITIS_LOOP_957_5,parsed,hls_csynth_xml,2026-06-26T16:48:56.930853+00:00,hgtxr_e2e_attention_core_Pipeline_VITIS_LOOP_949_3_VITIS_LOOP_957_5,generated/hgtxr_e2e_axis_par16_c3b_mem16_hls/solution_e2e_q4w8a/syn/report/hgtxr_e2e_attention_core_Pipeline_VITIS_LOOP_949_3_VITIS_LOOP_957_5_csynth.xml,True,,False,5.0,3.691,790,790,790,790,790,0,32,1947,2629,0,624,1728,460800,230400,96,0.0,1.8518518518518519,0.4225260416666667,1.1410590277777777,0.0,0.00395,True
p0_no_board_report_collection_2026_06_26,NB-P0-00,hgtxr_e2e_axis_par16_c3b_mem16_hls,hgtxr_e2e_axis_par16_c3b_mem16_hls,solution_e2e_q4w8a,hgtxr_e2e_attention_core,parsed,hls_csynth_xml,2026-06-26T16:48:56.930853+00:00,hgtxr_e2e_attention_core,generated/hgtxr_e2e_axis_par16_c3b_mem16_hls/solution_e2e_q4w8a/syn/report/hgtxr_e2e_attention_core_csynth.xml,True,,False,5.0,3.953,1186585,1186585,1186585,1186585,1186585,0,64,6086,7094,0,624,1728,460800,230400,96,0.0,3.7037037037037037,1.3207465277777777,3.0789930555555554,0.0,5.932925,True
p0_no_board_report_collection_2026_06_26,NB-P0-00,hgtxr_e2e_axis_par16_c3b_mem16_hls,hgtxr_e2e_axis_par16_c3b_mem16_hls,solution_e2e_q4w8a,hgtxr_e2e_attn_unit_0_s,parsed,hls_csynth_xml,2026-06-26T16:48:56.930853+00:00,hgtxr_e2e_attn_unit_0_s,generated/hgtxr_e2e_axis_par16_c3b_mem16_hls/solution_e2e_q4w8a/syn/report/hgtxr_e2e_attn_unit_0_s_csynth.xml,True,,False,5.0,3.953,2247180,2247180,2247180,2247180,2247180,45,207,16800,34434,0,624,1728,460800,230400,96,7.211538461538462,11.979166666666666,3.6458333333333335,14.9453125,0.0,11.2359,True
p0_no_board_report_collection_2026_06_26,NB-P0-00,hgtxr_e2e_axis_par16_c3b_mem16_hls,hgtxr_e2e_axis_par16_c3b_mem16_hls,solution_e2e_q4w8a,hgtxr_e2e_attn_unit_1_s,parsed,hls_csynth_xml,2026-06-26T16:48:56.930853+00:00,hgtxr_e2e_attn_unit_1_s,generated/hgtxr_e2e_axis_par16_c3b_mem16_hls/solution_e2e_q4w8a/syn/report/hgtxr_e2e_attn_unit_1_s_csynth.xml,True,,False,5.0,3.953,2247180,2247180,2247180,2247180,2247180,45,207,16800,34434,0,624,1728,460800,230400,96,7.211538461538462,11.979166666666666,3.6458333333333335,14.9453125,0.0,11.2359,True
p0_no_board_report_collection_2026_06_26,NB-P0-00,hgtxr_e2e_axis_par16_c3b_mem16_hls,hgtxr_e2e_axis_par16_c3b_mem16_hls,solution_e2e_q4w8a,hgtxr_e2e_axis_top,parsed,hls_csynth_xml,2026-06-26T16:48:56.930853+00:00,hgtxr_e2e_axis_top,generated/hgtxr_e2e_axis_par16_c3b_mem16_hls/solution_e2e_q4w8a/syn/report/hgtxr_e2e_axis_top_csynth.xml,True,,False,5.0,3.953,37508072,37508072,37508072,37508073,37508073,332,604,59505,126506,64,624,1728,460800,230400,96,53.205128205128204,34.9537037037037,12.913411458333334,54.90711805555556,66.66666666666667,187.54036,True
p0_no_board_report_collection_2026_06_26,NB-P0-00,hgtxr_e2e_axis_par16_c3b_mem16_hls,hgtxr_e2e_axis_par16_c3b_mem16_hls,solution_e2e_q4w8a,hgtxr_e2e_controller_run,parsed,hls_csynth_xml,2026-06-26T16:48:56.930853+00:00,hgtxr_e2e_controller_run,generated/hgtxr_e2e_axis_par16_c3b_mem16_hls/solution_e2e_q4w8a/syn/report/hgtxr_e2e_controller_run_csynth.xml,True,,False,5.0,3.953,37296061,37296061,37296061,37296061,37296061,250,572,53901,114988,64,624,1728,460800,230400,96,40.06410256410256,33.101851851851855,11.697265625,49.907986111111114,66.66666666666667,186.480305,True
p0_no_board_report_collection_2026_06_26,NB-P0-00,hgtxr_e2e_axis_par16_c3b_mem16_hls,hgtxr_e2e_axis_par16_c3b_mem16_hls,solution_e2e_q4w8a,hgtxr_e2e_layernorm_Pipeline_VITIS_LOOP_777_1,parsed,hls_csynth_xml,2026-06-26T16:48:56.930853+00:00,hgtxr_e2e_layernorm_Pipeline_VITIS_LOOP_777_1,generated/hgtxr_e2e_axis_par16_c3b_mem16_hls/solution_e2e_q4w8a/syn/report/hgtxr_e2e_layernorm_Pipeline_VITIS_LOOP_777_1_csynth.xml,True,,False,5.0,3.65,16,16,16,16,16,0,0,1816,416,0,624,1728,460800,230400,96,0.0,0.0,0.3940972222222222,0.18055555555555555,0.0,8e-05,True
p0_no_board_report_collection_2026_06_26,NB-P0-00,hgtxr_e2e_axis_par16_c3b_mem16_hls,hgtxr_e2e_axis_par16_c3b_mem16_hls,solution_e2e_q4w8a,hgtxr_e2e_layernorm_Pipeline_VITIS_LOOP_787_3,parsed,hls_csynth_xml,2026-06-26T16:48:56.930853+00:00,hgtxr_e2e_layernorm_Pipeline_VITIS_LOOP_787_3,generated/hgtxr_e2e_axis_par16_c3b_mem16_hls/solution_e2e_q4w8a/syn/report/hgtxr_e2e_layernorm_Pipeline_VITIS_LOOP_787_3_csynth.xml,True,,False,5.0,3.169,194,194,194,194,194,0,0,47,200,0,624,1728,460800,230400,96,0.0,0.0,0.010199652777777778,0.08680555555555555,0.0,0.00097,True
p0_no_board_report_collection_2026_06_26,NB-P0-00,hgtxr_e2e_axis_par16_c3b_mem16_hls,hgtxr_e2e_axis_par16_c3b_mem16_hls,solution_e2e_q4w8a,hgtxr_e2e_layernorm_Pipeline_VITIS_LOOP_795_4,parsed,hls_csynth_xml,2026-06-26T16:48:56.930853+00:00,hgtxr_e2e_layernorm_Pipeline_VITIS_LOOP_795_4,generated/hgtxr_e2e_axis_par16_c3b_mem16_hls/solution_e2e_q4w8a/syn/report/hgtxr_e2e_layernorm_Pipeline_VITIS_LOOP_795_4_csynth.xml,True,,False,5.0,3.58,196,196,196,196,196,0,2,91,258,0,624,1728,460800,230400,96,0.0,0.11574074074074074,0.019748263888888888,0.11197916666666667,0.0,0.00098,True
p0_no_board_report_collection_2026_06_26,NB-P0-00,hgtxr_e2e_axis_par16_c3b_mem16_hls,hgtxr_e2e_axis_par16_c3b_mem16_hls,solution_e2e_q4w8a,hgtxr_e2e_layernorm_Pipeline_VITIS_LOOP_804_5,parsed,hls_csynth_xml,2026-06-26T16:48:56.930853+00:00,hgtxr_e2e_layernorm_Pipeline_VITIS_LOOP_804_5,generated/hgtxr_e2e_axis_par16_c3b_mem16_hls/solution_e2e_q4w8a/syn/report/hgtxr_e2e_layernorm_Pipeline_VITIS_LOOP_804_5_csynth.xml,True,,False,5.0,3.58,197,197,197,197,197,0,4,265,924,0,624,1728,460800,230400,96,0.0,0.23148148148148148,0.05750868055555555,0.4010416666666667,0.0,0.000985,True
p0_no_board_report_collection_2026_06_26,NB-P0-00,hgtxr_e2e_axis_par16_c3b_mem16_hls,hgtxr_e2e_axis_par16_c3b_mem16_hls,solution_e2e_q4w8a,hgtxr_e2e_layernorm,parsed,hls_csynth_xml,2026-06-26T16:48:56.930853+00:00,hgtxr_e2e_layernorm,generated/hgtxr_e2e_axis_par16_c3b_mem16_hls/solution_e2e_q4w8a/syn/report/hgtxr_e2e_layernorm_csynth.xml,True,,False,5.0,3.65,117619,117619,117619,117619,117619,0,15,2750,3160,0,624,1728,460800,230400,96,0.0,0.8680555555555556,0.5967881944444444,1.3715277777777777,0.0,0.588095,True
p0_no_board_report_collection_2026_06_26,NB-P0-00,hgtxr_e2e_axis_par16_c3b_mem16_hls,hgtxr_e2e_axis_par16_c3b_mem16_hls,solution_e2e_q4w8a,hgtxr_e2e_mlp_head_Pipeline_VITIS_LOOP_1222_1,parsed,hls_csynth_xml,2026-06-26T16:48:56.930853+00:00,hgtxr_e2e_mlp_head_Pipeline_VITIS_LOOP_1222_1,generated/hgtxr_e2e_axis_par16_c3b_mem16_hls/solution_e2e_q4w8a/syn/report/hgtxr_e2e_mlp_head_Pipeline_VITIS_LOOP_1222_1_csynth.xml,True,,False,5.0,1.869,194,194,194,194,194,0,0,10,57,0,624,1728,460800,230400,96,0.0,0.0,0.002170138888888889,0.024739583333333332,0.0,0.00097,True
p0_no_board_report_collection_2026_06_26,NB-P0-00,hgtxr_e2e_axis_par16_c3b_mem16_hls,hgtxr_e2e_axis_par16_c3b_mem16_hls,solution_e2e_q4w8a,hgtxr_e2e_mlp_head_Pipeline_VITIS_LOOP_1228_2_VITIS_LOOP_1230_3,parsed,hls_csynth_xml,2026-06-26T16:48:56.930853+00:00,hgtxr_e2e_mlp_head_Pipeline_VITIS_LOOP_1228_2_VITIS_LOOP_1230_3,generated/hgtxr_e2e_axis_par16_c3b_mem16_hls/solution_e2e_q4w8a/syn/report/hgtxr_e2e_mlp_head_Pipeline_VITIS_LOOP_1228_2_VITIS_LOOP_1230_3_csynth.xml,True,,False,5.0,3.691,75267,75267,75267,75267,75267,0,0,236,906,0,624,1728,460800,230400,96,0.0,0.0,0.051215277777777776,0.3932291666666667,0.0,0.376335,True
p0_no_board_report_collection_2026_06_26,NB-P0-00,hgtxr_e2e_axis_par16_c3b_mem16_hls,hgtxr_e2e_axis_par16_c3b_mem16_hls,solution_e2e_q4w8a,hgtxr_e2e_mlp_head_Pipeline_VITIS_LOOP_1245_6,parsed,hls_csynth_xml,2026-06-26T16:48:56.930853+00:00,hgtxr_e2e_mlp_head_Pipeline_VITIS_LOOP_1245_6,generated/hgtxr_e2e_axis_par16_c3b_mem16_hls/solution_e2e_q4w8a/syn/report/hgtxr_e2e_mlp_head_Pipeline_VITIS_LOOP_1245_6_csynth.xml,True,,False,5.0,3.65,24,24,24,24,24,0,32,2431,2487,0,624,1728,460800,230400,96,0.0,1.8518518518518519,0.5275607638888888,1.0794270833333333,0.0,0.00012,True
p0_no_board_report_collection_2026_06_26,NB-P0-00,hgtxr_e2e_axis_par16_c3b_mem16_hls,hgtxr_e2e_axis_par16_c3b_mem16_hls,solution_e2e_q4w8a,hgtxr_e2e_mlp_head,parsed,hls_csynth_xml,2026-06-26T16:48:56.930853+00:00,hgtxr_e2e_mlp_head,generated/hgtxr_e2e_axis_par16_c3b_mem16_hls/solution_e2e_q4w8a/syn/report/hgtxr_e2e_mlp_head_csynth.xml,True,,False,5.0,3.691,75633,75633,75633,75633,75633,0,32,2996,5584,0,624,1728,460800,230400,96,0.0,1.8518518518518519,0.6501736111111112,2.423611111111111,0.0,0.378165,True
p0_no_board_report_collection_2026_06_26,NB-P0-00,hgtxr_e2e_axis_par16_c3b_mem16_hls,hgtxr_e2e_axis_par16_c3b_mem16_hls,solution_e2e_q4w8a,hgtxr_e2e_mlp_unit_0_Pipeline_VITIS_LOOP_1140_4,parsed,hls_csynth_xml,2026-06-26T16:48:56.930853+00:00,hgtxr_e2e_mlp_unit_0_Pipeline_VITIS_LOOP_1140_4,generated/hgtxr_e2e_axis_par16_c3b_mem16_hls/solution_e2e_q4w8a/syn/report/hgtxr_e2e_mlp_unit_0_Pipeline_VITIS_LOOP_1140_4_csynth.xml,True,,False,5.0,3.65,204,204,204,204,204,0,32,2783,2941,0,624,1728,460800,230400,96,0.0,1.8518518518518519,0.6039496527777778,1.2764756944444444,0.0,0.00102,True
p0_no_board_report_collection_2026_06_26,NB-P0-00,hgtxr_e2e_axis_par16_c3b_mem16_hls,hgtxr_e2e_axis_par16_c3b_mem16_hls,solution_e2e_q4w8a,hgtxr_e2e_mlp_unit_0_Pipeline_VITIS_LOOP_1167_7_VITIS_LOOP_1175_9,parsed,hls_csynth_xml,2026-06-26T16:48:56.930853+00:00,hgtxr_e2e_mlp_unit_0_Pipeline_VITIS_LOOP_1167_7_VITIS_LOOP_1175_9,generated/hgtxr_e2e_axis_par16_c3b_mem16_hls/solution_e2e_q4w8a/syn/report/hgtxr_e2e_mlp_unit_0_Pipeline_VITIS_LOOP_1167_7_VITIS_LOOP_1175_9_csynth.xml,True,,False,5.0,3.65,9230,9230,9230,9230,9230,0,32,4180,5476,0,624,1728,460800,230400,96,0.0,1.8518518518518519,0.9071180555555556,2.376736111111111,0.0,0.04615,True
p0_no_board_report_collection_2026_06_26,NB-P0-00,hgtxr_e2e_axis_par16_c3b_mem16_hls,hgtxr_e2e_axis_par16_c3b_mem16_hls,solution_e2e_q4w8a,hgtxr_e2e_mlp_unit_0_s,parsed,hls_csynth_xml,2026-06-26T16:48:56.930853+00:00,hgtxr_e2e_mlp_unit_0_s,generated/hgtxr_e2e_axis_par16_c3b_mem16_hls/solution_e2e_q4w8a/syn/report/hgtxr_e2e_mlp_unit_0_s_csynth.xml,True,,False,5.0,3.65,3968826,3968826,3968826,3968826,3968826,0,79,10140,16998,0,624,1728,460800,230400,96,0.0,4.5717592592592595,2.2005208333333335,7.377604166666667,0.0,19.84413,True
p0_no_board_report_collection_2026_06_26,NB-P0-00,hgtxr_e2e_axis_par16_c3b_mem16_hls,hgtxr_e2e_axis_par16_c3b_mem16_hls,solution_e2e_q4w8a,hgtxr_e2e_mlp_unit_1_Pipeline_VITIS_LOOP_1140_4,parsed,hls_csynth_xml,2026-06-26T16:48:56.930853+00:00,hgtxr_e2e_mlp_unit_1_Pipeline_VITIS_LOOP_1140_4,generated/hgtxr_e2e_axis_par16_c3b_mem16_hls/solution_e2e_q4w8a/syn/report/hgtxr_e2e_mlp_unit_1_Pipeline_VITIS_LOOP_1140_4_csynth.xml,True,,False,5.0,3.65,204,204,204,204,204,0,32,2783,2941,0,624,1728,460800,230400,96,0.0,1.8518518518518519,0.6039496527777778,1.2764756944444444,0.0,0.00102,True
p0_no_board_report_collection_2026_06_26,NB-P0-00,hgtxr_e2e_axis_par16_c3b_mem16_hls,hgtxr_e2e_axis_par16_c3b_mem16_hls,solution_e2e_q4w8a,hgtxr_e2e_mlp_unit_1_Pipeline_VITIS_LOOP_1167_7_VITIS_LOOP_1175_9,parsed,hls_csynth_xml,2026-06-26T16:48:56.930853+00:00,hgtxr_e2e_mlp_unit_1_Pipeline_VITIS_LOOP_1167_7_VITIS_LOOP_1175_9,generated/hgtxr_e2e_axis_par16_c3b_mem16_hls/solution_e2e_q4w8a/syn/report/hgtxr_e2e_mlp_unit_1_Pipeline_VITIS_LOOP_1167_7_VITIS_LOOP_1175_9_csynth.xml,True,,False,5.0,3.65,9230,9230,9230,9230,9230,0,32,4180,5476,0,624,1728,460800,230400,96,0.0,1.8518518518518519,0.9071180555555556,2.376736111111111,0.0,0.04615,True
p0_no_board_report_collection_2026_06_26,NB-P0-00,hgtxr_e2e_axis_par16_c3b_mem16_hls,hgtxr_e2e_axis_par16_c3b_mem16_hls,solution_e2e_q4w8a,hgtxr_e2e_mlp_unit_1_s,parsed,hls_csynth_xml,2026-06-26T16:48:56.930853+00:00,hgtxr_e2e_mlp_unit_1_s,generated/hgtxr_e2e_axis_par16_c3b_mem16_hls/solution_e2e_q4w8a/syn/report/hgtxr_e2e_mlp_unit_1_s_csynth.xml,True,,False,5.0,3.65,3968826,3968826,3968826,3968826,3968826,0,79,10140,16998,0,624,1728,460800,230400,96,0.0,4.5717592592592595,2.2005208333333335,7.377604166666667,0.0,19.84413,True
p0_no_board_report_collection_2026_06_26,NB-P0-00,hgtxr_e2e_axis_par16_c3b_mem16_hls,hgtxr_e2e_axis_par16_c3b_mem16_hls,solution_e2e_q4w8a,hgtxr_e2e_output_projection_Pipeline_VITIS_LOOP_1075_4,parsed,hls_csynth_xml,2026-06-26T16:48:56.930853+00:00,hgtxr_e2e_output_projection_Pipeline_VITIS_LOOP_1075_4,generated/hgtxr_e2e_axis_par16_c3b_mem16_hls/solution_e2e_q4w8a/syn/report/hgtxr_e2e_output_projection_Pipeline_VITIS_LOOP_1075_4_csynth.xml,True,,False,5.0,3.697,204,204,204,204,204,0,32,1502,6155,0,624,1728,460800,230400,96,0.0,1.8518518518518519,0.3259548611111111,2.6714409722222223,0.0,0.00102,True
p0_no_board_report_collection_2026_06_26,NB-P0-00,hgtxr_e2e_axis_par16_c3b_mem16_hls,hgtxr_e2e_axis_par16_c3b_mem16_hls,solution_e2e_q4w8a,hgtxr_e2e_output_projection,parsed,hls_csynth_xml,2026-06-26T16:48:56.930853+00:00,hgtxr_e2e_output_projection,generated/hgtxr_e2e_axis_par16_c3b_mem16_hls/solution_e2e_q4w8a/syn/report/hgtxr_e2e_output_projection_csynth.xml,True,,False,5.0,3.697,489609,489609,489609,489609,489609,0,32,1883,8070,0,624,1728,460800,230400,96,0.0,1.8518518518518519,0.4086371527777778,3.5026041666666665,0.0,2.448045,True
p0_no_board_report_collection_2026_06_26,NB-P0-00,hgtxr_e2e_axis_par16_c3b_mem16_hls,hgtxr_e2e_axis_par16_c3b_mem16_hls,solution_e2e_q4w8a,hgtxr_e2e_project_qkv_Pipeline_VITIS_LOOP_847_1,parsed,hls_csynth_xml,2026-06-26T16:48:56.930853+00:00,hgtxr_e2e_project_qkv_Pipeline_VITIS_LOOP_847_1,generated/hgtxr_e2e_axis_par16_c3b_mem16_hls/solution_e2e_q4w8a/syn/report/hgtxr_e2e_project_qkv_Pipeline_VITIS_LOOP_847_1_csynth.xml,True,,False,5.0,3.65,579,579,579,579,579,0,0,291,83,0,624,1728,460800,230400,96,0.0,0.0,0.06315104166666667,0.03602430555555555,0.0,0.002895,True
p0_no_board_report_collection_2026_06_26,NB-P0-00,hgtxr_e2e_axis_par16_c3b_mem16_hls,hgtxr_e2e_axis_par16_c3b_mem16_hls,solution_e2e_q4w8a,hgtxr_e2e_project_qkv_Pipeline_VITIS_LOOP_852_2,parsed,hls_csynth_xml,2026-06-26T16:48:56.930853+00:00,hgtxr_e2e_project_qkv_Pipeline_VITIS_LOOP_852_2,generated/hgtxr_e2e_axis_par16_c3b_mem16_hls/solution_e2e_q4w8a/syn/report/hgtxr_e2e_project_qkv_Pipeline_VITIS_LOOP_852_2_csynth.xml,True,,False,5.0,3.65,579,579,579,579,579,0,0,291,83,0,624,1728,460800,230400,96,0.0,0.0,0.06315104166666667,0.03602430555555555,0.0,0.002895,True
p0_no_board_report_collection_2026_06_26,NB-P0-00,hgtxr_e2e_axis_par16_c3b_mem16_hls,hgtxr_e2e_axis_par16_c3b_mem16_hls,solution_e2e_q4w8a,hgtxr_e2e_project_qkv_Pipeline_VITIS_LOOP_857_3,parsed,hls_csynth_xml,2026-06-26T16:48:56.930853+00:00,hgtxr_e2e_project_qkv_Pipeline_VITIS_LOOP_857_3,generated/hgtxr_e2e_axis_par16_c3b_mem16_hls/solution_e2e_q4w8a/syn/report/hgtxr_e2e_project_qkv_Pipeline_VITIS_LOOP_857_3_csynth.xml,True,,False,5.0,3.65,579,579,579,579,579,0,0,291,83,0,624,1728,460800,230400,96,0.0,0.0,0.06315104166666667,0.03602430555555555,0.0,0.002895,True
p0_no_board_report_collection_2026_06_26,NB-P0-00,hgtxr_e2e_axis_par16_c3b_mem16_hls,hgtxr_e2e_axis_par16_c3b_mem16_hls,solution_e2e_q4w8a,hgtxr_e2e_project_qkv_Pipeline_VITIS_LOOP_863_4_VITIS_LOOP_865_5_VITIS_LOOP_879_s,parsed,hls_csynth_xml,2026-06-26T16:48:56.930853+00:00,hgtxr_e2e_project_qkv_Pipeline_VITIS_LOOP_863_4_VITIS_LOOP_865_5_VITIS_LOOP_879_s,generated/hgtxr_e2e_axis_par16_c3b_mem16_hls/solution_e2e_q4w8a/syn/report/hgtxr_e2e_project_qkv_Pipeline_VITIS_LOOP_863_4_VITIS_LOOP_865_5_VITIS_LOOP_879_s_csynth.xml,True,,False,5.0,3.49,451590,451590,451590,451590,451590,0,96,4827,11719,0,624,1728,460800,230400,96,0.0,5.555555555555555,1.0475260416666667,5.086371527777778,0.0,2.25795,True
p0_no_board_report_collection_2026_06_26,NB-P0-00,hgtxr_e2e_axis_par16_c3b_mem16_hls,hgtxr_e2e_axis_par16_c3b_mem16_hls,solution_e2e_q4w8a,hgtxr_e2e_project_qkv,parsed,hls_csynth_xml,2026-06-26T16:48:56.930853+00:00,hgtxr_e2e_project_qkv,generated/hgtxr_e2e_axis_par16_c3b_mem16_hls/solution_e2e_q4w8a/syn/report/hgtxr_e2e_project_qkv_csynth.xml,True,,False,5.0,3.65,453359,453359,453359,453359,453359,45,96,5914,12715,0,624,1728,460800,230400,96,7.211538461538462,5.555555555555555,1.2834201388888888,5.518663194444445,0.0,2.266795,True
p0_no_board_report_collection_2026_06_26,NB-P0-00,hgtxr_e2e_axis_par16_c3b_mem16_hls,hgtxr_e2e_axis_par16_c3b_mem16_hls,solution_e2e_q4w8a,hgtxr_global_buffer_load,parsed,hls_csynth_xml,2026-06-26T16:48:56.930853+00:00,hgtxr_global_buffer_load,generated/hgtxr_e2e_axis_par16_c3b_mem16_hls/solution_e2e_q4w8a/syn/report/hgtxr_global_buffer_load_csynth.xml,True,,False,5.0,3.28,49154,49154,49154,49154,49154,0,0,53,264,0,624,1728,460800,230400,96,0.0,0.0,0.011501736111111112,0.11458333333333333,0.0,0.24577,True
p0_no_board_report_collection_2026_06_26,NB-P0-00,hgtxr_e2e_axis_par16_hls,hgtxr_e2e_axis_par16_hls,solution_e2e_q4w8a,hgtxr_axis_read_frame,parsed,hls_csynth_xml,2026-06-26T16:48:56.930853+00:00,hgtxr_axis_read_frame,generated/hgtxr_e2e_axis_par16_hls/solution_e2e_q4w8a/syn/report/hgtxr_axis_read_frame_csynth.xml,True,,False,5.0,2.29,65538,65538,65538,65538,65538,0,0,19,87,0,624,1728,460800,230400,96,0.0,0.0,0.004123263888888889,0.037760416666666664,0.0,0.32769,True
p0_no_board_report_collection_2026_06_26,NB-P0-00,hgtxr_e2e_axis_par16_hls,hgtxr_e2e_axis_par16_hls,solution_e2e_q4w8a,hgtxr_axis_write_state,parsed,hls_csynth_xml,2026-06-26T16:48:56.930853+00:00,hgtxr_axis_write_state,generated/hgtxr_e2e_axis_par16_hls/solution_e2e_q4w8a/syn/report/hgtxr_axis_write_state_csynth.xml,True,,False,5.0,1.527,8,8,8,8,8,0,0,7,81,0,624,1728,460800,230400,96,0.0,0.0,0.0015190972222222222,0.03515625,0.0,4e-05,True
p0_no_board_report_collection_2026_06_26,NB-P0-00,hgtxr_e2e_axis_par16_hls,hgtxr_e2e_axis_par16_hls,solution_e2e_q4w8a,hgtxr_conv_patch_embedding_Pipeline_VITIS_LOOP_626_1_VITIS_LOOP_628_2,parsed,hls_csynth_xml,2026-06-26T16:48:56.930853+00:00,hgtxr_conv_patch_embedding_Pipeline_VITIS_LOOP_626_1_VITIS_LOOP_628_2,generated/hgtxr_e2e_axis_par16_hls/solution_e2e_q4w8a/syn/report/hgtxr_conv_patch_embedding_Pipeline_VITIS_LOOP_626_1_VITIS_LOOP_628_2_csynth.xml,True,,False,5.0,3.28,49154,49154,49154,49154,49154,0,0,36,190,0,624,1728,460800,230400,96,0.0,0.0,0.0078125,0.08246527777777778,0.0,0.24577,True
p0_no_board_report_collection_2026_06_26,NB-P0-00,hgtxr_e2e_axis_par16_hls,hgtxr_e2e_axis_par16_hls,solution_e2e_q4w8a,hgtxr_conv_patch_embedding,parsed,hls_csynth_xml,2026-06-26T16:48:56.930853+00:00,hgtxr_conv_patch_embedding,generated/hgtxr_e2e_axis_par16_hls/solution_e2e_q4w8a/syn/report/hgtxr_conv_patch_embedding_csynth.xml,True,,False,5.0,3.28,87208,87208,87208,87208,87208,0,0,83,1290,0,624,1728,460800,230400,96,0.0,0.0,0.018012152777777776,0.5598958333333334,0.0,0.43604,True
p0_no_board_report_collection_2026_06_26,NB-P0-00,hgtxr_e2e_axis_par16_hls,hgtxr_e2e_axis_par16_hls,solution_e2e_q4w8a,hgtxr_e2e_attention_core_Pipeline_VITIS_LOOP_1006_9,parsed,hls_csynth_xml,2026-06-26T16:48:56.930853+00:00,hgtxr_e2e_attention_core_Pipeline_VITIS_LOOP_1006_9,generated/hgtxr_e2e_axis_par16_hls/solution_e2e_q4w8a/syn/report/hgtxr_e2e_attention_core_Pipeline_VITIS_LOOP_1006_9_csynth.xml,True,,False,5.0,2.146,230,230,230,230,230,0,0,2149,1597,0,624,1728,460800,230400,96,0.0,0.0,0.4663628472222222,0.6931423611111112,0.0,0.00115,True
p0_no_board_report_collection_2026_06_26,NB-P0-00,hgtxr_e2e_axis_par16_hls,hgtxr_e2e_axis_par16_hls,solution_e2e_q4w8a,hgtxr_e2e_attention_core_Pipeline_VITIS_LOOP_1013_10_VITIS_LOOP_1021_12,parsed,hls_csynth_xml,2026-06-26T16:48:56.930853+00:00,hgtxr_e2e_attention_core_Pipeline_VITIS_LOOP_1013_10_VITIS_LOOP_1021_12,generated/hgtxr_e2e_axis_par16_hls/solution_e2e_q4w8a/syn/report/hgtxr_e2e_attention_core_Pipeline_VITIS_LOOP_1013_10_VITIS_LOOP_1021_12_csynth.xml,True,,False,5.0,3.953,788,788,788,788,788,0,32,1654,1981,0,624,1728,460800,230400,96,0.0,1.8518518518518519,0.3589409722222222,0.8598090277777778,0.0,0.00394,True
p0_no_board_report_collection_2026_06_26,NB-P0-00,hgtxr_e2e_axis_par16_hls,hgtxr_e2e_axis_par16_hls,solution_e2e_q4w8a,hgtxr_e2e_attention_core_Pipeline_VITIS_LOOP_933_3_VITIS_LOOP_941_5,parsed,hls_csynth_xml,2026-06-26T16:48:56.930853+00:00,hgtxr_e2e_attention_core_Pipeline_VITIS_LOOP_933_3_VITIS_LOOP_941_5,generated/hgtxr_e2e_axis_par16_hls/solution_e2e_q4w8a/syn/report/hgtxr_e2e_attention_core_Pipeline_VITIS_LOOP_933_3_VITIS_LOOP_941_5_csynth.xml,True,,False,5.0,3.691,790,790,790,790,790,0,32,1947,2629,0,624,1728,460800,230400,96,0.0,1.8518518518518519,0.4225260416666667,1.1410590277777777,0.0,0.00395,True
p0_no_board_report_collection_2026_06_26,NB-P0-00,hgtxr_e2e_axis_par16_hls,hgtxr_e2e_axis_par16_hls,solution_e2e_q4w8a,hgtxr_e2e_attention_core_Pipeline_VITIS_LOOP_995_8,parsed,hls_csynth_xml,2026-06-26T16:48:56.930853+00:00,hgtxr_e2e_attention_core_Pipeline_VITIS_LOOP_995_8,generated/hgtxr_e2e_axis_par16_hls/solution_e2e_q4w8a/syn/report/hgtxr_e2e_attention_core_Pipeline_VITIS_LOOP_995_8_csynth.xml,True,,False,5.0,3.443,201,201,201,201,201,0,0,221,450,0,624,1728,460800,230400,96,0.0,0.0,0.04796006944444445,0.1953125,0.0,0.001005,True
p0_no_board_report_collection_2026_06_26,NB-P0-00,hgtxr_e2e_axis_par16_hls,hgtxr_e2e_axis_par16_hls,solution_e2e_q4w8a,hgtxr_e2e_attention_core,parsed,hls_csynth_xml,2026-06-26T16:48:56.930853+00:00,hgtxr_e2e_attention_core,generated/hgtxr_e2e_axis_par16_hls/solution_e2e_q4w8a/syn/report/hgtxr_e2e_attention_core_csynth.xml,True,,False,5.0,3.953,1186585,1186585,1186585,1186585,1186585,0,64,6086,7094,0,624,1728,460800,230400,96,0.0,3.7037037037037037,1.3207465277777777,3.0789930555555554,0.0,5.932925,True
p0_no_board_report_collection_2026_06_26,NB-P0-00,hgtxr_e2e_axis_par16_hls,hgtxr_e2e_axis_par16_hls,solution_e2e_q4w8a,hgtxr_e2e_attn_unit_0_s,parsed,hls_csynth_xml,2026-06-26T16:48:56.930853+00:00,hgtxr_e2e_attn_unit_0_s,generated/hgtxr_e2e_axis_par16_hls/solution_e2e_q4w8a/syn/report/hgtxr_e2e_attn_unit_0_s_csynth.xml,True,,False,5.0,3.953,2247180,2247180,2247180,2247180,2247180,48,207,16801,35139,0,624,1728,460800,230400,96,7.6923076923076925,11.979166666666666,3.6460503472222223,15.251302083333334,0.0,11.2359,True
p0_no_board_report_collection_2026_06_26,NB-P0-00,hgtxr_e2e_axis_par16_hls,hgtxr_e2e_axis_par16_hls,solution_e2e_q4w8a,hgtxr_e2e_attn_unit_1_s,parsed,hls_csynth_xml,2026-06-26T16:48:56.930853+00:00,hgtxr_e2e_attn_unit_1_s,generated/hgtxr_e2e_axis_par16_hls/solution_e2e_q4w8a/syn/report/hgtxr_e2e_attn_unit_1_s_csynth.xml,True,,False,5.0,3.953,2247180,2247180,2247180,2247180,2247180,48,207,16801,35139,0,624,1728,460800,230400,96,7.6923076923076925,11.979166666666666,3.6460503472222223,15.251302083333334,0.0,11.2359,True
p0_no_board_report_collection_2026_06_26,NB-P0-00,hgtxr_e2e_axis_par16_hls,hgtxr_e2e_axis_par16_hls,solution_e2e_q4w8a,hgtxr_e2e_axis_top,parsed,hls_csynth_xml,2026-06-26T16:48:56.930853+00:00,hgtxr_e2e_axis_top,generated/hgtxr_e2e_axis_par16_hls/solution_e2e_q4w8a/syn/report/hgtxr_e2e_axis_top_csynth.xml,True,,False,5.0,3.953,37508072,37508072,37508072,37508073,37508073,338,604,59507,127916,64,624,1728,460800,230400,96,54.166666666666664,34.9537037037037,12.91384548611111,55.51909722222222,66.66666666666667,187.54036,True
p0_no_board_report_collection_2026_06_26,NB-P0-00,hgtxr_e2e_axis_par16_hls,hgtxr_e2e_axis_par16_hls,solution_e2e_q4w8a,hgtxr_e2e_controller_run,parsed,hls_csynth_xml,2026-06-26T16:48:56.930853+00:00,hgtxr_e2e_controller_run,generated/hgtxr_e2e_axis_par16_hls/solution_e2e_q4w8a/syn/report/hgtxr_e2e_controller_run_csynth.xml,True,,False,5.0,3.953,37296061,37296061,37296061,37296061,37296061,256,572,53903,116398,64,624,1728,460800,230400,96,41.02564102564103,33.101851851851855,11.697699652777779,50.51996527777778,66.66666666666667,186.480305,True
p0_no_board_report_collection_2026_06_26,NB-P0-00,hgtxr_e2e_axis_par16_hls,hgtxr_e2e_axis_par16_hls,solution_e2e_q4w8a,hgtxr_e2e_layernorm_Pipeline_VITIS_LOOP_761_1,parsed,hls_csynth_xml,2026-06-26T16:48:56.930853+00:00,hgtxr_e2e_layernorm_Pipeline_VITIS_LOOP_761_1,generated/hgtxr_e2e_axis_par16_hls/solution_e2e_q4w8a/syn/report/hgtxr_e2e_layernorm_Pipeline_VITIS_LOOP_761_1_csynth.xml,True,,False,5.0,3.65,16,16,16,16,16,0,0,1816,416,0,624,1728,460800,230400,96,0.0,0.0,0.3940972222222222,0.18055555555555555,0.0,8e-05,True
p0_no_board_report_collection_2026_06_26,NB-P0-00,hgtxr_e2e_axis_par16_hls,hgtxr_e2e_axis_par16_hls,solution_e2e_q4w8a,hgtxr_e2e_layernorm_Pipeline_VITIS_LOOP_771_3,parsed,hls_csynth_xml,2026-06-26T16:48:56.930853+00:00,hgtxr_e2e_layernorm_Pipeline_VITIS_LOOP_771_3,generated/hgtxr_e2e_axis_par16_hls/solution_e2e_q4w8a/syn/report/hgtxr_e2e_layernorm_Pipeline_VITIS_LOOP_771_3_csynth.xml,True,,False,5.0,3.169,194,194,194,194,194,0,0,47,200,0,624,1728,460800,230400,96,0.0,0.0,0.010199652777777778,0.08680555555555555,0.0,0.00097,True
p0_no_board_report_collection_2026_06_26,NB-P0-00,hgtxr_e2e_axis_par16_hls,hgtxr_e2e_axis_par16_hls,solution_e2e_q4w8a,hgtxr_e2e_layernorm_Pipeline_VITIS_LOOP_779_4,parsed,hls_csynth_xml,2026-06-26T16:48:56.930853+00:00,hgtxr_e2e_layernorm_Pipeline_VITIS_LOOP_779_4,generated/hgtxr_e2e_axis_par16_hls/solution_e2e_q4w8a/syn/report/hgtxr_e2e_layernorm_Pipeline_VITIS_LOOP_779_4_csynth.xml,True,,False,5.0,3.58,196,196,196,196,196,0,2,91,258,0,624,1728,460800,230400,96,0.0,0.11574074074074074,0.019748263888888888,0.11197916666666667,0.0,0.00098,True
p0_no_board_report_collection_2026_06_26,NB-P0-00,hgtxr_e2e_axis_par16_hls,hgtxr_e2e_axis_par16_hls,solution_e2e_q4w8a,hgtxr_e2e_layernorm_Pipeline_VITIS_LOOP_788_5,parsed,hls_csynth_xml,2026-06-26T16:48:56.930853+00:00,hgtxr_e2e_layernorm_Pipeline_VITIS_LOOP_788_5,generated/hgtxr_e2e_axis_par16_hls/solution_e2e_q4w8a/syn/report/hgtxr_e2e_layernorm_Pipeline_VITIS_LOOP_788_5_csynth.xml,True,,False,5.0,3.58,197,197,197,197,197,0,4,265,924,0,624,1728,460800,230400,96,0.0,0.23148148148148148,0.05750868055555555,0.4010416666666667,0.0,0.000985,True
p0_no_board_report_collection_2026_06_26,NB-P0-00,hgtxr_e2e_axis_par16_hls,hgtxr_e2e_axis_par16_hls,solution_e2e_q4w8a,hgtxr_e2e_layernorm,parsed,hls_csynth_xml,2026-06-26T16:48:56.930853+00:00,hgtxr_e2e_layernorm,generated/hgtxr_e2e_axis_par16_hls/solution_e2e_q4w8a/syn/report/hgtxr_e2e_layernorm_csynth.xml,True,,False,5.0,3.65,117619,117619,117619,117619,117619,0,15,2750,3160,0,624,1728,460800,230400,96,0.0,0.8680555555555556,0.5967881944444444,1.3715277777777777,0.0,0.588095,True
p0_no_board_report_collection_2026_06_26,NB-P0-00,hgtxr_e2e_axis_par16_hls,hgtxr_e2e_axis_par16_hls,solution_e2e_q4w8a,hgtxr_e2e_mlp_head_Pipeline_VITIS_LOOP_1206_1,parsed,hls_csynth_xml,2026-06-26T16:48:56.930853+00:00,hgtxr_e2e_mlp_head_Pipeline_VITIS_LOOP_1206_1,generated/hgtxr_e2e_axis_par16_hls/solution_e2e_q4w8a/syn/report/hgtxr_e2e_mlp_head_Pipeline_VITIS_LOOP_1206_1_csynth.xml,True,,False,5.0,1.869,194,194,194,194,194,0,0,10,57,0,624,1728,460800,230400,96,0.0,0.0,0.002170138888888889,0.024739583333333332,0.0,0.00097,True
p0_no_board_report_collection_2026_06_26,NB-P0-00,hgtxr_e2e_axis_par16_hls,hgtxr_e2e_axis_par16_hls,solution_e2e_q4w8a,hgtxr_e2e_mlp_head_Pipeline_VITIS_LOOP_1212_2_VITIS_LOOP_1214_3,parsed,hls_csynth_xml,2026-06-26T16:48:56.930853+00:00,hgtxr_e2e_mlp_head_Pipeline_VITIS_LOOP_1212_2_VITIS_LOOP_1214_3,generated/hgtxr_e2e_axis_par16_hls/solution_e2e_q4w8a/syn/report/hgtxr_e2e_mlp_head_Pipeline_VITIS_LOOP_1212_2_VITIS_LOOP_1214_3_csynth.xml,True,,False,5.0,3.691,75267,75267,75267,75267,75267,0,0,236,906,0,624,1728,460800,230400,96,0.0,0.0,0.051215277777777776,0.3932291666666667,0.0,0.376335,True
p0_no_board_report_collection_2026_06_26,NB-P0-00,hgtxr_e2e_axis_par16_hls,hgtxr_e2e_axis_par16_hls,solution_e2e_q4w8a,hgtxr_e2e_mlp_head_Pipeline_VITIS_LOOP_1229_6,parsed,hls_csynth_xml,2026-06-26T16:48:56.930853+00:00,hgtxr_e2e_mlp_head_Pipeline_VITIS_LOOP_1229_6,generated/hgtxr_e2e_axis_par16_hls/solution_e2e_q4w8a/syn/report/hgtxr_e2e_mlp_head_Pipeline_VITIS_LOOP_1229_6_csynth.xml,True,,False,5.0,3.65,24,24,24,24,24,0,32,2431,2487,0,624,1728,460800,230400,96,0.0,1.8518518518518519,0.5275607638888888,1.0794270833333333,0.0,0.00012,True
p0_no_board_report_collection_2026_06_26,NB-P0-00,hgtxr_e2e_axis_par16_hls,hgtxr_e2e_axis_par16_hls,solution_e2e_q4w8a,hgtxr_e2e_mlp_head,parsed,hls_csynth_xml,2026-06-26T16:48:56.930853+00:00,hgtxr_e2e_mlp_head,generated/hgtxr_e2e_axis_par16_hls/solution_e2e_q4w8a/syn/report/hgtxr_e2e_mlp_head_csynth.xml,True,,False,5.0,3.691,75633,75633,75633,75633,75633,0,32,2996,5584,0,624,1728,460800,230400,96,0.0,1.8518518518518519,0.6501736111111112,2.423611111111111,0.0,0.378165,True
p0_no_board_report_collection_2026_06_26,NB-P0-00,hgtxr_e2e_axis_par16_hls,hgtxr_e2e_axis_par16_hls,solution_e2e_q4w8a,hgtxr_e2e_mlp_unit_0_Pipeline_VITIS_LOOP_1124_4,parsed,hls_csynth_xml,2026-06-26T16:48:56.930853+00:00,hgtxr_e2e_mlp_unit_0_Pipeline_VITIS_LOOP_1124_4,generated/hgtxr_e2e_axis_par16_hls/solution_e2e_q4w8a/syn/report/hgtxr_e2e_mlp_unit_0_Pipeline_VITIS_LOOP_1124_4_csynth.xml,True,,False,5.0,3.65,204,204,204,204,204,0,32,2783,2941,0,624,1728,460800,230400,96,0.0,1.8518518518518519,0.6039496527777778,1.2764756944444444,0.0,0.00102,True
p0_no_board_report_collection_2026_06_26,NB-P0-00,hgtxr_e2e_axis_par16_hls,hgtxr_e2e_axis_par16_hls,solution_e2e_q4w8a,hgtxr_e2e_mlp_unit_0_Pipeline_VITIS_LOOP_1151_7_VITIS_LOOP_1159_9,parsed,hls_csynth_xml,2026-06-26T16:48:56.930853+00:00,hgtxr_e2e_mlp_unit_0_Pipeline_VITIS_LOOP_1151_7_VITIS_LOOP_1159_9,generated/hgtxr_e2e_axis_par16_hls/solution_e2e_q4w8a/syn/report/hgtxr_e2e_mlp_unit_0_Pipeline_VITIS_LOOP_1151_7_VITIS_LOOP_1159_9_csynth.xml,True,,False,5.0,3.65,9230,9230,9230,9230,9230,0,32,4180,5476,0,624,1728,460800,230400,96,0.0,1.8518518518518519,0.9071180555555556,2.376736111111111,0.0,0.04615,True
p0_no_board_report_collection_2026_06_26,NB-P0-00,hgtxr_e2e_axis_par16_hls,hgtxr_e2e_axis_par16_hls,solution_e2e_q4w8a,hgtxr_e2e_mlp_unit_0_s,parsed,hls_csynth_xml,2026-06-26T16:48:56.930853+00:00,hgtxr_e2e_mlp_unit_0_s,generated/hgtxr_e2e_axis_par16_hls/solution_e2e_q4w8a/syn/report/hgtxr_e2e_mlp_unit_0_s_csynth.xml,True,,False,5.0,3.65,3968826,3968826,3968826,3968826,3968826,0,79,10140,16998,0,624,1728,460800,230400,96,0.0,4.5717592592592595,2.2005208333333335,7.377604166666667,0.0,19.84413,True
p0_no_board_report_collection_2026_06_26,NB-P0-00,hgtxr_e2e_axis_par16_hls,hgtxr_e2e_axis_par16_hls,solution_e2e_q4w8a,hgtxr_e2e_mlp_unit_1_Pipeline_VITIS_LOOP_1124_4,parsed,hls_csynth_xml,2026-06-26T16:48:56.930853+00:00,hgtxr_e2e_mlp_unit_1_Pipeline_VITIS_LOOP_1124_4,generated/hgtxr_e2e_axis_par16_hls/solution_e2e_q4w8a/syn/report/hgtxr_e2e_mlp_unit_1_Pipeline_VITIS_LOOP_1124_4_csynth.xml,True,,False,5.0,3.65,204,204,204,204,204,0,32,2783,2941,0,624,1728,460800,230400,96,0.0,1.8518518518518519,0.6039496527777778,1.2764756944444444,0.0,0.00102,True
p0_no_board_report_collection_2026_06_26,NB-P0-00,hgtxr_e2e_axis_par16_hls,hgtxr_e2e_axis_par16_hls,solution_e2e_q4w8a,hgtxr_e2e_mlp_unit_1_Pipeline_VITIS_LOOP_1151_7_VITIS_LOOP_1159_9,parsed,hls_csynth_xml,2026-06-26T16:48:56.930853+00:00,hgtxr_e2e_mlp_unit_1_Pipeline_VITIS_LOOP_1151_7_VITIS_LOOP_1159_9,generated/hgtxr_e2e_axis_par16_hls/solution_e2e_q4w8a/syn/report/hgtxr_e2e_mlp_unit_1_Pipeline_VITIS_LOOP_1151_7_VITIS_LOOP_1159_9_csynth.xml,True,,False,5.0,3.65,9230,9230,9230,9230,9230,0,32,4180,5476,0,624,1728,460800,230400,96,0.0,1.8518518518518519,0.9071180555555556,2.376736111111111,0.0,0.04615,True
p0_no_board_report_collection_2026_06_26,NB-P0-00,hgtxr_e2e_axis_par16_hls,hgtxr_e2e_axis_par16_hls,solution_e2e_q4w8a,hgtxr_e2e_mlp_unit_1_s,parsed,hls_csynth_xml,2026-06-26T16:48:56.930853+00:00,hgtxr_e2e_mlp_unit_1_s,generated/hgtxr_e2e_axis_par16_hls/solution_e2e_q4w8a/syn/report/hgtxr_e2e_mlp_unit_1_s_csynth.xml,True,,False,5.0,3.65,3968826,3968826,3968826,3968826,3968826,0,79,10140,16998,0,624,1728,460800,230400,96,0.0,4.5717592592592595,2.2005208333333335,7.377604166666667,0.0,19.84413,True
p0_no_board_report_collection_2026_06_26,NB-P0-00,hgtxr_e2e_axis_par16_hls,hgtxr_e2e_axis_par16_hls,solution_e2e_q4w8a,hgtxr_e2e_output_projection_Pipeline_VITIS_LOOP_1059_4,parsed,hls_csynth_xml,2026-06-26T16:48:56.930853+00:00,hgtxr_e2e_output_projection_Pipeline_VITIS_LOOP_1059_4,generated/hgtxr_e2e_axis_par16_hls/solution_e2e_q4w8a/syn/report/hgtxr_e2e_output_projection_Pipeline_VITIS_LOOP_1059_4_csynth.xml,True,,False,5.0,3.697,204,204,204,204,204,0,32,1502,6155,0,624,1728,460800,230400,96,0.0,1.8518518518518519,0.3259548611111111,2.6714409722222223,0.0,0.00102,True
p0_no_board_report_collection_2026_06_26,NB-P0-00,hgtxr_e2e_axis_par16_hls,hgtxr_e2e_axis_par16_hls,solution_e2e_q4w8a,hgtxr_e2e_output_projection,parsed,hls_csynth_xml,2026-06-26T16:48:56.930853+00:00,hgtxr_e2e_output_projection,generated/hgtxr_e2e_axis_par16_hls/solution_e2e_q4w8a/syn/report/hgtxr_e2e_output_projection_csynth.xml,True,,False,5.0,3.697,489609,489609,489609,489609,489609,0,32,1883,8070,0,624,1728,460800,230400,96,0.0,1.8518518518518519,0.4086371527777778,3.5026041666666665,0.0,2.448045,True
p0_no_board_report_collection_2026_06_26,NB-P0-00,hgtxr_e2e_axis_par16_hls,hgtxr_e2e_axis_par16_hls,solution_e2e_q4w8a,hgtxr_e2e_project_qkv_Pipeline_VITIS_LOOP_831_1,parsed,hls_csynth_xml,2026-06-26T16:48:56.930853+00:00,hgtxr_e2e_project_qkv_Pipeline_VITIS_LOOP_831_1,generated/hgtxr_e2e_axis_par16_hls/solution_e2e_q4w8a/syn/report/hgtxr_e2e_project_qkv_Pipeline_VITIS_LOOP_831_1_csynth.xml,True,,False,5.0,3.65,579,579,579,579,579,0,0,291,83,0,624,1728,460800,230400,96,0.0,0.0,0.06315104166666667,0.03602430555555555,0.0,0.002895,True
p0_no_board_report_collection_2026_06_26,NB-P0-00,hgtxr_e2e_axis_par16_hls,hgtxr_e2e_axis_par16_hls,solution_e2e_q4w8a,hgtxr_e2e_project_qkv_Pipeline_VITIS_LOOP_836_2,parsed,hls_csynth_xml,2026-06-26T16:48:56.930853+00:00,hgtxr_e2e_project_qkv_Pipeline_VITIS_LOOP_836_2,generated/hgtxr_e2e_axis_par16_hls/solution_e2e_q4w8a/syn/report/hgtxr_e2e_project_qkv_Pipeline_VITIS_LOOP_836_2_csynth.xml,True,,False,5.0,3.65,579,579,579,579,579,0,0,291,83,0,624,1728,460800,230400,96,0.0,0.0,0.06315104166666667,0.03602430555555555,0.0,0.002895,True
p0_no_board_report_collection_2026_06_26,NB-P0-00,hgtxr_e2e_axis_par16_hls,hgtxr_e2e_axis_par16_hls,solution_e2e_q4w8a,hgtxr_e2e_project_qkv_Pipeline_VITIS_LOOP_841_3,parsed,hls_csynth_xml,2026-06-26T16:48:56.930853+00:00,hgtxr_e2e_project_qkv_Pipeline_VITIS_LOOP_841_3,generated/hgtxr_e2e_axis_par16_hls/solution_e2e_q4w8a/syn/report/hgtxr_e2e_project_qkv_Pipeline_VITIS_LOOP_841_3_csynth.xml,True,,False,5.0,3.65,579,579,579,579,579,0,0,291,83,0,624,1728,460800,230400,96,0.0,0.0,0.06315104166666667,0.03602430555555555,0.0,0.002895,True
p0_no_board_report_collection_2026_06_26,NB-P0-00,hgtxr_e2e_axis_par16_hls,hgtxr_e2e_axis_par16_hls,solution_e2e_q4w8a,hgtxr_e2e_project_qkv_Pipeline_VITIS_LOOP_847_4_VITIS_LOOP_849_5_VITIS_LOOP_863_s,parsed,hls_csynth_xml,2026-06-26T16:48:56.930853+00:00,hgtxr_e2e_project_qkv_Pipeline_VITIS_LOOP_847_4_VITIS_LOOP_849_5_VITIS_LOOP_863_s,generated/hgtxr_e2e_axis_par16_hls/solution_e2e_q4w8a/syn/report/hgtxr_e2e_project_qkv_Pipeline_VITIS_LOOP_847_4_VITIS_LOOP_849_5_VITIS_LOOP_863_s_csynth.xml,True,,False,5.0,3.49,451590,451590,451590,451590,451590,0,96,4828,12343,0,624,1728,460800,230400,96,0.0,5.555555555555555,1.0477430555555556,5.357204861111111,0.0,2.25795,True
p0_no_board_report_collection_2026_06_26,NB-P0-00,hgtxr_e2e_axis_par16_hls,hgtxr_e2e_axis_par16_hls,solution_e2e_q4w8a,hgtxr_e2e_project_qkv,parsed,hls_csynth_xml,2026-06-26T16:48:56.930853+00:00,hgtxr_e2e_project_qkv,generated/hgtxr_e2e_axis_par16_hls/solution_e2e_q4w8a/syn/report/hgtxr_e2e_project_qkv_csynth.xml,True,,False,5.0,3.65,453359,453359,453359,453359,453359,48,96,5915,13420,0,624,1728,460800,230400,96,7.6923076923076925,5.555555555555555,1.2836371527777777,5.824652777777778,0.0,2.266795,True
p0_no_board_report_collection_2026_06_26,NB-P0-00,hgtxr_e2e_axis_par16_hls,hgtxr_e2e_axis_par16_hls,solution_e2e_q4w8a,hgtxr_global_buffer_load,parsed,hls_csynth_xml,2026-06-26T16:48:56.930853+00:00,hgtxr_global_buffer_load,generated/hgtxr_e2e_axis_par16_hls/solution_e2e_q4w8a/syn/report/hgtxr_global_buffer_load_csynth.xml,True,,False,5.0,3.28,49154,49154,49154,49154,49154,0,0,53,264,0,624,1728,460800,230400,96,0.0,0.0,0.011501736111111112,0.11458333333333333,0.0,0.24577,True
p0_no_board_report_collection_2026_06_26,NB-P0-00,hgtxr_e2e_axis_par32_dsp_mixed_mem16_no_board,hgtxr_e2e_axis_par32_dsp_mixed_mem16_no_board,solution_e2e_q4w8a,hgtxr_axis_read_frame,parsed,hls_csynth_xml,2026-06-26T16:48:56.930853+00:00,hgtxr_axis_read_frame,generated/hgtxr_e2e_axis_par32_dsp_mixed_mem16_no_board/solution_e2e_q4w8a/syn/report/hgtxr_axis_read_frame_csynth.xml,True,,False,5.0,2.29,65538,65538,65538,65538,65538,0,0,19,87,0,624,1728,460800,230400,96,0.0,0.0,0.004123263888888889,0.037760416666666664,0.0,0.32769,True
p0_no_board_report_collection_2026_06_26,NB-P0-00,hgtxr_e2e_axis_par32_dsp_mixed_mem16_no_board,hgtxr_e2e_axis_par32_dsp_mixed_mem16_no_board,solution_e2e_q4w8a,hgtxr_axis_write_state,parsed,hls_csynth_xml,2026-06-26T16:48:56.930853+00:00,hgtxr_axis_write_state,generated/hgtxr_e2e_axis_par32_dsp_mixed_mem16_no_board/solution_e2e_q4w8a/syn/report/hgtxr_axis_write_state_csynth.xml,True,,False,5.0,1.527,8,8,8,8,8,0,0,7,81,0,624,1728,460800,230400,96,0.0,0.0,0.0015190972222222222,0.03515625,0.0,4e-05,True
p0_no_board_report_collection_2026_06_26,NB-P0-00,hgtxr_e2e_axis_par32_dsp_mixed_mem16_no_board,hgtxr_e2e_axis_par32_dsp_mixed_mem16_no_board,solution_e2e_q4w8a,hgtxr_conv_patch_embedding_Pipeline_VITIS_LOOP_658_1_VITIS_LOOP_660_2,parsed,hls_csynth_xml,2026-06-26T16:48:56.930853+00:00,hgtxr_conv_patch_embedding_Pipeline_VITIS_LOOP_658_1_VITIS_LOOP_660_2,generated/hgtxr_e2e_axis_par32_dsp_mixed_mem16_no_board/solution_e2e_q4w8a/syn/report/hgtxr_conv_patch_embedding_Pipeline_VITIS_LOOP_658_1_VITIS_LOOP_660_2_csynth.xml,True,,False,5.0,3.28,49154,49154,49154,49154,49154,0,0,36,190,0,624,1728,460800,230400,96,0.0,0.0,0.0078125,0.08246527777777778,0.0,0.24577,True
p0_no_board_report_collection_2026_06_26,NB-P0-00,hgtxr_e2e_axis_par32_dsp_mixed_mem16_no_board,hgtxr_e2e_axis_par32_dsp_mixed_mem16_no_board,solution_e2e_q4w8a,hgtxr_conv_patch_embedding,parsed,hls_csynth_xml,2026-06-26T16:48:56.930853+00:00,hgtxr_conv_patch_embedding,generated/hgtxr_e2e_axis_par32_dsp_mixed_mem16_no_board/solution_e2e_q4w8a/syn/report/hgtxr_conv_patch_embedding_csynth.xml,True,,False,5.0,3.28,87208,87208,87208,87208,87208,0,0,83,1290,0,624,1728,460800,230400,96,0.0,0.0,0.018012152777777776,0.5598958333333334,0.0,0.43604,True
p0_no_board_report_collection_2026_06_26,NB-P0-00,hgtxr_e2e_axis_par32_dsp_mixed_mem16_no_board,hgtxr_e2e_axis_par32_dsp_mixed_mem16_no_board,solution_e2e_q4w8a,hgtxr_e2e_attention_core_Pipeline_VITIS_LOOP_1027_8,parsed,hls_csynth_xml,2026-06-26T16:48:56.930853+00:00,hgtxr_e2e_attention_core_Pipeline_VITIS_LOOP_1027_8,generated/hgtxr_e2e_axis_par32_dsp_mixed_mem16_no_board/solution_e2e_q4w8a/syn/report/hgtxr_e2e_attention_core_Pipeline_VITIS_LOOP_1027_8_csynth.xml,True,,False,5.0,3.443,201,201,201,201,201,0,0,221,450,0,624,1728,460800,230400,96,0.0,0.0,0.04796006944444445,0.1953125,0.0,0.001005,True
p0_no_board_report_collection_2026_06_26,NB-P0-00,hgtxr_e2e_axis_par32_dsp_mixed_mem16_no_board,hgtxr_e2e_axis_par32_dsp_mixed_mem16_no_board,solution_e2e_q4w8a,hgtxr_e2e_attention_core_Pipeline_VITIS_LOOP_1038_9,parsed,hls_csynth_xml,2026-06-26T16:48:56.930853+00:00,hgtxr_e2e_attention_core_Pipeline_VITIS_LOOP_1038_9,generated/hgtxr_e2e_axis_par32_dsp_mixed_mem16_no_board/solution_e2e_q4w8a/syn/report/hgtxr_e2e_attention_core_Pipeline_VITIS_LOOP_1038_9_csynth.xml,True,,False,5.0,2.146,230,230,230,230,230,0,0,2149,1597,0,624,1728,460800,230400,96,0.0,0.0,0.4663628472222222,0.6931423611111112,0.0,0.00115,True
p0_no_board_report_collection_2026_06_26,NB-P0-00,hgtxr_e2e_axis_par32_dsp_mixed_mem16_no_board,hgtxr_e2e_axis_par32_dsp_mixed_mem16_no_board,solution_e2e_q4w8a,hgtxr_e2e_attention_core_Pipeline_VITIS_LOOP_1053_12,parsed,hls_csynth_xml,2026-06-26T16:48:56.930853+00:00,hgtxr_e2e_attention_core_Pipeline_VITIS_LOOP_1053_12,generated/hgtxr_e2e_axis_par32_dsp_mixed_mem16_no_board/solution_e2e_q4w8a/syn/report/hgtxr_e2e_attention_core_Pipeline_VITIS_LOOP_1053_12_csynth.xml,True,,False,5.0,3.282,201,201,201,201,201,0,64,2265,2429,0,624,1728,460800,230400,96,0.0,3.7037037037037037,0.4915364583333333,1.0542534722222223,0.0,0.001005,True
p0_no_board_report_collection_2026_06_26,NB-P0-00,hgtxr_e2e_axis_par32_dsp_mixed_mem16_no_board,hgtxr_e2e_axis_par32_dsp_mixed_mem16_no_board,solution_e2e_q4w8a,hgtxr_e2e_attention_core_Pipeline_VITIS_LOOP_965_3_VITIS_LOOP_973_5,parsed,hls_csynth_xml,2026-06-26T16:48:56.930853+00:00,hgtxr_e2e_attention_core_Pipeline_VITIS_LOOP_965_3_VITIS_LOOP_973_5,generated/hgtxr_e2e_axis_par32_dsp_mixed_mem16_no_board/solution_e2e_q4w8a/syn/report/hgtxr_e2e_attention_core_Pipeline_VITIS_LOOP_965_3_VITIS_LOOP_973_5_csynth.xml,True,,False,5.0,3.569,399,399,399,399,399,0,64,3637,4873,0,624,1728,460800,230400,96,0.0,3.7037037037037037,0.7892795138888888,2.115017361111111,0.0,0.001995,True
p0_no_board_report_collection_2026_06_26,NB-P0-00,hgtxr_e2e_axis_par32_dsp_mixed_mem16_no_board,hgtxr_e2e_axis_par32_dsp_mixed_mem16_no_board,solution_e2e_q4w8a,hgtxr_e2e_attention_core,parsed,hls_csynth_xml,2026-06-26T16:48:56.930853+00:00,hgtxr_e2e_attention_core,generated/hgtxr_e2e_axis_par32_dsp_mixed_mem16_no_board/solution_e2e_q4w8a/syn/report/hgtxr_e2e_attention_core_csynth.xml,True,,False,5.0,3.569,733243,733243,733243,733243,733243,0,128,9184,10255,0,624,1728,460800,230400,96,0.0,7.407407407407407,1.9930555555555556,4.450954861111111,0.0,3.666215,True
p0_no_board_report_collection_2026_06_26,NB-P0-00,hgtxr_e2e_axis_par32_dsp_mixed_mem16_no_board,hgtxr_e2e_axis_par32_dsp_mixed_mem16_no_board,solution_e2e_q4w8a,hgtxr_e2e_attn_unit_0_s,parsed,hls_csynth_xml,2026-06-26T16:48:56.930853+00:00,hgtxr_e2e_attn_unit_0_s,generated/hgtxr_e2e_axis_par32_dsp_mixed_mem16_no_board/solution_e2e_q4w8a/syn/report/hgtxr_e2e_attn_unit_0_s_csynth.xml,True,,False,5.0,3.697,1335583,1335583,1335583,1335583,1335583,45,399,23418,54699,0,624,1728,460800,230400,96,7.211538461538462,23.09027777777778,5.08203125,23.740885416666668,0.0,6.677915,True
p0_no_board_report_collection_2026_06_26,NB-P0-00,hgtxr_e2e_axis_par32_dsp_mixed_mem16_no_board,hgtxr_e2e_axis_par32_dsp_mixed_mem16_no_board,solution_e2e_q4w8a,hgtxr_e2e_attn_unit_1_s,parsed,hls_csynth_xml,2026-06-26T16:48:56.930853+00:00,hgtxr_e2e_attn_unit_1_s,generated/hgtxr_e2e_axis_par32_dsp_mixed_mem16_no_board/solution_e2e_q4w8a/syn/report/hgtxr_e2e_attn_unit_1_s_csynth.xml,True,,False,5.0,3.697,1335583,1335583,1335583,1335583,1335583,45,399,23418,54699,0,624,1728,460800,230400,96,7.211538461538462,23.09027777777778,5.08203125,23.740885416666668,0.0,6.677915,True
p0_no_board_report_collection_2026_06_26,NB-P0-00,hgtxr_e2e_axis_par32_dsp_mixed_mem16_no_board,hgtxr_e2e_axis_par32_dsp_mixed_mem16_no_board,solution_e2e_q4w8a,hgtxr_e2e_axis_top,parsed,hls_csynth_xml,2026-06-26T16:48:56.930853+00:00,hgtxr_e2e_axis_top,generated/hgtxr_e2e_axis_par32_dsp_mixed_mem16_no_board/solution_e2e_q4w8a/syn/report/hgtxr_e2e_axis_top_csynth.xml,True,,False,5.0,3.697,26139644,26139644,26139644,26139645,26139645,204,1148,85947,193546,112,624,1728,460800,230400,96,32.69230769230769,66.43518518518519,18.651692708333332,84.00434027777777,116.66666666666667,130.69822,True
p0_no_board_report_collection_2026_06_26,NB-P0-00,hgtxr_e2e_axis_par32_dsp_mixed_mem16_no_board,hgtxr_e2e_axis_par32_dsp_mixed_mem16_no_board,solution_e2e_q4w8a,hgtxr_e2e_controller_run,parsed,hls_csynth_xml,2026-06-26T16:48:56.930853+00:00,hgtxr_e2e_controller_run,generated/hgtxr_e2e_axis_par32_dsp_mixed_mem16_no_board/solution_e2e_q4w8a/syn/report/hgtxr_e2e_controller_run_csynth.xml,True,,False,5.0,3.697,25927663,25927663,25927663,25927663,25927663,122,1084,78011,177762,112,624,1728,460800,230400,96,19.55128205128205,62.73148148148148,16.92947048611111,77.15364583333333,116.66666666666667,129.638315,True
p0_no_board_report_collection_2026_06_26,NB-P0-00,hgtxr_e2e_axis_par32_dsp_mixed_mem16_no_board,hgtxr_e2e_axis_par32_dsp_mixed_mem16_no_board,solution_e2e_q4w8a,hgtxr_e2e_layernorm_Pipeline_VITIS_LOOP_793_1,parsed,hls_csynth_xml,2026-06-26T16:48:56.930853+00:00,hgtxr_e2e_layernorm_Pipeline_VITIS_LOOP_793_1,generated/hgtxr_e2e_axis_par32_dsp_mixed_mem16_no_board/solution_e2e_q4w8a/syn/report/hgtxr_e2e_layernorm_Pipeline_VITIS_LOOP_793_1_csynth.xml,True,,False,5.0,3.65,16,16,16,16,16,0,0,1816,416,0,624,1728,460800,230400,96,0.0,0.0,0.3940972222222222,0.18055555555555555,0.0,8e-05,True
p0_no_board_report_collection_2026_06_26,NB-P0-00,hgtxr_e2e_axis_par32_dsp_mixed_mem16_no_board,hgtxr_e2e_axis_par32_dsp_mixed_mem16_no_board,solution_e2e_q4w8a,hgtxr_e2e_layernorm_Pipeline_VITIS_LOOP_803_3,parsed,hls_csynth_xml,2026-06-26T16:48:56.930853+00:00,hgtxr_e2e_layernorm_Pipeline_VITIS_LOOP_803_3,generated/hgtxr_e2e_axis_par32_dsp_mixed_mem16_no_board/solution_e2e_q4w8a/syn/report/hgtxr_e2e_layernorm_Pipeline_VITIS_LOOP_803_3_csynth.xml,True,,False,5.0,3.169,194,194,194,194,194,0,0,47,200,0,624,1728,460800,230400,96,0.0,0.0,0.010199652777777778,0.08680555555555555,0.0,0.00097,True
p0_no_board_report_collection_2026_06_26,NB-P0-00,hgtxr_e2e_axis_par32_dsp_mixed_mem16_no_board,hgtxr_e2e_axis_par32_dsp_mixed_mem16_no_board,solution_e2e_q4w8a,hgtxr_e2e_layernorm_Pipeline_VITIS_LOOP_811_4,parsed,hls_csynth_xml,2026-06-26T16:48:56.930853+00:00,hgtxr_e2e_layernorm_Pipeline_VITIS_LOOP_811_4,generated/hgtxr_e2e_axis_par32_dsp_mixed_mem16_no_board/solution_e2e_q4w8a/syn/report/hgtxr_e2e_layernorm_Pipeline_VITIS_LOOP_811_4_csynth.xml,True,,False,5.0,3.58,196,196,196,196,196,0,2,91,258,0,624,1728,460800,230400,96,0.0,0.11574074074074074,0.019748263888888888,0.11197916666666667,0.0,0.00098,True
p0_no_board_report_collection_2026_06_26,NB-P0-00,hgtxr_e2e_axis_par32_dsp_mixed_mem16_no_board,hgtxr_e2e_axis_par32_dsp_mixed_mem16_no_board,solution_e2e_q4w8a,hgtxr_e2e_layernorm_Pipeline_VITIS_LOOP_820_5,parsed,hls_csynth_xml,2026-06-26T16:48:56.930853+00:00,hgtxr_e2e_layernorm_Pipeline_VITIS_LOOP_820_5,generated/hgtxr_e2e_axis_par32_dsp_mixed_mem16_no_board/solution_e2e_q4w8a/syn/report/hgtxr_e2e_layernorm_Pipeline_VITIS_LOOP_820_5_csynth.xml,True,,False,5.0,3.58,197,197,197,197,197,0,4,265,924,0,624,1728,460800,230400,96,0.0,0.23148148148148148,0.05750868055555555,0.4010416666666667,0.0,0.000985,True
p0_no_board_report_collection_2026_06_26,NB-P0-00,hgtxr_e2e_axis_par32_dsp_mixed_mem16_no_board,hgtxr_e2e_axis_par32_dsp_mixed_mem16_no_board,solution_e2e_q4w8a,hgtxr_e2e_layernorm,parsed,hls_csynth_xml,2026-06-26T16:48:56.930853+00:00,hgtxr_e2e_layernorm,generated/hgtxr_e2e_axis_par32_dsp_mixed_mem16_no_board/solution_e2e_q4w8a/syn/report/hgtxr_e2e_layernorm_csynth.xml,True,,False,5.0,3.65,117619,117619,117619,117619,117619,0,15,2750,3160,0,624,1728,460800,230400,96,0.0,0.8680555555555556,0.5967881944444444,1.3715277777777777,0.0,0.588095,True
p0_no_board_report_collection_2026_06_26,NB-P0-00,hgtxr_e2e_axis_par32_dsp_mixed_mem16_no_board,hgtxr_e2e_axis_par32_dsp_mixed_mem16_no_board,solution_e2e_q4w8a,hgtxr_e2e_mlp_head_Pipeline_VITIS_LOOP_1238_1,parsed,hls_csynth_xml,2026-06-26T16:48:56.930853+00:00,hgtxr_e2e_mlp_head_Pipeline_VITIS_LOOP_1238_1,generated/hgtxr_e2e_axis_par32_dsp_mixed_mem16_no_board/solution_e2e_q4w8a/syn/report/hgtxr_e2e_mlp_head_Pipeline_VITIS_LOOP_1238_1_csynth.xml,True,,False,5.0,1.869,194,194,194,194,194,0,0,10,57,0,624,1728,460800,230400,96,0.0,0.0,0.002170138888888889,0.024739583333333332,0.0,0.00097,True
p0_no_board_report_collection_2026_06_26,NB-P0-00,hgtxr_e2e_axis_par32_dsp_mixed_mem16_no_board,hgtxr_e2e_axis_par32_dsp_mixed_mem16_no_board,solution_e2e_q4w8a,hgtxr_e2e_mlp_head_Pipeline_VITIS_LOOP_1244_2_VITIS_LOOP_1246_3,parsed,hls_csynth_xml,2026-06-26T16:48:56.930853+00:00,hgtxr_e2e_mlp_head_Pipeline_VITIS_LOOP_1244_2_VITIS_LOOP_1246_3,generated/hgtxr_e2e_axis_par32_dsp_mixed_mem16_no_board/solution_e2e_q4w8a/syn/report/hgtxr_e2e_mlp_head_Pipeline_VITIS_LOOP_1244_2_VITIS_LOOP_1246_3_csynth.xml,True,,False,5.0,3.691,75267,75267,75267,75267,75267,0,0,333,1437,0,624,1728,460800,230400,96,0.0,0.0,0.072265625,0.6236979166666666,0.0,0.376335,True
p0_no_board_report_collection_2026_06_26,NB-P0-00,hgtxr_e2e_axis_par32_dsp_mixed_mem16_no_board,hgtxr_e2e_axis_par32_dsp_mixed_mem16_no_board,solution_e2e_q4w8a,hgtxr_e2e_mlp_head_Pipeline_VITIS_LOOP_1261_6,parsed,hls_csynth_xml,2026-06-26T16:48:56.930853+00:00,hgtxr_e2e_mlp_head_Pipeline_VITIS_LOOP_1261_6,generated/hgtxr_e2e_axis_par32_dsp_mixed_mem16_no_board/solution_e2e_q4w8a/syn/report/hgtxr_e2e_mlp_head_Pipeline_VITIS_LOOP_1261_6_csynth.xml,True,,False,5.0,3.65,18,18,18,18,18,0,64,4318,4281,0,624,1728,460800,230400,96,0.0,3.7037037037037037,0.9370659722222222,1.8580729166666667,0.0,9e-05,True
p0_no_board_report_collection_2026_06_26,NB-P0-00,hgtxr_e2e_axis_par32_dsp_mixed_mem16_no_board,hgtxr_e2e_axis_par32_dsp_mixed_mem16_no_board,solution_e2e_q4w8a,hgtxr_e2e_mlp_head,parsed,hls_csynth_xml,2026-06-26T16:48:56.930853+00:00,hgtxr_e2e_mlp_head,generated/hgtxr_e2e_axis_par32_dsp_mixed_mem16_no_board/solution_e2e_q4w8a/syn/report/hgtxr_e2e_mlp_head_csynth.xml,True,,False,5.0,3.691,75603,75603,75603,75603,75603,0,64,5328,9850,0,624,1728,460800,230400,96,0.0,3.7037037037037037,1.15625,4.275173611111111,0.0,0.378015,True
p0_no_board_report_collection_2026_06_26,NB-P0-00,hgtxr_e2e_axis_par32_dsp_mixed_mem16_no_board,hgtxr_e2e_axis_par32_dsp_mixed_mem16_no_board,solution_e2e_q4w8a,hgtxr_e2e_mlp_unit_0_Pipeline_VITIS_LOOP_1156_4,parsed,hls_csynth_xml,2026-06-26T16:48:56.930853+00:00,hgtxr_e2e_mlp_unit_0_Pipeline_VITIS_LOOP_1156_4,generated/hgtxr_e2e_axis_par32_dsp_mixed_mem16_no_board/solution_e2e_q4w8a/syn/report/hgtxr_e2e_mlp_unit_0_Pipeline_VITIS_LOOP_1156_4_csynth.xml,True,,False,5.0,3.664,204,204,204,204,204,0,64,5038,5088,0,624,1728,460800,230400,96,0.0,3.7037037037037037,1.0933159722222223,2.2083333333333335,0.0,0.00102,True
p0_no_board_report_collection_2026_06_26,NB-P0-00,hgtxr_e2e_axis_par32_dsp_mixed_mem16_no_board,hgtxr_e2e_axis_par32_dsp_mixed_mem16_no_board,solution_e2e_q4w8a,hgtxr_e2e_mlp_unit_0_Pipeline_VITIS_LOOP_1183_7_VITIS_LOOP_1191_9,parsed,hls_csynth_xml,2026-06-26T16:48:56.930853+00:00,hgtxr_e2e_mlp_unit_0_Pipeline_VITIS_LOOP_1183_7_VITIS_LOOP_1191_9,generated/hgtxr_e2e_axis_par32_dsp_mixed_mem16_no_board/solution_e2e_q4w8a/syn/report/hgtxr_e2e_mlp_unit_0_Pipeline_VITIS_LOOP_1183_7_VITIS_LOOP_1191_9_csynth.xml,True,,False,5.0,3.65,9230,9230,9230,9230,9230,0,64,7144,10658,0,624,1728,460800,230400,96,0.0,3.7037037037037037,1.5503472222222223,4.625868055555555,0.0,0.04615,True
p0_no_board_report_collection_2026_06_26,NB-P0-00,hgtxr_e2e_axis_par32_dsp_mixed_mem16_no_board,hgtxr_e2e_axis_par32_dsp_mixed_mem16_no_board,solution_e2e_q4w8a,hgtxr_e2e_mlp_unit_0_s,parsed,hls_csynth_xml,2026-06-26T16:48:56.930853+00:00,hgtxr_e2e_mlp_unit_0_s,generated/hgtxr_e2e_axis_par32_dsp_mixed_mem16_no_board/solution_e2e_q4w8a/syn/report/hgtxr_e2e_mlp_unit_0_s_csynth.xml,True,,False,5.0,3.664,2985690,2985690,2985690,2985690,2985690,0,143,15577,28120,0,624,1728,460800,230400,96,0.0,8.275462962962964,3.3804253472222223,12.20486111111111,0.0,14.92845,True
p0_no_board_report_collection_2026_06_26,NB-P0-00,hgtxr_e2e_axis_par32_dsp_mixed_mem16_no_board,hgtxr_e2e_axis_par32_dsp_mixed_mem16_no_board,solution_e2e_q4w8a,hgtxr_e2e_mlp_unit_1_Pipeline_VITIS_LOOP_1156_4,parsed,hls_csynth_xml,2026-06-26T16:48:56.930853+00:00,hgtxr_e2e_mlp_unit_1_Pipeline_VITIS_LOOP_1156_4,generated/hgtxr_e2e_axis_par32_dsp_mixed_mem16_no_board/solution_e2e_q4w8a/syn/report/hgtxr_e2e_mlp_unit_1_Pipeline_VITIS_LOOP_1156_4_csynth.xml,True,,False,5.0,3.664,204,204,204,204,204,0,64,5038,5088,0,624,1728,460800,230400,96,0.0,3.7037037037037037,1.0933159722222223,2.2083333333333335,0.0,0.00102,True
p0_no_board_report_collection_2026_06_26,NB-P0-00,hgtxr_e2e_axis_par32_dsp_mixed_mem16_no_board,hgtxr_e2e_axis_par32_dsp_mixed_mem16_no_board,solution_e2e_q4w8a,hgtxr_e2e_mlp_unit_1_Pipeline_VITIS_LOOP_1183_7_VITIS_LOOP_1191_9,parsed,hls_csynth_xml,2026-06-26T16:48:56.930853+00:00,hgtxr_e2e_mlp_unit_1_Pipeline_VITIS_LOOP_1183_7_VITIS_LOOP_1191_9,generated/hgtxr_e2e_axis_par32_dsp_mixed_mem16_no_board/solution_e2e_q4w8a/syn/report/hgtxr_e2e_mlp_unit_1_Pipeline_VITIS_LOOP_1183_7_VITIS_LOOP_1191_9_csynth.xml,True,,False,5.0,3.65,9230,9230,9230,9230,9230,0,64,7144,10658,0,624,1728,460800,230400,96,0.0,3.7037037037037037,1.5503472222222223,4.625868055555555,0.0,0.04615,True
p0_no_board_report_collection_2026_06_26,NB-P0-00,hgtxr_e2e_axis_par32_dsp_mixed_mem16_no_board,hgtxr_e2e_axis_par32_dsp_mixed_mem16_no_board,solution_e2e_q4w8a,hgtxr_e2e_mlp_unit_1_s,parsed,hls_csynth_xml,2026-06-26T16:48:56.930853+00:00,hgtxr_e2e_mlp_unit_1_s,generated/hgtxr_e2e_axis_par32_dsp_mixed_mem16_no_board/solution_e2e_q4w8a/syn/report/hgtxr_e2e_mlp_unit_1_s_csynth.xml,True,,False,5.0,3.664,2985690,2985690,2985690,2985690,2985690,0,143,15577,28120,0,624,1728,460800,230400,96,0.0,8.275462962962964,3.3804253472222223,12.20486111111111,0.0,14.92845,True
p0_no_board_report_collection_2026_06_26,NB-P0-00,hgtxr_e2e_axis_par32_dsp_mixed_mem16_no_board,hgtxr_e2e_axis_par32_dsp_mixed_mem16_no_board,solution_e2e_q4w8a,hgtxr_e2e_output_projection_Pipeline_VITIS_LOOP_1091_4,parsed,hls_csynth_xml,2026-06-26T16:48:56.930853+00:00,hgtxr_e2e_output_projection_Pipeline_VITIS_LOOP_1091_4,generated/hgtxr_e2e_axis_par32_dsp_mixed_mem16_no_board/solution_e2e_q4w8a/syn/report/hgtxr_e2e_output_projection_Pipeline_VITIS_LOOP_1091_4_csynth.xml,True,,False,5.0,3.697,204,204,204,204,204,0,64,2430,11867,0,624,1728,460800,230400,96,0.0,3.7037037037037037,0.52734375,5.150607638888889,0.0,0.00102,True
p0_no_board_report_collection_2026_06_26,NB-P0-00,hgtxr_e2e_axis_par32_dsp_mixed_mem16_no_board,hgtxr_e2e_axis_par32_dsp_mixed_mem16_no_board,solution_e2e_q4w8a,hgtxr_e2e_output_projection,parsed,hls_csynth_xml,2026-06-26T16:48:56.930853+00:00,hgtxr_e2e_output_projection,generated/hgtxr_e2e_axis_par32_dsp_mixed_mem16_no_board/solution_e2e_q4w8a/syn/report/hgtxr_e2e_output_projection_csynth.xml,True,,False,5.0,3.697,246177,246177,246177,246177,246177,0,64,3119,16227,0,624,1728,460800,230400,96,0.0,3.7037037037037037,0.6768663194444444,7.04296875,0.0,1.230885,True
p0_no_board_report_collection_2026_06_26,NB-P0-00,hgtxr_e2e_axis_par32_dsp_mixed_mem16_no_board,hgtxr_e2e_axis_par32_dsp_mixed_mem16_no_board,solution_e2e_q4w8a,hgtxr_e2e_project_qkv_Pipeline_VITIS_LOOP_863_1,parsed,hls_csynth_xml,2026-06-26T16:48:56.930853+00:00,hgtxr_e2e_project_qkv_Pipeline_VITIS_LOOP_863_1,generated/hgtxr_e2e_axis_par32_dsp_mixed_mem16_no_board/solution_e2e_q4w8a/syn/report/hgtxr_e2e_project_qkv_Pipeline_VITIS_LOOP_863_1_csynth.xml,True,,False,5.0,3.65,579,579,579,579,579,0,0,291,83,0,624,1728,460800,230400,96,0.0,0.0,0.06315104166666667,0.03602430555555555,0.0,0.002895,True
p0_no_board_report_collection_2026_06_26,NB-P0-00,hgtxr_e2e_axis_par32_dsp_mixed_mem16_no_board,hgtxr_e2e_axis_par32_dsp_mixed_mem16_no_board,solution_e2e_q4w8a,hgtxr_e2e_project_qkv_Pipeline_VITIS_LOOP_868_2,parsed,hls_csynth_xml,2026-06-26T16:48:56.930853+00:00,hgtxr_e2e_project_qkv_Pipeline_VITIS_LOOP_868_2,generated/hgtxr_e2e_axis_par32_dsp_mixed_mem16_no_board/solution_e2e_q4w8a/syn/report/hgtxr_e2e_project_qkv_Pipeline_VITIS_LOOP_868_2_csynth.xml,True,,False,5.0,3.65,579,579,579,579,579,0,0,291,83,0,624,1728,460800,230400,96,0.0,0.0,0.06315104166666667,0.03602430555555555,0.0,0.002895,True
p0_no_board_report_collection_2026_06_26,NB-P0-00,hgtxr_e2e_axis_par32_dsp_mixed_mem16_no_board,hgtxr_e2e_axis_par32_dsp_mixed_mem16_no_board,solution_e2e_q4w8a,hgtxr_e2e_project_qkv_Pipeline_VITIS_LOOP_873_3,parsed,hls_csynth_xml,2026-06-26T16:48:56.930853+00:00,hgtxr_e2e_project_qkv_Pipeline_VITIS_LOOP_873_3,generated/hgtxr_e2e_axis_par32_dsp_mixed_mem16_no_board/solution_e2e_q4w8a/syn/report/hgtxr_e2e_project_qkv_Pipeline_VITIS_LOOP_873_3_csynth.xml,True,,False,5.0,3.65,579,579,579,579,579,0,0,291,83,0,624,1728,460800,230400,96,0.0,0.0,0.06315104166666667,0.03602430555555555,0.0,0.002895,True
p0_no_board_report_collection_2026_06_26,NB-P0-00,hgtxr_e2e_axis_par32_dsp_mixed_mem16_no_board,hgtxr_e2e_axis_par32_dsp_mixed_mem16_no_board,solution_e2e_q4w8a,hgtxr_e2e_project_qkv_Pipeline_VITIS_LOOP_895_7,parsed,hls_csynth_xml,2026-06-26T16:48:56.930853+00:00,hgtxr_e2e_project_qkv_Pipeline_VITIS_LOOP_895_7,generated/hgtxr_e2e_axis_par32_dsp_mixed_mem16_no_board/solution_e2e_q4w8a/syn/report/hgtxr_e2e_project_qkv_Pipeline_VITIS_LOOP_895_7_csynth.xml,True,,False,5.0,2.624,196,196,196,196,196,0,192,6168,9034,0,624,1728,460800,230400,96,0.0,11.11111111111111,1.3385416666666667,3.9210069444444446,0.0,0.00098,True
p0_no_board_report_collection_2026_06_26,NB-P0-00,hgtxr_e2e_axis_par32_dsp_mixed_mem16_no_board,hgtxr_e2e_axis_par32_dsp_mixed_mem16_no_board,solution_e2e_q4w8a,hgtxr_e2e_project_qkv,parsed,hls_csynth_xml,2026-06-26T16:48:56.930853+00:00,hgtxr_e2e_project_qkv,generated/hgtxr_e2e_axis_par32_dsp_mixed_mem16_no_board/solution_e2e_q4w8a/syn/report/hgtxr_e2e_project_qkv_csynth.xml,True,,False,5.0,3.65,238536,238536,238536,238536,238536,45,192,8198,20750,0,624,1728,460800,230400,96,7.211538461538462,11.11111111111111,1.7790798611111112,9.00607638888889,0.0,1.19268,True
p0_no_board_report_collection_2026_06_26,NB-P0-00,hgtxr_e2e_axis_par32_dsp_mixed_mem16_no_board,hgtxr_e2e_axis_par32_dsp_mixed_mem16_no_board,solution_e2e_q4w8a,hgtxr_global_buffer_load,parsed,hls_csynth_xml,2026-06-26T16:48:56.930853+00:00,hgtxr_global_buffer_load,generated/hgtxr_e2e_axis_par32_dsp_mixed_mem16_no_board/solution_e2e_q4w8a/syn/report/hgtxr_global_buffer_load_csynth.xml,True,,False,5.0,3.28,49154,49154,49154,49154,49154,0,0,53,264,0,624,1728,460800,230400,96,0.0,0.0,0.011501736111111112,0.11458333333333333,0.0,0.24577,True
p0_no_board_report_collection_2026_06_26,NB-P0-00,hgtxr_e2e_axis_par32_dsp_mixed_stream_mem16_no_board,hgtxr_e2e_axis_par32_dsp_mixed_stream_mem16_no_board,solution_e2e_q4w8a,hgtxr_axis_read_frame,parsed,hls_csynth_xml,2026-06-26T16:48:56.930853+00:00,hgtxr_axis_read_frame,generated/hgtxr_e2e_axis_par32_dsp_mixed_stream_mem16_no_board/solution_e2e_q4w8a/syn/report/hgtxr_axis_read_frame_csynth.xml,True,,False,5.0,2.29,65538,65538,65538,65538,65538,0,0,19,87,0,624,1728,460800,230400,96,0.0,0.0,0.004123263888888889,0.037760416666666664,0.0,0.32769,True
p0_no_board_report_collection_2026_06_26,NB-P0-00,hgtxr_e2e_axis_par32_dsp_mixed_stream_mem16_no_board,hgtxr_e2e_axis_par32_dsp_mixed_stream_mem16_no_board,solution_e2e_q4w8a,hgtxr_axis_write_state,parsed,hls_csynth_xml,2026-06-26T16:48:56.930853+00:00,hgtxr_axis_write_state,generated/hgtxr_e2e_axis_par32_dsp_mixed_stream_mem16_no_board/solution_e2e_q4w8a/syn/report/hgtxr_axis_write_state_csynth.xml,True,,False,5.0,1.527,8,8,8,8,8,0,0,7,81,0,624,1728,460800,230400,96,0.0,0.0,0.0015190972222222222,0.03515625,0.0,4e-05,True
p0_no_board_report_collection_2026_06_26,NB-P0-00,hgtxr_e2e_axis_par32_dsp_mixed_stream_mem16_no_board,hgtxr_e2e_axis_par32_dsp_mixed_stream_mem16_no_board,solution_e2e_q4w8a,hgtxr_conv_patch_embedding_Pipeline_VITIS_LOOP_658_1_VITIS_LOOP_660_2,parsed,hls_csynth_xml,2026-06-26T16:48:56.930853+00:00,hgtxr_conv_patch_embedding_Pipeline_VITIS_LOOP_658_1_VITIS_LOOP_660_2,generated/hgtxr_e2e_axis_par32_dsp_mixed_stream_mem16_no_board/solution_e2e_q4w8a/syn/report/hgtxr_conv_patch_embedding_Pipeline_VITIS_LOOP_658_1_VITIS_LOOP_660_2_csynth.xml,True,,False,5.0,3.28,49154,49154,49154,49154,49154,0,0,36,190,0,624,1728,460800,230400,96,0.0,0.0,0.0078125,0.08246527777777778,0.0,0.24577,True
p0_no_board_report_collection_2026_06_26,NB-P0-00,hgtxr_e2e_axis_par32_dsp_mixed_stream_mem16_no_board,hgtxr_e2e_axis_par32_dsp_mixed_stream_mem16_no_board,solution_e2e_q4w8a,hgtxr_conv_patch_embedding,parsed,hls_csynth_xml,2026-06-26T16:48:56.930853+00:00,hgtxr_conv_patch_embedding,generated/hgtxr_e2e_axis_par32_dsp_mixed_stream_mem16_no_board/solution_e2e_q4w8a/syn/report/hgtxr_conv_patch_embedding_csynth.xml,True,,False,5.0,3.28,87208,87208,87208,87208,87208,0,0,83,1290,0,624,1728,460800,230400,96,0.0,0.0,0.018012152777777776,0.5598958333333334,0.0,0.43604,True
p0_no_board_report_collection_2026_06_26,NB-P0-00,hgtxr_e2e_axis_par32_dsp_mixed_stream_mem16_no_board,hgtxr_e2e_axis_par32_dsp_mixed_stream_mem16_no_board,solution_e2e_q4w8a,hgtxr_e2e_attention_core_Pipeline_VITIS_LOOP_1027_8,parsed,hls_csynth_xml,2026-06-26T16:48:56.930853+00:00,hgtxr_e2e_attention_core_Pipeline_VITIS_LOOP_1027_8,generated/hgtxr_e2e_axis_par32_dsp_mixed_stream_mem16_no_board/solution_e2e_q4w8a/syn/report/hgtxr_e2e_attention_core_Pipeline_VITIS_LOOP_1027_8_csynth.xml,True,,False,5.0,3.443,201,201,201,201,201,0,0,221,450,0,624,1728,460800,230400,96,0.0,0.0,0.04796006944444445,0.1953125,0.0,0.001005,True
p0_no_board_report_collection_2026_06_26,NB-P0-00,hgtxr_e2e_axis_par32_dsp_mixed_stream_mem16_no_board,hgtxr_e2e_axis_par32_dsp_mixed_stream_mem16_no_board,solution_e2e_q4w8a,hgtxr_e2e_attention_core_Pipeline_VITIS_LOOP_1038_9,parsed,hls_csynth_xml,2026-06-26T16:48:56.930853+00:00,hgtxr_e2e_attention_core_Pipeline_VITIS_LOOP_1038_9,generated/hgtxr_e2e_axis_par32_dsp_mixed_stream_mem16_no_board/solution_e2e_q4w8a/syn/report/hgtxr_e2e_attention_core_Pipeline_VITIS_LOOP_1038_9_csynth.xml,True,,False,5.0,2.146,230,230,230,230,230,0,0,2149,1597,0,624,1728,460800,230400,96,0.0,0.0,0.4663628472222222,0.6931423611111112,0.0,0.00115,True
p0_no_board_report_collection_2026_06_26,NB-P0-00,hgtxr_e2e_axis_par32_dsp_mixed_stream_mem16_no_board,hgtxr_e2e_axis_par32_dsp_mixed_stream_mem16_no_board,solution_e2e_q4w8a,hgtxr_e2e_attention_core_Pipeline_VITIS_LOOP_1053_12,parsed,hls_csynth_xml,2026-06-26T16:48:56.930853+00:00,hgtxr_e2e_attention_core_Pipeline_VITIS_LOOP_1053_12,generated/hgtxr_e2e_axis_par32_dsp_mixed_stream_mem16_no_board/solution_e2e_q4w8a/syn/report/hgtxr_e2e_attention_core_Pipeline_VITIS_LOOP_1053_12_csynth.xml,True,,False,5.0,3.282,201,201,201,201,201,0,64,2265,2429,0,624,1728,460800,230400,96,0.0,3.7037037037037037,0.4915364583333333,1.0542534722222223,0.0,0.001005,True
p0_no_board_report_collection_2026_06_26,NB-P0-00,hgtxr_e2e_axis_par32_dsp_mixed_stream_mem16_no_board,hgtxr_e2e_axis_par32_dsp_mixed_stream_mem16_no_board,solution_e2e_q4w8a,hgtxr_e2e_attention_core_Pipeline_VITIS_LOOP_965_3_VITIS_LOOP_973_5,parsed,hls_csynth_xml,2026-06-26T16:48:56.930853+00:00,hgtxr_e2e_attention_core_Pipeline_VITIS_LOOP_965_3_VITIS_LOOP_973_5,generated/hgtxr_e2e_axis_par32_dsp_mixed_stream_mem16_no_board/solution_e2e_q4w8a/syn/report/hgtxr_e2e_attention_core_Pipeline_VITIS_LOOP_965_3_VITIS_LOOP_973_5_csynth.xml,True,,False,5.0,3.569,399,399,399,399,399,0,64,3637,4873,0,624,1728,460800,230400,96,0.0,3.7037037037037037,0.7892795138888888,2.115017361111111,0.0,0.001995,True
p0_no_board_report_collection_2026_06_26,NB-P0-00,hgtxr_e2e_axis_par32_dsp_mixed_stream_mem16_no_board,hgtxr_e2e_axis_par32_dsp_mixed_stream_mem16_no_board,solution_e2e_q4w8a,hgtxr_e2e_attention_core,parsed,hls_csynth_xml,2026-06-26T16:48:56.930853+00:00,hgtxr_e2e_attention_core,generated/hgtxr_e2e_axis_par32_dsp_mixed_stream_mem16_no_board/solution_e2e_q4w8a/syn/report/hgtxr_e2e_attention_core_csynth.xml,True,,False,5.0,3.569,733243,733243,733243,733243,733243,0,128,9184,10255,0,624,1728,460800,230400,96,0.0,7.407407407407407,1.9930555555555556,4.450954861111111,0.0,3.666215,True
p0_no_board_report_collection_2026_06_26,NB-P0-00,hgtxr_e2e_axis_par32_dsp_mixed_stream_mem16_no_board,hgtxr_e2e_axis_par32_dsp_mixed_stream_mem16_no_board,solution_e2e_q4w8a,hgtxr_e2e_attn_unit_0_s,parsed,hls_csynth_xml,2026-06-26T16:48:56.930853+00:00,hgtxr_e2e_attn_unit_0_s,generated/hgtxr_e2e_axis_par32_dsp_mixed_stream_mem16_no_board/solution_e2e_q4w8a/syn/report/hgtxr_e2e_attn_unit_0_s_csynth.xml,True,,False,5.0,3.697,1335583,1335583,1335583,1335583,1335583,45,399,23418,54699,0,624,1728,460800,230400,96,7.211538461538462,23.09027777777778,5.08203125,23.740885416666668,0.0,6.677915,True
p0_no_board_report_collection_2026_06_26,NB-P0-00,hgtxr_e2e_axis_par32_dsp_mixed_stream_mem16_no_board,hgtxr_e2e_axis_par32_dsp_mixed_stream_mem16_no_board,solution_e2e_q4w8a,hgtxr_e2e_attn_unit_1_s,parsed,hls_csynth_xml,2026-06-26T16:48:56.930853+00:00,hgtxr_e2e_attn_unit_1_s,generated/hgtxr_e2e_axis_par32_dsp_mixed_stream_mem16_no_board/solution_e2e_q4w8a/syn/report/hgtxr_e2e_attn_unit_1_s_csynth.xml,True,,False,5.0,3.697,1335583,1335583,1335583,1335583,1335583,45,399,23418,54699,0,624,1728,460800,230400,96,7.211538461538462,23.09027777777778,5.08203125,23.740885416666668,0.0,6.677915,True
p0_no_board_report_collection_2026_06_26,NB-P0-00,hgtxr_e2e_axis_par32_dsp_mixed_stream_mem16_no_board,hgtxr_e2e_axis_par32_dsp_mixed_stream_mem16_no_board,solution_e2e_q4w8a,hgtxr_e2e_axis_top,parsed,hls_csynth_xml,2026-06-26T16:48:56.930853+00:00,hgtxr_e2e_axis_top,generated/hgtxr_e2e_axis_par32_dsp_mixed_stream_mem16_no_board/solution_e2e_q4w8a/syn/report/hgtxr_e2e_axis_top_csynth.xml,True,,False,5.0,3.697,26139644,26139644,26139644,26139645,26139645,332,1148,85947,193546,64,624,1728,460800,230400,96,53.205128205128204,66.43518518518519,18.651692708333332,84.00434027777777,66.66666666666667,130.69822,True
p0_no_board_report_collection_2026_06_26,NB-P0-00,hgtxr_e2e_axis_par32_dsp_mixed_stream_mem16_no_board,hgtxr_e2e_axis_par32_dsp_mixed_stream_mem16_no_board,solution_e2e_q4w8a,hgtxr_e2e_controller_run,parsed,hls_csynth_xml,2026-06-26T16:48:56.930853+00:00,hgtxr_e2e_controller_run,generated/hgtxr_e2e_axis_par32_dsp_mixed_stream_mem16_no_board/solution_e2e_q4w8a/syn/report/hgtxr_e2e_controller_run_csynth.xml,True,,False,5.0,3.697,25927663,25927663,25927663,25927663,25927663,250,1084,78011,177762,64,624,1728,460800,230400,96,40.06410256410256,62.73148148148148,16.92947048611111,77.15364583333333,66.66666666666667,129.638315,True
p0_no_board_report_collection_2026_06_26,NB-P0-00,hgtxr_e2e_axis_par32_dsp_mixed_stream_mem16_no_board,hgtxr_e2e_axis_par32_dsp_mixed_stream_mem16_no_board,solution_e2e_q4w8a,hgtxr_e2e_layernorm_Pipeline_VITIS_LOOP_793_1,parsed,hls_csynth_xml,2026-06-26T16:48:56.930853+00:00,hgtxr_e2e_layernorm_Pipeline_VITIS_LOOP_793_1,generated/hgtxr_e2e_axis_par32_dsp_mixed_stream_mem16_no_board/solution_e2e_q4w8a/syn/report/hgtxr_e2e_layernorm_Pipeline_VITIS_LOOP_793_1_csynth.xml,True,,False,5.0,3.65,16,16,16,16,16,0,0,1816,416,0,624,1728,460800,230400,96,0.0,0.0,0.3940972222222222,0.18055555555555555,0.0,8e-05,True
p0_no_board_report_collection_2026_06_26,NB-P0-00,hgtxr_e2e_axis_par32_dsp_mixed_stream_mem16_no_board,hgtxr_e2e_axis_par32_dsp_mixed_stream_mem16_no_board,solution_e2e_q4w8a,hgtxr_e2e_layernorm_Pipeline_VITIS_LOOP_803_3,parsed,hls_csynth_xml,2026-06-26T16:48:56.930853+00:00,hgtxr_e2e_layernorm_Pipeline_VITIS_LOOP_803_3,generated/hgtxr_e2e_axis_par32_dsp_mixed_stream_mem16_no_board/solution_e2e_q4w8a/syn/report/hgtxr_e2e_layernorm_Pipeline_VITIS_LOOP_803_3_csynth.xml,True,,False,5.0,3.169,194,194,194,194,194,0,0,47,200,0,624,1728,460800,230400,96,0.0,0.0,0.010199652777777778,0.08680555555555555,0.0,0.00097,True
p0_no_board_report_collection_2026_06_26,NB-P0-00,hgtxr_e2e_axis_par32_dsp_mixed_stream_mem16_no_board,hgtxr_e2e_axis_par32_dsp_mixed_stream_mem16_no_board,solution_e2e_q4w8a,hgtxr_e2e_layernorm_Pipeline_VITIS_LOOP_811_4,parsed,hls_csynth_xml,2026-06-26T16:48:56.930853+00:00,hgtxr_e2e_layernorm_Pipeline_VITIS_LOOP_811_4,generated/hgtxr_e2e_axis_par32_dsp_mixed_stream_mem16_no_board/solution_e2e_q4w8a/syn/report/hgtxr_e2e_layernorm_Pipeline_VITIS_LOOP_811_4_csynth.xml,True,,False,5.0,3.58,196,196,196,196,196,0,2,91,258,0,624,1728,460800,230400,96,0.0,0.11574074074074074,0.019748263888888888,0.11197916666666667,0.0,0.00098,True
p0_no_board_report_collection_2026_06_26,NB-P0-00,hgtxr_e2e_axis_par32_dsp_mixed_stream_mem16_no_board,hgtxr_e2e_axis_par32_dsp_mixed_stream_mem16_no_board,solution_e2e_q4w8a,hgtxr_e2e_layernorm_Pipeline_VITIS_LOOP_820_5,parsed,hls_csynth_xml,2026-06-26T16:48:56.930853+00:00,hgtxr_e2e_layernorm_Pipeline_VITIS_LOOP_820_5,generated/hgtxr_e2e_axis_par32_dsp_mixed_stream_mem16_no_board/solution_e2e_q4w8a/syn/report/hgtxr_e2e_layernorm_Pipeline_VITIS_LOOP_820_5_csynth.xml,True,,False,5.0,3.58,197,197,197,197,197,0,4,265,924,0,624,1728,460800,230400,96,0.0,0.23148148148148148,0.05750868055555555,0.4010416666666667,0.0,0.000985,True
p0_no_board_report_collection_2026_06_26,NB-P0-00,hgtxr_e2e_axis_par32_dsp_mixed_stream_mem16_no_board,hgtxr_e2e_axis_par32_dsp_mixed_stream_mem16_no_board,solution_e2e_q4w8a,hgtxr_e2e_layernorm,parsed,hls_csynth_xml,2026-06-26T16:48:56.930853+00:00,hgtxr_e2e_layernorm,generated/hgtxr_e2e_axis_par32_dsp_mixed_stream_mem16_no_board/solution_e2e_q4w8a/syn/report/hgtxr_e2e_layernorm_csynth.xml,True,,False,5.0,3.65,117619,117619,117619,117619,117619,0,15,2750,3160,0,624,1728,460800,230400,96,0.0,0.8680555555555556,0.5967881944444444,1.3715277777777777,0.0,0.588095,True
p0_no_board_report_collection_2026_06_26,NB-P0-00,hgtxr_e2e_axis_par32_dsp_mixed_stream_mem16_no_board,hgtxr_e2e_axis_par32_dsp_mixed_stream_mem16_no_board,solution_e2e_q4w8a,hgtxr_e2e_mlp_head_Pipeline_VITIS_LOOP_1238_1,parsed,hls_csynth_xml,2026-06-26T16:48:56.930853+00:00,hgtxr_e2e_mlp_head_Pipeline_VITIS_LOOP_1238_1,generated/hgtxr_e2e_axis_par32_dsp_mixed_stream_mem16_no_board/solution_e2e_q4w8a/syn/report/hgtxr_e2e_mlp_head_Pipeline_VITIS_LOOP_1238_1_csynth.xml,True,,False,5.0,1.869,194,194,194,194,194,0,0,10,57,0,624,1728,460800,230400,96,0.0,0.0,0.002170138888888889,0.024739583333333332,0.0,0.00097,True
p0_no_board_report_collection_2026_06_26,NB-P0-00,hgtxr_e2e_axis_par32_dsp_mixed_stream_mem16_no_board,hgtxr_e2e_axis_par32_dsp_mixed_stream_mem16_no_board,solution_e2e_q4w8a,hgtxr_e2e_mlp_head_Pipeline_VITIS_LOOP_1244_2_VITIS_LOOP_1246_3,parsed,hls_csynth_xml,2026-06-26T16:48:56.930853+00:00,hgtxr_e2e_mlp_head_Pipeline_VITIS_LOOP_1244_2_VITIS_LOOP_1246_3,generated/hgtxr_e2e_axis_par32_dsp_mixed_stream_mem16_no_board/solution_e2e_q4w8a/syn/report/hgtxr_e2e_mlp_head_Pipeline_VITIS_LOOP_1244_2_VITIS_LOOP_1246_3_csynth.xml,True,,False,5.0,3.691,75267,75267,75267,75267,75267,0,0,333,1437,0,624,1728,460800,230400,96,0.0,0.0,0.072265625,0.6236979166666666,0.0,0.376335,True
p0_no_board_report_collection_2026_06_26,NB-P0-00,hgtxr_e2e_axis_par32_dsp_mixed_stream_mem16_no_board,hgtxr_e2e_axis_par32_dsp_mixed_stream_mem16_no_board,solution_e2e_q4w8a,hgtxr_e2e_mlp_head_Pipeline_VITIS_LOOP_1261_6,parsed,hls_csynth_xml,2026-06-26T16:48:56.930853+00:00,hgtxr_e2e_mlp_head_Pipeline_VITIS_LOOP_1261_6,generated/hgtxr_e2e_axis_par32_dsp_mixed_stream_mem16_no_board/solution_e2e_q4w8a/syn/report/hgtxr_e2e_mlp_head_Pipeline_VITIS_LOOP_1261_6_csynth.xml,True,,False,5.0,3.65,18,18,18,18,18,0,64,4318,4281,0,624,1728,460800,230400,96,0.0,3.7037037037037037,0.9370659722222222,1.8580729166666667,0.0,9e-05,True
p0_no_board_report_collection_2026_06_26,NB-P0-00,hgtxr_e2e_axis_par32_dsp_mixed_stream_mem16_no_board,hgtxr_e2e_axis_par32_dsp_mixed_stream_mem16_no_board,solution_e2e_q4w8a,hgtxr_e2e_mlp_head,parsed,hls_csynth_xml,2026-06-26T16:48:56.930853+00:00,hgtxr_e2e_mlp_head,generated/hgtxr_e2e_axis_par32_dsp_mixed_stream_mem16_no_board/solution_e2e_q4w8a/syn/report/hgtxr_e2e_mlp_head_csynth.xml,True,,False,5.0,3.691,75603,75603,75603,75603,75603,0,64,5328,9850,0,624,1728,460800,230400,96,0.0,3.7037037037037037,1.15625,4.275173611111111,0.0,0.378015,True
p0_no_board_report_collection_2026_06_26,NB-P0-00,hgtxr_e2e_axis_par32_dsp_mixed_stream_mem16_no_board,hgtxr_e2e_axis_par32_dsp_mixed_stream_mem16_no_board,solution_e2e_q4w8a,hgtxr_e2e_mlp_unit_0_Pipeline_VITIS_LOOP_1156_4,parsed,hls_csynth_xml,2026-06-26T16:48:56.930853+00:00,hgtxr_e2e_mlp_unit_0_Pipeline_VITIS_LOOP_1156_4,generated/hgtxr_e2e_axis_par32_dsp_mixed_stream_mem16_no_board/solution_e2e_q4w8a/syn/report/hgtxr_e2e_mlp_unit_0_Pipeline_VITIS_LOOP_1156_4_csynth.xml,True,,False,5.0,3.664,204,204,204,204,204,0,64,5038,5088,0,624,1728,460800,230400,96,0.0,3.7037037037037037,1.0933159722222223,2.2083333333333335,0.0,0.00102,True
p0_no_board_report_collection_2026_06_26,NB-P0-00,hgtxr_e2e_axis_par32_dsp_mixed_stream_mem16_no_board,hgtxr_e2e_axis_par32_dsp_mixed_stream_mem16_no_board,solution_e2e_q4w8a,hgtxr_e2e_mlp_unit_0_Pipeline_VITIS_LOOP_1183_7_VITIS_LOOP_1191_9,parsed,hls_csynth_xml,2026-06-26T16:48:56.930853+00:00,hgtxr_e2e_mlp_unit_0_Pipeline_VITIS_LOOP_1183_7_VITIS_LOOP_1191_9,generated/hgtxr_e2e_axis_par32_dsp_mixed_stream_mem16_no_board/solution_e2e_q4w8a/syn/report/hgtxr_e2e_mlp_unit_0_Pipeline_VITIS_LOOP_1183_7_VITIS_LOOP_1191_9_csynth.xml,True,,False,5.0,3.65,9230,9230,9230,9230,9230,0,64,7144,10658,0,624,1728,460800,230400,96,0.0,3.7037037037037037,1.5503472222222223,4.625868055555555,0.0,0.04615,True
p0_no_board_report_collection_2026_06_26,NB-P0-00,hgtxr_e2e_axis_par32_dsp_mixed_stream_mem16_no_board,hgtxr_e2e_axis_par32_dsp_mixed_stream_mem16_no_board,solution_e2e_q4w8a,hgtxr_e2e_mlp_unit_0_s,parsed,hls_csynth_xml,2026-06-26T16:48:56.930853+00:00,hgtxr_e2e_mlp_unit_0_s,generated/hgtxr_e2e_axis_par32_dsp_mixed_stream_mem16_no_board/solution_e2e_q4w8a/syn/report/hgtxr_e2e_mlp_unit_0_s_csynth.xml,True,,False,5.0,3.664,2985690,2985690,2985690,2985690,2985690,0,143,15577,28120,0,624,1728,460800,230400,96,0.0,8.275462962962964,3.3804253472222223,12.20486111111111,0.0,14.92845,True
p0_no_board_report_collection_2026_06_26,NB-P0-00,hgtxr_e2e_axis_par32_dsp_mixed_stream_mem16_no_board,hgtxr_e2e_axis_par32_dsp_mixed_stream_mem16_no_board,solution_e2e_q4w8a,hgtxr_e2e_mlp_unit_1_Pipeline_VITIS_LOOP_1156_4,parsed,hls_csynth_xml,2026-06-26T16:48:56.930853+00:00,hgtxr_e2e_mlp_unit_1_Pipeline_VITIS_LOOP_1156_4,generated/hgtxr_e2e_axis_par32_dsp_mixed_stream_mem16_no_board/solution_e2e_q4w8a/syn/report/hgtxr_e2e_mlp_unit_1_Pipeline_VITIS_LOOP_1156_4_csynth.xml,True,,False,5.0,3.664,204,204,204,204,204,0,64,5038,5088,0,624,1728,460800,230400,96,0.0,3.7037037037037037,1.0933159722222223,2.2083333333333335,0.0,0.00102,True
p0_no_board_report_collection_2026_06_26,NB-P0-00,hgtxr_e2e_axis_par32_dsp_mixed_stream_mem16_no_board,hgtxr_e2e_axis_par32_dsp_mixed_stream_mem16_no_board,solution_e2e_q4w8a,hgtxr_e2e_mlp_unit_1_Pipeline_VITIS_LOOP_1183_7_VITIS_LOOP_1191_9,parsed,hls_csynth_xml,2026-06-26T16:48:56.930853+00:00,hgtxr_e2e_mlp_unit_1_Pipeline_VITIS_LOOP_1183_7_VITIS_LOOP_1191_9,generated/hgtxr_e2e_axis_par32_dsp_mixed_stream_mem16_no_board/solution_e2e_q4w8a/syn/report/hgtxr_e2e_mlp_unit_1_Pipeline_VITIS_LOOP_1183_7_VITIS_LOOP_1191_9_csynth.xml,True,,False,5.0,3.65,9230,9230,9230,9230,9230,0,64,7144,10658,0,624,1728,460800,230400,96,0.0,3.7037037037037037,1.5503472222222223,4.625868055555555,0.0,0.04615,True
p0_no_board_report_collection_2026_06_26,NB-P0-00,hgtxr_e2e_axis_par32_dsp_mixed_stream_mem16_no_board,hgtxr_e2e_axis_par32_dsp_mixed_stream_mem16_no_board,solution_e2e_q4w8a,hgtxr_e2e_mlp_unit_1_s,parsed,hls_csynth_xml,2026-06-26T16:48:56.930853+00:00,hgtxr_e2e_mlp_unit_1_s,generated/hgtxr_e2e_axis_par32_dsp_mixed_stream_mem16_no_board/solution_e2e_q4w8a/syn/report/hgtxr_e2e_mlp_unit_1_s_csynth.xml,True,,False,5.0,3.664,2985690,2985690,2985690,2985690,2985690,0,143,15577,28120,0,624,1728,460800,230400,96,0.0,8.275462962962964,3.3804253472222223,12.20486111111111,0.0,14.92845,True
p0_no_board_report_collection_2026_06_26,NB-P0-00,hgtxr_e2e_axis_par32_dsp_mixed_stream_mem16_no_board,hgtxr_e2e_axis_par32_dsp_mixed_stream_mem16_no_board,solution_e2e_q4w8a,hgtxr_e2e_output_projection_Pipeline_VITIS_LOOP_1091_4,parsed,hls_csynth_xml,2026-06-26T16:48:56.930853+00:00,hgtxr_e2e_output_projection_Pipeline_VITIS_LOOP_1091_4,generated/hgtxr_e2e_axis_par32_dsp_mixed_stream_mem16_no_board/solution_e2e_q4w8a/syn/report/hgtxr_e2e_output_projection_Pipeline_VITIS_LOOP_1091_4_csynth.xml,True,,False,5.0,3.697,204,204,204,204,204,0,64,2430,11867,0,624,1728,460800,230400,96,0.0,3.7037037037037037,0.52734375,5.150607638888889,0.0,0.00102,True
p0_no_board_report_collection_2026_06_26,NB-P0-00,hgtxr_e2e_axis_par32_dsp_mixed_stream_mem16_no_board,hgtxr_e2e_axis_par32_dsp_mixed_stream_mem16_no_board,solution_e2e_q4w8a,hgtxr_e2e_output_projection,parsed,hls_csynth_xml,2026-06-26T16:48:56.930853+00:00,hgtxr_e2e_output_projection,generated/hgtxr_e2e_axis_par32_dsp_mixed_stream_mem16_no_board/solution_e2e_q4w8a/syn/report/hgtxr_e2e_output_projection_csynth.xml,True,,False,5.0,3.697,246177,246177,246177,246177,246177,0,64,3119,16227,0,624,1728,460800,230400,96,0.0,3.7037037037037037,0.6768663194444444,7.04296875,0.0,1.230885,True
p0_no_board_report_collection_2026_06_26,NB-P0-00,hgtxr_e2e_axis_par32_dsp_mixed_stream_mem16_no_board,hgtxr_e2e_axis_par32_dsp_mixed_stream_mem16_no_board,solution_e2e_q4w8a,hgtxr_e2e_project_qkv_Pipeline_VITIS_LOOP_863_1,parsed,hls_csynth_xml,2026-06-26T16:48:56.930853+00:00,hgtxr_e2e_project_qkv_Pipeline_VITIS_LOOP_863_1,generated/hgtxr_e2e_axis_par32_dsp_mixed_stream_mem16_no_board/solution_e2e_q4w8a/syn/report/hgtxr_e2e_project_qkv_Pipeline_VITIS_LOOP_863_1_csynth.xml,True,,False,5.0,3.65,579,579,579,579,579,0,0,291,83,0,624,1728,460800,230400,96,0.0,0.0,0.06315104166666667,0.03602430555555555,0.0,0.002895,True
p0_no_board_report_collection_2026_06_26,NB-P0-00,hgtxr_e2e_axis_par32_dsp_mixed_stream_mem16_no_board,hgtxr_e2e_axis_par32_dsp_mixed_stream_mem16_no_board,solution_e2e_q4w8a,hgtxr_e2e_project_qkv_Pipeline_VITIS_LOOP_868_2,parsed,hls_csynth_xml,2026-06-26T16:48:56.930853+00:00,hgtxr_e2e_project_qkv_Pipeline_VITIS_LOOP_868_2,generated/hgtxr_e2e_axis_par32_dsp_mixed_stream_mem16_no_board/solution_e2e_q4w8a/syn/report/hgtxr_e2e_project_qkv_Pipeline_VITIS_LOOP_868_2_csynth.xml,True,,False,5.0,3.65,579,579,579,579,579,0,0,291,83,0,624,1728,460800,230400,96,0.0,0.0,0.06315104166666667,0.03602430555555555,0.0,0.002895,True
p0_no_board_report_collection_2026_06_26,NB-P0-00,hgtxr_e2e_axis_par32_dsp_mixed_stream_mem16_no_board,hgtxr_e2e_axis_par32_dsp_mixed_stream_mem16_no_board,solution_e2e_q4w8a,hgtxr_e2e_project_qkv_Pipeline_VITIS_LOOP_873_3,parsed,hls_csynth_xml,2026-06-26T16:48:56.930853+00:00,hgtxr_e2e_project_qkv_Pipeline_VITIS_LOOP_873_3,generated/hgtxr_e2e_axis_par32_dsp_mixed_stream_mem16_no_board/solution_e2e_q4w8a/syn/report/hgtxr_e2e_project_qkv_Pipeline_VITIS_LOOP_873_3_csynth.xml,True,,False,5.0,3.65,579,579,579,579,579,0,0,291,83,0,624,1728,460800,230400,96,0.0,0.0,0.06315104166666667,0.03602430555555555,0.0,0.002895,True
p0_no_board_report_collection_2026_06_26,NB-P0-00,hgtxr_e2e_axis_par32_dsp_mixed_stream_mem16_no_board,hgtxr_e2e_axis_par32_dsp_mixed_stream_mem16_no_board,solution_e2e_q4w8a,hgtxr_e2e_project_qkv_Pipeline_VITIS_LOOP_895_7,parsed,hls_csynth_xml,2026-06-26T16:48:56.930853+00:00,hgtxr_e2e_project_qkv_Pipeline_VITIS_LOOP_895_7,generated/hgtxr_e2e_axis_par32_dsp_mixed_stream_mem16_no_board/solution_e2e_q4w8a/syn/report/hgtxr_e2e_project_qkv_Pipeline_VITIS_LOOP_895_7_csynth.xml,True,,False,5.0,2.624,196,196,196,196,196,0,192,6168,9034,0,624,1728,460800,230400,96,0.0,11.11111111111111,1.3385416666666667,3.9210069444444446,0.0,0.00098,True
p0_no_board_report_collection_2026_06_26,NB-P0-00,hgtxr_e2e_axis_par32_dsp_mixed_stream_mem16_no_board,hgtxr_e2e_axis_par32_dsp_mixed_stream_mem16_no_board,solution_e2e_q4w8a,hgtxr_e2e_project_qkv,parsed,hls_csynth_xml,2026-06-26T16:48:56.930853+00:00,hgtxr_e2e_project_qkv,generated/hgtxr_e2e_axis_par32_dsp_mixed_stream_mem16_no_board/solution_e2e_q4w8a/syn/report/hgtxr_e2e_project_qkv_csynth.xml,True,,False,5.0,3.65,238536,238536,238536,238536,238536,45,192,8198,20750,0,624,1728,460800,230400,96,7.211538461538462,11.11111111111111,1.7790798611111112,9.00607638888889,0.0,1.19268,True
p0_no_board_report_collection_2026_06_26,NB-P0-00,hgtxr_e2e_axis_par32_dsp_mixed_stream_mem16_no_board,hgtxr_e2e_axis_par32_dsp_mixed_stream_mem16_no_board,solution_e2e_q4w8a,hgtxr_global_buffer_load,parsed,hls_csynth_xml,2026-06-26T16:48:56.930853+00:00,hgtxr_global_buffer_load,generated/hgtxr_e2e_axis_par32_dsp_mixed_stream_mem16_no_board/solution_e2e_q4w8a/syn/report/hgtxr_global_buffer_load_csynth.xml,True,,False,5.0,3.28,49154,49154,49154,49154,49154,0,0,53,264,0,624,1728,460800,230400,96,0.0,0.0,0.011501736111111112,0.11458333333333333,0.0,0.24577,True
p0_no_board_report_collection_2026_06_26,NB-P0-00,hgtxr_e2e_axis_par32_dsp_uram_mem16_no_board,hgtxr_e2e_axis_par32_dsp_uram_mem16_no_board,solution_e2e_q4w8a,hgtxr_axis_read_frame,parsed,hls_csynth_xml,2026-06-26T16:48:56.930853+00:00,hgtxr_axis_read_frame,generated/hgtxr_e2e_axis_par32_dsp_uram_mem16_no_board/solution_e2e_q4w8a/syn/report/hgtxr_axis_read_frame_csynth.xml,True,,False,5.0,2.29,65538,65538,65538,65538,65538,0,0,19,87,0,624,1728,460800,230400,96,0.0,0.0,0.004123263888888889,0.037760416666666664,0.0,0.32769,True
p0_no_board_report_collection_2026_06_26,NB-P0-00,hgtxr_e2e_axis_par32_dsp_uram_mem16_no_board,hgtxr_e2e_axis_par32_dsp_uram_mem16_no_board,solution_e2e_q4w8a,hgtxr_axis_write_state,parsed,hls_csynth_xml,2026-06-26T16:48:56.930853+00:00,hgtxr_axis_write_state,generated/hgtxr_e2e_axis_par32_dsp_uram_mem16_no_board/solution_e2e_q4w8a/syn/report/hgtxr_axis_write_state_csynth.xml,True,,False,5.0,1.527,8,8,8,8,8,0,0,7,81,0,624,1728,460800,230400,96,0.0,0.0,0.0015190972222222222,0.03515625,0.0,4e-05,True
p0_no_board_report_collection_2026_06_26,NB-P0-00,hgtxr_e2e_axis_par32_dsp_uram_mem16_no_board,hgtxr_e2e_axis_par32_dsp_uram_mem16_no_board,solution_e2e_q4w8a,hgtxr_conv_patch_embedding_Pipeline_VITIS_LOOP_658_1_VITIS_LOOP_660_2,parsed,hls_csynth_xml,2026-06-26T16:48:56.930853+00:00,hgtxr_conv_patch_embedding_Pipeline_VITIS_LOOP_658_1_VITIS_LOOP_660_2,generated/hgtxr_e2e_axis_par32_dsp_uram_mem16_no_board/solution_e2e_q4w8a/syn/report/hgtxr_conv_patch_embedding_Pipeline_VITIS_LOOP_658_1_VITIS_LOOP_660_2_csynth.xml,True,,False,5.0,3.28,49154,49154,49154,49154,49154,0,0,36,190,0,624,1728,460800,230400,96,0.0,0.0,0.0078125,0.08246527777777778,0.0,0.24577,True
p0_no_board_report_collection_2026_06_26,NB-P0-00,hgtxr_e2e_axis_par32_dsp_uram_mem16_no_board,hgtxr_e2e_axis_par32_dsp_uram_mem16_no_board,solution_e2e_q4w8a,hgtxr_conv_patch_embedding,parsed,hls_csynth_xml,2026-06-26T16:48:56.930853+00:00,hgtxr_conv_patch_embedding,generated/hgtxr_e2e_axis_par32_dsp_uram_mem16_no_board/solution_e2e_q4w8a/syn/report/hgtxr_conv_patch_embedding_csynth.xml,True,,False,5.0,3.28,87208,87208,87208,87208,87208,0,0,83,1290,0,624,1728,460800,230400,96,0.0,0.0,0.018012152777777776,0.5598958333333334,0.0,0.43604,True
p0_no_board_report_collection_2026_06_26,NB-P0-00,hgtxr_e2e_axis_par32_dsp_uram_mem16_no_board,hgtxr_e2e_axis_par32_dsp_uram_mem16_no_board,solution_e2e_q4w8a,hgtxr_e2e_attention_core_Pipeline_VITIS_LOOP_1027_8,parsed,hls_csynth_xml,2026-06-26T16:48:56.930853+00:00,hgtxr_e2e_attention_core_Pipeline_VITIS_LOOP_1027_8,generated/hgtxr_e2e_axis_par32_dsp_uram_mem16_no_board/solution_e2e_q4w8a/syn/report/hgtxr_e2e_attention_core_Pipeline_VITIS_LOOP_1027_8_csynth.xml,True,,False,5.0,3.443,201,201,201,201,201,0,0,221,450,0,624,1728,460800,230400,96,0.0,0.0,0.04796006944444445,0.1953125,0.0,0.001005,True
p0_no_board_report_collection_2026_06_26,NB-P0-00,hgtxr_e2e_axis_par32_dsp_uram_mem16_no_board,hgtxr_e2e_axis_par32_dsp_uram_mem16_no_board,solution_e2e_q4w8a,hgtxr_e2e_attention_core_Pipeline_VITIS_LOOP_1038_9,parsed,hls_csynth_xml,2026-06-26T16:48:56.930853+00:00,hgtxr_e2e_attention_core_Pipeline_VITIS_LOOP_1038_9,generated/hgtxr_e2e_axis_par32_dsp_uram_mem16_no_board/solution_e2e_q4w8a/syn/report/hgtxr_e2e_attention_core_Pipeline_VITIS_LOOP_1038_9_csynth.xml,True,,False,5.0,2.146,230,230,230,230,230,0,0,2149,1597,0,624,1728,460800,230400,96,0.0,0.0,0.4663628472222222,0.6931423611111112,0.0,0.00115,True
p0_no_board_report_collection_2026_06_26,NB-P0-00,hgtxr_e2e_axis_par32_dsp_uram_mem16_no_board,hgtxr_e2e_axis_par32_dsp_uram_mem16_no_board,solution_e2e_q4w8a,hgtxr_e2e_attention_core_Pipeline_VITIS_LOOP_1053_12,parsed,hls_csynth_xml,2026-06-26T16:48:56.930853+00:00,hgtxr_e2e_attention_core_Pipeline_VITIS_LOOP_1053_12,generated/hgtxr_e2e_axis_par32_dsp_uram_mem16_no_board/solution_e2e_q4w8a/syn/report/hgtxr_e2e_attention_core_Pipeline_VITIS_LOOP_1053_12_csynth.xml,True,,False,5.0,3.282,201,201,201,201,201,0,64,2265,2429,0,624,1728,460800,230400,96,0.0,3.7037037037037037,0.4915364583333333,1.0542534722222223,0.0,0.001005,True
p0_no_board_report_collection_2026_06_26,NB-P0-00,hgtxr_e2e_axis_par32_dsp_uram_mem16_no_board,hgtxr_e2e_axis_par32_dsp_uram_mem16_no_board,solution_e2e_q4w8a,hgtxr_e2e_attention_core_Pipeline_VITIS_LOOP_965_3_VITIS_LOOP_973_5,parsed,hls_csynth_xml,2026-06-26T16:48:56.930853+00:00,hgtxr_e2e_attention_core_Pipeline_VITIS_LOOP_965_3_VITIS_LOOP_973_5,generated/hgtxr_e2e_axis_par32_dsp_uram_mem16_no_board/solution_e2e_q4w8a/syn/report/hgtxr_e2e_attention_core_Pipeline_VITIS_LOOP_965_3_VITIS_LOOP_973_5_csynth.xml,True,,False,5.0,3.569,399,399,399,399,399,0,64,3637,4873,0,624,1728,460800,230400,96,0.0,3.7037037037037037,0.7892795138888888,2.115017361111111,0.0,0.001995,True
p0_no_board_report_collection_2026_06_26,NB-P0-00,hgtxr_e2e_axis_par32_dsp_uram_mem16_no_board,hgtxr_e2e_axis_par32_dsp_uram_mem16_no_board,solution_e2e_q4w8a,hgtxr_e2e_attention_core,parsed,hls_csynth_xml,2026-06-26T16:48:56.930853+00:00,hgtxr_e2e_attention_core,generated/hgtxr_e2e_axis_par32_dsp_uram_mem16_no_board/solution_e2e_q4w8a/syn/report/hgtxr_e2e_attention_core_csynth.xml,True,,False,5.0,3.569,733243,733243,733243,733243,733243,0,128,9184,10255,0,624,1728,460800,230400,96,0.0,7.407407407407407,1.9930555555555556,4.450954861111111,0.0,3.666215,True
p0_no_board_report_collection_2026_06_26,NB-P0-00,hgtxr_e2e_axis_par32_dsp_uram_mem16_no_board,hgtxr_e2e_axis_par32_dsp_uram_mem16_no_board,solution_e2e_q4w8a,hgtxr_e2e_attn_unit_0_s,parsed,hls_csynth_xml,2026-06-26T16:48:56.930853+00:00,hgtxr_e2e_attn_unit_0_s,generated/hgtxr_e2e_axis_par32_dsp_uram_mem16_no_board/solution_e2e_q4w8a/syn/report/hgtxr_e2e_attn_unit_0_s_csynth.xml,True,,False,5.0,3.697,1335583,1335583,1335583,1335583,1335583,45,399,23418,54699,0,624,1728,460800,230400,96,7.211538461538462,23.09027777777778,5.08203125,23.740885416666668,0.0,6.677915,True
p0_no_board_report_collection_2026_06_26,NB-P0-00,hgtxr_e2e_axis_par32_dsp_uram_mem16_no_board,hgtxr_e2e_axis_par32_dsp_uram_mem16_no_board,solution_e2e_q4w8a,hgtxr_e2e_attn_unit_1_s,parsed,hls_csynth_xml,2026-06-26T16:48:56.930853+00:00,hgtxr_e2e_attn_unit_1_s,generated/hgtxr_e2e_axis_par32_dsp_uram_mem16_no_board/solution_e2e_q4w8a/syn/report/hgtxr_e2e_attn_unit_1_s_csynth.xml,True,,False,5.0,3.697,1335583,1335583,1335583,1335583,1335583,45,399,23418,54699,0,624,1728,460800,230400,96,7.211538461538462,23.09027777777778,5.08203125,23.740885416666668,0.0,6.677915,True
p0_no_board_report_collection_2026_06_26,NB-P0-00,hgtxr_e2e_axis_par32_dsp_uram_mem16_no_board,hgtxr_e2e_axis_par32_dsp_uram_mem16_no_board,solution_e2e_q4w8a,hgtxr_e2e_axis_top,parsed,hls_csynth_xml,2026-06-26T16:48:56.930853+00:00,hgtxr_e2e_axis_top,generated/hgtxr_e2e_axis_par32_dsp_uram_mem16_no_board/solution_e2e_q4w8a/syn/report/hgtxr_e2e_axis_top_csynth.xml,True,,False,5.0,3.697,26139644,26139644,26139644,26139645,26139645,124,1148,85947,193546,160,624,1728,460800,230400,96,19.871794871794872,66.43518518518519,18.651692708333332,84.00434027777777,166.66666666666666,130.69822,True
p0_no_board_report_collection_2026_06_26,NB-P0-00,hgtxr_e2e_axis_par32_dsp_uram_mem16_no_board,hgtxr_e2e_axis_par32_dsp_uram_mem16_no_board,solution_e2e_q4w8a,hgtxr_e2e_controller_run,parsed,hls_csynth_xml,2026-06-26T16:48:56.930853+00:00,hgtxr_e2e_controller_run,generated/hgtxr_e2e_axis_par32_dsp_uram_mem16_no_board/solution_e2e_q4w8a/syn/report/hgtxr_e2e_controller_run_csynth.xml,True,,False,5.0,3.697,25927663,25927663,25927663,25927663,25927663,90,1084,78011,177762,128,624,1728,460800,230400,96,14.423076923076923,62.73148148148148,16.92947048611111,77.15364583333333,133.33333333333334,129.638315,True
p0_no_board_report_collection_2026_06_26,NB-P0-00,hgtxr_e2e_axis_par32_dsp_uram_mem16_no_board,hgtxr_e2e_axis_par32_dsp_uram_mem16_no_board,solution_e2e_q4w8a,hgtxr_e2e_layernorm_Pipeline_VITIS_LOOP_793_1,parsed,hls_csynth_xml,2026-06-26T16:48:56.930853+00:00,hgtxr_e2e_layernorm_Pipeline_VITIS_LOOP_793_1,generated/hgtxr_e2e_axis_par32_dsp_uram_mem16_no_board/solution_e2e_q4w8a/syn/report/hgtxr_e2e_layernorm_Pipeline_VITIS_LOOP_793_1_csynth.xml,True,,False,5.0,3.65,16,16,16,16,16,0,0,1816,416,0,624,1728,460800,230400,96,0.0,0.0,0.3940972222222222,0.18055555555555555,0.0,8e-05,True
p0_no_board_report_collection_2026_06_26,NB-P0-00,hgtxr_e2e_axis_par32_dsp_uram_mem16_no_board,hgtxr_e2e_axis_par32_dsp_uram_mem16_no_board,solution_e2e_q4w8a,hgtxr_e2e_layernorm_Pipeline_VITIS_LOOP_803_3,parsed,hls_csynth_xml,2026-06-26T16:48:56.930853+00:00,hgtxr_e2e_layernorm_Pipeline_VITIS_LOOP_803_3,generated/hgtxr_e2e_axis_par32_dsp_uram_mem16_no_board/solution_e2e_q4w8a/syn/report/hgtxr_e2e_layernorm_Pipeline_VITIS_LOOP_803_3_csynth.xml,True,,False,5.0,3.169,194,194,194,194,194,0,0,47,200,0,624,1728,460800,230400,96,0.0,0.0,0.010199652777777778,0.08680555555555555,0.0,0.00097,True
p0_no_board_report_collection_2026_06_26,NB-P0-00,hgtxr_e2e_axis_par32_dsp_uram_mem16_no_board,hgtxr_e2e_axis_par32_dsp_uram_mem16_no_board,solution_e2e_q4w8a,hgtxr_e2e_layernorm_Pipeline_VITIS_LOOP_811_4,parsed,hls_csynth_xml,2026-06-26T16:48:56.930853+00:00,hgtxr_e2e_layernorm_Pipeline_VITIS_LOOP_811_4,generated/hgtxr_e2e_axis_par32_dsp_uram_mem16_no_board/solution_e2e_q4w8a/syn/report/hgtxr_e2e_layernorm_Pipeline_VITIS_LOOP_811_4_csynth.xml,True,,False,5.0,3.58,196,196,196,196,196,0,2,91,258,0,624,1728,460800,230400,96,0.0,0.11574074074074074,0.019748263888888888,0.11197916666666667,0.0,0.00098,True
p0_no_board_report_collection_2026_06_26,NB-P0-00,hgtxr_e2e_axis_par32_dsp_uram_mem16_no_board,hgtxr_e2e_axis_par32_dsp_uram_mem16_no_board,solution_e2e_q4w8a,hgtxr_e2e_layernorm_Pipeline_VITIS_LOOP_820_5,parsed,hls_csynth_xml,2026-06-26T16:48:56.930853+00:00,hgtxr_e2e_layernorm_Pipeline_VITIS_LOOP_820_5,generated/hgtxr_e2e_axis_par32_dsp_uram_mem16_no_board/solution_e2e_q4w8a/syn/report/hgtxr_e2e_layernorm_Pipeline_VITIS_LOOP_820_5_csynth.xml,True,,False,5.0,3.58,197,197,197,197,197,0,4,265,924,0,624,1728,460800,230400,96,0.0,0.23148148148148148,0.05750868055555555,0.4010416666666667,0.0,0.000985,True
p0_no_board_report_collection_2026_06_26,NB-P0-00,hgtxr_e2e_axis_par32_dsp_uram_mem16_no_board,hgtxr_e2e_axis_par32_dsp_uram_mem16_no_board,solution_e2e_q4w8a,hgtxr_e2e_layernorm,parsed,hls_csynth_xml,2026-06-26T16:48:56.930853+00:00,hgtxr_e2e_layernorm,generated/hgtxr_e2e_axis_par32_dsp_uram_mem16_no_board/solution_e2e_q4w8a/syn/report/hgtxr_e2e_layernorm_csynth.xml,True,,False,5.0,3.65,117619,117619,117619,117619,117619,0,15,2750,3160,0,624,1728,460800,230400,96,0.0,0.8680555555555556,0.5967881944444444,1.3715277777777777,0.0,0.588095,True
p0_no_board_report_collection_2026_06_26,NB-P0-00,hgtxr_e2e_axis_par32_dsp_uram_mem16_no_board,hgtxr_e2e_axis_par32_dsp_uram_mem16_no_board,solution_e2e_q4w8a,hgtxr_e2e_mlp_head_Pipeline_VITIS_LOOP_1238_1,parsed,hls_csynth_xml,2026-06-26T16:48:56.930853+00:00,hgtxr_e2e_mlp_head_Pipeline_VITIS_LOOP_1238_1,generated/hgtxr_e2e_axis_par32_dsp_uram_mem16_no_board/solution_e2e_q4w8a/syn/report/hgtxr_e2e_mlp_head_Pipeline_VITIS_LOOP_1238_1_csynth.xml,True,,False,5.0,1.869,194,194,194,194,194,0,0,10,57,0,624,1728,460800,230400,96,0.0,0.0,0.002170138888888889,0.024739583333333332,0.0,0.00097,True
p0_no_board_report_collection_2026_06_26,NB-P0-00,hgtxr_e2e_axis_par32_dsp_uram_mem16_no_board,hgtxr_e2e_axis_par32_dsp_uram_mem16_no_board,solution_e2e_q4w8a,hgtxr_e2e_mlp_head_Pipeline_VITIS_LOOP_1244_2_VITIS_LOOP_1246_3,parsed,hls_csynth_xml,2026-06-26T16:48:56.930853+00:00,hgtxr_e2e_mlp_head_Pipeline_VITIS_LOOP_1244_2_VITIS_LOOP_1246_3,generated/hgtxr_e2e_axis_par32_dsp_uram_mem16_no_board/solution_e2e_q4w8a/syn/report/hgtxr_e2e_mlp_head_Pipeline_VITIS_LOOP_1244_2_VITIS_LOOP_1246_3_csynth.xml,True,,False,5.0,3.691,75267,75267,75267,75267,75267,0,0,333,1437,0,624,1728,460800,230400,96,0.0,0.0,0.072265625,0.6236979166666666,0.0,0.376335,True
p0_no_board_report_collection_2026_06_26,NB-P0-00,hgtxr_e2e_axis_par32_dsp_uram_mem16_no_board,hgtxr_e2e_axis_par32_dsp_uram_mem16_no_board,solution_e2e_q4w8a,hgtxr_e2e_mlp_head_Pipeline_VITIS_LOOP_1261_6,parsed,hls_csynth_xml,2026-06-26T16:48:56.930853+00:00,hgtxr_e2e_mlp_head_Pipeline_VITIS_LOOP_1261_6,generated/hgtxr_e2e_axis_par32_dsp_uram_mem16_no_board/solution_e2e_q4w8a/syn/report/hgtxr_e2e_mlp_head_Pipeline_VITIS_LOOP_1261_6_csynth.xml,True,,False,5.0,3.65,18,18,18,18,18,0,64,4318,4281,0,624,1728,460800,230400,96,0.0,3.7037037037037037,0.9370659722222222,1.8580729166666667,0.0,9e-05,True
p0_no_board_report_collection_2026_06_26,NB-P0-00,hgtxr_e2e_axis_par32_dsp_uram_mem16_no_board,hgtxr_e2e_axis_par32_dsp_uram_mem16_no_board,solution_e2e_q4w8a,hgtxr_e2e_mlp_head,parsed,hls_csynth_xml,2026-06-26T16:48:56.930853+00:00,hgtxr_e2e_mlp_head,generated/hgtxr_e2e_axis_par32_dsp_uram_mem16_no_board/solution_e2e_q4w8a/syn/report/hgtxr_e2e_mlp_head_csynth.xml,True,,False,5.0,3.691,75603,75603,75603,75603,75603,0,64,5328,9850,0,624,1728,460800,230400,96,0.0,3.7037037037037037,1.15625,4.275173611111111,0.0,0.378015,True
p0_no_board_report_collection_2026_06_26,NB-P0-00,hgtxr_e2e_axis_par32_dsp_uram_mem16_no_board,hgtxr_e2e_axis_par32_dsp_uram_mem16_no_board,solution_e2e_q4w8a,hgtxr_e2e_mlp_unit_0_Pipeline_VITIS_LOOP_1156_4,parsed,hls_csynth_xml,2026-06-26T16:48:56.930853+00:00,hgtxr_e2e_mlp_unit_0_Pipeline_VITIS_LOOP_1156_4,generated/hgtxr_e2e_axis_par32_dsp_uram_mem16_no_board/solution_e2e_q4w8a/syn/report/hgtxr_e2e_mlp_unit_0_Pipeline_VITIS_LOOP_1156_4_csynth.xml,True,,False,5.0,3.664,204,204,204,204,204,0,64,5038,5088,0,624,1728,460800,230400,96,0.0,3.7037037037037037,1.0933159722222223,2.2083333333333335,0.0,0.00102,True
p0_no_board_report_collection_2026_06_26,NB-P0-00,hgtxr_e2e_axis_par32_dsp_uram_mem16_no_board,hgtxr_e2e_axis_par32_dsp_uram_mem16_no_board,solution_e2e_q4w8a,hgtxr_e2e_mlp_unit_0_Pipeline_VITIS_LOOP_1183_7_VITIS_LOOP_1191_9,parsed,hls_csynth_xml,2026-06-26T16:48:56.930853+00:00,hgtxr_e2e_mlp_unit_0_Pipeline_VITIS_LOOP_1183_7_VITIS_LOOP_1191_9,generated/hgtxr_e2e_axis_par32_dsp_uram_mem16_no_board/solution_e2e_q4w8a/syn/report/hgtxr_e2e_mlp_unit_0_Pipeline_VITIS_LOOP_1183_7_VITIS_LOOP_1191_9_csynth.xml,True,,False,5.0,3.65,9230,9230,9230,9230,9230,0,64,7144,10658,0,624,1728,460800,230400,96,0.0,3.7037037037037037,1.5503472222222223,4.625868055555555,0.0,0.04615,True
p0_no_board_report_collection_2026_06_26,NB-P0-00,hgtxr_e2e_axis_par32_dsp_uram_mem16_no_board,hgtxr_e2e_axis_par32_dsp_uram_mem16_no_board,solution_e2e_q4w8a,hgtxr_e2e_mlp_unit_0_s,parsed,hls_csynth_xml,2026-06-26T16:48:56.930853+00:00,hgtxr_e2e_mlp_unit_0_s,generated/hgtxr_e2e_axis_par32_dsp_uram_mem16_no_board/solution_e2e_q4w8a/syn/report/hgtxr_e2e_mlp_unit_0_s_csynth.xml,True,,False,5.0,3.664,2985690,2985690,2985690,2985690,2985690,0,143,15577,28120,0,624,1728,460800,230400,96,0.0,8.275462962962964,3.3804253472222223,12.20486111111111,0.0,14.92845,True
p0_no_board_report_collection_2026_06_26,NB-P0-00,hgtxr_e2e_axis_par32_dsp_uram_mem16_no_board,hgtxr_e2e_axis_par32_dsp_uram_mem16_no_board,solution_e2e_q4w8a,hgtxr_e2e_mlp_unit_1_Pipeline_VITIS_LOOP_1156_4,parsed,hls_csynth_xml,2026-06-26T16:48:56.930853+00:00,hgtxr_e2e_mlp_unit_1_Pipeline_VITIS_LOOP_1156_4,generated/hgtxr_e2e_axis_par32_dsp_uram_mem16_no_board/solution_e2e_q4w8a/syn/report/hgtxr_e2e_mlp_unit_1_Pipeline_VITIS_LOOP_1156_4_csynth.xml,True,,False,5.0,3.664,204,204,204,204,204,0,64,5038,5088,0,624,1728,460800,230400,96,0.0,3.7037037037037037,1.0933159722222223,2.2083333333333335,0.0,0.00102,True
p0_no_board_report_collection_2026_06_26,NB-P0-00,hgtxr_e2e_axis_par32_dsp_uram_mem16_no_board,hgtxr_e2e_axis_par32_dsp_uram_mem16_no_board,solution_e2e_q4w8a,hgtxr_e2e_mlp_unit_1_Pipeline_VITIS_LOOP_1183_7_VITIS_LOOP_1191_9,parsed,hls_csynth_xml,2026-06-26T16:48:56.930853+00:00,hgtxr_e2e_mlp_unit_1_Pipeline_VITIS_LOOP_1183_7_VITIS_LOOP_1191_9,generated/hgtxr_e2e_axis_par32_dsp_uram_mem16_no_board/solution_e2e_q4w8a/syn/report/hgtxr_e2e_mlp_unit_1_Pipeline_VITIS_LOOP_1183_7_VITIS_LOOP_1191_9_csynth.xml,True,,False,5.0,3.65,9230,9230,9230,9230,9230,0,64,7144,10658,0,624,1728,460800,230400,96,0.0,3.7037037037037037,1.5503472222222223,4.625868055555555,0.0,0.04615,True
p0_no_board_report_collection_2026_06_26,NB-P0-00,hgtxr_e2e_axis_par32_dsp_uram_mem16_no_board,hgtxr_e2e_axis_par32_dsp_uram_mem16_no_board,solution_e2e_q4w8a,hgtxr_e2e_mlp_unit_1_s,parsed,hls_csynth_xml,2026-06-26T16:48:56.930853+00:00,hgtxr_e2e_mlp_unit_1_s,generated/hgtxr_e2e_axis_par32_dsp_uram_mem16_no_board/solution_e2e_q4w8a/syn/report/hgtxr_e2e_mlp_unit_1_s_csynth.xml,True,,False,5.0,3.664,2985690,2985690,2985690,2985690,2985690,0,143,15577,28120,0,624,1728,460800,230400,96,0.0,8.275462962962964,3.3804253472222223,12.20486111111111,0.0,14.92845,True
p0_no_board_report_collection_2026_06_26,NB-P0-00,hgtxr_e2e_axis_par32_dsp_uram_mem16_no_board,hgtxr_e2e_axis_par32_dsp_uram_mem16_no_board,solution_e2e_q4w8a,hgtxr_e2e_output_projection_Pipeline_VITIS_LOOP_1091_4,parsed,hls_csynth_xml,2026-06-26T16:48:56.930853+00:00,hgtxr_e2e_output_projection_Pipeline_VITIS_LOOP_1091_4,generated/hgtxr_e2e_axis_par32_dsp_uram_mem16_no_board/solution_e2e_q4w8a/syn/report/hgtxr_e2e_output_projection_Pipeline_VITIS_LOOP_1091_4_csynth.xml,True,,False,5.0,3.697,204,204,204,204,204,0,64,2430,11867,0,624,1728,460800,230400,96,0.0,3.7037037037037037,0.52734375,5.150607638888889,0.0,0.00102,True
p0_no_board_report_collection_2026_06_26,NB-P0-00,hgtxr_e2e_axis_par32_dsp_uram_mem16_no_board,hgtxr_e2e_axis_par32_dsp_uram_mem16_no_board,solution_e2e_q4w8a,hgtxr_e2e_output_projection,parsed,hls_csynth_xml,2026-06-26T16:48:56.930853+00:00,hgtxr_e2e_output_projection,generated/hgtxr_e2e_axis_par32_dsp_uram_mem16_no_board/solution_e2e_q4w8a/syn/report/hgtxr_e2e_output_projection_csynth.xml,True,,False,5.0,3.697,246177,246177,246177,246177,246177,0,64,3119,16227,0,624,1728,460800,230400,96,0.0,3.7037037037037037,0.6768663194444444,7.04296875,0.0,1.230885,True
p0_no_board_report_collection_2026_06_26,NB-P0-00,hgtxr_e2e_axis_par32_dsp_uram_mem16_no_board,hgtxr_e2e_axis_par32_dsp_uram_mem16_no_board,solution_e2e_q4w8a,hgtxr_e2e_project_qkv_Pipeline_VITIS_LOOP_863_1,parsed,hls_csynth_xml,2026-06-26T16:48:56.930853+00:00,hgtxr_e2e_project_qkv_Pipeline_VITIS_LOOP_863_1,generated/hgtxr_e2e_axis_par32_dsp_uram_mem16_no_board/solution_e2e_q4w8a/syn/report/hgtxr_e2e_project_qkv_Pipeline_VITIS_LOOP_863_1_csynth.xml,True,,False,5.0,3.65,579,579,579,579,579,0,0,291,83,0,624,1728,460800,230400,96,0.0,0.0,0.06315104166666667,0.03602430555555555,0.0,0.002895,True
p0_no_board_report_collection_2026_06_26,NB-P0-00,hgtxr_e2e_axis_par32_dsp_uram_mem16_no_board,hgtxr_e2e_axis_par32_dsp_uram_mem16_no_board,solution_e2e_q4w8a,hgtxr_e2e_project_qkv_Pipeline_VITIS_LOOP_868_2,parsed,hls_csynth_xml,2026-06-26T16:48:56.930853+00:00,hgtxr_e2e_project_qkv_Pipeline_VITIS_LOOP_868_2,generated/hgtxr_e2e_axis_par32_dsp_uram_mem16_no_board/solution_e2e_q4w8a/syn/report/hgtxr_e2e_project_qkv_Pipeline_VITIS_LOOP_868_2_csynth.xml,True,,False,5.0,3.65,579,579,579,579,579,0,0,291,83,0,624,1728,460800,230400,96,0.0,0.0,0.06315104166666667,0.03602430555555555,0.0,0.002895,True
p0_no_board_report_collection_2026_06_26,NB-P0-00,hgtxr_e2e_axis_par32_dsp_uram_mem16_no_board,hgtxr_e2e_axis_par32_dsp_uram_mem16_no_board,solution_e2e_q4w8a,hgtxr_e2e_project_qkv_Pipeline_VITIS_LOOP_873_3,parsed,hls_csynth_xml,2026-06-26T16:48:56.930853+00:00,hgtxr_e2e_project_qkv_Pipeline_VITIS_LOOP_873_3,generated/hgtxr_e2e_axis_par32_dsp_uram_mem16_no_board/solution_e2e_q4w8a/syn/report/hgtxr_e2e_project_qkv_Pipeline_VITIS_LOOP_873_3_csynth.xml,True,,False,5.0,3.65,579,579,579,579,579,0,0,291,83,0,624,1728,460800,230400,96,0.0,0.0,0.06315104166666667,0.03602430555555555,0.0,0.002895,True
p0_no_board_report_collection_2026_06_26,NB-P0-00,hgtxr_e2e_axis_par32_dsp_uram_mem16_no_board,hgtxr_e2e_axis_par32_dsp_uram_mem16_no_board,solution_e2e_q4w8a,hgtxr_e2e_project_qkv_Pipeline_VITIS_LOOP_895_7,parsed,hls_csynth_xml,2026-06-26T16:48:56.930853+00:00,hgtxr_e2e_project_qkv_Pipeline_VITIS_LOOP_895_7,generated/hgtxr_e2e_axis_par32_dsp_uram_mem16_no_board/solution_e2e_q4w8a/syn/report/hgtxr_e2e_project_qkv_Pipeline_VITIS_LOOP_895_7_csynth.xml,True,,False,5.0,2.624,196,196,196,196,196,0,192,6168,9034,0,624,1728,460800,230400,96,0.0,11.11111111111111,1.3385416666666667,3.9210069444444446,0.0,0.00098,True
p0_no_board_report_collection_2026_06_26,NB-P0-00,hgtxr_e2e_axis_par32_dsp_uram_mem16_no_board,hgtxr_e2e_axis_par32_dsp_uram_mem16_no_board,solution_e2e_q4w8a,hgtxr_e2e_project_qkv,parsed,hls_csynth_xml,2026-06-26T16:48:56.930853+00:00,hgtxr_e2e_project_qkv,generated/hgtxr_e2e_axis_par32_dsp_uram_mem16_no_board/solution_e2e_q4w8a/syn/report/hgtxr_e2e_project_qkv_csynth.xml,True,,False,5.0,3.65,238536,238536,238536,238536,238536,45,192,8198,20750,0,624,1728,460800,230400,96,7.211538461538462,11.11111111111111,1.7790798611111112,9.00607638888889,0.0,1.19268,True
p0_no_board_report_collection_2026_06_26,NB-P0-00,hgtxr_e2e_axis_par32_dsp_uram_mem16_no_board,hgtxr_e2e_axis_par32_dsp_uram_mem16_no_board,solution_e2e_q4w8a,hgtxr_global_buffer_load,parsed,hls_csynth_xml,2026-06-26T16:48:56.930853+00:00,hgtxr_global_buffer_load,generated/hgtxr_e2e_axis_par32_dsp_uram_mem16_no_board/solution_e2e_q4w8a/syn/report/hgtxr_global_buffer_load_csynth.xml,True,,False,5.0,3.28,49154,49154,49154,49154,49154,0,0,53,264,0,624,1728,460800,230400,96,0.0,0.0,0.011501736111111112,0.11458333333333333,0.0,0.24577,True
p0_no_board_report_collection_2026_06_26,NB-P0-00,hgtxr_e2e_axis_vref_p0_softmax_input_x2_csynth,hgtxr_e2e_axis_vref_p0_softmax_input_x2_csynth,solution_e2e_q4w8a,hgtxr_axis_read_frame,parsed,hls_csynth_xml,2026-06-26T16:48:56.930853+00:00,hgtxr_axis_read_frame,generated/hgtxr_e2e_axis_vref_p0_softmax_input_x2_csynth/solution_e2e_q4w8a/syn/report/hgtxr_axis_read_frame_csynth.xml,True,,False,5.0,2.29,65538,65538,65538,65538,65538,0,0,19,87,0,624,1728,460800,230400,96,0.0,0.0,0.004123263888888889,0.037760416666666664,0.0,0.32769,True
p0_no_board_report_collection_2026_06_26,NB-P0-00,hgtxr_e2e_axis_vref_p0_softmax_input_x2_csynth,hgtxr_e2e_axis_vref_p0_softmax_input_x2_csynth,solution_e2e_q4w8a,hgtxr_axis_write_state,parsed,hls_csynth_xml,2026-06-26T16:48:56.930853+00:00,hgtxr_axis_write_state,generated/hgtxr_e2e_axis_vref_p0_softmax_input_x2_csynth/solution_e2e_q4w8a/syn/report/hgtxr_axis_write_state_csynth.xml,True,,False,5.0,1.527,8,8,8,8,8,0,0,7,81,0,624,1728,460800,230400,96,0.0,0.0,0.0015190972222222222,0.03515625,0.0,4e-05,True
p0_no_board_report_collection_2026_06_26,NB-P0-00,hgtxr_e2e_axis_vref_p0_softmax_input_x2_csynth,hgtxr_e2e_axis_vref_p0_softmax_input_x2_csynth,solution_e2e_q4w8a,hgtxr_conv_patch_embedding_Pipeline_VITIS_LOOP_642_1_VITIS_LOOP_644_2,parsed,hls_csynth_xml,2026-06-26T16:48:56.930853+00:00,hgtxr_conv_patch_embedding_Pipeline_VITIS_LOOP_642_1_VITIS_LOOP_644_2,generated/hgtxr_e2e_axis_vref_p0_softmax_input_x2_csynth/solution_e2e_q4w8a/syn/report/hgtxr_conv_patch_embedding_Pipeline_VITIS_LOOP_642_1_VITIS_LOOP_644_2_csynth.xml,True,,False,5.0,3.235,49154,49154,49154,49154,49154,0,0,36,190,0,624,1728,460800,230400,96,0.0,0.0,0.0078125,0.08246527777777778,0.0,0.24577,True
p0_no_board_report_collection_2026_06_26,NB-P0-00,hgtxr_e2e_axis_vref_p0_softmax_input_x2_csynth,hgtxr_e2e_axis_vref_p0_softmax_input_x2_csynth,solution_e2e_q4w8a,hgtxr_conv_patch_embedding,parsed,hls_csynth_xml,2026-06-26T16:48:56.930853+00:00,hgtxr_conv_patch_embedding,generated/hgtxr_e2e_axis_vref_p0_softmax_input_x2_csynth/solution_e2e_q4w8a/syn/report/hgtxr_conv_patch_embedding_csynth.xml,True,,False,5.0,3.235,52260,52260,52260,52260,52260,0,0,68,774,0,624,1728,460800,230400,96,0.0,0.0,0.014756944444444444,0.3359375,0.0,0.2613,True
p0_no_board_report_collection_2026_06_26,NB-P0-00,hgtxr_e2e_axis_vref_p0_softmax_input_x2_csynth,hgtxr_e2e_axis_vref_p0_softmax_input_x2_csynth,solution_e2e_q4w8a,hgtxr_e2e_attention_core_Pipeline_VITIS_LOOP_1001_9,parsed,hls_csynth_xml,2026-06-26T16:48:56.930853+00:00,hgtxr_e2e_attention_core_Pipeline_VITIS_LOOP_1001_9,generated/hgtxr_e2e_axis_vref_p0_softmax_input_x2_csynth/solution_e2e_q4w8a/syn/report/hgtxr_e2e_attention_core_Pipeline_VITIS_LOOP_1001_9_csynth.xml,True,,False,5.0,3.584,19,19,19,19,19,0,0,31,225,0,624,1728,460800,230400,96,0.0,0.0,0.006727430555555556,0.09765625,0.0,9.5e-05,True
p0_no_board_report_collection_2026_06_26,NB-P0-00,hgtxr_e2e_axis_vref_p0_softmax_input_x2_csynth,hgtxr_e2e_axis_vref_p0_softmax_input_x2_csynth,solution_e2e_q4w8a,hgtxr_e2e_attention_core_Pipeline_VITIS_LOOP_1029_10_VITIS_LOOP_1037_12,parsed,hls_csynth_xml,2026-06-26T16:48:56.930853+00:00,hgtxr_e2e_attention_core_Pipeline_VITIS_LOOP_1029_10_VITIS_LOOP_1037_12,generated/hgtxr_e2e_axis_vref_p0_softmax_input_x2_csynth/solution_e2e_q4w8a/syn/report/hgtxr_e2e_attention_core_Pipeline_VITIS_LOOP_1029_10_VITIS_LOOP_1037_12_csynth.xml,True,,False,5.0,3.221,133,133,133,133,133,0,16,937,1136,0,624,1728,460800,230400,96,0.0,0.9259259259259259,0.2033420138888889,0.4930555555555556,0.0,0.000665,True
p0_no_board_report_collection_2026_06_26,NB-P0-00,hgtxr_e2e_axis_vref_p0_softmax_input_x2_csynth,hgtxr_e2e_axis_vref_p0_softmax_input_x2_csynth,solution_e2e_q4w8a,hgtxr_e2e_attention_core_Pipeline_VITIS_LOOP_983_8,parsed,hls_csynth_xml,2026-06-26T16:48:56.930853+00:00,hgtxr_e2e_attention_core_Pipeline_VITIS_LOOP_983_8,generated/hgtxr_e2e_axis_vref_p0_softmax_input_x2_csynth/solution_e2e_q4w8a/syn/report/hgtxr_e2e_attention_core_Pipeline_VITIS_LOOP_983_8_csynth.xml,True,,False,5.0,1.893,18,18,18,18,18,0,0,7,52,0,624,1728,460800,230400,96,0.0,0.0,0.0015190972222222222,0.022569444444444444,0.0,9e-05,True
p0_no_board_report_collection_2026_06_26,NB-P0-00,hgtxr_e2e_axis_vref_p0_softmax_input_x2_csynth,hgtxr_e2e_axis_vref_p0_softmax_input_x2_csynth,solution_e2e_q4w8a,hgtxr_e2e_attention_core,parsed,hls_csynth_xml,2026-06-26T16:48:56.930853+00:00,hgtxr_e2e_attention_core,generated/hgtxr_e2e_axis_vref_p0_softmax_input_x2_csynth/solution_e2e_q4w8a/syn/report/hgtxr_e2e_attention_core_csynth.xml,True,,False,5.0,3.584,8449,8449,8449,8449,8449,0,16,1050,1628,0,624,1728,460800,230400,96,0.0,0.9259259259259259,0.22786458333333334,0.7065972222222222,0.0,0.042245,True
p0_no_board_report_collection_2026_06_26,NB-P0-00,hgtxr_e2e_axis_vref_p0_softmax_input_x2_csynth,hgtxr_e2e_axis_vref_p0_softmax_input_x2_csynth,solution_e2e_q4w8a,hgtxr_e2e_attn_unit_0_s,parsed,hls_csynth_xml,2026-06-26T16:48:56.930853+00:00,hgtxr_e2e_attn_unit_0_s,generated/hgtxr_e2e_axis_vref_p0_softmax_input_x2_csynth/solution_e2e_q4w8a/syn/report/hgtxr_e2e_attn_unit_0_s_csynth.xml,True,,False,5.0,3.65,166954,166954,166954,166954,166954,15,48,4932,11513,0,624,1728,460800,230400,96,2.4038461538461537,2.7777777777777777,1.0703125,4.996961805555555,0.0,0.83477,True
p0_no_board_report_collection_2026_06_26,NB-P0-00,hgtxr_e2e_axis_vref_p0_softmax_input_x2_csynth,hgtxr_e2e_axis_vref_p0_softmax_input_x2_csynth,solution_e2e_q4w8a,hgtxr_e2e_attn_unit_1_s,parsed,hls_csynth_xml,2026-06-26T16:48:56.930853+00:00,hgtxr_e2e_attn_unit_1_s,generated/hgtxr_e2e_axis_vref_p0_softmax_input_x2_csynth/solution_e2e_q4w8a/syn/report/hgtxr_e2e_attn_unit_1_s_csynth.xml,True,,False,5.0,3.65,166954,166954,166954,166954,166954,15,48,4964,11597,0,624,1728,460800,230400,96,2.4038461538461537,2.7777777777777777,1.0772569444444444,5.033420138888889,0.0,0.83477,True
p0_no_board_report_collection_2026_06_26,NB-P0-00,hgtxr_e2e_axis_vref_p0_softmax_input_x2_csynth,hgtxr_e2e_axis_vref_p0_softmax_input_x2_csynth,solution_e2e_q4w8a,hgtxr_e2e_axis_top,parsed,hls_csynth_xml,2026-06-26T16:48:56.930853+00:00,hgtxr_e2e_axis_top,generated/hgtxr_e2e_axis_vref_p0_softmax_input_x2_csynth/solution_e2e_q4w8a/syn/report/hgtxr_e2e_axis_top_csynth.xml,True,,False,5.0,4.069,498485,498485,498485,498486,498486,64,128,19664,43236,88,624,1728,460800,230400,96,10.256410256410257,7.407407407407407,4.267361111111111,18.765625,91.66666666666667,2.492425,True
p0_no_board_report_collection_2026_06_26,NB-P0-00,hgtxr_e2e_axis_vref_p0_softmax_input_x2_csynth,hgtxr_e2e_axis_vref_p0_softmax_input_x2_csynth,solution_e2e_q4w8a,hgtxr_e2e_controller_run,parsed,hls_csynth_xml,2026-06-26T16:48:56.930853+00:00,hgtxr_e2e_controller_run,generated/hgtxr_e2e_axis_vref_p0_softmax_input_x2_csynth/solution_e2e_q4w8a/syn/report/hgtxr_e2e_controller_run_csynth.xml,True,,False,5.0,4.069,377193,377193,377193,377193,377193,30,112,15305,35783,56,624,1728,460800,230400,96,4.8076923076923075,6.481481481481482,3.3213975694444446,15.530815972222221,58.333333333333336,1.885965,True
p0_no_board_report_collection_2026_06_26,NB-P0-00,hgtxr_e2e_axis_vref_p0_softmax_input_x2_csynth,hgtxr_e2e_axis_vref_p0_softmax_input_x2_csynth,solution_e2e_q4w8a,hgtxr_e2e_layernorm_Pipeline_VITIS_LOOP_712_1,parsed,hls_csynth_xml,2026-06-26T16:48:56.930853+00:00,hgtxr_e2e_layernorm_Pipeline_VITIS_LOOP_712_1,generated/hgtxr_e2e_axis_vref_p0_softmax_input_x2_csynth/solution_e2e_q4w8a/syn/report/hgtxr_e2e_layernorm_Pipeline_VITIS_LOOP_712_1_csynth.xml,True,,False,5.0,3.65,5,5,5,5,5,0,0,775,67,0,624,1728,460800,230400,96,0.0,0.0,0.1681857638888889,0.029079861111111112,0.0,2.5e-05,True
p0_no_board_report_collection_2026_06_26,NB-P0-00,hgtxr_e2e_axis_vref_p0_softmax_input_x2_csynth,hgtxr_e2e_axis_vref_p0_softmax_input_x2_csynth,solution_e2e_q4w8a,hgtxr_e2e_layernorm_Pipeline_VITIS_LOOP_719_2_VITIS_LOOP_746_5,parsed,hls_csynth_xml,2026-06-26T16:48:56.930853+00:00,hgtxr_e2e_layernorm_Pipeline_VITIS_LOOP_719_2_VITIS_LOOP_746_5,generated/hgtxr_e2e_axis_vref_p0_softmax_input_x2_csynth/solution_e2e_q4w8a/syn/report/hgtxr_e2e_layernorm_Pipeline_VITIS_LOOP_719_2_VITIS_LOOP_746_5_csynth.xml,True,,False,5.0,3.201,3075,3075,3075,3075,3075,0,0,63,639,0,624,1728,460800,230400,96,0.0,0.0,0.013671875,0.27734375,0.0,0.015375,True
p0_no_board_report_collection_2026_06_26,NB-P0-00,hgtxr_e2e_axis_vref_p0_softmax_input_x2_csynth,hgtxr_e2e_axis_vref_p0_softmax_input_x2_csynth,solution_e2e_q4w8a,hgtxr_e2e_layernorm,parsed,hls_csynth_xml,2026-06-26T16:48:56.930853+00:00,hgtxr_e2e_layernorm,generated/hgtxr_e2e_axis_vref_p0_softmax_input_x2_csynth/solution_e2e_q4w8a/syn/report/hgtxr_e2e_layernorm_csynth.xml,True,,False,5.0,3.65,3092,3092,3092,3092,3092,0,0,912,983,0,624,1728,460800,230400,96,0.0,0.0,0.19791666666666666,0.4266493055555556,0.0,0.01546,True
p0_no_board_report_collection_2026_06_26,NB-P0-00,hgtxr_e2e_axis_vref_p0_softmax_input_x2_csynth,hgtxr_e2e_axis_vref_p0_softmax_input_x2_csynth,solution_e2e_q4w8a,hgtxr_e2e_mlp_head_Pipeline_VITIS_LOOP_1222_1,parsed,hls_csynth_xml,2026-06-26T16:48:56.930853+00:00,hgtxr_e2e_mlp_head_Pipeline_VITIS_LOOP_1222_1,generated/hgtxr_e2e_axis_vref_p0_softmax_input_x2_csynth/solution_e2e_q4w8a/syn/report/hgtxr_e2e_mlp_head_Pipeline_VITIS_LOOP_1222_1_csynth.xml,True,,False,5.0,1.869,194,194,194,194,194,0,0,10,57,0,624,1728,460800,230400,96,0.0,0.0,0.002170138888888889,0.024739583333333332,0.0,0.00097,True
p0_no_board_report_collection_2026_06_26,NB-P0-00,hgtxr_e2e_axis_vref_p0_softmax_input_x2_csynth,hgtxr_e2e_axis_vref_p0_softmax_input_x2_csynth,solution_e2e_q4w8a,hgtxr_e2e_mlp_head_Pipeline_VITIS_LOOP_1228_2_VITIS_LOOP_1230_3,parsed,hls_csynth_xml,2026-06-26T16:48:56.930853+00:00,hgtxr_e2e_mlp_head_Pipeline_VITIS_LOOP_1228_2_VITIS_LOOP_1230_3,generated/hgtxr_e2e_axis_vref_p0_softmax_input_x2_csynth/solution_e2e_q4w8a/syn/report/hgtxr_e2e_mlp_head_Pipeline_VITIS_LOOP_1228_2_VITIS_LOOP_1230_3_csynth.xml,True,,False,5.0,2.84,6146,6146,6146,6146,6146,0,0,97,334,0,624,1728,460800,230400,96,0.0,0.0,0.021050347222222224,0.1449652777777778,0.0,0.03073,True
p0_no_board_report_collection_2026_06_26,NB-P0-00,hgtxr_e2e_axis_vref_p0_softmax_input_x2_csynth,hgtxr_e2e_axis_vref_p0_softmax_input_x2_csynth,solution_e2e_q4w8a,hgtxr_e2e_mlp_head_Pipeline_VITIS_LOOP_1245_6,parsed,hls_csynth_xml,2026-06-26T16:48:56.930853+00:00,hgtxr_e2e_mlp_head_Pipeline_VITIS_LOOP_1245_6,generated/hgtxr_e2e_axis_vref_p0_softmax_input_x2_csynth/solution_e2e_q4w8a/syn/report/hgtxr_e2e_mlp_head_Pipeline_VITIS_LOOP_1245_6_csynth.xml,True,,False,5.0,3.65,36,36,36,36,36,0,16,1472,1556,0,624,1728,460800,230400,96,0.0,0.9259259259259259,0.3194444444444444,0.6753472222222222,0.0,0.00018,True
p0_no_board_report_collection_2026_06_26,NB-P0-00,hgtxr_e2e_axis_vref_p0_softmax_input_x2_csynth,hgtxr_e2e_axis_vref_p0_softmax_input_x2_csynth,solution_e2e_q4w8a,hgtxr_e2e_mlp_head,parsed,hls_csynth_xml,2026-06-26T16:48:56.930853+00:00,hgtxr_e2e_mlp_head,generated/hgtxr_e2e_axis_vref_p0_softmax_input_x2_csynth/solution_e2e_q4w8a/syn/report/hgtxr_e2e_mlp_head_csynth.xml,True,,False,5.0,3.65,6584,6584,6584,6584,6584,0,16,1766,3097,0,624,1728,460800,230400,96,0.0,0.9259259259259259,0.3832465277777778,1.3441840277777777,0.0,0.03292,True
p0_no_board_report_collection_2026_06_26,NB-P0-00,hgtxr_e2e_axis_vref_p0_softmax_input_x2_csynth,hgtxr_e2e_axis_vref_p0_softmax_input_x2_csynth,solution_e2e_q4w8a,hgtxr_e2e_mlp_unit_0_Pipeline_VITIS_LOOP_1175_9,parsed,hls_csynth_xml,2026-06-26T16:48:56.930853+00:00,hgtxr_e2e_mlp_unit_0_Pipeline_VITIS_LOOP_1175_9,generated/hgtxr_e2e_axis_vref_p0_softmax_input_x2_csynth/solution_e2e_q4w8a/syn/report/hgtxr_e2e_mlp_unit_0_Pipeline_VITIS_LOOP_1175_9_csynth.xml,True,,False,5.0,3.727,44,44,44,44,44,0,8,1541,1644,0,624,1728,460800,230400,96,0.0,0.46296296296296297,0.3344184027777778,0.7135416666666666,0.0,0.00022,True
p0_no_board_report_collection_2026_06_26,NB-P0-00,hgtxr_e2e_axis_vref_p0_softmax_input_x2_csynth,hgtxr_e2e_axis_vref_p0_softmax_input_x2_csynth,solution_e2e_q4w8a,hgtxr_e2e_mlp_unit_0_s,parsed,hls_csynth_xml,2026-06-26T16:48:56.930853+00:00,hgtxr_e2e_mlp_unit_0_s,generated/hgtxr_e2e_axis_vref_p0_softmax_input_x2_csynth/solution_e2e_q4w8a/syn/report/hgtxr_e2e_mlp_unit_0_s_csynth.xml,True,,False,5.0,3.727,21638,21638,21638,21638,21638,0,8,2689,3926,0,624,1728,460800,230400,96,0.0,0.46296296296296297,0.5835503472222222,1.7039930555555556,0.0,0.10819,True
p0_no_board_report_collection_2026_06_26,NB-P0-00,hgtxr_e2e_axis_vref_p0_softmax_input_x2_csynth,hgtxr_e2e_axis_vref_p0_softmax_input_x2_csynth,solution_e2e_q4w8a,hgtxr_e2e_mlp_unit_1_Pipeline_VITIS_LOOP_1175_9,parsed,hls_csynth_xml,2026-06-26T16:48:56.930853+00:00,hgtxr_e2e_mlp_unit_1_Pipeline_VITIS_LOOP_1175_9,generated/hgtxr_e2e_axis_vref_p0_softmax_input_x2_csynth/solution_e2e_q4w8a/syn/report/hgtxr_e2e_mlp_unit_1_Pipeline_VITIS_LOOP_1175_9_csynth.xml,True,,False,5.0,4.069,44,44,44,44,44,0,8,1541,1692,0,624,1728,460800,230400,96,0.0,0.46296296296296297,0.3344184027777778,0.734375,0.0,0.00022,True
p0_no_board_report_collection_2026_06_26,NB-P0-00,hgtxr_e2e_axis_vref_p0_softmax_input_x2_csynth,hgtxr_e2e_axis_vref_p0_softmax_input_x2_csynth,solution_e2e_q4w8a,hgtxr_e2e_mlp_unit_1_s,parsed,hls_csynth_xml,2026-06-26T16:48:56.930853+00:00,hgtxr_e2e_mlp_unit_1_s,generated/hgtxr_e2e_axis_vref_p0_softmax_input_x2_csynth/solution_e2e_q4w8a/syn/report/hgtxr_e2e_mlp_unit_1_s_csynth.xml,True,,False,5.0,4.069,21638,21638,21638,21638,21638,0,8,2703,4007,0,624,1728,460800,230400,96,0.0,0.46296296296296297,0.5865885416666666,1.7391493055555556,0.0,0.10819,True
p0_no_board_report_collection_2026_06_26,NB-P0-00,hgtxr_e2e_axis_vref_p0_softmax_input_x2_csynth,hgtxr_e2e_axis_vref_p0_softmax_input_x2_csynth,solution_e2e_q4w8a,hgtxr_e2e_output_projection_Pipeline_VITIS_LOOP_1075_4,parsed,hls_csynth_xml,2026-06-26T16:48:56.930853+00:00,hgtxr_e2e_output_projection_Pipeline_VITIS_LOOP_1075_4,generated/hgtxr_e2e_axis_vref_p0_softmax_input_x2_csynth/solution_e2e_q4w8a/syn/report/hgtxr_e2e_output_projection_Pipeline_VITIS_LOOP_1075_4_csynth.xml,True,,False,5.0,3.65,204,204,204,204,204,0,16,1053,3267,0,624,1728,460800,230400,96,0.0,0.9259259259259259,0.228515625,1.41796875,0.0,0.00102,True
p0_no_board_report_collection_2026_06_26,NB-P0-00,hgtxr_e2e_axis_vref_p0_softmax_input_x2_csynth,hgtxr_e2e_axis_vref_p0_softmax_input_x2_csynth,solution_e2e_q4w8a,hgtxr_e2e_output_projection,parsed,hls_csynth_xml,2026-06-26T16:48:56.930853+00:00,hgtxr_e2e_output_projection,generated/hgtxr_e2e_axis_vref_p0_softmax_input_x2_csynth/solution_e2e_q4w8a/syn/report/hgtxr_e2e_output_projection_csynth.xml,True,,False,5.0,3.65,79905,79905,79905,79905,79905,0,16,1283,4304,0,624,1728,460800,230400,96,0.0,0.9259259259259259,0.2784288194444444,1.8680555555555556,0.0,0.399525,True
p0_no_board_report_collection_2026_06_26,NB-P0-00,hgtxr_e2e_axis_vref_p0_softmax_input_x2_csynth,hgtxr_e2e_axis_vref_p0_softmax_input_x2_csynth,solution_e2e_q4w8a,hgtxr_e2e_project_qkv_Pipeline_VITIS_LOOP_847_1,parsed,hls_csynth_xml,2026-06-26T16:48:56.930853+00:00,hgtxr_e2e_project_qkv_Pipeline_VITIS_LOOP_847_1,generated/hgtxr_e2e_axis_vref_p0_softmax_input_x2_csynth/solution_e2e_q4w8a/syn/report/hgtxr_e2e_project_qkv_Pipeline_VITIS_LOOP_847_1_csynth.xml,True,,False,5.0,3.65,578,578,578,578,578,0,0,13,83,0,624,1728,460800,230400,96,0.0,0.0,0.0028211805555555555,0.03602430555555555,0.0,0.00289,True
p0_no_board_report_collection_2026_06_26,NB-P0-00,hgtxr_e2e_axis_vref_p0_softmax_input_x2_csynth,hgtxr_e2e_axis_vref_p0_softmax_input_x2_csynth,solution_e2e_q4w8a,hgtxr_e2e_project_qkv_Pipeline_VITIS_LOOP_852_2,parsed,hls_csynth_xml,2026-06-26T16:48:56.930853+00:00,hgtxr_e2e_project_qkv_Pipeline_VITIS_LOOP_852_2,generated/hgtxr_e2e_axis_vref_p0_softmax_input_x2_csynth/solution_e2e_q4w8a/syn/report/hgtxr_e2e_project_qkv_Pipeline_VITIS_LOOP_852_2_csynth.xml,True,,False,5.0,3.65,578,578,578,578,578,0,0,13,83,0,624,1728,460800,230400,96,0.0,0.0,0.0028211805555555555,0.03602430555555555,0.0,0.00289,True
p0_no_board_report_collection_2026_06_26,NB-P0-00,hgtxr_e2e_axis_vref_p0_softmax_input_x2_csynth,hgtxr_e2e_axis_vref_p0_softmax_input_x2_csynth,solution_e2e_q4w8a,hgtxr_e2e_project_qkv_Pipeline_VITIS_LOOP_857_3,parsed,hls_csynth_xml,2026-06-26T16:48:56.930853+00:00,hgtxr_e2e_project_qkv_Pipeline_VITIS_LOOP_857_3,generated/hgtxr_e2e_axis_vref_p0_softmax_input_x2_csynth/solution_e2e_q4w8a/syn/report/hgtxr_e2e_project_qkv_Pipeline_VITIS_LOOP_857_3_csynth.xml,True,,False,5.0,3.65,579,579,579,579,579,0,0,291,83,0,624,1728,460800,230400,96,0.0,0.0,0.06315104166666667,0.03602430555555555,0.0,0.002895,True
p0_no_board_report_collection_2026_06_26,NB-P0-00,hgtxr_e2e_axis_vref_p0_softmax_input_x2_csynth,hgtxr_e2e_axis_vref_p0_softmax_input_x2_csynth,solution_e2e_q4w8a,hgtxr_e2e_project_qkv_Pipeline_VITIS_LOOP_863_4_VITIS_LOOP_865_5_VITIS_LOOP_879_s,parsed,hls_csynth_xml,2026-06-26T16:48:56.930853+00:00,hgtxr_e2e_project_qkv_Pipeline_VITIS_LOOP_863_4_VITIS_LOOP_865_5_VITIS_LOOP_879_s,generated/hgtxr_e2e_axis_vref_p0_softmax_input_x2_csynth/solution_e2e_q4w8a/syn/report/hgtxr_e2e_project_qkv_Pipeline_VITIS_LOOP_863_4_VITIS_LOOP_865_5_VITIS_LOOP_879_s_csynth.xml,True,,False,5.0,3.49,73734,73734,73734,73734,73734,0,16,1144,2699,0,624,1728,460800,230400,96,0.0,0.9259259259259259,0.2482638888888889,1.1714409722222223,0.0,0.36867,True
p0_no_board_report_collection_2026_06_26,NB-P0-00,hgtxr_e2e_axis_vref_p0_softmax_input_x2_csynth,hgtxr_e2e_axis_vref_p0_softmax_input_x2_csynth,solution_e2e_q4w8a,hgtxr_e2e_project_qkv,parsed,hls_csynth_xml,2026-06-26T16:48:56.930853+00:00,hgtxr_e2e_project_qkv,generated/hgtxr_e2e_axis_vref_p0_softmax_input_x2_csynth/solution_e2e_q4w8a/syn/report/hgtxr_e2e_project_qkv_csynth.xml,True,,False,5.0,3.65,75501,75501,75501,75501,75501,15,16,1675,3641,0,624,1728,460800,230400,96,2.4038461538461537,0.9259259259259259,0.3634982638888889,1.5802951388888888,0.0,0.377505,True
p0_no_board_report_collection_2026_06_26,NB-P0-00,hgtxr_e2e_axis_vref_p0_softmax_input_x2_csynth,hgtxr_e2e_axis_vref_p0_softmax_input_x2_csynth,solution_e2e_q4w8a,hgtxr_global_buffer_load,parsed,hls_csynth_xml,2026-06-26T16:48:56.930853+00:00,hgtxr_global_buffer_load,generated/hgtxr_e2e_axis_vref_p0_softmax_input_x2_csynth/solution_e2e_q4w8a/syn/report/hgtxr_global_buffer_load_csynth.xml,True,,False,5.0,3.235,49154,49154,49154,49154,49154,0,0,53,242,0,624,1728,460800,230400,96,0.0,0.0,0.011501736111111112,0.10503472222222222,0.0,0.24577,True
p0_no_board_report_collection_2026_06_26,NB-P0-00,hgtxr_e2e_axis_vref_p0_softmax_input_x2_dsp_mixed_stream_csynth,hgtxr_e2e_axis_vref_p0_softmax_input_x2_dsp_mixed_stream_csynth,solution_e2e_q4w8a,hgtxr_axis_read_frame,parsed,hls_csynth_xml,2026-06-26T16:48:56.930853+00:00,hgtxr_axis_read_frame,generated/hgtxr_e2e_axis_vref_p0_softmax_input_x2_dsp_mixed_stream_csynth/solution_e2e_q4w8a/syn/report/hgtxr_axis_read_frame_csynth.xml,True,,False,5.0,2.29,65538,65538,65538,65538,65538,0,0,19,87,0,624,1728,460800,230400,96,0.0,0.0,0.004123263888888889,0.037760416666666664,0.0,0.32769,True
p0_no_board_report_collection_2026_06_26,NB-P0-00,hgtxr_e2e_axis_vref_p0_softmax_input_x2_dsp_mixed_stream_csynth,hgtxr_e2e_axis_vref_p0_softmax_input_x2_dsp_mixed_stream_csynth,solution_e2e_q4w8a,hgtxr_axis_write_state,parsed,hls_csynth_xml,2026-06-26T16:48:56.930853+00:00,hgtxr_axis_write_state,generated/hgtxr_e2e_axis_vref_p0_softmax_input_x2_dsp_mixed_stream_csynth/solution_e2e_q4w8a/syn/report/hgtxr_axis_write_state_csynth.xml,True,,False,5.0,1.527,8,8,8,8,8,0,0,7,81,0,624,1728,460800,230400,96,0.0,0.0,0.0015190972222222222,0.03515625,0.0,4e-05,True
p0_no_board_report_collection_2026_06_26,NB-P0-00,hgtxr_e2e_axis_vref_p0_softmax_input_x2_dsp_mixed_stream_csynth,hgtxr_e2e_axis_vref_p0_softmax_input_x2_dsp_mixed_stream_csynth,solution_e2e_q4w8a,hgtxr_conv_patch_embedding_Pipeline_VITIS_LOOP_642_1_VITIS_LOOP_644_2,parsed,hls_csynth_xml,2026-06-26T16:48:56.930853+00:00,hgtxr_conv_patch_embedding_Pipeline_VITIS_LOOP_642_1_VITIS_LOOP_644_2,generated/hgtxr_e2e_axis_vref_p0_softmax_input_x2_dsp_mixed_stream_csynth/solution_e2e_q4w8a/syn/report/hgtxr_conv_patch_embedding_Pipeline_VITIS_LOOP_642_1_VITIS_LOOP_644_2_csynth.xml,True,,False,5.0,3.235,49154,49154,49154,49154,49154,0,0,36,190,0,624,1728,460800,230400,96,0.0,0.0,0.0078125,0.08246527777777778,0.0,0.24577,True
p0_no_board_report_collection_2026_06_26,NB-P0-00,hgtxr_e2e_axis_vref_p0_softmax_input_x2_dsp_mixed_stream_csynth,hgtxr_e2e_axis_vref_p0_softmax_input_x2_dsp_mixed_stream_csynth,solution_e2e_q4w8a,hgtxr_conv_patch_embedding,parsed,hls_csynth_xml,2026-06-26T16:48:56.930853+00:00,hgtxr_conv_patch_embedding,generated/hgtxr_e2e_axis_vref_p0_softmax_input_x2_dsp_mixed_stream_csynth/solution_e2e_q4w8a/syn/report/hgtxr_conv_patch_embedding_csynth.xml,True,,False,5.0,3.235,52260,52260,52260,52260,52260,0,0,68,774,0,624,1728,460800,230400,96,0.0,0.0,0.014756944444444444,0.3359375,0.0,0.2613,True
p0_no_board_report_collection_2026_06_26,NB-P0-00,hgtxr_e2e_axis_vref_p0_softmax_input_x2_dsp_mixed_stream_csynth,hgtxr_e2e_axis_vref_p0_softmax_input_x2_dsp_mixed_stream_csynth,solution_e2e_q4w8a,hgtxr_e2e_attention_core_Pipeline_VITIS_LOOP_1001_9,parsed,hls_csynth_xml,2026-06-26T16:48:56.930853+00:00,hgtxr_e2e_attention_core_Pipeline_VITIS_LOOP_1001_9,generated/hgtxr_e2e_axis_vref_p0_softmax_input_x2_dsp_mixed_stream_csynth/solution_e2e_q4w8a/syn/report/hgtxr_e2e_attention_core_Pipeline_VITIS_LOOP_1001_9_csynth.xml,True,,False,5.0,3.584,19,19,19,19,19,0,0,31,225,0,624,1728,460800,230400,96,0.0,0.0,0.006727430555555556,0.09765625,0.0,9.5e-05,True
p0_no_board_report_collection_2026_06_26,NB-P0-00,hgtxr_e2e_axis_vref_p0_softmax_input_x2_dsp_mixed_stream_csynth,hgtxr_e2e_axis_vref_p0_softmax_input_x2_dsp_mixed_stream_csynth,solution_e2e_q4w8a,hgtxr_e2e_attention_core_Pipeline_VITIS_LOOP_1029_10_VITIS_LOOP_1037_12,parsed,hls_csynth_xml,2026-06-26T16:48:56.930853+00:00,hgtxr_e2e_attention_core_Pipeline_VITIS_LOOP_1029_10_VITIS_LOOP_1037_12,generated/hgtxr_e2e_axis_vref_p0_softmax_input_x2_dsp_mixed_stream_csynth/solution_e2e_q4w8a/syn/report/hgtxr_e2e_attention_core_Pipeline_VITIS_LOOP_1029_10_VITIS_LOOP_1037_12_csynth.xml,True,,False,5.0,3.221,133,133,133,133,133,0,16,937,1136,0,624,1728,460800,230400,96,0.0,0.9259259259259259,0.2033420138888889,0.4930555555555556,0.0,0.000665,True
p0_no_board_report_collection_2026_06_26,NB-P0-00,hgtxr_e2e_axis_vref_p0_softmax_input_x2_dsp_mixed_stream_csynth,hgtxr_e2e_axis_vref_p0_softmax_input_x2_dsp_mixed_stream_csynth,solution_e2e_q4w8a,hgtxr_e2e_attention_core_Pipeline_VITIS_LOOP_983_8,parsed,hls_csynth_xml,2026-06-26T16:48:56.930853+00:00,hgtxr_e2e_attention_core_Pipeline_VITIS_LOOP_983_8,generated/hgtxr_e2e_axis_vref_p0_softmax_input_x2_dsp_mixed_stream_csynth/solution_e2e_q4w8a/syn/report/hgtxr_e2e_attention_core_Pipeline_VITIS_LOOP_983_8_csynth.xml,True,,False,5.0,1.893,18,18,18,18,18,0,0,7,52,0,624,1728,460800,230400,96,0.0,0.0,0.0015190972222222222,0.022569444444444444,0.0,9e-05,True
p0_no_board_report_collection_2026_06_26,NB-P0-00,hgtxr_e2e_axis_vref_p0_softmax_input_x2_dsp_mixed_stream_csynth,hgtxr_e2e_axis_vref_p0_softmax_input_x2_dsp_mixed_stream_csynth,solution_e2e_q4w8a,hgtxr_e2e_attention_core,parsed,hls_csynth_xml,2026-06-26T16:48:56.930853+00:00,hgtxr_e2e_attention_core,generated/hgtxr_e2e_axis_vref_p0_softmax_input_x2_dsp_mixed_stream_csynth/solution_e2e_q4w8a/syn/report/hgtxr_e2e_attention_core_csynth.xml,True,,False,5.0,3.584,8449,8449,8449,8449,8449,0,16,1050,1628,0,624,1728,460800,230400,96,0.0,0.9259259259259259,0.22786458333333334,0.7065972222222222,0.0,0.042245,True
p0_no_board_report_collection_2026_06_26,NB-P0-00,hgtxr_e2e_axis_vref_p0_softmax_input_x2_dsp_mixed_stream_csynth,hgtxr_e2e_axis_vref_p0_softmax_input_x2_dsp_mixed_stream_csynth,solution_e2e_q4w8a,hgtxr_e2e_attn_unit_0_s,parsed,hls_csynth_xml,2026-06-26T16:48:56.930853+00:00,hgtxr_e2e_attn_unit_0_s,generated/hgtxr_e2e_axis_vref_p0_softmax_input_x2_dsp_mixed_stream_csynth/solution_e2e_q4w8a/syn/report/hgtxr_e2e_attn_unit_0_s_csynth.xml,True,,False,5.0,3.65,166954,166954,166954,166954,166954,15,48,4932,11513,0,624,1728,460800,230400,96,2.4038461538461537,2.7777777777777777,1.0703125,4.996961805555555,0.0,0.83477,True
p0_no_board_report_collection_2026_06_26,NB-P0-00,hgtxr_e2e_axis_vref_p0_softmax_input_x2_dsp_mixed_stream_csynth,hgtxr_e2e_axis_vref_p0_softmax_input_x2_dsp_mixed_stream_csynth,solution_e2e_q4w8a,hgtxr_e2e_attn_unit_1_s,parsed,hls_csynth_xml,2026-06-26T16:48:56.930853+00:00,hgtxr_e2e_attn_unit_1_s,generated/hgtxr_e2e_axis_vref_p0_softmax_input_x2_dsp_mixed_stream_csynth/solution_e2e_q4w8a/syn/report/hgtxr_e2e_attn_unit_1_s_csynth.xml,True,,False,5.0,3.65,166954,166954,166954,166954,166954,15,48,4964,11597,0,624,1728,460800,230400,96,2.4038461538461537,2.7777777777777777,1.0772569444444444,5.033420138888889,0.0,0.83477,True
p0_no_board_report_collection_2026_06_26,NB-P0-00,hgtxr_e2e_axis_vref_p0_softmax_input_x2_dsp_mixed_stream_csynth,hgtxr_e2e_axis_vref_p0_softmax_input_x2_dsp_mixed_stream_csynth,solution_e2e_q4w8a,hgtxr_e2e_axis_top,parsed,hls_csynth_xml,2026-06-26T16:48:56.930853+00:00,hgtxr_e2e_axis_top,generated/hgtxr_e2e_axis_vref_p0_softmax_input_x2_dsp_mixed_stream_csynth/solution_e2e_q4w8a/syn/report/hgtxr_e2e_axis_top_csynth.xml,True,,False,5.0,4.069,498485,498485,498485,498486,498486,144,128,19664,43236,32,624,1728,460800,230400,96,23.076923076923077,7.407407407407407,4.267361111111111,18.765625,33.333333333333336,2.492425,True
p0_no_board_report_collection_2026_06_26,NB-P0-00,hgtxr_e2e_axis_vref_p0_softmax_input_x2_dsp_mixed_stream_csynth,hgtxr_e2e_axis_vref_p0_softmax_input_x2_dsp_mixed_stream_csynth,solution_e2e_q4w8a,hgtxr_e2e_controller_run,parsed,hls_csynth_xml,2026-06-26T16:48:56.930853+00:00,hgtxr_e2e_controller_run,generated/hgtxr_e2e_axis_vref_p0_softmax_input_x2_dsp_mixed_stream_csynth/solution_e2e_q4w8a/syn/report/hgtxr_e2e_controller_run_csynth.xml,True,,False,5.0,4.069,377193,377193,377193,377193,377193,70,112,15305,35783,32,624,1728,460800,230400,96,11.217948717948717,6.481481481481482,3.3213975694444446,15.530815972222221,33.333333333333336,1.885965,True
p0_no_board_report_collection_2026_06_26,NB-P0-00,hgtxr_e2e_axis_vref_p0_softmax_input_x2_dsp_mixed_stream_csynth,hgtxr_e2e_axis_vref_p0_softmax_input_x2_dsp_mixed_stream_csynth,solution_e2e_q4w8a,hgtxr_e2e_layernorm_Pipeline_VITIS_LOOP_712_1,parsed,hls_csynth_xml,2026-06-26T16:48:56.930853+00:00,hgtxr_e2e_layernorm_Pipeline_VITIS_LOOP_712_1,generated/hgtxr_e2e_axis_vref_p0_softmax_input_x2_dsp_mixed_stream_csynth/solution_e2e_q4w8a/syn/report/hgtxr_e2e_layernorm_Pipeline_VITIS_LOOP_712_1_csynth.xml,True,,False,5.0,3.65,5,5,5,5,5,0,0,775,67,0,624,1728,460800,230400,96,0.0,0.0,0.1681857638888889,0.029079861111111112,0.0,2.5e-05,True
p0_no_board_report_collection_2026_06_26,NB-P0-00,hgtxr_e2e_axis_vref_p0_softmax_input_x2_dsp_mixed_stream_csynth,hgtxr_e2e_axis_vref_p0_softmax_input_x2_dsp_mixed_stream_csynth,solution_e2e_q4w8a,hgtxr_e2e_layernorm_Pipeline_VITIS_LOOP_719_2_VITIS_LOOP_746_5,parsed,hls_csynth_xml,2026-06-26T16:48:56.930853+00:00,hgtxr_e2e_layernorm_Pipeline_VITIS_LOOP_719_2_VITIS_LOOP_746_5,generated/hgtxr_e2e_axis_vref_p0_softmax_input_x2_dsp_mixed_stream_csynth/solution_e2e_q4w8a/syn/report/hgtxr_e2e_layernorm_Pipeline_VITIS_LOOP_719_2_VITIS_LOOP_746_5_csynth.xml,True,,False,5.0,3.201,3075,3075,3075,3075,3075,0,0,63,639,0,624,1728,460800,230400,96,0.0,0.0,0.013671875,0.27734375,0.0,0.015375,True
p0_no_board_report_collection_2026_06_26,NB-P0-00,hgtxr_e2e_axis_vref_p0_softmax_input_x2_dsp_mixed_stream_csynth,hgtxr_e2e_axis_vref_p0_softmax_input_x2_dsp_mixed_stream_csynth,solution_e2e_q4w8a,hgtxr_e2e_layernorm,parsed,hls_csynth_xml,2026-06-26T16:48:56.930853+00:00,hgtxr_e2e_layernorm,generated/hgtxr_e2e_axis_vref_p0_softmax_input_x2_dsp_mixed_stream_csynth/solution_e2e_q4w8a/syn/report/hgtxr_e2e_layernorm_csynth.xml,True,,False,5.0,3.65,3092,3092,3092,3092,3092,0,0,912,983,0,624,1728,460800,230400,96,0.0,0.0,0.19791666666666666,0.4266493055555556,0.0,0.01546,True
p0_no_board_report_collection_2026_06_26,NB-P0-00,hgtxr_e2e_axis_vref_p0_softmax_input_x2_dsp_mixed_stream_csynth,hgtxr_e2e_axis_vref_p0_softmax_input_x2_dsp_mixed_stream_csynth,solution_e2e_q4w8a,hgtxr_e2e_mlp_head_Pipeline_VITIS_LOOP_1222_1,parsed,hls_csynth_xml,2026-06-26T16:48:56.930853+00:00,hgtxr_e2e_mlp_head_Pipeline_VITIS_LOOP_1222_1,generated/hgtxr_e2e_axis_vref_p0_softmax_input_x2_dsp_mixed_stream_csynth/solution_e2e_q4w8a/syn/report/hgtxr_e2e_mlp_head_Pipeline_VITIS_LOOP_1222_1_csynth.xml,True,,False,5.0,1.869,194,194,194,194,194,0,0,10,57,0,624,1728,460800,230400,96,0.0,0.0,0.002170138888888889,0.024739583333333332,0.0,0.00097,True
p0_no_board_report_collection_2026_06_26,NB-P0-00,hgtxr_e2e_axis_vref_p0_softmax_input_x2_dsp_mixed_stream_csynth,hgtxr_e2e_axis_vref_p0_softmax_input_x2_dsp_mixed_stream_csynth,solution_e2e_q4w8a,hgtxr_e2e_mlp_head_Pipeline_VITIS_LOOP_1228_2_VITIS_LOOP_1230_3,parsed,hls_csynth_xml,2026-06-26T16:48:56.930853+00:00,hgtxr_e2e_mlp_head_Pipeline_VITIS_LOOP_1228_2_VITIS_LOOP_1230_3,generated/hgtxr_e2e_axis_vref_p0_softmax_input_x2_dsp_mixed_stream_csynth/solution_e2e_q4w8a/syn/report/hgtxr_e2e_mlp_head_Pipeline_VITIS_LOOP_1228_2_VITIS_LOOP_1230_3_csynth.xml,True,,False,5.0,2.84,6146,6146,6146,6146,6146,0,0,97,334,0,624,1728,460800,230400,96,0.0,0.0,0.021050347222222224,0.1449652777777778,0.0,0.03073,True
p0_no_board_report_collection_2026_06_26,NB-P0-00,hgtxr_e2e_axis_vref_p0_softmax_input_x2_dsp_mixed_stream_csynth,hgtxr_e2e_axis_vref_p0_softmax_input_x2_dsp_mixed_stream_csynth,solution_e2e_q4w8a,hgtxr_e2e_mlp_head_Pipeline_VITIS_LOOP_1245_6,parsed,hls_csynth_xml,2026-06-26T16:48:56.930853+00:00,hgtxr_e2e_mlp_head_Pipeline_VITIS_LOOP_1245_6,generated/hgtxr_e2e_axis_vref_p0_softmax_input_x2_dsp_mixed_stream_csynth/solution_e2e_q4w8a/syn/report/hgtxr_e2e_mlp_head_Pipeline_VITIS_LOOP_1245_6_csynth.xml,True,,False,5.0,3.65,36,36,36,36,36,0,16,1472,1556,0,624,1728,460800,230400,96,0.0,0.9259259259259259,0.3194444444444444,0.6753472222222222,0.0,0.00018,True
p0_no_board_report_collection_2026_06_26,NB-P0-00,hgtxr_e2e_axis_vref_p0_softmax_input_x2_dsp_mixed_stream_csynth,hgtxr_e2e_axis_vref_p0_softmax_input_x2_dsp_mixed_stream_csynth,solution_e2e_q4w8a,hgtxr_e2e_mlp_head,parsed,hls_csynth_xml,2026-06-26T16:48:56.930853+00:00,hgtxr_e2e_mlp_head,generated/hgtxr_e2e_axis_vref_p0_softmax_input_x2_dsp_mixed_stream_csynth/solution_e2e_q4w8a/syn/report/hgtxr_e2e_mlp_head_csynth.xml,True,,False,5.0,3.65,6584,6584,6584,6584,6584,0,16,1766,3097,0,624,1728,460800,230400,96,0.0,0.9259259259259259,0.3832465277777778,1.3441840277777777,0.0,0.03292,True
p0_no_board_report_collection_2026_06_26,NB-P0-00,hgtxr_e2e_axis_vref_p0_softmax_input_x2_dsp_mixed_stream_csynth,hgtxr_e2e_axis_vref_p0_softmax_input_x2_dsp_mixed_stream_csynth,solution_e2e_q4w8a,hgtxr_e2e_mlp_unit_0_Pipeline_VITIS_LOOP_1175_9,parsed,hls_csynth_xml,2026-06-26T16:48:56.930853+00:00,hgtxr_e2e_mlp_unit_0_Pipeline_VITIS_LOOP_1175_9,generated/hgtxr_e2e_axis_vref_p0_softmax_input_x2_dsp_mixed_stream_csynth/solution_e2e_q4w8a/syn/report/hgtxr_e2e_mlp_unit_0_Pipeline_VITIS_LOOP_1175_9_csynth.xml,True,,False,5.0,3.727,44,44,44,44,44,0,8,1541,1644,0,624,1728,460800,230400,96,0.0,0.46296296296296297,0.3344184027777778,0.7135416666666666,0.0,0.00022,True
p0_no_board_report_collection_2026_06_26,NB-P0-00,hgtxr_e2e_axis_vref_p0_softmax_input_x2_dsp_mixed_stream_csynth,hgtxr_e2e_axis_vref_p0_softmax_input_x2_dsp_mixed_stream_csynth,solution_e2e_q4w8a,hgtxr_e2e_mlp_unit_0_s,parsed,hls_csynth_xml,2026-06-26T16:48:56.930853+00:00,hgtxr_e2e_mlp_unit_0_s,generated/hgtxr_e2e_axis_vref_p0_softmax_input_x2_dsp_mixed_stream_csynth/solution_e2e_q4w8a/syn/report/hgtxr_e2e_mlp_unit_0_s_csynth.xml,True,,False,5.0,3.727,21638,21638,21638,21638,21638,0,8,2689,3926,0,624,1728,460800,230400,96,0.0,0.46296296296296297,0.5835503472222222,1.7039930555555556,0.0,0.10819,True
p0_no_board_report_collection_2026_06_26,NB-P0-00,hgtxr_e2e_axis_vref_p0_softmax_input_x2_dsp_mixed_stream_csynth,hgtxr_e2e_axis_vref_p0_softmax_input_x2_dsp_mixed_stream_csynth,solution_e2e_q4w8a,hgtxr_e2e_mlp_unit_1_Pipeline_VITIS_LOOP_1175_9,parsed,hls_csynth_xml,2026-06-26T16:48:56.930853+00:00,hgtxr_e2e_mlp_unit_1_Pipeline_VITIS_LOOP_1175_9,generated/hgtxr_e2e_axis_vref_p0_softmax_input_x2_dsp_mixed_stream_csynth/solution_e2e_q4w8a/syn/report/hgtxr_e2e_mlp_unit_1_Pipeline_VITIS_LOOP_1175_9_csynth.xml,True,,False,5.0,4.069,44,44,44,44,44,0,8,1541,1692,0,624,1728,460800,230400,96,0.0,0.46296296296296297,0.3344184027777778,0.734375,0.0,0.00022,True
p0_no_board_report_collection_2026_06_26,NB-P0-00,hgtxr_e2e_axis_vref_p0_softmax_input_x2_dsp_mixed_stream_csynth,hgtxr_e2e_axis_vref_p0_softmax_input_x2_dsp_mixed_stream_csynth,solution_e2e_q4w8a,hgtxr_e2e_mlp_unit_1_s,parsed,hls_csynth_xml,2026-06-26T16:48:56.930853+00:00,hgtxr_e2e_mlp_unit_1_s,generated/hgtxr_e2e_axis_vref_p0_softmax_input_x2_dsp_mixed_stream_csynth/solution_e2e_q4w8a/syn/report/hgtxr_e2e_mlp_unit_1_s_csynth.xml,True,,False,5.0,4.069,21638,21638,21638,21638,21638,0,8,2703,4007,0,624,1728,460800,230400,96,0.0,0.46296296296296297,0.5865885416666666,1.7391493055555556,0.0,0.10819,True
p0_no_board_report_collection_2026_06_26,NB-P0-00,hgtxr_e2e_axis_vref_p0_softmax_input_x2_dsp_mixed_stream_csynth,hgtxr_e2e_axis_vref_p0_softmax_input_x2_dsp_mixed_stream_csynth,solution_e2e_q4w8a,hgtxr_e2e_output_projection_Pipeline_VITIS_LOOP_1075_4,parsed,hls_csynth_xml,2026-06-26T16:48:56.930853+00:00,hgtxr_e2e_output_projection_Pipeline_VITIS_LOOP_1075_4,generated/hgtxr_e2e_axis_vref_p0_softmax_input_x2_dsp_mixed_stream_csynth/solution_e2e_q4w8a/syn/report/hgtxr_e2e_output_projection_Pipeline_VITIS_LOOP_1075_4_csynth.xml,True,,False,5.0,3.65,204,204,204,204,204,0,16,1053,3267,0,624,1728,460800,230400,96,0.0,0.9259259259259259,0.228515625,1.41796875,0.0,0.00102,True
p0_no_board_report_collection_2026_06_26,NB-P0-00,hgtxr_e2e_axis_vref_p0_softmax_input_x2_dsp_mixed_stream_csynth,hgtxr_e2e_axis_vref_p0_softmax_input_x2_dsp_mixed_stream_csynth,solution_e2e_q4w8a,hgtxr_e2e_output_projection,parsed,hls_csynth_xml,2026-06-26T16:48:56.930853+00:00,hgtxr_e2e_output_projection,generated/hgtxr_e2e_axis_vref_p0_softmax_input_x2_dsp_mixed_stream_csynth/solution_e2e_q4w8a/syn/report/hgtxr_e2e_output_projection_csynth.xml,True,,False,5.0,3.65,79905,79905,79905,79905,79905,0,16,1283,4304,0,624,1728,460800,230400,96,0.0,0.9259259259259259,0.2784288194444444,1.8680555555555556,0.0,0.399525,True
p0_no_board_report_collection_2026_06_26,NB-P0-00,hgtxr_e2e_axis_vref_p0_softmax_input_x2_dsp_mixed_stream_csynth,hgtxr_e2e_axis_vref_p0_softmax_input_x2_dsp_mixed_stream_csynth,solution_e2e_q4w8a,hgtxr_e2e_project_qkv_Pipeline_VITIS_LOOP_847_1,parsed,hls_csynth_xml,2026-06-26T16:48:56.930853+00:00,hgtxr_e2e_project_qkv_Pipeline_VITIS_LOOP_847_1,generated/hgtxr_e2e_axis_vref_p0_softmax_input_x2_dsp_mixed_stream_csynth/solution_e2e_q4w8a/syn/report/hgtxr_e2e_project_qkv_Pipeline_VITIS_LOOP_847_1_csynth.xml,True,,False,5.0,3.65,578,578,578,578,578,0,0,13,83,0,624,1728,460800,230400,96,0.0,0.0,0.0028211805555555555,0.03602430555555555,0.0,0.00289,True
p0_no_board_report_collection_2026_06_26,NB-P0-00,hgtxr_e2e_axis_vref_p0_softmax_input_x2_dsp_mixed_stream_csynth,hgtxr_e2e_axis_vref_p0_softmax_input_x2_dsp_mixed_stream_csynth,solution_e2e_q4w8a,hgtxr_e2e_project_qkv_Pipeline_VITIS_LOOP_852_2,parsed,hls_csynth_xml,2026-06-26T16:48:56.930853+00:00,hgtxr_e2e_project_qkv_Pipeline_VITIS_LOOP_852_2,generated/hgtxr_e2e_axis_vref_p0_softmax_input_x2_dsp_mixed_stream_csynth/solution_e2e_q4w8a/syn/report/hgtxr_e2e_project_qkv_Pipeline_VITIS_LOOP_852_2_csynth.xml,True,,False,5.0,3.65,578,578,578,578,578,0,0,13,83,0,624,1728,460800,230400,96,0.0,0.0,0.0028211805555555555,0.03602430555555555,0.0,0.00289,True
p0_no_board_report_collection_2026_06_26,NB-P0-00,hgtxr_e2e_axis_vref_p0_softmax_input_x2_dsp_mixed_stream_csynth,hgtxr_e2e_axis_vref_p0_softmax_input_x2_dsp_mixed_stream_csynth,solution_e2e_q4w8a,hgtxr_e2e_project_qkv_Pipeline_VITIS_LOOP_857_3,parsed,hls_csynth_xml,2026-06-26T16:48:56.930853+00:00,hgtxr_e2e_project_qkv_Pipeline_VITIS_LOOP_857_3,generated/hgtxr_e2e_axis_vref_p0_softmax_input_x2_dsp_mixed_stream_csynth/solution_e2e_q4w8a/syn/report/hgtxr_e2e_project_qkv_Pipeline_VITIS_LOOP_857_3_csynth.xml,True,,False,5.0,3.65,579,579,579,579,579,0,0,291,83,0,624,1728,460800,230400,96,0.0,0.0,0.06315104166666667,0.03602430555555555,0.0,0.002895,True
p0_no_board_report_collection_2026_06_26,NB-P0-00,hgtxr_e2e_axis_vref_p0_softmax_input_x2_dsp_mixed_stream_csynth,hgtxr_e2e_axis_vref_p0_softmax_input_x2_dsp_mixed_stream_csynth,solution_e2e_q4w8a,hgtxr_e2e_project_qkv_Pipeline_VITIS_LOOP_863_4_VITIS_LOOP_865_5_VITIS_LOOP_879_s,parsed,hls_csynth_xml,2026-06-26T16:48:56.930853+00:00,hgtxr_e2e_project_qkv_Pipeline_VITIS_LOOP_863_4_VITIS_LOOP_865_5_VITIS_LOOP_879_s,generated/hgtxr_e2e_axis_vref_p0_softmax_input_x2_dsp_mixed_stream_csynth/solution_e2e_q4w8a/syn/report/hgtxr_e2e_project_qkv_Pipeline_VITIS_LOOP_863_4_VITIS_LOOP_865_5_VITIS_LOOP_879_s_csynth.xml,True,,False,5.0,3.49,73734,73734,73734,73734,73734,0,16,1144,2699,0,624,1728,460800,230400,96,0.0,0.9259259259259259,0.2482638888888889,1.1714409722222223,0.0,0.36867,True
p0_no_board_report_collection_2026_06_26,NB-P0-00,hgtxr_e2e_axis_vref_p0_softmax_input_x2_dsp_mixed_stream_csynth,hgtxr_e2e_axis_vref_p0_softmax_input_x2_dsp_mixed_stream_csynth,solution_e2e_q4w8a,hgtxr_e2e_project_qkv,parsed,hls_csynth_xml,2026-06-26T16:48:56.930853+00:00,hgtxr_e2e_project_qkv,generated/hgtxr_e2e_axis_vref_p0_softmax_input_x2_dsp_mixed_stream_csynth/solution_e2e_q4w8a/syn/report/hgtxr_e2e_project_qkv_csynth.xml,True,,False,5.0,3.65,75501,75501,75501,75501,75501,15,16,1675,3641,0,624,1728,460800,230400,96,2.4038461538461537,0.9259259259259259,0.3634982638888889,1.5802951388888888,0.0,0.377505,True
p0_no_board_report_collection_2026_06_26,NB-P0-00,hgtxr_e2e_axis_vref_p0_softmax_input_x2_dsp_mixed_stream_csynth,hgtxr_e2e_axis_vref_p0_softmax_input_x2_dsp_mixed_stream_csynth,solution_e2e_q4w8a,hgtxr_global_buffer_load,parsed,hls_csynth_xml,2026-06-26T16:48:56.930853+00:00,hgtxr_global_buffer_load,generated/hgtxr_e2e_axis_vref_p0_softmax_input_x2_dsp_mixed_stream_csynth/solution_e2e_q4w8a/syn/report/hgtxr_global_buffer_load_csynth.xml,True,,False,5.0,3.235,49154,49154,49154,49154,49154,0,0,53,242,0,624,1728,460800,230400,96,0.0,0.0,0.011501736111111112,0.10503472222222222,0.0,0.24577,True
p0_no_board_report_collection_2026_06_26,NB-P0-00,hgtxr_e2e_axis_vref_p0_softmax_input_x2_dsp_mixed_stream_ip,hgtxr_e2e_axis_vref_p0_softmax_input_x2_dsp_mixed_stream_ip,solution_e2e_q4w8a,hgtxr_axis_read_frame,parsed,hls_csynth_xml,2026-06-26T16:48:56.930853+00:00,hgtxr_axis_read_frame,generated/hgtxr_e2e_axis_vref_p0_softmax_input_x2_dsp_mixed_stream_ip/solution_e2e_q4w8a/syn/report/hgtxr_axis_read_frame_csynth.xml,True,,False,5.0,2.29,65538,65538,65538,65538,65538,0,0,19,87,0,624,1728,460800,230400,96,0.0,0.0,0.004123263888888889,0.037760416666666664,0.0,0.32769,True
p0_no_board_report_collection_2026_06_26,NB-P0-00,hgtxr_e2e_axis_vref_p0_softmax_input_x2_dsp_mixed_stream_ip,hgtxr_e2e_axis_vref_p0_softmax_input_x2_dsp_mixed_stream_ip,solution_e2e_q4w8a,hgtxr_axis_write_state,parsed,hls_csynth_xml,2026-06-26T16:48:56.930853+00:00,hgtxr_axis_write_state,generated/hgtxr_e2e_axis_vref_p0_softmax_input_x2_dsp_mixed_stream_ip/solution_e2e_q4w8a/syn/report/hgtxr_axis_write_state_csynth.xml,True,,False,5.0,1.527,8,8,8,8,8,0,0,7,81,0,624,1728,460800,230400,96,0.0,0.0,0.0015190972222222222,0.03515625,0.0,4e-05,True
p0_no_board_report_collection_2026_06_26,NB-P0-00,hgtxr_e2e_axis_vref_p0_softmax_input_x2_dsp_mixed_stream_ip,hgtxr_e2e_axis_vref_p0_softmax_input_x2_dsp_mixed_stream_ip,solution_e2e_q4w8a,hgtxr_conv_patch_embedding_Pipeline_VITIS_LOOP_642_1_VITIS_LOOP_644_2,parsed,hls_csynth_xml,2026-06-26T16:48:56.930853+00:00,hgtxr_conv_patch_embedding_Pipeline_VITIS_LOOP_642_1_VITIS_LOOP_644_2,generated/hgtxr_e2e_axis_vref_p0_softmax_input_x2_dsp_mixed_stream_ip/solution_e2e_q4w8a/syn/report/hgtxr_conv_patch_embedding_Pipeline_VITIS_LOOP_642_1_VITIS_LOOP_644_2_csynth.xml,True,,False,5.0,3.235,49154,49154,49154,49154,49154,0,0,36,190,0,624,1728,460800,230400,96,0.0,0.0,0.0078125,0.08246527777777778,0.0,0.24577,True
p0_no_board_report_collection_2026_06_26,NB-P0-00,hgtxr_e2e_axis_vref_p0_softmax_input_x2_dsp_mixed_stream_ip,hgtxr_e2e_axis_vref_p0_softmax_input_x2_dsp_mixed_stream_ip,solution_e2e_q4w8a,hgtxr_conv_patch_embedding,parsed,hls_csynth_xml,2026-06-26T16:48:56.930853+00:00,hgtxr_conv_patch_embedding,generated/hgtxr_e2e_axis_vref_p0_softmax_input_x2_dsp_mixed_stream_ip/solution_e2e_q4w8a/syn/report/hgtxr_conv_patch_embedding_csynth.xml,True,,False,5.0,3.235,52260,52260,52260,52260,52260,0,0,68,774,0,624,1728,460800,230400,96,0.0,0.0,0.014756944444444444,0.3359375,0.0,0.2613,True
p0_no_board_report_collection_2026_06_26,NB-P0-00,hgtxr_e2e_axis_vref_p0_softmax_input_x2_dsp_mixed_stream_ip,hgtxr_e2e_axis_vref_p0_softmax_input_x2_dsp_mixed_stream_ip,solution_e2e_q4w8a,hgtxr_e2e_attention_core_Pipeline_VITIS_LOOP_1001_9,parsed,hls_csynth_xml,2026-06-26T16:48:56.930853+00:00,hgtxr_e2e_attention_core_Pipeline_VITIS_LOOP_1001_9,generated/hgtxr_e2e_axis_vref_p0_softmax_input_x2_dsp_mixed_stream_ip/solution_e2e_q4w8a/syn/report/hgtxr_e2e_attention_core_Pipeline_VITIS_LOOP_1001_9_csynth.xml,True,,False,5.0,3.584,19,19,19,19,19,0,0,31,225,0,624,1728,460800,230400,96,0.0,0.0,0.006727430555555556,0.09765625,0.0,9.5e-05,True
p0_no_board_report_collection_2026_06_26,NB-P0-00,hgtxr_e2e_axis_vref_p0_softmax_input_x2_dsp_mixed_stream_ip,hgtxr_e2e_axis_vref_p0_softmax_input_x2_dsp_mixed_stream_ip,solution_e2e_q4w8a,hgtxr_e2e_attention_core_Pipeline_VITIS_LOOP_1029_10_VITIS_LOOP_1037_12,parsed,hls_csynth_xml,2026-06-26T16:48:56.930853+00:00,hgtxr_e2e_attention_core_Pipeline_VITIS_LOOP_1029_10_VITIS_LOOP_1037_12,generated/hgtxr_e2e_axis_vref_p0_softmax_input_x2_dsp_mixed_stream_ip/solution_e2e_q4w8a/syn/report/hgtxr_e2e_attention_core_Pipeline_VITIS_LOOP_1029_10_VITIS_LOOP_1037_12_csynth.xml,True,,False,5.0,3.221,133,133,133,133,133,0,16,937,1136,0,624,1728,460800,230400,96,0.0,0.9259259259259259,0.2033420138888889,0.4930555555555556,0.0,0.000665,True
p0_no_board_report_collection_2026_06_26,NB-P0-00,hgtxr_e2e_axis_vref_p0_softmax_input_x2_dsp_mixed_stream_ip,hgtxr_e2e_axis_vref_p0_softmax_input_x2_dsp_mixed_stream_ip,solution_e2e_q4w8a,hgtxr_e2e_attention_core_Pipeline_VITIS_LOOP_983_8,parsed,hls_csynth_xml,2026-06-26T16:48:56.930853+00:00,hgtxr_e2e_attention_core_Pipeline_VITIS_LOOP_983_8,generated/hgtxr_e2e_axis_vref_p0_softmax_input_x2_dsp_mixed_stream_ip/solution_e2e_q4w8a/syn/report/hgtxr_e2e_attention_core_Pipeline_VITIS_LOOP_983_8_csynth.xml,True,,False,5.0,1.893,18,18,18,18,18,0,0,7,52,0,624,1728,460800,230400,96,0.0,0.0,0.0015190972222222222,0.022569444444444444,0.0,9e-05,True
p0_no_board_report_collection_2026_06_26,NB-P0-00,hgtxr_e2e_axis_vref_p0_softmax_input_x2_dsp_mixed_stream_ip,hgtxr_e2e_axis_vref_p0_softmax_input_x2_dsp_mixed_stream_ip,solution_e2e_q4w8a,hgtxr_e2e_attention_core,parsed,hls_csynth_xml,2026-06-26T16:48:56.930853+00:00,hgtxr_e2e_attention_core,generated/hgtxr_e2e_axis_vref_p0_softmax_input_x2_dsp_mixed_stream_ip/solution_e2e_q4w8a/syn/report/hgtxr_e2e_attention_core_csynth.xml,True,,False,5.0,3.584,8449,8449,8449,8449,8449,0,16,1050,1628,0,624,1728,460800,230400,96,0.0,0.9259259259259259,0.22786458333333334,0.7065972222222222,0.0,0.042245,True
p0_no_board_report_collection_2026_06_26,NB-P0-00,hgtxr_e2e_axis_vref_p0_softmax_input_x2_dsp_mixed_stream_ip,hgtxr_e2e_axis_vref_p0_softmax_input_x2_dsp_mixed_stream_ip,solution_e2e_q4w8a,hgtxr_e2e_attn_unit_0_s,parsed,hls_csynth_xml,2026-06-26T16:48:56.930853+00:00,hgtxr_e2e_attn_unit_0_s,generated/hgtxr_e2e_axis_vref_p0_softmax_input_x2_dsp_mixed_stream_ip/solution_e2e_q4w8a/syn/report/hgtxr_e2e_attn_unit_0_s_csynth.xml,True,,False,5.0,3.65,166954,166954,166954,166954,166954,15,48,4932,11513,0,624,1728,460800,230400,96,2.4038461538461537,2.7777777777777777,1.0703125,4.996961805555555,0.0,0.83477,True
p0_no_board_report_collection_2026_06_26,NB-P0-00,hgtxr_e2e_axis_vref_p0_softmax_input_x2_dsp_mixed_stream_ip,hgtxr_e2e_axis_vref_p0_softmax_input_x2_dsp_mixed_stream_ip,solution_e2e_q4w8a,hgtxr_e2e_attn_unit_1_s,parsed,hls_csynth_xml,2026-06-26T16:48:56.930853+00:00,hgtxr_e2e_attn_unit_1_s,generated/hgtxr_e2e_axis_vref_p0_softmax_input_x2_dsp_mixed_stream_ip/solution_e2e_q4w8a/syn/report/hgtxr_e2e_attn_unit_1_s_csynth.xml,True,,False,5.0,3.65,166954,166954,166954,166954,166954,15,48,4964,11597,0,624,1728,460800,230400,96,2.4038461538461537,2.7777777777777777,1.0772569444444444,5.033420138888889,0.0,0.83477,True
p0_no_board_report_collection_2026_06_26,NB-P0-00,hgtxr_e2e_axis_vref_p0_softmax_input_x2_dsp_mixed_stream_ip,hgtxr_e2e_axis_vref_p0_softmax_input_x2_dsp_mixed_stream_ip,solution_e2e_q4w8a,hgtxr_e2e_axis_top,parsed,hls_csynth_xml,2026-06-26T16:48:56.930853+00:00,hgtxr_e2e_axis_top,generated/hgtxr_e2e_axis_vref_p0_softmax_input_x2_dsp_mixed_stream_ip/solution_e2e_q4w8a/syn/report/hgtxr_e2e_axis_top_csynth.xml,True,,False,5.0,4.069,498485,498485,498485,498486,498486,144,128,19664,43236,32,624,1728,460800,230400,96,23.076923076923077,7.407407407407407,4.267361111111111,18.765625,33.333333333333336,2.492425,True
p0_no_board_report_collection_2026_06_26,NB-P0-00,hgtxr_e2e_axis_vref_p0_softmax_input_x2_dsp_mixed_stream_ip,hgtxr_e2e_axis_vref_p0_softmax_input_x2_dsp_mixed_stream_ip,solution_e2e_q4w8a,hgtxr_e2e_controller_run,parsed,hls_csynth_xml,2026-06-26T16:48:56.930853+00:00,hgtxr_e2e_controller_run,generated/hgtxr_e2e_axis_vref_p0_softmax_input_x2_dsp_mixed_stream_ip/solution_e2e_q4w8a/syn/report/hgtxr_e2e_controller_run_csynth.xml,True,,False,5.0,4.069,377193,377193,377193,377193,377193,70,112,15305,35783,32,624,1728,460800,230400,96,11.217948717948717,6.481481481481482,3.3213975694444446,15.530815972222221,33.333333333333336,1.885965,True
p0_no_board_report_collection_2026_06_26,NB-P0-00,hgtxr_e2e_axis_vref_p0_softmax_input_x2_dsp_mixed_stream_ip,hgtxr_e2e_axis_vref_p0_softmax_input_x2_dsp_mixed_stream_ip,solution_e2e_q4w8a,hgtxr_e2e_layernorm_Pipeline_VITIS_LOOP_712_1,parsed,hls_csynth_xml,2026-06-26T16:48:56.930853+00:00,hgtxr_e2e_layernorm_Pipeline_VITIS_LOOP_712_1,generated/hgtxr_e2e_axis_vref_p0_softmax_input_x2_dsp_mixed_stream_ip/solution_e2e_q4w8a/syn/report/hgtxr_e2e_layernorm_Pipeline_VITIS_LOOP_712_1_csynth.xml,True,,False,5.0,3.65,5,5,5,5,5,0,0,775,67,0,624,1728,460800,230400,96,0.0,0.0,0.1681857638888889,0.029079861111111112,0.0,2.5e-05,True
p0_no_board_report_collection_2026_06_26,NB-P0-00,hgtxr_e2e_axis_vref_p0_softmax_input_x2_dsp_mixed_stream_ip,hgtxr_e2e_axis_vref_p0_softmax_input_x2_dsp_mixed_stream_ip,solution_e2e_q4w8a,hgtxr_e2e_layernorm_Pipeline_VITIS_LOOP_719_2_VITIS_LOOP_746_5,parsed,hls_csynth_xml,2026-06-26T16:48:56.930853+00:00,hgtxr_e2e_layernorm_Pipeline_VITIS_LOOP_719_2_VITIS_LOOP_746_5,generated/hgtxr_e2e_axis_vref_p0_softmax_input_x2_dsp_mixed_stream_ip/solution_e2e_q4w8a/syn/report/hgtxr_e2e_layernorm_Pipeline_VITIS_LOOP_719_2_VITIS_LOOP_746_5_csynth.xml,True,,False,5.0,3.201,3075,3075,3075,3075,3075,0,0,63,639,0,624,1728,460800,230400,96,0.0,0.0,0.013671875,0.27734375,0.0,0.015375,True
p0_no_board_report_collection_2026_06_26,NB-P0-00,hgtxr_e2e_axis_vref_p0_softmax_input_x2_dsp_mixed_stream_ip,hgtxr_e2e_axis_vref_p0_softmax_input_x2_dsp_mixed_stream_ip,solution_e2e_q4w8a,hgtxr_e2e_layernorm,parsed,hls_csynth_xml,2026-06-26T16:48:56.930853+00:00,hgtxr_e2e_layernorm,generated/hgtxr_e2e_axis_vref_p0_softmax_input_x2_dsp_mixed_stream_ip/solution_e2e_q4w8a/syn/report/hgtxr_e2e_layernorm_csynth.xml,True,,False,5.0,3.65,3092,3092,3092,3092,3092,0,0,912,983,0,624,1728,460800,230400,96,0.0,0.0,0.19791666666666666,0.4266493055555556,0.0,0.01546,True
p0_no_board_report_collection_2026_06_26,NB-P0-00,hgtxr_e2e_axis_vref_p0_softmax_input_x2_dsp_mixed_stream_ip,hgtxr_e2e_axis_vref_p0_softmax_input_x2_dsp_mixed_stream_ip,solution_e2e_q4w8a,hgtxr_e2e_mlp_head_Pipeline_VITIS_LOOP_1222_1,parsed,hls_csynth_xml,2026-06-26T16:48:56.930853+00:00,hgtxr_e2e_mlp_head_Pipeline_VITIS_LOOP_1222_1,generated/hgtxr_e2e_axis_vref_p0_softmax_input_x2_dsp_mixed_stream_ip/solution_e2e_q4w8a/syn/report/hgtxr_e2e_mlp_head_Pipeline_VITIS_LOOP_1222_1_csynth.xml,True,,False,5.0,1.869,194,194,194,194,194,0,0,10,57,0,624,1728,460800,230400,96,0.0,0.0,0.002170138888888889,0.024739583333333332,0.0,0.00097,True
p0_no_board_report_collection_2026_06_26,NB-P0-00,hgtxr_e2e_axis_vref_p0_softmax_input_x2_dsp_mixed_stream_ip,hgtxr_e2e_axis_vref_p0_softmax_input_x2_dsp_mixed_stream_ip,solution_e2e_q4w8a,hgtxr_e2e_mlp_head_Pipeline_VITIS_LOOP_1228_2_VITIS_LOOP_1230_3,parsed,hls_csynth_xml,2026-06-26T16:48:56.930853+00:00,hgtxr_e2e_mlp_head_Pipeline_VITIS_LOOP_1228_2_VITIS_LOOP_1230_3,generated/hgtxr_e2e_axis_vref_p0_softmax_input_x2_dsp_mixed_stream_ip/solution_e2e_q4w8a/syn/report/hgtxr_e2e_mlp_head_Pipeline_VITIS_LOOP_1228_2_VITIS_LOOP_1230_3_csynth.xml,True,,False,5.0,2.84,6146,6146,6146,6146,6146,0,0,97,334,0,624,1728,460800,230400,96,0.0,0.0,0.021050347222222224,0.1449652777777778,0.0,0.03073,True
p0_no_board_report_collection_2026_06_26,NB-P0-00,hgtxr_e2e_axis_vref_p0_softmax_input_x2_dsp_mixed_stream_ip,hgtxr_e2e_axis_vref_p0_softmax_input_x2_dsp_mixed_stream_ip,solution_e2e_q4w8a,hgtxr_e2e_mlp_head_Pipeline_VITIS_LOOP_1245_6,parsed,hls_csynth_xml,2026-06-26T16:48:56.930853+00:00,hgtxr_e2e_mlp_head_Pipeline_VITIS_LOOP_1245_6,generated/hgtxr_e2e_axis_vref_p0_softmax_input_x2_dsp_mixed_stream_ip/solution_e2e_q4w8a/syn/report/hgtxr_e2e_mlp_head_Pipeline_VITIS_LOOP_1245_6_csynth.xml,True,,False,5.0,3.65,36,36,36,36,36,0,16,1472,1556,0,624,1728,460800,230400,96,0.0,0.9259259259259259,0.3194444444444444,0.6753472222222222,0.0,0.00018,True
p0_no_board_report_collection_2026_06_26,NB-P0-00,hgtxr_e2e_axis_vref_p0_softmax_input_x2_dsp_mixed_stream_ip,hgtxr_e2e_axis_vref_p0_softmax_input_x2_dsp_mixed_stream_ip,solution_e2e_q4w8a,hgtxr_e2e_mlp_head,parsed,hls_csynth_xml,2026-06-26T16:48:56.930853+00:00,hgtxr_e2e_mlp_head,generated/hgtxr_e2e_axis_vref_p0_softmax_input_x2_dsp_mixed_stream_ip/solution_e2e_q4w8a/syn/report/hgtxr_e2e_mlp_head_csynth.xml,True,,False,5.0,3.65,6584,6584,6584,6584,6584,0,16,1766,3097,0,624,1728,460800,230400,96,0.0,0.9259259259259259,0.3832465277777778,1.3441840277777777,0.0,0.03292,True
p0_no_board_report_collection_2026_06_26,NB-P0-00,hgtxr_e2e_axis_vref_p0_softmax_input_x2_dsp_mixed_stream_ip,hgtxr_e2e_axis_vref_p0_softmax_input_x2_dsp_mixed_stream_ip,solution_e2e_q4w8a,hgtxr_e2e_mlp_unit_0_Pipeline_VITIS_LOOP_1175_9,parsed,hls_csynth_xml,2026-06-26T16:48:56.930853+00:00,hgtxr_e2e_mlp_unit_0_Pipeline_VITIS_LOOP_1175_9,generated/hgtxr_e2e_axis_vref_p0_softmax_input_x2_dsp_mixed_stream_ip/solution_e2e_q4w8a/syn/report/hgtxr_e2e_mlp_unit_0_Pipeline_VITIS_LOOP_1175_9_csynth.xml,True,,False,5.0,3.727,44,44,44,44,44,0,8,1541,1644,0,624,1728,460800,230400,96,0.0,0.46296296296296297,0.3344184027777778,0.7135416666666666,0.0,0.00022,True
p0_no_board_report_collection_2026_06_26,NB-P0-00,hgtxr_e2e_axis_vref_p0_softmax_input_x2_dsp_mixed_stream_ip,hgtxr_e2e_axis_vref_p0_softmax_input_x2_dsp_mixed_stream_ip,solution_e2e_q4w8a,hgtxr_e2e_mlp_unit_0_s,parsed,hls_csynth_xml,2026-06-26T16:48:56.930853+00:00,hgtxr_e2e_mlp_unit_0_s,generated/hgtxr_e2e_axis_vref_p0_softmax_input_x2_dsp_mixed_stream_ip/solution_e2e_q4w8a/syn/report/hgtxr_e2e_mlp_unit_0_s_csynth.xml,True,,False,5.0,3.727,21638,21638,21638,21638,21638,0,8,2689,3926,0,624,1728,460800,230400,96,0.0,0.46296296296296297,0.5835503472222222,1.7039930555555556,0.0,0.10819,True
p0_no_board_report_collection_2026_06_26,NB-P0-00,hgtxr_e2e_axis_vref_p0_softmax_input_x2_dsp_mixed_stream_ip,hgtxr_e2e_axis_vref_p0_softmax_input_x2_dsp_mixed_stream_ip,solution_e2e_q4w8a,hgtxr_e2e_mlp_unit_1_Pipeline_VITIS_LOOP_1175_9,parsed,hls_csynth_xml,2026-06-26T16:48:56.930853+00:00,hgtxr_e2e_mlp_unit_1_Pipeline_VITIS_LOOP_1175_9,generated/hgtxr_e2e_axis_vref_p0_softmax_input_x2_dsp_mixed_stream_ip/solution_e2e_q4w8a/syn/report/hgtxr_e2e_mlp_unit_1_Pipeline_VITIS_LOOP_1175_9_csynth.xml,True,,False,5.0,4.069,44,44,44,44,44,0,8,1541,1692,0,624,1728,460800,230400,96,0.0,0.46296296296296297,0.3344184027777778,0.734375,0.0,0.00022,True
p0_no_board_report_collection_2026_06_26,NB-P0-00,hgtxr_e2e_axis_vref_p0_softmax_input_x2_dsp_mixed_stream_ip,hgtxr_e2e_axis_vref_p0_softmax_input_x2_dsp_mixed_stream_ip,solution_e2e_q4w8a,hgtxr_e2e_mlp_unit_1_s,parsed,hls_csynth_xml,2026-06-26T16:48:56.930853+00:00,hgtxr_e2e_mlp_unit_1_s,generated/hgtxr_e2e_axis_vref_p0_softmax_input_x2_dsp_mixed_stream_ip/solution_e2e_q4w8a/syn/report/hgtxr_e2e_mlp_unit_1_s_csynth.xml,True,,False,5.0,4.069,21638,21638,21638,21638,21638,0,8,2703,4007,0,624,1728,460800,230400,96,0.0,0.46296296296296297,0.5865885416666666,1.7391493055555556,0.0,0.10819,True
p0_no_board_report_collection_2026_06_26,NB-P0-00,hgtxr_e2e_axis_vref_p0_softmax_input_x2_dsp_mixed_stream_ip,hgtxr_e2e_axis_vref_p0_softmax_input_x2_dsp_mixed_stream_ip,solution_e2e_q4w8a,hgtxr_e2e_output_projection_Pipeline_VITIS_LOOP_1075_4,parsed,hls_csynth_xml,2026-06-26T16:48:56.930853+00:00,hgtxr_e2e_output_projection_Pipeline_VITIS_LOOP_1075_4,generated/hgtxr_e2e_axis_vref_p0_softmax_input_x2_dsp_mixed_stream_ip/solution_e2e_q4w8a/syn/report/hgtxr_e2e_output_projection_Pipeline_VITIS_LOOP_1075_4_csynth.xml,True,,False,5.0,3.65,204,204,204,204,204,0,16,1053,3267,0,624,1728,460800,230400,96,0.0,0.9259259259259259,0.228515625,1.41796875,0.0,0.00102,True
p0_no_board_report_collection_2026_06_26,NB-P0-00,hgtxr_e2e_axis_vref_p0_softmax_input_x2_dsp_mixed_stream_ip,hgtxr_e2e_axis_vref_p0_softmax_input_x2_dsp_mixed_stream_ip,solution_e2e_q4w8a,hgtxr_e2e_output_projection,parsed,hls_csynth_xml,2026-06-26T16:48:56.930853+00:00,hgtxr_e2e_output_projection,generated/hgtxr_e2e_axis_vref_p0_softmax_input_x2_dsp_mixed_stream_ip/solution_e2e_q4w8a/syn/report/hgtxr_e2e_output_projection_csynth.xml,True,,False,5.0,3.65,79905,79905,79905,79905,79905,0,16,1283,4304,0,624,1728,460800,230400,96,0.0,0.9259259259259259,0.2784288194444444,1.8680555555555556,0.0,0.399525,True
p0_no_board_report_collection_2026_06_26,NB-P0-00,hgtxr_e2e_axis_vref_p0_softmax_input_x2_dsp_mixed_stream_ip,hgtxr_e2e_axis_vref_p0_softmax_input_x2_dsp_mixed_stream_ip,solution_e2e_q4w8a,hgtxr_e2e_project_qkv_Pipeline_VITIS_LOOP_847_1,parsed,hls_csynth_xml,2026-06-26T16:48:56.930853+00:00,hgtxr_e2e_project_qkv_Pipeline_VITIS_LOOP_847_1,generated/hgtxr_e2e_axis_vref_p0_softmax_input_x2_dsp_mixed_stream_ip/solution_e2e_q4w8a/syn/report/hgtxr_e2e_project_qkv_Pipeline_VITIS_LOOP_847_1_csynth.xml,True,,False,5.0,3.65,578,578,578,578,578,0,0,13,83,0,624,1728,460800,230400,96,0.0,0.0,0.0028211805555555555,0.03602430555555555,0.0,0.00289,True
p0_no_board_report_collection_2026_06_26,NB-P0-00,hgtxr_e2e_axis_vref_p0_softmax_input_x2_dsp_mixed_stream_ip,hgtxr_e2e_axis_vref_p0_softmax_input_x2_dsp_mixed_stream_ip,solution_e2e_q4w8a,hgtxr_e2e_project_qkv_Pipeline_VITIS_LOOP_852_2,parsed,hls_csynth_xml,2026-06-26T16:48:56.930853+00:00,hgtxr_e2e_project_qkv_Pipeline_VITIS_LOOP_852_2,generated/hgtxr_e2e_axis_vref_p0_softmax_input_x2_dsp_mixed_stream_ip/solution_e2e_q4w8a/syn/report/hgtxr_e2e_project_qkv_Pipeline_VITIS_LOOP_852_2_csynth.xml,True,,False,5.0,3.65,578,578,578,578,578,0,0,13,83,0,624,1728,460800,230400,96,0.0,0.0,0.0028211805555555555,0.03602430555555555,0.0,0.00289,True
p0_no_board_report_collection_2026_06_26,NB-P0-00,hgtxr_e2e_axis_vref_p0_softmax_input_x2_dsp_mixed_stream_ip,hgtxr_e2e_axis_vref_p0_softmax_input_x2_dsp_mixed_stream_ip,solution_e2e_q4w8a,hgtxr_e2e_project_qkv_Pipeline_VITIS_LOOP_857_3,parsed,hls_csynth_xml,2026-06-26T16:48:56.930853+00:00,hgtxr_e2e_project_qkv_Pipeline_VITIS_LOOP_857_3,generated/hgtxr_e2e_axis_vref_p0_softmax_input_x2_dsp_mixed_stream_ip/solution_e2e_q4w8a/syn/report/hgtxr_e2e_project_qkv_Pipeline_VITIS_LOOP_857_3_csynth.xml,True,,False,5.0,3.65,579,579,579,579,579,0,0,291,83,0,624,1728,460800,230400,96,0.0,0.0,0.06315104166666667,0.03602430555555555,0.0,0.002895,True
p0_no_board_report_collection_2026_06_26,NB-P0-00,hgtxr_e2e_axis_vref_p0_softmax_input_x2_dsp_mixed_stream_ip,hgtxr_e2e_axis_vref_p0_softmax_input_x2_dsp_mixed_stream_ip,solution_e2e_q4w8a,hgtxr_e2e_project_qkv_Pipeline_VITIS_LOOP_863_4_VITIS_LOOP_865_5_VITIS_LOOP_879_s,parsed,hls_csynth_xml,2026-06-26T16:48:56.930853+00:00,hgtxr_e2e_project_qkv_Pipeline_VITIS_LOOP_863_4_VITIS_LOOP_865_5_VITIS_LOOP_879_s,generated/hgtxr_e2e_axis_vref_p0_softmax_input_x2_dsp_mixed_stream_ip/solution_e2e_q4w8a/syn/report/hgtxr_e2e_project_qkv_Pipeline_VITIS_LOOP_863_4_VITIS_LOOP_865_5_VITIS_LOOP_879_s_csynth.xml,True,,False,5.0,3.49,73734,73734,73734,73734,73734,0,16,1144,2699,0,624,1728,460800,230400,96,0.0,0.9259259259259259,0.2482638888888889,1.1714409722222223,0.0,0.36867,True
p0_no_board_report_collection_2026_06_26,NB-P0-00,hgtxr_e2e_axis_vref_p0_softmax_input_x2_dsp_mixed_stream_ip,hgtxr_e2e_axis_vref_p0_softmax_input_x2_dsp_mixed_stream_ip,solution_e2e_q4w8a,hgtxr_e2e_project_qkv,parsed,hls_csynth_xml,2026-06-26T16:48:56.930853+00:00,hgtxr_e2e_project_qkv,generated/hgtxr_e2e_axis_vref_p0_softmax_input_x2_dsp_mixed_stream_ip/solution_e2e_q4w8a/syn/report/hgtxr_e2e_project_qkv_csynth.xml,True,,False,5.0,3.65,75501,75501,75501,75501,75501,15,16,1675,3641,0,624,1728,460800,230400,96,2.4038461538461537,0.9259259259259259,0.3634982638888889,1.5802951388888888,0.0,0.377505,True
p0_no_board_report_collection_2026_06_26,NB-P0-00,hgtxr_e2e_axis_vref_p0_softmax_input_x2_dsp_mixed_stream_ip,hgtxr_e2e_axis_vref_p0_softmax_input_x2_dsp_mixed_stream_ip,solution_e2e_q4w8a,hgtxr_global_buffer_load,parsed,hls_csynth_xml,2026-06-26T16:48:56.930853+00:00,hgtxr_global_buffer_load,generated/hgtxr_e2e_axis_vref_p0_softmax_input_x2_dsp_mixed_stream_ip/solution_e2e_q4w8a/syn/report/hgtxr_global_buffer_load_csynth.xml,True,,False,5.0,3.235,49154,49154,49154,49154,49154,0,0,53,242,0,624,1728,460800,230400,96,0.0,0.0,0.011501736111111112,0.10503472222222222,0.0,0.24577,True
p0_no_board_report_collection_2026_06_26,NB-P0-00,hgtxr_e2e_axis_vref_p0_softmax_input_x2_qkv_uram_csynth,hgtxr_e2e_axis_vref_p0_softmax_input_x2_qkv_uram_csynth,solution_e2e_q4w8a,hgtxr_axis_read_frame,parsed,hls_csynth_xml,2026-06-26T16:48:56.930853+00:00,hgtxr_axis_read_frame,generated/hgtxr_e2e_axis_vref_p0_softmax_input_x2_qkv_uram_csynth/solution_e2e_q4w8a/syn/report/hgtxr_axis_read_frame_csynth.xml,True,,False,5.0,2.29,65538,65538,65538,65538,65538,0,0,19,87,0,624,1728,460800,230400,96,0.0,0.0,0.004123263888888889,0.037760416666666664,0.0,0.32769,True
p0_no_board_report_collection_2026_06_26,NB-P0-00,hgtxr_e2e_axis_vref_p0_softmax_input_x2_qkv_uram_csynth,hgtxr_e2e_axis_vref_p0_softmax_input_x2_qkv_uram_csynth,solution_e2e_q4w8a,hgtxr_axis_write_state,parsed,hls_csynth_xml,2026-06-26T16:48:56.930853+00:00,hgtxr_axis_write_state,generated/hgtxr_e2e_axis_vref_p0_softmax_input_x2_qkv_uram_csynth/solution_e2e_q4w8a/syn/report/hgtxr_axis_write_state_csynth.xml,True,,False,5.0,1.527,8,8,8,8,8,0,0,7,81,0,624,1728,460800,230400,96,0.0,0.0,0.0015190972222222222,0.03515625,0.0,4e-05,True
p0_no_board_report_collection_2026_06_26,NB-P0-00,hgtxr_e2e_axis_vref_p0_softmax_input_x2_qkv_uram_csynth,hgtxr_e2e_axis_vref_p0_softmax_input_x2_qkv_uram_csynth,solution_e2e_q4w8a,hgtxr_conv_patch_embedding_Pipeline_VITIS_LOOP_642_1_VITIS_LOOP_644_2,parsed,hls_csynth_xml,2026-06-26T16:48:56.930853+00:00,hgtxr_conv_patch_embedding_Pipeline_VITIS_LOOP_642_1_VITIS_LOOP_644_2,generated/hgtxr_e2e_axis_vref_p0_softmax_input_x2_qkv_uram_csynth/solution_e2e_q4w8a/syn/report/hgtxr_conv_patch_embedding_Pipeline_VITIS_LOOP_642_1_VITIS_LOOP_644_2_csynth.xml,True,,False,5.0,3.235,49154,49154,49154,49154,49154,0,0,36,190,0,624,1728,460800,230400,96,0.0,0.0,0.0078125,0.08246527777777778,0.0,0.24577,True
p0_no_board_report_collection_2026_06_26,NB-P0-00,hgtxr_e2e_axis_vref_p0_softmax_input_x2_qkv_uram_csynth,hgtxr_e2e_axis_vref_p0_softmax_input_x2_qkv_uram_csynth,solution_e2e_q4w8a,hgtxr_conv_patch_embedding,parsed,hls_csynth_xml,2026-06-26T16:48:56.930853+00:00,hgtxr_conv_patch_embedding,generated/hgtxr_e2e_axis_vref_p0_softmax_input_x2_qkv_uram_csynth/solution_e2e_q4w8a/syn/report/hgtxr_conv_patch_embedding_csynth.xml,True,,False,5.0,3.235,52260,52260,52260,52260,52260,0,0,68,774,0,624,1728,460800,230400,96,0.0,0.0,0.014756944444444444,0.3359375,0.0,0.2613,True
p0_no_board_report_collection_2026_06_26,NB-P0-00,hgtxr_e2e_axis_vref_p0_softmax_input_x2_qkv_uram_csynth,hgtxr_e2e_axis_vref_p0_softmax_input_x2_qkv_uram_csynth,solution_e2e_q4w8a,hgtxr_e2e_attention_core_Pipeline_VITIS_LOOP_1001_9,parsed,hls_csynth_xml,2026-06-26T16:48:56.930853+00:00,hgtxr_e2e_attention_core_Pipeline_VITIS_LOOP_1001_9,generated/hgtxr_e2e_axis_vref_p0_softmax_input_x2_qkv_uram_csynth/solution_e2e_q4w8a/syn/report/hgtxr_e2e_attention_core_Pipeline_VITIS_LOOP_1001_9_csynth.xml,True,,False,5.0,3.584,19,19,19,19,19,0,0,31,225,0,624,1728,460800,230400,96,0.0,0.0,0.006727430555555556,0.09765625,0.0,9.5e-05,True
p0_no_board_report_collection_2026_06_26,NB-P0-00,hgtxr_e2e_axis_vref_p0_softmax_input_x2_qkv_uram_csynth,hgtxr_e2e_axis_vref_p0_softmax_input_x2_qkv_uram_csynth,solution_e2e_q4w8a,hgtxr_e2e_attention_core_Pipeline_VITIS_LOOP_1029_10_VITIS_LOOP_1037_12,parsed,hls_csynth_xml,2026-06-26T16:48:56.930853+00:00,hgtxr_e2e_attention_core_Pipeline_VITIS_LOOP_1029_10_VITIS_LOOP_1037_12,generated/hgtxr_e2e_axis_vref_p0_softmax_input_x2_qkv_uram_csynth/solution_e2e_q4w8a/syn/report/hgtxr_e2e_attention_core_Pipeline_VITIS_LOOP_1029_10_VITIS_LOOP_1037_12_csynth.xml,True,,False,5.0,3.221,133,133,133,133,133,0,16,937,1136,0,624,1728,460800,230400,96,0.0,0.9259259259259259,0.2033420138888889,0.4930555555555556,0.0,0.000665,True
p0_no_board_report_collection_2026_06_26,NB-P0-00,hgtxr_e2e_axis_vref_p0_softmax_input_x2_qkv_uram_csynth,hgtxr_e2e_axis_vref_p0_softmax_input_x2_qkv_uram_csynth,solution_e2e_q4w8a,hgtxr_e2e_attention_core_Pipeline_VITIS_LOOP_983_8,parsed,hls_csynth_xml,2026-06-26T16:48:56.930853+00:00,hgtxr_e2e_attention_core_Pipeline_VITIS_LOOP_983_8,generated/hgtxr_e2e_axis_vref_p0_softmax_input_x2_qkv_uram_csynth/solution_e2e_q4w8a/syn/report/hgtxr_e2e_attention_core_Pipeline_VITIS_LOOP_983_8_csynth.xml,True,,False,5.0,1.893,18,18,18,18,18,0,0,7,52,0,624,1728,460800,230400,96,0.0,0.0,0.0015190972222222222,0.022569444444444444,0.0,9e-05,True
p0_no_board_report_collection_2026_06_26,NB-P0-00,hgtxr_e2e_axis_vref_p0_softmax_input_x2_qkv_uram_csynth,hgtxr_e2e_axis_vref_p0_softmax_input_x2_qkv_uram_csynth,solution_e2e_q4w8a,hgtxr_e2e_attention_core,parsed,hls_csynth_xml,2026-06-26T16:48:56.930853+00:00,hgtxr_e2e_attention_core,generated/hgtxr_e2e_axis_vref_p0_softmax_input_x2_qkv_uram_csynth/solution_e2e_q4w8a/syn/report/hgtxr_e2e_attention_core_csynth.xml,True,,False,5.0,3.584,8449,8449,8449,8449,8449,0,16,1050,1628,0,624,1728,460800,230400,96,0.0,0.9259259259259259,0.22786458333333334,0.7065972222222222,0.0,0.042245,True
p0_no_board_report_collection_2026_06_26,NB-P0-00,hgtxr_e2e_axis_vref_p0_softmax_input_x2_qkv_uram_csynth,hgtxr_e2e_axis_vref_p0_softmax_input_x2_qkv_uram_csynth,solution_e2e_q4w8a,hgtxr_e2e_attn_unit_0_s,parsed,hls_csynth_xml,2026-06-26T16:48:56.930853+00:00,hgtxr_e2e_attn_unit_0_s,generated/hgtxr_e2e_axis_vref_p0_softmax_input_x2_qkv_uram_csynth/solution_e2e_q4w8a/syn/report/hgtxr_e2e_attn_unit_0_s_csynth.xml,True,,False,5.0,3.65,166954,166954,166954,166954,166954,0,48,4932,11513,4,624,1728,460800,230400,96,0.0,2.7777777777777777,1.0703125,4.996961805555555,4.166666666666667,0.83477,True
p0_no_board_report_collection_2026_06_26,NB-P0-00,hgtxr_e2e_axis_vref_p0_softmax_input_x2_qkv_uram_csynth,hgtxr_e2e_axis_vref_p0_softmax_input_x2_qkv_uram_csynth,solution_e2e_q4w8a,hgtxr_e2e_attn_unit_1_s,parsed,hls_csynth_xml,2026-06-26T16:48:56.930853+00:00,hgtxr_e2e_attn_unit_1_s,generated/hgtxr_e2e_axis_vref_p0_softmax_input_x2_qkv_uram_csynth/solution_e2e_q4w8a/syn/report/hgtxr_e2e_attn_unit_1_s_csynth.xml,True,,False,5.0,3.65,166954,166954,166954,166954,166954,0,48,4964,11597,4,624,1728,460800,230400,96,0.0,2.7777777777777777,1.0772569444444444,5.033420138888889,4.166666666666667,0.83477,True
p0_no_board_report_collection_2026_06_26,NB-P0-00,hgtxr_e2e_axis_vref_p0_softmax_input_x2_qkv_uram_csynth,hgtxr_e2e_axis_vref_p0_softmax_input_x2_qkv_uram_csynth,solution_e2e_q4w8a,hgtxr_e2e_axis_top,parsed,hls_csynth_xml,2026-06-26T16:48:56.930853+00:00,hgtxr_e2e_axis_top,generated/hgtxr_e2e_axis_vref_p0_softmax_input_x2_qkv_uram_csynth/solution_e2e_q4w8a/syn/report/hgtxr_e2e_axis_top_csynth.xml,True,,False,5.0,4.069,498485,498485,498485,498486,498486,114,128,19664,43236,40,624,1728,460800,230400,96,18.26923076923077,7.407407407407407,4.267361111111111,18.765625,41.666666666666664,2.492425,True
p0_no_board_report_collection_2026_06_26,NB-P0-00,hgtxr_e2e_axis_vref_p0_softmax_input_x2_qkv_uram_csynth,hgtxr_e2e_axis_vref_p0_softmax_input_x2_qkv_uram_csynth,solution_e2e_q4w8a,hgtxr_e2e_controller_run,parsed,hls_csynth_xml,2026-06-26T16:48:56.930853+00:00,hgtxr_e2e_controller_run,generated/hgtxr_e2e_axis_vref_p0_softmax_input_x2_qkv_uram_csynth/solution_e2e_q4w8a/syn/report/hgtxr_e2e_controller_run_csynth.xml,True,,False,5.0,4.069,377193,377193,377193,377193,377193,40,112,15305,35783,40,624,1728,460800,230400,96,6.410256410256411,6.481481481481482,3.3213975694444446,15.530815972222221,41.666666666666664,1.885965,True
p0_no_board_report_collection_2026_06_26,NB-P0-00,hgtxr_e2e_axis_vref_p0_softmax_input_x2_qkv_uram_csynth,hgtxr_e2e_axis_vref_p0_softmax_input_x2_qkv_uram_csynth,solution_e2e_q4w8a,hgtxr_e2e_layernorm_Pipeline_VITIS_LOOP_712_1,parsed,hls_csynth_xml,2026-06-26T16:48:56.930853+00:00,hgtxr_e2e_layernorm_Pipeline_VITIS_LOOP_712_1,generated/hgtxr_e2e_axis_vref_p0_softmax_input_x2_qkv_uram_csynth/solution_e2e_q4w8a/syn/report/hgtxr_e2e_layernorm_Pipeline_VITIS_LOOP_712_1_csynth.xml,True,,False,5.0,3.65,5,5,5,5,5,0,0,775,67,0,624,1728,460800,230400,96,0.0,0.0,0.1681857638888889,0.029079861111111112,0.0,2.5e-05,True
p0_no_board_report_collection_2026_06_26,NB-P0-00,hgtxr_e2e_axis_vref_p0_softmax_input_x2_qkv_uram_csynth,hgtxr_e2e_axis_vref_p0_softmax_input_x2_qkv_uram_csynth,solution_e2e_q4w8a,hgtxr_e2e_layernorm_Pipeline_VITIS_LOOP_719_2_VITIS_LOOP_746_5,parsed,hls_csynth_xml,2026-06-26T16:48:56.930853+00:00,hgtxr_e2e_layernorm_Pipeline_VITIS_LOOP_719_2_VITIS_LOOP_746_5,generated/hgtxr_e2e_axis_vref_p0_softmax_input_x2_qkv_uram_csynth/solution_e2e_q4w8a/syn/report/hgtxr_e2e_layernorm_Pipeline_VITIS_LOOP_719_2_VITIS_LOOP_746_5_csynth.xml,True,,False,5.0,3.201,3075,3075,3075,3075,3075,0,0,63,639,0,624,1728,460800,230400,96,0.0,0.0,0.013671875,0.27734375,0.0,0.015375,True
p0_no_board_report_collection_2026_06_26,NB-P0-00,hgtxr_e2e_axis_vref_p0_softmax_input_x2_qkv_uram_csynth,hgtxr_e2e_axis_vref_p0_softmax_input_x2_qkv_uram_csynth,solution_e2e_q4w8a,hgtxr_e2e_layernorm,parsed,hls_csynth_xml,2026-06-26T16:48:56.930853+00:00,hgtxr_e2e_layernorm,generated/hgtxr_e2e_axis_vref_p0_softmax_input_x2_qkv_uram_csynth/solution_e2e_q4w8a/syn/report/hgtxr_e2e_layernorm_csynth.xml,True,,False,5.0,3.65,3092,3092,3092,3092,3092,0,0,912,983,0,624,1728,460800,230400,96,0.0,0.0,0.19791666666666666,0.4266493055555556,0.0,0.01546,True
p0_no_board_report_collection_2026_06_26,NB-P0-00,hgtxr_e2e_axis_vref_p0_softmax_input_x2_qkv_uram_csynth,hgtxr_e2e_axis_vref_p0_softmax_input_x2_qkv_uram_csynth,solution_e2e_q4w8a,hgtxr_e2e_mlp_head_Pipeline_VITIS_LOOP_1222_1,parsed,hls_csynth_xml,2026-06-26T16:48:56.930853+00:00,hgtxr_e2e_mlp_head_Pipeline_VITIS_LOOP_1222_1,generated/hgtxr_e2e_axis_vref_p0_softmax_input_x2_qkv_uram_csynth/solution_e2e_q4w8a/syn/report/hgtxr_e2e_mlp_head_Pipeline_VITIS_LOOP_1222_1_csynth.xml,True,,False,5.0,1.869,194,194,194,194,194,0,0,10,57,0,624,1728,460800,230400,96,0.0,0.0,0.002170138888888889,0.024739583333333332,0.0,0.00097,True
p0_no_board_report_collection_2026_06_26,NB-P0-00,hgtxr_e2e_axis_vref_p0_softmax_input_x2_qkv_uram_csynth,hgtxr_e2e_axis_vref_p0_softmax_input_x2_qkv_uram_csynth,solution_e2e_q4w8a,hgtxr_e2e_mlp_head_Pipeline_VITIS_LOOP_1228_2_VITIS_LOOP_1230_3,parsed,hls_csynth_xml,2026-06-26T16:48:56.930853+00:00,hgtxr_e2e_mlp_head_Pipeline_VITIS_LOOP_1228_2_VITIS_LOOP_1230_3,generated/hgtxr_e2e_axis_vref_p0_softmax_input_x2_qkv_uram_csynth/solution_e2e_q4w8a/syn/report/hgtxr_e2e_mlp_head_Pipeline_VITIS_LOOP_1228_2_VITIS_LOOP_1230_3_csynth.xml,True,,False,5.0,2.84,6146,6146,6146,6146,6146,0,0,97,334,0,624,1728,460800,230400,96,0.0,0.0,0.021050347222222224,0.1449652777777778,0.0,0.03073,True
p0_no_board_report_collection_2026_06_26,NB-P0-00,hgtxr_e2e_axis_vref_p0_softmax_input_x2_qkv_uram_csynth,hgtxr_e2e_axis_vref_p0_softmax_input_x2_qkv_uram_csynth,solution_e2e_q4w8a,hgtxr_e2e_mlp_head_Pipeline_VITIS_LOOP_1245_6,parsed,hls_csynth_xml,2026-06-26T16:48:56.930853+00:00,hgtxr_e2e_mlp_head_Pipeline_VITIS_LOOP_1245_6,generated/hgtxr_e2e_axis_vref_p0_softmax_input_x2_qkv_uram_csynth/solution_e2e_q4w8a/syn/report/hgtxr_e2e_mlp_head_Pipeline_VITIS_LOOP_1245_6_csynth.xml,True,,False,5.0,3.65,36,36,36,36,36,0,16,1472,1556,0,624,1728,460800,230400,96,0.0,0.9259259259259259,0.3194444444444444,0.6753472222222222,0.0,0.00018,True
p0_no_board_report_collection_2026_06_26,NB-P0-00,hgtxr_e2e_axis_vref_p0_softmax_input_x2_qkv_uram_csynth,hgtxr_e2e_axis_vref_p0_softmax_input_x2_qkv_uram_csynth,solution_e2e_q4w8a,hgtxr_e2e_mlp_head,parsed,hls_csynth_xml,2026-06-26T16:48:56.930853+00:00,hgtxr_e2e_mlp_head,generated/hgtxr_e2e_axis_vref_p0_softmax_input_x2_qkv_uram_csynth/solution_e2e_q4w8a/syn/report/hgtxr_e2e_mlp_head_csynth.xml,True,,False,5.0,3.65,6584,6584,6584,6584,6584,0,16,1766,3097,0,624,1728,460800,230400,96,0.0,0.9259259259259259,0.3832465277777778,1.3441840277777777,0.0,0.03292,True
p0_no_board_report_collection_2026_06_26,NB-P0-00,hgtxr_e2e_axis_vref_p0_softmax_input_x2_qkv_uram_csynth,hgtxr_e2e_axis_vref_p0_softmax_input_x2_qkv_uram_csynth,solution_e2e_q4w8a,hgtxr_e2e_mlp_unit_0_Pipeline_VITIS_LOOP_1175_9,parsed,hls_csynth_xml,2026-06-26T16:48:56.930853+00:00,hgtxr_e2e_mlp_unit_0_Pipeline_VITIS_LOOP_1175_9,generated/hgtxr_e2e_axis_vref_p0_softmax_input_x2_qkv_uram_csynth/solution_e2e_q4w8a/syn/report/hgtxr_e2e_mlp_unit_0_Pipeline_VITIS_LOOP_1175_9_csynth.xml,True,,False,5.0,3.727,44,44,44,44,44,0,8,1541,1644,0,624,1728,460800,230400,96,0.0,0.46296296296296297,0.3344184027777778,0.7135416666666666,0.0,0.00022,True
p0_no_board_report_collection_2026_06_26,NB-P0-00,hgtxr_e2e_axis_vref_p0_softmax_input_x2_qkv_uram_csynth,hgtxr_e2e_axis_vref_p0_softmax_input_x2_qkv_uram_csynth,solution_e2e_q4w8a,hgtxr_e2e_mlp_unit_0_s,parsed,hls_csynth_xml,2026-06-26T16:48:56.930853+00:00,hgtxr_e2e_mlp_unit_0_s,generated/hgtxr_e2e_axis_vref_p0_softmax_input_x2_qkv_uram_csynth/solution_e2e_q4w8a/syn/report/hgtxr_e2e_mlp_unit_0_s_csynth.xml,True,,False,5.0,3.727,21638,21638,21638,21638,21638,0,8,2689,3926,0,624,1728,460800,230400,96,0.0,0.46296296296296297,0.5835503472222222,1.7039930555555556,0.0,0.10819,True
p0_no_board_report_collection_2026_06_26,NB-P0-00,hgtxr_e2e_axis_vref_p0_softmax_input_x2_qkv_uram_csynth,hgtxr_e2e_axis_vref_p0_softmax_input_x2_qkv_uram_csynth,solution_e2e_q4w8a,hgtxr_e2e_mlp_unit_1_Pipeline_VITIS_LOOP_1175_9,parsed,hls_csynth_xml,2026-06-26T16:48:56.930853+00:00,hgtxr_e2e_mlp_unit_1_Pipeline_VITIS_LOOP_1175_9,generated/hgtxr_e2e_axis_vref_p0_softmax_input_x2_qkv_uram_csynth/solution_e2e_q4w8a/syn/report/hgtxr_e2e_mlp_unit_1_Pipeline_VITIS_LOOP_1175_9_csynth.xml,True,,False,5.0,4.069,44,44,44,44,44,0,8,1541,1692,0,624,1728,460800,230400,96,0.0,0.46296296296296297,0.3344184027777778,0.734375,0.0,0.00022,True
p0_no_board_report_collection_2026_06_26,NB-P0-00,hgtxr_e2e_axis_vref_p0_softmax_input_x2_qkv_uram_csynth,hgtxr_e2e_axis_vref_p0_softmax_input_x2_qkv_uram_csynth,solution_e2e_q4w8a,hgtxr_e2e_mlp_unit_1_s,parsed,hls_csynth_xml,2026-06-26T16:48:56.930853+00:00,hgtxr_e2e_mlp_unit_1_s,generated/hgtxr_e2e_axis_vref_p0_softmax_input_x2_qkv_uram_csynth/solution_e2e_q4w8a/syn/report/hgtxr_e2e_mlp_unit_1_s_csynth.xml,True,,False,5.0,4.069,21638,21638,21638,21638,21638,0,8,2703,4007,0,624,1728,460800,230400,96,0.0,0.46296296296296297,0.5865885416666666,1.7391493055555556,0.0,0.10819,True
p0_no_board_report_collection_2026_06_26,NB-P0-00,hgtxr_e2e_axis_vref_p0_softmax_input_x2_qkv_uram_csynth,hgtxr_e2e_axis_vref_p0_softmax_input_x2_qkv_uram_csynth,solution_e2e_q4w8a,hgtxr_e2e_output_projection_Pipeline_VITIS_LOOP_1075_4,parsed,hls_csynth_xml,2026-06-26T16:48:56.930853+00:00,hgtxr_e2e_output_projection_Pipeline_VITIS_LOOP_1075_4,generated/hgtxr_e2e_axis_vref_p0_softmax_input_x2_qkv_uram_csynth/solution_e2e_q4w8a/syn/report/hgtxr_e2e_output_projection_Pipeline_VITIS_LOOP_1075_4_csynth.xml,True,,False,5.0,3.65,204,204,204,204,204,0,16,1053,3267,0,624,1728,460800,230400,96,0.0,0.9259259259259259,0.228515625,1.41796875,0.0,0.00102,True
p0_no_board_report_collection_2026_06_26,NB-P0-00,hgtxr_e2e_axis_vref_p0_softmax_input_x2_qkv_uram_csynth,hgtxr_e2e_axis_vref_p0_softmax_input_x2_qkv_uram_csynth,solution_e2e_q4w8a,hgtxr_e2e_output_projection,parsed,hls_csynth_xml,2026-06-26T16:48:56.930853+00:00,hgtxr_e2e_output_projection,generated/hgtxr_e2e_axis_vref_p0_softmax_input_x2_qkv_uram_csynth/solution_e2e_q4w8a/syn/report/hgtxr_e2e_output_projection_csynth.xml,True,,False,5.0,3.65,79905,79905,79905,79905,79905,0,16,1283,4304,0,624,1728,460800,230400,96,0.0,0.9259259259259259,0.2784288194444444,1.8680555555555556,0.0,0.399525,True
p0_no_board_report_collection_2026_06_26,NB-P0-00,hgtxr_e2e_axis_vref_p0_softmax_input_x2_qkv_uram_csynth,hgtxr_e2e_axis_vref_p0_softmax_input_x2_qkv_uram_csynth,solution_e2e_q4w8a,hgtxr_e2e_project_qkv_Pipeline_VITIS_LOOP_847_1,parsed,hls_csynth_xml,2026-06-26T16:48:56.930853+00:00,hgtxr_e2e_project_qkv_Pipeline_VITIS_LOOP_847_1,generated/hgtxr_e2e_axis_vref_p0_softmax_input_x2_qkv_uram_csynth/solution_e2e_q4w8a/syn/report/hgtxr_e2e_project_qkv_Pipeline_VITIS_LOOP_847_1_csynth.xml,True,,False,5.0,3.65,578,578,578,578,578,0,0,13,83,0,624,1728,460800,230400,96,0.0,0.0,0.0028211805555555555,0.03602430555555555,0.0,0.00289,True
p0_no_board_report_collection_2026_06_26,NB-P0-00,hgtxr_e2e_axis_vref_p0_softmax_input_x2_qkv_uram_csynth,hgtxr_e2e_axis_vref_p0_softmax_input_x2_qkv_uram_csynth,solution_e2e_q4w8a,hgtxr_e2e_project_qkv_Pipeline_VITIS_LOOP_852_2,parsed,hls_csynth_xml,2026-06-26T16:48:56.930853+00:00,hgtxr_e2e_project_qkv_Pipeline_VITIS_LOOP_852_2,generated/hgtxr_e2e_axis_vref_p0_softmax_input_x2_qkv_uram_csynth/solution_e2e_q4w8a/syn/report/hgtxr_e2e_project_qkv_Pipeline_VITIS_LOOP_852_2_csynth.xml,True,,False,5.0,3.65,578,578,578,578,578,0,0,13,83,0,624,1728,460800,230400,96,0.0,0.0,0.0028211805555555555,0.03602430555555555,0.0,0.00289,True
p0_no_board_report_collection_2026_06_26,NB-P0-00,hgtxr_e2e_axis_vref_p0_softmax_input_x2_qkv_uram_csynth,hgtxr_e2e_axis_vref_p0_softmax_input_x2_qkv_uram_csynth,solution_e2e_q4w8a,hgtxr_e2e_project_qkv_Pipeline_VITIS_LOOP_857_3,parsed,hls_csynth_xml,2026-06-26T16:48:56.930853+00:00,hgtxr_e2e_project_qkv_Pipeline_VITIS_LOOP_857_3,generated/hgtxr_e2e_axis_vref_p0_softmax_input_x2_qkv_uram_csynth/solution_e2e_q4w8a/syn/report/hgtxr_e2e_project_qkv_Pipeline_VITIS_LOOP_857_3_csynth.xml,True,,False,5.0,3.65,579,579,579,579,579,0,0,291,83,0,624,1728,460800,230400,96,0.0,0.0,0.06315104166666667,0.03602430555555555,0.0,0.002895,True
p0_no_board_report_collection_2026_06_26,NB-P0-00,hgtxr_e2e_axis_vref_p0_softmax_input_x2_qkv_uram_csynth,hgtxr_e2e_axis_vref_p0_softmax_input_x2_qkv_uram_csynth,solution_e2e_q4w8a,hgtxr_e2e_project_qkv_Pipeline_VITIS_LOOP_863_4_VITIS_LOOP_865_5_VITIS_LOOP_879_s,parsed,hls_csynth_xml,2026-06-26T16:48:56.930853+00:00,hgtxr_e2e_project_qkv_Pipeline_VITIS_LOOP_863_4_VITIS_LOOP_865_5_VITIS_LOOP_879_s,generated/hgtxr_e2e_axis_vref_p0_softmax_input_x2_qkv_uram_csynth/solution_e2e_q4w8a/syn/report/hgtxr_e2e_project_qkv_Pipeline_VITIS_LOOP_863_4_VITIS_LOOP_865_5_VITIS_LOOP_879_s_csynth.xml,True,,False,5.0,3.49,73734,73734,73734,73734,73734,0,16,1144,2699,0,624,1728,460800,230400,96,0.0,0.9259259259259259,0.2482638888888889,1.1714409722222223,0.0,0.36867,True
p0_no_board_report_collection_2026_06_26,NB-P0-00,hgtxr_e2e_axis_vref_p0_softmax_input_x2_qkv_uram_csynth,hgtxr_e2e_axis_vref_p0_softmax_input_x2_qkv_uram_csynth,solution_e2e_q4w8a,hgtxr_e2e_project_qkv,parsed,hls_csynth_xml,2026-06-26T16:48:56.930853+00:00,hgtxr_e2e_project_qkv,generated/hgtxr_e2e_axis_vref_p0_softmax_input_x2_qkv_uram_csynth/solution_e2e_q4w8a/syn/report/hgtxr_e2e_project_qkv_csynth.xml,True,,False,5.0,3.65,75501,75501,75501,75501,75501,0,16,1675,3641,4,624,1728,460800,230400,96,0.0,0.9259259259259259,0.3634982638888889,1.5802951388888888,4.166666666666667,0.377505,True
p0_no_board_report_collection_2026_06_26,NB-P0-00,hgtxr_e2e_axis_vref_p0_softmax_input_x2_qkv_uram_csynth,hgtxr_e2e_axis_vref_p0_softmax_input_x2_qkv_uram_csynth,solution_e2e_q4w8a,hgtxr_global_buffer_load,parsed,hls_csynth_xml,2026-06-26T16:48:56.930853+00:00,hgtxr_global_buffer_load,generated/hgtxr_e2e_axis_vref_p0_softmax_input_x2_qkv_uram_csynth/solution_e2e_q4w8a/syn/report/hgtxr_global_buffer_load_csynth.xml,True,,False,5.0,3.235,49154,49154,49154,49154,49154,0,0,53,242,0,624,1728,460800,230400,96,0.0,0.0,0.011501736111111112,0.10503472222222222,0.0,0.24577,True
p0_no_board_report_collection_2026_06_26,NB-P0-00,hgtxr_e2e_axis_vref_p0_softmax_input_x2_qkv_uram_ip,hgtxr_e2e_axis_vref_p0_softmax_input_x2_qkv_uram_ip,solution_e2e_q4w8a,hgtxr_axis_read_frame,parsed,hls_csynth_xml,2026-06-26T16:48:56.930853+00:00,hgtxr_axis_read_frame,generated/hgtxr_e2e_axis_vref_p0_softmax_input_x2_qkv_uram_ip/solution_e2e_q4w8a/syn/report/hgtxr_axis_read_frame_csynth.xml,True,,False,5.0,2.29,65538,65538,65538,65538,65538,0,0,19,87,0,624,1728,460800,230400,96,0.0,0.0,0.004123263888888889,0.037760416666666664,0.0,0.32769,True
p0_no_board_report_collection_2026_06_26,NB-P0-00,hgtxr_e2e_axis_vref_p0_softmax_input_x2_qkv_uram_ip,hgtxr_e2e_axis_vref_p0_softmax_input_x2_qkv_uram_ip,solution_e2e_q4w8a,hgtxr_axis_write_state,parsed,hls_csynth_xml,2026-06-26T16:48:56.930853+00:00,hgtxr_axis_write_state,generated/hgtxr_e2e_axis_vref_p0_softmax_input_x2_qkv_uram_ip/solution_e2e_q4w8a/syn/report/hgtxr_axis_write_state_csynth.xml,True,,False,5.0,1.527,8,8,8,8,8,0,0,7,81,0,624,1728,460800,230400,96,0.0,0.0,0.0015190972222222222,0.03515625,0.0,4e-05,True
p0_no_board_report_collection_2026_06_26,NB-P0-00,hgtxr_e2e_axis_vref_p0_softmax_input_x2_qkv_uram_ip,hgtxr_e2e_axis_vref_p0_softmax_input_x2_qkv_uram_ip,solution_e2e_q4w8a,hgtxr_conv_patch_embedding_Pipeline_VITIS_LOOP_642_1_VITIS_LOOP_644_2,parsed,hls_csynth_xml,2026-06-26T16:48:56.930853+00:00,hgtxr_conv_patch_embedding_Pipeline_VITIS_LOOP_642_1_VITIS_LOOP_644_2,generated/hgtxr_e2e_axis_vref_p0_softmax_input_x2_qkv_uram_ip/solution_e2e_q4w8a/syn/report/hgtxr_conv_patch_embedding_Pipeline_VITIS_LOOP_642_1_VITIS_LOOP_644_2_csynth.xml,True,,False,5.0,3.235,49154,49154,49154,49154,49154,0,0,36,190,0,624,1728,460800,230400,96,0.0,0.0,0.0078125,0.08246527777777778,0.0,0.24577,True
p0_no_board_report_collection_2026_06_26,NB-P0-00,hgtxr_e2e_axis_vref_p0_softmax_input_x2_qkv_uram_ip,hgtxr_e2e_axis_vref_p0_softmax_input_x2_qkv_uram_ip,solution_e2e_q4w8a,hgtxr_conv_patch_embedding,parsed,hls_csynth_xml,2026-06-26T16:48:56.930853+00:00,hgtxr_conv_patch_embedding,generated/hgtxr_e2e_axis_vref_p0_softmax_input_x2_qkv_uram_ip/solution_e2e_q4w8a/syn/report/hgtxr_conv_patch_embedding_csynth.xml,True,,False,5.0,3.235,52260,52260,52260,52260,52260,0,0,68,774,0,624,1728,460800,230400,96,0.0,0.0,0.014756944444444444,0.3359375,0.0,0.2613,True
p0_no_board_report_collection_2026_06_26,NB-P0-00,hgtxr_e2e_axis_vref_p0_softmax_input_x2_qkv_uram_ip,hgtxr_e2e_axis_vref_p0_softmax_input_x2_qkv_uram_ip,solution_e2e_q4w8a,hgtxr_e2e_attention_core_Pipeline_VITIS_LOOP_1001_9,parsed,hls_csynth_xml,2026-06-26T16:48:56.930853+00:00,hgtxr_e2e_attention_core_Pipeline_VITIS_LOOP_1001_9,generated/hgtxr_e2e_axis_vref_p0_softmax_input_x2_qkv_uram_ip/solution_e2e_q4w8a/syn/report/hgtxr_e2e_attention_core_Pipeline_VITIS_LOOP_1001_9_csynth.xml,True,,False,5.0,3.584,19,19,19,19,19,0,0,31,225,0,624,1728,460800,230400,96,0.0,0.0,0.006727430555555556,0.09765625,0.0,9.5e-05,True
p0_no_board_report_collection_2026_06_26,NB-P0-00,hgtxr_e2e_axis_vref_p0_softmax_input_x2_qkv_uram_ip,hgtxr_e2e_axis_vref_p0_softmax_input_x2_qkv_uram_ip,solution_e2e_q4w8a,hgtxr_e2e_attention_core_Pipeline_VITIS_LOOP_1029_10_VITIS_LOOP_1037_12,parsed,hls_csynth_xml,2026-06-26T16:48:56.930853+00:00,hgtxr_e2e_attention_core_Pipeline_VITIS_LOOP_1029_10_VITIS_LOOP_1037_12,generated/hgtxr_e2e_axis_vref_p0_softmax_input_x2_qkv_uram_ip/solution_e2e_q4w8a/syn/report/hgtxr_e2e_attention_core_Pipeline_VITIS_LOOP_1029_10_VITIS_LOOP_1037_12_csynth.xml,True,,False,5.0,3.221,133,133,133,133,133,0,16,937,1136,0,624,1728,460800,230400,96,0.0,0.9259259259259259,0.2033420138888889,0.4930555555555556,0.0,0.000665,True
p0_no_board_report_collection_2026_06_26,NB-P0-00,hgtxr_e2e_axis_vref_p0_softmax_input_x2_qkv_uram_ip,hgtxr_e2e_axis_vref_p0_softmax_input_x2_qkv_uram_ip,solution_e2e_q4w8a,hgtxr_e2e_attention_core_Pipeline_VITIS_LOOP_983_8,parsed,hls_csynth_xml,2026-06-26T16:48:56.930853+00:00,hgtxr_e2e_attention_core_Pipeline_VITIS_LOOP_983_8,generated/hgtxr_e2e_axis_vref_p0_softmax_input_x2_qkv_uram_ip/solution_e2e_q4w8a/syn/report/hgtxr_e2e_attention_core_Pipeline_VITIS_LOOP_983_8_csynth.xml,True,,False,5.0,1.893,18,18,18,18,18,0,0,7,52,0,624,1728,460800,230400,96,0.0,0.0,0.0015190972222222222,0.022569444444444444,0.0,9e-05,True
p0_no_board_report_collection_2026_06_26,NB-P0-00,hgtxr_e2e_axis_vref_p0_softmax_input_x2_qkv_uram_ip,hgtxr_e2e_axis_vref_p0_softmax_input_x2_qkv_uram_ip,solution_e2e_q4w8a,hgtxr_e2e_attention_core,parsed,hls_csynth_xml,2026-06-26T16:48:56.930853+00:00,hgtxr_e2e_attention_core,generated/hgtxr_e2e_axis_vref_p0_softmax_input_x2_qkv_uram_ip/solution_e2e_q4w8a/syn/report/hgtxr_e2e_attention_core_csynth.xml,True,,False,5.0,3.584,8449,8449,8449,8449,8449,0,16,1050,1628,0,624,1728,460800,230400,96,0.0,0.9259259259259259,0.22786458333333334,0.7065972222222222,0.0,0.042245,True
p0_no_board_report_collection_2026_06_26,NB-P0-00,hgtxr_e2e_axis_vref_p0_softmax_input_x2_qkv_uram_ip,hgtxr_e2e_axis_vref_p0_softmax_input_x2_qkv_uram_ip,solution_e2e_q4w8a,hgtxr_e2e_attn_unit_0_s,parsed,hls_csynth_xml,2026-06-26T16:48:56.930853+00:00,hgtxr_e2e_attn_unit_0_s,generated/hgtxr_e2e_axis_vref_p0_softmax_input_x2_qkv_uram_ip/solution_e2e_q4w8a/syn/report/hgtxr_e2e_attn_unit_0_s_csynth.xml,True,,False,5.0,3.65,166954,166954,166954,166954,166954,0,48,4932,11513,4,624,1728,460800,230400,96,0.0,2.7777777777777777,1.0703125,4.996961805555555,4.166666666666667,0.83477,True
p0_no_board_report_collection_2026_06_26,NB-P0-00,hgtxr_e2e_axis_vref_p0_softmax_input_x2_qkv_uram_ip,hgtxr_e2e_axis_vref_p0_softmax_input_x2_qkv_uram_ip,solution_e2e_q4w8a,hgtxr_e2e_attn_unit_1_s,parsed,hls_csynth_xml,2026-06-26T16:48:56.930853+00:00,hgtxr_e2e_attn_unit_1_s,generated/hgtxr_e2e_axis_vref_p0_softmax_input_x2_qkv_uram_ip/solution_e2e_q4w8a/syn/report/hgtxr_e2e_attn_unit_1_s_csynth.xml,True,,False,5.0,3.65,166954,166954,166954,166954,166954,0,48,4964,11597,4,624,1728,460800,230400,96,0.0,2.7777777777777777,1.0772569444444444,5.033420138888889,4.166666666666667,0.83477,True
p0_no_board_report_collection_2026_06_26,NB-P0-00,hgtxr_e2e_axis_vref_p0_softmax_input_x2_qkv_uram_ip,hgtxr_e2e_axis_vref_p0_softmax_input_x2_qkv_uram_ip,solution_e2e_q4w8a,hgtxr_e2e_axis_top,parsed,hls_csynth_xml,2026-06-26T16:48:56.930853+00:00,hgtxr_e2e_axis_top,generated/hgtxr_e2e_axis_vref_p0_softmax_input_x2_qkv_uram_ip/solution_e2e_q4w8a/syn/report/hgtxr_e2e_axis_top_csynth.xml,True,,False,5.0,4.069,498485,498485,498485,498486,498486,114,128,19664,43236,40,624,1728,460800,230400,96,18.26923076923077,7.407407407407407,4.267361111111111,18.765625,41.666666666666664,2.492425,True
p0_no_board_report_collection_2026_06_26,NB-P0-00,hgtxr_e2e_axis_vref_p0_softmax_input_x2_qkv_uram_ip,hgtxr_e2e_axis_vref_p0_softmax_input_x2_qkv_uram_ip,solution_e2e_q4w8a,hgtxr_e2e_controller_run,parsed,hls_csynth_xml,2026-06-26T16:48:56.930853+00:00,hgtxr_e2e_controller_run,generated/hgtxr_e2e_axis_vref_p0_softmax_input_x2_qkv_uram_ip/solution_e2e_q4w8a/syn/report/hgtxr_e2e_controller_run_csynth.xml,True,,False,5.0,4.069,377193,377193,377193,377193,377193,40,112,15305,35783,40,624,1728,460800,230400,96,6.410256410256411,6.481481481481482,3.3213975694444446,15.530815972222221,41.666666666666664,1.885965,True
p0_no_board_report_collection_2026_06_26,NB-P0-00,hgtxr_e2e_axis_vref_p0_softmax_input_x2_qkv_uram_ip,hgtxr_e2e_axis_vref_p0_softmax_input_x2_qkv_uram_ip,solution_e2e_q4w8a,hgtxr_e2e_layernorm_Pipeline_VITIS_LOOP_712_1,parsed,hls_csynth_xml,2026-06-26T16:48:56.930853+00:00,hgtxr_e2e_layernorm_Pipeline_VITIS_LOOP_712_1,generated/hgtxr_e2e_axis_vref_p0_softmax_input_x2_qkv_uram_ip/solution_e2e_q4w8a/syn/report/hgtxr_e2e_layernorm_Pipeline_VITIS_LOOP_712_1_csynth.xml,True,,False,5.0,3.65,5,5,5,5,5,0,0,775,67,0,624,1728,460800,230400,96,0.0,0.0,0.1681857638888889,0.029079861111111112,0.0,2.5e-05,True
p0_no_board_report_collection_2026_06_26,NB-P0-00,hgtxr_e2e_axis_vref_p0_softmax_input_x2_qkv_uram_ip,hgtxr_e2e_axis_vref_p0_softmax_input_x2_qkv_uram_ip,solution_e2e_q4w8a,hgtxr_e2e_layernorm_Pipeline_VITIS_LOOP_719_2_VITIS_LOOP_746_5,parsed,hls_csynth_xml,2026-06-26T16:48:56.930853+00:00,hgtxr_e2e_layernorm_Pipeline_VITIS_LOOP_719_2_VITIS_LOOP_746_5,generated/hgtxr_e2e_axis_vref_p0_softmax_input_x2_qkv_uram_ip/solution_e2e_q4w8a/syn/report/hgtxr_e2e_layernorm_Pipeline_VITIS_LOOP_719_2_VITIS_LOOP_746_5_csynth.xml,True,,False,5.0,3.201,3075,3075,3075,3075,3075,0,0,63,639,0,624,1728,460800,230400,96,0.0,0.0,0.013671875,0.27734375,0.0,0.015375,True
p0_no_board_report_collection_2026_06_26,NB-P0-00,hgtxr_e2e_axis_vref_p0_softmax_input_x2_qkv_uram_ip,hgtxr_e2e_axis_vref_p0_softmax_input_x2_qkv_uram_ip,solution_e2e_q4w8a,hgtxr_e2e_layernorm,parsed,hls_csynth_xml,2026-06-26T16:48:56.930853+00:00,hgtxr_e2e_layernorm,generated/hgtxr_e2e_axis_vref_p0_softmax_input_x2_qkv_uram_ip/solution_e2e_q4w8a/syn/report/hgtxr_e2e_layernorm_csynth.xml,True,,False,5.0,3.65,3092,3092,3092,3092,3092,0,0,912,983,0,624,1728,460800,230400,96,0.0,0.0,0.19791666666666666,0.4266493055555556,0.0,0.01546,True
p0_no_board_report_collection_2026_06_26,NB-P0-00,hgtxr_e2e_axis_vref_p0_softmax_input_x2_qkv_uram_ip,hgtxr_e2e_axis_vref_p0_softmax_input_x2_qkv_uram_ip,solution_e2e_q4w8a,hgtxr_e2e_mlp_head_Pipeline_VITIS_LOOP_1222_1,parsed,hls_csynth_xml,2026-06-26T16:48:56.930853+00:00,hgtxr_e2e_mlp_head_Pipeline_VITIS_LOOP_1222_1,generated/hgtxr_e2e_axis_vref_p0_softmax_input_x2_qkv_uram_ip/solution_e2e_q4w8a/syn/report/hgtxr_e2e_mlp_head_Pipeline_VITIS_LOOP_1222_1_csynth.xml,True,,False,5.0,1.869,194,194,194,194,194,0,0,10,57,0,624,1728,460800,230400,96,0.0,0.0,0.002170138888888889,0.024739583333333332,0.0,0.00097,True
p0_no_board_report_collection_2026_06_26,NB-P0-00,hgtxr_e2e_axis_vref_p0_softmax_input_x2_qkv_uram_ip,hgtxr_e2e_axis_vref_p0_softmax_input_x2_qkv_uram_ip,solution_e2e_q4w8a,hgtxr_e2e_mlp_head_Pipeline_VITIS_LOOP_1228_2_VITIS_LOOP_1230_3,parsed,hls_csynth_xml,2026-06-26T16:48:56.930853+00:00,hgtxr_e2e_mlp_head_Pipeline_VITIS_LOOP_1228_2_VITIS_LOOP_1230_3,generated/hgtxr_e2e_axis_vref_p0_softmax_input_x2_qkv_uram_ip/solution_e2e_q4w8a/syn/report/hgtxr_e2e_mlp_head_Pipeline_VITIS_LOOP_1228_2_VITIS_LOOP_1230_3_csynth.xml,True,,False,5.0,2.84,6146,6146,6146,6146,6146,0,0,97,334,0,624,1728,460800,230400,96,0.0,0.0,0.021050347222222224,0.1449652777777778,0.0,0.03073,True
p0_no_board_report_collection_2026_06_26,NB-P0-00,hgtxr_e2e_axis_vref_p0_softmax_input_x2_qkv_uram_ip,hgtxr_e2e_axis_vref_p0_softmax_input_x2_qkv_uram_ip,solution_e2e_q4w8a,hgtxr_e2e_mlp_head_Pipeline_VITIS_LOOP_1245_6,parsed,hls_csynth_xml,2026-06-26T16:48:56.930853+00:00,hgtxr_e2e_mlp_head_Pipeline_VITIS_LOOP_1245_6,generated/hgtxr_e2e_axis_vref_p0_softmax_input_x2_qkv_uram_ip/solution_e2e_q4w8a/syn/report/hgtxr_e2e_mlp_head_Pipeline_VITIS_LOOP_1245_6_csynth.xml,True,,False,5.0,3.65,36,36,36,36,36,0,16,1472,1556,0,624,1728,460800,230400,96,0.0,0.9259259259259259,0.3194444444444444,0.6753472222222222,0.0,0.00018,True
p0_no_board_report_collection_2026_06_26,NB-P0-00,hgtxr_e2e_axis_vref_p0_softmax_input_x2_qkv_uram_ip,hgtxr_e2e_axis_vref_p0_softmax_input_x2_qkv_uram_ip,solution_e2e_q4w8a,hgtxr_e2e_mlp_head,parsed,hls_csynth_xml,2026-06-26T16:48:56.930853+00:00,hgtxr_e2e_mlp_head,generated/hgtxr_e2e_axis_vref_p0_softmax_input_x2_qkv_uram_ip/solution_e2e_q4w8a/syn/report/hgtxr_e2e_mlp_head_csynth.xml,True,,False,5.0,3.65,6584,6584,6584,6584,6584,0,16,1766,3097,0,624,1728,460800,230400,96,0.0,0.9259259259259259,0.3832465277777778,1.3441840277777777,0.0,0.03292,True
p0_no_board_report_collection_2026_06_26,NB-P0-00,hgtxr_e2e_axis_vref_p0_softmax_input_x2_qkv_uram_ip,hgtxr_e2e_axis_vref_p0_softmax_input_x2_qkv_uram_ip,solution_e2e_q4w8a,hgtxr_e2e_mlp_unit_0_Pipeline_VITIS_LOOP_1175_9,parsed,hls_csynth_xml,2026-06-26T16:48:56.930853+00:00,hgtxr_e2e_mlp_unit_0_Pipeline_VITIS_LOOP_1175_9,generated/hgtxr_e2e_axis_vref_p0_softmax_input_x2_qkv_uram_ip/solution_e2e_q4w8a/syn/report/hgtxr_e2e_mlp_unit_0_Pipeline_VITIS_LOOP_1175_9_csynth.xml,True,,False,5.0,3.727,44,44,44,44,44,0,8,1541,1644,0,624,1728,460800,230400,96,0.0,0.46296296296296297,0.3344184027777778,0.7135416666666666,0.0,0.00022,True
p0_no_board_report_collection_2026_06_26,NB-P0-00,hgtxr_e2e_axis_vref_p0_softmax_input_x2_qkv_uram_ip,hgtxr_e2e_axis_vref_p0_softmax_input_x2_qkv_uram_ip,solution_e2e_q4w8a,hgtxr_e2e_mlp_unit_0_s,parsed,hls_csynth_xml,2026-06-26T16:48:56.930853+00:00,hgtxr_e2e_mlp_unit_0_s,generated/hgtxr_e2e_axis_vref_p0_softmax_input_x2_qkv_uram_ip/solution_e2e_q4w8a/syn/report/hgtxr_e2e_mlp_unit_0_s_csynth.xml,True,,False,5.0,3.727,21638,21638,21638,21638,21638,0,8,2689,3926,0,624,1728,460800,230400,96,0.0,0.46296296296296297,0.5835503472222222,1.7039930555555556,0.0,0.10819,True
p0_no_board_report_collection_2026_06_26,NB-P0-00,hgtxr_e2e_axis_vref_p0_softmax_input_x2_qkv_uram_ip,hgtxr_e2e_axis_vref_p0_softmax_input_x2_qkv_uram_ip,solution_e2e_q4w8a,hgtxr_e2e_mlp_unit_1_Pipeline_VITIS_LOOP_1175_9,parsed,hls_csynth_xml,2026-06-26T16:48:56.930853+00:00,hgtxr_e2e_mlp_unit_1_Pipeline_VITIS_LOOP_1175_9,generated/hgtxr_e2e_axis_vref_p0_softmax_input_x2_qkv_uram_ip/solution_e2e_q4w8a/syn/report/hgtxr_e2e_mlp_unit_1_Pipeline_VITIS_LOOP_1175_9_csynth.xml,True,,False,5.0,4.069,44,44,44,44,44,0,8,1541,1692,0,624,1728,460800,230400,96,0.0,0.46296296296296297,0.3344184027777778,0.734375,0.0,0.00022,True
p0_no_board_report_collection_2026_06_26,NB-P0-00,hgtxr_e2e_axis_vref_p0_softmax_input_x2_qkv_uram_ip,hgtxr_e2e_axis_vref_p0_softmax_input_x2_qkv_uram_ip,solution_e2e_q4w8a,hgtxr_e2e_mlp_unit_1_s,parsed,hls_csynth_xml,2026-06-26T16:48:56.930853+00:00,hgtxr_e2e_mlp_unit_1_s,generated/hgtxr_e2e_axis_vref_p0_softmax_input_x2_qkv_uram_ip/solution_e2e_q4w8a/syn/report/hgtxr_e2e_mlp_unit_1_s_csynth.xml,True,,False,5.0,4.069,21638,21638,21638,21638,21638,0,8,2703,4007,0,624,1728,460800,230400,96,0.0,0.46296296296296297,0.5865885416666666,1.7391493055555556,0.0,0.10819,True
p0_no_board_report_collection_2026_06_26,NB-P0-00,hgtxr_e2e_axis_vref_p0_softmax_input_x2_qkv_uram_ip,hgtxr_e2e_axis_vref_p0_softmax_input_x2_qkv_uram_ip,solution_e2e_q4w8a,hgtxr_e2e_output_projection_Pipeline_VITIS_LOOP_1075_4,parsed,hls_csynth_xml,2026-06-26T16:48:56.930853+00:00,hgtxr_e2e_output_projection_Pipeline_VITIS_LOOP_1075_4,generated/hgtxr_e2e_axis_vref_p0_softmax_input_x2_qkv_uram_ip/solution_e2e_q4w8a/syn/report/hgtxr_e2e_output_projection_Pipeline_VITIS_LOOP_1075_4_csynth.xml,True,,False,5.0,3.65,204,204,204,204,204,0,16,1053,3267,0,624,1728,460800,230400,96,0.0,0.9259259259259259,0.228515625,1.41796875,0.0,0.00102,True
p0_no_board_report_collection_2026_06_26,NB-P0-00,hgtxr_e2e_axis_vref_p0_softmax_input_x2_qkv_uram_ip,hgtxr_e2e_axis_vref_p0_softmax_input_x2_qkv_uram_ip,solution_e2e_q4w8a,hgtxr_e2e_output_projection,parsed,hls_csynth_xml,2026-06-26T16:48:56.930853+00:00,hgtxr_e2e_output_projection,generated/hgtxr_e2e_axis_vref_p0_softmax_input_x2_qkv_uram_ip/solution_e2e_q4w8a/syn/report/hgtxr_e2e_output_projection_csynth.xml,True,,False,5.0,3.65,79905,79905,79905,79905,79905,0,16,1283,4304,0,624,1728,460800,230400,96,0.0,0.9259259259259259,0.2784288194444444,1.8680555555555556,0.0,0.399525,True
p0_no_board_report_collection_2026_06_26,NB-P0-00,hgtxr_e2e_axis_vref_p0_softmax_input_x2_qkv_uram_ip,hgtxr_e2e_axis_vref_p0_softmax_input_x2_qkv_uram_ip,solution_e2e_q4w8a,hgtxr_e2e_project_qkv_Pipeline_VITIS_LOOP_847_1,parsed,hls_csynth_xml,2026-06-26T16:48:56.930853+00:00,hgtxr_e2e_project_qkv_Pipeline_VITIS_LOOP_847_1,generated/hgtxr_e2e_axis_vref_p0_softmax_input_x2_qkv_uram_ip/solution_e2e_q4w8a/syn/report/hgtxr_e2e_project_qkv_Pipeline_VITIS_LOOP_847_1_csynth.xml,True,,False,5.0,3.65,578,578,578,578,578,0,0,13,83,0,624,1728,460800,230400,96,0.0,0.0,0.0028211805555555555,0.03602430555555555,0.0,0.00289,True
p0_no_board_report_collection_2026_06_26,NB-P0-00,hgtxr_e2e_axis_vref_p0_softmax_input_x2_qkv_uram_ip,hgtxr_e2e_axis_vref_p0_softmax_input_x2_qkv_uram_ip,solution_e2e_q4w8a,hgtxr_e2e_project_qkv_Pipeline_VITIS_LOOP_852_2,parsed,hls_csynth_xml,2026-06-26T16:48:56.930853+00:00,hgtxr_e2e_project_qkv_Pipeline_VITIS_LOOP_852_2,generated/hgtxr_e2e_axis_vref_p0_softmax_input_x2_qkv_uram_ip/solution_e2e_q4w8a/syn/report/hgtxr_e2e_project_qkv_Pipeline_VITIS_LOOP_852_2_csynth.xml,True,,False,5.0,3.65,578,578,578,578,578,0,0,13,83,0,624,1728,460800,230400,96,0.0,0.0,0.0028211805555555555,0.03602430555555555,0.0,0.00289,True
p0_no_board_report_collection_2026_06_26,NB-P0-00,hgtxr_e2e_axis_vref_p0_softmax_input_x2_qkv_uram_ip,hgtxr_e2e_axis_vref_p0_softmax_input_x2_qkv_uram_ip,solution_e2e_q4w8a,hgtxr_e2e_project_qkv_Pipeline_VITIS_LOOP_857_3,parsed,hls_csynth_xml,2026-06-26T16:48:56.930853+00:00,hgtxr_e2e_project_qkv_Pipeline_VITIS_LOOP_857_3,generated/hgtxr_e2e_axis_vref_p0_softmax_input_x2_qkv_uram_ip/solution_e2e_q4w8a/syn/report/hgtxr_e2e_project_qkv_Pipeline_VITIS_LOOP_857_3_csynth.xml,True,,False,5.0,3.65,579,579,579,579,579,0,0,291,83,0,624,1728,460800,230400,96,0.0,0.0,0.06315104166666667,0.03602430555555555,0.0,0.002895,True
p0_no_board_report_collection_2026_06_26,NB-P0-00,hgtxr_e2e_axis_vref_p0_softmax_input_x2_qkv_uram_ip,hgtxr_e2e_axis_vref_p0_softmax_input_x2_qkv_uram_ip,solution_e2e_q4w8a,hgtxr_e2e_project_qkv_Pipeline_VITIS_LOOP_863_4_VITIS_LOOP_865_5_VITIS_LOOP_879_s,parsed,hls_csynth_xml,2026-06-26T16:48:56.930853+00:00,hgtxr_e2e_project_qkv_Pipeline_VITIS_LOOP_863_4_VITIS_LOOP_865_5_VITIS_LOOP_879_s,generated/hgtxr_e2e_axis_vref_p0_softmax_input_x2_qkv_uram_ip/solution_e2e_q4w8a/syn/report/hgtxr_e2e_project_qkv_Pipeline_VITIS_LOOP_863_4_VITIS_LOOP_865_5_VITIS_LOOP_879_s_csynth.xml,True,,False,5.0,3.49,73734,73734,73734,73734,73734,0,16,1144,2699,0,624,1728,460800,230400,96,0.0,0.9259259259259259,0.2482638888888889,1.1714409722222223,0.0,0.36867,True
p0_no_board_report_collection_2026_06_26,NB-P0-00,hgtxr_e2e_axis_vref_p0_softmax_input_x2_qkv_uram_ip,hgtxr_e2e_axis_vref_p0_softmax_input_x2_qkv_uram_ip,solution_e2e_q4w8a,hgtxr_e2e_project_qkv,parsed,hls_csynth_xml,2026-06-26T16:48:56.930853+00:00,hgtxr_e2e_project_qkv,generated/hgtxr_e2e_axis_vref_p0_softmax_input_x2_qkv_uram_ip/solution_e2e_q4w8a/syn/report/hgtxr_e2e_project_qkv_csynth.xml,True,,False,5.0,3.65,75501,75501,75501,75501,75501,0,16,1675,3641,4,624,1728,460800,230400,96,0.0,0.9259259259259259,0.3634982638888889,1.5802951388888888,4.166666666666667,0.377505,True
p0_no_board_report_collection_2026_06_26,NB-P0-00,hgtxr_e2e_axis_vref_p0_softmax_input_x2_qkv_uram_ip,hgtxr_e2e_axis_vref_p0_softmax_input_x2_qkv_uram_ip,solution_e2e_q4w8a,hgtxr_global_buffer_load,parsed,hls_csynth_xml,2026-06-26T16:48:56.930853+00:00,hgtxr_global_buffer_load,generated/hgtxr_e2e_axis_vref_p0_softmax_input_x2_qkv_uram_ip/solution_e2e_q4w8a/syn/report/hgtxr_global_buffer_load_csynth.xml,True,,False,5.0,3.235,49154,49154,49154,49154,49154,0,0,53,242,0,624,1728,460800,230400,96,0.0,0.0,0.011501736111111112,0.10503472222222222,0.0,0.24577,True
p0_no_board_report_collection_2026_06_26,NB-P0-00,hgtxr_e2e_hls,hgtxr_e2e_hls,solution_e2e_q4w8a,hgtxr_axis_read_frame,parsed,hls_csynth_xml,2026-06-26T16:48:56.930853+00:00,hgtxr_axis_read_frame,generated/hgtxr_e2e_hls/solution_e2e_q4w8a/syn/report/hgtxr_axis_read_frame_csynth.xml,True,,False,5.0,2.29,65538,65538,65538,65538,65538,0,0,19,87,0,624,1728,460800,230400,96,0.0,0.0,0.004123263888888889,0.037760416666666664,0.0,0.32769,True
p0_no_board_report_collection_2026_06_26,NB-P0-00,hgtxr_e2e_hls,hgtxr_e2e_hls,solution_e2e_q4w8a,hgtxr_axis_write_state,parsed,hls_csynth_xml,2026-06-26T16:48:56.930853+00:00,hgtxr_axis_write_state,generated/hgtxr_e2e_hls/solution_e2e_q4w8a/syn/report/hgtxr_axis_write_state_csynth.xml,True,,False,5.0,1.527,8,8,8,8,8,0,0,7,81,0,624,1728,460800,230400,96,0.0,0.0,0.0015190972222222222,0.03515625,0.0,4e-05,True
p0_no_board_report_collection_2026_06_26,NB-P0-00,hgtxr_e2e_hls,hgtxr_e2e_hls,solution_e2e_q4w8a,hgtxr_conv_patch_embedding_Pipeline_VITIS_LOOP_626_1_VITIS_LOOP_628_2,parsed,hls_csynth_xml,2026-06-26T16:48:56.930853+00:00,hgtxr_conv_patch_embedding_Pipeline_VITIS_LOOP_626_1_VITIS_LOOP_628_2,generated/hgtxr_e2e_hls/solution_e2e_q4w8a/syn/report/hgtxr_conv_patch_embedding_Pipeline_VITIS_LOOP_626_1_VITIS_LOOP_628_2_csynth.xml,True,,False,5.0,3.28,49154,49154,49154,49154,49154,0,0,36,190,0,624,1728,460800,230400,96,0.0,0.0,0.0078125,0.08246527777777778,0.0,0.24577,True
p0_no_board_report_collection_2026_06_26,NB-P0-00,hgtxr_e2e_hls,hgtxr_e2e_hls,solution_e2e_q4w8a,hgtxr_conv_patch_embedding,parsed,hls_csynth_xml,2026-06-26T16:48:56.930853+00:00,hgtxr_conv_patch_embedding,generated/hgtxr_e2e_hls/solution_e2e_q4w8a/syn/report/hgtxr_conv_patch_embedding_csynth.xml,True,,False,5.0,3.28,87208,87208,87208,87208,87208,0,0,83,1290,0,624,1728,460800,230400,96,0.0,0.0,0.018012152777777776,0.5598958333333334,0.0,0.43604,True
p0_no_board_report_collection_2026_06_26,NB-P0-00,hgtxr_e2e_hls,hgtxr_e2e_hls,solution_e2e_q4w8a,hgtxr_e2e_attention_core_Pipeline_VITIS_LOOP_1006_9,parsed,hls_csynth_xml,2026-06-26T16:48:56.930853+00:00,hgtxr_e2e_attention_core_Pipeline_VITIS_LOOP_1006_9,generated/hgtxr_e2e_hls/solution_e2e_q4w8a/syn/report/hgtxr_e2e_attention_core_Pipeline_VITIS_LOOP_1006_9_csynth.xml,True,,False,5.0,2.146,230,230,230,230,230,0,0,2149,1597,0,624,1728,460800,230400,96,0.0,0.0,0.4663628472222222,0.6931423611111112,0.0,0.00115,True
p0_no_board_report_collection_2026_06_26,NB-P0-00,hgtxr_e2e_hls,hgtxr_e2e_hls,solution_e2e_q4w8a,hgtxr_e2e_attention_core_Pipeline_VITIS_LOOP_1013_10_VITIS_LOOP_1021_12,parsed,hls_csynth_xml,2026-06-26T16:48:56.930853+00:00,hgtxr_e2e_attention_core_Pipeline_VITIS_LOOP_1013_10_VITIS_LOOP_1021_12,generated/hgtxr_e2e_hls/solution_e2e_q4w8a/syn/report/hgtxr_e2e_attention_core_Pipeline_VITIS_LOOP_1013_10_VITIS_LOOP_1021_12_csynth.xml,True,,False,5.0,3.953,788,788,788,788,788,0,32,1654,1981,0,624,1728,460800,230400,96,0.0,1.8518518518518519,0.3589409722222222,0.8598090277777778,0.0,0.00394,True
p0_no_board_report_collection_2026_06_26,NB-P0-00,hgtxr_e2e_hls,hgtxr_e2e_hls,solution_e2e_q4w8a,hgtxr_e2e_attention_core_Pipeline_VITIS_LOOP_933_3_VITIS_LOOP_941_5,parsed,hls_csynth_xml,2026-06-26T16:48:56.930853+00:00,hgtxr_e2e_attention_core_Pipeline_VITIS_LOOP_933_3_VITIS_LOOP_941_5,generated/hgtxr_e2e_hls/solution_e2e_q4w8a/syn/report/hgtxr_e2e_attention_core_Pipeline_VITIS_LOOP_933_3_VITIS_LOOP_941_5_csynth.xml,True,,False,5.0,3.691,790,790,790,790,790,0,32,1947,2629,0,624,1728,460800,230400,96,0.0,1.8518518518518519,0.4225260416666667,1.1410590277777777,0.0,0.00395,True
p0_no_board_report_collection_2026_06_26,NB-P0-00,hgtxr_e2e_hls,hgtxr_e2e_hls,solution_e2e_q4w8a,hgtxr_e2e_attention_core_Pipeline_VITIS_LOOP_995_8,parsed,hls_csynth_xml,2026-06-26T16:48:56.930853+00:00,hgtxr_e2e_attention_core_Pipeline_VITIS_LOOP_995_8,generated/hgtxr_e2e_hls/solution_e2e_q4w8a/syn/report/hgtxr_e2e_attention_core_Pipeline_VITIS_LOOP_995_8_csynth.xml,True,,False,5.0,3.443,201,201,201,201,201,0,0,221,450,0,624,1728,460800,230400,96,0.0,0.0,0.04796006944444445,0.1953125,0.0,0.001005,True
p0_no_board_report_collection_2026_06_26,NB-P0-00,hgtxr_e2e_hls,hgtxr_e2e_hls,solution_e2e_q4w8a,hgtxr_e2e_attention_core,parsed,hls_csynth_xml,2026-06-26T16:48:56.930853+00:00,hgtxr_e2e_attention_core,generated/hgtxr_e2e_hls/solution_e2e_q4w8a/syn/report/hgtxr_e2e_attention_core_csynth.xml,True,,False,5.0,3.953,1186585,1186585,1186585,1186585,1186585,0,64,6086,7094,0,624,1728,460800,230400,96,0.0,3.7037037037037037,1.3207465277777777,3.0789930555555554,0.0,5.932925,True
p0_no_board_report_collection_2026_06_26,NB-P0-00,hgtxr_e2e_hls,hgtxr_e2e_hls,solution_e2e_q4w8a,hgtxr_e2e_attn_unit_0_s,parsed,hls_csynth_xml,2026-06-26T16:48:56.930853+00:00,hgtxr_e2e_attn_unit_0_s,generated/hgtxr_e2e_hls/solution_e2e_q4w8a/syn/report/hgtxr_e2e_attn_unit_0_s_csynth.xml,True,,False,5.0,3.953,2247180,2247180,2247180,2247180,2247180,48,207,16801,35139,0,624,1728,460800,230400,96,7.6923076923076925,11.979166666666666,3.6460503472222223,15.251302083333334,0.0,11.2359,True
p0_no_board_report_collection_2026_06_26,NB-P0-00,hgtxr_e2e_hls,hgtxr_e2e_hls,solution_e2e_q4w8a,hgtxr_e2e_attn_unit_1_s,parsed,hls_csynth_xml,2026-06-26T16:48:56.930853+00:00,hgtxr_e2e_attn_unit_1_s,generated/hgtxr_e2e_hls/solution_e2e_q4w8a/syn/report/hgtxr_e2e_attn_unit_1_s_csynth.xml,True,,False,5.0,3.953,2247180,2247180,2247180,2247180,2247180,48,207,16801,35139,0,624,1728,460800,230400,96,7.6923076923076925,11.979166666666666,3.6460503472222223,15.251302083333334,0.0,11.2359,True
p0_no_board_report_collection_2026_06_26,NB-P0-00,hgtxr_e2e_hls,hgtxr_e2e_hls,solution_e2e_q4w8a,hgtxr_e2e_axis_top,parsed,hls_csynth_xml,2026-06-26T16:48:56.930853+00:00,hgtxr_e2e_axis_top,generated/hgtxr_e2e_hls/solution_e2e_q4w8a/syn/report/hgtxr_e2e_axis_top_csynth.xml,True,,False,5.0,3.953,37508072,37508072,37508072,37508073,37508073,338,604,59507,127916,64,624,1728,460800,230400,96,54.166666666666664,34.9537037037037,12.91384548611111,55.51909722222222,66.66666666666667,187.54036,True
p0_no_board_report_collection_2026_06_26,NB-P0-00,hgtxr_e2e_hls,hgtxr_e2e_hls,solution_e2e_q4w8a,hgtxr_e2e_controller_run,parsed,hls_csynth_xml,2026-06-26T16:48:56.930853+00:00,hgtxr_e2e_controller_run,generated/hgtxr_e2e_hls/solution_e2e_q4w8a/syn/report/hgtxr_e2e_controller_run_csynth.xml,True,,False,5.0,3.953,37296061,37296061,37296061,37296061,37296061,256,572,53903,116398,64,624,1728,460800,230400,96,41.02564102564103,33.101851851851855,11.697699652777779,50.51996527777778,66.66666666666667,186.480305,True
p0_no_board_report_collection_2026_06_26,NB-P0-00,hgtxr_e2e_hls,hgtxr_e2e_hls,solution_e2e_q4w8a,hgtxr_e2e_layernorm_Pipeline_VITIS_LOOP_761_1,parsed,hls_csynth_xml,2026-06-26T16:48:56.930853+00:00,hgtxr_e2e_layernorm_Pipeline_VITIS_LOOP_761_1,generated/hgtxr_e2e_hls/solution_e2e_q4w8a/syn/report/hgtxr_e2e_layernorm_Pipeline_VITIS_LOOP_761_1_csynth.xml,True,,False,5.0,3.65,16,16,16,16,16,0,0,1816,416,0,624,1728,460800,230400,96,0.0,0.0,0.3940972222222222,0.18055555555555555,0.0,8e-05,True
p0_no_board_report_collection_2026_06_26,NB-P0-00,hgtxr_e2e_hls,hgtxr_e2e_hls,solution_e2e_q4w8a,hgtxr_e2e_layernorm_Pipeline_VITIS_LOOP_771_3,parsed,hls_csynth_xml,2026-06-26T16:48:56.930853+00:00,hgtxr_e2e_layernorm_Pipeline_VITIS_LOOP_771_3,generated/hgtxr_e2e_hls/solution_e2e_q4w8a/syn/report/hgtxr_e2e_layernorm_Pipeline_VITIS_LOOP_771_3_csynth.xml,True,,False,5.0,3.169,194,194,194,194,194,0,0,47,200,0,624,1728,460800,230400,96,0.0,0.0,0.010199652777777778,0.08680555555555555,0.0,0.00097,True
p0_no_board_report_collection_2026_06_26,NB-P0-00,hgtxr_e2e_hls,hgtxr_e2e_hls,solution_e2e_q4w8a,hgtxr_e2e_layernorm_Pipeline_VITIS_LOOP_779_4,parsed,hls_csynth_xml,2026-06-26T16:48:56.930853+00:00,hgtxr_e2e_layernorm_Pipeline_VITIS_LOOP_779_4,generated/hgtxr_e2e_hls/solution_e2e_q4w8a/syn/report/hgtxr_e2e_layernorm_Pipeline_VITIS_LOOP_779_4_csynth.xml,True,,False,5.0,3.58,196,196,196,196,196,0,2,91,258,0,624,1728,460800,230400,96,0.0,0.11574074074074074,0.019748263888888888,0.11197916666666667,0.0,0.00098,True
p0_no_board_report_collection_2026_06_26,NB-P0-00,hgtxr_e2e_hls,hgtxr_e2e_hls,solution_e2e_q4w8a,hgtxr_e2e_layernorm_Pipeline_VITIS_LOOP_788_5,parsed,hls_csynth_xml,2026-06-26T16:48:56.930853+00:00,hgtxr_e2e_layernorm_Pipeline_VITIS_LOOP_788_5,generated/hgtxr_e2e_hls/solution_e2e_q4w8a/syn/report/hgtxr_e2e_layernorm_Pipeline_VITIS_LOOP_788_5_csynth.xml,True,,False,5.0,3.58,197,197,197,197,197,0,4,265,924,0,624,1728,460800,230400,96,0.0,0.23148148148148148,0.05750868055555555,0.4010416666666667,0.0,0.000985,True
p0_no_board_report_collection_2026_06_26,NB-P0-00,hgtxr_e2e_hls,hgtxr_e2e_hls,solution_e2e_q4w8a,hgtxr_e2e_layernorm,parsed,hls_csynth_xml,2026-06-26T16:48:56.930853+00:00,hgtxr_e2e_layernorm,generated/hgtxr_e2e_hls/solution_e2e_q4w8a/syn/report/hgtxr_e2e_layernorm_csynth.xml,True,,False,5.0,3.65,117619,117619,117619,117619,117619,0,15,2750,3160,0,624,1728,460800,230400,96,0.0,0.8680555555555556,0.5967881944444444,1.3715277777777777,0.0,0.588095,True
p0_no_board_report_collection_2026_06_26,NB-P0-00,hgtxr_e2e_hls,hgtxr_e2e_hls,solution_e2e_q4w8a,hgtxr_e2e_mlp_head_Pipeline_VITIS_LOOP_1206_1,parsed,hls_csynth_xml,2026-06-26T16:48:56.930853+00:00,hgtxr_e2e_mlp_head_Pipeline_VITIS_LOOP_1206_1,generated/hgtxr_e2e_hls/solution_e2e_q4w8a/syn/report/hgtxr_e2e_mlp_head_Pipeline_VITIS_LOOP_1206_1_csynth.xml,True,,False,5.0,1.869,194,194,194,194,194,0,0,10,57,0,624,1728,460800,230400,96,0.0,0.0,0.002170138888888889,0.024739583333333332,0.0,0.00097,True
p0_no_board_report_collection_2026_06_26,NB-P0-00,hgtxr_e2e_hls,hgtxr_e2e_hls,solution_e2e_q4w8a,hgtxr_e2e_mlp_head_Pipeline_VITIS_LOOP_1212_2_VITIS_LOOP_1214_3,parsed,hls_csynth_xml,2026-06-26T16:48:56.930853+00:00,hgtxr_e2e_mlp_head_Pipeline_VITIS_LOOP_1212_2_VITIS_LOOP_1214_3,generated/hgtxr_e2e_hls/solution_e2e_q4w8a/syn/report/hgtxr_e2e_mlp_head_Pipeline_VITIS_LOOP_1212_2_VITIS_LOOP_1214_3_csynth.xml,True,,False,5.0,3.691,75267,75267,75267,75267,75267,0,0,236,906,0,624,1728,460800,230400,96,0.0,0.0,0.051215277777777776,0.3932291666666667,0.0,0.376335,True
p0_no_board_report_collection_2026_06_26,NB-P0-00,hgtxr_e2e_hls,hgtxr_e2e_hls,solution_e2e_q4w8a,hgtxr_e2e_mlp_head_Pipeline_VITIS_LOOP_1229_6,parsed,hls_csynth_xml,2026-06-26T16:48:56.930853+00:00,hgtxr_e2e_mlp_head_Pipeline_VITIS_LOOP_1229_6,generated/hgtxr_e2e_hls/solution_e2e_q4w8a/syn/report/hgtxr_e2e_mlp_head_Pipeline_VITIS_LOOP_1229_6_csynth.xml,True,,False,5.0,3.65,24,24,24,24,24,0,32,2431,2487,0,624,1728,460800,230400,96,0.0,1.8518518518518519,0.5275607638888888,1.0794270833333333,0.0,0.00012,True
p0_no_board_report_collection_2026_06_26,NB-P0-00,hgtxr_e2e_hls,hgtxr_e2e_hls,solution_e2e_q4w8a,hgtxr_e2e_mlp_head,parsed,hls_csynth_xml,2026-06-26T16:48:56.930853+00:00,hgtxr_e2e_mlp_head,generated/hgtxr_e2e_hls/solution_e2e_q4w8a/syn/report/hgtxr_e2e_mlp_head_csynth.xml,True,,False,5.0,3.691,75633,75633,75633,75633,75633,0,32,2996,5584,0,624,1728,460800,230400,96,0.0,1.8518518518518519,0.6501736111111112,2.423611111111111,0.0,0.378165,True
p0_no_board_report_collection_2026_06_26,NB-P0-00,hgtxr_e2e_hls,hgtxr_e2e_hls,solution_e2e_q4w8a,hgtxr_e2e_mlp_unit_0_Pipeline_VITIS_LOOP_1124_4,parsed,hls_csynth_xml,2026-06-26T16:48:56.930853+00:00,hgtxr_e2e_mlp_unit_0_Pipeline_VITIS_LOOP_1124_4,generated/hgtxr_e2e_hls/solution_e2e_q4w8a/syn/report/hgtxr_e2e_mlp_unit_0_Pipeline_VITIS_LOOP_1124_4_csynth.xml,True,,False,5.0,3.65,204,204,204,204,204,0,32,2783,2941,0,624,1728,460800,230400,96,0.0,1.8518518518518519,0.6039496527777778,1.2764756944444444,0.0,0.00102,True
p0_no_board_report_collection_2026_06_26,NB-P0-00,hgtxr_e2e_hls,hgtxr_e2e_hls,solution_e2e_q4w8a,hgtxr_e2e_mlp_unit_0_Pipeline_VITIS_LOOP_1151_7_VITIS_LOOP_1159_9,parsed,hls_csynth_xml,2026-06-26T16:48:56.930853+00:00,hgtxr_e2e_mlp_unit_0_Pipeline_VITIS_LOOP_1151_7_VITIS_LOOP_1159_9,generated/hgtxr_e2e_hls/solution_e2e_q4w8a/syn/report/hgtxr_e2e_mlp_unit_0_Pipeline_VITIS_LOOP_1151_7_VITIS_LOOP_1159_9_csynth.xml,True,,False,5.0,3.65,9230,9230,9230,9230,9230,0,32,4180,5476,0,624,1728,460800,230400,96,0.0,1.8518518518518519,0.9071180555555556,2.376736111111111,0.0,0.04615,True
p0_no_board_report_collection_2026_06_26,NB-P0-00,hgtxr_e2e_hls,hgtxr_e2e_hls,solution_e2e_q4w8a,hgtxr_e2e_mlp_unit_0_s,parsed,hls_csynth_xml,2026-06-26T16:48:56.930853+00:00,hgtxr_e2e_mlp_unit_0_s,generated/hgtxr_e2e_hls/solution_e2e_q4w8a/syn/report/hgtxr_e2e_mlp_unit_0_s_csynth.xml,True,,False,5.0,3.65,3968826,3968826,3968826,3968826,3968826,0,79,10140,16998,0,624,1728,460800,230400,96,0.0,4.5717592592592595,2.2005208333333335,7.377604166666667,0.0,19.84413,True
p0_no_board_report_collection_2026_06_26,NB-P0-00,hgtxr_e2e_hls,hgtxr_e2e_hls,solution_e2e_q4w8a,hgtxr_e2e_mlp_unit_1_Pipeline_VITIS_LOOP_1124_4,parsed,hls_csynth_xml,2026-06-26T16:48:56.930853+00:00,hgtxr_e2e_mlp_unit_1_Pipeline_VITIS_LOOP_1124_4,generated/hgtxr_e2e_hls/solution_e2e_q4w8a/syn/report/hgtxr_e2e_mlp_unit_1_Pipeline_VITIS_LOOP_1124_4_csynth.xml,True,,False,5.0,3.65,204,204,204,204,204,0,32,2783,2941,0,624,1728,460800,230400,96,0.0,1.8518518518518519,0.6039496527777778,1.2764756944444444,0.0,0.00102,True
p0_no_board_report_collection_2026_06_26,NB-P0-00,hgtxr_e2e_hls,hgtxr_e2e_hls,solution_e2e_q4w8a,hgtxr_e2e_mlp_unit_1_Pipeline_VITIS_LOOP_1151_7_VITIS_LOOP_1159_9,parsed,hls_csynth_xml,2026-06-26T16:48:56.930853+00:00,hgtxr_e2e_mlp_unit_1_Pipeline_VITIS_LOOP_1151_7_VITIS_LOOP_1159_9,generated/hgtxr_e2e_hls/solution_e2e_q4w8a/syn/report/hgtxr_e2e_mlp_unit_1_Pipeline_VITIS_LOOP_1151_7_VITIS_LOOP_1159_9_csynth.xml,True,,False,5.0,3.65,9230,9230,9230,9230,9230,0,32,4180,5476,0,624,1728,460800,230400,96,0.0,1.8518518518518519,0.9071180555555556,2.376736111111111,0.0,0.04615,True
p0_no_board_report_collection_2026_06_26,NB-P0-00,hgtxr_e2e_hls,hgtxr_e2e_hls,solution_e2e_q4w8a,hgtxr_e2e_mlp_unit_1_s,parsed,hls_csynth_xml,2026-06-26T16:48:56.930853+00:00,hgtxr_e2e_mlp_unit_1_s,generated/hgtxr_e2e_hls/solution_e2e_q4w8a/syn/report/hgtxr_e2e_mlp_unit_1_s_csynth.xml,True,,False,5.0,3.65,3968826,3968826,3968826,3968826,3968826,0,79,10140,16998,0,624,1728,460800,230400,96,0.0,4.5717592592592595,2.2005208333333335,7.377604166666667,0.0,19.84413,True
p0_no_board_report_collection_2026_06_26,NB-P0-00,hgtxr_e2e_hls,hgtxr_e2e_hls,solution_e2e_q4w8a,hgtxr_e2e_output_projection_Pipeline_VITIS_LOOP_1059_4,parsed,hls_csynth_xml,2026-06-26T16:48:56.930853+00:00,hgtxr_e2e_output_projection_Pipeline_VITIS_LOOP_1059_4,generated/hgtxr_e2e_hls/solution_e2e_q4w8a/syn/report/hgtxr_e2e_output_projection_Pipeline_VITIS_LOOP_1059_4_csynth.xml,True,,False,5.0,3.697,204,204,204,204,204,0,32,1502,6155,0,624,1728,460800,230400,96,0.0,1.8518518518518519,0.3259548611111111,2.6714409722222223,0.0,0.00102,True
p0_no_board_report_collection_2026_06_26,NB-P0-00,hgtxr_e2e_hls,hgtxr_e2e_hls,solution_e2e_q4w8a,hgtxr_e2e_output_projection,parsed,hls_csynth_xml,2026-06-26T16:48:56.930853+00:00,hgtxr_e2e_output_projection,generated/hgtxr_e2e_hls/solution_e2e_q4w8a/syn/report/hgtxr_e2e_output_projection_csynth.xml,True,,False,5.0,3.697,489609,489609,489609,489609,489609,0,32,1883,8070,0,624,1728,460800,230400,96,0.0,1.8518518518518519,0.4086371527777778,3.5026041666666665,0.0,2.448045,True
p0_no_board_report_collection_2026_06_26,NB-P0-00,hgtxr_e2e_hls,hgtxr_e2e_hls,solution_e2e_q4w8a,hgtxr_e2e_project_qkv_Pipeline_VITIS_LOOP_831_1,parsed,hls_csynth_xml,2026-06-26T16:48:56.930853+00:00,hgtxr_e2e_project_qkv_Pipeline_VITIS_LOOP_831_1,generated/hgtxr_e2e_hls/solution_e2e_q4w8a/syn/report/hgtxr_e2e_project_qkv_Pipeline_VITIS_LOOP_831_1_csynth.xml,True,,False,5.0,3.65,579,579,579,579,579,0,0,291,83,0,624,1728,460800,230400,96,0.0,0.0,0.06315104166666667,0.03602430555555555,0.0,0.002895,True
p0_no_board_report_collection_2026_06_26,NB-P0-00,hgtxr_e2e_hls,hgtxr_e2e_hls,solution_e2e_q4w8a,hgtxr_e2e_project_qkv_Pipeline_VITIS_LOOP_836_2,parsed,hls_csynth_xml,2026-06-26T16:48:56.930853+00:00,hgtxr_e2e_project_qkv_Pipeline_VITIS_LOOP_836_2,generated/hgtxr_e2e_hls/solution_e2e_q4w8a/syn/report/hgtxr_e2e_project_qkv_Pipeline_VITIS_LOOP_836_2_csynth.xml,True,,False,5.0,3.65,579,579,579,579,579,0,0,291,83,0,624,1728,460800,230400,96,0.0,0.0,0.06315104166666667,0.03602430555555555,0.0,0.002895,True
p0_no_board_report_collection_2026_06_26,NB-P0-00,hgtxr_e2e_hls,hgtxr_e2e_hls,solution_e2e_q4w8a,hgtxr_e2e_project_qkv_Pipeline_VITIS_LOOP_841_3,parsed,hls_csynth_xml,2026-06-26T16:48:56.930853+00:00,hgtxr_e2e_project_qkv_Pipeline_VITIS_LOOP_841_3,generated/hgtxr_e2e_hls/solution_e2e_q4w8a/syn/report/hgtxr_e2e_project_qkv_Pipeline_VITIS_LOOP_841_3_csynth.xml,True,,False,5.0,3.65,579,579,579,579,579,0,0,291,83,0,624,1728,460800,230400,96,0.0,0.0,0.06315104166666667,0.03602430555555555,0.0,0.002895,True
p0_no_board_report_collection_2026_06_26,NB-P0-00,hgtxr_e2e_hls,hgtxr_e2e_hls,solution_e2e_q4w8a,hgtxr_e2e_project_qkv_Pipeline_VITIS_LOOP_847_4_VITIS_LOOP_849_5_VITIS_LOOP_863_s,parsed,hls_csynth_xml,2026-06-26T16:48:56.930853+00:00,hgtxr_e2e_project_qkv_Pipeline_VITIS_LOOP_847_4_VITIS_LOOP_849_5_VITIS_LOOP_863_s,generated/hgtxr_e2e_hls/solution_e2e_q4w8a/syn/report/hgtxr_e2e_project_qkv_Pipeline_VITIS_LOOP_847_4_VITIS_LOOP_849_5_VITIS_LOOP_863_s_csynth.xml,True,,False,5.0,3.49,451590,451590,451590,451590,451590,0,96,4828,12343,0,624,1728,460800,230400,96,0.0,5.555555555555555,1.0477430555555556,5.357204861111111,0.0,2.25795,True
p0_no_board_report_collection_2026_06_26,NB-P0-00,hgtxr_e2e_hls,hgtxr_e2e_hls,solution_e2e_q4w8a,hgtxr_e2e_project_qkv,parsed,hls_csynth_xml,2026-06-26T16:48:56.930853+00:00,hgtxr_e2e_project_qkv,generated/hgtxr_e2e_hls/solution_e2e_q4w8a/syn/report/hgtxr_e2e_project_qkv_csynth.xml,True,,False,5.0,3.65,453359,453359,453359,453359,453359,48,96,5915,13420,0,624,1728,460800,230400,96,7.6923076923076925,5.555555555555555,1.2836371527777777,5.824652777777778,0.0,2.266795,True
p0_no_board_report_collection_2026_06_26,NB-P0-00,hgtxr_e2e_hls,hgtxr_e2e_hls,solution_e2e_q4w8a,hgtxr_global_buffer_load,parsed,hls_csynth_xml,2026-06-26T16:48:56.930853+00:00,hgtxr_global_buffer_load,generated/hgtxr_e2e_hls/solution_e2e_q4w8a/syn/report/hgtxr_global_buffer_load_csynth.xml,True,,False,5.0,3.28,49154,49154,49154,49154,49154,0,0,53,264,0,624,1728,460800,230400,96,0.0,0.0,0.011501736111111112,0.11458333333333333,0.0,0.24577,True
p0_no_board_report_collection_2026_06_26,NB-P0-00,hgtxr_e2e_m_axi_hls,hgtxr_e2e_m_axi_hls,solution_e2e_q4w8a,hgtxr_conv_patch_embedding_Pipeline_VITIS_LOOP_626_1_VITIS_LOOP_628_2,parsed,hls_csynth_xml,2026-06-26T16:48:56.930853+00:00,hgtxr_conv_patch_embedding_Pipeline_VITIS_LOOP_626_1_VITIS_LOOP_628_2,generated/hgtxr_e2e_m_axi_hls/solution_e2e_q4w8a/syn/report/hgtxr_conv_patch_embedding_Pipeline_VITIS_LOOP_626_1_VITIS_LOOP_628_2_csynth.xml,True,,False,5.0,3.235,49154,49154,49154,49154,49154,0,0,36,190,0,624,1728,460800,230400,96,0.0,0.0,0.0078125,0.08246527777777778,0.0,0.24577,True
p0_no_board_report_collection_2026_06_26,NB-P0-00,hgtxr_e2e_m_axi_hls,hgtxr_e2e_m_axi_hls,solution_e2e_q4w8a,hgtxr_conv_patch_embedding_Pipeline_VITIS_LOOP_644_6_VITIS_LOOP_646_7,parsed,hls_csynth_xml,2026-06-26T16:48:56.930853+00:00,hgtxr_conv_patch_embedding_Pipeline_VITIS_LOOP_644_6_VITIS_LOOP_646_7,generated/hgtxr_e2e_m_axi_hls/solution_e2e_q4w8a/syn/report/hgtxr_conv_patch_embedding_Pipeline_VITIS_LOOP_644_6_VITIS_LOOP_646_7_csynth.xml,True,,False,5.0,3.65,268,268,268,268,268,0,2,623,820,0,624,1728,460800,230400,96,0.0,0.11574074074074074,0.1351996527777778,0.3559027777777778,0.0,0.00134,True
p0_no_board_report_collection_2026_06_26,NB-P0-00,hgtxr_e2e_m_axi_hls,hgtxr_e2e_m_axi_hls,solution_e2e_q4w8a,hgtxr_conv_patch_embedding,parsed,hls_csynth_xml,2026-06-26T16:48:56.930853+00:00,hgtxr_conv_patch_embedding,generated/hgtxr_e2e_m_axi_hls/solution_e2e_q4w8a/syn/report/hgtxr_conv_patch_embedding_csynth.xml,True,,False,5.0,3.65,10285060,10285060,10285060,10285060,10285060,0,2,772,1980,0,624,1728,460800,230400,96,0.0,0.11574074074074074,0.1675347222222222,0.859375,0.0,51.4253,True
p0_no_board_report_collection_2026_06_26,NB-P0-00,hgtxr_e2e_m_axi_hls,hgtxr_e2e_m_axi_hls,solution_e2e_q4w8a,hgtxr_e2e_attention_core_Pipeline_VITIS_LOOP_1006_9,parsed,hls_csynth_xml,2026-06-26T16:48:56.930853+00:00,hgtxr_e2e_attention_core_Pipeline_VITIS_LOOP_1006_9,generated/hgtxr_e2e_m_axi_hls/solution_e2e_q4w8a/syn/report/hgtxr_e2e_attention_core_Pipeline_VITIS_LOOP_1006_9_csynth.xml,True,,False,5.0,2.146,230,230,230,230,230,0,0,2149,1597,0,624,1728,460800,230400,96,0.0,0.0,0.4663628472222222,0.6931423611111112,0.0,0.00115,True
p0_no_board_report_collection_2026_06_26,NB-P0-00,hgtxr_e2e_m_axi_hls,hgtxr_e2e_m_axi_hls,solution_e2e_q4w8a,hgtxr_e2e_attention_core_Pipeline_VITIS_LOOP_1013_10_VITIS_LOOP_1021_12,parsed,hls_csynth_xml,2026-06-26T16:48:56.930853+00:00,hgtxr_e2e_attention_core_Pipeline_VITIS_LOOP_1013_10_VITIS_LOOP_1021_12,generated/hgtxr_e2e_m_axi_hls/solution_e2e_q4w8a/syn/report/hgtxr_e2e_attention_core_Pipeline_VITIS_LOOP_1013_10_VITIS_LOOP_1021_12_csynth.xml,True,,False,5.0,3.744,1572,1572,1572,1572,1572,0,16,952,1161,0,624,1728,460800,230400,96,0.0,0.9259259259259259,0.2065972222222222,0.50390625,0.0,0.00786,True
p0_no_board_report_collection_2026_06_26,NB-P0-00,hgtxr_e2e_m_axi_hls,hgtxr_e2e_m_axi_hls,solution_e2e_q4w8a,hgtxr_e2e_attention_core_Pipeline_VITIS_LOOP_933_3_VITIS_LOOP_941_5,parsed,hls_csynth_xml,2026-06-26T16:48:56.930853+00:00,hgtxr_e2e_attention_core_Pipeline_VITIS_LOOP_933_3_VITIS_LOOP_941_5,generated/hgtxr_e2e_m_axi_hls/solution_e2e_q4w8a/syn/report/hgtxr_e2e_attention_core_Pipeline_VITIS_LOOP_933_3_VITIS_LOOP_941_5_csynth.xml,True,,False,5.0,3.646,1573,1573,1573,1573,1573,0,16,1122,1538,0,624,1728,460800,230400,96,0.0,0.9259259259259259,0.24348958333333334,0.6675347222222222,0.0,0.007865,True
p0_no_board_report_collection_2026_06_26,NB-P0-00,hgtxr_e2e_m_axi_hls,hgtxr_e2e_m_axi_hls,solution_e2e_q4w8a,hgtxr_e2e_attention_core_Pipeline_VITIS_LOOP_995_8,parsed,hls_csynth_xml,2026-06-26T16:48:56.930853+00:00,hgtxr_e2e_attention_core_Pipeline_VITIS_LOOP_995_8,generated/hgtxr_e2e_m_axi_hls/solution_e2e_q4w8a/syn/report/hgtxr_e2e_attention_core_Pipeline_VITIS_LOOP_995_8_csynth.xml,True,,False,5.0,3.443,201,201,201,201,201,0,0,221,450,0,624,1728,460800,230400,96,0.0,0.0,0.04796006944444445,0.1953125,0.0,0.001005,True
p0_no_board_report_collection_2026_06_26,NB-P0-00,hgtxr_e2e_m_axi_hls,hgtxr_e2e_m_axi_hls,solution_e2e_q4w8a,hgtxr_e2e_attention_core,parsed,hls_csynth_xml,2026-06-26T16:48:56.930853+00:00,hgtxr_e2e_attention_core,generated/hgtxr_e2e_m_axi_hls/solution_e2e_q4w8a/syn/report/hgtxr_e2e_attention_core_csynth.xml,True,,False,5.0,3.744,2107981,2107981,2107981,2107981,2107981,0,32,4561,5185,0,624,1728,460800,230400,96,0.0,1.8518518518518519,0.9898003472222222,2.2504340277777777,0.0,10.539905,True
p0_no_board_report_collection_2026_06_26,NB-P0-00,hgtxr_e2e_m_axi_hls,hgtxr_e2e_m_axi_hls,solution_e2e_q4w8a,hgtxr_e2e_attn_unit_0_s,parsed,hls_csynth_xml,2026-06-26T16:48:56.930853+00:00,hgtxr_e2e_attn_unit_0_s,generated/hgtxr_e2e_m_axi_hls/solution_e2e_q4w8a/syn/report/hgtxr_e2e_attn_unit_0_s_csynth.xml,True,,False,5.0,3.744,4109376,4109376,4109376,4109376,4109376,48,111,12449,22655,0,624,1728,460800,230400,96,7.6923076923076925,6.423611111111111,2.7016059027777777,9.832899305555555,0.0,20.54688,True
p0_no_board_report_collection_2026_06_26,NB-P0-00,hgtxr_e2e_m_axi_hls,hgtxr_e2e_m_axi_hls,solution_e2e_q4w8a,hgtxr_e2e_attn_unit_1_s,parsed,hls_csynth_xml,2026-06-26T16:48:56.930853+00:00,hgtxr_e2e_attn_unit_1_s,generated/hgtxr_e2e_m_axi_hls/solution_e2e_q4w8a/syn/report/hgtxr_e2e_attn_unit_1_s_csynth.xml,True,,False,5.0,3.744,4109376,4109376,4109376,4109376,4109376,48,111,12449,22655,0,624,1728,460800,230400,96,7.6923076923076925,6.423611111111111,2.7016059027777777,9.832899305555555,0.0,20.54688,True
p0_no_board_report_collection_2026_06_26,NB-P0-00,hgtxr_e2e_m_axi_hls,hgtxr_e2e_m_axi_hls,solution_e2e_q4w8a,hgtxr_e2e_controller_run,parsed,hls_csynth_xml,2026-06-26T16:48:56.930853+00:00,hgtxr_e2e_controller_run,generated/hgtxr_e2e_m_axi_hls/solution_e2e_q4w8a/syn/report/hgtxr_e2e_controller_run_csynth.xml,True,,False,5.0,3.744,71104885,71104885,71104885,71104885,71104885,224,316,39341,73186,64,624,1728,460800,230400,96,35.8974358974359,18.287037037037038,8.537543402777779,31.764756944444443,66.66666666666667,355.524425,True
p0_no_board_report_collection_2026_06_26,NB-P0-00,hgtxr_e2e_m_axi_hls,hgtxr_e2e_m_axi_hls,solution_e2e_q4w8a,hgtxr_e2e_layernorm_Pipeline_VITIS_LOOP_761_1,parsed,hls_csynth_xml,2026-06-26T16:48:56.930853+00:00,hgtxr_e2e_layernorm_Pipeline_VITIS_LOOP_761_1,generated/hgtxr_e2e_m_axi_hls/solution_e2e_q4w8a/syn/report/hgtxr_e2e_layernorm_Pipeline_VITIS_LOOP_761_1_csynth.xml,True,,False,5.0,3.65,16,16,16,16,16,0,0,1816,416,0,624,1728,460800,230400,96,0.0,0.0,0.3940972222222222,0.18055555555555555,0.0,8e-05,True
p0_no_board_report_collection_2026_06_26,NB-P0-00,hgtxr_e2e_m_axi_hls,hgtxr_e2e_m_axi_hls,solution_e2e_q4w8a,hgtxr_e2e_layernorm_Pipeline_VITIS_LOOP_771_3,parsed,hls_csynth_xml,2026-06-26T16:48:56.930853+00:00,hgtxr_e2e_layernorm_Pipeline_VITIS_LOOP_771_3,generated/hgtxr_e2e_m_axi_hls/solution_e2e_q4w8a/syn/report/hgtxr_e2e_layernorm_Pipeline_VITIS_LOOP_771_3_csynth.xml,True,,False,5.0,3.401,194,194,194,194,194,0,0,46,179,0,624,1728,460800,230400,96,0.0,0.0,0.009982638888888888,0.07769097222222222,0.0,0.00097,True
p0_no_board_report_collection_2026_06_26,NB-P0-00,hgtxr_e2e_m_axi_hls,hgtxr_e2e_m_axi_hls,solution_e2e_q4w8a,hgtxr_e2e_layernorm_Pipeline_VITIS_LOOP_779_4,parsed,hls_csynth_xml,2026-06-26T16:48:56.930853+00:00,hgtxr_e2e_layernorm_Pipeline_VITIS_LOOP_779_4,generated/hgtxr_e2e_m_axi_hls/solution_e2e_q4w8a/syn/report/hgtxr_e2e_layernorm_Pipeline_VITIS_LOOP_779_4_csynth.xml,True,,False,5.0,3.58,196,196,196,196,196,0,2,90,237,0,624,1728,460800,230400,96,0.0,0.11574074074074074,0.01953125,0.10286458333333333,0.0,0.00098,True
p0_no_board_report_collection_2026_06_26,NB-P0-00,hgtxr_e2e_m_axi_hls,hgtxr_e2e_m_axi_hls,solution_e2e_q4w8a,hgtxr_e2e_layernorm_Pipeline_VITIS_LOOP_788_5,parsed,hls_csynth_xml,2026-06-26T16:48:56.930853+00:00,hgtxr_e2e_layernorm_Pipeline_VITIS_LOOP_788_5,generated/hgtxr_e2e_m_axi_hls/solution_e2e_q4w8a/syn/report/hgtxr_e2e_layernorm_Pipeline_VITIS_LOOP_788_5_csynth.xml,True,,False,5.0,3.58,197,197,197,197,197,0,4,265,903,0,624,1728,460800,230400,96,0.0,0.23148148148148148,0.05750868055555555,0.3919270833333333,0.0,0.000985,True
p0_no_board_report_collection_2026_06_26,NB-P0-00,hgtxr_e2e_m_axi_hls,hgtxr_e2e_m_axi_hls,solution_e2e_q4w8a,hgtxr_e2e_layernorm,parsed,hls_csynth_xml,2026-06-26T16:48:56.930853+00:00,hgtxr_e2e_layernorm,generated/hgtxr_e2e_m_axi_hls/solution_e2e_q4w8a/syn/report/hgtxr_e2e_layernorm_csynth.xml,True,,False,5.0,3.65,117619,117619,117619,117619,117619,0,15,2748,2778,0,624,1728,460800,230400,96,0.0,0.8680555555555556,0.5963541666666666,1.2057291666666667,0.0,0.588095,True
p0_no_board_report_collection_2026_06_26,NB-P0-00,hgtxr_e2e_m_axi_hls,hgtxr_e2e_m_axi_hls,solution_e2e_q4w8a,hgtxr_e2e_m_axi_top_Pipeline_VITIS_LOOP_84_1,parsed,hls_csynth_xml,2026-06-26T16:48:56.930853+00:00,hgtxr_e2e_m_axi_top_Pipeline_VITIS_LOOP_84_1,generated/hgtxr_e2e_m_axi_hls/solution_e2e_q4w8a/syn/report/hgtxr_e2e_m_axi_top_Pipeline_VITIS_LOOP_84_1_csynth.xml,True,,False,5.0,3.65,8,8,8,8,8,0,0,14,100,0,624,1728,460800,230400,96,0.0,0.0,0.0030381944444444445,0.043402777777777776,0.0,4e-05,True
p0_no_board_report_collection_2026_06_26,NB-P0-00,hgtxr_e2e_m_axi_hls,hgtxr_e2e_m_axi_hls,solution_e2e_q4w8a,hgtxr_e2e_m_axi_top,parsed,hls_csynth_xml,2026-06-26T16:48:56.930853+00:00,hgtxr_e2e_m_axi_top,generated/hgtxr_e2e_m_axi_hls/solution_e2e_q4w8a/syn/report/hgtxr_e2e_m_axi_top_csynth.xml,True,,False,5.0,3.744,81514836,81514836,81514836,81514837,81514837,326,334,46502,84220,64,624,1728,460800,230400,96,52.243589743589745,19.328703703703702,10.09157986111111,36.55381944444444,66.66666666666667,407.57418,True
p0_no_board_report_collection_2026_06_26,NB-P0-00,hgtxr_e2e_m_axi_hls,hgtxr_e2e_m_axi_hls,solution_e2e_q4w8a,hgtxr_e2e_mlp_head_Pipeline_VITIS_LOOP_1206_1,parsed,hls_csynth_xml,2026-06-26T16:48:56.930853+00:00,hgtxr_e2e_mlp_head_Pipeline_VITIS_LOOP_1206_1,generated/hgtxr_e2e_m_axi_hls/solution_e2e_q4w8a/syn/report/hgtxr_e2e_mlp_head_Pipeline_VITIS_LOOP_1206_1_csynth.xml,True,,False,5.0,1.869,194,194,194,194,194,0,0,10,57,0,624,1728,460800,230400,96,0.0,0.0,0.002170138888888889,0.024739583333333332,0.0,0.00097,True
p0_no_board_report_collection_2026_06_26,NB-P0-00,hgtxr_e2e_m_axi_hls,hgtxr_e2e_m_axi_hls,solution_e2e_q4w8a,hgtxr_e2e_mlp_head_Pipeline_VITIS_LOOP_1212_2_VITIS_LOOP_1214_3,parsed,hls_csynth_xml,2026-06-26T16:48:56.930853+00:00,hgtxr_e2e_mlp_head_Pipeline_VITIS_LOOP_1212_2_VITIS_LOOP_1214_3,generated/hgtxr_e2e_m_axi_hls/solution_e2e_q4w8a/syn/report/hgtxr_e2e_mlp_head_Pipeline_VITIS_LOOP_1212_2_VITIS_LOOP_1214_3_csynth.xml,True,,False,5.0,3.646,75267,75267,75267,75267,75267,0,0,186,638,0,624,1728,460800,230400,96,0.0,0.0,0.040364583333333336,0.2769097222222222,0.0,0.376335,True
p0_no_board_report_collection_2026_06_26,NB-P0-00,hgtxr_e2e_m_axi_hls,hgtxr_e2e_m_axi_hls,solution_e2e_q4w8a,hgtxr_e2e_mlp_head_Pipeline_VITIS_LOOP_1229_6,parsed,hls_csynth_xml,2026-06-26T16:48:56.930853+00:00,hgtxr_e2e_mlp_head_Pipeline_VITIS_LOOP_1229_6,generated/hgtxr_e2e_m_axi_hls/solution_e2e_q4w8a/syn/report/hgtxr_e2e_mlp_head_Pipeline_VITIS_LOOP_1229_6_csynth.xml,True,,False,5.0,3.65,36,36,36,36,36,0,16,1472,1559,0,624,1728,460800,230400,96,0.0,0.9259259259259259,0.3194444444444444,0.6766493055555556,0.0,0.00018,True
p0_no_board_report_collection_2026_06_26,NB-P0-00,hgtxr_e2e_m_axi_hls,hgtxr_e2e_m_axi_hls,solution_e2e_q4w8a,hgtxr_e2e_mlp_head,parsed,hls_csynth_xml,2026-06-26T16:48:56.930853+00:00,hgtxr_e2e_mlp_head,generated/hgtxr_e2e_m_axi_hls/solution_e2e_q4w8a/syn/report/hgtxr_e2e_mlp_head_csynth.xml,True,,False,5.0,3.65,75705,75705,75705,75705,75705,0,16,1855,3404,0,624,1728,460800,230400,96,0.0,0.9259259259259259,0.4025607638888889,1.4774305555555556,0.0,0.378525,True
p0_no_board_report_collection_2026_06_26,NB-P0-00,hgtxr_e2e_m_axi_hls,hgtxr_e2e_m_axi_hls,solution_e2e_q4w8a,hgtxr_e2e_mlp_unit_0_Pipeline_VITIS_LOOP_1124_4,parsed,hls_csynth_xml,2026-06-26T16:48:56.930853+00:00,hgtxr_e2e_mlp_unit_0_Pipeline_VITIS_LOOP_1124_4,generated/hgtxr_e2e_m_axi_hls/solution_e2e_q4w8a/syn/report/hgtxr_e2e_mlp_unit_0_Pipeline_VITIS_LOOP_1124_4_csynth.xml,True,,False,5.0,3.65,204,204,204,204,204,0,16,1642,1832,0,624,1728,460800,230400,96,0.0,0.9259259259259259,0.3563368055555556,0.7951388888888888,0.0,0.00102,True
p0_no_board_report_collection_2026_06_26,NB-P0-00,hgtxr_e2e_m_axi_hls,hgtxr_e2e_m_axi_hls,solution_e2e_q4w8a,hgtxr_e2e_mlp_unit_0_Pipeline_VITIS_LOOP_1151_7_VITIS_LOOP_1159_9,parsed,hls_csynth_xml,2026-06-26T16:48:56.930853+00:00,hgtxr_e2e_mlp_unit_0_Pipeline_VITIS_LOOP_1151_7_VITIS_LOOP_1159_9,generated/hgtxr_e2e_m_axi_hls/solution_e2e_q4w8a/syn/report/hgtxr_e2e_mlp_unit_0_Pipeline_VITIS_LOOP_1151_7_VITIS_LOOP_1159_9_csynth.xml,True,,False,5.0,3.65,18446,18446,18446,18446,18446,0,16,2507,3224,0,624,1728,460800,230400,96,0.0,0.9259259259259259,0.5440538194444444,1.3993055555555556,0.0,0.09223,True
p0_no_board_report_collection_2026_06_26,NB-P0-00,hgtxr_e2e_m_axi_hls,hgtxr_e2e_m_axi_hls,solution_e2e_q4w8a,hgtxr_e2e_mlp_unit_0_s,parsed,hls_csynth_xml,2026-06-26T16:48:56.930853+00:00,hgtxr_e2e_mlp_unit_0_s,generated/hgtxr_e2e_m_axi_hls/solution_e2e_q4w8a/syn/report/hgtxr_e2e_mlp_unit_0_s_csynth.xml,True,,False,5.0,3.65,7741434,7741434,7741434,7741434,7741434,0,47,7211,10804,0,624,1728,460800,230400,96,0.0,2.7199074074074074,1.5648871527777777,4.689236111111111,0.0,38.70717,True
p0_no_board_report_collection_2026_06_26,NB-P0-00,hgtxr_e2e_m_axi_hls,hgtxr_e2e_m_axi_hls,solution_e2e_q4w8a,hgtxr_e2e_mlp_unit_1_Pipeline_VITIS_LOOP_1124_4,parsed,hls_csynth_xml,2026-06-26T16:48:56.930853+00:00,hgtxr_e2e_mlp_unit_1_Pipeline_VITIS_LOOP_1124_4,generated/hgtxr_e2e_m_axi_hls/solution_e2e_q4w8a/syn/report/hgtxr_e2e_mlp_unit_1_Pipeline_VITIS_LOOP_1124_4_csynth.xml,True,,False,5.0,3.65,204,204,204,204,204,0,16,1642,1832,0,624,1728,460800,230400,96,0.0,0.9259259259259259,0.3563368055555556,0.7951388888888888,0.0,0.00102,True
p0_no_board_report_collection_2026_06_26,NB-P0-00,hgtxr_e2e_m_axi_hls,hgtxr_e2e_m_axi_hls,solution_e2e_q4w8a,hgtxr_e2e_mlp_unit_1_Pipeline_VITIS_LOOP_1151_7_VITIS_LOOP_1159_9,parsed,hls_csynth_xml,2026-06-26T16:48:56.930853+00:00,hgtxr_e2e_mlp_unit_1_Pipeline_VITIS_LOOP_1151_7_VITIS_LOOP_1159_9,generated/hgtxr_e2e_m_axi_hls/solution_e2e_q4w8a/syn/report/hgtxr_e2e_mlp_unit_1_Pipeline_VITIS_LOOP_1151_7_VITIS_LOOP_1159_9_csynth.xml,True,,False,5.0,3.65,18446,18446,18446,18446,18446,0,16,2507,3224,0,624,1728,460800,230400,96,0.0,0.9259259259259259,0.5440538194444444,1.3993055555555556,0.0,0.09223,True
p0_no_board_report_collection_2026_06_26,NB-P0-00,hgtxr_e2e_m_axi_hls,hgtxr_e2e_m_axi_hls,solution_e2e_q4w8a,hgtxr_e2e_mlp_unit_1_s,parsed,hls_csynth_xml,2026-06-26T16:48:56.930853+00:00,hgtxr_e2e_mlp_unit_1_s,generated/hgtxr_e2e_m_axi_hls/solution_e2e_q4w8a/syn/report/hgtxr_e2e_mlp_unit_1_s_csynth.xml,True,,False,5.0,3.65,7741434,7741434,7741434,7741434,7741434,0,47,7211,10804,0,624,1728,460800,230400,96,0.0,2.7199074074074074,1.5648871527777777,4.689236111111111,0.0,38.70717,True
p0_no_board_report_collection_2026_06_26,NB-P0-00,hgtxr_e2e_m_axi_hls,hgtxr_e2e_m_axi_hls,solution_e2e_q4w8a,hgtxr_e2e_output_projection_Pipeline_VITIS_LOOP_1059_4,parsed,hls_csynth_xml,2026-06-26T16:48:56.930853+00:00,hgtxr_e2e_output_projection_Pipeline_VITIS_LOOP_1059_4,generated/hgtxr_e2e_m_axi_hls/solution_e2e_q4w8a/syn/report/hgtxr_e2e_output_projection_Pipeline_VITIS_LOOP_1059_4_csynth.xml,True,,False,5.0,3.697,204,204,204,204,204,0,16,1045,3278,0,624,1728,460800,230400,96,0.0,0.9259259259259259,0.2267795138888889,1.4227430555555556,0.0,0.00102,True
p0_no_board_report_collection_2026_06_26,NB-P0-00,hgtxr_e2e_m_axi_hls,hgtxr_e2e_m_axi_hls,solution_e2e_q4w8a,hgtxr_e2e_output_projection,parsed,hls_csynth_xml,2026-06-26T16:48:56.930853+00:00,hgtxr_e2e_output_projection,generated/hgtxr_e2e_m_axi_hls/solution_e2e_q4w8a/syn/report/hgtxr_e2e_output_projection_csynth.xml,True,,False,5.0,3.697,978825,978825,978825,978825,978825,0,16,1275,4323,0,624,1728,460800,230400,96,0.0,0.9259259259259259,0.2766927083333333,1.8763020833333333,0.0,4.894125,True
p0_no_board_report_collection_2026_06_26,NB-P0-00,hgtxr_e2e_m_axi_hls,hgtxr_e2e_m_axi_hls,solution_e2e_q4w8a,hgtxr_e2e_project_qkv_Pipeline_VITIS_LOOP_831_1,parsed,hls_csynth_xml,2026-06-26T16:48:56.930853+00:00,hgtxr_e2e_project_qkv_Pipeline_VITIS_LOOP_831_1,generated/hgtxr_e2e_m_axi_hls/solution_e2e_q4w8a/syn/report/hgtxr_e2e_project_qkv_Pipeline_VITIS_LOOP_831_1_csynth.xml,True,,False,5.0,3.65,579,579,579,579,579,0,0,291,83,0,624,1728,460800,230400,96,0.0,0.0,0.06315104166666667,0.03602430555555555,0.0,0.002895,True
p0_no_board_report_collection_2026_06_26,NB-P0-00,hgtxr_e2e_m_axi_hls,hgtxr_e2e_m_axi_hls,solution_e2e_q4w8a,hgtxr_e2e_project_qkv_Pipeline_VITIS_LOOP_836_2,parsed,hls_csynth_xml,2026-06-26T16:48:56.930853+00:00,hgtxr_e2e_project_qkv_Pipeline_VITIS_LOOP_836_2,generated/hgtxr_e2e_m_axi_hls/solution_e2e_q4w8a/syn/report/hgtxr_e2e_project_qkv_Pipeline_VITIS_LOOP_836_2_csynth.xml,True,,False,5.0,3.65,579,579,579,579,579,0,0,291,83,0,624,1728,460800,230400,96,0.0,0.0,0.06315104166666667,0.03602430555555555,0.0,0.002895,True
p0_no_board_report_collection_2026_06_26,NB-P0-00,hgtxr_e2e_m_axi_hls,hgtxr_e2e_m_axi_hls,solution_e2e_q4w8a,hgtxr_e2e_project_qkv_Pipeline_VITIS_LOOP_841_3,parsed,hls_csynth_xml,2026-06-26T16:48:56.930853+00:00,hgtxr_e2e_project_qkv_Pipeline_VITIS_LOOP_841_3,generated/hgtxr_e2e_m_axi_hls/solution_e2e_q4w8a/syn/report/hgtxr_e2e_project_qkv_Pipeline_VITIS_LOOP_841_3_csynth.xml,True,,False,5.0,3.65,579,579,579,579,579,0,0,291,83,0,624,1728,460800,230400,96,0.0,0.0,0.06315104166666667,0.03602430555555555,0.0,0.002895,True
p0_no_board_report_collection_2026_06_26,NB-P0-00,hgtxr_e2e_m_axi_hls,hgtxr_e2e_m_axi_hls,solution_e2e_q4w8a,hgtxr_e2e_project_qkv_Pipeline_VITIS_LOOP_847_4_VITIS_LOOP_849_5_VITIS_LOOP_863_s,parsed,hls_csynth_xml,2026-06-26T16:48:56.930853+00:00,hgtxr_e2e_project_qkv_Pipeline_VITIS_LOOP_847_4_VITIS_LOOP_849_5_VITIS_LOOP_863_s,generated/hgtxr_e2e_m_axi_hls/solution_e2e_q4w8a/syn/report/hgtxr_e2e_project_qkv_Pipeline_VITIS_LOOP_847_4_VITIS_LOOP_849_5_VITIS_LOOP_863_s_csynth.xml,True,,False,5.0,3.49,903174,903174,903174,903174,903174,0,48,2611,7345,0,624,1728,460800,230400,96,0.0,2.7777777777777777,0.5666232638888888,3.1879340277777777,0.0,4.51587,True
p0_no_board_report_collection_2026_06_26,NB-P0-00,hgtxr_e2e_m_axi_hls,hgtxr_e2e_m_axi_hls,solution_e2e_q4w8a,hgtxr_e2e_project_qkv,parsed,hls_csynth_xml,2026-06-26T16:48:56.930853+00:00,hgtxr_e2e_project_qkv,generated/hgtxr_e2e_m_axi_hls/solution_e2e_q4w8a/syn/report/hgtxr_e2e_project_qkv_csynth.xml,True,,False,5.0,3.65,904943,904943,904943,904943,904943,48,48,3698,8422,0,624,1728,460800,230400,96,7.6923076923076925,2.7777777777777777,0.8025173611111112,3.6553819444444446,0.0,4.524715,True
p0_no_board_report_collection_2026_06_26,NB-P0-00,hgtxr_e2e_m_axi_hls,hgtxr_e2e_m_axi_hls,solution_e2e_q4w8a,hgtxr_global_buffer_load,parsed,hls_csynth_xml,2026-06-26T16:48:56.930853+00:00,hgtxr_global_buffer_load,generated/hgtxr_e2e_m_axi_hls/solution_e2e_q4w8a/syn/report/hgtxr_global_buffer_load_csynth.xml,True,,False,5.0,3.235,49154,49154,49154,49154,49154,0,0,53,242,0,624,1728,460800,230400,96,0.0,0.0,0.011501736111111112,0.10503472222222222,0.0,0.24577,True
p0_no_board_report_collection_2026_06_26,NB-P0-00,hgtxr_mode_search_par32_no_board,hgtxr_mode_search_par32_no_board,solution_mode_q4w8a,hgtxr_search_profile_top,parsed,hls_csynth_xml,2026-06-26T16:48:56.930853+00:00,hgtxr_search_profile_top,generated/hgtxr_mode_search_par32_no_board/solution_mode_q4w8a/syn/report/hgtxr_search_profile_top_csynth.xml,True,,False,5.0,3.836,772220,772244,772268,772221,772269,8,294,23131,65557,96,624,1728,460800,230400,96,1.2820512820512822,17.01388888888889,5.019748263888889,28.45355902777778,100.0,3.86134,False
p0_no_board_report_collection_2026_06_26,NB-P0-00,hgtxr_mode_search_par32_no_board,hgtxr_mode_search_par32_no_board,solution_mode_q4w8a,p_anonymous_namespace_mode_attention_active_64_s,parsed,hls_csynth_xml,2026-06-26T16:48:56.930853+00:00,p_anonymous_namespace_mode_attention_active_64_s,generated/hgtxr_mode_search_par32_no_board/solution_mode_q4w8a/syn/report/p_anonymous_namespace_mode_attention_active_64_s_csynth.xml,True,,False,5.0,3.828,82220,82226,82232,82220,82232,0,210,10665,25176,32,624,1728,460800,230400,96,0.0,12.152777777777779,2.314453125,10.927083333333334,33.333333333333336,0.41116,False
p0_no_board_report_collection_2026_06_26,NB-P0-00,hgtxr_mode_search_par32_no_board,hgtxr_mode_search_par32_no_board,solution_mode_q4w8a,p_anonymous_namespace_mode_attention_active_Pipeline_VITIS_LOOP_309_1_VITIS_LOOP_s,parsed,hls_csynth_xml,2026-06-26T16:48:56.930853+00:00,p_anonymous_namespace_mode_attention_active_Pipeline_VITIS_LOOP_309_1_VITIS_LOOP_s,generated/hgtxr_mode_search_par32_no_board/solution_mode_q4w8a/syn/report/p_anonymous_namespace_mode_attention_active_Pipeline_VITIS_LOOP_309_1_VITIS_LOOP_s_csynth.xml,True,,False,5.0,3.828,386,386,386,386,386,0,0,36,201,0,624,1728,460800,230400,96,0.0,0.0,0.0078125,0.08723958333333333,0.0,0.00193,True
p0_no_board_report_collection_2026_06_26,NB-P0-00,hgtxr_mode_search_par32_no_board,hgtxr_mode_search_par32_no_board,solution_mode_q4w8a,p_anonymous_namespace_mode_attention_active_Pipeline_VITIS_LOOP_329_4_VITIS_LOOP_s,parsed,hls_csynth_xml,2026-06-26T16:48:56.930853+00:00,p_anonymous_namespace_mode_attention_active_Pipeline_VITIS_LOOP_329_4_VITIS_LOOP_s,generated/hgtxr_mode_search_par32_no_board/solution_mode_q4w8a/syn/report/p_anonymous_namespace_mode_attention_active_Pipeline_VITIS_LOOP_329_4_VITIS_LOOP_s_csynth.xml,True,,False,5.0,3.828,386,386,386,386,386,0,0,315,809,0,624,1728,460800,230400,96,0.0,0.0,0.068359375,0.3511284722222222,0.0,0.00193,True
p0_no_board_report_collection_2026_06_26,NB-P0-00,hgtxr_mode_search_par32_no_board,hgtxr_mode_search_par32_no_board,solution_mode_q4w8a,p_anonymous_namespace_mode_frame_patch_embed_active_64_Pipeline_VITIS_LOOP_58_4,parsed,hls_csynth_xml,2026-06-26T16:48:56.930853+00:00,p_anonymous_namespace_mode_frame_patch_embed_active_64_Pipeline_VITIS_LOOP_58_4,generated/hgtxr_mode_search_par32_no_board/solution_mode_q4w8a/syn/report/p_anonymous_namespace_mode_frame_patch_embed_active_64_Pipeline_VITIS_LOOP_58_4_csynth.xml,True,,False,5.0,2.44,8,8,8,8,8,0,0,10,73,0,624,1728,460800,230400,96,0.0,0.0,0.002170138888888889,0.031684027777777776,0.0,4e-05,True
p0_no_board_report_collection_2026_06_26,NB-P0-00,hgtxr_mode_search_par32_no_board,hgtxr_mode_search_par32_no_board,solution_mode_q4w8a,p_anonymous_namespace_mode_frame_patch_embed_active_64_s,parsed,hls_csynth_xml,2026-06-26T16:48:56.930853+00:00,p_anonymous_namespace_mode_frame_patch_embed_active_64_s,generated/hgtxr_mode_search_par32_no_board/solution_mode_q4w8a/syn/report/p_anonymous_namespace_mode_frame_patch_embed_active_64_s_csynth.xml,True,,False,5.0,3.65,17921,17921,17921,17921,17921,0,0,317,666,0,624,1728,460800,230400,96,0.0,0.0,0.06879340277777778,0.2890625,0.0,0.089605,True
p0_no_board_report_collection_2026_06_26,NB-P0-00,hgtxr_mode_search_par32_no_board,hgtxr_mode_search_par32_no_board,solution_mode_q4w8a,p_anonymous_namespace_mode_frame_patch_embed_active_Pipeline_VITIS_LOOP_48_2_VITI,parsed,hls_csynth_xml,2026-06-26T16:48:56.930853+00:00,p_anonymous_namespace_mode_frame_patch_embed_active_Pipeline_VITIS_LOOP_48_2_VITI,generated/hgtxr_mode_search_par32_no_board/solution_mode_q4w8a/syn/report/p_anonymous_namespace_mode_frame_patch_embed_active_Pipeline_VITIS_LOOP_48_2_VITI_csynth.xml,True,,False,5.0,3.65,267,267,267,267,267,0,0,210,335,0,624,1728,460800,230400,96,0.0,0.0,0.045572916666666664,0.14539930555555555,0.0,0.001335,True
p0_no_board_report_collection_2026_06_26,NB-P0-00,hgtxr_mode_search_par32_no_board,hgtxr_mode_search_par32_no_board,solution_mode_q4w8a,p_anonymous_namespace_mode_gelu_active_64_s,parsed,hls_csynth_xml,2026-06-26T16:48:56.930853+00:00,p_anonymous_namespace_mode_gelu_active_64_s,generated/hgtxr_mode_search_par32_no_board/solution_mode_q4w8a/syn/report/p_anonymous_namespace_mode_gelu_active_64_s_csynth.xml,True,,False,5.0,3.828,386,386,386,386,386,0,0,315,937,0,624,1728,460800,230400,96,0.0,0.0,0.068359375,0.4066840277777778,0.0,0.00193,True
p0_no_board_report_collection_2026_06_26,NB-P0-00,hgtxr_mode_search_par32_no_board,hgtxr_mode_search_par32_no_board,solution_mode_q4w8a,p_anonymous_namespace_mode_layernorm_active_64_Pipeline_VITIS_LOOP_118_2,parsed,hls_csynth_xml,2026-06-26T16:48:56.930853+00:00,p_anonymous_namespace_mode_layernorm_active_64_Pipeline_VITIS_LOOP_118_2,generated/hgtxr_mode_search_par32_no_board/solution_mode_q4w8a/syn/report/p_anonymous_namespace_mode_layernorm_active_64_Pipeline_VITIS_LOOP_118_2_csynth.xml,True,,False,5.0,3.469,194,194,194,194,194,0,0,48,280,0,624,1728,460800,230400,96,0.0,0.0,0.010416666666666666,0.12152777777777778,0.0,0.00097,True
p0_no_board_report_collection_2026_06_26,NB-P0-00,hgtxr_mode_search_par32_no_board,hgtxr_mode_search_par32_no_board,solution_mode_q4w8a,p_anonymous_namespace_mode_layernorm_active_64_Pipeline_VITIS_LOOP_124_3,parsed,hls_csynth_xml,2026-06-26T16:48:56.930853+00:00,p_anonymous_namespace_mode_layernorm_active_64_Pipeline_VITIS_LOOP_124_3,generated/hgtxr_mode_search_par32_no_board/solution_mode_q4w8a/syn/report/p_anonymous_namespace_mode_layernorm_active_64_Pipeline_VITIS_LOOP_124_3_csynth.xml,True,,False,5.0,2.96,196,196,196,196,196,0,2,90,334,0,624,1728,460800,230400,96,0.0,0.11574074074074074,0.01953125,0.1449652777777778,0.0,0.00098,True
p0_no_board_report_collection_2026_06_26,NB-P0-00,hgtxr_mode_search_par32_no_board,hgtxr_mode_search_par32_no_board,solution_mode_q4w8a,p_anonymous_namespace_mode_layernorm_active_64_Pipeline_VITIS_LOOP_135_4,parsed,hls_csynth_xml,2026-06-26T16:48:56.930853+00:00,p_anonymous_namespace_mode_layernorm_active_64_Pipeline_VITIS_LOOP_135_4,generated/hgtxr_mode_search_par32_no_board/solution_mode_q4w8a/syn/report/p_anonymous_namespace_mode_layernorm_active_64_Pipeline_VITIS_LOOP_135_4_csynth.xml,True,,False,5.0,2.575,9,9,9,9,9,0,0,845,1364,0,624,1728,460800,230400,96,0.0,0.0,0.1833767361111111,0.5920138888888888,0.0,4.5e-05,True
p0_no_board_report_collection_2026_06_26,NB-P0-00,hgtxr_mode_search_par32_no_board,hgtxr_mode_search_par32_no_board,solution_mode_q4w8a,p_anonymous_namespace_mode_layernorm_active_64_s,parsed,hls_csynth_xml,2026-06-26T16:48:56.930853+00:00,p_anonymous_namespace_mode_layernorm_active_64_s,generated/hgtxr_mode_search_par32_no_board/solution_mode_q4w8a/syn/report/p_anonymous_namespace_mode_layernorm_active_64_s_csynth.xml,True,,False,5.0,3.469,26049,26049,26049,26049,26049,0,6,1151,4157,0,624,1728,460800,230400,96,0.0,0.3472222222222222,0.2497829861111111,1.8042534722222223,0.0,0.130245,True
p0_no_board_report_collection_2026_06_26,NB-P0-00,hgtxr_mode_search_par32_no_board,hgtxr_mode_search_par32_no_board,solution_mode_q4w8a,p_anonymous_namespace_mode_mlp_active_64_s,parsed,hls_csynth_xml,2026-06-26T16:48:56.930853+00:00,p_anonymous_namespace_mode_mlp_active_64_s,generated/hgtxr_mode_search_par32_no_board/solution_mode_q4w8a/syn/report/p_anonymous_namespace_mode_mlp_active_64_s_csynth.xml,True,,False,5.0,3.828,106200,106200,106200,106200,106200,0,80,6598,24326,32,624,1728,460800,230400,96,0.0,4.62962962962963,1.4318576388888888,10.558159722222221,33.333333333333336,0.531,True
p0_no_board_report_collection_2026_06_26,NB-P0-00,hgtxr_mode_search_par32_no_board,hgtxr_mode_search_par32_no_board,solution_mode_q4w8a,p_anonymous_namespace_mode_mlp_active_Pipeline_VITIS_LOOP_360_1_VITIS_LOOP_362_2,parsed,hls_csynth_xml,2026-06-26T16:48:56.930853+00:00,p_anonymous_namespace_mode_mlp_active_Pipeline_VITIS_LOOP_360_1_VITIS_LOOP_362_2,generated/hgtxr_mode_search_par32_no_board/solution_mode_q4w8a/syn/report/p_anonymous_namespace_mode_mlp_active_Pipeline_VITIS_LOOP_360_1_VITIS_LOOP_362_2_csynth.xml,True,,False,5.0,3.828,386,386,386,386,386,0,0,36,201,0,624,1728,460800,230400,96,0.0,0.0,0.0078125,0.08723958333333333,0.0,0.00193,True
p0_no_board_report_collection_2026_06_26,NB-P0-00,hgtxr_mode_search_par32_no_board,hgtxr_mode_search_par32_no_board,solution_mode_q4w8a,p_anonymous_namespace_mode_mlp_active_Pipeline_VITIS_LOOP_381_4_VITIS_LOOP_383_5,parsed,hls_csynth_xml,2026-06-26T16:48:56.930853+00:00,p_anonymous_namespace_mode_mlp_active_Pipeline_VITIS_LOOP_381_4_VITIS_LOOP_383_5,generated/hgtxr_mode_search_par32_no_board/solution_mode_q4w8a/syn/report/p_anonymous_namespace_mode_mlp_active_Pipeline_VITIS_LOOP_381_4_VITIS_LOOP_383_5_csynth.xml,True,,False,5.0,3.828,386,386,386,386,386,0,0,315,809,0,624,1728,460800,230400,96,0.0,0.0,0.068359375,0.3511284722222222,0.0,0.00193,True
p0_no_board_report_collection_2026_06_26,NB-P0-00,hgtxr_mode_search_par32_no_board,hgtxr_mode_search_par32_no_board,solution_mode_q4w8a,p_anonymous_namespace_mode_pool_active_64_s,parsed,hls_csynth_xml,2026-06-26T16:48:56.930853+00:00,p_anonymous_namespace_mode_pool_active_64_s,generated/hgtxr_mode_search_par32_no_board/solution_mode_q4w8a/syn/report/p_anonymous_namespace_mode_pool_active_64_s_csynth.xml,True,,False,5.0,3.836,387,387,387,387,387,0,0,2054,5080,0,624,1728,460800,230400,96,0.0,0.0,0.4457465277777778,2.204861111111111,0.0,0.001935,True
p0_no_board_report_collection_2026_06_26,NB-P0-00,hgtxr_mode_search_par32_no_board,hgtxr_mode_search_par32_no_board,solution_mode_q4w8a,p_anonymous_namespace_mode_projection_active_64_Pipeline_VITIS_LOOP_157_2,parsed,hls_csynth_xml,2026-06-26T16:48:56.930853+00:00,p_anonymous_namespace_mode_projection_active_64_Pipeline_VITIS_LOOP_157_2,generated/hgtxr_mode_search_par32_no_board/solution_mode_q4w8a/syn/report/p_anonymous_namespace_mode_projection_active_64_Pipeline_VITIS_LOOP_157_2_csynth.xml,True,,False,5.0,3.469,194,194,194,194,194,0,0,48,280,0,624,1728,460800,230400,96,0.0,0.0,0.010416666666666666,0.12152777777777778,0.0,0.00097,True
p0_no_board_report_collection_2026_06_26,NB-P0-00,hgtxr_mode_search_par32_no_board,hgtxr_mode_search_par32_no_board,solution_mode_q4w8a,p_anonymous_namespace_mode_projection_active_64_Pipeline_VITIS_LOOP_163_3,parsed,hls_csynth_xml,2026-06-26T16:48:56.930853+00:00,p_anonymous_namespace_mode_projection_active_64_Pipeline_VITIS_LOOP_163_3,generated/hgtxr_mode_search_par32_no_board/solution_mode_q4w8a/syn/report/p_anonymous_namespace_mode_projection_active_64_Pipeline_VITIS_LOOP_163_3_csynth.xml,True,,False,5.0,3.53,10,10,10,10,10,0,64,3433,4212,0,624,1728,460800,230400,96,0.0,3.7037037037037037,0.7450086805555556,1.828125,0.0,5e-05,True
p0_no_board_report_collection_2026_06_26,NB-P0-00,hgtxr_mode_search_par32_no_board,hgtxr_mode_search_par32_no_board,solution_mode_q4w8a,p_anonymous_namespace_mode_projection_active_64_s,parsed,hls_csynth_xml,2026-06-26T16:48:56.930853+00:00,p_anonymous_namespace_mode_projection_active_64_s,generated/hgtxr_mode_search_par32_no_board/solution_mode_q4w8a/syn/report/p_anonymous_namespace_mode_projection_active_64_s_csynth.xml,True,,False,5.0,3.53,39491,39491,39491,39491,39491,0,74,4764,11981,0,624,1728,460800,230400,96,0.0,4.282407407407407,1.0338541666666667,5.200086805555555,0.0,0.197455,True
p0_no_board_report_collection_2026_06_26,NB-P0-00,hgtxr_mode_search_par32_no_board,hgtxr_mode_search_par32_no_board,solution_mode_q4w8a,p_anonymous_namespace_mode_relation_active_64_Pipeline_VITIS_LOOP_210_3,parsed,hls_csynth_xml,2026-06-26T16:48:56.930853+00:00,p_anonymous_namespace_mode_relation_active_64_Pipeline_VITIS_LOOP_210_3,generated/hgtxr_mode_search_par32_no_board/solution_mode_q4w8a/syn/report/p_anonymous_namespace_mode_relation_active_64_Pipeline_VITIS_LOOP_210_3_csynth.xml,True,,False,5.0,3.519,68,68,68,68,68,0,2,135,256,0,624,1728,460800,230400,96,0.0,0.11574074074074074,0.029296875,0.1111111111111111,0.0,0.00034,True
p0_no_board_report_collection_2026_06_26,NB-P0-00,hgtxr_mode_search_par32_no_board,hgtxr_mode_search_par32_no_board,solution_mode_q4w8a,p_anonymous_namespace_mode_relation_active_64_Pipeline_VITIS_LOOP_238_6,parsed,hls_csynth_xml,2026-06-26T16:48:56.930853+00:00,p_anonymous_namespace_mode_relation_active_64_Pipeline_VITIS_LOOP_238_6,generated/hgtxr_mode_search_par32_no_board/solution_mode_q4w8a/syn/report/p_anonymous_namespace_mode_relation_active_64_Pipeline_VITIS_LOOP_238_6_csynth.xml,True,,False,5.0,3.221,70,70,70,70,70,0,128,2569,3143,0,624,1728,460800,230400,96,0.0,7.407407407407407,0.5575086805555556,1.3641493055555556,0.0,0.00035,True
p0_no_board_report_collection_2026_06_26,NB-P0-00,hgtxr_mode_search_par32_no_board,hgtxr_mode_search_par32_no_board,solution_mode_q4w8a,p_anonymous_namespace_mode_relation_active_64_Pipeline_VITIS_LOOP_252_8,parsed,hls_csynth_xml,2026-06-26T16:48:56.930853+00:00,p_anonymous_namespace_mode_relation_active_64_Pipeline_VITIS_LOOP_252_8,generated/hgtxr_mode_search_par32_no_board/solution_mode_q4w8a/syn/report/p_anonymous_namespace_mode_relation_active_64_Pipeline_VITIS_LOOP_252_8_csynth.xml,True,,False,5.0,3.409,66,66,66,66,66,0,0,1066,1095,0,624,1728,460800,230400,96,0.0,0.0,0.23133680555555555,0.4752604166666667,0.0,0.00033,True
p0_no_board_report_collection_2026_06_26,NB-P0-00,hgtxr_mode_search_par32_no_board,hgtxr_mode_search_par32_no_board,solution_mode_q4w8a,p_anonymous_namespace_mode_relation_active_64_s,parsed,hls_csynth_xml,2026-06-26T16:48:56.930853+00:00,p_anonymous_namespace_mode_relation_active_64_s,generated/hgtxr_mode_search_par32_no_board/solution_mode_q4w8a/syn/report/p_anonymous_namespace_mode_relation_active_64_s_csynth.xml,True,,False,5.0,3.828,2457,2463,2469,2457,2469,0,136,5536,7038,0,624,1728,460800,230400,96,0.0,7.87037037037037,1.2013888888888888,3.0546875,0.0,0.012345,False
p0_no_board_report_collection_2026_06_26,NB-P0-00,hgtxr_mode_search_par32_no_board,hgtxr_mode_search_par32_no_board,solution_mode_q4w8a,p_anonymous_namespace_mode_relation_active_Pipeline_VITIS_LOOP_195_1_VITIS_LOOP_1,parsed,hls_csynth_xml,2026-06-26T16:48:56.930853+00:00,p_anonymous_namespace_mode_relation_active_Pipeline_VITIS_LOOP_195_1_VITIS_LOOP_1,generated/hgtxr_mode_search_par32_no_board/solution_mode_q4w8a/syn/report/p_anonymous_namespace_mode_relation_active_Pipeline_VITIS_LOOP_195_1_VITIS_LOOP_1_csynth.xml,True,,False,5.0,3.828,1543,1543,1543,1543,1543,0,6,541,668,0,624,1728,460800,230400,96,0.0,0.3472222222222222,0.1174045138888889,0.2899305555555556,0.0,0.007715,True
p0_no_board_report_collection_2026_06_26,NB-P0-00,hgtxr_mode_search_par32_no_board,hgtxr_mode_search_par32_no_board,solution_mode_q4w8a,p_anonymous_namespace_mode_transformer_profile_64_8_s,parsed,hls_csynth_xml,2026-06-26T16:48:56.930853+00:00,p_anonymous_namespace_mode_transformer_profile_64_8_s,generated/hgtxr_mode_search_par32_no_board/solution_mode_q4w8a/syn/report/p_anonymous_namespace_mode_transformer_profile_64_8_s_csynth.xml,True,,False,5.0,3.828,753697,753721,753745,753697,753745,0,290,17273,52252,64,624,1728,460800,230400,96,0.0,16.78240740740741,3.7484809027777777,22.678819444444443,66.66666666666667,3.768725,False
p0_no_board_report_collection_2026_06_26,NB-P0-00,hgtxr_mode_search_par32_no_board,hgtxr_mode_search_par32_no_board,solution_mode_q4w8a,search_head_Pipeline_VITIS_LOOP_16_1,parsed,hls_csynth_xml,2026-06-26T16:48:56.930853+00:00,search_head_Pipeline_VITIS_LOOP_16_1,generated/hgtxr_mode_search_par32_no_board/solution_mode_q4w8a/syn/report/search_head_Pipeline_VITIS_LOOP_16_1_csynth.xml,True,,False,5.0,3.428,195,195,195,195,195,0,0,102,401,0,624,1728,460800,230400,96,0.0,0.0,0.022135416666666668,0.1740451388888889,0.0,0.000975,True
p0_no_board_report_collection_2026_06_26,NB-P0-00,hgtxr_mode_search_par32_no_board,hgtxr_mode_search_par32_no_board,solution_mode_q4w8a,search_head,parsed,hls_csynth_xml,2026-06-26T16:48:56.930853+00:00,search_head,generated/hgtxr_mode_search_par32_no_board/solution_mode_q4w8a/syn/report/search_head_csynth.xml,True,,False,5.0,3.65,208,208,208,208,208,0,4,235,817,0,624,1728,460800,230400,96,0.0,0.23148148148148148,0.05099826388888889,0.3546006944444444,0.0,0.00104,True
p0_no_board_report_collection_2026_06_26,NB-P0-00,hgtxr_mode_track_par32_no_board,hgtxr_mode_track_par32_no_board,solution_mode_q4w8a,hgtxr_track_profile_top_Pipeline_VITIS_LOOP_13_1,parsed,hls_csynth_xml,2026-06-26T16:48:56.930853+00:00,hgtxr_track_profile_top_Pipeline_VITIS_LOOP_13_1,generated/hgtxr_mode_track_par32_no_board/solution_mode_q4w8a/syn/report/hgtxr_track_profile_top_Pipeline_VITIS_LOOP_13_1_csynth.xml,True,,False,5.0,3.65,9,9,9,9,9,0,0,44,112,0,624,1728,460800,230400,96,0.0,0.0,0.009548611111111112,0.04861111111111111,0.0,4.5e-05,True
p0_no_board_report_collection_2026_06_26,NB-P0-00,hgtxr_mode_track_par32_no_board,hgtxr_mode_track_par32_no_board,solution_mode_q4w8a,hgtxr_track_profile_top_Pipeline_VITIS_LOOP_15_2,parsed,hls_csynth_xml,2026-06-26T16:48:56.930853+00:00,hgtxr_track_profile_top_Pipeline_VITIS_LOOP_15_2,generated/hgtxr_mode_track_par32_no_board/solution_mode_q4w8a/syn/report/hgtxr_track_profile_top_Pipeline_VITIS_LOOP_15_2_csynth.xml,True,,False,5.0,3.65,195,195,195,195,195,0,1,101,542,0,624,1728,460800,230400,96,0.0,0.05787037037037037,0.021918402777777776,0.23524305555555555,0.0,0.000975,True
p0_no_board_report_collection_2026_06_26,NB-P0-00,hgtxr_mode_track_par32_no_board,hgtxr_mode_track_par32_no_board,solution_mode_q4w8a,hgtxr_track_profile_top,parsed,hls_csynth_xml,2026-06-26T16:48:56.930853+00:00,hgtxr_track_profile_top,generated/hgtxr_mode_track_par32_no_board/solution_mode_q4w8a/syn/report/hgtxr_track_profile_top_csynth.xml,True,,False,5.0,3.819,99425,99437,99449,99426,99450,51,302,25735,69728,64,624,1728,460800,230400,96,8.173076923076923,17.47685185185185,5.584852430555555,30.26388888888889,66.66666666666667,0.497245,False
p0_no_board_report_collection_2026_06_26,NB-P0-00,hgtxr_mode_track_par32_no_board,hgtxr_mode_track_par32_no_board,solution_mode_q4w8a,p_anonymous_namespace_mode_attention_active_16_s,parsed,hls_csynth_xml,2026-06-26T16:48:56.930853+00:00,p_anonymous_namespace_mode_attention_active_16_s,generated/hgtxr_mode_track_par32_no_board/solution_mode_q4w8a/syn/report/p_anonymous_namespace_mode_attention_active_16_s_csynth.xml,True,,False,5.0,3.772,20636,20642,20648,20636,20648,0,210,10309,25082,32,624,1728,460800,230400,96,0.0,12.152777777777779,2.2371961805555554,10.886284722222221,33.333333333333336,0.10324,False
p0_no_board_report_collection_2026_06_26,NB-P0-00,hgtxr_mode_track_par32_no_board,hgtxr_mode_track_par32_no_board,solution_mode_q4w8a,p_anonymous_namespace_mode_attention_active_Pipeline_VITIS_LOOP_309_1_VITIS_LOOP_s,parsed,hls_csynth_xml,2026-06-26T16:48:56.930853+00:00,p_anonymous_namespace_mode_attention_active_Pipeline_VITIS_LOOP_309_1_VITIS_LOOP_s,generated/hgtxr_mode_track_par32_no_board/solution_mode_q4w8a/syn/report/p_anonymous_namespace_mode_attention_active_Pipeline_VITIS_LOOP_309_1_VITIS_LOOP_s_csynth.xml,True,,False,5.0,3.772,98,98,98,98,98,0,0,30,189,0,624,1728,460800,230400,96,0.0,0.0,0.006510416666666667,0.08203125,0.0,0.00049,True
p0_no_board_report_collection_2026_06_26,NB-P0-00,hgtxr_mode_track_par32_no_board,hgtxr_mode_track_par32_no_board,solution_mode_q4w8a,p_anonymous_namespace_mode_attention_active_Pipeline_VITIS_LOOP_329_4_VITIS_LOOP_s,parsed,hls_csynth_xml,2026-06-26T16:48:56.930853+00:00,p_anonymous_namespace_mode_attention_active_Pipeline_VITIS_LOOP_329_4_VITIS_LOOP_s,generated/hgtxr_mode_track_par32_no_board/solution_mode_q4w8a/syn/report/p_anonymous_namespace_mode_attention_active_Pipeline_VITIS_LOOP_329_4_VITIS_LOOP_s_csynth.xml,True,,False,5.0,3.772,98,98,98,98,98,0,0,247,797,0,624,1728,460800,230400,96,0.0,0.0,0.05360243055555555,0.3459201388888889,0.0,0.00049,True
p0_no_board_report_collection_2026_06_26,NB-P0-00,hgtxr_mode_track_par32_no_board,hgtxr_mode_track_par32_no_board,solution_mode_q4w8a,p_anonymous_namespace_mode_event_patch_embed_active_16_Pipeline_VITIS_LOOP_96_4,parsed,hls_csynth_xml,2026-06-26T16:48:56.930853+00:00,p_anonymous_namespace_mode_event_patch_embed_active_16_Pipeline_VITIS_LOOP_96_4,generated/hgtxr_mode_track_par32_no_board/solution_mode_q4w8a/syn/report/p_anonymous_namespace_mode_event_patch_embed_active_16_Pipeline_VITIS_LOOP_96_4_csynth.xml,True,,False,5.0,2.437,8,8,8,8,8,0,0,10,71,0,624,1728,460800,230400,96,0.0,0.0,0.002170138888888889,0.030815972222222224,0.0,4e-05,True
p0_no_board_report_collection_2026_06_26,NB-P0-00,hgtxr_mode_track_par32_no_board,hgtxr_mode_track_par32_no_board,solution_mode_q4w8a,p_anonymous_namespace_mode_event_patch_embed_active_16_s,parsed,hls_csynth_xml,2026-06-26T16:48:56.930853+00:00,p_anonymous_namespace_mode_event_patch_embed_active_16_s,generated/hgtxr_mode_track_par32_no_board/solution_mode_q4w8a/syn/report/p_anonymous_namespace_mode_event_patch_embed_active_16_s_csynth.xml,True,,False,5.0,3.65,4481,4481,4481,4481,4481,0,0,323,824,0,624,1728,460800,230400,96,0.0,0.0,0.0700954861111111,0.3576388888888889,0.0,0.022405,True
p0_no_board_report_collection_2026_06_26,NB-P0-00,hgtxr_mode_track_par32_no_board,hgtxr_mode_track_par32_no_board,solution_mode_q4w8a,p_anonymous_namespace_mode_event_patch_embed_active_Pipeline_VITIS_LOOP_84_2_VITI,parsed,hls_csynth_xml,2026-06-26T16:48:56.930853+00:00,p_anonymous_namespace_mode_event_patch_embed_active_Pipeline_VITIS_LOOP_84_2_VITI,generated/hgtxr_mode_track_par32_no_board/solution_mode_q4w8a/syn/report/p_anonymous_namespace_mode_event_patch_embed_active_Pipeline_VITIS_LOOP_84_2_VITI_csynth.xml,True,,False,5.0,3.65,267,267,267,267,267,0,0,282,554,0,624,1728,460800,230400,96,0.0,0.0,0.061197916666666664,0.2404513888888889,0.0,0.001335,True
p0_no_board_report_collection_2026_06_26,NB-P0-00,hgtxr_mode_track_par32_no_board,hgtxr_mode_track_par32_no_board,solution_mode_q4w8a,p_anonymous_namespace_mode_gelu_active_16_s,parsed,hls_csynth_xml,2026-06-26T16:48:56.930853+00:00,p_anonymous_namespace_mode_gelu_active_16_s,generated/hgtxr_mode_track_par32_no_board/solution_mode_q4w8a/syn/report/p_anonymous_namespace_mode_gelu_active_16_s_csynth.xml,True,,False,5.0,3.772,98,98,98,98,98,0,0,247,925,0,624,1728,460800,230400,96,0.0,0.0,0.05360243055555555,0.4014756944444444,0.0,0.00049,True
p0_no_board_report_collection_2026_06_26,NB-P0-00,hgtxr_mode_track_par32_no_board,hgtxr_mode_track_par32_no_board,solution_mode_q4w8a,p_anonymous_namespace_mode_layernorm_active_16_Pipeline_VITIS_LOOP_118_2,parsed,hls_csynth_xml,2026-06-26T16:48:56.930853+00:00,p_anonymous_namespace_mode_layernorm_active_16_Pipeline_VITIS_LOOP_118_2,generated/hgtxr_mode_track_par32_no_board/solution_mode_q4w8a/syn/report/p_anonymous_namespace_mode_layernorm_active_16_Pipeline_VITIS_LOOP_118_2_csynth.xml,True,,False,5.0,3.469,194,194,194,194,194,0,0,48,278,0,624,1728,460800,230400,96,0.0,0.0,0.010416666666666666,0.12065972222222222,0.0,0.00097,True
p0_no_board_report_collection_2026_06_26,NB-P0-00,hgtxr_mode_track_par32_no_board,hgtxr_mode_track_par32_no_board,solution_mode_q4w8a,p_anonymous_namespace_mode_layernorm_active_16_Pipeline_VITIS_LOOP_124_3,parsed,hls_csynth_xml,2026-06-26T16:48:56.930853+00:00,p_anonymous_namespace_mode_layernorm_active_16_Pipeline_VITIS_LOOP_124_3,generated/hgtxr_mode_track_par32_no_board/solution_mode_q4w8a/syn/report/p_anonymous_namespace_mode_layernorm_active_16_Pipeline_VITIS_LOOP_124_3_csynth.xml,True,,False,5.0,2.96,196,196,196,196,196,0,2,90,332,0,624,1728,460800,230400,96,0.0,0.11574074074074074,0.01953125,0.1440972222222222,0.0,0.00098,True
p0_no_board_report_collection_2026_06_26,NB-P0-00,hgtxr_mode_track_par32_no_board,hgtxr_mode_track_par32_no_board,solution_mode_q4w8a,p_anonymous_namespace_mode_layernorm_active_16_Pipeline_VITIS_LOOP_135_4,parsed,hls_csynth_xml,2026-06-26T16:48:56.930853+00:00,p_anonymous_namespace_mode_layernorm_active_16_Pipeline_VITIS_LOOP_135_4,generated/hgtxr_mode_track_par32_no_board/solution_mode_q4w8a/syn/report/p_anonymous_namespace_mode_layernorm_active_16_Pipeline_VITIS_LOOP_135_4_csynth.xml,True,,False,5.0,2.575,9,9,9,9,9,0,0,717,1362,0,624,1728,460800,230400,96,0.0,0.0,0.15559895833333334,0.5911458333333334,0.0,4.5e-05,True
p0_no_board_report_collection_2026_06_26,NB-P0-00,hgtxr_mode_track_par32_no_board,hgtxr_mode_track_par32_no_board,solution_mode_q4w8a,p_anonymous_namespace_mode_layernorm_active_16_s,parsed,hls_csynth_xml,2026-06-26T16:48:56.930853+00:00,p_anonymous_namespace_mode_layernorm_active_16_s,generated/hgtxr_mode_track_par32_no_board/solution_mode_q4w8a/syn/report/p_anonymous_namespace_mode_layernorm_active_16_s_csynth.xml,True,,False,5.0,3.469,6513,6513,6513,6513,6513,0,6,1019,4145,0,624,1728,460800,230400,96,0.0,0.3472222222222222,0.2211371527777778,1.7990451388888888,0.0,0.032565,True
p0_no_board_report_collection_2026_06_26,NB-P0-00,hgtxr_mode_track_par32_no_board,hgtxr_mode_track_par32_no_board,solution_mode_q4w8a,p_anonymous_namespace_mode_mlp_active_16_s,parsed,hls_csynth_xml,2026-06-26T16:48:56.930853+00:00,p_anonymous_namespace_mode_mlp_active_16_s,generated/hgtxr_mode_track_par32_no_board/solution_mode_q4w8a/syn/report/p_anonymous_namespace_mode_mlp_active_16_s_csynth.xml,True,,False,5.0,3.772,26568,26568,26568,26568,26568,0,80,6124,24256,32,624,1728,460800,230400,96,0.0,4.62962962962963,1.3289930555555556,10.527777777777779,33.333333333333336,0.13284,True
p0_no_board_report_collection_2026_06_26,NB-P0-00,hgtxr_mode_track_par32_no_board,hgtxr_mode_track_par32_no_board,solution_mode_q4w8a,p_anonymous_namespace_mode_mlp_active_Pipeline_VITIS_LOOP_360_1_VITIS_LOOP_362_2,parsed,hls_csynth_xml,2026-06-26T16:48:56.930853+00:00,p_anonymous_namespace_mode_mlp_active_Pipeline_VITIS_LOOP_360_1_VITIS_LOOP_362_2,generated/hgtxr_mode_track_par32_no_board/solution_mode_q4w8a/syn/report/p_anonymous_namespace_mode_mlp_active_Pipeline_VITIS_LOOP_360_1_VITIS_LOOP_362_2_csynth.xml,True,,False,5.0,3.772,98,98,98,98,98,0,0,30,189,0,624,1728,460800,230400,96,0.0,0.0,0.006510416666666667,0.08203125,0.0,0.00049,True
p0_no_board_report_collection_2026_06_26,NB-P0-00,hgtxr_mode_track_par32_no_board,hgtxr_mode_track_par32_no_board,solution_mode_q4w8a,p_anonymous_namespace_mode_mlp_active_Pipeline_VITIS_LOOP_381_4_VITIS_LOOP_383_5,parsed,hls_csynth_xml,2026-06-26T16:48:56.930853+00:00,p_anonymous_namespace_mode_mlp_active_Pipeline_VITIS_LOOP_381_4_VITIS_LOOP_383_5,generated/hgtxr_mode_track_par32_no_board/solution_mode_q4w8a/syn/report/p_anonymous_namespace_mode_mlp_active_Pipeline_VITIS_LOOP_381_4_VITIS_LOOP_383_5_csynth.xml,True,,False,5.0,3.772,98,98,98,98,98,0,0,247,797,0,624,1728,460800,230400,96,0.0,0.0,0.05360243055555555,0.3459201388888889,0.0,0.00049,True
p0_no_board_report_collection_2026_06_26,NB-P0-00,hgtxr_mode_track_par32_no_board,hgtxr_mode_track_par32_no_board,solution_mode_q4w8a,p_anonymous_namespace_mode_pool_active_16_s,parsed,hls_csynth_xml,2026-06-26T16:48:56.930853+00:00,p_anonymous_namespace_mode_pool_active_16_s,generated/hgtxr_mode_track_par32_no_board/solution_mode_q4w8a/syn/report/p_anonymous_namespace_mode_pool_active_16_s_csynth.xml,True,,False,5.0,3.772,99,99,99,99,99,0,0,1986,4872,0,624,1728,460800,230400,96,0.0,0.0,0.4309895833333333,2.1145833333333335,0.0,0.000495,True
p0_no_board_report_collection_2026_06_26,NB-P0-00,hgtxr_mode_track_par32_no_board,hgtxr_mode_track_par32_no_board,solution_mode_q4w8a,p_anonymous_namespace_mode_projection_active_16_Pipeline_VITIS_LOOP_157_2,parsed,hls_csynth_xml,2026-06-26T16:48:56.930853+00:00,p_anonymous_namespace_mode_projection_active_16_Pipeline_VITIS_LOOP_157_2,generated/hgtxr_mode_track_par32_no_board/solution_mode_q4w8a/syn/report/p_anonymous_namespace_mode_projection_active_16_Pipeline_VITIS_LOOP_157_2_csynth.xml,True,,False,5.0,3.469,194,194,194,194,194,0,0,48,278,0,624,1728,460800,230400,96,0.0,0.0,0.010416666666666666,0.12065972222222222,0.0,0.00097,True
p0_no_board_report_collection_2026_06_26,NB-P0-00,hgtxr_mode_track_par32_no_board,hgtxr_mode_track_par32_no_board,solution_mode_q4w8a,p_anonymous_namespace_mode_projection_active_16_Pipeline_VITIS_LOOP_163_3,parsed,hls_csynth_xml,2026-06-26T16:48:56.930853+00:00,p_anonymous_namespace_mode_projection_active_16_Pipeline_VITIS_LOOP_163_3,generated/hgtxr_mode_track_par32_no_board/solution_mode_q4w8a/syn/report/p_anonymous_namespace_mode_projection_active_16_Pipeline_VITIS_LOOP_163_3_csynth.xml,True,,False,5.0,3.53,10,10,10,10,10,0,64,3369,4210,0,624,1728,460800,230400,96,0.0,3.7037037037037037,0.7311197916666666,1.8272569444444444,0.0,5e-05,True
p0_no_board_report_collection_2026_06_26,NB-P0-00,hgtxr_mode_track_par32_no_board,hgtxr_mode_track_par32_no_board,solution_mode_q4w8a,p_anonymous_namespace_mode_projection_active_16_s,parsed,hls_csynth_xml,2026-06-26T16:48:56.930853+00:00,p_anonymous_namespace_mode_projection_active_16_s,generated/hgtxr_mode_track_par32_no_board/solution_mode_q4w8a/syn/report/p_anonymous_namespace_mode_projection_active_16_s_csynth.xml,True,,False,5.0,3.53,9875,9875,9875,9875,9875,0,74,4564,11959,0,624,1728,460800,230400,96,0.0,4.282407407407407,0.9904513888888888,5.190538194444445,0.0,0.049375,True
p0_no_board_report_collection_2026_06_26,NB-P0-00,hgtxr_mode_track_par32_no_board,hgtxr_mode_track_par32_no_board,solution_mode_q4w8a,p_anonymous_namespace_mode_relation_active_16_Pipeline_VITIS_LOOP_210_3,parsed,hls_csynth_xml,2026-06-26T16:48:56.930853+00:00,p_anonymous_namespace_mode_relation_active_16_Pipeline_VITIS_LOOP_210_3,generated/hgtxr_mode_track_par32_no_board/solution_mode_q4w8a/syn/report/p_anonymous_namespace_mode_relation_active_16_Pipeline_VITIS_LOOP_210_3_csynth.xml,True,,False,5.0,3.519,20,20,20,20,20,0,2,129,250,0,624,1728,460800,230400,96,0.0,0.11574074074074074,0.027994791666666668,0.10850694444444445,0.0,0.0001,True
p0_no_board_report_collection_2026_06_26,NB-P0-00,hgtxr_mode_track_par32_no_board,hgtxr_mode_track_par32_no_board,solution_mode_q4w8a,p_anonymous_namespace_mode_relation_active_16_Pipeline_VITIS_LOOP_238_6,parsed,hls_csynth_xml,2026-06-26T16:48:56.930853+00:00,p_anonymous_namespace_mode_relation_active_16_Pipeline_VITIS_LOOP_238_6,generated/hgtxr_mode_track_par32_no_board/solution_mode_q4w8a/syn/report/p_anonymous_namespace_mode_relation_active_16_Pipeline_VITIS_LOOP_238_6_csynth.xml,True,,False,5.0,3.221,22,22,22,22,22,0,128,2565,3135,0,624,1728,460800,230400,96,0.0,7.407407407407407,0.556640625,1.3606770833333333,0.0,0.00011,True
p0_no_board_report_collection_2026_06_26,NB-P0-00,hgtxr_mode_track_par32_no_board,hgtxr_mode_track_par32_no_board,solution_mode_q4w8a,p_anonymous_namespace_mode_relation_active_16_Pipeline_VITIS_LOOP_252_8,parsed,hls_csynth_xml,2026-06-26T16:48:56.930853+00:00,p_anonymous_namespace_mode_relation_active_16_Pipeline_VITIS_LOOP_252_8,generated/hgtxr_mode_track_par32_no_board/solution_mode_q4w8a/syn/report/p_anonymous_namespace_mode_relation_active_16_Pipeline_VITIS_LOOP_252_8_csynth.xml,True,,False,5.0,3.409,18,18,18,18,18,0,0,1000,1087,0,624,1728,460800,230400,96,0.0,0.0,0.2170138888888889,0.4717881944444444,0.0,9e-05,True
p0_no_board_report_collection_2026_06_26,NB-P0-00,hgtxr_mode_track_par32_no_board,hgtxr_mode_track_par32_no_board,solution_mode_q4w8a,p_anonymous_namespace_mode_relation_active_16_s,parsed,hls_csynth_xml,2026-06-26T16:48:56.930853+00:00,p_anonymous_namespace_mode_relation_active_16_s,generated/hgtxr_mode_track_par32_no_board/solution_mode_q4w8a/syn/report/p_anonymous_namespace_mode_relation_active_16_s_csynth.xml,True,,False,5.0,3.772,681,687,693,681,693,0,136,5454,6990,0,624,1728,460800,230400,96,0.0,7.87037037037037,1.18359375,3.0338541666666665,0.0,0.003465,False
p0_no_board_report_collection_2026_06_26,NB-P0-00,hgtxr_mode_track_par32_no_board,hgtxr_mode_track_par32_no_board,solution_mode_q4w8a,p_anonymous_namespace_mode_relation_active_Pipeline_VITIS_LOOP_195_1_VITIS_LOOP_1,parsed,hls_csynth_xml,2026-06-26T16:48:56.930853+00:00,p_anonymous_namespace_mode_relation_active_Pipeline_VITIS_LOOP_195_1_VITIS_LOOP_1,generated/hgtxr_mode_track_par32_no_board/solution_mode_q4w8a/syn/report/p_anonymous_namespace_mode_relation_active_Pipeline_VITIS_LOOP_195_1_VITIS_LOOP_1_csynth.xml,True,,False,5.0,3.772,391,391,391,391,391,0,6,535,656,0,624,1728,460800,230400,96,0.0,0.3472222222222222,0.11610243055555555,0.2847222222222222,0.0,0.001955,True
p0_no_board_report_collection_2026_06_26,NB-P0-00,hgtxr_mode_track_par32_no_board,hgtxr_mode_track_par32_no_board,solution_mode_q4w8a,p_anonymous_namespace_mode_transformer_profile_16_4_s,parsed,hls_csynth_xml,2026-06-26T16:48:56.930853+00:00,p_anonymous_namespace_mode_transformer_profile_16_4_s,generated/hgtxr_mode_track_par32_no_board/solution_mode_q4w8a/syn/report/p_anonymous_namespace_mode_transformer_profile_16_4_s_csynth.xml,True,,False,5.0,3.772,94417,94429,94441,94417,94441,0,290,16442,52085,64,624,1728,460800,230400,96,0.0,16.78240740740741,3.568142361111111,22.606336805555557,66.66666666666667,0.472205,False
p0_no_board_report_collection_2026_06_26,NB-P0-00,hgtxr_mode_track_par32_no_board,hgtxr_mode_track_par32_no_board,solution_mode_q4w8a,track_head_Pipeline_VITIS_LOOP_16_1,parsed,hls_csynth_xml,2026-06-26T16:48:56.930853+00:00,track_head_Pipeline_VITIS_LOOP_16_1,generated/hgtxr_mode_track_par32_no_board/solution_mode_q4w8a/syn/report/track_head_Pipeline_VITIS_LOOP_16_1_csynth.xml,True,,False,5.0,3.819,197,197,197,197,197,0,1,171,328,0,624,1728,460800,230400,96,0.0,0.05787037037037037,0.037109375,0.1423611111111111,0.0,0.000985,True
p0_no_board_report_collection_2026_06_26,NB-P0-00,hgtxr_mode_track_par32_no_board,hgtxr_mode_track_par32_no_board,solution_mode_q4w8a,track_head,parsed,hls_csynth_xml,2026-06-26T16:48:56.930853+00:00,track_head,generated/hgtxr_mode_track_par32_no_board/solution_mode_q4w8a/syn/report/track_head_csynth.xml,True,,False,5.0,3.819,217,217,217,217,217,0,9,474,1130,0,624,1728,460800,230400,96,0.0,0.5208333333333334,0.10286458333333333,0.4904513888888889,0.0,0.001085,True
