{
  "prompt": "black pupil.",
  "gsam2_centers": [
    {
      "valid": true,
      "cx": 216.11,
      "cy": 133.44,
      "area": 1106,
      "det_score": 0.5163,
      "sam_score": 0.9693,
      "box": [
        198.0,
        112.9,
        235.5,
        154.8
      ],
      "repeats": [
        [
          216.1,
          133.42000000000002
        ],
        [
          216.06,
          133.41
        ],
        [
          216.1,
          133.42000000000002
        ],
        [
          216.12,
          133.37
        ],
        [
          217.16,
          133.39
        ]
      ],
      "idx": 707,
      "mislabel": false,
      "mislabel_reason": "ok",
      "e_unet": 0.93
    },
    {
      "valid": true,
      "cx": 216.28,
      "cy": 133.4,
      "area": 1103,
      "det_score": 0.4965,
      "sam_score": 0.9707,
      "box": [
        198.1,
        113.0,
        235.8,
        154.8
      ],
      "repeats": [
        [
          216.28,
          133.42000000000002
        ],
        [
          216.26,
          133.38
        ],
        [
          216.28,
          133.38
        ],
        [
          216.4,
          133.38
        ],
        [
          217.48000000000002,
          133.43
        ]
      ],
      "idx": 708,
      "mislabel": false,
      "mislabel_reason": "ok",
      "e_unet": 0.81
    },
    {
      "valid": true,
      "cx": 216.46,
      "cy": 133.38,
      "area": 1111,
      "det_score": 0.483,
      "sam_score": 0.971,
      "box": [
        198.3,
        113.0,
        235.8,
        154.7
      ],
      "repeats": [
        [
          216.42,
          133.37
        ],
        [
          216.49,
          133.44
        ],
        [
          216.47,
          133.43
        ],
        [
          216.46,
          133.37
        ],
        [
          217.53,
          133.42000000000002
        ]
      ],
      "idx": 709,
      "mislabel": false,
      "mislabel_reason": "ok",
      "e_unet": 0.86
    },
    {
      "valid": true,
      "cx": 216.6,
      "cy": 133.39,
      "area": 1111,
      "det_score": 0.4934,
      "sam_score": 0.9704,
      "box": [
        198.4,
        112.9,
        236.0,
        154.7
      ],
      "repeats": [
        [
          216.58,
          133.4
        ],
        [
          216.61,
          133.43
        ],
        [
          216.62,
          133.41
        ],
        [
          216.63,
          133.36
        ],
        [
          217.7,
          133.41
        ]
      ],
      "idx": 710,
      "mislabel": false,
      "mislabel_reason": "ok",
      "e_unet": 0.82
    },
    {
      "valid": true,
      "cx": 216.63,
      "cy": 133.37,
      "area": 1112,
      "det_score": 0.5033,
      "sam_score": 0.9701,
      "box": [
        198.4,
        112.8,
        236.1,
        154.7
      ],
      "repeats": [
        [
          216.66,
          133.31
        ],
        [
          216.64,
          133.37
        ],
        [
          216.66,
          133.32
        ],
        [
          216.67,
          133.26999999999998
        ],
        [
          217.78,
          133.35
        ]
      ],
      "idx": 711,
      "mislabel": false,
      "mislabel_reason": "ok",
      "e_unet": 0.81
    },
    {
      "valid": true,
      "cx": 217.25,
      "cy": 133.34,
      "area": 1108,
      "det_score": 0.4772,
      "sam_score": 0.9687,
      "box": [
        199.0,
        112.9,
        236.9,
        154.6
      ],
      "repeats": [
        [
          217.27,
          133.31
        ],
        [
          217.23,
          133.31
        ],
        [
          217.27,
          133.38
        ],
        [
          217.22,
          133.28
        ],
        [
          218.39,
          133.35
        ]
      ],
      "idx": 712,
      "mislabel": false,
      "mislabel_reason": "ok",
      "e_unet": 0.79
    },
    {
      "valid": true,
      "cx": 232.72,
      "cy": 135.51,
      "area": 973,
      "det_score": 0.5009,
      "sam_score": 0.9678,
      "box": [
        216.5,
        115.2,
        250.0,
        156.8
      ],
      "repeats": [
        [
          232.7,
          135.51999999999998
        ],
        [
          232.7,
          135.64
        ],
        [
          232.72,
          135.54000000000002
        ],
        [
          232.8,
          135.56
        ],
        [
          233.86,
          135.68
        ]
      ],
      "idx": 713,
      "mislabel": false,
      "mislabel_reason": "ok",
      "e_unet": 0.78
    }
  ]
}