{
  "prompt": "black pupil.",
  "gsam2_centers": [
    {
      "valid": true,
      "cx": 204.96,
      "cy": 137.82,
      "area": 890,
      "det_score": 0.4871,
      "sam_score": 0.9699,
      "box": [
        188.4,
        120.3,
        222.5,
        155.7
      ],
      "repeats": [
        [
          204.92,
          137.78
        ],
        [
          205.0,
          137.89
        ],
        [
          204.95,
          137.82
        ],
        [
          204.97,
          137.67000000000002
        ],
        [
          206.07,
          137.82999999999998
        ]
      ],
      "idx": 207,
      "mislabel": false,
      "mislabel_reason": "ok",
      "e_unet": 0.94
    },
    {
      "valid": true,
      "cx": 204.98,
      "cy": 137.86,
      "area": 895,
      "det_score": 0.5065,
      "sam_score": 0.97,
      "box": [
        188.4,
        120.3,
        222.5,
        155.7
      ],
      "repeats": [
        [
          204.91,
          137.8
        ],
        [
          205.01,
          137.9
        ],
        [
          204.99,
          137.84
        ],
        [
          204.97,
          137.67000000000002
        ],
        [
          206.05,
          137.9
        ]
      ],
      "idx": 208,
      "mislabel": false,
      "mislabel_reason": "ok",
      "e_unet": 0.92
    },
    {
      "valid": true,
      "cx": 204.94,
      "cy": 137.88,
      "area": 897,
      "det_score": 0.5047,
      "sam_score": 0.9699,
      "box": [
        188.2,
        120.1,
        222.6,
        155.8
      ],
      "repeats": [
        [
          204.91,
          137.81
        ],
        [
          204.93,
          137.89
        ],
        [
          204.94,
          137.84
        ],
        [
          204.96,
          137.68
        ],
        [
          205.94,
          137.88
        ]
      ],
      "idx": 209,
      "mislabel": false,
      "mislabel_reason": "ok",
      "e_unet": 1.01
    },
    {
      "valid": true,
      "cx": 204.79,
      "cy": 137.68,
      "area": 907,
      "det_score": 0.5161,
      "sam_score": 0.9701,
      "box": [
        188.0,
        119.8,
        222.5,
        155.8
      ],
      "repeats": [
        [
          204.74,
          137.62
        ],
        [
          204.84,
          137.73000000000002
        ],
        [
          204.86,
          137.63
        ],
        [
          204.85,
          137.48000000000002
        ],
        [
          205.95999999999998,
          137.73000000000002
        ]
      ],
      "idx": 210,
      "mislabel": false,
      "mislabel_reason": "ok",
      "e_unet": 0.94
    },
    {
      "valid": true,
      "cx": 199.74,
      "cy": 131.61,
      "area": 910,
      "det_score": 0.459,
      "sam_score": 0.9663,
      "box": [
        182.4,
        114.0,
        218.0,
        149.2
      ],
      "repeats": [
        [
          199.68,
          131.6
        ],
        [
          199.76,
          131.66
        ],
        [
          199.76,
          131.63
        ],
        [
          199.81,
          131.54000000000002
        ],
        [
          200.85,
          131.62
        ]
      ],
      "idx": 211,
      "mislabel": false,
      "mislabel_reason": "ok",
      "e_unet": 0.93
    },
    {
      "valid": true,
      "cx": 199.83,
      "cy": 131.53,
      "area": 925,
      "det_score": 0.4552,
      "sam_score": 0.9665,
      "box": [
        182.5,
        113.7,
        218.1,
        149.2
      ],
      "repeats": [
        [
          199.75,
          131.5
        ],
        [
          199.89,
          131.63
        ],
        [
          199.83,
          131.54000000000002
        ],
        [
          199.89,
          131.48000000000002
        ],
        [
          200.91,
          131.62
        ]
      ],
      "idx": 212,
      "mislabel": false,
      "mislabel_reason": "ok",
      "e_unet": 0.95
    },
    {
      "valid": true,
      "cx": 200.02,
      "cy": 131.51999999999998,
      "area": 934,
      "det_score": 0.4543,
      "sam_score": 0.9672,
      "box": [
        182.6,
        113.7,
        218.3,
        149.2
      ],
      "repeats": [
        [
          200.04,
          131.51999999999998
        ],
        [
          200.05,
          131.56
        ],
        [
          200.06,
          131.55
        ],
        [
          200.07,
          131.51999999999998
        ],
        [
          201.14,
          131.51999999999998
        ]
      ],
      "idx": 213,
      "mislabel": false,
      "mislabel_reason": "ok",
      "e_unet": 0.95
    }
  ]
}