{
  "prompt": "black pupil.",
  "gsam2_centers": [
    {
      "valid": true,
      "cx": 133.54000000000002,
      "cy": 124.99,
      "area": 456,
      "det_score": 0.3612,
      "sam_score": 0.9488,
      "box": [
        120.9,
        108.6,
        146.5,
        142.3
      ],
      "repeats": [
        [
          133.56,
          124.88
        ],
        [
          133.56,
          125.16
        ],
        [
          133.57,
          125.05
        ],
        [
          133.62,
          124.85
        ],
        [
          134.58,
          125.15
        ]
      ],
      "idx": 305,
      "mislabel": false,
      "mislabel_reason": "ok",
      "e_unet": 0.7
    },
    {
      "valid": true,
      "cx": 133.44,
      "cy": 124.99,
      "area": 444,
      "det_score": 0.3829,
      "sam_score": 0.9489,
      "box": [
        120.9,
        108.4,
        146.3,
        142.1
      ],
      "repeats": [
        [
          133.45,
          124.87
        ],
        [
          133.6,
          124.93
        ],
        [
          133.41,
          125.01
        ],
        [
          133.63,
          124.82
        ],
        [
          134.68,
          124.79
        ]
      ],
      "idx": 306,
      "mislabel": false,
      "mislabel_reason": "ok",
      "e_unet": 0.71
    },
    {
      "valid": true,
      "cx": 133.67000000000002,
      "cy": 124.97,
      "area": 435,
      "det_score": 0.3828,
      "sam_score": 0.9511,
      "box": [
        121.2,
        108.9,
        146.3,
        142.0
      ],
      "repeats": [
        [
          133.54000000000002,
          124.99
        ],
        [
          133.59,
          125.22
        ],
        [
          133.54000000000002,
          125.17
        ],
        [
          133.73000000000002,
          124.91
        ],
        [
          134.63,
          125.07
        ]
      ],
      "idx": 307,
      "mislabel": false,
      "mislabel_reason": "ok",
      "e_unet": 0.78
    },
    {
      "valid": true,
      "cx": 133.48000000000002,
      "cy": 125.22,
      "area": 422,
      "det_score": 0.3976,
      "sam_score": 0.9516,
      "box": [
        121.3,
        109.0,
        146.2,
        141.9
      ],
      "repeats": [
        [
          133.53,
          125.12
        ],
        [
          133.54000000000002,
          125.23
        ],
        [
          133.5,
          125.19
        ],
        [
          133.62,
          125.06
        ],
        [
          134.61,
          125.09
        ]
      ],
      "idx": 308,
      "mislabel": false,
      "mislabel_reason": "ok",
      "e_unet": 0.58
    },
    {
      "valid": true,
      "cx": 133.49,
      "cy": 125.14,
      "area": 426,
      "det_score": 0.3793,
      "sam_score": 0.9494,
      "box": [
        121.2,
        109.2,
        146.2,
        141.9
      ],
      "repeats": [
        [
          133.44,
          125.14
        ],
        [
          133.48000000000002,
          125.2
        ],
        [
          133.47,
          125.12
        ],
        [
          133.57999999999998,
          124.96
        ],
        [
          134.53,
          125.12
        ]
      ],
      "idx": 309,
      "mislabel": false,
      "mislabel_reason": "ok",
      "e_unet": 0.61
    },
    {
      "valid": true,
      "cx": 133.99,
      "cy": 125.22,
      "area": 427,
      "det_score": 0.4096,
      "sam_score": 0.9501,
      "box": [
        121.7,
        109.2,
        146.7,
        141.7
      ],
      "repeats": [
        [
          134.01,
          125.1
        ],
        [
          134.07,
          125.21
        ],
        [
          134.01999999999998,
          125.16
        ],
        [
          134.18,
          124.95
        ],
        [
          135.2,
          125.27
        ]
      ],
      "idx": 310,
      "mislabel": false,
      "mislabel_reason": "ok",
      "e_unet": 0.7
    },
    {
      "valid": true,
      "cx": 136.95999999999998,
      "cy": 123.72,
      "area": 470,
      "det_score": 0.4022,
      "sam_score": 0.9434,
      "box": [
        123.5,
        108.0,
        150.4,
        139.8
      ],
      "repeats": [
        [
          137.07,
          123.58
        ],
        [
          137.09,
          123.66
        ],
        [
          137.07999999999998,
          123.61
        ],
        [
          137.22,
          123.48
        ],
        [
          138.1,
          123.6
        ]
      ],
      "idx": 311,
      "mislabel": false,
      "mislabel_reason": "ok",
      "e_unet": 1.27
    },
    {
      "valid": true,
      "cx": 137.0,
      "cy": 123.39,
      "area": 459,
      "det_score": 0.4093,
      "sam_score": 0.9465,
      "box": [
        123.5,
        107.9,
        150.2,
        139.6
      ],
      "repeats": [
        [
          137.0,
          123.4
        ],
        [
          137.07999999999998,
          123.54
        ],
        [
          137.01999999999998,
          123.49
        ],
        [
          137.13,
          123.41
        ],
        [
          138.13,
          123.51
        ]
      ],
      "idx": 312,
      "mislabel": false,
      "mislabel_reason": "ok",
      "e_unet": 1.34
    },
    {
      "valid": true,
      "cx": 136.98000000000002,
      "cy": 123.34,
      "area": 455,
      "det_score": 0.387,
      "sam_score": 0.9463,
      "box": [
        123.8,
        107.8,
        150.0,
        139.4
      ],
      "repeats": [
        [
          136.95,
          123.18
        ],
        [
          136.93,
          123.51
        ],
        [
          136.95999999999998,
          123.34
        ],
        [
          137.12,
          123.12
        ],
        [
          137.95,
          123.53
        ]
      ],
      "idx": 313,
      "mislabel": false,
      "mislabel_reason": "ok",
      "e_unet": 1.37
    },
    {
      "valid": true,
      "cx": 136.86,
      "cy": 123.27,
      "area": 446,
      "det_score": 0.3759,
      "sam_score": 0.9456,
      "box": [
        123.9,
        107.9,
        149.9,
        139.2
      ],
      "repeats": [
        [
          136.88,
          123.19
        ],
        [
          136.84,
          123.4
        ],
        [
          136.82,
          123.33
        ],
        [
          137.01999999999998,
          123.07
        ],
        [
          138.03,
          123.32
        ]
      ],
      "idx": 314,
      "mislabel": false,
      "mislabel_reason": "ok",
      "e_unet": 1.24
    },
    {
      "valid": true,
      "cx": 136.81,
      "cy": 123.27,
      "area": 445,
      "det_score": 0.388,
      "sam_score": 0.9461,
      "box": [
        123.8,
        107.8,
        149.9,
        139.1
      ],
      "repeats": [
        [
          136.87,
          123.2
        ],
        [
          136.78,
          123.4
        ],
        [
          136.8,
          123.35
        ],
        [
          136.9,
          123.16
        ],
        [
          137.94,
          123.13
        ]
      ],
      "idx": 315,
      "mislabel": false,
      "mislabel_reason": "ok",
      "e_unet": 1.33
    }
  ]
}