{
  "prompt": "black pupil.",
  "gsam2_centers": [
    {
      "valid": true,
      "cx": 178.54,
      "cy": 132.34,
      "area": 781,
      "det_score": 0.4093,
      "sam_score": 0.9691,
      "box": [
        162.4,
        115.7,
        196.0,
        148.4
      ],
      "repeats": [
        [
          178.64,
          132.01
        ],
        [
          178.44,
          132.55
        ],
        [
          178.67,
          132.12
        ],
        [
          178.75,
          132.01999999999998
        ],
        [
          179.53,
          132.49
        ]
      ],
      "idx": 1507,
      "mislabel": false,
      "mislabel_reason": "ok",
      "e_unet": 1.23
    },
    {
      "valid": true,
      "cx": 178.89,
      "cy": 132.09,
      "area": 782,
      "det_score": 0.4174,
      "sam_score": 0.9702,
      "box": [
        162.8,
        115.5,
        196.5,
        148.1
      ],
      "repeats": [
        [
          179.04,
          131.84
        ],
        [
          178.78,
          132.32
        ],
        [
          179.08,
          131.82
        ],
        [
          179.03,
          131.87
        ],
        [
          180.11,
          131.97
        ]
      ],
      "idx": 1508,
      "mislabel": false,
      "mislabel_reason": "ok",
      "e_unet": 1.14
    },
    {
      "valid": true,
      "cx": 179.16,
      "cy": 131.99,
      "area": 792,
      "det_score": 0.427,
      "sam_score": 0.9685,
      "box": [
        163.1,
        115.1,
        196.8,
        148.0
      ],
      "repeats": [
        [
          179.36,
          131.69
        ],
        [
          179.09,
          132.19
        ],
        [
          179.36,
          131.68
        ],
        [
          179.41,
          131.7
        ],
        [
          180.51,
          131.7
        ]
      ],
      "idx": 1509,
      "mislabel": false,
      "mislabel_reason": "ok",
      "e_unet": 1.26
    },
    {
      "valid": true,
      "cx": 179.9,
      "cy": 131.51999999999998,
      "area": 794,
      "det_score": 0.4216,
      "sam_score": 0.969,
      "box": [
        163.6,
        114.8,
        197.6,
        147.7
      ],
      "repeats": [
        [
          179.96,
          131.37
        ],
        [
          179.6,
          132.04000000000002
        ],
        [
          180.01,
          131.39
        ],
        [
          179.97,
          131.38
        ],
        [
          181.03,
          131.4
        ]
      ],
      "idx": 1510,
      "mislabel": false,
      "mislabel_reason": "ok",
      "e_unet": 1.21
    },
    {
      "valid": true,
      "cx": 188.18,
      "cy": 128.85,
      "area": 832,
      "det_score": 0.416,
      "sam_score": 0.9713,
      "box": [
        170.8,
        112.9,
        206.5,
        144.9
      ],
      "repeats": [
        [
          188.2,
          128.76
        ],
        [
          188.23,
          128.91
        ],
        [
          188.24,
          128.81
        ],
        [
          188.23,
          128.79000000000002
        ],
        [
          189.25,
          128.8
        ]
      ],
      "idx": 1511,
      "mislabel": false,
      "mislabel_reason": "ok",
      "e_unet": 1.19
    },
    {
      "valid": true,
      "cx": 188.82,
      "cy": 128.65,
      "area": 804,
      "det_score": 0.4349,
      "sam_score": 0.9706,
      "box": [
        171.7,
        112.5,
        207.0,
        144.6
      ],
      "repeats": [
        [
          188.81,
          128.63
        ],
        [
          188.84,
          128.68
        ],
        [
          188.79,
          128.67000000000002
        ],
        [
          188.87,
          128.65
        ],
        [
          190.04,
          128.69
        ]
      ],
      "idx": 1512,
      "mislabel": false,
      "mislabel_reason": "ok",
      "e_unet": 1.03
    },
    {
      "valid": true,
      "cx": 189.6,
      "cy": 128.57999999999998,
      "area": 803,
      "det_score": 0.4573,
      "sam_score": 0.971,
      "box": [
        172.3,
        112.5,
        207.6,
        144.4
      ],
      "repeats": [
        [
          189.55,
          128.45999999999998
        ],
        [
          189.61,
          128.57999999999998
        ],
        [
          189.61,
          128.49
        ],
        [
          189.57,
          128.45
        ],
        [
          190.72,
          128.53
        ]
      ],
      "idx": 1513,
      "mislabel": false,
      "mislabel_reason": "ok",
      "e_unet": 1.1
    }
  ]
}