{
  "prompt": "black pupil.",
  "gsam2_centers": [
    {
      "valid": true,
      "cx": 138.07999999999998,
      "cy": 71.16,
      "area": 399,
      "det_score": 0.4456,
      "sam_score": 0.9575,
      "box": [
        125.1,
        60.7,
        152.2,
        81.8
      ],
      "repeats": [
        [
          138.19,
          71.06
        ],
        [
          138.19,
          71.21000000000001
        ],
        [
          138.19,
          71.11
        ],
        [
          138.26999999999998,
          71.11
        ],
        [
          139.18,
          71.16
        ]
      ],
      "idx": 1405,
      "mislabel": false,
      "mislabel_reason": "ok",
      "e_unet": 0.76
    },
    {
      "valid": true,
      "cx": 138.13,
      "cy": 71.2,
      "area": 396,
      "det_score": 0.43,
      "sam_score": 0.9595,
      "box": [
        125.0,
        60.7,
        152.2,
        82.0
      ],
      "repeats": [
        [
          138.14,
          71.16
        ],
        [
          138.16,
          71.24000000000001
        ],
        [
          138.20999999999998,
          71.16
        ],
        [
          138.26999999999998,
          71.11
        ],
        [
          139.19,
          71.18
        ]
      ],
      "idx": 1406,
      "mislabel": false,
      "mislabel_reason": "ok",
      "e_unet": 0.73
    },
    {
      "valid": true,
      "cx": 138.07,
      "cy": 71.31,
      "area": 404,
      "det_score": 0.4456,
      "sam_score": 0.9604,
      "box": [
        125.0,
        60.9,
        152.2,
        82.2
      ],
      "repeats": [
        [
          138.09,
          71.22999999999999
        ],
        [
          138.11,
          71.41
        ],
        [
          138.17000000000002,
          71.34
        ],
        [
          138.17000000000002,
          71.27000000000001
        ],
        [
          139.16,
          71.31
        ]
      ],
      "idx": 1407,
      "mislabel": false,
      "mislabel_reason": "ok",
      "e_unet": 0.67
    },
    {
      "valid": true,
      "cx": 138.01,
      "cy": 71.24000000000001,
      "area": 402,
      "det_score": 0.4629,
      "sam_score": 0.9601,
      "box": [
        124.9,
        60.8,
        152.2,
        82.1
      ],
      "repeats": [
        [
          138.01,
          71.21000000000001
        ],
        [
          138.05,
          71.28
        ],
        [
          138.0,
          71.25999999999999
        ],
        [
          138.1,
          71.19
        ],
        [
          139.11,
          71.25
        ]
      ],
      "idx": 1408,
      "mislabel": false,
      "mislabel_reason": "ok",
      "e_unet": 0.65
    },
    {
      "valid": true,
      "cx": 138.06,
      "cy": 71.22,
      "area": 400,
      "det_score": 0.4256,
      "sam_score": 0.9575,
      "box": [
        125.0,
        60.7,
        152.2,
        81.9
      ],
      "repeats": [
        [
          138.07999999999998,
          71.13
        ],
        [
          138.15,
          71.16
        ],
        [
          138.16,
          71.1
        ],
        [
          138.17000000000002,
          71.09
        ],
        [
          139.19,
          71.24000000000001
        ]
      ],
      "idx": 1409,
      "mislabel": false,
      "mislabel_reason": "ok",
      "e_unet": 0.7
    },
    {
      "valid": true,
      "cx": 138.03,
      "cy": 71.09,
      "area": 405,
      "det_score": 0.4347,
      "sam_score": 0.957,
      "box": [
        124.9,
        60.6,
        152.3,
        81.8
      ],
      "repeats": [
        [
          138.05,
          71.0
        ],
        [
          138.1,
          71.15
        ],
        [
          138.16,
          71.02000000000001
        ],
        [
          138.14,
          71.00999999999999
        ],
        [
          139.06,
          71.09
        ]
      ],
      "idx": 1410,
      "mislabel": false,
      "mislabel_reason": "ok",
      "e_unet": 0.74
    },
    {
      "valid": true,
      "cx": 137.95,
      "cy": 70.99000000000001,
      "area": 408,
      "det_score": 0.4362,
      "sam_score": 0.9598,
      "box": [
        124.8,
        60.5,
        152.2,
        81.7
      ],
      "repeats": [
        [
          138.07,
          70.8
        ],
        [
          137.98000000000002,
          71.05
        ],
        [
          138.06,
          70.88
        ],
        [
          138.05,
          70.89
        ],
        [
          139.02,
          70.94
        ]
      ],
      "idx": 1411,
      "mislabel": false,
      "mislabel_reason": "ok",
      "e_unet": 0.8
    },
    {
      "valid": true,
      "cx": 137.95999999999998,
      "cy": 71.0,
      "area": 408,
      "det_score": 0.437,
      "sam_score": 0.959,
      "box": [
        124.8,
        60.5,
        152.2,
        81.7
      ],
      "repeats": [
        [
          138.0,
          70.82
        ],
        [
          137.97,
          71.0
        ],
        [
          138.04000000000002,
          70.83
        ],
        [
          138.0,
          70.91
        ],
        [
          139.01,
          70.97
        ]
      ],
      "idx": 1412,
      "mislabel": false,
      "mislabel_reason": "ok",
      "e_unet": 0.82
    },
    {
      "valid": true,
      "cx": 138.05,
      "cy": 71.12,
      "area": 408,
      "det_score": 0.4442,
      "sam_score": 0.9595,
      "box": [
        124.9,
        60.6,
        152.6,
        81.9
      ],
      "repeats": [
        [
          138.01999999999998,
          71.02000000000001
        ],
        [
          138.04000000000002,
          71.16
        ],
        [
          138.03,
          71.11
        ],
        [
          138.04000000000002,
          71.0
        ],
        [
          139.14,
          71.14
        ]
      ],
      "idx": 1413,
      "mislabel": false,
      "mislabel_reason": "ok",
      "e_unet": 0.82
    },
    {
      "valid": true,
      "cx": 137.99,
      "cy": 71.14,
      "area": 419,
      "det_score": 0.4388,
      "sam_score": 0.9585,
      "box": [
        124.6,
        60.6,
        152.5,
        82.1
      ],
      "repeats": [
        [
          138.03,
          71.03999999999999
        ],
        [
          138.01999999999998,
          71.21000000000001
        ],
        [
          138.0,
          71.11
        ],
        [
          138.15,
          71.06
        ],
        [
          139.08,
          71.17
        ]
      ],
      "idx": 1414,
      "mislabel": false,
      "mislabel_reason": "ok",
      "e_unet": 0.77
    },
    {
      "valid": true,
      "cx": 138.07999999999998,
      "cy": 71.18,
      "area": 418,
      "det_score": 0.4443,
      "sam_score": 0.9584,
      "box": [
        124.6,
        60.6,
        152.8,
        82.2
      ],
      "repeats": [
        [
          138.04000000000002,
          71.18
        ],
        [
          138.09,
          71.27000000000001
        ],
        [
          138.07,
          71.24000000000001
        ],
        [
          138.14,
          71.08
        ],
        [
          139.2,
          71.15
        ]
      ],
      "idx": 1415,
      "mislabel": false,
      "mislabel_reason": "ok",
      "e_unet": 0.84
    }
  ]
}