{
  "prompt": "black pupil.",
  "gsam2_centers": [
    {
      "valid": true,
      "cx": 138.8,
      "cy": 86.99,
      "area": 553,
      "det_score": 0.3813,
      "sam_score": 0.963,
      "box": [
        125.8,
        73.3,
        153.0,
        101.3
      ],
      "repeats": [
        [
          138.78,
          86.87
        ],
        [
          138.89,
          86.95
        ],
        [
          138.87,
          86.89
        ],
        [
          138.94,
          86.79
        ],
        [
          139.97,
          86.9
        ]
      ],
      "idx": 1007,
      "mislabel": false,
      "mislabel_reason": "ok",
      "e_unet": 1.02
    },
    {
      "valid": true,
      "cx": 135.5,
      "cy": 85.61,
      "area": 534,
      "det_score": 0.4191,
      "sam_score": 0.9652,
      "box": [
        122.6,
        71.9,
        149.5,
        99.7
      ],
      "repeats": [
        [
          135.44,
          85.63
        ],
        [
          135.49,
          85.69
        ],
        [
          135.5,
          85.64
        ],
        [
          135.66,
          85.53
        ],
        [
          136.62,
          85.59
        ]
      ],
      "idx": 1008,
      "mislabel": false,
      "mislabel_reason": "ok",
      "e_unet": 1.21
    },
    {
      "valid": true,
      "cx": 135.95,
      "cy": 85.73,
      "area": 534,
      "det_score": 0.4302,
      "sam_score": 0.9649,
      "box": [
        123.0,
        72.2,
        150.0,
        99.7
      ],
      "repeats": [
        [
          135.95999999999998,
          85.6
        ],
        [
          136.01999999999998,
          85.8
        ],
        [
          135.98000000000002,
          85.68
        ],
        [
          136.01,
          85.68
        ],
        [
          137.08,
          85.75
        ]
      ],
      "idx": 1009,
      "mislabel": false,
      "mislabel_reason": "ok",
      "e_unet": 1.11
    },
    {
      "valid": true,
      "cx": 136.26,
      "cy": 85.7,
      "area": 535,
      "det_score": 0.4029,
      "sam_score": 0.9646,
      "box": [
        123.3,
        72.0,
        150.3,
        99.6
      ],
      "repeats": [
        [
          136.2,
          85.7
        ],
        [
          136.31,
          85.71
        ],
        [
          136.20999999999998,
          85.78
        ],
        [
          136.32,
          85.58
        ],
        [
          137.38,
          85.65
        ]
      ],
      "idx": 1010,
      "mislabel": false,
      "mislabel_reason": "ok",
      "e_unet": 1.22
    },
    {
      "valid": true,
      "cx": 136.59,
      "cy": 85.48,
      "area": 543,
      "det_score": 0.4118,
      "sam_score": 0.9624,
      "box": [
        123.6,
        71.9,
        150.8,
        99.5
      ],
      "repeats": [
        [
          136.59,
          85.34
        ],
        [
          136.68,
          85.46
        ],
        [
          136.66,
          85.35
        ],
        [
          136.72,
          85.33
        ],
        [
          137.82,
          85.44
        ]
      ],
      "idx": 1011,
      "mislabel": false,
      "mislabel_reason": "ok",
      "e_unet": 1.13
    },
    {
      "valid": true,
      "cx": 145.13,
      "cy": 83.88,
      "area": 586,
      "det_score": 0.425,
      "sam_score": 0.9614,
      "box": [
        131.4,
        70.5,
        160.3,
        97.8
      ],
      "repeats": [
        [
          145.13,
          83.88
        ],
        [
          145.1,
          83.99
        ],
        [
          145.13,
          83.94
        ],
        [
          145.37,
          83.71
        ],
        [
          146.41,
          83.84
        ]
      ],
      "idx": 1012,
      "mislabel": false,
      "mislabel_reason": "ok",
      "e_unet": 0.99
    },
    {
      "valid": true,
      "cx": 145.95999999999998,
      "cy": 83.64,
      "area": 575,
      "det_score": 0.4342,
      "sam_score": 0.9597,
      "box": [
        132.6,
        70.3,
        160.9,
        97.5
      ],
      "repeats": [
        [
          146.05,
          83.5
        ],
        [
          146.0,
          83.65
        ],
        [
          146.11,
          83.51
        ],
        [
          146.26999999999998,
          83.33
        ],
        [
          147.3,
          83.46
        ]
      ],
      "idx": 1013,
      "mislabel": false,
      "mislabel_reason": "ok",
      "e_unet": 0.97
    }
  ]
}