{
  "prompt": "black pupil.",
  "gsam2_centers": [
    {
      "valid": true,
      "cx": 143.11,
      "cy": 104.14,
      "area": 422,
      "det_score": 0.4221,
      "sam_score": 0.9571,
      "box": [
        131.5,
        92.2,
        155.8,
        116.0
      ],
      "repeats": [
        [
          143.04000000000002,
          104.09
        ],
        [
          143.16,
          104.22
        ],
        [
          143.20999999999998,
          104.16
        ],
        [
          143.25,
          104.01
        ],
        [
          144.23,
          104.17
        ]
      ],
      "idx": 105,
      "mislabel": false,
      "mislabel_reason": "ok",
      "e_unet": 1.12
    },
    {
      "valid": true,
      "cx": 143.19,
      "cy": 104.25,
      "area": 422,
      "det_score": 0.4181,
      "sam_score": 0.9576,
      "box": [
        131.6,
        92.2,
        155.9,
        116.1
      ],
      "repeats": [
        [
          143.14,
          104.16
        ],
        [
          143.2,
          104.36
        ],
        [
          143.19,
          104.21
        ],
        [
          143.24,
          104.03
        ],
        [
          144.32,
          104.3
        ]
      ],
      "idx": 106,
      "mislabel": false,
      "mislabel_reason": "ok",
      "e_unet": 1.14
    },
    {
      "valid": true,
      "cx": 143.16,
      "cy": 104.13,
      "area": 431,
      "det_score": 0.4212,
      "sam_score": 0.9577,
      "box": [
        131.5,
        92.1,
        156.0,
        116.1
      ],
      "repeats": [
        [
          143.15,
          104.07
        ],
        [
          143.23000000000002,
          104.34
        ],
        [
          143.23000000000002,
          104.22
        ],
        [
          143.26,
          104.03
        ],
        [
          144.41,
          104.27
        ]
      ],
      "idx": 107,
      "mislabel": false,
      "mislabel_reason": "ok",
      "e_unet": 1.06
    },
    {
      "valid": true,
      "cx": 143.17000000000002,
      "cy": 104.02,
      "area": 435,
      "det_score": 0.4301,
      "sam_score": 0.9553,
      "box": [
        131.5,
        91.9,
        156.1,
        116.1
      ],
      "repeats": [
        [
          143.26,
          103.97
        ],
        [
          143.26,
          104.06
        ],
        [
          143.25,
          103.96
        ],
        [
          143.38,
          103.81
        ],
        [
          144.41,
          104.03
        ]
      ],
      "idx": 108,
      "mislabel": false,
      "mislabel_reason": "ok",
      "e_unet": 1.24
    },
    {
      "valid": true,
      "cx": 143.23000000000002,
      "cy": 104.0,
      "area": 438,
      "det_score": 0.4268,
      "sam_score": 0.9564,
      "box": [
        131.6,
        91.9,
        156.2,
        116.2
      ],
      "repeats": [
        [
          143.26,
          103.95
        ],
        [
          143.37,
          104.1
        ],
        [
          143.28,
          103.96
        ],
        [
          143.4,
          103.86
        ],
        [
          144.44,
          104.1
        ]
      ],
      "idx": 109,
      "mislabel": false,
      "mislabel_reason": "ok",
      "e_unet": 1.16
    },
    {
      "valid": true,
      "cx": 143.20999999999998,
      "cy": 104.24,
      "area": 440,
      "det_score": 0.4264,
      "sam_score": 0.9578,
      "box": [
        131.4,
        92.1,
        156.1,
        116.3
      ],
      "repeats": [
        [
          143.17000000000002,
          104.06
        ],
        [
          143.26,
          104.36
        ],
        [
          143.23000000000002,
          104.21
        ],
        [
          143.35,
          104.18
        ],
        [
          144.36,
          104.28
        ]
      ],
      "idx": 110,
      "mislabel": false,
      "mislabel_reason": "ok",
      "e_unet": 1.3
    },
    {
      "valid": true,
      "cx": 143.19,
      "cy": 104.22,
      "area": 443,
      "det_score": 0.4347,
      "sam_score": 0.9571,
      "box": [
        131.3,
        92.0,
        156.1,
        116.3
      ],
      "repeats": [
        [
          143.17000000000002,
          104.13
        ],
        [
          143.3,
          104.33
        ],
        [
          143.31,
          104.22
        ],
        [
          143.41,
          104.11
        ],
        [
          144.35,
          104.24
        ]
      ],
      "idx": 111,
      "mislabel": false,
      "mislabel_reason": "ok",
      "e_unet": 1.26
    },
    {
      "valid": true,
      "cx": 143.19,
      "cy": 104.16,
      "area": 445,
      "det_score": 0.4397,
      "sam_score": 0.9571,
      "box": [
        131.3,
        91.9,
        156.1,
        116.3
      ],
      "repeats": [
        [
          143.22,
          104.01
        ],
        [
          143.31,
          104.2
        ],
        [
          143.29000000000002,
          104.03
        ],
        [
          143.43,
          103.98
        ],
        [
          144.43,
          104.15
        ]
      ],
      "idx": 112,
      "mislabel": false,
      "mislabel_reason": "ok",
      "e_unet": 1.28
    },
    {
      "valid": true,
      "cx": 143.29000000000002,
      "cy": 103.92,
      "area": 441,
      "det_score": 0.4189,
      "sam_score": 0.9565,
      "box": [
        131.5,
        91.7,
        156.2,
        116.1
      ],
      "repeats": [
        [
          143.22,
          103.92
        ],
        [
          143.32999999999998,
          104.01
        ],
        [
          143.25,
          103.92
        ],
        [
          143.37,
          103.8
        ],
        [
          144.45,
          104.07
        ]
      ],
      "idx": 113,
      "mislabel": false,
      "mislabel_reason": "ok",
      "e_unet": 1.2
    },
    {
      "valid": true,
      "cx": 143.3,
      "cy": 103.77,
      "area": 446,
      "det_score": 0.4257,
      "sam_score": 0.9534,
      "box": [
        131.5,
        91.6,
        156.3,
        116.0
      ],
      "repeats": [
        [
          143.3,
          103.72
        ],
        [
          143.37,
          103.99
        ],
        [
          143.32999999999998,
          103.87
        ],
        [
          143.42000000000002,
          103.67
        ],
        [
          144.54,
          103.97
        ]
      ],
      "idx": 114,
      "mislabel": false,
      "mislabel_reason": "ok",
      "e_unet": 1.15
    },
    {
      "valid": true,
      "cx": 143.32999999999998,
      "cy": 103.85,
      "area": 442,
      "det_score": 0.4234,
      "sam_score": 0.954,
      "box": [
        131.6,
        91.6,
        156.3,
        116.0
      ],
      "repeats": [
        [
          143.31,
          103.73
        ],
        [
          143.41,
          103.98
        ],
        [
          143.37,
          103.88
        ],
        [
          143.45999999999998,
          103.73
        ],
        [
          144.51,
          104.0
        ]
      ],
      "idx": 115,
      "mislabel": false,
      "mislabel_reason": "ok",
      "e_unet": 1.21
    }
  ]
}