{
  "prompt": "black pupil.",
  "gsam2_centers": [
    {
      "valid": true,
      "cx": 128.34,
      "cy": 125.85,
      "area": 649,
      "det_score": 0.3373,
      "sam_score": 0.9535,
      "box": [
        114.5,
        107.4,
        143.2,
        144.0
      ],
      "repeats": [
        [
          128.31,
          125.77
        ],
        [
          128.35,
          125.93
        ],
        [
          128.38,
          125.87
        ],
        [
          128.45,
          125.8
        ],
        [
          129.55,
          125.76
        ]
      ],
      "idx": 305,
      "mislabel": false,
      "mislabel_reason": "ok",
      "e_unet": 1.2
    },
    {
      "valid": true,
      "cx": 128.45999999999998,
      "cy": 125.76,
      "area": 639,
      "det_score": 0.3542,
      "sam_score": 0.9539,
      "box": [
        114.7,
        107.7,
        143.3,
        144.1
      ],
      "repeats": [
        [
          128.45,
          125.76
        ],
        [
          128.48000000000002,
          125.76
        ],
        [
          128.48000000000002,
          125.76
        ],
        [
          128.56,
          125.65
        ],
        [
          129.66,
          125.69
        ]
      ],
      "idx": 306,
      "mislabel": false,
      "mislabel_reason": "ok",
      "e_unet": 1.29
    },
    {
      "valid": true,
      "cx": 128.26999999999998,
      "cy": 125.51,
      "area": 628,
      "det_score": 0.358,
      "sam_score": 0.9528,
      "box": [
        114.8,
        107.5,
        143.2,
        143.6
      ],
      "repeats": [
        [
          128.31,
          125.45
        ],
        [
          128.32999999999998,
          125.53
        ],
        [
          128.37,
          125.46
        ],
        [
          128.4,
          125.46
        ],
        [
          129.44,
          125.43
        ]
      ],
      "idx": 307,
      "mislabel": false,
      "mislabel_reason": "ok",
      "e_unet": 1.42
    },
    {
      "valid": true,
      "cx": 128.54000000000002,
      "cy": 124.08,
      "area": 606,
      "det_score": 0.3123,
      "sam_score": 0.9482,
      "box": [
        114.8,
        105.9,
        143.0,
        141.6
      ],
      "repeats": [
        [
          128.56,
          123.82
        ],
        [
          128.6,
          124.05
        ],
        [
          128.59,
          123.91
        ],
        [
          128.8,
          124.0
        ],
        [
          129.58,
          123.85
        ]
      ],
      "idx": 308,
      "mislabel": false,
      "mislabel_reason": "ok",
      "e_unet": 1.73
    },
    {
      "valid": true,
      "cx": 128.69,
      "cy": 123.94,
      "area": 601,
      "det_score": 0.327,
      "sam_score": 0.9492,
      "box": [
        115.0,
        106.1,
        143.3,
        141.6
      ],
      "repeats": [
        [
          128.70999999999998,
          123.78
        ],
        [
          128.68,
          124.03
        ],
        [
          128.69,
          123.99
        ],
        [
          128.82999999999998,
          123.87
        ],
        [
          129.69,
          123.92
        ]
      ],
      "idx": 309,
      "mislabel": false,
      "mislabel_reason": "ok",
      "e_unet": 1.47
    },
    {
      "valid": true,
      "cx": 128.61,
      "cy": 124.02,
      "area": 602,
      "det_score": 0.3289,
      "sam_score": 0.9518,
      "box": [
        115.0,
        106.1,
        143.3,
        141.7
      ],
      "repeats": [
        [
          128.55,
          123.88
        ],
        [
          128.67000000000002,
          124.22
        ],
        [
          128.67000000000002,
          124.08
        ],
        [
          128.81,
          123.9
        ],
        [
          129.69,
          124.01
        ]
      ],
      "idx": 310,
      "mislabel": false,
      "mislabel_reason": "ok",
      "e_unet": 1.46
    },
    {
      "valid": true,
      "cx": 128.73000000000002,
      "cy": 124.14,
      "area": 599,
      "det_score": 0.3416,
      "sam_score": 0.9529,
      "box": [
        115.1,
        106.3,
        143.6,
        141.7
      ],
      "repeats": [
        [
          128.81,
          124.0
        ],
        [
          128.76999999999998,
          124.16
        ],
        [
          128.8,
          124.06
        ],
        [
          128.89,
          123.94
        ],
        [
          129.87,
          124.04
        ]
      ],
      "idx": 311,
      "mislabel": false,
      "mislabel_reason": "ok",
      "e_unet": 1.4
    },
    {
      "valid": true,
      "cx": 128.87,
      "cy": 124.03,
      "area": 604,
      "det_score": 0.3303,
      "sam_score": 0.9528,
      "box": [
        115.0,
        106.2,
        143.7,
        141.8
      ],
      "repeats": [
        [
          128.89,
          123.98
        ],
        [
          128.82,
          124.15
        ],
        [
          128.9,
          124.0
        ],
        [
          129.0,
          123.91
        ],
        [
          129.98,
          124.06
        ]
      ],
      "idx": 312,
      "mislabel": false,
      "mislabel_reason": "ok",
      "e_unet": 1.34
    },
    {
      "valid": true,
      "cx": 128.91,
      "cy": 124.06,
      "area": 610,
      "det_score": 0.339,
      "sam_score": 0.9525,
      "box": [
        115.2,
        106.0,
        144.0,
        141.8
      ],
      "repeats": [
        [
          129.0,
          123.83
        ],
        [
          128.92000000000002,
          124.11
        ],
        [
          128.95999999999998,
          123.94
        ],
        [
          129.05,
          123.91
        ],
        [
          130.08,
          124.0
        ]
      ],
      "idx": 313,
      "mislabel": false,
      "mislabel_reason": "ok",
      "e_unet": 1.5
    },
    {
      "valid": true,
      "cx": 129.06,
      "cy": 123.74,
      "area": 612,
      "det_score": 0.3387,
      "sam_score": 0.9524,
      "box": [
        115.2,
        105.8,
        144.1,
        141.8
      ],
      "repeats": [
        [
          129.0,
          123.79
        ],
        [
          129.0,
          123.93
        ],
        [
          128.95999999999998,
          123.94
        ],
        [
          129.09,
          123.77
        ],
        [
          130.1,
          124.01
        ]
      ],
      "idx": 314,
      "mislabel": false,
      "mislabel_reason": "ok",
      "e_unet": 1.16
    },
    {
      "valid": true,
      "cx": 128.94,
      "cy": 123.75,
      "area": 629,
      "det_score": 0.3326,
      "sam_score": 0.954,
      "box": [
        115.0,
        105.6,
        144.3,
        142.0
      ],
      "repeats": [
        [
          129.03,
          123.51
        ],
        [
          129.03,
          123.71
        ],
        [
          129.03,
          123.65
        ],
        [
          129.1,
          123.59
        ],
        [
          130.12,
          123.74
        ]
      ],
      "idx": 315,
      "mislabel": false,
      "mislabel_reason": "ok",
      "e_unet": 1.37
    }
  ]
}