{
  "prompt": "black pupil.",
  "gsam2_centers": [
    {
      "valid": true,
      "cx": 129.99,
      "cy": 162.68,
      "area": 253,
      "det_score": 0.2082,
      "sam_score": 0.8732,
      "box": [
        118.3,
        150.3,
        142.4,
        175.4
      ],
      "repeats": [
        [
          129.76999999999998,
          162.36
        ],
        [
          130.01999999999998,
          163.19
        ],
        [
          130.1,
          162.56
        ],
        [
          130.3,
          162.47
        ],
        [
          131.0,
          162.7
        ]
      ],
      "idx": 1505,
      "mislabel": true,
      "mislabel_reason": "lowconf_tiny",
      "e_unet": null
    },
    {
      "valid": true,
      "cx": 155.99,
      "cy": 110.9,
      "area": 1326,
      "det_score": 0.2266,
      "sam_score": 0.919,
      "box": [
        123.5,
        93.8,
        190.5,
        127.5
      ],
      "repeats": [
        [
          155.62,
          110.46
        ],
        [
          156.22,
          111.14
        ],
        [
          155.8,
          110.64
        ],
        [
          156.5,
          110.15
        ],
        [
          157.09,
          110.95
        ]
      ],
      "idx": 1506,
      "mislabel": false,
      "mislabel_reason": "ok",
      "e_unet": 10.0
    },
    {
      "valid": true,
      "cx": 162.68,
      "cy": 90.59,
      "area": 703,
      "det_score": 0.3515,
      "sam_score": 0.9674,
      "box": [
        145.8,
        76.9,
        181.3,
        105.0
      ],
      "repeats": [
        [
          162.72,
          90.56
        ],
        [
          162.81,
          90.64
        ],
        [
          162.84,
          90.48
        ],
        [
          162.77,
          90.51
        ],
        [
          163.82,
          90.66
        ]
      ],
      "idx": 1507,
      "mislabel": false,
      "mislabel_reason": "ok",
      "e_unet": 1.04
    },
    {
      "valid": true,
      "cx": 165.03,
      "cy": 89.99,
      "area": 709,
      "det_score": 0.4121,
      "sam_score": 0.9647,
      "box": [
        148.1,
        76.2,
        183.7,
        103.8
      ],
      "repeats": [
        [
          165.04,
          89.98
        ],
        [
          165.07,
          89.97
        ],
        [
          165.08,
          89.98
        ],
        [
          165.12,
          89.94
        ],
        [
          166.12,
          89.96
        ]
      ],
      "idx": 1508,
      "mislabel": false,
      "mislabel_reason": "ok",
      "e_unet": 1.32
    },
    {
      "valid": true,
      "cx": 165.28,
      "cy": 90.58,
      "area": 710,
      "det_score": 0.4061,
      "sam_score": 0.9641,
      "box": [
        148.2,
        76.6,
        183.7,
        104.6
      ],
      "repeats": [
        [
          165.28,
          90.55
        ],
        [
          165.29,
          90.59
        ],
        [
          165.28,
          90.54
        ],
        [
          165.36,
          90.49
        ],
        [
          166.31,
          90.58
        ]
      ],
      "idx": 1509,
      "mislabel": false,
      "mislabel_reason": "ok",
      "e_unet": 1.54
    },
    {
      "valid": true,
      "cx": 165.39,
      "cy": 90.89,
      "area": 704,
      "det_score": 0.4148,
      "sam_score": 0.9658,
      "box": [
        148.2,
        77.1,
        183.8,
        104.8
      ],
      "repeats": [
        [
          165.36,
          90.82
        ],
        [
          165.38,
          90.92
        ],
        [
          165.34,
          90.86
        ],
        [
          165.42,
          90.87
        ],
        [
          166.48,
          90.91
        ]
      ],
      "idx": 1510,
      "mislabel": false,
      "mislabel_reason": "ok",
      "e_unet": 1.36
    },
    {
      "valid": true,
      "cx": 165.33,
      "cy": 90.9,
      "area": 707,
      "det_score": 0.4093,
      "sam_score": 0.9656,
      "box": [
        148.2,
        77.0,
        183.7,
        104.9
      ],
      "repeats": [
        [
          165.33,
          90.94
        ],
        [
          165.36,
          90.91
        ],
        [
          165.38,
          90.93
        ],
        [
          165.46,
          90.82
        ],
        [
          166.44,
          90.91
        ]
      ],
      "idx": 1511,
      "mislabel": false,
      "mislabel_reason": "ok",
      "e_unet": 1.39
    },
    {
      "valid": true,
      "cx": 165.32,
      "cy": 90.91,
      "area": 712,
      "det_score": 0.3993,
      "sam_score": 0.9655,
      "box": [
        148.2,
        77.0,
        183.7,
        105.0
      ],
      "repeats": [
        [
          165.34,
          90.87
        ],
        [
          165.35,
          90.92
        ],
        [
          165.36,
          90.94
        ],
        [
          165.41,
          90.84
        ],
        [
          166.38,
          90.9
        ]
      ],
      "idx": 1512,
      "mislabel": false,
      "mislabel_reason": "ok",
      "e_unet": 1.37
    },
    {
      "valid": true,
      "cx": 165.33,
      "cy": 90.89,
      "area": 700,
      "det_score": 0.3926,
      "sam_score": 0.9647,
      "box": [
        148.3,
        77.1,
        183.7,
        104.9
      ],
      "repeats": [
        [
          165.29,
          90.89
        ],
        [
          165.39,
          90.95
        ],
        [
          165.35,
          90.94
        ],
        [
          165.47,
          90.81
        ],
        [
          166.45,
          90.93
        ]
      ],
      "idx": 1513,
      "mislabel": false,
      "mislabel_reason": "ok",
      "e_unet": 1.18
    },
    {
      "valid": true,
      "cx": 165.16,
      "cy": 90.97,
      "area": 684,
      "det_score": 0.3964,
      "sam_score": 0.9633,
      "box": [
        148.5,
        77.1,
        183.4,
        104.8
      ],
      "repeats": [
        [
          165.2,
          90.94
        ],
        [
          165.24,
          90.95
        ],
        [
          165.21,
          91.0
        ],
        [
          165.36,
          90.83
        ],
        [
          166.41,
          90.91
        ]
      ],
      "idx": 1514,
      "mislabel": false,
      "mislabel_reason": "ok",
      "e_unet": 1.34
    },
    {
      "valid": true,
      "cx": 165.36,
      "cy": 90.7,
      "area": 641,
      "det_score": 0.3954,
      "sam_score": 0.9611,
      "box": [
        149.2,
        77.2,
        182.9,
        104.1
      ],
      "repeats": [
        [
          165.27,
          90.73
        ],
        [
          165.36,
          90.7
        ],
        [
          165.35,
          90.76
        ],
        [
          165.34,
          90.61
        ],
        [
          166.51,
          90.66
        ]
      ],
      "idx": 1515,
      "mislabel": false,
      "mislabel_reason": "ok",
      "e_unet": 1.34
    }
  ]
}