{
  "prompt": "black pupil.",
  "gsam2_centers": [
    {
      "valid": true,
      "cx": 135.84,
      "cy": 146.37,
      "area": 710,
      "det_score": 0.5101,
      "sam_score": 0.9605,
      "box": [
        123.1,
        127.2,
        148.8,
        166.2
      ],
      "repeats": [
        [
          135.88,
          146.4
        ],
        [
          135.86,
          146.35
        ],
        [
          135.87,
          146.28
        ],
        [
          135.94,
          146.43
        ],
        [
          136.94,
          146.34
        ]
      ],
      "idx": 1205,
      "mislabel": false,
      "mislabel_reason": "ok",
      "e_unet": 0.84
    },
    {
      "valid": true,
      "cx": 135.74,
      "cy": 146.38,
      "area": 704,
      "det_score": 0.5367,
      "sam_score": 0.9611,
      "box": [
        122.8,
        127.1,
        148.5,
        165.9
      ],
      "repeats": [
        [
          135.70999999999998,
          146.35
        ],
        [
          135.76,
          146.42
        ],
        [
          135.73000000000002,
          146.34
        ],
        [
          135.79000000000002,
          146.29
        ],
        [
          136.83,
          146.39
        ]
      ],
      "idx": 1206,
      "mislabel": false,
      "mislabel_reason": "ok",
      "e_unet": 0.85
    },
    {
      "valid": true,
      "cx": 135.56,
      "cy": 146.1,
      "area": 698,
      "det_score": 0.556,
      "sam_score": 0.962,
      "box": [
        122.6,
        126.8,
        148.5,
        165.7
      ],
      "repeats": [
        [
          135.56,
          146.04
        ],
        [
          135.63,
          146.2
        ],
        [
          135.61,
          146.12
        ],
        [
          135.6,
          146.01
        ],
        [
          136.75,
          146.21
        ]
      ],
      "idx": 1207,
      "mislabel": false,
      "mislabel_reason": "ok",
      "e_unet": 0.67
    },
    {
      "valid": true,
      "cx": 135.65,
      "cy": 145.99,
      "area": 699,
      "det_score": 0.527,
      "sam_score": 0.961,
      "box": [
        122.9,
        126.9,
        148.5,
        165.6
      ],
      "repeats": [
        [
          135.66,
          145.99
        ],
        [
          135.7,
          146.07
        ],
        [
          135.7,
          145.93
        ],
        [
          135.75,
          145.98
        ],
        [
          136.85,
          145.98
        ]
      ],
      "idx": 1208,
      "mislabel": false,
      "mislabel_reason": "ok",
      "e_unet": 0.73
    },
    {
      "valid": true,
      "cx": 135.67000000000002,
      "cy": 146.01,
      "area": 691,
      "det_score": 0.5141,
      "sam_score": 0.9614,
      "box": [
        123.0,
        127.1,
        148.5,
        165.6
      ],
      "repeats": [
        [
          135.70999999999998,
          145.96
        ],
        [
          135.72,
          146.05
        ],
        [
          135.74,
          146.01
        ],
        [
          135.81,
          145.92
        ],
        [
          136.84,
          145.97
        ]
      ],
      "idx": 1209,
      "mislabel": false,
      "mislabel_reason": "ok",
      "e_unet": 0.79
    },
    {
      "valid": true,
      "cx": 135.57,
      "cy": 146.14,
      "area": 675,
      "det_score": 0.5313,
      "sam_score": 0.9625,
      "box": [
        123.1,
        127.2,
        148.3,
        165.3
      ],
      "repeats": [
        [
          135.5,
          146.09
        ],
        [
          135.61,
          146.1
        ],
        [
          135.57999999999998,
          146.04
        ],
        [
          135.64,
          146.03
        ],
        [
          136.7,
          146.06
        ]
      ],
      "idx": 1210,
      "mislabel": false,
      "mislabel_reason": "ok",
      "e_unet": 0.85
    },
    {
      "valid": true,
      "cx": 133.9,
      "cy": 146.82,
      "area": 636,
      "det_score": 0.5202,
      "sam_score": 0.9575,
      "box": [
        122.2,
        128.0,
        146.4,
        165.8
      ],
      "repeats": [
        [
          134.05,
          146.82
        ],
        [
          134.07,
          146.97
        ],
        [
          133.98000000000002,
          146.92
        ],
        [
          134.09,
          146.79
        ],
        [
          135.18,
          146.94
        ]
      ],
      "idx": 1211,
      "mislabel": false,
      "mislabel_reason": "ok",
      "e_unet": 0.62
    },
    {
      "valid": true,
      "cx": 134.0,
      "cy": 146.89,
      "area": 613,
      "det_score": 0.4791,
      "sam_score": 0.9579,
      "box": [
        122.5,
        128.4,
        146.1,
        165.6
      ],
      "repeats": [
        [
          133.89,
          147.02
        ],
        [
          134.01,
          147.08
        ],
        [
          134.03,
          147.01
        ],
        [
          134.05,
          146.94
        ],
        [
          135.14,
          146.93
        ]
      ],
      "idx": 1212,
      "mislabel": false,
      "mislabel_reason": "ok",
      "e_unet": 0.81
    },
    {
      "valid": true,
      "cx": 133.86,
      "cy": 147.05,
      "area": 595,
      "det_score": 0.49,
      "sam_score": 0.9575,
      "box": [
        122.6,
        128.7,
        145.9,
        165.4
      ],
      "repeats": [
        [
          133.82,
          147.02
        ],
        [
          133.88,
          147.09
        ],
        [
          133.88,
          146.99
        ],
        [
          133.93,
          146.91
        ],
        [
          135.07,
          147.01
        ]
      ],
      "idx": 1213,
      "mislabel": false,
      "mislabel_reason": "ok",
      "e_unet": 0.77
    },
    {
      "valid": true,
      "cx": 133.64,
      "cy": 147.05,
      "area": 581,
      "det_score": 0.5295,
      "sam_score": 0.9588,
      "box": [
        122.6,
        129.2,
        145.3,
        165.2
      ],
      "repeats": [
        [
          133.67000000000002,
          147.03
        ],
        [
          133.68,
          147.1
        ],
        [
          133.68,
          146.94
        ],
        [
          133.76,
          146.97
        ],
        [
          134.81,
          146.99
        ]
      ],
      "idx": 1214,
      "mislabel": false,
      "mislabel_reason": "ok",
      "e_unet": 0.79
    },
    {
      "valid": true,
      "cx": 133.47,
      "cy": 147.08,
      "area": 560,
      "det_score": 0.52,
      "sam_score": 0.9576,
      "box": [
        122.7,
        129.4,
        145.2,
        164.9
      ],
      "repeats": [
        [
          133.53,
          147.01
        ],
        [
          133.59,
          147.02
        ],
        [
          133.57,
          146.86
        ],
        [
          133.68,
          146.94
        ],
        [
          134.8,
          146.85
        ]
      ],
      "idx": 1215,
      "mislabel": false,
      "mislabel_reason": "ok",
      "e_unet": 1.0
    }
  ]
}