{
  "prompt": "black pupil.",
  "gsam2_centers": [
    {
      "valid": true,
      "cx": 124.03,
      "cy": 98.12,
      "area": 418,
      "det_score": 0.4202,
      "sam_score": 0.9567,
      "box": [
        112.8,
        85.7,
        135.8,
        111.4
      ],
      "repeats": [
        [
          123.96,
          98.08
        ],
        [
          123.98,
          98.27
        ],
        [
          123.98,
          98.17
        ],
        [
          124.25,
          97.64
        ],
        [
          125.08000000000001,
          98.08
        ]
      ],
      "idx": 707,
      "mislabel": false,
      "mislabel_reason": "ok",
      "e_unet": 1.49
    },
    {
      "valid": true,
      "cx": 125.31,
      "cy": 97.74,
      "area": 419,
      "det_score": 0.3921,
      "sam_score": 0.9553,
      "box": [
        114.1,
        85.0,
        136.9,
        110.8
      ],
      "repeats": [
        [
          125.28,
          97.62
        ],
        [
          125.33,
          97.81
        ],
        [
          125.3,
          97.73
        ],
        [
          125.51,
          97.56
        ],
        [
          126.36000000000001,
          97.71
        ]
      ],
      "idx": 708,
      "mislabel": false,
      "mislabel_reason": "ok",
      "e_unet": 1.26
    },
    {
      "valid": true,
      "cx": 126.3,
      "cy": 97.14,
      "area": 432,
      "det_score": 0.3918,
      "sam_score": 0.9558,
      "box": [
        115.0,
        84.8,
        138.2,
        110.5
      ],
      "repeats": [
        [
          126.36,
          97.09
        ],
        [
          126.19,
          97.35
        ],
        [
          126.24,
          97.25
        ],
        [
          126.37,
          97.05
        ],
        [
          127.41999999999999,
          97.14
        ]
      ],
      "idx": 709,
      "mislabel": false,
      "mislabel_reason": "ok",
      "e_unet": 1.02
    },
    {
      "valid": true,
      "cx": 132.75,
      "cy": 96.69,
      "area": 466,
      "det_score": 0.3477,
      "sam_score": 0.9492,
      "box": [
        120.4,
        84.1,
        146.1,
        109.8
      ],
      "repeats": [
        [
          132.87,
          96.48
        ],
        [
          132.9,
          96.82
        ],
        [
          132.92000000000002,
          96.69
        ],
        [
          133.01,
          96.5
        ],
        [
          134.07,
          96.73
        ]
      ],
      "idx": 710,
      "mislabel": false,
      "mislabel_reason": "ok",
      "e_unet": 1.19
    },
    {
      "valid": true,
      "cx": 134.75,
      "cy": 95.63,
      "area": 469,
      "det_score": 0.3496,
      "sam_score": 0.951,
      "box": [
        122.8,
        82.6,
        147.6,
        108.8
      ],
      "repeats": [
        [
          134.76,
          95.52
        ],
        [
          134.8,
          95.74
        ],
        [
          134.89,
          95.6
        ],
        [
          134.91,
          95.5
        ],
        [
          135.86,
          95.72
        ]
      ],
      "idx": 711,
      "mislabel": false,
      "mislabel_reason": "ok",
      "e_unet": 1.04
    },
    {
      "valid": true,
      "cx": 135.55,
      "cy": 95.29,
      "area": 473,
      "det_score": 0.3401,
      "sam_score": 0.9508,
      "box": [
        123.7,
        82.1,
        148.7,
        108.6
      ],
      "repeats": [
        [
          135.57999999999998,
          95.17
        ],
        [
          135.69,
          95.48
        ],
        [
          135.76,
          95.28
        ],
        [
          135.67000000000002,
          95.04
        ],
        [
          136.68,
          95.61
        ]
      ],
      "idx": 712,
      "mislabel": false,
      "mislabel_reason": "ok",
      "e_unet": 0.87
    },
    {
      "valid": true,
      "cx": 136.8,
      "cy": 95.19,
      "area": 471,
      "det_score": 0.3828,
      "sam_score": 0.9529,
      "box": [
        124.7,
        82.0,
        149.7,
        108.5
      ],
      "repeats": [
        [
          136.82,
          95.2
        ],
        [
          136.98000000000002,
          95.35
        ],
        [
          136.86,
          95.29
        ],
        [
          136.92000000000002,
          95.2
        ],
        [
          137.91,
          95.17
        ]
      ],
      "idx": 713,
      "mislabel": false,
      "mislabel_reason": "ok",
      "e_unet": 0.85
    }
  ]
}