{
  "prompt": "black pupil.",
  "gsam2_centers": [
    {
      "valid": true,
      "cx": 200.21,
      "cy": 98.58,
      "area": 583,
      "det_score": 0.4455,
      "sam_score": 0.9676,
      "box": [
        185.4,
        85.5,
        216.3,
        112.0
      ],
      "repeats": [
        [
          200.2,
          98.55
        ],
        [
          200.31,
          98.73
        ],
        [
          200.34,
          98.68
        ],
        [
          200.31,
          98.54
        ],
        [
          201.45999999999998,
          98.65
        ]
      ],
      "idx": 1805,
      "mislabel": false,
      "mislabel_reason": "ok",
      "e_unet": 0.8
    },
    {
      "valid": true,
      "cx": 200.34,
      "cy": 98.66,
      "area": 588,
      "det_score": 0.447,
      "sam_score": 0.9668,
      "box": [
        185.5,
        85.6,
        216.4,
        112.2
      ],
      "repeats": [
        [
          200.27,
          98.59
        ],
        [
          200.38,
          98.74
        ],
        [
          200.37,
          98.75
        ],
        [
          200.3,
          98.57
        ],
        [
          201.51,
          98.66
        ]
      ],
      "idx": 1806,
      "mislabel": false,
      "mislabel_reason": "ok",
      "e_unet": 0.82
    },
    {
      "valid": true,
      "cx": 200.31,
      "cy": 98.98,
      "area": 596,
      "det_score": 0.4608,
      "sam_score": 0.9655,
      "box": [
        185.6,
        85.7,
        216.3,
        112.5
      ],
      "repeats": [
        [
          200.17,
          98.88
        ],
        [
          200.32,
          99.04
        ],
        [
          200.3,
          99.0
        ],
        [
          200.21,
          98.73
        ],
        [
          201.48000000000002,
          98.91
        ]
      ],
      "idx": 1807,
      "mislabel": false,
      "mislabel_reason": "ok",
      "e_unet": 0.97
    },
    {
      "valid": true,
      "cx": 200.18,
      "cy": 100.63,
      "area": 609,
      "det_score": 0.426,
      "sam_score": 0.9648,
      "box": [
        185.4,
        87.3,
        216.2,
        114.5
      ],
      "repeats": [
        [
          200.17,
          100.62
        ],
        [
          200.27,
          100.72
        ],
        [
          200.25,
          100.69
        ],
        [
          200.14,
          100.49
        ],
        [
          201.39,
          100.67
        ]
      ],
      "idx": 1808,
      "mislabel": false,
      "mislabel_reason": "ok",
      "e_unet": 1.15
    },
    {
      "valid": true,
      "cx": 200.32,
      "cy": 104.18,
      "area": 626,
      "det_score": 0.4027,
      "sam_score": 0.9674,
      "box": [
        185.4,
        90.6,
        216.2,
        118.3
      ],
      "repeats": [
        [
          200.29,
          104.1
        ],
        [
          200.34,
          104.2
        ],
        [
          200.32,
          104.09
        ],
        [
          200.3,
          104.01
        ],
        [
          201.4,
          104.13
        ]
      ],
      "idx": 1809,
      "mislabel": false,
      "mislabel_reason": "ok",
      "e_unet": 1.14
    },
    {
      "valid": true,
      "cx": 200.4,
      "cy": 104.28,
      "area": 624,
      "det_score": 0.4159,
      "sam_score": 0.9656,
      "box": [
        185.5,
        90.6,
        216.4,
        118.3
      ],
      "repeats": [
        [
          200.41,
          104.23
        ],
        [
          200.52,
          104.37
        ],
        [
          200.47,
          104.29
        ],
        [
          200.42,
          104.18
        ],
        [
          201.62,
          104.3
        ]
      ],
      "idx": 1810,
      "mislabel": false,
      "mislabel_reason": "ok",
      "e_unet": 1.02
    },
    {
      "valid": true,
      "cx": 200.57,
      "cy": 104.4,
      "area": 627,
      "det_score": 0.4302,
      "sam_score": 0.9652,
      "box": [
        185.6,
        90.5,
        216.5,
        118.5
      ],
      "repeats": [
        [
          200.52,
          104.37
        ],
        [
          200.59,
          104.42
        ],
        [
          200.57,
          104.33
        ],
        [
          200.56,
          104.3
        ],
        [
          201.67000000000002,
          104.4
        ]
      ],
      "idx": 1811,
      "mislabel": false,
      "mislabel_reason": "ok",
      "e_unet": 1.09
    },
    {
      "valid": true,
      "cx": 200.53,
      "cy": 104.51,
      "area": 632,
      "det_score": 0.4339,
      "sam_score": 0.9659,
      "box": [
        185.6,
        90.7,
        216.6,
        118.6
      ],
      "repeats": [
        [
          200.49,
          104.47
        ],
        [
          200.55,
          104.52
        ],
        [
          200.58,
          104.55
        ],
        [
          200.5,
          104.34
        ],
        [
          201.67000000000002,
          104.49
        ]
      ],
      "idx": 1812,
      "mislabel": false,
      "mislabel_reason": "ok",
      "e_unet": 1.09
    },
    {
      "valid": true,
      "cx": 200.58,
      "cy": 104.73,
      "area": 641,
      "det_score": 0.4381,
      "sam_score": 0.9657,
      "box": [
        185.7,
        90.7,
        216.8,
        118.9
      ],
      "repeats": [
        [
          200.55,
          104.65
        ],
        [
          200.65,
          104.81
        ],
        [
          200.58,
          104.69
        ],
        [
          200.53,
          104.53
        ],
        [
          201.78,
          104.66
        ]
      ],
      "idx": 1813,
      "mislabel": false,
      "mislabel_reason": "ok",
      "e_unet": 1.09
    },
    {
      "valid": true,
      "cx": 200.66,
      "cy": 104.86,
      "area": 647,
      "det_score": 0.4359,
      "sam_score": 0.9662,
      "box": [
        185.5,
        90.8,
        216.9,
        119.3
      ],
      "repeats": [
        [
          200.59,
          104.82
        ],
        [
          200.68,
          104.94
        ],
        [
          200.66,
          104.84
        ],
        [
          200.59,
          104.67
        ],
        [
          201.78,
          104.86
        ]
      ],
      "idx": 1814,
      "mislabel": false,
      "mislabel_reason": "ok",
      "e_unet": 1.08
    },
    {
      "valid": true,
      "cx": 200.43,
      "cy": 105.83,
      "area": 670,
      "det_score": 0.425,
      "sam_score": 0.9652,
      "box": [
        185.1,
        91.5,
        216.9,
        120.3
      ],
      "repeats": [
        [
          200.34,
          105.75
        ],
        [
          200.43,
          105.91
        ],
        [
          200.44,
          105.84
        ],
        [
          200.5,
          105.77
        ],
        [
          201.6,
          105.78
        ]
      ],
      "idx": 1815,
      "mislabel": false,
      "mislabel_reason": "ok",
      "e_unet": 1.19
    }
  ]
}