(36.568069, 29.794174, 0.0)
(36.619282, 29.736904, 0.0)
(36.637260, 29.693491, 0.0)
(36.664013, 29.687042, 0.0)
(36.697681, 29.663139, 0.0)
(36.975605, 29.928524, 0.0)
(36.929531, 29.995762, 0.0)
(36.908978, 29.947462, 0.0)
(36.908733, 29.943396, 0.0)
(36.959812, 29.941645, 0.0)
(36.964378, 29.928562, 0.0)
(36.984730, 29.920780, 0.0)
(36.966942, 29.904530, 0.0)
(36.925446, 30.131033, 0.0)
(36.584827, 30.195187, 0.0)
(36.513702, 29.390081, 0.0)
(36.490292, 29.332302, 0.0)
(36.502720, 29.405712, 0.0)
(36.506107, 29.425409, 0.0)
(36.832035, 29.629200, 0.0)
(36.788929, 29.631935, 0.0)
(36.781666, 29.643072, 0.0)
(36.770210, 29.679121, 0.0)
(36.741985, 29.676979, 0.0)
(36.758938, 29.667946, 0.0)
(36.737980, 29.695726, 0.0)
(36.736607, 29.694881, 0.0)
(36.751511, 29.720924, 0.0)
(36.758820, 29.731205, 0.0)
(36.790947, 29.742355, 0.0)
(36.875347, 29.744522, 0.0)
(36.918743, 29.803169, 0.0)
(36.947212, 29.860140, 0.0)
(36.946041, 29.847441, 0.0)
(36.955318, 29.843630, 0.0)
(36.955208, 29.852289, 0.0)
(36.825104, 29.826292, 0.0)
(36.793087, 29.806898, 0.0)
(36.785763, 29.811737, 0.0)
(36.823788, 29.849781, 0.0)
(36.815311, 29.857250, 0.0)
(36.799622, 29.848164, 0.0)
(36.965202, 29.891996, 0.0)
(36.957077, 29.935356, 0.0)
(36.947121, 29.941914, 0.0)
(36.943417, 29.927689, 0.0)
(36.913261, 29.925173, 0.0)
(36.895496, 29.920433, 0.0)
(36.883236, 29.922138, 0.0)
(36.729950, 29.878746, 0.0)
(36.694572, 29.925049, 0.0)
(36.640087, 29.937103, 0.0)
(36.638897, 29.944796, 0.0)
(36.640743, 29.940222, 0.0)
(36.615501, 29.937563, 0.0)
(36.619251, 29.923523, 0.0)
(36.623444, 29.921591, 0.0)
(36.629108, 29.924768, 0.0)
(36.764610, 29.980143, 0.0)
(36.743092, 29.940708, 0.0)
(36.745956, 29.937532, 0.0)
(36.766197, 29.939735, 0.0)
(36.771469, 29.942272, 0.0)
(36.783020, 29.921267, 0.0)
(36.778133, 29.909740, 0.0)
(36.783020, 29.921267, 0.0)
(36.681747, 29.970318, 0.0)
(36.696335, 29.961258, 0.0)
(36.717464, 29.989277, 0.0)
(36.711914, 29.976799, 0.0)
(36.719780, 29.972893, 0.0)
(36.686413, 29.974131, 0.0)
(36.664017, 29.977163, 0.0)
(36.886002, 29.909023, 0.0)
(36.890278, 29.882198, 0.0)
(36.899174, 29.864639, 0.0)
(36.894562, 29.855085, 0.0)
(36.869862, 29.835857, 0.0)
(36.864223, 29.839180, 0.0)
(36.866825, 29.848829, 0.0)
(36.874489, 29.849367, 0.0)
(36.876263, 29.841106, 0.0)
(36.883057, 29.846035, 0.0)
(36.900043, 29.835789, 0.0)
(36.880527, 29.838951, 0.0)
(36.897224, 29.834724, 0.0)
(36.881279, 29.851187, 0.0)
(36.696087, 29.824924, 0.0)
(36.703526, 29.816479, 0.0)
(36.706135, 29.788626, 0.0)
(36.704807, 29.785942, 0.0)
(36.678497, 29.832350, 0.0)
(36.663418, 29.849010, 0.0)
(36.802418, 29.850477, 0.0)
(36.895325, 29.900934, 0.0)
(36.890594, 29.885008, 0.0)
(36.873928, 29.910934, 0.0)
(36.889862, 29.898714, 0.0)
(36.866882, 29.901585, 0.0)
(36.874664, 29.918716, 0.0)
(36.835159, 29.904039, 0.0)
(36.853565, 29.884581, 0.0)
(36.760715, 29.887594, 0.0)
(36.675396, 29.838770, 0.0)
(36.651569, 29.831919, 0.0)
(36.642658, 29.869112, 0.0)
(36.641151, 29.888098, 0.0)
(36.664936, 29.873320, 0.0)
(36.694126, 29.860992, 0.0)
(36.724491, 29.850618, 0.0)
(36.832581, 29.857292, 0.0)
(36.849770, 29.861778, 0.0)
(36.795151, 29.868702, 0.0)
(36.771233, 29.892151, 0.0)
(36.785980, 29.879099, 0.0)
(36.794243, 29.887161, 0.0)
(36.809586, 29.881247, 0.0)
(36.632881, 29.886555, 0.0)
(36.626575, 29.849703, 0.0)
(36.630329, 29.844902, 0.0)
(36.627224, 29.845610, 0.0)
(36.598885, 29.844137, 0.0)
(36.449783, 29.659142, 0.0)
(37.025341, 31.236593, 0.0)
(36.789158, 30.613426, 0.0)
(36.818752, 29.952690, 0.0)
(36.714863, 29.770758, 0.0)
(36.703266, 29.826084, 0.0)
(36.763790, 29.810352, 0.0)
(36.730515, 29.845392, 0.0)
(36.733955, 29.850763, 0.0)
(36.721539, 29.836946, 0.0)
(36.685722, 29.837849, 0.0)
(36.714760, 29.813812, 0.0)
(36.771645, 29.929625, 0.0)
(36.732933, 29.964497, 0.0)
(36.738155, 29.922205, 0.0)
(36.758068, 29.911236, 0.0)
(36.806721, 29.867308, 0.0)
(36.839676, 29.822884, 0.0)
(36.848953, 29.826372, 0.0)
(36.765915, 29.792892, 0.0)
(36.777969, 29.772488, 0.0)
(36.756065, 29.745987, 0.0)
(36.719593, 29.792435, 0.0)
(36.629192, 29.771832, 0.0)
(36.549934, 29.832315, 0.0)
(36.579151, 29.792940, 0.0)
(36.765491, 29.781969, 0.0)
(36.762070, 29.740900, 0.0)
(36.821678, 29.748676, 0.0)
(36.833603, 29.726500, 0.0)
(36.841644, 29.732046, 0.0)
(36.834881, 29.751322, 0.0)
(36.728222, 29.825188, 0.0)
(36.723751, 29.821821, 0.0)
(36.739910, 29.816343, 0.0)
(36.694855, 29.798334, 0.0)
(36.425915, 30.082891, 0.0)
(36.579590, 31.521242, 0.0)
(36.722282, 30.399651, 0.0)
(36.707626, 29.698822, 0.0)
(36.687691, 29.662058, 0.0)
(36.716179, 29.672140, 0.0)
(36.761948, 29.698130, 0.0)
(36.812298, 29.687677, 0.0)
(36.842812, 29.719126, 0.0)
(36.809063, 29.738293, 0.0)
(36.809433, 29.733374, 0.0)
(36.819958, 29.742582, 0.0)
(36.841232, 29.702564, 0.0)
(36.838444, 29.716679, 0.0)
(36.794884, 29.713985, 0.0)
(36.926083, 29.751146, 0.0)
(36.920815, 29.754633, 0.0)
(36.922401, 29.724134, 0.0)
(36.923199, 29.727751, 0.0)
(36.930847, 29.763531, 0.0)
(36.944466, 29.720541, 0.0)
(36.922981, 29.712763, 0.0)
(36.912731, 29.654709, 0.0)
(36.921959, 29.649483, 0.0)
(36.930637, 29.682051, 0.0)
(36.952686, 29.642735, 0.0)
(38.700302, 30.528521, 0.0)
(42.111523, 32.872063, 0.0)
(44.003693, 34.742046, 0.0)
(44.538925, 35.840000, 0.0)
(44.422760, 35.955540, 0.0)
(44.371616, 35.856411, 0.0)
(44.359257, 35.804779, 0.0)
(44.358784, 35.712898, 0.0)
(44.285107, 35.642147, 0.0)
(44.252068, 35.649773, 0.0)
(44.220558, 35.605221, 0.0)
(44.188446, 35.623867, 0.0)
(44.141338, 35.606052, 0.0)
(44.120441, 35.581669, 0.0)
(44.108330, 35.576069, 0.0)
(43.054482, 34.266209, 0.0)
(42.004990, 32.260406, 0.0)
(41.860161, 32.162472, 0.0)
(41.877106, 32.172462, 0.0)
(41.860291, 32.196609, 0.0)
(41.805443, 32.173122, 0.0)
(41.818981, 32.169662, 0.0)
(41.829121, 32.177883, 0.0)
(41.835365, 32.173801, 0.0)
(41.859020, 32.187931, 0.0)
(41.850475, 32.190098, 0.0)
(41.863895, 32.200359, 0.0)
(41.877293, 32.194836, 0.0)
(41.882267, 32.202553, 0.0)
(41.871647, 32.186398, 0.0)
(41.854874, 32.198353, 0.0)
(41.852123, 32.197250, 0.0)
(41.854507, 32.196705, 0.0)
(41.851189, 32.207344, 0.0)
(41.855221, 32.196117, 0.0)
(41.853237, 32.180996, 0.0)
(41.854023, 32.167931, 0.0)
(42.828487, 31.043142, 0.0)
(43.827923, 28.527014, 0.0)
(43.790134, 27.377968, 0.0)
(43.784012, 27.318789, 0.0)
(43.825539, 27.343733, 0.0)
(43.836235, 27.306496, 0.0)
(43.838474, 27.322649, 0.0)
(43.811115, 27.280077, 0.0)
(43.800472, 27.183590, 0.0)
(43.890575, 27.128511, 0.0)
(43.885178, 27.031031, 0.0)
(43.857597, 27.000929, 0.0)
(43.809692, 26.973965, 0.0)
(43.848034, 26.987982, 0.0)
(43.861576, 26.943130, 0.0)
(43.916904, 26.910751, 0.0)
(43.956833, 26.923254, 0.0)
(43.945011, 26.889240, 0.0)
(43.935913, 26.843336, 0.0)
(43.927582, 26.852945, 0.0)
(43.878632, 26.842741, 0.0)
(43.879570, 26.879848, 0.0)
(43.867474, 26.872046, 0.0)
(43.881573, 26.866793, 0.0)
(43.843105, 26.827839, 0.0)
(43.867985, 26.853148, 0.0)
(43.807766, 26.803812, 0.0)
(43.817539, 26.858196, 0.0)
(43.806732, 26.859095, 0.0)
(43.780594, 26.857611, 0.0)
(43.774689, 26.898199, 0.0)
(43.722664, 26.851175, 0.0)
(43.728207, 26.886028, 0.0)
(43.710308, 26.886232, 0.0)
(43.730717, 26.865580, 0.0)
(43.716236, 26.866821, 0.0)
(41.764362, 25.964808, 0.0)
(37.316532, 25.273098, 0.0)
(33.686501, 26.984329, 0.0)
(31.027369, 31.145262, 0.0)
(29.407295, 34.922817, 0.0)
(28.935707, 36.063469, 0.0)
(29.109283, 36.137558, 0.0)
(28.603138, 36.180042, 0.0)
(28.900806, 36.127483, 0.0)
(28.380222, 36.783600, 0.0)
(27.970837, 37.232548, 0.0)
(28.051443, 37.207588, 0.0)
(27.912727, 37.262272, 0.0)
(27.880211, 37.252640, 0.0)
(27.898506, 37.221760, 0.0)
(27.828653, 37.202332, 0.0)
(27.873268, 37.154716, 0.0)
(27.802305, 37.173405, 0.0)
(27.772648, 37.162651, 0.0)
(27.803152, 37.135406, 0.0)
(27.740284, 37.148808, 0.0)
(27.740543, 37.113655, 0.0)
(27.752741, 37.113773, 0.0)
(27.700203, 37.148979, 0.0)
(27.670485, 37.119080, 0.0)
(27.672295, 37.104225, 0.0)
(27.662142, 37.089039, 0.0)
(27.652607, 37.076859, 0.0)
(27.715639, 37.050125, 0.0)
(27.631575, 37.031273, 0.0)
(27.677477, 36.968063, 0.0)
(27.621660, 36.971909, 0.0)
(27.646311, 36.970654, 0.0)
(27.683006, 36.973755, 0.0)
(27.584398, 36.976482, 0.0)
(27.676855, 36.959015, 0.0)
(27.644705, 36.895672, 0.0)
(27.665321, 36.889057, 0.0)
(27.895105, 35.344700, 0.0)
(27.947607, 30.511658, 0.0)
(27.453535, 28.306805, 0.0)
(27.316662, 28.189653, 0.0)
(27.244757, 28.258810, 0.0)
(27.163137, 28.222822, 0.0)
(27.147863, 28.144957, 0.0)
(27.152151, 28.055006, 0.0)
(27.160618, 28.042723, 0.0)
(27.175953, 27.998524, 0.0)
(27.172070, 27.920429, 0.0)
(26.342142, 27.467400, 0.0)
(26.191301, 27.371904, 0.0)
(26.581434, 27.498039, 0.0)
(26.543194, 27.542301, 0.0)
(26.481039, 27.568357, 0.0)
(26.441450, 27.590714, 0.0)
(26.424198, 27.584246, 0.0)
(26.417456, 27.576565, 0.0)
(26.430429, 27.516220, 0.0)
(26.390505, 27.505814, 0.0)
(26.390505, 27.505814, 0.0)
(26.390505, 27.505814, 0.0)
(26.385666, 27.510757, 0.0)
(26.365089, 27.528362, 0.0)
(26.364950, 27.508755, 0.0)
(26.365166, 27.497952, 0.0)
(26.366463, 27.509007, 0.0)
(26.369293, 27.467817, 0.0)
(26.367216, 27.484301, 0.0)
(26.372057, 27.471535, 0.0)
(26.386782, 27.440340, 0.0)
(26.363380, 27.454233, 0.0)
(26.394556, 27.423626, 0.0)
(26.380451, 27.442425, 0.0)
(26.327784, 27.489174, 0.0)
(26.773207, 27.371492, 0.0)
(31.283047, 27.050070, 0.0)
(34.857346, 28.205507, 0.0)
(36.637772, 29.988510, 0.0)
(36.748646, 30.288143, 0.0)
(36.782413, 30.309858, 0.0)
(36.854614, 30.249239, 0.0)
(36.859512, 30.171572, 0.0)
(36.720200, 29.970839, 0.0)
(36.351612, 31.449831, 0.0)
(36.668671, 30.039480, 0.0)
(36.549007, 29.669596, 0.0)
(36.601913, 29.736252, 0.0)
(36.644501, 29.805178, 0.0)
(36.661800, 29.851587, 0.0)
(36.694324, 29.856859, 0.0)
(36.694721, 29.878361, 0.0)
(36.688068, 29.859285, 0.0)
(36.663120, 29.844967, 0.0)
(36.671970, 29.866575, 0.0)
(36.687843, 29.906467, 0.0)
(36.722980, 29.918371, 0.0)
(36.726303, 29.917982, 0.0)
(36.735462, 29.927492, 0.0)
(36.715042, 29.944494, 0.0)
(36.678719, 29.937193, 0.0)
(36.692623, 29.964849, 0.0)
(36.700890, 29.945150, 0.0)
(36.725616, 29.912376, 0.0)
(36.722656, 29.904984, 0.0)
(36.715054, 29.913378, 0.0)
(36.706272, 29.896608, 0.0)
(36.692696, 29.900082, 0.0)
(36.670414, 29.914799, 0.0)
(36.672787, 29.971266, 0.0)
(36.671097, 29.982712, 0.0)
(34.021572, 30.259743, 0.0)
(29.904390, 31.718075, 0.0)
(27.664715, 33.041630, 0.0)
(27.242584, 33.260796, 0.0)
(27.115950, 33.304615, 0.0)
(27.073650, 33.285770, 0.0)
(27.080172, 33.304081, 0.0)
(27.019438, 33.301060, 0.0)
(26.992800, 33.278004, 0.0)
(26.990677, 33.282532, 0.0)
(26.931707, 33.282890, 0.0)
(26.907892, 33.279942, 0.0)
(26.919901, 33.233112, 0.0)
(26.910191, 33.205978, 0.0)
(26.908638, 33.196827, 0.0)
(26.887310, 33.183884, 0.0)
(26.884365, 33.176231, 0.0)
(26.919329, 33.157768, 0.0)
(28.483505, 32.394119, 0.0)
(28.582430, 32.347698, 0.0)
(28.571072, 32.348740, 0.0)
(28.580732, 32.315128, 0.0)
(28.578602, 32.328289, 0.0)
(28.550354, 32.338306, 0.0)
(28.557644, 32.346943, 0.0)
(28.560827, 32.356113, 0.0)
(28.566109, 32.340664, 0.0)
(28.557772, 32.304928, 0.0)
(28.554762, 32.306484, 0.0)
(28.543961, 32.298439, 0.0)
(28.573538, 32.281586, 0.0)
(28.533779, 32.293991, 0.0)
(28.531700, 32.278927, 0.0)
(28.544733, 32.264919, 0.0)
(28.537394, 32.234573, 0.0)
(28.529652, 32.238228, 0.0)
(28.541397, 32.250893, 0.0)
(28.524786, 32.276237, 0.0)
(28.213707, 33.506561, 0.0)
(28.091131, 36.622223, 0.0)
(28.613817, 37.770451, 0.0)
(28.593613, 37.866707, 0.0)
(28.550697, 37.845089, 0.0)
(28.500832, 37.862343, 0.0)
(28.458004, 37.910942, 0.0)
(28.584776, 37.846268, 0.0)
(28.940968, 37.552795, 0.0)
(28.987686, 37.544785, 0.0)
(28.958588, 37.524563, 0.0)
(28.940098, 37.491768, 0.0)
(28.600353, 37.092953, 0.0)
(28.275499, 36.491123, 0.0)
(28.508482, 36.564602, 0.0)
(28.868668, 36.268017, 0.0)
(28.727304, 36.298191, 0.0)
(28.715351, 36.437347, 0.0)
(28.750927, 36.478271, 0.0)
(28.749004, 36.458065, 0.0)
(28.746592, 36.456371, 0.0)
(28.782480, 36.443787, 0.0)
(28.765421, 36.465443, 0.0)
(28.774841, 36.485893, 0.0)
(28.789560, 36.483501, 0.0)
(28.779783, 36.470146, 0.0)
(28.773748, 36.448826, 0.0)
(28.793352, 36.446796, 0.0)
(28.816483, 36.447151, 0.0)
(28.825169, 36.437992, 0.0)
(28.825090, 36.394997, 0.0)
(28.827553, 36.388462, 0.0)
(28.810061, 36.380241, 0.0)
(28.829576, 36.351448, 0.0)
(28.838751, 36.334602, 0.0)
(28.827829, 36.336742, 0.0)
(28.825277, 36.302109, 0.0)
(28.994980, 35.882885, 0.0)
(29.902338, 31.901262, 0.0)
(30.201870, 29.795679, 0.0)
(30.178082, 29.737345, 0.0)
(30.139441, 29.755495, 0.0)
(30.115881, 29.706444, 0.0)
(30.105192, 29.712143, 0.0)
(30.043779, 29.696386, 0.0)
(29.765549, 29.894520, 0.0)
(29.701490, 29.874603, 0.0)
(29.685904, 29.901321, 0.0)
(29.693684, 29.863289, 0.0)
(29.693453, 29.811586, 0.0)
(29.670166, 29.832653, 0.0)
(29.674404, 29.815222, 0.0)
(30.441456, 29.646610, 0.0)
(30.496161, 29.629505, 0.0)
(30.525053, 29.632669, 0.0)
(30.534382, 29.626902, 0.0)
(30.562590, 29.615509, 0.0)
(30.288589, 29.723484, 0.0)
(30.186230, 29.762297, 0.0)
(30.196770, 29.757019, 0.0)
(30.172997, 29.775171, 0.0)
(30.168016, 29.784925, 0.0)
(30.171488, 29.786476, 0.0)
(30.185860, 29.761711, 0.0)
(30.169197, 29.752178, 0.0)
(30.150064, 29.742945, 0.0)
(30.153315, 29.739180, 0.0)
(30.163149, 29.737553, 0.0)
(30.153683, 29.735781, 0.0)
(30.171837, 29.735214, 0.0)
(30.160448, 29.759830, 0.0)
(30.156412, 29.752583, 0.0)
(30.159569, 29.754583, 0.0)
(30.148003, 29.761106, 0.0)
(30.204826, 29.768333, 0.0)
(32.818237, 28.618565, 0.0)
(36.746300, 27.072371, 0.0)
(39.319866, 26.872255, 0.0)
(39.554638, 26.809620, 0.0)
(39.598064, 26.765806, 0.0)
(39.669685, 26.741652, 0.0)
(39.744484, 26.651094, 0.0)
(39.796574, 26.589098, 0.0)
(39.843712, 26.561247, 0.0)
(40.127472, 26.500000, 0.0)
(40.207577, 26.465549, 0.0)
(40.179462, 26.424215, 0.0)
(40.170197, 26.354282, 0.0)
(40.191265, 26.339918, 0.0)
(40.225727, 26.349413, 0.0)
(40.231617, 26.282566, 0.0)
(40.241302, 26.228252, 0.0)
(40.288776, 26.178375, 0.0)
(40.286793, 26.106508, 0.0)
(40.288269, 26.102104, 0.0)
(40.292175, 26.098476, 0.0)
(40.298882, 26.082336, 0.0)
(40.452217, 26.138119, 0.0)
(41.008465, 26.559752, 0.0)
(41.035053, 26.612457, 0.0)
(41.033306, 26.521030, 0.0)
(40.999409, 26.488541, 0.0)
(40.991081, 26.517200, 0.0)
(40.972263, 26.509592, 0.0)
(40.980602, 26.517370, 0.0)
(40.983261, 26.532698, 0.0)
(40.947021, 26.569044, 0.0)
(40.924068, 26.592402, 0.0)
(40.909298, 26.565062, 0.0)
(40.922161, 26.617178, 0.0)
(40.913475, 26.634283, 0.0)
(40.918308, 26.634172, 0.0)
(40.908382, 26.641136, 0.0)
(36.808575, 25.549427, 0.0)
(32.449261, 25.407045, 0.0)
(30.203373, 25.703552, 0.0)
(30.246782, 25.948967, 0.0)
(30.231791, 26.012234, 0.0)
(30.200256, 25.960558, 0.0)
(30.154064, 25.942858, 0.0)
(30.135813, 25.925779, 0.0)
(30.085281, 25.925083, 0.0)
(29.566114, 25.746950, 0.0)
(29.337173, 25.253189, 0.0)
(29.380533, 25.398184, 0.0)
(29.465641, 25.430738, 0.0)
(29.480257, 25.661798, 0.0)
(29.487770, 25.833611, 0.0)
(29.493582, 25.891483, 0.0)
(29.490023, 25.939800, 0.0)
(29.479670, 25.938328, 0.0)
(29.448675, 25.973475, 0.0)
(29.435198, 25.987038, 0.0)
(29.427324, 25.996098, 0.0)
(29.407034, 26.013578, 0.0)
(29.428352, 25.994333, 0.0)
(29.418112, 25.970695, 0.0)
(29.411518, 25.983070, 0.0)
(29.414600, 25.990294, 0.0)
(29.420341, 25.961601, 0.0)
(29.432259, 25.955210, 0.0)
(29.433275, 25.952412, 0.0)
(29.428175, 25.950420, 0.0)
(29.421068, 25.935118, 0.0)
(29.387857, 25.941727, 0.0)
(29.385124, 25.948204, 0.0)
(29.383980, 25.936577, 0.0)
(29.383499, 25.954126, 0.0)
(29.383499, 25.954126, 0.0)
(29.448647, 25.951807, 0.0)
(33.849339, 26.306890, 0.0)
(38.454815, 27.825891, 0.0)
(41.548634, 30.495619, 0.0)
(43.249966, 32.733719, 0.0)
(43.743786, 34.322071, 0.0)
(43.535992, 35.049149, 0.0)
(43.473461, 35.042721, 0.0)
(43.473789, 34.995945, 0.0)
(43.447617, 34.982719, 0.0)
(43.397484, 34.966877, 0.0)
(43.393154, 34.908401, 0.0)
(43.335789, 34.893112, 0.0)
(43.321785, 34.855293, 0.0)
(43.295044, 34.808949, 0.0)
(43.242168, 34.794544, 0.0)
(43.207127, 34.783241, 0.0)
(43.170868, 34.767826, 0.0)
(43.162567, 34.803417, 0.0)
(43.122757, 34.760986, 0.0)
(43.118126, 34.749222, 0.0)
(43.105251, 34.711040, 0.0)
(43.093857, 34.697052, 0.0)
(43.098537, 34.697525, 0.0)
(43.070175, 34.663609, 0.0)
(43.032261, 34.672626, 0.0)
(43.047443, 34.658257, 0.0)
(43.035591, 34.628693, 0.0)
(43.015331, 34.622742, 0.0)
(42.987835, 34.628201, 0.0)
(42.974293, 34.660038, 0.0)
(42.997749, 34.654575, 0.0)
(42.998142, 34.650269, 0.0)
(43.005901, 34.668537, 0.0)
(42.995106, 34.668102, 0.0)
(42.994175, 34.679668, 0.0)
(42.997913, 34.665821, 0.0)
(42.977005, 34.660732, 0.0)
(42.974873, 34.621677, 0.0)
(42.934502, 34.496033, 0.0)
(42.209446, 32.960030, 0.0)
(42.212933, 32.901363, 0.0)
(42.262611, 32.817398, 0.0)
(42.273010, 32.807484, 0.0)
(42.120327, 32.773003, 0.0)
(41.839890, 33.352211, 0.0)
(42.287643, 33.111752, 0.0)
(41.959091, 32.091896, 0.0)
(42.028805, 32.084370, 0.0)
(42.070572, 32.109299, 0.0)
(42.117374, 32.171898, 0.0)
(42.125622, 32.189201, 0.0)
(42.167969, 32.206806, 0.0)
(42.168697, 32.207272, 0.0)
(42.152779, 32.239292, 0.0)
(42.019928, 32.127266, 0.0)
(41.674255, 31.883778, 0.0)
(41.659626, 31.836994, 0.0)
(41.713379, 31.782681, 0.0)
(41.807758, 31.746868, 0.0)
(41.865208, 31.670712, 0.0)
(41.902054, 31.610064, 0.0)
(41.917435, 31.580273, 0.0)
(41.920086, 31.550396, 0.0)
(41.916828, 31.585758, 0.0)
(41.900890, 31.607859, 0.0)
(41.896088, 31.612316, 0.0)
(41.893394, 31.608734, 0.0)
(41.891384, 31.598568, 0.0)
(41.895821, 31.596651, 0.0)
(41.895687, 31.582531, 0.0)
(41.897671, 31.561769, 0.0)
(41.879341, 31.555042, 0.0)
(41.852570, 31.552635, 0.0)
(41.844574, 31.549225, 0.0)
(39.509064, 30.303211, 0.0)
(35.618759, 28.528849, 0.0)
(34.574486, 28.253771, 0.0)
(34.403950, 28.196159, 0.0)
(34.390965, 28.191767, 0.0)
(34.348999, 28.157232, 0.0)
(34.326706, 28.133070, 0.0)
(34.310528, 28.131344, 0.0)
(34.080986, 28.057707, 0.0)
(33.143852, 29.207512, 0.0)
(33.923817, 27.525702, 0.0)
(33.950172, 27.531246, 0.0)
(34.047974, 27.608751, 0.0)
(34.084949, 27.680470, 0.0)
(34.099754, 27.702993, 0.0)
(34.107468, 27.726171, 0.0)
(33.902943, 27.804293, 0.0)
(33.760052, 27.845129, 0.0)
(33.750477, 27.856964, 0.0)
(33.715515, 27.893574, 0.0)
(33.725147, 27.912289, 0.0)
(33.725868, 27.952070, 0.0)
(33.731861, 27.936071, 0.0)
(33.733257, 27.950197, 0.0)
(33.735794, 27.949289, 0.0)
(33.743359, 27.898506, 0.0)
(33.763702, 27.900253, 0.0)
(33.764744, 27.866083, 0.0)
(33.779392, 27.837423, 0.0)
(33.776497, 27.869780, 0.0)
(33.787880, 27.862057, 0.0)
(33.783890, 27.860739, 0.0)
(33.760872, 27.851788, 0.0)
(33.759823, 27.824028, 0.0)
(33.766926, 27.856697, 0.0)
(33.532005, 27.957100, 0.0)
(30.888128, 30.742317, 0.0)
(29.730318, 32.335331, 0.0)
(29.798954, 32.546551, 0.0)
(29.791138, 32.509598, 0.0)
(29.750935, 32.484478, 0.0)
(29.730396, 32.489407, 0.0)
(29.682693, 32.496696, 0.0)
(29.647308, 32.520836, 0.0)
(29.683352, 32.484699, 0.0)
(30.183109, 32.344788, 0.0)
(30.163517, 32.375904, 0.0)
(30.107588, 32.364590, 0.0)
(30.107620, 32.360558, 0.0)
(30.078171, 32.364807, 0.0)
(30.064455, 32.356506, 0.0)
(30.064445, 32.373447, 0.0)
(30.070841, 32.373569, 0.0)
(30.088160, 32.361691, 0.0)
(30.100248, 32.364780, 0.0)
(30.222971, 32.279572, 0.0)
(30.342163, 32.172661, 0.0)
(30.367926, 32.111744, 0.0)
(30.404722, 32.088772, 0.0)
(30.379049, 32.071075, 0.0)
(30.376904, 32.068047, 0.0)
(30.394688, 32.053146, 0.0)
(30.396219, 32.045376, 0.0)
(30.398815, 32.028275, 0.0)
(30.367151, 32.031456, 0.0)
(30.330446, 32.060616, 0.0)
(30.305967, 32.068405, 0.0)
(30.328978, 32.055084, 0.0)
(30.308308, 32.060188, 0.0)
(30.339346, 32.054123, 0.0)
(30.316597, 32.072296, 0.0)
(30.278660, 32.103386, 0.0)
(30.267729, 32.092831, 0.0)
(30.803139, 31.814634, 0.0)
(35.263336, 29.810089, 0.0)
(37.830753, 29.127214, 0.0)
(37.946629, 29.132698, 0.0)
(37.969631, 29.102219, 0.0)
(38.014065, 29.068556, 0.0)
(37.955910, 29.028400, 0.0)
(38.379292, 29.777941, 0.0)
(38.761826, 28.547493, 0.0)
(38.752026, 28.460806, 0.0)
(38.894714, 28.510134, 0.0)
(38.959858, 28.488350, 0.0)
(38.975582, 28.519938, 0.0)
(38.977062, 28.524998, 0.0)
(38.749794, 28.664991, 0.0)
(38.751099, 28.744070, 0.0)
(38.738361, 28.770281, 0.0)
(38.674080, 28.759752, 0.0)
(38.656364, 28.762861, 0.0)
(38.650425, 28.793755, 0.0)
(38.661751, 28.779415, 0.0)
(38.653339, 28.759453, 0.0)
(38.664639, 28.770067, 0.0)
(38.642666, 28.781246, 0.0)
(38.654747, 28.803541, 0.0)
(38.648186, 28.817924, 0.0)
(38.649200, 28.828390, 0.0)
(38.688396, 28.827763, 0.0)
(38.674217, 28.787504, 0.0)
(38.649662, 28.814592, 0.0)
(38.633289, 28.805109, 0.0)
(38.654854, 28.782646, 0.0)
(38.624500, 28.802866, 0.0)
(38.613785, 28.793989, 0.0)
(38.604153, 28.803772, 0.0)
(38.589626, 28.815481, 0.0)
(38.528915, 28.728466, 0.0)
(36.062687, 26.211107, 0.0)
(34.658054, 25.232145, 0.0)
(34.506653, 25.204529, 0.0)
(34.432667, 25.193281, 0.0)
(34.402016, 25.183378, 0.0)
(33.888214, 24.951115, 0.0)
(33.819725, 24.875711, 0.0)
(33.773335, 24.788090, 0.0)
(33.789612, 24.772028, 0.0)
(33.756893, 24.729164, 0.0)
(33.734634, 24.731884, 0.0)
(33.737328, 24.717867, 0.0)
(33.714462, 24.686848, 0.0)
(33.712200, 24.705534, 0.0)
(33.728931, 24.703617, 0.0)
(33.750999, 24.668047, 0.0)
(33.793716, 24.631266, 0.0)
(33.793335, 24.632746, 0.0)
(33.800198, 24.624708, 0.0)
(33.805355, 24.640503, 0.0)
(33.796661, 24.631628, 0.0)
(33.801960, 24.640678, 0.0)
(33.790939, 24.681471, 0.0)
(33.808506, 24.701807, 0.0)
(33.772423, 24.714193, 0.0)
(33.746246, 24.741272, 0.0)
(33.739384, 24.709806, 0.0)
(33.720947, 24.709814, 0.0)
(33.724731, 24.769423, 0.0)
(33.705887, 24.783598, 0.0)
(33.674896, 24.818100, 0.0)
(33.672596, 24.821621, 0.0)
(33.671459, 24.809767, 0.0)
(33.676086, 24.830425, 0.0)
(33.663700, 24.826900, 0.0)
(33.653980, 24.846298, 0.0)
(32.298775, 25.672012, 0.0)
(28.957134, 28.874334, 0.0)
(27.244726, 31.529434, 0.0)
(27.170809, 32.011154, 0.0)
(27.140459, 32.006050, 0.0)
(27.076012, 32.036156, 0.0)
(27.049084, 32.022900, 0.0)
(26.787659, 32.370342, 0.0)
(26.634453, 32.479778, 0.0)
(26.616854, 32.458019, 0.0)
(26.598949, 32.492661, 0.0)
(26.582766, 32.478806, 0.0)
(26.494869, 32.107296, 0.0)
(26.787975, 31.676464, 0.0)
(27.029495, 32.029564, 0.0)
(27.042679, 32.117977, 0.0)
(27.040403, 32.123077, 0.0)
(27.040052, 32.175869, 0.0)
(27.035952, 32.231636, 0.0)
(26.997114, 32.196983, 0.0)
(26.988516, 32.207664, 0.0)
(26.983839, 32.231846, 0.0)
(27.001232, 32.234623, 0.0)
(27.009815, 32.222980, 0.0)
(27.020756, 32.224541, 0.0)
(27.012087, 32.187134, 0.0)
(27.004126, 32.145103, 0.0)
(27.010101, 32.125404, 0.0)
(27.017046, 32.109039, 0.0)
(27.013170, 32.116383, 0.0)
(27.022114, 32.101887, 0.0)
(27.046179, 32.082142, 0.0)
(27.070511, 32.062424, 0.0)
(27.071125, 32.027531, 0.0)
(27.072893, 32.023144, 0.0)
(27.091152, 32.008232, 0.0)
(27.081375, 32.028782, 0.0)
(27.034857, 32.040340, 0.0)
(27.430346, 31.967785, 0.0)
(31.418417, 33.017826, 0.0)
(34.102180, 34.817371, 0.0)
(34.702843, 35.550392, 0.0)
(34.689312, 35.543365, 0.0)
(34.640945, 35.501270, 0.0)
(34.611069, 35.454426, 0.0)
(34.572849, 35.418358, 0.0)
(34.400623, 35.437790, 0.0)
(34.071022, 35.359669, 0.0)
(33.964447, 35.315094, 0.0)
(33.933491, 35.326683, 0.0)
(33.899879, 35.285618, 0.0)
(33.893234, 35.232704, 0.0)
(33.880943, 35.251022, 0.0)
(33.883091, 35.205399, 0.0)
(34.125984, 34.904129, 0.0)
(34.501572, 33.733055, 0.0)
(34.469498, 33.706429, 0.0)
(34.464520, 33.648994, 0.0)
(34.463257, 33.657822, 0.0)
(34.470219, 33.632137, 0.0)
(34.479397, 33.631279, 0.0)
(34.477314, 33.639286, 0.0)
(34.473583, 33.641026, 0.0)
(34.476604, 33.626610, 0.0)
(34.502670, 33.628471, 0.0)
(34.477314, 33.613400, 0.0)
(34.481197, 33.623665, 0.0)
(34.488640, 33.632462, 0.0)
(34.472134, 33.620533, 0.0)
(34.476055, 33.614407, 0.0)
(34.475243, 33.622307, 0.0)
(34.481766, 33.594696, 0.0)
(34.462753, 33.604359, 0.0)
(34.382595, 33.617229, 0.0)
(34.393764, 33.565422, 0.0)
(34.467388, 33.538792, 0.0)
(34.488052, 33.484886, 0.0)
(35.424747, 32.749008, 0.0)
(36.700455, 31.294590, 0.0)
(36.747772, 31.169592, 0.0)
(36.777939, 31.127142, 0.0)
(36.804317, 31.095087, 0.0)
(36.800232, 31.052124, 0.0)
(36.802006, 31.073957, 0.0)
(36.801773, 31.084009, 0.0)
(36.568691, 31.138336, 0.0)
(36.629539, 31.167643, 0.0)
(36.647945, 31.115170, 0.0)
(36.668442, 31.095459, 0.0)
(36.702042, 31.087410, 0.0)
(36.702534, 31.066898, 0.0)
(36.719509, 31.058939, 0.0)
(36.717293, 31.062365, 0.0)
(36.728535, 31.047274, 0.0)
(36.723846, 31.024668, 0.0)
(36.753216, 31.013166, 0.0)
(36.788651, 30.373411, 0.0)
(36.780342, 30.347406, 0.0)
(36.775818, 30.345654, 0.0)
(36.735378, 30.362452, 0.0)
(36.737751, 30.344521, 0.0)
(36.715336, 30.344723, 0.0)
(36.697746, 30.352966, 0.0)
(36.704826, 30.368351, 0.0)
(36.671551, 30.384630, 0.0)
(36.666153, 30.366800, 0.0)
(36.693443, 30.387001, 0.0)
(36.631992, 30.372585, 0.0)
(36.629372, 30.379545, 0.0)
(36.619038, 30.395933, 0.0)
(36.600937, 30.393881, 0.0)
(36.590599, 30.390028, 0.0)
(36.560017, 30.434254, 0.0)
(35.467819, 30.396885, 0.0)
(30.946672, 30.208920, 0.0)
(28.474092, 30.706524, 0.0)
(28.296173, 30.734554, 0.0)
(28.241276, 30.764778, 0.0)
(28.210131, 30.753199, 0.0)
(28.180826, 30.753540, 0.0)
(28.161383, 30.764009, 0.0)
(28.156605, 30.757448, 0.0)
(28.141804, 30.763376, 0.0)
(28.075216, 30.693703, 0.0)
(27.482727, 30.201769, 0.0)
(28.073832, 29.849474, 0.0)
(28.262711, 30.023663, 0.0)
(28.293585, 30.082119, 0.0)
(28.294744, 30.157242, 0.0)
(28.312456, 30.181751, 0.0)
(28.280901, 30.205564, 0.0)
(28.304224, 30.245548, 0.0)
(28.316092, 30.256277, 0.0)
(28.289381, 30.266991, 0.0)
(28.280050, 30.309704, 0.0)
(28.272633, 30.323261, 0.0)
(28.271051, 30.319105, 0.0)
(28.299103, 30.300192, 0.0)
(28.320625, 30.339081, 0.0)
(28.307352, 30.350687, 0.0)
(28.292023, 30.327076, 0.0)
(28.290043, 30.321409, 0.0)
(28.292023, 30.327076, 0.0)
(28.278233, 30.354568, 0.0)
(28.276196, 30.339861, 0.0)
(28.249899, 30.310219, 0.0)
(28.243464, 30.327305, 0.0)
(28.253511, 30.297119, 0.0)
(28.242249, 30.286959, 0.0)
(28.225964, 30.274248, 0.0)
(28.222519, 30.273649, 0.0)
(31.382963, 28.183372, 0.0)
(35.623657, 25.508213, 0.0)
(38.422173, 25.401613, 0.0)
(38.756577, 25.471266, 0.0)
(38.877724, 25.438660, 0.0)
(38.964863, 25.409340, 0.0)
(39.040558, 25.362827, 0.0)
(39.056213, 25.335674, 0.0)
(39.554714, 25.387230, 0.0)
(39.868549, 25.502199, 0.0)
(39.888386, 25.462589, 0.0)
(39.916370, 25.414076, 0.0)
(39.890999, 25.391758, 0.0)
(39.924965, 25.408998, 0.0)
(39.620197, 25.231352, 0.0)
(39.670475, 25.232939, 0.0)
(39.740921, 25.224695, 0.0)
(39.751522, 25.189087, 0.0)
(39.800205, 25.175806, 0.0)
(39.824123, 25.184744, 0.0)
(39.811672, 25.173012, 0.0)
(39.862858, 25.174505, 0.0)
(40.098034, 25.200527, 0.0)
(40.098034, 25.200527, 0.0)
(40.103218, 25.184572, 0.0)
(40.096283, 25.185095, 0.0)
(40.094315, 25.190439, 0.0)
(40.070526, 25.184702, 0.0)
(40.065952, 25.207903, 0.0)
(40.065540, 25.224432, 0.0)
(40.048199, 25.246399, 0.0)
(40.029099, 25.243944, 0.0)
(40.029755, 25.260983, 0.0)
(40.039921, 25.250399, 0.0)
(40.039803, 25.267509, 0.0)
(39.991562, 25.250834, 0.0)
(39.969208, 25.243988, 0.0)
(39.401035, 25.307182, 0.0)
(35.204536, 26.760439, 0.0)
(32.624577, 29.079720, 0.0)
(32.809723, 30.540577, 0.0)
(32.821609, 30.653894, 0.0)
(32.757690, 30.657621, 0.0)
(32.701920, 30.671986, 0.0)
(32.663670, 30.686800, 0.0)
(32.650402, 30.714827, 0.0)
(32.612328, 30.747025, 0.0)
(32.248531, 30.767784, 0.0)
(32.200077, 30.772053, 0.0)
(32.218010, 30.723532, 0.0)
(32.236156, 30.731802, 0.0)
(32.205414, 30.728260, 0.0)
(32.202507, 30.750689, 0.0)
(32.210323, 30.742054, 0.0)
(32.197380, 30.760363, 0.0)
(32.221241, 30.751131, 0.0)
(32.227245, 30.734406, 0.0)
(32.200970, 30.730442, 0.0)
(32.220932, 30.750031, 0.0)
(32.237114, 30.713547, 0.0)
(32.230629, 30.724939, 0.0)
(32.234852, 30.712252, 0.0)
(32.209450, 30.715979, 0.0)
(32.209183, 30.710165, 0.0)
(32.219784, 30.714251, 0.0)
(32.204552, 30.696327, 0.0)
(32.202015, 30.687641, 0.0)
(32.199818, 30.703096, 0.0)
(32.183140, 30.703968, 0.0)
(32.178482, 30.691769, 0.0)
(32.181171, 30.690994, 0.0)
(32.201912, 30.704510, 0.0)
(32.183983, 30.685165, 0.0)
(32.191261, 30.670351, 0.0)
(32.182991, 30.683670, 0.0)
(32.181984, 30.666689, 0.0)
(32.175392, 30.669388, 0.0)
(35.162811, 31.155128, 0.0)
(38.083817, 31.242308, 0.0)
(39.157921, 30.190199, 0.0)
(39.154205, 30.111025, 0.0)
(39.149048, 30.050611, 0.0)
(39.750198, 28.929491, 0.0)
(39.846832, 26.909359, 0.0)
(39.795898, 26.917767, 0.0)
(39.766502, 26.908430, 0.0)
(39.764942, 26.920435, 0.0)
(39.770325, 26.908609, 0.0)
(39.820225, 26.878653, 0.0)
(40.376793, 27.215954, 0.0)
(40.372440, 27.158707, 0.0)
(40.388119, 27.188541, 0.0)
(40.419872, 27.140245, 0.0)
(40.439308, 27.121929, 0.0)
(40.454689, 27.094643, 0.0)
(40.452438, 27.096123, 0.0)
(40.456955, 27.072401, 0.0)
(40.478737, 27.090200, 0.0)
(40.463226, 27.043501, 0.0)
(40.504665, 27.024708, 0.0)
(40.506256, 27.055519, 0.0)
(40.461933, 27.012091, 0.0)
(40.473293, 27.079481, 0.0)
(40.463943, 27.134426, 0.0)
(40.475574, 27.109711, 0.0)
(40.468983, 27.133511, 0.0)
(40.468838, 27.149294, 0.0)
(40.445877, 27.147772, 0.0)
(40.458012, 27.191351, 0.0)
(40.425842, 27.179306, 0.0)
(40.403980, 27.206409, 0.0)
(40.388329, 27.199789, 0.0)
(40.386944, 27.194078, 0.0)
(41.131813, 28.067785, 0.0)
(42.608360, 30.961514, 0.0)
(42.994659, 33.015774, 0.0)
(43.040535, 34.414112, 0.0)
(42.831337, 34.789871, 0.0)
(42.818077, 34.788467, 0.0)
(42.803566, 34.794926, 0.0)
(42.780727, 34.753681, 0.0)
(42.769058, 34.719944, 0.0)
(42.742279, 34.685116, 0.0)
(42.739330, 34.696976, 0.0)
(42.303963, 34.358227, 0.0)
(42.196468, 34.024933, 0.0)
(42.167343, 33.977951, 0.0)
(42.122551, 33.983597, 0.0)
(42.117943, 34.015251, 0.0)
(42.113369, 34.012562, 0.0)
(42.094822, 34.027130, 0.0)
(39.764759, 32.892208, 0.0)
(36.832779, 31.795940, 0.0)
(36.312008, 31.781364, 0.0)
(36.290878, 31.763073, 0.0)
(36.261726, 31.808929, 0.0)
(36.249371, 31.799847, 0.0)
(36.282024, 31.805189, 0.0)
(36.220638, 31.778217, 0.0)
(36.136257, 31.765896, 0.0)
(36.153374, 31.756052, 0.0)
(36.195942, 31.760487, 0.0)
(36.243874, 31.706604, 0.0)
(36.442493, 31.545101, 0.0)
(36.535168, 31.493462, 0.0)
(36.534260, 31.473068, 0.0)
(36.584049, 31.438021, 0.0)
(36.559597, 31.443457, 0.0)
(36.551720, 31.439974, 0.0)
(36.528332, 31.443466, 0.0)
(36.448700, 31.438564, 0.0)
(36.435863, 31.449654, 0.0)
(37.109898, 30.936525, 0.0)
(40.146690, 27.902941, 0.0)
(41.536949, 27.131903, 0.0)
(41.588646, 27.019110, 0.0)
(41.581131, 27.004107, 0.0)
(41.588913, 27.008469, 0.0)
(41.580254, 26.957455, 0.0)
(41.554947, 26.951580, 0.0)
(41.677700, 26.927109, 0.0)
(41.881531, 26.805025, 0.0)
(41.888813, 26.738157, 0.0)
(41.889389, 26.737602, 0.0)
(41.861614, 26.656948, 0.0)
(41.853508, 26.599480, 0.0)
(41.832821, 26.574696, 0.0)
(41.822887, 26.591722, 0.0)
(41.547543, 26.468050, 0.0)
(41.528538, 26.497856, 0.0)
(41.538704, 26.532902, 0.0)
(41.540863, 26.520130, 0.0)
(41.479771, 26.488111, 0.0)
(41.471779, 26.496056, 0.0)
(41.450947, 26.483017, 0.0)
(41.434551, 26.503473, 0.0)
(41.414375, 26.524250, 0.0)
(41.389389, 26.557558, 0.0)
(41.359257, 26.563480, 0.0)
(41.362736, 26.556049, 0.0)
(41.343681, 26.534798, 0.0)
(41.367435, 26.563484, 0.0)
(41.367973, 26.589060, 0.0)
(41.349522, 26.568645, 0.0)
(41.359703, 26.586252, 0.0)
(41.355492, 26.601648, 0.0)
(41.364624, 26.580795, 0.0)
(41.390518, 26.584061, 0.0)
(41.396698, 26.577932, 0.0)
(39.276463, 27.108099, 0.0)
(37.523106, 28.870506, 0.0)
(37.184700, 31.496119, 0.0)
(37.311474, 32.561291, 0.0)
(37.181175, 32.693535, 0.0)
(37.081779, 32.593842, 0.0)
(36.993656, 32.497192, 0.0)
(36.977108, 33.245407, 0.0)
(37.046661, 33.383331, 0.0)
(36.910316, 32.497383, 0.0)
(36.971004, 32.449993, 0.0)
(37.040524, 32.524246, 0.0)
(37.094326, 32.520699, 0.0)
(37.095322, 32.560192, 0.0)
(37.081173, 32.465260, 0.0)
(36.763119, 30.875290, 0.0)
(36.663734, 30.337931, 0.0)
(36.614708, 30.301508, 0.0)
(36.604832, 30.300451, 0.0)
(36.561890, 30.265854, 0.0)
(36.526821, 30.200144, 0.0)
(36.516758, 30.200630, 0.0)
(36.505180, 30.190712, 0.0)
(36.484612, 30.171051, 0.0)
(36.476521, 30.182884, 0.0)
(36.475544, 30.176035, 0.0)
(36.503635, 30.163769, 0.0)
(36.516323, 30.136518, 0.0)
(36.559921, 30.120306, 0.0)
(36.572933, 30.116402, 0.0)
(36.583961, 30.087370, 0.0)
(36.585464, 30.073860, 0.0)
(36.577705, 30.088654, 0.0)
(36.543827, 30.083002, 0.0)
(36.514473, 30.122099, 0.0)
(36.494408, 30.115313, 0.0)
(36.490604, 30.224237, 0.0)
(37.041248, 33.023373, 0.0)
(37.584515, 35.233223, 0.0)
(37.433334, 35.468975, 0.0)
(37.379704, 35.447685, 0.0)
(37.320168, 35.474918, 0.0)
(37.270275, 35.493595, 0.0)
(37.243858, 35.497639, 0.0)
(37.241032, 35.514530, 0.0)
(37.235741, 35.511456, 0.0)
(37.221626, 35.514450, 0.0)
(37.220760, 35.497364, 0.0)
(37.226421, 35.474831, 0.0)
(37.218586, 35.492859, 0.0)
(37.210079, 35.506157, 0.0)
(37.174603, 35.503464, 0.0)
(37.168781, 34.865868, 0.0)
(37.090111, 31.671551, 0.0)
(36.923882, 30.548882, 0.0)
(36.864700, 30.458632, 0.0)
(36.828709, 30.487373, 0.0)
(36.779095, 30.507418, 0.0)
(36.788063, 30.503708, 0.0)
(36.775936, 30.518913, 0.0)
(36.781456, 30.518913, 0.0)
(36.803715, 30.532402, 0.0)
(36.786102, 30.541557, 0.0)
(36.777802, 30.509953, 0.0)
(36.794384, 30.484764, 0.0)
(36.782204, 30.488344, 0.0)
(36.786129, 30.481714, 0.0)
(36.771271, 30.520815, 0.0)
(36.762390, 30.523582, 0.0)
(36.752815, 30.522575, 0.0)
(36.749416, 30.514538, 0.0)
(36.755920, 30.504715, 0.0)
(36.734436, 30.486738, 0.0)
(36.087254, 30.681862, 0.0)
(32.254181, 32.427059, 0.0)
(29.726984, 34.707691, 0.0)
(29.301567, 35.189472, 0.0)
(29.222980, 35.198833, 0.0)
(29.182966, 35.205437, 0.0)
(29.121132, 35.248474, 0.0)
(29.092806, 35.248241, 0.0)
(29.064255, 35.237137, 0.0)
(29.055847, 35.238297, 0.0)
(28.593029, 35.120922, 0.0)
(28.528896, 34.806900, 0.0)
(28.485550, 34.733334, 0.0)
(28.462036, 34.721512, 0.0)
(28.470665, 34.721954, 0.0)
(28.436893, 34.726818, 0.0)
(28.412062, 34.734085, 0.0)
(28.348667, 34.747829, 0.0)
(29.194195, 33.313366, 0.0)
(29.941437, 31.093391, 0.0)
(29.933250, 31.021320, 0.0)
(29.931095, 31.012871, 0.0)
(29.927488, 30.989517, 0.0)
(29.924894, 30.981695, 0.0)
(29.897743, 31.003036, 0.0)
(29.826490, 31.057999, 0.0)
(29.784035, 31.045605, 0.0)
(29.808596, 31.114000, 0.0)
(29.879562, 31.028946, 0.0)
(29.940285, 30.993008, 0.0)
(29.912523, 31.000221, 0.0)
(29.925344, 30.991798, 0.0)
(29.897388, 31.010126, 0.0)
(29.898581, 31.026764, 0.0)
(29.920107, 30.993916, 0.0)
(29.923779, 31.022326, 0.0)
(29.929075, 30.997641, 0.0)
(31.604704, 30.052496, 0.0)
(31.936495, 29.809053, 0.0)
(31.992500, 29.715017, 0.0)
(32.040348, 29.685272, 0.0)
(32.068550, 29.654593, 0.0)
(32.060326, 29.608109, 0.0)
(31.574587, 29.355000, 0.0)
(31.345591, 30.869738, 0.0)
(31.966801, 30.061934, 0.0)
(31.961180, 29.276201, 0.0)
(31.958725, 29.262955, 0.0)
(31.974836, 29.329319, 0.0)
(32.012592, 29.381004, 0.0)
(32.029072, 29.406071, 0.0)
(32.045341, 29.415808, 0.0)
(32.038448, 29.407917, 0.0)
(32.051506, 29.406816, 0.0)
(32.042717, 29.445984, 0.0)
(32.027988, 29.503643, 0.0)
(32.001606, 29.522177, 0.0)
(32.008980, 29.492523, 0.0)
(32.017479, 29.487879, 0.0)
(32.365757, 29.297041, 0.0)
(32.386662, 29.270630, 0.0)
(32.367947, 29.265154, 0.0)
(32.343056, 29.282745, 0.0)
(32.354649, 29.274817, 0.0)
(32.359772, 29.243334, 0.0)
(32.357727, 29.217997, 0.0)
(32.380585, 29.197556, 0.0)
(32.388184, 29.225983, 0.0)
(32.388184, 29.225983, 0.0)
(32.398281, 29.211742, 0.0)
(32.402824, 29.183931, 0.0)
(32.391060, 29.194117, 0.0)
(32.391003, 29.197088, 0.0)
(32.389191, 29.167568, 0.0)
(32.385456, 29.211977, 0.0)
(34.822376, 30.385639, 0.0)
(37.749645, 32.897297, 0.0)
(39.412918, 35.364101, 0.0)
(39.416504, 35.977821, 0.0)
(39.395786, 36.001816, 0.0)
(39.355961, 35.989281, 0.0)
(39.351551, 35.939861, 0.0)
(39.325684, 35.872730, 0.0)
(39.304211, 35.826130, 0.0)
(39.302357, 35.811150, 0.0)
(39.272442, 35.784447, 0.0)
(39.269245, 35.785751, 0.0)
(39.250790, 35.774010, 0.0)
(39.229984, 35.790977, 0.0)
(39.211578, 35.761730, 0.0)
(39.192799, 35.723106, 0.0)
(39.181744, 35.713066, 0.0)
(39.172462, 35.691818, 0.0)
(39.165340, 35.685482, 0.0)
(39.139381, 35.733253, 0.0)
(39.119968, 35.734276, 0.0)
(39.119270, 35.724251, 0.0)
(39.112183, 35.724739, 0.0)
(39.123219, 35.737316, 0.0)
(39.142376, 35.684132, 0.0)
(39.116932, 32.841431, 0.0)
(38.736385, 29.758921, 0.0)
(38.578281, 28.842422, 0.0)
(38.503017, 28.779640, 0.0)
(38.493904, 28.821518, 0.0)
(38.469860, 28.832438, 0.0)
(38.473400, 28.805225, 0.0)
(38.484188, 28.778711, 0.0)
(38.521477, 28.763298, 0.0)
(38.549324, 28.705814, 0.0)
(38.536251, 28.689625, 0.0)
(38.547787, 28.707851, 0.0)
(38.619217, 28.683243, 0.0)
(36.877254, 29.349897, 0.0)
(34.477055, 32.115910, 0.0)
(33.688560, 34.413673, 0.0)
(33.584278, 34.651077, 0.0)
(33.448475, 34.593559, 0.0)
(33.315144, 34.667076, 0.0)
(33.290279, 34.652992, 0.0)
(32.627098, 35.528107, 0.0)
(32.442142, 35.656895, 0.0)
(32.392078, 35.620075, 0.0)
(32.332909, 35.655277, 0.0)
(32.299946, 35.634861, 0.0)
(32.258999, 35.607716, 0.0)
(32.221249, 35.560555, 0.0)
(32.164169, 35.563301, 0.0)
(32.100292, 35.583775, 0.0)
(32.086067, 35.640816, 0.0)
(32.057201, 35.631126, 0.0)
(32.051636, 35.626652, 0.0)
(32.034966, 35.596451, 0.0)
(32.023750, 35.564732, 0.0)
(32.565060, 34.728394, 0.0)
(33.616211, 31.824276, 0.0)
(33.708576, 31.166445, 0.0)
(33.666691, 31.128668, 0.0)
(33.631805, 31.111097, 0.0)
(33.622475, 31.109751, 0.0)
(33.572609, 31.138462, 0.0)
(33.570927, 31.142113, 0.0)
(33.587254, 31.135136, 0.0)
(33.594093, 31.140255, 0.0)
(33.603745, 31.138823, 0.0)
(33.618679, 31.098244, 0.0)
(33.647038, 31.103735, 0.0)
(33.675655, 31.087252, 0.0)
(33.685165, 31.074532, 0.0)
(33.683029, 31.054277, 0.0)
(33.682140, 31.044077, 0.0)
(33.671379, 31.028008, 0.0)
(33.667587, 31.012356, 0.0)
(33.842861, 30.876860, 0.0)
(37.185925, 28.558887, 0.0)
(40.209133, 27.350279, 0.0)
(41.682613, 27.420858, 0.0)
(41.750774, 27.418032, 0.0)
(41.782761, 27.418600, 0.0)
(41.808964, 27.409395, 0.0)
(43.550983, 28.581808, 0.0)
(43.805664, 28.746622, 0.0)
(43.853386, 28.706160, 0.0)
(43.870659, 28.665237, 0.0)
(43.904869, 28.651670, 0.0)
(43.901218, 28.565676, 0.0)
(43.917549, 28.560339, 0.0)
(43.935799, 28.509489, 0.0)
(43.972721, 28.528450, 0.0)
(43.981289, 28.508238, 0.0)
(43.958584, 28.503128, 0.0)
(43.456585, 28.149643, 0.0)
(43.294388, 28.108072, 0.0)
(43.615051, 28.470196, 0.0)
(43.855766, 28.686920, 0.0)
(43.929085, 28.709240, 0.0)
(43.953049, 28.705378, 0.0)
(43.972443, 28.740654, 0.0)
(43.957310, 28.769480, 0.0)
(43.977364, 28.798704, 0.0)
(43.932014, 28.771221, 0.0)
(43.948509, 28.816053, 0.0)
(43.923523, 28.766148, 0.0)
(43.911716, 28.806713, 0.0)
(43.939571, 28.846464, 0.0)
(43.887966, 28.852165, 0.0)
(43.884598, 28.853676, 0.0)
(43.889080, 28.865604, 0.0)
(41.810879, 27.571920, 0.0)
(38.745819, 26.311434, 0.0)
(38.707905, 26.302935, 0.0)
(38.773926, 26.240599, 0.0)
(38.766808, 26.165983, 0.0)
(38.811211, 26.163439, 0.0)
(38.218616, 25.939400, 0.0)
(38.124146, 25.915512, 0.0)
(38.144718, 25.872982, 0.0)
(38.142796, 25.839830, 0.0)
(38.231773, 25.805733, 0.0)
(38.209061, 25.764631, 0.0)
(38.187752, 25.746170, 0.0)
(38.191017, 25.692591, 0.0)
(38.169456, 25.698000, 0.0)
(38.161030, 25.698702, 0.0)
(38.170174, 25.702154, 0.0)
(38.167545, 25.713892, 0.0)
(38.190708, 25.732067, 0.0)
(38.179527, 25.730827, 0.0)
(38.188126, 25.716240, 0.0)
(38.183910, 25.699560, 0.0)
(37.757942, 25.713383, 0.0)
(36.033443, 25.831867, 0.0)
(35.495953, 25.868629, 0.0)
(35.471672, 25.881996, 0.0)
(35.463047, 25.890202, 0.0)
(35.457153, 25.881977, 0.0)
(35.443077, 25.938150, 0.0)
(35.434601, 25.956800, 0.0)
(35.423031, 25.928993, 0.0)
(35.417946, 25.938288, 0.0)
(35.393440, 26.011330, 0.0)
(35.360703, 26.078758, 0.0)
(35.348278, 26.066843, 0.0)
(35.341656, 26.053326, 0.0)
(35.322533, 26.070290, 0.0)
(35.309685, 26.067261, 0.0)
(37.843239, 27.437128, 0.0)
(41.468758, 30.539246, 0.0)
(43.269474, 33.022141, 0.0)
(43.996643, 34.832481, 0.0)
(43.883785, 35.794292, 0.0)
(43.836407, 36.018196, 0.0)
(43.819374, 35.974091, 0.0)
(43.732983, 35.953762, 0.0)
(43.741325, 35.900249, 0.0)
(43.701050, 35.857422, 0.0)
(43.675896, 35.844749, 0.0)
(43.634712, 35.845165, 0.0)
(43.564342, 35.824291, 0.0)
(43.539028, 35.825523, 0.0)
(43.534374, 35.781143, 0.0)
(43.465919, 35.761551, 0.0)
(40.982304, 33.043064, 0.0)
(38.309895, 30.885138, 0.0)
(37.993332, 30.786095, 0.0)
(37.958961, 30.761356, 0.0)
(37.953369, 30.798325, 0.0)
(37.948483, 30.800142, 0.0)
(37.966278, 30.789696, 0.0)
(38.006626, 30.835449, 0.0)
(38.014370, 30.783075, 0.0)
(38.089390, 30.797253, 0.0)
(38.072437, 30.839251, 0.0)
(38.146103, 30.814060, 0.0)
(38.169548, 30.807058, 0.0)
(38.177704, 30.819618, 0.0)
(38.242516, 30.770889, 0.0)
(38.256657, 30.770897, 0.0)
(38.255234, 30.779776, 0.0)
(38.233898, 30.769230, 0.0)
(38.255234, 30.769230, 0.0)
(38.232960, 30.799686, 0.0)
(38.216499, 30.779581, 0.0)
(38.187710, 30.796305, 0.0)
(38.072868, 30.828541, 0.0)
(35.441154, 32.382507, 0.0)
(34.709103, 33.305984, 0.0)
(35.338299, 33.970760, 0.0)
(35.416706, 34.100071, 0.0)
(35.365017, 34.070282, 0.0)
(35.290882, 34.060547, 0.0)
(35.235973, 34.095402, 0.0)
(35.212879, 34.097595, 0.0)
(35.212803, 34.129452, 0.0)
(35.210979, 34.124710, 0.0)
(35.222073, 34.115601, 0.0)
(35.205616, 34.097298, 0.0)
(35.208759, 34.086529, 0.0)
(35.127949, 33.856705, 0.0)
(34.884003, 31.588600, 0.0)
(34.905842, 30.625048, 0.0)
(34.838428, 30.545958, 0.0)
(34.827335, 30.543716, 0.0)
(34.807419, 30.563316, 0.0)
(34.804379, 30.592562, 0.0)
(34.797619, 30.548845, 0.0)
(34.805061, 30.546890, 0.0)
(34.799942, 30.544609, 0.0)
(34.795219, 30.570196, 0.0)
(34.789051, 30.586098, 0.0)
(34.785301, 30.588249, 0.0)
(34.796833, 30.572206, 0.0)
(34.810753, 30.560730, 0.0)
(34.805363, 30.518927, 0.0)
(34.823025, 30.495028, 0.0)
(34.826431, 30.494473, 0.0)
(34.815166, 30.491978, 0.0)
(34.818672, 30.483152, 0.0)
(34.797512, 30.487228, 0.0)
(34.809372, 30.483639, 0.0)
(34.797264, 30.475912, 0.0)
(34.795719, 30.468906, 0.0)
(36.079144, 28.953068, 0.0)
(36.385998, 27.505934, 0.0)
(36.341167, 27.463909, 0.0)
(36.335968, 27.467821, 0.0)
(36.334156, 27.469324, 0.0)
(36.312748, 27.458658, 0.0)
(36.393299, 27.341194, 0.0)
(36.474503, 26.992214, 0.0)
(36.515331, 26.944458, 0.0)
(36.492981, 26.915751, 0.0)
(36.503323, 26.839014, 0.0)
(36.514214, 26.821411, 0.0)
(36.505230, 26.766888, 0.0)
(36.479813, 26.720270, 0.0)
(36.460964, 26.683361, 0.0)
(36.443359, 26.639044, 0.0)
(36.459984, 26.622639, 0.0)
(36.473560, 26.609434, 0.0)
(36.451763, 26.620785, 0.0)
(36.441563, 26.602127, 0.0)
(36.425507, 26.613400, 0.0)
(36.424507, 26.616123, 0.0)
(36.405376, 26.623941, 0.0)
(36.354908, 26.652004, 0.0)
(36.351814, 26.674459, 0.0)
(36.355442, 26.703417, 0.0)
(36.322830, 26.731251, 0.0)
(36.296696, 26.761915, 0.0)
(36.276077, 26.785900, 0.0)
(36.292122, 26.840908, 0.0)
(36.277794, 26.847980, 0.0)
(36.295959, 26.866268, 0.0)
(36.266705, 26.912321, 0.0)
(36.270050, 26.902304, 0.0)
(36.268562, 26.896313, 0.0)
(36.256229, 26.892757, 0.0)
(36.255959, 26.871075, 0.0)
(35.753712, 26.935694, 0.0)
(31.518917, 27.300186, 0.0)
(28.366619, 27.977005, 0.0)
(28.149593, 27.962187, 0.0)
(28.475828, 27.786850, 0.0)
(28.472605, 27.777485, 0.0)
(28.417084, 27.779400, 0.0)
(28.425816, 27.777752, 0.0)
(27.982450, 28.090429, 0.0)
(27.839371, 28.115156, 0.0)
(27.836746, 28.077312, 0.0)
(27.802139, 28.080116, 0.0)
(27.766253, 28.081108, 0.0)
(27.770306, 28.041775, 0.0)
(27.774673, 28.041555, 0.0)
(27.774254, 28.022118, 0.0)
(27.799265, 28.000933, 0.0)
(27.799265, 28.000933, 0.0)
(27.786259, 28.018320, 0.0)
(27.783159, 28.028749, 0.0)
(27.764305, 28.043888, 0.0)
(27.760750, 28.048634, 0.0)
(27.764305, 28.043888, 0.0)
(27.757902, 28.059212, 0.0)
(27.758705, 28.063822, 0.0)
(27.750101, 28.090151, 0.0)
(27.757017, 28.105082, 0.0)
(27.764359, 28.099945, 0.0)
(27.748596, 28.117443, 0.0)
(27.733824, 28.124142, 0.0)
(27.729864, 28.159258, 0.0)
(27.746889, 28.158533, 0.0)
(27.769245, 28.119816, 0.0)
(27.767765, 28.135666, 0.0)
(27.787649, 28.107288, 0.0)
(27.786060, 28.102766, 0.0)
(27.782963, 28.099874, 0.0)
(27.787004, 28.120968, 0.0)
(27.785902, 28.101498, 0.0)
(28.902878, 29.198433, 0.0)
(30.383289, 31.596518, 0.0)
(31.809998, 33.239059, 0.0)
(31.887001, 33.332474, 0.0)
(31.870403, 33.319942, 0.0)
(31.842354, 33.331158, 0.0)
(31.848343, 33.339897, 0.0)
(32.436497, 33.639545, 0.0)
(32.419910, 33.656288, 0.0)
(32.380241, 33.633831, 0.0)
(32.356915, 33.644783, 0.0)
(32.333076, 33.631802, 0.0)
(32.349342, 33.610031, 0.0)
(32.375172, 33.596935, 0.0)
(32.332989, 33.582142, 0.0)
(32.336811, 33.605949, 0.0)
(32.892456, 33.292961, 0.0)
(32.983402, 33.208508, 0.0)
(32.968784, 33.213589, 0.0)
(32.968849, 33.217022, 0.0)
(32.960232, 33.205978, 0.0)
(32.941078, 33.182629, 0.0)
(32.955807, 33.164082, 0.0)
(32.957584, 33.167152, 0.0)
(32.955223, 33.159740, 0.0)
(32.960491, 33.165260, 0.0)
(32.946648, 33.173985, 0.0)
(32.933544, 33.153214, 0.0)
(32.941032, 33.136040, 0.0)
(32.920197, 33.150150, 0.0)
(32.915455, 33.151707, 0.0)
(32.938759, 33.145050, 0.0)
(32.934452, 33.134399, 0.0)
(32.938950, 33.104565, 0.0)
(32.929340, 33.110447, 0.0)
(32.940254, 33.089157, 0.0)
(32.942184, 33.136692, 0.0)
(34.577427, 30.085083, 0.0)
(35.834248, 26.982384, 0.0)
(35.861485, 26.822508, 0.0)
(35.843506, 26.766466, 0.0)
(35.864853, 26.752186, 0.0)
(35.851917, 26.746674, 0.0)
(36.212643, 26.421535, 0.0)
(36.221054, 26.404573, 0.0)
(36.164104, 26.322922, 0.0)
(36.188560, 26.247492, 0.0)
(36.187351, 26.149143, 0.0)
(36.222729, 26.104704, 0.0)
(36.251213, 26.088152, 0.0)
(36.271183, 26.003595, 0.0)
(36.264904, 26.012434, 0.0)
(36.276142, 25.995918, 0.0)
(36.256325, 25.973730, 0.0)
(36.271259, 25.977007, 0.0)
(36.282509, 25.965698, 0.0)
(36.285233, 25.977076, 0.0)
(36.290596, 25.978449, 0.0)
(36.284760, 25.982725, 0.0)
(36.294285, 26.001396, 0.0)
(36.322094, 26.020794, 0.0)
(36.301735, 26.031796, 0.0)
(36.284218, 26.055561, 0.0)
(36.275677, 26.054438, 0.0)
(36.261295, 26.086946, 0.0)
(36.236687, 26.124250, 0.0)
(36.232738, 26.136347, 0.0)
(36.226036, 26.148794, 0.0)
(36.219738, 26.157949, 0.0)
(36.223732, 26.142534, 0.0)
(36.210651, 26.155890, 0.0)
(36.210491, 26.155214, 0.0)
(36.210133, 26.172398, 0.0)
(36.207924, 26.181572, 0.0)
(35.734104, 26.668804, 0.0)
(35.653339, 27.297951, 0.0)
(36.092918, 27.863028, 0.0)
(36.842072, 29.883404, 0.0)
(36.815636, 30.212389, 0.0)
(36.869785, 30.394405, 0.0)
(36.879883, 30.434198, 0.0)
(36.909996, 30.467035, 0.0)
(36.913296, 30.488111, 0.0)
(36.929825, 30.489960, 0.0)
(36.914413, 30.487345, 0.0)
(36.899788, 30.497814, 0.0)
(36.876617, 30.503435, 0.0)
(36.871758, 30.525242, 0.0)
(36.887455, 30.542685, 0.0)
(36.876755, 30.563803, 0.0)
(36.884346, 30.504505, 0.0)
(36.885124, 30.517401, 0.0)
(36.876530, 30.481192, 0.0)
(36.866550, 30.503250, 0.0)
(36.877800, 30.483803, 0.0)
(36.952000, 30.466583, 0.0)
(36.938892, 30.460993, 0.0)
(36.935577, 30.411413, 0.0)
(36.920876, 30.420565, 0.0)
(36.849579, 30.451822, 0.0)
(36.895191, 30.435722, 0.0)
(36.914948, 30.415497, 0.0)
(36.900272, 30.401943, 0.0)
(36.920681, 30.347338, 0.0)
(36.939568, 30.305189, 0.0)
(36.926575, 30.302011, 0.0)
(36.901955, 30.352594, 0.0)
(36.856316, 30.353024, 0.0)
(36.857834, 30.367382, 0.0)
(39.137043, 31.199188, 0.0)
(41.031456, 32.126129, 0.0)
(41.035973, 32.123672, 0.0)
(41.043774, 32.098934, 0.0)
(41.067326, 32.083515, 0.0)
(41.053551, 32.106533, 0.0)
(41.056133, 32.131535, 0.0)
(41.050434, 32.156616, 0.0)
(41.053150, 32.156487, 0.0)
(41.053307, 32.171669, 0.0)
(41.063583, 32.159016, 0.0)
(41.069809, 32.143490, 0.0)
(41.113438, 32.120075, 0.0)
(41.197979, 32.085064, 0.0)
(41.215744, 32.070873, 0.0)
(41.191059, 32.085632, 0.0)
(41.208561, 32.107441, 0.0)
(41.243225, 32.111092, 0.0)
(41.276108, 32.089294, 0.0)
(41.280315, 32.091969, 0.0)
(41.298248, 32.066132, 0.0)
(40.958546, 31.719145, 0.0)
(40.931255, 31.737288, 0.0)
(40.922768, 31.759563, 0.0)
(40.927704, 31.745176, 0.0)
(40.903473, 31.748686, 0.0)
(40.902412, 31.734238, 0.0)
(40.897312, 31.753546, 0.0)
(39.364689, 31.268032, 0.0)
(38.206547, 31.013968, 0.0)
(38.089249, 30.981344, 0.0)
(38.070473, 30.958755, 0.0)
(38.073647, 30.961538, 0.0)
(38.063911, 31.004934, 0.0)
(38.051228, 31.021748, 0.0)
(38.044415, 31.020290, 0.0)
(38.010262, 31.017979, 0.0)
(37.981018, 31.052725, 0.0)
(37.948517, 31.061378, 0.0)
(40.342442, 31.893997, 0.0)
(42.976799, 33.363235, 0.0)
(43.126328, 33.434383, 0.0)
(43.135551, 33.426979, 0.0)
(43.165768, 33.387093, 0.0)
(43.141773, 33.403519, 0.0)
(43.158352, 33.387554, 0.0)
(43.114975, 33.364502, 0.0)
(43.866779, 33.949352, 0.0)
(43.570629, 33.882984, 0.0)
(42.839878, 33.803467, 0.0)
(42.737141, 33.794079, 0.0)
(42.727665, 33.779366, 0.0)
(42.730980, 33.791389, 0.0)
(42.748875, 33.777779, 0.0)
(42.762661, 33.769382, 0.0)
(42.748207, 33.792923, 0.0)
(42.921265, 33.558544, 0.0)
(42.875298, 33.529716, 0.0)
(42.900883, 33.538460, 0.0)
(42.919640, 33.536026, 0.0)
(42.930580, 33.516689, 0.0)
(42.943504, 33.518112, 0.0)
(42.936569, 33.493729, 0.0)
(42.937973, 33.500477, 0.0)
(42.935204, 33.496471, 0.0)
(42.922043, 33.496548, 0.0)
(42.900948, 33.529835, 0.0)
(42.864117, 33.505249, 0.0)
(42.852936, 33.503807, 0.0)
(42.853409, 33.487526, 0.0)
(42.851154, 33.491081, 0.0)
(42.869644, 33.469219, 0.0)
(42.879906, 33.465572, 0.0)
(42.834934, 33.470058, 0.0)
(42.834232, 33.465122, 0.0)
(42.815762, 33.466434, 0.0)
(44.234940, 32.667797, 0.0)
(45.049831, 31.772432, 0.0)
(44.965717, 31.502445, 0.0)
(44.962078, 31.497654, 0.0)
(44.962761, 31.504631, 0.0)
(44.962078, 31.511185, 0.0)
(44.958218, 31.483955, 0.0)
(44.941956, 31.489887, 0.0)
(44.664997, 31.218370, 0.0)
(44.668911, 31.208689, 0.0)
(44.690041, 31.168806, 0.0)
(44.701721, 31.174515, 0.0)
(44.706295, 31.137955, 0.0)
(44.741013, 31.158060, 0.0)
(44.747791, 31.135265, 0.0)
(44.726498, 31.114710, 0.0)
(44.736168, 31.154945, 0.0)
(44.744015, 31.153847, 0.0)
(44.744015, 31.153847, 0.0)
(44.748241, 31.135460, 0.0)
(44.740440, 31.102798, 0.0)
(44.709057, 31.110392, 0.0)
(44.696861, 31.080744, 0.0)
(44.653423, 31.084681, 0.0)
(44.636406, 31.122826, 0.0)
(44.602421, 31.137712, 0.0)
(44.609356, 31.147778, 0.0)
(44.581734, 31.136984, 0.0)
(44.590828, 31.119490, 0.0)
(44.584263, 31.114334, 0.0)
(44.583885, 31.107327, 0.0)
(44.583885, 31.107327, 0.0)
(44.571377, 31.115324, 0.0)
(44.559017, 31.095781, 0.0)
(44.564610, 31.093796, 0.0)
(44.576553, 31.076553, 0.0)
(44.588123, 31.079535, 0.0)
(44.580650, 31.069092, 0.0)
(45.180904, 32.998051, 0.0)
(45.061226, 34.718655, 0.0)
(44.970974, 35.689247, 0.0)
(44.826641, 35.705032, 0.0)
(44.785057, 35.691868, 0.0)
(44.642136, 35.621857, 0.0)
(44.474846, 34.919411, 0.0)
(44.557755, 34.691746, 0.0)
(44.515354, 35.228214, 0.0)
(44.463840, 35.388771, 0.0)
(44.540573, 35.389679, 0.0)
(44.544796, 35.415768, 0.0)
(44.513336, 35.448429, 0.0)
(44.505932, 35.504463, 0.0)
(44.498917, 35.499523, 0.0)
(44.503563, 35.476208, 0.0)
(44.498417, 35.466846, 0.0)
(44.605156, 35.370720, 0.0)
(44.569981, 35.328972, 0.0)
(44.559616, 35.325031, 0.0)
(44.562710, 35.319141, 0.0)
(44.550316, 35.322723, 0.0)
(44.548687, 35.330063, 0.0)
(44.529118, 35.333038, 0.0)
(44.525986, 35.334267, 0.0)
(44.525986, 35.334267, 0.0)
(44.525986, 35.334267, 0.0)
(44.522972, 35.335884, 0.0)
(44.524151, 35.323433, 0.0)
(44.526104, 35.337147, 0.0)
(44.505596, 35.348690, 0.0)
(44.504799, 35.359444, 0.0)
(44.484074, 35.379704, 0.0)
(44.467213, 35.382492, 0.0)
(44.489765, 35.410038, 0.0)
(44.476055, 35.401146, 0.0)
(44.475185, 35.358517, 0.0)
(44.507881, 35.286366, 0.0)
(44.501469, 35.276333, 0.0)
(42.746777, 33.693367, 0.0)
(39.688400, 31.054955, 0.0)
(36.812740, 29.759207, 0.0)
(36.629707, 29.668207, 0.0)
(36.598652, 29.608870, 0.0)
(36.630138, 29.590382, 0.0)
(36.654072, 29.573587, 0.0)
(36.650761, 29.547136, 0.0)
(36.681255, 29.999020, 0.0)
(36.667439, 30.187531, 0.0)
(36.498413, 29.630814, 0.0)
(36.596931, 29.672352, 0.0)
(36.661789, 29.723679, 0.0)
(36.695301, 29.735800, 0.0)
(36.696648, 29.731073, 0.0)
(36.702744, 29.743532, 0.0)
(36.725704, 29.718317, 0.0)
(36.725060, 29.731562, 0.0)
(36.688271, 29.742197, 0.0)
(36.700485, 29.764835, 0.0)
(36.736557, 29.767979, 0.0)
(36.742741, 29.764027, 0.0)
(36.745281, 29.755421, 0.0)
(36.763416, 29.729845, 0.0)
(36.786247, 29.739019, 0.0)
(36.747913, 29.755257, 0.0)
(36.761700, 29.768381, 0.0)
(36.748096, 29.775908, 0.0)
(36.744900, 29.745661, 0.0)
(36.746243, 29.755655, 0.0)
(36.732349, 29.747896, 0.0)
(36.751572, 29.756212, 0.0)
(36.770348, 29.726166, 0.0)
(36.780487, 29.725222, 0.0)
(36.783993, 29.723324, 0.0)
(39.529938, 27.949198, 0.0)
(41.172451, 26.727221, 0.0)
(41.274597, 26.703693, 0.0)
(41.314972, 26.737522, 0.0)
(41.328400, 26.713890, 0.0)
(41.337517, 26.652967, 0.0)
(41.369671, 26.621099, 0.0)
(41.678696, 26.602095, 0.0)
(41.948212, 26.556799, 0.0)
(41.946457, 26.508833, 0.0)
(41.962463, 26.546471, 0.0)
(41.994556, 26.501938, 0.0)
(42.003277, 26.452982, 0.0)
(42.078297, 26.472727, 0.0)
(42.074471, 26.445080, 0.0)
(42.068275, 26.402058, 0.0)
(41.759480, 26.208630, 0.0)
(41.744118, 26.184328, 0.0)
(41.763706, 26.185862, 0.0)
(41.753601, 26.189535, 0.0)
(41.758678, 26.196033, 0.0)
(41.756054, 26.207596, 0.0)
(41.750954, 26.209560, 0.0)
(41.749954, 26.202225, 0.0)
(41.758678, 26.196033, 0.0)
(41.753601, 26.189535, 0.0)
(41.763706, 26.185862, 0.0)
(41.759510, 26.202469, 0.0)
(41.754704, 26.217623, 0.0)
(41.718391, 26.256653, 0.0)
(41.692486, 26.259977, 0.0)
(41.686672, 26.281494, 0.0)
(41.679119, 26.250204, 0.0)
(41.696163, 26.260944, 0.0)
(41.702896, 26.257755, 0.0)
(41.694691, 26.236399, 0.0)
(39.757671, 25.624260, 0.0)
(35.105812, 25.274027, 0.0)
(32.114811, 25.913059, 0.0)
(32.037300, 25.915241, 0.0)
(32.018150, 25.857973, 0.0)
(31.987310, 25.823126, 0.0)
(31.984167, 25.810181, 0.0)
(31.953465, 25.776419, 0.0)
(31.966476, 25.770050, 0.0)
(31.694431, 25.615181, 0.0)
(30.814650, 25.159288, 0.0)
(30.825314, 25.192940, 0.0)
(31.332661, 25.610163, 0.0)
(31.466251, 25.767294, 0.0)
(31.480480, 25.799614, 0.0)
(31.502192, 25.824127, 0.0)
(31.516132, 25.850069, 0.0)
(31.508812, 25.866529, 0.0)
(31.510252, 25.855848, 0.0)
(31.917015, 25.824995, 0.0)
(31.917377, 25.852097, 0.0)
(31.919737, 25.888393, 0.0)
(31.903931, 25.922482, 0.0)
(31.899464, 25.919952, 0.0)
(31.906069, 25.902405, 0.0)
(31.908239, 25.894419, 0.0)
(31.922348, 25.878813, 0.0)
(31.929941, 25.852566, 0.0)
(31.940081, 25.851603, 0.0)
(31.935957, 25.821087, 0.0)
(31.928215, 25.804201, 0.0)
(31.927919, 25.803013, 0.0)
(31.918812, 25.797739, 0.0)
(31.918859, 25.795490, 0.0)
(31.929241, 25.796515, 0.0)
(31.921001, 25.786154, 0.0)
(31.918737, 25.772514, 0.0)
(31.620602, 25.929213, 0.0)
(28.986353, 26.914013, 0.0)
(28.783730, 26.958954, 0.0)
(28.741867, 26.952339, 0.0)
(28.736988, 26.936914, 0.0)
(27.237946, 27.527193, 0.0)
(26.036783, 27.781818, 0.0)
(26.420300, 27.570795, 0.0)
(27.479143, 27.278187, 0.0)
(27.889570, 27.366795, 0.0)
(27.872923, 27.386047, 0.0)
(27.845291, 27.370598, 0.0)
(27.827364, 27.379557, 0.0)
(27.831358, 27.382414, 0.0)
(27.838503, 27.388124, 0.0)
(27.841694, 27.364103, 0.0)
(28.149860, 27.106194, 0.0)
(28.198881, 27.053387, 0.0)
(28.180122, 27.053598, 0.0)
(28.175385, 27.034397, 0.0)
(28.182598, 27.047701, 0.0)
(28.184738, 27.035648, 0.0)
(28.179796, 27.016270, 0.0)
(28.195473, 27.050352, 0.0)
(28.213335, 27.045530, 0.0)
(28.229635, 27.041334, 0.0)
(28.245384, 27.018362, 0.0)
(28.280760, 26.995359, 0.0)
(28.266447, 27.034431, 0.0)
(28.273483, 27.070673, 0.0)
(28.284447, 27.106977, 0.0)
(28.273596, 27.109524, 0.0)
(28.272638, 27.125401, 0.0)
(28.279358, 27.109398, 0.0)
(28.273596, 27.109524, 0.0)
(28.271168, 27.041555, 0.0)
(28.244623, 27.031866, 0.0)
(28.241886, 27.037159, 0.0)
(28.172253, 27.111357, 0.0)
(28.500732, 27.427324, 0.0)
(29.660643, 30.182465, 0.0)
(31.026646, 33.049908, 0.0)
(32.217354, 36.080894, 0.0)
(33.121864, 37.400455, 0.0)
(33.091354, 37.517918, 0.0)
(32.972916, 37.524632, 0.0)
(32.894634, 37.515579, 0.0)
(32.824501, 37.544811, 0.0)
(32.782436, 37.555950, 0.0)
(32.765774, 37.601574, 0.0)
(32.708408, 37.575836, 0.0)
(32.663746, 37.594715, 0.0)
(32.631428, 37.497639, 0.0)
(32.851139, 36.203575, 0.0)
(32.771828, 36.127457, 0.0)
(32.740097, 36.143730, 0.0)
(32.716896, 36.198650, 0.0)
(32.698479, 36.213688, 0.0)
(32.682144, 36.234013, 0.0)
(32.682117, 36.202827, 0.0)
(32.687542, 36.137218, 0.0)
(33.366623, 34.910423, 0.0)
(33.569931, 33.702736, 0.0)
(33.523872, 33.660591, 0.0)
(33.551670, 33.663746, 0.0)
(33.537312, 33.658886, 0.0)
(33.570011, 33.654701, 0.0)
(33.583397, 33.640285, 0.0)
(33.566792, 33.649403, 0.0)
(33.556671, 33.668510, 0.0)
(33.558628, 33.661839, 0.0)
(33.554443, 33.659313, 0.0)
(33.595444, 33.669399, 0.0)
(33.575436, 33.684246, 0.0)
(33.588806, 33.684917, 0.0)
(33.597717, 33.675541, 0.0)
(33.582153, 33.642132, 0.0)
(31.735037, 33.653103, 0.0)
(28.744938, 33.640160, 0.0)
(28.609818, 33.652458, 0.0)
(28.603172, 33.687225, 0.0)
(28.583195, 33.703495, 0.0)
(28.565336, 33.705673, 0.0)
(28.546766, 33.692997, 0.0)
(28.449392, 33.713707, 0.0)
(28.211569, 33.679981, 0.0)
(28.173386, 33.674988, 0.0)
(28.171141, 33.651985, 0.0)
(28.130663, 33.659534, 0.0)
(28.104778, 33.630733, 0.0)
(28.845602, 33.066269, 0.0)
(28.920185, 32.942036, 0.0)
(28.933886, 32.925678, 0.0)
(28.928526, 32.918232, 0.0)
(28.934834, 32.930233, 0.0)
(28.928526, 32.918232, 0.0)
(28.938204, 32.938622, 0.0)
(28.957886, 32.898586, 0.0)
(28.982183, 32.866291, 0.0)
(28.977821, 32.859573, 0.0)
(29.002047, 32.870552, 0.0)
(28.988949, 32.876434, 0.0)
(28.972929, 32.870441, 0.0)
(28.976362, 32.889275, 0.0)
(28.970394, 32.887764, 0.0)
(28.961864, 32.904663, 0.0)
(28.970716, 32.937393, 0.0)
(28.986059, 32.911144, 0.0)
(29.016968, 32.893467, 0.0)
(29.030821, 32.896366, 0.0)
(29.046680, 32.917648, 0.0)
(29.040266, 32.894821, 0.0)
(29.056395, 32.914288, 0.0)
(29.052496, 32.908936, 0.0)
(29.062777, 32.859325, 0.0)
(29.057528, 32.840004, 0.0)
(28.235210, 32.312943, 0.0)
(27.005299, 29.860035, 0.0)
(26.657846, 29.253359, 0.0)
(26.754597, 28.941107, 0.0)
(26.780153, 28.869289, 0.0)
(26.724682, 28.883343, 0.0)
(26.697660, 28.819824, 0.0)
(26.679346, 28.798307, 0.0)
(26.706047, 28.725615, 0.0)
(26.711599, 28.739508, 0.0)
(26.334393, 28.612234, 0.0)
(26.300537, 28.542540, 0.0)
(26.271740, 28.519989, 0.0)
(26.223791, 28.500210, 0.0)
(26.192513, 28.485386, 0.0)
(26.186228, 28.489290, 0.0)
(26.189201, 28.418489, 0.0)
(26.127274, 28.397665, 0.0)
(26.137672, 28.400505, 0.0)
(26.136459, 28.410110, 0.0)
(26.135406, 28.376101, 0.0)
(26.146673, 28.392271, 0.0)
(26.143028, 28.364771, 0.0)
(27.011459, 28.530094, 0.0)
(27.291349, 28.810797, 0.0)
(27.298717, 28.792604, 0.0)
(27.328520, 28.744335, 0.0)
(27.351759, 28.728745, 0.0)
(27.388542, 28.682529, 0.0)
(27.467300, 28.575609, 0.0)
(27.488283, 28.558140, 0.0)
(27.544098, 28.502316, 0.0)
(27.554197, 28.485596, 0.0)
(27.552578, 28.488596, 0.0)
(27.524439, 28.477453, 0.0)
(27.532059, 28.425076, 0.0)
(27.622879, 28.327538, 0.0)
(31.854708, 27.496628, 0.0)
(36.486778, 27.445190, 0.0)
(40.169003, 28.787914, 0.0)
(42.773121, 31.200304, 0.0)
(44.161507, 33.206608, 0.0)
(44.584450, 34.351486, 0.0)
(44.551800, 34.777515, 0.0)
(44.520313, 34.660992, 0.0)
(44.519016, 34.639683, 0.0)
(44.503056, 34.636925, 0.0)
(44.480892, 34.619591, 0.0)
(44.806328, 34.565857, 0.0)
(44.815563, 34.548283, 0.0)
(44.804260, 34.547939, 0.0)
(44.785042, 34.557068, 0.0)
(44.781765, 34.518478, 0.0)
(44.776428, 34.501621, 0.0)
(44.741489, 34.508976, 0.0)
(44.711697, 34.532349, 0.0)
(44.699146, 34.535637, 0.0)
(43.798370, 34.145054, 0.0)
(40.889885, 33.337524, 0.0)
(39.738480, 33.206871, 0.0)
(39.640427, 33.157768, 0.0)
(39.687931, 33.098003, 0.0)
(39.705769, 33.113132, 0.0)
(39.689667, 33.107407, 0.0)
(39.668755, 33.116875, 0.0)
(39.684551, 33.124664, 0.0)
(39.732857, 33.124386, 0.0)
(39.747238, 33.114647, 0.0)
(39.797970, 33.099983, 0.0)
(39.817429, 33.062122, 0.0)
(39.824852, 33.037464, 0.0)
(39.853397, 33.024010, 0.0)
(39.841148, 33.010426, 0.0)
(39.807121, 33.037861, 0.0)
(39.800312, 33.025455, 0.0)
(41.391426, 31.654650, 0.0)
(43.462723, 29.395311, 0.0)
(43.941391, 28.659273, 0.0)
(43.998363, 28.625856, 0.0)
(44.031258, 28.623974, 0.0)
(44.010551, 28.659956, 0.0)
(44.009567, 28.634760, 0.0)
(43.987461, 28.585659, 0.0)
(43.645527, 27.836887, 0.0)
(43.665749, 27.748468, 0.0)
(43.687328, 27.727654, 0.0)
(43.686901, 27.680099, 0.0)
(43.741966, 27.652924, 0.0)
(43.736660, 27.593193, 0.0)
(43.759041, 27.580591, 0.0)
(43.752781, 27.543983, 0.0)
(43.773010, 27.560236, 0.0)
(43.791275, 27.554056, 0.0)
(43.771950, 27.509636, 0.0)
(43.820290, 27.583660, 0.0)
(43.903545, 27.617302, 0.0)
(43.897091, 27.625971, 0.0)
(43.910530, 27.634268, 0.0)
(43.908291, 27.651833, 0.0)
(43.874538, 27.671728, 0.0)
(43.869583, 27.688286, 0.0)
(43.869480, 27.695915, 0.0)
(43.878258, 27.691910, 0.0)
(43.856052, 27.691513, 0.0)
(43.773987, 27.641539, 0.0)
(43.761650, 27.670275, 0.0)
(43.738899, 27.654034, 0.0)
(43.734768, 27.672600, 0.0)
(43.706337, 27.660908, 0.0)
(43.711250, 27.694454, 0.0)
(43.705204, 27.700699, 0.0)
(43.578560, 27.591608, 0.0)
(39.509911, 25.440956, 0.0)
(35.098366, 24.883581, 0.0)
(31.954630, 26.306416, 0.0)
(31.285727, 27.120947, 0.0)
(31.230873, 27.089113, 0.0)
(31.221376, 27.062525, 0.0)
(31.192188, 27.063017, 0.0)
(31.198690, 27.013760, 0.0)
(31.191463, 26.988876, 0.0)
(31.781099, 26.842907, 0.0)
(31.800999, 26.817013, 0.0)
(31.797699, 26.765596, 0.0)
(31.801411, 26.727072, 0.0)
(31.793966, 26.742092, 0.0)
(31.760740, 26.731688, 0.0)
(31.760740, 26.731688, 0.0)
(31.760740, 26.731688, 0.0)
(31.775887, 26.692371, 0.0)
(32.270344, 26.686455, 0.0)
(32.306644, 26.688524, 0.0)
(32.309277, 26.647516, 0.0)
(32.324154, 26.649418, 0.0)
(32.295956, 26.625242, 0.0)
(32.311604, 26.623905, 0.0)
(32.323437, 26.623062, 0.0)
(32.349468, 26.607244, 0.0)
(32.396515, 26.554764, 0.0)
(32.410522, 26.542315, 0.0)
(32.398048, 26.515902, 0.0)
(32.411865, 26.525845, 0.0)
(32.397087, 26.531267, 0.0)
(32.424217, 26.521521, 0.0)
(32.376404, 26.567823, 0.0)
(32.378807, 26.554100, 0.0)
(32.402313, 26.516102, 0.0)
(32.382561, 26.517445, 0.0)
(32.384220, 26.491276, 0.0)
(32.482754, 26.481457, 0.0)
(35.766602, 27.486244, 0.0)
(36.157177, 27.708055, 0.0)
(36.169609, 27.714611, 0.0)
(36.162159, 27.682808, 0.0)
(36.167347, 27.646963, 0.0)
(36.869858, 28.090374, 0.0)
(36.935661, 28.257801, 0.0)
(36.914948, 28.240673, 0.0)
(36.920231, 28.229916, 0.0)
(36.910198, 28.222910, 0.0)
(36.931950, 28.240337, 0.0)
(36.941544, 28.238802, 0.0)
(36.941025, 28.254198, 0.0)
(36.927795, 28.277964, 0.0)
(37.161686, 28.226158, 0.0)
(37.157040, 28.252565, 0.0)
(37.153980, 28.248886, 0.0)
(37.170895, 28.222698, 0.0)
(37.174503, 28.232489, 0.0)
(37.158607, 28.228405, 0.0)
(37.163845, 28.242416, 0.0)
(37.161484, 28.258751, 0.0)
(37.175606, 28.277611, 0.0)
(37.181091, 28.276245, 0.0)
(37.175373, 28.235081, 0.0)
(37.202686, 28.232065, 0.0)
(37.180286, 28.215202, 0.0)
(37.162766, 28.239614, 0.0)
(37.127689, 28.345728, 0.0)
(37.113091, 28.366571, 0.0)
(37.111927, 28.371273, 0.0)
(37.127472, 28.353342, 0.0)
(37.124847, 28.322990, 0.0)
(37.127232, 28.348488, 0.0)
(37.108665, 28.353073, 0.0)
(37.083427, 28.313393, 0.0)
(37.076401, 28.333445, 0.0)
(33.688576, 29.428654, 0.0)
(30.719166, 30.690632, 0.0)
(30.405991, 31.547482, 0.0)
(30.749275, 31.735481, 0.0)
(30.733728, 31.740797, 0.0)
(30.687693, 31.749365, 0.0)
(30.646420, 31.775290, 0.0)
(30.615843, 31.812998, 0.0)
(30.604502, 31.801952, 0.0)
(30.597282, 31.807154, 0.0)
(30.596159, 31.793194, 0.0)
(30.578556, 31.767786, 0.0)
(30.366806, 31.803459, 0.0)
(30.320757, 31.786118, 0.0)
(30.281551, 31.763142, 0.0)
(30.308220, 31.746841, 0.0)
(30.270388, 31.766363, 0.0)
(30.264246, 31.765978, 0.0)
(31.664400, 31.472393, 0.0)
(34.597767, 31.228014, 0.0)
(34.880684, 31.318205, 0.0)
(34.877907, 31.270866, 0.0)
(34.869881, 31.261538, 0.0)
(34.878990, 31.274010, 0.0)
(34.847218, 31.271919, 0.0)
(34.811604, 31.262726, 0.0)
(34.759445, 31.295078, 0.0)
(34.754398, 31.271639, 0.0)
(34.763535, 31.260387, 0.0)
(34.756329, 31.232126, 0.0)
(34.770939, 31.225765, 0.0)
(34.763660, 31.224829, 0.0)
(34.756992, 31.227596, 0.0)
(34.772011, 31.217632, 0.0)
(34.755939, 31.223078, 0.0)
(34.750862, 31.204365, 0.0)
(34.753803, 31.217270, 0.0)
(34.757923, 31.217522, 0.0)
(34.673634, 31.251423, 0.0)
(31.229597, 32.836979, 0.0)
(28.199446, 34.620590, 0.0)
(27.187471, 36.325439, 0.0)
(27.415056, 37.116039, 0.0)
(27.900856, 37.401432, 0.0)
(27.999197, 37.374313, 0.0)
(27.945229, 37.373539, 0.0)
(27.889280, 37.384720, 0.0)
(27.884964, 37.393284, 0.0)
(27.889412, 37.359959, 0.0)
(27.884996, 37.349102, 0.0)
(27.850193, 37.324966, 0.0)
(27.855389, 37.264095, 0.0)
(27.816050, 37.268650, 0.0)
(27.814190, 37.258827, 0.0)
(27.801592, 37.265564, 0.0)
(27.805798, 37.248295, 0.0)
(27.800026, 37.254055, 0.0)
(27.732639, 37.079407, 0.0)
(27.775082, 36.557293, 0.0)
(27.771090, 36.527306, 0.0)
(27.740585, 36.528492, 0.0)
(27.688576, 36.524975, 0.0)
(27.674574, 36.512718, 0.0)
(27.676273, 36.486889, 0.0)
(27.692091, 36.469498, 0.0)
(27.980394, 36.286819, 0.0)
(28.971462, 35.487366, 0.0)
(29.034283, 35.411888, 0.0)
(29.037407, 35.403591, 0.0)
(29.035658, 35.363304, 0.0)
(29.023302, 35.393845, 0.0)
(29.038485, 35.372704, 0.0)
(29.065411, 35.357445, 0.0)
(29.075850, 35.350697, 0.0)
(29.096125, 35.356712, 0.0)
(29.498821, 35.235939, 0.0)
(31.540205, 35.192753, 0.0)
(31.702909, 35.130646, 0.0)
(31.713816, 35.107075, 0.0)
(31.709332, 35.088272, 0.0)
(31.579714, 34.842186, 0.0)
(32.329456, 35.914692, 0.0)
(32.466648, 36.569824, 0.0)
(32.027538, 35.395237, 0.0)
(31.879227, 34.962925, 0.0)
(31.812151, 34.985027, 0.0)
(31.750494, 35.141743, 0.0)
(31.735903, 35.171829, 0.0)
(31.746828, 35.161221, 0.0)
(31.732082, 35.224323, 0.0)
(31.747658, 35.218037, 0.0)
(31.763378, 35.239426, 0.0)
(31.756950, 35.224998, 0.0)
(31.740551, 35.202511, 0.0)
(31.887312, 34.876644, 0.0)
(31.878046, 34.894157, 0.0)
(31.884001, 34.875313, 0.0)
(31.877800, 34.888355, 0.0)
(31.887024, 34.908890, 0.0)
(31.932787, 34.853436, 0.0)
(32.760517, 34.214905, 0.0)
(33.279232, 33.755005, 0.0)
(33.339127, 33.742256, 0.0)
(33.352455, 33.752850, 0.0)
(33.404762, 33.684311, 0.0)
(33.397114, 33.638523, 0.0)
(33.429935, 33.581966, 0.0)
(33.440029, 33.575001, 0.0)
(33.452930, 33.574902, 0.0)
(33.468822, 33.606312, 0.0)
(33.476322, 33.586487, 0.0)
(33.480309, 33.594742, 0.0)
(33.878029, 33.622898, 0.0)
(37.973808, 35.039185, 0.0)
(39.456284, 35.999870, 0.0)
(39.581100, 35.991871, 0.0)
(39.638252, 35.935402, 0.0)
(39.652416, 35.921677, 0.0)
(39.654987, 35.897182, 0.0)
(39.664944, 35.868351, 0.0)
(39.638016, 35.866848, 0.0)
(39.644119, 35.863354, 0.0)
(39.660336, 35.812016, 0.0)
(39.689098, 35.825447, 0.0)
(39.381264, 35.272728, 0.0)
(39.443260, 35.157269, 0.0)
(39.424824, 35.165684, 0.0)
(39.378529, 35.152367, 0.0)
(39.360157, 35.147747, 0.0)
(39.333179, 35.158085, 0.0)
(39.349953, 35.141087, 0.0)
(39.346050, 35.138462, 0.0)
(39.332909, 35.106819, 0.0)
(39.310677, 35.096519, 0.0)
(39.307140, 35.102684, 0.0)
(39.381733, 35.044682, 0.0)
(39.775295, 33.762440, 0.0)
(39.728115, 33.572937, 0.0)
(39.684464, 33.567921, 0.0)
(39.694874, 33.525600, 0.0)
(39.688396, 33.498219, 0.0)
(39.678791, 33.518398, 0.0)
(39.678955, 33.513203, 0.0)
(39.679409, 33.517788, 0.0)
(39.675209, 33.537132, 0.0)
(39.664909, 33.531006, 0.0)
(39.651489, 33.546085, 0.0)
(39.668694, 33.547672, 0.0)
(39.670513, 33.540234, 0.0)
(39.666599, 33.506680, 0.0)
(36.830128, 31.703436, 0.0)
(32.601677, 29.018772, 0.0)
(29.682959, 28.606615, 0.0)
(28.492966, 28.682755, 0.0)
(28.550779, 28.415442, 0.0)
(28.479477, 28.407459, 0.0)
(28.432301, 28.431391, 0.0)
(28.410845, 28.411236, 0.0)
(28.008261, 28.907877, 0.0)
(27.900711, 29.092501, 0.0)
(27.885828, 29.079605, 0.0)
(27.902489, 29.065266, 0.0)
(27.850410, 29.050585, 0.0)
(27.821941, 29.045307, 0.0)
(27.778519, 29.042656, 0.0)
(27.776716, 29.066149, 0.0)
(27.780622, 29.289598, 0.0)
(27.778820, 29.280697, 0.0)
(27.791731, 29.195906, 0.0)
(27.796207, 29.196089, 0.0)
(27.794359, 29.191143, 0.0)
(27.770605, 29.201036, 0.0)
(27.780867, 29.274632, 0.0)
(27.756796, 29.299715, 0.0)
(27.749868, 29.325014, 0.0)
(27.727612, 29.333614, 0.0)
(27.727755, 29.354771, 0.0)
(27.723101, 29.365402, 0.0)
(27.709311, 29.363909, 0.0)
(27.715647, 29.389704, 0.0)
(27.719719, 29.410002, 0.0)
(27.681255, 29.425640, 0.0)
(27.663757, 29.451838, 0.0)
(27.663996, 29.448133, 0.0)
(27.670166, 29.452702, 0.0)
(27.677601, 29.423733, 0.0)
(27.672846, 29.405836, 0.0)
(27.678089, 29.404804, 0.0)
(27.725496, 29.415562, 0.0)
(30.446005, 29.416815, 0.0)
(34.855080, 30.180405, 0.0)
(38.488739, 31.929930, 0.0)
(41.014320, 34.143208, 0.0)
(41.650288, 35.491665, 0.0)
(41.362751, 35.871414, 0.0)
(41.347015, 35.844326, 0.0)
(41.356873, 35.802872, 0.0)
(41.368408, 35.771744, 0.0)
(41.332947, 35.750462, 0.0)
(41.312714, 35.702602, 0.0)
(41.305176, 35.693508, 0.0)
(41.291122, 35.616978, 0.0)
(40.024330, 34.201420, 0.0)
(39.765743, 33.824562, 0.0)
(39.709347, 33.747746, 0.0)
(39.726864, 33.728363, 0.0)
(39.714592, 33.711578, 0.0)
(39.724056, 33.715538, 0.0)
(39.702312, 33.697178, 0.0)
(39.704391, 33.713669, 0.0)
(39.729664, 33.684662, 0.0)
(39.747959, 33.683018, 0.0)
(39.710285, 33.723820, 0.0)
(39.701542, 33.749599, 0.0)
(39.735241, 33.714848, 0.0)
(39.737770, 33.725811, 0.0)
(39.755104, 33.725323, 0.0)
(39.756603, 33.729313, 0.0)
(39.745945, 33.746555, 0.0)
(39.772331, 33.744190, 0.0)
(39.780918, 33.733757, 0.0)
(39.761478, 33.725819, 0.0)
(39.764526, 33.687103, 0.0)
(39.749451, 33.677559, 0.0)
(39.652031, 33.720875, 0.0)
(37.628830, 33.096691, 0.0)
(32.571846, 31.081041, 0.0)
(28.938728, 31.284872, 0.0)
(27.417715, 31.606686, 0.0)
(27.298969, 31.436752, 0.0)
(27.276602, 31.432241, 0.0)
(27.225946, 31.474163, 0.0)
(27.200380, 31.499683, 0.0)
(27.152353, 31.546703, 0.0)
(26.669746, 32.180492, 0.0)
(26.630838, 32.258854, 0.0)
(26.621775, 32.231880, 0.0)
(26.695683, 32.183956, 0.0)
(26.703653, 32.133011, 0.0)
(26.682081, 32.117233, 0.0)
(26.723114, 32.036404, 0.0)
(26.757166, 31.868093, 0.0)
(26.824335, 31.791384, 0.0)
(26.801167, 31.756025, 0.0)
(26.792017, 31.736858, 0.0)
(26.821884, 31.721645, 0.0)
(26.791172, 31.699966, 0.0)
(26.825691, 31.687862, 0.0)
(26.831366, 31.708361, 0.0)
(26.819571, 31.719576, 0.0)
(26.789700, 31.755131, 0.0)
(27.327021, 31.453476, 0.0)
(27.313528, 31.506466, 0.0)
(27.303493, 31.584711, 0.0)
(27.313761, 31.616924, 0.0)
(27.318895, 31.637247, 0.0)
(27.286695, 31.629730, 0.0)
(27.267345, 31.614025, 0.0)
(27.256987, 31.615587, 0.0)
(27.243601, 31.640965, 0.0)
(27.235437, 31.678106, 0.0)
(27.238272, 31.674652, 0.0)
(27.243189, 31.682590, 0.0)
(27.260115, 31.676342, 0.0)
(26.946999, 31.570816, 0.0)
(27.052984, 31.828350, 0.0)
(27.776878, 32.030384, 0.0)
(28.286253, 31.638920, 0.0)
(28.386612, 32.020443, 0.0)
(28.393684, 32.166031, 0.0)
(28.386370, 32.215923, 0.0)
(28.364744, 32.274090, 0.0)
(28.339993, 32.289776, 0.0)
(28.312248, 32.316814, 0.0)
(28.524511, 32.147331, 0.0)
(28.788454, 31.987110, 0.0)
(28.783611, 31.976963, 0.0)
(28.368370, 32.163437, 0.0)
(28.236628, 32.203110, 0.0)
(28.315231, 32.108643, 0.0)
(28.331245, 32.077229, 0.0)
(28.292683, 32.112175, 0.0)
(28.642925, 31.871735, 0.0)
(28.612108, 31.912010, 0.0)
(28.575037, 31.889162, 0.0)
(28.563717, 31.901817, 0.0)
(28.572008, 31.891859, 0.0)
(28.564615, 31.888138, 0.0)
(28.550467, 31.867094, 0.0)
(28.537954, 31.859970, 0.0)
(28.530447, 31.870590, 0.0)
(28.523855, 31.858795, 0.0)
(28.502050, 31.857405, 0.0)
(28.509125, 31.825708, 0.0)
(28.515442, 31.806707, 0.0)
(28.523298, 31.804611, 0.0)
(28.536549, 31.788563, 0.0)
(28.524950, 31.779417, 0.0)
(28.507515, 31.767179, 0.0)
(28.505655, 31.755119, 0.0)
(29.406683, 31.431915, 0.0)
(34.077480, 30.353434, 0.0)
(37.950191, 30.509867, 0.0)
(40.000561, 30.959898, 0.0)
(40.128857, 30.930653, 0.0)
(40.196457, 30.862282, 0.0)
(40.245068, 30.865740, 0.0)
(40.330574, 30.827070, 0.0)
(40.658409, 30.863548, 0.0)
(41.111790, 30.963949, 0.0)
(41.240059, 31.007847, 0.0)
(41.272480, 30.955542, 0.0)
(41.303493, 30.921640, 0.0)
(41.326698, 30.919508, 0.0)
(41.276833, 30.933641, 0.0)
(40.972729, 30.856655, 0.0)
(40.970268, 30.836536, 0.0)
(40.986290, 30.842333, 0.0)
(41.023136, 30.847672, 0.0)
(41.062305, 30.841990, 0.0)
(41.081516, 30.813553, 0.0)
(41.094585, 30.783445, 0.0)
(41.083759, 30.801308, 0.0)
(41.084076, 30.801399, 0.0)
(41.101101, 30.810488, 0.0)
(41.097500, 30.800131, 0.0)
(41.094627, 30.796772, 0.0)
(41.106586, 30.823011, 0.0)
(41.096981, 30.850256, 0.0)
(41.088009, 30.847107, 0.0)
(41.096016, 30.882866, 0.0)
(41.040092, 30.851831, 0.0)
(41.026051, 30.855417, 0.0)
(40.994705, 30.862186, 0.0)
(40.997971, 30.848167, 0.0)
(40.987747, 30.874680, 0.0)
(40.976170, 30.881382, 0.0)
(40.870106, 30.920610, 0.0)
(36.463505, 31.284735, 0.0)
(32.437901, 33.360268, 0.0)
(29.746439, 36.278107, 0.0)
(28.809568, 37.749249, 0.0)
(28.773329, 37.836651, 0.0)
(28.713528, 37.768223, 0.0)
(28.658230, 37.773804, 0.0)
(28.283218, 37.942070, 0.0)
(27.827002, 38.359066, 0.0)
(27.749311, 38.380589, 0.0)
(27.740011, 38.366676, 0.0)
(27.703552, 38.383644, 0.0)
(27.688259, 38.362068, 0.0)
(27.707401, 38.339584, 0.0)
(27.740891, 38.294922, 0.0)
(27.704340, 38.298206, 0.0)
(28.220350, 37.346905, 0.0)
(28.212662, 37.225163, 0.0)
(28.188536, 37.232666, 0.0)
(28.142904, 37.258419, 0.0)
(28.136091, 37.247467, 0.0)
(28.117218, 37.258423, 0.0)
(28.287949, 37.041546, 0.0)
(31.265629, 34.002876, 0.0)
(33.512310, 32.112896, 0.0)
(33.704254, 32.000000, 0.0)
(33.694561, 32.002762, 0.0)
(33.694275, 32.007053, 0.0)
(33.711124, 32.005974, 0.0)
(33.700150, 32.023067, 0.0)
(33.734680, 32.008816, 0.0)
(33.765076, 32.005524, 0.0)
(33.785114, 32.003593, 0.0)
(33.798119, 31.994020, 0.0)
(33.798119, 31.994020, 0.0)
(33.794979, 31.994711, 0.0)
(33.797607, 32.005997, 0.0)
(33.787388, 31.993732, 0.0)
(35.716019, 31.786600, 0.0)
(40.143860, 31.981968, 0.0)
(42.796055, 32.813847, 0.0)
(43.677448, 33.264500, 0.0)
(43.545597, 33.252380, 0.0)
(43.686691, 33.207260, 0.0)
(43.673267, 33.215839, 0.0)
(43.648701, 33.243042, 0.0)
(43.664791, 33.177044, 0.0)
(43.677593, 33.124115, 0.0)
(43.660118, 33.132378, 0.0)
(43.683697, 33.096470, 0.0)
(43.665890, 33.097977, 0.0)
(43.629688, 33.151352, 0.0)
(43.632839, 33.030334, 0.0)
(43.623959, 33.030838, 0.0)
(43.558231, 32.998451, 0.0)
(43.623310, 33.016342, 0.0)
(43.605022, 33.012653, 0.0)
(43.563480, 33.013222, 0.0)
(43.562550, 32.987789, 0.0)
(43.550446, 32.985313, 0.0)
(43.532547, 33.002224, 0.0)
(43.532009, 32.993515, 0.0)
(43.523701, 33.023392, 0.0)
(43.482243, 33.010632, 0.0)
(43.480473, 33.026917, 0.0)
(43.467964, 33.031300, 0.0)
(43.466499, 33.043716, 0.0)
(43.495323, 33.025856, 0.0)
(43.489811, 33.030487, 0.0)
(43.491329, 33.031902, 0.0)
(43.486900, 33.031456, 0.0)
(43.482624, 33.032417, 0.0)
(43.474323, 33.019455, 0.0)
(43.458935, 33.065151, 0.0)
(43.452568, 33.083466, 0.0)
(43.452366, 33.072182, 0.0)
(42.261627, 32.886738, 0.0)
(39.742779, 33.154530, 0.0)
(39.530090, 34.495754, 0.0)
(39.389061, 34.803253, 0.0)
(39.392197, 34.788517, 0.0)
(39.391113, 34.775291, 0.0)
(39.357574, 34.755745, 0.0)
(39.332794, 34.692841, 0.0)
(39.281925, 34.585915, 0.0)
(38.794483, 34.539589, 0.0)
(39.161461, 35.074577, 0.0)
(39.238537, 34.930363, 0.0)
(39.156155, 34.541817, 0.0)
(39.184113, 34.564468, 0.0)
(39.200748, 34.657856, 0.0)
(39.225346, 34.693836, 0.0)
(39.219009, 34.732212, 0.0)
(39.235302, 34.732704, 0.0)
(38.585491, 34.119915, 0.0)
(38.372452, 33.666183, 0.0)
(38.358974, 33.565739, 0.0)
(38.367516, 33.540096, 0.0)
(38.365410, 33.542969, 0.0)
(38.360378, 33.536503, 0.0)
(38.336445, 33.553566, 0.0)
(38.313068, 33.528271, 0.0)
(38.297321, 33.506546, 0.0)
(38.274139, 33.519142, 0.0)
(38.297234, 33.542774, 0.0)
(38.327881, 33.520592, 0.0)
(38.306923, 33.525318, 0.0)
(38.311169, 33.519176, 0.0)
(38.322868, 33.485786, 0.0)
(38.286102, 33.461403, 0.0)
(38.267899, 33.460934, 0.0)
(38.260864, 33.457710, 0.0)
(38.239727, 33.460941, 0.0)
(38.504311, 33.456985, 0.0)
(42.241707, 32.685444, 0.0)
(44.234913, 32.978359, 0.0)
(44.430912, 32.856571, 0.0)
(44.452160, 32.815693, 0.0)
(44.457378, 32.810963, 0.0)
(44.451378, 32.837135, 0.0)
(44.805519, 32.844116, 0.0)
(44.677444, 32.786366, 0.0)
(44.661102, 32.777206, 0.0)
(44.649666, 32.745300, 0.0)
(44.637035, 32.725304, 0.0)
(44.687172, 32.764351, 0.0)
(44.688194, 32.756271, 0.0)
(44.693424, 32.747303, 0.0)
(44.716763, 32.757542, 0.0)
(44.720490, 32.737011, 0.0)
(44.713291, 32.718517, 0.0)
(44.706406, 32.752739, 0.0)
(44.693176, 32.790363, 0.0)
(44.699162, 32.789440, 0.0)
(44.696270, 32.790104, 0.0)
(44.439392, 32.636013, 0.0)
(43.877144, 32.148579, 0.0)
(43.846588, 32.099758, 0.0)
(43.840370, 32.086979, 0.0)
(43.869442, 32.098545, 0.0)
(43.835747, 32.136662, 0.0)
(43.845783, 32.105885, 0.0)
(43.852577, 32.129028, 0.0)
(43.856503, 32.145782, 0.0)
(43.863594, 32.147617, 0.0)
(43.863594, 32.147617, 0.0)
(43.845844, 32.154369, 0.0)
(43.826199, 32.169659, 0.0)
(43.815559, 32.173248, 0.0)
(43.798576, 32.203793, 0.0)
(43.798576, 32.203793, 0.0)
(41.946617, 31.358854, 0.0)
(37.596931, 29.737574, 0.0)
(34.675915, 29.575384, 0.0)
(34.623486, 30.001091, 0.0)
(34.756092, 30.009327, 0.0)
(34.767876, 30.002335, 0.0)
(34.747925, 30.022341, 0.0)
(34.725315, 30.012417, 0.0)
(34.245697, 30.184504, 0.0)
(34.169880, 30.191889, 0.0)
(34.169880, 30.154308, 0.0)
(34.160351, 30.138500, 0.0)
(34.156261, 30.137793, 0.0)
(34.172035, 30.117384, 0.0)
(34.164333, 30.087200, 0.0)
(34.172546, 30.077703, 0.0)
(34.172428, 30.077906, 0.0)
(34.169476, 30.079868, 0.0)
(34.428860, 30.068943, 0.0)
(34.419895, 30.054041, 0.0)
(34.419060, 30.043468, 0.0)
(34.440262, 30.046255, 0.0)
(34.438519, 30.035925, 0.0)
(34.454571, 30.011688, 0.0)
(34.458324, 30.013300, 0.0)
(34.417519, 30.010178, 0.0)
(34.414497, 30.008249, 0.0)
(34.424171, 30.000952, 0.0)
(34.447514, 30.006218, 0.0)
(34.442909, 29.992874, 0.0)
(34.416275, 29.984892, 0.0)
(34.424911, 29.990114, 0.0)
(34.391598, 29.973091, 0.0)
(34.388302, 29.975368, 0.0)
(34.364330, 29.982166, 0.0)
(34.360661, 29.973822, 0.0)
(34.362820, 29.977934, 0.0)
(34.350559, 29.997091, 0.0)
(33.215229, 29.509611, 0.0)
(30.970266, 28.147987, 0.0)
(30.573606, 28.052700, 0.0)
(30.509830, 28.052641, 0.0)
(30.423424, 28.089144, 0.0)
(30.391273, 28.108913, 0.0)
(30.042032, 28.145828, 0.0)
(29.862467, 28.076746, 0.0)
(29.813597, 28.074924, 0.0)
(29.771231, 28.016142, 0.0)
(29.778160, 27.969231, 0.0)
(29.735544, 27.946552, 0.0)
(29.692327, 27.938242, 0.0)
(29.691170, 27.924322, 0.0)
(29.664427, 27.928225, 0.0)
(29.652006, 27.958771, 0.0)
(29.652376, 27.972118, 0.0)
(29.655220, 27.938978, 0.0)
(29.626860, 27.942127, 0.0)
(29.619776, 27.970409, 0.0)
(29.587976, 27.998835, 0.0)
(29.532282, 28.036507, 0.0)
(29.518661, 28.045473, 0.0)
(30.221518, 28.381638, 0.0)
(30.391556, 28.709030, 0.0)
(30.396675, 28.708599, 0.0)
(30.383560, 28.733820, 0.0)
(30.354841, 28.706936, 0.0)
(30.373203, 28.724710, 0.0)
(30.363817, 28.741701, 0.0)
(30.327423, 28.755358, 0.0)
(30.307438, 28.776808, 0.0)
(30.282745, 28.878817, 0.0)
(30.264486, 28.925703, 0.0)
(30.240438, 28.919601, 0.0)
(30.253170, 28.913500, 0.0)
(30.269701, 28.892437, 0.0)
(30.266790, 28.928856, 0.0)
(32.993301, 29.205141, 0.0)
(36.726772, 30.199257, 0.0)
(39.645061, 32.721439, 0.0)
(41.275372, 35.246029, 0.0)
(41.727993, 37.193634, 0.0)
(41.343216, 38.025150, 0.0)
(41.266331, 38.055111, 0.0)
(41.244717, 38.016979, 0.0)
(41.196033, 37.984341, 0.0)
(41.163475, 37.941761, 0.0)
(41.145767, 37.901745, 0.0)
(41.142857, 37.870247, 0.0)
(41.102573, 37.850109, 0.0)
(40.529480, 36.022770, 0.0)
(40.325916, 35.518085, 0.0)
(40.304722, 35.469666, 0.0)
(40.344086, 35.444439, 0.0)
(40.352940, 35.437130, 0.0)
(40.339008, 35.434990, 0.0)
(40.389229, 35.420490, 0.0)
(40.403236, 35.435486, 0.0)
(40.410046, 35.365284, 0.0)
(40.456417, 35.332199, 0.0)
(40.450470, 35.298141, 0.0)
(40.459106, 35.277302, 0.0)
(40.461636, 35.280025, 0.0)
(40.454662, 35.283718, 0.0)
(40.459106, 35.277302, 0.0)
(40.449196, 35.270706, 0.0)
(40.452045, 35.260548, 0.0)
(40.465405, 35.246750, 0.0)
(40.460938, 35.250553, 0.0)
(40.444351, 35.245987, 0.0)
(40.435478, 35.248966, 0.0)
(40.422806, 35.228298, 0.0)
(40.431499, 35.228851, 0.0)
(40.411858, 35.230114, 0.0)
(42.797306, 34.808517, 0.0)
(44.411221, 34.476261, 0.0)
(44.536232, 34.235382, 0.0)
(44.535957, 34.139030, 0.0)
(44.538750, 34.136600, 0.0)
(44.535957, 34.139030, 0.0)
(44.541977, 34.165936, 0.0)
(44.525906, 34.184803, 0.0)
(44.531364, 34.160095, 0.0)
(44.414108, 33.993294, 0.0)
(44.392151, 33.848583, 0.0)
(44.410255, 33.829418, 0.0)
(44.378082, 33.876057, 0.0)
(44.319405, 33.915165, 0.0)
(44.331970, 33.895565, 0.0)
(44.348427, 33.868877, 0.0)
(44.387665, 33.828186, 0.0)
(44.411999, 33.789227, 0.0)
(42.539989, 32.995060, 0.0)
(40.991425, 32.634659, 0.0)
(40.883972, 32.626419, 0.0)
(40.887470, 32.590633, 0.0)
(40.863422, 32.561752, 0.0)
(40.877396, 32.577053, 0.0)
(40.875046, 32.587543, 0.0)
(40.870258, 32.595154, 0.0)
(40.882511, 32.619808, 0.0)
(40.875702, 32.558464, 0.0)
(40.869816, 32.569286, 0.0)
(40.877743, 32.542175, 0.0)
(40.911823, 32.537968, 0.0)
(40.906048, 32.546486, 0.0)
(40.921143, 32.537525, 0.0)
(40.957008, 32.532223, 0.0)
(40.950214, 32.515823, 0.0)
(40.939041, 32.511642, 0.0)
(40.941757, 32.511986, 0.0)
(40.934479, 32.469818, 0.0)
(40.926399, 32.496738, 0.0)
(40.718208, 32.091167, 0.0)
(40.049397, 30.018681, 0.0)
(39.944195, 29.694527, 0.0)
(39.924313, 29.626541, 0.0)
(39.928051, 29.574345, 0.0)
(39.943413, 29.565327, 0.0)
(39.924870, 29.582296, 0.0)
(39.914211, 29.565624, 0.0)
(39.930901, 29.543058, 0.0)
(39.925972, 29.521423, 0.0)
(39.961334, 29.490276, 0.0)
(39.929794, 29.449411, 0.0)
(39.898445, 29.420925, 0.0)
(39.652088, 29.325930, 0.0)
(39.652988, 29.251350, 0.0)
(39.631630, 29.209000, 0.0)
(39.623768, 29.227421, 0.0)
(39.601933, 29.225483, 0.0)
(39.577095, 29.254406, 0.0)
(39.559151, 29.277624, 0.0)
(39.511795, 29.285975, 0.0)
(39.518383, 29.268026, 0.0)
(39.535587, 29.284590, 0.0)
(39.517368, 29.329350, 0.0)
(39.516022, 29.337416, 0.0)
(39.490902, 29.363234, 0.0)
(39.483101, 29.335005, 0.0)
(39.492268, 29.364622, 0.0)
(39.486835, 29.392176, 0.0)
(39.463181, 29.396568, 0.0)
(39.438755, 29.406363, 0.0)
(39.436859, 29.411140, 0.0)
(39.444641, 29.411491, 0.0)
(39.435432, 29.427219, 0.0)
(39.420998, 29.432526, 0.0)
(39.438278, 29.441450, 0.0)
(39.469906, 29.418629, 0.0)
(37.761341, 29.774729, 0.0)
(35.460300, 30.617138, 0.0)
(34.735638, 32.420738, 0.0)
(34.933708, 33.521786, 0.0)
(35.005672, 33.708530, 0.0)
(34.985588, 33.704296, 0.0)
(34.957176, 33.696518, 0.0)
(34.958481, 33.665752, 0.0)
(34.879280, 33.762573, 0.0)
(34.783257, 33.918293, 0.0)
(34.750324, 33.952694, 0.0)
(34.729633, 33.955555, 0.0)
(34.710716, 33.940289, 0.0)
(34.668026, 33.968708, 0.0)
(34.642105, 33.971859, 0.0)
(34.640095, 33.932861, 0.0)
(34.634251, 33.938328, 0.0)
(34.988552, 33.512585, 0.0)
(35.006748, 33.496151, 0.0)
(34.985992, 33.481491, 0.0)
(34.980022, 33.456139, 0.0)
(34.960140, 33.447853, 0.0)
(34.949009, 33.459736, 0.0)
(34.950722, 33.484486, 0.0)
(34.978573, 33.467968, 0.0)
(34.963345, 33.477428, 0.0)
(34.963680, 33.455616, 0.0)
(34.955441, 33.464031, 0.0)
(34.951817, 33.431656, 0.0)
(34.943039, 33.426178, 0.0)
(34.941277, 33.437557, 0.0)
(34.932156, 33.428898, 0.0)
(34.941277, 33.409790, 0.0)
(34.925694, 33.391418, 0.0)
(34.931881, 33.359581, 0.0)
(34.915688, 33.365253, 0.0)
(34.929398, 33.362324, 0.0)
(38.071114, 32.677105, 0.0)
(41.656422, 31.568493, 0.0)
(43.217403, 31.499535, 0.0)
(43.264503, 31.396379, 0.0)
(43.294197, 31.389595, 0.0)
(43.304085, 31.368252, 0.0)
(43.294849, 31.363953, 0.0)
(43.283508, 31.361742, 0.0)
(43.298843, 31.345385, 0.0)
(43.332722, 31.361526, 0.0)
(43.680618, 31.670076, 0.0)
(43.627792, 31.623091, 0.0)
(43.602795, 31.600000, 0.0)
(43.586769, 31.590052, 0.0)
(43.610138, 31.557869, 0.0)
(43.314602, 31.340269, 0.0)
(43.298679, 31.306946, 0.0)
(43.310123, 31.228622, 0.0)
(43.294556, 31.238476, 0.0)
(43.276543, 31.279823, 0.0)
(43.271954, 31.295664, 0.0)
(43.254780, 31.289490, 0.0)
(43.247047, 31.267336, 0.0)
(43.242569, 31.207855, 0.0)
(43.229137, 31.212826, 0.0)
(43.186745, 31.203947, 0.0)
(43.173439, 31.255312, 0.0)
(43.168331, 31.268169, 0.0)
(43.161560, 31.255814, 0.0)
(43.147388, 31.245398, 0.0)
(43.126328, 31.272381, 0.0)
(43.129597, 31.277575, 0.0)
(43.141716, 31.304907, 0.0)
(43.136108, 31.294170, 0.0)
(43.136536, 31.289831, 0.0)
(43.158390, 31.297461, 0.0)
(43.156841, 31.297642, 0.0)
(43.143665, 31.312157, 0.0)
(40.395092, 29.344490, 0.0)
(35.916878, 27.173384, 0.0)
(32.043629, 27.827553, 0.0)
(29.805059, 29.112261, 0.0)
(29.764208, 29.186907, 0.0)
(29.806004, 29.146631, 0.0)
(29.767548, 29.138702, 0.0)
(30.798309, 28.808260, 0.0)
(31.227959, 28.748989, 0.0)
(31.200241, 28.726368, 0.0)
(31.206213, 28.627844, 0.0)
(31.220146, 28.609755, 0.0)
(31.196075, 28.604187, 0.0)
(31.177773, 28.613470, 0.0)
(31.178047, 28.589552, 0.0)
(31.168756, 28.594515, 0.0)
(31.135603, 28.582985, 0.0)
(31.135162, 28.583525, 0.0)
(31.123787, 28.578506, 0.0)
(31.125622, 28.589201, 0.0)
(31.118008, 28.570082, 0.0)
(31.128595, 28.538326, 0.0)
(31.091814, 28.539341, 0.0)
(31.088778, 28.553434, 0.0)
(30.869146, 28.743631, 0.0)
(30.854580, 28.773987, 0.0)
(30.884741, 28.735703, 0.0)
(30.904123, 28.723888, 0.0)
(30.917473, 28.669138, 0.0)
(30.890448, 28.642359, 0.0)
(30.870945, 28.654758, 0.0)
(30.895927, 28.586666, 0.0)
(30.924253, 28.556772, 0.0)
(30.905840, 28.554577, 0.0)
(30.904762, 28.543224, 0.0)
(30.892067, 28.502745, 0.0)
(30.883989, 28.498032, 0.0)
(30.884781, 28.507917, 0.0)
(28.762869, 28.802200, 0.0)
(26.823282, 29.469700, 0.0)
(26.652040, 29.467670, 0.0)
(26.629395, 29.487373, 0.0)
(26.604744, 29.518303, 0.0)
(26.559597, 29.576815, 0.0)
(26.241341, 29.931669, 0.0)
(26.109465, 30.069107, 0.0)
(26.058353, 30.126373, 0.0)
(26.006878, 30.113079, 0.0)
(26.016155, 30.116161, 0.0)
(25.986267, 30.129066, 0.0)
(25.949997, 30.129230, 0.0)
(25.878117, 30.173626, 0.0)
(25.838526, 30.170286, 0.0)
(25.787580, 30.208374, 0.0)
(25.605383, 30.293915, 0.0)
(25.588245, 30.309130, 0.0)
(25.571226, 30.333902, 0.0)
(25.540823, 30.353474, 0.0)
(25.524315, 30.355511, 0.0)
(25.514994, 30.381783, 0.0)
(25.520737, 30.394516, 0.0)
(25.528954, 30.416962, 0.0)
(25.527304, 30.437590, 0.0)
(25.532766, 30.444736, 0.0)
(25.526331, 30.458771, 0.0)
(25.530787, 30.466728, 0.0)
(25.539268, 30.451668, 0.0)
(25.546185, 30.482189, 0.0)
(25.534893, 30.498217, 0.0)
(25.529947, 30.487625, 0.0)
(25.533459, 30.507618, 0.0)
(25.542747, 30.493773, 0.0)
(25.562140, 30.475000, 0.0)
(25.577312, 30.457840, 0.0)
(25.574659, 30.439144, 0.0)
(27.040361, 29.535965, 0.0)
(32.029205, 27.746056, 0.0)
(35.953190, 28.653112, 0.0)
(37.107006, 29.517782, 0.0)
(37.221817, 29.491354, 0.0)
(37.217171, 29.412432, 0.0)
(37.231434, 29.358835, 0.0)
(37.226696, 29.319210, 0.0)
(37.228500, 29.302507, 0.0)
(37.219437, 29.302263, 0.0)
(38.548031, 29.632370, 0.0)
(38.593273, 29.627623, 0.0)
(38.591461, 29.607050, 0.0)
(38.621017, 29.601227, 0.0)
(38.660015, 29.555693, 0.0)
(38.671028, 29.490627, 0.0)
(38.701023, 29.484571, 0.0)
(38.727776, 29.461346, 0.0)
(38.779087, 29.438763, 0.0)
(38.823803, 29.466581, 0.0)
(38.829487, 29.459557, 0.0)
(38.842155, 29.463604, 0.0)
(38.854855, 29.450550, 0.0)
(38.884979, 29.449265, 0.0)
(38.932236, 29.443893, 0.0)
(38.938763, 29.435493, 0.0)
(38.979992, 29.422829, 0.0)
(38.997417, 29.441397, 0.0)
(39.014713, 29.443007, 0.0)
(39.022877, 29.446066, 0.0)
(39.056648, 29.410461, 0.0)
(39.017063, 29.439720, 0.0)
(39.015221, 29.448124, 0.0)
(39.020519, 29.455132, 0.0)
(38.998470, 29.484583, 0.0)
(38.954063, 29.522923, 0.0)
(38.923962, 29.524355, 0.0)
(38.935493, 29.528307, 0.0)
(38.944374, 29.534990, 0.0)
(38.928318, 29.541590, 0.0)
(38.953362, 29.499903, 0.0)
(38.947639, 29.504818, 0.0)
(39.742016, 29.554848, 0.0)
(41.820698, 29.283056, 0.0)
(41.974583, 29.142771, 0.0)
(41.962013, 29.110825, 0.0)
(41.989658, 29.120081, 0.0)
(41.974400, 29.081493, 0.0)
(41.993324, 29.062807, 0.0)
(41.986538, 28.987566, 0.0)
(41.939114, 29.061722, 0.0)
(41.213200, 30.311926, 0.0)
(42.113029, 31.774620, 0.0)
(43.052914, 32.708286, 0.0)
(43.112843, 32.932453, 0.0)
(43.096596, 32.895306, 0.0)
(43.107681, 32.885258, 0.0)
(43.074722, 32.872280, 0.0)
(43.051361, 32.879559, 0.0)
(43.857819, 33.025391, 0.0)
(43.768169, 32.946709, 0.0)
(43.722282, 32.970684, 0.0)
(43.730194, 32.946575, 0.0)
(43.738426, 32.946087, 0.0)
(43.725723, 32.931122, 0.0)
(43.700726, 32.977268, 0.0)
(43.673168, 32.956825, 0.0)
(43.647911, 32.967869, 0.0)
(43.642048, 32.970940, 0.0)
(43.631599, 32.973801, 0.0)
(43.629990, 32.951550, 0.0)
(43.615257, 32.983891, 0.0)
(43.622620, 32.977779, 0.0)
(43.621948, 32.971718, 0.0)
(43.621231, 32.981400, 0.0)
(43.622620, 32.965351, 0.0)
(43.628693, 32.973991, 0.0)
(43.598461, 32.991364, 0.0)
(41.995052, 32.003773, 0.0)
(38.195202, 29.196089, 0.0)
(35.550514, 28.533236, 0.0)
(34.937481, 28.594242, 0.0)
(34.912189, 28.518808, 0.0)
(34.907391, 28.498388, 0.0)
(34.899666, 28.498550, 0.0)
(34.880360, 28.512421, 0.0)
(33.915737, 28.501812, 0.0)
(33.804512, 28.461008, 0.0)
(33.717957, 28.450022, 0.0)
(33.695435, 28.474281, 0.0)
(33.645226, 28.451069, 0.0)
(33.624138, 28.417637, 0.0)
(33.608135, 28.431339, 0.0)
(33.603756, 28.404615, 0.0)
(33.553638, 28.443956, 0.0)
(33.495132, 28.441401, 0.0)
(33.474491, 28.465050, 0.0)
(33.453480, 28.468704, 0.0)
(33.464642, 28.430559, 0.0)
(33.452366, 28.405905, 0.0)
(33.469337, 28.392601, 0.0)
(33.454071, 28.398758, 0.0)
(33.418400, 28.419130, 0.0)
(33.211281, 28.329325, 0.0)
(0.000000, 0.000000, 1.0)
(33.141983, 28.055376, 0.0)
(33.279079, 28.070227, 0.0)
(33.317860, 28.176706, 0.0)
(33.336136, 28.204817, 0.0)
(33.326393, 28.238020, 0.0)
(33.312294, 28.278662, 0.0)
(33.354515, 28.296381, 0.0)
(37.853977, 29.680603, 0.0)
(41.585114, 31.642176, 0.0)
(43.252365, 32.909580, 0.0)
(43.257664, 33.027901, 0.0)
(43.270042, 32.991367, 0.0)
(43.305843, 32.966839, 0.0)
(43.320541, 32.932903, 0.0)
(43.320976, 32.875332, 0.0)
(43.286419, 32.909145, 0.0)
(43.353493, 32.825016, 0.0)
(43.368843, 32.820881, 0.0)
(43.352531, 32.801655, 0.0)
(43.360214, 32.775311, 0.0)
(43.351662, 32.755489, 0.0)
(43.352322, 32.728825, 0.0)
(43.361950, 32.735844, 0.0)
(43.353203, 32.710190, 0.0)
(43.347649, 32.689156, 0.0)
(43.333080, 32.675964, 0.0)
(43.033455, 32.400715, 0.0)
(42.947941, 32.353607, 0.0)
(42.922283, 32.374245, 0.0)
(42.975151, 32.376190, 0.0)
(42.966919, 32.393284, 0.0)
(42.971420, 32.378696, 0.0)
(43.005932, 32.375557, 0.0)
(42.968967, 32.363159, 0.0)
(42.918663, 32.351364, 0.0)
(42.938057, 32.377171, 0.0)
(42.920059, 32.380383, 0.0)
(42.896717, 32.365360, 0.0)
(42.913296, 32.352806, 0.0)
(42.902653, 32.348751, 0.0)
(42.891754, 32.347443, 0.0)
(42.884705, 32.346214, 0.0)
(42.906750, 32.336285, 0.0)
(41.020821, 31.277088, 0.0)
(40.461552, 30.925329, 0.0)
(40.469322, 30.885303, 0.0)
(40.532383, 30.813412, 0.0)
(40.603905, 30.807484, 0.0)
(40.680683, 30.803381, 0.0)
(40.733788, 30.806425, 0.0)
(40.754784, 30.783932, 0.0)
(40.784451, 30.804592, 0.0)
(40.315113, 30.676794, 0.0)
(40.309635, 30.684826, 0.0)
(40.692837, 30.794167, 0.0)
(40.729565, 30.797413, 0.0)
(40.716999, 30.790556, 0.0)
(40.764469, 30.761618, 0.0)
(40.766483, 30.757612, 0.0)
(40.785439, 30.761185, 0.0)
(40.779385, 30.712894, 0.0)
(40.802101, 30.716713, 0.0)
(40.133965, 30.597382, 0.0)
(39.980522, 30.572096, 0.0)
(39.981407, 30.545584, 0.0)
(39.982685, 30.538263, 0.0)
(40.004875, 30.537804, 0.0)
(39.999470, 30.543472, 0.0)
(39.987816, 30.523077, 0.0)
(39.996944, 30.532770, 0.0)
(39.996944, 30.532770, 0.0)
(39.986473, 30.535761, 0.0)
(39.977486, 30.557709, 0.0)
(39.957539, 30.582100, 0.0)
(39.950508, 30.572639, 0.0)
(39.935383, 30.556118, 0.0)
(39.927757, 30.579426, 0.0)
(39.884026, 30.603174, 0.0)
(39.885204, 30.598715, 0.0)
(39.862644, 30.630707, 0.0)
(39.838371, 30.656088, 0.0)
(36.375515, 30.428450, 0.0)
(32.001133, 31.150694, 0.0)
(28.978956, 33.232582, 0.0)
(27.352190, 35.066589, 0.0)
(27.323479, 35.516930, 0.0)
(27.622889, 35.359707, 0.0)
(27.573025, 35.361977, 0.0)
(27.481062, 35.322926, 0.0)
(27.436029, 35.291935, 0.0)
(27.415279, 35.290627, 0.0)
(27.385923, 35.275715, 0.0)
(27.246677, 35.348545, 0.0)
(26.830187, 35.769367, 0.0)
(26.762051, 35.805531, 0.0)
(26.749300, 35.743378, 0.0)
(26.777887, 35.711559, 0.0)
(26.781458, 35.690739, 0.0)
(26.870213, 35.651176, 0.0)
(29.185797, 34.596535, 0.0)
(29.433779, 34.498627, 0.0)
(29.471622, 34.436134, 0.0)
(29.485357, 34.424500, 0.0)
(29.486738, 34.352005, 0.0)
(29.474249, 34.394619, 0.0)
(29.490950, 34.410110, 0.0)
(29.501165, 34.419365, 0.0)
(29.506418, 34.362225, 0.0)
(29.490072, 34.340294, 0.0)
(29.496880, 34.356564, 0.0)
(29.514620, 34.343021, 0.0)
(29.501556, 34.321388, 0.0)
(29.494410, 34.307022, 0.0)
(29.471661, 34.307293, 0.0)
(29.458727, 34.277317, 0.0)
(29.438395, 34.276859, 0.0)
(29.419615, 34.303261, 0.0)
(29.398401, 34.314892, 0.0)
(29.398598, 34.308609, 0.0)
(29.396025, 34.311592, 0.0)
(29.399513, 34.316059, 0.0)
(31.859266, 33.313080, 0.0)
(35.453850, 32.017395, 0.0)
(37.569214, 31.149855, 0.0)
(37.910950, 30.916639, 0.0)
(37.968094, 30.860270, 0.0)
(37.976757, 30.860708, 0.0)
(40.045670, 30.552738, 0.0)
(42.154396, 30.085350, 0.0)
(42.268642, 30.003263, 0.0)
(42.255650, 29.995245, 0.0)
(42.259552, 29.996271, 0.0)
(42.262894, 29.992647, 0.0)
(42.230564, 29.953962, 0.0)
(42.235847, 29.971474, 0.0)
(43.226677, 32.251850, 0.0)
(44.068523, 35.001736, 0.0)
(43.999790, 36.662521, 0.0)
(43.852123, 36.751743, 0.0)
(43.851387, 36.675117, 0.0)
(43.788548, 36.658588, 0.0)
(43.769260, 36.665462, 0.0)
(43.758236, 36.671883, 0.0)
(43.700840, 36.652973, 0.0)
(43.675690, 36.610500, 0.0)
(43.665165, 36.576908, 0.0)
(43.648113, 36.539516, 0.0)
(43.577797, 36.529877, 0.0)
(43.548035, 36.544533, 0.0)
(43.516109, 36.580151, 0.0)
(42.666248, 35.638462, 0.0)
(40.257427, 32.252495, 0.0)
(39.584263, 31.498453, 0.0)
(39.481895, 31.441608, 0.0)
(39.483097, 31.452202, 0.0)
(39.496040, 31.449858, 0.0)
(39.508202, 31.462498, 0.0)
(39.555084, 31.453270, 0.0)
(40.942177, 31.721649, 0.0)
(42.349239, 31.995518, 0.0)
(42.445354, 32.035862, 0.0)
(42.528236, 32.053185, 0.0)
(42.540207, 32.051254, 0.0)
(42.065868, 31.953867, 0.0)
(42.006626, 31.938807, 0.0)
(42.001614, 31.858318, 0.0)
(41.987896, 31.857794, 0.0)
(41.980434, 31.855982, 0.0)
(41.926506, 31.842857, 0.0)
(41.901360, 31.856071, 0.0)
(41.865311, 31.865431, 0.0)
(41.811386, 31.829123, 0.0)
(41.811386, 31.829123, 0.0)
(41.798431, 31.837635, 0.0)
(41.775585, 31.822916, 0.0)
(41.794922, 31.845924, 0.0)
(41.785053, 31.851137, 0.0)
(41.775600, 31.864016, 0.0)
(41.777279, 31.869661, 0.0)
(41.205170, 31.629732, 0.0)
(41.040203, 31.486603, 0.0)
(41.020996, 31.454775, 0.0)
(40.989090, 31.462172, 0.0)
(40.984417, 31.447727, 0.0)
(40.987766, 31.475485, 0.0)
(40.976856, 31.482914, 0.0)
(40.982948, 31.482979, 0.0)
(40.971340, 31.517307, 0.0)
(40.963684, 31.486990, 0.0)
(41.005627, 31.465353, 0.0)
(40.982643, 31.478287, 0.0)
(40.986721, 31.441292, 0.0)
(40.992638, 31.433846, 0.0)
(40.970207, 31.467400, 0.0)
(38.273624, 31.211563, 0.0)
(33.674442, 31.488329, 0.0)
(30.349030, 33.575569, 0.0)
(28.321285, 35.609016, 0.0)
(28.224621, 36.272594, 0.0)
(28.191120, 36.304466, 0.0)
(28.166784, 36.264629, 0.0)
(28.149321, 36.252522, 0.0)
(28.143330, 36.257492, 0.0)
(28.051071, 36.330978, 0.0)
(27.149801, 36.822449, 0.0)
(27.073423, 36.834923, 0.0)
(27.043434, 36.830692, 0.0)
(27.034851, 36.821369, 0.0)
(27.012327, 36.774326, 0.0)
(27.014656, 36.762394, 0.0)
(26.929029, 36.720310, 0.0)
(27.658335, 36.176147, 0.0)
(29.973242, 34.330551, 0.0)
(30.242987, 34.082123, 0.0)
(30.236469, 33.973148, 0.0)
(30.230011, 33.913261, 0.0)
(30.209728, 33.897598, 0.0)
(30.206051, 33.918007, 0.0)
(30.201958, 33.912025, 0.0)
(30.219992, 33.898624, 0.0)
(30.244650, 33.856411, 0.0)
(30.252428, 33.842422, 0.0)
(30.266829, 33.836220, 0.0)
(30.283550, 33.786179, 0.0)
(30.325842, 33.801216, 0.0)
(30.307384, 33.789055, 0.0)
(30.301504, 33.763535, 0.0)
(30.312433, 33.761047, 0.0)
(30.305891, 33.750515, 0.0)
(30.295250, 33.752655, 0.0)
(30.279768, 33.749214, 0.0)
(30.765665, 31.636593, 0.0)
(30.421284, 30.595097, 0.0)
(30.335260, 30.509567, 0.0)
(30.289585, 30.512901, 0.0)
(30.250164, 30.462381, 0.0)
(29.491274, 29.811371, 0.0)
(29.028818, 29.754683, 0.0)
(28.996515, 29.921658, 0.0)
(29.620226, 29.271852, 0.0)
(29.813822, 29.351488, 0.0)
(29.885370, 29.452887, 0.0)
(29.890419, 29.511860, 0.0)
(29.842089, 29.591209, 0.0)
(29.838120, 29.604216, 0.0)
(29.830400, 29.607777, 0.0)
(29.823826, 29.618395, 0.0)
(29.562925, 29.689610, 0.0)
(29.526869, 29.683353, 0.0)
(29.512739, 29.736982, 0.0)
(29.511864, 29.734303, 0.0)
(29.535225, 29.685268, 0.0)
(29.533638, 29.688446, 0.0)
(29.522911, 29.688507, 0.0)
(29.523428, 29.694641, 0.0)
(29.532330, 29.707302, 0.0)
(29.517591, 29.702801, 0.0)
(29.496412, 29.638611, 0.0)
(29.517065, 29.639313, 0.0)
(29.511221, 29.657593, 0.0)
(29.519060, 29.669088, 0.0)
(29.527802, 29.671827, 0.0)
(29.504635, 29.660378, 0.0)
(29.522676, 29.654711, 0.0)
(29.515602, 29.682343, 0.0)
(29.519415, 29.677742, 0.0)
(29.507349, 29.707668, 0.0)
(29.518826, 29.703953, 0.0)
(29.552320, 29.664366, 0.0)
(30.286436, 29.613459, 0.0)
(34.729130, 30.659204, 0.0)
(38.020248, 32.226433, 0.0)
(38.248329, 32.636810, 0.0)
(38.327339, 32.642025, 0.0)
(38.352280, 32.587376, 0.0)
(38.188103, 32.464920, 0.0)
(39.203892, 33.884228, 0.0)
(39.051346, 34.124752, 0.0)
(38.367016, 32.322273, 0.0)
(38.345413, 32.197971, 0.0)
(38.371174, 32.305096, 0.0)
(38.439148, 32.346813, 0.0)
(38.433483, 32.392887, 0.0)
(38.421974, 32.401009, 0.0)
(38.756241, 32.487259, 0.0)
(38.710011, 32.492603, 0.0)
(38.719158, 32.491726, 0.0)
(38.707592, 32.492020, 0.0)
(38.698273, 32.489735, 0.0)
(38.731979, 32.406895, 0.0)
(38.058781, 32.231644, 0.0)
(36.879375, 31.950228, 0.0)
(36.778793, 31.977968, 0.0)
(36.785667, 31.989630, 0.0)
(36.769039, 31.990122, 0.0)
(36.762646, 31.986004, 0.0)
(36.735592, 31.958975, 0.0)
(36.738506, 31.938530, 0.0)
(36.697803, 31.936440, 0.0)
(36.696209, 31.932182, 0.0)
(36.711395, 31.956593, 0.0)
(36.676060, 31.964718, 0.0)
(36.657417, 31.961409, 0.0)
(36.663521, 31.945601, 0.0)
(36.653442, 31.926182, 0.0)
(36.635025, 31.935223, 0.0)
(36.640430, 31.920994, 0.0)
(36.418850, 29.713835, 0.0)
(36.012699, 26.467684, 0.0)
(35.898357, 26.256954, 0.0)
(35.823559, 26.268368, 0.0)
(35.839085, 26.236422, 0.0)
(35.823418, 26.266823, 0.0)
(35.823528, 26.228359, 0.0)
(35.804451, 26.169712, 0.0)
(35.592335, 25.873634, 0.0)
(35.564606, 25.741146, 0.0)
(35.532372, 25.701252, 0.0)
(35.537071, 25.696617, 0.0)
(35.529354, 25.673235, 0.0)
(35.548630, 25.634247, 0.0)
(35.558372, 25.582016, 0.0)
(35.572334, 25.586100, 0.0)
(35.605087, 25.549538, 0.0)
(35.612125, 25.550392, 0.0)
(35.818081, 25.547585, 0.0)
(35.829754, 25.549301, 0.0)
(35.837513, 25.543716, 0.0)
(35.832844, 25.560991, 0.0)
(35.875092, 25.532618, 0.0)
(35.902943, 25.542404, 0.0)
(35.962788, 25.557043, 0.0)
(35.976109, 25.547497, 0.0)
(35.997795, 25.565123, 0.0)
(35.998104, 25.558975, 0.0)
(35.995476, 25.570568, 0.0)
(35.996468, 25.593401, 0.0)
(36.011410, 25.586504, 0.0)
(36.027367, 25.578022, 0.0)
(36.037785, 25.614408, 0.0)
(36.015507, 25.628786, 0.0)
(36.004818, 25.602882, 0.0)
(36.023762, 25.613613, 0.0)
(36.104595, 25.639629, 0.0)
(39.835411, 26.409624, 0.0)
(42.370880, 27.612474, 0.0)
(42.778496, 28.060190, 0.0)
(42.550060, 28.092148, 0.0)
(42.561039, 28.085709, 0.0)
(42.575771, 28.058367, 0.0)
(42.558208, 28.062176, 0.0)
(42.577072, 28.056410, 0.0)
(42.567142, 28.064123, 0.0)
(42.541866, 28.039761, 0.0)
(42.646278, 28.117783, 0.0)
(42.901951, 28.352985, 0.0)
(42.954567, 28.377832, 0.0)
(42.965008, 28.371216, 0.0)
(42.977783, 28.374220, 0.0)
(42.989952, 28.374825, 0.0)
(42.972126, 28.370060, 0.0)
(42.968689, 28.354422, 0.0)
(42.989990, 28.361727, 0.0)
(42.998199, 28.354099, 0.0)
(43.026276, 28.348940, 0.0)
(43.030727, 28.347935, 0.0)
(43.022221, 28.301538, 0.0)
(43.026531, 28.300192, 0.0)
(43.011913, 28.300213, 0.0)
(42.853153, 28.210173, 0.0)
(42.353054, 27.921062, 0.0)
(42.328922, 27.875799, 0.0)
(42.336281, 27.881239, 0.0)
(42.329075, 27.866533, 0.0)
(42.290386, 27.852087, 0.0)
(42.297512, 27.871271, 0.0)
(42.304863, 27.876610, 0.0)
(42.305534, 27.864992, 0.0)
(42.295940, 27.864740, 0.0)
(42.290012, 27.872093, 0.0)
(42.244907, 27.863878, 0.0)
(42.244625, 27.876308, 0.0)
(42.235371, 28.380516, 0.0)
(42.121090, 29.183210, 0.0)
(42.096371, 29.215952, 0.0)
(42.075531, 29.156206, 0.0)
(42.079552, 29.148066, 0.0)
(42.063828, 29.159922, 0.0)
(42.070267, 29.417917, 0.0)
(42.023331, 29.503511, 0.0)
(42.021523, 29.508442, 0.0)
(41.996983, 29.479641, 0.0)
(41.982933, 29.465202, 0.0)
(41.985573, 29.511271, 0.0)
(41.966824, 29.504038, 0.0)
(41.948902, 29.475044, 0.0)
(41.955593, 29.496132, 0.0)
(41.926105, 29.518173, 0.0)
(41.906490, 29.505968, 0.0)
(41.914383, 29.504875, 0.0)
(42.241982, 29.826458, 0.0)
(42.201466, 29.881428, 0.0)
(42.151516, 29.855070, 0.0)
(42.138565, 29.830120, 0.0)
(42.131180, 29.811192, 0.0)
(41.718285, 30.241295, 0.0)
(41.036804, 31.682940, 0.0)
(40.801331, 32.149624, 0.0)
(40.800743, 32.163982, 0.0)
(40.788429, 32.130466, 0.0)
(40.750908, 32.077995, 0.0)
(40.739883, 32.065117, 0.0)
(40.690372, 32.081570, 0.0)
(40.697395, 32.080982, 0.0)
(40.692841, 32.088573, 0.0)
(40.686497, 32.088741, 0.0)
(40.656185, 32.087059, 0.0)
(40.672386, 32.060612, 0.0)
(40.696838, 32.045498, 0.0)
(40.303120, 32.051186, 0.0)
(36.166706, 32.436951, 0.0)
(32.465515, 33.444916, 0.0)
(30.295748, 35.538319, 0.0)
(30.109547, 36.448166, 0.0)
(30.129713, 36.585453, 0.0)
(30.065302, 36.595932, 0.0)
(30.019657, 36.598248, 0.0)
(29.987593, 36.587124, 0.0)
(29.945160, 36.567554, 0.0)
(29.919918, 36.534554, 0.0)
(29.877399, 36.537132, 0.0)
(30.045244, 36.092838, 0.0)
(30.002499, 36.106506, 0.0)
(29.934689, 36.115833, 0.0)
(29.866699, 36.122261, 0.0)
(29.800594, 36.145695, 0.0)
(29.790989, 36.108070, 0.0)
(29.782135, 36.128857, 0.0)
(29.782379, 36.117329, 0.0)
(29.758749, 36.101776, 0.0)
(29.729036, 36.100677, 0.0)
(29.710579, 36.093422, 0.0)
(29.701815, 36.100155, 0.0)
(29.673708, 36.114471, 0.0)
(29.638742, 36.084816, 0.0)
(29.638353, 36.071491, 0.0)
(29.620872, 36.059380, 0.0)
(29.604118, 36.053272, 0.0)
(29.591042, 36.050461, 0.0)
(29.607916, 36.052895, 0.0)
(29.628565, 36.020905, 0.0)
(29.640907, 36.024689, 0.0)
(29.644949, 36.007046, 0.0)
(29.653627, 36.003544, 0.0)
(29.655806, 36.016285, 0.0)
(29.698755, 36.003551, 0.0)
(29.714012, 35.995899, 0.0)
(31.535421, 34.100075, 0.0)
(34.606136, 31.100580, 0.0)
(36.533451, 29.629034, 0.0)
(36.585743, 29.609013, 0.0)
(36.605782, 29.616411, 0.0)
(36.610916, 29.605850, 0.0)
(36.634464, 29.563725, 0.0)
(37.687801, 29.516863, 0.0)
(39.122032, 29.393585, 0.0)
(39.182343, 29.366783, 0.0)
(39.252743, 29.349535, 0.0)
(39.289764, 29.310356, 0.0)
(39.263138, 29.324892, 0.0)
(39.259140, 29.322229, 0.0)
(38.351559, 29.646816, 0.0)
(36.165306, 31.125032, 0.0)
(35.774830, 31.600773, 0.0)
(35.720516, 31.621412, 0.0)
(35.684074, 31.574427, 0.0)
(35.632332, 31.603117, 0.0)
(35.977406, 31.572912, 0.0)
(37.347469, 31.192028, 0.0)
(37.403797, 31.195076, 0.0)
(37.387676, 31.174620, 0.0)
(37.414242, 31.139299, 0.0)
(37.429459, 31.123758, 0.0)
(37.455437, 31.112686, 0.0)
(37.480381, 31.048370, 0.0)
(37.459988, 31.062592, 0.0)
(38.036247, 30.757284, 0.0)
(38.091484, 30.755297, 0.0)
(38.038559, 30.796751, 0.0)
(38.036430, 30.828405, 0.0)
(38.061638, 30.792645, 0.0)
(38.076504, 30.798435, 0.0)
(38.078995, 30.788578, 0.0)
(38.126331, 30.775755, 0.0)
(38.135815, 30.777925, 0.0)
(37.411774, 32.416611, 0.0)
(37.211342, 34.702007, 0.0)
(37.125965, 34.844505, 0.0)
(37.058609, 34.794975, 0.0)
(36.999470, 34.723011, 0.0)
(36.824310, 34.596241, 0.0)
(36.903023, 35.778503, 0.0)
(36.972157, 36.045048, 0.0)
(36.774044, 35.011547, 0.0)
(36.825439, 34.959541, 0.0)
(36.846912, 35.072357, 0.0)
(36.855446, 35.104126, 0.0)
(36.902454, 35.137142, 0.0)
(36.922157, 35.137333, 0.0)
(36.926556, 35.146397, 0.0)
(36.904766, 35.149246, 0.0)
(36.756401, 34.274769, 0.0)
(36.716072, 34.245926, 0.0)
(36.677029, 34.252975, 0.0)
(36.648457, 34.273884, 0.0)
(36.622257, 34.270485, 0.0)
(36.718487, 33.769833, 0.0)
(36.602463, 31.867287, 0.0)
(36.398266, 31.004660, 0.0)
(36.336739, 30.910583, 0.0)
(36.308899, 30.905954, 0.0)
(36.298943, 30.933760, 0.0)
(36.277431, 30.963209, 0.0)
(36.258400, 30.989120, 0.0)
(36.249340, 31.015896, 0.0)
(36.256462, 31.024130, 0.0)
(36.254925, 31.011200, 0.0)
(36.246216, 31.008797, 0.0)
(36.267517, 31.008207, 0.0)
(36.269596, 31.028925, 0.0)
(37.307831, 30.743776, 0.0)
(40.786366, 29.849342, 0.0)
(41.468193, 29.507107, 0.0)
(41.533810, 29.442934, 0.0)
(41.537624, 29.414112, 0.0)
(41.565250, 29.377926, 0.0)
(41.573101, 29.380112, 0.0)
(41.577843, 29.386209, 0.0)
(41.580891, 29.300446, 0.0)
(41.695621, 29.063984, 0.0)
(41.724792, 28.978683, 0.0)
(41.714314, 28.969847, 0.0)
(41.708073, 28.890308, 0.0)
(41.760750, 28.870789, 0.0)
(41.779110, 28.843956, 0.0)
(41.771004, 28.772144, 0.0)
(41.766216, 28.766953, 0.0)
(41.786140, 28.772905, 0.0)
(41.791607, 28.763750, 0.0)
(41.781990, 28.818083, 0.0)
(41.780399, 28.809267, 0.0)
(41.836372, 28.753845, 0.0)
(41.864239, 28.687843, 0.0)
(41.875717, 28.660995, 0.0)
(41.866417, 28.663439, 0.0)
(41.866264, 28.665838, 0.0)
(41.904247, 28.678337, 0.0)
(41.923405, 28.697155, 0.0)
(41.662773, 28.551643, 0.0)
(40.806183, 28.160000, 0.0)
(40.688225, 28.102736, 0.0)
(40.735973, 28.087423, 0.0)
(40.732082, 28.089396, 0.0)
(40.715446, 28.108568, 0.0)
(40.717278, 28.082508, 0.0)
(40.701393, 28.094948, 0.0)
(40.689236, 28.117704, 0.0)
(40.682587, 28.140974, 0.0)
(42.409477, 29.485752, 0.0)
(43.600090, 30.712038, 0.0)
(43.605240, 30.646719, 0.0)
(43.576462, 30.557674, 0.0)
(43.561123, 30.532236, 0.0)
(43.579872, 30.546898, 0.0)
(43.533646, 30.505079, 0.0)
(43.521606, 30.491810, 0.0)
(43.485367, 30.472956, 0.0)
(43.467793, 30.444330, 0.0)
(43.457134, 30.440662, 0.0)
(43.497311, 30.462599, 0.0)
(43.434906, 30.465944, 0.0)
(43.432938, 30.443808, 0.0)
(43.444317, 30.456923, 0.0)
(43.411293, 30.429897, 0.0)
(43.413742, 30.449619, 0.0)
(43.445492, 30.443424, 0.0)
(43.424496, 30.466827, 0.0)
(43.389759, 30.467047, 0.0)
(43.394653, 30.452541, 0.0)
(43.438454, 30.471079, 0.0)
(43.478901, 30.464741, 0.0)
(43.468929, 30.491407, 0.0)
(43.515083, 30.511560, 0.0)
(43.551697, 30.508230, 0.0)
(43.568325, 30.508430, 0.0)
(43.550259, 30.497190, 0.0)
(43.534740, 30.497581, 0.0)
(43.508137, 30.487198, 0.0)
(43.498585, 30.500168, 0.0)
(43.486904, 30.514635, 0.0)
(43.464222, 30.522635, 0.0)
(43.486904, 30.514635, 0.0)
(43.483593, 30.515955, 0.0)
(43.480606, 30.518171, 0.0)
(43.462437, 30.553789, 0.0)
(43.458706, 30.542498, 0.0)
(43.463772, 30.540335, 0.0)
(43.278351, 30.776661, 0.0)
(42.704197, 32.000793, 0.0)
(42.661396, 34.109783, 0.0)
(42.678341, 35.970406, 0.0)
(42.568600, 36.954121, 0.0)
(42.419491, 37.079155, 0.0)
(42.392605, 37.086819, 0.0)
(42.319412, 37.093929, 0.0)
(42.289543, 37.067131, 0.0)
(42.280487, 37.067997, 0.0)
(42.540722, 36.907322, 0.0)
(42.549774, 36.877949, 0.0)
(42.531761, 36.867409, 0.0)
(42.509357, 36.852558, 0.0)
(42.486874, 36.865643, 0.0)
(42.416744, 36.834499, 0.0)
(42.373520, 36.846272, 0.0)
(42.383667, 36.839882, 0.0)
(42.371929, 36.841335, 0.0)
(42.376945, 36.848652, 0.0)
(42.376835, 36.829102, 0.0)
(42.381645, 36.767391, 0.0)
(42.372368, 36.732456, 0.0)
(42.387199, 36.671574, 0.0)
(42.415417, 36.599834, 0.0)
(42.403339, 36.605190, 0.0)
(42.398129, 36.591522, 0.0)
(42.376720, 36.598343, 0.0)
(42.377960, 36.576904, 0.0)
(42.408207, 36.520088, 0.0)
(42.421776, 36.520855, 0.0)
(42.405582, 36.496288, 0.0)
(42.401611, 36.493141, 0.0)
(42.374554, 36.526260, 0.0)
(42.342365, 36.522926, 0.0)
(42.325119, 36.521393, 0.0)
(42.308281, 36.496548, 0.0)
(42.390648, 36.579285, 0.0)
(44.054958, 37.228756, 0.0)
(44.059811, 37.029541, 0.0)
(44.032818, 36.986908, 0.0)
(44.024391, 37.014370, 0.0)
(43.992889, 37.041721, 0.0)
(43.986332, 37.086842, 0.0)
(43.970345, 37.124908, 0.0)
(43.916950, 37.154930, 0.0)
(43.872425, 37.139984, 0.0)
(43.902431, 37.135014, 0.0)
(43.938828, 37.082726, 0.0)
(43.987850, 37.038807, 0.0)
(43.950611, 37.014111, 0.0)
(43.909443, 36.990841, 0.0)
(43.915619, 36.964165, 0.0)
(43.911633, 36.964291, 0.0)
(43.897564, 36.958134, 0.0)
(43.906742, 36.975075, 0.0)
(43.899712, 37.006130, 0.0)
(43.872215, 37.003628, 0.0)
(43.870224, 37.027573, 0.0)
(43.865089, 37.026936, 0.0)
(43.875912, 37.073463, 0.0)
(43.860661, 37.077194, 0.0)
(43.849628, 37.058052, 0.0)
(43.822647, 37.097900, 0.0)
(43.115387, 36.012596, 0.0)
(43.001698, 35.728111, 0.0)
(42.980556, 35.689785, 0.0)
(42.975586, 35.682499, 0.0)
(42.981590, 35.684418, 0.0)
(42.969753, 35.697968, 0.0)
(42.966446, 35.652699, 0.0)
(42.979305, 35.674297, 0.0)
(42.979168, 35.664040, 0.0)
(42.978069, 35.659103, 0.0)
(42.976562, 35.643784, 0.0)
(41.780319, 35.037338, 0.0)
(37.245083, 32.102741, 0.0)
(32.899796, 30.556955, 0.0)
(29.480072, 31.006784, 0.0)
(27.206289, 32.074215, 0.0)
(26.693905, 32.360802, 0.0)
(26.684526, 32.291840, 0.0)
(26.653011, 32.267632, 0.0)
(26.640278, 32.289757, 0.0)
(26.640068, 32.295620, 0.0)
(26.603825, 32.270138, 0.0)
(26.629606, 32.238857, 0.0)
(26.276649, 32.145618, 0.0)
(26.258911, 32.038300, 0.0)
(26.287861, 32.015770, 0.0)
(26.279129, 31.963978, 0.0)
(26.282461, 31.926521, 0.0)
(26.274542, 31.924387, 0.0)
(26.324110, 31.921698, 0.0)
(26.388891, 31.818466, 0.0)
(26.357426, 31.810717, 0.0)
(26.355665, 31.805714, 0.0)
(26.346083, 31.806562, 0.0)
(26.344320, 31.773804, 0.0)
(26.352978, 31.805214, 0.0)
(26.351637, 31.771799, 0.0)
(26.358088, 31.787947, 0.0)
(26.355455, 31.805258, 0.0)
(26.391310, 31.798809, 0.0)
(26.416237, 31.777451, 0.0)
(26.448360, 31.737164, 0.0)
(26.494055, 31.687698, 0.0)
(26.513506, 31.690081, 0.0)
(26.477215, 31.716995, 0.0)
(26.486225, 31.731724, 0.0)
(26.451923, 31.772106, 0.0)
(26.469751, 31.762453, 0.0)
(26.515720, 31.721943, 0.0)
(27.396221, 30.948812, 0.0)
(29.048059, 28.994204, 0.0)
(29.384352, 29.957964, 0.0)
(28.849640, 29.045288, 0.0)
(29.075357, 28.933376, 0.0)
(29.167763, 29.103802, 0.0)
(29.153545, 29.211689, 0.0)
(29.122124, 29.219009, 0.0)
(29.107372, 29.220558, 0.0)
(29.087122, 29.236498, 0.0)
(29.067680, 29.236128, 0.0)
(29.040741, 29.240252, 0.0)
(29.022926, 29.262197, 0.0)
(29.014978, 29.328125, 0.0)
(28.883862, 29.503351, 0.0)
(28.827362, 29.567198, 0.0)
(28.816656, 29.571768, 0.0)
(28.812170, 29.551357, 0.0)
(28.837986, 29.483330, 0.0)
(28.858442, 29.473684, 0.0)
(28.823723, 29.486702, 0.0)
(28.825060, 29.496775, 0.0)
(28.813782, 29.505077, 0.0)
(28.770098, 29.472204, 0.0)
(28.795532, 29.453884, 0.0)
(28.792446, 29.430819, 0.0)
(28.789789, 29.397858, 0.0)
(28.798801, 29.402746, 0.0)
(28.773474, 29.435421, 0.0)
(28.765131, 29.424244, 0.0)
(28.754547, 29.414093, 0.0)
(28.787958, 29.402031, 0.0)
(28.794628, 29.413448, 0.0)
(28.799999, 29.437572, 0.0)
(28.820601, 29.398827, 0.0)
(28.842297, 29.384827, 0.0)
(28.848921, 29.394535, 0.0)
(28.846155, 29.398762, 0.0)
(27.804646, 30.500031, 0.0)
(27.730976, 30.567471, 0.0)
(27.714254, 30.584782, 0.0)
(27.649179, 30.606569, 0.0)
(27.636976, 30.623926, 0.0)
(27.458176, 31.026455, 0.0)
(27.489838, 31.105707, 0.0)
(27.493408, 31.102943, 0.0)
(27.486153, 31.060141, 0.0)
(27.507524, 31.067871, 0.0)
(27.507347, 31.062824, 0.0)
(27.500771, 31.042406, 0.0)
(27.556944, 31.026695, 0.0)
(27.900951, 30.975229, 0.0)
(27.887932, 30.978689, 0.0)
(27.887932, 30.978689, 0.0)
(27.880968, 30.987057, 0.0)
(27.897806, 30.980825, 0.0)
(27.962698, 30.937271, 0.0)
(27.998575, 30.947742, 0.0)
(27.998575, 30.947742, 0.0)
(28.006453, 30.942427, 0.0)
(27.986984, 30.967133, 0.0)
(28.028547, 30.966602, 0.0)
(28.037359, 30.954245, 0.0)
(28.024073, 30.963181, 0.0)
(28.032087, 30.954473, 0.0)
(28.009336, 30.970543, 0.0)
(28.009336, 30.970543, 0.0)
(28.011120, 30.974672, 0.0)
(28.013813, 30.986849, 0.0)
(28.015335, 30.982103, 0.0)
(28.021944, 30.976864, 0.0)
(28.015335, 30.982103, 0.0)
(28.049158, 30.977129, 0.0)
(28.030163, 30.994768, 0.0)
(30.531958, 31.056017, 0.0)
(33.938801, 32.006210, 0.0)
(34.139660, 32.112320, 0.0)
(34.181904, 32.068657, 0.0)
(34.212700, 32.017944, 0.0)
(34.236752, 32.007214, 0.0)
(34.230114, 31.990810, 0.0)
(34.222607, 31.941620, 0.0)
(34.212723, 31.898018, 0.0)
(34.192722, 31.869421, 0.0)
(34.190887, 31.856945, 0.0)
(34.167435, 31.878597, 0.0)
(34.158989, 31.883579, 0.0)
(34.138851, 31.775061, 0.0)
(34.165966, 31.645178, 0.0)
(34.143002, 31.582516, 0.0)
(34.190506, 31.560526, 0.0)
(34.162651, 31.544538, 0.0)
(34.186066, 31.528818, 0.0)
(34.130371, 31.558264, 0.0)
(34.075638, 31.549915, 0.0)
(34.072929, 31.527933, 0.0)
(34.069622, 31.548378, 0.0)
(34.111969, 31.518234, 0.0)
(34.130203, 31.494869, 0.0)
(34.121399, 31.504951, 0.0)
(34.125954, 31.506346, 0.0)
(34.122555, 31.510630, 0.0)
(34.109150, 31.511421, 0.0)
(34.115894, 31.518314, 0.0)
(34.097191, 31.562887, 0.0)
(34.058487, 31.547421, 0.0)
(34.043530, 31.546408, 0.0)
(34.041431, 31.548101, 0.0)
(34.049355, 31.532492, 0.0)
(34.077198, 31.513056, 0.0)
(34.090012, 31.526234, 0.0)
(34.073837, 31.534832, 0.0)
(34.163879, 31.540264, 0.0)
(38.046669, 32.341530, 0.0)
(40.757240, 33.665859, 0.0)
(41.153908, 34.425812, 0.0)
(40.873199, 34.520626, 0.0)
(40.874069, 34.513935, 0.0)
(40.917274, 34.504173, 0.0)
(40.946827, 34.458694, 0.0)
(40.941120, 34.417683, 0.0)
(40.977631, 34.402664, 0.0)
(40.971729, 34.398323, 0.0)
(40.865192, 34.391209, 0.0)
(40.675976, 34.321312, 0.0)
(40.665520, 34.282188, 0.0)
(40.673576, 34.280746, 0.0)
(40.692368, 34.259987, 0.0)
(40.718857, 34.254143, 0.0)
(40.722939, 34.232841, 0.0)
(40.721809, 34.240768, 0.0)
(40.717583, 34.214184, 0.0)
(40.727810, 34.237209, 0.0)
(40.735359, 34.222401, 0.0)
(40.733822, 34.247036, 0.0)
(40.737728, 34.262257, 0.0)
(40.750721, 34.232090, 0.0)
(40.773460, 34.191532, 0.0)
(40.778774, 34.168362, 0.0)
(40.589508, 34.068260, 0.0)
(40.217541, 33.466221, 0.0)
(40.141903, 33.415989, 0.0)
(40.129051, 33.423618, 0.0)
(40.113354, 33.402279, 0.0)
(40.106792, 33.405201, 0.0)
(40.100639, 33.409630, 0.0)
(40.100548, 33.412392, 0.0)
(40.107056, 33.415459, 0.0)
(40.068951, 33.440369, 0.0)
(40.033314, 33.425457, 0.0)
(38.128777, 32.580162, 0.0)
(33.123806, 30.303829, 0.0)
(29.184153, 30.083002, 0.0)
(27.097561, 30.889183, 0.0)
(26.997919, 30.689539, 0.0)
(26.933693, 30.638443, 0.0)
(26.851795, 30.647717, 0.0)
(26.828913, 30.650595, 0.0)
(26.841415, 30.614161, 0.0)
(26.507801, 30.888193, 0.0)
(26.086935, 31.127373, 0.0)
(26.026962, 31.106781, 0.0)
(26.020472, 31.093433, 0.0)
(25.998991, 31.129787, 0.0)
(25.946016, 31.104935, 0.0)
(25.877457, 31.105791, 0.0)
(25.851423, 31.101994, 0.0)
(25.811346, 31.138918, 0.0)
(25.783424, 31.106640, 0.0)
(25.870079, 31.077272, 0.0)
(25.858110, 31.110456, 0.0)
(25.809816, 31.127729, 0.0)
(25.760468, 31.148907, 0.0)
(25.747709, 31.194891, 0.0)
(25.716549, 31.163948, 0.0)
(26.573336, 30.796675, 0.0)
(27.001472, 30.642263, 0.0)
(27.014090, 30.625471, 0.0)
(27.041513, 30.616983, 0.0)
(27.086506, 30.570221, 0.0)
(27.097397, 30.538509, 0.0)
(27.107225, 30.510000, 0.0)
(27.116531, 30.491440, 0.0)
(27.107225, 30.510000, 0.0)
(27.109060, 30.471050, 0.0)
(27.102642, 30.501335, 0.0)
(27.112640, 30.494482, 0.0)
(27.116531, 30.491440, 0.0)
(27.114191, 30.670847, 0.0)
(27.026867, 32.992432, 0.0)
(27.828888, 33.973518, 0.0)
(28.513081, 34.019741, 0.0)
(28.538141, 34.288952, 0.0)
(28.071392, 35.573547, 0.0)
(28.200090, 34.643448, 0.0)
(28.290936, 34.781979, 0.0)
(28.286812, 34.855919, 0.0)
(28.284071, 34.922512, 0.0)
(28.262405, 34.964508, 0.0)
(28.269711, 34.997681, 0.0)
(28.134819, 35.334671, 0.0)
(28.088741, 35.386959, 0.0)
(28.085863, 35.403973, 0.0)
(28.100885, 35.408962, 0.0)
(28.098272, 35.436306, 0.0)
(28.068626, 35.485966, 0.0)
(28.079277, 35.467701, 0.0)
(28.085806, 35.437950, 0.0)
(28.070654, 35.449997, 0.0)
(28.079679, 35.456810, 0.0)
(28.063725, 35.476719, 0.0)
(28.049059, 35.519863, 0.0)
(28.040462, 35.521427, 0.0)
(28.470169, 35.194077, 0.0)
(28.484743, 35.145031, 0.0)
(28.476542, 35.155777, 0.0)
(28.464392, 35.160046, 0.0)
(28.474751, 35.174454, 0.0)
(28.458294, 35.152531, 0.0)
(28.486769, 35.124802, 0.0)
(28.486160, 35.134396, 0.0)
(28.486570, 35.107082, 0.0)
(28.504812, 35.124195, 0.0)
(28.526838, 35.108700, 0.0)
(31.958044, 33.703480, 0.0)
(33.641228, 33.303867, 0.0)
(33.911919, 33.297928, 0.0)
(34.018387, 33.284176, 0.0)
(34.092331, 33.255169, 0.0)
(34.114681, 33.253735, 0.0)
(34.148262, 33.274223, 0.0)
(34.150890, 33.258862, 0.0)
(34.160191, 33.233955, 0.0)
(34.160824, 33.195568, 0.0)
(34.179504, 33.177872, 0.0)
(34.179417, 33.171627, 0.0)
(34.165993, 33.156384, 0.0)
(33.979416, 33.089443, 0.0)
(33.940746, 33.065842, 0.0)
(33.962166, 33.035244, 0.0)
(33.947563, 33.024940, 0.0)
(33.936596, 33.017811, 0.0)
(33.928925, 33.002701, 0.0)
(34.293938, 33.005455, 0.0)
(34.271904, 33.030231, 0.0)
(34.250862, 33.027519, 0.0)
(34.242928, 33.034779, 0.0)
(34.239616, 33.009285, 0.0)
(34.222469, 32.992649, 0.0)
(34.222836, 32.971645, 0.0)
(34.218861, 32.976971, 0.0)
(34.208820, 32.948963, 0.0)
(34.208736, 32.959713, 0.0)
(34.201645, 32.961952, 0.0)
(34.204224, 32.956024, 0.0)
(34.196896, 32.949413, 0.0)
(34.222382, 32.937408, 0.0)
(34.219074, 32.942265, 0.0)
(34.194695, 32.932861, 0.0)
(34.200981, 32.935692, 0.0)
(34.214474, 32.917713, 0.0)
(34.208683, 32.901367, 0.0)
(37.794281, 34.085762, 0.0)
(40.345558, 35.453426, 0.0)
(40.533638, 35.982376, 0.0)
(40.580544, 36.074032, 0.0)
(40.638042, 36.044323, 0.0)
(40.642521, 36.000565, 0.0)
(40.660419, 35.899670, 0.0)
(40.703548, 35.868542, 0.0)
(40.715847, 35.880508, 0.0)
(40.716629, 35.970203, 0.0)
(40.729111, 36.043293, 0.0)
(40.670250, 36.028969, 0.0)
(40.549873, 35.670143, 0.0)
(40.514309, 35.616413, 0.0)
(40.653301, 35.638050, 0.0)
(40.735321, 35.623409, 0.0)
(40.752075, 35.610542, 0.0)
(40.760239, 35.625980, 0.0)
(40.760239, 35.625980, 0.0)
(40.760574, 35.646492, 0.0)
(40.752670, 35.654873, 0.0)
(40.766991, 35.630062, 0.0)
(40.769543, 35.632042, 0.0)
(40.726948, 35.654396, 0.0)
(40.712479, 35.695686, 0.0)
(40.717529, 35.693153, 0.0)
(40.713772, 35.692589, 0.0)
(40.681988, 35.696819, 0.0)
(40.696190, 35.684113, 0.0)
(40.711258, 35.669151, 0.0)
(40.711258, 35.669151, 0.0)
(40.719177, 35.643478, 0.0)
(40.697105, 35.617943, 0.0)
(40.686344, 35.602928, 0.0)
(40.672783, 35.588917, 0.0)
(40.643848, 35.586853, 0.0)
(40.637539, 35.594913, 0.0)
(40.620781, 35.586735, 0.0)
(40.616066, 35.585743, 0.0)
(38.782341, 33.012379, 0.0)
(35.733944, 28.975258, 0.0)
(33.842598, 27.819355, 0.0)
(33.402206, 27.784691, 0.0)
(33.332958, 27.772964, 0.0)
(33.278168, 27.865101, 0.0)
(33.240704, 27.968506, 0.0)
(33.235359, 27.895115, 0.0)
(33.211319, 27.812683, 0.0)
(33.215096, 27.737556, 0.0)
(33.226833, 27.671890, 0.0)
(33.231396, 27.624113, 0.0)
(33.454933, 27.474422, 0.0)
(33.537331, 27.390337, 0.0)
(33.546635, 27.353544, 0.0)
(33.548756, 27.318537, 0.0)
(33.550640, 27.311157, 0.0)
(33.622055, 27.310635, 0.0)
(33.594650, 27.318661, 0.0)
(33.611229, 27.288874, 0.0)
(33.623775, 27.287672, 0.0)
(33.594254, 27.266796, 0.0)
(33.596859, 27.284121, 0.0)
(33.596859, 27.284121, 0.0)
(33.606037, 27.291042, 0.0)
(33.610947, 27.268560, 0.0)
(33.589050, 27.253056, 0.0)
(33.606495, 27.213093, 0.0)
(33.622650, 27.208994, 0.0)
(33.613529, 27.211189, 0.0)
(33.603210, 27.215071, 0.0)
(33.612312, 27.251835, 0.0)
(33.589584, 27.256561, 0.0)
(33.581089, 27.274614, 0.0)
(33.575798, 27.291954, 0.0)
(33.573311, 27.311378, 0.0)
(33.811218, 27.289078, 0.0)
(38.073395, 27.343706, 0.0)
(41.481182, 28.485590, 0.0)
(43.403183, 30.320774, 0.0)
(44.071026, 31.373104, 0.0)
(44.006699, 31.485838, 0.0)
(44.010559, 31.485210, 0.0)
(43.995354, 31.449139, 0.0)
(43.988518, 31.418440, 0.0)
(43.944752, 31.346767, 0.0)
(43.965210, 31.306398, 0.0)
(43.925144, 31.323919, 0.0)
(43.906937, 31.326845, 0.0)
(43.888710, 31.298187, 0.0)
(43.877026, 31.300203, 0.0)
(44.238567, 31.470516, 0.0)
(44.298672, 31.464884, 0.0)
(44.306465, 31.474686, 0.0)
(44.279682, 31.447117, 0.0)
(44.281258, 31.455179, 0.0)
(44.278481, 31.477196, 0.0)
(44.277508, 31.469656, 0.0)
(44.325390, 31.466757, 0.0)
(44.326359, 31.446154, 0.0)
(44.327705, 31.433300, 0.0)
(44.359089, 31.386568, 0.0)
(44.341423, 31.369688, 0.0)
(44.339485, 31.362263, 0.0)
(44.385498, 31.374546, 0.0)
(44.372746, 31.371378, 0.0)
(44.362942, 31.380663, 0.0)
(44.356819, 31.327513, 0.0)
(44.343906, 31.331947, 0.0)
(44.319157, 31.283516, 0.0)
(44.315624, 31.333622, 0.0)
(44.287365, 31.295105, 0.0)
(44.313286, 31.315140, 0.0)
(44.287868, 31.321386, 0.0)
(44.268082, 31.340860, 0.0)
(44.245010, 31.287106, 0.0)
(42.919876, 29.122530, 0.0)
(42.703659, 28.506107, 0.0)
(42.788956, 28.438429, 0.0)
(42.810619, 28.408344, 0.0)
(42.822006, 28.427055, 0.0)
(42.813915, 28.404318, 0.0)
(42.814613, 28.402630, 0.0)
(42.432110, 27.998423, 0.0)
(42.402359, 27.925793, 0.0)
(42.364468, 27.883934, 0.0)
(42.365250, 27.810814, 0.0)
(42.358879, 27.829281, 0.0)
(42.333923, 27.816740, 0.0)
(42.329315, 27.777407, 0.0)
(42.284393, 27.745159, 0.0)
(42.290501, 27.690426, 0.0)
(42.451702, 27.809471, 0.0)
(42.435310, 27.830441, 0.0)
(42.413815, 27.827429, 0.0)
(42.429783, 27.804161, 0.0)
(42.394238, 27.788118, 0.0)
(42.418736, 27.804230, 0.0)
(42.407177, 27.828976, 0.0)
(42.391155, 27.875259, 0.0)
(42.384808, 27.870329, 0.0)
(42.399487, 27.860008, 0.0)
(42.377682, 27.897436, 0.0)
(42.351513, 27.870241, 0.0)
(42.364616, 27.903198, 0.0)
(42.354763, 27.911646, 0.0)
(42.360443, 27.916862, 0.0)
(42.369053, 27.945225, 0.0)
(42.402996, 27.914780, 0.0)
(42.400375, 27.907194, 0.0)
(42.394485, 27.916084, 0.0)
(42.398193, 27.897436, 0.0)
(43.411663, 29.324831, 0.0)
(44.331566, 31.500137, 0.0)
(44.720947, 33.645439, 0.0)
(44.893574, 35.773396, 0.0)
(44.621769, 37.427132, 0.0)
(44.136200, 38.365620, 0.0)
(44.010544, 38.369968, 0.0)
(43.968288, 38.304653, 0.0)
(43.934830, 38.236870, 0.0)
(43.904366, 38.209400, 0.0)
(44.112354, 38.426441, 0.0)
(44.056591, 38.392029, 0.0)
(44.003105, 38.394947, 0.0)
(43.973480, 38.387783, 0.0)
(43.981052, 38.363121, 0.0)
(43.984806, 38.338902, 0.0)
(43.962757, 38.358330, 0.0)
(43.909943, 38.338669, 0.0)
(43.884163, 38.344933, 0.0)
(43.821804, 38.378246, 0.0)
(42.703903, 37.365707, 0.0)
(41.805912, 35.588932, 0.0)
(41.458187, 34.921024, 0.0)
(41.307007, 34.805008, 0.0)
(41.329792, 34.747276, 0.0)
(41.362385, 34.743900, 0.0)
(41.383968, 34.709026, 0.0)
(41.414173, 34.696991, 0.0)
(41.434277, 34.689732, 0.0)
(41.447853, 34.657860, 0.0)
(41.474155, 34.641872, 0.0)
(41.514168, 34.619827, 0.0)
(41.553669, 34.608765, 0.0)
(41.575813, 34.592091, 0.0)
(41.582649, 34.591740, 0.0)
(41.587669, 34.569397, 0.0)
(41.608604, 34.532291, 0.0)
(41.623215, 34.520020, 0.0)
(40.221485, 33.450405, 0.0)
(36.009373, 30.797657, 0.0)
(32.709980, 29.553545, 0.0)
(31.424644, 29.398798, 0.0)
(31.696276, 29.344986, 0.0)
(31.698336, 29.329313, 0.0)
(31.616365, 29.339352, 0.0)
(31.602579, 29.298063, 0.0)
(31.612267, 29.331303, 0.0)
(31.498249, 29.710951, 0.0)
(31.507408, 29.776283, 0.0)
(31.500549, 29.753208, 0.0)
(31.550219, 29.723787, 0.0)
(31.553064, 29.737133, 0.0)
(31.593126, 29.686321, 0.0)
(31.633814, 29.675491, 0.0)
(31.627193, 29.687593, 0.0)
(31.641891, 29.701321, 0.0)
(31.647179, 29.782581, 0.0)
(31.640333, 29.785419, 0.0)
(31.640202, 29.769926, 0.0)
(31.632099, 29.773745, 0.0)
(31.669613, 29.751289, 0.0)
(31.655418, 29.771408, 0.0)
(31.645224, 29.785696, 0.0)
(31.622406, 29.810951, 0.0)
(31.595978, 29.816813, 0.0)
(31.600224, 29.824318, 0.0)
(31.602055, 29.804445, 0.0)
(31.615177, 29.798954, 0.0)
(31.608191, 29.804472, 0.0)
(31.594299, 29.796255, 0.0)
(31.598148, 29.791174, 0.0)
(31.596594, 29.753759, 0.0)
(31.603558, 29.738770, 0.0)
(31.597275, 29.742762, 0.0)
(31.599804, 29.747181, 0.0)
(32.335114, 30.272007, 0.0)
(35.113407, 33.094776, 0.0)
(36.855370, 36.270607, 0.0)
(37.465565, 37.908344, 0.0)
(37.402916, 37.928890, 0.0)
(37.354961, 37.832024, 0.0)
(37.314621, 37.815578, 0.0)
(37.280766, 37.810623, 0.0)
(37.027489, 38.053200, 0.0)
(37.017315, 38.075565, 0.0)
(36.981918, 38.047859, 0.0)
(36.983238, 37.977379, 0.0)
(36.953785, 37.940807, 0.0)
(36.927330, 37.930218, 0.0)
(36.899132, 37.945789, 0.0)
(36.874580, 37.951424, 0.0)
(36.865112, 37.932644, 0.0)
(36.855297, 37.919586, 0.0)
(36.827019, 37.891670, 0.0)
(36.813400, 37.867504, 0.0)
(36.834236, 37.858315, 0.0)
(36.833416, 37.874790, 0.0)
(36.828758, 37.889568, 0.0)
(37.089493, 37.245350, 0.0)
(37.066875, 36.064007, 0.0)
(37.045265, 36.000061, 0.0)
(37.016258, 35.980049, 0.0)
(36.989933, 35.951767, 0.0)
(36.991020, 35.938934, 0.0)
(36.979279, 35.931362, 0.0)
(37.329605, 34.786114, 0.0)
(37.400005, 34.070560, 0.0)
(37.361710, 34.022175, 0.0)
(37.367188, 34.000690, 0.0)
(37.374470, 33.964912, 0.0)
(37.387615, 33.956795, 0.0)
(37.396770, 33.953243, 0.0)
(37.444519, 33.941235, 0.0)
(38.066597, 33.659073, 0.0)
(41.078167, 30.878906, 0.0)
(42.737087, 29.561787, 0.0)
(42.992107, 29.074408, 0.0)
(43.086624, 29.120602, 0.0)
(43.164749, 29.221790, 0.0)
(43.164776, 29.180901, 0.0)
(43.634106, 29.392397, 0.0)
(43.564453, 29.272795, 0.0)
(43.589771, 29.207390, 0.0)
(43.600639, 29.163452, 0.0)
(43.586384, 29.094639, 0.0)
(43.600830, 29.061415, 0.0)
(43.589699, 28.958035, 0.0)
(43.617893, 28.970415, 0.0)
(43.616184, 28.940546, 0.0)
(43.888374, 29.142334, 0.0)
(43.876507, 29.080730, 0.0)
(43.852772, 29.084219, 0.0)
(43.845806, 29.099628, 0.0)
(43.866951, 29.104073, 0.0)
(43.901054, 29.137321, 0.0)
(43.901890, 29.049480, 0.0)
(43.914753, 29.005543, 0.0)
(43.920292, 29.032389, 0.0)
(43.906174, 29.023920, 0.0)
(43.923656, 29.083309, 0.0)
(43.871628, 29.059746, 0.0)
(43.863529, 29.057411, 0.0)
(43.862179, 29.047642, 0.0)
(43.824974, 29.124699, 0.0)
(43.810429, 29.180969, 0.0)
(43.802845, 29.164598, 0.0)
(43.792030, 29.140829, 0.0)
(43.788239, 29.157509, 0.0)
(43.793663, 29.262396, 0.0)
(43.780289, 29.299881, 0.0)
(44.045956, 30.103704, 0.0)
(44.187035, 32.348900, 0.0)
(43.966808, 34.051456, 0.0)
(43.750271, 34.418129, 0.0)
(43.721386, 34.452820, 0.0)
(43.693607, 34.497574, 0.0)
(43.669521, 34.515415, 0.0)
(43.629543, 34.537434, 0.0)
(43.366154, 34.726082, 0.0)
(43.311241, 34.720573, 0.0)
(43.302921, 34.674271, 0.0)
(43.239445, 34.637238, 0.0)
(43.197063, 34.618641, 0.0)
(43.174034, 34.644421, 0.0)
(43.122810, 34.649139, 0.0)
(43.106792, 34.669731, 0.0)
(43.069016, 34.637470, 0.0)
(43.073978, 34.585930, 0.0)
(43.074409, 34.570236, 0.0)
(43.012455, 34.541656, 0.0)
(42.986530, 34.547173, 0.0)
(42.959602, 34.537685, 0.0)
(42.936153, 34.567482, 0.0)
(42.924007, 34.584614, 0.0)
(42.901260, 34.574345, 0.0)
(42.891781, 34.550224, 0.0)
(42.913033, 34.543243, 0.0)
(42.889748, 34.485909, 0.0)
(42.878906, 34.493088, 0.0)
(42.886497, 34.474693, 0.0)
(42.873489, 34.513817, 0.0)
(42.856918, 34.513397, 0.0)
(42.860668, 34.529491, 0.0)
(42.853718, 34.514164, 0.0)
(42.858452, 34.501129, 0.0)
(42.853107, 34.502277, 0.0)
(42.853970, 34.467056, 0.0)
(42.857101, 34.465000, 0.0)
(40.538803, 34.062305, 0.0)
(37.163776, 34.220581, 0.0)
(35.098213, 36.128834, 0.0)
(34.314983, 37.515469, 0.0)
(34.266903, 37.781406, 0.0)
(34.183350, 37.824562, 0.0)
(34.125256, 37.823589, 0.0)
(34.087246, 37.809444, 0.0)
(34.035080, 37.820862, 0.0)
(33.978012, 37.849804, 0.0)
(33.945160, 37.888233, 0.0)
(33.941807, 37.905872, 0.0)
(33.920139, 37.910267, 0.0)
(33.967331, 37.917397, 0.0)
(33.952137, 37.940948, 0.0)
(33.956505, 37.932583, 0.0)
(34.437969, 37.480110, 0.0)
(34.482044, 37.440170, 0.0)
(34.467251, 37.483021, 0.0)
(34.450596, 37.503883, 0.0)
(34.454723, 37.522881, 0.0)
(34.517159, 37.520672, 0.0)
(34.605610, 37.499191, 0.0)
(34.636692, 37.479973, 0.0)
(34.636375, 37.443291, 0.0)
(34.658085, 37.396248, 0.0)
(34.633492, 37.370674, 0.0)
(34.638897, 37.373959, 0.0)
(34.609253, 37.390411, 0.0)
(34.588703, 37.394001, 0.0)
(34.588882, 37.416805, 0.0)
(34.562893, 37.419174, 0.0)
(34.545124, 37.410198, 0.0)
(34.533504, 37.394794, 0.0)
(34.530853, 37.306034, 0.0)
(34.519558, 37.304420, 0.0)
(34.508713, 37.302681, 0.0)
(34.706966, 36.835827, 0.0)
(36.274239, 31.664425, 0.0)
(36.469326, 27.918781, 0.0)
(36.470619, 27.096270, 0.0)
(36.513069, 27.031294, 0.0)
(36.540962, 26.987440, 0.0)
(36.503723, 26.907616, 0.0)
(37.370899, 26.511528, 0.0)
(37.489086, 26.423723, 0.0)
(37.464977, 26.366461, 0.0)
(37.511505, 26.297226, 0.0)
(37.512836, 26.249754, 0.0)
(37.581642, 26.227070, 0.0)
(37.566498, 26.171314, 0.0)
(37.580673, 26.156399, 0.0)
(37.594467, 26.127300, 0.0)
(37.587872, 26.090374, 0.0)
(37.582855, 26.083729, 0.0)
(37.610275, 26.067692, 0.0)
(37.613819, 26.066696, 0.0)
(37.601444, 26.070061, 0.0)
(37.628567, 25.991776, 0.0)
(37.634460, 26.012455, 0.0)
(37.628567, 25.991776, 0.0)
(37.659786, 26.022711, 0.0)
(37.632126, 26.032393, 0.0)
(37.669258, 26.047745, 0.0)
(37.665070, 26.030594, 0.0)
(37.633026, 26.029087, 0.0)
(37.608784, 26.038940, 0.0)
(37.612865, 26.049582, 0.0)
(37.594788, 26.072264, 0.0)
(37.558868, 26.120070, 0.0)
(37.561584, 26.097042, 0.0)
(37.543461, 26.092888, 0.0)
(37.546528, 26.065149, 0.0)
(37.532356, 26.072844, 0.0)
(37.536198, 26.089439, 0.0)
(34.621716, 27.210072, 0.0)
(31.162727, 29.768089, 0.0)
(29.736902, 32.713497, 0.0)
(30.216206, 34.649960, 0.0)
(30.767065, 35.153309, 0.0)
(30.715193, 35.223366, 0.0)
(30.636320, 35.250969, 0.0)
(30.599588, 35.242321, 0.0)
(30.502396, 35.263165, 0.0)
(30.116364, 35.117950, 0.0)
(30.039192, 35.118706, 0.0)
(30.055201, 35.118313, 0.0)
(30.045002, 35.098827, 0.0)
(30.073811, 35.089432, 0.0)
(30.075907, 35.114124, 0.0)
(30.077656, 35.109463, 0.0)
(30.092291, 35.090424, 0.0)
(30.073412, 35.092735, 0.0)
(30.188108, 34.761986, 0.0)
(30.167187, 34.744465, 0.0)
(30.222221, 34.671722, 0.0)
(30.383093, 34.543591, 0.0)
(30.416103, 34.480247, 0.0)
(30.432693, 34.426620, 0.0)
(30.508564, 34.416939, 0.0)
(30.482056, 34.419155, 0.0)
(30.479055, 34.421074, 0.0)
(30.462978, 34.431957, 0.0)
(30.389450, 34.464092, 0.0)
(30.388201, 34.417400, 0.0)
(30.424994, 34.381271, 0.0)
(30.384016, 34.365921, 0.0)
(30.384016, 34.365921, 0.0)
(30.360670, 34.364967, 0.0)
(30.301956, 34.396049, 0.0)
(30.294483, 34.392448, 0.0)
(30.289070, 34.381435, 0.0)
(31.691252, 33.541965, 0.0)
(36.443535, 31.339464, 0.0)
(39.912067, 31.113590, 0.0)
(41.501366, 31.365343, 0.0)
(41.692432, 31.355442, 0.0)
(41.815029, 31.389744, 0.0)
(41.851803, 31.387049, 0.0)
(41.848061, 31.359859, 0.0)
(41.842014, 31.321384, 0.0)
(41.942474, 31.204819, 0.0)
(41.948166, 31.070511, 0.0)
(41.957710, 31.026394, 0.0)
(41.937939, 30.987450, 0.0)
(41.938950, 30.970928, 0.0)
(41.908623, 30.943308, 0.0)
(41.932045, 30.892307, 0.0)
(41.943577, 30.864838, 0.0)
(41.921265, 30.882376, 0.0)
(41.904213, 30.854156, 0.0)
(41.902119, 30.853010, 0.0)
(41.885426, 30.855019, 0.0)
(41.885147, 30.871584, 0.0)
(41.881531, 30.890638, 0.0)
(41.839409, 30.878494, 0.0)
(41.820782, 30.867046, 0.0)
(41.815216, 30.889502, 0.0)
(41.799259, 30.891706, 0.0)
(41.788029, 30.916212, 0.0)
(41.192699, 30.736361, 0.0)
(41.126637, 30.724306, 0.0)
(41.137516, 30.707600, 0.0)
(41.140911, 30.697420, 0.0)
(41.155788, 30.655851, 0.0)
(41.143219, 30.671520, 0.0)
(41.093845, 30.660080, 0.0)
(41.090454, 30.667608, 0.0)
(41.085114, 30.666698, 0.0)
(41.082424, 30.651852, 0.0)
(41.094845, 30.631323, 0.0)
(41.110260, 30.632650, 0.0)
(40.098530, 29.839607, 0.0)
(37.993488, 27.766073, 0.0)
(37.601597, 27.518166, 0.0)
(37.682289, 27.590879, 0.0)
(37.715061, 27.596178, 0.0)
(37.661320, 27.556824, 0.0)
(37.668945, 27.570030, 0.0)
(38.043415, 27.698656, 0.0)
(38.071495, 27.718756, 0.0)
(38.048424, 27.698763, 0.0)
(38.074520, 27.714664, 0.0)
(38.049072, 27.694378, 0.0)
(37.994698, 27.661833, 0.0)
(38.035091, 27.609528, 0.0)
(38.023560, 27.583479, 0.0)
(38.001942, 27.580061, 0.0)
(37.990162, 27.572203, 0.0)
(37.992317, 27.553816, 0.0)
(37.991276, 27.564774, 0.0)
(37.986469, 27.485392, 0.0)
(37.985161, 27.425362, 0.0)
(37.946766, 27.477573, 0.0)
(37.674023, 27.562044, 0.0)
(37.648506, 27.632078, 0.0)
(37.644695, 27.626997, 0.0)
(37.638409, 27.608547, 0.0)
(37.624374, 27.579660, 0.0)
(37.650421, 27.608271, 0.0)
(37.612736, 27.596626, 0.0)
(37.621647, 27.632200, 0.0)
(37.632092, 27.656734, 0.0)
(37.613113, 27.680202, 0.0)
(37.641769, 27.678364, 0.0)
(37.629177, 27.670963, 0.0)
(37.624615, 27.671663, 0.0)
(37.650806, 27.658777, 0.0)
(37.490612, 27.702288, 0.0)
(34.401188, 29.930544, 0.0)
(32.358410, 32.636993, 0.0)
(31.850807, 33.352757, 0.0)
(31.718250, 33.421947, 0.0)
(31.658888, 33.395588, 0.0)
(31.642052, 33.384846, 0.0)
(31.622917, 33.406723, 0.0)
(31.967489, 33.117390, 0.0)
(31.952045, 33.052551, 0.0)
(31.918058, 33.014729, 0.0)
(31.913998, 33.024010, 0.0)
(31.880877, 33.016094, 0.0)
(31.884260, 33.017963, 0.0)
(31.897146, 33.037876, 0.0)
(31.889059, 32.734596, 0.0)
(31.925480, 32.647446, 0.0)
(31.925480, 32.647446, 0.0)
(31.947123, 32.642082, 0.0)
(31.963959, 32.637852, 0.0)
(31.951521, 32.595863, 0.0)
(31.951883, 32.595150, 0.0)
(31.932226, 32.587772, 0.0)
(31.911446, 32.595562, 0.0)
(31.935104, 32.609470, 0.0)
(31.937243, 32.613186, 0.0)
(31.927896, 32.628334, 0.0)
(31.956154, 32.604664, 0.0)
(31.947180, 32.615383, 0.0)
(31.947548, 32.604412, 0.0)
(32.507458, 32.152100, 0.0)
(32.528202, 32.138981, 0.0)
(32.514206, 32.154545, 0.0)
(32.511726, 32.194981, 0.0)
(32.505112, 32.195923, 0.0)
(32.548584, 32.165859, 0.0)
(32.548172, 32.173073, 0.0)
(32.672928, 32.177673, 0.0)
(36.632183, 31.296703, 0.0)
(37.669022, 31.140741, 0.0)
(37.782768, 31.078714, 0.0)
(37.798470, 31.102463, 0.0)
(37.832523, 31.060480, 0.0)
(37.768028, 31.034939, 0.0)
(39.136639, 32.742779, 0.0)
(38.548126, 30.984697, 0.0)
(38.397575, 30.856346, 0.0)
(38.483364, 30.956661, 0.0)
(38.557201, 31.002737, 0.0)
(38.628941, 31.033209, 0.0)
(38.620358, 31.039236, 0.0)
(38.653942, 31.040274, 0.0)
(38.662769, 31.061632, 0.0)
(38.634415, 31.032593, 0.0)
(38.642715, 31.031239, 0.0)
(38.625347, 31.051283, 0.0)
(38.607758, 31.041788, 0.0)
(38.618114, 31.058071, 0.0)
(38.643616, 31.040115, 0.0)
(38.689861, 31.053572, 0.0)
(38.707924, 31.023228, 0.0)
(38.701786, 31.037567, 0.0)
(38.694714, 31.045202, 0.0)
(38.736713, 31.050644, 0.0)
(38.646244, 30.872402, 0.0)
(38.649155, 30.764769, 0.0)
(38.648232, 30.778631, 0.0)
(38.620831, 30.818893, 0.0)
(38.620701, 30.797802, 0.0)
(38.615181, 30.787802, 0.0)
(38.617733, 30.800686, 0.0)
(38.612991, 30.796541, 0.0)
(38.607277, 30.796019, 0.0)
(39.235729, 30.611794, 0.0)
(41.985481, 29.550266, 0.0)
(42.809620, 29.204964, 0.0)
(42.863079, 29.165865, 0.0)
(42.887806, 29.191521, 0.0)
(42.890579, 29.171869, 0.0)
(42.894726, 29.139294, 0.0)
(42.907433, 29.081249, 0.0)
(42.909458, 29.092627, 0.0)
(42.960342, 29.063278, 0.0)
(42.978676, 29.007607, 0.0)
(42.968357, 28.974026, 0.0)
(42.991795, 28.896660, 0.0)
(43.036610, 28.905319, 0.0)
(43.266155, 29.041607, 0.0)
(43.269047, 29.001873, 0.0)
(43.269314, 28.959471, 0.0)
(43.267570, 28.925768, 0.0)
(43.262627, 28.946047, 0.0)
(43.292538, 28.942329, 0.0)
(43.292694, 28.932867, 0.0)
(43.268810, 28.850054, 0.0)
(42.713341, 28.560034, 0.0)
(42.608192, 28.488295, 0.0)
(42.718533, 28.546305, 0.0)
(42.721130, 28.554529, 0.0)
(42.739567, 28.545687, 0.0)
(42.728821, 28.516790, 0.0)
(42.744278, 28.482853, 0.0)
(42.799503, 28.468788, 0.0)
(42.788704, 28.473495, 0.0)
(42.769375, 28.475981, 0.0)
(42.738010, 28.458700, 0.0)
(42.738010, 28.458700, 0.0)
(42.713745, 28.448957, 0.0)
(42.725159, 28.465376, 0.0)
(42.716652, 28.457655, 0.0)
(42.717651, 28.471598, 0.0)
(42.725708, 28.484760, 0.0)
(42.751610, 28.459127, 0.0)
(42.746208, 28.423803, 0.0)
(42.118877, 29.328594, 0.0)
(40.467178, 30.174500, 0.0)
(38.011715, 29.959974, 0.0)
(37.488098, 29.952034, 0.0)
(37.377483, 29.936901, 0.0)
(37.332691, 29.939499, 0.0)
(38.577732, 29.963158, 0.0)
(40.995590, 30.137980, 0.0)
(41.002140, 30.079067, 0.0)
(40.985207, 30.036610, 0.0)
(40.979618, 30.029119, 0.0)
(40.988247, 30.057259, 0.0)
(40.960987, 30.054911, 0.0)
(40.949757, 30.061684, 0.0)
(39.531719, 30.126009, 0.0)
(39.227234, 30.226368, 0.0)
(39.208206, 30.213156, 0.0)
(39.164024, 30.202168, 0.0)
(39.149471, 30.188892, 0.0)
(39.145737, 30.164976, 0.0)
(39.197411, 30.139025, 0.0)
(40.333572, 30.103371, 0.0)
(40.348656, 30.092735, 0.0)
(40.322933, 30.122353, 0.0)
(40.348106, 30.103590, 0.0)
(40.366566, 30.085739, 0.0)
(40.381931, 30.086521, 0.0)
(40.410648, 30.094015, 0.0)
(40.416183, 30.078754, 0.0)
(40.410858, 30.120653, 0.0)
(40.399780, 30.122231, 0.0)
(40.384510, 30.121813, 0.0)
(40.372211, 30.136856, 0.0)
(40.365246, 30.128853, 0.0)
(40.406597, 30.118950, 0.0)
(40.416325, 30.135839, 0.0)
(39.441658, 32.092545, 0.0)
(39.328739, 32.907398, 0.0)
(39.308922, 32.972214, 0.0)
(39.013176, 32.801876, 0.0)
(38.997646, 34.863873, 0.0)
(38.937824, 34.239399, 0.0)
(38.850979, 33.501537, 0.0)
(38.895096, 33.526779, 0.0)
(38.934792, 33.567535, 0.0)
(38.955040, 33.608730, 0.0)
(38.943516, 33.657509, 0.0)
(38.929935, 33.688576, 0.0)
(38.932411, 33.690838, 0.0)
(38.966232, 33.685413, 0.0)
(38.955505, 33.697803, 0.0)
(38.656029, 33.355274, 0.0)
(38.628456, 33.254559, 0.0)
(38.626865, 33.250183, 0.0)
(38.634571, 33.253101, 0.0)
(38.616199, 33.250607, 0.0)
(38.590229, 33.212112, 0.0)
(37.958027, 32.233398, 0.0)
(37.833767, 31.968071, 0.0)
(37.805359, 31.941011, 0.0)
(37.812336, 31.940191, 0.0)
(37.806175, 31.953430, 0.0)
(37.826172, 31.936790, 0.0)
(37.822006, 31.975328, 0.0)
(37.801746, 31.958326, 0.0)
(37.808010, 31.973051, 0.0)
(37.808010, 31.973051, 0.0)
(37.815510, 31.970505, 0.0)
(37.829056, 31.954872, 0.0)
(37.825878, 31.934196, 0.0)
(37.829208, 31.951735, 0.0)
(41.057598, 34.615932, 0.0)
(42.407936, 36.484863, 0.0)
(42.510475, 37.573437, 0.0)
(42.312519, 37.850151, 0.0)
(42.295853, 37.868549, 0.0)
(42.262005, 37.848743, 0.0)
(42.276291, 37.848366, 0.0)
(42.236282, 37.830875, 0.0)
(42.222435, 37.801426, 0.0)
(42.204559, 37.798954, 0.0)
(42.480095, 37.752396, 0.0)
(42.485146, 37.774002, 0.0)
(42.461502, 37.787045, 0.0)
(42.489288, 37.770878, 0.0)
(42.504967, 37.765671, 0.0)
(42.500523, 37.759331, 0.0)
(42.514366, 37.768105, 0.0)
(42.506317, 37.760384, 0.0)
(42.507835, 37.718090, 0.0)
(42.501907, 37.720768, 0.0)
(42.491024, 37.715790, 0.0)
(42.119633, 35.801884, 0.0)
(41.792900, 33.606491, 0.0)
(41.633152, 33.224972, 0.0)
(41.619484, 33.209797, 0.0)
(41.622047, 33.200851, 0.0)
(41.622063, 33.233932, 0.0)
(41.611122, 33.259949, 0.0)
(41.617702, 33.250092, 0.0)
(41.617893, 33.292507, 0.0)
(41.670429, 33.222507, 0.0)
(41.693935, 33.192768, 0.0)
(41.714920, 33.190617, 0.0)
(41.742184, 33.169231, 0.0)
(41.754841, 33.168476, 0.0)
(41.782116, 33.139660, 0.0)
(41.806049, 33.087074, 0.0)
(41.803230, 33.062531, 0.0)
(41.824581, 33.064430, 0.0)
(41.825115, 33.045113, 0.0)
(41.790291, 33.019371, 0.0)
(41.829071, 33.000854, 0.0)
(41.828114, 32.994167, 0.0)
(41.813824, 32.998081, 0.0)
(42.259300, 32.845470, 0.0)
(42.620617, 32.364635, 0.0)
(42.659313, 32.318874, 0.0)
(42.686565, 32.295929, 0.0)
(42.701607, 32.282734, 0.0)
(42.688377, 32.302361, 0.0)
(42.675873, 32.269421, 0.0)
(42.707230, 32.297848, 0.0)
(42.691586, 32.294357, 0.0)
(42.710007, 32.306919, 0.0)
(42.692112, 32.361256, 0.0)
(41.454029, 32.560211, 0.0)
(40.975197, 32.868511, 0.0)
(40.963448, 32.842972, 0.0)
(40.984566, 32.832066, 0.0)
(41.012794, 32.825233, 0.0)
(40.991043, 32.862995, 0.0)
(41.008373, 32.879326, 0.0)
(40.967442, 32.858963, 0.0)
(40.941044, 32.868015, 0.0)
(40.969635, 32.832302, 0.0)
(40.959694, 32.833115, 0.0)
(40.957829, 32.834370, 0.0)
(40.935432, 32.828762, 0.0)
(40.904541, 32.838715, 0.0)
(40.900639, 32.827751, 0.0)
(40.887131, 32.823753, 0.0)
(40.864784, 32.844070, 0.0)
(39.583630, 33.017914, 0.0)
(38.956451, 33.079082, 0.0)
(38.874226, 33.046036, 0.0)
(38.878067, 33.006496, 0.0)
(38.856567, 33.017311, 0.0)
(38.804760, 33.016407, 0.0)
(38.825817, 33.026569, 0.0)
