{
  "prompt": "black pupil.",
  "gsam2_centers": [
    {
      "valid": true,
      "cx": 130.84,
      "cy": 77.74,
      "area": 350,
      "det_score": 0.4275,
      "sam_score": 0.9584,
      "box": [
        118.6,
        67.4,
        143.8,
        88.4
      ],
      "repeats": [
        [
          130.98000000000002,
          77.65
        ],
        [
          130.95999999999998,
          77.77
        ],
        [
          131.01999999999998,
          77.71
        ],
        [
          130.92000000000002,
          77.64
        ],
        [
          132.0,
          77.74
        ]
      ],
      "idx": 2105,
      "mislabel": false,
      "mislabel_reason": "ok",
      "e_unet": 0.9
    },
    {
      "valid": true,
      "cx": 130.97,
      "cy": 77.78,
      "area": 343,
      "det_score": 0.4261,
      "sam_score": 0.9572,
      "box": [
        118.7,
        67.5,
        143.8,
        88.5
      ],
      "repeats": [
        [
          131.01,
          77.72
        ],
        [
          130.88,
          77.99
        ],
        [
          130.93,
          77.89
        ],
        [
          130.99,
          77.77
        ],
        [
          131.9,
          77.92
        ]
      ],
      "idx": 2106,
      "mislabel": false,
      "mislabel_reason": "ok",
      "e_unet": 0.98
    },
    {
      "valid": true,
      "cx": 130.88,
      "cy": 77.94,
      "area": 343,
      "det_score": 0.4159,
      "sam_score": 0.9573,
      "box": [
        118.8,
        67.6,
        143.8,
        88.5
      ],
      "repeats": [
        [
          130.91,
          77.88
        ],
        [
          130.98000000000002,
          77.96
        ],
        [
          130.98000000000002,
          77.94
        ],
        [
          130.98000000000002,
          77.82
        ],
        [
          131.9,
          77.92
        ]
      ],
      "idx": 2107,
      "mislabel": false,
      "mislabel_reason": "ok",
      "e_unet": 1.0
    },
    {
      "valid": true,
      "cx": 130.97,
      "cy": 78.02,
      "area": 336,
      "det_score": 0.4319,
      "sam_score": 0.957,
      "box": [
        118.9,
        67.7,
        143.8,
        88.5
      ],
      "repeats": [
        [
          131.03,
          77.92
        ],
        [
          130.97,
          78.02
        ],
        [
          131.04000000000002,
          78.0
        ],
        [
          131.05,
          77.83
        ],
        [
          131.95,
          78.07
        ]
      ],
      "idx": 2108,
      "mislabel": false,
      "mislabel_reason": "ok",
      "e_unet": 1.03
    },
    {
      "valid": true,
      "cx": 128.56,
      "cy": 77.58,
      "area": 328,
      "det_score": 0.4581,
      "sam_score": 0.9542,
      "box": [
        116.6,
        67.4,
        141.0,
        88.0
      ],
      "repeats": [
        [
          128.5,
          77.51
        ],
        [
          128.6,
          77.68
        ],
        [
          128.61,
          77.63
        ],
        [
          128.67000000000002,
          77.48
        ],
        [
          129.62,
          77.63
        ]
      ],
      "idx": 2109,
      "mislabel": false,
      "mislabel_reason": "ok",
      "e_unet": 0.84
    },
    {
      "valid": true,
      "cx": 128.48000000000002,
      "cy": 77.34,
      "area": 330,
      "det_score": 0.4468,
      "sam_score": 0.9547,
      "box": [
        116.6,
        67.1,
        141.2,
        87.9
      ],
      "repeats": [
        [
          128.43,
          77.28
        ],
        [
          128.54000000000002,
          77.41
        ],
        [
          128.47,
          77.32
        ],
        [
          128.66,
          77.24
        ],
        [
          129.54,
          77.35
        ]
      ],
      "idx": 2110,
      "mislabel": false,
      "mislabel_reason": "ok",
      "e_unet": 0.76
    },
    {
      "valid": true,
      "cx": 128.38,
      "cy": 77.21,
      "area": 335,
      "det_score": 0.4612,
      "sam_score": 0.9523,
      "box": [
        116.5,
        66.7,
        141.1,
        87.8
      ],
      "repeats": [
        [
          128.47,
          77.15
        ],
        [
          128.45,
          77.27
        ],
        [
          128.47,
          77.21
        ],
        [
          128.59,
          77.03
        ],
        [
          129.47,
          77.2
        ]
      ],
      "idx": 2111,
      "mislabel": false,
      "mislabel_reason": "ok",
      "e_unet": 0.85
    },
    {
      "valid": true,
      "cx": 128.38,
      "cy": 77.1,
      "area": 337,
      "det_score": 0.4657,
      "sam_score": 0.9544,
      "box": [
        116.5,
        66.7,
        141.0,
        87.7
      ],
      "repeats": [
        [
          128.38,
          76.98
        ],
        [
          128.45999999999998,
          77.18
        ],
        [
          128.45999999999998,
          77.04
        ],
        [
          128.47,
          76.98
        ],
        [
          129.48,
          77.11
        ]
      ],
      "idx": 2112,
      "mislabel": false,
      "mislabel_reason": "ok",
      "e_unet": 0.88
    },
    {
      "valid": true,
      "cx": 128.29000000000002,
      "cy": 77.24,
      "area": 336,
      "det_score": 0.4669,
      "sam_score": 0.9539,
      "box": [
        116.3,
        66.9,
        141.0,
        87.8
      ],
      "repeats": [
        [
          128.26999999999998,
          77.18
        ],
        [
          128.29000000000002,
          77.32
        ],
        [
          128.32,
          77.18
        ],
        [
          128.38,
          77.1
        ],
        [
          129.25,
          77.28
        ]
      ],
      "idx": 2113,
      "mislabel": false,
      "mislabel_reason": "ok",
      "e_unet": 0.92
    },
    {
      "valid": true,
      "cx": 128.23000000000002,
      "cy": 77.37,
      "area": 332,
      "det_score": 0.4359,
      "sam_score": 0.9528,
      "box": [
        116.2,
        66.9,
        140.9,
        87.9
      ],
      "repeats": [
        [
          128.26999999999998,
          77.3
        ],
        [
          128.24,
          77.42
        ],
        [
          128.24,
          77.36
        ],
        [
          128.32999999999998,
          77.12
        ],
        [
          129.24,
          77.31
        ]
      ],
      "idx": 2114,
      "mislabel": false,
      "mislabel_reason": "ok",
      "e_unet": 0.94
    },
    {
      "valid": true,
      "cx": 128.12,
      "cy": 77.48,
      "area": 332,
      "det_score": 0.4315,
      "sam_score": 0.9537,
      "box": [
        116.1,
        67.0,
        140.9,
        87.9
      ],
      "repeats": [
        [
          128.24,
          77.33
        ],
        [
          128.13,
          77.54
        ],
        [
          128.26,
          77.37
        ],
        [
          128.25,
          77.36
        ],
        [
          129.21,
          77.37
        ]
      ],
      "idx": 2115,
      "mislabel": false,
      "mislabel_reason": "ok",
      "e_unet": 0.9
    }
  ]
}