{
  "prompt": "black pupil.",
  "gsam2_centers": [
    {
      "valid": true,
      "cx": 157.14,
      "cy": 132.26999999999998,
      "area": 862,
      "det_score": 0.3629,
      "sam_score": 0.9677,
      "box": [
        141.3,
        113.3,
        174.2,
        151.6
      ],
      "repeats": [
        [
          157.14,
          132.29000000000002
        ],
        [
          157.18,
          132.31
        ],
        [
          157.17,
          132.31
        ],
        [
          157.2,
          132.26
        ],
        [
          158.24,
          132.36
        ]
      ],
      "idx": 905,
      "mislabel": false,
      "mislabel_reason": "ok",
      "e_unet": 0.78
    },
    {
      "valid": true,
      "cx": 154.56,
      "cy": 131.6,
      "area": 820,
      "det_score": 0.3355,
      "sam_score": 0.962,
      "box": [
        139.2,
        112.4,
        171.1,
        151.1
      ],
      "repeats": [
        [
          154.57,
          131.42000000000002
        ],
        [
          154.61,
          131.6
        ],
        [
          154.67,
          131.44
        ],
        [
          154.7,
          131.43
        ],
        [
          155.69,
          131.55
        ]
      ],
      "idx": 906,
      "mislabel": false,
      "mislabel_reason": "ok",
      "e_unet": 0.84
    },
    {
      "valid": true,
      "cx": 154.57,
      "cy": 131.55,
      "area": 820,
      "det_score": 0.3476,
      "sam_score": 0.9641,
      "box": [
        139.2,
        112.5,
        171.1,
        150.9
      ],
      "repeats": [
        [
          154.61,
          131.41
        ],
        [
          154.59,
          131.57999999999998
        ],
        [
          154.63,
          131.43
        ],
        [
          154.68,
          131.45
        ],
        [
          155.63,
          131.48000000000002
        ]
      ],
      "idx": 907,
      "mislabel": false,
      "mislabel_reason": "ok",
      "e_unet": 0.86
    },
    {
      "valid": true,
      "cx": 154.67,
      "cy": 131.53,
      "area": 807,
      "det_score": 0.3707,
      "sam_score": 0.964,
      "box": [
        139.3,
        112.7,
        171.1,
        150.7
      ],
      "repeats": [
        [
          154.72,
          131.43
        ],
        [
          154.72,
          131.6
        ],
        [
          154.7,
          131.49
        ],
        [
          154.76,
          131.41
        ],
        [
          155.74,
          131.51999999999998
        ]
      ],
      "idx": 908,
      "mislabel": false,
      "mislabel_reason": "ok",
      "e_unet": 0.83
    },
    {
      "valid": true,
      "cx": 154.77,
      "cy": 131.49,
      "area": 797,
      "det_score": 0.3484,
      "sam_score": 0.9619,
      "box": [
        139.7,
        112.7,
        171.1,
        150.5
      ],
      "repeats": [
        [
          154.66,
          131.38
        ],
        [
          154.76,
          131.57999999999998
        ],
        [
          154.75,
          131.43
        ],
        [
          154.79,
          131.45
        ],
        [
          155.76,
          131.49
        ]
      ],
      "idx": 909,
      "mislabel": false,
      "mislabel_reason": "ok",
      "e_unet": 0.87
    },
    {
      "valid": true,
      "cx": 154.6,
      "cy": 131.38,
      "area": 774,
      "det_score": 0.3504,
      "sam_score": 0.9624,
      "box": [
        139.9,
        113.0,
        170.9,
        149.9
      ],
      "repeats": [
        [
          154.63,
          131.18
        ],
        [
          154.59,
          131.51999999999998
        ],
        [
          154.65,
          131.32
        ],
        [
          154.8,
          131.2
        ],
        [
          155.69,
          131.43
        ]
      ],
      "idx": 910,
      "mislabel": false,
      "mislabel_reason": "ok",
      "e_unet": 0.79
    },
    {
      "valid": true,
      "cx": 154.57,
      "cy": 131.23000000000002,
      "area": 749,
      "det_score": 0.3378,
      "sam_score": 0.9632,
      "box": [
        140.1,
        113.2,
        170.7,
        149.4
      ],
      "repeats": [
        [
          154.55,
          131.19
        ],
        [
          154.64,
          131.26999999999998
        ],
        [
          154.64,
          131.19
        ],
        [
          154.79,
          131.05
        ],
        [
          155.75,
          131.24
        ]
      ],
      "idx": 911,
      "mislabel": false,
      "mislabel_reason": "ok",
      "e_unet": 0.84
    },
    {
      "valid": true,
      "cx": 154.75,
      "cy": 131.3,
      "area": 732,
      "det_score": 0.3441,
      "sam_score": 0.9627,
      "box": [
        140.4,
        113.5,
        170.6,
        149.1
      ],
      "repeats": [
        [
          154.75,
          131.26999999999998
        ],
        [
          154.8,
          131.31
        ],
        [
          154.78,
          131.26999999999998
        ],
        [
          154.83,
          131.19
        ],
        [
          155.86,
          131.31
        ]
      ],
      "idx": 912,
      "mislabel": false,
      "mislabel_reason": "ok",
      "e_unet": 0.9
    },
    {
      "valid": true,
      "cx": 154.85,
      "cy": 131.25,
      "area": 713,
      "det_score": 0.332,
      "sam_score": 0.9624,
      "box": [
        140.6,
        113.7,
        170.4,
        148.9
      ],
      "repeats": [
        [
          154.83,
          131.19
        ],
        [
          154.9,
          131.3
        ],
        [
          154.87,
          131.23000000000002
        ],
        [
          154.9,
          131.22
        ],
        [
          155.95,
          131.24
        ]
      ],
      "idx": 913,
      "mislabel": false,
      "mislabel_reason": "ok",
      "e_unet": 0.93
    },
    {
      "valid": true,
      "cx": 154.78,
      "cy": 131.14,
      "area": 704,
      "det_score": 0.3334,
      "sam_score": 0.9623,
      "box": [
        140.7,
        113.7,
        170.3,
        148.8
      ],
      "repeats": [
        [
          154.77,
          131.09
        ],
        [
          154.8,
          131.22
        ],
        [
          154.84,
          131.15
        ],
        [
          154.85,
          131.11
        ],
        [
          155.89,
          131.18
        ]
      ],
      "idx": 914,
      "mislabel": false,
      "mislabel_reason": "ok",
      "e_unet": 0.88
    },
    {
      "valid": true,
      "cx": 154.73,
      "cy": 131.16,
      "area": 690,
      "det_score": 0.3482,
      "sam_score": 0.961,
      "box": [
        140.8,
        114.0,
        170.1,
        148.7
      ],
      "repeats": [
        [
          154.74,
          131.1
        ],
        [
          154.77,
          131.3
        ],
        [
          154.78,
          131.15
        ],
        [
          154.86,
          131.05
        ],
        [
          155.81,
          131.19
        ]
      ],
      "idx": 915,
      "mislabel": false,
      "mislabel_reason": "ok",
      "e_unet": 0.98
    }
  ]
}