{
  "prompt": "black pupil.",
  "gsam2_centers": [
    {
      "valid": true,
      "cx": 142.26999999999998,
      "cy": 91.3,
      "area": 441,
      "det_score": 0.4458,
      "sam_score": 0.9551,
      "box": [
        128.8,
        79.1,
        157.2,
        103.8
      ],
      "repeats": [
        [
          142.29000000000002,
          91.3
        ],
        [
          142.28,
          91.4
        ],
        [
          142.31,
          91.33
        ],
        [
          142.37,
          91.18
        ],
        [
          143.37,
          91.31
        ]
      ],
      "idx": 1505,
      "mislabel": false,
      "mislabel_reason": "ok",
      "e_unet": 4.05
    },
    {
      "valid": true,
      "cx": 142.22,
      "cy": 91.3,
      "area": 437,
      "det_score": 0.4348,
      "sam_score": 0.9562,
      "box": [
        128.8,
        79.0,
        157.1,
        103.7
      ],
      "repeats": [
        [
          142.12,
          91.33
        ],
        [
          142.25,
          91.36
        ],
        [
          142.15,
          91.35
        ],
        [
          142.24,
          91.24
        ],
        [
          143.25,
          91.31
        ]
      ],
      "idx": 1506,
      "mislabel": false,
      "mislabel_reason": "ok",
      "e_unet": 3.97
    },
    {
      "valid": true,
      "cx": 142.24,
      "cy": 91.3,
      "area": 441,
      "det_score": 0.4318,
      "sam_score": 0.954,
      "box": [
        128.8,
        79.1,
        157.2,
        103.7
      ],
      "repeats": [
        [
          142.29000000000002,
          91.25
        ],
        [
          142.29000000000002,
          91.34
        ],
        [
          142.29000000000002,
          91.31
        ],
        [
          142.3,
          91.16
        ],
        [
          143.34,
          91.28
        ]
      ],
      "idx": 1507,
      "mislabel": false,
      "mislabel_reason": "ok",
      "e_unet": 4.17
    },
    {
      "valid": true,
      "cx": 142.3,
      "cy": 91.28,
      "area": 443,
      "det_score": 0.4161,
      "sam_score": 0.9535,
      "box": [
        128.8,
        79.1,
        157.2,
        103.6
      ],
      "repeats": [
        [
          142.31,
          91.25
        ],
        [
          142.31,
          91.33
        ],
        [
          142.29000000000002,
          91.31
        ],
        [
          142.34,
          91.17
        ],
        [
          143.45,
          91.23
        ]
      ],
      "idx": 1508,
      "mislabel": false,
      "mislabel_reason": "ok",
      "e_unet": 3.97
    },
    {
      "valid": true,
      "cx": 142.42000000000002,
      "cy": 91.0,
      "area": 441,
      "det_score": 0.4315,
      "sam_score": 0.9546,
      "box": [
        129.0,
        79.0,
        157.3,
        103.4
      ],
      "repeats": [
        [
          142.41,
          90.94
        ],
        [
          142.44,
          91.11
        ],
        [
          142.45999999999998,
          91.03
        ],
        [
          142.48000000000002,
          90.92
        ],
        [
          143.49,
          91.05
        ]
      ],
      "idx": 1509,
      "mislabel": false,
      "mislabel_reason": "ok",
      "e_unet": 4.1
    },
    {
      "valid": true,
      "cx": 142.43,
      "cy": 90.89,
      "area": 438,
      "det_score": 0.4397,
      "sam_score": 0.9554,
      "box": [
        129.1,
        78.8,
        157.4,
        103.3
      ],
      "repeats": [
        [
          142.48000000000002,
          90.79
        ],
        [
          142.44,
          90.91
        ],
        [
          142.48000000000002,
          90.83
        ],
        [
          142.57999999999998,
          90.75
        ],
        [
          143.48,
          90.84
        ]
      ],
      "idx": 1510,
      "mislabel": false,
      "mislabel_reason": "ok",
      "e_unet": 4.07
    },
    {
      "valid": true,
      "cx": 142.51,
      "cy": 90.71,
      "area": 433,
      "det_score": 0.4263,
      "sam_score": 0.9549,
      "box": [
        129.1,
        78.7,
        157.2,
        103.0
      ],
      "repeats": [
        [
          142.38,
          90.71
        ],
        [
          142.5,
          90.75
        ],
        [
          142.51,
          90.69
        ],
        [
          142.55,
          90.69
        ],
        [
          143.43,
          90.74
        ]
      ],
      "idx": 1511,
      "mislabel": false,
      "mislabel_reason": "ok",
      "e_unet": 3.71
    },
    {
      "valid": true,
      "cx": 142.57,
      "cy": 90.59,
      "area": 423,
      "det_score": 0.423,
      "sam_score": 0.9551,
      "box": [
        129.3,
        78.8,
        157.2,
        102.8
      ],
      "repeats": [
        [
          142.57999999999998,
          90.51
        ],
        [
          142.55,
          90.71
        ],
        [
          142.6,
          90.56
        ],
        [
          142.61,
          90.52
        ],
        [
          143.71,
          90.57
        ]
      ],
      "idx": 1512,
      "mislabel": false,
      "mislabel_reason": "ok",
      "e_unet": 3.67
    },
    {
      "valid": true,
      "cx": 142.63,
      "cy": 90.66,
      "area": 415,
      "det_score": 0.4222,
      "sam_score": 0.9557,
      "box": [
        129.4,
        78.9,
        157.2,
        102.7
      ],
      "repeats": [
        [
          142.64,
          90.59
        ],
        [
          142.63,
          90.7
        ],
        [
          142.69,
          90.63
        ],
        [
          142.74,
          90.44
        ],
        [
          143.73,
          90.58
        ]
      ],
      "idx": 1513,
      "mislabel": false,
      "mislabel_reason": "ok",
      "e_unet": 3.71
    },
    {
      "valid": true,
      "cx": 142.76,
      "cy": 90.6,
      "area": 407,
      "det_score": 0.4298,
      "sam_score": 0.9546,
      "box": [
        129.6,
        79.1,
        157.1,
        102.6
      ],
      "repeats": [
        [
          142.79000000000002,
          90.57
        ],
        [
          142.8,
          90.62
        ],
        [
          142.79000000000002,
          90.62
        ],
        [
          142.89,
          90.53
        ],
        [
          143.85,
          90.56
        ]
      ],
      "idx": 1514,
      "mislabel": false,
      "mislabel_reason": "ok",
      "e_unet": 3.83
    },
    {
      "valid": true,
      "cx": 142.89,
      "cy": 90.61,
      "area": 406,
      "det_score": 0.4336,
      "sam_score": 0.9543,
      "box": [
        129.8,
        79.2,
        157.3,
        102.6
      ],
      "repeats": [
        [
          142.82999999999998,
          90.63
        ],
        [
          142.91,
          90.7
        ],
        [
          142.84,
          90.68
        ],
        [
          142.9,
          90.59
        ],
        [
          143.88,
          90.62
        ]
      ],
      "idx": 1515,
      "mislabel": false,
      "mislabel_reason": "ok",
      "e_unet": 3.9
    }
  ]
}