{
  "prompt": "black pupil.",
  "gsam2_centers": [
    {
      "valid": true,
      "cx": 148.97,
      "cy": 92.13,
      "area": 476,
      "det_score": 0.4144,
      "sam_score": 0.96,
      "box": [
        135.2,
        80.0,
        163.9,
        104.7
      ],
      "repeats": [
        [
          148.99,
          92.12
        ],
        [
          148.97,
          92.13
        ],
        [
          149.01999999999998,
          92.07
        ],
        [
          149.16,
          92.02
        ],
        [
          150.07,
          92.17
        ]
      ],
      "idx": 1407,
      "mislabel": false,
      "mislabel_reason": "ok",
      "e_unet": 3.44
    },
    {
      "valid": true,
      "cx": 149.35,
      "cy": 91.99,
      "area": 478,
      "det_score": 0.4054,
      "sam_score": 0.9598,
      "box": [
        135.7,
        79.9,
        164.4,
        104.4
      ],
      "repeats": [
        [
          149.41,
          91.92
        ],
        [
          149.45999999999998,
          91.94
        ],
        [
          149.45,
          91.97
        ],
        [
          149.54000000000002,
          91.86
        ],
        [
          150.69,
          91.88
        ]
      ],
      "idx": 1408,
      "mislabel": false,
      "mislabel_reason": "ok",
      "e_unet": 3.16
    },
    {
      "valid": true,
      "cx": 149.9,
      "cy": 91.79,
      "area": 474,
      "det_score": 0.4078,
      "sam_score": 0.9599,
      "box": [
        136.0,
        79.9,
        164.8,
        104.2
      ],
      "repeats": [
        [
          149.92000000000002,
          91.75
        ],
        [
          149.85,
          91.82
        ],
        [
          149.88,
          91.81
        ],
        [
          149.93,
          91.7
        ],
        [
          150.91,
          91.78
        ]
      ],
      "idx": 1409,
      "mislabel": false,
      "mislabel_reason": "ok",
      "e_unet": 3.54
    },
    {
      "valid": true,
      "cx": 156.12,
      "cy": 90.64,
      "area": 492,
      "det_score": 0.3787,
      "sam_score": 0.9573,
      "box": [
        142.1,
        78.7,
        171.5,
        102.7
      ],
      "repeats": [
        [
          156.04,
          90.65
        ],
        [
          156.12,
          90.66
        ],
        [
          156.19,
          90.56
        ],
        [
          156.35,
          90.4
        ],
        [
          157.2,
          90.65
        ]
      ],
      "idx": 1410,
      "mislabel": false,
      "mislabel_reason": "ok",
      "e_unet": 2.81
    },
    {
      "valid": true,
      "cx": 158.73,
      "cy": 89.98,
      "area": 485,
      "det_score": 0.4278,
      "sam_score": 0.9573,
      "box": [
        144.9,
        78.1,
        173.8,
        101.8
      ],
      "repeats": [
        [
          158.69,
          89.95
        ],
        [
          158.84,
          89.96
        ],
        [
          158.68,
          90.02
        ],
        [
          158.8,
          89.94
        ],
        [
          159.81,
          89.96
        ]
      ],
      "idx": 1411,
      "mislabel": false,
      "mislabel_reason": "ok",
      "e_unet": 1.37
    },
    {
      "valid": true,
      "cx": 160.19,
      "cy": 89.64,
      "area": 481,
      "det_score": 0.4297,
      "sam_score": 0.9568,
      "box": [
        146.2,
        77.9,
        175.3,
        101.4
      ],
      "repeats": [
        [
          160.3,
          89.46
        ],
        [
          160.24,
          89.69
        ],
        [
          160.25,
          89.58
        ],
        [
          160.42,
          89.45
        ],
        [
          161.23,
          89.56
        ]
      ],
      "idx": 1412,
      "mislabel": false,
      "mislabel_reason": "ok",
      "e_unet": 1.87
    },
    {
      "valid": true,
      "cx": 167.69,
      "cy": 88.22,
      "area": 483,
      "det_score": 0.4435,
      "sam_score": 0.9637,
      "box": [
        153.5,
        77.0,
        183.0,
        99.8
      ],
      "repeats": [
        [
          167.67,
          88.24
        ],
        [
          167.68,
          88.26
        ],
        [
          167.6,
          88.37
        ],
        [
          167.76,
          88.14
        ],
        [
          168.72,
          88.35
        ]
      ],
      "idx": 1413,
      "mislabel": false,
      "mislabel_reason": "ok",
      "e_unet": 1.0
    }
  ]
}