{
  "prompt": "black pupil.",
  "gsam2_centers": [
    {
      "valid": true,
      "cx": 208.09,
      "cy": 133.61,
      "area": 1013,
      "det_score": 0.4648,
      "sam_score": 0.9726,
      "box": [
        188.7,
        116.3,
        229.0,
        151.2
      ],
      "repeats": [
        [
          208.05,
          133.57
        ],
        [
          208.13,
          133.63
        ],
        [
          208.09,
          133.59
        ],
        [
          208.16,
          133.6
        ],
        [
          209.16,
          133.6
        ]
      ],
      "idx": 1705,
      "mislabel": false,
      "mislabel_reason": "ok",
      "e_unet": 0.72
    },
    {
      "valid": true,
      "cx": 208.4,
      "cy": 133.85,
      "area": 980,
      "det_score": 0.5445,
      "sam_score": 0.9715,
      "box": [
        189.4,
        116.8,
        228.7,
        151.1
      ],
      "repeats": [
        [
          208.34,
          133.8
        ],
        [
          208.41,
          133.87
        ],
        [
          208.36,
          133.82999999999998
        ],
        [
          208.41,
          133.84
        ],
        [
          209.43,
          133.84
        ]
      ],
      "idx": 1706,
      "mislabel": false,
      "mislabel_reason": "ok",
      "e_unet": 0.72
    },
    {
      "valid": true,
      "cx": 208.4,
      "cy": 134.01,
      "area": 946,
      "det_score": 0.4633,
      "sam_score": 0.9708,
      "box": [
        189.7,
        117.1,
        228.6,
        150.9
      ],
      "repeats": [
        [
          208.35,
          134.0
        ],
        [
          208.46,
          134.04000000000002
        ],
        [
          208.36,
          133.99
        ],
        [
          208.36,
          133.95
        ],
        [
          209.63,
          134.01999999999998
        ]
      ],
      "idx": 1707,
      "mislabel": false,
      "mislabel_reason": "ok",
      "e_unet": 0.79
    },
    {
      "valid": true,
      "cx": 208.42,
      "cy": 134.09,
      "area": 925,
      "det_score": 0.4925,
      "sam_score": 0.971,
      "box": [
        189.9,
        117.3,
        228.2,
        150.8
      ],
      "repeats": [
        [
          208.36,
          134.05
        ],
        [
          208.45,
          134.12
        ],
        [
          208.47,
          134.1
        ],
        [
          208.41,
          134.01999999999998
        ],
        [
          209.6,
          134.07999999999998
        ]
      ],
      "idx": 1708,
      "mislabel": false,
      "mislabel_reason": "ok",
      "e_unet": 0.82
    },
    {
      "valid": true,
      "cx": 208.5,
      "cy": 134.19,
      "area": 913,
      "det_score": 0.4757,
      "sam_score": 0.9704,
      "box": [
        190.2,
        117.5,
        228.2,
        150.7
      ],
      "repeats": [
        [
          208.45,
          134.11
        ],
        [
          208.49,
          134.19
        ],
        [
          208.52,
          134.17000000000002
        ],
        [
          208.47,
          134.15
        ],
        [
          209.63,
          134.14
        ]
      ],
      "idx": 1709,
      "mislabel": false,
      "mislabel_reason": "ok",
      "e_unet": 0.86
    },
    {
      "valid": true,
      "cx": 208.86,
      "cy": 135.22,
      "area": 908,
      "det_score": 0.4752,
      "sam_score": 0.9728,
      "box": [
        190.6,
        118.4,
        228.4,
        151.7
      ],
      "repeats": [
        [
          208.87,
          135.15
        ],
        [
          208.9,
          135.26999999999998
        ],
        [
          208.87,
          135.23000000000002
        ],
        [
          208.86,
          135.09
        ],
        [
          210.01,
          135.2
        ]
      ],
      "idx": 1710,
      "mislabel": false,
      "mislabel_reason": "ok",
      "e_unet": 0.84
    },
    {
      "valid": true,
      "cx": 209.9,
      "cy": 137.68,
      "area": 921,
      "det_score": 0.4742,
      "sam_score": 0.9753,
      "box": [
        191.7,
        120.8,
        229.2,
        154.5
      ],
      "repeats": [
        [
          209.87,
          137.62
        ],
        [
          209.9,
          137.69
        ],
        [
          209.89,
          137.63
        ],
        [
          209.89,
          137.62
        ],
        [
          211.01999999999998,
          137.68
        ]
      ],
      "idx": 1711,
      "mislabel": false,
      "mislabel_reason": "ok",
      "e_unet": 1.09
    },
    {
      "valid": true,
      "cx": 207.97,
      "cy": 140.11,
      "area": 954,
      "det_score": 0.476,
      "sam_score": 0.9737,
      "box": [
        189.9,
        122.9,
        227.5,
        157.5
      ],
      "repeats": [
        [
          208.01,
          140.11
        ],
        [
          208.04,
          140.16
        ],
        [
          208.01,
          140.09
        ],
        [
          208.04,
          140.05
        ],
        [
          209.22,
          140.08
        ]
      ],
      "idx": 1712,
      "mislabel": false,
      "mislabel_reason": "ok",
      "e_unet": 0.77
    },
    {
      "valid": true,
      "cx": 208.06,
      "cy": 141.23,
      "area": 954,
      "det_score": 0.5156,
      "sam_score": 0.9746,
      "box": [
        190.0,
        123.9,
        227.3,
        158.6
      ],
      "repeats": [
        [
          208.02,
          141.2
        ],
        [
          208.05,
          141.26
        ],
        [
          208.04,
          141.25
        ],
        [
          208.08,
          141.16
        ],
        [
          209.25,
          141.16
        ]
      ],
      "idx": 1713,
      "mislabel": false,
      "mislabel_reason": "ok",
      "e_unet": 0.8
    },
    {
      "valid": true,
      "cx": 208.15,
      "cy": 141.33,
      "area": 953,
      "det_score": 0.5409,
      "sam_score": 0.9747,
      "box": [
        190.2,
        123.9,
        227.4,
        158.6
      ],
      "repeats": [
        [
          208.06,
          141.19
        ],
        [
          208.18,
          141.37
        ],
        [
          208.16,
          141.3
        ],
        [
          208.19,
          141.21
        ],
        [
          209.36,
          141.3
        ]
      ],
      "idx": 1714,
      "mislabel": false,
      "mislabel_reason": "ok",
      "e_unet": 0.78
    },
    {
      "valid": true,
      "cx": 208.46,
      "cy": 141.41,
      "area": 945,
      "det_score": 0.5167,
      "sam_score": 0.9747,
      "box": [
        190.5,
        124.0,
        227.7,
        158.8
      ],
      "repeats": [
        [
          208.47,
          141.4
        ],
        [
          208.52,
          141.42
        ],
        [
          208.48,
          141.45
        ],
        [
          208.58,
          141.3
        ],
        [
          209.63,
          141.34
        ]
      ],
      "idx": 1715,
      "mislabel": false,
      "mislabel_reason": "ok",
      "e_unet": 0.73
    }
  ]
}