{
  "prompt": "black pupil.",
  "gsam2_centers": [
    {
      "valid": true,
      "cx": 149.13,
      "cy": 137.44,
      "area": 870,
      "det_score": 0.3315,
      "sam_score": 0.9636,
      "box": [
        133.9,
        117.6,
        165.3,
        157.6
      ],
      "repeats": [
        [
          149.23000000000002,
          137.31
        ],
        [
          149.22,
          137.44
        ],
        [
          149.25,
          137.32999999999998
        ],
        [
          149.26999999999998,
          137.35
        ],
        [
          150.24,
          137.48000000000002
        ]
      ],
      "idx": 405,
      "mislabel": false,
      "mislabel_reason": "ok",
      "e_unet": 0.9
    },
    {
      "valid": true,
      "cx": 149.29000000000002,
      "cy": 137.47,
      "area": 865,
      "det_score": 0.3149,
      "sam_score": 0.9644,
      "box": [
        133.9,
        117.7,
        165.5,
        157.6
      ],
      "repeats": [
        [
          149.26999999999998,
          137.32
        ],
        [
          149.32,
          137.43
        ],
        [
          149.32,
          137.34
        ],
        [
          149.36,
          137.38
        ],
        [
          150.3,
          137.45999999999998
        ]
      ],
      "idx": 406,
      "mislabel": false,
      "mislabel_reason": "ok",
      "e_unet": 0.95
    },
    {
      "valid": true,
      "cx": 149.29000000000002,
      "cy": 137.32,
      "area": 867,
      "det_score": 0.3203,
      "sam_score": 0.9642,
      "box": [
        133.9,
        117.5,
        165.5,
        157.6
      ],
      "repeats": [
        [
          149.26999999999998,
          137.22
        ],
        [
          149.32999999999998,
          137.31
        ],
        [
          149.29000000000002,
          137.28
        ],
        [
          149.41,
          137.16
        ],
        [
          150.35,
          137.3
        ]
      ],
      "idx": 407,
      "mislabel": false,
      "mislabel_reason": "ok",
      "e_unet": 0.88
    },
    {
      "valid": true,
      "cx": 149.20999999999998,
      "cy": 137.37,
      "area": 872,
      "det_score": 0.3196,
      "sam_score": 0.9645,
      "box": [
        133.9,
        117.7,
        165.5,
        157.6
      ],
      "repeats": [
        [
          149.26,
          137.20999999999998
        ],
        [
          149.3,
          137.39
        ],
        [
          149.26,
          137.31
        ],
        [
          149.38,
          137.22
        ],
        [
          150.33,
          137.32999999999998
        ]
      ],
      "idx": 408,
      "mislabel": false,
      "mislabel_reason": "ok",
      "e_unet": 0.84
    },
    {
      "valid": true,
      "cx": 149.45,
      "cy": 137.35,
      "area": 871,
      "det_score": 0.3074,
      "sam_score": 0.9644,
      "box": [
        133.9,
        117.7,
        165.8,
        157.6
      ],
      "repeats": [
        [
          149.42000000000002,
          137.32
        ],
        [
          149.42000000000002,
          137.51
        ],
        [
          149.48000000000002,
          137.37
        ],
        [
          149.53,
          137.3
        ],
        [
          150.48,
          137.37
        ]
      ],
      "idx": 409,
      "mislabel": false,
      "mislabel_reason": "ok",
      "e_unet": 0.84
    },
    {
      "valid": true,
      "cx": 149.37,
      "cy": 137.18,
      "area": 870,
      "det_score": 0.3144,
      "sam_score": 0.9652,
      "box": [
        133.8,
        117.5,
        165.5,
        157.5
      ],
      "repeats": [
        [
          149.42000000000002,
          137.1
        ],
        [
          149.34,
          137.32
        ],
        [
          149.43,
          137.17000000000002
        ],
        [
          149.53,
          137.07
        ],
        [
          150.5,
          137.20999999999998
        ]
      ],
      "idx": 410,
      "mislabel": false,
      "mislabel_reason": "ok",
      "e_unet": 0.75
    },
    {
      "valid": true,
      "cx": 149.36,
      "cy": 137.06,
      "area": 871,
      "det_score": 0.3193,
      "sam_score": 0.9651,
      "box": [
        133.8,
        117.4,
        165.6,
        157.4
      ],
      "repeats": [
        [
          149.32,
          137.04000000000002
        ],
        [
          149.4,
          137.18
        ],
        [
          149.38,
          137.13
        ],
        [
          149.44,
          136.98000000000002
        ],
        [
          150.39,
          137.01
        ]
      ],
      "idx": 411,
      "mislabel": false,
      "mislabel_reason": "ok",
      "e_unet": 0.79
    },
    {
      "valid": true,
      "cx": 156.59,
      "cy": 135.76,
      "area": 1001,
      "det_score": 0.2919,
      "sam_score": 0.9639,
      "box": [
        139.9,
        115.8,
        174.8,
        156.8
      ],
      "repeats": [
        [
          156.63,
          135.70999999999998
        ],
        [
          156.64,
          135.94
        ],
        [
          156.71,
          135.78
        ],
        [
          156.78,
          135.63
        ],
        [
          157.66,
          135.99
        ]
      ],
      "idx": 412,
      "mislabel": false,
      "mislabel_reason": "ok",
      "e_unet": 0.88
    },
    {
      "valid": true,
      "cx": 180.24,
      "cy": 132.34,
      "area": 1167,
      "det_score": 0.3859,
      "sam_score": 0.9726,
      "box": [
        160.4,
        112.7,
        200.9,
        152.2
      ],
      "repeats": [
        [
          180.21,
          132.28
        ],
        [
          180.18,
          132.41
        ],
        [
          180.21,
          132.37
        ],
        [
          180.31,
          132.22
        ],
        [
          181.26,
          132.39
        ]
      ],
      "idx": 413,
      "mislabel": false,
      "mislabel_reason": "ok",
      "e_unet": 1.12
    },
    {
      "valid": true,
      "cx": 185.14,
      "cy": 131.99,
      "area": 1188,
      "det_score": 0.3986,
      "sam_score": 0.9662,
      "box": [
        165.0,
        112.2,
        205.7,
        152.3
      ],
      "repeats": [
        [
          185.14,
          131.91
        ],
        [
          185.16,
          131.95
        ],
        [
          185.17,
          131.88
        ],
        [
          185.26,
          131.84
        ],
        [
          186.09,
          132.04000000000002
        ]
      ],
      "idx": 414,
      "mislabel": false,
      "mislabel_reason": "ok",
      "e_unet": 1.09
    },
    {
      "valid": true,
      "cx": 184.78,
      "cy": 132.16,
      "area": 1174,
      "det_score": 0.4175,
      "sam_score": 0.9664,
      "box": [
        164.8,
        112.3,
        205.3,
        152.5
      ],
      "repeats": [
        [
          184.71,
          132.18
        ],
        [
          184.68,
          132.28
        ],
        [
          184.8,
          132.18
        ],
        [
          184.89,
          132.06
        ],
        [
          185.84,
          132.24
        ]
      ],
      "idx": 415,
      "mislabel": false,
      "mislabel_reason": "ok",
      "e_unet": 0.99
    }
  ]
}