{
  "prompt": "black pupil.",
  "gsam2_centers": [
    {
      "valid": true,
      "cx": 129.95999999999998,
      "cy": 109.33,
      "area": 439,
      "det_score": 0.392,
      "sam_score": 0.9471,
      "box": [
        119.4,
        94.9,
        141.4,
        123.1
      ],
      "repeats": [
        [
          129.79000000000002,
          109.2
        ],
        [
          130.07,
          109.4
        ],
        [
          129.97,
          109.24
        ],
        [
          130.26,
          109.3
        ],
        [
          131.19,
          109.2
        ]
      ],
      "idx": 905,
      "mislabel": false,
      "mislabel_reason": "ok",
      "e_unet": 1.71
    },
    {
      "valid": true,
      "cx": 130.53,
      "cy": 109.04,
      "area": 445,
      "det_score": 0.3803,
      "sam_score": 0.9491,
      "box": [
        119.6,
        94.6,
        142.1,
        123.1
      ],
      "repeats": [
        [
          130.3,
          108.96
        ],
        [
          130.56,
          109.14
        ],
        [
          130.5,
          108.95
        ],
        [
          130.70999999999998,
          109.02
        ],
        [
          131.69,
          108.97
        ]
      ],
      "idx": 906,
      "mislabel": false,
      "mislabel_reason": "ok",
      "e_unet": 1.68
    },
    {
      "valid": true,
      "cx": 136.3,
      "cy": 107.38,
      "area": 475,
      "det_score": 0.4289,
      "sam_score": 0.9557,
      "box": [
        124.7,
        93.5,
        148.8,
        121.4
      ],
      "repeats": [
        [
          136.26,
          107.39
        ],
        [
          136.3,
          107.45
        ],
        [
          136.24,
          107.43
        ],
        [
          136.86,
          106.91
        ],
        [
          137.45,
          107.51
        ]
      ],
      "idx": 907,
      "mislabel": false,
      "mislabel_reason": "ok",
      "e_unet": 1.3
    },
    {
      "valid": true,
      "cx": 136.7,
      "cy": 107.32,
      "area": 456,
      "det_score": 0.4431,
      "sam_score": 0.9563,
      "box": [
        125.3,
        93.4,
        148.9,
        121.5
      ],
      "repeats": [
        [
          136.66,
          107.25
        ],
        [
          136.64,
          107.41
        ],
        [
          136.64,
          107.33
        ],
        [
          137.2,
          106.75
        ],
        [
          137.78,
          107.42
        ]
      ],
      "idx": 908,
      "mislabel": false,
      "mislabel_reason": "ok",
      "e_unet": 1.25
    },
    {
      "valid": true,
      "cx": 137.26999999999998,
      "cy": 107.0,
      "area": 464,
      "det_score": 0.4211,
      "sam_score": 0.9556,
      "box": [
        126.0,
        93.4,
        149.5,
        120.9
      ],
      "repeats": [
        [
          137.13,
          106.97
        ],
        [
          137.32,
          107.0
        ],
        [
          137.31,
          106.94
        ],
        [
          137.76999999999998,
          106.37
        ],
        [
          138.4,
          106.91
        ]
      ],
      "idx": 909,
      "mislabel": false,
      "mislabel_reason": "ok",
      "e_unet": 1.3
    },
    {
      "valid": true,
      "cx": 137.88,
      "cy": 106.64,
      "area": 460,
      "det_score": 0.4151,
      "sam_score": 0.9586,
      "box": [
        126.7,
        93.3,
        150.0,
        120.5
      ],
      "repeats": [
        [
          137.84,
          106.71
        ],
        [
          137.88,
          106.85
        ],
        [
          137.85,
          106.77
        ],
        [
          138.28,
          106.2
        ],
        [
          139.02,
          106.79
        ]
      ],
      "idx": 910,
      "mislabel": false,
      "mislabel_reason": "ok",
      "e_unet": 1.08
    },
    {
      "valid": true,
      "cx": 141.59,
      "cy": 105.61,
      "area": 476,
      "det_score": 0.4293,
      "sam_score": 0.9538,
      "box": [
        129.7,
        92.5,
        154.3,
        119.5
      ],
      "repeats": [
        [
          141.5,
          105.6
        ],
        [
          141.51999999999998,
          105.71
        ],
        [
          141.53,
          105.6
        ],
        [
          141.76999999999998,
          105.21
        ],
        [
          142.83,
          105.62
        ]
      ],
      "idx": 911,
      "mislabel": false,
      "mislabel_reason": "ok",
      "e_unet": 1.26
    },
    {
      "valid": true,
      "cx": 146.87,
      "cy": 104.77,
      "area": 482,
      "det_score": 0.4523,
      "sam_score": 0.9585,
      "box": [
        134.9,
        91.4,
        160.0,
        118.7
      ],
      "repeats": [
        [
          146.86,
          104.53
        ],
        [
          146.89,
          104.84
        ],
        [
          146.70999999999998,
          104.83
        ],
        [
          147.06,
          104.63
        ],
        [
          148.1,
          104.64
        ]
      ],
      "idx": 912,
      "mislabel": false,
      "mislabel_reason": "ok",
      "e_unet": 1.29
    },
    {
      "valid": true,
      "cx": 147.76999999999998,
      "cy": 104.22,
      "area": 486,
      "det_score": 0.4409,
      "sam_score": 0.9606,
      "box": [
        135.9,
        90.8,
        160.9,
        118.3
      ],
      "repeats": [
        [
          147.8,
          104.13
        ],
        [
          147.81,
          104.23
        ],
        [
          147.81,
          104.19
        ],
        [
          147.88,
          104.19
        ],
        [
          148.91,
          104.23
        ]
      ],
      "idx": 913,
      "mislabel": false,
      "mislabel_reason": "ok",
      "e_unet": 1.06
    },
    {
      "valid": true,
      "cx": 148.70999999999998,
      "cy": 104.12,
      "area": 489,
      "det_score": 0.4497,
      "sam_score": 0.9617,
      "box": [
        136.5,
        90.5,
        162.1,
        118.1
      ],
      "repeats": [
        [
          148.61,
          104.12
        ],
        [
          148.82,
          104.13
        ],
        [
          148.75,
          104.02
        ],
        [
          148.82999999999998,
          104.01
        ],
        [
          149.9,
          104.02
        ]
      ],
      "idx": 914,
      "mislabel": false,
      "mislabel_reason": "ok",
      "e_unet": 1.1
    },
    {
      "valid": true,
      "cx": 149.61,
      "cy": 103.94,
      "area": 490,
      "det_score": 0.4894,
      "sam_score": 0.9588,
      "box": [
        137.4,
        90.3,
        163.0,
        117.8
      ],
      "repeats": [
        [
          149.64,
          103.85
        ],
        [
          149.65,
          103.92
        ],
        [
          149.64,
          103.87
        ],
        [
          149.74,
          103.81
        ],
        [
          150.79,
          103.94
        ]
      ],
      "idx": 915,
      "mislabel": false,
      "mislabel_reason": "ok",
      "e_unet": 1.11
    }
  ]
}