{
  "prompt": "black pupil.",
  "gsam2_centers": [
    {
      "valid": true,
      "cx": 193.56,
      "cy": 131.34,
      "area": 1120,
      "det_score": 0.4485,
      "sam_score": 0.9716,
      "box": [
        174.8,
        111.3,
        213.7,
        151.7
      ],
      "repeats": [
        [
          193.52,
          131.32999999999998
        ],
        [
          193.55,
          131.39
        ],
        [
          193.56,
          131.36
        ],
        [
          193.57,
          131.32999999999998
        ],
        [
          194.59,
          131.36
        ]
      ],
      "idx": 407,
      "mislabel": false,
      "mislabel_reason": "ok",
      "e_unet": 1.15
    },
    {
      "valid": true,
      "cx": 193.66,
      "cy": 131.24,
      "area": 1125,
      "det_score": 0.4606,
      "sam_score": 0.9717,
      "box": [
        174.8,
        111.1,
        213.8,
        151.6
      ],
      "repeats": [
        [
          193.68,
          131.14
        ],
        [
          193.75,
          131.23000000000002
        ],
        [
          193.76,
          131.2
        ],
        [
          193.75,
          131.12
        ],
        [
          194.75,
          131.25
        ]
      ],
      "idx": 408,
      "mislabel": false,
      "mislabel_reason": "ok",
      "e_unet": 1.2
    },
    {
      "valid": true,
      "cx": 193.82,
      "cy": 131.1,
      "area": 1125,
      "det_score": 0.4535,
      "sam_score": 0.9697,
      "box": [
        174.8,
        111.2,
        214.1,
        151.5
      ],
      "repeats": [
        [
          193.79,
          131.03
        ],
        [
          193.83,
          131.14
        ],
        [
          193.81,
          131.11
        ],
        [
          193.88,
          131.0
        ],
        [
          194.9,
          131.15
        ]
      ],
      "idx": 409,
      "mislabel": false,
      "mislabel_reason": "ok",
      "e_unet": 1.16
    },
    {
      "valid": true,
      "cx": 194.0,
      "cy": 131.03,
      "area": 1131,
      "det_score": 0.4608,
      "sam_score": 0.971,
      "box": [
        174.9,
        111.0,
        214.3,
        151.5
      ],
      "repeats": [
        [
          193.91,
          130.99
        ],
        [
          194.01,
          131.11
        ],
        [
          194.04,
          131.09
        ],
        [
          194.02,
          131.01
        ],
        [
          194.96,
          131.1
        ]
      ],
      "idx": 410,
      "mislabel": false,
      "mislabel_reason": "ok",
      "e_unet": 1.11
    },
    {
      "valid": true,
      "cx": 194.34,
      "cy": 131.0,
      "area": 1129,
      "det_score": 0.4424,
      "sam_score": 0.9693,
      "box": [
        175.2,
        111.3,
        214.7,
        151.4
      ],
      "repeats": [
        [
          194.32,
          130.92000000000002
        ],
        [
          194.36,
          131.04000000000002
        ],
        [
          194.34,
          130.95
        ],
        [
          194.36,
          130.95
        ],
        [
          195.35,
          131.01999999999998
        ]
      ],
      "idx": 411,
      "mislabel": false,
      "mislabel_reason": "ok",
      "e_unet": 1.19
    },
    {
      "valid": true,
      "cx": 207.96,
      "cy": 131.31,
      "area": 1083,
      "det_score": 0.4319,
      "sam_score": 0.9659,
      "box": [
        189.5,
        111.5,
        226.9,
        151.7
      ],
      "repeats": [
        [
          207.72,
          131.32
        ],
        [
          208.07,
          131.4
        ],
        [
          208.02,
          131.36
        ],
        [
          208.0,
          131.20999999999998
        ],
        [
          209.17000000000002,
          131.2
        ]
      ],
      "idx": 412,
      "mislabel": false,
      "mislabel_reason": "ok",
      "e_unet": 2.03
    },
    {
      "valid": true,
      "cx": 212.56,
      "cy": 130.61,
      "area": 1079,
      "det_score": 0.4454,
      "sam_score": 0.9673,
      "box": [
        193.8,
        110.6,
        232.1,
        150.9
      ],
      "repeats": [
        [
          212.53,
          130.55
        ],
        [
          212.62,
          130.67000000000002
        ],
        [
          212.59,
          130.64
        ],
        [
          212.67,
          130.51
        ],
        [
          213.72,
          130.56
        ]
      ],
      "idx": 413,
      "mislabel": false,
      "mislabel_reason": "ok",
      "e_unet": 0.97
    }
  ]
}