{
  "prompt": "black pupil.",
  "gsam2_centers": [
    {
      "valid": true,
      "cx": 122.03,
      "cy": 104.99,
      "area": 406,
      "det_score": 0.3843,
      "sam_score": 0.9506,
      "box": [
        110.1,
        90.6,
        135.0,
        119.5
      ],
      "repeats": [
        [
          122.07,
          104.96
        ],
        [
          122.09,
          105.08
        ],
        [
          122.07,
          104.99
        ],
        [
          122.19,
          104.91
        ],
        [
          123.03999999999999,
          105.12
        ]
      ],
      "idx": 305,
      "mislabel": false,
      "mislabel_reason": "ok",
      "e_unet": 6.12
    },
    {
      "valid": true,
      "cx": 122.14,
      "cy": 105.08,
      "area": 395,
      "det_score": 0.3916,
      "sam_score": 0.9497,
      "box": [
        110.1,
        90.9,
        134.8,
        119.5
      ],
      "repeats": [
        [
          122.26,
          104.9
        ],
        [
          122.14,
          105.18
        ],
        [
          122.22,
          105.02
        ],
        [
          122.32,
          104.82
        ],
        [
          123.18,
          105.15
        ]
      ],
      "idx": 306,
      "mislabel": false,
      "mislabel_reason": "ok",
      "e_unet": 6.31
    },
    {
      "valid": true,
      "cx": 122.11,
      "cy": 105.06,
      "area": 388,
      "det_score": 0.388,
      "sam_score": 0.9508,
      "box": [
        110.2,
        91.0,
        134.7,
        119.4
      ],
      "repeats": [
        [
          122.16,
          104.97
        ],
        [
          122.15,
          105.05
        ],
        [
          122.2,
          105.01
        ],
        [
          122.27,
          104.84
        ],
        [
          123.13999999999999,
          104.98
        ]
      ],
      "idx": 307,
      "mislabel": false,
      "mislabel_reason": "ok",
      "e_unet": 6.33
    },
    {
      "valid": true,
      "cx": 122.22,
      "cy": 104.82,
      "area": 392,
      "det_score": 0.3935,
      "sam_score": 0.9498,
      "box": [
        110.2,
        90.8,
        134.8,
        119.3
      ],
      "repeats": [
        [
          122.12,
          104.84
        ],
        [
          122.16,
          104.99
        ],
        [
          122.16,
          104.96
        ],
        [
          122.27,
          104.75
        ],
        [
          123.13,
          105.0
        ]
      ],
      "idx": 308,
      "mislabel": false,
      "mislabel_reason": "ok",
      "e_unet": 6.26
    },
    {
      "valid": true,
      "cx": 122.25,
      "cy": 104.73,
      "area": 393,
      "det_score": 0.3705,
      "sam_score": 0.9489,
      "box": [
        110.3,
        90.7,
        134.8,
        119.1
      ],
      "repeats": [
        [
          122.26,
          104.64
        ],
        [
          122.25,
          104.83
        ],
        [
          122.29,
          104.76
        ],
        [
          122.38,
          104.61
        ],
        [
          123.24000000000001,
          104.79
        ]
      ],
      "idx": 309,
      "mislabel": false,
      "mislabel_reason": "ok",
      "e_unet": 6.22
    },
    {
      "valid": true,
      "cx": 122.27,
      "cy": 104.7,
      "area": 395,
      "det_score": 0.374,
      "sam_score": 0.9486,
      "box": [
        110.3,
        90.7,
        135.0,
        119.1
      ],
      "repeats": [
        [
          122.36,
          104.48
        ],
        [
          122.29,
          104.77
        ],
        [
          122.33,
          104.65
        ],
        [
          122.43,
          104.52
        ],
        [
          123.28,
          104.7
        ]
      ],
      "idx": 310,
      "mislabel": false,
      "mislabel_reason": "ok",
      "e_unet": 6.1
    },
    {
      "valid": true,
      "cx": 122.38,
      "cy": 104.54,
      "area": 391,
      "det_score": 0.3871,
      "sam_score": 0.9489,
      "box": [
        110.4,
        90.6,
        135.0,
        119.0
      ],
      "repeats": [
        [
          122.3,
          104.52
        ],
        [
          122.45,
          104.59
        ],
        [
          122.47,
          104.5
        ],
        [
          122.41,
          104.5
        ],
        [
          123.31,
          104.61
        ]
      ],
      "idx": 311,
      "mislabel": false,
      "mislabel_reason": "ok",
      "e_unet": 6.12
    },
    {
      "valid": true,
      "cx": 122.27,
      "cy": 104.7,
      "area": 392,
      "det_score": 0.3737,
      "sam_score": 0.9503,
      "box": [
        110.6,
        90.8,
        135.0,
        119.1
      ],
      "repeats": [
        [
          122.25,
          104.68
        ],
        [
          122.26,
          104.82
        ],
        [
          122.28,
          104.77
        ],
        [
          122.44,
          104.55
        ],
        [
          123.27000000000001,
          104.78
        ]
      ],
      "idx": 312,
      "mislabel": false,
      "mislabel_reason": "ok",
      "e_unet": 6.16
    },
    {
      "valid": true,
      "cx": 122.43,
      "cy": 104.68,
      "area": 393,
      "det_score": 0.3686,
      "sam_score": 0.9489,
      "box": [
        110.6,
        90.6,
        135.1,
        119.2
      ],
      "repeats": [
        [
          122.36,
          104.72
        ],
        [
          122.35,
          104.84
        ],
        [
          122.3,
          104.89
        ],
        [
          122.43,
          104.64
        ],
        [
          123.35,
          104.78
        ]
      ],
      "idx": 313,
      "mislabel": false,
      "mislabel_reason": "ok",
      "e_unet": 5.99
    },
    {
      "valid": true,
      "cx": 122.43,
      "cy": 104.84,
      "area": 392,
      "det_score": 0.3768,
      "sam_score": 0.9508,
      "box": [
        110.7,
        90.8,
        135.1,
        119.2
      ],
      "repeats": [
        [
          122.31,
          104.82
        ],
        [
          122.41,
          104.93
        ],
        [
          122.36,
          104.93
        ],
        [
          122.49,
          104.76
        ],
        [
          123.43,
          104.89
        ]
      ],
      "idx": 314,
      "mislabel": false,
      "mislabel_reason": "ok",
      "e_unet": 6.24
    },
    {
      "valid": true,
      "cx": 122.44,
      "cy": 104.88,
      "area": 396,
      "det_score": 0.3891,
      "sam_score": 0.952,
      "box": [
        110.7,
        90.8,
        135.1,
        119.2
      ],
      "repeats": [
        [
          122.48,
          104.8
        ],
        [
          122.36,
          105.06
        ],
        [
          122.41,
          104.96
        ],
        [
          122.47,
          104.81
        ],
        [
          123.5,
          104.89
        ]
      ],
      "idx": 315,
      "mislabel": false,
      "mislabel_reason": "ok",
      "e_unet": 5.86
    }
  ]
}