(42.611797, 25.100164, 0.0)
(42.172497, 23.618389, 0.0)
(42.330307, 23.614454, 0.0)
(42.426437, 23.675123, 0.0)
(42.440456, 23.637003, 0.0)
(42.473339, 23.681381, 0.0)
(42.716709, 23.888634, 0.0)
(42.765720, 23.915956, 0.0)
(42.775574, 23.874878, 0.0)
(42.778698, 23.860029, 0.0)
(42.791756, 23.850580, 0.0)
(42.816353, 23.822353, 0.0)
(42.842205, 23.777115, 0.0)
(42.886562, 23.758451, 0.0)
(42.880943, 23.712931, 0.0)
(42.888073, 23.724688, 0.0)
(42.870956, 23.720215, 0.0)
(42.833256, 23.729088, 0.0)
(42.803341, 23.738890, 0.0)
(42.608383, 24.068377, 0.0)
(42.773308, 24.147022, 0.0)
(42.665535, 23.520113, 0.0)
(42.687538, 23.481701, 0.0)
(42.744259, 23.569799, 0.0)
(42.754665, 23.588093, 0.0)
(42.754665, 23.588093, 0.0)
(42.755810, 23.579710, 0.0)
(42.756977, 23.579802, 0.0)
(42.753857, 23.601322, 0.0)
(42.729725, 23.604662, 0.0)
(42.733044, 23.616354, 0.0)
(42.750687, 23.625994, 0.0)
(42.765099, 23.655420, 0.0)
(42.769039, 23.654810, 0.0)
(42.759018, 23.650660, 0.0)
(42.754253, 23.654602, 0.0)
(42.749840, 23.612614, 0.0)
(42.760460, 23.608170, 0.0)
(42.761345, 23.650681, 0.0)
(42.715603, 23.683928, 0.0)
(42.722763, 23.671122, 0.0)
(42.725822, 23.680332, 0.0)
(42.718212, 23.680000, 0.0)
(42.735390, 23.710875, 0.0)
(42.724251, 23.707294, 0.0)
(42.782398, 23.739485, 0.0)
(42.773708, 23.737833, 0.0)
(42.761791, 23.746275, 0.0)
(42.767666, 23.737793, 0.0)
(42.773380, 23.724009, 0.0)
(42.763912, 23.732576, 0.0)
(42.759853, 23.716923, 0.0)
(42.752224, 23.729784, 0.0)
(42.744335, 23.721472, 0.0)
(42.721825, 23.716694, 0.0)
(42.734722, 23.692774, 0.0)
(42.736469, 23.691845, 0.0)
(42.722683, 23.670372, 0.0)
(42.726395, 23.697575, 0.0)
(42.723728, 23.699825, 0.0)
(42.719543, 23.689959, 0.0)
(42.734585, 23.682524, 0.0)
(42.734924, 23.691242, 0.0)
(42.713234, 23.712572, 0.0)
(42.725513, 23.711075, 0.0)
(42.713234, 23.712572, 0.0)
(42.677471, 23.691502, 0.0)
(42.737457, 23.673820, 0.0)
(42.737938, 23.692692, 0.0)
(42.733982, 23.688152, 0.0)
(42.755173, 23.706469, 0.0)
(42.751019, 23.700794, 0.0)
(42.748764, 23.697021, 0.0)
(42.748222, 23.680216, 0.0)
(42.743893, 23.679668, 0.0)
(42.735168, 23.695894, 0.0)
(42.737862, 23.710796, 0.0)
(42.735790, 23.707209, 0.0)
(42.732254, 23.695198, 0.0)
(42.756828, 23.666246, 0.0)
(42.749279, 23.668041, 0.0)
(42.729317, 23.647974, 0.0)
(42.734303, 23.677984, 0.0)
(42.735416, 23.659868, 0.0)
(42.716679, 23.665123, 0.0)
(42.683189, 23.648479, 0.0)
(42.698105, 23.644602, 0.0)
(42.711124, 23.636618, 0.0)
(42.708942, 23.610086, 0.0)
(42.706066, 23.594000, 0.0)
(42.709633, 23.613077, 0.0)
(42.707943, 23.608765, 0.0)
(42.735622, 23.594217, 0.0)
(42.715469, 23.598341, 0.0)
(42.688999, 23.604095, 0.0)
(42.688999, 23.604095, 0.0)
(42.686775, 23.591131, 0.0)
(42.676426, 23.597122, 0.0)
(42.684399, 23.602802, 0.0)
(42.703960, 23.596601, 0.0)
(42.709808, 23.582733, 0.0)
(42.718815, 23.587593, 0.0)
(42.718285, 23.589455, 0.0)
(42.682175, 23.618977, 0.0)
(42.664211, 23.592522, 0.0)
(42.659054, 23.595675, 0.0)
(42.680206, 23.593517, 0.0)
(42.697281, 23.594563, 0.0)
(42.691109, 23.584888, 0.0)
(42.681808, 23.556585, 0.0)
(42.685249, 23.563089, 0.0)
(42.684917, 23.542326, 0.0)
(42.681629, 23.559034, 0.0)
(42.667740, 23.539919, 0.0)
(42.680779, 23.552219, 0.0)
(42.683559, 23.569529, 0.0)
(42.674301, 23.535307, 0.0)
(42.683105, 23.565380, 0.0)
(42.693607, 23.583860, 0.0)
(42.701694, 23.587303, 0.0)
(42.685516, 23.602285, 0.0)
(42.682346, 23.602549, 0.0)
(42.694481, 23.617188, 0.0)
(42.693810, 23.619047, 0.0)
(42.692055, 23.568506, 0.0)
(42.690929, 23.566271, 0.0)
(42.711742, 23.606497, 0.0)
(42.740620, 23.596313, 0.0)
(42.732433, 23.602425, 0.0)
(42.733227, 23.618223, 0.0)
(42.719986, 23.630264, 0.0)
(42.722065, 23.630516, 0.0)
(42.719597, 23.632790, 0.0)
(42.729088, 23.640921, 0.0)
(42.723537, 23.649370, 0.0)
(42.738010, 23.655788, 0.0)
(42.726215, 23.656532, 0.0)
(42.740856, 23.668173, 0.0)
(42.749210, 23.679600, 0.0)
(42.747677, 23.704319, 0.0)
(42.750935, 23.698843, 0.0)
(42.745956, 23.715591, 0.0)
(42.752560, 23.714195, 0.0)
(42.734871, 23.718630, 0.0)
(42.736675, 23.714834, 0.0)
(42.725803, 23.688477, 0.0)
(42.717232, 23.673143, 0.0)
(42.706959, 23.679337, 0.0)
(42.692753, 23.675266, 0.0)
(42.673313, 23.684311, 0.0)
(42.667084, 23.682417, 0.0)
(42.668453, 23.674292, 0.0)
(42.676525, 23.667978, 0.0)
(42.671616, 23.673859, 0.0)
(42.677795, 23.674488, 0.0)
(42.683426, 23.686214, 0.0)
(42.671452, 23.682100, 0.0)
(42.690285, 23.690748, 0.0)
(42.685623, 23.676371, 0.0)
(42.684464, 23.676937, 0.0)
(42.693745, 23.686855, 0.0)
(42.704510, 23.688911, 0.0)
(42.671616, 23.673859, 0.0)
(42.665127, 23.669512, 0.0)
(42.681015, 23.639053, 0.0)
(42.687199, 23.638285, 0.0)
(42.698673, 23.630299, 0.0)
(42.697819, 23.651066, 0.0)
(42.694836, 23.623695, 0.0)
(42.694775, 23.623682, 0.0)
(42.702686, 23.624372, 0.0)
(42.699921, 23.603367, 0.0)
(42.696781, 23.625315, 0.0)
(42.690544, 23.627449, 0.0)
(42.696930, 23.653082, 0.0)
(42.697170, 23.637640, 0.0)
(42.695484, 23.632660, 0.0)
(42.719074, 23.638344, 0.0)
(42.497192, 23.496260, 0.0)
(42.827213, 26.326155, 0.0)
(42.938221, 25.427168, 0.0)
(42.633270, 24.192696, 0.0)
(42.517918, 23.353846, 0.0)
(42.994293, 23.666775, 0.0)
(46.371532, 27.016521, 0.0)
(48.305386, 29.077837, 0.0)
(48.732098, 29.228571, 0.0)
(48.694477, 29.209303, 0.0)
(48.634972, 29.132975, 0.0)
(48.868549, 29.518373, 0.0)
(49.036564, 29.737112, 0.0)
(48.991096, 29.767319, 0.0)
(48.995476, 29.763880, 0.0)
(49.002342, 29.751684, 0.0)
(49.006729, 29.776545, 0.0)
(49.038227, 29.767200, 0.0)
(49.057442, 29.773609, 0.0)
(49.046875, 29.782618, 0.0)
(49.012508, 29.783937, 0.0)
(49.020428, 29.802761, 0.0)
(49.026371, 29.808304, 0.0)
(49.025562, 29.836239, 0.0)
(49.037571, 29.991259, 0.0)
(49.058704, 30.015882, 0.0)
(49.038624, 30.013987, 0.0)
(49.057835, 30.018253, 0.0)
(49.101742, 29.945692, 0.0)
(49.091125, 29.945692, 0.0)
(49.091988, 29.928064, 0.0)
(49.082092, 29.927565, 0.0)
(49.077583, 29.913347, 0.0)
(49.047470, 29.928232, 0.0)
(49.053055, 29.933422, 0.0)
(49.025059, 29.924753, 0.0)
(49.015106, 29.902241, 0.0)
(49.014610, 29.886051, 0.0)
(49.016594, 29.893797, 0.0)
(49.020817, 29.897615, 0.0)
(49.014355, 29.898251, 0.0)
(49.016842, 29.909515, 0.0)
(49.343079, 26.738680, 0.0)
(50.237171, 23.847345, 0.0)
(50.249973, 23.276510, 0.0)
(50.105198, 23.279957, 0.0)
(50.082310, 23.267910, 0.0)
(50.665344, 23.415092, 0.0)
(0.000000, 0.000000, 1.0)
(0.000000, 0.000000, 1.0)
(0.000000, 0.000000, 1.0)
(48.717472, 21.563076, 0.0)
(47.997520, 21.320601, 0.0)
(48.625572, 22.169107, 0.0)
(49.295952, 24.183628, 0.0)
(49.261600, 24.967972, 0.0)
(49.264988, 25.025911, 0.0)
(49.274494, 24.974409, 0.0)
(49.272835, 25.007879, 0.0)
(45.881516, 24.297213, 0.0)
(42.580853, 24.017994, 0.0)
(40.272186, 24.147738, 0.0)
(39.721733, 24.280071, 0.0)
(39.724285, 24.280624, 0.0)
(39.027756, 24.678452, 0.0)
(36.216137, 26.765802, 0.0)
(36.304062, 26.692389, 0.0)
(36.311943, 26.587893, 0.0)
(36.271404, 26.578281, 0.0)
(36.261887, 26.573914, 0.0)
(36.252514, 26.505873, 0.0)
(36.219685, 26.502861, 0.0)
(39.838318, 25.367893, 0.0)
(42.657944, 27.718124, 0.0)
(43.848682, 25.774866, 0.0)
(43.519817, 23.674969, 0.0)
(43.401848, 22.728859, 0.0)
(43.434887, 22.811867, 0.0)
(43.422718, 22.854725, 0.0)
(43.477829, 22.899290, 0.0)
(43.474037, 22.880243, 0.0)
(43.462616, 22.895170, 0.0)
(43.494236, 22.944548, 0.0)
(43.495117, 22.944754, 0.0)
(43.516842, 22.942896, 0.0)
(43.512100, 22.924015, 0.0)
(43.516506, 22.946188, 0.0)
(43.534008, 22.940292, 0.0)
(43.548664, 22.943960, 0.0)
(43.568085, 22.964613, 0.0)
(41.659988, 22.488781, 0.0)
(37.730556, 20.724634, 0.0)
(35.362194, 20.427757, 0.0)
(34.855175, 20.508318, 0.0)
(34.787720, 20.589935, 0.0)
(34.791161, 20.621714, 0.0)
(33.487350, 20.697676, 0.0)
(33.324730, 20.694977, 0.0)
(33.341419, 20.676346, 0.0)
(33.382786, 20.637794, 0.0)
(33.385746, 20.642426, 0.0)
(33.385513, 20.647184, 0.0)
(33.397961, 20.621889, 0.0)
(33.401958, 20.597900, 0.0)
(33.404716, 20.617613, 0.0)
(33.443565, 20.609594, 0.0)
(33.402679, 20.587156, 0.0)
(33.424065, 20.591387, 0.0)
(33.479294, 20.586836, 0.0)
(33.432232, 20.531610, 0.0)
(33.416149, 20.510103, 0.0)
(33.571911, 20.716675, 0.0)
(33.652348, 20.769268, 0.0)
(33.678936, 20.737429, 0.0)
(33.697655, 20.741163, 0.0)
(33.706234, 20.728943, 0.0)
(33.715305, 20.703955, 0.0)
(33.733288, 20.658398, 0.0)
(33.766296, 20.632799, 0.0)
(33.776134, 20.635942, 0.0)
(33.790668, 20.648901, 0.0)
(33.800442, 20.642500, 0.0)
(33.827744, 20.636763, 0.0)
(33.846855, 20.644085, 0.0)
(33.862370, 20.622856, 0.0)
(35.826397, 20.774714, 0.0)
(41.349648, 21.882378, 0.0)
(42.734066, 23.432318, 0.0)
(42.841263, 23.463720, 0.0)
(42.817032, 23.389290, 0.0)
(42.820190, 23.319851, 0.0)
(42.829700, 23.275267, 0.0)
(42.844852, 23.239368, 0.0)
(42.925018, 23.337812, 0.0)
(42.947014, 23.467949, 0.0)
(42.943462, 23.452229, 0.0)
(42.938583, 23.445250, 0.0)
(42.953190, 23.412724, 0.0)
(42.953293, 23.450491, 0.0)
(43.000313, 23.454641, 0.0)
(43.006016, 23.387426, 0.0)
(42.687298, 23.239637, 0.0)
(42.630955, 23.885309, 0.0)
(42.838047, 23.227547, 0.0)
(42.912529, 23.248316, 0.0)
(42.959282, 23.282164, 0.0)
(42.957069, 23.292686, 0.0)
(42.982185, 23.291258, 0.0)
(43.032330, 23.310602, 0.0)
(43.075024, 23.322752, 0.0)
(43.100197, 23.337439, 0.0)
(43.106297, 23.328657, 0.0)
(43.105740, 23.301321, 0.0)
(42.999523, 23.298023, 0.0)
(43.034107, 23.282885, 0.0)
(43.056862, 23.276512, 0.0)
(43.066467, 23.300280, 0.0)
(43.058582, 23.289436, 0.0)
(43.079124, 23.280052, 0.0)
(43.076283, 23.270847, 0.0)
(43.079323, 23.265987, 0.0)
(43.099583, 23.278036, 0.0)
(43.116566, 23.281399, 0.0)
(42.281876, 23.295979, 0.0)
(37.856770, 23.763273, 0.0)
(35.129269, 24.545771, 0.0)
(34.947483, 24.521133, 0.0)
(34.949062, 24.488201, 0.0)
(34.792728, 24.556587, 0.0)
(34.017048, 24.636354, 0.0)
(33.955330, 24.616377, 0.0)
(33.989330, 24.585707, 0.0)
(33.969330, 24.555880, 0.0)
(33.989799, 24.511183, 0.0)
(33.984146, 24.524752, 0.0)
(33.965065, 24.540516, 0.0)
(33.966873, 24.532597, 0.0)
(34.003082, 24.525110, 0.0)
(34.012920, 24.513176, 0.0)
(34.022366, 24.488281, 0.0)
(34.032501, 24.451378, 0.0)
(34.023148, 24.461901, 0.0)
(34.018299, 24.508373, 0.0)
(34.008167, 24.524323, 0.0)
(33.979317, 24.529852, 0.0)
(33.972885, 24.523424, 0.0)
(33.967140, 24.520584, 0.0)
(33.974037, 24.522572, 0.0)
(34.000000, 24.499735, 0.0)
(34.007607, 24.498093, 0.0)
(33.992222, 24.497671, 0.0)
(33.983917, 24.489590, 0.0)
(34.005333, 24.459162, 0.0)
(33.984234, 24.480347, 0.0)
(33.991295, 24.456350, 0.0)
(34.010017, 24.428461, 0.0)
(34.018478, 24.421850, 0.0)
(34.027328, 24.416864, 0.0)
(34.040840, 24.412262, 0.0)
(34.053871, 24.420555, 0.0)
(34.092319, 24.406689, 0.0)
(34.093674, 24.380627, 0.0)
(34.099899, 24.365679, 0.0)
(36.896317, 24.060499, 0.0)
(41.469593, 24.071741, 0.0)
(41.834656, 24.170803, 0.0)
(41.862057, 24.187744, 0.0)
(41.855980, 24.146721, 0.0)
(41.862423, 24.095961, 0.0)
(41.872459, 24.059231, 0.0)
(41.749622, 24.353775, 0.0)
(42.443836, 24.778048, 0.0)
(42.978889, 23.269230, 0.0)
(43.068344, 22.636200, 0.0)
(43.157486, 22.762384, 0.0)
(43.211452, 22.774506, 0.0)
(43.268589, 22.792217, 0.0)
(43.253632, 22.761179, 0.0)
(43.283878, 22.747746, 0.0)
(43.271145, 22.722654, 0.0)
(43.251286, 22.732307, 0.0)
(43.262707, 22.727276, 0.0)
(43.278221, 22.728762, 0.0)
(43.292175, 22.720552, 0.0)
(43.285328, 22.730431, 0.0)
(43.337700, 22.725744, 0.0)
(43.330566, 22.722063, 0.0)
(43.333401, 22.713461, 0.0)
(43.327507, 22.707830, 0.0)
(43.335701, 22.713211, 0.0)
(43.331573, 22.733868, 0.0)
(43.327965, 22.732655, 0.0)
(43.341976, 22.717394, 0.0)
(43.348953, 22.734724, 0.0)
(43.342243, 22.718552, 0.0)
(43.347546, 22.730621, 0.0)
(43.349876, 22.726824, 0.0)
(43.333134, 22.748116, 0.0)
(43.274914, 22.769646, 0.0)
(39.474689, 22.386610, 0.0)
(37.441090, 22.300459, 0.0)
(37.566143, 22.320898, 0.0)
(37.641617, 22.315155, 0.0)
(37.116211, 22.281815, 0.0)
(37.050110, 22.267130, 0.0)
(37.091434, 22.272772, 0.0)
(37.106350, 22.243158, 0.0)
(37.118591, 22.233923, 0.0)
(37.078056, 22.263937, 0.0)
(37.102715, 22.255312, 0.0)
(37.127758, 22.229362, 0.0)
(37.146385, 22.232092, 0.0)
(37.135422, 22.225266, 0.0)
(37.141876, 22.222084, 0.0)
(37.146111, 22.192732, 0.0)
(37.143589, 22.204557, 0.0)
(37.124603, 22.218208, 0.0)
(37.076336, 22.207161, 0.0)
(36.685833, 22.202835, 0.0)
(36.524040, 23.099401, 0.0)
(36.666481, 21.915260, 0.0)
(36.770958, 21.684767, 0.0)
(36.835754, 21.778860, 0.0)
(36.856323, 21.826992, 0.0)
(36.850021, 21.857384, 0.0)
(36.864658, 21.878481, 0.0)
(36.858818, 21.914984, 0.0)
(36.902241, 21.947929, 0.0)
(36.927799, 21.937712, 0.0)
(36.928265, 21.959827, 0.0)
(36.949623, 21.941746, 0.0)
(36.954548, 21.937815, 0.0)
(36.951572, 21.954718, 0.0)
(36.959080, 21.962250, 0.0)
(36.966022, 21.973032, 0.0)
(36.953327, 22.006922, 0.0)
(37.021675, 21.987820, 0.0)
(41.510578, 21.340454, 0.0)
(44.968658, 20.949825, 0.0)
(46.447803, 20.958242, 0.0)
(46.492641, 20.927666, 0.0)
(46.495094, 20.950848, 0.0)
(46.994854, 20.840124, 0.0)
(47.065517, 20.752417, 0.0)
(47.064793, 20.757750, 0.0)
(47.054688, 20.742533, 0.0)
(47.045254, 20.770517, 0.0)
(46.882275, 20.807707, 0.0)
(46.963657, 21.596096, 0.0)
(46.641777, 21.221493, 0.0)
(46.509548, 20.708914, 0.0)
(46.647507, 20.895115, 0.0)
(46.685795, 20.937037, 0.0)
(46.733124, 21.008533, 0.0)
(46.753841, 20.989174, 0.0)
(46.779865, 21.023329, 0.0)
(46.697784, 21.077087, 0.0)
(46.237793, 21.979471, 0.0)
(46.082897, 22.810131, 0.0)
(46.047527, 22.877153, 0.0)
(46.054790, 22.790564, 0.0)
(46.065430, 22.789713, 0.0)
(46.049034, 22.802475, 0.0)
(46.056213, 22.821072, 0.0)
(46.065971, 22.828840, 0.0)
(46.065971, 22.828840, 0.0)
(46.077038, 22.824633, 0.0)
(46.104111, 22.800396, 0.0)
(46.125565, 22.807703, 0.0)
(46.163540, 22.805717, 0.0)
(46.133781, 22.818741, 0.0)
(46.133617, 22.820541, 0.0)
(46.148991, 22.783751, 0.0)
(45.582710, 22.697905, 0.0)
(40.649822, 21.071941, 0.0)
(38.562881, 19.989477, 0.0)
(37.898174, 19.704136, 0.0)
(37.863083, 19.766823, 0.0)
(37.772854, 19.787331, 0.0)
(36.923767, 19.188736, 0.0)
(36.869572, 19.173353, 0.0)
(36.869720, 19.183094, 0.0)
(36.864429, 19.135187, 0.0)
(36.884087, 19.147732, 0.0)
(36.898109, 19.151770, 0.0)
(36.888638, 19.123032, 0.0)
(36.921513, 19.103985, 0.0)
(36.954643, 19.007656, 0.0)
(36.921440, 19.000933, 0.0)
(36.901588, 19.007174, 0.0)
(36.891850, 18.980934, 0.0)
(36.906651, 18.984764, 0.0)
(36.938847, 19.023151, 0.0)
(36.946274, 19.012529, 0.0)
(36.932465, 18.989407, 0.0)
(36.954414, 18.987732, 0.0)
(36.945698, 18.977327, 0.0)
(36.955063, 18.992344, 0.0)
(36.939629, 19.001762, 0.0)
(36.945904, 19.005968, 0.0)
(36.973793, 18.979897, 0.0)
(36.973793, 18.979897, 0.0)
(36.964703, 18.957962, 0.0)
(36.979435, 18.960529, 0.0)
(36.994778, 18.969023, 0.0)
(36.988396, 18.976358, 0.0)
(36.985634, 18.973007, 0.0)
(36.968658, 18.979815, 0.0)
(36.972717, 18.971088, 0.0)
(36.988697, 18.954214, 0.0)
(37.785210, 19.137512, 0.0)
(42.471802, 20.433132, 0.0)
(45.963779, 23.230173, 0.0)
(48.287670, 26.281149, 0.0)
(48.975273, 27.788218, 0.0)
(48.986813, 28.049988, 0.0)
(48.972355, 28.020185, 0.0)
(48.976139, 28.003986, 0.0)
(48.967529, 27.997965, 0.0)
(49.114445, 28.027054, 0.0)
(49.100250, 28.022505, 0.0)
(49.069595, 28.050476, 0.0)
(49.059841, 28.035250, 0.0)
(49.110123, 28.077368, 0.0)
(49.166809, 28.144913, 0.0)
(49.101147, 28.179836, 0.0)
(49.050457, 28.187395, 0.0)
(49.047375, 28.179867, 0.0)
(49.018238, 28.171692, 0.0)
(49.009041, 28.155424, 0.0)
(48.923775, 28.677950, 0.0)
(49.433907, 30.137571, 0.0)
(49.050449, 29.057316, 0.0)
(48.869850, 28.026663, 0.0)
(48.831234, 27.714050, 0.0)
(48.807533, 27.764053, 0.0)
(48.807533, 27.801775, 0.0)
(48.826534, 27.882940, 0.0)
(48.834400, 27.930744, 0.0)
(48.835270, 27.924957, 0.0)
(48.870609, 27.949959, 0.0)
(48.879814, 27.959694, 0.0)
(48.903835, 27.991795, 0.0)
(48.904259, 27.976543, 0.0)
(48.890781, 28.000463, 0.0)
(48.903320, 28.000919, 0.0)
(48.912651, 27.946762, 0.0)
(47.842369, 26.334631, 0.0)
(47.916721, 25.785246, 0.0)
(47.988590, 25.733616, 0.0)
(48.000404, 25.740404, 0.0)
(48.019611, 25.718845, 0.0)
(48.081745, 25.744333, 0.0)
(48.211945, 25.887547, 0.0)
(48.210957, 25.913084, 0.0)
(48.215519, 25.901352, 0.0)
(48.219013, 25.861256, 0.0)
(48.234615, 25.845383, 0.0)
(48.251366, 25.852005, 0.0)
(48.245251, 25.823347, 0.0)
(48.072807, 25.829693, 0.0)
(48.288437, 26.358828, 0.0)
(48.126034, 25.710236, 0.0)
(48.155983, 25.707361, 0.0)
(48.176563, 25.753845, 0.0)
(48.166645, 25.696022, 0.0)
(48.188248, 25.699371, 0.0)
(48.160164, 25.747311, 0.0)
(48.142132, 25.794054, 0.0)
(48.141308, 25.799002, 0.0)
(48.150032, 25.803488, 0.0)
(48.166313, 25.831400, 0.0)
(48.175724, 25.816471, 0.0)
(48.196178, 25.813093, 0.0)
(48.200001, 25.824530, 0.0)
(48.198761, 25.817364, 0.0)
(48.196751, 25.822727, 0.0)
(48.201958, 25.810989, 0.0)
(48.180401, 25.811449, 0.0)
(48.175262, 25.791254, 0.0)
(48.187378, 25.782480, 0.0)
(48.196964, 25.797207, 0.0)
(48.200253, 25.781227, 0.0)
(45.303104, 23.830711, 0.0)
(41.438805, 21.454313, 0.0)
(41.244076, 21.341478, 0.0)
(41.312237, 21.320457, 0.0)
(41.351070, 21.305357, 0.0)
(41.362469, 21.306049, 0.0)
(41.168438, 21.139330, 0.0)
(41.173359, 21.141125, 0.0)
(41.184341, 21.124910, 0.0)
(41.190937, 21.098806, 0.0)
(41.213100, 21.085470, 0.0)
(41.204025, 21.096998, 0.0)
(41.200741, 21.101603, 0.0)
(41.178764, 21.094101, 0.0)
(41.164848, 21.129114, 0.0)
(41.159042, 21.126886, 0.0)
(41.185276, 21.120647, 0.0)
(41.189438, 21.118946, 0.0)
(41.193127, 21.104431, 0.0)
(41.190464, 21.099657, 0.0)
(41.201477, 21.086775, 0.0)
(40.908871, 20.959925, 0.0)
(41.092819, 22.073042, 0.0)
(40.905788, 20.907051, 0.0)
(40.901291, 20.645655, 0.0)
(40.923073, 20.736452, 0.0)
(40.949902, 20.790836, 0.0)
(40.990070, 20.814377, 0.0)
(41.003990, 20.835876, 0.0)
(41.002522, 20.846895, 0.0)
(41.039413, 20.892881, 0.0)
(41.044086, 20.908808, 0.0)
(41.021732, 20.895868, 0.0)
(41.025970, 20.874290, 0.0)
(41.037537, 20.859789, 0.0)
(41.040016, 20.849262, 0.0)
(41.094452, 20.882635, 0.0)
(38.711964, 22.692505, 0.0)
(37.349449, 24.275087, 0.0)
(37.233521, 24.311560, 0.0)
(37.243675, 24.214539, 0.0)
(37.206245, 24.214338, 0.0)
(37.196045, 24.218050, 0.0)
(37.183708, 24.196022, 0.0)
(37.198914, 24.220324, 0.0)
(37.388252, 24.118784, 0.0)
(37.407722, 24.095949, 0.0)
(37.398254, 24.109028, 0.0)
(37.407673, 24.124859, 0.0)
(37.411648, 24.150160, 0.0)
(37.386684, 24.131252, 0.0)
(37.392635, 24.142487, 0.0)
(37.398407, 24.134548, 0.0)
(37.408001, 24.099678, 0.0)
(37.417080, 24.121490, 0.0)
(37.432423, 24.142769, 0.0)
(37.421715, 24.113306, 0.0)
(37.425659, 24.106646, 0.0)
(37.432819, 24.122135, 0.0)
(37.422169, 24.103546, 0.0)
(37.436844, 24.118736, 0.0)
(37.426437, 24.153885, 0.0)
(37.427052, 24.149231, 0.0)
(37.423512, 24.148275, 0.0)
(37.413795, 24.147234, 0.0)
(37.411545, 24.125502, 0.0)
(37.419155, 24.172066, 0.0)
(37.418205, 24.140230, 0.0)
(37.397404, 24.128494, 0.0)
(37.406776, 24.147814, 0.0)
(37.408096, 24.123976, 0.0)
(37.415890, 24.081951, 0.0)
(37.414650, 24.114340, 0.0)
(37.418110, 24.111916, 0.0)
(37.420776, 24.063902, 0.0)
(40.899242, 23.284264, 0.0)
(45.107712, 22.828259, 0.0)
(45.612709, 22.849867, 0.0)
(45.615868, 22.861723, 0.0)
(45.606022, 22.853306, 0.0)
(45.604942, 22.843225, 0.0)
(45.331013, 22.782301, 0.0)
(45.327538, 22.771608, 0.0)
(45.380611, 22.786329, 0.0)
(45.372643, 22.773592, 0.0)
(45.336563, 22.750818, 0.0)
(45.331989, 22.778008, 0.0)
(45.330982, 22.753624, 0.0)
(45.347599, 22.755068, 0.0)
(45.353092, 22.745827, 0.0)
(45.356201, 22.764339, 0.0)
(45.346329, 22.762039, 0.0)
(45.337032, 22.783180, 0.0)
(45.339882, 22.764704, 0.0)
(45.350544, 22.767797, 0.0)
(45.332901, 22.825174, 0.0)
(45.340927, 22.850409, 0.0)
(45.326424, 22.834509, 0.0)
(45.331753, 22.835072, 0.0)
(45.350349, 22.818781, 0.0)
(45.355747, 22.810257, 0.0)
(45.356907, 22.829563, 0.0)
(45.350456, 22.834578, 0.0)
(45.342178, 22.856394, 0.0)
(45.321594, 22.858889, 0.0)
(45.326424, 22.834509, 0.0)
(45.330090, 22.832794, 0.0)
(45.327656, 22.809311, 0.0)
(45.326176, 22.802391, 0.0)
(45.336960, 22.815485, 0.0)
(45.327274, 22.807579, 0.0)
(45.327511, 22.820496, 0.0)
(45.338406, 22.828300, 0.0)
(43.034565, 21.029839, 0.0)
(41.090462, 18.617308, 0.0)
(41.057804, 18.589231, 0.0)
(41.108311, 18.644714, 0.0)
(41.139164, 18.675175, 0.0)
(40.880074, 18.574310, 0.0)
(40.864113, 18.546215, 0.0)
(40.892292, 18.598467, 0.0)
(40.886745, 18.593035, 0.0)
(40.870625, 18.609150, 0.0)
(40.872086, 18.600542, 0.0)
(40.909130, 18.594147, 0.0)
(40.921711, 18.590477, 0.0)
(40.922024, 18.562847, 0.0)
(40.936138, 18.569813, 0.0)
(40.927322, 18.556017, 0.0)
(40.793888, 18.489510, 0.0)
(40.806927, 18.490072, 0.0)
(40.831966, 18.523184, 0.0)
(40.831169, 18.533209, 0.0)
(40.829620, 18.572704, 0.0)
(40.835735, 18.581491, 0.0)
(40.848728, 18.580011, 0.0)
(40.863224, 18.605303, 0.0)
(40.852188, 18.612246, 0.0)
(40.868286, 18.619810, 0.0)
(40.879238, 18.629675, 0.0)
(40.874901, 18.658297, 0.0)
(40.874901, 18.658297, 0.0)
(40.873959, 18.648218, 0.0)
(40.877682, 18.645638, 0.0)
(40.874901, 18.658297, 0.0)
(40.881691, 18.672468, 0.0)
(40.863457, 18.712221, 0.0)
(40.877384, 18.701967, 0.0)
(40.884403, 18.714180, 0.0)
(40.879822, 18.730217, 0.0)
(40.395515, 18.874739, 0.0)
(36.913868, 20.117874, 0.0)
(35.223080, 22.170235, 0.0)
(34.990250, 23.824373, 0.0)
(34.753643, 24.377525, 0.0)
(34.696327, 24.305943, 0.0)
(34.632214, 24.274511, 0.0)
(34.166050, 24.215458, 0.0)
(34.103855, 24.191242, 0.0)
(34.075638, 24.178173, 0.0)
(34.084526, 24.130379, 0.0)
(34.062496, 24.099941, 0.0)
(34.079681, 24.086201, 0.0)
(34.101551, 24.058737, 0.0)
(34.090519, 24.000000, 0.0)
(34.119190, 23.995356, 0.0)
(34.098953, 23.989393, 0.0)
(34.118668, 23.948233, 0.0)
(34.115173, 23.951078, 0.0)
(34.104504, 23.974691, 0.0)
(34.112358, 23.970959, 0.0)
(34.132500, 23.965206, 0.0)
(34.143841, 23.945223, 0.0)
(34.142429, 23.964066, 0.0)
(34.172565, 23.914314, 0.0)
(34.201389, 23.927265, 0.0)
(34.190639, 23.967249, 0.0)
(34.142429, 23.964066, 0.0)
(34.121819, 23.976217, 0.0)
(34.128853, 23.960815, 0.0)
(34.143852, 23.940613, 0.0)
(34.155437, 23.932419, 0.0)
(34.155437, 23.932419, 0.0)
(34.150227, 23.935259, 0.0)
(34.131798, 23.960861, 0.0)
(34.125671, 23.963509, 0.0)
(34.133236, 23.963587, 0.0)
(34.135574, 23.967093, 0.0)
(35.842121, 24.357731, 0.0)
(40.554413, 26.759804, 0.0)
(41.146866, 27.502613, 0.0)
(41.182430, 27.412264, 0.0)
(41.090702, 27.270853, 0.0)
(41.251171, 27.200871, 0.0)
(41.625671, 27.067089, 0.0)
(41.644150, 27.051676, 0.0)
(41.600498, 27.037100, 0.0)
(41.585613, 27.004948, 0.0)
(41.591946, 26.984652, 0.0)
(41.588184, 26.967686, 0.0)
(41.608456, 26.951025, 0.0)
(41.586056, 26.931808, 0.0)
(41.564640, 26.921490, 0.0)
(41.561478, 26.929110, 0.0)
(41.562710, 26.902576, 0.0)
(41.544510, 26.908089, 0.0)
(41.460796, 26.884295, 0.0)
(41.439137, 26.857357, 0.0)
(41.424603, 26.879169, 0.0)
(41.431995, 26.846209, 0.0)
(41.423119, 26.840004, 0.0)
(41.419777, 26.860502, 0.0)
(41.423157, 26.846260, 0.0)
(41.408390, 26.834673, 0.0)
(41.429600, 26.846447, 0.0)
(41.426315, 26.848312, 0.0)
(41.395840, 26.849747, 0.0)
(41.384850, 26.843994, 0.0)
(41.391212, 26.815218, 0.0)
(41.409977, 26.813091, 0.0)
(41.415108, 26.822512, 0.0)
(41.405174, 26.800957, 0.0)
(41.379414, 26.778133, 0.0)
(41.366749, 26.773884, 0.0)
(41.388748, 26.771442, 0.0)
(41.981468, 26.117567, 0.0)
(43.470428, 23.851213, 0.0)
(43.489689, 23.890766, 0.0)
(43.484253, 23.855867, 0.0)
(43.462429, 23.837574, 0.0)
(43.353046, 23.968935, 0.0)
(43.287727, 24.027184, 0.0)
(43.288303, 24.021917, 0.0)
(43.284889, 24.064919, 0.0)
(43.292355, 24.062416, 0.0)
(43.302464, 24.040485, 0.0)
(43.268913, 24.003010, 0.0)
(43.382530, 25.050682, 0.0)
(43.181782, 24.281212, 0.0)
(43.069546, 23.935223, 0.0)
(43.101135, 23.904909, 0.0)
(43.080788, 24.004845, 0.0)
(43.075233, 24.001106, 0.0)
(43.059238, 24.008759, 0.0)
(43.059883, 24.058153, 0.0)
(43.094620, 24.044260, 0.0)
(43.117844, 24.049410, 0.0)
(43.132645, 24.043091, 0.0)
(43.152733, 24.070709, 0.0)
(43.138527, 24.082001, 0.0)
(43.163063, 24.080112, 0.0)
(43.160221, 24.118298, 0.0)
(43.174431, 24.153545, 0.0)
(43.194992, 24.147173, 0.0)
(43.174511, 24.144842, 0.0)
(43.164410, 24.159830, 0.0)
(43.185337, 24.099474, 0.0)
(43.214680, 24.117872, 0.0)
(43.211342, 24.181288, 0.0)
(43.253365, 24.180258, 0.0)
(41.132652, 23.752554, 0.0)
(36.934509, 22.945856, 0.0)
(36.281422, 22.877069, 0.0)
(36.272354, 22.863417, 0.0)
(35.827667, 22.766586, 0.0)
(35.524460, 22.618643, 0.0)
(35.545208, 22.622351, 0.0)
(35.575443, 22.637918, 0.0)
(35.596283, 22.599396, 0.0)
(35.556778, 22.570223, 0.0)
(35.542305, 22.599979, 0.0)
(35.559753, 22.623505, 0.0)
(35.558212, 22.605185, 0.0)
(35.547539, 22.557400, 0.0)
(35.566219, 22.565777, 0.0)
(35.584152, 22.543650, 0.0)
(35.594578, 22.520004, 0.0)
(35.587460, 22.543922, 0.0)
(35.599991, 22.548273, 0.0)
(35.608692, 22.527210, 0.0)
(35.601955, 22.530064, 0.0)
(35.591747, 22.524160, 0.0)
(35.601307, 22.515585, 0.0)
(35.579468, 22.512659, 0.0)
(35.576019, 22.536087, 0.0)
(35.551758, 22.544428, 0.0)
(35.576450, 22.545919, 0.0)
(35.575352, 22.556065, 0.0)
(35.583385, 22.536789, 0.0)
(35.584270, 22.536142, 0.0)
(35.611729, 22.541889, 0.0)
(35.575558, 22.538462, 0.0)
(35.551773, 22.544630, 0.0)
(35.568138, 22.540079, 0.0)
(35.571743, 22.531635, 0.0)
(35.589500, 22.499876, 0.0)
(35.593361, 22.506544, 0.0)
(36.584171, 22.234051, 0.0)
(41.651478, 21.009899, 0.0)
(44.830242, 20.329390, 0.0)
(47.127720, 20.452013, 0.0)
(47.211586, 20.420473, 0.0)
(47.201099, 20.435926, 0.0)
(47.209015, 20.435080, 0.0)
(46.738670, 19.857048, 0.0)
(46.738113, 19.784309, 0.0)
(46.776718, 19.817377, 0.0)
(46.798458, 19.827923, 0.0)
(46.766541, 19.833551, 0.0)
(46.778297, 19.831640, 0.0)
(46.746021, 19.821421, 0.0)
(46.911900, 19.790329, 0.0)
(46.923958, 19.745697, 0.0)
(46.922791, 19.763187, 0.0)
(46.926632, 19.814014, 0.0)
(46.933414, 19.796387, 0.0)
(46.949600, 19.814827, 0.0)
(46.943562, 19.799721, 0.0)
(46.927711, 19.810081, 0.0)
(46.925011, 19.830839, 0.0)
(46.919621, 19.836357, 0.0)
(46.906372, 19.823299, 0.0)
(46.894424, 19.804342, 0.0)
(46.870155, 19.773293, 0.0)
(46.876450, 19.786005, 0.0)
(46.882877, 19.788355, 0.0)
(46.876797, 19.820803, 0.0)
(46.872143, 19.768166, 0.0)
(46.858700, 19.763739, 0.0)
(46.828709, 19.771778, 0.0)
(46.828259, 19.755648, 0.0)
(46.843739, 19.771465, 0.0)
(46.853104, 19.774189, 0.0)
(46.851303, 19.759579, 0.0)
(46.855396, 19.766052, 0.0)
(44.599747, 20.206560, 0.0)
(40.858368, 20.546192, 0.0)
(39.879768, 22.276627, 0.0)
(39.830517, 22.780420, 0.0)
(39.842113, 22.676336, 0.0)
(39.637005, 22.837126, 0.0)
(39.423027, 23.101641, 0.0)
(39.393639, 23.070358, 0.0)
(39.401234, 23.034742, 0.0)
(39.386440, 23.020308, 0.0)
(39.377094, 23.017723, 0.0)
(39.366627, 22.988260, 0.0)
(39.368721, 22.974558, 0.0)
(39.373409, 22.957335, 0.0)
(39.357738, 22.923523, 0.0)
(39.367714, 22.909119, 0.0)
(39.383091, 22.917461, 0.0)
(39.409145, 22.910587, 0.0)
(39.410976, 22.903885, 0.0)
(39.395428, 22.917772, 0.0)
(39.376034, 22.906433, 0.0)
(39.375721, 22.915609, 0.0)
(39.358681, 22.919031, 0.0)
(39.355713, 22.931065, 0.0)
(39.370987, 22.940945, 0.0)
(39.372890, 22.920113, 0.0)
(39.371796, 22.928593, 0.0)
(39.382286, 22.909124, 0.0)
(39.387962, 22.918081, 0.0)
(39.392277, 22.938917, 0.0)
(39.401237, 22.933430, 0.0)
(39.376423, 22.934195, 0.0)
(39.363773, 22.937840, 0.0)
(39.371227, 22.947008, 0.0)
(39.365852, 22.945278, 0.0)
(39.374577, 22.968788, 0.0)
(39.423466, 22.986681, 0.0)
(39.508682, 22.985531, 0.0)
(43.789818, 22.226826, 0.0)
(46.583778, 21.570930, 0.0)
(47.038151, 21.497828, 0.0)
(47.083973, 21.548285, 0.0)
(47.044708, 21.556942, 0.0)
(47.059978, 21.568539, 0.0)
(46.908142, 21.620773, 0.0)
(47.178699, 22.092461, 0.0)
(46.776123, 21.167885, 0.0)
(46.830006, 21.240606, 0.0)
(46.903236, 21.346777, 0.0)
(46.939522, 21.379564, 0.0)
(46.962879, 21.442171, 0.0)
(46.984364, 21.460800, 0.0)
(46.996574, 21.471842, 0.0)
(47.001022, 21.489586, 0.0)
(47.027832, 21.509722, 0.0)
(47.026199, 21.522123, 0.0)
(47.030205, 21.525894, 0.0)
(47.030769, 21.532188, 0.0)
(47.033932, 21.538031, 0.0)
(47.042580, 21.543228, 0.0)
(47.042580, 21.543228, 0.0)
(47.042580, 21.543228, 0.0)
(47.049774, 21.546957, 0.0)
(47.047169, 21.552916, 0.0)
(47.033836, 21.584532, 0.0)
(47.041317, 21.586584, 0.0)
(47.042873, 21.563696, 0.0)
(47.063522, 21.571865, 0.0)
(47.064682, 21.600000, 0.0)
(47.065392, 21.567553, 0.0)
(47.048672, 21.590635, 0.0)
(47.047863, 21.573879, 0.0)
(47.053062, 21.578457, 0.0)
(48.142036, 24.002253, 0.0)
(48.070808, 26.195000, 0.0)
(47.852383, 27.744217, 0.0)
(47.872520, 27.725203, 0.0)
(47.881329, 27.585171, 0.0)
(47.913754, 27.536386, 0.0)
(48.057201, 27.667912, 0.0)
(48.078979, 27.762558, 0.0)
(48.054443, 27.740547, 0.0)
(48.038227, 27.709265, 0.0)
(48.027924, 27.680889, 0.0)
(48.027664, 27.698805, 0.0)
(48.020779, 27.679838, 0.0)
(48.002018, 27.655939, 0.0)
(47.988773, 27.630770, 0.0)
(47.969349, 27.569588, 0.0)
(47.943745, 27.555817, 0.0)
(47.923134, 27.557926, 0.0)
(47.913193, 27.543680, 0.0)
(47.909401, 27.534784, 0.0)
(47.905621, 27.543320, 0.0)
(47.901932, 27.520424, 0.0)
(47.913055, 27.504620, 0.0)
(47.899059, 27.514374, 0.0)
(47.892101, 27.504562, 0.0)
(47.884361, 27.518108, 0.0)
(47.859966, 27.509430, 0.0)
(47.846817, 27.491938, 0.0)
(47.850983, 27.478397, 0.0)
(47.880276, 27.453577, 0.0)
(47.884586, 27.459867, 0.0)
(47.887337, 27.456654, 0.0)
(47.876816, 27.467100, 0.0)
(47.887337, 27.456654, 0.0)
(47.878227, 27.462906, 0.0)
(47.870522, 27.452868, 0.0)
(47.878269, 27.457249, 0.0)
(47.940231, 27.168802, 0.0)
(48.600571, 23.300488, 0.0)
(48.644539, 21.349091, 0.0)
(48.692596, 21.156979, 0.0)
(48.736942, 21.268251, 0.0)
(48.739883, 21.223497, 0.0)
(48.781181, 21.225330, 0.0)
(48.771725, 21.237255, 0.0)
(48.731514, 21.167517, 0.0)
(48.566063, 21.125275, 0.0)
(48.518833, 21.154329, 0.0)
(48.538593, 21.179255, 0.0)
(48.528786, 21.152121, 0.0)
(48.563599, 21.200434, 0.0)
(48.580967, 21.270350, 0.0)
(48.570183, 21.186647, 0.0)
(48.590519, 21.257639, 0.0)
(48.449268, 21.284803, 0.0)
(48.794598, 21.838947, 0.0)
(48.343868, 21.189291, 0.0)
(48.324429, 21.349560, 0.0)
(48.365746, 21.389866, 0.0)
(48.454037, 21.444094, 0.0)
(48.467152, 21.450998, 0.0)
(48.435181, 21.416407, 0.0)
(48.437534, 21.447491, 0.0)
(48.447693, 21.485567, 0.0)
(48.446442, 21.475151, 0.0)
(48.476242, 21.512417, 0.0)
(48.478863, 21.527273, 0.0)
(48.452236, 21.520376, 0.0)
(48.457470, 21.509279, 0.0)
(48.472748, 21.514050, 0.0)
(48.471542, 21.521023, 0.0)
(48.487968, 21.570904, 0.0)
(48.487247, 21.576391, 0.0)
(48.485596, 21.598845, 0.0)
(45.301651, 22.411325, 0.0)
(44.091679, 24.016144, 0.0)
(43.855644, 26.005430, 0.0)
(43.813026, 25.891983, 0.0)
(43.777721, 25.766024, 0.0)
(43.718063, 25.717663, 0.0)
(43.299515, 25.563709, 0.0)
(43.265324, 25.596840, 0.0)
(43.278683, 25.542862, 0.0)
(43.263779, 25.449863, 0.0)
(43.246021, 25.426210, 0.0)
(43.276463, 25.401936, 0.0)
(43.286888, 25.426085, 0.0)
(43.276344, 25.408581, 0.0)
(43.284389, 25.415846, 0.0)
(43.268150, 25.420250, 0.0)
(43.264576, 25.401960, 0.0)
(43.281139, 25.394768, 0.0)
(43.303791, 25.401003, 0.0)
(43.262424, 25.325527, 0.0)
(43.145512, 25.370823, 0.0)
(43.340233, 26.399418, 0.0)
(43.243889, 25.690481, 0.0)
(43.176350, 25.255625, 0.0)
(43.113125, 25.230179, 0.0)
(43.151237, 25.210835, 0.0)
(43.139370, 25.247578, 0.0)
(43.166534, 25.251606, 0.0)
(43.169979, 25.247959, 0.0)
(43.180294, 25.232952, 0.0)
(43.177975, 25.234818, 0.0)
(43.168266, 25.202471, 0.0)
(43.200493, 25.190279, 0.0)
(43.197617, 25.193417, 0.0)
(43.179012, 25.191450, 0.0)
(43.199455, 25.215687, 0.0)
(43.211964, 27.182962, 0.0)
(43.174007, 27.260113, 0.0)
(43.185699, 27.135876, 0.0)
(43.188332, 27.124607, 0.0)
(43.188538, 27.100744, 0.0)
(43.183475, 27.082785, 0.0)
(43.187695, 27.076414, 0.0)
(43.150925, 27.094505, 0.0)
(43.128933, 27.092993, 0.0)
(43.146893, 27.079460, 0.0)
(43.159111, 27.055746, 0.0)
(43.180412, 27.016636, 0.0)
(43.187283, 27.000856, 0.0)
(43.219395, 27.044783, 0.0)
(43.247551, 27.173893, 0.0)
(43.207413, 27.208471, 0.0)
(43.218777, 27.162952, 0.0)
(43.223450, 27.144802, 0.0)
(43.230202, 27.121250, 0.0)
(43.230362, 27.108278, 0.0)
(43.224186, 27.102455, 0.0)
(43.235786, 27.099953, 0.0)
(43.237553, 27.091505, 0.0)
(43.235218, 27.097561, 0.0)
(43.240608, 27.087420, 0.0)
(43.244999, 27.094971, 0.0)
(43.240158, 27.086981, 0.0)
(43.242805, 27.063848, 0.0)
(43.252853, 27.075659, 0.0)
(43.249432, 27.083494, 0.0)
(43.257736, 27.081228, 0.0)
(43.260494, 27.075409, 0.0)
(43.247643, 27.063570, 0.0)
(43.219097, 27.045170, 0.0)
(43.221516, 27.047934, 0.0)
(43.240288, 27.054060, 0.0)
(43.241573, 27.064602, 0.0)
(42.463524, 26.920527, 0.0)
(38.197639, 25.968002, 0.0)
(36.547096, 25.876522, 0.0)
(36.500523, 25.812359, 0.0)
(36.521683, 25.850428, 0.0)
(36.087502, 25.868782, 0.0)
(36.027195, 25.861204, 0.0)
(36.025185, 25.859446, 0.0)
(36.045902, 25.823448, 0.0)
(36.060795, 25.800531, 0.0)
(36.052063, 25.775158, 0.0)
(36.064514, 25.774019, 0.0)
(36.006104, 25.803331, 0.0)
(35.991978, 25.772039, 0.0)
(35.977448, 25.765114, 0.0)
(35.985786, 25.759241, 0.0)
(36.009792, 25.758551, 0.0)
(36.000523, 25.748680, 0.0)
(36.010647, 25.753807, 0.0)
(35.984806, 25.723841, 0.0)
(35.980099, 25.699503, 0.0)
(35.977806, 25.687296, 0.0)
(35.994408, 25.700058, 0.0)
(35.987385, 25.715548, 0.0)
(36.001686, 25.691586, 0.0)
(36.011703, 25.762671, 0.0)
(36.009529, 25.735641, 0.0)
(36.002285, 25.722927, 0.0)
(36.012901, 25.780031, 0.0)
(36.020229, 25.774557, 0.0)
(36.035652, 25.704777, 0.0)
(36.025620, 25.726475, 0.0)
(36.029854, 25.714851, 0.0)
(36.047413, 25.700371, 0.0)
(36.046619, 25.736784, 0.0)
(36.068935, 25.751743, 0.0)
(36.082714, 25.695997, 0.0)
(36.116951, 25.664188, 0.0)
(39.023758, 22.709190, 0.0)
(39.383694, 22.073801, 0.0)
(39.413979, 22.112673, 0.0)
(39.237423, 21.827061, 0.0)
(39.202328, 21.702515, 0.0)
(39.181538, 21.749708, 0.0)
(39.173019, 21.753658, 0.0)
(39.178318, 21.769154, 0.0)
(39.175728, 21.729223, 0.0)
(39.146542, 21.738010, 0.0)
(39.225578, 21.810179, 0.0)
(39.246300, 21.836227, 0.0)
(39.265770, 21.827293, 0.0)
(39.260727, 21.873253, 0.0)
(39.274796, 21.889351, 0.0)
(39.265347, 21.850916, 0.0)
(39.239983, 21.868921, 0.0)
(39.248047, 21.831535, 0.0)
(39.217850, 21.840336, 0.0)
(39.214661, 21.861320, 0.0)
(39.220100, 21.862812, 0.0)
(39.218742, 21.844620, 0.0)
(39.222198, 21.851946, 0.0)
(39.238205, 21.865400, 0.0)
(39.243637, 21.878559, 0.0)
(39.252041, 21.882622, 0.0)
(39.241341, 21.888285, 0.0)
(39.229809, 21.899658, 0.0)
(39.204212, 21.868488, 0.0)
(39.213871, 21.867949, 0.0)
(39.231915, 21.846874, 0.0)
(39.229488, 21.843117, 0.0)
(39.238747, 21.836353, 0.0)
(39.245789, 21.811483, 0.0)
(39.249222, 21.809101, 0.0)
(39.243408, 21.792349, 0.0)
(39.243652, 21.807491, 0.0)
(39.232780, 21.832523, 0.0)
(39.244461, 21.870832, 0.0)
(42.440693, 24.331692, 0.0)
(44.551208, 26.975731, 0.0)
(44.892014, 28.227535, 0.0)
(44.857841, 28.173752, 0.0)
(44.810112, 28.049919, 0.0)
(44.800453, 27.961868, 0.0)
(44.968258, 28.471697, 0.0)
(44.938999, 28.580433, 0.0)
(44.909721, 28.513420, 0.0)
(44.893021, 28.441174, 0.0)
(44.882679, 28.441742, 0.0)
(44.863495, 28.441715, 0.0)
(44.853058, 28.430475, 0.0)
(44.842690, 28.427832, 0.0)
(44.836151, 28.447929, 0.0)
(44.824223, 28.438974, 0.0)
(44.824226, 28.434843, 0.0)
(44.779346, 28.436712, 0.0)
(44.867001, 28.540518, 0.0)
(44.850277, 28.601435, 0.0)
(44.862377, 28.582325, 0.0)
(44.850826, 28.557516, 0.0)
(44.845757, 28.547932, 0.0)
(44.838608, 28.545933, 0.0)
(44.832794, 28.542555, 0.0)
(44.855808, 28.479748, 0.0)
(44.829346, 28.506540, 0.0)
(44.795937, 28.500017, 0.0)
(44.788006, 28.492443, 0.0)
(44.791698, 28.441465, 0.0)
(44.801819, 28.428482, 0.0)
(44.797485, 28.456680, 0.0)
(44.802586, 28.418594, 0.0)
(44.782845, 28.427702, 0.0)
(44.764809, 28.437037, 0.0)
(44.764000, 28.437386, 0.0)
(44.503845, 28.353197, 0.0)
(40.543884, 26.565044, 0.0)
(39.579983, 26.140518, 0.0)
(39.553951, 26.126154, 0.0)
(39.578087, 26.158863, 0.0)
(39.575127, 26.231058, 0.0)
(39.554096, 26.568392, 0.0)
(39.560047, 26.578749, 0.0)
(39.573162, 26.579718, 0.0)
(39.571445, 26.598465, 0.0)
(39.566635, 26.639908, 0.0)
(39.585823, 26.651627, 0.0)
(39.569557, 26.634594, 0.0)
(39.558056, 26.643995, 0.0)
(39.588291, 26.634171, 0.0)
(39.618038, 26.623924, 0.0)
(39.622467, 26.615587, 0.0)
(39.619385, 26.622755, 0.0)
(39.610874, 26.639168, 0.0)
(39.600521, 26.643810, 0.0)
(39.605507, 26.636732, 0.0)
(39.599777, 26.635067, 0.0)
(39.571793, 26.693691, 0.0)
(39.584209, 26.727789, 0.0)
(39.590336, 26.736357, 0.0)
(39.573662, 26.724783, 0.0)
(39.593498, 26.685602, 0.0)
(39.605820, 26.682497, 0.0)
(39.618298, 26.673210, 0.0)
(39.605095, 26.691811, 0.0)
(39.618858, 26.726637, 0.0)
(39.603878, 26.708759, 0.0)
(39.600758, 26.693600, 0.0)
(39.583817, 26.686888, 0.0)
(39.588619, 26.657875, 0.0)
(39.602573, 26.672661, 0.0)
(39.607517, 26.685989, 0.0)
(39.630108, 26.665590, 0.0)
(39.664413, 26.657818, 0.0)
(42.898441, 25.276943, 0.0)
(46.077763, 23.516296, 0.0)
(48.466183, 23.340050, 0.0)
(49.381119, 23.632700, 0.0)
(49.617435, 23.705797, 0.0)
(49.647472, 23.676220, 0.0)
(50.612049, 24.000000, 0.0)
(50.866493, 23.995525, 0.0)
(50.842426, 23.883781, 0.0)
(50.830887, 23.812229, 0.0)
(50.844379, 23.768139, 0.0)
(50.825150, 23.755041, 0.0)
(50.775852, 23.741880, 0.0)
(50.790146, 23.698704, 0.0)
(50.770256, 23.666943, 0.0)
(50.781734, 23.662560, 0.0)
(50.762505, 23.637012, 0.0)
(50.757538, 23.635212, 0.0)
(50.732964, 23.565800, 0.0)
(50.716930, 23.542475, 0.0)
(50.703274, 23.435898, 0.0)
(50.738174, 23.474369, 0.0)
(50.712910, 23.492193, 0.0)
(50.700855, 23.435513, 0.0)
(50.719204, 23.414085, 0.0)
(50.729511, 23.481092, 0.0)
(50.689922, 23.423756, 0.0)
(50.721523, 23.495022, 0.0)
(50.688416, 23.368599, 0.0)
(50.710941, 23.419531, 0.0)
(50.692467, 23.393251, 0.0)
(50.651882, 23.392151, 0.0)
(50.676907, 23.394083, 0.0)
(50.661671, 23.368488, 0.0)
(50.675041, 23.372690, 0.0)
(50.671768, 23.358885, 0.0)
(50.659859, 23.318510, 0.0)
(47.253002, 21.382866, 0.0)
(44.961319, 20.188650, 0.0)
(45.090508, 20.208220, 0.0)
(45.198875, 20.206238, 0.0)
(45.243870, 20.213722, 0.0)
(45.294758, 20.225710, 0.0)
(45.327885, 20.244289, 0.0)
(45.155910, 20.112043, 0.0)
(45.173794, 20.094904, 0.0)
(45.167988, 20.084629, 0.0)
(44.793068, 19.843756, 0.0)
(44.877197, 19.440712, 0.0)
(45.009979, 19.827370, 0.0)
(45.099216, 19.967903, 0.0)
(45.134441, 20.003605, 0.0)
(45.154217, 20.020849, 0.0)
(45.167442, 20.018158, 0.0)
(44.881989, 19.680933, 0.0)
(44.796440, 19.494514, 0.0)
(44.887997, 19.638775, 0.0)
(45.002487, 19.872692, 0.0)
(45.018787, 19.945673, 0.0)
(45.020050, 20.010277, 0.0)
(45.035484, 20.018461, 0.0)
(45.043320, 20.028749, 0.0)
(45.114243, 20.075367, 0.0)
(45.121346, 20.078796, 0.0)
(45.126896, 20.104504, 0.0)
(45.114483, 20.094666, 0.0)
(45.106430, 20.134514, 0.0)
(45.115334, 20.141636, 0.0)
(45.085320, 20.112984, 0.0)
(45.082211, 20.095299, 0.0)
(45.081512, 20.080458, 0.0)
(45.097229, 20.106100, 0.0)
(45.083687, 20.148243, 0.0)
(45.079010, 20.146616, 0.0)
(45.066841, 20.134708, 0.0)
(45.655720, 20.875864, 0.0)
(47.868851, 23.600719, 0.0)
(48.578815, 26.151007, 0.0)
(48.662079, 28.088499, 0.0)
(48.633583, 28.751970, 0.0)
(48.617085, 28.697655, 0.0)
(48.610683, 28.664522, 0.0)
(48.767002, 28.920418, 0.0)
(48.792614, 29.002626, 0.0)
(48.768070, 28.945129, 0.0)
(48.766453, 28.945196, 0.0)
(48.755039, 28.949652, 0.0)
(48.755039, 28.949652, 0.0)
(48.749969, 28.941038, 0.0)
(48.760880, 28.937046, 0.0)
(48.768452, 28.904259, 0.0)
(48.745525, 28.879175, 0.0)
(48.739052, 28.869484, 0.0)
(48.732769, 28.866087, 0.0)
(48.749760, 28.814436, 0.0)
(48.730194, 28.860802, 0.0)
(48.771175, 29.002846, 0.0)
(48.763809, 28.995136, 0.0)
(48.756927, 28.958029, 0.0)
(48.763317, 28.987476, 0.0)
(48.765537, 28.963856, 0.0)
(48.755878, 28.937328, 0.0)
(48.756611, 28.929148, 0.0)
(48.760910, 28.928381, 0.0)
(48.756737, 28.938576, 0.0)
(48.077850, 28.180418, 0.0)
(46.219154, 25.144068, 0.0)
(46.093754, 24.746088, 0.0)
(46.158627, 24.729794, 0.0)
(46.180771, 24.728754, 0.0)
(46.193851, 24.767534, 0.0)
(46.192875, 24.703693, 0.0)
(43.948257, 25.186054, 0.0)
(41.288826, 26.116739, 0.0)
(41.296165, 26.100126, 0.0)
(41.337341, 25.989855, 0.0)
(41.317345, 25.954195, 0.0)
(41.323574, 25.920105, 0.0)
(41.334183, 25.898306, 0.0)
(41.329613, 25.889563, 0.0)
(41.318909, 25.857988, 0.0)
(41.324471, 25.859785, 0.0)
(41.309330, 25.884420, 0.0)
(41.304939, 25.839785, 0.0)
(41.317188, 25.810513, 0.0)
(41.310139, 25.842155, 0.0)
(41.310715, 25.831219, 0.0)
(41.306957, 25.842976, 0.0)
(41.302982, 25.844423, 0.0)
(41.301373, 25.836897, 0.0)
(41.306602, 25.843559, 0.0)
(41.303833, 25.853310, 0.0)
(41.295708, 25.887798, 0.0)
(41.294476, 25.879694, 0.0)
(41.290012, 25.880955, 0.0)
(41.300797, 25.889111, 0.0)
(41.313988, 25.893320, 0.0)
(41.297474, 25.890858, 0.0)
(41.282715, 25.920998, 0.0)
(41.266239, 25.918421, 0.0)
(41.223221, 25.937983, 0.0)
(41.216217, 25.935514, 0.0)
(41.229691, 25.923929, 0.0)
(41.219875, 25.920572, 0.0)
(41.217762, 25.916174, 0.0)
(41.246735, 25.924976, 0.0)
(41.235241, 25.914068, 0.0)
(41.221989, 25.907890, 0.0)
(41.226807, 25.896219, 0.0)
(41.220459, 25.919117, 0.0)
(41.239178, 25.864609, 0.0)
(42.132874, 21.982363, 0.0)
(42.631866, 20.177467, 0.0)
(42.767643, 20.361103, 0.0)
(42.814583, 20.459927, 0.0)
(42.843037, 20.496675, 0.0)
(43.149036, 20.421570, 0.0)
(43.227192, 20.391077, 0.0)
(43.201820, 20.404909, 0.0)
(43.221748, 20.421341, 0.0)
(43.208725, 20.408773, 0.0)
(43.254360, 20.455421, 0.0)
(43.242447, 20.427376, 0.0)
(43.223217, 20.415024, 0.0)
(42.841621, 20.093271, 0.0)
(42.904148, 20.352325, 0.0)
(42.915680, 20.094889, 0.0)
(42.987881, 20.250521, 0.0)
(43.067291, 20.337725, 0.0)
(43.089264, 20.371647, 0.0)
(43.142982, 20.421108, 0.0)
(43.149502, 20.428843, 0.0)
(43.163918, 20.451662, 0.0)
(43.145485, 20.479107, 0.0)
(43.143887, 20.501047, 0.0)
(43.169830, 20.533699, 0.0)
(43.200848, 20.562559, 0.0)
(43.231586, 20.595591, 0.0)
(43.234573, 20.581753, 0.0)
(43.221043, 20.583813, 0.0)
(43.211170, 20.584215, 0.0)
(43.210892, 20.578180, 0.0)
(43.209034, 20.599134, 0.0)
(43.202129, 20.603184, 0.0)
(43.205257, 20.589441, 0.0)
(43.214603, 20.585938, 0.0)
(40.627544, 20.564800, 0.0)
(36.953556, 20.510950, 0.0)
(35.849125, 20.503632, 0.0)
(35.854424, 20.478497, 0.0)
(35.880207, 20.492390, 0.0)
(35.189114, 20.444183, 0.0)
(35.144009, 20.403198, 0.0)
(35.173141, 20.411549, 0.0)
(35.188332, 20.416529, 0.0)
(35.192558, 20.397078, 0.0)
(35.186428, 20.406712, 0.0)
(35.220470, 20.371536, 0.0)
(35.237129, 20.341030, 0.0)
(35.238216, 20.331367, 0.0)
(35.238506, 20.340794, 0.0)
(35.243492, 20.343567, 0.0)
(35.252338, 20.315971, 0.0)
(35.255493, 20.318714, 0.0)
(35.266628, 20.303474, 0.0)
(35.279205, 20.282059, 0.0)
(35.293354, 20.283655, 0.0)
(35.293354, 20.283655, 0.0)
(35.278763, 20.291811, 0.0)
(35.287022, 20.260550, 0.0)
(35.119251, 20.308567, 0.0)
(35.136650, 20.318501, 0.0)
(35.139599, 20.285002, 0.0)
(35.151226, 20.290503, 0.0)
(35.153206, 20.297649, 0.0)
(35.146286, 20.312925, 0.0)
(35.149570, 20.303820, 0.0)
(35.144257, 20.308025, 0.0)
(35.148262, 20.316519, 0.0)
(35.154991, 20.313173, 0.0)
(35.159901, 20.297615, 0.0)
(35.169338, 20.307528, 0.0)
(35.181602, 20.308350, 0.0)
(35.232983, 20.288771, 0.0)
(37.683952, 21.432430, 0.0)
(38.737358, 23.339787, 0.0)
(39.103085, 25.269819, 0.0)
(39.066898, 25.131308, 0.0)
(39.022064, 24.971748, 0.0)
(39.036861, 24.929987, 0.0)
(39.504929, 24.949192, 0.0)
(39.571186, 24.922300, 0.0)
(39.517754, 24.912992, 0.0)
(39.510612, 24.889296, 0.0)
(39.529942, 24.876675, 0.0)
(39.507862, 24.846603, 0.0)
(39.477451, 24.800068, 0.0)
(39.334671, 26.129755, 0.0)
(39.325207, 27.367409, 0.0)
(39.379147, 25.555176, 0.0)
(39.402882, 24.903564, 0.0)
(39.468998, 24.585232, 0.0)
(39.464115, 24.610767, 0.0)
(39.514751, 24.675112, 0.0)
(39.456539, 24.666859, 0.0)
(39.446648, 24.677855, 0.0)
(39.467216, 24.707800, 0.0)
(39.468155, 24.708471, 0.0)
(39.482460, 24.719072, 0.0)
(39.493206, 24.709356, 0.0)
(39.484169, 24.725615, 0.0)
(39.486450, 24.725615, 0.0)
(39.500740, 24.664669, 0.0)
(39.484154, 24.697800, 0.0)
(39.484154, 24.697800, 0.0)
(39.483513, 24.659967, 0.0)
(39.500053, 24.692427, 0.0)
(39.505161, 24.698351, 0.0)
(39.514118, 24.650473, 0.0)
(39.514118, 24.650473, 0.0)
(39.511543, 24.638750, 0.0)
(40.386940, 23.711905, 0.0)
(42.540588, 20.592978, 0.0)
(42.915611, 19.319824, 0.0)
(43.033566, 19.435738, 0.0)
(43.049370, 19.527401, 0.0)
(43.050213, 19.535196, 0.0)
(43.064186, 19.522320, 0.0)
(43.040447, 19.556522, 0.0)
(43.076534, 19.559004, 0.0)
(43.052704, 19.606262, 0.0)
(43.053684, 19.654352, 0.0)
(43.363808, 19.673431, 0.0)
(43.393242, 19.669756, 0.0)
(43.392445, 19.724997, 0.0)
(43.393211, 19.720316, 0.0)
(43.414631, 19.721384, 0.0)
(43.405849, 19.698320, 0.0)
(43.384655, 19.706005, 0.0)
(43.377705, 19.731644, 0.0)
(43.386406, 19.717085, 0.0)
(43.187653, 19.550583, 0.0)
(42.715012, 19.048691, 0.0)
(42.840057, 19.225809, 0.0)
(43.077557, 19.376688, 0.0)
(43.165348, 19.463247, 0.0)
(43.174381, 19.512280, 0.0)
(43.238834, 19.556435, 0.0)
(43.243160, 19.610256, 0.0)
(43.257214, 19.659908, 0.0)
(43.256813, 19.668987, 0.0)
(43.258556, 19.694153, 0.0)
(43.254379, 19.703646, 0.0)
(43.263695, 19.727472, 0.0)
(43.272243, 19.749731, 0.0)
(43.253048, 19.762428, 0.0)
(43.242680, 19.774723, 0.0)
(43.249630, 19.735212, 0.0)
(43.214649, 19.932352, 0.0)
(43.298035, 22.085558, 0.0)
(43.394356, 22.943121, 0.0)
(43.400326, 22.944145, 0.0)
(43.396576, 22.850376, 0.0)
(43.410519, 22.840328, 0.0)
(43.408642, 22.821978, 0.0)
(43.472012, 23.012856, 0.0)
(43.426788, 23.439154, 0.0)
(43.429691, 23.419367, 0.0)
(43.440399, 23.362238, 0.0)
(43.421803, 23.341244, 0.0)
(43.423313, 23.325159, 0.0)
(43.421535, 23.329660, 0.0)
(43.426632, 23.338037, 0.0)
(43.432190, 23.358393, 0.0)
(43.420589, 23.370815, 0.0)
(43.410934, 23.348764, 0.0)
(43.411831, 23.310432, 0.0)
(43.423119, 23.341356, 0.0)
(43.432774, 23.339987, 0.0)
(43.423168, 23.295689, 0.0)
(43.422749, 23.302471, 0.0)
(43.424881, 23.299238, 0.0)
(43.425171, 23.276407, 0.0)
(43.422890, 23.300837, 0.0)
(43.419693, 23.277748, 0.0)
(43.399410, 23.270037, 0.0)
(43.415829, 23.249601, 0.0)
(43.413780, 23.222055, 0.0)
(43.416656, 23.224628, 0.0)
(43.411625, 23.218414, 0.0)
(43.416183, 23.229120, 0.0)
(43.419022, 23.231972, 0.0)
(43.403217, 23.239639, 0.0)
(43.403217, 23.239639, 0.0)
(43.398998, 23.232222, 0.0)
(43.398998, 23.232222, 0.0)
(45.280285, 24.415901, 0.0)
(46.779919, 25.127094, 0.0)
(46.840767, 25.173885, 0.0)
(46.783184, 25.151340, 0.0)
(46.788837, 25.160397, 0.0)
(46.814068, 25.138788, 0.0)
(46.979321, 25.273275, 0.0)
(46.992821, 25.324692, 0.0)
(46.971043, 25.334444, 0.0)
(46.973652, 25.350773, 0.0)
(46.966812, 25.412079, 0.0)
(46.973473, 25.425600, 0.0)
(46.984390, 25.414068, 0.0)
(47.002144, 25.449816, 0.0)
(46.977978, 25.474672, 0.0)
(46.919285, 25.468010, 0.0)
(46.909084, 25.503815, 0.0)
(46.923435, 25.506607, 0.0)
(46.939587, 25.478682, 0.0)
(46.878792, 25.403982, 0.0)
(46.841988, 25.301788, 0.0)
(46.751774, 25.261320, 0.0)
(46.603195, 26.054287, 0.0)
(46.588364, 25.488575, 0.0)
(46.630024, 25.287151, 0.0)
(46.733273, 25.368650, 0.0)
(46.794876, 25.372885, 0.0)
(46.816513, 25.376558, 0.0)
(46.820904, 25.361818, 0.0)
(46.829258, 25.329559, 0.0)
(46.832016, 25.345301, 0.0)
(46.843868, 25.364307, 0.0)
(46.832432, 25.392593, 0.0)
(46.810638, 25.375957, 0.0)
(46.821175, 25.380220, 0.0)
(46.829868, 25.359077, 0.0)
(46.832966, 25.361345, 0.0)
(46.841240, 25.359381, 0.0)
(47.092182, 25.748665, 0.0)
(48.252609, 27.123682, 0.0)
(48.286118, 27.189150, 0.0)
(48.280739, 27.074236, 0.0)
(48.266830, 27.094097, 0.0)
(48.269371, 27.090710, 0.0)
(48.273949, 27.050240, 0.0)
(48.273949, 27.050240, 0.0)
(48.255352, 27.060354, 0.0)
(48.258320, 27.063343, 0.0)
(48.252068, 27.029346, 0.0)
(48.257339, 27.000782, 0.0)
(48.254803, 27.016981, 0.0)
(48.233982, 27.033083, 0.0)
(48.226543, 27.012411, 0.0)
(48.211788, 26.988075, 0.0)
(48.234459, 26.972559, 0.0)
(48.236290, 26.981056, 0.0)
(48.236263, 26.951517, 0.0)
(48.111172, 26.882668, 0.0)
(48.126587, 26.818426, 0.0)
(48.133591, 26.812536, 0.0)
(48.128445, 26.823881, 0.0)
(48.146793, 26.830412, 0.0)
(48.118568, 26.858395, 0.0)
(48.125412, 26.862474, 0.0)
(48.128345, 26.818211, 0.0)
(48.146793, 26.831842, 0.0)
(48.145947, 26.787727, 0.0)
(48.155750, 26.796522, 0.0)
(48.170269, 26.810850, 0.0)
(48.156708, 26.806755, 0.0)
(48.139057, 26.843651, 0.0)
(48.124702, 26.833984, 0.0)
(48.142376, 26.791922, 0.0)
(48.151230, 26.803654, 0.0)
(48.157040, 26.766602, 0.0)
(48.157661, 26.786877, 0.0)
(48.157040, 26.766602, 0.0)
(49.670456, 25.723524, 0.0)
(50.170498, 25.237553, 0.0)
(50.220947, 25.338123, 0.0)
(50.239483, 25.376537, 0.0)
(50.579227, 25.370956, 0.0)
(50.625134, 25.334486, 0.0)
(50.620983, 25.290358, 0.0)
(50.612717, 25.278063, 0.0)
(50.609737, 25.248352, 0.0)
(50.628407, 25.295998, 0.0)
(50.611889, 25.318010, 0.0)
(50.604454, 25.321970, 0.0)
(50.574635, 25.329109, 0.0)
(50.566013, 25.320616, 0.0)
(50.560959, 25.243265, 0.0)
(50.660847, 25.289797, 0.0)
(50.659081, 25.248625, 0.0)
(50.637516, 25.253727, 0.0)
(50.616154, 25.269270, 0.0)
(50.620743, 25.288162, 0.0)
(50.599129, 25.272640, 0.0)
(50.601185, 25.283337, 0.0)
(50.586029, 25.301958, 0.0)
(50.576656, 25.296453, 0.0)
(50.590549, 25.303728, 0.0)
(50.618526, 25.278107, 0.0)
(50.613537, 25.295118, 0.0)
(50.627430, 25.314064, 0.0)
(50.610657, 25.313633, 0.0)
(50.603539, 25.345188, 0.0)
(50.597836, 25.309977, 0.0)
(50.581188, 25.295786, 0.0)
(50.600121, 25.285305, 0.0)
(50.599472, 25.276176, 0.0)
(50.596298, 25.283686, 0.0)
(50.599133, 25.297768, 0.0)
(50.580658, 25.261093, 0.0)
(50.323193, 25.875084, 0.0)
(50.102646, 26.847553, 0.0)
(50.065620, 27.808262, 0.0)
(50.027721, 28.255638, 0.0)
(50.044273, 28.315046, 0.0)
(50.042740, 28.321844, 0.0)
(50.052536, 28.329952, 0.0)
(50.103123, 28.549580, 0.0)
(50.121098, 28.570002, 0.0)
(50.114368, 28.546181, 0.0)
(50.133636, 28.557718, 0.0)
(50.110641, 28.547503, 0.0)
(50.105629, 28.551739, 0.0)
(50.103096, 28.524763, 0.0)
(50.106579, 28.520126, 0.0)
(50.103695, 28.536352, 0.0)
(50.086304, 28.525620, 0.0)
(50.096390, 28.472353, 0.0)
(50.066856, 28.511234, 0.0)
(50.076691, 28.486258, 0.0)
(50.070183, 28.510748, 0.0)
(50.053486, 28.510359, 0.0)
(50.057228, 28.529354, 0.0)
(49.840984, 28.404451, 0.0)
(49.878567, 28.368738, 0.0)
(49.905678, 28.369329, 0.0)
(49.907570, 28.358892, 0.0)
(49.924026, 28.370321, 0.0)
(49.927399, 28.334867, 0.0)
(49.923611, 28.364742, 0.0)
(49.905800, 28.366055, 0.0)
(49.930225, 28.312870, 0.0)
(49.929092, 28.296989, 0.0)
(49.952637, 28.260050, 0.0)
(49.945156, 28.247435, 0.0)
(49.933922, 28.236521, 0.0)
(49.939507, 28.241680, 0.0)
(49.931004, 28.229691, 0.0)
(49.618931, 28.066523, 0.0)
(45.764664, 24.163898, 0.0)
(42.944416, 22.421738, 0.0)
(43.089050, 22.400898, 0.0)
(43.138973, 22.405952, 0.0)
(43.155773, 22.374691, 0.0)
(43.175827, 22.362083, 0.0)
(43.206108, 22.351446, 0.0)
(43.196079, 22.309544, 0.0)
(43.040302, 22.807987, 0.0)
(43.526306, 23.551874, 0.0)
(43.191479, 22.332937, 0.0)
(43.173069, 22.106787, 0.0)
(43.273781, 22.188271, 0.0)
(43.307751, 22.224653, 0.0)
(43.347961, 22.221418, 0.0)
(43.379044, 22.229755, 0.0)
(43.396183, 22.233719, 0.0)
(43.415359, 22.236502, 0.0)
(43.426838, 22.293440, 0.0)
(43.430164, 22.279192, 0.0)
(43.421902, 22.281597, 0.0)
(43.438274, 22.295818, 0.0)
(43.438274, 22.295818, 0.0)
(43.452091, 22.306374, 0.0)
(43.460110, 22.311438, 0.0)
(43.469723, 22.308994, 0.0)
(43.479801, 22.306770, 0.0)
(43.443783, 22.321787, 0.0)
(43.466194, 22.291826, 0.0)
(43.476219, 22.293077, 0.0)
(43.499413, 22.290045, 0.0)
(43.499413, 22.290045, 0.0)
(43.489971, 22.302921, 0.0)
(43.472843, 22.296408, 0.0)
(43.466526, 22.285086, 0.0)
(43.813473, 22.232603, 0.0)
(46.891930, 21.352678, 0.0)
(48.017860, 20.723408, 0.0)
(48.232216, 20.785614, 0.0)
(48.189358, 20.790981, 0.0)
(48.261940, 20.762777, 0.0)
(48.705383, 20.696054, 0.0)
(48.720150, 20.714890, 0.0)
(48.688557, 20.698832, 0.0)
(48.693516, 20.719158, 0.0)
(48.654938, 20.711706, 0.0)
(48.646873, 20.719000, 0.0)
(48.606823, 20.685339, 0.0)
(48.565018, 20.641069, 0.0)
(48.571022, 20.690752, 0.0)
(48.510078, 20.609419, 0.0)
(48.491474, 20.612503, 0.0)
(48.474312, 20.610228, 0.0)
(48.467594, 20.628105, 0.0)
(48.409431, 20.604364, 0.0)
(48.376583, 20.605524, 0.0)
(48.344166, 20.604959, 0.0)
(48.280872, 20.571058, 0.0)
(48.040386, 20.446671, 0.0)
(48.072464, 20.425694, 0.0)
(48.214355, 20.594231, 0.0)
(48.205605, 20.620714, 0.0)
(48.228680, 20.628721, 0.0)
(48.207611, 20.641666, 0.0)
(48.194077, 20.616341, 0.0)
(48.185696, 20.579876, 0.0)
(48.250500, 20.620642, 0.0)
(48.208431, 20.615685, 0.0)
(48.207699, 20.608646, 0.0)
(48.216396, 20.601046, 0.0)
(48.195839, 20.583065, 0.0)
(48.220852, 20.586765, 0.0)
(48.124615, 20.523001, 0.0)
(43.293606, 19.531109, 0.0)
(39.473495, 18.856564, 0.0)
(38.890995, 19.063286, 0.0)
(39.040859, 19.058809, 0.0)
(39.134636, 19.039093, 0.0)
(39.152214, 19.021479, 0.0)
(39.187447, 19.006248, 0.0)
(39.171951, 18.981390, 0.0)
(39.004292, 18.970045, 0.0)
(38.869816, 20.474455, 0.0)
(38.603043, 18.426979, 0.0)
(38.718544, 18.492731, 0.0)
(38.793484, 18.635929, 0.0)
(38.816387, 18.701904, 0.0)
(38.840115, 18.751453, 0.0)
(38.846867, 18.767082, 0.0)
(38.848915, 18.781031, 0.0)
(38.908356, 18.804096, 0.0)
(38.909401, 18.795578, 0.0)
(38.945259, 18.805929, 0.0)
(38.945103, 18.810629, 0.0)
(38.948395, 18.817795, 0.0)
(38.992458, 18.799908, 0.0)
(38.992458, 18.799908, 0.0)
(38.990917, 18.798168, 0.0)
(38.974792, 18.797337, 0.0)
(38.931763, 18.701502, 0.0)
(38.941887, 18.887779, 0.0)
(39.366997, 19.942347, 0.0)
(39.456516, 20.216091, 0.0)
(39.447075, 20.179678, 0.0)
(39.449100, 20.169209, 0.0)
(39.457890, 20.152281, 0.0)
(39.469967, 20.151333, 0.0)
(39.430405, 20.175320, 0.0)
(39.427479, 20.195601, 0.0)
(39.425781, 20.189396, 0.0)
(36.243767, 20.361109, 0.0)
(35.533962, 20.189116, 0.0)
(35.506508, 20.186661, 0.0)
(35.528797, 20.200979, 0.0)
(35.478649, 19.931557, 0.0)
(35.341042, 19.585331, 0.0)
(35.293308, 19.578165, 0.0)
(35.293308, 19.578165, 0.0)
(35.304432, 19.574726, 0.0)
(35.321957, 19.579611, 0.0)
(35.323303, 19.566429, 0.0)
(35.304646, 19.542641, 0.0)
(35.295769, 19.537407, 0.0)
(35.316582, 19.510910, 0.0)
(35.319820, 19.501072, 0.0)
(35.282127, 19.484751, 0.0)
(35.273605, 19.461416, 0.0)
(35.290600, 19.447721, 0.0)
(35.311100, 19.465567, 0.0)
(35.315228, 19.474794, 0.0)
(35.331215, 19.470385, 0.0)
(35.330620, 19.502666, 0.0)
(35.333977, 19.535936, 0.0)
(35.308460, 19.536037, 0.0)
(35.286327, 19.573437, 0.0)
(35.303406, 19.558929, 0.0)
(35.352337, 19.566401, 0.0)
(35.376717, 19.576471, 0.0)
(35.410469, 19.586615, 0.0)
(35.387043, 19.613321, 0.0)
(35.385830, 19.606558, 0.0)
(35.383327, 19.616339, 0.0)
(35.384995, 19.620085, 0.0)
(35.360924, 19.645235, 0.0)
(35.355484, 19.650846, 0.0)
(35.389664, 19.661253, 0.0)
(35.398785, 19.671200, 0.0)
(35.404984, 19.654589, 0.0)
(36.019081, 19.802214, 0.0)
(37.010769, 20.685007, 0.0)
(37.909164, 23.303297, 0.0)
(39.017895, 26.026871, 0.0)
(39.593391, 27.339361, 0.0)
(39.586670, 27.168785, 0.0)
(39.539593, 26.964252, 0.0)
(39.642387, 27.201206, 0.0)
(39.812576, 27.843191, 0.0)
(39.809078, 27.806610, 0.0)
(39.786255, 27.778437, 0.0)
(39.776009, 27.727667, 0.0)
(39.752022, 27.654306, 0.0)
(39.731125, 27.590218, 0.0)
(39.710442, 27.614542, 0.0)
(39.736111, 27.564482, 0.0)
(39.735546, 27.562733, 0.0)
(39.707561, 27.553135, 0.0)
(39.629181, 27.662489, 0.0)
(39.640644, 27.677973, 0.0)
(39.639946, 27.645182, 0.0)
(39.607079, 27.586456, 0.0)
(39.571972, 27.554472, 0.0)
(39.552540, 27.574306, 0.0)
(39.564941, 27.533312, 0.0)
(39.546516, 27.550997, 0.0)
(39.541897, 27.557205, 0.0)
(39.555283, 27.537888, 0.0)
(39.536358, 27.528076, 0.0)
(39.548779, 27.510622, 0.0)
(39.543530, 27.492420, 0.0)
(39.530575, 27.509060, 0.0)
(39.518074, 27.515135, 0.0)
(39.528595, 27.504057, 0.0)
(39.539654, 27.457108, 0.0)
(39.539879, 27.492226, 0.0)
(39.558167, 27.479509, 0.0)
(38.555103, 26.721487, 0.0)
(36.362183, 23.959831, 0.0)
(36.259613, 23.640766, 0.0)
(36.266308, 23.688736, 0.0)
(36.265526, 23.654329, 0.0)
(36.265217, 23.668745, 0.0)
(35.969669, 23.778517, 0.0)
(35.931419, 23.792368, 0.0)
(35.945690, 23.781610, 0.0)
(35.929474, 23.788107, 0.0)
(35.927097, 23.756886, 0.0)
(35.939884, 23.740616, 0.0)
(35.935879, 23.739573, 0.0)
(35.919498, 23.747725, 0.0)
(35.929241, 23.724972, 0.0)
(35.925362, 23.720547, 0.0)
(35.923836, 23.680000, 0.0)
(35.918091, 23.677904, 0.0)
(35.912495, 23.673042, 0.0)
(35.917892, 23.669857, 0.0)
(35.910645, 23.691668, 0.0)
(35.888680, 23.710920, 0.0)
(35.878510, 23.678997, 0.0)
(35.877853, 23.664335, 0.0)
(35.869862, 23.641512, 0.0)
(35.907345, 23.657381, 0.0)
(35.904572, 23.681492, 0.0)
(35.898777, 23.687897, 0.0)
(35.888374, 23.680824, 0.0)
(35.895828, 23.670868, 0.0)
(35.904579, 23.669897, 0.0)
(35.896008, 23.660809, 0.0)
(35.914459, 23.659763, 0.0)
(35.929710, 23.651934, 0.0)
(35.952179, 23.630486, 0.0)
(35.946339, 23.640215, 0.0)
(35.937149, 23.637022, 0.0)
(35.953861, 23.626835, 0.0)
(35.941486, 23.618153, 0.0)
(35.354530, 21.704697, 0.0)
(35.039230, 19.844410, 0.0)
(34.798916, 19.020622, 0.0)
(34.804813, 19.179708, 0.0)
(34.816757, 19.330437, 0.0)
(34.821850, 19.413311, 0.0)
(34.041950, 19.676901, 0.0)
(33.996136, 19.688389, 0.0)
(34.018036, 19.688021, 0.0)
(34.008682, 19.696993, 0.0)
(33.998177, 19.684332, 0.0)
(33.988033, 19.716850, 0.0)
(34.001350, 19.741756, 0.0)
(33.985374, 19.733635, 0.0)
(34.004665, 19.716059, 0.0)
(34.021160, 19.732973, 0.0)
(34.025745, 19.751774, 0.0)
(34.036564, 19.756708, 0.0)
(34.023018, 19.811054, 0.0)
(34.013412, 19.801949, 0.0)
(34.000538, 19.808586, 0.0)
(34.004608, 19.790060, 0.0)
(34.009171, 19.778957, 0.0)
(34.020084, 19.797903, 0.0)
(34.029953, 19.823076, 0.0)
(34.026562, 19.853041, 0.0)
(34.011333, 19.873556, 0.0)
(34.016682, 19.877357, 0.0)
(34.013321, 19.881256, 0.0)
(34.001099, 19.902020, 0.0)
(33.968529, 19.927069, 0.0)
(33.981064, 19.914221, 0.0)
(33.991760, 19.953421, 0.0)
(34.003769, 19.959881, 0.0)
(34.050011, 19.951170, 0.0)
(34.063427, 19.931477, 0.0)
(34.090401, 19.928442, 0.0)
(34.089527, 19.887705, 0.0)
(34.029900, 19.847368, 0.0)
(34.995361, 19.787966, 0.0)
(37.491249, 20.708488, 0.0)
(39.670872, 21.690147, 0.0)
(40.536476, 22.239643, 0.0)
(40.585541, 22.164373, 0.0)
(40.553082, 22.076584, 0.0)
(40.570736, 22.064754, 0.0)
(44.663742, 24.170254, 0.0)
(48.101212, 26.035851, 0.0)
(49.567097, 26.789600, 0.0)
(49.683113, 26.768082, 0.0)
(49.676563, 26.716961, 0.0)
(50.119797, 26.945673, 0.0)
(50.420387, 26.955111, 0.0)
(50.418499, 26.970770, 0.0)
(50.413387, 26.976908, 0.0)
(50.407772, 27.029264, 0.0)
(50.403042, 27.021170, 0.0)
(50.392941, 27.011562, 0.0)
(50.412266, 27.034113, 0.0)
(50.411331, 27.033102, 0.0)
(50.388496, 27.086704, 0.0)
(50.520073, 27.207640, 0.0)
(50.507507, 27.249865, 0.0)
(50.482914, 27.214312, 0.0)
(50.489296, 27.226580, 0.0)
(50.484577, 27.229906, 0.0)
(50.478184, 27.217747, 0.0)
(50.474365, 27.212851, 0.0)
(50.468060, 27.221317, 0.0)
(50.468555, 27.229492, 0.0)
(50.466068, 27.235367, 0.0)
(50.476692, 27.251350, 0.0)
(50.449139, 27.261944, 0.0)
(50.432911, 27.231236, 0.0)
(50.429737, 27.189390, 0.0)
(50.124180, 26.687056, 0.0)
(50.212326, 23.545469, 0.0)
(50.389160, 22.489298, 0.0)
(50.467133, 22.333794, 0.0)
(0.000000, 0.000000, 1.0)
(50.067616, 21.357748, 0.0)
(44.965580, 19.248901, 0.0)
(41.091381, 18.506828, 0.0)
(39.098198, 18.815517, 0.0)
(38.539089, 18.965191, 0.0)
(38.633083, 18.940208, 0.0)
(38.667717, 18.920248, 0.0)
(38.734184, 18.932934, 0.0)
(39.093899, 19.230085, 0.0)
(39.167763, 19.414232, 0.0)
(39.177959, 19.376081, 0.0)
(39.058430, 19.367563, 0.0)
(38.956711, 19.636864, 0.0)
(38.856842, 19.122675, 0.0)
(39.020958, 18.876829, 0.0)
(39.085949, 19.000240, 0.0)
(39.144363, 19.001839, 0.0)
(39.177174, 19.018436, 0.0)
(39.205330, 19.015776, 0.0)
(39.249020, 19.021627, 0.0)
(39.280449, 19.026810, 0.0)
(39.267834, 19.021269, 0.0)
(39.278839, 19.044302, 0.0)
(39.267834, 19.021269, 0.0)
(39.303940, 19.041529, 0.0)
(39.268295, 19.031809, 0.0)
(39.274639, 19.037870, 0.0)
(39.278877, 19.029737, 0.0)
(39.290821, 19.034191, 0.0)
(39.295425, 19.033669, 0.0)
(39.302555, 19.034470, 0.0)
(39.333649, 19.044142, 0.0)
(39.311012, 19.033962, 0.0)
(39.285149, 19.029497, 0.0)
(39.278122, 19.018644, 0.0)
(39.308067, 18.976946, 0.0)
(39.290638, 18.980988, 0.0)
(40.726921, 19.648392, 0.0)
(44.053047, 21.286049, 0.0)
(44.046062, 21.197472, 0.0)
(44.021111, 21.114191, 0.0)
(44.029060, 21.066854, 0.0)
(43.971306, 21.041334, 0.0)
(43.641685, 20.979280, 0.0)
(43.315361, 20.572548, 0.0)
(43.433594, 20.763292, 0.0)
(43.560146, 20.875011, 0.0)
(43.619350, 20.879873, 0.0)
(43.675575, 20.927492, 0.0)
(43.688763, 20.924955, 0.0)
(43.719017, 20.957972, 0.0)
(43.702713, 20.966135, 0.0)
(43.703960, 20.989145, 0.0)
(43.710857, 20.978281, 0.0)
(43.729179, 20.992981, 0.0)
(43.731457, 21.021317, 0.0)
(43.732025, 20.996052, 0.0)
(43.732567, 20.991713, 0.0)
(43.712616, 20.993305, 0.0)
(43.704086, 20.969542, 0.0)
(43.561214, 20.921343, 0.0)
(43.519661, 20.928213, 0.0)
(43.527390, 20.939783, 0.0)
(43.557476, 20.943275, 0.0)
(43.567169, 20.947210, 0.0)
(43.575485, 20.953890, 0.0)
(43.585449, 20.945951, 0.0)
(43.579086, 20.939167, 0.0)
(43.576923, 20.950161, 0.0)
(43.578518, 20.959862, 0.0)
(43.563396, 20.951492, 0.0)
(43.549812, 20.921352, 0.0)
(43.550705, 20.904434, 0.0)
(43.576366, 20.942223, 0.0)
(43.576321, 20.934669, 0.0)
(43.561333, 20.940100, 0.0)
(40.122242, 21.842171, 0.0)
(37.779701, 22.772665, 0.0)
(37.775753, 22.789412, 0.0)
(37.796757, 22.722155, 0.0)
(37.783821, 22.700542, 0.0)
(37.775818, 22.696058, 0.0)
(37.776096, 22.685270, 0.0)
(37.677044, 22.914558, 0.0)
(37.676655, 22.933754, 0.0)
(37.693810, 22.884892, 0.0)
(37.686245, 22.868496, 0.0)
(37.671497, 22.883860, 0.0)
(37.628246, 22.882521, 0.0)
(37.614548, 22.862890, 0.0)
(37.634399, 22.810257, 0.0)
(37.643238, 22.782461, 0.0)
(37.628105, 22.815678, 0.0)
(37.647030, 22.793344, 0.0)
(37.634304, 22.810675, 0.0)
(37.615837, 22.818336, 0.0)
(37.622837, 22.810257, 0.0)
(37.606800, 22.845816, 0.0)
(37.532707, 22.881536, 0.0)
(37.584522, 22.892935, 0.0)
(37.796318, 22.920856, 0.0)
(37.803112, 22.912504, 0.0)
(37.815491, 22.927246, 0.0)
(37.787697, 22.928284, 0.0)
(37.796947, 22.938066, 0.0)
(37.821598, 22.930592, 0.0)
(37.798340, 22.904474, 0.0)
(37.765987, 22.896051, 0.0)
(37.778301, 22.892307, 0.0)
(37.775288, 22.877756, 0.0)
(37.767776, 22.907867, 0.0)
(37.777954, 22.901621, 0.0)
(37.783478, 22.881203, 0.0)
(37.780693, 22.872875, 0.0)
(35.909817, 24.655340, 0.0)
(35.271458, 26.259216, 0.0)
(35.020203, 26.699337, 0.0)
(34.974377, 26.624687, 0.0)
(34.973682, 26.594883, 0.0)
(34.968151, 26.563984, 0.0)
(34.963409, 26.544258, 0.0)
(35.162216, 26.619822, 0.0)
(35.211536, 26.603485, 0.0)
(35.185081, 26.546009, 0.0)
(35.155651, 26.563856, 0.0)
(35.170288, 26.531353, 0.0)
(35.149998, 26.491508, 0.0)
(35.169586, 26.476847, 0.0)
(35.185768, 26.441727, 0.0)
(35.185562, 26.439247, 0.0)
(35.168285, 26.428949, 0.0)
(35.165195, 26.429369, 0.0)
(35.176540, 26.378525, 0.0)
(35.167145, 26.386396, 0.0)
(35.171947, 26.398451, 0.0)
(35.166744, 26.371304, 0.0)
(35.179100, 26.364578, 0.0)
(35.181503, 26.349293, 0.0)
(35.189209, 26.337475, 0.0)
(35.217400, 26.338461, 0.0)
(35.199802, 26.335491, 0.0)
(35.181801, 26.338461, 0.0)
(35.170792, 26.335161, 0.0)
(35.191814, 26.325138, 0.0)
(35.177120, 26.320572, 0.0)
(35.187386, 26.302965, 0.0)
(35.188503, 26.278254, 0.0)
(35.187695, 26.283318, 0.0)
(35.198105, 26.279411, 0.0)
(35.198105, 26.279411, 0.0)
(35.424892, 26.147837, 0.0)
(39.440430, 24.762049, 0.0)
(39.580196, 24.884325, 0.0)
(39.588100, 24.854252, 0.0)
(39.619423, 24.839277, 0.0)
(39.661709, 24.810804, 0.0)
(39.666862, 24.818211, 0.0)
(39.806625, 25.057022, 0.0)
(39.816036, 25.094105, 0.0)
(39.800720, 25.091009, 0.0)
(39.784767, 25.088301, 0.0)
(39.800327, 25.060671, 0.0)
(39.808659, 25.061539, 0.0)
(39.815853, 25.058525, 0.0)
(39.830048, 25.063454, 0.0)
(39.816498, 25.053896, 0.0)
(39.817909, 25.045137, 0.0)
(39.801716, 25.040249, 0.0)
(39.824207, 25.048565, 0.0)
(39.801716, 25.040249, 0.0)
(39.809502, 25.048244, 0.0)
(39.799576, 25.022663, 0.0)
(39.805779, 25.046387, 0.0)
(39.799152, 25.048777, 0.0)
(39.807873, 25.055676, 0.0)
(39.807873, 25.055676, 0.0)
(39.814041, 25.062599, 0.0)
(39.797810, 25.051901, 0.0)
(39.763306, 25.055422, 0.0)
(39.777462, 25.054815, 0.0)
(39.772861, 25.067923, 0.0)
(39.790722, 25.077600, 0.0)
(39.814304, 25.101458, 0.0)
(39.840183, 25.114416, 0.0)
(39.833065, 25.117294, 0.0)
(39.814919, 25.113483, 0.0)
(39.822285, 25.134787, 0.0)
(39.821575, 25.150526, 0.0)
(39.809631, 25.179119, 0.0)
(41.890331, 25.935640, 0.0)
(44.948425, 27.320086, 0.0)
(44.969738, 27.333635, 0.0)
(44.921715, 27.255613, 0.0)
(44.902985, 27.252012, 0.0)
(44.909714, 27.242933, 0.0)
(44.898952, 27.218876, 0.0)
(44.884884, 27.176291, 0.0)
(45.147213, 27.223881, 0.0)
(45.226135, 27.200001, 0.0)
(45.204037, 27.172771, 0.0)
(45.203770, 27.151018, 0.0)
(45.186199, 27.128035, 0.0)
(45.181786, 27.111460, 0.0)
(45.161644, 27.096174, 0.0)
(45.169044, 27.073469, 0.0)
(45.145721, 27.090143, 0.0)
(45.144375, 27.105434, 0.0)
(45.131531, 27.094191, 0.0)
(45.143383, 27.095858, 0.0)
(45.149914, 27.117949, 0.0)
(45.150326, 27.094980, 0.0)
(45.161331, 27.088884, 0.0)
(45.167183, 27.100969, 0.0)
(45.136047, 27.095638, 0.0)
(45.124626, 27.099703, 0.0)
(45.130810, 27.055408, 0.0)
(45.134853, 27.040491, 0.0)
(45.143448, 27.054054, 0.0)
(45.135574, 27.048338, 0.0)
(45.137505, 26.994234, 0.0)
(45.133904, 26.968475, 0.0)
(45.134861, 26.953846, 0.0)
(45.142029, 26.969748, 0.0)
(45.146553, 27.018164, 0.0)
(45.155426, 26.979708, 0.0)
(45.183372, 26.954155, 0.0)
(43.943054, 26.095158, 0.0)
(39.744064, 22.502291, 0.0)
(37.144680, 21.180559, 0.0)
(37.049187, 21.247540, 0.0)
(37.068115, 21.289253, 0.0)
(36.147411, 20.805876, 0.0)
(35.529469, 20.303196, 0.0)
(35.501759, 20.335962, 0.0)
(35.479385, 20.386597, 0.0)
(35.462349, 20.376110, 0.0)
(35.435055, 20.351908, 0.0)
(35.422714, 20.367144, 0.0)
(35.417519, 20.380558, 0.0)
(35.435402, 20.353767, 0.0)
(35.614937, 20.343891, 0.0)
(35.655197, 20.383944, 0.0)
(35.632488, 20.369341, 0.0)
(35.649548, 20.352966, 0.0)
(35.673092, 20.341856, 0.0)
(35.674953, 20.364780, 0.0)
(35.684406, 20.391232, 0.0)
(35.681335, 20.410503, 0.0)
(35.696590, 20.420723, 0.0)
(35.685627, 20.411160, 0.0)
(35.662994, 20.409874, 0.0)
(35.665707, 20.400309, 0.0)
(35.674881, 20.392805, 0.0)
(35.682388, 20.383844, 0.0)
(35.675114, 20.368835, 0.0)
(35.673328, 20.378298, 0.0)
(35.665764, 20.377558, 0.0)
(35.672153, 20.404583, 0.0)
(35.689114, 20.403708, 0.0)
(35.684811, 20.412426, 0.0)
(35.677532, 20.428221, 0.0)
(35.695084, 20.423189, 0.0)
(35.714947, 20.430769, 0.0)
(35.735310, 20.421638, 0.0)
(35.770584, 20.437733, 0.0)
(40.145290, 20.937634, 0.0)
(43.729443, 23.409830, 0.0)
(46.526428, 26.675356, 0.0)
(47.529282, 28.137039, 0.0)
(47.542454, 28.140854, 0.0)
(47.482616, 27.997885, 0.0)
(47.471714, 27.953012, 0.0)
(46.801949, 27.783699, 0.0)
(46.800991, 27.745731, 0.0)
(46.823563, 27.731855, 0.0)
(46.813103, 27.708376, 0.0)
(46.808052, 27.679552, 0.0)
(46.780918, 27.675314, 0.0)
(46.746235, 27.735323, 0.0)
(46.756672, 27.696709, 0.0)
(46.734886, 27.661934, 0.0)
(46.657623, 27.673100, 0.0)
(46.647316, 27.683275, 0.0)
(46.640583, 27.645866, 0.0)
(46.635475, 27.629801, 0.0)
(46.643894, 27.618391, 0.0)
(46.622604, 27.602814, 0.0)
(46.598770, 27.637859, 0.0)
(46.589302, 27.599005, 0.0)
(46.593693, 27.597363, 0.0)
(46.584892, 27.597795, 0.0)
(46.617493, 27.612669, 0.0)
(46.627663, 27.627129, 0.0)
(46.610569, 27.639612, 0.0)
(46.600368, 27.623892, 0.0)
(46.604813, 27.575191, 0.0)
(46.600086, 27.560476, 0.0)
(46.600086, 27.560476, 0.0)
(46.600773, 27.561815, 0.0)
(46.584057, 27.513784, 0.0)
(46.599792, 27.505812, 0.0)
(46.588161, 27.482206, 0.0)
(46.378456, 27.356226, 0.0)
(41.878712, 23.873943, 0.0)
(38.010170, 22.301600, 0.0)
(36.101852, 22.168995, 0.0)
(36.045925, 22.098253, 0.0)
(36.100815, 22.148577, 0.0)
(35.280441, 22.424076, 0.0)
(34.599670, 22.574957, 0.0)
(34.574780, 22.582397, 0.0)
(34.559738, 22.573082, 0.0)
(34.564156, 22.552347, 0.0)
(34.571915, 22.525249, 0.0)
(34.479073, 22.388569, 0.0)
(34.388573, 22.439812, 0.0)
(34.366211, 21.979004, 0.0)
(34.405888, 22.023827, 0.0)
(34.496319, 22.098303, 0.0)
(34.531635, 22.203583, 0.0)
(34.506676, 22.243395, 0.0)
(34.491093, 22.249947, 0.0)
(34.509708, 22.233171, 0.0)
(34.530743, 22.265734, 0.0)
(34.557884, 22.269499, 0.0)
(34.555992, 22.276922, 0.0)
(34.541504, 22.279196, 0.0)
(34.542858, 22.266556, 0.0)
(34.541515, 22.265631, 0.0)
(34.528782, 22.260250, 0.0)
(34.539352, 22.244987, 0.0)
(34.543076, 22.240963, 0.0)
(34.538845, 22.250168, 0.0)
(34.557743, 22.238625, 0.0)
(34.576561, 22.232822, 0.0)
(34.576561, 22.232822, 0.0)
(34.604404, 22.203300, 0.0)
(34.612858, 22.201586, 0.0)
(35.586281, 22.702930, 0.0)
(35.663219, 22.717539, 0.0)
(35.647907, 22.652193, 0.0)
(35.660744, 22.627947, 0.0)
(35.661694, 22.614775, 0.0)
(35.705399, 22.616768, 0.0)
(35.733524, 22.614182, 0.0)
(35.754505, 22.624334, 0.0)
(35.899403, 22.791746, 0.0)
(35.936993, 22.800415, 0.0)
(35.940136, 22.814802, 0.0)
(35.946133, 22.795958, 0.0)
(35.948860, 22.802557, 0.0)
(35.960804, 22.827478, 0.0)
(35.958382, 22.827879, 0.0)
(35.974884, 22.825626, 0.0)
(35.986176, 22.849163, 0.0)
(35.982422, 22.853407, 0.0)
(35.982452, 22.873087, 0.0)
(36.011864, 22.883165, 0.0)
(35.975101, 22.928825, 0.0)
(35.935970, 22.947422, 0.0)
(35.935024, 22.942757, 0.0)
(35.938152, 22.939436, 0.0)
(35.945198, 22.934126, 0.0)
(35.942833, 22.945732, 0.0)
(35.942833, 22.945732, 0.0)
(35.952461, 22.936083, 0.0)
(35.955769, 22.914381, 0.0)
(35.958981, 22.905298, 0.0)
(35.946796, 22.899586, 0.0)
(35.946461, 22.923571, 0.0)
(35.938725, 22.935360, 0.0)
(35.933376, 22.917604, 0.0)
(35.939957, 22.914686, 0.0)
(35.961605, 22.884306, 0.0)
(36.222626, 22.868332, 0.0)
(41.446552, 22.576185, 0.0)
(45.421612, 23.488827, 0.0)
(47.018841, 24.058746, 0.0)
(47.031696, 24.034157, 0.0)
(47.012863, 23.991386, 0.0)
(47.021523, 24.006416, 0.0)
(47.043228, 24.026276, 0.0)
(47.278797, 23.956394, 0.0)
(47.269333, 23.924715, 0.0)
(47.239910, 23.964367, 0.0)
(47.235165, 23.916769, 0.0)
(47.241825, 23.933411, 0.0)
(47.236862, 23.965275, 0.0)
(47.252274, 23.970140, 0.0)
(47.243469, 23.983753, 0.0)
(47.262726, 23.967245, 0.0)
(47.255051, 23.933844, 0.0)
(46.983742, 23.704184, 0.0)
(46.894852, 24.666147, 0.0)
(46.868332, 24.071743, 0.0)
(46.949684, 23.606052, 0.0)
(46.997059, 23.520712, 0.0)
(47.056499, 23.535421, 0.0)
(47.084900, 23.533173, 0.0)
(47.090176, 23.580879, 0.0)
(47.097347, 23.584238, 0.0)
(47.092827, 23.585068, 0.0)
(47.086960, 23.596182, 0.0)
(47.075649, 23.593243, 0.0)
(47.090199, 23.573084, 0.0)
(47.086082, 23.572538, 0.0)
(47.078804, 23.575872, 0.0)
(47.092125, 23.561443, 0.0)
(47.094753, 23.535091, 0.0)
(47.090557, 23.544353, 0.0)
(47.088871, 23.542049, 0.0)
(47.088871, 23.533787, 0.0)
(47.154671, 23.572140, 0.0)
(49.369537, 25.758501, 0.0)
(49.712715, 25.914610, 0.0)
(49.697128, 25.843760, 0.0)
(49.700806, 25.847580, 0.0)
(49.721237, 25.869619, 0.0)
(48.696190, 25.239193, 0.0)
(44.587173, 22.488070, 0.0)
(43.285633, 21.670748, 0.0)
(43.392700, 21.696600, 0.0)
(43.438057, 21.714672, 0.0)
(43.457439, 21.729616, 0.0)
(43.480900, 21.720831, 0.0)
(43.536140, 21.713820, 0.0)
(43.586655, 21.698605, 0.0)
(43.602173, 21.689762, 0.0)
(43.594936, 21.699932, 0.0)
(43.381588, 21.516470, 0.0)
(42.963043, 21.245647, 0.0)
(42.878452, 21.133774, 0.0)
(42.941753, 21.184446, 0.0)
(42.934792, 21.234428, 0.0)
(42.952171, 21.242386, 0.0)
(42.960823, 21.267366, 0.0)
(42.978565, 21.299038, 0.0)
(42.994072, 21.312025, 0.0)
(42.949535, 21.319553, 0.0)
(42.943504, 21.369617, 0.0)
(42.925900, 21.368715, 0.0)
(42.933495, 21.371288, 0.0)
(42.931725, 21.377100, 0.0)
(42.911945, 21.376204, 0.0)
(43.032837, 21.628096, 0.0)
(43.072361, 21.640673, 0.0)
(43.066334, 21.651218, 0.0)
(43.033890, 21.639215, 0.0)
(43.042591, 21.648838, 0.0)
(43.072456, 21.679916, 0.0)
(45.381397, 23.150167, 0.0)
(48.980453, 25.837914, 0.0)
(49.370312, 26.023783, 0.0)
(49.371273, 26.025349, 0.0)
(49.339520, 25.978668, 0.0)
(49.475143, 26.052692, 0.0)
(49.765438, 26.058704, 0.0)
(49.762363, 26.023932, 0.0)
(49.750877, 26.013474, 0.0)
(49.742119, 26.012718, 0.0)
(49.753426, 26.003794, 0.0)
(49.738010, 25.975731, 0.0)
(49.718990, 25.996964, 0.0)
(49.731808, 26.045801, 0.0)
(49.742916, 26.044695, 0.0)
(49.731422, 26.063292, 0.0)
(49.729221, 26.065338, 0.0)
(49.732788, 26.089306, 0.0)
(49.732208, 26.081211, 0.0)
(49.734341, 26.068453, 0.0)
(49.730690, 26.056997, 0.0)
(49.731293, 26.064901, 0.0)
(49.734245, 26.015604, 0.0)
(49.739326, 25.983126, 0.0)
(49.750988, 25.996092, 0.0)
(49.746647, 26.002003, 0.0)
(49.730183, 25.984825, 0.0)
(49.729427, 26.000771, 0.0)
(49.725456, 25.982853, 0.0)
(49.715771, 25.954165, 0.0)
(49.710724, 25.941751, 0.0)
(49.707157, 25.943319, 0.0)
(49.710724, 25.941751, 0.0)
(49.730003, 25.952511, 0.0)
(49.710724, 25.941751, 0.0)
(49.710724, 25.941751, 0.0)
(49.710724, 25.941751, 0.0)
(46.642380, 25.935530, 0.0)
(45.579384, 26.202261, 0.0)
(45.533630, 26.151398, 0.0)
(45.560066, 26.073372, 0.0)
(45.277729, 26.310890, 0.0)
(45.250320, 26.365812, 0.0)
(45.250008, 26.299353, 0.0)
(45.249111, 26.283651, 0.0)
(45.242161, 26.279869, 0.0)
(45.244919, 26.251160, 0.0)
(45.259377, 26.230114, 0.0)
(45.247997, 26.242111, 0.0)
(45.238575, 26.222643, 0.0)
(45.238575, 26.222643, 0.0)
(45.249115, 26.179888, 0.0)
(45.258526, 26.142878, 0.0)
(45.247803, 26.134113, 0.0)
(45.230053, 26.100281, 0.0)
(45.241592, 26.086683, 0.0)
(45.239643, 26.094629, 0.0)
(45.212433, 26.097580, 0.0)
(45.213638, 26.082066, 0.0)
(45.224312, 26.063740, 0.0)
(45.228561, 26.064995, 0.0)
(45.231598, 26.085609, 0.0)
(45.229958, 26.070234, 0.0)
(45.228561, 26.064995, 0.0)
(45.210869, 26.071104, 0.0)
(45.208675, 26.068518, 0.0)
(45.201851, 26.086063, 0.0)
(45.199852, 26.092634, 0.0)
(45.198624, 26.102455, 0.0)
(45.195415, 26.122713, 0.0)
(45.201950, 26.123560, 0.0)
(45.198544, 26.119267, 0.0)
(45.204220, 26.124029, 0.0)
(45.206417, 26.141979, 0.0)
(45.215866, 26.160526, 0.0)
(46.211044, 26.270376, 0.0)
(49.317501, 26.003902, 0.0)
(50.101414, 25.976576, 0.0)
(50.176090, 26.004013, 0.0)
(50.197971, 26.008001, 0.0)
(50.622112, 25.835272, 0.0)
(50.737938, 25.754047, 0.0)
(50.737198, 25.717243, 0.0)
(50.732948, 25.710209, 0.0)
(50.710472, 25.684460, 0.0)
(50.695354, 25.625641, 0.0)
(50.722504, 25.630989, 0.0)
(50.750038, 25.668276, 0.0)
(50.744934, 25.654369, 0.0)
(50.729130, 25.649721, 0.0)
(50.734001, 25.639482, 0.0)
(50.729847, 25.603739, 0.0)
(50.729847, 25.603739, 0.0)
(50.741993, 25.640499, 0.0)
(50.713455, 25.595638, 0.0)
(50.695766, 25.593721, 0.0)
(50.713455, 25.595638, 0.0)
(50.721516, 25.608122, 0.0)
(50.721516, 25.608122, 0.0)
(50.725742, 25.599375, 0.0)
(50.703651, 25.535255, 0.0)
(50.677132, 25.547894, 0.0)
(50.697418, 25.544165, 0.0)
(50.674522, 25.542604, 0.0)
(50.698204, 25.556492, 0.0)
(50.580452, 25.497011, 0.0)
(49.756119, 24.734777, 0.0)
(49.777355, 24.691708, 0.0)
(49.836285, 24.754343, 0.0)
(49.841541, 24.760210, 0.0)
(49.852848, 24.772608, 0.0)
(49.889771, 24.805037, 0.0)
(47.345974, 23.626936, 0.0)
(42.957970, 22.049307, 0.0)
(41.289890, 21.745079, 0.0)
(41.394077, 21.747066, 0.0)
(41.461708, 21.733816, 0.0)
(41.477047, 21.733936, 0.0)
(41.487530, 21.720907, 0.0)
(41.504337, 21.682320, 0.0)
(41.394382, 21.541946, 0.0)
(41.054211, 21.663618, 0.0)
(41.404980, 22.026211, 0.0)
(41.254879, 21.336700, 0.0)
(41.295616, 21.382767, 0.0)
(41.354675, 21.423254, 0.0)
(41.390488, 21.490149, 0.0)
(41.409988, 21.488613, 0.0)
(41.405399, 21.515343, 0.0)
(41.372311, 21.551453, 0.0)
(41.394962, 21.522369, 0.0)
(41.397968, 21.526957, 0.0)
(41.419071, 21.546112, 0.0)
(41.446056, 21.523323, 0.0)
(41.428886, 21.490377, 0.0)
(41.425179, 21.498472, 0.0)
(41.437218, 21.501160, 0.0)
(41.449478, 21.485844, 0.0)
(41.441746, 21.508375, 0.0)
(41.441746, 21.508375, 0.0)
(41.432838, 21.506891, 0.0)
(41.444145, 21.487864, 0.0)
(41.436619, 21.489048, 0.0)
(41.434555, 21.483887, 0.0)
(41.441730, 21.478174, 0.0)
(41.440655, 21.487198, 0.0)
(41.440655, 21.487198, 0.0)
(41.410530, 21.482357, 0.0)
(38.828785, 20.656340, 0.0)
(37.527737, 19.306543, 0.0)
(37.553867, 19.343102, 0.0)
(37.622986, 19.410210, 0.0)
(37.322384, 19.175341, 0.0)
(37.290840, 19.167624, 0.0)
(37.300953, 19.165026, 0.0)
(37.298172, 19.160971, 0.0)
(37.307926, 19.155819, 0.0)
(37.314743, 19.177166, 0.0)
(37.324524, 19.193521, 0.0)
(37.311974, 19.226931, 0.0)
(37.318371, 19.213436, 0.0)
(37.345844, 19.216251, 0.0)
(37.316742, 19.234684, 0.0)
(37.297947, 19.263693, 0.0)
(37.321613, 19.296926, 0.0)
(37.316219, 19.303795, 0.0)
(37.280766, 19.292486, 0.0)
(37.261440, 19.335777, 0.0)
(37.278736, 19.352184, 0.0)
(37.273045, 19.355442, 0.0)
(37.273716, 19.375113, 0.0)
(37.273693, 19.379021, 0.0)
(37.295593, 19.354904, 0.0)
(37.281990, 19.361151, 0.0)
(37.284416, 19.355883, 0.0)
(37.284653, 19.340784, 0.0)
(37.278515, 19.383316, 0.0)
(37.245548, 19.415865, 0.0)
(37.259377, 19.443604, 0.0)
(37.274353, 19.431057, 0.0)
(37.303951, 19.414764, 0.0)
(37.313770, 19.415895, 0.0)
(37.330502, 19.436872, 0.0)
(37.333687, 19.441336, 0.0)
(37.284973, 19.450480, 0.0)
(37.281204, 19.464878, 0.0)
(37.295448, 19.442295, 0.0)
(40.816185, 20.783247, 0.0)
(44.420597, 23.636099, 0.0)
(46.147480, 26.899107, 0.0)
(46.818043, 28.478680, 0.0)
(46.799950, 28.427759, 0.0)
(46.721226, 28.276461, 0.0)
(46.687878, 28.221910, 0.0)
(46.526463, 28.753176, 0.0)
(46.480026, 28.813583, 0.0)
(46.480812, 28.704161, 0.0)
(46.463413, 28.653868, 0.0)
(46.445412, 28.628523, 0.0)
(46.431683, 28.595745, 0.0)
(46.579018, 28.721434, 0.0)
(46.568424, 28.755457, 0.0)
(46.526482, 28.726486, 0.0)
(46.521839, 28.688951, 0.0)
(46.532810, 28.680532, 0.0)
(46.525166, 28.677580, 0.0)
(46.537750, 28.667305, 0.0)
(46.547245, 28.660082, 0.0)
(46.539661, 28.676596, 0.0)
(46.514313, 28.698586, 0.0)
(46.514614, 28.719942, 0.0)
(46.506310, 28.725889, 0.0)
(46.487057, 28.751171, 0.0)
(46.467327, 28.726053, 0.0)
(46.486633, 28.725986, 0.0)
(46.478283, 28.722321, 0.0)
(46.505112, 28.712807, 0.0)
(46.332333, 28.085239, 0.0)
(46.172932, 24.762787, 0.0)
(46.227764, 24.424883, 0.0)
(46.259346, 24.508671, 0.0)
(46.244896, 24.556843, 0.0)
(46.291565, 24.531193, 0.0)
(46.318592, 24.509481, 0.0)
(47.234112, 25.067024, 0.0)
(50.299854, 26.128365, 0.0)
(50.631245, 26.265604, 0.0)
(50.631176, 26.280025, 0.0)
(50.644772, 26.282019, 0.0)
(50.658569, 26.262842, 0.0)
(50.648663, 26.234518, 0.0)
(50.658569, 26.262842, 0.0)
(50.658569, 26.262842, 0.0)
(50.674160, 26.268885, 0.0)
(50.688873, 26.273069, 0.0)
(50.693871, 26.298969, 0.0)
(50.693871, 26.322773, 0.0)
(50.688290, 26.343418, 0.0)
(50.692268, 26.329245, 0.0)
(50.698185, 26.378021, 0.0)
(50.677437, 26.372181, 0.0)
(50.674919, 26.364254, 0.0)
(50.677425, 26.363810, 0.0)
(50.676617, 26.372587, 0.0)
(50.679131, 26.380516, 0.0)
(50.687939, 26.400835, 0.0)
(50.687939, 26.400835, 0.0)
(50.666286, 26.397097, 0.0)
(50.647266, 26.389812, 0.0)
(50.660706, 26.394257, 0.0)
(50.667282, 26.394804, 0.0)
(50.658600, 26.399862, 0.0)
(50.664444, 26.398499, 0.0)
(49.929417, 25.662838, 0.0)
(49.853699, 25.408386, 0.0)
(49.915619, 25.437490, 0.0)
(49.942909, 25.440001, 0.0)
(49.952175, 25.452023, 0.0)
(49.947521, 25.457315, 0.0)
(49.941494, 25.486750, 0.0)
(49.933678, 25.459679, 0.0)
(47.912498, 23.738047, 0.0)
(46.966785, 22.550291, 0.0)
(47.036282, 22.535505, 0.0)
(47.070309, 22.557264, 0.0)
(47.064568, 22.537958, 0.0)
(47.141598, 22.510851, 0.0)
(47.370815, 22.363642, 0.0)
(47.373329, 22.338037, 0.0)
(47.127655, 22.332445, 0.0)
(47.224651, 23.522499, 0.0)
(46.957348, 22.271482, 0.0)
(47.080013, 21.950260, 0.0)
(47.191692, 22.031008, 0.0)
(47.235229, 22.070807, 0.0)
(47.047878, 21.993013, 0.0)
(46.978054, 22.156631, 0.0)
(47.062263, 21.950680, 0.0)
(47.187080, 21.986868, 0.0)
(47.182323, 21.954317, 0.0)
(47.211285, 21.955446, 0.0)
(47.259571, 22.011742, 0.0)
(47.278114, 22.063257, 0.0)
(47.290592, 22.096504, 0.0)
(47.295555, 22.118879, 0.0)
(47.321438, 22.119509, 0.0)
(47.323833, 22.139156, 0.0)
(47.331387, 22.161345, 0.0)
(47.332489, 22.168325, 0.0)
(47.335365, 22.154728, 0.0)
(47.291054, 22.149029, 0.0)
(47.100815, 22.153408, 0.0)
(47.081833, 22.149071, 0.0)
(47.092854, 22.145554, 0.0)
(47.100815, 22.153408, 0.0)
(47.081833, 22.149071, 0.0)
(47.092854, 22.145554, 0.0)
(47.109787, 22.137320, 0.0)
(45.692135, 22.331730, 0.0)
(42.735653, 23.472736, 0.0)
(42.087376, 24.781076, 0.0)
(42.013214, 24.715895, 0.0)
(42.006649, 24.675011, 0.0)
(42.000103, 24.649599, 0.0)
(41.996773, 24.607464, 0.0)
(41.969055, 24.590546, 0.0)
(41.953136, 24.593182, 0.0)
(41.944397, 24.558405, 0.0)
(41.957123, 24.521612, 0.0)
(41.983063, 24.501575, 0.0)
(41.696205, 24.619509, 0.0)
(41.663658, 24.665575, 0.0)
(41.678082, 24.637995, 0.0)
(41.687241, 24.611612, 0.0)
(41.663853, 24.610041, 0.0)
(41.660515, 24.578836, 0.0)
(41.660622, 24.551811, 0.0)
(41.676403, 24.533957, 0.0)
(41.692299, 24.542805, 0.0)
(41.683563, 24.512098, 0.0)
(41.682304, 24.605576, 0.0)
(41.668839, 24.616899, 0.0)
(41.665367, 24.596613, 0.0)
(41.674168, 24.563704, 0.0)
(41.662685, 24.563375, 0.0)
(41.654739, 24.549213, 0.0)
(41.650238, 24.534693, 0.0)
(41.647865, 24.536346, 0.0)
(41.643204, 24.545263, 0.0)
(41.636665, 24.557123, 0.0)
(41.633801, 24.551954, 0.0)
(42.387745, 23.671078, 0.0)
(43.044823, 22.004465, 0.0)
(43.077953, 21.940449, 0.0)
(43.047798, 21.990278, 0.0)
(43.057751, 21.973804, 0.0)
(43.069214, 21.972452, 0.0)
(45.053638, 22.329525, 0.0)
(48.469624, 23.272110, 0.0)
(48.591282, 23.316193, 0.0)
(48.571957, 23.290522, 0.0)
(48.554119, 23.252039, 0.0)
(48.566113, 23.259834, 0.0)
(48.566113, 23.259834, 0.0)
(48.551846, 23.246717, 0.0)
(48.551846, 23.246717, 0.0)
(49.034454, 23.666685, 0.0)
(49.847202, 24.222778, 0.0)
(49.887604, 24.232054, 0.0)
(49.885616, 24.225399, 0.0)
(49.855366, 24.218237, 0.0)
(50.053329, 24.383127, 0.0)
(50.078194, 24.407833, 0.0)
(50.043854, 24.426701, 0.0)
(50.021858, 24.470072, 0.0)
(50.028755, 24.457067, 0.0)
(50.046520, 24.506458, 0.0)
(50.031422, 24.527550, 0.0)
(50.036110, 24.543657, 0.0)
(49.996426, 24.554966, 0.0)
(49.983112, 24.555264, 0.0)
(49.978767, 24.553705, 0.0)
(49.980820, 24.571980, 0.0)
(50.015091, 24.623234, 0.0)
(49.976021, 24.607977, 0.0)
(50.003147, 24.628340, 0.0)
(50.004414, 24.632168, 0.0)
(50.005520, 24.620928, 0.0)
(50.002468, 24.613726, 0.0)
(50.001785, 24.610428, 0.0)
(50.030785, 24.641582, 0.0)
(50.020828, 24.625687, 0.0)
(49.899895, 24.575094, 0.0)
(47.013641, 22.991505, 0.0)
(43.538197, 21.817879, 0.0)
(40.893852, 21.139860, 0.0)
(41.014992, 21.125645, 0.0)
(41.082348, 21.107513, 0.0)
(39.670391, 20.535376, 0.0)
(39.419907, 20.393757, 0.0)
(39.474083, 20.391008, 0.0)
(39.484577, 20.378311, 0.0)
(39.509602, 20.380276, 0.0)
(39.483646, 20.324734, 0.0)
(39.138641, 20.043848, 0.0)
(39.114979, 21.067682, 0.0)
(39.120052, 19.831781, 0.0)
(39.292667, 19.940891, 0.0)
(39.404190, 20.034746, 0.0)
(39.214184, 19.807564, 0.0)
(39.088551, 19.628553, 0.0)
(39.267586, 19.792545, 0.0)
(39.393093, 19.925707, 0.0)
(39.282883, 19.817272, 0.0)
(39.066311, 19.560736, 0.0)
(39.125748, 19.804379, 0.0)
(39.242516, 19.891016, 0.0)
(39.134811, 19.776873, 0.0)
(39.338287, 19.723825, 0.0)
(39.472652, 19.841829, 0.0)
(39.497398, 19.871115, 0.0)
(39.516209, 19.903797, 0.0)
(39.566608, 19.960215, 0.0)
(39.565174, 19.992653, 0.0)
(39.568733, 20.037302, 0.0)
(39.578739, 20.053284, 0.0)
(39.574551, 20.065086, 0.0)
(39.568748, 20.074718, 0.0)
(39.555401, 20.088972, 0.0)
(39.544815, 20.058203, 0.0)
(39.565151, 20.077478, 0.0)
(39.558552, 20.077414, 0.0)
(37.111626, 20.520681, 0.0)
(34.909393, 20.755514, 0.0)
(34.873997, 20.707970, 0.0)
(34.922100, 20.713827, 0.0)
(34.913639, 20.712982, 0.0)
(34.905231, 20.717276, 0.0)
(34.905231, 20.717276, 0.0)
(34.937420, 20.713350, 0.0)
(34.977428, 20.663004, 0.0)
(34.970531, 20.657537, 0.0)
(34.997643, 20.674702, 0.0)
(35.016087, 20.659128, 0.0)
(34.537643, 20.627541, 0.0)
(34.444588, 20.544350, 0.0)
(34.447090, 20.539623, 0.0)
(34.476089, 20.501631, 0.0)
(34.268642, 20.519190, 0.0)
(34.234375, 20.463295, 0.0)
(34.255867, 20.457830, 0.0)
(34.258858, 20.438118, 0.0)
(34.254818, 20.447720, 0.0)
(34.237125, 20.458817, 0.0)
(34.241528, 20.456932, 0.0)
(34.215443, 20.472979, 0.0)
(34.218250, 20.483810, 0.0)
(34.219933, 20.478882, 0.0)
(34.221897, 20.480000, 0.0)
(34.256760, 20.462328, 0.0)
(34.268738, 20.471733, 0.0)
(34.273094, 20.469461, 0.0)
(34.261154, 20.472466, 0.0)
(34.256592, 20.479559, 0.0)
(34.228710, 20.472769, 0.0)
(34.251114, 20.444845, 0.0)
(34.261272, 20.443077, 0.0)
(34.280678, 20.436905, 0.0)
(34.305252, 20.412802, 0.0)
(38.073013, 20.004015, 0.0)
(43.040783, 20.643265, 0.0)
(45.429764, 21.595135, 0.0)
(45.575134, 21.581856, 0.0)
(45.537312, 21.517048, 0.0)
(45.551994, 21.502634, 0.0)
(45.563042, 21.459730, 0.0)
(45.590107, 21.466017, 0.0)
(45.563950, 21.436495, 0.0)
(45.503204, 21.357615, 0.0)
(45.290157, 21.087872, 0.0)
(45.312538, 21.163412, 0.0)
(45.297878, 21.125946, 0.0)
(45.385334, 21.218370, 0.0)
(45.455101, 21.251129, 0.0)
(45.500809, 21.280993, 0.0)
(45.542126, 21.378088, 0.0)
(45.578972, 21.424673, 0.0)
(45.570911, 21.449560, 0.0)
(45.545040, 21.431610, 0.0)
(45.364162, 21.233000, 0.0)
(45.275486, 21.128687, 0.0)
(45.258347, 21.115795, 0.0)
(45.336807, 21.255472, 0.0)
(45.436150, 21.346869, 0.0)
(45.463596, 21.388176, 0.0)
(45.479176, 21.414543, 0.0)
(45.482372, 21.419584, 0.0)
(45.503834, 21.463028, 0.0)
(45.500393, 21.484707, 0.0)
(45.502270, 21.510059, 0.0)
(45.502270, 21.510059, 0.0)
(45.520069, 21.506008, 0.0)
(45.516102, 21.502480, 0.0)
(45.517330, 21.509430, 0.0)
(45.505989, 21.498260, 0.0)
(45.490726, 21.481386, 0.0)
(45.477005, 21.480074, 0.0)
(45.481148, 21.482899, 0.0)
(42.345634, 22.725323, 0.0)
(40.042019, 24.497618, 0.0)
(39.290741, 26.703712, 0.0)
(38.766624, 27.602362, 0.0)
(38.726685, 27.489740, 0.0)
(38.663162, 27.379021, 0.0)
(38.616749, 27.378954, 0.0)
(38.565918, 27.340893, 0.0)
(38.233681, 27.333469, 0.0)
(38.183514, 27.288126, 0.0)
(38.213886, 27.256828, 0.0)
(38.187237, 27.197889, 0.0)
(38.189560, 27.175507, 0.0)
(38.184738, 27.167385, 0.0)
(38.174366, 27.133133, 0.0)
(38.155376, 27.083385, 0.0)
(38.121708, 27.086201, 0.0)
(38.092945, 27.064348, 0.0)
(38.069599, 27.070957, 0.0)
(38.048603, 27.064363, 0.0)
(38.047668, 27.070538, 0.0)
(38.044865, 27.067358, 0.0)
(38.044712, 27.067652, 0.0)
(38.040874, 27.054951, 0.0)
(38.043739, 27.057890, 0.0)
(38.027824, 27.052591, 0.0)
(38.010494, 27.067783, 0.0)
(38.000969, 27.035421, 0.0)
(38.017586, 27.011848, 0.0)
(38.014774, 26.992655, 0.0)
(38.044350, 26.986530, 0.0)
(38.046227, 26.983404, 0.0)
(38.056683, 26.969055, 0.0)
(38.049892, 26.965233, 0.0)
(38.053577, 26.966341, 0.0)
(38.070816, 26.955393, 0.0)
(38.081215, 26.955086, 0.0)
(39.737919, 24.820768, 0.0)
(41.209599, 20.483356, 0.0)
(41.193459, 19.135283, 0.0)
(41.354332, 19.308775, 0.0)
(41.373768, 19.387835, 0.0)
(41.414970, 19.460043, 0.0)
(41.439625, 19.487888, 0.0)
(41.427399, 19.486145, 0.0)
(41.397068, 19.462458, 0.0)
(41.497692, 19.717966, 0.0)
(41.479385, 19.741457, 0.0)
(41.472668, 19.718771, 0.0)
(41.491753, 19.714140, 0.0)
(41.489082, 19.710573, 0.0)
(41.478600, 19.737185, 0.0)
(41.471191, 19.733034, 0.0)
(41.456776, 19.708471, 0.0)
(41.433525, 19.707693, 0.0)
(41.429928, 19.691830, 0.0)
(41.441128, 19.685564, 0.0)
(41.451332, 19.686504, 0.0)
(41.451767, 19.687939, 0.0)
(41.455547, 19.682539, 0.0)
(41.454361, 19.693281, 0.0)
(41.471245, 19.689411, 0.0)
(41.503067, 19.698885, 0.0)
(41.477131, 19.707283, 0.0)
(41.470451, 19.712055, 0.0)
(41.445255, 19.678038, 0.0)
(41.475475, 19.685715, 0.0)
(41.494637, 19.697092, 0.0)
(41.519463, 19.700386, 0.0)
(41.488003, 19.708324, 0.0)
(41.473343, 19.719009, 0.0)
(41.475044, 19.718285, 0.0)
(41.477390, 19.711494, 0.0)
(41.502056, 19.723783, 0.0)
(42.375198, 20.141403, 0.0)
(46.651588, 22.117203, 0.0)
(48.988083, 24.195580, 0.0)
(49.766624, 25.035646, 0.0)
(49.907192, 25.180264, 0.0)
(49.894634, 25.135323, 0.0)
(49.891510, 25.079000, 0.0)
(49.849903, 25.051399, 0.0)
(49.892616, 25.043236, 0.0)
(49.961727, 25.080172, 0.0)
(50.033539, 25.184172, 0.0)
(50.017727, 25.137949, 0.0)
(50.023026, 25.104589, 0.0)
(50.037777, 25.094303, 0.0)
(50.026554, 25.084518, 0.0)
(50.011513, 25.090647, 0.0)
(50.014214, 25.129381, 0.0)
(50.007236, 25.102690, 0.0)
(50.003853, 25.082523, 0.0)
(50.004734, 25.108194, 0.0)
(49.999023, 25.120888, 0.0)
(49.999023, 25.120888, 0.0)
(50.001816, 25.127527, 0.0)
(49.988537, 25.128761, 0.0)
(49.988823, 25.136410, 0.0)
(49.996689, 25.143440, 0.0)
(49.974815, 25.167953, 0.0)
(48.461769, 24.003729, 0.0)
(48.361034, 23.942564, 0.0)
(48.427555, 23.942898, 0.0)
(48.411766, 23.965611, 0.0)
(48.455044, 23.934553, 0.0)
(48.464447, 23.928839, 0.0)
(48.372604, 23.968567, 0.0)
(45.446472, 22.587511, 0.0)
(45.470722, 22.648829, 0.0)
(45.501179, 22.661705, 0.0)
(45.497200, 22.659786, 0.0)
(45.517620, 22.646154, 0.0)
(47.053780, 23.149595, 0.0)
(47.205093, 23.139240, 0.0)
(47.187008, 23.122442, 0.0)
(47.207268, 23.128693, 0.0)
(47.127972, 23.127291, 0.0)
(47.093338, 23.850693, 0.0)
(47.250229, 23.859383, 0.0)
(47.098419, 22.961182, 0.0)
(47.213795, 22.905415, 0.0)
(47.253807, 22.979137, 0.0)
(47.287579, 22.991442, 0.0)
(47.299889, 22.990940, 0.0)
(47.303513, 22.952873, 0.0)
(47.305870, 22.937973, 0.0)
(47.303230, 22.953190, 0.0)
(47.303387, 22.954287, 0.0)
(47.311569, 22.968048, 0.0)
(47.313679, 22.932596, 0.0)
(47.317879, 22.945183, 0.0)
(47.326557, 22.969175, 0.0)
(47.334339, 22.968809, 0.0)
(47.335388, 22.975407, 0.0)
(47.348198, 22.984278, 0.0)
(47.350574, 22.997417, 0.0)
(47.350243, 22.990948, 0.0)
(47.359688, 23.014036, 0.0)
(47.361797, 23.020597, 0.0)
(47.346832, 22.997995, 0.0)
(47.332539, 22.982805, 0.0)
(47.350243, 22.990948, 0.0)
(47.362389, 22.995171, 0.0)
(47.355282, 23.004683, 0.0)
(47.362953, 23.012718, 0.0)
(47.364910, 23.004759, 0.0)
(47.374943, 23.019976, 0.0)
(47.368286, 23.004513, 0.0)
(46.635479, 22.830023, 0.0)
(42.155396, 22.304441, 0.0)
(38.913750, 23.392681, 0.0)
(36.704151, 24.762394, 0.0)
(35.889202, 25.023001, 0.0)
(35.908321, 24.948183, 0.0)
(35.909439, 24.914745, 0.0)
(34.994076, 25.222301, 0.0)
(34.951687, 25.164236, 0.0)
(34.980038, 25.115217, 0.0)
(34.911423, 25.104475, 0.0)
(34.931767, 25.051928, 0.0)
(34.913486, 25.000948, 0.0)
(34.922909, 25.001556, 0.0)
(34.964897, 25.000669, 0.0)
(34.956810, 24.972635, 0.0)
(34.955898, 24.949051, 0.0)
(34.924374, 24.950565, 0.0)
(34.925179, 24.944986, 0.0)
(34.922714, 24.915516, 0.0)
(34.915691, 24.910614, 0.0)
(34.913151, 24.927155, 0.0)
(34.924057, 24.897146, 0.0)
(34.926723, 24.892452, 0.0)
(34.940491, 24.882660, 0.0)
(34.947128, 24.884964, 0.0)
(34.974667, 24.864958, 0.0)
(34.992989, 24.860790, 0.0)
(35.033360, 24.853754, 0.0)
(34.999390, 24.839228, 0.0)
(34.997082, 24.833094, 0.0)
(35.046505, 24.789520, 0.0)
(35.032089, 24.791866, 0.0)
(35.055031, 24.830551, 0.0)
(35.059139, 24.818850, 0.0)
(35.069347, 24.838821, 0.0)
(35.062073, 24.834789, 0.0)
(35.074738, 24.829142, 0.0)
(35.085518, 24.830271, 0.0)
(35.842827, 24.771498, 0.0)
(42.026619, 24.826824, 0.0)
(46.455803, 26.772766, 0.0)
(48.813686, 28.168869, 0.0)
(48.833622, 28.154835, 0.0)
(48.760368, 28.136507, 0.0)
(48.750061, 28.171070, 0.0)
(49.273457, 29.402624, 0.0)
(49.264870, 29.454409, 0.0)
(49.242249, 29.452148, 0.0)
(49.241669, 29.458693, 0.0)
(49.222431, 29.444956, 0.0)
(49.208908, 29.424761, 0.0)
(49.212440, 29.443329, 0.0)
(49.182934, 29.421637, 0.0)
(49.171482, 29.423981, 0.0)
(49.173122, 29.407309, 0.0)
(49.166416, 29.404791, 0.0)
(49.160721, 29.394873, 0.0)
(49.162716, 29.419615, 0.0)
(49.160889, 29.407537, 0.0)
(49.158943, 29.403917, 0.0)
(49.163265, 29.379543, 0.0)
(49.162758, 29.385847, 0.0)
(49.166740, 29.362368, 0.0)
(49.163265, 29.379543, 0.0)
(49.183079, 29.357422, 0.0)
(49.168037, 29.369207, 0.0)
(49.156639, 29.389933, 0.0)
(49.172974, 29.327261, 0.0)
(49.159714, 29.338554, 0.0)
(49.153679, 29.345428, 0.0)
(49.147724, 29.344248, 0.0)
(49.147724, 29.326935, 0.0)
(49.102802, 29.313297, 0.0)
(49.119583, 29.284943, 0.0)
(48.849461, 28.767717, 0.0)
(48.553967, 25.047625, 0.0)
(48.573536, 24.503229, 0.0)
(48.661194, 24.583260, 0.0)
(48.693245, 24.579796, 0.0)
(48.722675, 24.588842, 0.0)
(48.731625, 24.605469, 0.0)
(48.739067, 24.617121, 0.0)
(48.749939, 24.621965, 0.0)
(48.768574, 24.647726, 0.0)
(48.744896, 24.654953, 0.0)
(48.721317, 24.641996, 0.0)
(48.732632, 24.619246, 0.0)
(48.757412, 24.630274, 0.0)
(48.757626, 24.631962, 0.0)
(48.744087, 24.601652, 0.0)
(48.739693, 24.617943, 0.0)
(48.740269, 24.604660, 0.0)
(48.735645, 24.591282, 0.0)
(48.727448, 24.598320, 0.0)
(48.810314, 24.605085, 0.0)
(48.843159, 24.587692, 0.0)
(48.844448, 24.606844, 0.0)
(48.850491, 24.615887, 0.0)
(48.853500, 24.586281, 0.0)
(48.842522, 24.608881, 0.0)
(48.719975, 24.518311, 0.0)
(48.724503, 24.531525, 0.0)
(48.734207, 24.556892, 0.0)
(48.706371, 24.553480, 0.0)
(48.706371, 24.567129, 0.0)
(48.709419, 24.525127, 0.0)
(48.714466, 24.498306, 0.0)
(48.732521, 24.509275, 0.0)
(48.732521, 24.509275, 0.0)
(48.738098, 24.527473, 0.0)
(48.716938, 24.516735, 0.0)
(48.715752, 24.522549, 0.0)
(48.733227, 24.524010, 0.0)
(48.586201, 24.489563, 0.0)
(44.245968, 23.323164, 0.0)
(40.630558, 23.220196, 0.0)
(38.314899, 24.471926, 0.0)
(36.593723, 25.356661, 0.0)
(35.934673, 25.588337, 0.0)
(35.949432, 25.541071, 0.0)
(35.789791, 25.635075, 0.0)
(35.296738, 25.751699, 0.0)
(35.278572, 25.730013, 0.0)
(35.262508, 25.631340, 0.0)
(35.260365, 25.627460, 0.0)
(34.994602, 25.728487, 0.0)
(34.971645, 25.763187, 0.0)
(34.990234, 25.727093, 0.0)
(34.986607, 25.713718, 0.0)
(34.934731, 25.690783, 0.0)
(34.915756, 25.677925, 0.0)
(34.924408, 25.655512, 0.0)
(34.919624, 25.643955, 0.0)
(34.905266, 25.670013, 0.0)
(34.901768, 25.690922, 0.0)
(34.922489, 25.651861, 0.0)
(34.926430, 25.650614, 0.0)
(34.932533, 25.639887, 0.0)
(34.955544, 25.621250, 0.0)
(34.970917, 25.619017, 0.0)
(35.007080, 25.617287, 0.0)
(35.002342, 25.595167, 0.0)
(36.100609, 25.184864, 0.0)
(38.364979, 24.409599, 0.0)
(38.395695, 24.364998, 0.0)
(38.385536, 24.381262, 0.0)
(38.389355, 24.398939, 0.0)
(38.393673, 24.353361, 0.0)
(38.395939, 24.354254, 0.0)
(38.387230, 24.378635, 0.0)
(37.736897, 23.088825, 0.0)
(37.468998, 20.979370, 0.0)
(37.553944, 21.050066, 0.0)
(37.553135, 21.170652, 0.0)
(37.544640, 21.211781, 0.0)
(37.534115, 21.243217, 0.0)
(37.555779, 21.217684, 0.0)
(37.618835, 20.888428, 0.0)
(37.625004, 20.888069, 0.0)
(37.603569, 20.903734, 0.0)
(37.625366, 20.924650, 0.0)
(37.619465, 20.916893, 0.0)
(37.627953, 20.922232, 0.0)
(37.613712, 20.899757, 0.0)
(37.600056, 20.900341, 0.0)
(37.603828, 20.916460, 0.0)
(37.613571, 20.934185, 0.0)
(37.582916, 20.925303, 0.0)
(37.585995, 20.905842, 0.0)
(37.591084, 20.890549, 0.0)
(37.595539, 20.898987, 0.0)
(37.595623, 20.910442, 0.0)
(37.608078, 20.902275, 0.0)
(37.614830, 20.898886, 0.0)
(37.630470, 20.928928, 0.0)
(37.641312, 20.932512, 0.0)
(37.644474, 20.922676, 0.0)
(37.623882, 20.944923, 0.0)
(37.626568, 20.950298, 0.0)
(37.604912, 20.940769, 0.0)
(37.603416, 20.921549, 0.0)
(37.606220, 20.910788, 0.0)
(37.611443, 20.921217, 0.0)
(37.627934, 20.925285, 0.0)
(37.639008, 20.922346, 0.0)
(37.639008, 20.922346, 0.0)
(37.639008, 20.922346, 0.0)
(37.639008, 20.922346, 0.0)
(37.824272, 20.961504, 0.0)
(42.759678, 22.327066, 0.0)
(45.261917, 24.124582, 0.0)
(45.663872, 24.799616, 0.0)
(45.666473, 24.758461, 0.0)
(45.652672, 24.739235, 0.0)
(45.643047, 24.698956, 0.0)
(45.633057, 24.670086, 0.0)
(45.622799, 24.676340, 0.0)
(45.609840, 24.648827, 0.0)
(45.585979, 24.634920, 0.0)
(45.597603, 24.622496, 0.0)
(45.598846, 24.608156, 0.0)
(45.528793, 24.373692, 0.0)
(45.511116, 24.348955, 0.0)
(45.512913, 24.332045, 0.0)
(45.496895, 24.326942, 0.0)
(45.496586, 24.332468, 0.0)
(45.498699, 24.322231, 0.0)
(45.499908, 24.316824, 0.0)
(45.498714, 24.322779, 0.0)
(45.502892, 24.324043, 0.0)
(45.495171, 24.309568, 0.0)
(45.508770, 24.301920, 0.0)
(45.509560, 24.297083, 0.0)
(45.524902, 24.287434, 0.0)
(45.513920, 24.279276, 0.0)
(45.509972, 24.307409, 0.0)
(45.508198, 24.304531, 0.0)
(45.640404, 24.365427, 0.0)
(45.642262, 24.241413, 0.0)
(45.632542, 24.198961, 0.0)
(45.632427, 24.188190, 0.0)
(45.638874, 24.176653, 0.0)
(45.622379, 24.192715, 0.0)
(45.618114, 24.198444, 0.0)
(45.604637, 24.208807, 0.0)
(45.574581, 24.123806, 0.0)
(43.688862, 20.604649, 0.0)
(43.346989, 18.698181, 0.0)
(43.421612, 18.712608, 0.0)
(43.464161, 18.798462, 0.0)
(43.372604, 18.381725, 0.0)
(43.373798, 18.333145, 0.0)
(43.380070, 18.380152, 0.0)
(43.387878, 18.394777, 0.0)
(43.381721, 18.416172, 0.0)
(43.362556, 18.426062, 0.0)
(43.330585, 18.431620, 0.0)
(43.381393, 18.444563, 0.0)
(43.381039, 18.463896, 0.0)
(43.375721, 18.500277, 0.0)
(43.627480, 18.587265, 0.0)
(43.666340, 18.607479, 0.0)
(43.630939, 18.627285, 0.0)
(43.406307, 18.463961, 0.0)
(43.281437, 18.504061, 0.0)
(43.096287, 18.181124, 0.0)
(43.041542, 18.082697, 0.0)
(43.162792, 18.339417, 0.0)
(43.240826, 18.420750, 0.0)
(43.337368, 18.538342, 0.0)
(43.361137, 18.571835, 0.0)
(43.405834, 18.669529, 0.0)
(43.427624, 18.705780, 0.0)
(43.428417, 18.711508, 0.0)
(43.405380, 18.749264, 0.0)
(43.404800, 18.743589, 0.0)
(43.428719, 18.766235, 0.0)
(43.407341, 18.804893, 0.0)
(43.436760, 18.825144, 0.0)
(43.440262, 18.801107, 0.0)
(43.368507, 18.781887, 0.0)
(43.405571, 18.773680, 0.0)
(43.412197, 18.773565, 0.0)
(45.240089, 19.862240, 0.0)
(48.819221, 21.606125, 0.0)
(49.938641, 21.957396, 0.0)
(50.054199, 22.059752, 0.0)
(50.044270, 22.046824, 0.0)
(50.095318, 22.071524, 0.0)
(50.124702, 22.062769, 0.0)
(50.071739, 22.085884, 0.0)
(50.043991, 22.029943, 0.0)
(50.050362, 22.028641, 0.0)
(50.042740, 22.006325, 0.0)
(50.042740, 22.006325, 0.0)
(50.037270, 21.998064, 0.0)
(50.032112, 21.987179, 0.0)
(49.995426, 21.928057, 0.0)
(50.001259, 21.938786, 0.0)
(50.000927, 21.904997, 0.0)
(49.972916, 21.914650, 0.0)
(49.986916, 21.907692, 0.0)
(49.936985, 21.835752, 0.0)
(49.943504, 21.842457, 0.0)
(49.936985, 21.835752, 0.0)
(49.932461, 21.826506, 0.0)
(49.940277, 21.823370, 0.0)
(49.941551, 21.839935, 0.0)
(49.927425, 21.823931, 0.0)
(49.933819, 21.827929, 0.0)
(49.914078, 21.762993, 0.0)
(49.913254, 21.767870, 0.0)
(49.906075, 21.777571, 0.0)
(49.916576, 21.755508, 0.0)
(49.902828, 21.767151, 0.0)
(49.891529, 21.761463, 0.0)
(49.887123, 21.734030, 0.0)
(49.894104, 21.745232, 0.0)
(49.886162, 21.758556, 0.0)
(49.906673, 21.776464, 0.0)
(49.916111, 21.805918, 0.0)
(48.803829, 22.555288, 0.0)
(48.786591, 22.723291, 0.0)
(48.851086, 22.670574, 0.0)
(48.864365, 22.668665, 0.0)
(48.871540, 22.712761, 0.0)
(49.005287, 23.024660, 0.0)
(48.988827, 23.036303, 0.0)
(48.704895, 22.890121, 0.0)
(48.757748, 23.312248, 0.0)
(48.673210, 22.766369, 0.0)
(48.707458, 22.771683, 0.0)
(48.720638, 22.769480, 0.0)
(48.749706, 22.767998, 0.0)
(48.781052, 22.840227, 0.0)
(48.770714, 22.865952, 0.0)
(48.772461, 22.873373, 0.0)
(48.778885, 22.863146, 0.0)
(48.784924, 22.861723, 0.0)
(48.784924, 22.861723, 0.0)
(48.800743, 22.869797, 0.0)
(48.799274, 22.876158, 0.0)
(48.813248, 22.899649, 0.0)
(48.801907, 22.890354, 0.0)
(48.795525, 22.877598, 0.0)
(48.803375, 22.876678, 0.0)
(48.809704, 22.889389, 0.0)
(48.812344, 22.886009, 0.0)
(48.816380, 22.907784, 0.0)
(48.814960, 22.900513, 0.0)
(48.827682, 22.896147, 0.0)
(48.833439, 22.864853, 0.0)
(48.826973, 22.919127, 0.0)
(48.826973, 22.919127, 0.0)
(48.833797, 22.902287, 0.0)
(48.837330, 22.879105, 0.0)
(48.840858, 22.884777, 0.0)
(48.840794, 22.871288, 0.0)
(48.836567, 22.891842, 0.0)
(46.219883, 22.440268, 0.0)
(42.525364, 22.849646, 0.0)
(39.796612, 24.623825, 0.0)
(38.168591, 25.605488, 0.0)
(38.125324, 25.727161, 0.0)
(38.145542, 25.630495, 0.0)
(38.139706, 25.585291, 0.0)
(38.136578, 25.576134, 0.0)
(38.115829, 25.554914, 0.0)
(38.112080, 25.471155, 0.0)
(38.116020, 25.472511, 0.0)
(38.096691, 25.469006, 0.0)
(38.072815, 25.446922, 0.0)
(38.088596, 25.389906, 0.0)
(38.084942, 25.378372, 0.0)
(38.356178, 25.394579, 0.0)
(38.398159, 25.392052, 0.0)
(38.394527, 25.400845, 0.0)
(38.414009, 25.415894, 0.0)
(38.394466, 25.451904, 0.0)
(38.380428, 25.446367, 0.0)
(38.372532, 25.483461, 0.0)
(38.196213, 25.565079, 0.0)
(38.166203, 25.529833, 0.0)
(38.182713, 25.526436, 0.0)
(38.166122, 25.557154, 0.0)
(38.148254, 25.561703, 0.0)
(38.144295, 25.558928, 0.0)
(38.138054, 25.591721, 0.0)
(38.082966, 25.635204, 0.0)
(38.086723, 25.644182, 0.0)
(38.087646, 25.655806, 0.0)
(38.115723, 25.651617, 0.0)
(38.092133, 25.662025, 0.0)
(38.131550, 25.658396, 0.0)
(38.153076, 25.621843, 0.0)
(38.110199, 25.638674, 0.0)
(38.100689, 25.641026, 0.0)
(38.158775, 26.152435, 0.0)
(38.165634, 26.288048, 0.0)
(38.159920, 26.283260, 0.0)
(38.165211, 26.276432, 0.0)
(38.193176, 26.292133, 0.0)
(38.268810, 26.398060, 0.0)
(38.263390, 26.390442, 0.0)
(38.257538, 26.386925, 0.0)
(38.242928, 26.386227, 0.0)
(38.232605, 26.392317, 0.0)
(38.224236, 26.388071, 0.0)
(38.245770, 26.382774, 0.0)
(38.228714, 26.386017, 0.0)
(38.243332, 26.385540, 0.0)
(38.222523, 26.378950, 0.0)
(38.208092, 26.361673, 0.0)
(38.197952, 26.332523, 0.0)
(38.210705, 26.352846, 0.0)
(38.209393, 26.336271, 0.0)
(38.194675, 26.308792, 0.0)
(38.192177, 26.307554, 0.0)
(38.170986, 26.292116, 0.0)
(38.141083, 26.276644, 0.0)
(38.139057, 26.256504, 0.0)
(38.364376, 27.469553, 0.0)
(38.358788, 25.929070, 0.0)
(38.176048, 25.799767, 0.0)
(38.094070, 25.847361, 0.0)
(38.131409, 25.781193, 0.0)
(38.150562, 25.758678, 0.0)
(38.116863, 25.765713, 0.0)
(38.102127, 25.687628, 0.0)
(38.106155, 25.660345, 0.0)
(38.109715, 25.670130, 0.0)
(38.124481, 25.662519, 0.0)
(41.227505, 25.602991, 0.0)
(43.486885, 25.729965, 0.0)
(43.565022, 25.719135, 0.0)
(43.577374, 25.651648, 0.0)
(43.580387, 25.619005, 0.0)
(43.625793, 25.718290, 0.0)
(43.692951, 25.828617, 0.0)
(43.685795, 25.826195, 0.0)
(43.678478, 25.826462, 0.0)
(43.682117, 25.826256, 0.0)
(43.693317, 25.850336, 0.0)
(43.684895, 25.841000, 0.0)
(43.666996, 25.818731, 0.0)
(43.639305, 25.779110, 0.0)
(43.651470, 25.752628, 0.0)
(43.676666, 25.770941, 0.0)
(43.670063, 25.766382, 0.0)
(43.675083, 25.756113, 0.0)
(43.651730, 25.778671, 0.0)
(43.651016, 25.769651, 0.0)
(43.653416, 25.770342, 0.0)
(43.654125, 25.758759, 0.0)
(43.648514, 25.735338, 0.0)
(43.646084, 25.731302, 0.0)
(43.657516, 25.779602, 0.0)
(43.645908, 25.786278, 0.0)
(43.633026, 25.780592, 0.0)
(43.633591, 25.804388, 0.0)
(43.641716, 25.775740, 0.0)
(43.596130, 25.764486, 0.0)
(43.581688, 25.768784, 0.0)
(43.577003, 25.752489, 0.0)
(43.570663, 25.755821, 0.0)
(43.586590, 25.756695, 0.0)
(43.571507, 25.748363, 0.0)
(43.555870, 25.753218, 0.0)
(43.549973, 25.748531, 0.0)
(43.647762, 25.708662, 0.0)
(46.469994, 23.770645, 0.0)
(48.202358, 22.233564, 0.0)
(48.866154, 22.152512, 0.0)
(48.953777, 22.226349, 0.0)
(48.960217, 22.237104, 0.0)
(48.959667, 22.240137, 0.0)
(48.990677, 22.212240, 0.0)
(48.995007, 22.254629, 0.0)
(48.998665, 22.267603, 0.0)
(49.000526, 22.297064, 0.0)
(48.955173, 22.284073, 0.0)
(48.966824, 22.316360, 0.0)
(48.967007, 22.342274, 0.0)
(48.975243, 22.355862, 0.0)
(48.952209, 22.278078, 0.0)
(48.972393, 22.236090, 0.0)
(48.949593, 22.266542, 0.0)
(48.963985, 22.285208, 0.0)
(48.973793, 22.330097, 0.0)
(48.982517, 22.360279, 0.0)
(48.974136, 22.345499, 0.0)
(48.980881, 22.349112, 0.0)
(48.988647, 22.365339, 0.0)
(48.966736, 22.337881, 0.0)
(49.001999, 22.443165, 0.0)
(49.010841, 22.451305, 0.0)
(48.954697, 22.412392, 0.0)
(48.965633, 22.406713, 0.0)
(48.987370, 22.413675, 0.0)
(48.987728, 22.382866, 0.0)
(48.960621, 22.427038, 0.0)
(48.962315, 22.430981, 0.0)
(48.970352, 22.428425, 0.0)
(48.965961, 22.394873, 0.0)
(48.966972, 22.357241, 0.0)
(48.963192, 22.359070, 0.0)
(48.941250, 22.394405, 0.0)
(50.037735, 23.737591, 0.0)
(50.144619, 23.991291, 0.0)
(50.144722, 23.963533, 0.0)
(50.157070, 23.941730, 0.0)
(50.187702, 23.946854, 0.0)
(50.192032, 23.937626, 0.0)
(50.169506, 23.932718, 0.0)
(50.172493, 23.960604, 0.0)
(50.175507, 23.943378, 0.0)
(49.988346, 24.040535, 0.0)
(50.237637, 24.352707, 0.0)
(50.002914, 23.904215, 0.0)
(49.992680, 23.846289, 0.0)
(50.031841, 23.869905, 0.0)
(50.079685, 23.829121, 0.0)
(50.118023, 23.884666, 0.0)
(50.135136, 23.894785, 0.0)
(50.146244, 23.913349, 0.0)
(50.168682, 23.916855, 0.0)
(50.184998, 23.910217, 0.0)
(50.191257, 23.885561, 0.0)
(50.212540, 23.870972, 0.0)
(50.213326, 23.872576, 0.0)
(50.194065, 23.907492, 0.0)
(50.196831, 23.893440, 0.0)
(50.207714, 23.878538, 0.0)
(50.214355, 23.891562, 0.0)
(50.210239, 23.875290, 0.0)
(50.193462, 23.868753, 0.0)
(50.204857, 23.876923, 0.0)
(50.201569, 23.869812, 0.0)
(50.204586, 23.866343, 0.0)
(50.186459, 23.912485, 0.0)
(50.179661, 23.909634, 0.0)
(50.180801, 23.876923, 0.0)
(50.184971, 23.873077, 0.0)
(50.211094, 23.917486, 0.0)
(50.209743, 23.882967, 0.0)
(49.293064, 24.573870, 0.0)
(48.754017, 26.601379, 0.0)
(48.525143, 28.012308, 0.0)
(48.413841, 28.010115, 0.0)
(48.378426, 27.920395, 0.0)
(48.382610, 28.378384, 0.0)
(48.367485, 28.446743, 0.0)
(48.356342, 28.404705, 0.0)
(48.339203, 28.393501, 0.0)
(48.330307, 28.376572, 0.0)
(48.326435, 28.333181, 0.0)
(48.274490, 28.440817, 0.0)
(48.250420, 28.466213, 0.0)
(48.253963, 28.456102, 0.0)
(48.266880, 28.428965, 0.0)
(48.272015, 28.419910, 0.0)
(48.272015, 28.419910, 0.0)
(48.275555, 28.421553, 0.0)
(48.275555, 28.418299, 0.0)
(48.293373, 28.422735, 0.0)
(48.285477, 28.414028, 0.0)
(48.283585, 28.415199, 0.0)
(48.274937, 28.379192, 0.0)
(48.275463, 28.379377, 0.0)
(48.286648, 28.366173, 0.0)
(48.269024, 28.334011, 0.0)
(48.271057, 28.329754, 0.0)
(48.247803, 28.330355, 0.0)
(48.251659, 28.329538, 0.0)
(48.241344, 28.324493, 0.0)
(48.223934, 28.325302, 0.0)
(48.219044, 28.330463, 0.0)
(48.222084, 28.333954, 0.0)
(48.253483, 28.289968, 0.0)
(48.245056, 28.308475, 0.0)
(48.241684, 28.319691, 0.0)
(48.235085, 28.288637, 0.0)
(48.252407, 28.283270, 0.0)
(48.563862, 28.574265, 0.0)
(50.080509, 28.957449, 0.0)
(50.141781, 28.908272, 0.0)
(50.113838, 28.887819, 0.0)
(50.140495, 28.888252, 0.0)
(50.152111, 28.900444, 0.0)
(50.186008, 28.905123, 0.0)
(50.200104, 28.935974, 0.0)
(50.200890, 28.947163, 0.0)
(50.212074, 28.943029, 0.0)
(50.192074, 28.988867, 0.0)
(50.182121, 29.006912, 0.0)
(50.178532, 29.008627, 0.0)
(50.190403, 29.038954, 0.0)
(50.196575, 29.046154, 0.0)
(50.166054, 29.042553, 0.0)
(50.192230, 29.023487, 0.0)
(50.174259, 29.074106, 0.0)
(50.201900, 29.074055, 0.0)
(50.161533, 29.070814, 0.0)
(50.110836, 29.080305, 0.0)
(50.128490, 29.085276, 0.0)
(50.110172, 29.068769, 0.0)
(50.099438, 29.067427, 0.0)
(50.094658, 29.091578, 0.0)
(50.082554, 29.074324, 0.0)
(50.073071, 29.062967, 0.0)
(50.087463, 29.061190, 0.0)
(50.083984, 29.061592, 0.0)
(50.061245, 29.105350, 0.0)
(50.064232, 29.109499, 0.0)
(50.061565, 29.116423, 0.0)
(50.066254, 29.093262, 0.0)
(50.085026, 29.068415, 0.0)
(50.098415, 29.074213, 0.0)
(50.099468, 29.079624, 0.0)
(50.089725, 29.072132, 0.0)
(50.086277, 29.069111, 0.0)
(50.095913, 29.078833, 0.0)
(48.761806, 28.301477, 0.0)
(45.633778, 26.453487, 0.0)
(43.731037, 25.509876, 0.0)
(43.881603, 25.472284, 0.0)
(43.939129, 25.522284, 0.0)
(43.931328, 25.497793, 0.0)
(43.904129, 25.453356, 0.0)
(40.371387, 23.336807, 0.0)
(37.394527, 22.108194, 0.0)
(35.662037, 21.996788, 0.0)
(35.624660, 21.974768, 0.0)
(35.672199, 21.984352, 0.0)
(34.995792, 22.186338, 0.0)
(34.595547, 22.143948, 0.0)
(34.573467, 22.164913, 0.0)
(34.592949, 22.143204, 0.0)
(34.581356, 22.085234, 0.0)
(34.600128, 22.100662, 0.0)
(34.645721, 22.088352, 0.0)
(34.645561, 22.086443, 0.0)
(34.440052, 22.184374, 0.0)
(34.385918, 22.157007, 0.0)
(34.402233, 22.165379, 0.0)
(34.395226, 22.144968, 0.0)
(34.383293, 22.154251, 0.0)
(34.382881, 22.169741, 0.0)
(34.395405, 22.142805, 0.0)
(34.408920, 22.141600, 0.0)
(34.405865, 22.164566, 0.0)
(34.448383, 22.107590, 0.0)
(34.449711, 22.111931, 0.0)
(34.445969, 22.140804, 0.0)
(34.436886, 22.142805, 0.0)
(34.414310, 22.139343, 0.0)
(34.440186, 22.118853, 0.0)
(34.470726, 22.118738, 0.0)
(37.186848, 20.981480, 0.0)
(37.520954, 20.777060, 0.0)
(37.541512, 20.739729, 0.0)
(37.569973, 20.721609, 0.0)
(37.570744, 20.706446, 0.0)
(37.571571, 20.701424, 0.0)
(37.570858, 20.528839, 0.0)
(37.550312, 20.481806, 0.0)
(37.550335, 20.466333, 0.0)
(37.519699, 20.439840, 0.0)
(37.518250, 20.435005, 0.0)
(37.537796, 20.431200, 0.0)
(37.544491, 20.423712, 0.0)
(37.517326, 20.439972, 0.0)
(37.521744, 20.404734, 0.0)
(37.312469, 20.377420, 0.0)
(37.205158, 20.234058, 0.0)
(37.279766, 19.892132, 0.0)
(37.491779, 20.082529, 0.0)
(37.573212, 20.167137, 0.0)
(37.588795, 20.207647, 0.0)
(37.620056, 20.248169, 0.0)
(37.605015, 20.308399, 0.0)
(37.601234, 20.341894, 0.0)
(37.608845, 20.333494, 0.0)
(37.617264, 20.387251, 0.0)
(37.613125, 20.438309, 0.0)
(37.617630, 20.451025, 0.0)
(37.640476, 20.452042, 0.0)
(37.655571, 20.474386, 0.0)
(37.664055, 20.497786, 0.0)
(37.673195, 20.500732, 0.0)
(37.674900, 20.484856, 0.0)
(37.642094, 20.484390, 0.0)
(37.665691, 20.465754, 0.0)
(37.681885, 20.467609, 0.0)
(37.685379, 20.442333, 0.0)
(37.689713, 20.432821, 0.0)
(36.280842, 21.368479, 0.0)
(35.884106, 21.533310, 0.0)
(35.886078, 21.415010, 0.0)
(35.904350, 21.393686, 0.0)
(35.906300, 21.401730, 0.0)
(35.892761, 21.414642, 0.0)
(35.895405, 21.424908, 0.0)
(35.902889, 21.453032, 0.0)
(35.917480, 21.419355, 0.0)
(35.917416, 21.352507, 0.0)
(35.924545, 21.346277, 0.0)
(35.928196, 21.503523, 0.0)
(35.907154, 21.555347, 0.0)
(35.903412, 21.541929, 0.0)
(35.891388, 21.531912, 0.0)
(35.878975, 21.534170, 0.0)
(35.879524, 21.536757, 0.0)
(35.871365, 21.527582, 0.0)
(35.882378, 21.490170, 0.0)
(35.884644, 21.492977, 0.0)
(35.880627, 21.494207, 0.0)
(35.877625, 21.491432, 0.0)
(35.879681, 21.517014, 0.0)
(35.865250, 21.516956, 0.0)
(35.881428, 21.521208, 0.0)
(35.880703, 21.507692, 0.0)
(35.903603, 21.488804, 0.0)
(35.910187, 21.492859, 0.0)
(35.915836, 21.495802, 0.0)
(35.914154, 21.491653, 0.0)
(35.903603, 21.488804, 0.0)
(35.911167, 21.464418, 0.0)
(35.930450, 21.449800, 0.0)
(35.952801, 21.447920, 0.0)
(35.952801, 21.447920, 0.0)
(35.954716, 21.439440, 0.0)
(35.951565, 21.444305, 0.0)
(39.156654, 21.697903, 0.0)
(42.135033, 22.550991, 0.0)
(42.235786, 22.609438, 0.0)
(42.162712, 22.482578, 0.0)
(42.156166, 22.449356, 0.0)
(41.886856, 22.766319, 0.0)
(41.856056, 22.762081, 0.0)
(41.881744, 22.716528, 0.0)
(41.876984, 22.734894, 0.0)
(41.861553, 22.738026, 0.0)
(41.820923, 22.733259, 0.0)
(41.803711, 22.697206, 0.0)
(41.790184, 22.680176, 0.0)
(41.808308, 22.682432, 0.0)
(41.805790, 22.649244, 0.0)
(41.793610, 22.549143, 0.0)
(41.752529, 22.449984, 0.0)
(41.599644, 22.477304, 0.0)
(41.610168, 22.509476, 0.0)
(41.631454, 22.518343, 0.0)
(41.624027, 22.523411, 0.0)
(41.631477, 22.537527, 0.0)
(41.637043, 22.530645, 0.0)
(41.643620, 22.525536, 0.0)
(41.637558, 22.546326, 0.0)
(41.606472, 22.559729, 0.0)
(41.607433, 22.571251, 0.0)
(41.626591, 22.573290, 0.0)
(41.588612, 22.537796, 0.0)
(41.577549, 22.495985, 0.0)
(41.678520, 22.495417, 0.0)
(41.852375, 22.529863, 0.0)
(41.870899, 22.510612, 0.0)
(41.849651, 22.523853, 0.0)
(41.854591, 22.522150, 0.0)
(41.847210, 22.517658, 0.0)
(41.843323, 22.518553, 0.0)
(41.826355, 22.512089, 0.0)
(41.941422, 22.562304, 0.0)
(45.822784, 24.720438, 0.0)
(47.246548, 26.133211, 0.0)
(47.314030, 26.139891, 0.0)
(47.248821, 26.050457, 0.0)
(47.259830, 26.029249, 0.0)
(47.243828, 26.018801, 0.0)
(47.255711, 26.022356, 0.0)
(47.262691, 26.032103, 0.0)
(47.259533, 26.029995, 0.0)
(47.283382, 26.022930, 0.0)
(47.288380, 26.026535, 0.0)
(47.291538, 26.039589, 0.0)
(47.289940, 26.010122, 0.0)
(47.273499, 26.024666, 0.0)
(47.265289, 25.995546, 0.0)
(47.268772, 25.993280, 0.0)
(47.274670, 26.009180, 0.0)
(47.255711, 26.044209, 0.0)
(47.241322, 26.035593, 0.0)
(47.279514, 26.069494, 0.0)
(47.274563, 26.085966, 0.0)
(47.262016, 26.061586, 0.0)
(47.245708, 26.078505, 0.0)
(47.229858, 26.075594, 0.0)
(47.242310, 26.067844, 0.0)
(47.231548, 26.032463, 0.0)
(47.218155, 26.043375, 0.0)
(47.215481, 26.025276, 0.0)
(47.225780, 25.981760, 0.0)
(47.222099, 25.994802, 0.0)
(47.225780, 25.981760, 0.0)
(47.219688, 25.964809, 0.0)
(47.209682, 25.956612, 0.0)
(47.210926, 25.945345, 0.0)
(47.195225, 25.969776, 0.0)
(47.194637, 25.968142, 0.0)
(47.180141, 25.957285, 0.0)
(47.177055, 25.953644, 0.0)
(46.000526, 25.352856, 0.0)
(41.555950, 22.415995, 0.0)
(38.531937, 21.655678, 0.0)
(36.831841, 21.267567, 0.0)
(36.057964, 21.299583, 0.0)
(36.001675, 21.362839, 0.0)
(35.746315, 21.410027, 0.0)
(34.526417, 21.112843, 0.0)
(34.490635, 21.087179, 0.0)
(34.473656, 21.117447, 0.0)
(34.456219, 21.103127, 0.0)
(34.437664, 21.089184, 0.0)
(34.414207, 21.055235, 0.0)
(34.422085, 21.056591, 0.0)
(34.424335, 21.057856, 0.0)
(34.411385, 21.080502, 0.0)
(34.409328, 21.061172, 0.0)
(34.397049, 21.054976, 0.0)
(34.403355, 21.060299, 0.0)
(34.419346, 21.054245, 0.0)
(34.332386, 21.114914, 0.0)
(34.198250, 21.118214, 0.0)
(34.170029, 21.128061, 0.0)
(34.181183, 21.081776, 0.0)
(34.203182, 21.117386, 0.0)
(34.198685, 21.120501, 0.0)
(34.195946, 21.119835, 0.0)
(34.225807, 21.109842, 0.0)
(34.228901, 21.105230, 0.0)
(34.230927, 21.086098, 0.0)
(34.232735, 21.080971, 0.0)
(34.209194, 21.110775, 0.0)
(34.240726, 21.133009, 0.0)
(34.235481, 21.110716, 0.0)
(34.248356, 21.129492, 0.0)
(34.264530, 21.122526, 0.0)
(34.280262, 21.115206, 0.0)
(34.378078, 21.162539, 0.0)
(35.366112, 22.445635, 0.0)
(35.708160, 24.040693, 0.0)
(35.905243, 24.724106, 0.0)
(35.874645, 24.658194, 0.0)
(35.850719, 24.633310, 0.0)
(35.839283, 24.579494, 0.0)
(36.300228, 24.663368, 0.0)
(36.344032, 24.667337, 0.0)
(36.318409, 24.645260, 0.0)
(36.317085, 24.640934, 0.0)
(36.313656, 24.602020, 0.0)
(36.298176, 24.578259, 0.0)
(36.315674, 24.592920, 0.0)
(36.312721, 24.552015, 0.0)
(36.316956, 24.523077, 0.0)
(36.327446, 24.504469, 0.0)
(36.328770, 24.493954, 0.0)
(36.336685, 24.516123, 0.0)
(36.333073, 24.514595, 0.0)
(36.302589, 24.482275, 0.0)
(36.285503, 24.470053, 0.0)
(36.288872, 24.461155, 0.0)
(36.294357, 24.461752, 0.0)
(36.333866, 24.448437, 0.0)
(36.347206, 24.439610, 0.0)
(36.347080, 24.445421, 0.0)
(36.328220, 24.442291, 0.0)
(36.311996, 24.435778, 0.0)
(36.317944, 24.432886, 0.0)
(36.309196, 24.420135, 0.0)
(36.310299, 24.411409, 0.0)
(36.324318, 24.391937, 0.0)
(36.342651, 24.398939, 0.0)
(36.351097, 24.390692, 0.0)
(36.337269, 24.408487, 0.0)
(36.353180, 24.393496, 0.0)
(36.359692, 24.395559, 0.0)
(40.160572, 23.540712, 0.0)
(41.627007, 23.381618, 0.0)
(41.705830, 23.283085, 0.0)
(41.671909, 23.302015, 0.0)
(41.692287, 23.330904, 0.0)
(41.685238, 23.309439, 0.0)
(41.665367, 23.323912, 0.0)
(41.656406, 23.320621, 0.0)
(41.657711, 23.278532, 0.0)
(41.645481, 23.297451, 0.0)
(41.623829, 23.310131, 0.0)
(41.775433, 23.469837, 0.0)
(41.803745, 23.516706, 0.0)
(41.792702, 23.516510, 0.0)
(41.809772, 23.545435, 0.0)
(41.816738, 23.531658, 0.0)
(41.785664, 23.512997, 0.0)
(41.790630, 23.575682, 0.0)
(41.801155, 23.582907, 0.0)
(41.600685, 23.613163, 0.0)
(41.582100, 23.612524, 0.0)
(41.596428, 23.608002, 0.0)
(41.591793, 23.583494, 0.0)
(41.602036, 23.577286, 0.0)
(41.610859, 23.583761, 0.0)
(41.584007, 23.601532, 0.0)
(41.459095, 23.483934, 0.0)
(41.591240, 25.136194, 0.0)
(41.684036, 24.898260, 0.0)
(41.658863, 23.749426, 0.0)
(41.609112, 23.373648, 0.0)
(41.638100, 23.455822, 0.0)
(41.652065, 23.459785, 0.0)
(41.685677, 23.434519, 0.0)
(41.691986, 23.419737, 0.0)
(41.679085, 23.439894, 0.0)
(41.664913, 23.454901, 0.0)
(41.690495, 23.473495, 0.0)
(45.263794, 25.423370, 0.0)
(46.709179, 26.828720, 0.0)
(46.757626, 26.826269, 0.0)
(46.718266, 26.755976, 0.0)
(46.717323, 26.742758, 0.0)
(46.864265, 26.833183, 0.0)
(47.004982, 26.918125, 0.0)
(46.978168, 26.925714, 0.0)
(46.953297, 26.924898, 0.0)
(46.943100, 26.921476, 0.0)
(46.951199, 26.869749, 0.0)
(46.955498, 26.852095, 0.0)
(46.947361, 26.858444, 0.0)
(46.931156, 26.834824, 0.0)
(46.929173, 26.822985, 0.0)
(46.921284, 26.849127, 0.0)
(46.901215, 26.845272, 0.0)
(46.893295, 26.802454, 0.0)
(46.913509, 26.805397, 0.0)
(46.900921, 26.803293, 0.0)
(46.915833, 26.785742, 0.0)
(46.897762, 26.788122, 0.0)
(46.888222, 26.788879, 0.0)
(46.895435, 26.799448, 0.0)
(46.903152, 26.760595, 0.0)
(46.894512, 26.773020, 0.0)
(46.894615, 26.765917, 0.0)
(46.889641, 26.762669, 0.0)
(46.902515, 26.760138, 0.0)
(46.890827, 26.745468, 0.0)
(46.884518, 26.742533, 0.0)
(46.871098, 26.745684, 0.0)
(46.877483, 26.751387, 0.0)
(46.853310, 26.742085, 0.0)
(46.833683, 26.700001, 0.0)
(46.834526, 26.693090, 0.0)
(46.847752, 26.711901, 0.0)
(46.361927, 26.387623, 0.0)
(43.227695, 21.420994, 0.0)
(42.014339, 19.038103, 0.0)
(41.939831, 18.808741, 0.0)
(41.989231, 18.918329, 0.0)
(41.997208, 18.989567, 0.0)
(41.275948, 18.845568, 0.0)
(41.249943, 18.875490, 0.0)
(41.270550, 18.862663, 0.0)
(41.290180, 18.848129, 0.0)
(41.309505, 18.844893, 0.0)
(41.304108, 18.815075, 0.0)
(41.270393, 18.812393, 0.0)
(41.278889, 18.790182, 0.0)
(41.267990, 18.802229, 0.0)
(41.149513, 18.682894, 0.0)
(40.933407, 18.367256, 0.0)
(40.931072, 18.301516, 0.0)
(41.114128, 18.472033, 0.0)
(41.214603, 18.608854, 0.0)
(41.218731, 18.655249, 0.0)
(41.228672, 18.708637, 0.0)
(41.240147, 18.752447, 0.0)
(41.274734, 18.791576, 0.0)
(41.263283, 18.851282, 0.0)
(41.272903, 18.834145, 0.0)
(41.254875, 18.825457, 0.0)
(41.249863, 18.864691, 0.0)
(41.261883, 18.875544, 0.0)
(41.262363, 18.900854, 0.0)
(41.260971, 18.922495, 0.0)
(41.277012, 18.932386, 0.0)
(41.234806, 18.950935, 0.0)
(41.215153, 18.986135, 0.0)
(41.211006, 18.966953, 0.0)
(41.257336, 19.024752, 0.0)
(41.253376, 19.038437, 0.0)
(41.269009, 19.052071, 0.0)
(41.257153, 19.069822, 0.0)
(44.257198, 20.239941, 0.0)
(47.527409, 21.643955, 0.0)
(49.706585, 23.202999, 0.0)
(50.474171, 23.837305, 0.0)
(50.554409, 23.907022, 0.0)
(50.572319, 23.857311, 0.0)
(50.953648, 24.200686, 0.0)
(51.050179, 24.293995, 0.0)
(51.065544, 24.270279, 0.0)
(51.075375, 24.257195, 0.0)
(51.047543, 24.198881, 0.0)
(51.023613, 24.175163, 0.0)
(50.998993, 24.182726, 0.0)
(51.009926, 24.191830, 0.0)
(50.988068, 24.212360, 0.0)
(50.975933, 24.160124, 0.0)
(50.952972, 24.121489, 0.0)
(50.941891, 24.100405, 0.0)
(50.928291, 24.079002, 0.0)
(50.928112, 24.085636, 0.0)
(50.953171, 24.093216, 0.0)
(50.945972, 24.089436, 0.0)
(50.961117, 24.124758, 0.0)
(50.952282, 24.101358, 0.0)
(50.948017, 24.060087, 0.0)
(50.960484, 24.049147, 0.0)
(50.965122, 24.042953, 0.0)
(50.956413, 24.038254, 0.0)
(50.914215, 24.032602, 0.0)
(50.952038, 24.019127, 0.0)
(50.955433, 24.007980, 0.0)
(50.960167, 24.015907, 0.0)
(50.961689, 24.017582, 0.0)
(50.954315, 24.015129, 0.0)
(50.965786, 23.973389, 0.0)
(50.979176, 23.974710, 0.0)
(50.980160, 23.986694, 0.0)
(50.101345, 22.916853, 0.0)
(49.864586, 21.364605, 0.0)
(49.940216, 21.219341, 0.0)
(49.957668, 21.208616, 0.0)
(49.987228, 21.199654, 0.0)
(49.973621, 21.201544, 0.0)
(49.950966, 21.128912, 0.0)
(49.932095, 21.058565, 0.0)
(49.927303, 21.050325, 0.0)
(49.917480, 21.012201, 0.0)
(49.910969, 21.002996, 0.0)
(49.967339, 21.050934, 0.0)
(49.875671, 20.954386, 0.0)
(49.848824, 20.960947, 0.0)
(49.819164, 20.885815, 0.0)
(49.624649, 20.731859, 0.0)
(49.607826, 20.726364, 0.0)
(49.600590, 20.742914, 0.0)
(49.580093, 20.762451, 0.0)
(49.553066, 20.723907, 0.0)
(49.556973, 20.705820, 0.0)
(49.658802, 20.813549, 0.0)
(49.656788, 20.786077, 0.0)
(49.633617, 20.784250, 0.0)
(49.625225, 20.785454, 0.0)
(49.556091, 20.764153, 0.0)
(49.562183, 20.742727, 0.0)
(49.580780, 20.721163, 0.0)
(49.608196, 20.759752, 0.0)
(49.602345, 20.724033, 0.0)
(49.572254, 20.693733, 0.0)
(49.621193, 20.728804, 0.0)
(49.630756, 20.729589, 0.0)
(49.624981, 20.718332, 0.0)
(49.637589, 20.737898, 0.0)
(49.628159, 20.776478, 0.0)
(49.646072, 20.785320, 0.0)
(49.620090, 20.720425, 0.0)
(49.774506, 21.332766, 0.0)
(50.442055, 23.774734, 0.0)
(50.375637, 26.162113, 0.0)
(50.293564, 28.048664, 0.0)
(50.096214, 28.474937, 0.0)
(50.078995, 28.383055, 0.0)
(50.026630, 28.305311, 0.0)
(49.994598, 29.195786, 0.0)
(49.961830, 29.247845, 0.0)
(49.962559, 29.256027, 0.0)
(49.933323, 29.259153, 0.0)
(49.890068, 29.278881, 0.0)
(49.842468, 29.436234, 0.0)
(49.832157, 29.453566, 0.0)
(49.821136, 29.455660, 0.0)
(49.800068, 29.463348, 0.0)
(49.786518, 29.424583, 0.0)
(49.795471, 29.453339, 0.0)
(49.793037, 29.440962, 0.0)
(49.789082, 29.420792, 0.0)
(49.795193, 29.449501, 0.0)
(49.770016, 29.459028, 0.0)
(49.755249, 29.459621, 0.0)
(49.754925, 29.452766, 0.0)
(49.764175, 29.490904, 0.0)
(49.772285, 29.461784, 0.0)
(49.747112, 29.487667, 0.0)
(49.744606, 29.487640, 0.0)
(49.738365, 29.468447, 0.0)
(49.744343, 29.513407, 0.0)
(49.743248, 29.477896, 0.0)
(49.731869, 29.496931, 0.0)
(49.699047, 29.444628, 0.0)
(49.698631, 29.453320, 0.0)
(49.672722, 29.480568, 0.0)
(49.697033, 29.437080, 0.0)
(49.745510, 29.448206, 0.0)
(49.436394, 29.167078, 0.0)
(45.741070, 24.149128, 0.0)
(42.060860, 21.218525, 0.0)
(40.013142, 20.631189, 0.0)
(40.116329, 20.636065, 0.0)
(40.183395, 20.663155, 0.0)
(39.744370, 20.810503, 0.0)
(39.465050, 20.808743, 0.0)
(39.477451, 20.808804, 0.0)
(39.495213, 20.753868, 0.0)
(39.521046, 20.734951, 0.0)
(39.520912, 20.756426, 0.0)
(39.527039, 20.733789, 0.0)
(39.497536, 20.714920, 0.0)
(39.422672, 20.616011, 0.0)
(39.249752, 21.690353, 0.0)
(39.183216, 21.350786, 0.0)
(39.175407, 20.413410, 0.0)
(39.221127, 20.376362, 0.0)
(39.289257, 20.470100, 0.0)
(39.362511, 20.526154, 0.0)
(39.366531, 20.592678, 0.0)
(39.378910, 20.620821, 0.0)
(39.397873, 20.613234, 0.0)
(39.406498, 20.653582, 0.0)
(39.424335, 20.657064, 0.0)
(39.413311, 20.656855, 0.0)
(39.417892, 20.658113, 0.0)
(39.428257, 20.675713, 0.0)
(39.430683, 20.687819, 0.0)
(39.441925, 20.680531, 0.0)
(39.437092, 20.682093, 0.0)
(39.441689, 20.656870, 0.0)
(39.420448, 20.677317, 0.0)
(39.409286, 20.700745, 0.0)
(39.418316, 20.663574, 0.0)
(39.435486, 20.655468, 0.0)
(39.927456, 21.172995, 0.0)
(41.774418, 24.019863, 0.0)
(42.640850, 26.589285, 0.0)
(42.907391, 27.625858, 0.0)
(42.909592, 27.538010, 0.0)
(42.881073, 27.439608, 0.0)
(43.047798, 27.529455, 0.0)
(43.650661, 27.736347, 0.0)
(43.697571, 27.723488, 0.0)
(43.657623, 27.687214, 0.0)
(43.628696, 27.631756, 0.0)
(43.639740, 27.596870, 0.0)
(43.658485, 27.587202, 0.0)
(43.630993, 27.603249, 0.0)
(43.626686, 27.598770, 0.0)
(43.621597, 27.590086, 0.0)
(43.615852, 27.591551, 0.0)
(43.612465, 27.610569, 0.0)
(43.613476, 27.657808, 0.0)
(43.629333, 27.679831, 0.0)
(43.645607, 27.668486, 0.0)
(43.640621, 27.658880, 0.0)
(43.638809, 27.654520, 0.0)
(43.606205, 27.679895, 0.0)
(43.582947, 27.671919, 0.0)
(43.610527, 27.658253, 0.0)
(43.614307, 27.623039, 0.0)
(43.620564, 27.611446, 0.0)
(43.617840, 27.617151, 0.0)
(43.621490, 27.617983, 0.0)
(43.614887, 27.630024, 0.0)
(43.601810, 27.621700, 0.0)
(43.601849, 27.595411, 0.0)
(43.607105, 27.558411, 0.0)
(43.608467, 27.588259, 0.0)
(43.605568, 27.569838, 0.0)
(43.602154, 27.569838, 0.0)
(43.580708, 27.569231, 0.0)
(44.986046, 25.591499, 0.0)
(47.779213, 22.956282, 0.0)
(49.341896, 21.855270, 0.0)
(50.131912, 22.080000, 0.0)
(50.224735, 22.243111, 0.0)
(50.223763, 22.241367, 0.0)
(51.166214, 22.677551, 0.0)
(51.194038, 22.604156, 0.0)
(51.170666, 22.596426, 0.0)
(0.000000, 0.000000, 1.0)
(0.000000, 0.000000, 1.0)
(0.000000, 0.000000, 1.0)
(0.000000, 0.000000, 1.0)
(0.000000, 0.000000, 1.0)
(0.000000, 0.000000, 1.0)
(0.000000, 0.000000, 1.0)
(0.000000, 0.000000, 1.0)
(0.000000, 0.000000, 1.0)
(0.000000, 0.000000, 1.0)
(0.000000, 0.000000, 1.0)
(0.000000, 0.000000, 1.0)
(0.000000, 0.000000, 1.0)
(0.000000, 0.000000, 1.0)
(50.084076, 23.786577, 0.0)
(50.021931, 25.839462, 0.0)
(49.948208, 26.727695, 0.0)
(49.965752, 26.749180, 0.0)
(50.003853, 26.756554, 0.0)
(49.709892, 26.938099, 0.0)
(49.643047, 27.084738, 0.0)
(49.667492, 27.080372, 0.0)
(49.653484, 27.101234, 0.0)
(49.663929, 27.070457, 0.0)
(49.678932, 27.069977, 0.0)
(49.694256, 27.064266, 0.0)
(49.675957, 27.000351, 0.0)
(49.695900, 26.999260, 0.0)
(49.699650, 26.987093, 0.0)
(49.694687, 26.980488, 0.0)
(49.667381, 27.026373, 0.0)
(49.654980, 26.996340, 0.0)
(49.545506, 26.954931, 0.0)
(49.516312, 26.900915, 0.0)
(49.532059, 26.881653, 0.0)
(49.536171, 26.864080, 0.0)
(49.541481, 26.856203, 0.0)
(49.602322, 26.904703, 0.0)
(49.614338, 26.921938, 0.0)
(49.620052, 26.905270, 0.0)
(49.619556, 26.914991, 0.0)
(49.642189, 26.916010, 0.0)
(49.649792, 26.904222, 0.0)
(49.659767, 26.857237, 0.0)
(49.644058, 26.867758, 0.0)
(49.638081, 26.857050, 0.0)
(49.644520, 26.876648, 0.0)
(49.635578, 26.886209, 0.0)
(49.617832, 26.884781, 0.0)
(49.626911, 26.866251, 0.0)
(49.633244, 26.870243, 0.0)
(49.519924, 26.833397, 0.0)
(45.876621, 27.011686, 0.0)
(43.342953, 27.561485, 0.0)
(42.885517, 27.641665, 0.0)
(42.878361, 27.568933, 0.0)
(42.858719, 27.502855, 0.0)
(42.011345, 27.656694, 0.0)
(41.926926, 27.648207, 0.0)
(41.972324, 27.578043, 0.0)
(41.964516, 27.566578, 0.0)
(41.963032, 27.546099, 0.0)
(41.962299, 27.609617, 0.0)
(41.931698, 27.644741, 0.0)
(41.896294, 27.643349, 0.0)
(41.863197, 27.612978, 0.0)
(41.859543, 27.586880, 0.0)
(41.861492, 27.543386, 0.0)
(41.877506, 27.539577, 0.0)
(41.886379, 27.543421, 0.0)
(41.894981, 27.536194, 0.0)
(41.895100, 27.541988, 0.0)
(41.867794, 27.514637, 0.0)
(41.868355, 27.509626, 0.0)
(41.861713, 27.496260, 0.0)
(41.871895, 27.499407, 0.0)
(41.869961, 27.498119, 0.0)
(41.900848, 27.497450, 0.0)
(41.888985, 27.507299, 0.0)
(41.860931, 27.483282, 0.0)
(41.880482, 27.467688, 0.0)
(41.856655, 27.510981, 0.0)
(41.849480, 27.527287, 0.0)
(41.823944, 27.537390, 0.0)
(41.846577, 27.559519, 0.0)
(41.854080, 27.604870, 0.0)
(41.855995, 27.608364, 0.0)
(41.865051, 27.627937, 0.0)
(41.878036, 27.637360, 0.0)
(41.891411, 27.638802, 0.0)
(43.227230, 25.007336, 0.0)
(44.751160, 20.777971, 0.0)
(45.063000, 19.257092, 0.0)
(45.194393, 19.511738, 0.0)
(45.219692, 19.625677, 0.0)
(45.383301, 19.544966, 0.0)
(45.473293, 19.172253, 0.0)
(45.486687, 19.198204, 0.0)
(45.511829, 19.270002, 0.0)
(45.470310, 19.207926, 0.0)
(45.445671, 19.107573, 0.0)
(45.474957, 19.192966, 0.0)
(45.468979, 19.213846, 0.0)
(45.468796, 19.225554, 0.0)
(45.492859, 19.250193, 0.0)
(45.477051, 19.276411, 0.0)
(45.477917, 19.235487, 0.0)
(45.462215, 19.214815, 0.0)
(45.456211, 19.216255, 0.0)
(45.468155, 19.169952, 0.0)
(45.465462, 19.173937, 0.0)
(45.467743, 19.205847, 0.0)
(45.466766, 19.223747, 0.0)
(45.465637, 19.193083, 0.0)
(45.458256, 19.213137, 0.0)
(45.468288, 19.163616, 0.0)
(45.467514, 19.157461, 0.0)
(45.480240, 19.203348, 0.0)
(45.470272, 19.209341, 0.0)
(45.492817, 19.238075, 0.0)
(45.486839, 19.244318, 0.0)
(45.497334, 19.239088, 0.0)
(45.501312, 19.256159, 0.0)
(45.492241, 19.218895, 0.0)
(45.477081, 19.234346, 0.0)
(45.470959, 19.235758, 0.0)
(45.346966, 19.289001, 0.0)
(41.550133, 19.884901, 0.0)
(39.182961, 21.332426, 0.0)
(38.286636, 23.979250, 0.0)
(38.460007, 25.380688, 0.0)
(38.476688, 25.295153, 0.0)
(38.402740, 25.164820, 0.0)
(38.369156, 25.119940, 0.0)
(38.289467, 25.084278, 0.0)
(38.122658, 24.900803, 0.0)
(38.130928, 24.881546, 0.0)
(38.137512, 24.844763, 0.0)
(38.166771, 24.768621, 0.0)
(38.184620, 24.729759, 0.0)
(38.169205, 24.699236, 0.0)
(38.152206, 24.686808, 0.0)
(38.124249, 24.709635, 0.0)
(38.110222, 24.673555, 0.0)
(38.124653, 24.651730, 0.0)
(38.119171, 24.638813, 0.0)
(37.982559, 24.538523, 0.0)
(38.028099, 25.862894, 0.0)
(37.819351, 26.095875, 0.0)
(37.900253, 25.111147, 0.0)
(37.939449, 24.605877, 0.0)
(37.996208, 24.315292, 0.0)
(38.043686, 24.321943, 0.0)
(38.048363, 24.302126, 0.0)
(38.022469, 24.322840, 0.0)
(38.047863, 24.355608, 0.0)
(38.048672, 24.357943, 0.0)
(38.031563, 24.359522, 0.0)
(38.006355, 24.393784, 0.0)
(38.028431, 24.395660, 0.0)
(38.023987, 24.347923, 0.0)
(38.039989, 24.353907, 0.0)
(38.049946, 24.328691, 0.0)
(40.828030, 23.643309, 0.0)
(45.810879, 23.246424, 0.0)
(48.579437, 23.682051, 0.0)
(48.748291, 23.726118, 0.0)
(48.724529, 23.715416, 0.0)
(48.713303, 23.697153, 0.0)
(48.908821, 23.805460, 0.0)
(48.988739, 23.843426, 0.0)
(48.977928, 23.820318, 0.0)
(48.970024, 23.818117, 0.0)
(48.979378, 23.823177, 0.0)
(48.965076, 23.813347, 0.0)
(48.979259, 23.832928, 0.0)
(48.945240, 23.868927, 0.0)
(48.918835, 23.873487, 0.0)
(48.941788, 23.841099, 0.0)
(48.941772, 23.865814, 0.0)
(48.945530, 23.847385, 0.0)
(48.923756, 23.829563, 0.0)
(48.935570, 23.872850, 0.0)
(48.933735, 23.895947, 0.0)
(48.926147, 23.899820, 0.0)
(48.907963, 23.885353, 0.0)
(48.887989, 23.891502, 0.0)
(48.866638, 23.901648, 0.0)
(48.903175, 23.912920, 0.0)
(48.911255, 23.920362, 0.0)
(48.919327, 23.913973, 0.0)
(48.900181, 23.919035, 0.0)
(48.918690, 23.972401, 0.0)
(48.919460, 23.972511, 0.0)
(48.894875, 23.997824, 0.0)
(48.874916, 23.993523, 0.0)
(48.898380, 23.985037, 0.0)
(48.890896, 23.989904, 0.0)
(48.886543, 24.010672, 0.0)
(48.041252, 23.513891, 0.0)
(45.373165, 21.063213, 0.0)
(45.450718, 21.036686, 0.0)
(45.521797, 21.066912, 0.0)
(45.514629, 21.053120, 0.0)
(45.542843, 21.046572, 0.0)
(45.584137, 20.861965, 0.0)
(45.608589, 20.851011, 0.0)
(45.593708, 20.857317, 0.0)
(45.453220, 20.769003, 0.0)
(45.339939, 21.378265, 0.0)
(45.286160, 20.380146, 0.0)
(45.391685, 20.462833, 0.0)
(45.477562, 20.576828, 0.0)
(45.502110, 20.636417, 0.0)
(45.579308, 20.684746, 0.0)
(45.590446, 20.712088, 0.0)
(45.587326, 20.722391, 0.0)
(45.609364, 20.741047, 0.0)
(45.615734, 20.771875, 0.0)
(45.604202, 20.759655, 0.0)
(45.598408, 20.763178, 0.0)
(45.611629, 20.780357, 0.0)
(45.613132, 20.795568, 0.0)
(45.614819, 20.800241, 0.0)
(45.623444, 20.792337, 0.0)
(45.620407, 20.796928, 0.0)
(45.653946, 20.812796, 0.0)
(45.663174, 20.806015, 0.0)
(45.645279, 20.831507, 0.0)
(45.637943, 20.830713, 0.0)
(45.656181, 20.803854, 0.0)
(45.657993, 20.793451, 0.0)
(45.660961, 20.832924, 0.0)
(45.663822, 20.853764, 0.0)
(45.649464, 20.820883, 0.0)
(45.648415, 20.830879, 0.0)
(45.643852, 20.829283, 0.0)
(45.634636, 20.824266, 0.0)
(42.706951, 21.497322, 0.0)
(40.167187, 22.653536, 0.0)
(39.973190, 24.109991, 0.0)
(39.954914, 24.067692, 0.0)
(39.932537, 23.972990, 0.0)
(39.895939, 23.935165, 0.0)
(39.885719, 23.933704, 0.0)
(39.872601, 23.933231, 0.0)
(39.844318, 23.919245, 0.0)
(39.834347, 23.889387, 0.0)
(39.846188, 23.820908, 0.0)
(39.840931, 23.820263, 0.0)
(39.850491, 23.791151, 0.0)
(39.868759, 23.781160, 0.0)
(39.865250, 23.779039, 0.0)
(39.873966, 23.764626, 0.0)
(39.877495, 23.766733, 0.0)
(39.848400, 23.756384, 0.0)
(39.850494, 23.734148, 0.0)
(39.845062, 23.719904, 0.0)
(39.853554, 23.710081, 0.0)
(39.856991, 23.707970, 0.0)
(39.866016, 23.688206, 0.0)
(39.960110, 23.683695, 0.0)
(40.036972, 23.651968, 0.0)
(40.029686, 23.629196, 0.0)
(40.026138, 23.615660, 0.0)
(40.025482, 23.613815, 0.0)
(40.030239, 23.623253, 0.0)
(40.022945, 23.598513, 0.0)
(40.032364, 23.598177, 0.0)
(40.032997, 23.600422, 0.0)
(40.036068, 23.565655, 0.0)
(40.047726, 23.596472, 0.0)
(40.036667, 23.592093, 0.0)
(40.023510, 23.600222, 0.0)
(40.035152, 23.590334, 0.0)
(42.948463, 23.429287, 0.0)
(46.021317, 23.440590, 0.0)
(46.055710, 23.506823, 0.0)
(45.970913, 23.479822, 0.0)
(45.966618, 23.468626, 0.0)
(45.933712, 23.463219, 0.0)
(45.909775, 23.417040, 0.0)
(45.771099, 23.463736, 0.0)
(45.762398, 23.497299, 0.0)
(45.761063, 23.482027, 0.0)
(45.723930, 23.467947, 0.0)
(45.463173, 23.232468, 0.0)
(45.696381, 24.575708, 0.0)
(45.358986, 23.581726, 0.0)
(45.420815, 23.321169, 0.0)
(45.494823, 23.397341, 0.0)
(45.519245, 23.408360, 0.0)
(45.531414, 23.451534, 0.0)
(45.556526, 23.479914, 0.0)
(45.551643, 23.510174, 0.0)
(45.565300, 23.548468, 0.0)
(45.570507, 23.581688, 0.0)
(45.548443, 23.559862, 0.0)
(45.550705, 23.579866, 0.0)
(45.562443, 23.590231, 0.0)
(45.560200, 23.613058, 0.0)
(45.565731, 23.628952, 0.0)
(45.566277, 23.617315, 0.0)
(45.579411, 23.605127, 0.0)
(45.583145, 23.605532, 0.0)
(45.583107, 23.604357, 0.0)
(45.579151, 23.582792, 0.0)
(45.573730, 23.613562, 0.0)
(45.568508, 23.612703, 0.0)
(45.583549, 23.617495, 0.0)
(45.589886, 23.612692, 0.0)
(45.600029, 23.627285, 0.0)
(45.788963, 23.573435, 0.0)
(48.666275, 23.145311, 0.0)
(50.027710, 23.003633, 0.0)
(50.245979, 23.015696, 0.0)
(50.222744, 23.007475, 0.0)
(50.240475, 23.072735, 0.0)
(50.242111, 23.067122, 0.0)
(50.229221, 23.020935, 0.0)
(50.236561, 23.031265, 0.0)
(50.237747, 23.048161, 0.0)
(50.238049, 22.965746, 0.0)
(50.394287, 23.067814, 0.0)
(50.390373, 23.061121, 0.0)
(50.364090, 23.063248, 0.0)
(50.361153, 23.016550, 0.0)
(50.353310, 23.020401, 0.0)
(50.353310, 23.020401, 0.0)
(50.378754, 23.003908, 0.0)
(50.380379, 22.993477, 0.0)
(50.348072, 22.991867, 0.0)
(50.311550, 22.993114, 0.0)
(50.338314, 23.003773, 0.0)
(50.347977, 23.018461, 0.0)
(50.349361, 23.045486, 0.0)
(50.334766, 23.044367, 0.0)
(50.202839, 22.963171, 0.0)
(50.161480, 22.922987, 0.0)
(50.168880, 22.931751, 0.0)
(50.170219, 22.917772, 0.0)
(50.159222, 22.923077, 0.0)
(50.206905, 22.959440, 0.0)
(50.210949, 22.957466, 0.0)
(50.201363, 22.986244, 0.0)
(50.222790, 22.974360, 0.0)
(50.222519, 22.967194, 0.0)
(50.238049, 23.008144, 0.0)
(50.234203, 22.988419, 0.0)
(50.222473, 22.994587, 0.0)
(47.153309, 22.110050, 0.0)
(43.754429, 21.942162, 0.0)
(41.120441, 23.362207, 0.0)
(39.072479, 24.635555, 0.0)
(37.746716, 25.653458, 0.0)
(37.524563, 25.828262, 0.0)
(37.506859, 25.773737, 0.0)
(37.040169, 26.289480, 0.0)
(36.833176, 26.530163, 0.0)
(36.814632, 26.505169, 0.0)
(36.814732, 26.449928, 0.0)
(36.810261, 26.382177, 0.0)
(36.790165, 26.595789, 0.0)
(36.802780, 26.590467, 0.0)
(36.787624, 26.527063, 0.0)
(36.808205, 26.488234, 0.0)
(36.797737, 26.487476, 0.0)
(36.776020, 26.498966, 0.0)
(36.763855, 26.488445, 0.0)
(36.780773, 26.461191, 0.0)
(36.782524, 26.434343, 0.0)
(36.766582, 26.454788, 0.0)
(36.771942, 26.428383, 0.0)
(36.761177, 26.400000, 0.0)
(36.747162, 26.426250, 0.0)
(36.749851, 26.391853, 0.0)
(36.735886, 26.385893, 0.0)
(36.730534, 26.394814, 0.0)
(36.727787, 26.417175, 0.0)
(36.721821, 26.424425, 0.0)
(36.726780, 26.444056, 0.0)
(36.752716, 26.474712, 0.0)
(36.717403, 26.488338, 0.0)
(36.723461, 26.499935, 0.0)
(36.725567, 26.508223, 0.0)
(36.737736, 26.518032, 0.0)
(36.705345, 26.523161, 0.0)
(36.815773, 26.453022, 0.0)
(42.078228, 24.924559, 0.0)
(45.443775, 25.494505, 0.0)
(45.471115, 25.560358, 0.0)
(45.394184, 25.517445, 0.0)
(45.393703, 25.476362, 0.0)
(45.362186, 25.488930, 0.0)
(45.572327, 25.633358, 0.0)
(45.604668, 25.716799, 0.0)
(45.574696, 25.717726, 0.0)
(45.571236, 25.685148, 0.0)
(45.580402, 25.669939, 0.0)
(45.581577, 25.660172, 0.0)
(45.584217, 25.651966, 0.0)
(45.577465, 25.656654, 0.0)
(45.580036, 25.676218, 0.0)
(45.584381, 25.669437, 0.0)
(45.560070, 25.645655, 0.0)
(45.559544, 25.645235, 0.0)
(45.561169, 25.662569, 0.0)
(45.572639, 25.642696, 0.0)
(45.577156, 25.671810, 0.0)
(45.565197, 25.655893, 0.0)
(45.552986, 25.613554, 0.0)
(45.538082, 25.639574, 0.0)
(45.544449, 25.616266, 0.0)
(45.540424, 25.610062, 0.0)
(45.539402, 25.617149, 0.0)
(45.521980, 25.621468, 0.0)
(45.535595, 25.616053, 0.0)
(45.544201, 25.617735, 0.0)
(45.563137, 25.615824, 0.0)
(45.550529, 25.620897, 0.0)
(45.564812, 25.624050, 0.0)
(45.557060, 25.624264, 0.0)
(45.537292, 25.620073, 0.0)
(45.538990, 25.605610, 0.0)
(45.549725, 25.603851, 0.0)
(45.539093, 25.619692, 0.0)
(45.830231, 25.487329, 0.0)
(46.790985, 23.470993, 0.0)
(46.867413, 23.007334, 0.0)
(46.851246, 23.057449, 0.0)
(46.881477, 23.140390, 0.0)
(46.871212, 23.156952, 0.0)
(46.890892, 23.208136, 0.0)
(46.887722, 23.227938, 0.0)
(46.897903, 23.205524, 0.0)
(46.762608, 23.232216, 0.0)
(42.869438, 24.150293, 0.0)
(40.743443, 24.452299, 0.0)
(40.765961, 24.389589, 0.0)
(40.836227, 24.364019, 0.0)
(40.804302, 24.373823, 0.0)
(40.781395, 24.353558, 0.0)
(40.794285, 24.338959, 0.0)
(40.792675, 24.308685, 0.0)
(41.517105, 23.934055, 0.0)
(43.749733, 22.184223, 0.0)
(43.935558, 22.108339, 0.0)
(43.899189, 22.181978, 0.0)
(43.881119, 22.182087, 0.0)
(43.882092, 22.171354, 0.0)
(43.879517, 22.188560, 0.0)
(43.885654, 22.196226, 0.0)
(43.879730, 22.191797, 0.0)
(43.883991, 22.183100, 0.0)
(43.891232, 22.164658, 0.0)
(43.890114, 22.182510, 0.0)
(43.887333, 22.186571, 0.0)
(43.896172, 22.198118, 0.0)
(43.899014, 22.208078, 0.0)
(43.895954, 22.236364, 0.0)
(43.897217, 22.248653, 0.0)
(43.883179, 22.271646, 0.0)
(43.879761, 22.246702, 0.0)
(43.894413, 22.242302, 0.0)
(43.931129, 22.265467, 0.0)
(43.913403, 22.259480, 0.0)
(43.908203, 22.311882, 0.0)
(43.902809, 22.340746, 0.0)
(43.918056, 22.355047, 0.0)
(43.917324, 22.372889, 0.0)
(43.895737, 22.388964, 0.0)
(43.880905, 22.405478, 0.0)
(43.888329, 22.407892, 0.0)
(43.890087, 22.412430, 0.0)
(43.912365, 22.433224, 0.0)
(43.891930, 22.435036, 0.0)
(43.881512, 22.434263, 0.0)
(43.919102, 22.476444, 0.0)
(43.850201, 22.525898, 0.0)
(43.646038, 22.557194, 0.0)
(43.499420, 22.461050, 0.0)
(43.387375, 23.916172, 0.0)
