{
  "prompt": "black pupil.",
  "gsam2_centers": [
    {
      "valid": true,
      "cx": 241.2,
      "cy": 134.03,
      "area": 562,
      "det_score": 0.5007,
      "sam_score": 0.965,
      "box": [
        228.0,
        119.9,
        255.5,
        148.3
      ],
      "repeats": [
        [
          241.06,
          133.88
        ],
        [
          241.34,
          134.12
        ],
        [
          241.23,
          133.99
        ],
        [
          241.41,
          134.01999999999998
        ],
        [
          242.53,
          134.13
        ]
      ],
      "idx": 1705,
      "mislabel": false,
      "mislabel_reason": "ok",
      "e_unet": 1.05
    },
    {
      "valid": true,
      "cx": 241.34,
      "cy": 133.8,
      "area": 551,
      "det_score": 0.4652,
      "sam_score": 0.9652,
      "box": [
        228.1,
        119.8,
        255.4,
        147.9
      ],
      "repeats": [
        [
          241.18,
          133.57
        ],
        [
          241.36,
          133.86
        ],
        [
          241.2,
          133.70999999999998
        ],
        [
          241.5,
          133.70999999999998
        ],
        [
          242.57999999999998,
          133.8
        ]
      ],
      "idx": 1706,
      "mislabel": false,
      "mislabel_reason": "ok",
      "e_unet": 1.11
    },
    {
      "valid": true,
      "cx": 241.33,
      "cy": 133.53,
      "area": 545,
      "det_score": 0.4271,
      "sam_score": 0.9653,
      "box": [
        228.2,
        119.7,
        255.3,
        147.6
      ],
      "repeats": [
        [
          241.2,
          133.47
        ],
        [
          241.35,
          133.65
        ],
        [
          241.28,
          133.45
        ],
        [
          241.45,
          133.48000000000002
        ],
        [
          242.48000000000002,
          133.55
        ]
      ],
      "idx": 1707,
      "mislabel": false,
      "mislabel_reason": "ok",
      "e_unet": 1.01
    },
    {
      "valid": true,
      "cx": 240.52,
      "cy": 132.14,
      "area": 540,
      "det_score": 0.412,
      "sam_score": 0.9633,
      "box": [
        227.8,
        118.7,
        254.5,
        146.0
      ],
      "repeats": [
        [
          240.52,
          132.07
        ],
        [
          240.67,
          132.38
        ],
        [
          240.53,
          132.15
        ],
        [
          240.69,
          132.14
        ],
        [
          241.78,
          132.2
        ]
      ],
      "idx": 1708,
      "mislabel": false,
      "mislabel_reason": "ok",
      "e_unet": 0.75
    },
    {
      "valid": true,
      "cx": 239.57,
      "cy": 129.82999999999998,
      "area": 542,
      "det_score": 0.4747,
      "sam_score": 0.9632,
      "box": [
        226.3,
        116.4,
        253.9,
        143.7
      ],
      "repeats": [
        [
          239.45,
          129.68
        ],
        [
          239.71,
          129.95999999999998
        ],
        [
          239.58,
          129.85
        ],
        [
          239.71,
          129.70999999999998
        ],
        [
          240.74,
          129.76999999999998
        ]
      ],
      "idx": 1709,
      "mislabel": false,
      "mislabel_reason": "ok",
      "e_unet": 0.78
    },
    {
      "valid": true,
      "cx": 239.78,
      "cy": 129.53,
      "area": 537,
      "det_score": 0.4538,
      "sam_score": 0.9633,
      "box": [
        226.7,
        116.1,
        254.0,
        143.2
      ],
      "repeats": [
        [
          239.71,
          129.39
        ],
        [
          239.83,
          129.6
        ],
        [
          239.76,
          129.51
        ],
        [
          239.87,
          129.51999999999998
        ],
        [
          240.93,
          129.54000000000002
        ]
      ],
      "idx": 1710,
      "mislabel": false,
      "mislabel_reason": "ok",
      "e_unet": 0.98
    },
    {
      "valid": true,
      "cx": 239.9,
      "cy": 129.36,
      "area": 536,
      "det_score": 0.418,
      "sam_score": 0.9625,
      "box": [
        226.9,
        116.0,
        254.0,
        142.9
      ],
      "repeats": [
        [
          239.77,
          129.20999999999998
        ],
        [
          239.99,
          129.44
        ],
        [
          239.91,
          129.23000000000002
        ],
        [
          240.03,
          129.34
        ],
        [
          241.17000000000002,
          129.39
        ]
      ],
      "idx": 1711,
      "mislabel": false,
      "mislabel_reason": "ok",
      "e_unet": 0.89
    },
    {
      "valid": true,
      "cx": 240.0,
      "cy": 129.19,
      "area": 529,
      "det_score": 0.4472,
      "sam_score": 0.9639,
      "box": [
        226.8,
        115.8,
        254.0,
        142.6
      ],
      "repeats": [
        [
          239.94,
          129.13
        ],
        [
          240.04,
          129.20999999999998
        ],
        [
          240.02,
          129.2
        ],
        [
          240.12,
          129.15
        ],
        [
          241.22,
          129.19
        ]
      ],
      "idx": 1712,
      "mislabel": false,
      "mislabel_reason": "ok",
      "e_unet": 0.93
    },
    {
      "valid": true,
      "cx": 240.1,
      "cy": 128.95999999999998,
      "area": 525,
      "det_score": 0.4669,
      "sam_score": 0.9633,
      "box": [
        227.0,
        115.5,
        254.1,
        142.3
      ],
      "repeats": [
        [
          239.95,
          128.79000000000002
        ],
        [
          240.29,
          129.24
        ],
        [
          240.02,
          128.85
        ],
        [
          240.02,
          128.82
        ],
        [
          241.29000000000002,
          129.07999999999998
        ]
      ],
      "idx": 1713,
      "mislabel": false,
      "mislabel_reason": "ok",
      "e_unet": 1.14
    },
    {
      "valid": true,
      "cx": 239.96,
      "cy": 128.65,
      "area": 513,
      "det_score": 0.4785,
      "sam_score": 0.9641,
      "box": [
        227.2,
        115.5,
        254.1,
        142.0
      ],
      "repeats": [
        [
          239.87,
          128.56
        ],
        [
          240.13,
          128.88
        ],
        [
          239.9,
          128.63
        ],
        [
          240.0,
          128.55
        ],
        [
          241.2,
          128.65
        ]
      ],
      "idx": 1714,
      "mislabel": false,
      "mislabel_reason": "ok",
      "e_unet": 0.88
    },
    {
      "valid": true,
      "cx": 238.32,
      "cy": 126.24,
      "area": 500,
      "det_score": 0.4753,
      "sam_score": 0.9663,
      "box": [
        224.9,
        113.3,
        252.5,
        139.8
      ],
      "repeats": [
        [
          238.28,
          126.17
        ],
        [
          238.38,
          126.22
        ],
        [
          238.28,
          126.13
        ],
        [
          238.38,
          126.15
        ],
        [
          239.5,
          126.23
        ]
      ],
      "idx": 1715,
      "mislabel": false,
      "mislabel_reason": "ok",
      "e_unet": 0.71
    }
  ]
}