{
  "prompt": "black pupil.",
  "gsam2_centers": [
    {
      "valid": true,
      "cx": 204.5,
      "cy": 122.11,
      "area": 734,
      "det_score": 0.3954,
      "sam_score": 0.9655,
      "box": [
        189.7,
        105.6,
        220.4,
        138.6
      ],
      "repeats": [
        [
          204.48,
          121.87
        ],
        [
          204.56,
          122.05
        ],
        [
          204.5,
          121.89
        ],
        [
          204.6,
          121.94
        ],
        [
          205.64,
          121.92
        ]
      ],
      "idx": 407,
      "mislabel": false,
      "mislabel_reason": "ok",
      "e_unet": 1.21
    },
    {
      "valid": true,
      "cx": 207.76,
      "cy": 122.09,
      "area": 715,
      "det_score": 0.3636,
      "sam_score": 0.9627,
      "box": [
        193.0,
        105.8,
        223.7,
        138.6
      ],
      "repeats": [
        [
          207.66,
          122.11
        ],
        [
          207.7,
          122.14
        ],
        [
          207.81,
          122.02
        ],
        [
          207.78,
          121.93
        ],
        [
          208.76999999999998,
          122.15
        ]
      ],
      "idx": 408,
      "mislabel": false,
      "mislabel_reason": "ok",
      "e_unet": 1.19
    },
    {
      "valid": true,
      "cx": 208.33,
      "cy": 122.21,
      "area": 705,
      "det_score": 0.352,
      "sam_score": 0.962,
      "box": [
        193.9,
        105.9,
        223.9,
        138.7
      ],
      "repeats": [
        [
          208.23,
          122.07
        ],
        [
          208.33,
          122.18
        ],
        [
          208.34,
          122.08
        ],
        [
          208.47,
          121.97
        ],
        [
          209.42000000000002,
          122.11
        ]
      ],
      "idx": 409,
      "mislabel": false,
      "mislabel_reason": "ok",
      "e_unet": 1.17
    },
    {
      "valid": true,
      "cx": 208.76,
      "cy": 122.14,
      "area": 698,
      "det_score": 0.3654,
      "sam_score": 0.9615,
      "box": [
        194.3,
        106.0,
        224.2,
        138.6
      ],
      "repeats": [
        [
          208.63,
          122.12
        ],
        [
          208.73,
          122.18
        ],
        [
          208.74,
          122.13
        ],
        [
          208.8,
          122.09
        ],
        [
          209.78,
          122.13
        ]
      ],
      "idx": 410,
      "mislabel": false,
      "mislabel_reason": "ok",
      "e_unet": 1.16
    },
    {
      "valid": true,
      "cx": 208.83,
      "cy": 122.2,
      "area": 701,
      "det_score": 0.3583,
      "sam_score": 0.9616,
      "box": [
        194.6,
        106.0,
        224.5,
        138.7
      ],
      "repeats": [
        [
          208.87,
          122.14
        ],
        [
          208.9,
          122.26
        ],
        [
          208.9,
          122.21
        ],
        [
          208.96,
          122.02
        ],
        [
          209.93,
          122.12
        ]
      ],
      "idx": 411,
      "mislabel": false,
      "mislabel_reason": "ok",
      "e_unet": 1.03
    },
    {
      "valid": true,
      "cx": 209.05,
      "cy": 122.26,
      "area": 712,
      "det_score": 0.3624,
      "sam_score": 0.9609,
      "box": [
        194.7,
        106.0,
        224.9,
        139.2
      ],
      "repeats": [
        [
          208.94,
          122.2
        ],
        [
          209.04,
          122.41
        ],
        [
          209.08,
          122.26
        ],
        [
          209.13,
          122.17
        ],
        [
          210.05,
          122.29
        ]
      ],
      "idx": 412,
      "mislabel": false,
      "mislabel_reason": "ok",
      "e_unet": 1.04
    },
    {
      "valid": true,
      "cx": 209.32,
      "cy": 122.46,
      "area": 717,
      "det_score": 0.371,
      "sam_score": 0.9618,
      "box": [
        194.8,
        106.1,
        225.3,
        139.4
      ],
      "repeats": [
        [
          209.2,
          122.41
        ],
        [
          209.29,
          122.45
        ],
        [
          209.33,
          122.4
        ],
        [
          209.35,
          122.35
        ],
        [
          210.37,
          122.39
        ]
      ],
      "idx": 413,
      "mislabel": false,
      "mislabel_reason": "ok",
      "e_unet": 1.18
    }
  ]
}