{
  "prompt": "black pupil.",
  "gsam2_centers": [
    {
      "valid": true,
      "cx": 210.56,
      "cy": 98.13,
      "area": 675,
      "det_score": 0.5015,
      "sam_score": 0.9684,
      "box": [
        195.0,
        83.9,
        227.2,
        112.8
      ],
      "repeats": [
        [
          210.54,
          98.09
        ],
        [
          210.57,
          98.18
        ],
        [
          210.57,
          98.2
        ],
        [
          210.59,
          98.11
        ],
        [
          211.70999999999998,
          98.14
        ]
      ],
      "idx": 1207,
      "mislabel": false,
      "mislabel_reason": "ok",
      "e_unet": 1.09
    },
    {
      "valid": true,
      "cx": 210.62,
      "cy": 98.01,
      "area": 658,
      "det_score": 0.4994,
      "sam_score": 0.9673,
      "box": [
        195.3,
        83.8,
        227.1,
        112.7
      ],
      "repeats": [
        [
          210.65,
          97.96
        ],
        [
          210.7,
          98.07
        ],
        [
          210.64,
          97.95
        ],
        [
          210.7,
          97.96
        ],
        [
          211.79000000000002,
          98.01
        ]
      ],
      "idx": 1208,
      "mislabel": false,
      "mislabel_reason": "ok",
      "e_unet": 1.02
    },
    {
      "valid": true,
      "cx": 210.66,
      "cy": 97.96,
      "area": 651,
      "det_score": 0.4783,
      "sam_score": 0.9672,
      "box": [
        195.5,
        83.7,
        227.0,
        112.6
      ],
      "repeats": [
        [
          210.64,
          97.92
        ],
        [
          210.69,
          97.96
        ],
        [
          210.69,
          97.92
        ],
        [
          210.73,
          97.9
        ],
        [
          211.81,
          98.01
        ]
      ],
      "idx": 1209,
      "mislabel": false,
      "mislabel_reason": "ok",
      "e_unet": 0.96
    },
    {
      "valid": true,
      "cx": 212.14,
      "cy": 98.65,
      "area": 656,
      "det_score": 0.4825,
      "sam_score": 0.9668,
      "box": [
        196.8,
        84.4,
        228.5,
        113.4
      ],
      "repeats": [
        [
          212.07,
          98.6
        ],
        [
          212.13,
          98.69
        ],
        [
          212.13,
          98.66
        ],
        [
          212.24,
          98.58
        ],
        [
          213.26999999999998,
          98.64
        ]
      ],
      "idx": 1210,
      "mislabel": false,
      "mislabel_reason": "ok",
      "e_unet": 1.07
    },
    {
      "valid": true,
      "cx": 220.4,
      "cy": 100.52,
      "area": 624,
      "det_score": 0.4341,
      "sam_score": 0.9673,
      "box": [
        205.9,
        86.1,
        236.0,
        115.5
      ],
      "repeats": [
        [
          220.46,
          100.52
        ],
        [
          220.46,
          100.62
        ],
        [
          220.46,
          100.56
        ],
        [
          220.48,
          100.44
        ],
        [
          221.51,
          100.6
        ]
      ],
      "idx": 1211,
      "mislabel": false,
      "mislabel_reason": "ok",
      "e_unet": 1.06
    },
    {
      "valid": true,
      "cx": 220.6,
      "cy": 99.91,
      "area": 611,
      "det_score": 0.4429,
      "sam_score": 0.9688,
      "box": [
        206.1,
        85.9,
        236.2,
        114.4
      ],
      "repeats": [
        [
          220.57,
          99.89
        ],
        [
          220.63,
          99.99
        ],
        [
          220.58,
          99.96
        ],
        [
          220.66,
          99.87
        ],
        [
          221.74,
          99.96
        ]
      ],
      "idx": 1212,
      "mislabel": false,
      "mislabel_reason": "ok",
      "e_unet": 0.98
    },
    {
      "valid": true,
      "cx": 220.4,
      "cy": 99.85,
      "area": 604,
      "det_score": 0.4347,
      "sam_score": 0.9671,
      "box": [
        205.9,
        85.7,
        235.9,
        114.4
      ],
      "repeats": [
        [
          220.39,
          99.84
        ],
        [
          220.49,
          99.93
        ],
        [
          220.42,
          99.88
        ],
        [
          220.44,
          99.84
        ],
        [
          221.53,
          99.89
        ]
      ],
      "idx": 1213,
      "mislabel": false,
      "mislabel_reason": "ok",
      "e_unet": 1.14
    }
  ]
}