{
  "prompt": "black pupil.",
  "gsam2_centers": [
    {
      "valid": true,
      "cx": 148.92000000000002,
      "cy": 73.37,
      "area": 361,
      "det_score": 0.4596,
      "sam_score": 0.9546,
      "box": [
        136.2,
        63.5,
        162.7,
        83.3
      ],
      "repeats": [
        [
          148.86,
          73.22
        ],
        [
          148.93,
          73.38
        ],
        [
          148.95,
          73.31
        ],
        [
          149.03,
          73.22
        ],
        [
          149.91,
          73.34
        ]
      ],
      "idx": 1905,
      "mislabel": false,
      "mislabel_reason": "ok",
      "e_unet": 0.9
    },
    {
      "valid": true,
      "cx": 148.88,
      "cy": 73.41,
      "area": 364,
      "det_score": 0.4722,
      "sam_score": 0.954,
      "box": [
        136.0,
        63.5,
        162.6,
        83.5
      ],
      "repeats": [
        [
          148.78,
          73.32
        ],
        [
          148.88,
          73.45
        ],
        [
          148.94,
          73.33
        ],
        [
          148.86,
          73.31
        ],
        [
          149.85,
          73.4
        ]
      ],
      "idx": 1906,
      "mislabel": false,
      "mislabel_reason": "ok",
      "e_unet": 0.96
    },
    {
      "valid": true,
      "cx": 147.12,
      "cy": 73.38,
      "area": 373,
      "det_score": 0.4413,
      "sam_score": 0.9561,
      "box": [
        134.0,
        63.6,
        160.9,
        83.6
      ],
      "repeats": [
        [
          147.16,
          73.25
        ],
        [
          147.12,
          73.45
        ],
        [
          147.15,
          73.36
        ],
        [
          147.15,
          73.28
        ],
        [
          148.2,
          73.36
        ]
      ],
      "idx": 1907,
      "mislabel": false,
      "mislabel_reason": "ok",
      "e_unet": 0.82
    },
    {
      "valid": true,
      "cx": 147.17000000000002,
      "cy": 73.39,
      "area": 370,
      "det_score": 0.444,
      "sam_score": 0.9576,
      "box": [
        134.1,
        63.6,
        161.0,
        83.7
      ],
      "repeats": [
        [
          147.17000000000002,
          73.34
        ],
        [
          147.22,
          73.61
        ],
        [
          147.29000000000002,
          73.45
        ],
        [
          147.20999999999998,
          73.39
        ],
        [
          148.27,
          73.52000000000001
        ]
      ],
      "idx": 1908,
      "mislabel": false,
      "mislabel_reason": "ok",
      "e_unet": 0.81
    },
    {
      "valid": true,
      "cx": 147.07999999999998,
      "cy": 73.47,
      "area": 373,
      "det_score": 0.4572,
      "sam_score": 0.9574,
      "box": [
        134.2,
        63.7,
        161.0,
        83.8
      ],
      "repeats": [
        [
          147.17000000000002,
          73.39
        ],
        [
          147.20999999999998,
          73.66
        ],
        [
          147.26999999999998,
          73.53999999999999
        ],
        [
          147.20999999999998,
          73.43
        ],
        [
          148.26,
          73.61
        ]
      ],
      "idx": 1909,
      "mislabel": false,
      "mislabel_reason": "ok",
      "e_unet": 0.71
    },
    {
      "valid": true,
      "cx": 147.16,
      "cy": 73.56,
      "area": 380,
      "det_score": 0.4744,
      "sam_score": 0.9577,
      "box": [
        134.1,
        63.6,
        161.0,
        83.8
      ],
      "repeats": [
        [
          147.06,
          73.46000000000001
        ],
        [
          147.07,
          73.67
        ],
        [
          147.15,
          73.53999999999999
        ],
        [
          147.11,
          73.5
        ],
        [
          148.24,
          73.65
        ]
      ],
      "idx": 1910,
      "mislabel": false,
      "mislabel_reason": "ok",
      "e_unet": 0.84
    },
    {
      "valid": true,
      "cx": 147.32,
      "cy": 75.95,
      "area": 427,
      "det_score": 0.4794,
      "sam_score": 0.9591,
      "box": [
        134.1,
        64.9,
        161.7,
        87.1
      ],
      "repeats": [
        [
          147.32999999999998,
          75.88
        ],
        [
          147.35,
          76.01
        ],
        [
          147.39,
          75.97
        ],
        [
          147.4,
          75.86
        ],
        [
          148.49,
          75.9
        ]
      ],
      "idx": 1911,
      "mislabel": false,
      "mislabel_reason": "ok",
      "e_unet": 0.97
    },
    {
      "valid": true,
      "cx": 147.1,
      "cy": 77.17,
      "area": 427,
      "det_score": 0.5002,
      "sam_score": 0.9619,
      "box": [
        134.0,
        66.1,
        161.6,
        88.5
      ],
      "repeats": [
        [
          147.12,
          77.06
        ],
        [
          147.16,
          77.26
        ],
        [
          147.16,
          77.13
        ],
        [
          147.29000000000002,
          77.0
        ],
        [
          148.36,
          77.13
        ]
      ],
      "idx": 1912,
      "mislabel": false,
      "mislabel_reason": "ok",
      "e_unet": 0.84
    },
    {
      "valid": true,
      "cx": 147.34,
      "cy": 77.34,
      "area": 434,
      "det_score": 0.483,
      "sam_score": 0.9627,
      "box": [
        133.9,
        66.2,
        161.7,
        88.7
      ],
      "repeats": [
        [
          147.16,
          77.26
        ],
        [
          147.31,
          77.37
        ],
        [
          147.29000000000002,
          77.31
        ],
        [
          147.35,
          77.25
        ],
        [
          148.42,
          77.29
        ]
      ],
      "idx": 1913,
      "mislabel": false,
      "mislabel_reason": "ok",
      "e_unet": 0.94
    },
    {
      "valid": true,
      "cx": 147.62,
      "cy": 77.53,
      "area": 438,
      "det_score": 0.4999,
      "sam_score": 0.9621,
      "box": [
        134.0,
        66.5,
        162.0,
        88.9
      ],
      "repeats": [
        [
          147.45999999999998,
          77.55
        ],
        [
          147.56,
          77.64
        ],
        [
          147.53,
          77.63
        ],
        [
          147.63,
          77.44
        ],
        [
          148.77,
          77.55
        ]
      ],
      "idx": 1914,
      "mislabel": false,
      "mislabel_reason": "ok",
      "e_unet": 0.93
    },
    {
      "valid": true,
      "cx": 147.66,
      "cy": 77.74,
      "area": 439,
      "det_score": 0.4723,
      "sam_score": 0.9634,
      "box": [
        134.1,
        66.6,
        162.1,
        89.6
      ],
      "repeats": [
        [
          147.57999999999998,
          77.74
        ],
        [
          147.67000000000002,
          77.77
        ],
        [
          147.68,
          77.73
        ],
        [
          147.66,
          77.72
        ],
        [
          148.74,
          77.73
        ]
      ],
      "idx": 1915,
      "mislabel": false,
      "mislabel_reason": "ok",
      "e_unet": 0.86
    }
  ]
}