{
  "prompt": "black pupil.",
  "gsam2_centers": [
    {
      "valid": true,
      "cx": 140.61,
      "cy": 109.22,
      "area": 829,
      "det_score": 0.3873,
      "sam_score": 0.9642,
      "box": [
        124.0,
        91.6,
        157.5,
        127.3
      ],
      "repeats": [
        [
          140.67000000000002,
          109.15
        ],
        [
          140.69,
          109.27
        ],
        [
          140.7,
          109.21
        ],
        [
          140.7,
          109.16
        ],
        [
          141.73,
          109.25
        ]
      ],
      "idx": 705,
      "mislabel": false,
      "mislabel_reason": "ok",
      "e_unet": 0.87
    },
    {
      "valid": true,
      "cx": 140.18,
      "cy": 108.77,
      "area": 830,
      "det_score": 0.3522,
      "sam_score": 0.9622,
      "box": [
        123.9,
        91.8,
        157.0,
        126.9
      ],
      "repeats": [
        [
          140.24,
          108.72
        ],
        [
          140.32,
          108.89
        ],
        [
          140.34,
          108.94
        ],
        [
          140.34,
          108.73
        ],
        [
          141.41,
          108.85
        ]
      ],
      "idx": 706,
      "mislabel": false,
      "mislabel_reason": "ok",
      "e_unet": 0.7
    },
    {
      "valid": true,
      "cx": 139.67000000000002,
      "cy": 108.58,
      "area": 831,
      "det_score": 0.3362,
      "sam_score": 0.9594,
      "box": [
        123.6,
        92.1,
        156.6,
        126.9
      ],
      "repeats": [
        [
          139.70999999999998,
          108.68
        ],
        [
          139.87,
          109.1
        ],
        [
          139.85,
          109.07
        ],
        [
          139.75,
          108.61
        ],
        [
          140.88,
          108.75
        ]
      ],
      "idx": 707,
      "mislabel": false,
      "mislabel_reason": "ok",
      "e_unet": 0.37
    },
    {
      "valid": true,
      "cx": 139.45,
      "cy": 108.74,
      "area": 830,
      "det_score": 0.3233,
      "sam_score": 0.961,
      "box": [
        123.5,
        92.2,
        156.2,
        126.8
      ],
      "repeats": [
        [
          139.42000000000002,
          108.58
        ],
        [
          139.57,
          109.06
        ],
        [
          139.59,
          109.01
        ],
        [
          139.51999999999998,
          108.56
        ],
        [
          140.68,
          108.67
        ]
      ],
      "idx": 708,
      "mislabel": false,
      "mislabel_reason": "ok",
      "e_unet": 0.68
    },
    {
      "valid": true,
      "cx": 139.32,
      "cy": 108.38,
      "area": 823,
      "det_score": 0.3409,
      "sam_score": 0.9613,
      "box": [
        123.5,
        91.8,
        156.2,
        126.5
      ],
      "repeats": [
        [
          139.4,
          108.31
        ],
        [
          139.45999999999998,
          108.75
        ],
        [
          139.5,
          108.72
        ],
        [
          139.4,
          108.32
        ],
        [
          140.61,
          108.43
        ]
      ],
      "idx": 709,
      "mislabel": false,
      "mislabel_reason": "ok",
      "e_unet": 0.5
    },
    {
      "valid": true,
      "cx": 139.6,
      "cy": 108.05,
      "area": 819,
      "det_score": 0.3394,
      "sam_score": 0.9596,
      "box": [
        123.7,
        91.7,
        156.4,
        126.2
      ],
      "repeats": [
        [
          139.59,
          107.99
        ],
        [
          139.7,
          108.4
        ],
        [
          139.68,
          108.38
        ],
        [
          139.62,
          107.93
        ],
        [
          140.74,
          107.87
        ]
      ],
      "idx": 710,
      "mislabel": false,
      "mislabel_reason": "ok",
      "e_unet": 0.51
    },
    {
      "valid": true,
      "cx": 139.86,
      "cy": 108.0,
      "area": 822,
      "det_score": 0.3411,
      "sam_score": 0.9601,
      "box": [
        124.3,
        91.4,
        156.6,
        126.0
      ],
      "repeats": [
        [
          140.01,
          108.03
        ],
        [
          140.11,
          108.26
        ],
        [
          140.07,
          108.21
        ],
        [
          140.0,
          107.71
        ],
        [
          141.06,
          108.0
        ]
      ],
      "idx": 711,
      "mislabel": false,
      "mislabel_reason": "ok",
      "e_unet": 0.69
    },
    {
      "valid": true,
      "cx": 140.43,
      "cy": 107.82,
      "area": 811,
      "det_score": 0.3484,
      "sam_score": 0.9623,
      "box": [
        124.5,
        91.1,
        157.0,
        125.8
      ],
      "repeats": [
        [
          140.42000000000002,
          107.67
        ],
        [
          140.53,
          108.02
        ],
        [
          140.51,
          107.97
        ],
        [
          140.43,
          107.51
        ],
        [
          141.5,
          107.63
        ]
      ],
      "idx": 712,
      "mislabel": false,
      "mislabel_reason": "ok",
      "e_unet": 0.76
    },
    {
      "valid": true,
      "cx": 140.89,
      "cy": 107.17,
      "area": 816,
      "det_score": 0.3688,
      "sam_score": 0.9624,
      "box": [
        125.3,
        90.9,
        157.7,
        125.3
      ],
      "repeats": [
        [
          140.81,
          107.15
        ],
        [
          141.06,
          107.77
        ],
        [
          141.12,
          107.75
        ],
        [
          140.91,
          107.22
        ],
        [
          141.99,
          107.21
        ]
      ],
      "idx": 713,
      "mislabel": false,
      "mislabel_reason": "ok",
      "e_unet": 0.4
    },
    {
      "valid": true,
      "cx": 141.70999999999998,
      "cy": 107.15,
      "area": 807,
      "det_score": 0.3522,
      "sam_score": 0.9637,
      "box": [
        125.9,
        90.8,
        158.5,
        124.5
      ],
      "repeats": [
        [
          141.69,
          106.85
        ],
        [
          141.76999999999998,
          107.38
        ],
        [
          141.81,
          107.34
        ],
        [
          141.69,
          106.65
        ],
        [
          142.83,
          107.16
        ]
      ],
      "idx": 714,
      "mislabel": false,
      "mislabel_reason": "ok",
      "e_unet": 0.72
    },
    {
      "valid": true,
      "cx": 142.73000000000002,
      "cy": 106.82,
      "area": 804,
      "det_score": 0.3462,
      "sam_score": 0.9609,
      "box": [
        126.8,
        90.4,
        159.6,
        124.0
      ],
      "repeats": [
        [
          142.75,
          106.64
        ],
        [
          142.76,
          106.83
        ],
        [
          142.81,
          106.69
        ],
        [
          142.82999999999998,
          106.55
        ],
        [
          143.67,
          106.69
        ]
      ],
      "idx": 715,
      "mislabel": false,
      "mislabel_reason": "ok",
      "e_unet": 0.84
    }
  ]
}