{
  "prompt": "black pupil.",
  "gsam2_centers": [
    {
      "valid": true,
      "cx": 146.15,
      "cy": 151.94,
      "area": 810,
      "det_score": 0.3811,
      "sam_score": 0.9712,
      "box": [
        131.2,
        134.3,
        162.4,
        169.9
      ],
      "repeats": [
        [
          146.19,
          151.9
        ],
        [
          146.16,
          151.97
        ],
        [
          146.19,
          151.92
        ],
        [
          146.28,
          151.84
        ],
        [
          147.42,
          151.96
        ]
      ],
      "idx": 1605,
      "mislabel": false,
      "mislabel_reason": "ok",
      "e_unet": 0.61
    },
    {
      "valid": true,
      "cx": 146.25,
      "cy": 151.79,
      "area": 829,
      "det_score": 0.3844,
      "sam_score": 0.9711,
      "box": [
        131.0,
        134.0,
        162.8,
        170.0
      ],
      "repeats": [
        [
          146.3,
          151.71
        ],
        [
          146.29000000000002,
          151.89
        ],
        [
          146.26999999999998,
          151.8
        ],
        [
          146.34,
          151.75
        ],
        [
          147.49,
          151.84
        ]
      ],
      "idx": 1606,
      "mislabel": false,
      "mislabel_reason": "ok",
      "e_unet": 0.6
    },
    {
      "valid": true,
      "cx": 146.3,
      "cy": 151.62,
      "area": 853,
      "det_score": 0.3923,
      "sam_score": 0.9717,
      "box": [
        130.8,
        133.4,
        163.0,
        170.0
      ],
      "repeats": [
        [
          146.26999999999998,
          151.69
        ],
        [
          146.36,
          151.76
        ],
        [
          146.38,
          151.71
        ],
        [
          146.39,
          151.6
        ],
        [
          147.51,
          151.68
        ]
      ],
      "idx": 1607,
      "mislabel": false,
      "mislabel_reason": "ok",
      "e_unet": 0.55
    },
    {
      "valid": true,
      "cx": 146.37,
      "cy": 151.79,
      "area": 864,
      "det_score": 0.3867,
      "sam_score": 0.9727,
      "box": [
        130.8,
        133.5,
        163.3,
        170.3
      ],
      "repeats": [
        [
          146.43,
          151.78
        ],
        [
          146.45999999999998,
          151.89
        ],
        [
          146.45,
          151.83
        ],
        [
          146.49,
          151.69
        ],
        [
          147.63,
          151.76
        ]
      ],
      "idx": 1608,
      "mislabel": false,
      "mislabel_reason": "ok",
      "e_unet": 0.6
    },
    {
      "valid": true,
      "cx": 146.45,
      "cy": 151.78,
      "area": 883,
      "det_score": 0.3799,
      "sam_score": 0.9734,
      "box": [
        130.7,
        133.2,
        163.5,
        170.5
      ],
      "repeats": [
        [
          146.45,
          151.73
        ],
        [
          146.48000000000002,
          151.86
        ],
        [
          146.47,
          151.79
        ],
        [
          146.55,
          151.73
        ],
        [
          147.67,
          151.89
        ]
      ],
      "idx": 1609,
      "mislabel": false,
      "mislabel_reason": "ok",
      "e_unet": 0.53
    },
    {
      "valid": true,
      "cx": 146.38,
      "cy": 151.8,
      "area": 895,
      "det_score": 0.3952,
      "sam_score": 0.9728,
      "box": [
        130.5,
        132.9,
        163.6,
        170.6
      ],
      "repeats": [
        [
          146.4,
          151.77
        ],
        [
          146.38,
          151.83
        ],
        [
          146.41,
          151.81
        ],
        [
          146.45,
          151.7
        ],
        [
          147.61,
          151.79
        ]
      ],
      "idx": 1610,
      "mislabel": false,
      "mislabel_reason": "ok",
      "e_unet": 0.62
    },
    {
      "valid": true,
      "cx": 152.43,
      "cy": 144.02,
      "area": 923,
      "det_score": 0.4232,
      "sam_score": 0.9749,
      "box": [
        135.7,
        125.8,
        170.4,
        162.6
      ],
      "repeats": [
        [
          152.5,
          143.89
        ],
        [
          152.43,
          144.05
        ],
        [
          152.47,
          143.94
        ],
        [
          152.56,
          143.82
        ],
        [
          153.52,
          144.12
        ]
      ],
      "idx": 1611,
      "mislabel": false,
      "mislabel_reason": "ok",
      "e_unet": 0.48
    },
    {
      "valid": true,
      "cx": 163.8,
      "cy": 132.07999999999998,
      "area": 882,
      "det_score": 0.3869,
      "sam_score": 0.9749,
      "box": [
        145.9,
        115.6,
        183.0,
        148.7
      ],
      "repeats": [
        [
          163.81,
          132.04000000000002
        ],
        [
          163.62,
          132.38
        ],
        [
          163.81,
          132.03
        ],
        [
          163.91,
          132.01999999999998
        ],
        [
          164.89,
          132.19
        ]
      ],
      "idx": 1612,
      "mislabel": false,
      "mislabel_reason": "ok",
      "e_unet": 0.68
    },
    {
      "valid": true,
      "cx": 167.04,
      "cy": 126.3,
      "area": 852,
      "det_score": 0.4279,
      "sam_score": 0.9753,
      "box": [
        148.8,
        110.6,
        186.5,
        142.6
      ],
      "repeats": [
        [
          167.03,
          126.28
        ],
        [
          167.07,
          126.31
        ],
        [
          167.09,
          126.28
        ],
        [
          167.1,
          126.27
        ],
        [
          168.24,
          126.28
        ]
      ],
      "idx": 1613,
      "mislabel": false,
      "mislabel_reason": "ok",
      "e_unet": 0.71
    },
    {
      "valid": true,
      "cx": 166.92,
      "cy": 125.29,
      "area": 853,
      "det_score": 0.3818,
      "sam_score": 0.9765,
      "box": [
        148.8,
        109.6,
        186.5,
        141.7
      ],
      "repeats": [
        [
          166.89,
          125.29
        ],
        [
          166.92,
          125.31
        ],
        [
          166.92,
          125.3
        ],
        [
          166.95,
          125.25
        ],
        [
          168.14,
          125.22
        ]
      ],
      "idx": 1614,
      "mislabel": false,
      "mislabel_reason": "ok",
      "e_unet": 0.76
    },
    {
      "valid": true,
      "cx": 167.07,
      "cy": 125.04,
      "area": 867,
      "det_score": 0.3978,
      "sam_score": 0.9769,
      "box": [
        148.8,
        109.3,
        186.8,
        141.3
      ],
      "repeats": [
        [
          167.0,
          125.02
        ],
        [
          167.1,
          125.06
        ],
        [
          167.04,
          125.06
        ],
        [
          167.1,
          125.0
        ],
        [
          168.17,
          125.0
        ]
      ],
      "idx": 1615,
      "mislabel": false,
      "mislabel_reason": "ok",
      "e_unet": 0.8
    }
  ]
}