{
  "prompt": "black pupil.",
  "gsam2_centers": [
    {
      "valid": true,
      "cx": 127.56,
      "cy": 129.76,
      "area": 718,
      "det_score": 0.4344,
      "sam_score": 0.9645,
      "box": [
        113.9,
        112.3,
        142.3,
        147.5
      ],
      "repeats": [
        [
          127.53,
          129.72
        ],
        [
          127.63,
          129.81
        ],
        [
          127.56,
          129.79000000000002
        ],
        [
          127.69,
          129.76
        ],
        [
          128.77,
          129.76
        ]
      ],
      "idx": 1205,
      "mislabel": false,
      "mislabel_reason": "ok",
      "e_unet": 1.26
    },
    {
      "valid": true,
      "cx": 126.37,
      "cy": 130.18,
      "area": 698,
      "det_score": 0.4354,
      "sam_score": 0.9616,
      "box": [
        112.9,
        112.6,
        140.9,
        147.7
      ],
      "repeats": [
        [
          126.34,
          130.12
        ],
        [
          126.35,
          130.28
        ],
        [
          126.38,
          130.17000000000002
        ],
        [
          126.5,
          129.91
        ],
        [
          127.57,
          130.07999999999998
        ]
      ],
      "idx": 1206,
      "mislabel": false,
      "mislabel_reason": "ok",
      "e_unet": 1.45
    },
    {
      "valid": true,
      "cx": 126.44,
      "cy": 129.95999999999998,
      "area": 686,
      "det_score": 0.4117,
      "sam_score": 0.9621,
      "box": [
        113.2,
        113.5,
        140.7,
        147.4
      ],
      "repeats": [
        [
          126.36,
          129.86
        ],
        [
          126.42,
          130.07
        ],
        [
          126.41,
          130.0
        ],
        [
          126.5,
          129.76
        ],
        [
          127.44999999999999,
          130.1
        ]
      ],
      "idx": 1207,
      "mislabel": false,
      "mislabel_reason": "ok",
      "e_unet": 1.5
    },
    {
      "valid": true,
      "cx": 126.51,
      "cy": 129.85,
      "area": 680,
      "det_score": 0.3856,
      "sam_score": 0.963,
      "box": [
        113.5,
        113.2,
        140.8,
        147.2
      ],
      "repeats": [
        [
          126.48,
          129.8
        ],
        [
          126.51,
          129.93
        ],
        [
          126.49,
          129.9
        ],
        [
          126.62,
          129.73000000000002
        ],
        [
          127.56,
          129.95
        ]
      ],
      "idx": 1208,
      "mislabel": false,
      "mislabel_reason": "ok",
      "e_unet": 1.41
    },
    {
      "valid": true,
      "cx": 125.2,
      "cy": 130.37,
      "area": 665,
      "det_score": 0.4032,
      "sam_score": 0.96,
      "box": [
        112.2,
        113.7,
        139.1,
        147.6
      ],
      "repeats": [
        [
          125.16,
          130.32
        ],
        [
          125.19,
          130.45
        ],
        [
          125.19,
          130.38
        ],
        [
          125.29,
          130.25
        ],
        [
          126.25,
          130.37
        ]
      ],
      "idx": 1209,
      "mislabel": false,
      "mislabel_reason": "ok",
      "e_unet": 1.55
    },
    {
      "valid": true,
      "cx": 124.68,
      "cy": 130.45,
      "area": 637,
      "det_score": 0.4226,
      "sam_score": 0.9604,
      "box": [
        112.1,
        114.1,
        138.3,
        147.4
      ],
      "repeats": [
        [
          124.71,
          130.32999999999998
        ],
        [
          124.7,
          130.56
        ],
        [
          124.64,
          130.42000000000002
        ],
        [
          124.84,
          130.26999999999998
        ],
        [
          125.80000000000001,
          130.39
        ]
      ],
      "idx": 1210,
      "mislabel": false,
      "mislabel_reason": "ok",
      "e_unet": 1.58
    },
    {
      "valid": true,
      "cx": 124.57,
      "cy": 130.36,
      "area": 615,
      "det_score": 0.414,
      "sam_score": 0.9586,
      "box": [
        112.2,
        114.2,
        138.2,
        147.3
      ],
      "repeats": [
        [
          124.54,
          130.20999999999998
        ],
        [
          124.54,
          130.43
        ],
        [
          124.55,
          130.32
        ],
        [
          124.64,
          130.18
        ],
        [
          125.63,
          130.28
        ]
      ],
      "idx": 1211,
      "mislabel": false,
      "mislabel_reason": "ok",
      "e_unet": 1.53
    },
    {
      "valid": true,
      "cx": 124.48,
      "cy": 130.29000000000002,
      "area": 602,
      "det_score": 0.4374,
      "sam_score": 0.9599,
      "box": [
        112.3,
        114.5,
        137.6,
        146.9
      ],
      "repeats": [
        [
          124.41,
          130.2
        ],
        [
          124.5,
          130.41
        ],
        [
          124.5,
          130.34
        ],
        [
          124.56,
          130.17000000000002
        ],
        [
          125.59,
          130.4
        ]
      ],
      "idx": 1212,
      "mislabel": false,
      "mislabel_reason": "ok",
      "e_unet": 1.58
    },
    {
      "valid": true,
      "cx": 124.42,
      "cy": 130.29000000000002,
      "area": 579,
      "det_score": 0.4379,
      "sam_score": 0.9618,
      "box": [
        112.4,
        115.0,
        137.2,
        146.7
      ],
      "repeats": [
        [
          124.32,
          130.28
        ],
        [
          124.44,
          130.54000000000002
        ],
        [
          124.44,
          130.43
        ],
        [
          124.48,
          130.31
        ],
        [
          125.55000000000001,
          130.31
        ]
      ],
      "idx": 1213,
      "mislabel": false,
      "mislabel_reason": "ok",
      "e_unet": 1.78
    },
    {
      "valid": true,
      "cx": 124.35,
      "cy": 130.4,
      "area": 555,
      "det_score": 0.4306,
      "sam_score": 0.9623,
      "box": [
        112.5,
        115.3,
        137.1,
        146.5
      ],
      "repeats": [
        [
          124.32,
          130.38
        ],
        [
          124.43,
          130.49
        ],
        [
          124.38,
          130.45
        ],
        [
          124.4,
          130.37
        ],
        [
          125.44,
          130.5
        ]
      ],
      "idx": 1214,
      "mislabel": false,
      "mislabel_reason": "ok",
      "e_unet": 1.77
    },
    {
      "valid": true,
      "cx": 124.34,
      "cy": 130.31,
      "area": 551,
      "det_score": 0.4418,
      "sam_score": 0.9629,
      "box": [
        112.5,
        115.1,
        137.0,
        146.1
      ],
      "repeats": [
        [
          124.32,
          130.25
        ],
        [
          124.39,
          130.34
        ],
        [
          124.4,
          130.26999999999998
        ],
        [
          124.35,
          130.2
        ],
        [
          125.43,
          130.32999999999998
        ]
      ],
      "idx": 1215,
      "mislabel": false,
      "mislabel_reason": "ok",
      "e_unet": 1.55
    }
  ]
}