(40.285919, 34.571522, 0.0)
(40.363430, 34.871220, 0.0)
(40.393150, 34.998646, 0.0)
(40.457878, 35.076115, 0.0)
(40.661442, 35.111275, 0.0)
(41.176922, 35.169136, 0.0)
(41.255177, 35.161823, 0.0)
(41.281910, 35.131401, 0.0)
(41.311470, 35.145126, 0.0)
(41.281479, 35.172241, 0.0)
(41.284286, 35.157341, 0.0)
(41.312561, 35.156689, 0.0)
(41.315079, 35.167130, 0.0)
(41.323120, 35.156540, 0.0)
(41.323681, 35.131493, 0.0)
(41.337685, 35.108200, 0.0)
(41.344124, 35.126564, 0.0)
(41.324535, 35.107174, 0.0)
(41.312840, 35.114452, 0.0)
(41.304298, 35.100529, 0.0)
(41.294086, 35.098171, 0.0)
(41.297668, 35.129974, 0.0)
(41.297668, 35.129974, 0.0)
(41.283653, 35.133095, 0.0)
(41.324795, 35.096466, 0.0)
(41.335945, 35.104252, 0.0)
(41.338284, 35.107487, 0.0)
(41.324074, 35.104385, 0.0)
(41.310211, 35.107544, 0.0)
(41.323616, 35.117157, 0.0)
(41.314049, 35.086540, 0.0)
(41.320972, 35.110981, 0.0)
(41.349705, 35.071064, 0.0)
(41.359650, 35.092007, 0.0)
(41.342426, 35.082817, 0.0)
(41.339664, 35.098167, 0.0)
(41.335842, 35.116978, 0.0)
(41.339539, 35.119282, 0.0)
(41.339272, 35.124596, 0.0)
(41.339027, 35.150700, 0.0)
(41.322010, 35.168125, 0.0)
(41.321541, 35.185623, 0.0)
(41.319435, 35.188427, 0.0)
(41.314392, 35.203129, 0.0)
(41.344284, 35.204144, 0.0)
(41.351143, 35.182892, 0.0)
(41.313190, 35.182167, 0.0)
(41.309238, 35.191185, 0.0)
(41.316799, 35.209820, 0.0)
(41.309593, 35.219070, 0.0)
(41.313854, 35.208157, 0.0)
(41.320534, 35.219719, 0.0)
(41.328621, 35.228130, 0.0)
(41.314636, 35.214195, 0.0)
(41.299404, 35.212772, 0.0)
(41.285446, 35.203434, 0.0)
(41.280235, 35.205780, 0.0)
(41.270947, 35.214222, 0.0)
(41.289242, 35.244183, 0.0)
(41.297749, 35.263176, 0.0)
(41.326992, 35.268612, 0.0)
(41.325687, 35.273685, 0.0)
(41.342567, 35.246918, 0.0)
(41.366413, 35.250412, 0.0)
(41.367580, 35.199066, 0.0)
(41.347267, 35.198124, 0.0)
(41.331318, 35.220196, 0.0)
(41.328926, 35.222988, 0.0)
(41.312904, 35.229954, 0.0)
(41.315659, 35.197693, 0.0)
(41.313869, 35.195023, 0.0)
(41.332222, 35.207043, 0.0)
(41.323746, 35.181656, 0.0)
(41.327042, 35.163078, 0.0)
(41.339165, 35.135048, 0.0)
(41.339928, 35.133106, 0.0)
(41.348267, 35.133488, 0.0)
(41.347912, 35.132603, 0.0)
(41.359726, 35.166634, 0.0)
(41.337692, 35.167427, 0.0)
(41.349491, 35.185829, 0.0)
(41.342499, 35.185379, 0.0)
(41.370552, 35.154156, 0.0)
(41.351658, 35.160675, 0.0)
(41.341042, 35.173523, 0.0)
(41.354126, 35.177170, 0.0)
(41.354286, 35.212547, 0.0)
(41.364273, 35.204201, 0.0)
(41.383308, 35.208466, 0.0)
(41.396992, 35.196941, 0.0)
(41.384617, 35.205860, 0.0)
(41.388622, 35.184830, 0.0)
(41.379166, 35.177452, 0.0)
(41.385334, 35.165421, 0.0)
(41.387341, 35.175415, 0.0)
(41.383446, 35.183651, 0.0)
(41.382713, 35.195892, 0.0)
(41.387341, 35.175415, 0.0)
(41.385799, 35.181988, 0.0)
(41.381149, 35.187443, 0.0)
(41.381149, 35.187443, 0.0)
(41.405849, 35.166321, 0.0)
(41.391918, 35.169312, 0.0)
(41.381149, 35.187443, 0.0)
(41.381149, 35.187443, 0.0)
(41.381149, 35.187443, 0.0)
(41.381149, 35.187443, 0.0)
(41.388107, 35.186222, 0.0)
(41.391273, 35.188442, 0.0)
(41.400021, 35.200001, 0.0)
(41.400021, 35.200001, 0.0)
(41.420120, 35.207561, 0.0)
(41.415726, 35.220989, 0.0)
(41.427235, 35.229908, 0.0)
(41.327137, 36.001205, 0.0)
(41.380676, 36.178902, 0.0)
(41.266762, 35.036884, 0.0)
(41.274105, 35.031441, 0.0)
(41.304745, 35.082741, 0.0)
(41.295017, 35.137592, 0.0)
(41.288597, 35.199421, 0.0)
(41.257248, 35.207520, 0.0)
(41.247688, 35.222824, 0.0)
(41.272335, 35.220219, 0.0)
(41.299721, 35.218079, 0.0)
(41.329700, 35.179462, 0.0)
(41.340683, 35.156487, 0.0)
(41.336765, 35.152199, 0.0)
(41.321808, 35.139683, 0.0)
(41.305508, 35.156834, 0.0)
(41.317017, 35.190060, 0.0)
(41.286098, 35.213657, 0.0)
(41.315365, 35.229195, 0.0)
(41.334389, 35.224716, 0.0)
(41.323196, 35.226086, 0.0)
(41.301186, 35.215153, 0.0)
(41.304806, 35.213825, 0.0)
(41.330597, 35.180481, 0.0)
(41.306328, 35.169643, 0.0)
(41.297520, 35.239162, 0.0)
(41.293137, 35.237694, 0.0)
(41.316971, 35.244873, 0.0)
(41.333725, 35.205429, 0.0)
(41.337948, 35.184181, 0.0)
(41.339973, 35.188625, 0.0)
(41.335049, 35.190304, 0.0)
(41.300674, 35.189163, 0.0)
(41.296700, 35.179153, 0.0)
(41.283550, 35.182762, 0.0)
(41.269180, 35.182293, 0.0)
(41.271095, 35.191471, 0.0)
(41.241516, 35.183903, 0.0)
(41.250732, 35.199711, 0.0)
(41.264454, 35.196568, 0.0)
(41.269997, 35.188469, 0.0)
(41.276237, 35.189148, 0.0)
(41.278210, 35.133846, 0.0)
(41.255516, 35.159584, 0.0)
(41.250454, 35.162346, 0.0)
(41.246212, 35.162045, 0.0)
(41.229630, 35.145905, 0.0)
(41.242916, 35.147770, 0.0)
(41.269451, 35.131512, 0.0)
(41.279568, 35.120701, 0.0)
(41.283253, 35.114849, 0.0)
(41.291721, 35.090466, 0.0)
(41.294685, 35.097782, 0.0)
(41.298840, 35.092754, 0.0)
(41.276333, 35.116447, 0.0)
(41.145767, 35.063213, 0.0)
(41.171124, 35.068336, 0.0)
(41.177376, 35.092609, 0.0)
(41.192772, 35.070835, 0.0)
(41.204144, 35.043087, 0.0)
(41.223320, 35.019836, 0.0)
(41.230320, 35.015240, 0.0)
(41.222099, 35.022793, 0.0)
(41.200912, 35.055939, 0.0)
(41.194153, 35.101055, 0.0)
(41.198463, 35.111019, 0.0)
(41.187126, 35.097816, 0.0)
(41.185123, 35.089092, 0.0)
(41.182659, 35.101231, 0.0)
(41.194099, 35.101234, 0.0)
(41.187126, 35.097816, 0.0)
(41.199867, 35.081921, 0.0)
(41.177097, 35.101597, 0.0)
(41.186230, 35.064629, 0.0)
(41.169624, 35.095837, 0.0)
(41.178497, 35.096535, 0.0)
(41.173424, 35.126774, 0.0)
(41.159317, 35.112186, 0.0)
(42.490101, 34.841038, 0.0)
(45.607750, 33.465942, 0.0)
(47.311684, 33.043118, 0.0)
(48.117710, 33.054947, 0.0)
(48.074810, 33.102768, 0.0)
(48.029846, 33.200001, 0.0)
(47.999786, 33.178711, 0.0)
(47.976501, 33.192326, 0.0)
(47.944153, 33.193310, 0.0)
(47.936146, 33.205368, 0.0)
(47.938496, 33.183998, 0.0)
(47.922031, 33.152248, 0.0)
(47.910851, 33.126724, 0.0)
(47.891701, 33.110882, 0.0)
(47.880005, 33.121578, 0.0)
(47.846638, 33.109249, 0.0)
(48.614758, 35.813713, 0.0)
(48.921566, 38.953117, 0.0)
(48.707672, 40.391300, 0.0)
(48.675034, 40.524277, 0.0)
(48.645557, 40.444344, 0.0)
(48.609371, 40.400002, 0.0)
(48.592503, 40.340248, 0.0)
(48.601303, 40.313393, 0.0)
(48.599236, 40.303955, 0.0)
(48.538124, 40.319843, 0.0)
(48.502357, 40.336800, 0.0)
(48.502171, 40.356789, 0.0)
(48.496479, 40.316620, 0.0)
(48.511299, 40.306843, 0.0)
(48.534191, 40.331474, 0.0)
(48.526573, 40.314407, 0.0)
(48.496510, 40.255482, 0.0)
(48.488300, 40.221611, 0.0)
(48.506092, 40.188766, 0.0)
(48.510231, 40.222118, 0.0)
(47.716412, 39.157070, 0.0)
(45.065292, 35.106327, 0.0)
(41.652641, 33.022530, 0.0)
(38.348091, 32.861992, 0.0)
(35.785484, 33.430790, 0.0)
(34.549690, 33.648598, 0.0)
(33.759846, 33.670082, 0.0)
(33.721840, 33.634605, 0.0)
(33.625244, 33.667114, 0.0)
(33.596394, 34.062508, 0.0)
(33.765732, 37.393108, 0.0)
(34.592316, 39.354931, 0.0)
(34.538425, 39.437050, 0.0)
(34.467724, 39.422817, 0.0)
(34.447765, 39.408657, 0.0)
(34.415970, 39.388828, 0.0)
(34.411407, 39.388435, 0.0)
(34.378384, 39.372749, 0.0)
(34.375328, 39.374043, 0.0)
(34.372498, 39.384617, 0.0)
(34.354328, 39.398254, 0.0)
(34.352776, 39.380886, 0.0)
(34.374329, 39.356728, 0.0)
(34.345669, 39.344486, 0.0)
(33.517044, 36.724346, 0.0)
(32.983917, 34.254848, 0.0)
(32.731819, 33.633064, 0.0)
(32.980110, 33.185600, 0.0)
(33.047642, 33.300900, 0.0)
(33.253899, 33.289059, 0.0)
(38.305542, 32.060390, 0.0)
(43.170788, 32.133018, 0.0)
(46.303986, 33.020672, 0.0)
(47.473438, 33.599220, 0.0)
(47.480541, 33.605640, 0.0)
(47.482277, 33.586784, 0.0)
(47.474998, 33.558624, 0.0)
(47.463902, 33.537540, 0.0)
(47.461502, 33.508892, 0.0)
(47.445698, 33.493153, 0.0)
(47.413151, 33.459263, 0.0)
(48.018337, 34.987267, 0.0)
(48.601513, 38.142876, 0.0)
(48.550861, 39.171253, 0.0)
(48.508587, 39.247719, 0.0)
(48.479450, 39.197712, 0.0)
(48.427074, 39.187607, 0.0)
(48.410824, 39.160801, 0.0)
(48.363323, 39.165901, 0.0)
(48.294025, 39.141670, 0.0)
(48.255428, 39.114769, 0.0)
(48.236080, 39.113766, 0.0)
(48.776909, 40.853428, 0.0)
(48.686722, 40.980156, 0.0)
(48.649712, 40.931923, 0.0)
(48.649712, 40.931923, 0.0)
(48.630219, 40.911076, 0.0)
(48.590874, 40.852230, 0.0)
(48.576405, 40.868919, 0.0)
(48.566231, 40.853825, 0.0)
(48.547607, 40.858971, 0.0)
(47.123238, 40.324306, 0.0)
(46.983379, 40.246956, 0.0)
(47.007355, 40.256424, 0.0)
(47.012424, 40.238766, 0.0)
(47.009750, 40.209167, 0.0)
(47.010777, 40.208427, 0.0)
(47.011189, 40.196209, 0.0)
(47.011406, 40.155376, 0.0)
(47.000683, 40.204498, 0.0)
(46.991615, 40.190414, 0.0)
(43.962009, 39.042721, 0.0)
(39.798206, 38.224468, 0.0)
(36.598873, 39.371147, 0.0)
(34.650703, 40.401100, 0.0)
(34.265945, 40.513519, 0.0)
(34.169769, 40.416229, 0.0)
(34.123917, 40.340828, 0.0)
(34.091248, 40.329670, 0.0)
(34.078754, 40.315941, 0.0)
(34.073338, 40.310818, 0.0)
(33.307362, 36.759285, 0.0)
(33.075905, 33.883533, 0.0)
(32.874485, 33.656410, 0.0)
(32.829369, 33.728523, 0.0)
(32.828148, 33.730690, 0.0)
(32.820354, 33.750748, 0.0)
(32.858597, 33.283306, 0.0)
(32.816635, 33.177498, 0.0)
(32.811333, 33.245049, 0.0)
(32.807556, 33.248779, 0.0)
(32.800499, 33.255005, 0.0)
(32.802494, 33.245228, 0.0)
(32.926567, 32.981956, 0.0)
(32.935368, 32.963818, 0.0)
(32.935368, 32.963818, 0.0)
(32.943012, 32.938179, 0.0)
(32.950756, 32.920921, 0.0)
(32.939083, 32.933750, 0.0)
(32.929268, 32.975445, 0.0)
(32.917183, 32.985710, 0.0)
(32.925129, 32.979889, 0.0)
(32.917847, 32.990715, 0.0)
(33.047108, 33.038021, 0.0)
(37.839279, 33.917137, 0.0)
(40.184513, 35.404991, 0.0)
(40.260372, 35.381615, 0.0)
(40.244793, 35.345898, 0.0)
(41.155487, 35.264778, 0.0)
(41.500210, 35.244637, 0.0)
(41.492226, 35.245632, 0.0)
(41.509186, 35.165771, 0.0)
(41.488129, 35.088581, 0.0)
(41.350647, 34.883606, 0.0)
(41.467552, 36.350090, 0.0)
(41.434353, 35.765549, 0.0)
(41.386078, 34.663460, 0.0)
(41.350426, 34.687042, 0.0)
(41.374454, 34.756325, 0.0)
(41.376068, 34.796227, 0.0)
(41.399399, 34.881447, 0.0)
(41.403831, 34.900406, 0.0)
(41.405567, 34.908051, 0.0)
(41.400688, 34.925552, 0.0)
(41.407497, 34.980515, 0.0)
(41.424210, 34.992554, 0.0)
(41.430805, 34.990650, 0.0)
(41.452091, 34.997005, 0.0)
(41.408997, 35.045181, 0.0)
(41.404709, 35.067410, 0.0)
(41.413963, 35.073963, 0.0)
(41.407478, 35.091022, 0.0)
(41.436150, 35.095837, 0.0)
(41.459389, 35.095589, 0.0)
(41.471767, 35.085644, 0.0)
(41.468502, 35.083778, 0.0)
(41.454243, 35.082607, 0.0)
(41.465965, 35.080212, 0.0)
(41.432449, 35.122055, 0.0)
(41.372578, 35.131371, 0.0)
(37.878601, 35.471272, 0.0)
(34.676064, 36.590916, 0.0)
(33.434631, 37.366508, 0.0)
(33.383759, 37.377876, 0.0)
(33.368389, 37.299908, 0.0)
(33.342793, 37.272476, 0.0)
(32.977032, 37.515812, 0.0)
(32.943935, 37.451611, 0.0)
(32.874496, 37.460171, 0.0)
(32.863449, 37.436817, 0.0)
(32.859180, 37.426994, 0.0)
(32.865540, 37.424732, 0.0)
(32.859070, 37.397190, 0.0)
(32.869595, 37.384403, 0.0)
(32.871899, 37.380318, 0.0)
(32.870243, 37.346394, 0.0)
(32.864368, 37.349255, 0.0)
(32.851612, 37.328819, 0.0)
(32.868107, 37.342075, 0.0)
(32.865608, 37.330643, 0.0)
(32.872696, 37.360954, 0.0)
(32.879227, 37.338295, 0.0)
(32.889275, 37.338039, 0.0)
(32.892754, 37.316284, 0.0)
(32.905819, 37.301090, 0.0)
(32.924427, 37.265022, 0.0)
(32.918705, 37.244602, 0.0)
(32.903179, 37.244560, 0.0)
(32.889027, 37.288425, 0.0)
(32.882088, 37.296234, 0.0)
(32.889751, 37.278881, 0.0)
(32.894203, 37.267693, 0.0)
(32.891899, 37.277313, 0.0)
(32.886887, 37.263515, 0.0)
(32.888458, 37.255909, 0.0)
(32.891071, 37.254372, 0.0)
(32.896656, 37.254642, 0.0)
(34.217667, 39.039684, 0.0)
(34.812351, 39.983284, 0.0)
(34.815517, 39.949936, 0.0)
(34.760929, 39.946087, 0.0)
(34.733086, 39.917595, 0.0)
(34.716850, 39.972664, 0.0)
(34.842140, 40.575119, 0.0)
(34.822952, 40.592834, 0.0)
(34.833641, 40.553497, 0.0)
(34.814247, 40.513744, 0.0)
(34.780575, 40.529144, 0.0)
(34.768143, 40.531338, 0.0)
(34.760601, 40.551918, 0.0)
(34.760094, 40.531258, 0.0)
(34.762035, 40.521275, 0.0)
(34.775200, 40.521141, 0.0)
(34.775402, 40.526279, 0.0)
(34.759415, 40.523533, 0.0)
(34.756504, 40.528362, 0.0)
(34.735989, 40.534073, 0.0)
(34.731895, 40.541237, 0.0)
(34.731144, 40.565655, 0.0)
(34.729473, 40.592602, 0.0)
(34.734798, 40.601879, 0.0)
(34.742390, 40.595219, 0.0)
(34.737614, 40.590523, 0.0)
(34.733440, 40.552677, 0.0)
(34.717167, 40.582455, 0.0)
(34.723129, 40.538879, 0.0)
(34.698448, 40.575294, 0.0)
(34.673122, 40.612705, 0.0)
(34.690598, 40.632118, 0.0)
(34.725933, 40.624321, 0.0)
(34.746872, 40.639038, 0.0)
(34.760773, 40.612881, 0.0)
(34.751446, 40.573788, 0.0)
(34.749676, 40.567123, 0.0)
(34.758007, 40.541161, 0.0)
(35.174328, 38.397015, 0.0)
(35.426525, 35.475716, 0.0)
(35.543934, 35.305145, 0.0)
(35.526287, 35.380985, 0.0)
(35.496559, 35.362350, 0.0)
(35.563217, 35.262016, 0.0)
(35.879765, 34.785526, 0.0)
(35.900204, 34.741760, 0.0)
(35.884651, 34.726864, 0.0)
(35.915401, 34.699799, 0.0)
(35.899189, 34.670860, 0.0)
(35.851799, 34.644672, 0.0)
(35.819443, 34.617874, 0.0)
(35.832886, 34.655052, 0.0)
(35.821976, 34.650421, 0.0)
(35.829071, 34.663143, 0.0)
(35.832272, 34.659817, 0.0)
(35.823479, 34.612934, 0.0)
(35.811508, 34.612537, 0.0)
(35.799625, 34.619392, 0.0)
(35.793365, 34.630703, 0.0)
(35.778397, 34.635437, 0.0)
(35.776386, 34.663651, 0.0)
(35.779701, 34.684586, 0.0)
(35.779842, 34.679264, 0.0)
(35.772762, 34.663357, 0.0)
(35.775631, 34.640739, 0.0)
(35.797779, 34.625965, 0.0)
(35.799095, 34.615913, 0.0)
(35.779907, 34.617039, 0.0)
(35.769119, 34.635162, 0.0)
(35.751682, 34.682785, 0.0)
(35.759956, 34.679241, 0.0)
(35.776791, 34.652569, 0.0)
(35.789780, 34.651348, 0.0)
(35.793663, 34.664436, 0.0)
(35.797592, 34.654572, 0.0)
(37.838463, 33.756203, 0.0)
(41.833710, 32.077805, 0.0)
(44.267670, 31.983011, 0.0)
(44.739849, 32.170650, 0.0)
(44.752007, 32.195690, 0.0)
(44.746002, 32.179836, 0.0)
(44.775826, 32.122669, 0.0)
(44.788757, 32.109077, 0.0)
(44.789574, 32.043751, 0.0)
(44.786297, 32.039078, 0.0)
(44.797688, 32.029839, 0.0)
(44.808174, 31.992844, 0.0)
(44.805225, 32.014282, 0.0)
(44.784706, 32.044025, 0.0)
(44.774345, 32.062244, 0.0)
(44.771782, 32.060722, 0.0)
(44.775131, 32.084816, 0.0)
(44.761311, 32.048691, 0.0)
(44.747593, 32.092964, 0.0)
(44.742744, 32.090458, 0.0)
(44.742031, 32.109966, 0.0)
(44.719318, 32.112152, 0.0)
(44.709503, 32.135895, 0.0)
(44.691174, 32.165298, 0.0)
(44.684200, 32.171753, 0.0)
(44.685448, 32.201363, 0.0)
(44.683857, 32.253407, 0.0)
(44.685650, 32.253750, 0.0)
(44.654217, 32.249146, 0.0)
(44.653015, 32.249821, 0.0)
(44.656364, 32.242130, 0.0)
(44.661766, 32.236687, 0.0)
(44.639511, 32.219845, 0.0)
(44.619976, 32.262611, 0.0)
(44.612080, 32.261139, 0.0)
(44.609577, 32.262516, 0.0)
(44.609577, 32.262516, 0.0)
(44.617577, 32.276173, 0.0)
(43.604881, 32.072884, 0.0)
(39.283089, 31.793549, 0.0)
(36.478073, 32.153423, 0.0)
(36.079456, 32.192425, 0.0)
(36.043198, 32.193237, 0.0)
(36.022991, 32.183064, 0.0)
(35.681118, 32.007637, 0.0)
(35.614574, 31.981483, 0.0)
(35.639927, 31.938461, 0.0)
(35.640007, 31.896008, 0.0)
(35.636158, 31.871712, 0.0)
(35.641903, 31.869471, 0.0)
(35.634895, 31.825403, 0.0)
(35.583622, 31.855349, 0.0)
(35.580135, 31.878778, 0.0)
(35.574051, 31.886992, 0.0)
(35.572121, 31.893047, 0.0)
(35.582790, 31.875912, 0.0)
(35.632538, 31.858215, 0.0)
(35.641056, 31.858181, 0.0)
(35.630630, 31.881481, 0.0)
(35.642570, 31.896297, 0.0)
(35.612675, 31.915462, 0.0)
(35.583717, 31.926329, 0.0)
(35.583492, 31.929720, 0.0)
(35.583344, 31.930151, 0.0)
(35.561935, 31.943756, 0.0)
(35.548103, 31.969925, 0.0)
(35.585354, 31.981066, 0.0)
(35.596001, 31.986078, 0.0)
(35.612961, 31.979879, 0.0)
(35.593193, 31.949778, 0.0)
(35.574097, 31.946878, 0.0)
(35.557602, 31.978271, 0.0)
(35.548901, 32.004307, 0.0)
(35.538898, 32.020870, 0.0)
(35.536427, 32.023457, 0.0)
(35.545471, 32.016392, 0.0)
(35.545242, 32.000301, 0.0)
(37.903362, 32.518246, 0.0)
(42.761902, 34.915543, 0.0)
(45.956463, 37.943748, 0.0)
(47.559319, 39.669250, 0.0)
(47.742485, 39.982460, 0.0)
(47.741844, 39.968658, 0.0)
(47.751801, 39.962009, 0.0)
(47.749107, 39.936169, 0.0)
(47.763142, 39.937389, 0.0)
(47.787212, 39.881809, 0.0)
(48.095909, 38.809429, 0.0)
(48.117020, 38.696415, 0.0)
(48.114670, 38.715179, 0.0)
(48.091492, 38.726295, 0.0)
(48.076183, 38.731155, 0.0)
(48.062931, 38.734982, 0.0)
(48.054634, 38.727184, 0.0)
(48.022842, 38.716301, 0.0)
(48.021198, 38.701736, 0.0)
(48.013477, 38.700993, 0.0)
(48.002747, 38.692055, 0.0)
(48.000149, 38.682739, 0.0)
(47.773273, 38.495956, 0.0)
(47.740173, 38.507252, 0.0)
(47.730900, 38.514549, 0.0)
(47.737385, 38.529476, 0.0)
(47.718998, 38.515816, 0.0)
(47.719830, 38.511887, 0.0)
(47.702591, 38.502266, 0.0)
(47.691536, 38.515251, 0.0)
(47.693310, 38.536518, 0.0)
(47.688408, 38.502827, 0.0)
(47.679253, 38.531979, 0.0)
(47.664268, 38.546448, 0.0)
(47.658466, 38.539131, 0.0)
(47.655964, 38.534798, 0.0)
(47.663033, 38.554276, 0.0)
(46.513100, 36.761086, 0.0)
(46.548840, 36.723202, 0.0)
(46.606728, 36.758640, 0.0)
(46.627098, 36.739616, 0.0)
(46.659084, 36.750366, 0.0)
(46.674374, 36.718632, 0.0)
(46.694897, 36.748524, 0.0)
(46.719833, 36.770977, 0.0)
(46.733227, 36.763451, 0.0)
(46.735935, 36.739697, 0.0)
(46.735935, 36.725922, 0.0)
(46.728287, 36.735622, 0.0)
(46.713146, 36.760704, 0.0)
(46.697128, 36.764111, 0.0)
(46.681305, 36.776871, 0.0)
(46.681305, 36.776871, 0.0)
(46.679527, 36.788063, 0.0)
(46.681305, 36.776871, 0.0)
(46.674580, 36.796108, 0.0)
(46.678036, 36.818684, 0.0)
(46.669956, 36.798798, 0.0)
(46.667587, 36.795486, 0.0)
(46.683594, 36.763958, 0.0)
(46.674847, 36.762623, 0.0)
(46.680820, 36.801491, 0.0)
(46.686203, 36.810410, 0.0)
(46.669567, 36.851402, 0.0)
(46.669632, 36.837692, 0.0)
(46.666512, 36.857483, 0.0)
(46.642502, 36.820515, 0.0)
(46.658958, 36.831303, 0.0)
(46.649395, 36.793854, 0.0)
(46.621220, 36.774891, 0.0)
(46.603176, 36.800354, 0.0)
(46.595177, 36.799294, 0.0)
(46.570461, 36.794697, 0.0)
(46.367592, 36.745689, 0.0)
(42.325809, 34.248203, 0.0)
(39.508125, 33.351013, 0.0)
(39.464199, 33.396049, 0.0)
(39.462051, 33.397045, 0.0)
(39.427853, 33.350548, 0.0)
(39.411949, 33.363571, 0.0)
(39.393692, 33.345963, 0.0)
(39.363873, 33.320942, 0.0)
(39.401638, 33.328560, 0.0)
(39.382973, 33.279541, 0.0)
(39.361259, 33.254398, 0.0)
(39.356941, 33.261440, 0.0)
(39.356941, 33.261440, 0.0)
(39.351101, 33.262337, 0.0)
(39.367218, 33.244663, 0.0)
(39.345528, 33.262085, 0.0)
(39.301090, 33.305550, 0.0)
(39.304356, 33.326031, 0.0)
(39.290642, 33.337376, 0.0)
(39.299305, 33.316669, 0.0)
(39.277821, 33.345055, 0.0)
(39.296917, 33.352299, 0.0)
(39.299149, 33.350647, 0.0)
(39.260300, 33.374386, 0.0)
(39.253029, 33.375263, 0.0)
(39.241524, 33.376686, 0.0)
(39.230690, 33.406994, 0.0)
(39.240265, 33.439030, 0.0)
(39.235287, 33.468132, 0.0)
(39.229214, 33.473621, 0.0)
(39.232010, 33.481689, 0.0)
(39.230728, 33.473087, 0.0)
(39.218964, 33.465439, 0.0)
(39.212769, 33.485443, 0.0)
(39.217167, 33.472538, 0.0)
(39.185299, 33.456314, 0.0)
(39.168549, 33.449348, 0.0)
(39.154095, 33.489029, 0.0)
(37.557953, 35.318783, 0.0)
(36.262062, 36.868534, 0.0)
(36.156261, 36.886456, 0.0)
(36.172173, 36.853848, 0.0)
(36.144547, 36.830425, 0.0)
(36.098438, 36.813309, 0.0)
(36.081886, 36.743584, 0.0)
(36.030281, 36.756470, 0.0)
(36.013409, 36.759254, 0.0)
(36.013191, 36.761345, 0.0)
(36.007706, 36.758690, 0.0)
(35.996067, 36.735451, 0.0)
(36.002785, 36.696297, 0.0)
(36.000027, 36.661732, 0.0)
(36.000919, 36.660439, 0.0)
(36.006042, 36.637283, 0.0)
(35.975254, 36.638512, 0.0)
(35.935497, 36.639053, 0.0)
(35.908451, 36.639397, 0.0)
(35.851254, 36.600769, 0.0)
(35.757004, 36.616573, 0.0)
(35.741692, 36.607235, 0.0)
(35.712330, 36.570904, 0.0)
(35.643639, 36.529182, 0.0)
(35.627167, 36.482452, 0.0)
(35.608009, 36.476952, 0.0)
(35.606670, 36.499447, 0.0)
(35.649197, 36.471989, 0.0)
(35.647476, 36.504101, 0.0)
(35.645500, 36.499508, 0.0)
(35.645317, 36.505341, 0.0)
(35.646248, 36.506672, 0.0)
(35.652264, 36.489807, 0.0)
(35.656548, 36.482933, 0.0)
(35.670162, 36.463684, 0.0)
(35.680714, 36.443565, 0.0)
(35.699596, 36.418427, 0.0)
(35.763599, 36.310734, 0.0)
(36.156509, 36.042286, 0.0)
(40.654282, 34.541634, 0.0)
(43.104244, 34.261074, 0.0)
(43.247696, 34.357025, 0.0)
(43.227478, 34.366863, 0.0)
(43.183052, 34.379055, 0.0)
(43.149204, 34.346172, 0.0)
(43.175716, 34.292957, 0.0)
(43.190430, 34.299141, 0.0)
(43.186806, 34.261757, 0.0)
(43.190639, 34.245743, 0.0)
(43.184055, 34.233807, 0.0)
(43.148010, 34.264179, 0.0)
(43.119080, 34.268581, 0.0)
(43.117142, 34.274410, 0.0)
(43.091927, 34.247246, 0.0)
(43.093613, 34.268951, 0.0)
(43.093613, 34.268951, 0.0)
(43.087749, 34.284760, 0.0)
(43.088280, 34.298443, 0.0)
(43.109966, 34.310261, 0.0)
(43.173592, 34.312466, 0.0)
(43.191921, 34.327015, 0.0)
(43.214134, 34.329292, 0.0)
(43.225033, 34.318478, 0.0)
(43.241932, 34.250778, 0.0)
(43.231644, 34.270737, 0.0)
(43.230305, 34.308872, 0.0)
(43.232613, 34.335094, 0.0)
(43.204823, 34.326969, 0.0)
(43.176567, 34.327602, 0.0)
(43.166607, 34.324211, 0.0)
(43.176067, 34.343250, 0.0)
(43.172295, 34.353668, 0.0)
(43.167385, 34.345516, 0.0)
(43.190071, 34.325130, 0.0)
(43.209248, 34.207790, 0.0)
(42.930775, 34.052544, 0.0)
(40.495689, 32.599937, 0.0)
(39.017971, 31.234188, 0.0)
(38.733253, 31.194166, 0.0)
(38.740223, 31.305609, 0.0)
(38.728809, 31.346172, 0.0)
(38.721050, 31.349924, 0.0)
(38.677147, 31.328241, 0.0)
(38.502480, 31.055309, 0.0)
(39.067501, 31.194407, 0.0)
(39.000385, 30.612207, 0.0)
(39.061203, 30.776283, 0.0)
(39.055038, 30.826756, 0.0)
(39.074768, 30.817261, 0.0)
(39.102741, 30.822142, 0.0)
(39.104527, 30.808826, 0.0)
(39.079971, 30.808577, 0.0)
(39.072224, 30.812632, 0.0)
(39.049267, 30.842247, 0.0)
(39.052975, 30.879620, 0.0)
(39.060356, 30.882000, 0.0)
(39.042500, 30.894024, 0.0)
(39.029133, 30.914629, 0.0)
(39.039593, 30.909315, 0.0)
(39.039471, 30.924261, 0.0)
(39.013412, 30.922926, 0.0)
(39.007946, 30.938688, 0.0)
(39.005325, 30.974661, 0.0)
(39.010788, 30.980434, 0.0)
(39.016449, 31.013275, 0.0)
(39.020760, 31.030731, 0.0)
(39.021885, 31.026533, 0.0)
(39.015022, 30.988741, 0.0)
(38.994900, 30.980995, 0.0)
(38.984474, 30.983408, 0.0)
(38.992683, 31.011747, 0.0)
(38.479153, 31.509783, 0.0)
(35.373161, 34.256271, 0.0)
(33.531658, 36.285892, 0.0)
(33.270123, 36.658436, 0.0)
(33.252285, 36.615997, 0.0)
(33.230904, 36.584583, 0.0)
(33.205685, 36.536846, 0.0)
(33.190022, 36.543312, 0.0)
(33.163948, 36.595352, 0.0)
(33.180611, 36.569695, 0.0)
(33.182854, 36.531303, 0.0)
(33.185074, 36.514786, 0.0)
(33.206211, 36.486412, 0.0)
(33.218395, 36.449657, 0.0)
(33.191216, 36.450462, 0.0)
(33.173748, 36.463173, 0.0)
(33.162743, 36.507057, 0.0)
(33.163841, 36.507183, 0.0)
(33.145607, 36.527493, 0.0)
(33.148697, 36.545521, 0.0)
(33.140987, 36.555462, 0.0)
(33.136784, 36.571930, 0.0)
(33.128605, 36.520672, 0.0)
(33.119755, 36.511478, 0.0)
(33.113014, 36.505180, 0.0)
(33.124172, 36.542736, 0.0)
(33.122471, 36.557983, 0.0)
(33.126465, 36.598129, 0.0)
(33.138317, 36.586510, 0.0)
(33.142879, 36.576714, 0.0)
(33.158642, 36.565353, 0.0)
(33.160892, 36.553844, 0.0)
(33.184860, 36.481277, 0.0)
(33.157413, 36.474613, 0.0)
(33.153210, 36.513203, 0.0)
(33.151363, 36.545929, 0.0)
(33.157471, 36.528313, 0.0)
(33.176270, 36.529743, 0.0)
(35.301205, 37.189632, 0.0)
(39.156410, 39.260811, 0.0)
(39.811134, 39.716156, 0.0)
(39.795261, 39.675762, 0.0)
(39.762333, 39.642933, 0.0)
(39.732330, 39.589188, 0.0)
(39.708214, 39.579277, 0.0)
(39.657841, 39.548717, 0.0)
(39.645344, 39.513912, 0.0)
(39.640839, 39.517612, 0.0)
(39.586773, 39.505581, 0.0)
(39.593414, 39.478592, 0.0)
(39.586178, 39.463806, 0.0)
(39.589691, 39.434135, 0.0)
(39.564800, 39.445290, 0.0)
(39.537086, 39.455437, 0.0)
(39.523872, 39.387463, 0.0)
(39.442039, 39.173748, 0.0)
(39.868725, 41.234852, 0.0)
(39.359592, 40.510197, 0.0)
(39.335148, 39.695175, 0.0)
(39.295464, 39.195560, 0.0)
(39.240852, 38.955410, 0.0)
(39.241314, 38.845810, 0.0)
(39.240269, 38.869232, 0.0)
(39.223286, 38.972057, 0.0)
(39.242313, 38.949211, 0.0)
(39.264149, 38.949615, 0.0)
(39.263161, 38.970619, 0.0)
(39.244358, 38.992363, 0.0)
(39.252316, 39.016869, 0.0)
(39.262802, 39.029442, 0.0)
(39.258820, 39.012924, 0.0)
(39.233639, 38.995354, 0.0)
(39.215515, 39.054386, 0.0)
(39.214420, 39.075527, 0.0)
(39.216053, 39.077286, 0.0)
(39.285919, 39.031120, 0.0)
(41.597725, 36.407074, 0.0)
(41.956924, 36.267399, 0.0)
(42.024433, 36.293709, 0.0)
(42.000870, 36.231964, 0.0)
(41.985439, 36.150387, 0.0)
(41.986000, 36.166019, 0.0)
(41.988667, 36.187054, 0.0)
(41.652470, 36.128727, 0.0)
(41.634731, 36.189198, 0.0)
(41.655140, 36.165913, 0.0)
(41.670341, 36.149601, 0.0)
(41.673538, 36.118763, 0.0)
(41.658077, 36.098980, 0.0)
(41.685196, 36.096935, 0.0)
(41.686005, 36.082561, 0.0)
(41.664806, 36.109291, 0.0)
(41.652912, 36.139175, 0.0)
(41.660427, 36.148945, 0.0)
(41.622696, 36.158081, 0.0)
(41.626652, 36.184277, 0.0)
(41.616253, 36.198215, 0.0)
(41.594177, 36.191154, 0.0)
(41.588959, 36.194927, 0.0)
(41.573921, 36.179222, 0.0)
(41.564026, 36.160557, 0.0)
(41.553848, 36.155529, 0.0)
(41.545979, 36.195305, 0.0)
(41.524757, 36.233784, 0.0)
(41.521782, 36.285633, 0.0)
(41.502861, 36.297115, 0.0)
(41.489155, 36.272785, 0.0)
(41.484707, 36.277222, 0.0)
(41.484135, 36.274910, 0.0)
(41.494442, 36.268345, 0.0)
(41.487198, 36.252499, 0.0)
(41.473946, 36.261501, 0.0)
(41.422722, 36.288425, 0.0)
(41.404804, 36.342346, 0.0)
(40.152119, 36.119457, 0.0)
(36.391438, 35.447308, 0.0)
(34.442509, 35.541691, 0.0)
(34.328419, 35.611961, 0.0)
(34.348885, 35.576950, 0.0)
(34.309258, 35.504089, 0.0)
(34.281544, 35.479904, 0.0)
(34.292202, 35.460220, 0.0)
(34.270664, 35.421440, 0.0)
(34.267174, 35.449554, 0.0)
(34.258705, 35.466167, 0.0)
(34.249901, 35.452209, 0.0)
(34.251385, 35.415474, 0.0)
(34.256104, 35.399094, 0.0)
(34.255245, 35.385872, 0.0)
(34.259747, 35.347622, 0.0)
(34.243210, 35.356030, 0.0)
(34.240906, 35.408096, 0.0)
(34.236042, 35.432304, 0.0)
(34.237816, 35.431515, 0.0)
(34.207539, 35.426342, 0.0)
(34.167683, 35.451725, 0.0)
(34.139927, 35.467178, 0.0)
(34.158314, 35.442371, 0.0)
(34.161194, 35.426548, 0.0)
(34.157841, 35.429455, 0.0)
(34.156219, 35.444305, 0.0)
(34.156219, 35.444305, 0.0)
(34.163078, 35.446770, 0.0)
(34.156219, 35.444305, 0.0)
(34.171917, 35.413475, 0.0)
(34.177288, 35.393780, 0.0)
(34.190666, 35.383698, 0.0)
(34.216881, 35.341053, 0.0)
(34.242603, 35.330101, 0.0)
(34.227043, 35.323231, 0.0)
(34.226822, 35.328308, 0.0)
(34.233047, 35.332142, 0.0)
(36.474422, 34.113293, 0.0)
(41.012852, 32.075592, 0.0)
(43.925228, 31.911005, 0.0)
(44.375938, 32.086231, 0.0)
(44.395927, 32.092594, 0.0)
(44.378704, 32.089058, 0.0)
(44.355358, 32.031609, 0.0)
(44.349667, 31.992218, 0.0)
(44.350063, 31.984432, 0.0)
(44.330978, 31.981163, 0.0)
(44.306808, 31.956356, 0.0)
(44.264622, 31.952816, 0.0)
(44.246895, 31.948811, 0.0)
(44.209766, 31.931005, 0.0)
(44.179535, 31.925756, 0.0)
(44.147621, 31.962992, 0.0)
(44.128407, 31.959541, 0.0)
(44.115608, 31.949173, 0.0)
(44.064850, 31.985497, 0.0)
(44.037724, 32.004860, 0.0)
(44.018574, 32.029861, 0.0)
(43.980549, 32.084396, 0.0)
(43.883888, 32.130924, 0.0)
(43.834503, 32.156879, 0.0)
(43.806355, 32.151962, 0.0)
(43.792660, 32.167385, 0.0)
(43.781403, 32.175621, 0.0)
(43.768490, 32.166794, 0.0)
(43.761036, 32.182014, 0.0)
(43.766449, 32.206394, 0.0)
(43.759983, 32.191223, 0.0)
(43.759209, 32.186760, 0.0)
(43.764420, 32.185219, 0.0)
(43.767048, 32.174503, 0.0)
(43.764420, 32.185219, 0.0)
(43.764420, 32.185219, 0.0)
(43.762398, 32.175381, 0.0)
(43.767872, 32.122032, 0.0)
(42.244499, 33.037643, 0.0)
(38.491451, 35.515324, 0.0)
(37.510849, 36.280697, 0.0)
(37.426575, 36.264107, 0.0)
(37.406769, 36.265099, 0.0)
(37.384369, 36.184338, 0.0)
(37.392086, 36.144661, 0.0)
(37.389229, 36.025307, 0.0)
(37.410629, 35.959072, 0.0)
(37.379379, 35.906681, 0.0)
(37.369686, 35.879639, 0.0)
(37.373226, 35.913685, 0.0)
(37.365425, 35.934433, 0.0)
(37.344704, 35.947094, 0.0)
(37.298290, 35.898136, 0.0)
(37.227898, 35.675716, 0.0)
(37.268200, 36.968422, 0.0)
(37.179718, 35.184219, 0.0)
(37.075714, 35.157192, 0.0)
(37.087357, 35.281361, 0.0)
(37.063263, 35.419754, 0.0)
(37.077469, 35.484203, 0.0)
(37.090050, 35.535454, 0.0)
(37.113907, 35.545258, 0.0)
(37.117455, 35.545712, 0.0)
(37.119778, 35.542503, 0.0)
(37.129417, 35.559517, 0.0)
(37.127197, 35.546909, 0.0)
(37.113586, 35.583885, 0.0)
(37.113266, 35.608994, 0.0)
(37.109413, 35.618019, 0.0)
(37.115425, 35.634590, 0.0)
(37.123817, 35.616447, 0.0)
(37.115520, 35.627987, 0.0)
(37.123932, 35.603077, 0.0)
(37.162586, 35.584270, 0.0)
(37.180363, 35.596962, 0.0)
(37.222351, 35.644970, 0.0)
(41.088741, 34.014194, 0.0)
(44.202412, 33.409241, 0.0)
(44.639198, 33.497467, 0.0)
(44.643337, 33.496979, 0.0)
(44.643776, 33.465389, 0.0)
(44.624355, 33.397320, 0.0)
(44.626163, 33.363892, 0.0)
(44.624920, 33.339745, 0.0)
(44.593803, 33.283672, 0.0)
(44.597435, 33.297981, 0.0)
(44.573971, 33.306057, 0.0)
(44.555462, 33.300716, 0.0)
(44.531208, 33.289082, 0.0)
(44.526985, 33.291206, 0.0)
(44.496181, 33.323399, 0.0)
(44.483654, 33.318981, 0.0)
(44.502110, 33.316425, 0.0)
(44.467541, 33.335972, 0.0)
(44.437431, 33.339283, 0.0)
(44.393063, 33.391235, 0.0)
(44.390495, 33.393734, 0.0)
(44.368778, 33.380341, 0.0)
(44.365360, 33.356640, 0.0)
(44.352627, 33.369663, 0.0)
(44.334099, 33.356174, 0.0)
(44.316681, 33.359337, 0.0)
(44.332016, 33.374416, 0.0)
(44.305420, 33.413208, 0.0)
(44.296658, 33.424770, 0.0)
(44.297192, 33.424572, 0.0)
(44.298000, 33.425499, 0.0)
(44.286667, 33.435440, 0.0)
(44.264534, 33.455414, 0.0)
(44.264709, 33.460560, 0.0)
(44.263069, 33.450256, 0.0)
(44.271297, 33.446369, 0.0)
(44.710049, 34.218449, 0.0)
(46.300751, 37.634483, 0.0)
(46.725002, 38.928364, 0.0)
(46.680096, 39.017429, 0.0)
(46.606304, 38.987560, 0.0)
(46.587185, 38.956928, 0.0)
(46.590401, 38.935863, 0.0)
(46.579586, 38.899654, 0.0)
(46.548889, 38.898548, 0.0)
(46.554176, 38.906536, 0.0)
(46.559059, 38.922810, 0.0)
(46.567902, 38.920139, 0.0)
(46.571220, 38.917934, 0.0)
(46.564041, 38.914978, 0.0)
(46.553982, 38.887001, 0.0)
(46.548187, 38.832161, 0.0)
(46.536919, 38.818291, 0.0)
(46.530766, 38.806496, 0.0)
(46.531540, 38.804684, 0.0)
(46.481270, 38.813789, 0.0)
(46.498245, 38.823334, 0.0)
(46.470734, 38.812546, 0.0)
(46.466751, 38.816242, 0.0)
(46.491810, 38.802242, 0.0)
(46.491905, 38.801449, 0.0)
(46.481754, 38.792130, 0.0)
(46.485340, 38.783859, 0.0)
(46.472004, 38.815163, 0.0)
(46.465511, 38.840771, 0.0)
(46.519386, 38.849190, 0.0)
(46.521683, 38.869431, 0.0)
(46.514488, 38.878651, 0.0)
(46.518764, 38.900448, 0.0)
(46.507160, 38.862392, 0.0)
(46.477924, 38.820293, 0.0)
(46.514580, 38.784756, 0.0)
(46.517223, 38.748585, 0.0)
(46.494808, 38.787918, 0.0)
(46.466599, 38.822395, 0.0)
(46.482136, 38.817646, 0.0)
(46.169037, 35.595184, 0.0)
(46.123707, 33.820358, 0.0)
(46.133461, 33.527634, 0.0)
(46.142761, 33.586197, 0.0)
(46.128143, 33.600964, 0.0)
(46.120342, 33.581635, 0.0)
(46.106949, 33.550255, 0.0)
(45.865681, 33.443829, 0.0)
(45.728653, 32.137115, 0.0)
(45.780174, 32.204433, 0.0)
(45.793251, 32.363983, 0.0)
(45.849983, 32.450798, 0.0)
(45.826500, 32.498089, 0.0)
(45.775349, 32.514641, 0.0)
(45.723461, 32.500668, 0.0)
(45.723011, 32.513569, 0.0)
(45.692505, 32.517967, 0.0)
(45.662094, 32.525661, 0.0)
(45.636055, 32.551994, 0.0)
(45.623821, 32.552601, 0.0)
(45.619839, 32.587292, 0.0)
(45.633514, 32.623444, 0.0)
(45.635788, 32.629200, 0.0)
(45.604355, 32.641174, 0.0)
(45.626205, 32.689232, 0.0)
(45.632309, 32.712463, 0.0)
(45.628429, 32.719898, 0.0)
(45.622189, 32.746880, 0.0)
(45.621735, 32.778099, 0.0)
(45.613342, 32.794514, 0.0)
(45.618313, 32.803013, 0.0)
(45.635593, 32.811111, 0.0)
(45.635593, 32.811111, 0.0)
(45.657990, 32.830196, 0.0)
(45.628670, 32.797539, 0.0)
(44.262184, 34.159260, 0.0)
(41.645885, 37.448185, 0.0)
(41.203701, 38.168083, 0.0)
(41.074463, 38.159210, 0.0)
(41.042877, 38.126289, 0.0)
(41.024704, 38.105576, 0.0)
(41.001995, 38.088871, 0.0)
(40.971306, 38.054607, 0.0)
(40.972179, 37.986382, 0.0)
(40.970650, 37.960739, 0.0)
(41.001080, 37.947742, 0.0)
(41.007626, 37.938538, 0.0)
(41.001770, 37.933537, 0.0)
(40.993561, 37.921684, 0.0)
(40.982944, 37.886356, 0.0)
(40.958389, 37.853199, 0.0)
(40.948387, 37.857838, 0.0)
(40.945854, 37.810879, 0.0)
(40.936176, 37.812923, 0.0)
(40.926208, 37.815235, 0.0)
(40.949173, 37.828899, 0.0)
(40.948666, 37.856522, 0.0)
(40.954453, 37.861923, 0.0)
(40.955025, 37.866665, 0.0)
(40.949841, 37.883778, 0.0)
(40.949520, 37.850266, 0.0)
(40.950439, 37.823914, 0.0)
(40.952343, 37.810150, 0.0)
(40.948738, 37.818130, 0.0)
(40.949856, 37.850574, 0.0)
(40.951988, 37.870201, 0.0)
(40.952908, 37.861320, 0.0)
(40.952995, 37.866230, 0.0)
(40.945457, 37.871819, 0.0)
(40.956322, 37.862541, 0.0)
(40.942593, 37.817051, 0.0)
(40.958534, 37.785480, 0.0)
(40.952732, 37.778976, 0.0)
(41.123558, 38.159107, 0.0)
(41.822384, 39.487350, 0.0)
(41.838650, 39.570164, 0.0)
(41.823681, 39.533001, 0.0)
(41.810150, 39.507690, 0.0)
(41.794476, 39.500000, 0.0)
(41.786690, 39.497944, 0.0)
(41.777313, 39.492676, 0.0)
(41.747410, 39.493301, 0.0)
(41.747894, 39.490108, 0.0)
(41.744682, 39.489113, 0.0)
(41.718243, 39.456867, 0.0)
(41.713280, 39.426010, 0.0)
(41.691074, 39.414417, 0.0)
(41.681664, 39.413090, 0.0)
(41.671638, 39.399033, 0.0)
(41.659603, 39.386242, 0.0)
(41.661636, 39.365929, 0.0)
(41.635479, 39.371819, 0.0)
(41.618294, 39.391903, 0.0)
(41.609116, 39.415825, 0.0)
(41.592976, 39.411514, 0.0)
(41.601681, 39.424187, 0.0)
(41.602520, 39.417328, 0.0)
(41.600082, 39.420559, 0.0)
(41.608932, 39.413860, 0.0)
(41.601608, 39.403301, 0.0)
(41.584347, 39.421131, 0.0)
(41.584259, 39.430180, 0.0)
(41.567741, 39.489536, 0.0)
(41.569065, 39.507427, 0.0)
(41.568645, 39.503086, 0.0)
(41.588131, 39.506371, 0.0)
(41.590740, 39.512310, 0.0)
(41.596363, 39.503223, 0.0)
(41.597191, 39.491928, 0.0)
(41.608707, 39.488018, 0.0)
(40.878815, 39.363541, 0.0)
(37.233974, 38.731636, 0.0)
(35.042374, 39.141281, 0.0)
(34.904972, 39.217232, 0.0)
(34.910709, 39.169189, 0.0)
(34.858887, 39.126785, 0.0)
(34.853943, 39.085484, 0.0)
(34.836555, 39.064915, 0.0)
(34.832005, 39.051922, 0.0)
(34.817650, 38.993584, 0.0)
(34.801521, 38.959473, 0.0)
(34.784412, 38.959602, 0.0)
(34.784412, 38.959602, 0.0)
(34.785511, 38.974003, 0.0)
(34.777740, 38.958511, 0.0)
(34.777203, 38.959282, 0.0)
(34.806828, 38.927967, 0.0)
(34.816723, 38.880749, 0.0)
(34.802311, 38.865364, 0.0)
(34.768970, 38.896194, 0.0)
(34.745182, 38.897755, 0.0)
(34.761753, 38.911613, 0.0)
(34.777973, 38.906559, 0.0)
(34.777973, 38.903969, 0.0)
(34.791183, 38.902565, 0.0)
(34.774567, 38.887524, 0.0)
(34.764503, 38.856598, 0.0)
(34.779610, 38.843395, 0.0)
(34.769794, 38.828785, 0.0)
(34.768818, 38.844799, 0.0)
(34.804909, 38.882294, 0.0)
(34.812046, 38.877731, 0.0)
(34.824547, 38.879593, 0.0)
(34.829517, 38.871742, 0.0)
(34.855785, 38.861992, 0.0)
(34.867794, 38.815960, 0.0)
(34.864594, 38.789524, 0.0)
(34.887943, 38.850685, 0.0)
(34.956402, 38.805016, 0.0)
(37.073559, 35.720421, 0.0)
(37.605297, 34.877441, 0.0)
(37.589428, 34.890530, 0.0)
(37.524223, 34.924637, 0.0)
(37.478947, 34.878651, 0.0)
(37.461014, 34.851280, 0.0)
(37.435745, 34.827293, 0.0)
(37.384686, 34.832745, 0.0)
(37.371094, 34.781872, 0.0)
(37.364716, 34.781872, 0.0)
(37.351028, 34.800278, 0.0)
(37.356983, 34.784843, 0.0)
(37.348885, 34.796642, 0.0)
(37.343006, 34.804062, 0.0)
(37.359344, 34.839142, 0.0)
(37.360424, 34.837341, 0.0)
(37.344429, 34.819389, 0.0)
(37.311493, 34.842113, 0.0)
(37.339100, 34.829102, 0.0)
(37.320744, 34.850975, 0.0)
(37.331371, 34.837929, 0.0)
(37.339016, 34.840210, 0.0)
(37.336342, 34.837105, 0.0)
(37.329762, 34.842381, 0.0)
(37.334091, 34.847584, 0.0)
(37.317730, 34.857613, 0.0)
(37.304115, 34.863106, 0.0)
(37.310841, 34.886280, 0.0)
(37.299397, 34.912598, 0.0)
(37.306671, 34.928234, 0.0)
(37.315498, 34.934021, 0.0)
(37.322514, 34.930698, 0.0)
(37.338364, 34.923401, 0.0)
(37.346977, 34.939873, 0.0)
(37.359856, 34.931236, 0.0)
(37.360134, 34.932415, 0.0)
(37.392765, 35.039951, 0.0)
(40.930397, 38.123219, 0.0)
(43.659988, 40.550190, 0.0)
(44.069145, 40.976776, 0.0)
(44.046677, 40.958736, 0.0)
(44.015331, 40.873917, 0.0)
(43.990326, 40.829823, 0.0)
(43.985241, 40.796391, 0.0)
(43.963875, 40.740868, 0.0)
(43.956295, 40.740738, 0.0)
(43.943253, 40.740463, 0.0)
(43.924763, 40.736469, 0.0)
(43.927074, 40.745953, 0.0)
(43.930183, 40.764706, 0.0)
(43.924877, 40.759953, 0.0)
(43.902756, 40.749947, 0.0)
(43.909126, 40.728725, 0.0)
(43.902695, 40.700703, 0.0)
(43.880558, 40.692520, 0.0)
(43.858982, 40.706398, 0.0)
(43.841263, 40.711250, 0.0)
(43.847862, 40.713844, 0.0)
(43.849892, 40.702278, 0.0)
(43.846970, 40.685520, 0.0)
(43.846096, 40.664181, 0.0)
(43.868069, 40.620228, 0.0)
(43.866871, 40.591599, 0.0)
(43.864231, 40.575069, 0.0)
(43.855427, 40.609161, 0.0)
(43.855152, 40.621925, 0.0)
(43.844158, 40.639641, 0.0)
(43.845459, 40.630665, 0.0)
(43.851303, 40.623165, 0.0)
(43.856480, 40.616493, 0.0)
(43.908409, 40.601482, 0.0)
(43.900352, 40.570183, 0.0)
(43.887951, 40.598885, 0.0)
(43.895561, 40.594940, 0.0)
(43.762745, 40.578259, 0.0)
(39.978676, 39.989670, 0.0)
(37.404095, 40.052483, 0.0)
(37.332150, 39.950821, 0.0)
(37.320663, 39.890202, 0.0)
(37.303116, 39.844429, 0.0)
(37.275589, 39.809765, 0.0)
(37.255737, 39.816639, 0.0)
(37.244675, 39.782421, 0.0)
(37.233685, 39.764824, 0.0)
(37.212414, 39.769081, 0.0)
(37.189949, 39.761158, 0.0)
(37.190590, 39.735733, 0.0)
(37.183155, 39.720478, 0.0)
(37.179192, 39.692467, 0.0)
(37.167721, 39.637764, 0.0)
(37.150333, 39.641155, 0.0)
(37.126038, 39.651516, 0.0)
(37.110500, 39.654480, 0.0)
(37.101963, 39.661694, 0.0)
(37.097111, 39.647263, 0.0)
(37.097240, 39.633263, 0.0)
(37.092514, 39.649632, 0.0)
(37.051468, 39.639267, 0.0)
(37.043983, 39.629257, 0.0)
(37.029324, 39.616695, 0.0)
(37.010712, 39.627209, 0.0)
(37.026436, 39.675392, 0.0)
(37.020927, 39.687866, 0.0)
(37.022560, 39.700054, 0.0)
(37.049110, 39.718658, 0.0)
(37.042435, 39.716217, 0.0)
(37.059326, 39.679142, 0.0)
(37.071728, 39.667889, 0.0)
(37.073032, 39.662571, 0.0)
(37.057335, 39.674911, 0.0)
(37.067272, 39.702435, 0.0)
(37.420898, 39.505238, 0.0)
(41.763035, 37.086353, 0.0)
(45.359295, 35.735134, 0.0)
(47.470398, 35.146881, 0.0)
(48.094368, 34.581356, 0.0)
(48.155537, 34.498436, 0.0)
(48.145885, 34.485226, 0.0)
(48.133636, 34.481209, 0.0)
(48.142059, 34.493141, 0.0)
(48.135933, 34.471844, 0.0)
(48.155613, 34.498550, 0.0)
(48.141632, 34.469269, 0.0)
(48.133789, 34.456760, 0.0)
(48.116512, 34.408447, 0.0)
(48.095207, 34.343288, 0.0)
(48.066124, 34.241112, 0.0)
(48.053699, 34.149593, 0.0)
(48.024693, 34.135189, 0.0)
(47.978214, 34.091213, 0.0)
(47.933434, 34.031422, 0.0)
(47.911808, 33.943264, 0.0)
(47.876812, 33.856747, 0.0)
(47.830475, 33.815197, 0.0)
(47.813084, 33.733902, 0.0)
(47.772396, 33.697914, 0.0)
(47.757393, 33.723969, 0.0)
(47.789028, 33.730961, 0.0)
(47.815514, 33.735149, 0.0)
(47.784309, 33.717083, 0.0)
(47.780922, 33.725609, 0.0)
(47.784622, 33.743626, 0.0)
(47.768787, 33.781311, 0.0)
(47.788582, 33.768475, 0.0)
(47.843391, 33.675896, 0.0)
(47.968052, 33.597355, 0.0)
(47.962498, 33.490841, 0.0)
(47.925892, 33.469032, 0.0)
(47.800209, 33.503746, 0.0)
(47.384251, 33.461079, 0.0)
(43.301212, 31.712973, 0.0)
(42.137505, 31.375027, 0.0)
(42.144192, 31.407885, 0.0)
(42.216827, 31.494753, 0.0)
(42.288876, 31.507994, 0.0)
(42.322296, 31.511921, 0.0)
(42.296413, 31.504902, 0.0)
(42.245842, 31.534216, 0.0)
(42.246201, 31.526602, 0.0)
(42.250870, 31.539755, 0.0)
(42.263382, 31.573193, 0.0)
(42.279419, 31.596581, 0.0)
(42.289833, 31.584072, 0.0)
(42.263805, 31.529968, 0.0)
(42.234409, 31.479507, 0.0)
(42.231392, 31.483980, 0.0)
(42.257854, 31.469852, 0.0)
(42.262012, 31.472857, 0.0)
(42.302860, 31.422323, 0.0)
(42.364235, 31.435638, 0.0)
(42.368610, 31.435751, 0.0)
(42.364235, 31.435638, 0.0)
(42.364235, 31.435638, 0.0)
(42.346966, 31.444595, 0.0)
(42.335476, 31.463709, 0.0)
(42.328213, 31.511070, 0.0)
(42.353680, 31.531609, 0.0)
(42.355896, 31.576395, 0.0)
(42.332344, 31.572298, 0.0)
(42.337296, 31.589388, 0.0)
(42.343033, 31.570356, 0.0)
(42.340935, 31.538078, 0.0)
(42.303123, 31.524263, 0.0)
(42.304871, 31.550144, 0.0)
(42.315914, 31.566591, 0.0)
(42.292740, 31.557465, 0.0)
(42.289398, 31.572258, 0.0)
(42.435829, 31.621429, 0.0)
(45.311684, 33.232845, 0.0)
(47.872353, 35.767410, 0.0)
(48.763161, 37.734230, 0.0)
(48.747517, 38.025688, 0.0)
(48.732975, 38.010223, 0.0)
(48.721447, 38.006233, 0.0)
(48.707973, 37.957630, 0.0)
(48.699272, 37.864300, 0.0)
(46.995483, 37.503345, 0.0)
(42.102531, 36.996441, 0.0)
(38.235256, 38.210041, 0.0)
(35.811211, 39.840790, 0.0)
(34.865425, 40.393181, 0.0)
(34.834396, 40.325775, 0.0)
(34.783497, 40.232288, 0.0)
(34.764954, 40.174809, 0.0)
(34.736622, 40.142300, 0.0)
(34.188786, 36.607365, 0.0)
(33.608479, 33.393578, 0.0)
(33.455376, 33.230057, 0.0)
(33.344826, 33.298424, 0.0)
(33.307640, 33.324577, 0.0)
(33.312752, 33.346970, 0.0)
(33.312744, 33.363029, 0.0)
(33.691635, 33.767998, 0.0)
(35.995121, 36.717049, 0.0)
(36.579586, 38.370594, 0.0)
(36.548779, 38.333355, 0.0)
(36.446548, 38.271931, 0.0)
(36.356327, 38.280685, 0.0)
(36.341457, 38.286442, 0.0)
(36.317001, 38.291382, 0.0)
(36.313889, 38.278099, 0.0)
(36.330040, 38.245861, 0.0)
(36.320793, 38.224129, 0.0)
(36.319153, 38.188622, 0.0)
(38.087662, 37.959198, 0.0)
(39.489254, 37.935658, 0.0)
(39.577232, 37.963055, 0.0)
(39.562534, 37.971176, 0.0)
(39.549957, 37.919788, 0.0)
(39.530643, 37.916988, 0.0)
(39.449589, 37.665630, 0.0)
(39.230824, 37.532413, 0.0)
(39.238110, 39.086685, 0.0)
(39.003773, 39.485863, 0.0)
(39.275635, 38.665123, 0.0)
(39.313786, 38.091671, 0.0)
(39.326061, 37.810261, 0.0)
(39.368084, 37.844204, 0.0)
(39.396702, 37.988129, 0.0)
(39.410110, 38.054817, 0.0)
(39.422199, 38.032295, 0.0)
(39.426762, 37.871078, 0.0)
(39.506569, 39.250149, 0.0)
(39.408222, 39.034607, 0.0)
(39.463161, 37.785046, 0.0)
(39.548702, 37.734688, 0.0)
(39.585102, 37.949383, 0.0)
(39.580761, 38.060379, 0.0)
(39.592262, 38.121597, 0.0)
(39.602379, 38.072384, 0.0)
(39.575638, 38.081795, 0.0)
(39.567703, 38.093334, 0.0)
(39.573441, 38.098034, 0.0)
(39.581589, 38.104084, 0.0)
(39.597267, 38.104916, 0.0)
(39.611595, 38.107559, 0.0)
(39.612061, 38.096249, 0.0)
(39.596191, 38.073036, 0.0)
(39.602524, 38.087029, 0.0)
(39.621147, 38.139103, 0.0)
(41.294281, 34.926685, 0.0)
(41.589443, 32.306641, 0.0)
(41.554615, 32.189735, 0.0)
(41.562061, 32.215878, 0.0)
(41.536453, 32.194542, 0.0)
(41.457798, 32.142296, 0.0)
(41.468880, 32.097034, 0.0)
(41.476238, 31.988195, 0.0)
(41.353714, 31.803534, 0.0)
(41.181984, 31.640020, 0.0)
(41.118996, 31.071087, 0.0)
(41.286430, 31.309008, 0.0)
(41.512367, 31.605043, 0.0)
(41.574600, 31.669464, 0.0)
(41.581654, 31.648848, 0.0)
(41.584831, 31.637169, 0.0)
(41.582531, 31.623932, 0.0)
(41.575756, 31.663033, 0.0)
(41.535557, 31.680878, 0.0)
(41.500572, 31.702284, 0.0)
(41.505108, 31.721798, 0.0)
(41.470982, 31.726738, 0.0)
(41.464462, 31.715710, 0.0)
(41.449280, 31.713169, 0.0)
(41.437218, 31.684219, 0.0)
(41.428387, 31.694721, 0.0)
(41.438187, 31.750357, 0.0)
(41.460197, 31.777889, 0.0)
(41.469509, 31.787140, 0.0)
(41.460857, 31.774054, 0.0)
(41.496578, 31.790602, 0.0)
(41.460705, 31.761965, 0.0)
(41.429371, 31.777798, 0.0)
(41.421738, 31.754967, 0.0)
(41.418041, 31.745230, 0.0)
(41.379833, 31.787216, 0.0)
(41.383133, 31.799606, 0.0)
(41.380760, 31.800789, 0.0)
(39.570164, 32.020390, 0.0)
(35.760891, 32.484734, 0.0)
(34.182358, 32.940987, 0.0)
(34.137478, 33.014839, 0.0)
(34.139648, 32.950993, 0.0)
(34.108852, 32.964306, 0.0)
(34.102974, 32.951603, 0.0)
(34.081318, 32.965744, 0.0)
(34.071095, 32.976894, 0.0)
(34.081497, 32.942791, 0.0)
(34.094898, 32.917320, 0.0)
(34.087963, 32.912376, 0.0)
(34.085915, 32.894299, 0.0)
(34.090340, 32.891918, 0.0)
(34.087719, 32.883156, 0.0)
(34.092178, 32.890614, 0.0)
(34.133377, 32.935047, 0.0)
(34.129818, 32.954727, 0.0)
(34.121746, 32.948330, 0.0)
(34.148071, 32.931782, 0.0)
(34.144348, 32.925362, 0.0)
(34.146317, 32.915470, 0.0)
(34.165474, 32.884602, 0.0)
(34.182426, 32.883236, 0.0)
(34.190701, 32.906055, 0.0)
(34.187817, 32.948826, 0.0)
(34.180798, 32.971508, 0.0)
(34.167656, 32.961189, 0.0)
(34.172874, 32.941219, 0.0)
(34.172874, 32.941219, 0.0)
(34.167946, 32.925735, 0.0)
(34.176926, 32.912922, 0.0)
(34.165901, 32.890991, 0.0)
(34.166233, 32.900089, 0.0)
(34.169327, 32.878719, 0.0)
(34.169327, 32.878719, 0.0)
(34.178314, 32.878426, 0.0)
(34.341736, 33.053188, 0.0)
(36.758121, 35.184879, 0.0)
(38.064537, 37.415386, 0.0)
(38.112003, 37.467731, 0.0)
(38.056885, 37.400703, 0.0)
(37.998562, 37.423962, 0.0)
(37.983261, 37.411057, 0.0)
(37.987175, 37.371532, 0.0)
(37.947178, 37.244946, 0.0)
(37.765919, 37.205345, 0.0)
(37.595963, 37.122047, 0.0)
(37.723175, 36.725643, 0.0)
(37.738056, 36.565769, 0.0)
(37.746861, 36.561272, 0.0)
(37.760258, 36.606953, 0.0)
(37.764706, 36.679104, 0.0)
(37.774635, 36.684162, 0.0)
(37.782272, 36.712090, 0.0)
(37.786915, 36.724495, 0.0)
(37.785019, 36.753689, 0.0)
(37.769531, 36.771568, 0.0)
(37.777485, 36.776093, 0.0)
(37.751595, 36.792595, 0.0)
(37.735958, 36.801586, 0.0)
(37.737514, 36.824966, 0.0)
(37.745552, 36.833408, 0.0)
(37.736969, 36.855820, 0.0)
(37.736969, 36.855820, 0.0)
(37.721493, 36.859093, 0.0)
(37.712128, 36.869110, 0.0)
(37.710655, 36.861713, 0.0)
(37.704403, 36.864140, 0.0)
(37.702713, 36.879578, 0.0)
(37.709785, 36.896225, 0.0)
(37.707344, 36.901295, 0.0)
(37.711079, 36.902420, 0.0)
(37.705746, 36.906113, 0.0)
(37.712940, 36.934898, 0.0)
(37.881660, 36.771950, 0.0)
(40.691219, 33.130085, 0.0)
(41.620319, 31.429279, 0.0)
(41.615772, 31.341307, 0.0)
(41.568966, 31.362034, 0.0)
(41.526482, 31.371078, 0.0)
(41.474155, 31.380220, 0.0)
(41.486328, 31.339510, 0.0)
(41.512901, 31.310581, 0.0)
(41.531128, 31.298510, 0.0)
(41.524323, 31.284506, 0.0)
(41.526779, 31.294733, 0.0)
(41.518208, 31.305161, 0.0)
(41.485165, 31.318462, 0.0)
(41.466503, 31.350315, 0.0)
(41.462322, 31.354399, 0.0)
(41.219799, 31.129721, 0.0)
(41.254898, 30.967398, 0.0)
(41.299953, 31.405991, 0.0)
(41.342960, 31.559649, 0.0)
(41.345547, 31.611946, 0.0)
(41.331104, 31.639111, 0.0)
(41.313236, 31.647661, 0.0)
(41.310509, 31.659172, 0.0)
(41.310890, 31.703304, 0.0)
(41.299313, 31.695837, 0.0)
(41.287888, 31.701126, 0.0)
(41.276470, 31.720449, 0.0)
(41.258350, 31.722193, 0.0)
(41.256065, 31.749405, 0.0)
(41.231464, 31.750177, 0.0)
(41.243862, 31.754581, 0.0)
(41.231464, 31.750177, 0.0)
(41.207630, 31.784660, 0.0)
(41.203598, 31.765379, 0.0)
(41.178318, 31.787380, 0.0)
(41.169586, 31.832930, 0.0)
(41.533779, 34.304218, 0.0)
(41.534641, 34.804729, 0.0)
(41.541164, 34.802540, 0.0)
(41.533649, 34.802219, 0.0)
(41.513584, 34.776070, 0.0)
(41.486168, 34.779980, 0.0)
(41.481220, 34.767941, 0.0)
(41.489067, 34.808331, 0.0)
(41.495266, 34.789516, 0.0)
(41.486786, 34.805107, 0.0)
(41.491245, 34.755566, 0.0)
(41.487656, 34.765972, 0.0)
(41.479298, 34.737072, 0.0)
(41.498119, 34.730782, 0.0)
(41.501465, 34.712284, 0.0)
(41.488461, 34.707691, 0.0)
(41.466030, 34.748547, 0.0)
(41.465572, 34.783253, 0.0)
(41.463192, 34.802570, 0.0)
(41.445744, 34.800041, 0.0)
(41.465591, 34.796856, 0.0)
(41.464939, 34.823437, 0.0)
(41.466358, 34.817844, 0.0)
(41.459023, 34.817196, 0.0)
(41.455841, 34.830463, 0.0)
(41.448612, 34.835865, 0.0)
(41.451630, 34.848530, 0.0)
(41.426510, 34.880093, 0.0)
(41.444572, 34.878468, 0.0)
(41.437080, 34.880409, 0.0)
(41.447483, 34.876099, 0.0)
(41.417797, 34.886059, 0.0)
(41.415665, 34.890041, 0.0)
(41.411968, 34.926083, 0.0)
(41.410378, 34.930431, 0.0)
(41.407169, 34.928001, 0.0)
(41.414093, 34.950500, 0.0)
(43.602478, 35.548302, 0.0)
(45.336143, 36.316826, 0.0)
(45.399708, 36.329628, 0.0)
(45.382774, 36.313904, 0.0)
(45.402592, 36.328819, 0.0)
(45.446629, 36.385052, 0.0)
(45.476574, 36.454227, 0.0)
(45.536404, 36.559380, 0.0)
(45.591911, 36.623718, 0.0)
(45.675964, 36.669365, 0.0)
(45.799488, 36.721809, 0.0)
(45.836910, 36.736855, 0.0)
(45.843109, 36.784637, 0.0)
(45.783260, 36.823627, 0.0)
(45.758362, 36.812984, 0.0)
(45.706562, 36.774773, 0.0)
(45.619164, 36.695885, 0.0)
(45.592098, 36.635002, 0.0)
(45.565205, 36.561222, 0.0)
(45.540985, 36.508888, 0.0)
(45.525211, 36.525566, 0.0)
(45.517498, 36.549301, 0.0)
(45.509220, 36.577400, 0.0)
(45.489594, 36.609875, 0.0)
(45.471714, 36.621811, 0.0)
(45.446781, 36.579796, 0.0)
(45.407925, 36.542740, 0.0)
(45.390675, 36.424023, 0.0)
(45.377319, 36.390663, 0.0)
(45.363831, 36.425800, 0.0)
(45.362286, 36.462788, 0.0)
(45.366760, 36.522232, 0.0)
(45.385281, 36.566864, 0.0)
(45.386925, 36.599174, 0.0)
(45.384121, 36.655849, 0.0)
(45.357666, 36.691162, 0.0)
(45.353348, 36.673164, 0.0)
(46.123440, 37.488319, 0.0)
(46.864086, 38.053162, 0.0)
(46.883545, 38.077877, 0.0)
(46.861362, 38.030323, 0.0)
(46.846939, 37.953957, 0.0)
(46.832561, 37.923847, 0.0)
(46.769680, 37.855686, 0.0)
(46.736973, 37.853828, 0.0)
(46.680283, 37.791248, 0.0)
(46.611610, 37.767704, 0.0)
(46.568039, 37.710590, 0.0)
(46.558563, 37.685265, 0.0)
(46.557804, 37.653255, 0.0)
(46.526192, 37.621883, 0.0)
(46.496532, 37.567654, 0.0)
(46.476086, 37.473839, 0.0)
(46.359024, 37.475960, 0.0)
(46.330742, 37.476997, 0.0)
(46.356838, 37.445274, 0.0)
(46.320541, 37.397552, 0.0)
(46.266884, 37.337513, 0.0)
(46.234505, 37.268272, 0.0)
(46.228813, 37.253990, 0.0)
(46.217163, 37.212051, 0.0)
(46.187855, 37.166016, 0.0)
(46.151596, 37.176182, 0.0)
(46.144066, 37.182018, 0.0)
(46.152466, 37.190083, 0.0)
(46.184742, 37.081875, 0.0)
(46.196533, 37.017708, 0.0)
(46.127613, 37.055622, 0.0)
(46.148434, 37.009392, 0.0)
(46.137356, 36.937252, 0.0)
(46.076321, 36.913906, 0.0)
(46.134186, 36.917286, 0.0)
(46.127087, 36.892929, 0.0)
(46.086311, 36.915546, 0.0)
(46.069046, 37.003757, 0.0)
(46.599781, 36.376404, 0.0)
(47.765762, 35.015194, 0.0)
(47.948853, 34.803261, 0.0)
(47.941036, 34.841110, 0.0)
(47.910557, 34.892307, 0.0)
(47.931095, 34.848701, 0.0)
(47.930676, 34.832619, 0.0)
(47.931778, 34.842720, 0.0)
(47.901226, 34.857410, 0.0)
(47.927322, 34.786320, 0.0)
(47.926388, 34.721851, 0.0)
(47.919914, 34.656353, 0.0)
(47.941910, 34.645103, 0.0)
(47.974487, 34.649689, 0.0)
(47.972736, 34.667850, 0.0)
(47.978519, 34.651470, 0.0)
(47.977188, 34.663921, 0.0)
(47.949986, 34.630623, 0.0)
(47.908566, 34.537674, 0.0)
(47.903732, 34.605206, 0.0)
(47.906487, 34.619717, 0.0)
(47.924667, 34.640110, 0.0)
(47.910885, 34.661961, 0.0)
(47.917477, 34.674988, 0.0)
(47.907188, 34.649952, 0.0)
(47.914940, 34.680630, 0.0)
(47.923195, 34.688953, 0.0)
(47.928207, 34.732689, 0.0)
(47.921181, 34.742798, 0.0)
(47.937977, 34.696407, 0.0)
(47.930752, 34.690559, 0.0)
(47.912224, 34.716049, 0.0)
(47.906567, 34.735462, 0.0)
(47.909718, 34.756672, 0.0)
(47.925797, 34.721298, 0.0)
(47.926723, 34.715939, 0.0)
(47.936913, 34.714214, 0.0)
(47.939816, 34.692284, 0.0)
(48.177399, 35.357651, 0.0)
(48.510117, 37.843128, 0.0)
(48.508945, 38.195721, 0.0)
(48.495960, 38.153481, 0.0)
(48.471001, 38.115211, 0.0)
(48.455185, 38.104172, 0.0)
(48.455185, 38.104172, 0.0)
(48.455391, 38.125370, 0.0)
(48.446991, 38.116562, 0.0)
(48.456146, 38.121559, 0.0)
(48.458931, 38.081356, 0.0)
(48.458649, 38.065601, 0.0)
(48.455750, 38.050671, 0.0)
(48.490776, 38.036484, 0.0)
(48.500504, 38.061962, 0.0)
(48.493816, 38.081120, 0.0)
(48.495022, 38.067101, 0.0)
(48.486065, 38.036438, 0.0)
(48.475269, 38.004410, 0.0)
(48.472595, 37.979748, 0.0)
(48.473129, 37.973431, 0.0)
(48.456898, 37.961411, 0.0)
(48.412083, 37.965435, 0.0)
(48.399475, 37.985931, 0.0)
(48.392616, 37.980843, 0.0)
(48.396801, 37.989498, 0.0)
(48.390480, 37.996468, 0.0)
(48.397095, 38.008942, 0.0)
(48.419910, 38.008724, 0.0)
(48.459934, 37.964809, 0.0)
(48.432865, 37.992367, 0.0)
(48.427395, 38.024055, 0.0)
(48.421730, 38.023113, 0.0)
(48.423973, 38.014149, 0.0)
(48.423973, 38.014149, 0.0)
(48.429966, 38.008610, 0.0)
(48.424587, 38.014046, 0.0)
(48.414970, 37.983402, 0.0)
(45.146656, 35.482643, 0.0)
(41.517025, 33.550419, 0.0)
(40.785679, 33.300243, 0.0)
(40.760719, 33.287575, 0.0)
(40.794579, 33.245762, 0.0)
(40.802238, 33.243790, 0.0)
(40.803883, 33.267200, 0.0)
(40.811848, 33.247711, 0.0)
(41.346054, 33.237072, 0.0)
(41.375847, 33.242493, 0.0)
(41.372257, 33.227276, 0.0)
(41.369762, 33.229168, 0.0)
(41.366516, 33.243507, 0.0)
(41.380276, 33.239887, 0.0)
(41.382908, 33.235344, 0.0)
(41.389008, 33.229935, 0.0)
(41.373520, 33.201134, 0.0)
(41.369308, 33.192741, 0.0)
(41.370365, 33.201149, 0.0)
(41.374039, 33.205956, 0.0)
(41.365742, 33.226948, 0.0)
(41.362709, 33.245472, 0.0)
(41.365009, 33.246529, 0.0)
(41.372055, 33.258038, 0.0)
(41.366753, 33.252625, 0.0)
(41.356987, 33.231831, 0.0)
(41.341171, 33.238472, 0.0)
(41.306149, 33.280830, 0.0)
(41.316715, 33.303818, 0.0)
(41.305130, 33.312248, 0.0)
(41.318653, 33.300564, 0.0)
(41.323151, 33.319912, 0.0)
(41.312145, 33.321102, 0.0)
(41.308620, 33.323410, 0.0)
(41.310211, 33.315468, 0.0)
(41.296787, 33.319439, 0.0)
(41.281940, 33.318962, 0.0)
(41.463417, 33.205666, 0.0)
(44.440536, 31.852846, 0.0)
(45.657089, 31.297937, 0.0)
(45.794666, 31.333277, 0.0)
(45.767086, 31.370136, 0.0)
(45.767086, 31.370136, 0.0)
(45.755062, 31.324690, 0.0)
(45.781227, 31.300922, 0.0)
(45.768063, 31.300962, 0.0)
(45.742790, 31.307289, 0.0)
(45.711548, 31.299063, 0.0)
(45.709713, 31.292622, 0.0)
(45.711742, 31.281715, 0.0)
(45.716232, 31.286707, 0.0)
(45.705086, 31.284460, 0.0)
(45.691906, 31.233154, 0.0)
(45.660099, 31.241386, 0.0)
(45.641968, 31.255013, 0.0)
(45.617855, 31.274782, 0.0)
(45.339211, 31.301384, 0.0)
(44.804592, 31.362312, 0.0)
(44.775215, 31.384615, 0.0)
(44.768154, 31.366688, 0.0)
(44.779167, 31.364302, 0.0)
(44.777554, 31.353205, 0.0)
(44.770908, 31.349173, 0.0)
(44.752243, 31.373392, 0.0)
(44.757488, 31.397175, 0.0)
(44.739922, 31.428202, 0.0)
(44.732033, 31.430264, 0.0)
(44.727169, 31.405769, 0.0)
(44.726879, 31.388462, 0.0)
(44.723698, 31.379616, 0.0)
(44.720901, 31.391378, 0.0)
(44.716763, 31.388098, 0.0)
(44.714664, 31.402914, 0.0)
(44.709080, 31.413551, 0.0)
(44.707397, 31.409922, 0.0)
(42.999428, 31.245308, 0.0)
(38.883011, 30.862589, 0.0)
(37.521248, 30.931631, 0.0)
(37.494835, 30.943125, 0.0)
(37.492199, 30.928507, 0.0)
(37.458038, 30.921099, 0.0)
(37.409447, 30.933332, 0.0)
(37.098331, 30.807735, 0.0)
(37.066051, 30.811249, 0.0)
(37.104549, 30.805845, 0.0)
(37.112614, 30.772938, 0.0)
(36.892185, 30.468081, 0.0)
(36.882008, 31.298359, 0.0)
(36.921101, 30.893755, 0.0)
(37.106419, 30.284639, 0.0)
(37.133232, 30.532574, 0.0)
(37.144318, 30.632973, 0.0)
(37.144836, 30.672670, 0.0)
(37.123917, 30.715048, 0.0)
(37.148895, 30.733864, 0.0)
(37.174442, 30.717964, 0.0)
(37.183125, 30.730474, 0.0)
(37.192238, 30.712713, 0.0)
(37.184521, 30.730062, 0.0)
(37.167210, 30.757605, 0.0)
(37.173950, 30.806768, 0.0)
(37.164562, 30.815426, 0.0)
(37.172028, 30.832001, 0.0)
(37.174744, 30.840546, 0.0)
(37.192402, 30.850306, 0.0)
(37.181374, 30.854836, 0.0)
(37.160793, 30.865211, 0.0)
(37.159042, 30.884554, 0.0)
(37.151974, 30.910257, 0.0)
(37.170521, 30.919231, 0.0)
(37.162857, 30.938662, 0.0)
(37.163555, 30.943043, 0.0)
(37.155949, 30.953846, 0.0)
(36.120220, 31.293016, 0.0)
(33.972610, 31.888323, 0.0)
(33.954601, 31.932333, 0.0)
(33.964218, 31.926088, 0.0)
(33.928154, 31.927185, 0.0)
(33.903931, 31.977013, 0.0)
(33.918571, 31.961449, 0.0)
(33.904255, 31.953609, 0.0)
(33.903275, 31.941074, 0.0)
(34.135937, 31.809238, 0.0)
(34.156269, 31.786457, 0.0)
(34.154690, 31.769566, 0.0)
(34.146095, 31.722281, 0.0)
(33.943775, 31.268978, 0.0)
(33.785393, 32.571026, 0.0)
(33.700024, 32.056915, 0.0)
(33.815151, 31.356113, 0.0)
(33.952839, 31.504545, 0.0)
(33.968773, 31.647274, 0.0)
(33.975052, 31.708101, 0.0)
(33.978653, 31.731695, 0.0)
(33.984970, 31.702768, 0.0)
(33.962353, 31.736986, 0.0)
(33.975922, 31.759626, 0.0)
(33.989799, 31.774961, 0.0)
(33.993752, 31.781530, 0.0)
(34.002960, 31.794277, 0.0)
(34.012791, 31.807655, 0.0)
(34.011978, 31.794724, 0.0)
(34.011673, 31.779463, 0.0)
(34.018570, 31.780283, 0.0)
(34.016605, 31.780251, 0.0)
(34.022175, 31.794434, 0.0)
(34.023506, 31.821218, 0.0)
(34.026413, 31.842461, 0.0)
(34.033379, 31.846697, 0.0)
(34.044018, 31.825207, 0.0)
(34.289665, 32.272892, 0.0)
(36.348686, 34.851223, 0.0)
(37.743984, 38.079048, 0.0)
(37.800270, 38.830605, 0.0)
(37.692097, 38.838833, 0.0)
(37.641197, 38.807125, 0.0)
(37.613155, 38.820599, 0.0)
(37.774136, 39.615788, 0.0)
(37.739174, 39.662758, 0.0)
(37.708447, 39.612240, 0.0)
(37.667500, 39.598663, 0.0)
(37.637142, 39.572647, 0.0)
(37.582905, 39.560524, 0.0)
(37.569485, 39.570583, 0.0)
(37.578865, 39.564022, 0.0)
(37.585537, 39.566883, 0.0)
(37.577538, 39.568779, 0.0)
(37.578865, 39.564022, 0.0)
(37.575493, 39.559113, 0.0)
(37.568077, 39.529343, 0.0)
(37.538445, 39.516983, 0.0)
(37.519032, 39.554718, 0.0)
(37.523407, 39.558338, 0.0)
(37.521786, 39.568813, 0.0)
(37.523476, 39.576801, 0.0)
(37.540394, 39.603180, 0.0)
(37.535229, 39.588940, 0.0)
(37.506310, 39.571144, 0.0)
(37.503380, 39.554008, 0.0)
(37.500568, 39.560478, 0.0)
(37.488773, 39.572468, 0.0)
(37.503082, 39.614937, 0.0)
(37.489143, 39.618999, 0.0)
(37.506241, 39.602993, 0.0)
(37.514282, 39.583630, 0.0)
(37.522434, 39.577225, 0.0)
(37.538475, 39.577080, 0.0)
(37.545689, 39.554401, 0.0)
(37.529694, 39.566479, 0.0)
(36.573524, 38.560146, 0.0)
(34.477810, 36.493420, 0.0)
(34.179363, 36.236454, 0.0)
(34.137722, 36.318111, 0.0)
(34.151993, 36.311840, 0.0)
(34.133396, 36.310978, 0.0)
(34.109436, 36.295574, 0.0)
(34.114098, 36.258789, 0.0)
(34.087494, 36.240295, 0.0)
(34.090305, 36.243622, 0.0)
(34.104553, 36.249489, 0.0)
(34.098457, 36.285282, 0.0)
(34.111477, 36.283150, 0.0)
(34.121696, 36.272373, 0.0)
(34.124191, 36.243633, 0.0)
(34.134403, 36.214027, 0.0)
(34.131359, 36.151493, 0.0)
(34.112869, 36.200443, 0.0)
(34.114311, 36.196243, 0.0)
(34.143860, 36.208290, 0.0)
(34.138111, 36.183014, 0.0)
(34.130566, 36.128460, 0.0)
(34.131248, 36.129051, 0.0)
(34.131649, 36.100525, 0.0)
(34.123016, 36.110645, 0.0)
(34.126141, 36.124519, 0.0)
(34.140640, 36.115921, 0.0)
(34.130108, 36.141884, 0.0)
(34.147243, 36.125778, 0.0)
(34.155739, 36.139832, 0.0)
(34.167934, 36.147045, 0.0)
(34.194180, 36.133003, 0.0)
(34.224045, 36.106770, 0.0)
(34.221733, 36.099384, 0.0)
(34.200832, 36.094627, 0.0)
(34.213348, 36.117481, 0.0)
(34.223602, 36.119675, 0.0)
(34.230099, 36.107712, 0.0)
(34.073906, 35.747284, 0.0)
(33.488739, 33.379303, 0.0)
(33.237556, 32.205254, 0.0)
(33.223240, 32.105762, 0.0)
(33.204575, 32.148296, 0.0)
(33.163910, 32.173416, 0.0)
(33.155273, 32.185291, 0.0)
(33.164753, 32.205063, 0.0)
(32.930229, 32.079948, 0.0)
(32.926121, 32.083878, 0.0)
(32.936096, 32.082905, 0.0)
(32.949711, 32.078186, 0.0)
(32.956062, 32.069649, 0.0)
(32.918041, 32.060028, 0.0)
(32.908451, 32.058220, 0.0)
(32.901535, 32.103310, 0.0)
(32.913826, 32.094772, 0.0)
(32.909882, 32.127850, 0.0)
(32.901619, 32.137928, 0.0)
(32.916710, 32.160221, 0.0)
(32.896946, 32.154884, 0.0)
(32.916130, 32.160233, 0.0)
(32.928551, 32.147465, 0.0)
(32.914364, 32.190311, 0.0)
(32.923763, 32.230885, 0.0)
(32.928608, 32.221539, 0.0)
(32.931011, 32.224781, 0.0)
(32.940731, 32.249676, 0.0)
(32.940247, 32.227436, 0.0)
(32.964230, 32.227165, 0.0)
(32.975040, 32.208042, 0.0)
(32.944324, 32.223045, 0.0)
(32.947052, 32.252132, 0.0)
(32.959293, 32.262817, 0.0)
(32.961796, 32.276138, 0.0)
(32.985210, 32.250656, 0.0)
(32.999371, 32.258373, 0.0)
(35.546097, 32.291531, 0.0)
(40.685574, 33.291618, 0.0)
(44.891548, 35.454563, 0.0)
(47.399036, 37.224232, 0.0)
(48.598816, 38.091530, 0.0)
(48.568127, 38.037876, 0.0)
(48.557991, 37.950214, 0.0)
(48.575417, 37.910927, 0.0)
(48.613232, 37.886707, 0.0)
(49.100975, 37.851044, 0.0)
(49.138813, 37.801674, 0.0)
(49.102871, 37.768822, 0.0)
(49.071327, 37.743404, 0.0)
(49.053074, 37.724197, 0.0)
(49.034382, 37.706898, 0.0)
(49.015686, 37.684666, 0.0)
(49.001858, 37.665333, 0.0)
(48.984295, 37.647594, 0.0)
(48.970509, 37.574600, 0.0)
(48.971485, 37.577950, 0.0)
(48.934757, 37.599876, 0.0)
(48.906288, 37.581703, 0.0)
(48.851696, 37.561424, 0.0)
(48.845337, 37.544819, 0.0)
(48.807953, 37.560940, 0.0)
(48.806370, 37.561676, 0.0)
(48.790035, 37.544529, 0.0)
(48.636703, 37.398220, 0.0)
(45.050476, 35.111885, 0.0)
(44.159508, 34.818626, 0.0)
(44.122593, 34.812500, 0.0)
(44.118408, 34.792664, 0.0)
(44.139126, 34.766068, 0.0)
(44.163101, 34.749603, 0.0)
(44.165367, 34.753994, 0.0)
(44.196629, 34.710812, 0.0)
(44.185863, 34.709805, 0.0)
(44.148434, 34.690292, 0.0)
(44.213821, 34.509460, 0.0)
(46.462856, 33.048641, 0.0)
(47.876137, 33.121979, 0.0)
(47.924892, 33.144314, 0.0)
(47.884293, 33.147816, 0.0)
(47.856110, 33.152668, 0.0)
(47.942890, 32.877987, 0.0)
(47.916412, 32.360195, 0.0)
(47.857197, 32.313114, 0.0)
(47.838825, 32.391106, 0.0)
(47.814781, 32.376160, 0.0)
(47.769279, 32.358101, 0.0)
(47.731590, 32.321739, 0.0)
(47.731590, 32.321739, 0.0)
(47.677273, 32.259758, 0.0)
(47.650288, 32.232052, 0.0)
(47.650848, 32.248699, 0.0)
(47.621651, 32.243668, 0.0)
(47.610466, 32.263130, 0.0)
(47.590294, 32.249722, 0.0)
(47.582279, 32.237404, 0.0)
(47.459690, 32.235451, 0.0)
(46.492752, 32.213600, 0.0)
(46.457733, 32.242565, 0.0)
(46.511669, 32.207287, 0.0)
(46.491280, 32.160286, 0.0)
(46.493668, 32.137043, 0.0)
(46.504631, 32.149406, 0.0)
(46.526737, 32.129200, 0.0)
(46.549171, 32.121403, 0.0)
(46.571960, 32.134758, 0.0)
(46.568436, 32.129135, 0.0)
(46.565845, 32.123077, 0.0)
(46.584938, 32.092834, 0.0)
(46.556976, 32.012432, 0.0)
(46.565853, 32.001240, 0.0)
(46.513306, 31.974606, 0.0)
(44.732639, 31.545071, 0.0)
(40.232231, 31.162113, 0.0)
(37.448093, 31.480000, 0.0)
(37.388931, 31.514042, 0.0)
(37.394310, 31.436802, 0.0)
(37.368496, 31.418762, 0.0)
(37.368298, 31.405561, 0.0)
(37.331242, 31.390760, 0.0)
(37.362938, 31.361629, 0.0)
(37.366196, 31.375303, 0.0)
(37.372417, 31.339470, 0.0)
(37.149807, 31.330671, 0.0)
(37.126381, 31.300102, 0.0)
(37.127705, 31.280027, 0.0)
(37.139339, 31.294090, 0.0)
(37.128845, 31.311880, 0.0)
(37.119133, 31.320826, 0.0)
(37.126701, 31.331762, 0.0)
(37.116024, 31.362186, 0.0)
(37.119503, 31.340218, 0.0)
(37.113270, 31.333349, 0.0)
(37.105923, 31.341749, 0.0)
(37.100349, 31.337475, 0.0)
(37.095928, 31.355742, 0.0)
(37.089500, 31.376646, 0.0)
(37.085655, 31.385664, 0.0)
(37.070518, 31.402735, 0.0)
(37.041653, 31.441895, 0.0)
(37.031860, 31.438358, 0.0)
(37.007465, 31.450562, 0.0)
(36.996170, 31.443718, 0.0)
(37.002960, 31.448576, 0.0)
(36.988892, 31.468386, 0.0)
(36.976280, 31.486723, 0.0)
(36.977249, 31.494787, 0.0)
(36.964317, 31.498384, 0.0)
(36.982883, 31.487795, 0.0)
(36.944557, 31.464592, 0.0)
(37.626163, 31.673145, 0.0)
(40.809277, 32.540161, 0.0)
(40.885227, 32.562428, 0.0)
(40.881691, 32.538845, 0.0)
(40.877735, 32.509224, 0.0)
(40.868301, 32.501358, 0.0)
(40.846272, 32.485233, 0.0)
(41.316799, 32.582817, 0.0)
(41.373611, 32.549892, 0.0)
(41.403442, 32.504551, 0.0)
(41.382172, 32.495708, 0.0)
(41.357533, 32.462109, 0.0)
(41.340633, 32.372303, 0.0)
(41.357647, 32.305447, 0.0)
(41.325443, 32.249065, 0.0)
(41.125423, 31.864416, 0.0)
(41.045376, 32.697010, 0.0)
(40.975937, 31.706131, 0.0)
(41.182373, 31.899130, 0.0)
(41.213470, 32.091888, 0.0)
(41.238510, 32.155933, 0.0)
(41.245510, 32.169876, 0.0)
(41.237385, 32.205914, 0.0)
(41.209728, 32.207760, 0.0)
(41.226574, 32.218327, 0.0)
(41.206711, 32.223808, 0.0)
(41.193142, 32.238079, 0.0)
(41.186546, 32.240910, 0.0)
(41.172436, 32.253067, 0.0)
(41.167629, 32.251625, 0.0)
(41.175385, 32.250240, 0.0)
(41.177933, 32.269901, 0.0)
(41.194656, 32.248848, 0.0)
(41.161186, 32.281364, 0.0)
(41.147438, 32.303917, 0.0)
(41.142750, 32.330173, 0.0)
(40.762829, 32.572353, 0.0)
(37.110462, 34.301323, 0.0)
(35.663139, 35.238186, 0.0)
(35.547092, 35.268394, 0.0)
(35.491447, 35.238583, 0.0)
(35.453114, 35.178638, 0.0)
(35.444725, 35.159725, 0.0)
(35.444622, 35.165070, 0.0)
(35.535744, 35.107479, 0.0)
(35.852619, 34.965534, 0.0)
(35.876225, 34.953495, 0.0)
(35.881725, 34.941059, 0.0)
(35.879574, 34.922142, 0.0)
(35.884392, 34.913235, 0.0)
(35.874222, 34.910385, 0.0)
(35.826805, 34.917118, 0.0)
(35.813778, 34.953846, 0.0)
(35.797779, 34.956970, 0.0)
(35.776924, 34.975849, 0.0)
(35.787819, 35.003143, 0.0)
(35.795322, 35.000652, 0.0)
(35.797379, 34.997520, 0.0)
(35.795757, 34.992836, 0.0)
(35.817913, 34.968536, 0.0)
(35.782623, 34.952240, 0.0)
(35.997654, 34.863789, 0.0)
(36.028725, 34.844444, 0.0)
(36.032829, 34.877399, 0.0)
(36.039413, 34.932850, 0.0)
(36.039295, 34.939598, 0.0)
(36.045364, 34.924622, 0.0)
(36.037079, 34.904018, 0.0)
(36.021450, 34.870510, 0.0)
(36.016388, 34.820847, 0.0)
(35.995998, 34.889053, 0.0)
(35.989552, 34.915680, 0.0)
(36.007561, 34.922169, 0.0)
(36.013153, 34.927464, 0.0)
(36.013248, 34.904732, 0.0)
(34.599213, 37.065353, 0.0)
(33.418644, 38.945728, 0.0)
(33.383648, 39.116993, 0.0)
(33.358677, 38.993214, 0.0)
(33.332577, 38.995613, 0.0)
(33.317657, 38.984806, 0.0)
(33.301689, 39.003002, 0.0)
(33.301056, 38.987007, 0.0)
(33.321732, 38.947186, 0.0)
(33.339771, 38.943470, 0.0)
(33.348316, 38.914955, 0.0)
(33.370834, 38.896198, 0.0)
(33.341953, 38.871284, 0.0)
(33.192669, 39.270885, 0.0)
(33.200081, 39.307362, 0.0)
(33.207985, 39.295273, 0.0)
(33.210278, 39.301643, 0.0)
(33.229660, 39.262596, 0.0)
(33.213264, 39.261688, 0.0)
(33.212364, 39.262291, 0.0)
(33.212662, 39.247765, 0.0)
(33.216324, 39.235432, 0.0)
(33.209599, 39.250351, 0.0)
(33.419468, 38.848728, 0.0)
(33.452114, 38.852188, 0.0)
(33.446262, 38.863293, 0.0)
(33.443005, 38.862034, 0.0)
(33.453079, 38.830536, 0.0)
(33.453079, 38.830536, 0.0)
(33.454273, 38.818893, 0.0)
(33.432472, 38.839962, 0.0)
(33.438797, 38.886318, 0.0)
(33.441921, 38.883495, 0.0)
(33.438896, 38.842892, 0.0)
(33.439285, 38.823879, 0.0)
(33.452255, 38.816002, 0.0)
(33.458115, 38.802185, 0.0)
(33.467606, 38.798855, 0.0)
(36.547680, 37.613651, 0.0)
(37.428032, 37.497532, 0.0)
(37.467323, 37.476429, 0.0)
(37.434910, 37.464447, 0.0)
(37.434517, 37.433598, 0.0)
(37.392487, 37.336285, 0.0)
(37.252701, 37.146999, 0.0)
(37.300541, 37.962044, 0.0)
(37.168152, 37.750118, 0.0)
(37.235046, 37.296455, 0.0)
(37.236366, 37.110699, 0.0)
(37.232773, 37.164349, 0.0)
(37.232628, 37.135124, 0.0)
(37.223740, 37.221424, 0.0)
(37.225433, 37.243206, 0.0)
(37.246494, 37.272579, 0.0)
(37.124786, 37.380264, 0.0)
(37.124664, 37.403137, 0.0)
(37.132229, 37.391212, 0.0)
(37.136944, 37.407810, 0.0)
(37.106617, 37.425640, 0.0)
(37.082813, 37.433586, 0.0)
(37.076244, 37.451584, 0.0)
(37.314808, 37.368473, 0.0)
(37.346527, 37.400921, 0.0)
(37.338535, 37.390907, 0.0)
(37.351307, 37.399933, 0.0)
(37.355743, 37.435268, 0.0)
(37.368992, 37.403931, 0.0)
(37.329979, 37.432083, 0.0)
(37.341888, 37.452293, 0.0)
(37.355762, 37.482437, 0.0)
(37.354095, 37.517181, 0.0)
(37.374451, 37.514202, 0.0)
(37.391193, 37.469193, 0.0)
(37.398117, 37.452843, 0.0)
(37.418224, 37.458790, 0.0)
(38.018101, 37.584091, 0.0)
(42.350552, 38.196411, 0.0)
(43.614861, 38.544167, 0.0)
(43.699539, 38.615936, 0.0)
(43.691944, 38.606350, 0.0)
(43.726009, 38.597050, 0.0)
(43.736488, 38.561962, 0.0)
(43.754841, 38.519543, 0.0)
(43.771286, 38.515282, 0.0)
(43.785374, 38.478111, 0.0)
(43.774445, 38.489033, 0.0)
(43.724174, 38.841213, 0.0)
(43.728065, 38.896709, 0.0)
(43.721489, 38.895432, 0.0)
(43.710392, 38.863258, 0.0)
(43.723858, 38.822956, 0.0)
(43.705616, 38.813988, 0.0)
(43.686295, 38.837219, 0.0)
(43.708103, 38.813618, 0.0)
(43.705734, 38.796688, 0.0)
(43.716125, 38.804474, 0.0)
(43.702892, 38.829365, 0.0)
(43.673752, 38.814381, 0.0)
(43.652790, 38.808350, 0.0)
(43.646416, 38.804340, 0.0)
(43.644081, 38.758133, 0.0)
(43.640369, 38.753941, 0.0)
(43.644642, 38.718105, 0.0)
(43.634098, 38.709766, 0.0)
(43.615093, 38.775631, 0.0)
(43.612244, 38.778309, 0.0)
(43.612495, 38.764297, 0.0)
(43.614738, 38.761127, 0.0)
(43.637718, 38.745731, 0.0)
(43.634644, 38.747108, 0.0)
(43.634663, 38.742432, 0.0)
(43.630436, 38.720303, 0.0)
(43.615170, 38.698490, 0.0)
(42.359497, 38.050789, 0.0)
(38.415211, 34.849636, 0.0)
(35.561272, 33.281342, 0.0)
(34.666702, 32.952587, 0.0)
(34.561615, 33.058197, 0.0)
(34.540150, 33.071053, 0.0)
(34.510746, 33.036163, 0.0)
(34.496040, 33.036121, 0.0)
(34.485752, 33.012520, 0.0)
(34.487297, 32.977654, 0.0)
(34.470898, 32.995819, 0.0)
(34.441505, 33.025455, 0.0)
(34.441502, 33.001102, 0.0)
(34.458183, 33.006039, 0.0)
(34.459999, 33.022636, 0.0)
(34.465794, 33.002144, 0.0)
(34.456394, 33.003967, 0.0)
(34.447773, 33.000313, 0.0)
(34.420109, 33.010094, 0.0)
(34.410145, 33.007393, 0.0)
(34.422447, 33.015881, 0.0)
(34.406197, 33.046329, 0.0)
(34.421909, 33.061172, 0.0)
(34.430473, 33.079136, 0.0)
(34.427250, 33.073284, 0.0)
(34.435371, 33.040356, 0.0)
(34.447769, 33.043301, 0.0)
(34.469013, 33.036652, 0.0)
(34.466358, 33.057812, 0.0)
(34.474445, 33.094898, 0.0)
(34.474842, 33.111927, 0.0)
(34.429939, 33.125866, 0.0)
(34.446823, 33.121075, 0.0)
(34.461254, 33.116131, 0.0)
(34.476692, 33.120045, 0.0)
(34.476692, 33.120045, 0.0)
(34.467937, 33.092453, 0.0)
(34.475533, 33.098892, 0.0)
(37.911377, 34.058624, 0.0)
(42.404480, 36.523304, 0.0)
(45.277836, 38.928425, 0.0)
(45.737949, 39.366360, 0.0)
(45.755180, 39.360085, 0.0)
(45.718933, 39.270061, 0.0)
(45.699837, 39.230095, 0.0)
(45.732765, 39.166405, 0.0)
(45.714020, 39.140015, 0.0)
(45.705212, 39.139439, 0.0)
(45.675053, 39.121075, 0.0)
(45.666676, 39.119896, 0.0)
(45.682114, 39.125599, 0.0)
(45.680058, 39.109035, 0.0)
(45.664448, 39.094147, 0.0)
(45.643211, 39.089230, 0.0)
(45.635483, 39.075829, 0.0)
(45.626701, 39.045536, 0.0)
(45.631958, 39.046600, 0.0)
(45.631073, 39.066967, 0.0)
(45.644802, 39.066372, 0.0)
(45.652725, 39.089291, 0.0)
(45.666740, 39.101776, 0.0)
(45.649906, 39.104790, 0.0)
(45.655357, 39.083824, 0.0)
(45.661377, 39.097294, 0.0)
(45.658802, 39.100353, 0.0)
(45.648632, 39.118252, 0.0)
(45.643375, 39.134212, 0.0)
(45.032829, 36.668217, 0.0)
(44.922279, 36.117401, 0.0)
(44.937626, 36.166050, 0.0)
(44.932869, 36.161766, 0.0)
(44.947975, 36.174114, 0.0)
(44.964771, 36.186504, 0.0)
(44.960999, 36.192638, 0.0)
(44.952637, 36.180046, 0.0)
(44.954082, 36.216442, 0.0)
(43.013237, 35.751530, 0.0)
(38.480770, 34.692757, 0.0)
(35.288689, 34.455395, 0.0)
(33.742767, 34.719673, 0.0)
(33.480846, 34.806370, 0.0)
(33.469765, 34.794422, 0.0)
(33.480038, 34.778484, 0.0)
(33.457703, 34.750107, 0.0)
(33.406792, 34.817135, 0.0)
(32.939663, 35.147060, 0.0)
(32.909096, 35.167549, 0.0)
(32.914948, 35.144855, 0.0)
(32.920624, 35.133232, 0.0)
(32.924553, 35.132938, 0.0)
(32.905994, 35.117813, 0.0)
(32.872776, 35.110382, 0.0)
(32.864086, 35.109665, 0.0)
(32.852283, 35.096748, 0.0)
(32.857964, 35.100533, 0.0)
(32.885792, 35.091446, 0.0)
(32.875908, 35.093586, 0.0)
(32.890633, 35.091602, 0.0)
(32.891632, 35.077484, 0.0)
(32.884583, 35.101685, 0.0)
(32.908855, 35.080894, 0.0)
(32.921665, 35.080105, 0.0)
(32.894684, 35.086174, 0.0)
(32.883232, 35.095791, 0.0)
(32.881912, 35.119095, 0.0)
(32.874222, 35.114738, 0.0)
(32.882725, 35.104958, 0.0)
(32.923084, 35.098644, 0.0)
(32.935467, 35.067844, 0.0)
(32.937000, 35.062611, 0.0)
(32.928917, 35.058182, 0.0)
(32.949486, 35.009365, 0.0)
(32.960243, 35.010624, 0.0)
(32.976475, 34.997284, 0.0)
(33.137074, 35.078918, 0.0)
(34.434811, 35.404377, 0.0)
(34.503914, 35.423603, 0.0)
(34.487072, 35.355835, 0.0)
(34.479614, 35.332424, 0.0)
(34.464626, 35.275764, 0.0)
(34.417835, 35.290737, 0.0)
(34.403206, 35.283310, 0.0)
(34.401791, 35.304371, 0.0)
(34.393494, 35.293610, 0.0)
(34.385357, 35.313782, 0.0)
(34.380138, 35.310013, 0.0)
(34.375851, 35.282372, 0.0)
(34.373875, 35.278294, 0.0)
(34.354691, 35.274960, 0.0)
(34.351601, 35.254810, 0.0)
(34.334698, 35.284721, 0.0)
(34.339634, 35.306446, 0.0)
(34.328590, 35.303837, 0.0)
(34.330338, 35.314014, 0.0)
(34.332966, 35.317139, 0.0)
(34.330338, 35.314014, 0.0)
(34.335167, 35.321930, 0.0)
(34.362980, 35.280224, 0.0)
(34.333908, 35.266258, 0.0)
(34.302372, 35.319065, 0.0)
(34.298481, 35.316063, 0.0)
(34.304226, 35.349957, 0.0)
(34.329662, 35.301613, 0.0)
(34.346104, 35.289787, 0.0)
(34.344040, 35.291317, 0.0)
(34.343121, 35.286411, 0.0)
(34.335430, 35.289951, 0.0)
(34.340378, 35.277893, 0.0)
(34.347763, 35.277187, 0.0)
(34.351871, 35.280533, 0.0)
(34.355526, 35.288128, 0.0)
(34.671074, 35.141106, 0.0)
(39.661011, 34.034908, 0.0)
(43.819023, 34.461849, 0.0)
(45.178070, 34.852001, 0.0)
(45.279984, 34.836380, 0.0)
(45.312344, 34.809864, 0.0)
(45.309727, 34.812130, 0.0)
(45.335209, 34.798630, 0.0)
(45.320751, 34.762352, 0.0)
(45.341797, 34.759579, 0.0)
(45.348118, 34.728207, 0.0)
(45.357784, 34.725094, 0.0)
(45.353752, 34.688362, 0.0)
(45.359707, 34.697346, 0.0)
(45.365932, 34.683247, 0.0)
(45.355236, 34.719250, 0.0)
(45.362740, 34.701813, 0.0)
(45.361607, 34.727898, 0.0)
(45.370941, 34.747028, 0.0)
(45.371326, 34.747849, 0.0)
(45.361492, 34.751083, 0.0)
(45.373207, 34.741592, 0.0)
(45.373497, 34.756241, 0.0)
(45.364372, 34.744408, 0.0)
(45.364372, 34.744408, 0.0)
(45.352184, 34.753662, 0.0)
(45.329010, 34.783348, 0.0)
(45.316269, 34.795605, 0.0)
(45.304531, 34.792046, 0.0)
(45.315201, 34.775745, 0.0)
(45.313316, 34.781937, 0.0)
(45.313316, 34.781937, 0.0)
(45.296711, 34.766998, 0.0)
(45.294128, 34.753223, 0.0)
(45.294128, 34.753223, 0.0)
(45.278851, 34.749424, 0.0)
(45.271137, 34.762791, 0.0)
(45.244415, 34.739223, 0.0)
(45.158829, 34.753735, 0.0)
(41.377453, 36.414669, 0.0)
(37.507843, 37.893562, 0.0)
(35.129681, 39.455185, 0.0)
(33.984962, 40.157703, 0.0)
(33.880623, 40.097324, 0.0)
(33.832119, 40.013378, 0.0)
(33.789486, 39.959759, 0.0)
(33.802296, 39.999653, 0.0)
(33.770092, 39.965397, 0.0)
(33.739227, 39.917088, 0.0)
(33.660271, 40.159145, 0.0)
(33.614746, 40.247631, 0.0)
(33.600498, 40.225517, 0.0)
(33.569141, 40.201283, 0.0)
(33.567810, 40.219101, 0.0)
(33.550385, 40.195660, 0.0)
(33.553188, 40.196266, 0.0)
(33.543709, 40.181492, 0.0)
(33.546028, 40.199226, 0.0)
(33.537231, 40.194298, 0.0)
(33.530083, 40.205883, 0.0)
(33.522049, 40.188931, 0.0)
(33.509888, 40.162525, 0.0)
(33.500977, 40.170738, 0.0)
(33.501888, 40.194794, 0.0)
(33.493530, 40.181122, 0.0)
(33.483486, 40.178741, 0.0)
(33.489017, 40.150154, 0.0)
(33.489250, 40.145538, 0.0)
(33.496376, 40.145481, 0.0)
(33.511131, 40.129475, 0.0)
(33.516716, 40.123684, 0.0)
(33.517448, 40.118519, 0.0)
(33.489029, 40.098122, 0.0)
(33.493839, 40.097294, 0.0)
(33.478836, 40.101997, 0.0)
(33.479301, 40.096870, 0.0)
(33.501183, 40.050735, 0.0)
(37.291901, 37.924793, 0.0)
(42.360680, 36.582130, 0.0)
(45.921040, 36.439487, 0.0)
(47.476540, 36.241676, 0.0)
(47.677368, 36.261387, 0.0)
(47.677551, 36.244907, 0.0)
(47.687637, 36.253208, 0.0)
(47.703743, 36.245819, 0.0)
(47.727062, 36.228573, 0.0)
(47.757862, 36.188492, 0.0)
(47.824200, 36.200382, 0.0)
(47.822559, 36.204144, 0.0)
(48.218395, 36.484257, 0.0)
(48.212196, 36.488312, 0.0)
(48.171814, 36.493370, 0.0)
(48.140083, 36.532219, 0.0)
(48.128658, 36.544914, 0.0)
(48.116341, 36.533333, 0.0)
(48.103199, 36.544342, 0.0)
(48.095924, 36.558422, 0.0)
(48.107620, 36.557873, 0.0)
(48.074574, 36.548214, 0.0)
(48.066696, 36.540501, 0.0)
(48.065128, 36.573910, 0.0)
(48.048214, 36.596619, 0.0)
(48.034626, 36.621071, 0.0)
(47.837791, 36.357922, 0.0)
(47.821705, 36.360439, 0.0)
(47.832062, 36.376442, 0.0)
(47.828518, 36.347485, 0.0)
(47.837257, 36.330334, 0.0)
(47.838047, 36.332523, 0.0)
(47.840027, 36.344959, 0.0)
(47.835159, 36.328327, 0.0)
(47.824276, 36.322533, 0.0)
(47.810104, 36.304417, 0.0)
(47.329254, 36.522259, 0.0)
(43.914413, 38.031048, 0.0)
(43.545486, 38.345390, 0.0)
(43.522057, 38.212925, 0.0)
(43.475090, 38.141357, 0.0)
(43.484665, 38.065418, 0.0)
(43.486393, 38.042591, 0.0)
(43.456966, 38.052788, 0.0)
(43.720135, 37.947029, 0.0)
(43.727352, 37.941006, 0.0)
(43.744350, 37.918175, 0.0)
(43.740849, 37.883335, 0.0)
(43.746151, 37.847286, 0.0)
(43.736572, 37.798004, 0.0)
(43.660156, 37.759808, 0.0)
(43.520065, 37.582348, 0.0)
(43.453545, 37.579697, 0.0)
(43.414700, 37.466026, 0.0)
(43.248199, 37.147129, 0.0)
(43.164696, 37.201092, 0.0)
(43.354259, 37.133938, 0.0)
(43.415928, 37.137688, 0.0)
(43.413635, 37.207626, 0.0)
(43.432850, 37.251869, 0.0)
(43.447025, 37.267750, 0.0)
(43.422726, 37.307655, 0.0)
(43.412346, 37.333237, 0.0)
(43.399788, 37.349033, 0.0)
(43.406052, 37.394276, 0.0)
(43.421272, 37.446899, 0.0)
(43.412823, 37.450268, 0.0)
(43.422173, 37.437840, 0.0)
(43.418854, 37.419800, 0.0)
(43.422588, 37.425594, 0.0)
(43.411213, 37.440300, 0.0)
(43.404163, 37.463852, 0.0)
(43.387707, 37.487350, 0.0)
(43.378876, 37.455734, 0.0)
(43.399204, 37.509953, 0.0)
(46.333248, 36.867607, 0.0)
(48.281731, 36.129372, 0.0)
(48.786209, 36.005013, 0.0)
(48.788868, 36.040096, 0.0)
(48.763573, 35.995464, 0.0)
(48.715267, 35.959713, 0.0)
(48.701221, 35.944355, 0.0)
(48.722454, 35.926155, 0.0)
(48.737324, 35.908298, 0.0)
(48.724598, 35.903877, 0.0)
(48.731087, 35.906197, 0.0)
(48.724239, 35.856762, 0.0)
(48.706684, 35.764893, 0.0)
(48.686260, 35.731091, 0.0)
(48.672089, 35.731422, 0.0)
(48.666130, 35.727619, 0.0)
(48.655075, 35.751549, 0.0)
(48.638752, 35.727829, 0.0)
(48.627792, 35.725784, 0.0)
(48.597149, 35.707813, 0.0)
(48.568279, 35.696575, 0.0)
(48.569332, 35.698391, 0.0)
(48.569332, 35.698391, 0.0)
(48.573826, 35.660442, 0.0)
(48.555782, 35.668201, 0.0)
(48.554047, 35.676144, 0.0)
(48.558029, 35.678478, 0.0)
(48.558327, 35.727734, 0.0)
(48.532860, 35.722336, 0.0)
(48.548634, 35.728439, 0.0)
(48.554745, 35.723133, 0.0)
(48.536957, 35.722061, 0.0)
(48.516590, 35.691853, 0.0)
(48.529537, 35.676758, 0.0)
(48.518650, 35.683895, 0.0)
(48.513443, 35.698441, 0.0)
(48.500473, 35.680088, 0.0)
(48.071590, 35.504215, 0.0)
(43.527832, 34.160084, 0.0)
(39.890034, 34.080212, 0.0)
(39.261021, 34.208286, 0.0)
(39.243881, 34.159763, 0.0)
(39.234932, 34.108776, 0.0)
(39.185993, 34.113804, 0.0)
(39.181297, 34.093521, 0.0)
(39.178173, 34.079872, 0.0)
(39.578880, 33.716854, 0.0)
(39.624802, 33.709618, 0.0)
(39.643608, 33.713779, 0.0)
(39.626850, 33.673389, 0.0)
(39.615177, 33.675545, 0.0)
(39.607521, 33.672054, 0.0)
(39.587952, 33.672352, 0.0)
(39.579651, 33.664112, 0.0)
(39.575474, 33.664810, 0.0)
(39.569149, 33.670898, 0.0)
(39.584999, 33.648521, 0.0)
(39.588829, 33.662617, 0.0)
(39.582642, 33.647278, 0.0)
(39.571846, 33.629395, 0.0)
(39.576851, 33.595181, 0.0)
(39.547863, 33.570053, 0.0)
(39.496914, 33.617947, 0.0)
(39.498749, 33.634560, 0.0)
(39.484882, 33.643593, 0.0)
(39.492630, 33.627312, 0.0)
(39.489914, 33.625164, 0.0)
(39.479431, 33.650898, 0.0)
(39.468239, 33.649868, 0.0)
(39.477226, 33.651657, 0.0)
(39.467316, 33.645069, 0.0)
(39.472389, 33.657612, 0.0)
(39.464439, 33.693230, 0.0)
(39.458820, 33.708389, 0.0)
(39.458027, 33.713192, 0.0)
(37.596069, 32.724358, 0.0)
(35.761448, 31.699308, 0.0)
(35.685501, 31.847178, 0.0)
(35.676170, 31.899076, 0.0)
(35.669212, 31.900551, 0.0)
(35.644279, 31.925905, 0.0)
(35.614918, 31.934067, 0.0)
(35.578991, 31.920250, 0.0)
(35.578423, 31.915638, 0.0)
(35.570091, 31.918079, 0.0)
(35.595585, 31.897268, 0.0)
(35.601097, 31.867928, 0.0)
(35.582630, 31.876720, 0.0)
(35.582630, 31.876720, 0.0)
(35.561600, 31.901056, 0.0)
(35.551090, 31.926075, 0.0)
(35.546009, 31.915615, 0.0)
(35.547398, 31.937307, 0.0)
(35.551105, 31.982738, 0.0)
(35.593723, 32.012688, 0.0)
(35.601997, 32.032322, 0.0)
(35.577389, 32.020088, 0.0)
(35.581192, 32.030602, 0.0)
(35.596054, 32.006912, 0.0)
(35.575138, 32.024876, 0.0)
(35.547123, 32.068729, 0.0)
(35.558197, 32.079414, 0.0)
(35.564106, 32.086750, 0.0)
(35.570198, 32.095295, 0.0)
(35.598507, 32.105713, 0.0)
(35.609703, 32.101284, 0.0)
(35.605888, 32.075241, 0.0)
(35.601826, 32.058136, 0.0)
(35.595959, 32.049107, 0.0)
(35.588531, 32.059277, 0.0)
(35.586708, 32.068150, 0.0)
(35.589092, 32.071083, 0.0)
(35.708996, 32.098835, 0.0)
(40.000492, 33.850597, 0.0)
(43.335407, 36.990036, 0.0)
(45.576397, 39.194233, 0.0)
(45.775982, 39.561089, 0.0)
(45.728230, 39.524746, 0.0)
(45.671932, 39.487770, 0.0)
(45.660084, 39.472874, 0.0)
(45.656395, 39.453407, 0.0)
(45.596325, 39.471622, 0.0)
(45.620575, 39.425968, 0.0)
(45.618057, 39.385284, 0.0)
(45.628845, 39.396515, 0.0)
(45.629623, 39.385983, 0.0)
(45.621616, 39.369358, 0.0)
(45.611637, 39.377178, 0.0)
(45.589745, 39.365963, 0.0)
(45.569271, 39.998016, 0.0)
(45.523575, 40.083385, 0.0)
(45.521812, 40.047215, 0.0)
(45.517296, 40.034016, 0.0)
(45.503807, 40.009445, 0.0)
(45.497650, 39.998787, 0.0)
(45.518360, 39.989407, 0.0)
(45.514339, 39.928204, 0.0)
(45.516617, 39.928242, 0.0)
(45.487602, 39.961170, 0.0)
(45.465553, 39.983673, 0.0)
(45.474205, 40.013332, 0.0)
(45.483376, 39.980801, 0.0)
(45.480106, 40.005928, 0.0)
(45.471104, 40.019650, 0.0)
(45.466469, 40.000546, 0.0)
(45.455315, 40.009277, 0.0)
(45.442181, 40.024181, 0.0)
(45.442524, 40.041660, 0.0)
(45.401260, 40.049232, 0.0)
(45.417084, 40.053898, 0.0)
(47.005459, 38.703434, 0.0)
(48.625359, 36.883835, 0.0)
(48.866489, 36.584515, 0.0)
(48.867260, 36.596474, 0.0)
(48.865646, 36.608704, 0.0)
(48.862396, 36.604595, 0.0)
(48.825699, 36.647465, 0.0)
(48.822830, 36.651119, 0.0)
(48.816799, 36.639214, 0.0)
(48.834270, 36.651634, 0.0)
(48.828201, 36.626156, 0.0)
(48.819504, 36.610569, 0.0)
(48.819481, 36.603592, 0.0)
(48.816635, 36.613247, 0.0)
(48.794426, 36.599499, 0.0)
(48.766685, 36.614250, 0.0)
(48.752663, 36.604454, 0.0)
(48.741699, 36.602512, 0.0)
(48.737953, 36.597111, 0.0)
(48.747761, 36.639652, 0.0)
(48.736126, 36.624615, 0.0)
(48.724541, 36.626549, 0.0)
(48.721157, 36.634312, 0.0)
(48.720318, 36.629715, 0.0)
(48.703903, 36.626045, 0.0)
(48.698154, 36.639774, 0.0)
(48.688221, 36.638706, 0.0)
(48.666824, 36.649574, 0.0)
(48.673660, 36.652870, 0.0)
(48.684113, 36.647236, 0.0)
(48.689606, 36.657700, 0.0)
(48.687439, 36.646530, 0.0)
(48.689934, 36.618828, 0.0)
(48.680271, 36.589066, 0.0)
(48.673065, 36.597843, 0.0)
(48.665184, 36.611015, 0.0)
(48.647125, 36.623474, 0.0)
(48.522537, 36.527122, 0.0)
(45.829350, 33.921860, 0.0)
(45.459896, 33.602985, 0.0)
(45.469215, 33.584850, 0.0)
(45.486683, 33.577477, 0.0)
(45.077572, 33.189278, 0.0)
(45.045818, 33.196873, 0.0)
(45.046528, 33.197487, 0.0)
(45.041992, 33.222973, 0.0)
(45.081379, 33.204159, 0.0)
(45.076996, 33.166069, 0.0)
(45.087872, 33.147011, 0.0)
(45.098579, 33.150082, 0.0)
(45.104622, 33.135777, 0.0)
(45.100204, 33.124512, 0.0)
(45.100391, 33.118427, 0.0)
(45.117920, 33.146152, 0.0)
(45.107353, 33.158009, 0.0)
(45.130039, 33.178905, 0.0)
(45.141079, 33.192513, 0.0)
(45.133808, 33.187645, 0.0)
(44.994583, 33.117130, 0.0)
(44.995647, 33.108452, 0.0)
(45.020615, 33.118370, 0.0)
(45.015621, 33.125435, 0.0)
(44.991249, 33.138557, 0.0)
(44.966705, 33.163288, 0.0)
(44.951462, 33.187878, 0.0)
(44.943344, 33.186085, 0.0)
(44.954376, 33.184711, 0.0)
(44.947685, 33.184711, 0.0)
(44.941029, 33.172215, 0.0)
(44.911213, 33.148972, 0.0)
(44.902092, 33.134052, 0.0)
(44.890907, 33.122387, 0.0)
(44.876217, 33.126526, 0.0)
(42.773857, 33.443371, 0.0)
(38.914364, 35.523712, 0.0)
(38.293697, 37.433773, 0.0)
(38.208065, 37.419811, 0.0)
(38.181080, 37.308464, 0.0)
(39.795963, 36.928619, 0.0)
(40.116375, 36.895954, 0.0)
(40.102489, 36.862720, 0.0)
(40.089661, 36.856575, 0.0)
(40.094299, 36.812916, 0.0)
(40.030609, 36.760456, 0.0)
(39.722122, 36.263680, 0.0)
(39.665810, 37.109760, 0.0)
(39.691307, 37.626686, 0.0)
(39.631355, 37.330853, 0.0)
(39.689289, 36.625065, 0.0)
(39.720482, 36.342968, 0.0)
(39.715439, 36.388607, 0.0)
(39.723755, 36.475330, 0.0)
(39.758774, 36.557632, 0.0)
(39.783085, 36.629951, 0.0)
(39.769009, 36.668690, 0.0)
(39.778069, 36.661987, 0.0)
(39.776039, 36.657047, 0.0)
(39.783649, 36.683517, 0.0)
(39.803101, 36.691242, 0.0)
(39.801888, 36.714298, 0.0)
(39.797089, 36.737137, 0.0)
(39.774685, 36.768478, 0.0)
(39.763535, 36.768291, 0.0)
(39.745907, 36.777740, 0.0)
(39.753983, 36.802559, 0.0)
(39.749264, 36.798069, 0.0)
(39.737301, 36.802879, 0.0)
(39.716194, 36.801197, 0.0)
(39.705856, 36.751839, 0.0)
(39.734001, 36.770592, 0.0)
(39.733288, 36.737427, 0.0)
(39.707340, 36.764015, 0.0)
(39.715755, 36.759350, 0.0)
(40.499443, 36.535286, 0.0)
(44.854885, 35.229923, 0.0)
(47.166157, 34.931076, 0.0)
(47.695015, 34.888397, 0.0)
(47.723164, 34.873722, 0.0)
(47.720654, 34.870396, 0.0)
(47.726028, 34.872498, 0.0)
(47.740299, 34.882534, 0.0)
(47.772625, 34.890308, 0.0)
(47.969170, 34.905170, 0.0)
(47.980232, 34.891838, 0.0)
(47.985210, 34.860413, 0.0)
(47.977013, 34.859463, 0.0)
(47.958157, 34.826706, 0.0)
(47.960865, 34.846882, 0.0)
(47.958118, 34.853992, 0.0)
(47.949192, 34.866295, 0.0)
(47.963577, 34.913193, 0.0)
(47.791866, 34.702446, 0.0)
(47.749290, 34.671669, 0.0)
(47.739647, 34.639408, 0.0)
(47.599026, 34.373657, 0.0)
(47.539410, 34.408688, 0.0)
(47.366348, 33.733471, 0.0)
(47.096905, 33.716640, 0.0)
(47.137276, 33.883392, 0.0)
(47.162518, 33.916088, 0.0)
(47.194889, 33.961456, 0.0)
(47.214523, 33.973999, 0.0)
(47.218285, 33.987061, 0.0)
(47.207268, 33.960880, 0.0)
(47.211056, 33.951145, 0.0)
(47.212299, 33.957783, 0.0)
(47.200813, 33.956116, 0.0)
(47.191727, 33.976166, 0.0)
(47.174408, 34.006603, 0.0)
(47.165737, 34.005775, 0.0)
(47.119389, 33.984768, 0.0)
(43.643616, 32.738461, 0.0)
(39.193794, 32.380707, 0.0)
(37.117775, 32.759460, 0.0)
(37.114380, 32.773994, 0.0)
(37.124859, 32.738132, 0.0)
(37.108727, 32.698944, 0.0)
(37.113350, 32.686298, 0.0)
(37.120766, 32.666637, 0.0)
(37.557644, 32.287304, 0.0)
(37.590302, 32.234966, 0.0)
(37.560932, 32.230057, 0.0)
(37.564819, 32.220161, 0.0)
(37.566975, 32.210934, 0.0)
(37.556568, 32.210537, 0.0)
(37.557087, 32.232826, 0.0)
(37.548546, 32.234432, 0.0)
(37.540913, 32.236778, 0.0)
(37.540447, 32.267342, 0.0)
(37.534531, 32.294548, 0.0)
(37.520847, 32.310738, 0.0)
(37.509632, 32.310684, 0.0)
(37.489449, 32.309837, 0.0)
(37.503487, 32.304073, 0.0)
(37.472519, 32.326111, 0.0)
(37.442986, 32.347900, 0.0)
(37.450413, 32.385479, 0.0)
(37.428211, 32.399914, 0.0)
(37.419552, 32.378902, 0.0)
(37.446541, 32.375957, 0.0)
(37.453884, 32.389965, 0.0)
(37.443043, 32.393314, 0.0)
(37.420437, 32.379974, 0.0)
(37.428020, 32.369881, 0.0)
(37.384224, 32.362068, 0.0)
(37.383808, 32.365086, 0.0)
(37.373016, 32.367161, 0.0)
(37.383709, 32.358765, 0.0)
(37.112610, 32.462982, 0.0)
(34.201885, 33.051983, 0.0)
(32.978279, 33.225410, 0.0)
(32.852180, 33.274414, 0.0)
(32.913807, 33.221882, 0.0)
(32.882545, 33.220470, 0.0)
(32.874977, 33.235954, 0.0)
(32.881271, 33.203892, 0.0)
(32.862377, 33.210712, 0.0)
(32.889046, 33.212383, 0.0)
(32.873108, 33.196148, 0.0)
(32.897198, 33.172108, 0.0)
(32.904560, 33.140102, 0.0)
(32.893261, 33.122215, 0.0)
(32.914848, 32.978149, 0.0)
(32.957218, 32.986099, 0.0)
(32.943268, 32.996868, 0.0)
(32.946583, 32.999073, 0.0)
(32.961575, 33.013641, 0.0)
(32.968716, 33.004917, 0.0)
(32.970963, 33.016018, 0.0)
(32.984566, 33.052776, 0.0)
(32.992069, 33.053284, 0.0)
(32.990635, 33.035038, 0.0)
(32.980087, 33.038700, 0.0)
(32.959167, 33.069069, 0.0)
(32.945549, 33.078453, 0.0)
(32.941578, 33.067230, 0.0)
(32.940567, 33.072289, 0.0)
(32.960697, 33.072002, 0.0)
(32.969280, 33.066776, 0.0)
(32.974529, 33.050388, 0.0)
(32.973652, 33.040936, 0.0)
(32.969856, 33.043507, 0.0)
(32.979752, 33.035622, 0.0)
(32.999386, 33.025860, 0.0)
(32.993664, 33.047630, 0.0)
(33.003780, 33.040871, 0.0)
(33.155159, 33.027523, 0.0)
(38.261520, 32.506721, 0.0)
(42.558910, 33.119038, 0.0)
(43.169968, 33.286964, 0.0)
(43.231323, 33.223804, 0.0)
(43.219360, 33.182365, 0.0)
(43.224228, 33.160999, 0.0)
(43.247139, 33.206909, 0.0)
(43.217571, 33.134041, 0.0)
(43.234276, 33.092522, 0.0)
(43.496536, 32.915630, 0.0)
(43.539104, 32.926376, 0.0)
(43.509750, 32.907539, 0.0)
(43.497383, 32.891689, 0.0)
(43.504890, 32.893246, 0.0)
(43.484764, 32.921066, 0.0)
(43.486130, 32.926697, 0.0)
(43.486801, 32.932568, 0.0)
(43.458641, 32.913738, 0.0)
(43.165901, 32.628780, 0.0)
(42.994576, 32.330727, 0.0)
(43.137924, 32.415615, 0.0)
(43.164089, 32.634243, 0.0)
(43.197098, 32.693413, 0.0)
(43.223644, 32.707840, 0.0)
(43.219074, 32.718845, 0.0)
(43.184872, 32.759071, 0.0)
(43.196308, 32.782837, 0.0)
(43.194450, 32.796780, 0.0)
(43.189613, 32.783527, 0.0)
(43.213165, 32.796600, 0.0)
(43.221298, 32.812271, 0.0)
(43.199692, 32.802788, 0.0)
(43.174049, 32.777683, 0.0)
(43.172703, 32.770115, 0.0)
(43.157146, 32.769878, 0.0)
(43.146519, 32.750641, 0.0)
(43.130859, 32.767376, 0.0)
(43.136208, 32.776703, 0.0)
(43.124889, 32.780163, 0.0)
(43.113403, 32.796703, 0.0)
(43.089470, 32.775036, 0.0)
(43.072895, 32.768597, 0.0)
(43.068474, 32.743866, 0.0)
(43.030834, 32.748394, 0.0)
(42.700695, 33.920887, 0.0)
(41.025436, 35.662617, 0.0)
(40.425957, 35.969864, 0.0)
(40.327049, 35.927315, 0.0)
(40.297070, 35.887207, 0.0)
(40.274311, 35.842716, 0.0)
(40.973240, 36.028950, 0.0)
(45.201466, 37.319004, 0.0)
(47.825375, 38.676609, 0.0)
(48.653622, 39.219898, 0.0)
(48.691780, 39.241253, 0.0)
(48.656788, 39.187969, 0.0)
(48.632877, 39.148582, 0.0)
(48.629635, 39.131508, 0.0)
(48.608513, 39.084850, 0.0)
(48.616337, 39.060951, 0.0)
(48.613541, 39.026054, 0.0)
(48.612473, 39.011829, 0.0)
(48.927574, 37.200775, 0.0)
(47.983429, 33.761024, 0.0)
(47.217556, 32.087677, 0.0)
(47.010063, 31.908295, 0.0)
(47.075939, 31.986265, 0.0)
(47.067486, 31.997387, 0.0)
(47.066132, 32.002087, 0.0)
(46.565716, 31.893568, 0.0)
(42.206470, 32.660290, 0.0)
(38.460884, 35.378075, 0.0)
(36.009430, 37.958916, 0.0)
(35.082027, 39.148350, 0.0)
(34.959000, 39.027870, 0.0)
(34.953876, 38.884056, 0.0)
(34.922543, 38.839066, 0.0)
(34.898338, 38.783356, 0.0)
(34.975231, 38.582005, 0.0)
(38.087551, 34.177959, 0.0)
(39.000420, 31.845543, 0.0)
(38.980080, 31.947945, 0.0)
(38.945648, 31.969381, 0.0)
(38.926041, 31.979588, 0.0)
(38.947769, 31.988317, 0.0)
(39.483673, 31.828426, 0.0)
(39.579426, 31.795984, 0.0)
(39.596981, 31.742735, 0.0)
(39.567688, 31.735888, 0.0)
(39.552322, 31.707968, 0.0)
(39.544537, 31.697109, 0.0)
(39.538666, 31.705872, 0.0)
(39.528797, 31.735878, 0.0)
(39.528797, 31.735878, 0.0)
(39.525925, 31.763874, 0.0)
(39.525925, 31.763874, 0.0)
(39.525925, 31.763874, 0.0)
(39.518974, 31.762476, 0.0)
(39.522045, 31.746698, 0.0)
(39.530682, 31.762684, 0.0)
(39.515583, 31.781387, 0.0)
(39.500217, 31.810715, 0.0)
(39.483837, 31.823828, 0.0)
(39.444180, 31.839920, 0.0)
(39.439754, 31.843676, 0.0)
(39.464764, 31.864256, 0.0)
(39.430965, 31.852234, 0.0)
(39.430260, 31.876022, 0.0)
(39.448563, 31.884748, 0.0)
(39.456139, 31.883364, 0.0)
(39.432499, 31.864944, 0.0)
(39.424713, 31.841291, 0.0)
(41.816257, 32.598690, 0.0)
(45.867603, 34.393772, 0.0)
(47.785675, 35.797321, 0.0)
(48.211487, 36.213017, 0.0)
(48.244064, 36.201607, 0.0)
(48.240265, 36.165611, 0.0)
(48.230873, 36.119003, 0.0)
(48.260258, 36.062241, 0.0)
(48.320652, 36.042622, 0.0)
(48.309940, 36.024410, 0.0)
(48.272308, 35.972721, 0.0)
(48.275864, 35.995224, 0.0)
(48.275864, 35.995224, 0.0)
(48.100243, 35.631931, 0.0)
(48.085621, 35.545631, 0.0)
(48.107868, 35.577469, 0.0)
(48.100178, 35.540230, 0.0)
(48.085289, 35.551033, 0.0)
(48.089642, 35.577751, 0.0)
(48.085400, 35.585262, 0.0)
(48.085072, 35.597416, 0.0)
(48.091789, 35.601620, 0.0)
(48.091789, 35.601620, 0.0)
(48.087997, 35.609646, 0.0)
(48.068771, 35.635052, 0.0)
(48.067215, 35.622364, 0.0)
(48.072823, 35.593845, 0.0)
(48.076385, 35.562016, 0.0)
(48.051746, 35.549335, 0.0)
(48.031155, 35.573158, 0.0)
(48.024303, 35.554253, 0.0)
(48.012794, 35.550911, 0.0)
(48.014179, 35.526775, 0.0)
(48.003056, 35.509083, 0.0)
(48.000320, 35.488316, 0.0)
(47.985195, 35.454205, 0.0)
(47.983662, 35.433487, 0.0)
(47.972557, 35.421242, 0.0)
(46.712101, 34.711815, 0.0)
(45.156540, 33.835808, 0.0)
(45.168499, 33.832279, 0.0)
(45.200939, 33.805008, 0.0)
(45.141632, 33.696117, 0.0)
(44.930286, 33.248081, 0.0)
(44.895691, 33.146973, 0.0)
(45.103653, 33.181389, 0.0)
(45.250736, 33.370190, 0.0)
(45.265331, 33.446003, 0.0)
(45.241497, 33.489792, 0.0)
(45.247833, 33.565079, 0.0)
(45.221325, 33.615086, 0.0)
(45.218849, 33.619270, 0.0)
(45.260052, 33.667881, 0.0)
(45.259293, 33.699314, 0.0)
(45.281796, 33.715065, 0.0)
(45.283653, 33.722191, 0.0)
(45.274223, 33.710835, 0.0)
(45.260780, 33.723076, 0.0)
(45.229622, 33.704208, 0.0)
(45.236099, 33.731125, 0.0)
(45.246681, 33.780457, 0.0)
(45.249458, 33.791615, 0.0)
(45.253555, 33.795010, 0.0)
(45.260887, 33.798153, 0.0)
(45.258095, 33.767353, 0.0)
(45.253330, 33.732761, 0.0)
(45.256767, 33.736774, 0.0)
(45.256763, 33.715099, 0.0)
(45.228695, 33.747139, 0.0)
(45.222755, 33.791145, 0.0)
(45.230549, 33.810574, 0.0)
(45.224136, 33.818695, 0.0)
(45.241959, 33.794067, 0.0)
(45.241840, 33.788383, 0.0)
(45.233311, 33.795292, 0.0)
(45.210648, 33.789051, 0.0)
(42.172920, 35.017834, 0.0)
(38.131226, 36.176933, 0.0)
(35.507442, 37.291809, 0.0)
(34.343136, 37.840008, 0.0)
(34.097683, 37.911716, 0.0)
(34.043514, 37.842209, 0.0)
(34.002693, 37.781010, 0.0)
(33.975395, 37.732368, 0.0)
(33.303143, 37.784801, 0.0)
(33.271358, 37.796452, 0.0)
(33.261532, 37.769924, 0.0)
(33.212852, 37.739376, 0.0)
(33.201420, 37.737125, 0.0)
(33.203770, 37.745014, 0.0)
(33.204781, 37.732639, 0.0)
(33.210640, 37.720020, 0.0)
(33.221203, 37.711445, 0.0)
(33.183315, 37.700287, 0.0)
(33.157612, 37.651894, 0.0)
(33.163589, 37.649143, 0.0)
(33.149742, 37.626472, 0.0)
(33.151760, 37.643394, 0.0)
(33.141544, 37.637901, 0.0)
(33.125847, 37.619904, 0.0)
(33.135502, 37.619076, 0.0)
(33.140160, 37.609924, 0.0)
(33.150295, 37.586536, 0.0)
(33.160587, 37.570919, 0.0)
(33.161716, 37.561096, 0.0)
(33.160339, 37.551147, 0.0)
(33.135460, 37.550835, 0.0)
(33.148079, 37.559059, 0.0)
(33.150738, 37.568687, 0.0)
(33.158714, 37.543156, 0.0)
(33.191952, 37.530727, 0.0)
(33.197273, 37.539467, 0.0)
(33.222694, 37.514389, 0.0)
(33.225113, 37.474365, 0.0)
(33.249832, 37.445984, 0.0)
(33.359436, 37.399067, 0.0)
(37.851368, 35.565052, 0.0)
(42.712067, 34.846664, 0.0)
(46.237171, 35.466667, 0.0)
(48.101147, 36.023739, 0.0)
(48.426067, 36.075630, 0.0)
(48.436977, 36.039593, 0.0)
(48.396446, 35.975460, 0.0)
(48.390644, 35.949581, 0.0)
(48.409920, 35.888702, 0.0)
(48.370972, 35.858421, 0.0)
(48.360374, 35.894325, 0.0)
(48.370373, 35.900108, 0.0)
(48.415958, 34.764076, 0.0)
(47.776451, 32.264439, 0.0)
(47.450584, 31.878920, 0.0)
(47.401894, 31.924660, 0.0)
(47.400749, 31.997463, 0.0)
(47.361874, 32.006786, 0.0)
(47.346664, 32.027958, 0.0)
(47.298279, 32.001793, 0.0)
(44.680378, 31.955017, 0.0)
(40.902882, 32.758915, 0.0)
(38.047527, 34.750771, 0.0)
(35.917004, 37.484127, 0.0)
(35.102047, 39.422050, 0.0)
(34.906761, 39.584293, 0.0)
(34.893276, 39.494583, 0.0)
(34.868317, 39.395039, 0.0)
(34.822212, 39.367664, 0.0)
(34.813370, 39.336075, 0.0)
(34.799316, 39.293087, 0.0)
(34.779274, 39.280167, 0.0)
(34.771156, 39.268349, 0.0)
(34.753841, 39.252918, 0.0)
(34.766075, 39.216175, 0.0)
(36.519947, 38.182343, 0.0)
(42.106125, 36.077675, 0.0)
(45.740486, 35.868774, 0.0)
(46.272316, 35.968220, 0.0)
(46.358898, 35.960907, 0.0)
(46.385017, 35.940296, 0.0)
(46.485565, 35.796520, 0.0)
(46.980820, 35.227306, 0.0)
(46.991604, 35.204678, 0.0)
(46.998932, 35.179230, 0.0)
(47.012009, 35.166393, 0.0)
(46.983006, 35.115326, 0.0)
(46.973072, 35.129604, 0.0)
(46.955616, 35.156815, 0.0)
(46.966305, 35.180656, 0.0)
(46.934155, 35.174469, 0.0)
(46.927456, 35.148956, 0.0)
(46.919453, 35.142502, 0.0)
(46.929760, 35.137634, 0.0)
(46.932053, 35.111290, 0.0)
(46.928680, 35.140064, 0.0)
(46.928539, 35.152138, 0.0)
(46.925430, 35.167812, 0.0)
(46.929230, 35.190998, 0.0)
(46.918655, 35.179043, 0.0)
(46.905922, 35.171013, 0.0)
(46.895126, 35.184177, 0.0)
(46.882004, 35.169991, 0.0)
(46.862801, 35.148270, 0.0)
(46.857098, 35.150002, 0.0)
(46.871422, 35.138248, 0.0)
(46.845737, 35.120594, 0.0)
(46.829147, 35.145161, 0.0)
(46.826385, 35.160980, 0.0)
(46.824375, 35.201633, 0.0)
(46.821190, 35.197563, 0.0)
(46.822025, 35.219837, 0.0)
(46.831787, 35.216465, 0.0)
(46.448170, 35.201942, 0.0)
(41.916492, 35.334351, 0.0)
(38.007133, 36.382408, 0.0)
(35.503189, 37.612240, 0.0)
(34.210060, 38.432079, 0.0)
(33.985710, 38.574211, 0.0)
(33.923946, 38.534893, 0.0)
(33.880581, 38.477856, 0.0)
(33.904556, 38.439247, 0.0)
(33.935020, 38.403603, 0.0)
(33.930218, 38.346245, 0.0)
(33.456753, 38.467983, 0.0)
(33.376251, 38.491085, 0.0)
(33.384747, 38.469044, 0.0)
(33.355511, 38.487209, 0.0)
(33.348820, 38.479042, 0.0)
(33.362816, 38.473957, 0.0)
(33.378036, 38.455383, 0.0)
(33.348747, 38.441734, 0.0)
(33.360989, 38.427505, 0.0)
(33.357323, 38.426003, 0.0)
(33.354206, 38.409321, 0.0)
(33.354225, 38.388702, 0.0)
(33.338608, 38.376816, 0.0)
(33.342506, 38.360954, 0.0)
(33.335732, 38.363571, 0.0)
(33.337719, 38.343563, 0.0)
(33.343086, 38.355461, 0.0)
(33.336849, 38.350906, 0.0)
(33.337563, 38.335205, 0.0)
(33.338383, 38.324738, 0.0)
(33.350677, 38.320129, 0.0)
(33.348747, 38.283077, 0.0)
(33.332779, 38.300640, 0.0)
(33.328571, 38.322559, 0.0)
(33.328144, 38.327194, 0.0)
(33.334602, 38.306179, 0.0)
(33.352093, 38.309826, 0.0)
(34.617016, 35.761505, 0.0)
(35.699421, 33.588844, 0.0)
(35.787109, 33.604256, 0.0)
(35.747887, 33.604836, 0.0)
(35.672997, 33.611290, 0.0)
(35.666912, 33.622749, 0.0)
(35.661678, 33.632973, 0.0)
(36.041065, 33.278912, 0.0)
(36.029533, 33.302246, 0.0)
(36.025677, 33.268291, 0.0)
(36.024693, 33.247513, 0.0)
(36.002247, 33.232029, 0.0)
(36.008553, 33.225712, 0.0)
(36.012573, 33.222748, 0.0)
(36.010136, 33.218124, 0.0)
(35.986488, 33.226994, 0.0)
(35.970318, 33.252808, 0.0)
(35.958134, 33.255920, 0.0)
(35.921867, 33.243534, 0.0)
(35.918560, 33.245663, 0.0)
(35.926563, 33.251282, 0.0)
(35.911106, 33.254086, 0.0)
(35.909885, 33.249619, 0.0)
(35.898769, 33.230400, 0.0)
(35.891792, 33.232956, 0.0)
(35.902100, 33.245270, 0.0)
(35.885750, 33.280216, 0.0)
(35.887897, 33.275623, 0.0)
(35.887894, 33.280933, 0.0)
(35.887894, 33.280933, 0.0)
(35.888950, 33.270725, 0.0)
(35.887894, 33.280933, 0.0)
(35.887875, 33.276009, 0.0)
(35.902199, 33.282406, 0.0)
(35.918961, 33.270451, 0.0)
(35.900921, 33.272320, 0.0)
(35.876621, 33.303856, 0.0)
(38.037560, 33.707279, 0.0)
(42.777157, 34.845539, 0.0)
(44.353481, 35.622078, 0.0)
(44.379925, 35.600700, 0.0)
(44.353199, 35.566402, 0.0)
(44.344543, 35.527493, 0.0)
(44.219776, 35.570526, 0.0)
(43.871315, 35.753941, 0.0)
(43.868153, 35.773712, 0.0)
(43.890564, 35.800583, 0.0)
(43.887878, 35.820866, 0.0)
(43.881916, 35.803692, 0.0)
(43.876038, 35.774502, 0.0)
(43.866165, 35.757130, 0.0)
(43.863403, 35.741035, 0.0)
(43.847336, 35.735916, 0.0)
(43.829700, 35.742500, 0.0)
(43.816216, 35.697041, 0.0)
(43.834427, 35.718979, 0.0)
(43.829369, 35.706631, 0.0)
(43.806625, 35.697136, 0.0)
(43.769470, 35.740009, 0.0)
(43.747143, 35.733749, 0.0)
(43.738266, 35.706375, 0.0)
(43.740963, 35.678402, 0.0)
(43.740963, 35.678402, 0.0)
(43.745018, 35.670681, 0.0)
(43.746952, 35.666595, 0.0)
(43.726604, 35.625576, 0.0)
(43.719677, 35.612968, 0.0)
(43.698227, 35.614944, 0.0)
(42.449875, 35.162052, 0.0)
(42.333992, 35.147297, 0.0)
(42.345711, 35.159462, 0.0)
(42.359104, 35.127792, 0.0)
(42.346275, 35.142651, 0.0)
(42.339329, 35.121372, 0.0)
(42.322922, 35.119648, 0.0)
(41.733467, 33.614071, 0.0)
(41.443474, 31.133095, 0.0)
(41.489269, 30.595762, 0.0)
(41.441315, 30.696310, 0.0)
(41.422192, 30.735380, 0.0)
(41.425255, 30.745752, 0.0)
(41.186512, 30.394985, 0.0)
(41.154144, 30.336393, 0.0)
(41.173389, 30.325083, 0.0)
(41.193291, 30.322779, 0.0)
(41.209061, 30.354010, 0.0)
(41.189793, 30.352901, 0.0)
(41.189793, 30.352901, 0.0)
(41.008942, 30.158588, 0.0)
(40.850948, 29.480240, 0.0)
(41.077969, 29.999165, 0.0)
(41.176514, 30.428934, 0.0)
(41.156231, 30.499104, 0.0)
(41.108028, 30.559313, 0.0)
(41.095024, 30.593754, 0.0)
(41.106384, 30.562510, 0.0)
(41.114853, 30.579285, 0.0)
(41.119816, 30.566761, 0.0)
(41.115952, 30.602880, 0.0)
(41.093292, 30.621538, 0.0)
(41.064960, 30.647072, 0.0)
(41.013508, 31.917418, 0.0)
(40.907303, 34.045593, 0.0)
(40.823254, 34.109554, 0.0)
(40.804623, 34.068562, 0.0)
(40.769459, 34.028378, 0.0)
(40.754200, 34.025585, 0.0)
(40.736225, 34.021473, 0.0)
(40.717659, 34.023624, 0.0)
(40.731510, 34.004440, 0.0)
(40.739243, 34.015255, 0.0)
(40.732655, 33.967819, 0.0)
(40.747570, 33.953083, 0.0)
(44.062233, 33.445614, 0.0)
(46.477631, 32.792248, 0.0)
(47.411396, 32.594540, 0.0)
(47.508457, 32.658688, 0.0)
(47.468155, 32.604401, 0.0)
(47.439545, 32.562637, 0.0)
(47.424007, 32.548409, 0.0)
(47.406387, 32.526642, 0.0)
(47.388275, 32.492310, 0.0)
(47.383656, 32.453377, 0.0)
(47.358124, 32.471489, 0.0)
(47.341156, 32.463673, 0.0)
(47.320709, 32.429253, 0.0)
(47.295551, 32.435959, 0.0)
(47.267128, 32.422310, 0.0)
(47.240341, 32.437420, 0.0)
(47.220837, 32.476265, 0.0)
(47.210693, 32.492855, 0.0)
(47.182316, 32.531395, 0.0)
(47.173141, 32.526352, 0.0)
(47.138908, 32.517788, 0.0)
(47.120075, 32.485828, 0.0)
(47.128632, 32.508617, 0.0)
(47.101543, 32.547752, 0.0)
(47.089169, 32.537663, 0.0)
(47.086838, 32.541351, 0.0)
(47.078323, 32.538345, 0.0)
(47.074615, 32.539196, 0.0)
(47.031319, 32.544201, 0.0)
(47.032352, 32.539608, 0.0)
(47.031136, 32.529369, 0.0)
(47.030361, 32.534779, 0.0)
(47.029587, 32.528320, 0.0)
(47.030361, 32.522907, 0.0)
(47.021294, 32.515968, 0.0)
(47.006756, 32.494114, 0.0)
(46.986343, 32.464661, 0.0)
(46.974716, 32.539864, 0.0)
(46.651264, 33.699825, 0.0)
(46.631241, 33.755318, 0.0)
(46.654884, 33.720459, 0.0)
(46.674095, 33.682053, 0.0)
(46.681976, 33.642899, 0.0)
(46.689480, 33.621300, 0.0)
(46.562298, 33.483944, 0.0)
(46.542866, 33.397930, 0.0)
(46.544472, 33.375420, 0.0)
(46.541096, 33.380783, 0.0)
(46.529831, 33.415173, 0.0)
(46.530544, 33.375412, 0.0)
(46.531918, 33.344070, 0.0)
(46.520401, 33.361778, 0.0)
(46.523338, 33.353386, 0.0)
(46.544720, 33.357361, 0.0)
(46.529884, 33.343338, 0.0)
(46.523720, 33.346416, 0.0)
(46.500751, 33.312042, 0.0)
(46.500751, 33.312042, 0.0)
(46.489288, 33.333832, 0.0)
(46.485245, 33.334484, 0.0)
(46.476818, 33.326672, 0.0)
(46.467529, 33.326698, 0.0)
(46.466156, 33.329857, 0.0)
(46.456814, 33.321320, 0.0)
(46.463821, 33.341625, 0.0)
(46.445087, 33.344872, 0.0)
(46.450279, 33.369881, 0.0)
(46.449162, 33.378212, 0.0)
(46.381653, 33.392990, 0.0)
(46.355549, 33.397518, 0.0)
(46.350723, 33.404896, 0.0)
(46.335701, 33.379951, 0.0)
(46.335701, 33.379951, 0.0)
(46.348598, 33.371986, 0.0)
(46.332287, 33.370865, 0.0)
(46.131268, 33.502426, 0.0)
(42.672592, 34.841000, 0.0)
(39.041855, 36.660290, 0.0)
(36.600090, 38.109982, 0.0)
(35.841858, 38.668148, 0.0)
(35.745842, 38.622395, 0.0)
(35.717533, 38.554249, 0.0)
(35.724197, 38.475086, 0.0)
(35.689728, 38.401699, 0.0)
(35.947639, 38.169693, 0.0)
(36.185818, 38.056900, 0.0)
(36.193954, 38.030586, 0.0)
(36.215134, 38.010929, 0.0)
(36.205048, 37.990604, 0.0)
(36.195168, 37.999310, 0.0)
(36.190201, 38.007690, 0.0)
(36.190392, 38.008492, 0.0)
(36.065796, 37.947502, 0.0)
(36.079685, 37.988297, 0.0)
(36.077477, 38.012054, 0.0)
(36.068031, 37.997913, 0.0)
(36.011608, 38.027828, 0.0)
(36.021889, 38.019550, 0.0)
(36.006935, 38.004444, 0.0)
(36.007366, 38.002811, 0.0)
(36.009918, 38.011925, 0.0)
(36.015720, 38.006691, 0.0)
(36.015720, 38.006691, 0.0)
(36.024628, 38.019733, 0.0)
(36.042118, 38.036758, 0.0)
(36.030437, 38.050896, 0.0)
(36.025898, 38.035206, 0.0)
(36.043919, 38.007324, 0.0)
(36.048676, 38.025585, 0.0)
(36.036419, 37.990826, 0.0)
(36.019299, 37.995979, 0.0)
(35.990376, 38.007210, 0.0)
(36.000248, 38.012905, 0.0)
(35.998947, 37.998104, 0.0)
(36.008286, 37.999214, 0.0)
(36.015446, 37.985424, 0.0)
(36.020439, 37.977451, 0.0)
(36.003979, 37.962944, 0.0)
(36.128197, 37.863239, 0.0)
(40.259441, 37.029053, 0.0)
(44.143700, 37.041203, 0.0)
(46.799141, 37.603188, 0.0)
(47.136364, 37.652596, 0.0)
(47.158203, 37.641155, 0.0)
(47.162895, 37.586315, 0.0)
(47.172474, 37.566059, 0.0)
(47.202232, 37.534695, 0.0)
(47.207012, 37.494431, 0.0)
(47.427910, 37.119999, 0.0)
(48.253510, 34.615932, 0.0)
(47.719849, 32.874084, 0.0)
(47.600090, 32.916336, 0.0)
(47.594978, 32.997063, 0.0)
(47.573387, 33.024986, 0.0)
(47.568607, 33.002235, 0.0)
(47.539215, 32.997742, 0.0)
(47.535927, 32.985161, 0.0)
(47.499443, 32.975979, 0.0)
(47.469791, 32.941143, 0.0)
(45.372135, 32.559788, 0.0)
(41.598194, 33.833771, 0.0)
(38.278919, 36.083466, 0.0)
(36.389053, 37.748688, 0.0)
(36.203175, 37.840656, 0.0)
(36.169754, 37.727108, 0.0)
(36.142990, 37.662231, 0.0)
(36.109859, 37.611820, 0.0)
(36.085670, 37.566208, 0.0)
(36.043907, 37.535397, 0.0)
(36.051815, 37.547729, 0.0)
(36.051884, 37.517822, 0.0)
(39.240444, 37.420536, 0.0)
(41.332485, 37.674191, 0.0)
(41.461086, 37.684109, 0.0)
(41.466076, 37.651680, 0.0)
(41.498947, 37.609791, 0.0)
(41.874405, 37.723167, 0.0)
(41.916222, 37.720844, 0.0)
(41.904484, 37.721725, 0.0)
(41.923203, 37.690109, 0.0)
(41.917641, 37.661167, 0.0)
(41.906479, 37.643982, 0.0)
(41.902699, 37.663410, 0.0)
(41.899452, 37.629139, 0.0)
(41.896645, 37.631092, 0.0)
(41.895542, 37.649139, 0.0)
(41.886909, 37.645367, 0.0)
(41.885025, 37.624294, 0.0)
(41.741222, 37.407639, 0.0)
(41.572174, 37.545677, 0.0)
(41.539936, 37.811226, 0.0)
(41.624645, 37.473366, 0.0)
(41.687031, 37.292473, 0.0)
(41.678020, 37.294834, 0.0)
(41.683094, 37.401112, 0.0)
(41.679447, 37.469456, 0.0)
(41.702168, 37.475124, 0.0)
(41.707329, 37.504124, 0.0)
(41.708767, 37.530235, 0.0)
(41.702301, 37.560181, 0.0)
(41.708359, 37.579590, 0.0)
(41.694660, 37.588840, 0.0)
(41.702576, 37.592316, 0.0)
(41.698025, 37.609360, 0.0)
(41.696381, 37.626793, 0.0)
(41.692970, 37.625366, 0.0)
(41.690857, 37.642220, 0.0)
(41.686516, 37.645477, 0.0)
(41.705864, 37.633995, 0.0)
(43.504459, 35.880634, 0.0)
(45.689816, 33.777283, 0.0)
(46.448055, 32.974220, 0.0)
(46.497608, 32.870754, 0.0)
(46.470623, 32.923805, 0.0)
(46.451736, 32.951851, 0.0)
(46.458031, 32.934776, 0.0)
(46.500500, 32.914742, 0.0)
(46.511791, 32.863880, 0.0)
(46.501881, 32.808102, 0.0)
(46.543827, 32.830135, 0.0)
(46.535450, 32.794548, 0.0)
(46.530289, 32.771004, 0.0)
(46.519440, 32.755817, 0.0)
(46.511242, 32.738461, 0.0)
(46.483833, 32.752224, 0.0)
(46.434509, 32.803043, 0.0)
(46.442902, 32.772591, 0.0)
(46.439209, 32.743546, 0.0)
(46.438381, 32.762218, 0.0)
(46.414017, 32.762825, 0.0)
(46.434113, 32.747929, 0.0)
(46.429588, 32.768372, 0.0)
(46.381413, 32.728424, 0.0)
(46.386917, 32.750744, 0.0)
(46.340378, 32.789780, 0.0)
(46.324535, 32.804905, 0.0)
(46.320095, 32.785919, 0.0)
(46.318802, 32.769558, 0.0)
(46.322655, 32.775494, 0.0)
(46.302174, 32.800323, 0.0)
(46.290375, 32.797554, 0.0)
(46.268112, 32.787354, 0.0)
(46.250652, 32.754398, 0.0)
(46.232727, 32.740551, 0.0)
(46.214489, 32.742268, 0.0)
(46.214489, 32.750305, 0.0)
(46.217625, 32.747784, 0.0)
(47.263744, 33.473701, 0.0)
(47.720444, 33.803577, 0.0)
(47.765366, 33.808552, 0.0)
(47.766499, 33.803101, 0.0)
(47.761093, 33.782852, 0.0)
(47.767632, 33.772213, 0.0)
(47.765835, 33.747360, 0.0)
(47.743488, 33.751896, 0.0)
(47.727932, 33.756058, 0.0)
(47.710236, 33.772213, 0.0)
(47.705269, 33.769051, 0.0)
(47.715427, 33.744854, 0.0)
(47.715797, 33.738667, 0.0)
(47.698280, 33.738522, 0.0)
(47.672543, 33.766815, 0.0)
(47.664040, 33.775291, 0.0)
(47.657261, 33.754837, 0.0)
(47.642319, 33.766899, 0.0)
(47.633926, 33.765194, 0.0)
(47.627777, 33.777725, 0.0)
(47.625389, 33.794392, 0.0)
(47.597137, 33.777313, 0.0)
(47.600742, 33.763947, 0.0)
(47.576832, 33.765907, 0.0)
(47.568989, 33.734352, 0.0)
(47.571171, 33.730137, 0.0)
(46.866501, 33.836491, 0.0)
(46.773132, 33.931034, 0.0)
(46.797688, 33.959435, 0.0)
(46.791965, 33.966270, 0.0)
(46.791965, 33.966270, 0.0)
(46.805923, 33.973866, 0.0)
(46.820049, 33.974331, 0.0)
(46.822651, 33.980305, 0.0)
(46.836357, 33.986385, 0.0)
(46.824898, 33.974834, 0.0)
(46.820686, 33.981731, 0.0)
(46.869522, 36.382572, 0.0)
(47.358170, 38.994392, 0.0)
(47.338711, 39.387554, 0.0)
(47.293156, 39.332020, 0.0)
(47.271793, 39.297245, 0.0)
(47.268150, 39.312908, 0.0)
(47.262024, 39.283531, 0.0)
(47.250660, 39.286495, 0.0)
(47.237034, 39.313602, 0.0)
(47.178238, 39.348442, 0.0)
(47.094501, 39.382412, 0.0)
(47.088261, 39.392570, 0.0)
(47.055397, 39.412209, 0.0)
(47.029713, 39.433846, 0.0)
(46.984554, 39.278999, 0.0)
(46.763275, 39.074169, 0.0)
(46.683472, 39.597141, 0.0)
(46.823631, 39.174778, 0.0)
(46.944813, 38.950249, 0.0)
(47.005070, 39.038414, 0.0)
(47.023857, 39.132942, 0.0)
(47.028423, 39.146076, 0.0)
(47.006447, 39.142731, 0.0)
(46.997395, 39.118504, 0.0)
(46.990173, 39.123638, 0.0)
(46.980377, 39.132053, 0.0)
(46.972031, 39.126003, 0.0)
(46.968063, 39.129086, 0.0)
(46.956879, 39.111149, 0.0)
(46.955486, 39.106945, 0.0)
(46.962494, 39.097050, 0.0)
(46.960342, 39.101505, 0.0)
(46.938465, 39.116985, 0.0)
(46.938465, 39.116985, 0.0)
(46.934612, 39.107651, 0.0)
(46.933052, 39.102634, 0.0)
(46.940754, 39.112724, 0.0)
(46.944576, 39.111149, 0.0)
(48.265457, 39.293865, 0.0)
(49.006275, 39.344643, 0.0)
(49.017975, 39.347397, 0.0)
(49.008595, 39.332455, 0.0)
(48.994221, 39.312244, 0.0)
(48.985962, 39.320438, 0.0)
(48.981091, 39.286335, 0.0)
(48.983337, 39.300453, 0.0)
(48.978905, 39.271358, 0.0)
(48.989285, 39.270298, 0.0)
(48.971794, 39.263390, 0.0)
(48.978306, 39.223164, 0.0)
(48.979996, 39.212543, 0.0)
(48.979500, 39.197765, 0.0)
(48.957333, 39.221138, 0.0)
(48.945625, 39.199409, 0.0)
(48.937069, 39.221596, 0.0)
(48.923805, 39.190678, 0.0)
(48.943283, 39.199650, 0.0)
(48.931229, 39.215012, 0.0)
(48.930744, 39.167503, 0.0)
(48.905197, 39.157116, 0.0)
(48.893795, 39.124683, 0.0)
(48.889572, 39.127522, 0.0)
(48.862007, 39.122597, 0.0)
(48.846939, 39.137558, 0.0)
(48.847923, 39.167263, 0.0)
(48.847923, 39.167263, 0.0)
(48.839024, 39.182293, 0.0)
(48.841228, 39.143902, 0.0)
(48.842323, 39.133438, 0.0)
(48.840263, 39.095531, 0.0)
(48.855797, 39.117989, 0.0)
(48.863258, 39.117908, 0.0)
(48.860771, 39.106808, 0.0)
(48.838799, 39.109474, 0.0)
(48.837379, 39.102753, 0.0)
(48.834881, 39.097435, 0.0)
(47.024567, 37.740002, 0.0)
(42.631111, 35.717102, 0.0)
(38.951473, 35.032642, 0.0)
(36.219891, 34.635868, 0.0)
(34.344028, 34.555294, 0.0)
(33.522091, 34.495014, 0.0)
(33.462708, 34.496986, 0.0)
(33.453865, 34.488304, 0.0)
(33.422531, 34.458527, 0.0)
(33.437519, 34.435860, 0.0)
(33.459526, 34.407661, 0.0)
(33.142235, 34.438763, 0.0)
(33.155140, 34.412109, 0.0)
(33.168732, 34.389141, 0.0)
(33.168240, 34.382809, 0.0)
(33.176579, 34.384617, 0.0)
(33.173317, 34.354580, 0.0)
(33.163399, 34.337738, 0.0)
(33.133739, 34.380581, 0.0)
(33.147373, 34.368484, 0.0)
(33.154465, 34.358936, 0.0)
(33.163956, 34.369617, 0.0)
(33.180870, 34.384861, 0.0)
(33.177120, 34.393185, 0.0)
(33.211002, 34.395870, 0.0)
(33.204910, 34.389523, 0.0)
(33.208317, 34.362038, 0.0)
(33.171974, 34.337677, 0.0)
(33.173500, 34.363766, 0.0)
(33.172249, 34.397141, 0.0)
(33.180077, 34.398964, 0.0)
(33.169697, 34.426212, 0.0)
(33.168961, 34.433567, 0.0)
(33.167336, 34.409660, 0.0)
(33.157234, 34.404285, 0.0)
(33.190685, 34.391003, 0.0)
(33.397739, 34.253700, 0.0)
(35.968178, 32.897602, 0.0)
(36.099937, 32.870014, 0.0)
(36.088394, 32.842461, 0.0)
(36.088394, 32.842461, 0.0)
(36.087223, 32.828773, 0.0)
(35.925468, 32.618912, 0.0)
(35.937435, 32.594425, 0.0)
(35.907726, 32.579845, 0.0)
(35.895630, 32.555187, 0.0)
(35.918999, 32.549084, 0.0)
(35.917995, 32.520912, 0.0)
(35.916359, 32.501392, 0.0)
(35.916264, 32.488567, 0.0)
(35.922466, 32.497375, 0.0)
(35.925285, 32.516541, 0.0)
(35.966568, 32.426697, 0.0)
(35.997627, 32.352322, 0.0)
(35.996593, 32.341290, 0.0)
(36.002800, 32.327923, 0.0)
(35.989361, 32.317276, 0.0)
(35.932522, 32.304344, 0.0)
(35.890350, 32.372150, 0.0)
(35.903324, 32.391533, 0.0)
(35.874901, 32.384716, 0.0)
(35.867165, 32.393364, 0.0)
(35.874485, 32.394405, 0.0)
(35.876934, 32.431564, 0.0)
(35.860977, 32.409348, 0.0)
(35.853176, 32.406502, 0.0)
(35.832554, 32.415874, 0.0)
(35.825272, 32.401169, 0.0)
(35.814991, 32.436275, 0.0)
(35.807682, 32.459949, 0.0)
(35.805779, 32.468079, 0.0)
(35.790905, 32.462921, 0.0)
(35.774567, 32.464615, 0.0)
(35.781277, 32.447727, 0.0)
(35.610554, 32.611340, 0.0)
(34.522282, 33.585262, 0.0)
(34.421597, 33.641151, 0.0)
(34.422516, 33.630146, 0.0)
(34.405499, 33.638184, 0.0)
(34.397579, 33.625786, 0.0)
(34.379940, 33.594063, 0.0)
(34.377731, 33.602585, 0.0)
(34.405224, 33.580883, 0.0)
(34.403122, 33.574585, 0.0)
(34.409420, 33.580650, 0.0)
(34.405224, 33.580883, 0.0)
(34.390373, 33.600197, 0.0)
(34.386246, 33.599998, 0.0)
(34.393486, 33.627892, 0.0)
(34.317425, 33.666813, 0.0)
(34.241653, 33.716145, 0.0)
(34.240017, 33.701248, 0.0)
(34.245148, 33.694427, 0.0)
(34.240269, 33.711426, 0.0)
(34.238991, 33.705173, 0.0)
(34.252361, 33.709568, 0.0)
(34.256985, 33.710377, 0.0)
(34.230320, 33.699917, 0.0)
(34.166763, 33.710522, 0.0)
(34.172985, 33.723457, 0.0)
(34.164814, 33.727238, 0.0)
(34.173836, 33.713989, 0.0)
(34.199825, 33.709129, 0.0)
(34.221905, 33.704342, 0.0)
(34.225258, 33.706295, 0.0)
(34.222710, 33.684639, 0.0)
(34.244553, 33.649521, 0.0)
(34.208645, 33.674358, 0.0)
(34.223179, 33.686985, 0.0)
(34.222641, 33.702473, 0.0)
(34.238499, 33.693336, 0.0)
(34.267517, 33.678452, 0.0)
(37.866367, 33.996361, 0.0)
(39.610634, 34.350468, 0.0)
(39.805283, 34.242149, 0.0)
(39.767769, 34.185291, 0.0)
(39.757450, 34.095394, 0.0)
(39.698383, 34.082626, 0.0)
(39.733704, 34.196640, 0.0)
(39.809952, 34.459316, 0.0)
(39.829670, 34.441090, 0.0)
(39.812538, 34.412548, 0.0)
(39.798790, 34.404736, 0.0)
(39.798882, 34.387276, 0.0)
(39.792900, 34.392296, 0.0)
(39.781929, 34.392002, 0.0)
(39.780773, 34.391270, 0.0)
(39.756695, 34.412395, 0.0)
(39.769115, 34.454979, 0.0)
(39.759052, 34.478382, 0.0)
(39.776455, 34.467915, 0.0)
(39.785286, 34.459850, 0.0)
(39.791630, 34.476315, 0.0)
(39.687450, 34.430195, 0.0)
(39.683029, 34.421139, 0.0)
(39.688213, 34.455280, 0.0)
(39.707546, 34.438255, 0.0)
(39.685471, 34.453678, 0.0)
(39.658375, 34.481384, 0.0)
(39.654053, 34.480572, 0.0)
(39.646214, 34.469589, 0.0)
(39.657288, 34.448673, 0.0)
(39.665062, 34.453846, 0.0)
(39.671181, 34.445782, 0.0)
(39.649418, 34.436836, 0.0)
(39.634697, 34.426189, 0.0)
(39.626598, 34.389618, 0.0)
(39.610241, 34.402092, 0.0)
(39.601372, 34.427746, 0.0)
(40.177124, 34.724319, 0.0)
(44.088860, 36.415760, 0.0)
(45.414997, 37.227276, 0.0)
(45.497440, 37.248581, 0.0)
(45.461102, 37.214497, 0.0)
(45.450455, 37.165379, 0.0)
(45.459957, 37.134865, 0.0)
(45.469349, 37.119827, 0.0)
(45.767326, 37.087330, 0.0)
(45.772839, 37.117458, 0.0)
(45.766987, 37.110882, 0.0)
(45.757011, 37.098061, 0.0)
(45.761307, 37.058372, 0.0)
(45.756680, 37.072735, 0.0)
(45.773941, 37.065174, 0.0)
(45.730572, 37.061539, 0.0)
(45.710903, 37.028748, 0.0)
(45.705173, 37.027763, 0.0)
(45.682507, 37.054466, 0.0)
(45.663277, 37.062511, 0.0)
(45.661354, 37.063404, 0.0)
(45.656937, 37.070160, 0.0)
(45.660702, 37.069172, 0.0)
(45.656128, 37.075638, 0.0)
(45.654179, 37.080341, 0.0)
(45.649445, 37.088947, 0.0)
(45.649055, 37.130405, 0.0)
(45.653004, 37.109375, 0.0)
(45.631165, 37.113201, 0.0)
(45.619434, 37.132584, 0.0)
(45.623413, 37.123192, 0.0)
(45.625740, 37.128082, 0.0)
(45.639332, 37.123470, 0.0)
(45.640789, 37.138279, 0.0)
(45.665752, 37.140930, 0.0)
(45.663712, 37.145786, 0.0)
(45.662258, 37.116020, 0.0)
(45.664303, 37.112724, 0.0)
(45.584938, 37.099785, 0.0)
(41.815281, 35.412376, 0.0)
(37.766216, 33.852333, 0.0)
(35.161324, 33.296764, 0.0)
(33.753380, 33.361015, 0.0)
(33.593971, 33.425186, 0.0)
(33.566742, 33.435352, 0.0)
(33.551392, 33.402744, 0.0)
(33.177540, 33.585495, 0.0)
(33.103603, 33.617714, 0.0)
(33.088921, 33.590096, 0.0)
(33.060841, 33.599998, 0.0)
(33.065041, 33.593216, 0.0)
(33.057030, 33.569294, 0.0)
(33.062656, 33.553043, 0.0)
(33.078201, 33.554245, 0.0)
(33.077183, 33.571041, 0.0)
(33.070526, 33.567612, 0.0)
(33.079231, 33.539631, 0.0)
(33.076225, 33.543301, 0.0)
(33.097698, 33.532074, 0.0)
(33.061047, 33.576256, 0.0)
(33.031643, 33.576736, 0.0)
(33.038826, 33.585911, 0.0)
(33.056412, 33.576847, 0.0)
(33.080292, 33.574989, 0.0)
(33.079735, 33.584492, 0.0)
(33.097649, 33.565277, 0.0)
(33.119926, 33.564480, 0.0)
(33.121494, 33.528427, 0.0)
(33.098583, 33.553986, 0.0)
(33.088398, 33.568481, 0.0)
(33.097195, 33.554615, 0.0)
(33.088806, 33.547787, 0.0)
(33.109264, 33.533207, 0.0)
(33.126770, 33.528034, 0.0)
(33.147793, 33.518707, 0.0)
(34.386181, 35.179604, 0.0)
(34.981777, 37.270897, 0.0)
(34.936962, 37.340275, 0.0)
(34.887589, 37.296890, 0.0)
(34.837772, 37.287674, 0.0)
(34.834244, 37.289558, 0.0)
(34.810207, 37.280018, 0.0)
(34.771576, 37.260090, 0.0)
(34.788162, 37.033150, 0.0)
(34.770454, 37.004738, 0.0)
(34.757969, 37.002182, 0.0)
(34.764877, 36.994385, 0.0)
(34.745068, 37.005672, 0.0)
(34.701008, 37.007858, 0.0)
(34.691391, 37.025917, 0.0)
(34.691391, 37.025917, 0.0)
(34.663456, 37.049095, 0.0)
(34.680828, 37.036976, 0.0)
(34.695114, 37.039959, 0.0)
(34.693043, 37.086632, 0.0)
(34.688751, 37.039696, 0.0)
(34.695210, 37.064816, 0.0)
(34.710674, 37.051590, 0.0)
(34.714645, 37.094498, 0.0)
(34.724327, 37.100475, 0.0)
(34.733021, 37.117348, 0.0)
(34.733963, 37.108818, 0.0)
(34.742153, 37.097095, 0.0)
(34.748928, 37.069080, 0.0)
(34.769100, 37.110329, 0.0)
(34.767796, 37.123821, 0.0)
(34.763496, 37.132217, 0.0)
(34.774837, 37.115845, 0.0)
(34.738209, 37.151924, 0.0)
(34.733284, 37.151623, 0.0)
(34.761318, 37.150894, 0.0)
(34.768490, 37.147430, 0.0)
(34.793407, 37.164639, 0.0)
(36.599434, 36.290672, 0.0)
(39.325108, 35.675110, 0.0)
(39.484993, 35.713551, 0.0)
(39.539021, 35.627670, 0.0)
(39.559067, 35.556839, 0.0)
(39.775005, 35.574402, 0.0)
(40.059490, 35.589630, 0.0)
(40.068703, 35.594551, 0.0)
(40.059803, 35.619762, 0.0)
(40.054298, 35.603233, 0.0)
(40.078014, 35.572800, 0.0)
(40.052025, 35.545383, 0.0)
(40.052025, 35.545383, 0.0)
(40.058392, 35.517300, 0.0)
(40.035362, 35.554752, 0.0)
(39.991207, 35.588444, 0.0)
(39.901943, 35.407970, 0.0)
(39.812428, 35.929405, 0.0)
(39.706173, 36.072033, 0.0)
(39.740353, 35.333431, 0.0)
(39.752411, 34.972782, 0.0)
(39.756706, 35.041733, 0.0)
(39.772778, 35.102245, 0.0)
(39.761795, 35.122719, 0.0)
(39.759903, 35.155571, 0.0)
(39.774693, 35.171417, 0.0)
(39.765820, 35.243778, 0.0)
(39.769855, 35.268753, 0.0)
(39.785240, 35.300652, 0.0)
(39.771152, 35.330956, 0.0)
(39.772186, 35.320465, 0.0)
(39.787258, 35.307201, 0.0)
(39.817383, 35.307331, 0.0)
(39.830444, 35.299988, 0.0)
(39.788033, 35.357338, 0.0)
(39.747597, 35.369522, 0.0)
(39.726063, 35.377590, 0.0)
(39.893414, 35.431732, 0.0)
(43.562313, 37.156971, 0.0)
(45.535095, 38.119049, 0.0)
(45.583969, 38.139946, 0.0)
(45.540497, 38.108250, 0.0)
(45.520142, 38.085346, 0.0)
(45.507198, 38.041473, 0.0)
(45.519680, 38.048683, 0.0)
(45.518230, 38.064335, 0.0)
(45.526276, 38.031765, 0.0)
(45.521328, 38.013878, 0.0)
(45.518631, 38.009216, 0.0)
(45.514679, 37.999798, 0.0)
(45.503796, 37.992020, 0.0)
(45.515003, 37.957237, 0.0)
(45.504650, 37.945141, 0.0)
(45.482754, 37.978516, 0.0)
(45.472202, 37.971012, 0.0)
(45.463352, 38.007774, 0.0)
(45.467567, 37.980534, 0.0)
(45.467339, 37.998043, 0.0)
(45.462307, 37.990089, 0.0)
(45.455097, 37.994671, 0.0)
(45.442860, 37.994068, 0.0)
(45.434677, 37.989971, 0.0)
(45.429615, 37.994370, 0.0)
(45.418468, 37.985161, 0.0)
(45.413544, 37.972153, 0.0)
(45.413544, 37.972153, 0.0)
(45.415062, 37.983044, 0.0)
(45.418468, 37.985161, 0.0)
(45.423798, 37.993107, 0.0)
(45.427231, 37.992214, 0.0)
(45.445248, 38.004860, 0.0)
(45.451252, 38.000683, 0.0)
(45.451252, 38.000683, 0.0)
(45.445618, 38.012402, 0.0)
(45.439514, 38.036598, 0.0)
(45.434143, 38.050274, 0.0)
(42.902039, 35.039806, 0.0)
(40.536953, 32.188854, 0.0)
(39.456543, 31.227287, 0.0)
(39.394386, 31.274883, 0.0)
(39.385693, 31.319748, 0.0)
(39.366863, 31.317518, 0.0)
(39.335911, 31.295195, 0.0)
(39.306664, 31.268467, 0.0)
(39.290569, 31.225515, 0.0)
(39.273186, 31.230324, 0.0)
(39.264225, 31.200912, 0.0)
(39.241146, 31.170801, 0.0)
(39.249660, 31.127615, 0.0)
(39.258694, 31.131834, 0.0)
(39.276962, 31.124149, 0.0)
(39.242329, 31.135622, 0.0)
(39.214947, 31.146318, 0.0)
(39.224880, 31.151926, 0.0)
(39.211761, 31.162329, 0.0)
(39.196434, 31.140509, 0.0)
(39.212208, 31.149771, 0.0)
(39.204395, 31.164991, 0.0)
(39.210335, 31.183197, 0.0)
(39.202587, 31.198957, 0.0)
(39.229519, 31.167240, 0.0)
(39.200619, 31.168930, 0.0)
(39.197815, 31.181993, 0.0)
(39.141186, 31.211103, 0.0)
(39.116638, 31.230677, 0.0)
(39.107819, 31.240902, 0.0)
(39.100067, 31.256477, 0.0)
(39.096920, 31.246511, 0.0)
(39.113102, 31.251579, 0.0)
(39.085232, 31.244453, 0.0)
(39.055733, 31.260166, 0.0)
(39.044743, 31.277859, 0.0)
(39.023403, 31.307775, 0.0)
(39.006252, 31.302397, 0.0)
(40.253899, 31.525274, 0.0)
(44.586006, 32.721840, 0.0)
(47.243114, 33.939758, 0.0)
(48.402657, 34.734051, 0.0)
(48.427704, 34.731026, 0.0)
(48.396317, 34.632816, 0.0)
(48.391121, 34.613270, 0.0)
(48.373409, 34.591171, 0.0)
(48.363377, 34.557903, 0.0)
(48.367855, 34.527248, 0.0)
(48.335381, 34.488262, 0.0)
(48.309067, 34.449593, 0.0)
(48.248417, 34.399075, 0.0)
(48.237019, 34.362438, 0.0)
(48.212914, 34.353649, 0.0)
(48.160027, 34.346634, 0.0)
(48.129856, 34.365086, 0.0)
(48.109745, 34.347198, 0.0)
(48.104645, 34.316887, 0.0)
(48.097591, 34.312973, 0.0)
(48.077702, 34.312790, 0.0)
(48.073376, 34.301273, 0.0)
(48.045883, 34.308407, 0.0)
(48.039993, 34.295219, 0.0)
(48.016384, 34.299782, 0.0)
(48.003670, 34.290302, 0.0)
(47.983089, 34.314583, 0.0)
(47.971226, 34.312477, 0.0)
(47.969742, 34.305473, 0.0)
(47.968372, 34.315483, 0.0)
(47.968372, 34.315483, 0.0)
(47.955368, 34.318813, 0.0)
(47.963039, 34.303783, 0.0)
(47.966354, 34.274334, 0.0)
(47.960941, 34.280636, 0.0)
(47.950123, 34.312138, 0.0)
(47.943558, 34.314934, 0.0)
(47.943558, 34.314934, 0.0)
(47.951553, 34.319077, 0.0)
(47.284283, 33.142429, 0.0)
(46.523712, 31.615902, 0.0)
(46.494450, 31.614216, 0.0)
(46.518791, 31.686800, 0.0)
(46.495739, 31.683308, 0.0)
(46.511890, 31.671959, 0.0)
(46.541870, 31.681988, 0.0)
(46.532600, 31.628418, 0.0)
(46.521820, 31.600660, 0.0)
(46.523865, 31.580248, 0.0)
(46.492813, 31.583389, 0.0)
(46.502144, 31.584274, 0.0)
(46.492958, 31.590107, 0.0)
(46.488590, 31.546019, 0.0)
(46.459652, 31.562513, 0.0)
(46.424557, 31.546949, 0.0)
(46.426186, 31.560143, 0.0)
(46.406475, 31.605244, 0.0)
(46.399117, 31.610466, 0.0)
(46.378174, 31.600739, 0.0)
(46.364162, 31.590385, 0.0)
(46.353115, 31.556162, 0.0)
(46.349327, 31.554022, 0.0)
(46.348522, 31.556923, 0.0)
(46.321949, 31.555542, 0.0)
(46.320873, 31.576981, 0.0)
(46.291595, 31.602859, 0.0)
(46.299873, 31.594141, 0.0)
(46.289619, 31.596619, 0.0)
(46.268311, 31.572445, 0.0)
(46.281715, 31.565529, 0.0)
(46.289883, 31.551023, 0.0)
(46.299770, 31.529562, 0.0)
(46.288059, 31.536434, 0.0)
(46.268852, 31.544708, 0.0)
(46.261513, 31.535864, 0.0)
(46.809654, 32.574932, 0.0)
(48.278763, 36.122967, 0.0)
(48.971340, 39.066971, 0.0)
(48.935234, 39.688496, 0.0)
(48.883953, 39.651485, 0.0)
(48.849323, 39.609821, 0.0)
(48.833584, 39.583961, 0.0)
(48.803230, 39.570763, 0.0)
(48.774788, 39.571693, 0.0)
(48.759689, 39.527950, 0.0)
(48.759319, 39.492085, 0.0)
(48.767899, 39.509041, 0.0)
(48.759811, 39.490238, 0.0)
(48.738346, 39.478802, 0.0)
(48.738346, 39.478802, 0.0)
(48.735497, 39.522964, 0.0)
(48.726910, 39.517433, 0.0)
(48.689114, 39.503387, 0.0)
(48.653168, 39.524544, 0.0)
(48.657780, 39.493877, 0.0)
(48.625290, 39.545403, 0.0)
(48.639172, 39.531010, 0.0)
(48.636215, 39.537052, 0.0)
(48.638493, 39.546612, 0.0)
(48.640343, 39.558762, 0.0)
(48.618164, 39.527916, 0.0)
(48.603859, 39.542152, 0.0)
(48.580547, 39.565556, 0.0)
(48.580753, 39.565380, 0.0)
(48.582531, 39.602119, 0.0)
(48.576733, 39.596302, 0.0)
(48.576344, 39.589870, 0.0)
(48.577122, 39.589619, 0.0)
(48.574982, 39.603874, 0.0)
(48.565933, 39.579533, 0.0)
(48.576382, 39.577290, 0.0)
(48.573906, 39.568863, 0.0)
(48.551048, 39.611298, 0.0)
(48.505623, 39.623398, 0.0)
(44.987808, 36.615833, 0.0)
(40.778099, 34.144619, 0.0)
(37.940918, 33.235916, 0.0)
(37.620094, 33.185757, 0.0)
(37.623745, 33.192139, 0.0)
(37.681503, 33.150581, 0.0)
(37.689186, 33.121628, 0.0)
(37.703976, 33.093746, 0.0)
(37.740055, 33.073143, 0.0)
(37.764744, 33.086369, 0.0)
(37.805538, 33.058037, 0.0)
(37.806236, 33.055912, 0.0)
(37.808578, 33.056328, 0.0)
(37.802704, 33.027409, 0.0)
(37.813686, 33.010784, 0.0)
(37.827053, 32.989151, 0.0)
(37.863892, 32.985027, 0.0)
(37.837208, 32.974377, 0.0)
(37.804001, 33.014267, 0.0)
(37.806156, 33.025707, 0.0)
(37.801876, 33.036209, 0.0)
(37.792957, 33.044033, 0.0)
(37.790401, 33.059532, 0.0)
(37.798088, 33.064186, 0.0)
(37.779736, 33.033413, 0.0)
(37.760990, 33.014668, 0.0)
(37.741554, 33.004803, 0.0)
(37.716103, 33.036346, 0.0)
(37.712021, 33.048920, 0.0)
(37.695461, 33.053181, 0.0)
(37.698494, 33.066441, 0.0)
(37.696651, 33.075821, 0.0)
(37.691341, 33.075199, 0.0)
(37.691341, 33.075199, 0.0)
(37.699074, 33.064095, 0.0)
(37.690777, 33.025078, 0.0)
(37.710327, 33.150494, 0.0)
(40.070972, 36.344810, 0.0)
(41.973846, 39.128304, 0.0)
(42.257389, 39.538719, 0.0)
(42.218006, 39.504475, 0.0)
(42.194576, 39.437134, 0.0)
(42.176971, 39.397057, 0.0)
(42.163284, 39.403782, 0.0)
(42.149719, 39.384010, 0.0)
(42.118923, 39.368122, 0.0)
(42.084671, 39.371101, 0.0)
(42.079086, 39.343861, 0.0)
(42.068031, 39.359539, 0.0)
(42.075787, 39.346519, 0.0)
(42.131481, 39.350498, 0.0)
(42.132488, 39.345406, 0.0)
(42.153114, 39.343796, 0.0)
(42.155663, 39.316189, 0.0)
(42.192131, 39.316998, 0.0)
(42.175385, 39.316952, 0.0)
(42.165123, 39.329464, 0.0)
(42.155434, 39.352909, 0.0)
(42.160137, 39.377377, 0.0)
(42.165882, 39.355419, 0.0)
(42.150528, 39.364697, 0.0)
(42.164875, 39.350544, 0.0)
(42.155384, 39.348633, 0.0)
(42.157215, 39.341225, 0.0)
(42.141590, 39.329853, 0.0)
(42.108669, 39.335663, 0.0)
(42.092617, 39.350719, 0.0)
(42.071751, 39.391914, 0.0)
(42.069878, 39.400578, 0.0)
(42.066254, 39.412624, 0.0)
(42.060642, 39.421638, 0.0)
(42.045486, 39.419125, 0.0)
(42.050171, 39.386078, 0.0)
(42.058140, 39.378967, 0.0)
(42.079113, 39.374962, 0.0)
(42.315327, 39.040546, 0.0)
(45.787758, 36.149921, 0.0)
(47.455616, 33.895084, 0.0)
(48.077309, 32.886917, 0.0)
(48.346653, 32.567276, 0.0)
(48.314274, 32.601513, 0.0)
(48.255329, 32.572395, 0.0)
(48.206066, 32.508965, 0.0)
(48.202099, 32.472122, 0.0)
(48.222576, 32.464581, 0.0)
(48.202847, 32.456455, 0.0)
(48.180214, 32.435341, 0.0)
(48.126019, 32.423210, 0.0)
(48.128288, 32.417957, 0.0)
(48.116753, 32.408344, 0.0)
(48.108078, 32.396423, 0.0)
(48.072796, 32.363369, 0.0)
(48.038769, 32.347313, 0.0)
(48.031994, 32.309357, 0.0)
(48.009369, 32.350368, 0.0)
(47.968704, 32.357422, 0.0)
(47.949886, 32.366199, 0.0)
(47.929356, 32.344616, 0.0)
(47.926800, 32.323734, 0.0)
(47.904953, 32.331997, 0.0)
(47.911263, 32.359806, 0.0)
(47.916969, 32.364853, 0.0)
(47.863091, 32.325699, 0.0)
(47.819981, 32.302551, 0.0)
(47.816410, 32.302837, 0.0)
(47.790649, 32.276535, 0.0)
(47.777996, 32.275570, 0.0)
(47.769844, 32.264065, 0.0)
(47.781258, 32.283436, 0.0)
(47.756626, 32.272144, 0.0)
(47.761826, 32.242092, 0.0)
(47.745399, 32.696812, 0.0)
(48.118275, 35.498619, 0.0)
(48.387310, 37.630718, 0.0)
(48.327694, 37.713707, 0.0)
(48.300396, 37.683952, 0.0)
(48.299782, 37.677742, 0.0)
(48.297848, 37.671616, 0.0)
(48.304218, 37.669758, 0.0)
(48.324310, 37.664391, 0.0)
(48.338905, 37.660698, 0.0)
(48.361065, 37.658531, 0.0)
(48.383106, 37.656597, 0.0)
(48.386265, 37.668777, 0.0)
(48.396881, 37.710403, 0.0)
(48.396782, 37.194256, 0.0)
(48.406322, 37.194569, 0.0)
(48.414585, 37.188511, 0.0)
(48.408478, 37.189743, 0.0)
(48.424297, 37.182583, 0.0)
(48.435432, 37.185642, 0.0)
(48.460052, 37.208977, 0.0)
(48.476551, 37.236156, 0.0)
(48.489998, 37.259796, 0.0)
(48.498863, 37.268066, 0.0)
(48.506737, 37.249722, 0.0)
(48.435051, 37.005283, 0.0)
(48.435196, 36.748932, 0.0)
(48.532196, 36.874989, 0.0)
(48.500416, 36.983078, 0.0)
(48.484638, 36.992813, 0.0)
(48.476948, 36.990711, 0.0)
(48.467278, 36.999134, 0.0)
(48.460697, 37.006817, 0.0)
(48.440464, 37.048664, 0.0)
(48.440285, 37.072674, 0.0)
(48.427555, 37.069130, 0.0)
(48.408855, 37.071487, 0.0)
(48.380775, 37.070324, 0.0)
(47.669861, 37.406139, 0.0)
(43.666813, 38.776268, 0.0)
(40.770676, 39.798843, 0.0)
(40.538258, 39.763313, 0.0)
(40.420429, 39.656338, 0.0)
(40.363979, 39.585850, 0.0)
(40.314106, 39.545849, 0.0)
(40.305382, 39.489635, 0.0)
(40.283028, 39.426506, 0.0)
(40.256592, 39.449596, 0.0)
(40.229603, 39.427784, 0.0)
(40.219292, 39.389290, 0.0)
(40.186119, 39.357830, 0.0)
(40.165924, 39.349449, 0.0)
(40.108788, 39.359966, 0.0)
(40.081192, 39.339951, 0.0)
(40.078739, 39.334053, 0.0)
(40.068508, 39.281727, 0.0)
(40.062298, 39.283222, 0.0)
(40.078239, 39.288269, 0.0)
(40.087845, 39.303478, 0.0)
(40.076477, 39.257530, 0.0)
(40.039261, 39.248478, 0.0)
(40.015198, 39.274834, 0.0)
(40.000053, 39.279602, 0.0)
(39.997707, 39.268467, 0.0)
(39.998142, 39.257416, 0.0)
(40.001492, 39.264412, 0.0)
(40.005695, 39.271782, 0.0)
(39.992062, 39.260040, 0.0)
(39.986679, 39.248806, 0.0)
(39.973087, 39.229454, 0.0)
(39.958797, 39.213619, 0.0)
(39.945732, 39.215176, 0.0)
(39.938984, 39.213676, 0.0)
(39.942089, 39.218979, 0.0)
(39.941368, 39.188213, 0.0)
(39.946972, 39.170795, 0.0)
(39.951336, 39.177143, 0.0)
(40.739994, 37.908276, 0.0)
(42.866199, 33.906879, 0.0)
(43.598660, 31.828300, 0.0)
(43.774460, 30.749359, 0.0)
(43.754791, 30.750607, 0.0)
(43.720921, 30.761410, 0.0)
(43.699345, 30.764603, 0.0)
(43.667255, 30.732634, 0.0)
(43.626755, 30.672413, 0.0)
(43.214230, 30.266508, 0.0)
(43.162605, 30.216114, 0.0)
(43.147949, 30.218435, 0.0)
(43.125141, 30.239054, 0.0)
(43.108891, 30.243404, 0.0)
(43.110172, 30.247343, 0.0)
(43.093861, 30.234299, 0.0)
(43.091045, 30.228333, 0.0)
(43.075542, 30.224403, 0.0)
(43.051926, 30.225794, 0.0)
(43.045193, 30.218760, 0.0)
(43.000893, 30.247906, 0.0)
(42.973579, 30.314793, 0.0)
(42.977039, 30.340178, 0.0)
(42.934162, 30.343287, 0.0)
(42.910172, 30.321259, 0.0)
(42.883877, 30.307524, 0.0)
(42.849113, 30.336052, 0.0)
(42.832088, 30.357544, 0.0)
(42.846230, 30.347490, 0.0)
(42.913296, 30.342188, 0.0)
(42.923122, 30.303083, 0.0)
(42.937153, 30.306320, 0.0)
(42.917950, 30.397291, 0.0)
(42.895664, 30.476154, 0.0)
(42.886707, 30.522696, 0.0)
(42.905094, 30.534744, 0.0)
(42.884598, 30.526102, 0.0)
(40.524303, 32.898808, 0.0)
(37.752296, 36.109962, 0.0)
(36.767101, 37.200619, 0.0)
(36.688847, 37.208935, 0.0)
(36.564701, 37.205009, 0.0)
(36.537231, 37.254120, 0.0)
(36.523746, 37.239349, 0.0)
(36.517582, 37.216660, 0.0)
(36.569736, 37.141460, 0.0)
(36.642117, 37.110050, 0.0)
(36.623280, 37.054291, 0.0)
(36.638447, 37.032181, 0.0)
(36.620193, 36.996414, 0.0)
(36.618748, 37.023411, 0.0)
(36.647552, 37.051590, 0.0)
(36.662884, 37.085663, 0.0)
(36.659050, 37.098854, 0.0)
(36.686485, 37.095257, 0.0)
(36.709347, 37.045227, 0.0)
(36.691353, 37.024220, 0.0)
(36.661949, 37.029644, 0.0)
(36.655777, 37.061314, 0.0)
(36.625599, 37.062397, 0.0)
(36.591038, 37.079330, 0.0)
(36.560406, 37.074818, 0.0)
(36.580730, 37.049885, 0.0)
(36.585690, 37.027218, 0.0)
(36.588943, 36.973495, 0.0)
(36.594376, 36.970261, 0.0)
(36.599014, 36.950714, 0.0)
(36.605740, 36.943779, 0.0)
(36.614868, 36.953526, 0.0)
(36.631126, 36.940742, 0.0)
(36.629631, 36.924217, 0.0)
(36.602341, 36.943970, 0.0)
(36.579857, 36.929646, 0.0)
(36.576042, 36.946289, 0.0)
(36.604908, 36.929447, 0.0)
(39.982613, 35.368210, 0.0)
(44.564789, 34.403934, 0.0)
(47.085884, 34.672794, 0.0)
(47.295994, 34.652908, 0.0)
(47.262157, 34.638969, 0.0)
(47.256264, 34.609863, 0.0)
(47.255844, 34.652042, 0.0)
(47.279743, 34.619930, 0.0)
(47.292652, 34.516144, 0.0)
(47.323669, 34.434715, 0.0)
(47.324871, 34.422466, 0.0)
(47.335220, 34.420948, 0.0)
(47.346382, 34.406208, 0.0)
(47.352600, 34.401196, 0.0)
(47.361931, 34.406742, 0.0)
(47.354206, 34.389744, 0.0)
(47.361591, 34.410255, 0.0)
(47.355824, 34.386063, 0.0)
(47.353592, 34.338242, 0.0)
(47.340919, 34.261162, 0.0)
(47.329926, 34.230904, 0.0)
(47.317104, 34.246586, 0.0)
(47.286102, 34.290993, 0.0)
(47.285870, 34.293842, 0.0)
(47.283638, 34.295147, 0.0)
(47.289982, 34.254272, 0.0)
(47.282562, 34.233177, 0.0)
(47.269833, 34.223312, 0.0)
(47.233780, 34.227612, 0.0)
(47.205696, 34.218155, 0.0)
(47.204979, 34.255302, 0.0)
(47.169353, 34.260868, 0.0)
(47.159637, 34.263626, 0.0)
(47.123909, 34.274685, 0.0)
(47.113750, 34.288567, 0.0)
(47.104416, 34.311214, 0.0)
(47.053654, 34.246880, 0.0)
(43.983414, 31.915979, 0.0)
(43.331577, 31.625860, 0.0)
(43.275677, 31.635464, 0.0)
(43.247112, 31.672705, 0.0)
(43.222275, 31.702883, 0.0)
(43.220688, 31.705112, 0.0)
(43.238701, 31.680763, 0.0)
(43.287506, 31.655764, 0.0)
(43.305202, 31.654615, 0.0)
(43.322258, 31.674570, 0.0)
(43.315590, 31.667732, 0.0)
(43.300694, 31.689863, 0.0)
(43.258266, 31.688616, 0.0)
(43.258266, 31.688616, 0.0)
(43.207001, 31.689579, 0.0)
(43.156849, 31.688944, 0.0)
(43.124184, 31.689957, 0.0)
(43.083355, 31.783232, 0.0)
(43.073547, 31.814344, 0.0)
(43.070831, 31.817831, 0.0)
(43.084187, 31.783972, 0.0)
(43.037598, 31.763893, 0.0)
(42.999561, 31.778145, 0.0)
(42.995678, 31.767115, 0.0)
(42.970745, 31.814528, 0.0)
(42.959091, 31.844408, 0.0)
(42.966217, 31.879271, 0.0)
(42.917492, 31.884645, 0.0)
(42.895947, 31.873508, 0.0)
(42.892609, 31.852308, 0.0)
(42.890476, 31.844620, 0.0)
(42.878132, 31.851923, 0.0)
(42.868912, 31.859524, 0.0)
(42.864742, 31.901979, 0.0)
(42.869175, 31.918367, 0.0)
(42.860954, 31.918055, 0.0)
(42.845734, 31.911661, 0.0)
(42.857662, 31.900021, 0.0)
(41.379787, 33.267464, 0.0)
(38.660969, 35.361607, 0.0)
(38.380524, 35.586700, 0.0)
(38.329254, 35.569881, 0.0)
(38.223816, 35.580635, 0.0)
(38.193069, 35.576733, 0.0)
(38.165298, 35.519836, 0.0)
(38.127789, 35.510441, 0.0)
(38.116505, 35.404984, 0.0)
(38.147213, 35.347633, 0.0)
(38.131283, 35.286983, 0.0)
(38.100197, 35.245796, 0.0)
(38.069363, 35.259998, 0.0)
(38.048485, 35.285645, 0.0)
(38.016853, 35.308380, 0.0)
(38.017574, 35.367928, 0.0)
(38.005501, 35.404034, 0.0)
(38.030891, 35.355236, 0.0)
(38.050331, 35.335182, 0.0)
(38.045612, 35.283482, 0.0)
(38.049248, 35.205029, 0.0)
(38.022800, 35.203018, 0.0)
(38.021927, 35.223495, 0.0)
(38.025787, 35.247337, 0.0)
(38.007767, 35.278950, 0.0)
(37.991913, 35.291649, 0.0)
(38.000431, 35.288868, 0.0)
(37.997303, 35.233208, 0.0)
(37.991138, 35.186672, 0.0)
(37.985703, 35.131695, 0.0)
(38.052441, 35.103031, 0.0)
(38.082150, 35.095711, 0.0)
(38.118645, 35.100311, 0.0)
(38.087440, 35.113121, 0.0)
(38.057377, 35.134865, 0.0)
(38.065224, 35.141502, 0.0)
(38.050903, 35.139774, 0.0)
(38.054073, 35.142681, 0.0)
(38.517113, 35.000977, 0.0)
(42.969090, 34.127544, 0.0)
(44.356350, 34.184513, 0.0)
(44.442711, 34.204197, 0.0)
(44.406116, 34.197746, 0.0)
(44.385536, 34.194263, 0.0)
(44.389324, 34.153709, 0.0)
(44.389011, 34.202042, 0.0)
(44.406227, 34.145012, 0.0)
(44.409733, 34.178417, 0.0)
(44.442200, 34.171059, 0.0)
(44.467735, 34.098801, 0.0)
(44.477032, 34.071255, 0.0)
(44.477474, 34.062027, 0.0)
(44.480053, 34.068409, 0.0)
(44.483364, 34.049667, 0.0)
(44.486759, 34.043335, 0.0)
(44.520645, 34.022247, 0.0)
(44.545326, 34.052612, 0.0)
(44.565567, 34.136047, 0.0)
(44.551357, 34.181644, 0.0)
(44.518532, 34.207924, 0.0)
(44.503620, 34.223309, 0.0)
(44.503380, 34.248409, 0.0)
(44.459110, 34.301636, 0.0)
(44.460342, 34.306271, 0.0)
(44.470608, 34.294392, 0.0)
(44.447243, 34.312233, 0.0)
(44.442390, 34.313309, 0.0)
(44.437046, 34.286476, 0.0)
(44.415985, 34.263279, 0.0)
(44.407139, 34.239464, 0.0)
(44.404549, 34.231205, 0.0)
(44.399490, 34.247990, 0.0)
(44.401890, 34.251427, 0.0)
(44.399303, 34.281010, 0.0)
(44.414848, 34.311752, 0.0)
(44.427288, 34.366657, 0.0)
(45.483070, 33.943130, 0.0)
(47.821568, 33.048195, 0.0)
(48.345882, 32.989426, 0.0)
(48.394295, 33.004848, 0.0)
(48.336197, 33.000023, 0.0)
(48.317135, 33.041595, 0.0)
(48.309650, 33.036026, 0.0)
(48.280731, 33.036144, 0.0)
(48.272591, 33.063564, 0.0)
(48.276836, 33.044914, 0.0)
(48.294937, 33.087814, 0.0)
(48.286419, 33.103432, 0.0)
(48.288658, 33.111526, 0.0)
(48.258549, 33.128448, 0.0)
(48.212543, 33.116287, 0.0)
(48.226109, 33.088757, 0.0)
(48.208092, 33.046154, 0.0)
(48.199512, 33.035282, 0.0)
(48.199512, 33.035282, 0.0)
(48.188942, 33.080494, 0.0)
(48.150021, 33.045101, 0.0)
(48.138515, 33.028584, 0.0)
(48.104465, 32.976089, 0.0)
(48.056587, 32.935020, 0.0)
(48.045086, 32.917187, 0.0)
(48.028561, 32.910770, 0.0)
(48.031368, 32.937111, 0.0)
(47.991810, 32.944878, 0.0)
(47.975563, 32.941257, 0.0)
(47.956699, 32.913937, 0.0)
(47.937740, 32.878040, 0.0)
(47.948132, 32.869629, 0.0)
(47.938515, 32.856724, 0.0)
(47.918915, 32.860504, 0.0)
(47.891499, 32.848820, 0.0)
(47.876385, 32.849628, 0.0)
(47.846722, 32.854969, 0.0)
(47.817360, 32.832581, 0.0)
(47.778660, 32.807953, 0.0)
(46.820637, 33.077770, 0.0)
(43.213558, 35.017628, 0.0)
(40.010044, 37.102032, 0.0)
(37.918896, 38.209484, 0.0)
(37.649422, 38.239559, 0.0)
(37.570061, 38.163521, 0.0)
(37.541042, 38.069881, 0.0)
(37.126080, 38.335701, 0.0)
(35.524815, 39.238899, 0.0)
(35.544250, 39.202736, 0.0)
(35.558491, 39.140179, 0.0)
(35.563892, 39.115845, 0.0)
(35.551399, 39.063805, 0.0)
(35.518303, 39.062744, 0.0)
(35.517204, 39.038593, 0.0)
(35.504200, 39.019325, 0.0)
(35.526905, 39.025513, 0.0)
(35.528519, 38.992672, 0.0)
(35.525360, 38.924736, 0.0)
(35.523235, 38.910461, 0.0)
(35.490353, 38.895363, 0.0)
(35.480347, 38.924767, 0.0)
(35.480881, 38.957397, 0.0)
(35.451260, 38.977280, 0.0)
(35.462070, 38.980385, 0.0)
(35.478149, 38.990654, 0.0)
(35.512760, 38.984863, 0.0)
(35.514027, 38.965618, 0.0)
(35.524410, 38.965900, 0.0)
(35.533844, 38.985607, 0.0)
(35.535099, 38.990032, 0.0)
(35.572227, 38.987270, 0.0)
(35.590961, 39.004539, 0.0)
(35.583355, 38.989784, 0.0)
(35.609970, 39.000397, 0.0)
(35.734749, 38.923260, 0.0)
(40.510483, 36.887951, 0.0)
(44.313118, 36.539246, 0.0)
(44.607742, 36.596004, 0.0)
(44.603764, 36.585308, 0.0)
(44.592209, 36.549915, 0.0)
(44.600677, 36.540840, 0.0)
(44.640339, 36.553524, 0.0)
(44.682098, 36.544197, 0.0)
(44.677296, 36.478268, 0.0)
(44.434643, 35.867031, 0.0)
(44.386574, 35.750607, 0.0)
(44.449959, 35.583321, 0.0)
(44.518093, 35.749481, 0.0)
(44.518169, 35.829853, 0.0)
(44.504147, 35.843124, 0.0)
(44.486656, 35.918468, 0.0)
(44.497246, 35.948410, 0.0)
(44.489475, 35.962223, 0.0)
(44.489475, 35.962223, 0.0)
(44.489475, 35.962223, 0.0)
(44.478977, 35.946583, 0.0)
(44.469849, 35.959812, 0.0)
(44.464550, 35.964920, 0.0)
(44.447895, 35.966301, 0.0)
(44.453270, 35.994286, 0.0)
(44.458866, 36.010624, 0.0)
(44.459457, 35.999435, 0.0)
(44.447083, 36.006153, 0.0)
(44.434799, 36.012421, 0.0)
(44.409897, 36.006790, 0.0)
(44.388008, 35.990047, 0.0)
(44.379276, 35.994354, 0.0)
(44.352104, 36.014202, 0.0)
(44.347095, 36.037216, 0.0)
(44.342957, 36.033340, 0.0)
(44.338108, 36.045189, 0.0)
(44.325241, 36.022034, 0.0)
(46.578846, 38.665333, 0.0)
(47.508823, 39.560345, 0.0)
(47.509914, 39.565601, 0.0)
(47.489979, 39.598930, 0.0)
(47.479092, 39.597858, 0.0)
(47.464619, 39.615620, 0.0)
(47.464462, 39.592953, 0.0)
(47.456841, 39.551891, 0.0)
(47.458916, 39.509548, 0.0)
(47.420254, 39.478695, 0.0)
(47.404583, 39.463531, 0.0)
(47.382805, 39.448727, 0.0)
(47.363743, 39.460407, 0.0)
(47.349194, 39.468178, 0.0)
(47.335896, 39.485462, 0.0)
(47.328033, 39.502884, 0.0)
(47.313660, 39.513222, 0.0)
(47.308994, 39.484451, 0.0)
(47.300781, 39.473366, 0.0)
(47.305202, 39.466152, 0.0)
(47.312283, 39.492233, 0.0)
(47.308064, 39.500736, 0.0)
(47.294369, 39.532005, 0.0)
(47.256523, 39.561764, 0.0)
(47.261341, 39.579227, 0.0)
(47.267281, 39.549500, 0.0)
(47.274395, 39.553589, 0.0)
(47.274765, 39.552502, 0.0)
(47.291233, 39.551701, 0.0)
(47.301739, 39.574078, 0.0)
(47.310631, 39.603130, 0.0)
(47.292393, 39.621803, 0.0)
(47.310482, 39.598988, 0.0)
(47.305706, 39.583965, 0.0)
(47.302273, 39.570751, 0.0)
(47.320423, 39.578918, 0.0)
(47.318192, 39.646225, 0.0)
(47.302338, 39.686363, 0.0)
(47.315426, 39.657314, 0.0)
(47.327095, 39.658596, 0.0)
(47.331554, 39.607430, 0.0)
(47.316219, 39.601219, 0.0)
(47.315182, 39.610912, 0.0)
(47.321377, 39.619984, 0.0)
(47.321377, 39.619984, 0.0)
(47.329449, 39.621559, 0.0)
(47.333294, 39.636795, 0.0)
(47.335163, 39.645195, 0.0)
(47.324162, 39.639839, 0.0)
(47.321499, 39.629829, 0.0)
(47.325207, 39.620174, 0.0)
(47.329365, 39.632008, 0.0)
(47.316391, 39.639362, 0.0)
(47.315697, 39.647850, 0.0)
(47.314693, 39.645660, 0.0)
(47.300720, 39.626568, 0.0)
(47.294449, 39.604576, 0.0)
(47.302235, 39.595776, 0.0)
(47.303913, 39.576035, 0.0)
(47.298901, 39.549599, 0.0)
(47.292267, 39.573334, 0.0)
(47.288170, 39.548817, 0.0)
(47.284779, 39.567181, 0.0)
(47.284779, 39.567181, 0.0)
(47.292336, 39.560230, 0.0)
(47.301453, 39.539818, 0.0)
(47.288349, 39.532543, 0.0)
(47.291092, 39.525913, 0.0)
(47.300549, 39.487774, 0.0)
(47.298027, 39.491470, 0.0)
(47.296101, 39.483673, 0.0)
(47.285095, 39.477108, 0.0)
(47.281853, 39.482311, 0.0)
(47.269363, 39.478973, 0.0)
(47.270634, 39.463943, 0.0)
(47.273357, 39.466473, 0.0)
(47.259571, 39.469944, 0.0)
(47.271568, 39.463409, 0.0)
(47.269169, 39.469536, 0.0)
(47.264824, 39.479771, 0.0)
(47.245411, 39.497200, 0.0)
(47.255569, 39.468731, 0.0)
(47.246178, 39.479313, 0.0)
(47.253017, 39.478226, 0.0)
