{
  "prompt": "black pupil.",
  "gsam2_centers": [
    {
      "valid": true,
      "cx": 240.51,
      "cy": 142.93,
      "area": 800,
      "det_score": 0.4264,
      "sam_score": 0.9711,
      "box": [
        227.0,
        122.5,
        255.1,
        163.7
      ],
      "repeats": [
        [
          240.42,
          142.8
        ],
        [
          240.53,
          142.95
        ],
        [
          240.5,
          142.88
        ],
        [
          240.55,
          142.9
        ],
        [
          241.57999999999998,
          142.92
        ]
      ],
      "idx": 1507,
      "mislabel": false,
      "mislabel_reason": "ok",
      "e_unet": 0.98
    },
    {
      "valid": true,
      "cx": 240.62,
      "cy": 142.88,
      "area": 803,
      "det_score": 0.4611,
      "sam_score": 0.9717,
      "box": [
        227.2,
        122.6,
        255.4,
        163.7
      ],
      "repeats": [
        [
          240.6,
          142.76
        ],
        [
          240.67,
          142.97
        ],
        [
          240.67,
          142.83
        ],
        [
          240.79,
          142.68
        ],
        [
          241.81,
          142.85
        ]
      ],
      "idx": 1508,
      "mislabel": false,
      "mislabel_reason": "ok",
      "e_unet": 0.87
    },
    {
      "valid": true,
      "cx": 240.66,
      "cy": 142.95,
      "area": 797,
      "det_score": 0.4214,
      "sam_score": 0.9719,
      "box": [
        227.5,
        122.9,
        255.3,
        163.8
      ],
      "repeats": [
        [
          240.64,
          142.83
        ],
        [
          240.69,
          143.01
        ],
        [
          240.71,
          142.87
        ],
        [
          240.81,
          142.83
        ],
        [
          241.85,
          142.94
        ]
      ],
      "idx": 1509,
      "mislabel": false,
      "mislabel_reason": "ok",
      "e_unet": 0.79
    },
    {
      "valid": true,
      "cx": 240.87,
      "cy": 143.15,
      "area": 785,
      "det_score": 0.4575,
      "sam_score": 0.9717,
      "box": [
        227.5,
        123.2,
        255.3,
        163.8
      ],
      "repeats": [
        [
          240.84,
          143.07
        ],
        [
          240.9,
          143.27
        ],
        [
          240.91,
          143.12
        ],
        [
          240.95,
          143.06
        ],
        [
          241.95999999999998,
          143.14
        ]
      ],
      "idx": 1510,
      "mislabel": false,
      "mislabel_reason": "ok",
      "e_unet": 0.95
    },
    {
      "valid": true,
      "cx": 240.76,
      "cy": 143.36,
      "area": 786,
      "det_score": 0.4411,
      "sam_score": 0.9715,
      "box": [
        227.5,
        123.4,
        255.1,
        163.9
      ],
      "repeats": [
        [
          240.71,
          143.27
        ],
        [
          240.73,
          143.25
        ],
        [
          240.72,
          143.2
        ],
        [
          240.81,
          143.3
        ],
        [
          241.84,
          143.35
        ]
      ],
      "idx": 1511,
      "mislabel": false,
      "mislabel_reason": "ok",
      "e_unet": 1.05
    },
    {
      "valid": true,
      "cx": 240.77,
      "cy": 143.24,
      "area": 786,
      "det_score": 0.4301,
      "sam_score": 0.9719,
      "box": [
        227.5,
        123.4,
        255.2,
        163.8
      ],
      "repeats": [
        [
          240.81,
          143.29
        ],
        [
          240.85,
          143.32
        ],
        [
          240.82,
          143.29
        ],
        [
          240.97,
          143.3
        ],
        [
          242.03,
          143.44
        ]
      ],
      "idx": 1512,
      "mislabel": false,
      "mislabel_reason": "ok",
      "e_unet": 0.8
    },
    {
      "valid": true,
      "cx": 242.89,
      "cy": 149.9,
      "area": 785,
      "det_score": 0.4409,
      "sam_score": 0.9706,
      "box": [
        230.1,
        129.2,
        256.7,
        170.9
      ],
      "repeats": [
        [
          242.81,
          149.82
        ],
        [
          242.92,
          149.93
        ],
        [
          242.9,
          149.87
        ],
        [
          242.96,
          149.84
        ],
        [
          244.01999999999998,
          149.82
        ]
      ],
      "idx": 1513,
      "mislabel": false,
      "mislabel_reason": "ok",
      "e_unet": 1.07
    }
  ]
}