{
  "prompt": "black pupil.",
  "gsam2_centers": [
    {
      "valid": true,
      "cx": 218.84,
      "cy": 129.99,
      "area": 704,
      "det_score": 0.3309,
      "sam_score": 0.9539,
      "box": [
        205.2,
        113.4,
        234.0,
        146.7
      ],
      "repeats": [
        [
          218.87,
          129.64
        ],
        [
          218.87,
          130.01999999999998
        ],
        [
          218.88,
          129.95
        ],
        [
          219.0,
          129.63
        ],
        [
          219.91,
          129.79000000000002
        ]
      ],
      "idx": 205,
      "mislabel": false,
      "mislabel_reason": "ok",
      "e_unet": 1.05
    },
    {
      "valid": true,
      "cx": 218.9,
      "cy": 129.76,
      "area": 720,
      "det_score": 0.352,
      "sam_score": 0.9541,
      "box": [
        205.1,
        113.2,
        234.1,
        146.9
      ],
      "repeats": [
        [
          218.96,
          129.64
        ],
        [
          219.02,
          129.99
        ],
        [
          218.99,
          129.92000000000002
        ],
        [
          219.02,
          129.70999999999998
        ],
        [
          220.04000000000002,
          129.8
        ]
      ],
      "idx": 206,
      "mislabel": false,
      "mislabel_reason": "ok",
      "e_unet": 0.72
    },
    {
      "valid": true,
      "cx": 218.94,
      "cy": 129.89,
      "area": 726,
      "det_score": 0.3532,
      "sam_score": 0.9561,
      "box": [
        205.0,
        113.3,
        234.2,
        147.0
      ],
      "repeats": [
        [
          218.93,
          129.68
        ],
        [
          218.97,
          130.17000000000002
        ],
        [
          218.95,
          129.99
        ],
        [
          219.02,
          129.78
        ],
        [
          219.92000000000002,
          129.93
        ]
      ],
      "idx": 207,
      "mislabel": false,
      "mislabel_reason": "ok",
      "e_unet": 0.98
    },
    {
      "valid": true,
      "cx": 219.07,
      "cy": 130.64,
      "area": 755,
      "det_score": 0.3466,
      "sam_score": 0.951,
      "box": [
        205.1,
        112.9,
        234.8,
        147.8
      ],
      "repeats": [
        [
          219.13,
          130.47
        ],
        [
          219.18,
          130.82999999999998
        ],
        [
          219.15,
          130.51999999999998
        ],
        [
          219.23,
          130.54000000000002
        ],
        [
          220.13,
          130.62
        ]
      ],
      "idx": 208,
      "mislabel": false,
      "mislabel_reason": "ok",
      "e_unet": 0.97
    },
    {
      "valid": true,
      "cx": 219.1,
      "cy": 130.84,
      "area": 764,
      "det_score": 0.3646,
      "sam_score": 0.951,
      "box": [
        204.9,
        113.0,
        235.0,
        148.2
      ],
      "repeats": [
        [
          219.08,
          130.66
        ],
        [
          219.19,
          131.07999999999998
        ],
        [
          219.1,
          130.8
        ],
        [
          219.23,
          130.84
        ],
        [
          220.26999999999998,
          130.95
        ]
      ],
      "idx": 209,
      "mislabel": false,
      "mislabel_reason": "ok",
      "e_unet": 0.91
    },
    {
      "valid": true,
      "cx": 219.23,
      "cy": 130.94,
      "area": 767,
      "det_score": 0.3511,
      "sam_score": 0.9539,
      "box": [
        204.8,
        113.4,
        235.0,
        148.3
      ],
      "repeats": [
        [
          219.2,
          130.81
        ],
        [
          219.33,
          131.03
        ],
        [
          219.3,
          130.93
        ],
        [
          219.24,
          130.81
        ],
        [
          220.26,
          130.94
        ]
      ],
      "idx": 210,
      "mislabel": false,
      "mislabel_reason": "ok",
      "e_unet": 1.06
    },
    {
      "valid": true,
      "cx": 219.17,
      "cy": 130.74,
      "area": 784,
      "det_score": 0.3605,
      "sam_score": 0.954,
      "box": [
        204.7,
        113.2,
        235.1,
        148.3
      ],
      "repeats": [
        [
          219.13,
          130.78
        ],
        [
          219.24,
          130.89
        ],
        [
          219.14,
          130.9
        ],
        [
          219.11,
          130.76999999999998
        ],
        [
          220.24,
          130.84
        ]
      ],
      "idx": 211,
      "mislabel": false,
      "mislabel_reason": "ok",
      "e_unet": 0.88
    },
    {
      "valid": true,
      "cx": 219.22,
      "cy": 130.81,
      "area": 793,
      "det_score": 0.3699,
      "sam_score": 0.9553,
      "box": [
        204.6,
        113.2,
        235.1,
        148.3
      ],
      "repeats": [
        [
          219.14,
          130.65
        ],
        [
          219.28,
          130.92000000000002
        ],
        [
          219.17,
          130.76999999999998
        ],
        [
          219.24,
          130.68
        ],
        [
          220.23000000000002,
          130.76999999999998
        ]
      ],
      "idx": 212,
      "mislabel": false,
      "mislabel_reason": "ok",
      "e_unet": 0.99
    },
    {
      "valid": true,
      "cx": 219.22,
      "cy": 130.74,
      "area": 801,
      "det_score": 0.3462,
      "sam_score": 0.9556,
      "box": [
        204.4,
        112.7,
        235.1,
        148.4
      ],
      "repeats": [
        [
          219.21,
          130.66
        ],
        [
          219.24,
          130.82999999999998
        ],
        [
          219.2,
          130.74
        ],
        [
          219.26,
          130.64
        ],
        [
          220.34,
          130.70999999999998
        ]
      ],
      "idx": 213,
      "mislabel": false,
      "mislabel_reason": "ok",
      "e_unet": 1.09
    },
    {
      "valid": true,
      "cx": 219.13,
      "cy": 130.7,
      "area": 808,
      "det_score": 0.3468,
      "sam_score": 0.9555,
      "box": [
        204.2,
        112.6,
        235.2,
        148.5
      ],
      "repeats": [
        [
          219.1,
          130.6
        ],
        [
          219.2,
          130.87
        ],
        [
          219.11,
          130.67000000000002
        ],
        [
          219.27,
          130.54000000000002
        ],
        [
          220.3,
          130.79000000000002
        ]
      ],
      "idx": 214,
      "mislabel": false,
      "mislabel_reason": "ok",
      "e_unet": 1.01
    },
    {
      "valid": true,
      "cx": 219.09,
      "cy": 130.74,
      "area": 812,
      "det_score": 0.3378,
      "sam_score": 0.9556,
      "box": [
        204.1,
        112.9,
        235.2,
        148.6
      ],
      "repeats": [
        [
          219.07,
          130.59
        ],
        [
          219.12,
          130.94
        ],
        [
          219.17,
          130.69
        ],
        [
          219.28,
          130.63
        ],
        [
          220.28,
          130.78
        ]
      ],
      "idx": 215,
      "mislabel": false,
      "mislabel_reason": "ok",
      "e_unet": 0.95
    }
  ]
}