{
  "prompt": "black pupil.",
  "gsam2_centers": [
    {
      "valid": true,
      "cx": 217.17,
      "cy": 162.85,
      "area": 871,
      "det_score": 0.31,
      "sam_score": 0.9677,
      "box": [
        200.4,
        145.5,
        235.8,
        180.3
      ],
      "repeats": [
        [
          217.13,
          162.77
        ],
        [
          217.2,
          162.86
        ],
        [
          217.13,
          162.77
        ],
        [
          217.19,
          162.71
        ],
        [
          218.29000000000002,
          162.75
        ]
      ],
      "idx": 1305,
      "mislabel": false,
      "mislabel_reason": "ok",
      "e_unet": 0.83
    },
    {
      "valid": true,
      "cx": 217.23,
      "cy": 162.9,
      "area": 887,
      "det_score": 0.3001,
      "sam_score": 0.9686,
      "box": [
        200.4,
        145.3,
        235.9,
        180.5
      ],
      "repeats": [
        [
          217.22,
          162.8
        ],
        [
          217.29,
          162.94
        ],
        [
          217.26,
          162.88
        ],
        [
          217.33,
          162.76
        ],
        [
          218.39,
          162.75
        ]
      ],
      "idx": 1306,
      "mislabel": false,
      "mislabel_reason": "ok",
      "e_unet": 0.82
    },
    {
      "valid": true,
      "cx": 217.3,
      "cy": 162.75,
      "area": 891,
      "det_score": 0.3099,
      "sam_score": 0.9689,
      "box": [
        200.4,
        145.2,
        236.0,
        180.5
      ],
      "repeats": [
        [
          217.31,
          162.75
        ],
        [
          217.32,
          162.9
        ],
        [
          217.35,
          162.82
        ],
        [
          217.34,
          162.76
        ],
        [
          218.47,
          162.69
        ]
      ],
      "idx": 1307,
      "mislabel": false,
      "mislabel_reason": "ok",
      "e_unet": 0.77
    },
    {
      "valid": true,
      "cx": 217.3,
      "cy": 162.78,
      "area": 898,
      "det_score": 0.2979,
      "sam_score": 0.9685,
      "box": [
        200.3,
        145.3,
        236.1,
        180.6
      ],
      "repeats": [
        [
          217.28,
          162.73
        ],
        [
          217.34,
          162.82
        ],
        [
          217.32,
          162.82
        ],
        [
          217.38,
          162.72
        ],
        [
          218.48000000000002,
          162.72
        ]
      ],
      "idx": 1308,
      "mislabel": false,
      "mislabel_reason": "ok",
      "e_unet": 0.79
    },
    {
      "valid": true,
      "cx": 217.36,
      "cy": 162.82,
      "area": 897,
      "det_score": 0.2985,
      "sam_score": 0.9687,
      "box": [
        200.4,
        145.2,
        236.1,
        180.7
      ],
      "repeats": [
        [
          217.33,
          162.75
        ],
        [
          217.41,
          162.87
        ],
        [
          217.41,
          162.82
        ],
        [
          217.44,
          162.77
        ],
        [
          218.49,
          162.72
        ]
      ],
      "idx": 1309,
      "mislabel": false,
      "mislabel_reason": "ok",
      "e_unet": 0.84
    },
    {
      "valid": true,
      "cx": 217.36,
      "cy": 162.76,
      "area": 902,
      "det_score": 0.3032,
      "sam_score": 0.9685,
      "box": [
        200.4,
        145.1,
        236.0,
        180.5
      ],
      "repeats": [
        [
          217.28,
          162.72
        ],
        [
          217.35,
          162.79
        ],
        [
          217.36,
          162.72
        ],
        [
          217.38,
          162.68
        ],
        [
          218.47,
          162.68
        ]
      ],
      "idx": 1310,
      "mislabel": false,
      "mislabel_reason": "ok",
      "e_unet": 0.82
    },
    {
      "valid": true,
      "cx": 210.65,
      "cy": 159.78,
      "area": 927,
      "det_score": 0.2944,
      "sam_score": 0.9673,
      "box": [
        192.8,
        142.1,
        229.2,
        177.6
      ],
      "repeats": [
        [
          210.54,
          159.73
        ],
        [
          210.64,
          159.89
        ],
        [
          210.53,
          159.77
        ],
        [
          210.6,
          159.71
        ],
        [
          211.75,
          159.72
        ]
      ],
      "idx": 1311,
      "mislabel": false,
      "mislabel_reason": "ok",
      "e_unet": 0.84
    },
    {
      "valid": true,
      "cx": 191.41,
      "cy": 156.1,
      "area": 886,
      "det_score": 0.421,
      "sam_score": 0.9674,
      "box": [
        174.5,
        138.8,
        209.1,
        173.6
      ],
      "repeats": [
        [
          191.38,
          156.11
        ],
        [
          191.52,
          156.23
        ],
        [
          191.47,
          156.22
        ],
        [
          191.52,
          156.08
        ],
        [
          192.56,
          156.2
        ]
      ],
      "idx": 1312,
      "mislabel": false,
      "mislabel_reason": "ok",
      "e_unet": 0.8
    },
    {
      "valid": true,
      "cx": 178.68,
      "cy": 155.96,
      "area": 841,
      "det_score": 0.4579,
      "sam_score": 0.9687,
      "box": [
        162.5,
        138.6,
        195.6,
        173.4
      ],
      "repeats": [
        [
          178.68,
          155.86
        ],
        [
          178.72,
          156.08
        ],
        [
          178.67,
          156.0
        ],
        [
          178.9,
          155.76
        ],
        [
          179.81,
          155.97
        ]
      ],
      "idx": 1313,
      "mislabel": false,
      "mislabel_reason": "ok",
      "e_unet": 0.71
    },
    {
      "valid": true,
      "cx": 174.18,
      "cy": 156.94,
      "area": 808,
      "det_score": 0.3975,
      "sam_score": 0.9679,
      "box": [
        158.7,
        139.7,
        190.6,
        173.9
      ],
      "repeats": [
        [
          174.1,
          156.91
        ],
        [
          174.25,
          157.02
        ],
        [
          174.22,
          156.98
        ],
        [
          174.31,
          156.81
        ],
        [
          175.27,
          156.99
        ]
      ],
      "idx": 1314,
      "mislabel": false,
      "mislabel_reason": "ok",
      "e_unet": 0.77
    },
    {
      "valid": true,
      "cx": 176.25,
      "cy": 157.46,
      "area": 809,
      "det_score": 0.3655,
      "sam_score": 0.9685,
      "box": [
        160.6,
        140.2,
        192.9,
        174.5
      ],
      "repeats": [
        [
          176.23,
          157.46
        ],
        [
          176.32,
          157.58
        ],
        [
          176.3,
          157.5
        ],
        [
          176.39,
          157.37
        ],
        [
          177.52,
          157.47
        ]
      ],
      "idx": 1315,
      "mislabel": false,
      "mislabel_reason": "ok",
      "e_unet": 1.03
    }
  ]
}