{
  "prompt": "black pupil.",
  "gsam2_centers": [
    {
      "valid": true,
      "cx": 211.22,
      "cy": 132.88,
      "area": 833,
      "det_score": 0.4608,
      "sam_score": 0.9676,
      "box": [
        194.4,
        116.5,
        229.3,
        149.5
      ],
      "repeats": [
        [
          211.19,
          132.85
        ],
        [
          211.27,
          132.9
        ],
        [
          211.24,
          132.9
        ],
        [
          211.19,
          132.8
        ],
        [
          212.45,
          132.82999999999998
        ]
      ],
      "idx": 907,
      "mislabel": false,
      "mislabel_reason": "ok",
      "e_unet": 0.92
    },
    {
      "valid": true,
      "cx": 210.01,
      "cy": 132.88,
      "area": 842,
      "det_score": 0.4329,
      "sam_score": 0.9678,
      "box": [
        193.1,
        116.6,
        228.3,
        149.4
      ],
      "repeats": [
        [
          210.02,
          132.82999999999998
        ],
        [
          210.06,
          132.92000000000002
        ],
        [
          210.03,
          132.9
        ],
        [
          210.04,
          132.78
        ],
        [
          211.19,
          132.85
        ]
      ],
      "idx": 908,
      "mislabel": false,
      "mislabel_reason": "ok",
      "e_unet": 0.91
    },
    {
      "valid": true,
      "cx": 208.98,
      "cy": 132.92000000000002,
      "area": 840,
      "det_score": 0.4671,
      "sam_score": 0.9674,
      "box": [
        192.0,
        116.5,
        227.3,
        149.4
      ],
      "repeats": [
        [
          208.89,
          132.91
        ],
        [
          208.91,
          132.95999999999998
        ],
        [
          208.9,
          132.98000000000002
        ],
        [
          208.91,
          132.9
        ],
        [
          210.06,
          132.95
        ]
      ],
      "idx": 909,
      "mislabel": false,
      "mislabel_reason": "ok",
      "e_unet": 1.08
    },
    {
      "valid": true,
      "cx": 207.99,
      "cy": 132.88,
      "area": 846,
      "det_score": 0.4533,
      "sam_score": 0.9669,
      "box": [
        190.8,
        116.4,
        226.4,
        149.4
      ],
      "repeats": [
        [
          208.03,
          132.82999999999998
        ],
        [
          208.03,
          132.93
        ],
        [
          208.03,
          132.86
        ],
        [
          208.02,
          132.86
        ],
        [
          209.16,
          132.92000000000002
        ]
      ],
      "idx": 910,
      "mislabel": false,
      "mislabel_reason": "ok",
      "e_unet": 0.96
    },
    {
      "valid": true,
      "cx": 206.97,
      "cy": 132.9,
      "area": 843,
      "det_score": 0.4542,
      "sam_score": 0.9643,
      "box": [
        189.4,
        116.5,
        225.4,
        149.4
      ],
      "repeats": [
        [
          206.95,
          132.9
        ],
        [
          206.96,
          132.95999999999998
        ],
        [
          207.01,
          132.95999999999998
        ],
        [
          207.0,
          132.82999999999998
        ],
        [
          208.12,
          132.99
        ]
      ],
      "idx": 911,
      "mislabel": false,
      "mislabel_reason": "ok",
      "e_unet": 0.92
    },
    {
      "valid": true,
      "cx": 206.04,
      "cy": 132.97,
      "area": 835,
      "det_score": 0.3971,
      "sam_score": 0.965,
      "box": [
        188.7,
        116.6,
        224.4,
        149.4
      ],
      "repeats": [
        [
          206.04,
          132.97
        ],
        [
          206.01,
          132.99
        ],
        [
          206.04,
          133.01999999999998
        ],
        [
          206.09,
          132.84
        ],
        [
          207.26,
          132.95999999999998
        ]
      ],
      "idx": 912,
      "mislabel": false,
      "mislabel_reason": "ok",
      "e_unet": 1.04
    },
    {
      "valid": true,
      "cx": 205.13,
      "cy": 133.05,
      "area": 823,
      "det_score": 0.4197,
      "sam_score": 0.9652,
      "box": [
        187.8,
        116.6,
        223.2,
        149.4
      ],
      "repeats": [
        [
          205.07,
          132.93
        ],
        [
          205.15,
          133.05
        ],
        [
          205.09,
          132.95999999999998
        ],
        [
          205.18,
          132.95999999999998
        ],
        [
          206.32999999999998,
          133.01999999999998
        ]
      ],
      "idx": 913,
      "mislabel": false,
      "mislabel_reason": "ok",
      "e_unet": 1.12
    }
  ]
}