{
  "prompt": "black pupil.",
  "gsam2_centers": [
    {
      "valid": true,
      "cx": 141.2,
      "cy": 122.68,
      "area": 792,
      "det_score": 0.4765,
      "sam_score": 0.9723,
      "box": [
        124.7,
        106.1,
        158.7,
        139.7
      ],
      "repeats": [
        [
          141.18,
          122.54
        ],
        [
          141.18,
          122.75
        ],
        [
          141.19,
          122.6
        ],
        [
          141.22,
          122.56
        ],
        [
          142.28,
          122.66
        ]
      ],
      "idx": 1507,
      "mislabel": false,
      "mislabel_reason": "ok",
      "e_unet": 0.91
    },
    {
      "valid": true,
      "cx": 141.14,
      "cy": 122.73,
      "area": 787,
      "det_score": 0.462,
      "sam_score": 0.9727,
      "box": [
        124.8,
        106.2,
        158.6,
        139.8
      ],
      "repeats": [
        [
          141.06,
          122.65
        ],
        [
          141.13,
          122.82
        ],
        [
          141.1,
          122.73
        ],
        [
          141.17000000000002,
          122.58
        ],
        [
          142.22,
          122.82
        ]
      ],
      "idx": 1508,
      "mislabel": false,
      "mislabel_reason": "ok",
      "e_unet": 0.87
    },
    {
      "valid": true,
      "cx": 141.1,
      "cy": 122.84,
      "area": 783,
      "det_score": 0.478,
      "sam_score": 0.9724,
      "box": [
        124.7,
        106.3,
        158.5,
        139.8
      ],
      "repeats": [
        [
          141.1,
          122.74
        ],
        [
          141.12,
          122.85
        ],
        [
          141.12,
          122.75
        ],
        [
          141.14,
          122.82
        ],
        [
          142.25,
          122.83
        ]
      ],
      "idx": 1509,
      "mislabel": false,
      "mislabel_reason": "ok",
      "e_unet": 0.9
    },
    {
      "valid": true,
      "cx": 141.16,
      "cy": 122.78,
      "area": 779,
      "det_score": 0.4631,
      "sam_score": 0.9725,
      "box": [
        124.8,
        106.3,
        158.6,
        139.8
      ],
      "repeats": [
        [
          141.11,
          122.73
        ],
        [
          141.14,
          122.84
        ],
        [
          141.14,
          122.73
        ],
        [
          141.23000000000002,
          122.72
        ],
        [
          142.26,
          122.77
        ]
      ],
      "idx": 1510,
      "mislabel": false,
      "mislabel_reason": "ok",
      "e_unet": 0.83
    },
    {
      "valid": true,
      "cx": 141.09,
      "cy": 122.83,
      "area": 778,
      "det_score": 0.4715,
      "sam_score": 0.9722,
      "box": [
        124.8,
        106.4,
        158.4,
        139.9
      ],
      "repeats": [
        [
          141.07,
          122.77
        ],
        [
          141.14,
          122.84
        ],
        [
          141.09,
          122.8
        ],
        [
          141.13,
          122.83
        ],
        [
          142.2,
          122.84
        ]
      ],
      "idx": 1511,
      "mislabel": false,
      "mislabel_reason": "ok",
      "e_unet": 0.87
    },
    {
      "valid": true,
      "cx": 141.07,
      "cy": 122.85,
      "area": 777,
      "det_score": 0.4689,
      "sam_score": 0.9717,
      "box": [
        124.8,
        106.5,
        158.4,
        139.9
      ],
      "repeats": [
        [
          141.06,
          122.87
        ],
        [
          141.12,
          122.89
        ],
        [
          141.11,
          122.9
        ],
        [
          141.13,
          122.83
        ],
        [
          142.14,
          122.94
        ]
      ],
      "idx": 1512,
      "mislabel": false,
      "mislabel_reason": "ok",
      "e_unet": 0.82
    },
    {
      "valid": true,
      "cx": 150.93,
      "cy": 119.29,
      "area": 818,
      "det_score": 0.4437,
      "sam_score": 0.9723,
      "box": [
        133.3,
        103.9,
        169.5,
        135.6
      ],
      "repeats": [
        [
          150.9,
          119.28
        ],
        [
          151.0,
          119.36
        ],
        [
          150.95,
          119.33
        ],
        [
          150.97,
          119.27
        ],
        [
          152.11,
          119.35
        ]
      ],
      "idx": 1513,
      "mislabel": false,
      "mislabel_reason": "ok",
      "e_unet": 1.27
    }
  ]
}