{
  "prompt": "black pupil.",
  "gsam2_centers": [
    {
      "valid": true,
      "cx": 138.31,
      "cy": 150.55,
      "area": 1185,
      "det_score": 0.3275,
      "sam_score": 0.9726,
      "box": [
        119.2,
        129.8,
        158.6,
        171.3
      ],
      "repeats": [
        [
          138.26999999999998,
          150.49
        ],
        [
          138.32,
          150.59
        ],
        [
          138.32999999999998,
          150.56
        ],
        [
          138.32,
          150.51
        ],
        [
          139.49,
          150.49
        ]
      ],
      "idx": 607,
      "mislabel": false,
      "mislabel_reason": "ok",
      "e_unet": 0.69
    },
    {
      "valid": true,
      "cx": 141.84,
      "cy": 150.79,
      "area": 1182,
      "det_score": 0.3428,
      "sam_score": 0.9671,
      "box": [
        122.6,
        130.0,
        162.5,
        171.4
      ],
      "repeats": [
        [
          141.81,
          150.73
        ],
        [
          141.85,
          150.85
        ],
        [
          141.89,
          150.78
        ],
        [
          141.92000000000002,
          150.7
        ],
        [
          143.03,
          150.76
        ]
      ],
      "idx": 608,
      "mislabel": false,
      "mislabel_reason": "ok",
      "e_unet": 0.98
    },
    {
      "valid": true,
      "cx": 154.38,
      "cy": 149.88,
      "area": 1255,
      "det_score": 0.3253,
      "sam_score": 0.9687,
      "box": [
        134.8,
        129.3,
        175.9,
        170.5
      ],
      "repeats": [
        [
          154.43,
          149.81
        ],
        [
          154.44,
          149.95
        ],
        [
          154.41,
          149.92
        ],
        [
          154.46,
          149.74
        ],
        [
          155.58,
          149.91
        ]
      ],
      "idx": 609,
      "mislabel": false,
      "mislabel_reason": "ok",
      "e_unet": 0.94
    },
    {
      "valid": true,
      "cx": 154.66,
      "cy": 149.82,
      "area": 1237,
      "det_score": 0.3605,
      "sam_score": 0.9697,
      "box": [
        135.3,
        129.4,
        175.9,
        170.5
      ],
      "repeats": [
        [
          154.62,
          149.77
        ],
        [
          154.68,
          149.93
        ],
        [
          154.68,
          149.85
        ],
        [
          154.64,
          149.78
        ],
        [
          155.74,
          149.88
        ]
      ],
      "idx": 610,
      "mislabel": false,
      "mislabel_reason": "ok",
      "e_unet": 0.73
    },
    {
      "valid": true,
      "cx": 154.88,
      "cy": 149.68,
      "area": 1242,
      "det_score": 0.3596,
      "sam_score": 0.9695,
      "box": [
        135.6,
        129.0,
        176.1,
        170.4
      ],
      "repeats": [
        [
          154.93,
          149.63
        ],
        [
          154.91,
          149.77
        ],
        [
          154.92,
          149.67
        ],
        [
          154.89,
          149.64
        ],
        [
          156.04,
          149.81
        ]
      ],
      "idx": 611,
      "mislabel": false,
      "mislabel_reason": "ok",
      "e_unet": 0.73
    },
    {
      "valid": true,
      "cx": 155.07,
      "cy": 149.61,
      "area": 1244,
      "det_score": 0.3943,
      "sam_score": 0.9694,
      "box": [
        135.6,
        129.1,
        176.3,
        170.3
      ],
      "repeats": [
        [
          155.05,
          149.59
        ],
        [
          155.12,
          149.68
        ],
        [
          155.13,
          149.61
        ],
        [
          155.16,
          149.49
        ],
        [
          156.3,
          149.66
        ]
      ],
      "idx": 612,
      "mislabel": false,
      "mislabel_reason": "ok",
      "e_unet": 0.78
    },
    {
      "valid": true,
      "cx": 155.3,
      "cy": 149.49,
      "area": 1251,
      "det_score": 0.3885,
      "sam_score": 0.9684,
      "box": [
        135.7,
        128.9,
        176.7,
        170.3
      ],
      "repeats": [
        [
          155.32,
          149.46
        ],
        [
          155.41,
          149.6
        ],
        [
          155.34,
          149.5
        ],
        [
          155.35,
          149.46
        ],
        [
          156.45,
          149.51
        ]
      ],
      "idx": 613,
      "mislabel": false,
      "mislabel_reason": "ok",
      "e_unet": 0.74
    }
  ]
}