{
  "prompt": "black pupil.",
  "gsam2_centers": [
    {
      "valid": true,
      "cx": 201.92,
      "cy": 92.38,
      "area": 475,
      "det_score": 0.4058,
      "sam_score": 0.9627,
      "box": [
        188.9,
        80.0,
        216.1,
        104.9
      ],
      "repeats": [
        [
          201.88,
          92.31
        ],
        [
          201.96,
          92.49
        ],
        [
          201.94,
          92.43
        ],
        [
          201.91,
          92.24
        ],
        [
          202.95999999999998,
          92.3
        ]
      ],
      "idx": 1705,
      "mislabel": false,
      "mislabel_reason": "ok",
      "e_unet": 0.98
    },
    {
      "valid": true,
      "cx": 202.6,
      "cy": 95.4,
      "area": 496,
      "det_score": 0.3826,
      "sam_score": 0.9636,
      "box": [
        189.5,
        82.8,
        216.9,
        108.4
      ],
      "repeats": [
        [
          202.61,
          95.3
        ],
        [
          202.65,
          95.45
        ],
        [
          202.6,
          95.33
        ],
        [
          202.71,
          95.24
        ],
        [
          203.76999999999998,
          95.29
        ]
      ],
      "idx": 1706,
      "mislabel": false,
      "mislabel_reason": "ok",
      "e_unet": 1.03
    },
    {
      "valid": true,
      "cx": 202.87,
      "cy": 95.58,
      "area": 501,
      "det_score": 0.3993,
      "sam_score": 0.964,
      "box": [
        189.7,
        82.9,
        217.3,
        108.5
      ],
      "repeats": [
        [
          202.83,
          95.47
        ],
        [
          202.89,
          95.6
        ],
        [
          202.89,
          95.52
        ],
        [
          202.9,
          95.4
        ],
        [
          203.89,
          95.52
        ]
      ],
      "idx": 1707,
      "mislabel": false,
      "mislabel_reason": "ok",
      "e_unet": 0.96
    },
    {
      "valid": true,
      "cx": 202.96,
      "cy": 95.6,
      "area": 503,
      "det_score": 0.373,
      "sam_score": 0.9641,
      "box": [
        189.8,
        82.9,
        217.6,
        108.6
      ],
      "repeats": [
        [
          202.89,
          95.6
        ],
        [
          203.05,
          95.73
        ],
        [
          203.03,
          95.63
        ],
        [
          202.97,
          95.46
        ],
        [
          204.05,
          95.58
        ]
      ],
      "idx": 1708,
      "mislabel": false,
      "mislabel_reason": "ok",
      "e_unet": 0.98
    },
    {
      "valid": true,
      "cx": 203.04,
      "cy": 95.8,
      "area": 511,
      "det_score": 0.3996,
      "sam_score": 0.9638,
      "box": [
        189.7,
        83.1,
        217.7,
        108.9
      ],
      "repeats": [
        [
          202.95,
          95.71
        ],
        [
          203.11,
          95.96
        ],
        [
          203.12,
          95.94
        ],
        [
          203.12,
          95.74
        ],
        [
          204.14,
          95.78
        ]
      ],
      "idx": 1709,
      "mislabel": false,
      "mislabel_reason": "ok",
      "e_unet": 0.88
    },
    {
      "valid": true,
      "cx": 203.04,
      "cy": 96.14,
      "area": 516,
      "det_score": 0.4025,
      "sam_score": 0.9637,
      "box": [
        189.7,
        83.2,
        217.9,
        109.4
      ],
      "repeats": [
        [
          203.04,
          95.98
        ],
        [
          203.13,
          96.24
        ],
        [
          203.1,
          96.16
        ],
        [
          203.11,
          96.01
        ],
        [
          204.19,
          96.09
        ]
      ],
      "idx": 1710,
      "mislabel": false,
      "mislabel_reason": "ok",
      "e_unet": 0.89
    },
    {
      "valid": true,
      "cx": 203.1,
      "cy": 96.33,
      "area": 516,
      "det_score": 0.4165,
      "sam_score": 0.9646,
      "box": [
        189.8,
        83.2,
        217.9,
        109.6
      ],
      "repeats": [
        [
          203.1,
          96.29
        ],
        [
          203.15,
          96.38
        ],
        [
          203.16,
          96.34
        ],
        [
          203.21,
          96.21
        ],
        [
          204.22,
          96.26
        ]
      ],
      "idx": 1711,
      "mislabel": false,
      "mislabel_reason": "ok",
      "e_unet": 0.9
    },
    {
      "valid": true,
      "cx": 203.18,
      "cy": 96.41,
      "area": 514,
      "det_score": 0.4082,
      "sam_score": 0.9654,
      "box": [
        189.9,
        83.3,
        217.9,
        109.6
      ],
      "repeats": [
        [
          203.15,
          96.37
        ],
        [
          203.28,
          96.56
        ],
        [
          203.28,
          96.54
        ],
        [
          203.24,
          96.39
        ],
        [
          204.31,
          96.41
        ]
      ],
      "idx": 1712,
      "mislabel": false,
      "mislabel_reason": "ok",
      "e_unet": 0.75
    },
    {
      "valid": true,
      "cx": 202.03,
      "cy": 100.52,
      "area": 547,
      "det_score": 0.3531,
      "sam_score": 0.961,
      "box": [
        188.7,
        87.0,
        216.8,
        114.4
      ],
      "repeats": [
        [
          201.97,
          100.51
        ],
        [
          202.11,
          100.56
        ],
        [
          202.06,
          100.52
        ],
        [
          202.12,
          100.38
        ],
        [
          203.22,
          100.47
        ]
      ],
      "idx": 1713,
      "mislabel": false,
      "mislabel_reason": "ok",
      "e_unet": 0.86
    },
    {
      "valid": true,
      "cx": 202.13,
      "cy": 100.67,
      "area": 533,
      "det_score": 0.3884,
      "sam_score": 0.9621,
      "box": [
        189.1,
        87.4,
        217.0,
        114.5
      ],
      "repeats": [
        [
          202.18,
          100.63
        ],
        [
          202.35,
          100.8
        ],
        [
          202.28,
          100.76
        ],
        [
          202.31,
          100.6
        ],
        [
          203.51,
          100.72
        ]
      ],
      "idx": 1714,
      "mislabel": false,
      "mislabel_reason": "ok",
      "e_unet": 0.61
    },
    {
      "valid": true,
      "cx": 202.36,
      "cy": 100.73,
      "area": 537,
      "det_score": 0.3764,
      "sam_score": 0.9621,
      "box": [
        189.2,
        87.4,
        217.2,
        114.7
      ],
      "repeats": [
        [
          202.33,
          100.84
        ],
        [
          202.51,
          100.95
        ],
        [
          202.48,
          100.94
        ],
        [
          202.51,
          100.8
        ],
        [
          203.5,
          100.76
        ]
      ],
      "idx": 1715,
      "mislabel": false,
      "mislabel_reason": "ok",
      "e_unet": 0.62
    }
  ]
}