{
  "prompt": "black pupil.",
  "gsam2_centers": [
    {
      "valid": true,
      "cx": 203.62,
      "cy": 87.72,
      "area": 445,
      "det_score": 0.4125,
      "sam_score": 0.9611,
      "box": [
        190.4,
        76.4,
        218.1,
        99.6
      ],
      "repeats": [
        [
          203.63,
          87.69
        ],
        [
          203.69,
          87.76
        ],
        [
          203.65,
          87.74
        ],
        [
          203.72,
          87.63
        ],
        [
          204.72,
          87.7
        ]
      ],
      "idx": 1105,
      "mislabel": false,
      "mislabel_reason": "ok",
      "e_unet": 0.97
    },
    {
      "valid": true,
      "cx": 203.57,
      "cy": 87.59,
      "area": 456,
      "det_score": 0.423,
      "sam_score": 0.9627,
      "box": [
        190.3,
        76.2,
        218.2,
        99.5
      ],
      "repeats": [
        [
          203.46,
          87.51
        ],
        [
          203.69,
          87.68
        ],
        [
          203.66,
          87.67
        ],
        [
          203.61,
          87.5
        ],
        [
          204.76,
          87.65
        ]
      ],
      "idx": 1106,
      "mislabel": false,
      "mislabel_reason": "ok",
      "e_unet": 0.92
    },
    {
      "valid": true,
      "cx": 203.58,
      "cy": 87.68,
      "area": 465,
      "det_score": 0.4223,
      "sam_score": 0.962,
      "box": [
        190.1,
        76.1,
        218.4,
        99.7
      ],
      "repeats": [
        [
          203.45,
          87.55
        ],
        [
          203.53,
          87.69
        ],
        [
          203.59,
          87.63
        ],
        [
          203.66,
          87.61
        ],
        [
          204.67000000000002,
          87.66
        ]
      ],
      "idx": 1107,
      "mislabel": false,
      "mislabel_reason": "ok",
      "e_unet": 0.93
    },
    {
      "valid": true,
      "cx": 203.63,
      "cy": 87.66,
      "area": 470,
      "det_score": 0.4403,
      "sam_score": 0.9617,
      "box": [
        190.1,
        76.1,
        218.5,
        99.7
      ],
      "repeats": [
        [
          203.52,
          87.61
        ],
        [
          203.71,
          87.72
        ],
        [
          203.63,
          87.62
        ],
        [
          203.71,
          87.66
        ],
        [
          204.70999999999998,
          87.74
        ]
      ],
      "idx": 1108,
      "mislabel": false,
      "mislabel_reason": "ok",
      "e_unet": 0.98
    },
    {
      "valid": true,
      "cx": 203.62,
      "cy": 87.71,
      "area": 471,
      "det_score": 0.4181,
      "sam_score": 0.9627,
      "box": [
        190.1,
        76.1,
        218.5,
        99.8
      ],
      "repeats": [
        [
          203.54,
          87.59
        ],
        [
          203.68,
          87.78
        ],
        [
          203.59,
          87.66
        ],
        [
          203.7,
          87.66
        ],
        [
          204.68,
          87.73
        ]
      ],
      "idx": 1109,
      "mislabel": false,
      "mislabel_reason": "ok",
      "e_unet": 1.02
    },
    {
      "valid": true,
      "cx": 203.6,
      "cy": 87.81,
      "area": 471,
      "det_score": 0.4153,
      "sam_score": 0.9651,
      "box": [
        190.0,
        76.1,
        218.6,
        99.8
      ],
      "repeats": [
        [
          203.46,
          87.73
        ],
        [
          203.71,
          87.86
        ],
        [
          203.65,
          87.82
        ],
        [
          203.72,
          87.72
        ],
        [
          204.70999999999998,
          87.81
        ]
      ],
      "idx": 1110,
      "mislabel": false,
      "mislabel_reason": "ok",
      "e_unet": 0.98
    },
    {
      "valid": true,
      "cx": 203.44,
      "cy": 87.87,
      "area": 474,
      "det_score": 0.4105,
      "sam_score": 0.9637,
      "box": [
        189.8,
        76.3,
        218.4,
        99.8
      ],
      "repeats": [
        [
          203.4,
          87.84
        ],
        [
          203.51,
          88.03
        ],
        [
          203.49,
          87.96
        ],
        [
          203.58,
          87.8
        ],
        [
          204.54000000000002,
          87.92
        ]
      ],
      "idx": 1111,
      "mislabel": false,
      "mislabel_reason": "ok",
      "e_unet": 0.88
    },
    {
      "valid": true,
      "cx": 203.49,
      "cy": 87.87,
      "area": 476,
      "det_score": 0.4199,
      "sam_score": 0.9633,
      "box": [
        189.8,
        76.1,
        218.4,
        99.8
      ],
      "repeats": [
        [
          203.36,
          87.73
        ],
        [
          203.53,
          87.89
        ],
        [
          203.44,
          87.82
        ],
        [
          203.52,
          87.76
        ],
        [
          204.49,
          87.87
        ]
      ],
      "idx": 1112,
      "mislabel": false,
      "mislabel_reason": "ok",
      "e_unet": 0.98
    },
    {
      "valid": true,
      "cx": 203.51,
      "cy": 87.77,
      "area": 479,
      "det_score": 0.4182,
      "sam_score": 0.964,
      "box": [
        189.7,
        76.1,
        218.5,
        99.8
      ],
      "repeats": [
        [
          203.35,
          87.7
        ],
        [
          203.5,
          87.82
        ],
        [
          203.44,
          87.77
        ],
        [
          203.52,
          87.74
        ],
        [
          204.5,
          87.82
        ]
      ],
      "idx": 1113,
      "mislabel": false,
      "mislabel_reason": "ok",
      "e_unet": 1.08
    },
    {
      "valid": true,
      "cx": 203.45,
      "cy": 87.72,
      "area": 483,
      "det_score": 0.4363,
      "sam_score": 0.9631,
      "box": [
        189.5,
        76.0,
        218.5,
        99.8
      ],
      "repeats": [
        [
          203.25,
          87.61
        ],
        [
          203.51,
          87.75
        ],
        [
          203.44,
          87.69
        ],
        [
          203.48,
          87.7
        ],
        [
          204.43,
          87.73
        ]
      ],
      "idx": 1114,
      "mislabel": false,
      "mislabel_reason": "ok",
      "e_unet": 1.05
    },
    {
      "valid": true,
      "cx": 203.3,
      "cy": 87.61,
      "area": 489,
      "det_score": 0.4395,
      "sam_score": 0.9628,
      "box": [
        189.4,
        75.8,
        218.5,
        99.7
      ],
      "repeats": [
        [
          203.32,
          87.56
        ],
        [
          203.46,
          87.71
        ],
        [
          203.42,
          87.68
        ],
        [
          203.47,
          87.6
        ],
        [
          204.45,
          87.63
        ]
      ],
      "idx": 1115,
      "mislabel": false,
      "mislabel_reason": "ok",
      "e_unet": 0.98
    }
  ]
}