{
  "prompt": "black pupil.",
  "gsam2_centers": [
    {
      "valid": true,
      "cx": 158.06,
      "cy": 135.28,
      "area": 1577,
      "det_score": 0.4497,
      "sam_score": 0.9736,
      "box": [
        135.1,
        111.8,
        183.0,
        156.7
      ],
      "repeats": [
        [
          158.03,
          135.23000000000002
        ],
        [
          158.12,
          135.25
        ],
        [
          158.09,
          135.26
        ],
        [
          158.11,
          135.26
        ],
        [
          159.27,
          135.29000000000002
        ]
      ],
      "idx": 5,
      "mislabel": false,
      "mislabel_reason": "ok",
      "e_unet": 1.36
    },
    {
      "valid": true,
      "cx": 161.62,
      "cy": 134.94,
      "area": 1571,
      "det_score": 0.5204,
      "sam_score": 0.9741,
      "box": [
        138.4,
        111.8,
        186.2,
        156.2
      ],
      "repeats": [
        [
          161.64,
          134.82999999999998
        ],
        [
          161.64,
          134.94
        ],
        [
          161.64,
          134.85
        ],
        [
          161.67,
          134.85
        ],
        [
          162.82,
          135.01
        ]
      ],
      "idx": 6,
      "mislabel": false,
      "mislabel_reason": "ok",
      "e_unet": 1.32
    },
    {
      "valid": true,
      "cx": 161.2,
      "cy": 135.19,
      "area": 1471,
      "det_score": 0.4375,
      "sam_score": 0.9728,
      "box": [
        139.2,
        112.5,
        185.0,
        156.4
      ],
      "repeats": [
        [
          161.2,
          135.13
        ],
        [
          161.24,
          135.22
        ],
        [
          161.25,
          135.16
        ],
        [
          161.31,
          135.07
        ],
        [
          162.38,
          135.2
        ]
      ],
      "idx": 7,
      "mislabel": false,
      "mislabel_reason": "ok",
      "e_unet": 1.35
    },
    {
      "valid": true,
      "cx": 161.1,
      "cy": 134.98000000000002,
      "area": 1372,
      "det_score": 0.3777,
      "sam_score": 0.9729,
      "box": [
        140.1,
        113.3,
        183.6,
        156.5
      ],
      "repeats": [
        [
          161.1,
          134.92000000000002
        ],
        [
          161.08,
          135.05
        ],
        [
          161.13,
          134.95999999999998
        ],
        [
          161.15,
          134.92000000000002
        ],
        [
          162.16,
          135.06
        ]
      ],
      "idx": 8,
      "mislabel": false,
      "mislabel_reason": "ok",
      "e_unet": 1.15
    },
    {
      "valid": true,
      "cx": 160.79,
      "cy": 134.6,
      "area": 1276,
      "det_score": 0.3914,
      "sam_score": 0.9723,
      "box": [
        140.5,
        113.8,
        182.3,
        155.6
      ],
      "repeats": [
        [
          160.79,
          134.51999999999998
        ],
        [
          160.77,
          134.67000000000002
        ],
        [
          160.83,
          134.56
        ],
        [
          160.84,
          134.53
        ],
        [
          161.95,
          134.70999999999998
        ]
      ],
      "idx": 9,
      "mislabel": false,
      "mislabel_reason": "ok",
      "e_unet": 1.11
    },
    {
      "valid": true,
      "cx": 160.57,
      "cy": 134.43,
      "area": 1178,
      "det_score": 0.382,
      "sam_score": 0.9714,
      "box": [
        141.0,
        114.7,
        181.5,
        154.5
      ],
      "repeats": [
        [
          160.64,
          134.36
        ],
        [
          160.63,
          134.44
        ],
        [
          160.61,
          134.41
        ],
        [
          160.86,
          134.19
        ],
        [
          161.71,
          134.5
        ]
      ],
      "idx": 10,
      "mislabel": false,
      "mislabel_reason": "ok",
      "e_unet": 1.15
    },
    {
      "valid": true,
      "cx": 160.73,
      "cy": 134.29000000000002,
      "area": 1110,
      "det_score": 0.3796,
      "sam_score": 0.9718,
      "box": [
        141.8,
        115.3,
        181.0,
        153.8
      ],
      "repeats": [
        [
          160.58,
          134.32
        ],
        [
          160.66,
          134.4
        ],
        [
          160.67,
          134.31
        ],
        [
          160.83,
          134.15
        ],
        [
          161.68,
          134.42000000000002
        ]
      ],
      "idx": 11,
      "mislabel": false,
      "mislabel_reason": "ok",
      "e_unet": 1.21
    },
    {
      "valid": true,
      "cx": 160.59,
      "cy": 134.23000000000002,
      "area": 1053,
      "det_score": 0.3652,
      "sam_score": 0.9724,
      "box": [
        142.1,
        115.7,
        180.3,
        153.3
      ],
      "repeats": [
        [
          160.42,
          134.29000000000002
        ],
        [
          160.47,
          134.39
        ],
        [
          160.57,
          134.19
        ],
        [
          160.86,
          133.86
        ],
        [
          161.65,
          134.29000000000002
        ]
      ],
      "idx": 12,
      "mislabel": false,
      "mislabel_reason": "ok",
      "e_unet": 1.26
    },
    {
      "valid": true,
      "cx": 160.36,
      "cy": 134.25,
      "area": 1013,
      "det_score": 0.3455,
      "sam_score": 0.9707,
      "box": [
        142.4,
        116.1,
        179.9,
        152.9
      ],
      "repeats": [
        [
          160.32,
          134.24
        ],
        [
          160.4,
          134.37
        ],
        [
          160.35,
          134.25
        ],
        [
          160.79,
          133.9
        ],
        [
          161.53,
          134.32999999999998
        ]
      ],
      "idx": 13,
      "mislabel": false,
      "mislabel_reason": "ok",
      "e_unet": 1.15
    },
    {
      "valid": true,
      "cx": 160.35,
      "cy": 134.35,
      "area": 969,
      "det_score": 0.3811,
      "sam_score": 0.9704,
      "box": [
        142.8,
        116.4,
        179.5,
        152.5
      ],
      "repeats": [
        [
          160.31,
          134.36
        ],
        [
          160.41,
          134.43
        ],
        [
          160.38,
          134.4
        ],
        [
          160.79,
          133.87
        ],
        [
          161.44,
          134.32999999999998
        ]
      ],
      "idx": 14,
      "mislabel": false,
      "mislabel_reason": "ok",
      "e_unet": 1.42
    },
    {
      "valid": true,
      "cx": 160.29,
      "cy": 134.32999999999998,
      "area": 940,
      "det_score": 0.3755,
      "sam_score": 0.9696,
      "box": [
        142.9,
        116.6,
        179.0,
        152.3
      ],
      "repeats": [
        [
          160.25,
          134.25
        ],
        [
          160.37,
          134.32
        ],
        [
          160.3,
          134.28
        ],
        [
          160.69,
          134.0
        ],
        [
          161.47,
          134.38
        ]
      ],
      "idx": 15,
      "mislabel": false,
      "mislabel_reason": "ok",
      "e_unet": 1.48
    }
  ]
}