{
  "prompt": "black pupil.",
  "gsam2_centers": [
    {
      "valid": true,
      "cx": 112.05,
      "cy": 133.9,
      "area": 784,
      "det_score": 0.3709,
      "sam_score": 0.9679,
      "box": [
        96.5,
        116.9,
        129.3,
        151.7
      ],
      "repeats": [
        [
          111.92,
          133.89
        ],
        [
          112.05,
          133.95
        ],
        [
          112.08,
          133.91
        ],
        [
          112.08,
          133.85
        ],
        [
          113.09,
          133.87
        ]
      ],
      "idx": 2205,
      "mislabel": false,
      "mislabel_reason": "ok",
      "e_unet": 0.91
    },
    {
      "valid": true,
      "cx": 111.65,
      "cy": 132.34,
      "area": 776,
      "det_score": 0.3433,
      "sam_score": 0.968,
      "box": [
        96.3,
        115.5,
        128.8,
        149.9
      ],
      "repeats": [
        [
          111.66,
          132.34
        ],
        [
          111.73,
          132.32
        ],
        [
          111.7,
          132.26999999999998
        ],
        [
          111.85,
          132.28
        ],
        [
          112.74000000000001,
          132.32
        ]
      ],
      "idx": 2206,
      "mislabel": false,
      "mislabel_reason": "ok",
      "e_unet": 0.72
    },
    {
      "valid": true,
      "cx": 111.7,
      "cy": 131.19,
      "area": 761,
      "det_score": 0.3374,
      "sam_score": 0.969,
      "box": [
        96.4,
        114.6,
        128.4,
        148.6
      ],
      "repeats": [
        [
          111.68,
          131.13
        ],
        [
          111.67,
          131.24
        ],
        [
          111.69,
          131.22
        ],
        [
          111.88,
          131.07999999999998
        ],
        [
          112.75,
          131.12
        ]
      ],
      "idx": 2207,
      "mislabel": false,
      "mislabel_reason": "ok",
      "e_unet": 0.81
    },
    {
      "valid": true,
      "cx": 111.74,
      "cy": 131.07,
      "area": 750,
      "det_score": 0.3347,
      "sam_score": 0.9677,
      "box": [
        96.4,
        114.6,
        128.3,
        148.5
      ],
      "repeats": [
        [
          111.71,
          131.01
        ],
        [
          111.81,
          131.2
        ],
        [
          111.81,
          131.13
        ],
        [
          111.93,
          131.01
        ],
        [
          112.87,
          131.01
        ]
      ],
      "idx": 2208,
      "mislabel": false,
      "mislabel_reason": "ok",
      "e_unet": 0.79
    },
    {
      "valid": true,
      "cx": 111.9,
      "cy": 131.15,
      "area": 741,
      "det_score": 0.3289,
      "sam_score": 0.9666,
      "box": [
        96.5,
        114.7,
        128.3,
        148.3
      ],
      "repeats": [
        [
          111.73,
          131.12
        ],
        [
          111.94,
          131.15
        ],
        [
          111.98,
          131.09
        ],
        [
          112.08,
          131.01
        ],
        [
          112.87,
          131.16
        ]
      ],
      "idx": 2209,
      "mislabel": false,
      "mislabel_reason": "ok",
      "e_unet": 1.0
    },
    {
      "valid": true,
      "cx": 111.85,
      "cy": 131.11,
      "area": 729,
      "det_score": 0.3508,
      "sam_score": 0.9674,
      "box": [
        96.6,
        114.7,
        128.1,
        148.1
      ],
      "repeats": [
        [
          111.73,
          131.12
        ],
        [
          111.85,
          131.09
        ],
        [
          111.98,
          131.07
        ],
        [
          112.0,
          131.03
        ],
        [
          112.87,
          131.06
        ]
      ],
      "idx": 2210,
      "mislabel": false,
      "mislabel_reason": "ok",
      "e_unet": 0.89
    },
    {
      "valid": true,
      "cx": 111.88,
      "cy": 131.05,
      "area": 725,
      "det_score": 0.3287,
      "sam_score": 0.9689,
      "box": [
        96.7,
        114.8,
        128.0,
        147.9
      ],
      "repeats": [
        [
          111.75,
          130.97
        ],
        [
          112.04,
          131.05
        ],
        [
          112.02,
          130.95
        ],
        [
          112.03,
          130.87
        ],
        [
          112.91,
          131.01999999999998
        ]
      ],
      "idx": 2211,
      "mislabel": false,
      "mislabel_reason": "ok",
      "e_unet": 0.91
    },
    {
      "valid": true,
      "cx": 111.95,
      "cy": 130.84,
      "area": 720,
      "det_score": 0.3626,
      "sam_score": 0.9677,
      "box": [
        96.9,
        114.8,
        128.0,
        147.8
      ],
      "repeats": [
        [
          111.95,
          130.76
        ],
        [
          111.88,
          130.98000000000002
        ],
        [
          111.89,
          130.88
        ],
        [
          112.11,
          130.67000000000002
        ],
        [
          112.96000000000001,
          130.94
        ]
      ],
      "idx": 2212,
      "mislabel": false,
      "mislabel_reason": "ok",
      "e_unet": 0.87
    },
    {
      "valid": true,
      "cx": 113.47,
      "cy": 129.66,
      "area": 710,
      "det_score": 0.3734,
      "sam_score": 0.967,
      "box": [
        98.6,
        113.7,
        130.0,
        146.5
      ],
      "repeats": [
        [
          113.5,
          129.67000000000002
        ],
        [
          113.44,
          129.7
        ],
        [
          113.51,
          129.74
        ],
        [
          113.52,
          129.61
        ],
        [
          114.6,
          129.51999999999998
        ]
      ],
      "idx": 2213,
      "mislabel": false,
      "mislabel_reason": "ok",
      "e_unet": 0.81
    },
    {
      "valid": true,
      "cx": 117.47,
      "cy": 126.32,
      "area": 724,
      "det_score": 0.3615,
      "sam_score": 0.9618,
      "box": [
        101.8,
        110.1,
        134.3,
        143.2
      ],
      "repeats": [
        [
          117.54,
          126.23
        ],
        [
          117.56,
          126.37
        ],
        [
          117.53,
          126.33
        ],
        [
          117.65,
          126.12
        ],
        [
          118.65,
          126.3
        ]
      ],
      "idx": 2214,
      "mislabel": false,
      "mislabel_reason": "ok",
      "e_unet": 1.0
    },
    {
      "valid": true,
      "cx": 117.18,
      "cy": 125.44,
      "area": 710,
      "det_score": 0.3683,
      "sam_score": 0.9683,
      "box": [
        101.6,
        109.4,
        134.2,
        142.1
      ],
      "repeats": [
        [
          117.15,
          125.39
        ],
        [
          117.23,
          125.44
        ],
        [
          117.23,
          125.44
        ],
        [
          117.29,
          125.37
        ],
        [
          118.25,
          125.44
        ]
      ],
      "idx": 2215,
      "mislabel": false,
      "mislabel_reason": "ok",
      "e_unet": 0.78
    }
  ]
}