{
  "prompt": "black pupil.",
  "gsam2_centers": [
    {
      "valid": true,
      "cx": 204.08,
      "cy": 128.65,
      "area": 748,
      "det_score": 0.4313,
      "sam_score": 0.9635,
      "box": [
        188.0,
        113.1,
        221.3,
        144.2
      ],
      "repeats": [
        [
          204.01,
          128.61
        ],
        [
          204.08,
          128.66
        ],
        [
          204.09,
          128.59
        ],
        [
          204.21,
          128.56
        ],
        [
          205.26999999999998,
          128.64
        ]
      ],
      "idx": 205,
      "mislabel": false,
      "mislabel_reason": "ok",
      "e_unet": 0.83
    },
    {
      "valid": true,
      "cx": 204.03,
      "cy": 128.56,
      "area": 759,
      "det_score": 0.4352,
      "sam_score": 0.963,
      "box": [
        187.9,
        112.9,
        221.4,
        144.2
      ],
      "repeats": [
        [
          203.98,
          128.57
        ],
        [
          204.06,
          128.62
        ],
        [
          204.11,
          128.59
        ],
        [
          204.13,
          128.53
        ],
        [
          205.16,
          128.64
        ]
      ],
      "idx": 206,
      "mislabel": false,
      "mislabel_reason": "ok",
      "e_unet": 0.76
    },
    {
      "valid": true,
      "cx": 204.06,
      "cy": 128.59,
      "area": 764,
      "det_score": 0.4596,
      "sam_score": 0.9641,
      "box": [
        187.7,
        112.6,
        221.4,
        144.3
      ],
      "repeats": [
        [
          203.99,
          128.6
        ],
        [
          204.07,
          128.67000000000002
        ],
        [
          204.1,
          128.6
        ],
        [
          204.08,
          128.51
        ],
        [
          205.13,
          128.6
        ]
      ],
      "idx": 207,
      "mislabel": false,
      "mislabel_reason": "ok",
      "e_unet": 0.9
    },
    {
      "valid": true,
      "cx": 204.02,
      "cy": 128.63,
      "area": 774,
      "det_score": 0.458,
      "sam_score": 0.9639,
      "box": [
        187.5,
        112.7,
        221.4,
        144.4
      ],
      "repeats": [
        [
          204.05,
          128.53
        ],
        [
          204.02,
          128.66
        ],
        [
          204.08,
          128.6
        ],
        [
          204.08,
          128.57
        ],
        [
          205.11,
          128.59
        ]
      ],
      "idx": 208,
      "mislabel": false,
      "mislabel_reason": "ok",
      "e_unet": 0.94
    },
    {
      "valid": true,
      "cx": 203.94,
      "cy": 128.57999999999998,
      "area": 785,
      "det_score": 0.4502,
      "sam_score": 0.9651,
      "box": [
        187.3,
        112.4,
        221.6,
        144.4
      ],
      "repeats": [
        [
          203.96,
          128.48000000000002
        ],
        [
          203.97,
          128.65
        ],
        [
          203.96,
          128.51999999999998
        ],
        [
          204.04,
          128.41
        ],
        [
          205.04000000000002,
          128.5
        ]
      ],
      "idx": 209,
      "mislabel": false,
      "mislabel_reason": "ok",
      "e_unet": 0.96
    },
    {
      "valid": true,
      "cx": 203.99,
      "cy": 128.53,
      "area": 797,
      "det_score": 0.4589,
      "sam_score": 0.9646,
      "box": [
        187.2,
        112.3,
        221.6,
        144.6
      ],
      "repeats": [
        [
          203.94,
          128.47
        ],
        [
          204.03,
          128.65
        ],
        [
          204.06,
          128.57999999999998
        ],
        [
          204.06,
          128.51
        ],
        [
          205.06,
          128.54000000000002
        ]
      ],
      "idx": 210,
      "mislabel": false,
      "mislabel_reason": "ok",
      "e_unet": 0.95
    },
    {
      "valid": true,
      "cx": 204.09,
      "cy": 128.69,
      "area": 812,
      "det_score": 0.4936,
      "sam_score": 0.9629,
      "box": [
        187.1,
        112.4,
        221.8,
        144.7
      ],
      "repeats": [
        [
          204.01,
          128.57
        ],
        [
          204.07,
          128.76999999999998
        ],
        [
          204.13,
          128.70999999999998
        ],
        [
          204.18,
          128.56
        ],
        [
          205.15,
          128.64
        ]
      ],
      "idx": 211,
      "mislabel": false,
      "mislabel_reason": "ok",
      "e_unet": 1.09
    },
    {
      "valid": true,
      "cx": 204.02,
      "cy": 128.86,
      "area": 820,
      "det_score": 0.4761,
      "sam_score": 0.9632,
      "box": [
        187.0,
        112.3,
        221.8,
        145.0
      ],
      "repeats": [
        [
          203.93,
          128.7
        ],
        [
          204.06,
          128.94
        ],
        [
          204.0,
          128.82
        ],
        [
          204.11,
          128.68
        ],
        [
          205.16,
          128.79000000000002
        ]
      ],
      "idx": 212,
      "mislabel": false,
      "mislabel_reason": "ok",
      "e_unet": 1.13
    },
    {
      "valid": true,
      "cx": 203.92,
      "cy": 128.94,
      "area": 812,
      "det_score": 0.5183,
      "sam_score": 0.9641,
      "box": [
        186.9,
        112.5,
        221.8,
        145.0
      ],
      "repeats": [
        [
          203.9,
          128.86
        ],
        [
          203.95,
          129.01999999999998
        ],
        [
          203.9,
          128.91
        ],
        [
          204.05,
          128.82999999999998
        ],
        [
          205.07999999999998,
          128.92000000000002
        ]
      ],
      "idx": 213,
      "mislabel": false,
      "mislabel_reason": "ok",
      "e_unet": 1.07
    },
    {
      "valid": true,
      "cx": 203.89,
      "cy": 128.91,
      "area": 799,
      "det_score": 0.4864,
      "sam_score": 0.9648,
      "box": [
        187.1,
        112.7,
        221.6,
        144.8
      ],
      "repeats": [
        [
          203.89,
          128.81
        ],
        [
          203.95,
          128.93
        ],
        [
          203.94,
          128.85
        ],
        [
          203.99,
          128.82999999999998
        ],
        [
          205.03,
          128.91
        ]
      ],
      "idx": 214,
      "mislabel": false,
      "mislabel_reason": "ok",
      "e_unet": 0.99
    },
    {
      "valid": true,
      "cx": 203.89,
      "cy": 128.94,
      "area": 775,
      "det_score": 0.4625,
      "sam_score": 0.9654,
      "box": [
        187.4,
        113.1,
        221.3,
        144.7
      ],
      "repeats": [
        [
          203.92,
          128.85
        ],
        [
          203.91,
          128.99
        ],
        [
          203.91,
          128.93
        ],
        [
          203.98,
          128.85
        ],
        [
          205.06,
          128.91
        ]
      ],
      "idx": 215,
      "mislabel": false,
      "mislabel_reason": "ok",
      "e_unet": 0.94
    }
  ]
}