{
  "prompt": "black pupil.",
  "gsam2_centers": [
    {
      "valid": true,
      "cx": 154.04,
      "cy": 129.01999999999998,
      "area": 805,
      "det_score": 0.37,
      "sam_score": 0.9731,
      "box": [
        136.8,
        112.1,
        172.9,
        146.1
      ],
      "repeats": [
        [
          154.02,
          128.95999999999998
        ],
        [
          154.06,
          129.01
        ],
        [
          154.04,
          128.97
        ],
        [
          154.09,
          128.94
        ],
        [
          155.1,
          129.04000000000002
        ]
      ],
      "idx": 1407,
      "mislabel": false,
      "mislabel_reason": "ok",
      "e_unet": 0.7
    },
    {
      "valid": true,
      "cx": 147.6,
      "cy": 132.06,
      "area": 765,
      "det_score": 0.3437,
      "sam_score": 0.9712,
      "box": [
        131.5,
        114.9,
        165.6,
        149.6
      ],
      "repeats": [
        [
          147.68,
          131.92000000000002
        ],
        [
          147.65,
          132.12
        ],
        [
          147.64,
          132.06
        ],
        [
          147.82,
          131.91
        ],
        [
          148.85,
          132.06
        ]
      ],
      "idx": 1408,
      "mislabel": false,
      "mislabel_reason": "ok",
      "e_unet": 0.63
    },
    {
      "valid": true,
      "cx": 147.34,
      "cy": 132.37,
      "area": 762,
      "det_score": 0.3314,
      "sam_score": 0.971,
      "box": [
        131.3,
        115.2,
        165.2,
        149.9
      ],
      "repeats": [
        [
          147.34,
          132.35
        ],
        [
          147.36,
          132.39
        ],
        [
          147.34,
          132.37
        ],
        [
          147.4,
          132.31
        ],
        [
          148.49,
          132.41
        ]
      ],
      "idx": 1409,
      "mislabel": false,
      "mislabel_reason": "ok",
      "e_unet": 0.5
    },
    {
      "valid": true,
      "cx": 144.81,
      "cy": 133.73000000000002,
      "area": 737,
      "det_score": 0.297,
      "sam_score": 0.9704,
      "box": [
        128.9,
        116.4,
        162.1,
        151.5
      ],
      "repeats": [
        [
          144.81,
          133.68
        ],
        [
          144.86,
          133.7
        ],
        [
          144.91,
          133.67000000000002
        ],
        [
          144.99,
          133.53
        ],
        [
          145.95,
          133.76
        ]
      ],
      "idx": 1410,
      "mislabel": false,
      "mislabel_reason": "ok",
      "e_unet": 0.55
    },
    {
      "valid": true,
      "cx": 143.69,
      "cy": 135.38,
      "area": 745,
      "det_score": 0.3096,
      "sam_score": 0.9707,
      "box": [
        127.8,
        117.8,
        160.8,
        153.6
      ],
      "repeats": [
        [
          143.67000000000002,
          135.3
        ],
        [
          143.8,
          135.37
        ],
        [
          143.84,
          135.3
        ],
        [
          143.81,
          135.26
        ],
        [
          144.84,
          135.3
        ]
      ],
      "idx": 1411,
      "mislabel": false,
      "mislabel_reason": "ok",
      "e_unet": 0.61
    },
    {
      "valid": true,
      "cx": 145.15,
      "cy": 135.7,
      "area": 663,
      "det_score": 0.3299,
      "sam_score": 0.9638,
      "box": [
        129.6,
        120.1,
        163.6,
        151.8
      ],
      "repeats": [
        [
          145.14,
          135.67000000000002
        ],
        [
          145.26999999999998,
          135.72
        ],
        [
          145.15,
          135.69
        ],
        [
          145.22,
          135.66
        ],
        [
          146.32,
          135.74
        ]
      ],
      "idx": 1412,
      "mislabel": false,
      "mislabel_reason": "ok",
      "e_unet": 0.91
    },
    {
      "valid": true,
      "cx": 146.15,
      "cy": 132.26999999999998,
      "area": 765,
      "det_score": 0.4445,
      "sam_score": 0.9662,
      "box": [
        129.8,
        115.7,
        163.7,
        150.6
      ],
      "repeats": [
        [
          146.07,
          132.3
        ],
        [
          146.25,
          132.28
        ],
        [
          146.12,
          132.31
        ],
        [
          146.22,
          132.24
        ],
        [
          147.3,
          132.44
        ]
      ],
      "idx": 1413,
      "mislabel": false,
      "mislabel_reason": "ok",
      "e_unet": 0.6
    }
  ]
}