{
  "prompt": "black pupil.",
  "gsam2_centers": [
    {
      "valid": true,
      "cx": 143.07999999999998,
      "cy": 101.85,
      "area": 491,
      "det_score": 0.4087,
      "sam_score": 0.9586,
      "box": [
        130.4,
        89.0,
        156.5,
        115.0
      ],
      "repeats": [
        [
          143.1,
          101.8
        ],
        [
          143.09,
          101.92
        ],
        [
          143.07,
          101.88
        ],
        [
          143.15,
          101.78
        ],
        [
          144.19,
          101.84
        ]
      ],
      "idx": 105,
      "mislabel": false,
      "mislabel_reason": "ok",
      "e_unet": 1.2
    },
    {
      "valid": true,
      "cx": 143.11,
      "cy": 101.76,
      "area": 486,
      "det_score": 0.4006,
      "sam_score": 0.9585,
      "box": [
        130.5,
        88.8,
        156.6,
        114.8
      ],
      "repeats": [
        [
          143.06,
          101.66
        ],
        [
          143.16,
          101.8
        ],
        [
          143.15,
          101.75
        ],
        [
          143.23000000000002,
          101.49
        ],
        [
          144.26,
          101.77
        ]
      ],
      "idx": 106,
      "mislabel": false,
      "mislabel_reason": "ok",
      "e_unet": 1.31
    },
    {
      "valid": true,
      "cx": 143.16,
      "cy": 101.8,
      "area": 486,
      "det_score": 0.41,
      "sam_score": 0.9594,
      "box": [
        130.7,
        89.1,
        156.5,
        114.8
      ],
      "repeats": [
        [
          143.07999999999998,
          101.74
        ],
        [
          143.19,
          101.79
        ],
        [
          143.14,
          101.77
        ],
        [
          143.18,
          101.6
        ],
        [
          144.26,
          101.76
        ]
      ],
      "idx": 107,
      "mislabel": false,
      "mislabel_reason": "ok",
      "e_unet": 1.25
    },
    {
      "valid": true,
      "cx": 143.2,
      "cy": 101.78,
      "area": 484,
      "det_score": 0.4073,
      "sam_score": 0.9589,
      "box": [
        130.7,
        89.1,
        156.6,
        114.8
      ],
      "repeats": [
        [
          143.12,
          101.75
        ],
        [
          143.20999999999998,
          101.87
        ],
        [
          143.2,
          101.81
        ],
        [
          143.24,
          101.71
        ],
        [
          144.33,
          101.79
        ]
      ],
      "idx": 108,
      "mislabel": false,
      "mislabel_reason": "ok",
      "e_unet": 1.25
    },
    {
      "valid": true,
      "cx": 143.22,
      "cy": 101.76,
      "area": 486,
      "det_score": 0.4148,
      "sam_score": 0.9588,
      "box": [
        130.5,
        88.7,
        156.7,
        114.8
      ],
      "repeats": [
        [
          143.15,
          101.67
        ],
        [
          143.2,
          101.83
        ],
        [
          143.26999999999998,
          101.71
        ],
        [
          143.3,
          101.57
        ],
        [
          144.34,
          101.74
        ]
      ],
      "idx": 109,
      "mislabel": false,
      "mislabel_reason": "ok",
      "e_unet": 1.17
    },
    {
      "valid": true,
      "cx": 143.23000000000002,
      "cy": 101.73,
      "area": 487,
      "det_score": 0.4132,
      "sam_score": 0.9596,
      "box": [
        130.6,
        88.8,
        156.8,
        114.8
      ],
      "repeats": [
        [
          143.09,
          101.69
        ],
        [
          143.23000000000002,
          101.77
        ],
        [
          143.19,
          101.72
        ],
        [
          143.29000000000002,
          101.55
        ],
        [
          144.28,
          101.77
        ]
      ],
      "idx": 110,
      "mislabel": false,
      "mislabel_reason": "ok",
      "e_unet": 1.24
    },
    {
      "valid": true,
      "cx": 143.1,
      "cy": 101.57,
      "area": 494,
      "det_score": 0.4096,
      "sam_score": 0.9585,
      "box": [
        130.2,
        88.6,
        156.7,
        114.8
      ],
      "repeats": [
        [
          143.06,
          101.56
        ],
        [
          143.15,
          101.77
        ],
        [
          143.05,
          101.74
        ],
        [
          143.23000000000002,
          101.5
        ],
        [
          144.19,
          101.77
        ]
      ],
      "idx": 111,
      "mislabel": false,
      "mislabel_reason": "ok",
      "e_unet": 1.18
    },
    {
      "valid": true,
      "cx": 143.2,
      "cy": 101.61,
      "area": 496,
      "det_score": 0.4042,
      "sam_score": 0.959,
      "box": [
        130.4,
        88.6,
        156.8,
        114.9
      ],
      "repeats": [
        [
          143.13,
          101.57
        ],
        [
          143.19,
          101.79
        ],
        [
          143.22,
          101.7
        ],
        [
          143.31,
          101.53
        ],
        [
          144.38,
          101.68
        ]
      ],
      "idx": 112,
      "mislabel": false,
      "mislabel_reason": "ok",
      "e_unet": 1.21
    },
    {
      "valid": true,
      "cx": 143.26999999999998,
      "cy": 101.62,
      "area": 507,
      "det_score": 0.3998,
      "sam_score": 0.9593,
      "box": [
        130.3,
        88.4,
        156.9,
        115.1
      ],
      "repeats": [
        [
          143.28,
          101.59
        ],
        [
          143.34,
          101.8
        ],
        [
          143.32999999999998,
          101.67
        ],
        [
          143.35,
          101.53
        ],
        [
          144.38,
          101.77
        ]
      ],
      "idx": 113,
      "mislabel": false,
      "mislabel_reason": "ok",
      "e_unet": 1.09
    },
    {
      "valid": true,
      "cx": 143.28,
      "cy": 101.69,
      "area": 509,
      "det_score": 0.4102,
      "sam_score": 0.9582,
      "box": [
        130.4,
        88.4,
        156.9,
        115.2
      ],
      "repeats": [
        [
          143.22,
          101.64
        ],
        [
          143.37,
          101.84
        ],
        [
          143.31,
          101.73
        ],
        [
          143.35,
          101.66
        ],
        [
          144.39,
          101.82
        ]
      ],
      "idx": 114,
      "mislabel": false,
      "mislabel_reason": "ok",
      "e_unet": 1.11
    },
    {
      "valid": true,
      "cx": 143.34,
      "cy": 101.78,
      "area": 513,
      "det_score": 0.4083,
      "sam_score": 0.9589,
      "box": [
        130.3,
        88.4,
        156.9,
        115.4
      ],
      "repeats": [
        [
          143.17000000000002,
          101.73
        ],
        [
          143.3,
          101.88
        ],
        [
          143.28,
          101.81
        ],
        [
          143.34,
          101.73
        ],
        [
          144.35,
          101.84
        ]
      ],
      "idx": 115,
      "mislabel": false,
      "mislabel_reason": "ok",
      "e_unet": 1.14
    }
  ]
}