{
 "sigma_human_3ch": 0.11949555426621826,
 "sigma_human_3ch_neg": false,
 "sigma_human_indep": 0.13356586031371256,
 "sigma_human_indep_neg": true,
 "sigma_gsam2_3ch": 0.06034092611733465,
 "sigma_unet_3ch": 0.15293795912498853,
 "gsam2_repeat": 0.06926368505958429,
 "human_gsam2_rms": 0.18565276303480654,
 "rep_floor": 0.30176595986111926,
 "E_orig_median": 1.1742456086808977,
 "E_orig_mean": 2.3291686800247886,
 "E_orig_p95": 10.869335668245123,
 "reported": 0.1812,
 "Pn_gsam2": {
  "10": 1.0,
  "5": 1.0,
  "1": 1.0
 },
 "Pn_pred": {
  "10": 0.944,
  "5": 0.896,
  "1": 0.406
 },
 "bracket": [
  0.11949555426621826,
  0.18565276303480654
 ]
}