{
 "align": {
  "n_rows": 6663,
  "by_source": {
   "human_ellipse": 483,
   "unet": 483,
   "gsam2": 479,
   "pred": 483,
   "ellseg": 483,
   "ritnet": 483,
   "edge_guided": 478,
   "deepvog": 422,
   "yoloe": 474,
   "sam2_repeat_0": 479,
   "sam2_repeat_1": 479,
   "sam2_repeat_2": 479,
   "sam2_repeat_3": 479,
   "sam2_repeat_4": 479
  },
  "out_of_frame": 0,
  "n_anchors": 483
 },
 "La": {
  "La1_gsam2_repeats": {
   "sigma_x": {
    "mean": 0.497402257096463,
    "median": 0.4991793264949982,
    "p95": 0.5539566748627018,
    "p99": 0.5838160962069866,
    "min": 0.33781651824622444,
    "max": 0.7207287978151051,
    "std": 0.038949232871465594,
    "n": 479
   },
   "sigma_y": {
    "mean": 0.08674723102603432,
    "median": 0.07106335201775885,
    "p95": 0.20887673151479724,
    "p99": 0.3147205354129448,
    "min": 0.008944271909991024,
    "max": 0.442572028036115,
    "std": 0.05924252823608982,
    "n": 479
   },
   "sigma_radial": {
    "mean": 0.3705769384657103,
    "median": 0.36671519993908824,
    "p95": 0.4201835104959004,
    "p99": 0.5141730922006836,
    "min": 0.25563291630224444,
    "max": 0.5587575490099235,
    "std": 0.035071693044241854,
    "n": 479
   },
   "n_repeats": 5
  },
  "La2_f2f_jitter": {
   "unet": {
    "mean": 0.6535717415144229,
    "median": 0.21971344974762014,
    "p95": 3.5088132555647022,
    "p99": 5.500723219476284,
    "min": 0.0,
    "max": 12.564618338811574,
    "std": 1.144274598441387,
    "n": 1607
   },
   "gsam2": {
    "mean": 0.6526404050732786,
    "median": 0.21377558326431884,
    "p95": 3.5368369330119136,
    "p99": 5.5821641340405765,
    "min": 0.0,
    "max": 6.30114275350115,
    "std": 1.1392600078456054,
    "n": 1576
   },
   "pred": {
    "mean": 10.234460363429426,
    "median": 2.293669984980397,
    "p95": 52.86219877311328,
    "p99": 91.7284827366999,
    "min": 0.02039607805436541,
    "max": 147.90803764501777,
    "std": 19.22359758724968,
    "n": 1449
   },
   "_note": "unet/gsam2=method stability; pred=model temporal jitter (not GT precision); human SKIP->GSAM2 proxy"
  },
  "La3_rasterization_floor": {
   "dist": {
    "mean": 1.4137326739599552,
    "median": 1.4142135623730951,
    "p95": 1.4218853605773165,
    "p99": 1.4345220154022915,
    "min": 1.383272469821748,
    "max": 1.4470586096787177,
    "std": 0.006555649352226578,
    "n": 988
   },
   "iou": {
    "mean": 0.8678392978577206,
    "median": 0.8731227003078772,
    "p95": 0.910374215354901,
    "p99": 0.9185437976014792,
    "min": 0.69921875,
    "max": 0.9276848354020507,
    "std": 0.03346477332203913,
    "n": 988
   },
   "n_sessions": 30,
   "interpretation": "RASTERIZATION floor (mask derived from ellipse); distance dominated by a constant ~1px generation offset, not human variability"
  }
 },
 "Lb": {
  "Lb1_pairwise": {
   "human-gsam2": {
    "n": 479,
    "radial_rms": 0.8637266926421018,
    "var_x": 0.17766351184912768,
    "var_y": 0.19543234073776442,
    "ba_bias_x": 0.4792901878914407,
    "ba_bias_y": 0.3794572025052193,
    "ba_loa_x": [
     -0.3468527459399932,
     1.3054331217228745
    ],
    "ba_loa_y": [
     -0.48701430895848474,
     1.2459287139689232
    ]
   },
   "human-unet": {
    "n": 483,
    "radial_rms": 1.7516881428771731,
    "var_x": 0.27491533615972064,
    "var_y": 0.4664526926110153,
    "ba_bias_x": 1.0171014492753623,
    "ba_bias_y": 1.1375776397515525,
    "ba_loa_x": [
     -0.010572991095314066,
     2.0447758896460386
    ],
    "ba_loa_y": [
     -0.2010502637132141,
     2.4762055432163192
    ]
   },
   "gsam2-unet": {
    "n": 479,
    "radial_rms": 1.1672786231802632,
    "var_x": 0.13979200296992483,
    "var_y": 0.3671815497331437,
    "ba_bias_x": 0.535217118997912,
    "ba_bias_y": 0.7550939457202501,
    "ba_loa_x": [
     -0.19760274877947248,
     1.2680369867752965
    ],
    "ba_loa_y": [
     -0.43257799612852676,
     1.942765887569027
    ]
   },
   "IoU": {
    "unet_vs_gt": {
     "mean": 0.8391315139835,
     "median": 0.8525852585258525,
     "p95": 0.9075071074137406,
     "p99": 0.9233557853345955,
     "min": 0.506578947368421,
     "max": 0.938034188034188,
     "std": 0.06142232921741179,
     "n": 483
    },
    "gsam2_vs_gt": {
     "mean": 0.9063927636277624,
     "median": 0.9139393939393939,
     "p95": 0.9548170328541563,
     "p99": 0.9604494701015709,
     "min": 0.0,
     "max": 0.9688442211055276,
     "std": 0.05451504185094444,
     "n": 483
    },
    "gsam2_vs_unet": {
     "mean": 0.8930511513534062,
     "median": 0.9098712446351931,
     "p95": 0.9396853223912773,
     "p99": 0.9508725137915005,
     "min": 0.0,
     "max": 0.9565543071161049,
     "std": 0.06820744513666835,
     "n": 483
    }
   }
  },
  "Lb2_3ch": {
   "triple": [
    "human",
    "gsam2",
    "unet"
   ],
   "n": 479,
   "shared_bias": false,
   "x": {
    "Vhs": 0.17766351184912768,
    "Vhu": 0.27532745549043053,
    "Vsu": 0.13979200296992483,
    "neg": false,
    "sigma_h": 0.3957265244898511,
    "sigma_s": 0.14513452264816598,
    "sigma_u": 0.34456925763279267
   },
   "y": {
    "Vhs": 0.19543234073776442,
    "Vhu": 0.46716018513989227,
    "Vsu": 0.3671815497331437,
    "neg": false,
    "sigma_h": 0.38432471696763987,
    "sigma_s": 0.21846476298366274,
    "sigma_u": 0.5652032351885787
   },
   "sigma_h_radial": 0.5516384416056165,
   "sigma_s_radial": 0.2622801600003686,
   "sigma_u_radial": 0.6619536769089283
  },
  "Lb2_3ch_independent": {
   "triple": [
    "human",
    "gsam2",
    "ellseg"
   ],
   "n": 479,
   "shared_bias": false,
   "x": {
    "Vhs": 0.17766351184912768,
    "Vhu": 0.19737881546282796,
    "Vsu": 0.04752105994007715,
    "neg": false,
    "sigma_h": 0.40467349021889143,
    "sigma_s": 0.11791046672449584,
    "sigma_u": 0.18335261595321928
   },
   "y": {
    "Vhs": 0.19543234073776442,
    "Vhu": 0.19767508894925762,
    "Vsu": 0.05591757154462312,
    "neg": false,
    "sigma_h": 0.4106031284235417,
    "sigma_s": 0.16382127965122525,
    "sigma_u": 0.17052905874969862
   },
   "sigma_h_radial": 0.5765028731560136,
   "sigma_s_radial": 0.2018422399542608,
   "sigma_u_radial": 0.250396369092978
  },
  "Lb3_crosscheck": {
   "sigma_s_3ch": 0.2622801600003686,
   "sigma_s_rep_La1": 0.36671519993908824,
   "ratio": 0.7152148589530338
  },
  "sigma_human_bracket": {
   "lower_3ch": 0.5516384416056165,
   "upper_human_gsam2_rms": 0.8637266926421018,
   "shared_bias": false,
   "lower_3ch_independent": 0.5765028731560136,
   "shared_bias_independent": false
  }
 },
 "Lc": {
  "Lc1_Pn": {
   "gsam2_vs_human": {
    "n_total": 483,
    "n_valid": 479,
    "abstain": 4,
    "Pn_over_all": {
     "10": 0.9917,
     "5": 0.9917,
     "1": 0.735
    },
    "precision_over_valid": {
     "10": 1.0,
     "5": 1.0,
     "1": 0.7411
    },
    "median": 0.7725283166331179
   },
   "pred_vs_human": {
    "n_total": 483,
    "n_valid": 483,
    "abstain": 0,
    "Pn_over_all": {
     "10": 0.7412,
     "5": 0.4431,
     "1": 0.0248
    },
    "precision_over_valid": {
     "10": 0.7412,
     "5": 0.4431,
     "1": 0.0248
    },
    "median": 5.697761402515906
   }
  }
 },
 "S5": {
  "STEP5": {
   "E_orig": {
    "mean": 11.430559744734667,
    "median": 5.697761402515906,
    "p95": 56.45501898832833,
    "p99": 84.72742109158604,
    "min": 0.18258422713915162,
    "max": 101.66707095220161,
    "std": 17.04380079428443,
    "n": 483
   },
   "per_subject": {
    "user1": {
     "mean": 11.491100643371341,
     "median": 4.829773454353871,
     "p95": 41.80444271654173,
     "p99": 92.27573805705215,
     "min": 0.36423755984247386,
     "max": 95.96872083132085,
     "std": 18.50023270240683,
     "n": 52
    },
    "user2": {
     "mean": 14.025933764532569,
     "median": 6.896367232101263,
     "p95": 54.5834389273505,
     "p99": 74.93385757051854,
     "min": 1.1017077652444893,
     "max": 82.34023638537845,
     "std": 18.072130112863572,
     "n": 47
    },