(33.449722, 16.719248, 0.0)
(33.297543, 16.643024, 0.0)
(33.299549, 16.829649, 0.0)
(34.031944, 17.535210, 0.0)
(34.042080, 17.591969, 0.0)
(34.009834, 17.582418, 0.0)
(34.005390, 17.565559, 0.0)
(34.039528, 17.554873, 0.0)
(34.038391, 17.584885, 0.0)
(34.019268, 17.551695, 0.0)
(34.034683, 17.499550, 0.0)
(34.067924, 17.347782, 0.0)
(34.070255, 17.307966, 0.0)
(34.035812, 17.343683, 0.0)
(33.987297, 17.413866, 0.0)
(34.015427, 17.421015, 0.0)
(34.045876, 17.423616, 0.0)
(34.060677, 17.505882, 0.0)
(34.060677, 17.505882, 0.0)
(34.070717, 17.515285, 0.0)
(34.076584, 17.517550, 0.0)
(34.078274, 17.465164, 0.0)
(34.091507, 17.430624, 0.0)
(34.122028, 17.400190, 0.0)
(34.149937, 17.452232, 0.0)
(34.140930, 17.547253, 0.0)
(34.155457, 17.605791, 0.0)
(34.175007, 17.597170, 0.0)
(34.139118, 17.561970, 0.0)
(34.077019, 17.582226, 0.0)
(34.041111, 17.566433, 0.0)
(34.032253, 17.582878, 0.0)
(34.010597, 17.587820, 0.0)
(34.020092, 17.576511, 0.0)
(34.021103, 17.637079, 0.0)
(34.007076, 17.698584, 0.0)
(34.025658, 17.742889, 0.0)
(34.027966, 17.754070, 0.0)
(34.017464, 17.727190, 0.0)
(34.024189, 17.688744, 0.0)
(34.015488, 17.716690, 0.0)
(34.028091, 17.737694, 0.0)
(34.019520, 17.772654, 0.0)
(34.035999, 17.803179, 0.0)
(34.022583, 17.778290, 0.0)
(34.026958, 17.796751, 0.0)
(33.997517, 17.836773, 0.0)
(33.982803, 17.806259, 0.0)
(33.986851, 17.785038, 0.0)
(34.012722, 17.721952, 0.0)
(34.015720, 17.716909, 0.0)
(34.023357, 17.725309, 0.0)
(34.002239, 17.746628, 0.0)
(33.986759, 17.787413, 0.0)
(33.996685, 17.803091, 0.0)
(33.989162, 17.811737, 0.0)
(33.979481, 17.811342, 0.0)
(33.976444, 17.832235, 0.0)
(33.975605, 17.850491, 0.0)
(33.983601, 17.839849, 0.0)
(33.981892, 17.807709, 0.0)
(34.012184, 17.736383, 0.0)
(34.011246, 17.704699, 0.0)
(34.006031, 17.719713, 0.0)
(33.989494, 17.743872, 0.0)
(33.974007, 17.777466, 0.0)
(33.989792, 17.745756, 0.0)
(34.003716, 17.710268, 0.0)
(33.997604, 17.720304, 0.0)
(33.973164, 17.760691, 0.0)
(33.943436, 17.780220, 0.0)
(33.941578, 17.774061, 0.0)
(33.952827, 17.711330, 0.0)
(33.952827, 17.711330, 0.0)
(33.951069, 17.677416, 0.0)
(33.949791, 17.750025, 0.0)
(33.950920, 17.762297, 0.0)
(33.942001, 17.766424, 0.0)
(33.931496, 17.758678, 0.0)
(33.933369, 17.715927, 0.0)
(33.925156, 17.678740, 0.0)
(33.882553, 17.708509, 0.0)
(33.855618, 17.722586, 0.0)
(33.854454, 17.753664, 0.0)
(33.852974, 17.744314, 0.0)
(33.858994, 17.708345, 0.0)
(33.881359, 17.702486, 0.0)
(33.881241, 17.698835, 0.0)
(33.861423, 17.732702, 0.0)
(33.860714, 17.758764, 0.0)
(33.878014, 17.762981, 0.0)
(33.888428, 17.732325, 0.0)
(33.894451, 17.780838, 0.0)
(33.911148, 17.790329, 0.0)
(33.922657, 17.772047, 0.0)
(33.923244, 17.747217, 0.0)
(33.926754, 17.695538, 0.0)
(33.943810, 17.678907, 0.0)
(33.953255, 17.652260, 0.0)
(33.953556, 17.678596, 0.0)
(34.038929, 17.928785, 0.0)
(34.044655, 17.955959, 0.0)
(34.061062, 17.902058, 0.0)
(34.037239, 17.827660, 0.0)
(34.026936, 17.824459, 0.0)
(34.026318, 17.826675, 0.0)
(34.034359, 17.840971, 0.0)
(34.026527, 17.849844, 0.0)
(34.055782, 17.865240, 0.0)
(34.057102, 17.843740, 0.0)
(34.070732, 17.859381, 0.0)
(34.077133, 17.854448, 0.0)
(34.083218, 17.847282, 0.0)
(34.083687, 17.852123, 0.0)
(34.086487, 17.823483, 0.0)
(34.080048, 17.794209, 0.0)
(34.094315, 17.744936, 0.0)
(34.086082, 17.766912, 0.0)
(34.078377, 17.808844, 0.0)
(34.072334, 17.817938, 0.0)
(34.072342, 17.824781, 0.0)
(34.067303, 17.772213, 0.0)
(34.074501, 17.757278, 0.0)
(34.070587, 17.759758, 0.0)
(34.066288, 17.778044, 0.0)
(34.065029, 17.769230, 0.0)
(34.079048, 17.755453, 0.0)
(34.080032, 17.749689, 0.0)
(34.082085, 17.744419, 0.0)
(34.083530, 17.734549, 0.0)
(34.083530, 17.734549, 0.0)
(34.080025, 17.730261, 0.0)
(34.082905, 17.719246, 0.0)
(34.062862, 17.693270, 0.0)
(34.074814, 17.698801, 0.0)
(34.052593, 17.698753, 0.0)
(34.048599, 17.701143, 0.0)
(34.032452, 17.704788, 0.0)
(34.032063, 17.682716, 0.0)
(34.008476, 17.642204, 0.0)
(33.993835, 17.648205, 0.0)
(33.991730, 17.670551, 0.0)
(33.989311, 17.664764, 0.0)
(34.000805, 17.685247, 0.0)
(34.005413, 17.687244, 0.0)
(34.002087, 17.692242, 0.0)
(34.008873, 17.683006, 0.0)
(34.013912, 17.717340, 0.0)
(34.024620, 17.718443, 0.0)
(34.044960, 17.722570, 0.0)
(34.043037, 17.751383, 0.0)
(34.043434, 17.745363, 0.0)
(34.029408, 17.711546, 0.0)
(34.011799, 17.737795, 0.0)
(34.011467, 17.743843, 0.0)
(34.005875, 17.733669, 0.0)
(34.015549, 17.716585, 0.0)
(34.021255, 17.690323, 0.0)
(34.024734, 17.686300, 0.0)
(34.014824, 17.698608, 0.0)
(34.005722, 17.720669, 0.0)
(34.005722, 17.720669, 0.0)
(34.014851, 17.719719, 0.0)
(34.021393, 17.702045, 0.0)
(34.020702, 17.707811, 0.0)
(34.032211, 17.752672, 0.0)
(34.015621, 17.758308, 0.0)
(34.010300, 17.759699, 0.0)
(34.011604, 17.744621, 0.0)
(34.000504, 17.666889, 0.0)
(35.494389, 19.016289, 0.0)
(38.195278, 20.909746, 0.0)
(40.470612, 22.480055, 0.0)
(41.841751, 23.421251, 0.0)
(41.913860, 23.558998, 0.0)
(41.916042, 23.553358, 0.0)
(42.188648, 24.165886, 0.0)
(42.423489, 24.423740, 0.0)
(42.425488, 24.441360, 0.0)
(42.466244, 24.472996, 0.0)
(42.465164, 24.472092, 0.0)
(42.461693, 24.443077, 0.0)
(42.484142, 24.417484, 0.0)
(42.485233, 24.409744, 0.0)
(42.492229, 24.390259, 0.0)
(42.494503, 24.373650, 0.0)
(42.497585, 24.357811, 0.0)
(42.497715, 24.307207, 0.0)
(42.465096, 24.304852, 0.0)
(42.434937, 24.281906, 0.0)
(42.385139, 24.273643, 0.0)
(42.249245, 23.991476, 0.0)
(42.373848, 24.991049, 0.0)
(42.401173, 24.183697, 0.0)
(42.338177, 24.022106, 0.0)
(42.271389, 24.070456, 0.0)
(42.283680, 24.128994, 0.0)
(42.262230, 24.070862, 0.0)
(42.291271, 24.130892, 0.0)
(42.320023, 24.152571, 0.0)
(42.300808, 24.139378, 0.0)
(42.319485, 24.144554, 0.0)
(42.354160, 24.162979, 0.0)
(42.357948, 24.137489, 0.0)
(42.349346, 24.145403, 0.0)
(42.404739, 24.206539, 0.0)
(42.438103, 24.144533, 0.0)
(42.524002, 24.029047, 0.0)
(42.020187, 21.327822, 0.0)
(40.642773, 18.823496, 0.0)
(38.122913, 16.322020, 0.0)
(37.208000, 15.836082, 0.0)
(37.106335, 15.803774, 0.0)
(37.092957, 15.774503, 0.0)
(33.882523, 15.024117, 0.0)
(33.194454, 15.709334, 0.0)
(33.177307, 15.742753, 0.0)
(37.752190, 14.131844, 0.0)
(0.000000, 0.000000, 1.0)
(0.000000, 0.000000, 1.0)
(0.000000, 0.000000, 1.0)
(41.515022, 15.259101, 0.0)
(0.000000, 0.000000, 1.0)
(0.000000, 0.000000, 1.0)
(41.515022, 15.259101, 0.0)
(41.515022, 15.259101, 0.0)
(0.000000, 0.000000, 1.0)
(0.000000, 0.000000, 1.0)
(0.000000, 0.000000, 1.0)
(0.000000, 0.000000, 1.0)
(40.158146, 15.267658, 0.0)
(37.097542, 16.815706, 0.0)
(34.099655, 18.399780, 0.0)
(31.613783, 19.715631, 0.0)
(29.342257, 21.219381, 0.0)
(27.780346, 22.267775, 0.0)
(27.258013, 22.990685, 0.0)
(27.075630, 23.193115, 0.0)
(26.907377, 23.204613, 0.0)
(26.816332, 23.205385, 0.0)
(26.690723, 23.436787, 0.0)
(26.323559, 23.852507, 0.0)
(26.219654, 23.880512, 0.0)
(26.146624, 23.867556, 0.0)
(26.152489, 23.833208, 0.0)
(25.962749, 23.907955, 0.0)
(25.910275, 23.877453, 0.0)
(25.906557, 23.882671, 0.0)
(25.876669, 23.915155, 0.0)
(25.863903, 23.927284, 0.0)
(25.822948, 23.909643, 0.0)
(25.810875, 23.921402, 0.0)
(25.794069, 23.881926, 0.0)
(25.808554, 23.855867, 0.0)
(25.807783, 23.868935, 0.0)
(25.778818, 23.901094, 0.0)
(25.774855, 23.912790, 0.0)
(25.774496, 23.903120, 0.0)
(25.772148, 23.884277, 0.0)
(25.766033, 23.830036, 0.0)
(25.779015, 23.869093, 0.0)
(25.745958, 23.870686, 0.0)
(25.753723, 23.835340, 0.0)
(25.771090, 23.786461, 0.0)
(25.727734, 23.720409, 0.0)
(25.771576, 23.663307, 0.0)
(25.672520, 23.810848, 0.0)
(25.839149, 23.745106, 0.0)
(25.520756, 23.679720, 0.0)
(26.063818, 20.594872, 0.0)
(25.728788, 17.418890, 0.0)
(25.757225, 17.309752, 0.0)
(25.652794, 17.412308, 0.0)
(25.551939, 17.509880, 0.0)
(27.798765, 16.192337, 0.0)
(27.322426, 14.947066, 0.0)
(25.959591, 14.924488, 0.0)
(25.777573, 15.046082, 0.0)
(25.726898, 15.088086, 0.0)
(25.739765, 15.088612, 0.0)
(25.643572, 15.078291, 0.0)
(25.312330, 15.405083, 0.0)
(25.276545, 15.424022, 0.0)
(25.235970, 15.508224, 0.0)
(25.207586, 15.526586, 0.0)
(25.194689, 15.521217, 0.0)
(25.192982, 15.491864, 0.0)
(25.193655, 15.405409, 0.0)
(25.177099, 15.383187, 0.0)
(25.174397, 15.448139, 0.0)
(25.160824, 15.435802, 0.0)
(25.173237, 15.382046, 0.0)
(25.114088, 15.373276, 0.0)
(25.186619, 15.367908, 0.0)
(25.087729, 15.394418, 0.0)
(25.096672, 15.413794, 0.0)
(25.126822, 15.376200, 0.0)
(25.159988, 15.333508, 0.0)
(25.001673, 15.347998, 0.0)
(25.344061, 15.337394, 0.0)
(24.929043, 15.556230, 0.0)
(25.180359, 15.394810, 0.0)
(25.063215, 15.355685, 0.0)
(25.120340, 15.299180, 0.0)
(27.334120, 15.693798, 0.0)
(32.539909, 17.280691, 0.0)
(34.253078, 18.081564, 0.0)
(34.223064, 18.070944, 0.0)
(34.145897, 17.958494, 0.0)
(34.110729, 17.930424, 0.0)
(34.445343, 17.634832, 0.0)
(34.318447, 17.483887, 0.0)
(34.355896, 17.447367, 0.0)
(34.152611, 17.417902, 0.0)
(34.276428, 17.407068, 0.0)
(34.168522, 17.476423, 0.0)
(34.216095, 17.433268, 0.0)
(34.216434, 17.377392, 0.0)
(34.104313, 17.366068, 0.0)
(34.133362, 17.340891, 0.0)
(34.100361, 17.343143, 0.0)
(34.149895, 17.330788, 0.0)
(34.136234, 17.278431, 0.0)
(34.149540, 17.287857, 0.0)
(34.188824, 17.300755, 0.0)
(34.119915, 17.356863, 0.0)
(34.177635, 17.311605, 0.0)
(34.156628, 17.262981, 0.0)
(34.153099, 17.249704, 0.0)
(34.150059, 17.244173, 0.0)
(34.124462, 17.262589, 0.0)
(34.123341, 17.279881, 0.0)
(34.105892, 17.223021, 0.0)
(34.118519, 17.204796, 0.0)
(34.099270, 17.194519, 0.0)
(34.093300, 17.222101, 0.0)
(34.084549, 17.236441, 0.0)
(34.087410, 17.242086, 0.0)
(34.094662, 17.227978, 0.0)
(34.099091, 17.199451, 0.0)
(34.103470, 17.254770, 0.0)
(34.084278, 17.291361, 0.0)
(31.254948, 17.904867, 0.0)
(28.361460, 18.548235, 0.0)
(26.480818, 19.495708, 0.0)
(25.591143, 20.096786, 0.0)
(25.279099, 20.199396, 0.0)
(25.262194, 20.248138, 0.0)
(25.212147, 20.265924, 0.0)
(25.189737, 20.246016, 0.0)
(25.165339, 20.242369, 0.0)
(25.157806, 20.283424, 0.0)
(25.121304, 20.303244, 0.0)
(25.082542, 20.294153, 0.0)
(25.064737, 20.283445, 0.0)
(25.094255, 20.263109, 0.0)
(25.095049, 20.204916, 0.0)
(25.038620, 20.208662, 0.0)
(24.858583, 20.490349, 0.0)
(25.121449, 20.174086, 0.0)
(25.138369, 19.741184, 0.0)
(25.179022, 19.810892, 0.0)
(25.203112, 19.841215, 0.0)
(25.202976, 19.844240, 0.0)
(25.238377, 19.845417, 0.0)
(25.238913, 19.862049, 0.0)
(25.194483, 19.871227, 0.0)
(25.204899, 19.885046, 0.0)
(25.230898, 19.888672, 0.0)
(25.235529, 19.860455, 0.0)
(25.243687, 19.848951, 0.0)
(25.250570, 19.815683, 0.0)
(25.250570, 19.815683, 0.0)
(25.261444, 19.821705, 0.0)
(25.257622, 19.826847, 0.0)
(25.789240, 20.877411, 0.0)
(26.741264, 23.046280, 0.0)
(26.836517, 23.332876, 0.0)
(26.752302, 23.338018, 0.0)
(26.721926, 23.384100, 0.0)
(27.286608, 23.709000, 0.0)
(27.322657, 23.699873, 0.0)
(27.256014, 23.633251, 0.0)
(27.229162, 23.641687, 0.0)
(27.355785, 23.542822, 0.0)
(27.451843, 23.367487, 0.0)
(27.050013, 23.343752, 0.0)
(26.951660, 23.350084, 0.0)
(26.942278, 23.355135, 0.0)
(26.929943, 23.357046, 0.0)
(26.930832, 23.350714, 0.0)
(26.914751, 23.760145, 0.0)
(26.841156, 23.847385, 0.0)
(26.829895, 23.852743, 0.0)
(26.830545, 23.820303, 0.0)
(26.818323, 23.794241, 0.0)
(26.826799, 23.795341, 0.0)
(26.810320, 23.828995, 0.0)
(26.832197, 23.807117, 0.0)
(26.859388, 23.774702, 0.0)
(26.871471, 23.747059, 0.0)
(26.863363, 23.769602, 0.0)
(26.865271, 23.806465, 0.0)
(26.862925, 23.833879, 0.0)
(26.858599, 23.850454, 0.0)
(26.873423, 23.836411, 0.0)
(26.859837, 23.836771, 0.0)
(26.870775, 23.837732, 0.0)
(26.875845, 23.839653, 0.0)
(26.883013, 23.833792, 0.0)
(26.874979, 23.809669, 0.0)
(26.880478, 23.793989, 0.0)
(26.972868, 22.949686, 0.0)
(27.639967, 18.673477, 0.0)
(27.746668, 17.224537, 0.0)
(27.783363, 17.297817, 0.0)
(27.779690, 17.409002, 0.0)
(27.762051, 17.420715, 0.0)
(28.040262, 17.132008, 0.0)
(28.070999, 17.157589, 0.0)
(28.034410, 17.186493, 0.0)
(28.032110, 17.199402, 0.0)
(28.009968, 17.205992, 0.0)
(28.017288, 17.183090, 0.0)
(27.988010, 17.158405, 0.0)
(27.978199, 17.147545, 0.0)
(27.987030, 17.151520, 0.0)
(27.970667, 17.179335, 0.0)
(27.966616, 17.175522, 0.0)
(27.972464, 17.159645, 0.0)
(27.960770, 17.165375, 0.0)
(27.939978, 17.150583, 0.0)
(27.932508, 17.140409, 0.0)
(27.922634, 17.147465, 0.0)
(27.911263, 17.115366, 0.0)
(27.911263, 17.115366, 0.0)
(27.904932, 17.107998, 0.0)
(27.916512, 17.083441, 0.0)
(27.911688, 17.107092, 0.0)
(27.917297, 17.123669, 0.0)
(27.919104, 17.165836, 0.0)
(27.923132, 17.153221, 0.0)
(27.921827, 17.146959, 0.0)
(27.920555, 17.160189, 0.0)
(27.914137, 17.180498, 0.0)
(27.910181, 17.176905, 0.0)
(27.904945, 17.184046, 0.0)
(27.914938, 17.143826, 0.0)
(27.896696, 17.136486, 0.0)
(27.888922, 17.153952, 0.0)
(29.626072, 16.013794, 0.0)
(33.178131, 14.415243, 0.0)
(36.443275, 13.987214, 0.0)
(37.808716, 13.890110, 0.0)
(37.908104, 13.850674, 0.0)
(37.907913, 13.844739, 0.0)
(37.956177, 13.824552, 0.0)
(37.959805, 13.845590, 0.0)
(37.958172, 13.852948, 0.0)
(37.779907, 13.708816, 0.0)
(37.749569, 13.726045, 0.0)
(37.758728, 13.746254, 0.0)
(37.766460, 13.745621, 0.0)
(37.736023, 13.650040, 0.0)
(37.746391, 13.625390, 0.0)
(37.727062, 13.571679, 0.0)
(37.723110, 13.562560, 0.0)
(37.703060, 13.600430, 0.0)
(37.719070, 13.621963, 0.0)
(37.708233, 13.615923, 0.0)
(37.711220, 13.586678, 0.0)
(37.713764, 13.580756, 0.0)
(37.712009, 13.590549, 0.0)
(37.688171, 13.613629, 0.0)
(37.682140, 13.614202, 0.0)
(37.675758, 13.611978, 0.0)
(37.675468, 13.584313, 0.0)
(37.669212, 13.581236, 0.0)
(37.670238, 13.587372, 0.0)
(37.657730, 13.590869, 0.0)
(37.669716, 13.638948, 0.0)
(37.635231, 13.691476, 0.0)
(37.623123, 13.684684, 0.0)
(37.632614, 13.680055, 0.0)
(37.617138, 13.670226, 0.0)
(37.600178, 13.682356, 0.0)
(37.595650, 13.685572, 0.0)
(37.279984, 13.596684, 0.0)
(34.036327, 12.657567, 0.0)
(30.996223, 12.983138, 0.0)
(28.711174, 13.583770, 0.0)
(28.259962, 13.841921, 0.0)
(28.202623, 13.821671, 0.0)
(28.196875, 13.824425, 0.0)
(28.142530, 13.782625, 0.0)
(28.165234, 13.751261, 0.0)
(28.167662, 13.765784, 0.0)
(28.144976, 13.797643, 0.0)
(28.148861, 13.804667, 0.0)
(28.148861, 13.804667, 0.0)
(28.136971, 13.780455, 0.0)
(28.134470, 13.728132, 0.0)
(28.116652, 13.724815, 0.0)
(28.099165, 13.713504, 0.0)
(28.115606, 13.670794, 0.0)
(28.125341, 13.637332, 0.0)
(28.123446, 13.568361, 0.0)
(28.107836, 13.561215, 0.0)
(28.082523, 13.627184, 0.0)
(28.070601, 13.633237, 0.0)
(28.060068, 13.686282, 0.0)
(28.060356, 13.698941, 0.0)
(28.042854, 13.713743, 0.0)
(28.063026, 13.719641, 0.0)
(28.074757, 13.750410, 0.0)
(28.074757, 13.750410, 0.0)
(28.074757, 13.750410, 0.0)
(28.085463, 13.743894, 0.0)
(28.094650, 13.673058, 0.0)
(28.064350, 13.657090, 0.0)
(28.061731, 13.728454, 0.0)
(28.072136, 13.771039, 0.0)
(28.058292, 13.772481, 0.0)
(28.075602, 13.753703, 0.0)
(28.084497, 13.777902, 0.0)
(28.079617, 13.787400, 0.0)
(28.439003, 13.904191, 0.0)
(31.847364, 15.184268, 0.0)
(34.807171, 16.537909, 0.0)
(37.636345, 18.400234, 0.0)
(39.904739, 20.198885, 0.0)
(41.382191, 21.580240, 0.0)
(41.726147, 22.129402, 0.0)
(41.813515, 22.213409, 0.0)
(41.835968, 22.202187, 0.0)
(41.857643, 22.154495, 0.0)
(41.855743, 22.161873, 0.0)
(41.565151, 22.086834, 0.0)
(41.509014, 21.978212, 0.0)
(41.516129, 21.947481, 0.0)
(41.524220, 21.902237, 0.0)
(41.542175, 21.883711, 0.0)
(41.531857, 21.884350, 0.0)
(41.515022, 21.835630, 0.0)
(41.540615, 21.819883, 0.0)
(41.546143, 21.807783, 0.0)
(41.559967, 21.784983, 0.0)
(41.566124, 21.765339, 0.0)
(41.566124, 21.765339, 0.0)
(41.539223, 21.749451, 0.0)
(41.548927, 21.738691, 0.0)
(41.561497, 21.761934, 0.0)
(41.554966, 21.747580, 0.0)
(41.529049, 21.753387, 0.0)
(41.518982, 21.718399, 0.0)
(41.525742, 21.723974, 0.0)
(41.535503, 21.753214, 0.0)
(41.531483, 21.735094, 0.0)
(41.548931, 21.739761, 0.0)
(41.507832, 21.720448, 0.0)
(41.491364, 21.732958, 0.0)
(41.501591, 21.716854, 0.0)
(41.519669, 21.687561, 0.0)
(41.512127, 21.657354, 0.0)
(41.848194, 21.508703, 0.0)
(41.812771, 21.269732, 0.0)
(41.809578, 21.314114, 0.0)
(40.155499, 19.393225, 0.0)
(40.160866, 19.250410, 0.0)
(40.174736, 19.239384, 0.0)
(40.149925, 19.227854, 0.0)
(40.142128, 19.243933, 0.0)
(40.149925, 19.227854, 0.0)
(40.140690, 19.213058, 0.0)
(40.093929, 19.169872, 0.0)
(39.873837, 19.028093, 0.0)
(40.000690, 19.883352, 0.0)
(40.013409, 19.154638, 0.0)
(40.037926, 19.036549, 0.0)
(40.040539, 19.093092, 0.0)
(40.036133, 19.085129, 0.0)
(40.041679, 19.085554, 0.0)
(40.051819, 19.071976, 0.0)
(40.045788, 19.067270, 0.0)
(40.043316, 19.033503, 0.0)
(40.039864, 19.076317, 0.0)
(40.048592, 19.130651, 0.0)
(40.092850, 19.182465, 0.0)
(40.110043, 19.074291, 0.0)
(40.122688, 19.091265, 0.0)
(40.112953, 19.106516, 0.0)
(40.101124, 19.125612, 0.0)
(40.113895, 19.157513, 0.0)
(40.113319, 19.164835, 0.0)
(40.113319, 19.149958, 0.0)
(40.071373, 19.101400, 0.0)
(40.094810, 19.114740, 0.0)
(40.091209, 19.119762, 0.0)
(40.078098, 19.092649, 0.0)
(40.069878, 19.081709, 0.0)
(40.053631, 19.023014, 0.0)
(38.875805, 18.216028, 0.0)
(35.110138, 15.630468, 0.0)
(32.916737, 15.251332, 0.0)
(32.729584, 15.277118, 0.0)
(32.632450, 15.255322, 0.0)
(32.408733, 15.316309, 0.0)
(32.063541, 15.407477, 0.0)
(31.953053, 15.447091, 0.0)
(31.892296, 15.447867, 0.0)
(31.906567, 15.410493, 0.0)
(31.919765, 15.345934, 0.0)
(31.904816, 15.336625, 0.0)
(31.902752, 15.338253, 0.0)
(31.898367, 15.343365, 0.0)
(31.916016, 15.347932, 0.0)
(31.893406, 15.334550, 0.0)
(31.893549, 15.314837, 0.0)
(31.881660, 15.302682, 0.0)
(31.836662, 15.252182, 0.0)
(31.823071, 15.240134, 0.0)
(31.806095, 15.255944, 0.0)
(31.803534, 15.269882, 0.0)
(31.815029, 15.262945, 0.0)
(31.809361, 15.297194, 0.0)
(31.772305, 15.299665, 0.0)
(31.792730, 15.318862, 0.0)
(31.788750, 15.313997, 0.0)
(31.796785, 15.312793, 0.0)
(31.827291, 15.295538, 0.0)
(31.851822, 15.287697, 0.0)
(31.865021, 15.275509, 0.0)
(31.856796, 15.284698, 0.0)
(31.842073, 15.291102, 0.0)
(31.852411, 15.295135, 0.0)
(31.387758, 16.243771, 0.0)
(28.768133, 18.244312, 0.0)
(28.521378, 18.900070, 0.0)
(28.396006, 19.041119, 0.0)
(28.310652, 19.058958, 0.0)
(28.270216, 19.030403, 0.0)
(28.234968, 18.992243, 0.0)
(28.213579, 18.982008, 0.0)
(28.205572, 18.975519, 0.0)
(28.190908, 18.986221, 0.0)
(28.165846, 18.972586, 0.0)
(28.153521, 18.947731, 0.0)
(28.129011, 18.958433, 0.0)
(28.130512, 18.950794, 0.0)
(28.107464, 19.018867, 0.0)
(28.077986, 19.048761, 0.0)
(28.086851, 19.024176, 0.0)
(28.106142, 18.991634, 0.0)
(28.094309, 18.963293, 0.0)
(28.091600, 18.969034, 0.0)
(28.052898, 19.007906, 0.0)
(28.052898, 19.007906, 0.0)
(28.056152, 18.967291, 0.0)
(28.057682, 18.947166, 0.0)
(28.053179, 18.949230, 0.0)
(28.051891, 19.020653, 0.0)
(28.050209, 19.031607, 0.0)
(28.045908, 19.048128, 0.0)
(28.053308, 19.053638, 0.0)
(28.045763, 19.041685, 0.0)
(28.060801, 18.986261, 0.0)
(28.059624, 18.991096, 0.0)
(28.054335, 19.038975, 0.0)
(28.059109, 19.030062, 0.0)
(28.066462, 19.036757, 0.0)
(28.065264, 18.987343, 0.0)
(28.059278, 19.013613, 0.0)
(28.054590, 19.045259, 0.0)
(29.606619, 18.176291, 0.0)
(34.818798, 16.379398, 0.0)
(35.788193, 16.284065, 0.0)
(35.856262, 16.271677, 0.0)
(35.830704, 16.313692, 0.0)
(36.207985, 16.425436, 0.0)
(36.237129, 16.418461, 0.0)
(36.226917, 16.423964, 0.0)
(36.218781, 16.380909, 0.0)
(36.240959, 16.362171, 0.0)
(36.277576, 16.354713, 0.0)
(36.272251, 16.368586, 0.0)
(36.267513, 16.375401, 0.0)
(36.255817, 16.355410, 0.0)
(36.265453, 16.296595, 0.0)
(36.256889, 16.288992, 0.0)
(36.249226, 16.283552, 0.0)
(36.238922, 16.280342, 0.0)
(36.239090, 16.301605, 0.0)
(36.241455, 16.256439, 0.0)
(36.236092, 16.281897, 0.0)
(36.236599, 16.294710, 0.0)
(36.234230, 16.315050, 0.0)
(36.208580, 16.323887, 0.0)
(36.172127, 16.312304, 0.0)
(36.173264, 16.246155, 0.0)
(36.174545, 16.232277, 0.0)
(36.167896, 16.260458, 0.0)
(36.165871, 16.266369, 0.0)
(36.172276, 16.284523, 0.0)
(36.180702, 16.293968, 0.0)
(36.207981, 16.260389, 0.0)
(36.204742, 16.192047, 0.0)
(36.190723, 16.210131, 0.0)
(36.191162, 16.248573, 0.0)
(36.178543, 16.255159, 0.0)
(36.191162, 16.248573, 0.0)
(35.201664, 15.164515, 0.0)
(32.348961, 12.833800, 0.0)
(31.900442, 12.692851, 0.0)
(31.883291, 12.686447, 0.0)
(31.874523, 12.666846, 0.0)
(31.850183, 12.647413, 0.0)
(31.848759, 12.635656, 0.0)
(31.845306, 12.654212, 0.0)
(31.857500, 12.699605, 0.0)
(31.834471, 12.688380, 0.0)
(31.828079, 12.665597, 0.0)
(31.835581, 12.663248, 0.0)
(31.857491, 12.589454, 0.0)
(31.749132, 12.650000, 0.0)
(31.439251, 12.829508, 0.0)
(31.618666, 12.353891, 0.0)
(31.634939, 12.404422, 0.0)
(31.645611, 12.499146, 0.0)
(31.656010, 12.511963, 0.0)
(31.641035, 12.523899, 0.0)
(31.646631, 12.541040, 0.0)
(31.645340, 12.555249, 0.0)
(31.662182, 12.561431, 0.0)
(31.696768, 12.575368, 0.0)
(31.696768, 12.575368, 0.0)
(31.679050, 12.591767, 0.0)
(31.679050, 12.591767, 0.0)
(31.681524, 12.582327, 0.0)
(31.675787, 12.579145, 0.0)
(31.655661, 12.578878, 0.0)
(31.658115, 12.566292, 0.0)
(31.660450, 12.549663, 0.0)
(31.685078, 12.525953, 0.0)
(31.687212, 12.533794, 0.0)
(31.664021, 12.555237, 0.0)
(31.646164, 12.568366, 0.0)
(31.332516, 13.512354, 0.0)
(29.252338, 15.456223, 0.0)
(27.369980, 17.022821, 0.0)
(26.164328, 18.359341, 0.0)
(25.620857, 18.783651, 0.0)
(25.646645, 18.785988, 0.0)
(25.683111, 18.776257, 0.0)
(25.651163, 18.790684, 0.0)
(25.364979, 19.047674, 0.0)
(25.237661, 19.269712, 0.0)
(25.244761, 19.256174, 0.0)
(25.187452, 19.258848, 0.0)
(25.164366, 19.285082, 0.0)
(25.123341, 19.285131, 0.0)
(25.100727, 19.276964, 0.0)
(25.078533, 19.254625, 0.0)
(25.097168, 19.293510, 0.0)
(25.082184, 19.310701, 0.0)
(25.075985, 19.304512, 0.0)
(25.086123, 19.313768, 0.0)
(25.081039, 19.312330, 0.0)
(25.079905, 19.308252, 0.0)
(25.080635, 19.315514, 0.0)
(25.076279, 19.321354, 0.0)
(25.066933, 19.319305, 0.0)
(25.061529, 19.319658, 0.0)
(25.090485, 19.329556, 0.0)
(25.069445, 19.308498, 0.0)
(25.051651, 19.260216, 0.0)
(25.064817, 19.234133, 0.0)
(25.091429, 19.246319, 0.0)
(25.087267, 19.252415, 0.0)
(25.065552, 19.241243, 0.0)
(25.069717, 19.235258, 0.0)
(25.086521, 19.248575, 0.0)
(25.097528, 19.300163, 0.0)
(27.552652, 20.068495, 0.0)
(31.721230, 21.762396, 0.0)
(32.443344, 22.224665, 0.0)
(32.453217, 22.176401, 0.0)
(32.371403, 22.155788, 0.0)
(32.956200, 22.655781, 0.0)
(32.915379, 22.854006, 0.0)
(32.850449, 22.834007, 0.0)
(32.811954, 22.823801, 0.0)
(33.319221, 22.649977, 0.0)
(33.370552, 22.594280, 0.0)
(33.288994, 22.576168, 0.0)
(33.213367, 22.583879, 0.0)
(32.739166, 22.472511, 0.0)
(32.593971, 22.435305, 0.0)
(32.597710, 22.411100, 0.0)
(32.586891, 22.418377, 0.0)
(32.598953, 22.389685, 0.0)
(32.581539, 22.388660, 0.0)
(32.595940, 22.378349, 0.0)
(32.594021, 22.366241, 0.0)
(32.581387, 22.338346, 0.0)
(32.589310, 22.356094, 0.0)
(32.600376, 22.359360, 0.0)
(32.579205, 22.357973, 0.0)
(32.579205, 22.357973, 0.0)
(32.599598, 22.351599, 0.0)
(32.591492, 22.329277, 0.0)
(32.579205, 22.335344, 0.0)
(32.544113, 22.346689, 0.0)
(32.538254, 22.347813, 0.0)
(32.544617, 22.326931, 0.0)
(32.548714, 22.327576, 0.0)
(32.551468, 22.323908, 0.0)
(32.540527, 22.329800, 0.0)
(32.519569, 22.323076, 0.0)
(32.537476, 22.334480, 0.0)
(32.554913, 22.332096, 0.0)
(32.539391, 22.282637, 0.0)
(32.543896, 22.294252, 0.0)
(32.832043, 21.695896, 0.0)
(34.525707, 18.864376, 0.0)
(34.676720, 18.689409, 0.0)
(34.657650, 18.862816, 0.0)
(34.671150, 18.840698, 0.0)
(34.666580, 18.765175, 0.0)
(34.641075, 18.728952, 0.0)
(34.632950, 18.766827, 0.0)
(34.601109, 18.813917, 0.0)
(34.562832, 18.782063, 0.0)
(34.590790, 18.706100, 0.0)
(34.630199, 18.662392, 0.0)
(34.391380, 18.624693, 0.0)
(34.375599, 18.589516, 0.0)
(34.379341, 18.571924, 0.0)
(34.381615, 18.541039, 0.0)
(34.378586, 18.501568, 0.0)
(34.393261, 18.476053, 0.0)
(34.389057, 18.506018, 0.0)
(34.386036, 18.543591, 0.0)
(34.392052, 18.564899, 0.0)
(34.382969, 18.585815, 0.0)
(34.378773, 18.559406, 0.0)
(34.373943, 18.556805, 0.0)
(34.372242, 18.563070, 0.0)
(34.367893, 18.593636, 0.0)
(34.394638, 18.595016, 0.0)
(34.380104, 18.598354, 0.0)
(34.366791, 18.636084, 0.0)
(34.303070, 18.631004, 0.0)
(34.303875, 18.616564, 0.0)
(34.296566, 18.605341, 0.0)
(34.315884, 18.595079, 0.0)
(34.314510, 18.564466, 0.0)
(34.305878, 18.568665, 0.0)
(34.302338, 18.609041, 0.0)
(31.970863, 17.560572, 0.0)
(28.559685, 17.547253, 0.0)
(26.814592, 17.919069, 0.0)
(26.666473, 17.926399, 0.0)
(26.589399, 17.920525, 0.0)
(26.516790, 17.968199, 0.0)
(26.488949, 17.979574, 0.0)
(26.459221, 17.969761, 0.0)
(26.433901, 17.918018, 0.0)
(26.414722, 17.897930, 0.0)
(26.418680, 17.922400, 0.0)
(26.394054, 17.903004, 0.0)
(26.375051, 17.916353, 0.0)
(26.347746, 17.925539, 0.0)
(26.347282, 17.869539, 0.0)
(26.320469, 17.888893, 0.0)
(26.343403, 17.861656, 0.0)
(26.356758, 17.885946, 0.0)
(26.318611, 17.894070, 0.0)
(26.345036, 17.822161, 0.0)
(26.328976, 17.811440, 0.0)
(26.334560, 17.777157, 0.0)
(26.319538, 17.795076, 0.0)
(26.301502, 17.828922, 0.0)
(26.302797, 17.844006, 0.0)
(26.303265, 17.808237, 0.0)
(26.289429, 17.781326, 0.0)
(26.292320, 17.774569, 0.0)
(26.293524, 17.793495, 0.0)
(26.292320, 17.786499, 0.0)
(26.281113, 17.830017, 0.0)
(26.307829, 17.810501, 0.0)
(26.303265, 17.808237, 0.0)
(26.303827, 17.824654, 0.0)
(26.304935, 17.805334, 0.0)
(26.291079, 17.843107, 0.0)
(26.291079, 17.843107, 0.0)
(27.159924, 17.088888, 0.0)
(31.033840, 14.440030, 0.0)
(34.748768, 12.919790, 0.0)
(37.936939, 13.367457, 0.0)
(38.290207, 13.486223, 0.0)
(38.321030, 13.497436, 0.0)
(38.335575, 13.377708, 0.0)
(38.321129, 13.338462, 0.0)
(38.287724, 13.329317, 0.0)
(38.241638, 13.338083, 0.0)
(37.827530, 13.264771, 0.0)
(37.506100, 13.141026, 0.0)
(37.499157, 13.110931, 0.0)
(37.523689, 13.035173, 0.0)
(37.525219, 13.003100, 0.0)
(37.539814, 13.027072, 0.0)
(37.538296, 13.030769, 0.0)
(37.538296, 13.030769, 0.0)
(37.568951, 13.040293, 0.0)
(37.553501, 13.036463, 0.0)
(37.538296, 13.030769, 0.0)
(37.532513, 13.059615, 0.0)
(37.502712, 13.049955, 0.0)
(37.515114, 13.048040, 0.0)
(37.539360, 13.040581, 0.0)
(37.514282, 13.073802, 0.0)
(37.499157, 13.088475, 0.0)
(37.504173, 13.133333, 0.0)
(37.470852, 13.132686, 0.0)
(37.460026, 13.145924, 0.0)
(37.460026, 13.145924, 0.0)
(37.452679, 13.155014, 0.0)
(37.440575, 13.157528, 0.0)
(37.464405, 13.168437, 0.0)
(37.453136, 13.185589, 0.0)
(37.437790, 13.169629, 0.0)
(37.441483, 13.149839, 0.0)
(37.420357, 13.124051, 0.0)
(36.158314, 13.801429, 0.0)
(33.066181, 16.061399, 0.0)
(31.056572, 17.850693, 0.0)
(30.751724, 18.353567, 0.0)
(30.613831, 18.395304, 0.0)
(30.513216, 18.351973, 0.0)
(30.360117, 18.302464, 0.0)
(30.045588, 18.129721, 0.0)
(29.983414, 18.122274, 0.0)
(29.964499, 18.109190, 0.0)
(29.918320, 18.098906, 0.0)
(29.884144, 18.084339, 0.0)
(29.880671, 18.097374, 0.0)
(29.877129, 18.089600, 0.0)
(29.868036, 18.091396, 0.0)
(29.866880, 18.098400, 0.0)
(29.864298, 18.085863, 0.0)
(29.832445, 18.072908, 0.0)
(29.832445, 18.072908, 0.0)
(29.817724, 18.078278, 0.0)
(29.804661, 18.098652, 0.0)
(29.809353, 18.095156, 0.0)
(29.809353, 18.095156, 0.0)
(29.834723, 18.059528, 0.0)
(29.814739, 18.068188, 0.0)
(29.818001, 18.097631, 0.0)
(29.815001, 18.100721, 0.0)
(29.793327, 18.103104, 0.0)
(29.796452, 18.093533, 0.0)
(29.791307, 18.064653, 0.0)
(29.824133, 18.075066, 0.0)
(29.856512, 18.092308, 0.0)
(29.830267, 18.086674, 0.0)
(29.831480, 18.070414, 0.0)
(29.813015, 18.100826, 0.0)
(29.796885, 18.048000, 0.0)
(29.800611, 18.035215, 0.0)
(29.800611, 18.035215, 0.0)
(29.770590, 18.053917, 0.0)
(29.785025, 18.057507, 0.0)
(29.775711, 18.051096, 0.0)
(32.947609, 16.403715, 0.0)
(36.658272, 15.074594, 0.0)
(37.671741, 14.769231, 0.0)
(37.758141, 14.790092, 0.0)
(37.772282, 14.800000, 0.0)
(37.765114, 14.825702, 0.0)
(38.174248, 14.815941, 0.0)
(38.174248, 14.824838, 0.0)
(38.160168, 14.818767, 0.0)
(38.212540, 14.836292, 0.0)
(38.209576, 14.776331, 0.0)
(38.207146, 14.749054, 0.0)
(38.192951, 14.694591, 0.0)
(38.203552, 14.670932, 0.0)
(38.232395, 14.715646, 0.0)
(38.232887, 14.743767, 0.0)
(38.222328, 14.720670, 0.0)
(38.197460, 14.688552, 0.0)
(38.199615, 14.668307, 0.0)
(38.183319, 14.668643, 0.0)
(38.170368, 14.667207, 0.0)
(38.157066, 14.647357, 0.0)
(38.143894, 14.659213, 0.0)
(38.134777, 14.685893, 0.0)
(38.120705, 14.648447, 0.0)
(38.092800, 14.665981, 0.0)
(38.092800, 14.665981, 0.0)
(38.082253, 14.668092, 0.0)
(38.076412, 14.686679, 0.0)
(38.067165, 14.706762, 0.0)
(38.067165, 14.706762, 0.0)
(38.071732, 14.703985, 0.0)
(38.043301, 14.722622, 0.0)
(38.133167, 15.001032, 0.0)
(40.065533, 19.071657, 0.0)
(40.430943, 20.672995, 0.0)
(40.262970, 21.137150, 0.0)
(40.306019, 21.695324, 0.0)
(40.270527, 21.727461, 0.0)
(40.190956, 21.642426, 0.0)
(40.200012, 22.146431, 0.0)
(40.219090, 21.676725, 0.0)
(40.238941, 21.707653, 0.0)
(40.230751, 21.637539, 0.0)
(40.237904, 21.724152, 0.0)
(40.228752, 21.687763, 0.0)
(40.211491, 21.636456, 0.0)
(40.200386, 21.691168, 0.0)
(40.202232, 21.680822, 0.0)
(40.218124, 21.676958, 0.0)
(40.222488, 21.625544, 0.0)
(40.230770, 21.656214, 0.0)
(40.237740, 21.630993, 0.0)
(40.202385, 21.608747, 0.0)
(40.219479, 21.643421, 0.0)
(40.227894, 21.636923, 0.0)
(40.215801, 21.644873, 0.0)
(40.229042, 21.644829, 0.0)
(40.232182, 21.662184, 0.0)
(40.264351, 21.689840, 0.0)
(40.284313, 21.676136, 0.0)
(40.309082, 21.619284, 0.0)
(40.321194, 21.617512, 0.0)
(40.311100, 21.616600, 0.0)
(40.301277, 21.637127, 0.0)
(40.307816, 21.650629, 0.0)
(40.298798, 21.629755, 0.0)
(40.301079, 21.598661, 0.0)
(40.279186, 21.558865, 0.0)
(40.100376, 20.147789, 0.0)
(39.849743, 15.893690, 0.0)
(39.575409, 14.273939, 0.0)
(39.564224, 14.299928, 0.0)
(39.591450, 14.311306, 0.0)
(39.602432, 14.310490, 0.0)
(39.624027, 14.346900, 0.0)
(39.639244, 14.361461, 0.0)
(39.625340, 14.379906, 0.0)
(39.627300, 14.309744, 0.0)
(39.649830, 14.309976, 0.0)
(39.639111, 14.313715, 0.0)
(39.627220, 14.346237, 0.0)
(39.600136, 14.323982, 0.0)
(39.600136, 14.323982, 0.0)
(39.602383, 14.308950, 0.0)
(39.594818, 14.327252, 0.0)
(39.585861, 14.350496, 0.0)
(39.589317, 14.334573, 0.0)
(39.575008, 14.403156, 0.0)
(39.576443, 14.419621, 0.0)
(39.567848, 14.405313, 0.0)
(39.559372, 14.413187, 0.0)
(39.558800, 14.389926, 0.0)
(39.576027, 14.437571, 0.0)
(39.576027, 14.437571, 0.0)
(39.576027, 14.437571, 0.0)
(39.574791, 14.406432, 0.0)
(39.577522, 14.446049, 0.0)
(39.554066, 14.390532, 0.0)
(39.561436, 14.421462, 0.0)
(39.559372, 14.413187, 0.0)
(39.559803, 14.390067, 0.0)
(39.571144, 14.415174, 0.0)
(39.572529, 14.438801, 0.0)
(38.000908, 15.872413, 0.0)
(35.793934, 18.634277, 0.0)
(34.757473, 20.307440, 0.0)
(34.569752, 20.555342, 0.0)
(34.449841, 20.463093, 0.0)
(34.384983, 20.436947, 0.0)
(34.593983, 20.244452, 0.0)
(34.574608, 20.115049, 0.0)
(34.531719, 20.091993, 0.0)
(34.520088, 20.128088, 0.0)
(34.503647, 20.105551, 0.0)
(34.491180, 20.096252, 0.0)
(34.473988, 20.146950, 0.0)
(34.467609, 20.166048, 0.0)
(34.466545, 20.139189, 0.0)
(34.456623, 20.104324, 0.0)
(34.444233, 20.094482, 0.0)
(34.449814, 20.070967, 0.0)
(34.443146, 20.129293, 0.0)
(34.389725, 20.098534, 0.0)
(34.373611, 20.128782, 0.0)
(34.374733, 20.124247, 0.0)
(34.369026, 20.131205, 0.0)
(34.353584, 20.115328, 0.0)
(34.343422, 20.128054, 0.0)
(34.333763, 20.165579, 0.0)
(34.319202, 20.168001, 0.0)
(34.312946, 20.136930, 0.0)
(34.303036, 20.105114, 0.0)
(34.299648, 20.094149, 0.0)
(34.277615, 20.107481, 0.0)
(34.277435, 20.113569, 0.0)
(34.292942, 20.123394, 0.0)
(34.277435, 20.098524, 0.0)
(34.296516, 20.086071, 0.0)
(34.276810, 20.157032, 0.0)
(34.267147, 20.166321, 0.0)
(34.795715, 21.615955, 0.0)
(34.751289, 22.444794, 0.0)
(34.706371, 22.496969, 0.0)
(34.691582, 22.473763, 0.0)
(34.625179, 22.476336, 0.0)
(34.610115, 22.511286, 0.0)
(34.595997, 22.522224, 0.0)
(34.602207, 22.517912, 0.0)
(34.491669, 22.472851, 0.0)
(34.408749, 23.477037, 0.0)
(31.844332, 28.322315, 0.0)
(34.403362, 23.754267, 0.0)
(34.381653, 22.685160, 0.0)
(34.467346, 22.294842, 0.0)
(34.437523, 22.222197, 0.0)
(34.493004, 22.267086, 0.0)
(34.486725, 22.303267, 0.0)
(34.502514, 22.348400, 0.0)
(34.513485, 22.391699, 0.0)
(34.512474, 22.370968, 0.0)
(34.512371, 22.378471, 0.0)
(34.518780, 22.408936, 0.0)
(34.526810, 22.422117, 0.0)
(34.533340, 22.406918, 0.0)
(34.535530, 22.384640, 0.0)
(34.558037, 22.425364, 0.0)
(34.553162, 22.427765, 0.0)
(34.549892, 22.415154, 0.0)
(34.568695, 22.400000, 0.0)
(34.541790, 22.408731, 0.0)
(34.526672, 22.444603, 0.0)
(34.543198, 22.454237, 0.0)
(34.559410, 22.389317, 0.0)
(34.570904, 22.372555, 0.0)
(34.578434, 22.367744, 0.0)
(34.564934, 22.368044, 0.0)
(34.559898, 22.396133, 0.0)
(33.381016, 22.263292, 0.0)
(29.984560, 21.965101, 0.0)
(27.649374, 22.195679, 0.0)
(27.315741, 22.109253, 0.0)
(27.264673, 22.099194, 0.0)
(27.201784, 22.089069, 0.0)
(27.159439, 22.094563, 0.0)
(26.889559, 22.208740, 0.0)
(26.781775, 22.301258, 0.0)
(26.755760, 22.293608, 0.0)
(26.741220, 22.268097, 0.0)
(26.704247, 22.291672, 0.0)
(26.690355, 22.329004, 0.0)
(26.655457, 22.301964, 0.0)
(26.678713, 22.268501, 0.0)
(26.667702, 22.232042, 0.0)
(26.664804, 22.224333, 0.0)
(26.663813, 22.229414, 0.0)
(26.657454, 22.221884, 0.0)
(26.641764, 22.241156, 0.0)
(26.649616, 22.227192, 0.0)
(26.630747, 22.244179, 0.0)
(26.624121, 22.230143, 0.0)
(26.621159, 22.235897, 0.0)
(26.621159, 22.235897, 0.0)
(26.624666, 22.201756, 0.0)
(26.624666, 22.201756, 0.0)
(26.628819, 22.185715, 0.0)
(26.634212, 22.150600, 0.0)
(26.642429, 22.179613, 0.0)
(26.639545, 22.157684, 0.0)
(26.630005, 22.186001, 0.0)
(26.624226, 22.195240, 0.0)
(26.624226, 22.195240, 0.0)
(26.631224, 22.166126, 0.0)
(26.641592, 22.111727, 0.0)
(27.292227, 21.058117, 0.0)
(29.912643, 17.167736, 0.0)
(30.164131, 16.659201, 0.0)
(30.194187, 16.766821, 0.0)
(30.161552, 16.815708, 0.0)
(30.118383, 16.855515, 0.0)
(30.074818, 16.899275, 0.0)
(30.097569, 16.929319, 0.0)
(30.097569, 16.929319, 0.0)
(30.109234, 16.922176, 0.0)
(30.096514, 16.924156, 0.0)
(30.110441, 16.911293, 0.0)
(31.535505, 16.461367, 0.0)
(35.690113, 15.290449, 0.0)
(36.211071, 15.020391, 0.0)
(36.247635, 14.963656, 0.0)
(36.163860, 15.004683, 0.0)
(36.437931, 14.906491, 0.0)
(36.454266, 14.876019, 0.0)
(36.444786, 14.864957, 0.0)
(36.435856, 14.874857, 0.0)
(36.423252, 14.888127, 0.0)
(36.403843, 14.887681, 0.0)
(36.384224, 14.934841, 0.0)
(36.367855, 14.936296, 0.0)
(36.374996, 14.931569, 0.0)
(36.376770, 14.924281, 0.0)
(36.375156, 14.981403, 0.0)
(36.368870, 14.984411, 0.0)
(36.368870, 14.984411, 0.0)
(36.365078, 14.966791, 0.0)
(36.355713, 14.970414, 0.0)
(36.336227, 15.001667, 0.0)
(36.308971, 14.979787, 0.0)
(36.307583, 14.964662, 0.0)
(36.293850, 15.010050, 0.0)
(36.305809, 15.036462, 0.0)
(37.487301, 16.398170, 0.0)
(38.201344, 17.484749, 0.0)
(38.225960, 17.505594, 0.0)
(38.189777, 17.483147, 0.0)
(38.171642, 17.502028, 0.0)
(38.183933, 17.507603, 0.0)
(38.183933, 17.509029, 0.0)
(38.162628, 17.495691, 0.0)
(38.162628, 17.495691, 0.0)
(38.156975, 17.507420, 0.0)
(38.170345, 17.521408, 0.0)
(38.174095, 17.485662, 0.0)
(38.176041, 17.462183, 0.0)
(38.169170, 17.418661, 0.0)
(38.176929, 17.401976, 0.0)
(38.131264, 17.052622, 0.0)
(38.270916, 16.830299, 0.0)
(38.241211, 16.792236, 0.0)
(38.230396, 16.839195, 0.0)
(38.207466, 16.803736, 0.0)
(38.236336, 16.777411, 0.0)
(38.303150, 16.786711, 0.0)
(38.357456, 17.341539, 0.0)
(38.359833, 17.381874, 0.0)
(38.346672, 17.394606, 0.0)
(38.341866, 17.407393, 0.0)
(38.328114, 17.416355, 0.0)
(38.334690, 17.454130, 0.0)
(38.292332, 17.462227, 0.0)
(38.262054, 17.481947, 0.0)
(38.259251, 17.485411, 0.0)
(38.240833, 17.461754, 0.0)
(38.221664, 17.418060, 0.0)
(38.222885, 17.418032, 0.0)
(38.223270, 17.439053, 0.0)
(38.218250, 17.478872, 0.0)
(38.221355, 17.458786, 0.0)
(36.848526, 17.100702, 0.0)
(36.552139, 17.067692, 0.0)
(36.499550, 17.034096, 0.0)
(36.192074, 16.797731, 0.0)
(36.412884, 17.180166, 0.0)
(36.423851, 16.799519, 0.0)
(36.447956, 16.856743, 0.0)
(36.419628, 16.907366, 0.0)
(36.435852, 16.938011, 0.0)
(36.429520, 16.941637, 0.0)
(36.428627, 16.966526, 0.0)
(36.392239, 16.976473, 0.0)
(36.406021, 16.973225, 0.0)
(36.450100, 17.031626, 0.0)
(36.457352, 16.989285, 0.0)
(36.432999, 16.975525, 0.0)
(36.395443, 17.021891, 0.0)
(33.120792, 17.086756, 0.0)
(32.427265, 17.196154, 0.0)
(32.325813, 17.177666, 0.0)
(32.322647, 17.236378, 0.0)
(31.589466, 17.353539, 0.0)
(31.454702, 17.356894, 0.0)
(31.496128, 17.281858, 0.0)
(31.490021, 17.276632, 0.0)
(31.474178, 17.266016, 0.0)
(31.456375, 17.257927, 0.0)
(31.439035, 17.260101, 0.0)
(31.420656, 17.270826, 0.0)
(31.416664, 17.274996, 0.0)
(31.410624, 17.293468, 0.0)
(31.412880, 17.312435, 0.0)
(31.399929, 17.294331, 0.0)
(31.417683, 17.260969, 0.0)
(31.394409, 17.270109, 0.0)
(31.404638, 17.240301, 0.0)
(31.571733, 17.142620, 0.0)
(34.428165, 16.796644, 0.0)
(36.587658, 16.639126, 0.0)
(36.588402, 16.644836, 0.0)
(37.164467, 16.504555, 0.0)
(39.678974, 15.680569, 0.0)
(39.667648, 15.496177, 0.0)
(39.637215, 15.454945, 0.0)
(39.637924, 15.470218, 0.0)
(39.626675, 15.497936, 0.0)
(39.615959, 15.491182, 0.0)
(39.609917, 15.501652, 0.0)
(39.615494, 15.502423, 0.0)
(39.601406, 15.508448, 0.0)
(39.606010, 15.505420, 0.0)
(39.600372, 15.500854, 0.0)
(39.604431, 15.490165, 0.0)
(39.598751, 15.485523, 0.0)
(39.598751, 15.485523, 0.0)
(39.606010, 15.505420, 0.0)
(39.604366, 15.512251, 0.0)
(39.595768, 15.503905, 0.0)
(39.453671, 15.581391, 0.0)
(36.122211, 17.047792, 0.0)
(35.661289, 17.279182, 0.0)
(35.527477, 17.182232, 0.0)
(35.458832, 17.160767, 0.0)
(35.443409, 17.168510, 0.0)
(35.423679, 17.166952, 0.0)
(35.378017, 17.180723, 0.0)
(35.406773, 17.133259, 0.0)
(35.388985, 17.133781, 0.0)
(35.399017, 17.130827, 0.0)
(35.401051, 17.137379, 0.0)
(35.399834, 17.143965, 0.0)
(35.393959, 17.108631, 0.0)
(35.418629, 17.114672, 0.0)
(35.428967, 17.104158, 0.0)
(35.434135, 17.077248, 0.0)
(35.316708, 17.094156, 0.0)
(35.167351, 16.849916, 0.0)
(35.635250, 16.799999, 0.0)
(35.843288, 16.901943, 0.0)
(35.883930, 16.982147, 0.0)
(35.925549, 17.006884, 0.0)
(35.915524, 17.015835, 0.0)
(35.913601, 17.034082, 0.0)
(34.965416, 15.354222, 0.0)
(34.965199, 14.997174, 0.0)
(34.955303, 15.019769, 0.0)
(35.006866, 14.762804, 0.0)
(35.012535, 14.187036, 0.0)
(34.996017, 14.155213, 0.0)
(34.986332, 14.167216, 0.0)
(34.991776, 14.111649, 0.0)
(34.999474, 14.102798, 0.0)
(35.008186, 14.070609, 0.0)
(34.984093, 14.027139, 0.0)
(34.979416, 14.023421, 0.0)
(34.972752, 14.041026, 0.0)
(34.936279, 14.055827, 0.0)
(34.951641, 14.144840, 0.0)
(34.949387, 14.071295, 0.0)
(34.955067, 14.034488, 0.0)
(34.980339, 14.014309, 0.0)
(34.980339, 14.014309, 0.0)
(34.986607, 14.016510, 0.0)
(34.992912, 14.017220, 0.0)
(34.986607, 14.016510, 0.0)
(34.986607, 14.016510, 0.0)
(34.996418, 14.026994, 0.0)
(34.985558, 14.072924, 0.0)
(34.962322, 14.058944, 0.0)
(34.961201, 14.033717, 0.0)
(34.974110, 14.014359, 0.0)
(34.969036, 13.978712, 0.0)
(34.973892, 13.964639, 0.0)
(35.650475, 15.352985, 0.0)
(37.838615, 19.323368, 0.0)
(39.248375, 22.655558, 0.0)
(39.316181, 23.076923, 0.0)
(39.286289, 23.060816, 0.0)
(39.253567, 23.032267, 0.0)
(39.248051, 23.034649, 0.0)
(39.217937, 23.065968, 0.0)
(39.209362, 23.096436, 0.0)
(39.220093, 23.084373, 0.0)
(39.224407, 23.102575, 0.0)
(39.225121, 23.058073, 0.0)
(39.236523, 23.071482, 0.0)
(39.246391, 23.057535, 0.0)
(39.269707, 23.022758, 0.0)
(40.890858, 23.363667, 0.0)
(41.444939, 23.372593, 0.0)
(41.478664, 23.319975, 0.0)
(41.490211, 23.291977, 0.0)
(41.500698, 23.291891, 0.0)
(41.490635, 23.309961, 0.0)
(41.490635, 23.309961, 0.0)
(41.468590, 23.317667, 0.0)
(41.456520, 23.269018, 0.0)
(41.446194, 23.282108, 0.0)
(41.425461, 23.313519, 0.0)
(41.412258, 23.315508, 0.0)
(41.397991, 23.305588, 0.0)
(41.404881, 23.326469, 0.0)
(41.402374, 23.333441, 0.0)
(41.394230, 23.284496, 0.0)
(41.390255, 23.297291, 0.0)
(41.407238, 23.286026, 0.0)
(41.398064, 23.320208, 0.0)
(41.395668, 23.372499, 0.0)
(41.280495, 23.359873, 0.0)
(37.074005, 21.901354, 0.0)
(34.468861, 21.576952, 0.0)
(34.255844, 21.707752, 0.0)
(34.227375, 21.721241, 0.0)
(34.182014, 21.667263, 0.0)
(34.169239, 21.639332, 0.0)
(34.134636, 21.605207, 0.0)
(34.510323, 21.510281, 0.0)
(34.557251, 21.546440, 0.0)
(34.544437, 21.530289, 0.0)
(34.475143, 21.653187, 0.0)
(33.932312, 22.572872, 0.0)
(31.812254, 27.908922, 0.0)
(34.005112, 22.721003, 0.0)
(34.066990, 21.758280, 0.0)
(34.088604, 21.438669, 0.0)
(34.092896, 21.422718, 0.0)
(34.105690, 21.446730, 0.0)
(34.103256, 21.464991, 0.0)
(34.130840, 21.446932, 0.0)
(34.117229, 21.524786, 0.0)
(34.127335, 21.524490, 0.0)
(34.144028, 21.390116, 0.0)
(34.135876, 21.348927, 0.0)
(34.156006, 21.310835, 0.0)
(34.162273, 21.329142, 0.0)
(34.180187, 21.341858, 0.0)
(34.196106, 21.340902, 0.0)
(34.186760, 21.353729, 0.0)
(34.196888, 21.348639, 0.0)
(34.205788, 21.320709, 0.0)
(34.220390, 21.301397, 0.0)
(34.217415, 21.316626, 0.0)
(34.204300, 21.302273, 0.0)
(34.208794, 21.312239, 0.0)
(34.195786, 21.271961, 0.0)
(34.213894, 21.301886, 0.0)
(34.187813, 21.345394, 0.0)
(34.183357, 21.323889, 0.0)
(34.166855, 21.366814, 0.0)
(34.171413, 21.321173, 0.0)
(34.162273, 21.285120, 0.0)
(34.544582, 18.264523, 0.0)
(34.200161, 15.069909, 0.0)
(34.166405, 15.090509, 0.0)
(34.159729, 15.151487, 0.0)
(34.133389, 15.167028, 0.0)
(34.116936, 15.175037, 0.0)
(34.116936, 15.175037, 0.0)
(34.095795, 15.176957, 0.0)
(34.086063, 15.148718, 0.0)
(34.094822, 15.097234, 0.0)
(34.094738, 15.143257, 0.0)
(34.175636, 15.094364, 0.0)
(34.340218, 14.931733, 0.0)
(34.326935, 14.901450, 0.0)
(34.289085, 14.903497, 0.0)
(34.280201, 14.907461, 0.0)
(34.275875, 14.882207, 0.0)
(34.263641, 14.825516, 0.0)
(34.252563, 14.817555, 0.0)
(34.253338, 14.830009, 0.0)
(34.249817, 14.823763, 0.0)
(34.238609, 14.864787, 0.0)
(34.234013, 14.873960, 0.0)
(34.234543, 14.881257, 0.0)
(34.232704, 14.897593, 0.0)
(34.204655, 14.944422, 0.0)
(34.204655, 14.944422, 0.0)
(34.208511, 14.924931, 0.0)
(34.204746, 14.932354, 0.0)
(34.205212, 14.918550, 0.0)
(34.217445, 14.882388, 0.0)
(34.047626, 14.883337, 0.0)
(30.838381, 14.947774, 0.0)
(27.989422, 15.665501, 0.0)
(27.136406, 15.918391, 0.0)
(26.980743, 15.949001, 0.0)
(26.921064, 15.909944, 0.0)
(26.914522, 15.877902, 0.0)
(26.895472, 15.889744, 0.0)
(26.890232, 15.911410, 0.0)
(26.864140, 15.939857, 0.0)
(26.864031, 15.933205, 0.0)
(26.867977, 15.920000, 0.0)
(26.864031, 15.933205, 0.0)
(26.864031, 15.933205, 0.0)
(26.702408, 15.944947, 0.0)
(26.679304, 15.890099, 0.0)
(26.697010, 15.864325, 0.0)
(26.678299, 15.834382, 0.0)
(26.673992, 15.816831, 0.0)
(26.672543, 15.838682, 0.0)
(26.655283, 15.892071, 0.0)
(26.649452, 15.908786, 0.0)
(26.658430, 15.892268, 0.0)
(26.681011, 15.805735, 0.0)
(26.665340, 15.777527, 0.0)
(26.656752, 15.795284, 0.0)
(26.662592, 15.816459, 0.0)
(26.662592, 15.816459, 0.0)
(26.662592, 15.816459, 0.0)
(26.649961, 15.814475, 0.0)
(26.654926, 15.810093, 0.0)
(26.647989, 15.831106, 0.0)
(28.351807, 15.330233, 0.0)
(31.190462, 16.559254, 0.0)
(32.940060, 17.691887, 0.0)
(33.236229, 17.017172, 0.0)
(33.249020, 16.949945, 0.0)
(33.253365, 17.053045, 0.0)
(33.180325, 17.079401, 0.0)
(33.160816, 17.131218, 0.0)
(33.147121, 17.141031, 0.0)
(33.145824, 17.094187, 0.0)
(33.160023, 17.062984, 0.0)
(33.160126, 17.039677, 0.0)
(32.383034, 17.035194, 0.0)
(30.492008, 16.732683, 0.0)
(30.339380, 16.744555, 0.0)
(30.320425, 16.734142, 0.0)
(30.310101, 16.734741, 0.0)
(30.306767, 16.717949, 0.0)
(30.298079, 16.701508, 0.0)
(30.256262, 16.706409, 0.0)
(30.252625, 16.691788, 0.0)
(30.245195, 16.706242, 0.0)
(30.245195, 16.706242, 0.0)
(30.239134, 16.675146, 0.0)
(30.237133, 16.692757, 0.0)
(30.233257, 16.717028, 0.0)
(30.223202, 16.751486, 0.0)
(30.212267, 16.739740, 0.0)
(30.216898, 16.722519, 0.0)
(30.239635, 16.706970, 0.0)
(30.227684, 16.717733, 0.0)
(30.238626, 16.728720, 0.0)
(30.244482, 16.735863, 0.0)
(30.242527, 16.755527, 0.0)
(30.162743, 17.889431, 0.0)
(30.371061, 19.076006, 0.0)
(30.347923, 19.174723, 0.0)
(30.285547, 19.238741, 0.0)
(30.263351, 19.275518, 0.0)
(30.239599, 19.244499, 0.0)
(30.230841, 19.260687, 0.0)
(30.204416, 19.235165, 0.0)
(30.912157, 20.927616, 0.0)
(30.825121, 21.174446, 0.0)
(30.755470, 21.215744, 0.0)
(30.755470, 21.215744, 0.0)
(33.468285, 16.924578, 0.0)
(34.184605, 14.892307, 0.0)
(34.156040, 14.870818, 0.0)
(34.104473, 14.903673, 0.0)
(34.107105, 14.909890, 0.0)
(34.097961, 14.916275, 0.0)
(34.089596, 14.899359, 0.0)
(34.102074, 14.848102, 0.0)
(34.113682, 14.861539, 0.0)
(34.108971, 14.878706, 0.0)
(34.124901, 14.879899, 0.0)
(34.128208, 14.879170, 0.0)
(34.141716, 14.862576, 0.0)
(34.151535, 14.852909, 0.0)
(34.141212, 14.803085, 0.0)
(34.141212, 14.803085, 0.0)
(34.135674, 14.804598, 0.0)
(34.121941, 14.824859, 0.0)
(34.117008, 14.820541, 0.0)
(34.137737, 14.797362, 0.0)
(34.119137, 14.813359, 0.0)
(34.107349, 14.844971, 0.0)
(34.106251, 14.863132, 0.0)
(34.095516, 14.887700, 0.0)
(34.081528, 14.908053, 0.0)
(34.081528, 14.908053, 0.0)
(34.084908, 14.902912, 0.0)
(34.067268, 14.899961, 0.0)
(34.084908, 14.902912, 0.0)
(34.094738, 14.897103, 0.0)
(34.086586, 14.864050, 0.0)
(34.086170, 14.901824, 0.0)
(34.092037, 14.902166, 0.0)
(34.081043, 14.904075, 0.0)
(34.295322, 15.700257, 0.0)
(34.849735, 18.585663, 0.0)
(34.759254, 18.864286, 0.0)
(34.635738, 18.752829, 0.0)
(34.556858, 18.750170, 0.0)
(34.547539, 18.716930, 0.0)
(34.519680, 18.659311, 0.0)
(34.541092, 18.663931, 0.0)
(34.536804, 18.671185, 0.0)
(34.518745, 18.708258, 0.0)
(34.511848, 18.707125, 0.0)
(34.508537, 18.703102, 0.0)
(34.511005, 18.694403, 0.0)
(34.512562, 18.701321, 0.0)
(34.502296, 18.687563, 0.0)
(34.505836, 18.699564, 0.0)
(34.498840, 18.692163, 0.0)
(34.489861, 18.743942, 0.0)
(34.484894, 18.686213, 0.0)
(34.395290, 18.591955, 0.0)
(34.136997, 18.677509, 0.0)
(34.191708, 19.230991, 0.0)
(34.272964, 18.269131, 0.0)
(34.379333, 18.033030, 0.0)
(34.415730, 18.182768, 0.0)
(34.419510, 18.239653, 0.0)
(34.401276, 18.287695, 0.0)
(34.400562, 18.318071, 0.0)
(34.395988, 18.303501, 0.0)
(34.394833, 18.315777, 0.0)
(34.438652, 18.333885, 0.0)
(34.439190, 18.313259, 0.0)
(34.495567, 18.341026, 0.0)
(34.509377, 18.317474, 0.0)
(34.524639, 18.321331, 0.0)
(34.526348, 18.309082, 0.0)
(34.525398, 18.291740, 0.0)
(36.400600, 19.138910, 0.0)
(38.224678, 19.821995, 0.0)
(38.328110, 19.852180, 0.0)
(38.299187, 19.774145, 0.0)
(38.291908, 19.782692, 0.0)
(38.394157, 19.841295, 0.0)
(38.597466, 20.012438, 0.0)
(38.630726, 20.062834, 0.0)
(38.603073, 20.068779, 0.0)
(38.605114, 20.015427, 0.0)
(38.624912, 20.033136, 0.0)
(38.630344, 20.047258, 0.0)
(38.639896, 20.031712, 0.0)
(38.639843, 19.977654, 0.0)
(38.626041, 19.951674, 0.0)
(38.624668, 19.936388, 0.0)
(38.620617, 19.930878, 0.0)
(38.617798, 19.915579, 0.0)
(38.611042, 19.935034, 0.0)
(38.582062, 19.984097, 0.0)
(38.567513, 20.001383, 0.0)
(38.563126, 20.004971, 0.0)
(38.545574, 19.959322, 0.0)
(38.508263, 19.963278, 0.0)
(38.478100, 20.011623, 0.0)
(38.449463, 20.037060, 0.0)
(38.442062, 20.016016, 0.0)
(38.443748, 20.014923, 0.0)
(38.430260, 19.995317, 0.0)
(38.429375, 20.002502, 0.0)
(38.416565, 20.004057, 0.0)
(38.435890, 20.009840, 0.0)
(38.423172, 20.013525, 0.0)
(38.418804, 20.019379, 0.0)
(38.436188, 20.024984, 0.0)
(38.418804, 20.004419, 0.0)
(38.403473, 19.965660, 0.0)
(38.783604, 20.348497, 0.0)
(39.899696, 21.117743, 0.0)
(39.981182, 21.205725, 0.0)
(39.968361, 21.146919, 0.0)
(39.968361, 21.146919, 0.0)
(40.002010, 21.163523, 0.0)
(40.311871, 21.436852, 0.0)
(40.334332, 21.486826, 0.0)
(40.334332, 21.486826, 0.0)
(40.337025, 21.494125, 0.0)
(40.334332, 21.486826, 0.0)
(40.339115, 21.527851, 0.0)
(40.339115, 21.527851, 0.0)
(40.334927, 21.472300, 0.0)
(40.334927, 21.472300, 0.0)
(40.334927, 21.472300, 0.0)
(40.326305, 21.434799, 0.0)
(40.330494, 21.415384, 0.0)
(40.328468, 21.418205, 0.0)
(40.325783, 21.463923, 0.0)
(40.327869, 21.476402, 0.0)
(40.327869, 21.476402, 0.0)
(40.328415, 21.434910, 0.0)
(40.332058, 21.429987, 0.0)
(40.321110, 21.451929, 0.0)
(40.314793, 21.428633, 0.0)
(40.316467, 21.454576, 0.0)
(40.314426, 21.446926, 0.0)
(40.303265, 21.408411, 0.0)
(40.299526, 21.402098, 0.0)
(40.299866, 21.438139, 0.0)
(40.301483, 21.442200, 0.0)
(40.299526, 21.402098, 0.0)
(40.296375, 21.348251, 0.0)
(40.303322, 21.350718, 0.0)
(40.295483, 21.338896, 0.0)
(40.299210, 21.370314, 0.0)
(40.295799, 21.442888, 0.0)
(40.290966, 21.427830, 0.0)
(40.271290, 21.357265, 0.0)
(40.749081, 20.705883, 0.0)
(42.464268, 19.797554, 0.0)
(42.583130, 19.572319, 0.0)
(42.598450, 19.563120, 0.0)
(42.591751, 19.640253, 0.0)
(42.584164, 19.651136, 0.0)
(42.588276, 19.646593, 0.0)
(42.587955, 19.660011, 0.0)
(42.592064, 19.655516, 0.0)
(42.591751, 19.640253, 0.0)
(42.588760, 19.620327, 0.0)
(42.589424, 19.587074, 0.0)
(42.601112, 19.560537, 0.0)
(42.586197, 19.560181, 0.0)
(42.557259, 19.566454, 0.0)
(42.551697, 19.580336, 0.0)
(42.551060, 19.599068, 0.0)
(42.583038, 19.579134, 0.0)
(42.583836, 19.577126, 0.0)
(42.595036, 19.552940, 0.0)
(42.590450, 19.556061, 0.0)
(42.590450, 19.556061, 0.0)
(42.586197, 19.560181, 0.0)
(42.561920, 19.561453, 0.0)
(42.555824, 19.575224, 0.0)
(42.527149, 19.564739, 0.0)
(42.523174, 19.556252, 0.0)
(42.505699, 19.578022, 0.0)
(42.475445, 19.572674, 0.0)
(42.463711, 19.591454, 0.0)
(42.471310, 19.577436, 0.0)
(42.471310, 19.577436, 0.0)
(42.463711, 19.591454, 0.0)
(42.457336, 19.619150, 0.0)
(42.446373, 19.611965, 0.0)
(42.492149, 19.738302, 0.0)
(42.926090, 22.208031, 0.0)
(42.897408, 22.696743, 0.0)
(42.870823, 22.718290, 0.0)
(42.875179, 22.722984, 0.0)
(42.873856, 22.701593, 0.0)
(42.878407, 22.704376, 0.0)
(42.774181, 22.678381, 0.0)
(42.438408, 22.384695, 0.0)
(42.679211, 23.431299, 0.0)
(42.600536, 22.670637, 0.0)
(42.612473, 22.589149, 0.0)
(42.609863, 22.651968, 0.0)
(42.593170, 22.684225, 0.0)
(42.610615, 22.735664, 0.0)
(42.615753, 22.747124, 0.0)
(42.615368, 22.723610, 0.0)
(42.612961, 22.700567, 0.0)
(42.618210, 22.678289, 0.0)
(42.609726, 22.694216, 0.0)
(42.615368, 22.723610, 0.0)
(42.619312, 22.694073, 0.0)
(42.665466, 22.745575, 0.0)
(42.673920, 22.740616, 0.0)
(42.671169, 22.747105, 0.0)
(42.683002, 22.693842, 0.0)
(42.682346, 22.684835, 0.0)
(42.675552, 22.660341, 0.0)
(42.675552, 22.660341, 0.0)
(42.675552, 22.660341, 0.0)
(42.675552, 22.660341, 0.0)
(42.671535, 22.711651, 0.0)
(42.663040, 22.717829, 0.0)
(42.668640, 22.680500, 0.0)
(42.675552, 22.660341, 0.0)
(42.667202, 22.650434, 0.0)
(42.670788, 22.646870, 0.0)
(41.464275, 21.118237, 0.0)
(38.563171, 19.080219, 0.0)
(35.034363, 18.172926, 0.0)
(34.206715, 17.933777, 0.0)
(34.047211, 17.905975, 0.0)
(33.955627, 17.971273, 0.0)
(33.902561, 17.966719, 0.0)
(34.286438, 17.802965, 0.0)
(34.324680, 17.825293, 0.0)
(34.296726, 17.784615, 0.0)
(34.307182, 17.792856, 0.0)
(34.275822, 17.753426, 0.0)
(34.267403, 17.774597, 0.0)
(34.250626, 17.779390, 0.0)
(34.240910, 17.796501, 0.0)
(34.259155, 17.705141, 0.0)
(34.256454, 17.686348, 0.0)
(34.243824, 17.729641, 0.0)
(34.221657, 17.740421, 0.0)
(34.221657, 17.740421, 0.0)
(34.226204, 17.753929, 0.0)
(34.221149, 17.725731, 0.0)
(34.246494, 17.702293, 0.0)
(34.246494, 17.702293, 0.0)
(34.248985, 17.703562, 0.0)
(34.251495, 17.739902, 0.0)
(34.216061, 17.779835, 0.0)
(34.220100, 17.790102, 0.0)
(34.218357, 17.774837, 0.0)
(34.208900, 17.753416, 0.0)
(34.208950, 17.774929, 0.0)
(34.188896, 17.814474, 0.0)
(34.188896, 17.814474, 0.0)
(34.189804, 17.808111, 0.0)
(34.185570, 17.790009, 0.0)
(34.177444, 17.782551, 0.0)
(34.183811, 17.793249, 0.0)
(34.193871, 17.851601, 0.0)
(35.249241, 16.985178, 0.0)
(38.463852, 15.456438, 0.0)
(39.524734, 15.341630, 0.0)
(39.535900, 15.309731, 0.0)
(39.486221, 15.299293, 0.0)
(39.500374, 15.296481, 0.0)
(39.531475, 15.295572, 0.0)
(39.551247, 15.262356, 0.0)
(39.572491, 15.223862, 0.0)
(39.563545, 15.219389, 0.0)
(39.564110, 15.227703, 0.0)
(39.562244, 15.276325, 0.0)
(39.565914, 15.305652, 0.0)
(39.559284, 15.280066, 0.0)
(39.555462, 15.214823, 0.0)
(39.555462, 15.214823, 0.0)
(39.541077, 15.217995, 0.0)
(39.539867, 15.250191, 0.0)
(39.526501, 15.270205, 0.0)
(39.529972, 15.263225, 0.0)
(39.504364, 15.294580, 0.0)
(39.496590, 15.250836, 0.0)
(39.486141, 15.258289, 0.0)
(39.506943, 15.295105, 0.0)
(39.491924, 15.258362, 0.0)
(39.476879, 15.246923, 0.0)
(39.479515, 15.254637, 0.0)
(39.479515, 15.254637, 0.0)
(39.478958, 15.207447, 0.0)
(39.479992, 15.197221, 0.0)
(39.461285, 15.204311, 0.0)
(39.445831, 15.241751, 0.0)
(39.447773, 15.219454, 0.0)
(39.472950, 15.181854, 0.0)
(39.461285, 15.179226, 0.0)
(39.461285, 15.179226, 0.0)
(38.317093, 14.753846, 0.0)
(34.521950, 14.224175, 0.0)
(31.118118, 14.626263, 0.0)
(30.098383, 14.912402, 0.0)
(29.975027, 14.867434, 0.0)
(29.904991, 14.866100, 0.0)
(29.894329, 14.852391, 0.0)
(29.878660, 14.827229, 0.0)
(29.849125, 14.805287, 0.0)
(29.853807, 14.783297, 0.0)
(29.843613, 14.803478, 0.0)
(29.854227, 14.795784, 0.0)
(29.690430, 14.864273, 0.0)
(29.854914, 15.052308, 0.0)
(29.919516, 14.728596, 0.0)
(30.135674, 14.348690, 0.0)
(30.163206, 14.450881, 0.0)
(30.195082, 14.558843, 0.0)
(30.173609, 14.552700, 0.0)
(30.210709, 14.611241, 0.0)
(30.188541, 14.605361, 0.0)
(30.191452, 14.618072, 0.0)
(30.181290, 14.635840, 0.0)
(30.204239, 14.659829, 0.0)
(30.192467, 14.660355, 0.0)
(30.201332, 14.668348, 0.0)
(30.228838, 14.672792, 0.0)
(30.230995, 14.691849, 0.0)
(30.218834, 14.666611, 0.0)
(30.244785, 14.664214, 0.0)
(30.246819, 14.708029, 0.0)
(30.233627, 14.723922, 0.0)
(30.240742, 14.696873, 0.0)
(30.244299, 14.637362, 0.0)
(30.246618, 14.619220, 0.0)
(30.254816, 14.611719, 0.0)
(30.234699, 14.621538, 0.0)
(29.311405, 15.083337, 0.0)
(26.978685, 15.893911, 0.0)
(26.798389, 15.943717, 0.0)
(26.776892, 15.878985, 0.0)
(26.758635, 15.875889, 0.0)
(26.758635, 15.875889, 0.0)
(26.745394, 15.854206, 0.0)
(26.734858, 15.831438, 0.0)
(26.740040, 15.816214, 0.0)
(26.750580, 15.771617, 0.0)
(26.750580, 15.771617, 0.0)
(26.729324, 15.821039, 0.0)
(26.729324, 15.821039, 0.0)
(26.746525, 15.783960, 0.0)
(26.748903, 15.765725, 0.0)
(26.777861, 15.760341, 0.0)
(26.746525, 15.783960, 0.0)
(26.763220, 15.777877, 0.0)
(26.743536, 15.772485, 0.0)
(26.754028, 15.767273, 0.0)
(26.751984, 15.754482, 0.0)
(26.727850, 15.781617, 0.0)
(26.724302, 15.787842, 0.0)
(26.757256, 15.753846, 0.0)
(26.765078, 15.762157, 0.0)
(26.738495, 15.752587, 0.0)
(26.749268, 15.749462, 0.0)
(26.770664, 15.747551, 0.0)
(26.761656, 15.721359, 0.0)
(26.765129, 15.750078, 0.0)
(26.741137, 15.768107, 0.0)
(26.744591, 15.772401, 0.0)
(26.761021, 15.726496, 0.0)
(26.790216, 15.715013, 0.0)
(26.812401, 15.726496, 0.0)
(26.832924, 15.742685, 0.0)
(26.839588, 15.758220, 0.0)
(26.839588, 15.758220, 0.0)
(26.840378, 15.739585, 0.0)
(26.853018, 15.717107, 0.0)
(26.862680, 15.775889, 0.0)
(28.055727, 16.979704, 0.0)
(29.770399, 20.137053, 0.0)
(31.121304, 22.748240, 0.0)
(31.793184, 24.183092, 0.0)
(31.878225, 24.308283, 0.0)
(31.806557, 24.294069, 0.0)
(31.757271, 24.329340, 0.0)
(32.344875, 24.562313, 0.0)
(32.885189, 24.497795, 0.0)
(32.959995, 24.401606, 0.0)
(32.919640, 24.351076, 0.0)
(32.827377, 24.324572, 0.0)
(32.794033, 24.323997, 0.0)
(32.304539, 24.372969, 0.0)
(31.513445, 24.207626, 0.0)
(31.404434, 24.194489, 0.0)
(31.403479, 24.216276, 0.0)
(31.391891, 24.199766, 0.0)
(31.377861, 24.233185, 0.0)
(31.331856, 24.236092, 0.0)
(31.315416, 24.262650, 0.0)
(31.306454, 24.260054, 0.0)
(31.290882, 24.235418, 0.0)
(31.298088, 24.218136, 0.0)
(31.303116, 24.210884, 0.0)
(31.259394, 24.244230, 0.0)
(31.250704, 24.258919, 0.0)
(31.214228, 24.266508, 0.0)
(31.223335, 24.266111, 0.0)
(31.222836, 24.273823, 0.0)
(31.194181, 24.269157, 0.0)
(31.194181, 24.269157, 0.0)
(31.194181, 24.269157, 0.0)
(30.615114, 23.732878, 0.0)
(27.741051, 21.224501, 0.0)
(27.081676, 20.843903, 0.0)
(26.955580, 20.945688, 0.0)
(26.910709, 20.994541, 0.0)
(26.919830, 21.022171, 0.0)
(26.883390, 21.016373, 0.0)
(26.874743, 20.998571, 0.0)
(26.822407, 20.895964, 0.0)
(0.000000, 0.000000, 1.0)
(26.729671, 21.332138, 0.0)
(26.736031, 20.707088, 0.0)
(26.797798, 20.652189, 0.0)
(26.792757, 20.687422, 0.0)
(26.823017, 20.723333, 0.0)
(26.815536, 20.848822, 0.0)
(26.830208, 20.840647, 0.0)
(26.833364, 20.852907, 0.0)
(26.848059, 20.829670, 0.0)
(26.856981, 20.828444, 0.0)
(26.864136, 20.822176, 0.0)
(26.864809, 20.864523, 0.0)
(26.891750, 20.857050, 0.0)
(26.891315, 20.844887, 0.0)
(26.893663, 20.850508, 0.0)
(26.891750, 20.857050, 0.0)
(26.863626, 20.876923, 0.0)
(26.865269, 20.828188, 0.0)
(26.869154, 20.824615, 0.0)
(26.867468, 20.817741, 0.0)
(26.873835, 20.840479, 0.0)
(26.865005, 20.847380, 0.0)
(26.862959, 20.856092, 0.0)
(26.865005, 20.847380, 0.0)
(26.857639, 20.839754, 0.0)
(26.559225, 18.810772, 0.0)
(25.861893, 16.722094, 0.0)
(25.700758, 16.639505, 0.0)
(25.669138, 16.696064, 0.0)
(25.588814, 16.734545, 0.0)
(25.589964, 16.769886, 0.0)
(25.572626, 16.816994, 0.0)
(25.562807, 16.805956, 0.0)
(25.558245, 16.803135, 0.0)
(25.562513, 16.820513, 0.0)
(25.542738, 16.905401, 0.0)
(25.540691, 16.907122, 0.0)
(25.545918, 16.852816, 0.0)
(25.545918, 16.852816, 0.0)
(25.545918, 16.852816, 0.0)
(25.552572, 16.825562, 0.0)
(25.544363, 16.867001, 0.0)
(25.538784, 16.856188, 0.0)
(25.541973, 16.835299, 0.0)
(25.520926, 16.823999, 0.0)
(25.507154, 16.881851, 0.0)
(25.521961, 16.878607, 0.0)
(25.558104, 16.855310, 0.0)
(25.591532, 16.813198, 0.0)
(25.554365, 16.831892, 0.0)
(25.591532, 16.813198, 0.0)
(25.648005, 16.803516, 0.0)
(25.664959, 16.810791, 0.0)
(25.600943, 16.848433, 0.0)
(25.660257, 16.810038, 0.0)
(25.677906, 16.780743, 0.0)
(25.644272, 16.759790, 0.0)
(25.645876, 16.771742, 0.0)
(25.644981, 16.802797, 0.0)
(25.632006, 16.836924, 0.0)
(25.643572, 16.851692, 0.0)
(25.642900, 16.845438, 0.0)
(25.638958, 16.842478, 0.0)
(28.016588, 17.149328, 0.0)
(31.674412, 17.405657, 0.0)
(35.021305, 17.907026, 0.0)
(38.127583, 19.156446, 0.0)
(40.656487, 20.515833, 0.0)
(42.131050, 21.566959, 0.0)
(42.367191, 21.756546, 0.0)
(42.486595, 21.816648, 0.0)
(42.498852, 21.755718, 0.0)
(42.698524, 22.174047, 0.0)
(42.894505, 22.543003, 0.0)
(42.895393, 22.511166, 0.0)
(42.885490, 22.474007, 0.0)
(42.892879, 22.433754, 0.0)
(42.906422, 22.429106, 0.0)
(42.881207, 22.405024, 0.0)
(42.872753, 22.391569, 0.0)
(42.872753, 22.391569, 0.0)
(42.872753, 22.391569, 0.0)
(42.876938, 22.375385, 0.0)
(42.873474, 22.356411, 0.0)
(42.876938, 22.375385, 0.0)
(42.876938, 22.375385, 0.0)
(42.877598, 22.335222, 0.0)
(42.884537, 22.348682, 0.0)
(42.877598, 22.335222, 0.0)
(42.864449, 22.316793, 0.0)
(42.875774, 22.309772, 0.0)
(42.884537, 22.322588, 0.0)
(42.859425, 22.318813, 0.0)
(42.849266, 22.310490, 0.0)
(42.835014, 22.315989, 0.0)
(42.849731, 22.284960, 0.0)
(42.849949, 22.275238, 0.0)
(42.840313, 22.273575, 0.0)
(42.852261, 22.336182, 0.0)
(42.854496, 22.332348, 0.0)
(42.816494, 21.828102, 0.0)
(42.568768, 18.414562, 0.0)
(42.263676, 17.273108, 0.0)
(42.172703, 17.142117, 0.0)
(42.248318, 17.198219, 0.0)
(42.236126, 17.136745, 0.0)
(42.224140, 17.123791, 0.0)
(42.220249, 17.127237, 0.0)
(42.231567, 17.155525, 0.0)
(42.228821, 17.110403, 0.0)
(42.223404, 17.098822, 0.0)
(42.209377, 17.123646, 0.0)
(42.219654, 17.132763, 0.0)
(42.196644, 17.168934, 0.0)
(42.185860, 17.149113, 0.0)
(42.192604, 17.094921, 0.0)
(42.186043, 17.067467, 0.0)
(42.174320, 17.048882, 0.0)
(0.000000, 0.000000, 1.0)
(42.169731, 17.115652, 0.0)
(42.167969, 17.049774, 0.0)
(42.172485, 17.021538, 0.0)
(0.000000, 0.000000, 1.0)
(0.000000, 0.000000, 1.0)
(42.154083, 17.048298, 0.0)
(42.156097, 17.067070, 0.0)
(42.152454, 17.050095, 0.0)
(42.161682, 17.041050, 0.0)
(42.159676, 17.013861, 0.0)
(42.156513, 17.067455, 0.0)
(42.141243, 17.078558, 0.0)
(42.146210, 17.052187, 0.0)
(42.155453, 17.031218, 0.0)
(42.140026, 17.042252, 0.0)
(42.126514, 17.018129, 0.0)
(42.073288, 17.003811, 0.0)
(42.030998, 16.985704, 0.0)
(39.885643, 15.718087, 0.0)
(36.453373, 15.063229, 0.0)
(32.866787, 14.867692, 0.0)
(30.802134, 15.620710, 0.0)
(30.311054, 15.792137, 0.0)
(30.215572, 15.800905, 0.0)
(30.166433, 15.785767, 0.0)
(30.123734, 15.781874, 0.0)
(30.114534, 15.754480, 0.0)
(30.073652, 15.731812, 0.0)
(30.027939, 15.721154, 0.0)
(30.015987, 15.722423, 0.0)
(30.366503, 15.840957, 0.0)
(30.375708, 15.832616, 0.0)
(30.366005, 15.751834, 0.0)
(30.356544, 15.759915, 0.0)
(30.147352, 15.731706, 0.0)
(30.135637, 16.893221, 0.0)
(29.827896, 15.808779, 0.0)
(29.936211, 15.625147, 0.0)
(29.944378, 15.764462, 0.0)
(29.971285, 15.835897, 0.0)
(30.007729, 15.915002, 0.0)
(30.003414, 15.926620, 0.0)
(29.977093, 15.960172, 0.0)
(30.006369, 15.964009, 0.0)
(30.005299, 15.944231, 0.0)
(29.981825, 15.936039, 0.0)
(29.980448, 15.962979, 0.0)
(29.983280, 15.975450, 0.0)
(29.972151, 15.979217, 0.0)
(29.976425, 15.967865, 0.0)
(29.982265, 15.950382, 0.0)
(29.966778, 15.977976, 0.0)
(29.961433, 15.980618, 0.0)
(30.492643, 16.148054, 0.0)
(33.943924, 17.306686, 0.0)
(33.995205, 17.275631, 0.0)
(33.962109, 17.263746, 0.0)
(33.946350, 17.270922, 0.0)
(34.252930, 17.318188, 0.0)
(34.409134, 17.316023, 0.0)
(34.410202, 17.263548, 0.0)
(34.410301, 17.250286, 0.0)
(34.401718, 17.218527, 0.0)
(34.395771, 17.204582, 0.0)
(34.383961, 17.218985, 0.0)
(34.368629, 17.188190, 0.0)
(34.374641, 17.142181, 0.0)
(34.369270, 17.125080, 0.0)
(34.359020, 17.133263, 0.0)
(34.305065, 17.176378, 0.0)
(34.523609, 17.311668, 0.0)
(34.858921, 17.462723, 0.0)
(34.868824, 17.469505, 0.0)
(34.852688, 17.448753, 0.0)
(34.843487, 17.435110, 0.0)
(34.850849, 17.455692, 0.0)
(34.446918, 17.213816, 0.0)
(34.382687, 17.180344, 0.0)
(34.391800, 17.199261, 0.0)
(34.384998, 17.198776, 0.0)
(34.361530, 17.194683, 0.0)
(34.352184, 17.240919, 0.0)
(34.334789, 17.239561, 0.0)
(34.317635, 17.197695, 0.0)
(34.335438, 17.154356, 0.0)
(34.330162, 17.152506, 0.0)
(34.290405, 17.176615, 0.0)
(34.278881, 17.201061, 0.0)
(34.257923, 17.192574, 0.0)
(34.268497, 17.191048, 0.0)
(34.263760, 17.179262, 0.0)
(34.221905, 17.145723, 0.0)
(34.158287, 17.164856, 0.0)
(31.328856, 18.481497, 0.0)
(29.172464, 19.536783, 0.0)
(29.008572, 19.691742, 0.0)
(28.956001, 19.667017, 0.0)
(28.913057, 19.638796, 0.0)
(28.566317, 19.934006, 0.0)
(28.473413, 19.964636, 0.0)
(28.440250, 19.968603, 0.0)
(28.381931, 19.960114, 0.0)
(28.349962, 19.943649, 0.0)
(28.339775, 19.987106, 0.0)
(28.315805, 20.008791, 0.0)
(28.311354, 20.013144, 0.0)
(28.288704, 19.988300, 0.0)
(28.257357, 19.978045, 0.0)
(28.252222, 19.971573, 0.0)
(28.242485, 19.965055, 0.0)
(28.243809, 20.009600, 0.0)
(28.240343, 20.029348, 0.0)
(28.237038, 20.046192, 0.0)
(28.230450, 20.036171, 0.0)
(28.218109, 20.030226, 0.0)
(28.212072, 20.021343, 0.0)
(28.207859, 20.028366, 0.0)
(28.186785, 20.064342, 0.0)
(28.166222, 20.097054, 0.0)
(28.173183, 20.082655, 0.0)
(28.165144, 20.039463, 0.0)
(28.165512, 20.029856, 0.0)
(28.147560, 20.054651, 0.0)
(28.150625, 20.059746, 0.0)
(28.150625, 20.059746, 0.0)
(28.163628, 20.077515, 0.0)
(28.163628, 20.077515, 0.0)
(28.155371, 20.071053, 0.0)
(28.163628, 20.077515, 0.0)
(28.167061, 20.071869, 0.0)
(27.604872, 21.760439, 0.0)
(26.591940, 23.441900, 0.0)
(26.256020, 23.866766, 0.0)
(26.232801, 23.887783, 0.0)
(26.164316, 23.861576, 0.0)
(26.077484, 23.888945, 0.0)
(26.046162, 23.895199, 0.0)
(25.943262, 24.047075, 0.0)
(25.902288, 24.077555, 0.0)
(25.853819, 24.108498, 0.0)
(25.833452, 24.132069, 0.0)
(25.654831, 23.978571, 0.0)
(0.000000, 0.000000, 1.0)
(25.850073, 24.326813, 0.0)
(25.845961, 23.802078, 0.0)
(25.837715, 23.735016, 0.0)
(25.833088, 23.756260, 0.0)
(25.862909, 23.819540, 0.0)
(25.858164, 23.800695, 0.0)
(25.865391, 23.804556, 0.0)
(25.862572, 23.816299, 0.0)
(25.830420, 23.850088, 0.0)
(25.846260, 23.853306, 0.0)
(25.851387, 23.828112, 0.0)
(25.852268, 23.796793, 0.0)
(25.874641, 23.821270, 0.0)
(25.872986, 23.842539, 0.0)
(25.874071, 23.813187, 0.0)
(25.870541, 23.793762, 0.0)
(25.863386, 23.763571, 0.0)
(25.863237, 23.759150, 0.0)
(25.858709, 23.762199, 0.0)
(25.859213, 23.778011, 0.0)
(25.867760, 23.755836, 0.0)
(25.850672, 23.732529, 0.0)
(25.859819, 23.737246, 0.0)
(28.699528, 23.123922, 0.0)
(30.617887, 22.689472, 0.0)
(30.749001, 22.678419, 0.0)
(30.740007, 22.677898, 0.0)
(30.713074, 22.714239, 0.0)
(30.704016, 22.699802, 0.0)
(30.696033, 22.685411, 0.0)
(30.683489, 22.673445, 0.0)
(30.649956, 22.673927, 0.0)
(30.639111, 22.671598, 0.0)
(30.626896, 22.656857, 0.0)
(30.616589, 22.656458, 0.0)
(30.614225, 22.630661, 0.0)
(30.614470, 22.624571, 0.0)
(30.621204, 22.679167, 0.0)
(30.621204, 22.679167, 0.0)
(30.621204, 22.679167, 0.0)
(30.631126, 22.663069, 0.0)
(30.634529, 22.650217, 0.0)
(30.617516, 22.618288, 0.0)
(30.622463, 22.610989, 0.0)
(30.609211, 22.630405, 0.0)
(30.599257, 22.672733, 0.0)
(30.606234, 22.681812, 0.0)
(30.627094, 22.629021, 0.0)
(30.621393, 22.627565, 0.0)
(30.614613, 22.653442, 0.0)
(30.632967, 22.652266, 0.0)
(30.622087, 22.610912, 0.0)
(30.625929, 22.614777, 0.0)
(30.627699, 22.567471, 0.0)
(30.608559, 22.568144, 0.0)
(30.595974, 22.578249, 0.0)
(30.593822, 22.584219, 0.0)
(30.582407, 22.569618, 0.0)
(30.575918, 22.559612, 0.0)
(33.498890, 22.859030, 0.0)
(36.753445, 23.141577, 0.0)
(36.822662, 23.194725, 0.0)
(36.824966, 23.184582, 0.0)
(36.822891, 23.197197, 0.0)
(36.805660, 23.177189, 0.0)
(36.806862, 23.170753, 0.0)
(36.803295, 23.174910, 0.0)
(36.802090, 23.181339, 0.0)
(36.790276, 23.183168, 0.0)
(36.793079, 23.188847, 0.0)
(36.790276, 23.183168, 0.0)
(36.756290, 23.151228, 0.0)
(36.755524, 23.126205, 0.0)
(36.754913, 23.139486, 0.0)
(36.759819, 23.157990, 0.0)
(36.757717, 23.145115, 0.0)
(36.755184, 23.146170, 0.0)
(36.760468, 23.169621, 0.0)
(36.757008, 23.152365, 0.0)
(36.744469, 23.168581, 0.0)
(36.736748, 23.191656, 0.0)
(36.732208, 23.192585, 0.0)
(36.741413, 23.203543, 0.0)
(36.748367, 23.161684, 0.0)
(36.760757, 23.180094, 0.0)
(36.751469, 23.169424, 0.0)
(36.748512, 23.197245, 0.0)
(36.743412, 23.193220, 0.0)
(36.751762, 23.183216, 0.0)
(36.743965, 23.166386, 0.0)
(36.738350, 23.208038, 0.0)
(36.739346, 23.196472, 0.0)
(36.733433, 23.230373, 0.0)
(36.714813, 23.205973, 0.0)
(36.731918, 23.201551, 0.0)
(36.737869, 23.170635, 0.0)
(36.728394, 23.157747, 0.0)
(36.711365, 23.191456, 0.0)
(35.516823, 22.033924, 0.0)
(31.775940, 17.974804, 0.0)
(28.486359, 17.217304, 0.0)
(27.179293, 17.510143, 0.0)
(27.035721, 17.516766, 0.0)
(26.988203, 17.552105, 0.0)
(26.953588, 17.534155, 0.0)
(26.927984, 17.582104, 0.0)
(26.673429, 17.944786, 0.0)
(26.604420, 18.012808, 0.0)
(26.569157, 18.009953, 0.0)
(26.581272, 18.004923, 0.0)
(26.545492, 18.034409, 0.0)
(26.543112, 17.997509, 0.0)
(26.530630, 18.031096, 0.0)
(26.518356, 17.988523, 0.0)
(26.499121, 17.967224, 0.0)
(26.504944, 17.965195, 0.0)
(26.475260, 17.963821, 0.0)
(26.474243, 17.922569, 0.0)
(26.496607, 17.889631, 0.0)
(26.473486, 17.923746, 0.0)
(26.470703, 17.936234, 0.0)
(26.471640, 17.942904, 0.0)
(26.476023, 17.946257, 0.0)
(26.486589, 17.929508, 0.0)
(26.495531, 17.916252, 0.0)
(26.495531, 17.916252, 0.0)
(26.498911, 17.941099, 0.0)
(26.511429, 17.976103, 0.0)
(26.515022, 17.970478, 0.0)
(26.511276, 17.951782, 0.0)
(26.503918, 17.921125, 0.0)
(26.481085, 17.958874, 0.0)
(26.468138, 17.969835, 0.0)
(26.467358, 17.985838, 0.0)
(26.571674, 18.011631, 0.0)
(30.775938, 19.214094, 0.0)
(35.175400, 21.425173, 0.0)
(37.998123, 23.111637, 0.0)
(38.067848, 23.099817, 0.0)
(38.028778, 23.101698, 0.0)
(38.748581, 23.684139, 0.0)
(38.755611, 23.738878, 0.0)
(38.741264, 23.693438, 0.0)
(38.703163, 23.653044, 0.0)
(38.682674, 23.615276, 0.0)
(38.730503, 23.598839, 0.0)
(38.730503, 23.598839, 0.0)
(38.712688, 23.598536, 0.0)
(38.706867, 23.536322, 0.0)
(38.701061, 23.553288, 0.0)
(38.653519, 23.522776, 0.0)
(38.605453, 23.527029, 0.0)
(38.599438, 23.530846, 0.0)
(38.601360, 23.534178, 0.0)
(38.595753, 23.498415, 0.0)
(38.596203, 23.523392, 0.0)
(38.599339, 23.527060, 0.0)
(38.602154, 23.535807, 0.0)
(38.607578, 23.536285, 0.0)
(38.605244, 23.546854, 0.0)
(38.598866, 23.535807, 0.0)
(38.604500, 23.525185, 0.0)
(38.595287, 23.545420, 0.0)
(38.605244, 23.546854, 0.0)
(38.604584, 23.542946, 0.0)
(38.586258, 23.548717, 0.0)
(38.590347, 23.545633, 0.0)
(38.586258, 23.548717, 0.0)
(38.563301, 23.527601, 0.0)
(38.560551, 23.538008, 0.0)
(38.543747, 23.555305, 0.0)
(38.531254, 23.576338, 0.0)
(36.527275, 22.072840, 0.0)
(32.217472, 18.810745, 0.0)
(28.714716, 19.243023, 0.0)
(26.594496, 20.349096, 0.0)
(26.001196, 20.467752, 0.0)
(25.962015, 20.446533, 0.0)
(25.902193, 20.418907, 0.0)
(25.743496, 20.355928, 0.0)
(25.435331, 20.303490, 0.0)
(25.409018, 20.264616, 0.0)
(25.362661, 20.274765, 0.0)
(25.349403, 20.251390, 0.0)
(25.306452, 20.289347, 0.0)
(25.301146, 20.318380, 0.0)
(25.291260, 20.285727, 0.0)
(25.291260, 20.285727, 0.0)
(25.240387, 20.305939, 0.0)
(25.199371, 20.297731, 0.0)
(25.188332, 20.299822, 0.0)
(25.183191, 20.279179, 0.0)
(25.177101, 20.287239, 0.0)
(25.173660, 20.304501, 0.0)
(25.227888, 20.298754, 0.0)
(25.187662, 20.325663, 0.0)
(25.170567, 20.313015, 0.0)
(25.185587, 20.297218, 0.0)
(25.185507, 20.289738, 0.0)
(25.149237, 20.311914, 0.0)
(25.188513, 20.298672, 0.0)
(25.179192, 20.298077, 0.0)
(25.145332, 20.306068, 0.0)
(25.148825, 20.311228, 0.0)
(25.133371, 20.279093, 0.0)
(25.078213, 20.273046, 0.0)
(25.069256, 20.268637, 0.0)
(25.087267, 20.276176, 0.0)
(25.429192, 20.306410, 0.0)
(26.424822, 20.558840, 0.0)
(26.433893, 20.557032, 0.0)
(26.416840, 20.513788, 0.0)
(26.360331, 20.536840, 0.0)
(26.335640, 20.294722, 0.0)
(0.000000, 0.000000, 1.0)
(26.460052, 20.297968, 0.0)
(26.510057, 20.096546, 0.0)
(26.598030, 20.108335, 0.0)
(26.558231, 20.211906, 0.0)
(26.560940, 20.311823, 0.0)
(26.591974, 20.310171, 0.0)
(26.583221, 20.342434, 0.0)
(26.606783, 20.340368, 0.0)
(26.597387, 20.328968, 0.0)
(26.595144, 20.326838, 0.0)
(26.567051, 20.346485, 0.0)
(26.552643, 20.347593, 0.0)
(26.560747, 20.350599, 0.0)
(26.564762, 20.335613, 0.0)
(26.552753, 20.341152, 0.0)
(26.522425, 20.395433, 0.0)
(26.516895, 20.384428, 0.0)
(26.521353, 20.436146, 0.0)
(26.512978, 20.425339, 0.0)
(26.493553, 20.394083, 0.0)
(26.488216, 20.402958, 0.0)
(26.494572, 20.432531, 0.0)
(26.501556, 20.449703, 0.0)
(26.506136, 20.452122, 0.0)
(26.490316, 20.447102, 0.0)
(26.476170, 20.448185, 0.0)
(26.474424, 20.359362, 0.0)
(26.488474, 20.329514, 0.0)
(26.478853, 20.355120, 0.0)
(26.470337, 20.411924, 0.0)
(26.846428, 20.288624, 0.0)
(31.814602, 19.077776, 0.0)
(36.496006, 19.187630, 0.0)
(37.868065, 19.390959, 0.0)
(38.005947, 19.398092, 0.0)
(37.974960, 19.371122, 0.0)
(38.296188, 19.544107, 0.0)
(38.441521, 19.634043, 0.0)
(38.412003, 19.608496, 0.0)
(38.430260, 19.593981, 0.0)
(38.438007, 19.579010, 0.0)
(38.442818, 19.562431, 0.0)
(38.456154, 19.561432, 0.0)
(38.730694, 19.621393, 0.0)
(38.773113, 19.596659, 0.0)
(38.762138, 19.555002, 0.0)
(38.753334, 19.535143, 0.0)
(38.763077, 19.544172, 0.0)
(38.769272, 19.544764, 0.0)
(38.821018, 19.501928, 0.0)
(38.829132, 19.441610, 0.0)
(38.849022, 19.423571, 0.0)
(38.850212, 19.432478, 0.0)
(38.829613, 19.449965, 0.0)
(38.829613, 19.449965, 0.0)
(38.854744, 19.424946, 0.0)
(38.859917, 19.423363, 0.0)
(38.855808, 19.413033, 0.0)
(38.860954, 19.411421, 0.0)
(38.868481, 19.424881, 0.0)
(38.860954, 19.411421, 0.0)
(38.865559, 19.417374, 0.0)
(38.870846, 19.406525, 0.0)
(38.863976, 19.392807, 0.0)
(38.881622, 19.388281, 0.0)
(38.856144, 19.394291, 0.0)
(38.866909, 19.409460, 0.0)
(38.853207, 19.386738, 0.0)
(38.866173, 19.376047, 0.0)
(36.382317, 19.964407, 0.0)
(32.965347, 20.643246, 0.0)
(30.060757, 22.225817, 0.0)
(27.977346, 23.467289, 0.0)
(27.051188, 24.065195, 0.0)
(26.983828, 24.161615, 0.0)
(26.891018, 24.129066, 0.0)
(26.785427, 24.148109, 0.0)
(26.462540, 24.709187, 0.0)
(26.305792, 24.790951, 0.0)
(26.282837, 24.803656, 0.0)
(26.269567, 24.808399, 0.0)
(26.262667, 24.798311, 0.0)
(26.248455, 24.781523, 0.0)
(26.241325, 24.743706, 0.0)
(26.224791, 24.747274, 0.0)
(26.200365, 24.798454, 0.0)
(26.193758, 24.787693, 0.0)
(26.198257, 24.739687, 0.0)
(26.189566, 24.792366, 0.0)
(26.172234, 24.796398, 0.0)
(26.138409, 24.778870, 0.0)
(26.113295, 24.796309, 0.0)
(26.125208, 24.770075, 0.0)
(26.121925, 24.734432, 0.0)
(26.090422, 24.711679, 0.0)
(26.090059, 24.770979, 0.0)
(26.096415, 24.786964, 0.0)
(26.080471, 24.801207, 0.0)
(26.090826, 24.793861, 0.0)
(26.078680, 24.782673, 0.0)
(26.069782, 24.752399, 0.0)
(26.062651, 24.751215, 0.0)
(26.069309, 24.779488, 0.0)
(26.062651, 24.751215, 0.0)
(26.062250, 24.707100, 0.0)
(27.593578, 23.238018, 0.0)
(32.392315, 21.513741, 0.0)
(36.837772, 20.918476, 0.0)
(40.161533, 21.058630, 0.0)
(41.789455, 21.534733, 0.0)
(41.880859, 21.497192, 0.0)
(41.873592, 21.516050, 0.0)
(41.876675, 21.585684, 0.0)
(41.900436, 21.607832, 0.0)
(41.954498, 21.243002, 0.0)
(41.938202, 21.169231, 0.0)
(41.954914, 21.173845, 0.0)
(41.969063, 21.154383, 0.0)
(41.964802, 21.136988, 0.0)
(41.952408, 21.135664, 0.0)
(41.961754, 21.176495, 0.0)
(41.940979, 21.123886, 0.0)
(41.952541, 21.109312, 0.0)
(41.985336, 21.123800, 0.0)
(42.015228, 21.108965, 0.0)
(42.015770, 21.099869, 0.0)
(42.019161, 21.103647, 0.0)
(42.028484, 21.095638, 0.0)
(42.028484, 21.095638, 0.0)
(42.038830, 21.080956, 0.0)
(42.051983, 21.077133, 0.0)
(42.050514, 21.068266, 0.0)
(42.054054, 21.076092, 0.0)
(42.017418, 21.068308, 0.0)
(42.023964, 21.084463, 0.0)
(42.033447, 21.095385, 0.0)
(42.024220, 21.061892, 0.0)
(41.991451, 21.110699, 0.0)
(41.978329, 21.125698, 0.0)
(42.000412, 21.103111, 0.0)
(42.024220, 21.061892, 0.0)
(42.020184, 21.077431, 0.0)
(42.014179, 21.059298, 0.0)
(41.652664, 21.268005, 0.0)
(37.696922, 22.331968, 0.0)
(37.191093, 22.380503, 0.0)
(37.006302, 22.406803, 0.0)
(36.980381, 22.351505, 0.0)
(36.972565, 22.329756, 0.0)
(36.963318, 22.315367, 0.0)
(36.938370, 22.300112, 0.0)
(36.918568, 22.285942, 0.0)
(36.954334, 22.262341, 0.0)
(37.131302, 22.389475, 0.0)
(37.156345, 22.371349, 0.0)
(37.127663, 22.384762, 0.0)
(37.129223, 22.432081, 0.0)
(37.136074, 22.436722, 0.0)
(37.110588, 22.382666, 0.0)
(37.115437, 22.368185, 0.0)
(37.122372, 22.348120, 0.0)
(37.103123, 22.315367, 0.0)
(37.079205, 22.320721, 0.0)
(37.077122, 22.307415, 0.0)
(37.070457, 22.309633, 0.0)
(37.065903, 22.326538, 0.0)
(37.096054, 22.415352, 0.0)
(37.089741, 22.447939, 0.0)
(37.078480, 22.427231, 0.0)
(37.078335, 22.408487, 0.0)
(37.045555, 22.359844, 0.0)
(37.005901, 22.342478, 0.0)
(37.015282, 22.367384, 0.0)
(36.965115, 22.416307, 0.0)
(36.950089, 22.424513, 0.0)
(36.947414, 22.388041, 0.0)
(36.931057, 22.391495, 0.0)
(36.946869, 22.387199, 0.0)
(36.928719, 22.473797, 0.0)
(36.920597, 22.436558, 0.0)
(38.194969, 21.824083, 0.0)
(41.277287, 20.967289, 0.0)
(42.720150, 21.083553, 0.0)
(42.895393, 20.990932, 0.0)
(42.898151, 20.964102, 0.0)
(42.896229, 20.983883, 0.0)
(42.911095, 20.988277, 0.0)
(42.906670, 20.996555, 0.0)
(42.909920, 20.991161, 0.0)
(42.931328, 20.983454, 0.0)
(42.934570, 20.974195, 0.0)
(42.923538, 20.955149, 0.0)
(42.919968, 20.933569, 0.0)
(42.926861, 20.927179, 0.0)
(42.919441, 20.869921, 0.0)
(42.930912, 20.899633, 0.0)
(42.940979, 20.906332, 0.0)
(42.935867, 20.904720, 0.0)
(42.933636, 20.912081, 0.0)
(42.917149, 20.936752, 0.0)
(42.929520, 20.953306, 0.0)
(42.920845, 20.958242, 0.0)
(42.917713, 20.971804, 0.0)
(42.949036, 20.988161, 0.0)
(42.946480, 20.966419, 0.0)
(42.958759, 20.991867, 0.0)
(42.946480, 20.966419, 0.0)
(42.943920, 20.957310, 0.0)
(42.941986, 20.965321, 0.0)
(42.938080, 20.985018, 0.0)
(42.938080, 20.985018, 0.0)
(42.940586, 20.977957, 0.0)
(42.942501, 20.970041, 0.0)
(42.944935, 20.974089, 0.0)
(42.936264, 20.970537, 0.0)
(42.933781, 20.977600, 0.0)
(42.947479, 20.958010, 0.0)
(42.952110, 20.930340, 0.0)
(41.558407, 20.250839, 0.0)
(38.006119, 18.612127, 0.0)
(34.318050, 18.635115, 0.0)
(32.666126, 18.912651, 0.0)
(32.452553, 18.921669, 0.0)
(32.372776, 18.876284, 0.0)
(32.308285, 18.760593, 0.0)
(32.298767, 18.760557, 0.0)
(32.310112, 18.649939, 0.0)
(32.325821, 18.538321, 0.0)
(32.315666, 18.549946, 0.0)
(32.289848, 18.538683, 0.0)
(32.270031, 18.517836, 0.0)
(32.259895, 18.505783, 0.0)
(32.265270, 18.481892, 0.0)
(32.365189, 18.448250, 0.0)
(32.372826, 18.456423, 0.0)
(32.360256, 18.443497, 0.0)
(32.361691, 18.450556, 0.0)
(32.385193, 18.525042, 0.0)
(32.354004, 18.462181, 0.0)
(32.351154, 18.449360, 0.0)
(32.345631, 18.426645, 0.0)
(32.367146, 18.390234, 0.0)
(32.342312, 18.455307, 0.0)
(32.316299, 18.470154, 0.0)
(32.308590, 18.493832, 0.0)
(32.307224, 18.455490, 0.0)
(32.334732, 18.399258, 0.0)
(32.333569, 18.385389, 0.0)
(32.307114, 18.417686, 0.0)
(32.301338, 18.409534, 0.0)
(32.292835, 18.377951, 0.0)
(32.328102, 18.364836, 0.0)
(32.325584, 18.342888, 0.0)
(32.317348, 18.335199, 0.0)
(31.762802, 17.882353, 0.0)
(29.581364, 16.256721, 0.0)
(28.327501, 16.281982, 0.0)
(28.225069, 16.336523, 0.0)
(28.228220, 16.333630, 0.0)
(28.197872, 16.320272, 0.0)
(28.176252, 16.332241, 0.0)
(28.170845, 16.335848, 0.0)
(28.151987, 16.339569, 0.0)
(28.168381, 16.319860, 0.0)
(28.160799, 16.312588, 0.0)
(28.152388, 16.341919, 0.0)
(28.156771, 16.345753, 0.0)
(28.149527, 16.328676, 0.0)
(28.155586, 16.315672, 0.0)
(28.165714, 16.290134, 0.0)
(28.150221, 16.287899, 0.0)
(28.139595, 16.307869, 0.0)
(28.152388, 16.341919, 0.0)
(28.140516, 16.344898, 0.0)
(28.130362, 16.354153, 0.0)
(28.134632, 16.357979, 0.0)
(28.130362, 16.354153, 0.0)
(28.116129, 16.343922, 0.0)
(28.116129, 16.343922, 0.0)
(28.116640, 16.389170, 0.0)
(28.108891, 16.398796, 0.0)
(28.110970, 16.392200, 0.0)
(28.125315, 16.373991, 0.0)
(28.119684, 16.377029, 0.0)
(28.108513, 16.375637, 0.0)
(28.127605, 16.363243, 0.0)
(28.123585, 16.368898, 0.0)
(28.125965, 16.360369, 0.0)
(28.103470, 16.374077, 0.0)
(28.102224, 16.429974, 0.0)
(28.101673, 16.460979, 0.0)
(28.098444, 16.479620, 0.0)
(29.504915, 16.980423, 0.0)
(33.025673, 19.294802, 0.0)
(36.802536, 22.165567, 0.0)
(38.745052, 23.897909, 0.0)
(38.732178, 24.011967, 0.0)
(38.598003, 23.986013, 0.0)
(38.761257, 24.191978, 0.0)
(39.050941, 24.726383, 0.0)
(39.051270, 24.737888, 0.0)
(39.046871, 24.732628, 0.0)
(39.063141, 24.903551, 0.0)
(39.116310, 24.735817, 0.0)
(39.105015, 24.721973, 0.0)
(39.071144, 24.717159, 0.0)
(39.061337, 24.713379, 0.0)
(39.046604, 24.741995, 0.0)
(39.042587, 24.729942, 0.0)
(39.023590, 24.714907, 0.0)
(39.012047, 24.701569, 0.0)
(39.005062, 24.698219, 0.0)
(38.976116, 24.680986, 0.0)
(38.969849, 24.692236, 0.0)
(38.948776, 24.694790, 0.0)
(38.899075, 24.752329, 0.0)
(38.882214, 24.737888, 0.0)
(38.886848, 24.736464, 0.0)
(38.880066, 24.710411, 0.0)
(38.882214, 24.737888, 0.0)
(38.876045, 24.741310, 0.0)
(38.860783, 24.760611, 0.0)
(38.874279, 24.687429, 0.0)
(38.892357, 24.603764, 0.0)
(38.877079, 24.631178, 0.0)
(38.885128, 24.643915, 0.0)
(38.896549, 24.604073, 0.0)
(38.934772, 24.587486, 0.0)
(38.915386, 24.578978, 0.0)
(38.947926, 24.589676, 0.0)
(38.909782, 24.653898, 0.0)
(38.962154, 24.657185, 0.0)
(40.813385, 22.470064, 0.0)
(42.685959, 21.671066, 0.0)
(43.026604, 21.501783, 0.0)
(43.063187, 21.507055, 0.0)
(43.066212, 21.596668, 0.0)
(43.086071, 21.555141, 0.0)
(43.100269, 21.473146, 0.0)
(43.121731, 21.494375, 0.0)
(43.154861, 21.486109, 0.0)
(43.150402, 21.492367, 0.0)
(43.151848, 21.504274, 0.0)
(43.163902, 21.514641, 0.0)
(43.166885, 21.495781, 0.0)
(43.168194, 21.497437, 0.0)
(43.183109, 21.525238, 0.0)
(43.159668, 21.494032, 0.0)
(43.161968, 21.440920, 0.0)
(43.161217, 21.466063, 0.0)
(43.152534, 21.463192, 0.0)
(43.157639, 21.458942, 0.0)
(43.161968, 21.479733, 0.0)
(43.156357, 21.501844, 0.0)
(43.182625, 21.575024, 0.0)
(43.182343, 21.562874, 0.0)
(43.152534, 21.463192, 0.0)
(43.154827, 21.427591, 0.0)
(43.159924, 21.423489, 0.0)
(43.161686, 21.403328, 0.0)
(43.152405, 21.425390, 0.0)
(43.127121, 21.481354, 0.0)
(43.121113, 21.494822, 0.0)
(43.108459, 21.476439, 0.0)
(43.106091, 21.532782, 0.0)
(43.106091, 21.532782, 0.0)
(43.079350, 21.437761, 0.0)
(41.680531, 20.234898, 0.0)
(38.318634, 17.837856, 0.0)
(37.985840, 17.680838, 0.0)
(37.916885, 17.650249, 0.0)
(37.878746, 17.607872, 0.0)
(38.475639, 17.812454, 0.0)
(38.538589, 17.839174, 0.0)
(38.501141, 17.763725, 0.0)
(38.514324, 17.766787, 0.0)
(38.556198, 17.764103, 0.0)
(38.555721, 17.746792, 0.0)
(38.546722, 17.783989, 0.0)
(38.558006, 17.805418, 0.0)
(38.552044, 17.798145, 0.0)
(38.534306, 17.755184, 0.0)
(38.534306, 17.755184, 0.0)
(38.516266, 17.804834, 0.0)
(38.513859, 17.777874, 0.0)
(38.510063, 17.770212, 0.0)
(38.510334, 17.761944, 0.0)
(38.493122, 17.750238, 0.0)
(38.493122, 17.750238, 0.0)
(38.504173, 17.757265, 0.0)
(38.479671, 17.743240, 0.0)
(38.478348, 17.761202, 0.0)
(38.500233, 17.812889, 0.0)
(38.500771, 17.804300, 0.0)
(38.495235, 17.800415, 0.0)
(38.492737, 17.776299, 0.0)
(38.487156, 17.772308, 0.0)
(38.487156, 17.772308, 0.0)
(38.481976, 17.732073, 0.0)
(38.481976, 17.732073, 0.0)
(38.472752, 17.718960, 0.0)
(38.505234, 17.737215, 0.0)
(38.509727, 17.761459, 0.0)
(38.505554, 17.791965, 0.0)
(38.499695, 17.804850, 0.0)
(36.470135, 19.329914, 0.0)
(33.850159, 21.260201, 0.0)
(33.310101, 21.837620, 0.0)
(33.145039, 21.806265, 0.0)
(33.094303, 21.743589, 0.0)
(33.025105, 21.738867, 0.0)
(32.962887, 21.708124, 0.0)
(32.633877, 21.662699, 0.0)
(32.568974, 21.591961, 0.0)
(32.536503, 21.586876, 0.0)
(32.460442, 21.652727, 0.0)
(32.440285, 21.655182, 0.0)
(32.411667, 21.639214, 0.0)
(32.408051, 21.590883, 0.0)
(32.563988, 21.471172, 0.0)
(32.557507, 21.424011, 0.0)
(32.519291, 21.432518, 0.0)
(32.529236, 21.456507, 0.0)
(32.494831, 21.461645, 0.0)
(32.465820, 21.480310, 0.0)
(32.473778, 21.450630, 0.0)
(32.439514, 21.403189, 0.0)
(32.434032, 21.352226, 0.0)
(32.417091, 21.359076, 0.0)
(32.376026, 21.393251, 0.0)
(32.365520, 21.371506, 0.0)
(32.370735, 21.345282, 0.0)
(32.351952, 21.338884, 0.0)
(32.324780, 21.366259, 0.0)
(32.311050, 21.403288, 0.0)
(32.295395, 21.386738, 0.0)
(32.300529, 21.396162, 0.0)
(32.307083, 21.368498, 0.0)
(32.302250, 21.352013, 0.0)
(32.295555, 21.380447, 0.0)
(32.286942, 21.393820, 0.0)
(32.304657, 21.407877, 0.0)
(32.316803, 21.400810, 0.0)
(34.385841, 20.088436, 0.0)
(38.256058, 18.610802, 0.0)
(41.067947, 19.181122, 0.0)
(41.540100, 19.428223, 0.0)
(41.662659, 19.435932, 0.0)
(41.674763, 19.422054, 0.0)
(41.685581, 19.427086, 0.0)
(41.692093, 19.408018, 0.0)
(41.725658, 19.433437, 0.0)
(41.744389, 19.384382, 0.0)
(41.755432, 19.398449, 0.0)
(41.755432, 19.398449, 0.0)
(41.755432, 19.398449, 0.0)
(41.755432, 19.398449, 0.0)
(41.755432, 19.398449, 0.0)
(41.755459, 19.428303, 0.0)
(41.794964, 19.712112, 0.0)
(41.792042, 19.727472, 0.0)
(41.796352, 19.721657, 0.0)
(41.796352, 19.721657, 0.0)
(41.789017, 19.683655, 0.0)
(41.795582, 19.702803, 0.0)
(41.797039, 19.731274, 0.0)
(41.792713, 19.737150, 0.0)
(41.792042, 19.727472, 0.0)
(41.799938, 19.708279, 0.0)
(41.797188, 19.681162, 0.0)
(41.775444, 19.623310, 0.0)
(41.770412, 19.626791, 0.0)
(41.770786, 19.605322, 0.0)
(41.761429, 19.600000, 0.0)
(41.756004, 19.602205, 0.0)
(41.756004, 19.602205, 0.0)
(41.747231, 19.662552, 0.0)
(41.742943, 19.667873, 0.0)
(41.747231, 19.662552, 0.0)
(41.750618, 19.596067, 0.0)
(39.630825, 17.983511, 0.0)
(35.560955, 15.904041, 0.0)
(32.148914, 16.286037, 0.0)
(29.887411, 16.954084, 0.0)
(29.864334, 16.993263, 0.0)
(29.825098, 16.977337, 0.0)
(29.794806, 16.975990, 0.0)
(29.712818, 17.008709, 0.0)
(29.984711, 16.990570, 0.0)
(30.037224, 16.984615, 0.0)
(29.992941, 16.979364, 0.0)
(29.985207, 16.960794, 0.0)
(29.961740, 16.932938, 0.0)
(29.997192, 16.956106, 0.0)
(30.003046, 16.955328, 0.0)
(30.002949, 16.945824, 0.0)
(29.994637, 16.937088, 0.0)
(29.990738, 16.920557, 0.0)
(29.953489, 16.943829, 0.0)
(29.940798, 16.999512, 0.0)
(29.932613, 17.014582, 0.0)
(29.911634, 16.983908, 0.0)
(29.930929, 16.918051, 0.0)
(29.930929, 16.918051, 0.0)
(29.932343, 16.953760, 0.0)
(29.908089, 17.005014, 0.0)
(29.913044, 17.034782, 0.0)
(29.914377, 17.049116, 0.0)
(29.918953, 17.046316, 0.0)
(29.909296, 17.054028, 0.0)
(29.919312, 17.062880, 0.0)
(29.918608, 17.075369, 0.0)
(29.912733, 17.104931, 0.0)
(29.936861, 17.123669, 0.0)
(29.960108, 17.109426, 0.0)
(29.966614, 17.119194, 0.0)
(29.989723, 17.156126, 0.0)
(29.971455, 17.149691, 0.0)
(29.980732, 17.142271, 0.0)
(29.148685, 17.310526, 0.0)
(26.323463, 17.904552, 0.0)
(25.623541, 18.267174, 0.0)
(25.532408, 18.354174, 0.0)
(25.518553, 18.351696, 0.0)
(25.443531, 18.329044, 0.0)
(25.270504, 18.334194, 0.0)
(25.232439, 18.299856, 0.0)
(25.224428, 18.318394, 0.0)
(25.216032, 18.323584, 0.0)
(25.169579, 18.377182, 0.0)
(25.095638, 18.375525, 0.0)
(25.077017, 18.348776, 0.0)
(25.080027, 18.332991, 0.0)
(25.053593, 18.366758, 0.0)
(25.044985, 18.374062, 0.0)
(25.065815, 18.291277, 0.0)
(25.054506, 18.283941, 0.0)
(25.059225, 18.258558, 0.0)
(25.042500, 18.280430, 0.0)
(25.037535, 18.284716, 0.0)
(25.029139, 18.264364, 0.0)
(25.057817, 18.247919, 0.0)
(25.109827, 18.194473, 0.0)
(25.136829, 18.175814, 0.0)
(25.128828, 18.203106, 0.0)
(25.135130, 18.192163, 0.0)
(25.136095, 18.178982, 0.0)
(25.149220, 18.144159, 0.0)
(25.183107, 18.143423, 0.0)
(25.180048, 18.149858, 0.0)
(25.173197, 18.173220, 0.0)
(25.175674, 18.170012, 0.0)
(25.205509, 18.121233, 0.0)
(25.193321, 18.126495, 0.0)
(25.197079, 18.129543, 0.0)
(28.061674, 17.089882, 0.0)
(33.077438, 16.795586, 0.0)
(36.094189, 17.306427, 0.0)
(36.132820, 17.219730, 0.0)
(36.164982, 17.165758, 0.0)
(36.128624, 17.113043, 0.0)
(36.517952, 17.539484, 0.0)
(36.536087, 17.599096, 0.0)
(36.527546, 17.593092, 0.0)
(36.518925, 17.533777, 0.0)
(36.267227, 17.383213, 0.0)
(36.264042, 17.283875, 0.0)
(36.266464, 17.211399, 0.0)
(36.341637, 17.012207, 0.0)
(36.363434, 17.169600, 0.0)
(36.376198, 17.262625, 0.0)
(36.375656, 17.241629, 0.0)
(36.389587, 17.283415, 0.0)
(36.378006, 17.273333, 0.0)
(36.379723, 17.265934, 0.0)
(36.404560, 17.304888, 0.0)
(36.420658, 17.348145, 0.0)
(36.442356, 17.363991, 0.0)
(36.449234, 17.358019, 0.0)
(36.447739, 17.357704, 0.0)
(36.442532, 17.355993, 0.0)
(36.432796, 17.377306, 0.0)
(36.432171, 17.379776, 0.0)
(36.446548, 17.361261, 0.0)
(36.432476, 17.311052, 0.0)
(36.433102, 17.285553, 0.0)
(36.438740, 17.334650, 0.0)
(36.421608, 17.312061, 0.0)
(36.421608, 17.312061, 0.0)
(36.428493, 17.265610, 0.0)
(36.425163, 17.251846, 0.0)
(36.380116, 17.333017, 0.0)
(36.590408, 19.459328, 0.0)
(34.823978, 21.439825, 0.0)
(32.397602, 21.885838, 0.0)
(31.891842, 21.994051, 0.0)
(31.764582, 21.959515, 0.0)
(31.694582, 21.948908, 0.0)
(31.656116, 21.949192, 0.0)
(31.631290, 21.985914, 0.0)
(31.621632, 21.919439, 0.0)
(33.692963, 21.766090, 0.0)
(34.363476, 21.381769, 0.0)
(34.395416, 21.371162, 0.0)
(34.337574, 21.385641, 0.0)
(34.306721, 21.377094, 0.0)
(34.300625, 21.331577, 0.0)
(34.634624, 22.083319, 0.0)
(37.619858, 24.309381, 0.0)
(38.357754, 24.518259, 0.0)
(38.422108, 24.509317, 0.0)
(38.356964, 24.468195, 0.0)
(38.353664, 24.445314, 0.0)
(39.656261, 24.265640, 0.0)
(41.972881, 22.649029, 0.0)
(42.040123, 22.173756, 0.0)
(42.017765, 22.205479, 0.0)
(41.871017, 20.893515, 0.0)
(41.601727, 17.673712, 0.0)
(41.508865, 17.214174, 0.0)
(41.460030, 17.158794, 0.0)
(41.406261, 17.175278, 0.0)
(39.405693, 16.287748, 0.0)
(34.504189, 15.247405, 0.0)
(30.671047, 15.800830, 0.0)
(29.585344, 16.104122, 0.0)
(29.359705, 16.117542, 0.0)
(29.338007, 16.092110, 0.0)
(29.300629, 16.062609, 0.0)
(30.137932, 16.159681, 0.0)
(32.624901, 16.381256, 0.0)
(32.708099, 16.445421, 0.0)
(32.700356, 16.465240, 0.0)
(32.654602, 16.442371, 0.0)
(32.366482, 16.648394, 0.0)
(32.142693, 16.700785, 0.0)
(32.128952, 16.697435, 0.0)
(32.125389, 16.607870, 0.0)
(32.099049, 16.596064, 0.0)
(32.052265, 16.612396, 0.0)
(31.991995, 16.602207, 0.0)
(31.991436, 16.619373, 0.0)
(31.989170, 16.624319, 0.0)
(32.001743, 16.614803, 0.0)
(31.991751, 16.618851, 0.0)
(31.984732, 16.635124, 0.0)
(31.987843, 16.656410, 0.0)
(31.977041, 16.642767, 0.0)
(31.963436, 16.634848, 0.0)
(31.958136, 16.643524, 0.0)
(31.962494, 16.640907, 0.0)
(31.972424, 16.645872, 0.0)
(31.978512, 16.630243, 0.0)
(31.974239, 16.633368, 0.0)
(31.968821, 16.662205, 0.0)
(31.968821, 16.662205, 0.0)
(31.974529, 16.606771, 0.0)
(31.978359, 16.571098, 0.0)
(31.969103, 16.566423, 0.0)
(31.973871, 16.599932, 0.0)
(31.980375, 16.616774, 0.0)
(31.978981, 16.648392, 0.0)
(31.978512, 16.642019, 0.0)
(31.964333, 16.593307, 0.0)
(31.972567, 16.609577, 0.0)
(35.226406, 17.295631, 0.0)
(39.491558, 19.020979, 0.0)
(41.365669, 20.365217, 0.0)
(41.420029, 20.311018, 0.0)
(41.373360, 20.314972, 0.0)
(41.623314, 20.516026, 0.0)
(41.671417, 20.601332, 0.0)
(41.634930, 20.617571, 0.0)
(41.634930, 20.617571, 0.0)
(41.627888, 20.574463, 0.0)
(41.637993, 20.535179, 0.0)
(41.651733, 20.514744, 0.0)
(41.668633, 20.524696, 0.0)
(41.687553, 20.546953, 0.0)
(41.682640, 20.534657, 0.0)
(41.702438, 20.543812, 0.0)
(41.713276, 20.531130, 0.0)
(41.725010, 20.528954, 0.0)
(41.739197, 20.511431, 0.0)
(41.743732, 20.517237, 0.0)
(41.722038, 20.461628, 0.0)
(41.728714, 20.437304, 0.0)
(41.724663, 20.440237, 0.0)
(41.731350, 20.444689, 0.0)
(41.714859, 20.421188, 0.0)
(41.721569, 20.410751, 0.0)
(41.704853, 20.419647, 0.0)
(41.704853, 20.419647, 0.0)
(41.700706, 20.423378, 0.0)
(41.694267, 20.410751, 0.0)
(41.688560, 20.394218, 0.0)
(41.680710, 20.410810, 0.0)
(41.691166, 20.396338, 0.0)
(41.650620, 20.406448, 0.0)
(41.635117, 20.434338, 0.0)
(41.638580, 20.429363, 0.0)
(41.584183, 20.400803, 0.0)
(38.504456, 18.742443, 0.0)
(38.430492, 18.693678, 0.0)
(38.390911, 18.685093, 0.0)
(38.369461, 18.658703, 0.0)
(38.372093, 18.646002, 0.0)
(38.352356, 18.642946, 0.0)
(38.391884, 18.628571, 0.0)
(38.409397, 18.615873, 0.0)
(38.405556, 18.587585, 0.0)
(37.706409, 19.394817, 0.0)
(35.001255, 21.503895, 0.0)
(31.962105, 23.676205, 0.0)
(31.545589, 23.768158, 0.0)
(31.456600, 23.700733, 0.0)
(31.520826, 23.623678, 0.0)
(36.113625, 19.443932, 0.0)
(38.396057, 18.985435, 0.0)
(38.519497, 19.153765, 0.0)
(38.442997, 19.148449, 0.0)
(38.396557, 19.163744, 0.0)
(38.388874, 19.170259, 0.0)
(38.388874, 19.170259, 0.0)
(38.391464, 19.164656, 0.0)
(38.391991, 19.165741, 0.0)
(38.388542, 19.146376, 0.0)
(38.372871, 19.105476, 0.0)
(38.396420, 19.096775, 0.0)
(38.391724, 19.099150, 0.0)
(38.359623, 19.110008, 0.0)
(38.352322, 19.117729, 0.0)
(38.362099, 19.083296, 0.0)
(38.377823, 19.024363, 0.0)
(38.368011, 19.017179, 0.0)
(38.372646, 19.021931, 0.0)
(38.359436, 19.062735, 0.0)
(38.295868, 19.026781, 0.0)
(38.297291, 19.045830, 0.0)
(38.177647, 19.101410, 0.0)
(34.369171, 19.246666, 0.0)
(31.082542, 19.956676, 0.0)
(28.547207, 21.023869, 0.0)
(27.059542, 22.099812, 0.0)
(26.410166, 22.670286, 0.0)
(26.195606, 22.745163, 0.0)
(26.135971, 22.733950, 0.0)
(26.080925, 22.731819, 0.0)
(26.026667, 22.732035, 0.0)
(25.728258, 22.806519, 0.0)
(25.645014, 22.824028, 0.0)
(25.619818, 22.807325, 0.0)
(25.588730, 22.784048, 0.0)
(25.565516, 22.713568, 0.0)
(25.557467, 22.709253, 0.0)
(25.539257, 22.722960, 0.0)
(25.539429, 22.721403, 0.0)
(25.505949, 22.722996, 0.0)
(25.488323, 22.705547, 0.0)
(25.462194, 22.691935, 0.0)
(25.451822, 22.692850, 0.0)
(25.451822, 22.692850, 0.0)
(25.445807, 22.681509, 0.0)
(25.437025, 22.666113, 0.0)
(25.429312, 22.682449, 0.0)
(25.429312, 22.682449, 0.0)
(25.415421, 22.655272, 0.0)
(25.404806, 22.656519, 0.0)
(25.357769, 22.666508, 0.0)
(25.354759, 22.742476, 0.0)
(25.348553, 22.733620, 0.0)
(25.339640, 22.679720, 0.0)
(25.351164, 22.622885, 0.0)
(25.351519, 22.621296, 0.0)
(25.371416, 22.606335, 0.0)
(25.374630, 22.602644, 0.0)
(25.388832, 22.634377, 0.0)
(25.850147, 22.687372, 0.0)
(30.373331, 22.280249, 0.0)
(34.573154, 22.409449, 0.0)
(38.010944, 22.984959, 0.0)
(40.544559, 23.930195, 0.0)
(41.389095, 24.490059, 0.0)
(41.446281, 24.508957, 0.0)
(41.461758, 24.480000, 0.0)
(41.472988, 24.467035, 0.0)
(41.695999, 24.842287, 0.0)
(41.716454, 24.926023, 0.0)
(41.689236, 24.967531, 0.0)
(41.673515, 24.978687, 0.0)
(41.689678, 24.894728, 0.0)
(41.704887, 24.927132, 0.0)
(41.697922, 24.879272, 0.0)
(41.682446, 24.827078, 0.0)
(41.657551, 24.833385, 0.0)
(41.665142, 24.803032, 0.0)
(41.657440, 24.824831, 0.0)
(41.635612, 24.851986, 0.0)
(41.642097, 24.894407, 0.0)
(41.642097, 24.894407, 0.0)
(41.630974, 24.879585, 0.0)
(41.626659, 24.883982, 0.0)
(41.632317, 24.809902, 0.0)
(41.624821, 24.748631, 0.0)
(41.587582, 24.756632, 0.0)
(41.596062, 24.784575, 0.0)
(41.587261, 24.847250, 0.0)
(41.586704, 24.850000, 0.0)
(41.605457, 24.819763, 0.0)
(41.600948, 24.819250, 0.0)
(41.603718, 24.824741, 0.0)
(41.607086, 24.830532, 0.0)
(41.603718, 24.824741, 0.0)
(41.607086, 24.801424, 0.0)
(41.665096, 24.598299, 0.0)
(41.026951, 21.323303, 0.0)
(40.519466, 19.973066, 0.0)
(40.485485, 19.933096, 0.0)
(40.499695, 19.944433, 0.0)
(40.490223, 19.946423, 0.0)
(40.480949, 19.971327, 0.0)
(40.487663, 19.988920, 0.0)
(40.472717, 19.988386, 0.0)
(40.475376, 19.975033, 0.0)
(40.481369, 19.993328, 0.0)
(40.471901, 20.022018, 0.0)
(40.464981, 19.998112, 0.0)
(40.453587, 19.955439, 0.0)
(40.472366, 19.932327, 0.0)
(40.459656, 19.953215, 0.0)
(40.458649, 19.960909, 0.0)
(40.458649, 19.960909, 0.0)
(40.447792, 19.957935, 0.0)
(40.443150, 19.954666, 0.0)
(40.440556, 19.936899, 0.0)
(40.435379, 19.936913, 0.0)
(40.429810, 19.933832, 0.0)
(40.431255, 19.927452, 0.0)
(40.399830, 19.931337, 0.0)
(40.417919, 19.940001, 0.0)
(40.408623, 19.930721, 0.0)
(40.388706, 19.926664, 0.0)
(40.382420, 19.933773, 0.0)
(40.378376, 19.950073, 0.0)
(40.384003, 19.951580, 0.0)
(40.390495, 19.911871, 0.0)
(40.390495, 19.911871, 0.0)
(40.394405, 19.938461, 0.0)
(40.394058, 19.973949, 0.0)
(40.366821, 19.988297, 0.0)
(40.365376, 20.003799, 0.0)
(40.356308, 19.980360, 0.0)
(37.583817, 20.036922, 0.0)
(34.497108, 20.151985, 0.0)
(31.899464, 20.270847, 0.0)
(30.119528, 21.379297, 0.0)
(28.101471, 22.429560, 0.0)
(27.074177, 23.040001, 0.0)
(26.748852, 23.282982, 0.0)
(26.617771, 23.282146, 0.0)
(26.541393, 23.304688, 0.0)
(25.884336, 23.500557, 0.0)
(25.782991, 23.534943, 0.0)
(25.776266, 23.526396, 0.0)
(25.759827, 23.470678, 0.0)
(25.752691, 23.462444, 0.0)
(25.738842, 23.468491, 0.0)
(25.707747, 23.445538, 0.0)
(25.674824, 23.453711, 0.0)
(25.667406, 23.431501, 0.0)
(25.610691, 23.397837, 0.0)
(25.595016, 23.415863, 0.0)
(25.616114, 23.394131, 0.0)
(25.651375, 23.392799, 0.0)
(25.638056, 23.371761, 0.0)
(25.659363, 23.394156, 0.0)
(25.646055, 23.378399, 0.0)
(25.611420, 23.367033, 0.0)
(25.633101, 23.341431, 0.0)
(25.612701, 23.381531, 0.0)
(25.579126, 23.423677, 0.0)
(25.596237, 23.409048, 0.0)
(25.598021, 23.365450, 0.0)
(25.614727, 23.361593, 0.0)
(25.614073, 23.368715, 0.0)
(25.629648, 23.402073, 0.0)
(25.614744, 23.389902, 0.0)
(25.628870, 23.368511, 0.0)
(25.627855, 23.401991, 0.0)
(25.601562, 23.370747, 0.0)
(26.312893, 21.792362, 0.0)
(27.908710, 18.078514, 0.0)
(28.044531, 17.977777, 0.0)
(28.024851, 18.034796, 0.0)
(27.984192, 18.150702, 0.0)
(27.989285, 18.161951, 0.0)
(28.277285, 18.260969, 0.0)
(28.276037, 18.301266, 0.0)
(28.251162, 18.312519, 0.0)
(28.205139, 18.336346, 0.0)
(28.186291, 18.333881, 0.0)
(28.200907, 18.314093, 0.0)
(28.217529, 18.279434, 0.0)
(28.194328, 18.320787, 0.0)
(28.214716, 18.333565, 0.0)
(28.197327, 18.340416, 0.0)
(28.214716, 18.333565, 0.0)
(28.202940, 18.340094, 0.0)
(28.172596, 18.345852, 0.0)
(28.167645, 18.385992, 0.0)
(28.167171, 18.399214, 0.0)
(28.162321, 18.385557, 0.0)
(28.163614, 18.392014, 0.0)
(28.158113, 18.371407, 0.0)
(28.154474, 18.391119, 0.0)
(28.158113, 18.371407, 0.0)
(28.146902, 18.351515, 0.0)
(28.452349, 18.279133, 0.0)
(28.458921, 18.307138, 0.0)
(28.429070, 18.312468, 0.0)
(28.404295, 18.336235, 0.0)
(28.418674, 18.306904, 0.0)
(28.420404, 18.293217, 0.0)
(28.413067, 18.301821, 0.0)
(28.404217, 18.321762, 0.0)
(28.404478, 18.302809, 0.0)
(28.393518, 18.302691, 0.0)
(29.256550, 18.469015, 0.0)
(34.102993, 19.840473, 0.0)
(36.858818, 20.816797, 0.0)
(36.925144, 20.805861, 0.0)
(36.855152, 20.760771, 0.0)
(36.871647, 20.756405, 0.0)
(36.857803, 20.755692, 0.0)
(36.817013, 20.693941, 0.0)
(36.822624, 20.685516, 0.0)
(36.812527, 20.680662, 0.0)
(36.816799, 20.673784, 0.0)
(36.802116, 20.641487, 0.0)
(36.827457, 20.610601, 0.0)
(36.828545, 20.574829, 0.0)
(36.833973, 20.636425, 0.0)
(36.787598, 20.654375, 0.0)
(36.795670, 20.678169, 0.0)
(36.795670, 20.678169, 0.0)
(36.794842, 20.684963, 0.0)
(36.797630, 20.665791, 0.0)
(36.783859, 20.705278, 0.0)
(36.750599, 20.681126, 0.0)
(36.776424, 20.668659, 0.0)
(36.777100, 20.686300, 0.0)
(36.755966, 20.665394, 0.0)
(36.754364, 20.671747, 0.0)
(36.751606, 20.668909, 0.0)
(36.746883, 20.648695, 0.0)
(36.735603, 20.674074, 0.0)
(36.710598, 20.693899, 0.0)
(36.714622, 20.682051, 0.0)
(36.702568, 20.658031, 0.0)
(36.690918, 20.644520, 0.0)
(36.699383, 20.652365, 0.0)
(36.699383, 20.652365, 0.0)
(36.690918, 20.644520, 0.0)
(36.677731, 20.650953, 0.0)
(36.694496, 20.640455, 0.0)
(35.627148, 18.189302, 0.0)
(34.938828, 15.233353, 0.0)
(34.807545, 15.077718, 0.0)
(34.758568, 15.123825, 0.0)
(34.759277, 15.128943, 0.0)
(34.344753, 15.047773, 0.0)
(34.216152, 15.033347, 0.0)
(34.178604, 15.017407, 0.0)
(34.142452, 15.035380, 0.0)
(34.137039, 15.031288, 0.0)
(34.139778, 15.032867, 0.0)
(34.110722, 15.030456, 0.0)
(34.109657, 15.019026, 0.0)
(34.154404, 14.970836, 0.0)
(34.156437, 14.912560, 0.0)
(34.145664, 14.944715, 0.0)
(34.147854, 14.991903, 0.0)
(34.127468, 15.031317, 0.0)
(34.119190, 15.042124, 0.0)
(34.106323, 15.041954, 0.0)
(34.093216, 15.009932, 0.0)
(34.093216, 15.009932, 0.0)
(34.074520, 15.037349, 0.0)
(34.080074, 15.034262, 0.0)
(34.090229, 15.045691, 0.0)
(34.083530, 15.048254, 0.0)
(34.079426, 15.034989, 0.0)
(34.076794, 15.024607, 0.0)
(34.076794, 15.024607, 0.0)
(34.075787, 15.042034, 0.0)
(34.075787, 15.042034, 0.0)
(34.077530, 15.023728, 0.0)
(34.054832, 14.986506, 0.0)
(34.073994, 14.975812, 0.0)
(34.078915, 14.980602, 0.0)
(34.074894, 15.006020, 0.0)
(34.063755, 15.026058, 0.0)
(34.052982, 15.040395, 0.0)
(35.650475, 15.280737, 0.0)
(39.279701, 16.051403, 0.0)
(41.299133, 16.957693, 0.0)
(41.408241, 17.055450, 0.0)
(41.359951, 16.961739, 0.0)
(41.357887, 16.977295, 0.0)
(41.353073, 16.958994, 0.0)
(41.361477, 16.964333, 0.0)
(41.361206, 16.955929, 0.0)
(41.371868, 17.072136, 0.0)
(41.361774, 17.196606, 0.0)
(41.368126, 17.178022, 0.0)
(41.352932, 17.146374, 0.0)
(41.360859, 17.137583, 0.0)
(41.352932, 17.146374, 0.0)
(41.343700, 17.151079, 0.0)
(41.340385, 17.177523, 0.0)
(41.341366, 17.186409, 0.0)
(41.341366, 17.186409, 0.0)
(41.341366, 17.186409, 0.0)
(41.312782, 17.180342, 0.0)
(41.333977, 17.182905, 0.0)
(41.319504, 17.169231, 0.0)
(41.309582, 17.156254, 0.0)
(41.315876, 17.152905, 0.0)
(41.315876, 17.152905, 0.0)
(41.306004, 17.161039, 0.0)
(41.296864, 17.165636, 0.0)
(41.301220, 17.178633, 0.0)
(41.336761, 17.168573, 0.0)
(41.324440, 17.109045, 0.0)
(41.328598, 17.127832, 0.0)
(41.322815, 17.127457, 0.0)
(41.323242, 17.110943, 0.0)
(41.306271, 17.091036, 0.0)
(41.325096, 17.086472, 0.0)
(41.342464, 17.063196, 0.0)
(40.654732, 17.633772, 0.0)
(40.206532, 18.236755, 0.0)
(40.152557, 18.261395, 0.0)
(40.163662, 18.263226, 0.0)
(40.152557, 18.261395, 0.0)
(40.156013, 18.229954, 0.0)
(40.311062, 18.391973, 0.0)
(40.305683, 18.511089, 0.0)
(40.277916, 18.524904, 0.0)
(40.283005, 18.552616, 0.0)
(40.290241, 18.520346, 0.0)
(40.284290, 18.503834, 0.0)
(40.295826, 18.524763, 0.0)
(40.292870, 18.493162, 0.0)
(40.287216, 18.488794, 0.0)
(40.282955, 18.463261, 0.0)
(40.270851, 18.427231, 0.0)
(40.289444, 18.377001, 0.0)
(40.263264, 18.343742, 0.0)
(40.269260, 18.515051, 0.0)
(40.237221, 18.472727, 0.0)
(40.238972, 18.457569, 0.0)
(40.241684, 18.403482, 0.0)
(40.217922, 18.381746, 0.0)
(40.183586, 18.364256, 0.0)
(40.152172, 18.382826, 0.0)
(40.170090, 18.407074, 0.0)
(40.160030, 18.362661, 0.0)
(40.140266, 18.364031, 0.0)
(40.132248, 18.381256, 0.0)
(40.123875, 18.371622, 0.0)
(40.117603, 18.382820, 0.0)
(40.113785, 18.366961, 0.0)
(40.127819, 18.367495, 0.0)
(40.127819, 18.367495, 0.0)
(40.118706, 18.356859, 0.0)
(39.575874, 18.391920, 0.0)
(36.509274, 18.851103, 0.0)
(33.560585, 20.440504, 0.0)
(30.834442, 22.030542, 0.0)
(29.411463, 22.896067, 0.0)
(29.292696, 22.993938, 0.0)
(29.209518, 23.007149, 0.0)
(29.144966, 22.980848, 0.0)
(29.090689, 22.966984, 0.0)
(28.843018, 23.142256, 0.0)
(28.778572, 23.167219, 0.0)
(28.750648, 23.148926, 0.0)
(28.683573, 23.137468, 0.0)
(28.650930, 23.119913, 0.0)
(28.604349, 23.092115, 0.0)
(28.606750, 23.099457, 0.0)
(28.619562, 23.119240, 0.0)
(28.624989, 23.141708, 0.0)
(28.580479, 23.140631, 0.0)
(28.582710, 23.134674, 0.0)
(28.567625, 23.112354, 0.0)
(28.551838, 23.105183, 0.0)
(28.533169, 23.119083, 0.0)
(28.528566, 23.101513, 0.0)
(28.312700, 23.025013, 0.0)
(28.494339, 22.822632, 0.0)
(28.601343, 22.827766, 0.0)
(28.415638, 22.789581, 0.0)
(28.350958, 22.846306, 0.0)
(28.545097, 22.781860, 0.0)
(28.556910, 22.710882, 0.0)
(28.573242, 22.703794, 0.0)
(28.562857, 22.716618, 0.0)
(28.534555, 22.808949, 0.0)
(28.631176, 23.433575, 0.0)
(28.800941, 23.286945, 0.0)
(28.724197, 22.641014, 0.0)
(28.746056, 22.450506, 0.0)
(28.749485, 22.384165, 0.0)
(28.730280, 22.450651, 0.0)
(28.590405, 23.633121, 0.0)
(28.960751, 25.093412, 0.0)
(28.908773, 24.480490, 0.0)
(28.809431, 24.206263, 0.0)
(28.815250, 24.029594, 0.0)
(28.764523, 23.887684, 0.0)
(28.783827, 23.825802, 0.0)
(28.805754, 23.761417, 0.0)
(28.795706, 23.732307, 0.0)
(28.768736, 23.725746, 0.0)
(28.763815, 23.733801, 0.0)
(28.781702, 23.699463, 0.0)
(28.757044, 23.690607, 0.0)
(28.753653, 23.704523, 0.0)
(28.750498, 23.720791, 0.0)
(28.756502, 23.696634, 0.0)
(28.772087, 23.655434, 0.0)
(28.776375, 23.606886, 0.0)
(28.770912, 23.615599, 0.0)
(28.781801, 23.645132, 0.0)
(28.769466, 23.628313, 0.0)
(28.772549, 23.621490, 0.0)
(28.769466, 23.628313, 0.0)
(28.750517, 23.599459, 0.0)
(28.769390, 23.596298, 0.0)
(28.752167, 23.605288, 0.0)
(28.779476, 23.588379, 0.0)
(28.792515, 23.586231, 0.0)
(28.783960, 23.588461, 0.0)
(28.796587, 23.589186, 0.0)
(28.792515, 23.591978, 0.0)
(28.801275, 23.604362, 0.0)
(28.813713, 23.603683, 0.0)
(28.825075, 23.586998, 0.0)
(30.941502, 23.085150, 0.0)
(34.947186, 22.561289, 0.0)
(35.030602, 22.557613, 0.0)
(34.992542, 22.510723, 0.0)
(34.987942, 22.487583, 0.0)
(34.988560, 22.500044, 0.0)
(34.982094, 22.513147, 0.0)
(34.956356, 22.509193, 0.0)
(34.938305, 22.505358, 0.0)
(34.957363, 22.471434, 0.0)
(34.940125, 22.446795, 0.0)
(34.928646, 22.452003, 0.0)
(34.881294, 22.486937, 0.0)
(34.882153, 22.512026, 0.0)
(34.872513, 22.464170, 0.0)
(34.869347, 22.475779, 0.0)
(34.858128, 22.466719, 0.0)
(34.857746, 22.490475, 0.0)
(34.854759, 22.522825, 0.0)
(34.841454, 22.512386, 0.0)
(34.834061, 22.530436, 0.0)
(34.846146, 22.481216, 0.0)
(34.849472, 22.451366, 0.0)
(34.849472, 22.451366, 0.0)
(34.845650, 22.490528, 0.0)
(34.835213, 22.481211, 0.0)
(34.837486, 22.466078, 0.0)
(34.843647, 22.475855, 0.0)
(34.849815, 22.519377, 0.0)
(34.846252, 22.542355, 0.0)
(34.835484, 22.532166, 0.0)
(34.838936, 22.549662, 0.0)
(34.844856, 22.477785, 0.0)
(34.837093, 22.446556, 0.0)
(34.833847, 22.465408, 0.0)
(34.840919, 22.502605, 0.0)
(35.899250, 20.721409, 0.0)
(38.657486, 17.873903, 0.0)
(40.224556, 17.455917, 0.0)
(40.341316, 17.458307, 0.0)
(40.358089, 17.474150, 0.0)
(40.361629, 17.486603, 0.0)
(40.357857, 17.462238, 0.0)
(40.356121, 17.444386, 0.0)
(40.333698, 17.480619, 0.0)
(40.319691, 17.497499, 0.0)
(40.324287, 17.501148, 0.0)
(40.338715, 17.441759, 0.0)
(40.336155, 17.378296, 0.0)
(40.341934, 17.435320, 0.0)
(40.340038, 17.443001, 0.0)
(40.338337, 17.414942, 0.0)
(40.329079, 17.440224, 0.0)
(40.324375, 17.400282, 0.0)
(40.329731, 17.399332, 0.0)
(40.329731, 17.399332, 0.0)
(40.322353, 17.407104, 0.0)
(40.313683, 17.416496, 0.0)
(40.297749, 17.405203, 0.0)
(40.291988, 17.416264, 0.0)
(40.283688, 17.400982, 0.0)
(40.286705, 17.413010, 0.0)
(40.281013, 17.413233, 0.0)
(40.297920, 17.413454, 0.0)
(40.275532, 17.383760, 0.0)
(40.276005, 17.406593, 0.0)
(40.276005, 17.406593, 0.0)
(40.259499, 17.396564, 0.0)
(40.257137, 17.382380, 0.0)
(40.263096, 17.396273, 0.0)
(40.278706, 17.413721, 0.0)
(40.259552, 17.426367, 0.0)
(40.529018, 17.720615, 0.0)
(41.550461, 18.639788, 0.0)
(41.618496, 18.790688, 0.0)
(41.606983, 18.783358, 0.0)
(41.618496, 18.789427, 0.0)
(41.684971, 18.815384, 0.0)
(41.786858, 18.863422, 0.0)
(41.803467, 18.856390, 0.0)
(41.801971, 18.785425, 0.0)
(41.807259, 18.809584, 0.0)
(41.786926, 18.816761, 0.0)
(41.798161, 18.859016, 0.0)
(41.781925, 18.836206, 0.0)
(41.781448, 18.775091, 0.0)
(41.776939, 18.817530, 0.0)
(41.776619, 18.838709, 0.0)
(41.776939, 18.817530, 0.0)
(41.782349, 18.793943, 0.0)
(41.782349, 18.793943, 0.0)
(41.780525, 18.825998, 0.0)
(41.764904, 18.854053, 0.0)
(41.763226, 18.878685, 0.0)
(41.753342, 18.877745, 0.0)
(41.762131, 18.832634, 0.0)
(41.749023, 18.793150, 0.0)
(41.757050, 18.835917, 0.0)
(41.758797, 18.854456, 0.0)
(41.758797, 18.854456, 0.0)
(41.748325, 18.820087, 0.0)
(41.750126, 18.808182, 0.0)
(41.744110, 18.805052, 0.0)
(41.720505, 18.763802, 0.0)
(41.723534, 18.681318, 0.0)
(41.718967, 18.709463, 0.0)
(41.699673, 18.790039, 0.0)
(41.693539, 18.809307, 0.0)
(41.685062, 18.774128, 0.0)
(41.664429, 18.727516, 0.0)
(41.669167, 18.798679, 0.0)
(41.258163, 21.651308, 0.0)
(40.700672, 23.699762, 0.0)
(40.594322, 23.808413, 0.0)
(40.576771, 23.776503, 0.0)
(40.563759, 23.751163, 0.0)
(40.545029, 23.783178, 0.0)
(40.545391, 23.848215, 0.0)
(40.553528, 23.833847, 0.0)
(40.561913, 23.792021, 0.0)
(40.543236, 23.801088, 0.0)
(40.556316, 23.839005, 0.0)
(40.511444, 23.877539, 0.0)
(40.511917, 23.884327, 0.0)
(40.526985, 23.860472, 0.0)
(40.505394, 23.837040, 0.0)
(40.495659, 23.863317, 0.0)
(40.500469, 23.890261, 0.0)
(40.476685, 23.862118, 0.0)
(40.475124, 23.821739, 0.0)
(40.470367, 23.822844, 0.0)
(40.476986, 23.862041, 0.0)
(40.462662, 23.862555, 0.0)
(40.472237, 23.863247, 0.0)
(40.467461, 23.863836, 0.0)
(40.461956, 23.858713, 0.0)
(40.472054, 23.866302, 0.0)
(40.476196, 23.862516, 0.0)
(40.483788, 23.905663, 0.0)
(40.497402, 23.948771, 0.0)
(40.496494, 23.941111, 0.0)
(40.503571, 23.905918, 0.0)
(40.494831, 23.910685, 0.0)
(40.495361, 23.925177, 0.0)
(40.499031, 23.916626, 0.0)
(40.500408, 23.903187, 0.0)
(40.495426, 23.921291, 0.0)
(40.483612, 23.930277, 0.0)
(40.470467, 23.986050, 0.0)
(40.483612, 23.930277, 0.0)
(42.233891, 24.252525, 0.0)
(42.979778, 24.253645, 0.0)
(43.024067, 24.295174, 0.0)
(42.986961, 24.303398, 0.0)
(43.000435, 24.318720, 0.0)
(43.004440, 24.270769, 0.0)
(43.018291, 24.193304, 0.0)
(43.048508, 24.180656, 0.0)
(43.082039, 24.177057, 0.0)
(43.070274, 24.174936, 0.0)
(43.033691, 24.169685, 0.0)
(42.857025, 24.189993, 0.0)
(43.026115, 24.386688, 0.0)
(42.957336, 23.822710, 0.0)
(42.981323, 23.898621, 0.0)
(43.009548, 23.852230, 0.0)
(43.041218, 23.834747, 0.0)
(43.037369, 23.839811, 0.0)
(43.027294, 23.923775, 0.0)
(43.007153, 23.918558, 0.0)
(43.031811, 23.931459, 0.0)
(43.027557, 23.971018, 0.0)
(43.007153, 23.918558, 0.0)
(43.011219, 23.957705, 0.0)
(43.046822, 23.935385, 0.0)
(43.044998, 23.883934, 0.0)
(43.040100, 23.837446, 0.0)
(43.057693, 23.845955, 0.0)
(43.057823, 23.836557, 0.0)
(43.053371, 23.850636, 0.0)
(43.041443, 23.841528, 0.0)
(43.034779, 23.863924, 0.0)
(43.046921, 23.876101, 0.0)
(43.046921, 23.876101, 0.0)
(43.055485, 23.845945, 0.0)
(40.836620, 21.527151, 0.0)
(37.166485, 18.086222, 0.0)
(33.675255, 16.973166, 0.0)
(30.404503, 17.348692, 0.0)
(28.102539, 18.450836, 0.0)
(26.899233, 19.241745, 0.0)
(26.770065, 19.300930, 0.0)
(26.692753, 19.272934, 0.0)
(26.567135, 19.333626, 0.0)
(26.000921, 19.560169, 0.0)
(25.838701, 19.526739, 0.0)
(25.883432, 19.481752, 0.0)
(25.857370, 19.482397, 0.0)
(25.802635, 19.466852, 0.0)
(25.765352, 19.453613, 0.0)
(25.731409, 19.448420, 0.0)
(25.721258, 19.488699, 0.0)
(25.709253, 19.508268, 0.0)
(25.715523, 19.461256, 0.0)
(25.715523, 19.461256, 0.0)
(25.700832, 19.429644, 0.0)
(25.708189, 19.448385, 0.0)
(25.710428, 19.457209, 0.0)
(25.689703, 19.463581, 0.0)
(25.706158, 19.463278, 0.0)
(25.701496, 19.477011, 0.0)
(25.709946, 19.468908, 0.0)
(25.743505, 19.482672, 0.0)
(25.738605, 19.454687, 0.0)
(25.743595, 19.424778, 0.0)
(25.727003, 19.464245, 0.0)
(25.743401, 19.438541, 0.0)
(25.766521, 19.466196, 0.0)
(25.763094, 19.472393, 0.0)
(25.759684, 19.467964, 0.0)
(25.805828, 19.495762, 0.0)
(28.458826, 17.861990, 0.0)
(28.580591, 17.691883, 0.0)
(28.566797, 17.602875, 0.0)
(28.541212, 17.606838, 0.0)
(28.523054, 17.588657, 0.0)
(28.498276, 17.599436, 0.0)
(28.488504, 17.605619, 0.0)
(28.462000, 17.618233, 0.0)
(28.427691, 17.634998, 0.0)
(28.398315, 17.610029, 0.0)
(28.395853, 17.627832, 0.0)
(28.401516, 17.577185, 0.0)
(28.395761, 17.540911, 0.0)
(28.384655, 17.528259, 0.0)
(28.383394, 17.534996, 0.0)
(28.350302, 17.515303, 0.0)
(28.348940, 17.522039, 0.0)
(28.320738, 17.561434, 0.0)
(28.321804, 17.581841, 0.0)
(28.311577, 17.566071, 0.0)
(28.324318, 17.532867, 0.0)
(28.329111, 17.520130, 0.0)
(28.329111, 17.520130, 0.0)
(28.322340, 17.526285, 0.0)
(28.313505, 17.534491, 0.0)
(28.313505, 17.534491, 0.0)
(28.322340, 17.526285, 0.0)
(28.329111, 17.520130, 0.0)
(28.328054, 17.513487, 0.0)
(28.328054, 17.513487, 0.0)
(28.323700, 17.476923, 0.0)
(28.323700, 17.476923, 0.0)
(28.332302, 17.500305, 0.0)
(28.328106, 17.479494, 0.0)
(28.321400, 17.474991, 0.0)
(28.303522, 17.454723, 0.0)
(28.299578, 17.492889, 0.0)
(28.264191, 17.545523, 0.0)
(27.343884, 18.473644, 0.0)
(27.214121, 18.511166, 0.0)
(27.179192, 18.491638, 0.0)
(27.138838, 18.531294, 0.0)
(26.878870, 18.814360, 0.0)
(26.787992, 18.872458, 0.0)
(26.771816, 18.873346, 0.0)
(26.731804, 18.862532, 0.0)
(26.728323, 18.877338, 0.0)
(26.612526, 19.123119, 0.0)
(26.659899, 19.210674, 0.0)
(26.642481, 19.221760, 0.0)
(26.631227, 19.209547, 0.0)
(26.603756, 19.178654, 0.0)
(26.576891, 19.160101, 0.0)
(26.572317, 19.163483, 0.0)
(26.596022, 19.171829, 0.0)
(26.581640, 19.206617, 0.0)
(26.575848, 19.196009, 0.0)
(26.589472, 19.182278, 0.0)
(26.573692, 19.221489, 0.0)
(26.543352, 19.266474, 0.0)
(26.553192, 19.258265, 0.0)
(26.545786, 19.272551, 0.0)
(26.537998, 19.273846, 0.0)
(26.538054, 19.241026, 0.0)
(26.543839, 19.245344, 0.0)
(26.552578, 19.290655, 0.0)
(26.536644, 19.306496, 0.0)
(26.559561, 19.241238, 0.0)
(26.547802, 19.167595, 0.0)
(26.572474, 19.125595, 0.0)
(26.543591, 19.187344, 0.0)
(26.545000, 19.285809, 0.0)
(26.566240, 19.267134, 0.0)
(26.570173, 19.247999, 0.0)
(26.589371, 19.200600, 0.0)
(29.400627, 19.366451, 0.0)
(33.058270, 19.939508, 0.0)
(33.001591, 19.956736, 0.0)
(32.972500, 19.908092, 0.0)
(32.924854, 19.836676, 0.0)
(32.694218, 19.697414, 0.0)
(32.657455, 19.720650, 0.0)
(32.652721, 19.703854, 0.0)
(32.592396, 19.686886, 0.0)
(32.557434, 19.652588, 0.0)
(32.523525, 19.662792, 0.0)
(32.496433, 19.652531, 0.0)
(32.485111, 19.658636, 0.0)
(32.498928, 19.636282, 0.0)
(32.509125, 19.583710, 0.0)
(32.475048, 19.572590, 0.0)
(32.474075, 19.599316, 0.0)
(32.471424, 19.629696, 0.0)
(32.458244, 19.617472, 0.0)
(32.452923, 19.618277, 0.0)
(32.454815, 19.599003, 0.0)
(32.452766, 19.582090, 0.0)
(32.462658, 19.608017, 0.0)
(32.459927, 19.630013, 0.0)
(32.440666, 19.647058, 0.0)
(32.429970, 19.608875, 0.0)
(32.427910, 19.598085, 0.0)
(32.426277, 19.604353, 0.0)
(32.422916, 19.600073, 0.0)
(32.417946, 19.597948, 0.0)
(32.403130, 19.579830, 0.0)
(32.401955, 19.568047, 0.0)
(32.390095, 19.570721, 0.0)
(32.394604, 19.572161, 0.0)
(32.374718, 19.557096, 0.0)
(32.352097, 19.567204, 0.0)
(32.352097, 19.567204, 0.0)
(33.195324, 19.977299, 0.0)
(37.303234, 21.319139, 0.0)
(38.688190, 21.930012, 0.0)
(38.836143, 21.959515, 0.0)
(38.837605, 21.944616, 0.0)
(38.881218, 21.902470, 0.0)
(38.882977, 21.849888, 0.0)
(38.876572, 21.864912, 0.0)
(38.876484, 21.862400, 0.0)
(38.886280, 21.820890, 0.0)
(38.874596, 21.743151, 0.0)
(38.890675, 21.729097, 0.0)
(38.896130, 21.751232, 0.0)
(38.864315, 21.772749, 0.0)
(38.865509, 21.792820, 0.0)
(38.846016, 21.813391, 0.0)
(38.866272, 21.752810, 0.0)
(38.862740, 21.755411, 0.0)
(38.870430, 21.766638, 0.0)
(38.873814, 21.788387, 0.0)
(38.870430, 21.766638, 0.0)
(38.885498, 21.790838, 0.0)
(38.868839, 21.769451, 0.0)
(38.878811, 21.752968, 0.0)
(38.863174, 21.793863, 0.0)
(38.861847, 21.825642, 0.0)
(38.863064, 21.803713, 0.0)
(38.883682, 21.750408, 0.0)
(38.883682, 21.750408, 0.0)
(38.873165, 21.764811, 0.0)
(38.878086, 21.763636, 0.0)
(38.857029, 21.775202, 0.0)
(38.863400, 21.799957, 0.0)
(38.855297, 21.767426, 0.0)
(38.859135, 21.809906, 0.0)
(38.845459, 21.841915, 0.0)
(38.861115, 21.833038, 0.0)
(37.974426, 21.546961, 0.0)
(34.722946, 19.429552, 0.0)
(31.623291, 17.952421, 0.0)
(28.772591, 17.977520, 0.0)
(26.920181, 18.597708, 0.0)
(26.281887, 18.928308, 0.0)
(26.228365, 18.948139, 0.0)
(26.175781, 18.873198, 0.0)
(25.663265, 19.023054, 0.0)
(25.550068, 19.071943, 0.0)
(25.530851, 19.083363, 0.0)
(25.502420, 19.085129, 0.0)
(25.499353, 19.077646, 0.0)
(25.483284, 19.038776, 0.0)
(25.468550, 19.050705, 0.0)
(25.461815, 19.081266, 0.0)
(25.460220, 19.073694, 0.0)
(25.455034, 19.077639, 0.0)
(25.462917, 19.052164, 0.0)
(25.490074, 19.007999, 0.0)
(25.477001, 19.002235, 0.0)
(25.487562, 18.969749, 0.0)
(25.499294, 18.979145, 0.0)
(25.478741, 19.026325, 0.0)
(25.453964, 19.005526, 0.0)
(25.438761, 18.942566, 0.0)
(25.462875, 18.901989, 0.0)
(25.443144, 18.915117, 0.0)
(25.440340, 18.922752, 0.0)
(25.440340, 18.922752, 0.0)
(25.439821, 18.932581, 0.0)
(25.439821, 18.932581, 0.0)
(25.453465, 18.934027, 0.0)
(25.447079, 18.924105, 0.0)
(25.426769, 18.927805, 0.0)
(25.465767, 18.978273, 0.0)
(25.524153, 18.930962, 0.0)
(25.516716, 18.942095, 0.0)
(26.188679, 19.914660, 0.0)
(27.020929, 21.613792, 0.0)
(27.059076, 21.778357, 0.0)
(26.946960, 21.822723, 0.0)
(26.884172, 21.864746, 0.0)
(26.880905, 21.921713, 0.0)
(27.243385, 22.553095, 0.0)
(27.211132, 22.650248, 0.0)
(27.174044, 22.609629, 0.0)
(27.130295, 22.646154, 0.0)
(27.114086, 22.615385, 0.0)
(27.097649, 22.584753, 0.0)
(27.081093, 22.593288, 0.0)
(27.064058, 22.576466, 0.0)
(27.064713, 22.586046, 0.0)
(27.047075, 22.585474, 0.0)
(27.034916, 22.564495, 0.0)
(27.022516, 22.554140, 0.0)
(27.022516, 22.554140, 0.0)
(27.027567, 22.527811, 0.0)
(27.002291, 22.556168, 0.0)
(26.977085, 22.646742, 0.0)
(26.967318, 22.627750, 0.0)
(26.979980, 22.595526, 0.0)
(26.966505, 22.571970, 0.0)
(26.965384, 22.552786, 0.0)
(26.945528, 22.530087, 0.0)
(26.941353, 22.557096, 0.0)
(26.940399, 22.577869, 0.0)
(26.942039, 22.563549, 0.0)
(26.937395, 22.590782, 0.0)
(26.947670, 22.627092, 0.0)
(26.948080, 22.593874, 0.0)
(26.958927, 22.572416, 0.0)
(26.950003, 22.556643, 0.0)
(26.975960, 22.542114, 0.0)
(26.966520, 22.543814, 0.0)
(30.766020, 21.454655, 0.0)
(32.408112, 20.926497, 0.0)
(32.546642, 20.955597, 0.0)
(32.576740, 20.882708, 0.0)
(32.609188, 20.890650, 0.0)
(32.851608, 20.666584, 0.0)
(32.824741, 20.681381, 0.0)
(32.757519, 20.622000, 0.0)
(32.556118, 20.622459, 0.0)
(32.561615, 21.458195, 0.0)
(32.621906, 20.522165, 0.0)
(32.582420, 20.333157, 0.0)
(32.535358, 20.353235, 0.0)
(32.529076, 20.389835, 0.0)
(32.527924, 20.374777, 0.0)
(32.505402, 20.408104, 0.0)
(32.513596, 20.456978, 0.0)
(32.535999, 20.459461, 0.0)
(32.549095, 20.420448, 0.0)
(32.547306, 20.464869, 0.0)
(32.546486, 20.506058, 0.0)
(32.553692, 20.535412, 0.0)
(32.558285, 20.477869, 0.0)
(32.563457, 20.488186, 0.0)
(32.563988, 20.448023, 0.0)
(32.560135, 20.455095, 0.0)
(32.554913, 20.457411, 0.0)
(32.574406, 20.468241, 0.0)
(32.574406, 20.468241, 0.0)
(32.578197, 20.480688, 0.0)
(32.562244, 20.454294, 0.0)
(32.557049, 20.433043, 0.0)
(32.562191, 20.433048, 0.0)
(32.549068, 20.469109, 0.0)
(32.894993, 20.605175, 0.0)
(37.336109, 22.078600, 0.0)
(38.172985, 22.733374, 0.0)
(38.310837, 22.813776, 0.0)
(38.345703, 22.750704, 0.0)
(38.518520, 22.864958, 0.0)
(39.086342, 23.068502, 0.0)
(39.089588, 23.074501, 0.0)
(39.109325, 23.045288, 0.0)
(39.073387, 23.018188, 0.0)
(39.052315, 23.025043, 0.0)
(39.039257, 23.036993, 0.0)
(39.052967, 23.030455, 0.0)
(39.065517, 22.973305, 0.0)
(39.067795, 22.841183, 0.0)
(39.076820, 22.825348, 0.0)
(39.033161, 22.836906, 0.0)
(39.058083, 22.906088, 0.0)
(39.082157, 22.803085, 0.0)
(39.082851, 22.824360, 0.0)
(39.090240, 22.857504, 0.0)
(39.095905, 22.856514, 0.0)
(39.064583, 22.813589, 0.0)
(39.063206, 22.780027, 0.0)
(39.053810, 22.778746, 0.0)
(39.036282, 22.781815, 0.0)
(39.065540, 22.811445, 0.0)
(39.055450, 22.870878, 0.0)
(39.057327, 22.858433, 0.0)
(39.061947, 22.874031, 0.0)
(39.049454, 22.845585, 0.0)
(39.037037, 22.826210, 0.0)
(39.034924, 22.821896, 0.0)
(39.051918, 22.848068, 0.0)
(39.004299, 22.839685, 0.0)
(38.989586, 22.813824, 0.0)
(38.978580, 22.796381, 0.0)
(38.975666, 22.810057, 0.0)
(38.996735, 22.768042, 0.0)
(36.246502, 18.996706, 0.0)
(33.368008, 16.046694, 0.0)
(32.875771, 15.843962, 0.0)
(32.678680, 15.858220, 0.0)
(32.612366, 15.855788, 0.0)
(32.606480, 15.883533, 0.0)
(32.559319, 15.934229, 0.0)
(32.586803, 15.962783, 0.0)
(32.224251, 15.966915, 0.0)
(32.193447, 15.970806, 0.0)
(32.207127, 15.989715, 0.0)
(32.195068, 15.943413, 0.0)
(32.190380, 15.956096, 0.0)
(32.444157, 15.808464, 0.0)
(32.474167, 15.801858, 0.0)
(32.428928, 15.788902, 0.0)
(32.412403, 15.792549, 0.0)
(32.403202, 15.768600, 0.0)
(32.396530, 15.755384, 0.0)
(32.388615, 15.774812, 0.0)
(32.385696, 15.772483, 0.0)
(32.380993, 15.781713, 0.0)
(32.429111, 15.803535, 0.0)
(32.439236, 15.827006, 0.0)
(32.379105, 15.791188, 0.0)
(32.378452, 15.753091, 0.0)
(32.356140, 15.775889, 0.0)
(32.331635, 15.820847, 0.0)
(32.331635, 15.820847, 0.0)
(32.343983, 15.797750, 0.0)
(32.366135, 15.806697, 0.0)
(32.376472, 15.837828, 0.0)
(32.337364, 15.847164, 0.0)
(32.338123, 15.799776, 0.0)
(32.328121, 15.792375, 0.0)
(32.327541, 15.759489, 0.0)
(33.850670, 16.461699, 0.0)
(37.773624, 18.002831, 0.0)
(40.672146, 18.366690, 0.0)
(42.243118, 19.170609, 0.0)
(42.573273, 19.389141, 0.0)
(42.630932, 19.385548, 0.0)
(42.650894, 19.346930, 0.0)
(42.601765, 19.317596, 0.0)
(43.067570, 19.467104, 0.0)
(43.078754, 19.433691, 0.0)
(43.094246, 19.448294, 0.0)
(43.098267, 19.469906, 0.0)
(43.102341, 19.479769, 0.0)
(43.102341, 19.479769, 0.0)
(43.098267, 19.469906, 0.0)
(43.085342, 19.441854, 0.0)
(43.074318, 19.392307, 0.0)
(43.079605, 19.388933, 0.0)
(43.074318, 19.392307, 0.0)
(43.082783, 19.420128, 0.0)
(43.074318, 19.392307, 0.0)
(43.075565, 19.360001, 0.0)
(43.075565, 19.360001, 0.0)
(43.062439, 19.387388, 0.0)
(43.071602, 19.378517, 0.0)
(43.065475, 19.343216, 0.0)
(43.058453, 19.311487, 0.0)
(43.061604, 19.321968, 0.0)
(43.065475, 19.343216, 0.0)
(43.049679, 19.352003, 0.0)
(43.045898, 19.330383, 0.0)
(43.042774, 19.319721, 0.0)
(43.019226, 19.299763, 0.0)
(43.009415, 19.305342, 0.0)
(43.000153, 19.354115, 0.0)
(42.988087, 19.342340, 0.0)
(42.978672, 19.324139, 0.0)
(42.969418, 19.331493, 0.0)
(42.999504, 19.262373, 0.0)
(41.657295, 16.856134, 0.0)
(41.674603, 16.820124, 0.0)
(41.687103, 16.834381, 0.0)
(41.680447, 16.829027, 0.0)
(41.337677, 16.502378, 0.0)
(42.889729, 20.357588, 0.0)
(43.305485, 23.190062, 0.0)
(43.243473, 24.665897, 0.0)
(43.048401, 24.734217, 0.0)
(42.983299, 24.704758, 0.0)
(42.945904, 24.695440, 0.0)
(42.941795, 24.690495, 0.0)
(42.951664, 24.674065, 0.0)
(42.955803, 24.671953, 0.0)
(42.967220, 24.683289, 0.0)
(42.969715, 24.691244, 0.0)
(42.960842, 24.670942, 0.0)
(42.969490, 24.629406, 0.0)
(43.066353, 24.887491, 0.0)
(43.108868, 25.142969, 0.0)
(43.113476, 25.202429, 0.0)
(43.104828, 25.191067, 0.0)
(43.097672, 25.152807, 0.0)
(43.131451, 25.097061, 0.0)
(43.045677, 24.900150, 0.0)
(43.048042, 24.916964, 0.0)
(43.066936, 24.944124, 0.0)
(43.045940, 24.931173, 0.0)
(43.025600, 24.919880, 0.0)
(43.034168, 24.908657, 0.0)
(43.023682, 24.902828, 0.0)
(43.021893, 24.890123, 0.0)
(43.025578, 24.893782, 0.0)
(43.035248, 24.890270, 0.0)
(43.025578, 24.893782, 0.0)
(43.032913, 24.840572, 0.0)
(43.037582, 24.873186, 0.0)
(43.036995, 24.899231, 0.0)
(43.034504, 24.917343, 0.0)
(43.025417, 24.895622, 0.0)
(43.020535, 24.894007, 0.0)
(43.029324, 24.854826, 0.0)
(42.879711, 24.612547, 0.0)
(40.790798, 21.442114, 0.0)
(37.228607, 18.934540, 0.0)
(33.255512, 18.143499, 0.0)
(30.658655, 18.231005, 0.0)
(30.653063, 18.168577, 0.0)
(30.569967, 18.128410, 0.0)
(30.424353, 18.119408, 0.0)
(30.376606, 18.089701, 0.0)
(30.364748, 18.066147, 0.0)
(30.712584, 17.882677, 0.0)
(30.726490, 17.859060, 0.0)
(30.678848, 17.843231, 0.0)
(30.645226, 17.829050, 0.0)
(30.590647, 17.854546, 0.0)
(30.562172, 17.901253, 0.0)
(30.578411, 17.928328, 0.0)
(30.569817, 17.896570, 0.0)
(30.564648, 17.897406, 0.0)
(30.556545, 17.913355, 0.0)
(30.555302, 17.905998, 0.0)
(30.556534, 17.873377, 0.0)
(30.549377, 17.858089, 0.0)
(30.565763, 17.826082, 0.0)
(30.552839, 17.851765, 0.0)
(30.534849, 17.883938, 0.0)
(30.548088, 17.903986, 0.0)
(30.544785, 17.854504, 0.0)
(30.544785, 17.854504, 0.0)
(30.537489, 17.832159, 0.0)
(30.537924, 17.809410, 0.0)
(30.544752, 17.818842, 0.0)
(30.525978, 17.823902, 0.0)
(30.526466, 17.824028, 0.0)
(30.515633, 17.818275, 0.0)
(30.534267, 17.757097, 0.0)
(30.567919, 17.792948, 0.0)
(32.865326, 20.122370, 0.0)
(35.053944, 23.539354, 0.0)
(35.550022, 24.434450, 0.0)
(35.552639, 24.529627, 0.0)
(35.474224, 24.500967, 0.0)
(35.420574, 24.496279, 0.0)
(35.401302, 24.496313, 0.0)
(35.354702, 24.495504, 0.0)
(35.332657, 24.514494, 0.0)
(35.333069, 24.518303, 0.0)
(35.301441, 24.479610, 0.0)
(35.265778, 24.475454, 0.0)
(35.264217, 24.494619, 0.0)
(35.254883, 24.512568, 0.0)
(35.245678, 24.517426, 0.0)
(35.246769, 24.480301, 0.0)
(35.245300, 24.467691, 0.0)
(35.246769, 24.480301, 0.0)
(35.234940, 24.490070, 0.0)
(35.229225, 24.495262, 0.0)
(35.217400, 24.481340, 0.0)
(35.227673, 24.462530, 0.0)
(35.219994, 24.434374, 0.0)
(35.221828, 24.440615, 0.0)
(35.220566, 24.470444, 0.0)
(35.214607, 24.471794, 0.0)
(35.217400, 24.481340, 0.0)
(35.217464, 24.475145, 0.0)
(35.218792, 24.469063, 0.0)
(35.207741, 24.466919, 0.0)
(35.199745, 24.483360, 0.0)
(35.193012, 24.506517, 0.0)
(35.193012, 24.506517, 0.0)
(35.214607, 24.471794, 0.0)
(35.214607, 24.471794, 0.0)
(35.214973, 24.494749, 0.0)
(35.213413, 24.502115, 0.0)
(35.219090, 24.487640, 0.0)
(35.923733, 22.673336, 0.0)
(38.410709, 18.581671, 0.0)
(40.786129, 17.673199, 0.0)
(42.155701, 17.763229, 0.0)
(42.259686, 17.758739, 0.0)
(42.272015, 17.769230, 0.0)
(42.348721, 17.774511, 0.0)
(42.757446, 17.912668, 0.0)
(42.789711, 17.845617, 0.0)
(42.804031, 17.852451, 0.0)
(42.773884, 17.901327, 0.0)
(42.761787, 17.892540, 0.0)
(0.000000, 0.000000, 1.0)
(0.000000, 0.000000, 1.0)
(42.661736, 17.729231, 0.0)
(42.669132, 17.698462, 0.0)
(42.716225, 17.762186, 0.0)
(42.691990, 17.808792, 0.0)
(42.603973, 17.806852, 0.0)
(42.588486, 17.814646, 0.0)
(42.590977, 17.793800, 0.0)
(42.590977, 17.793800, 0.0)
(42.567329, 17.798746, 0.0)
(42.566723, 17.851042, 0.0)
(42.575840, 17.857182, 0.0)
(42.531750, 17.841436, 0.0)
(42.511440, 17.789816, 0.0)
(42.445232, 17.755720, 0.0)
(39.894863, 18.357620, 0.0)
(41.085262, 20.964819, 0.0)
(41.557308, 21.563326, 0.0)
(41.572487, 21.600927, 0.0)
(41.536701, 21.540936, 0.0)
(41.597996, 21.615461, 0.0)
(42.073547, 22.310966, 0.0)
(42.111427, 22.382324, 0.0)
(42.109207, 22.315914, 0.0)
(42.122204, 22.292221, 0.0)
(42.138432, 22.294909, 0.0)
(42.129189, 22.340435, 0.0)
(42.118080, 22.354523, 0.0)
(42.110466, 22.354443, 0.0)
(42.137966, 22.346937, 0.0)
(42.150360, 22.316202, 0.0)
(42.154118, 22.296555, 0.0)
(42.140999, 22.322659, 0.0)
(42.125351, 22.379177, 0.0)
(42.124496, 22.394762, 0.0)
(42.126041, 22.387241, 0.0)
(42.128994, 22.365583, 0.0)
(42.126598, 22.340740, 0.0)
(42.124496, 22.394762, 0.0)
(42.124496, 22.394762, 0.0)
(42.120480, 22.346226, 0.0)
(42.132050, 22.333492, 0.0)
(42.122093, 22.370731, 0.0)
(42.124496, 22.394762, 0.0)
(42.112320, 22.418819, 0.0)
(42.113068, 22.410507, 0.0)
(42.113068, 22.410507, 0.0)
(42.081757, 22.385956, 0.0)
(42.063515, 22.373936, 0.0)
(42.058414, 22.374735, 0.0)
(42.043606, 22.369770, 0.0)
(42.053341, 22.371929, 0.0)
(42.050808, 22.343250, 0.0)
(41.736389, 22.486559, 0.0)
(38.291534, 23.359497, 0.0)
(35.231823, 23.940119, 0.0)
(34.206093, 24.246906, 0.0)
(33.952557, 24.192261, 0.0)
(33.861919, 24.162954, 0.0)
(33.806103, 24.163700, 0.0)
(33.417408, 24.519268, 0.0)
(33.361458, 24.707344, 0.0)
(33.322929, 24.723955, 0.0)
(33.287205, 24.667738, 0.0)
(33.258335, 24.628178, 0.0)
(33.272346, 24.625641, 0.0)
(33.247807, 24.623367, 0.0)
(33.219696, 24.635462, 0.0)
(33.204632, 24.620678, 0.0)
(33.171371, 24.631855, 0.0)
(33.170174, 24.613203, 0.0)
(33.150341, 24.642784, 0.0)
(33.121098, 24.655087, 0.0)
(33.123928, 24.625423, 0.0)
(33.113747, 24.581898, 0.0)
(33.097385, 24.568768, 0.0)
(33.096260, 24.607899, 0.0)
(33.079502, 24.613590, 0.0)
(33.060143, 24.604216, 0.0)
(33.059990, 24.598471, 0.0)
(33.058521, 24.579000, 0.0)
(33.055485, 24.561932, 0.0)
(33.042255, 24.555889, 0.0)
(33.041267, 24.577446, 0.0)
(33.037403, 24.574661, 0.0)
(33.036179, 24.580606, 0.0)
(33.033802, 24.571121, 0.0)
(33.029877, 24.607269, 0.0)
(33.040421, 24.617178, 0.0)
(33.029922, 24.619005, 0.0)
(33.432167, 23.194580, 0.0)
(35.420021, 17.545185, 0.0)
(36.015381, 15.875810, 0.0)
(36.040291, 15.970842, 0.0)
(36.019547, 16.034588, 0.0)
(36.476204, 15.519809, 0.0)
(36.514893, 15.480203, 0.0)
(36.475327, 15.450041, 0.0)
(36.468822, 15.423241, 0.0)
(36.489468, 15.408953, 0.0)
(36.502018, 15.403901, 0.0)
(36.500042, 15.368817, 0.0)
(36.499233, 15.325186, 0.0)
(36.441132, 15.299595, 0.0)
(36.451260, 15.293354, 0.0)
(36.445026, 15.311446, 0.0)
(36.453533, 15.293384, 0.0)
(36.444611, 15.235952, 0.0)
(36.444611, 15.235952, 0.0)
(36.446625, 15.243830, 0.0)
(36.460751, 15.241918, 0.0)
(36.435272, 15.210518, 0.0)
(36.441338, 15.197520, 0.0)
(36.436577, 15.185240, 0.0)
(36.435272, 15.210518, 0.0)
(36.440643, 15.245543, 0.0)
(36.444611, 15.235952, 0.0)
(36.435966, 15.221550, 0.0)
(36.424507, 15.159496, 0.0)
(36.440643, 15.138018, 0.0)
(36.424507, 15.159496, 0.0)
(36.411259, 15.206443, 0.0)
(36.398201, 15.208602, 0.0)
(36.399811, 15.180071, 0.0)
(36.393391, 15.179487, 0.0)
(36.399437, 15.184126, 0.0)
(36.404011, 15.198043, 0.0)
(36.382393, 15.173749, 0.0)
(36.345230, 15.171028, 0.0)
(35.660480, 15.869683, 0.0)
(33.251968, 18.347544, 0.0)
(30.472527, 20.135504, 0.0)
(29.326092, 20.902470, 0.0)
(29.424795, 21.593382, 0.0)
(29.442055, 21.763828, 0.0)
(29.356050, 21.826950, 0.0)
(29.227985, 21.905994, 0.0)
(29.141747, 21.949385, 0.0)
(29.065859, 22.037809, 0.0)
(28.866598, 22.307905, 0.0)
(28.834795, 22.312210, 0.0)
(28.788189, 22.172337, 0.0)
(28.756195, 22.176064, 0.0)
(28.731882, 22.184982, 0.0)
(28.728046, 22.180935, 0.0)
(28.716654, 22.174311, 0.0)
(28.719337, 22.185434, 0.0)
(28.718311, 22.167980, 0.0)
(28.719816, 22.177319, 0.0)
(28.737986, 22.164549, 0.0)
(28.728046, 22.180935, 0.0)
(28.717539, 22.193396, 0.0)
(28.707426, 22.204733, 0.0)
(28.713139, 22.181911, 0.0)
(28.694975, 22.205326, 0.0)
(28.666529, 22.210514, 0.0)
(28.632833, 22.255306, 0.0)
(28.623516, 22.260416, 0.0)
(28.637489, 22.193113, 0.0)
(28.646124, 22.138498, 0.0)
(28.616833, 22.155647, 0.0)
(28.640800, 22.179819, 0.0)
(28.631298, 22.184690, 0.0)
(28.628723, 22.196449, 0.0)
(28.654512, 22.182840, 0.0)
(28.654512, 22.182840, 0.0)
(31.077295, 20.415886, 0.0)
(35.514450, 18.603045, 0.0)
(39.306915, 18.839666, 0.0)
(40.729099, 19.295158, 0.0)
(40.810749, 19.372627, 0.0)
(40.776062, 19.317217, 0.0)
(40.760281, 19.301943, 0.0)
(40.752216, 19.274666, 0.0)
(40.728756, 19.331839, 0.0)
(40.702419, 19.351030, 0.0)
(40.720524, 19.301357, 0.0)
(40.698235, 19.256737, 0.0)
(40.686348, 19.267935, 0.0)
(40.700855, 19.285543, 0.0)
(40.705662, 19.302195, 0.0)
(40.709110, 19.318153, 0.0)
(40.698200, 19.313543, 0.0)
(40.686348, 19.267935, 0.0)
(40.689678, 19.286154, 0.0)
(40.681000, 19.270836, 0.0)
(40.685627, 19.277311, 0.0)
(40.685627, 19.277311, 0.0)
(40.685627, 19.277311, 0.0)
(40.672119, 19.247440, 0.0)
(40.681000, 19.270836, 0.0)
(40.662922, 19.322641, 0.0)
(40.644142, 19.338678, 0.0)
(40.653912, 19.302275, 0.0)
(40.658752, 19.251684, 0.0)
(40.655190, 19.234409, 0.0)
(40.654285, 19.255865, 0.0)
(40.644966, 19.275141, 0.0)
(40.634346, 19.264326, 0.0)
(40.622059, 19.292728, 0.0)
(40.623878, 19.268991, 0.0)
(40.603996, 19.270569, 0.0)
(40.603996, 19.270569, 0.0)
(37.869827, 17.266588, 0.0)
(36.992508, 16.578917, 0.0)
(36.905293, 16.547535, 0.0)
(36.879829, 16.538462, 0.0)
(36.871315, 16.557730, 0.0)
(36.851372, 16.536177, 0.0)
(36.865356, 16.553846, 0.0)
(36.852554, 16.556522, 0.0)
(36.855801, 16.546000, 0.0)
(36.844967, 16.505888, 0.0)
(36.489281, 16.579540, 0.0)
(36.453129, 16.637722, 0.0)
(36.447235, 16.638241, 0.0)
(36.447319, 16.648708, 0.0)
(36.447319, 16.648708, 0.0)
(36.457535, 16.629759, 0.0)
(36.463261, 16.618927, 0.0)
(36.469463, 16.634113, 0.0)
(36.472759, 16.673868, 0.0)
(36.475780, 16.689924, 0.0)
(36.475780, 16.689924, 0.0)
(36.475780, 16.689924, 0.0)
(36.469704, 16.674772, 0.0)
(36.457104, 16.700396, 0.0)
(36.454563, 16.738462, 0.0)
(36.451302, 16.745182, 0.0)
(36.444912, 16.729345, 0.0)
(36.457489, 16.730118, 0.0)
(36.444912, 16.729345, 0.0)
(36.444912, 16.729345, 0.0)
(36.422100, 16.715563, 0.0)
(36.418480, 16.721344, 0.0)
(36.422100, 16.715563, 0.0)
(36.418011, 16.676113, 0.0)
(36.428425, 16.681347, 0.0)
(36.405403, 16.717882, 0.0)
(36.391724, 16.755083, 0.0)
(36.393925, 16.821022, 0.0)
(34.060757, 18.627823, 0.0)
(31.689432, 20.252079, 0.0)
(30.937323, 21.107693, 0.0)
(30.743567, 21.243382, 0.0)
(30.656670, 21.147905, 0.0)
(30.593582, 21.126184, 0.0)
(30.515608, 21.064615, 0.0)
(30.423864, 21.101767, 0.0)
(30.400299, 21.124420, 0.0)
(30.376879, 21.120001, 0.0)
(30.358381, 21.148924, 0.0)
(30.360899, 21.083929, 0.0)
(30.553694, 21.008427, 0.0)
(30.622843, 20.935654, 0.0)
(30.599371, 20.956104, 0.0)
(30.585821, 20.964521, 0.0)
(30.550825, 20.980074, 0.0)
(30.542652, 21.003263, 0.0)
(30.529129, 20.997858, 0.0)
(30.505131, 20.972057, 0.0)
(30.499941, 20.993406, 0.0)
(30.490749, 21.009769, 0.0)
(30.476681, 20.976669, 0.0)
(30.482859, 20.935038, 0.0)
(30.471504, 20.955814, 0.0)
(30.445406, 20.963896, 0.0)
(30.440422, 20.997423, 0.0)
(30.430296, 20.968729, 0.0)
(30.440559, 20.966480, 0.0)
(30.421921, 20.932377, 0.0)
(30.434717, 20.902048, 0.0)
(30.450926, 20.922453, 0.0)
(30.453642, 20.955076, 0.0)
(30.433239, 20.955978, 0.0)
(30.441414, 20.963093, 0.0)
(30.439476, 20.945890, 0.0)
(30.433081, 20.918936, 0.0)
(31.774162, 20.538389, 0.0)
(36.339558, 19.596294, 0.0)
(36.586788, 19.598440, 0.0)
(36.675167, 19.530809, 0.0)
(36.711151, 19.470835, 0.0)
(36.731773, 19.504793, 0.0)
(37.020645, 19.784702, 0.0)
(36.982758, 19.739458, 0.0)
(36.970318, 19.729645, 0.0)
(36.963741, 19.711189, 0.0)
(36.961796, 19.675331, 0.0)
(36.930069, 19.681637, 0.0)
(36.953297, 19.755480, 0.0)
(36.952080, 19.789896, 0.0)
(36.953297, 19.703199, 0.0)
(36.975010, 19.679159, 0.0)
(36.973236, 19.632055, 0.0)
(36.970478, 19.596050, 0.0)
(36.886009, 19.498648, 0.0)
(36.585022, 19.586248, 0.0)
(36.638062, 19.905642, 0.0)
(36.707726, 19.350662, 0.0)
(36.699085, 19.314554, 0.0)
(36.720303, 19.324423, 0.0)
(36.723385, 19.331238, 0.0)
(36.735451, 19.368355, 0.0)
(36.743992, 19.463129, 0.0)
(36.759575, 19.513515, 0.0)
(36.767773, 19.526726, 0.0)
(36.764568, 19.469172, 0.0)
(36.746475, 19.400240, 0.0)
(36.752743, 19.390240, 0.0)
(36.754295, 19.461824, 0.0)
(36.753510, 19.468472, 0.0)
(36.766716, 19.450104, 0.0)
(38.741287, 18.321386, 0.0)
(41.205276, 17.838264, 0.0)
(41.565460, 17.944527, 0.0)
(41.589886, 17.923187, 0.0)
(41.586651, 17.935869, 0.0)
(41.571033, 17.910711, 0.0)
(41.718208, 17.996155, 0.0)
(41.718502, 17.998249, 0.0)
(41.706398, 18.008900, 0.0)
(41.695892, 17.982620, 0.0)
(41.692646, 17.975597, 0.0)
(41.699722, 17.964951, 0.0)
(41.721718, 17.947252, 0.0)
(41.711807, 17.931868, 0.0)
(41.736813, 17.993624, 0.0)
(41.697891, 18.028803, 0.0)
(41.696690, 18.037483, 0.0)
(41.678219, 17.994619, 0.0)
(41.677689, 17.977983, 0.0)
(41.668644, 17.986734, 0.0)
(41.667606, 17.995371, 0.0)
(41.667606, 17.995371, 0.0)
(41.644459, 18.007017, 0.0)
(41.644459, 18.007017, 0.0)
(41.619301, 18.003479, 0.0)
(41.618496, 18.019724, 0.0)
(41.606937, 18.038975, 0.0)
(41.607174, 18.041571, 0.0)
(41.575584, 18.035200, 0.0)
(41.581650, 18.036898, 0.0)
(41.581650, 18.036898, 0.0)
(41.567318, 18.053877, 0.0)
(41.567318, 18.053877, 0.0)
(41.555122, 18.047686, 0.0)
(41.567318, 18.053877, 0.0)
(41.573345, 18.055481, 0.0)
(41.568699, 18.095148, 0.0)
(41.563217, 18.089006, 0.0)
(39.739407, 18.235657, 0.0)
(36.833508, 19.248425, 0.0)
(34.162807, 20.375486, 0.0)
(31.774426, 21.691557, 0.0)
(29.626877, 23.250252, 0.0)
(28.390989, 24.253881, 0.0)
(28.290115, 24.457779, 0.0)
(28.165791, 24.484581, 0.0)
(28.077337, 24.431477, 0.0)
(27.533972, 24.580379, 0.0)
(27.409430, 24.548100, 0.0)
(27.382853, 24.557894, 0.0)
(27.333305, 24.575813, 0.0)
(27.308781, 24.492893, 0.0)
(27.299973, 24.407326, 0.0)
(27.277191, 24.396051, 0.0)
(27.272566, 24.381065, 0.0)
(27.272514, 24.394203, 0.0)
(27.271761, 24.408159, 0.0)
(27.267075, 24.406273, 0.0)
(27.267860, 24.397108, 0.0)
(27.262411, 24.409164, 0.0)
(27.271402, 24.454393, 0.0)
(27.261763, 24.442228, 0.0)
(27.268141, 24.422422, 0.0)
(27.260592, 24.364161, 0.0)
(27.276249, 24.343521, 0.0)
(27.249058, 24.392241, 0.0)
(27.231014, 24.458885, 0.0)
(27.233467, 24.453194, 0.0)
(27.242132, 24.443392, 0.0)
(27.221056, 24.392799, 0.0)
(27.219208, 24.380276, 0.0)
(27.204189, 24.397108, 0.0)
(27.195505, 24.411926, 0.0)
(27.200590, 24.409557, 0.0)
(27.212513, 24.385262, 0.0)
(28.497637, 23.780899, 0.0)
(33.709965, 22.148912, 0.0)
(36.792191, 21.832029, 0.0)
(36.854065, 21.841545, 0.0)
(36.837299, 21.828707, 0.0)
(36.810886, 21.806398, 0.0)
(36.804283, 21.803614, 0.0)
(36.799709, 21.801172, 0.0)
(36.802971, 21.809677, 0.0)
(36.898087, 21.832304, 0.0)
(37.082569, 21.803438, 0.0)
(37.075642, 21.759882, 0.0)
(37.045700, 21.749451, 0.0)
(37.045422, 21.768349, 0.0)
(37.019779, 21.769772, 0.0)
(37.015545, 21.765182, 0.0)
(37.015545, 21.765182, 0.0)
(37.029739, 21.747477, 0.0)
(37.020245, 21.763588, 0.0)
(37.049160, 21.788881, 0.0)
(37.041603, 21.861614, 0.0)
(37.060345, 21.865477, 0.0)
(37.036835, 21.842533, 0.0)
(37.047966, 21.827826, 0.0)
(37.061893, 21.794222, 0.0)
(37.063919, 21.821480, 0.0)
(37.056915, 21.822485, 0.0)
(37.056915, 21.822485, 0.0)
(37.061562, 21.780832, 0.0)
(37.050728, 21.802534, 0.0)
(37.053444, 21.828306, 0.0)
(37.046448, 21.863094, 0.0)
(37.040356, 21.825830, 0.0)
(37.058117, 21.834406, 0.0)
(37.039188, 21.832603, 0.0)
(37.048870, 21.844475, 0.0)
(37.791111, 22.814259, 0.0)
(40.407501, 25.022753, 0.0)
(40.475437, 25.147263, 0.0)
(40.428249, 25.120773, 0.0)
(40.430717, 25.095385, 0.0)
(40.703777, 25.317879, 0.0)
(40.707611, 25.356663, 0.0)
(40.667709, 25.360748, 0.0)
(40.674309, 25.369633, 0.0)
(40.683022, 25.358557, 0.0)
(40.697559, 25.344580, 0.0)
(40.649086, 25.349653, 0.0)
(40.638058, 25.353846, 0.0)
(40.641518, 25.323767, 0.0)
(40.652485, 25.292780, 0.0)
(40.643536, 25.249777, 0.0)
(40.640659, 25.260674, 0.0)
(40.628551, 25.298384, 0.0)
(40.609058, 25.306843, 0.0)
(40.600235, 25.288328, 0.0)
(40.603718, 25.262701, 0.0)
(40.595417, 25.276884, 0.0)
(40.587944, 25.310194, 0.0)
(40.562996, 25.337118, 0.0)
(40.546726, 25.324991, 0.0)
(40.566612, 25.275551, 0.0)
(40.552376, 25.261612, 0.0)
(40.546368, 25.299015, 0.0)
(40.550610, 25.312723, 0.0)
(40.546986, 25.323956, 0.0)
(40.547260, 25.310163, 0.0)
(40.557728, 25.280180, 0.0)
(40.568352, 25.259871, 0.0)
(40.576771, 25.222197, 0.0)
(40.576649, 25.236307, 0.0)
(40.569553, 25.227058, 0.0)
(40.565334, 25.229212, 0.0)
(40.560986, 25.225174, 0.0)
(40.542732, 25.242416, 0.0)
(40.558060, 25.231079, 0.0)
(40.546127, 25.237539, 0.0)
(40.558060, 25.231079, 0.0)
(40.565514, 25.222399, 0.0)
(40.576649, 25.236307, 0.0)
(40.582108, 25.264057, 0.0)
(40.580753, 25.299547, 0.0)
(40.591492, 25.281591, 0.0)
(40.594898, 25.262541, 0.0)
(40.590153, 25.241051, 0.0)
(40.590153, 25.241051, 0.0)
(40.591248, 25.234537, 0.0)
(40.592098, 25.318953, 0.0)
(40.598267, 25.346794, 0.0)
(40.590668, 25.321491, 0.0)
(40.602577, 25.285681, 0.0)
(40.603287, 25.304741, 0.0)
(40.581337, 25.334379, 0.0)
(40.595333, 25.326565, 0.0)
(40.589394, 25.288164, 0.0)
(40.598854, 25.279142, 0.0)
(40.587296, 25.303043, 0.0)
(40.559956, 25.346264, 0.0)
(40.565987, 25.338245, 0.0)
(40.573624, 25.363005, 0.0)
(40.574760, 25.342424, 0.0)
(40.563686, 25.293316, 0.0)
(40.581032, 25.276922, 0.0)
(40.607822, 25.303396, 0.0)
(40.633514, 25.329397, 0.0)
(38.903164, 24.707752, 0.0)
(38.847706, 24.422480, 0.0)
(38.912601, 24.388391, 0.0)
(38.860714, 24.400000, 0.0)
(38.852192, 24.373533, 0.0)
(39.682945, 24.809441, 0.0)
(40.562668, 25.207581, 0.0)
(40.607750, 25.195927, 0.0)
(40.598728, 25.218088, 0.0)
(40.595802, 25.231506, 0.0)
(40.591908, 25.246523, 0.0)
(40.603905, 25.218826, 0.0)
(40.615101, 25.192186, 0.0)
(40.612694, 25.186169, 0.0)
(40.619579, 25.170097, 0.0)
(40.627129, 25.163885, 0.0)
(40.620258, 25.141922, 0.0)
(40.623428, 25.137331, 0.0)
(40.620785, 25.126280, 0.0)
(40.618298, 25.120226, 0.0)
(40.617321, 25.126703, 0.0)
(40.617321, 25.138212, 0.0)
(40.592403, 25.143654, 0.0)
(40.404503, 25.127567, 0.0)
(38.153351, 24.300978, 0.0)
(37.825588, 24.240822, 0.0)
(37.800774, 24.248764, 0.0)
(36.787800, 24.277388, 0.0)
(34.350357, 23.829556, 0.0)
(34.126137, 23.862444, 0.0)
(34.093338, 23.851032, 0.0)
(34.060822, 23.864067, 0.0)
(31.922014, 24.085985, 0.0)
(30.452271, 24.208405, 0.0)
(30.313360, 24.203421, 0.0)
(30.289017, 24.201078, 0.0)
(32.376152, 24.076002, 0.0)
(37.654442, 23.897402, 0.0)
(40.531452, 24.638462, 0.0)
(40.557579, 24.693195, 0.0)
(40.487270, 24.630642, 0.0)
(40.455006, 24.633112, 0.0)
(40.479321, 24.566565, 0.0)
(40.718330, 24.896919, 0.0)
(40.763199, 25.106140, 0.0)
(40.752956, 25.151314, 0.0)
(40.736149, 25.130627, 0.0)
(40.742741, 25.143147, 0.0)
(40.747734, 25.131351, 0.0)
(40.750496, 25.136948, 0.0)
(40.740822, 25.121145, 0.0)
(40.756676, 25.171103, 0.0)
(40.766647, 25.203838, 0.0)
(40.764126, 25.181637, 0.0)
(40.762959, 25.196930, 0.0)
(40.762959, 25.196930, 0.0)
(40.768166, 25.194660, 0.0)
(40.771484, 25.183077, 0.0)
(40.760727, 25.218641, 0.0)
(40.764904, 25.231028, 0.0)
(40.761047, 25.226076, 0.0)
(40.753864, 25.195642, 0.0)
(40.753864, 25.195642, 0.0)
(40.755169, 25.202608, 0.0)
(40.756084, 25.209602, 0.0)
(40.765091, 25.248201, 0.0)
(40.775188, 25.261738, 0.0)
(40.780735, 25.252832, 0.0)
(40.783726, 25.247818, 0.0)
(40.795734, 25.252081, 0.0)
(40.795734, 25.252081, 0.0)
(40.795734, 25.252081, 0.0)
(40.794353, 25.235308, 0.0)
(40.790951, 25.239866, 0.0)
(40.794353, 25.197931, 0.0)
(40.794830, 25.177713, 0.0)
(40.801811, 25.163879, 0.0)
(40.801949, 25.210796, 0.0)
(40.797661, 25.212725, 0.0)
(40.809654, 25.190283, 0.0)
(40.793800, 25.170574, 0.0)
(40.793053, 25.142935, 0.0)
(40.790630, 25.154528, 0.0)
(40.778130, 25.150265, 0.0)
(40.767067, 25.149342, 0.0)
(40.761639, 25.109308, 0.0)
(40.778584, 25.136745, 0.0)
(40.681774, 25.285772, 0.0)
(40.681339, 25.306362, 0.0)
(40.698902, 25.305908, 0.0)
(40.665398, 25.255915, 0.0)
(40.664352, 25.264675, 0.0)
(40.655689, 25.263998, 0.0)
(40.655220, 25.243683, 0.0)
(40.630920, 25.251770, 0.0)
(40.615803, 25.291906, 0.0)
(40.600361, 25.362297, 0.0)
(40.575970, 25.360817, 0.0)
(40.583378, 25.288454, 0.0)
(40.614887, 25.315149, 0.0)
(40.598503, 25.352760, 0.0)
(40.597473, 25.341320, 0.0)
(40.604034, 25.346188, 0.0)
(40.615433, 25.353296, 0.0)
(40.629322, 25.350489, 0.0)
(40.646976, 25.348764, 0.0)
(40.641953, 25.350435, 0.0)
(40.641953, 25.350435, 0.0)
(40.641953, 25.350435, 0.0)
(40.627953, 25.330841, 0.0)
(40.616173, 25.326624, 0.0)
(40.604027, 25.337984, 0.0)
(40.609798, 25.311287, 0.0)
(40.629547, 25.278282, 0.0)
(40.618980, 25.269562, 0.0)
(40.577549, 25.307152, 0.0)
(40.572365, 25.311466, 0.0)
(40.588127, 25.310642, 0.0)
(40.572186, 25.268177, 0.0)
(40.599052, 25.283356, 0.0)
(40.615257, 25.309141, 0.0)
(40.611244, 25.347134, 0.0)
(40.610882, 25.327965, 0.0)
(40.592670, 25.324488, 0.0)
(40.612537, 25.303185, 0.0)
(40.617188, 25.306803, 0.0)
(40.626118, 25.303743, 0.0)
(40.619083, 25.307219, 0.0)
(39.826031, 25.166731, 0.0)
(38.186485, 24.941746, 0.0)
(38.051582, 24.946125, 0.0)
(38.028652, 24.969454, 0.0)
(38.017101, 24.981712, 0.0)
(37.962193, 24.952204, 0.0)
(37.944149, 24.939978, 0.0)
(37.938629, 24.933208, 0.0)
(35.765888, 24.290190, 0.0)
(35.393211, 23.967653, 0.0)
(35.354729, 23.888254, 0.0)
(35.341518, 23.904274, 0.0)
(35.297779, 23.897823, 0.0)
(35.314590, 23.881115, 0.0)
(35.302891, 23.953077, 0.0)
(35.321175, 23.920744, 0.0)
(35.314800, 23.915215, 0.0)
(35.323936, 23.886242, 0.0)
(35.324848, 23.836090, 0.0)
(35.272697, 23.651377, 0.0)
(35.210300, 24.058489, 0.0)
