{
  "prompt": "black pupil.",
  "gsam2_centers": [
    {
      "valid": true,
      "cx": 143.62,
      "cy": 136.34,
      "area": 825,
      "det_score": 0.3371,
      "sam_score": 0.9717,
      "box": [
        127.4,
        117.7,
        161.3,
        155.2
      ],
      "repeats": [
        [
          143.67000000000002,
          136.25
        ],
        [
          143.7,
          136.41
        ],
        [
          143.70999999999998,
          136.28
        ],
        [
          143.76,
          136.17000000000002
        ],
        [
          144.85,
          136.2
        ]
      ],
      "idx": 1307,
      "mislabel": false,
      "mislabel_reason": "ok",
      "e_unet": 0.71
    },
    {
      "valid": true,
      "cx": 143.36,
      "cy": 136.34,
      "area": 832,
      "det_score": 0.3438,
      "sam_score": 0.9721,
      "box": [
        127.2,
        117.8,
        161.0,
        155.5
      ],
      "repeats": [
        [
          143.36,
          136.3
        ],
        [
          143.39,
          136.37
        ],
        [
          143.38,
          136.39
        ],
        [
          143.39,
          136.28
        ],
        [
          144.56,
          136.36
        ]
      ],
      "idx": 1308,
      "mislabel": false,
      "mislabel_reason": "ok",
      "e_unet": 0.53
    },
    {
      "valid": true,
      "cx": 142.89,
      "cy": 136.36,
      "area": 836,
      "det_score": 0.3638,
      "sam_score": 0.9697,
      "box": [
        126.7,
        117.8,
        160.6,
        155.7
      ],
      "repeats": [
        [
          142.85,
          136.37
        ],
        [
          142.87,
          136.41
        ],
        [
          142.84,
          136.42000000000002
        ],
        [
          142.9,
          136.34
        ],
        [
          144.1,
          136.48000000000002
        ]
      ],
      "idx": 1309,
      "mislabel": false,
      "mislabel_reason": "ok",
      "e_unet": 0.45
    },
    {
      "valid": true,
      "cx": 142.43,
      "cy": 136.6,
      "area": 829,
      "det_score": 0.3523,
      "sam_score": 0.9698,
      "box": [
        126.3,
        117.9,
        160.1,
        155.6
      ],
      "repeats": [
        [
          142.38,
          136.51
        ],
        [
          142.43,
          136.63
        ],
        [
          142.5,
          136.53
        ],
        [
          142.6,
          136.41
        ],
        [
          143.61,
          136.51999999999998
        ]
      ],
      "idx": 1310,
      "mislabel": false,
      "mislabel_reason": "ok",
      "e_unet": 0.58
    },
    {
      "valid": true,
      "cx": 142.07999999999998,
      "cy": 136.57,
      "area": 822,
      "det_score": 0.3562,
      "sam_score": 0.9685,
      "box": [
        126.0,
        117.9,
        159.6,
        155.7
      ],
      "repeats": [
        [
          142.03,
          136.54000000000002
        ],
        [
          142.07,
          136.65
        ],
        [
          142.07999999999998,
          136.57999999999998
        ],
        [
          142.12,
          136.45999999999998
        ],
        [
          143.23,
          136.62
        ]
      ],
      "idx": 1311,
      "mislabel": false,
      "mislabel_reason": "ok",
      "e_unet": 0.55
    },
    {
      "valid": true,
      "cx": 142.07,
      "cy": 136.62,
      "area": 820,
      "det_score": 0.364,
      "sam_score": 0.9693,
      "box": [
        125.9,
        118.0,
        159.4,
        155.8
      ],
      "repeats": [
        [
          141.98000000000002,
          136.63
        ],
        [
          142.04000000000002,
          136.66
        ],
        [
          142.06,
          136.64
        ],
        [
          142.1,
          136.51999999999998
        ],
        [
          143.15,
          136.67000000000002
        ]
      ],
      "idx": 1312,
      "mislabel": false,
      "mislabel_reason": "ok",
      "e_unet": 0.56
    },
    {
      "valid": true,
      "cx": 141.56,
      "cy": 136.72,
      "area": 820,
      "det_score": 0.3756,
      "sam_score": 0.9693,
      "box": [
        125.5,
        117.8,
        158.9,
        155.8
      ],
      "repeats": [
        [
          141.57,
          136.66
        ],
        [
          141.74,
          136.70999999999998
        ],
        [
          141.7,
          136.67000000000002
        ],
        [
          141.8,
          136.55
        ],
        [
          142.6,
          136.87
        ]
      ],
      "idx": 1313,
      "mislabel": false,
      "mislabel_reason": "ok",
      "e_unet": 0.52
    }
  ]
}