{
  "prompt": "black pupil.",
  "gsam2_centers": [
    {
      "valid": true,
      "cx": 135.0,
      "cy": 160.45,
      "area": 940,
      "det_score": 0.4424,
      "sam_score": 0.9734,
      "box": [
        119.8,
        139.2,
        151.3,
        181.1
      ],
      "repeats": [
        [
          134.99,
          160.43
        ],
        [
          135.01,
          160.52
        ],
        [
          135.04000000000002,
          160.52
        ],
        [
          135.06,
          160.38
        ],
        [
          136.2,
          160.47
        ]
      ],
      "idx": 1205,
      "mislabel": false,
      "mislabel_reason": "ok",
      "e_unet": 1.12
    },
    {
      "valid": true,
      "cx": 134.74,
      "cy": 160.42,
      "area": 891,
      "det_score": 0.3993,
      "sam_score": 0.9734,
      "box": [
        120.0,
        139.6,
        150.3,
        180.6
      ],
      "repeats": [
        [
          134.7,
          160.47
        ],
        [
          134.76,
          160.46
        ],
        [
          134.72,
          160.56
        ],
        [
          134.79000000000002,
          160.48
        ],
        [
          135.92,
          160.49
        ]
      ],
      "idx": 1206,
      "mislabel": false,
      "mislabel_reason": "ok",
      "e_unet": 1.02
    },
    {
      "valid": true,
      "cx": 134.61,
      "cy": 160.31,
      "area": 843,
      "det_score": 0.3928,
      "sam_score": 0.9737,
      "box": [
        120.2,
        140.1,
        150.0,
        179.9
      ],
      "repeats": [
        [
          134.57999999999998,
          160.22
        ],
        [
          134.66,
          160.35
        ],
        [
          134.63,
          160.28
        ],
        [
          134.68,
          160.21
        ],
        [
          135.86,
          160.34
        ]
      ],
      "idx": 1207,
      "mislabel": false,
      "mislabel_reason": "ok",
      "e_unet": 1.06
    },
    {
      "valid": true,
      "cx": 134.51999999999998,
      "cy": 160.2,
      "area": 798,
      "det_score": 0.41,
      "sam_score": 0.9716,
      "box": [
        120.6,
        140.5,
        149.3,
        179.1
      ],
      "repeats": [
        [
          134.5,
          160.12
        ],
        [
          134.53,
          160.28
        ],
        [
          134.51999999999998,
          160.15
        ],
        [
          134.59,
          160.21
        ],
        [
          135.76,
          160.15
        ]
      ],
      "idx": 1208,
      "mislabel": false,
      "mislabel_reason": "ok",
      "e_unet": 1.03
    },
    {
      "valid": true,
      "cx": 134.48000000000002,
      "cy": 160.06,
      "area": 754,
      "det_score": 0.397,
      "sam_score": 0.9716,
      "box": [
        120.9,
        141.3,
        149.0,
        178.6
      ],
      "repeats": [
        [
          134.45999999999998,
          160.03
        ],
        [
          134.5,
          160.11
        ],
        [
          134.51,
          160.03
        ],
        [
          134.54000000000002,
          159.98
        ],
        [
          135.58,
          160.11
        ]
      ],
      "idx": 1209,
      "mislabel": false,
      "mislabel_reason": "ok",
      "e_unet": 1.01
    },
    {
      "valid": true,
      "cx": 134.34,
      "cy": 159.94,
      "area": 725,
      "det_score": 0.4264,
      "sam_score": 0.9721,
      "box": [
        121.0,
        141.7,
        148.8,
        178.3
      ],
      "repeats": [
        [
          134.37,
          159.9
        ],
        [
          134.38,
          159.92
        ],
        [
          134.34,
          159.96
        ],
        [
          134.47,
          159.79
        ],
        [
          135.51,
          159.86
        ]
      ],
      "idx": 1210,
      "mislabel": false,
      "mislabel_reason": "ok",
      "e_unet": 1.05
    },
    {
      "valid": true,
      "cx": 134.32,
      "cy": 159.82,
      "area": 710,
      "det_score": 0.425,
      "sam_score": 0.9718,
      "box": [
        121.2,
        141.9,
        148.4,
        177.8
      ],
      "repeats": [
        [
          134.34,
          159.76
        ],
        [
          134.35,
          159.86
        ],
        [
          134.32999999999998,
          159.84
        ],
        [
          134.4,
          159.72
        ],
        [
          135.46,
          159.92
        ]
      ],
      "idx": 1211,
      "mislabel": false,
      "mislabel_reason": "ok",
      "e_unet": 1.09
    },
    {
      "valid": true,
      "cx": 134.34,
      "cy": 159.81,
      "area": 690,
      "det_score": 0.4204,
      "sam_score": 0.9717,
      "box": [
        121.3,
        142.1,
        148.3,
        177.5
      ],
      "repeats": [
        [
          134.28,
          159.71
        ],
        [
          134.39,
          159.83
        ],
        [
          134.35,
          159.78
        ],
        [
          134.44,
          159.65
        ],
        [
          135.52,
          159.81
        ]
      ],
      "idx": 1212,
      "mislabel": false,
      "mislabel_reason": "ok",
      "e_unet": 1.03
    },
    {
      "valid": true,
      "cx": 134.45,
      "cy": 159.76,
      "area": 686,
      "det_score": 0.4301,
      "sam_score": 0.9717,
      "box": [
        121.5,
        142.2,
        148.4,
        177.6
      ],
      "repeats": [
        [
          134.39,
          159.75
        ],
        [
          134.48000000000002,
          159.87
        ],
        [
          134.45999999999998,
          159.85
        ],
        [
          134.51999999999998,
          159.66
        ],
        [
          135.53,
          159.84
        ]
      ],
      "idx": 1213,
      "mislabel": false,
      "mislabel_reason": "ok",
      "e_unet": 1.0
    },
    {
      "valid": true,
      "cx": 134.54000000000002,
      "cy": 159.79,
      "area": 683,
      "det_score": 0.4514,
      "sam_score": 0.972,
      "box": [
        121.7,
        142.2,
        148.5,
        177.5
      ],
      "repeats": [
        [
          134.47,
          159.78
        ],
        [
          134.53,
          159.86
        ],
        [
          134.51999999999998,
          159.82
        ],
        [
          134.57999999999998,
          159.72
        ],
        [
          135.66,
          159.98
        ]
      ],
      "idx": 1214,
      "mislabel": false,
      "mislabel_reason": "ok",
      "e_unet": 0.97
    },
    {
      "valid": true,
      "cx": 134.45999999999998,
      "cy": 159.69,
      "area": 688,
      "det_score": 0.4781,
      "sam_score": 0.9718,
      "box": [
        121.5,
        142.1,
        148.4,
        177.5
      ],
      "repeats": [
        [
          134.43,
          159.64
        ],
        [
          134.51999999999998,
          159.72
        ],
        [
          134.51999999999998,
          159.66
        ],
        [
          134.51999999999998,
          159.63
        ],
        [
          135.58,
          159.74
        ]
      ],
      "idx": 1215,
      "mislabel": false,
      "mislabel_reason": "ok",
      "e_unet": 1.02
    }
  ]
}