{
  "prompt": "black pupil.",
  "gsam2_centers": [
    {
      "valid": true,
      "cx": 131.98000000000002,
      "cy": 175.71,
      "area": 975,
      "det_score": 0.458,
      "sam_score": 0.9753,
      "box": [
        116.3,
        153.7,
        148.1,
        194.9
      ],
      "repeats": [
        [
          131.94,
          175.7
        ],
        [
          131.97,
          175.75
        ],
        [
          131.98000000000002,
          175.73
        ],
        [
          132.04000000000002,
          175.61
        ],
        [
          133.08,
          175.8
        ]
      ],
      "idx": 2605,
      "mislabel": false,
      "mislabel_reason": "ok",
      "e_unet": 0.78
    },
    {
      "valid": true,
      "cx": 131.97,
      "cy": 175.74,
      "area": 973,
      "det_score": 0.4689,
      "sam_score": 0.9755,
      "box": [
        116.2,
        153.9,
        148.2,
        194.9
      ],
      "repeats": [
        [
          131.95,
          175.71
        ],
        [
          132.0,
          175.8
        ],
        [
          132.01999999999998,
          175.77
        ],
        [
          132.06,
          175.68
        ],
        [
          133.13,
          175.87
        ]
      ],
      "idx": 2606,
      "mislabel": false,
      "mislabel_reason": "ok",
      "e_unet": 0.66
    },
    {
      "valid": true,
      "cx": 132.01,
      "cy": 175.63,
      "area": 982,
      "det_score": 0.4435,
      "sam_score": 0.9751,
      "box": [
        116.3,
        153.7,
        148.2,
        194.8
      ],
      "repeats": [
        [
          131.95,
          175.63
        ],
        [
          131.99,
          175.67
        ],
        [
          131.99,
          175.61
        ],
        [
          132.1,
          175.55
        ],
        [
          133.15,
          175.75
        ]
      ],
      "idx": 2607,
      "mislabel": false,
      "mislabel_reason": "ok",
      "e_unet": 0.67
    },
    {
      "valid": true,
      "cx": 132.01999999999998,
      "cy": 175.47,
      "area": 989,
      "det_score": 0.4281,
      "sam_score": 0.9751,
      "box": [
        116.2,
        153.6,
        148.2,
        194.8
      ],
      "repeats": [
        [
          131.97,
          175.53
        ],
        [
          132.01999999999998,
          175.57
        ],
        [
          132.03,
          175.55
        ],
        [
          132.07999999999998,
          175.48
        ],
        [
          133.13,
          175.63
        ]
      ],
      "idx": 2608,
      "mislabel": false,
      "mislabel_reason": "ok",
      "e_unet": 0.59
    },
    {
      "valid": true,
      "cx": 132.14,
      "cy": 175.44,
      "area": 992,
      "det_score": 0.4904,
      "sam_score": 0.976,
      "box": [
        116.2,
        153.3,
        148.3,
        194.9
      ],
      "repeats": [
        [
          132.13,
          175.48
        ],
        [
          132.15,
          175.51
        ],
        [
          132.14,
          175.45
        ],
        [
          132.26999999999998,
          175.39
        ],
        [
          133.24,
          175.53
        ]
      ],
      "idx": 2609,
      "mislabel": false,
      "mislabel_reason": "ok",
      "e_unet": 0.7
    },
    {
      "valid": true,
      "cx": 132.01999999999998,
      "cy": 175.36,
      "area": 993,
      "det_score": 0.4515,
      "sam_score": 0.975,
      "box": [
        116.0,
        153.2,
        148.3,
        194.9
      ],
      "repeats": [
        [
          132.01999999999998,
          175.31
        ],
        [
          132.04000000000002,
          175.44
        ],
        [
          132.04000000000002,
          175.41
        ],
        [
          132.07,
          175.32
        ],
        [
          133.11,
          175.47
        ]
      ],
      "idx": 2610,
      "mislabel": false,
      "mislabel_reason": "ok",
      "e_unet": 0.7
    },
    {
      "valid": true,
      "cx": 132.09,
      "cy": 175.31,
      "area": 996,
      "det_score": 0.4321,
      "sam_score": 0.9753,
      "box": [
        116.0,
        153.1,
        148.3,
        194.9
      ],
      "repeats": [
        [
          132.01,
          175.3
        ],
        [
          132.09,
          175.39
        ],
        [
          132.14,
          175.33
        ],
        [
          132.17000000000002,
          175.25
        ],
        [
          133.13,
          175.41
        ]
      ],
      "idx": 2611,
      "mislabel": false,
      "mislabel_reason": "ok",
      "e_unet": 0.74
    },
    {
      "valid": true,
      "cx": 132.24,
      "cy": 175.3,
      "area": 1005,
      "det_score": 0.4531,
      "sam_score": 0.9763,
      "box": [
        116.3,
        152.9,
        148.5,
        194.9
      ],
      "repeats": [
        [
          132.15,
          175.29
        ],
        [
          132.28,
          175.38
        ],
        [
          132.26999999999998,
          175.35
        ],
        [
          132.26,
          175.3
        ],
        [
          133.26,
          175.44
        ]
      ],
      "idx": 2612,
      "mislabel": false,
      "mislabel_reason": "ok",
      "e_unet": 0.73
    },
    {
      "valid": true,
      "cx": 132.24,
      "cy": 175.3,
      "area": 1005,
      "det_score": 0.4563,
      "sam_score": 0.9765,
      "box": [
        116.2,
        153.0,
        148.5,
        194.9
      ],
      "repeats": [
        [
          132.18,
          175.33
        ],
        [
          132.26999999999998,
          175.4
        ],
        [
          132.25,
          175.38
        ],
        [
          132.26,
          175.28
        ],
        [
          133.22,
          175.46
        ]
      ],
      "idx": 2613,
      "mislabel": false,
      "mislabel_reason": "ok",
      "e_unet": 0.73
    },
    {
      "valid": true,
      "cx": 132.19,
      "cy": 175.36,
      "area": 1010,
      "det_score": 0.5096,
      "sam_score": 0.9761,
      "box": [
        116.2,
        152.9,
        148.6,
        194.9
      ],
      "repeats": [
        [
          132.26999999999998,
          175.33
        ],
        [
          132.24,
          175.46
        ],
        [
          132.23000000000002,
          175.44
        ],
        [
          132.29000000000002,
          175.35
        ],
        [
          133.32,
          175.43
        ]
      ],
      "idx": 2614,
      "mislabel": false,
      "mislabel_reason": "ok",
      "e_unet": 0.63
    },
    {
      "valid": true,
      "cx": 132.18,
      "cy": 175.34,
      "area": 1008,
      "det_score": 0.487,
      "sam_score": 0.9755,
      "box": [
        116.2,
        153.0,
        148.6,
        194.8
      ],
      "repeats": [
        [
          132.26,
          175.3
        ],
        [
          132.2,
          175.41
        ],
        [
          132.19,
          175.37
        ],
        [
          132.20999999999998,
          175.27
        ],
        [
          133.29,
          175.35
        ]
      ],
      "idx": 2615,
      "mislabel": false,
      "mislabel_reason": "ok",
      "e_unet": 0.61
    }
  ]
}