{
  "prompt": "black pupil.",
  "gsam2_centers": [
    {
      "valid": true,
      "cx": 202.61,
      "cy": 130.72,
      "area": 872,
      "det_score": 0.4192,
      "sam_score": 0.9655,
      "box": [
        185.0,
        114.1,
        221.4,
        147.5
      ],
      "repeats": [
        [
          202.57,
          130.70999999999998
        ],
        [
          202.6,
          130.76999999999998
        ],
        [
          202.55,
          130.76
        ],
        [
          202.68,
          130.66
        ],
        [
          203.82999999999998,
          130.78
        ]
      ],
      "idx": 405,
      "mislabel": false,
      "mislabel_reason": "ok",
      "e_unet": 0.89
    },
    {
      "valid": true,
      "cx": 202.59,
      "cy": 130.66,
      "area": 870,
      "det_score": 0.4443,
      "sam_score": 0.9644,
      "box": [
        185.0,
        113.8,
        221.3,
        147.3
      ],
      "repeats": [
        [
          202.56,
          130.56
        ],
        [
          202.55,
          130.7
        ],
        [
          202.54,
          130.64
        ],
        [
          202.69,
          130.56
        ],
        [
          203.70999999999998,
          130.57999999999998
        ]
      ],
      "idx": 406,
      "mislabel": false,
      "mislabel_reason": "ok",
      "e_unet": 0.99
    },
    {
      "valid": true,
      "cx": 202.56,
      "cy": 130.61,
      "area": 861,
      "det_score": 0.4519,
      "sam_score": 0.9638,
      "box": [
        185.1,
        114.1,
        221.1,
        147.2
      ],
      "repeats": [
        [
          202.46,
          130.57
        ],
        [
          202.53,
          130.64
        ],
        [
          202.52,
          130.61
        ],
        [
          202.58,
          130.56
        ],
        [
          203.63,
          130.67000000000002
        ]
      ],
      "idx": 407,
      "mislabel": false,
      "mislabel_reason": "ok",
      "e_unet": 0.88
    },
    {
      "valid": true,
      "cx": 202.46,
      "cy": 130.72,
      "area": 843,
      "det_score": 0.438,
      "sam_score": 0.964,
      "box": [
        185.2,
        114.4,
        220.8,
        147.1
      ],
      "repeats": [
        [
          202.46,
          130.61
        ],
        [
          202.5,
          130.74
        ],
        [
          202.52,
          130.68
        ],
        [
          202.54,
          130.6
        ],
        [
          203.69,
          130.68
        ]
      ],
      "idx": 408,
      "mislabel": false,
      "mislabel_reason": "ok",
      "e_unet": 0.87
    },
    {
      "valid": true,
      "cx": 202.48,
      "cy": 130.76,
      "area": 830,
      "det_score": 0.4477,
      "sam_score": 0.9651,
      "box": [
        185.3,
        114.5,
        220.7,
        147.0
      ],
      "repeats": [
        [
          202.42,
          130.75
        ],
        [
          202.49,
          130.82999999999998
        ],
        [
          202.53,
          130.74
        ],
        [
          202.53,
          130.70999999999998
        ],
        [
          203.68,
          130.74
        ]
      ],
      "idx": 409,
      "mislabel": false,
      "mislabel_reason": "ok",
      "e_unet": 0.87
    },
    {
      "valid": true,
      "cx": 202.48,
      "cy": 130.89,
      "area": 819,
      "det_score": 0.4415,
      "sam_score": 0.963,
      "box": [
        185.5,
        114.7,
        220.7,
        147.0
      ],
      "repeats": [
        [
          202.45,
          130.88
        ],
        [
          202.48,
          130.95999999999998
        ],
        [
          202.52,
          130.88
        ],
        [
          202.53,
          130.82999999999998
        ],
        [
          203.62,
          130.87
        ]
      ],
      "idx": 410,
      "mislabel": false,
      "mislabel_reason": "ok",
      "e_unet": 0.95
    },
    {
      "valid": true,
      "cx": 202.49,
      "cy": 131.01,
      "area": 808,
      "det_score": 0.4533,
      "sam_score": 0.9645,
      "box": [
        185.6,
        114.8,
        220.6,
        147.1
      ],
      "repeats": [
        [
          202.46,
          130.94
        ],
        [
          202.5,
          131.01999999999998
        ],
        [
          202.52,
          130.91
        ],
        [
          202.55,
          130.92000000000002
        ],
        [
          203.75,
          130.87
        ]
      ],
      "idx": 411,
      "mislabel": false,
      "mislabel_reason": "ok",
      "e_unet": 0.99
    },
    {
      "valid": true,
      "cx": 202.49,
      "cy": 130.89,
      "area": 800,
      "det_score": 0.4175,
      "sam_score": 0.9642,
      "box": [
        185.7,
        114.7,
        220.4,
        146.8
      ],
      "repeats": [
        [
          202.36,
          130.82999999999998
        ],
        [
          202.42,
          130.95
        ],
        [
          202.43,
          130.88
        ],
        [
          202.49,
          130.85
        ],
        [
          203.67000000000002,
          130.84
        ]
      ],
      "idx": 412,
      "mislabel": false,
      "mislabel_reason": "ok",
      "e_unet": 0.97
    },
    {
      "valid": true,
      "cx": 202.45,
      "cy": 130.91,
      "area": 794,
      "det_score": 0.4177,
      "sam_score": 0.9638,
      "box": [
        185.7,
        114.8,
        220.4,
        146.8
      ],
      "repeats": [
        [
          202.46,
          130.84
        ],
        [
          202.46,
          130.94
        ],
        [
          202.5,
          130.85
        ],
        [
          202.56,
          130.85
        ],
        [
          203.65,
          130.86
        ]
      ],
      "idx": 413,
      "mislabel": false,
      "mislabel_reason": "ok",
      "e_unet": 0.96
    },
    {
      "valid": true,
      "cx": 202.45,
      "cy": 130.95,
      "area": 795,
      "det_score": 0.4185,
      "sam_score": 0.9633,
      "box": [
        185.8,
        115.0,
        220.4,
        146.8
      ],
      "repeats": [
        [
          202.4,
          130.89
        ],
        [
          202.53,
          130.97
        ],
        [
          202.54,
          130.9
        ],
        [
          202.56,
          130.87
        ],
        [
          203.69,
          130.92000000000002
        ]
      ],
      "idx": 414,
      "mislabel": false,
      "mislabel_reason": "ok",
      "e_unet": 0.83
    },
    {
      "valid": true,
      "cx": 202.45,
      "cy": 130.91,
      "area": 781,
      "det_score": 0.4328,
      "sam_score": 0.9641,
      "box": [
        185.9,
        115.1,
        220.3,
        146.7
      ],
      "repeats": [
        [
          202.49,
          130.84
        ],
        [
          202.49,
          130.93
        ],
        [
          202.51,
          130.92000000000002
        ],
        [
          202.52,
          130.86
        ],
        [
          203.67000000000002,
          130.98000000000002
        ]
      ],
      "idx": 415,
      "mislabel": false,
      "mislabel_reason": "ok",
      "e_unet": 0.8
    }
  ]
}