{
  "prompt": "black pupil.",
  "gsam2_centers": [
    {
      "valid": true,
      "cx": 208.19,
      "cy": 128.99,
      "area": 1198,
      "det_score": 0.4994,
      "sam_score": 0.965,
      "box": [
        187.5,
        109.3,
        229.6,
        147.6
      ],
      "repeats": [
        [
          208.16,
          128.93
        ],
        [
          208.16,
          129.04000000000002
        ],
        [
          208.18,
          128.97
        ],
        [
          208.26,
          128.92000000000002
        ],
        [
          209.28,
          128.97
        ]
      ],
      "idx": 7,
      "mislabel": false,
      "mislabel_reason": "ok",
      "e_unet": 1.09
    },
    {
      "valid": true,
      "cx": 205.42,
      "cy": 131.32999999999998,
      "area": 1186,
      "det_score": 0.511,
      "sam_score": 0.9709,
      "box": [
        184.6,
        111.3,
        226.7,
        149.5
      ],
      "repeats": [
        [
          205.35,
          131.17000000000002
        ],
        [
          205.42,
          131.38
        ],
        [
          205.39,
          131.22
        ],
        [
          205.45,
          131.31
        ],
        [
          206.51999999999998,
          131.19
        ]
      ],
      "idx": 8,
      "mislabel": false,
      "mislabel_reason": "ok",
      "e_unet": 1.32
    },
    {
      "valid": true,
      "cx": 205.25,
      "cy": 131.28,
      "area": 1176,
      "det_score": 0.5045,
      "sam_score": 0.9703,
      "box": [
        184.6,
        111.3,
        226.4,
        149.4
      ],
      "repeats": [
        [
          205.23,
          131.24
        ],
        [
          205.28,
          131.24
        ],
        [
          205.27,
          131.32
        ],
        [
          205.31,
          131.20999999999998
        ],
        [
          206.44,
          131.24
        ]
      ],
      "idx": 9,
      "mislabel": false,
      "mislabel_reason": "ok",
      "e_unet": 1.16
    },
    {
      "valid": true,
      "cx": 205.23,
      "cy": 131.13,
      "area": 1155,
      "det_score": 0.5244,
      "sam_score": 0.9692,
      "box": [
        184.7,
        111.4,
        226.4,
        149.4
      ],
      "repeats": [
        [
          205.05,
          131.07
        ],
        [
          205.14,
          131.26999999999998
        ],
        [
          205.18,
          131.1
        ],
        [
          205.23,
          131.12
        ],
        [
          206.32999999999998,
          131.12
        ]
      ],
      "idx": 10,
      "mislabel": false,
      "mislabel_reason": "ok",
      "e_unet": 1.03
    },
    {
      "valid": true,
      "cx": 204.99,
      "cy": 131.14,
      "area": 1126,
      "det_score": 0.5337,
      "sam_score": 0.9701,
      "box": [
        185.0,
        111.5,
        225.8,
        149.3
      ],
      "repeats": [
        [
          204.95,
          130.99
        ],
        [
          204.98,
          131.15
        ],
        [
          204.97,
          131.03
        ],
        [
          205.05,
          131.04000000000002
        ],
        [
          206.13,
          131.12
        ]
      ],
      "idx": 11,
      "mislabel": false,
      "mislabel_reason": "ok",
      "e_unet": 1.15
    },
    {
      "valid": true,
      "cx": 204.88,
      "cy": 131.13,
      "area": 1095,
      "det_score": 0.5294,
      "sam_score": 0.9706,
      "box": [
        185.4,
        111.8,
        225.5,
        149.2
      ],
      "repeats": [
        [
          204.82,
          130.91
        ],
        [
          204.85,
          131.14
        ],
        [
          204.89,
          130.95999999999998
        ],
        [
          204.9,
          131.01
        ],
        [
          206.03,
          131.04000000000002
        ]
      ],
      "idx": 12,
      "mislabel": false,
      "mislabel_reason": "ok",
      "e_unet": 1.19
    },
    {
      "valid": true,
      "cx": 204.71,
      "cy": 131.1,
      "area": 1059,
      "det_score": 0.4951,
      "sam_score": 0.9707,
      "box": [
        185.5,
        112.1,
        224.9,
        149.2
      ],
      "repeats": [
        [
          204.67,
          130.99
        ],
        [
          204.7,
          131.16
        ],
        [
          204.69,
          131.05
        ],
        [
          204.77,
          131.01999999999998
        ],
        [
          205.9,
          131.04000000000002
        ]
      ],
      "idx": 13,
      "mislabel": false,
      "mislabel_reason": "ok",
      "e_unet": 1.03
    }
  ]
}