{
  "prompt": "black pupil.",
  "gsam2_centers": [
    {
      "valid": true,
      "cx": 215.18,
      "cy": 128.76,
      "area": 957,
      "det_score": 0.4223,
      "sam_score": 0.9647,
      "box": [
        197.9,
        110.2,
        233.5,
        147.6
      ],
      "repeats": [
        [
          215.11,
          128.68
        ],
        [
          215.21,
          128.86
        ],
        [
          215.14,
          128.76999999999998
        ],
        [
          215.19,
          128.69
        ],
        [
          216.15,
          128.82
        ]
      ],
      "idx": 205,
      "mislabel": false,
      "mislabel_reason": "ok",
      "e_unet": 1.2
    },
    {
      "valid": true,
      "cx": 215.12,
      "cy": 128.8,
      "area": 952,
      "det_score": 0.4511,
      "sam_score": 0.9655,
      "box": [
        197.9,
        110.2,
        233.6,
        147.6
      ],
      "repeats": [
        [
          215.13,
          128.7
        ],
        [
          215.15,
          128.76999999999998
        ],
        [
          215.12,
          128.7
        ],
        [
          215.11,
          128.70999999999998
        ],
        [
          216.1,
          128.86
        ]
      ],
      "idx": 206,
      "mislabel": false,
      "mislabel_reason": "ok",
      "e_unet": 1.27
    },
    {
      "valid": true,
      "cx": 215.1,
      "cy": 128.72,
      "area": 954,
      "det_score": 0.4309,
      "sam_score": 0.965,
      "box": [
        197.9,
        110.2,
        233.5,
        147.6
      ],
      "repeats": [
        [
          215.15,
          128.66
        ],
        [
          215.12,
          128.72
        ],
        [
          215.13,
          128.69
        ],
        [
          215.13,
          128.63
        ],
        [
          216.14,
          128.76999999999998
        ]
      ],
      "idx": 207,
      "mislabel": false,
      "mislabel_reason": "ok",
      "e_unet": 1.23
    },
    {
      "valid": true,
      "cx": 215.1,
      "cy": 128.63,
      "area": 961,
      "det_score": 0.4266,
      "sam_score": 0.9642,
      "box": [
        197.8,
        110.0,
        233.6,
        147.6
      ],
      "repeats": [
        [
          215.03,
          128.64
        ],
        [
          215.12,
          128.57999999999998
        ],
        [
          215.09,
          128.51
        ],
        [
          215.13,
          128.61
        ],
        [
          216.05,
          128.69
        ]
      ],
      "idx": 208,
      "mislabel": false,
      "mislabel_reason": "ok",
      "e_unet": 1.68
    },
    {
      "valid": true,
      "cx": 214.98,
      "cy": 128.57,
      "area": 964,
      "det_score": 0.4345,
      "sam_score": 0.9645,
      "box": [
        197.7,
        109.8,
        233.6,
        147.7
      ],
      "repeats": [
        [
          214.96,
          128.53
        ],
        [
          215.02,
          128.5
        ],
        [
          215.04,
          128.43
        ],
        [
          215.06,
          128.5
        ],
        [
          215.99,
          128.61
        ]
      ],
      "idx": 209,
      "mislabel": false,
      "mislabel_reason": "ok",
      "e_unet": 1.52
    },
    {
      "valid": true,
      "cx": 215.04,
      "cy": 128.51,
      "area": 963,
      "det_score": 0.4199,
      "sam_score": 0.9644,
      "box": [
        197.7,
        109.9,
        233.6,
        147.5
      ],
      "repeats": [
        [
          214.94,
          128.47
        ],
        [
          214.98,
          128.37
        ],
        [
          214.96,
          128.38
        ],
        [
          215.02,
          128.45999999999998
        ],
        [
          215.97,
          128.57999999999998
        ]
      ],
      "idx": 210,
      "mislabel": false,
      "mislabel_reason": "ok",
      "e_unet": 1.34
    },
    {
      "valid": true,
      "cx": 214.89,
      "cy": 128.53,
      "area": 975,
      "det_score": 0.4307,
      "sam_score": 0.9653,
      "box": [
        197.4,
        109.9,
        233.6,
        147.6
      ],
      "repeats": [
        [
          214.81,
          128.49
        ],
        [
          214.88,
          128.48000000000002
        ],
        [
          214.85,
          128.4
        ],
        [
          214.92,
          128.41
        ],
        [
          216.01,
          128.43
        ]
      ],
      "idx": 211,
      "mislabel": false,
      "mislabel_reason": "ok",
      "e_unet": 1.41
    },
    {
      "valid": true,
      "cx": 214.75,
      "cy": 128.42000000000002,
      "area": 975,
      "det_score": 0.4443,
      "sam_score": 0.9656,
      "box": [
        197.3,
        109.9,
        233.5,
        147.6
      ],
      "repeats": [
        [
          214.71,
          128.62
        ],
        [
          214.81,
          128.47
        ],
        [
          214.8,
          128.44
        ],
        [
          214.9,
          128.4
        ],
        [
          215.82,
          128.57
        ]
      ],
      "idx": 212,
      "mislabel": false,
      "mislabel_reason": "ok",
      "e_unet": 1.37
    },
    {
      "valid": true,
      "cx": 214.62,
      "cy": 128.62,
      "area": 989,
      "det_score": 0.4811,
      "sam_score": 0.9651,
      "box": [
        197.1,
        109.7,
        233.6,
        147.7
      ],
      "repeats": [
        [
          214.59,
          128.54000000000002
        ],
        [
          214.68,
          128.53
        ],
        [
          214.69,
          128.45999999999998
        ],
        [
          214.72,
          128.45999999999998
        ],
        [
          215.73000000000002,
          128.63
        ]
      ],
      "idx": 213,
      "mislabel": false,
      "mislabel_reason": "ok",
      "e_unet": 1.45
    },
    {
      "valid": true,
      "cx": 214.49,
      "cy": 128.63,
      "area": 993,
      "det_score": 0.46,
      "sam_score": 0.9666,
      "box": [
        197.0,
        109.8,
        233.6,
        147.7
      ],
      "repeats": [
        [
          214.48,
          128.55
        ],
        [
          214.55,
          128.68
        ],
        [
          214.57,
          128.57999999999998
        ],
        [
          214.7,
          128.45
        ],
        [
          215.61,
          128.61
        ]
      ],
      "idx": 214,
      "mislabel": false,
      "mislabel_reason": "ok",
      "e_unet": 0.99
    },
    {
      "valid": true,
      "cx": 214.46,
      "cy": 128.61,
      "area": 989,
      "det_score": 0.4497,
      "sam_score": 0.9661,
      "box": [
        196.9,
        109.9,
        233.6,
        147.7
      ],
      "repeats": [
        [
          214.38,
          128.59
        ],
        [
          214.51,
          128.79000000000002
        ],
        [
          214.51,
          128.72
        ],
        [
          214.49,
          128.64
        ],
        [
          215.54000000000002,
          128.69
        ]
      ],
      "idx": 215,
      "mislabel": false,
      "mislabel_reason": "ok",
      "e_unet": 0.89
    }
  ]
}