{
  "prompt": "black pupil.",
  "gsam2_centers": [
    {
      "valid": true,
      "cx": 129.59,
      "cy": 151.73,
      "area": 891,
      "det_score": 0.3464,
      "sam_score": 0.973,
      "box": [
        115.0,
        130.7,
        145.2,
        172.8
      ],
      "repeats": [
        [
          129.56,
          151.7
        ],
        [
          129.63,
          151.79
        ],
        [
          129.64,
          151.73
        ],
        [
          129.67000000000002,
          151.57
        ],
        [
          130.8,
          151.56
        ]
      ],
      "idx": 405,
      "mislabel": false,
      "mislabel_reason": "ok",
      "e_unet": 1.07
    },
    {
      "valid": true,
      "cx": 129.59,
      "cy": 151.71,
      "area": 892,
      "det_score": 0.3478,
      "sam_score": 0.9728,
      "box": [
        115.0,
        130.7,
        145.2,
        172.6
      ],
      "repeats": [
        [
          129.61,
          151.64
        ],
        [
          129.63,
          151.75
        ],
        [
          129.67000000000002,
          151.66
        ],
        [
          129.70999999999998,
          151.49
        ],
        [
          130.79,
          151.56
        ]
      ],
      "idx": 406,
      "mislabel": false,
      "mislabel_reason": "ok",
      "e_unet": 1.01
    },
    {
      "valid": true,
      "cx": 129.44,
      "cy": 151.67,
      "area": 888,
      "det_score": 0.3642,
      "sam_score": 0.973,
      "box": [
        114.9,
        130.6,
        145.1,
        172.6
      ],
      "repeats": [
        [
          129.42000000000002,
          151.51
        ],
        [
          129.48000000000002,
          151.72
        ],
        [
          129.5,
          151.63
        ],
        [
          129.55,
          151.49
        ],
        [
          130.73,
          151.57
        ]
      ],
      "idx": 407,
      "mislabel": false,
      "mislabel_reason": "ok",
      "e_unet": 1.03
    },
    {
      "valid": true,
      "cx": 129.55,
      "cy": 151.71,
      "area": 889,
      "det_score": 0.326,
      "sam_score": 0.9732,
      "box": [
        114.9,
        130.6,
        145.1,
        172.6
      ],
      "repeats": [
        [
          129.48000000000002,
          151.69
        ],
        [
          129.6,
          151.75
        ],
        [
          129.61,
          151.71
        ],
        [
          129.64,
          151.55
        ],
        [
          130.78,
          151.55
        ]
      ],
      "idx": 408,
      "mislabel": false,
      "mislabel_reason": "ok",
      "e_unet": 1.09
    },
    {
      "valid": true,
      "cx": 129.57999999999998,
      "cy": 151.53,
      "area": 891,
      "det_score": 0.3377,
      "sam_score": 0.9726,
      "box": [
        114.9,
        130.5,
        145.2,
        172.5
      ],
      "repeats": [
        [
          129.57999999999998,
          151.39
        ],
        [
          129.6,
          151.59
        ],
        [
          129.66,
          151.5
        ],
        [
          129.64,
          151.46
        ],
        [
          130.76,
          151.52
        ]
      ],
      "idx": 409,
      "mislabel": false,
      "mislabel_reason": "ok",
      "e_unet": 0.96
    },
    {
      "valid": true,
      "cx": 129.64,
      "cy": 151.29,
      "area": 895,
      "det_score": 0.3494,
      "sam_score": 0.972,
      "box": [
        114.8,
        130.1,
        145.3,
        172.4
      ],
      "repeats": [
        [
          129.54000000000002,
          151.25
        ],
        [
          129.63,
          151.28
        ],
        [
          129.61,
          151.25
        ],
        [
          129.67000000000002,
          151.25
        ],
        [
          130.8,
          151.33
        ]
      ],
      "idx": 410,
      "mislabel": false,
      "mislabel_reason": "ok",
      "e_unet": 0.92
    },
    {
      "valid": true,
      "cx": 129.43,
      "cy": 156.51,
      "area": 948,
      "det_score": 0.3779,
      "sam_score": 0.9744,
      "box": [
        114.4,
        134.5,
        145.0,
        178.5
      ],
      "repeats": [
        [
          129.42000000000002,
          156.51
        ],
        [
          129.42000000000002,
          156.56
        ],
        [
          129.44,
          156.56
        ],
        [
          129.5,
          156.36
        ],
        [
          130.69,
          156.51
        ]
      ],
      "idx": 411,
      "mislabel": false,
      "mislabel_reason": "ok",
      "e_unet": 1.29
    },
    {
      "valid": true,
      "cx": 132.14,
      "cy": 162.17,
      "area": 1042,
      "det_score": 0.3551,
      "sam_score": 0.9743,
      "box": [
        116.2,
        139.5,
        148.6,
        184.1
      ],
      "repeats": [
        [
          132.09,
          162.06
        ],
        [
          132.16,
          162.23
        ],
        [
          132.19,
          162.12
        ],
        [
          132.22,
          162.08
        ],
        [
          133.27,
          162.19
        ]
      ],
      "idx": 412,
      "mislabel": false,
      "mislabel_reason": "ok",
      "e_unet": 1.44
    },
    {
      "valid": true,
      "cx": 135.42000000000002,
      "cy": 164.09,
      "area": 1105,
      "det_score": 0.4481,
      "sam_score": 0.9752,
      "box": [
        118.7,
        141.6,
        153.1,
        186.3
      ],
      "repeats": [
        [
          135.39,
          164.08
        ],
        [
          135.47,
          164.16
        ],
        [
          135.45999999999998,
          164.12
        ],
        [
          135.47,
          164.03
        ],
        [
          136.61,
          164.18
        ]
      ],
      "idx": 413,
      "mislabel": false,
      "mislabel_reason": "ok",
      "e_unet": 1.32
    },
    {
      "valid": true,
      "cx": 135.53,
      "cy": 164.35,
      "area": 1112,
      "det_score": 0.4569,
      "sam_score": 0.975,
      "box": [
        118.7,
        141.7,
        153.5,
        186.9
      ],
      "repeats": [
        [
          135.5,
          164.32
        ],
        [
          135.51999999999998,
          164.4
        ],
        [
          135.55,
          164.36
        ],
        [
          135.57,
          164.28
        ],
        [
          136.72,
          164.34
        ]
      ],
      "idx": 414,
      "mislabel": false,
      "mislabel_reason": "ok",
      "e_unet": 1.16
    },
    {
      "valid": true,
      "cx": 135.4,
      "cy": 164.31,
      "area": 1133,
      "det_score": 0.462,
      "sam_score": 0.9753,
      "box": [
        118.5,
        141.5,
        153.5,
        186.8
      ],
      "repeats": [
        [
          135.41,
          164.27
        ],
        [
          135.4,
          164.44
        ],
        [
          135.47,
          164.32
        ],
        [
          135.51,
          164.2
        ],
        [
          136.62,
          164.36
        ]
      ],
      "idx": 415,
      "mislabel": false,
      "mislabel_reason": "ok",
      "e_unet": 1.26
    }
  ]
}