{
  "prompt": "black pupil.",
  "gsam2_centers": [
    {
      "valid": true,
      "cx": 203.58,
      "cy": 125.34,
      "area": 1487,
      "det_score": 0.435,
      "sam_score": 0.9727,
      "box": [
        180.4,
        103.7,
        228.2,
        146.5
      ],
      "repeats": [
        [
          203.61,
          125.28
        ],
        [
          203.61,
          125.35
        ],
        [
          203.61,
          125.32
        ],
        [
          203.64,
          125.24
        ],
        [
          204.72,
          125.32
        ]
      ],
      "idx": 1805,
      "mislabel": false,
      "mislabel_reason": "ok",
      "e_unet": 1.16
    },
    {
      "valid": true,
      "cx": 204.46,
      "cy": 129.79000000000002,
      "area": 1539,
      "det_score": 0.4757,
      "sam_score": 0.9741,
      "box": [
        181.2,
        107.2,
        229.0,
        152.0
      ],
      "repeats": [
        [
          204.41,
          129.68
        ],
        [
          204.47,
          129.81
        ],
        [
          204.46,
          129.73000000000002
        ],
        [
          204.47,
          129.72
        ],
        [
          205.59,
          129.69
        ]
      ],
      "idx": 1806,
      "mislabel": false,
      "mislabel_reason": "ok",
      "e_unet": 1.47
    },
    {
      "valid": true,
      "cx": 204.56,
      "cy": 130.0,
      "area": 1530,
      "det_score": 0.4656,
      "sam_score": 0.9718,
      "box": [
        181.4,
        107.6,
        229.1,
        151.9
      ],
      "repeats": [
        [
          204.57,
          129.98000000000002
        ],
        [
          204.55,
          130.03
        ],
        [
          204.56,
          129.99
        ],
        [
          204.57,
          129.95999999999998
        ],
        [
          205.7,
          129.98000000000002
        ]
      ],
      "idx": 1807,
      "mislabel": false,
      "mislabel_reason": "ok",
      "e_unet": 1.11
    },
    {
      "valid": true,
      "cx": 204.68,
      "cy": 130.19,
      "area": 1534,
      "det_score": 0.4257,
      "sam_score": 0.9711,
      "box": [
        181.6,
        107.8,
        229.0,
        152.1
      ],
      "repeats": [
        [
          204.64,
          130.15
        ],
        [
          204.66,
          130.25
        ],
        [
          204.65,
          130.24
        ],
        [
          204.69,
          130.11
        ],
        [
          205.8,
          130.18
        ]
      ],
      "idx": 1808,
      "mislabel": false,
      "mislabel_reason": "ok",
      "e_unet": 1.17
    },
    {
      "valid": true,
      "cx": 204.7,
      "cy": 130.48000000000002,
      "area": 1535,
      "det_score": 0.4485,
      "sam_score": 0.9702,
      "box": [
        181.5,
        108.0,
        229.1,
        152.4
      ],
      "repeats": [
        [
          204.61,
          130.36
        ],
        [
          204.71,
          130.5
        ],
        [
          204.71,
          130.39
        ],
        [
          204.7,
          130.42000000000002
        ],
        [
          205.87,
          130.4
        ]
      ],
      "idx": 1809,
      "mislabel": false,
      "mislabel_reason": "ok",
      "e_unet": 1.18
    },
    {
      "valid": true,
      "cx": 204.68,
      "cy": 130.8,
      "area": 1539,
      "det_score": 0.4657,
      "sam_score": 0.9714,
      "box": [
        181.5,
        108.2,
        229.1,
        152.7
      ],
      "repeats": [
        [
          204.65,
          130.74
        ],
        [
          204.69,
          130.85
        ],
        [
          204.66,
          130.75
        ],
        [
          204.7,
          130.74
        ],
        [
          205.8,
          130.7
        ]
      ],
      "idx": 1810,
      "mislabel": false,
      "mislabel_reason": "ok",
      "e_unet": 1.16
    },
    {
      "valid": true,
      "cx": 204.71,
      "cy": 131.20999999999998,
      "area": 1547,
      "det_score": 0.4557,
      "sam_score": 0.9712,
      "box": [
        181.5,
        108.7,
        229.1,
        153.2
      ],
      "repeats": [
        [
          204.7,
          131.14
        ],
        [
          204.73,
          131.24
        ],
        [
          204.7,
          131.17000000000002
        ],
        [
          204.77,
          131.12
        ],
        [
          205.88,
          131.16
        ]
      ],
      "idx": 1811,
      "mislabel": false,
      "mislabel_reason": "ok",
      "e_unet": 1.15
    },
    {
      "valid": true,
      "cx": 204.83,
      "cy": 131.32999999999998,
      "area": 1529,
      "det_score": 0.4538,
      "sam_score": 0.9699,
      "box": [
        181.7,
        108.6,
        229.2,
        153.3
      ],
      "repeats": [
        [
          204.88,
          131.29000000000002
        ],
        [
          204.87,
          131.38
        ],
        [
          204.88,
          131.31
        ],
        [
          204.9,
          131.26
        ],
        [
          205.99,
          131.26999999999998
        ]
      ],
      "idx": 1812,
      "mislabel": false,
      "mislabel_reason": "ok",
      "e_unet": 1.18
    },
    {
      "valid": true,
      "cx": 205.07,
      "cy": 131.14,
      "area": 1532,
      "det_score": 0.4059,
      "sam_score": 0.9726,
      "box": [
        181.9,
        108.7,
        229.3,
        153.1
      ],
      "repeats": [
        [
          205.02,
          131.07
        ],
        [
          205.14,
          131.18
        ],
        [
          205.09,
          131.1
        ],
        [
          205.13,
          131.07
        ],
        [
          206.18,
          131.09
        ]
      ],
      "idx": 1813,
      "mislabel": false,
      "mislabel_reason": "ok",
      "e_unet": 1.08
    },
    {
      "valid": true,
      "cx": 204.95,
      "cy": 132.81,
      "area": 1555,
      "det_score": 0.4236,
      "sam_score": 0.9728,
      "box": [
        181.7,
        110.2,
        229.1,
        155.5
      ],
      "repeats": [
        [
          204.97,
          132.82
        ],
        [
          205.0,
          132.84
        ],
        [
          205.0,
          132.85
        ],
        [
          205.05,
          132.76999999999998
        ],
        [
          206.07,
          132.88
        ]
      ],
      "idx": 1814,
      "mislabel": false,
      "mislabel_reason": "ok",
      "e_unet": 0.92
    },
    {
      "valid": true,
      "cx": 204.41,
      "cy": 136.12,
      "area": 1590,
      "det_score": 0.4044,
      "sam_score": 0.9754,
      "box": [
        181.4,
        113.1,
        228.6,
        158.9
      ],
      "repeats": [
        [
          204.39,
          136.11
        ],
        [
          204.43,
          136.17000000000002
        ],
        [
          204.42,
          136.16
        ],
        [
          204.47,
          136.01999999999998
        ],
        [
          205.51999999999998,
          136.15
        ]
      ],
      "idx": 1815,
      "mislabel": false,
      "mislabel_reason": "ok",
      "e_unet": 0.77
    }
  ]
}