(37.978287, 28.037443, 0.0)
(38.001202, 27.036062, 0.0)
(37.954281, 26.453201, 0.0)
(37.942802, 25.962950, 0.0)
(37.904629, 25.516163, 0.0)
(37.899448, 25.330732, 0.0)
(37.947224, 25.311335, 0.0)
(37.931644, 25.275877, 0.0)
(37.922962, 25.264086, 0.0)
(37.594315, 25.266933, 0.0)
(37.540367, 25.281765, 0.0)
(37.580868, 25.279148, 0.0)
(37.596062, 25.284750, 0.0)
(37.640034, 25.223736, 0.0)
(37.668140, 25.172066, 0.0)
(37.668247, 25.153799, 0.0)
(37.655342, 25.171614, 0.0)
(37.614677, 25.161787, 0.0)
(37.612293, 25.133852, 0.0)
(37.622261, 25.159212, 0.0)
(37.668861, 25.151552, 0.0)
(37.693001, 25.119089, 0.0)
(37.703678, 25.126097, 0.0)
(37.716373, 25.098902, 0.0)
(37.750664, 25.063620, 0.0)
(37.760132, 25.015327, 0.0)
(37.779907, 25.041113, 0.0)
(37.796459, 25.018688, 0.0)
(37.772640, 25.034498, 0.0)
(37.758904, 25.003639, 0.0)
(37.764423, 25.010681, 0.0)
(37.782372, 25.023245, 0.0)
(37.783539, 25.055412, 0.0)
(37.752502, 25.047979, 0.0)
(37.698643, 25.032867, 0.0)
(37.714455, 25.046257, 0.0)
(37.726791, 25.099176, 0.0)
(37.715939, 25.126225, 0.0)
(37.725590, 25.076435, 0.0)
(37.717155, 25.116636, 0.0)
(37.689884, 25.165770, 0.0)
(37.664234, 25.199903, 0.0)
(37.666866, 25.237873, 0.0)
(37.669495, 25.247700, 0.0)
(37.668755, 25.207136, 0.0)
(37.676247, 25.232475, 0.0)
(37.680569, 25.224550, 0.0)
(37.658058, 25.272049, 0.0)
(37.656601, 25.243038, 0.0)
(37.639111, 25.285143, 0.0)
(37.626328, 25.300112, 0.0)
(37.636814, 25.308292, 0.0)
(37.643898, 25.264923, 0.0)
(37.667538, 25.235056, 0.0)
(37.682285, 25.251038, 0.0)
(37.689812, 25.175768, 0.0)
(37.695213, 25.203209, 0.0)
(37.638706, 25.184292, 0.0)
(37.622120, 25.226999, 0.0)
(37.634247, 25.214270, 0.0)
(37.730740, 25.166769, 0.0)
(37.760529, 25.084858, 0.0)
(37.771168, 25.098473, 0.0)
(37.752636, 25.043943, 0.0)
(37.763588, 25.074062, 0.0)
(37.771305, 25.098438, 0.0)
(37.761379, 25.106297, 0.0)
(37.771305, 25.098438, 0.0)
(37.767578, 25.130655, 0.0)
(37.779747, 25.136921, 0.0)
(37.783497, 25.098625, 0.0)
(37.815277, 25.034643, 0.0)
(37.803104, 25.011127, 0.0)
(37.782932, 25.090910, 0.0)
(37.746605, 25.106838, 0.0)
(37.712269, 25.113089, 0.0)
(37.692760, 25.131330, 0.0)
(37.692760, 25.142334, 0.0)
(37.669090, 25.133688, 0.0)
(37.671543, 25.100489, 0.0)
(37.665157, 25.135986, 0.0)
(37.651695, 25.146351, 0.0)
(37.635895, 25.190680, 0.0)
(37.623539, 25.181658, 0.0)
(37.636890, 25.155272, 0.0)
(37.632030, 25.148129, 0.0)
(37.631603, 25.155905, 0.0)
(37.617188, 25.120852, 0.0)
(37.626060, 25.130314, 0.0)
(37.630112, 25.161963, 0.0)
(37.618210, 25.156155, 0.0)
(37.608002, 25.133038, 0.0)
(37.620277, 25.111101, 0.0)
(37.624092, 25.113382, 0.0)
(37.626774, 25.117189, 0.0)
(37.620476, 25.142529, 0.0)
(37.631630, 25.157000, 0.0)
(37.637512, 25.124655, 0.0)
(37.662594, 25.126051, 0.0)
(37.675106, 25.147896, 0.0)
(37.697224, 25.128834, 0.0)
(37.696430, 25.123524, 0.0)
(37.719852, 25.152447, 0.0)
(37.683708, 25.142366, 0.0)
(37.677277, 25.125086, 0.0)
(37.664040, 25.117762, 0.0)
(37.649643, 25.139914, 0.0)
(37.644379, 25.153616, 0.0)
(37.633263, 25.139202, 0.0)
(37.604652, 25.147789, 0.0)
(37.602459, 25.145761, 0.0)
(37.582214, 25.141075, 0.0)
(37.542606, 25.129049, 0.0)
(37.492958, 25.157652, 0.0)
(37.445816, 25.109171, 0.0)
(37.436481, 25.109173, 0.0)
(37.462795, 25.109922, 0.0)
(37.478828, 25.115860, 0.0)
(37.488853, 25.084982, 0.0)
(37.476704, 25.111399, 0.0)
(37.468639, 25.098520, 0.0)
(37.490505, 25.132967, 0.0)
(37.491142, 25.166578, 0.0)
(37.492981, 25.176558, 0.0)
(37.516102, 25.196703, 0.0)
(37.516071, 25.215679, 0.0)
(37.512672, 25.196945, 0.0)
(37.504032, 25.219515, 0.0)
(37.501179, 25.211134, 0.0)
(37.512455, 25.217171, 0.0)
(37.522972, 25.258549, 0.0)
(37.521084, 25.263344, 0.0)
(37.504696, 25.290081, 0.0)
(37.488880, 25.233746, 0.0)
(37.467545, 25.245977, 0.0)
(37.508297, 25.255812, 0.0)
(37.509766, 25.291052, 0.0)
(37.489899, 25.272154, 0.0)
(37.489288, 25.292307, 0.0)
(37.478859, 25.260687, 0.0)
(37.449120, 25.248301, 0.0)
(37.437290, 25.240429, 0.0)
(37.431816, 25.229162, 0.0)
(37.446667, 25.224571, 0.0)
(37.468559, 25.249828, 0.0)
(37.465992, 25.264828, 0.0)
(37.437168, 25.262852, 0.0)
(37.455135, 25.228758, 0.0)
(37.405327, 25.178909, 0.0)
(37.388565, 25.198109, 0.0)
(37.381382, 25.201571, 0.0)
(37.408020, 25.183823, 0.0)
(37.451225, 25.166548, 0.0)
(37.466984, 25.132605, 0.0)
(37.501106, 25.097832, 0.0)
(37.441212, 25.102238, 0.0)
(37.307182, 26.943943, 0.0)
(37.634693, 27.467873, 0.0)
(37.424015, 26.072058, 0.0)
(37.390308, 25.352365, 0.0)
(37.443588, 25.161961, 0.0)
(37.434578, 25.162588, 0.0)
(37.444653, 25.180817, 0.0)
(37.437687, 25.179443, 0.0)
(37.412460, 25.179146, 0.0)
(37.430332, 25.222950, 0.0)
(37.422508, 25.214495, 0.0)
(37.436718, 25.236549, 0.0)
(37.450836, 25.241194, 0.0)
(38.143547, 25.748398, 0.0)
(41.369579, 28.708923, 0.0)
(43.185692, 30.701468, 0.0)
(43.549969, 31.092747, 0.0)
(43.484417, 31.116892, 0.0)
(43.447086, 31.089487, 0.0)
(43.443588, 31.040588, 0.0)
(43.460606, 31.022551, 0.0)
(43.467041, 30.872732, 0.0)
(43.311375, 32.722500, 0.0)
(43.205147, 31.443998, 0.0)
(43.202114, 30.867525, 0.0)
(43.210548, 30.609978, 0.0)
(43.246582, 30.475056, 0.0)
(43.251080, 30.388479, 0.0)
(43.262375, 30.377235, 0.0)
(43.404991, 30.635248, 0.0)
(43.458572, 30.620327, 0.0)
(43.418041, 30.680466, 0.0)
(43.362942, 30.692423, 0.0)
(43.325603, 30.735329, 0.0)
(43.312691, 30.755312, 0.0)
(43.303974, 30.782476, 0.0)
(43.297817, 30.794025, 0.0)
(43.300228, 30.807522, 0.0)
(43.294197, 30.817608, 0.0)
(43.271759, 30.818604, 0.0)
(43.257832, 30.833323, 0.0)
(43.258434, 30.839811, 0.0)
(43.260250, 30.768511, 0.0)
(43.034271, 26.454254, 0.0)
(43.010105, 23.142889, 0.0)
(42.932610, 22.549435, 0.0)
(42.964512, 22.620541, 0.0)
(42.992519, 22.728960, 0.0)
(42.995884, 22.785580, 0.0)
(42.991577, 22.833765, 0.0)
(42.983055, 22.927942, 0.0)
(43.049313, 22.972809, 0.0)
(43.716728, 23.172007, 0.0)
(43.732300, 23.231895, 0.0)
(43.696060, 23.216805, 0.0)
(43.710892, 23.254383, 0.0)
(43.699062, 23.264423, 0.0)
(43.701481, 23.248920, 0.0)
(42.898441, 23.072569, 0.0)
(42.127937, 22.773554, 0.0)
(42.120079, 22.756205, 0.0)
(42.165474, 22.768312, 0.0)
(42.157909, 22.747458, 0.0)
(42.222252, 22.724056, 0.0)
(42.231319, 22.745432, 0.0)
(42.232914, 22.740725, 0.0)
(42.201355, 22.744438, 0.0)
(42.200680, 22.720919, 0.0)
(42.227985, 22.750530, 0.0)
(43.383995, 23.092461, 0.0)
(43.585789, 23.138929, 0.0)
(43.557178, 23.102428, 0.0)
(43.559628, 23.046627, 0.0)
(43.571087, 23.018433, 0.0)
(43.588688, 23.062069, 0.0)
(43.551235, 23.065268, 0.0)
(43.498562, 23.074310, 0.0)
(43.477924, 23.090094, 0.0)
(43.460911, 23.096222, 0.0)
(43.454063, 23.082956, 0.0)
(43.447372, 23.102949, 0.0)
(42.559681, 22.990936, 0.0)
(39.952412, 23.369925, 0.0)
(37.987610, 23.805918, 0.0)
(37.949314, 23.825052, 0.0)
(37.986534, 23.763016, 0.0)
(38.004391, 23.744942, 0.0)
(37.176479, 24.331362, 0.0)
(34.005199, 27.688276, 0.0)
(32.222862, 28.866148, 0.0)
(32.097900, 28.911547, 0.0)
(32.112171, 28.866442, 0.0)
(32.056950, 28.829081, 0.0)
(31.935911, 28.805588, 0.0)
(31.920221, 28.827938, 0.0)
(31.921232, 28.826794, 0.0)
(31.867470, 28.773136, 0.0)
(31.860888, 28.764961, 0.0)
(31.808958, 28.754116, 0.0)
(31.782299, 28.772490, 0.0)
(31.761684, 28.780666, 0.0)
(31.706436, 28.819590, 0.0)
(30.770809, 29.013765, 0.0)
(30.657238, 29.090233, 0.0)
(30.638792, 29.098557, 0.0)
(30.626621, 29.120169, 0.0)
(30.621086, 29.121336, 0.0)
(30.626167, 29.124134, 0.0)
(30.640213, 29.134857, 0.0)
(30.661112, 29.141430, 0.0)
(30.662613, 29.130056, 0.0)
(30.646605, 29.144949, 0.0)
(30.640150, 29.125256, 0.0)
(30.623341, 29.111572, 0.0)
(30.616917, 29.111849, 0.0)
(30.605146, 29.108782, 0.0)
(30.750753, 26.982031, 0.0)
(30.603037, 22.911243, 0.0)
(30.776733, 21.765385, 0.0)
(30.779093, 21.806126, 0.0)
(30.734291, 21.918941, 0.0)
(30.684261, 21.969397, 0.0)
(30.689976, 21.974131, 0.0)
(30.653250, 21.977163, 0.0)
(30.560789, 21.794130, 0.0)
(30.031775, 24.135361, 0.0)
(30.090397, 22.807415, 0.0)
(30.163132, 22.289904, 0.0)
(30.197521, 22.119167, 0.0)
(30.204803, 22.115513, 0.0)
(30.218788, 22.118591, 0.0)
(30.227360, 22.194546, 0.0)
(32.235695, 22.022921, 0.0)
(33.726871, 22.115976, 0.0)
(33.765877, 22.107470, 0.0)
(33.733166, 22.071795, 0.0)
(33.738346, 22.020275, 0.0)
(33.758659, 22.023136, 0.0)
(33.755325, 22.008305, 0.0)
(33.751377, 21.996307, 0.0)
(33.742912, 21.979074, 0.0)
(31.074434, 22.487507, 0.0)
(30.619465, 22.483826, 0.0)
(30.616518, 22.514984, 0.0)
(30.663443, 22.524441, 0.0)
(30.652058, 22.518785, 0.0)
(30.665287, 22.518044, 0.0)
(30.674770, 22.539452, 0.0)
(30.673584, 22.496778, 0.0)
(30.658089, 22.457708, 0.0)
(30.664097, 22.495726, 0.0)
(30.933369, 22.513203, 0.0)
(35.482304, 24.247084, 0.0)
(37.249535, 25.500250, 0.0)
(37.193214, 25.468075, 0.0)
(37.125229, 25.385868, 0.0)
(37.129593, 25.350977, 0.0)
(37.133244, 25.300852, 0.0)
(37.106720, 25.303417, 0.0)
(37.327213, 25.288919, 0.0)
(37.349552, 25.275454, 0.0)
(37.331619, 25.267231, 0.0)
(37.315323, 25.194662, 0.0)
(37.303303, 25.105461, 0.0)
(37.311382, 25.118748, 0.0)
(37.292545, 25.102762, 0.0)
(37.256886, 25.126863, 0.0)
(37.240326, 25.119862, 0.0)
(37.237759, 25.108055, 0.0)
(37.203945, 25.140636, 0.0)
(37.214108, 25.164911, 0.0)
(37.204914, 25.157309, 0.0)
(37.210934, 25.159151, 0.0)
(37.208565, 25.154524, 0.0)
(37.215603, 25.185997, 0.0)
(37.216946, 25.188316, 0.0)
(37.228767, 25.172895, 0.0)
(37.256237, 25.222130, 0.0)
(37.229824, 25.235443, 0.0)
(37.251373, 25.223640, 0.0)
(37.274048, 25.215361, 0.0)
(37.263523, 25.279028, 0.0)
(37.269482, 25.255238, 0.0)
(37.236542, 25.281828, 0.0)
(37.243889, 25.305973, 0.0)
(37.252441, 25.314573, 0.0)
(37.257751, 25.322378, 0.0)
(37.278709, 25.295948, 0.0)
(37.282898, 25.301662, 0.0)
(37.259186, 25.322950, 0.0)
(35.644112, 25.660633, 0.0)
(31.933096, 26.165339, 0.0)
(30.474884, 26.512516, 0.0)
(30.474779, 26.570059, 0.0)
(30.486513, 26.522757, 0.0)
(30.483236, 26.547377, 0.0)
(30.416969, 26.567596, 0.0)
(30.366556, 26.565657, 0.0)
(30.366600, 26.518764, 0.0)
(30.382803, 26.537714, 0.0)
(30.385511, 26.518698, 0.0)
(30.373539, 26.533043, 0.0)
(30.188885, 26.523561, 0.0)
(30.102705, 26.521292, 0.0)
(30.034319, 26.500845, 0.0)
(29.986170, 26.492226, 0.0)
(30.054289, 26.473959, 0.0)
(30.044798, 26.479486, 0.0)
(30.010115, 26.504168, 0.0)
(30.057079, 26.504278, 0.0)
(30.092892, 26.505024, 0.0)
(30.084677, 26.494724, 0.0)
(30.062836, 26.465364, 0.0)
(30.097544, 26.504396, 0.0)
(30.111067, 26.528233, 0.0)
(30.117476, 26.518307, 0.0)
(30.162781, 26.483276, 0.0)
(30.207745, 26.496220, 0.0)
(30.207037, 26.499779, 0.0)
(30.195044, 26.496862, 0.0)
(30.218966, 26.478256, 0.0)
(30.233322, 26.478893, 0.0)
(30.257177, 26.496862, 0.0)
(30.263605, 26.452192, 0.0)
(30.274317, 26.392000, 0.0)
(30.278944, 26.443771, 0.0)
(30.278233, 26.456512, 0.0)
(31.500275, 28.041000, 0.0)
(31.711454, 28.841131, 0.0)
(31.667435, 28.897570, 0.0)
(31.618332, 28.860186, 0.0)
(31.580448, 28.882994, 0.0)
(31.615601, 29.230005, 0.0)
(31.621006, 29.495531, 0.0)
(31.621006, 29.495531, 0.0)
(31.618742, 29.476385, 0.0)
(31.601444, 29.483894, 0.0)
(31.583250, 29.506865, 0.0)
(31.593838, 29.551800, 0.0)
(31.549732, 29.540541, 0.0)
(31.549021, 29.597610, 0.0)
(31.557253, 29.705894, 0.0)
(31.546831, 29.792038, 0.0)
(31.538248, 29.800526, 0.0)
(31.479010, 29.817863, 0.0)
(31.452576, 29.793676, 0.0)
(31.437399, 29.798458, 0.0)
(31.475492, 29.822014, 0.0)
(31.492538, 29.777872, 0.0)
(31.497074, 29.782145, 0.0)
(31.534498, 29.777691, 0.0)
(31.527689, 29.769583, 0.0)
(31.515976, 29.785866, 0.0)
(31.512220, 29.779617, 0.0)
(31.496571, 29.779655, 0.0)
(31.501371, 29.771563, 0.0)
(31.505886, 29.781504, 0.0)
(31.505495, 29.778072, 0.0)
(31.494537, 29.778717, 0.0)
(31.489872, 29.803551, 0.0)
(31.500111, 29.805180, 0.0)
(31.493076, 29.774075, 0.0)
(31.533304, 29.766943, 0.0)
(31.560898, 29.711611, 0.0)
(32.001213, 27.866102, 0.0)
(32.285500, 24.610977, 0.0)
(32.349800, 24.347050, 0.0)
(32.339649, 24.413513, 0.0)
(32.308670, 24.467937, 0.0)
(32.315254, 24.496435, 0.0)
(32.304684, 24.500105, 0.0)
(32.305424, 24.503271, 0.0)
(32.326599, 24.517994, 0.0)
(32.331802, 24.526884, 0.0)
(32.373795, 24.460577, 0.0)
(32.897408, 24.217854, 0.0)
(32.952137, 24.205683, 0.0)
(32.905083, 24.191027, 0.0)
(32.850616, 24.194412, 0.0)
(33.159885, 24.769739, 0.0)
(32.477890, 26.826887, 0.0)
(32.508366, 25.806295, 0.0)
(32.537884, 25.232990, 0.0)
(32.463478, 24.834410, 0.0)
(32.496544, 24.582563, 0.0)
(32.474998, 24.452339, 0.0)
(32.483036, 24.379173, 0.0)
(32.498177, 24.324537, 0.0)
(32.541702, 24.294588, 0.0)
(32.566971, 24.315315, 0.0)
(32.557076, 24.339180, 0.0)
(32.532623, 24.342407, 0.0)
(32.547993, 24.366055, 0.0)
(32.568691, 24.356798, 0.0)
(32.546227, 24.362984, 0.0)
(32.583496, 24.364201, 0.0)
(32.591862, 24.348875, 0.0)
(32.675495, 24.420900, 0.0)
(36.269402, 23.286022, 0.0)
(39.710052, 22.365002, 0.0)
(40.137459, 22.530043, 0.0)
(40.138405, 22.580742, 0.0)
(40.077293, 22.536850, 0.0)
(40.245327, 22.518879, 0.0)
(40.567509, 22.445002, 0.0)
(40.570442, 22.448328, 0.0)
(40.534363, 22.432821, 0.0)
(40.525455, 22.430086, 0.0)
(40.468250, 22.300171, 0.0)
(40.452732, 22.217325, 0.0)
(40.396568, 22.186754, 0.0)
(40.400967, 22.163195, 0.0)
(40.405060, 22.215847, 0.0)
(40.424141, 22.273394, 0.0)
(40.441441, 22.288284, 0.0)
(40.433064, 22.306873, 0.0)
(40.434330, 22.381714, 0.0)
(40.431923, 22.416473, 0.0)
(40.426182, 22.447519, 0.0)
(40.440838, 22.435829, 0.0)
(40.440815, 22.424753, 0.0)
(40.421955, 22.481430, 0.0)
(40.399277, 22.519863, 0.0)
(39.918747, 23.136812, 0.0)
(39.818897, 23.588783, 0.0)
(39.825417, 23.577524, 0.0)
(39.824829, 23.554152, 0.0)
(39.824829, 23.554152, 0.0)
(39.827393, 23.564966, 0.0)
(39.827393, 23.564966, 0.0)
(39.825840, 23.577702, 0.0)
(39.820236, 23.601019, 0.0)
(39.813179, 23.631590, 0.0)
(39.797009, 23.643831, 0.0)
(39.783325, 23.655056, 0.0)
(39.783916, 23.649673, 0.0)
(39.796776, 23.625912, 0.0)
(36.880432, 22.430141, 0.0)
(33.058475, 21.169947, 0.0)
(32.779945, 21.363583, 0.0)
(32.854733, 21.427673, 0.0)
(32.801640, 21.442007, 0.0)
(32.780083, 21.448723, 0.0)
(32.769455, 21.444321, 0.0)
(32.490723, 21.545017, 0.0)
(32.413433, 21.625462, 0.0)
(32.451317, 21.605087, 0.0)
(32.581505, 21.523491, 0.0)
(33.173107, 21.492308, 0.0)
(33.211952, 21.441042, 0.0)
(33.190384, 21.389820, 0.0)
(32.824650, 21.474607, 0.0)
(32.418720, 21.686829, 0.0)
(32.391426, 23.648899, 0.0)
(32.358921, 22.445042, 0.0)
(32.385998, 21.746067, 0.0)
(32.392567, 21.429625, 0.0)
(32.384544, 21.312504, 0.0)
(32.385170, 21.261164, 0.0)
(32.411015, 21.202324, 0.0)
(32.417080, 21.187206, 0.0)
(32.713005, 21.745480, 0.0)
(32.947842, 22.724766, 0.0)
(32.952454, 22.790598, 0.0)
(32.927761, 22.776264, 0.0)
(32.937344, 22.805410, 0.0)
(32.939064, 22.812893, 0.0)
(32.957359, 22.814720, 0.0)
(32.989002, 22.808313, 0.0)
(32.979454, 22.806747, 0.0)
(33.255379, 22.840521, 0.0)
(37.838608, 24.923424, 0.0)
(41.107651, 27.810678, 0.0)
(42.423702, 29.196692, 0.0)
(42.449680, 29.152267, 0.0)
(42.355633, 29.066463, 0.0)
(42.341259, 29.040457, 0.0)
(42.328476, 29.007179, 0.0)
(42.325634, 29.042118, 0.0)
(42.537987, 29.208715, 0.0)
(42.550663, 29.264816, 0.0)
(42.526478, 29.235111, 0.0)
(42.504097, 29.225023, 0.0)
(42.532288, 29.225405, 0.0)
(42.548656, 29.184381, 0.0)
(42.559971, 29.179266, 0.0)
(42.552845, 29.137035, 0.0)
(41.693565, 28.712318, 0.0)
(41.635754, 28.624535, 0.0)
(41.653900, 28.660854, 0.0)
(41.649326, 28.691319, 0.0)
(41.661140, 28.704588, 0.0)
(41.671307, 28.707119, 0.0)
(41.827538, 28.778414, 0.0)
(42.300423, 29.008511, 0.0)
(42.340515, 29.021282, 0.0)
(42.355698, 29.006140, 0.0)
(42.355118, 29.001629, 0.0)
(42.351185, 29.000044, 0.0)
(42.344379, 29.040421, 0.0)
(42.345093, 29.024227, 0.0)
(42.339539, 29.018608, 0.0)
(42.342285, 28.995939, 0.0)
(42.356251, 29.012506, 0.0)
(42.364212, 29.005951, 0.0)
(42.355991, 29.000595, 0.0)
(42.352493, 28.998419, 0.0)
(42.344337, 28.981617, 0.0)
(41.755428, 27.670427, 0.0)
(41.746979, 26.921329, 0.0)
(41.768082, 26.960625, 0.0)
(41.762722, 27.006645, 0.0)
(41.778645, 26.960773, 0.0)
(41.790508, 26.932465, 0.0)
(41.810017, 26.930248, 0.0)
(41.805115, 26.944715, 0.0)
(41.743298, 26.937534, 0.0)
(41.332485, 26.756670, 0.0)
(41.334858, 26.732016, 0.0)
(41.376091, 26.740475, 0.0)
(41.368439, 26.698254, 0.0)
(41.372616, 26.708626, 0.0)
(41.359924, 26.686598, 0.0)
(41.502335, 26.719555, 0.0)
(41.755051, 26.848904, 0.0)
(41.768387, 26.845816, 0.0)
(41.788647, 26.846319, 0.0)
(41.791573, 26.856403, 0.0)
(41.773487, 26.837921, 0.0)
(41.764896, 26.854748, 0.0)
(41.770546, 26.854902, 0.0)
(41.735218, 26.832994, 0.0)
(41.739502, 26.811239, 0.0)
(41.773293, 26.834116, 0.0)
(41.775509, 26.823254, 0.0)
(41.777248, 26.831528, 0.0)
(41.793976, 26.820433, 0.0)
(41.773781, 26.799620, 0.0)
(41.779289, 26.819139, 0.0)
(41.784424, 26.821169, 0.0)
(41.779343, 26.806307, 0.0)
(41.785839, 26.815769, 0.0)
(41.775055, 26.739265, 0.0)
(41.787357, 26.764542, 0.0)
(41.782059, 26.746439, 0.0)
(41.245911, 26.433758, 0.0)
(37.207317, 23.389374, 0.0)
(35.765598, 22.755693, 0.0)
(35.696426, 22.753750, 0.0)
(35.719017, 22.829605, 0.0)
(35.698254, 22.835049, 0.0)
(35.651188, 22.838715, 0.0)
(35.803101, 22.932758, 0.0)
(35.815868, 23.044081, 0.0)
(35.787930, 23.046675, 0.0)
(35.790298, 23.059376, 0.0)
(35.774929, 23.066977, 0.0)
(35.773975, 23.083570, 0.0)
(35.763771, 23.118700, 0.0)
(35.756092, 23.138811, 0.0)
(35.742027, 23.149731, 0.0)
(35.699955, 23.156221, 0.0)
(35.660797, 23.183710, 0.0)
(35.651680, 23.197277, 0.0)
(35.676163, 23.217113, 0.0)
(35.715790, 23.208895, 0.0)
(35.727837, 23.178061, 0.0)
(35.717350, 23.218706, 0.0)
(35.705044, 23.241768, 0.0)
(35.700760, 23.261717, 0.0)
(35.684402, 23.224020, 0.0)
(35.669785, 23.236712, 0.0)
(35.671349, 23.234829, 0.0)
(35.679771, 23.226673, 0.0)
(35.692963, 23.175591, 0.0)
(35.713249, 23.188456, 0.0)
(35.706448, 23.191431, 0.0)
(35.682030, 23.226475, 0.0)
(35.672623, 23.212936, 0.0)
(35.661224, 23.210184, 0.0)
(35.658722, 23.197136, 0.0)
(35.645409, 23.152702, 0.0)
(35.635895, 23.152382, 0.0)
(35.072140, 23.556335, 0.0)
(32.991814, 26.016470, 0.0)
(32.773426, 26.448410, 0.0)
(32.760853, 26.414534, 0.0)
(32.748859, 26.347418, 0.0)
(32.713600, 26.334211, 0.0)
(32.722870, 26.270535, 0.0)
(32.726086, 26.295610, 0.0)
(32.722603, 26.275627, 0.0)
(32.605949, 26.179108, 0.0)
(32.586239, 26.118114, 0.0)
(32.564476, 26.155939, 0.0)
(32.591709, 26.097895, 0.0)
(32.584301, 26.103153, 0.0)
(32.580845, 26.105125, 0.0)
(32.574409, 26.091984, 0.0)
(32.534580, 26.108284, 0.0)
(32.477478, 26.084877, 0.0)
(32.689167, 26.024483, 0.0)
(32.917816, 25.888794, 0.0)
(32.880676, 25.868443, 0.0)
(32.363083, 26.022211, 0.0)
(32.334183, 26.017805, 0.0)
(32.359161, 26.009171, 0.0)
(32.344326, 26.021181, 0.0)
(32.339275, 26.006153, 0.0)
(32.351521, 25.987701, 0.0)
(32.350960, 25.990284, 0.0)
(32.349281, 25.994946, 0.0)
(32.353859, 26.001499, 0.0)
(32.349255, 26.008121, 0.0)
(32.342026, 25.997335, 0.0)
(32.318657, 26.022764, 0.0)
(32.326263, 26.031256, 0.0)
(32.317505, 26.044613, 0.0)
(32.313377, 26.020844, 0.0)
(34.843739, 25.277382, 0.0)
(38.794655, 24.314314, 0.0)
(39.393085, 24.324930, 0.0)
(39.340607, 24.337139, 0.0)
(39.289459, 24.346230, 0.0)
(39.288067, 24.344036, 0.0)
(39.266354, 24.310345, 0.0)
(39.288742, 24.300625, 0.0)
(39.021637, 24.284992, 0.0)
(38.986935, 24.225470, 0.0)
(38.995491, 24.223743, 0.0)
(38.976479, 24.233683, 0.0)
(38.988186, 24.227495, 0.0)
(39.001881, 24.269880, 0.0)
(39.020252, 24.273813, 0.0)
(39.040970, 24.281826, 0.0)
(39.044247, 24.295876, 0.0)
(39.047718, 24.312988, 0.0)
(39.064758, 24.296143, 0.0)
(39.079067, 24.307320, 0.0)
(39.077328, 24.323147, 0.0)
(39.096901, 24.314116, 0.0)
(39.100475, 24.323660, 0.0)
(39.108971, 24.325792, 0.0)
(39.102665, 24.376348, 0.0)
(39.099461, 24.452280, 0.0)
(39.124069, 24.474833, 0.0)
(39.129971, 24.502626, 0.0)
(39.129768, 24.535650, 0.0)
(39.149525, 24.500011, 0.0)
(39.127815, 24.459661, 0.0)
(39.136974, 24.468107, 0.0)
(39.136974, 24.468107, 0.0)
(39.119480, 24.462004, 0.0)
(39.138226, 24.447157, 0.0)
(39.148026, 24.472910, 0.0)
(39.157490, 24.452160, 0.0)
(39.123859, 24.467627, 0.0)
(39.109779, 24.467432, 0.0)
(36.736729, 22.540485, 0.0)
(35.841839, 20.902128, 0.0)
(35.833729, 21.007704, 0.0)
(35.801628, 21.097553, 0.0)
(35.797424, 21.101049, 0.0)
(35.794544, 21.113829, 0.0)
(35.782898, 21.099405, 0.0)
(35.772667, 21.102837, 0.0)
(35.755238, 21.111460, 0.0)
(35.737728, 21.128448, 0.0)
(35.704468, 21.075617, 0.0)
(35.658916, 21.070845, 0.0)
(35.593929, 21.085770, 0.0)
(35.519531, 21.078564, 0.0)
(35.506302, 21.041536, 0.0)
(35.392456, 20.880611, 0.0)
(35.350937, 22.148706, 0.0)
(35.580627, 21.458773, 0.0)
(35.612427, 21.039579, 0.0)
(35.621017, 20.938507, 0.0)
(35.676056, 20.942934, 0.0)
(35.668255, 21.017662, 0.0)
(35.680397, 21.059008, 0.0)
(35.697094, 21.086405, 0.0)
(35.675507, 21.096766, 0.0)
(35.671764, 21.107883, 0.0)
(35.291603, 22.689308, 0.0)
(35.143215, 23.054115, 0.0)
(35.126450, 23.038216, 0.0)
(35.107830, 22.998301, 0.0)
(35.107872, 22.968336, 0.0)
(35.092541, 22.939896, 0.0)
(35.070107, 22.955221, 0.0)
(35.062813, 22.971966, 0.0)
(35.064606, 23.009342, 0.0)
(35.069702, 23.007885, 0.0)
(35.062355, 23.008085, 0.0)
(34.863094, 23.089428, 0.0)
(31.590992, 24.973654, 0.0)
(30.451180, 26.008045, 0.0)
(30.426617, 26.060913, 0.0)
(30.453712, 26.011278, 0.0)
(30.457203, 26.026575, 0.0)
(30.409452, 26.046345, 0.0)
(30.401941, 26.053209, 0.0)
(30.446756, 26.033846, 0.0)
(30.486246, 25.953176, 0.0)
(30.563583, 25.833567, 0.0)
(30.540377, 25.857643, 0.0)
(30.508213, 25.845806, 0.0)
(30.417725, 26.154417, 0.0)
(30.427084, 27.326601, 0.0)
(30.241625, 26.304796, 0.0)
(30.251490, 25.750385, 0.0)
(30.219654, 25.495247, 0.0)
(30.231575, 25.463360, 0.0)
(30.236820, 25.410452, 0.0)
(30.248009, 25.425369, 0.0)
(30.259840, 25.443096, 0.0)
(30.284168, 25.411449, 0.0)
(30.303564, 25.417431, 0.0)
(30.308836, 25.453117, 0.0)
(30.302427, 25.476616, 0.0)
(30.296307, 25.497538, 0.0)
(30.297947, 25.498571, 0.0)
(30.257029, 25.570255, 0.0)
(30.259136, 25.581251, 0.0)
(30.285799, 25.583771, 0.0)
(30.303091, 25.550056, 0.0)
(30.306458, 25.525434, 0.0)
(32.566135, 24.991253, 0.0)
(35.955456, 25.082005, 0.0)
(36.061134, 25.086651, 0.0)
(36.003597, 25.075447, 0.0)
(35.990990, 25.044998, 0.0)
(35.980026, 25.165184, 0.0)
(36.124382, 28.926970, 0.0)
(36.351120, 29.771309, 0.0)
(36.360374, 29.683819, 0.0)
(36.325191, 29.610828, 0.0)
(36.371819, 29.587473, 0.0)
(36.023735, 29.298843, 0.0)
(35.785866, 28.865423, 0.0)
(35.804024, 28.875252, 0.0)
(35.792217, 28.918264, 0.0)
(35.791191, 28.888866, 0.0)
(35.779430, 28.899614, 0.0)
(35.780857, 28.878693, 0.0)
(35.776768, 28.879238, 0.0)
(35.749462, 28.877647, 0.0)
(35.743687, 28.900515, 0.0)
(35.772663, 28.943428, 0.0)
(35.742485, 28.911615, 0.0)
(35.744453, 28.908297, 0.0)
(35.736622, 28.986530, 0.0)
(35.722923, 28.948015, 0.0)
(35.763031, 28.986496, 0.0)
(35.773087, 28.972763, 0.0)
(35.773087, 28.972763, 0.0)
(36.150761, 28.080751, 0.0)
(36.379921, 27.255095, 0.0)
(36.363056, 27.293806, 0.0)
(36.323566, 27.379364, 0.0)
(36.329540, 27.383570, 0.0)
(36.355358, 27.344707, 0.0)
(36.357460, 27.367189, 0.0)
(36.361065, 27.382143, 0.0)
(36.363712, 27.389687, 0.0)
(36.378540, 27.348021, 0.0)
(36.361488, 27.345306, 0.0)
(36.441948, 27.330111, 0.0)
(37.677143, 25.846697, 0.0)
(37.719181, 25.807833, 0.0)
(37.711086, 25.873720, 0.0)
(37.693882, 25.879606, 0.0)
(37.699150, 25.881596, 0.0)
(37.633190, 25.928944, 0.0)
(37.454006, 26.155323, 0.0)
(37.472469, 26.145155, 0.0)
(37.491318, 26.085209, 0.0)
(37.491669, 26.089422, 0.0)
(37.495201, 26.115143, 0.0)
(37.516624, 26.104797, 0.0)
(37.521679, 26.113672, 0.0)
(37.520748, 26.070015, 0.0)
(37.535431, 26.174358, 0.0)
(37.544930, 26.165693, 0.0)
(37.532135, 26.127235, 0.0)
(37.536163, 26.058819, 0.0)
(37.545170, 26.063122, 0.0)
(37.548038, 26.068310, 0.0)
(37.532368, 26.033289, 0.0)
(37.543076, 26.036631, 0.0)
(37.550838, 26.062769, 0.0)
(37.550808, 26.011620, 0.0)
(37.528610, 26.027355, 0.0)
(37.746544, 25.654341, 0.0)
(38.282307, 24.340500, 0.0)
(38.284729, 24.352871, 0.0)
(38.224392, 24.448734, 0.0)
(38.187675, 24.468929, 0.0)
(38.202984, 24.443649, 0.0)
(38.213753, 24.449064, 0.0)
(38.185513, 24.474672, 0.0)
(37.868855, 24.212919, 0.0)
(37.451633, 23.082855, 0.0)
(37.453979, 23.107832, 0.0)
(37.464275, 23.169462, 0.0)
(37.424145, 23.187469, 0.0)
(36.047935, 23.245970, 0.0)
(32.120548, 23.928232, 0.0)
(31.366039, 24.328205, 0.0)
(31.381752, 24.386864, 0.0)
(31.372591, 24.420305, 0.0)
(31.278042, 24.500801, 0.0)
(31.260384, 24.488729, 0.0)
(31.348083, 24.644386, 0.0)
(31.412523, 24.780552, 0.0)
(31.384605, 24.803789, 0.0)
(31.360960, 24.827988, 0.0)
(31.334885, 24.859310, 0.0)
(31.334885, 24.859310, 0.0)
(31.321215, 24.836662, 0.0)
(31.286421, 24.862644, 0.0)
(31.272263, 24.883581, 0.0)
(31.274704, 24.873260, 0.0)
(31.270164, 24.906721, 0.0)
(31.256596, 24.918482, 0.0)
(31.229965, 24.934916, 0.0)
(31.188911, 24.869581, 0.0)
(31.189074, 24.874844, 0.0)
(31.177647, 24.910007, 0.0)
(31.170332, 24.918713, 0.0)
(31.169823, 24.929171, 0.0)
(31.175877, 24.910162, 0.0)
(31.165104, 24.905928, 0.0)
(31.196087, 24.893322, 0.0)
(33.598396, 23.940924, 0.0)
(35.751881, 23.511332, 0.0)
(36.350044, 23.522970, 0.0)
(36.315483, 23.467005, 0.0)
(36.266666, 23.392479, 0.0)
(36.282909, 23.321243, 0.0)
(36.280296, 23.284626, 0.0)
(36.248569, 23.258204, 0.0)
(36.271057, 23.300653, 0.0)
(36.563602, 23.228359, 0.0)
(39.719597, 22.023321, 0.0)
(40.315075, 21.965086, 0.0)
(40.338177, 22.090059, 0.0)
(40.290096, 22.085253, 0.0)
(40.271973, 22.062355, 0.0)
(40.297745, 22.047602, 0.0)
(40.441895, 21.946348, 0.0)
(40.504910, 21.821697, 0.0)
(40.502316, 21.851320, 0.0)
(40.483131, 21.874191, 0.0)
(40.504250, 21.873857, 0.0)
(40.518505, 21.845272, 0.0)
(40.553078, 21.791553, 0.0)
(40.557735, 21.778656, 0.0)
(40.536514, 21.781174, 0.0)
(40.521854, 21.763084, 0.0)
(40.536659, 21.764643, 0.0)
(40.546074, 21.745777, 0.0)
(40.548336, 21.715437, 0.0)
(40.551872, 21.707308, 0.0)
(40.557106, 21.663761, 0.0)
(40.551388, 21.652708, 0.0)
(40.584618, 21.681101, 0.0)
(40.578789, 21.720530, 0.0)
(40.595337, 21.699984, 0.0)
(40.608547, 21.623260, 0.0)
(40.610600, 21.565695, 0.0)
(40.638504, 21.568905, 0.0)
(39.913475, 22.740416, 0.0)
(39.651257, 23.211655, 0.0)
(39.659485, 23.149651, 0.0)
(39.672768, 23.126068, 0.0)
(39.653900, 23.121853, 0.0)
(39.653900, 23.123981, 0.0)
(39.641342, 23.112661, 0.0)
(39.632992, 23.121572, 0.0)
(36.733147, 24.082712, 0.0)
(34.408390, 25.382904, 0.0)
(34.278366, 25.400864, 0.0)
(34.298409, 25.385908, 0.0)
(34.280441, 25.375719, 0.0)
(34.236088, 25.393772, 0.0)
(34.203522, 25.395391, 0.0)
(34.266922, 25.325811, 0.0)
(34.361759, 25.192049, 0.0)
(34.353680, 25.170275, 0.0)
(34.342880, 25.184593, 0.0)
(34.307709, 25.210941, 0.0)
(34.269432, 25.227150, 0.0)
(34.239223, 25.243425, 0.0)
(34.196495, 25.267483, 0.0)
(34.157413, 25.263239, 0.0)
(34.147102, 25.222990, 0.0)
(34.144566, 25.249048, 0.0)
(34.128571, 25.255882, 0.0)
(34.129406, 25.293373, 0.0)
(34.123287, 25.304787, 0.0)
(34.094055, 25.298277, 0.0)
(34.097115, 25.333076, 0.0)
(34.090073, 25.357866, 0.0)
(34.102650, 25.365547, 0.0)
(34.109470, 25.326298, 0.0)
(34.452591, 25.158409, 0.0)
(35.486923, 24.865112, 0.0)
(35.514450, 24.906052, 0.0)
(35.490425, 24.916288, 0.0)
(35.500957, 24.934246, 0.0)
(35.485008, 24.906256, 0.0)
(35.479492, 24.887760, 0.0)
(35.499691, 24.866135, 0.0)
(35.494175, 24.861954, 0.0)
(35.490162, 24.864025, 0.0)
(35.490997, 24.826769, 0.0)
(35.770855, 24.763773, 0.0)
(39.514164, 23.266129, 0.0)
(40.663044, 23.175478, 0.0)
(40.671154, 23.284224, 0.0)
(40.589344, 23.308689, 0.0)
(40.610222, 23.289532, 0.0)
(40.642105, 23.252613, 0.0)
(40.642105, 23.252613, 0.0)
(40.623432, 23.250868, 0.0)
(40.603146, 23.293571, 0.0)
(40.706120, 23.294750, 0.0)
(40.752922, 23.270277, 0.0)
(40.760765, 23.227787, 0.0)
(40.779781, 23.224949, 0.0)
(40.780869, 23.207903, 0.0)
(40.767788, 23.205118, 0.0)
(40.770317, 23.211571, 0.0)
(40.795193, 23.188871, 0.0)
(40.804871, 23.192680, 0.0)
(40.815430, 23.160587, 0.0)
(40.827862, 23.155766, 0.0)
(40.832790, 23.156923, 0.0)
(40.853523, 23.150911, 0.0)
(39.754436, 23.528076, 0.0)
(38.357807, 24.246662, 0.0)
(38.304150, 24.119049, 0.0)
(38.318085, 24.089418, 0.0)
(38.308727, 24.084236, 0.0)
(38.303276, 24.066156, 0.0)
(38.296520, 24.068653, 0.0)
(38.309822, 24.045053, 0.0)
(38.317131, 24.027077, 0.0)
(38.323051, 23.997046, 0.0)
(38.365784, 24.013134, 0.0)
(38.370319, 23.982283, 0.0)
(38.345764, 24.009321, 0.0)
(38.359863, 23.975384, 0.0)
(38.361832, 23.959587, 0.0)
(38.556767, 24.186089, 0.0)
(41.541050, 27.517239, 0.0)
(41.907452, 28.280748, 0.0)
(41.846313, 28.261335, 0.0)
(41.820950, 28.198341, 0.0)
(41.801384, 28.198959, 0.0)
(41.817169, 28.226097, 0.0)
(41.898529, 28.538319, 0.0)
(41.881191, 28.512293, 0.0)
(41.865582, 28.506613, 0.0)
(41.893967, 28.476206, 0.0)
(41.909351, 28.415089, 0.0)
(41.957771, 28.408024, 0.0)
(41.993214, 28.381836, 0.0)
(42.046284, 28.311922, 0.0)
(42.046124, 28.357340, 0.0)
(42.003395, 28.367809, 0.0)
(41.986298, 28.414698, 0.0)
(42.120342, 28.603241, 0.0)
(42.152958, 28.606680, 0.0)
(42.164116, 28.589752, 0.0)
(42.152889, 28.586298, 0.0)
(42.151176, 28.585403, 0.0)
(42.147957, 28.582203, 0.0)
(42.144749, 28.584909, 0.0)
(42.147957, 28.582203, 0.0)
(42.213005, 28.575968, 0.0)
(42.227123, 28.529753, 0.0)
(42.227867, 28.505669, 0.0)
(42.220264, 28.500866, 0.0)
(42.225464, 28.523746, 0.0)
(42.199226, 28.500088, 0.0)
(42.216736, 28.497009, 0.0)
(42.221798, 28.488640, 0.0)
(42.218037, 28.482170, 0.0)
(42.174320, 28.465473, 0.0)
(42.159897, 28.442757, 0.0)
(42.174923, 28.443640, 0.0)
(42.102615, 25.871410, 0.0)
(42.066093, 22.655024, 0.0)
(42.107422, 22.408190, 0.0)
(42.041687, 22.574825, 0.0)
(42.016705, 22.626633, 0.0)
(42.002995, 22.669777, 0.0)
(42.246956, 22.626579, 0.0)
(42.262642, 22.710878, 0.0)
(42.263969, 22.695898, 0.0)
(42.245518, 22.705606, 0.0)
(42.234276, 22.708744, 0.0)
(42.249599, 22.646696, 0.0)
(42.248722, 22.595491, 0.0)
(42.242363, 22.604395, 0.0)
(42.093681, 22.701326, 0.0)
(42.646984, 23.822401, 0.0)
(42.306370, 22.464531, 0.0)
(42.294151, 22.184206, 0.0)
(42.300468, 22.220640, 0.0)
(42.244411, 22.288553, 0.0)
(42.220028, 22.362780, 0.0)
(42.220764, 22.426584, 0.0)
(42.212704, 22.519377, 0.0)
(42.206535, 22.525801, 0.0)
(40.748753, 22.894836, 0.0)
(40.111301, 23.168064, 0.0)
(40.092716, 23.122950, 0.0)
(40.123722, 23.115232, 0.0)
(40.127415, 23.118933, 0.0)
(40.128590, 23.090622, 0.0)
(40.127380, 23.113560, 0.0)
(40.136253, 23.092772, 0.0)
(40.149040, 23.091892, 0.0)
(40.143154, 23.088388, 0.0)
(40.161411, 23.108276, 0.0)
(39.281109, 24.171402, 0.0)
(37.822330, 26.732040, 0.0)
(37.748734, 26.868319, 0.0)
(37.752445, 26.725124, 0.0)
(37.733059, 26.697609, 0.0)
(37.707531, 26.718372, 0.0)
(37.698402, 26.685831, 0.0)
(37.666386, 26.692965, 0.0)
(37.659115, 26.723623, 0.0)
(37.643944, 26.736914, 0.0)
(37.639809, 26.729008, 0.0)
(37.650188, 26.811703, 0.0)
(37.596146, 26.842051, 0.0)
(37.500164, 26.853392, 0.0)
(37.473320, 26.922297, 0.0)
(37.444538, 26.931562, 0.0)
(37.418037, 26.993961, 0.0)
(37.407822, 27.015385, 0.0)
(37.392101, 27.034233, 0.0)
(37.397678, 27.058538, 0.0)
(37.383617, 27.062799, 0.0)
(37.329494, 27.086351, 0.0)
(37.333458, 27.075615, 0.0)
(37.294369, 27.117191, 0.0)
(37.294888, 27.119495, 0.0)
(37.308548, 27.107170, 0.0)
(37.320053, 27.118265, 0.0)
(37.338005, 27.083139, 0.0)
(37.330894, 27.118368, 0.0)
(37.343868, 27.086546, 0.0)
(37.296455, 27.103241, 0.0)
(37.308552, 27.124273, 0.0)
(37.321064, 27.101414, 0.0)
(37.320042, 27.109575, 0.0)
(37.318501, 27.082813, 0.0)
(37.350201, 27.090857, 0.0)
(37.329742, 27.094995, 0.0)
(37.296753, 27.091619, 0.0)
(37.312286, 27.220617, 0.0)
(37.163921, 28.809158, 0.0)
(37.176968, 28.967455, 0.0)
(37.169434, 28.889429, 0.0)
(37.142551, 28.912209, 0.0)
(37.131527, 28.900673, 0.0)
(37.267399, 28.896067, 0.0)
(37.274857, 28.913004, 0.0)
(37.255661, 28.919163, 0.0)
(37.252747, 28.898174, 0.0)
(37.249367, 28.887047, 0.0)
(37.252880, 28.852032, 0.0)
(37.237385, 28.860746, 0.0)
(37.241417, 28.879681, 0.0)
(37.249737, 28.874132, 0.0)
(37.247833, 28.880249, 0.0)
(37.261765, 28.857697, 0.0)
(37.255127, 28.854126, 0.0)
(37.251911, 28.847662, 0.0)
(37.247303, 28.837069, 0.0)
(37.250652, 28.849579, 0.0)
(37.266098, 28.829985, 0.0)
(37.275513, 28.821836, 0.0)
(37.234810, 28.855083, 0.0)
(37.248825, 28.758400, 0.0)
(37.166183, 26.928526, 0.0)
(37.114742, 26.579351, 0.0)
(37.112259, 26.660749, 0.0)
(37.103714, 26.664667, 0.0)
(37.118362, 26.678804, 0.0)
(37.136173, 26.677412, 0.0)
(37.105740, 26.658222, 0.0)
(37.088970, 26.652187, 0.0)
(37.082863, 26.654730, 0.0)
(37.095463, 26.651527, 0.0)
(37.102844, 26.664576, 0.0)
(37.107655, 26.604332, 0.0)
(37.091969, 26.625381, 0.0)
(35.723152, 27.026453, 0.0)
(32.538013, 27.964596, 0.0)
(31.492502, 28.080271, 0.0)
(31.499277, 27.977243, 0.0)
(31.558006, 27.919441, 0.0)
(31.459969, 27.977915, 0.0)
(31.435539, 28.021519, 0.0)
(31.420391, 28.027063, 0.0)
(31.557125, 27.767494, 0.0)
(31.527023, 27.762823, 0.0)
(31.524719, 27.765751, 0.0)
(31.412743, 27.795881, 0.0)
(31.331833, 27.821564, 0.0)
(31.302782, 27.866278, 0.0)
(31.293699, 27.862869, 0.0)
(32.039959, 27.276945, 0.0)
(32.170662, 27.192904, 0.0)
(31.907646, 27.370131, 0.0)
(31.339733, 27.523567, 0.0)
(31.326426, 27.549582, 0.0)
(31.370617, 27.562483, 0.0)
(31.339054, 27.576859, 0.0)
(31.354000, 27.577356, 0.0)
(31.365093, 27.575275, 0.0)
(31.331741, 27.617058, 0.0)
(31.352972, 27.567913, 0.0)
(31.906511, 25.879841, 0.0)
(31.987522, 25.388035, 0.0)
(31.937769, 25.491653, 0.0)
(31.916714, 25.536205, 0.0)
(31.908356, 25.546864, 0.0)
(31.897905, 25.546614, 0.0)
(31.894371, 25.576033, 0.0)
(31.897371, 25.568556, 0.0)
(31.941908, 25.600000, 0.0)
(31.932671, 25.567978, 0.0)
(33.500084, 24.553688, 0.0)
(33.947426, 24.150602, 0.0)
(33.990963, 24.219620, 0.0)
(33.968914, 24.194510, 0.0)
(33.973999, 24.163616, 0.0)
(33.955063, 24.148598, 0.0)
(33.951057, 24.176559, 0.0)
(33.936981, 24.205015, 0.0)
(33.952934, 24.165766, 0.0)
(33.949085, 24.216179, 0.0)
(33.922844, 24.126274, 0.0)
(33.929836, 24.035242, 0.0)
(33.911739, 24.035351, 0.0)
(33.923870, 24.044277, 0.0)
(33.900879, 24.047548, 0.0)
(33.924873, 24.010159, 0.0)
(33.958481, 24.015707, 0.0)
(33.997982, 23.968742, 0.0)
(34.307426, 23.790298, 0.0)
(34.531231, 23.585361, 0.0)
(34.528622, 23.551189, 0.0)
(34.541595, 23.577410, 0.0)
(34.570869, 23.579775, 0.0)
(34.591599, 23.582071, 0.0)
(34.296291, 23.505775, 0.0)
(34.104156, 23.387346, 0.0)
(34.103752, 23.411879, 0.0)
(34.084393, 23.429232, 0.0)
(34.097687, 23.458462, 0.0)
(34.095394, 23.465786, 0.0)
(34.103836, 23.475521, 0.0)
(35.253269, 23.435146, 0.0)
(35.624195, 23.447411, 0.0)
(35.632671, 23.441694, 0.0)
(35.620037, 23.418423, 0.0)
(35.620110, 23.423536, 0.0)
(35.606022, 23.410654, 0.0)
(35.549084, 23.457588, 0.0)
(37.380280, 25.858692, 0.0)
(38.488052, 29.414751, 0.0)
(38.599869, 30.159958, 0.0)
(38.493523, 30.090334, 0.0)
(38.446575, 30.014338, 0.0)
(38.445438, 29.941694, 0.0)
(38.548706, 29.962105, 0.0)
(38.702805, 30.085611, 0.0)
(38.691643, 30.093805, 0.0)
(38.688961, 30.083269, 0.0)
(38.691490, 30.090176, 0.0)
(38.670033, 30.065577, 0.0)
(38.648762, 30.073954, 0.0)
(38.665691, 30.047447, 0.0)
(38.647484, 30.051537, 0.0)
(38.672173, 30.053288, 0.0)
(38.699070, 30.012468, 0.0)
(38.714382, 30.028618, 0.0)
(38.698742, 29.772053, 0.0)
(38.761906, 27.669319, 0.0)
(38.753700, 27.447891, 0.0)
(38.750736, 27.489279, 0.0)
(38.755859, 27.532387, 0.0)
(38.754028, 27.558609, 0.0)
(38.764389, 27.529188, 0.0)
(38.720146, 27.626854, 0.0)
(38.775219, 30.409185, 0.0)
(38.851154, 29.847115, 0.0)
(38.858326, 29.472569, 0.0)
(38.867489, 29.286503, 0.0)
(38.847229, 26.182930, 0.0)
(38.870136, 25.606394, 0.0)
(38.825413, 25.691330, 0.0)
(38.768517, 25.797556, 0.0)
(38.771793, 25.784258, 0.0)
(38.783852, 25.789988, 0.0)
(38.819435, 25.803162, 0.0)
(38.799828, 25.833902, 0.0)
(38.799828, 25.833902, 0.0)
(38.803089, 25.835909, 0.0)
(38.779575, 25.856647, 0.0)
(36.010586, 28.033550, 0.0)
(34.454510, 28.893986, 0.0)
(34.364388, 28.937243, 0.0)
(34.399925, 28.889605, 0.0)
(34.397724, 28.891062, 0.0)
(34.397926, 28.865536, 0.0)
(34.383518, 28.823051, 0.0)
(34.362045, 28.809622, 0.0)
(34.347214, 28.818830, 0.0)
(34.328312, 28.855743, 0.0)
(34.302963, 28.842260, 0.0)
(34.025711, 28.854006, 0.0)
(33.775547, 28.752697, 0.0)
(33.773403, 28.756647, 0.0)
(33.754166, 28.766830, 0.0)
(33.731102, 28.746897, 0.0)
(33.719219, 28.759949, 0.0)
(33.704311, 28.786982, 0.0)
(33.683460, 28.800592, 0.0)
(33.681416, 28.807692, 0.0)
(33.678574, 28.816628, 0.0)
(33.652321, 28.841026, 0.0)
(33.674843, 28.910231, 0.0)
(33.652332, 28.898762, 0.0)
(33.639683, 28.886700, 0.0)
(33.660027, 28.884541, 0.0)
(33.657780, 28.906347, 0.0)
(33.671196, 28.925299, 0.0)
(33.664520, 28.920750, 0.0)
(35.398678, 27.411949, 0.0)
(39.102390, 25.126654, 0.0)
(41.878208, 24.821217, 0.0)
(42.731331, 24.984415, 0.0)
(42.761398, 25.058788, 0.0)
(42.681530, 25.106438, 0.0)
(43.347088, 24.944757, 0.0)
(43.851452, 24.369230, 0.0)
(43.913582, 24.414621, 0.0)
(43.943897, 24.534389, 0.0)
(43.925697, 24.548292, 0.0)
(43.881405, 24.628489, 0.0)
(43.901081, 24.594101, 0.0)
(43.896244, 24.617281, 0.0)
(44.063560, 24.558760, 0.0)
(44.070251, 24.564928, 0.0)
(44.036743, 24.576267, 0.0)
(44.016644, 24.605806, 0.0)
(43.999725, 24.627546, 0.0)
(44.028259, 24.610012, 0.0)
(44.013073, 24.611917, 0.0)
(44.011700, 24.582041, 0.0)
(44.017616, 24.574848, 0.0)
(44.015400, 24.585533, 0.0)
(44.033722, 24.575981, 0.0)
(44.051830, 24.552999, 0.0)
(44.040485, 24.512585, 0.0)
(44.032333, 24.523903, 0.0)
(43.450935, 24.282551, 0.0)
(43.403179, 24.261538, 0.0)
(43.440193, 24.259298, 0.0)
(43.448219, 24.254618, 0.0)
(43.449200, 24.214046, 0.0)
(43.467468, 24.195301, 0.0)
(43.528637, 24.162794, 0.0)
(43.565521, 24.181402, 0.0)
(43.504608, 24.176460, 0.0)
(43.474625, 24.225056, 0.0)
(43.472023, 24.244884, 0.0)
(41.568893, 23.088209, 0.0)
(39.020107, 21.867340, 0.0)
(39.000664, 21.884048, 0.0)
(39.089710, 21.874222, 0.0)
(39.128937, 21.862480, 0.0)
(39.151897, 21.912767, 0.0)
(39.123619, 21.926790, 0.0)
(39.083344, 21.959629, 0.0)
(39.057232, 21.981760, 0.0)
(39.082726, 21.964357, 0.0)
(39.160824, 21.962032, 0.0)
(39.169594, 21.973745, 0.0)
(39.146149, 21.968746, 0.0)
(39.160378, 21.963842, 0.0)
(39.164471, 21.979551, 0.0)
(39.163498, 21.985991, 0.0)
(39.159924, 21.981026, 0.0)
(39.126503, 22.006678, 0.0)
(39.143276, 21.939709, 0.0)
(39.143276, 21.939709, 0.0)
(39.138630, 21.941069, 0.0)
(39.112438, 21.988686, 0.0)
(39.085846, 21.997061, 0.0)
(39.091328, 22.004103, 0.0)
(39.080177, 22.019901, 0.0)
(39.090054, 22.035290, 0.0)
(39.086308, 22.009548, 0.0)
(39.089935, 22.014326, 0.0)
(38.404396, 22.067570, 0.0)
(38.067848, 22.172152, 0.0)
(38.067848, 22.172152, 0.0)
(38.067921, 22.166346, 0.0)
(38.068798, 22.170773, 0.0)
(38.048191, 22.158190, 0.0)
(38.043839, 22.150949, 0.0)
(38.032654, 22.142330, 0.0)
(38.039597, 22.139309, 0.0)
(38.043839, 22.150949, 0.0)
(38.880989, 22.712475, 0.0)
(41.940289, 26.787903, 0.0)
(42.309208, 28.520910, 0.0)
(42.244652, 28.519489, 0.0)
(42.188797, 28.371737, 0.0)
(42.184540, 28.285910, 0.0)
(42.541813, 29.988174, 0.0)
(42.486870, 30.043159, 0.0)
(42.430962, 29.931738, 0.0)
(42.432552, 29.878887, 0.0)
(42.421345, 29.861990, 0.0)
(42.425644, 29.841358, 0.0)
(42.438465, 29.820803, 0.0)
(42.480999, 29.780249, 0.0)
(42.661282, 29.785021, 0.0)
(42.678780, 29.774225, 0.0)
(42.666164, 29.747452, 0.0)
(42.675011, 29.730917, 0.0)
(42.630222, 29.730350, 0.0)
(42.633652, 29.743525, 0.0)
(42.633945, 29.772985, 0.0)
(42.596905, 29.743397, 0.0)
(42.574566, 29.754230, 0.0)
(42.553288, 29.767117, 0.0)
(42.509903, 29.772821, 0.0)
(42.486282, 29.749506, 0.0)
(42.462200, 29.744396, 0.0)
(42.460102, 29.746830, 0.0)
(42.461864, 29.743715, 0.0)
(42.458622, 29.706495, 0.0)
(40.237610, 27.442226, 0.0)
(37.508308, 25.328064, 0.0)
(37.069672, 24.990244, 0.0)
(37.138035, 25.048565, 0.0)
(37.154922, 25.055952, 0.0)
(37.160130, 25.064474, 0.0)
(37.132889, 25.101307, 0.0)
(37.143166, 25.121851, 0.0)
(36.639812, 25.718306, 0.0)
(35.965073, 27.850882, 0.0)
(35.923347, 27.901058, 0.0)
(35.918045, 27.777803, 0.0)
(35.911621, 27.805077, 0.0)
(35.910309, 27.826141, 0.0)
(35.884865, 27.861225, 0.0)
(35.879734, 27.855377, 0.0)
(35.884861, 27.855631, 0.0)
(35.887184, 27.837988, 0.0)
(35.859341, 27.837818, 0.0)
(35.614376, 27.877001, 0.0)
(35.339638, 27.735535, 0.0)
(35.328533, 27.752195, 0.0)
(35.354542, 27.767107, 0.0)
(35.348671, 27.810596, 0.0)
(35.356998, 27.794367, 0.0)
(35.341381, 27.805246, 0.0)
(35.317371, 27.854883, 0.0)
(35.288696, 27.880196, 0.0)
(35.260143, 27.903587, 0.0)
(35.282711, 27.907497, 0.0)
(35.329014, 27.891148, 0.0)
(35.338856, 27.909708, 0.0)
(35.366844, 27.888433, 0.0)
(35.319923, 27.883812, 0.0)
(35.448303, 26.243073, 0.0)
(35.544956, 24.649858, 0.0)
(35.559689, 24.450546, 0.0)
(35.526722, 24.531588, 0.0)
(35.532440, 24.541416, 0.0)
(35.516048, 24.499136, 0.0)
(35.483002, 24.551210, 0.0)
(35.481960, 24.562571, 0.0)
(35.465218, 24.547417, 0.0)
(35.497677, 24.551210, 0.0)
(36.443359, 23.560349, 0.0)
(37.205006, 22.290913, 0.0)
(37.216396, 22.237175, 0.0)
(37.151817, 22.301327, 0.0)
(37.184204, 22.277802, 0.0)
(37.172054, 22.332069, 0.0)
(37.190384, 22.408937, 0.0)
(37.189369, 22.472763, 0.0)
(37.337345, 22.557344, 0.0)
(37.348038, 22.579672, 0.0)
(37.351460, 22.608017, 0.0)
(37.352829, 22.592487, 0.0)
(37.352581, 22.576342, 0.0)
(37.351669, 22.563025, 0.0)
(37.371277, 22.577988, 0.0)
(37.386604, 22.573416, 0.0)
(37.390270, 22.545343, 0.0)
(37.395432, 22.505280, 0.0)
(37.435627, 22.505276, 0.0)
(37.424664, 22.486666, 0.0)
(37.426464, 22.475185, 0.0)
(37.453678, 22.483282, 0.0)
(37.448349, 22.450493, 0.0)
(37.477402, 22.444511, 0.0)
(37.477928, 22.414822, 0.0)
(37.479424, 22.422665, 0.0)
(37.487869, 22.408884, 0.0)
(37.466282, 22.433332, 0.0)
(37.490578, 22.415997, 0.0)
(37.532215, 22.381489, 0.0)
(37.541988, 22.360975, 0.0)
(37.562714, 22.366301, 0.0)
(37.544144, 22.388617, 0.0)
(37.482868, 22.396700, 0.0)
(37.475765, 22.365162, 0.0)
(37.490665, 22.360415, 0.0)
(37.492298, 22.318098, 0.0)
(35.582130, 22.258032, 0.0)
(32.008926, 22.183920, 0.0)
(31.692724, 22.246910, 0.0)
(31.744287, 22.258583, 0.0)
(31.791182, 22.266954, 0.0)
(31.789984, 22.272707, 0.0)
(31.784100, 22.256144, 0.0)
(31.775959, 22.267580, 0.0)
(31.784767, 22.282881, 0.0)
(31.428976, 22.225178, 0.0)
(31.391203, 22.241907, 0.0)
(31.373871, 22.287617, 0.0)
(31.318140, 22.327904, 0.0)
(31.237732, 22.363180, 0.0)
(31.211588, 22.393709, 0.0)
(31.211536, 22.371407, 0.0)
(31.371351, 22.280487, 0.0)
(31.358727, 22.255323, 0.0)
(31.349211, 22.324923, 0.0)
(31.341040, 22.346560, 0.0)
(31.360785, 22.370413, 0.0)
(31.348167, 22.388201, 0.0)
(31.329062, 22.407276, 0.0)
(32.368202, 22.584036, 0.0)
(33.180092, 22.938662, 0.0)
(33.197033, 22.866207, 0.0)
(33.040573, 22.830473, 0.0)
(31.354738, 22.779282, 0.0)
(31.257759, 22.736305, 0.0)
(31.290503, 22.783167, 0.0)
(31.275234, 22.811834, 0.0)
(31.261896, 22.833437, 0.0)
(31.261896, 22.833437, 0.0)
(31.257721, 22.809460, 0.0)
(31.262228, 22.826052, 0.0)
(32.894993, 22.986448, 0.0)
(33.986534, 23.273096, 0.0)
(34.021168, 23.295105, 0.0)
(33.994011, 23.273966, 0.0)
(33.996307, 23.286074, 0.0)
(34.003506, 23.272009, 0.0)
(33.970600, 24.882320, 0.0)
(34.078938, 27.862200, 0.0)
(34.091541, 28.017698, 0.0)
(34.069168, 27.883101, 0.0)
(34.051830, 27.828100, 0.0)
(34.052158, 27.800201, 0.0)
(34.044785, 27.198559, 0.0)
(34.046684, 27.054688, 0.0)
(34.037769, 27.118002, 0.0)
(34.017021, 27.103285, 0.0)
(34.065788, 27.073420, 0.0)
(34.091595, 27.055464, 0.0)
(34.067814, 27.049961, 0.0)
(34.032284, 27.049147, 0.0)
(34.034920, 27.022959, 0.0)
(34.025784, 27.043312, 0.0)
(34.012188, 27.033615, 0.0)
(34.028732, 27.028769, 0.0)
(34.028969, 27.019266, 0.0)
(34.031342, 27.012764, 0.0)
(34.015850, 27.020777, 0.0)
(33.987286, 27.021288, 0.0)
(33.970417, 27.019043, 0.0)
(33.977161, 27.014669, 0.0)
(33.961037, 27.027431, 0.0)
(33.982349, 27.025253, 0.0)
(34.017712, 27.012077, 0.0)
(34.044254, 26.982346, 0.0)
(34.509331, 26.885292, 0.0)
(35.298252, 26.736784, 0.0)
(35.349167, 26.776428, 0.0)
(35.334309, 26.749468, 0.0)
(35.317719, 26.772736, 0.0)
(35.351101, 26.764595, 0.0)
(35.342285, 26.739567, 0.0)
(35.406170, 26.608364, 0.0)
(36.895962, 23.057005, 0.0)
(37.264675, 21.312496, 0.0)
(37.298626, 21.274940, 0.0)
(37.252892, 21.425385, 0.0)
(37.226307, 21.461828, 0.0)
(37.210403, 21.492693, 0.0)
(37.091820, 21.416941, 0.0)
(37.174866, 22.974785, 0.0)
(37.188370, 22.438480, 0.0)
(37.291176, 21.615831, 0.0)
(37.249035, 21.287640, 0.0)
(37.220543, 21.226824, 0.0)
(37.228539, 21.235336, 0.0)
(37.245728, 21.279911, 0.0)
(37.236526, 21.344990, 0.0)
(37.240616, 21.401991, 0.0)
(37.240616, 21.401991, 0.0)
(37.315674, 21.492338, 0.0)
(37.445900, 21.653099, 0.0)
(37.415386, 21.690414, 0.0)
(37.381660, 21.720938, 0.0)
(37.382519, 21.710394, 0.0)
(37.395630, 21.693645, 0.0)
(37.421555, 21.662458, 0.0)
(37.424435, 21.658312, 0.0)
(37.416271, 21.676233, 0.0)
(37.348137, 21.732927, 0.0)
(36.916286, 22.808590, 0.0)
(36.892834, 23.077980, 0.0)
(36.870800, 23.046366, 0.0)
(36.856529, 23.006245, 0.0)
(36.850849, 22.982166, 0.0)
(36.849854, 22.982792, 0.0)
(36.848106, 22.972649, 0.0)
(36.853798, 22.991543, 0.0)
(37.707680, 26.123917, 0.0)
(37.628887, 27.698824, 0.0)
(37.587231, 27.627279, 0.0)
(37.444305, 27.135971, 0.0)
(37.320705, 24.874884, 0.0)
(37.338478, 24.868067, 0.0)
(37.320389, 24.930311, 0.0)
(37.322868, 24.943590, 0.0)
(37.304016, 24.953657, 0.0)
(37.365543, 25.144487, 0.0)
(37.343674, 25.215641, 0.0)
(37.341667, 25.186417, 0.0)
(37.329136, 25.186344, 0.0)
(37.354572, 25.184273, 0.0)
(37.338791, 25.175220, 0.0)
(37.329136, 25.186344, 0.0)
(37.319336, 25.127457, 0.0)
(37.316216, 25.156996, 0.0)
(37.314415, 25.157434, 0.0)
(37.323940, 25.153936, 0.0)
(37.322998, 25.159918, 0.0)
(37.338863, 25.150768, 0.0)
(37.340153, 25.156706, 0.0)
(37.378723, 25.136398, 0.0)
(37.353394, 25.098019, 0.0)
(37.345119, 25.112036, 0.0)
(37.337700, 25.115679, 0.0)
(37.342667, 25.107693, 0.0)
(37.360909, 25.110218, 0.0)
(37.377941, 25.056557, 0.0)
(37.390015, 25.044912, 0.0)
(37.423077, 25.045536, 0.0)
(37.428017, 25.058180, 0.0)
(37.440727, 25.093336, 0.0)
(37.412212, 25.096691, 0.0)
(37.418446, 25.088179, 0.0)
(37.436462, 25.067913, 0.0)
(37.422047, 25.085440, 0.0)
(37.434227, 25.059885, 0.0)
(38.518326, 25.615543, 0.0)
(40.682526, 26.614548, 0.0)
(40.722946, 26.679785, 0.0)
(40.633541, 26.719744, 0.0)
(40.627678, 26.743353, 0.0)
(40.665649, 26.731432, 0.0)
(40.683777, 26.735590, 0.0)
(40.713520, 26.692997, 0.0)
(40.719028, 26.690428, 0.0)
(40.716274, 26.716616, 0.0)
(40.712669, 26.718678, 0.0)
(40.726986, 26.776154, 0.0)
(40.708111, 26.787729, 0.0)
(40.698509, 26.834961, 0.0)
(40.691063, 26.866587, 0.0)
(40.685429, 26.839817, 0.0)
(40.690521, 26.839075, 0.0)
(40.691380, 26.808186, 0.0)
(40.688274, 26.842419, 0.0)
(40.663734, 26.822294, 0.0)
(40.681103, 26.890696, 0.0)
(40.667774, 26.859272, 0.0)
(40.646767, 26.862146, 0.0)
(40.632168, 26.852142, 0.0)
(40.633446, 26.815111, 0.0)
(40.633446, 26.815111, 0.0)
(40.631710, 26.836630, 0.0)
(40.662365, 26.837229, 0.0)
(40.640404, 26.809443, 0.0)
(40.623268, 26.786276, 0.0)
(40.620522, 26.808424, 0.0)
(40.612854, 26.825340, 0.0)
(40.598190, 26.794168, 0.0)
(40.601841, 26.811499, 0.0)
(40.620251, 26.803740, 0.0)
(40.616459, 26.802298, 0.0)
(40.619057, 26.794315, 0.0)
(41.898937, 27.731443, 0.0)
(42.051044, 27.917633, 0.0)
(41.995270, 27.887716, 0.0)
(41.995861, 27.880722, 0.0)
(42.020966, 27.846624, 0.0)
(42.033478, 27.841772, 0.0)
(41.885281, 27.968685, 0.0)
(41.872250, 28.019236, 0.0)
(41.878174, 27.990738, 0.0)
(41.902611, 27.998964, 0.0)
(41.902611, 27.998964, 0.0)
(41.910061, 27.990992, 0.0)
(41.900700, 27.968895, 0.0)
(41.895382, 27.923983, 0.0)
(41.919361, 27.959734, 0.0)
(41.996792, 28.011116, 0.0)
(42.020943, 28.002163, 0.0)
(42.029476, 27.983181, 0.0)
(42.061657, 27.983038, 0.0)
(42.049194, 27.973083, 0.0)
(42.039185, 27.964834, 0.0)
(42.051815, 27.946129, 0.0)
(42.055645, 27.945108, 0.0)
(42.055645, 27.945108, 0.0)
(42.055645, 27.945108, 0.0)
(42.059135, 27.929743, 0.0)
(42.048782, 27.921917, 0.0)
(42.023102, 27.896620, 0.0)
(42.028011, 27.901926, 0.0)
(42.027027, 27.896078, 0.0)
(42.083645, 27.878130, 0.0)
(42.132408, 27.859692, 0.0)
(42.147594, 27.855400, 0.0)
(42.138050, 27.862846, 0.0)
(42.139202, 27.868563, 0.0)
(42.143333, 27.875021, 0.0)
(42.159325, 27.858177, 0.0)
(42.163918, 27.836168, 0.0)
(42.400635, 27.602261, 0.0)
(44.104534, 26.087542, 0.0)
(44.210350, 25.877459, 0.0)
(44.134037, 25.992023, 0.0)
(44.091339, 26.060884, 0.0)
(44.121048, 26.044184, 0.0)
(44.135078, 26.053442, 0.0)
(44.148487, 26.088428, 0.0)
(44.252922, 25.974314, 0.0)
(44.303638, 25.729412, 0.0)
(44.285049, 25.749714, 0.0)
(44.178383, 25.847567, 0.0)
(44.121819, 25.876463, 0.0)
(44.107296, 25.893219, 0.0)
(44.119350, 25.898800, 0.0)
(44.107487, 25.913330, 0.0)
(44.081036, 25.911079, 0.0)
(44.051716, 25.949032, 0.0)
(44.047691, 25.936768, 0.0)
(44.021656, 26.045027, 0.0)
(44.024212, 26.039976, 0.0)
(44.016163, 26.010418, 0.0)
(44.012581, 25.998489, 0.0)
(44.004517, 26.018024, 0.0)
(44.004623, 25.970177, 0.0)
(43.986198, 25.973248, 0.0)
(44.020264, 25.977308, 0.0)
(44.033878, 25.974079, 0.0)
(44.025219, 25.995522, 0.0)
(44.025192, 25.958668, 0.0)
(44.018227, 25.989006, 0.0)
(44.023121, 25.964399, 0.0)
(44.016552, 25.952436, 0.0)
(44.016514, 25.979874, 0.0)
(44.030315, 25.936867, 0.0)
(44.041275, 25.919544, 0.0)
(44.016491, 25.962729, 0.0)
(43.982094, 25.943979, 0.0)
(43.964546, 25.958746, 0.0)
(44.070030, 27.801661, 0.0)
(43.708351, 29.036818, 0.0)
(43.657677, 29.032906, 0.0)
(43.644310, 28.904110, 0.0)
(43.616772, 28.867054, 0.0)
(43.620274, 28.813604, 0.0)
(43.678703, 29.249954, 0.0)
(43.651016, 29.409426, 0.0)
(43.658482, 29.381140, 0.0)
(43.655983, 29.376431, 0.0)
(43.618652, 29.350565, 0.0)
(43.581558, 29.351566, 0.0)
(43.559437, 29.331240, 0.0)
(43.599903, 29.261639, 0.0)
(43.611225, 29.205502, 0.0)
(43.605446, 29.110075, 0.0)
(43.572742, 29.164019, 0.0)
(43.572254, 29.183401, 0.0)
(43.582340, 29.150497, 0.0)
(43.581448, 29.150139, 0.0)
(43.596500, 29.163351, 0.0)
(43.597900, 29.142756, 0.0)
(43.604614, 29.133125, 0.0)
(43.608654, 29.143185, 0.0)
(43.604874, 29.136305, 0.0)
(43.603367, 29.174852, 0.0)
(43.584629, 29.249447, 0.0)
(43.578262, 29.292307, 0.0)
(43.589588, 29.296946, 0.0)
(43.589458, 29.265612, 0.0)
(43.554413, 29.296585, 0.0)
(43.537315, 29.326746, 0.0)
(43.531139, 29.325571, 0.0)
(43.507698, 29.345648, 0.0)
(43.528183, 29.352760, 0.0)
(43.514820, 29.359081, 0.0)
(43.514229, 29.345306, 0.0)
(43.079002, 29.083096, 0.0)
(39.621250, 26.023605, 0.0)
(37.341572, 24.198864, 0.0)
(37.345829, 24.103685, 0.0)
(37.376713, 24.164366, 0.0)
(37.362972, 24.206604, 0.0)
(37.345238, 24.240488, 0.0)
(37.340424, 24.238491, 0.0)
(37.576286, 24.328581, 0.0)
(37.599533, 24.345442, 0.0)
(37.557026, 24.330503, 0.0)
(37.539066, 24.316986, 0.0)
(37.522598, 24.341188, 0.0)
(37.509003, 24.357206, 0.0)
(37.495396, 24.385401, 0.0)
(37.456375, 24.356524, 0.0)
(37.441280, 24.319927, 0.0)
(37.453304, 24.316219, 0.0)
(36.975780, 24.140066, 0.0)
(36.964760, 24.102720, 0.0)
(36.997086, 24.080715, 0.0)
(36.985851, 24.056643, 0.0)
(36.978249, 24.064341, 0.0)
(36.977562, 24.074469, 0.0)
(36.976479, 24.069279, 0.0)
(37.063225, 24.044582, 0.0)
(37.284683, 24.094616, 0.0)
(37.279743, 24.103140, 0.0)
(37.256760, 24.121943, 0.0)
(37.229866, 24.110714, 0.0)
(37.216072, 24.120079, 0.0)
(37.228992, 24.102322, 0.0)
(37.221664, 24.112865, 0.0)
(37.241749, 24.123438, 0.0)
(37.245308, 24.119871, 0.0)
(37.252857, 24.132021, 0.0)
(37.267933, 24.128412, 0.0)
(37.907890, 23.919506, 0.0)
(40.973751, 22.599663, 0.0)
(41.593365, 22.120848, 0.0)
(41.585796, 22.199631, 0.0)
(41.470383, 22.289988, 0.0)
(41.473660, 22.331263, 0.0)
(41.465107, 22.334883, 0.0)
(41.636589, 22.302227, 0.0)
(41.773022, 22.269325, 0.0)
(41.776268, 22.298126, 0.0)
(41.807697, 22.357012, 0.0)
(41.784142, 22.379532, 0.0)
(41.797897, 22.416939, 0.0)
(41.793503, 22.417507, 0.0)
(41.798275, 22.419670, 0.0)
(41.789604, 22.432680, 0.0)
(41.578556, 22.211126, 0.0)
(41.577221, 22.222769, 0.0)
(41.577221, 22.222769, 0.0)
(41.576916, 22.228830, 0.0)
(41.498924, 22.177534, 0.0)
(41.421906, 23.072735, 0.0)
(42.300266, 23.865280, 0.0)
(41.834858, 22.585983, 0.0)
(41.745560, 22.247231, 0.0)
(41.667320, 22.168030, 0.0)
(41.669380, 22.186789, 0.0)
(41.668259, 22.227829, 0.0)
(41.666584, 22.312654, 0.0)
(41.664650, 22.334827, 0.0)
(41.652321, 22.369524, 0.0)
(40.739246, 22.901220, 0.0)
(39.894699, 23.728113, 0.0)
(39.860664, 23.759918, 0.0)
(39.909473, 23.722576, 0.0)
(39.894398, 23.726118, 0.0)
(39.876286, 23.738661, 0.0)
(37.614510, 23.228294, 0.0)
(34.456020, 22.180256, 0.0)
(34.255657, 22.100811, 0.0)
(34.319538, 22.083408, 0.0)
(34.357380, 22.069254, 0.0)
(34.361961, 22.064405, 0.0)
(34.342182, 22.073494, 0.0)
(34.316288, 21.966076, 0.0)
(34.152275, 21.207296, 0.0)
(34.132225, 21.175743, 0.0)
(34.110004, 21.237534, 0.0)
(34.071743, 21.231106, 0.0)
(34.104469, 21.230093, 0.0)
(34.105560, 21.218002, 0.0)
(34.126129, 21.184443, 0.0)
(34.146999, 21.186047, 0.0)
(34.403290, 21.911240, 0.0)
(34.397041, 22.164377, 0.0)
(34.373093, 22.159470, 0.0)
(34.368603, 22.155142, 0.0)
(34.359425, 22.161526, 0.0)
(34.358143, 22.112326, 0.0)
(34.371559, 22.066259, 0.0)
(34.402164, 22.049170, 0.0)
(34.385448, 22.052586, 0.0)
(34.398540, 22.047773, 0.0)
(34.409687, 22.075758, 0.0)
(34.408203, 22.081589, 0.0)
(34.409328, 22.121365, 0.0)
(34.416435, 22.095182, 0.0)
(34.387470, 22.019165, 0.0)
(34.386211, 22.035480, 0.0)
(34.394474, 22.046904, 0.0)
(34.385078, 22.068277, 0.0)
(34.363708, 22.080870, 0.0)
(34.350323, 22.089485, 0.0)
(34.339756, 22.119921, 0.0)
(34.239857, 22.119005, 0.0)
(34.227314, 22.108919, 0.0)
(32.687340, 21.954662, 0.0)
(31.615870, 21.552889, 0.0)
(31.582462, 21.601440, 0.0)
(31.582850, 21.692400, 0.0)
(31.553452, 21.744577, 0.0)
(31.515015, 21.783489, 0.0)
(31.477219, 21.789431, 0.0)
(31.479879, 21.841999, 0.0)
(31.391060, 21.810612, 0.0)
(31.268303, 21.918991, 0.0)
(31.155039, 22.015669, 0.0)
(31.144073, 22.044865, 0.0)
(31.118315, 22.081301, 0.0)
(30.960897, 21.869589, 0.0)
(31.035715, 24.643164, 0.0)
(31.070917, 24.241934, 0.0)
(31.131065, 22.679461, 0.0)
(30.989222, 21.934294, 0.0)
(31.020222, 21.775526, 0.0)
(31.040922, 21.797035, 0.0)
(31.042299, 21.852480, 0.0)
(31.047764, 21.904980, 0.0)
(31.043528, 21.961956, 0.0)
(31.044464, 21.988173, 0.0)
(31.037149, 22.018227, 0.0)
(31.054722, 22.018345, 0.0)
(31.049253, 22.043976, 0.0)
(31.038322, 22.064577, 0.0)
(31.048477, 22.053799, 0.0)
(31.063951, 22.085697, 0.0)
(31.652021, 23.103951, 0.0)
(31.722937, 23.660797, 0.0)
(31.698206, 23.682941, 0.0)
(31.685444, 23.649544, 0.0)
(31.687292, 23.653273, 0.0)
(31.671335, 23.612917, 0.0)
(31.650097, 23.590769, 0.0)
(31.651213, 23.592661, 0.0)
(32.367943, 23.659708, 0.0)
(36.591354, 24.541138, 0.0)
(39.285622, 26.024590, 0.0)
(39.416611, 26.102737, 0.0)
(39.373512, 26.005224, 0.0)
(39.363850, 25.935791, 0.0)
(38.717373, 26.562496, 0.0)
(35.623844, 29.165977, 0.0)
(35.342163, 29.178093, 0.0)
(35.354927, 29.074041, 0.0)
(35.341015, 29.078878, 0.0)
(35.273819, 29.094301, 0.0)
(33.938965, 29.652798, 0.0)
(33.814960, 29.734566, 0.0)
(33.825211, 29.704424, 0.0)
(33.829258, 29.677490, 0.0)
(33.849930, 29.656162, 0.0)
(33.819500, 29.687426, 0.0)
(33.758205, 29.715485, 0.0)
(33.748898, 29.738840, 0.0)
(33.744667, 29.723585, 0.0)
(33.734810, 29.724958, 0.0)
(33.710110, 29.730333, 0.0)
(33.659332, 29.765614, 0.0)
(33.627102, 29.763149, 0.0)
(33.627529, 29.757710, 0.0)
(33.601864, 29.783468, 0.0)
(33.617805, 29.783480, 0.0)
(33.591007, 29.772987, 0.0)
(33.608238, 29.792906, 0.0)
(33.609524, 29.789986, 0.0)
(33.607841, 29.784615, 0.0)
(33.651268, 29.791161, 0.0)
(33.611893, 29.784048, 0.0)
(33.640419, 29.775530, 0.0)
(32.436069, 29.099981, 0.0)
(31.465097, 26.700224, 0.0)
(31.483210, 26.438677, 0.0)
(31.486723, 26.499233, 0.0)
(31.455248, 26.570171, 0.0)
(31.416784, 26.534494, 0.0)
(31.428043, 26.569798, 0.0)
(31.413424, 26.587343, 0.0)
(31.061932, 26.422537, 0.0)
(31.060802, 26.433237, 0.0)
(31.060877, 26.473745, 0.0)
(31.067469, 26.463411, 0.0)
(31.080046, 26.451067, 0.0)
(31.116722, 26.466505, 0.0)
(31.153128, 26.454620, 0.0)
(31.124092, 26.443905, 0.0)
(31.152651, 26.444530, 0.0)
(31.164373, 26.430439, 0.0)
(31.171911, 26.444445, 0.0)
(31.173588, 26.415857, 0.0)
(31.176296, 26.411438, 0.0)
(31.183950, 26.431818, 0.0)
(31.172939, 26.402416, 0.0)
(31.163319, 26.398426, 0.0)
(31.166794, 26.395552, 0.0)
(31.168179, 26.390322, 0.0)
(31.182119, 26.372339, 0.0)
(31.175772, 26.381441, 0.0)
(31.181757, 26.384571, 0.0)
(31.168407, 26.361561, 0.0)
(31.198284, 26.351013, 0.0)
(31.259083, 26.306833, 0.0)
(34.019344, 25.108929, 0.0)
(34.864002, 24.759651, 0.0)
(34.881584, 24.733215, 0.0)
(34.842773, 24.771072, 0.0)
(34.837414, 24.758331, 0.0)
(34.844936, 24.726570, 0.0)
(34.875820, 24.689465, 0.0)
(34.884506, 24.752941, 0.0)
(34.169598, 24.632538, 0.0)
(30.841419, 22.923281, 0.0)
(30.738104, 22.156948, 0.0)
(30.814072, 22.247736, 0.0)
(30.810156, 22.386871, 0.0)
(30.783691, 22.412416, 0.0)
(30.731865, 22.475399, 0.0)
(30.698486, 22.505760, 0.0)
(30.686649, 22.514099, 0.0)
(30.565168, 22.575935, 0.0)
(30.163586, 22.458590, 0.0)
(30.120417, 22.526489, 0.0)
(30.107975, 22.542383, 0.0)
(30.101044, 22.532269, 0.0)
(30.090437, 22.527279, 0.0)
(30.088732, 22.541170, 0.0)
(30.087135, 22.546577, 0.0)
(30.084846, 22.542761, 0.0)
(30.090427, 22.553747, 0.0)
(30.096931, 22.605917, 0.0)
(30.092358, 22.596453, 0.0)
(30.099842, 22.589621, 0.0)
(30.108303, 22.585983, 0.0)
(30.202600, 22.531538, 0.0)
(31.170818, 22.465321, 0.0)
(31.300411, 22.449156, 0.0)
(31.227280, 22.447701, 0.0)
(31.193054, 22.451937, 0.0)
(31.190784, 22.469196, 0.0)
(31.163704, 22.483973, 0.0)
(31.160225, 22.473093, 0.0)
(31.138056, 22.463686, 0.0)
(31.156521, 22.468395, 0.0)
(31.200499, 22.478273, 0.0)
(31.228279, 22.438517, 0.0)
(31.225498, 22.390373, 0.0)
(34.354984, 22.612961, 0.0)
(38.453209, 24.448851, 0.0)
(41.299721, 27.560719, 0.0)
(42.491791, 29.082460, 0.0)
(42.650570, 29.198639, 0.0)
(42.574413, 29.108717, 0.0)
(42.560219, 29.052513, 0.0)
(42.573944, 29.030174, 0.0)
(43.065453, 29.051950, 0.0)
(43.353661, 28.854300, 0.0)
(43.339188, 28.882187, 0.0)
(43.345512, 28.879589, 0.0)
(43.356480, 28.897057, 0.0)
(43.382015, 28.865307, 0.0)
(43.386932, 28.834810, 0.0)
(43.390179, 28.836407, 0.0)
(43.372501, 28.848986, 0.0)
(43.384724, 28.819412, 0.0)
(43.387611, 28.849314, 0.0)
(43.461990, 28.776833, 0.0)
(43.520966, 28.656622, 0.0)
(43.506863, 28.625269, 0.0)
(43.510895, 28.617804, 0.0)
(43.526165, 28.652308, 0.0)
(43.563320, 28.619186, 0.0)
(43.563320, 28.619186, 0.0)
(43.592331, 28.594133, 0.0)
(43.592331, 28.594133, 0.0)
(43.600845, 28.572659, 0.0)
(43.592331, 28.594133, 0.0)
(43.595711, 28.555040, 0.0)
(43.590534, 28.572811, 0.0)
(43.590534, 28.572811, 0.0)
(43.596333, 28.596178, 0.0)
(43.596016, 28.611582, 0.0)
(43.596401, 28.618500, 0.0)
(43.586391, 28.643883, 0.0)
(43.087032, 26.246199, 0.0)
(43.323292, 23.248970, 0.0)
(43.417213, 22.672709, 0.0)
(43.373474, 22.834795, 0.0)
(43.366528, 22.951883, 0.0)
(43.403397, 23.045427, 0.0)
(43.401836, 23.056892, 0.0)
(43.395039, 23.094471, 0.0)
(43.584496, 23.223576, 0.0)
(43.618912, 23.313025, 0.0)
(43.562222, 23.317482, 0.0)
(43.558586, 23.318872, 0.0)
(43.538059, 23.335800, 0.0)
(43.525154, 23.374685, 0.0)
(43.498257, 23.365400, 0.0)
(43.498245, 23.355686, 0.0)
(43.494072, 23.347067, 0.0)
(43.488892, 23.336319, 0.0)
(43.491772, 23.351690, 0.0)
(43.473324, 23.350050, 0.0)
(43.465466, 23.355412, 0.0)
(43.471699, 23.357265, 0.0)
(43.456112, 23.368517, 0.0)
(43.448254, 23.382061, 0.0)
(43.438213, 23.386150, 0.0)
(43.249672, 23.366253, 0.0)
(41.731075, 22.948328, 0.0)
(41.517136, 22.906914, 0.0)
(41.644321, 22.892307, 0.0)
(41.636604, 22.892307, 0.0)
(41.663147, 22.876181, 0.0)
(41.649593, 22.885483, 0.0)
(41.681759, 22.879488, 0.0)
(41.686169, 22.902599, 0.0)
(41.686169, 22.902599, 0.0)
(41.686169, 22.902599, 0.0)
(39.844284, 22.415844, 0.0)
(35.788666, 21.757744, 0.0)
(34.440571, 21.753017, 0.0)
(34.451477, 21.775064, 0.0)
(34.479103, 21.753393, 0.0)
(34.471325, 21.704802, 0.0)
(34.463928, 21.693106, 0.0)
(34.001026, 21.894060, 0.0)
(33.993912, 21.940407, 0.0)
(34.005234, 21.914225, 0.0)
(33.993752, 21.896881, 0.0)
(33.980053, 21.876657, 0.0)
(33.975132, 21.862535, 0.0)
(33.967915, 21.865986, 0.0)
(33.955608, 21.811270, 0.0)
(33.926449, 21.779076, 0.0)
(33.887665, 21.765982, 0.0)
(33.904530, 21.773697, 0.0)
(33.908737, 21.773609, 0.0)
(33.906654, 21.732740, 0.0)
(33.911114, 21.729971, 0.0)
(33.899704, 21.717831, 0.0)
(33.922058, 21.699528, 0.0)
(33.925346, 21.694916, 0.0)
(33.925346, 21.694916, 0.0)
(33.926586, 21.702564, 0.0)
(33.935772, 21.716988, 0.0)
(33.920975, 21.715952, 0.0)
(33.906773, 21.726772, 0.0)
(33.907562, 21.744602, 0.0)
(33.916256, 21.744591, 0.0)
(33.626617, 22.112507, 0.0)
(33.355793, 23.035236, 0.0)
(33.326965, 23.089855, 0.0)
(33.317795, 23.036591, 0.0)
(33.293819, 23.037487, 0.0)
(33.307800, 23.065783, 0.0)
(33.316029, 23.073391, 0.0)
(34.682827, 23.149595, 0.0)
(37.396839, 23.513435, 0.0)
(37.398403, 23.527283, 0.0)
(37.339924, 23.533581, 0.0)
(37.336147, 23.530783, 0.0)
(37.324726, 23.508734, 0.0)
(37.334518, 23.481186, 0.0)
(37.321999, 23.509945, 0.0)
(37.309196, 23.509953, 0.0)
(37.309776, 23.531000, 0.0)
(37.276432, 23.536880, 0.0)
(37.266201, 23.549797, 0.0)
(37.230862, 23.576250, 0.0)
(37.196579, 23.626780, 0.0)
(37.131321, 23.972082, 0.0)
(37.139030, 24.010338, 0.0)
(37.133530, 23.996904, 0.0)
(37.113956, 23.996527, 0.0)
(37.090012, 23.997129, 0.0)
(37.081688, 23.995993, 0.0)
(37.085560, 23.996571, 0.0)
(37.078712, 24.009876, 0.0)
(37.065208, 24.034250, 0.0)
(37.057190, 24.009726, 0.0)
(37.045277, 23.952663, 0.0)
(37.046078, 23.934126, 0.0)
(37.062698, 23.926662, 0.0)
(37.050480, 23.952158, 0.0)
(37.046875, 23.921843, 0.0)
(37.049656, 23.925146, 0.0)
(37.049656, 23.925146, 0.0)
(37.044373, 23.917830, 0.0)
(37.041470, 23.896215, 0.0)
(37.058617, 23.859995, 0.0)
(37.052074, 23.870213, 0.0)
(37.062393, 23.850901, 0.0)
(36.203121, 24.047642, 0.0)
(32.954048, 25.183481, 0.0)
(32.747383, 25.202496, 0.0)
(32.753475, 25.181036, 0.0)
(32.750046, 25.192562, 0.0)
(32.734554, 25.190081, 0.0)
(32.737305, 25.243643, 0.0)
(32.691772, 25.181339, 0.0)
(32.534363, 25.555429, 0.0)
(32.521400, 25.593086, 0.0)
(32.502937, 25.545412, 0.0)
(32.486202, 25.544024, 0.0)
(32.471664, 25.523489, 0.0)
(32.433887, 25.530725, 0.0)
(32.410332, 25.470247, 0.0)
(32.389221, 25.484898, 0.0)
(32.358051, 25.495209, 0.0)
(32.338718, 25.538898, 0.0)
(32.339420, 25.511063, 0.0)
(32.352188, 25.499493, 0.0)
(32.346458, 25.513618, 0.0)
(32.366837, 25.476751, 0.0)
(32.367279, 25.513580, 0.0)
(32.402538, 25.439226, 0.0)
(32.443825, 25.445194, 0.0)
(32.457340, 25.444115, 0.0)
(32.455921, 25.424807, 0.0)
(32.435364, 25.463438, 0.0)
(32.403091, 25.489214, 0.0)
(32.415928, 25.529915, 0.0)
(32.405857, 25.532743, 0.0)
(32.421692, 25.552269, 0.0)
(32.421310, 25.553738, 0.0)
(32.396255, 25.543489, 0.0)
(32.349247, 25.522194, 0.0)
(32.340900, 25.558916, 0.0)
(32.365986, 25.592978, 0.0)
(32.347965, 25.590948, 0.0)
(32.360931, 25.590479, 0.0)
(31.213999, 26.816761, 0.0)
(30.560644, 28.616936, 0.0)
(30.490179, 28.807585, 0.0)
(30.487247, 28.718534, 0.0)
(30.489447, 28.725483, 0.0)
(30.440193, 28.796082, 0.0)
(30.426811, 28.862514, 0.0)
(30.424566, 28.881111, 0.0)
(30.313215, 28.903183, 0.0)
(30.155025, 29.113031, 0.0)
(30.069300, 29.114645, 0.0)
(30.019722, 29.091661, 0.0)
(30.006994, 29.088264, 0.0)
(30.061991, 29.055946, 0.0)
(30.046974, 29.035883, 0.0)
(30.018204, 29.072756, 0.0)
(29.974390, 29.073654, 0.0)
(29.953506, 29.006355, 0.0)
(30.163012, 28.884331, 0.0)
(30.268465, 28.850468, 0.0)
(30.255566, 28.854010, 0.0)
(30.223783, 28.863344, 0.0)
(30.236576, 28.865664, 0.0)
(30.204603, 28.897596, 0.0)
(30.206682, 28.901730, 0.0)
(30.204781, 28.893805, 0.0)
(30.202709, 28.889692, 0.0)
(30.223831, 28.881721, 0.0)
(30.217394, 28.879416, 0.0)
(30.233562, 28.861456, 0.0)
(30.236380, 28.864811, 0.0)
(30.234854, 28.856106, 0.0)
(30.236380, 28.864811, 0.0)
(30.211622, 28.845165, 0.0)
(32.384979, 27.717558, 0.0)
(34.257221, 26.965757, 0.0)
(34.399258, 26.965603, 0.0)
(34.350536, 26.946293, 0.0)
(34.361649, 26.933947, 0.0)
(34.390873, 26.896587, 0.0)
(34.419834, 26.888514, 0.0)
(34.413860, 26.881739, 0.0)
(33.629948, 27.644249, 0.0)
(33.489395, 27.880354, 0.0)
(33.529095, 27.829409, 0.0)
(33.500622, 27.818369, 0.0)
(33.505714, 27.811218, 0.0)
(33.480900, 27.790077, 0.0)
(33.497726, 27.791187, 0.0)
(33.507023, 27.793682, 0.0)
(33.504147, 27.796930, 0.0)
(33.487820, 27.785620, 0.0)
(33.367371, 27.877806, 0.0)
(33.179245, 28.060049, 0.0)
(33.168755, 28.099083, 0.0)
(33.164726, 28.102160, 0.0)
(33.160900, 28.111443, 0.0)
(33.160023, 28.104853, 0.0)
(33.150471, 28.108864, 0.0)
(33.130810, 28.141363, 0.0)
(33.110756, 28.187399, 0.0)
(33.110985, 28.210957, 0.0)
(33.174747, 30.103449, 0.0)
(32.836544, 29.574713, 0.0)
(33.033012, 28.875645, 0.0)
(33.056606, 28.498644, 0.0)
(33.072540, 28.370842, 0.0)
(33.044121, 28.309910, 0.0)
(33.068905, 28.282797, 0.0)
(33.072319, 28.275141, 0.0)
(33.061958, 28.265327, 0.0)
(33.062672, 28.204319, 0.0)
(33.098026, 28.209835, 0.0)
(36.378597, 28.571949, 0.0)
(38.545841, 29.538740, 0.0)
(38.657639, 29.586870, 0.0)
(38.582035, 29.551775, 0.0)
(38.596855, 29.536381, 0.0)
(38.595711, 29.523626, 0.0)
(38.628395, 29.463688, 0.0)
(38.625771, 29.529505, 0.0)
(38.666851, 29.488119, 0.0)
(38.678085, 29.479485, 0.0)
(38.706566, 29.495913, 0.0)
(38.707462, 29.494167, 0.0)
(38.624336, 29.450729, 0.0)
(38.543533, 29.352097, 0.0)
(38.544418, 29.319132, 0.0)
(38.545334, 29.354965, 0.0)
(38.592468, 29.354088, 0.0)
(38.620956, 29.329760, 0.0)
(38.658241, 29.298668, 0.0)
(38.659920, 29.324554, 0.0)
(38.656338, 29.311024, 0.0)
(38.672276, 29.294838, 0.0)
(38.695858, 29.289438, 0.0)
(38.678406, 29.314398, 0.0)
(38.668278, 29.328890, 0.0)
(38.665531, 29.335417, 0.0)
(38.670895, 29.315825, 0.0)
(38.699444, 29.292307, 0.0)
(38.694317, 29.282602, 0.0)
(38.714516, 29.281158, 0.0)
(39.026241, 28.194946, 0.0)
(39.109798, 27.907011, 0.0)
(39.120609, 27.978502, 0.0)
(39.128605, 28.028818, 0.0)
(39.155567, 28.008324, 0.0)
(39.170750, 28.008520, 0.0)
(39.151562, 27.984417, 0.0)
(39.163921, 27.985195, 0.0)
(38.451412, 27.670944, 0.0)
(34.073059, 24.751467, 0.0)
(31.840651, 22.990410, 0.0)
(31.800856, 22.902681, 0.0)
(31.813833, 23.037329, 0.0)
(31.754871, 23.108521, 0.0)
(31.699808, 23.176477, 0.0)
(31.701200, 23.221262, 0.0)
(31.638830, 23.252945, 0.0)
(31.640692, 23.276676, 0.0)
(31.587259, 23.294926, 0.0)
(31.150965, 23.346693, 0.0)
(31.131197, 23.366985, 0.0)
(31.115435, 23.427092, 0.0)
(31.109369, 23.415211, 0.0)
(31.114613, 23.408075, 0.0)
(31.119211, 23.415516, 0.0)
(31.107073, 23.428158, 0.0)
(31.094822, 23.418484, 0.0)
(31.083601, 23.379692, 0.0)
(31.069643, 23.381477, 0.0)
(31.077496, 23.380096, 0.0)
(31.080563, 23.424097, 0.0)
(31.048683, 23.434727, 0.0)
(31.016945, 23.425024, 0.0)
(31.013321, 23.423254, 0.0)
(31.031534, 23.426308, 0.0)
(31.027786, 23.412333, 0.0)
(31.024992, 23.416334, 0.0)
(32.201424, 23.166924, 0.0)
(35.661045, 23.165741, 0.0)
(35.865440, 23.224024, 0.0)
(35.805084, 23.191072, 0.0)
(35.818401, 23.187820, 0.0)
(35.833858, 23.179647, 0.0)
(35.827015, 23.173580, 0.0)
(35.817783, 23.179276, 0.0)
(36.096260, 23.457457, 0.0)
(39.286041, 27.924129, 0.0)
(39.818272, 29.621279, 0.0)
(39.730671, 29.593361, 0.0)
(39.688454, 29.465693, 0.0)
(39.707878, 29.402973, 0.0)
(39.720993, 29.428045, 0.0)
(40.037876, 29.557169, 0.0)
(40.045235, 29.605295, 0.0)
(40.039078, 29.583460, 0.0)
(40.051750, 29.561491, 0.0)
(40.092979, 29.560413, 0.0)
(40.109383, 29.578402, 0.0)
(40.122616, 29.531412, 0.0)
(40.135197, 29.522013, 0.0)
(40.138729, 29.506634, 0.0)
(40.137848, 29.521486, 0.0)
(40.154861, 29.505817, 0.0)
(40.157314, 29.496357, 0.0)
(40.170818, 29.520964, 0.0)
(40.171474, 29.500183, 0.0)
(40.193420, 29.507101, 0.0)
(40.194908, 29.511570, 0.0)
(40.219379, 29.497339, 0.0)
(40.229145, 29.464819, 0.0)
(40.217449, 29.429123, 0.0)
(40.196918, 29.405634, 0.0)
(40.224415, 29.453442, 0.0)
(40.205761, 29.399576, 0.0)
(40.242260, 29.383039, 0.0)
(40.268738, 29.369671, 0.0)
(40.280914, 29.368788, 0.0)
(40.267525, 29.365643, 0.0)
(40.260365, 29.328588, 0.0)
(38.334137, 27.133434, 0.0)
(37.187492, 25.477348, 0.0)
(37.182106, 25.353292, 0.0)
(37.169041, 25.405117, 0.0)
(37.162567, 25.417694, 0.0)
(37.188770, 25.441090, 0.0)
(37.169815, 25.482027, 0.0)
(33.745888, 24.923738, 0.0)
(30.613031, 24.736925, 0.0)
(30.562220, 24.659204, 0.0)
(30.681471, 24.710718, 0.0)
(30.662535, 24.801435, 0.0)
(30.638166, 24.850349, 0.0)
(30.584549, 24.832705, 0.0)
(30.171265, 25.127676, 0.0)
(30.139566, 25.188446, 0.0)
(30.126162, 25.217392, 0.0)
(30.114315, 25.219734, 0.0)
(30.120363, 25.265959, 0.0)
(30.104895, 25.288576, 0.0)
(30.090187, 25.276278, 0.0)
(30.080696, 25.279339, 0.0)
(30.088718, 25.277119, 0.0)
(30.091505, 25.280487, 0.0)
(30.104895, 25.288576, 0.0)
(30.094324, 25.302097, 0.0)
(30.115574, 25.297651, 0.0)
(30.384466, 25.095350, 0.0)
(30.413275, 25.076546, 0.0)
(30.396162, 25.094296, 0.0)
(30.379372, 25.085011, 0.0)
(30.387102, 25.099989, 0.0)
(30.393173, 25.090750, 0.0)
(30.398806, 25.064426, 0.0)
(30.400660, 25.023909, 0.0)
(30.412718, 25.007215, 0.0)
(30.422546, 25.006657, 0.0)
(30.426289, 25.002060, 0.0)
(30.436390, 24.979731, 0.0)
(30.422010, 24.994793, 0.0)
(30.437256, 24.991575, 0.0)
(30.445250, 24.974543, 0.0)
(30.951908, 25.409239, 0.0)
(31.120022, 25.672676, 0.0)
(31.094383, 25.618816, 0.0)
(31.103458, 25.597837, 0.0)
(31.103157, 25.579359, 0.0)
(31.097176, 25.579844, 0.0)
(31.100880, 25.565447, 0.0)
(31.115396, 25.546743, 0.0)
(31.117544, 25.551638, 0.0)
(31.332384, 25.578045, 0.0)
(31.400139, 25.616911, 0.0)
(31.373325, 25.614498, 0.0)
(31.343956, 25.584242, 0.0)
(31.353441, 25.581163, 0.0)
(31.373600, 25.504238, 0.0)
(31.267862, 25.480047, 0.0)
(31.314066, 25.508022, 0.0)
(31.447033, 27.183805, 0.0)
(31.312817, 27.304512, 0.0)
(31.238224, 26.373083, 0.0)
(31.201571, 25.654737, 0.0)
(31.269739, 25.385708, 0.0)
(31.237696, 25.397047, 0.0)
(31.189898, 25.414679, 0.0)
(31.166122, 25.380407, 0.0)
(31.173140, 25.403452, 0.0)
(31.190868, 25.389099, 0.0)
(31.175678, 25.394199, 0.0)
(31.179672, 25.402081, 0.0)
(31.210945, 25.428316, 0.0)
(31.216042, 25.430283, 0.0)
(31.242344, 25.428844, 0.0)
(31.262005, 25.435898, 0.0)
(31.273010, 25.420610, 0.0)
(31.256346, 25.385830, 0.0)
(31.268902, 25.394924, 0.0)
(34.351868, 25.000217, 0.0)
(38.638172, 25.545300, 0.0)
(40.194649, 25.977480, 0.0)
(40.230167, 26.018044, 0.0)
(40.180706, 26.001877, 0.0)
(40.245434, 26.019146, 0.0)
(40.312225, 26.009771, 0.0)
(40.318676, 26.063349, 0.0)
(40.466503, 26.103157, 0.0)
(40.455696, 26.141615, 0.0)
(40.436752, 26.157291, 0.0)
(40.430710, 26.145561, 0.0)
(40.405159, 26.160774, 0.0)
(40.422394, 26.149715, 0.0)
(40.424049, 26.171009, 0.0)
(40.426105, 26.193239, 0.0)
(40.439983, 26.178610, 0.0)
(40.445393, 26.220135, 0.0)
(40.455635, 26.241743, 0.0)
(40.454094, 26.236694, 0.0)
(40.464722, 26.180470, 0.0)
(40.456509, 26.151505, 0.0)
(40.468761, 26.174078, 0.0)
(40.477947, 26.156736, 0.0)
(40.468353, 26.152925, 0.0)
(40.478298, 26.146873, 0.0)
(40.470482, 26.114540, 0.0)
(40.495975, 26.145802, 0.0)
(40.509254, 26.088808, 0.0)
(40.516998, 26.036119, 0.0)
(40.533180, 26.010384, 0.0)
(40.535896, 25.967176, 0.0)
(40.536289, 25.977585, 0.0)
(40.526394, 25.958544, 0.0)
(40.531139, 25.982542, 0.0)
(40.515190, 25.976278, 0.0)
(40.505943, 26.024778, 0.0)
(40.485813, 25.985853, 0.0)
(40.005795, 26.039467, 0.0)
(36.130589, 27.446732, 0.0)
(33.160328, 28.913309, 0.0)
(31.869188, 29.512503, 0.0)
(31.845818, 29.528061, 0.0)
(31.881790, 29.537825, 0.0)
(31.861927, 29.544165, 0.0)
(30.987646, 29.587330, 0.0)
(30.705666, 29.524290, 0.0)
(30.722399, 29.518360, 0.0)
(30.730585, 29.495298, 0.0)
(30.733606, 29.468702, 0.0)
(30.723936, 29.473766, 0.0)
(30.682854, 29.456516, 0.0)
(30.659788, 29.486525, 0.0)
(30.650925, 29.482071, 0.0)
(30.653688, 29.475010, 0.0)
(30.674414, 29.428883, 0.0)
(30.707365, 29.441599, 0.0)
(30.772951, 29.463545, 0.0)
(30.793880, 29.481255, 0.0)
(30.783300, 29.440321, 0.0)
(30.792393, 29.491590, 0.0)
(30.770845, 29.456627, 0.0)
(30.745770, 29.442057, 0.0)
(30.759733, 29.442238, 0.0)
(30.786814, 29.484158, 0.0)
(30.759352, 29.466721, 0.0)
(30.752399, 29.468992, 0.0)
(30.775667, 29.437086, 0.0)
(30.813162, 29.428635, 0.0)
(30.827415, 29.415384, 0.0)
(30.857201, 29.397491, 0.0)
(30.914743, 29.387007, 0.0)
(33.459118, 28.302670, 0.0)
(35.606831, 27.490974, 0.0)
(35.807991, 27.445309, 0.0)
(35.735424, 27.490622, 0.0)
(35.702850, 27.490507, 0.0)
(36.102364, 27.451748, 0.0)
(40.032856, 26.758867, 0.0)
(42.269550, 26.771288, 0.0)
(42.718876, 26.734365, 0.0)
(42.708515, 26.743549, 0.0)
(42.722088, 26.804296, 0.0)
(42.955658, 27.013399, 0.0)
(43.097965, 27.333500, 0.0)
(43.092091, 27.390471, 0.0)
(43.076031, 27.401155, 0.0)
(43.052101, 27.414600, 0.0)
(43.010349, 27.463556, 0.0)
(42.876362, 27.460196, 0.0)
(42.813141, 27.548405, 0.0)
(42.801323, 27.578699, 0.0)
(42.755913, 27.577576, 0.0)
(42.773392, 27.580893, 0.0)
(42.780769, 27.579260, 0.0)
(42.820004, 27.569658, 0.0)
(42.775200, 27.568810, 0.0)
(42.749294, 27.587141, 0.0)
(42.735661, 27.642227, 0.0)
(42.726448, 27.647402, 0.0)
(42.727074, 27.640869, 0.0)
(42.742863, 27.644148, 0.0)
(42.752945, 27.643774, 0.0)
(42.731720, 27.643612, 0.0)
(42.722107, 27.659004, 0.0)
(42.744915, 27.680450, 0.0)
(42.714611, 27.686022, 0.0)
(42.684910, 27.660776, 0.0)
(42.660530, 27.679449, 0.0)
(42.668686, 27.655848, 0.0)
(42.660530, 27.679449, 0.0)
(42.689445, 27.660173, 0.0)
(42.730419, 27.646105, 0.0)
(40.136047, 28.158833, 0.0)
(38.785927, 28.615599, 0.0)
(38.765285, 28.612022, 0.0)
(38.765190, 28.607409, 0.0)
(38.771671, 28.494251, 0.0)
(38.771122, 28.472668, 0.0)
(38.780209, 28.440781, 0.0)
(38.789776, 28.410305, 0.0)
(38.798359, 28.390339, 0.0)
(38.899105, 28.488848, 0.0)
(38.922085, 28.489775, 0.0)
(38.897900, 28.499311, 0.0)
(38.900246, 28.510599, 0.0)
(38.910465, 28.506033, 0.0)
(38.909771, 28.441904, 0.0)
(38.884037, 28.437477, 0.0)
(38.904148, 28.409370, 0.0)
(38.910130, 28.404715, 0.0)
(38.882801, 28.414059, 0.0)
(38.914909, 28.396996, 0.0)
(38.914909, 28.396996, 0.0)
(38.930862, 28.371078, 0.0)
(38.926044, 28.373428, 0.0)
(38.917278, 28.373713, 0.0)
(38.848045, 28.349487, 0.0)
(38.068813, 27.609255, 0.0)
(38.072647, 27.464914, 0.0)
(38.111523, 27.514088, 0.0)
(38.106995, 27.523252, 0.0)
(38.125504, 27.516401, 0.0)
(38.138165, 27.512119, 0.0)
(38.129116, 27.513159, 0.0)
(38.117779, 27.517830, 0.0)
(38.118240, 27.530039, 0.0)
(38.103615, 27.550604, 0.0)
(38.142998, 27.509462, 0.0)
(38.101482, 27.506128, 0.0)
(39.650505, 27.227350, 0.0)
(42.772110, 26.785198, 0.0)
(43.709793, 26.677855, 0.0)
(43.723351, 26.681358, 0.0)
(43.683582, 26.718468, 0.0)
(43.741875, 26.713482, 0.0)
(43.749477, 26.698484, 0.0)
(43.941158, 26.692953, 0.0)
(43.878036, 26.731153, 0.0)
(43.845184, 26.750019, 0.0)
(43.850361, 26.799850, 0.0)
(43.842648, 26.818003, 0.0)
(43.840267, 26.829161, 0.0)
(43.843060, 26.875673, 0.0)
(43.819466, 26.897488, 0.0)
(43.792389, 26.877615, 0.0)
(43.790863, 26.872293, 0.0)
(43.785530, 26.878023, 0.0)
(43.772018, 26.935766, 0.0)
(43.751183, 26.990124, 0.0)
(43.758877, 26.980219, 0.0)
(43.738781, 26.996956, 0.0)
(43.726704, 26.951189, 0.0)
(43.737736, 26.980219, 0.0)
(43.699177, 26.983150, 0.0)
(43.693710, 27.015278, 0.0)
(43.691727, 27.038124, 0.0)
(43.663116, 27.034689, 0.0)
(43.626041, 27.040810, 0.0)
(43.609303, 27.016855, 0.0)
(43.622608, 27.005009, 0.0)
(43.631763, 27.001343, 0.0)
(43.628784, 27.003775, 0.0)
(43.650414, 26.998007, 0.0)
(43.655277, 26.960428, 0.0)
(43.001873, 26.700951, 0.0)
(39.329109, 24.888195, 0.0)
(35.955383, 24.189970, 0.0)
(35.433037, 24.216974, 0.0)
(35.456497, 24.213247, 0.0)
(35.470325, 24.196259, 0.0)
(35.479355, 24.141876, 0.0)
(35.497311, 24.139961, 0.0)
(35.511787, 24.138443, 0.0)
(35.701443, 24.298731, 0.0)
(35.714249, 24.317026, 0.0)
(35.702190, 24.286669, 0.0)
(35.682671, 24.260813, 0.0)
(35.673096, 24.266615, 0.0)
(35.705833, 24.255791, 0.0)
(35.702301, 24.249187, 0.0)
(35.721638, 24.223980, 0.0)
(35.730663, 24.261332, 0.0)
(35.740723, 24.228001, 0.0)
(35.751225, 24.235056, 0.0)
(35.759975, 24.240906, 0.0)
(35.755672, 24.226597, 0.0)
(35.767124, 24.224054, 0.0)
(35.764275, 24.189234, 0.0)
(35.763432, 24.217983, 0.0)
(35.761749, 24.235786, 0.0)
(35.761833, 24.199100, 0.0)
(35.746529, 24.177231, 0.0)
(35.745358, 24.184862, 0.0)
(35.738464, 24.212706, 0.0)
(35.739655, 24.214487, 0.0)
(35.781929, 24.194981, 0.0)
(35.783325, 24.170975, 0.0)
(35.788685, 24.177073, 0.0)
(35.788563, 24.190182, 0.0)
(35.794632, 24.190840, 0.0)
(35.787212, 24.200546, 0.0)
(35.766171, 24.195328, 0.0)
(35.797401, 24.185316, 0.0)
(35.809467, 24.171684, 0.0)
(35.799625, 24.188169, 0.0)
(34.675575, 23.828991, 0.0)
(32.815327, 22.316948, 0.0)
(32.745277, 22.233147, 0.0)
(32.743694, 22.368507, 0.0)
(32.725231, 22.415085, 0.0)
(32.705929, 22.441883, 0.0)
(32.647980, 22.352158, 0.0)
(32.600273, 22.189907, 0.0)
(32.585392, 22.221848, 0.0)
(32.593014, 22.278559, 0.0)
(32.575188, 22.304943, 0.0)
(32.592598, 22.300535, 0.0)
(32.574047, 22.343554, 0.0)
(32.525673, 22.391693, 0.0)
(32.455833, 22.398287, 0.0)
(32.477013, 22.348806, 0.0)
(32.523602, 22.352745, 0.0)
(32.498840, 22.372984, 0.0)
(32.502018, 22.385422, 0.0)
(32.464752, 22.438345, 0.0)
(32.429974, 22.449068, 0.0)
(34.016998, 22.774246, 0.0)
(36.512081, 24.149122, 0.0)
(36.499588, 24.105127, 0.0)
(36.435982, 24.056379, 0.0)
(36.422264, 24.011156, 0.0)
(36.468472, 24.013117, 0.0)
(36.456291, 23.977573, 0.0)
(36.400696, 23.985939, 0.0)
(36.362656, 24.029221, 0.0)
(36.370174, 24.052496, 0.0)
(36.373001, 24.043943, 0.0)
(36.417545, 24.067226, 0.0)
(36.445248, 24.075977, 0.0)
(36.447193, 24.057730, 0.0)
(36.446857, 24.030979, 0.0)
(36.482265, 24.040354, 0.0)
(36.960697, 24.543564, 0.0)
(39.399513, 28.910755, 0.0)
(39.477249, 30.454718, 0.0)
(39.421574, 30.360853, 0.0)
(39.408169, 30.230234, 0.0)
(39.406597, 30.176987, 0.0)
(39.784840, 30.388866, 0.0)
(39.883411, 30.488083, 0.0)
(39.832779, 30.398495, 0.0)
(39.819592, 30.398310, 0.0)
(39.819130, 30.409094, 0.0)
(39.843678, 30.436022, 0.0)
(39.949429, 30.587343, 0.0)
(39.970406, 30.622631, 0.0)
(39.971481, 30.597467, 0.0)
(39.983154, 30.559488, 0.0)
(39.990662, 30.557123, 0.0)
(40.008423, 30.506746, 0.0)
(40.003242, 30.506393, 0.0)
(40.032089, 30.504972, 0.0)
(40.029869, 30.537800, 0.0)
(40.030975, 30.527788, 0.0)
(40.053173, 30.519619, 0.0)
(40.052349, 30.514658, 0.0)
(40.067604, 30.503166, 0.0)
(40.080994, 30.515829, 0.0)
(40.100517, 30.503431, 0.0)
(40.118538, 30.483208, 0.0)
(40.118347, 30.472622, 0.0)
(40.119362, 30.467186, 0.0)
(40.121773, 30.463202, 0.0)
(40.009121, 30.234299, 0.0)
(38.333778, 26.407665, 0.0)
(37.687199, 24.736107, 0.0)
(37.614326, 24.653028, 0.0)
(37.630196, 24.705719, 0.0)
(37.656551, 24.722151, 0.0)
(37.648514, 24.682676, 0.0)
(39.163975, 25.266262, 0.0)
(42.419109, 26.766266, 0.0)
(43.036888, 27.150023, 0.0)
(43.024048, 27.173029, 0.0)
(43.014988, 27.145153, 0.0)
(43.036800, 27.139608, 0.0)
(43.398548, 27.422091, 0.0)
(43.683815, 27.639616, 0.0)
(43.672695, 27.663816, 0.0)
(43.661144, 27.694468, 0.0)
(43.677395, 27.691919, 0.0)
(43.659203, 27.723177, 0.0)
(43.651691, 27.698452, 0.0)
(43.652573, 27.694729, 0.0)
(43.643539, 27.713154, 0.0)
(43.645939, 27.708570, 0.0)
(43.639191, 27.680931, 0.0)
(43.641117, 27.714535, 0.0)
(43.654709, 27.681526, 0.0)
(43.653801, 27.664129, 0.0)
(43.664043, 27.651421, 0.0)
(43.664474, 27.678497, 0.0)
(43.674404, 27.661236, 0.0)
(43.672684, 27.630871, 0.0)
(43.684650, 27.622175, 0.0)
(43.681614, 27.617426, 0.0)
(43.685768, 27.600954, 0.0)
(43.685768, 27.600954, 0.0)
(43.676262, 27.584196, 0.0)
(43.658291, 27.600451, 0.0)
(43.636612, 27.610123, 0.0)
(43.642136, 27.624340, 0.0)
(43.636841, 27.606564, 0.0)
(43.635723, 27.583088, 0.0)
(43.625153, 27.590364, 0.0)
(43.604370, 27.567989, 0.0)
(43.575031, 27.616198, 0.0)
(43.561630, 27.573389, 0.0)
(41.284843, 25.472778, 0.0)
(40.439499, 24.137396, 0.0)
(40.453152, 24.127979, 0.0)
(40.494278, 24.181601, 0.0)
(40.494339, 24.196491, 0.0)
(40.506432, 24.252670, 0.0)
(40.578251, 24.244629, 0.0)
(40.664009, 24.173662, 0.0)
(40.693951, 24.199228, 0.0)
(40.684834, 24.195919, 0.0)
(40.658058, 24.193468, 0.0)
(40.684181, 24.149124, 0.0)
(40.692333, 24.118729, 0.0)
(40.719780, 24.126644, 0.0)
(40.703556, 24.130358, 0.0)
(40.720169, 24.176506, 0.0)
(40.740612, 24.167171, 0.0)
(40.746277, 24.184114, 0.0)
(40.741962, 24.193909, 0.0)
(40.748447, 24.166128, 0.0)
(40.737389, 24.130226, 0.0)
(40.755947, 24.112194, 0.0)
(40.808167, 24.051849, 0.0)
(40.781197, 24.035427, 0.0)
(40.770779, 24.043470, 0.0)
(40.778599, 24.088133, 0.0)
(40.778599, 24.088133, 0.0)
(40.774662, 24.051367, 0.0)
(40.770298, 24.052530, 0.0)
(40.761688, 24.015009, 0.0)
(40.751446, 24.012407, 0.0)
(40.743385, 23.999510, 0.0)
(40.712715, 24.018677, 0.0)
(40.697571, 24.014730, 0.0)
(40.686554, 24.015562, 0.0)
(40.689396, 24.011532, 0.0)
(40.692593, 23.984411, 0.0)
(39.441734, 24.651455, 0.0)
(36.541920, 26.592773, 0.0)
(36.271027, 26.866959, 0.0)
(36.254864, 26.755516, 0.0)
(36.247692, 26.677629, 0.0)
(36.198380, 26.610126, 0.0)
(35.994415, 26.827412, 0.0)
(35.927753, 26.969856, 0.0)
(35.918026, 27.024031, 0.0)
(35.905861, 26.971287, 0.0)
(35.918003, 26.910753, 0.0)
(35.896870, 26.889704, 0.0)
(35.867599, 26.886639, 0.0)
(35.863625, 26.869465, 0.0)
(35.855545, 26.850771, 0.0)
(35.849636, 26.851793, 0.0)
(35.849312, 26.878759, 0.0)
(35.646980, 26.807295, 0.0)
(35.606815, 26.765106, 0.0)
(35.591644, 26.765457, 0.0)
(35.579449, 26.775816, 0.0)
(35.747131, 26.879284, 0.0)
(35.773655, 26.917570, 0.0)
(35.767490, 26.947611, 0.0)
(35.754719, 26.938101, 0.0)
(35.748634, 26.950459, 0.0)
(35.750416, 26.958488, 0.0)
(35.754719, 26.956738, 0.0)
(35.762894, 26.892544, 0.0)
(35.739361, 26.898834, 0.0)
(35.771500, 26.919067, 0.0)
(35.766968, 26.952734, 0.0)
(35.765602, 26.963825, 0.0)
(35.754009, 26.938938, 0.0)
(35.738289, 26.964439, 0.0)
(35.731232, 26.930799, 0.0)
(35.886703, 26.878096, 0.0)
(39.889698, 25.657516, 0.0)
(42.473007, 25.544834, 0.0)
(42.542088, 25.605480, 0.0)
(42.501431, 25.639606, 0.0)
(42.484409, 25.686674, 0.0)
(42.990585, 25.803957, 0.0)
(43.129372, 25.887547, 0.0)
(43.101624, 25.947563, 0.0)
(43.112183, 25.962231, 0.0)
(43.133678, 25.948641, 0.0)
(43.170357, 25.962212, 0.0)
(43.169380, 25.971096, 0.0)
(43.157734, 25.986025, 0.0)
(43.166748, 25.972050, 0.0)
(43.176991, 26.005621, 0.0)
(43.194073, 26.013203, 0.0)
(43.184586, 25.973684, 0.0)
(43.254505, 25.888693, 0.0)
(43.257931, 25.899273, 0.0)
(43.201496, 25.916014, 0.0)
(43.193733, 25.911079, 0.0)
(43.187260, 25.927431, 0.0)
(43.164841, 25.971743, 0.0)
(43.138268, 25.967638, 0.0)
(43.135056, 25.977617, 0.0)
(43.135193, 25.955809, 0.0)
(43.138729, 25.976019, 0.0)
(43.133224, 25.978941, 0.0)
(43.112648, 25.996161, 0.0)
(43.103920, 25.994022, 0.0)
(43.098598, 25.991549, 0.0)
(43.103920, 25.994022, 0.0)
(43.094612, 25.991106, 0.0)
(43.089920, 25.971453, 0.0)
(43.094296, 26.001156, 0.0)
(43.084442, 25.992445, 0.0)
(43.064518, 25.990824, 0.0)
(41.813232, 25.385954, 0.0)
(37.703316, 23.222055, 0.0)
(34.871857, 22.312088, 0.0)
(34.336651, 22.336781, 0.0)
(34.305855, 22.334108, 0.0)
(34.294373, 22.331509, 0.0)
(34.268078, 22.313723, 0.0)
(34.264477, 22.367300, 0.0)
(34.251785, 22.374126, 0.0)
(34.228710, 22.385757, 0.0)
(34.206055, 22.427519, 0.0)
(34.206642, 22.422207, 0.0)
(34.199387, 22.422792, 0.0)
(34.154663, 22.440699, 0.0)
(33.962173, 22.509884, 0.0)
(33.846699, 22.542721, 0.0)
(33.882172, 22.609882, 0.0)
(33.797592, 22.594839, 0.0)
(33.922817, 22.545931, 0.0)
(33.867771, 22.584822, 0.0)
(33.942352, 22.496304, 0.0)
(33.944229, 22.520786, 0.0)
(33.917522, 22.538116, 0.0)
(33.979954, 22.506599, 0.0)
(33.958462, 22.531116, 0.0)
(33.972103, 22.508585, 0.0)
(33.987614, 22.520483, 0.0)
(33.960754, 22.514713, 0.0)
(33.970928, 22.525866, 0.0)
(33.946812, 22.503059, 0.0)
(33.958447, 22.512854, 0.0)
(33.988514, 22.510195, 0.0)
(33.948463, 22.507990, 0.0)
(33.975334, 22.504234, 0.0)
(33.973740, 22.471727, 0.0)
(33.977909, 22.493832, 0.0)
(33.986603, 22.483545, 0.0)
(34.004967, 22.499672, 0.0)
(33.981659, 22.531391, 0.0)
(33.979435, 22.526733, 0.0)
(31.980162, 22.658052, 0.0)
(30.639017, 22.714231, 0.0)
(30.627176, 22.771235, 0.0)
(30.612106, 22.817974, 0.0)
(30.594467, 22.904657, 0.0)
(30.587633, 22.918520, 0.0)
(30.577646, 22.965824, 0.0)
(30.454014, 23.029243, 0.0)
(30.175989, 22.994907, 0.0)
(30.121237, 23.028917, 0.0)
(30.021507, 22.872501, 0.0)
(30.013590, 23.758678, 0.0)
(29.725765, 24.291983, 0.0)
(29.991320, 22.777115, 0.0)
(30.002832, 22.497925, 0.0)
(30.005075, 22.451406, 0.0)
(29.995056, 22.557903, 0.0)
(30.057362, 22.546362, 0.0)
(30.048008, 22.582123, 0.0)
(31.942091, 22.149357, 0.0)
(33.549133, 22.203310, 0.0)
(33.638187, 22.226868, 0.0)
(33.585846, 22.190809, 0.0)
(33.639885, 22.207693, 0.0)
(33.640266, 22.189823, 0.0)
(33.616657, 22.167397, 0.0)
(33.673111, 22.157930, 0.0)
(33.607182, 22.149384, 0.0)
(33.650021, 22.139063, 0.0)
(33.623268, 22.112637, 0.0)
(32.635086, 22.361300, 0.0)
(30.860031, 22.701008, 0.0)
(30.935434, 22.676792, 0.0)
(35.592491, 22.597843, 0.0)
(38.655354, 23.679794, 0.0)
(39.217697, 24.307400, 0.0)
(39.333981, 24.112104, 0.0)
(39.375992, 23.866905, 0.0)
(39.360641, 23.830473, 0.0)
(39.342060, 23.811083, 0.0)
(39.316261, 23.785589, 0.0)
(39.120129, 23.685884, 0.0)
(38.797195, 23.361761, 0.0)
(38.799706, 23.309103, 0.0)
(38.823349, 23.300220, 0.0)
(38.760056, 23.294064, 0.0)
(39.048531, 25.154390, 0.0)
(38.916504, 23.786287, 0.0)
(38.923813, 23.112757, 0.0)
(38.921680, 22.919008, 0.0)
(38.925930, 22.956594, 0.0)
(38.930756, 22.979383, 0.0)
(38.951202, 22.965569, 0.0)
(39.009171, 23.028513, 0.0)
(39.031055, 23.205221, 0.0)
(39.019993, 23.231281, 0.0)
(39.008385, 23.206726, 0.0)
(38.987152, 23.214701, 0.0)
(38.994015, 23.245329, 0.0)
(38.989243, 23.306459, 0.0)
(38.951904, 23.332794, 0.0)
(38.962883, 23.366014, 0.0)
(38.950863, 23.397299, 0.0)
(38.914520, 23.367744, 0.0)
(38.927166, 23.384615, 0.0)
(38.931458, 23.407522, 0.0)
(38.937000, 23.427849, 0.0)
(38.922142, 23.428940, 0.0)
(38.916222, 23.409542, 0.0)
(38.588402, 23.812204, 0.0)
(36.001278, 26.708485, 0.0)
(34.251553, 28.546516, 0.0)
(33.977539, 28.840643, 0.0)
(33.998669, 28.713602, 0.0)
(33.961464, 28.680769, 0.0)
(33.945721, 28.676762, 0.0)
(33.904625, 28.647757, 0.0)
(33.848530, 28.620409, 0.0)
(33.831406, 28.598457, 0.0)
(33.816807, 28.626097, 0.0)
(33.812248, 28.644829, 0.0)
(33.813828, 28.625320, 0.0)
(35.513371, 27.242941, 0.0)
(39.950253, 24.495178, 0.0)
(42.333717, 23.063063, 0.0)
(42.410030, 22.953739, 0.0)
(42.356667, 23.131611, 0.0)
(42.352470, 23.215269, 0.0)
(42.377018, 23.277449, 0.0)
(42.333206, 23.337152, 0.0)
(41.864464, 27.149410, 0.0)
(40.583000, 29.319874, 0.0)
(40.552837, 29.290035, 0.0)
(40.570408, 29.111361, 0.0)
(40.581635, 29.061092, 0.0)
(40.591228, 29.012968, 0.0)
(40.572578, 29.017591, 0.0)
(40.561825, 28.986835, 0.0)
(40.481461, 28.875910, 0.0)
(37.150234, 25.700935, 0.0)
(34.046581, 23.954231, 0.0)
(33.940067, 23.996597, 0.0)
(33.970978, 24.067875, 0.0)
(33.979820, 24.050350, 0.0)
(33.976513, 24.038149, 0.0)
(33.970280, 24.069969, 0.0)
(34.886127, 23.108824, 0.0)
(35.534531, 22.131577, 0.0)
(35.586346, 22.173988, 0.0)
(35.553288, 22.254818, 0.0)
(35.545998, 22.258047, 0.0)
(35.546963, 22.274685, 0.0)
(35.535328, 22.258701, 0.0)
(35.531685, 22.282579, 0.0)
(35.539051, 22.275534, 0.0)
(35.518810, 22.303665, 0.0)
(35.526344, 22.305996, 0.0)
(35.536953, 22.258495, 0.0)
(35.479771, 22.191025, 0.0)
(35.306190, 23.836393, 0.0)
(35.383377, 23.386789, 0.0)
(35.422768, 22.334358, 0.0)
(35.338238, 22.052135, 0.0)
(35.366474, 22.117744, 0.0)
(35.405254, 22.237431, 0.0)
(35.382500, 22.323895, 0.0)
(35.395939, 22.323689, 0.0)
(35.393791, 22.303030, 0.0)
(35.469257, 22.293253, 0.0)
(35.479416, 22.309519, 0.0)
(35.457989, 22.344429, 0.0)
(35.461475, 22.358715, 0.0)
(35.478436, 22.395782, 0.0)
(35.458988, 22.412935, 0.0)
(35.492302, 22.422586, 0.0)
(35.472179, 22.403776, 0.0)
(35.457516, 22.420355, 0.0)
(35.459129, 22.433601, 0.0)
(35.425453, 22.470541, 0.0)
(35.420414, 22.500717, 0.0)
(35.423386, 22.525721, 0.0)
(35.435505, 22.542231, 0.0)
(37.606655, 23.283302, 0.0)
(41.296963, 25.773382, 0.0)
(42.550442, 26.952948, 0.0)
(42.556446, 26.961664, 0.0)
(42.505951, 26.878281, 0.0)
(42.494995, 26.837519, 0.0)
(42.508713, 26.852251, 0.0)
(42.482800, 26.850584, 0.0)
(42.618351, 26.941763, 0.0)
(42.683430, 26.966873, 0.0)
(42.661736, 26.943552, 0.0)
(42.686104, 26.957859, 0.0)
(42.674431, 26.916656, 0.0)
(42.701992, 26.910046, 0.0)
(42.717133, 26.910046, 0.0)
(42.696785, 26.888044, 0.0)
(42.720226, 26.891123, 0.0)
(42.711391, 26.877960, 0.0)
(42.700512, 26.907370, 0.0)
(42.694607, 26.882051, 0.0)
(42.666878, 26.861273, 0.0)
(42.609413, 26.754007, 0.0)
(42.584423, 26.664267, 0.0)
(42.599674, 26.660847, 0.0)
(42.591827, 26.655066, 0.0)
(42.585480, 26.654583, 0.0)
(42.573502, 26.660677, 0.0)
(42.576382, 26.641968, 0.0)
(42.571690, 26.638903, 0.0)
(42.566940, 26.647806, 0.0)
(42.559719, 26.658997, 0.0)
(42.566940, 26.647806, 0.0)
(42.576450, 26.619192, 0.0)
(42.566940, 26.647806, 0.0)
(42.547939, 26.626116, 0.0)
(42.539993, 26.609394, 0.0)
(42.397018, 26.548988, 0.0)
(40.257549, 25.001375, 0.0)
(40.255211, 25.020348, 0.0)
(40.329021, 25.034731, 0.0)
(40.343128, 25.016668, 0.0)
(40.358433, 25.031374, 0.0)
(40.374321, 25.001730, 0.0)
(40.401749, 25.014101, 0.0)
(40.394798, 24.983242, 0.0)
(40.388168, 24.807016, 0.0)
(40.414635, 24.807022, 0.0)
(40.425827, 24.772333, 0.0)
(40.414722, 24.749926, 0.0)
(40.436134, 24.746578, 0.0)
(40.456867, 24.720121, 0.0)
(40.468578, 24.723442, 0.0)
(40.471542, 24.696688, 0.0)
(40.455082, 24.746054, 0.0)
(40.420341, 24.761971, 0.0)
(40.371323, 24.734787, 0.0)
(40.326111, 24.737316, 0.0)
(40.313347, 24.730196, 0.0)
(40.318947, 24.724686, 0.0)
(40.311256, 24.698181, 0.0)
(40.327332, 24.686594, 0.0)
(40.357243, 24.717659, 0.0)
(40.337830, 24.691025, 0.0)
(40.360001, 24.662851, 0.0)
(40.382397, 24.677029, 0.0)
(40.159985, 24.587519, 0.0)
(38.647240, 24.174438, 0.0)
(38.541279, 24.133543, 0.0)
(38.577816, 24.148621, 0.0)
(38.562263, 24.162878, 0.0)
(38.558464, 24.175409, 0.0)
(38.556389, 24.219698, 0.0)
(38.522129, 24.267897, 0.0)
(38.469593, 24.283409, 0.0)
(38.447849, 24.284155, 0.0)
(37.460495, 24.520737, 0.0)
(33.714081, 25.853594, 0.0)
(30.960428, 27.238411, 0.0)
(30.411772, 27.506710, 0.0)
(30.425863, 27.504829, 0.0)
(30.432430, 27.517578, 0.0)
(30.437786, 27.536879, 0.0)
(30.419216, 27.555044, 0.0)
(30.369436, 27.537291, 0.0)
(30.015146, 27.067881, 0.0)
(30.021091, 27.043898, 0.0)
(30.033098, 27.114449, 0.0)
(29.993408, 27.106546, 0.0)
(29.901016, 27.122076, 0.0)
(30.487244, 29.351103, 0.0)
(0.000000, 0.000000, 1.0)
(29.942463, 28.845978, 0.0)
(29.961233, 28.270126, 0.0)
(29.965963, 27.873808, 0.0)
(29.911875, 27.662872, 0.0)
(29.902718, 27.595617, 0.0)
(29.917353, 27.589775, 0.0)
(29.924635, 27.521227, 0.0)
(29.940264, 27.431612, 0.0)
(29.967421, 27.387062, 0.0)
(29.979765, 27.359125, 0.0)
(29.641808, 27.287144, 0.0)
(29.627319, 27.161940, 0.0)
(29.618006, 27.160721, 0.0)
(29.586187, 27.131624, 0.0)
(29.605625, 27.128557, 0.0)
(29.618164, 27.109829, 0.0)
(29.631350, 27.099890, 0.0)
(29.627789, 27.123301, 0.0)
(29.757015, 27.080765, 0.0)
(33.627747, 26.501072, 0.0)
(37.532864, 27.601709, 0.0)
(40.218269, 28.868910, 0.0)
(41.198315, 29.305946, 0.0)
(41.242176, 29.326260, 0.0)
(41.186378, 29.300581, 0.0)
(41.356819, 29.465401, 0.0)
(41.844841, 30.165390, 0.0)
(41.871029, 30.220732, 0.0)
(41.796974, 30.200258, 0.0)
(41.835697, 30.157631, 0.0)
(41.821442, 30.121283, 0.0)
(41.897339, 30.394840, 0.0)
(41.867317, 30.491714, 0.0)
(41.865311, 30.440409, 0.0)
(41.900150, 30.392252, 0.0)
(41.957294, 30.336750, 0.0)
(41.971157, 30.325436, 0.0)
(41.974957, 30.341152, 0.0)
(41.962055, 30.362352, 0.0)
(41.954411, 30.409861, 0.0)
(41.415955, 31.108490, 0.0)
(40.652054, 32.018173, 0.0)
(40.977741, 31.095169, 0.0)
(41.437454, 30.834599, 0.0)
(41.579983, 30.690187, 0.0)
(41.599812, 30.585426, 0.0)
(41.601063, 30.673162, 0.0)
(41.630501, 30.637077, 0.0)
(41.651154, 30.602160, 0.0)
(41.637585, 30.630054, 0.0)
(41.635189, 30.615877, 0.0)
(41.618496, 30.631926, 0.0)
(41.615295, 30.630348, 0.0)
(41.613182, 30.649338, 0.0)
(41.600266, 30.636307, 0.0)
(41.563034, 30.649609, 0.0)
(41.545948, 30.639521, 0.0)
(41.177414, 27.360218, 0.0)
(41.483894, 26.082678, 0.0)
(41.536190, 26.059023, 0.0)
(41.537155, 26.126207, 0.0)
(41.604404, 26.177094, 0.0)
(41.596840, 26.184616, 0.0)
(41.616714, 26.235172, 0.0)
(41.590767, 26.218021, 0.0)
(41.601204, 26.248055, 0.0)
(41.593082, 26.338890, 0.0)
(41.577538, 26.350769, 0.0)
(41.554840, 26.289675, 0.0)
(41.561584, 26.243788, 0.0)
(41.574474, 26.255804, 0.0)
(41.567707, 26.238447, 0.0)
(41.565449, 26.251146, 0.0)
(41.560413, 26.227577, 0.0)
(41.543804, 26.226871, 0.0)
(41.557423, 26.215849, 0.0)
(41.555218, 26.201967, 0.0)
(41.566650, 26.205128, 0.0)
(39.976494, 24.652185, 0.0)
(38.196083, 22.830070, 0.0)
(37.979980, 22.661163, 0.0)
(38.093475, 22.660219, 0.0)
(38.084274, 22.661432, 0.0)
(39.700985, 23.796587, 0.0)
(40.741356, 24.995922, 0.0)
(40.723370, 24.948572, 0.0)
(40.645088, 24.923077, 0.0)
(40.594597, 24.888161, 0.0)
(40.581711, 24.899790, 0.0)
(40.576782, 24.907747, 0.0)
(40.625580, 24.884073, 0.0)
(40.640839, 24.870481, 0.0)
(40.633778, 24.870811, 0.0)
(40.639275, 24.854053, 0.0)
(40.611191, 24.863594, 0.0)
(40.615337, 24.862770, 0.0)
(39.988438, 24.795872, 0.0)
(36.363068, 25.845490, 0.0)
(33.521130, 27.171362, 0.0)
(31.836279, 28.249529, 0.0)
(31.738438, 28.304695, 0.0)
(31.762928, 28.264898, 0.0)
(31.660927, 28.183794, 0.0)
(31.627617, 28.176497, 0.0)
(31.189554, 28.238607, 0.0)
(30.859919, 28.026186, 0.0)
(30.872355, 28.045507, 0.0)
(30.784122, 28.571487, 0.0)
(31.120531, 30.240456, 0.0)
(30.356829, 29.887253, 0.0)
(30.267170, 29.519197, 0.0)
(30.298265, 29.249846, 0.0)
(30.075754, 29.126648, 0.0)
(29.963339, 28.735939, 0.0)
(30.010382, 28.500540, 0.0)
(30.003944, 28.312037, 0.0)
(30.012478, 28.198910, 0.0)
(30.004684, 28.164635, 0.0)
(30.039307, 28.074934, 0.0)
(33.232147, 27.206413, 0.0)
(35.564762, 26.960176, 0.0)
(35.663189, 27.075436, 0.0)
(35.596390, 27.074854, 0.0)
(35.586422, 27.044102, 0.0)
(35.536686, 27.050081, 0.0)
(35.523151, 27.021101, 0.0)
(35.506935, 27.036907, 0.0)
(33.294079, 24.797047, 0.0)
(31.979078, 23.458632, 0.0)
(31.920444, 23.308245, 0.0)
(31.984648, 23.325338, 0.0)
(31.987434, 23.322742, 0.0)
(31.983894, 23.325338, 0.0)
(31.967928, 23.343920, 0.0)
(31.930172, 23.362867, 0.0)
(31.991756, 23.402443, 0.0)
(32.139309, 23.474907, 0.0)
(32.136600, 23.467020, 0.0)
(32.112015, 23.444530, 0.0)
(32.137833, 23.413229, 0.0)
(32.050220, 23.471170, 0.0)
(31.894064, 23.368008, 0.0)
(31.889128, 23.349661, 0.0)
(31.868484, 23.376711, 0.0)
(31.848892, 23.386509, 0.0)
(31.846279, 23.393982, 0.0)
(31.909784, 23.371023, 0.0)
(32.112171, 23.209707, 0.0)
(32.123409, 23.234104, 0.0)
(32.119869, 23.212828, 0.0)
(32.169247, 23.219498, 0.0)
(32.177593, 23.234356, 0.0)
(32.205303, 23.266611, 0.0)
(32.480389, 23.240847, 0.0)
(35.310749, 23.364189, 0.0)
(35.665691, 23.466063, 0.0)
(35.686966, 23.436153, 0.0)
(35.678623, 23.454365, 0.0)
(35.673035, 23.395475, 0.0)
(35.655239, 23.375851, 0.0)
(35.636837, 23.390537, 0.0)
(35.625546, 23.364805, 0.0)
(35.625546, 23.364805, 0.0)
(35.714275, 23.387489, 0.0)
(38.087086, 26.168129, 0.0)
(38.467804, 26.765654, 0.0)
(38.407829, 26.742369, 0.0)
(38.372578, 26.670984, 0.0)
(38.371918, 26.646782, 0.0)
(38.394176, 26.633415, 0.0)
(38.386047, 26.605959, 0.0)
(38.593456, 26.486012, 0.0)
(38.606033, 26.485435, 0.0)
(38.578587, 26.508791, 0.0)
(38.549786, 26.539074, 0.0)
(38.570251, 26.519445, 0.0)
(38.588699, 26.523935, 0.0)
(38.608952, 26.520472, 0.0)
(38.613102, 26.524818, 0.0)
(38.633064, 26.483692, 0.0)
(38.636684, 26.508579, 0.0)
(38.653099, 26.507910, 0.0)
(38.643246, 26.493124, 0.0)
(38.628872, 26.497255, 0.0)
(38.626099, 26.460186, 0.0)
(38.646969, 26.462906, 0.0)
(38.704666, 26.538521, 0.0)
(38.716339, 26.518215, 0.0)
(38.719643, 26.495592, 0.0)
(38.718555, 26.477255, 0.0)
(38.715900, 26.471674, 0.0)
(38.713493, 26.519400, 0.0)
(38.731434, 26.469456, 0.0)
(38.755329, 26.441339, 0.0)
(38.771412, 26.434965, 0.0)
(38.796566, 26.444744, 0.0)
(38.767529, 26.428093, 0.0)
(38.787094, 26.439896, 0.0)
(38.763451, 26.451174, 0.0)
(38.759705, 26.453564, 0.0)
(38.764477, 26.363537, 0.0)
(37.548214, 23.345427, 0.0)
(37.188713, 20.796833, 0.0)
(37.119785, 20.755531, 0.0)
(37.101894, 20.917238, 0.0)
(37.090961, 20.971582, 0.0)
(37.082802, 20.975922, 0.0)
(37.092850, 20.966677, 0.0)
(37.101475, 20.770050, 0.0)
(37.084908, 20.736786, 0.0)
(37.079105, 20.792847, 0.0)
(37.089336, 20.785992, 0.0)
(37.010517, 20.789408, 0.0)
(36.881817, 20.812334, 0.0)
(36.798634, 20.835049, 0.0)
(36.806770, 20.802748, 0.0)
(36.812611, 20.711609, 0.0)
(36.831200, 20.589823, 0.0)
(36.873802, 20.537050, 0.0)
(36.874214, 20.519979, 0.0)
(36.906712, 20.420835, 0.0)
(36.905918, 20.403481, 0.0)
(36.921970, 20.432507, 0.0)
(36.898144, 20.442719, 0.0)
(37.013371, 20.505983, 0.0)
(37.051426, 20.531008, 0.0)
(37.084770, 20.542892, 0.0)
(37.097248, 20.587645, 0.0)
(36.754578, 20.698750, 0.0)
(36.705261, 20.850822, 0.0)
(36.668831, 20.866180, 0.0)
(36.642063, 20.871006, 0.0)
(36.665916, 20.907911, 0.0)
(36.642731, 20.917936, 0.0)
(36.646866, 20.920240, 0.0)
(36.643948, 20.946466, 0.0)
(36.642193, 20.958004, 0.0)
(36.633026, 20.994595, 0.0)
(36.623867, 21.016409, 0.0)
(37.423805, 21.250746, 0.0)
(40.992134, 22.412149, 0.0)
(42.413139, 23.351910, 0.0)
(42.448025, 23.410219, 0.0)
(42.341606, 23.432201, 0.0)
(42.317181, 23.433029, 0.0)
(42.328281, 23.450218, 0.0)
(42.539371, 23.699080, 0.0)
(42.571739, 23.791622, 0.0)
(42.550537, 23.744884, 0.0)
(42.522396, 23.506887, 0.0)
(42.453381, 24.186623, 0.0)
(42.728798, 23.904766, 0.0)
(42.692608, 23.244028, 0.0)
(42.672344, 23.050549, 0.0)
(42.623493, 23.075138, 0.0)
(42.604122, 23.135429, 0.0)
(42.587608, 23.148026, 0.0)
(42.580040, 23.172537, 0.0)
(42.610615, 23.180674, 0.0)
(42.499203, 23.169357, 0.0)
(40.847439, 23.227888, 0.0)
(40.669121, 23.321213, 0.0)
(40.747101, 23.343353, 0.0)
(40.790531, 23.316629, 0.0)
(40.834404, 23.251419, 0.0)
(40.844410, 23.231350, 0.0)
(40.839096, 23.271738, 0.0)
(40.852039, 23.185925, 0.0)
(40.872353, 23.182880, 0.0)
(40.869938, 23.176794, 0.0)
(40.871338, 23.170729, 0.0)
(40.882778, 23.198500, 0.0)
(40.885307, 23.209261, 0.0)
(40.907230, 23.171436, 0.0)
(41.764374, 24.287340, 0.0)
(41.821747, 24.330313, 0.0)
(41.795883, 24.284134, 0.0)
(41.794128, 24.272203, 0.0)
(41.792713, 24.260942, 0.0)
(41.802753, 24.245678, 0.0)
(41.891766, 24.360620, 0.0)
(41.909222, 24.346714, 0.0)
(41.916313, 24.325367, 0.0)
(41.908104, 24.296741, 0.0)
(41.905182, 24.292929, 0.0)
(41.870197, 24.339630, 0.0)
(41.868637, 24.354691, 0.0)
(41.845058, 24.354471, 0.0)
(41.853737, 24.341009, 0.0)
(41.848225, 24.377665, 0.0)
(41.836178, 24.389959, 0.0)
(41.835876, 24.396055, 0.0)
(41.829781, 24.429333, 0.0)
(41.825069, 24.431946, 0.0)
(41.815514, 24.453524, 0.0)
(41.809635, 24.467691, 0.0)
(41.805382, 24.476254, 0.0)
(41.794315, 24.485964, 0.0)
(41.789726, 24.513561, 0.0)
(41.787685, 24.534798, 0.0)
(41.787685, 24.534798, 0.0)
(41.784420, 24.530571, 0.0)
(41.784420, 24.530571, 0.0)
(40.687035, 24.440817, 0.0)
(40.555950, 24.501022, 0.0)
(40.574387, 24.495934, 0.0)
(40.573330, 24.484388, 0.0)
(40.566814, 24.488693, 0.0)
(40.555073, 24.490192, 0.0)
(40.546677, 24.487249, 0.0)
(40.546677, 24.487249, 0.0)
(39.387684, 24.598307, 0.0)
(35.702694, 26.177574, 0.0)
(33.327900, 27.694242, 0.0)
(33.214279, 27.774519, 0.0)
(33.262989, 27.683191, 0.0)
(33.257851, 27.618397, 0.0)
(33.265057, 27.576632, 0.0)
(33.162708, 27.583618, 0.0)
(32.791237, 27.650202, 0.0)
(32.783070, 27.642313, 0.0)
(32.807838, 27.616894, 0.0)
(32.793877, 27.584200, 0.0)
(32.837440, 27.520386, 0.0)
(32.791294, 27.491325, 0.0)
(32.748646, 27.486963, 0.0)
(32.745850, 27.522581, 0.0)
(32.759029, 27.498428, 0.0)
(32.737381, 27.497616, 0.0)
(32.716885, 27.480993, 0.0)
(32.752464, 27.493744, 0.0)
(32.649746, 27.517305, 0.0)
(32.689190, 27.488276, 0.0)
(32.710888, 27.479418, 0.0)
(32.702141, 27.472765, 0.0)
(32.660610, 27.477411, 0.0)
(32.658684, 27.467375, 0.0)
(32.668457, 27.474178, 0.0)
(32.652798, 27.457581, 0.0)
(32.638748, 27.452154, 0.0)
(32.709427, 27.369869, 0.0)
(33.584686, 26.132671, 0.0)
(33.708019, 25.786304, 0.0)
(33.708542, 25.807188, 0.0)
(33.746605, 25.849331, 0.0)
(33.782883, 25.873787, 0.0)
(33.790375, 25.909771, 0.0)
(33.730835, 25.945185, 0.0)
(33.688194, 25.964243, 0.0)
(33.689598, 25.954800, 0.0)
(33.653973, 25.970663, 0.0)
(33.669552, 25.972271, 0.0)
(35.976765, 25.844650, 0.0)
(36.760357, 25.939102, 0.0)
(36.727795, 25.971004, 0.0)
(36.672562, 25.978821, 0.0)
(36.695072, 25.964790, 0.0)
(36.723057, 25.968441, 0.0)
(36.737381, 25.974405, 0.0)
(36.741703, 25.981142, 0.0)
(36.673347, 25.987957, 0.0)
(36.657631, 25.958843, 0.0)
(36.664753, 25.958897, 0.0)
(36.696316, 25.954697, 0.0)
(37.286011, 25.835691, 0.0)
(40.263088, 24.449892, 0.0)
(41.547638, 22.944967, 0.0)
(41.843922, 22.530680, 0.0)
(41.805370, 22.679453, 0.0)
(41.780960, 22.803745, 0.0)
(41.779697, 22.843771, 0.0)
(41.749557, 22.840757, 0.0)
(41.714989, 22.822344, 0.0)
(40.622849, 23.089584, 0.0)
(37.651440, 25.822601, 0.0)
(34.972294, 27.783747, 0.0)
(33.408371, 28.464312, 0.0)
(33.286049, 28.392582, 0.0)
(33.330673, 28.347431, 0.0)
(33.283943, 28.279932, 0.0)
(33.269642, 28.246365, 0.0)
(33.274338, 28.239769, 0.0)
(33.272308, 28.269650, 0.0)
(33.262676, 28.271370, 0.0)
(33.277718, 28.279140, 0.0)
(33.277775, 28.265146, 0.0)
(35.007389, 27.803345, 0.0)
(37.131241, 27.440014, 0.0)
(37.259174, 27.471319, 0.0)
(37.205467, 27.470160, 0.0)
(37.198345, 27.459585, 0.0)
(37.205204, 27.463736, 0.0)
(37.187267, 27.465036, 0.0)
(37.144379, 27.499332, 0.0)
(37.102821, 27.617588, 0.0)
(37.087841, 27.620937, 0.0)
(37.078636, 27.607779, 0.0)
(37.070518, 27.603916, 0.0)
(37.081203, 27.595705, 0.0)
(37.152737, 27.570673, 0.0)
(37.144905, 27.586958, 0.0)
(37.200741, 27.578791, 0.0)
(37.219738, 27.588329, 0.0)
(37.208565, 27.578087, 0.0)
(37.204037, 27.573517, 0.0)
(37.205124, 27.568621, 0.0)
(37.206112, 27.566452, 0.0)
(37.219433, 27.575012, 0.0)
(37.206249, 27.566126, 0.0)
(37.209106, 27.575916, 0.0)
(37.179192, 27.617857, 0.0)
(37.174896, 27.631220, 0.0)
(37.168163, 27.622534, 0.0)
(37.196293, 27.649185, 0.0)
(37.203171, 27.628036, 0.0)
(37.195763, 27.662506, 0.0)
(37.190136, 27.664957, 0.0)
(37.174137, 27.662489, 0.0)
(37.153412, 27.639847, 0.0)
(37.108479, 27.685709, 0.0)
(37.088982, 27.713230, 0.0)
(37.139305, 27.680933, 0.0)
(37.138012, 27.703180, 0.0)
(37.550625, 27.321657, 0.0)
(40.505531, 24.369230, 0.0)
(41.285267, 23.374468, 0.0)
(41.295216, 23.343342, 0.0)
(41.267223, 23.455328, 0.0)
(41.594120, 23.475048, 0.0)
(41.767467, 23.373051, 0.0)
(41.728363, 23.468870, 0.0)
(41.727757, 23.558922, 0.0)
(41.705334, 23.540985, 0.0)
(41.726208, 23.592865, 0.0)
(41.699051, 23.577393, 0.0)
(41.819305, 23.564411, 0.0)
(41.880711, 23.534292, 0.0)
(41.883694, 23.524010, 0.0)
(41.924229, 23.576878, 0.0)
(41.938267, 23.562006, 0.0)
(41.912701, 23.571003, 0.0)
(41.883129, 23.545959, 0.0)
(41.879475, 23.540461, 0.0)
(41.883129, 23.545959, 0.0)
(41.883636, 23.527208, 0.0)
(41.879955, 23.521713, 0.0)
(41.529652, 23.356512, 0.0)
(41.435345, 23.280920, 0.0)
(41.462406, 23.291214, 0.0)
(41.433525, 23.300192, 0.0)
(41.453205, 23.300817, 0.0)
(41.429722, 23.275112, 0.0)
(41.430099, 23.268831, 0.0)
(41.418781, 23.234337, 0.0)
(41.418781, 23.234337, 0.0)
(41.419170, 23.233545, 0.0)
(41.416862, 23.227610, 0.0)
(41.427494, 23.233891, 0.0)
(41.419170, 23.233545, 0.0)
(41.416862, 23.237810, 0.0)
(41.413383, 23.240765, 0.0)
(41.409515, 23.183012, 0.0)
(42.183380, 23.917704, 0.0)
(42.793736, 24.619253, 0.0)
(42.814281, 24.622625, 0.0)
(42.820263, 24.608587, 0.0)
(42.847153, 24.607428, 0.0)
(42.877991, 24.590916, 0.0)
(43.008518, 24.709574, 0.0)
(43.035378, 24.726646, 0.0)
(43.024872, 24.712564, 0.0)
(43.019207, 24.711166, 0.0)
(42.939934, 24.723732, 0.0)
(42.910294, 24.720238, 0.0)
(42.911793, 24.714447, 0.0)
(42.831669, 24.621365, 0.0)
(41.570171, 24.223312, 0.0)
(41.572254, 24.243891, 0.0)
(41.699207, 24.282570, 0.0)
(41.715832, 24.293173, 0.0)
(42.295654, 24.530962, 0.0)
(42.830639, 24.660933, 0.0)
(42.868671, 24.692966, 0.0)
(42.835796, 24.702463, 0.0)
(42.846390, 24.716322, 0.0)
(42.854248, 24.714792, 0.0)
(42.817425, 24.715933, 0.0)
(42.735516, 24.672365, 0.0)
(42.684700, 24.738462, 0.0)
(42.669327, 24.751623, 0.0)
(42.675175, 24.775454, 0.0)
(42.673325, 24.855011, 0.0)
(42.678097, 24.843561, 0.0)
(42.669437, 24.828350, 0.0)
(42.647377, 24.837702, 0.0)
(42.658829, 24.875341, 0.0)
(42.642899, 24.869331, 0.0)
(42.637394, 24.895586, 0.0)
(42.637718, 24.903399, 0.0)
(41.438858, 26.225657, 0.0)
(40.799088, 28.990561, 0.0)
(40.794304, 28.996515, 0.0)
(40.816700, 28.871452, 0.0)
(40.803555, 28.780701, 0.0)
(41.087894, 28.900063, 0.0)
(41.601635, 29.481842, 0.0)
(41.615318, 29.526472, 0.0)
(41.669933, 29.489231, 0.0)
(41.689640, 29.392836, 0.0)
(41.713917, 29.399597, 0.0)
(41.707397, 29.346516, 0.0)
(41.696312, 29.341539, 0.0)
(41.698471, 29.342773, 0.0)
(41.730839, 29.351171, 0.0)
(41.702232, 29.342537, 0.0)
(41.634407, 29.312159, 0.0)
(41.631584, 29.297237, 0.0)
(41.635052, 29.238670, 0.0)
(41.635357, 29.227924, 0.0)
(41.567036, 29.258389, 0.0)
(41.551495, 29.236898, 0.0)
(41.552521, 29.238991, 0.0)
(41.573807, 29.234745, 0.0)
(41.592945, 29.223047, 0.0)
(41.610992, 29.233669, 0.0)
(41.613861, 29.238401, 0.0)
(41.611900, 29.234102, 0.0)
(41.594063, 29.223372, 0.0)
(41.586273, 29.221931, 0.0)
(41.562637, 29.192541, 0.0)
(41.541790, 29.186998, 0.0)
(41.513344, 29.195532, 0.0)
(41.479267, 29.167559, 0.0)
(41.466618, 29.152634, 0.0)
(41.455330, 29.178522, 0.0)
(41.433281, 29.146914, 0.0)
(41.437935, 29.141029, 0.0)
(41.424637, 29.144089, 0.0)
(42.159878, 29.367512, 0.0)
(43.164444, 29.269209, 0.0)
(43.200054, 29.387346, 0.0)
(43.187443, 29.396193, 0.0)
(43.173386, 29.388691, 0.0)
(43.207809, 29.389492, 0.0)
(43.204605, 29.393789, 0.0)
(43.406822, 29.574291, 0.0)
(43.446304, 29.618713, 0.0)
(43.392662, 29.656172, 0.0)
(43.360649, 29.687744, 0.0)
(43.306496, 29.713974, 0.0)
(43.262470, 29.744257, 0.0)
(43.231499, 29.782118, 0.0)
(43.242527, 29.773344, 0.0)
(43.240150, 29.760145, 0.0)
(43.244152, 29.769598, 0.0)
(43.247772, 29.775902, 0.0)
(43.255287, 29.735750, 0.0)
(43.253815, 29.761051, 0.0)
(43.250546, 29.759602, 0.0)
(43.228283, 29.801739, 0.0)
(43.230232, 29.766623, 0.0)
(43.229969, 29.807058, 0.0)
(43.220776, 29.837414, 0.0)
(43.222988, 29.844748, 0.0)
(43.228439, 29.813072, 0.0)
(43.252945, 29.805307, 0.0)
(43.263016, 29.782822, 0.0)
(43.263523, 29.788927, 0.0)
(43.249363, 29.803936, 0.0)
(43.247478, 29.815027, 0.0)
(43.255962, 29.805098, 0.0)
(43.255463, 29.798969, 0.0)
(43.248322, 29.811216, 0.0)
(43.254841, 29.809338, 0.0)
(43.257233, 29.772129, 0.0)
(41.987988, 28.604038, 0.0)
(38.424648, 26.038639, 0.0)
(34.932381, 25.362963, 0.0)
(32.707100, 25.111832, 0.0)
(32.555386, 24.672600, 0.0)
(32.615814, 24.549704, 0.0)
(32.638931, 24.503281, 0.0)
(31.105417, 23.988003, 0.0)
(30.909372, 23.602726, 0.0)
(30.916861, 23.513510, 0.0)
(30.900539, 23.512444, 0.0)
(30.878670, 23.489016, 0.0)
(30.865648, 23.470633, 0.0)
(30.577841, 23.675121, 0.0)
(30.591393, 23.699961, 0.0)
(30.620235, 23.709221, 0.0)
(30.607950, 23.723078, 0.0)
(30.613548, 23.722721, 0.0)
(30.623125, 23.701780, 0.0)
(30.614389, 23.716318, 0.0)
(30.575010, 23.744694, 0.0)
(30.462326, 23.781769, 0.0)
(30.473871, 23.789679, 0.0)
(30.610844, 23.751354, 0.0)
(33.294125, 22.851480, 0.0)
(34.424435, 22.723169, 0.0)
(34.616337, 22.636448, 0.0)
(34.566475, 22.611799, 0.0)
(34.465836, 22.623938, 0.0)
(33.479126, 22.878332, 0.0)
(31.223497, 23.454508, 0.0)
(31.172194, 23.480589, 0.0)
(31.207201, 23.460495, 0.0)
(31.206055, 23.340319, 0.0)
(31.106823, 23.245472, 0.0)
(30.978191, 23.249052, 0.0)
(30.878817, 23.244247, 0.0)
(31.750837, 22.695860, 0.0)
(32.371517, 22.429312, 0.0)
(32.520668, 22.430882, 0.0)
(32.619251, 22.389297, 0.0)
(32.668407, 22.283840, 0.0)
(32.696964, 22.264891, 0.0)
(32.888355, 22.098417, 0.0)
(32.805882, 22.124178, 0.0)
(32.776478, 22.181591, 0.0)
(32.818245, 22.207306, 0.0)
(32.859806, 22.264557, 0.0)
(32.838741, 22.256166, 0.0)
(32.820564, 22.251318, 0.0)
(32.836765, 22.187174, 0.0)
(32.846275, 22.135633, 0.0)
(32.865108, 22.139763, 0.0)
(32.870621, 22.198441, 0.0)
(32.837273, 22.253584, 0.0)
(32.807686, 22.261593, 0.0)
(32.757721, 22.304468, 0.0)
(32.755939, 22.285265, 0.0)
(32.800236, 22.224590, 0.0)
(32.837086, 22.191805, 0.0)
(32.836765, 22.187174, 0.0)
(32.816643, 22.214140, 0.0)
(32.793297, 22.229294, 0.0)
(32.761387, 22.253126, 0.0)
(32.770233, 22.271175, 0.0)
(34.706211, 21.987904, 0.0)
(35.564266, 22.004608, 0.0)
(35.620495, 21.959330, 0.0)
(35.604565, 21.969305, 0.0)
(35.600758, 21.956747, 0.0)
(35.618961, 21.977680, 0.0)
(35.602245, 21.994501, 0.0)
(35.639698, 21.989546, 0.0)
(35.654682, 22.006628, 0.0)
(35.244953, 22.144596, 0.0)
(31.821486, 23.112682, 0.0)
(31.658138, 23.277554, 0.0)
(31.708469, 23.247864, 0.0)
(31.691565, 23.236744, 0.0)
(31.654343, 23.237225, 0.0)
(31.663977, 23.240475, 0.0)
(31.680212, 23.231840, 0.0)
(31.676531, 23.223881, 0.0)
(31.678856, 23.197836, 0.0)
(31.709734, 23.162233, 0.0)
(31.819828, 23.141016, 0.0)
(31.841145, 23.063532, 0.0)
(31.814791, 23.057787, 0.0)
(31.829369, 23.162313, 0.0)
(31.849815, 23.217001, 0.0)
(31.849815, 23.217001, 0.0)
(31.949446, 23.104509, 0.0)
(32.017727, 23.052479, 0.0)
(32.043941, 22.968542, 0.0)
(32.076466, 22.846561, 0.0)
(32.071320, 22.808113, 0.0)
(32.132450, 22.816284, 0.0)
(32.111797, 22.866760, 0.0)
(32.089787, 22.918959, 0.0)
(32.044456, 22.982683, 0.0)
(32.017944, 22.983694, 0.0)
(31.987007, 22.961172, 0.0)
(32.010670, 22.974852, 0.0)
(32.049324, 22.844568, 0.0)
(31.957380, 22.744904, 0.0)
(31.743324, 23.830574, 0.0)
(31.609558, 24.875799, 0.0)
(31.790569, 23.885061, 0.0)
(31.866693, 23.077166, 0.0)
(31.941565, 22.699329, 0.0)
(31.958151, 22.627775, 0.0)
(32.245815, 22.650215, 0.0)
(35.277279, 23.006340, 0.0)
(35.443295, 23.093206, 0.0)
(35.349792, 23.083876, 0.0)
(35.357620, 23.118559, 0.0)
(36.184898, 24.178570, 0.0)
(36.292294, 24.458717, 0.0)
(36.231739, 24.413824, 0.0)
(36.189957, 24.431654, 0.0)
(36.186108, 24.452568, 0.0)
(36.143703, 24.420372, 0.0)
(36.058949, 27.464962, 0.0)
(35.534496, 27.044184, 0.0)
(36.040855, 25.673229, 0.0)
(35.985889, 24.847784, 0.0)
(35.902042, 24.350624, 0.0)
(35.938557, 24.149996, 0.0)
(35.939491, 24.093107, 0.0)
(35.968903, 24.062256, 0.0)
(35.954723, 24.037209, 0.0)
(35.988613, 24.038542, 0.0)
(36.032070, 24.055763, 0.0)
(35.975288, 24.071478, 0.0)
(35.918522, 24.126722, 0.0)
(35.900570, 24.217686, 0.0)
(35.908844, 24.220123, 0.0)
(35.934357, 24.233988, 0.0)
(35.948879, 24.241356, 0.0)
(35.960655, 24.247835, 0.0)
(35.959530, 24.283686, 0.0)
(35.967640, 24.321470, 0.0)
(35.953812, 24.334837, 0.0)
(35.986534, 24.353239, 0.0)
(35.976879, 24.392237, 0.0)
(35.949497, 24.426012, 0.0)
(37.333195, 25.022463, 0.0)
(40.557842, 26.668400, 0.0)
(40.680229, 26.849873, 0.0)
(40.554203, 26.828560, 0.0)
(40.522121, 26.843557, 0.0)
(40.527905, 26.818445, 0.0)
(40.542538, 26.838964, 0.0)
(40.659195, 27.204082, 0.0)
(40.687428, 27.234346, 0.0)
(40.715981, 27.144695, 0.0)
(40.756790, 27.048702, 0.0)
(40.790474, 27.030945, 0.0)
(40.809277, 27.051533, 0.0)
(40.811977, 27.108797, 0.0)
(40.792465, 27.159391, 0.0)
(40.773525, 27.186079, 0.0)
(40.773590, 27.143656, 0.0)
(40.797974, 27.147617, 0.0)
(40.818840, 27.130789, 0.0)
(40.850689, 27.095980, 0.0)
(40.843346, 27.072773, 0.0)
(40.820148, 27.075010, 0.0)
(40.779411, 27.066889, 0.0)
(40.754829, 27.067251, 0.0)
(40.759617, 27.032082, 0.0)
(40.783333, 26.962837, 0.0)
(40.791866, 26.904982, 0.0)
(40.806232, 26.817926, 0.0)
(40.810791, 26.876049, 0.0)
(40.791973, 26.900009, 0.0)
(40.776844, 26.895433, 0.0)
(40.767494, 26.921236, 0.0)
(40.777176, 26.919031, 0.0)
(40.804897, 26.883148, 0.0)
(40.813461, 26.853807, 0.0)
(40.811161, 26.827684, 0.0)
(40.808388, 26.799007, 0.0)
(40.820114, 26.829231, 0.0)
(40.787273, 26.863062, 0.0)
(40.781628, 26.867903, 0.0)
(40.678909, 26.924585, 0.0)
(37.665001, 24.902922, 0.0)
(33.854267, 22.864115, 0.0)
(31.805674, 22.497330, 0.0)
(31.705757, 22.456064, 0.0)
(31.737417, 22.498224, 0.0)
(30.947205, 22.820454, 0.0)
(30.816765, 22.814810, 0.0)
(30.839340, 22.818701, 0.0)
(30.796345, 22.833004, 0.0)
(30.797688, 22.801933, 0.0)
(30.817076, 22.782576, 0.0)
(30.825649, 22.733227, 0.0)
(30.649981, 22.639326, 0.0)
(30.640907, 22.583628, 0.0)
(30.658400, 22.598116, 0.0)
(30.661842, 22.593788, 0.0)
(30.662537, 22.598726, 0.0)
(30.679602, 22.600397, 0.0)
(30.669970, 22.636106, 0.0)
(30.656261, 22.634798, 0.0)
(31.394550, 22.483902, 0.0)
(33.043045, 22.476723, 0.0)
(33.085846, 22.439499, 0.0)
(33.034477, 22.360952, 0.0)
(32.996178, 22.343052, 0.0)
(32.985897, 22.297001, 0.0)
(32.961441, 22.332565, 0.0)
(32.876553, 22.354975, 0.0)
(32.821289, 22.339556, 0.0)
(32.772121, 22.368343, 0.0)
(32.766594, 22.373564, 0.0)
(32.815170, 22.332632, 0.0)
(32.848457, 22.339409, 0.0)
(32.877079, 22.337296, 0.0)
(32.883533, 22.300098, 0.0)
(32.022255, 23.752216, 0.0)
(31.624960, 25.988907, 0.0)
(31.651981, 26.241587, 0.0)
(31.631742, 26.108007, 0.0)
(31.605930, 26.143003, 0.0)
(31.586323, 26.155621, 0.0)
(31.641619, 26.156364, 0.0)
(31.718016, 26.298584, 0.0)
(31.720293, 26.297958, 0.0)
(31.720917, 26.321436, 0.0)
(31.731737, 26.313990, 0.0)
(31.726969, 26.304855, 0.0)
(31.714800, 26.280930, 0.0)
(31.712530, 26.283155, 0.0)
(31.686457, 26.302803, 0.0)
(31.680096, 26.288946, 0.0)
(31.594378, 26.273209, 0.0)
(31.581358, 26.239361, 0.0)
(31.564838, 26.287954, 0.0)
(31.567677, 26.334991, 0.0)
(31.583595, 26.358877, 0.0)
(31.587337, 26.414064, 0.0)
(31.577396, 26.409124, 0.0)
(31.593906, 26.351448, 0.0)
(32.573559, 26.075861, 0.0)
(34.356625, 25.662228, 0.0)
(34.365299, 25.659254, 0.0)
(34.337078, 25.672739, 0.0)
(34.336018, 25.684086, 0.0)
(34.341530, 25.706667, 0.0)
(34.347599, 25.733011, 0.0)
(34.352371, 25.685946, 0.0)
(34.320812, 25.700964, 0.0)
(34.332470, 25.678814, 0.0)
(34.308300, 25.742277, 0.0)
(34.317986, 25.753637, 0.0)
(34.335052, 25.736660, 0.0)
(34.337624, 25.743317, 0.0)
(35.596592, 25.498400, 0.0)
(35.900829, 25.478445, 0.0)
(35.920425, 25.462566, 0.0)
(35.922512, 25.470270, 0.0)
(35.922783, 25.536072, 0.0)
(35.909058, 25.531351, 0.0)
(35.882923, 25.550547, 0.0)
(35.886723, 25.570675, 0.0)
(35.884819, 25.559021, 0.0)
(35.883747, 25.561932, 0.0)
(35.876305, 25.576431, 0.0)
(35.921864, 25.505747, 0.0)
(35.958870, 25.486687, 0.0)
(35.967419, 25.485661, 0.0)
(35.936733, 25.494633, 0.0)
(35.913776, 25.514986, 0.0)
(35.895329, 25.556044, 0.0)
(35.885994, 25.520889, 0.0)
(35.889881, 25.419264, 0.0)
(36.090214, 25.337318, 0.0)
(37.100773, 25.106157, 0.0)
(37.153862, 25.132431, 0.0)
(37.187077, 25.116386, 0.0)
(37.187977, 25.119686, 0.0)
(37.155418, 25.133604, 0.0)
(37.139767, 25.158936, 0.0)
(37.168049, 25.161076, 0.0)
(37.141235, 25.179804, 0.0)
(37.150333, 25.163031, 0.0)
(37.135010, 25.152170, 0.0)
(37.137508, 25.144571, 0.0)
(37.162640, 25.144005, 0.0)
(37.153606, 25.187534, 0.0)
(37.158413, 25.193350, 0.0)
(37.169716, 25.209455, 0.0)
(37.184559, 25.178829, 0.0)
(37.195457, 25.174717, 0.0)
(39.273403, 26.681652, 0.0)
(40.658875, 27.983822, 0.0)
(40.674427, 28.032270, 0.0)
(40.609692, 27.956978, 0.0)
(40.635609, 27.867077, 0.0)
(40.689442, 27.848909, 0.0)
(40.701591, 27.796091, 0.0)
(40.676357, 27.761305, 0.0)
(40.678978, 27.784851, 0.0)
(40.671474, 27.798256, 0.0)
(40.651852, 27.784101, 0.0)
(40.645607, 27.798847, 0.0)
(40.665813, 27.776115, 0.0)
(40.688667, 27.758968, 0.0)
(40.697666, 27.745729, 0.0)
(40.699562, 27.755816, 0.0)
(40.716908, 27.707325, 0.0)
(40.715157, 27.739765, 0.0)
(40.723423, 27.758722, 0.0)
(40.720695, 27.742462, 0.0)
(40.727627, 27.676373, 0.0)
(40.718273, 27.671516, 0.0)
(40.712955, 27.679607, 0.0)
(40.721592, 27.665697, 0.0)
(40.728039, 27.665630, 0.0)
(40.726509, 27.640724, 0.0)
(40.746231, 26.976515, 0.0)
(40.753551, 26.929291, 0.0)
(40.767994, 26.951132, 0.0)
(40.760513, 26.961086, 0.0)
(40.737057, 27.003799, 0.0)
(40.747658, 27.021349, 0.0)
(40.740677, 27.016438, 0.0)
(40.730133, 27.014399, 0.0)
(40.709885, 26.981462, 0.0)
(40.725224, 26.993471, 0.0)
(40.743866, 26.998453, 0.0)
(39.842323, 26.187698, 0.0)
(36.883949, 22.572781, 0.0)
(36.702454, 21.100494, 0.0)
(36.645409, 20.960272, 0.0)
(36.650669, 20.975451, 0.0)
(36.626366, 20.994421, 0.0)
(36.344757, 20.990875, 0.0)
(35.940117, 20.811840, 0.0)
(35.935543, 20.877588, 0.0)
(35.916904, 20.935204, 0.0)
(35.873119, 20.993309, 0.0)
(35.862259, 21.030375, 0.0)
(35.859890, 21.048124, 0.0)
(35.879658, 21.069880, 0.0)
(35.846825, 21.110458, 0.0)
(35.813026, 21.150623, 0.0)
(35.768261, 21.170027, 0.0)
(35.773045, 21.178137, 0.0)
(35.766098, 21.151239, 0.0)
(35.765877, 21.121956, 0.0)
(35.762314, 21.141333, 0.0)
(35.765816, 21.144985, 0.0)
(35.791290, 21.182360, 0.0)
(35.775856, 21.163128, 0.0)
(35.774269, 21.164331, 0.0)
(35.719906, 21.255424, 0.0)
(35.690052, 21.262947, 0.0)
(35.677120, 21.283205, 0.0)
(35.673542, 21.306200, 0.0)
(35.885227, 21.680416, 0.0)
(36.687450, 23.478304, 0.0)
(36.710155, 23.503824, 0.0)
(36.710876, 23.422915, 0.0)
(36.680416, 23.397697, 0.0)
(36.646423, 23.373898, 0.0)
(36.664272, 23.354012, 0.0)
(36.676048, 23.342474, 0.0)
(36.757458, 23.377396, 0.0)
(40.451183, 23.742336, 0.0)
(43.075611, 24.321321, 0.0)
(44.066593, 24.613054, 0.0)
(43.998314, 24.703413, 0.0)
(43.933025, 24.756468, 0.0)
(43.937847, 24.820583, 0.0)
(44.103783, 24.806789, 0.0)
(44.329304, 25.074928, 0.0)
(44.360584, 25.045536, 0.0)
(44.211266, 25.091227, 0.0)
(44.098633, 25.065470, 0.0)
(43.964741, 25.090519, 0.0)
(43.780457, 25.193777, 0.0)
(43.943203, 25.104261, 0.0)
(43.978474, 25.030087, 0.0)
(43.974751, 25.073278, 0.0)
(43.937065, 25.051859, 0.0)
(43.883049, 25.095070, 0.0)
(43.872406, 25.142088, 0.0)
(43.845638, 25.172863, 0.0)
(43.847507, 25.104786, 0.0)
(43.871281, 25.103611, 0.0)
(43.826931, 25.133114, 0.0)
(43.755569, 25.223267, 0.0)
(43.704922, 25.254890, 0.0)
(43.711250, 25.256121, 0.0)
(43.645729, 25.302219, 0.0)
(43.629906, 25.272745, 0.0)
(43.654087, 25.255304, 0.0)
(43.750694, 25.217995, 0.0)
(43.811081, 25.258186, 0.0)
(43.820221, 25.277098, 0.0)
(43.767715, 25.307795, 0.0)
(43.716984, 25.353437, 0.0)
(42.051384, 25.137083, 0.0)
(39.182518, 24.892267, 0.0)
(38.403828, 24.966854, 0.0)
(38.419445, 24.818619, 0.0)
(38.463608, 24.786814, 0.0)
(38.739483, 24.646612, 0.0)
(41.561142, 22.814837, 0.0)
(42.358070, 22.390944, 0.0)
(42.328911, 22.478853, 0.0)
(42.263935, 22.593966, 0.0)
(42.278866, 22.605801, 0.0)
(42.318359, 22.609901, 0.0)
(42.785423, 22.897312, 0.0)
(42.784294, 22.902754, 0.0)
(42.764622, 22.893236, 0.0)
(42.770412, 22.893719, 0.0)
(42.757000, 22.879904, 0.0)
(42.744423, 22.908495, 0.0)
(42.714489, 22.871471, 0.0)
(42.686119, 22.926008, 0.0)
(42.654263, 22.870241, 0.0)
(42.651985, 22.882540, 0.0)
(42.641979, 22.870516, 0.0)
(42.618168, 22.873297, 0.0)
(42.609760, 22.890310, 0.0)
(42.635464, 22.884302, 0.0)
(42.073299, 22.921423, 0.0)
(40.889805, 23.567270, 0.0)
(40.870556, 23.593052, 0.0)
(40.899097, 23.542072, 0.0)
(40.881664, 23.545874, 0.0)
(40.838455, 23.554655, 0.0)
(40.811684, 23.565182, 0.0)
(40.827888, 23.543867, 0.0)
(40.865093, 23.527319, 0.0)
(40.878300, 23.483658, 0.0)
(40.872028, 23.429256, 0.0)
(40.852142, 23.441061, 0.0)
(40.836662, 23.438330, 0.0)
(40.793808, 23.440830, 0.0)
(40.781094, 23.478388, 0.0)
(40.938786, 23.616364, 0.0)
(43.307289, 27.790588, 0.0)
(43.380066, 29.974260, 0.0)
(43.224148, 30.186752, 0.0)
(43.212418, 30.038946, 0.0)
(43.187977, 29.951323, 0.0)
(43.177631, 29.936790, 0.0)
(43.278461, 30.646366, 0.0)
(43.238956, 30.704872, 0.0)
(43.242027, 30.563684, 0.0)
(43.222832, 30.534323, 0.0)
(43.217770, 30.516090, 0.0)
(43.189369, 30.499809, 0.0)
(43.166752, 30.493782, 0.0)
(43.052025, 30.329935, 0.0)
(42.961758, 32.053169, 0.0)
(42.287350, 31.401745, 0.0)
(42.598400, 31.031532, 0.0)
(42.714470, 30.656456, 0.0)
(42.738205, 30.442150, 0.0)
(42.732079, 30.480982, 0.0)
(42.730961, 30.454603, 0.0)
(42.720009, 30.435610, 0.0)
(42.708786, 30.397573, 0.0)
(42.708786, 30.397573, 0.0)
(42.680225, 30.413788, 0.0)
(42.692043, 30.376200, 0.0)
(42.709232, 30.356915, 0.0)
(42.694923, 30.371546, 0.0)
(42.689651, 30.412359, 0.0)
(42.694946, 30.420004, 0.0)
(42.703911, 30.323475, 0.0)
(42.681320, 30.336433, 0.0)
(42.677113, 30.355246, 0.0)
(42.661655, 30.342297, 0.0)
(40.350189, 28.181704, 0.0)
(36.460152, 24.472467, 0.0)
(34.423767, 23.010496, 0.0)
(34.406010, 22.768618, 0.0)
(34.423122, 22.731548, 0.0)
(34.420761, 22.740133, 0.0)
(34.405323, 22.711712, 0.0)
(34.390762, 22.745378, 0.0)
(34.381256, 22.794764, 0.0)
(34.107376, 22.915499, 0.0)
(34.076473, 22.982599, 0.0)
(33.986149, 23.051626, 0.0)
(33.959114, 23.058537, 0.0)
(33.899036, 23.074383, 0.0)
(33.799263, 23.068188, 0.0)
(33.801498, 23.023859, 0.0)
(33.809269, 22.992437, 0.0)
(33.773758, 22.992077, 0.0)
(33.774403, 22.999121, 0.0)
(33.932293, 23.113892, 0.0)
(33.940674, 23.115961, 0.0)
(33.917580, 23.093536, 0.0)
(33.898182, 23.090084, 0.0)
(33.871346, 23.068405, 0.0)
(33.863346, 23.104628, 0.0)
(33.854580, 23.075178, 0.0)
(33.866322, 23.058588, 0.0)
(33.855373, 23.089733, 0.0)
(33.844460, 23.083538, 0.0)
(33.844460, 23.080044, 0.0)
(33.861767, 23.056744, 0.0)
(33.884766, 23.015881, 0.0)
(33.856564, 23.025007, 0.0)
(33.854630, 23.044832, 0.0)
(33.826962, 23.025806, 0.0)
(33.813465, 23.071329, 0.0)
(33.782417, 23.074768, 0.0)
(33.834385, 23.084393, 0.0)
(36.221745, 26.385738, 0.0)
(36.871548, 28.663774, 0.0)
(36.834259, 28.858829, 0.0)
(36.768749, 28.713617, 0.0)
(36.762867, 28.658218, 0.0)
(36.960274, 29.178123, 0.0)
(36.974209, 29.507872, 0.0)
(36.952194, 29.461161, 0.0)
(36.963516, 29.348360, 0.0)
(36.905518, 29.399240, 0.0)
(36.874325, 29.404892, 0.0)
(36.989410, 29.493675, 0.0)
(37.006130, 29.523962, 0.0)
(36.995712, 29.536804, 0.0)
(36.994713, 29.533531, 0.0)
(36.979687, 29.553867, 0.0)
(36.988556, 29.569599, 0.0)
(36.974293, 29.595867, 0.0)
(36.984997, 29.622452, 0.0)
(36.911125, 29.610308, 0.0)
(36.896225, 29.619698, 0.0)
(36.853584, 29.637722, 0.0)
(36.795692, 29.317076, 0.0)
(36.638874, 25.839121, 0.0)
(36.690582, 23.359755, 0.0)
(36.716511, 23.124119, 0.0)
(36.691135, 23.215240, 0.0)
(36.660030, 23.265339, 0.0)
(36.641624, 23.303324, 0.0)
(36.635868, 23.369846, 0.0)
(36.621799, 23.380661, 0.0)
(36.592293, 23.345020, 0.0)
(36.589703, 23.309027, 0.0)
(36.583885, 23.308573, 0.0)
(36.539436, 23.337683, 0.0)
(36.452171, 23.347790, 0.0)
(36.473156, 23.347612, 0.0)
(36.538250, 23.332077, 0.0)
(39.173393, 22.998409, 0.0)
(42.076332, 23.255018, 0.0)
(43.115311, 23.479128, 0.0)
(43.090080, 23.582846, 0.0)
(43.057533, 23.597889, 0.0)
(43.016949, 23.657707, 0.0)
(43.390003, 23.589592, 0.0)
(43.405983, 23.628054, 0.0)
(43.360954, 23.677567, 0.0)
(43.340343, 23.718237, 0.0)
(43.328770, 23.738224, 0.0)
(43.331783, 23.726496, 0.0)
(43.306358, 23.741827, 0.0)
(43.295425, 23.754324, 0.0)
(43.287914, 23.764381, 0.0)
(43.265656, 23.769199, 0.0)
(43.239590, 23.738373, 0.0)
(43.257023, 23.704960, 0.0)
(43.217743, 23.700209, 0.0)
(43.105831, 23.601944, 0.0)
(42.164127, 23.229700, 0.0)
(42.131947, 23.280972, 0.0)
(42.153259, 23.276863, 0.0)
(42.140583, 23.216442, 0.0)
(42.156952, 23.249874, 0.0)
(42.178787, 23.278234, 0.0)
(42.191586, 23.284542, 0.0)
(42.174129, 23.277073, 0.0)
(42.190323, 23.301765, 0.0)
(42.207008, 23.247183, 0.0)
(42.240833, 23.225838, 0.0)
(42.274174, 23.205509, 0.0)
(42.277725, 23.238640, 0.0)
(42.247906, 23.222124, 0.0)
(42.239292, 23.234804, 0.0)
(42.252060, 23.221806, 0.0)
(42.276337, 23.199390, 0.0)
(42.592049, 23.935875, 0.0)
(42.832928, 27.020054, 0.0)
(42.392635, 27.834862, 0.0)
(42.294403, 27.789251, 0.0)
(42.218868, 27.744041, 0.0)
(42.127724, 27.733475, 0.0)
(42.083603, 27.694614, 0.0)
(42.027283, 27.796103, 0.0)
(42.126305, 27.879326, 0.0)
(42.233391, 27.787384, 0.0)
(42.339600, 27.733616, 0.0)
(42.404545, 27.753527, 0.0)
(42.535900, 27.802452, 0.0)
(42.547520, 27.782963, 0.0)
(42.461533, 27.800556, 0.0)
(42.369659, 27.822247, 0.0)
(42.295883, 27.833027, 0.0)
(42.205120, 27.893988, 0.0)
(42.173721, 27.865602, 0.0)
(42.212025, 27.874229, 0.0)
(42.234447, 27.862389, 0.0)
(42.237965, 27.860815, 0.0)
(42.217888, 27.865187, 0.0)
(41.640244, 27.468138, 0.0)
(38.951202, 25.096018, 0.0)
(36.876083, 24.021608, 0.0)
(36.833942, 24.089266, 0.0)
(36.835777, 24.099007, 0.0)
(36.830841, 24.124035, 0.0)
(36.757801, 24.150145, 0.0)
(36.674702, 24.212126, 0.0)
(36.651501, 24.270575, 0.0)
(36.668098, 24.242609, 0.0)
(36.766563, 24.231873, 0.0)
(36.839756, 24.207792, 0.0)
(36.868286, 24.207663, 0.0)
(36.858139, 24.252884, 0.0)
(36.583858, 25.009611, 0.0)
(35.700039, 28.719500, 0.0)
(35.652859, 29.445654, 0.0)
(35.611557, 29.380077, 0.0)
(35.555027, 29.298340, 0.0)
(35.542759, 29.331417, 0.0)
(35.569538, 29.322477, 0.0)
(35.130653, 29.405745, 0.0)
(35.071239, 29.431683, 0.0)
(35.033440, 29.446049, 0.0)
(35.009731, 29.450914, 0.0)
(34.995464, 29.426340, 0.0)
(35.001896, 29.422607, 0.0)
(34.746761, 29.352640, 0.0)
(34.674492, 29.328604, 0.0)
(34.667957, 29.344173, 0.0)
(34.687904, 29.349699, 0.0)
(34.642532, 29.366835, 0.0)
(34.591042, 29.405071, 0.0)
(34.600574, 29.468172, 0.0)
(34.586700, 29.517834, 0.0)
(34.567539, 29.509111, 0.0)
(34.583702, 29.477133, 0.0)
(34.606316, 29.462420, 0.0)
(34.605816, 29.461643, 0.0)
(34.609100, 29.469528, 0.0)
(34.617214, 29.473024, 0.0)
(34.636040, 29.411877, 0.0)
(35.502975, 27.245199, 0.0)
(35.860786, 26.082851, 0.0)
(35.739487, 25.964344, 0.0)
(35.681965, 26.012020, 0.0)
(35.728729, 25.956230, 0.0)
(35.780170, 25.969086, 0.0)
(35.832478, 25.986067, 0.0)
(35.850487, 25.960409, 0.0)
(35.850998, 25.977167, 0.0)
(35.838261, 25.885515, 0.0)
(37.767342, 22.582693, 0.0)
(38.290115, 20.666697, 0.0)
(38.283306, 20.702625, 0.0)
(38.250153, 20.865314, 0.0)
(38.223179, 20.944696, 0.0)
(38.251328, 20.988281, 0.0)
(38.231014, 21.011017, 0.0)
(38.219543, 21.095892, 0.0)
(38.219841, 21.106392, 0.0)
(38.227978, 21.103590, 0.0)
(38.313530, 21.019251, 0.0)
(38.312222, 21.066595, 0.0)
(38.285038, 21.068211, 0.0)
(38.303093, 21.074247, 0.0)
(38.264744, 21.057301, 0.0)
(38.257439, 21.066706, 0.0)
(38.269638, 21.040762, 0.0)
(38.310799, 21.066113, 0.0)
(38.296589, 21.053591, 0.0)
(38.312366, 21.068729, 0.0)
(38.308392, 21.064640, 0.0)
(38.286823, 21.078260, 0.0)
(38.279842, 21.130648, 0.0)
(38.264210, 21.138159, 0.0)
(38.263565, 21.169708, 0.0)
(38.263100, 21.178207, 0.0)
(38.265274, 21.189035, 0.0)
(38.222618, 21.356777, 0.0)
(36.845913, 23.795116, 0.0)
(36.177002, 25.530464, 0.0)
(36.115608, 25.533304, 0.0)
(36.095421, 25.471601, 0.0)
(36.095390, 25.455065, 0.0)
(36.083008, 25.446321, 0.0)
(36.075340, 25.424412, 0.0)
(36.059757, 25.371546, 0.0)
(36.061699, 25.329823, 0.0)
(35.889805, 25.338789, 0.0)
(32.723663, 26.231424, 0.0)
(32.294975, 26.506693, 0.0)
(32.341671, 26.497700, 0.0)
(32.360325, 26.477621, 0.0)
(32.354252, 26.453945, 0.0)
(32.291550, 26.854723, 0.0)
(32.278526, 26.871847, 0.0)
(32.268559, 26.816748, 0.0)
(32.269238, 26.779013, 0.0)
(32.285843, 26.775585, 0.0)
(32.287785, 26.768204, 0.0)
(32.245991, 26.740364, 0.0)
(32.221157, 26.749668, 0.0)
(32.211704, 26.776922, 0.0)
(32.203106, 26.748396, 0.0)
(32.203445, 26.722219, 0.0)
(32.215683, 26.721682, 0.0)
(32.247021, 26.705973, 0.0)
(32.253532, 26.750618, 0.0)
(32.260460, 26.717833, 0.0)
(32.236717, 26.708004, 0.0)
(32.235058, 26.717302, 0.0)
(32.226883, 26.715170, 0.0)
(32.244549, 26.728436, 0.0)
(32.264675, 26.708929, 0.0)
(32.249130, 26.713596, 0.0)
(32.250092, 26.729973, 0.0)
(32.243931, 26.719999, 0.0)
(32.259335, 26.710960, 0.0)
(32.261631, 26.720640, 0.0)
(32.261631, 26.720640, 0.0)
(32.250832, 26.690598, 0.0)
(32.219536, 26.652060, 0.0)
(32.204998, 26.685272, 0.0)
(32.205498, 26.670643, 0.0)
(33.263523, 26.171089, 0.0)
(37.319706, 24.905680, 0.0)
(40.531727, 25.296011, 0.0)
(41.271606, 25.481787, 0.0)
(41.243664, 25.514248, 0.0)
(41.228580, 25.546070, 0.0)
(41.229561, 25.487228, 0.0)
(41.229679, 24.938051, 0.0)
(41.249428, 24.949146, 0.0)
(41.225029, 25.000856, 0.0)
(41.218372, 25.032137, 0.0)
(41.227005, 24.998556, 0.0)
(41.242199, 24.994486, 0.0)
(41.250698, 25.007030, 0.0)
(41.258057, 25.059641, 0.0)
(41.314125, 25.127228, 0.0)
(41.337502, 25.163738, 0.0)
(41.359058, 25.168432, 0.0)
(41.410721, 25.215595, 0.0)
(41.416241, 25.146843, 0.0)
(41.416946, 25.115047, 0.0)
(41.412601, 25.109682, 0.0)
(41.377361, 25.129618, 0.0)
(41.383461, 25.131086, 0.0)
(41.395321, 25.119774, 0.0)
(41.391281, 25.178095, 0.0)
(41.378918, 25.193666, 0.0)
(41.400928, 25.192434, 0.0)
(41.400482, 25.199179, 0.0)
(41.397369, 25.203419, 0.0)
(41.391708, 25.210464, 0.0)
(41.399052, 25.224604, 0.0)
(41.400364, 25.256758, 0.0)
(41.420780, 25.263720, 0.0)
(41.423809, 25.265728, 0.0)
(41.423809, 25.265728, 0.0)
(41.427479, 25.295622, 0.0)
(41.433525, 25.287355, 0.0)
(41.437366, 25.260958, 0.0)
(39.602749, 23.912199, 0.0)
(38.291370, 22.668070, 0.0)
(38.284157, 22.716080, 0.0)
(38.253784, 22.725780, 0.0)
(38.249947, 22.771667, 0.0)
(38.258743, 22.798037, 0.0)
(38.386978, 22.555061, 0.0)
(38.412228, 22.564787, 0.0)
(38.394135, 22.612116, 0.0)
(38.379284, 22.629293, 0.0)
(38.376266, 22.605621, 0.0)
(38.374485, 22.586737, 0.0)
(38.379230, 22.551579, 0.0)
(38.288399, 22.376909, 0.0)
(38.519615, 23.439316, 0.0)
(38.520737, 22.653315, 0.0)
(38.389313, 22.321829, 0.0)
(38.395344, 22.263945, 0.0)
(38.431206, 22.307484, 0.0)
(38.378166, 22.201866, 0.0)
(38.379402, 22.203796, 0.0)
(38.083916, 22.469498, 0.0)
(36.042282, 24.080238, 0.0)
(35.895809, 24.145025, 0.0)
(35.950085, 24.147419, 0.0)
(35.905060, 24.139235, 0.0)
(35.908485, 24.094687, 0.0)
(35.919170, 24.080486, 0.0)
(35.942570, 24.093962, 0.0)
(35.965317, 24.111036, 0.0)
(35.973259, 24.091518, 0.0)
(35.980858, 24.072456, 0.0)
(35.981140, 24.064707, 0.0)
(35.146847, 24.477526, 0.0)
(33.682232, 25.698524, 0.0)
(33.600685, 25.745905, 0.0)
(33.601154, 25.706089, 0.0)
(33.563019, 25.651402, 0.0)
(33.554489, 25.683887, 0.0)
(33.558556, 25.678394, 0.0)
(33.526890, 25.708401, 0.0)
(33.525448, 25.697527, 0.0)
(33.606449, 25.652723, 0.0)
(33.646992, 25.614969, 0.0)
(33.630505, 25.598640, 0.0)
(33.626522, 25.602373, 0.0)
(33.621082, 25.638504, 0.0)
(33.599758, 25.606129, 0.0)
(33.602482, 25.625334, 0.0)
(33.558464, 25.624245, 0.0)
(33.569199, 25.608137, 0.0)
(33.577995, 25.590834, 0.0)
(33.586121, 25.605757, 0.0)
(33.576298, 25.609079, 0.0)
(33.566948, 25.640352, 0.0)
(33.572128, 25.614027, 0.0)
(33.563686, 25.643932, 0.0)
(33.567635, 25.602989, 0.0)
(33.553272, 25.601944, 0.0)
(33.532757, 25.620054, 0.0)
(33.536591, 25.647621, 0.0)
(33.514198, 25.652769, 0.0)
(33.521797, 25.675837, 0.0)
(33.522110, 25.698210, 0.0)
(33.520741, 25.694868, 0.0)
(33.525311, 25.713753, 0.0)
(33.518063, 25.723539, 0.0)
(33.483738, 25.680498, 0.0)
(33.484863, 25.704746, 0.0)
(34.662380, 25.519726, 0.0)
(38.037346, 25.184559, 0.0)
(38.146446, 25.229219, 0.0)
(38.039234, 25.277985, 0.0)
(37.988171, 25.292860, 0.0)
(38.013313, 25.311523, 0.0)
(38.357265, 25.181601, 0.0)
(38.427746, 25.162216, 0.0)
(38.412876, 25.149757, 0.0)
(38.419289, 25.182720, 0.0)
(38.394173, 25.175455, 0.0)
(38.390881, 25.205965, 0.0)
(38.396267, 25.202633, 0.0)
(38.396458, 25.222649, 0.0)
(38.420727, 25.206984, 0.0)
(38.448154, 25.192987, 0.0)
(38.463943, 25.176159, 0.0)
(38.471531, 25.177649, 0.0)
(38.497612, 25.176254, 0.0)
(38.510033, 25.181639, 0.0)
(38.517601, 25.161392, 0.0)
(38.535393, 25.013823, 0.0)
(38.531277, 24.967522, 0.0)
(38.524250, 24.978674, 0.0)
(38.537201, 24.980133, 0.0)
(38.541988, 24.974655, 0.0)
(38.530586, 24.992319, 0.0)
(38.541687, 24.998178, 0.0)
(38.533363, 24.990862, 0.0)
(38.521305, 25.001621, 0.0)
(38.528896, 25.008356, 0.0)
(38.551205, 24.982798, 0.0)
(38.570889, 24.999306, 0.0)
(38.577209, 24.985590, 0.0)
(38.560978, 25.017296, 0.0)
(38.522804, 25.010569, 0.0)
(38.527851, 24.990746, 0.0)
(38.528351, 24.959019, 0.0)
(38.547459, 24.970871, 0.0)
(40.208908, 24.347883, 0.0)
(42.191650, 23.682301, 0.0)
(42.395252, 23.548025, 0.0)
(42.328190, 23.584669, 0.0)
(42.320034, 23.608469, 0.0)
(42.496696, 23.736012, 0.0)
(42.501759, 23.802221, 0.0)
(42.443672, 23.869629, 0.0)
(42.438351, 23.844534, 0.0)
(42.441105, 23.849520, 0.0)
(42.449982, 23.832211, 0.0)
(42.442753, 23.842375, 0.0)
(42.448318, 23.844458, 0.0)
(42.467667, 23.865131, 0.0)
(42.456684, 23.895397, 0.0)
(42.507366, 23.886707, 0.0)
(42.004166, 23.685581, 0.0)
(41.599628, 23.586954, 0.0)
(41.624428, 23.602652, 0.0)
(41.644920, 23.619377, 0.0)
(41.642212, 23.621059, 0.0)
(41.706097, 23.675568, 0.0)
(42.443287, 23.949055, 0.0)
(42.484982, 23.969736, 0.0)
(42.449745, 23.986546, 0.0)
(42.430355, 24.003473, 0.0)
(42.414200, 23.950720, 0.0)
(42.419422, 23.965046, 0.0)
(42.394077, 23.967131, 0.0)
(42.386482, 23.995266, 0.0)
(42.399605, 23.981396, 0.0)
(42.405792, 23.988289, 0.0)
(42.412407, 23.999287, 0.0)
(42.282459, 23.921928, 0.0)
(40.073650, 23.794611, 0.0)
(38.719627, 24.350573, 0.0)
(38.722595, 24.321865, 0.0)
(38.735172, 24.254078, 0.0)
(38.730526, 24.226721, 0.0)
(38.726555, 24.210590, 0.0)
(38.701141, 24.191763, 0.0)
(38.673683, 24.127546, 0.0)
(38.613285, 24.274866, 0.0)
(37.089668, 26.666464, 0.0)
(36.637016, 26.996233, 0.0)
(36.630665, 26.948181, 0.0)
(36.618439, 26.853148, 0.0)
(36.618462, 26.838200, 0.0)
(36.639095, 26.742968, 0.0)
(35.746532, 26.835392, 0.0)
(32.142384, 27.571234, 0.0)
(31.118601, 28.007341, 0.0)
(31.064251, 28.059071, 0.0)
(31.129028, 28.056417, 0.0)
(31.122353, 28.065163, 0.0)
(31.099579, 28.053637, 0.0)
(31.090960, 28.008770, 0.0)
(31.086119, 28.007988, 0.0)
(31.097286, 28.023172, 0.0)
(31.538750, 27.896809, 0.0)
(31.577971, 27.844652, 0.0)
(31.505342, 27.840870, 0.0)
(31.514362, 27.863222, 0.0)
(31.508486, 27.853304, 0.0)
(31.506264, 27.847311, 0.0)
(31.515314, 27.853085, 0.0)
(31.506983, 27.844439, 0.0)
(31.503799, 27.861439, 0.0)
(31.485268, 27.859047, 0.0)
(31.494539, 27.872652, 0.0)
(31.472773, 27.863344, 0.0)
(31.440056, 27.887445, 0.0)
(31.429012, 27.900309, 0.0)
(31.425968, 27.912384, 0.0)
(31.459074, 27.912947, 0.0)
(34.543030, 27.091841, 0.0)
(37.819626, 27.087927, 0.0)
(38.044937, 27.220358, 0.0)
(37.943371, 27.249262, 0.0)
(37.927326, 27.238585, 0.0)
(37.922092, 27.256983, 0.0)
(38.316360, 26.973875, 0.0)
(38.368729, 26.909779, 0.0)
(38.323006, 26.916307, 0.0)
(38.329422, 26.935820, 0.0)
(38.345032, 26.959873, 0.0)
(38.360455, 26.980894, 0.0)
(38.368530, 26.971428, 0.0)
(38.387329, 26.983242, 0.0)
(38.403465, 26.992491, 0.0)
(38.461689, 27.006451, 0.0)
(38.459484, 27.009882, 0.0)
(38.488476, 26.957806, 0.0)
(38.466694, 26.955233, 0.0)
(38.449150, 26.992527, 0.0)
(38.438957, 26.994284, 0.0)
(38.426865, 27.012772, 0.0)
(38.450405, 26.995108, 0.0)
(38.686390, 26.807474, 0.0)
(39.175678, 26.098480, 0.0)
(39.184288, 26.114384, 0.0)
(39.194935, 26.131020, 0.0)
(39.224106, 26.159309, 0.0)
(39.213341, 26.194372, 0.0)
(39.214924, 26.189373, 0.0)
(39.186295, 26.199978, 0.0)
(39.186710, 26.196621, 0.0)
(39.184452, 26.188658, 0.0)
(39.183464, 26.147158, 0.0)
(39.191189, 26.160646, 0.0)
(39.198975, 26.152773, 0.0)
(39.168846, 26.134089, 0.0)
(39.176731, 26.153519, 0.0)
(39.152058, 26.106018, 0.0)
(39.138729, 26.100000, 0.0)
(39.098591, 25.051420, 0.0)
(39.218819, 23.808804, 0.0)
(39.199890, 23.767231, 0.0)
(39.201508, 23.821434, 0.0)
(39.166714, 23.815790, 0.0)
(39.171299, 23.815784, 0.0)
(39.163319, 23.821444, 0.0)
(39.166672, 23.832922, 0.0)
(38.989159, 23.846561, 0.0)
(35.954086, 24.401896, 0.0)
(33.556267, 25.336323, 0.0)
(33.510307, 25.329754, 0.0)
(33.584770, 25.316702, 0.0)
(33.593273, 25.309092, 0.0)
(33.564987, 25.326008, 0.0)
(33.559105, 25.351494, 0.0)
(33.525139, 25.385777, 0.0)
(33.540344, 25.407108, 0.0)
(33.533371, 25.440966, 0.0)
(33.552853, 25.405487, 0.0)
(33.650097, 25.336079, 0.0)
(36.583073, 23.431488, 0.0)
(39.037308, 23.119814, 0.0)
(39.028172, 23.212307, 0.0)
(38.922611, 23.254223, 0.0)
(38.906155, 23.241646, 0.0)
(38.904053, 23.295252, 0.0)
(38.901260, 23.312237, 0.0)
(38.878265, 23.308678, 0.0)
(38.882225, 23.301924, 0.0)
(38.899738, 23.337914, 0.0)
(38.908817, 23.348207, 0.0)
(39.144859, 23.459274, 0.0)
(41.211403, 24.565943, 0.0)
(41.239635, 24.605259, 0.0)
(41.201851, 24.597828, 0.0)
(41.176506, 24.622009, 0.0)
(41.178139, 24.597553, 0.0)
(41.180115, 24.617144, 0.0)
(41.173637, 24.579975, 0.0)
(41.168133, 24.590874, 0.0)
(41.185669, 24.612583, 0.0)
(39.962711, 24.293034, 0.0)
(37.259953, 24.140123, 0.0)
(36.996811, 24.187778, 0.0)
(37.067421, 24.156324, 0.0)
(37.098553, 24.134647, 0.0)
(37.103542, 24.119877, 0.0)
(37.055660, 24.199677, 0.0)
(33.740124, 27.502815, 0.0)
(33.849712, 26.586412, 0.0)
(33.847870, 26.127211, 0.0)
(33.799706, 25.973059, 0.0)
(33.806614, 25.810097, 0.0)
(33.810577, 25.789808, 0.0)
(33.975956, 25.724167, 0.0)
(37.081146, 25.618294, 0.0)
(38.458725, 25.685572, 0.0)
(38.457680, 25.658791, 0.0)
(38.424446, 25.664038, 0.0)
(38.430283, 25.641623, 0.0)
(38.440338, 25.632143, 0.0)
(38.438148, 25.624670, 0.0)
(38.429253, 25.647348, 0.0)
(38.427174, 25.661192, 0.0)
(38.440620, 25.634813, 0.0)
(38.452461, 25.658409, 0.0)
(38.429688, 25.656439, 0.0)
(38.431255, 25.656033, 0.0)
(38.439266, 25.666649, 0.0)
(38.437412, 25.662582, 0.0)
(38.434143, 25.673120, 0.0)
(38.434143, 25.673120, 0.0)
(38.441570, 25.677822, 0.0)
(39.069248, 26.017416, 0.0)
(41.453033, 27.703205, 0.0)
(41.785339, 28.094467, 0.0)
(41.756866, 28.062178, 0.0)
(41.737198, 28.041510, 0.0)
(41.747711, 27.946043, 0.0)
(41.754879, 27.909813, 0.0)
(41.744865, 27.899790, 0.0)
(41.730530, 27.895004, 0.0)
(41.729671, 27.916780, 0.0)
(41.708508, 27.892838, 0.0)
(41.671246, 27.909187, 0.0)
(41.507420, 27.701948, 0.0)
(40.847977, 27.108847, 0.0)
(39.613873, 26.357363, 0.0)
(38.369942, 27.531361, 0.0)
