{
  "prompt": "black pupil.",
  "gsam2_centers": [
    {
      "valid": true,
      "cx": 150.26,
      "cy": 107.14,
      "area": 506,
      "det_score": 0.4018,
      "sam_score": 0.9596,
      "box": [
        137.9,
        93.9,
        163.8,
        121.2
      ],
      "repeats": [
        [
          150.25,
          107.11
        ],
        [
          150.34,
          107.17
        ],
        [
          150.29000000000002,
          107.08
        ],
        [
          150.38,
          107.04
        ],
        [
          151.57,
          107.04
        ]
      ],
      "idx": 1005,
      "mislabel": false,
      "mislabel_reason": "ok",
      "e_unet": 1.05
    },
    {
      "valid": true,
      "cx": 150.32,
      "cy": 106.97,
      "area": 499,
      "det_score": 0.4055,
      "sam_score": 0.9598,
      "box": [
        137.9,
        93.8,
        163.8,
        120.8
      ],
      "repeats": [
        [
          150.24,
          107.02
        ],
        [
          150.37,
          107.0
        ],
        [
          150.32,
          106.99
        ],
        [
          150.38,
          106.95
        ],
        [
          151.53,
          106.95
        ]
      ],
      "idx": 1006,
      "mislabel": false,
      "mislabel_reason": "ok",
      "e_unet": 1.01
    },
    {
      "valid": true,
      "cx": 150.20999999999998,
      "cy": 106.95,
      "area": 499,
      "det_score": 0.4235,
      "sam_score": 0.9589,
      "box": [
        137.9,
        93.6,
        163.7,
        120.7
      ],
      "repeats": [
        [
          150.12,
          106.88
        ],
        [
          150.22,
          106.96
        ],
        [
          150.18,
          106.84
        ],
        [
          150.26,
          106.92
        ],
        [
          151.39,
          106.74
        ]
      ],
      "idx": 1007,
      "mislabel": false,
      "mislabel_reason": "ok",
      "e_unet": 1.04
    },
    {
      "valid": true,
      "cx": 150.3,
      "cy": 106.77,
      "area": 497,
      "det_score": 0.4082,
      "sam_score": 0.9579,
      "box": [
        138.0,
        93.6,
        163.7,
        120.7
      ],
      "repeats": [
        [
          150.25,
          106.87
        ],
        [
          150.42000000000002,
          106.82
        ],
        [
          150.32999999999998,
          106.77
        ],
        [
          150.39,
          106.8
        ],
        [
          151.55,
          106.75
        ]
      ],
      "idx": 1008,
      "mislabel": false,
      "mislabel_reason": "ok",
      "e_unet": 0.98
    },
    {
      "valid": true,
      "cx": 159.83,
      "cy": 103.98,
      "area": 512,
      "det_score": 0.3844,
      "sam_score": 0.9567,
      "box": [
        146.8,
        90.6,
        173.9,
        117.4
      ],
      "repeats": [
        [
          159.64,
          103.99
        ],
        [
          159.87,
          104.02
        ],
        [
          159.89,
          103.98
        ],
        [
          159.86,
          103.9
        ],
        [
          160.76,
          103.99
        ]
      ],
      "idx": 1009,
      "mislabel": false,
      "mislabel_reason": "ok",
      "e_unet": 1.13
    },
    {
      "valid": true,
      "cx": 183.54,
      "cy": 95.3,
      "area": 487,
      "det_score": 0.3879,
      "sam_score": 0.9609,
      "box": [
        170.0,
        83.3,
        197.9,
        107.6
      ],
      "repeats": [
        [
          183.58,
          95.2
        ],
        [
          183.58,
          95.39
        ],
        [
          183.57,
          95.33
        ],
        [
          183.67,
          95.14
        ],
        [
          184.64,
          95.3
        ]
      ],
      "idx": 1010,
      "mislabel": false,
      "mislabel_reason": "ok",
      "e_unet": 0.99
    },
    {
      "valid": true,
      "cx": 191.7,
      "cy": 91.92,
      "area": 479,
      "det_score": 0.3947,
      "sam_score": 0.9622,
      "box": [
        178.4,
        80.3,
        206.1,
        103.8
      ],
      "repeats": [
        [
          191.7,
          91.86
        ],
        [
          191.7,
          91.96
        ],
        [
          191.67,
          91.92
        ],
        [
          191.9,
          91.81
        ],
        [
          192.86,
          91.96
        ]
      ],
      "idx": 1011,
      "mislabel": false,
      "mislabel_reason": "ok",
      "e_unet": 1.03
    },
    {
      "valid": true,
      "cx": 193.06,
      "cy": 90.98,
      "area": 483,
      "det_score": 0.4049,
      "sam_score": 0.9597,
      "box": [
        179.9,
        79.4,
        207.2,
        102.8
      ],
      "repeats": [
        [
          193.04,
          90.91
        ],
        [
          193.2,
          91.0
        ],
        [
          193.14,
          90.99
        ],
        [
          193.59,
          90.98
        ],
        [
          194.25,
          90.93
        ]
      ],
      "idx": 1012,
      "mislabel": false,
      "mislabel_reason": "ok",
      "e_unet": 1.05
    },
    {
      "valid": true,
      "cx": 193.49,
      "cy": 90.6,
      "area": 485,
      "det_score": 0.4023,
      "sam_score": 0.9606,
      "box": [
        180.1,
        79.1,
        207.7,
        102.5
      ],
      "repeats": [
        [
          193.46,
          90.49
        ],
        [
          193.63,
          90.7
        ],
        [
          193.51,
          90.63
        ],
        [
          193.88,
          90.63
        ],
        [
          194.68,
          90.55
        ]
      ],
      "idx": 1013,
      "mislabel": false,
      "mislabel_reason": "ok",
      "e_unet": 1.06
    },
    {
      "valid": true,
      "cx": 193.74,
      "cy": 90.44,
      "area": 484,
      "det_score": 0.4047,
      "sam_score": 0.9615,
      "box": [
        180.3,
        78.8,
        208.2,
        102.5
      ],
      "repeats": [
        [
          193.76,
          90.31
        ],
        [
          193.79,
          90.57
        ],
        [
          193.82,
          90.46
        ],
        [
          194.04,
          90.28
        ],
        [
          194.93,
          90.31
        ]
      ],
      "idx": 1014,
      "mislabel": false,
      "mislabel_reason": "ok",
      "e_unet": 1.06
    },
    {
      "valid": true,
      "cx": 193.95,
      "cy": 90.17,
      "area": 471,
      "det_score": 0.393,
      "sam_score": 0.9613,
      "box": [
        180.7,
        78.8,
        208.3,
        102.0
      ],
      "repeats": [
        [
          193.88,
          90.11
        ],
        [
          193.98,
          90.22
        ],
        [
          193.94,
          90.2
        ],
        [
          194.21,
          90.18
        ],
        [
          195.05,
          90.14
        ]
      ],
      "idx": 1015,
      "mislabel": false,
      "mislabel_reason": "ok",
      "e_unet": 0.96
    }
  ]
}