{
  "prompt": "black pupil.",
  "gsam2_centers": [
    {
      "valid": true,
      "cx": 135.85,
      "cy": 103.89,
      "area": 412,
      "det_score": 0.4108,
      "sam_score": 0.9511,
      "box": [
        124.5,
        91.5,
        147.8,
        116.8
      ],
      "repeats": [
        [
          135.7,
          103.91
        ],
        [
          135.9,
          104.0
        ],
        [
          135.70999999999998,
          104.05
        ],
        [
          136.07,
          103.72
        ],
        [
          136.94,
          103.99
        ]
      ],
      "idx": 2407,
      "mislabel": false,
      "mislabel_reason": "ok",
      "e_unet": 1.09
    },
    {
      "valid": true,
      "cx": 135.85,
      "cy": 102.07,
      "area": 412,
      "det_score": 0.384,
      "sam_score": 0.9497,
      "box": [
        124.8,
        89.6,
        147.9,
        114.8
      ],
      "repeats": [
        [
          135.78,
          102.06
        ],
        [
          135.97,
          102.09
        ],
        [
          136.01,
          101.93
        ],
        [
          136.13,
          101.85
        ],
        [
          136.93,
          102.15
        ]
      ],
      "idx": 2408,
      "mislabel": false,
      "mislabel_reason": "ok",
      "e_unet": 0.93
    },
    {
      "valid": true,
      "cx": 135.99,
      "cy": 101.63,
      "area": 408,
      "det_score": 0.3958,
      "sam_score": 0.9485,
      "box": [
        124.8,
        89.3,
        148.0,
        114.4
      ],
      "repeats": [
        [
          135.73000000000002,
          101.85
        ],
        [
          136.04000000000002,
          101.76
        ],
        [
          135.94,
          101.66
        ],
        [
          136.15,
          101.52
        ],
        [
          137.17,
          101.81
        ]
      ],
      "idx": 2409,
      "mislabel": false,
      "mislabel_reason": "ok",
      "e_unet": 0.9
    },
    {
      "valid": true,
      "cx": 136.1,
      "cy": 101.25,
      "area": 404,
      "det_score": 0.4184,
      "sam_score": 0.9501,
      "box": [
        124.9,
        89.0,
        148.1,
        114.0
      ],
      "repeats": [
        [
          135.81,
          101.38
        ],
        [
          136.09,
          101.36
        ],
        [
          136.05,
          101.35
        ],
        [
          136.19,
          101.1
        ],
        [
          137.12,
          101.38
        ]
      ],
      "idx": 2410,
      "mislabel": false,
      "mislabel_reason": "ok",
      "e_unet": 0.96
    },
    {
      "valid": true,
      "cx": 136.09,
      "cy": 100.98,
      "area": 387,
      "det_score": 0.3999,
      "sam_score": 0.9516,
      "box": [
        125.1,
        88.8,
        148.0,
        113.6
      ],
      "repeats": [
        [
          135.9,
          101.07
        ],
        [
          136.17000000000002,
          101.05
        ],
        [
          136.13,
          101.0
        ],
        [
          136.23000000000002,
          100.94
        ],
        [
          137.13,
          101.11
        ]
      ],
      "idx": 2411,
      "mislabel": false,
      "mislabel_reason": "ok",
      "e_unet": 0.94
    },
    {
      "valid": true,
      "cx": 136.25,
      "cy": 97.3,
      "area": 361,
      "det_score": 0.3605,
      "sam_score": 0.9504,
      "box": [
        125.0,
        85.9,
        148.0,
        109.6
      ],
      "repeats": [
        [
          136.07,
          97.38
        ],
        [
          136.32999999999998,
          97.3
        ],
        [
          136.44,
          97.19
        ],
        [
          136.56,
          97.16
        ],
        [
          137.34,
          97.24
        ]
      ],
      "idx": 2412,
      "mislabel": false,
      "mislabel_reason": "ok",
      "e_unet": 0.89
    },
    {
      "valid": true,
      "cx": 137.41,
      "cy": 93.37,
      "area": 346,
      "det_score": 0.3576,
      "sam_score": 0.9482,
      "box": [
        125.9,
        82.2,
        148.4,
        105.1
      ],
      "repeats": [
        [
          137.07,
          93.31
        ],
        [
          137.48000000000002,
          93.37
        ],
        [
          137.76,
          93.28
        ],
        [
          137.61,
          93.31
        ],
        [
          138.06,
          93.46
        ]
      ],
      "idx": 2413,
      "mislabel": false,
      "mislabel_reason": "ok",
      "e_unet": 1.18
    }
  ]
}