{
  "prompt": "black pupil.",
  "gsam2_centers": [
    {
      "valid": true,
      "cx": 136.36,
      "cy": 132.56,
      "area": 570,
      "det_score": 0.4605,
      "sam_score": 0.9607,
      "box": [
        123.5,
        115.7,
        149.2,
        150.1
      ],
      "repeats": [
        [
          136.34,
          132.54000000000002
        ],
        [
          136.36,
          132.68
        ],
        [
          136.34,
          132.62
        ],
        [
          136.36,
          132.6
        ],
        [
          137.44,
          132.73000000000002
        ]
      ],
      "idx": 905,
      "mislabel": false,
      "mislabel_reason": "ok",
      "e_unet": 0.7
    },
    {
      "valid": true,
      "cx": 133.55,
      "cy": 134.45999999999998,
      "area": 522,
      "det_score": 0.4386,
      "sam_score": 0.9541,
      "box": [
        122.4,
        117.9,
        146.2,
        152.0
      ],
      "repeats": [
        [
          133.59,
          134.38
        ],
        [
          133.65,
          134.51
        ],
        [
          133.64,
          134.45
        ],
        [
          133.75,
          134.26
        ],
        [
          134.75,
          134.51999999999998
        ]
      ],
      "idx": 906,
      "mislabel": false,
      "mislabel_reason": "ok",
      "e_unet": 0.65
    },
    {
      "valid": true,
      "cx": 133.25,
      "cy": 134.28,
      "area": 519,
      "det_score": 0.4436,
      "sam_score": 0.9555,
      "box": [
        122.1,
        117.9,
        145.9,
        151.8
      ],
      "repeats": [
        [
          133.36,
          134.15
        ],
        [
          133.4,
          134.45
        ],
        [
          133.38,
          134.32999999999998
        ],
        [
          133.4,
          134.1
        ],
        [
          134.47,
          134.45999999999998
        ]
      ],
      "idx": 907,
      "mislabel": false,
      "mislabel_reason": "ok",
      "e_unet": 0.47
    },
    {
      "valid": true,
      "cx": 133.3,
      "cy": 134.11,
      "area": 511,
      "det_score": 0.4587,
      "sam_score": 0.9555,
      "box": [
        122.1,
        117.9,
        145.6,
        151.5
      ],
      "repeats": [
        [
          133.37,
          133.85
        ],
        [
          133.45,
          134.25
        ],
        [
          133.44,
          134.11
        ],
        [
          133.51999999999998,
          133.91
        ],
        [
          134.53,
          134.01999999999998
        ]
      ],
      "idx": 908,
      "mislabel": false,
      "mislabel_reason": "ok",
      "e_unet": 0.52
    },
    {
      "valid": true,
      "cx": 133.45,
      "cy": 134.2,
      "area": 498,
      "det_score": 0.4613,
      "sam_score": 0.9552,
      "box": [
        122.3,
        118.0,
        145.6,
        151.3
      ],
      "repeats": [
        [
          133.42000000000002,
          134.12
        ],
        [
          133.49,
          134.22
        ],
        [
          133.49,
          134.14
        ],
        [
          133.57,
          134.0
        ],
        [
          134.58,
          134.20999999999998
        ]
      ],
      "idx": 909,
      "mislabel": false,
      "mislabel_reason": "ok",
      "e_unet": 0.48
    },
    {
      "valid": true,
      "cx": 133.42000000000002,
      "cy": 134.14,
      "area": 486,
      "det_score": 0.466,
      "sam_score": 0.9534,
      "box": [
        122.5,
        118.3,
        145.4,
        151.1
      ],
      "repeats": [
        [
          133.47,
          134.11
        ],
        [
          133.41,
          134.42000000000002
        ],
        [
          133.34,
          134.43
        ],
        [
          133.48000000000002,
          134.14
        ],
        [
          134.63,
          134.25
        ]
      ],
      "idx": 910,
      "mislabel": false,
      "mislabel_reason": "ok",
      "e_unet": 0.28
    },
    {
      "valid": true,
      "cx": 133.5,
      "cy": 134.03,
      "area": 478,
      "det_score": 0.4624,
      "sam_score": 0.9544,
      "box": [
        122.4,
        118.3,
        145.3,
        151.0
      ],
      "repeats": [
        [
          133.45,
          134.01
        ],
        [
          133.47,
          134.26999999999998
        ],
        [
          133.43,
          134.20999999999998
        ],
        [
          133.56,
          133.98000000000002
        ],
        [
          134.6,
          134.14
        ]
      ],
      "idx": 911,
      "mislabel": false,
      "mislabel_reason": "ok",
      "e_unet": 0.41
    },
    {
      "valid": true,
      "cx": 133.47,
      "cy": 134.01999999999998,
      "area": 473,
      "det_score": 0.4657,
      "sam_score": 0.9548,
      "box": [
        122.5,
        118.5,
        145.3,
        150.7
      ],
      "repeats": [
        [
          133.5,
          133.9
        ],
        [
          133.51,
          134.13
        ],
        [
          133.48000000000002,
          134.12
        ],
        [
          133.57,
          133.86
        ],
        [
          134.66,
          134.05
        ]
      ],
      "idx": 912,
      "mislabel": false,
      "mislabel_reason": "ok",
      "e_unet": 0.39
    },
    {
      "valid": true,
      "cx": 133.5,
      "cy": 133.93,
      "area": 473,
      "det_score": 0.4768,
      "sam_score": 0.9531,
      "box": [
        122.4,
        118.3,
        145.3,
        150.6
      ],
      "repeats": [
        [
          133.45,
          133.94
        ],
        [
          133.48000000000002,
          134.12
        ],
        [
          133.47,
          134.09
        ],
        [
          133.55,
          133.87
        ],
        [
          134.64,
          134.0
        ]
      ],
      "idx": 913,
      "mislabel": false,
      "mislabel_reason": "ok",
      "e_unet": 0.41
    },
    {
      "valid": true,
      "cx": 133.2,
      "cy": 133.8,
      "area": 464,
      "det_score": 0.466,
      "sam_score": 0.9548,
      "box": [
        122.2,
        118.1,
        145.1,
        150.5
      ],
      "repeats": [
        [
          133.2,
          133.82
        ],
        [
          133.38,
          133.82999999999998
        ],
        [
          133.32999999999998,
          133.74
        ],
        [
          133.39,
          133.63
        ],
        [
          134.53,
          133.68
        ]
      ],
      "idx": 914,
      "mislabel": false,
      "mislabel_reason": "ok",
      "e_unet": 0.32
    },
    {
      "valid": true,
      "cx": 133.17000000000002,
      "cy": 133.69,
      "area": 459,
      "det_score": 0.4807,
      "sam_score": 0.9558,
      "box": [
        122.3,
        118.3,
        145.0,
        150.1
      ],
      "repeats": [
        [
          133.20999999999998,
          133.61
        ],
        [
          133.24,
          133.78
        ],
        [
          133.2,
          133.72
        ],
        [
          133.34,
          133.45999999999998
        ],
        [
          134.36,
          133.69
        ]
      ],
      "idx": 915,
      "mislabel": false,
      "mislabel_reason": "ok",
      "e_unet": 0.41
    }
  ]
}