motion_state,center_noise_n,center_noise_mean,center_noise_median,center_noise_p95,center_noise_p99,center_noise_max
Fixation,851,0.6644208545596156,0.614035443510971,1.3256648091485341,1.7044975359136498,3.1911204360499585
Saccade,1,0.8615137699667552,0.8615137699667552,0.8615137699667552,0.8615137699667552,0.8615137699667552
Smooth,973,0.7102596324470414,0.6327292982653765,1.4290123994264636,2.089101405340025,3.654777051559316
All,1825,0.6889678265047512,0.6262286606438666,1.395307444145361,1.9500736292347995,3.654777051559316
