motion_state,err_n,err_mean,err_median,err_p95,err_p99,err_max
Fixation,186810,1.8518168545764981,0.8390442132949829,7.664128446578974,15.996139783859265,43.88029479980469
Saccade,58,0.5325925339270254,0.5341253280639648,1.0079592674970625,1.4029899191856385,1.4064840078353882
Smooth,105021,1.6947443100115112,0.67848140001297,6.862052917480469,21.23586730957041,43.40218734741211
All,291889,1.7950403720322532,0.7734481692314148,7.563413810729963,18.02159866333007,43.88029479980469
