{
  "prompt": "black pupil.",
  "gsam2_centers": [
    {
      "valid": true,
      "cx": 126.28,
      "cy": 107.91,
      "area": 344,
      "det_score": 0.4347,
      "sam_score": 0.9514,
      "box": [
        116.4,
        96.8,
        136.9,
        119.5
      ],
      "repeats": [
        [
          126.31,
          107.57
        ],
        [
          126.27,
          108.32
        ],
        [
          126.33,
          107.67
        ],
        [
          126.49,
          107.47
        ],
        [
          127.38999999999999,
          108.04
        ]
      ],
      "idx": 1005,
      "mislabel": false,
      "mislabel_reason": "ok",
      "e_unet": 1.09
    },
    {
      "valid": true,
      "cx": 126.23,
      "cy": 107.64,
      "area": 343,
      "det_score": 0.4323,
      "sam_score": 0.9517,
      "box": [
        116.2,
        96.6,
        136.9,
        119.2
      ],
      "repeats": [
        [
          126.23,
          107.45
        ],
        [
          126.28,
          107.72
        ],
        [
          126.22,
          107.55
        ],
        [
          126.54,
          107.18
        ],
        [
          127.34,
          107.57
        ]
      ],
      "idx": 1006,
      "mislabel": false,
      "mislabel_reason": "ok",
      "e_unet": 1.11
    },
    {
      "valid": true,
      "cx": 126.28,
      "cy": 107.53,
      "area": 343,
      "det_score": 0.4413,
      "sam_score": 0.9514,
      "box": [
        116.1,
        96.6,
        136.9,
        119.2
      ],
      "repeats": [
        [
          126.27,
          107.4
        ],
        [
          126.19,
          107.84
        ],
        [
          126.22,
          107.41
        ],
        [
          126.42,
          107.09
        ],
        [
          127.33000000000001,
          107.5
        ]
      ],
      "idx": 1007,
      "mislabel": false,
      "mislabel_reason": "ok",
      "e_unet": 1.12
    },
    {
      "valid": true,
      "cx": 126.19,
      "cy": 107.63,
      "area": 345,
      "det_score": 0.4354,
      "sam_score": 0.9517,
      "box": [
        116.1,
        96.7,
        137.0,
        119.3
      ],
      "repeats": [
        [
          126.17,
          107.37
        ],
        [
          126.17,
          107.82
        ],
        [
          126.19,
          107.49
        ],
        [
          126.4,
          107.06
        ],
        [
          127.22999999999999,
          107.59
        ]
      ],
      "idx": 1008,
      "mislabel": false,
      "mislabel_reason": "ok",
      "e_unet": 1.16
    },
    {
      "valid": true,
      "cx": 126.11,
      "cy": 107.68,
      "area": 350,
      "det_score": 0.4342,
      "sam_score": 0.9533,
      "box": [
        116.0,
        96.7,
        136.9,
        119.4
      ],
      "repeats": [
        [
          126.11,
          107.51
        ],
        [
          126.19,
          107.95
        ],
        [
          126.09,
          107.6
        ],
        [
          126.38,
          107.22
        ],
        [
          127.24000000000001,
          107.74
        ]
      ],
      "idx": 1009,
      "mislabel": false,
      "mislabel_reason": "ok",
      "e_unet": 1.06
    },
    {
      "valid": true,
      "cx": 126.22,
      "cy": 107.92,
      "area": 347,
      "det_score": 0.445,
      "sam_score": 0.9519,
      "box": [
        116.1,
        96.8,
        136.9,
        119.5
      ],
      "repeats": [
        [
          126.28,
          107.6
        ],
        [
          126.23,
          108.17
        ],
        [
          126.23,
          107.74
        ],
        [
          126.43,
          107.35
        ],
        [
          127.27000000000001,
          108.01
        ]
      ],
      "idx": 1010,
      "mislabel": false,
      "mislabel_reason": "ok",
      "e_unet": 1.18
    },
    {
      "valid": true,
      "cx": 137.59,
      "cy": 100.06,
      "area": 361,
      "det_score": 0.3904,
      "sam_score": 0.9564,
      "box": [
        126.4,
        89.2,
        149.4,
        111.7
      ],
      "repeats": [
        [
          137.48000000000002,
          99.95
        ],
        [
          137.66,
          100.19
        ],
        [
          137.66,
          100.11
        ],
        [
          137.67000000000002,
          99.93
        ],
        [
          138.65,
          100.08
        ]
      ],
      "idx": 1011,
      "mislabel": false,
      "mislabel_reason": "ok",
      "e_unet": 1.14
    },
    {
      "valid": true,
      "cx": 155.84,
      "cy": 91.63,
      "area": 345,
      "det_score": 0.4282,
      "sam_score": 0.9522,
      "box": [
        144.1,
        81.9,
        168.5,
        101.8
      ],
      "repeats": [
        [
          155.87,
          91.53
        ],
        [
          155.92,
          91.69
        ],
        [
          155.88,
          91.68
        ],
        [
          155.94,
          91.52
        ],
        [
          156.93,
          91.67
        ]
      ],
      "idx": 1012,
      "mislabel": false,
      "mislabel_reason": "ok",
      "e_unet": 1.21
    },
    {
      "valid": true,
      "cx": 164.13,
      "cy": 89.82,
      "area": 359,
      "det_score": 0.4393,
      "sam_score": 0.9576,
      "box": [
        152.8,
        80.1,
        176.9,
        100.0
      ],
      "repeats": [
        [
          164.18,
          89.78
        ],
        [
          164.18,
          90.04
        ],
        [
          164.15,
          89.87
        ],
        [
          164.17,
          89.72
        ],
        [
          165.27,
          89.9
        ]
      ],
      "idx": 1013,
      "mislabel": false,
      "mislabel_reason": "ok",
      "e_unet": 0.94
    },
    {
      "valid": true,
      "cx": 164.5,
      "cy": 89.82,
      "area": 347,
      "det_score": 0.4237,
      "sam_score": 0.9566,
      "box": [
        153.3,
        80.0,
        177.0,
        99.9
      ],
      "repeats": [
        [
          164.52,
          89.72
        ],
        [
          164.51,
          89.95
        ],
        [
          164.47,
          89.82
        ],
        [
          164.5,
          89.61
        ],
        [
          165.56,
          89.84
        ]
      ],
      "idx": 1014,
      "mislabel": false,
      "mislabel_reason": "ok",
      "e_unet": 0.91
    },
    {
      "valid": true,
      "cx": 164.73,
      "cy": 89.67,
      "area": 342,
      "det_score": 0.4235,
      "sam_score": 0.9565,
      "box": [
        153.6,
        79.9,
        177.2,
        99.7
      ],
      "repeats": [
        [
          164.68,
          89.65
        ],
        [
          164.81,
          89.77
        ],
        [
          164.77,
          89.72
        ],
        [
          164.83,
          89.54
        ],
        [
          165.85,
          89.76
        ]
      ],
      "idx": 1015,
      "mislabel": false,
      "mislabel_reason": "ok",
      "e_unet": 0.87
    }
  ]
}