{
  "prompt": "black pupil.",
  "gsam2_centers": [
    {
      "valid": true,
      "cx": 166.26,
      "cy": 135.81,
      "area": 1233,
      "det_score": 0.4348,
      "sam_score": 0.9777,
      "box": [
        145.8,
        115.8,
        187.8,
        156.4
      ],
      "repeats": [
        [
          166.3,
          135.72
        ],
        [
          166.28,
          135.85
        ],
        [
          166.3,
          135.76999999999998
        ],
        [
          166.29,
          135.76999999999998
        ],
        [
          167.38,
          135.88
        ]
      ],
      "idx": 5,
      "mislabel": false,
      "mislabel_reason": "ok",
      "e_unet": 0.52
    },
    {
      "valid": true,
      "cx": 166.33,
      "cy": 135.94,
      "area": 1243,
      "det_score": 0.4432,
      "sam_score": 0.9776,
      "box": [
        145.7,
        115.9,
        187.8,
        156.6
      ],
      "repeats": [
        [
          166.31,
          135.92000000000002
        ],
        [
          166.33,
          135.95999999999998
        ],
        [
          166.33,
          135.95
        ],
        [
          166.33,
          135.9
        ],
        [
          167.46,
          135.9
        ]
      ],
      "idx": 6,
      "mislabel": false,
      "mislabel_reason": "ok",
      "e_unet": 0.56
    },
    {
      "valid": true,
      "cx": 166.29,
      "cy": 136.01,
      "area": 1253,
      "det_score": 0.4529,
      "sam_score": 0.9775,
      "box": [
        145.5,
        115.7,
        187.9,
        156.8
      ],
      "repeats": [
        [
          166.33,
          135.93
        ],
        [
          166.3,
          136.01999999999998
        ],
        [
          166.35,
          135.93
        ],
        [
          166.35,
          135.84
        ],
        [
          167.46,
          135.97
        ]
      ],
      "idx": 7,
      "mislabel": false,
      "mislabel_reason": "ok",
      "e_unet": 0.54
    },
    {
      "valid": true,
      "cx": 166.48,
      "cy": 135.97,
      "area": 1276,
      "det_score": 0.4693,
      "sam_score": 0.9786,
      "box": [
        145.6,
        115.6,
        188.1,
        157.0
      ],
      "repeats": [
        [
          166.43,
          135.86
        ],
        [
          166.48,
          136.06
        ],
        [
          166.46,
          135.95999999999998
        ],
        [
          166.54,
          135.9
        ],
        [
          167.65,
          135.92000000000002
        ]
      ],
      "idx": 8,
      "mislabel": false,
      "mislabel_reason": "ok",
      "e_unet": 0.51
    },
    {
      "valid": true,
      "cx": 166.45,
      "cy": 136.0,
      "area": 1293,
      "det_score": 0.4543,
      "sam_score": 0.9788,
      "box": [
        145.4,
        115.5,
        188.2,
        157.3
      ],
      "repeats": [
        [
          166.44,
          135.95
        ],
        [
          166.47,
          136.06
        ],
        [
          166.46,
          136.04000000000002
        ],
        [
          166.49,
          135.93
        ],
        [
          167.62,
          135.97
        ]
      ],
      "idx": 9,
      "mislabel": false,
      "mislabel_reason": "ok",
      "e_unet": 0.54
    },
    {
      "valid": true,
      "cx": 166.37,
      "cy": 136.01999999999998,
      "area": 1307,
      "det_score": 0.4785,
      "sam_score": 0.9781,
      "box": [
        145.2,
        115.5,
        188.1,
        157.3
      ],
      "repeats": [
        [
          166.37,
          135.97
        ],
        [
          166.35,
          136.05
        ],
        [
          166.34,
          136.0
        ],
        [
          166.43,
          135.97
        ],
        [
          167.52,
          135.99
        ]
      ],
      "idx": 10,
      "mislabel": false,
      "mislabel_reason": "ok",
      "e_unet": 0.5
    },
    {
      "valid": true,
      "cx": 166.4,
      "cy": 135.86,
      "area": 1326,
      "det_score": 0.4606,
      "sam_score": 0.9786,
      "box": [
        145.2,
        115.3,
        188.5,
        157.4
      ],
      "repeats": [
        [
          166.38,
          135.93
        ],
        [
          166.39,
          136.03
        ],
        [
          166.39,
          136.01999999999998
        ],
        [
          166.42,
          135.89
        ],
        [
          167.55,
          135.98000000000002
        ]
      ],
      "idx": 11,
      "mislabel": false,
      "mislabel_reason": "ok",
      "e_unet": 0.48
    },
    {
      "valid": true,
      "cx": 166.32,
      "cy": 135.99,
      "area": 1342,
      "det_score": 0.4526,
      "sam_score": 0.9786,
      "box": [
        145.0,
        115.1,
        188.6,
        157.6
      ],
      "repeats": [
        [
          166.33,
          135.95
        ],
        [
          166.39,
          136.0
        ],
        [
          166.39,
          135.95999999999998
        ],
        [
          166.41,
          135.95
        ],
        [
          167.52,
          136.0
        ]
      ],
      "idx": 12,
      "mislabel": false,
      "mislabel_reason": "ok",
      "e_unet": 0.52
    },
    {
      "valid": true,
      "cx": 166.44,
      "cy": 136.03,
      "area": 1351,
      "det_score": 0.4588,
      "sam_score": 0.9792,
      "box": [
        145.0,
        115.1,
        188.8,
        157.7
      ],
      "repeats": [
        [
          166.43,
          136.03
        ],
        [
          166.46,
          136.1
        ],
        [
          166.48,
          136.06
        ],
        [
          166.5,
          135.99
        ],
        [
          167.57,
          136.01999999999998
        ]
      ],
      "idx": 13,
      "mislabel": false,
      "mislabel_reason": "ok",
      "e_unet": 0.55
    },
    {
      "valid": true,
      "cx": 166.39,
      "cy": 136.17000000000002,
      "area": 1369,
      "det_score": 0.4557,
      "sam_score": 0.9789,
      "box": [
        144.9,
        115.1,
        188.9,
        157.9
      ],
      "repeats": [
        [
          166.34,
          136.14
        ],
        [
          166.39,
          136.26999999999998
        ],
        [
          166.36,
          136.22
        ],
        [
          166.41,
          136.15
        ],
        [
          167.53,
          136.2
        ]
      ],
      "idx": 14,
      "mislabel": false,
      "mislabel_reason": "ok",
      "e_unet": 0.52
    },
    {
      "valid": true,
      "cx": 166.36,
      "cy": 136.19,
      "area": 1375,
      "det_score": 0.4642,
      "sam_score": 0.9793,
      "box": [
        144.8,
        115.0,
        188.9,
        157.9
      ],
      "repeats": [
        [
          166.35,
          136.16
        ],
        [
          166.37,
          136.22
        ],
        [
          166.35,
          136.19
        ],
        [
          166.39,
          136.14
        ],
        [
          167.57,
          136.23000000000002
        ]
      ],
      "idx": 15,
      "mislabel": false,
      "mislabel_reason": "ok",
      "e_unet": 0.53
    }
  ]
}