{
  "prompt": "black pupil.",
  "gsam2_centers": [
    {
      "valid": true,
      "cx": 127.58,
      "cy": 136.61,
      "area": 1211,
      "det_score": 0.4219,
      "sam_score": 0.9703,
      "box": [
        107.6,
        116.6,
        148.9,
        157.5
      ],
      "repeats": [
        [
          127.54,
          136.6
        ],
        [
          127.59,
          136.61
        ],
        [
          127.7,
          136.55
        ],
        [
          127.75,
          136.5
        ],
        [
          128.6,
          136.64
        ]
      ],
      "idx": 105,
      "mislabel": false,
      "mislabel_reason": "ok",
      "e_unet": 0.93
    },
    {
      "valid": true,
      "cx": 127.63,
      "cy": 136.32999999999998,
      "area": 1211,
      "det_score": 0.4344,
      "sam_score": 0.9703,
      "box": [
        107.6,
        116.4,
        148.7,
        157.0
      ],
      "repeats": [
        [
          127.44,
          136.36
        ],
        [
          127.56,
          136.43
        ],
        [
          127.64,
          136.32
        ],
        [
          127.69,
          136.29000000000002
        ],
        [
          128.53,
          136.4
        ]
      ],
      "idx": 106,
      "mislabel": false,
      "mislabel_reason": "ok",
      "e_unet": 0.97
    },
    {
      "valid": true,
      "cx": 127.48,
      "cy": 136.35,
      "area": 1201,
      "det_score": 0.435,
      "sam_score": 0.9702,
      "box": [
        107.5,
        116.4,
        148.6,
        156.9
      ],
      "repeats": [
        [
          127.4,
          136.35
        ],
        [
          127.47,
          136.37
        ],
        [
          127.56,
          136.32999999999998
        ],
        [
          127.65,
          136.24
        ],
        [
          128.46,
          136.39
        ]
      ],
      "idx": 107,
      "mislabel": false,
      "mislabel_reason": "ok",
      "e_unet": 0.96
    },
    {
      "valid": true,
      "cx": 127.45,
      "cy": 136.45,
      "area": 1196,
      "det_score": 0.4283,
      "sam_score": 0.971,
      "box": [
        107.6,
        116.5,
        148.5,
        156.9
      ],
      "repeats": [
        [
          127.34,
          136.42000000000002
        ],
        [
          127.44,
          136.47
        ],
        [
          127.59,
          136.39
        ],
        [
          127.67,
          136.29000000000002
        ],
        [
          128.47,
          136.48000000000002
        ]
      ],
      "idx": 108,
      "mislabel": false,
      "mislabel_reason": "ok",
      "e_unet": 1.09
    },
    {
      "valid": true,
      "cx": 127.57,
      "cy": 136.57,
      "area": 1199,
      "det_score": 0.4166,
      "sam_score": 0.9702,
      "box": [
        107.6,
        116.7,
        148.5,
        157.2
      ],
      "repeats": [
        [
          127.35,
          136.59
        ],
        [
          127.46,
          136.63
        ],
        [
          127.6,
          136.51
        ],
        [
          127.57,
          136.54000000000002
        ],
        [
          128.44,
          136.67000000000002
        ]
      ],
      "idx": 109,
      "mislabel": false,
      "mislabel_reason": "ok",
      "e_unet": 1.05
    },
    {
      "valid": true,
      "cx": 127.56,
      "cy": 136.64,
      "area": 1199,
      "det_score": 0.4117,
      "sam_score": 0.9704,
      "box": [
        107.6,
        116.8,
        148.5,
        157.3
      ],
      "repeats": [
        [
          127.34,
          136.63
        ],
        [
          127.57,
          136.67000000000002
        ],
        [
          127.51,
          136.57999999999998
        ],
        [
          127.65,
          136.57
        ],
        [
          128.37,
          136.70999999999998
        ]
      ],
      "idx": 110,
      "mislabel": false,
      "mislabel_reason": "ok",
      "e_unet": 1.02
    },
    {
      "valid": true,
      "cx": 127.51,
      "cy": 136.62,
      "area": 1196,
      "det_score": 0.4099,
      "sam_score": 0.9701,
      "box": [
        107.6,
        116.8,
        148.5,
        157.4
      ],
      "repeats": [
        [
          127.3,
          136.66
        ],
        [
          127.43,
          136.67000000000002
        ],
        [
          127.55,
          136.57999999999998
        ],
        [
          127.58,
          136.53
        ],
        [
          128.4,
          136.67000000000002
        ]
      ],
      "idx": 111,
      "mislabel": false,
      "mislabel_reason": "ok",
      "e_unet": 1.0
    },
    {
      "valid": true,
      "cx": 127.48,
      "cy": 136.67000000000002,
      "area": 1197,
      "det_score": 0.4049,
      "sam_score": 0.969,
      "box": [
        107.6,
        116.7,
        148.6,
        157.3
      ],
      "repeats": [
        [
          127.39,
          136.7
        ],
        [
          127.5,
          136.7
        ],
        [
          127.55,
          136.62
        ],
        [
          127.62,
          136.59
        ],
        [
          128.46,
          136.72
        ]
      ],
      "idx": 112,
      "mislabel": false,
      "mislabel_reason": "ok",
      "e_unet": 1.02
    },
    {
      "valid": true,
      "cx": 127.44,
      "cy": 136.59,
      "area": 1200,
      "det_score": 0.4168,
      "sam_score": 0.97,
      "box": [
        107.6,
        116.4,
        148.7,
        157.2
      ],
      "repeats": [
        [
          127.41,
          136.54000000000002
        ],
        [
          127.44,
          136.6
        ],
        [
          127.55,
          136.51
        ],
        [
          127.65,
          136.41
        ],
        [
          128.46,
          136.55
        ]
      ],
      "idx": 113,
      "mislabel": false,
      "mislabel_reason": "ok",
      "e_unet": 1.01
    },
    {
      "valid": true,
      "cx": 127.56,
      "cy": 136.43,
      "area": 1205,
      "det_score": 0.4076,
      "sam_score": 0.9702,
      "box": [
        107.7,
        116.6,
        148.7,
        157.0
      ],
      "repeats": [
        [
          127.37,
          136.41
        ],
        [
          127.54,
          136.47
        ],
        [
          127.6,
          136.39
        ],
        [
          127.67,
          136.34
        ],
        [
          128.59,
          136.43
        ]
      ],
      "idx": 114,
      "mislabel": false,
      "mislabel_reason": "ok",
      "e_unet": 0.98
    },
    {
      "valid": true,
      "cx": 127.55,
      "cy": 136.37,
      "area": 1207,
      "det_score": 0.414,
      "sam_score": 0.9705,
      "box": [
        107.6,
        116.4,
        148.8,
        157.1
      ],
      "repeats": [
        [
          127.39,
          136.34
        ],
        [
          127.48,
          136.41
        ],
        [
          127.58,
          136.29000000000002
        ],
        [
          127.67,
          136.23000000000002
        ],
        [
          128.47,
          136.44
        ]
      ],
      "idx": 115,
      "mislabel": false,
      "mislabel_reason": "ok",
      "e_unet": 0.98
    }
  ]
}