{
  "prompt": "black pupil.",
  "gsam2_centers": [
    {
      "valid": true,
      "cx": 219.15,
      "cy": 159.37,
      "area": 1573,
      "det_score": 0.6024,
      "sam_score": 0.979,
      "box": [
        197.8,
        134.6,
        242.1,
        183.7
      ],
      "repeats": [
        [
          219.08,
          159.38
        ],
        [
          219.12,
          159.44
        ],
        [
          219.15,
          159.39
        ],
        [
          219.14,
          159.33
        ],
        [
          220.2,
          159.31
        ]
      ],
      "idx": 205,
      "mislabel": false,
      "mislabel_reason": "ok",
      "e_unet": 0.36
    },
    {
      "valid": true,
      "cx": 219.04,
      "cy": 159.32,
      "area": 1517,
      "det_score": 0.584,
      "sam_score": 0.9788,
      "box": [
        198.0,
        134.7,
        241.7,
        183.4
      ],
      "repeats": [
        [
          219.02,
          159.28
        ],
        [
          219.06,
          159.36
        ],
        [
          219.05,
          159.31
        ],
        [
          219.03,
          159.29
        ],
        [
          220.18,
          159.22
        ]
      ],
      "idx": 206,
      "mislabel": false,
      "mislabel_reason": "ok",
      "e_unet": 0.37
    },
    {
      "valid": true,
      "cx": 219.08,
      "cy": 159.24,
      "area": 1482,
      "det_score": 0.5718,
      "sam_score": 0.9786,
      "box": [
        198.4,
        135.1,
        241.4,
        183.1
      ],
      "repeats": [
        [
          219.08,
          159.23
        ],
        [
          219.08,
          159.34
        ],
        [
          219.07,
          159.32
        ],
        [
          219.09,
          159.19
        ],
        [
          220.23000000000002,
          159.18
        ]
      ],
      "idx": 207,
      "mislabel": false,
      "mislabel_reason": "ok",
      "e_unet": 0.24
    },
    {
      "valid": true,
      "cx": 219.15,
      "cy": 159.32,
      "area": 1439,
      "det_score": 0.5817,
      "sam_score": 0.9773,
      "box": [
        198.6,
        135.5,
        241.2,
        182.7
      ],
      "repeats": [
        [
          219.14,
          159.32
        ],
        [
          219.13,
          159.32
        ],
        [
          219.14,
          159.31
        ],
        [
          219.16,
          159.27
        ],
        [
          220.26999999999998,
          159.22
        ]
      ],
      "idx": 208,
      "mislabel": false,
      "mislabel_reason": "ok",
      "e_unet": 0.49
    },
    {
      "valid": true,
      "cx": 219.23,
      "cy": 159.21,
      "area": 1415,
      "det_score": 0.5645,
      "sam_score": 0.9773,
      "box": [
        198.9,
        135.9,
        241.0,
        182.5
      ],
      "repeats": [
        [
          219.24,
          159.21
        ],
        [
          219.23,
          159.2
        ],
        [
          219.25,
          159.18
        ],
        [
          219.28,
          159.14
        ],
        [
          220.32,
          159.11
        ]
      ],
      "idx": 209,
      "mislabel": false,
      "mislabel_reason": "ok",
      "e_unet": 0.46
    },
    {
      "valid": true,
      "cx": 219.35,
      "cy": 159.22,
      "area": 1406,
      "det_score": 0.5446,
      "sam_score": 0.9775,
      "box": [
        199.1,
        135.8,
        241.0,
        182.4
      ],
      "repeats": [
        [
          219.31,
          159.2
        ],
        [
          219.32,
          159.27
        ],
        [
          219.36,
          159.22
        ],
        [
          219.34,
          159.15
        ],
        [
          220.48000000000002,
          159.12
        ]
      ],
      "idx": 210,
      "mislabel": false,
      "mislabel_reason": "ok",
      "e_unet": 0.47
    },
    {
      "valid": true,
      "cx": 219.24,
      "cy": 159.14,
      "area": 1389,
      "det_score": 0.5371,
      "sam_score": 0.9766,
      "box": [
        199.0,
        136.1,
        240.9,
        182.3
      ],
      "repeats": [
        [
          219.24,
          159.13
        ],
        [
          219.25,
          159.15
        ],
        [
          219.29,
          159.12
        ],
        [
          219.27,
          159.05
        ],
        [
          220.43,
          159.11
        ]
      ],
      "idx": 211,
      "mislabel": false,
      "mislabel_reason": "ok",
      "e_unet": 0.46
    },
    {
      "valid": true,
      "cx": 219.39,
      "cy": 159.22,
      "area": 1399,
      "det_score": 0.5414,
      "sam_score": 0.9773,
      "box": [
        199.2,
        136.0,
        240.9,
        182.3
      ],
      "repeats": [
        [
          219.35,
          159.13
        ],
        [
          219.43,
          159.23
        ],
        [
          219.41,
          159.11
        ],
        [
          219.41,
          159.15
        ],
        [
          220.57999999999998,
          159.12
        ]
      ],
      "idx": 212,
      "mislabel": false,
      "mislabel_reason": "ok",
      "e_unet": 0.49
    },
    {
      "valid": true,
      "cx": 219.35,
      "cy": 159.3,
      "area": 1402,
      "det_score": 0.55,
      "sam_score": 0.9778,
      "box": [
        198.9,
        135.9,
        240.9,
        182.4
      ],
      "repeats": [
        [
          219.3,
          159.26
        ],
        [
          219.34,
          159.31
        ],
        [
          219.35,
          159.27
        ],
        [
          219.35,
          159.23
        ],
        [
          220.41,
          159.17
        ]
      ],
      "idx": 213,
      "mislabel": false,
      "mislabel_reason": "ok",
      "e_unet": 0.54
    },
    {
      "valid": true,
      "cx": 219.2,
      "cy": 159.28,
      "area": 1412,
      "det_score": 0.5419,
      "sam_score": 0.9776,
      "box": [
        198.8,
        136.0,
        240.9,
        182.5
      ],
      "repeats": [
        [
          219.18,
          159.32
        ],
        [
          219.19,
          159.38
        ],
        [
          219.19,
          159.33
        ],
        [
          219.2,
          159.28
        ],
        [
          220.32,
          159.2
        ]
      ],
      "idx": 214,
      "mislabel": false,
      "mislabel_reason": "ok",
      "e_unet": 0.43
    },
    {
      "valid": true,
      "cx": 219.24,
      "cy": 159.47,
      "area": 1422,
      "det_score": 0.5413,
      "sam_score": 0.978,
      "box": [
        198.7,
        136.0,
        241.1,
        182.7
      ],
      "repeats": [
        [
          219.2,
          159.42
        ],
        [
          219.22,
          159.49
        ],
        [
          219.24,
          159.44
        ],
        [
          219.25,
          159.38
        ],
        [
          220.35,
          159.32
        ]
      ],
      "idx": 215,
      "mislabel": false,
      "mislabel_reason": "ok",
      "e_unet": 0.58
    }
  ]
}