{
  "prompt": "black pupil.",
  "gsam2_centers": [
    {
      "valid": true,
      "cx": 139.43,
      "cy": 120.54,
      "area": 595,
      "det_score": 0.4258,
      "sam_score": 0.9628,
      "box": [
        126.4,
        105.5,
        153.8,
        135.7
      ],
      "repeats": [
        [
          139.45999999999998,
          120.51
        ],
        [
          139.47,
          120.55
        ],
        [
          139.51,
          120.48
        ],
        [
          139.56,
          120.39
        ],
        [
          140.59,
          120.43
        ]
      ],
      "idx": 1605,
      "mislabel": false,
      "mislabel_reason": "ok",
      "e_unet": 0.67
    },
    {
      "valid": true,
      "cx": 139.32,
      "cy": 120.43,
      "area": 582,
      "det_score": 0.4503,
      "sam_score": 0.9609,
      "box": [
        126.3,
        105.7,
        153.6,
        135.5
      ],
      "repeats": [
        [
          139.29000000000002,
          120.46
        ],
        [
          139.29000000000002,
          120.51
        ],
        [
          139.29000000000002,
          120.5
        ],
        [
          139.37,
          120.35
        ],
        [
          140.4,
          120.55
        ]
      ],
      "idx": 1606,
      "mislabel": false,
      "mislabel_reason": "ok",
      "e_unet": 0.84
    },
    {
      "valid": true,
      "cx": 139.09,
      "cy": 120.43,
      "area": 569,
      "det_score": 0.4396,
      "sam_score": 0.9598,
      "box": [
        126.3,
        105.8,
        153.2,
        135.3
      ],
      "repeats": [
        [
          139.06,
          120.42
        ],
        [
          139.09,
          120.47
        ],
        [
          139.07999999999998,
          120.44
        ],
        [
          139.2,
          120.26
        ],
        [
          140.25,
          120.44
        ]
      ],
      "idx": 1607,
      "mislabel": false,
      "mislabel_reason": "ok",
      "e_unet": 0.79
    },
    {
      "valid": true,
      "cx": 139.03,
      "cy": 120.32,
      "area": 562,
      "det_score": 0.4507,
      "sam_score": 0.9593,
      "box": [
        126.3,
        105.7,
        152.9,
        135.2
      ],
      "repeats": [
        [
          138.92000000000002,
          120.1
        ],
        [
          139.05,
          120.4
        ],
        [
          139.04000000000002,
          120.36
        ],
        [
          139.07,
          120.04
        ],
        [
          140.12,
          120.27
        ]
      ],
      "idx": 1608,
      "mislabel": false,
      "mislabel_reason": "ok",
      "e_unet": 0.99
    },
    {
      "valid": true,
      "cx": 138.75,
      "cy": 120.19,
      "area": 557,
      "det_score": 0.4506,
      "sam_score": 0.9576,
      "box": [
        126.2,
        105.7,
        152.8,
        135.0
      ],
      "repeats": [
        [
          138.73000000000002,
          120.08
        ],
        [
          138.84,
          120.4
        ],
        [
          138.81,
          120.33
        ],
        [
          138.82,
          120.0
        ],
        [
          139.95,
          120.27
        ]
      ],
      "idx": 1609,
      "mislabel": false,
      "mislabel_reason": "ok",
      "e_unet": 0.88
    },
    {
      "valid": true,
      "cx": 138.72,
      "cy": 120.01,
      "area": 549,
      "det_score": 0.4353,
      "sam_score": 0.9584,
      "box": [
        126.2,
        105.6,
        152.5,
        134.8
      ],
      "repeats": [
        [
          138.76,
          120.03
        ],
        [
          138.81,
          120.21
        ],
        [
          138.82999999999998,
          120.2
        ],
        [
          138.85,
          119.94
        ],
        [
          139.83,
          119.99
        ]
      ],
      "idx": 1610,
      "mislabel": false,
      "mislabel_reason": "ok",
      "e_unet": 0.87
    },
    {
      "valid": true,
      "cx": 138.8,
      "cy": 120.1,
      "area": 545,
      "det_score": 0.4226,
      "sam_score": 0.9595,
      "box": [
        126.3,
        105.8,
        152.6,
        134.7
      ],
      "repeats": [
        [
          138.76,
          119.93
        ],
        [
          138.8,
          120.16
        ],
        [
          138.84,
          120.19
        ],
        [
          138.82,
          119.85
        ],
        [
          139.85,
          119.99
        ]
      ],
      "idx": 1611,
      "mislabel": false,
      "mislabel_reason": "ok",
      "e_unet": 0.82
    },
    {
      "valid": true,
      "cx": 138.78,
      "cy": 120.03,
      "area": 541,
      "det_score": 0.4609,
      "sam_score": 0.959,
      "box": [
        126.4,
        105.9,
        152.5,
        134.7
      ],
      "repeats": [
        [
          138.76999999999998,
          119.96
        ],
        [
          138.81,
          120.2
        ],
        [
          138.85,
          120.18
        ],
        [
          138.84,
          119.9
        ],
        [
          139.88,
          120.09
        ]
      ],
      "idx": 1612,
      "mislabel": false,
      "mislabel_reason": "ok",
      "e_unet": 0.88
    },
    {
      "valid": true,
      "cx": 138.75,
      "cy": 120.14,
      "area": 545,
      "det_score": 0.4637,
      "sam_score": 0.9588,
      "box": [
        126.3,
        106.1,
        152.3,
        134.9
      ],
      "repeats": [
        [
          138.69,
          120.13
        ],
        [
          138.74,
          120.36
        ],
        [
          138.73000000000002,
          120.31
        ],
        [
          138.76999999999998,
          120.03
        ],
        [
          139.78,
          120.34
        ]
      ],
      "idx": 1613,
      "mislabel": false,
      "mislabel_reason": "ok",
      "e_unet": 0.73
    },
    {
      "valid": true,
      "cx": 138.68,
      "cy": 120.42,
      "area": 543,
      "det_score": 0.4738,
      "sam_score": 0.9586,
      "box": [
        126.2,
        106.2,
        152.4,
        135.0
      ],
      "repeats": [
        [
          138.65,
          120.32
        ],
        [
          138.76999999999998,
          120.34
        ],
        [
          138.74,
          120.31
        ],
        [
          138.8,
          120.26
        ],
        [
          139.75,
          120.49
        ]
      ],
      "idx": 1614,
      "mislabel": false,
      "mislabel_reason": "ok",
      "e_unet": 0.59
    },
    {
      "valid": true,
      "cx": 138.75,
      "cy": 120.38,
      "area": 548,
      "det_score": 0.4695,
      "sam_score": 0.9594,
      "box": [
        126.2,
        106.1,
        152.5,
        135.0
      ],
      "repeats": [
        [
          138.70999999999998,
          120.24
        ],
        [
          138.74,
          120.51
        ],
        [
          138.76,
          120.42
        ],
        [
          138.79000000000002,
          120.16
        ],
        [
          139.77,
          120.43
        ]
      ],
      "idx": 1615,
      "mislabel": false,
      "mislabel_reason": "ok",
      "e_unet": 0.58
    }
  ]
}