{
  "prompt": "black pupil.",
  "gsam2_centers": [
    {
      "valid": true,
      "cx": 147.89,
      "cy": 80.9,
      "area": 342,
      "det_score": 0.4215,
      "sam_score": 0.9507,
      "box": [
        135.5,
        71.6,
        161.5,
        90.9
      ],
      "repeats": [
        [
          147.79000000000002,
          80.84
        ],
        [
          147.88,
          81.12
        ],
        [
          147.8,
          81.09
        ],
        [
          147.98000000000002,
          80.78
        ],
        [
          149.13,
          80.96
        ]
      ],
      "idx": 2005,
      "mislabel": false,
      "mislabel_reason": "ok",
      "e_unet": 1.03
    },
    {
      "valid": true,
      "cx": 147.73000000000002,
      "cy": 80.92,
      "area": 353,
      "det_score": 0.4239,
      "sam_score": 0.9508,
      "box": [
        135.4,
        71.4,
        161.6,
        91.0
      ],
      "repeats": [
        [
          147.76999999999998,
          80.81
        ],
        [
          147.87,
          80.98
        ],
        [
          147.82999999999998,
          80.86
        ],
        [
          147.91,
          80.82
        ],
        [
          148.92,
          80.9
        ]
      ],
      "idx": 2006,
      "mislabel": false,
      "mislabel_reason": "ok",
      "e_unet": 1.04
    },
    {
      "valid": true,
      "cx": 147.63,
      "cy": 80.96,
      "area": 356,
      "det_score": 0.4231,
      "sam_score": 0.9502,
      "box": [
        135.2,
        71.4,
        161.8,
        91.1
      ],
      "repeats": [
        [
          147.69,
          80.88
        ],
        [
          147.67000000000002,
          81.1
        ],
        [
          147.56,
          81.05
        ],
        [
          147.70999999999998,
          80.89
        ],
        [
          148.82,
          80.95
        ]
      ],
      "idx": 2007,
      "mislabel": false,
      "mislabel_reason": "ok",
      "e_unet": 1.02
    },
    {
      "valid": true,
      "cx": 147.73000000000002,
      "cy": 81.03,
      "area": 365,
      "det_score": 0.4107,
      "sam_score": 0.9512,
      "box": [
        135.2,
        71.3,
        161.8,
        91.4
      ],
      "repeats": [
        [
          147.63,
          80.95
        ],
        [
          147.70999999999998,
          81.15
        ],
        [
          147.68,
          81.04
        ],
        [
          147.8,
          81.0
        ],
        [
          148.77,
          81.07
        ]
      ],
      "idx": 2008,
      "mislabel": false,
      "mislabel_reason": "ok",
      "e_unet": 1.06
    },
    {
      "valid": true,
      "cx": 147.69,
      "cy": 81.04,
      "area": 366,
      "det_score": 0.4157,
      "sam_score": 0.9513,
      "box": [
        135.0,
        71.4,
        161.8,
        91.4
      ],
      "repeats": [
        [
          147.66,
          81.02
        ],
        [
          147.67000000000002,
          81.15
        ],
        [
          147.64,
          81.04
        ],
        [
          147.75,
          81.0
        ],
        [
          148.75,
          81.04
        ]
      ],
      "idx": 2009,
      "mislabel": false,
      "mislabel_reason": "ok",
      "e_unet": 1.05
    },
    {
      "valid": true,
      "cx": 147.67000000000002,
      "cy": 81.04,
      "area": 370,
      "det_score": 0.4223,
      "sam_score": 0.9524,
      "box": [
        134.9,
        71.2,
        161.8,
        91.4
      ],
      "repeats": [
        [
          147.6,
          80.98
        ],
        [
          147.68,
          81.08
        ],
        [
          147.65,
          80.98
        ],
        [
          147.78,
          80.87
        ],
        [
          148.78,
          81.0
        ]
      ],
      "idx": 2010,
      "mislabel": false,
      "mislabel_reason": "ok",
      "e_unet": 1.1
    },
    {
      "valid": true,
      "cx": 146.5,
      "cy": 81.28,
      "area": 369,
      "det_score": 0.407,
      "sam_score": 0.9528,
      "box": [
        133.7,
        71.4,
        160.5,
        91.8
      ],
      "repeats": [
        [
          146.47,
          81.21
        ],
        [
          146.5,
          81.42
        ],
        [
          146.42000000000002,
          81.34
        ],
        [
          146.51999999999998,
          81.2
        ],
        [
          147.57,
          81.37
        ]
      ],
      "idx": 2011,
      "mislabel": false,
      "mislabel_reason": "ok",
      "e_unet": 1.04
    },
    {
      "valid": true,
      "cx": 143.45,
      "cy": 82.63,
      "area": 381,
      "det_score": 0.4067,
      "sam_score": 0.9534,
      "box": [
        130.9,
        72.5,
        156.8,
        93.2
      ],
      "repeats": [
        [
          143.44,
          82.47
        ],
        [
          143.5,
          82.65
        ],
        [
          143.56,
          82.56
        ],
        [
          143.64,
          82.49
        ],
        [
          144.62,
          82.61
        ]
      ],
      "idx": 2012,
      "mislabel": false,
      "mislabel_reason": "ok",
      "e_unet": 1.09
    },
    {
      "valid": true,
      "cx": 143.22,
      "cy": 82.71,
      "area": 378,
      "det_score": 0.4109,
      "sam_score": 0.9536,
      "box": [
        130.7,
        72.5,
        156.6,
        93.5
      ],
      "repeats": [
        [
          143.19,
          82.67
        ],
        [
          143.31,
          82.73
        ],
        [
          143.39,
          82.7
        ],
        [
          143.48000000000002,
          82.56
        ],
        [
          144.31,
          82.72
        ]
      ],
      "idx": 2013,
      "mislabel": false,
      "mislabel_reason": "ok",
      "e_unet": 1.03
    },
    {
      "valid": true,
      "cx": 143.2,
      "cy": 82.74,
      "area": 375,
      "det_score": 0.3955,
      "sam_score": 0.9521,
      "box": [
        130.5,
        72.6,
        156.5,
        93.6
      ],
      "repeats": [
        [
          143.13,
          82.69
        ],
        [
          143.2,
          82.74
        ],
        [
          143.26,
          82.67
        ],
        [
          143.29000000000002,
          82.6
        ],
        [
          144.19,
          82.76
        ]
      ],
      "idx": 2014,
      "mislabel": false,
      "mislabel_reason": "ok",
      "e_unet": 1.01
    },
    {
      "valid": true,
      "cx": 143.0,
      "cy": 82.89,
      "area": 374,
      "det_score": 0.4046,
      "sam_score": 0.9541,
      "box": [
        130.5,
        72.6,
        156.5,
        93.6
      ],
      "repeats": [
        [
          143.07,
          82.76
        ],
        [
          143.2,
          83.01
        ],
        [
          143.23000000000002,
          82.88
        ],
        [
          143.25,
          82.8
        ],
        [
          144.14,
          82.93
        ]
      ],
      "idx": 2015,
      "mislabel": false,
      "mislabel_reason": "ok",
      "e_unet": 1.01
    }
  ]
}