{
  "prompt": "black pupil.",
  "gsam2_centers": [
    {
      "valid": true,
      "cx": 128.0,
      "cy": 141.5,
      "area": 962,
      "det_score": 0.3831,
      "sam_score": 0.9594,
      "box": [
        112.4,
        119.7,
        144.7,
        163.5
      ],
      "repeats": [
        [
          128.06,
          141.33
        ],
        [
          128.06,
          141.52
        ],
        [
          128.07999999999998,
          141.37
        ],
        [
          128.09,
          141.26
        ],
        [
          129.22,
          141.52
        ]
      ],
      "idx": 905,
      "mislabel": false,
      "mislabel_reason": "ok",
      "e_unet": 1.38
    },
    {
      "valid": true,
      "cx": 128.01999999999998,
      "cy": 141.44,
      "area": 963,
      "det_score": 0.3501,
      "sam_score": 0.9674,
      "box": [
        112.6,
        119.8,
        144.6,
        163.8
      ],
      "repeats": [
        [
          128.07,
          141.47
        ],
        [
          128.04000000000002,
          141.56
        ],
        [
          128.07999999999998,
          141.48
        ],
        [
          128.13,
          141.46
        ],
        [
          129.24,
          141.56
        ]
      ],
      "idx": 906,
      "mislabel": false,
      "mislabel_reason": "ok",
      "e_unet": 1.15
    },
    {
      "valid": true,
      "cx": 128.15,
      "cy": 141.42,
      "area": 960,
      "det_score": 0.3361,
      "sam_score": 0.9684,
      "box": [
        112.7,
        119.8,
        144.7,
        163.6
      ],
      "repeats": [
        [
          128.16,
          141.3
        ],
        [
          128.18,
          141.41
        ],
        [
          128.23000000000002,
          141.33
        ],
        [
          128.26999999999998,
          141.25
        ],
        [
          129.36,
          141.46
        ]
      ],
      "idx": 907,
      "mislabel": false,
      "mislabel_reason": "ok",
      "e_unet": 1.3
    },
    {
      "valid": true,
      "cx": 128.2,
      "cy": 141.01,
      "area": 958,
      "det_score": 0.3639,
      "sam_score": 0.9664,
      "box": [
        112.6,
        119.4,
        144.8,
        163.3
      ],
      "repeats": [
        [
          128.2,
          141.09
        ],
        [
          128.24,
          141.02
        ],
        [
          128.19,
          141.04
        ],
        [
          128.19,
          141.26
        ],
        [
          129.44,
          141.18
        ]
      ],
      "idx": 908,
      "mislabel": false,
      "mislabel_reason": "ok",
      "e_unet": 1.11
    },
    {
      "valid": true,
      "cx": 128.23000000000002,
      "cy": 140.99,
      "area": 946,
      "det_score": 0.3339,
      "sam_score": 0.966,
      "box": [
        112.9,
        119.4,
        144.8,
        162.8
      ],
      "repeats": [
        [
          128.24,
          141.04
        ],
        [
          128.25,
          140.92
        ],
        [
          128.24,
          141.04
        ],
        [
          128.26999999999998,
          140.98
        ],
        [
          129.45,
          141.0
        ]
      ],
      "idx": 909,
      "mislabel": false,
      "mislabel_reason": "ok",
      "e_unet": 1.35
    },
    {
      "valid": true,
      "cx": 128.42000000000002,
      "cy": 140.93,
      "area": 929,
      "det_score": 0.361,
      "sam_score": 0.9662,
      "box": [
        113.2,
        119.4,
        144.8,
        162.5
      ],
      "repeats": [
        [
          128.45999999999998,
          140.91
        ],
        [
          128.45999999999998,
          140.98
        ],
        [
          128.5,
          140.9
        ],
        [
          128.47,
          140.93
        ],
        [
          129.61,
          140.99
        ]
      ],
      "idx": 910,
      "mislabel": false,
      "mislabel_reason": "ok",
      "e_unet": 1.41
    },
    {
      "valid": true,
      "cx": 128.5,
      "cy": 140.92,
      "area": 896,
      "det_score": 0.3562,
      "sam_score": 0.9674,
      "box": [
        113.6,
        119.7,
        144.4,
        162.2
      ],
      "repeats": [
        [
          128.47,
          140.98
        ],
        [
          128.53,
          141.05
        ],
        [
          128.47,
          141.01
        ],
        [
          128.51,
          140.84
        ],
        [
          129.7,
          141.06
        ]
      ],
      "idx": 911,
      "mislabel": false,
      "mislabel_reason": "ok",
      "e_unet": 1.46
    },
    {
      "valid": true,
      "cx": 128.59,
      "cy": 140.96,
      "area": 873,
      "det_score": 0.3733,
      "sam_score": 0.9678,
      "box": [
        114.1,
        119.9,
        144.5,
        161.8
      ],
      "repeats": [
        [
          128.59,
          140.97
        ],
        [
          128.63,
          140.98
        ],
        [
          128.61,
          140.97
        ],
        [
          128.65,
          140.88
        ],
        [
          129.77,
          141.02
        ]
      ],
      "idx": 912,
      "mislabel": false,
      "mislabel_reason": "ok",
      "e_unet": 1.6
    },
    {
      "valid": true,
      "cx": 128.78,
      "cy": 141.03,
      "area": 853,
      "det_score": 0.3483,
      "sam_score": 0.9662,
      "box": [
        114.3,
        120.1,
        144.4,
        161.6
      ],
      "repeats": [
        [
          128.79000000000002,
          140.92
        ],
        [
          128.78,
          141.04
        ],
        [
          128.82999999999998,
          140.93
        ],
        [
          128.86,
          140.79
        ],
        [
          129.93,
          140.98
        ]
      ],
      "idx": 913,
      "mislabel": false,
      "mislabel_reason": "ok",
      "e_unet": 1.78
    },
    {
      "valid": true,
      "cx": 128.79000000000002,
      "cy": 140.93,
      "area": 844,
      "det_score": 0.3594,
      "sam_score": 0.9678,
      "box": [
        114.3,
        120.2,
        144.3,
        161.5
      ],
      "repeats": [
        [
          128.8,
          140.81
        ],
        [
          128.82,
          140.97
        ],
        [
          128.85,
          140.87
        ],
        [
          128.84,
          140.8
        ],
        [
          129.97,
          140.86
        ]
      ],
      "idx": 914,
      "mislabel": false,
      "mislabel_reason": "ok",
      "e_unet": 1.8
    },
    {
      "valid": true,
      "cx": 128.82999999999998,
      "cy": 140.75,
      "area": 837,
      "det_score": 0.352,
      "sam_score": 0.9679,
      "box": [
        114.5,
        120.2,
        144.3,
        161.3
      ],
      "repeats": [
        [
          128.9,
          140.68
        ],
        [
          128.85,
          140.78
        ],
        [
          128.9,
          140.69
        ],
        [
          128.93,
          140.66
        ],
        [
          130.04,
          140.76
        ]
      ],
      "idx": 915,
      "mislabel": false,
      "mislabel_reason": "ok",
      "e_unet": 1.81
    }
  ]
}