{
  "prompt": "black pupil.",
  "gsam2_centers": [
    {
      "valid": true,
      "cx": 131.0,
      "cy": 138.58,
      "area": 501,
      "det_score": 0.5156,
      "sam_score": 0.9536,
      "box": [
        120.3,
        121.8,
        142.4,
        156.2
      ],
      "repeats": [
        [
          130.95,
          138.49
        ],
        [
          131.1,
          138.7
        ],
        [
          131.05,
          138.54
        ],
        [
          131.12,
          138.43
        ],
        [
          132.24,
          138.36
        ]
      ],
      "idx": 805,
      "mislabel": false,
      "mislabel_reason": "ok",
      "e_unet": 0.67
    },
    {
      "valid": true,
      "cx": 131.06,
      "cy": 138.62,
      "area": 501,
      "det_score": 0.5118,
      "sam_score": 0.9533,
      "box": [
        120.4,
        121.8,
        142.4,
        156.0
      ],
      "repeats": [
        [
          131.04000000000002,
          138.49
        ],
        [
          131.16,
          138.58
        ],
        [
          131.09,
          138.55
        ],
        [
          131.14,
          138.5
        ],
        [
          132.25,
          138.54
        ]
      ],
      "idx": 806,
      "mislabel": false,
      "mislabel_reason": "ok",
      "e_unet": 0.73
    },
    {
      "valid": true,
      "cx": 131.04000000000002,
      "cy": 138.8,
      "area": 497,
      "det_score": 0.5146,
      "sam_score": 0.9535,
      "box": [
        120.2,
        121.9,
        142.5,
        156.3
      ],
      "repeats": [
        [
          131.14,
          138.67
        ],
        [
          131.11,
          138.77
        ],
        [
          131.09,
          138.72
        ],
        [
          131.15,
          138.67
        ],
        [
          132.25,
          138.68
        ]
      ],
      "idx": 807,
      "mislabel": false,
      "mislabel_reason": "ok",
      "e_unet": 0.79
    },
    {
      "valid": true,
      "cx": 131.07999999999998,
      "cy": 138.86,
      "area": 500,
      "det_score": 0.5058,
      "sam_score": 0.9539,
      "box": [
        120.5,
        121.8,
        142.6,
        156.4
      ],
      "repeats": [
        [
          131.16,
          138.66
        ],
        [
          131.15,
          138.84
        ],
        [
          131.15,
          138.76
        ],
        [
          131.29000000000002,
          138.57
        ],
        [
          132.35,
          138.67
        ]
      ],
      "idx": 808,
      "mislabel": false,
      "mislabel_reason": "ok",
      "e_unet": 0.75
    },
    {
      "valid": true,
      "cx": 131.28,
      "cy": 138.56,
      "area": 508,
      "det_score": 0.5034,
      "sam_score": 0.9549,
      "box": [
        120.4,
        121.6,
        142.7,
        156.3
      ],
      "repeats": [
        [
          131.24,
          138.54
        ],
        [
          131.36,
          138.59
        ],
        [
          131.3,
          138.55
        ],
        [
          131.31,
          138.45
        ],
        [
          132.49,
          138.63
        ]
      ],
      "idx": 809,
      "mislabel": false,
      "mislabel_reason": "ok",
      "e_unet": 0.64
    },
    {
      "valid": true,
      "cx": 131.28,
      "cy": 138.42,
      "area": 512,
      "det_score": 0.5026,
      "sam_score": 0.9543,
      "box": [
        120.6,
        121.1,
        142.8,
        156.1
      ],
      "repeats": [
        [
          131.25,
          138.42
        ],
        [
          131.3,
          138.49
        ],
        [
          131.29000000000002,
          138.46
        ],
        [
          131.4,
          138.22
        ],
        [
          132.47,
          138.46
        ]
      ],
      "idx": 810,
      "mislabel": false,
      "mislabel_reason": "ok",
      "e_unet": 0.69
    },
    {
      "valid": true,
      "cx": 131.49,
      "cy": 138.29,
      "area": 521,
      "det_score": 0.5094,
      "sam_score": 0.9558,
      "box": [
        120.6,
        121.0,
        142.9,
        156.2
      ],
      "repeats": [
        [
          131.39,
          138.27
        ],
        [
          131.53,
          138.39
        ],
        [
          131.51,
          138.34
        ],
        [
          131.55,
          138.22
        ],
        [
          132.66,
          138.38
        ]
      ],
      "idx": 811,
      "mislabel": false,
      "mislabel_reason": "ok",
      "e_unet": 0.74
    },
    {
      "valid": true,
      "cx": 131.48000000000002,
      "cy": 138.04,
      "area": 527,
      "det_score": 0.5036,
      "sam_score": 0.9539,
      "box": [
        120.5,
        120.7,
        142.9,
        156.1
      ],
      "repeats": [
        [
          131.36,
          138.03
        ],
        [
          131.54000000000002,
          138.1
        ],
        [
          131.45999999999998,
          138.14
        ],
        [
          131.5,
          138.1
        ],
        [
          132.63,
          138.06
        ]
      ],
      "idx": 812,
      "mislabel": false,
      "mislabel_reason": "ok",
      "e_unet": 0.58
    },
    {
      "valid": true,
      "cx": 131.42000000000002,
      "cy": 137.95999999999998,
      "area": 529,
      "det_score": 0.4883,
      "sam_score": 0.9545,
      "box": [
        120.6,
        120.3,
        143.0,
        156.1
      ],
      "repeats": [
        [
          131.35,
          138.03
        ],
        [
          131.48000000000002,
          138.06
        ],
        [
          131.5,
          137.95999999999998
        ],
        [
          131.57999999999998,
          137.92000000000002
        ],
        [
          132.62,
          137.99
        ]
      ],
      "idx": 813,
      "mislabel": false,
      "mislabel_reason": "ok",
      "e_unet": 0.53
    },
    {
      "valid": true,
      "cx": 131.47,
      "cy": 138.11,
      "area": 543,
      "det_score": 0.5027,
      "sam_score": 0.9556,
      "box": [
        120.3,
        120.5,
        143.1,
        156.4
      ],
      "repeats": [
        [
          131.45,
          138.08
        ],
        [
          131.57999999999998,
          138.22
        ],
        [
          131.55,
          138.0
        ],
        [
          131.64,
          137.92000000000002
        ],
        [
          132.68,
          138.13
        ]
      ],
      "idx": 814,
      "mislabel": false,
      "mislabel_reason": "ok",
      "e_unet": 0.68
    },
    {
      "valid": true,
      "cx": 131.59,
      "cy": 137.94,
      "area": 549,
      "det_score": 0.5068,
      "sam_score": 0.9566,
      "box": [
        120.4,
        120.2,
        143.1,
        156.3
      ],
      "repeats": [
        [
          131.51999999999998,
          137.89
        ],
        [
          131.6,
          138.04
        ],
        [
          131.59,
          137.97
        ],
        [
          131.65,
          137.79000000000002
        ],
        [
          132.71,
          138.08
        ]
      ],
      "idx": 815,
      "mislabel": false,
      "mislabel_reason": "ok",
      "e_unet": 0.52
    }
  ]
}