{
  "prompt": "black pupil.",
  "gsam2_centers": [
    {
      "valid": true,
      "cx": 207.89,
      "cy": 137.24,
      "area": 1160,
      "det_score": 0.4953,
      "sam_score": 0.9698,
      "box": [
        189.3,
        115.8,
        228.2,
        158.7
      ],
      "repeats": [
        [
          207.86,
          137.18
        ],
        [
          207.92,
          137.36
        ],
        [
          207.9,
          137.25
        ],
        [
          207.94,
          137.15
        ],
        [
          209.07999999999998,
          137.24
        ]
      ],
      "idx": 607,
      "mislabel": false,
      "mislabel_reason": "ok",
      "e_unet": 0.59
    },
    {
      "valid": true,
      "cx": 212.4,
      "cy": 137.69,
      "area": 1128,
      "det_score": 0.4072,
      "sam_score": 0.9702,
      "box": [
        193.5,
        116.9,
        232.8,
        158.6
      ],
      "repeats": [
        [
          212.37,
          137.67000000000002
        ],
        [
          212.42,
          137.78
        ],
        [
          212.43,
          137.73000000000002
        ],
        [
          212.44,
          137.67000000000002
        ],
        [
          213.69,
          137.6
        ]
      ],
      "idx": 608,
      "mislabel": false,
      "mislabel_reason": "ok",
      "e_unet": 0.75
    },
    {
      "valid": true,
      "cx": 222.54,
      "cy": 138.28,
      "area": 1059,
      "det_score": 0.4857,
      "sam_score": 0.9686,
      "box": [
        205.1,
        118.0,
        241.2,
        159.4
      ],
      "repeats": [
        [
          222.56,
          138.27
        ],
        [
          222.58,
          138.37
        ],
        [
          222.56,
          138.35
        ],
        [
          222.59,
          138.15
        ],
        [
          223.67000000000002,
          138.31
        ]
      ],
      "idx": 609,
      "mislabel": false,
      "mislabel_reason": "ok",
      "e_unet": 0.91
    },
    {
      "valid": true,
      "cx": 222.83,
      "cy": 138.32,
      "area": 1055,
      "det_score": 0.5609,
      "sam_score": 0.9709,
      "box": [
        205.5,
        117.7,
        241.5,
        159.5
      ],
      "repeats": [
        [
          222.81,
          138.28
        ],
        [
          222.83,
          138.33
        ],
        [
          222.85,
          138.3
        ],
        [
          222.83,
          138.23
        ],
        [
          223.95,
          138.38
        ]
      ],
      "idx": 610,
      "mislabel": false,
      "mislabel_reason": "ok",
      "e_unet": 0.78
    },
    {
      "valid": true,
      "cx": 223.02,
      "cy": 138.34,
      "area": 1057,
      "det_score": 0.5132,
      "sam_score": 0.9699,
      "box": [
        205.7,
        117.4,
        241.8,
        159.5
      ],
      "repeats": [
        [
          222.98,
          138.27
        ],
        [
          223.08,
          138.38
        ],
        [
          223.08,
          138.29
        ],
        [
          223.09,
          138.16
        ],
        [
          224.16,
          138.32
        ]
      ],
      "idx": 611,
      "mislabel": false,
      "mislabel_reason": "ok",
      "e_unet": 0.75
    },
    {
      "valid": true,
      "cx": 223.17,
      "cy": 138.22,
      "area": 1066,
      "det_score": 0.5388,
      "sam_score": 0.9708,
      "box": [
        205.7,
        117.4,
        242.1,
        159.6
      ],
      "repeats": [
        [
          223.16,
          138.19
        ],
        [
          223.19,
          138.25
        ],
        [
          223.19,
          138.22
        ],
        [
          223.18,
          138.14
        ],
        [
          224.37,
          138.26
        ]
      ],
      "idx": 612,
      "mislabel": false,
      "mislabel_reason": "ok",
      "e_unet": 0.63
    },
    {
      "valid": true,
      "cx": 223.55,
      "cy": 138.23,
      "area": 1070,
      "det_score": 0.518,
      "sam_score": 0.9707,
      "box": [
        206.0,
        117.3,
        242.3,
        159.5
      ],
      "repeats": [
        [
          223.47,
          138.18
        ],
        [
          223.56,
          138.31
        ],
        [
          223.55,
          138.22
        ],
        [
          223.54,
          138.13
        ],
        [
          224.65,
          138.27
        ]
      ],
      "idx": 613,
      "mislabel": false,
      "mislabel_reason": "ok",
      "e_unet": 0.84
    }
  ]
}