{
  "prompt": "black pupil.",
  "gsam2_centers": [
    {
      "valid": true,
      "cx": 147.88,
      "cy": 120.84,
      "area": 1125,
      "det_score": 0.4414,
      "sam_score": 0.9737,
      "box": [
        128.0,
        100.3,
        168.6,
        142.0
      ],
      "repeats": [
        [
          147.85,
          120.83
        ],
        [
          147.9,
          120.87
        ],
        [
          147.9,
          120.87
        ],
        [
          147.9,
          120.81
        ],
        [
          148.99,
          120.86
        ]
      ],
      "idx": 1407,
      "mislabel": false,
      "mislabel_reason": "ok",
      "e_unet": 0.77
    },
    {
      "valid": true,
      "cx": 148.49,
      "cy": 120.45,
      "area": 1120,
      "det_score": 0.4517,
      "sam_score": 0.9724,
      "box": [
        128.7,
        100.3,
        169.0,
        141.4
      ],
      "repeats": [
        [
          148.5,
          120.41
        ],
        [
          148.49,
          120.53
        ],
        [
          148.5,
          120.51
        ],
        [
          148.54000000000002,
          120.4
        ],
        [
          149.63,
          120.44
        ]
      ],
      "idx": 1408,
      "mislabel": false,
      "mislabel_reason": "ok",
      "e_unet": 0.89
    },
    {
      "valid": true,
      "cx": 149.28,
      "cy": 120.25,
      "area": 1108,
      "det_score": 0.4367,
      "sam_score": 0.9714,
      "box": [
        129.5,
        100.2,
        169.7,
        141.0
      ],
      "repeats": [
        [
          149.23000000000002,
          120.28
        ],
        [
          149.25,
          120.29
        ],
        [
          149.25,
          120.28
        ],
        [
          149.31,
          120.2
        ],
        [
          150.31,
          120.33
        ]
      ],
      "idx": 1409,
      "mislabel": false,
      "mislabel_reason": "ok",
      "e_unet": 0.78
    },
    {
      "valid": true,
      "cx": 149.95,
      "cy": 120.2,
      "area": 1104,
      "det_score": 0.4216,
      "sam_score": 0.9731,
      "box": [
        130.1,
        100.1,
        170.6,
        140.7
      ],
      "repeats": [
        [
          149.99,
          120.15
        ],
        [
          150.01999999999998,
          120.29
        ],
        [
          149.99,
          120.17
        ],
        [
          150.03,
          120.13
        ],
        [
          151.08,
          120.26
        ]
      ],
      "idx": 1410,
      "mislabel": false,
      "mislabel_reason": "ok",
      "e_unet": 1.02
    },
    {
      "valid": true,
      "cx": 150.8,
      "cy": 120.08,
      "area": 1087,
      "det_score": 0.4303,
      "sam_score": 0.9723,
      "box": [
        131.2,
        100.0,
        171.3,
        140.3
      ],
      "repeats": [
        [
          150.79000000000002,
          120.05
        ],
        [
          150.8,
          120.13
        ],
        [
          150.8,
          120.08
        ],
        [
          150.84,
          119.98
        ],
        [
          151.93,
          119.97
        ]
      ],
      "idx": 1411,
      "mislabel": false,
      "mislabel_reason": "ok",
      "e_unet": 1.04
    },
    {
      "valid": true,
      "cx": 151.63,
      "cy": 119.9,
      "area": 1067,
      "det_score": 0.4328,
      "sam_score": 0.9725,
      "box": [
        132.0,
        100.0,
        172.1,
        139.8
      ],
      "repeats": [
        [
          151.54000000000002,
          119.91
        ],
        [
          151.68,
          119.98
        ],
        [
          151.66,
          119.96
        ],
        [
          151.68,
          119.84
        ],
        [
          152.76,
          119.85
        ]
      ],
      "idx": 1412,
      "mislabel": false,
      "mislabel_reason": "ok",
      "e_unet": 1.02
    },
    {
      "valid": true,
      "cx": 152.4,
      "cy": 119.76,
      "area": 1067,
      "det_score": 0.4043,
      "sam_score": 0.9739,
      "box": [
        132.9,
        99.9,
        173.1,
        139.7
      ],
      "repeats": [
        [
          152.38,
          119.77
        ],
        [
          152.4,
          119.79
        ],
        [
          152.4,
          119.79
        ],
        [
          152.43,
          119.73
        ],
        [
          153.46,
          119.79
        ]
      ],
      "idx": 1413,
      "mislabel": false,
      "mislabel_reason": "ok",
      "e_unet": 0.91
    }
  ]
}