{
  "prompt": "black pupil.",
  "gsam2_centers": [
    {
      "valid": true,
      "cx": 127.8,
      "cy": 127.24,
      "area": 841,
      "det_score": 0.2628,
      "sam_score": 0.9504,
      "box": [
        112.1,
        105.8,
        145.2,
        147.3
      ],
      "repeats": [
        [
          127.94,
          127.04
        ],
        [
          127.93,
          127.22
        ],
        [
          127.96,
          127.15
        ],
        [
          128.07,
          127.12
        ],
        [
          129.23,
          127.17
        ]
      ],
      "idx": 1505,
      "mislabel": false,
      "mislabel_reason": "ok",
      "e_unet": 2.82
    },
    {
      "valid": true,
      "cx": 128.07,
      "cy": 127.18,
      "area": 845,
      "det_score": 0.2853,
      "sam_score": 0.9512,
      "box": [
        112.2,
        105.7,
        145.5,
        147.2
      ],
      "repeats": [
        [
          128.04000000000002,
          127.14
        ],
        [
          128.01999999999998,
          127.49
        ],
        [
          128.05,
          127.35
        ],
        [
          128.16,
          127.15
        ],
        [
          129.22,
          127.36
        ]
      ],
      "idx": 1506,
      "mislabel": false,
      "mislabel_reason": "ok",
      "e_unet": 2.7
    },
    {
      "valid": true,
      "cx": 129.87,
      "cy": 125.64,
      "area": 886,
      "det_score": 0.2763,
      "sam_score": 0.9504,
      "box": [
        113.7,
        104.5,
        148.4,
        146.1
      ],
      "repeats": [
        [
          129.82999999999998,
          125.51
        ],
        [
          129.95,
          125.67
        ],
        [
          129.95999999999998,
          125.59
        ],
        [
          130.13,
          125.41
        ],
        [
          131.04,
          125.68
        ]
      ],
      "idx": 1507,
      "mislabel": false,
      "mislabel_reason": "ok",
      "e_unet": 2.07
    },
    {
      "valid": true,
      "cx": 130.04000000000002,
      "cy": 125.66,
      "area": 876,
      "det_score": 0.3251,
      "sam_score": 0.953,
      "box": [
        114.2,
        104.1,
        148.5,
        145.9
      ],
      "repeats": [
        [
          130.04000000000002,
          125.57
        ],
        [
          130.1,
          125.69
        ],
        [
          130.11,
          125.59
        ],
        [
          130.24,
          125.48
        ],
        [
          131.42,
          125.53
        ]
      ],
      "idx": 1508,
      "mislabel": false,
      "mislabel_reason": "ok",
      "e_unet": 2.06
    },
    {
      "valid": true,
      "cx": 130.31,
      "cy": 125.4,
      "area": 885,
      "det_score": 0.3447,
      "sam_score": 0.9508,
      "box": [
        114.3,
        104.2,
        148.8,
        145.9
      ],
      "repeats": [
        [
          130.39,
          125.16
        ],
        [
          130.39,
          125.45
        ],
        [
          130.43,
          125.29
        ],
        [
          130.57,
          125.11
        ],
        [
          131.64,
          125.37
        ]
      ],
      "idx": 1509,
      "mislabel": false,
      "mislabel_reason": "ok",
      "e_unet": 2.0
    },
    {
      "valid": true,
      "cx": 130.57,
      "cy": 125.21,
      "area": 889,
      "det_score": 0.3349,
      "sam_score": 0.955,
      "box": [
        114.4,
        103.9,
        149.1,
        146.0
      ],
      "repeats": [
        [
          130.73000000000002,
          125.0
        ],
        [
          130.65,
          125.32
        ],
        [
          130.70999999999998,
          125.17
        ],
        [
          130.81,
          125.03
        ],
        [
          131.85,
          125.15
        ]
      ],
      "idx": 1510,
      "mislabel": false,
      "mislabel_reason": "ok",
      "e_unet": 1.89
    },
    {
      "valid": true,
      "cx": 133.20999999999998,
      "cy": 124.12,
      "area": 936,
      "det_score": 0.2638,
      "sam_score": 0.9594,
      "box": [
        115.5,
        102.7,
        152.2,
        145.6
      ],
      "repeats": [
        [
          133.28,
          124.04
        ],
        [
          133.32999999999998,
          124.11
        ],
        [
          133.31,
          124.09
        ],
        [
          133.4,
          123.95
        ],
        [
          134.36,
          124.07
        ]
      ],
      "idx": 1511,
      "mislabel": false,
      "mislabel_reason": "ok",
      "e_unet": 1.26
    },
    {
      "valid": true,
      "cx": 137.32999999999998,
      "cy": 122.1,
      "area": 1013,
      "det_score": 0.298,
      "sam_score": 0.9652,
      "box": [
        118.8,
        100.8,
        157.1,
        143.6
      ],
      "repeats": [
        [
          137.01,
          122.14
        ],
        [
          137.34,
          122.18
        ],
        [
          137.54000000000002,
          122.08
        ],
        [
          137.53,
          122.05
        ],
        [
          138.31,
          122.18
        ]
      ],
      "idx": 1512,
      "mislabel": false,
      "mislabel_reason": "ok",
      "e_unet": 0.74
    },
    {
      "valid": true,
      "cx": 137.61,
      "cy": 122.07,
      "area": 1009,
      "det_score": 0.3325,
      "sam_score": 0.9648,
      "box": [
        118.9,
        101.1,
        157.3,
        143.6
      ],
      "repeats": [
        [
          137.23000000000002,
          122.03
        ],
        [
          137.57999999999998,
          122.16
        ],
        [
          137.7,
          122.04
        ],
        [
          137.73000000000002,
          121.97
        ],
        [
          138.62,
          122.09
        ]
      ],
      "idx": 1513,
      "mislabel": false,
      "mislabel_reason": "ok",
      "e_unet": 0.83
    },
    {
      "valid": true,
      "cx": 137.9,
      "cy": 121.91,
      "area": 1008,
      "det_score": 0.3326,
      "sam_score": 0.9657,
      "box": [
        119.5,
        101.1,
        157.9,
        143.4
      ],
      "repeats": [
        [
          137.9,
          121.77
        ],
        [
          137.91,
          121.91
        ],
        [
          138.01999999999998,
          121.81
        ],
        [
          138.09,
          121.73
        ],
        [
          139.05,
          121.87
        ]
      ],
      "idx": 1514,
      "mislabel": false,
      "mislabel_reason": "ok",
      "e_unet": 0.8
    },
    {
      "valid": true,
      "cx": 138.56,
      "cy": 121.68,
      "area": 999,
      "det_score": 0.366,
      "sam_score": 0.9677,
      "box": [
        120.0,
        100.7,
        158.5,
        143.2
      ],
      "repeats": [
        [
          138.59,
          121.65
        ],
        [
          138.57,
          121.69
        ],
        [
          138.61,
          121.68
        ],
        [
          138.62,
          121.59
        ],
        [
          139.68,
          121.66
        ]
      ],
      "idx": 1515,
      "mislabel": false,
      "mislabel_reason": "ok",
      "e_unet": 0.86
    }
  ]
}