{
  "prompt": "black pupil.",
  "gsam2_centers": [
    {
      "valid": true,
      "cx": 102.17,
      "cy": 86.41,
      "area": 275,
      "det_score": 0.2478,
      "sam_score": 0.9199,
      "box": [
        92.1,
        73.6,
        112.8,
        99.6
      ],
      "repeats": [
        [
          102.35,
          86.17
        ],
        [
          102.33,
          86.47
        ],
        [
          102.39,
          86.37
        ],
        [
          102.52,
          86.0
        ],
        [
          103.36000000000001,
          86.45
        ]
      ],
      "idx": 305,
      "mislabel": false,
      "mislabel_reason": "ok",
      "e_unet": 1.52
    },
    {
      "valid": true,
      "cx": 102.44,
      "cy": 86.26,
      "area": 268,
      "det_score": 0.2327,
      "sam_score": 0.9269,
      "box": [
        92.4,
        73.4,
        113.0,
        99.6
      ],
      "repeats": [
        [
          102.49,
          86.0
        ],
        [
          102.6,
          86.26
        ],
        [
          102.62,
          86.13
        ],
        [
          102.7,
          86.11
        ],
        [
          103.41999999999999,
          86.33
        ]
      ],
      "idx": 306,
      "mislabel": false,
      "mislabel_reason": "ok",
      "e_unet": 1.77
    },
    {
      "valid": true,
      "cx": 102.43,
      "cy": 86.1,
      "area": 267,
      "det_score": 0.2629,
      "sam_score": 0.9274,
      "box": [
        92.5,
        73.4,
        112.8,
        99.4
      ],
      "repeats": [
        [
          102.39,
          85.97
        ],
        [
          102.61,
          86.23
        ],
        [
          102.64,
          85.99
        ],
        [
          102.76,
          85.87
        ],
        [
          103.6,
          85.97
        ]
      ],
      "idx": 307,
      "mislabel": false,
      "mislabel_reason": "ok",
      "e_unet": 1.65
    },
    {
      "valid": true,
      "cx": 102.66,
      "cy": 86.2,
      "area": 262,
      "det_score": 0.2311,
      "sam_score": 0.9331,
      "box": [
        92.7,
        73.6,
        113.1,
        99.5
      ],
      "repeats": [
        [
          102.62,
          86.01
        ],
        [
          102.7,
          86.31
        ],
        [
          102.63,
          86.23
        ],
        [
          102.75,
          86.11
        ],
        [
          103.61000000000001,
          86.31
        ]
      ],
      "idx": 308,
      "mislabel": false,
      "mislabel_reason": "ok",
      "e_unet": 1.68
    },
    {
      "valid": true,
      "cx": 102.58,
      "cy": 86.3,
      "area": 262,
      "det_score": 0.2854,
      "sam_score": 0.9347,
      "box": [
        92.8,
        73.9,
        113.1,
        99.7
      ],
      "repeats": [
        [
          102.56,
          86.17
        ],
        [
          102.75,
          86.35
        ],
        [
          102.63,
          86.38
        ],
        [
          102.72,
          86.09
        ],
        [
          103.61000000000001,
          86.31
        ]
      ],
      "idx": 309,
      "mislabel": false,
      "mislabel_reason": "ok",
      "e_unet": 1.34
    },
    {
      "valid": true,
      "cx": 102.52,
      "cy": 86.3,
      "area": 268,
      "det_score": 0.2702,
      "sam_score": 0.9351,
      "box": [
        92.9,
        73.8,
        113.1,
        99.6
      ],
      "repeats": [
        [
          102.52,
          86.17
        ],
        [
          102.62,
          86.38
        ],
        [
          102.6,
          86.37
        ],
        [
          102.7,
          86.16
        ],
        [
          103.57,
          86.36
        ]
      ],
      "idx": 310,
      "mislabel": false,
      "mislabel_reason": "ok",
      "e_unet": 1.4
    },
    {
      "valid": true,
      "cx": 102.58,
      "cy": 86.33,
      "area": 272,
      "det_score": 0.2665,
      "sam_score": 0.9336,
      "box": [
        92.7,
        73.6,
        113.3,
        99.8
      ],
      "repeats": [
        [
          102.67,
          86.18
        ],
        [
          102.65,
          86.41
        ],
        [
          102.67,
          86.37
        ],
        [
          102.81,
          86.05
        ],
        [
          103.63,
          86.26
        ]
      ],
      "idx": 311,
      "mislabel": false,
      "mislabel_reason": "ok",
      "e_unet": 1.58
    },
    {
      "valid": true,
      "cx": 102.82,
      "cy": 86.12,
      "area": 272,
      "det_score": 0.2593,
      "sam_score": 0.936,
      "box": [
        92.7,
        73.3,
        113.4,
        99.7
      ],
      "repeats": [
        [
          102.72,
          86.12
        ],
        [
          102.91,
          86.07
        ],
        [
          102.82,
          86.13
        ],
        [
          102.88,
          86.01
        ],
        [
          103.81,
          86.07
        ]
      ],
      "idx": 312,
      "mislabel": false,
      "mislabel_reason": "ok",
      "e_unet": 1.36
    },
    {
      "valid": true,
      "cx": 102.7,
      "cy": 86.15,
      "area": 280,
      "det_score": 0.2738,
      "sam_score": 0.9337,
      "box": [
        92.8,
        73.1,
        113.6,
        99.5
      ],
      "repeats": [
        [
          102.74,
          85.99
        ],
        [
          102.81,
          86.09
        ],
        [
          102.77,
          86.12
        ],
        [
          102.91,
          85.95
        ],
        [
          104.03999999999999,
          85.98
        ]
      ],
      "idx": 313,
      "mislabel": false,
      "mislabel_reason": "ok",
      "e_unet": 1.7
    },
    {
      "valid": true,
      "cx": 102.74,
      "cy": 86.09,
      "area": 285,
      "det_score": 0.2655,
      "sam_score": 0.934,
      "box": [
        92.8,
        72.9,
        113.7,
        99.7
      ],
      "repeats": [
        [
          102.82,
          85.94
        ],
        [
          102.81,
          86.26
        ],
        [
          102.88,
          86.07
        ],
        [
          103.03,
          85.84
        ],
        [
          103.94999999999999,
          85.95
        ]
      ],
      "idx": 314,
      "mislabel": false,
      "mislabel_reason": "ok",
      "e_unet": 1.55
    },
    {
      "valid": true,
      "cx": 102.92,
      "cy": 86.2,
      "area": 288,
      "det_score": 0.2658,
      "sam_score": 0.9325,
      "box": [
        92.7,
        72.8,
        113.8,
        99.8
      ],
      "repeats": [
        [
          102.98,
          86.0
        ],
        [
          103.02,
          86.17
        ],
        [
          102.97,
          86.09
        ],
        [
          103.05,
          86.09
        ],
        [
          104.08000000000001,
          86.05
        ]
      ],
      "idx": 315,
      "mislabel": false,
      "mislabel_reason": "ok",
      "e_unet": 1.63
    }
  ]
}