{
  "prompt": "black pupil.",
  "gsam2_centers": [
    {
      "valid": true,
      "cx": 132.12,
      "cy": 104.62,
      "area": 407,
      "det_score": 0.3978,
      "sam_score": 0.9489,
      "box": [
        121.4,
        90.6,
        143.5,
        117.2
      ],
      "repeats": [
        [
          131.89,
          103.7
        ],
        [
          131.9,
          104.05
        ],
        [
          131.87,
          103.85
        ],
        [
          132.15,
          103.68
        ],
        [
          133.25,
          104.46
        ]
      ],
      "idx": 1105,
      "mislabel": false,
      "mislabel_reason": "ok",
      "e_unet": 2.05
    },
    {
      "valid": true,
      "cx": 129.18,
      "cy": 105.12,
      "area": 385,
      "det_score": 0.3894,
      "sam_score": 0.9574,
      "box": [
        118.5,
        91.7,
        140.5,
        118.6
      ],
      "repeats": [
        [
          129.14,
          104.94
        ],
        [
          129.1,
          105.2
        ],
        [
          129.16,
          105.06
        ],
        [
          129.26,
          105.0
        ],
        [
          130.37,
          105.11
        ]
      ],
      "idx": 1106,
      "mislabel": false,
      "mislabel_reason": "ok",
      "e_unet": 1.2
    },
    {
      "valid": true,
      "cx": 129.19,
      "cy": 105.19,
      "area": 384,
      "det_score": 0.3914,
      "sam_score": 0.9593,
      "box": [
        118.5,
        91.7,
        140.5,
        118.7
      ],
      "repeats": [
        [
          129.04000000000002,
          105.17
        ],
        [
          129.26,
          105.23
        ],
        [
          129.23000000000002,
          105.21
        ],
        [
          129.36,
          105.03
        ],
        [
          130.42,
          105.02
        ]
      ],
      "idx": 1107,
      "mislabel": false,
      "mislabel_reason": "ok",
      "e_unet": 1.08
    },
    {
      "valid": true,
      "cx": 129.24,
      "cy": 105.15,
      "area": 389,
      "det_score": 0.3861,
      "sam_score": 0.9593,
      "box": [
        118.5,
        91.5,
        140.6,
        118.7
      ],
      "repeats": [
        [
          129.12,
          105.09
        ],
        [
          129.15,
          105.24
        ],
        [
          129.17000000000002,
          105.19
        ],
        [
          129.26,
          105.01
        ],
        [
          130.44,
          105.0
        ]
      ],
      "idx": 1108,
      "mislabel": false,
      "mislabel_reason": "ok",
      "e_unet": 1.17
    },
    {
      "valid": true,
      "cx": 129.25,
      "cy": 105.12,
      "area": 390,
      "det_score": 0.4096,
      "sam_score": 0.9591,
      "box": [
        118.4,
        91.4,
        140.7,
        118.7
      ],
      "repeats": [
        [
          129.2,
          105.07
        ],
        [
          129.31,
          105.17
        ],
        [
          129.23000000000002,
          105.11
        ],
        [
          129.31,
          105.0
        ],
        [
          130.52,
          104.97
        ]
      ],
      "idx": 1109,
      "mislabel": false,
      "mislabel_reason": "ok",
      "e_unet": 1.15
    },
    {
      "valid": true,
      "cx": 129.53,
      "cy": 104.87,
      "area": 388,
      "det_score": 0.3994,
      "sam_score": 0.9576,
      "box": [
        118.7,
        91.3,
        140.9,
        118.5
      ],
      "repeats": [
        [
          129.45,
          104.86
        ],
        [
          129.56,
          104.88
        ],
        [
          129.56,
          104.88
        ],
        [
          129.61,
          104.77
        ],
        [
          130.67,
          104.78
        ]
      ],
      "idx": 1110,
      "mislabel": false,
      "mislabel_reason": "ok",
      "e_unet": 1.23
    },
    {
      "valid": true,
      "cx": 129.68,
      "cy": 104.74,
      "area": 393,
      "det_score": 0.3982,
      "sam_score": 0.9565,
      "box": [
        119.0,
        91.2,
        141.1,
        118.4
      ],
      "repeats": [
        [
          129.67000000000002,
          104.54
        ],
        [
          129.74,
          104.67
        ],
        [
          129.76,
          104.53
        ],
        [
          129.79000000000002,
          104.56
        ],
        [
          130.85,
          104.63
        ]
      ],
      "idx": 1111,
      "mislabel": false,
      "mislabel_reason": "ok",
      "e_unet": 1.29
    },
    {
      "valid": true,
      "cx": 129.8,
      "cy": 104.44,
      "area": 393,
      "det_score": 0.4092,
      "sam_score": 0.9553,
      "box": [
        119.2,
        91.0,
        141.3,
        118.0
      ],
      "repeats": [
        [
          129.78,
          104.43
        ],
        [
          129.86,
          104.48
        ],
        [
          129.89,
          104.43
        ],
        [
          129.9,
          104.4
        ],
        [
          130.97,
          104.43
        ]
      ],
      "idx": 1112,
      "mislabel": false,
      "mislabel_reason": "ok",
      "e_unet": 1.11
    },
    {
      "valid": true,
      "cx": 130.07999999999998,
      "cy": 104.37,
      "area": 393,
      "det_score": 0.3917,
      "sam_score": 0.9537,
      "box": [
        119.4,
        91.0,
        141.8,
        117.9
      ],
      "repeats": [
        [
          130.06,
          104.33
        ],
        [
          130.14,
          104.33
        ],
        [
          130.14,
          104.3
        ],
        [
          130.19,
          104.2
        ],
        [
          131.27,
          104.33
        ]
      ],
      "idx": 1113,
      "mislabel": false,
      "mislabel_reason": "ok",
      "e_unet": 1.15
    },
    {
      "valid": true,
      "cx": 130.01999999999998,
      "cy": 104.4,
      "area": 395,
      "det_score": 0.4191,
      "sam_score": 0.954,
      "box": [
        119.1,
        91.0,
        141.7,
        117.9
      ],
      "repeats": [
        [
          129.95999999999998,
          104.29
        ],
        [
          130.04000000000002,
          104.41
        ],
        [
          130.07999999999998,
          104.35
        ],
        [
          130.12,
          104.23
        ],
        [
          131.16,
          104.3
        ]
      ],
      "idx": 1114,
      "mislabel": false,
      "mislabel_reason": "ok",
      "e_unet": 1.2
    },
    {
      "valid": true,
      "cx": 129.57999999999998,
      "cy": 103.83,
      "area": 387,
      "det_score": 0.3958,
      "sam_score": 0.9557,
      "box": [
        118.8,
        90.3,
        141.2,
        117.4
      ],
      "repeats": [
        [
          129.65,
          103.62
        ],
        [
          129.64,
          103.83
        ],
        [
          129.66,
          103.71
        ],
        [
          129.7,
          103.67
        ],
        [
          130.88,
          103.63
        ]
      ],
      "idx": 1115,
      "mislabel": false,
      "mislabel_reason": "ok",
      "e_unet": 1.19
    }
  ]
}