{
  "prompt": "black pupil.",
  "gsam2_centers": [
    {
      "valid": true,
      "cx": 130.24,
      "cy": 87.69,
      "area": 637,
      "det_score": 0.4579,
      "sam_score": 0.9618,
      "box": [
        115.8,
        73.1,
        146.1,
        102.6
      ],
      "repeats": [
        [
          130.26,
          87.58
        ],
        [
          130.3,
          87.77
        ],
        [
          130.26,
          87.65
        ],
        [
          130.41,
          87.5
        ],
        [
          131.45,
          87.64
        ]
      ],
      "idx": 1305,
      "mislabel": false,
      "mislabel_reason": "ok",
      "e_unet": 1.06
    },
    {
      "valid": true,
      "cx": 128.57,
      "cy": 82.73,
      "area": 607,
      "det_score": 0.3953,
      "sam_score": 0.9612,
      "box": [
        114.7,
        68.4,
        143.9,
        97.4
      ],
      "repeats": [
        [
          128.5,
          82.71
        ],
        [
          128.57999999999998,
          82.78
        ],
        [
          128.51,
          82.78
        ],
        [
          128.68,
          82.64
        ],
        [
          129.71,
          82.65
        ]
      ],
      "idx": 1306,
      "mislabel": false,
      "mislabel_reason": "ok",
      "e_unet": 1.25
    },
    {
      "valid": true,
      "cx": 128.93,
      "cy": 83.18,
      "area": 598,
      "det_score": 0.4061,
      "sam_score": 0.9632,
      "box": [
        115.0,
        69.1,
        144.1,
        97.6
      ],
      "repeats": [
        [
          128.92000000000002,
          83.13
        ],
        [
          128.97,
          83.23
        ],
        [
          128.98000000000002,
          83.17
        ],
        [
          128.97,
          83.11
        ],
        [
          130.07,
          83.09
        ]
      ],
      "idx": 1307,
      "mislabel": false,
      "mislabel_reason": "ok",
      "e_unet": 1.29
    },
    {
      "valid": true,
      "cx": 129.07999999999998,
      "cy": 83.35,
      "area": 599,
      "det_score": 0.4099,
      "sam_score": 0.9648,
      "box": [
        115.0,
        69.1,
        144.3,
        97.7
      ],
      "repeats": [
        [
          129.07,
          83.29
        ],
        [
          129.11,
          83.38
        ],
        [
          129.05,
          83.34
        ],
        [
          129.25,
          83.18
        ],
        [
          130.25,
          83.3
        ]
      ],
      "idx": 1308,
      "mislabel": false,
      "mislabel_reason": "ok",
      "e_unet": 1.35
    },
    {
      "valid": true,
      "cx": 129.19,
      "cy": 83.16,
      "area": 601,
      "det_score": 0.4052,
      "sam_score": 0.9637,
      "box": [
        115.0,
        68.9,
        144.4,
        97.7
      ],
      "repeats": [
        [
          129.24,
          83.07
        ],
        [
          129.24,
          83.27
        ],
        [
          129.23000000000002,
          83.18
        ],
        [
          129.34,
          82.96
        ],
        [
          130.36,
          83.13
        ]
      ],
      "idx": 1309,
      "mislabel": false,
      "mislabel_reason": "ok",
      "e_unet": 1.18
    },
    {
      "valid": true,
      "cx": 129.3,
      "cy": 83.17,
      "area": 596,
      "det_score": 0.3928,
      "sam_score": 0.9642,
      "box": [
        115.1,
        69.0,
        144.5,
        97.6
      ],
      "repeats": [
        [
          129.22,
          83.11
        ],
        [
          129.31,
          83.17
        ],
        [
          129.25,
          83.23
        ],
        [
          129.36,
          83.01
        ],
        [
          130.42,
          83.11
        ]
      ],
      "idx": 1310,
      "mislabel": false,
      "mislabel_reason": "ok",
      "e_unet": 1.28
    },
    {
      "valid": true,
      "cx": 129.26999999999998,
      "cy": 83.08,
      "area": 582,
      "det_score": 0.3882,
      "sam_score": 0.9639,
      "box": [
        115.2,
        69.1,
        144.3,
        97.2
      ],
      "repeats": [
        [
          129.22,
          83.02
        ],
        [
          129.29000000000002,
          83.1
        ],
        [
          129.25,
          83.05
        ],
        [
          129.35,
          82.95
        ],
        [
          130.5,
          82.98
        ]
      ],
      "idx": 1311,
      "mislabel": false,
      "mislabel_reason": "ok",
      "e_unet": 1.41
    },
    {
      "valid": true,
      "cx": 129.29000000000002,
      "cy": 82.91,
      "area": 560,
      "det_score": 0.4214,
      "sam_score": 0.9623,
      "box": [
        115.5,
        69.5,
        144.2,
        96.8
      ],
      "repeats": [
        [
          129.37,
          82.93
        ],
        [
          129.43,
          82.98
        ],
        [
          129.37,
          82.91
        ],
        [
          129.45,
          82.83
        ],
        [
          130.46,
          82.97
        ]
      ],
      "idx": 1312,
      "mislabel": false,
      "mislabel_reason": "ok",
      "e_unet": 1.15
    },
    {
      "valid": true,
      "cx": 112.91,
      "cy": 99.22,
      "area": 552,
      "det_score": 0.4383,
      "sam_score": 0.9594,
      "box": [
        100.2,
        84.3,
        126.4,
        114.7
      ],
      "repeats": [
        [
          112.87,
          99.15
        ],
        [
          112.9,
          99.35
        ],
        [
          112.88,
          99.21
        ],
        [
          112.94,
          99.09
        ],
        [
          114.0,
          99.42
        ]
      ],
      "idx": 1313,
      "mislabel": false,
      "mislabel_reason": "ok",
      "e_unet": 1.17
    },
    {
      "valid": true,
      "cx": 108.56,
      "cy": 109.82,
      "area": 564,
      "det_score": 0.4413,
      "sam_score": 0.9617,
      "box": [
        96.0,
        94.0,
        122.1,
        125.4
      ],
      "repeats": [
        [
          108.52,
          109.66
        ],
        [
          108.58,
          109.86
        ],
        [
          108.56,
          109.78
        ],
        [
          108.69,
          109.63
        ],
        [
          109.81,
          109.91
        ]
      ],
      "idx": 1314,
      "mislabel": false,
      "mislabel_reason": "ok",
      "e_unet": 1.72
    },
    {
      "valid": true,
      "cx": 109.0,
      "cy": 109.39,
      "area": 563,
      "det_score": 0.4447,
      "sam_score": 0.961,
      "box": [
        96.9,
        93.7,
        122.1,
        124.9
      ],
      "repeats": [
        [
          109.0,
          109.38
        ],
        [
          109.09,
          109.5
        ],
        [
          109.03,
          109.45
        ],
        [
          109.11,
          109.33
        ],
        [
          110.21000000000001,
          109.46
        ]
      ],
      "idx": 1315,
      "mislabel": false,
      "mislabel_reason": "ok",
      "e_unet": 1.06
    }
  ]
}