{
  "prompt": "black pupil.",
  "gsam2_centers": [
    {
      "valid": true,
      "cx": 231.04,
      "cy": 86.71,
      "area": 579,
      "det_score": 0.4294,
      "sam_score": 0.9635,
      "box": [
        217.5,
        71.8,
        245.7,
        102.7
      ],
      "repeats": [
        [
          231.08,
          86.68
        ],
        [
          231.18,
          86.87
        ],
        [
          231.12,
          86.74
        ],
        [
          231.15,
          86.77
        ],
        [
          232.12,
          86.78
        ]
      ],
      "idx": 1207,
      "mislabel": false,
      "mislabel_reason": "ok",
      "e_unet": 0.7
    },
    {
      "valid": true,
      "cx": 230.9,
      "cy": 86.78,
      "area": 577,
      "det_score": 0.4136,
      "sam_score": 0.9638,
      "box": [
        217.5,
        72.3,
        245.4,
        102.7
      ],
      "repeats": [
        [
          230.85,
          86.72
        ],
        [
          231.06,
          86.91
        ],
        [
          231.03,
          86.87
        ],
        [
          231.05,
          86.78
        ],
        [
          232.06,
          86.82
        ]
      ],
      "idx": 1208,
      "mislabel": false,
      "mislabel_reason": "ok",
      "e_unet": 0.61
    },
    {
      "valid": true,
      "cx": 231.53,
      "cy": 87.26,
      "area": 568,
      "det_score": 0.413,
      "sam_score": 0.9644,
      "box": [
        218.0,
        72.4,
        246.0,
        103.0
      ],
      "repeats": [
        [
          231.51,
          87.25
        ],
        [
          231.58,
          87.33
        ],
        [
          231.53,
          87.2
        ],
        [
          231.6,
          87.27
        ],
        [
          232.54000000000002,
          87.32
        ]
      ],
      "idx": 1209,
      "mislabel": false,
      "mislabel_reason": "ok",
      "e_unet": 1.02
    },
    {
      "valid": true,
      "cx": 237.76,
      "cy": 90.06,
      "area": 513,
      "det_score": 0.3969,
      "sam_score": 0.9593,
      "box": [
        225.0,
        74.5,
        251.4,
        105.5
      ],
      "repeats": [
        [
          237.64,
          89.98
        ],
        [
          237.77,
          90.07
        ],
        [
          237.82,
          90.11
        ],
        [
          237.74,
          89.92
        ],
        [
          238.76999999999998,
          90.16
        ]
      ],
      "idx": 1210,
      "mislabel": false,
      "mislabel_reason": "ok",
      "e_unet": 1.46
    },
    {
      "valid": true,
      "cx": 237.98,
      "cy": 89.9,
      "area": 506,
      "det_score": 0.425,
      "sam_score": 0.9569,
      "box": [
        225.7,
        75.0,
        251.6,
        105.4
      ],
      "repeats": [
        [
          238.07,
          89.87
        ],
        [
          238.07,
          90.07
        ],
        [
          238.1,
          89.91
        ],
        [
          238.06,
          89.84
        ],
        [
          239.03,
          89.94
        ]
      ],
      "idx": 1211,
      "mislabel": false,
      "mislabel_reason": "ok",
      "e_unet": 1.11
    },
    {
      "valid": true,
      "cx": 237.81,
      "cy": 89.68,
      "area": 501,
      "det_score": 0.4026,
      "sam_score": 0.9574,
      "box": [
        225.5,
        74.9,
        251.5,
        105.1
      ],
      "repeats": [
        [
          237.8,
          89.56
        ],
        [
          237.94,
          89.89
        ],
        [
          237.9,
          89.73
        ],
        [
          237.9,
          89.67
        ],
        [
          238.94,
          89.91
        ]
      ],
      "idx": 1212,
      "mislabel": false,
      "mislabel_reason": "ok",
      "e_unet": 1.09
    },
    {
      "valid": true,
      "cx": 237.71,
      "cy": 89.63,
      "area": 500,
      "det_score": 0.4222,
      "sam_score": 0.957,
      "box": [
        225.4,
        74.9,
        251.4,
        105.1
      ],
      "repeats": [
        [
          237.75,
          89.48
        ],
        [
          237.78,
          89.64
        ],
        [
          237.78,
          89.54
        ],
        [
          237.81,
          89.6
        ],
        [
          238.82999999999998,
          89.85
        ]
      ],
      "idx": 1213,
      "mislabel": false,
      "mislabel_reason": "ok",
      "e_unet": 1.42
    }
  ]
}