{
  "prompt": "black pupil.",
  "gsam2_centers": [
    {
      "valid": true,
      "cx": 155.51,
      "cy": 61.39,
      "area": 525,
      "det_score": 0.4679,
      "sam_score": 0.9685,
      "box": [
        141.3,
        48.9,
        170.8,
        73.9
      ],
      "repeats": [
        [
          155.52,
          61.31
        ],
        [
          155.54,
          61.47
        ],
        [
          155.56,
          61.38
        ],
        [
          155.62,
          61.24
        ],
        [
          156.71,
          61.42
        ]
      ],
      "idx": 1407,
      "mislabel": false,
      "mislabel_reason": "ok",
      "e_unet": 0.81
    },
    {
      "valid": true,
      "cx": 155.34,
      "cy": 61.44,
      "area": 529,
      "det_score": 0.4575,
      "sam_score": 0.9686,
      "box": [
        141.1,
        49.0,
        170.7,
        73.9
      ],
      "repeats": [
        [
          155.38,
          61.38
        ],
        [
          155.39,
          61.5
        ],
        [
          155.37,
          61.46
        ],
        [
          155.45,
          61.3
        ],
        [
          156.51,
          61.41
        ]
      ],
      "idx": 1408,
      "mislabel": false,
      "mislabel_reason": "ok",
      "e_unet": 0.83
    },
    {
      "valid": true,
      "cx": 145.54000000000002,
      "cy": 64.95,
      "area": 511,
      "det_score": 0.4239,
      "sam_score": 0.9621,
      "box": [
        132.4,
        52.1,
        160.4,
        77.7
      ],
      "repeats": [
        [
          145.65,
          64.82
        ],
        [
          145.69,
          64.87
        ],
        [
          145.76,
          64.8
        ],
        [
          145.8,
          64.71000000000001
        ],
        [
          146.77,
          64.88
        ]
      ],
      "idx": 1409,
      "mislabel": false,
      "mislabel_reason": "ok",
      "e_unet": 1.05
    },
    {
      "valid": true,
      "cx": 144.26999999999998,
      "cy": 64.97,
      "area": 504,
      "det_score": 0.4173,
      "sam_score": 0.9583,
      "box": [
        130.8,
        52.2,
        159.2,
        77.6
      ],
      "repeats": [
        [
          144.37,
          64.86
        ],
        [
          144.35,
          65.03999999999999
        ],
        [
          144.4,
          64.94
        ],
        [
          144.47,
          64.84
        ],
        [
          145.24,
          65.08
        ]
      ],
      "idx": 1410,
      "mislabel": false,
      "mislabel_reason": "ok",
      "e_unet": 1.02
    },
    {
      "valid": true,
      "cx": 143.9,
      "cy": 64.75,
      "area": 507,
      "det_score": 0.424,
      "sam_score": 0.9586,
      "box": [
        130.4,
        52.0,
        158.7,
        77.4
      ],
      "repeats": [
        [
          143.98000000000002,
          64.64
        ],
        [
          143.94,
          64.77000000000001
        ],
        [
          143.99,
          64.72999999999999
        ],
        [
          144.12,
          64.57
        ],
        [
          145.1,
          64.8
        ]
      ],
      "idx": 1411,
      "mislabel": false,
      "mislabel_reason": "ok",
      "e_unet": 0.96
    },
    {
      "valid": true,
      "cx": 143.76,
      "cy": 64.68,
      "area": 511,
      "det_score": 0.4217,
      "sam_score": 0.9593,
      "box": [
        130.2,
        51.9,
        158.7,
        77.5
      ],
      "repeats": [
        [
          143.89,
          64.61
        ],
        [
          143.87,
          64.72
        ],
        [
          144.0,
          64.62
        ],
        [
          144.01,
          64.59
        ],
        [
          144.97,
          64.74000000000001
        ]
      ],
      "idx": 1412,
      "mislabel": false,
      "mislabel_reason": "ok",
      "e_unet": 0.9
    },
    {
      "valid": true,
      "cx": 143.6,
      "cy": 64.82,
      "area": 507,
      "det_score": 0.4204,
      "sam_score": 0.9594,
      "box": [
        130.1,
        52.1,
        158.4,
        77.6
      ],
      "repeats": [
        [
          143.70999999999998,
          64.72999999999999
        ],
        [
          143.7,
          64.85
        ],
        [
          143.70999999999998,
          64.8
        ],
        [
          143.87,
          64.68
        ],
        [
          144.83,
          64.83
        ]
      ],
      "idx": 1413,
      "mislabel": false,
      "mislabel_reason": "ok",
      "e_unet": 0.89
    }
  ]
}