{
  "prompt": "black pupil.",
  "gsam2_centers": [
    {
      "valid": true,
      "cx": 147.62,
      "cy": 113.48,
      "area": 496,
      "det_score": 0.4123,
      "sam_score": 0.9616,
      "box": [
        135.7,
        99.9,
        160.5,
        127.5
      ],
      "repeats": [
        [
          147.56,
          113.41
        ],
        [
          147.67000000000002,
          113.6
        ],
        [
          147.65,
          113.53
        ],
        [
          147.68,
          113.38
        ],
        [
          148.72,
          113.46
        ]
      ],
      "idx": 1605,
      "mislabel": false,
      "mislabel_reason": "ok",
      "e_unet": 1.1
    },
    {
      "valid": true,
      "cx": 147.61,
      "cy": 113.45,
      "area": 497,
      "det_score": 0.4199,
      "sam_score": 0.9596,
      "box": [
        135.7,
        99.9,
        160.5,
        127.5
      ],
      "repeats": [
        [
          147.57999999999998,
          113.35
        ],
        [
          147.63,
          113.51
        ],
        [
          147.62,
          113.45
        ],
        [
          147.68,
          113.37
        ],
        [
          148.71,
          113.37
        ]
      ],
      "idx": 1606,
      "mislabel": false,
      "mislabel_reason": "ok",
      "e_unet": 1.21
    },
    {
      "valid": true,
      "cx": 147.57999999999998,
      "cy": 113.24,
      "area": 500,
      "det_score": 0.4157,
      "sam_score": 0.9607,
      "box": [
        135.7,
        99.8,
        160.6,
        127.3
      ],
      "repeats": [
        [
          147.55,
          113.24
        ],
        [
          147.59,
          113.28
        ],
        [
          147.57,
          113.29
        ],
        [
          148.07,
          112.48
        ],
        [
          148.74,
          113.22
        ]
      ],
      "idx": 1607,
      "mislabel": false,
      "mislabel_reason": "ok",
      "e_unet": 1.19
    },
    {
      "valid": true,
      "cx": 147.59,
      "cy": 113.11,
      "area": 501,
      "det_score": 0.4129,
      "sam_score": 0.9614,
      "box": [
        135.7,
        99.7,
        160.5,
        127.1
      ],
      "repeats": [
        [
          147.54000000000002,
          113.11
        ],
        [
          147.59,
          113.15
        ],
        [
          147.61,
          113.06
        ],
        [
          147.99,
          112.36
        ],
        [
          148.78,
          113.08
        ]
      ],
      "idx": 1608,
      "mislabel": false,
      "mislabel_reason": "ok",
      "e_unet": 1.25
    },
    {
      "valid": true,
      "cx": 157.21,
      "cy": 100.67,
      "area": 484,
      "det_score": 0.3667,
      "sam_score": 0.9554,
      "box": [
        144.8,
        87.7,
        170.9,
        113.7
      ],
      "repeats": [
        [
          157.18,
          100.5
        ],
        [
          157.2,
          100.76
        ],
        [
          157.24,
          100.54
        ],
        [
          157.32,
          100.56
        ],
        [
          158.36,
          100.6
        ]
      ],
      "idx": 1609,
      "mislabel": false,
      "mislabel_reason": "ok",
      "e_unet": 0.96
    },
    {
      "valid": true,
      "cx": 168.45,
      "cy": 88.17,
      "area": 452,
      "det_score": 0.3725,
      "sam_score": 0.9566,
      "box": [
        156.0,
        77.1,
        183.2,
        99.1
      ],
      "repeats": [
        [
          168.81,
          87.91
        ],
        [
          168.75,
          88.08
        ],
        [
          168.85,
          87.98
        ],
        [
          168.9,
          87.87
        ],
        [
          169.81,
          88.04
        ]
      ],
      "idx": 1610,
      "mislabel": false,
      "mislabel_reason": "ok",
      "e_unet": 0.99
    },
    {
      "valid": true,
      "cx": 169.88,
      "cy": 86.87,
      "area": 432,
      "det_score": 0.4072,
      "sam_score": 0.9566,
      "box": [
        157.5,
        75.7,
        184.5,
        97.9
      ],
      "repeats": [
        [
          170.03,
          86.7
        ],
        [
          169.87,
          86.9
        ],
        [
          170.02,
          86.85
        ],
        [
          170.1,
          86.67
        ],
        [
          171.04,
          86.77
        ]
      ],
      "idx": 1611,
      "mislabel": false,
      "mislabel_reason": "ok",
      "e_unet": 0.93
    },
    {
      "valid": true,
      "cx": 170.37,
      "cy": 86.64,
      "area": 423,
      "det_score": 0.3961,
      "sam_score": 0.9598,
      "box": [
        158.0,
        75.6,
        184.8,
        97.4
      ],
      "repeats": [
        [
          170.5,
          86.55
        ],
        [
          170.55,
          86.58
        ],
        [
          170.56,
          86.53
        ],
        [
          170.5,
          86.49
        ],
        [
          171.56,
          86.58
        ]
      ],
      "idx": 1612,
      "mislabel": false,
      "mislabel_reason": "ok",
      "e_unet": 1.04
    },
    {
      "valid": true,
      "cx": 170.69,
      "cy": 86.46,
      "area": 411,
      "det_score": 0.4019,
      "sam_score": 0.9613,
      "box": [
        158.2,
        75.6,
        184.9,
        97.2
      ],
      "repeats": [
        [
          170.72,
          86.39
        ],
        [
          170.78,
          86.51
        ],
        [
          170.79,
          86.47
        ],
        [
          170.79,
          86.41
        ],
        [
          171.68,
          86.5
        ]
      ],
      "idx": 1613,
      "mislabel": false,
      "mislabel_reason": "ok",
      "e_unet": 0.88
    },
    {
      "valid": true,
      "cx": 170.07,
      "cy": 85.8,
      "area": 398,
      "det_score": 0.4154,
      "sam_score": 0.9603,
      "box": [
        157.8,
        75.3,
        183.8,
        96.4
      ],
      "repeats": [
        [
          170.08,
          85.76
        ],
        [
          170.08,
          85.83
        ],
        [
          170.1,
          85.88
        ],
        [
          170.15,
          85.74
        ],
        [
          171.13,
          85.81
        ]
      ],
      "idx": 1614,
      "mislabel": false,
      "mislabel_reason": "ok",
      "e_unet": 0.91
    },
    {
      "valid": true,
      "cx": 169.87,
      "cy": 84.89,
      "area": 371,
      "det_score": 0.3989,
      "sam_score": 0.9623,
      "box": [
        157.7,
        74.7,
        183.4,
        95.3
      ],
      "repeats": [
        [
          169.87,
          84.82
        ],
        [
          169.87,
          84.89
        ],
        [
          169.91,
          84.77
        ],
        [
          170.06,
          84.68
        ],
        [
          170.97,
          84.86
        ]
      ],
      "idx": 1615,
      "mislabel": false,
      "mislabel_reason": "ok",
      "e_unet": 0.98
    }
  ]
}