{
  "prompt": "black pupil.",
  "gsam2_centers": [
    {
      "valid": true,
      "cx": 114.69,
      "cy": 81.85,
      "area": 311,
      "det_score": 0.3247,
      "sam_score": 0.9398,
      "box": [
        103.8,
        71.3,
        125.3,
        93.7
      ],
      "repeats": [
        [
          114.57,
          81.77
        ],
        [
          114.64,
          82.03
        ],
        [
          114.63,
          81.97
        ],
        [
          114.71,
          81.8
        ],
        [
          115.65,
          81.95
        ]
      ],
      "idx": 1307,
      "mislabel": false,
      "mislabel_reason": "ok",
      "e_unet": 1.24
    },
    {
      "valid": true,
      "cx": 112.76,
      "cy": 82.75,
      "area": 310,
      "det_score": 0.339,
      "sam_score": 0.9421,
      "box": [
        101.8,
        72.1,
        123.1,
        94.2
      ],
      "repeats": [
        [
          112.02,
          82.65
        ],
        [
          112.65,
          82.92
        ],
        [
          112.62,
          82.72
        ],
        [
          112.91,
          82.49
        ],
        [
          113.30000000000001,
          82.75
        ]
      ],
      "idx": 1308,
      "mislabel": false,
      "mislabel_reason": "ok",
      "e_unet": 1.58
    },
    {
      "valid": true,
      "cx": 112.27,
      "cy": 82.82,
      "area": 313,
      "det_score": 0.3492,
      "sam_score": 0.9457,
      "box": [
        101.5,
        71.9,
        122.8,
        94.3
      ],
      "repeats": [
        [
          111.9,
          82.58
        ],
        [
          112.66,
          82.95
        ],
        [
          112.67,
          82.68
        ],
        [
          112.69,
          82.66
        ],
        [
          112.94999999999999,
          82.77
        ]
      ],
      "idx": 1309,
      "mislabel": false,
      "mislabel_reason": "ok",
      "e_unet": 1.51
    },
    {
      "valid": true,
      "cx": 112.07,
      "cy": 82.7,
      "area": 315,
      "det_score": 0.3638,
      "sam_score": 0.9418,
      "box": [
        101.4,
        71.9,
        122.6,
        94.5
      ],
      "repeats": [
        [
          111.73,
          82.64
        ],
        [
          112.24,
          82.85
        ],
        [
          112.5,
          82.77
        ],
        [
          112.57,
          82.66
        ],
        [
          112.72999999999999,
          82.77
        ]
      ],
      "idx": 1310,
      "mislabel": false,
      "mislabel_reason": "ok",
      "e_unet": 1.33
    },
    {
      "valid": true,
      "cx": 111.56,
      "cy": 82.71,
      "area": 314,
      "det_score": 0.3581,
      "sam_score": 0.9428,
      "box": [
        101.1,
        71.9,
        122.4,
        94.5
      ],
      "repeats": [
        [
          111.38,
          82.66
        ],
        [
          111.88,
          82.91
        ],
        [
          112.14,
          82.74
        ],
        [
          112.07,
          82.72
        ],
        [
          112.53,
          82.76
        ]
      ],
      "idx": 1311,
      "mislabel": false,
      "mislabel_reason": "ok",
      "e_unet": 1.17
    },
    {
      "valid": true,
      "cx": 105.84,
      "cy": 86.35,
      "area": 295,
      "det_score": 0.3585,
      "sam_score": 0.9402,
      "box": [
        95.9,
        74.4,
        116.4,
        98.4
      ],
      "repeats": [
        [
          105.85,
          86.3
        ],
        [
          105.91,
          86.53
        ],
        [
          105.94,
          86.42
        ],
        [
          106.11,
          86.12
        ],
        [
          106.97,
          86.53
        ]
      ],
      "idx": 1312,
      "mislabel": false,
      "mislabel_reason": "ok",
      "e_unet": 1.09
    },
    {
      "valid": true,
      "cx": 105.11,
      "cy": 86.95,
      "area": 289,
      "det_score": 0.3541,
      "sam_score": 0.9336,
      "box": [
        95.3,
        75.1,
        115.5,
        99.0
      ],
      "repeats": [
        [
          104.97,
          86.82
        ],
        [
          105.14,
          87.08
        ],
        [
          105.08,
          87.01
        ],
        [
          105.26,
          86.72
        ],
        [
          106.18,
          86.95
        ]
      ],
      "idx": 1313,
      "mislabel": false,
      "mislabel_reason": "ok",
      "e_unet": 1.37
    }
  ]
}