{
  "prompt": "black pupil.",
  "gsam2_centers": [
    {
      "valid": true,
      "cx": 136.87,
      "cy": 115.29,
      "area": 526,
      "det_score": 0.3761,
      "sam_score": 0.9513,
      "box": [
        122.5,
        99.2,
        151.5,
        132.7
      ],
      "repeats": [
        [
          136.91,
          115.14
        ],
        [
          136.86,
          115.41
        ],
        [
          136.91,
          115.28
        ],
        [
          136.95999999999998,
          115.14
        ],
        [
          137.94,
          115.48
        ]
      ],
      "idx": 1507,
      "mislabel": false,
      "mislabel_reason": "ok",
      "e_unet": 5.03
    },
    {
      "valid": true,
      "cx": 137.01999999999998,
      "cy": 115.5,
      "area": 517,
      "det_score": 0.4077,
      "sam_score": 0.9494,
      "box": [
        122.8,
        99.3,
        151.5,
        132.8
      ],
      "repeats": [
        [
          137.0,
          115.38
        ],
        [
          137.01,
          115.64
        ],
        [
          137.01999999999998,
          115.52
        ],
        [
          137.11,
          115.29
        ],
        [
          138.15,
          115.54
        ]
      ],
      "idx": 1508,
      "mislabel": false,
      "mislabel_reason": "ok",
      "e_unet": 4.82
    },
    {
      "valid": true,
      "cx": 137.06,
      "cy": 115.59,
      "area": 509,
      "det_score": 0.3952,
      "sam_score": 0.9504,
      "box": [
        122.7,
        99.6,
        151.5,
        133.0
      ],
      "repeats": [
        [
          137.03,
          115.57
        ],
        [
          136.99,
          115.94
        ],
        [
          137.04000000000002,
          115.71
        ],
        [
          137.12,
          115.52
        ],
        [
          138.23,
          115.67
        ]
      ],
      "idx": 1509,
      "mislabel": false,
      "mislabel_reason": "ok",
      "e_unet": 4.68
    },
    {
      "valid": true,
      "cx": 136.95,
      "cy": 115.97,
      "area": 512,
      "det_score": 0.3947,
      "sam_score": 0.951,
      "box": [
        122.7,
        99.7,
        151.2,
        133.1
      ],
      "repeats": [
        [
          137.0,
          115.71
        ],
        [
          136.95,
          116.03
        ],
        [
          137.04000000000002,
          115.74
        ],
        [
          137.07999999999998,
          115.72
        ],
        [
          138.18,
          115.86
        ]
      ],
      "idx": 1510,
      "mislabel": false,
      "mislabel_reason": "ok",
      "e_unet": 4.64
    },
    {
      "valid": true,
      "cx": 137.01999999999998,
      "cy": 115.96,
      "area": 514,
      "det_score": 0.3929,
      "sam_score": 0.9498,
      "box": [
        122.7,
        99.8,
        151.4,
        133.0
      ],
      "repeats": [
        [
          137.05,
          115.74
        ],
        [
          137.06,
          116.2
        ],
        [
          137.06,
          115.83
        ],
        [
          137.19,
          115.79
        ],
        [
          138.23,
          115.8
        ]
      ],
      "idx": 1511,
      "mislabel": false,
      "mislabel_reason": "ok",
      "e_unet": 4.56
    },
    {
      "valid": true,
      "cx": 138.01,
      "cy": 115.68,
      "area": 520,
      "det_score": 0.3884,
      "sam_score": 0.95,
      "box": [
        123.6,
        99.5,
        152.9,
        132.7
      ],
      "repeats": [
        [
          138.03,
          115.56
        ],
        [
          138.15,
          115.57
        ],
        [
          138.1,
          115.51
        ],
        [
          138.26999999999998,
          115.41
        ],
        [
          139.27,
          115.44
        ]
      ],
      "idx": 1512,
      "mislabel": false,
      "mislabel_reason": "ok",
      "e_unet": 4.31
    },
    {
      "valid": true,
      "cx": 147.49,
      "cy": 110.65,
      "area": 581,
      "det_score": 0.4009,
      "sam_score": 0.9588,
      "box": [
        132.3,
        95.8,
        164.0,
        126.3
      ],
      "repeats": [
        [
          147.4,
          110.63
        ],
        [
          147.48000000000002,
          110.73
        ],
        [
          147.45999999999998,
          110.69
        ],
        [
          147.64,
          110.47
        ],
        [
          148.68,
          110.63
        ]
      ],
      "idx": 1513,
      "mislabel": false,
      "mislabel_reason": "ok",
      "e_unet": 7.43
    }
  ]
}