{
  "prompt": "black pupil.",
  "gsam2_centers": [
    {
      "valid": true,
      "cx": 160.67,
      "cy": 136.07,
      "area": 1027,
      "det_score": 0.4395,
      "sam_score": 0.9703,
      "box": [
        143.1,
        116.7,
        178.8,
        156.8
      ],
      "repeats": [
        [
          160.56,
          136.15
        ],
        [
          160.66,
          136.26999999999998
        ],
        [
          160.72,
          136.07999999999998
        ],
        [
          160.71,
          136.01
        ],
        [
          161.51,
          136.5
        ]
      ],
      "idx": 2505,
      "mislabel": false,
      "mislabel_reason": "ok",
      "e_unet": 0.84
    },
    {
      "valid": true,
      "cx": 160.64,
      "cy": 136.72,
      "area": 1027,
      "det_score": 0.4364,
      "sam_score": 0.9706,
      "box": [
        143.3,
        117.1,
        179.0,
        157.1
      ],
      "repeats": [
        [
          160.51,
          136.81
        ],
        [
          160.54,
          136.85
        ],
        [
          160.58,
          136.76999999999998
        ],
        [
          160.88,
          136.41
        ],
        [
          161.67,
          136.75
        ]
      ],
      "idx": 2506,
      "mislabel": false,
      "mislabel_reason": "ok",
      "e_unet": 0.77
    },
    {
      "valid": true,
      "cx": 162.07,
      "cy": 139.19,
      "area": 1074,
      "det_score": 0.42,
      "sam_score": 0.9709,
      "box": [
        144.0,
        118.9,
        180.8,
        160.2
      ],
      "repeats": [
        [
          162.1,
          139.15
        ],
        [
          161.96,
          139.44
        ],
        [
          162.01,
          139.34
        ],
        [
          162.2,
          139.08
        ],
        [
          163.13,
          139.45
        ]
      ],
      "idx": 2507,
      "mislabel": false,
      "mislabel_reason": "ok",
      "e_unet": 0.69
    },
    {
      "valid": true,
      "cx": 162.31,
      "cy": 140.27,
      "area": 1073,
      "det_score": 0.4174,
      "sam_score": 0.9716,
      "box": [
        144.5,
        120.0,
        181.0,
        161.1
      ],
      "repeats": [
        [
          162.22,
          140.26
        ],
        [
          162.38,
          140.37
        ],
        [
          162.32,
          140.31
        ],
        [
          162.49,
          140.02
        ],
        [
          163.47,
          140.4
        ]
      ],
      "idx": 2508,
      "mislabel": false,
      "mislabel_reason": "ok",
      "e_unet": 0.56
    },
    {
      "valid": true,
      "cx": 162.5,
      "cy": 140.23,
      "area": 1061,
      "det_score": 0.4147,
      "sam_score": 0.9716,
      "box": [
        144.6,
        120.4,
        181.1,
        161.4
      ],
      "repeats": [
        [
          162.4,
          140.17
        ],
        [
          162.36,
          140.56
        ],
        [
          162.3,
          140.45
        ],
        [
          162.59,
          140.22
        ],
        [
          163.44,
          140.57
        ]
      ],
      "idx": 2509,
      "mislabel": false,
      "mislabel_reason": "ok",
      "e_unet": 0.58
    },
    {
      "valid": true,
      "cx": 162.8,
      "cy": 140.1,
      "area": 1074,
      "det_score": 0.4395,
      "sam_score": 0.9703,
      "box": [
        144.8,
        120.4,
        181.3,
        161.4
      ],
      "repeats": [
        [
          162.78,
          140.11
        ],
        [
          162.64,
          140.42
        ],
        [
          162.8,
          140.16
        ],
        [
          162.82,
          139.97
        ],
        [
          163.72,
          140.64
        ]
      ],
      "idx": 2510,
      "mislabel": false,
      "mislabel_reason": "ok",
      "e_unet": 0.66
    },
    {
      "valid": true,
      "cx": 162.06,
      "cy": 141.98,
      "area": 1084,
      "det_score": 0.3888,
      "sam_score": 0.9699,
      "box": [
        144.2,
        122.4,
        180.6,
        163.4
      ],
      "repeats": [
        [
          162.11,
          141.89
        ],
        [
          161.86,
          142.48
        ],
        [
          162.05,
          142.07
        ],
        [
          162.06,
          142.07
        ],
        [
          162.98,
          142.32
        ]
      ],
      "idx": 2511,
      "mislabel": false,
      "mislabel_reason": "ok",
      "e_unet": 0.54
    },
    {
      "valid": true,
      "cx": 162.35,
      "cy": 144.58,
      "area": 1075,
      "det_score": 0.4095,
      "sam_score": 0.9685,
      "box": [
        144.6,
        124.0,
        181.6,
        165.0
      ],
      "repeats": [
        [
          162.35,
          144.45
        ],
        [
          162.47,
          144.63
        ],
        [
          162.42,
          144.5
        ],
        [
          162.47,
          144.42
        ],
        [
          163.61,
          144.6
        ]
      ],
      "idx": 2512,
      "mislabel": false,
      "mislabel_reason": "ok",
      "e_unet": 0.56
    },
    {
      "valid": true,
      "cx": 162.63,
      "cy": 144.77,
      "area": 1066,
      "det_score": 0.3886,
      "sam_score": 0.9683,
      "box": [
        144.9,
        124.1,
        181.8,
        165.1
      ],
      "repeats": [
        [
          162.64,
          144.63
        ],
        [
          162.68,
          144.83
        ],
        [
          162.74,
          144.71
        ],
        [
          162.78,
          144.52
        ],
        [
          163.82,
          144.82
        ]
      ],
      "idx": 2513,
      "mislabel": false,
      "mislabel_reason": "ok",
      "e_unet": 0.58
    },
    {
      "valid": true,
      "cx": 162.89,
      "cy": 144.56,
      "area": 1050,
      "det_score": 0.4009,
      "sam_score": 0.9668,
      "box": [
        145.1,
        124.0,
        182.0,
        164.8
      ],
      "repeats": [
        [
          162.84,
          144.46
        ],
        [
          162.9,
          144.61
        ],
        [
          162.92,
          144.49
        ],
        [
          162.98,
          144.4
        ],
        [
          163.99,
          144.68
        ]
      ],
      "idx": 2514,
      "mislabel": false,
      "mislabel_reason": "ok",
      "e_unet": 0.67
    },
    {
      "valid": true,
      "cx": 163.02,
      "cy": 144.5,
      "area": 1042,
      "det_score": 0.4206,
      "sam_score": 0.9679,
      "box": [
        145.4,
        123.8,
        181.9,
        164.8
      ],
      "repeats": [
        [
          162.98,
          144.53
        ],
        [
          163.08,
          144.63
        ],
        [
          163.02,
          144.57
        ],
        [
          163.14,
          144.43
        ],
        [
          164.18,
          144.57
        ]
      ],
      "idx": 2515,
      "mislabel": false,
      "mislabel_reason": "ok",
      "e_unet": 0.57
    }
  ]
}