{
  "prompt": "black pupil.",
  "gsam2_centers": [
    {
      "valid": true,
      "cx": 128.12,
      "cy": 89.39,
      "area": 284,
      "det_score": 0.3746,
      "sam_score": 0.9472,
      "box": [
        118.2,
        79.4,
        139.1,
        99.8
      ],
      "repeats": [
        [
          128.12,
          89.31
        ],
        [
          128.2,
          89.46
        ],
        [
          128.26999999999998,
          89.19
        ],
        [
          128.26999999999998,
          89.22
        ],
        [
          129.24,
          89.39
        ]
      ],
      "idx": 2205,
      "mislabel": false,
      "mislabel_reason": "ok",
      "e_unet": 1.13
    },
    {
      "valid": true,
      "cx": 128.14,
      "cy": 89.32,
      "area": 288,
      "det_score": 0.3783,
      "sam_score": 0.9469,
      "box": [
        117.9,
        79.2,
        139.1,
        99.5
      ],
      "repeats": [
        [
          128.07999999999998,
          89.03
        ],
        [
          128.15,
          89.36
        ],
        [
          128.26,
          89.06
        ],
        [
          128.20999999999998,
          89.16
        ],
        [
          129.13,
          89.28
        ]
      ],
      "idx": 2206,
      "mislabel": false,
      "mislabel_reason": "ok",
      "e_unet": 1.15
    },
    {
      "valid": true,
      "cx": 128.09,
      "cy": 89.16,
      "area": 285,
      "det_score": 0.3794,
      "sam_score": 0.9454,
      "box": [
        118.0,
        79.1,
        139.2,
        99.4
      ],
      "repeats": [
        [
          128.07,
          88.94
        ],
        [
          128.13,
          89.25
        ],
        [
          128.25,
          88.98
        ],
        [
          128.16,
          89.02
        ],
        [
          129.12,
          89.21
        ]
      ],
      "idx": 2207,
      "mislabel": false,
      "mislabel_reason": "ok",
      "e_unet": 1.19
    },
    {
      "valid": true,
      "cx": 127.96,
      "cy": 89.08,
      "area": 278,
      "det_score": 0.386,
      "sam_score": 0.9455,
      "box": [
        118.0,
        79.0,
        139.1,
        98.8
      ],
      "repeats": [
        [
          128.06,
          88.7
        ],
        [
          128.01,
          89.21
        ],
        [
          128.31,
          88.71
        ],
        [
          128.32999999999998,
          88.7
        ],
        [
          129.06,
          89.07
        ]
      ],
      "idx": 2208,
      "mislabel": false,
      "mislabel_reason": "ok",
      "e_unet": 1.12
    },
    {
      "valid": true,
      "cx": 127.99,
      "cy": 88.9,
      "area": 276,
      "det_score": 0.375,
      "sam_score": 0.9445,
      "box": [
        118.1,
        78.8,
        139.0,
        98.5
      ],
      "repeats": [
        [
          128.2,
          88.44
        ],
        [
          127.93,
          89.0
        ],
        [
          128.32,
          88.52
        ],
        [
          128.31,
          88.54
        ],
        [
          129.07,
          88.83
        ]
      ],
      "idx": 2209,
      "mislabel": false,
      "mislabel_reason": "ok",
      "e_unet": 1.05
    },
    {
      "valid": true,
      "cx": 127.98,
      "cy": 88.83,
      "area": 279,
      "det_score": 0.3772,
      "sam_score": 0.9441,
      "box": [
        117.9,
        78.7,
        139.0,
        98.3
      ],
      "repeats": [
        [
          128.17000000000002,
          88.41
        ],
        [
          127.95,
          88.91
        ],
        [
          128.23000000000002,
          88.52
        ],
        [
          128.23000000000002,
          88.5
        ],
        [
          129.13,
          88.65
        ]
      ],
      "idx": 2210,
      "mislabel": false,
      "mislabel_reason": "ok",
      "e_unet": 1.15
    },
    {
      "valid": true,
      "cx": 127.04,
      "cy": 87.96,
      "area": 267,
      "det_score": 0.3766,
      "sam_score": 0.9424,
      "box": [
        117.0,
        78.2,
        138.0,
        97.6
      ],
      "repeats": [
        [
          127.09,
          87.87
        ],
        [
          126.93,
          88.29
        ],
        [
          127.16,
          87.99
        ],
        [
          127.27,
          87.74
        ],
        [
          128.12,
          87.89
        ]
      ],
      "idx": 2211,
      "mislabel": false,
      "mislabel_reason": "ok",
      "e_unet": 1.09
    },
    {
      "valid": true,
      "cx": 127.02,
      "cy": 87.12,
      "area": 268,
      "det_score": 0.3658,
      "sam_score": 0.9472,
      "box": [
        116.7,
        77.6,
        137.8,
        96.9
      ],
      "repeats": [
        [
          127.04,
          87.01
        ],
        [
          127.11,
          87.25
        ],
        [
          127.06,
          87.24
        ],
        [
          127.18,
          87.01
        ],
        [
          128.09,
          87.2
        ]
      ],
      "idx": 2212,
      "mislabel": false,
      "mislabel_reason": "ok",
      "e_unet": 0.98
    },
    {
      "valid": true,
      "cx": 127.11,
      "cy": 86.94,
      "area": 264,
      "det_score": 0.3666,
      "sam_score": 0.9459,
      "box": [
        116.9,
        77.4,
        137.9,
        96.8
      ],
      "repeats": [
        [
          127.06,
          86.9
        ],
        [
          127.06,
          87.11
        ],
        [
          127.18,
          86.91
        ],
        [
          127.18,
          86.88
        ],
        [
          128.09,
          87.03
        ]
      ],
      "idx": 2213,
      "mislabel": false,
      "mislabel_reason": "ok",
      "e_unet": 1.08
    },
    {
      "valid": true,
      "cx": 127.0,
      "cy": 86.89,
      "area": 261,
      "det_score": 0.3655,
      "sam_score": 0.9455,
      "box": [
        116.9,
        77.4,
        137.9,
        96.6
      ],
      "repeats": [
        [
          127.05,
          86.8
        ],
        [
          127.15,
          87.0
        ],
        [
          127.28,
          86.83
        ],
        [
          127.25,
          86.72
        ],
        [
          127.99000000000001,
          87.01
        ]
      ],
      "idx": 2214,
      "mislabel": false,
      "mislabel_reason": "ok",
      "e_unet": 1.07
    },
    {
      "valid": true,
      "cx": 126.99,
      "cy": 86.89,
      "area": 260,
      "det_score": 0.3554,
      "sam_score": 0.9473,
      "box": [
        117.0,
        77.4,
        137.9,
        96.5
      ],
      "repeats": [
        [
          127.03,
          86.67
        ],
        [
          127.05,
          86.91
        ],
        [
          127.03,
          86.77
        ],
        [
          127.23,
          86.62
        ],
        [
          128.0,
          86.9
        ]
      ],
      "idx": 2215,
      "mislabel": false,
      "mislabel_reason": "ok",
      "e_unet": 1.33
    }
  ]
}