(34.352703, 24.868448, 0.0)
(34.186596, 23.895641, 0.0)
(34.224808, 23.232304, 0.0)
(34.271740, 22.989349, 0.0)
(34.314812, 22.940388, 0.0)
(34.764885, 23.226019, 0.0)
(34.742088, 23.382589, 0.0)
(34.759922, 23.336250, 0.0)
(34.806885, 23.366182, 0.0)
(34.838852, 23.309961, 0.0)
(34.886169, 23.279949, 0.0)
(34.911385, 23.319653, 0.0)
(34.918663, 23.338980, 0.0)
(34.955891, 23.350630, 0.0)
(34.985321, 23.330412, 0.0)
(34.984020, 23.272915, 0.0)
(34.989651, 23.268044, 0.0)
(34.999542, 23.281832, 0.0)
(35.001228, 23.337755, 0.0)
(34.868061, 23.291302, 0.0)
(34.870686, 23.286261, 0.0)
(34.870686, 23.286261, 0.0)
(34.870686, 23.286261, 0.0)
(34.862228, 23.268496, 0.0)
(34.859261, 23.255957, 0.0)
(34.885708, 23.288504, 0.0)
(34.939205, 23.315119, 0.0)
(34.988552, 23.380325, 0.0)
(34.977997, 23.418585, 0.0)
(34.959538, 23.398117, 0.0)
(34.959152, 23.321800, 0.0)
(34.954609, 23.302397, 0.0)
(34.957638, 23.291107, 0.0)
(34.952797, 23.343258, 0.0)
(34.951736, 23.372753, 0.0)
(34.720554, 23.370831, 0.0)
(34.757053, 23.343832, 0.0)
(34.762821, 23.334311, 0.0)
(34.762478, 23.350983, 0.0)
(34.749027, 23.370535, 0.0)
(34.760395, 23.387518, 0.0)
(34.812218, 23.410885, 0.0)
(34.918972, 23.418295, 0.0)
(34.927158, 23.449001, 0.0)
(34.936737, 23.413488, 0.0)
(34.922470, 23.396826, 0.0)
(34.924671, 23.374359, 0.0)
(34.812069, 23.410782, 0.0)
(34.820267, 23.407784, 0.0)
(34.824013, 23.434334, 0.0)
(34.824184, 23.404522, 0.0)
(34.814178, 23.416533, 0.0)
(34.853943, 23.377348, 0.0)
(34.823917, 23.337427, 0.0)
(34.795952, 23.282259, 0.0)
(35.062592, 23.376076, 0.0)
(35.018169, 23.395689, 0.0)
(34.997742, 23.390152, 0.0)
(35.019279, 23.459023, 0.0)
(35.012226, 23.390085, 0.0)
(35.011433, 23.382643, 0.0)
(35.020454, 23.387564, 0.0)
(35.019848, 23.415445, 0.0)
(35.028126, 23.421515, 0.0)
(35.015678, 23.421011, 0.0)
(34.993298, 23.443111, 0.0)
(34.983784, 23.452377, 0.0)
(34.960560, 23.470747, 0.0)
(34.976719, 23.466219, 0.0)
(34.953892, 23.451788, 0.0)
(34.889603, 23.390703, 0.0)
(34.886070, 23.406679, 0.0)
(34.891426, 23.438744, 0.0)
(34.885677, 23.452991, 0.0)
(34.876621, 23.445730, 0.0)
(34.886181, 23.421644, 0.0)
(34.912029, 23.375343, 0.0)
(34.909748, 23.361551, 0.0)
(34.909317, 23.336464, 0.0)
(34.913139, 23.335302, 0.0)
(34.902622, 23.340982, 0.0)
(34.905098, 23.391613, 0.0)
(34.916470, 23.346270, 0.0)
(34.912510, 23.352489, 0.0)
(34.913139, 23.318279, 0.0)
(34.907269, 23.305897, 0.0)
(34.908775, 23.336060, 0.0)
(34.906414, 23.353952, 0.0)
(34.912094, 23.365845, 0.0)
(34.915710, 23.362316, 0.0)
(34.919971, 23.362354, 0.0)
(34.910061, 23.353201, 0.0)
(34.922993, 23.329582, 0.0)
(34.919174, 23.313560, 0.0)
(34.933388, 23.349390, 0.0)
(35.339615, 23.431824, 0.0)
(35.365784, 23.474163, 0.0)
(35.370098, 23.481913, 0.0)
(35.374020, 23.452534, 0.0)
(35.361233, 23.404718, 0.0)
(35.365982, 23.390739, 0.0)
(35.368744, 23.407885, 0.0)
(34.982582, 23.296242, 0.0)
(34.897167, 23.269066, 0.0)
(34.922913, 23.278536, 0.0)
(34.942051, 23.248680, 0.0)
(34.931793, 23.256615, 0.0)
(34.926495, 23.270784, 0.0)
(34.927044, 23.293139, 0.0)
(34.927044, 23.293139, 0.0)
(34.934937, 23.291376, 0.0)
(34.942921, 23.312439, 0.0)
(34.942497, 23.306274, 0.0)
(34.943253, 23.313467, 0.0)
(34.940979, 23.325911, 0.0)
(34.940979, 23.325911, 0.0)
(34.929672, 23.340414, 0.0)
(34.932678, 23.361055, 0.0)
(34.926716, 23.358082, 0.0)
(34.930252, 23.353025, 0.0)
(35.267513, 23.440821, 0.0)
(35.394783, 23.468191, 0.0)
(35.392593, 23.461123, 0.0)
(35.393013, 23.455421, 0.0)
(35.394783, 23.468191, 0.0)
(35.382641, 23.466942, 0.0)
(35.377186, 23.442776, 0.0)
(35.376484, 23.427265, 0.0)
(35.364944, 23.429371, 0.0)
(35.373112, 23.440634, 0.0)
(35.381504, 23.419029, 0.0)
(35.369942, 23.433603, 0.0)
(35.367023, 23.434578, 0.0)
(35.378540, 23.432467, 0.0)
(35.382545, 23.408020, 0.0)
(35.397354, 23.382174, 0.0)
(35.397324, 23.304453, 0.0)
(35.407833, 23.287708, 0.0)
(35.394112, 23.267887, 0.0)
(35.395016, 23.308813, 0.0)
(35.395519, 23.326027, 0.0)
(35.103268, 23.379292, 0.0)
(35.050346, 23.378939, 0.0)
(35.068020, 23.385426, 0.0)
(35.044605, 23.312904, 0.0)
(35.037704, 23.276625, 0.0)
(35.039452, 23.268707, 0.0)
(35.041115, 23.274065, 0.0)
(35.065708, 23.303764, 0.0)
(35.081642, 23.365309, 0.0)
(35.077137, 23.321377, 0.0)
(35.100582, 23.297129, 0.0)
(35.085545, 23.289022, 0.0)
(35.091789, 23.277592, 0.0)
(35.095707, 23.318066, 0.0)
(35.118690, 23.340559, 0.0)
(35.127720, 23.346027, 0.0)
(35.148518, 23.366154, 0.0)
(35.168743, 23.367470, 0.0)
(35.210747, 23.364241, 0.0)
(35.212902, 23.352760, 0.0)
(35.220051, 23.312632, 0.0)
(35.228729, 23.314878, 0.0)
(35.229927, 23.337809, 0.0)
(35.224945, 23.355043, 0.0)
(35.204803, 23.371243, 0.0)
(35.207729, 23.390030, 0.0)
(35.247513, 23.385851, 0.0)
(35.266273, 23.383379, 0.0)
(37.537949, 24.830971, 0.0)
(40.216930, 26.874964, 0.0)
(41.186649, 28.411047, 0.0)
(41.474033, 28.950745, 0.0)
(41.499687, 29.045681, 0.0)
(41.500202, 29.039953, 0.0)
(41.488251, 29.014111, 0.0)
(41.857937, 29.259588, 0.0)
(41.899036, 29.291796, 0.0)
(41.880768, 29.278137, 0.0)
(41.855515, 29.266733, 0.0)
(41.859287, 29.272247, 0.0)
(41.869442, 29.253527, 0.0)
(41.858669, 29.237486, 0.0)
(41.870140, 29.214403, 0.0)
(41.854916, 29.210800, 0.0)
(41.847179, 29.195892, 0.0)
(41.834900, 29.202749, 0.0)
(41.824471, 29.212765, 0.0)
(41.831459, 29.233469, 0.0)
(41.815453, 29.197674, 0.0)
(41.816307, 29.182846, 0.0)
(41.807056, 29.160212, 0.0)
(41.814037, 29.126221, 0.0)
(41.820873, 29.134489, 0.0)
(41.803871, 29.112654, 0.0)
(41.785412, 29.123043, 0.0)
(41.793373, 29.119247, 0.0)
(41.603542, 28.472668, 0.0)
(41.548714, 27.198881, 0.0)
(41.558895, 27.087317, 0.0)
(41.546703, 27.117949, 0.0)
(41.536289, 27.117111, 0.0)
(41.510284, 27.099251, 0.0)
(41.513268, 27.131624, 0.0)
(41.480995, 27.127026, 0.0)
(41.496006, 27.142565, 0.0)
(41.480995, 27.159157, 0.0)
(41.280155, 25.665129, 0.0)
(41.326199, 22.604216, 0.0)
(41.421089, 21.149925, 0.0)
(41.496494, 20.985270, 0.0)
(41.434982, 21.030972, 0.0)
(41.376690, 21.019945, 0.0)
(41.330204, 20.994844, 0.0)
(41.315819, 21.016657, 0.0)
(41.468449, 21.119129, 0.0)
(41.454994, 21.152382, 0.0)
(41.444633, 21.130053, 0.0)
(41.434624, 21.124674, 0.0)
(41.430233, 21.142204, 0.0)
(41.419804, 21.141474, 0.0)
(41.413158, 21.158974, 0.0)
(41.394787, 21.148174, 0.0)
(41.382519, 21.178183, 0.0)
(41.383766, 21.128925, 0.0)
(41.350609, 21.149426, 0.0)
(41.342873, 21.125299, 0.0)
(41.349495, 21.154911, 0.0)
(41.316341, 21.175524, 0.0)
(41.323780, 21.259052, 0.0)
(41.317474, 21.244089, 0.0)
(41.316650, 21.272020, 0.0)
(41.297848, 21.249027, 0.0)
(41.286160, 21.255114, 0.0)
(41.288876, 21.248375, 0.0)
(41.287731, 21.224005, 0.0)
(41.288403, 21.196726, 0.0)
(41.270432, 21.240032, 0.0)
(41.262402, 21.223858, 0.0)
(41.262402, 21.223858, 0.0)
(41.260426, 21.213985, 0.0)
(41.244545, 21.207254, 0.0)
(41.237873, 21.175692, 0.0)
(41.211658, 21.202620, 0.0)
(41.180763, 21.190495, 0.0)
(37.671341, 20.231195, 0.0)
(28.584929, 27.383469, 0.0)
(27.543905, 27.847700, 0.0)
(27.254812, 27.889194, 0.0)
(27.212093, 27.905136, 0.0)
(27.195398, 27.954498, 0.0)
(26.922171, 28.849155, 0.0)
(26.716042, 29.173759, 0.0)
(26.654638, 29.181740, 0.0)
(26.613176, 29.185532, 0.0)
(26.600592, 29.157400, 0.0)
(26.609772, 29.174873, 0.0)
(26.822668, 29.002035, 0.0)
(26.786127, 29.017048, 0.0)
(26.764307, 29.024731, 0.0)
(26.755133, 29.017021, 0.0)
(26.744215, 29.014009, 0.0)
(26.752396, 29.012434, 0.0)
(26.746567, 29.008999, 0.0)
(26.740181, 29.038158, 0.0)
(26.733839, 29.036509, 0.0)
(26.733839, 29.036509, 0.0)
(26.733839, 29.036509, 0.0)
(26.725945, 29.023777, 0.0)
(26.709316, 29.024471, 0.0)
(26.725945, 29.023777, 0.0)
(26.706152, 29.023394, 0.0)
(26.725945, 29.023777, 0.0)
(26.725636, 29.035635, 0.0)
(26.986776, 27.602951, 0.0)
(27.016861, 26.735338, 0.0)
(26.958462, 26.654945, 0.0)
(26.952621, 26.661564, 0.0)
(26.916258, 26.687559, 0.0)
(26.885504, 25.903954, 0.0)
(26.531750, 22.233252, 0.0)
(26.290535, 20.998930, 0.0)
(26.218914, 21.223385, 0.0)
(26.148643, 21.395817, 0.0)
(26.085236, 21.485268, 0.0)
(25.946253, 21.174089, 0.0)
(25.912624, 21.170288, 0.0)
(25.912518, 21.244284, 0.0)
(25.924744, 21.261604, 0.0)
(25.924892, 21.263426, 0.0)
(25.924471, 21.281538, 0.0)
(25.922600, 21.276634, 0.0)
(25.948643, 21.237358, 0.0)
(25.948431, 21.228168, 0.0)
(25.966368, 21.257109, 0.0)
(25.953396, 21.275961, 0.0)
(25.909090, 21.329395, 0.0)
(25.930855, 21.312742, 0.0)
(25.908875, 21.273304, 0.0)
(25.886671, 21.228252, 0.0)
(25.891159, 21.217094, 0.0)
(25.908581, 21.211468, 0.0)
(25.910389, 21.246964, 0.0)
(25.908852, 21.267693, 0.0)
(25.906061, 21.258007, 0.0)
(25.896969, 21.260132, 0.0)
(25.901344, 21.249041, 0.0)
(25.898981, 21.244867, 0.0)
(25.910362, 21.252621, 0.0)
(25.916950, 21.250839, 0.0)
(25.914484, 21.240126, 0.0)
(25.917347, 21.224855, 0.0)
(25.938971, 21.233521, 0.0)
(25.969219, 21.199837, 0.0)
(25.960693, 21.187252, 0.0)
(25.996546, 21.143250, 0.0)
(28.093447, 20.879431, 0.0)
(33.068394, 21.606047, 0.0)
(34.532173, 23.264582, 0.0)
(34.603661, 23.496567, 0.0)
(34.565399, 23.345617, 0.0)
(34.559361, 23.270500, 0.0)
(34.565582, 23.228630, 0.0)
(34.800903, 23.295967, 0.0)
(34.859661, 23.372810, 0.0)
(34.853939, 23.344662, 0.0)
(34.873596, 23.368612, 0.0)
(34.908096, 23.373449, 0.0)
(34.905788, 23.344658, 0.0)
(34.910336, 23.344738, 0.0)
(34.905788, 23.344658, 0.0)
(34.923737, 23.372705, 0.0)
(34.922840, 23.356497, 0.0)
(34.931164, 23.365492, 0.0)
(34.931808, 23.362768, 0.0)
(34.922832, 23.363821, 0.0)
(34.920956, 23.339031, 0.0)
(34.920956, 23.339031, 0.0)
(34.917873, 23.326780, 0.0)
(34.909878, 23.351572, 0.0)
(34.894318, 23.368015, 0.0)
(34.892307, 23.373255, 0.0)
(34.888531, 23.369497, 0.0)
(34.888855, 23.291021, 0.0)
(34.893551, 23.279989, 0.0)
(34.896378, 23.251610, 0.0)
(34.903633, 23.237658, 0.0)
(34.890823, 23.260845, 0.0)
(34.872433, 23.299177, 0.0)
(34.886585, 23.259928, 0.0)
(34.896965, 23.245983, 0.0)
(34.901543, 23.247152, 0.0)
(34.908005, 23.256996, 0.0)
(34.884068, 23.290010, 0.0)
(33.178356, 23.572258, 0.0)
(28.636833, 24.375872, 0.0)
(26.983944, 25.097435, 0.0)
(26.778175, 25.124668, 0.0)
(26.739021, 25.160046, 0.0)
(26.489532, 25.531857, 0.0)
(26.278688, 25.745392, 0.0)
(26.246078, 25.793869, 0.0)
(26.235653, 25.812927, 0.0)
(26.223808, 25.815561, 0.0)
(26.220539, 25.811729, 0.0)
(26.212183, 25.809704, 0.0)
(26.211576, 25.779537, 0.0)
(26.137587, 25.718699, 0.0)
(26.118652, 25.747206, 0.0)
(26.157452, 25.747692, 0.0)
(26.147064, 25.776516, 0.0)
(26.113503, 25.758965, 0.0)
(26.063036, 25.740931, 0.0)
(26.078091, 25.743355, 0.0)
(26.092686, 25.741337, 0.0)
(26.093962, 25.761759, 0.0)
(26.089699, 25.766283, 0.0)
(26.086121, 25.783463, 0.0)
(26.098904, 25.780819, 0.0)
(26.101858, 25.774454, 0.0)
(26.100071, 25.776085, 0.0)
(26.116222, 25.770727, 0.0)
(26.129179, 25.760090, 0.0)
(26.130005, 25.735518, 0.0)
(26.132782, 25.751648, 0.0)
(26.140827, 25.753736, 0.0)
(26.150940, 25.692741, 0.0)
(26.175039, 25.662838, 0.0)
(26.221685, 25.657969, 0.0)
(26.234795, 25.646181, 0.0)
(26.268179, 25.666422, 0.0)
(26.424580, 25.795387, 0.0)
(28.031603, 28.399454, 0.0)
(27.944777, 28.716066, 0.0)
(27.857042, 28.699062, 0.0)
(27.799768, 28.665426, 0.0)
(27.996597, 28.988630, 0.0)
(27.968876, 29.125692, 0.0)
(27.948183, 29.120420, 0.0)
(27.942324, 29.085430, 0.0)
(27.944681, 29.027065, 0.0)
(27.941196, 29.019651, 0.0)
(27.929731, 29.020454, 0.0)
(27.928209, 29.006607, 0.0)
(27.939644, 29.002996, 0.0)
(28.018364, 28.998268, 0.0)
(27.996634, 29.008345, 0.0)
(27.967216, 29.001398, 0.0)
(27.971354, 28.978035, 0.0)
(27.958008, 28.961802, 0.0)
(27.970047, 28.943558, 0.0)
(27.977457, 28.948847, 0.0)
(27.984104, 28.996923, 0.0)
(27.975214, 29.002625, 0.0)
(27.973940, 28.974026, 0.0)
(27.973940, 28.951509, 0.0)
(27.971422, 28.949068, 0.0)
(27.986273, 28.959322, 0.0)
(27.980923, 28.985888, 0.0)
(27.986040, 28.978666, 0.0)
(27.986868, 28.983532, 0.0)
(28.001711, 28.981251, 0.0)
(27.998142, 28.933367, 0.0)
(27.983908, 28.929182, 0.0)
(27.988846, 28.890440, 0.0)
(27.989719, 28.906679, 0.0)
(27.993187, 28.920897, 0.0)
(27.990479, 28.955656, 0.0)
(28.003422, 28.919275, 0.0)
(28.365288, 25.967606, 0.0)
(28.509459, 23.079243, 0.0)
(28.558924, 22.838263, 0.0)
(28.557598, 22.878941, 0.0)
(28.539103, 22.895121, 0.0)
(28.530811, 22.875233, 0.0)
(28.852629, 22.908495, 0.0)
(28.918818, 22.915638, 0.0)
(28.914997, 22.912344, 0.0)
(28.904694, 22.917416, 0.0)
(28.901642, 22.933578, 0.0)
(28.889870, 22.920155, 0.0)
(28.896931, 22.907848, 0.0)
(28.893839, 22.912821, 0.0)
(28.882450, 22.895298, 0.0)
(28.882715, 22.900743, 0.0)
(28.885508, 22.890310, 0.0)
(28.885508, 22.890310, 0.0)
(28.883631, 22.920269, 0.0)
(28.882133, 22.950047, 0.0)
(28.860798, 22.932156, 0.0)
(28.845236, 22.862486, 0.0)
(28.852827, 22.839632, 0.0)
(28.852821, 22.833433, 0.0)
(28.855492, 22.853388, 0.0)
(28.854345, 22.872982, 0.0)
(28.845596, 22.875088, 0.0)
(28.848583, 22.854517, 0.0)
(28.851646, 22.859043, 0.0)
(28.855104, 22.862892, 0.0)
(28.815298, 22.771828, 0.0)
(28.814085, 22.773350, 0.0)
(28.814085, 22.773350, 0.0)
(28.814085, 22.773350, 0.0)
(28.814085, 22.773350, 0.0)
(28.827803, 22.775116, 0.0)
(28.959560, 22.753815, 0.0)
(33.732346, 20.997377, 0.0)
(36.442188, 20.146788, 0.0)
(37.724785, 20.296221, 0.0)
(37.831505, 20.431393, 0.0)
(37.810856, 20.439016, 0.0)
(37.838673, 20.397293, 0.0)
(37.862389, 20.417536, 0.0)
(38.197044, 20.511686, 0.0)
(38.206467, 20.514177, 0.0)
(38.215031, 20.508999, 0.0)
(38.229744, 20.513046, 0.0)
(38.244476, 20.470516, 0.0)
(38.254108, 20.464745, 0.0)
(38.246170, 20.455107, 0.0)
(38.253181, 20.458820, 0.0)
(38.239902, 20.464146, 0.0)
(38.242382, 20.458662, 0.0)
(38.227188, 20.462576, 0.0)
(38.238899, 20.456209, 0.0)
(37.926434, 20.481697, 0.0)
(37.893852, 20.530811, 0.0)
(38.342781, 20.804924, 0.0)
(38.377052, 20.855286, 0.0)
(38.369137, 20.842123, 0.0)
(38.385651, 20.876314, 0.0)
(38.389999, 20.868807, 0.0)
(38.347095, 20.821758, 0.0)
(38.358929, 20.791924, 0.0)
(38.321518, 20.804134, 0.0)
(38.223186, 21.098902, 0.0)
(38.207069, 21.143681, 0.0)
(38.191906, 21.154461, 0.0)
(38.180267, 21.134596, 0.0)
(38.162941, 21.126980, 0.0)
(38.182796, 21.156435, 0.0)
(38.182796, 21.156435, 0.0)
(38.188084, 21.159506, 0.0)
(38.173241, 21.162611, 0.0)
(35.740742, 20.578257, 0.0)
(31.226858, 20.004601, 0.0)
(29.475479, 20.239199, 0.0)
(29.324112, 20.257692, 0.0)
(29.314787, 20.239069, 0.0)
(29.066826, 20.183466, 0.0)
(28.921810, 19.937262, 0.0)
(28.866074, 19.909071, 0.0)
(28.844856, 19.886768, 0.0)
(28.853619, 19.856203, 0.0)
(28.845707, 19.849796, 0.0)
(28.832485, 19.831917, 0.0)
(28.728352, 19.888376, 0.0)
(28.694763, 19.939058, 0.0)
(28.690577, 19.925413, 0.0)
(28.654417, 19.921085, 0.0)
(28.645828, 19.922319, 0.0)
(28.660292, 19.941864, 0.0)
(28.631359, 19.943451, 0.0)
(28.630470, 19.958242, 0.0)
(28.639759, 19.988016, 0.0)
(28.622683, 20.005836, 0.0)
(28.640738, 19.988527, 0.0)
(28.645884, 19.976973, 0.0)
(28.651253, 19.963591, 0.0)
(28.654753, 19.958931, 0.0)
(28.652706, 19.991425, 0.0)
(28.641476, 20.020851, 0.0)
(28.626158, 20.045528, 0.0)
(28.634199, 20.037123, 0.0)
(28.635485, 20.002131, 0.0)
(28.625679, 19.975758, 0.0)
(28.609728, 19.946848, 0.0)
(28.630245, 19.972208, 0.0)
(28.525553, 21.166956, 0.0)
(28.459221, 21.350702, 0.0)
(28.431387, 21.307041, 0.0)
(28.422985, 21.301809, 0.0)
(28.407421, 21.262094, 0.0)
(28.410215, 21.304840, 0.0)
(29.871395, 21.493185, 0.0)
(34.530643, 22.703791, 0.0)
(37.720711, 24.279682, 0.0)
(39.930725, 26.132391, 0.0)
(40.585224, 27.073820, 0.0)
(40.633026, 27.103464, 0.0)
(40.646793, 27.043600, 0.0)
(40.769974, 27.079073, 0.0)
(41.194977, 27.454359, 0.0)
(41.283726, 27.479090, 0.0)
(41.279984, 27.434204, 0.0)
(41.272129, 27.406334, 0.0)
(41.258831, 27.353399, 0.0)
(41.244129, 27.344866, 0.0)
(41.240166, 27.347752, 0.0)
(41.232300, 27.352896, 0.0)
(41.228394, 27.348160, 0.0)
(41.228394, 27.348160, 0.0)
(41.214252, 27.360058, 0.0)
(41.203712, 27.362669, 0.0)
(41.197056, 27.367624, 0.0)
(41.194729, 27.333309, 0.0)
(41.194855, 27.348600, 0.0)
(41.194855, 27.348600, 0.0)
(41.193367, 27.325373, 0.0)
(41.170650, 27.315548, 0.0)
(41.033340, 27.121838, 0.0)
(40.964645, 27.121002, 0.0)
(40.966778, 27.132710, 0.0)
(40.970016, 27.138029, 0.0)
(40.978714, 27.142950, 0.0)
(40.966778, 27.132710, 0.0)
(40.968956, 27.108263, 0.0)
(40.968956, 27.108263, 0.0)
(40.956112, 27.115099, 0.0)
(39.851078, 25.359875, 0.0)
(39.798267, 25.089418, 0.0)
(39.834789, 25.078238, 0.0)
(39.836266, 25.056454, 0.0)
(39.852936, 25.057510, 0.0)
(39.926071, 25.097548, 0.0)
(40.050510, 25.146103, 0.0)
(40.069881, 25.140255, 0.0)
(40.068104, 25.153008, 0.0)
(40.092697, 25.163275, 0.0)
(40.106762, 25.153067, 0.0)
(40.107540, 25.138823, 0.0)
(40.098198, 25.135807, 0.0)
(40.099308, 25.131905, 0.0)
(40.090008, 25.130070, 0.0)
(40.099308, 25.131905, 0.0)
(40.094646, 25.130123, 0.0)
(40.085388, 25.092808, 0.0)
(40.085880, 25.100199, 0.0)
(40.080227, 25.083076, 0.0)
(40.087059, 25.107693, 0.0)
(40.065952, 25.086939, 0.0)
(40.052990, 25.063675, 0.0)
(40.050995, 25.041553, 0.0)
(40.030327, 25.020107, 0.0)
(40.040447, 25.025450, 0.0)
(39.360561, 24.902296, 0.0)
(39.029743, 24.729771, 0.0)
(39.029320, 24.713957, 0.0)
(39.027233, 24.705400, 0.0)
(39.018814, 24.673006, 0.0)
(39.018814, 24.673006, 0.0)
(39.016319, 24.666178, 0.0)
(36.456730, 23.329367, 0.0)
(35.995296, 22.862892, 0.0)
(35.959766, 22.799168, 0.0)
(35.940922, 22.769487, 0.0)
(35.931801, 22.764576, 0.0)
(35.884777, 22.742563, 0.0)
(32.943138, 21.529875, 0.0)
(32.853802, 21.543858, 0.0)
(32.835854, 21.516832, 0.0)
(32.805443, 21.550406, 0.0)
(32.799339, 21.534842, 0.0)
(32.669788, 21.368227, 0.0)
(32.650738, 21.343786, 0.0)
(32.642170, 21.360804, 0.0)
(32.619591, 21.358370, 0.0)
(32.631176, 21.357071, 0.0)
(32.617420, 21.367851, 0.0)
(32.615009, 21.362070, 0.0)
(32.607086, 21.352842, 0.0)
(32.616428, 21.367064, 0.0)
(32.614582, 21.372847, 0.0)
(32.615158, 21.380381, 0.0)
(32.607040, 21.387413, 0.0)
(32.564846, 21.420891, 0.0)
(32.466557, 21.442858, 0.0)
(32.446060, 21.418108, 0.0)
(32.445629, 21.430466, 0.0)
(32.471275, 21.435719, 0.0)
(32.486198, 21.433460, 0.0)
(32.458900, 21.399738, 0.0)
(32.450939, 21.405539, 0.0)
(32.455433, 21.408663, 0.0)
(32.482288, 21.392733, 0.0)
(32.479431, 21.400963, 0.0)
(32.474895, 21.389135, 0.0)
(32.488087, 21.390327, 0.0)
(32.488956, 21.384493, 0.0)
(32.488956, 21.384493, 0.0)
(32.482403, 21.375507, 0.0)
(32.482403, 21.375507, 0.0)
(32.482403, 21.375507, 0.0)
(31.879429, 22.000536, 0.0)
(29.220497, 24.701670, 0.0)
(29.102570, 24.961258, 0.0)
(29.056473, 24.884659, 0.0)
(28.976879, 24.853394, 0.0)
(28.904749, 24.819826, 0.0)
(28.874094, 24.830711, 0.0)
(28.864012, 24.870516, 0.0)
(28.840879, 24.892841, 0.0)
(28.835255, 24.874294, 0.0)
(28.835255, 24.874294, 0.0)
(28.815651, 24.881893, 0.0)
(28.800858, 24.929493, 0.0)
(28.802078, 24.951223, 0.0)
(28.795151, 24.943748, 0.0)
(28.813139, 24.916935, 0.0)
(28.813139, 24.916935, 0.0)
(28.813139, 24.916935, 0.0)
(28.815958, 24.921871, 0.0)
(28.811884, 24.925375, 0.0)
(28.811798, 24.931314, 0.0)
(28.815723, 24.934851, 0.0)
(28.523621, 25.110559, 0.0)
(28.530247, 25.094635, 0.0)
(28.563280, 25.029154, 0.0)
(28.554558, 24.968048, 0.0)
(28.557680, 24.957529, 0.0)
(28.554335, 24.962088, 0.0)
(28.556284, 24.992382, 0.0)
(28.718941, 25.014515, 0.0)
(28.749355, 25.002781, 0.0)
(28.733410, 24.985958, 0.0)
(28.741560, 24.989967, 0.0)
(28.724649, 25.007374, 0.0)
(28.712708, 25.064939, 0.0)
(28.695053, 25.094805, 0.0)
(28.702801, 25.099100, 0.0)
(28.706301, 25.088562, 0.0)
(28.705023, 25.078358, 0.0)
(32.692440, 23.609190, 0.0)
(36.128857, 22.843622, 0.0)
(36.326187, 22.956543, 0.0)
(36.315868, 22.962780, 0.0)
(36.307293, 22.943653, 0.0)
(36.336803, 22.915897, 0.0)
(36.602825, 22.739336, 0.0)
(36.680016, 22.659889, 0.0)
(36.662933, 22.639517, 0.0)
(36.698772, 22.628693, 0.0)
(36.703613, 22.635992, 0.0)
(36.733540, 22.667908, 0.0)
(36.715473, 22.643864, 0.0)
(36.718693, 22.609602, 0.0)
(36.721699, 22.622738, 0.0)
(36.708858, 22.608065, 0.0)
(36.703613, 22.635992, 0.0)
(36.703430, 22.629255, 0.0)
(36.701561, 22.622551, 0.0)
(36.723488, 22.618742, 0.0)
(36.723488, 22.618742, 0.0)
(36.693485, 22.647270, 0.0)
(36.612167, 22.620594, 0.0)
(36.590038, 22.620594, 0.0)
(36.563450, 22.606504, 0.0)
(36.581020, 22.591331, 0.0)
(36.567142, 22.564650, 0.0)
(36.557571, 22.562286, 0.0)
(36.539650, 22.529781, 0.0)
(36.548496, 22.558319, 0.0)
(36.531990, 22.561291, 0.0)
(36.520992, 22.563057, 0.0)
(36.509495, 22.540880, 0.0)
(36.510212, 22.526667, 0.0)
(36.492931, 22.515837, 0.0)
(36.499805, 22.515898, 0.0)
(36.482468, 22.510769, 0.0)
(34.794868, 21.265791, 0.0)
(33.143147, 19.446154, 0.0)
(32.609039, 19.161432, 0.0)
(32.555355, 19.174799, 0.0)
(32.512646, 19.232054, 0.0)
(32.507618, 19.256086, 0.0)
(32.409107, 19.051805, 0.0)
(32.383911, 19.046154, 0.0)
(32.377224, 19.043005, 0.0)
(32.362545, 19.016861, 0.0)
(32.347130, 18.996742, 0.0)
(32.344517, 18.990337, 0.0)
(32.344517, 18.990337, 0.0)
(32.360596, 19.010801, 0.0)
(32.342125, 19.027887, 0.0)
(32.325512, 19.009762, 0.0)
(32.306511, 18.989931, 0.0)
(32.309067, 19.024887, 0.0)
(32.296230, 19.050703, 0.0)
(32.251614, 19.082956, 0.0)
(32.242577, 19.096987, 0.0)
(32.237499, 19.099030, 0.0)
(32.242577, 19.096987, 0.0)
(32.247826, 19.100224, 0.0)
(32.236622, 19.071342, 0.0)
(32.231873, 19.073423, 0.0)
(32.236816, 19.071369, 0.0)
(32.324444, 19.509531, 0.0)
(32.284573, 19.641628, 0.0)
(32.278931, 19.612686, 0.0)
(32.264122, 19.589790, 0.0)
(32.259212, 19.586168, 0.0)
(32.296127, 19.566660, 0.0)
(32.273193, 19.576605, 0.0)
(32.269432, 19.592272, 0.0)
(32.271374, 19.609697, 0.0)
(32.271374, 19.609697, 0.0)
(32.254021, 19.605431, 0.0)
(29.799555, 20.589823, 0.0)
(26.955275, 23.062521, 0.0)
(26.449799, 24.416658, 0.0)
(26.247789, 24.647039, 0.0)
(26.210333, 24.700298, 0.0)
(26.181429, 24.698385, 0.0)
(26.161716, 24.685175, 0.0)
(26.113401, 24.700411, 0.0)
(25.872477, 24.922131, 0.0)
(25.806358, 24.982693, 0.0)
(25.802202, 24.986301, 0.0)
(25.787905, 24.953430, 0.0)
(25.781242, 24.940727, 0.0)
(25.773844, 24.919712, 0.0)
(25.776888, 24.906603, 0.0)
(25.777252, 24.912416, 0.0)
(25.776417, 24.925266, 0.0)
(25.776653, 24.918829, 0.0)
(25.774349, 24.920031, 0.0)
(25.770203, 24.905807, 0.0)
(25.773378, 24.933271, 0.0)
(25.769569, 24.930187, 0.0)
(25.771292, 24.924177, 0.0)
(26.777767, 24.422722, 0.0)
(26.998611, 24.339176, 0.0)
(27.015137, 24.345285, 0.0)
(26.990307, 24.335230, 0.0)
(27.015137, 24.345285, 0.0)
(27.015137, 24.345285, 0.0)
(27.010468, 24.346199, 0.0)
(27.019306, 24.329340, 0.0)
(27.014221, 24.339928, 0.0)
(27.015955, 24.304911, 0.0)
(27.011946, 24.275597, 0.0)
(27.069851, 24.299383, 0.0)
(27.063311, 24.324652, 0.0)
(27.100824, 24.309395, 0.0)
(30.653805, 25.212954, 0.0)
(33.091743, 27.084024, 0.0)
(33.078327, 27.112675, 0.0)
(32.979443, 27.093111, 0.0)
(32.967880, 27.094057, 0.0)
(32.939083, 27.050835, 0.0)
(32.913635, 27.531263, 0.0)
(32.855450, 27.603260, 0.0)
(32.841717, 27.574562, 0.0)
(32.822056, 27.569231, 0.0)
(32.806110, 27.517136, 0.0)
(32.788082, 27.520693, 0.0)
(32.753029, 27.514198, 0.0)
(32.748661, 27.557549, 0.0)
(32.739265, 27.529781, 0.0)
(32.720867, 27.509632, 0.0)
(32.728809, 27.475628, 0.0)
(32.744068, 27.427662, 0.0)
(32.739586, 27.453859, 0.0)
(32.729492, 27.470848, 0.0)
(32.749538, 26.726767, 0.0)
(32.754253, 26.603331, 0.0)
(32.735851, 26.606918, 0.0)
(32.741745, 26.600309, 0.0)
(32.743931, 26.606993, 0.0)
(32.755352, 26.623308, 0.0)
(33.551773, 25.796753, 0.0)
(34.065399, 25.120001, 0.0)
(34.071873, 25.102917, 0.0)
(34.059628, 25.092173, 0.0)
(34.052761, 25.099100, 0.0)
(34.081085, 25.092890, 0.0)
(34.062145, 25.116093, 0.0)
(34.043049, 25.156757, 0.0)
(34.046974, 25.116280, 0.0)
(34.055168, 25.096869, 0.0)
(34.066708, 25.125217, 0.0)
(34.670124, 24.570665, 0.0)
(34.805294, 24.254332, 0.0)
(34.757351, 24.223871, 0.0)
(34.757324, 24.189831, 0.0)
(34.749672, 24.203171, 0.0)
(34.748955, 24.191664, 0.0)
(34.752975, 24.165104, 0.0)
(34.765598, 24.214998, 0.0)
(34.801620, 24.202728, 0.0)
(34.799881, 24.185963, 0.0)
(34.807549, 24.192760, 0.0)
(34.806023, 24.204977, 0.0)
(34.813957, 24.183249, 0.0)
(34.806614, 24.206518, 0.0)
(34.818027, 24.206825, 0.0)
(34.814747, 24.210659, 0.0)
(34.809963, 24.227449, 0.0)
(34.806858, 24.258064, 0.0)
(34.809963, 24.227449, 0.0)
(34.800304, 24.188383, 0.0)
(34.798546, 24.193731, 0.0)
(34.800552, 24.177221, 0.0)
(34.792183, 24.189800, 0.0)
(34.799881, 24.185963, 0.0)
(34.794636, 24.183168, 0.0)
(34.816788, 23.925976, 0.0)
(35.009895, 23.491924, 0.0)
(34.992474, 23.455008, 0.0)
(34.996334, 23.475048, 0.0)
(35.000278, 23.454571, 0.0)
(34.994011, 23.471519, 0.0)
(35.001846, 23.449209, 0.0)
(35.016781, 23.447584, 0.0)
(35.014153, 23.460321, 0.0)
(34.999950, 23.443640, 0.0)
(35.010517, 23.455938, 0.0)
(34.996067, 23.436764, 0.0)
(35.001122, 23.475817, 0.0)
(34.989586, 23.448597, 0.0)
(32.151608, 23.203505, 0.0)
(28.241413, 23.193836, 0.0)
(27.487541, 23.376270, 0.0)
(27.361187, 23.428139, 0.0)
(27.368593, 23.439039, 0.0)
(27.371923, 23.452345, 0.0)
(27.361820, 23.476088, 0.0)
(27.253969, 23.344629, 0.0)
(27.231239, 23.333906, 0.0)
(27.235992, 23.340393, 0.0)
(27.222193, 23.342232, 0.0)
(27.240328, 23.368538, 0.0)
(27.241198, 23.387413, 0.0)
(27.039955, 23.488079, 0.0)
(27.001909, 23.523722, 0.0)
(27.018141, 23.514498, 0.0)
(27.017262, 23.507975, 0.0)
(27.010416, 23.496758, 0.0)
(27.010416, 23.496758, 0.0)
(27.002424, 23.496807, 0.0)
(27.000412, 23.529121, 0.0)
(27.207827, 23.270466, 0.0)
(27.210455, 23.291506, 0.0)
(27.204674, 23.309975, 0.0)
(27.209093, 23.242844, 0.0)
(27.197762, 23.217749, 0.0)
(27.190752, 23.173479, 0.0)
(27.192678, 23.185640, 0.0)
(27.206903, 23.218296, 0.0)
(27.211815, 23.228157, 0.0)
(27.417969, 23.245838, 0.0)
(27.426447, 23.248596, 0.0)
(27.423298, 23.241785, 0.0)
(27.423876, 23.253910, 0.0)
(27.426552, 23.254927, 0.0)
(27.423023, 23.273052, 0.0)
(27.427361, 23.269743, 0.0)
(27.566820, 23.208792, 0.0)
(32.134392, 21.119606, 0.0)
(35.423573, 19.778997, 0.0)
(37.492981, 19.859968, 0.0)
(38.086384, 20.114100, 0.0)
(38.115574, 20.199959, 0.0)
(38.132195, 20.214046, 0.0)
(38.173729, 20.200979, 0.0)
(38.100800, 19.897436, 0.0)
(38.057667, 19.798321, 0.0)
(38.081062, 19.761494, 0.0)
(38.062943, 19.735920, 0.0)
(38.081062, 19.761494, 0.0)
(38.082348, 19.781096, 0.0)
(38.070515, 19.777958, 0.0)
(37.595242, 19.752964, 0.0)
(37.531467, 19.749697, 0.0)
(37.513680, 19.708717, 0.0)
(37.515594, 19.695688, 0.0)
(37.496498, 19.715656, 0.0)
(37.476234, 19.720684, 0.0)
(37.476234, 19.720684, 0.0)
(37.450611, 19.734726, 0.0)
(37.455685, 19.740385, 0.0)
(37.444458, 19.741283, 0.0)
(37.434177, 19.728821, 0.0)
(37.444645, 19.765591, 0.0)
(37.433643, 19.768528, 0.0)
(37.441273, 19.770372, 0.0)
(37.444584, 19.791147, 0.0)
(37.437580, 19.777954, 0.0)
(37.410164, 19.736946, 0.0)
(37.405106, 19.714743, 0.0)
(37.419994, 19.697475, 0.0)
(37.405106, 19.714743, 0.0)
(37.395069, 19.753056, 0.0)
(37.384083, 19.742170, 0.0)
(34.696602, 20.147490, 0.0)
(31.628805, 22.238813, 0.0)
(31.307259, 23.784996, 0.0)
(31.209639, 23.853943, 0.0)
(31.145691, 23.826614, 0.0)
(31.105917, 23.798172, 0.0)
(31.078596, 23.783237, 0.0)
(30.892004, 23.541082, 0.0)
(30.867329, 23.490040, 0.0)
(30.853327, 23.461599, 0.0)
(30.850248, 23.437258, 0.0)
(30.843840, 23.444809, 0.0)
(30.839760, 23.460583, 0.0)
(30.826130, 23.463825, 0.0)
(30.818741, 23.446154, 0.0)
(30.819870, 23.436148, 0.0)
(30.808680, 23.435560, 0.0)
(30.799017, 23.343674, 0.0)
(30.763077, 23.322195, 0.0)
(30.781822, 23.313551, 0.0)
(30.782370, 23.334044, 0.0)
(30.753983, 23.366959, 0.0)
(30.753473, 23.320892, 0.0)
(30.746567, 23.336838, 0.0)
(30.734936, 23.320892, 0.0)
(30.756540, 23.336636, 0.0)
(30.742510, 23.348032, 0.0)
(30.722876, 23.387751, 0.0)
(30.742830, 23.388832, 0.0)
(30.712601, 23.376324, 0.0)
(30.735113, 23.370998, 0.0)
(30.737867, 23.350573, 0.0)
(30.742197, 23.348619, 0.0)
(30.737423, 23.338560, 0.0)
(30.750347, 23.368666, 0.0)
(30.761217, 23.401777, 0.0)
(30.751245, 23.416584, 0.0)
(32.893082, 22.646154, 0.0)
(36.538040, 21.056688, 0.0)
(37.714531, 20.893122, 0.0)
(37.873714, 20.851311, 0.0)
(37.866665, 20.905983, 0.0)
(37.875034, 20.926525, 0.0)
(38.074162, 21.093807, 0.0)
(38.239338, 21.152351, 0.0)
(38.265636, 21.109766, 0.0)
(38.287968, 21.100698, 0.0)
(38.297447, 21.074556, 0.0)
(38.300644, 21.070066, 0.0)
(38.313004, 21.084106, 0.0)
(38.326988, 21.095602, 0.0)
(38.331032, 21.111141, 0.0)
(38.331032, 21.111141, 0.0)
(38.300846, 21.081932, 0.0)
(38.288483, 21.067789, 0.0)
(37.952164, 21.115091, 0.0)
(37.830376, 21.106613, 0.0)
(37.855808, 21.122141, 0.0)
(37.840858, 21.110153, 0.0)
(37.857418, 21.104862, 0.0)
(37.850819, 21.059675, 0.0)
(37.865696, 21.046154, 0.0)
(37.845814, 21.015039, 0.0)
(37.843948, 21.033398, 0.0)
(37.858437, 21.083790, 0.0)
(37.850342, 21.077765, 0.0)
(37.850342, 21.077765, 0.0)
(37.839073, 21.068871, 0.0)
(37.839073, 21.068871, 0.0)
(37.839073, 21.068871, 0.0)
(37.828121, 21.069954, 0.0)
(37.823772, 21.073088, 0.0)
(37.869682, 21.110878, 0.0)
(38.156681, 21.267292, 0.0)
(38.212734, 21.297947, 0.0)
(38.192295, 21.284014, 0.0)
(38.459030, 21.698030, 0.0)
(39.991982, 25.562580, 0.0)
(40.078423, 27.319483, 0.0)
(39.978577, 27.342396, 0.0)
(39.946556, 27.202696, 0.0)
(39.926170, 27.122061, 0.0)
(39.901733, 27.077515, 0.0)
(39.918880, 27.022287, 0.0)
(39.915791, 27.042849, 0.0)
(40.136517, 27.090467, 0.0)
(40.127007, 27.027229, 0.0)
(40.124001, 27.032536, 0.0)
(40.124500, 27.046513, 0.0)
(40.105057, 27.037788, 0.0)
(40.100548, 27.025547, 0.0)
(40.102325, 27.018906, 0.0)
(40.099453, 27.012856, 0.0)
(39.706993, 26.681007, 0.0)
(39.720570, 26.436924, 0.0)
(39.744877, 26.417723, 0.0)
(39.743565, 26.424616, 0.0)
(39.742241, 26.417522, 0.0)
(39.761654, 26.406000, 0.0)
(39.762180, 26.343956, 0.0)
(39.758026, 26.301016, 0.0)
(39.752754, 26.319862, 0.0)
(39.751484, 26.303375, 0.0)
(39.744907, 26.299681, 0.0)
(39.740673, 26.329786, 0.0)
(39.743526, 26.277737, 0.0)
(39.135212, 25.897457, 0.0)
(38.773277, 25.436777, 0.0)
(38.746471, 25.343788, 0.0)
(38.744854, 25.382023, 0.0)
(38.736370, 25.361437, 0.0)
(38.724991, 25.359850, 0.0)
(38.781731, 24.995707, 0.0)
(39.255726, 22.054426, 0.0)
(39.500263, 20.578321, 0.0)
(39.523193, 20.552122, 0.0)
(39.535305, 20.664864, 0.0)
(39.516167, 20.674110, 0.0)
(39.527779, 20.733393, 0.0)
(39.516304, 20.725132, 0.0)
(39.537571, 20.699366, 0.0)
(39.519745, 20.665802, 0.0)
(39.547150, 20.661629, 0.0)
(39.681675, 20.817690, 0.0)
(39.728550, 20.904486, 0.0)
(39.715614, 20.874901, 0.0)
(39.718338, 20.849977, 0.0)
(39.701832, 20.848324, 0.0)
(39.717468, 20.869043, 0.0)
(39.715614, 20.874901, 0.0)
(39.687717, 20.861538, 0.0)
(39.275875, 20.832315, 0.0)
(39.250130, 20.859440, 0.0)
(39.265457, 20.857899, 0.0)
(39.273975, 20.878948, 0.0)
(39.281322, 20.904037, 0.0)
(39.258987, 20.873045, 0.0)
(39.258987, 20.873045, 0.0)
(39.257015, 20.894699, 0.0)
(39.232025, 20.879984, 0.0)
(39.207561, 20.886896, 0.0)
(39.202312, 20.901281, 0.0)
(39.183838, 20.881205, 0.0)
(39.188194, 20.887640, 0.0)
(39.168945, 20.874737, 0.0)
(39.155411, 20.840813, 0.0)
(39.150936, 20.821419, 0.0)
(39.160748, 20.828600, 0.0)
(39.168476, 20.871660, 0.0)
(39.179039, 20.908712, 0.0)
(37.459976, 22.568369, 0.0)
(35.422951, 25.189743, 0.0)
(35.101635, 25.084227, 0.0)
(35.075356, 24.946310, 0.0)
(35.046989, 24.923424, 0.0)
(35.026196, 24.906590, 0.0)
(35.038860, 24.889940, 0.0)
(35.030930, 24.911921, 0.0)
(35.039913, 25.308424, 0.0)
(35.046497, 25.318050, 0.0)
(35.022552, 25.289719, 0.0)
(35.040119, 25.284630, 0.0)
(35.055286, 25.323921, 0.0)
(35.043060, 25.322361, 0.0)
(35.046459, 25.275188, 0.0)
(35.047749, 25.313351, 0.0)
(35.035484, 25.275688, 0.0)
(35.003391, 25.291540, 0.0)
(34.991676, 25.288380, 0.0)
(34.983807, 25.292307, 0.0)
(34.607956, 24.480995, 0.0)
(34.606659, 24.226171, 0.0)
(34.602539, 24.223261, 0.0)
(34.602539, 24.223261, 0.0)
(34.597076, 24.214027, 0.0)
(34.570896, 24.205883, 0.0)
(34.562733, 24.208597, 0.0)
(34.574181, 24.228376, 0.0)
(34.566048, 24.217087, 0.0)
(34.536846, 24.159544, 0.0)
(34.546856, 24.146282, 0.0)
(34.549324, 24.161226, 0.0)
(34.548492, 24.158499, 0.0)
(34.533169, 24.160845, 0.0)
(34.554955, 24.156643, 0.0)
(34.537174, 24.153734, 0.0)
(34.561550, 24.167065, 0.0)
(34.547390, 24.166954, 0.0)
(35.152138, 26.082560, 0.0)
(35.154907, 26.974184, 0.0)
(35.139179, 26.968449, 0.0)
(35.139179, 26.968449, 0.0)
(35.124096, 26.956144, 0.0)
(35.119514, 26.977131, 0.0)
(35.100838, 27.377039, 0.0)
(35.050476, 27.404167, 0.0)
(35.016167, 27.414001, 0.0)
(34.994770, 27.421700, 0.0)
(34.983532, 27.408361, 0.0)
(34.998352, 27.387238, 0.0)
(34.995239, 27.364853, 0.0)
(34.989182, 27.306229, 0.0)
(34.996284, 27.312302, 0.0)
(35.003906, 27.048649, 0.0)
(35.001266, 26.972080, 0.0)
(35.001492, 26.977955, 0.0)
(35.030804, 26.982929, 0.0)
(35.024879, 27.006840, 0.0)
(35.007252, 27.024734, 0.0)
(35.016930, 27.055538, 0.0)
(34.828331, 25.687729, 0.0)
(34.736061, 23.644495, 0.0)
(34.644615, 23.616396, 0.0)
(34.610073, 23.649532, 0.0)
(34.586227, 23.658567, 0.0)
(34.581844, 23.656775, 0.0)
(34.554977, 23.657417, 0.0)
(34.554977, 23.657417, 0.0)
(34.554039, 23.641689, 0.0)
(34.525967, 23.667322, 0.0)
(34.538235, 23.643238, 0.0)
(34.545189, 23.622858, 0.0)
(34.546669, 23.594543, 0.0)
(34.522461, 23.600058, 0.0)
(34.519882, 23.622377, 0.0)
(32.169052, 24.298351, 0.0)
(28.420778, 26.178902, 0.0)
(27.809229, 26.500450, 0.0)
(27.654139, 26.566729, 0.0)
(27.643833, 26.583328, 0.0)
(27.597092, 26.592981, 0.0)
(27.571964, 26.628288, 0.0)
(27.474010, 26.793074, 0.0)
(27.504383, 26.901617, 0.0)
(27.484324, 26.921211, 0.0)
(27.489252, 26.908428, 0.0)
(27.490705, 26.916306, 0.0)
(27.494019, 26.908051, 0.0)
(27.488861, 26.912024, 0.0)
(27.488220, 26.924816, 0.0)
(27.484974, 26.933453, 0.0)
(27.483263, 26.939535, 0.0)
(27.484716, 26.907782, 0.0)
(27.486919, 26.689907, 0.0)
(27.489552, 26.536331, 0.0)
(27.489771, 26.530073, 0.0)
(27.497055, 26.582289, 0.0)
(27.502760, 26.611553, 0.0)
(27.495573, 26.608124, 0.0)
(27.497187, 26.602165, 0.0)
(28.412048, 25.061337, 0.0)
(28.528614, 24.647799, 0.0)
(28.507830, 24.658215, 0.0)
(28.504927, 24.669773, 0.0)
(28.474897, 24.707987, 0.0)
(28.496866, 24.691160, 0.0)
(28.499697, 24.680336, 0.0)
(28.499697, 24.680336, 0.0)
(28.505001, 24.674688, 0.0)
(28.514277, 24.675058, 0.0)
(28.521147, 24.674368, 0.0)
(28.812111, 24.442661, 0.0)
(30.687054, 22.386066, 0.0)
(30.721987, 22.285532, 0.0)
(30.687620, 22.260077, 0.0)
(30.647821, 22.249651, 0.0)
(30.645096, 22.261450, 0.0)
(30.656450, 22.256411, 0.0)
(30.651936, 22.281536, 0.0)
(30.662945, 22.293447, 0.0)
(30.685154, 22.261066, 0.0)
(30.685154, 22.261066, 0.0)
(30.677418, 22.276417, 0.0)
(30.684734, 22.267340, 0.0)
(30.685154, 22.261066, 0.0)
(30.673929, 22.272102, 0.0)
(30.688768, 22.271328, 0.0)
(30.682507, 22.250496, 0.0)
(30.676716, 22.240784, 0.0)
(30.684483, 22.222027, 0.0)
(30.679911, 22.224176, 0.0)
(30.703705, 22.248520, 0.0)
(30.682266, 22.292677, 0.0)
(30.653097, 22.336109, 0.0)
(30.664221, 22.320406, 0.0)
(30.963505, 22.081505, 0.0)
(31.321159, 21.730539, 0.0)
(31.323849, 21.699558, 0.0)
(31.342607, 21.714251, 0.0)
(31.330441, 21.760000, 0.0)
(31.319818, 21.768286, 0.0)
(31.323124, 21.736071, 0.0)
(31.867615, 21.622879, 0.0)
(32.975090, 21.245409, 0.0)
(33.056202, 21.226114, 0.0)
(33.036301, 21.240810, 0.0)
(33.026318, 21.218565, 0.0)
(33.025246, 21.240763, 0.0)
(33.026867, 21.252163, 0.0)
(33.031464, 21.249695, 0.0)
(33.026867, 21.252163, 0.0)
(34.851845, 23.365095, 0.0)
(36.143482, 26.790617, 0.0)
(36.753960, 28.467781, 0.0)
(36.742142, 28.548861, 0.0)
(36.733902, 28.502357, 0.0)
(36.753086, 28.477314, 0.0)
(36.832821, 28.427067, 0.0)
(37.245884, 28.603252, 0.0)
(37.148037, 28.597895, 0.0)
(37.092697, 28.541775, 0.0)
(37.108921, 28.632683, 0.0)
(37.080894, 28.665012, 0.0)
(37.065601, 28.647186, 0.0)
(37.061680, 28.648584, 0.0)
(37.053520, 28.674879, 0.0)
(37.052216, 28.680984, 0.0)
(37.045277, 28.690145, 0.0)
(37.059826, 28.696526, 0.0)
(37.060905, 28.675116, 0.0)
(37.067608, 28.669119, 0.0)
(37.068748, 28.655415, 0.0)
(37.069809, 28.628798, 0.0)
(37.065544, 28.618437, 0.0)
(37.062073, 28.641394, 0.0)
(37.057838, 28.656933, 0.0)
(37.017448, 28.705326, 0.0)
(36.756611, 27.935526, 0.0)
(36.711895, 27.727053, 0.0)
(36.708920, 27.698807, 0.0)
(36.706619, 27.659630, 0.0)
(36.690361, 27.501312, 0.0)
(35.953445, 23.755093, 0.0)
(35.477268, 22.488901, 0.0)
(35.405365, 22.471111, 0.0)
(35.352005, 22.514843, 0.0)
(35.316338, 22.511345, 0.0)
(35.309959, 22.496246, 0.0)
(35.283562, 22.507910, 0.0)
(35.258465, 22.496264, 0.0)
(33.113377, 25.615635, 0.0)
(31.924202, 27.844742, 0.0)
(31.678402, 28.044756, 0.0)
(31.516870, 28.027054, 0.0)
(31.455793, 28.033045, 0.0)
(31.241001, 27.864695, 0.0)
(31.183535, 27.619402, 0.0)
(31.108856, 27.622675, 0.0)
(31.073965, 27.634792, 0.0)
(31.031242, 27.614410, 0.0)
(31.011734, 27.592951, 0.0)
(31.008333, 27.589420, 0.0)
(30.984108, 27.566916, 0.0)
(30.947021, 27.586920, 0.0)
(30.958471, 27.551432, 0.0)
(31.013584, 26.587677, 0.0)
(30.950985, 26.496195, 0.0)
(30.923468, 26.492212, 0.0)
(30.923779, 26.448160, 0.0)
(30.910727, 26.453257, 0.0)
(30.910854, 26.448553, 0.0)
(30.903700, 26.442558, 0.0)
(31.654263, 25.401169, 0.0)
(31.980482, 24.703297, 0.0)
(32.000610, 24.646559, 0.0)
(31.990828, 24.644272, 0.0)
(32.000610, 24.642193, 0.0)
(32.001831, 24.648693, 0.0)
(32.001831, 24.648693, 0.0)
(32.005810, 24.650782, 0.0)
(32.006126, 24.658585, 0.0)
(32.004570, 24.644583, 0.0)
(32.024178, 24.639114, 0.0)
(32.023914, 24.629082, 0.0)
(32.038612, 24.612597, 0.0)
(32.024178, 24.639114, 0.0)
(32.289093, 24.511763, 0.0)
(35.247742, 22.437704, 0.0)
(37.809082, 21.920355, 0.0)
(38.150497, 22.046919, 0.0)
(38.176140, 22.095186, 0.0)
(40.520878, 22.323154, 0.0)
(41.724480, 22.503119, 0.0)
(41.797451, 22.630144, 0.0)
(41.743404, 22.712645, 0.0)
(41.719933, 22.675028, 0.0)
(42.025326, 22.661806, 0.0)
(42.009171, 22.640495, 0.0)
(41.989513, 22.639019, 0.0)
(41.924324, 22.674847, 0.0)
(41.921478, 22.699474, 0.0)
(41.905617, 22.718163, 0.0)
(41.844097, 22.640463, 0.0)
(41.839302, 22.601973, 0.0)
(41.824520, 22.572107, 0.0)
(41.793758, 22.584955, 0.0)
(41.827934, 22.638990, 0.0)
(41.741974, 22.646803, 0.0)
(39.379852, 21.601391, 0.0)
(39.265255, 21.600527, 0.0)
(39.298092, 21.547365, 0.0)
(39.294106, 21.511110, 0.0)
(39.308334, 21.527416, 0.0)
(39.310726, 21.512051, 0.0)
(39.304283, 21.486031, 0.0)
(39.342625, 21.491344, 0.0)
(39.351627, 21.493784, 0.0)
(39.356022, 21.471195, 0.0)
(39.348476, 21.435551, 0.0)
(39.343620, 21.425541, 0.0)
(39.348358, 21.453438, 0.0)
(39.347267, 21.466272, 0.0)
(39.326958, 21.452133, 0.0)
(36.120232, 20.240513, 0.0)
(36.132256, 20.140308, 0.0)
(36.170895, 20.048958, 0.0)
(36.167770, 20.030294, 0.0)
(36.499275, 19.911486, 0.0)
(36.491722, 19.828356, 0.0)
(36.472530, 19.836296, 0.0)
(36.483860, 19.833651, 0.0)
(36.487480, 19.813873, 0.0)
(36.481850, 19.767385, 0.0)
(36.476585, 19.758869, 0.0)
(36.473156, 19.770975, 0.0)
(36.473629, 19.772879, 0.0)
(36.472031, 19.778776, 0.0)
(36.472031, 19.778776, 0.0)
(36.472031, 19.778776, 0.0)
(36.472031, 19.778776, 0.0)
(36.473114, 19.749508, 0.0)
(36.473866, 19.736357, 0.0)
(36.457130, 19.748718, 0.0)
(36.457130, 19.748718, 0.0)
(36.452724, 19.759905, 0.0)
(36.444111, 19.806753, 0.0)
(36.439308, 19.763180, 0.0)
(36.438824, 19.721949, 0.0)
(36.438354, 19.668835, 0.0)
(36.438354, 19.668835, 0.0)
(36.421051, 19.728752, 0.0)
(36.417744, 19.755440, 0.0)
(36.424049, 19.766535, 0.0)
(36.412949, 19.740536, 0.0)
(36.416183, 19.716923, 0.0)
(36.399834, 19.707579, 0.0)
(36.421043, 19.735929, 0.0)
(36.418652, 19.741039, 0.0)
(36.412132, 19.734814, 0.0)
(36.414104, 19.748625, 0.0)
(36.410522, 19.734381, 0.0)
(36.499893, 19.848673, 0.0)
(40.048931, 24.003580, 0.0)
(40.871433, 26.679031, 0.0)
(40.715111, 27.581318, 0.0)
(40.666084, 27.617573, 0.0)
(40.659325, 27.603760, 0.0)
(41.231663, 28.135721, 0.0)
(41.245552, 28.204889, 0.0)
(41.225006, 28.168091, 0.0)
(41.230015, 28.095612, 0.0)
(41.226536, 28.042198, 0.0)
(41.215523, 28.026960, 0.0)
(41.210861, 28.045206, 0.0)
(41.193924, 28.065546, 0.0)
(41.193447, 28.075750, 0.0)
(41.413166, 28.108809, 0.0)
(41.601269, 27.893213, 0.0)
(41.631836, 27.882841, 0.0)
(41.602161, 27.874132, 0.0)
(41.597946, 27.921877, 0.0)
(41.572693, 27.916777, 0.0)
(41.566280, 27.921385, 0.0)
(41.631710, 27.889231, 0.0)
(41.853462, 27.494236, 0.0)
(41.875126, 27.450624, 0.0)
(41.862747, 27.448231, 0.0)
(41.854435, 27.414873, 0.0)
(41.847843, 27.418381, 0.0)
(42.006584, 27.374899, 0.0)
(42.014423, 27.408058, 0.0)
(42.010792, 27.387239, 0.0)
(41.998127, 27.352381, 0.0)
(41.991070, 27.295662, 0.0)
(41.966499, 27.261826, 0.0)
(41.966980, 27.269962, 0.0)
(41.968590, 27.334316, 0.0)
(41.955154, 27.314106, 0.0)
(41.937878, 27.291677, 0.0)
(39.590702, 26.557127, 0.0)
(34.986538, 26.159962, 0.0)
(33.559578, 26.266378, 0.0)
(33.407429, 26.253540, 0.0)
(33.414345, 26.245066, 0.0)
(33.417503, 26.192951, 0.0)
(33.388210, 26.149113, 0.0)
(33.380409, 26.140125, 0.0)
(33.353493, 26.116375, 0.0)
(33.309620, 26.114607, 0.0)
(33.144875, 26.196383, 0.0)
(33.133968, 26.210392, 0.0)
(33.145596, 26.241972, 0.0)
(33.122738, 26.277460, 0.0)
(33.128197, 26.252897, 0.0)
(33.100674, 26.182199, 0.0)
(33.027756, 26.152294, 0.0)
(33.028221, 26.117647, 0.0)
(33.041351, 26.132938, 0.0)
(33.021812, 26.176790, 0.0)
(33.014469, 26.172958, 0.0)
(33.016911, 26.159267, 0.0)
(32.998222, 26.157145, 0.0)
(32.998222, 26.157145, 0.0)
(32.984184, 26.055153, 0.0)
(33.031490, 24.509153, 0.0)
(32.985191, 24.429249, 0.0)
(32.930431, 24.449633, 0.0)
(32.922684, 24.424162, 0.0)
(32.931156, 24.425423, 0.0)
(32.924541, 24.418377, 0.0)
(32.935345, 24.403490, 0.0)
(32.905632, 24.428778, 0.0)
(32.905632, 24.428778, 0.0)
(32.898388, 24.448067, 0.0)
(32.905632, 24.453938, 0.0)
(33.620605, 22.988609, 0.0)
(34.162918, 20.463348, 0.0)
(34.179375, 20.236656, 0.0)
(34.148846, 20.315369, 0.0)
(34.180367, 20.347992, 0.0)
(34.594494, 20.356869, 0.0)
(34.634186, 20.370329, 0.0)
(34.610889, 20.357979, 0.0)
(34.592587, 20.338106, 0.0)
(34.596264, 20.297632, 0.0)
(34.583630, 20.269518, 0.0)
(34.594303, 20.294226, 0.0)
(34.597183, 20.314005, 0.0)
(34.597183, 20.314005, 0.0)
(34.584816, 20.298470, 0.0)
(34.603935, 20.303558, 0.0)
(34.586727, 20.270483, 0.0)
(34.574928, 20.262051, 0.0)
(34.554005, 20.253164, 0.0)
(34.551311, 20.244160, 0.0)
(34.553616, 20.273624, 0.0)
(34.543919, 20.309196, 0.0)
(34.567471, 20.329481, 0.0)
(34.570969, 20.274546, 0.0)
(34.549118, 20.250643, 0.0)
(34.554405, 20.242298, 0.0)
(34.555771, 20.236467, 0.0)
(34.553116, 20.266857, 0.0)
(34.562019, 20.300917, 0.0)
(34.565784, 20.310804, 0.0)
(34.552429, 20.285805, 0.0)
(34.547729, 20.281258, 0.0)
(34.552773, 20.279772, 0.0)
(34.547401, 20.287273, 0.0)
(34.566048, 20.297436, 0.0)
(34.543137, 20.334024, 0.0)
(34.543137, 20.334024, 0.0)
(34.541210, 20.345869, 0.0)
(31.169693, 20.446247, 0.0)
(27.767666, 20.867773, 0.0)
(27.423239, 20.977276, 0.0)
(27.380367, 20.979839, 0.0)
(27.320917, 21.028490, 0.0)
(27.322008, 21.068348, 0.0)
(27.288399, 21.082218, 0.0)
(27.291016, 21.069159, 0.0)
(27.247366, 20.986916, 0.0)
(27.298140, 20.805834, 0.0)
(27.288265, 20.802618, 0.0)
(27.288265, 20.802618, 0.0)
(27.301735, 20.818245, 0.0)
(27.292746, 20.823006, 0.0)
(27.286234, 20.795441, 0.0)
(27.292950, 20.764032, 0.0)
(27.287621, 20.783052, 0.0)
(27.276661, 20.816957, 0.0)
(27.247696, 20.848372, 0.0)
(27.238678, 20.860880, 0.0)
(27.229548, 20.878227, 0.0)
(27.232986, 20.881964, 0.0)
(27.240952, 20.872715, 0.0)
(27.245472, 20.868717, 0.0)
(27.250357, 20.866783, 0.0)
(27.250357, 20.866783, 0.0)
(27.258638, 20.883490, 0.0)
(27.273300, 20.881882, 0.0)
(27.260679, 20.911070, 0.0)
(27.277302, 20.877720, 0.0)
(27.264050, 20.860262, 0.0)
(27.264063, 20.809505, 0.0)
(27.268103, 20.796270, 0.0)
(27.283794, 20.837889, 0.0)
(27.297840, 20.861290, 0.0)
(27.327698, 20.849680, 0.0)
(27.309294, 20.826862, 0.0)
(28.177742, 21.015802, 0.0)
(30.428667, 23.107794, 0.0)
(31.113691, 25.766809, 0.0)
(31.172617, 26.029726, 0.0)
(31.121458, 26.014315, 0.0)
(31.105209, 26.003906, 0.0)
(31.049580, 25.373459, 0.0)
(31.013792, 25.279919, 0.0)
(31.000282, 25.288675, 0.0)
(30.984877, 25.294415, 0.0)
(30.971058, 25.273653, 0.0)
(30.968479, 25.254784, 0.0)
(30.961191, 25.242582, 0.0)
(30.968157, 25.243206, 0.0)
(30.959822, 25.196497, 0.0)
(30.943811, 25.145329, 0.0)
(30.941446, 25.122375, 0.0)
(31.084089, 25.128948, 0.0)
(31.087734, 25.159672, 0.0)
(31.082222, 25.150501, 0.0)
(31.072571, 25.135090, 0.0)
(31.069384, 25.098749, 0.0)
(31.069042, 25.079060, 0.0)
(31.050182, 25.085974, 0.0)
(31.062620, 25.060257, 0.0)
(31.052225, 25.059578, 0.0)
(31.051497, 25.052082, 0.0)
(31.058241, 25.059673, 0.0)
(31.056843, 25.049850, 0.0)
(31.064417, 25.057943, 0.0)
(31.057201, 25.078606, 0.0)
(31.057621, 25.082212, 0.0)
(31.056616, 25.087791, 0.0)
(31.022570, 25.126463, 0.0)
(30.954554, 24.953737, 0.0)
(30.951393, 24.910769, 0.0)
(30.949013, 24.888792, 0.0)
(30.948997, 24.875021, 0.0)
(31.056908, 24.758829, 0.0)
(33.560070, 21.401684, 0.0)
(34.510502, 19.820396, 0.0)
(34.551609, 19.846703, 0.0)
(34.501736, 19.920559, 0.0)
(34.606754, 19.656109, 0.0)
(34.486027, 19.442751, 0.0)
(34.417099, 19.467335, 0.0)
(34.456028, 19.498775, 0.0)
(34.457409, 19.499870, 0.0)
(34.495083, 19.461126, 0.0)
(34.496658, 19.467873, 0.0)
(34.486229, 19.471493, 0.0)
(34.484612, 19.486675, 0.0)
(34.482601, 19.504675, 0.0)
(34.491936, 19.507841, 0.0)
(34.449760, 19.523886, 0.0)
(34.479824, 19.510569, 0.0)
(34.431358, 19.473122, 0.0)
(34.454765, 19.473629, 0.0)
(34.451279, 19.454945, 0.0)
(34.446644, 19.437382, 0.0)
(34.451279, 19.454945, 0.0)
(34.441372, 19.486263, 0.0)
(34.445229, 19.470169, 0.0)
(34.445229, 19.470169, 0.0)
(34.445229, 19.470169, 0.0)
(34.456074, 19.470062, 0.0)
(34.445229, 19.470169, 0.0)
(34.457588, 19.475975, 0.0)
(34.459713, 19.492708, 0.0)
(34.472179, 19.503412, 0.0)
(34.472179, 19.503412, 0.0)
(34.316860, 19.391163, 0.0)
(34.361298, 20.072996, 0.0)
(34.245773, 20.366882, 0.0)
(34.275867, 19.398136, 0.0)
(34.360775, 19.411339, 0.0)
(34.433052, 19.481037, 0.0)
(34.482681, 19.601723, 0.0)
(34.961658, 23.000277, 0.0)
(34.898499, 23.326891, 0.0)
(34.846062, 23.305668, 0.0)
(34.846737, 23.307945, 0.0)
(34.849388, 23.277935, 0.0)
(34.896385, 22.966791, 0.0)
(34.869339, 22.893524, 0.0)
(34.855434, 22.885298, 0.0)
(34.901260, 22.916754, 0.0)
(34.888172, 22.937025, 0.0)
(34.884132, 22.941195, 0.0)
(34.877903, 22.941021, 0.0)
(34.876461, 22.930742, 0.0)
(34.889610, 22.920183, 0.0)
(34.886066, 22.909033, 0.0)
(34.880722, 22.919706, 0.0)
(34.863251, 22.925184, 0.0)
(34.848618, 22.895218, 0.0)
(34.835182, 22.902287, 0.0)
(34.839352, 22.901888, 0.0)
(34.839352, 22.901888, 0.0)
(34.829994, 22.857084, 0.0)
(34.816437, 22.806652, 0.0)
(34.843929, 22.815384, 0.0)
(34.838200, 22.851213, 0.0)
(34.849995, 22.874397, 0.0)
(34.834244, 22.851974, 0.0)
(34.818069, 22.806091, 0.0)
(34.824986, 22.824793, 0.0)
(34.820808, 22.800209, 0.0)
(34.799145, 22.702528, 0.0)
(34.794762, 22.689241, 0.0)
(34.805611, 22.694782, 0.0)
(34.796349, 22.693741, 0.0)
(34.802998, 22.693558, 0.0)
(35.521526, 22.938971, 0.0)
(38.408543, 24.266094, 0.0)
(38.238346, 24.239552, 0.0)
(38.200047, 24.209185, 0.0)
(38.193027, 24.188345, 0.0)
(38.196358, 24.187513, 0.0)
(38.197575, 24.158241, 0.0)
(38.535530, 24.390635, 0.0)
(38.626884, 24.448437, 0.0)
(38.622108, 24.436363, 0.0)
(38.638687, 24.490141, 0.0)
(38.653549, 24.506943, 0.0)
(38.642746, 24.493288, 0.0)
(38.645958, 24.430523, 0.0)
(38.645958, 24.430523, 0.0)
(38.651501, 24.442184, 0.0)
(38.652969, 24.455435, 0.0)
(38.668396, 24.487284, 0.0)
(38.666542, 24.512989, 0.0)
(38.667713, 24.491295, 0.0)
(38.670734, 24.487001, 0.0)
(38.675259, 24.464565, 0.0)
(38.675259, 24.464565, 0.0)
(38.676468, 24.478127, 0.0)
(38.672775, 24.502010, 0.0)
(38.670067, 24.506832, 0.0)
(38.666634, 24.510181, 0.0)
(38.673100, 24.512651, 0.0)
(38.664234, 24.467993, 0.0)
(38.658211, 24.440485, 0.0)
(38.660099, 24.423313, 0.0)
(38.668037, 24.431147, 0.0)
(38.666885, 24.463171, 0.0)
(38.666885, 24.463171, 0.0)
(38.661625, 24.430010, 0.0)
(38.662399, 24.405849, 0.0)
(38.660500, 24.414265, 0.0)
(39.756721, 25.322809, 0.0)
(40.045235, 25.676151, 0.0)
(40.045834, 25.720354, 0.0)
(40.046242, 25.723078, 0.0)
(40.050140, 25.719530, 0.0)
(40.061172, 25.716454, 0.0)
(40.058979, 25.683348, 0.0)
(40.134094, 25.797371, 0.0)
(40.182449, 25.874685, 0.0)
(40.200386, 25.888556, 0.0)
(40.198185, 25.908791, 0.0)
(40.214191, 25.874535, 0.0)
(40.214191, 25.874535, 0.0)
(40.215424, 25.810131, 0.0)
(40.198315, 25.747581, 0.0)
(39.996822, 25.678049, 0.0)
(40.112244, 25.718601, 0.0)
(40.297337, 25.806543, 0.0)
(40.300846, 25.826645, 0.0)
(40.305202, 25.785475, 0.0)
(40.283848, 25.747000, 0.0)
(40.285667, 25.713301, 0.0)
(40.272747, 25.722507, 0.0)
(40.264030, 25.724211, 0.0)
(40.256477, 25.730484, 0.0)
(40.257820, 25.714085, 0.0)
(40.249298, 25.728546, 0.0)
(40.252335, 25.734266, 0.0)
(40.249298, 25.728546, 0.0)
(40.241947, 25.719231, 0.0)
(40.233681, 25.712137, 0.0)
(40.242878, 25.718088, 0.0)
(40.225994, 25.708908, 0.0)
(40.228054, 25.729525, 0.0)
(40.247509, 25.699137, 0.0)
(40.241585, 25.692942, 0.0)
(40.232063, 25.668314, 0.0)
(40.208992, 25.620842, 0.0)
(40.687660, 25.274244, 0.0)
(41.882095, 24.120394, 0.0)
(42.069153, 23.921040, 0.0)
(42.069805, 24.014795, 0.0)
(42.016033, 24.025839, 0.0)
(42.118378, 23.760967, 0.0)
(42.116615, 23.723684, 0.0)
(42.097275, 23.682447, 0.0)
(42.097836, 23.720087, 0.0)
(42.060314, 23.710945, 0.0)
(42.054920, 23.699265, 0.0)
(42.040829, 23.700489, 0.0)
(42.027920, 23.637966, 0.0)
(42.041286, 23.599825, 0.0)
(42.053783, 23.572561, 0.0)
(42.028488, 23.585886, 0.0)
(42.031166, 23.630075, 0.0)
(41.994991, 23.647537, 0.0)
(42.017914, 23.656467, 0.0)
(42.035194, 23.628717, 0.0)
(42.006626, 23.578220, 0.0)
(41.971485, 23.569914, 0.0)
(41.990456, 23.599245, 0.0)
(41.975441, 23.619459, 0.0)
(41.968216, 23.637333, 0.0)
(41.959721, 23.624939, 0.0)
(41.957203, 23.630770, 0.0)
(41.948418, 23.631418, 0.0)
(41.943756, 23.609671, 0.0)
(41.776154, 23.516621, 0.0)
(41.761826, 23.532824, 0.0)
(41.793732, 23.585424, 0.0)
(41.799576, 23.565344, 0.0)
(41.806904, 23.534788, 0.0)
(41.803959, 23.526678, 0.0)
(41.794170, 23.497925, 0.0)
(41.799541, 23.525648, 0.0)
(41.790394, 23.543133, 0.0)
(41.860344, 23.826038, 0.0)
(42.001053, 26.471609, 0.0)
(41.954025, 26.548552, 0.0)
(41.952557, 26.470350, 0.0)
(41.931229, 26.444365, 0.0)
(41.940186, 26.488857, 0.0)
(41.951614, 27.065657, 0.0)
(41.940186, 27.147896, 0.0)
(41.949318, 27.091070, 0.0)
(41.944893, 27.079792, 0.0)
(41.896172, 27.004183, 0.0)
(41.896172, 26.990799, 0.0)
(41.896172, 26.990799, 0.0)
(41.884857, 27.020742, 0.0)
(41.892498, 27.037815, 0.0)
(41.913937, 27.074644, 0.0)
(41.920246, 27.071251, 0.0)
(41.936016, 27.038923, 0.0)
(41.931492, 27.043875, 0.0)
(41.919933, 27.040457, 0.0)
(41.916725, 27.008257, 0.0)
(41.909103, 27.045364, 0.0)
(41.922039, 27.027004, 0.0)
(41.911659, 27.002613, 0.0)
(41.911587, 26.940556, 0.0)
(41.895294, 26.938936, 0.0)
(41.875599, 26.902613, 0.0)
(41.866169, 26.875471, 0.0)
(41.861076, 26.882875, 0.0)
(41.866940, 26.906183, 0.0)
(41.854698, 26.873606, 0.0)
(41.857872, 26.845852, 0.0)
(41.857872, 26.845852, 0.0)
(41.857872, 26.845852, 0.0)
(41.864063, 26.835012, 0.0)
(41.865124, 26.827122, 0.0)
(41.865124, 26.827122, 0.0)
(39.972469, 25.416103, 0.0)
(36.184391, 22.787317, 0.0)
(35.571747, 22.439064, 0.0)
(35.488533, 22.348028, 0.0)
(35.447758, 22.310757, 0.0)
(35.053585, 21.667252, 0.0)
(34.975586, 21.594793, 0.0)
(34.979267, 21.630360, 0.0)
(34.956150, 21.615349, 0.0)
(34.947895, 21.564569, 0.0)
(34.945511, 21.484798, 0.0)
(34.945038, 21.491394, 0.0)
(34.938641, 21.550888, 0.0)
(34.935371, 21.576174, 0.0)
(34.941299, 21.598555, 0.0)
(34.952671, 21.575298, 0.0)
(34.930332, 21.583242, 0.0)
(34.932934, 21.584650, 0.0)
(34.931686, 21.597372, 0.0)
(34.931461, 21.602198, 0.0)
(34.906342, 21.612738, 0.0)
(34.906288, 21.635431, 0.0)
(34.864910, 21.611790, 0.0)
(34.864532, 21.604773, 0.0)
(34.867050, 21.599743, 0.0)
(34.865894, 21.609230, 0.0)
(34.859699, 21.617765, 0.0)
(34.862206, 21.623350, 0.0)
(34.892918, 21.652672, 0.0)
(34.869560, 21.605524, 0.0)
(34.868019, 21.593704, 0.0)
(34.887604, 21.563786, 0.0)
(34.887604, 21.563786, 0.0)
(34.882881, 21.561554, 0.0)
(34.878948, 21.594637, 0.0)
(34.891792, 21.582525, 0.0)
(34.873165, 21.584234, 0.0)
(34.881294, 21.570051, 0.0)
(34.913296, 21.574572, 0.0)
(37.425957, 20.267397, 0.0)
(38.504208, 19.858034, 0.0)
(38.582630, 19.961519, 0.0)
(38.530468, 19.952242, 0.0)
(38.888016, 19.828138, 0.0)
(39.553432, 19.619242, 0.0)
(39.557240, 19.634306, 0.0)
(39.551109, 19.742252, 0.0)
(39.553165, 19.730947, 0.0)
(39.561165, 19.765509, 0.0)
(39.550083, 19.743710, 0.0)
(39.445362, 19.634047, 0.0)
(39.406574, 19.598989, 0.0)
(39.400482, 19.570320, 0.0)
(39.400482, 19.570320, 0.0)
(39.416851, 19.622601, 0.0)
(39.387962, 19.577194, 0.0)
(39.390087, 19.594721, 0.0)
(39.367924, 19.578976, 0.0)
(39.365852, 19.571390, 0.0)
(39.359787, 19.566704, 0.0)
(39.334457, 19.530384, 0.0)
(39.310165, 19.551855, 0.0)
(39.323444, 19.545771, 0.0)
(39.328403, 19.544901, 0.0)
(39.331631, 19.524151, 0.0)
(39.306896, 19.529160, 0.0)
(39.310059, 19.529142, 0.0)
(39.325703, 19.528675, 0.0)
(39.276405, 19.534966, 0.0)
(39.304798, 19.539499, 0.0)
(39.298801, 19.534908, 0.0)
(39.292007, 19.499205, 0.0)
(39.283440, 19.434671, 0.0)
(39.278614, 19.437466, 0.0)
(39.298786, 19.461988, 0.0)
(39.279663, 19.487061, 0.0)
(36.786449, 18.914347, 0.0)
(32.473022, 18.934328, 0.0)
(30.947620, 19.132227, 0.0)
(30.794090, 19.149868, 0.0)
(30.799393, 19.118326, 0.0)
(30.776970, 19.083460, 0.0)
(30.754087, 18.872967, 0.0)
(30.757282, 18.848694, 0.0)
(30.768230, 18.826210, 0.0)
(30.768595, 18.817863, 0.0)
(30.761225, 18.779032, 0.0)
(30.752794, 18.747520, 0.0)
(30.743778, 18.762320, 0.0)
(30.743574, 18.787561, 0.0)
(30.726244, 18.818396, 0.0)
(30.696003, 18.841080, 0.0)
(30.691536, 18.770693, 0.0)
(30.686754, 18.741934, 0.0)
(30.666767, 18.750530, 0.0)
(30.666767, 18.750530, 0.0)
(30.687040, 18.801193, 0.0)
(30.682911, 18.818777, 0.0)
(30.696215, 18.814716, 0.0)
(30.682257, 18.792444, 0.0)
(30.696373, 18.780054, 0.0)
(30.696373, 18.780054, 0.0)
(30.557789, 18.910112, 0.0)
(30.560606, 18.958845, 0.0)
(30.549658, 18.955090, 0.0)
(30.573812, 18.946405, 0.0)
(30.577890, 18.923767, 0.0)
(30.575357, 18.913225, 0.0)
(30.605774, 18.903782, 0.0)
(30.598557, 18.889658, 0.0)
(30.594044, 18.907070, 0.0)
(30.601074, 18.928120, 0.0)
(30.512543, 18.986818, 0.0)
(27.875904, 19.944841, 0.0)
(27.624943, 19.977673, 0.0)
(27.559477, 19.988665, 0.0)
(27.528648, 19.943319, 0.0)
(27.532606, 19.955547, 0.0)
(27.441725, 19.901592, 0.0)
(27.392910, 19.925936, 0.0)
(27.384726, 19.929749, 0.0)
(27.374063, 19.901484, 0.0)
(27.364084, 19.911911, 0.0)
(27.369087, 19.912521, 0.0)
(27.369087, 19.912521, 0.0)
(27.359692, 19.902906, 0.0)
(27.352039, 19.900969, 0.0)
(27.352039, 19.900969, 0.0)
(27.374115, 19.920803, 0.0)
(27.367733, 19.900183, 0.0)
(27.348057, 19.911636, 0.0)
(27.368181, 19.913107, 0.0)
(27.357542, 19.914267, 0.0)
(27.374128, 19.920956, 0.0)
(27.370979, 19.936884, 0.0)
(27.396751, 19.924988, 0.0)
(27.383478, 19.892534, 0.0)
(27.371126, 19.894632, 0.0)
(27.349081, 19.854383, 0.0)
(27.378370, 19.880070, 0.0)
(27.371164, 19.889938, 0.0)
(27.377239, 19.899622, 0.0)
(27.368141, 19.886002, 0.0)
(27.365488, 19.880453, 0.0)
(27.376850, 19.874422, 0.0)
(27.385832, 19.872189, 0.0)
(27.384369, 19.879925, 0.0)
(27.381350, 19.870558, 0.0)
(27.381350, 19.876049, 0.0)
(27.395861, 19.871464, 0.0)
(27.419422, 19.870781, 0.0)
(28.361443, 20.719910, 0.0)
(29.425972, 22.738766, 0.0)
(30.949799, 25.846506, 0.0)
(31.325399, 27.408506, 0.0)
(31.305380, 27.493376, 0.0)
(31.279720, 27.442184, 0.0)
(31.239790, 27.450211, 0.0)
(31.329954, 28.029263, 0.0)
(31.304302, 28.123585, 0.0)
(31.263512, 28.071812, 0.0)
(31.251707, 28.070656, 0.0)
(31.233736, 28.122137, 0.0)
(31.221813, 28.117897, 0.0)
(31.222252, 28.118120, 0.0)
(31.205109, 28.067572, 0.0)
(31.206453, 28.048372, 0.0)
(31.191454, 28.052874, 0.0)
(31.176277, 28.034622, 0.0)
(31.145405, 28.040167, 0.0)
(31.121603, 28.055779, 0.0)
(31.062559, 27.955599, 0.0)
(31.080404, 27.720112, 0.0)
(31.075144, 27.704067, 0.0)
(31.049189, 27.699453, 0.0)
(31.048847, 27.676998, 0.0)
(31.034946, 27.695124, 0.0)
(31.036219, 27.700541, 0.0)
(31.031303, 27.715883, 0.0)
(31.034946, 27.695124, 0.0)
(31.027477, 27.718040, 0.0)
(31.020847, 27.666899, 0.0)
(30.999311, 27.665792, 0.0)
(30.995325, 27.613914, 0.0)
(30.995325, 27.613914, 0.0)
(31.403234, 27.259201, 0.0)
(31.641109, 26.716982, 0.0)
(31.622843, 26.699436, 0.0)
(31.595900, 26.689009, 0.0)
(29.123817, 25.102596, 0.0)
(28.089325, 24.162479, 0.0)
(27.923038, 24.219341, 0.0)
(27.887310, 24.308912, 0.0)
(27.850460, 24.348866, 0.0)
(27.843689, 24.342426, 0.0)
(27.839661, 24.354042, 0.0)
(27.642681, 24.472570, 0.0)
(27.599401, 24.508718, 0.0)
(27.585775, 24.492540, 0.0)
(27.556095, 24.513252, 0.0)
(27.552465, 24.540157, 0.0)
(27.534681, 24.548557, 0.0)
(27.516462, 24.555550, 0.0)
(27.731800, 24.472645, 0.0)
(27.702164, 24.393555, 0.0)
(27.698965, 24.389137, 0.0)
(27.695417, 24.386190, 0.0)
(27.714039, 24.399082, 0.0)
(27.707205, 24.439909, 0.0)
(27.703146, 24.414690, 0.0)
(28.223475, 23.418985, 0.0)
(28.688278, 22.661415, 0.0)
(28.691481, 22.644686, 0.0)
(28.644148, 22.647596, 0.0)
(28.634604, 22.650934, 0.0)
(28.635017, 22.627254, 0.0)
(28.636793, 22.636705, 0.0)
(28.635525, 22.664211, 0.0)
(28.628706, 22.686708, 0.0)
(28.639397, 22.678158, 0.0)
(28.632542, 22.694355, 0.0)
(28.654785, 22.663370, 0.0)
(28.633102, 22.694538, 0.0)
(29.386763, 21.815153, 0.0)
(29.391979, 21.712938, 0.0)
(29.341791, 21.688837, 0.0)
(29.067852, 21.504852, 0.0)
(26.887560, 20.124147, 0.0)
(26.295544, 19.778873, 0.0)
(26.229076, 19.972294, 0.0)
(26.193419, 20.075148, 0.0)
(26.129118, 20.118038, 0.0)
(26.087351, 20.158350, 0.0)
(26.078588, 20.196426, 0.0)
(26.060839, 20.205750, 0.0)
(26.053110, 20.202507, 0.0)
(26.052326, 20.224516, 0.0)
(26.058546, 20.231415, 0.0)
(26.055904, 20.269640, 0.0)
(26.051048, 20.250101, 0.0)
(26.037504, 20.237776, 0.0)
(26.063837, 20.226683, 0.0)
(26.073410, 20.266296, 0.0)
(26.088650, 20.285240, 0.0)
(26.173992, 20.532431, 0.0)
(26.142063, 20.585716, 0.0)
(26.127659, 20.545223, 0.0)
(26.107517, 20.535372, 0.0)
(26.116119, 20.491657, 0.0)
(26.082104, 20.460558, 0.0)
(26.081669, 20.290110, 0.0)
(26.184626, 20.347576, 0.0)
(26.161592, 20.405306, 0.0)
(26.162804, 20.402538, 0.0)
(26.197767, 20.416145, 0.0)
(26.156269, 20.441799, 0.0)
(26.146049, 20.490257, 0.0)
(26.166763, 20.472216, 0.0)
(26.205475, 20.472206, 0.0)
(26.218739, 20.451687, 0.0)
(26.230715, 20.443800, 0.0)
(26.227316, 20.441326, 0.0)
(26.234289, 20.433638, 0.0)
(26.249565, 20.436911, 0.0)
(29.006020, 19.443607, 0.0)
(32.272255, 19.242441, 0.0)
(34.934826, 21.332668, 0.0)
(38.614170, 24.304983, 0.0)
(40.138729, 25.069668, 0.0)
(41.215199, 25.944515, 0.0)
(41.478024, 26.184309, 0.0)
(41.591740, 26.176939, 0.0)
(41.592861, 26.167360, 0.0)
(42.079243, 25.948532, 0.0)
(42.162579, 25.990297, 0.0)
(42.158104, 26.037418, 0.0)
(42.157814, 25.989119, 0.0)
(42.150288, 25.949703, 0.0)
(42.169785, 25.910709, 0.0)
(42.190605, 25.884499, 0.0)
(42.180962, 25.888226, 0.0)
(42.174831, 25.868818, 0.0)
(42.154526, 25.875151, 0.0)
(42.160885, 25.889103, 0.0)
(42.149982, 25.898113, 0.0)
(42.149982, 25.898113, 0.0)
(42.145294, 25.876348, 0.0)
(42.130089, 25.811174, 0.0)
(42.137497, 25.774141, 0.0)
(42.138699, 25.739244, 0.0)
(42.142746, 25.736240, 0.0)
(42.129887, 25.752037, 0.0)
(42.137897, 25.772636, 0.0)
(42.138107, 25.747561, 0.0)
(42.146137, 25.708229, 0.0)
(42.147846, 25.714739, 0.0)
(42.139507, 25.718102, 0.0)
(42.147129, 25.689449, 0.0)
(42.156368, 25.673380, 0.0)
(42.153809, 25.665552, 0.0)
(42.143005, 25.678230, 0.0)
(41.657917, 24.374611, 0.0)
(41.577702, 21.796143, 0.0)
(41.526577, 20.685928, 0.0)
(41.481541, 20.444565, 0.0)
(41.440441, 20.533525, 0.0)
(41.395836, 20.587412, 0.0)
(41.712742, 20.545891, 0.0)
(41.786877, 20.343266, 0.0)
(41.710030, 20.289505, 0.0)
(41.648682, 20.290598, 0.0)
(41.605331, 20.287249, 0.0)
(41.595692, 20.305162, 0.0)
(41.598957, 20.363163, 0.0)
(41.569790, 20.275692, 0.0)
(41.503929, 20.228054, 0.0)
(41.483864, 20.226583, 0.0)
(41.474976, 20.224133, 0.0)
(41.449089, 20.230820, 0.0)
(41.422047, 20.238091, 0.0)
(41.426655, 20.215860, 0.0)
(41.404255, 20.240974, 0.0)
(41.421349, 20.247890, 0.0)
(41.413498, 20.278687, 0.0)
(41.411938, 20.295656, 0.0)
(41.427189, 20.275103, 0.0)
(41.380169, 20.302959, 0.0)
(41.390751, 20.302307, 0.0)
(41.388271, 20.259138, 0.0)
(41.377750, 20.255810, 0.0)
(41.372440, 20.250711, 0.0)
(41.366982, 20.227392, 0.0)
(41.377750, 20.255810, 0.0)
(41.356789, 20.298166, 0.0)
(41.368477, 20.258387, 0.0)
(41.327911, 20.270807, 0.0)
(41.347359, 20.264883, 0.0)
(39.480019, 19.354067, 0.0)
(35.109951, 17.860607, 0.0)
(31.852299, 18.413776, 0.0)
(30.809299, 19.101433, 0.0)
(30.715084, 19.109007, 0.0)
(30.714333, 19.105448, 0.0)
(30.737301, 19.049959, 0.0)
(30.736519, 19.012745, 0.0)
(30.752520, 18.983042, 0.0)
(30.774174, 18.960999, 0.0)
(30.811617, 19.041975, 0.0)
(30.831785, 19.306293, 0.0)
(30.835281, 19.310493, 0.0)
(30.831762, 19.271563, 0.0)
(30.828671, 19.233847, 0.0)
(30.840816, 19.258316, 0.0)
(30.837456, 19.294153, 0.0)
(30.848093, 19.275078, 0.0)
(30.832001, 19.268343, 0.0)
(30.826233, 19.254093, 0.0)
(30.815729, 19.269287, 0.0)
(30.791794, 19.282051, 0.0)
(30.797007, 19.284067, 0.0)
(30.791794, 19.282051, 0.0)
(30.799965, 19.272755, 0.0)
(30.805223, 19.274757, 0.0)
(30.815172, 19.260620, 0.0)
(30.804377, 19.266911, 0.0)
(30.805969, 19.293686, 0.0)
(30.805223, 19.274757, 0.0)
(30.792435, 19.300892, 0.0)
(30.789032, 19.306101, 0.0)
(30.789032, 19.306101, 0.0)
(30.779280, 19.262136, 0.0)
(30.771935, 19.248278, 0.0)
(30.778124, 19.239054, 0.0)
(30.790504, 19.241224, 0.0)
(33.362946, 19.866127, 0.0)
(34.951408, 20.734268, 0.0)
(35.011654, 20.807674, 0.0)
(35.006638, 20.809116, 0.0)
(35.006638, 20.809116, 0.0)
(35.003517, 20.798565, 0.0)
(34.995575, 20.783821, 0.0)
(35.004353, 20.773397, 0.0)
(34.997791, 20.725435, 0.0)
(35.005325, 20.711311, 0.0)
(35.012913, 20.688557, 0.0)
(34.951336, 20.744827, 0.0)
(34.930378, 20.776354, 0.0)
(34.926441, 20.787933, 0.0)
(34.929237, 20.782848, 0.0)
(34.936134, 20.773947, 0.0)
(34.926441, 20.787933, 0.0)
(34.938126, 20.730276, 0.0)
(34.921284, 20.677523, 0.0)
(34.881657, 20.636290, 0.0)
(34.884068, 20.632221, 0.0)
(34.878666, 20.654598, 0.0)
(34.866623, 20.721003, 0.0)
(34.863197, 20.708261, 0.0)
(34.863197, 20.708261, 0.0)
(34.866627, 20.684263, 0.0)
(34.863216, 20.695641, 0.0)
(34.854748, 20.721525, 0.0)
(34.878666, 20.737030, 0.0)
(34.878666, 20.737030, 0.0)
(34.878666, 20.737030, 0.0)
(34.887363, 20.712006, 0.0)
(34.876854, 20.687700, 0.0)
(34.870651, 20.680866, 0.0)
(34.866627, 20.684263, 0.0)
(34.868336, 20.733334, 0.0)
(34.884445, 20.719267, 0.0)
(34.884537, 20.772245, 0.0)
(34.208015, 21.044819, 0.0)
(30.479353, 22.728205, 0.0)
(30.126575, 22.868517, 0.0)
(30.046911, 22.816153, 0.0)
(29.974785, 22.789097, 0.0)
(29.939568, 22.811705, 0.0)
(29.363060, 23.309402, 0.0)
(29.271219, 23.303701, 0.0)
(29.272966, 23.266932, 0.0)
(29.234438, 23.217850, 0.0)
(29.230698, 23.222013, 0.0)
(29.229954, 23.227699, 0.0)
(29.216393, 23.259785, 0.0)
(29.201456, 23.282810, 0.0)
(29.216393, 23.259785, 0.0)
(29.218363, 23.225630, 0.0)
(29.224689, 23.216221, 0.0)
(29.235401, 23.225426, 0.0)
(29.244923, 23.224102, 0.0)
(29.257351, 23.254782, 0.0)
(29.252012, 23.266079, 0.0)
(29.236418, 23.294548, 0.0)
(29.249039, 23.300220, 0.0)
(29.249716, 23.227324, 0.0)
(29.248688, 23.155340, 0.0)
(29.230698, 23.132389, 0.0)
(29.269924, 23.157110, 0.0)
(29.269161, 23.217434, 0.0)
(29.262497, 23.251858, 0.0)
(29.278629, 23.163446, 0.0)
(29.428316, 23.141670, 0.0)
(30.530849, 22.808889, 0.0)
(30.595366, 22.763626, 0.0)
(30.576437, 22.769005, 0.0)
(30.578588, 22.763781, 0.0)
(30.572147, 22.749100, 0.0)
(30.578295, 22.754887, 0.0)
(30.587776, 22.780294, 0.0)
(29.203482, 24.443550, 0.0)
(27.337326, 26.932518, 0.0)
(27.080042, 27.184361, 0.0)
(26.995672, 27.218607, 0.0)
(26.969130, 27.224159, 0.0)
(26.948105, 27.241329, 0.0)
(26.937510, 27.527609, 0.0)
(26.927952, 27.547709, 0.0)
(26.897291, 27.487627, 0.0)
(26.818438, 27.492590, 0.0)
(26.822163, 27.495430, 0.0)
(26.822506, 27.501030, 0.0)
(26.831009, 27.566969, 0.0)
(26.835249, 27.544065, 0.0)
(26.818085, 27.512566, 0.0)
(26.818085, 27.512566, 0.0)
(26.827686, 27.488247, 0.0)
(26.828318, 27.549702, 0.0)
(26.827585, 27.524599, 0.0)
(26.826351, 27.468281, 0.0)
(26.826351, 27.468281, 0.0)
(26.835466, 27.462873, 0.0)
(26.835466, 27.462873, 0.0)
(26.827869, 27.485144, 0.0)
(26.839907, 27.469921, 0.0)
(26.839060, 27.444519, 0.0)
(28.849741, 26.267464, 0.0)
(29.165358, 26.067482, 0.0)
(29.176212, 26.055176, 0.0)
(29.198786, 26.052256, 0.0)
(29.178482, 25.977827, 0.0)
(29.189693, 25.958801, 0.0)
(29.181377, 25.920998, 0.0)
(29.208336, 25.931791, 0.0)
(29.197001, 25.983784, 0.0)
(29.203012, 25.990366, 0.0)
(29.226665, 25.964930, 0.0)
(31.138393, 25.869976, 0.0)
(31.341301, 25.822805, 0.0)
(31.355286, 25.815582, 0.0)
(31.383732, 25.831272, 0.0)
(31.387754, 25.832500, 0.0)
(31.396107, 25.824696, 0.0)
(31.399763, 25.803362, 0.0)
(31.397234, 25.788187, 0.0)
(31.395905, 25.755184, 0.0)
(31.410595, 25.750698, 0.0)
(31.410330, 25.729914, 0.0)
(31.407312, 25.753996, 0.0)
(31.417562, 25.783926, 0.0)
(31.421049, 25.792709, 0.0)
(31.406635, 25.792271, 0.0)
(31.402023, 25.740385, 0.0)
(31.524651, 25.559425, 0.0)
(31.602823, 25.390844, 0.0)
(31.615894, 25.382496, 0.0)
(31.617765, 25.407490, 0.0)
(31.608671, 25.435770, 0.0)
(31.606283, 25.409019, 0.0)
(31.622717, 25.389791, 0.0)
(33.198090, 24.427378, 0.0)
(33.644524, 24.148777, 0.0)
(33.655083, 24.127495, 0.0)
(33.648945, 24.179665, 0.0)
(33.664143, 24.174294, 0.0)
(33.664742, 24.164038, 0.0)
(33.654774, 24.188223, 0.0)
(33.651134, 24.152353, 0.0)
(33.630848, 24.147923, 0.0)
(33.637337, 24.147388, 0.0)
(33.626381, 24.150301, 0.0)
(33.649044, 24.167086, 0.0)
(33.658352, 24.175190, 0.0)
(33.637806, 24.151606, 0.0)
(34.152611, 24.327309, 0.0)
(37.285236, 26.364809, 0.0)
(37.160580, 26.277494, 0.0)
(37.137829, 26.247366, 0.0)
(37.157253, 26.294281, 0.0)
(37.164478, 26.257343, 0.0)
(37.170326, 26.229422, 0.0)
(37.316456, 26.641546, 0.0)
(37.207390, 26.813822, 0.0)
(37.208702, 26.812956, 0.0)
(37.193840, 26.785681, 0.0)
(37.194809, 26.774120, 0.0)
(37.220535, 26.758635, 0.0)
(37.212849, 26.758133, 0.0)
(37.221188, 26.759266, 0.0)
(36.954323, 26.677124, 0.0)
(37.029510, 26.604858, 0.0)
(37.050411, 26.597954, 0.0)
(37.046936, 26.618275, 0.0)
(37.053436, 26.630922, 0.0)
(37.053642, 26.625168, 0.0)
(37.201927, 26.726910, 0.0)
(37.304932, 26.698841, 0.0)
(37.294720, 26.688370, 0.0)
(37.302612, 26.703682, 0.0)
(37.303551, 26.729633, 0.0)
(37.304794, 26.747610, 0.0)
(37.302822, 26.736452, 0.0)
(37.277378, 26.710220, 0.0)
(37.197338, 25.517807, 0.0)
(37.143703, 25.419458, 0.0)
(37.140251, 25.428236, 0.0)
(37.128487, 25.426317, 0.0)
(37.122921, 25.424175, 0.0)
(37.140381, 25.425068, 0.0)
(37.026348, 24.476330, 0.0)
(37.024830, 23.604490, 0.0)
(37.006817, 23.515192, 0.0)
(36.965359, 23.554392, 0.0)
(36.957027, 23.580389, 0.0)
(33.385292, 21.975479, 0.0)
(29.299927, 20.841585, 0.0)
(27.727345, 20.902916, 0.0)
(27.617384, 21.006741, 0.0)
(27.594025, 21.078081, 0.0)
(27.584787, 21.157393, 0.0)
(27.568703, 21.228613, 0.0)
(27.765427, 20.934649, 0.0)
(27.752056, 20.889051, 0.0)
(27.721941, 20.888830, 0.0)
(27.722240, 20.877394, 0.0)
(27.700947, 20.886290, 0.0)
(27.701759, 20.907928, 0.0)
(27.703976, 20.898838, 0.0)
(27.711262, 20.910151, 0.0)
(27.712250, 20.907726, 0.0)
(27.715895, 20.911455, 0.0)
(27.674198, 20.943930, 0.0)
(27.693949, 20.934631, 0.0)
(27.672270, 20.921104, 0.0)
(27.665758, 20.895016, 0.0)
(27.662317, 20.902645, 0.0)
(27.473736, 21.091757, 0.0)
(27.478197, 21.114092, 0.0)
(27.488947, 21.056845, 0.0)
(27.493670, 21.057116, 0.0)
(27.490675, 21.062099, 0.0)
(27.487530, 21.075363, 0.0)
(27.482695, 21.070868, 0.0)
(28.531334, 20.554090, 0.0)
(28.889704, 20.424265, 0.0)
(28.934343, 20.402819, 0.0)
(28.928236, 20.406933, 0.0)
(28.934187, 20.408747, 0.0)
(28.931765, 20.393993, 0.0)
(28.931765, 20.400368, 0.0)
(33.577850, 21.181932, 0.0)
(37.045311, 23.971945, 0.0)
(38.606628, 26.566219, 0.0)
(38.673454, 27.168772, 0.0)
(38.674023, 27.186480, 0.0)
(38.721561, 27.139050, 0.0)
(38.770599, 27.098770, 0.0)
(38.808887, 27.000481, 0.0)
(39.242622, 27.078434, 0.0)
(39.185329, 26.981718, 0.0)
(39.159557, 26.996557, 0.0)
(39.183544, 27.013142, 0.0)
(39.193321, 27.002829, 0.0)
(39.200500, 26.935062, 0.0)
(39.190891, 26.914629, 0.0)
(38.845051, 26.799999, 0.0)
(38.800758, 26.746572, 0.0)
(38.821365, 26.701292, 0.0)
(38.818405, 26.689970, 0.0)
(38.818573, 26.663523, 0.0)
(39.075523, 26.748045, 0.0)
(39.063583, 26.629744, 0.0)
(39.037079, 26.598608, 0.0)
(39.037079, 26.598608, 0.0)
(39.038345, 26.625467, 0.0)
(39.030079, 26.624250, 0.0)
(39.033596, 26.676207, 0.0)
(39.047825, 26.653477, 0.0)
(39.021439, 26.604998, 0.0)
(39.032406, 26.585651, 0.0)
(37.282547, 24.467882, 0.0)
(36.773605, 23.798532, 0.0)
(36.723537, 23.750677, 0.0)
(36.713036, 23.782133, 0.0)
(36.703228, 23.730831, 0.0)
(36.696423, 23.680817, 0.0)
(36.696423, 23.680817, 0.0)
(36.426628, 23.738462, 0.0)
(31.697607, 22.636492, 0.0)
(28.230011, 23.218142, 0.0)
(27.436380, 23.590408, 0.0)
(27.310965, 23.649094, 0.0)
(27.289276, 23.640816, 0.0)
(26.721537, 23.128141, 0.0)
(26.585428, 22.991615, 0.0)
(26.551832, 23.038216, 0.0)
(26.522444, 23.059265, 0.0)
(26.519226, 23.114382, 0.0)
(26.486641, 23.145494, 0.0)
(26.419762, 23.130735, 0.0)
(26.409948, 23.110680, 0.0)
(26.392651, 23.074726, 0.0)
(26.406050, 22.995323, 0.0)
(26.414764, 22.999189, 0.0)
(26.409672, 22.988512, 0.0)
(26.397165, 22.973301, 0.0)
(26.416307, 22.986902, 0.0)
(26.394688, 23.050476, 0.0)
(26.363667, 23.074663, 0.0)
(26.378954, 23.081240, 0.0)
(26.378954, 23.081240, 0.0)
(26.371069, 23.086100, 0.0)
(26.380384, 23.108685, 0.0)
(26.380175, 23.083870, 0.0)
(26.384420, 23.033308, 0.0)
(26.362888, 23.050173, 0.0)
(26.371593, 23.051754, 0.0)
(26.371593, 23.051754, 0.0)
(26.369493, 23.115086, 0.0)
(26.367081, 23.074207, 0.0)
(26.358381, 23.036213, 0.0)
(26.368971, 23.011156, 0.0)
(26.356459, 22.995609, 0.0)
(26.379616, 23.003473, 0.0)
(26.894522, 23.060535, 0.0)
(27.873219, 23.538805, 0.0)
(27.893574, 23.533031, 0.0)
(27.860203, 23.490175, 0.0)
(27.859123, 23.476580, 0.0)
(27.860544, 23.462420, 0.0)
(27.866686, 23.477495, 0.0)
(27.717443, 23.618551, 0.0)
(27.684469, 23.753616, 0.0)
(27.692469, 23.730249, 0.0)
(27.700644, 23.741770, 0.0)
(27.683775, 23.716389, 0.0)
(27.672873, 23.709856, 0.0)
(27.697552, 23.697168, 0.0)
(27.705078, 23.710590, 0.0)
(27.693743, 23.741610, 0.0)
(27.712067, 23.722595, 0.0)
(27.696289, 23.677353, 0.0)
(27.682405, 23.631262, 0.0)
(27.678673, 23.627798, 0.0)
(27.731319, 23.641821, 0.0)
(27.761456, 23.640776, 0.0)
(27.755121, 23.626238, 0.0)
(27.737656, 23.590673, 0.0)
(27.749495, 23.573181, 0.0)
(27.748747, 23.590256, 0.0)
(27.752615, 23.592741, 0.0)
(27.752615, 23.592741, 0.0)
(27.752615, 23.592741, 0.0)
(27.748747, 23.590256, 0.0)
(27.761333, 23.594660, 0.0)
(27.769213, 23.609035, 0.0)
(28.519478, 23.567167, 0.0)
(29.375391, 23.849154, 0.0)
(29.460884, 23.848738, 0.0)
(29.466286, 23.835976, 0.0)
(29.020264, 23.925493, 0.0)
(28.077625, 23.851650, 0.0)
(28.010519, 23.838219, 0.0)
(30.203945, 23.250265, 0.0)
(35.306721, 22.170193, 0.0)
(38.436214, 22.780891, 0.0)
(39.281410, 23.262112, 0.0)
(39.367111, 23.390171, 0.0)
(39.360325, 23.373350, 0.0)
(39.386856, 23.336182, 0.0)
(39.403969, 23.326630, 0.0)
(39.159832, 23.106888, 0.0)
(39.145348, 23.071112, 0.0)
(39.181549, 23.117550, 0.0)
(39.181549, 23.117550, 0.0)
(39.204601, 23.143749, 0.0)
(39.208969, 23.122446, 0.0)
(39.208065, 23.115273, 0.0)
(39.232868, 23.045778, 0.0)
(38.843044, 22.864563, 0.0)
(38.950153, 22.865499, 0.0)
(38.972408, 22.881395, 0.0)
(38.972725, 22.905680, 0.0)
(38.977165, 22.925209, 0.0)
(38.989361, 22.903799, 0.0)
(38.979763, 22.887989, 0.0)
(38.973640, 22.857664, 0.0)
(39.149673, 22.912621, 0.0)
(39.077721, 22.907804, 0.0)
(39.056873, 22.939737, 0.0)
(39.088654, 22.909849, 0.0)
(39.058838, 22.904200, 0.0)
(39.058838, 22.904200, 0.0)
(39.058838, 22.904200, 0.0)
(39.098431, 22.914421, 0.0)
(39.095490, 22.926479, 0.0)
(39.105145, 22.927473, 0.0)
(39.118805, 22.930662, 0.0)
(39.121174, 22.920601, 0.0)
(39.133930, 22.909285, 0.0)
(39.118431, 22.895117, 0.0)
(36.455959, 22.875332, 0.0)
(32.056698, 23.510372, 0.0)
(29.215715, 25.623711, 0.0)
(27.907282, 27.226391, 0.0)
(27.523920, 27.681297, 0.0)
(27.472612, 27.715263, 0.0)
(27.431797, 27.717989, 0.0)
(27.420321, 27.730253, 0.0)
(27.330971, 28.165260, 0.0)
(27.292540, 28.278563, 0.0)
(27.274927, 28.278366, 0.0)
(27.275156, 28.297176, 0.0)
(27.268389, 28.301027, 0.0)
(27.247583, 28.304874, 0.0)
(27.235243, 28.317482, 0.0)
(27.253094, 28.289915, 0.0)
(27.231203, 28.318275, 0.0)
(27.231203, 28.318275, 0.0)
(27.231203, 28.318275, 0.0)
(27.231083, 28.323423, 0.0)
(27.228302, 28.315096, 0.0)
(27.236994, 28.327740, 0.0)
(27.232870, 28.329645, 0.0)
(27.217278, 28.309574, 0.0)
(27.227604, 28.302977, 0.0)
(27.168453, 28.076618, 0.0)
(27.161430, 28.015776, 0.0)
(27.166498, 28.009031, 0.0)
(27.169756, 28.018185, 0.0)
(27.165823, 28.015385, 0.0)
(27.174133, 28.019230, 0.0)
(27.185743, 27.993929, 0.0)
(27.184692, 27.993242, 0.0)
(27.190044, 27.981527, 0.0)
(27.205196, 28.008556, 0.0)
(27.213394, 27.979023, 0.0)
(27.251720, 27.926313, 0.0)
(31.418619, 25.107693, 0.0)
(35.093590, 23.209900, 0.0)
(37.848122, 23.425014, 0.0)
(40.110703, 24.234964, 0.0)
(41.119759, 24.778271, 0.0)
(41.223801, 24.820213, 0.0)
(41.281033, 24.839617, 0.0)
(41.398964, 24.889393, 0.0)
(41.847534, 25.056553, 0.0)
(41.859062, 25.055143, 0.0)
(41.867397, 25.021921, 0.0)
(41.870247, 25.002602, 0.0)
(41.867783, 25.022812, 0.0)
(41.867943, 25.040176, 0.0)
(41.860909, 25.090860, 0.0)
(41.857872, 25.046326, 0.0)
(41.713818, 24.845768, 0.0)
(41.733150, 24.793049, 0.0)
(41.742149, 24.800169, 0.0)
(41.770824, 24.813492, 0.0)
(41.774445, 24.848446, 0.0)
(41.763065, 24.902348, 0.0)
(41.765797, 24.894958, 0.0)
(41.764248, 24.902134, 0.0)
(41.758434, 24.879581, 0.0)
(41.763798, 24.866627, 0.0)
(41.766861, 24.887180, 0.0)
(41.765316, 24.878891, 0.0)
(41.768421, 24.915304, 0.0)
(41.775547, 24.840971, 0.0)
(41.774708, 24.810064, 0.0)
(41.771297, 24.772575, 0.0)
(41.755848, 24.747467, 0.0)
(41.764553, 24.745859, 0.0)
(41.761360, 24.785490, 0.0)
(41.766270, 24.831024, 0.0)
(41.548698, 24.791872, 0.0)
(38.057018, 25.419209, 0.0)
(37.973042, 25.510355, 0.0)
(37.928986, 25.431013, 0.0)
(37.901138, 25.408051, 0.0)
(37.878899, 25.403784, 0.0)
(37.546124, 25.939713, 0.0)
(37.454430, 26.015015, 0.0)
(37.460945, 25.977934, 0.0)
(37.446083, 25.989702, 0.0)
(37.441174, 25.970701, 0.0)
(37.428467, 25.958174, 0.0)
(37.432308, 25.962273, 0.0)
(37.435997, 25.952742, 0.0)
(37.439056, 25.941185, 0.0)
(37.434826, 25.928205, 0.0)
(37.414608, 25.901413, 0.0)
(37.375576, 25.896189, 0.0)
(37.355228, 25.894592, 0.0)
(37.355194, 25.898743, 0.0)
(37.346985, 25.891428, 0.0)
(37.345402, 25.879004, 0.0)
(37.347736, 25.867577, 0.0)
(37.341740, 25.875113, 0.0)
(37.343609, 25.893797, 0.0)
(37.341740, 25.875113, 0.0)
(37.341740, 25.875113, 0.0)
(37.349602, 25.876097, 0.0)
(37.357086, 25.828667, 0.0)
(37.364841, 25.823570, 0.0)
(37.360058, 25.827044, 0.0)
(37.371517, 25.832634, 0.0)
(37.355370, 25.826967, 0.0)
(37.384438, 25.838106, 0.0)
(37.370960, 25.793781, 0.0)
(37.358875, 25.748161, 0.0)
(37.342819, 25.711243, 0.0)
(37.342861, 25.704887, 0.0)
(37.478859, 25.744398, 0.0)
(40.821602, 24.592905, 0.0)
(42.141888, 23.917641, 0.0)
(42.504242, 23.932032, 0.0)
(42.464642, 24.050409, 0.0)
(42.450619, 24.142319, 0.0)
(42.437439, 24.164215, 0.0)
(42.423935, 24.162300, 0.0)
(42.643837, 24.232849, 0.0)
(42.648979, 24.200949, 0.0)
(42.661152, 24.183781, 0.0)
(42.645889, 24.206020, 0.0)
(42.645947, 24.222614, 0.0)
(42.634571, 24.188494, 0.0)
(42.622261, 24.175581, 0.0)
(42.600967, 24.203783, 0.0)
(42.594028, 24.209400, 0.0)
(42.594028, 24.178377, 0.0)
(42.566921, 24.166716, 0.0)
(42.549084, 24.142492, 0.0)
(42.557343, 24.111355, 0.0)
(42.567501, 24.128548, 0.0)
(42.532593, 24.164671, 0.0)
(42.540260, 24.158047, 0.0)
(42.528965, 24.157949, 0.0)
(41.993332, 23.863899, 0.0)
(42.027645, 23.821405, 0.0)
(42.053844, 23.840204, 0.0)
(42.061913, 23.853676, 0.0)
(42.061913, 23.853676, 0.0)
(42.072006, 23.840305, 0.0)
(42.069016, 23.822971, 0.0)
(42.067204, 23.839729, 0.0)
(42.053104, 23.801542, 0.0)
(42.047771, 23.837778, 0.0)
(42.045620, 23.875599, 0.0)
(42.042492, 23.900021, 0.0)
(41.724194, 23.768232, 0.0)
(36.615349, 21.966618, 0.0)
(33.084202, 21.773466, 0.0)
(32.970013, 21.763462, 0.0)
(32.916546, 21.703365, 0.0)
(32.882458, 21.654549, 0.0)
(32.904858, 21.692755, 0.0)
(33.376358, 21.662577, 0.0)
(33.302231, 21.639561, 0.0)
(33.240070, 21.601130, 0.0)
(33.215401, 21.575871, 0.0)
(33.211193, 21.582561, 0.0)
(33.180374, 21.524151, 0.0)
(32.929024, 21.848755, 0.0)
(33.019619, 21.630011, 0.0)
(33.005295, 21.219223, 0.0)
(33.034229, 21.215250, 0.0)
(33.023109, 21.201523, 0.0)
(33.035603, 21.268005, 0.0)
(33.035915, 21.295397, 0.0)
(33.013535, 21.313580, 0.0)
(33.004341, 21.310102, 0.0)
(32.947975, 21.247337, 0.0)
(32.961140, 21.242603, 0.0)
(32.965363, 21.235540, 0.0)
(32.975170, 21.226072, 0.0)
(33.049427, 21.262167, 0.0)
(33.071766, 21.190504, 0.0)
(33.071209, 21.151245, 0.0)
(33.048687, 21.136583, 0.0)
(33.033245, 21.137350, 0.0)
(33.052853, 21.139629, 0.0)
(33.033245, 21.137350, 0.0)
(33.027355, 21.126898, 0.0)
(33.027355, 21.126898, 0.0)
(32.877735, 21.132437, 0.0)
(30.253407, 19.735023, 0.0)
(29.656021, 19.335470, 0.0)
(29.542772, 19.348036, 0.0)
(29.498022, 19.433199, 0.0)
(29.170977, 19.365900, 0.0)
(29.139380, 19.339901, 0.0)
(29.087950, 19.349257, 0.0)
(29.023180, 19.324320, 0.0)
(28.982172, 19.321550, 0.0)
(28.975840, 19.348316, 0.0)
(28.957367, 19.366810, 0.0)
(28.949875, 19.339487, 0.0)
(28.945375, 19.316467, 0.0)
(28.922625, 19.295588, 0.0)
(28.928640, 19.296726, 0.0)
(28.930128, 19.344360, 0.0)
(28.932255, 19.359385, 0.0)
(28.925890, 19.370838, 0.0)
(28.911434, 19.401125, 0.0)
(28.928577, 19.399925, 0.0)
(28.910892, 19.401560, 0.0)
(28.908531, 19.407600, 0.0)
(28.914505, 19.423296, 0.0)
(28.924307, 19.416405, 0.0)
(28.909533, 19.426859, 0.0)
(28.794956, 19.805315, 0.0)
(28.779154, 19.832409, 0.0)
(28.769732, 19.819860, 0.0)
(28.762590, 19.789444, 0.0)
(28.758505, 19.781620, 0.0)
(28.779037, 19.790770, 0.0)
(28.789751, 19.847172, 0.0)
(28.774769, 19.819162, 0.0)
(28.773010, 19.802614, 0.0)
(28.775282, 19.841524, 0.0)
(28.765272, 19.866644, 0.0)
(28.762802, 19.886841, 0.0)
(28.767853, 19.906752, 0.0)
(32.053230, 21.036858, 0.0)
(36.448067, 23.186886, 0.0)
(38.325539, 25.943806, 0.0)
(38.148918, 26.788832, 0.0)
(38.087704, 26.871023, 0.0)
(38.135635, 26.780325, 0.0)
(38.862244, 27.710587, 0.0)
(38.805595, 27.866894, 0.0)
(38.785984, 27.804661, 0.0)
(38.796322, 27.755663, 0.0)
(38.800797, 27.744537, 0.0)
(38.805153, 27.743654, 0.0)
(38.812973, 27.720789, 0.0)
(38.801247, 27.764061, 0.0)
(38.907173, 27.752630, 0.0)
(38.936783, 27.743793, 0.0)
(38.933189, 27.746691, 0.0)
(38.940918, 27.717199, 0.0)
(38.952656, 27.709370, 0.0)
(38.942829, 27.748007, 0.0)
(38.961521, 27.764395, 0.0)
(38.972191, 27.756588, 0.0)
(38.954979, 27.765541, 0.0)
(38.978275, 27.769148, 0.0)
(38.970093, 27.767290, 0.0)
(38.968235, 27.767118, 0.0)
(38.083458, 26.698915, 0.0)
(38.000992, 26.429890, 0.0)
(38.005131, 26.411299, 0.0)
(38.017906, 26.378450, 0.0)
(38.012722, 26.360558, 0.0)
(38.022430, 26.347809, 0.0)
(37.671154, 25.658854, 0.0)
(37.118927, 23.473619, 0.0)
(37.026684, 23.231163, 0.0)
(36.973209, 23.223263, 0.0)
(36.960247, 23.205137, 0.0)
(36.961029, 23.199656, 0.0)
(36.960651, 23.211983, 0.0)
(39.395161, 23.682747, 0.0)
(41.827103, 24.570629, 0.0)
(42.059151, 24.753729, 0.0)
(42.038113, 24.749479, 0.0)
(42.016304, 24.773947, 0.0)
(42.030521, 24.761253, 0.0)
(42.536728, 24.913074, 0.0)
(42.588104, 24.924400, 0.0)
(42.579544, 24.915051, 0.0)
(42.577072, 24.874077, 0.0)
(42.566475, 24.838625, 0.0)
(42.551807, 24.840364, 0.0)
(42.534546, 24.819862, 0.0)
(42.516788, 24.846113, 0.0)
(42.511395, 24.886669, 0.0)
(42.492344, 24.822840, 0.0)
(42.490849, 24.817308, 0.0)
(42.478153, 24.812050, 0.0)
(42.483932, 24.823914, 0.0)
(42.470928, 24.849817, 0.0)
(42.431568, 24.839525, 0.0)
(42.450619, 24.835281, 0.0)
(42.428871, 24.831600, 0.0)
(42.428680, 24.791872, 0.0)
(42.383144, 24.557545, 0.0)
(42.372494, 24.545630, 0.0)
(42.371017, 24.566288, 0.0)
(42.375755, 24.605865, 0.0)
(42.378651, 24.628199, 0.0)
(42.365517, 24.594362, 0.0)
(42.354836, 24.565479, 0.0)
(42.355877, 24.560017, 0.0)
(40.815311, 23.234735, 0.0)
(39.998749, 22.543036, 0.0)
(39.932384, 22.485880, 0.0)
(39.985691, 22.495481, 0.0)
(38.845131, 21.534199, 0.0)
(38.835522, 21.236923, 0.0)
(38.860783, 21.218014, 0.0)
(38.853287, 21.213934, 0.0)
(38.866196, 21.217665, 0.0)
(38.806759, 20.934265, 0.0)
(38.813328, 20.873367, 0.0)
(38.818790, 20.853174, 0.0)
(38.836300, 20.846601, 0.0)
(38.805206, 20.790298, 0.0)
(38.805943, 20.780439, 0.0)
(38.800968, 20.787060, 0.0)
(38.806664, 20.809978, 0.0)
(38.850800, 20.812185, 0.0)
(38.290737, 20.766798, 0.0)
(38.184319, 20.768070, 0.0)
(38.177860, 20.770473, 0.0)
(38.192188, 20.779198, 0.0)
(38.642548, 20.934292, 0.0)
(38.740257, 20.957113, 0.0)
(38.715527, 20.928453, 0.0)
(38.701748, 20.920111, 0.0)
(38.696579, 20.926058, 0.0)
(38.687931, 20.916552, 0.0)
(38.672947, 20.908068, 0.0)
(38.659412, 20.911585, 0.0)
(38.661674, 20.900808, 0.0)
(38.648479, 20.878819, 0.0)
(38.653961, 20.898886, 0.0)
(38.646965, 20.917553, 0.0)
(38.617046, 20.930958, 0.0)
(38.600021, 20.955053, 0.0)
(37.810932, 20.981976, 0.0)
(37.288757, 20.976854, 0.0)
(37.264496, 20.957920, 0.0)
(37.250076, 20.955450, 0.0)
(37.238159, 20.902752, 0.0)
(37.103848, 21.039677, 0.0)
(34.067070, 23.816051, 0.0)
(33.467682, 24.286137, 0.0)
(33.331722, 24.295521, 0.0)
(33.287605, 24.233847, 0.0)
(33.201130, 24.172127, 0.0)
(33.164173, 24.131355, 0.0)
(33.229546, 25.215668, 0.0)
(33.228554, 25.144310, 0.0)
(33.044308, 24.524342, 0.0)
(33.055988, 24.265934, 0.0)
(33.103806, 24.268187, 0.0)
(33.174335, 24.305283, 0.0)
(33.179066, 24.330179, 0.0)
(33.196835, 24.289467, 0.0)
(33.194221, 24.230320, 0.0)
(33.202312, 24.277130, 0.0)
(33.214256, 24.307285, 0.0)
(33.208580, 24.341564, 0.0)
(33.228802, 24.360367, 0.0)
(33.231934, 24.309704, 0.0)
(33.222782, 24.282143, 0.0)
(33.165943, 24.024300, 0.0)
(33.190639, 24.022305, 0.0)
(33.190998, 24.072079, 0.0)
(33.183147, 24.134008, 0.0)
(33.209854, 24.130449, 0.0)
(33.181183, 24.121855, 0.0)
(33.145786, 24.124294, 0.0)
(33.144943, 24.111393, 0.0)
(33.111645, 24.142818, 0.0)
(33.116131, 24.170229, 0.0)
(33.130745, 24.185511, 0.0)
(33.146763, 24.241596, 0.0)
(33.137264, 24.231825, 0.0)
(33.151096, 24.215137, 0.0)
(32.660404, 24.019249, 0.0)
(32.662811, 23.861143, 0.0)
(32.668167, 23.899193, 0.0)
(36.368828, 22.875105, 0.0)
(39.340805, 22.357645, 0.0)
(40.511192, 22.537064, 0.0)
(40.563824, 22.568808, 0.0)
(40.541363, 22.556852, 0.0)
(41.116432, 22.776850, 0.0)
(41.419689, 22.861616, 0.0)
(41.443909, 22.901728, 0.0)
(41.447975, 22.935257, 0.0)
(41.468483, 22.922028, 0.0)
(41.452660, 22.874025, 0.0)
(41.471020, 22.839085, 0.0)
(41.479134, 22.841728, 0.0)
(41.475407, 22.804728, 0.0)
(41.458256, 22.788977, 0.0)
(41.460510, 22.769558, 0.0)
(41.445057, 22.796404, 0.0)
(41.417484, 22.796232, 0.0)
(41.425545, 22.792347, 0.0)
(41.426918, 22.764835, 0.0)
(41.422729, 22.776728, 0.0)
(41.433056, 22.780476, 0.0)
(41.433998, 22.734291, 0.0)
(41.429733, 22.735779, 0.0)
(41.444271, 22.704584, 0.0)
(41.449833, 22.687696, 0.0)
(41.449833, 22.687696, 0.0)
(41.446541, 22.646772, 0.0)
(41.427086, 22.622885, 0.0)
(41.431232, 22.628441, 0.0)
(41.130280, 22.557987, 0.0)
(40.495396, 22.279867, 0.0)
(40.468014, 22.241842, 0.0)
(40.472668, 22.224518, 0.0)
(40.477013, 22.214632, 0.0)
(41.193157, 22.491215, 0.0)
(41.206772, 22.506208, 0.0)
(37.064735, 20.568935, 0.0)
(32.726089, 19.769966, 0.0)
(31.496241, 19.818590, 0.0)
(31.306170, 19.824930, 0.0)
(31.293989, 19.828047, 0.0)
(31.182947, 19.766619, 0.0)
(31.006653, 19.523657, 0.0)
(30.970812, 19.437857, 0.0)
(30.963312, 19.394094, 0.0)
(30.965385, 19.449646, 0.0)
(30.966837, 19.450306, 0.0)
(30.938231, 19.434690, 0.0)
(30.928900, 19.424934, 0.0)
(30.907658, 19.419825, 0.0)
(30.909548, 19.425898, 0.0)
(30.903618, 19.436899, 0.0)
(30.889711, 19.457203, 0.0)
(30.872093, 19.473915, 0.0)
(30.872093, 19.473915, 0.0)
(30.870800, 19.466412, 0.0)
(30.867052, 19.471384, 0.0)
(30.870800, 19.466412, 0.0)
(30.862106, 19.483505, 0.0)
(30.874645, 19.469858, 0.0)
(30.717592, 19.622231, 0.0)
(30.680038, 19.699358, 0.0)
(30.659636, 19.668894, 0.0)
(30.624722, 19.663906, 0.0)
(30.652987, 19.648142, 0.0)
(30.629908, 19.616434, 0.0)
(30.663563, 19.635727, 0.0)
(30.683876, 19.673195, 0.0)
(30.678226, 19.692308, 0.0)
(30.679382, 19.671467, 0.0)
(30.679674, 19.688967, 0.0)
(30.649176, 19.716429, 0.0)
(30.650608, 19.773636, 0.0)
(27.896820, 20.239918, 0.0)
(26.120373, 20.680424, 0.0)
(25.951309, 20.763166, 0.0)
(25.941521, 20.809006, 0.0)
(25.922441, 20.881851, 0.0)
(25.922379, 20.888508, 0.0)
(26.059057, 20.755135, 0.0)
(26.101326, 20.702866, 0.0)
(26.068624, 20.719364, 0.0)
(26.065964, 20.709503, 0.0)
(26.065735, 20.694759, 0.0)
(26.061897, 20.691645, 0.0)
(26.046898, 20.699564, 0.0)
(26.039295, 20.731750, 0.0)
(26.042389, 20.736183, 0.0)
(26.044102, 20.732763, 0.0)
(26.033941, 20.705650, 0.0)
(26.041079, 20.695343, 0.0)
(26.050026, 20.686369, 0.0)
(26.053324, 20.717491, 0.0)
(26.051741, 20.723967, 0.0)
(26.033464, 20.721727, 0.0)
(26.043360, 20.739412, 0.0)
(26.042025, 20.702278, 0.0)
(26.042025, 20.702278, 0.0)
(26.042421, 20.689600, 0.0)
(26.081316, 20.667036, 0.0)
(26.066511, 20.635897, 0.0)
(26.044891, 20.621511, 0.0)
(26.096405, 20.646286, 0.0)
(26.066511, 20.635897, 0.0)
(26.043209, 20.616053, 0.0)
(26.041836, 20.603989, 0.0)
(26.094969, 20.605907, 0.0)
(26.097956, 20.640026, 0.0)
(26.097956, 20.640026, 0.0)
(26.105457, 20.597116, 0.0)
(29.948088, 18.949635, 0.0)
(33.629803, 18.509689, 0.0)
(35.283955, 19.296362, 0.0)
(36.212086, 20.048546, 0.0)
(36.281868, 20.178040, 0.0)
(36.319878, 20.182676, 0.0)
(36.377270, 20.136793, 0.0)
(36.900940, 20.479895, 0.0)
(36.975197, 20.553577, 0.0)
(36.998772, 20.528240, 0.0)
(37.047562, 20.503471, 0.0)
(37.082989, 20.508165, 0.0)
(37.097378, 20.531952, 0.0)
(37.094952, 20.487711, 0.0)
(37.074917, 20.463348, 0.0)
(36.766880, 20.385298, 0.0)
(36.828209, 20.342154, 0.0)
(36.880821, 20.365211, 0.0)
(36.865356, 20.416216, 0.0)
(36.858574, 20.389112, 0.0)
(36.849396, 20.359531, 0.0)
(36.849396, 20.359531, 0.0)
(36.849396, 20.359531, 0.0)
(37.003517, 20.480911, 0.0)
(36.890869, 20.563166, 0.0)
(36.870743, 20.591866, 0.0)
(36.870743, 20.579622, 0.0)
(36.883717, 20.572067, 0.0)
(36.897919, 20.534180, 0.0)
(36.888790, 20.535370, 0.0)
(36.861042, 20.550154, 0.0)
(36.857903, 20.529108, 0.0)
(36.663631, 20.841608, 0.0)
(36.601753, 21.113314, 0.0)
(36.566288, 21.080795, 0.0)
(36.561363, 21.060946, 0.0)
(36.551716, 21.054806, 0.0)
(36.538235, 21.038134, 0.0)
(35.371025, 21.183655, 0.0)
(32.766258, 21.884615, 0.0)
(31.516970, 23.691698, 0.0)
(30.537138, 24.706699, 0.0)
(29.964676, 25.731396, 0.0)
(29.844713, 25.900663, 0.0)
(29.821306, 25.901960, 0.0)
(29.764446, 25.940729, 0.0)
(29.762238, 25.945131, 0.0)
(29.757425, 25.935549, 0.0)
(29.776264, 25.941021, 0.0)
(29.977608, 25.902990, 0.0)
(35.235840, 25.380770, 0.0)
(38.193878, 25.884092, 0.0)
(38.503334, 25.978664, 0.0)
(38.501816, 25.931110, 0.0)
(38.516014, 25.897234, 0.0)
(38.537102, 25.908251, 0.0)
(38.555237, 25.907806, 0.0)
(38.590866, 25.901270, 0.0)
(38.610111, 25.892994, 0.0)
(38.625462, 25.889763, 0.0)
(38.606949, 25.855415, 0.0)
(36.073875, 23.839186, 0.0)
(34.420441, 22.739374, 0.0)
(34.269257, 22.674686, 0.0)
(34.239918, 22.706944, 0.0)
(34.232136, 22.665318, 0.0)
(34.194778, 22.670769, 0.0)
(34.191246, 22.664196, 0.0)
(34.203697, 22.687325, 0.0)
(34.201710, 22.692171, 0.0)
(34.194073, 22.681505, 0.0)
(34.191448, 22.691980, 0.0)
(34.168148, 22.710386, 0.0)
(34.168003, 22.710592, 0.0)
(34.163036, 22.719358, 0.0)
(33.972813, 22.352646, 0.0)
(33.047241, 19.559052, 0.0)
(32.756763, 19.062883, 0.0)
(32.731937, 19.189903, 0.0)
(32.722149, 19.223122, 0.0)
(32.677151, 19.220989, 0.0)
(32.659527, 19.185549, 0.0)
(32.930107, 19.264410, 0.0)
(32.901062, 19.273540, 0.0)
(32.920403, 19.292107, 0.0)
(32.920643, 19.268969, 0.0)
(32.910660, 19.245224, 0.0)
(32.941345, 19.223133, 0.0)
(32.945107, 19.217369, 0.0)
(32.951538, 19.213842, 0.0)
(32.956905, 19.198172, 0.0)
(32.954689, 19.203665, 0.0)
(32.945663, 19.225845, 0.0)
(32.951744, 19.257992, 0.0)
(32.941040, 19.265230, 0.0)
(32.941246, 19.290983, 0.0)
(32.941040, 19.265230, 0.0)
(32.887142, 19.243017, 0.0)
(32.856544, 19.192917, 0.0)
(32.857716, 19.186983, 0.0)
(32.873451, 19.207602, 0.0)
(32.889896, 19.219433, 0.0)
(32.895649, 19.288921, 0.0)
(32.888828, 19.271332, 0.0)
(32.871574, 19.250731, 0.0)
(32.882202, 19.252127, 0.0)
(32.893738, 19.250036, 0.0)
(32.883751, 19.258690, 0.0)
(32.898804, 19.290718, 0.0)
(32.896332, 19.304098, 0.0)
(32.912292, 19.316448, 0.0)
(32.913670, 19.307049, 0.0)
(32.909122, 19.282618, 0.0)
(37.299316, 20.238825, 0.0)
(40.007690, 21.546032, 0.0)
(40.992550, 23.027439, 0.0)
(41.185780, 23.348904, 0.0)
(41.229721, 23.373690, 0.0)
(41.232449, 23.293688, 0.0)
(41.751160, 23.759947, 0.0)
(41.708569, 23.716389, 0.0)
(41.681236, 23.677553, 0.0)
(41.721260, 23.735964, 0.0)
(41.726746, 23.779720, 0.0)
(41.714600, 23.760721, 0.0)
(41.713017, 23.749113, 0.0)
(41.715508, 23.765217, 0.0)
(41.707481, 23.749189, 0.0)
(41.693378, 23.723820, 0.0)
(41.710011, 23.754494, 0.0)
(41.613197, 23.667948, 0.0)
(41.275108, 23.329515, 0.0)
(41.260342, 23.301357, 0.0)
(41.257713, 23.270069, 0.0)
(41.258678, 23.233372, 0.0)
(41.270752, 23.203691, 0.0)
(41.259739, 23.205425, 0.0)
(41.259739, 23.205425, 0.0)
(41.263893, 23.211441, 0.0)
(41.248554, 23.185846, 0.0)
(41.248554, 23.185846, 0.0)
(41.237568, 23.148211, 0.0)
(41.258171, 23.126276, 0.0)
(41.238049, 23.156088, 0.0)
(41.238049, 23.156088, 0.0)
(41.229877, 23.162107, 0.0)
(41.235893, 23.146887, 0.0)
(41.238628, 23.142063, 0.0)
(41.222515, 23.138462, 0.0)
(41.142231, 23.093441, 0.0)
(38.703354, 21.831877, 0.0)
(38.733829, 21.758509, 0.0)
(38.760876, 21.714399, 0.0)
(38.765751, 21.709805, 0.0)
(38.775719, 21.690907, 0.0)
(38.769623, 21.681210, 0.0)
(38.753464, 21.650251, 0.0)
(38.893620, 21.562632, 0.0)
(38.922058, 21.576677, 0.0)
(38.927658, 21.601847, 0.0)
(38.919716, 21.560114, 0.0)
(38.925472, 21.527325, 0.0)
(38.926907, 21.514307, 0.0)
(38.949505, 21.530334, 0.0)
(38.971405, 21.569601, 0.0)
(38.964069, 21.567421, 0.0)
(38.390385, 21.338715, 0.0)
(38.367981, 21.306240, 0.0)
(38.367981, 21.306240, 0.0)
(38.367981, 21.306240, 0.0)
(38.367981, 21.306240, 0.0)
(38.367981, 21.306240, 0.0)
(38.635891, 21.402063, 0.0)
(38.750137, 21.413643, 0.0)
(38.748375, 21.425884, 0.0)
(38.741364, 21.404303, 0.0)
(38.727108, 21.431284, 0.0)
(38.722088, 21.430658, 0.0)
(38.706738, 21.473715, 0.0)
(38.186741, 21.446081, 0.0)
(35.674610, 21.054659, 0.0)
(35.522839, 21.012926, 0.0)
(35.535656, 20.914715, 0.0)
(35.514053, 20.862860, 0.0)
(35.520733, 20.842594, 0.0)
(35.520733, 20.842594, 0.0)
(35.541100, 20.863625, 0.0)
(35.505737, 20.868786, 0.0)
(34.226673, 21.259378, 0.0)
(30.102686, 22.812670, 0.0)
(27.684692, 24.562963, 0.0)
(27.029308, 25.066265, 0.0)
(26.928646, 25.162504, 0.0)
(26.853626, 25.179157, 0.0)
(26.799026, 25.184340, 0.0)
(26.771311, 25.225073, 0.0)
(26.773159, 25.179092, 0.0)
(26.703724, 25.245234, 0.0)
(26.637785, 25.383385, 0.0)
(26.636230, 25.410170, 0.0)
(26.636234, 25.390663, 0.0)
(26.636234, 25.415384, 0.0)
(26.637806, 25.407267, 0.0)
(26.650005, 25.387365, 0.0)
(26.648405, 25.363253, 0.0)
(26.646606, 25.248425, 0.0)
(26.667183, 25.252398, 0.0)
(26.675915, 25.253845, 0.0)
(26.662371, 25.207062, 0.0)
(26.659668, 25.212898, 0.0)
(26.679647, 25.187916, 0.0)
(26.680872, 25.181488, 0.0)
(26.689896, 25.229057, 0.0)
(26.711155, 25.223154, 0.0)
(26.716625, 25.254120, 0.0)
(26.725943, 25.338249, 0.0)
(26.809994, 25.277420, 0.0)
(29.176722, 24.010653, 0.0)
(29.637302, 23.699692, 0.0)
(29.631948, 23.626558, 0.0)
(29.639868, 23.591143, 0.0)
(29.636131, 23.555208, 0.0)
(29.644493, 23.594147, 0.0)
(29.637495, 23.585930, 0.0)
(29.645790, 23.568876, 0.0)
(29.669365, 23.497143, 0.0)
(33.518711, 23.618624, 0.0)
(37.785950, 24.651440, 0.0)
(40.117298, 26.574108, 0.0)
(41.143089, 27.475843, 0.0)
(41.188759, 27.523607, 0.0)
(41.190102, 27.520212, 0.0)
(41.216801, 27.544405, 0.0)
(41.486744, 28.052401, 0.0)
(41.415989, 28.012642, 0.0)
(41.423065, 27.984686, 0.0)
(41.444157, 28.002123, 0.0)
(41.436913, 27.997889, 0.0)
(41.438953, 27.959299, 0.0)
(41.435623, 27.870644, 0.0)
(41.428158, 27.902197, 0.0)
(41.413605, 27.927372, 0.0)
(41.415676, 27.934143, 0.0)
(41.416161, 27.933624, 0.0)
(41.408863, 27.906435, 0.0)
(41.454166, 27.872908, 0.0)
(41.405464, 27.797503, 0.0)
(41.422161, 27.798697, 0.0)
(41.453648, 27.761827, 0.0)
(41.437428, 27.761375, 0.0)
(41.078156, 27.288267, 0.0)
(39.950123, 24.668097, 0.0)
(39.863689, 24.415787, 0.0)
(39.883274, 24.411911, 0.0)
(39.894489, 24.392340, 0.0)
(39.895622, 24.360188, 0.0)
(39.910839, 24.320707, 0.0)
(39.935944, 24.315258, 0.0)
(39.910301, 24.349272, 0.0)
(39.916454, 24.343132, 0.0)
(38.673878, 23.874937, 0.0)
(37.961620, 23.592369, 0.0)
(37.948048, 23.565029, 0.0)
(39.501518, 23.242243, 0.0)
(40.705532, 23.081612, 0.0)
(40.741856, 23.050383, 0.0)
(40.719746, 23.056410, 0.0)
(40.724167, 23.068739, 0.0)
(40.732849, 22.857933, 0.0)
(40.746490, 22.812277, 0.0)
(40.782463, 22.800915, 0.0)
(40.819630, 22.788069, 0.0)
(40.821770, 22.842085, 0.0)
(40.811352, 22.864336, 0.0)
(40.820518, 22.863239, 0.0)
(40.811352, 22.864336, 0.0)
(40.809132, 22.837811, 0.0)
(40.759933, 22.788048, 0.0)
(40.750378, 22.784269, 0.0)
(40.740574, 22.782089, 0.0)
(40.742294, 22.789692, 0.0)
(40.704441, 22.807341, 0.0)
(40.670876, 22.802683, 0.0)
(40.642155, 22.747026, 0.0)
(40.388248, 22.559616, 0.0)
(40.355972, 22.553205, 0.0)
(40.376411, 22.554962, 0.0)
(40.355972, 22.553205, 0.0)
(40.333210, 22.551868, 0.0)
(40.306286, 22.553455, 0.0)
(40.303513, 22.571182, 0.0)
(40.284908, 22.542278, 0.0)
(40.256310, 22.515038, 0.0)
(40.251480, 22.515326, 0.0)
(40.232830, 22.509266, 0.0)
(40.228214, 22.498831, 0.0)
(40.232830, 22.509266, 0.0)
(40.233055, 22.502258, 0.0)
(40.226372, 22.487780, 0.0)
(40.224773, 22.480215, 0.0)
(40.160488, 22.416893, 0.0)
(35.675373, 22.225857, 0.0)
(31.707026, 23.027775, 0.0)
(29.081717, 24.694586, 0.0)
(27.526926, 25.873116, 0.0)
(27.320345, 25.971989, 0.0)
(27.278851, 25.939541, 0.0)
(27.236034, 25.950846, 0.0)
(27.200176, 25.927683, 0.0)
(26.931229, 25.951265, 0.0)
(26.894070, 25.969500, 0.0)
(26.887480, 25.979780, 0.0)
(26.876549, 25.991758, 0.0)
(26.860804, 26.005266, 0.0)
(26.839430, 25.980520, 0.0)
(26.809711, 25.965948, 0.0)
(26.805155, 25.965118, 0.0)
(26.797943, 25.957548, 0.0)
(26.898182, 25.767321, 0.0)
(26.918333, 25.742115, 0.0)
(26.909256, 25.718241, 0.0)
(26.866051, 25.663937, 0.0)
(26.848495, 25.654463, 0.0)
(26.859562, 25.617544, 0.0)
(26.875305, 25.642878, 0.0)
(26.857803, 25.676464, 0.0)
(26.754251, 25.656132, 0.0)
(26.754004, 25.640598, 0.0)
(26.749517, 25.638975, 0.0)
(26.749517, 25.638975, 0.0)
(26.746206, 25.634800, 0.0)
(26.744825, 25.628599, 0.0)
(26.744757, 25.627464, 0.0)
(26.744532, 25.620810, 0.0)
(28.060333, 24.258654, 0.0)
(28.383686, 23.783943, 0.0)
(28.359104, 23.717789, 0.0)
(28.296581, 23.712982, 0.0)
(28.352962, 23.585096, 0.0)
(28.989914, 20.952974, 0.0)
(29.299728, 20.328333, 0.0)
(29.307430, 20.354132, 0.0)
(29.279009, 20.383411, 0.0)
(29.241535, 20.364920, 0.0)
(29.246868, 20.356817, 0.0)
(29.253736, 20.364986, 0.0)
(29.254576, 20.404377, 0.0)
(29.254488, 20.437304, 0.0)
(29.254488, 20.437304, 0.0)
(29.256060, 20.445786, 0.0)
(29.235844, 20.475525, 0.0)
(29.227444, 20.476789, 0.0)
(29.240608, 20.450964, 0.0)
(29.239347, 20.444929, 0.0)
(29.424196, 20.503643, 0.0)
(29.436186, 20.533697, 0.0)
(29.425989, 20.547024, 0.0)
(29.442467, 20.522667, 0.0)
(29.433372, 20.509363, 0.0)
(29.438925, 20.479567, 0.0)
(29.443405, 20.488241, 0.0)
(29.452684, 20.541674, 0.0)
(29.504091, 20.533068, 0.0)
(29.495621, 20.512463, 0.0)
(29.487610, 20.493378, 0.0)
(29.491728, 20.501856, 0.0)
(29.497147, 20.460287, 0.0)
(29.504866, 20.455490, 0.0)
(29.508238, 20.479790, 0.0)
(29.528755, 20.496479, 0.0)
(29.528755, 20.496479, 0.0)
(29.534889, 20.476988, 0.0)
(29.527187, 20.485529, 0.0)
(29.545893, 20.488256, 0.0)
(29.557913, 20.497761, 0.0)
(29.635124, 20.500950, 0.0)
(35.163582, 21.888058, 0.0)
(37.530670, 23.525410, 0.0)
(37.464920, 23.502689, 0.0)
(37.429626, 23.408421, 0.0)
(37.445015, 23.404409, 0.0)
(37.446972, 23.370710, 0.0)
(37.458790, 23.336939, 0.0)
(37.490932, 23.352785, 0.0)
(37.621021, 23.239502, 0.0)
(37.555191, 23.141685, 0.0)
(37.558784, 23.154514, 0.0)
(37.568310, 23.170893, 0.0)
(37.553509, 23.236923, 0.0)
(37.539707, 23.232010, 0.0)
(37.530983, 23.233532, 0.0)
(37.585163, 23.235342, 0.0)
(37.680943, 23.195639, 0.0)
(37.442856, 22.965714, 0.0)
(37.462666, 22.853466, 0.0)
(37.495617, 22.870321, 0.0)
(37.525253, 22.936417, 0.0)
(37.519379, 22.956709, 0.0)
(37.530132, 22.953369, 0.0)
(37.557907, 22.705017, 0.0)
(37.883373, 21.739883, 0.0)
(37.884274, 21.695265, 0.0)
(37.822186, 21.716579, 0.0)
(37.788151, 21.756758, 0.0)
(37.799923, 21.768759, 0.0)
(37.784241, 21.759596, 0.0)
(37.809380, 21.733522, 0.0)
(37.799366, 21.732010, 0.0)
(37.798233, 21.690643, 0.0)
(37.798843, 21.690092, 0.0)
(37.790077, 21.676338, 0.0)
(37.771923, 21.656057, 0.0)
(37.771023, 21.630770, 0.0)
(37.625637, 21.344168, 0.0)
(36.158905, 18.413980, 0.0)
(35.327015, 17.321026, 0.0)
(35.227413, 17.409286, 0.0)
(35.234241, 17.474670, 0.0)
(35.177479, 17.488319, 0.0)
(35.170300, 17.584024, 0.0)
(35.200092, 17.609095, 0.0)
(35.224182, 17.612711, 0.0)
(35.273346, 17.776962, 0.0)
(35.258408, 17.820787, 0.0)
(35.274372, 17.853168, 0.0)
(35.282635, 17.867683, 0.0)
(35.282635, 17.867683, 0.0)
(35.263592, 17.848427, 0.0)
(35.263592, 17.848427, 0.0)
(35.248131, 17.841000, 0.0)
(35.244034, 17.822573, 0.0)
(35.231441, 17.854830, 0.0)
(35.249325, 18.334358, 0.0)
(35.271763, 18.809904, 0.0)
(35.248329, 18.922474, 0.0)
(35.248329, 18.922474, 0.0)
(35.247719, 18.949684, 0.0)
(35.217968, 18.883768, 0.0)
(35.219818, 18.827839, 0.0)
(35.215141, 18.823425, 0.0)
(35.204548, 18.818726, 0.0)
(35.199379, 18.819580, 0.0)
(35.195915, 18.787794, 0.0)
(35.202477, 18.795437, 0.0)
(35.202477, 18.795437, 0.0)
(35.198551, 18.814690, 0.0)
(35.199120, 18.817875, 0.0)
(35.200844, 18.789154, 0.0)
(35.186005, 18.711805, 0.0)
(35.202259, 18.663200, 0.0)
(35.849766, 18.827852, 0.0)
(39.976246, 19.838289, 0.0)
(41.252502, 20.147093, 0.0)
(41.355141, 20.212383, 0.0)
(41.355827, 20.247118, 0.0)
(41.362923, 20.207911, 0.0)
(41.346619, 20.186178, 0.0)
(41.660454, 20.360777, 0.0)
(41.675861, 20.372347, 0.0)
(41.670826, 20.387854, 0.0)
(41.671600, 20.356922, 0.0)
(41.659073, 20.311663, 0.0)
(41.643639, 20.291361, 0.0)
(41.619694, 20.294548, 0.0)
(41.631149, 20.298471, 0.0)
(41.625523, 20.334177, 0.0)
(41.607342, 20.337778, 0.0)
(41.655376, 20.309202, 0.0)
(41.665161, 20.325275, 0.0)
(40.755463, 20.109474, 0.0)
(40.685833, 20.138502, 0.0)
(40.734257, 20.094099, 0.0)
(40.730053, 20.127115, 0.0)
(40.711994, 20.134485, 0.0)
(40.701389, 20.145308, 0.0)
(40.690250, 20.163996, 0.0)
(40.707645, 20.183973, 0.0)
(40.712860, 20.192926, 0.0)
(40.723431, 20.177582, 0.0)
(40.713665, 20.148453, 0.0)
(40.000507, 20.680710, 0.0)
(39.931374, 20.725817, 0.0)
(39.935978, 20.725365, 0.0)
(39.931374, 20.725817, 0.0)
(39.907513, 20.725357, 0.0)
(39.901707, 20.711843, 0.0)
(39.907188, 20.687349, 0.0)
(39.892994, 20.622816, 0.0)
(40.081009, 20.832962, 0.0)
(40.815712, 21.502810, 0.0)
(40.876717, 21.543510, 0.0)
(40.885765, 21.552420, 0.0)
(40.905659, 21.537497, 0.0)
(40.910419, 21.513065, 0.0)
(40.913540, 21.490017, 0.0)
(40.624840, 21.461164, 0.0)
(40.613861, 21.454607, 0.0)
(40.630470, 21.435560, 0.0)
(40.635178, 21.434164, 0.0)
(40.847866, 21.521900, 0.0)
(40.807579, 21.505472, 0.0)
(40.809368, 21.520157, 0.0)
(40.823025, 21.479155, 0.0)
(40.827770, 21.468224, 0.0)
(40.827904, 21.461016, 0.0)
(40.806465, 21.439226, 0.0)
(40.814678, 21.435518, 0.0)
(40.781490, 21.436169, 0.0)
(40.497375, 21.752985, 0.0)
(40.465176, 21.856808, 0.0)
(40.469578, 21.816336, 0.0)
(40.462547, 21.788729, 0.0)
(40.437862, 21.750000, 0.0)
(40.453899, 21.738262, 0.0)
(40.447811, 21.754642, 0.0)
(40.464294, 21.786480, 0.0)
(40.461830, 21.756311, 0.0)
(40.492626, 21.753218, 0.0)
(40.502487, 21.728613, 0.0)
(40.504856, 21.723078, 0.0)
(40.023617, 21.758596, 0.0)
(39.893433, 21.743000, 0.0)
(39.892841, 21.736095, 0.0)
(39.901550, 21.726820, 0.0)
(39.889107, 21.708738, 0.0)
(39.865135, 21.695408, 0.0)
(39.517849, 21.631289, 0.0)
(34.686749, 21.805090, 0.0)
(31.796999, 23.767292, 0.0)
(30.482843, 25.112930, 0.0)
(30.303864, 25.277094, 0.0)
(30.245226, 25.259674, 0.0)
(30.184620, 25.261538, 0.0)
(30.159712, 25.269318, 0.0)
(30.216150, 25.713287, 0.0)
(30.195206, 25.776026, 0.0)
(30.172752, 25.772821, 0.0)
(30.155212, 25.759579, 0.0)
(30.128651, 25.721220, 0.0)
(30.114611, 25.706482, 0.0)
(30.104385, 25.681448, 0.0)
(30.103460, 25.660091, 0.0)
(30.082088, 25.639845, 0.0)
(30.088633, 25.589031, 0.0)
(30.090057, 25.594744, 0.0)
(30.087866, 25.600000, 0.0)
(30.087866, 25.600000, 0.0)
(30.092691, 25.586861, 0.0)
(30.078356, 25.578825, 0.0)
(30.039961, 25.575602, 0.0)
(30.052286, 25.592659, 0.0)
(30.048748, 25.543196, 0.0)
(29.982250, 25.418892, 0.0)
(29.965319, 25.395367, 0.0)
(29.965319, 25.395367, 0.0)
(29.979326, 25.408075, 0.0)
(29.971685, 25.414007, 0.0)
(29.957386, 25.391846, 0.0)
(29.969158, 25.391323, 0.0)
(29.971752, 25.381245, 0.0)
(29.975054, 25.368097, 0.0)
(29.973080, 25.370630, 0.0)
(29.976656, 25.373676, 0.0)
(29.956924, 25.376184, 0.0)
(29.959810, 25.394369, 0.0)
(31.223625, 25.138252, 0.0)
(31.788153, 25.264221, 0.0)
(31.823236, 25.238750, 0.0)
(31.808727, 25.217140, 0.0)
(31.790409, 25.204725, 0.0)
(31.761318, 25.235844, 0.0)
(31.761862, 25.247929, 0.0)
(32.527451, 24.333527, 0.0)
(33.249603, 23.086052, 0.0)
(33.263226, 22.996286, 0.0)
(33.237316, 23.023077, 0.0)
(35.501976, 24.052227, 0.0)
(38.978889, 25.365242, 0.0)
(39.228699, 25.480211, 0.0)
(39.206165, 25.415852, 0.0)
(39.190224, 25.419142, 0.0)
(39.170372, 25.426798, 0.0)
(39.165588, 25.406290, 0.0)
(39.156517, 25.410614, 0.0)
(40.155609, 26.588440, 0.0)
(40.685066, 26.969727, 0.0)
(39.525005, 26.508175, 0.0)
(34.558483, 25.528206, 0.0)
(31.345552, 26.159683, 0.0)
(30.985407, 26.227163, 0.0)
(30.911304, 26.219868, 0.0)
(30.848328, 26.230316, 0.0)
(31.109919, 25.376789, 0.0)
(31.810995, 22.113785, 0.0)
(31.782789, 21.955362, 0.0)
(31.758648, 22.002029, 0.0)
(31.724710, 21.953375, 0.0)
(31.718697, 21.944637, 0.0)
(31.735947, 22.009811, 0.0)
(31.722544, 22.017094, 0.0)
(31.715145, 22.037930, 0.0)
(32.514759, 22.315905, 0.0)
(35.858479, 24.901573, 0.0)
(35.702934, 24.870466, 0.0)
(35.627758, 24.844355, 0.0)
(35.619965, 24.839277, 0.0)
(35.630783, 24.840525, 0.0)
(35.798443, 25.264692, 0.0)
(35.797962, 25.270634, 0.0)
(35.800255, 25.241879, 0.0)
(35.780952, 25.223051, 0.0)
(35.757801, 25.195091, 0.0)
(35.762531, 25.156096, 0.0)
(35.746204, 25.166262, 0.0)
(35.741405, 25.138056, 0.0)
(35.713234, 25.179621, 0.0)
(35.630615, 24.588827, 0.0)
(35.448456, 21.992630, 0.0)
(35.462135, 21.874540, 0.0)
(35.403591, 21.868324, 0.0)
(35.381222, 21.836361, 0.0)
(35.358799, 21.842522, 0.0)
(35.386490, 21.836039, 0.0)
(35.395290, 21.871130, 0.0)
(35.376934, 21.905115, 0.0)
(35.395981, 21.875473, 0.0)
(35.396420, 21.869822, 0.0)
(35.417747, 21.835573, 0.0)
(35.422771, 21.849268, 0.0)
(35.431103, 21.857353, 0.0)
(35.435268, 21.877766, 0.0)
(35.450493, 21.906023, 0.0)
(35.452690, 21.924541, 0.0)
(35.449924, 21.938360, 0.0)
(35.458775, 21.956264, 0.0)
(35.470131, 21.966261, 0.0)
(35.486370, 22.000305, 0.0)
(35.526539, 22.007843, 0.0)
(39.090893, 20.971420, 0.0)
(40.188786, 20.779444, 0.0)
(40.250023, 20.866232, 0.0)
(40.253838, 20.898251, 0.0)
(40.635273, 20.986530, 0.0)
(40.762104, 20.901573, 0.0)
(40.780430, 20.878746, 0.0)
(40.835793, 20.889004, 0.0)
(40.853615, 20.901909, 0.0)
(40.847553, 20.870022, 0.0)
(40.926659, 20.931389, 0.0)
(40.916283, 20.955212, 0.0)
(40.914444, 21.039709, 0.0)
(40.922447, 21.118589, 0.0)
(40.922813, 21.163477, 0.0)
(40.924492, 21.150593, 0.0)
(40.915321, 21.140682, 0.0)
(40.906887, 21.076763, 0.0)
(40.323700, 20.802694, 0.0)
(40.285145, 20.785036, 0.0)
(40.290684, 20.821365, 0.0)
(40.286072, 20.815687, 0.0)
(40.272549, 20.803343, 0.0)
(40.219566, 20.707920, 0.0)
(40.390087, 20.728712, 0.0)
(40.639805, 20.823269, 0.0)
(40.666550, 20.804974, 0.0)
(40.692226, 20.802511, 0.0)
(40.717297, 20.815424, 0.0)
(40.738243, 20.846857, 0.0)
(40.727058, 20.825993, 0.0)
(40.750664, 20.808945, 0.0)
(40.746624, 20.802473, 0.0)
(40.721081, 20.758764, 0.0)
(40.706886, 20.729805, 0.0)
(40.706036, 20.711182, 0.0)
(40.685192, 20.702538, 0.0)
(41.418556, 21.369110, 0.0)
(42.143013, 22.133963, 0.0)
(42.200058, 22.240070, 0.0)
(42.193378, 22.225174, 0.0)
(42.204769, 22.163042, 0.0)
(42.207664, 22.141222, 0.0)
(42.218475, 22.132927, 0.0)
(42.240337, 22.104053, 0.0)
(42.269321, 22.109665, 0.0)
(42.316196, 22.153847, 0.0)
(42.304920, 22.129658, 0.0)
(42.349854, 22.158102, 0.0)
(42.341614, 22.160820, 0.0)
(42.363651, 22.151041, 0.0)
(42.366936, 22.153847, 0.0)
(41.985928, 21.968561, 0.0)
(41.946999, 21.975620, 0.0)
(41.959045, 21.994015, 0.0)
(41.959045, 21.994015, 0.0)
(41.954075, 21.991089, 0.0)
(41.960491, 21.987490, 0.0)
(41.944206, 21.985285, 0.0)
(41.934948, 21.982868, 0.0)
(41.311111, 22.078981, 0.0)
(41.270477, 22.086382, 0.0)
(41.274914, 22.085505, 0.0)
(41.270020, 22.071795, 0.0)
(41.269615, 22.078903, 0.0)
(41.256397, 22.045809, 0.0)
(41.249023, 22.016472, 0.0)
(41.245766, 22.001081, 0.0)
(41.238255, 21.971880, 0.0)
(41.247139, 21.971743, 0.0)
(41.251831, 21.984343, 0.0)
(41.249489, 21.976690, 0.0)
(41.242420, 21.939089, 0.0)
(41.230759, 21.920778, 0.0)
(41.221272, 21.946461, 0.0)
(41.244362, 22.016819, 0.0)
(41.391270, 25.459417, 0.0)
(41.370487, 26.538807, 0.0)
(41.309811, 26.572817, 0.0)
(41.297989, 26.508411, 0.0)
(41.306664, 26.565556, 0.0)
(41.271973, 27.064774, 0.0)
(41.250957, 27.105694, 0.0)
(41.262661, 27.110172, 0.0)
(41.271271, 27.115250, 0.0)
(41.278149, 27.152411, 0.0)
(41.326458, 27.104643, 0.0)
(41.338097, 26.931469, 0.0)
(41.336018, 26.917646, 0.0)
(41.298515, 26.910440, 0.0)
(41.305313, 26.892715, 0.0)
(41.314270, 26.921457, 0.0)
(41.294399, 26.994164, 0.0)
(41.292614, 26.983427, 0.0)
(41.304955, 26.992422, 0.0)
(41.300900, 26.994173, 0.0)
(41.294212, 26.976177, 0.0)
(41.294212, 26.976177, 0.0)
(40.807022, 26.122292, 0.0)
(40.306953, 24.120037, 0.0)
(40.287617, 24.034119, 0.0)
(40.302765, 24.074961, 0.0)
(40.295837, 24.050467, 0.0)
(40.291515, 24.048250, 0.0)
(40.291767, 24.058817, 0.0)
(40.261776, 24.070782, 0.0)
(40.261776, 24.070782, 0.0)
(38.717373, 22.859142, 0.0)
(37.460960, 21.889217, 0.0)
(37.357437, 21.789837, 0.0)
(37.338223, 21.738586, 0.0)
(37.325180, 21.682899, 0.0)
(37.325340, 21.730421, 0.0)
(37.323662, 21.732016, 0.0)
(38.097340, 22.166967, 0.0)
(42.140896, 25.394190, 0.0)
(43.005074, 27.079428, 0.0)
(42.942181, 27.383221, 0.0)
(42.900650, 27.356728, 0.0)
(42.922615, 27.352839, 0.0)
(43.357769, 27.460367, 0.0)
(43.407909, 27.370739, 0.0)
(43.379349, 27.317043, 0.0)
(43.368954, 27.275047, 0.0)
(43.361805, 27.283644, 0.0)
(43.350822, 27.259764, 0.0)
(43.332474, 27.274673, 0.0)
(43.344013, 27.283810, 0.0)
(43.324486, 27.276852, 0.0)
(43.288410, 27.246189, 0.0)
(42.391571, 25.483656, 0.0)
(41.081970, 23.022625, 0.0)
(40.925148, 22.788582, 0.0)
(40.951042, 22.792810, 0.0)
(40.979870, 22.813263, 0.0)
(41.001266, 22.805151, 0.0)
(40.994171, 22.819155, 0.0)
(41.018448, 22.834389, 0.0)
(41.017647, 22.839830, 0.0)
(41.005882, 22.850920, 0.0)
(41.014008, 22.861816, 0.0)
(41.012459, 22.854692, 0.0)
(41.014008, 22.861816, 0.0)
(41.009827, 22.828094, 0.0)
(41.021160, 22.831898, 0.0)
(41.018600, 22.803917, 0.0)
(41.029453, 22.845207, 0.0)
(41.014008, 22.849619, 0.0)
(41.014008, 22.861816, 0.0)
(41.030552, 22.869780, 0.0)
(41.015568, 22.856747, 0.0)
(38.087543, 21.764027, 0.0)
(33.352886, 20.376787, 0.0)
(29.930832, 20.356598, 0.0)
(28.131996, 21.154171, 0.0)
(27.779074, 21.434904, 0.0)
(27.761766, 21.443956, 0.0)
(27.711884, 21.430187, 0.0)
(27.247417, 22.079515, 0.0)
(27.179604, 22.194506, 0.0)
(27.175232, 22.157753, 0.0)
(27.153166, 22.152721, 0.0)
(27.151987, 22.159452, 0.0)
(27.164387, 22.169996, 0.0)
(27.171152, 22.182102, 0.0)
(27.174120, 22.155466, 0.0)
(27.175035, 22.147411, 0.0)
(27.175304, 22.136452, 0.0)
(27.159859, 22.162582, 0.0)
(27.153988, 22.149769, 0.0)
(27.123728, 22.189224, 0.0)
(27.098639, 22.158312, 0.0)
(27.103291, 22.155827, 0.0)
(27.094389, 22.148933, 0.0)
(27.075981, 22.141489, 0.0)
(27.097528, 22.152866, 0.0)
(27.081383, 22.178267, 0.0)
(27.078592, 22.163145, 0.0)
(27.077713, 22.157265, 0.0)
(27.073639, 22.152876, 0.0)
(27.088312, 22.144213, 0.0)
(27.090513, 22.155285, 0.0)
(27.090513, 22.155285, 0.0)
(27.100233, 22.142895, 0.0)
(27.100233, 22.142895, 0.0)
(27.505781, 22.113943, 0.0)
(29.033430, 21.964317, 0.0)
(29.181726, 21.941660, 0.0)
(29.718460, 21.463696, 0.0)
(30.016640, 20.148569, 0.0)
(29.972950, 20.041470, 0.0)
(29.935364, 20.073498, 0.0)
(29.924843, 20.056253, 0.0)
(29.893791, 20.036207, 0.0)
(29.875364, 20.012049, 0.0)
(30.144360, 19.980539, 0.0)
(30.218639, 20.047920, 0.0)
(30.209387, 20.054899, 0.0)
(30.191437, 20.029041, 0.0)
(30.185890, 20.029610, 0.0)
(30.169533, 20.035147, 0.0)
(30.140078, 20.023127, 0.0)
(30.127712, 20.139286, 0.0)
(30.117599, 20.144827, 0.0)
(30.116915, 20.131639, 0.0)
(30.115328, 20.135925, 0.0)
(30.112967, 20.116938, 0.0)
(30.117744, 20.111702, 0.0)
(30.120428, 20.100172, 0.0)
(30.326723, 19.979036, 0.0)
(30.334854, 19.976871, 0.0)
(30.334854, 19.976871, 0.0)
(30.330372, 19.982922, 0.0)
(30.335669, 20.016338, 0.0)
(30.323366, 19.966843, 0.0)
(30.323339, 19.937368, 0.0)
(30.319675, 19.919905, 0.0)
(30.308071, 19.954908, 0.0)
(30.311630, 19.979668, 0.0)
(30.315531, 19.995350, 0.0)
(30.316845, 19.983118, 0.0)
(30.327040, 19.970736, 0.0)
(30.322077, 19.954908, 0.0)
(30.337753, 19.942333, 0.0)
(30.341509, 19.946222, 0.0)
(28.931656, 21.118551, 0.0)
(28.616117, 21.444923, 0.0)
(28.598806, 21.451464, 0.0)
(28.602465, 21.446733, 0.0)
(28.546356, 21.419912, 0.0)
(28.526091, 21.429434, 0.0)
(28.474886, 21.437761, 0.0)
(28.456932, 21.494308, 0.0)
(28.442896, 21.536551, 0.0)
(28.220066, 21.772528, 0.0)
(28.202364, 21.809122, 0.0)
(28.201414, 21.829052, 0.0)
(28.189596, 21.801657, 0.0)
(28.188461, 21.760647, 0.0)
(28.187563, 21.748098, 0.0)
(28.181255, 21.716484, 0.0)
(28.193295, 21.720068, 0.0)
(28.187471, 21.747936, 0.0)
(28.257765, 21.705238, 0.0)
(28.458666, 21.736826, 0.0)
(28.439709, 21.739666, 0.0)
(28.428257, 21.745949, 0.0)
(28.419636, 21.737741, 0.0)
(28.419636, 21.737741, 0.0)
(28.415359, 21.735165, 0.0)
(28.729319, 21.994091, 0.0)
(28.756487, 22.213488, 0.0)
(28.742043, 22.239727, 0.0)
(28.740654, 22.233532, 0.0)
(28.747524, 22.216198, 0.0)
(28.747524, 22.216198, 0.0)
(28.748919, 22.222313, 0.0)
(28.756704, 22.240406, 0.0)
(28.741232, 22.264961, 0.0)
(28.747591, 22.220783, 0.0)
(28.726011, 22.202541, 0.0)
(28.748655, 22.167639, 0.0)
(32.068146, 21.924221, 0.0)
(33.474380, 22.235579, 0.0)
(33.576385, 22.268080, 0.0)
(33.536079, 22.219772, 0.0)
(33.590393, 22.217894, 0.0)
(34.011562, 22.396635, 0.0)
(34.049419, 22.401470, 0.0)
(34.043224, 22.403954, 0.0)
(34.059139, 22.415258, 0.0)
(33.917858, 22.324341, 0.0)
(33.754196, 22.624453, 0.0)
(33.992062, 23.277987, 0.0)
(33.845837, 22.677084, 0.0)
(33.711075, 22.109589, 0.0)
(33.712334, 21.956635, 0.0)
(33.740860, 22.023674, 0.0)
(33.760006, 22.130661, 0.0)
(33.753681, 22.093958, 0.0)
(33.724995, 22.178555, 0.0)
(33.738316, 22.153847, 0.0)
(33.747589, 22.148445, 0.0)
(33.747356, 22.131590, 0.0)
(33.747356, 22.131590, 0.0)
(33.748878, 22.126299, 0.0)
(33.764805, 22.133221, 0.0)
(33.775585, 22.160761, 0.0)
(33.809795, 22.131081, 0.0)
(33.799496, 22.100481, 0.0)
(33.798309, 22.094595, 0.0)
(33.805389, 22.105103, 0.0)
(33.805038, 22.121418, 0.0)
(33.803562, 22.108776, 0.0)
(33.808193, 22.105997, 0.0)
(33.806763, 22.109228, 0.0)
(33.824795, 22.095573, 0.0)
(33.821835, 22.090679, 0.0)
(33.824696, 22.092308, 0.0)
(33.817245, 22.089043, 0.0)
(34.385426, 22.269308, 0.0)
(39.470345, 24.298384, 0.0)
(39.939499, 24.721111, 0.0)
(39.963989, 24.700340, 0.0)
(39.959499, 24.633396, 0.0)
(39.954166, 24.621904, 0.0)
(39.963493, 24.564642, 0.0)
(39.726471, 24.647026, 0.0)
(39.628681, 24.700230, 0.0)
(39.666790, 24.695103, 0.0)
(39.713627, 24.696516, 0.0)
(39.711742, 24.676226, 0.0)
(39.935555, 24.808027, 0.0)
(39.943954, 24.807089, 0.0)
(39.924484, 24.829922, 0.0)
(39.931595, 24.821836, 0.0)
(39.965977, 24.853689, 0.0)
(39.962128, 24.867107, 0.0)
(39.955006, 24.855995, 0.0)
(39.977955, 24.844618, 0.0)
(39.969410, 24.847834, 0.0)
(39.972416, 24.849123, 0.0)
(39.955799, 24.680048, 0.0)
(39.974976, 24.732601, 0.0)
(39.986774, 24.725492, 0.0)
(39.989407, 24.713425, 0.0)
(39.973248, 24.638676, 0.0)
(39.969601, 24.625399, 0.0)
(39.976929, 24.602842, 0.0)
(39.910145, 24.327255, 0.0)
(39.926670, 24.063856, 0.0)
(39.934875, 24.059999, 0.0)
(39.923313, 24.054873, 0.0)
(39.930683, 24.057060, 0.0)
(39.930683, 24.057060, 0.0)
(39.926670, 24.063856, 0.0)
(39.926670, 24.063856, 0.0)
(39.925838, 24.083342, 0.0)
(39.922863, 24.093271, 0.0)
(36.422256, 22.251024, 0.0)
(31.944672, 20.574976, 0.0)
(29.121090, 20.804127, 0.0)
(28.616682, 21.052038, 0.0)
(28.540648, 21.112144, 0.0)
(28.457306, 21.224285, 0.0)
(27.302364, 21.539249, 0.0)
(27.197662, 21.562536, 0.0)
(27.197269, 21.529243, 0.0)
(27.157749, 21.480448, 0.0)
(27.160824, 21.439724, 0.0)
(27.171432, 21.488684, 0.0)
(27.171432, 21.488684, 0.0)
(27.191172, 21.371847, 0.0)
(27.183287, 21.378958, 0.0)
(27.161417, 21.362249, 0.0)
(27.157009, 21.360203, 0.0)
(27.115950, 21.387794, 0.0)
(27.106785, 21.388393, 0.0)
(27.083021, 21.386171, 0.0)
(27.094616, 21.401350, 0.0)
(27.106205, 21.372070, 0.0)
(27.080725, 21.380901, 0.0)
(27.062059, 21.372963, 0.0)
(27.073254, 21.389067, 0.0)
(27.064863, 21.373245, 0.0)
(27.023743, 21.419962, 0.0)
(27.039167, 21.412830, 0.0)
(27.021353, 21.405275, 0.0)
(27.041048, 21.391918, 0.0)
(27.028854, 21.382666, 0.0)
(27.041048, 21.391918, 0.0)
(27.041048, 21.391918, 0.0)
(28.207159, 20.983248, 0.0)
(28.269934, 20.945679, 0.0)
(28.241241, 20.923565, 0.0)
(28.255159, 20.933313, 0.0)
(28.358856, 21.355171, 0.0)
(28.733578, 24.455299, 0.0)
(28.813543, 24.992527, 0.0)
(28.757124, 24.984180, 0.0)
(28.712065, 24.965090, 0.0)
(28.681166, 24.974876, 0.0)
(28.669847, 24.962685, 0.0)
(28.668823, 24.931545, 0.0)
(28.656639, 25.326136, 0.0)
(28.600727, 25.369860, 0.0)
(28.575787, 25.372250, 0.0)
(28.561569, 25.400932, 0.0)
(28.550219, 25.374668, 0.0)
(28.517597, 25.319078, 0.0)
(28.488358, 25.280514, 0.0)
(28.746126, 24.964960, 0.0)
(28.757896, 24.938433, 0.0)
(28.740461, 24.989103, 0.0)
(28.739002, 24.972872, 0.0)
(28.732645, 24.958693, 0.0)
(28.742764, 24.946066, 0.0)
(28.739754, 24.950880, 0.0)
(28.591543, 24.915470, 0.0)
(28.584455, 24.940973, 0.0)
(28.594866, 24.959446, 0.0)
(28.602720, 24.946211, 0.0)
(28.610941, 24.965256, 0.0)
(28.602720, 24.946211, 0.0)
(28.599165, 24.957880, 0.0)
(28.845369, 24.743107, 0.0)
(29.957552, 23.548092, 0.0)
(29.969179, 23.524740, 0.0)
(29.938541, 23.563721, 0.0)
(29.931911, 23.530155, 0.0)
(29.924292, 23.497103, 0.0)
(29.918985, 23.492752, 0.0)
(30.097290, 23.426186, 0.0)
(34.059345, 23.227488, 0.0)
(33.979256, 23.291307, 0.0)
(33.951145, 23.218307, 0.0)
(33.962029, 23.224949, 0.0)
(33.971359, 23.211643, 0.0)
(33.997688, 23.166594, 0.0)
(33.990864, 23.157156, 0.0)
(34.104939, 23.601189, 0.0)
(33.947365, 24.206963, 0.0)
(33.857784, 23.323895, 0.0)
(33.883575, 23.035154, 0.0)
(33.938316, 23.035610, 0.0)
(33.944477, 23.060888, 0.0)
(33.963715, 23.093864, 0.0)
(33.950951, 23.123209, 0.0)
(33.961765, 23.096035, 0.0)
(33.959267, 23.116985, 0.0)
(33.969166, 23.067900, 0.0)
(33.952507, 23.079142, 0.0)
(33.985718, 23.105883, 0.0)
(34.566048, 22.401237, 0.0)
(35.236019, 21.375223, 0.0)
(35.297298, 21.344437, 0.0)
(35.229317, 21.354513, 0.0)
(35.220516, 21.343328, 0.0)
(35.215263, 21.387587, 0.0)
(35.191612, 21.385187, 0.0)
(35.199657, 21.376638, 0.0)
(35.184765, 21.399221, 0.0)
(34.700115, 22.123903, 0.0)
(34.158108, 22.997866, 0.0)
(34.107540, 23.045933, 0.0)
(34.089943, 23.023531, 0.0)
(34.069649, 23.044958, 0.0)
(34.045940, 23.027157, 0.0)
(34.047894, 23.032537, 0.0)
(34.475525, 23.168653, 0.0)
(39.294174, 25.192179, 0.0)
(39.630146, 25.699203, 0.0)
(39.624367, 25.760000, 0.0)
(39.641804, 25.732845, 0.0)
(39.651924, 25.737192, 0.0)
(39.651112, 25.694559, 0.0)
(39.973064, 26.045544, 0.0)
(39.922802, 25.975842, 0.0)
(39.916531, 25.973101, 0.0)
(39.931767, 25.965311, 0.0)
(39.939037, 25.972672, 0.0)
(39.911682, 25.967646, 0.0)
(39.898617, 25.932543, 0.0)
(39.914940, 25.963169, 0.0)
(39.913563, 25.943785, 0.0)
(39.910236, 25.929930, 0.0)
(39.916763, 25.933332, 0.0)
(39.920547, 25.929918, 0.0)
(39.902184, 25.793518, 0.0)
(39.902676, 25.826071, 0.0)
(39.898033, 25.791052, 0.0)
(39.915222, 25.762051, 0.0)
(39.912949, 25.719271, 0.0)
(39.922092, 25.694042, 0.0)
(39.939438, 25.711233, 0.0)
(39.929829, 25.742031, 0.0)
(39.914776, 25.736300, 0.0)
(39.911976, 25.722319, 0.0)
(39.905621, 25.703909, 0.0)
(39.903652, 25.712799, 0.0)
(39.907703, 25.715542, 0.0)
(39.908173, 25.725332, 0.0)
(39.836933, 25.653316, 0.0)
(39.833828, 25.362852, 0.0)
(39.852455, 25.296427, 0.0)
(39.830318, 25.294203, 0.0)
(39.849781, 25.248566, 0.0)
(39.852455, 25.296427, 0.0)
(37.635914, 22.278994, 0.0)
(35.109402, 19.411491, 0.0)
(33.941612, 18.902025, 0.0)
(33.824253, 18.951199, 0.0)
(33.778599, 18.936781, 0.0)
(33.926266, 18.651325, 0.0)
(33.878166, 18.514135, 0.0)
(33.860233, 18.544487, 0.0)
(33.848022, 18.580681, 0.0)
(33.842022, 18.582058, 0.0)
(33.834476, 18.562897, 0.0)
(33.829845, 18.553185, 0.0)
(33.833664, 18.545765, 0.0)
(33.852406, 18.565496, 0.0)
(33.680267, 18.793999, 0.0)
(33.607552, 18.843849, 0.0)
(33.598553, 18.795187, 0.0)
(33.579998, 18.774097, 0.0)
(33.573112, 18.772650, 0.0)
(33.565109, 18.739021, 0.0)
(33.562965, 18.772322, 0.0)
(33.557869, 18.835691, 0.0)
(33.560387, 18.837305, 0.0)
(33.978977, 19.207355, 0.0)
(33.997181, 19.208971, 0.0)
(33.984962, 19.186543, 0.0)
(33.973164, 19.143406, 0.0)
(33.962337, 19.109743, 0.0)
(34.016556, 19.128181, 0.0)
(34.013355, 19.151424, 0.0)
(33.994720, 19.139694, 0.0)
(34.538929, 19.759733, 0.0)
(34.874252, 20.629004, 0.0)
(34.871170, 20.752663, 0.0)
(34.861012, 20.728666, 0.0)
(34.849770, 20.705734, 0.0)
(34.845592, 20.728985, 0.0)
(34.837887, 20.709608, 0.0)
(38.421608, 20.925255, 0.0)
(40.982197, 21.193846, 0.0)
(42.511108, 21.878334, 0.0)
(43.066631, 22.292263, 0.0)
(43.109859, 22.386040, 0.0)
(43.112450, 22.419632, 0.0)
(43.121674, 22.418993, 0.0)
(43.127079, 22.446777, 0.0)
(43.114773, 22.401514, 0.0)
(43.230072, 22.535606, 0.0)
(43.190186, 22.511751, 0.0)
(43.161575, 22.454212, 0.0)
(43.151897, 22.472826, 0.0)
(43.149586, 22.541840, 0.0)
(43.123985, 22.550751, 0.0)
(43.103691, 22.498173, 0.0)
(43.097729, 22.459932, 0.0)
(43.098804, 22.490423, 0.0)
(43.090672, 22.475073, 0.0)
(43.084366, 22.478968, 0.0)
(43.104698, 22.508450, 0.0)
(43.100418, 22.501610, 0.0)
(43.100964, 22.510517, 0.0)
(43.091194, 22.483982, 0.0)
(43.091194, 22.483982, 0.0)
(43.091194, 22.483982, 0.0)
(43.076309, 22.462086, 0.0)
(43.078625, 22.490038, 0.0)
(43.060833, 22.495237, 0.0)
(43.055706, 22.493670, 0.0)
(43.058945, 22.476646, 0.0)
(42.970249, 22.387728, 0.0)
(42.803268, 22.262070, 0.0)
(42.767101, 22.213118, 0.0)
(42.798084, 22.245275, 0.0)
(42.803993, 22.294405, 0.0)
(42.770969, 22.298559, 0.0)
(41.736794, 20.342754, 0.0)
(41.579327, 19.957285, 0.0)
(41.617947, 19.962637, 0.0)
(41.629990, 20.001822, 0.0)
(41.698616, 19.886942, 0.0)
(41.667088, 19.779013, 0.0)
(41.644203, 19.754032, 0.0)
(41.644203, 19.754032, 0.0)
(41.642181, 19.733583, 0.0)
(41.675819, 19.713541, 0.0)
(41.660591, 19.691519, 0.0)
(41.660862, 19.690720, 0.0)
(41.484364, 19.551298, 0.0)
(41.435986, 19.561462, 0.0)
(41.444515, 19.621630, 0.0)
(41.442101, 19.600204, 0.0)
(41.439133, 19.566330, 0.0)
(41.411404, 19.545107, 0.0)
(41.385483, 19.579620, 0.0)
(41.409874, 19.599495, 0.0)
(41.390110, 19.609993, 0.0)
(41.396065, 19.637779, 0.0)
(41.362736, 19.639126, 0.0)
(41.357494, 19.631903, 0.0)
(41.340202, 19.594143, 0.0)
(41.337696, 19.632994, 0.0)
(41.328541, 19.625040, 0.0)
(41.340481, 19.648298, 0.0)
(41.345470, 19.676830, 0.0)
(41.333630, 19.673317, 0.0)
(41.325535, 19.588392, 0.0)
(39.769588, 19.952909, 0.0)
(39.126537, 20.112249, 0.0)
(39.101479, 20.098516, 0.0)
(39.111847, 20.090239, 0.0)
(39.111893, 20.102747, 0.0)
(39.110470, 20.078808, 0.0)
(39.089722, 20.024979, 0.0)
(41.272827, 22.727463, 0.0)
(42.932892, 25.659153, 0.0)
(43.314514, 27.211296, 0.0)
(43.040092, 28.192175, 0.0)
(43.001354, 28.145243, 0.0)
(42.995243, 28.042219, 0.0)
(42.979866, 28.017244, 0.0)
(42.979595, 27.983536, 0.0)
(42.998814, 28.255903, 0.0)
(42.971127, 28.261896, 0.0)
(42.941643, 28.275724, 0.0)
(42.947098, 28.263334, 0.0)
(42.946712, 28.271990, 0.0)
(42.931286, 28.216228, 0.0)
(42.915150, 28.206516, 0.0)
(42.921909, 28.180391, 0.0)
(42.920532, 28.188528, 0.0)
(42.895828, 28.188490, 0.0)
(42.867607, 28.176647, 0.0)
(42.880497, 28.183743, 0.0)
(42.827755, 28.133766, 0.0)
(42.826656, 28.093821, 0.0)
(42.819935, 28.074310, 0.0)
(42.818851, 28.066172, 0.0)
(42.812126, 28.073095, 0.0)
(42.812283, 28.104601, 0.0)
(42.792030, 28.099543, 0.0)
(42.801960, 28.049873, 0.0)
(42.494114, 27.753277, 0.0)
(42.475456, 27.320181, 0.0)
(42.494743, 27.277281, 0.0)
(42.494743, 27.277281, 0.0)
(42.506271, 27.285643, 0.0)
(42.502533, 27.283466, 0.0)
(42.506271, 27.285643, 0.0)
(42.506271, 27.285643, 0.0)
(40.936478, 25.843483, 0.0)
(36.513863, 21.861225, 0.0)
(32.690121, 20.833529, 0.0)
(31.759470, 20.969963, 0.0)
(31.647608, 20.991272, 0.0)
(31.603113, 20.912901, 0.0)
(31.579985, 20.836052, 0.0)
(32.049503, 20.684072, 0.0)
(32.020336, 20.643618, 0.0)
(31.993580, 20.644352, 0.0)
(31.980181, 20.643406, 0.0)
(31.967283, 20.618315, 0.0)
(31.961060, 20.627918, 0.0)
(31.967258, 20.617506, 0.0)
(31.957903, 20.640141, 0.0)
(31.943575, 20.639662, 0.0)
(31.942698, 20.631506, 0.0)
(31.918894, 20.631767, 0.0)
(31.919024, 20.650120, 0.0)
(31.908743, 20.650784, 0.0)
(31.917387, 20.649572, 0.0)
(31.913332, 20.656633, 0.0)
(31.913332, 20.656633, 0.0)
(31.894131, 20.665758, 0.0)
(31.901136, 20.667904, 0.0)
(31.902668, 20.653812, 0.0)
(31.921186, 20.629297, 0.0)
(31.778673, 20.697657, 0.0)
(31.731689, 20.688826, 0.0)
(31.746881, 20.686100, 0.0)
(31.754183, 20.693657, 0.0)
(31.744757, 20.694122, 0.0)
(31.731689, 20.688826, 0.0)
(31.744757, 20.694122, 0.0)
(31.759659, 20.697748, 0.0)
(31.754824, 20.706968, 0.0)
(31.746799, 20.712612, 0.0)
(31.724495, 20.724699, 0.0)
(35.233692, 23.216263, 0.0)
(36.075497, 25.463390, 0.0)
(36.054516, 27.626366, 0.0)
(36.078468, 27.776449, 0.0)
(36.079338, 27.735331, 0.0)
(36.073845, 27.716583, 0.0)
(36.036610, 27.723932, 0.0)
(36.320850, 27.636671, 0.0)
(36.352432, 27.618717, 0.0)
(36.332336, 27.606514, 0.0)
(36.337635, 27.603794, 0.0)
(36.348709, 27.586813, 0.0)
(36.344646, 27.600620, 0.0)
(36.225273, 27.491880, 0.0)
(35.926674, 25.379496, 0.0)
(35.941471, 24.556486, 0.0)
(35.829937, 24.537796, 0.0)
(35.828491, 24.513729, 0.0)
(35.834000, 24.492889, 0.0)
(35.822929, 24.491922, 0.0)
(35.823410, 24.492693, 0.0)
(35.804413, 24.479536, 0.0)
(35.769592, 24.507154, 0.0)
(35.556286, 23.521412, 0.0)
(35.508484, 23.341339, 0.0)
(35.503277, 23.302433, 0.0)
(35.486130, 23.326904, 0.0)
(35.496361, 23.313564, 0.0)
(35.478218, 23.332506, 0.0)
(35.444382, 23.368811, 0.0)
(35.442516, 23.333822, 0.0)
(35.444309, 23.366499, 0.0)
(35.435726, 23.404701, 0.0)
(35.429760, 23.425707, 0.0)
(35.420929, 23.424788, 0.0)
(35.416958, 23.423811, 0.0)
(35.430557, 23.408649, 0.0)
(35.423130, 23.427963, 0.0)
(37.715981, 22.362577, 0.0)
(39.306164, 21.227814, 0.0)
(40.000599, 20.956152, 0.0)
(40.753998, 20.301914, 0.0)
(41.431087, 20.113821, 0.0)
(41.876884, 20.214434, 0.0)
(41.948803, 20.235409, 0.0)
(41.954712, 20.313654, 0.0)
(41.979710, 20.421329, 0.0)
(42.768585, 20.965008, 0.0)
(42.783756, 21.006941, 0.0)
(42.755260, 20.983620, 0.0)
(42.736465, 20.906048, 0.0)
(42.682232, 20.916704, 0.0)
(42.701500, 20.897049, 0.0)
(42.667236, 20.951187, 0.0)
(42.658535, 20.952524, 0.0)
(42.620144, 20.922331, 0.0)
(42.624348, 20.934729, 0.0)
(42.600266, 20.955849, 0.0)
(42.591797, 20.968498, 0.0)
(42.612244, 21.015474, 0.0)
(42.574181, 21.006594, 0.0)
(42.591087, 21.019806, 0.0)
(42.564335, 21.017864, 0.0)
(41.631207, 20.683813, 0.0)
(41.355515, 20.642971, 0.0)
(41.402283, 20.631388, 0.0)
(41.415768, 20.646072, 0.0)
(41.429073, 20.658495, 0.0)
(41.442924, 20.644014, 0.0)
(41.457458, 20.659672, 0.0)
(41.418407, 20.601803, 0.0)
(41.421261, 20.610964, 0.0)
(41.440720, 20.598291, 0.0)
(41.425819, 20.601027, 0.0)
(41.428890, 20.609043, 0.0)
(41.857399, 21.744638, 0.0)
(42.520008, 23.874533, 0.0)
(42.572376, 25.745848, 0.0)
(42.342335, 26.300808, 0.0)
(42.319172, 26.294788, 0.0)
(42.344807, 26.287085, 0.0)
(42.413872, 25.563364, 0.0)
(42.426575, 25.500744, 0.0)
(42.463390, 25.494757, 0.0)
(42.460949, 25.488007, 0.0)
(42.458115, 25.481308, 0.0)
(42.419750, 25.508490, 0.0)
(42.436287, 25.524706, 0.0)
(42.450214, 25.502697, 0.0)
(42.436722, 25.496326, 0.0)
(42.422180, 25.486610, 0.0)
(42.424225, 25.454729, 0.0)
(42.422928, 25.443775, 0.0)
(42.420761, 25.492777, 0.0)
(42.422756, 25.478922, 0.0)
(42.412914, 25.441509, 0.0)
(42.395988, 25.459175, 0.0)
(42.390816, 25.447758, 0.0)
(42.348003, 25.467918, 0.0)
(41.750095, 25.001423, 0.0)
(41.746395, 24.929729, 0.0)
(41.816463, 24.946856, 0.0)
(41.832943, 24.884277, 0.0)
(41.850464, 24.820227, 0.0)
(41.846252, 24.821280, 0.0)
(41.840290, 24.839056, 0.0)
(40.676186, 24.109238, 0.0)
(38.321659, 22.773575, 0.0)
(37.829830, 22.508230, 0.0)
(37.770672, 22.367399, 0.0)
(37.790936, 22.291615, 0.0)
(37.760212, 22.282061, 0.0)
(37.766224, 22.285030, 0.0)
(36.416023, 24.245724, 0.0)
(35.472332, 26.971092, 0.0)
(35.286678, 27.227871, 0.0)
(35.144508, 27.185856, 0.0)
(35.049221, 27.172235, 0.0)
(34.374317, 27.645739, 0.0)
(34.212215, 27.684267, 0.0)
(34.188564, 27.689205, 0.0)
(34.140110, 27.689367, 0.0)
(34.100719, 27.661278, 0.0)
(34.082165, 27.662571, 0.0)
(34.053699, 27.662712, 0.0)
(34.021103, 27.671227, 0.0)
(34.017921, 27.664427, 0.0)
(34.015163, 27.675125, 0.0)
(34.009445, 27.698828, 0.0)
(34.008427, 27.699963, 0.0)
(33.972733, 27.659449, 0.0)
(33.980209, 27.621176, 0.0)
(34.630543, 24.944607, 0.0)
(34.776295, 24.242319, 0.0)
(34.758381, 24.264616, 0.0)
(34.746357, 24.286793, 0.0)
(34.709007, 24.305744, 0.0)
(34.736458, 24.287310, 0.0)
(34.727440, 24.323763, 0.0)
(34.732971, 24.378653, 0.0)
(34.732449, 24.384125, 0.0)
(34.763042, 23.792381, 0.0)
(34.971848, 22.682196, 0.0)
(34.957382, 22.672367, 0.0)
(34.968212, 22.674191, 0.0)
(34.997894, 22.650270, 0.0)
(34.991505, 22.657305, 0.0)
(34.999489, 22.675457, 0.0)
(35.003189, 22.679169, 0.0)
(35.004368, 22.652830, 0.0)
(36.017220, 19.936586, 0.0)
(36.627625, 18.443161, 0.0)
(36.931446, 18.468222, 0.0)
(36.923481, 18.610050, 0.0)
(36.964046, 18.629133, 0.0)
(37.096981, 18.616913, 0.0)
(37.200447, 18.543388, 0.0)
(37.215157, 18.435431, 0.0)
(37.168861, 18.362202, 0.0)
(37.222713, 18.287153, 0.0)
(37.223888, 18.244493, 0.0)
(37.214237, 18.199839, 0.0)
(37.211487, 18.196499, 0.0)
(37.155567, 18.460201, 0.0)
(37.189213, 20.307692, 0.0)
(37.064728, 20.538614, 0.0)
(37.024971, 20.511415, 0.0)
(36.961994, 20.444281, 0.0)
(36.920517, 19.524620, 0.0)
(37.083721, 18.550207, 0.0)
(37.096050, 18.535515, 0.0)
(37.082947, 18.540922, 0.0)
(37.094791, 18.558386, 0.0)
(37.079628, 18.570492, 0.0)
(37.090343, 18.629559, 0.0)
(37.103210, 18.663761, 0.0)
(37.105522, 18.692881, 0.0)
(37.085411, 18.624262, 0.0)
(37.057755, 18.544725, 0.0)
(37.028679, 18.569441, 0.0)
(37.020504, 18.581646, 0.0)
(36.964622, 18.635487, 0.0)
(36.957714, 18.669474, 0.0)
(36.943642, 18.681410, 0.0)
(36.870743, 18.978977, 0.0)
(35.909920, 21.814646, 0.0)
(35.778584, 21.744459, 0.0)
(35.637512, 21.617060, 0.0)
(33.368526, 22.587545, 0.0)
(30.317139, 24.781288, 0.0)
(29.828167, 25.071012, 0.0)
(29.750589, 24.972691, 0.0)
(29.672302, 24.962048, 0.0)
(29.928810, 25.001272, 0.0)
(30.106380, 25.220877, 0.0)
(30.093002, 25.230770, 0.0)
(30.081438, 25.242165, 0.0)
(30.084610, 25.225864, 0.0)
(30.061071, 25.225115, 0.0)
(30.049923, 25.236549, 0.0)
(30.038549, 25.263113, 0.0)
(30.050785, 25.248827, 0.0)
(30.039492, 25.249767, 0.0)
(30.022776, 25.233631, 0.0)
(30.053755, 25.252733, 0.0)
(30.057335, 25.255468, 0.0)
(30.057335, 25.255468, 0.0)
(30.063614, 25.269009, 0.0)
(30.063614, 25.248114, 0.0)
(30.043514, 25.247694, 0.0)
(30.037861, 25.210083, 0.0)
(30.032522, 25.180410, 0.0)
(30.020529, 25.177845, 0.0)
(30.004620, 25.161655, 0.0)
(30.037079, 25.181786, 0.0)
(30.032440, 25.199486, 0.0)
(30.024019, 25.201271, 0.0)
(30.036438, 25.204773, 0.0)
(30.023714, 25.208189, 0.0)
(30.023521, 25.208263, 0.0)
(30.035898, 25.222267, 0.0)
(30.019577, 25.201231, 0.0)
(30.022755, 25.197277, 0.0)
(30.015285, 25.185339, 0.0)
(30.024187, 25.196753, 0.0)
(33.390827, 23.626837, 0.0)
(38.207329, 22.590601, 0.0)
(40.302559, 22.821438, 0.0)
(40.385902, 22.845472, 0.0)
(40.363659, 22.847900, 0.0)
(40.367680, 22.845812, 0.0)
(40.824856, 22.941313, 0.0)
(40.903702, 22.958515, 0.0)
(40.854240, 22.924164, 0.0)
(40.886410, 22.918249, 0.0)
(40.870342, 22.917213, 0.0)
(40.879910, 22.934292, 0.0)
(40.856243, 22.893452, 0.0)
(40.839249, 22.932301, 0.0)
(40.830067, 22.947998, 0.0)
(40.825466, 22.959694, 0.0)
(40.801472, 22.967367, 0.0)
(40.787365, 22.921978, 0.0)
(40.703224, 22.814137, 0.0)
(40.676262, 22.813560, 0.0)
(40.676262, 22.813560, 0.0)
(40.663647, 22.799723, 0.0)
(40.664413, 22.793402, 0.0)
(40.652584, 22.782476, 0.0)
(40.646458, 22.788956, 0.0)
(40.636124, 22.795387, 0.0)
(40.638359, 22.813206, 0.0)
(40.625847, 22.816011, 0.0)
(40.602821, 22.789188, 0.0)
(40.626755, 22.770880, 0.0)
(40.600945, 22.707272, 0.0)
(40.530506, 22.701994, 0.0)
(40.595417, 22.693121, 0.0)
(40.595818, 22.691633, 0.0)
(40.565987, 22.701048, 0.0)
(40.549873, 22.692234, 0.0)
(40.558201, 22.693401, 0.0)
(37.735905, 20.883808, 0.0)
(37.339790, 20.540289, 0.0)
(37.298393, 20.474529, 0.0)
(37.278694, 20.468681, 0.0)
(37.266113, 20.243824, 0.0)
(37.227978, 20.111221, 0.0)
(37.229206, 20.089367, 0.0)
(37.212502, 20.090704, 0.0)
(37.215019, 20.061241, 0.0)
(37.209419, 20.042326, 0.0)
(37.214073, 20.031303, 0.0)
(37.214073, 20.031303, 0.0)
(37.219582, 20.041077, 0.0)
(37.235050, 20.102362, 0.0)
(37.204498, 20.141752, 0.0)
(37.211239, 20.121859, 0.0)
(37.233009, 20.075081, 0.0)
(37.222847, 20.072618, 0.0)
(37.208752, 20.088657, 0.0)
(37.212254, 20.084726, 0.0)
(37.211205, 20.106508, 0.0)
(37.197731, 20.130568, 0.0)
(37.209499, 20.112251, 0.0)
(37.203434, 20.087828, 0.0)
(37.163246, 20.059113, 0.0)
(36.332417, 20.691370, 0.0)
(36.089443, 20.925350, 0.0)
(36.030918, 20.914549, 0.0)
(36.018879, 20.901623, 0.0)
(36.019188, 20.895350, 0.0)
(36.024715, 20.885729, 0.0)
(36.006161, 20.874855, 0.0)
(36.000996, 20.862795, 0.0)
(36.000996, 20.862795, 0.0)
(35.996128, 20.859589, 0.0)
(35.958046, 20.878525, 0.0)
(35.964493, 20.896154, 0.0)
(35.960342, 20.924707, 0.0)
(34.145397, 22.373737, 0.0)
(31.989119, 23.965931, 0.0)
(31.815361, 24.011953, 0.0)
(31.741970, 23.940561, 0.0)
(31.704453, 23.898973, 0.0)
(31.711323, 23.859276, 0.0)
(31.680319, 23.871918, 0.0)
(31.649109, 23.877384, 0.0)
(31.658356, 23.876463, 0.0)
(31.626554, 23.866667, 0.0)
(31.620914, 23.858671, 0.0)
(31.611700, 23.826218, 0.0)
(31.629013, 23.842619, 0.0)
(31.633186, 23.839907, 0.0)
(31.629013, 23.842619, 0.0)
(31.639757, 23.848343, 0.0)
(31.649109, 23.828983, 0.0)
(31.655548, 23.805874, 0.0)
(31.623207, 23.748377, 0.0)
(31.621462, 23.759794, 0.0)
(31.414480, 23.907471, 0.0)
(31.398340, 23.867077, 0.0)
(31.401207, 23.877821, 0.0)
(31.373606, 23.910736, 0.0)
(31.385233, 23.869722, 0.0)
(31.400103, 23.861734, 0.0)
(31.359766, 23.801081, 0.0)
(31.340582, 23.764954, 0.0)
(31.797853, 23.417143, 0.0)
(31.783205, 23.325502, 0.0)
(31.761274, 23.356623, 0.0)
(31.735416, 23.372894, 0.0)
(31.711742, 23.379225, 0.0)
(31.709623, 23.373756, 0.0)
(31.724924, 23.362896, 0.0)
(31.733463, 23.363270, 0.0)
(31.736391, 23.358681, 0.0)
(31.729185, 23.365122, 0.0)
(34.926800, 23.014296, 0.0)
(37.459236, 22.971077, 0.0)
(37.468914, 23.021862, 0.0)
(37.450867, 22.972820, 0.0)
(37.461948, 22.932026, 0.0)
(37.462204, 22.893892, 0.0)
(37.473408, 22.883909, 0.0)
(37.473804, 22.896507, 0.0)
(37.470875, 22.878107, 0.0)
(37.462601, 22.906570, 0.0)
(37.455250, 22.807775, 0.0)
(37.468014, 22.760887, 0.0)
(37.448135, 22.713614, 0.0)
(37.444046, 22.709112, 0.0)
(37.455490, 22.722565, 0.0)
(37.453972, 22.747362, 0.0)
(37.451321, 22.776829, 0.0)
(37.458736, 22.765440, 0.0)
(37.454372, 22.761665, 0.0)
(37.447208, 22.758179, 0.0)
(37.454189, 22.773510, 0.0)
(37.234421, 22.732481, 0.0)
(37.272800, 22.722391, 0.0)
(37.276585, 22.786814, 0.0)
(37.281204, 22.757545, 0.0)
(37.274467, 22.749172, 0.0)
(37.265511, 22.767490, 0.0)
(37.252804, 22.754065, 0.0)
(37.240971, 22.769724, 0.0)
(37.229301, 22.801594, 0.0)
(37.238541, 22.840460, 0.0)
(37.225613, 22.866447, 0.0)
(37.184406, 22.882128, 0.0)
(37.157269, 22.812080, 0.0)
(37.169579, 22.722029, 0.0)
(37.183830, 22.707912, 0.0)
(37.168659, 22.700466, 0.0)
(37.190071, 22.693104, 0.0)
(37.186760, 22.696524, 0.0)
(37.193497, 22.697510, 0.0)
(37.202354, 22.701550, 0.0)
(37.370327, 22.510769, 0.0)
(39.315899, 21.556858, 0.0)
(40.854156, 21.383432, 0.0)
(41.064457, 21.498404, 0.0)
(41.050339, 21.580467, 0.0)
(41.040188, 21.680338, 0.0)
(41.060532, 21.661539, 0.0)
(41.334103, 21.650461, 0.0)
(41.381157, 21.651949, 0.0)
(41.375114, 21.587044, 0.0)
(41.386196, 21.579273, 0.0)
(41.383125, 21.602280, 0.0)
(41.381714, 21.579702, 0.0)
(41.385975, 21.540676, 0.0)
(41.407101, 21.594465, 0.0)
(41.396049, 21.545176, 0.0)
(41.329479, 21.492308, 0.0)
(41.296684, 21.466248, 0.0)
(41.262238, 21.418524, 0.0)
(41.271496, 21.404572, 0.0)
(41.264248, 21.408424, 0.0)
(41.262238, 21.423548, 0.0)
(41.283237, 21.426924, 0.0)
(41.240906, 21.402027, 0.0)
(41.236668, 21.389441, 0.0)
(41.225849, 21.403423, 0.0)
(40.325371, 21.146448, 0.0)
(38.338078, 20.785734, 0.0)
(38.229561, 20.776730, 0.0)
(38.249298, 20.745846, 0.0)
(38.253204, 20.721964, 0.0)
(38.253281, 20.709326, 0.0)
(38.259583, 20.701273, 0.0)
(38.273602, 20.686100, 0.0)
(36.302467, 20.881441, 0.0)
(32.336285, 22.631359, 0.0)
(29.863647, 25.218124, 0.0)
(28.949690, 26.628376, 0.0)
(28.766365, 26.810061, 0.0)
(28.734686, 26.750626, 0.0)
(28.701469, 26.711523, 0.0)
(28.446758, 26.923018, 0.0)
(28.253613, 27.031731, 0.0)
(28.259912, 27.040049, 0.0)
(28.229979, 27.090546, 0.0)
(28.222212, 27.097122, 0.0)
(28.222212, 27.097122, 0.0)
(28.221807, 27.090961, 0.0)
(28.207037, 27.084410, 0.0)
(28.200342, 27.093426, 0.0)
(28.174461, 27.114965, 0.0)
(28.170326, 27.116236, 0.0)
(28.161434, 27.106974, 0.0)
(28.168266, 27.100874, 0.0)
(28.173161, 27.077366, 0.0)
(28.179857, 27.043623, 0.0)
(28.196510, 26.991150, 0.0)
(28.215954, 26.984783, 0.0)
(28.205721, 27.001635, 0.0)
(28.230509, 26.991190, 0.0)
(28.239031, 26.993258, 0.0)
(28.209429, 27.006275, 0.0)
(28.232361, 26.964321, 0.0)
(28.365334, 26.228823, 0.0)
(28.320099, 25.798882, 0.0)
(28.310499, 25.773756, 0.0)
(28.314880, 25.809780, 0.0)
(28.319998, 25.815649, 0.0)
(28.318819, 25.846581, 0.0)
(28.321272, 25.841917, 0.0)
(28.706057, 25.713175, 0.0)
(34.567516, 24.394640, 0.0)
(36.482517, 24.594286, 0.0)
(36.607315, 24.642302, 0.0)
(36.604019, 24.625549, 0.0)
(36.609638, 24.591921, 0.0)
(37.134995, 24.658951, 0.0)
(37.266033, 24.688639, 0.0)
(37.251587, 24.678997, 0.0)
(37.279282, 24.640800, 0.0)
(37.277699, 24.634718, 0.0)
(37.272209, 24.647512, 0.0)
(37.274719, 24.654903, 0.0)
(37.273628, 24.667828, 0.0)
(37.263718, 24.686455, 0.0)
(37.276806, 24.617739, 0.0)
(37.257652, 24.621527, 0.0)
(37.257504, 24.605011, 0.0)
(37.243774, 24.599037, 0.0)
(37.246231, 24.618654, 0.0)
(37.248211, 24.630539, 0.0)
(37.240055, 24.639366, 0.0)
(37.223198, 24.644667, 0.0)
(37.219147, 24.646555, 0.0)
(37.220524, 24.648848, 0.0)
(37.185928, 24.523022, 0.0)
(37.213509, 24.472898, 0.0)
(37.219490, 24.483370, 0.0)
(37.213509, 24.472898, 0.0)
(37.225780, 24.467968, 0.0)
(37.221981, 24.438576, 0.0)
(37.224659, 24.434322, 0.0)
(37.228287, 24.442387, 0.0)
(37.372772, 24.455866, 0.0)
(37.381973, 24.470882, 0.0)
(37.382454, 24.505383, 0.0)
(37.378757, 24.521891, 0.0)
(37.364162, 24.543703, 0.0)
(37.382660, 24.512896, 0.0)
(40.246166, 27.219408, 0.0)
(40.234913, 27.552984, 0.0)
(40.193855, 27.564886, 0.0)
(40.182034, 27.595604, 0.0)
(40.183414, 27.589216, 0.0)
(40.198910, 27.595762, 0.0)
(40.201618, 27.562830, 0.0)
(40.183582, 27.875566, 0.0)
(40.160313, 27.861940, 0.0)
(40.161850, 27.849628, 0.0)
(40.157566, 27.867523, 0.0)
(40.170189, 27.841614, 0.0)
(40.161659, 27.847935, 0.0)
(40.168663, 27.809767, 0.0)
(40.158810, 27.796885, 0.0)
(40.150360, 27.776165, 0.0)
(40.170780, 27.739843, 0.0)
(40.139111, 27.718554, 0.0)
(40.099644, 27.778822, 0.0)
(40.096218, 27.777672, 0.0)
(40.084507, 27.796450, 0.0)
(40.084393, 27.803589, 0.0)
(40.092007, 27.789392, 0.0)
(40.098087, 27.715305, 0.0)
(40.090393, 27.672554, 0.0)
(40.083542, 27.652802, 0.0)
(40.099064, 27.660080, 0.0)
(40.120388, 27.715677, 0.0)
(39.947289, 27.185818, 0.0)
(39.505516, 24.512192, 0.0)
(39.492527, 23.762335, 0.0)
(39.470711, 23.725885, 0.0)
(39.447418, 23.731092, 0.0)
(39.451584, 23.742752, 0.0)
(39.444214, 23.834608, 0.0)
(39.420856, 23.857908, 0.0)
(39.421532, 23.858500, 0.0)
(39.447784, 23.875898, 0.0)
(39.418758, 23.869789, 0.0)
(39.440674, 23.870283, 0.0)
(39.427299, 23.894323, 0.0)
(38.954433, 22.707958, 0.0)
(38.892822, 22.366385, 0.0)
(38.874828, 22.421640, 0.0)
(38.873180, 22.384649, 0.0)
(38.878769, 22.335978, 0.0)
(38.852894, 22.266079, 0.0)
(38.841446, 22.272793, 0.0)
(38.847225, 22.293644, 0.0)
(38.851757, 22.337502, 0.0)
(38.839062, 22.353037, 0.0)
(38.823425, 22.348696, 0.0)
(38.848473, 22.344505, 0.0)
(38.848461, 22.319960, 0.0)
(38.039131, 22.229826, 0.0)
(37.836117, 22.210367, 0.0)
(37.823048, 22.191031, 0.0)
(37.809971, 22.182468, 0.0)
(37.800694, 22.183384, 0.0)
(37.823048, 22.208315, 0.0)
(37.809021, 22.198555, 0.0)
(37.799862, 22.193251, 0.0)
(37.796143, 22.221209, 0.0)
(37.807865, 22.234386, 0.0)
(37.746662, 22.066730, 0.0)
(37.718250, 22.089544, 0.0)
(37.749489, 22.037010, 0.0)
(37.740494, 22.021263, 0.0)
(37.720680, 22.002977, 0.0)
(37.720333, 21.948305, 0.0)
(37.725883, 21.959410, 0.0)
(37.719788, 22.021996, 0.0)
(37.697487, 22.007158, 0.0)
(37.693630, 22.009878, 0.0)
(37.684853, 21.993746, 0.0)
(37.687675, 21.984428, 0.0)
(37.693630, 22.009878, 0.0)
(37.684853, 21.993746, 0.0)
(37.684853, 21.993746, 0.0)
(37.676395, 22.017038, 0.0)
(37.673470, 22.005234, 0.0)
(37.680267, 21.985991, 0.0)
(37.675652, 21.977291, 0.0)
(37.688625, 21.973299, 0.0)
(37.684700, 21.975983, 0.0)
(37.675652, 21.977291, 0.0)
(37.675652, 22.011578, 0.0)
(37.682510, 22.027718, 0.0)
(37.682510, 22.027718, 0.0)
(37.682510, 22.027718, 0.0)
(37.692657, 21.998596, 0.0)
(37.682190, 21.962450, 0.0)
(37.696957, 21.968458, 0.0)
(37.675304, 21.967806, 0.0)
(37.678692, 21.963778, 0.0)
(37.670753, 21.977947, 0.0)
(37.682423, 22.002327, 0.0)
(38.849773, 23.357668, 0.0)
(38.842388, 23.375898, 0.0)
(38.835381, 23.325663, 0.0)
(38.835381, 23.325663, 0.0)
(38.838943, 23.364187, 0.0)
(38.835178, 23.381069, 0.0)
(38.819523, 23.379032, 0.0)
(38.813038, 23.406172, 0.0)
(38.831448, 23.376562, 0.0)
(38.822037, 23.370047, 0.0)
(38.815998, 23.362513, 0.0)
(38.814686, 23.351761, 0.0)
(38.794781, 23.364643, 0.0)
(38.809155, 23.378216, 0.0)
(38.790291, 23.393969, 0.0)
(38.806637, 23.390572, 0.0)
(38.816528, 23.358278, 0.0)
(37.495384, 22.909081, 0.0)
(37.434452, 22.861292, 0.0)
(37.489235, 22.783018, 0.0)
(37.480568, 22.762964, 0.0)
(37.498997, 22.745728, 0.0)
(37.498997, 22.745728, 0.0)
(37.501556, 22.704906, 0.0)
(36.724625, 22.658113, 0.0)
(36.687790, 22.623911, 0.0)
(36.704540, 22.586435, 0.0)
(36.700314, 22.588264, 0.0)
(36.629295, 22.558855, 0.0)
(36.257931, 22.881367, 0.0)
(35.955215, 22.971033, 0.0)
(36.109421, 22.004900, 0.0)
(36.096493, 21.559795, 0.0)
(36.114918, 21.505856, 0.0)
(36.127594, 21.539373, 0.0)
(36.135571, 21.565256, 0.0)
