{
  "prompt": "black pupil.",
  "gsam2_centers": [
    {
      "valid": true,
      "cx": 91.24,
      "cy": 86.18,
      "area": 305,
      "det_score": 0.2769,
      "sam_score": 0.9369,
      "box": [
        81.0,
        72.6,
        101.9,
        100.5
      ],
      "repeats": [
        [
          91.23,
          86.12
        ],
        [
          91.33,
          86.27
        ],
        [
          91.32,
          86.24
        ],
        [
          91.43,
          85.93
        ],
        [
          92.52000000000001,
          86.13
        ]
      ],
      "idx": 305,
      "mislabel": false,
      "mislabel_reason": "ok",
      "e_unet": 1.69
    },
    {
      "valid": true,
      "cx": 91.35,
      "cy": 86.53,
      "area": 307,
      "det_score": 0.263,
      "sam_score": 0.9384,
      "box": [
        81.1,
        72.8,
        102.1,
        100.4
      ],
      "repeats": [
        [
          91.36,
          86.16
        ],
        [
          91.43,
          86.57
        ],
        [
          91.47,
          86.35
        ],
        [
          91.53,
          86.27
        ],
        [
          92.63,
          86.27
        ]
      ],
      "idx": 306,
      "mislabel": false,
      "mislabel_reason": "ok",
      "e_unet": 1.93
    },
    {
      "valid": true,
      "cx": 91.41,
      "cy": 86.48,
      "area": 309,
      "det_score": 0.2835,
      "sam_score": 0.9409,
      "box": [
        81.1,
        73.0,
        102.2,
        100.6
      ],
      "repeats": [
        [
          91.43,
          86.2
        ],
        [
          91.45,
          86.64
        ],
        [
          91.5,
          86.46
        ],
        [
          91.58,
          86.29
        ],
        [
          92.59,
          86.44
        ]
      ],
      "idx": 307,
      "mislabel": false,
      "mislabel_reason": "ok",
      "e_unet": 1.78
    },
    {
      "valid": true,
      "cx": 91.45,
      "cy": 86.55,
      "area": 306,
      "det_score": 0.273,
      "sam_score": 0.9405,
      "box": [
        81.2,
        72.8,
        102.4,
        100.6
      ],
      "repeats": [
        [
          91.45,
          86.51
        ],
        [
          91.45,
          86.72
        ],
        [
          91.45,
          86.62
        ],
        [
          91.59,
          86.4
        ],
        [
          92.63999999999999,
          86.51
        ]
      ],
      "idx": 308,
      "mislabel": false,
      "mislabel_reason": "ok",
      "e_unet": 1.67
    },
    {
      "valid": true,
      "cx": 91.6,
      "cy": 86.49,
      "area": 307,
      "det_score": 0.2799,
      "sam_score": 0.9401,
      "box": [
        81.3,
        72.7,
        102.6,
        100.6
      ],
      "repeats": [
        [
          91.57,
          86.37
        ],
        [
          91.6,
          86.6
        ],
        [
          91.6,
          86.48
        ],
        [
          91.79,
          86.2
        ],
        [
          92.75999999999999,
          86.37
        ]
      ],
      "idx": 309,
      "mislabel": false,
      "mislabel_reason": "ok",
      "e_unet": 1.68
    },
    {
      "valid": true,
      "cx": 91.56,
      "cy": 86.38,
      "area": 310,
      "det_score": 0.2644,
      "sam_score": 0.9397,
      "box": [
        81.1,
        72.6,
        102.8,
        100.7
      ],
      "repeats": [
        [
          91.59,
          86.27
        ],
        [
          91.6,
          86.56
        ],
        [
          91.59,
          86.39
        ],
        [
          91.7,
          86.24
        ],
        [
          92.82,
          86.3
        ]
      ],
      "idx": 310,
      "mislabel": false,
      "mislabel_reason": "ok",
      "e_unet": 1.53
    },
    {
      "valid": true,
      "cx": 91.67,
      "cy": 86.19,
      "area": 324,
      "det_score": 0.2532,
      "sam_score": 0.9384,
      "box": [
        81.1,
        72.3,
        102.9,
        100.7
      ],
      "repeats": [
        [
          91.53,
          86.17
        ],
        [
          91.68,
          86.36
        ],
        [
          91.64,
          86.3
        ],
        [
          91.85,
          85.95
        ],
        [
          92.93,
          86.02
        ]
      ],
      "idx": 311,
      "mislabel": false,
      "mislabel_reason": "ok",
      "e_unet": 1.59
    },
    {
      "valid": true,
      "cx": 91.75,
      "cy": 86.21,
      "area": 330,
      "det_score": 0.2737,
      "sam_score": 0.9406,
      "box": [
        81.0,
        72.3,
        103.0,
        100.6
      ],
      "repeats": [
        [
          91.53,
          86.29
        ],
        [
          91.76,
          86.38
        ],
        [
          91.77,
          86.37
        ],
        [
          91.83,
          86.09
        ],
        [
          92.91999999999999,
          86.1
        ]
      ],
      "idx": 312,
      "mislabel": false,
      "mislabel_reason": "ok",
      "e_unet": 1.74
    },
    {
      "valid": true,
      "cx": 91.77,
      "cy": 86.05,
      "area": 336,
      "det_score": 0.2744,
      "sam_score": 0.9411,
      "box": [
        81.0,
        71.9,
        102.9,
        100.8
      ],
      "repeats": [
        [
          91.73,
          86.1
        ],
        [
          91.73,
          86.3
        ],
        [
          91.75,
          86.19
        ],
        [
          91.85,
          85.97
        ],
        [
          93.00999999999999,
          86.2
        ]
      ],
      "idx": 313,
      "mislabel": false,
      "mislabel_reason": "ok",
      "e_unet": 1.43
    },
    {
      "valid": true,
      "cx": 92.01,
      "cy": 86.41,
      "area": 334,
      "det_score": 0.2673,
      "sam_score": 0.9412,
      "box": [
        81.2,
        72.1,
        103.3,
        100.8
      ],
      "repeats": [
        [
          91.87,
          86.27
        ],
        [
          92.06,
          86.51
        ],
        [
          92.04,
          86.39
        ],
        [
          92.12,
          86.3
        ],
        [
          93.08000000000001,
          86.53
        ]
      ],
      "idx": 314,
      "mislabel": false,
      "mislabel_reason": "ok",
      "e_unet": 1.6
    },
    {
      "valid": true,
      "cx": 91.96,
      "cy": 86.44,
      "area": 342,
      "det_score": 0.2797,
      "sam_score": 0.9415,
      "box": [
        81.1,
        71.9,
        103.3,
        100.9
      ],
      "repeats": [
        [
          91.81,
          86.34
        ],
        [
          92.04,
          86.53
        ],
        [
          91.99,
          86.57
        ],
        [
          92.07,
          86.33
        ],
        [
          93.09,
          86.49
        ]
      ],
      "idx": 315,
      "mislabel": false,
      "mislabel_reason": "ok",
      "e_unet": 1.52
    }
  ]
}