{
  "prompt": "black pupil.",
  "gsam2_centers": [
    {
      "valid": true,
      "cx": 247.5,
      "cy": 140.19,
      "area": 634,
      "det_score": 0.3959,
      "sam_score": 0.9658,
      "box": [
        233.7,
        124.7,
        262.4,
        156.2
      ],
      "repeats": [
        [
          247.42,
          140.13
        ],
        [
          247.47,
          140.23
        ],
        [
          247.51,
          140.2
        ],
        [
          247.52,
          140.13
        ],
        [
          248.65,
          140.25
        ]
      ],
      "idx": 1007,
      "mislabel": false,
      "mislabel_reason": "ok",
      "e_unet": 1.18
    },
    {
      "valid": true,
      "cx": 246.54,
      "cy": 140.11,
      "area": 639,
      "det_score": 0.3744,
      "sam_score": 0.9682,
      "box": [
        232.7,
        124.6,
        261.6,
        156.1
      ],
      "repeats": [
        [
          246.56,
          140.03
        ],
        [
          246.66,
          140.15
        ],
        [
          246.55,
          140.02
        ],
        [
          246.7,
          140.08
        ],
        [
          247.76999999999998,
          140.14
        ]
      ],
      "idx": 1008,
      "mislabel": false,
      "mislabel_reason": "ok",
      "e_unet": 1.17
    },
    {
      "valid": true,
      "cx": 245.56,
      "cy": 139.9,
      "area": 644,
      "det_score": 0.3896,
      "sam_score": 0.9682,
      "box": [
        231.6,
        124.4,
        260.5,
        155.9
      ],
      "repeats": [
        [
          245.5,
          139.84
        ],
        [
          245.6,
          139.98
        ],
        [
          245.58,
          139.9
        ],
        [
          245.61,
          139.76
        ],
        [
          246.70999999999998,
          139.92
        ]
      ],
      "idx": 1009,
      "mislabel": false,
      "mislabel_reason": "ok",
      "e_unet": 1.05
    },
    {
      "valid": true,
      "cx": 244.69,
      "cy": 139.78,
      "area": 649,
      "det_score": 0.4158,
      "sam_score": 0.9692,
      "box": [
        230.7,
        124.5,
        259.8,
        155.9
      ],
      "repeats": [
        [
          244.69,
          139.75
        ],
        [
          244.81,
          139.87
        ],
        [
          244.78,
          139.84
        ],
        [
          244.81,
          139.76
        ],
        [
          245.95,
          139.93
        ]
      ],
      "idx": 1010,
      "mislabel": false,
      "mislabel_reason": "ok",
      "e_unet": 0.95
    },
    {
      "valid": true,
      "cx": 243.64,
      "cy": 139.69,
      "area": 655,
      "det_score": 0.4203,
      "sam_score": 0.9682,
      "box": [
        229.6,
        124.3,
        258.8,
        155.7
      ],
      "repeats": [
        [
          243.67,
          139.71
        ],
        [
          243.7,
          139.76
        ],
        [
          243.67,
          139.74
        ],
        [
          243.64,
          139.6
        ],
        [
          244.73000000000002,
          139.75
        ]
      ],
      "idx": 1011,
      "mislabel": false,
      "mislabel_reason": "ok",
      "e_unet": 1.0
    },
    {
      "valid": true,
      "cx": 235.12,
      "cy": 138.37,
      "area": 699,
      "det_score": 0.4245,
      "sam_score": 0.9677,
      "box": [
        220.3,
        123.1,
        251.2,
        153.8
      ],
      "repeats": [
        [
          235.15,
          138.25
        ],
        [
          235.24,
          138.49
        ],
        [
          235.16,
          138.32
        ],
        [
          235.38,
          138.37
        ],
        [
          236.39,
          138.46
        ]
      ],
      "idx": 1012,
      "mislabel": false,
      "mislabel_reason": "ok",
      "e_unet": 1.1
    },
    {
      "valid": true,
      "cx": 234.28,
      "cy": 138.41,
      "area": 704,
      "det_score": 0.4284,
      "sam_score": 0.9664,
      "box": [
        219.6,
        123.2,
        250.0,
        153.8
      ],
      "repeats": [
        [
          234.05,
          138.17
        ],
        [
          234.46,
          138.57
        ],
        [
          234.14,
          138.26
        ],
        [
          234.2,
          138.36
        ],
        [
          235.26,
          138.37
        ]
      ],
      "idx": 1013,
      "mislabel": false,
      "mislabel_reason": "ok",
      "e_unet": 1.12
    }
  ]
}