{
  "prompt": "black pupil.",
  "gsam2_centers": [
    {
      "valid": true,
      "cx": 206.29,
      "cy": 135.5,
      "area": 778,
      "det_score": 0.3934,
      "sam_score": 0.9629,
      "box": [
        189.7,
        119.5,
        224.0,
        151.3
      ],
      "repeats": [
        [
          206.29,
          135.45
        ],
        [
          206.32,
          135.51999999999998
        ],
        [
          206.28,
          135.44
        ],
        [
          206.42,
          135.35
        ],
        [
          207.57999999999998,
          135.44
        ]
      ],
      "idx": 105,
      "mislabel": false,
      "mislabel_reason": "ok",
      "e_unet": 0.95
    },
    {
      "valid": true,
      "cx": 206.27,
      "cy": 135.55,
      "area": 783,
      "det_score": 0.3774,
      "sam_score": 0.963,
      "box": [
        189.7,
        119.5,
        224.0,
        151.4
      ],
      "repeats": [
        [
          206.29,
          135.5
        ],
        [
          206.33,
          135.59
        ],
        [
          206.35,
          135.51
        ],
        [
          206.41,
          135.38
        ],
        [
          207.49,
          135.56
        ]
      ],
      "idx": 106,
      "mislabel": false,
      "mislabel_reason": "ok",
      "e_unet": 0.99
    },
    {
      "valid": true,
      "cx": 206.36,
      "cy": 135.57,
      "area": 787,
      "det_score": 0.3901,
      "sam_score": 0.963,
      "box": [
        189.7,
        119.4,
        224.0,
        151.4
      ],
      "repeats": [
        [
          206.29,
          135.5
        ],
        [
          206.37,
          135.59
        ],
        [
          206.38,
          135.49
        ],
        [
          206.52,
          135.38
        ],
        [
          207.55,
          135.53
        ]
      ],
      "idx": 107,
      "mislabel": false,
      "mislabel_reason": "ok",
      "e_unet": 1.05
    },
    {
      "valid": true,
      "cx": 206.37,
      "cy": 135.54000000000002,
      "area": 789,
      "det_score": 0.3972,
      "sam_score": 0.9628,
      "box": [
        189.6,
        119.4,
        224.1,
        151.5
      ],
      "repeats": [
        [
          206.37,
          135.42000000000002
        ],
        [
          206.38,
          135.59
        ],
        [
          206.41,
          135.49
        ],
        [
          206.53,
          135.39
        ],
        [
          207.53,
          135.48000000000002
        ]
      ],
      "idx": 108,
      "mislabel": false,
      "mislabel_reason": "ok",
      "e_unet": 1.02
    },
    {
      "valid": true,
      "cx": 206.47,
      "cy": 135.6,
      "area": 793,
      "det_score": 0.4166,
      "sam_score": 0.9644,
      "box": [
        189.7,
        119.3,
        224.2,
        151.6
      ],
      "repeats": [
        [
          206.45,
          135.48000000000002
        ],
        [
          206.43,
          135.66
        ],
        [
          206.44,
          135.57999999999998
        ],
        [
          206.55,
          135.51
        ],
        [
          207.63,
          135.64
        ]
      ],
      "idx": 109,
      "mislabel": false,
      "mislabel_reason": "ok",
      "e_unet": 1.0
    },
    {
      "valid": true,
      "cx": 206.43,
      "cy": 135.70999999999998,
      "area": 789,
      "det_score": 0.3975,
      "sam_score": 0.9644,
      "box": [
        189.9,
        119.5,
        224.1,
        151.6
      ],
      "repeats": [
        [
          206.34,
          135.67000000000002
        ],
        [
          206.48,
          135.75
        ],
        [
          206.44,
          135.66
        ],
        [
          206.52,
          135.66
        ],
        [
          207.67000000000002,
          135.72
        ]
      ],
      "idx": 110,
      "mislabel": false,
      "mislabel_reason": "ok",
      "e_unet": 1.02
    },
    {
      "valid": true,
      "cx": 205.11,
      "cy": 135.67000000000002,
      "area": 790,
      "det_score": 0.3979,
      "sam_score": 0.9671,
      "box": [
        188.6,
        119.5,
        222.7,
        151.6
      ],
      "repeats": [
        [
          205.1,
          135.65
        ],
        [
          205.12,
          135.65
        ],
        [
          205.1,
          135.57
        ],
        [
          205.19,
          135.59
        ],
        [
          206.23000000000002,
          135.67000000000002
        ]
      ],
      "idx": 111,
      "mislabel": false,
      "mislabel_reason": "ok",
      "e_unet": 1.11
    },
    {
      "valid": true,
      "cx": 204.77,
      "cy": 135.57999999999998,
      "area": 787,
      "det_score": 0.4196,
      "sam_score": 0.9673,
      "box": [
        188.3,
        119.4,
        222.4,
        151.5
      ],
      "repeats": [
        [
          204.81,
          135.48000000000002
        ],
        [
          204.83,
          135.59
        ],
        [
          204.86,
          135.51
        ],
        [
          204.88,
          135.53
        ],
        [
          205.94,
          135.59
        ]
      ],
      "idx": 112,
      "mislabel": false,
      "mislabel_reason": "ok",
      "e_unet": 1.08
    },
    {
      "valid": true,
      "cx": 205.38,
      "cy": 135.88,
      "area": 796,
      "det_score": 0.3851,
      "sam_score": 0.9667,
      "box": [
        188.8,
        119.9,
        222.8,
        152.0
      ],
      "repeats": [
        [
          205.37,
          135.81
        ],
        [
          205.35,
          135.97
        ],
        [
          205.39,
          135.84
        ],
        [
          205.52,
          135.72
        ],
        [
          206.53,
          135.88
        ]
      ],
      "idx": 113,
      "mislabel": false,
      "mislabel_reason": "ok",
      "e_unet": 1.04
    },
    {
      "valid": true,
      "cx": 207.23,
      "cy": 141.47,
      "area": 347,
      "det_score": 0.23,
      "sam_score": 0.7212,
      "box": [
        186.3,
        129.2,
        230.2,
        155.8
      ],
      "repeats": [
        [
          207.09,
          141.0
        ],
        [
          207.2,
          141.55
        ],
        [
          207.46,
          141.31
        ],
        [
          209.3,
          138.34
        ],
        [
          208.38,
          141.45
        ]
      ],
      "idx": 114,
      "mislabel": false,
      "mislabel_reason": "ok",
      "e_unet": 0.84
    },
    {
      "valid": true,
      "cx": 206.78,
      "cy": 138.62,
      "area": 512,
      "det_score": 0.4032,
      "sam_score": 0.9481,
      "box": [
        190.5,
        128.8,
        225.1,
        150.3
      ],
      "repeats": [
        [
          206.66,
          138.6
        ],
        [
          206.71,
          138.83
        ],
        [
          206.77,
          138.54
        ],
        [
          206.85,
          138.49
        ],
        [
          208.15,
          138.67
        ]
      ],
      "idx": 115,
      "mislabel": false,
      "mislabel_reason": "ok",
      "e_unet": 0.22
    }
  ]
}