{
  "prompt": "black pupil.",
  "gsam2_centers": [
    {
      "valid": true,
      "cx": 162.65,
      "cy": 134.88,
      "area": 1312,
      "det_score": 0.4061,
      "sam_score": 0.9721,
      "box": [
        142.3,
        113.4,
        183.9,
        157.2
      ],
      "repeats": [
        [
          162.25,
          135.17000000000002
        ],
        [
          162.29,
          135.24
        ],
        [
          162.67,
          134.91
        ],
        [
          162.65,
          134.87
        ],
        [
          163.43,
          135.22
        ]
      ],
      "idx": 907,
      "mislabel": false,
      "mislabel_reason": "ok",
      "e_unet": 1.23
    },
    {
      "valid": true,
      "cx": 161.71,
      "cy": 135.38,
      "area": 1296,
      "det_score": 0.3714,
      "sam_score": 0.9745,
      "box": [
        141.9,
        113.4,
        183.1,
        157.4
      ],
      "repeats": [
        [
          161.68,
          135.38
        ],
        [
          161.71,
          135.4
        ],
        [
          162.14,
          135.01
        ],
        [
          162.08,
          135.1
        ],
        [
          162.95,
          135.29000000000002
        ]
      ],
      "idx": 908,
      "mislabel": false,
      "mislabel_reason": "ok",
      "e_unet": 1.33
    },
    {
      "valid": true,
      "cx": 160.73,
      "cy": 135.56,
      "area": 1308,
      "det_score": 0.3694,
      "sam_score": 0.9736,
      "box": [
        140.9,
        113.5,
        182.1,
        157.5
      ],
      "repeats": [
        [
          160.7,
          135.5
        ],
        [
          160.76,
          135.57
        ],
        [
          160.76,
          135.57999999999998
        ],
        [
          160.73,
          135.48000000000002
        ],
        [
          161.94,
          135.56
        ]
      ],
      "idx": 909,
      "mislabel": false,
      "mislabel_reason": "ok",
      "e_unet": 1.41
    },
    {
      "valid": true,
      "cx": 159.9,
      "cy": 135.73000000000002,
      "area": 1296,
      "det_score": 0.3594,
      "sam_score": 0.9759,
      "box": [
        140.1,
        113.5,
        181.2,
        157.5
      ],
      "repeats": [
        [
          159.87,
          135.73000000000002
        ],
        [
          159.92,
          135.75
        ],
        [
          159.9,
          135.73000000000002
        ],
        [
          159.91,
          135.63
        ],
        [
          161.11,
          135.75
        ]
      ],
      "idx": 910,
      "mislabel": false,
      "mislabel_reason": "ok",
      "e_unet": 1.37
    },
    {
      "valid": true,
      "cx": 159.06,
      "cy": 135.88,
      "area": 1298,
      "det_score": 0.3686,
      "sam_score": 0.9739,
      "box": [
        139.5,
        113.7,
        180.3,
        157.6
      ],
      "repeats": [
        [
          159.01,
          135.85
        ],
        [
          159.1,
          135.91
        ],
        [
          159.08,
          135.84
        ],
        [
          159.14,
          135.84
        ],
        [
          160.24,
          135.88
        ]
      ],
      "idx": 911,
      "mislabel": false,
      "mislabel_reason": "ok",
      "e_unet": 1.26
    },
    {
      "valid": true,
      "cx": 155.76,
      "cy": 136.72,
      "area": 1284,
      "det_score": 0.4215,
      "sam_score": 0.9765,
      "box": [
        136.1,
        114.5,
        176.9,
        158.3
      ],
      "repeats": [
        [
          155.71,
          136.69
        ],
        [
          155.76,
          136.74
        ],
        [
          155.78,
          136.69
        ],
        [
          155.8,
          136.65
        ],
        [
          156.8,
          136.7
        ]
      ],
      "idx": 912,
      "mislabel": false,
      "mislabel_reason": "ok",
      "e_unet": 1.34
    },
    {
      "valid": true,
      "cx": 147.70999999999998,
      "cy": 138.54,
      "area": 1181,
      "det_score": 0.405,
      "sam_score": 0.9743,
      "box": [
        129.4,
        116.6,
        167.1,
        160.4
      ],
      "repeats": [
        [
          147.69,
          138.51
        ],
        [
          147.74,
          138.53
        ],
        [
          147.72,
          138.52
        ],
        [
          147.82,
          138.41
        ],
        [
          148.8,
          138.53
        ]
      ],
      "idx": 913,
      "mislabel": false,
      "mislabel_reason": "ok",
      "e_unet": 1.38
    }
  ]
}