{
  "prompt": "black pupil.",
  "gsam2_centers": [
    {
      "valid": true,
      "cx": 121.02,
      "cy": 92.17,
      "area": 366,
      "det_score": 0.3749,
      "sam_score": 0.9513,
      "box": [
        109.3,
        80.5,
        133.4,
        105.1
      ],
      "repeats": [
        [
          120.95,
          92.06
        ],
        [
          120.97,
          92.22
        ],
        [
          120.96,
          92.09
        ],
        [
          121.09,
          91.98
        ],
        [
          122.02000000000001,
          92.23
        ]
      ],
      "idx": 1407,
      "mislabel": false,
      "mislabel_reason": "ok",
      "e_unet": 1.17
    },
    {
      "valid": true,
      "cx": 120.82,
      "cy": 92.26,
      "area": 356,
      "det_score": 0.3647,
      "sam_score": 0.9513,
      "box": [
        109.4,
        80.8,
        133.2,
        105.0
      ],
      "repeats": [
        [
          120.93,
          92.09
        ],
        [
          120.74,
          92.42
        ],
        [
          120.77,
          92.29
        ],
        [
          120.92,
          92.13
        ],
        [
          121.80000000000001,
          92.33
        ]
      ],
      "idx": 1408,
      "mislabel": false,
      "mislabel_reason": "ok",
      "e_unet": 1.15
    },
    {
      "valid": true,
      "cx": 119.79,
      "cy": 92.83,
      "area": 364,
      "det_score": 0.3425,
      "sam_score": 0.9493,
      "box": [
        108.2,
        81.2,
        131.7,
        105.6
      ],
      "repeats": [
        [
          119.74,
          92.68
        ],
        [
          119.93,
          92.87
        ],
        [
          119.83,
          92.83
        ],
        [
          119.88,
          92.75
        ],
        [
          121.05000000000001,
          92.87
        ]
      ],
      "idx": 1409,
      "mislabel": false,
      "mislabel_reason": "ok",
      "e_unet": 1.24
    },
    {
      "valid": true,
      "cx": 113.01,
      "cy": 96.81,
      "area": 321,
      "det_score": 0.303,
      "sam_score": 0.9419,
      "box": [
        102.7,
        84.5,
        124.3,
        109.6
      ],
      "repeats": [
        [
          113.04,
          96.78
        ],
        [
          113.13,
          96.86
        ],
        [
          113.11,
          96.77
        ],
        [
          113.2,
          96.68
        ],
        [
          114.1,
          96.88
        ]
      ],
      "idx": 1410,
      "mislabel": false,
      "mislabel_reason": "ok",
      "e_unet": 1.29
    },
    {
      "valid": true,
      "cx": 112.84,
      "cy": 96.57,
      "area": 324,
      "det_score": 0.3218,
      "sam_score": 0.9459,
      "box": [
        102.6,
        84.4,
        123.9,
        109.7
      ],
      "repeats": [
        [
          112.8,
          96.58
        ],
        [
          112.84,
          96.77
        ],
        [
          112.84,
          96.6
        ],
        [
          112.97,
          96.42
        ],
        [
          113.99000000000001,
          96.71
        ]
      ],
      "idx": 1411,
      "mislabel": false,
      "mislabel_reason": "ok",
      "e_unet": 1.01
    },
    {
      "valid": true,
      "cx": 112.87,
      "cy": 96.36,
      "area": 324,
      "det_score": 0.315,
      "sam_score": 0.9438,
      "box": [
        102.6,
        84.3,
        123.9,
        109.4
      ],
      "repeats": [
        [
          112.91,
          96.34
        ],
        [
          112.85,
          96.57
        ],
        [
          112.89,
          96.44
        ],
        [
          113.03,
          96.22
        ],
        [
          113.97999999999999,
          96.53
        ]
      ],
      "idx": 1412,
      "mislabel": false,
      "mislabel_reason": "ok",
      "e_unet": 0.96
    },
    {
      "valid": true,
      "cx": 112.9,
      "cy": 96.53,
      "area": 322,
      "det_score": 0.3296,
      "sam_score": 0.9459,
      "box": [
        102.6,
        84.4,
        123.9,
        109.5
      ],
      "repeats": [
        [
          112.98,
          96.42
        ],
        [
          112.96,
          96.67
        ],
        [
          112.97,
          96.52
        ],
        [
          113.07,
          96.4
        ],
        [
          113.97999999999999,
          96.7
        ]
      ],
      "idx": 1413,
      "mislabel": false,
      "mislabel_reason": "ok",
      "e_unet": 0.98
    }
  ]
}