(35.122643, 22.843611, 0.0)
(35.147800, 22.817867, 0.0)
(35.190876, 22.795158, 0.0)
(35.203339, 22.735043, 0.0)
(35.207039, 22.704645, 0.0)
(35.221466, 22.740303, 0.0)
(35.251728, 22.765238, 0.0)
(35.258251, 22.765556, 0.0)
(35.291241, 22.772058, 0.0)
(35.312534, 22.812805, 0.0)
(35.303341, 22.868992, 0.0)
(35.296417, 22.865379, 0.0)
(35.303215, 22.840822, 0.0)
(35.297337, 22.819511, 0.0)
(35.289803, 22.787079, 0.0)
(35.289665, 22.767206, 0.0)
(35.280468, 22.766283, 0.0)
(35.279434, 22.752489, 0.0)
(35.261566, 22.761148, 0.0)
(35.274097, 22.720581, 0.0)
(35.251080, 22.714058, 0.0)
(35.239090, 22.713097, 0.0)
(34.693512, 23.231575, 0.0)
(35.120716, 22.420376, 0.0)
(35.116623, 22.623209, 0.0)
(35.063015, 22.629873, 0.0)
(35.018646, 22.623411, 0.0)
(35.011105, 22.602486, 0.0)
(35.071129, 22.611748, 0.0)
(35.073223, 22.639994, 0.0)
(35.075867, 22.657692, 0.0)
(35.081142, 22.675833, 0.0)
(35.093601, 22.656826, 0.0)
(35.122097, 22.640648, 0.0)
(35.137249, 22.655127, 0.0)
(35.160069, 22.643854, 0.0)
(35.173195, 22.632736, 0.0)
(35.180538, 22.604376, 0.0)
(35.183517, 22.644203, 0.0)
(35.165829, 22.629478, 0.0)
(35.189129, 22.592356, 0.0)
(35.203094, 22.566624, 0.0)
(35.205692, 22.576635, 0.0)
(35.211693, 22.600891, 0.0)
(35.221153, 22.595158, 0.0)
(35.186855, 22.567898, 0.0)
(35.190250, 22.542728, 0.0)
(35.200336, 22.516663, 0.0)
(35.237789, 22.518686, 0.0)
(35.239956, 22.531565, 0.0)
(35.225887, 22.534540, 0.0)
(35.221748, 22.533747, 0.0)
(35.201096, 22.530071, 0.0)
(35.199646, 22.534319, 0.0)
(35.197327, 22.539118, 0.0)
(35.210213, 22.545153, 0.0)
(35.250145, 22.552999, 0.0)
(35.250206, 22.528101, 0.0)
(35.234516, 22.541483, 0.0)
(35.210918, 22.557507, 0.0)
(35.077396, 22.605633, 0.0)
(35.269627, 23.575109, 0.0)
(35.127995, 22.549137, 0.0)
(35.114044, 22.299379, 0.0)
(35.135136, 22.308249, 0.0)
(35.153126, 22.294716, 0.0)
(35.165878, 22.379265, 0.0)
(35.189934, 22.441267, 0.0)
(35.234680, 22.430489, 0.0)
(35.251534, 22.451317, 0.0)
(35.264221, 22.466066, 0.0)
(35.260952, 22.475519, 0.0)
(35.259800, 22.503576, 0.0)
(35.265503, 22.517290, 0.0)
(35.281353, 22.514202, 0.0)
(35.266258, 22.538836, 0.0)
(35.226318, 22.522678, 0.0)
(35.541832, 24.451822, 0.0)
(35.405327, 23.657907, 0.0)
(35.331341, 23.059240, 0.0)
(35.314655, 22.681665, 0.0)
(35.325638, 22.510159, 0.0)
(35.344639, 22.415266, 0.0)
(35.318989, 22.429258, 0.0)
(35.313721, 22.458721, 0.0)
(35.319946, 22.460903, 0.0)
(35.344799, 22.476582, 0.0)
(35.314777, 22.483582, 0.0)
(35.300747, 22.471695, 0.0)
(35.307655, 22.483084, 0.0)
(35.292450, 22.501400, 0.0)
(35.315033, 22.493525, 0.0)
(35.323757, 22.482845, 0.0)
(35.313152, 22.466135, 0.0)
(35.305771, 22.477797, 0.0)
(35.289307, 22.468767, 0.0)
(35.299839, 22.426712, 0.0)
(35.341408, 22.400000, 0.0)
(35.344254, 22.416086, 0.0)
(35.349052, 22.439333, 0.0)
(35.178551, 22.478559, 0.0)
(35.098667, 22.398668, 0.0)
(35.103764, 22.410469, 0.0)
(35.107475, 22.394344, 0.0)
(35.107758, 22.420805, 0.0)
(35.102871, 22.425041, 0.0)
(35.114647, 22.452271, 0.0)
(35.122234, 22.464052, 0.0)
(35.134628, 22.436029, 0.0)
(35.142559, 22.428791, 0.0)
(35.125561, 22.448088, 0.0)
(35.125816, 22.454412, 0.0)
(35.141403, 22.448818, 0.0)
(35.148426, 22.428423, 0.0)
(35.141968, 22.424198, 0.0)
(35.100941, 22.474585, 0.0)
(35.080658, 22.497984, 0.0)
(35.106686, 22.450594, 0.0)
(35.108105, 22.416759, 0.0)
(35.113029, 22.430183, 0.0)
(35.111843, 22.461014, 0.0)
(35.125622, 22.465036, 0.0)
(35.127251, 22.444897, 0.0)
(35.123676, 22.430031, 0.0)
(35.122692, 22.433916, 0.0)
(35.128918, 22.424847, 0.0)
(35.126865, 22.450314, 0.0)
(35.120754, 22.475920, 0.0)
(35.128719, 22.491562, 0.0)
(35.140175, 22.500401, 0.0)
(35.141949, 22.492275, 0.0)
(35.140961, 22.496309, 0.0)
(35.150455, 22.493923, 0.0)
(35.261978, 22.506115, 0.0)
(35.274273, 22.498678, 0.0)
(35.295681, 22.504131, 0.0)
(35.281136, 22.519669, 0.0)
(35.259705, 22.527197, 0.0)
(35.262051, 22.524038, 0.0)
(35.278488, 22.477198, 0.0)
(35.281441, 22.519115, 0.0)
(35.212898, 22.658756, 0.0)
(35.505295, 23.692186, 0.0)
(35.277103, 22.669073, 0.0)
(35.309071, 22.365482, 0.0)
(35.300339, 22.410397, 0.0)
(35.309834, 22.408344, 0.0)
(35.315346, 22.421850, 0.0)
(35.324749, 22.441345, 0.0)
(35.327663, 22.456970, 0.0)
(35.346691, 22.481087, 0.0)
(35.344379, 22.420599, 0.0)
(35.341198, 22.439619, 0.0)
(35.338345, 22.469744, 0.0)
(35.329281, 22.492571, 0.0)
(35.322781, 22.465929, 0.0)
(35.347324, 22.443308, 0.0)
(35.351204, 22.434633, 0.0)
(35.382042, 22.446634, 0.0)
(35.399353, 22.424675, 0.0)
(35.393898, 22.432453, 0.0)
(35.380562, 22.401241, 0.0)
(35.389103, 22.378134, 0.0)
(35.390278, 22.363764, 0.0)
(35.373421, 22.368877, 0.0)
(35.390354, 22.389992, 0.0)
(35.388088, 22.382528, 0.0)
(35.385456, 22.382833, 0.0)
(35.402645, 22.432861, 0.0)
(39.048203, 24.487835, 0.0)
(42.024849, 26.581364, 0.0)
(43.629593, 28.255499, 0.0)
(43.891682, 28.788294, 0.0)
(43.807281, 28.797043, 0.0)
(43.785896, 28.753315, 0.0)
(43.779648, 28.699535, 0.0)
(43.758980, 28.669931, 0.0)
(43.754360, 28.661436, 0.0)
(43.741837, 28.604786, 0.0)
(43.715321, 28.537695, 0.0)
(43.725380, 28.522354, 0.0)
(43.719933, 28.507975, 0.0)
(43.714184, 28.506897, 0.0)
(43.701401, 28.518635, 0.0)
(43.678391, 28.529596, 0.0)
(43.674263, 28.517441, 0.0)
(43.664879, 28.474997, 0.0)
(43.662426, 28.469355, 0.0)
(43.656185, 28.454451, 0.0)
(43.653431, 28.453117, 0.0)
(43.657200, 28.457525, 0.0)
(43.647900, 28.445150, 0.0)
(43.633827, 28.487291, 0.0)
(43.640415, 28.431269, 0.0)
(43.648212, 28.403181, 0.0)
(43.598991, 28.421755, 0.0)
(43.603607, 28.428801, 0.0)
(43.579823, 28.447147, 0.0)
(43.558037, 28.449085, 0.0)
(43.555325, 28.411552, 0.0)
(43.556622, 28.395058, 0.0)
(43.558189, 28.386145, 0.0)
(43.522209, 28.388378, 0.0)
(43.522873, 28.400196, 0.0)
(43.521591, 28.417059, 0.0)
(43.509235, 28.442799, 0.0)
(43.494698, 28.327446, 0.0)
(43.553436, 24.954702, 0.0)
(43.674618, 22.002058, 0.0)
(43.545025, 20.591305, 0.0)
(43.301956, 20.229607, 0.0)
(43.262592, 20.404037, 0.0)
(43.260853, 20.409212, 0.0)
(43.368984, 20.277943, 0.0)
(43.400566, 20.330090, 0.0)
(43.408424, 20.345055, 0.0)
(43.454456, 20.381355, 0.0)
(43.446617, 20.297636, 0.0)
(43.498539, 20.214014, 0.0)
(43.479179, 20.179399, 0.0)
(43.525185, 20.200550, 0.0)
(43.525803, 20.176224, 0.0)
(43.515331, 20.148279, 0.0)
(43.483204, 20.144699, 0.0)
(43.492294, 20.114458, 0.0)
(43.485649, 20.107655, 0.0)
(43.479797, 20.068634, 0.0)
(43.471947, 20.041647, 0.0)
(43.415634, 20.063765, 0.0)
(43.413437, 20.063137, 0.0)
(43.412907, 20.031721, 0.0)
(43.400211, 20.022621, 0.0)
(43.398846, 20.054487, 0.0)
(43.391453, 20.039333, 0.0)
(43.407345, 20.058058, 0.0)
(43.412296, 20.012245, 0.0)
(43.402214, 20.033089, 0.0)
(43.384007, 20.019901, 0.0)
(43.346565, 20.028193, 0.0)
(43.316540, 20.063036, 0.0)
(43.315563, 20.068708, 0.0)
(43.299301, 20.042471, 0.0)
(43.288841, 20.062399, 0.0)
(42.169197, 19.570398, 0.0)
(38.598457, 19.388718, 0.0)
(34.856724, 21.679441, 0.0)
(31.663733, 23.255938, 0.0)
(29.162821, 25.959053, 0.0)
(27.825043, 27.845705, 0.0)
(27.281555, 28.669889, 0.0)
(27.286785, 28.570845, 0.0)
(27.284409, 28.397429, 0.0)
(26.662930, 29.077772, 0.0)
(25.585407, 30.122883, 0.0)
(25.550844, 30.144735, 0.0)
(25.604477, 30.024183, 0.0)
(25.616156, 29.972191, 0.0)
(25.582607, 29.942902, 0.0)
(25.584290, 29.937887, 0.0)
(25.586988, 29.925793, 0.0)
(25.591215, 29.904228, 0.0)
(25.604803, 29.906498, 0.0)
(25.591467, 29.907692, 0.0)
(25.604803, 29.906498, 0.0)
(25.602970, 29.896612, 0.0)
(25.586624, 29.891768, 0.0)
(25.557476, 29.878531, 0.0)
(25.558786, 29.859299, 0.0)
(25.564398, 29.807917, 0.0)
(25.563457, 29.824240, 0.0)
(25.577053, 29.835409, 0.0)
(25.549475, 29.881016, 0.0)
(25.476732, 29.185854, 0.0)
(25.150846, 25.261263, 0.0)
(25.187384, 22.033064, 0.0)
(25.378416, 20.216202, 0.0)
(25.361929, 19.977232, 0.0)
(25.302332, 20.150028, 0.0)
(25.246063, 20.232519, 0.0)
(25.220226, 20.250034, 0.0)
(25.192614, 20.297592, 0.0)
(25.189060, 20.289680, 0.0)
(24.767391, 20.274054, 0.0)
(24.588724, 20.093014, 0.0)
(24.626743, 20.070564, 0.0)
(24.620430, 20.047680, 0.0)
(24.639717, 19.997705, 0.0)
(24.656363, 19.964640, 0.0)
(24.638729, 19.964529, 0.0)
(24.634935, 19.993889, 0.0)
(24.628103, 19.979635, 0.0)
(24.636389, 19.907804, 0.0)
(24.644339, 19.885067, 0.0)
(24.652159, 19.880543, 0.0)
(24.647993, 19.879745, 0.0)
(24.645262, 19.900696, 0.0)
(24.638691, 19.933512, 0.0)
(24.643841, 19.954691, 0.0)
(24.664276, 19.968107, 0.0)
(24.661583, 19.965265, 0.0)
(24.666046, 19.953150, 0.0)
(24.691996, 19.946783, 0.0)
(24.681213, 19.951778, 0.0)
(24.683044, 19.956837, 0.0)
(24.674120, 19.963589, 0.0)
(24.682480, 19.955013, 0.0)
(24.722563, 19.913507, 0.0)
(24.726671, 19.907482, 0.0)
(24.734222, 19.916693, 0.0)
(24.757742, 19.924763, 0.0)
(24.776278, 19.901600, 0.0)
(24.776054, 19.903934, 0.0)
(24.787638, 19.894621, 0.0)
(24.804203, 19.891956, 0.0)
(24.838934, 19.870544, 0.0)
(24.852646, 19.900412, 0.0)
(25.308283, 19.720869, 0.0)
(29.655077, 18.866249, 0.0)
(34.677895, 20.189070, 0.0)
(35.015175, 21.395769, 0.0)
(34.799637, 21.633783, 0.0)
(34.796917, 21.623865, 0.0)
(34.793812, 21.555964, 0.0)
(35.027508, 21.913572, 0.0)
(35.195763, 22.557318, 0.0)
(35.208714, 22.479120, 0.0)
(35.193653, 22.406176, 0.0)
(35.184738, 22.386404, 0.0)
(35.168560, 22.380796, 0.0)
(35.148300, 22.373871, 0.0)
(35.163620, 22.355190, 0.0)
(35.199646, 22.353905, 0.0)
(35.236019, 22.315243, 0.0)
(35.253155, 22.297436, 0.0)
(35.258183, 22.247715, 0.0)
(35.259857, 22.267693, 0.0)
(35.267300, 22.276922, 0.0)
(35.275452, 22.257267, 0.0)
(35.288197, 22.259087, 0.0)
(35.279919, 22.263048, 0.0)
(35.275768, 22.251944, 0.0)
(35.274654, 22.212069, 0.0)
(35.272930, 22.192400, 0.0)
(35.281021, 22.174850, 0.0)
(35.260571, 22.213993, 0.0)
(35.278191, 22.199720, 0.0)
(35.284004, 22.166842, 0.0)
(35.279236, 22.184849, 0.0)
(35.284782, 22.194622, 0.0)
(35.296757, 22.202190, 0.0)
(35.295822, 22.226397, 0.0)
(35.298698, 22.231346, 0.0)
(35.321785, 22.217487, 0.0)
(35.326469, 22.215021, 0.0)
(35.330845, 22.237473, 0.0)
(35.332458, 22.286474, 0.0)
(35.323540, 22.316631, 0.0)
(34.342216, 22.634480, 0.0)
(28.945580, 24.226173, 0.0)
(26.021275, 25.496222, 0.0)
(25.174765, 25.910990, 0.0)
(25.156908, 25.873339, 0.0)
(25.185642, 25.801601, 0.0)
(25.131857, 25.748367, 0.0)
(25.123068, 25.748726, 0.0)
(25.093939, 25.734404, 0.0)
(25.098320, 25.705767, 0.0)
(25.108538, 25.701357, 0.0)
(25.099710, 25.697693, 0.0)
(25.114414, 25.720558, 0.0)
(25.129395, 25.716249, 0.0)
(25.099337, 25.717178, 0.0)
(24.918461, 25.606728, 0.0)
(25.009533, 27.183483, 0.0)
(24.445570, 24.638435, 0.0)
(24.478882, 24.917162, 0.0)
(24.644474, 25.194372, 0.0)
(24.764151, 25.258390, 0.0)
(24.740187, 25.334137, 0.0)
(24.742159, 25.350214, 0.0)
(24.768768, 25.376152, 0.0)
(24.796646, 25.345291, 0.0)
(24.797922, 25.310970, 0.0)
(24.806648, 25.269646, 0.0)
(24.807154, 25.266123, 0.0)
(24.840746, 25.246317, 0.0)
(24.869223, 25.205017, 0.0)
(24.871916, 25.200237, 0.0)
(24.893860, 25.197203, 0.0)
(24.917591, 25.172007, 0.0)
(24.941710, 25.157921, 0.0)
(24.955446, 25.162226, 0.0)
(24.978235, 25.169231, 0.0)
(29.062607, 26.481474, 0.0)
(32.097332, 27.714457, 0.0)
(31.351288, 28.032635, 0.0)
(26.219069, 30.648602, 0.0)
(26.200169, 29.722385, 0.0)
(26.189207, 29.438332, 0.0)
(26.173288, 29.463673, 0.0)
(26.900347, 29.869846, 0.0)
(27.022873, 29.912367, 0.0)
(26.996983, 29.835756, 0.0)
(26.946390, 29.813877, 0.0)
(26.918840, 29.813835, 0.0)
(26.918917, 29.833904, 0.0)
(26.898540, 29.771429, 0.0)
(26.912855, 29.763224, 0.0)
(26.911398, 29.721369, 0.0)
(26.882236, 29.707140, 0.0)
(26.859713, 29.701082, 0.0)
(26.889273, 29.681040, 0.0)
(26.905973, 29.695961, 0.0)
(26.902666, 29.698444, 0.0)
(26.921186, 29.685825, 0.0)
(26.944290, 29.669189, 0.0)
(26.955538, 29.652224, 0.0)
(26.954512, 29.653847, 0.0)
(26.940586, 29.686087, 0.0)
(26.949366, 29.687283, 0.0)
(26.965860, 29.633821, 0.0)
(26.955715, 29.582769, 0.0)
(26.964186, 29.590557, 0.0)
(27.009892, 29.616329, 0.0)
(27.015812, 29.657305, 0.0)
(27.005051, 29.646498, 0.0)
(27.021994, 29.627705, 0.0)
(27.037182, 29.452602, 0.0)
(27.311134, 25.791639, 0.0)
(27.905756, 22.636078, 0.0)
(27.966318, 22.501953, 0.0)
(27.966429, 22.744198, 0.0)
(27.963110, 22.827658, 0.0)
(27.951586, 22.837910, 0.0)
(28.092936, 22.487764, 0.0)
(28.181250, 21.700089, 0.0)
(28.175072, 21.701288, 0.0)
(28.105412, 21.771242, 0.0)
(28.133238, 21.735901, 0.0)
(28.114666, 21.799635, 0.0)
(28.130621, 21.825216, 0.0)
(28.128307, 21.853521, 0.0)
(28.111275, 21.914789, 0.0)
(28.070982, 21.920385, 0.0)
(28.074503, 21.946438, 0.0)
(28.074503, 21.946438, 0.0)
(27.880064, 22.145088, 0.0)
(27.834866, 22.240805, 0.0)
(27.831593, 22.237429, 0.0)
(27.848881, 22.247231, 0.0)
(27.867739, 22.248348, 0.0)
(27.894835, 22.227957, 0.0)
(27.902857, 22.232563, 0.0)
(27.913586, 22.247599, 0.0)
(27.902889, 22.228966, 0.0)
(27.880873, 22.246309, 0.0)
(27.914125, 22.230337, 0.0)
(27.902342, 22.236437, 0.0)
(27.910614, 22.294222, 0.0)
(27.942179, 22.335804, 0.0)
(27.972197, 22.359104, 0.0)
(27.967400, 22.339226, 0.0)
(27.959160, 22.342871, 0.0)
(27.972816, 22.315800, 0.0)
(27.967857, 22.325132, 0.0)
(27.960197, 22.322445, 0.0)
(29.031279, 21.841003, 0.0)
(34.382080, 19.045296, 0.0)
(38.309437, 17.955051, 0.0)
(39.058609, 18.182373, 0.0)
(39.006756, 18.255650, 0.0)
(38.901131, 18.266270, 0.0)
(38.864449, 18.287909, 0.0)
(38.893078, 18.247204, 0.0)
(38.907200, 18.202961, 0.0)
(38.924026, 18.205347, 0.0)
(38.915699, 18.202093, 0.0)
(39.099297, 18.273684, 0.0)
(39.307312, 18.354956, 0.0)
(39.315010, 18.349464, 0.0)
(39.306358, 18.293034, 0.0)
(39.322346, 18.302105, 0.0)
(39.297501, 18.334351, 0.0)
(39.241379, 18.093369, 0.0)
(39.304092, 17.925373, 0.0)
(39.228573, 17.846426, 0.0)
(39.251202, 17.954161, 0.0)
(39.308666, 17.985418, 0.0)
(39.276505, 17.977011, 0.0)
(39.250866, 18.029163, 0.0)
(39.248287, 18.062384, 0.0)
(39.229256, 18.092564, 0.0)
(39.222916, 18.132164, 0.0)
(39.238094, 18.120634, 0.0)
(39.228439, 18.125742, 0.0)
(39.231350, 18.135433, 0.0)
(39.234631, 18.163589, 0.0)
(39.228043, 18.167246, 0.0)
(39.215755, 18.156729, 0.0)
(39.215382, 18.145557, 0.0)
(38.597427, 18.135017, 0.0)
(32.692844, 17.921225, 0.0)
(28.975704, 18.475346, 0.0)
(27.912214, 18.693684, 0.0)
(27.984289, 18.586863, 0.0)
(28.107267, 18.516016, 0.0)
(28.139400, 18.511587, 0.0)
(28.180443, 18.486916, 0.0)
(28.164932, 18.487179, 0.0)
(28.167618, 18.441242, 0.0)
(28.158560, 18.398197, 0.0)
(28.152679, 18.387278, 0.0)
(28.099155, 18.446589, 0.0)
(27.781403, 18.297958, 0.0)
(27.780840, 18.275345, 0.0)
(27.816187, 18.288855, 0.0)
(27.857216, 18.276382, 0.0)
(27.861629, 18.268637, 0.0)
(27.867218, 18.256500, 0.0)
(27.864487, 18.300695, 0.0)
(27.853188, 18.362858, 0.0)
(27.857058, 18.381676, 0.0)
(27.846996, 18.394650, 0.0)
(27.879017, 18.438641, 0.0)
(27.858639, 18.415161, 0.0)
(27.857927, 18.418425, 0.0)
(27.847160, 18.411623, 0.0)
(27.843954, 18.406998, 0.0)
(27.853056, 18.409439, 0.0)
(27.863310, 18.407782, 0.0)
(27.841522, 18.445948, 0.0)
(27.852989, 18.456488, 0.0)
(27.858627, 18.468351, 0.0)
(27.868866, 18.467861, 0.0)
(27.865591, 18.472809, 0.0)
(27.848389, 18.470472, 0.0)
(27.837984, 18.485844, 0.0)
(28.111759, 18.458551, 0.0)
(32.904243, 19.329212, 0.0)
(40.858723, 22.412352, 0.0)
(42.757374, 24.573570, 0.0)
(43.554783, 26.647535, 0.0)
(43.611553, 27.327658, 0.0)
(43.546814, 27.244207, 0.0)
(43.535412, 27.151312, 0.0)
(43.560692, 27.096748, 0.0)
(43.574036, 27.112434, 0.0)
(43.566578, 27.134747, 0.0)
(43.574841, 27.164524, 0.0)
(43.582741, 27.155693, 0.0)
(43.577030, 27.147585, 0.0)
(43.603756, 27.111155, 0.0)
(43.600452, 27.099545, 0.0)
(43.556824, 27.087227, 0.0)
(43.583958, 27.097181, 0.0)
(43.609760, 27.073071, 0.0)
(43.592197, 27.083462, 0.0)
(43.601734, 27.083462, 0.0)
(43.595905, 27.090145, 0.0)
(43.576477, 27.085167, 0.0)
(43.588100, 27.038303, 0.0)
(43.590546, 27.020838, 0.0)
(43.590546, 27.028238, 0.0)
(43.591328, 27.034012, 0.0)
(43.579895, 27.027380, 0.0)
(43.558922, 27.014402, 0.0)
(43.572254, 27.015779, 0.0)
(43.572254, 27.015779, 0.0)
(43.569374, 26.994871, 0.0)
(43.587265, 26.978540, 0.0)
(43.549171, 26.962498, 0.0)
(43.504673, 26.941910, 0.0)
(43.508011, 26.925413, 0.0)
(43.480114, 26.901098, 0.0)
(42.674530, 26.100418, 0.0)
(41.434555, 23.569744, 0.0)
(41.476410, 23.608767, 0.0)
(41.508751, 23.640711, 0.0)
(41.512466, 23.640383, 0.0)
(41.518497, 23.665245, 0.0)
(41.520329, 23.702621, 0.0)
(41.515270, 23.747570, 0.0)
(41.902924, 24.302876, 0.0)
(41.933594, 24.338461, 0.0)
(41.925247, 24.301376, 0.0)
(41.929771, 24.300192, 0.0)
(41.957012, 24.265779, 0.0)
(41.963757, 24.272909, 0.0)
(41.935631, 24.314039, 0.0)
(41.922016, 24.341631, 0.0)
(41.967609, 24.273504, 0.0)
(41.967609, 24.273504, 0.0)
(41.983097, 24.328829, 0.0)
(41.978054, 24.352423, 0.0)
(41.970741, 24.380247, 0.0)
(41.937122, 24.362852, 0.0)
(41.935184, 24.360937, 0.0)
(41.926876, 24.298306, 0.0)
(41.926876, 24.298306, 0.0)
(41.941769, 24.325411, 0.0)
(41.933750, 24.371899, 0.0)
(41.950062, 24.403025, 0.0)
(41.920444, 24.396837, 0.0)
(41.919868, 24.342009, 0.0)
(41.925533, 24.326605, 0.0)
(41.922905, 24.312979, 0.0)
(41.898052, 24.353218, 0.0)
(41.862556, 24.338081, 0.0)
(41.234791, 24.095238, 0.0)
(36.923225, 23.464794, 0.0)
(33.930386, 23.109520, 0.0)
(30.522606, 24.219137, 0.0)
(29.524921, 24.688200, 0.0)
(29.447639, 24.642239, 0.0)
(29.471664, 24.592863, 0.0)
(29.460043, 24.583603, 0.0)
(30.252874, 23.725002, 0.0)
(32.763878, 20.208797, 0.0)
(32.624962, 20.110674, 0.0)
(32.560024, 20.221863, 0.0)
(32.507839, 20.177807, 0.0)
(32.509991, 20.163517, 0.0)
(32.467052, 20.107149, 0.0)
(32.390358, 20.214624, 0.0)
(32.573841, 20.119928, 0.0)
(32.553589, 19.502958, 0.0)
(32.596283, 19.456619, 0.0)
(32.616570, 19.492773, 0.0)
(32.630024, 19.458765, 0.0)
(32.623833, 19.471340, 0.0)
(32.618576, 19.475334, 0.0)
(32.618420, 19.527435, 0.0)
(32.626755, 19.535055, 0.0)
(32.552696, 19.712944, 0.0)
(32.355686, 18.980309, 0.0)
(32.317822, 18.633253, 0.0)
(32.273708, 18.630354, 0.0)
(32.296581, 18.703102, 0.0)
(32.304749, 18.647087, 0.0)
(32.301582, 18.673115, 0.0)
(32.289745, 18.710554, 0.0)
(32.315147, 18.723404, 0.0)
(32.325111, 18.751154, 0.0)
(32.333008, 18.747169, 0.0)
(31.783487, 19.302801, 0.0)
(29.204287, 23.142666, 0.0)
(28.945145, 24.467890, 0.0)
(28.923613, 24.447311, 0.0)
(28.931358, 24.347620, 0.0)
(28.920626, 24.310316, 0.0)
(28.888458, 24.269430, 0.0)
(28.354328, 24.620758, 0.0)
(28.314865, 24.666082, 0.0)
(28.320353, 24.653357, 0.0)
(28.291687, 24.663366, 0.0)
(28.308113, 24.617325, 0.0)
(28.328251, 24.579527, 0.0)
(28.307823, 24.606386, 0.0)
(28.311245, 24.625385, 0.0)
(28.292324, 24.645750, 0.0)
(28.287262, 24.624084, 0.0)
(28.287855, 24.604639, 0.0)
(28.289293, 24.586329, 0.0)
(28.289827, 24.594574, 0.0)
(28.272346, 24.625101, 0.0)
(28.292610, 24.644306, 0.0)
(28.304892, 24.658430, 0.0)
(28.294626, 24.667656, 0.0)
(28.297035, 24.669771, 0.0)
(28.290081, 24.656979, 0.0)
(28.278381, 24.647385, 0.0)
(28.247892, 24.640577, 0.0)
(28.252945, 24.610941, 0.0)
(28.270596, 24.618025, 0.0)
(28.260006, 24.621481, 0.0)
(28.251879, 24.625557, 0.0)
(28.279593, 24.606461, 0.0)
(28.285055, 24.592720, 0.0)
(28.259811, 24.584507, 0.0)
(28.262976, 24.539890, 0.0)
(28.430712, 24.516306, 0.0)
(31.411938, 24.471918, 0.0)
(0.000000, 0.000000, 1.0)
(36.921001, 23.424999, 0.0)
(37.329426, 22.207962, 0.0)
(37.573368, 21.395304, 0.0)
(37.620689, 21.273741, 0.0)
(37.629017, 21.281826, 0.0)
(37.591606, 21.287445, 0.0)
(37.585037, 21.217916, 0.0)
(37.778988, 21.083860, 0.0)
(37.787510, 21.062168, 0.0)
(37.799469, 21.079830, 0.0)
(37.805389, 21.081995, 0.0)
(37.828594, 21.064184, 0.0)
(37.835533, 21.048599, 0.0)
(37.820148, 21.030725, 0.0)
(37.865459, 21.019041, 0.0)
(37.875950, 20.998510, 0.0)
(37.876389, 21.010834, 0.0)
(37.884171, 21.008663, 0.0)
(37.882137, 21.027304, 0.0)
(37.879780, 21.022808, 0.0)
(37.885754, 21.004251, 0.0)
(37.885597, 20.994431, 0.0)
(37.898617, 20.969208, 0.0)
(37.869560, 20.977230, 0.0)
(37.871422, 21.007130, 0.0)
(37.871769, 20.982635, 0.0)
(37.856190, 20.954741, 0.0)
(37.863472, 20.986660, 0.0)
(37.866108, 21.000652, 0.0)
(37.873600, 21.009584, 0.0)
(37.861603, 20.997704, 0.0)
(37.860924, 20.973928, 0.0)
(37.857143, 20.970541, 0.0)
(37.846973, 20.978804, 0.0)
(37.843605, 21.008171, 0.0)
(37.805267, 21.009104, 0.0)
(36.541924, 20.561024, 0.0)
(33.622810, 18.456947, 0.0)
(32.792076, 17.479595, 0.0)
(32.592312, 17.100227, 0.0)
(32.497379, 17.096016, 0.0)
(32.290001, 17.130211, 0.0)
(32.186726, 17.150274, 0.0)
(32.188873, 17.138462, 0.0)
(32.191349, 17.091726, 0.0)
(32.299953, 17.022453, 0.0)
(32.369297, 16.941730, 0.0)
(32.375374, 16.948935, 0.0)
(32.390026, 16.911003, 0.0)
(32.135548, 16.933353, 0.0)
(32.127800, 16.911514, 0.0)
(32.129635, 16.934149, 0.0)
(32.127541, 16.954044, 0.0)
(32.138123, 16.961504, 0.0)
(32.130135, 16.975357, 0.0)
(32.121670, 16.983521, 0.0)
(32.136143, 16.981312, 0.0)
(32.157227, 16.994686, 0.0)
(32.138935, 16.976337, 0.0)
(32.151676, 16.978598, 0.0)
(31.874235, 17.169367, 0.0)
(31.805040, 17.233427, 0.0)
(31.810654, 17.232887, 0.0)
(31.809101, 17.242340, 0.0)
(31.422438, 17.522636, 0.0)
(31.251539, 17.742432, 0.0)
(31.263426, 17.726503, 0.0)
(31.228859, 17.685396, 0.0)
(31.231237, 17.672970, 0.0)
(31.220583, 17.679155, 0.0)
(31.224985, 17.690638, 0.0)
(31.211163, 17.718424, 0.0)
(31.192667, 17.710836, 0.0)
(31.197781, 17.713610, 0.0)
(28.257244, 20.798452, 0.0)
(25.914152, 23.749876, 0.0)
(25.657875, 24.052805, 0.0)
(25.657398, 23.948633, 0.0)
(25.647703, 23.875303, 0.0)
(25.236479, 24.393236, 0.0)
(24.933069, 24.853846, 0.0)
(24.935574, 24.824451, 0.0)
(24.944807, 24.777155, 0.0)
(24.923534, 24.775488, 0.0)
(24.919407, 24.777414, 0.0)
(24.903030, 24.758772, 0.0)
(24.883963, 24.732969, 0.0)
(24.894300, 24.647993, 0.0)
(25.131697, 25.114643, 0.0)
(26.701899, 25.324032, 0.0)
(27.141350, 24.588884, 0.0)
(27.499765, 24.153015, 0.0)
(27.552505, 24.110165, 0.0)
(28.340397, 23.967493, 0.0)
(28.701483, 23.975456, 0.0)
(28.878075, 24.020037, 0.0)
(29.191614, 23.973515, 0.0)
(29.384802, 23.987831, 0.0)
(30.038759, 23.965380, 0.0)
(30.297441, 23.961449, 0.0)
(30.366640, 23.928101, 0.0)
(30.248480, 24.099348, 0.0)
(30.249149, 24.143883, 0.0)
(30.788923, 24.355419, 0.0)
(32.312729, 25.969517, 0.0)
(33.380920, 28.037649, 0.0)
(33.467293, 28.258526, 0.0)
(33.433002, 28.291698, 0.0)
(33.485916, 28.566116, 0.0)
(33.504635, 28.776596, 0.0)
(33.549049, 28.957539, 0.0)
(33.556690, 28.949501, 0.0)
(33.531910, 29.129725, 0.0)
(33.498344, 29.227423, 0.0)
(33.455578, 29.120445, 0.0)
(33.606159, 28.891659, 0.0)
(33.628647, 28.776447, 0.0)
(33.623257, 28.627602, 0.0)
(33.579700, 28.575422, 0.0)
(33.581520, 28.585859, 0.0)
(33.597767, 28.622599, 0.0)
(33.588997, 28.658388, 0.0)
(33.593330, 28.665201, 0.0)
(33.608715, 28.632149, 0.0)
(33.617287, 28.570740, 0.0)
(33.591694, 28.517002, 0.0)
(33.971733, 26.935186, 0.0)
(34.322922, 24.025667, 0.0)
(34.207466, 23.147049, 0.0)
(34.139175, 22.996527, 0.0)
(34.097260, 22.965137, 0.0)
(34.104336, 22.930113, 0.0)
(34.111736, 22.910402, 0.0)
(34.123260, 22.905886, 0.0)
(34.117039, 22.886154, 0.0)
(34.309994, 22.692440, 0.0)
(35.018337, 21.875061, 0.0)
(35.051903, 21.844959, 0.0)
(35.032108, 21.882004, 0.0)
(35.367451, 21.665636, 0.0)
(35.473949, 21.664972, 0.0)
(35.438347, 21.702681, 0.0)
(35.510174, 21.767185, 0.0)
(35.836258, 22.153486, 0.0)
(35.878975, 22.296564, 0.0)
(35.865761, 22.221310, 0.0)
(35.651264, 22.443333, 0.0)
(35.608856, 22.445652, 0.0)
(35.608028, 22.359337, 0.0)
(35.599262, 22.333355, 0.0)
(35.690315, 22.933161, 0.0)
(35.676365, 23.092609, 0.0)
(35.667816, 23.037104, 0.0)
(35.664017, 22.979708, 0.0)
(35.654518, 22.953083, 0.0)
(35.635990, 23.150955, 0.0)
(35.625282, 23.176512, 0.0)
(35.600517, 23.176975, 0.0)
(35.569595, 23.204607, 0.0)
(35.560265, 23.227468, 0.0)
(35.559059, 23.264280, 0.0)
(35.552120, 23.257360, 0.0)
(35.522610, 23.244457, 0.0)
(35.531918, 23.241318, 0.0)
(35.556599, 23.217308, 0.0)
(35.558201, 23.215122, 0.0)
(35.513729, 23.242039, 0.0)
(35.504471, 23.247288, 0.0)
(35.528866, 23.195366, 0.0)
(35.531536, 23.187561, 0.0)
(35.545818, 23.214661, 0.0)
(35.553642, 23.212872, 0.0)
(35.568336, 23.198166, 0.0)
(35.581303, 23.180267, 0.0)
(35.581070, 23.179768, 0.0)
(35.614559, 23.173626, 0.0)
(35.588692, 23.177645, 0.0)
(35.571655, 23.185411, 0.0)
(33.265125, 23.111076, 0.0)
(28.426388, 22.750130, 0.0)
(26.746063, 22.691204, 0.0)
(26.563387, 22.680849, 0.0)
(26.629673, 22.680840, 0.0)
(26.647982, 22.669079, 0.0)
(26.626207, 22.641253, 0.0)
(26.601942, 22.648487, 0.0)
(26.260931, 22.772535, 0.0)
(26.296562, 22.702431, 0.0)
(26.292131, 22.698744, 0.0)
(26.296158, 22.728506, 0.0)
(26.302399, 22.733500, 0.0)
(26.324327, 22.702923, 0.0)
(26.326050, 22.696686, 0.0)
(26.316896, 22.681608, 0.0)
(26.311077, 22.699598, 0.0)
(26.311266, 22.767941, 0.0)
(26.316378, 22.802559, 0.0)
(26.308399, 22.827366, 0.0)
(26.312237, 22.830116, 0.0)
(26.345665, 22.827179, 0.0)
(26.338821, 22.847828, 0.0)
(26.344742, 22.852526, 0.0)
(26.378853, 22.867985, 0.0)
(26.366985, 22.852713, 0.0)
(26.343260, 22.864697, 0.0)
(26.320766, 22.875774, 0.0)
(26.326759, 22.838915, 0.0)
(26.333527, 22.836058, 0.0)
(26.321087, 22.850021, 0.0)
(26.326677, 22.852083, 0.0)
(26.329622, 22.854906, 0.0)
(26.317545, 22.848061, 0.0)
(26.303146, 22.850428, 0.0)
(26.319063, 22.843586, 0.0)
(26.325024, 22.852755, 0.0)
(26.328289, 22.873018, 0.0)
(26.337063, 22.901485, 0.0)
(28.215424, 20.772608, 0.0)
(31.147112, 18.115538, 0.0)
(34.598148, 16.393255, 0.0)
(37.247612, 16.476189, 0.0)
(38.436993, 17.106081, 0.0)
(38.524071, 17.304083, 0.0)
(38.420254, 17.290359, 0.0)
(38.399521, 17.279179, 0.0)
(38.979977, 17.516611, 0.0)
(39.215900, 17.550274, 0.0)
(39.218300, 17.534042, 0.0)
(39.174263, 17.510811, 0.0)
(39.167721, 17.476439, 0.0)
(39.162910, 17.498022, 0.0)
(39.170712, 17.491795, 0.0)
(39.160679, 17.441528, 0.0)
(39.161442, 17.422222, 0.0)
(39.151638, 17.419411, 0.0)
(39.144016, 17.421377, 0.0)
(39.141491, 17.418655, 0.0)
(39.121162, 17.408314, 0.0)
(39.120480, 17.402111, 0.0)
(39.112854, 17.371954, 0.0)
(39.105972, 17.347008, 0.0)
(39.108574, 17.353537, 0.0)
(39.097443, 17.359468, 0.0)
(39.082420, 17.370714, 0.0)
(39.093178, 17.356922, 0.0)
(39.086288, 17.317238, 0.0)
(39.078323, 17.313446, 0.0)
(39.059261, 17.319036, 0.0)
(39.054527, 17.305174, 0.0)
(39.046936, 17.251692, 0.0)
(39.046936, 17.251692, 0.0)
(39.044468, 17.270983, 0.0)
(39.047306, 17.283428, 0.0)
(37.276867, 18.024500, 0.0)
(33.977356, 19.478975, 0.0)
(32.353912, 20.544247, 0.0)
(31.989044, 20.776413, 0.0)
(32.012802, 20.728027, 0.0)
(32.003799, 20.725395, 0.0)
(31.990465, 20.718372, 0.0)
(30.779364, 22.515589, 0.0)
(30.636990, 22.649834, 0.0)
(30.672741, 22.536526, 0.0)
(30.665892, 22.517197, 0.0)
(30.678988, 22.482704, 0.0)
(30.690531, 22.477713, 0.0)
(30.514345, 22.478695, 0.0)
(30.594505, 24.266588, 0.0)
(30.693037, 22.853266, 0.0)
(30.672998, 22.132235, 0.0)
(30.674597, 22.104544, 0.0)
(30.677809, 22.192827, 0.0)
(30.672037, 22.222382, 0.0)
(30.686653, 22.229315, 0.0)
(30.706760, 22.217459, 0.0)
(30.733305, 22.187166, 0.0)
(30.734396, 22.212790, 0.0)
(30.744543, 22.253674, 0.0)
(30.743900, 22.282104, 0.0)
(30.755339, 22.292793, 0.0)
(30.752413, 22.281111, 0.0)
(30.760008, 22.276922, 0.0)
(30.754478, 22.306086, 0.0)
(30.756374, 22.322931, 0.0)
(30.758051, 22.312752, 0.0)
(30.761597, 22.335293, 0.0)
(30.772600, 22.331568, 0.0)
(30.759413, 22.339546, 0.0)
(32.858486, 21.529215, 0.0)
(37.579918, 19.808794, 0.0)
(39.349369, 19.410990, 0.0)
(39.299156, 19.552507, 0.0)
(39.195061, 19.649069, 0.0)
(39.196926, 19.679312, 0.0)
(39.658287, 19.519476, 0.0)
(39.737183, 19.439556, 0.0)
(39.732712, 19.441353, 0.0)
(39.691570, 19.433823, 0.0)
(39.730415, 19.450489, 0.0)
(39.723190, 19.436781, 0.0)
(39.717617, 19.418411, 0.0)
(39.747501, 19.414227, 0.0)
(39.747093, 19.375299, 0.0)
(39.637829, 19.204655, 0.0)
(40.054337, 19.167353, 0.0)
(39.659504, 18.625820, 0.0)
(39.628532, 18.697954, 0.0)
(39.608910, 18.756168, 0.0)
(39.623798, 18.744776, 0.0)
(39.618145, 18.763588, 0.0)
(39.715939, 18.829456, 0.0)
(39.750366, 18.875710, 0.0)
(39.731716, 18.893440, 0.0)
(39.687073, 18.879210, 0.0)
(39.595924, 18.865446, 0.0)
(39.614399, 18.855286, 0.0)
(39.624092, 18.849628, 0.0)
(39.625977, 18.863371, 0.0)
(39.626999, 18.874508, 0.0)
(39.611233, 18.849525, 0.0)
(39.614773, 18.841583, 0.0)
(39.604107, 18.848946, 0.0)
(39.589291, 18.848722, 0.0)
(39.589291, 18.848722, 0.0)
(39.676300, 19.069263, 0.0)
(41.639599, 23.536432, 0.0)
(42.278965, 26.204681, 0.0)
(42.266590, 26.213079, 0.0)
(42.260536, 25.970840, 0.0)
(42.255238, 25.935831, 0.0)
(42.246445, 25.913824, 0.0)
(42.229675, 25.915203, 0.0)
(42.254528, 25.918419, 0.0)
(42.259708, 25.863958, 0.0)
(42.193752, 26.342268, 0.0)
(42.160244, 26.481565, 0.0)
(42.145168, 26.456995, 0.0)
(42.154022, 26.497786, 0.0)
(42.135876, 26.444756, 0.0)
(42.135815, 26.430920, 0.0)
(42.221821, 26.448614, 0.0)
(42.239494, 26.483328, 0.0)
(42.227169, 26.505384, 0.0)
(42.231033, 26.498730, 0.0)
(42.211086, 26.510731, 0.0)
(42.206036, 26.522699, 0.0)
(42.175369, 26.511253, 0.0)
(42.174248, 26.497498, 0.0)
(42.158180, 26.454906, 0.0)
(42.155518, 26.479120, 0.0)
(42.153137, 26.509586, 0.0)
(42.142582, 26.524712, 0.0)
(42.129887, 26.531040, 0.0)
(42.136036, 26.517941, 0.0)
(42.135983, 26.504490, 0.0)
(42.139027, 26.494879, 0.0)
(42.131092, 26.503862, 0.0)
(42.128284, 26.531893, 0.0)
(42.127949, 26.563871, 0.0)
(42.133606, 26.525761, 0.0)
(42.133831, 26.461367, 0.0)
(42.102089, 25.773434, 0.0)
(41.996620, 22.289562, 0.0)
(41.755695, 19.737137, 0.0)
(41.391613, 18.505596, 0.0)
(41.222805, 18.519629, 0.0)
(41.166763, 18.641130, 0.0)
(41.155594, 18.629848, 0.0)
(41.164711, 18.614853, 0.0)
(41.147388, 18.578838, 0.0)
(41.179794, 18.602917, 0.0)
(41.218861, 18.567238, 0.0)
(41.234615, 18.541250, 0.0)
(41.192001, 18.534706, 0.0)
(41.201904, 18.487679, 0.0)
(41.214691, 18.490265, 0.0)
(41.228722, 18.513180, 0.0)
(41.206375, 18.504221, 0.0)
(41.220234, 18.500404, 0.0)
(41.216328, 18.512650, 0.0)
(41.206615, 18.517349, 0.0)
(41.197788, 18.507950, 0.0)
(41.208668, 18.519869, 0.0)
(41.206375, 18.512991, 0.0)
(41.213631, 18.552771, 0.0)
(41.167133, 18.566002, 0.0)
(41.134918, 18.533840, 0.0)
(41.132694, 18.548639, 0.0)
(41.131031, 18.570642, 0.0)
(41.120838, 18.581419, 0.0)
(41.114212, 18.575066, 0.0)
(41.141239, 18.575268, 0.0)
(41.121708, 18.567631, 0.0)
(41.122421, 18.538813, 0.0)
(41.123066, 18.538143, 0.0)
(41.116325, 18.557152, 0.0)
(41.104309, 18.577524, 0.0)
(41.092098, 18.595850, 0.0)
(41.064720, 18.567753, 0.0)
(39.886711, 19.618326, 0.0)
(38.405750, 21.614780, 0.0)
(37.125183, 23.414082, 0.0)
(36.345474, 24.229649, 0.0)
(36.126900, 24.299463, 0.0)
(36.107052, 24.184259, 0.0)
(36.090298, 24.147762, 0.0)
(36.083553, 24.109791, 0.0)
(35.833992, 24.597340, 0.0)
(35.794220, 24.642052, 0.0)
(35.821224, 24.635479, 0.0)
(35.803162, 24.682133, 0.0)
(35.774364, 24.634125, 0.0)
(35.782387, 24.601622, 0.0)
(35.787331, 24.561462, 0.0)
(35.798969, 24.519894, 0.0)
(35.742363, 25.182817, 0.0)
(35.688251, 26.179710, 0.0)
(35.625221, 25.122398, 0.0)
(35.575890, 24.564688, 0.0)
(35.588440, 24.461716, 0.0)
(35.575607, 24.466892, 0.0)
(35.558430, 24.493168, 0.0)
(35.555126, 24.497150, 0.0)
(35.577168, 24.488501, 0.0)
(35.585949, 24.492167, 0.0)
(35.565376, 24.530533, 0.0)
(35.570068, 24.543894, 0.0)
(35.592751, 24.576773, 0.0)
(35.608658, 24.543257, 0.0)
(35.615246, 24.549610, 0.0)
(35.610058, 24.532282, 0.0)
(35.610600, 24.536776, 0.0)
(35.623001, 24.563957, 0.0)
(35.611176, 24.569105, 0.0)
(35.608353, 24.614515, 0.0)
(35.625820, 24.776520, 0.0)
(36.273869, 26.965897, 0.0)
(36.271923, 27.849251, 0.0)
(36.247662, 27.842581, 0.0)
(36.228516, 27.759338, 0.0)
(36.203663, 27.744619, 0.0)
(36.187302, 27.779701, 0.0)
(36.176895, 27.821825, 0.0)
(36.169975, 27.807346, 0.0)
(36.167240, 27.821732, 0.0)
(36.164551, 27.839170, 0.0)
(36.155392, 27.853361, 0.0)
(36.157368, 27.835089, 0.0)
(36.130882, 27.833485, 0.0)
(36.148937, 27.816502, 0.0)
(36.141964, 27.805023, 0.0)
(36.146557, 27.812298, 0.0)
(36.143650, 27.823833, 0.0)
(36.149612, 27.819351, 0.0)
(36.152794, 27.815672, 0.0)
(36.147293, 27.820919, 0.0)
(36.151791, 27.817131, 0.0)
(36.151623, 27.796450, 0.0)
(36.151073, 27.760717, 0.0)
(36.131691, 27.763954, 0.0)
(36.123547, 27.766035, 0.0)
(36.126499, 27.779585, 0.0)
(36.133781, 27.792168, 0.0)
(36.117222, 27.797611, 0.0)
(36.148796, 27.800493, 0.0)
(36.125404, 27.788584, 0.0)
(36.122520, 27.751545, 0.0)
(36.090946, 27.739269, 0.0)
(36.093075, 27.750294, 0.0)
(36.228245, 27.526323, 0.0)
(36.296768, 27.369122, 0.0)
(36.181248, 27.275728, 0.0)
(32.328415, 26.366243, 0.0)
(28.722363, 26.840137, 0.0)
(27.644390, 27.071075, 0.0)
(27.257233, 27.113205, 0.0)
(27.258753, 27.090582, 0.0)
(27.244837, 27.105425, 0.0)
(26.874870, 27.363806, 0.0)
(26.804441, 27.344261, 0.0)
(26.807446, 27.248825, 0.0)
(26.817459, 27.238054, 0.0)
(26.834999, 27.250854, 0.0)
(26.836245, 27.190928, 0.0)
(26.849588, 27.151779, 0.0)
(26.845995, 27.154770, 0.0)
(26.881741, 27.095385, 0.0)
(26.874655, 27.101055, 0.0)
(26.867887, 27.107693, 0.0)
(26.888250, 27.091074, 0.0)
(26.882092, 27.079916, 0.0)
(26.902275, 27.124447, 0.0)
(26.913157, 27.142784, 0.0)
(26.917244, 27.124052, 0.0)
(26.918896, 27.105284, 0.0)
(26.915051, 27.123999, 0.0)
(26.908791, 27.138990, 0.0)
(26.920773, 27.135231, 0.0)
(26.927473, 27.110159, 0.0)
(26.916222, 27.104687, 0.0)
(26.924301, 27.112617, 0.0)
(26.934309, 27.109074, 0.0)
(26.946869, 27.109810, 0.0)
(26.971563, 27.095732, 0.0)
(26.964108, 27.087301, 0.0)
(26.964376, 27.096811, 0.0)
(26.966684, 27.111717, 0.0)
(26.968302, 27.136129, 0.0)
(26.961752, 27.170862, 0.0)
(27.874300, 26.099895, 0.0)
(30.056395, 22.557438, 0.0)
(31.045977, 20.778225, 0.0)
(30.965004, 20.893513, 0.0)
(30.893463, 21.004711, 0.0)
(30.874018, 21.043350, 0.0)
(30.823418, 21.061268, 0.0)
(30.808016, 21.058371, 0.0)
(30.843582, 21.009447, 0.0)
(30.850504, 20.996174, 0.0)
(30.831812, 21.048882, 0.0)
(30.833641, 21.059353, 0.0)
(30.834305, 21.051010, 0.0)
(30.808449, 21.033880, 0.0)
(30.606125, 21.909286, 0.0)
(30.532530, 22.177414, 0.0)
(30.538559, 21.151970, 0.0)
(30.591673, 21.140858, 0.0)
(30.581793, 21.220434, 0.0)
(30.589878, 21.250656, 0.0)
(30.590498, 21.300808, 0.0)
(30.588934, 21.305819, 0.0)
(30.595358, 21.292669, 0.0)
(30.613247, 21.269737, 0.0)
(30.577423, 21.271738, 0.0)
(30.557980, 21.302187, 0.0)
(30.510201, 21.333334, 0.0)
(30.498829, 22.282518, 0.0)
(30.405294, 22.163166, 0.0)
(30.458485, 21.249239, 0.0)
(30.481550, 20.991709, 0.0)
(30.516033, 21.013124, 0.0)
(30.517076, 21.013849, 0.0)
(30.497766, 21.043610, 0.0)
(30.483986, 21.050354, 0.0)
(30.482637, 21.044926, 0.0)
(32.027035, 21.981539, 0.0)
(35.919662, 26.151741, 0.0)
(37.149212, 28.022896, 0.0)
(37.171200, 27.946058, 0.0)
(37.087193, 27.679468, 0.0)
(37.015667, 27.638626, 0.0)
(37.822346, 28.350250, 0.0)
(38.424194, 29.007568, 0.0)
(38.392986, 29.057545, 0.0)
(38.357063, 29.019217, 0.0)
(38.340984, 28.973772, 0.0)
(38.364960, 28.923521, 0.0)
(38.596939, 28.913923, 0.0)
(38.648983, 29.012102, 0.0)
(38.621277, 29.049019, 0.0)
(38.601650, 29.060099, 0.0)
(38.593323, 29.067707, 0.0)
(38.574745, 29.102474, 0.0)
(38.624332, 29.116280, 0.0)
(38.619892, 29.149269, 0.0)
(38.616421, 29.183954, 0.0)
(38.639668, 29.223568, 0.0)
(38.610088, 29.295515, 0.0)
(38.620132, 29.327431, 0.0)
(38.639011, 29.349445, 0.0)
(38.641026, 29.350971, 0.0)
(38.639126, 29.348825, 0.0)
(38.646900, 29.317238, 0.0)
(38.647938, 29.262690, 0.0)
(38.639328, 29.258926, 0.0)
(38.702751, 28.799129, 0.0)
(38.728775, 26.011742, 0.0)
(38.459812, 23.340595, 0.0)
(38.176018, 21.577847, 0.0)
(37.838654, 20.818323, 0.0)
(37.716129, 20.513098, 0.0)
(37.643162, 20.539471, 0.0)
(37.654129, 20.552208, 0.0)
(37.628582, 20.584410, 0.0)
(37.604271, 20.603825, 0.0)
(36.514866, 20.176571, 0.0)
(33.103962, 19.549194, 0.0)
(31.635710, 19.655216, 0.0)
(31.623339, 19.658909, 0.0)
(31.654978, 19.693926, 0.0)
(31.683355, 19.668388, 0.0)
(31.725061, 19.669003, 0.0)
(31.441046, 20.146975, 0.0)
(30.501118, 22.986700, 0.0)
(30.411570, 24.091305, 0.0)
(30.375643, 23.994904, 0.0)
(30.301672, 23.944927, 0.0)
(30.284435, 23.896109, 0.0)
(30.408031, 24.460243, 0.0)
(31.103313, 27.097227, 0.0)
(31.349176, 27.887062, 0.0)
(31.282656, 27.773020, 0.0)
(31.230371, 27.697565, 0.0)
(31.193941, 27.659397, 0.0)
(31.160120, 27.627710, 0.0)
(31.143684, 27.619514, 0.0)
(31.154202, 27.606989, 0.0)
(31.157713, 27.629478, 0.0)
(31.145100, 27.645475, 0.0)
(31.138950, 27.652426, 0.0)
(31.143660, 27.666620, 0.0)
(31.165018, 27.683268, 0.0)
(31.150702, 27.675825, 0.0)
(31.168442, 27.633469, 0.0)
(31.164808, 27.638411, 0.0)
(31.167629, 27.645624, 0.0)
(31.161663, 27.626402, 0.0)
(31.152050, 27.625053, 0.0)
(31.126953, 27.644909, 0.0)
(31.102900, 27.570309, 0.0)
(31.285421, 27.314524, 0.0)
(34.877193, 23.816679, 0.0)
(38.390293, 21.111513, 0.0)
(41.221779, 20.601295, 0.0)
(42.869495, 21.228308, 0.0)
(43.094292, 21.040255, 0.0)
(42.979267, 20.709688, 0.0)
(43.371773, 20.644949, 0.0)
(44.260784, 21.121668, 0.0)
(44.363800, 21.280575, 0.0)
(44.337070, 21.282288, 0.0)
(44.338211, 21.313620, 0.0)
(44.330860, 21.284683, 0.0)
(44.323647, 21.279070, 0.0)
(44.317299, 21.255413, 0.0)
(44.335659, 21.262033, 0.0)
(44.343014, 21.235838, 0.0)
(44.334267, 21.141817, 0.0)
(44.263844, 21.184759, 0.0)
(44.224121, 21.153666, 0.0)
(44.230564, 21.101366, 0.0)
(44.323540, 21.301161, 0.0)
(44.295063, 21.323923, 0.0)
(44.291412, 21.326126, 0.0)
(44.275543, 21.353157, 0.0)
(44.269886, 21.341373, 0.0)
(44.292095, 21.337189, 0.0)
(44.305294, 21.333515, 0.0)
(44.288193, 21.315933, 0.0)
(44.276066, 21.315060, 0.0)
(44.277252, 21.332607, 0.0)
(44.267841, 21.329884, 0.0)
(44.268391, 21.332430, 0.0)
(44.248745, 21.303940, 0.0)
(44.234634, 21.287146, 0.0)
(44.228779, 21.258299, 0.0)
(44.225903, 21.251102, 0.0)
(44.116013, 21.202847, 0.0)
(40.127289, 18.788149, 0.0)
(37.805527, 17.733589, 0.0)
(37.897392, 17.750622, 0.0)
(38.027554, 17.771782, 0.0)
(38.031765, 17.784725, 0.0)
(37.669254, 17.446924, 0.0)
(36.956123, 17.583815, 0.0)
(36.679527, 16.968632, 0.0)
(36.668415, 16.996721, 0.0)
(36.716232, 17.119694, 0.0)
(36.723469, 17.158895, 0.0)
(36.738514, 17.204412, 0.0)
(36.740768, 17.209631, 0.0)
(36.737782, 17.229370, 0.0)
(37.040379, 17.382767, 0.0)
(37.046040, 17.410147, 0.0)
(37.018181, 17.442488, 0.0)
(37.016945, 17.482803, 0.0)
(37.036419, 17.514078, 0.0)
(37.065975, 17.482864, 0.0)
(37.064335, 17.465370, 0.0)
(37.075676, 17.488214, 0.0)
(37.074776, 17.487965, 0.0)
(37.097061, 17.509151, 0.0)
(37.115299, 17.483030, 0.0)
(37.118591, 17.469891, 0.0)
(37.125580, 17.459442, 0.0)
(37.124596, 17.479792, 0.0)
(37.126751, 17.471188, 0.0)
(37.118492, 17.488873, 0.0)
(37.115753, 17.502535, 0.0)
(37.127357, 17.493933, 0.0)
(37.122494, 17.492012, 0.0)
(37.113205, 17.492336, 0.0)
(37.110916, 17.488976, 0.0)
(37.110085, 17.531370, 0.0)
(38.309444, 18.761076, 0.0)
(43.273956, 26.037973, 0.0)
(43.499279, 26.433655, 0.0)
(43.523148, 27.146141, 0.0)
(43.348484, 27.263601, 0.0)
(43.313000, 27.147192, 0.0)
(43.364788, 27.099377, 0.0)
(43.585545, 27.492203, 0.0)
(43.635429, 27.702253, 0.0)
(43.632004, 27.690235, 0.0)
(43.620575, 27.667774, 0.0)
(43.614052, 27.670612, 0.0)
(43.617596, 27.677240, 0.0)
(43.622349, 27.672380, 0.0)
(43.627415, 27.702131, 0.0)
(43.634312, 27.711901, 0.0)
(43.607296, 27.730516, 0.0)
(43.580296, 27.736168, 0.0)
(43.586544, 27.711802, 0.0)
(43.579132, 27.702276, 0.0)
(43.570938, 27.717077, 0.0)
(43.566494, 27.700024, 0.0)
(43.571133, 27.724716, 0.0)
(43.562885, 27.671892, 0.0)
(43.576893, 27.664478, 0.0)
(43.574158, 27.621811, 0.0)
(43.597717, 27.617535, 0.0)
(43.610981, 27.601923, 0.0)
(43.581066, 26.878752, 0.0)
(43.558018, 24.990551, 0.0)
(43.301949, 22.827810, 0.0)
(42.948513, 21.132145, 0.0)
(42.742432, 20.895540, 0.0)
(42.685688, 20.988161, 0.0)
(42.690762, 21.089840, 0.0)
(42.640392, 21.123678, 0.0)
(41.745178, 21.206863, 0.0)
(37.608864, 23.443125, 0.0)
(35.338608, 25.926428, 0.0)
(34.872574, 26.077295, 0.0)
(34.888283, 25.938421, 0.0)
(34.870712, 25.865314, 0.0)
(33.887386, 26.009502, 0.0)
(33.374641, 26.065660, 0.0)
(33.375286, 26.048733, 0.0)
(33.384750, 26.083878, 0.0)
(33.370594, 26.084959, 0.0)
(33.374893, 26.099302, 0.0)
(33.367393, 26.093632, 0.0)
(33.359104, 26.107372, 0.0)
(33.369678, 26.135416, 0.0)
(33.380062, 26.125555, 0.0)
(33.386948, 26.120722, 0.0)
(33.383770, 26.088800, 0.0)
(33.368134, 26.116344, 0.0)
(33.363243, 26.114790, 0.0)
(33.384907, 26.083393, 0.0)
(33.386959, 26.079639, 0.0)
(33.370388, 26.092596, 0.0)
(33.369995, 26.100935, 0.0)
(33.367317, 26.104084, 0.0)
(33.369343, 26.083780, 0.0)
(33.383419, 26.052044, 0.0)
(33.386642, 26.034758, 0.0)
(33.389633, 26.045124, 0.0)
(33.377621, 26.065178, 0.0)
(33.370140, 26.061045, 0.0)
(33.381496, 26.062624, 0.0)
(33.377426, 26.054630, 0.0)
(33.382481, 26.050911, 0.0)
(33.358170, 26.010439, 0.0)
(33.355972, 26.016653, 0.0)
(33.791229, 26.128597, 0.0)
(34.891735, 17.624674, 0.0)
(35.215935, 17.546383, 0.0)
(35.272934, 17.787966, 0.0)
(35.246323, 17.857956, 0.0)
(35.235001, 17.899971, 0.0)
(35.258282, 17.916904, 0.0)
(35.245892, 17.906601, 0.0)
(35.259781, 17.958529, 0.0)
(35.317009, 17.905964, 0.0)
(35.324505, 17.928020, 0.0)
(34.998825, 18.310793, 0.0)
(34.922722, 18.243042, 0.0)
(33.726517, 17.602177, 0.0)
(33.868614, 17.665361, 0.0)
(33.869503, 17.896296, 0.0)
(33.839817, 17.921114, 0.0)
(34.156761, 18.001722, 0.0)
(34.513168, 18.082235, 0.0)
(34.498337, 18.120100, 0.0)
(34.496937, 18.155102, 0.0)
(34.495934, 18.191708, 0.0)
(34.486362, 18.145613, 0.0)
(34.477898, 18.121344, 0.0)
(34.501801, 18.114605, 0.0)
(34.515675, 18.079842, 0.0)
(34.505737, 18.086798, 0.0)
(34.516319, 18.105562, 0.0)
(34.526749, 18.105614, 0.0)
(33.552811, 18.399153, 0.0)
(28.588772, 18.885164, 0.0)
(26.977936, 19.387924, 0.0)
(26.950777, 19.357777, 0.0)
(26.992453, 19.384884, 0.0)
(26.921556, 19.453661, 0.0)
(26.189342, 19.703321, 0.0)
(26.184790, 19.675787, 0.0)
(26.199240, 19.663479, 0.0)
(26.177795, 19.680084, 0.0)
(26.187283, 19.664896, 0.0)
(26.205652, 19.626818, 0.0)
(26.213779, 19.613289, 0.0)
(26.224695, 19.609495, 0.0)
(26.239285, 19.649347, 0.0)
(26.221855, 19.661831, 0.0)
(25.955521, 19.760254, 0.0)
(25.939951, 19.760418, 0.0)
(25.973742, 19.741659, 0.0)
(25.951668, 19.755180, 0.0)
(25.958054, 19.773769, 0.0)
(25.952230, 19.807257, 0.0)
(25.962231, 19.816826, 0.0)
(25.967262, 19.812510, 0.0)
(25.966501, 19.815384, 0.0)
(25.991396, 19.791220, 0.0)
(25.976721, 19.791437, 0.0)
(26.006105, 19.833916, 0.0)
(26.000677, 19.784681, 0.0)
(26.003229, 19.797277, 0.0)
(25.996456, 19.804195, 0.0)
(25.992899, 19.787777, 0.0)
(25.999660, 19.765432, 0.0)
(25.996290, 19.776398, 0.0)
(26.020290, 19.791382, 0.0)
(26.027370, 19.813110, 0.0)
(26.023146, 19.797161, 0.0)
(26.018394, 19.800934, 0.0)
(26.235128, 19.999640, 0.0)
(29.015594, 22.843597, 0.0)
(29.756111, 23.423170, 0.0)
(24.715046, 19.622976, 0.0)
(26.074492, 20.698755, 0.0)
(28.767511, 24.143883, 0.0)
(30.212454, 25.437248, 0.0)
(30.303835, 25.426945, 0.0)
(30.296946, 25.321768, 0.0)
(30.334517, 25.299402, 0.0)
(30.367203, 25.264875, 0.0)
(30.417747, 25.258379, 0.0)
(30.500734, 25.214552, 0.0)
(30.582247, 25.155922, 0.0)
(30.603111, 25.123396, 0.0)
(30.602915, 25.111851, 0.0)
(30.596601, 25.071754, 0.0)
(30.589849, 25.074354, 0.0)
(30.593393, 25.060974, 0.0)
(30.623026, 24.987360, 0.0)
(30.619059, 24.989523, 0.0)
(30.620375, 25.011662, 0.0)
(30.617289, 25.036634, 0.0)
(30.621044, 25.013197, 0.0)
(30.626511, 24.999105, 0.0)
(32.568886, 22.021473, 0.0)
(34.451488, 18.540010, 0.0)
(34.730148, 17.439676, 0.0)
(34.625107, 17.598972, 0.0)
(34.567398, 17.719795, 0.0)
(34.817562, 17.622639, 0.0)
(35.104488, 17.363701, 0.0)
(35.067249, 17.371977, 0.0)
(35.029232, 17.391649, 0.0)
(35.037914, 17.359177, 0.0)
(35.042381, 17.346243, 0.0)
(35.004032, 17.342834, 0.0)
(34.972073, 17.338936, 0.0)
(34.998581, 17.308971, 0.0)
(34.997246, 17.295742, 0.0)
(34.998714, 17.328049, 0.0)
(35.027210, 17.355211, 0.0)
(35.031540, 17.384409, 0.0)
(35.020363, 17.391546, 0.0)
(35.032204, 17.390110, 0.0)
(35.025425, 17.432266, 0.0)
(35.000050, 17.472021, 0.0)
(34.987183, 17.472595, 0.0)
(35.002411, 17.498659, 0.0)
(34.994423, 17.491497, 0.0)
(34.999519, 17.559690, 0.0)
(35.019863, 17.652899, 0.0)
(34.890175, 17.526356, 0.0)
(35.083591, 17.629234, 0.0)
(35.064198, 17.589603, 0.0)
(35.090698, 17.699705, 0.0)
(35.051647, 17.796124, 0.0)
(35.079441, 17.838371, 0.0)
(35.092125, 17.819712, 0.0)
(35.130333, 17.815031, 0.0)
(35.095547, 17.895927, 0.0)
(35.826607, 20.880028, 0.0)
(35.745266, 22.714569, 0.0)
(35.689293, 22.694036, 0.0)
(35.691196, 22.570578, 0.0)
(35.645081, 22.561371, 0.0)
(35.631920, 22.536163, 0.0)
(35.637146, 22.472294, 0.0)
(35.617332, 22.447075, 0.0)
(35.558022, 22.281116, 0.0)
(35.516102, 22.170305, 0.0)
(35.500870, 22.189270, 0.0)
(35.443287, 22.217463, 0.0)
(35.429184, 22.205687, 0.0)
(35.429901, 22.142195, 0.0)
(35.433613, 22.104980, 0.0)
(35.437950, 22.096397, 0.0)
(35.433613, 22.104980, 0.0)
(35.446259, 22.107922, 0.0)
(35.424168, 22.114286, 0.0)
(35.438557, 22.069139, 0.0)
(35.450603, 22.032045, 0.0)
(35.426548, 22.039740, 0.0)
(35.434677, 22.062439, 0.0)
(35.422909, 22.056387, 0.0)
(35.420631, 22.038218, 0.0)
(35.415661, 22.024826, 0.0)
(35.396362, 22.047457, 0.0)
(35.410339, 22.033176, 0.0)
(35.440159, 22.019089, 0.0)
(35.447166, 22.011990, 0.0)
(35.424599, 22.011564, 0.0)
(35.385525, 22.034449, 0.0)
(35.395309, 22.024607, 0.0)
(35.389469, 22.013472, 0.0)
(35.350803, 21.965107, 0.0)
(35.370312, 21.964321, 0.0)
(36.470524, 22.504786, 0.0)
(39.872974, 23.632109, 0.0)
(39.957108, 23.693508, 0.0)
(39.898186, 23.679375, 0.0)
(39.895580, 23.674862, 0.0)
(39.846695, 23.687899, 0.0)
(39.873482, 23.683319, 0.0)
(39.859028, 23.694677, 0.0)
(39.840500, 23.585693, 0.0)
(40.495739, 24.939350, 0.0)
(40.458187, 24.377831, 0.0)
(40.319611, 23.756777, 0.0)
(40.345779, 23.503685, 0.0)
(40.288963, 23.514606, 0.0)
(40.295513, 23.482296, 0.0)
(40.293705, 23.486364, 0.0)
(40.297276, 23.495907, 0.0)
(40.326256, 23.520359, 0.0)
(40.316200, 23.557219, 0.0)
(40.242859, 23.614723, 0.0)
(40.237560, 23.638315, 0.0)
(40.231213, 23.664434, 0.0)
(40.253376, 23.585981, 0.0)
(40.189541, 24.247128, 0.0)
(40.121990, 23.610033, 0.0)
(40.121887, 23.564672, 0.0)
(40.156292, 23.554625, 0.0)
(40.129143, 23.548594, 0.0)
(40.102013, 23.525221, 0.0)
(40.083374, 23.515533, 0.0)
(40.055370, 23.516575, 0.0)
(40.044373, 23.519430, 0.0)
(39.988041, 23.546949, 0.0)
(41.096962, 24.651325, 0.0)
(42.266037, 25.745539, 0.0)
(42.333469, 25.789759, 0.0)
(42.267479, 25.730541, 0.0)
(42.259789, 25.709530, 0.0)
(42.264324, 25.643372, 0.0)
(42.282593, 25.636711, 0.0)
(42.314384, 25.642221, 0.0)
(42.354992, 25.654154, 0.0)
(42.363407, 25.616299, 0.0)
(42.384853, 25.588966, 0.0)
(42.387436, 25.564774, 0.0)
(42.401142, 25.594706, 0.0)
(42.429157, 25.565876, 0.0)
(42.427399, 25.540758, 0.0)
(42.425896, 25.531242, 0.0)
(42.445797, 25.545092, 0.0)
(42.315186, 25.387686, 0.0)
(42.285652, 25.350590, 0.0)
(42.288536, 25.362253, 0.0)
(42.179554, 25.248936, 0.0)
(42.147373, 25.226044, 0.0)
(42.139046, 25.221128, 0.0)
(42.151470, 25.224930, 0.0)
(42.143143, 25.220028, 0.0)
(42.130775, 25.222504, 0.0)
(42.126663, 25.220028, 0.0)
(42.140148, 25.218800, 0.0)
(42.147373, 25.226044, 0.0)
(42.140148, 25.218800, 0.0)
(42.140148, 25.218800, 0.0)
(42.132874, 25.211050, 0.0)
(42.117130, 25.214558, 0.0)
(42.085541, 25.174578, 0.0)
(42.074234, 25.155643, 0.0)
(42.066429, 25.171986, 0.0)
(42.043182, 25.136200, 0.0)
(42.069279, 25.045242, 0.0)
(43.626865, 23.985027, 0.0)
(44.420231, 23.434591, 0.0)
(44.406334, 23.539799, 0.0)
(44.366989, 23.649746, 0.0)
(44.435623, 23.559427, 0.0)
(44.669456, 23.199009, 0.0)
(44.680367, 23.216524, 0.0)
(44.672871, 23.266939, 0.0)
(44.690758, 23.279203, 0.0)
(44.695824, 23.283890, 0.0)
(44.712940, 23.308117, 0.0)
(44.700089, 23.284517, 0.0)
(44.731697, 23.228846, 0.0)
(44.728477, 23.227077, 0.0)
(44.714882, 23.244528, 0.0)
(44.699154, 23.216692, 0.0)
(44.715603, 23.211828, 0.0)
(44.716377, 23.227787, 0.0)
(44.703423, 23.242577, 0.0)
(44.721203, 23.279617, 0.0)
(44.708817, 23.272285, 0.0)
(44.708817, 23.272285, 0.0)
(44.706486, 23.256069, 0.0)
(44.696724, 23.245129, 0.0)
(44.696724, 23.245129, 0.0)
(44.689529, 23.251282, 0.0)
(44.689529, 23.251282, 0.0)
(44.684612, 23.251652, 0.0)
(44.674095, 23.250658, 0.0)
(44.659401, 23.244724, 0.0)
(44.673325, 23.222548, 0.0)
(44.681862, 23.208887, 0.0)
(44.657669, 23.202850, 0.0)
(44.619961, 23.187037, 0.0)
(44.635174, 23.155216, 0.0)
(44.596771, 23.147413, 0.0)
(44.553154, 23.153456, 0.0)
(44.541965, 23.166769, 0.0)
(44.636600, 25.081339, 0.0)
(44.683674, 27.158794, 0.0)
(44.594311, 27.309872, 0.0)
(44.579964, 27.156063, 0.0)
(44.571880, 27.149591, 0.0)
(44.566929, 27.159485, 0.0)
(44.550476, 27.133690, 0.0)
(44.545086, 27.107319, 0.0)
(44.550865, 27.090296, 0.0)
(44.556015, 27.063736, 0.0)
(44.545029, 27.032036, 0.0)
(44.532928, 26.873114, 0.0)
(44.350269, 27.085783, 0.0)
(44.330616, 26.588823, 0.0)
(44.444424, 26.457613, 0.0)
(44.455872, 26.465672, 0.0)
(44.467052, 26.469435, 0.0)
(44.491737, 26.472128, 0.0)
(44.552559, 26.566502, 0.0)
(44.575932, 26.633101, 0.0)
(44.561031, 26.607706, 0.0)
(44.567524, 26.612587, 0.0)
(44.542168, 26.580404, 0.0)
(44.522003, 26.541121, 0.0)
(44.527588, 26.571480, 0.0)
(44.513054, 26.559557, 0.0)
(44.528336, 26.536379, 0.0)
(44.524857, 26.491795, 0.0)
(44.507645, 26.494064, 0.0)
(44.493206, 26.465458, 0.0)
(44.511318, 26.432564, 0.0)
(44.489605, 26.370850, 0.0)
(44.488155, 26.392391, 0.0)
(44.473591, 26.450397, 0.0)
(41.934406, 24.764929, 0.0)
(38.019642, 22.187702, 0.0)
(35.819427, 20.973509, 0.0)
(34.794773, 20.710846, 0.0)
(34.703209, 20.774801, 0.0)
(34.843452, 20.823341, 0.0)
(34.870739, 20.846714, 0.0)
(34.857307, 20.837626, 0.0)
(34.865749, 20.845070, 0.0)
(35.183815, 20.860220, 0.0)
(35.404140, 20.812531, 0.0)
(35.383682, 20.835615, 0.0)
(35.377171, 20.835133, 0.0)
(35.385654, 20.848776, 0.0)
(35.371441, 20.927265, 0.0)
(35.356857, 20.924479, 0.0)
(35.369244, 20.896147, 0.0)
(35.376343, 20.881973, 0.0)
(35.343735, 20.944895, 0.0)
(35.349285, 20.997440, 0.0)
(35.367321, 20.960258, 0.0)
(35.348591, 20.942270, 0.0)
(35.366547, 20.881340, 0.0)
(35.375813, 20.878019, 0.0)
(35.375721, 20.932617, 0.0)
(35.337322, 20.975248, 0.0)
(35.343075, 20.989733, 0.0)
(35.351261, 20.978676, 0.0)
(35.388756, 20.953014, 0.0)
(35.399021, 20.911802, 0.0)
(35.394184, 20.901550, 0.0)
(35.398975, 20.900190, 0.0)
(35.392521, 20.937828, 0.0)
(35.385761, 20.960526, 0.0)
(35.391022, 20.958824, 0.0)
(35.404350, 20.944265, 0.0)
(35.407242, 20.883005, 0.0)
(35.414448, 20.861755, 0.0)
(36.382164, 20.355604, 0.0)
(39.745712, 18.661631, 0.0)
(40.978718, 18.185232, 0.0)
(41.066368, 18.184681, 0.0)
(40.997910, 18.285635, 0.0)
(40.950268, 18.314068, 0.0)
(40.963531, 18.301538, 0.0)
(41.087288, 18.179897, 0.0)
(41.105701, 18.144312, 0.0)
(41.101627, 18.138571, 0.0)
(41.111332, 18.095083, 0.0)
(41.121387, 18.103846, 0.0)
(41.116016, 18.104259, 0.0)
(41.094330, 18.120813, 0.0)
(41.091099, 18.135368, 0.0)
(41.120499, 18.072020, 0.0)
(41.100819, 17.916483, 0.0)
(40.929657, 17.358555, 0.0)
(40.904633, 17.380602, 0.0)
(40.848919, 17.453604, 0.0)
(40.819263, 17.497984, 0.0)
(40.834454, 17.536339, 0.0)
(40.804043, 17.605799, 0.0)
(40.803379, 17.647827, 0.0)
(40.811092, 17.701563, 0.0)
(40.783989, 17.724342, 0.0)
(40.794281, 17.731758, 0.0)
(40.783768, 17.720566, 0.0)
(40.783768, 17.720566, 0.0)
(40.768772, 17.722445, 0.0)
(40.774086, 17.746155, 0.0)
(40.777981, 17.736469, 0.0)
(40.743515, 17.715343, 0.0)
(40.743515, 17.715343, 0.0)
(40.739029, 17.749056, 0.0)
(38.173409, 17.339970, 0.0)
(33.557949, 17.022156, 0.0)
(31.265388, 17.219433, 0.0)
(30.289970, 17.353001, 0.0)
(30.354002, 17.269806, 0.0)
(30.385077, 17.236746, 0.0)
(30.385077, 17.236746, 0.0)
(30.390629, 17.225857, 0.0)
(30.390629, 17.225857, 0.0)
(30.397892, 17.232437, 0.0)
(30.413582, 17.224670, 0.0)
(30.415846, 17.219101, 0.0)
(30.415846, 17.219101, 0.0)
(30.403473, 17.231327, 0.0)
(30.352694, 17.251141, 0.0)
(29.893772, 17.332947, 0.0)
(29.883352, 17.329931, 0.0)
(29.925146, 17.364714, 0.0)
(29.921152, 17.379742, 0.0)
(29.923077, 17.347338, 0.0)
(29.929916, 17.356201, 0.0)
(29.930443, 17.330053, 0.0)
(29.951324, 17.319803, 0.0)
(29.955355, 17.340300, 0.0)
(29.984541, 17.346741, 0.0)
(29.990038, 17.347040, 0.0)
(29.994232, 17.350168, 0.0)
(30.004326, 17.343519, 0.0)
(30.005728, 17.356064, 0.0)
(29.992615, 17.333786, 0.0)
(29.984135, 17.332535, 0.0)
(29.930965, 17.224741, 0.0)
(29.500931, 17.384912, 0.0)
(29.647387, 17.331181, 0.0)
(29.672539, 17.464149, 0.0)
(29.702503, 17.510960, 0.0)
(29.675604, 17.542170, 0.0)
(29.678244, 17.533047, 0.0)
(29.485804, 17.654371, 0.0)
(27.016958, 18.888590, 0.0)
(26.228376, 19.297863, 0.0)
(26.231655, 19.276274, 0.0)
(26.275986, 19.243761, 0.0)
(26.227234, 19.245901, 0.0)
(26.211245, 19.225937, 0.0)
(26.199068, 19.151829, 0.0)
(26.180277, 19.150555, 0.0)
(26.139835, 19.047592, 0.0)
(26.063427, 18.941648, 0.0)
(26.023651, 18.946507, 0.0)
(26.035662, 18.894770, 0.0)
(26.043402, 18.858675, 0.0)
(26.033792, 18.827219, 0.0)
(26.018822, 18.768934, 0.0)
(26.028591, 18.743715, 0.0)
(26.043203, 18.733093, 0.0)
(26.038099, 18.732550, 0.0)
(26.048578, 18.728912, 0.0)
(26.056538, 18.692385, 0.0)
(26.056538, 18.692385, 0.0)
(26.056538, 18.692385, 0.0)
(26.058323, 18.685595, 0.0)
(26.056538, 18.692385, 0.0)
(26.062981, 18.680138, 0.0)
(26.131905, 18.626041, 0.0)
(26.160261, 18.567116, 0.0)
(26.149801, 18.547432, 0.0)
(26.148821, 18.560579, 0.0)
(26.139839, 18.570492, 0.0)
(26.143450, 18.564392, 0.0)
(26.136244, 18.567362, 0.0)
(26.143007, 18.597347, 0.0)
(26.151649, 18.622486, 0.0)
(26.150341, 18.657907, 0.0)
(26.865763, 19.441250, 0.0)
(28.227472, 22.222618, 0.0)
(29.281229, 24.335737, 0.0)
(29.752666, 25.262405, 0.0)
(30.034550, 26.797010, 0.0)
(30.109804, 27.864614, 0.0)
(30.001221, 27.662371, 0.0)
(30.019760, 27.194326, 0.0)
(30.034378, 26.933199, 0.0)
(31.237490, 28.047613, 0.0)
(31.361410, 28.271355, 0.0)
(31.292706, 28.218218, 0.0)
(31.230864, 28.154337, 0.0)
(31.160357, 28.195086, 0.0)
(31.319859, 28.914286, 0.0)
(31.344168, 29.025990, 0.0)
(31.308971, 29.026236, 0.0)
(31.255110, 29.080948, 0.0)
(31.264372, 29.169231, 0.0)
(31.244179, 29.210131, 0.0)
(31.335627, 29.280233, 0.0)
(31.360188, 29.286873, 0.0)
(31.337921, 29.324347, 0.0)
(31.363342, 29.373301, 0.0)
(31.338543, 29.429367, 0.0)
(31.376986, 29.467623, 0.0)
(31.381069, 29.474470, 0.0)
(31.381069, 29.474470, 0.0)
(31.353188, 29.416557, 0.0)
(31.329994, 29.370451, 0.0)
(31.505510, 28.415590, 0.0)
(31.782490, 26.342752, 0.0)
(31.770044, 26.296715, 0.0)
(31.736380, 26.381878, 0.0)
(31.706171, 26.392246, 0.0)
(31.673960, 26.344694, 0.0)
(31.608759, 26.322542, 0.0)
(28.235809, 25.833729, 0.0)
(26.805227, 24.634783, 0.0)
(26.772825, 24.569397, 0.0)
(26.815445, 24.617085, 0.0)
(26.769695, 24.628855, 0.0)
(26.748766, 24.637611, 0.0)
(26.562605, 24.751020, 0.0)
(26.477364, 24.832718, 0.0)
(26.488770, 24.751072, 0.0)
(26.497532, 24.699930, 0.0)
(26.490068, 24.647457, 0.0)
(26.475349, 24.649572, 0.0)
(26.464035, 24.649179, 0.0)
(26.461691, 24.620045, 0.0)
(26.470579, 24.581718, 0.0)
(26.454874, 24.595835, 0.0)
(26.439749, 24.600140, 0.0)
(26.429186, 24.599155, 0.0)
(26.410744, 24.597738, 0.0)
(26.401834, 24.589285, 0.0)
(26.409121, 24.563444, 0.0)
(26.385122, 24.563705, 0.0)
(26.365599, 24.585007, 0.0)
(26.381544, 24.596756, 0.0)
(26.415682, 24.566778, 0.0)
(26.403370, 24.566422, 0.0)
(26.363611, 24.573633, 0.0)
(26.320145, 24.577984, 0.0)
(26.782274, 24.326069, 0.0)
(26.975161, 24.240749, 0.0)
(27.039101, 24.188137, 0.0)
(27.758614, 23.913435, 0.0)
(27.967936, 23.809790, 0.0)
(27.944067, 23.787966, 0.0)
(27.974266, 23.801687, 0.0)
(27.981335, 23.799232, 0.0)
(27.998316, 23.780745, 0.0)
(28.013981, 23.769308, 0.0)
(28.120737, 23.752441, 0.0)
(29.443735, 23.552448, 0.0)
(33.122921, 22.837070, 0.0)
(34.766933, 22.468767, 0.0)
(34.456020, 22.307644, 0.0)
(31.301550, 20.951828, 0.0)
(27.584349, 20.659872, 0.0)
(25.808952, 20.742109, 0.0)
(25.863997, 20.678925, 0.0)
(25.925398, 20.662857, 0.0)
(25.900520, 20.657677, 0.0)
(25.310144, 20.425430, 0.0)
(24.702591, 19.812550, 0.0)
(24.637365, 19.604645, 0.0)
(24.648190, 19.683281, 0.0)
(24.646933, 19.719036, 0.0)
(24.643770, 19.714743, 0.0)
(24.663458, 19.641535, 0.0)
(24.663458, 19.641535, 0.0)
(24.681196, 19.644245, 0.0)
(24.688000, 19.630932, 0.0)
(24.682819, 19.630116, 0.0)
(24.686790, 19.642817, 0.0)
(24.698000, 19.636890, 0.0)
(24.706648, 19.624359, 0.0)
(24.719727, 19.643078, 0.0)
(24.738483, 19.652525, 0.0)
(24.734848, 19.619802, 0.0)
(24.740450, 19.651382, 0.0)
(24.739658, 19.645479, 0.0)
(24.721945, 19.673920, 0.0)
(24.740433, 19.682953, 0.0)
(24.741858, 19.701057, 0.0)
(24.755299, 19.739601, 0.0)
(24.755936, 19.751724, 0.0)
(24.765528, 19.745455, 0.0)
(24.802795, 19.734505, 0.0)
(24.818558, 19.702963, 0.0)
(25.262682, 19.548927, 0.0)
(29.662666, 18.215385, 0.0)
(33.871384, 18.039560, 0.0)
(37.847721, 19.030056, 0.0)
(40.850231, 20.628735, 0.0)
(42.856354, 22.633152, 0.0)
(43.758778, 23.908989, 0.0)
(44.157310, 24.506861, 0.0)
(44.148090, 24.534012, 0.0)
(44.391434, 24.936361, 0.0)
(44.585583, 25.260632, 0.0)
(44.560680, 25.197817, 0.0)
(44.524513, 25.192593, 0.0)
(44.633698, 25.396582, 0.0)
(44.888702, 26.274126, 0.0)
(44.845486, 26.343351, 0.0)
(44.839478, 26.279320, 0.0)
(44.829037, 26.266998, 0.0)
(44.816467, 26.246544, 0.0)
(44.804577, 26.257763, 0.0)
(44.797878, 26.265825, 0.0)
(44.790131, 26.295347, 0.0)
(44.800224, 26.289431, 0.0)
(44.799171, 26.295849, 0.0)
(44.808010, 26.257763, 0.0)
(44.803383, 26.243788, 0.0)
(44.797447, 26.263277, 0.0)
(44.800999, 26.237345, 0.0)
(44.812641, 26.202742, 0.0)
(44.807602, 26.209967, 0.0)
(44.798294, 26.229576, 0.0)
(44.797688, 26.249231, 0.0)
(44.801640, 26.276663, 0.0)
(44.801167, 26.255028, 0.0)
(44.808655, 26.229647, 0.0)
(44.804813, 26.211449, 0.0)
(44.807289, 26.204954, 0.0)
(44.787487, 26.198318, 0.0)
(44.772350, 26.223936, 0.0)
(44.494923, 25.954876, 0.0)
(43.964657, 20.868750, 0.0)
(44.024712, 20.214788, 0.0)
(44.062618, 20.364157, 0.0)
(43.972069, 20.499756, 0.0)
(43.935741, 20.611717, 0.0)
(43.929176, 20.568571, 0.0)
(43.817951, 19.645924, 0.0)
(43.791603, 19.704805, 0.0)
(43.851883, 19.668659, 0.0)
(43.864197, 19.828604, 0.0)
(43.880905, 19.709677, 0.0)
(43.943146, 19.606094, 0.0)
(43.924030, 19.610046, 0.0)
(43.967396, 19.507849, 0.0)
(43.895763, 19.543001, 0.0)
(43.911003, 19.575418, 0.0)
(43.876915, 19.729895, 0.0)
(43.890522, 19.661909, 0.0)
(43.915771, 19.625641, 0.0)
(43.887474, 19.645315, 0.0)
(43.914181, 19.664370, 0.0)
(43.891418, 19.695423, 0.0)
(44.049610, 19.251980, 0.0)
(43.825130, 19.439657, 0.0)
(43.843800, 19.367861, 0.0)
(43.761658, 19.304260, 0.0)
(43.768673, 19.241426, 0.0)
(43.658241, 19.275928, 0.0)
(43.610458, 19.324326, 0.0)
(43.611923, 19.259125, 0.0)
(41.599876, 18.917501, 0.0)
(36.641026, 17.952887, 0.0)
(32.638584, 17.838562, 0.0)
(29.981703, 18.179043, 0.0)
(29.662704, 18.192743, 0.0)
(29.773754, 18.065254, 0.0)
(29.798656, 18.019953, 0.0)
(29.796814, 17.935085, 0.0)
(29.798132, 17.899803, 0.0)
(29.762711, 17.924475, 0.0)
(29.774084, 17.879770, 0.0)
(30.142078, 17.972681, 0.0)
(30.132921, 17.966919, 0.0)
(30.135422, 17.950027, 0.0)
(30.129589, 17.979195, 0.0)
(30.133352, 17.952623, 0.0)
(30.132330, 17.938761, 0.0)
(30.144835, 17.896049, 0.0)
(30.159311, 17.899588, 0.0)
(30.149403, 17.934402, 0.0)
(30.144537, 17.938608, 0.0)
(30.143682, 17.939926, 0.0)
(30.143682, 17.939926, 0.0)
(30.135422, 17.950027, 0.0)
(30.131184, 17.955362, 0.0)
(30.133394, 17.960583, 0.0)
(30.150290, 17.927643, 0.0)
(30.165773, 17.882910, 0.0)
(30.151974, 17.875031, 0.0)
(30.125048, 17.879471, 0.0)
(30.149458, 17.853067, 0.0)
(30.149458, 17.853067, 0.0)
(30.163145, 17.860504, 0.0)
(30.160587, 17.877129, 0.0)
(30.150700, 17.879175, 0.0)
(30.141827, 17.893616, 0.0)
(30.861259, 18.124125, 0.0)
(35.529949, 19.961718, 0.0)
(35.447472, 20.028519, 0.0)
(35.390324, 19.992598, 0.0)
(35.376854, 19.960249, 0.0)
(35.343575, 19.955391, 0.0)
(35.330864, 19.932020, 0.0)
(35.342468, 19.907167, 0.0)
(35.371338, 19.896088, 0.0)
(35.373280, 19.870058, 0.0)
(35.368729, 19.865438, 0.0)
(35.357628, 19.859167, 0.0)
(35.203091, 19.713568, 0.0)
(35.221378, 20.305294, 0.0)
(35.143490, 20.076796, 0.0)
(35.117496, 19.562490, 0.0)
(35.178104, 19.521326, 0.0)
(35.184063, 19.569481, 0.0)
(35.234493, 19.584328, 0.0)
(35.283333, 19.554258, 0.0)
(35.264721, 19.563536, 0.0)
(35.264008, 19.623747, 0.0)
(35.232986, 19.672375, 0.0)
(35.230694, 19.683695, 0.0)
(35.239628, 19.734793, 0.0)
(35.239628, 19.734793, 0.0)
(35.246746, 19.716028, 0.0)
(35.270596, 19.658657, 0.0)
(35.281273, 19.681377, 0.0)
(35.314552, 19.654997, 0.0)
(35.303001, 19.652180, 0.0)
(35.308598, 19.638710, 0.0)
(35.308926, 19.633131, 0.0)
(35.295074, 19.645538, 0.0)
(35.297970, 19.650377, 0.0)
(35.300625, 19.655384, 0.0)
(35.301735, 19.646523, 0.0)
(33.331600, 20.493797, 0.0)
(29.474253, 22.702381, 0.0)
(29.134718, 23.236067, 0.0)
(29.143330, 23.184929, 0.0)
(29.155132, 23.110188, 0.0)
(29.142227, 23.084127, 0.0)
(28.364084, 23.343180, 0.0)
(28.249447, 23.383015, 0.0)
(28.321632, 23.332582, 0.0)
(28.329386, 23.300680, 0.0)
(28.320080, 23.307972, 0.0)
(28.310377, 23.316963, 0.0)
(28.315941, 23.274471, 0.0)
(28.318407, 23.238449, 0.0)
(28.292465, 23.228718, 0.0)
(28.284422, 23.242012, 0.0)
(28.294279, 23.243893, 0.0)
(28.292608, 23.223753, 0.0)
(28.286221, 23.209997, 0.0)
(28.294176, 23.167156, 0.0)
(28.289835, 23.173307, 0.0)
(28.290489, 23.178741, 0.0)
(28.289835, 23.195198, 0.0)
(28.306253, 23.198444, 0.0)
(28.303583, 23.176674, 0.0)
(28.305939, 23.165216, 0.0)
(28.304903, 23.149530, 0.0)
(28.320206, 23.109684, 0.0)
(28.310175, 23.130535, 0.0)
(28.316648, 23.122749, 0.0)
(28.345598, 23.087667, 0.0)
(28.352154, 23.076181, 0.0)
(28.356764, 23.109898, 0.0)
(28.370771, 23.133411, 0.0)
(28.366415, 23.119270, 0.0)
(28.365240, 23.097092, 0.0)
(28.368660, 23.094194, 0.0)
(28.360586, 23.082891, 0.0)
(28.356995, 23.090872, 0.0)
(28.347662, 23.143345, 0.0)
(28.003197, 24.168192, 0.0)
(26.618221, 27.515068, 0.0)
(26.089399, 28.867273, 0.0)
(26.078896, 28.852858, 0.0)
(26.085543, 28.746239, 0.0)
(26.069706, 28.656059, 0.0)
(25.707531, 28.852064, 0.0)
(25.613295, 28.817692, 0.0)
(25.648663, 28.776520, 0.0)
(25.651314, 28.772018, 0.0)
(25.641760, 28.773573, 0.0)
(25.626465, 28.799999, 0.0)
(25.609234, 28.744625, 0.0)
(25.624142, 28.757240, 0.0)
(25.655432, 28.744164, 0.0)
(25.658176, 28.775782, 0.0)
(25.640390, 28.821405, 0.0)
(25.636875, 28.820118, 0.0)
(25.645752, 28.828539, 0.0)
(25.636875, 28.820118, 0.0)
(25.645195, 28.816881, 0.0)
(25.670076, 28.764498, 0.0)
(25.691080, 28.730671, 0.0)
(25.684683, 28.718845, 0.0)
(25.686979, 28.744381, 0.0)
(25.700722, 28.690023, 0.0)
(25.710140, 28.748453, 0.0)
(25.709333, 28.740747, 0.0)
(25.702700, 28.755545, 0.0)
(25.690371, 28.727453, 0.0)
(25.662741, 28.690046, 0.0)
(25.671690, 28.675144, 0.0)
(25.678263, 28.624075, 0.0)
(25.678310, 28.654833, 0.0)
(25.671364, 28.642181, 0.0)
(25.679153, 28.687164, 0.0)
(25.671045, 28.716434, 0.0)
(27.672455, 28.910898, 0.0)
(31.618303, 28.517622, 0.0)
(31.396214, 27.583683, 0.0)
(31.399054, 27.043137, 0.0)
(31.412354, 26.862921, 0.0)
(31.442560, 26.734594, 0.0)
(31.452085, 26.688398, 0.0)
(30.866657, 26.667526, 0.0)
(30.849850, 26.555914, 0.0)
(30.929338, 26.549450, 0.0)
(30.930643, 26.563389, 0.0)
(30.931225, 26.610966, 0.0)
(30.916174, 26.649860, 0.0)
(30.901039, 26.644808, 0.0)
(30.913776, 26.616707, 0.0)
(30.912579, 26.592590, 0.0)
(30.907614, 26.609230, 0.0)
(30.897583, 26.674458, 0.0)
(30.871933, 26.746948, 0.0)
(30.841970, 26.806425, 0.0)
(30.822451, 26.797022, 0.0)
(30.825809, 26.800751, 0.0)
(30.816671, 26.826727, 0.0)
(30.782675, 26.865934, 0.0)
(30.760572, 26.871660, 0.0)
(30.737228, 26.858650, 0.0)
(30.719963, 26.862841, 0.0)
(30.712317, 26.832348, 0.0)
(30.713257, 26.848635, 0.0)
(30.689886, 26.862518, 0.0)
(30.670521, 26.892693, 0.0)
(30.645065, 26.899420, 0.0)
(30.630146, 26.893618, 0.0)
(30.618956, 26.877270, 0.0)
(30.633852, 26.777023, 0.0)
(32.353512, 26.911051, 0.0)
(37.293873, 27.359385, 0.0)
(37.966686, 27.548920, 0.0)
(37.947388, 27.508387, 0.0)
(37.928699, 27.538305, 0.0)
(37.940353, 27.537800, 0.0)
(37.948059, 27.558884, 0.0)
(37.968895, 27.579063, 0.0)
(37.969566, 27.568262, 0.0)
(37.972134, 27.541700, 0.0)
(38.002522, 27.536608, 0.0)
(37.993744, 27.666855, 0.0)
(38.427902, 28.978104, 0.0)
(39.248894, 28.673313, 0.0)
(39.073513, 28.224676, 0.0)
(39.047058, 28.120798, 0.0)
(39.049194, 28.060211, 0.0)
(39.089706, 28.005323, 0.0)
(39.128761, 27.955635, 0.0)
(39.124237, 27.978556, 0.0)
(39.122276, 27.985405, 0.0)
(39.082706, 27.679148, 0.0)
(39.135906, 25.255552, 0.0)
(39.090183, 22.445473, 0.0)
(38.872936, 21.020929, 0.0)
(38.761917, 21.007030, 0.0)
(38.771461, 21.263645, 0.0)
(38.770874, 21.414351, 0.0)
(38.791157, 21.445889, 0.0)
(38.808018, 21.411432, 0.0)
(38.824360, 21.454638, 0.0)
(38.836357, 21.397942, 0.0)
(38.856541, 21.382618, 0.0)
(38.842999, 21.341043, 0.0)
(34.719574, 20.524691, 0.0)
(30.022926, 20.187101, 0.0)
(27.650173, 20.727755, 0.0)
(26.583984, 20.989508, 0.0)
(26.498692, 20.952532, 0.0)
(26.540525, 20.869869, 0.0)
(26.546230, 20.857983, 0.0)
(26.322620, 20.864000, 0.0)
(26.096855, 20.686934, 0.0)
(26.086775, 20.698484, 0.0)
(26.076345, 20.732979, 0.0)
(26.068439, 20.726768, 0.0)
(26.067846, 20.714840, 0.0)
(26.070154, 20.614605, 0.0)
(26.061106, 20.579592, 0.0)
(26.036196, 20.577097, 0.0)
(26.033413, 20.568886, 0.0)
(26.015749, 20.616453, 0.0)
(26.013252, 20.617485, 0.0)
(26.008352, 20.575634, 0.0)
(26.001081, 20.552961, 0.0)
(26.040600, 20.564346, 0.0)
(26.210871, 20.475269, 0.0)
(26.224560, 20.489113, 0.0)
(26.212515, 20.499603, 0.0)
(26.179577, 20.515009, 0.0)
(26.189230, 20.484751, 0.0)
(26.387587, 20.385965, 0.0)
(26.416035, 20.410522, 0.0)
(26.401384, 20.435995, 0.0)
(26.395298, 20.455074, 0.0)
(27.031345, 20.243652, 0.0)
(27.214239, 20.173382, 0.0)
(27.464363, 20.096390, 0.0)
(27.644804, 20.142405, 0.0)
(27.731436, 20.098461, 0.0)
(28.178642, 19.984301, 0.0)
(28.333708, 19.975660, 0.0)
(28.401686, 20.001463, 0.0)
(32.807098, 21.952057, 0.0)
(37.399944, 25.932640, 0.0)
(39.830540, 27.456856, 0.0)
(40.496651, 27.717470, 0.0)
(40.475735, 27.621670, 0.0)
(40.407455, 27.529846, 0.0)
(40.390385, 27.459606, 0.0)
(40.416489, 27.452631, 0.0)
(40.437946, 27.434893, 0.0)
(40.420845, 27.391520, 0.0)
(40.439934, 27.352522, 0.0)
(40.521389, 27.428078, 0.0)
(40.674049, 27.537024, 0.0)
(40.693359, 27.553776, 0.0)
(40.689445, 27.554707, 0.0)
(40.681995, 27.534910, 0.0)
(40.673939, 27.482567, 0.0)
(40.705776, 27.472708, 0.0)
(40.680637, 27.515903, 0.0)
(40.703377, 27.528614, 0.0)
(40.710480, 27.541920, 0.0)
(40.746639, 27.516508, 0.0)
(40.756611, 27.508129, 0.0)
(40.760902, 27.537064, 0.0)
(40.766460, 27.514059, 0.0)
(40.734867, 27.307919, 0.0)
(40.680351, 27.214371, 0.0)
(40.677856, 26.156425, 0.0)
(40.625004, 23.719788, 0.0)
(40.547474, 22.448919, 0.0)
(40.440300, 22.499292, 0.0)
(40.399078, 22.676634, 0.0)
(40.373795, 22.727810, 0.0)
(40.357964, 22.705069, 0.0)
(40.338829, 22.618620, 0.0)
(40.312004, 22.508537, 0.0)
(40.292557, 22.459026, 0.0)
(38.826874, 22.084970, 0.0)
(33.955257, 21.249035, 0.0)
(29.828108, 21.659334, 0.0)
(27.422949, 22.435453, 0.0)
(26.068283, 22.983952, 0.0)
(25.536572, 23.199659, 0.0)
(25.541777, 23.144522, 0.0)
(25.557083, 23.094193, 0.0)
(25.099958, 23.286772, 0.0)
(24.804222, 23.388361, 0.0)
(24.851387, 23.356405, 0.0)
(24.838243, 23.343117, 0.0)
(24.827423, 23.371449, 0.0)
(24.828913, 23.357584, 0.0)
(24.800821, 23.359310, 0.0)
(24.794300, 23.341108, 0.0)
(24.770714, 23.308832, 0.0)
(24.754589, 23.322794, 0.0)
(24.743151, 23.309479, 0.0)
(24.729309, 23.314522, 0.0)
(24.723246, 23.343319, 0.0)
(24.737516, 23.316635, 0.0)
(24.761053, 23.302017, 0.0)
(24.786127, 23.304371, 0.0)
(24.788561, 23.304724, 0.0)
(24.780899, 23.345016, 0.0)
(24.815546, 23.348684, 0.0)
(24.842476, 23.310171, 0.0)
(24.850500, 23.303829, 0.0)
(24.859541, 23.308205, 0.0)
(24.866850, 23.345209, 0.0)
(24.855440, 23.381397, 0.0)
(24.863232, 23.402691, 0.0)
(24.909182, 23.408453, 0.0)
(24.896801, 23.420149, 0.0)
(24.915951, 23.420799, 0.0)
(24.947510, 23.439926, 0.0)
(25.142096, 23.396851, 0.0)
(26.310728, 23.757160, 0.0)
(26.369558, 23.838125, 0.0)
(26.340076, 23.820086, 0.0)
(26.350002, 23.870920, 0.0)
(26.312298, 23.953053, 0.0)
(26.308630, 23.996058, 0.0)
(26.324341, 23.989037, 0.0)
(26.334169, 23.889330, 0.0)
(26.344847, 25.113695, 0.0)
(26.531160, 25.351471, 0.0)
(26.345449, 24.591917, 0.0)
(26.401739, 24.122639, 0.0)
(26.415342, 23.883444, 0.0)
(26.403671, 23.795782, 0.0)
(26.416809, 23.785494, 0.0)
(26.413464, 23.789427, 0.0)
(26.400057, 23.756886, 0.0)
(26.399851, 23.776033, 0.0)
(26.406574, 23.775719, 0.0)
(26.401670, 23.754761, 0.0)
(26.335964, 23.782249, 0.0)
(26.233950, 23.831194, 0.0)
(26.214369, 23.857231, 0.0)
(26.222004, 23.845285, 0.0)
(26.228849, 23.833485, 0.0)
(26.234119, 23.826385, 0.0)
(26.296638, 23.670992, 0.0)
(26.315937, 23.700153, 0.0)
(26.307899, 23.700901, 0.0)
(26.297159, 23.708429, 0.0)
(26.298769, 23.712358, 0.0)
(26.304770, 23.718607, 0.0)
(26.312857, 23.701248, 0.0)
(26.302891, 23.680689, 0.0)
(27.275024, 23.440689, 0.0)
(32.519352, 22.056885, 0.0)
(36.858379, 21.586216, 0.0)
(39.428204, 21.844526, 0.0)
(40.516624, 22.320265, 0.0)
(40.533760, 22.345335, 0.0)
(40.399437, 22.275259, 0.0)
(40.393349, 22.261307, 0.0)
(40.389744, 22.247570, 0.0)
(40.406372, 22.239147, 0.0)
(40.439976, 22.238861, 0.0)
(40.185516, 22.377556, 0.0)
(40.123360, 22.399269, 0.0)
(40.169838, 22.339581, 0.0)
(40.184902, 22.317701, 0.0)
(40.165768, 22.332624, 0.0)
(40.166897, 22.355947, 0.0)
(40.096516, 22.272047, 0.0)
(40.369526, 23.814831, 0.0)
(40.300026, 23.482052, 0.0)
(40.130352, 22.559196, 0.0)
(40.082935, 22.226885, 0.0)
(40.069134, 22.206652, 0.0)
(40.075329, 22.255421, 0.0)
(40.166927, 22.233341, 0.0)
(40.135010, 22.253628, 0.0)
(40.114288, 22.201229, 0.0)
(40.145260, 22.182690, 0.0)
(40.137558, 22.167089, 0.0)
(40.151714, 22.201464, 0.0)
(40.140697, 22.234024, 0.0)
(40.124329, 22.249287, 0.0)
(40.120205, 22.247303, 0.0)
(40.110355, 22.263783, 0.0)
(40.103363, 22.247974, 0.0)
(40.102074, 22.239025, 0.0)
(40.116798, 22.307453, 0.0)
(40.094162, 22.309679, 0.0)
(37.488293, 22.680105, 0.0)
(33.086147, 24.594482, 0.0)
(30.215790, 25.706753, 0.0)
(28.285400, 26.878698, 0.0)
(27.140991, 27.878136, 0.0)
(26.939110, 28.180279, 0.0)
(26.976034, 28.064199, 0.0)
(26.967735, 28.039888, 0.0)
(26.155014, 29.543491, 0.0)
(26.054070, 29.794636, 0.0)
(26.124001, 29.656481, 0.0)
(26.145792, 29.568472, 0.0)
(26.122417, 29.538794, 0.0)
(26.111376, 29.565924, 0.0)
(26.103422, 29.575718, 0.0)
(26.098743, 29.562176, 0.0)
(26.071663, 29.567108, 0.0)
(26.065701, 29.593163, 0.0)
(26.078896, 29.595188, 0.0)
(26.060661, 29.660156, 0.0)
(26.023584, 29.747341, 0.0)
(26.022217, 29.773912, 0.0)
(26.079052, 29.679527, 0.0)
(26.081465, 29.733662, 0.0)
(26.090034, 29.784248, 0.0)
(26.099092, 29.807325, 0.0)
(26.101446, 29.830378, 0.0)
(26.106390, 29.850903, 0.0)
(26.080647, 29.879290, 0.0)
(26.065603, 29.865801, 0.0)
(26.079807, 29.868279, 0.0)
(26.095284, 29.859549, 0.0)
(26.089666, 29.876173, 0.0)
(26.097767, 29.909746, 0.0)
(26.104431, 29.905272, 0.0)
(26.104431, 29.905272, 0.0)
(26.097082, 29.918072, 0.0)
(26.613054, 29.574652, 0.0)
(30.932501, 27.345045, 0.0)
(35.306019, 24.859865, 0.0)
(38.983788, 23.751131, 0.0)
(41.675751, 23.736881, 0.0)
(42.943340, 23.964190, 0.0)
(43.396599, 24.063648, 0.0)
(43.359768, 24.120558, 0.0)
(43.314579, 24.107063, 0.0)
(43.297489, 24.121916, 0.0)
(43.537724, 24.352739, 0.0)
(43.709183, 24.667767, 0.0)
(43.748325, 24.677809, 0.0)
(43.765873, 24.644102, 0.0)
(43.766525, 24.634817, 0.0)
(43.768257, 24.614914, 0.0)
(43.785301, 24.610632, 0.0)
(43.784019, 24.623016, 0.0)
(43.768787, 24.625000, 0.0)
(43.779964, 24.623987, 0.0)
(43.782589, 24.630173, 0.0)
(43.772392, 24.666862, 0.0)
(43.772392, 24.666862, 0.0)
(43.777775, 24.667402, 0.0)
(43.798016, 24.692482, 0.0)
(43.813324, 24.692627, 0.0)
(43.806103, 24.696045, 0.0)
(43.775913, 24.713938, 0.0)
(43.577541, 24.587933, 0.0)
(43.536171, 24.566433, 0.0)
(43.544956, 24.623386, 0.0)
(43.548447, 24.634756, 0.0)
(43.554836, 24.580894, 0.0)
(43.558411, 24.585491, 0.0)
(43.559814, 24.639765, 0.0)
(43.563347, 24.652096, 0.0)
(43.543541, 24.648331, 0.0)
(43.534195, 24.598570, 0.0)
(41.084011, 24.708857, 0.0)
(39.157959, 25.808773, 0.0)
(39.089832, 25.877285, 0.0)
(39.155895, 25.781492, 0.0)
(39.149654, 25.764711, 0.0)
(38.304390, 26.028515, 0.0)
(38.166309, 26.083294, 0.0)
(38.196533, 26.058836, 0.0)
(38.185856, 26.025206, 0.0)
(38.187359, 26.035007, 0.0)
(38.161613, 26.042677, 0.0)
(38.144333, 26.069752, 0.0)
(38.139347, 26.097778, 0.0)
(38.139645, 26.103512, 0.0)
(38.143955, 26.110754, 0.0)
(38.139462, 26.093901, 0.0)
(38.131310, 26.094810, 0.0)
(38.149532, 26.090755, 0.0)
(38.136703, 26.128626, 0.0)
(38.140350, 26.098118, 0.0)
(38.128769, 26.099619, 0.0)
(38.116665, 26.082413, 0.0)
(38.109203, 26.128708, 0.0)
(38.155193, 26.139250, 0.0)
(38.132351, 26.155180, 0.0)
(38.139355, 26.149044, 0.0)
(38.135025, 26.146877, 0.0)
(38.173218, 26.142412, 0.0)
(38.154533, 26.146585, 0.0)
(38.123165, 26.141420, 0.0)
(38.143196, 26.151724, 0.0)
(38.133854, 26.150930, 0.0)
(38.093868, 26.158558, 0.0)
(38.077686, 26.166563, 0.0)
(38.083591, 26.154570, 0.0)
(38.111435, 26.146399, 0.0)
(38.120121, 26.192139, 0.0)
(38.089966, 26.155905, 0.0)
(40.510868, 25.725708, 0.0)
(43.000576, 25.007526, 0.0)
(44.175961, 24.918428, 0.0)
(44.548740, 24.993340, 0.0)
(44.531509, 25.044643, 0.0)
(44.455013, 25.110025, 0.0)
(44.653732, 24.887800, 0.0)
(44.735695, 24.598864, 0.0)
(44.733578, 24.589134, 0.0)
(44.745792, 24.606401, 0.0)
(44.768631, 24.592922, 0.0)
(44.823299, 24.562885, 0.0)
(44.849758, 24.514685, 0.0)
(44.865593, 24.485720, 0.0)
(44.814434, 24.412832, 0.0)
(44.827831, 24.508411, 0.0)
(44.840889, 24.432831, 0.0)
(44.922562, 24.337288, 0.0)
(44.921551, 24.329042, 0.0)
(44.923790, 24.332623, 0.0)
(44.926186, 24.227467, 0.0)
(44.933823, 24.206860, 0.0)
(44.942551, 24.224821, 0.0)
(44.965687, 24.214729, 0.0)
(44.966373, 24.240860, 0.0)
(44.970787, 24.246485, 0.0)
(44.974972, 24.252142, 0.0)
(44.973473, 24.276091, 0.0)
(44.970795, 24.230326, 0.0)
(44.968853, 24.280718, 0.0)
(44.961945, 24.275000, 0.0)
(44.958038, 24.262096, 0.0)
(44.946091, 24.239874, 0.0)
(44.915390, 24.209810, 0.0)
(44.894276, 24.222027, 0.0)
(44.847858, 24.191786, 0.0)
(44.775776, 24.082052, 0.0)
(41.408974, 22.347189, 0.0)
(36.966805, 20.841293, 0.0)
(34.106697, 20.739357, 0.0)
(33.052040, 20.877890, 0.0)
(33.016163, 20.856834, 0.0)
(33.043285, 20.803705, 0.0)
(33.078655, 20.797848, 0.0)
(33.106861, 20.799999, 0.0)
(33.080795, 20.813940, 0.0)
(33.052139, 20.850775, 0.0)
(33.065334, 20.839945, 0.0)
(33.060501, 20.863180, 0.0)
(33.075378, 20.864016, 0.0)
(33.077862, 20.883429, 0.0)
(33.084644, 20.871778, 0.0)
(33.097309, 20.866432, 0.0)
(33.103222, 20.880795, 0.0)
(33.097473, 20.915911, 0.0)
(33.097748, 20.926037, 0.0)
(33.099674, 20.911255, 0.0)
(33.118454, 20.880138, 0.0)
(33.122307, 20.891562, 0.0)
(33.125401, 20.903198, 0.0)
(33.117744, 20.903267, 0.0)
(33.100929, 20.916309, 0.0)
(33.101360, 20.917236, 0.0)
(33.096748, 20.916033, 0.0)
(33.100285, 20.946833, 0.0)
(33.108627, 20.945854, 0.0)
(33.098488, 20.954838, 0.0)
(33.104828, 20.977081, 0.0)
(33.090923, 20.981133, 0.0)
(33.105537, 20.993462, 0.0)
(33.099014, 20.981018, 0.0)
(33.096008, 20.998875, 0.0)
(33.107334, 20.968771, 0.0)
(33.106003, 20.997614, 0.0)
(32.357788, 20.986725, 0.0)
(28.906019, 19.783928, 0.0)
(28.357016, 18.843351, 0.0)
(28.336069, 18.864191, 0.0)
(28.367813, 18.926315, 0.0)
(28.369980, 18.947020, 0.0)
(28.157784, 18.963469, 0.0)
(28.009731, 18.938929, 0.0)
(28.021704, 18.911074, 0.0)
(28.022800, 18.878040, 0.0)
(28.042810, 18.865337, 0.0)
(28.032335, 18.890265, 0.0)
(28.048851, 18.880278, 0.0)
(28.010065, 18.860693, 0.0)
(28.009748, 18.802444, 0.0)
(27.897646, 18.837921, 0.0)
(27.840580, 18.839472, 0.0)
(27.854897, 18.833809, 0.0)
(27.835453, 18.820513, 0.0)
(27.802399, 18.845766, 0.0)
(27.805370, 18.833885, 0.0)
(27.836191, 18.791134, 0.0)
(27.848080, 18.778688, 0.0)
(27.848080, 18.778688, 0.0)
(27.843750, 18.807901, 0.0)
(27.854071, 18.835308, 0.0)
(27.858091, 18.837593, 0.0)
(27.856348, 18.821531, 0.0)
(27.876080, 18.827538, 0.0)
(27.868979, 18.797249, 0.0)
(27.864016, 18.832008, 0.0)
(27.864443, 18.850588, 0.0)
(27.864443, 18.850588, 0.0)
(27.923594, 18.811777, 0.0)
(28.046007, 18.774643, 0.0)
(28.058176, 18.763771, 0.0)
(28.047281, 18.768476, 0.0)
(28.003515, 18.752001, 0.0)
(28.000416, 18.738646, 0.0)
(29.036945, 18.961334, 0.0)
(32.787029, 21.237135, 0.0)
(35.159946, 23.344648, 0.0)
(37.477200, 25.627720, 0.0)
(38.735821, 27.563236, 0.0)
(39.254818, 28.185196, 0.0)
(39.478119, 28.348591, 0.0)
(39.366169, 28.184427, 0.0)
(39.287918, 28.055832, 0.0)
(39.764156, 28.236427, 0.0)
(40.045807, 28.345058, 0.0)
(40.056328, 28.399197, 0.0)
(40.040287, 28.447002, 0.0)
(40.472984, 28.641214, 0.0)
(40.569786, 28.675297, 0.0)
(40.522305, 28.679058, 0.0)
(40.527115, 28.745138, 0.0)
(40.540131, 28.776901, 0.0)
(40.611912, 28.788193, 0.0)
(40.654217, 28.838091, 0.0)
(40.668579, 28.943197, 0.0)
(40.663403, 28.949722, 0.0)
(40.691181, 28.945801, 0.0)
(40.697754, 28.920341, 0.0)
(40.701599, 28.925999, 0.0)
(40.701061, 28.938988, 0.0)
(40.776520, 28.270292, 0.0)
(40.868301, 26.052807, 0.0)
(40.679089, 23.354061, 0.0)
(40.441380, 21.306162, 0.0)
(40.251568, 20.711576, 0.0)
(40.235752, 20.935572, 0.0)
(40.191849, 21.130098, 0.0)
(40.205189, 21.243296, 0.0)
(40.145130, 21.128773, 0.0)
(40.142002, 21.141783, 0.0)
(40.145432, 21.109476, 0.0)
(40.165249, 21.074661, 0.0)
(41.424618, 21.893938, 0.0)
(44.361118, 24.026505, 0.0)
(44.837337, 24.689287, 0.0)
(44.815422, 24.671879, 0.0)
(44.799999, 24.626654, 0.0)
(44.811943, 24.607019, 0.0)
(44.915607, 24.815384, 0.0)
(44.933460, 24.945044, 0.0)
(44.933460, 24.945044, 0.0)
(44.928825, 24.930536, 0.0)
(44.925800, 24.924334, 0.0)
(44.933350, 24.926216, 0.0)
(45.073174, 25.055079, 0.0)
(45.078823, 25.100803, 0.0)
(45.034359, 25.095821, 0.0)
(45.024357, 25.092997, 0.0)
(45.014874, 25.102913, 0.0)
(44.991421, 25.114248, 0.0)
(44.995998, 25.109467, 0.0)
(45.005474, 25.104727, 0.0)
(45.008739, 25.055964, 0.0)
(45.006973, 25.024460, 0.0)
(45.014835, 25.021093, 0.0)
(44.992210, 25.041695, 0.0)
(44.991241, 25.075380, 0.0)
(45.004177, 25.029371, 0.0)
(44.999821, 25.014143, 0.0)
(44.996174, 25.009462, 0.0)
(44.987331, 25.023314, 0.0)
(44.990730, 25.019449, 0.0)
(44.982052, 24.998749, 0.0)
(44.972878, 24.998224, 0.0)
(44.693424, 24.724659, 0.0)
(43.373299, 23.580248, 0.0)
(43.289742, 23.524734, 0.0)
(42.854530, 22.995178, 0.0)
(39.996582, 21.170189, 0.0)
(38.607895, 19.787823, 0.0)
(38.714127, 19.841055, 0.0)
(38.754192, 19.837563, 0.0)
(39.483528, 19.858881, 0.0)
(39.507301, 19.852951, 0.0)
(39.480637, 19.824121, 0.0)
(39.460754, 19.819176, 0.0)
(39.445187, 19.878361, 0.0)
(39.697006, 20.008791, 0.0)
(39.800484, 20.027632, 0.0)
(39.795963, 19.980566, 0.0)
(39.783237, 19.960440, 0.0)
(39.801502, 19.980883, 0.0)
(39.812283, 19.990166, 0.0)
(39.776203, 19.939623, 0.0)
(39.793392, 19.944893, 0.0)
(39.819843, 19.936674, 0.0)
(39.837360, 19.918049, 0.0)
(39.840313, 19.943312, 0.0)
(39.830135, 19.950739, 0.0)
(39.853874, 19.955692, 0.0)
(39.860352, 19.937237, 0.0)
(39.951374, 19.912451, 0.0)
(39.961346, 19.921421, 0.0)
(39.969570, 19.946114, 0.0)
(39.959538, 19.948717, 0.0)
(39.935261, 19.939093, 0.0)
(39.843800, 19.833675, 0.0)
(39.842960, 19.813225, 0.0)
(39.749100, 19.784311, 0.0)
(39.547825, 19.670481, 0.0)
(38.804195, 19.429743, 0.0)
(38.383289, 19.331995, 0.0)
(38.316765, 19.343004, 0.0)
(38.271873, 19.375910, 0.0)
(37.954494, 19.305910, 0.0)
(37.851498, 19.319906, 0.0)
(37.839066, 19.292164, 0.0)
(37.221470, 19.678783, 0.0)
(35.003513, 22.603714, 0.0)
(33.644981, 24.532881, 0.0)
(33.542469, 24.691410, 0.0)
(33.530308, 24.538519, 0.0)
(33.322289, 24.688553, 0.0)
(33.290783, 24.712421, 0.0)
(33.290768, 24.673014, 0.0)
(33.282864, 24.643618, 0.0)
(33.268841, 24.634623, 0.0)
(33.251659, 24.616255, 0.0)
(33.095772, 24.575848, 0.0)
(32.939117, 25.385876, 0.0)
(32.934376, 24.813574, 0.0)
(32.905228, 24.534256, 0.0)
(32.893177, 24.432463, 0.0)
(32.884666, 24.414652, 0.0)
(32.884563, 24.438326, 0.0)
(32.875854, 24.451283, 0.0)
(32.969826, 24.358543, 0.0)
(32.972996, 24.246328, 0.0)
(32.907642, 24.107693, 0.0)
(32.878613, 24.115213, 0.0)
(32.876110, 24.111128, 0.0)
(32.877979, 24.065754, 0.0)
(32.901287, 23.897038, 0.0)
(32.936707, 23.816584, 0.0)
(32.937767, 23.792067, 0.0)
(32.964512, 23.301119, 0.0)
(32.942341, 23.218088, 0.0)
(32.901630, 23.253628, 0.0)
(32.877213, 22.878881, 0.0)
(33.303898, 21.937778, 0.0)
(35.632542, 21.433826, 0.0)
(39.358955, 21.855892, 0.0)
(41.512592, 22.577618, 0.0)
(42.320679, 22.890217, 0.0)
(42.555195, 22.948277, 0.0)
(42.585014, 22.884546, 0.0)
(42.636265, 22.811396, 0.0)
(43.372005, 22.640587, 0.0)
(43.484680, 22.620474, 0.0)
(43.459057, 22.638462, 0.0)
(43.465271, 22.613594, 0.0)
(43.652683, 22.414518, 0.0)
(43.686947, 22.389938, 0.0)
(43.631634, 22.416084, 0.0)
(43.640675, 22.387520, 0.0)
(43.611614, 22.312187, 0.0)
(43.598259, 22.297953, 0.0)
(43.583683, 22.312386, 0.0)
(43.567245, 22.287731, 0.0)
(43.543434, 22.290979, 0.0)
(43.538086, 22.290598, 0.0)
(43.528679, 22.266779, 0.0)
(43.533909, 22.258764, 0.0)
(43.531872, 22.277256, 0.0)
(43.529026, 22.282274, 0.0)
(43.533875, 22.287262, 0.0)
(43.536697, 22.282246, 0.0)
(43.541500, 22.281237, 0.0)
(43.531528, 22.282562, 0.0)
(43.537823, 22.284864, 0.0)
(43.541500, 22.281237, 0.0)
(43.522816, 22.295908, 0.0)
(43.506378, 22.338137, 0.0)
(43.515060, 22.364279, 0.0)
(43.515060, 22.311670, 0.0)
(43.506378, 22.338137, 0.0)
(43.503136, 22.350901, 0.0)
(43.137035, 22.229059, 0.0)
(37.859432, 20.199686, 0.0)
(33.477974, 19.505423, 0.0)
(31.030977, 19.437111, 0.0)
(29.923563, 19.553133, 0.0)
(29.935001, 19.514076, 0.0)
(30.001095, 19.500854, 0.0)
(30.016253, 19.479790, 0.0)
(30.003401, 19.480284, 0.0)
(29.992693, 19.476337, 0.0)
(30.256956, 19.266457, 0.0)
(30.256788, 19.206394, 0.0)
(30.227936, 19.237329, 0.0)
(30.195503, 19.248137, 0.0)
(30.170559, 19.247208, 0.0)
(30.167564, 19.179813, 0.0)
(30.177378, 19.176905, 0.0)
(30.186159, 19.220129, 0.0)
(30.197828, 19.233356, 0.0)
(30.197828, 19.233356, 0.0)
(30.192408, 19.245070, 0.0)
(30.208927, 19.240166, 0.0)
(30.263756, 19.203419, 0.0)
(30.263231, 19.226089, 0.0)
(30.266891, 19.250793, 0.0)
(30.276520, 19.281496, 0.0)
(30.296776, 19.307383, 0.0)
(30.291494, 19.306593, 0.0)
(30.287790, 19.281689, 0.0)
(30.302113, 19.263172, 0.0)
(30.290344, 19.216845, 0.0)
(30.290344, 19.216845, 0.0)
(30.256575, 19.260853, 0.0)
(30.267923, 19.245344, 0.0)
(30.280832, 19.204901, 0.0)
(30.252647, 19.194101, 0.0)
(30.258720, 19.218037, 0.0)
(30.258720, 19.218037, 0.0)
(28.495739, 19.755932, 0.0)
(25.851578, 20.456158, 0.0)
(25.704803, 20.391296, 0.0)
(25.803051, 20.289396, 0.0)
(25.788471, 20.300486, 0.0)
(24.849522, 20.821957, 0.0)
(24.769619, 20.797464, 0.0)
(24.794651, 20.739880, 0.0)
(24.809410, 20.710777, 0.0)
(24.809086, 20.710936, 0.0)
(24.804363, 20.709860, 0.0)
(24.769073, 20.683907, 0.0)
(24.715454, 20.739042, 0.0)
(24.528893, 21.256784, 0.0)
(24.320631, 22.025520, 0.0)
(24.438486, 20.456373, 0.0)
(24.562260, 20.233501, 0.0)
(24.625341, 20.439709, 0.0)
(24.650452, 20.489750, 0.0)
(24.658035, 20.570833, 0.0)
(24.670965, 20.571007, 0.0)
(24.683317, 20.578112, 0.0)
(24.699057, 20.576616, 0.0)
(24.701242, 20.569582, 0.0)
(24.700367, 20.570070, 0.0)
(24.689674, 20.587463, 0.0)
(24.731003, 20.607914, 0.0)
(24.739885, 20.618084, 0.0)
(24.722443, 20.660728, 0.0)
(24.707964, 20.674200, 0.0)
(24.705687, 20.688877, 0.0)
(24.885788, 20.710875, 0.0)
(24.957800, 20.677996, 0.0)
(24.959789, 20.688747, 0.0)
(24.916695, 20.730015, 0.0)
(24.905268, 20.725294, 0.0)
(24.940004, 20.682228, 0.0)
(25.025383, 20.628227, 0.0)
(27.999031, 19.512960, 0.0)
(32.885513, 18.514317, 0.0)
(36.485626, 18.793417, 0.0)
(37.694229, 19.335564, 0.0)
(37.761230, 19.396141, 0.0)
(37.702995, 19.359354, 0.0)
(37.689304, 19.330530, 0.0)
(37.694294, 19.351164, 0.0)
(37.820610, 19.756420, 0.0)
(37.842804, 19.788588, 0.0)
(37.851879, 19.762501, 0.0)
(37.797565, 19.702385, 0.0)
(37.607418, 19.953543, 0.0)
(37.572891, 20.353987, 0.0)
(37.375351, 19.461975, 0.0)
(37.409882, 19.429899, 0.0)
(37.408100, 19.472090, 0.0)
(37.444935, 19.453135, 0.0)
(37.465618, 19.470493, 0.0)
(37.569839, 19.538462, 0.0)
(37.699886, 19.562920, 0.0)
(37.696110, 19.563244, 0.0)
(37.687534, 19.572287, 0.0)
(37.687378, 19.591101, 0.0)
(37.696087, 19.581772, 0.0)
(37.700245, 19.600521, 0.0)
(37.661602, 19.628811, 0.0)
(37.652851, 19.666914, 0.0)
(37.628361, 19.678358, 0.0)
(37.635799, 19.655222, 0.0)
(37.636379, 19.638153, 0.0)
(37.633629, 19.644058, 0.0)
(37.650024, 19.634533, 0.0)
(37.673058, 19.611881, 0.0)
(37.666897, 19.603676, 0.0)
(37.644512, 19.641617, 0.0)
(37.203087, 19.757870, 0.0)
(34.956432, 21.022226, 0.0)
(33.824734, 22.979515, 0.0)
(33.680981, 24.777336, 0.0)
(34.381973, 26.335636, 0.0)
(34.440113, 26.507360, 0.0)
(34.493382, 26.502151, 0.0)
(34.504223, 26.385954, 0.0)
(35.237213, 26.528645, 0.0)
(39.945961, 27.111504, 0.0)
(42.792088, 27.845541, 0.0)
(43.387169, 28.089550, 0.0)
(43.328953, 28.074476, 0.0)
(43.266663, 28.036283, 0.0)
(43.232498, 27.999018, 0.0)
(43.239918, 27.984793, 0.0)
(43.239918, 27.984793, 0.0)
(43.241749, 27.965187, 0.0)
(43.255360, 27.946089, 0.0)
(43.239269, 27.934826, 0.0)
(43.219929, 27.954756, 0.0)
(43.241905, 27.952211, 0.0)
(43.244404, 27.885763, 0.0)
(43.222088, 27.896420, 0.0)
(43.210003, 27.887388, 0.0)
(43.211205, 27.868490, 0.0)
(43.205154, 27.884321, 0.0)
(43.185104, 27.867823, 0.0)
(43.182251, 27.842060, 0.0)
(43.168961, 27.805607, 0.0)
(43.155300, 27.803419, 0.0)
(43.123913, 27.842621, 0.0)
(43.108471, 27.848461, 0.0)
(43.101654, 27.829252, 0.0)
(43.118420, 27.801804, 0.0)
(43.088177, 27.802301, 0.0)
(43.063328, 27.802052, 0.0)
(42.508053, 27.467230, 0.0)
(37.376911, 22.948383, 0.0)
(33.611382, 19.496450, 0.0)
(32.350594, 18.576799, 0.0)
(32.161530, 18.469568, 0.0)
(32.184502, 18.555445, 0.0)
(32.175137, 18.599142, 0.0)
(32.178196, 18.618515, 0.0)
(32.171627, 18.633101, 0.0)
(32.208977, 18.623888, 0.0)
(32.197323, 18.595840, 0.0)
(32.241959, 18.592453, 0.0)
(32.245739, 18.597500, 0.0)
(32.232887, 18.581568, 0.0)
(32.244675, 18.610693, 0.0)
(32.264191, 18.666330, 0.0)
(32.704762, 18.737293, 0.0)
(32.753571, 18.724346, 0.0)
(32.731133, 18.756393, 0.0)
(32.725441, 18.779242, 0.0)
(32.731133, 18.756393, 0.0)
(32.749989, 18.720104, 0.0)
(32.730770, 18.659674, 0.0)
(32.719540, 18.684130, 0.0)
(32.707439, 18.685360, 0.0)
(32.706219, 18.712509, 0.0)
(32.713711, 18.725576, 0.0)
(32.711617, 18.753208, 0.0)
(32.699009, 18.759319, 0.0)
(32.703026, 18.731762, 0.0)
(32.703293, 18.703224, 0.0)
(32.703743, 18.676212, 0.0)
(32.699074, 18.699369, 0.0)
(32.687912, 18.771271, 0.0)
(32.670921, 18.822620, 0.0)
(32.666538, 18.824989, 0.0)
(32.674095, 18.824425, 0.0)
(33.479156, 18.981152, 0.0)
(39.206375, 20.561747, 0.0)
(42.498592, 22.702656, 0.0)
(43.822067, 23.921595, 0.0)
(43.934376, 24.041630, 0.0)
(43.849773, 24.016607, 0.0)
(43.812214, 23.965031, 0.0)
(43.803532, 23.902668, 0.0)
(43.805389, 23.860573, 0.0)
(43.801567, 23.855993, 0.0)
(43.806694, 23.855083, 0.0)
(43.806812, 23.867403, 0.0)
(43.821609, 23.859406, 0.0)
(43.749657, 23.825567, 0.0)
(43.637444, 23.852409, 0.0)
(43.773067, 24.622679, 0.0)
(43.651070, 23.458088, 0.0)
(43.662697, 23.227551, 0.0)
(43.671547, 23.340097, 0.0)
(43.663567, 23.392197, 0.0)
(43.678047, 23.390963, 0.0)
(43.693329, 23.394205, 0.0)
(43.690311, 23.379583, 0.0)
(43.678387, 23.381443, 0.0)
(43.680569, 23.354015, 0.0)
(43.680569, 23.354015, 0.0)
(43.666679, 23.363504, 0.0)
(43.682529, 23.381891, 0.0)
(43.697186, 23.391478, 0.0)
(43.699158, 23.345381, 0.0)
(43.735348, 23.373055, 0.0)
(43.735348, 23.339014, 0.0)
(43.734035, 23.332043, 0.0)
(43.729755, 23.332430, 0.0)
(43.716587, 23.330690, 0.0)
(43.717121, 23.300032, 0.0)
(43.485264, 23.163683, 0.0)
(39.664116, 21.246571, 0.0)
(39.706570, 21.248447, 0.0)
(39.778450, 21.231323, 0.0)
(39.754585, 21.210182, 0.0)
(39.744820, 21.226278, 0.0)
(39.750393, 21.208670, 0.0)
(39.756992, 21.164747, 0.0)
(39.989910, 21.173435, 0.0)
(40.023296, 21.174398, 0.0)
(40.035530, 21.192516, 0.0)
(40.022400, 21.177404, 0.0)
(40.041145, 21.181345, 0.0)
(40.070992, 21.169231, 0.0)
(40.102711, 21.099329, 0.0)
(40.100163, 21.093491, 0.0)
(40.099846, 21.151648, 0.0)
(40.088829, 21.208675, 0.0)
(40.096302, 21.203405, 0.0)
(40.100304, 21.245935, 0.0)
(40.112144, 21.230520, 0.0)
(40.116123, 21.219364, 0.0)
(40.098713, 21.204395, 0.0)
(39.953381, 21.148174, 0.0)
(39.951889, 21.138897, 0.0)
(39.972626, 21.154953, 0.0)
(39.954128, 21.186104, 0.0)
(39.903957, 21.184179, 0.0)
(39.887241, 21.133924, 0.0)
(39.906021, 21.087841, 0.0)
(39.892963, 21.083397, 0.0)
(39.896927, 21.081247, 0.0)
(39.892963, 21.083397, 0.0)
(39.889389, 21.086523, 0.0)
(39.879841, 21.082611, 0.0)
(39.880356, 21.088644, 0.0)
(39.869648, 21.093639, 0.0)
(39.867222, 21.080942, 0.0)
(39.797623, 21.107458, 0.0)
(35.148926, 21.389299, 0.0)
(31.044584, 23.331818, 0.0)
(28.260592, 25.020792, 0.0)
(26.796087, 25.959518, 0.0)
(26.187582, 26.359072, 0.0)
(26.189066, 26.310682, 0.0)
(26.204144, 26.294300, 0.0)
(26.181713, 26.290394, 0.0)
(25.386141, 26.633684, 0.0)
(25.350939, 26.636892, 0.0)
(25.363930, 26.620838, 0.0)
(25.363348, 26.563587, 0.0)
(25.335817, 26.505699, 0.0)
(25.316833, 26.466082, 0.0)
(25.308954, 26.464468, 0.0)
(25.304987, 26.475723, 0.0)
(25.299549, 26.479662, 0.0)
(25.291460, 26.478456, 0.0)
(25.283098, 26.468105, 0.0)
(25.291862, 26.427128, 0.0)
(25.265635, 26.417368, 0.0)
(25.252745, 26.434950, 0.0)
(25.253977, 26.445835, 0.0)
(25.242834, 26.401480, 0.0)
(25.219852, 26.434801, 0.0)
(25.219852, 26.434801, 0.0)
(25.203432, 26.428320, 0.0)
(25.195568, 26.400427, 0.0)
(25.189846, 26.392830, 0.0)
(25.186951, 26.371853, 0.0)
(25.425961, 26.195866, 0.0)
(26.409424, 25.392370, 0.0)
(28.444693, 25.966759, 0.0)
(30.813444, 24.671909, 0.0)
(31.265865, 23.119331, 0.0)
(31.436922, 22.646528, 0.0)
(31.539408, 22.607445, 0.0)
(31.618425, 22.639359, 0.0)
(35.316879, 24.075630, 0.0)
(39.296551, 26.181818, 0.0)
(40.417511, 26.617201, 0.0)
(40.541019, 26.607313, 0.0)
(40.535942, 26.607889, 0.0)
(40.572414, 26.573517, 0.0)
(40.601608, 26.580612, 0.0)
(40.625576, 26.555775, 0.0)
(40.643757, 26.505037, 0.0)
(40.689911, 26.455954, 0.0)
(40.680031, 26.437252, 0.0)
(40.671917, 26.436758, 0.0)
(39.632378, 25.017546, 0.0)
(39.141720, 24.424158, 0.0)
(38.449768, 22.973688, 0.0)
(38.067883, 22.076134, 0.0)
(37.980129, 22.134233, 0.0)
(37.227470, 20.348995, 0.0)
(37.030899, 20.179192, 0.0)
(37.039768, 20.285370, 0.0)
(36.998890, 20.371510, 0.0)
(36.987926, 20.441654, 0.0)
(37.007229, 20.375881, 0.0)
(36.995529, 20.417263, 0.0)
(36.999176, 20.423737, 0.0)
(37.014244, 20.456514, 0.0)
(37.011066, 20.473274, 0.0)
(36.997776, 20.461538, 0.0)
(36.992779, 20.450922, 0.0)
(36.997784, 20.429821, 0.0)
(36.999912, 20.488995, 0.0)
(37.009285, 20.524942, 0.0)
(36.995262, 20.525160, 0.0)
(36.984665, 20.529322, 0.0)
(36.975224, 20.520361, 0.0)
(37.396729, 20.725460, 0.0)
(41.759705, 22.272146, 0.0)
(42.260139, 22.734751, 0.0)
(42.216747, 22.684601, 0.0)
(42.161171, 22.654530, 0.0)
(42.121300, 22.635592, 0.0)
(42.122871, 22.636545, 0.0)
(42.131477, 22.595303, 0.0)
(42.132950, 22.603167, 0.0)
(42.128963, 22.612940, 0.0)
(42.122406, 22.616289, 0.0)
(42.125393, 22.872957, 0.0)
(42.094620, 22.966108, 0.0)
(42.095722, 22.949594, 0.0)
(42.101250, 22.918455, 0.0)
(42.082943, 22.886936, 0.0)
(42.068470, 22.905123, 0.0)
(42.070503, 22.917408, 0.0)
(42.061096, 22.896299, 0.0)
(42.068470, 22.905123, 0.0)
(42.059555, 22.890085, 0.0)
(42.069302, 22.886478, 0.0)
(42.088802, 22.888205, 0.0)
(42.084019, 22.876293, 0.0)
(42.093197, 22.867002, 0.0)
(42.077461, 22.892307, 0.0)
(42.069798, 22.896009, 0.0)
(42.085957, 22.871063, 0.0)
(42.087643, 22.874430, 0.0)
(42.093048, 22.860962, 0.0)
(42.104916, 22.863157, 0.0)
(42.096367, 22.858133, 0.0)
(42.094238, 22.855944, 0.0)
(42.072227, 22.836557, 0.0)
(42.079159, 22.838755, 0.0)
(42.063770, 22.837711, 0.0)
(42.041538, 22.853466, 0.0)
(42.051506, 22.848234, 0.0)
(42.033279, 22.845221, 0.0)
(38.246330, 22.699617, 0.0)
(33.311298, 23.411179, 0.0)
(30.084269, 24.796663, 0.0)
(27.670677, 25.975296, 0.0)
(26.251316, 26.805710, 0.0)
(26.067478, 26.989834, 0.0)
(26.109566, 26.914541, 0.0)
(26.165083, 26.872322, 0.0)
(26.177944, 26.802614, 0.0)
(26.175852, 26.792181, 0.0)
(26.171288, 26.807768, 0.0)
(26.188299, 26.814758, 0.0)
(26.195127, 26.781458, 0.0)
(26.189346, 26.738016, 0.0)
(26.205599, 26.735796, 0.0)
(26.168104, 26.786880, 0.0)
(25.808933, 27.451271, 0.0)
(25.413517, 27.232544, 0.0)
(25.449333, 26.555525, 0.0)
(25.274626, 26.225657, 0.0)
(25.333157, 26.140265, 0.0)
(25.319086, 26.169733, 0.0)
(25.290960, 26.172567, 0.0)
(25.507940, 26.087002, 0.0)
(25.825802, 26.006643, 0.0)
(25.851448, 26.011169, 0.0)
(25.843178, 26.087580, 0.0)
(25.812756, 26.103142, 0.0)
(25.911493, 26.049280, 0.0)
(26.285074, 25.873692, 0.0)
(26.361216, 25.826269, 0.0)
(26.349173, 25.879988, 0.0)
(26.337582, 25.942944, 0.0)
(26.339622, 25.952995, 0.0)
(26.659739, 25.513916, 0.0)
(28.193701, 22.888407, 0.0)
(28.539465, 21.568817, 0.0)
(28.505138, 21.749424, 0.0)
(28.517412, 21.800375, 0.0)
(28.429132, 21.697397, 0.0)
(28.313286, 21.511215, 0.0)
(28.322798, 21.458778, 0.0)
(28.341385, 21.439564, 0.0)
(28.343645, 21.271898, 0.0)
(28.383978, 20.619919, 0.0)
(28.356630, 20.586535, 0.0)
(28.311861, 20.648258, 0.0)
(28.280760, 20.641758, 0.0)
(28.229160, 20.616573, 0.0)
(28.056416, 20.602093, 0.0)
(28.027849, 20.634640, 0.0)
(28.035528, 20.617386, 0.0)
(28.038471, 20.655985, 0.0)
(28.040766, 20.664022, 0.0)
(28.116785, 20.652359, 0.0)
(28.109377, 20.634947, 0.0)
(28.117910, 20.598787, 0.0)
(28.081839, 20.582556, 0.0)
(28.148924, 20.561745, 0.0)
(28.151913, 20.566051, 0.0)
(28.129688, 20.579678, 0.0)
(28.062103, 20.639288, 0.0)
(27.995451, 20.755108, 0.0)
(27.942125, 20.770185, 0.0)
(28.093641, 20.755898, 0.0)
(28.139400, 20.754038, 0.0)
(28.059475, 20.755632, 0.0)
(28.133532, 20.753054, 0.0)
(28.180628, 20.785330, 0.0)
(28.214842, 20.805098, 0.0)
(28.211018, 20.809729, 0.0)
(32.149780, 21.434118, 0.0)
(36.932190, 23.522684, 0.0)
(37.641617, 23.894449, 0.0)
(37.660465, 23.782816, 0.0)
(37.767227, 23.731026, 0.0)
(38.073906, 23.692112, 0.0)
(38.023624, 23.655741, 0.0)
(37.945232, 23.909246, 0.0)
(38.202984, 24.228409, 0.0)
(38.164268, 23.631649, 0.0)
(38.195053, 23.424723, 0.0)
(38.184952, 23.376209, 0.0)
(38.181244, 23.356012, 0.0)
(38.185276, 23.354252, 0.0)
(38.185276, 23.354252, 0.0)
(38.189140, 23.393450, 0.0)
(38.185028, 23.415632, 0.0)
(38.183235, 23.420006, 0.0)
(38.206875, 23.381470, 0.0)
(38.197266, 23.369745, 0.0)
(38.176014, 23.335148, 0.0)
(38.067650, 23.325062, 0.0)
(38.010509, 23.302965, 0.0)
(38.038509, 23.270098, 0.0)
(38.033981, 23.250349, 0.0)
(38.036327, 23.246519, 0.0)
(37.999401, 23.257280, 0.0)
(37.999401, 23.257280, 0.0)
(37.990093, 23.243280, 0.0)
(37.989616, 23.263485, 0.0)
(37.993584, 23.253563, 0.0)
(37.997597, 23.293238, 0.0)
(37.999100, 23.312166, 0.0)
(37.982380, 23.324942, 0.0)
(37.989838, 23.355707, 0.0)
(37.954720, 23.376068, 0.0)
(37.411537, 21.157988, 0.0)
(36.467117, 18.107023, 0.0)
(35.610718, 16.617214, 0.0)
(35.300766, 16.576729, 0.0)
(35.287441, 16.786797, 0.0)
(35.249916, 16.843439, 0.0)
(35.286716, 16.808920, 0.0)
(35.293800, 16.813599, 0.0)
(35.018162, 16.582920, 0.0)
(34.934799, 16.513073, 0.0)
(34.951698, 16.501173, 0.0)
(34.963150, 16.476290, 0.0)
(34.967869, 16.426334, 0.0)
(34.946297, 16.393959, 0.0)
(34.975662, 16.410654, 0.0)
(34.962273, 16.431679, 0.0)
(34.970093, 16.434893, 0.0)
(34.984200, 16.463274, 0.0)
(34.977177, 16.452974, 0.0)
(34.969654, 16.412180, 0.0)
(34.895454, 16.376661, 0.0)
(34.861046, 16.344616, 0.0)
(34.842533, 16.346941, 0.0)
(34.917740, 16.369551, 0.0)
(34.979286, 16.325001, 0.0)
(34.970501, 16.354004, 0.0)
(34.968010, 16.370796, 0.0)
(34.980091, 16.396582, 0.0)
(34.971653, 16.362101, 0.0)
(34.953114, 16.376255, 0.0)
(34.949162, 16.368629, 0.0)
(34.953659, 16.372541, 0.0)
(34.938488, 16.389793, 0.0)
(34.924328, 16.415792, 0.0)
(34.921299, 16.410650, 0.0)
(34.912743, 16.395962, 0.0)
(34.912743, 16.395962, 0.0)
(36.160290, 16.744392, 0.0)
(39.866711, 17.756260, 0.0)
(41.836109, 18.696360, 0.0)
(42.680462, 19.310139, 0.0)
(42.755554, 19.419487, 0.0)
(42.751381, 19.396645, 0.0)
(42.802311, 19.406912, 0.0)
(42.789627, 19.351807, 0.0)
(42.788387, 19.333687, 0.0)
(42.860161, 19.334751, 0.0)
(43.351696, 19.572296, 0.0)
(43.368263, 19.227791, 0.0)
(43.370754, 19.235254, 0.0)
(43.319069, 19.296658, 0.0)
(43.303623, 19.350206, 0.0)
(43.289173, 19.371122, 0.0)
(43.283730, 19.364975, 0.0)
(43.179829, 19.340199, 0.0)
(43.154919, 19.319210, 0.0)
(43.149227, 19.267818, 0.0)
(43.134403, 19.317698, 0.0)
(43.089993, 19.348988, 0.0)
(43.042580, 19.336609, 0.0)
(43.021866, 19.295652, 0.0)
(43.013866, 19.301556, 0.0)
(43.054298, 19.286087, 0.0)
(43.075336, 19.286798, 0.0)
(43.096725, 19.299145, 0.0)
(43.108746, 19.301809, 0.0)
(43.108395, 19.340456, 0.0)
(43.089203, 19.346132, 0.0)
(43.073425, 19.349802, 0.0)
(43.085400, 19.394070, 0.0)
(43.059353, 19.397917, 0.0)
(43.044807, 19.380703, 0.0)
(42.587826, 20.053469, 0.0)
(42.275410, 20.548220, 0.0)
(42.180183, 20.486935, 0.0)
(42.111580, 20.410200, 0.0)
(42.101791, 20.405399, 0.0)
(41.929924, 20.521839, 0.0)
(41.848717, 20.529364, 0.0)
(41.805901, 20.497490, 0.0)
(41.815121, 20.470825, 0.0)
(41.838745, 20.499920, 0.0)
(41.812481, 20.497673, 0.0)
(41.790188, 20.526707, 0.0)
(41.771156, 20.526115, 0.0)
(41.766380, 20.527010, 0.0)
(41.750290, 20.520000, 0.0)
(41.760609, 20.490807, 0.0)
(41.755676, 20.453735, 0.0)
(41.768787, 20.473373, 0.0)
(41.757881, 20.498432, 0.0)
(41.773857, 20.583260, 0.0)
(41.762363, 20.560114, 0.0)
(41.753212, 20.556093, 0.0)
(41.753292, 20.537153, 0.0)
(41.742821, 20.476887, 0.0)
(41.759796, 20.486610, 0.0)
(41.762791, 20.499716, 0.0)
(41.753292, 20.537153, 0.0)
(41.748272, 20.556370, 0.0)
(41.748943, 20.544079, 0.0)
(41.736401, 20.493303, 0.0)
(41.737408, 20.499964, 0.0)
(41.743351, 20.526993, 0.0)
(41.733322, 20.518562, 0.0)
(41.734051, 20.531443, 0.0)
(41.734051, 20.531443, 0.0)
(41.725674, 20.521080, 0.0)
(41.695332, 20.511377, 0.0)
(41.664639, 20.519405, 0.0)
(37.931114, 20.215092, 0.0)
(34.669903, 22.252106, 0.0)
(31.693947, 24.108969, 0.0)
(29.849186, 25.854719, 0.0)
(28.872814, 26.854195, 0.0)
(28.871708, 26.925135, 0.0)
(28.904081, 26.770517, 0.0)
(28.902765, 26.722506, 0.0)
(28.886091, 26.695875, 0.0)
(28.884754, 26.702513, 0.0)
(28.873159, 26.665836, 0.0)
(28.895563, 26.612869, 0.0)
(28.901604, 26.631765, 0.0)
(28.917320, 26.623518, 0.0)
(28.921497, 26.604404, 0.0)
(28.924194, 26.590242, 0.0)
(28.885386, 26.609125, 0.0)
(28.901060, 26.581745, 0.0)
(28.905888, 26.550175, 0.0)
(28.890278, 26.521791, 0.0)
(28.885120, 26.530447, 0.0)
(28.901249, 26.527044, 0.0)
(28.904226, 26.523077, 0.0)
(28.893934, 26.514179, 0.0)
(28.888741, 26.522890, 0.0)
(28.915016, 26.514656, 0.0)
(28.914358, 26.514074, 0.0)
(28.904373, 26.515869, 0.0)
(28.885120, 26.530447, 0.0)
(28.897278, 26.540871, 0.0)
(28.901390, 26.488787, 0.0)
(28.896809, 26.484842, 0.0)
(28.907055, 26.498571, 0.0)
(28.921919, 26.491184, 0.0)
(28.914650, 26.487720, 0.0)
(28.919979, 26.489262, 0.0)
(28.922295, 26.493591, 0.0)
(28.901802, 26.493607, 0.0)
(28.886543, 26.484871, 0.0)
(30.303610, 25.066954, 0.0)
(32.843166, 23.094494, 0.0)
(33.590645, 22.404577, 0.0)
(33.607479, 22.380688, 0.0)
(33.671463, 22.465473, 0.0)
(33.726578, 22.444201, 0.0)
(33.744362, 22.378376, 0.0)
(36.355858, 23.221573, 0.0)
(38.240223, 24.285795, 0.0)
(38.416721, 24.360847, 0.0)
(38.388550, 24.300856, 0.0)
(38.855434, 24.336254, 0.0)
(39.028610, 24.350117, 0.0)
(39.019165, 24.352350, 0.0)
(39.037136, 24.350056, 0.0)
(39.010551, 24.329058, 0.0)
(39.849800, 25.740273, 0.0)
(40.858353, 27.589548, 0.0)
(40.947834, 27.757668, 0.0)
(40.953117, 27.725805, 0.0)
(40.951412, 27.645376, 0.0)
(41.034512, 27.662914, 0.0)
(41.147255, 27.669405, 0.0)
(41.175846, 27.656349, 0.0)
(41.188293, 27.642372, 0.0)
(41.205784, 27.627996, 0.0)
(41.216759, 27.623318, 0.0)
(41.191792, 27.614187, 0.0)
(41.191429, 27.599493, 0.0)
(41.191792, 27.556334, 0.0)
(41.195427, 27.530735, 0.0)
(41.177944, 27.495163, 0.0)
(41.241787, 27.224766, 0.0)
(41.312794, 26.542253, 0.0)
(41.191437, 24.795767, 0.0)
(41.084976, 22.447723, 0.0)
(41.026318, 21.323416, 0.0)
(40.982384, 21.388035, 0.0)
(40.910252, 21.581955, 0.0)
(40.839279, 21.664839, 0.0)
(40.057613, 21.871559, 0.0)
(37.244122, 25.326616, 0.0)
(36.837173, 25.697502, 0.0)
(36.822372, 25.546383, 0.0)
(36.793728, 25.468071, 0.0)
(36.787506, 25.452740, 0.0)
(36.286072, 25.734808, 0.0)
(35.998882, 26.046511, 0.0)
(36.020325, 25.987188, 0.0)
(36.021893, 25.976854, 0.0)
(35.992130, 25.976141, 0.0)
(35.993011, 25.977945, 0.0)
(35.953526, 25.937737, 0.0)
(35.957050, 25.918671, 0.0)
(35.957729, 25.925966, 0.0)
(35.972557, 25.942009, 0.0)
(35.987347, 25.988884, 0.0)
(35.955666, 26.010256, 0.0)
(35.935177, 26.010004, 0.0)
(35.930981, 26.011118, 0.0)
(35.931541, 25.985010, 0.0)
(35.983120, 25.922546, 0.0)
(35.990131, 25.894650, 0.0)
(35.990807, 25.921780, 0.0)
(35.967770, 25.959679, 0.0)
(35.957275, 25.949392, 0.0)
(35.987000, 25.922916, 0.0)
(35.994099, 25.886070, 0.0)
(35.982170, 25.914736, 0.0)
(35.984123, 25.942169, 0.0)
(35.983585, 25.958448, 0.0)
(35.979797, 25.945726, 0.0)
(35.987831, 25.930666, 0.0)
(35.996033, 25.873829, 0.0)
(37.973446, 23.454288, 0.0)
(40.297935, 21.323076, 0.0)
(41.358971, 20.478489, 0.0)
(41.554947, 20.255957, 0.0)
(41.562969, 20.315929, 0.0)
(41.663349, 20.132820, 0.0)
(41.706779, 19.937952, 0.0)
(41.736641, 19.933168, 0.0)
(41.779613, 19.980787, 0.0)
(41.758533, 19.935558, 0.0)
(41.835438, 19.883152, 0.0)
(41.889175, 19.774788, 0.0)
(41.875893, 19.790640, 0.0)
(41.890663, 19.786209, 0.0)
(41.887268, 19.794306, 0.0)
(41.639397, 19.515688, 0.0)
(41.588104, 19.496361, 0.0)
(41.590363, 19.475969, 0.0)
(41.715488, 19.530790, 0.0)
(41.742336, 19.610958, 0.0)
(41.725613, 19.638765, 0.0)
(41.708939, 19.648788, 0.0)
(41.704952, 19.643478, 0.0)
(41.714294, 19.660437, 0.0)
(41.728371, 19.632614, 0.0)
(41.684418, 19.603273, 0.0)
(41.654030, 19.568583, 0.0)
(41.659657, 19.559565, 0.0)
(41.659657, 19.559565, 0.0)
(41.653660, 19.573717, 0.0)
(41.620876, 19.611944, 0.0)
(41.639313, 19.594728, 0.0)
(41.637470, 19.600159, 0.0)
(41.625187, 19.587994, 0.0)
(41.573784, 19.597729, 0.0)
(41.378922, 19.571196, 0.0)
(41.229866, 19.540535, 0.0)
(41.198238, 19.548824, 0.0)
(41.572731, 19.803331, 0.0)
(42.456451, 20.437876, 0.0)
(42.998322, 20.965425, 0.0)
(43.062160, 21.008638, 0.0)
(43.037746, 20.989973, 0.0)
(43.083015, 20.980688, 0.0)
(43.316868, 21.192924, 0.0)
(43.327610, 21.153307, 0.0)
(43.324509, 21.146070, 0.0)
(43.311157, 21.128094, 0.0)
(43.316055, 21.133499, 0.0)
(43.315212, 21.128641, 0.0)
(43.314888, 21.142904, 0.0)
(43.295795, 21.114601, 0.0)
(43.303143, 21.107853, 0.0)
(43.294769, 21.091228, 0.0)
(43.304058, 21.146677, 0.0)
(43.318993, 21.179382, 0.0)
(43.318218, 21.197927, 0.0)
(43.338345, 21.206217, 0.0)
(43.345856, 21.200001, 0.0)
(43.345856, 21.200001, 0.0)
(43.355171, 21.157509, 0.0)
(43.361958, 21.126812, 0.0)
(43.336433, 21.174427, 0.0)
(43.326672, 21.175076, 0.0)
(43.339962, 21.148226, 0.0)
(43.334671, 21.146852, 0.0)
(43.331192, 21.173138, 0.0)
(43.345699, 21.192429, 0.0)
(43.319164, 21.181507, 0.0)
(43.309105, 21.180922, 0.0)
(43.296795, 21.181475, 0.0)
(43.296795, 21.181475, 0.0)
(43.269413, 21.172403, 0.0)
(43.227795, 21.185133, 0.0)
(43.218235, 21.195946, 0.0)
(43.177807, 21.168604, 0.0)
(43.175175, 22.893358, 0.0)
(42.723194, 27.480961, 0.0)
(42.315857, 28.160000, 0.0)
(42.262756, 28.047606, 0.0)
(42.272316, 27.928532, 0.0)
(42.253170, 27.868681, 0.0)
(42.207466, 27.856707, 0.0)
(42.200310, 27.848087, 0.0)
(42.200310, 27.848087, 0.0)
(42.200310, 27.848087, 0.0)
(42.180576, 27.890358, 0.0)
(42.198502, 27.892870, 0.0)
(42.208931, 27.883524, 0.0)
(42.202499, 27.870085, 0.0)
(42.170326, 27.832205, 0.0)
(42.168495, 27.812523, 0.0)
(42.168221, 27.815790, 0.0)
(42.163979, 27.806072, 0.0)
(42.160309, 27.803625, 0.0)
(42.165554, 27.767118, 0.0)
(42.173710, 27.732138, 0.0)
(42.310993, 27.543192, 0.0)
(42.314556, 27.518553, 0.0)
(42.326344, 27.547110, 0.0)
(42.348171, 27.530869, 0.0)
(42.379173, 27.500063, 0.0)
(42.370152, 27.505383, 0.0)
(42.382881, 27.502394, 0.0)
(42.385635, 27.471014, 0.0)
(42.395863, 27.454468, 0.0)
(42.391846, 27.446558, 0.0)
(42.442627, 27.381163, 0.0)
(42.609547, 27.050167, 0.0)
(42.635368, 26.987791, 0.0)
(42.609234, 26.970285, 0.0)
(42.606056, 26.897940, 0.0)
(42.601154, 26.887733, 0.0)
(42.577301, 26.876369, 0.0)
(44.037518, 27.656870, 0.0)
(44.771297, 28.026510, 0.0)
(44.765541, 28.051905, 0.0)
(44.725128, 28.034622, 0.0)
(44.725128, 28.034622, 0.0)
(44.742939, 28.062996, 0.0)
(44.695034, 27.999258, 0.0)
(44.742245, 28.753113, 0.0)
(44.637157, 27.668703, 0.0)
(44.711819, 27.347847, 0.0)
(44.764549, 27.295841, 0.0)
(44.764973, 27.346645, 0.0)
(44.763004, 27.359974, 0.0)
(44.759037, 27.357412, 0.0)
(44.747494, 27.350075, 0.0)
(44.736752, 27.313019, 0.0)
(44.748318, 27.287685, 0.0)
(44.681522, 26.931616, 0.0)
(44.624893, 26.521709, 0.0)
(44.552639, 26.181307, 0.0)
(44.552464, 26.168308, 0.0)
(44.569431, 26.148981, 0.0)
(44.559803, 26.096449, 0.0)
(44.564598, 26.093500, 0.0)
(44.577576, 26.110586, 0.0)
(44.579411, 26.117962, 0.0)
(44.560593, 26.116129, 0.0)
(44.543495, 26.086260, 0.0)
(44.556568, 26.077721, 0.0)
(44.520489, 26.061310, 0.0)
(44.467953, 26.037674, 0.0)
(44.455463, 25.995033, 0.0)
(44.464207, 25.944378, 0.0)
(44.428482, 25.910166, 0.0)
(42.242821, 24.770666, 0.0)
(37.948540, 22.820421, 0.0)
(34.156696, 21.653334, 0.0)
(31.023928, 21.286448, 0.0)
(28.512024, 21.732943, 0.0)
(26.825222, 22.196911, 0.0)
(26.191759, 22.443903, 0.0)
(25.918932, 22.596720, 0.0)
(25.811010, 22.613403, 0.0)
(25.811142, 22.562849, 0.0)
(25.833210, 22.515486, 0.0)
(25.493345, 22.519001, 0.0)
(24.870636, 22.243357, 0.0)
(24.849497, 22.170940, 0.0)
(24.865219, 22.200813, 0.0)
(24.863377, 22.188114, 0.0)
(24.838041, 22.227575, 0.0)
(24.796572, 22.268524, 0.0)
(24.792294, 22.243517, 0.0)
(24.808323, 22.222191, 0.0)
(24.819519, 22.212315, 0.0)
(24.818563, 22.206343, 0.0)
(24.800154, 22.248341, 0.0)
(24.801907, 22.240175, 0.0)
(24.810177, 22.221350, 0.0)
(24.829521, 22.172512, 0.0)
(24.834436, 22.151529, 0.0)
(24.857435, 22.164198, 0.0)
(24.876451, 22.191229, 0.0)
(24.897539, 22.203650, 0.0)
(24.958515, 22.138218, 0.0)
(24.974476, 22.145979, 0.0)
(24.994579, 22.174131, 0.0)
(25.020073, 22.156000, 0.0)
(25.025265, 22.177340, 0.0)
(25.033150, 22.196976, 0.0)
(25.049084, 22.207041, 0.0)
(27.758514, 20.452370, 0.0)
(28.545435, 19.776245, 0.0)
(28.465580, 19.794405, 0.0)
(28.428072, 19.829987, 0.0)
(28.392717, 19.874849, 0.0)
(28.391525, 19.880676, 0.0)
(28.389791, 19.861912, 0.0)
(28.381458, 19.843931, 0.0)
(28.387136, 19.826616, 0.0)
(28.371920, 19.824928, 0.0)
(28.281780, 19.748343, 0.0)
(28.267891, 19.729155, 0.0)
(28.263977, 19.747824, 0.0)
(28.220085, 19.787523, 0.0)
(28.221771, 19.766752, 0.0)
(28.218597, 19.760288, 0.0)
(28.209541, 19.742420, 0.0)
(28.186367, 19.711031, 0.0)
(28.172459, 19.744938, 0.0)
(28.159395, 19.757658, 0.0)
(28.163172, 19.739374, 0.0)
(28.097914, 19.679464, 0.0)
(28.058846, 19.704985, 0.0)
(28.066229, 19.702217, 0.0)
(28.048239, 19.733765, 0.0)
(28.055384, 19.695951, 0.0)
(28.092194, 19.658033, 0.0)
(28.113241, 19.645596, 0.0)
(28.101259, 19.669601, 0.0)
(28.088247, 19.680513, 0.0)
(28.073864, 19.686192, 0.0)
(28.079830, 19.698385, 0.0)
(28.076866, 19.694330, 0.0)
(28.076866, 19.694330, 0.0)
(28.094160, 19.692818, 0.0)
(28.107128, 19.682051, 0.0)
(28.091148, 19.688747, 0.0)
(28.072775, 19.708448, 0.0)
(28.044695, 19.770697, 0.0)
(26.558828, 21.409990, 0.0)
(26.442638, 21.652967, 0.0)
(26.489223, 21.606678, 0.0)
(26.508827, 21.605356, 0.0)
(26.508827, 21.605356, 0.0)
(26.509354, 21.594023, 0.0)
(26.515923, 21.567476, 0.0)
(26.515923, 21.567476, 0.0)
(26.524996, 21.568056, 0.0)
(26.511099, 21.593241, 0.0)
(26.519241, 21.613649, 0.0)
(26.373949, 21.671774, 0.0)
(26.346237, 21.697840, 0.0)
(26.352543, 21.693123, 0.0)
(26.370230, 21.637127, 0.0)
(26.369295, 21.631470, 0.0)
(26.344673, 21.664621, 0.0)
(26.296659, 21.665737, 0.0)
(26.297255, 21.652031, 0.0)
(26.305965, 21.606060, 0.0)
(26.305965, 21.606060, 0.0)
(26.296793, 21.603651, 0.0)
(26.317076, 21.573051, 0.0)
(26.351704, 21.549503, 0.0)
(26.342730, 21.556044, 0.0)
(26.342730, 21.556044, 0.0)
(26.346619, 21.550877, 0.0)
(26.365620, 21.549700, 0.0)
(26.391851, 21.564552, 0.0)
(26.376017, 21.587484, 0.0)
(26.387138, 21.602068, 0.0)
(26.395144, 21.593563, 0.0)
(26.402412, 21.590916, 0.0)
(26.394072, 21.583914, 0.0)
(26.404245, 21.560656, 0.0)
(26.410639, 21.577486, 0.0)
(26.398972, 21.610729, 0.0)
(30.620829, 21.872751, 0.0)
(33.025463, 22.299110, 0.0)
(32.948376, 22.343582, 0.0)
(32.795757, 22.295511, 0.0)
(32.770226, 22.271099, 0.0)
(32.744869, 22.202999, 0.0)
(33.006905, 22.158861, 0.0)
(33.077427, 22.201273, 0.0)
(33.055702, 22.183527, 0.0)
(32.827663, 22.029758, 0.0)
(32.932354, 23.711712, 0.0)
(32.785145, 23.378506, 0.0)
(32.771290, 22.171297, 0.0)
(32.797169, 21.874048, 0.0)
(32.815495, 21.887827, 0.0)
(32.840305, 21.932695, 0.0)
(32.843117, 21.946695, 0.0)
(32.860130, 21.969778, 0.0)
(32.875957, 21.921820, 0.0)
(32.873619, 21.951862, 0.0)
(32.877274, 21.981497, 0.0)
(32.910278, 21.980448, 0.0)
(32.985107, 21.983063, 0.0)
(32.990051, 21.944817, 0.0)
(32.991093, 21.909317, 0.0)
(32.969090, 21.914278, 0.0)
(32.984535, 21.930561, 0.0)
(33.071117, 21.909382, 0.0)
(33.087746, 21.908545, 0.0)
(33.103638, 21.892958, 0.0)
(33.090080, 21.908567, 0.0)
(33.089680, 21.909451, 0.0)
(33.071960, 21.884504, 0.0)
(33.088821, 21.858551, 0.0)
(33.106396, 21.892164, 0.0)
(33.280571, 21.833338, 0.0)
(33.297256, 21.825953, 0.0)
(35.590286, 22.568930, 0.0)
(39.684994, 24.594563, 0.0)
(40.627972, 25.024670, 0.0)
(40.697357, 25.034044, 0.0)
(40.613251, 24.974463, 0.0)
(40.595913, 24.915852, 0.0)
(40.574436, 24.881927, 0.0)
(40.643600, 24.899029, 0.0)
(40.691441, 24.946032, 0.0)
(40.676231, 24.952278, 0.0)
(40.567726, 24.876368, 0.0)
(40.636501, 25.502792, 0.0)
(40.672340, 24.854576, 0.0)
(40.732620, 24.730387, 0.0)
(40.741554, 24.778994, 0.0)
(40.700329, 24.795303, 0.0)
(40.693642, 24.778505, 0.0)
(40.709724, 24.751596, 0.0)
(40.683506, 24.751226, 0.0)
(40.679249, 24.844297, 0.0)
(40.667725, 24.877131, 0.0)
(40.658058, 24.861538, 0.0)
(40.657753, 24.865671, 0.0)
(40.652119, 24.863365, 0.0)
(40.665829, 24.826309, 0.0)
(40.652538, 24.859297, 0.0)
(40.645798, 24.876783, 0.0)
(40.632320, 24.902788, 0.0)
(40.620937, 24.891239, 0.0)
(40.602165, 24.904057, 0.0)
(40.582993, 24.874844, 0.0)
(40.577991, 24.864199, 0.0)
(40.592777, 24.823938, 0.0)
(40.550396, 24.833118, 0.0)
(40.515137, 24.854652, 0.0)
(40.460487, 24.848629, 0.0)
(36.223099, 23.527754, 0.0)
(31.755693, 22.068211, 0.0)
(28.554638, 21.398668, 0.0)
(26.806223, 21.305983, 0.0)
(26.162985, 21.284252, 0.0)
(26.166269, 21.259275, 0.0)
(26.193546, 21.228725, 0.0)
(25.496105, 21.434055, 0.0)
(24.836504, 21.475771, 0.0)
(24.817619, 21.439257, 0.0)
(24.837370, 21.427027, 0.0)
(24.798767, 21.432766, 0.0)
(24.759703, 21.399504, 0.0)
(24.758551, 21.386026, 0.0)
(24.834873, 21.325031, 0.0)
(24.846199, 21.251474, 0.0)
(24.839468, 21.263685, 0.0)
(24.822865, 21.289181, 0.0)
(24.804708, 21.296242, 0.0)
(24.811829, 21.286982, 0.0)
(24.822956, 21.251833, 0.0)
(24.848190, 21.219973, 0.0)
(24.850866, 21.236120, 0.0)
(24.863264, 21.258265, 0.0)
(25.147333, 21.144970, 0.0)
(25.424879, 21.100687, 0.0)
(25.882662, 21.016920, 0.0)
(26.077730, 21.046862, 0.0)
(26.052359, 21.114582, 0.0)
(26.468416, 20.933821, 0.0)
(26.585552, 20.898273, 0.0)
(26.555246, 20.899925, 0.0)
(26.552601, 20.895622, 0.0)
(26.528288, 20.911888, 0.0)
(26.527199, 20.931581, 0.0)
(26.501282, 20.917408, 0.0)
(26.528263, 21.016151, 0.0)
(27.159510, 23.114176, 0.0)
(27.185146, 25.259363, 0.0)
(27.053486, 25.713861, 0.0)
(26.993265, 25.677584, 0.0)
(26.908251, 25.620750, 0.0)
(26.855896, 25.592218, 0.0)
(26.868347, 25.638119, 0.0)
(26.888319, 25.894096, 0.0)
(26.929056, 25.964481, 0.0)
(26.951744, 25.939400, 0.0)
(26.979187, 25.953110, 0.0)
(26.986309, 25.974924, 0.0)
(26.997252, 26.003082, 0.0)
(27.006947, 26.027470, 0.0)
(27.019386, 25.992922, 0.0)
(27.018188, 25.996687, 0.0)
(27.029720, 26.050587, 0.0)
(27.014200, 26.047112, 0.0)
(27.022518, 26.064747, 0.0)
(27.035952, 26.027391, 0.0)
(26.992266, 26.040230, 0.0)
(26.991228, 26.021553, 0.0)
(26.981508, 25.942684, 0.0)
(26.988379, 25.911148, 0.0)
(26.909407, 25.861307, 0.0)
(26.889513, 25.887981, 0.0)
(26.892925, 25.918316, 0.0)
(26.888697, 25.895531, 0.0)
(26.889185, 25.897633, 0.0)
(26.881924, 25.859890, 0.0)
(26.895775, 25.826996, 0.0)
(27.295685, 25.515713, 0.0)
(0.000000, 0.000000, 1.0)
(29.470219, 22.582993, 0.0)
(29.474899, 21.862719, 0.0)
(29.531919, 21.856411, 0.0)
(29.560549, 21.894302, 0.0)
(29.536102, 21.896473, 0.0)
(32.486439, 22.653847, 0.0)
(34.098488, 23.547041, 0.0)
(34.120293, 23.567017, 0.0)
(34.094864, 23.493265, 0.0)
(34.082203, 23.465288, 0.0)
(33.988987, 23.405956, 0.0)
(33.843903, 24.971535, 0.0)
(0.000000, 0.000000, 1.0)
(33.320053, 24.412233, 0.0)
(33.288017, 23.857641, 0.0)
(33.302540, 23.711676, 0.0)
(33.318703, 23.720900, 0.0)
(33.322639, 23.628569, 0.0)
(33.238068, 23.582312, 0.0)
(33.219421, 23.539019, 0.0)
(33.234482, 23.472910, 0.0)
(33.222157, 23.475967, 0.0)
(33.209332, 23.458035, 0.0)
(33.227161, 23.414942, 0.0)
(33.432644, 23.188946, 0.0)
(33.446854, 23.080778, 0.0)
(33.446617, 23.110165, 0.0)
(33.452324, 23.150431, 0.0)
(33.854301, 22.925291, 0.0)
(34.229595, 22.504000, 0.0)
(34.285072, 22.457630, 0.0)
(34.287189, 22.475050, 0.0)
(34.280144, 22.465267, 0.0)
(34.553764, 22.415464, 0.0)
(34.737862, 22.434706, 0.0)
(34.730701, 22.437944, 0.0)
(34.715130, 22.423302, 0.0)
(35.121834, 22.582314, 0.0)
(39.158718, 24.350962, 0.0)
(40.492416, 25.642914, 0.0)
(40.519520, 25.649162, 0.0)
(40.483246, 25.650059, 0.0)
(40.477192, 25.654701, 0.0)
(40.677906, 25.952923, 0.0)
(40.802898, 26.142689, 0.0)
(40.806847, 26.123581, 0.0)
(40.802898, 26.142689, 0.0)
(40.806046, 26.145996, 0.0)
(40.805893, 26.133783, 0.0)
(40.807373, 26.164766, 0.0)
(40.816029, 26.134285, 0.0)
(40.820507, 26.139242, 0.0)
(40.825874, 26.147573, 0.0)
(40.826778, 26.155537, 0.0)
(40.828743, 26.168489, 0.0)
(40.839874, 26.184488, 0.0)
(40.841003, 26.160059, 0.0)
(40.839619, 26.169807, 0.0)
(40.851860, 26.137062, 0.0)
(40.852810, 26.147387, 0.0)
(40.840649, 26.162493, 0.0)
(40.823353, 26.172657, 0.0)
(40.803547, 26.122311, 0.0)
(40.838367, 26.097801, 0.0)
(40.828518, 26.095043, 0.0)
(40.820683, 26.129839, 0.0)
(40.837849, 26.125874, 0.0)
(40.837902, 26.120749, 0.0)
(40.841824, 26.092648, 0.0)
(40.837193, 26.073135, 0.0)
(40.848125, 26.069466, 0.0)
(40.835342, 26.078501, 0.0)
(40.821949, 26.103935, 0.0)
(40.808846, 26.101889, 0.0)
(40.805218, 26.102537, 0.0)
(40.639164, 25.959839, 0.0)
(37.625935, 23.176826, 0.0)
(35.492226, 20.193817, 0.0)
(34.336582, 18.814260, 0.0)
(33.583061, 18.132776, 0.0)
(33.301357, 17.788897, 0.0)
(33.152767, 17.677092, 0.0)
(33.118069, 17.714849, 0.0)
(32.975082, 17.607008, 0.0)
(32.841190, 17.523502, 0.0)
(32.871117, 17.493122, 0.0)
(32.870934, 17.444380, 0.0)
(32.840656, 17.426634, 0.0)
(32.765820, 17.305706, 0.0)
(32.700249, 17.338165, 0.0)
(32.710228, 17.325975, 0.0)
(32.713902, 17.323658, 0.0)
(32.719643, 17.314756, 0.0)
(32.717903, 17.322388, 0.0)
(32.710945, 17.321751, 0.0)
(32.715813, 17.337549, 0.0)
(32.709843, 17.291880, 0.0)
(32.719334, 17.315147, 0.0)
(32.619251, 17.381197, 0.0)
(32.416298, 17.425005, 0.0)
(32.411457, 17.413696, 0.0)
(32.411457, 17.413696, 0.0)
(32.374565, 17.446154, 0.0)
(32.382427, 17.477539, 0.0)
(32.385548, 17.474480, 0.0)
(32.385090, 17.459209, 0.0)
(32.380718, 17.435698, 0.0)
(32.377445, 17.468111, 0.0)
(32.380875, 17.490307, 0.0)
(32.391983, 17.512005, 0.0)
(32.391830, 17.517473, 0.0)
(32.366150, 17.513369, 0.0)
(32.368275, 17.527927, 0.0)
(34.851864, 17.804445, 0.0)
(39.347370, 18.563454, 0.0)
(42.178280, 19.811852, 0.0)
(43.545074, 20.906578, 0.0)
(43.790810, 21.159489, 0.0)
(43.916653, 21.307652, 0.0)
(44.072784, 21.405270, 0.0)
(44.092232, 21.390364, 0.0)
(44.460148, 21.768534, 0.0)
(44.684166, 22.073812, 0.0)
(44.682274, 22.072927, 0.0)
(44.649738, 22.042524, 0.0)
(44.715473, 22.114655, 0.0)
(44.797432, 22.288548, 0.0)
(44.787739, 22.293722, 0.0)
(44.774277, 22.267717, 0.0)
(44.787155, 22.285812, 0.0)
(44.774342, 22.260124, 0.0)
(44.824490, 22.282124, 0.0)
(44.806923, 22.254232, 0.0)
(44.808346, 22.247782, 0.0)
(44.808865, 22.229116, 0.0)
(44.804790, 22.220301, 0.0)
(44.766098, 22.222412, 0.0)
(44.753757, 22.220171, 0.0)
(44.775780, 22.185125, 0.0)
(44.786823, 22.182844, 0.0)
(44.761463, 22.216068, 0.0)
(44.777393, 22.238632, 0.0)
(44.765553, 22.175545, 0.0)
(44.764027, 22.158606, 0.0)
(44.746010, 22.104616, 0.0)
(44.729374, 22.054842, 0.0)
(44.705074, 22.051733, 0.0)
(44.683659, 22.059017, 0.0)
(44.682953, 22.098263, 0.0)
(44.666759, 22.099812, 0.0)
(44.647522, 22.054720, 0.0)
(43.597126, 20.091997, 0.0)
(43.324604, 19.092426, 0.0)
(43.277428, 19.168425, 0.0)
(43.285625, 19.265514, 0.0)
(43.100582, 18.934105, 0.0)
(42.941040, 18.606153, 0.0)
(42.954399, 18.588566, 0.0)
(42.943279, 18.601496, 0.0)
(42.946209, 18.606516, 0.0)
(42.936710, 18.569347, 0.0)
(42.929810, 18.473469, 0.0)
(42.924736, 18.459635, 0.0)
(42.961250, 18.445910, 0.0)
(42.953144, 18.432079, 0.0)
(42.951302, 18.412983, 0.0)
(42.949871, 18.447632, 0.0)
(42.974426, 18.443304, 0.0)
(42.976730, 18.456573, 0.0)
(42.976730, 18.456573, 0.0)
(42.976025, 18.439421, 0.0)
(42.923115, 18.455004, 0.0)
(42.886711, 18.460064, 0.0)
(42.927441, 18.452127, 0.0)
(42.810169, 18.367868, 0.0)
(42.747795, 18.360054, 0.0)
(42.709450, 18.416327, 0.0)
(42.587788, 18.310959, 0.0)
(42.503716, 18.339165, 0.0)
(42.475704, 18.348309, 0.0)
(42.392258, 18.366369, 0.0)
(42.339302, 18.368437, 0.0)
(42.300812, 18.318245, 0.0)
(42.262745, 18.337063, 0.0)
(42.010891, 18.395376, 0.0)
(41.936516, 18.435627, 0.0)
(41.861824, 18.397747, 0.0)
(41.590904, 18.564896, 0.0)
(41.406311, 18.588976, 0.0)
(41.364792, 18.602774, 0.0)
(41.730865, 19.702154, 0.0)
(42.707928, 21.762098, 0.0)
(43.646313, 23.296877, 0.0)
(44.285599, 24.761559, 0.0)
(44.525909, 25.600615, 0.0)
(44.663620, 26.298048, 0.0)
(44.686012, 26.682835, 0.0)
(44.730694, 26.941071, 0.0)
(44.768093, 27.300308, 0.0)
(44.817574, 27.689846, 0.0)
(44.861118, 27.849524, 0.0)
(44.895584, 27.919060, 0.0)
(44.886021, 27.894846, 0.0)
(44.874973, 27.846973, 0.0)
(44.890007, 27.744129, 0.0)
(44.890926, 27.708618, 0.0)
(44.878780, 27.676664, 0.0)
(44.862003, 27.524160, 0.0)
(44.851318, 27.513102, 0.0)
(44.839710, 27.292746, 0.0)
(44.837082, 26.941013, 0.0)
(44.798492, 26.475410, 0.0)
(44.796886, 26.111197, 0.0)
(44.743584, 25.827692, 0.0)
(44.720570, 25.516516, 0.0)
(44.704670, 25.334280, 0.0)
(44.683044, 24.874359, 0.0)
(44.670769, 24.682339, 0.0)
(44.646183, 24.627693, 0.0)
(44.483868, 24.346214, 0.0)
(44.453743, 24.275457, 0.0)
(44.463715, 24.287615, 0.0)
(44.465572, 24.247795, 0.0)
(44.432735, 24.225367, 0.0)
(44.433296, 24.225586, 0.0)
(44.399986, 24.219828, 0.0)
(44.297173, 24.158056, 0.0)
(40.709763, 22.405363, 0.0)
(36.593750, 20.633429, 0.0)
(33.578045, 19.989183, 0.0)
(32.650246, 19.767620, 0.0)
(32.571114, 19.552437, 0.0)
(32.525726, 19.482471, 0.0)
(32.526398, 19.438166, 0.0)
(32.512962, 19.392355, 0.0)
(31.961929, 19.534687, 0.0)
(31.811546, 19.539362, 0.0)
(31.792101, 19.470976, 0.0)
(31.443169, 19.488541, 0.0)
(31.252007, 19.498571, 0.0)
(31.221899, 19.424284, 0.0)
(30.915104, 19.545151, 0.0)
(30.666716, 19.598236, 0.0)
(30.632395, 19.602749, 0.0)
(30.558102, 19.586737, 0.0)
(30.467718, 19.494133, 0.0)
(30.454317, 19.431353, 0.0)
(30.502596, 19.355553, 0.0)
(30.542212, 19.347914, 0.0)
(30.484310, 19.376373, 0.0)
(30.436455, 19.452776, 0.0)
(30.630224, 19.422031, 0.0)
(30.695061, 19.382996, 0.0)
(30.690437, 19.422138, 0.0)
(30.687939, 19.483898, 0.0)
(30.684696, 19.508375, 0.0)
(30.667072, 19.521727, 0.0)
(30.680649, 19.504969, 0.0)
(30.687393, 19.463390, 0.0)
(30.709625, 19.521605, 0.0)
(30.707636, 19.540621, 0.0)
(30.689888, 19.549120, 0.0)
(30.685141, 19.549742, 0.0)
(30.890566, 19.700670, 0.0)
(34.065075, 22.503941, 0.0)
(36.146408, 25.152683, 0.0)
(36.474541, 26.291142, 0.0)
(36.449692, 26.452038, 0.0)
(36.523212, 26.644251, 0.0)
(36.754078, 27.611671, 0.0)
(36.801140, 28.839434, 0.0)
(36.764988, 29.052246, 0.0)
(36.698326, 28.875801, 0.0)
(36.694611, 28.865971, 0.0)
(36.656578, 28.862856, 0.0)
(36.664196, 28.922064, 0.0)
(36.651646, 28.930481, 0.0)
(36.635780, 28.948256, 0.0)
(36.591320, 28.954489, 0.0)
(36.600113, 29.004467, 0.0)
(36.604088, 29.065908, 0.0)
(36.641228, 29.165668, 0.0)
(36.638000, 29.207344, 0.0)
(36.630013, 29.239302, 0.0)
(36.632320, 29.296425, 0.0)
(36.623333, 29.293985, 0.0)
(36.626225, 29.361835, 0.0)
(36.529789, 29.270092, 0.0)
(36.482517, 28.902901, 0.0)
(36.446419, 21.995890, 0.0)
(36.425434, 21.249615, 0.0)
(36.492981, 20.976999, 0.0)
(36.573540, 20.899139, 0.0)
(36.761993, 20.871330, 0.0)
(36.775074, 20.895647, 0.0)
(36.760601, 20.891256, 0.0)
(36.749340, 20.873846, 0.0)
(36.725044, 20.854008, 0.0)
(36.714897, 20.812784, 0.0)
(36.902477, 20.740141, 0.0)
(40.938526, 20.489178, 0.0)
(43.187370, 20.611282, 0.0)
(43.777630, 20.689402, 0.0)
(43.994736, 20.664738, 0.0)
(44.104713, 20.641142, 0.0)
(44.171097, 20.683779, 0.0)
(44.391026, 20.689808, 0.0)
(44.503742, 20.593527, 0.0)
(44.481892, 20.585833, 0.0)
(44.466946, 20.508993, 0.0)
(44.514156, 20.413767, 0.0)
(44.617088, 20.180285, 0.0)
(44.755989, 20.021179, 0.0)
(44.742912, 20.063938, 0.0)
(44.784767, 20.004654, 0.0)
(44.720234, 20.055256, 0.0)
(44.760365, 19.875164, 0.0)
(44.765602, 19.796024, 0.0)
(44.697495, 19.868864, 0.0)
(44.722443, 19.762123, 0.0)
(44.745312, 19.762230, 0.0)
(44.684200, 19.736004, 0.0)
(44.618626, 19.716228, 0.0)
(44.626465, 19.676001, 0.0)
(44.615150, 19.736122, 0.0)
(44.617069, 19.745054, 0.0)
(44.622662, 19.722784, 0.0)
(44.625732, 19.668312, 0.0)
(44.607208, 19.700073, 0.0)
(44.038429, 19.963926, 0.0)
(43.483257, 20.004381, 0.0)
(43.356236, 19.991974, 0.0)
(43.325024, 19.976898, 0.0)
(43.280163, 19.970356, 0.0)
(43.270668, 19.989445, 0.0)
(43.235638, 20.027462, 0.0)
(43.223721, 20.110071, 0.0)
(43.597187, 23.338045, 0.0)
(43.861389, 25.556707, 0.0)
(43.818581, 25.548536, 0.0)
(43.778778, 25.418272, 0.0)
(43.743649, 25.403912, 0.0)
(43.756294, 25.389355, 0.0)
(43.758308, 25.399300, 0.0)
(43.756336, 25.417160, 0.0)
(43.769596, 25.485817, 0.0)
(43.764503, 25.494017, 0.0)
(43.757305, 25.521141, 0.0)
(43.764160, 25.535664, 0.0)
(43.760529, 25.526922, 0.0)
(43.747295, 25.581566, 0.0)
(43.728611, 25.600000, 0.0)
(43.857826, 25.683798, 0.0)
(43.884102, 25.678251, 0.0)
(43.909058, 25.731794, 0.0)
(43.911983, 25.799072, 0.0)
(43.897404, 25.774380, 0.0)
(43.911076, 25.792576, 0.0)
(43.908363, 25.773312, 0.0)
(43.906799, 25.740587, 0.0)
(43.906799, 25.740587, 0.0)
(43.902737, 25.736809, 0.0)
(43.918522, 25.714632, 0.0)
(43.917698, 25.700722, 0.0)
(43.907799, 25.734221, 0.0)
(43.907799, 25.734221, 0.0)
(43.916771, 25.722319, 0.0)
(43.903324, 25.715307, 0.0)
(43.892353, 25.718033, 0.0)
(43.899303, 25.711523, 0.0)
(43.895004, 25.698866, 0.0)
(43.882210, 25.717770, 0.0)
(43.861038, 25.738804, 0.0)
(43.853096, 25.731281, 0.0)
(43.852291, 25.732239, 0.0)
(41.890377, 26.361288, 0.0)
(38.011948, 27.940355, 0.0)
(34.792126, 28.751295, 0.0)
(34.075840, 28.832666, 0.0)
(34.074265, 28.760979, 0.0)
(34.064816, 28.685236, 0.0)
(34.024857, 28.648973, 0.0)
(33.932358, 28.632406, 0.0)
(33.950989, 28.626011, 0.0)
(33.931702, 28.531828, 0.0)
(33.905838, 28.516176, 0.0)
(33.907867, 28.436460, 0.0)
(33.708763, 29.223328, 0.0)
(33.687328, 30.759481, 0.0)
(33.777714, 29.947699, 0.0)
(33.719730, 29.417538, 0.0)
(33.705940, 29.416151, 0.0)
(33.757076, 29.471329, 0.0)
(33.751472, 29.461514, 0.0)
(33.727180, 29.397747, 0.0)
(33.944363, 29.026186, 0.0)
(33.999290, 28.872116, 0.0)
(33.979805, 28.832417, 0.0)
(33.906918, 28.925434, 0.0)
(34.093510, 27.552094, 0.0)
(34.357265, 25.226606, 0.0)
(34.257305, 24.161749, 0.0)
(34.193130, 24.035452, 0.0)
(34.131603, 24.089510, 0.0)
(34.185585, 24.030275, 0.0)
(34.291908, 23.799704, 0.0)
(34.278870, 23.757093, 0.0)
(34.271454, 23.794674, 0.0)
(34.270447, 23.845818, 0.0)
(34.241413, 23.883129, 0.0)
(34.345760, 23.632236, 0.0)
(36.320084, 21.112545, 0.0)
(37.362877, 18.622446, 0.0)
(37.332054, 17.446976, 0.0)
(37.305939, 17.257090, 0.0)
(37.440792, 17.254993, 0.0)
(37.438686, 17.301100, 0.0)
(37.427872, 17.333982, 0.0)
(37.474884, 17.266306, 0.0)
(37.467354, 17.098583, 0.0)
(37.455330, 16.742472, 0.0)
(37.456043, 16.733635, 0.0)
(37.501823, 16.777597, 0.0)
(37.489597, 16.771120, 0.0)
(37.354702, 16.623884, 0.0)
(37.297394, 16.563389, 0.0)
(37.304184, 16.568098, 0.0)
(37.311676, 16.577749, 0.0)
(37.333771, 16.555067, 0.0)
(37.240669, 16.510645, 0.0)
(37.202244, 16.551527, 0.0)
(37.216728, 16.542263, 0.0)
(37.207649, 16.521439, 0.0)
(37.208397, 16.485109, 0.0)
(37.066601, 16.558662, 0.0)
(37.020569, 16.600307, 0.0)
(37.012356, 16.626072, 0.0)
(36.990154, 16.683010, 0.0)
(36.964645, 16.714447, 0.0)
(36.976955, 16.704329, 0.0)
(36.986412, 16.712482, 0.0)
(36.998913, 16.692854, 0.0)
(36.982105, 16.696918, 0.0)
(36.958118, 16.710585, 0.0)
(36.955276, 16.703718, 0.0)
(36.939510, 16.741928, 0.0)
(36.948189, 16.801968, 0.0)
(34.063492, 19.394310, 0.0)
(30.774855, 23.008846, 0.0)
(29.227499, 25.421371, 0.0)
(28.941772, 25.562645, 0.0)
(28.796217, 25.471968, 0.0)
(28.450188, 25.776169, 0.0)
(28.411324, 25.726830, 0.0)
(28.418972, 25.600401, 0.0)
(28.663313, 25.376225, 0.0)
(28.898592, 25.306448, 0.0)
(28.852827, 25.269564, 0.0)
(28.841986, 25.259293, 0.0)
(28.824711, 25.280811, 0.0)
(28.817400, 25.280884, 0.0)
(28.817417, 25.263475, 0.0)
(28.679329, 25.589148, 0.0)
(28.308544, 26.198896, 0.0)
(28.301693, 25.775471, 0.0)
(28.369617, 25.659805, 0.0)
(28.348478, 25.440041, 0.0)
(28.336626, 25.425411, 0.0)
(28.344084, 25.466486, 0.0)
(28.356861, 25.439278, 0.0)
(28.402225, 25.361849, 0.0)
(28.426540, 25.377253, 0.0)
(28.436710, 25.413237, 0.0)
(28.494070, 25.409807, 0.0)
(28.566980, 25.372147, 0.0)
(28.591589, 25.324844, 0.0)
(28.624735, 25.312067, 0.0)
(28.632439, 25.291101, 0.0)
(28.640703, 25.180664, 0.0)
(28.642662, 25.178833, 0.0)
(28.579502, 25.232397, 0.0)
(28.588284, 25.327868, 0.0)
(28.703621, 25.201942, 0.0)
(33.198849, 22.812399, 0.0)
(38.337608, 21.604374, 0.0)
(41.401825, 21.901766, 0.0)
(41.972439, 22.031490, 0.0)
(41.952629, 22.004503, 0.0)
(41.909290, 21.942421, 0.0)
(42.166298, 21.931360, 0.0)
(42.233727, 21.918806, 0.0)
(42.216450, 21.927366, 0.0)
(42.239033, 21.884163, 0.0)
(42.272488, 21.865955, 0.0)
(42.309605, 21.870245, 0.0)
(42.301083, 21.847816, 0.0)
(42.300552, 21.811760, 0.0)
(42.305359, 21.757954, 0.0)
(42.299732, 21.719938, 0.0)
(42.288193, 21.728022, 0.0)
(42.278271, 21.726286, 0.0)
(42.279167, 21.742842, 0.0)
(42.274151, 21.752226, 0.0)
(42.270279, 21.719881, 0.0)
(42.133572, 21.683720, 0.0)
(41.943790, 21.494431, 0.0)
(41.889866, 21.478100, 0.0)
(41.893822, 21.479891, 0.0)
(41.871433, 21.506857, 0.0)
(41.869858, 21.534376, 0.0)
(41.865124, 21.574453, 0.0)
(41.869267, 21.586136, 0.0)
(41.856422, 21.577074, 0.0)
(41.851768, 21.570601, 0.0)
(41.857033, 21.577904, 0.0)
(41.847279, 21.553730, 0.0)
(41.814106, 21.558327, 0.0)
(41.825958, 21.583805, 0.0)
(41.830463, 21.528482, 0.0)
(41.813637, 21.554174, 0.0)
(38.805229, 19.907030, 0.0)
(36.824093, 18.639696, 0.0)
(36.870621, 18.636658, 0.0)
(36.917316, 18.699553, 0.0)
(36.929482, 18.680384, 0.0)
(37.115616, 18.588634, 0.0)
(37.202240, 18.176947, 0.0)
(37.225555, 18.892147, 0.0)
(37.302891, 18.813076, 0.0)
(37.190578, 17.810316, 0.0)
(37.225967, 17.765390, 0.0)
(37.270721, 17.872890, 0.0)
(37.296371, 17.854959, 0.0)
(37.391773, 17.920975, 0.0)
(37.503895, 17.951393, 0.0)
(37.495674, 17.950464, 0.0)
(37.480495, 17.935781, 0.0)
(37.514927, 17.955322, 0.0)
(37.495430, 17.972992, 0.0)
(37.499580, 17.988890, 0.0)
(37.478973, 17.957106, 0.0)
(37.478973, 17.957106, 0.0)
(37.505901, 17.997997, 0.0)
(37.443073, 18.045261, 0.0)
(37.434792, 18.041307, 0.0)
(37.423367, 18.047165, 0.0)
(37.405701, 18.038759, 0.0)
(37.374832, 18.035933, 0.0)
(37.372005, 18.073606, 0.0)
(37.348343, 18.084360, 0.0)
(37.343788, 18.075150, 0.0)
(37.340961, 18.069469, 0.0)
(37.327293, 18.064816, 0.0)
(37.301357, 18.072350, 0.0)
(37.285774, 18.107357, 0.0)
(37.285641, 18.102221, 0.0)
(37.268921, 18.097607, 0.0)
(34.504494, 20.271788, 0.0)
(32.125801, 22.910173, 0.0)
(32.015560, 23.319487, 0.0)
(32.050514, 23.174582, 0.0)
(31.412191, 23.457350, 0.0)
(31.145756, 23.657326, 0.0)
(31.143587, 23.608423, 0.0)
(31.132196, 23.595362, 0.0)
(30.921425, 23.682163, 0.0)
(30.873920, 23.784229, 0.0)
(30.853689, 23.722441, 0.0)
(30.855062, 23.712708, 0.0)
(30.849237, 23.708113, 0.0)
(30.836464, 23.715939, 0.0)
(30.843117, 23.749350, 0.0)
(30.826620, 23.749569, 0.0)
(30.814314, 23.796947, 0.0)
(30.801592, 23.804506, 0.0)
(30.830830, 23.778524, 0.0)
(30.832163, 23.763021, 0.0)
(30.830177, 23.807810, 0.0)
(30.838570, 23.834904, 0.0)
(30.842455, 23.874094, 0.0)
(30.852709, 23.884449, 0.0)
(30.881065, 23.860762, 0.0)
(30.890871, 23.843483, 0.0)
(30.923952, 23.797869, 0.0)
(30.911947, 23.834829, 0.0)
(30.910139, 23.839054, 0.0)
(30.920015, 23.859644, 0.0)
(30.912786, 23.856461, 0.0)
(31.569160, 23.721218, 0.0)
(32.328938, 23.698229, 0.0)
(33.460091, 23.763449, 0.0)
(34.213482, 23.849344, 0.0)
(34.369122, 23.847174, 0.0)
(34.892876, 23.915991, 0.0)
(35.003033, 23.975086, 0.0)
(35.101303, 23.905670, 0.0)
(37.725685, 22.884838, 0.0)
(38.636814, 21.700388, 0.0)
(38.621414, 21.743479, 0.0)
(38.564468, 21.831978, 0.0)
(38.514381, 21.887371, 0.0)
(38.495537, 21.855820, 0.0)
(38.496483, 21.838272, 0.0)
(38.494251, 21.789476, 0.0)
(38.338673, 21.935778, 0.0)
(38.590351, 23.451084, 0.0)
(38.381130, 22.825537, 0.0)
(38.162121, 21.873987, 0.0)
(38.115501, 21.667376, 0.0)
(38.162922, 21.729769, 0.0)
(38.182762, 21.724455, 0.0)
(38.183388, 21.719837, 0.0)
(38.193409, 21.689032, 0.0)
(38.010128, 21.780800, 0.0)
(37.952621, 21.869339, 0.0)
(37.908657, 21.844536, 0.0)
(37.965664, 21.832735, 0.0)
(38.051525, 21.877344, 0.0)
(38.086277, 21.895264, 0.0)
(38.086342, 21.909807, 0.0)
(38.086342, 21.909807, 0.0)
(38.098385, 21.903776, 0.0)
(38.099506, 21.894705, 0.0)
(38.124523, 21.894371, 0.0)
(38.129780, 21.885370, 0.0)
(38.119423, 21.897614, 0.0)
(38.094223, 21.936321, 0.0)
(38.097935, 21.946789, 0.0)
(38.103573, 21.955730, 0.0)
(38.117138, 21.932085, 0.0)
(38.105476, 21.938183, 0.0)
(38.115280, 21.942039, 0.0)
(40.133362, 21.519423, 0.0)
(42.109974, 21.286785, 0.0)
(43.132671, 21.121765, 0.0)
(43.436573, 21.088898, 0.0)
(43.485855, 21.110519, 0.0)
(43.473736, 21.153225, 0.0)
(43.468208, 21.099281, 0.0)
(43.467503, 20.716776, 0.0)
(43.433666, 20.409021, 0.0)
(43.502377, 20.439131, 0.0)
(43.527287, 20.505049, 0.0)
(43.525089, 20.472822, 0.0)
(43.525257, 20.470453, 0.0)
(43.534458, 20.420710, 0.0)
(43.476189, 20.338930, 0.0)
(43.456768, 20.345123, 0.0)
(43.456707, 20.356796, 0.0)
(43.472576, 20.388775, 0.0)
(43.477482, 20.383356, 0.0)
(43.496819, 20.384821, 0.0)
(43.486362, 20.342625, 0.0)
(43.499691, 20.380360, 0.0)
(43.496819, 20.384821, 0.0)
(43.444168, 20.351765, 0.0)
(43.424145, 20.318003, 0.0)
(43.421360, 20.310585, 0.0)
(43.411221, 20.305443, 0.0)
(43.398247, 20.287285, 0.0)
(43.398903, 20.294653, 0.0)
(43.374554, 20.278715, 0.0)
(43.203705, 20.195501, 0.0)
(43.187344, 20.232395, 0.0)
(43.187126, 20.225641, 0.0)
(43.166626, 20.202452, 0.0)
(43.159328, 20.194698, 0.0)
(43.182938, 20.177103, 0.0)
(43.165134, 20.225641, 0.0)
(43.127247, 20.258348, 0.0)
(40.684425, 20.580187, 0.0)
(36.789558, 22.165287, 0.0)
(33.496075, 23.966562, 0.0)
(30.842640, 26.078211, 0.0)
(29.162544, 27.140545, 0.0)
(28.210295, 27.607327, 0.0)
(28.184971, 27.470770, 0.0)
(28.216326, 27.342068, 0.0)
(28.188995, 27.283503, 0.0)
(27.671124, 27.703329, 0.0)
(27.415222, 27.997009, 0.0)
(27.418472, 28.038200, 0.0)
(27.407463, 28.015293, 0.0)
(27.367315, 28.018227, 0.0)
(27.343115, 28.328600, 0.0)
(27.231110, 28.799503, 0.0)
(27.173937, 28.757011, 0.0)
(27.228716, 27.931475, 0.0)
(27.087181, 26.919704, 0.0)
(27.089886, 26.703974, 0.0)
(27.032909, 26.854565, 0.0)
(27.014132, 26.838591, 0.0)
(27.014574, 26.686432, 0.0)
(26.998806, 26.523355, 0.0)
(27.013212, 26.510988, 0.0)
(27.024141, 26.487978, 0.0)
(27.042133, 26.440907, 0.0)
(27.052488, 26.435228, 0.0)
(27.060606, 26.458881, 0.0)
(27.047697, 26.476294, 0.0)
(27.060873, 26.453215, 0.0)
(27.085205, 26.482466, 0.0)
(27.092100, 26.500423, 0.0)
(27.096121, 26.506489, 0.0)
(27.109776, 26.498480, 0.0)
(27.133837, 26.462074, 0.0)
(27.163605, 26.434797, 0.0)
(27.709896, 26.319082, 0.0)
(33.284019, 25.096277, 0.0)
(37.602798, 25.049042, 0.0)
(38.414436, 25.201952, 0.0)
(38.409916, 25.179266, 0.0)
(38.448734, 25.183935, 0.0)
(38.491550, 25.179047, 0.0)
(38.529816, 25.201117, 0.0)
(38.564430, 25.196039, 0.0)
(38.576641, 25.219847, 0.0)
(38.599670, 25.203220, 0.0)
(38.600677, 25.142857, 0.0)
(38.289017, 24.843367, 0.0)
(38.230152, 24.758619, 0.0)
(38.232445, 24.790508, 0.0)
(38.223358, 24.803505, 0.0)
(38.219837, 24.802774, 0.0)
(38.216194, 24.786917, 0.0)
(38.220314, 24.792488, 0.0)
(38.219055, 24.797449, 0.0)
(38.217564, 24.797615, 0.0)
(38.217564, 24.797615, 0.0)
(38.212303, 24.804930, 0.0)
(38.211746, 24.827684, 0.0)
(38.203392, 24.831320, 0.0)
(38.190914, 24.830069, 0.0)
(38.199898, 24.824476, 0.0)
(38.205044, 24.849293, 0.0)
(38.205296, 24.861538, 0.0)
(38.258152, 24.843550, 0.0)
(38.245586, 24.869324, 0.0)
(38.217945, 24.919422, 0.0)
(38.233303, 24.932123, 0.0)
(38.233349, 24.896828, 0.0)
(38.245380, 24.908630, 0.0)
(38.233570, 24.891453, 0.0)
(38.247173, 24.874390, 0.0)
(38.263756, 24.858690, 0.0)
(38.249821, 24.866896, 0.0)
(40.142910, 26.723722, 0.0)
(41.936481, 28.678860, 0.0)
(41.927620, 28.666876, 0.0)
(41.864285, 28.545444, 0.0)
(41.842533, 28.536985, 0.0)
(41.820148, 28.544292, 0.0)
(41.804314, 28.563963, 0.0)
(41.808086, 28.543509, 0.0)
(41.812687, 28.539629, 0.0)
(41.814804, 28.552448, 0.0)
(41.817890, 28.533543, 0.0)
(41.801788, 28.568672, 0.0)
(41.817856, 28.525263, 0.0)
(41.805141, 28.538252, 0.0)
(41.794563, 28.510294, 0.0)
(41.784660, 28.506815, 0.0)
(41.782780, 28.519772, 0.0)
(41.763496, 28.516665, 0.0)
(41.761097, 28.519688, 0.0)
(41.754993, 28.535492, 0.0)
(41.765263, 28.521564, 0.0)
(41.778019, 28.514109, 0.0)
(41.775333, 28.532072, 0.0)
(41.756580, 28.527670, 0.0)
(41.759701, 28.539879, 0.0)
(41.767456, 28.481571, 0.0)
(41.757664, 28.492889, 0.0)
(41.751869, 28.513943, 0.0)
(41.773212, 28.521229, 0.0)
(41.764568, 28.512482, 0.0)
(41.753967, 28.496016, 0.0)
(41.757084, 28.488857, 0.0)
(41.957455, 28.590832, 0.0)
(41.996761, 28.621784, 0.0)
(41.978676, 28.629114, 0.0)
(41.993923, 28.629492, 0.0)
(41.981373, 28.608814, 0.0)
(41.979008, 28.611765, 0.0)
(41.985546, 28.601971, 0.0)
(41.978848, 28.606112, 0.0)
(41.983639, 28.622959, 0.0)
(41.963623, 28.629166, 0.0)
(41.966095, 28.650845, 0.0)
(41.971958, 28.624075, 0.0)
(41.949406, 28.599239, 0.0)
(41.952766, 28.622158, 0.0)
(41.959114, 28.648983, 0.0)
(41.957783, 28.686550, 0.0)
(41.947124, 28.698254, 0.0)
(41.952507, 28.701174, 0.0)
(41.957695, 28.714539, 0.0)
(41.962402, 28.713722, 0.0)
(41.947559, 28.728964, 0.0)
(41.596272, 28.695379, 0.0)
