{
  "prompt": "black pupil.",
  "gsam2_centers": [
    {
      "valid": true,
      "cx": 134.82999999999998,
      "cy": 144.21,
      "area": 869,
      "det_score": 0.3574,
      "sam_score": 0.9703,
      "box": [
        119.6,
        124.8,
        151.0,
        164.6
      ],
      "repeats": [
        [
          134.74,
          144.1
        ],
        [
          134.88,
          144.21
        ],
        [
          134.86,
          144.13
        ],
        [
          134.92000000000002,
          144.08
        ],
        [
          136.0,
          144.12
        ]
      ],
      "idx": 905,
      "mislabel": false,
      "mislabel_reason": "ok",
      "e_unet": 0.9
    },
    {
      "valid": true,
      "cx": 134.64,
      "cy": 144.05,
      "area": 836,
      "det_score": 0.3589,
      "sam_score": 0.9707,
      "box": [
        119.6,
        125.0,
        150.6,
        164.1
      ],
      "repeats": [
        [
          134.61,
          144.04
        ],
        [
          134.74,
          143.99
        ],
        [
          134.76999999999998,
          143.97
        ],
        [
          134.86,
          143.8
        ],
        [
          135.8,
          144.0
        ]
      ],
      "idx": 906,
      "mislabel": false,
      "mislabel_reason": "ok",
      "e_unet": 0.8
    },
    {
      "valid": true,
      "cx": 134.5,
      "cy": 143.89,
      "area": 796,
      "det_score": 0.3756,
      "sam_score": 0.9695,
      "box": [
        119.7,
        125.3,
        150.0,
        163.5
      ],
      "repeats": [
        [
          134.4,
          143.98
        ],
        [
          134.5,
          143.95
        ],
        [
          134.53,
          143.87
        ],
        [
          134.57,
          143.84
        ],
        [
          135.52,
          143.89
        ]
      ],
      "idx": 907,
      "mislabel": false,
      "mislabel_reason": "ok",
      "e_unet": 0.84
    },
    {
      "valid": true,
      "cx": 134.32999999999998,
      "cy": 143.94,
      "area": 771,
      "det_score": 0.3737,
      "sam_score": 0.9677,
      "box": [
        119.9,
        125.6,
        149.5,
        163.2
      ],
      "repeats": [
        [
          134.31,
          143.85
        ],
        [
          134.41,
          143.93
        ],
        [
          134.42000000000002,
          143.74
        ],
        [
          134.45,
          143.79
        ],
        [
          135.49,
          143.79
        ]
      ],
      "idx": 908,
      "mislabel": false,
      "mislabel_reason": "ok",
      "e_unet": 0.87
    },
    {
      "valid": true,
      "cx": 134.45999999999998,
      "cy": 143.77,
      "area": 742,
      "det_score": 0.3648,
      "sam_score": 0.9661,
      "box": [
        120.3,
        125.8,
        149.2,
        162.6
      ],
      "repeats": [
        [
          134.36,
          143.85
        ],
        [
          134.51,
          143.86
        ],
        [
          134.51,
          143.78
        ],
        [
          134.53,
          143.76
        ],
        [
          135.49,
          143.75
        ]
      ],
      "idx": 909,
      "mislabel": false,
      "mislabel_reason": "ok",
      "e_unet": 0.95
    },
    {
      "valid": true,
      "cx": 134.42000000000002,
      "cy": 143.79,
      "area": 720,
      "det_score": 0.3958,
      "sam_score": 0.9648,
      "box": [
        120.4,
        125.9,
        149.0,
        162.2
      ],
      "repeats": [
        [
          134.4,
          143.59
        ],
        [
          134.45,
          143.79
        ],
        [
          134.47,
          143.59
        ],
        [
          134.51,
          143.73
        ],
        [
          135.48,
          143.66
        ]
      ],
      "idx": 910,
      "mislabel": false,
      "mislabel_reason": "ok",
      "e_unet": 0.84
    },
    {
      "valid": true,
      "cx": 134.48000000000002,
      "cy": 143.86,
      "area": 702,
      "det_score": 0.3791,
      "sam_score": 0.9641,
      "box": [
        120.6,
        126.3,
        148.8,
        161.8
      ],
      "repeats": [
        [
          134.35,
          143.81
        ],
        [
          134.5,
          143.88
        ],
        [
          134.45999999999998,
          143.81
        ],
        [
          134.56,
          143.72
        ],
        [
          135.62,
          143.77
        ]
      ],
      "idx": 911,
      "mislabel": false,
      "mislabel_reason": "ok",
      "e_unet": 0.87
    },
    {
      "valid": true,
      "cx": 134.42000000000002,
      "cy": 143.96,
      "area": 680,
      "det_score": 0.4067,
      "sam_score": 0.9639,
      "box": [
        120.6,
        126.6,
        148.8,
        161.7
      ],
      "repeats": [
        [
          134.35,
          143.83
        ],
        [
          134.47,
          143.96
        ],
        [
          134.5,
          143.95
        ],
        [
          134.51999999999998,
          143.86
        ],
        [
          135.57,
          143.87
        ]
      ],
      "idx": 912,
      "mislabel": false,
      "mislabel_reason": "ok",
      "e_unet": 0.89
    },
    {
      "valid": true,
      "cx": 134.22,
      "cy": 143.83,
      "area": 671,
      "det_score": 0.3917,
      "sam_score": 0.9641,
      "box": [
        120.6,
        126.6,
        148.6,
        161.5
      ],
      "repeats": [
        [
          134.13,
          143.75
        ],
        [
          134.28,
          143.85
        ],
        [
          134.24,
          143.84
        ],
        [
          134.35,
          143.81
        ],
        [
          135.46,
          143.8
        ]
      ],
      "idx": 913,
      "mislabel": false,
      "mislabel_reason": "ok",
      "e_unet": 0.81
    },
    {
      "valid": true,
      "cx": 133.76999999999998,
      "cy": 144.04,
      "area": 664,
      "det_score": 0.3805,
      "sam_score": 0.966,
      "box": [
        120.3,
        126.6,
        147.9,
        161.6
      ],
      "repeats": [
        [
          133.69,
          143.72
        ],
        [
          133.79000000000002,
          144.03
        ],
        [
          133.79000000000002,
          143.96
        ],
        [
          133.87,
          143.98
        ],
        [
          134.89,
          143.85
        ]
      ],
      "idx": 914,
      "mislabel": false,
      "mislabel_reason": "ok",
      "e_unet": 0.93
    },
    {
      "valid": true,
      "cx": 134.13,
      "cy": 143.94,
      "area": 670,
      "det_score": 0.3928,
      "sam_score": 0.9644,
      "box": [
        120.5,
        126.6,
        148.3,
        161.5
      ],
      "repeats": [
        [
          134.09,
          143.85
        ],
        [
          134.20999999999998,
          144.04
        ],
        [
          134.19,
          143.85
        ],
        [
          134.26,
          143.96
        ],
        [
          135.32,
          143.76
        ]
      ],
      "idx": 915,
      "mislabel": false,
      "mislabel_reason": "ok",
      "e_unet": 1.0
    }
  ]
}