(36.528042, 28.990437, 0.0)
(36.548920, 27.931759, 0.0)
(36.531631, 27.237072, 0.0)
(36.576965, 26.762119, 0.0)
(36.574326, 26.487331, 0.0)
(36.603054, 26.205917, 0.0)
(37.057781, 25.467339, 0.0)
(37.132782, 25.158813, 0.0)
(37.106342, 25.082581, 0.0)
(37.130386, 25.107395, 0.0)
(37.113277, 25.105265, 0.0)
(37.079006, 25.089413, 0.0)
(37.064953, 25.120558, 0.0)
(37.031319, 25.093233, 0.0)
(37.037479, 25.070419, 0.0)
(37.078743, 25.020634, 0.0)
(37.068150, 24.990438, 0.0)
(37.065811, 24.962944, 0.0)
(37.088142, 24.961020, 0.0)
(37.106998, 24.972662, 0.0)
(37.121048, 24.943439, 0.0)
(37.141712, 24.921114, 0.0)
(37.179901, 24.906509, 0.0)
(37.201817, 24.841463, 0.0)
(37.180874, 26.077389, 0.0)
(37.219257, 26.200411, 0.0)
(37.169750, 25.385830, 0.0)
(37.169765, 25.047068, 0.0)
(37.239170, 24.941359, 0.0)
(37.242630, 24.917482, 0.0)
(37.255054, 24.955732, 0.0)
(37.266750, 24.892813, 0.0)
(37.274826, 24.928627, 0.0)
(37.280216, 24.936014, 0.0)
(37.236523, 24.748299, 0.0)
(37.246716, 24.708588, 0.0)
(37.263882, 24.710640, 0.0)
(37.263882, 24.710640, 0.0)
(37.285702, 24.753344, 0.0)
(37.296219, 24.748877, 0.0)
(37.273449, 24.767698, 0.0)
(37.275024, 24.760733, 0.0)
(37.293240, 24.773321, 0.0)
(37.299473, 24.695419, 0.0)
(37.291431, 24.700073, 0.0)
(37.299473, 24.695419, 0.0)
(37.291283, 24.675423, 0.0)
(37.270096, 24.732157, 0.0)
(37.235485, 24.748466, 0.0)
(37.215282, 24.774254, 0.0)
(37.225433, 24.771776, 0.0)
(37.192986, 24.803648, 0.0)
(37.205101, 24.829453, 0.0)
(37.225525, 24.836777, 0.0)
(37.229103, 24.822466, 0.0)
(37.269661, 24.777212, 0.0)
(37.274815, 24.777031, 0.0)
(37.266083, 24.784615, 0.0)
(37.251293, 24.821350, 0.0)
(37.221878, 24.871773, 0.0)
(37.238686, 24.875242, 0.0)
(37.262859, 24.847059, 0.0)
(37.264561, 24.853067, 0.0)
(37.304943, 24.816784, 0.0)
(37.292107, 24.867964, 0.0)
(37.302624, 24.829453, 0.0)
(37.288883, 24.847704, 0.0)
(37.257072, 24.854597, 0.0)
(37.240395, 24.866064, 0.0)
(37.211071, 24.851816, 0.0)
(37.211891, 24.867252, 0.0)
(37.197166, 24.887632, 0.0)
(37.190853, 24.868006, 0.0)
(37.191311, 24.858568, 0.0)
(37.187000, 24.888149, 0.0)
(37.189484, 24.904293, 0.0)
(37.186626, 24.906893, 0.0)
(37.171204, 24.935549, 0.0)
(37.167839, 24.938692, 0.0)
(37.152042, 24.926651, 0.0)
(37.150299, 24.921392, 0.0)
(37.140312, 24.910534, 0.0)
(37.134926, 24.913422, 0.0)
(37.139858, 24.883917, 0.0)
(37.150299, 24.901873, 0.0)
(37.148502, 24.903492, 0.0)
(37.116032, 24.876549, 0.0)
(37.297661, 24.814688, 0.0)
(37.318195, 24.736629, 0.0)
(37.256149, 24.758396, 0.0)
(37.254055, 24.761549, 0.0)
(37.324467, 24.762358, 0.0)
(37.339825, 24.740622, 0.0)
(37.348114, 24.722534, 0.0)
(37.322098, 24.749226, 0.0)
(37.294998, 24.738813, 0.0)
(37.272224, 24.787619, 0.0)
(37.054901, 24.731556, 0.0)
(37.032436, 24.701555, 0.0)
(37.064529, 24.715790, 0.0)
(37.068523, 24.672890, 0.0)
(37.076672, 24.629822, 0.0)
(37.080379, 24.588512, 0.0)
(37.072102, 24.609266, 0.0)
(37.075161, 24.614662, 0.0)
(37.153034, 24.582373, 0.0)
(37.227028, 24.576481, 0.0)
(37.375183, 24.483006, 0.0)
(37.462055, 24.391354, 0.0)
(37.479904, 24.392353, 0.0)
(37.498169, 24.355116, 0.0)
(37.464375, 24.337690, 0.0)
(37.362309, 24.591791, 0.0)
(0.000000, 0.000000, 1.0)
(36.881668, 27.717852, 0.0)
(37.369564, 26.128817, 0.0)
(37.327793, 25.244537, 0.0)
(37.357491, 24.604801, 0.0)
(37.335800, 24.386625, 0.0)
(37.330887, 24.365324, 0.0)
(37.367283, 24.363796, 0.0)
(37.349693, 24.377575, 0.0)
(37.355164, 24.384359, 0.0)
(37.349934, 24.390059, 0.0)
(37.349125, 24.361290, 0.0)
(37.127350, 24.448252, 0.0)
(37.085888, 24.484995, 0.0)
(37.079037, 24.540455, 0.0)
(37.287052, 24.488897, 0.0)
(37.318565, 24.513107, 0.0)
(37.301495, 24.462856, 0.0)
(37.309139, 24.479221, 0.0)
(37.319092, 24.496056, 0.0)
(37.311882, 24.475929, 0.0)
(37.196289, 24.484295, 0.0)
(37.062908, 24.474352, 0.0)
(37.056450, 24.412766, 0.0)
(37.067101, 24.401672, 0.0)
(37.085949, 24.409584, 0.0)
(37.091381, 24.461193, 0.0)
(37.064831, 24.428812, 0.0)
(37.068680, 24.451630, 0.0)
(37.062023, 24.468798, 0.0)
(37.082264, 24.466232, 0.0)
(37.188011, 24.456381, 0.0)
(37.257664, 24.455189, 0.0)
(37.279140, 24.475992, 0.0)
(37.281834, 24.489462, 0.0)
(37.285770, 24.501417, 0.0)
(37.305904, 24.515350, 0.0)
(37.309929, 24.523338, 0.0)
(37.308907, 24.563213, 0.0)
(37.306934, 24.584446, 0.0)
(37.303284, 24.576956, 0.0)
(37.319603, 24.536091, 0.0)
(37.312897, 24.554018, 0.0)
(37.328362, 24.546898, 0.0)
(37.317982, 24.621094, 0.0)
(37.290474, 24.617373, 0.0)
(37.306957, 24.649256, 0.0)
(37.315052, 24.646236, 0.0)
(37.292511, 24.681995, 0.0)
(37.296307, 24.634449, 0.0)
(38.586727, 25.681511, 0.0)
(41.626133, 28.874147, 0.0)
(42.531040, 30.053547, 0.0)
(42.573769, 30.067940, 0.0)
(42.496040, 30.007616, 0.0)
(42.497952, 29.955250, 0.0)
(42.472462, 29.957043, 0.0)
(42.437363, 29.974115, 0.0)
(42.326401, 29.831392, 0.0)
(42.096279, 32.137810, 0.0)
(42.406559, 30.261948, 0.0)
(42.435585, 29.720455, 0.0)
(42.460285, 29.415384, 0.0)
(42.483475, 29.365629, 0.0)
(42.525261, 29.396877, 0.0)
(42.519272, 29.414291, 0.0)
(42.512432, 29.383341, 0.0)
(42.515541, 29.341179, 0.0)
(42.519119, 29.379017, 0.0)
(42.495319, 29.394371, 0.0)
(42.485535, 29.416256, 0.0)
(42.465870, 29.420767, 0.0)
(42.468742, 29.396078, 0.0)
(42.458794, 29.417494, 0.0)
(42.458477, 29.385002, 0.0)
(42.448830, 29.378088, 0.0)
(42.466240, 29.365608, 0.0)
(42.459602, 29.367863, 0.0)
(42.459370, 29.385267, 0.0)
(42.468788, 29.366467, 0.0)
(42.471451, 29.320765, 0.0)
(42.467934, 29.252514, 0.0)
(42.471882, 29.262028, 0.0)
(42.468933, 29.264679, 0.0)
(42.484497, 29.207489, 0.0)
(42.758823, 26.771391, 0.0)
(43.219704, 23.415880, 0.0)
(43.270557, 21.970854, 0.0)
(43.198315, 22.026194, 0.0)
(43.186146, 22.178368, 0.0)
(43.192879, 22.199587, 0.0)
(43.177174, 22.287668, 0.0)
(43.278656, 22.361553, 0.0)
(43.406189, 22.582443, 0.0)
(43.408897, 22.623955, 0.0)
(43.383823, 22.629108, 0.0)
(43.159561, 22.609955, 0.0)
(41.358898, 22.285835, 0.0)
(40.739254, 22.211617, 0.0)
(40.739487, 22.183504, 0.0)
(40.797062, 22.190437, 0.0)
(41.111481, 22.298519, 0.0)
(43.146568, 22.921707, 0.0)
(43.265430, 22.898594, 0.0)
(43.188416, 22.833040, 0.0)
(43.179699, 22.885933, 0.0)
(43.165257, 22.907661, 0.0)
(43.156441, 22.942928, 0.0)
(43.118031, 22.988586, 0.0)
(43.075470, 22.966900, 0.0)
(43.062820, 22.967972, 0.0)
(43.035378, 22.967630, 0.0)
(43.013550, 22.965662, 0.0)
(42.992935, 22.976801, 0.0)
(42.978836, 22.973713, 0.0)
(42.977142, 22.978729, 0.0)
(42.964596, 22.990385, 0.0)
(42.969109, 23.012766, 0.0)
(42.941475, 23.065384, 0.0)
(41.987457, 22.758993, 0.0)
(41.337883, 22.676819, 0.0)
(41.326885, 22.667086, 0.0)
(41.374584, 22.660339, 0.0)
(41.356270, 22.631109, 0.0)
(40.053272, 22.538790, 0.0)
(36.947414, 22.975914, 0.0)
(36.481312, 23.305529, 0.0)
(36.485912, 23.331915, 0.0)
(36.479603, 23.313869, 0.0)
(36.472580, 23.286610, 0.0)
(36.465416, 23.281998, 0.0)
(34.228100, 25.144299, 0.0)
(31.625071, 28.108004, 0.0)
(31.121605, 28.523222, 0.0)
(31.079226, 28.479513, 0.0)
(31.052782, 28.415169, 0.0)
(31.027983, 28.413639, 0.0)
(30.998236, 28.404819, 0.0)
(31.002802, 28.413475, 0.0)
(31.003092, 28.382111, 0.0)
(30.986790, 28.335043, 0.0)
(30.979588, 28.324327, 0.0)
(30.976280, 28.319292, 0.0)
(30.991261, 28.302322, 0.0)
(30.993639, 28.291956, 0.0)
(30.989386, 28.278601, 0.0)
(30.973305, 28.263554, 0.0)
(30.275835, 26.981970, 0.0)
(30.291817, 24.392178, 0.0)
(30.326399, 24.096546, 0.0)
(30.302406, 24.213512, 0.0)
(30.274130, 24.264765, 0.0)
(30.277540, 24.231918, 0.0)
(30.310732, 24.226389, 0.0)
(30.327997, 24.203115, 0.0)
(30.332706, 24.209555, 0.0)
(30.316198, 24.215149, 0.0)
(30.298647, 24.255013, 0.0)
(30.295351, 24.266827, 0.0)
(30.300039, 24.248386, 0.0)
(30.315777, 24.252716, 0.0)
(30.588594, 22.491945, 0.0)
(30.527781, 21.322617, 0.0)
(30.541441, 21.308062, 0.0)
(30.505983, 21.485472, 0.0)
(30.476635, 21.531420, 0.0)
(30.445160, 21.618624, 0.0)
(30.418381, 21.631836, 0.0)
(30.322271, 21.651857, 0.0)
(30.213888, 21.573868, 0.0)
(30.198639, 23.823797, 0.0)
(30.533123, 22.732328, 0.0)
(31.192345, 22.168087, 0.0)
(31.947655, 22.110979, 0.0)
(32.208282, 22.223984, 0.0)
(32.239346, 22.233982, 0.0)
(32.232544, 22.259245, 0.0)
(32.243633, 22.281408, 0.0)
(31.950480, 22.426167, 0.0)
(30.581102, 22.813814, 0.0)
(30.550938, 22.873497, 0.0)
(30.591578, 22.852987, 0.0)
(30.598629, 22.891655, 0.0)
(30.616106, 22.863955, 0.0)
(30.620811, 22.872066, 0.0)
(30.611366, 22.850792, 0.0)
(30.617847, 22.836016, 0.0)
(30.624947, 22.860098, 0.0)
(30.627468, 22.864313, 0.0)
(30.629557, 22.882654, 0.0)
(30.685143, 22.902708, 0.0)
(34.197582, 24.091469, 0.0)
(36.848949, 25.509907, 0.0)
(36.890160, 25.480976, 0.0)
(36.835949, 25.389380, 0.0)
(36.821823, 25.363821, 0.0)
(36.826500, 25.325150, 0.0)
(36.818569, 25.299145, 0.0)
(36.805096, 25.285234, 0.0)
(36.954052, 25.198256, 0.0)
(37.103794, 25.035131, 0.0)
(37.076038, 24.984076, 0.0)
(37.055878, 24.960297, 0.0)
(37.066784, 24.935762, 0.0)
(37.080212, 24.911461, 0.0)
(37.081299, 24.856094, 0.0)
(37.065571, 24.809277, 0.0)
(37.061592, 24.788589, 0.0)
(37.070457, 24.757587, 0.0)
(37.078152, 24.729225, 0.0)
(37.118088, 24.725866, 0.0)
(37.152340, 24.670527, 0.0)
(37.203651, 24.648384, 0.0)
(37.285236, 24.585772, 0.0)
(37.331581, 24.557110, 0.0)
(37.330887, 24.593483, 0.0)
(37.324398, 24.573336, 0.0)
(37.299915, 24.573576, 0.0)
(37.317570, 24.548252, 0.0)
(37.307354, 24.537481, 0.0)
(37.322594, 24.533333, 0.0)
(37.328514, 24.497679, 0.0)
(37.334175, 24.538713, 0.0)
(37.296272, 24.521986, 0.0)
(37.262333, 24.521040, 0.0)
(37.261642, 24.544043, 0.0)
(37.240135, 24.570372, 0.0)
(37.256035, 24.599621, 0.0)
(37.235966, 24.539431, 0.0)
(37.232464, 24.541735, 0.0)
(37.234798, 24.558910, 0.0)
(36.452339, 24.635313, 0.0)
(32.817291, 24.863544, 0.0)
(30.297798, 25.411316, 0.0)
(30.018766, 25.497963, 0.0)
(30.116682, 25.424021, 0.0)
(30.142328, 25.400463, 0.0)
(30.138208, 25.441732, 0.0)
(30.112700, 25.518309, 0.0)
(30.092846, 25.522825, 0.0)
(30.066843, 25.531521, 0.0)
(30.037329, 25.541374, 0.0)
(29.987661, 25.621830, 0.0)
(30.110773, 25.666014, 0.0)
(30.206793, 25.791910, 0.0)
(30.196531, 25.845417, 0.0)
(30.211489, 25.860762, 0.0)
(30.211039, 25.900169, 0.0)
(30.203676, 25.939808, 0.0)
(30.188559, 25.963219, 0.0)
(30.170023, 25.944895, 0.0)
(30.158072, 25.904844, 0.0)
(30.161154, 25.958385, 0.0)
(30.187702, 25.996910, 0.0)
(30.161064, 26.036318, 0.0)
(30.139071, 26.015011, 0.0)
(30.121906, 26.015467, 0.0)
(30.119057, 26.006927, 0.0)
(30.134130, 26.021061, 0.0)
(30.165379, 26.080000, 0.0)
(30.162830, 26.103540, 0.0)
(30.157839, 26.071899, 0.0)
(30.166067, 26.136240, 0.0)
(30.163876, 26.111340, 0.0)
(30.169365, 26.123158, 0.0)
(30.176138, 26.105247, 0.0)
(30.177727, 26.102066, 0.0)
(30.211712, 26.084820, 0.0)
(31.096445, 27.521193, 0.0)
(31.612516, 29.130077, 0.0)
(31.583704, 29.292603, 0.0)
(31.569073, 29.226667, 0.0)
(31.503475, 29.163893, 0.0)
(31.445984, 29.147722, 0.0)
(31.408588, 29.126205, 0.0)
(31.334375, 29.149797, 0.0)
(31.148214, 29.278242, 0.0)
(31.061867, 29.260015, 0.0)
(31.055540, 29.259773, 0.0)
(31.040108, 29.239626, 0.0)
(31.036240, 29.223276, 0.0)
(31.053450, 29.205698, 0.0)
(31.052397, 29.214333, 0.0)
(31.040205, 29.223021, 0.0)
(31.046371, 29.219374, 0.0)
(31.614243, 29.242588, 0.0)
(31.726416, 29.203789, 0.0)
(31.706223, 29.207542, 0.0)
(31.652155, 29.220160, 0.0)
(31.056559, 29.109459, 0.0)
(31.030966, 29.096334, 0.0)
(30.980270, 29.117910, 0.0)
(30.959396, 29.089645, 0.0)
(30.951004, 29.090527, 0.0)
(30.965347, 29.114361, 0.0)
(31.002954, 29.068930, 0.0)
(31.056139, 29.059683, 0.0)
(31.095043, 29.059093, 0.0)
(31.115747, 29.041651, 0.0)
(31.121220, 29.030003, 0.0)
(31.123632, 29.044661, 0.0)
(31.123632, 29.044661, 0.0)
(31.130276, 29.045256, 0.0)
(31.125999, 29.026989, 0.0)
(31.179955, 28.446884, 0.0)
(31.761229, 25.092485, 0.0)
(31.921144, 24.537432, 0.0)
(31.934546, 24.573467, 0.0)
(31.888073, 24.626152, 0.0)
(31.857819, 24.656963, 0.0)
(31.952221, 24.265078, 0.0)
(31.976965, 23.907270, 0.0)
(31.968332, 23.971745, 0.0)
(31.921890, 23.931767, 0.0)
(31.909250, 23.980202, 0.0)
(31.910034, 24.002348, 0.0)
(31.925508, 24.012894, 0.0)
(31.905760, 24.037357, 0.0)
(31.898993, 24.046028, 0.0)
(31.865795, 24.065218, 0.0)
(31.862984, 24.138609, 0.0)
(31.861082, 24.122404, 0.0)
(31.862352, 24.140345, 0.0)
(31.847374, 24.143927, 0.0)
(31.842386, 24.142115, 0.0)
(31.845112, 24.138958, 0.0)
(31.846653, 24.183865, 0.0)
(31.831146, 24.183460, 0.0)
(31.820925, 24.210032, 0.0)
(31.809164, 24.224855, 0.0)
(32.062317, 24.225092, 0.0)
(32.804428, 24.174086, 0.0)
(32.903915, 24.169189, 0.0)
(32.914551, 24.190969, 0.0)
(32.880432, 24.091742, 0.0)
(32.869194, 24.090406, 0.0)
(32.873600, 24.143837, 0.0)
(32.851357, 24.174589, 0.0)
(32.818394, 24.208471, 0.0)
(32.820854, 24.202440, 0.0)
(32.825539, 24.205887, 0.0)
(35.072380, 23.271912, 0.0)
(38.686344, 22.246378, 0.0)
(39.804646, 22.301777, 0.0)
(39.819038, 22.381468, 0.0)
(39.753242, 22.373936, 0.0)
(39.740425, 22.374975, 0.0)
(39.748791, 22.392931, 0.0)
(39.875019, 22.427027, 0.0)
(39.987064, 22.380205, 0.0)
(39.987804, 22.410892, 0.0)
(39.980415, 22.425404, 0.0)
(39.977711, 22.417709, 0.0)
(39.988861, 22.393711, 0.0)
(39.990822, 22.342915, 0.0)
(39.999390, 22.346689, 0.0)
(39.973999, 22.343338, 0.0)
(39.943913, 22.341503, 0.0)
(40.238514, 22.602198, 0.0)
(41.249947, 24.098972, 0.0)
(41.231995, 24.105728, 0.0)
(41.210049, 24.004118, 0.0)
(41.213207, 23.968260, 0.0)
(41.224709, 23.948095, 0.0)
(41.186226, 23.965218, 0.0)
(41.182587, 23.924124, 0.0)
(41.171482, 23.909657, 0.0)
(41.169235, 23.895092, 0.0)
(41.169746, 23.901192, 0.0)
(41.169235, 23.895092, 0.0)
(41.166920, 23.887270, 0.0)
(41.186359, 23.895363, 0.0)
(41.203995, 23.875217, 0.0)
(41.226830, 23.834835, 0.0)
(41.229519, 23.821190, 0.0)
(41.229519, 23.821190, 0.0)
(41.223576, 23.836950, 0.0)
(41.213203, 23.841639, 0.0)
(41.204590, 23.847250, 0.0)
(41.197906, 23.827524, 0.0)
(37.786415, 22.707514, 0.0)
(33.802700, 21.715937, 0.0)
(32.570976, 21.543633, 0.0)
(32.506252, 21.547405, 0.0)
(32.534996, 21.552258, 0.0)
(32.531242, 21.562271, 0.0)
(32.140469, 21.355419, 0.0)
(32.138798, 21.248285, 0.0)
(32.161278, 21.283571, 0.0)
(32.167091, 21.277288, 0.0)
(32.170269, 21.271763, 0.0)
(32.173523, 21.293911, 0.0)
(32.171585, 21.303238, 0.0)
(32.129814, 21.319275, 0.0)
(32.057247, 21.332651, 0.0)
(31.973795, 21.259897, 0.0)
(31.957054, 21.248016, 0.0)
(31.804264, 21.101755, 0.0)
(31.775841, 24.028509, 0.0)
(31.317860, 23.795704, 0.0)
(31.531601, 22.126781, 0.0)
(31.511780, 21.591751, 0.0)
(31.564415, 21.489302, 0.0)
(31.615707, 21.498850, 0.0)
(31.656216, 21.597248, 0.0)
(33.192184, 21.806606, 0.0)
(33.896492, 22.286226, 0.0)
(33.906605, 22.298580, 0.0)
(33.906525, 22.303648, 0.0)
(33.907581, 22.312792, 0.0)
(33.940372, 22.324766, 0.0)
(33.924587, 22.338896, 0.0)
(33.977020, 22.327682, 0.0)
(33.942070, 22.331377, 0.0)
(33.949310, 22.339476, 0.0)
(37.391735, 24.620256, 0.0)
(40.573334, 28.173988, 0.0)
(41.441048, 29.160082, 0.0)
(41.499275, 29.178307, 0.0)
(41.423309, 29.091234, 0.0)
(41.461685, 29.022640, 0.0)
(41.482258, 29.015697, 0.0)
(41.716789, 29.197313, 0.0)
(41.733891, 29.221815, 0.0)
(41.717033, 29.213324, 0.0)
(41.718567, 29.215433, 0.0)
(41.725739, 29.176037, 0.0)
(41.739864, 29.142830, 0.0)
(41.743351, 29.149231, 0.0)
(41.740849, 29.144846, 0.0)
(41.746044, 29.106829, 0.0)
(41.737999, 29.083439, 0.0)
(41.741524, 29.069542, 0.0)
(41.720974, 29.062109, 0.0)
(41.715225, 29.060833, 0.0)
(41.716507, 29.054070, 0.0)
(41.716843, 29.021044, 0.0)
(40.748775, 28.341843, 0.0)
(39.927738, 27.501007, 0.0)
(39.941738, 27.503521, 0.0)
(39.958179, 27.530455, 0.0)
(39.954018, 27.537895, 0.0)
(39.978333, 27.524923, 0.0)
(39.985905, 27.517685, 0.0)
(39.993660, 27.527033, 0.0)
(39.991497, 27.516180, 0.0)
(39.994038, 27.508926, 0.0)
(40.029057, 27.489624, 0.0)
(40.048443, 27.480410, 0.0)
(40.048443, 27.480410, 0.0)
(40.064072, 27.441545, 0.0)
(40.072613, 27.416769, 0.0)
(40.741703, 27.077614, 0.0)
(41.140366, 26.690008, 0.0)
(41.135426, 26.771429, 0.0)
(41.130943, 26.789562, 0.0)
(41.151386, 26.763086, 0.0)
(41.189396, 26.687210, 0.0)
(41.210278, 26.686853, 0.0)
(41.195862, 26.709318, 0.0)
(41.152428, 26.717390, 0.0)
(41.145668, 26.742397, 0.0)
(41.142982, 26.780842, 0.0)
(41.139816, 26.768248, 0.0)
(41.149624, 26.757362, 0.0)
(41.156071, 26.758467, 0.0)
(41.163609, 26.741892, 0.0)
(41.156837, 26.743530, 0.0)
(41.146492, 26.791067, 0.0)
(41.124222, 26.804279, 0.0)
(40.864571, 26.680883, 0.0)
(39.956825, 25.994291, 0.0)
(39.937698, 26.035063, 0.0)
(39.938835, 26.118908, 0.0)
(39.899323, 26.136660, 0.0)
(39.871674, 26.190321, 0.0)
(39.847141, 26.209986, 0.0)
(39.822346, 26.265350, 0.0)
(39.828331, 26.282333, 0.0)
(39.841900, 26.257500, 0.0)
(39.865677, 26.238295, 0.0)
(39.861946, 26.275934, 0.0)
(39.858879, 26.302034, 0.0)
(39.842667, 26.322193, 0.0)
(39.824593, 26.311615, 0.0)
(39.827499, 26.309422, 0.0)
(39.813011, 26.316998, 0.0)
(39.800697, 26.326723, 0.0)
(37.493061, 25.221851, 0.0)
(34.807739, 23.323809, 0.0)
(34.797180, 23.281097, 0.0)
(34.838924, 23.298672, 0.0)
(34.805283, 23.283489, 0.0)
(34.796528, 23.267715, 0.0)
(34.811928, 23.293108, 0.0)
(34.785461, 23.314960, 0.0)
(34.887630, 23.234797, 0.0)
(34.945190, 23.153803, 0.0)
(34.945705, 23.139906, 0.0)
(34.938713, 23.119133, 0.0)
(34.913296, 23.127693, 0.0)
(34.915665, 23.088757, 0.0)
(34.871075, 23.129406, 0.0)
(34.862797, 23.120850, 0.0)
(34.856266, 23.129763, 0.0)
(34.850193, 23.130619, 0.0)
(34.837120, 23.144728, 0.0)
(34.839085, 23.127958, 0.0)
(34.810230, 23.131481, 0.0)
(34.806797, 23.127274, 0.0)
(34.807659, 23.091177, 0.0)
(34.805222, 23.077271, 0.0)
(34.804710, 23.048660, 0.0)
(34.787827, 23.054298, 0.0)
(34.768513, 23.057901, 0.0)
(34.763882, 23.057594, 0.0)
(34.458950, 23.255514, 0.0)
(34.270042, 23.588753, 0.0)
(34.275429, 23.606867, 0.0)
(34.280796, 23.615154, 0.0)
(34.274990, 23.620192, 0.0)
(34.217861, 23.591400, 0.0)
(34.214916, 23.593748, 0.0)
(34.234722, 23.572966, 0.0)
(34.244839, 23.542555, 0.0)
(34.247528, 23.552711, 0.0)
(34.253128, 23.545902, 0.0)
(33.025017, 24.701590, 0.0)
(31.842949, 25.967266, 0.0)
(31.757906, 26.073122, 0.0)
(31.766706, 25.991560, 0.0)
(31.737175, 25.907602, 0.0)
(31.726007, 25.861052, 0.0)
(31.731071, 25.861406, 0.0)
(31.732761, 25.815472, 0.0)
(31.725483, 25.862873, 0.0)
(31.659805, 25.913811, 0.0)
(31.659891, 25.912926, 0.0)
(31.629786, 25.891172, 0.0)
(31.626537, 25.866697, 0.0)
(31.618847, 25.850771, 0.0)
(31.657146, 25.896040, 0.0)
(31.606670, 25.844032, 0.0)
(31.571976, 25.804375, 0.0)
(31.584337, 25.811039, 0.0)
(31.582073, 25.800150, 0.0)
(31.588089, 25.799957, 0.0)
(31.568821, 25.777405, 0.0)
(31.572126, 25.786982, 0.0)
(31.561831, 25.773855, 0.0)
(31.556677, 25.784868, 0.0)
(31.538448, 25.770876, 0.0)
(31.547287, 25.794102, 0.0)
(31.546070, 25.726191, 0.0)
(31.535456, 25.745771, 0.0)
(31.531643, 25.784698, 0.0)
(31.518284, 25.801727, 0.0)
(31.470129, 25.822727, 0.0)
(31.430309, 25.802889, 0.0)
(31.424700, 25.821341, 0.0)
(31.453672, 25.817099, 0.0)
(31.456312, 25.835438, 0.0)
(31.455091, 25.933184, 0.0)
(32.394894, 25.752928, 0.0)
(36.536064, 24.895653, 0.0)
(37.683636, 24.818922, 0.0)
(37.719170, 24.845848, 0.0)
(37.666962, 24.864717, 0.0)
(37.659634, 24.874325, 0.0)
(37.809322, 24.732941, 0.0)
(37.946350, 24.492847, 0.0)
(37.914940, 24.513769, 0.0)
(37.866108, 24.551908, 0.0)
(37.870651, 24.623627, 0.0)
(37.873116, 24.596998, 0.0)
(37.889286, 24.564795, 0.0)
(37.880493, 24.578764, 0.0)
(37.883171, 24.586336, 0.0)
(37.886230, 24.596981, 0.0)
(37.869442, 24.610008, 0.0)
(37.876522, 24.605370, 0.0)
(37.859711, 24.634848, 0.0)
(37.759750, 24.742092, 0.0)
(37.612900, 26.351786, 0.0)
(37.764202, 24.843182, 0.0)
(37.872295, 24.290520, 0.0)
(37.865608, 24.286221, 0.0)
(37.845245, 24.262177, 0.0)
(37.824333, 24.326851, 0.0)
(37.814686, 24.395344, 0.0)
(37.797680, 24.412752, 0.0)
(37.849255, 24.446890, 0.0)
(37.885536, 24.430340, 0.0)
(37.906914, 24.368893, 0.0)
(37.897491, 24.356205, 0.0)
(37.898357, 24.388166, 0.0)
(37.851562, 24.429016, 0.0)
(37.827980, 24.434221, 0.0)
(37.822788, 24.435322, 0.0)
(37.824802, 24.445049, 0.0)
(37.829834, 24.437243, 0.0)
(37.840023, 24.434208, 0.0)
(36.799141, 23.836906, 0.0)
(34.564636, 21.176224, 0.0)
(34.563679, 20.922350, 0.0)
(34.578434, 21.028147, 0.0)
(34.564285, 21.092979, 0.0)
(34.563332, 21.078131, 0.0)
(34.575645, 21.083096, 0.0)
(34.572601, 21.068207, 0.0)
(34.549770, 20.879499, 0.0)
(34.513325, 20.864735, 0.0)
(34.510410, 20.838449, 0.0)
(34.496956, 20.825190, 0.0)
(34.508007, 20.832737, 0.0)
(34.498531, 20.831348, 0.0)
(34.469852, 20.809933, 0.0)
(34.477882, 20.814116, 0.0)
(34.477077, 20.817329, 0.0)
(34.481304, 20.794630, 0.0)
(34.455723, 20.795240, 0.0)
(34.422291, 20.764505, 0.0)
(34.402195, 20.754511, 0.0)
(34.401867, 20.758057, 0.0)
(34.398712, 20.767611, 0.0)
(34.418907, 20.777981, 0.0)
(34.408806, 20.763147, 0.0)
(34.392525, 20.753759, 0.0)
(34.393364, 20.774567, 0.0)
(34.363979, 20.793354, 0.0)
(34.350834, 20.827017, 0.0)
(34.372101, 20.813976, 0.0)
(34.360138, 20.785088, 0.0)
(34.354481, 20.792267, 0.0)
(34.205826, 21.753130, 0.0)
(33.977081, 22.504309, 0.0)
(33.967880, 22.511026, 0.0)
(33.942638, 22.477877, 0.0)
(33.919544, 22.510212, 0.0)
(33.135303, 22.892307, 0.0)
(30.033630, 25.293356, 0.0)
(29.195816, 26.255693, 0.0)
(29.140379, 26.238829, 0.0)
(29.132397, 26.194872, 0.0)
(29.121319, 26.210226, 0.0)
(29.102396, 26.232862, 0.0)
(29.044815, 26.041267, 0.0)
(29.008257, 25.860439, 0.0)
(28.974695, 25.874598, 0.0)
(28.964642, 25.903442, 0.0)
(28.986109, 25.874201, 0.0)
(28.947699, 25.857243, 0.0)
(28.933477, 25.869757, 0.0)
(28.906498, 25.939020, 0.0)
(28.886505, 25.934961, 0.0)
(28.870630, 25.952015, 0.0)
(28.867750, 25.962887, 0.0)
(28.879164, 25.911722, 0.0)
(28.911787, 25.877905, 0.0)
(28.902271, 25.881575, 0.0)
(29.731247, 25.776665, 0.0)
(30.096745, 25.837631, 0.0)
(30.062523, 25.843437, 0.0)
(30.055895, 25.848862, 0.0)
(30.064516, 25.825642, 0.0)
(30.063360, 25.798500, 0.0)
(30.062607, 25.798956, 0.0)
(30.077465, 25.810619, 0.0)
(30.074110, 25.801458, 0.0)
(30.090567, 25.804968, 0.0)
(30.085718, 25.772825, 0.0)
(30.064692, 25.788216, 0.0)
(30.015896, 25.806410, 0.0)
(30.013382, 25.832909, 0.0)
(30.103022, 25.793200, 0.0)
(33.345184, 28.011612, 0.0)
(34.716209, 29.330727, 0.0)
(34.772057, 29.316505, 0.0)
(34.718136, 29.192734, 0.0)
(34.703960, 29.147991, 0.0)
(34.715157, 29.120169, 0.0)
(34.725868, 29.114656, 0.0)
(34.720139, 29.113968, 0.0)
(34.259949, 28.812893, 0.0)
(34.225716, 28.717550, 0.0)
(34.249653, 28.720150, 0.0)
(34.247330, 28.726633, 0.0)
(34.228493, 28.733032, 0.0)
(34.162720, 28.694550, 0.0)
(34.130550, 28.677078, 0.0)
(34.105915, 28.652992, 0.0)
(34.104546, 28.652121, 0.0)
(34.093674, 28.636732, 0.0)
(34.107685, 28.624443, 0.0)
(34.118912, 28.613501, 0.0)
(34.124580, 28.606459, 0.0)
(34.119858, 28.585348, 0.0)
(34.101421, 28.623913, 0.0)
(34.105541, 28.621202, 0.0)
(34.110073, 28.628868, 0.0)
(34.119461, 28.602112, 0.0)
(34.113251, 28.577446, 0.0)
(34.121571, 28.581560, 0.0)
(34.129063, 28.603434, 0.0)
(35.343140, 27.803265, 0.0)
(36.783871, 27.050756, 0.0)
(36.812035, 27.070745, 0.0)
(36.851513, 27.134983, 0.0)
(36.893242, 27.139530, 0.0)
(36.895344, 27.085278, 0.0)
(36.892406, 27.093372, 0.0)
(36.904854, 27.096201, 0.0)
(36.890926, 27.133238, 0.0)
(36.902184, 27.121542, 0.0)
(36.936081, 27.105600, 0.0)
(35.905098, 26.024183, 0.0)
(35.897278, 25.826254, 0.0)
(35.970112, 25.837448, 0.0)
(35.971134, 25.840757, 0.0)
(35.954773, 25.847355, 0.0)
(35.984974, 25.860418, 0.0)
(36.168358, 25.870893, 0.0)
(36.121769, 25.894875, 0.0)
(36.060349, 25.860748, 0.0)
(36.071373, 25.868532, 0.0)
(36.012878, 26.420254, 0.0)
(36.150631, 27.402033, 0.0)
(36.069363, 26.478489, 0.0)
(35.997257, 25.957132, 0.0)
(35.945736, 25.765352, 0.0)
(35.930954, 25.773235, 0.0)
(35.952194, 25.787109, 0.0)
(35.976879, 25.838619, 0.0)
(35.997890, 25.820028, 0.0)
(36.000687, 25.901396, 0.0)
(35.973598, 25.874342, 0.0)
(36.011322, 25.865660, 0.0)
(36.022907, 25.854931, 0.0)
(36.049240, 25.811304, 0.0)
(36.065224, 25.863054, 0.0)
(36.061771, 25.857342, 0.0)
(36.025841, 25.894299, 0.0)
(36.005932, 25.862469, 0.0)
(35.994953, 25.883375, 0.0)
(35.984035, 25.914570, 0.0)
(35.996265, 25.894966, 0.0)
(35.994690, 25.919193, 0.0)
(35.861370, 25.858892, 0.0)
(32.319180, 24.826609, 0.0)
(30.290457, 24.229666, 0.0)
(30.244932, 24.250818, 0.0)
(30.297194, 24.291103, 0.0)
(30.320635, 24.348688, 0.0)
(30.347828, 24.346325, 0.0)
(30.364725, 24.354708, 0.0)
(30.365353, 24.328083, 0.0)
(30.072096, 24.448671, 0.0)
(30.046705, 24.441940, 0.0)
(30.047623, 24.447847, 0.0)
(30.035660, 24.428169, 0.0)
(30.004635, 24.458021, 0.0)
(29.987490, 24.462194, 0.0)
(30.014788, 24.449783, 0.0)
(29.980392, 24.462427, 0.0)
(29.937254, 24.491459, 0.0)
(29.934647, 24.474424, 0.0)
(29.956020, 24.500628, 0.0)
(29.952986, 24.438326, 0.0)
(29.960144, 24.431629, 0.0)
(29.977880, 24.451561, 0.0)
(29.964060, 24.448351, 0.0)
(29.971947, 24.451982, 0.0)
(29.980967, 24.451698, 0.0)
(30.042747, 24.410938, 0.0)
(30.072296, 24.375196, 0.0)
(30.049124, 24.399502, 0.0)
(30.008097, 24.406916, 0.0)
(29.946672, 24.384590, 0.0)
(29.920477, 24.401031, 0.0)
(29.943144, 24.383207, 0.0)
(29.998819, 24.373423, 0.0)
(30.017031, 24.369230, 0.0)
(30.024160, 24.368481, 0.0)
(30.012747, 24.376286, 0.0)
(30.384872, 24.096882, 0.0)
(34.204170, 22.103964, 0.0)
(37.641308, 21.384512, 0.0)
(38.769615, 21.637140, 0.0)
(38.839500, 21.728176, 0.0)
(38.776669, 21.697342, 0.0)
(38.757206, 21.711580, 0.0)
(38.895573, 21.635487, 0.0)
(39.205971, 21.394354, 0.0)
(39.218929, 21.392788, 0.0)
(39.230755, 21.432966, 0.0)
(39.233891, 21.454355, 0.0)
(39.243828, 21.476673, 0.0)
(39.234467, 21.516891, 0.0)
(39.198521, 21.538973, 0.0)
(39.179749, 21.552652, 0.0)
(39.185387, 21.558195, 0.0)
(39.198982, 21.547850, 0.0)
(39.225780, 21.557478, 0.0)
(39.226231, 21.557560, 0.0)
(39.199280, 21.569691, 0.0)
(39.169018, 21.559591, 0.0)
(39.157169, 21.570467, 0.0)
(39.160690, 21.581396, 0.0)
(39.398846, 21.736826, 0.0)
(39.474277, 21.789688, 0.0)
(39.456127, 21.776411, 0.0)
(39.444290, 21.777189, 0.0)
(39.422112, 21.771757, 0.0)
(39.405914, 21.779650, 0.0)
(39.386887, 22.157824, 0.0)
(39.371838, 22.872616, 0.0)
(39.366116, 22.898670, 0.0)
(39.386150, 22.827633, 0.0)
(39.365406, 22.794319, 0.0)
(39.355156, 22.798065, 0.0)
(39.321106, 22.794401, 0.0)
(39.203499, 22.809490, 0.0)
(35.652504, 23.941153, 0.0)
(33.032501, 25.322908, 0.0)
(32.947880, 25.355936, 0.0)
(32.951427, 25.266302, 0.0)
(32.916389, 25.246304, 0.0)
(32.874527, 25.237846, 0.0)
(32.870773, 25.214081, 0.0)
(32.868717, 25.219580, 0.0)
(32.876053, 25.214184, 0.0)
(32.754875, 25.286875, 0.0)
(32.465298, 25.425110, 0.0)
(32.434887, 25.428968, 0.0)
(32.390835, 25.407970, 0.0)
(32.365730, 25.393814, 0.0)
(32.373825, 25.304026, 0.0)
(32.378021, 25.280815, 0.0)
(32.408119, 25.192486, 0.0)
(32.735779, 25.138279, 0.0)
(32.775105, 25.112343, 0.0)
(32.748451, 25.079906, 0.0)
(32.737770, 25.083076, 0.0)
(32.729095, 25.085283, 0.0)
(32.725330, 25.084450, 0.0)
(32.735176, 25.079840, 0.0)
(32.746075, 25.070614, 0.0)
(32.755428, 25.065977, 0.0)
(32.743687, 25.078018, 0.0)
(32.737328, 25.088627, 0.0)
(32.741676, 25.102579, 0.0)
(32.747028, 25.103958, 0.0)
(32.768360, 25.125788, 0.0)
(32.755360, 25.069822, 0.0)
(32.739384, 25.036217, 0.0)
(32.748871, 25.051552, 0.0)
(32.753170, 25.085678, 0.0)
(32.747047, 25.070555, 0.0)
(32.735641, 25.098391, 0.0)
(33.788208, 24.652756, 0.0)
(37.542496, 22.893044, 0.0)
(38.868690, 22.561260, 0.0)
(38.982430, 22.666363, 0.0)
(38.935341, 22.723154, 0.0)
(39.195377, 22.876036, 0.0)
(39.471127, 23.082594, 0.0)
(39.476658, 23.100689, 0.0)
(39.456905, 23.080194, 0.0)
(39.444202, 23.085379, 0.0)
(39.432976, 23.128944, 0.0)
(39.393818, 23.106800, 0.0)
(39.385292, 23.101944, 0.0)
(39.386787, 23.116459, 0.0)
(39.389526, 23.126522, 0.0)
(39.378876, 23.133799, 0.0)
(39.366890, 23.103027, 0.0)
(39.366829, 23.096806, 0.0)
(39.362492, 23.093405, 0.0)
(39.355217, 23.174448, 0.0)
(39.357098, 23.160490, 0.0)
(39.367722, 23.153051, 0.0)
(39.372368, 23.159130, 0.0)
(39.379501, 23.181984, 0.0)
(39.374718, 23.163589, 0.0)
(39.381393, 23.201626, 0.0)
(39.378101, 23.224960, 0.0)
(39.372471, 23.223900, 0.0)
(39.380688, 23.245584, 0.0)
(39.374641, 23.246586, 0.0)
(39.370041, 23.255304, 0.0)
(39.370041, 23.255304, 0.0)
(39.340740, 23.251472, 0.0)
(39.336037, 23.239954, 0.0)
(39.336037, 23.239954, 0.0)
(39.351067, 23.241102, 0.0)
(39.375164, 23.256742, 0.0)
(39.349159, 23.218428, 0.0)
(40.285267, 24.738878, 0.0)
(40.839767, 28.201435, 0.0)
(40.613903, 28.564892, 0.0)
(40.572113, 28.464264, 0.0)
(40.570328, 28.363455, 0.0)
(40.520195, 28.343203, 0.0)
(40.367271, 28.558455, 0.0)
(40.350494, 28.559214, 0.0)
(40.363850, 28.528658, 0.0)
(40.333035, 28.406309, 0.0)
(40.301548, 28.293528, 0.0)
(39.956150, 28.986738, 0.0)
(40.336456, 28.954483, 0.0)
(40.397812, 28.446663, 0.0)
(40.439056, 28.088385, 0.0)
(40.478764, 28.004421, 0.0)
(40.484936, 28.012888, 0.0)
(40.494148, 28.065550, 0.0)
(40.461952, 28.040936, 0.0)
(40.463379, 28.087887, 0.0)
(40.457096, 28.094957, 0.0)
(40.590069, 28.269905, 0.0)
(40.674198, 28.458260, 0.0)
(40.672939, 28.446154, 0.0)
(40.661575, 28.406084, 0.0)
(40.669819, 28.430235, 0.0)
(40.672939, 28.446154, 0.0)
(40.656433, 28.425604, 0.0)
(40.643997, 28.428461, 0.0)
(40.647465, 28.407990, 0.0)
(40.647266, 28.425449, 0.0)
(40.661995, 28.444929, 0.0)
(40.663090, 28.417582, 0.0)
(40.672012, 28.401430, 0.0)
(40.651505, 28.021484, 0.0)
(40.343983, 23.512728, 0.0)
(40.498257, 22.336016, 0.0)
(40.518166, 22.549871, 0.0)
(40.506294, 22.648865, 0.0)
(40.494129, 22.662354, 0.0)
(40.661983, 22.637159, 0.0)
(40.771278, 22.654247, 0.0)
(40.756031, 22.717461, 0.0)
(40.741570, 22.719402, 0.0)
(40.748749, 22.744616, 0.0)
(40.737926, 22.767666, 0.0)
(40.748814, 22.753384, 0.0)
(40.749451, 22.753845, 0.0)
(40.840565, 22.676855, 0.0)
(40.839035, 22.694525, 0.0)
(40.808285, 22.771666, 0.0)
(40.810638, 22.804592, 0.0)
(40.804459, 22.834196, 0.0)
(40.777573, 22.827246, 0.0)
(40.760380, 22.872023, 0.0)
(40.754890, 22.874920, 0.0)
(40.755562, 22.831562, 0.0)
(40.753208, 22.824511, 0.0)
(40.750347, 22.828297, 0.0)
(40.745064, 22.860134, 0.0)
(40.748478, 22.836294, 0.0)
(40.739788, 22.889288, 0.0)
(40.738201, 22.914730, 0.0)
(40.378288, 23.088953, 0.0)
(39.482838, 24.426352, 0.0)
(39.350430, 24.556738, 0.0)
(39.389992, 24.531708, 0.0)
(39.392761, 24.522266, 0.0)
(39.389187, 24.537483, 0.0)
(39.371464, 24.533604, 0.0)
(39.333614, 24.523281, 0.0)
(39.283005, 24.568361, 0.0)
(36.607986, 26.921825, 0.0)
(35.903416, 27.576891, 0.0)
(35.907986, 27.574575, 0.0)
(35.914761, 27.542845, 0.0)
(35.887096, 27.487179, 0.0)
(35.886597, 27.454294, 0.0)
(35.905079, 27.427044, 0.0)
(36.066685, 27.283186, 0.0)
(36.098389, 27.234043, 0.0)
(36.030270, 27.177401, 0.0)
(36.011253, 27.207897, 0.0)
(36.000969, 27.218105, 0.0)
(35.924965, 27.227163, 0.0)
(35.908756, 27.186766, 0.0)
(35.894726, 27.232531, 0.0)
(35.929249, 27.218781, 0.0)
(35.953407, 27.192402, 0.0)
(35.961655, 27.207535, 0.0)
(35.972557, 27.185703, 0.0)
(35.947056, 27.205191, 0.0)
(35.944397, 27.187132, 0.0)
(35.963596, 27.174469, 0.0)
(35.955555, 27.174923, 0.0)
(35.982159, 27.135111, 0.0)
(35.983555, 27.137146, 0.0)
(35.976269, 27.140656, 0.0)
(35.968048, 27.141563, 0.0)
(35.978939, 27.132412, 0.0)
(36.012596, 27.123016, 0.0)
(36.036442, 27.028070, 0.0)
(36.014233, 27.019753, 0.0)
(36.030621, 27.019079, 0.0)
(36.030235, 27.013176, 0.0)
(36.019070, 27.009993, 0.0)
(36.015553, 27.007233, 0.0)
(36.028900, 27.002563, 0.0)
(36.062477, 26.986866, 0.0)
(36.054031, 26.943644, 0.0)
(36.080036, 27.050730, 0.0)
(36.110420, 28.546125, 0.0)
(36.088173, 28.760962, 0.0)
(36.085850, 28.666254, 0.0)
(36.103527, 28.619946, 0.0)
(36.123238, 28.586706, 0.0)
(36.107994, 28.622492, 0.0)
(36.143353, 28.636097, 0.0)
(36.174965, 28.745562, 0.0)
(36.159386, 28.799702, 0.0)
(36.159233, 28.829065, 0.0)
(36.150841, 28.851646, 0.0)
(36.124325, 28.873447, 0.0)
(36.106125, 28.876169, 0.0)
(36.079716, 28.893074, 0.0)
(36.087723, 28.906586, 0.0)
(36.095757, 28.905363, 0.0)
(36.075096, 28.915909, 0.0)
(36.079208, 28.922771, 0.0)
(36.053833, 28.958858, 0.0)
(36.044979, 28.969307, 0.0)
(36.038078, 28.977169, 0.0)
(36.024605, 29.000874, 0.0)
(36.099960, 28.227196, 0.0)
(36.351414, 26.751471, 0.0)
(36.360825, 26.620285, 0.0)
(36.342590, 26.726837, 0.0)
(36.324455, 26.779285, 0.0)
(36.326000, 26.794683, 0.0)
(36.317993, 26.821499, 0.0)
(36.312199, 26.816916, 0.0)
(36.317600, 26.824020, 0.0)
(36.328468, 26.845001, 0.0)
(36.319221, 26.853001, 0.0)
(36.331245, 26.823645, 0.0)
(36.318977, 26.818527, 0.0)
(36.304871, 26.812813, 0.0)
(36.074940, 26.840124, 0.0)
(32.750961, 27.804182, 0.0)
(30.396008, 28.314354, 0.0)
(30.295944, 28.263567, 0.0)
(30.393932, 28.193552, 0.0)
(30.419617, 28.198570, 0.0)
(30.410530, 28.192673, 0.0)
(30.321411, 28.141819, 0.0)
(30.146973, 27.789225, 0.0)
(30.169643, 27.747896, 0.0)
(30.165266, 27.755922, 0.0)
(30.173765, 27.746037, 0.0)
(30.165770, 27.708544, 0.0)
(30.177435, 27.648920, 0.0)
(30.183094, 27.652504, 0.0)
(30.174692, 27.641563, 0.0)
(29.933348, 27.551376, 0.0)
(29.957226, 27.484230, 0.0)
(29.963549, 27.512697, 0.0)
(29.971828, 27.512911, 0.0)
(30.032063, 27.478018, 0.0)
(30.056614, 27.467524, 0.0)
(30.347380, 27.357254, 0.0)
(30.351307, 27.376654, 0.0)
(30.243326, 27.358347, 0.0)
(30.247599, 27.372601, 0.0)
(30.330215, 27.386852, 0.0)
(30.341619, 27.406967, 0.0)
(30.320889, 27.401705, 0.0)
(30.294956, 27.407970, 0.0)
(30.300823, 27.369253, 0.0)
(30.301558, 27.378704, 0.0)
(30.292143, 27.382833, 0.0)
(30.292536, 27.389126, 0.0)
(30.297495, 27.374359, 0.0)
(30.278326, 27.378975, 0.0)
(30.320955, 27.291014, 0.0)
(32.312798, 24.816843, 0.0)
(32.960815, 24.059162, 0.0)
(32.980759, 24.060001, 0.0)
(32.976383, 24.020540, 0.0)
(32.947823, 24.054062, 0.0)
(32.911625, 24.050371, 0.0)
(32.882862, 24.112101, 0.0)
(32.810143, 23.942541, 0.0)
(32.773563, 23.868519, 0.0)
(32.750046, 23.891138, 0.0)
(32.774364, 23.924944, 0.0)
(32.782402, 23.955914, 0.0)
(32.779030, 23.946257, 0.0)
(32.786755, 23.948578, 0.0)
(32.775936, 23.930803, 0.0)
(32.795719, 23.957323, 0.0)
(33.062229, 23.744175, 0.0)
(33.209080, 23.757648, 0.0)
(33.196732, 23.788580, 0.0)
(33.184299, 23.839859, 0.0)
(33.184120, 23.851698, 0.0)
(33.210018, 23.868717, 0.0)
(33.189144, 23.897127, 0.0)
(33.160641, 23.911146, 0.0)
(33.175690, 23.917881, 0.0)
(33.175056, 23.889557, 0.0)
(33.160164, 23.871273, 0.0)
(33.152534, 23.888931, 0.0)
(33.131111, 23.921207, 0.0)
(33.119061, 23.941534, 0.0)
(33.118999, 23.948997, 0.0)
(33.112736, 23.925690, 0.0)
(33.120914, 23.907207, 0.0)
(33.126148, 23.933699, 0.0)
(33.115227, 23.940069, 0.0)
(33.078342, 23.936779, 0.0)
(33.066990, 23.926893, 0.0)
(33.076668, 23.888592, 0.0)
(33.101097, 23.945486, 0.0)
(34.680683, 25.694128, 0.0)
(36.893898, 28.840757, 0.0)
(37.397335, 29.933111, 0.0)
(37.353012, 29.887123, 0.0)
(37.308205, 29.791855, 0.0)
(37.290226, 29.764868, 0.0)
(37.607750, 29.957617, 0.0)
(37.656494, 30.000130, 0.0)
(37.585655, 29.984964, 0.0)
(37.588196, 29.956751, 0.0)
(37.575336, 29.975185, 0.0)
(37.525852, 29.938503, 0.0)
(37.525192, 29.922447, 0.0)
(37.543243, 29.852194, 0.0)
(37.533413, 29.850649, 0.0)
(37.547661, 29.852194, 0.0)
(37.563755, 29.859856, 0.0)
(37.554447, 29.854670, 0.0)
(37.541218, 29.851662, 0.0)
(37.538727, 29.848829, 0.0)
(37.547947, 29.845446, 0.0)
(37.529148, 29.809046, 0.0)
(37.547737, 29.792656, 0.0)
(37.533989, 29.801046, 0.0)
(37.546368, 29.785229, 0.0)
(37.539711, 29.781557, 0.0)
(37.520782, 29.791918, 0.0)
(37.518078, 29.795555, 0.0)
(37.518078, 29.795555, 0.0)
(37.518303, 29.764103, 0.0)
(38.067810, 28.033802, 0.0)
(38.221603, 27.679087, 0.0)
(38.149628, 27.742212, 0.0)
(38.141277, 27.769012, 0.0)
(38.129280, 27.792892, 0.0)
(38.141323, 27.809105, 0.0)
(38.138405, 27.816950, 0.0)
(38.141277, 27.804724, 0.0)
(38.021381, 27.865223, 0.0)
(34.681667, 28.557985, 0.0)
(33.204170, 28.570055, 0.0)
(33.161915, 28.552149, 0.0)
(33.216068, 28.538357, 0.0)
(33.240269, 28.519981, 0.0)
(33.259903, 28.546724, 0.0)
(33.263443, 28.514641, 0.0)
(32.919064, 28.653244, 0.0)
(32.872276, 28.669899, 0.0)
(32.827965, 28.712517, 0.0)
(32.792641, 28.714443, 0.0)
(32.781673, 28.707693, 0.0)
(32.762020, 28.676214, 0.0)
(32.695591, 28.892536, 0.0)
(32.699116, 31.420282, 0.0)
(32.060345, 30.835569, 0.0)
(32.276855, 30.266245, 0.0)
(32.335098, 29.821018, 0.0)
(32.397430, 29.499596, 0.0)
(32.321411, 29.378664, 0.0)
(32.322975, 29.237881, 0.0)
(32.319263, 29.127756, 0.0)
(32.263512, 29.099878, 0.0)
(32.268661, 29.078743, 0.0)
(32.306431, 29.029497, 0.0)
(32.325089, 29.028307, 0.0)
(32.302910, 29.052898, 0.0)
(32.278816, 29.041025, 0.0)
(32.282192, 29.035048, 0.0)
(32.296726, 29.044947, 0.0)
(32.297642, 29.043726, 0.0)
(32.336624, 29.047682, 0.0)
(32.340759, 28.972460, 0.0)
(33.764847, 28.093330, 0.0)
(37.886215, 26.104235, 0.0)
(40.682671, 24.770296, 0.0)
(41.781998, 24.112528, 0.0)
(41.897255, 24.013868, 0.0)
(41.889133, 24.220795, 0.0)
(42.268436, 24.341236, 0.0)
(42.589409, 24.393450, 0.0)
(42.562420, 24.470230, 0.0)
(42.549835, 24.477842, 0.0)
(42.519993, 24.502756, 0.0)
(42.522411, 24.511660, 0.0)
(42.521049, 24.488470, 0.0)
(42.665890, 24.607643, 0.0)
(42.669590, 24.595083, 0.0)
(42.602177, 24.337105, 0.0)
(42.519623, 25.649393, 0.0)
(42.340347, 24.780924, 0.0)
(42.402424, 24.226227, 0.0)
(42.426426, 24.089670, 0.0)
(42.441334, 24.120407, 0.0)
(42.430748, 24.133877, 0.0)
(42.430565, 24.203897, 0.0)
(42.399448, 24.216303, 0.0)
(42.386284, 24.234465, 0.0)
(42.411480, 24.262548, 0.0)
(42.403854, 24.227726, 0.0)
(42.428814, 24.243196, 0.0)
(42.450031, 24.229017, 0.0)
(42.440590, 24.247723, 0.0)
(42.444454, 24.252443, 0.0)
(42.433777, 24.238573, 0.0)
(42.427872, 24.248165, 0.0)
(42.421722, 24.254000, 0.0)
(42.427872, 24.248165, 0.0)
(42.426914, 24.243498, 0.0)
(42.433506, 24.239489, 0.0)
(39.720154, 22.928904, 0.0)
(37.988686, 22.110518, 0.0)
(38.018959, 22.090225, 0.0)
(38.165607, 22.122932, 0.0)
(38.207001, 22.061731, 0.0)
(38.194923, 22.044186, 0.0)
(38.177139, 22.026402, 0.0)
(38.097729, 22.011356, 0.0)
(37.758175, 21.675447, 0.0)
(37.750290, 21.700220, 0.0)
(37.757099, 21.693489, 0.0)
(37.755352, 21.625843, 0.0)
(37.791458, 21.630054, 0.0)
(37.791435, 21.606358, 0.0)
(37.774139, 21.586557, 0.0)
(37.746185, 21.575636, 0.0)
(37.714756, 21.568844, 0.0)
(37.746876, 21.564209, 0.0)
(37.769375, 21.606258, 0.0)
(37.771946, 21.675413, 0.0)
(37.724834, 21.699566, 0.0)
(37.716030, 21.691219, 0.0)
(37.685768, 21.686863, 0.0)
(37.665581, 21.698910, 0.0)
(37.636501, 21.737429, 0.0)
(37.627949, 21.754141, 0.0)
(37.622425, 21.711699, 0.0)
(37.581333, 21.694359, 0.0)
(37.616211, 21.710228, 0.0)
(37.571747, 21.708254, 0.0)
(37.528168, 21.704288, 0.0)
(37.483791, 21.720848, 0.0)
(37.455647, 21.734852, 0.0)
(37.477478, 21.729841, 0.0)
(37.547489, 21.758163, 0.0)
(36.171288, 22.538727, 0.0)
(35.524418, 23.009857, 0.0)
(35.495125, 22.973869, 0.0)
(35.510353, 22.891216, 0.0)
(38.487671, 25.614162, 0.0)
(40.485950, 28.367453, 0.0)
(41.091328, 29.330723, 0.0)
(41.091133, 29.318121, 0.0)
(41.018250, 29.241661, 0.0)
(40.983635, 29.235588, 0.0)
(41.169849, 29.485525, 0.0)
(41.193230, 29.691286, 0.0)
(41.117512, 29.683849, 0.0)
(41.037434, 29.692308, 0.0)
(40.984428, 29.689629, 0.0)
(40.952320, 29.715618, 0.0)
(40.856415, 29.744501, 0.0)
(40.788456, 29.775133, 0.0)
(40.812881, 29.787146, 0.0)
(40.845592, 29.744602, 0.0)
(40.897163, 29.745617, 0.0)
(40.899315, 29.735600, 0.0)
(40.893150, 29.758459, 0.0)
(40.884762, 29.776079, 0.0)
(40.828045, 29.750614, 0.0)
(38.330097, 28.026638, 0.0)
(37.128906, 27.232574, 0.0)
(37.102867, 27.283644, 0.0)
(37.166496, 27.302103, 0.0)
(37.145599, 27.325430, 0.0)
(37.170834, 27.343859, 0.0)
(37.190136, 27.342594, 0.0)
(37.213177, 27.291183, 0.0)
(37.213558, 27.298899, 0.0)
(37.208477, 27.304615, 0.0)
(37.177876, 27.354029, 0.0)
(37.142197, 27.378311, 0.0)
(37.160011, 27.367672, 0.0)
(37.163795, 27.381029, 0.0)
(37.189030, 27.350428, 0.0)
(37.176991, 27.383957, 0.0)
(36.253273, 27.606861, 0.0)
(34.332932, 28.132696, 0.0)
(34.245903, 28.172607, 0.0)
(34.277786, 28.150803, 0.0)
(34.267178, 28.148769, 0.0)
(34.288734, 28.134161, 0.0)
(34.288761, 28.113115, 0.0)
(34.271461, 28.116917, 0.0)
(34.006573, 28.042406, 0.0)
(33.945656, 27.863785, 0.0)
(33.939285, 27.805849, 0.0)
(33.913456, 27.789192, 0.0)
(33.917679, 27.819027, 0.0)
(33.874283, 27.821863, 0.0)
(33.858036, 27.822769, 0.0)
(33.839512, 27.818470, 0.0)
(33.867958, 27.791407, 0.0)
(33.875973, 27.779221, 0.0)
(33.955540, 27.777168, 0.0)
(34.027897, 27.747677, 0.0)
(34.030422, 27.736914, 0.0)
(34.036674, 27.752962, 0.0)
(34.035339, 27.734306, 0.0)
(33.799362, 27.512426, 0.0)
(33.577709, 26.691666, 0.0)
(33.593666, 26.586107, 0.0)
(33.576351, 26.662737, 0.0)
(33.573265, 26.697996, 0.0)
(33.607601, 26.717760, 0.0)
(33.597336, 26.691004, 0.0)
(33.598614, 26.658342, 0.0)
(33.581470, 26.695133, 0.0)
(33.576488, 26.697016, 0.0)
(33.558060, 26.689688, 0.0)
(33.552872, 26.655956, 0.0)
(33.586941, 26.626089, 0.0)
(34.737301, 25.089659, 0.0)
(35.392361, 22.217302, 0.0)
(35.454800, 21.823784, 0.0)
(35.447456, 21.978733, 0.0)
(35.423168, 22.019936, 0.0)
(35.503429, 21.982111, 0.0)
(35.747471, 22.043335, 0.0)
(35.749638, 22.044739, 0.0)
(35.730640, 22.005920, 0.0)
(35.731960, 21.917055, 0.0)
(35.811916, 24.306938, 0.0)
(35.933647, 23.632954, 0.0)
(35.824795, 22.296509, 0.0)
(35.871056, 22.016991, 0.0)
(35.905846, 22.014391, 0.0)
(35.920738, 22.039389, 0.0)
(35.913677, 22.078373, 0.0)
(35.895229, 22.121025, 0.0)
(35.909634, 22.122763, 0.0)
(35.841759, 22.904661, 0.0)
(35.454868, 24.949980, 0.0)
(35.384842, 25.015385, 0.0)
(35.359230, 24.901560, 0.0)
(35.350712, 24.914621, 0.0)
(35.591728, 24.771915, 0.0)
(36.200157, 24.456259, 0.0)
(36.231739, 24.476198, 0.0)
(36.186203, 24.490400, 0.0)
(36.155418, 24.474783, 0.0)
(36.134991, 24.482965, 0.0)
(36.138882, 24.523281, 0.0)
(36.138203, 24.478367, 0.0)
(36.148983, 24.522724, 0.0)
(36.153664, 24.537502, 0.0)
(36.117146, 24.502645, 0.0)
(36.079117, 24.537920, 0.0)
(35.614849, 24.390287, 0.0)
(32.022163, 23.005377, 0.0)
(30.398258, 22.406778, 0.0)
(30.220131, 22.338642, 0.0)
(30.259516, 22.389774, 0.0)
(30.261877, 22.393782, 0.0)
(29.996008, 22.380499, 0.0)
(29.861540, 22.317060, 0.0)
(29.870674, 22.346022, 0.0)
(29.860207, 22.391794, 0.0)
(29.863066, 22.428841, 0.0)
(29.885515, 22.411526, 0.0)
(29.905233, 22.262690, 0.0)
(29.902910, 22.319946, 0.0)
(29.875420, 22.360840, 0.0)
(29.867947, 22.373131, 0.0)
(29.872833, 22.403900, 0.0)
(29.889500, 22.398695, 0.0)
(29.889500, 22.398695, 0.0)
(29.901466, 22.353573, 0.0)
(29.829933, 22.449057, 0.0)
(29.834133, 22.485979, 0.0)
(29.828051, 22.514441, 0.0)
(29.793446, 22.516912, 0.0)
(29.802126, 22.512156, 0.0)
(30.780106, 22.782356, 0.0)
(32.225407, 24.767731, 0.0)
(32.330616, 25.448771, 0.0)
(32.314026, 25.425789, 0.0)
(32.301682, 25.373795, 0.0)
(32.264130, 25.372808, 0.0)
(32.247330, 25.303074, 0.0)
(32.275253, 25.285145, 0.0)
(32.254139, 25.273655, 0.0)
(32.253021, 25.273077, 0.0)
(32.266045, 25.253290, 0.0)
(32.266140, 25.231289, 0.0)
(32.268673, 25.346626, 0.0)
(32.631264, 26.882692, 0.0)
(32.628250, 27.051275, 0.0)
(32.640919, 26.852001, 0.0)
(32.611603, 26.790773, 0.0)
(32.625298, 26.764711, 0.0)
(32.617149, 26.766096, 0.0)
(32.817715, 26.846910, 0.0)
(32.849186, 26.858232, 0.0)
(32.792397, 26.813038, 0.0)
(32.814465, 26.764482, 0.0)
(32.781689, 26.767504, 0.0)
(32.759628, 26.894144, 0.0)
(32.693943, 27.016993, 0.0)
(32.679958, 27.056580, 0.0)
(32.700687, 27.178661, 0.0)
(32.715744, 27.271946, 0.0)
(32.726475, 27.275951, 0.0)
(32.731304, 27.223976, 0.0)
(32.733627, 27.117640, 0.0)
(32.743973, 27.085989, 0.0)
(32.736534, 27.064438, 0.0)
(32.695190, 27.064333, 0.0)
(32.709381, 27.077354, 0.0)
(32.700874, 27.074327, 0.0)
(32.684772, 27.046997, 0.0)
(32.708950, 27.039085, 0.0)
(34.538528, 27.112411, 0.0)
(34.851067, 27.084520, 0.0)
(34.796036, 27.054945, 0.0)
(34.777031, 27.048115, 0.0)
(34.799644, 27.069387, 0.0)
(34.825279, 27.116350, 0.0)
(34.846500, 27.115898, 0.0)
(34.828678, 27.124353, 0.0)
(34.812477, 27.145657, 0.0)
(34.746147, 27.151546, 0.0)
(34.849247, 26.956808, 0.0)
(35.760433, 23.232147, 0.0)
(36.053127, 21.367929, 0.0)
(36.083614, 21.401951, 0.0)
(36.011333, 21.586727, 0.0)
(35.974323, 21.678349, 0.0)
(35.964054, 21.686033, 0.0)
(35.976421, 21.721764, 0.0)
(35.960106, 21.709459, 0.0)
(35.893753, 21.603115, 0.0)
(35.905273, 21.601194, 0.0)
(35.875759, 21.588621, 0.0)
(35.870087, 21.603060, 0.0)
(35.875179, 21.590334, 0.0)
(35.930080, 21.610132, 0.0)
(35.949589, 21.613115, 0.0)
(35.946560, 21.620935, 0.0)
(35.912277, 21.577919, 0.0)
(35.929123, 21.537657, 0.0)
(35.946735, 21.532185, 0.0)
(35.960705, 21.526320, 0.0)
(35.991550, 21.542139, 0.0)
(35.991550, 21.542139, 0.0)
(35.988358, 21.530102, 0.0)
(35.989037, 21.521128, 0.0)
(35.987057, 21.515114, 0.0)
(35.993557, 21.517996, 0.0)
(35.985088, 21.491301, 0.0)
(35.998123, 21.498198, 0.0)
(36.007130, 21.484400, 0.0)
(36.019981, 21.482832, 0.0)
(36.036800, 21.440231, 0.0)
(36.034027, 21.429899, 0.0)
(36.048717, 21.444580, 0.0)
(36.041271, 21.452192, 0.0)
(36.144508, 21.782967, 0.0)
(36.200233, 25.031803, 0.0)
(36.025208, 26.386581, 0.0)
(36.032440, 26.329277, 0.0)
(36.039619, 26.185583, 0.0)
(36.194767, 25.466957, 0.0)
(36.318565, 24.963831, 0.0)
(36.257893, 24.979881, 0.0)
(36.240894, 24.988146, 0.0)
(36.237427, 24.915730, 0.0)
(36.227665, 24.864269, 0.0)
(36.214096, 24.870539, 0.0)
(36.165363, 24.857977, 0.0)
(36.157318, 24.846350, 0.0)
(36.136597, 24.898779, 0.0)
(36.132042, 24.836153, 0.0)
(36.144291, 24.812574, 0.0)
(36.131363, 24.865641, 0.0)
(36.079174, 24.865734, 0.0)
(36.075756, 24.859177, 0.0)
(35.992565, 24.853861, 0.0)
(35.990452, 24.902483, 0.0)
(35.996025, 24.940384, 0.0)
(35.972778, 24.932682, 0.0)
(35.963158, 24.940269, 0.0)
(35.942394, 24.950493, 0.0)
(35.941711, 24.937349, 0.0)
(35.951054, 24.931669, 0.0)
(35.939442, 24.938889, 0.0)
(35.955952, 24.961258, 0.0)
(35.988132, 24.965731, 0.0)
(35.989815, 24.981173, 0.0)
(36.000317, 24.986301, 0.0)
(35.962093, 25.026478, 0.0)
(35.913105, 25.000301, 0.0)
(35.909683, 25.029816, 0.0)
(35.912804, 25.027828, 0.0)
(35.919273, 25.046440, 0.0)
(35.914982, 25.097040, 0.0)
(35.905888, 25.086615, 0.0)
(36.006336, 25.118267, 0.0)
(38.679882, 26.288712, 0.0)
(39.124607, 26.661345, 0.0)
(39.062534, 26.668724, 0.0)
(39.038620, 26.630083, 0.0)
(39.053898, 26.604965, 0.0)
(39.051521, 26.556038, 0.0)
(39.172348, 26.612825, 0.0)
(39.161522, 26.615965, 0.0)
(39.119270, 26.628054, 0.0)
(39.116360, 26.599215, 0.0)
(39.165661, 26.602371, 0.0)
(39.148010, 26.570280, 0.0)
(39.124134, 26.508251, 0.0)
(39.132042, 26.500372, 0.0)
(39.112865, 26.462570, 0.0)
(39.129040, 26.476816, 0.0)
(39.143391, 26.498308, 0.0)
(39.173950, 26.477919, 0.0)
(39.226528, 26.474493, 0.0)
(39.243706, 26.506094, 0.0)
(39.239388, 26.449253, 0.0)
(39.252533, 26.432487, 0.0)
(39.289898, 26.440536, 0.0)
(39.284740, 26.446180, 0.0)
(39.281750, 26.446341, 0.0)
(39.280117, 26.437263, 0.0)
(39.262249, 26.442814, 0.0)
(39.248440, 26.413883, 0.0)
(38.986240, 26.309479, 0.0)
(36.983681, 25.852428, 0.0)
(36.608700, 25.826536, 0.0)
(36.640148, 25.843241, 0.0)
(36.643047, 25.859547, 0.0)
(36.638081, 25.891344, 0.0)
(36.648331, 25.895458, 0.0)
(36.632721, 25.907421, 0.0)
(36.624004, 25.902761, 0.0)
(36.799030, 25.935242, 0.0)
(39.841503, 27.384903, 0.0)
(40.695423, 27.934313, 0.0)
(40.757027, 27.945963, 0.0)
(40.718933, 27.932581, 0.0)
(40.690899, 27.871752, 0.0)
(40.598244, 27.794565, 0.0)
(40.528751, 27.582996, 0.0)
(40.516819, 27.595331, 0.0)
(40.510822, 27.609711, 0.0)
(40.515156, 27.609503, 0.0)
(40.507404, 27.623604, 0.0)
(40.537479, 27.582300, 0.0)
(40.567329, 27.561691, 0.0)
(40.595451, 27.594076, 0.0)
(40.606266, 27.597832, 0.0)
(40.606556, 27.618078, 0.0)
(40.621483, 27.611637, 0.0)
(40.643127, 27.640902, 0.0)
(40.671040, 27.602819, 0.0)
(40.685764, 27.609175, 0.0)
(40.685436, 27.587593, 0.0)
(40.660149, 27.617348, 0.0)
(40.586334, 27.550756, 0.0)
(40.535667, 27.578455, 0.0)
(40.522926, 27.617134, 0.0)
(40.515797, 27.638950, 0.0)
(40.481792, 27.638418, 0.0)
(40.481358, 27.638247, 0.0)
(40.450401, 27.633249, 0.0)
(40.391026, 27.642199, 0.0)
(40.367901, 27.660181, 0.0)
(40.397091, 27.707554, 0.0)
(40.385681, 27.706417, 0.0)
(40.398006, 27.724138, 0.0)
(40.366997, 27.750139, 0.0)
(40.350346, 27.782398, 0.0)
(40.314907, 27.782787, 0.0)
(40.328262, 27.816195, 0.0)
(41.607204, 27.097252, 0.0)
(42.469707, 25.960114, 0.0)
(42.488277, 25.943878, 0.0)
(42.479446, 26.040810, 0.0)
(42.438271, 26.071714, 0.0)
(42.422535, 26.095154, 0.0)
(42.423832, 26.088520, 0.0)
(42.422535, 26.095154, 0.0)
(42.464180, 26.057344, 0.0)
(42.528088, 26.095142, 0.0)
(42.547352, 26.091824, 0.0)
(42.520908, 26.119284, 0.0)
(42.504723, 26.191658, 0.0)
(42.530972, 26.207632, 0.0)
(42.542625, 26.233797, 0.0)
(42.503437, 26.138313, 0.0)
(42.324211, 26.963547, 0.0)
(42.394764, 26.700693, 0.0)
(42.393616, 25.943678, 0.0)
(42.455536, 25.833271, 0.0)
(42.405346, 25.959616, 0.0)
(42.389446, 26.006342, 0.0)
(42.391720, 26.070841, 0.0)
(42.405811, 26.119495, 0.0)
(42.421368, 26.070148, 0.0)
(42.413979, 26.069542, 0.0)
(42.380836, 26.076656, 0.0)
(42.350353, 26.175442, 0.0)
(42.364052, 26.161627, 0.0)
(42.405407, 26.163233, 0.0)
(42.418873, 26.178392, 0.0)
(42.432159, 26.129068, 0.0)
(42.443539, 26.131321, 0.0)
(42.437416, 26.145119, 0.0)
(42.410686, 26.138405, 0.0)
(42.439995, 26.208040, 0.0)
(42.420918, 28.943224, 0.0)
(42.188072, 29.524347, 0.0)
(42.133976, 29.460991, 0.0)
(42.134769, 29.414120, 0.0)
(42.140972, 29.410610, 0.0)
(42.074398, 29.407547, 0.0)
(42.024979, 29.335287, 0.0)
(42.058784, 29.639179, 0.0)
(42.135605, 29.648649, 0.0)
(42.100178, 29.565346, 0.0)
(42.013840, 29.596100, 0.0)
(42.015095, 29.589315, 0.0)
(42.137829, 29.523357, 0.0)
(42.226215, 29.476091, 0.0)
(42.328548, 29.404728, 0.0)
(42.462860, 29.267944, 0.0)
(42.496719, 29.214531, 0.0)
(42.337029, 29.223465, 0.0)
(42.129852, 29.296675, 0.0)
(42.004093, 29.300810, 0.0)
(42.054909, 29.316723, 0.0)
(42.109383, 29.284418, 0.0)
(42.117771, 29.280886, 0.0)
(42.138821, 29.180349, 0.0)
(42.142437, 29.093206, 0.0)
(42.179218, 29.089821, 0.0)
(42.223320, 29.091183, 0.0)
(42.236301, 29.152569, 0.0)
(42.220448, 29.212048, 0.0)
(42.142384, 29.270472, 0.0)
(42.091679, 29.278950, 0.0)
(42.094013, 29.239668, 0.0)
(42.101254, 29.256489, 0.0)
(42.113220, 29.261831, 0.0)
(42.105831, 29.271763, 0.0)
(42.116123, 29.233898, 0.0)
(41.928001, 29.214123, 0.0)
(39.219040, 26.578396, 0.0)
(36.281738, 24.546358, 0.0)
(35.933952, 24.172617, 0.0)
(36.053715, 24.105984, 0.0)
(36.103317, 24.095270, 0.0)
(36.150608, 24.054541, 0.0)
(36.136627, 24.049458, 0.0)
(36.124805, 24.047010, 0.0)
(35.798370, 24.103558, 0.0)
(35.794785, 24.139399, 0.0)
(35.837372, 24.146585, 0.0)
(35.788113, 24.051006, 0.0)
(35.748959, 25.762691, 0.0)
(35.842426, 26.849386, 0.0)
(36.075741, 25.349276, 0.0)
(36.051464, 24.556532, 0.0)
(36.093151, 24.073097, 0.0)
(36.123554, 23.946217, 0.0)
(36.132969, 23.971378, 0.0)
(36.066971, 23.958576, 0.0)
(36.024830, 23.922756, 0.0)
(36.094028, 23.988194, 0.0)
(36.042938, 23.942616, 0.0)
(36.005779, 23.980385, 0.0)
(35.993099, 23.985609, 0.0)
(35.952526, 24.022764, 0.0)
(35.920689, 24.064726, 0.0)
(35.880623, 24.098770, 0.0)
(35.875866, 24.134817, 0.0)
(35.876736, 24.081921, 0.0)
(35.941952, 24.052063, 0.0)
(36.050838, 24.029627, 0.0)
(36.016930, 23.947863, 0.0)
(35.978779, 23.919310, 0.0)
(35.997623, 23.967793, 0.0)
(36.180931, 23.978485, 0.0)
(39.013123, 22.606394, 0.0)
(40.205261, 21.996696, 0.0)
(40.220215, 22.089548, 0.0)
(40.142479, 22.224247, 0.0)
(40.177471, 22.235729, 0.0)
(40.478737, 22.129333, 0.0)
(40.498608, 22.173414, 0.0)
(40.458542, 22.202456, 0.0)
(40.376602, 22.235556, 0.0)
(40.355045, 22.235725, 0.0)
(40.354012, 22.222624, 0.0)
(40.409969, 22.245378, 0.0)
(40.302448, 22.176889, 0.0)
(40.042526, 21.965458, 0.0)
(40.045856, 22.000000, 0.0)
(40.036610, 22.015385, 0.0)
(40.022064, 22.037918, 0.0)
(40.000771, 22.084616, 0.0)
(39.998940, 22.089609, 0.0)
(40.024025, 22.074997, 0.0)
(40.228550, 22.229313, 0.0)
(40.223396, 22.269564, 0.0)
(40.200008, 22.272141, 0.0)
(40.186100, 22.263914, 0.0)
(40.176922, 22.258486, 0.0)
(40.199284, 22.224665, 0.0)
(40.114185, 22.205444, 0.0)
(38.586525, 22.895205, 0.0)
(37.780880, 23.382191, 0.0)
(37.726383, 23.334892, 0.0)
(37.696926, 23.329824, 0.0)
(37.648544, 23.323179, 0.0)
(37.661041, 23.328411, 0.0)
(37.681431, 23.328783, 0.0)
(37.656647, 23.325653, 0.0)
(37.656647, 23.325653, 0.0)
(36.532856, 23.036201, 0.0)
(32.919331, 21.058538, 0.0)
(32.643024, 20.535967, 0.0)
(32.677898, 20.654545, 0.0)
(32.699558, 20.732363, 0.0)
(32.685421, 20.724651, 0.0)
(32.677559, 20.718615, 0.0)
(32.666500, 20.731327, 0.0)
(32.668587, 20.729286, 0.0)
(32.691391, 20.719332, 0.0)
(32.665398, 20.743797, 0.0)
(32.628326, 20.731997, 0.0)
(32.622074, 20.742369, 0.0)
(32.532070, 20.822065, 0.0)
(32.394703, 21.398426, 0.0)
(32.379871, 21.483408, 0.0)
(32.375813, 21.479853, 0.0)
(32.371769, 21.469383, 0.0)
(32.317558, 21.497116, 0.0)
(32.317558, 21.497116, 0.0)
(32.327286, 21.494097, 0.0)
(32.651371, 20.862980, 0.0)
(32.677017, 20.741241, 0.0)
(32.676792, 20.824329, 0.0)
(32.644417, 20.851147, 0.0)
(32.631721, 20.864000, 0.0)
(32.750645, 21.137901, 0.0)
(33.160591, 22.863188, 0.0)
(33.165348, 23.069553, 0.0)
(33.105465, 22.955395, 0.0)
(33.059032, 22.954042, 0.0)
(33.047684, 22.974230, 0.0)
(33.016190, 23.015768, 0.0)
(33.015617, 23.040230, 0.0)
(33.000118, 23.062574, 0.0)
(33.003555, 23.056665, 0.0)
(32.980259, 23.100060, 0.0)
(32.977581, 23.110088, 0.0)
(32.972843, 23.138849, 0.0)
(32.934547, 23.140738, 0.0)
(30.757895, 22.503721, 0.0)
(30.130562, 21.807253, 0.0)
(30.114470, 21.886984, 0.0)
(30.103157, 21.999210, 0.0)
(30.065832, 22.018105, 0.0)
(30.063454, 22.028791, 0.0)
(29.901909, 22.019243, 0.0)
(29.674471, 21.886972, 0.0)
(29.669176, 21.903513, 0.0)
(29.547522, 21.749714, 0.0)
(29.348026, 22.480705, 0.0)
(29.297855, 21.578619, 0.0)
(29.311956, 21.413351, 0.0)
(29.331266, 21.542431, 0.0)
(29.325254, 21.670450, 0.0)
(29.358200, 21.798338, 0.0)
(29.390495, 22.020941, 0.0)
(29.371246, 22.021660, 0.0)
(29.347040, 22.046101, 0.0)
(29.362495, 22.023380, 0.0)
(29.393250, 22.057959, 0.0)
(29.370613, 22.072760, 0.0)
(29.354298, 22.083282, 0.0)
(29.335058, 22.115629, 0.0)
(29.330824, 22.141989, 0.0)
(29.330956, 22.147314, 0.0)
(29.330824, 22.141989, 0.0)
(29.337915, 22.083160, 0.0)
(29.326326, 22.054625, 0.0)
(29.468721, 22.255703, 0.0)
(29.711094, 22.841501, 0.0)
(29.710382, 22.849550, 0.0)
(29.677008, 22.826803, 0.0)
(29.701702, 22.888121, 0.0)
(31.772564, 25.439827, 0.0)
(33.101051, 28.769577, 0.0)
(33.199242, 29.200777, 0.0)
(33.142673, 29.034323, 0.0)
(33.117294, 28.964655, 0.0)
(32.353859, 28.532106, 0.0)
(31.842148, 27.767719, 0.0)
(31.778801, 27.799088, 0.0)
(31.767824, 27.831430, 0.0)
(32.383541, 29.716291, 0.0)
(32.371906, 30.023251, 0.0)
(32.358650, 29.913767, 0.0)
(32.345520, 29.908497, 0.0)
(32.329269, 29.854853, 0.0)
(32.312454, 29.820786, 0.0)
(32.323105, 29.824165, 0.0)
(32.326225, 29.814642, 0.0)
(31.935867, 29.746883, 0.0)
(31.837812, 29.753996, 0.0)
(31.806705, 29.805538, 0.0)
(31.817600, 29.797997, 0.0)
(31.832657, 29.785240, 0.0)
(31.834881, 29.787413, 0.0)
(31.814562, 29.807926, 0.0)
(31.798824, 29.796322, 0.0)
(31.782660, 29.799999, 0.0)
(31.807360, 29.803478, 0.0)
(31.808256, 29.805750, 0.0)
(31.828125, 29.793018, 0.0)
(31.820168, 29.778090, 0.0)
(31.812262, 29.765587, 0.0)
(31.835297, 29.765085, 0.0)
(31.835711, 29.775028, 0.0)
(31.840252, 29.757576, 0.0)
(31.868475, 29.729570, 0.0)
(31.860161, 29.714909, 0.0)
(30.691139, 28.865345, 0.0)
(29.677929, 26.380003, 0.0)
(29.724461, 26.129494, 0.0)
(29.725718, 26.223675, 0.0)
(29.690760, 26.310825, 0.0)
(29.680174, 26.329510, 0.0)
(29.683861, 26.355560, 0.0)
(29.532644, 26.333841, 0.0)
(29.390022, 26.337105, 0.0)
(29.382839, 26.369659, 0.0)
(29.349293, 26.414341, 0.0)
(29.371319, 26.434067, 0.0)
(29.380991, 26.458527, 0.0)
(29.384264, 26.457190, 0.0)
(29.322758, 26.536900, 0.0)
(29.308184, 26.537746, 0.0)
(29.312597, 26.547482, 0.0)
(29.338905, 26.557264, 0.0)
(29.344404, 26.508093, 0.0)
(29.373871, 26.475512, 0.0)
(29.396767, 26.498026, 0.0)
(29.346573, 26.521189, 0.0)
(29.318775, 26.550047, 0.0)
(29.305624, 26.545944, 0.0)
(29.320189, 26.594431, 0.0)
(29.322933, 26.586470, 0.0)
(29.331764, 26.594933, 0.0)
(29.292574, 26.579233, 0.0)
(29.287720, 26.563086, 0.0)
(29.285118, 26.553131, 0.0)
(29.288229, 26.557343, 0.0)
(29.532621, 26.462044, 0.0)
(30.193224, 26.516184, 0.0)
(30.252110, 26.544859, 0.0)
(30.227547, 26.560560, 0.0)
(30.206274, 26.559671, 0.0)
(30.195854, 26.558722, 0.0)
(30.233698, 26.516058, 0.0)
(30.700466, 26.580519, 0.0)
(33.778122, 28.740957, 0.0)
(35.478821, 30.820904, 0.0)
(35.471615, 30.937077, 0.0)
(35.354923, 30.841370, 0.0)
(35.350529, 30.782940, 0.0)
(36.908188, 30.161860, 0.0)
(39.751030, 28.985849, 0.0)
(39.938190, 28.923941, 0.0)
(39.871933, 29.030193, 0.0)
(39.840275, 29.026703, 0.0)
(39.845749, 29.036779, 0.0)
(39.753998, 29.050642, 0.0)
(37.827591, 30.045580, 0.0)
(37.744835, 30.054670, 0.0)
(37.884495, 29.937805, 0.0)
(37.909218, 29.888323, 0.0)
(37.932770, 29.865534, 0.0)
(37.946297, 29.868216, 0.0)
(37.973438, 29.836916, 0.0)
(37.951138, 29.351683, 0.0)
(37.623379, 24.221882, 0.0)
(37.129101, 22.899599, 0.0)
(37.046379, 22.909124, 0.0)
(37.015221, 23.038853, 0.0)
(37.000134, 23.060465, 0.0)
(37.015541, 23.056528, 0.0)
(37.005665, 23.052750, 0.0)
(35.754105, 22.758789, 0.0)
(31.079519, 21.890873, 0.0)
(28.782106, 22.383947, 0.0)
(28.807447, 22.526806, 0.0)
(28.883907, 22.590858, 0.0)
(28.893400, 22.611092, 0.0)
(28.883533, 22.586229, 0.0)
(28.869761, 22.597067, 0.0)
(28.872629, 22.601629, 0.0)
(30.155420, 22.494228, 0.0)
(35.429253, 23.989298, 0.0)
(39.256725, 26.403429, 0.0)
(40.461777, 27.235247, 0.0)
(40.498211, 27.284901, 0.0)
(40.472462, 27.187351, 0.0)
(41.694931, 28.825632, 0.0)
(42.014820, 29.303173, 0.0)
(42.009167, 29.242992, 0.0)
(41.969337, 29.221554, 0.0)
(41.962517, 29.233112, 0.0)
(41.944096, 29.257746, 0.0)
(41.911213, 29.279047, 0.0)
(41.883312, 29.270975, 0.0)
(41.776485, 29.193766, 0.0)
(41.701302, 28.733408, 0.0)
(41.719418, 28.698172, 0.0)
(41.701000, 28.704664, 0.0)
(41.478001, 28.988928, 0.0)
(41.597675, 29.062317, 0.0)
(41.530895, 28.427027, 0.0)
(41.543594, 28.246059, 0.0)
(41.580990, 28.283871, 0.0)
(41.595016, 28.330936, 0.0)
(41.607548, 28.318045, 0.0)
(41.602501, 28.319304, 0.0)
(41.598965, 28.331009, 0.0)
(41.587379, 28.398178, 0.0)
(41.573978, 28.401720, 0.0)
(41.562401, 28.434023, 0.0)
(41.530605, 28.457907, 0.0)
(41.518051, 28.462164, 0.0)
(41.520706, 28.459965, 0.0)
(41.512920, 28.425467, 0.0)
(39.394760, 26.886452, 0.0)
(38.115536, 25.924740, 0.0)
(38.110603, 25.910028, 0.0)
(38.187752, 25.969391, 0.0)
(40.416183, 24.125753, 0.0)
(41.416241, 22.826054, 0.0)
(41.559319, 22.651104, 0.0)
(41.542004, 22.823830, 0.0)
(41.510689, 22.883671, 0.0)
(41.512798, 22.880587, 0.0)
(41.942291, 23.310719, 0.0)
(42.054394, 23.475410, 0.0)
(42.032711, 23.392105, 0.0)
(42.010002, 23.431932, 0.0)
(41.971695, 23.468567, 0.0)
(41.941906, 23.464087, 0.0)
(41.925495, 23.455019, 0.0)
(41.901005, 23.442533, 0.0)
(41.892487, 23.438461, 0.0)
(41.893848, 23.420290, 0.0)
(41.886478, 23.397730, 0.0)
(41.884392, 23.364765, 0.0)
(41.863235, 23.372030, 0.0)
(41.878124, 23.348532, 0.0)
(41.889538, 23.380596, 0.0)
(41.874756, 23.373631, 0.0)
(41.849434, 23.354525, 0.0)
(41.821522, 23.353233, 0.0)
(41.821522, 23.353233, 0.0)
(41.821522, 23.353233, 0.0)
(41.821819, 23.339682, 0.0)
(41.811131, 23.332180, 0.0)
(41.829525, 23.358730, 0.0)
(41.830734, 23.345388, 0.0)
(41.817837, 23.299538, 0.0)
(41.807137, 23.356289, 0.0)
(41.764694, 23.376568, 0.0)
(41.659283, 23.380806, 0.0)
(38.288448, 22.727827, 0.0)
(34.555248, 22.515797, 0.0)
(32.674744, 22.464693, 0.0)
(32.711388, 22.414637, 0.0)
(32.790150, 22.405016, 0.0)
(32.735840, 22.405045, 0.0)
(32.678905, 22.400337, 0.0)
(32.695068, 22.423788, 0.0)
(32.689217, 22.409275, 0.0)
(32.515175, 22.380262, 0.0)
(32.113873, 22.151884, 0.0)
(32.098995, 22.135315, 0.0)
(32.092331, 22.178585, 0.0)
(32.081997, 22.153423, 0.0)
(32.087822, 22.163263, 0.0)
(32.097614, 22.152084, 0.0)
(32.085831, 22.144106, 0.0)
(32.090969, 22.135015, 0.0)
(32.083424, 22.097881, 0.0)
(31.977551, 21.915688, 0.0)
(31.763237, 24.196922, 0.0)
(31.907324, 22.390396, 0.0)
(31.929415, 21.894693, 0.0)
(31.987160, 21.823471, 0.0)
(32.009930, 21.910995, 0.0)
(32.038128, 21.955498, 0.0)
(32.034065, 22.017000, 0.0)
(32.040649, 22.062849, 0.0)
(32.054863, 22.100861, 0.0)
(32.070023, 22.112202, 0.0)
(32.082310, 22.121981, 0.0)
(32.058315, 22.148996, 0.0)
(32.068340, 22.160717, 0.0)
(32.077740, 22.158207, 0.0)
(32.089809, 22.163343, 0.0)
(32.679161, 22.400000, 0.0)
(35.531769, 24.157293, 0.0)
(35.568291, 24.193661, 0.0)
(35.528679, 24.130938, 0.0)
(35.486664, 24.071598, 0.0)
(35.459503, 24.036922, 0.0)
(35.476028, 24.034330, 0.0)
(35.467587, 24.026596, 0.0)
(35.466320, 23.915279, 0.0)
(35.468559, 23.736423, 0.0)
(35.469418, 23.723694, 0.0)
(35.469070, 23.727091, 0.0)
(35.471252, 23.708319, 0.0)
(35.473988, 23.698462, 0.0)
(35.468281, 23.704191, 0.0)
(35.458347, 23.693377, 0.0)
(35.458347, 23.693377, 0.0)
(35.479786, 23.704035, 0.0)
(35.496944, 23.703373, 0.0)
(35.496944, 23.703373, 0.0)
(35.484310, 23.718849, 0.0)
(35.475418, 23.711399, 0.0)
(35.474152, 23.722980, 0.0)
(35.466969, 23.735821, 0.0)
(35.468353, 23.741034, 0.0)
(35.466969, 23.735821, 0.0)
(35.490135, 23.732466, 0.0)
(35.499710, 23.731153, 0.0)
(35.504562, 23.721334, 0.0)
(35.503452, 23.729000, 0.0)
(35.503452, 23.734007, 0.0)
(35.482708, 23.744053, 0.0)
(35.465698, 23.773882, 0.0)
(35.464443, 23.770672, 0.0)
(35.470398, 23.784475, 0.0)
(35.466797, 23.786867, 0.0)
(35.457279, 23.829929, 0.0)
(35.443481, 23.862421, 0.0)
(35.422382, 23.904314, 0.0)
(33.481918, 24.465593, 0.0)
(30.895939, 25.467653, 0.0)
(30.856411, 25.465210, 0.0)
(30.886063, 25.444263, 0.0)
(30.883928, 25.420340, 0.0)
(30.869892, 25.417904, 0.0)
(30.847168, 25.409451, 0.0)
(30.747107, 25.591421, 0.0)
(30.673336, 25.845160, 0.0)
(30.691736, 25.854944, 0.0)
(30.700636, 25.835348, 0.0)
(30.684130, 25.811188, 0.0)
(30.670618, 25.767706, 0.0)
(30.644863, 25.732193, 0.0)
(30.635937, 25.748327, 0.0)
(30.618422, 25.742325, 0.0)
(30.588989, 25.755013, 0.0)
(30.586853, 25.755333, 0.0)
(30.586060, 25.766153, 0.0)
(30.598385, 25.739990, 0.0)
(30.623415, 25.735510, 0.0)
(30.663212, 25.734749, 0.0)
(30.642832, 25.750328, 0.0)
(30.634430, 25.761963, 0.0)
(30.624178, 25.754290, 0.0)
(30.635641, 25.763752, 0.0)
(30.624620, 25.760506, 0.0)
(30.612194, 25.752977, 0.0)
(30.620584, 25.733547, 0.0)
(30.625820, 25.690548, 0.0)
(30.653063, 25.689541, 0.0)
(30.669935, 25.700102, 0.0)
(30.670490, 25.665577, 0.0)
(30.667721, 25.684210, 0.0)
(30.665878, 25.663315, 0.0)
(30.651798, 25.674944, 0.0)
(30.659441, 25.686218, 0.0)
(30.634794, 25.675911, 0.0)
(30.616264, 25.668306, 0.0)
(29.914185, 26.753254, 0.0)
(28.950018, 29.184011, 0.0)
(28.887089, 29.375484, 0.0)
(28.878584, 29.261885, 0.0)
(28.859417, 29.282167, 0.0)
(28.817205, 29.283714, 0.0)
(28.811901, 29.289238, 0.0)
(28.811901, 29.289238, 0.0)
(28.826754, 29.275311, 0.0)
(28.817080, 29.283789, 0.0)
(28.804983, 29.266573, 0.0)
(28.795200, 29.264452, 0.0)
(29.176804, 29.139828, 0.0)
(32.000000, 28.531013, 0.0)
(32.136086, 28.525730, 0.0)
(32.067810, 28.525974, 0.0)
(32.055450, 28.528790, 0.0)
(32.039238, 28.545559, 0.0)
(32.016327, 28.554947, 0.0)
(31.999588, 28.580494, 0.0)
(31.984245, 28.579170, 0.0)
(31.966185, 28.595053, 0.0)
(31.933523, 28.594738, 0.0)
(31.924686, 28.601419, 0.0)
(31.910999, 28.621147, 0.0)
(31.915442, 28.676111, 0.0)
(31.914301, 28.676788, 0.0)
(31.875544, 28.751682, 0.0)
(31.879818, 28.735334, 0.0)
(31.880903, 28.734520, 0.0)
(31.885040, 28.727741, 0.0)
(31.894106, 28.702841, 0.0)
(34.062977, 28.200285, 0.0)
(35.645763, 28.122297, 0.0)
(35.721066, 28.147146, 0.0)
(35.652977, 28.184347, 0.0)
(35.657074, 28.176374, 0.0)
(35.655296, 28.168232, 0.0)
(35.662827, 28.185938, 0.0)
(35.660633, 28.166847, 0.0)
(35.692001, 28.148615, 0.0)
(33.788361, 28.266872, 0.0)
(32.318951, 28.276472, 0.0)
(32.238201, 28.275330, 0.0)
(32.246754, 28.286629, 0.0)
(32.251377, 28.298216, 0.0)
(32.203449, 28.327465, 0.0)
(32.204361, 28.303898, 0.0)
(32.181908, 28.365026, 0.0)
(32.142941, 28.436441, 0.0)
(31.456102, 30.526741, 0.0)
(31.607475, 29.734236, 0.0)
(31.678839, 29.234522, 0.0)
(31.637806, 28.884491, 0.0)
(31.633739, 28.616302, 0.0)
(31.637938, 28.435867, 0.0)
(31.664579, 28.369230, 0.0)
(31.699293, 28.298616, 0.0)
(31.688631, 28.296478, 0.0)
(31.680079, 28.287859, 0.0)
(31.717175, 28.269138, 0.0)
(31.720844, 28.265114, 0.0)
(31.710205, 28.260668, 0.0)
(31.729296, 28.245176, 0.0)
(31.713600, 28.251974, 0.0)
(31.727182, 28.254101, 0.0)
(31.747677, 28.232174, 0.0)
(31.767471, 28.244144, 0.0)
(31.737116, 28.255718, 0.0)
(31.727549, 28.262138, 0.0)
(31.796122, 28.273777, 0.0)
(34.936993, 28.221794, 0.0)
(37.042473, 29.278862, 0.0)
(37.139492, 29.290903, 0.0)
(37.104946, 29.263514, 0.0)
(37.099888, 29.293734, 0.0)
(37.099796, 29.298304, 0.0)
(36.951782, 29.368750, 0.0)
(36.747372, 29.581232, 0.0)
(36.757587, 29.593519, 0.0)
(36.764683, 29.564373, 0.0)
(36.756737, 29.564133, 0.0)
(36.750374, 29.568377, 0.0)
(36.729794, 29.591188, 0.0)
(36.720600, 29.606806, 0.0)
(36.745205, 29.567339, 0.0)
(36.809464, 29.604975, 0.0)
(36.845905, 29.619102, 0.0)
(36.826336, 29.697069, 0.0)
(36.816734, 29.695261, 0.0)
(36.809677, 29.698589, 0.0)
(36.824268, 29.714367, 0.0)
(36.840755, 29.725573, 0.0)
(36.824230, 29.739546, 0.0)
(36.840897, 29.725710, 0.0)
(36.831150, 29.742483, 0.0)
(36.815708, 29.749655, 0.0)
(36.823006, 29.784615, 0.0)
(36.871418, 29.811512, 0.0)
(36.925129, 29.787233, 0.0)
(36.953018, 29.734451, 0.0)
(36.927959, 29.711946, 0.0)
(36.915569, 29.712421, 0.0)
(36.914825, 29.676958, 0.0)
(37.250042, 28.233398, 0.0)
(37.307247, 28.043505, 0.0)
(37.292038, 28.151764, 0.0)
(37.300995, 28.137463, 0.0)
(37.307037, 28.135746, 0.0)
(36.904697, 27.933935, 0.0)
(32.816895, 25.412910, 0.0)
(30.065296, 23.729231, 0.0)
(30.041725, 23.439316, 0.0)
(30.098175, 23.578348, 0.0)
(30.032404, 23.635622, 0.0)
(29.997042, 23.634016, 0.0)
(29.783056, 23.680590, 0.0)
(29.503267, 23.706587, 0.0)
(29.474541, 23.699392, 0.0)
(29.464233, 23.706617, 0.0)
(29.433424, 23.666809, 0.0)
(29.392157, 23.663517, 0.0)
(29.522301, 23.518328, 0.0)
(29.472649, 23.556141, 0.0)
(29.410707, 23.570036, 0.0)
(29.363695, 23.600933, 0.0)
(29.344658, 23.593512, 0.0)
(29.349386, 23.552544, 0.0)
(29.360308, 23.545727, 0.0)
(29.377071, 23.568579, 0.0)
(29.366552, 23.561443, 0.0)
(29.363577, 23.544415, 0.0)
(29.368658, 23.535017, 0.0)
(29.363993, 23.535192, 0.0)
(29.373343, 23.533937, 0.0)
(29.363993, 23.535192, 0.0)
(29.369375, 23.532946, 0.0)
(29.355185, 23.534742, 0.0)
(29.359835, 23.533211, 0.0)
(29.364502, 23.533031, 0.0)
(29.380260, 23.521824, 0.0)
(29.383402, 23.532398, 0.0)
(29.368135, 23.509268, 0.0)
(29.329500, 23.505236, 0.0)
(29.325392, 23.528685, 0.0)
(29.310501, 23.539064, 0.0)
(31.353054, 23.633579, 0.0)
(35.420502, 26.098928, 0.0)
(37.665840, 29.104029, 0.0)
(37.807224, 29.386732, 0.0)
(37.730000, 29.309786, 0.0)
(37.703365, 29.257612, 0.0)
(37.983353, 29.787865, 0.0)
(38.169914, 30.037926, 0.0)
(38.125492, 30.045752, 0.0)
(38.150158, 29.971148, 0.0)
(38.168282, 30.002394, 0.0)
(38.191311, 29.989447, 0.0)
(38.180531, 29.974337, 0.0)
(38.168182, 29.949514, 0.0)
(38.167065, 29.938419, 0.0)
(38.153847, 29.942181, 0.0)
(38.160061, 29.897587, 0.0)
(38.172024, 29.947844, 0.0)
(38.175625, 29.875614, 0.0)
(38.149384, 29.876402, 0.0)
(38.147709, 29.897635, 0.0)
(38.140526, 29.912827, 0.0)
(38.133789, 29.900579, 0.0)
(38.126217, 29.900778, 0.0)
(38.111584, 29.911339, 0.0)
(38.112099, 29.907692, 0.0)
(38.121281, 29.887970, 0.0)
(38.105419, 29.912104, 0.0)
(38.109749, 29.903898, 0.0)
(38.214439, 28.958673, 0.0)
(38.445549, 27.011091, 0.0)
(38.449554, 26.951082, 0.0)
(38.449661, 27.025320, 0.0)
(38.444248, 27.042816, 0.0)
(38.452026, 27.059387, 0.0)
(38.459759, 27.034882, 0.0)
(38.452213, 27.068325, 0.0)
(38.465714, 27.142672, 0.0)
(38.391148, 27.150637, 0.0)
(34.287914, 26.156210, 0.0)
(30.385746, 25.579130, 0.0)
(28.768005, 25.496578, 0.0)
(28.743338, 25.497488, 0.0)
(28.802198, 25.507135, 0.0)
(28.807941, 25.505398, 0.0)
(28.785501, 25.497040, 0.0)
(28.330700, 25.554903, 0.0)
(28.242001, 25.472557, 0.0)
(28.246367, 25.480764, 0.0)
(28.249352, 25.527464, 0.0)
(28.221342, 25.543993, 0.0)
(28.197786, 25.544439, 0.0)
(28.192146, 25.550133, 0.0)
(28.168802, 25.548613, 0.0)
(28.192791, 25.513865, 0.0)
(28.205101, 25.496471, 0.0)
(28.107901, 25.948717, 0.0)
(27.798416, 28.593960, 0.0)
(28.224825, 26.432421, 0.0)
(28.194920, 25.519287, 0.0)
(28.223442, 25.281919, 0.0)
(28.185974, 25.302549, 0.0)
(28.220406, 25.335367, 0.0)
(28.241440, 25.373608, 0.0)
(28.238920, 25.447914, 0.0)
(28.234701, 25.471422, 0.0)
(28.861240, 25.331892, 0.0)
(32.733162, 26.141045, 0.0)
(34.292377, 26.605154, 0.0)
(34.372799, 26.609453, 0.0)
(34.314232, 26.540394, 0.0)
(34.254189, 26.520716, 0.0)
(34.246143, 26.468960, 0.0)
(33.711742, 26.417521, 0.0)
(29.760561, 25.697634, 0.0)
(29.638081, 25.768253, 0.0)
(29.709223, 25.773794, 0.0)
(29.679388, 25.781715, 0.0)
(29.633789, 25.804152, 0.0)
(29.527267, 25.828222, 0.0)
(29.102119, 26.011917, 0.0)
(29.093275, 26.047739, 0.0)
(29.114094, 26.082476, 0.0)
(29.073256, 26.035372, 0.0)
(29.127735, 27.325645, 0.0)
(28.663231, 29.115271, 0.0)
(29.000000, 27.658333, 0.0)
(28.922464, 26.794931, 0.0)
(28.908804, 26.239294, 0.0)
(28.872639, 26.021231, 0.0)
(28.888165, 25.974800, 0.0)
(28.919445, 25.962444, 0.0)
(28.937670, 26.040005, 0.0)
(28.957525, 26.103199, 0.0)
(29.006609, 26.121500, 0.0)
(29.008026, 26.133690, 0.0)
(29.002987, 26.184927, 0.0)
(28.987986, 26.157650, 0.0)
(28.969860, 26.160954, 0.0)
(28.960751, 26.153505, 0.0)
(28.985498, 26.149086, 0.0)
(28.999189, 26.149576, 0.0)
(29.001759, 26.145485, 0.0)
(29.028965, 26.100956, 0.0)
(29.045509, 26.036226, 0.0)
(29.038446, 26.047369, 0.0)
(29.615656, 25.947607, 0.0)
(30.377245, 25.980564, 0.0)
(30.399464, 25.996704, 0.0)
(30.402500, 25.976015, 0.0)
(30.410269, 25.978922, 0.0)
(31.675482, 25.884480, 0.0)
(35.968739, 26.258051, 0.0)
(38.085678, 26.627649, 0.0)
(38.204941, 26.712278, 0.0)
(38.082302, 26.645350, 0.0)
(38.082954, 26.606567, 0.0)
(38.105957, 26.614750, 0.0)
(38.363117, 26.604853, 0.0)
(38.419140, 26.584616, 0.0)
(38.418236, 26.570318, 0.0)
(38.453049, 26.559458, 0.0)
(38.461796, 26.570368, 0.0)
(38.490417, 26.531984, 0.0)
(38.485073, 26.571548, 0.0)
(38.499569, 26.564102, 0.0)
(38.521156, 26.520947, 0.0)
(38.526787, 26.518074, 0.0)
(38.571640, 26.514896, 0.0)
(38.589138, 26.513103, 0.0)
(38.553047, 26.553406, 0.0)
(38.527813, 26.584616, 0.0)
(38.495228, 26.627268, 0.0)
(38.505344, 26.628986, 0.0)
(38.566475, 26.646425, 0.0)
(38.600697, 26.646425, 0.0)
(38.623146, 26.662556, 0.0)
(38.633717, 26.672173, 0.0)
(38.637894, 26.696198, 0.0)
(38.634579, 26.706573, 0.0)
(38.644344, 26.732418, 0.0)
(38.639839, 26.721245, 0.0)
(38.640751, 26.709068, 0.0)
(38.649918, 26.730120, 0.0)
(38.656158, 26.677322, 0.0)
(38.685329, 26.688314, 0.0)
(38.683418, 26.722950, 0.0)
(38.682129, 26.729679, 0.0)
(38.621819, 26.691217, 0.0)
(37.160912, 26.630383, 0.0)
(33.090233, 27.324467, 0.0)
(30.325891, 28.795845, 0.0)
(29.395039, 29.661160, 0.0)
(29.343092, 29.635813, 0.0)
(29.358034, 29.611492, 0.0)
(29.341520, 29.612600, 0.0)
(29.015656, 29.843462, 0.0)
(28.676764, 29.936600, 0.0)
(28.655607, 29.926319, 0.0)
(28.595739, 29.909451, 0.0)
(28.557682, 29.921749, 0.0)
(28.547640, 29.929819, 0.0)
(28.560946, 29.951958, 0.0)
(28.534225, 29.974855, 0.0)
(28.194450, 30.098721, 0.0)
(28.146227, 30.164034, 0.0)
(28.166807, 30.143326, 0.0)
(28.174086, 30.140987, 0.0)
(28.172653, 30.117859, 0.0)
(28.190744, 30.098869, 0.0)
(28.464254, 30.028133, 0.0)
(28.486780, 30.020281, 0.0)
(28.463324, 30.037014, 0.0)
(28.405418, 30.005547, 0.0)
(28.445698, 30.068792, 0.0)
(28.436172, 30.080133, 0.0)
(28.417963, 30.039223, 0.0)
(28.429087, 30.024990, 0.0)
(28.443314, 30.007406, 0.0)
(28.447235, 29.990925, 0.0)
(28.443741, 29.978167, 0.0)
(28.451370, 29.957859, 0.0)
(28.467028, 29.949495, 0.0)
(28.480831, 29.948168, 0.0)
(28.481834, 29.944763, 0.0)
(28.477074, 29.940535, 0.0)
(28.478643, 29.919508, 0.0)
(30.253365, 29.107849, 0.0)
(33.827206, 28.038139, 0.0)
(37.227100, 27.283312, 0.0)
(39.736465, 27.311172, 0.0)
(40.393913, 27.382359, 0.0)
(40.435543, 27.423256, 0.0)
(40.482071, 27.472910, 0.0)
(40.778473, 27.759789, 0.0)
(40.781818, 27.892141, 0.0)
(40.728344, 27.885778, 0.0)
(40.739883, 27.927820, 0.0)
(40.757656, 27.928814, 0.0)
(40.766270, 27.952030, 0.0)
(40.787579, 27.968386, 0.0)
(40.795078, 27.899752, 0.0)
(40.788940, 27.900764, 0.0)
(40.777126, 27.915274, 0.0)
(40.787113, 27.982286, 0.0)
(40.817493, 27.972710, 0.0)
(40.820679, 27.977285, 0.0)
(40.812523, 27.972481, 0.0)
(40.766094, 28.018433, 0.0)
(40.743816, 28.010044, 0.0)
(40.737808, 28.028368, 0.0)
(40.713066, 28.019239, 0.0)
(40.717537, 28.020905, 0.0)
(40.755890, 28.065680, 0.0)
(40.795135, 28.077909, 0.0)
(40.796059, 28.062714, 0.0)
(40.802578, 28.063906, 0.0)
(40.793613, 28.084982, 0.0)
(40.788757, 28.096537, 0.0)
(40.785908, 28.116562, 0.0)
(40.805588, 28.155228, 0.0)
(40.871681, 28.114574, 0.0)
(40.621613, 28.043388, 0.0)
(37.244846, 27.855301, 0.0)
(36.692871, 28.133783, 0.0)
(36.641243, 28.143589, 0.0)
(36.753662, 28.209900, 0.0)
(36.761059, 29.219019, 0.0)
(36.764797, 29.238710, 0.0)
(36.745037, 29.175894, 0.0)
(36.723465, 29.190834, 0.0)
(36.693123, 29.183386, 0.0)
(36.706520, 29.155214, 0.0)
(36.712154, 29.154661, 0.0)
(36.739098, 29.118933, 0.0)
(36.772655, 29.075829, 0.0)
(36.781921, 29.059935, 0.0)
(36.716618, 28.988029, 0.0)
(36.691074, 28.881292, 0.0)
(36.650826, 28.900286, 0.0)
(36.608032, 28.898613, 0.0)
(36.623417, 28.911055, 0.0)
(36.659729, 28.912615, 0.0)
(36.701809, 28.913223, 0.0)
(36.697048, 28.909573, 0.0)
(36.648655, 28.906475, 0.0)
(36.614769, 28.891253, 0.0)
(36.592682, 28.897085, 0.0)
(36.566200, 28.867624, 0.0)
(36.584663, 28.865511, 0.0)
(36.599842, 28.847643, 0.0)
(36.577259, 28.826601, 0.0)
(36.574760, 28.859077, 0.0)
(36.538929, 28.859638, 0.0)
(36.565166, 28.872265, 0.0)
(36.567406, 28.868938, 0.0)
(36.561958, 28.838449, 0.0)
(36.591999, 28.798132, 0.0)
(36.620640, 28.783987, 0.0)
(36.633682, 28.749556, 0.0)
(36.886925, 28.648664, 0.0)
(40.070580, 27.508617, 0.0)
(41.371525, 27.159430, 0.0)
(41.434238, 27.217041, 0.0)
(41.310822, 27.318203, 0.0)
(41.379124, 27.375004, 0.0)
(41.526569, 27.425188, 0.0)
(41.482204, 27.468576, 0.0)
(41.421089, 27.507175, 0.0)
(41.400814, 27.490461, 0.0)
(41.164291, 27.231453, 0.0)
(41.529678, 26.935953, 0.0)
(41.530190, 26.736467, 0.0)
(41.552746, 26.683655, 0.0)
(41.592442, 26.755068, 0.0)
(41.593327, 26.881523, 0.0)
(41.537880, 26.954597, 0.0)
(41.514797, 26.995197, 0.0)
(41.497372, 27.012836, 0.0)
(41.490215, 27.031948, 0.0)
(41.517925, 27.090494, 0.0)
(41.382435, 27.103722, 0.0)
(40.294022, 26.768772, 0.0)
(40.277546, 26.809669, 0.0)
(40.321228, 26.811039, 0.0)
(40.325783, 26.828461, 0.0)
(40.355732, 26.794558, 0.0)
(40.346077, 26.830769, 0.0)
(40.326134, 26.844650, 0.0)
(40.328243, 26.861946, 0.0)
(40.329689, 26.838739, 0.0)
(40.322994, 26.830301, 0.0)
(40.331451, 26.794666, 0.0)
(40.270901, 26.757116, 0.0)
(36.603031, 25.373825, 0.0)
(33.544193, 24.746332, 0.0)
(33.504730, 24.812937, 0.0)
(33.572659, 24.840040, 0.0)
(33.563648, 24.853903, 0.0)
(33.566864, 24.842773, 0.0)
(33.580303, 24.844627, 0.0)
(33.381290, 24.863438, 0.0)
(33.355190, 24.861538, 0.0)
(33.357338, 24.830524, 0.0)
(33.334675, 24.820717, 0.0)
(33.339966, 24.769947, 0.0)
(33.314018, 24.792347, 0.0)
(33.230362, 24.803520, 0.0)
(33.060436, 24.830179, 0.0)
(32.996639, 24.849987, 0.0)
(33.011444, 24.834188, 0.0)
(33.060894, 24.831059, 0.0)
(33.164047, 24.738234, 0.0)
(33.234276, 24.678280, 0.0)
(33.272697, 24.560181, 0.0)
(33.228069, 24.509562, 0.0)
(33.223709, 24.500574, 0.0)
(33.212215, 24.483597, 0.0)
(33.239536, 24.482399, 0.0)
(33.262630, 24.501673, 0.0)
(33.287186, 24.481520, 0.0)
(33.279057, 24.483580, 0.0)
(33.245899, 24.435158, 0.0)
(33.257679, 24.392673, 0.0)
(33.262722, 24.362186, 0.0)
(33.290512, 24.359449, 0.0)
(33.339298, 24.348282, 0.0)
(33.339977, 24.370037, 0.0)
(33.327477, 24.353672, 0.0)
(33.320587, 24.362131, 0.0)
(33.314762, 24.314138, 0.0)
(33.319847, 24.301006, 0.0)
(31.094337, 23.385355, 0.0)
(30.204405, 22.161577, 0.0)
(30.207586, 22.045273, 0.0)
(30.257786, 22.190790, 0.0)
(30.229334, 22.190472, 0.0)
(30.218178, 22.245935, 0.0)
(30.409184, 22.084328, 0.0)
(30.492554, 22.056822, 0.0)
(30.497623, 22.062677, 0.0)
(30.503666, 22.089092, 0.0)
(30.507071, 22.112663, 0.0)
(30.210289, 22.227551, 0.0)
(30.202984, 22.271198, 0.0)
(30.220142, 22.267675, 0.0)
(30.414083, 22.200466, 0.0)
(30.539391, 22.133913, 0.0)
(30.524427, 22.158033, 0.0)
(30.496075, 22.165787, 0.0)
(30.111643, 22.291868, 0.0)
(29.994009, 22.330826, 0.0)
(30.070311, 22.280865, 0.0)
(30.429375, 22.217117, 0.0)
(30.404863, 22.170763, 0.0)
(30.393621, 22.124987, 0.0)
(30.430109, 22.166426, 0.0)
(30.435362, 22.157984, 0.0)
(30.436979, 22.193415, 0.0)
(30.406002, 22.205196, 0.0)
(31.323059, 23.066551, 0.0)
(32.586597, 24.688318, 0.0)
(32.779503, 25.092842, 0.0)
(32.739330, 25.062971, 0.0)
(32.707355, 24.980764, 0.0)
(32.689411, 24.946857, 0.0)
(32.683857, 24.912554, 0.0)
(32.679932, 24.914490, 0.0)
(32.696316, 24.912762, 0.0)
(32.938766, 25.071009, 0.0)
(36.250660, 28.447233, 0.0)
(37.342201, 30.489729, 0.0)
(37.351795, 30.571398, 0.0)
(37.321884, 30.450989, 0.0)
(37.311127, 30.390961, 0.0)
(37.631546, 30.789772, 0.0)
(37.647488, 30.888662, 0.0)
(37.589821, 30.889992, 0.0)
(37.557980, 30.897303, 0.0)
(37.503986, 30.977514, 0.0)
(37.622635, 31.086487, 0.0)
(37.647511, 31.133904, 0.0)
(37.629837, 31.128550, 0.0)
(37.673870, 31.070007, 0.0)
(37.684868, 31.065678, 0.0)
(37.697533, 31.040070, 0.0)
(37.689320, 31.041834, 0.0)
(37.675358, 31.053770, 0.0)
(37.681927, 31.008789, 0.0)
(37.709576, 30.954527, 0.0)
(37.730297, 30.950891, 0.0)
(37.743519, 30.941912, 0.0)
(37.731304, 30.922611, 0.0)
(37.716202, 30.889000, 0.0)
(37.685753, 30.875149, 0.0)
(37.747021, 29.412304, 0.0)
(37.846169, 28.708464, 0.0)
(37.844025, 28.730728, 0.0)
(37.883949, 28.715988, 0.0)
(37.911598, 28.759859, 0.0)
(37.927372, 28.725960, 0.0)
(37.903908, 28.793715, 0.0)
(37.892193, 28.828226, 0.0)
(37.874195, 28.868963, 0.0)
(37.880592, 28.843945, 0.0)
(37.899399, 28.828806, 0.0)
(38.063889, 28.783157, 0.0)
(40.710625, 27.975651, 0.0)
(41.181683, 27.910908, 0.0)
(41.196465, 27.991386, 0.0)
(41.176449, 28.005632, 0.0)
(41.190693, 28.021145, 0.0)
(41.211624, 28.029915, 0.0)
(41.187325, 28.032255, 0.0)
(41.286724, 28.131001, 0.0)
(41.385204, 28.173542, 0.0)
(41.366589, 28.179882, 0.0)
(41.366203, 28.135471, 0.0)
(41.372753, 28.158762, 0.0)
(41.347462, 28.095251, 0.0)
(41.338589, 28.058741, 0.0)
(41.338749, 28.079824, 0.0)
(41.191910, 27.995928, 0.0)
(39.814869, 27.057196, 0.0)
(39.590469, 26.889208, 0.0)
(39.690273, 26.916656, 0.0)
(39.721882, 26.927912, 0.0)
(40.581364, 27.343967, 0.0)
(41.059772, 27.672487, 0.0)
(41.054230, 27.692768, 0.0)
(41.023388, 27.679842, 0.0)
(41.028988, 27.672251, 0.0)
(41.029491, 27.682875, 0.0)
(41.032532, 27.660416, 0.0)
(41.031315, 27.708689, 0.0)
(41.004608, 27.680714, 0.0)
(41.004894, 27.722364, 0.0)
(41.000381, 27.732159, 0.0)
(41.003799, 27.728790, 0.0)
(41.000381, 27.732159, 0.0)
(41.004894, 27.722364, 0.0)
(41.000381, 27.732159, 0.0)
(41.000832, 27.710453, 0.0)
(40.984955, 27.668293, 0.0)
(38.999859, 25.703566, 0.0)
(38.209545, 24.133762, 0.0)
(38.223206, 24.191753, 0.0)
(38.245632, 24.270535, 0.0)
(38.261227, 24.349745, 0.0)
(38.263577, 24.369230, 0.0)
(38.277172, 24.382166, 0.0)
(38.245106, 24.324402, 0.0)
(38.198818, 26.464582, 0.0)
(38.290367, 25.388584, 0.0)
(38.222652, 24.402584, 0.0)
(38.226460, 24.196878, 0.0)
(38.195454, 24.285423, 0.0)
(38.211193, 24.398249, 0.0)
(38.244095, 24.469702, 0.0)
(38.278988, 24.469570, 0.0)
(38.287167, 24.472122, 0.0)
(38.269756, 24.443222, 0.0)
(38.252167, 24.439220, 0.0)
(38.249729, 24.467321, 0.0)
(38.218353, 24.476173, 0.0)
(38.220345, 24.487715, 0.0)
(38.222908, 24.508263, 0.0)
(38.213078, 24.519426, 0.0)
(38.217258, 24.526844, 0.0)
(38.220943, 24.496883, 0.0)
(38.227936, 24.506544, 0.0)
(38.237598, 24.489552, 0.0)
(38.237598, 24.489552, 0.0)
(38.240612, 24.494839, 0.0)
(38.253819, 24.494144, 0.0)
(38.256336, 24.484442, 0.0)
(38.258076, 24.504662, 0.0)
(38.256336, 24.484442, 0.0)
(36.210567, 25.418476, 0.0)
(33.492779, 27.628647, 0.0)
(33.347275, 27.780121, 0.0)
(33.397915, 27.684526, 0.0)
(33.366982, 27.670942, 0.0)
(33.342743, 27.606188, 0.0)
(33.313293, 27.526070, 0.0)
(33.330730, 27.491446, 0.0)
(33.327023, 27.459154, 0.0)
(33.297295, 27.415758, 0.0)
(33.324284, 27.435759, 0.0)
(33.318642, 27.410917, 0.0)
(33.333698, 27.396889, 0.0)
(33.356125, 27.373960, 0.0)
(33.363323, 27.371647, 0.0)
(33.341042, 27.374743, 0.0)
(33.304520, 27.399378, 0.0)
(33.308640, 27.430916, 0.0)
(33.310547, 27.397589, 0.0)
(33.319279, 27.383957, 0.0)
(33.330853, 27.385519, 0.0)
(33.339630, 27.384371, 0.0)
(33.344204, 27.420242, 0.0)
(33.337852, 27.399900, 0.0)
(33.331013, 27.433701, 0.0)
(33.327160, 27.416759, 0.0)
(33.314026, 27.224291, 0.0)
(33.578602, 25.403210, 0.0)
(33.589344, 25.102854, 0.0)
(33.498123, 25.190996, 0.0)
(33.415749, 25.244129, 0.0)
(33.384586, 25.281155, 0.0)
(33.351639, 25.304554, 0.0)
(33.367046, 25.333178, 0.0)
(33.358078, 25.351686, 0.0)
(33.377907, 25.369865, 0.0)
(33.382980, 25.382952, 0.0)
(33.375179, 25.407957, 0.0)
(34.940578, 25.330769, 0.0)
(38.881577, 25.730465, 0.0)
(40.150139, 26.037563, 0.0)
(40.182358, 26.161001, 0.0)
(40.123180, 26.174641, 0.0)
(40.156944, 26.257385, 0.0)
(40.492111, 26.428274, 0.0)
(40.523098, 26.477537, 0.0)
(40.512875, 26.472727, 0.0)
(40.534252, 26.491217, 0.0)
(40.573803, 26.530445, 0.0)
(40.710098, 26.607391, 0.0)
(40.700260, 26.620724, 0.0)
(40.694649, 26.606058, 0.0)
(40.700150, 26.624273, 0.0)
(40.699875, 26.627945, 0.0)
(40.703880, 26.644745, 0.0)
(40.715740, 26.632992, 0.0)
(40.692207, 26.617054, 0.0)
(40.735149, 26.619019, 0.0)
(39.982792, 26.204412, 0.0)
(39.438530, 25.664753, 0.0)
(39.448536, 25.663836, 0.0)
(39.480217, 25.654600, 0.0)
(39.488628, 25.648962, 0.0)
(39.503582, 25.632166, 0.0)
(39.502083, 25.601320, 0.0)
(39.511734, 25.615330, 0.0)
(39.510418, 25.622337, 0.0)
(39.501244, 25.608652, 0.0)
(39.505196, 25.620838, 0.0)
(39.503433, 25.589689, 0.0)
(39.504677, 25.520910, 0.0)
(39.536163, 25.506962, 0.0)
(39.555740, 25.509508, 0.0)
(39.509701, 25.491255, 0.0)
(39.468445, 25.462738, 0.0)
(39.472706, 25.473982, 0.0)
(36.377373, 23.897621, 0.0)
(32.738060, 22.721041, 0.0)
(32.211472, 22.789358, 0.0)
(32.262768, 22.822443, 0.0)
(32.249310, 22.800268, 0.0)
(32.225719, 22.795986, 0.0)
(31.855240, 22.868689, 0.0)
(31.867594, 22.899870, 0.0)
(31.892956, 22.886230, 0.0)
(31.883883, 22.887650, 0.0)
(31.894518, 22.921669, 0.0)
(31.885798, 22.911304, 0.0)
(31.861349, 22.951450, 0.0)
(31.859764, 22.936640, 0.0)
(31.888952, 22.908632, 0.0)
(31.898003, 22.901037, 0.0)
(31.910530, 22.863768, 0.0)
(31.619839, 22.830202, 0.0)
(31.622179, 22.843988, 0.0)
(31.639534, 22.910992, 0.0)
(31.597416, 22.969378, 0.0)
(31.590046, 23.018421, 0.0)
(31.781492, 23.095213, 0.0)
(31.796881, 23.124529, 0.0)
(31.791864, 23.109015, 0.0)
(31.844818, 23.152290, 0.0)
(33.570843, 24.875330, 0.0)
(34.038101, 25.813057, 0.0)
(34.028900, 25.810930, 0.0)
(33.978493, 25.722471, 0.0)
(33.970654, 25.687574, 0.0)
(33.948555, 25.675770, 0.0)
(33.935215, 25.639444, 0.0)
(33.916466, 25.609995, 0.0)
(33.924305, 25.579487, 0.0)
(33.931381, 25.573370, 0.0)
(33.935040, 25.569096, 0.0)
(33.948433, 25.531134, 0.0)
(30.933607, 24.595785, 0.0)
(28.460611, 23.669788, 0.0)
(28.101576, 23.464252, 0.0)
(28.170370, 23.521454, 0.0)
(28.198595, 23.594994, 0.0)
(28.202276, 23.596323, 0.0)
(28.185268, 23.602762, 0.0)
(28.080833, 23.584105, 0.0)
(27.893887, 23.411921, 0.0)
(27.871979, 23.392876, 0.0)
(27.893513, 23.444664, 0.0)
(27.896334, 23.444767, 0.0)
(27.912746, 23.420752, 0.0)
(27.914427, 23.430294, 0.0)
(27.916653, 23.420567, 0.0)
(27.931267, 23.437452, 0.0)
(27.941259, 23.437838, 0.0)
(27.967506, 23.416365, 0.0)
(27.994934, 23.414219, 0.0)
(27.975348, 23.415997, 0.0)
(27.970316, 23.351662, 0.0)
(27.999079, 23.347319, 0.0)
(27.946173, 23.371742, 0.0)
(27.936136, 23.386156, 0.0)
(27.940556, 23.392769, 0.0)
(27.947399, 23.369616, 0.0)
(27.985056, 23.324953, 0.0)
(27.998156, 23.327608, 0.0)
(27.998156, 23.327608, 0.0)
(27.989977, 23.342627, 0.0)
(27.988884, 23.313908, 0.0)
(29.419653, 23.464977, 0.0)
(31.808178, 24.436554, 0.0)
(32.027187, 24.637363, 0.0)
(31.955959, 24.602629, 0.0)
(31.913015, 24.594276, 0.0)
(31.902769, 24.603436, 0.0)
(32.498577, 24.479277, 0.0)
(36.371994, 24.274193, 0.0)
(36.832657, 24.360495, 0.0)
(36.841721, 24.334122, 0.0)
(36.812717, 24.343462, 0.0)
(36.812778, 24.364925, 0.0)
(36.774239, 24.367678, 0.0)
(36.754051, 24.385641, 0.0)
(36.760712, 24.397982, 0.0)
(36.801006, 24.233562, 0.0)
(36.764656, 24.215019, 0.0)
(36.757168, 24.239433, 0.0)
(36.747379, 24.260857, 0.0)
(36.748123, 24.278141, 0.0)
(36.760029, 24.299023, 0.0)
(36.763889, 24.300735, 0.0)
(36.773281, 24.306837, 0.0)
(36.784969, 24.316938, 0.0)
(36.780594, 24.326015, 0.0)
(36.778156, 24.345163, 0.0)
(36.798832, 24.346548, 0.0)
(36.804798, 24.326513, 0.0)
(36.825726, 24.355991, 0.0)
(36.831829, 24.370878, 0.0)
(36.829563, 24.338923, 0.0)
(36.797535, 24.295795, 0.0)
(36.806816, 24.283806, 0.0)
(36.812572, 24.292006, 0.0)
(36.766815, 24.317137, 0.0)
(36.740589, 24.299520, 0.0)
(36.667439, 24.399317, 0.0)
(36.459671, 25.285532, 0.0)
(36.432739, 25.354210, 0.0)
(36.413082, 25.300011, 0.0)
(36.397953, 25.237091, 0.0)
(36.367634, 25.189865, 0.0)
(36.364376, 25.172083, 0.0)
(36.359917, 25.180695, 0.0)
(36.330631, 25.177380, 0.0)
(36.345566, 25.121801, 0.0)
(36.339161, 25.101501, 0.0)
(36.318626, 25.063465, 0.0)
(36.362328, 25.067511, 0.0)
(36.470093, 25.846487, 0.0)
(36.164948, 29.325581, 0.0)
(36.062412, 29.857103, 0.0)
(36.036507, 29.725904, 0.0)
(36.009666, 29.671469, 0.0)
(35.978577, 29.623123, 0.0)
(34.886345, 29.614931, 0.0)
(31.134344, 29.555635, 0.0)
(29.047052, 29.949205, 0.0)
(28.965197, 30.048069, 0.0)
(29.031990, 30.061148, 0.0)
(29.009401, 30.087217, 0.0)
(28.975206, 30.086115, 0.0)
(28.941305, 30.053732, 0.0)
(28.942333, 30.057745, 0.0)
(28.949360, 30.014809, 0.0)
(29.101025, 29.887075, 0.0)
(32.405117, 25.758265, 0.0)
(36.412205, 23.336996, 0.0)
(39.045181, 23.753660, 0.0)
(39.126225, 23.989273, 0.0)
(39.067314, 24.051512, 0.0)
(39.058880, 24.127865, 0.0)
(39.089863, 24.112341, 0.0)
(39.105431, 24.112854, 0.0)
(39.077686, 24.096800, 0.0)
(39.085815, 24.095255, 0.0)
(39.085411, 24.116488, 0.0)
(39.063927, 24.105742, 0.0)
(39.057693, 24.111078, 0.0)
(39.066414, 24.102341, 0.0)
(36.809250, 23.449915, 0.0)
(33.946579, 22.896605, 0.0)
(33.928638, 23.017317, 0.0)
(33.938488, 22.991661, 0.0)
(33.896313, 22.964874, 0.0)
(33.923363, 22.962545, 0.0)
(33.933811, 22.950657, 0.0)
(33.937469, 22.918440, 0.0)
(33.534290, 22.809814, 0.0)
(33.513306, 22.851057, 0.0)
(33.519405, 22.865231, 0.0)
(33.500259, 22.906488, 0.0)
(33.496273, 22.865799, 0.0)
(33.517990, 22.893860, 0.0)
(33.548798, 22.897478, 0.0)
(33.559750, 22.899294, 0.0)
(33.544510, 22.859629, 0.0)
(33.538609, 22.884089, 0.0)
(33.554161, 22.903902, 0.0)
(33.529362, 22.927090, 0.0)
(33.499710, 22.966887, 0.0)
(33.495182, 22.975727, 0.0)
(33.482845, 22.980577, 0.0)
(33.451492, 22.886995, 0.0)
(33.369358, 24.176506, 0.0)
(32.963188, 24.633179, 0.0)
(33.189297, 23.426552, 0.0)
(33.334850, 22.934216, 0.0)
(33.351463, 22.850109, 0.0)
(33.322235, 22.887203, 0.0)
(33.343334, 22.913969, 0.0)
(33.335503, 22.975155, 0.0)
(33.353989, 23.025427, 0.0)
(33.358803, 23.045080, 0.0)
(33.361317, 23.056152, 0.0)
(33.334785, 23.066109, 0.0)
(35.315468, 23.866108, 0.0)
(39.158413, 26.239496, 0.0)
(40.278786, 27.036634, 0.0)
(40.300579, 27.053289, 0.0)
(40.224438, 27.000282, 0.0)
(40.212379, 26.982937, 0.0)
(40.403706, 27.205687, 0.0)
(40.584938, 27.329046, 0.0)
(40.588043, 27.343742, 0.0)
(40.605968, 27.341379, 0.0)
(40.763706, 27.437296, 0.0)
(40.772308, 27.447569, 0.0)
(40.762600, 27.427275, 0.0)
(40.787220, 27.377348, 0.0)
(40.798447, 27.357332, 0.0)
(40.803745, 27.340172, 0.0)
(40.809532, 27.333124, 0.0)
(40.814323, 27.364103, 0.0)
(40.816322, 27.351381, 0.0)
(40.825489, 27.314939, 0.0)
(40.822857, 27.329092, 0.0)
(40.829838, 27.285629, 0.0)
(40.827930, 27.281723, 0.0)
(40.871639, 27.287912, 0.0)
(40.859501, 27.298126, 0.0)
(40.847843, 27.273085, 0.0)
(40.855976, 27.252008, 0.0)
(39.618698, 27.169764, 0.0)
(38.072582, 27.421303, 0.0)
(37.981407, 27.426477, 0.0)
(38.018948, 27.414303, 0.0)
(38.009518, 27.336666, 0.0)
(37.995716, 27.301605, 0.0)
(38.053135, 27.279793, 0.0)
(38.075172, 27.276281, 0.0)
(38.064449, 27.282309, 0.0)
(38.095119, 27.216150, 0.0)
(38.095173, 27.216053, 0.0)
(38.089859, 27.207588, 0.0)
(38.075001, 27.179031, 0.0)
(38.148006, 26.930849, 0.0)
(38.477695, 25.209719, 0.0)
(38.505535, 25.155779, 0.0)
(38.501507, 25.183954, 0.0)
(38.503403, 25.173183, 0.0)
(38.501507, 25.183954, 0.0)
(38.547802, 25.135258, 0.0)
(38.560787, 25.069853, 0.0)
(38.531734, 25.117556, 0.0)
(38.563950, 25.137096, 0.0)
(38.573025, 25.128948, 0.0)
(38.584511, 25.063175, 0.0)
(38.601452, 25.092476, 0.0)
(38.581665, 25.136889, 0.0)
(38.516308, 25.189896, 0.0)
(38.508152, 25.213778, 0.0)
(38.537651, 25.270069, 0.0)
(38.576199, 25.232416, 0.0)
(38.595673, 25.229607, 0.0)
(38.593094, 25.245302, 0.0)
(38.577492, 25.278755, 0.0)
(38.560879, 25.282015, 0.0)
(38.492779, 25.312893, 0.0)
(38.476536, 25.363167, 0.0)
(38.465240, 25.385447, 0.0)
(38.471813, 25.395630, 0.0)
(38.462025, 25.375481, 0.0)
(38.441544, 25.341740, 0.0)
(38.430290, 25.371372, 0.0)
(38.435093, 25.403629, 0.0)
(38.403072, 25.435242, 0.0)
(38.386047, 25.440058, 0.0)
(38.391132, 25.451298, 0.0)
(38.394882, 25.476336, 0.0)
(38.406620, 25.442337, 0.0)
(38.293743, 25.448612, 0.0)
(34.659790, 25.356468, 0.0)
(31.244589, 26.216583, 0.0)
(29.114740, 27.233217, 0.0)
(28.988083, 27.332506, 0.0)
(29.060678, 27.297184, 0.0)
(29.037132, 27.351374, 0.0)
(28.300577, 27.772722, 0.0)
(28.243626, 27.778830, 0.0)
(28.273100, 27.751053, 0.0)
(28.279490, 27.733559, 0.0)
(28.309940, 27.711332, 0.0)
(28.358072, 27.697329, 0.0)
(28.280523, 27.712851, 0.0)
(28.063517, 27.771883, 0.0)
(28.021513, 27.793623, 0.0)
(28.000067, 27.789288, 0.0)
(27.982439, 27.787954, 0.0)
(27.996313, 27.774002, 0.0)
(28.010897, 27.775419, 0.0)
(28.040596, 27.777102, 0.0)
(28.033577, 27.782207, 0.0)
(28.023788, 27.781996, 0.0)
(28.004938, 27.762463, 0.0)
(28.022337, 27.771578, 0.0)
(28.039902, 27.757221, 0.0)
(28.060476, 27.732077, 0.0)
(28.070080, 27.752722, 0.0)
(28.071234, 27.735050, 0.0)
(28.064484, 27.722734, 0.0)
(28.063456, 27.721710, 0.0)
(28.078917, 27.715374, 0.0)
(28.351252, 27.512758, 0.0)
(28.964443, 27.199835, 0.0)
(28.992241, 27.180914, 0.0)
(28.948938, 27.155565, 0.0)
(28.938549, 27.161409, 0.0)
(28.885885, 27.157499, 0.0)
(28.873941, 27.166319, 0.0)
(30.756886, 27.083860, 0.0)
(34.856064, 28.083117, 0.0)
(38.018223, 29.652973, 0.0)
(39.807835, 30.500513, 0.0)
(39.987003, 30.547657, 0.0)
(39.922844, 30.488850, 0.0)
(39.905491, 30.431767, 0.0)
(39.892101, 30.383247, 0.0)
(40.165718, 30.830856, 0.0)
(40.177330, 30.923700, 0.0)
(40.147858, 30.936430, 0.0)
(40.122982, 30.942568, 0.0)
(40.085155, 30.966438, 0.0)
(40.092216, 30.993561, 0.0)
(40.087719, 30.999308, 0.0)
(40.096935, 30.983809, 0.0)
(40.107990, 30.978823, 0.0)
(40.132282, 30.966900, 0.0)
(40.142090, 30.942657, 0.0)
(40.138451, 30.997301, 0.0)
(40.111832, 31.023785, 0.0)
(40.067440, 31.043413, 0.0)
(40.001259, 31.061649, 0.0)
(39.983395, 31.054474, 0.0)
(39.993946, 31.038761, 0.0)
(40.017273, 31.016445, 0.0)
(40.041111, 31.018887, 0.0)
(40.064472, 31.000864, 0.0)
(40.066990, 30.993298, 0.0)
(40.073101, 31.013271, 0.0)
(40.090637, 31.006945, 0.0)
(40.084656, 31.002205, 0.0)
(40.073128, 30.993917, 0.0)
(40.067753, 30.999641, 0.0)
(40.036358, 31.007456, 0.0)
(40.033188, 31.026245, 0.0)
(39.908730, 30.695009, 0.0)
(39.694290, 27.519102, 0.0)
(39.809643, 27.133528, 0.0)
(39.818924, 27.160231, 0.0)
(39.790726, 27.206284, 0.0)
(39.805275, 27.229696, 0.0)
(39.785446, 27.243031, 0.0)
(39.760235, 26.728363, 0.0)
(39.756767, 26.744167, 0.0)
(39.748234, 26.818523, 0.0)
(39.772594, 26.840057, 0.0)
(39.810692, 26.876514, 0.0)
(39.803635, 26.865551, 0.0)
(39.815289, 26.828936, 0.0)
(39.851753, 26.797789, 0.0)
(39.891472, 26.829262, 0.0)
(39.911072, 26.804157, 0.0)
(39.908207, 26.769627, 0.0)
(39.884548, 26.780880, 0.0)
(39.895901, 26.784685, 0.0)
(39.912411, 26.760109, 0.0)
(39.916851, 26.745562, 0.0)
(39.901039, 26.743999, 0.0)
(39.950096, 26.704037, 0.0)
(39.955139, 26.707386, 0.0)
(38.302689, 25.850134, 0.0)
(36.040386, 24.642324, 0.0)
(35.956913, 24.685328, 0.0)
(35.964710, 24.694736, 0.0)
(35.988873, 24.718174, 0.0)
(36.017555, 24.704798, 0.0)
(36.013397, 24.679300, 0.0)
(36.028347, 24.621050, 0.0)
(36.033836, 24.635426, 0.0)
(36.031082, 24.611855, 0.0)
(36.018608, 24.627892, 0.0)
(36.019051, 24.621292, 0.0)
(36.019917, 24.614897, 0.0)
(36.016567, 24.631859, 0.0)
(34.073944, 25.226126, 0.0)
(30.918098, 26.888905, 0.0)
(29.055452, 28.072309, 0.0)
(28.763315, 28.236242, 0.0)
(28.794645, 28.153440, 0.0)
(28.795542, 28.167377, 0.0)
(28.767466, 28.156914, 0.0)
(28.517860, 28.294674, 0.0)
(28.317448, 28.269489, 0.0)
(28.329754, 28.224995, 0.0)
(28.324255, 28.263582, 0.0)
(28.301153, 28.353178, 0.0)
(28.283478, 28.369894, 0.0)
(28.261621, 28.390490, 0.0)
(28.252602, 28.403645, 0.0)
(28.296696, 28.449776, 0.0)
(28.296631, 28.447279, 0.0)
(28.298927, 28.526373, 0.0)
(28.028875, 28.543015, 0.0)
(27.977720, 28.497530, 0.0)
(27.998199, 28.540949, 0.0)
(27.994465, 28.603367, 0.0)
(27.982975, 28.622404, 0.0)
(29.320332, 27.945597, 0.0)
(32.155022, 27.277800, 0.0)
(32.613438, 27.197435, 0.0)
(32.615463, 27.188467, 0.0)
(32.597252, 27.200630, 0.0)
(32.614651, 27.196966, 0.0)
(32.611439, 27.168470, 0.0)
(32.600552, 27.173649, 0.0)
(32.547680, 27.206579, 0.0)
(32.486298, 27.221550, 0.0)
(32.466343, 27.247864, 0.0)
(32.489601, 27.242323, 0.0)
(32.500637, 27.253117, 0.0)
(32.506123, 27.245871, 0.0)
(32.309769, 27.150146, 0.0)
(30.270584, 24.998558, 0.0)
(30.186039, 24.024134, 0.0)
(30.178085, 23.972761, 0.0)
(30.160496, 24.072720, 0.0)
(30.147547, 24.080946, 0.0)
(30.154116, 24.091841, 0.0)
(30.280157, 23.969875, 0.0)
(30.337677, 23.936586, 0.0)
(30.327938, 23.949108, 0.0)
(30.320057, 23.967966, 0.0)
(30.318649, 23.952230, 0.0)
(30.351521, 23.953821, 0.0)
(30.368813, 23.891676, 0.0)
(30.366398, 23.881435, 0.0)
(30.373615, 23.874043, 0.0)
(30.387188, 23.852390, 0.0)
(30.341923, 23.887901, 0.0)
(30.339108, 23.903799, 0.0)
(30.348589, 23.920183, 0.0)
(30.386934, 23.904079, 0.0)
(30.221052, 23.939995, 0.0)
(30.245054, 23.907259, 0.0)
(30.254253, 23.911839, 0.0)
(30.248983, 23.921284, 0.0)
(30.253300, 23.909601, 0.0)
(30.227806, 23.919697, 0.0)
(30.327288, 23.901539, 0.0)
(32.643566, 23.772421, 0.0)
(33.038429, 23.829216, 0.0)
(33.006901, 23.805698, 0.0)
(33.004715, 23.801123, 0.0)
(33.005047, 23.795910, 0.0)
(33.012966, 23.784130, 0.0)
(33.000984, 23.765209, 0.0)
(33.009117, 23.752502, 0.0)
(33.243790, 23.809418, 0.0)
(36.450283, 26.523991, 0.0)
(36.970993, 27.252800, 0.0)
(36.946388, 27.189146, 0.0)
(36.910667, 27.124105, 0.0)
(36.925499, 27.065357, 0.0)
(36.925400, 27.040001, 0.0)
(36.930073, 27.080971, 0.0)
(36.969448, 26.989744, 0.0)
(36.974808, 26.861031, 0.0)
(36.952053, 26.915689, 0.0)
(36.928261, 26.925797, 0.0)
(36.932079, 26.946922, 0.0)
(36.919468, 26.966915, 0.0)
(36.904995, 26.975147, 0.0)
(36.886932, 26.984079, 0.0)
(36.862396, 26.999086, 0.0)
(36.852928, 27.034403, 0.0)
(36.819233, 27.056606, 0.0)
(36.802212, 27.072243, 0.0)
(36.799118, 27.070759, 0.0)
(36.828316, 27.062912, 0.0)
(36.810661, 27.069031, 0.0)
(36.816319, 27.084450, 0.0)
(36.814819, 27.070992, 0.0)
(36.813042, 27.087015, 0.0)
(36.803864, 27.113111, 0.0)
(36.788395, 27.123415, 0.0)
(36.781261, 27.077988, 0.0)
(36.801498, 27.102890, 0.0)
(36.826778, 27.055685, 0.0)
(36.814987, 27.041857, 0.0)
(36.805134, 27.015299, 0.0)
(36.781349, 27.039450, 0.0)
(36.744354, 27.089502, 0.0)
(36.708492, 27.071587, 0.0)
(36.693737, 27.070560, 0.0)
(36.701157, 27.083338, 0.0)
(36.715889, 27.036064, 0.0)
(36.234634, 25.068199, 0.0)
(35.387981, 21.716494, 0.0)
(35.296036, 21.240517, 0.0)
(35.254459, 21.421043, 0.0)
(35.232323, 21.546335, 0.0)
(35.192291, 21.561436, 0.0)
(35.167629, 21.565538, 0.0)
(35.201881, 21.566832, 0.0)
(35.144825, 21.562574, 0.0)
(35.048466, 21.478214, 0.0)
(35.075806, 21.470770, 0.0)
(35.089455, 21.462740, 0.0)
(35.095886, 21.450678, 0.0)
(35.098179, 21.430456, 0.0)
(35.097919, 21.414467, 0.0)
(35.100967, 21.418629, 0.0)
(35.185654, 21.535654, 0.0)
(35.233311, 21.751686, 0.0)
(35.221401, 21.735102, 0.0)
(35.237175, 21.670586, 0.0)
(35.281338, 21.662020, 0.0)
(35.092785, 21.460968, 0.0)
(35.245945, 22.951199, 0.0)
(35.209831, 21.985931, 0.0)
(35.266209, 21.896093, 0.0)
(35.321915, 22.042665, 0.0)
(35.348969, 22.064211, 0.0)
(35.360085, 22.037930, 0.0)
(35.355236, 22.028320, 0.0)
(35.353100, 22.057333, 0.0)
(35.332783, 22.068571, 0.0)
(35.332718, 22.109875, 0.0)
(35.809551, 24.126720, 0.0)
(35.445786, 26.702557, 0.0)
(35.251945, 26.892748, 0.0)
(35.221581, 26.719513, 0.0)
(35.202702, 26.688677, 0.0)
(35.177074, 26.583939, 0.0)
(35.717014, 26.363594, 0.0)
(39.276604, 24.223679, 0.0)
(40.637268, 23.773304, 0.0)
(40.681965, 23.924549, 0.0)
(40.635170, 24.066624, 0.0)
(40.628082, 24.064394, 0.0)
(40.926144, 24.013968, 0.0)
(40.963558, 24.004753, 0.0)
(40.933617, 24.065605, 0.0)
(40.916183, 24.096703, 0.0)
(40.877346, 24.106779, 0.0)
(40.814541, 23.861696, 0.0)
(40.967541, 25.241184, 0.0)
(41.212925, 25.056242, 0.0)
(41.111443, 24.155209, 0.0)
(41.005310, 23.788368, 0.0)
(41.014927, 23.624344, 0.0)
(41.013664, 23.712648, 0.0)
(41.009155, 23.877468, 0.0)
(40.992146, 23.968029, 0.0)
(41.018967, 24.011818, 0.0)
(40.979816, 24.046118, 0.0)
(40.960960, 24.092789, 0.0)
(40.944763, 24.083954, 0.0)
(40.934517, 24.091351, 0.0)
(40.186768, 24.086834, 0.0)
(40.179321, 24.123587, 0.0)
(40.212189, 24.057903, 0.0)
(40.194668, 24.058065, 0.0)
(40.170166, 24.037458, 0.0)
(40.164894, 24.020069, 0.0)
(40.165154, 24.016138, 0.0)
(40.143700, 24.055515, 0.0)
(40.140526, 24.077669, 0.0)
(40.137283, 24.057211, 0.0)
(39.919407, 24.724834, 0.0)
(39.855541, 25.112921, 0.0)
(39.865063, 25.085314, 0.0)
(39.869801, 25.051828, 0.0)
(39.853756, 25.038979, 0.0)
(39.835415, 25.061813, 0.0)
(39.907005, 25.124372, 0.0)
(39.981663, 25.199583, 0.0)
(39.988373, 25.199341, 0.0)
(40.009136, 25.176970, 0.0)
(40.040977, 25.166229, 0.0)
(40.068447, 25.155483, 0.0)
(40.054974, 25.100298, 0.0)
(40.067524, 25.073927, 0.0)
(40.062290, 25.077906, 0.0)
(40.047760, 25.100775, 0.0)
(40.035530, 25.118168, 0.0)
(40.026234, 25.065088, 0.0)
(40.024181, 25.072104, 0.0)
(40.046471, 25.041443, 0.0)
(40.053215, 25.043989, 0.0)
(40.056725, 25.049410, 0.0)
(39.204964, 24.730558, 0.0)
(38.975254, 24.695341, 0.0)
(39.012928, 24.720560, 0.0)
(39.022221, 24.726515, 0.0)
(39.030945, 24.755579, 0.0)
(39.036140, 24.726154, 0.0)
(39.041973, 24.730291, 0.0)
(39.053146, 24.717384, 0.0)
(39.044090, 24.717993, 0.0)
(39.051929, 24.718870, 0.0)
(39.024426, 24.743423, 0.0)
(39.025215, 24.755623, 0.0)
(38.998798, 24.750528, 0.0)
(38.984741, 24.753635, 0.0)
(38.986767, 24.753193, 0.0)
(36.746384, 25.470890, 0.0)
(33.143570, 27.394594, 0.0)
(31.394707, 28.304077, 0.0)
(31.249620, 28.344353, 0.0)
(31.284813, 28.299477, 0.0)
(31.280043, 28.266212, 0.0)
(31.258352, 28.230560, 0.0)
(30.836966, 28.329067, 0.0)
(30.740103, 28.361103, 0.0)
(30.780197, 28.314726, 0.0)
(30.778284, 28.344582, 0.0)
(30.775608, 28.357729, 0.0)
(30.757406, 28.363470, 0.0)
(30.740831, 28.361160, 0.0)
(30.738396, 28.350853, 0.0)
(30.712784, 28.385372, 0.0)
(30.545317, 28.358946, 0.0)
(30.540783, 28.352386, 0.0)
(30.552710, 28.337406, 0.0)
(30.526506, 28.320049, 0.0)
(30.530701, 28.343189, 0.0)
(30.518978, 28.341047, 0.0)
(30.489649, 28.343138, 0.0)
(30.521467, 28.359030, 0.0)
(30.506897, 28.352858, 0.0)
(30.501080, 28.358021, 0.0)
(30.506248, 28.374617, 0.0)
(30.482374, 28.349781, 0.0)
(30.464359, 28.342495, 0.0)
(30.445957, 28.364716, 0.0)
(30.443474, 28.363297, 0.0)
(30.469995, 28.337883, 0.0)
(30.472050, 28.368057, 0.0)
(30.466087, 28.342018, 0.0)
(30.470736, 28.348513, 0.0)
(30.473871, 28.340244, 0.0)
(30.491520, 28.335878, 0.0)
(30.508949, 28.317076, 0.0)
(30.533731, 28.250645, 0.0)
(30.517902, 28.218407, 0.0)
(30.617266, 28.190979, 0.0)
(34.111122, 26.436924, 0.0)
(37.747101, 25.980207, 0.0)
(39.575245, 26.561804, 0.0)
(39.651337, 26.683153, 0.0)
(39.625397, 26.723911, 0.0)
(39.613308, 26.665777, 0.0)
(39.617523, 26.665899, 0.0)
(39.619102, 26.684015, 0.0)
(39.447182, 25.856937, 0.0)
(39.619877, 22.765715, 0.0)
(39.674225, 22.550922, 0.0)
(39.671604, 22.736683, 0.0)
(39.655289, 22.821411, 0.0)
(38.911896, 23.745642, 0.0)
(36.615944, 27.227404, 0.0)
(34.699566, 28.385841, 0.0)
(34.610020, 28.320972, 0.0)
(34.629131, 28.233471, 0.0)
(34.598785, 28.170034, 0.0)
(34.553215, 28.089518, 0.0)
(34.541691, 28.104141, 0.0)
(34.533566, 28.115200, 0.0)
(34.534126, 28.111895, 0.0)
(34.518398, 28.100861, 0.0)
(34.524529, 28.101122, 0.0)
(34.512123, 28.088381, 0.0)
(34.496540, 28.092421, 0.0)
(34.498928, 28.079985, 0.0)
(34.478390, 28.091673, 0.0)
(34.477772, 28.068008, 0.0)
(34.504604, 28.116306, 0.0)
(34.526379, 28.134111, 0.0)
(34.507019, 28.161465, 0.0)
(34.493580, 28.156301, 0.0)
(34.489529, 28.198450, 0.0)
(34.480614, 28.162380, 0.0)
(34.987690, 28.611292, 0.0)
(35.138962, 28.737539, 0.0)
(35.121910, 28.712564, 0.0)
(35.136177, 28.681082, 0.0)
(35.120094, 28.642506, 0.0)
(35.096073, 28.644140, 0.0)
(35.060547, 28.647379, 0.0)
(34.922916, 29.517271, 0.0)
(35.206036, 29.830963, 0.0)
(35.171726, 29.128204, 0.0)
(35.126331, 28.751945, 0.0)
(35.121593, 28.550388, 0.0)
(35.095371, 28.479969, 0.0)
(35.112076, 28.427485, 0.0)
(35.101532, 28.440090, 0.0)
(35.109356, 28.428885, 0.0)
(35.111660, 28.453400, 0.0)
(35.123344, 28.558439, 0.0)
(35.126816, 28.603382, 0.0)
(35.110466, 28.601870, 0.0)
(35.126968, 28.569307, 0.0)
(35.139347, 28.565197, 0.0)
(35.158943, 28.548231, 0.0)
(35.176430, 28.519222, 0.0)
(35.200344, 28.485279, 0.0)
(35.166054, 28.516489, 0.0)
(35.170349, 28.507998, 0.0)
(35.178391, 28.500814, 0.0)
(35.193230, 28.489851, 0.0)
(35.174946, 28.490240, 0.0)
(35.153648, 28.500561, 0.0)
(35.133770, 28.506016, 0.0)
(35.156437, 28.497862, 0.0)
(35.168766, 28.501099, 0.0)
(35.977764, 27.665449, 0.0)
(38.750893, 24.676373, 0.0)
(39.479603, 23.854403, 0.0)
(39.526390, 23.960180, 0.0)
(39.520805, 24.103983, 0.0)
(39.555695, 24.101456, 0.0)
(39.856205, 24.026133, 0.0)
(39.863674, 24.073589, 0.0)
(39.854259, 24.145218, 0.0)
(39.852745, 24.157557, 0.0)
(39.859921, 24.216507, 0.0)
(39.894791, 24.236578, 0.0)
(39.972683, 24.176300, 0.0)
(39.962444, 24.161613, 0.0)
(39.960415, 24.121599, 0.0)
(39.952255, 24.120075, 0.0)
(39.976200, 24.175089, 0.0)
(39.965488, 24.192291, 0.0)
(39.933826, 24.162334, 0.0)
(39.938747, 24.193253, 0.0)
(39.936684, 24.186373, 0.0)
(39.682362, 23.974239, 0.0)
(39.650215, 23.928469, 0.0)
(39.672962, 23.968382, 0.0)
(39.674747, 23.955526, 0.0)
(39.839569, 24.083006, 0.0)
(39.871120, 24.100979, 0.0)
(39.849144, 24.121563, 0.0)
(39.833469, 24.130629, 0.0)
(39.835705, 24.150093, 0.0)
(39.828697, 24.170414, 0.0)
(39.806519, 24.149170, 0.0)
(39.794529, 24.145098, 0.0)
(39.814114, 24.121132, 0.0)
(39.838287, 24.129438, 0.0)
(39.835522, 24.099909, 0.0)
(39.808918, 24.077438, 0.0)
(39.785439, 24.067198, 0.0)
(39.773903, 24.130375, 0.0)
(39.998981, 24.358871, 0.0)
(40.878242, 25.573030, 0.0)
(40.919003, 25.606531, 0.0)
(40.874485, 25.561554, 0.0)
(40.877113, 25.557148, 0.0)
(40.884205, 25.552357, 0.0)
(40.907818, 25.566116, 0.0)
(40.982395, 25.669821, 0.0)
(40.987442, 25.648617, 0.0)
(40.988823, 25.642565, 0.0)
(40.988823, 25.642565, 0.0)
(40.985027, 25.628323, 0.0)
(40.268826, 25.282757, 0.0)
(40.186668, 25.301100, 0.0)
(40.235203, 25.304817, 0.0)
(40.247467, 25.283730, 0.0)
(40.255962, 25.285994, 0.0)
(40.244110, 25.276371, 0.0)
(40.275063, 25.242538, 0.0)
(40.254932, 25.241779, 0.0)
(40.263382, 25.237579, 0.0)
(40.245777, 25.268080, 0.0)
(40.237232, 25.240723, 0.0)
(40.245991, 25.258686, 0.0)
(40.243279, 25.262877, 0.0)
(40.233585, 25.205280, 0.0)
(40.234280, 25.221891, 0.0)
(40.232849, 25.234396, 0.0)
(40.203503, 25.239389, 0.0)
(40.191578, 25.241026, 0.0)
(40.243484, 25.256359, 0.0)
(40.247059, 25.228807, 0.0)
(40.247211, 25.222206, 0.0)
(40.251400, 25.221977, 0.0)
(40.233643, 25.192728, 0.0)
(40.217525, 25.199755, 0.0)
(40.205410, 25.218487, 0.0)
(40.199387, 25.234756, 0.0)
(40.176701, 25.193747, 0.0)
(37.319061, 24.426004, 0.0)
(34.187664, 24.349243, 0.0)
(33.576458, 24.349091, 0.0)
(33.564358, 24.350470, 0.0)
(33.609863, 24.365524, 0.0)
(33.461903, 24.851748, 0.0)
(32.390129, 28.236158, 0.0)
(32.497185, 28.786877, 0.0)
(32.502644, 28.730124, 0.0)
(32.468708, 28.649929, 0.0)
(32.457230, 28.636541, 0.0)
(32.447533, 28.600840, 0.0)
(32.435017, 28.618557, 0.0)
(33.250019, 28.593075, 0.0)
(36.906254, 28.704399, 0.0)
(37.404507, 28.941816, 0.0)
(37.375786, 28.976208, 0.0)
(37.333588, 28.953932, 0.0)
(37.318665, 28.916790, 0.0)
(37.325092, 28.930317, 0.0)
(37.313515, 28.956940, 0.0)
(37.305687, 28.984615, 0.0)
(37.305763, 28.975592, 0.0)
(37.284992, 28.987305, 0.0)
(37.276344, 29.018131, 0.0)
(37.362350, 28.552641, 0.0)
(37.707088, 26.419434, 0.0)
(37.723095, 26.406511, 0.0)
(37.695488, 26.519804, 0.0)
(37.691139, 26.522270, 0.0)
(37.693188, 26.532421, 0.0)
(37.692600, 26.551092, 0.0)
(37.666756, 26.565050, 0.0)
(37.668709, 26.570005, 0.0)
(37.637424, 26.540592, 0.0)
(37.670021, 26.560249, 0.0)
(40.235840, 28.900513, 0.0)
(41.279972, 30.222862, 0.0)
(41.278477, 30.254480, 0.0)
(41.149792, 30.208609, 0.0)
(41.137409, 30.156927, 0.0)
(41.122711, 30.166479, 0.0)
(41.189289, 30.292839, 0.0)
(41.184689, 30.514965, 0.0)
(41.141350, 30.513838, 0.0)
(41.141350, 30.513838, 0.0)
(41.154522, 30.497974, 0.0)
(41.123787, 30.300125, 0.0)
(40.861263, 29.967089, 0.0)
(40.540165, 31.436605, 0.0)
(40.376549, 30.960569, 0.0)
(40.810925, 30.734287, 0.0)
(40.895679, 30.380220, 0.0)
(40.912392, 30.254446, 0.0)
(40.928581, 30.253777, 0.0)
(40.940361, 30.278732, 0.0)
(40.913380, 30.229572, 0.0)
(40.927864, 30.267092, 0.0)
(40.922104, 30.243340, 0.0)
(40.922745, 30.260609, 0.0)
(40.919353, 30.280176, 0.0)
(40.922550, 30.279810, 0.0)
(40.916702, 30.279476, 0.0)
(40.912415, 30.329105, 0.0)
(40.906277, 30.329979, 0.0)
(40.890816, 30.356688, 0.0)
(40.881027, 30.344803, 0.0)
(40.880733, 30.356976, 0.0)
(40.868248, 30.351194, 0.0)
(40.839630, 30.364222, 0.0)
(40.821449, 30.361965, 0.0)
(39.187981, 28.891108, 0.0)
(35.680130, 25.980860, 0.0)
(32.377583, 24.938406, 0.0)
(30.083212, 24.800827, 0.0)
(29.350519, 24.670013, 0.0)
(29.334936, 24.679712, 0.0)
(29.345308, 24.699070, 0.0)
(28.797581, 24.765938, 0.0)
(28.158600, 24.305365, 0.0)
(28.140287, 24.377018, 0.0)
(28.144663, 24.483158, 0.0)
(28.131498, 24.488148, 0.0)
(28.088919, 24.498989, 0.0)
(28.068970, 24.522463, 0.0)
(28.047277, 24.552870, 0.0)
(28.053858, 24.593472, 0.0)
(28.062956, 24.591906, 0.0)
(28.083811, 24.600300, 0.0)
(28.084871, 24.594749, 0.0)
(28.079672, 24.597219, 0.0)
(28.030045, 24.595486, 0.0)
(28.024235, 24.596849, 0.0)
(29.705555, 23.870146, 0.0)
(30.698452, 23.595913, 0.0)
(30.747541, 23.573017, 0.0)
(30.694212, 23.597948, 0.0)
(30.674862, 23.599247, 0.0)
(30.399279, 23.685238, 0.0)
(28.761915, 24.356161, 0.0)
(28.707733, 24.382704, 0.0)
(28.704601, 24.364475, 0.0)
(28.705648, 24.369596, 0.0)
(28.708618, 24.377682, 0.0)
(28.729374, 24.365982, 0.0)
(28.717794, 24.386055, 0.0)
(28.735947, 24.377831, 0.0)
(28.749365, 24.337282, 0.0)
(30.083124, 23.342052, 0.0)
(30.284447, 23.205009, 0.0)
(30.265665, 23.215582, 0.0)
(30.275099, 23.211500, 0.0)
(30.276793, 23.198938, 0.0)
(30.248045, 23.192461, 0.0)
(30.225983, 23.187054, 0.0)
(30.216696, 23.183899, 0.0)
(30.202751, 23.192083, 0.0)
(30.196945, 23.186958, 0.0)
(30.211668, 23.169508, 0.0)
(30.216330, 23.187922, 0.0)
(30.706682, 23.035275, 0.0)
(30.940294, 22.987196, 0.0)
(30.942850, 22.970062, 0.0)
(30.888678, 22.916206, 0.0)
(30.946804, 23.691452, 0.0)
(30.488573, 24.251270, 0.0)
(30.561300, 23.003361, 0.0)
(30.655636, 22.644545, 0.0)
(30.680262, 22.670256, 0.0)
(30.666370, 22.740040, 0.0)
(30.666153, 22.752430, 0.0)
(30.662931, 22.826481, 0.0)
(30.665184, 22.902170, 0.0)
(30.671734, 22.942810, 0.0)
(32.340797, 23.148830, 0.0)
(32.649292, 23.150091, 0.0)
(32.602657, 23.183735, 0.0)
(32.517117, 23.243629, 0.0)
(32.486736, 23.239601, 0.0)
(32.485966, 23.253063, 0.0)
(32.555470, 23.273401, 0.0)
(32.577896, 23.263031, 0.0)
(32.566021, 23.295542, 0.0)
(32.574429, 23.269768, 0.0)
(31.295925, 23.681290, 0.0)
(29.149067, 24.386461, 0.0)
(29.121609, 24.440859, 0.0)
(29.155140, 24.442966, 0.0)
(29.152050, 24.435432, 0.0)
(29.113022, 24.451527, 0.0)
(29.083759, 24.449095, 0.0)
(29.104921, 24.413240, 0.0)
(29.114847, 24.418159, 0.0)
(29.128139, 24.408375, 0.0)
(29.135260, 24.426538, 0.0)
(29.122383, 24.386181, 0.0)
(29.075304, 24.405418, 0.0)
(28.947836, 24.424267, 0.0)
(28.939135, 24.405836, 0.0)
(28.940434, 24.390797, 0.0)
(28.959053, 24.382128, 0.0)
(28.961891, 24.384842, 0.0)
(28.967297, 24.387100, 0.0)
(28.957497, 24.377195, 0.0)
(28.947571, 24.386890, 0.0)
(28.933809, 24.412628, 0.0)
(28.942537, 24.428562, 0.0)
(28.934465, 24.450235, 0.0)
(28.970121, 24.726673, 0.0)
(28.950037, 24.751490, 0.0)
(28.946686, 24.726429, 0.0)
(28.933226, 24.735559, 0.0)
(28.926577, 24.704987, 0.0)
(28.933531, 24.699846, 0.0)
(28.937756, 24.716337, 0.0)
(28.936401, 24.718191, 0.0)
(28.941162, 24.669149, 0.0)
(28.929480, 24.683851, 0.0)
(28.940525, 24.663185, 0.0)
(28.922775, 24.682459, 0.0)
(29.638567, 24.726278, 0.0)
(33.224461, 26.049356, 0.0)
(33.433414, 26.131428, 0.0)
(33.380100, 26.017027, 0.0)
(33.363831, 25.931248, 0.0)
(33.346985, 25.904177, 0.0)
(33.312454, 25.884340, 0.0)
(33.329159, 25.581888, 0.0)
(33.354172, 25.560190, 0.0)
(33.358807, 25.615973, 0.0)
(33.345833, 25.631567, 0.0)
(33.337940, 25.706249, 0.0)
(33.303215, 25.721264, 0.0)
(33.293552, 25.695873, 0.0)
(33.291035, 25.694521, 0.0)
(33.303032, 25.712294, 0.0)
(33.324486, 25.758741, 0.0)
(33.342644, 25.761139, 0.0)
(33.332985, 25.732267, 0.0)
(33.343372, 25.746086, 0.0)
(33.345268, 25.749218, 0.0)
(33.332226, 25.794540, 0.0)
(33.347530, 25.790888, 0.0)
(33.342705, 25.798695, 0.0)
(33.344517, 25.812717, 0.0)
(33.349216, 25.820469, 0.0)
(33.348217, 25.795580, 0.0)
(33.339275, 25.787663, 0.0)
(33.332001, 25.790760, 0.0)
(33.351059, 25.803419, 0.0)
(33.354424, 25.813063, 0.0)
(33.355537, 25.800915, 0.0)
(33.325954, 25.839243, 0.0)
(33.304871, 25.798428, 0.0)
(33.296741, 25.788254, 0.0)
(33.326706, 25.753248, 0.0)
(33.339596, 25.785257, 0.0)
(33.375515, 25.774124, 0.0)
(36.528374, 27.015776, 0.0)
(38.038116, 28.347034, 0.0)
(38.127678, 28.396612, 0.0)
(38.053551, 28.360413, 0.0)
(38.061592, 28.313929, 0.0)
(38.066387, 28.284477, 0.0)
(38.078976, 28.227617, 0.0)
(38.067657, 28.236156, 0.0)
(38.077541, 28.203365, 0.0)
(38.077541, 28.203365, 0.0)
(38.057941, 28.209009, 0.0)
(38.050606, 28.212252, 0.0)
(38.062412, 28.189077, 0.0)
(38.087204, 28.170286, 0.0)
(38.090263, 28.166456, 0.0)
(38.083984, 28.150417, 0.0)
(38.063335, 28.120804, 0.0)
(38.059967, 28.107243, 0.0)
(38.068287, 28.100895, 0.0)
(38.078243, 28.120457, 0.0)
(38.075859, 28.102982, 0.0)
(38.056927, 28.057955, 0.0)
(38.030869, 28.045008, 0.0)
(38.033737, 28.041386, 0.0)
(38.035118, 28.036098, 0.0)
(38.027786, 28.023752, 0.0)
(38.066837, 27.988697, 0.0)
(38.064503, 27.908972, 0.0)
(38.099365, 27.893974, 0.0)
(38.113533, 27.864124, 0.0)
(38.119682, 27.858055, 0.0)
(38.080135, 27.883917, 0.0)
(38.019302, 27.885565, 0.0)
(37.953232, 27.918182, 0.0)
(37.930916, 27.913425, 0.0)
(37.964214, 27.878908, 0.0)
(38.016441, 27.900011, 0.0)
(38.058651, 27.856352, 0.0)
(37.852600, 27.792307, 0.0)
(34.090271, 25.304092, 0.0)
(30.860537, 23.834425, 0.0)
(29.717482, 23.185970, 0.0)
(29.644423, 23.096453, 0.0)
(29.650970, 23.117373, 0.0)
(28.856560, 23.469152, 0.0)
(28.281528, 23.549576, 0.0)
(28.197998, 23.609348, 0.0)
(28.177732, 23.616928, 0.0)
(28.167881, 23.626183, 0.0)
(28.104879, 23.692501, 0.0)
(27.856886, 23.841702, 0.0)
(27.866987, 23.841928, 0.0)
(27.849346, 23.872025, 0.0)
(27.822456, 23.858675, 0.0)
(27.889393, 23.814968, 0.0)
(28.312868, 23.594786, 0.0)
(28.339256, 23.585108, 0.0)
(28.339947, 23.602079, 0.0)
(28.331816, 23.606318, 0.0)
(28.333984, 23.634474, 0.0)
(28.324917, 23.606073, 0.0)
(28.331757, 23.593267, 0.0)
(28.671103, 23.483465, 0.0)
(30.845770, 23.443344, 0.0)
(30.947823, 23.477695, 0.0)
(30.841312, 23.449636, 0.0)
(30.283894, 23.686729, 0.0)
(28.689018, 23.943892, 0.0)
(28.606813, 23.995911, 0.0)
(28.655403, 23.965071, 0.0)
(28.654280, 24.003296, 0.0)
(28.700626, 24.015520, 0.0)
(28.699497, 24.052078, 0.0)
(28.681322, 24.076361, 0.0)
(28.657059, 24.127018, 0.0)
(28.640882, 24.173786, 0.0)
(28.690311, 25.828594, 0.0)
(28.974997, 27.871458, 0.0)
(28.964125, 27.934879, 0.0)
(28.903608, 27.868477, 0.0)
(28.860228, 27.850054, 0.0)
(28.837090, 27.832968, 0.0)
(29.037867, 27.607849, 0.0)
(29.086763, 27.580069, 0.0)
(29.088053, 27.603237, 0.0)
(29.069971, 27.644577, 0.0)
(29.057365, 27.628681, 0.0)
(29.032684, 27.668858, 0.0)
(29.014109, 27.675745, 0.0)
(29.020573, 27.682383, 0.0)
(29.013687, 27.680702, 0.0)
(29.023939, 27.675570, 0.0)
(28.903809, 27.698479, 0.0)
(29.398014, 30.696209, 0.0)
(28.818302, 29.285145, 0.0)
(28.871616, 28.422985, 0.0)
(28.937063, 27.971500, 0.0)
(28.941307, 27.699509, 0.0)
(28.952999, 27.550648, 0.0)
(28.937000, 27.499922, 0.0)
(28.936996, 27.471613, 0.0)
(28.916376, 27.482044, 0.0)
(28.921766, 27.508692, 0.0)
(28.956890, 27.500530, 0.0)
(28.970419, 27.431976, 0.0)
(28.955357, 27.425591, 0.0)
(28.970900, 27.398046, 0.0)
(28.941492, 27.430561, 0.0)
(28.941038, 27.436314, 0.0)
(28.936247, 27.455160, 0.0)
(28.946383, 27.449791, 0.0)
(29.728830, 27.193647, 0.0)
(32.977188, 26.617041, 0.0)
(33.284798, 26.531683, 0.0)
(33.283306, 26.529787, 0.0)
(33.254623, 26.532623, 0.0)
(33.267063, 26.548899, 0.0)
(33.251820, 26.521729, 0.0)
(33.226662, 26.550234, 0.0)
(33.241589, 26.452118, 0.0)
(33.220951, 26.489525, 0.0)
(33.225525, 26.465904, 0.0)
(33.257607, 26.497175, 0.0)
(33.283688, 26.496605, 0.0)
(33.289639, 26.416737, 0.0)
(33.280331, 26.404814, 0.0)
(33.297230, 26.445547, 0.0)
(33.341183, 26.288334, 0.0)
(33.366283, 26.151533, 0.0)
(33.390110, 26.157799, 0.0)
(33.415588, 26.094919, 0.0)
(33.448380, 26.094919, 0.0)
(33.456753, 26.085211, 0.0)
(33.416302, 26.110569, 0.0)
(33.406006, 26.080318, 0.0)
(33.403553, 26.111681, 0.0)
(33.439281, 26.075701, 0.0)
(33.468140, 26.087149, 0.0)
(33.458855, 26.051102, 0.0)
(33.462231, 26.078449, 0.0)
(33.430496, 26.056477, 0.0)
(33.447128, 26.086515, 0.0)
(33.427185, 26.073837, 0.0)
(33.415997, 26.083504, 0.0)
(33.408924, 26.125219, 0.0)
(33.410011, 26.130552, 0.0)
(33.408569, 26.098377, 0.0)
(33.391003, 26.126789, 0.0)
(33.469257, 26.129948, 0.0)
(36.295052, 27.251244, 0.0)
(37.964153, 28.534285, 0.0)
(38.046436, 28.621229, 0.0)
(37.985985, 28.558315, 0.0)
(37.974102, 28.561754, 0.0)
(37.921612, 28.560261, 0.0)
(38.116261, 28.733637, 0.0)
(38.087414, 28.811068, 0.0)
(38.039585, 28.823395, 0.0)
(38.042809, 28.846615, 0.0)
(38.066799, 28.873846, 0.0)
(38.085094, 28.860193, 0.0)
(38.086128, 28.865484, 0.0)
(38.068623, 28.916510, 0.0)
(37.695072, 28.771215, 0.0)
(37.658836, 28.710966, 0.0)
(37.674667, 28.739283, 0.0)
(37.937134, 28.845789, 0.0)
(37.986160, 28.893156, 0.0)
(37.973450, 28.882374, 0.0)
(37.953789, 28.921461, 0.0)
(37.925041, 28.927999, 0.0)
(37.905552, 28.941395, 0.0)
(37.944420, 28.953400, 0.0)
(37.968784, 28.953926, 0.0)
(38.020988, 29.009310, 0.0)
(38.024059, 28.999901, 0.0)
(37.973919, 28.982454, 0.0)
(37.894588, 28.995848, 0.0)
(37.875805, 29.003441, 0.0)
(37.897160, 28.997236, 0.0)
(37.919312, 28.992983, 0.0)
(37.942081, 28.984306, 0.0)
(37.933788, 28.984304, 0.0)
(37.861473, 28.967665, 0.0)
(37.830379, 28.987139, 0.0)
(37.835804, 29.008284, 0.0)
(37.705952, 28.852947, 0.0)
(34.659607, 25.030684, 0.0)
(33.486912, 22.239771, 0.0)
(33.351261, 21.797874, 0.0)
(33.336128, 21.841146, 0.0)
(33.334637, 21.938332, 0.0)
(33.324268, 21.976322, 0.0)
(33.329514, 21.960590, 0.0)
(33.316418, 21.967365, 0.0)
(33.234634, 21.939646, 0.0)
(33.478752, 23.586138, 0.0)
(33.323761, 22.290501, 0.0)
(33.300266, 21.829279, 0.0)
(33.330933, 21.733265, 0.0)
(33.333374, 21.775568, 0.0)
(33.361916, 21.817522, 0.0)
(33.388271, 21.870901, 0.0)
(33.384773, 21.911253, 0.0)
(33.367523, 21.910343, 0.0)
(33.375988, 21.880245, 0.0)
(33.471390, 21.930420, 0.0)
(35.290524, 23.765072, 0.0)
(35.440090, 24.135035, 0.0)
(35.438808, 24.074579, 0.0)
(35.429634, 23.996998, 0.0)
(35.421371, 23.993668, 0.0)
(35.381897, 24.011625, 0.0)
(35.368343, 24.006014, 0.0)
(35.374901, 24.009346, 0.0)
(35.367382, 23.966103, 0.0)
(35.393661, 23.938965, 0.0)
(35.422722, 23.953468, 0.0)
(35.432343, 23.953772, 0.0)
(35.412868, 23.943909, 0.0)
(35.409695, 23.951805, 0.0)
(36.942253, 24.202002, 0.0)
(40.280094, 24.999590, 0.0)
(41.670048, 25.243996, 0.0)
(41.758369, 25.271795, 0.0)
(41.691086, 25.320503, 0.0)
(41.669735, 25.328699, 0.0)
(41.770203, 25.360170, 0.0)
(41.855469, 25.551065, 0.0)
(41.809250, 25.549519, 0.0)
(41.776672, 25.623774, 0.0)
(41.748280, 25.671415, 0.0)
(41.725765, 25.681715, 0.0)
(41.695156, 25.698969, 0.0)
(41.669228, 25.762545, 0.0)
(41.641323, 25.771259, 0.0)
(41.638836, 25.721035, 0.0)
(41.644978, 25.743505, 0.0)
(41.645306, 25.774805, 0.0)
(41.631927, 25.755251, 0.0)
(41.605446, 25.815882, 0.0)
(41.546906, 25.855343, 0.0)
(41.525112, 25.860016, 0.0)
(41.524193, 25.883949, 0.0)
(41.545006, 25.874973, 0.0)
(41.542629, 25.935577, 0.0)
(41.548031, 25.930080, 0.0)
(41.554253, 25.917088, 0.0)
(41.245777, 25.835070, 0.0)
(39.522457, 25.963484, 0.0)
(39.020134, 25.990036, 0.0)
(39.059879, 25.970997, 0.0)
(39.097332, 25.981758, 0.0)
(39.115646, 25.983309, 0.0)
(40.725521, 26.276150, 0.0)
(41.326527, 26.144863, 0.0)
(41.305141, 26.177027, 0.0)
(41.276211, 26.196983, 0.0)
(41.280411, 26.187204, 0.0)
(41.282848, 26.177757, 0.0)
(41.279263, 26.179873, 0.0)
(41.270359, 26.189995, 0.0)
(41.265137, 26.197243, 0.0)
(40.159817, 24.472754, 0.0)
(40.179367, 23.063404, 0.0)
(40.255474, 23.171961, 0.0)
(40.253307, 23.324322, 0.0)
(40.256882, 23.324333, 0.0)
(40.433735, 23.293818, 0.0)
(40.708927, 23.244247, 0.0)
(40.697147, 23.292891, 0.0)
(40.671997, 23.331194, 0.0)
(40.694042, 23.353180, 0.0)
(40.700878, 23.366957, 0.0)
(40.709904, 23.382452, 0.0)
(40.711689, 23.362783, 0.0)
(40.678467, 23.349684, 0.0)
(40.618980, 23.297541, 0.0)
(40.580959, 23.278797, 0.0)
(40.581642, 23.239521, 0.0)
(40.599205, 23.249722, 0.0)
(40.606270, 23.209925, 0.0)
(40.608368, 23.187016, 0.0)
(40.635365, 23.189604, 0.0)
(40.634247, 23.188145, 0.0)
(40.633526, 23.211189, 0.0)
(40.637943, 23.219776, 0.0)
(40.644592, 23.225861, 0.0)
(39.966969, 23.341637, 0.0)
(39.366722, 23.659424, 0.0)
(39.369953, 23.654213, 0.0)
(39.381866, 23.645359, 0.0)
(39.360233, 23.641979, 0.0)
(39.363663, 23.631697, 0.0)
(39.356773, 23.643724, 0.0)
(39.349152, 23.660160, 0.0)
(39.347675, 23.665277, 0.0)
(39.588116, 24.029724, 0.0)
(41.468712, 28.189966, 0.0)
(41.465023, 30.474174, 0.0)
(41.349419, 30.805988, 0.0)
(41.277279, 30.645733, 0.0)
(41.239685, 30.598103, 0.0)
(41.041965, 30.905495, 0.0)
(40.907646, 31.272692, 0.0)
(40.895214, 31.222879, 0.0)
(40.886272, 31.181578, 0.0)
(40.897228, 31.195478, 0.0)
(40.962120, 31.423252, 0.0)
(40.966198, 31.398642, 0.0)
(40.976059, 31.338413, 0.0)
(40.953072, 31.343069, 0.0)
(40.935349, 31.380186, 0.0)
(40.615589, 31.081903, 0.0)
(40.345459, 32.547077, 0.0)
(40.018044, 31.864065, 0.0)
(40.519650, 31.521555, 0.0)
(40.599365, 31.205044, 0.0)
(40.605202, 31.023024, 0.0)
(40.603851, 31.010002, 0.0)
(40.606487, 31.010065, 0.0)
(40.609489, 31.010376, 0.0)
(40.586075, 31.056232, 0.0)
(40.586662, 31.051851, 0.0)
(40.570328, 31.075155, 0.0)
(40.560097, 31.088120, 0.0)
(40.555908, 31.064474, 0.0)
(40.556499, 31.044924, 0.0)
(40.581234, 31.024866, 0.0)
(40.579834, 31.007864, 0.0)
(40.567352, 30.933559, 0.0)
(40.556065, 30.956743, 0.0)
(38.471638, 29.432743, 0.0)
(34.975273, 26.104431, 0.0)
(32.199963, 23.900791, 0.0)
(31.590282, 23.026100, 0.0)
(31.617554, 22.893564, 0.0)
(31.627161, 22.917374, 0.0)
(31.638666, 22.925041, 0.0)
(31.655293, 23.061844, 0.0)
(31.746172, 23.402874, 0.0)
(31.769876, 23.435144, 0.0)
(31.775049, 23.474707, 0.0)
(31.774380, 23.473564, 0.0)
(31.748272, 23.489000, 0.0)
(31.809954, 23.686680, 0.0)
(31.811295, 23.811180, 0.0)
(31.803722, 23.805931, 0.0)
(31.776739, 23.836550, 0.0)
(31.769089, 23.890598, 0.0)
(31.760824, 23.893225, 0.0)
(31.757303, 23.898399, 0.0)
(31.750242, 23.887335, 0.0)
(31.743742, 23.869818, 0.0)
(31.753792, 23.880283, 0.0)
(31.751038, 23.916325, 0.0)
(31.721573, 23.909628, 0.0)
(31.730892, 23.917093, 0.0)
(31.723024, 23.952433, 0.0)
(31.718079, 23.938038, 0.0)
(31.734442, 23.943211, 0.0)
(31.722700, 23.927073, 0.0)
(31.726255, 23.916439, 0.0)
(31.724253, 23.932774, 0.0)
(31.735058, 23.949633, 0.0)
(31.731474, 23.976433, 0.0)
(31.720110, 23.981377, 0.0)
(31.729937, 23.975706, 0.0)
(31.737810, 23.946081, 0.0)
(33.442520, 25.667776, 0.0)
(34.504780, 29.632896, 0.0)
(34.510426, 30.483845, 0.0)
(34.471588, 30.370399, 0.0)
(34.442043, 30.270033, 0.0)
(34.425732, 30.279133, 0.0)
(34.595215, 30.419941, 0.0)
(34.771744, 30.542494, 0.0)
(34.790852, 30.505737, 0.0)
(34.769592, 30.484310, 0.0)
(34.785748, 30.441542, 0.0)
(34.775723, 30.427692, 0.0)
(34.963299, 30.426430, 0.0)
(34.977707, 30.400620, 0.0)
(34.953541, 30.384960, 0.0)
(34.929249, 30.361231, 0.0)
(34.939167, 30.355175, 0.0)
(34.931026, 30.352188, 0.0)
(34.919155, 30.348267, 0.0)
(34.923698, 30.347385, 0.0)
(34.918510, 30.343552, 0.0)
(34.918839, 30.328041, 0.0)
(34.943008, 30.345316, 0.0)
(34.961353, 30.352129, 0.0)
(34.925621, 30.332747, 0.0)
(34.938560, 30.332758, 0.0)
(34.937393, 30.353418, 0.0)
(34.901665, 30.351273, 0.0)
(34.635895, 30.038139, 0.0)
(34.629044, 29.957857, 0.0)
(34.632030, 29.967348, 0.0)
(34.628883, 29.962622, 0.0)
(34.634373, 29.935316, 0.0)
(34.630268, 29.928852, 0.0)
(35.042377, 28.965815, 0.0)
(35.334797, 28.230154, 0.0)
(35.337120, 28.242380, 0.0)
(35.277199, 28.300829, 0.0)
(35.328564, 28.278105, 0.0)
(35.325142, 28.256334, 0.0)
(35.336750, 28.222113, 0.0)
(37.415421, 26.432739, 0.0)
(39.864185, 24.488430, 0.0)
(40.721191, 23.453136, 0.0)
(40.983929, 23.350464, 0.0)
(40.950977, 23.471016, 0.0)
(40.925369, 23.502243, 0.0)
(41.253365, 23.808001, 0.0)
(41.496010, 23.985590, 0.0)
(41.463150, 24.045193, 0.0)
(41.438625, 24.001453, 0.0)
(41.420368, 24.045528, 0.0)
(41.592178, 24.178047, 0.0)
(41.596287, 24.300430, 0.0)
(41.583790, 24.291071, 0.0)
(41.578175, 24.348061, 0.0)
(41.564270, 24.341551, 0.0)
(41.541302, 24.374689, 0.0)
(41.537361, 24.374184, 0.0)
(41.545609, 24.355583, 0.0)
(41.556351, 24.372168, 0.0)
(41.528946, 24.382418, 0.0)
(40.920471, 24.128315, 0.0)
(40.895691, 24.195618, 0.0)
(40.931564, 24.189684, 0.0)
(40.945908, 24.203823, 0.0)
(40.935665, 24.189814, 0.0)
(40.942459, 24.197359, 0.0)
(40.952232, 24.222031, 0.0)
(40.931564, 24.189684, 0.0)
(40.924122, 24.218803, 0.0)
(40.900867, 24.222607, 0.0)
(40.914570, 24.300663, 0.0)
(40.899204, 24.292889, 0.0)
(40.895561, 24.304014, 0.0)
(40.891617, 24.416826, 0.0)
(40.966213, 27.452234, 0.0)
(40.470619, 29.422777, 0.0)
(40.461937, 29.401335, 0.0)
(40.462864, 29.270702, 0.0)
(40.468044, 29.224060, 0.0)
(40.474884, 29.196285, 0.0)
(40.482288, 29.143936, 0.0)
(40.531471, 28.969160, 0.0)
(40.533371, 28.944864, 0.0)
(40.542690, 28.979574, 0.0)
(40.543640, 28.952692, 0.0)
(40.587814, 28.977135, 0.0)
(40.640011, 28.919224, 0.0)
(40.642044, 28.853407, 0.0)
(40.684864, 28.803223, 0.0)
(40.693035, 28.792747, 0.0)
(40.677330, 28.811468, 0.0)
(40.644917, 28.811977, 0.0)
(40.653061, 28.809628, 0.0)
(40.654934, 28.783533, 0.0)
(40.663391, 28.764357, 0.0)
(40.669086, 28.724880, 0.0)
(40.679340, 28.717949, 0.0)
(40.687561, 28.696087, 0.0)
(40.670403, 28.718655, 0.0)
(40.647400, 28.702213, 0.0)
(40.643139, 28.680283, 0.0)
(40.644463, 28.698668, 0.0)
(40.637608, 28.705097, 0.0)
(40.643139, 28.680283, 0.0)
(40.643139, 28.680283, 0.0)
(40.649662, 28.640186, 0.0)
(40.665161, 28.619005, 0.0)
(40.662239, 28.618624, 0.0)
(40.666145, 28.601664, 0.0)
(40.668446, 28.584404, 0.0)
(40.272980, 28.558611, 0.0)
(36.950371, 28.702410, 0.0)
(34.174843, 29.214025, 0.0)
(33.791641, 29.374657, 0.0)
(33.851963, 29.301590, 0.0)
(33.850613, 29.264957, 0.0)
(33.833282, 29.283623, 0.0)
(33.497566, 29.921934, 0.0)
(33.448902, 29.951262, 0.0)
(33.420586, 29.925959, 0.0)
(33.383194, 29.955471, 0.0)
(33.370724, 29.989994, 0.0)
(33.171482, 30.163313, 0.0)
(33.148624, 30.219288, 0.0)
(33.138714, 30.207785, 0.0)
(33.128853, 30.204784, 0.0)
(33.114502, 30.242859, 0.0)
(33.086174, 30.247824, 0.0)
(33.048683, 30.271069, 0.0)
(32.992699, 30.340740, 0.0)
(32.978428, 30.353790, 0.0)
(32.938881, 30.364710, 0.0)
(32.968315, 30.320807, 0.0)
(32.911194, 30.352530, 0.0)
(32.949066, 30.350943, 0.0)
(32.925938, 30.386164, 0.0)
(32.922054, 30.418770, 0.0)
(32.913849, 30.438633, 0.0)
(32.909672, 30.434860, 0.0)
(32.911537, 30.430733, 0.0)
(32.915031, 30.429846, 0.0)
(32.911598, 30.430307, 0.0)
(32.913082, 30.425926, 0.0)
(32.898369, 30.405117, 0.0)
(32.880875, 30.414345, 0.0)
(32.903271, 30.407898, 0.0)
(32.841995, 30.425480, 0.0)
(32.806149, 30.436646, 0.0)
(32.812958, 30.430189, 0.0)
(33.503845, 28.841625, 0.0)
(34.818680, 24.186934, 0.0)
(35.978859, 21.818489, 0.0)
(36.340382, 21.646587, 0.0)
(36.279713, 21.822514, 0.0)
(36.286266, 21.952099, 0.0)
(36.273762, 21.987944, 0.0)
(36.537899, 21.702366, 0.0)
(36.602840, 21.751604, 0.0)
(36.594646, 21.793955, 0.0)
(36.593025, 21.757029, 0.0)
(36.633858, 21.768353, 0.0)
(36.636005, 21.747158, 0.0)
(36.614872, 21.725046, 0.0)
(36.627140, 21.753429, 0.0)
(36.602734, 21.727772, 0.0)
(36.586140, 21.706709, 0.0)
(36.583004, 21.677305, 0.0)
(36.572063, 23.256733, 0.0)
(36.475075, 22.484318, 0.0)
(36.392757, 21.479504, 0.0)
(36.511738, 21.257328, 0.0)
(36.467331, 21.232101, 0.0)
(36.468838, 21.328604, 0.0)
(36.460384, 21.441145, 0.0)
(36.448509, 21.506380, 0.0)
(36.470726, 21.519617, 0.0)
(36.480122, 21.539618, 0.0)
(36.111958, 22.044678, 0.0)
(35.709042, 23.025230, 0.0)
(35.682907, 23.066668, 0.0)
(35.643860, 23.037806, 0.0)
(35.601662, 23.055630, 0.0)
(35.599689, 23.018599, 0.0)
(35.170288, 23.217367, 0.0)
(31.983456, 26.018316, 0.0)
(30.904148, 27.202370, 0.0)
(30.865700, 27.250366, 0.0)
(30.872309, 27.215179, 0.0)
(30.842981, 27.196390, 0.0)
(30.643816, 27.266689, 0.0)
(30.551704, 27.508612, 0.0)
(30.544264, 27.464300, 0.0)
(30.527491, 27.403219, 0.0)
(30.473787, 27.354874, 0.0)
(30.489899, 27.374975, 0.0)
(30.478392, 27.391941, 0.0)
(30.461327, 27.359341, 0.0)
(30.446016, 27.374344, 0.0)
(30.463360, 27.368036, 0.0)
(30.459808, 27.379969, 0.0)
(30.452484, 27.353378, 0.0)
(30.453100, 27.426216, 0.0)
(30.428604, 27.424435, 0.0)
(30.430183, 27.429552, 0.0)
(30.434816, 27.430984, 0.0)
(30.409136, 27.415716, 0.0)
(30.394665, 27.433603, 0.0)
(30.397299, 27.454334, 0.0)
(30.353416, 27.463898, 0.0)
(30.303776, 27.476082, 0.0)
(32.404415, 26.132364, 0.0)
(33.547661, 25.546814, 0.0)
(33.555748, 25.628241, 0.0)
(33.523884, 25.597597, 0.0)
(33.550209, 25.539305, 0.0)
(33.638103, 25.559582, 0.0)
(33.619057, 25.603304, 0.0)
(33.582882, 25.610731, 0.0)
(33.564186, 25.657492, 0.0)
(34.128578, 25.618164, 0.0)
(38.116085, 25.636049, 0.0)
(39.393177, 25.897369, 0.0)
(39.430283, 25.963951, 0.0)
(39.413143, 25.945749, 0.0)
(39.397644, 25.934322, 0.0)
(39.660736, 25.900723, 0.0)
(39.730515, 25.902336, 0.0)
(39.697166, 25.835127, 0.0)
(39.721413, 25.816841, 0.0)
(39.746861, 25.835058, 0.0)
(39.996521, 25.899530, 0.0)
(40.062702, 25.899450, 0.0)
(40.052910, 25.899843, 0.0)
(39.954811, 25.938812, 0.0)
(39.908493, 25.935793, 0.0)
(39.804333, 25.871872, 0.0)
(39.631126, 25.704615, 0.0)
(39.631035, 25.720478, 0.0)
(39.573399, 25.837551, 0.0)
(39.482494, 25.885500, 0.0)
(39.544819, 25.828062, 0.0)
(39.737957, 25.734266, 0.0)
(40.012260, 25.750116, 0.0)
(40.212788, 25.840496, 0.0)
(40.232437, 25.924793, 0.0)
(40.183037, 26.005733, 0.0)
(40.034531, 26.019253, 0.0)
(39.885845, 26.016918, 0.0)
(39.910099, 25.995621, 0.0)
(40.013966, 26.023758, 0.0)
(40.052429, 26.004618, 0.0)
(40.139713, 26.002241, 0.0)
(40.128002, 25.948683, 0.0)
(40.093700, 25.924612, 0.0)
(40.061413, 25.930376, 0.0)
(40.064739, 25.892334, 0.0)
(40.151310, 25.797174, 0.0)
(40.169399, 25.796082, 0.0)
(38.547749, 24.659517, 0.0)
(37.298080, 23.274788, 0.0)
(37.263432, 23.233013, 0.0)
(37.255356, 23.275431, 0.0)
(37.245544, 23.282248, 0.0)
(37.243607, 23.283953, 0.0)
(37.226185, 23.296017, 0.0)
(37.205223, 23.336933, 0.0)
(37.184807, 23.238085, 0.0)
(37.164520, 23.168169, 0.0)
(37.136284, 23.150726, 0.0)
(37.131496, 23.112303, 0.0)
(37.092255, 23.033026, 0.0)
(37.056107, 24.723362, 0.0)
(37.037380, 23.358553, 0.0)
(37.015137, 22.898830, 0.0)
(36.974648, 22.872145, 0.0)
(36.963657, 22.921417, 0.0)
(36.997833, 22.984123, 0.0)
(37.018402, 23.005383, 0.0)
(37.006268, 23.030987, 0.0)
(37.047943, 23.211237, 0.0)
(37.048248, 23.310600, 0.0)
(37.039204, 23.339823, 0.0)
(37.018375, 23.329632, 0.0)
(36.988548, 23.330101, 0.0)
(36.993263, 23.332838, 0.0)
(36.997734, 23.332748, 0.0)
(37.015736, 23.310684, 0.0)
(37.045471, 23.322094, 0.0)
(37.034618, 23.292196, 0.0)
(37.037823, 23.348351, 0.0)
(37.023857, 23.359682, 0.0)
(37.030659, 23.336586, 0.0)
(37.019863, 23.253576, 0.0)
(35.116394, 24.516136, 0.0)
(32.660965, 26.784092, 0.0)
(32.515942, 26.845013, 0.0)
(32.522110, 26.739424, 0.0)
(32.442490, 26.760387, 0.0)
(32.387386, 26.770704, 0.0)
(32.384785, 26.736771, 0.0)
(32.177376, 26.568012, 0.0)
(32.152264, 26.566328, 0.0)
(32.170952, 26.542992, 0.0)
(32.130535, 26.546547, 0.0)
(32.152107, 26.502203, 0.0)
(32.147587, 26.499594, 0.0)
(32.130669, 26.530041, 0.0)
(32.126663, 26.532249, 0.0)
(32.115749, 26.493645, 0.0)
(32.094910, 26.445040, 0.0)
(32.077267, 26.482960, 0.0)
(32.077045, 26.446754, 0.0)
(32.105740, 26.470648, 0.0)
(32.112007, 26.386631, 0.0)
(32.138798, 26.427973, 0.0)
(32.133389, 26.386438, 0.0)
(32.100029, 26.336975, 0.0)
(32.091511, 26.326986, 0.0)
(32.104065, 26.342546, 0.0)
(32.150066, 26.342850, 0.0)
(32.232380, 26.338827, 0.0)
(32.227718, 26.320930, 0.0)
(32.204330, 26.358139, 0.0)
(32.186825, 26.333525, 0.0)
(32.732780, 26.198402, 0.0)
(34.739819, 25.751238, 0.0)
(34.779602, 25.785851, 0.0)
(34.684147, 25.773958, 0.0)
(34.701412, 25.696306, 0.0)
(34.710419, 25.689137, 0.0)
(35.700481, 25.677120, 0.0)
(37.043079, 25.648588, 0.0)
(37.086300, 25.673452, 0.0)
(37.068207, 25.678913, 0.0)
(37.100071, 25.706367, 0.0)
(37.115490, 25.678741, 0.0)
(37.133419, 25.629023, 0.0)
(37.169876, 25.533415, 0.0)
(37.166462, 25.467373, 0.0)
(37.145710, 25.514175, 0.0)
(37.089653, 25.536875, 0.0)
(37.049992, 25.547413, 0.0)
(37.088417, 25.552517, 0.0)
(37.115894, 25.503077, 0.0)
(37.088478, 25.469059, 0.0)
(37.094376, 25.425491, 0.0)
(37.113152, 25.413496, 0.0)
(37.113152, 25.424232, 0.0)
(37.090439, 25.497402, 0.0)
(37.011314, 25.563036, 0.0)
(37.005573, 25.592842, 0.0)
(37.037388, 25.600000, 0.0)
(37.105259, 25.508175, 0.0)
(37.110909, 25.469255, 0.0)
(37.100693, 25.466288, 0.0)
(37.082314, 25.490683, 0.0)
(37.080410, 25.525892, 0.0)
(37.070827, 25.534754, 0.0)
(37.057606, 25.565458, 0.0)
(37.030125, 25.617737, 0.0)
(37.028168, 25.611738, 0.0)
(37.023129, 25.587889, 0.0)
(37.022125, 25.579842, 0.0)
(37.027973, 25.581610, 0.0)
(37.028336, 25.586521, 0.0)
(37.013718, 25.603506, 0.0)
(37.011612, 25.610168, 0.0)
(37.157291, 25.584572, 0.0)
(39.886868, 24.405590, 0.0)
(41.093651, 24.056538, 0.0)
(41.119995, 24.060228, 0.0)
(41.082752, 24.143663, 0.0)
(41.053993, 24.154985, 0.0)
(41.043495, 24.159033, 0.0)
(41.031986, 24.197254, 0.0)
(41.084702, 24.308661, 0.0)
(41.103600, 24.405401, 0.0)
(41.108299, 24.428736, 0.0)
(41.113247, 24.446772, 0.0)
(41.138378, 24.494448, 0.0)
(41.145260, 24.461405, 0.0)
(41.196289, 24.476278, 0.0)
(41.035557, 24.375624, 0.0)
(40.902317, 24.207369, 0.0)
(40.915527, 24.177952, 0.0)
(41.037567, 24.306475, 0.0)
(41.079033, 24.305452, 0.0)
(41.083118, 24.324669, 0.0)
(41.076710, 24.330057, 0.0)
(41.053288, 24.330225, 0.0)
(41.054943, 24.316446, 0.0)
(41.091740, 24.316149, 0.0)
(41.094215, 24.319059, 0.0)
(41.042732, 24.300882, 0.0)
(41.002956, 24.295231, 0.0)
(40.970322, 24.325275, 0.0)
(40.958652, 24.318777, 0.0)
(40.983597, 24.355925, 0.0)
(41.022606, 24.313171, 0.0)
(41.052025, 24.345640, 0.0)
(41.037380, 24.342564, 0.0)
(41.036266, 24.361441, 0.0)
(41.015965, 24.368183, 0.0)
(41.028484, 24.378677, 0.0)
(41.041824, 24.391754, 0.0)
(41.040314, 24.375639, 0.0)
(41.037045, 24.400747, 0.0)
(39.911884, 24.154089, 0.0)
(37.259991, 24.114635, 0.0)
(36.815304, 24.157091, 0.0)
(36.855911, 24.116823, 0.0)
(36.880260, 24.103727, 0.0)
(35.909927, 24.650194, 0.0)
(32.504261, 27.309998, 0.0)
(31.116486, 28.269253, 0.0)
(30.956762, 28.335043, 0.0)
(30.970678, 28.296944, 0.0)
(30.971428, 28.220598, 0.0)
(30.965582, 28.243700, 0.0)
(30.290268, 28.690403, 0.0)
(29.660439, 28.944902, 0.0)
(29.587500, 28.903015, 0.0)
(29.571342, 28.916069, 0.0)
(29.549469, 28.960768, 0.0)
(29.540100, 28.974030, 0.0)
(29.521816, 28.969700, 0.0)
(29.470108, 28.971315, 0.0)
(29.439596, 28.980465, 0.0)
(29.394798, 28.942312, 0.0)
(29.367661, 28.937468, 0.0)
(29.347013, 28.885675, 0.0)
(29.355366, 28.902676, 0.0)
(29.350800, 28.898003, 0.0)
(29.344934, 28.906559, 0.0)
(29.322206, 28.922588, 0.0)
(29.301352, 28.952036, 0.0)
(29.291601, 28.987783, 0.0)
(29.306499, 28.984032, 0.0)
(29.326006, 28.990332, 0.0)
(29.316534, 28.981182, 0.0)
(29.336517, 28.968510, 0.0)
(29.334435, 28.932882, 0.0)
(33.022419, 27.468002, 0.0)
(35.869923, 27.225578, 0.0)
(36.064259, 27.321136, 0.0)
(35.984219, 27.312332, 0.0)
(35.948254, 27.347172, 0.0)
(36.425777, 27.534534, 0.0)
(36.545147, 27.608761, 0.0)
(36.532913, 27.573538, 0.0)
(36.542454, 27.558012, 0.0)
(36.827923, 27.599119, 0.0)
(36.882053, 27.640440, 0.0)
(36.873375, 27.627029, 0.0)
(36.858158, 27.637434, 0.0)
(36.862923, 27.668673, 0.0)
(36.878922, 27.676128, 0.0)
(36.886906, 27.600090, 0.0)
(36.890175, 27.684803, 0.0)
(36.899605, 27.636536, 0.0)
(36.919003, 27.654528, 0.0)
(36.941841, 27.690315, 0.0)
(36.955910, 27.659647, 0.0)
(36.961895, 27.617825, 0.0)
(36.956085, 27.614386, 0.0)
(36.964443, 27.603252, 0.0)
(36.959709, 27.593805, 0.0)
(36.941544, 27.573662, 0.0)
(36.952648, 27.578451, 0.0)
(36.961647, 27.555710, 0.0)
(36.965031, 27.575970, 0.0)
(36.524654, 26.421417, 0.0)
(36.695557, 24.780010, 0.0)
(36.650829, 24.676235, 0.0)
(36.656559, 24.790710, 0.0)
(36.651981, 24.812769, 0.0)
(36.670956, 24.819098, 0.0)
(36.661560, 24.846539, 0.0)
(36.674187, 24.838650, 0.0)
(36.663250, 24.850639, 0.0)
(36.652302, 24.857435, 0.0)
(36.655479, 24.867899, 0.0)
(36.669468, 24.880215, 0.0)
(36.647884, 24.851929, 0.0)
(36.420227, 27.381618, 0.0)
(34.406101, 28.407202, 0.0)
(33.482037, 27.407892, 0.0)
(32.102608, 27.282516, 0.0)
(31.408695, 27.590515, 0.0)
(31.333961, 27.675718, 0.0)
(31.336197, 27.675539, 0.0)
(31.343803, 27.682499, 0.0)
(31.339390, 27.689796, 0.0)
(31.366875, 27.697712, 0.0)
(33.672401, 28.122421, 0.0)
(36.404316, 28.950066, 0.0)
(36.544636, 28.992075, 0.0)
(36.472454, 28.956390, 0.0)
(36.451950, 28.892229, 0.0)
(36.474205, 28.865332, 0.0)
(36.473915, 28.823181, 0.0)
(36.476299, 28.846769, 0.0)
(36.482979, 28.873659, 0.0)
(38.812675, 26.970552, 0.0)
(40.320152, 25.582306, 0.0)
(40.340515, 25.658182, 0.0)
(40.254456, 25.887535, 0.0)
(40.217350, 25.955122, 0.0)
(40.233669, 25.990797, 0.0)
(38.203388, 24.488398, 0.0)
(34.672531, 22.846489, 0.0)
(33.999241, 22.902292, 0.0)
(33.987007, 22.928364, 0.0)
(34.025524, 22.939659, 0.0)
(34.032051, 22.929073, 0.0)
(34.045296, 22.942104, 0.0)
(34.053341, 22.978851, 0.0)
(34.044235, 22.973183, 0.0)
(34.034950, 22.994991, 0.0)
(32.354679, 23.710985, 0.0)
(29.863836, 25.847111, 0.0)
(29.718014, 26.310812, 0.0)
(29.756529, 26.305416, 0.0)
(29.757099, 26.223791, 0.0)
(29.728407, 26.357506, 0.0)
(36.188988, 27.327990, 0.0)
(36.069870, 26.053688, 0.0)
(36.168346, 25.870047, 0.0)
(36.219547, 25.885742, 0.0)
(36.255779, 25.896795, 0.0)
