{
  "prompt": "black pupil.",
  "gsam2_centers": [
    {
      "valid": true,
      "cx": 123.03,
      "cy": 125.82,
      "area": 727,
      "det_score": 0.4014,
      "sam_score": 0.9708,
      "box": [
        107.0,
        110.2,
        140.7,
        141.9
      ],
      "repeats": [
        [
          123.03,
          125.75
        ],
        [
          123.13,
          125.85
        ],
        [
          123.11,
          125.77
        ],
        [
          123.15,
          125.76
        ],
        [
          124.28,
          125.73
        ]
      ],
      "idx": 2105,
      "mislabel": false,
      "mislabel_reason": "ok",
      "e_unet": 0.66
    },
    {
      "valid": true,
      "cx": 122.94,
      "cy": 125.6,
      "area": 712,
      "det_score": 0.4052,
      "sam_score": 0.9692,
      "box": [
        107.2,
        110.1,
        140.4,
        141.7
      ],
      "repeats": [
        [
          122.92,
          125.61
        ],
        [
          122.95,
          125.61
        ],
        [
          122.94,
          125.61
        ],
        [
          123.04,
          125.49
        ],
        [
          124.16999999999999,
          125.54
        ]
      ],
      "idx": 2106,
      "mislabel": false,
      "mislabel_reason": "ok",
      "e_unet": 0.75
    },
    {
      "valid": true,
      "cx": 123.1,
      "cy": 125.41,
      "area": 710,
      "det_score": 0.3899,
      "sam_score": 0.9697,
      "box": [
        107.3,
        109.9,
        140.3,
        141.5
      ],
      "repeats": [
        [
          123.11,
          125.39
        ],
        [
          123.11,
          125.43
        ],
        [
          123.11,
          125.43
        ],
        [
          123.17,
          125.37
        ],
        [
          124.22999999999999,
          125.38
        ]
      ],
      "idx": 2107,
      "mislabel": false,
      "mislabel_reason": "ok",
      "e_unet": 0.75
    },
    {
      "valid": true,
      "cx": 124.29,
      "cy": 124.18,
      "area": 703,
      "det_score": 0.4246,
      "sam_score": 0.9664,
      "box": [
        108.7,
        108.9,
        141.5,
        140.3
      ],
      "repeats": [
        [
          124.29,
          124.17
        ],
        [
          124.28,
          124.22
        ],
        [
          124.28,
          124.22
        ],
        [
          124.33,
          124.09
        ],
        [
          125.37,
          124.17
        ]
      ],
      "idx": 2108,
      "mislabel": false,
      "mislabel_reason": "ok",
      "e_unet": 0.84
    },
    {
      "valid": true,
      "cx": 124.36,
      "cy": 122.81,
      "area": 712,
      "det_score": 0.4653,
      "sam_score": 0.9604,
      "box": [
        108.6,
        107.7,
        141.6,
        139.1
      ],
      "repeats": [
        [
          124.32,
          122.78
        ],
        [
          124.32,
          123.0
        ],
        [
          124.33,
          122.97
        ],
        [
          124.35,
          122.79
        ],
        [
          125.38,
          122.96
        ]
      ],
      "idx": 2109,
      "mislabel": false,
      "mislabel_reason": "ok",
      "e_unet": 1.03
    },
    {
      "valid": true,
      "cx": 123.61,
      "cy": 123.6,
      "area": 707,
      "det_score": 0.4284,
      "sam_score": 0.9679,
      "box": [
        107.9,
        108.4,
        141.0,
        139.7
      ],
      "repeats": [
        [
          123.6,
          123.56
        ],
        [
          123.61,
          123.66
        ],
        [
          123.6,
          123.59
        ],
        [
          123.64,
          123.57
        ],
        [
          124.63999999999999,
          123.54
        ]
      ],
      "idx": 2110,
      "mislabel": false,
      "mislabel_reason": "ok",
      "e_unet": 0.86
    },
    {
      "valid": true,
      "cx": 123.29,
      "cy": 124.01,
      "area": 711,
      "det_score": 0.4172,
      "sam_score": 0.9683,
      "box": [
        107.4,
        108.7,
        140.9,
        140.0
      ],
      "repeats": [
        [
          123.36,
          123.96
        ],
        [
          123.31,
          124.14
        ],
        [
          123.3,
          124.07
        ],
        [
          123.44,
          123.91
        ],
        [
          124.44,
          124.03
        ]
      ],
      "idx": 2111,
      "mislabel": false,
      "mislabel_reason": "ok",
      "e_unet": 0.54
    },
    {
      "valid": true,
      "cx": 123.28,
      "cy": 124.09,
      "area": 717,
      "det_score": 0.4364,
      "sam_score": 0.9698,
      "box": [
        107.2,
        108.9,
        140.9,
        140.2
      ],
      "repeats": [
        [
          123.28,
          124.11
        ],
        [
          123.28,
          124.2
        ],
        [
          123.27,
          124.14
        ],
        [
          123.33,
          124.06
        ],
        [
          124.32,
          124.18
        ]
      ],
      "idx": 2112,
      "mislabel": false,
      "mislabel_reason": "ok",
      "e_unet": 0.55
    },
    {
      "valid": true,
      "cx": 123.3,
      "cy": 124.04,
      "area": 727,
      "det_score": 0.4141,
      "sam_score": 0.9681,
      "box": [
        107.2,
        108.6,
        141.0,
        140.2
      ],
      "repeats": [
        [
          123.29,
          124.0
        ],
        [
          123.35,
          124.1
        ],
        [
          123.33,
          124.06
        ],
        [
          123.37,
          124.01
        ],
        [
          124.41999999999999,
          124.1
        ]
      ],
      "idx": 2113,
      "mislabel": false,
      "mislabel_reason": "ok",
      "e_unet": 0.67
    },
    {
      "valid": true,
      "cx": 124.3,
      "cy": 123.24,
      "area": 751,
      "det_score": 0.5058,
      "sam_score": 0.9637,
      "box": [
        108.1,
        107.6,
        142.1,
        139.9
      ],
      "repeats": [
        [
          124.31,
          123.22
        ],
        [
          124.35,
          123.19
        ],
        [
          124.32,
          123.23
        ],
        [
          124.46,
          123.07
        ],
        [
          125.41999999999999,
          123.16
        ]
      ],
      "idx": 2114,
      "mislabel": false,
      "mislabel_reason": "ok",
      "e_unet": 1.11
    },
    {
      "valid": false,
      "reason": "no_detection",
      "idx": 2115,
      "mislabel": false,
      "mislabel_reason": "invalid",
      "e_unet": null
    }
  ]
}