(38.576027, 30.706720, 0.0)
(38.297195, 29.485756, 0.0)
(38.324429, 29.103640, 0.0)
(38.378288, 29.131393, 0.0)
(38.402645, 29.077026, 0.0)
(38.392269, 29.007950, 0.0)
(38.443432, 28.944326, 0.0)
(38.477180, 28.923927, 0.0)
(38.498402, 28.900496, 0.0)
(38.539547, 28.898874, 0.0)
(38.567219, 28.848755, 0.0)
(38.562004, 28.806890, 0.0)
(38.597363, 29.039122, 0.0)
(38.866589, 28.940895, 0.0)
(38.743931, 28.623333, 0.0)
(38.776016, 28.526810, 0.0)
(38.756805, 28.520386, 0.0)
(38.776310, 28.569542, 0.0)
(38.789631, 28.548388, 0.0)
(38.768837, 28.600920, 0.0)
(38.832638, 28.578203, 0.0)
(38.825260, 28.594830, 0.0)
(38.781010, 28.579067, 0.0)
(38.807270, 28.558775, 0.0)
(38.786694, 28.533535, 0.0)
(38.758278, 28.532400, 0.0)
(38.751019, 28.569557, 0.0)
(38.745358, 28.583097, 0.0)
(38.753857, 28.576847, 0.0)
(38.763794, 28.554064, 0.0)
(38.763741, 28.559834, 0.0)
(38.752964, 28.551292, 0.0)
(38.748672, 28.530222, 0.0)
(38.734241, 28.590391, 0.0)
(38.741150, 28.589817, 0.0)
(38.734608, 28.572813, 0.0)
(38.746284, 28.553423, 0.0)
(38.747192, 28.525751, 0.0)
(38.736492, 28.537632, 0.0)
(38.727749, 28.550470, 0.0)
(38.610374, 28.666042, 0.0)
(38.623497, 28.658430, 0.0)
(38.640751, 28.649906, 0.0)
(38.638390, 28.638964, 0.0)
(38.641411, 28.645966, 0.0)
(38.631214, 28.650187, 0.0)
(38.618618, 28.650822, 0.0)
(38.757977, 28.593231, 0.0)
(38.757935, 28.561752, 0.0)
(38.742237, 28.550344, 0.0)
(38.752758, 28.553436, 0.0)
(38.743649, 28.547947, 0.0)
(38.741879, 28.548389, 0.0)
(38.750996, 28.565615, 0.0)
(38.748539, 28.547102, 0.0)
(38.759460, 28.538635, 0.0)
(38.761047, 28.528484, 0.0)
(38.759449, 28.531164, 0.0)
(38.764084, 28.552658, 0.0)
(38.758411, 28.558828, 0.0)
(38.764484, 28.582699, 0.0)
(38.701042, 28.611076, 0.0)
(38.708294, 28.612831, 0.0)
(38.689064, 28.587267, 0.0)
(38.683491, 28.555805, 0.0)
(38.721775, 28.545708, 0.0)
(38.707916, 28.566744, 0.0)
(38.699726, 28.568419, 0.0)
(38.704479, 28.583004, 0.0)
(38.707111, 28.579342, 0.0)
(38.708420, 28.565342, 0.0)
(38.766453, 28.633739, 0.0)
(38.766930, 28.635378, 0.0)
(38.757423, 28.649778, 0.0)
(38.758045, 28.654259, 0.0)
(38.756516, 28.677031, 0.0)
(38.720776, 28.655987, 0.0)
(38.727051, 28.660952, 0.0)
(38.723087, 28.612043, 0.0)
(38.716427, 28.605442, 0.0)
(38.715420, 28.622133, 0.0)
(38.700916, 28.624290, 0.0)
(38.853863, 28.730099, 0.0)
(38.834408, 28.760790, 0.0)
(38.846764, 28.735735, 0.0)
(38.842606, 28.691339, 0.0)
(38.868664, 28.636620, 0.0)
(38.867329, 28.624735, 0.0)
(38.853535, 28.613811, 0.0)
(38.862003, 28.620321, 0.0)
(38.851383, 28.653786, 0.0)
(38.706856, 28.690121, 0.0)
(38.670586, 28.708151, 0.0)
(38.685448, 28.700068, 0.0)
(38.678543, 28.695168, 0.0)
(38.704731, 28.676826, 0.0)
(38.672131, 28.690790, 0.0)
(38.676788, 28.677309, 0.0)
(38.686787, 28.635702, 0.0)
(38.686413, 28.612064, 0.0)
(38.700764, 28.578638, 0.0)
(38.854641, 28.655930, 0.0)
(38.866276, 28.688530, 0.0)
(38.859150, 28.665928, 0.0)
(38.848133, 28.658596, 0.0)
(38.836998, 28.650694, 0.0)
(38.834846, 28.667618, 0.0)
(38.839020, 28.671831, 0.0)
(38.833435, 28.671783, 0.0)
(38.841446, 28.668756, 0.0)
(38.847633, 28.605875, 0.0)
(38.842587, 28.593746, 0.0)
(38.865746, 28.576513, 0.0)
(38.589893, 28.521290, 0.0)
(38.564079, 28.520189, 0.0)
(39.079735, 28.315165, 0.0)
(39.149391, 28.284124, 0.0)
(39.124657, 28.281601, 0.0)
(38.745140, 28.334665, 0.0)
(38.701889, 28.356401, 0.0)
(38.707867, 28.360796, 0.0)
(38.705425, 28.377708, 0.0)
(38.701508, 28.385372, 0.0)
(38.695625, 28.376600, 0.0)
(38.703495, 28.370911, 0.0)
(38.693954, 28.356024, 0.0)
(38.556755, 28.526834, 0.0)
(38.527897, 28.573395, 0.0)
(38.527672, 28.573744, 0.0)
(39.185860, 31.197269, 0.0)
(38.673023, 28.594330, 0.0)
(38.623791, 28.442225, 0.0)
(38.670723, 28.425959, 0.0)
(38.690407, 28.427725, 0.0)
(38.699036, 28.409798, 0.0)
(38.719280, 28.364511, 0.0)
(38.733490, 28.351500, 0.0)
(38.731327, 28.348749, 0.0)
(38.726143, 28.374277, 0.0)
(38.507271, 28.526516, 0.0)
(38.482582, 28.569407, 0.0)
(38.510529, 28.575710, 0.0)
(38.520088, 28.559355, 0.0)
(38.516476, 28.554037, 0.0)
(38.524605, 28.554419, 0.0)
(38.497837, 28.536818, 0.0)
(38.524609, 28.506260, 0.0)
(38.739643, 28.486044, 0.0)
(38.736469, 28.482744, 0.0)
(38.713917, 28.458626, 0.0)
(38.730656, 28.440737, 0.0)
(38.731785, 28.431889, 0.0)
(38.727768, 28.425774, 0.0)
(38.727730, 28.431892, 0.0)
(38.724297, 28.438526, 0.0)
(38.725986, 28.444853, 0.0)
(38.721382, 28.494860, 0.0)
(38.549931, 28.540251, 0.0)
(38.537113, 28.540115, 0.0)
(38.563564, 28.529409, 0.0)
(38.563446, 28.525164, 0.0)
(38.561157, 28.522585, 0.0)
(38.555374, 28.523520, 0.0)
(38.558270, 28.523348, 0.0)
(38.575111, 28.519560, 0.0)
(38.584187, 28.500483, 0.0)
(38.757065, 28.489782, 0.0)
(38.787254, 28.455261, 0.0)
(38.775948, 28.479317, 0.0)
(38.779545, 28.453577, 0.0)
(38.771271, 28.450581, 0.0)
(38.768959, 28.454485, 0.0)
(38.760715, 28.450449, 0.0)
(38.751141, 28.437889, 0.0)
(38.754894, 28.448410, 0.0)
(38.745800, 28.440722, 0.0)
(38.739342, 28.443230, 0.0)
(38.729916, 28.430567, 0.0)
(38.811893, 29.619976, 0.0)
(39.947422, 31.376295, 0.0)
(39.808102, 30.970402, 0.0)
(39.810509, 30.884165, 0.0)
(39.782581, 30.878448, 0.0)
(39.791462, 30.903830, 0.0)
(39.792553, 30.889235, 0.0)
(39.793503, 30.904055, 0.0)
(39.790771, 30.908833, 0.0)
(39.784817, 30.881462, 0.0)
(38.267918, 31.025980, 0.0)
(38.155811, 30.967024, 0.0)
(38.150940, 30.922470, 0.0)
(38.127800, 30.901722, 0.0)
(38.118286, 30.907896, 0.0)
(38.101353, 30.896999, 0.0)
(38.076439, 30.873009, 0.0)
(38.130997, 30.917091, 0.0)
(39.125759, 30.937670, 0.0)
(39.176075, 30.934252, 0.0)
(39.160358, 30.892565, 0.0)
(39.151485, 30.885431, 0.0)
(39.227196, 30.898273, 0.0)
(41.142517, 30.275862, 0.0)
(41.176628, 30.272110, 0.0)
(41.146267, 30.268227, 0.0)
(41.168602, 30.279732, 0.0)
(41.159447, 30.243444, 0.0)
(41.172825, 30.240755, 0.0)
(41.175751, 30.241007, 0.0)
(41.176395, 30.220734, 0.0)
(43.887627, 26.885990, 0.0)
(45.058590, 25.389606, 0.0)
(45.145798, 25.549179, 0.0)
(45.162811, 25.657084, 0.0)
(45.248276, 25.263391, 0.0)
(45.448257, 24.830639, 0.0)
(45.686401, 24.477615, 0.0)
(45.793652, 24.453186, 0.0)
(45.821949, 24.485477, 0.0)
(45.826042, 24.494646, 0.0)
(45.905434, 24.514753, 0.0)
(46.250965, 24.595833, 0.0)
(46.262863, 24.509750, 0.0)
(46.266266, 24.528835, 0.0)
(46.291386, 24.529131, 0.0)
(46.264050, 24.528114, 0.0)
(46.249100, 24.557129, 0.0)
(46.241512, 24.569042, 0.0)
(46.228642, 24.557961, 0.0)
(46.232735, 24.570963, 0.0)
(46.243275, 24.566221, 0.0)
(46.222523, 24.561159, 0.0)
(46.224133, 24.544502, 0.0)
(46.215870, 24.523956, 0.0)
(46.217571, 24.572039, 0.0)
(46.194530, 24.554628, 0.0)
(46.195831, 24.560995, 0.0)
(46.190125, 24.520519, 0.0)
(46.197342, 24.536419, 0.0)
(46.188004, 24.536011, 0.0)
(46.186146, 24.526127, 0.0)
(46.185402, 24.548197, 0.0)
(46.185543, 24.541052, 0.0)
(46.172264, 24.544403, 0.0)
(46.174686, 24.552864, 0.0)
(46.151196, 24.522474, 0.0)
(46.143990, 24.504286, 0.0)
(42.709400, 24.517151, 0.0)
(39.149498, 27.349243, 0.0)
(38.364231, 29.513134, 0.0)
(38.340954, 29.465187, 0.0)
(38.295708, 29.316050, 0.0)
(38.260170, 29.284143, 0.0)
(38.218452, 29.217909, 0.0)
(38.216633, 29.176542, 0.0)
(38.200748, 29.138199, 0.0)
(38.202572, 29.128147, 0.0)
(38.215813, 29.106256, 0.0)
(38.211185, 29.086061, 0.0)
(37.442322, 28.964720, 0.0)
(36.875179, 28.490480, 0.0)
(36.874039, 28.452885, 0.0)
(36.867001, 28.455273, 0.0)
(36.859192, 28.437489, 0.0)
(36.842720, 28.398773, 0.0)
(37.416016, 28.722084, 0.0)
(38.436306, 30.570513, 0.0)
(38.379742, 30.558241, 0.0)
(38.320557, 30.484615, 0.0)
(38.283798, 30.489683, 0.0)
(40.665417, 30.873360, 0.0)
(42.946079, 31.056173, 0.0)
(42.941166, 31.016449, 0.0)
(42.869701, 30.988407, 0.0)
(42.848370, 30.960899, 0.0)
(42.840260, 30.965202, 0.0)
(42.834946, 30.958242, 0.0)
(42.835663, 30.940536, 0.0)
(42.835716, 30.950598, 0.0)
(42.837723, 30.929758, 0.0)
(41.113564, 30.390892, 0.0)
(38.031017, 29.540699, 0.0)
(38.036884, 29.555271, 0.0)
(38.059654, 29.571066, 0.0)
(35.029408, 28.879192, 0.0)
(30.476725, 27.971375, 0.0)
(30.266129, 27.951292, 0.0)
(30.327564, 27.958563, 0.0)
(30.377989, 27.911352, 0.0)
(29.872009, 27.567440, 0.0)
(29.711948, 27.411724, 0.0)
(29.376831, 27.071022, 0.0)
(29.345102, 27.030308, 0.0)
(29.387043, 27.043491, 0.0)
(29.370640, 27.018150, 0.0)
(29.358259, 27.007748, 0.0)
(29.351490, 27.013487, 0.0)
(29.335281, 27.034143, 0.0)
(29.339956, 27.051985, 0.0)
(29.306271, 27.067059, 0.0)
(29.312920, 27.075974, 0.0)
(29.307285, 27.069550, 0.0)
(29.303890, 27.075733, 0.0)
(29.293909, 27.066273, 0.0)
(29.296658, 27.065371, 0.0)
(29.296267, 27.031425, 0.0)
(29.288778, 27.035357, 0.0)
(29.283846, 27.069057, 0.0)
(29.319370, 27.058512, 0.0)
(29.314449, 27.087507, 0.0)
(29.304634, 27.077824, 0.0)
(29.312212, 27.082283, 0.0)
(29.302532, 27.076700, 0.0)
(29.296383, 27.078922, 0.0)
(29.310944, 27.053553, 0.0)
(29.311623, 27.053635, 0.0)
(29.308859, 27.061499, 0.0)
(29.282047, 27.093594, 0.0)
(29.316950, 27.062317, 0.0)
(29.573223, 26.956057, 0.0)
(35.780022, 26.519896, 0.0)
(39.741638, 28.591496, 0.0)
(39.186550, 28.927856, 0.0)
(39.106575, 28.799658, 0.0)
(39.099937, 28.748377, 0.0)
(39.090687, 28.659243, 0.0)
(39.102657, 28.665108, 0.0)
(39.115067, 28.669376, 0.0)
(39.142578, 28.682457, 0.0)
(38.745289, 28.565550, 0.0)
(38.730061, 28.569220, 0.0)
(38.775776, 28.544142, 0.0)
(38.779388, 28.554790, 0.0)
(38.771145, 28.526581, 0.0)
(38.777077, 28.534246, 0.0)
(38.766235, 28.520555, 0.0)
(38.766823, 28.525824, 0.0)
(38.748100, 28.483458, 0.0)
(38.753269, 28.458553, 0.0)
(38.767273, 28.445847, 0.0)
(38.780819, 28.428938, 0.0)
(38.780113, 28.424950, 0.0)
(38.783298, 28.431416, 0.0)
(38.753769, 28.424482, 0.0)
(38.785393, 28.392981, 0.0)
(39.367023, 28.526102, 0.0)
(39.384426, 28.544865, 0.0)
(39.357540, 28.555050, 0.0)
(39.342579, 28.544561, 0.0)
(39.323360, 28.511909, 0.0)
(38.961666, 28.398895, 0.0)
(38.931324, 28.385038, 0.0)
(38.948414, 28.372293, 0.0)
(38.951416, 28.370146, 0.0)
(38.962124, 28.372469, 0.0)
(38.955349, 28.368639, 0.0)
(38.623180, 28.497608, 0.0)
(33.260517, 30.116896, 0.0)
(30.466530, 31.643049, 0.0)
(30.347954, 31.674208, 0.0)
(30.321898, 31.609148, 0.0)
(30.295341, 31.577274, 0.0)
(29.937601, 31.988152, 0.0)
(29.836006, 32.042084, 0.0)
(29.839796, 32.024933, 0.0)
(29.831947, 32.014820, 0.0)
(29.808695, 31.955673, 0.0)
(29.725000, 31.887115, 0.0)
(29.486181, 32.038815, 0.0)
(29.658602, 32.253395, 0.0)
(29.688963, 32.239506, 0.0)
(29.639248, 32.257790, 0.0)
(29.605087, 32.247547, 0.0)
(29.605503, 32.248730, 0.0)
(29.612514, 32.266796, 0.0)
(29.595375, 32.241264, 0.0)
(29.576059, 32.257645, 0.0)
(29.751211, 32.867535, 0.0)
(29.693916, 33.142700, 0.0)
(29.685764, 32.403023, 0.0)
(29.704651, 32.192379, 0.0)
(29.707613, 32.206299, 0.0)
(29.697493, 32.193005, 0.0)
(29.703890, 32.189899, 0.0)
(29.706358, 32.180134, 0.0)
(29.734421, 32.183914, 0.0)
(29.705219, 32.185753, 0.0)
(29.547688, 32.165577, 0.0)
(29.525957, 32.160938, 0.0)
(29.532251, 32.137730, 0.0)
(29.533718, 32.123371, 0.0)
(29.534410, 32.103832, 0.0)
(29.533066, 32.118370, 0.0)
(29.526556, 32.097980, 0.0)
(31.026194, 33.836834, 0.0)
(31.622452, 35.493515, 0.0)
(31.585514, 35.512745, 0.0)
(31.563446, 35.431889, 0.0)
(31.527533, 35.411476, 0.0)
(31.515125, 35.417793, 0.0)
(31.505758, 35.412247, 0.0)
(31.506090, 35.410511, 0.0)
(31.747868, 35.561012, 0.0)
(31.780485, 35.605190, 0.0)
(31.746691, 35.568398, 0.0)
(31.738527, 35.588089, 0.0)
(31.732649, 35.567097, 0.0)
(31.723036, 35.588203, 0.0)
(31.602116, 35.603813, 0.0)
(31.587566, 35.621391, 0.0)
(31.578104, 35.625023, 0.0)
(31.585272, 35.609642, 0.0)
(31.580114, 35.606514, 0.0)
(31.575558, 35.640842, 0.0)
(31.574209, 35.629673, 0.0)
(31.561018, 35.590973, 0.0)
(31.551428, 35.567505, 0.0)
(31.560366, 35.563641, 0.0)
(31.552780, 35.567406, 0.0)
(31.560080, 35.588474, 0.0)
(31.567358, 35.579185, 0.0)
(31.571051, 35.534000, 0.0)
(31.568268, 35.496880, 0.0)
(31.571674, 35.451275, 0.0)
(31.575237, 35.443878, 0.0)
(31.589199, 35.467346, 0.0)
(31.598188, 35.496700, 0.0)
(31.603113, 35.488766, 0.0)
(31.760208, 34.450691, 0.0)
(32.335716, 29.918486, 0.0)
(32.179733, 29.679712, 0.0)
(32.098633, 29.791843, 0.0)
(32.140877, 29.598667, 0.0)
(32.512642, 28.963327, 0.0)
(32.531319, 28.884119, 0.0)
(32.529850, 28.938875, 0.0)
(32.516048, 28.922188, 0.0)
(32.525883, 28.946842, 0.0)
(32.506893, 28.937254, 0.0)
(32.502399, 28.933298, 0.0)
(32.506042, 28.934305, 0.0)
(32.487240, 28.951166, 0.0)
(32.482449, 28.951479, 0.0)
(32.489433, 28.948622, 0.0)
(32.488899, 28.926645, 0.0)
(32.485294, 28.919245, 0.0)
(32.493481, 28.904272, 0.0)
(32.484844, 28.912981, 0.0)
(32.489277, 28.888479, 0.0)
(32.474339, 28.860247, 0.0)
(32.477448, 28.858843, 0.0)
(32.466721, 28.855324, 0.0)
(32.468616, 28.848074, 0.0)
(32.466152, 28.844955, 0.0)
(32.464718, 28.857944, 0.0)
(32.459587, 28.842791, 0.0)
(32.435131, 28.849787, 0.0)
(32.424603, 28.813965, 0.0)
(32.422703, 28.831989, 0.0)
(32.417072, 28.827259, 0.0)
(32.411556, 28.855379, 0.0)
(32.405514, 28.838474, 0.0)
(32.413933, 28.864336, 0.0)
(32.415176, 28.868740, 0.0)
(32.424469, 28.867025, 0.0)
(32.431946, 28.867348, 0.0)
(34.194061, 27.962206, 0.0)
(40.384007, 25.027870, 0.0)
(42.909164, 24.954264, 0.0)
(42.578423, 24.858221, 0.0)
(42.526890, 24.882032, 0.0)
(42.531315, 24.862009, 0.0)
(42.462452, 24.775795, 0.0)
(42.130638, 24.362085, 0.0)
(42.123821, 24.313526, 0.0)
(42.138142, 24.287350, 0.0)
(42.151089, 24.277279, 0.0)
(42.165310, 24.249836, 0.0)
(42.155094, 24.232773, 0.0)
(42.138199, 24.219761, 0.0)
(42.118816, 24.190851, 0.0)
(42.270763, 24.597670, 0.0)
(42.228416, 24.647829, 0.0)
(42.016911, 24.366543, 0.0)
(42.022442, 24.302444, 0.0)
(42.087959, 24.341278, 0.0)
(42.089077, 24.338696, 0.0)
(42.108421, 24.392649, 0.0)
(42.121223, 24.387493, 0.0)
(42.123905, 24.397573, 0.0)
(42.136684, 24.391010, 0.0)
(42.139000, 24.388458, 0.0)
(42.137402, 24.377048, 0.0)
(42.153999, 24.371218, 0.0)
(42.158569, 24.398365, 0.0)
(42.161953, 24.398739, 0.0)
(42.180180, 24.428152, 0.0)
(42.164593, 24.444031, 0.0)
(42.167896, 24.443371, 0.0)
(42.166996, 24.437052, 0.0)
(42.155266, 24.426888, 0.0)
(42.148018, 24.379343, 0.0)
(42.162289, 24.309050, 0.0)
(40.766422, 24.418604, 0.0)
(34.697277, 25.229464, 0.0)
(32.484085, 25.861750, 0.0)
(32.433441, 25.795095, 0.0)
(32.417496, 25.720938, 0.0)
(32.355145, 25.710993, 0.0)
(32.224487, 25.721943, 0.0)
(32.080387, 25.659229, 0.0)
(32.039013, 25.628691, 0.0)
(32.032280, 25.624548, 0.0)
(32.009995, 25.611271, 0.0)
(32.021202, 25.552902, 0.0)
(32.513367, 25.443544, 0.0)
(32.523968, 25.392725, 0.0)
(32.481239, 25.385601, 0.0)
(32.426735, 25.355001, 0.0)
(32.092617, 26.061495, 0.0)
(32.185966, 25.856438, 0.0)
(31.971138, 25.426798, 0.0)
(32.070080, 25.395063, 0.0)
(32.210987, 25.288897, 0.0)
(32.201851, 25.122820, 0.0)
(32.288795, 25.248352, 0.0)
(32.290016, 25.264193, 0.0)
(32.288109, 25.299395, 0.0)
(32.296089, 25.310539, 0.0)
(32.305244, 25.332266, 0.0)
(32.299675, 25.370138, 0.0)
(32.312576, 25.388788, 0.0)
(32.332813, 25.393150, 0.0)
(32.336094, 25.390781, 0.0)
(32.343124, 25.359337, 0.0)
(32.325901, 25.349020, 0.0)
(32.325253, 25.345350, 0.0)
(32.339779, 25.329853, 0.0)
(34.933784, 25.442026, 0.0)
(41.882313, 27.629608, 0.0)
(45.713261, 30.915768, 0.0)
(45.373734, 31.519785, 0.0)
(45.376991, 31.526138, 0.0)
(45.392273, 31.445490, 0.0)
(45.384430, 31.402670, 0.0)
(46.325539, 31.791113, 0.0)
(46.380871, 31.771429, 0.0)
(46.384266, 31.777138, 0.0)
(46.374897, 31.707708, 0.0)
(46.363377, 31.683804, 0.0)
(46.361019, 31.695660, 0.0)
(46.365768, 31.693262, 0.0)
(46.360325, 31.646490, 0.0)
(46.354294, 31.634352, 0.0)
(46.354065, 31.571093, 0.0)
(46.350628, 31.551933, 0.0)
(46.347950, 31.560146, 0.0)
(46.338768, 31.604639, 0.0)
(46.302696, 31.574306, 0.0)
(44.201721, 30.863579, 0.0)
(39.822224, 28.687630, 0.0)
(39.580517, 28.685900, 0.0)
(39.609589, 28.700441, 0.0)
(39.582935, 28.677799, 0.0)
(39.583672, 28.680500, 0.0)
(39.578148, 28.683401, 0.0)
(39.582798, 28.668692, 0.0)
(39.598740, 28.665628, 0.0)
(39.604465, 28.649443, 0.0)
(39.613186, 28.631620, 0.0)
(39.612865, 28.639448, 0.0)
(39.606861, 28.639174, 0.0)
(39.601742, 28.669455, 0.0)
(39.600327, 28.681454, 0.0)
(39.609871, 28.659204, 0.0)
(39.613552, 28.632236, 0.0)
(42.319633, 28.785406, 0.0)
(43.613781, 28.988867, 0.0)
(43.636158, 29.026333, 0.0)
(43.577309, 29.009201, 0.0)
(44.499672, 29.531441, 0.0)
(44.695503, 29.534292, 0.0)
(44.697296, 29.491375, 0.0)
(44.722900, 29.462246, 0.0)
(44.770061, 29.458303, 0.0)
(44.761337, 29.486078, 0.0)
(44.778236, 29.506809, 0.0)
(44.804150, 29.484411, 0.0)
(44.830818, 29.471085, 0.0)
(44.841908, 29.450302, 0.0)
(44.873058, 29.415771, 0.0)
(44.869888, 29.424046, 0.0)
(44.879620, 29.436789, 0.0)
(44.961800, 29.451632, 0.0)
(45.018898, 29.580893, 0.0)
(45.013645, 29.575371, 0.0)
(45.013153, 29.561159, 0.0)
(45.006199, 29.542767, 0.0)
(45.007011, 29.521963, 0.0)
(44.990482, 29.516506, 0.0)
(44.971218, 29.518181, 0.0)
(44.960068, 29.499489, 0.0)
(44.949287, 29.514046, 0.0)
(44.940510, 29.507662, 0.0)
(44.939991, 29.493235, 0.0)
(44.948898, 29.484715, 0.0)
(44.929516, 29.492247, 0.0)
(44.921944, 29.497759, 0.0)
(44.914200, 29.482452, 0.0)
(44.910042, 29.478846, 0.0)
(44.901733, 29.491892, 0.0)
(44.894695, 29.499332, 0.0)
(42.018364, 28.486893, 0.0)
(37.318985, 27.278933, 0.0)
(37.321415, 27.379322, 0.0)
(37.316586, 27.377348, 0.0)
(37.299873, 27.355242, 0.0)
(36.542011, 27.004166, 0.0)
(36.479557, 26.976318, 0.0)
(36.500668, 26.992418, 0.0)
(36.462360, 27.011459, 0.0)
(36.451797, 27.026079, 0.0)
(36.438572, 27.011477, 0.0)
(36.429909, 26.981306, 0.0)
(36.425442, 26.969868, 0.0)
(36.432961, 26.959396, 0.0)
(36.411297, 26.962196, 0.0)
(36.409836, 26.996555, 0.0)
(36.397900, 26.995834, 0.0)
(36.374077, 26.996536, 0.0)
(36.376457, 26.993525, 0.0)
(36.385929, 26.940248, 0.0)
(36.381405, 26.924454, 0.0)
(36.586521, 26.904524, 0.0)
(36.592995, 26.886278, 0.0)
(36.587555, 26.880774, 0.0)
(36.579891, 26.898821, 0.0)
(36.567814, 26.885618, 0.0)
(36.546116, 26.890930, 0.0)
(36.539211, 26.880791, 0.0)
(36.522846, 26.861567, 0.0)
(36.515415, 26.853107, 0.0)
(36.529034, 26.860783, 0.0)
(36.523518, 26.864670, 0.0)
(36.528343, 26.878592, 0.0)
(36.533863, 26.869814, 0.0)
(36.535542, 26.866449, 0.0)
(36.539234, 26.861328, 0.0)
(36.535793, 26.863756, 0.0)
(36.434101, 26.971998, 0.0)
(33.686935, 30.236971, 0.0)
(32.964462, 31.095484, 0.0)
(32.847515, 31.049009, 0.0)
(32.815388, 30.913225, 0.0)
(32.755661, 30.891651, 0.0)
(32.720753, 30.905878, 0.0)
(32.693569, 30.929974, 0.0)
(32.655319, 30.948673, 0.0)
(32.651348, 30.925135, 0.0)
(32.660133, 30.888878, 0.0)
(32.513283, 31.227446, 0.0)
(32.514080, 31.259701, 0.0)
(32.514629, 31.222662, 0.0)
(32.518715, 31.251537, 0.0)
(32.505955, 31.263981, 0.0)
(32.508366, 31.281109, 0.0)
(32.500919, 31.284081, 0.0)
(32.499996, 31.272781, 0.0)
(32.506207, 31.244778, 0.0)
(32.572487, 31.157513, 0.0)
(33.324623, 30.809721, 0.0)
(33.344700, 30.789312, 0.0)
(32.654198, 30.844236, 0.0)
(32.604149, 30.812574, 0.0)
(32.617020, 30.818661, 0.0)
(32.590382, 30.790739, 0.0)
(32.586063, 30.786997, 0.0)
(32.579487, 30.870865, 0.0)
(32.579819, 30.898705, 0.0)
(32.573742, 30.997458, 0.0)
(32.595375, 31.165001, 0.0)
(35.696781, 29.951614, 0.0)
(35.955631, 29.847321, 0.0)
(35.929871, 29.861238, 0.0)
(35.882038, 29.793827, 0.0)
(35.877110, 29.800526, 0.0)
(35.870827, 29.818712, 0.0)
(35.884804, 29.778210, 0.0)
(35.895485, 29.794455, 0.0)
(39.734413, 27.907837, 0.0)
(40.655846, 27.658537, 0.0)
(40.673500, 27.587032, 0.0)
(40.655483, 27.541088, 0.0)
(40.690269, 27.561073, 0.0)
(40.733364, 27.571476, 0.0)
(40.742245, 27.577265, 0.0)
(40.731430, 27.591627, 0.0)
(40.748680, 27.593288, 0.0)
(40.762451, 27.540451, 0.0)
(40.757385, 27.516624, 0.0)
(40.771866, 27.509523, 0.0)
(41.188313, 27.416796, 0.0)
(41.212742, 27.385571, 0.0)
(41.203632, 27.416601, 0.0)
(41.206715, 27.415722, 0.0)
(41.203766, 27.397469, 0.0)
(40.959335, 27.429602, 0.0)
(40.750336, 27.460680, 0.0)
(40.756481, 27.459080, 0.0)
(40.753727, 27.459032, 0.0)
(40.742611, 27.457647, 0.0)
(40.736622, 27.462847, 0.0)
(40.721336, 27.493103, 0.0)
(40.970131, 27.598873, 0.0)
(40.988731, 27.612318, 0.0)
(40.987392, 27.601328, 0.0)
(40.978626, 27.580832, 0.0)
(40.988628, 27.572548, 0.0)
(40.973225, 27.592484, 0.0)
(40.981529, 27.589951, 0.0)
(40.969933, 27.634748, 0.0)
(40.962139, 27.631029, 0.0)
(40.987129, 27.629128, 0.0)
(40.976830, 27.643036, 0.0)
(40.039822, 27.277304, 0.0)
(37.049904, 25.629856, 0.0)
(37.074364, 25.566931, 0.0)
(37.035614, 25.498936, 0.0)
(36.161247, 24.484652, 0.0)
(35.948250, 24.356531, 0.0)
(36.024662, 24.509991, 0.0)
(35.940956, 24.505983, 0.0)
(35.753815, 24.260654, 0.0)
(36.145756, 24.452131, 0.0)
(36.197182, 24.585882, 0.0)
(36.181358, 24.532639, 0.0)
(36.178539, 24.568420, 0.0)
(36.170811, 24.600796, 0.0)
(36.186031, 24.638454, 0.0)
(36.183258, 24.637993, 0.0)
(36.172184, 24.616308, 0.0)
(36.170650, 24.599312, 0.0)
(36.132774, 24.561306, 0.0)
(35.976704, 24.567869, 0.0)
(35.609142, 24.364941, 0.0)
(35.856003, 24.661180, 0.0)
(36.037075, 24.697824, 0.0)
(36.062809, 24.685646, 0.0)
(36.082012, 24.691359, 0.0)
(36.102089, 24.705509, 0.0)
(36.107754, 24.697823, 0.0)
(36.081776, 24.704027, 0.0)
(36.092793, 24.712172, 0.0)
(36.102997, 24.714584, 0.0)
(36.083618, 24.739849, 0.0)
(36.098961, 24.713846, 0.0)
(36.105946, 24.714121, 0.0)
(36.102047, 24.707378, 0.0)
(36.107285, 24.680462, 0.0)
(36.119144, 24.667110, 0.0)
(36.124020, 24.661524, 0.0)
(36.122433, 24.658302, 0.0)
(34.587452, 25.869431, 0.0)
(31.284384, 30.425797, 0.0)
(30.351524, 31.723150, 0.0)
(30.251102, 31.662249, 0.0)
(30.088730, 31.560495, 0.0)
(28.799732, 32.663712, 0.0)
(29.489031, 31.916479, 0.0)
(29.541334, 31.877491, 0.0)
(29.492270, 31.899101, 0.0)
(29.465063, 31.922182, 0.0)
(29.434525, 31.965363, 0.0)
(29.429712, 31.995182, 0.0)
(29.440666, 31.978281, 0.0)
(29.436661, 31.995073, 0.0)
(29.436876, 31.962318, 0.0)
(29.431463, 31.951351, 0.0)
(29.436396, 31.922741, 0.0)
(29.434032, 31.918922, 0.0)
(29.447735, 31.894825, 0.0)
(29.448570, 31.895079, 0.0)
(29.445335, 31.908577, 0.0)
(29.447466, 31.905342, 0.0)
(29.447531, 31.879667, 0.0)
(29.449036, 31.871260, 0.0)
(29.428705, 31.847132, 0.0)
(29.447042, 31.855242, 0.0)
(29.444197, 31.854977, 0.0)
(29.425215, 31.855392, 0.0)
(29.440512, 31.868078, 0.0)
(29.443699, 31.851879, 0.0)
(29.448364, 31.841606, 0.0)
(29.433825, 31.827629, 0.0)
(30.515585, 31.318789, 0.0)
(33.457691, 31.107857, 0.0)
(33.456169, 31.098255, 0.0)
(33.420761, 31.098253, 0.0)
(33.418110, 31.092773, 0.0)
(36.287464, 32.554764, 0.0)
(37.281384, 34.110966, 0.0)
(37.270351, 34.090191, 0.0)
(37.217094, 34.002563, 0.0)
(37.263058, 33.921734, 0.0)
(37.244289, 33.909184, 0.0)
(37.254631, 33.889610, 0.0)
(37.254280, 33.838558, 0.0)
(37.015263, 34.007000, 0.0)
(36.999653, 34.023354, 0.0)
(37.016037, 34.011211, 0.0)
(37.009529, 34.011276, 0.0)
(37.025742, 34.023376, 0.0)
(37.013412, 34.042892, 0.0)
(36.969376, 34.046257, 0.0)
(36.949097, 34.054054, 0.0)
(36.960552, 34.002609, 0.0)
(36.953800, 34.031570, 0.0)
(36.945053, 34.001060, 0.0)
(36.939816, 34.009846, 0.0)
(37.427055, 33.321865, 0.0)
(37.540596, 32.652565, 0.0)
(37.501602, 32.630230, 0.0)
(37.498966, 32.683743, 0.0)
(37.457901, 32.619682, 0.0)
(37.449982, 32.574535, 0.0)
(37.458096, 32.587723, 0.0)
(37.447472, 32.583145, 0.0)
(37.447617, 32.577225, 0.0)
(37.449200, 32.582489, 0.0)
(37.457634, 32.593605, 0.0)
(37.438385, 32.563908, 0.0)
(37.450115, 32.560280, 0.0)
(38.222477, 31.293516, 0.0)
(38.709236, 29.768465, 0.0)
(38.743649, 29.754902, 0.0)
(38.726856, 29.786896, 0.0)
(38.756035, 29.798233, 0.0)
(38.772179, 29.838066, 0.0)
(38.810551, 29.814056, 0.0)
(38.850258, 29.826021, 0.0)
(39.160892, 29.910431, 0.0)
(39.201668, 29.946873, 0.0)
(39.211540, 29.930700, 0.0)
(39.205086, 29.920872, 0.0)
(39.196835, 29.948654, 0.0)
(39.198067, 29.974295, 0.0)
(39.195705, 29.900499, 0.0)
(39.185272, 29.909431, 0.0)
(39.212128, 29.896196, 0.0)
(39.023312, 29.819477, 0.0)
(39.000866, 29.819994, 0.0)
(39.000420, 29.834793, 0.0)
(39.011349, 29.902718, 0.0)
(39.003643, 29.947271, 0.0)
(39.001972, 29.940329, 0.0)
(39.006058, 29.890171, 0.0)
(38.995552, 29.853672, 0.0)
(38.966682, 29.859238, 0.0)
(38.960449, 29.868219, 0.0)
(38.936192, 29.865532, 0.0)
(38.923035, 29.848133, 0.0)
(38.945011, 29.839466, 0.0)
(38.927879, 29.849562, 0.0)
(38.929840, 29.793936, 0.0)
(38.921776, 29.779182, 0.0)
(38.918198, 29.821957, 0.0)
(38.910229, 29.849491, 0.0)
(38.907314, 29.862818, 0.0)
(38.912239, 29.879261, 0.0)
(38.902676, 29.861668, 0.0)
(38.873852, 29.797762, 0.0)
(38.861099, 29.793831, 0.0)
(35.840202, 29.711107, 0.0)
(31.074987, 30.003744, 0.0)
(30.746742, 29.985281, 0.0)
(30.704363, 29.983904, 0.0)
(30.689405, 29.972904, 0.0)
(30.666487, 30.006268, 0.0)
(30.639692, 29.956877, 0.0)
(30.638577, 29.931829, 0.0)
(30.640015, 29.976582, 0.0)
(30.623896, 30.089050, 0.0)
(30.754765, 30.223909, 0.0)
(30.736933, 30.230970, 0.0)
(30.732536, 30.222361, 0.0)
(30.724987, 30.215570, 0.0)
(30.699848, 30.202978, 0.0)
(30.711040, 30.206524, 0.0)
(30.687153, 30.239822, 0.0)
(30.675165, 30.249105, 0.0)
(30.667347, 30.266848, 0.0)
(30.656069, 30.245701, 0.0)
(30.654879, 30.274908, 0.0)
(30.647202, 30.255028, 0.0)
(30.638954, 30.228697, 0.0)
(30.594444, 30.221865, 0.0)
(30.579020, 30.232822, 0.0)
(30.593243, 30.239571, 0.0)
(30.601707, 30.266457, 0.0)
(30.618507, 30.251724, 0.0)
(30.638433, 30.263729, 0.0)
(30.634714, 30.242083, 0.0)
(30.633776, 30.222929, 0.0)
(30.638933, 30.216560, 0.0)
(30.663553, 30.220682, 0.0)
(30.673712, 30.232981, 0.0)
(30.664234, 30.256580, 0.0)
(30.680214, 30.230490, 0.0)
(30.678297, 30.232574, 0.0)
(30.679495, 30.222267, 0.0)
(34.709042, 27.552994, 0.0)
(40.617031, 25.171297, 0.0)
(41.949898, 24.846077, 0.0)
(42.100704, 24.782331, 0.0)
(42.100643, 24.787125, 0.0)
(42.135006, 24.751423, 0.0)
(42.094791, 24.382467, 0.0)
(42.060047, 24.177605, 0.0)
(42.039066, 24.193369, 0.0)
(42.044174, 24.166073, 0.0)
(42.049419, 24.150938, 0.0)
(42.027737, 24.123077, 0.0)
(42.032841, 24.128397, 0.0)
(42.042667, 24.116516, 0.0)
(42.032261, 24.095531, 0.0)
(42.031776, 24.079376, 0.0)
(42.027191, 24.080502, 0.0)
(42.020363, 24.079390, 0.0)
(42.014244, 24.089649, 0.0)
(42.004513, 24.069748, 0.0)
(42.023235, 24.063629, 0.0)
(41.990868, 24.065798, 0.0)
(41.972935, 24.068150, 0.0)
(41.955101, 24.074419, 0.0)
(41.939899, 24.060471, 0.0)
(41.944180, 24.080847, 0.0)
(41.907345, 24.104998, 0.0)
(41.658329, 24.419392, 0.0)
(41.625595, 24.451452, 0.0)
(41.603828, 24.400919, 0.0)
(41.597015, 24.408190, 0.0)
(41.589790, 24.404902, 0.0)
(41.587730, 24.362913, 0.0)
(41.595043, 24.362183, 0.0)
(41.592155, 24.358133, 0.0)
(41.595779, 24.359657, 0.0)
(41.589851, 24.414675, 0.0)
(37.473923, 26.545906, 0.0)
(34.557617, 29.742996, 0.0)
(34.555565, 30.556261, 0.0)
(34.510876, 30.516781, 0.0)
(34.404911, 30.468653, 0.0)
(34.308857, 30.511301, 0.0)
(34.254433, 30.533089, 0.0)
(34.245163, 30.564987, 0.0)
(34.237133, 30.584282, 0.0)
(34.524002, 30.107519, 0.0)
(34.504616, 30.067333, 0.0)
(34.461365, 30.100000, 0.0)
(34.454845, 30.086910, 0.0)
(34.453449, 30.110321, 0.0)
(34.467926, 30.109505, 0.0)
(34.460674, 30.149263, 0.0)
(34.458294, 30.137356, 0.0)
(34.476475, 30.063152, 0.0)
(34.472157, 30.065620, 0.0)
(34.474628, 30.064087, 0.0)
(34.468475, 30.069752, 0.0)
(36.012714, 29.647526, 0.0)
(36.462776, 29.482985, 0.0)
(36.429104, 29.440172, 0.0)
(36.405556, 29.413658, 0.0)
(36.404503, 29.374939, 0.0)
(36.402412, 29.373190, 0.0)
(36.422733, 29.371271, 0.0)
(36.435402, 29.428709, 0.0)
(36.447681, 29.441774, 0.0)
(36.458469, 29.405024, 0.0)
(36.451443, 29.396502, 0.0)
(36.473183, 29.358130, 0.0)
(36.485043, 29.348455, 0.0)
(36.477444, 29.345964, 0.0)
(36.487465, 29.337769, 0.0)
(36.492626, 29.349905, 0.0)
(37.959965, 28.520212, 0.0)
(42.486946, 26.085941, 0.0)
(42.572105, 25.933111, 0.0)
(42.360981, 25.784416, 0.0)
(42.053261, 25.552704, 0.0)
(42.078053, 25.540781, 0.0)
(42.072403, 25.499603, 0.0)
(42.108585, 25.507551, 0.0)
(42.140072, 25.501825, 0.0)
(42.135418, 25.495703, 0.0)
(42.157707, 25.484180, 0.0)
(42.513935, 25.511621, 0.0)
(42.547756, 25.524395, 0.0)
(42.560604, 25.539261, 0.0)
(42.545319, 25.508057, 0.0)
(42.483959, 25.436676, 0.0)
(42.015755, 25.106834, 0.0)
(42.399746, 25.727535, 0.0)
(42.248768, 25.563238, 0.0)
(42.255150, 25.517014, 0.0)
(42.313477, 26.284897, 0.0)
(42.370834, 25.645494, 0.0)
(42.174591, 25.454403, 0.0)
(42.255772, 25.557766, 0.0)
(42.323845, 25.583382, 0.0)
(42.359158, 25.570812, 0.0)
(42.376801, 25.593807, 0.0)
(42.390808, 25.621704, 0.0)
(42.396252, 25.676479, 0.0)
(42.399826, 25.675327, 0.0)
(42.393597, 25.667204, 0.0)
(42.413914, 25.655684, 0.0)
(42.415371, 25.640182, 0.0)
(42.434582, 25.635317, 0.0)
(42.439041, 25.655418, 0.0)
(44.889793, 29.789635, 0.0)
(45.234566, 32.354671, 0.0)
(45.153076, 32.352337, 0.0)
(45.070259, 32.160789, 0.0)
(44.969822, 32.095364, 0.0)
(45.041454, 32.230042, 0.0)
(45.107273, 32.258259, 0.0)
(45.132538, 32.277096, 0.0)
(45.146709, 32.252537, 0.0)
(45.134418, 32.236652, 0.0)
(45.130863, 32.197090, 0.0)
(45.157093, 32.220013, 0.0)
(45.142319, 32.234768, 0.0)
(45.128925, 32.249634, 0.0)
(45.117268, 32.257511, 0.0)
(45.113945, 32.298790, 0.0)
(45.092442, 32.242302, 0.0)
(45.093338, 32.186886, 0.0)
(45.092762, 32.183430, 0.0)
(45.075863, 32.167473, 0.0)
(45.076885, 32.185043, 0.0)
(45.085518, 32.214111, 0.0)
(45.080883, 32.213463, 0.0)
(45.140377, 32.357296, 0.0)
(45.154465, 32.350342, 0.0)
(45.160149, 32.300694, 0.0)
(45.165707, 32.287338, 0.0)
(45.151970, 32.287861, 0.0)
(45.156723, 32.285461, 0.0)
(45.164379, 32.308174, 0.0)
(45.153820, 32.286140, 0.0)
(45.148361, 32.301731, 0.0)
(45.148438, 32.268188, 0.0)
(45.132595, 32.248505, 0.0)
(45.125717, 32.215412, 0.0)
(44.266796, 28.025181, 0.0)
(44.045780, 25.493370, 0.0)
(44.115707, 25.660110, 0.0)
(44.147591, 25.699492, 0.0)
(43.993862, 25.210049, 0.0)
(43.955318, 25.004211, 0.0)
(44.003994, 25.029305, 0.0)
(43.998814, 25.018290, 0.0)
(44.015079, 25.018209, 0.0)
(44.019920, 25.027061, 0.0)
(44.013348, 24.989414, 0.0)
(44.035404, 24.985086, 0.0)
(44.036198, 24.992842, 0.0)
(44.033119, 24.994595, 0.0)
(44.031570, 24.984615, 0.0)
(44.021965, 25.017735, 0.0)
(43.995491, 25.019258, 0.0)
(43.996601, 25.033182, 0.0)
(43.991215, 25.036726, 0.0)
(43.998310, 25.022497, 0.0)
(43.967037, 25.037739, 0.0)
(43.962265, 25.040930, 0.0)
(43.943630, 25.032463, 0.0)
(43.836903, 25.244875, 0.0)
(43.797649, 25.287724, 0.0)
(43.792633, 25.271702, 0.0)
(43.796585, 25.268936, 0.0)
(43.790970, 25.226603, 0.0)
(43.781189, 25.200279, 0.0)
(43.340527, 25.746235, 0.0)
(42.484417, 27.551855, 0.0)
(42.446289, 27.565088, 0.0)
(42.446358, 27.497467, 0.0)
(42.420712, 27.481878, 0.0)
(42.410915, 27.427454, 0.0)
(42.396595, 27.386703, 0.0)
(42.385494, 27.356194, 0.0)
(41.183987, 28.617208, 0.0)
(39.756344, 31.364140, 0.0)
(39.665142, 31.318512, 0.0)
(39.496296, 31.141262, 0.0)
(38.594456, 32.586521, 0.0)
(38.851639, 31.871452, 0.0)
(38.791599, 31.701286, 0.0)
(38.755569, 31.692028, 0.0)
(38.769131, 31.696417, 0.0)
(38.744785, 31.693262, 0.0)
(38.742153, 31.729120, 0.0)
(38.754692, 31.749193, 0.0)
(38.748081, 31.708853, 0.0)
(38.749348, 31.657404, 0.0)
(38.761509, 31.671370, 0.0)
(38.746876, 31.695557, 0.0)
(38.771835, 31.723515, 0.0)
(38.761600, 31.742992, 0.0)
(38.767052, 31.753027, 0.0)
(38.748234, 31.731266, 0.0)
(38.771378, 31.720917, 0.0)
(38.938789, 31.635147, 0.0)
(38.929043, 31.630566, 0.0)
(38.926701, 31.636368, 0.0)
(38.927361, 31.665272, 0.0)
(38.931095, 31.658792, 0.0)
(38.928375, 31.655672, 0.0)
(38.932457, 31.631907, 0.0)
(38.953629, 31.609943, 0.0)
(38.958984, 31.590023, 0.0)
(38.967716, 31.598536, 0.0)
(38.962040, 31.606951, 0.0)
(38.969913, 31.620016, 0.0)
(38.978886, 31.658607, 0.0)
(38.992687, 31.620279, 0.0)
(39.018856, 31.625320, 0.0)
(39.407780, 33.779758, 0.0)
(39.344597, 33.892563, 0.0)
(39.302197, 33.889576, 0.0)
(39.267647, 33.872726, 0.0)
(39.241932, 33.877972, 0.0)
(39.225372, 33.878551, 0.0)
(39.236908, 33.909420, 0.0)
(39.230419, 33.885811, 0.0)
(39.234894, 33.892960, 0.0)
(39.244770, 33.921043, 0.0)
(39.246830, 33.931721, 0.0)
(39.237030, 33.939537, 0.0)
(39.238338, 33.942253, 0.0)
(39.247658, 33.939320, 0.0)
(39.236263, 33.931290, 0.0)
(39.243748, 33.951397, 0.0)
(39.229507, 33.951023, 0.0)
(39.233150, 33.956402, 0.0)
(39.221992, 33.941837, 0.0)
(39.241585, 33.940029, 0.0)
(39.246868, 33.922531, 0.0)
(39.246399, 33.943222, 0.0)
(39.254471, 33.954479, 0.0)
(39.242275, 33.896214, 0.0)
(39.227135, 33.905441, 0.0)
(39.233372, 33.919342, 0.0)
(39.229023, 33.932575, 0.0)
(39.221176, 33.947586, 0.0)
(39.216766, 33.945587, 0.0)
(39.206791, 33.873135, 0.0)
(39.214973, 33.838829, 0.0)
(39.194302, 33.835697, 0.0)
(39.207088, 33.825520, 0.0)
(39.218060, 33.851536, 0.0)
(39.220860, 33.856194, 0.0)
(39.208107, 33.830898, 0.0)
(39.209244, 33.819000, 0.0)
(39.211067, 33.820568, 0.0)
(38.913383, 33.880180, 0.0)
(33.787647, 33.617813, 0.0)
(31.270601, 34.335167, 0.0)
(31.124727, 34.427162, 0.0)
(31.118082, 34.453236, 0.0)
(31.051874, 34.464497, 0.0)
(31.004185, 34.472797, 0.0)
(30.978907, 34.452724, 0.0)
(30.844154, 34.492157, 0.0)
(30.825266, 34.470459, 0.0)
(31.253727, 34.457287, 0.0)
(31.282764, 34.484035, 0.0)
(31.286953, 34.427181, 0.0)
(31.327236, 34.422733, 0.0)
(31.319960, 34.443321, 0.0)
(31.335560, 34.393269, 0.0)
(31.343903, 34.374840, 0.0)
(31.331940, 34.335274, 0.0)
(31.330437, 34.282669, 0.0)
(31.330479, 34.274261, 0.0)
(31.299486, 34.299873, 0.0)
(31.251324, 34.350864, 0.0)
(31.260817, 34.360607, 0.0)
(31.255781, 34.336731, 0.0)
(31.220808, 34.302341, 0.0)
(31.232370, 34.316978, 0.0)
(31.229757, 34.277863, 0.0)
(31.235092, 34.269577, 0.0)
(31.248575, 34.292603, 0.0)
(31.243286, 34.289761, 0.0)
(31.246454, 34.288937, 0.0)
(31.258244, 34.309818, 0.0)
(31.267439, 34.305801, 0.0)
(31.268755, 34.270817, 0.0)
(31.253393, 34.297989, 0.0)
(31.256680, 34.292515, 0.0)
(31.268326, 34.268574, 0.0)
(31.735104, 33.716595, 0.0)
(34.448277, 29.378176, 0.0)
(34.437702, 29.179060, 0.0)
(34.413364, 29.185061, 0.0)
(34.397743, 29.153860, 0.0)
(34.392071, 29.149450, 0.0)
(34.384014, 29.168669, 0.0)
(34.393692, 29.166691, 0.0)
(34.377617, 29.147831, 0.0)
(34.386253, 29.134836, 0.0)
(34.362293, 29.140207, 0.0)
(34.369492, 29.135872, 0.0)
(34.330673, 29.147696, 0.0)
(34.316914, 29.127676, 0.0)
(34.293034, 29.077629, 0.0)
(34.302273, 29.077333, 0.0)
(34.293850, 29.084045, 0.0)
(34.310478, 29.073750, 0.0)
(34.291691, 29.096159, 0.0)
(34.296192, 29.095987, 0.0)
(34.279816, 29.065422, 0.0)
(34.246422, 28.980228, 0.0)
(34.240574, 28.980843, 0.0)
(34.242027, 28.975054, 0.0)
(34.209126, 29.022890, 0.0)
(34.216518, 29.056215, 0.0)
(34.230820, 29.091932, 0.0)
(34.233040, 29.044746, 0.0)
(34.224014, 29.036865, 0.0)
(34.221725, 28.998163, 0.0)
(34.228054, 28.973379, 0.0)
(34.213669, 28.980406, 0.0)
(34.228191, 28.974785, 0.0)
(34.225784, 28.981329, 0.0)
(34.233974, 28.974463, 0.0)
(34.233292, 28.968111, 0.0)
(34.241787, 28.936777, 0.0)
(34.247940, 28.909731, 0.0)
(36.834805, 29.743555, 0.0)
(41.871632, 33.066383, 0.0)
(40.967926, 34.383057, 0.0)
(40.981476, 34.353294, 0.0)
(41.010471, 34.283611, 0.0)
(40.976151, 34.215385, 0.0)
(40.973175, 34.183872, 0.0)
(41.071709, 34.300209, 0.0)
(41.386917, 35.034740, 0.0)
(41.381409, 35.066574, 0.0)
(41.389133, 35.055889, 0.0)
(41.402302, 35.037853, 0.0)
(41.402443, 35.042488, 0.0)
(41.403461, 35.033863, 0.0)
(41.393551, 34.999378, 0.0)
(41.402699, 35.012806, 0.0)
(41.423000, 34.987644, 0.0)
(41.411549, 34.985085, 0.0)
(41.407150, 34.983871, 0.0)
(41.406391, 34.973221, 0.0)
(41.391747, 34.932480, 0.0)
(41.369442, 34.934681, 0.0)
(41.368099, 34.942883, 0.0)
(41.344082, 34.934895, 0.0)
(41.342476, 34.933685, 0.0)
(41.326061, 34.911873, 0.0)
(41.319012, 34.877861, 0.0)
(41.321312, 34.836861, 0.0)
(41.314400, 34.770763, 0.0)
(41.313820, 34.738621, 0.0)
(41.306599, 34.742916, 0.0)
(41.280708, 34.767853, 0.0)
(41.282055, 34.784389, 0.0)
(41.278988, 34.797127, 0.0)
(41.264309, 34.787159, 0.0)
(41.242760, 34.755005, 0.0)
(41.246525, 34.721828, 0.0)
(41.251213, 34.743275, 0.0)
(41.244686, 34.702747, 0.0)
(39.671726, 34.846668, 0.0)
(34.881920, 34.397621, 0.0)
(35.333332, 34.225239, 0.0)
(35.335766, 34.286282, 0.0)
(35.287975, 34.280624, 0.0)
(34.717781, 34.631512, 0.0)
(34.636639, 34.709919, 0.0)
(34.613441, 34.718678, 0.0)
(34.597290, 34.721413, 0.0)
(34.582134, 34.697144, 0.0)
(34.542336, 34.692280, 0.0)
(34.525139, 34.704742, 0.0)
(34.513542, 34.685295, 0.0)
(34.516464, 34.683838, 0.0)
(34.514431, 34.659687, 0.0)
(34.524406, 34.651260, 0.0)
(34.499859, 34.660847, 0.0)
(34.490128, 34.688694, 0.0)
(34.486088, 34.717472, 0.0)
(34.472870, 34.687145, 0.0)
(34.455364, 34.664722, 0.0)
(34.447956, 34.656952, 0.0)
(34.836830, 34.527866, 0.0)
(34.831112, 34.421314, 0.0)
(34.829750, 34.371067, 0.0)
(34.843857, 34.443565, 0.0)
(34.812603, 34.393410, 0.0)
(34.807770, 34.418720, 0.0)
(34.815094, 34.416660, 0.0)
(34.785557, 34.365623, 0.0)
(34.780712, 34.341125, 0.0)
(34.795658, 34.341686, 0.0)
(34.778091, 34.308254, 0.0)
(34.782009, 34.341171, 0.0)
(34.764549, 34.353951, 0.0)
(34.786671, 34.386497, 0.0)
(36.688255, 32.707054, 0.0)
(42.539242, 28.412100, 0.0)
(45.469166, 27.523525, 0.0)
(45.646191, 27.578001, 0.0)
(45.691746, 27.599676, 0.0)
(45.707146, 27.582064, 0.0)
(46.132229, 27.174353, 0.0)
(46.499161, 26.969461, 0.0)
(46.539833, 26.950171, 0.0)
(46.537220, 26.940929, 0.0)
(46.598724, 26.927965, 0.0)
(46.569229, 26.932240, 0.0)
(46.545837, 26.953846, 0.0)
(46.563210, 26.934242, 0.0)
(46.589191, 26.625784, 0.0)
(46.578938, 26.571522, 0.0)
(46.580463, 26.572790, 0.0)
(46.568207, 26.541615, 0.0)
(46.576981, 26.544985, 0.0)
(46.574001, 26.532654, 0.0)
(46.544655, 26.497509, 0.0)
(43.807030, 25.967394, 0.0)
(40.492908, 26.199654, 0.0)
(40.537128, 26.178461, 0.0)
(40.597027, 26.050161, 0.0)
(40.624619, 26.016521, 0.0)
(40.609173, 26.004847, 0.0)
(40.604961, 26.033005, 0.0)
(40.633987, 26.017958, 0.0)
(40.617756, 25.994627, 0.0)
(40.624474, 25.999662, 0.0)
(40.632595, 25.980032, 0.0)
(40.617077, 25.972988, 0.0)
(40.624783, 25.984802, 0.0)
(40.624783, 25.984802, 0.0)
(40.601154, 26.022614, 0.0)
(40.615154, 26.021307, 0.0)
(40.624439, 25.975485, 0.0)
(40.610783, 25.980091, 0.0)
(40.451023, 25.675060, 0.0)
(40.208038, 24.838337, 0.0)
(40.176613, 24.780708, 0.0)
(40.209583, 24.828440, 0.0)
(40.198101, 24.851870, 0.0)
(40.199482, 24.860153, 0.0)
(40.182476, 24.866625, 0.0)
(40.170021, 24.852411, 0.0)
(40.076706, 24.940586, 0.0)
(40.699306, 25.272238, 0.0)
(40.146091, 24.683382, 0.0)
(40.150932, 24.670940, 0.0)
(40.197357, 24.750698, 0.0)
(40.205231, 24.727221, 0.0)
(40.225021, 24.713734, 0.0)
(40.243073, 24.689478, 0.0)
(40.242409, 24.737791, 0.0)
(40.239365, 24.756006, 0.0)
(40.224403, 24.790346, 0.0)
(40.231506, 24.810637, 0.0)
(40.232471, 24.792862, 0.0)
(40.215992, 24.772821, 0.0)
(40.201603, 24.748953, 0.0)
(39.747860, 25.101477, 0.0)
(39.674919, 25.158985, 0.0)
(39.688957, 25.146299, 0.0)
(39.673706, 25.135563, 0.0)
(39.668400, 25.143812, 0.0)
(39.658691, 25.140989, 0.0)
(39.654060, 25.107693, 0.0)
(39.651581, 25.110157, 0.0)
(39.653156, 25.099281, 0.0)
(39.667843, 25.111650, 0.0)
(39.653275, 25.145063, 0.0)
(39.880447, 25.247992, 0.0)
(45.151608, 29.751667, 0.0)
(46.352734, 32.872372, 0.0)
(45.782772, 33.589596, 0.0)
(45.710037, 33.524235, 0.0)
(45.672916, 33.414684, 0.0)
(45.614403, 33.406963, 0.0)
(45.599945, 33.423897, 0.0)
(46.254753, 33.264004, 0.0)
(46.281197, 33.233841, 0.0)
(46.273926, 33.196220, 0.0)
(46.284378, 33.208149, 0.0)
(46.263828, 33.136768, 0.0)
(46.488003, 33.133179, 0.0)
(46.494007, 33.138538, 0.0)
(46.479267, 33.137806, 0.0)
(46.459263, 33.142593, 0.0)
(46.459190, 33.228615, 0.0)
(46.434086, 33.158459, 0.0)
(46.415863, 33.111721, 0.0)
(46.445099, 33.100090, 0.0)
(46.435024, 33.066097, 0.0)
(46.419926, 33.063667, 0.0)
(46.400936, 33.116817, 0.0)
(46.414799, 33.134224, 0.0)
(46.398884, 33.123383, 0.0)
(46.400974, 33.116329, 0.0)
(46.399132, 33.071495, 0.0)
(45.120716, 32.492310, 0.0)
(44.370266, 31.779743, 0.0)
(44.353691, 31.757801, 0.0)
(44.371906, 31.772532, 0.0)
(44.370926, 31.787548, 0.0)
(44.360420, 31.744360, 0.0)
(44.353546, 31.684715, 0.0)
(43.536137, 30.970543, 0.0)
(43.030891, 30.284218, 0.0)
(43.008999, 30.278776, 0.0)
(43.008911, 30.306072, 0.0)
(40.910080, 31.322546, 0.0)
(37.319679, 33.302467, 0.0)
(37.363556, 33.238022, 0.0)
(37.330063, 33.127769, 0.0)
(37.307178, 33.112808, 0.0)
(37.278011, 33.090424, 0.0)
(36.545071, 33.267529, 0.0)
(36.390766, 33.300182, 0.0)
(36.378460, 33.296803, 0.0)
(36.354515, 33.286182, 0.0)
(36.301552, 33.269466, 0.0)
(36.592941, 33.245621, 0.0)
(36.668217, 33.202759, 0.0)
(36.659607, 33.177185, 0.0)
(36.656857, 33.214127, 0.0)
(36.644745, 33.215088, 0.0)
(36.654819, 33.230976, 0.0)
(36.641491, 33.207237, 0.0)
(36.643391, 33.135754, 0.0)
(36.647579, 33.146877, 0.0)
(36.647598, 33.129585, 0.0)
(36.637775, 33.108868, 0.0)
(36.632404, 33.113316, 0.0)
(36.639244, 33.120575, 0.0)
(36.641136, 33.119236, 0.0)
(36.760918, 33.115433, 0.0)
(36.936787, 32.873585, 0.0)
(36.927109, 32.861649, 0.0)
(36.901329, 32.874161, 0.0)
(36.899719, 32.882248, 0.0)
(36.898315, 32.879635, 0.0)
(36.900234, 32.871101, 0.0)
(36.904499, 32.905155, 0.0)
(36.890873, 32.907383, 0.0)
(36.873005, 32.900177, 0.0)
(36.867653, 32.896950, 0.0)
(36.936863, 32.594486, 0.0)
(38.404541, 27.593321, 0.0)
(38.517971, 26.270401, 0.0)
(38.539524, 26.346432, 0.0)
(38.534222, 26.385921, 0.0)
(38.535587, 26.402044, 0.0)
(38.533485, 26.347776, 0.0)
(38.576370, 26.328165, 0.0)
(38.275845, 25.873081, 0.0)
(38.316341, 25.828627, 0.0)
(38.342155, 25.838923, 0.0)
(38.370995, 25.840616, 0.0)
(38.364765, 25.863419, 0.0)
(38.372688, 25.891371, 0.0)
(38.356789, 25.859079, 0.0)
(38.341679, 25.836887, 0.0)
(38.487553, 25.931261, 0.0)
(38.481796, 25.962450, 0.0)
(38.458023, 25.943596, 0.0)
(38.425610, 25.960489, 0.0)
(38.429760, 25.959467, 0.0)
(38.418636, 26.002579, 0.0)
(38.419575, 25.972679, 0.0)
(38.406422, 25.989023, 0.0)
(38.408863, 25.963846, 0.0)
(38.415108, 25.938620, 0.0)
(38.403996, 25.951967, 0.0)
(38.390976, 25.954403, 0.0)
(38.373180, 25.974154, 0.0)
(38.372742, 25.984324, 0.0)
(38.352032, 25.970957, 0.0)
(38.339329, 25.953674, 0.0)
(38.110107, 26.470705, 0.0)
(38.063812, 26.504795, 0.0)
(38.060974, 26.498510, 0.0)
(38.058224, 26.501078, 0.0)
(38.056728, 26.486303, 0.0)
(37.685467, 26.514643, 0.0)
(32.453472, 26.869637, 0.0)
(30.377748, 27.924522, 0.0)
(30.338951, 28.022236, 0.0)
(30.344040, 28.036352, 0.0)
(30.321745, 28.095968, 0.0)
(30.293362, 28.092886, 0.0)
(30.268993, 28.101158, 0.0)
(30.272188, 28.082842, 0.0)
(30.621750, 27.643442, 0.0)
(30.644979, 27.590307, 0.0)
(30.616594, 27.585745, 0.0)
(30.612909, 27.589445, 0.0)
(30.606152, 27.570772, 0.0)
(30.573927, 27.592625, 0.0)
(30.575397, 27.567198, 0.0)
(30.548090, 27.590668, 0.0)
(30.541037, 27.573509, 0.0)
(30.552851, 27.562958, 0.0)
(30.537199, 27.544664, 0.0)
(30.543352, 27.536245, 0.0)
(30.542847, 27.548922, 0.0)
(30.540358, 27.551456, 0.0)
(30.732637, 27.840118, 0.0)
(30.729712, 27.881088, 0.0)
(30.707678, 27.884100, 0.0)
(30.665516, 27.891069, 0.0)
(30.635223, 27.931910, 0.0)
(30.630102, 28.005783, 0.0)
(30.622337, 28.027857, 0.0)
(30.641937, 28.022539, 0.0)
(30.641533, 27.992653, 0.0)
(30.638191, 27.939955, 0.0)
(30.630939, 27.902824, 0.0)
(30.635176, 27.921528, 0.0)
(30.655617, 27.986319, 0.0)
(30.617273, 28.025604, 0.0)
(33.238110, 29.170008, 0.0)
(34.774014, 32.749298, 0.0)
(34.707279, 32.939842, 0.0)
(34.611542, 32.827709, 0.0)
(34.532627, 32.801605, 0.0)
(34.522869, 32.776569, 0.0)
(34.512547, 32.802147, 0.0)
(34.520176, 32.821159, 0.0)
(34.526543, 32.822575, 0.0)
(34.548401, 32.880779, 0.0)
(34.549850, 32.805187, 0.0)
(34.697453, 32.641098, 0.0)
(34.975574, 32.202282, 0.0)
(34.958652, 32.194569, 0.0)
(34.946274, 32.254501, 0.0)
(34.921936, 32.252792, 0.0)
(34.876541, 32.220901, 0.0)
(34.671902, 32.204704, 0.0)
(34.643726, 32.197750, 0.0)
(34.634151, 32.188660, 0.0)
(34.627930, 32.221428, 0.0)
(34.594460, 32.226521, 0.0)
(34.598820, 32.197262, 0.0)
(34.597782, 32.196293, 0.0)
(34.586651, 32.178066, 0.0)
(34.556828, 32.140804, 0.0)
(34.542244, 32.133137, 0.0)
(34.515732, 32.099117, 0.0)
(34.512638, 32.096241, 0.0)
(34.514271, 32.118427, 0.0)
(34.514496, 32.145390, 0.0)
(34.514465, 32.148430, 0.0)
(34.532421, 32.121246, 0.0)
(34.518299, 32.082458, 0.0)
(34.522087, 32.040287, 0.0)
(34.534180, 32.032955, 0.0)
(34.527439, 32.047039, 0.0)
(34.550098, 32.047802, 0.0)
(34.534061, 32.077255, 0.0)
(37.329380, 28.768021, 0.0)
(38.850147, 25.737902, 0.0)
(38.272587, 25.082300, 0.0)
(38.213135, 25.005524, 0.0)
(38.232635, 24.997633, 0.0)
(38.225624, 24.987722, 0.0)
(38.214325, 24.993494, 0.0)
(38.249573, 25.003981, 0.0)
(38.259399, 24.995188, 0.0)
(38.292843, 24.968946, 0.0)
(38.296139, 24.994770, 0.0)
(38.296028, 24.982557, 0.0)
(38.317776, 25.010498, 0.0)
(38.322704, 24.990185, 0.0)
(38.314842, 24.988947, 0.0)
(38.315865, 25.004730, 0.0)
(38.311821, 25.019781, 0.0)
(38.333805, 25.020578, 0.0)
(38.323002, 24.992916, 0.0)
(38.316914, 24.965197, 0.0)
(38.308689, 24.969675, 0.0)
(38.307770, 24.992271, 0.0)
(38.303410, 24.993347, 0.0)
(38.298233, 24.998137, 0.0)
(38.297768, 24.980181, 0.0)
(38.279099, 24.964951, 0.0)
(38.281700, 24.969196, 0.0)
(38.280315, 24.962532, 0.0)
(38.272167, 24.969131, 0.0)
(38.273685, 24.957722, 0.0)
(38.260410, 24.948893, 0.0)
(38.272343, 24.982552, 0.0)
(38.293400, 25.001726, 0.0)
(38.286743, 25.020681, 0.0)
(38.285805, 25.007118, 0.0)
(38.297783, 25.027296, 0.0)
(39.005291, 28.530125, 0.0)
(38.937431, 29.252216, 0.0)
(38.911518, 29.221302, 0.0)
(38.899284, 29.175014, 0.0)
(38.875542, 29.160475, 0.0)
(38.854351, 29.214342, 0.0)
(38.868023, 29.236502, 0.0)
(38.865711, 29.230139, 0.0)
(38.839348, 29.212145, 0.0)
(38.880722, 29.231892, 0.0)
(38.882130, 29.201174, 0.0)
(38.881592, 29.144991, 0.0)
(38.895332, 29.145325, 0.0)
(38.900928, 29.120335, 0.0)
(38.912193, 29.127960, 0.0)
(38.908356, 29.144665, 0.0)
(38.900146, 29.137259, 0.0)
(38.880699, 29.142529, 0.0)
(38.877174, 29.129688, 0.0)
(38.864094, 29.124678, 0.0)
(38.929188, 29.218779, 0.0)
(38.906181, 29.375622, 0.0)
(38.881973, 29.337358, 0.0)
(38.857620, 29.324871, 0.0)
(38.836239, 29.316566, 0.0)
(38.836525, 29.289898, 0.0)
(38.839890, 29.296612, 0.0)
(38.838326, 29.272274, 0.0)
(38.826885, 29.265806, 0.0)
(38.840332, 29.268776, 0.0)
(38.822079, 29.237885, 0.0)
(38.841450, 29.227932, 0.0)
(38.820389, 29.226192, 0.0)
(38.809830, 29.223831, 0.0)
(38.816185, 29.264666, 0.0)
(38.804100, 29.287088, 0.0)
(38.804153, 29.294724, 0.0)
(38.814766, 29.276621, 0.0)
(38.825039, 29.250538, 0.0)
(40.400166, 29.659582, 0.0)
(43.405327, 30.321981, 0.0)
(43.412148, 30.261734, 0.0)
(43.420742, 30.215103, 0.0)
(43.444981, 30.155989, 0.0)
(43.435894, 30.134472, 0.0)
(43.454994, 30.118456, 0.0)
(43.443523, 30.098495, 0.0)
(43.415550, 30.102190, 0.0)
(43.424347, 30.113348, 0.0)
(43.422436, 30.119184, 0.0)
(43.416893, 30.136660, 0.0)
(43.430862, 30.125481, 0.0)
(43.431854, 30.133926, 0.0)
(43.407230, 30.078722, 0.0)
(43.429195, 30.103197, 0.0)
(43.436089, 30.111876, 0.0)
(43.462292, 30.090603, 0.0)
(43.467407, 30.106878, 0.0)
(43.448463, 30.111481, 0.0)
(43.453396, 30.075790, 0.0)
(43.438667, 30.052139, 0.0)
(43.249123, 30.059898, 0.0)
(43.238594, 30.049366, 0.0)
(43.258652, 30.033537, 0.0)
(43.245197, 30.039206, 0.0)
(43.230019, 30.019949, 0.0)
(43.234276, 30.041388, 0.0)
(43.225670, 30.024046, 0.0)
(43.212780, 30.020325, 0.0)
(43.176888, 29.991068, 0.0)
(43.168655, 30.001249, 0.0)
(43.160038, 29.981771, 0.0)
(43.139641, 29.961365, 0.0)
(43.125854, 29.946255, 0.0)
(43.147926, 29.945110, 0.0)
(44.803818, 30.878605, 0.0)
(44.911652, 30.968287, 0.0)
(44.891220, 30.975267, 0.0)
(44.895630, 30.937845, 0.0)
(44.898369, 30.890713, 0.0)
(45.070347, 31.006853, 0.0)
(45.194542, 31.163479, 0.0)
(45.192398, 31.181168, 0.0)
(45.186287, 31.186754, 0.0)
(45.188972, 31.149834, 0.0)
(45.194290, 31.147055, 0.0)
(45.192955, 31.134279, 0.0)
(45.219742, 31.096237, 0.0)
(45.222015, 31.055414, 0.0)
(45.219532, 31.082161, 0.0)
(45.217594, 31.121252, 0.0)
(45.217594, 31.121252, 0.0)
(45.210396, 31.110603, 0.0)
(45.220535, 31.113689, 0.0)
(44.848099, 31.084236, 0.0)
(44.654430, 31.049440, 0.0)
(44.650414, 31.032309, 0.0)
(44.613995, 30.966791, 0.0)
(44.600857, 30.948765, 0.0)
(44.607231, 30.994728, 0.0)
(44.600105, 30.967319, 0.0)
(44.772087, 30.777124, 0.0)
(44.758610, 30.705864, 0.0)
(44.761375, 30.679457, 0.0)
(44.767151, 30.665108, 0.0)
(44.736195, 30.683029, 0.0)
(43.455055, 30.167370, 0.0)
(41.082825, 28.846491, 0.0)
(41.038811, 28.825396, 0.0)
(41.049046, 28.818678, 0.0)
(41.038322, 28.820789, 0.0)
(41.021523, 28.860161, 0.0)
(41.021786, 28.869204, 0.0)
(41.014172, 28.871675, 0.0)
(44.601818, 28.324270, 0.0)
(46.966648, 28.689009, 0.0)
(46.820950, 28.394253, 0.0)
(46.727489, 28.318962, 0.0)
(47.304531, 30.498045, 0.0)
(47.587650, 28.808861, 0.0)
(46.901451, 28.365395, 0.0)
(46.775101, 28.299465, 0.0)
(46.870594, 28.309332, 0.0)
(46.899139, 28.261272, 0.0)
(46.937599, 28.243752, 0.0)
(46.948780, 28.235622, 0.0)
(47.193298, 28.390749, 0.0)
(47.228451, 28.425083, 0.0)
(47.199310, 28.395411, 0.0)
(47.222183, 28.391769, 0.0)
(47.222294, 28.318035, 0.0)
(47.216251, 28.286242, 0.0)
(47.223095, 28.295685, 0.0)
(47.240448, 28.276569, 0.0)
(47.241566, 28.271461, 0.0)
(47.247925, 28.280186, 0.0)
(47.235428, 28.257965, 0.0)
(47.250191, 28.278463, 0.0)
(47.248848, 28.289213, 0.0)
(47.227543, 28.285410, 0.0)
(47.228596, 28.280764, 0.0)
(47.225918, 28.283215, 0.0)
(47.216427, 28.233574, 0.0)
(47.180183, 28.152567, 0.0)
(47.200047, 28.168695, 0.0)
(47.195892, 28.199223, 0.0)
(47.154690, 28.168577, 0.0)
(47.130184, 28.185953, 0.0)
(47.148785, 28.202103, 0.0)
(47.146477, 28.191490, 0.0)
(47.114388, 30.121384, 0.0)
(47.382591, 32.032932, 0.0)
(47.390427, 32.059742, 0.0)
(47.379623, 31.993031, 0.0)
(47.360474, 31.967474, 0.0)
(47.360859, 31.944780, 0.0)
(47.592426, 32.144863, 0.0)
(47.654465, 32.229916, 0.0)
(47.668438, 32.241177, 0.0)
(47.671890, 32.297913, 0.0)
(47.702095, 32.280479, 0.0)
(47.693634, 32.265858, 0.0)
(47.703693, 32.224518, 0.0)
(47.717999, 32.156353, 0.0)
(47.675564, 32.112602, 0.0)
(47.707150, 32.106007, 0.0)
(47.693325, 32.139717, 0.0)
(47.699234, 32.139420, 0.0)
(47.714058, 32.170082, 0.0)
(47.148033, 31.901093, 0.0)
(47.146252, 31.864775, 0.0)
(47.187126, 31.818384, 0.0)
(47.191116, 31.815706, 0.0)
(47.193436, 31.883181, 0.0)
(47.189915, 31.913273, 0.0)
(47.169041, 31.954647, 0.0)
(47.141670, 32.013882, 0.0)
(47.145977, 31.980688, 0.0)
(47.145145, 31.920725, 0.0)
(47.149315, 31.869612, 0.0)
(47.145073, 31.823790, 0.0)
(47.134911, 31.900473, 0.0)
(47.117821, 31.895172, 0.0)
(47.112469, 31.909695, 0.0)
(47.111504, 31.908455, 0.0)
(47.106262, 31.885725, 0.0)
(47.036339, 31.849094, 0.0)
(41.955818, 29.201328, 0.0)
(39.227474, 28.180996, 0.0)
(39.248329, 28.221687, 0.0)
(39.238400, 28.260773, 0.0)
(39.227161, 28.250923, 0.0)
(39.207195, 28.215475, 0.0)
(38.914143, 28.178150, 0.0)
(38.616817, 28.058493, 0.0)
(38.622124, 28.029121, 0.0)
(38.617607, 28.003557, 0.0)
(38.600494, 27.985632, 0.0)
(38.600376, 27.999386, 0.0)
(38.599678, 27.981836, 0.0)
(38.617428, 27.967175, 0.0)
(38.943390, 28.106567, 0.0)
(38.937233, 28.087078, 0.0)
(38.932098, 28.052786, 0.0)
(38.951935, 28.061539, 0.0)
(38.944862, 28.030289, 0.0)
(38.941566, 28.033031, 0.0)
(38.945644, 28.007233, 0.0)
(38.933434, 27.984051, 0.0)
(38.948299, 27.984255, 0.0)
(38.949245, 27.980038, 0.0)
(38.929066, 27.954491, 0.0)
(38.932430, 27.956278, 0.0)
(38.921879, 27.923681, 0.0)
(38.907646, 27.897259, 0.0)
(38.916618, 27.937283, 0.0)
(38.900318, 27.918728, 0.0)
(38.899517, 27.960526, 0.0)
(38.895321, 27.992144, 0.0)
(38.873547, 27.991634, 0.0)
(38.655857, 28.213261, 0.0)
(38.642883, 28.234856, 0.0)
(38.650841, 28.229164, 0.0)
(38.658421, 28.215862, 0.0)
(38.665180, 28.187807, 0.0)
(38.657536, 28.187103, 0.0)
(40.844555, 26.502382, 0.0)
(43.535538, 24.494276, 0.0)
(43.601585, 24.464781, 0.0)
(43.593189, 24.510206, 0.0)
(43.577152, 24.502235, 0.0)
(43.570969, 24.505669, 0.0)
(43.750259, 24.484312, 0.0)
(43.934414, 24.442850, 0.0)
(43.901649, 24.392611, 0.0)
(43.903759, 24.402142, 0.0)
(43.904285, 24.373951, 0.0)
(43.903973, 24.381454, 0.0)
(43.911678, 24.394119, 0.0)
(43.911575, 24.398851, 0.0)
(43.907288, 24.411114, 0.0)
(43.901016, 24.387133, 0.0)
(43.907288, 24.396009, 0.0)
(43.910099, 24.407597, 0.0)
(43.893894, 24.415764, 0.0)
(43.863430, 24.439846, 0.0)
(43.838150, 24.447748, 0.0)
(43.675365, 24.544781, 0.0)
(43.531879, 24.789177, 0.0)
(43.534058, 24.770561, 0.0)
(43.515820, 24.750284, 0.0)
(43.512817, 24.753304, 0.0)
(43.505741, 24.746986, 0.0)
(43.506725, 24.733992, 0.0)
(43.503452, 24.742643, 0.0)
(43.495911, 24.710814, 0.0)
(43.482887, 24.698036, 0.0)
(43.491692, 24.692474, 0.0)
(43.501373, 24.701880, 0.0)
(43.505112, 24.722189, 0.0)
(43.515228, 24.739347, 0.0)
(43.504326, 24.760456, 0.0)
(43.499619, 24.754137, 0.0)
(40.683735, 24.424648, 0.0)
(34.991589, 25.040426, 0.0)
(33.867523, 26.078236, 0.0)
(34.510349, 25.929968, 0.0)
(34.467560, 25.877817, 0.0)
(34.220230, 25.610479, 0.0)
(33.746357, 25.234739, 0.0)
(33.748489, 25.395273, 0.0)
(34.036922, 25.486683, 0.0)
(34.037121, 25.495047, 0.0)
(34.019520, 25.492392, 0.0)
(34.003654, 25.514486, 0.0)
(33.998726, 25.531151, 0.0)
(34.001034, 25.557076, 0.0)
(34.009830, 25.565865, 0.0)
(34.004860, 25.566214, 0.0)
(34.135410, 25.513311, 0.0)
(34.376167, 25.582664, 0.0)
(34.373428, 25.568394, 0.0)
(34.346191, 25.540205, 0.0)
(34.338951, 25.496834, 0.0)
(34.339611, 25.488575, 0.0)
(34.336868, 25.486019, 0.0)
(34.355843, 25.485849, 0.0)
(34.357357, 25.465214, 0.0)
(34.350708, 25.441050, 0.0)
(34.366013, 25.432306, 0.0)
(34.360046, 25.426750, 0.0)
(34.361794, 25.445534, 0.0)
(34.354328, 25.462580, 0.0)
(34.348167, 25.463400, 0.0)
(34.347740, 25.465487, 0.0)
(34.328163, 25.457220, 0.0)
(34.328613, 25.457956, 0.0)
(34.319546, 25.444689, 0.0)
(34.327057, 25.434839, 0.0)
(34.323189, 25.446320, 0.0)
(34.305294, 25.443357, 0.0)
(34.302120, 25.470064, 0.0)
(34.300060, 25.446186, 0.0)
(34.794907, 27.161133, 0.0)
(34.754208, 27.592194, 0.0)
(34.723728, 27.564888, 0.0)
(34.705482, 27.540030, 0.0)
(34.694218, 27.542385, 0.0)
(33.860512, 27.577215, 0.0)
(31.106291, 27.144819, 0.0)
(31.072880, 27.154285, 0.0)
(31.075144, 27.186691, 0.0)
(31.027716, 27.148119, 0.0)
(31.019995, 27.161917, 0.0)
(31.018377, 27.145876, 0.0)
(30.629271, 27.261076, 0.0)
(30.594418, 27.274635, 0.0)
(30.597702, 27.283382, 0.0)
(30.600082, 27.260664, 0.0)
(30.576044, 27.248533, 0.0)
(30.560186, 27.214846, 0.0)
(30.570696, 27.158432, 0.0)
(30.567900, 27.171806, 0.0)
(30.549004, 27.114120, 0.0)
(30.873745, 27.029150, 0.0)
(30.842518, 27.045214, 0.0)
(30.837782, 27.016516, 0.0)
(30.829443, 27.016705, 0.0)
(30.819437, 26.988266, 0.0)
(30.820616, 26.987719, 0.0)
(30.803867, 27.000353, 0.0)
(30.815382, 27.027031, 0.0)
(30.807753, 27.056452, 0.0)
(30.805784, 27.069319, 0.0)
(30.811981, 27.044674, 0.0)
(30.809744, 27.027542, 0.0)
(30.818012, 27.024815, 0.0)
(30.833073, 27.079165, 0.0)
(33.871735, 29.320824, 0.0)
(35.337650, 33.352253, 0.0)
(35.600567, 35.083164, 0.0)
(35.470211, 34.881363, 0.0)
(35.380520, 34.788570, 0.0)
(35.307934, 34.871605, 0.0)
(35.248924, 34.840668, 0.0)
(35.186592, 34.740067, 0.0)
(35.809742, 37.433979, 0.0)
(35.523022, 36.275372, 0.0)
(35.335842, 35.509659, 0.0)
(35.180325, 35.242302, 0.0)
(35.109051, 35.156796, 0.0)
(35.266983, 36.482265, 0.0)
(35.041248, 35.666325, 0.0)
(34.939552, 35.462753, 0.0)
(34.970085, 35.476383, 0.0)
(34.953899, 35.489025, 0.0)
(34.952198, 35.487358, 0.0)
(34.946468, 35.519272, 0.0)
(34.963806, 35.505962, 0.0)
(35.006355, 35.511349, 0.0)
(35.015575, 35.519272, 0.0)
(35.009632, 35.441574, 0.0)
(34.997303, 35.414787, 0.0)
(34.987740, 35.406418, 0.0)
(34.997879, 35.387451, 0.0)
(34.984547, 35.330940, 0.0)
(34.985924, 35.284416, 0.0)
(35.002254, 35.295292, 0.0)
(33.194279, 34.065144, 0.0)
(31.513456, 32.854298, 0.0)
(31.439646, 32.754391, 0.0)
(31.414099, 32.808609, 0.0)
(31.383909, 32.803719, 0.0)
(31.352682, 32.831440, 0.0)
(31.344786, 32.825569, 0.0)
(31.030077, 32.389259, 0.0)
(30.948973, 32.221237, 0.0)
(30.945683, 32.239483, 0.0)
(30.962978, 32.255005, 0.0)
(30.940498, 32.333851, 0.0)
(30.922241, 32.361687, 0.0)
(30.924273, 32.333481, 0.0)
(30.921436, 32.319225, 0.0)
(30.931637, 32.273743, 0.0)
(31.195131, 32.275589, 0.0)
(31.209633, 32.270535, 0.0)
(31.173588, 32.303600, 0.0)
(31.156408, 32.305634, 0.0)
(31.161819, 32.347050, 0.0)
(31.192095, 32.326069, 0.0)
(31.163042, 32.314041, 0.0)
(31.121433, 32.288578, 0.0)
(31.145153, 32.277367, 0.0)
(31.158056, 32.289402, 0.0)
(31.151739, 32.306015, 0.0)
(31.160477, 32.307865, 0.0)
(31.170321, 32.297623, 0.0)
(31.148022, 32.219723, 0.0)
(31.166536, 32.178513, 0.0)
(31.151201, 32.189110, 0.0)
(31.153166, 32.249233, 0.0)
(31.161465, 32.276131, 0.0)
(31.152559, 32.288895, 0.0)
(31.147396, 32.286709, 0.0)
(31.151957, 32.270836, 0.0)
(31.148407, 32.250546, 0.0)
(31.156193, 32.226524, 0.0)
(30.600760, 30.925533, 0.0)
(29.681669, 28.400387, 0.0)
(29.681643, 28.056547, 0.0)
(29.708149, 28.157618, 0.0)
(29.677057, 28.211658, 0.0)
(29.641817, 28.228193, 0.0)
(29.416016, 27.987139, 0.0)
(29.343332, 27.776022, 0.0)
(29.348747, 27.780895, 0.0)
(29.341810, 27.832058, 0.0)
(29.327427, 27.855356, 0.0)
(29.275034, 27.753702, 0.0)
(29.089788, 27.396629, 0.0)
(29.239899, 27.650019, 0.0)
(29.304226, 27.807320, 0.0)
(29.310890, 27.821621, 0.0)
(29.302299, 27.893148, 0.0)
(29.314791, 27.887032, 0.0)
(29.315117, 27.895048, 0.0)
(29.328245, 27.884533, 0.0)
(29.327831, 27.879459, 0.0)
(29.347092, 27.866571, 0.0)
(29.336891, 27.877640, 0.0)
(29.327816, 27.929256, 0.0)
(29.333454, 27.966629, 0.0)
(29.334080, 27.994381, 0.0)
(29.337612, 27.997324, 0.0)
(29.325048, 27.999657, 0.0)
(29.336498, 27.993406, 0.0)
(29.359976, 27.984255, 0.0)
(29.379576, 27.970125, 0.0)
(29.388002, 27.977026, 0.0)
(29.380089, 27.988483, 0.0)
(29.377666, 28.004356, 0.0)
(29.382843, 27.999592, 0.0)
(29.394514, 27.979126, 0.0)
(29.413008, 27.953381, 0.0)
(29.397915, 27.953104, 0.0)
(33.932198, 26.222334, 0.0)
(40.343933, 26.014626, 0.0)
(45.210770, 28.802252, 0.0)
(47.383114, 31.055710, 0.0)
(46.885715, 31.389259, 0.0)
(46.808060, 31.302948, 0.0)
(46.807556, 31.267717, 0.0)
(46.829006, 31.236273, 0.0)
(47.626869, 31.781857, 0.0)
(47.642353, 31.787994, 0.0)
(47.644730, 31.751822, 0.0)
(47.651299, 31.697020, 0.0)
(47.680988, 31.722889, 0.0)
(47.681236, 31.680151, 0.0)
(47.657330, 31.652851, 0.0)
(47.681072, 31.602077, 0.0)
(47.698677, 31.587414, 0.0)
(47.687954, 31.522709, 0.0)
(47.690975, 31.477825, 0.0)
(47.697071, 31.449116, 0.0)
(47.691673, 31.434404, 0.0)
(47.662113, 31.331821, 0.0)
(47.745819, 31.336851, 0.0)
(47.760418, 31.326572, 0.0)
(47.531120, 31.298111, 0.0)
(47.579052, 31.366484, 0.0)
(47.633823, 31.371462, 0.0)
(47.591160, 31.315336, 0.0)
(47.554943, 31.277157, 0.0)
(47.561424, 31.292036, 0.0)
(47.552464, 31.288786, 0.0)
(47.529186, 31.269289, 0.0)
(47.529247, 31.288923, 0.0)
(47.535503, 31.290012, 0.0)
(47.529373, 31.276695, 0.0)
(47.504837, 31.282722, 0.0)
(45.383953, 29.604172, 0.0)
(45.465519, 26.902395, 0.0)
(45.690968, 25.529079, 0.0)
(45.671978, 25.335094, 0.0)
(45.687862, 25.475208, 0.0)
(45.738380, 25.519327, 0.0)
(45.992966, 25.334049, 0.0)
(46.279709, 25.280516, 0.0)
(46.311794, 25.247709, 0.0)
(46.315331, 25.289200, 0.0)
(46.394840, 24.973349, 0.0)
(46.505238, 24.986633, 0.0)
(46.361614, 25.168251, 0.0)
(46.371365, 25.392019, 0.0)
(46.393124, 25.378418, 0.0)
(46.234863, 25.109716, 0.0)
(47.351925, 25.765301, 0.0)
(46.513580, 25.270811, 0.0)
(46.454300, 25.547798, 0.0)
(46.399746, 25.564325, 0.0)
(46.403339, 25.556170, 0.0)
(46.394745, 25.524883, 0.0)
(46.379009, 25.510868, 0.0)
(46.377762, 25.534985, 0.0)
(46.146500, 25.205183, 0.0)
(46.133770, 25.173458, 0.0)
(46.146992, 25.145092, 0.0)
(46.156750, 25.103394, 0.0)
(46.130196, 25.123028, 0.0)
(46.100346, 25.059282, 0.0)
(46.165859, 25.045946, 0.0)
(46.167847, 25.022581, 0.0)
(46.167904, 25.051178, 0.0)
(46.165440, 25.039223, 0.0)
(46.157890, 25.040674, 0.0)
(46.143661, 25.037123, 0.0)
(41.210030, 23.958769, 0.0)
(35.410469, 25.251118, 0.0)
(33.286228, 26.802399, 0.0)
(34.048321, 26.512833, 0.0)
(34.053242, 26.426935, 0.0)
(33.996174, 26.373899, 0.0)
(33.966640, 26.346865, 0.0)
(33.921474, 26.322859, 0.0)
(33.865227, 26.316206, 0.0)
(34.659729, 26.338461, 0.0)
(34.613106, 26.556690, 0.0)
(34.568718, 26.515547, 0.0)
(34.563637, 26.498640, 0.0)
(34.553181, 26.459864, 0.0)
(34.522247, 26.458475, 0.0)
(34.156521, 26.324373, 0.0)
(34.098621, 26.279455, 0.0)
(34.117481, 26.274775, 0.0)
(34.145477, 26.301165, 0.0)
(34.142006, 26.314119, 0.0)
(34.135696, 26.322750, 0.0)
(34.130108, 26.322556, 0.0)
(34.158379, 26.254890, 0.0)
(34.156052, 26.268316, 0.0)
(34.155918, 26.272320, 0.0)
(34.148315, 26.317711, 0.0)
(34.141586, 26.311836, 0.0)
(34.130985, 26.299910, 0.0)
(34.140800, 26.288866, 0.0)
(34.145939, 26.272369, 0.0)
(34.126492, 26.251856, 0.0)
(34.124950, 26.262741, 0.0)
(34.126110, 26.250788, 0.0)
(34.146343, 26.228083, 0.0)
(34.625065, 26.243065, 0.0)
(38.725128, 27.405128, 0.0)
(38.687443, 27.401367, 0.0)
(38.514420, 27.256046, 0.0)
(39.111450, 28.225506, 0.0)
(39.103222, 28.865934, 0.0)
(38.692642, 27.281546, 0.0)
(38.758480, 26.987185, 0.0)
(38.831829, 27.011358, 0.0)
(38.831894, 27.018270, 0.0)
(38.848198, 27.022249, 0.0)
(38.853531, 27.007488, 0.0)
(38.863735, 27.015989, 0.0)
(38.848316, 27.039221, 0.0)
(38.852879, 27.066475, 0.0)
(38.850163, 27.092537, 0.0)
(38.859638, 27.095858, 0.0)
(38.860405, 27.077171, 0.0)
(38.869274, 27.062325, 0.0)
(38.872753, 27.060158, 0.0)
(38.874123, 27.053528, 0.0)
(38.876156, 27.061697, 0.0)
(38.868324, 27.104017, 0.0)
(38.865784, 27.111614, 0.0)
(38.867867, 27.115147, 0.0)
(38.878529, 27.068827, 0.0)
(38.870953, 27.030327, 0.0)
(38.861538, 26.993025, 0.0)
(38.868149, 26.969833, 0.0)
(38.868671, 26.955872, 0.0)
(38.838062, 26.906353, 0.0)
(38.844494, 26.920416, 0.0)
(38.840729, 26.953094, 0.0)
(38.830265, 26.984491, 0.0)
(38.828564, 27.026903, 0.0)
(38.816055, 27.019438, 0.0)
(38.823399, 26.978752, 0.0)
(38.831955, 26.941360, 0.0)
(38.724045, 26.953964, 0.0)
(34.496708, 29.516296, 0.0)
(33.264317, 30.334352, 0.0)
(33.162315, 30.359816, 0.0)
(33.121517, 30.312449, 0.0)
(33.062057, 30.316732, 0.0)
(32.761673, 31.050430, 0.0)
(32.724144, 31.097919, 0.0)
(32.716175, 31.074938, 0.0)
(32.721546, 31.100903, 0.0)
(32.698673, 31.124643, 0.0)
(32.683033, 31.134583, 0.0)
(32.661709, 31.118547, 0.0)
(32.648804, 31.096556, 0.0)
(32.639832, 31.056112, 0.0)
(32.717682, 30.950380, 0.0)
(33.051350, 30.607822, 0.0)
(33.048286, 30.599825, 0.0)
(33.001865, 30.632027, 0.0)
(32.985062, 30.617435, 0.0)
(32.982567, 30.599636, 0.0)
(32.987675, 30.566343, 0.0)
(32.982624, 30.526957, 0.0)
(32.967262, 30.546131, 0.0)
(32.952324, 30.551561, 0.0)
(32.926262, 30.554636, 0.0)
(32.950935, 30.577650, 0.0)
(32.951790, 30.569963, 0.0)
(32.955933, 30.552492, 0.0)
(32.955494, 30.518717, 0.0)
(32.960979, 30.492174, 0.0)
(32.963219, 30.508036, 0.0)
(32.969524, 30.510727, 0.0)
(32.985363, 30.546440, 0.0)
(32.980804, 30.552565, 0.0)
(32.984371, 30.534958, 0.0)
(32.984535, 30.523077, 0.0)
(33.005711, 30.482437, 0.0)
(33.005711, 30.482437, 0.0)
(32.994179, 30.465897, 0.0)
(32.261078, 31.430342, 0.0)
(30.599337, 34.839451, 0.0)
(30.797012, 35.396877, 0.0)
(30.753025, 35.340691, 0.0)
(30.687078, 35.271908, 0.0)
(30.675566, 35.266186, 0.0)
(30.658195, 35.277687, 0.0)
(30.638824, 35.323532, 0.0)
(30.573200, 35.421833, 0.0)
(30.563543, 35.698410, 0.0)
(30.552982, 35.717602, 0.0)
(30.548283, 35.705883, 0.0)
(30.520231, 35.707451, 0.0)
(30.505575, 35.712933, 0.0)
(30.508406, 35.714111, 0.0)
(30.481133, 35.725662, 0.0)
(30.468607, 35.729900, 0.0)
(30.475166, 35.723412, 0.0)
(30.480251, 35.683037, 0.0)
(30.464344, 35.675632, 0.0)
(30.464443, 35.697346, 0.0)
(30.444981, 35.665604, 0.0)
(30.461407, 35.635143, 0.0)
(30.455023, 35.616112, 0.0)
(30.465883, 35.608101, 0.0)
(30.462536, 35.602627, 0.0)
(30.459976, 35.580833, 0.0)
(30.447443, 35.525814, 0.0)
(30.430265, 35.530510, 0.0)
(30.435516, 35.577137, 0.0)
(30.442957, 35.587852, 0.0)
(30.427139, 35.617855, 0.0)
(30.417772, 35.627754, 0.0)
(30.424957, 35.553482, 0.0)
(30.415075, 35.489971, 0.0)
(30.433125, 35.466114, 0.0)
(30.439571, 35.441109, 0.0)
(30.561003, 35.322479, 0.0)
(35.389183, 32.928200, 0.0)
(36.755188, 32.405861, 0.0)
(36.739567, 32.358929, 0.0)
(36.715424, 32.325951, 0.0)
(36.706173, 32.287117, 0.0)
(36.335419, 32.287930, 0.0)
(34.518520, 32.553555, 0.0)
(35.049706, 33.677357, 0.0)
(35.102894, 33.813145, 0.0)
(35.115120, 33.812386, 0.0)
(35.106651, 33.802124, 0.0)
(35.111767, 33.750748, 0.0)
(35.134552, 33.723698, 0.0)
(35.113731, 33.701977, 0.0)
(35.094650, 33.684780, 0.0)
(35.079899, 33.702141, 0.0)
(35.039722, 33.691147, 0.0)
(34.997528, 33.676937, 0.0)
(34.987156, 33.692989, 0.0)
(34.980511, 33.632126, 0.0)
(34.930412, 33.545918, 0.0)
(35.224060, 34.446926, 0.0)
(34.685131, 33.607307, 0.0)
(34.499184, 33.266518, 0.0)
(34.533131, 33.425220, 0.0)
(34.565956, 33.332092, 0.0)
(34.572834, 33.347359, 0.0)
(34.610332, 33.381950, 0.0)
(34.604477, 33.388405, 0.0)
(34.604191, 33.382469, 0.0)
(34.602852, 33.387691, 0.0)
(34.602795, 33.384743, 0.0)
(34.606667, 33.370365, 0.0)
(34.619957, 33.403576, 0.0)
(39.000557, 33.659229, 0.0)
(41.256287, 33.916954, 0.0)
(41.337353, 33.932068, 0.0)
(41.448410, 33.870190, 0.0)
(41.455696, 33.868748, 0.0)
(41.467861, 33.863235, 0.0)
(41.496586, 33.831856, 0.0)
(41.511227, 33.828781, 0.0)
(41.508682, 33.807156, 0.0)
(41.524658, 33.808796, 0.0)
(41.552391, 33.821537, 0.0)
(41.542503, 33.837334, 0.0)
(41.529869, 33.803673, 0.0)
(41.563869, 33.761082, 0.0)
(41.528217, 33.765984, 0.0)
(41.515072, 33.761978, 0.0)
(41.501583, 33.745369, 0.0)
(41.487328, 33.748348, 0.0)
(41.480743, 33.768906, 0.0)
(41.461685, 33.744389, 0.0)
(41.460831, 33.740189, 0.0)
(41.454060, 33.740593, 0.0)
(41.442715, 33.703930, 0.0)
(41.413956, 33.734371, 0.0)
(41.415337, 33.764408, 0.0)
(41.412273, 33.744797, 0.0)
(41.391319, 33.765820, 0.0)
(41.402145, 33.753845, 0.0)
(41.398457, 33.745869, 0.0)
(41.395668, 33.742847, 0.0)
(41.376698, 33.717995, 0.0)
(41.388905, 33.688755, 0.0)
(41.392368, 33.657185, 0.0)
(41.384315, 33.665073, 0.0)
(41.380898, 33.612255, 0.0)
(41.367962, 33.583679, 0.0)
(37.976395, 31.651802, 0.0)
(32.825916, 29.376194, 0.0)
(32.371250, 28.944298, 0.0)
(32.336414, 29.014812, 0.0)
(32.303738, 29.045048, 0.0)
(31.952038, 29.024508, 0.0)
(30.728075, 28.674387, 0.0)
(30.673120, 28.650209, 0.0)
(30.687515, 28.676046, 0.0)
(30.668207, 28.692776, 0.0)
(30.643213, 28.674801, 0.0)
(30.663620, 28.679239, 0.0)
(30.661024, 28.671703, 0.0)
(31.294849, 28.088549, 0.0)
(31.312542, 27.957731, 0.0)
(30.834682, 28.379860, 0.0)
(30.814240, 28.434898, 0.0)
(30.828175, 28.409531, 0.0)
(30.803034, 28.479221, 0.0)
(30.802397, 28.475439, 0.0)
(30.788420, 28.495325, 0.0)
(30.764782, 28.506689, 0.0)
(30.756229, 28.508320, 0.0)
(30.746731, 28.505680, 0.0)
(30.748135, 28.506529, 0.0)
(30.756262, 28.506557, 0.0)
(30.763762, 28.504368, 0.0)
(30.756737, 28.487471, 0.0)
(30.757816, 28.469437, 0.0)
(30.777740, 28.476622, 0.0)
(30.793455, 28.466841, 0.0)
(34.301495, 27.903708, 0.0)
(34.688911, 28.062660, 0.0)
(34.629742, 28.031294, 0.0)
(34.597614, 27.964144, 0.0)
(34.602428, 27.928482, 0.0)
(34.595440, 27.916023, 0.0)
(38.328167, 28.926813, 0.0)
(43.422493, 31.807320, 0.0)
(43.030399, 33.403206, 0.0)
(43.094212, 33.452328, 0.0)
(43.117058, 33.442348, 0.0)
(43.092056, 33.423649, 0.0)
(43.347511, 33.498035, 0.0)
(43.870266, 33.619999, 0.0)
(43.904350, 33.611275, 0.0)
(43.897190, 33.567837, 0.0)
(43.877350, 33.561058, 0.0)
(43.870579, 33.584209, 0.0)
(43.857773, 33.616444, 0.0)
(43.842846, 33.607933, 0.0)
(43.827618, 33.583366, 0.0)
(43.804199, 33.562111, 0.0)
(43.776844, 33.565521, 0.0)
(43.778065, 33.580593, 0.0)
(43.746441, 33.611813, 0.0)
(43.735352, 33.619724, 0.0)
(43.749207, 33.619652, 0.0)
(43.748920, 33.668377, 0.0)
(43.745750, 33.672661, 0.0)
(43.734104, 33.709728, 0.0)
(43.727978, 33.714783, 0.0)
(43.729225, 33.710960, 0.0)
(43.031200, 33.418083, 0.0)
(39.662514, 30.377359, 0.0)
(39.148579, 29.349737, 0.0)
(39.139790, 29.290632, 0.0)
(39.145947, 29.288584, 0.0)
(39.141151, 29.322512, 0.0)
(39.127697, 29.307257, 0.0)
(39.112278, 29.300526, 0.0)
(39.106495, 29.278540, 0.0)
(39.112835, 29.281670, 0.0)
(39.078903, 29.222940, 0.0)
(39.078163, 29.203657, 0.0)
(34.610451, 29.612692, 0.0)
(30.053457, 30.804396, 0.0)
(29.813532, 30.993183, 0.0)
(29.935484, 30.973997, 0.0)
(29.985006, 30.940865, 0.0)
(29.753199, 31.115822, 0.0)
(29.539417, 31.252439, 0.0)
(29.534969, 31.226816, 0.0)
(29.545059, 31.208162, 0.0)
(29.537594, 31.217258, 0.0)
(29.531450, 31.233658, 0.0)
(29.534195, 31.218336, 0.0)
(29.548862, 31.231070, 0.0)
(29.628439, 31.164503, 0.0)
(29.646698, 31.132296, 0.0)
(29.735445, 31.105133, 0.0)
(29.688124, 31.121546, 0.0)
(29.609039, 31.149183, 0.0)
(29.630501, 31.150089, 0.0)
(29.580746, 31.162798, 0.0)
(29.573635, 31.144892, 0.0)
(29.589485, 31.077427, 0.0)
(29.578228, 31.105339, 0.0)
(29.589584, 31.103674, 0.0)
(29.607773, 31.140850, 0.0)
(29.608227, 31.152208, 0.0)
(29.610399, 31.135559, 0.0)
(29.611300, 31.124334, 0.0)
(29.630238, 31.101814, 0.0)
(29.631863, 31.077028, 0.0)
(29.631483, 31.084511, 0.0)
(29.638620, 31.069572, 0.0)
(29.644218, 31.071367, 0.0)
(29.670506, 31.062634, 0.0)
(29.657663, 31.063231, 0.0)
(29.678272, 31.048922, 0.0)
(31.380808, 30.977652, 0.0)
(31.381340, 30.981411, 0.0)
(31.332567, 30.931997, 0.0)
(31.332216, 30.920235, 0.0)
(31.313568, 30.905470, 0.0)
(31.325453, 30.916359, 0.0)
(31.162968, 31.154072, 0.0)
(31.139091, 31.486570, 0.0)
(31.168640, 31.457056, 0.0)
(31.173721, 31.485373, 0.0)
(31.179470, 31.504925, 0.0)
(31.162991, 31.530689, 0.0)
(31.145708, 31.555603, 0.0)
(31.136482, 31.545530, 0.0)
(31.120039, 31.548437, 0.0)
(31.112865, 31.530165, 0.0)
(31.090481, 31.501862, 0.0)
(31.084385, 31.535414, 0.0)
(31.076393, 31.524920, 0.0)
(31.078569, 31.517223, 0.0)
(31.103928, 31.545788, 0.0)
(31.104046, 31.499376, 0.0)
(31.085159, 31.461044, 0.0)
(31.106680, 31.431696, 0.0)
(31.125807, 31.432922, 0.0)
(31.154970, 31.455544, 0.0)
(31.155766, 31.483250, 0.0)
(31.143284, 31.486816, 0.0)
(32.657875, 30.721037, 0.0)
(32.903728, 30.529085, 0.0)
(32.916710, 30.466747, 0.0)
(32.903931, 30.457819, 0.0)
(32.907837, 30.457041, 0.0)
(32.900742, 30.461222, 0.0)
(32.911125, 30.455868, 0.0)
(32.898003, 30.461697, 0.0)
(32.905087, 30.447916, 0.0)
(34.056747, 30.076220, 0.0)
(40.744133, 29.005451, 0.0)
(43.279846, 29.248989, 0.0)
(43.370792, 29.209955, 0.0)
(43.350246, 29.196466, 0.0)
(43.374157, 29.187275, 0.0)
(43.360817, 29.167955, 0.0)
(43.359703, 29.140846, 0.0)
(43.366825, 29.096869, 0.0)
(43.386471, 29.080439, 0.0)
(43.390427, 29.057768, 0.0)
(43.404209, 29.081985, 0.0)
(43.413654, 29.051453, 0.0)
(43.426468, 29.016474, 0.0)
(43.419685, 28.980200, 0.0)
(43.408642, 28.957150, 0.0)
(43.410877, 28.954264, 0.0)
(43.214268, 28.975985, 0.0)
(42.948875, 28.985239, 0.0)
(42.932266, 28.995386, 0.0)
(42.924870, 29.004272, 0.0)
(42.917461, 29.006536, 0.0)
(42.880207, 28.969681, 0.0)
(42.888271, 28.959322, 0.0)
(42.903259, 28.944618, 0.0)
(42.900635, 28.951866, 0.0)
(42.879410, 28.979383, 0.0)
(42.883121, 29.001760, 0.0)
(42.888348, 29.027710, 0.0)
(42.879395, 28.996874, 0.0)
(42.854843, 28.984861, 0.0)
(42.841076, 28.964756, 0.0)
(42.829754, 28.956085, 0.0)
(42.823471, 28.950821, 0.0)
(42.840443, 28.945055, 0.0)
(42.837097, 28.944508, 0.0)
(42.843357, 28.952591, 0.0)
(42.817749, 28.924929, 0.0)
(42.818108, 28.896925, 0.0)
(42.809448, 28.887966, 0.0)
(40.745792, 29.268322, 0.0)
(38.261509, 29.708555, 0.0)
(36.473743, 30.532024, 0.0)
(36.365124, 30.598417, 0.0)
(36.289364, 30.564684, 0.0)
(36.136818, 30.653725, 0.0)
(34.069603, 32.346527, 0.0)
(34.006397, 32.358444, 0.0)
(34.012497, 32.342789, 0.0)
(33.990936, 32.320400, 0.0)
(33.962021, 32.316154, 0.0)
(33.954357, 32.338436, 0.0)
(33.433643, 32.864105, 0.0)
(33.061527, 33.222294, 0.0)
(33.047096, 33.152187, 0.0)
(33.036263, 33.131054, 0.0)
(33.029541, 33.149185, 0.0)
(33.024479, 33.150986, 0.0)
(33.305359, 33.214958, 0.0)
(36.456612, 32.805473, 0.0)
(36.464878, 32.756802, 0.0)
(36.416451, 32.713337, 0.0)
(36.377884, 32.697029, 0.0)
(36.317730, 32.716904, 0.0)
(36.291527, 32.739391, 0.0)
(32.447910, 35.215649, 0.0)
(31.247852, 36.092407, 0.0)
(31.183228, 36.037663, 0.0)
(31.199335, 35.993874, 0.0)
(31.165363, 35.972321, 0.0)
(30.959538, 36.416924, 0.0)
(30.947842, 36.421177, 0.0)
(30.935162, 36.369755, 0.0)
(30.948093, 36.385250, 0.0)
(30.941683, 36.367981, 0.0)
(30.927988, 36.357624, 0.0)
(30.923283, 36.307594, 0.0)
(35.810978, 32.633331, 0.0)
(42.316166, 29.770466, 0.0)
(45.726181, 29.944714, 0.0)
(45.796482, 29.975550, 0.0)
(45.764778, 29.976421, 0.0)
(45.750137, 29.948143, 0.0)
(45.797642, 29.875172, 0.0)
(46.587868, 30.214251, 0.0)
(46.618530, 30.250788, 0.0)
(46.585243, 30.220549, 0.0)
(46.631126, 30.272022, 0.0)
(46.640179, 30.241549, 0.0)
(46.647728, 30.216557, 0.0)
(46.656788, 30.182728, 0.0)
(46.658455, 30.154293, 0.0)
(46.662655, 30.123747, 0.0)
(46.676308, 30.116581, 0.0)
(46.669563, 30.096075, 0.0)
(46.672241, 30.088568, 0.0)
(46.673641, 30.097795, 0.0)
(46.654091, 30.078543, 0.0)
(45.660480, 29.889736, 0.0)
(45.648140, 29.874054, 0.0)
(45.685463, 29.844225, 0.0)
(45.691238, 29.845955, 0.0)
(45.686886, 29.799902, 0.0)
(45.691162, 29.793915, 0.0)
(45.641426, 29.780039, 0.0)
(45.681797, 29.794956, 0.0)
(45.697506, 29.821362, 0.0)
(45.694946, 29.795319, 0.0)
(45.660976, 29.774033, 0.0)
(45.653370, 29.762169, 0.0)
(45.651844, 29.724201, 0.0)
(45.663162, 29.697294, 0.0)
(45.680305, 29.697618, 0.0)
(44.885559, 29.929218, 0.0)
(41.953983, 31.649006, 0.0)
(41.949455, 31.594290, 0.0)
(41.945957, 31.535437, 0.0)
(41.901752, 31.484537, 0.0)
(41.416916, 32.219864, 0.0)
(41.297398, 32.667042, 0.0)
(41.225018, 32.676418, 0.0)
(41.211990, 32.683693, 0.0)
(41.191628, 32.651737, 0.0)
(41.195202, 32.664207, 0.0)
(41.209469, 32.652985, 0.0)
(41.212589, 32.641529, 0.0)
(41.198887, 32.655540, 0.0)
(41.191780, 32.669468, 0.0)
(41.182026, 32.660843, 0.0)
(41.183868, 32.625004, 0.0)
(41.187443, 32.622112, 0.0)
(41.169197, 32.617653, 0.0)
(41.160961, 32.632740, 0.0)
(41.155624, 32.653133, 0.0)
(41.145351, 32.639999, 0.0)
(41.206749, 32.602795, 0.0)
(41.256989, 32.577843, 0.0)
(41.251011, 32.536888, 0.0)
(41.240593, 32.538342, 0.0)
(41.247688, 32.527142, 0.0)
(41.241848, 32.564484, 0.0)
(41.230843, 32.536407, 0.0)
(41.214848, 32.551804, 0.0)
(41.210510, 32.518944, 0.0)
(41.215015, 32.514343, 0.0)
(41.210434, 32.534237, 0.0)
(41.205513, 32.545280, 0.0)
(41.210918, 32.533459, 0.0)
(41.217072, 32.535515, 0.0)
(41.229218, 32.512821, 0.0)
(41.229721, 32.495113, 0.0)
(41.275078, 32.464294, 0.0)
(45.525291, 30.257727, 0.0)
(47.437599, 29.571861, 0.0)
(47.457108, 29.588343, 0.0)
(47.420650, 29.598833, 0.0)
(47.419281, 29.583517, 0.0)
(47.425152, 29.563076, 0.0)
(47.455807, 29.552168, 0.0)
(47.475697, 29.544281, 0.0)
(47.526356, 29.556437, 0.0)
(47.545219, 29.542913, 0.0)
(47.556732, 29.517540, 0.0)
(47.566147, 29.512112, 0.0)
(47.567097, 29.515627, 0.0)
(47.571041, 29.487123, 0.0)
(47.590969, 29.464344, 0.0)
(47.588669, 29.436464, 0.0)
(47.584003, 29.426697, 0.0)
(47.585236, 29.448414, 0.0)
(47.575783, 29.457167, 0.0)
(47.555325, 29.422249, 0.0)
(47.542553, 29.411598, 0.0)
(47.544407, 29.424635, 0.0)
(47.504730, 29.372740, 0.0)
(47.495472, 29.387671, 0.0)
(46.675892, 29.136566, 0.0)
(45.711056, 28.832438, 0.0)
(45.721062, 28.810257, 0.0)
(45.747814, 28.754484, 0.0)
(45.734840, 28.711584, 0.0)
(45.729031, 28.657393, 0.0)
(45.761410, 28.619099, 0.0)
(45.731194, 28.631536, 0.0)
(45.719959, 28.632071, 0.0)
(45.734509, 28.598455, 0.0)
(45.728195, 28.602100, 0.0)
(45.637901, 28.556318, 0.0)
(39.638821, 27.901974, 0.0)
(37.341972, 28.287418, 0.0)
(37.294552, 28.320087, 0.0)
(37.279785, 28.323172, 0.0)
(37.220242, 28.338381, 0.0)
(37.179844, 28.327644, 0.0)
(36.700760, 28.564329, 0.0)
(36.626080, 28.536186, 0.0)
(36.621639, 28.497025, 0.0)
(36.624771, 28.503956, 0.0)
(36.624611, 28.523325, 0.0)
(36.616367, 28.562134, 0.0)
(36.622238, 28.578281, 0.0)
(36.611351, 28.510380, 0.0)
(36.609966, 28.460745, 0.0)
(36.992970, 28.426132, 0.0)
(37.008476, 28.430527, 0.0)
(36.972946, 28.455877, 0.0)
(36.972317, 28.473019, 0.0)
(36.969028, 28.473833, 0.0)
(36.965988, 28.480902, 0.0)
(36.974968, 28.436037, 0.0)
(36.975170, 28.433256, 0.0)
(36.973705, 28.427238, 0.0)
(36.977837, 28.408264, 0.0)
(36.966896, 28.406994, 0.0)
(36.979469, 28.414837, 0.0)
(36.985695, 28.406340, 0.0)
(36.993530, 28.430769, 0.0)
(36.982178, 28.394775, 0.0)
(36.979778, 28.389435, 0.0)
(36.982712, 28.379915, 0.0)
(36.988678, 28.416941, 0.0)
(36.994392, 28.426746, 0.0)
(36.993530, 28.430769, 0.0)
(36.987877, 28.378641, 0.0)
(37.000549, 28.361204, 0.0)
(36.996937, 28.351995, 0.0)
(33.840664, 27.403162, 0.0)
(32.611813, 26.917013, 0.0)
(32.522049, 26.976212, 0.0)
(32.504536, 27.017887, 0.0)
(32.488041, 27.023130, 0.0)
(32.486156, 27.009293, 0.0)
(32.468468, 26.983988, 0.0)
(32.465675, 26.980038, 0.0)
(32.436405, 26.994181, 0.0)
(32.435215, 26.979038, 0.0)
(32.434772, 26.966377, 0.0)
(32.421146, 26.948299, 0.0)
(32.414238, 26.949200, 0.0)
(32.408020, 26.961981, 0.0)
(32.400139, 26.968615, 0.0)
(32.382446, 26.974710, 0.0)
(32.381824, 26.966496, 0.0)
(32.724285, 26.751774, 0.0)
(32.757568, 26.736115, 0.0)
(32.731754, 26.735527, 0.0)
(32.741642, 26.780603, 0.0)
(32.730190, 26.782778, 0.0)
(32.720127, 26.779219, 0.0)
(32.737782, 26.774063, 0.0)
(32.733448, 26.775089, 0.0)
(32.744961, 26.748468, 0.0)
(32.742496, 26.769230, 0.0)
(32.720501, 26.774021, 0.0)
(32.748726, 26.773153, 0.0)
(32.721607, 26.782366, 0.0)
(32.731518, 26.754284, 0.0)
(32.743504, 26.706488, 0.0)
(32.737900, 26.703373, 0.0)
(32.726597, 26.705063, 0.0)
(32.723934, 26.712940, 0.0)
(32.730572, 26.721155, 0.0)
(32.733101, 26.722898, 0.0)
(32.729736, 26.698809, 0.0)
(36.152508, 27.088303, 0.0)
(41.880501, 30.392622, 0.0)
(43.843838, 34.400398, 0.0)
(43.558258, 34.810829, 0.0)
(43.469395, 34.790928, 0.0)
(43.428665, 34.774502, 0.0)
(43.415337, 34.712448, 0.0)
(43.375271, 34.664597, 0.0)
(43.784653, 34.697460, 0.0)
(43.782341, 34.696022, 0.0)
(43.753468, 34.680870, 0.0)
(43.755997, 34.661430, 0.0)
(43.759300, 34.659958, 0.0)
(43.760830, 34.639900, 0.0)
(43.753277, 34.645382, 0.0)
(43.751076, 34.621277, 0.0)
(43.742729, 34.576801, 0.0)
(43.729183, 34.547337, 0.0)
(43.711437, 34.555004, 0.0)
(43.702206, 34.579144, 0.0)
(43.696247, 34.576382, 0.0)
(42.704456, 33.882095, 0.0)
(41.160076, 30.769018, 0.0)
(41.053917, 30.596903, 0.0)
(41.047733, 30.637611, 0.0)
(41.030979, 30.650282, 0.0)
(41.020924, 30.683752, 0.0)
(41.030289, 30.679974, 0.0)
(41.022823, 30.645283, 0.0)
(41.041382, 30.655388, 0.0)
(41.053013, 30.608131, 0.0)
(41.059467, 30.605055, 0.0)
(41.052155, 30.596510, 0.0)
(41.049355, 30.604040, 0.0)
(41.052647, 30.617685, 0.0)
(41.040321, 30.627260, 0.0)
(41.041077, 30.625587, 0.0)
(41.283905, 30.576311, 0.0)
(46.213497, 30.302727, 0.0)
(47.445709, 30.600620, 0.0)
(47.498127, 30.541300, 0.0)
(47.476398, 30.554537, 0.0)
(47.476540, 30.539928, 0.0)
(47.475708, 30.529984, 0.0)
(47.464943, 30.468815, 0.0)
(47.479729, 30.435184, 0.0)
(47.491219, 30.443808, 0.0)
(47.534298, 30.460217, 0.0)
(47.526764, 30.443157, 0.0)
(47.542969, 30.447338, 0.0)
(47.549870, 30.453606, 0.0)
(47.543968, 30.428768, 0.0)
(47.557083, 30.409866, 0.0)
(47.571419, 30.402618, 0.0)
(47.584011, 30.445473, 0.0)
(47.565845, 30.455912, 0.0)
(47.569935, 30.472305, 0.0)
(47.559258, 30.461885, 0.0)
(47.543842, 30.447285, 0.0)
(47.563595, 30.392021, 0.0)
(47.551037, 30.384785, 0.0)
(47.543282, 30.387280, 0.0)
(47.525520, 30.367268, 0.0)
(47.509338, 30.403563, 0.0)
(47.486069, 30.404987, 0.0)
(47.221813, 30.269775, 0.0)
(45.144661, 29.133221, 0.0)
(45.090199, 29.026735, 0.0)
(45.146595, 28.992748, 0.0)
(45.128845, 28.956097, 0.0)
(45.114967, 28.938890, 0.0)
(45.117188, 28.926941, 0.0)
(45.154110, 28.964478, 0.0)
(44.108849, 28.370916, 0.0)
(42.702858, 27.034113, 0.0)
(42.671207, 27.003252, 0.0)
(42.659954, 27.025101, 0.0)
(42.645283, 27.038334, 0.0)
(42.675198, 27.022383, 0.0)
(42.720329, 27.015961, 0.0)
(42.735271, 26.982161, 0.0)
(42.741646, 26.987993, 0.0)
(42.757832, 26.979048, 0.0)
(42.753445, 26.992603, 0.0)
(42.743023, 26.981230, 0.0)
(42.747795, 27.002583, 0.0)
(42.760048, 26.987526, 0.0)
(42.753292, 26.603327, 0.0)
(42.760406, 26.551622, 0.0)
(42.743675, 26.565157, 0.0)
(42.751812, 26.587545, 0.0)
(42.743675, 26.565157, 0.0)
(42.743675, 26.565157, 0.0)
(42.730530, 26.571573, 0.0)
(42.714905, 26.594181, 0.0)
(42.719017, 26.626858, 0.0)
(42.708168, 26.619644, 0.0)
(41.974678, 26.761425, 0.0)
(41.603065, 26.831364, 0.0)
(41.592197, 26.819300, 0.0)
(41.594967, 26.830479, 0.0)
(41.602180, 26.800035, 0.0)
(41.583969, 26.823658, 0.0)
(41.584938, 26.835073, 0.0)
(41.567940, 26.837711, 0.0)
(41.569424, 26.840288, 0.0)
(41.557701, 26.851393, 0.0)
(41.556511, 26.877531, 0.0)
(41.550945, 26.897133, 0.0)
(41.557899, 26.858002, 0.0)
(41.544746, 26.845808, 0.0)
(41.553589, 26.858591, 0.0)
(39.228165, 29.104321, 0.0)
(38.017941, 32.197998, 0.0)
(37.956394, 32.403172, 0.0)
(37.865971, 32.296604, 0.0)
(37.787449, 32.268791, 0.0)
(37.002411, 32.316578, 0.0)
(36.948181, 32.328785, 0.0)
(36.937866, 32.326000, 0.0)
(36.917805, 32.380608, 0.0)
(36.890919, 32.408951, 0.0)
(37.253662, 32.114475, 0.0)
(37.287682, 32.088421, 0.0)
(37.249264, 32.075653, 0.0)
(37.243179, 32.047005, 0.0)
(37.227734, 32.035587, 0.0)
(37.239494, 32.027950, 0.0)
(37.233879, 32.038727, 0.0)
(37.230499, 32.030052, 0.0)
(37.228199, 32.030743, 0.0)
(37.226093, 32.040295, 0.0)
(37.201824, 32.019936, 0.0)
(37.178230, 31.969790, 0.0)
(37.182365, 31.969152, 0.0)
(37.189007, 31.966820, 0.0)
(37.198353, 31.980053, 0.0)
(37.186966, 32.008320, 0.0)
(37.199726, 31.989952, 0.0)
(37.195419, 31.967405, 0.0)
(37.203915, 31.939156, 0.0)
(37.217072, 31.899569, 0.0)
(37.211666, 31.908846, 0.0)
(37.220215, 31.913319, 0.0)
(37.217537, 31.920034, 0.0)
(37.214806, 31.929977, 0.0)
(37.212238, 31.931116, 0.0)
(37.211231, 31.936426, 0.0)
(37.204201, 31.903242, 0.0)
(37.210968, 31.888659, 0.0)
(37.786770, 31.703028, 0.0)
(43.721825, 29.127741, 0.0)
(46.369457, 28.747353, 0.0)
(46.187241, 28.351114, 0.0)
(46.178436, 28.320997, 0.0)
(46.181847, 28.306234, 0.0)
(46.190208, 28.269936, 0.0)
(46.225441, 28.255184, 0.0)
(46.233921, 28.264601, 0.0)
(46.235661, 28.242998, 0.0)
(46.252945, 28.193314, 0.0)
(46.136662, 28.402046, 0.0)
(46.138439, 28.428656, 0.0)
(46.151508, 28.424274, 0.0)
(46.154938, 28.416769, 0.0)
(46.151508, 28.424274, 0.0)
(46.158321, 28.423967, 0.0)
(46.160698, 28.426258, 0.0)
(46.305702, 28.475178, 0.0)
(46.314941, 28.489820, 0.0)
(46.306438, 28.454029, 0.0)
(46.273109, 28.450346, 0.0)
(46.267574, 28.453024, 0.0)
(46.262295, 28.443605, 0.0)
(46.247269, 28.431816, 0.0)
(46.241879, 28.424965, 0.0)
(44.844723, 28.311531, 0.0)
(44.022739, 28.349861, 0.0)
(44.007328, 28.322126, 0.0)
(44.038662, 28.281464, 0.0)
(44.025757, 28.271633, 0.0)
(44.035290, 28.281782, 0.0)
(44.037567, 28.307194, 0.0)
(44.042088, 28.300695, 0.0)
(44.043381, 28.305197, 0.0)
(44.062325, 28.254004, 0.0)
(43.999523, 28.225895, 0.0)
(38.280281, 27.092649, 0.0)
(34.182484, 27.190460, 0.0)
(34.186520, 27.301857, 0.0)
(34.193027, 27.349535, 0.0)
(34.133427, 27.358509, 0.0)
(34.118504, 27.362377, 0.0)
(34.111034, 27.329412, 0.0)
(34.130173, 27.298603, 0.0)
(34.519089, 27.149460, 0.0)
(34.548862, 27.197536, 0.0)
(34.523483, 27.197660, 0.0)
(34.502518, 27.185369, 0.0)
(34.496590, 27.183111, 0.0)
(34.485909, 27.191101, 0.0)
(34.508907, 27.185915, 0.0)
(34.509068, 27.202175, 0.0)
(34.491486, 27.162582, 0.0)
(34.479134, 27.162672, 0.0)
(34.482216, 27.163122, 0.0)
(34.474636, 27.174234, 0.0)
(34.447922, 27.186401, 0.0)
(34.452381, 27.192057, 0.0)
(34.458466, 27.172380, 0.0)
(34.453129, 27.165298, 0.0)
(34.465298, 27.142672, 0.0)
(34.479877, 27.119976, 0.0)
(34.471474, 27.142130, 0.0)
(34.453468, 27.139811, 0.0)
(34.458462, 27.133673, 0.0)
(34.472660, 27.148129, 0.0)
(34.471249, 27.115160, 0.0)
(34.509418, 27.101730, 0.0)
(34.516369, 27.052742, 0.0)
(34.509197, 27.059132, 0.0)
(34.515606, 27.069201, 0.0)
(34.525513, 27.071350, 0.0)
(34.522266, 27.083185, 0.0)
(34.512539, 27.099710, 0.0)
(33.012245, 27.452211, 0.0)
(29.567705, 28.644894, 0.0)
(29.428524, 28.708321, 0.0)
(29.379072, 28.759058, 0.0)
(29.346277, 28.805920, 0.0)
(29.376640, 28.810501, 0.0)
(29.392509, 28.798056, 0.0)
(29.399050, 28.803656, 0.0)
(29.409861, 28.782625, 0.0)
(29.421692, 28.778679, 0.0)
(29.427900, 28.757317, 0.0)
(29.428846, 28.753345, 0.0)
(29.412270, 28.771711, 0.0)
(29.430620, 28.746445, 0.0)
(29.387093, 28.728035, 0.0)
(29.375664, 28.719980, 0.0)
(29.507515, 28.725128, 0.0)
(29.507515, 28.725128, 0.0)
(29.489843, 28.707565, 0.0)
(29.495438, 28.689129, 0.0)
(29.490526, 28.694651, 0.0)
(29.497383, 28.690065, 0.0)
(29.506952, 28.691381, 0.0)
(29.483158, 28.713137, 0.0)
(29.506105, 28.687801, 0.0)
(29.517912, 28.664881, 0.0)
(29.523682, 28.670721, 0.0)
(29.523682, 28.670721, 0.0)
(29.540113, 28.647764, 0.0)
(29.565689, 28.662546, 0.0)
(29.564373, 28.675068, 0.0)
(29.585442, 28.663248, 0.0)
(29.595375, 28.653631, 0.0)
(29.593664, 28.664057, 0.0)
(29.606539, 28.645954, 0.0)
(29.613873, 28.661880, 0.0)
(29.619970, 28.690447, 0.0)
(33.754292, 27.422003, 0.0)
(39.830658, 26.753183, 0.0)
(40.755737, 27.265518, 0.0)
(40.869247, 26.949173, 0.0)
(40.922668, 26.829651, 0.0)
(40.920109, 26.795893, 0.0)
(40.906445, 26.765053, 0.0)
(40.915234, 26.732624, 0.0)
(40.936794, 26.737623, 0.0)
(40.733620, 27.052261, 0.0)
(40.724094, 27.101561, 0.0)
(40.746517, 27.088070, 0.0)
(40.757122, 27.067537, 0.0)
(40.769691, 27.042637, 0.0)
(40.779041, 27.057117, 0.0)
(40.775475, 27.049520, 0.0)
(40.758938, 27.070019, 0.0)
(41.024441, 27.076197, 0.0)
(41.046432, 27.077660, 0.0)
(41.030594, 27.056944, 0.0)
(41.013374, 27.019794, 0.0)
(41.014996, 26.982805, 0.0)
(41.015453, 26.987503, 0.0)
(41.010494, 26.988298, 0.0)
(41.024326, 26.998806, 0.0)
(41.010952, 27.001339, 0.0)
(40.996510, 27.001493, 0.0)
(40.641373, 27.214329, 0.0)
(40.617378, 27.215979, 0.0)
(40.619617, 27.223106, 0.0)
(40.622917, 27.214962, 0.0)
(40.626167, 27.208382, 0.0)
(40.652397, 27.206890, 0.0)
(40.640034, 27.230238, 0.0)
(40.644257, 27.198233, 0.0)
(40.635174, 27.178308, 0.0)
(40.643066, 27.175055, 0.0)
(40.639767, 27.185053, 0.0)
(38.438084, 28.967627, 0.0)
(35.146069, 33.244926, 0.0)
(34.905273, 35.863316, 0.0)
(34.695332, 35.797188, 0.0)
(34.590019, 35.637733, 0.0)
(0.000000, 0.000000, 1.0)
(33.306011, 36.259029, 0.0)
(33.094830, 36.051178, 0.0)
(33.140751, 36.041531, 0.0)
(33.152138, 36.108143, 0.0)
(33.130424, 36.000797, 0.0)
(33.131622, 36.000931, 0.0)
(33.119194, 35.994278, 0.0)
(33.106220, 35.957653, 0.0)
(33.105278, 35.935162, 0.0)
(33.491295, 35.794270, 0.0)
(33.510323, 35.666302, 0.0)
(33.480721, 35.632034, 0.0)
(33.474728, 35.638653, 0.0)
(33.465935, 35.625717, 0.0)
(33.444683, 35.639355, 0.0)
(33.416496, 35.690697, 0.0)
(33.910564, 35.356255, 0.0)
(33.952263, 35.301819, 0.0)
(33.895550, 35.299355, 0.0)
(33.889614, 35.287380, 0.0)
(33.869934, 35.279140, 0.0)
(33.891842, 35.240936, 0.0)
(33.907097, 35.246353, 0.0)
(33.904549, 35.256954, 0.0)
(33.917347, 35.288063, 0.0)
(33.926651, 35.298851, 0.0)
(33.918564, 35.287075, 0.0)
(33.937946, 35.261757, 0.0)
(34.686123, 33.130894, 0.0)
(36.137024, 27.458555, 0.0)
(36.246773, 26.513767, 0.0)
(36.247505, 26.533730, 0.0)
(36.236050, 26.552578, 0.0)
(36.198093, 26.602358, 0.0)
(36.195305, 26.617107, 0.0)
(36.197723, 26.638546, 0.0)
(36.180058, 26.616993, 0.0)
(36.185448, 26.584835, 0.0)
(36.619152, 26.668486, 0.0)
(36.638851, 26.681368, 0.0)
(36.603291, 26.683077, 0.0)
(36.609978, 26.686256, 0.0)
(36.590229, 26.671076, 0.0)
(36.566414, 26.662113, 0.0)
(36.567162, 26.648203, 0.0)
(36.558029, 26.649002, 0.0)
(36.567932, 26.641838, 0.0)
(36.557014, 26.681011, 0.0)
(36.549225, 26.709402, 0.0)
(36.578526, 26.725342, 0.0)
(36.574905, 26.731041, 0.0)
(36.547726, 26.707232, 0.0)
(36.537910, 26.682114, 0.0)
(36.554039, 26.669464, 0.0)
(36.553226, 26.663448, 0.0)
(37.007023, 26.617378, 0.0)
(37.029415, 26.662600, 0.0)
(37.031639, 26.687904, 0.0)
(37.027569, 26.667099, 0.0)
(37.019947, 26.598049, 0.0)
(37.019218, 26.584398, 0.0)
(37.018082, 26.592499, 0.0)
(37.035103, 26.646822, 0.0)
(37.016457, 26.671824, 0.0)
(37.011513, 26.686596, 0.0)
(37.012836, 26.685734, 0.0)
(37.011295, 26.673042, 0.0)
(41.350681, 26.772556, 0.0)
(45.899452, 28.866161, 0.0)
(46.125202, 29.715078, 0.0)
(46.061611, 29.659765, 0.0)
(46.059322, 29.600063, 0.0)
(46.048187, 29.545990, 0.0)
(46.048817, 29.528496, 0.0)
(46.039383, 29.499037, 0.0)
(46.068821, 29.459240, 0.0)
(46.091919, 29.500673, 0.0)
(46.111111, 29.465921, 0.0)
(46.111538, 29.456226, 0.0)
(46.122772, 29.464945, 0.0)
(46.124477, 29.453629, 0.0)
(46.128979, 29.448772, 0.0)
(46.134911, 29.445663, 0.0)
(46.141918, 29.430470, 0.0)
(46.135597, 29.431278, 0.0)
(46.134365, 29.440506, 0.0)
(46.129303, 29.429277, 0.0)
(45.925472, 29.336332, 0.0)
(43.081882, 28.190672, 0.0)
(43.136185, 28.213661, 0.0)
(43.217705, 28.205006, 0.0)
(43.242172, 28.177176, 0.0)
(43.244846, 28.170071, 0.0)
(43.246243, 28.162449, 0.0)
(43.244846, 28.170071, 0.0)
(43.239346, 28.201181, 0.0)
(43.242519, 28.200306, 0.0)
(43.243904, 28.194120, 0.0)
(43.261456, 28.159557, 0.0)
(43.275459, 28.146299, 0.0)
(43.267498, 28.156403, 0.0)
(43.254452, 28.162621, 0.0)
(43.259815, 28.161669, 0.0)
(43.249237, 28.166050, 0.0)
(43.242359, 28.163200, 0.0)
(43.167789, 28.129660, 0.0)
(43.080929, 28.174507, 0.0)
(42.592976, 28.152189, 0.0)
(42.619297, 28.186745, 0.0)
(42.656670, 28.189634, 0.0)
(42.659161, 28.166040, 0.0)
(42.683533, 28.147934, 0.0)
(42.710960, 28.125753, 0.0)
(42.725925, 28.133446, 0.0)
(42.730751, 28.121649, 0.0)
(42.714211, 28.114376, 0.0)
(42.719379, 28.081291, 0.0)
(42.925034, 28.186504, 0.0)
(42.949158, 28.279308, 0.0)
(42.937996, 28.255751, 0.0)
(42.910271, 28.201839, 0.0)
(42.921669, 28.191797, 0.0)
(42.891090, 28.187790, 0.0)
(42.881126, 28.178291, 0.0)
(42.855740, 28.236881, 0.0)
(42.811153, 28.243092, 0.0)
(41.682217, 28.043255, 0.0)
(41.650383, 28.019562, 0.0)
(41.674976, 28.006359, 0.0)
(41.670403, 27.977612, 0.0)
(41.669716, 28.029156, 0.0)
(41.657482, 28.064682, 0.0)
(41.286198, 28.057440, 0.0)
(39.564266, 27.984589, 0.0)
(39.538521, 27.986574, 0.0)
(39.566246, 27.967796, 0.0)
(39.562542, 27.959583, 0.0)
(39.562542, 27.959583, 0.0)
(39.556278, 27.958883, 0.0)
(39.538521, 27.986574, 0.0)
(39.208061, 28.126621, 0.0)
(34.065609, 30.515884, 0.0)
(31.014200, 33.552742, 0.0)
(30.476475, 34.009136, 0.0)
(30.397999, 33.913090, 0.0)
(30.397072, 33.865025, 0.0)
(30.382618, 33.861397, 0.0)
(30.380581, 33.864555, 0.0)
(30.099434, 34.091999, 0.0)
(29.989225, 34.115124, 0.0)
(29.969631, 34.107399, 0.0)
(29.970608, 34.108730, 0.0)
(29.954878, 34.151348, 0.0)
(29.955645, 34.157898, 0.0)
(29.953705, 34.157375, 0.0)
(29.942661, 34.160034, 0.0)
(29.929243, 34.170773, 0.0)
(29.921947, 34.168846, 0.0)
(29.911247, 34.160736, 0.0)
(30.225754, 34.131699, 0.0)
(30.225412, 34.130299, 0.0)
(30.181145, 34.156662, 0.0)
(30.155212, 34.161655, 0.0)
(30.166082, 34.153847, 0.0)
(30.152876, 34.117268, 0.0)
(30.161640, 34.088799, 0.0)
(30.175005, 34.057720, 0.0)
(30.185665, 34.014832, 0.0)
(30.182148, 34.003613, 0.0)
(30.151234, 33.950184, 0.0)
(30.133602, 33.931732, 0.0)
(30.149355, 33.904114, 0.0)
(30.137629, 33.886631, 0.0)
(30.149982, 33.885479, 0.0)
(30.186403, 33.888256, 0.0)
(30.180206, 33.892029, 0.0)
(30.197586, 33.922726, 0.0)
(30.213299, 33.885178, 0.0)
(30.208939, 33.889782, 0.0)
(31.140688, 33.891277, 0.0)
(37.818981, 33.658962, 0.0)
(43.436512, 34.500946, 0.0)
(45.363960, 34.324596, 0.0)
(45.460030, 34.267704, 0.0)
(45.409756, 34.215816, 0.0)
(45.419407, 34.201443, 0.0)
(45.388424, 34.178295, 0.0)
(45.800861, 34.221863, 0.0)
(45.974194, 34.167667, 0.0)
(45.946968, 34.173870, 0.0)
(45.974064, 34.143818, 0.0)
(45.974968, 34.174484, 0.0)
(46.364990, 34.262295, 0.0)
(46.400745, 34.248001, 0.0)
(46.393028, 34.170952, 0.0)
(46.395634, 34.136166, 0.0)
(46.412376, 34.124954, 0.0)
(46.397682, 34.112679, 0.0)
(46.382183, 34.126007, 0.0)
(46.347000, 34.161182, 0.0)
(46.344578, 34.166714, 0.0)
(46.329781, 34.131557, 0.0)
(46.331375, 34.069439, 0.0)
(45.884056, 33.361427, 0.0)
(45.841751, 33.224064, 0.0)
(45.839127, 33.243267, 0.0)
(45.839275, 33.249210, 0.0)
(45.848049, 33.244274, 0.0)
(45.842587, 33.202240, 0.0)
(45.857418, 33.175186, 0.0)
(45.860069, 33.161068, 0.0)
(45.850266, 33.135639, 0.0)
(45.850266, 33.171368, 0.0)
(45.838577, 33.179543, 0.0)
(45.828739, 33.199055, 0.0)
(44.729225, 30.344135, 0.0)
(44.667633, 29.770782, 0.0)
(44.689991, 29.707962, 0.0)
(44.687565, 29.717541, 0.0)
(44.697521, 29.765896, 0.0)
(44.725132, 29.754982, 0.0)
(44.757763, 29.741663, 0.0)
(44.709431, 29.260494, 0.0)
(44.754639, 29.187675, 0.0)
(44.763897, 29.180246, 0.0)
(44.785038, 29.107262, 0.0)
(44.815041, 29.119192, 0.0)
(44.804863, 29.130770, 0.0)
(44.816383, 29.116093, 0.0)
(44.846622, 29.121742, 0.0)
(44.866325, 29.070915, 0.0)
(44.980022, 29.208199, 0.0)
(44.976002, 29.228756, 0.0)
(44.963337, 29.210257, 0.0)
(44.963337, 29.210257, 0.0)
(44.955509, 29.195320, 0.0)
(44.945354, 29.191635, 0.0)
(44.934490, 29.149002, 0.0)
(44.944824, 29.176224, 0.0)
(44.902596, 29.145370, 0.0)
(44.894562, 29.181736, 0.0)
(44.885025, 29.160181, 0.0)
(44.887154, 29.192411, 0.0)
(44.872101, 29.169481, 0.0)
(44.854744, 29.145811, 0.0)
(44.270859, 28.919504, 0.0)
(44.215179, 28.921589, 0.0)
(44.228851, 28.908278, 0.0)
(44.220596, 28.920141, 0.0)
(44.211590, 28.930058, 0.0)
(44.163647, 28.865526, 0.0)
(44.174213, 28.848499, 0.0)
(44.159847, 28.829800, 0.0)
(42.709976, 28.817757, 0.0)
(36.690422, 29.754290, 0.0)
(32.629692, 32.256470, 0.0)
(31.063782, 34.403679, 0.0)
(30.946482, 34.420044, 0.0)
(30.944180, 34.339161, 0.0)
(30.898275, 34.351685, 0.0)
(30.731583, 34.475826, 0.0)
(30.359985, 34.887829, 0.0)
(30.339966, 34.865948, 0.0)
(30.324324, 34.819485, 0.0)
(30.325869, 34.807468, 0.0)
(30.305389, 34.843735, 0.0)
(30.296251, 34.905975, 0.0)
(30.291182, 34.910332, 0.0)
(30.282822, 34.894276, 0.0)
(30.286009, 34.869946, 0.0)
(30.282457, 34.844608, 0.0)
(30.269407, 34.804134, 0.0)
(30.259474, 34.819443, 0.0)
(30.264105, 34.800884, 0.0)
(30.256607, 34.830555, 0.0)
(30.253513, 34.820316, 0.0)
(31.533089, 33.547916, 0.0)
(32.602852, 32.238598, 0.0)
(32.551510, 32.204166, 0.0)
(32.516094, 32.216106, 0.0)
(32.516594, 32.193932, 0.0)
(32.475246, 32.208771, 0.0)
(32.475834, 32.220753, 0.0)
(32.472466, 32.239880, 0.0)
(32.448235, 32.199646, 0.0)
(32.438602, 32.190239, 0.0)
(32.434536, 32.217838, 0.0)
(32.426144, 32.218132, 0.0)
(32.456573, 32.244156, 0.0)
(32.456573, 32.244156, 0.0)
(32.423645, 31.290323, 0.0)
(32.420853, 28.940811, 0.0)
(32.454395, 28.814604, 0.0)
(32.469189, 28.815451, 0.0)
(32.456547, 28.812477, 0.0)
(32.452290, 28.854376, 0.0)
(32.456001, 28.891577, 0.0)
(32.427063, 28.922550, 0.0)
(32.414944, 28.997137, 0.0)
(32.396206, 29.021280, 0.0)
(32.377232, 29.048525, 0.0)
(32.392170, 29.045506, 0.0)
(32.376968, 29.057896, 0.0)
(32.390697, 29.041332, 0.0)
(32.404282, 29.064257, 0.0)
(32.395721, 29.056400, 0.0)
(33.138386, 28.751484, 0.0)
(33.202988, 28.694666, 0.0)
(33.011387, 28.754921, 0.0)
(32.567654, 28.765869, 0.0)
(32.538681, 28.765350, 0.0)
(32.497066, 28.774714, 0.0)
(32.478424, 28.751879, 0.0)
(32.485405, 28.750025, 0.0)
(32.472702, 28.752739, 0.0)
(32.461277, 28.761307, 0.0)
(32.445763, 28.759336, 0.0)
(32.432747, 28.789526, 0.0)
(32.446049, 28.780914, 0.0)
(32.435783, 28.805855, 0.0)
(32.441444, 28.832434, 0.0)
(32.449032, 28.814304, 0.0)
(32.451939, 28.821098, 0.0)
(32.444881, 28.853668, 0.0)
(32.453876, 28.889357, 0.0)
(32.469410, 28.905643, 0.0)
(32.463844, 28.941319, 0.0)
(32.474476, 28.963270, 0.0)
(36.837002, 29.305056, 0.0)
(41.866386, 30.763803, 0.0)
(41.696815, 31.192507, 0.0)
(41.662895, 31.205725, 0.0)
(41.667061, 31.182060, 0.0)
(41.668655, 31.189968, 0.0)
(41.097080, 30.700592, 0.0)
(41.073391, 30.580097, 0.0)
(41.104652, 30.583942, 0.0)
(41.153908, 30.529898, 0.0)
(41.154175, 30.512775, 0.0)
(41.134598, 30.534418, 0.0)
(41.131889, 30.539951, 0.0)
(41.136684, 30.551033, 0.0)
(41.148663, 30.551268, 0.0)
(41.140465, 30.517044, 0.0)
(41.149750, 30.519341, 0.0)
(41.149845, 30.462011, 0.0)
(41.144531, 30.456932, 0.0)
(41.130299, 30.486671, 0.0)
(41.133385, 30.506590, 0.0)
(41.129410, 30.512676, 0.0)
(41.122093, 30.459597, 0.0)
(41.244484, 30.311476, 0.0)
(41.257668, 30.271757, 0.0)
(41.233711, 30.284470, 0.0)
(41.231876, 30.321978, 0.0)
(41.211464, 30.340483, 0.0)
(41.205166, 30.334229, 0.0)
(41.183678, 30.310986, 0.0)
(41.184258, 30.279718, 0.0)
(41.186523, 30.261700, 0.0)
(41.185127, 30.257856, 0.0)
(41.182285, 30.264509, 0.0)
(41.184761, 30.279057, 0.0)
(41.183090, 30.257874, 0.0)
(41.180824, 30.246019, 0.0)
(41.088688, 30.135309, 0.0)
(38.827019, 26.579348, 0.0)
(38.574230, 25.505615, 0.0)
(38.550381, 25.490707, 0.0)
(38.529804, 25.132536, 0.0)
(38.425404, 24.997980, 0.0)
(38.420395, 25.016027, 0.0)
(38.292969, 24.854176, 0.0)
(38.153553, 24.643501, 0.0)
(38.159283, 24.601583, 0.0)
(38.158916, 24.594849, 0.0)
(38.161400, 24.622375, 0.0)
(38.158527, 24.643742, 0.0)
(38.134506, 24.640646, 0.0)
(38.152134, 24.650805, 0.0)
(38.150455, 24.623659, 0.0)
(38.145912, 24.598581, 0.0)
(38.136623, 24.573195, 0.0)
(38.122025, 24.579067, 0.0)
(38.102543, 24.586258, 0.0)
(38.603859, 25.281609, 0.0)
(38.342209, 25.606386, 0.0)
(38.290802, 25.523935, 0.0)
(38.282341, 25.443737, 0.0)
(38.272449, 25.379265, 0.0)
(38.194195, 25.205376, 0.0)
(38.121265, 25.147345, 0.0)
(38.107124, 25.157127, 0.0)
(38.115715, 25.171331, 0.0)
(38.119743, 25.179928, 0.0)
(38.125397, 25.186893, 0.0)
(38.121788, 25.177269, 0.0)
(38.119740, 25.130816, 0.0)
(38.119522, 25.129280, 0.0)
(38.107010, 25.140989, 0.0)
(38.100349, 25.150480, 0.0)
(38.091919, 25.224026, 0.0)
(38.091248, 25.247803, 0.0)
(38.084293, 25.251801, 0.0)
(40.995220, 25.276009, 0.0)
(45.361080, 25.984121, 0.0)
(45.596272, 26.039263, 0.0)
(45.591694, 26.013918, 0.0)
(45.588692, 25.994143, 0.0)
(45.596931, 26.005030, 0.0)
(45.584091, 25.987192, 0.0)
(45.609722, 25.948669, 0.0)
(45.610119, 25.912746, 0.0)
(45.614906, 25.887678, 0.0)
(45.613647, 25.874201, 0.0)
(45.183315, 25.783577, 0.0)
(45.128422, 25.763901, 0.0)
(45.158562, 25.688990, 0.0)
(45.166412, 25.621962, 0.0)
(45.144131, 25.602171, 0.0)
(45.156521, 25.612164, 0.0)
(45.244747, 25.753885, 0.0)
(45.263630, 25.782858, 0.0)
(45.254589, 25.795269, 0.0)
(45.256424, 25.802038, 0.0)
(45.270184, 25.813438, 0.0)
(45.239082, 25.802624, 0.0)
(45.238445, 25.794365, 0.0)
(45.239075, 25.777231, 0.0)
(45.236950, 25.758739, 0.0)
(45.223499, 25.750175, 0.0)
(45.212479, 25.728323, 0.0)
(45.204472, 25.738741, 0.0)
(45.189705, 25.802219, 0.0)
(45.171986, 25.845551, 0.0)
(45.173927, 25.855494, 0.0)
(45.181553, 25.852442, 0.0)
(45.168877, 25.783878, 0.0)
(45.150616, 25.741945, 0.0)
(45.159309, 25.752020, 0.0)
(45.137787, 25.781469, 0.0)
(44.198318, 27.335609, 0.0)
(44.123711, 27.483709, 0.0)
(44.144951, 27.414520, 0.0)
(44.006290, 27.438602, 0.0)
(44.147316, 27.415762, 0.0)
(44.235428, 27.711740, 0.0)
(44.280319, 27.598940, 0.0)
(44.323650, 27.539783, 0.0)
(44.306705, 27.509180, 0.0)
(44.349648, 27.538891, 0.0)
(44.390038, 27.572184, 0.0)
(44.392452, 27.576271, 0.0)
(44.397152, 27.585278, 0.0)
(44.402691, 27.581497, 0.0)
(44.418640, 27.605173, 0.0)
(44.397007, 27.617025, 0.0)
(44.394958, 27.599195, 0.0)
(44.395851, 27.557537, 0.0)
(44.410660, 27.577427, 0.0)
(44.409069, 27.570709, 0.0)
(44.401634, 27.555723, 0.0)
(44.404823, 27.550573, 0.0)
(44.386677, 27.563463, 0.0)
(44.369480, 27.491077, 0.0)
(44.384312, 27.437723, 0.0)
(44.376663, 27.420691, 0.0)
(44.371235, 27.409021, 0.0)
(44.374523, 27.419130, 0.0)
(44.368504, 27.456133, 0.0)
(44.387707, 27.451145, 0.0)
(44.385853, 27.477205, 0.0)
(44.386723, 27.448545, 0.0)
(44.373936, 27.447832, 0.0)
(44.350792, 27.440254, 0.0)
(44.318340, 27.428223, 0.0)
(44.296814, 27.428417, 0.0)
(44.278866, 27.428495, 0.0)
(44.257961, 27.434124, 0.0)
(40.411377, 28.650013, 0.0)
(36.120361, 32.177700, 0.0)
(35.299706, 34.081501, 0.0)
(34.895931, 34.057186, 0.0)
(34.174068, 34.220455, 0.0)
(33.440166, 34.837132, 0.0)
(33.342224, 34.808956, 0.0)
(33.289711, 34.769436, 0.0)
(33.269245, 34.735855, 0.0)
(33.123569, 34.764027, 0.0)
(32.308887, 34.927635, 0.0)
(32.245434, 34.921314, 0.0)
(32.229858, 34.909210, 0.0)
(32.187939, 34.912380, 0.0)
(32.184971, 34.896275, 0.0)
(32.193710, 34.859089, 0.0)
(32.176983, 34.836296, 0.0)
(32.211487, 34.871586, 0.0)
(32.886909, 34.094147, 0.0)
(32.995399, 33.556000, 0.0)
(32.951885, 33.533386, 0.0)
(32.903111, 33.619591, 0.0)
(32.891281, 33.632103, 0.0)
(32.886009, 33.580513, 0.0)
(32.878422, 33.525791, 0.0)
(32.870354, 33.543373, 0.0)
(32.877998, 33.531738, 0.0)
(32.864120, 33.521530, 0.0)
(32.893974, 33.543243, 0.0)
(32.921810, 33.483002, 0.0)
(32.902229, 33.474297, 0.0)
(32.905449, 33.471878, 0.0)
(32.890881, 33.464466, 0.0)
(32.886383, 33.473709, 0.0)
(32.873466, 33.479324, 0.0)
(32.872242, 33.490887, 0.0)
(32.857403, 33.500847, 0.0)
(32.864628, 33.498386, 0.0)
(32.853577, 33.530426, 0.0)
(32.864220, 33.508152, 0.0)
(32.869957, 33.497162, 0.0)
(32.867268, 33.512470, 0.0)
(32.872868, 33.510368, 0.0)
(32.871250, 33.544453, 0.0)
(32.854710, 33.559101, 0.0)
(35.683105, 32.549084, 0.0)
(37.496342, 31.962786, 0.0)
(37.501709, 31.994965, 0.0)
(37.473713, 31.994434, 0.0)
(41.573154, 30.754864, 0.0)
(44.927750, 29.493519, 0.0)
(45.256977, 28.880383, 0.0)
(45.256382, 28.826509, 0.0)
(45.256382, 28.826509, 0.0)
(45.284451, 28.789103, 0.0)
(45.271587, 28.790823, 0.0)
(45.260361, 28.790751, 0.0)
(45.282063, 28.791260, 0.0)
(45.265045, 28.786165, 0.0)
(42.089447, 29.478676, 0.0)
(36.150047, 31.852715, 0.0)
(33.020309, 35.002613, 0.0)
(32.801250, 35.225800, 0.0)
(32.689545, 35.146564, 0.0)
(32.631912, 35.093410, 0.0)
(32.594719, 35.078869, 0.0)
(32.566109, 35.024868, 0.0)
(32.519325, 35.010944, 0.0)
(32.475842, 35.013355, 0.0)
(32.108856, 32.927841, 0.0)
(31.469761, 29.034233, 0.0)
(31.338621, 28.652855, 0.0)
(31.266983, 28.692606, 0.0)
(31.208467, 28.762527, 0.0)
(31.226332, 28.821970, 0.0)
(31.199171, 28.832726, 0.0)
(31.160814, 28.825563, 0.0)
(33.315350, 29.140217, 0.0)
(37.893059, 31.365055, 0.0)
(37.841213, 31.444752, 0.0)
(37.757755, 31.382847, 0.0)
(37.716007, 31.368147, 0.0)
(37.760242, 31.397659, 0.0)
(39.467358, 33.188354, 0.0)
(39.453068, 33.176373, 0.0)
(39.414337, 33.115993, 0.0)
(39.413338, 33.085831, 0.0)
(39.402561, 33.108425, 0.0)
(39.426243, 33.099548, 0.0)
(39.419537, 33.113052, 0.0)
(39.402016, 33.106133, 0.0)
(39.379589, 33.089664, 0.0)
(39.381840, 33.079865, 0.0)
(39.544167, 33.224823, 0.0)
(39.558182, 33.205692, 0.0)
(39.540253, 33.207245, 0.0)
(39.527893, 33.232800, 0.0)
(39.530926, 33.245773, 0.0)
(39.545685, 33.273209, 0.0)
(39.541737, 33.223007, 0.0)
(39.527348, 33.172668, 0.0)
(39.551117, 33.197453, 0.0)
(39.557392, 33.178112, 0.0)
(39.552132, 33.222515, 0.0)
(39.549782, 33.233814, 0.0)
(39.546474, 33.239819, 0.0)
(39.543755, 33.233234, 0.0)
(39.527954, 33.199036, 0.0)
(39.569767, 33.215397, 0.0)
(39.587612, 33.238087, 0.0)
(39.596581, 33.247063, 0.0)
(39.558094, 33.255489, 0.0)
(41.995007, 30.192627, 0.0)
(44.261307, 27.353167, 0.0)
(44.344582, 27.437050, 0.0)
(44.339001, 27.476019, 0.0)
(44.304867, 27.039896, 0.0)
(44.299133, 26.598078, 0.0)
(44.333900, 26.611345, 0.0)
(44.355537, 26.670553, 0.0)
(44.362595, 26.701063, 0.0)
(44.390827, 26.706881, 0.0)
(44.443684, 26.710077, 0.0)
(44.433418, 26.662991, 0.0)
(44.454796, 26.667938, 0.0)
(44.444332, 26.669373, 0.0)
(44.432243, 26.679501, 0.0)
(44.442177, 26.684788, 0.0)
(44.440464, 26.666769, 0.0)
(44.439423, 26.634277, 0.0)
(44.451824, 26.571836, 0.0)
(44.433453, 26.543081, 0.0)
(44.630981, 26.642979, 0.0)
(44.687275, 26.651505, 0.0)
(44.658466, 26.637114, 0.0)
(44.663105, 26.649637, 0.0)
(44.656631, 26.614418, 0.0)
(44.670734, 26.611902, 0.0)
(44.668484, 26.614279, 0.0)
(43.885983, 26.414412, 0.0)
(43.881611, 26.407537, 0.0)
(43.922474, 26.427847, 0.0)
(43.922359, 26.412443, 0.0)
(43.919151, 26.412689, 0.0)
(43.910839, 26.406012, 0.0)
(43.920361, 26.410223, 0.0)
(43.893681, 26.442247, 0.0)
(43.878105, 26.459650, 0.0)
(43.866108, 26.465986, 0.0)
(44.164852, 26.712488, 0.0)
(45.961964, 27.861736, 0.0)
(45.992912, 27.818827, 0.0)
(45.965534, 27.747105, 0.0)
(45.978256, 27.718916, 0.0)
(45.982239, 27.694998, 0.0)
(45.967888, 27.615955, 0.0)
(45.991386, 27.576715, 0.0)
(45.999958, 27.522699, 0.0)
(46.006836, 27.551983, 0.0)
(45.911057, 27.635008, 0.0)
(46.918827, 30.148537, 0.0)
(46.355579, 28.355246, 0.0)
(45.989227, 27.685944, 0.0)
(46.002483, 27.642847, 0.0)
(46.060646, 27.724314, 0.0)
(46.085255, 27.751308, 0.0)
(46.102631, 27.782949, 0.0)
(46.110065, 27.776138, 0.0)
(46.108562, 27.749266, 0.0)
(45.725227, 27.562088, 0.0)
(45.499859, 27.511391, 0.0)
(45.545200, 27.532240, 0.0)
(45.547039, 27.546926, 0.0)
(45.558651, 27.585014, 0.0)
(45.567711, 27.552473, 0.0)
(45.575127, 27.564230, 0.0)
(45.587730, 27.535500, 0.0)
(45.601868, 27.502947, 0.0)
(45.607857, 27.500807, 0.0)
(45.606991, 27.511986, 0.0)
(45.613270, 27.515581, 0.0)
(45.606853, 27.524553, 0.0)
(45.610012, 27.524790, 0.0)
(45.591373, 27.526047, 0.0)
(45.575535, 27.506321, 0.0)
(43.918438, 30.449800, 0.0)
(44.870773, 33.537125, 0.0)
(44.800209, 33.483170, 0.0)
(44.756611, 33.434364, 0.0)
(44.741154, 33.413723, 0.0)
(45.235924, 33.784790, 0.0)
(45.373604, 33.849575, 0.0)
(45.354912, 33.785099, 0.0)
(45.363506, 33.730537, 0.0)
(45.344837, 33.732544, 0.0)
(45.344398, 33.709927, 0.0)
(45.341728, 33.693748, 0.0)
(45.315384, 33.674263, 0.0)
(45.335777, 33.617435, 0.0)
(45.328293, 33.616230, 0.0)
(45.300068, 33.606319, 0.0)
(45.302174, 33.634460, 0.0)
(45.288578, 33.701824, 0.0)
(45.286938, 33.734543, 0.0)
(45.242481, 33.495747, 0.0)
(45.254414, 33.459545, 0.0)
(45.297932, 33.516586, 0.0)
(45.293972, 33.517563, 0.0)
(45.280029, 33.516575, 0.0)
(44.919388, 33.230995, 0.0)
(42.394703, 30.376789, 0.0)
(42.138039, 29.980244, 0.0)
(42.106716, 30.020931, 0.0)
(42.124641, 30.052546, 0.0)
(42.119827, 30.080299, 0.0)
(42.178288, 30.068623, 0.0)
(42.175045, 30.084526, 0.0)
(42.181561, 30.125954, 0.0)
(42.136211, 30.147179, 0.0)
(42.119362, 30.124390, 0.0)
(42.141407, 30.114576, 0.0)
(42.133183, 30.092079, 0.0)
(42.132706, 30.078537, 0.0)
(42.133347, 30.104956, 0.0)
(44.974125, 31.393196, 0.0)
(47.773960, 33.788662, 0.0)
(47.290226, 33.747536, 0.0)
(47.240650, 33.680031, 0.0)
(47.257236, 33.639835, 0.0)
(47.243874, 33.601017, 0.0)
(47.312912, 33.574982, 0.0)
(47.678310, 33.627022, 0.0)
(47.706776, 33.611973, 0.0)
(47.696560, 33.625111, 0.0)
(47.710114, 33.594673, 0.0)
(47.722542, 33.593098, 0.0)
(47.737682, 33.553425, 0.0)
(47.735931, 33.514633, 0.0)
(47.882439, 33.579487, 0.0)
(47.855507, 33.596088, 0.0)
(47.820377, 33.530212, 0.0)
(47.848331, 33.541306, 0.0)
(47.836910, 33.531258, 0.0)
(47.840916, 33.491940, 0.0)
(47.698193, 33.367523, 0.0)
(45.872833, 30.704540, 0.0)
(45.543602, 29.868519, 0.0)
(45.619087, 29.823683, 0.0)
(45.652580, 29.848238, 0.0)
(45.679897, 29.856071, 0.0)
(45.684597, 29.877161, 0.0)
(45.706989, 29.881290, 0.0)
(45.720383, 29.850616, 0.0)
(45.699802, 29.820972, 0.0)
(45.720444, 29.847635, 0.0)
(45.703392, 29.847160, 0.0)
(45.698303, 29.879763, 0.0)
(45.677517, 29.876724, 0.0)
(45.635899, 29.811966, 0.0)
(45.622791, 29.800547, 0.0)
(45.614857, 29.764732, 0.0)
(41.017555, 28.262259, 0.0)
(34.841129, 28.092627, 0.0)
(31.466938, 29.668526, 0.0)
(31.046675, 29.767601, 0.0)
(31.091837, 29.727270, 0.0)
(31.122412, 29.707409, 0.0)
(30.235579, 30.410759, 0.0)
(29.774736, 30.896883, 0.0)
(29.768053, 30.882051, 0.0)
(29.749022, 30.860546, 0.0)
(29.739744, 30.827517, 0.0)
(29.739748, 30.800789, 0.0)
(29.744789, 30.801195, 0.0)
(29.742672, 30.798204, 0.0)
(29.711319, 30.709356, 0.0)
(29.715809, 30.696381, 0.0)
(29.725031, 30.666172, 0.0)
(29.745483, 30.649891, 0.0)
(29.731033, 30.663143, 0.0)
(29.744671, 30.677374, 0.0)
(29.733812, 30.670509, 0.0)
(29.730547, 30.670462, 0.0)
(29.724665, 30.679398, 0.0)
(29.728010, 30.692543, 0.0)
(29.705318, 30.686932, 0.0)
(31.280069, 29.618357, 0.0)
(31.461872, 29.505747, 0.0)
(31.428900, 29.508394, 0.0)
(31.393650, 29.490747, 0.0)
(31.363976, 29.484272, 0.0)
(31.366327, 29.474096, 0.0)
(31.365767, 29.488621, 0.0)
(31.356644, 29.459494, 0.0)
(31.343029, 29.467207, 0.0)
(31.360029, 29.493271, 0.0)
(31.340572, 29.465784, 0.0)
(31.978041, 28.784216, 0.0)
(32.572910, 28.166431, 0.0)
(32.601116, 28.066607, 0.0)
(32.601696, 28.019220, 0.0)
(32.578098, 28.029799, 0.0)
(32.602158, 28.034880, 0.0)
(32.599171, 28.076376, 0.0)
(32.577927, 28.035675, 0.0)
(32.578293, 28.047939, 0.0)
(32.583881, 28.042265, 0.0)
(32.588562, 28.046301, 0.0)
(32.598499, 28.065783, 0.0)
(32.610191, 28.069157, 0.0)
(32.615849, 28.056740, 0.0)
(32.633434, 28.092670, 0.0)
(32.635223, 28.047756, 0.0)
(32.616631, 28.060577, 0.0)
(32.615608, 28.085985, 0.0)
(32.602543, 28.104908, 0.0)
(32.592960, 28.154400, 0.0)
(32.598549, 28.145287, 0.0)
(32.587444, 28.128315, 0.0)
(32.598717, 28.089319, 0.0)
(32.590275, 28.057919, 0.0)
(32.584507, 28.093987, 0.0)
(32.571865, 28.141504, 0.0)
(32.581482, 28.187616, 0.0)
(32.589531, 28.219336, 0.0)
(32.586075, 28.209896, 0.0)
(32.577469, 28.150705, 0.0)
(32.587566, 28.138811, 0.0)
(32.978577, 27.994226, 0.0)
(34.019699, 27.958735, 0.0)
(34.056774, 27.962376, 0.0)
(34.013508, 27.973953, 0.0)
(34.005718, 27.965618, 0.0)
(34.007198, 27.951820, 0.0)
(34.019115, 27.904415, 0.0)
(34.031693, 27.855415, 0.0)
(33.932980, 27.941090, 0.0)
(30.972000, 30.040588, 0.0)
(30.909132, 30.139147, 0.0)
(30.941324, 30.108721, 0.0)
(30.932718, 30.088493, 0.0)
(30.931370, 30.054108, 0.0)
(30.905699, 30.037212, 0.0)
(30.880054, 30.035847, 0.0)
(30.886011, 30.051596, 0.0)
(30.877798, 30.068758, 0.0)
(30.888517, 30.097101, 0.0)
(30.881435, 30.030550, 0.0)
(30.882267, 29.999643, 0.0)
(30.897703, 29.967161, 0.0)
(30.881388, 29.997213, 0.0)
(30.884661, 30.000998, 0.0)
(30.872766, 30.044842, 0.0)
(30.866570, 30.027351, 0.0)
(30.880287, 30.028223, 0.0)
(30.892712, 30.002481, 0.0)
(30.879889, 30.001501, 0.0)
(30.886539, 30.005545, 0.0)
(30.867350, 30.029503, 0.0)
(30.855541, 30.056118, 0.0)
(30.847160, 30.061380, 0.0)
(30.844048, 30.034931, 0.0)
(30.819790, 30.019087, 0.0)
(30.824080, 30.009926, 0.0)
(30.845818, 29.954161, 0.0)
(30.835688, 29.929842, 0.0)
(30.835724, 29.958729, 0.0)
(30.836487, 29.942677, 0.0)
(30.824852, 29.949354, 0.0)
(30.835161, 29.956499, 0.0)
(30.814415, 29.868307, 0.0)
(30.816956, 29.852564, 0.0)
(32.912197, 29.601288, 0.0)
(35.998436, 29.651461, 0.0)
(36.024036, 29.640230, 0.0)
(35.990616, 29.615494, 0.0)
(35.955784, 29.553616, 0.0)
(36.849720, 29.769064, 0.0)
(37.098850, 29.927105, 0.0)
(37.081085, 29.905458, 0.0)
(37.097965, 29.896704, 0.0)
(37.101967, 29.962667, 0.0)
(37.074074, 29.949202, 0.0)
(37.071861, 29.993160, 0.0)
(37.060673, 30.052071, 0.0)
(37.036755, 30.053585, 0.0)
(37.023178, 30.028765, 0.0)
(37.037464, 30.004692, 0.0)
(37.030838, 29.996544, 0.0)
(37.025078, 29.978071, 0.0)
(37.012459, 29.951542, 0.0)
(37.005363, 29.931076, 0.0)
(37.008099, 29.859610, 0.0)
(37.000965, 29.735250, 0.0)
(37.395237, 29.724121, 0.0)
(37.447350, 29.615086, 0.0)
(37.408073, 29.583412, 0.0)
(37.389660, 29.634985, 0.0)
(37.378014, 29.656824, 0.0)
(37.370686, 29.657921, 0.0)
(37.356300, 29.682461, 0.0)
(37.348682, 29.658785, 0.0)
(37.320381, 29.620714, 0.0)
(37.331928, 29.633877, 0.0)
(37.302605, 29.651646, 0.0)
(37.306293, 29.636295, 0.0)
(37.311230, 29.631601, 0.0)
(37.300011, 29.622662, 0.0)
(37.308598, 29.615519, 0.0)
(37.300648, 29.613226, 0.0)
(39.705784, 29.962460, 0.0)
(43.238857, 30.840525, 0.0)
(43.205544, 30.776152, 0.0)
(43.167164, 30.764053, 0.0)
(43.133312, 30.662563, 0.0)
(43.139370, 30.676542, 0.0)
(43.312939, 30.804585, 0.0)
(43.766403, 31.424009, 0.0)
(43.801792, 31.465328, 0.0)
(43.802799, 31.429655, 0.0)
(43.804001, 31.381830, 0.0)
(43.801590, 31.425200, 0.0)
(43.801590, 31.425200, 0.0)
(43.807102, 31.424175, 0.0)
(43.816147, 31.429531, 0.0)
(43.824188, 31.412161, 0.0)
(43.404034, 31.284908, 0.0)
(43.324123, 31.155546, 0.0)
(43.342728, 31.128511, 0.0)
(43.336296, 31.165020, 0.0)
(43.334129, 31.194899, 0.0)
(43.341908, 31.201681, 0.0)
(43.341103, 31.190374, 0.0)
(43.331879, 31.127893, 0.0)
(43.203201, 30.284262, 0.0)
(41.898090, 29.404816, 0.0)
(41.821999, 29.406561, 0.0)
(41.825882, 29.433716, 0.0)
(41.831966, 29.442862, 0.0)
(41.819439, 29.452068, 0.0)
(41.821190, 29.414583, 0.0)
(41.810909, 29.434841, 0.0)
(41.825424, 29.394230, 0.0)
(41.817997, 29.407133, 0.0)
(41.819267, 29.426723, 0.0)
(41.813774, 29.418341, 0.0)
(41.808262, 29.408062, 0.0)
(41.813969, 29.417830, 0.0)
(41.775505, 29.424515, 0.0)
(37.090992, 28.622076, 0.0)
(31.655985, 28.489935, 0.0)
(30.207371, 29.519953, 0.0)
(30.376707, 29.304110, 0.0)
(30.343163, 29.311188, 0.0)
(30.334179, 29.335012, 0.0)
(29.924850, 29.504280, 0.0)
(29.678022, 29.573626, 0.0)
(29.694494, 29.539974, 0.0)
(29.697350, 29.525198, 0.0)
(29.667406, 29.535856, 0.0)
(29.659016, 29.562206, 0.0)
(29.657904, 29.521873, 0.0)
(29.644566, 29.494370, 0.0)
(29.644291, 29.476103, 0.0)
(29.635130, 29.468836, 0.0)
(29.648109, 29.402430, 0.0)
(29.615084, 29.389021, 0.0)
(29.638947, 29.396460, 0.0)
(29.646912, 29.406612, 0.0)
(29.616327, 29.467564, 0.0)
(29.601095, 29.455273, 0.0)
(29.616808, 29.404079, 0.0)
(29.627035, 29.392658, 0.0)
(29.617464, 29.357744, 0.0)
(29.626299, 29.365976, 0.0)
(29.639055, 29.385057, 0.0)
(29.633553, 29.414495, 0.0)
(29.616945, 29.430754, 0.0)
(29.622101, 29.427450, 0.0)
(29.626808, 29.417286, 0.0)
(29.618095, 29.404425, 0.0)
(29.624502, 29.422180, 0.0)
(29.625137, 29.443960, 0.0)
(29.649216, 29.443096, 0.0)
(29.652475, 29.468132, 0.0)
(29.671928, 29.495811, 0.0)
(31.126974, 31.819656, 0.0)
(31.634308, 33.937599, 0.0)
(31.759062, 33.928921, 0.0)
(31.720549, 33.871258, 0.0)
(31.651215, 33.898643, 0.0)
(31.611410, 33.950619, 0.0)
(31.511852, 33.641094, 0.0)
(31.472801, 33.586117, 0.0)
(31.455214, 33.572521, 0.0)
(31.424643, 33.587921, 0.0)
(31.410404, 33.564102, 0.0)
(31.435959, 33.558975, 0.0)
(31.442282, 33.584949, 0.0)
(31.445087, 33.592098, 0.0)
(31.435053, 33.566013, 0.0)
(31.425915, 33.551765, 0.0)
(31.422104, 33.537117, 0.0)
(31.419239, 33.541084, 0.0)
(31.414473, 33.551575, 0.0)
(31.425789, 33.555420, 0.0)
(31.364866, 33.566757, 0.0)
(31.339415, 33.522858, 0.0)
(31.352514, 33.480396, 0.0)
(31.353710, 33.450378, 0.0)
(31.347370, 33.428860, 0.0)
(31.339989, 33.437313, 0.0)
(31.326391, 33.445820, 0.0)
(31.326929, 33.470352, 0.0)
(31.320951, 33.475174, 0.0)
(31.306194, 33.479977, 0.0)
(31.299416, 33.468712, 0.0)
(31.292614, 33.459709, 0.0)
(31.294369, 33.404839, 0.0)
(31.295870, 33.408619, 0.0)
(31.307072, 33.408524, 0.0)
(31.303324, 33.411449, 0.0)
(34.708473, 31.760267, 0.0)
(36.506374, 31.006298, 0.0)
(36.598965, 30.950008, 0.0)
(36.602367, 30.896770, 0.0)
(36.660885, 30.887573, 0.0)
(36.676617, 30.870937, 0.0)
(37.385044, 30.695522, 0.0)
(37.492550, 30.684000, 0.0)
(37.441856, 30.672468, 0.0)
(37.439510, 30.675478, 0.0)
(37.447319, 30.642515, 0.0)
(37.440441, 30.648836, 0.0)
(37.427658, 30.657499, 0.0)
(37.175442, 30.745157, 0.0)
(37.119061, 30.792280, 0.0)
(37.134094, 30.793671, 0.0)
(37.127766, 30.755760, 0.0)
(37.116940, 30.756536, 0.0)
(37.096390, 30.733360, 0.0)
(37.086063, 30.744444, 0.0)
(37.093414, 30.741810, 0.0)
(37.088924, 30.750864, 0.0)
(37.089794, 30.754677, 0.0)
(37.097015, 30.766088, 0.0)
(37.324547, 30.764250, 0.0)
(37.347794, 30.792448, 0.0)
(37.336269, 30.802677, 0.0)
(37.325310, 30.838575, 0.0)
(37.322620, 30.856192, 0.0)
(37.300240, 30.858320, 0.0)
(37.288006, 30.853352, 0.0)
(37.280167, 30.841818, 0.0)
(37.272049, 30.800423, 0.0)
(37.239792, 30.801128, 0.0)
(37.241302, 30.819149, 0.0)
(37.234425, 30.806185, 0.0)
(37.230537, 30.791130, 0.0)
(37.538483, 30.855274, 0.0)
(42.451584, 31.986454, 0.0)
(43.325897, 32.432030, 0.0)
(43.394772, 32.369553, 0.0)
(43.392254, 32.279701, 0.0)
(43.403763, 32.261429, 0.0)
(43.401657, 32.334717, 0.0)
(43.460896, 32.312061, 0.0)
(43.791908, 32.543777, 0.0)
(43.798454, 32.509842, 0.0)
(43.800137, 32.491856, 0.0)
(43.794399, 32.454990, 0.0)
(43.794151, 32.484200, 0.0)
(43.796562, 32.513287, 0.0)
(43.798668, 32.531826, 0.0)
(43.794853, 32.533150, 0.0)
(43.789368, 32.538612, 0.0)
(43.774097, 32.515232, 0.0)
(43.773376, 32.498974, 0.0)
(43.768265, 32.522495, 0.0)
(43.752460, 32.500248, 0.0)
(43.734512, 32.485542, 0.0)
(43.716843, 32.474972, 0.0)
(43.706905, 32.428776, 0.0)
(43.696701, 32.399681, 0.0)
(43.692760, 32.378681, 0.0)
(43.696037, 32.386086, 0.0)
(43.696625, 32.389214, 0.0)
(43.696026, 32.407421, 0.0)
(43.715050, 32.403770, 0.0)
(43.706623, 32.394783, 0.0)
(43.704632, 32.376057, 0.0)
(43.688389, 32.383965, 0.0)
(43.680584, 32.394779, 0.0)
(43.662621, 32.394356, 0.0)
(43.672523, 32.385292, 0.0)
(43.659271, 32.403358, 0.0)
(43.652058, 32.395809, 0.0)
(43.649487, 32.397648, 0.0)
(42.878010, 32.028637, 0.0)
(37.307323, 27.997402, 0.0)
(36.189507, 26.234503, 0.0)
(36.418533, 26.060097, 0.0)
(36.426422, 26.138109, 0.0)
(36.380699, 26.167570, 0.0)
(36.323414, 26.137384, 0.0)
(36.303856, 26.141539, 0.0)
(36.296944, 26.103966, 0.0)
(36.298737, 26.114092, 0.0)
(36.272709, 26.091196, 0.0)
(36.268124, 26.110092, 0.0)
(36.258850, 26.064545, 0.0)
(36.271053, 26.013723, 0.0)
(36.396332, 25.826698, 0.0)
(36.412594, 25.683828, 0.0)
(36.395916, 25.705069, 0.0)
(36.365005, 25.707842, 0.0)
(36.359009, 25.680365, 0.0)
(36.365719, 25.676331, 0.0)
(36.350670, 25.645075, 0.0)
(36.360252, 25.634293, 0.0)
(36.363281, 25.641506, 0.0)
(36.367733, 25.631557, 0.0)
(36.362305, 25.659281, 0.0)
(36.349968, 25.663353, 0.0)
(36.333904, 25.651155, 0.0)
(36.330791, 25.648958, 0.0)
(36.346107, 25.624968, 0.0)
(36.344288, 25.625612, 0.0)
(36.362335, 25.610725, 0.0)
(36.352486, 25.630432, 0.0)
(36.365559, 25.636536, 0.0)
(36.374786, 25.640139, 0.0)
(36.365719, 25.610378, 0.0)
(36.372749, 25.598148, 0.0)
(36.373558, 25.585241, 0.0)
(36.347519, 25.573769, 0.0)
(40.315845, 25.141247, 0.0)
(45.263882, 26.212465, 0.0)
(46.925861, 27.865217, 0.0)
(46.667805, 27.973694, 0.0)
(46.646347, 27.903030, 0.0)
(46.668137, 27.854595, 0.0)
(46.683620, 27.797712, 0.0)
(46.686512, 27.755121, 0.0)
(46.682140, 27.748194, 0.0)
(47.113659, 27.766573, 0.0)
(47.172169, 27.772760, 0.0)
(47.165752, 27.759651, 0.0)
(47.177067, 27.765867, 0.0)
(47.172234, 27.750153, 0.0)
(47.172543, 27.732244, 0.0)
(47.201462, 27.703564, 0.0)
(47.192726, 27.669418, 0.0)
(47.192482, 27.663559, 0.0)
(47.183468, 27.664831, 0.0)
(47.170460, 27.649401, 0.0)
(47.170746, 27.618990, 0.0)
(47.170750, 27.588863, 0.0)
(47.162895, 27.543282, 0.0)
(47.142910, 27.565165, 0.0)
(47.119400, 27.637789, 0.0)
(46.433208, 27.463984, 0.0)
(41.922440, 25.929153, 0.0)
(41.832836, 25.874153, 0.0)
(41.897816, 25.764879, 0.0)
(41.923103, 25.675430, 0.0)
(41.928986, 25.645374, 0.0)
(41.938297, 25.670370, 0.0)
(41.939884, 25.686434, 0.0)
(41.940197, 25.725319, 0.0)
(41.946373, 25.739534, 0.0)
(41.941093, 25.682611, 0.0)
(41.930073, 25.625706, 0.0)
(41.909710, 25.596338, 0.0)
(44.307446, 25.175922, 0.0)
(45.112984, 25.082136, 0.0)
(45.147079, 25.117592, 0.0)
(45.132210, 25.156466, 0.0)
(45.165531, 25.104431, 0.0)
(45.221935, 24.840250, 0.0)
(45.232201, 24.765478, 0.0)
(45.248745, 24.733740, 0.0)
(45.237946, 24.685419, 0.0)
(45.267231, 24.682838, 0.0)
(45.256172, 24.690680, 0.0)
(45.229359, 24.657156, 0.0)
(45.227753, 24.669399, 0.0)
(45.405365, 24.789743, 0.0)
(45.398003, 24.769281, 0.0)
(45.394066, 24.767385, 0.0)
(45.393944, 24.772318, 0.0)
(45.385860, 24.763556, 0.0)
(45.389107, 24.768389, 0.0)
(45.360580, 24.787264, 0.0)
(45.184074, 24.705973, 0.0)
(44.876404, 24.613518, 0.0)
(44.860638, 24.583181, 0.0)
(44.850197, 24.563114, 0.0)
(44.851780, 24.542599, 0.0)
(44.841930, 24.560524, 0.0)
(44.837421, 24.608973, 0.0)
(44.827457, 24.649902, 0.0)
(44.823704, 24.654379, 0.0)
(44.823532, 24.612955, 0.0)
(44.853176, 25.010723, 0.0)
(44.831604, 25.087805, 0.0)
(44.819290, 25.064480, 0.0)
(44.796200, 25.058718, 0.0)
(44.793678, 25.070015, 0.0)
(44.791679, 25.061401, 0.0)
(44.778049, 25.021992, 0.0)
(45.596405, 26.061577, 0.0)
(48.117115, 30.473278, 0.0)
(47.716103, 33.443977, 0.0)
(47.260017, 33.683945, 0.0)
(47.266533, 33.601181, 0.0)
(47.275810, 33.521057, 0.0)
(47.270260, 33.474300, 0.0)
(47.267185, 33.416039, 0.0)
(47.706726, 34.008526, 0.0)
(47.727882, 33.976051, 0.0)
(47.727829, 33.921757, 0.0)
(47.737305, 33.946907, 0.0)
(47.725964, 33.958912, 0.0)
(47.715889, 33.937164, 0.0)
(47.707283, 33.930771, 0.0)
(47.717037, 33.900211, 0.0)
(47.697529, 33.868446, 0.0)
(47.691181, 33.868088, 0.0)
(47.661713, 33.897274, 0.0)
(47.646484, 33.916225, 0.0)
(47.641800, 33.936192, 0.0)
(47.609604, 33.936390, 0.0)
(45.479156, 31.584436, 0.0)
(44.609673, 29.739708, 0.0)
(44.629181, 29.672703, 0.0)
(44.677292, 29.647415, 0.0)
(44.683155, 29.664902, 0.0)
(44.698067, 29.676521, 0.0)
(44.692280, 29.671192, 0.0)
(44.707291, 29.712360, 0.0)
(44.711231, 29.718771, 0.0)
(44.725800, 29.674406, 0.0)
(44.754890, 29.605543, 0.0)
(44.749168, 29.583218, 0.0)
(44.765541, 29.594725, 0.0)
(44.732525, 29.640701, 0.0)
(44.720287, 29.664938, 0.0)
(42.127541, 29.204111, 0.0)
(0.000000, 0.000000, 1.0)
(33.839233, 28.219471, 0.0)
(34.364597, 28.279768, 0.0)
(34.403587, 28.381699, 0.0)
(34.381870, 28.384773, 0.0)
(34.329254, 28.405924, 0.0)
(34.874550, 30.502169, 0.0)
(35.003014, 28.584412, 0.0)
(34.671078, 27.881079, 0.0)
(34.809727, 27.847172, 0.0)
(34.834007, 27.855568, 0.0)
(34.835968, 27.826839, 0.0)
(34.837936, 27.840961, 0.0)
(34.831074, 27.843208, 0.0)
(34.438435, 28.127228, 0.0)
(34.402798, 28.199074, 0.0)
(34.429276, 28.218513, 0.0)
(34.449898, 28.205887, 0.0)
(34.457954, 28.229973, 0.0)
(34.463703, 28.212496, 0.0)
(34.474319, 28.195736, 0.0)
(34.685810, 28.111431, 0.0)
(34.714184, 28.095360, 0.0)
(34.692738, 28.117760, 0.0)
(34.689327, 28.110769, 0.0)
(34.681412, 28.106085, 0.0)
(34.681118, 28.079706, 0.0)
(34.655262, 28.070938, 0.0)
(34.641418, 28.090986, 0.0)
(34.640640, 28.081842, 0.0)
(34.616261, 28.074442, 0.0)
(34.613445, 28.094526, 0.0)
(34.623684, 28.097483, 0.0)
(34.665104, 28.187948, 0.0)
(39.615406, 31.571175, 0.0)
(40.248402, 35.030437, 0.0)
(40.144444, 35.053364, 0.0)
(40.083618, 34.915279, 0.0)
(40.059727, 34.870670, 0.0)
(40.031837, 34.887226, 0.0)
(40.016109, 34.874931, 0.0)
(40.004654, 34.880417, 0.0)
(39.974159, 34.914131, 0.0)
(39.969398, 34.907467, 0.0)
(39.980083, 34.884232, 0.0)
(39.981255, 34.868614, 0.0)
(39.967007, 34.895981, 0.0)
(39.997566, 34.899345, 0.0)
(39.998760, 34.921482, 0.0)
(40.010899, 34.961666, 0.0)
(40.015308, 34.950844, 0.0)
(39.915600, 35.004204, 0.0)
(39.836681, 35.078979, 0.0)
(39.822514, 35.061909, 0.0)
(39.806145, 35.108047, 0.0)
(39.773121, 35.094536, 0.0)
(39.766834, 35.080814, 0.0)
(39.755928, 35.103489, 0.0)
(39.724297, 35.024376, 0.0)
(39.696354, 34.992283, 0.0)
(39.688229, 34.926697, 0.0)
(39.765778, 33.760700, 0.0)
(39.558720, 32.846077, 0.0)
(39.505779, 32.844128, 0.0)
(39.480953, 32.920235, 0.0)
(39.470592, 32.883495, 0.0)
(39.454624, 32.810871, 0.0)
(39.462791, 32.778877, 0.0)
(39.465103, 32.771526, 0.0)
(39.439056, 32.827991, 0.0)
(39.474529, 32.846283, 0.0)
(43.565178, 29.400898, 0.0)
(46.051224, 26.670235, 0.0)
(46.069180, 26.331881, 0.0)
(46.105419, 26.408791, 0.0)
(46.105602, 26.366291, 0.0)
(46.156487, 26.303486, 0.0)
(46.574013, 26.099411, 0.0)
(46.592499, 26.061401, 0.0)
(46.582500, 26.056606, 0.0)
(46.601082, 26.060959, 0.0)
(46.640659, 26.070480, 0.0)
(46.645790, 26.013245, 0.0)
(46.638878, 25.979675, 0.0)
(46.643963, 25.965904, 0.0)
(46.631088, 25.988197, 0.0)
(46.800331, 26.023737, 0.0)
(46.793385, 26.032862, 0.0)
(46.791458, 26.005892, 0.0)
(46.759018, 25.967945, 0.0)
(46.735294, 25.916183, 0.0)
(46.724953, 25.920000, 0.0)
(46.712769, 25.926287, 0.0)
(46.710213, 25.956499, 0.0)
(46.710007, 25.973227, 0.0)
(46.728138, 25.991089, 0.0)
(46.718456, 25.961672, 0.0)
(46.705776, 25.940563, 0.0)
(46.697788, 25.935530, 0.0)
(43.950405, 25.360498, 0.0)
(42.926075, 25.389650, 0.0)
(42.933674, 25.377134, 0.0)
(42.976265, 25.315439, 0.0)
(42.973423, 25.267721, 0.0)
(42.970825, 25.258793, 0.0)
(42.954353, 25.248886, 0.0)
(42.951874, 25.239470, 0.0)
(44.906624, 27.404406, 0.0)
(46.780815, 31.209063, 0.0)
(46.778812, 32.039925, 0.0)
(46.669540, 31.993654, 0.0)
(47.071377, 34.297806, 0.0)
(46.228600, 31.824970, 0.0)
(46.371780, 31.516455, 0.0)
(46.438602, 31.551588, 0.0)
(46.481556, 31.483356, 0.0)
(46.497871, 31.443989, 0.0)
(46.503452, 31.416153, 0.0)
(46.508461, 31.377342, 0.0)
(46.503033, 31.392988, 0.0)
(46.510815, 31.393805, 0.0)
(46.771633, 31.516575, 0.0)
(46.776413, 31.549007, 0.0)
(46.763210, 31.539146, 0.0)
(46.761818, 31.526672, 0.0)
(46.752037, 31.488493, 0.0)
(46.744083, 31.483162, 0.0)
(46.745743, 31.468353, 0.0)
(46.740017, 31.483690, 0.0)
(46.734642, 31.535105, 0.0)
(46.733349, 31.548306, 0.0)
(46.723167, 31.530914, 0.0)
(46.721981, 31.481279, 0.0)
(46.734936, 31.469213, 0.0)
(46.735413, 31.462564, 0.0)
(46.727135, 31.461710, 0.0)
(46.745651, 31.502365, 0.0)
(46.738163, 31.494349, 0.0)
(46.750050, 31.458004, 0.0)
(46.770267, 31.427185, 0.0)
(46.744682, 31.348761, 0.0)
(46.734570, 31.329784, 0.0)
(46.725452, 31.353592, 0.0)
(45.153099, 32.068054, 0.0)
(40.037880, 34.717232, 0.0)
(38.806587, 35.889610, 0.0)
(38.631050, 35.832405, 0.0)
(38.546173, 35.737438, 0.0)
(37.895702, 35.376060, 0.0)
(37.776989, 35.224716, 0.0)
(37.765995, 35.243855, 0.0)
(37.699394, 35.305553, 0.0)
(37.691681, 35.335087, 0.0)
(37.689064, 35.341576, 0.0)
(37.671562, 35.301125, 0.0)
(37.633255, 35.299046, 0.0)
(37.635246, 35.259575, 0.0)
(37.609344, 35.275803, 0.0)
(37.599415, 35.330780, 0.0)
(37.590607, 35.348057, 0.0)
(37.583656, 35.336048, 0.0)
(37.578854, 35.323570, 0.0)
(37.566692, 35.312172, 0.0)
(37.559135, 35.292404, 0.0)
(37.532578, 35.316467, 0.0)
(37.508091, 35.314007, 0.0)
(37.521145, 35.281673, 0.0)
(37.511795, 35.258598, 0.0)
(37.522465, 35.275131, 0.0)
(37.497524, 35.274734, 0.0)
(37.490551, 35.235489, 0.0)
(37.487335, 35.187332, 0.0)
(37.481960, 35.153328, 0.0)
(37.480824, 35.110218, 0.0)
(37.476746, 35.116203, 0.0)
(37.485775, 35.143600, 0.0)
(37.472412, 35.169651, 0.0)
(37.488892, 35.111740, 0.0)
(37.472843, 35.058914, 0.0)
(37.488972, 35.058727, 0.0)
(37.475735, 35.048161, 0.0)
(37.795158, 34.529800, 0.0)
(40.628017, 28.690950, 0.0)
(40.019474, 25.123383, 0.0)
(40.156525, 24.989025, 0.0)
(40.166237, 24.993073, 0.0)
(40.159660, 24.942324, 0.0)
(40.174530, 24.891508, 0.0)
(40.436848, 24.615652, 0.0)
(40.505737, 24.579424, 0.0)
(40.504364, 24.597618, 0.0)
(40.502354, 24.606680, 0.0)
(40.502731, 24.594719, 0.0)
(40.532410, 24.589111, 0.0)
(40.535061, 24.556852, 0.0)
(40.544838, 24.528488, 0.0)
(40.529739, 24.543005, 0.0)
(40.532310, 24.538523, 0.0)
(40.527679, 24.574846, 0.0)
(40.541229, 24.547989, 0.0)
(40.523869, 24.543339, 0.0)
(40.512417, 24.533125, 0.0)
(40.500324, 24.533951, 0.0)
(40.497108, 24.512821, 0.0)
(40.483166, 24.531858, 0.0)
(40.472027, 24.538462, 0.0)
(40.329422, 25.368534, 0.0)
(40.297619, 25.477991, 0.0)
(40.290825, 25.398649, 0.0)
(40.295258, 25.368725, 0.0)
(40.279556, 25.348127, 0.0)
(40.274685, 25.362129, 0.0)
(40.249477, 25.374166, 0.0)
(40.264965, 25.395210, 0.0)
(40.246391, 25.359434, 0.0)
(40.243935, 25.322027, 0.0)
(40.225037, 25.292877, 0.0)
(40.105953, 25.383926, 0.0)
(35.408775, 28.710526, 0.0)
(33.256371, 33.317974, 0.0)
(33.258011, 33.904026, 0.0)
(33.278820, 33.718395, 0.0)
(33.270084, 33.645435, 0.0)
(33.226688, 33.552456, 0.0)
(33.180889, 33.515850, 0.0)
(33.169762, 33.471424, 0.0)
(33.278427, 33.084621, 0.0)
(33.272717, 32.946777, 0.0)
(33.231636, 32.983788, 0.0)
(33.215591, 32.966003, 0.0)
(33.209621, 32.944435, 0.0)
(33.193325, 32.951599, 0.0)
(33.172226, 32.940552, 0.0)
(33.142460, 32.960464, 0.0)
(33.155872, 32.994511, 0.0)
(33.126598, 33.033848, 0.0)
(33.141479, 33.057556, 0.0)
(33.142685, 33.053802, 0.0)
(33.129955, 33.008968, 0.0)
(33.146702, 32.935543, 0.0)
(33.130264, 32.941143, 0.0)
(33.132095, 32.960712, 0.0)
(33.132874, 33.012318, 0.0)
(33.126453, 33.046253, 0.0)
(33.133965, 33.037827, 0.0)
(33.128941, 33.007900, 0.0)
(33.122021, 32.926937, 0.0)
(33.111000, 32.916824, 0.0)
(33.109097, 32.934376, 0.0)
(33.097775, 32.955826, 0.0)
(33.089481, 32.969448, 0.0)
(33.079716, 32.985188, 0.0)
(33.083279, 32.943176, 0.0)
(33.095924, 32.902122, 0.0)
(33.127129, 32.901131, 0.0)
(33.107708, 32.906261, 0.0)
(37.367123, 30.896694, 0.0)
(43.647453, 29.023085, 0.0)
(45.023304, 28.902584, 0.0)
(45.073799, 28.788124, 0.0)
(45.061363, 28.712378, 0.0)
(45.073715, 28.653469, 0.0)
(45.099182, 28.621002, 0.0)
(45.112587, 28.561951, 0.0)
(45.120163, 28.568281, 0.0)
(45.135521, 28.598913, 0.0)
(45.128696, 28.575930, 0.0)
(45.128174, 28.514893, 0.0)
(45.164913, 28.475008, 0.0)
(45.175785, 28.453945, 0.0)
(45.165215, 28.463560, 0.0)
(45.169853, 28.515152, 0.0)
(45.181789, 28.545721, 0.0)
(45.179474, 28.557169, 0.0)
(45.185051, 28.539312, 0.0)
(45.184292, 28.510227, 0.0)
(45.178387, 28.499790, 0.0)
(45.180504, 28.487820, 0.0)
(45.163700, 28.504496, 0.0)
(45.168510, 28.518427, 0.0)
(45.166618, 28.523481, 0.0)
(45.161087, 28.477503, 0.0)
(45.151726, 28.462795, 0.0)
(45.147209, 28.477932, 0.0)
(45.125744, 28.423861, 0.0)
(45.126846, 28.434269, 0.0)
(45.131691, 28.444166, 0.0)
(45.125450, 28.445461, 0.0)
(45.126549, 28.468132, 0.0)
(45.109928, 28.477812, 0.0)
(45.112690, 28.446003, 0.0)
(45.107014, 28.413645, 0.0)
(42.093479, 27.304653, 0.0)
(40.572308, 26.581810, 0.0)
(40.533596, 26.602571, 0.0)
(40.542065, 26.625557, 0.0)
(40.514500, 26.616886, 0.0)
(40.515934, 26.596762, 0.0)
(40.542419, 26.517618, 0.0)
(40.892086, 26.187593, 0.0)
(40.877453, 26.152496, 0.0)
(40.883266, 26.143396, 0.0)
(40.886986, 26.145426, 0.0)
(40.887596, 26.149752, 0.0)
(40.883953, 26.113895, 0.0)
(40.877007, 26.114223, 0.0)
(40.875172, 26.114122, 0.0)
(40.872440, 26.094225, 0.0)
(40.859142, 26.067225, 0.0)
(40.874069, 26.091484, 0.0)
(40.865814, 26.079121, 0.0)
(40.865269, 26.093674, 0.0)
(40.869678, 26.117706, 0.0)
(40.841213, 26.144243, 0.0)
(40.841942, 26.139219, 0.0)
(40.810455, 26.067446, 0.0)
(40.508873, 26.569382, 0.0)
(40.500252, 26.646486, 0.0)
(40.498405, 26.595865, 0.0)
(40.495544, 26.615250, 0.0)
(40.498558, 26.585670, 0.0)
(40.514572, 26.601112, 0.0)
(40.491280, 26.531229, 0.0)
(40.482887, 26.505337, 0.0)
(40.496288, 26.506340, 0.0)
(40.499481, 26.533907, 0.0)
(40.482437, 26.558306, 0.0)
(40.489250, 26.571568, 0.0)
(40.468979, 26.610027, 0.0)
(40.472050, 26.610592, 0.0)
(39.276348, 27.364538, 0.0)
(35.110985, 30.867535, 0.0)
(34.842056, 32.057331, 0.0)
(35.071770, 31.988987, 0.0)
(35.013187, 31.936260, 0.0)
(34.975452, 31.903065, 0.0)
(34.982033, 31.886362, 0.0)
(34.974640, 31.870031, 0.0)
(34.965237, 31.821508, 0.0)
(34.960285, 31.807661, 0.0)
(34.977016, 31.810480, 0.0)
(34.988621, 31.803200, 0.0)
(34.986717, 31.815849, 0.0)
(34.985447, 31.811520, 0.0)
(34.982227, 31.802910, 0.0)
(34.953453, 31.829718, 0.0)
(35.947033, 31.312820, 0.0)
(36.018829, 31.237183, 0.0)
(35.977932, 31.209114, 0.0)
(35.979778, 31.178343, 0.0)
(35.983955, 31.185123, 0.0)
(35.972237, 31.178707, 0.0)
(35.967701, 31.185505, 0.0)
(35.967255, 31.192963, 0.0)
(35.988548, 31.182753, 0.0)
(35.989758, 31.245224, 0.0)
(35.979210, 31.270433, 0.0)
(35.989826, 31.254316, 0.0)
(35.982208, 31.230692, 0.0)
(35.987801, 31.183531, 0.0)
(35.994247, 31.172615, 0.0)
(36.008438, 31.206373, 0.0)
(36.008438, 31.206373, 0.0)
(36.012836, 31.214941, 0.0)
(36.011238, 31.229395, 0.0)
(36.011814, 31.209858, 0.0)
(36.017338, 31.218342, 0.0)
(36.005592, 31.203863, 0.0)
(36.727520, 30.928495, 0.0)
(41.697201, 29.374571, 0.0)
(41.804611, 29.416470, 0.0)
(41.756584, 29.433762, 0.0)
(41.759319, 29.453979, 0.0)
(41.749695, 29.416462, 0.0)
(41.735722, 29.381603, 0.0)
(41.743767, 29.343536, 0.0)
(41.733734, 29.314962, 0.0)
(41.734684, 29.311937, 0.0)
(41.728683, 29.310223, 0.0)
(41.725819, 29.282154, 0.0)
(41.638840, 29.316423, 0.0)
(41.494213, 29.495117, 0.0)
(41.486401, 29.480406, 0.0)
(41.508289, 29.460556, 0.0)
(41.498672, 29.464285, 0.0)
(41.490330, 29.491688, 0.0)
(41.472023, 29.452200, 0.0)
(41.451431, 29.430277, 0.0)
(41.461998, 29.421738, 0.0)
(41.441402, 29.412008, 0.0)
(41.460663, 29.451153, 0.0)
(41.455517, 29.486282, 0.0)
(41.455555, 29.463720, 0.0)
(41.436337, 29.491606, 0.0)
(41.443493, 29.465181, 0.0)
(41.447071, 29.437382, 0.0)
(41.452168, 29.431959, 0.0)
(41.451942, 29.419115, 0.0)
(41.454487, 29.417088, 0.0)
(41.459518, 29.437666, 0.0)
(41.456566, 29.423050, 0.0)
(41.465446, 29.464764, 0.0)
(41.465473, 29.439405, 0.0)
(41.459263, 29.414743, 0.0)
(41.464733, 29.385475, 0.0)
(41.462280, 29.385395, 0.0)
(42.483009, 28.796499, 0.0)
(46.573097, 26.969061, 0.0)
(46.212608, 26.595165, 0.0)
(46.235958, 26.597200, 0.0)
(46.343567, 26.592575, 0.0)
(46.257206, 26.595673, 0.0)
(46.173023, 26.634258, 0.0)
(46.147022, 26.630487, 0.0)
(46.089134, 26.628162, 0.0)
(46.078541, 26.571609, 0.0)
(46.108006, 26.604074, 0.0)
(46.099125, 26.600000, 0.0)
(46.107510, 26.569149, 0.0)
(46.115917, 26.557302, 0.0)
(46.102871, 26.555288, 0.0)
(46.115578, 26.558218, 0.0)
(46.088509, 26.582327, 0.0)
(46.098881, 26.544025, 0.0)
(46.097038, 26.544725, 0.0)
(46.097595, 26.537117, 0.0)
(46.090305, 26.529596, 0.0)
(46.082863, 26.512199, 0.0)
(46.205685, 26.641781, 0.0)
(46.205044, 26.686260, 0.0)
(46.222046, 26.689806, 0.0)
(46.199398, 26.685709, 0.0)
(46.195473, 26.697744, 0.0)
(46.201496, 26.701902, 0.0)
(46.212799, 26.671789, 0.0)
(46.195488, 26.688520, 0.0)
(46.198292, 26.686886, 0.0)
(46.187832, 26.712790, 0.0)
(46.194504, 26.713678, 0.0)
(46.190956, 26.712057, 0.0)
(46.200645, 26.712511, 0.0)
(46.209145, 26.693016, 0.0)
(46.194859, 26.650965, 0.0)
(42.816048, 27.518311, 0.0)
(38.940720, 29.373701, 0.0)
(36.628193, 30.136808, 0.0)
(33.978931, 30.794834, 0.0)
(33.488930, 31.058048, 0.0)
(33.438335, 31.103212, 0.0)
(31.912567, 32.421394, 0.0)
(31.831066, 32.517105, 0.0)
(31.841635, 32.448685, 0.0)
(31.853987, 32.415184, 0.0)
(31.857475, 32.388676, 0.0)
(31.813072, 32.539845, 0.0)
(31.595938, 34.385498, 0.0)
(31.522379, 34.582199, 0.0)
(31.934429, 34.996391, 0.0)
(32.456520, 36.011684, 0.0)
(32.421112, 36.010361, 0.0)
(32.390053, 35.964596, 0.0)
(32.345448, 35.988403, 0.0)
(32.321941, 36.005253, 0.0)
(32.306843, 35.952869, 0.0)
(32.297241, 35.906010, 0.0)
(32.294979, 35.885338, 0.0)
(32.277458, 35.861816, 0.0)
(32.274475, 35.840733, 0.0)
(32.255138, 35.865837, 0.0)
(32.228630, 35.867428, 0.0)
(32.378189, 35.524410, 0.0)
(32.358761, 35.479843, 0.0)
(32.321690, 35.465462, 0.0)
(32.298752, 35.466877, 0.0)
(32.298676, 35.447006, 0.0)
(32.273842, 35.433964, 0.0)
(32.273808, 35.398693, 0.0)
(32.273083, 35.408432, 0.0)
(32.264660, 35.428585, 0.0)
(32.254093, 35.445511, 0.0)
(32.400955, 35.371864, 0.0)
(38.419487, 32.376225, 0.0)
(41.755444, 31.488932, 0.0)
(41.836956, 31.538462, 0.0)
(41.846226, 31.566069, 0.0)
(41.844398, 31.602802, 0.0)
(41.839306, 31.594116, 0.0)
(41.871941, 31.588057, 0.0)
(41.918049, 31.572920, 0.0)
(41.925648, 31.573807, 0.0)
(41.921654, 31.587637, 0.0)
(41.923725, 31.612782, 0.0)
(41.931538, 31.622040, 0.0)
(41.919525, 31.605936, 0.0)
(41.917233, 31.572702, 0.0)
(41.921890, 31.566290, 0.0)
(41.912598, 31.555872, 0.0)
(41.904125, 31.549824, 0.0)
(41.900028, 31.538376, 0.0)
(41.897179, 31.528206, 0.0)
(41.893673, 31.534782, 0.0)
(41.897541, 31.558897, 0.0)
(41.882038, 31.544733, 0.0)
(41.882717, 31.583559, 0.0)
(41.574638, 30.981241, 0.0)
(41.058372, 28.839622, 0.0)
(40.887348, 28.110313, 0.0)
(40.883614, 28.196074, 0.0)
(40.860943, 28.246460, 0.0)
(40.847359, 28.284342, 0.0)
(40.877895, 28.289124, 0.0)
(40.896076, 28.320024, 0.0)
(40.875259, 28.294304, 0.0)
(40.877377, 28.273602, 0.0)
(40.877548, 28.313120, 0.0)
(40.850903, 28.301350, 0.0)
(40.867172, 28.296217, 0.0)
(40.875267, 28.328068, 0.0)
(40.866680, 28.338753, 0.0)
(42.119587, 29.153263, 0.0)
(46.098511, 32.934685, 0.0)
(45.456108, 34.705784, 0.0)
(45.227314, 34.645977, 0.0)
(45.227322, 34.557465, 0.0)
(45.216961, 34.491287, 0.0)
(45.507229, 34.619144, 0.0)
(45.750446, 34.721287, 0.0)
(45.746456, 34.619694, 0.0)
(45.742928, 34.595066, 0.0)
(45.739552, 34.587811, 0.0)
(45.721642, 34.604759, 0.0)
(45.692791, 34.616814, 0.0)
(45.667728, 34.586647, 0.0)
(45.647984, 34.550144, 0.0)
(45.641663, 34.521126, 0.0)
(45.631027, 34.505226, 0.0)
(45.623219, 34.490292, 0.0)
(45.607742, 34.509285, 0.0)
(44.576176, 33.111851, 0.0)
(43.607925, 30.414539, 0.0)
(43.077732, 29.438791, 0.0)
(43.025108, 29.471569, 0.0)
(43.030704, 29.468605, 0.0)
(43.015594, 29.498396, 0.0)
(43.023193, 29.566662, 0.0)
(43.024044, 29.589283, 0.0)
(43.039337, 29.595335, 0.0)
(43.072128, 29.596655, 0.0)
(43.070831, 29.601624, 0.0)
(43.090511, 29.567856, 0.0)
(43.098095, 29.548172, 0.0)
(43.092319, 29.524221, 0.0)
(43.097076, 29.511513, 0.0)
(43.100136, 29.510860, 0.0)
(43.080921, 29.524977, 0.0)
(43.073441, 29.515980, 0.0)
(43.080963, 29.517967, 0.0)
(43.086281, 29.490156, 0.0)
(43.087509, 29.480270, 0.0)
(43.092880, 29.479986, 0.0)
(43.078236, 29.471708, 0.0)
(43.082100, 29.478542, 0.0)
(43.082821, 29.477962, 0.0)
(43.084023, 29.514887, 0.0)
(43.077751, 29.537544, 0.0)
(43.071522, 29.525002, 0.0)
(43.071621, 29.536415, 0.0)
(43.079056, 29.525791, 0.0)
(43.082188, 29.520895, 0.0)
(43.080055, 29.512657, 0.0)
(43.118080, 29.508108, 0.0)
(43.101063, 29.484198, 0.0)
(43.104004, 29.541517, 0.0)
(43.101025, 29.531336, 0.0)
(43.098103, 29.540400, 0.0)
(40.966038, 29.708279, 0.0)
(40.689663, 29.694828, 0.0)
(40.719692, 29.640226, 0.0)
(40.705078, 29.648653, 0.0)
(40.727631, 29.656794, 0.0)
(40.697258, 29.660536, 0.0)
(40.574581, 29.621927, 0.0)
(40.988438, 30.263462, 0.0)
