{
  "prompt": "black pupil.",
  "gsam2_centers": [
    {
      "valid": true,
      "cx": 225.37,
      "cy": 98.77,
      "area": 372,
      "det_score": 0.4072,
      "sam_score": 0.9494,
      "box": [
        216.7,
        85.3,
        235.6,
        113.0
      ],
      "repeats": [
        [
          225.2,
          98.77
        ],
        [
          225.55,
          98.92
        ],
        [
          225.39,
          98.87
        ],
        [
          225.44,
          98.65
        ],
        [
          226.48000000000002,
          98.93
        ]
      ],
      "idx": 1507,
      "mislabel": false,
      "mislabel_reason": "ok",
      "e_unet": 0.88
    },
    {
      "valid": true,
      "cx": 225.41,
      "cy": 99.09,
      "area": 369,
      "det_score": 0.399,
      "sam_score": 0.9484,
      "box": [
        216.7,
        85.5,
        235.7,
        113.2
      ],
      "repeats": [
        [
          225.44,
          98.93
        ],
        [
          225.59,
          99.14
        ],
        [
          225.51,
          99.15
        ],
        [
          225.65,
          98.91
        ],
        [
          226.32999999999998,
          99.06
        ]
      ],
      "idx": 1508,
      "mislabel": false,
      "mislabel_reason": "ok",
      "e_unet": 1.05
    },
    {
      "valid": true,
      "cx": 225.53,
      "cy": 99.18,
      "area": 362,
      "det_score": 0.3971,
      "sam_score": 0.9487,
      "box": [
        216.9,
        85.6,
        235.8,
        113.2
      ],
      "repeats": [
        [
          225.38,
          99.06
        ],
        [
          225.51,
          99.17
        ],
        [
          225.34,
          99.2
        ],
        [
          225.48,
          99.01
        ],
        [
          226.48000000000002,
          99.27
        ]
      ],
      "idx": 1509,
      "mislabel": false,
      "mislabel_reason": "ok",
      "e_unet": 0.99
    },
    {
      "valid": true,
      "cx": 225.49,
      "cy": 99.09,
      "area": 360,
      "det_score": 0.4042,
      "sam_score": 0.9462,
      "box": [
        216.9,
        85.5,
        235.9,
        113.0
      ],
      "repeats": [
        [
          225.59,
          98.82
        ],
        [
          225.61,
          98.96
        ],
        [
          225.55,
          98.95
        ],
        [
          225.63,
          98.86
        ],
        [
          226.5,
          99.2
        ]
      ],
      "idx": 1510,
      "mislabel": false,
      "mislabel_reason": "ok",
      "e_unet": 1.1
    },
    {
      "valid": true,
      "cx": 225.39,
      "cy": 99.2,
      "area": 358,
      "det_score": 0.3953,
      "sam_score": 0.9469,
      "box": [
        216.7,
        85.6,
        235.9,
        112.8
      ],
      "repeats": [
        [
          225.12,
          98.87
        ],
        [
          225.4,
          99.14
        ],
        [
          225.31,
          99.0
        ],
        [
          225.31,
          98.82
        ],
        [
          226.6,
          99.08
        ]
      ],
      "idx": 1511,
      "mislabel": false,
      "mislabel_reason": "ok",
      "e_unet": 1.31
    },
    {
      "valid": true,
      "cx": 225.52,
      "cy": 99.21,
      "area": 356,
      "det_score": 0.4199,
      "sam_score": 0.9497,
      "box": [
        216.9,
        85.7,
        235.8,
        113.4
      ],
      "repeats": [
        [
          225.49,
          99.0
        ],
        [
          225.68,
          99.35
        ],
        [
          225.53,
          99.09
        ],
        [
          225.65,
          99.06
        ],
        [
          226.86,
          99.2
        ]
      ],
      "idx": 1512,
      "mislabel": false,
      "mislabel_reason": "ok",
      "e_unet": 0.77
    },
    {
      "valid": true,
      "cx": 224.55,
      "cy": 106.96,
      "area": 393,
      "det_score": 0.4639,
      "sam_score": 0.9542,
      "box": [
        215.1,
        93.3,
        234.7,
        121.0
      ],
      "repeats": [
        [
          224.48,
          106.88
        ],
        [
          224.59,
          107.03
        ],
        [
          224.52,
          107.15
        ],
        [
          224.47,
          106.94
        ],
        [
          225.64,
          106.96
        ]
      ],
      "idx": 1513,
      "mislabel": false,
      "mislabel_reason": "ok",
      "e_unet": 0.89
    }
  ]
}