{
  "prompt": "black pupil.",
  "gsam2_centers": [
    {
      "valid": true,
      "cx": 139.24,
      "cy": 149.81,
      "area": 733,
      "det_score": 0.4922,
      "sam_score": 0.9692,
      "box": [
        124.7,
        133.1,
        154.6,
        166.5
      ],
      "repeats": [
        [
          139.2,
          149.66
        ],
        [
          139.25,
          149.83
        ],
        [
          139.23000000000002,
          149.69
        ],
        [
          139.3,
          149.74
        ],
        [
          140.46,
          149.84
        ]
      ],
      "idx": 607,
      "mislabel": false,
      "mislabel_reason": "ok",
      "e_unet": 1.37
    },
    {
      "valid": true,
      "cx": 146.09,
      "cy": 147.65,
      "area": 786,
      "det_score": 0.4997,
      "sam_score": 0.9694,
      "box": [
        130.7,
        131.0,
        162.6,
        164.4
      ],
      "repeats": [
        [
          146.07,
          147.6
        ],
        [
          146.14,
          147.71
        ],
        [
          146.09,
          147.66
        ],
        [
          146.17000000000002,
          147.62
        ],
        [
          147.16,
          147.68
        ]
      ],
      "idx": 608,
      "mislabel": false,
      "mislabel_reason": "ok",
      "e_unet": 1.45
    },
    {
      "valid": true,
      "cx": 146.45,
      "cy": 147.54,
      "area": 783,
      "det_score": 0.5072,
      "sam_score": 0.9692,
      "box": [
        131.2,
        130.8,
        162.8,
        164.4
      ],
      "repeats": [
        [
          146.4,
          147.53
        ],
        [
          146.49,
          147.63
        ],
        [
          146.43,
          147.58
        ],
        [
          146.49,
          147.49
        ],
        [
          147.48,
          147.51
        ]
      ],
      "idx": 609,
      "mislabel": false,
      "mislabel_reason": "ok",
      "e_unet": 1.2
    },
    {
      "valid": true,
      "cx": 146.95999999999998,
      "cy": 147.26,
      "area": 785,
      "det_score": 0.4956,
      "sam_score": 0.9699,
      "box": [
        131.8,
        130.6,
        163.5,
        164.2
      ],
      "repeats": [
        [
          146.94,
          147.3
        ],
        [
          146.98000000000002,
          147.28
        ],
        [
          146.98000000000002,
          147.28
        ],
        [
          147.01,
          147.23
        ],
        [
          148.14,
          147.31
        ]
      ],
      "idx": 610,
      "mislabel": false,
      "mislabel_reason": "ok",
      "e_unet": 1.09
    },
    {
      "valid": true,
      "cx": 147.72,
      "cy": 147.24,
      "area": 787,
      "det_score": 0.5095,
      "sam_score": 0.9675,
      "box": [
        132.1,
        130.6,
        164.2,
        164.4
      ],
      "repeats": [
        [
          147.64,
          147.21
        ],
        [
          147.70999999999998,
          147.32
        ],
        [
          147.74,
          147.29
        ],
        [
          147.76999999999998,
          147.27
        ],
        [
          148.79,
          147.25
        ]
      ],
      "idx": 611,
      "mislabel": false,
      "mislabel_reason": "ok",
      "e_unet": 1.03
    },
    {
      "valid": true,
      "cx": 148.45999999999998,
      "cy": 147.29,
      "area": 785,
      "det_score": 0.5038,
      "sam_score": 0.969,
      "box": [
        132.9,
        130.4,
        165.2,
        164.5
      ],
      "repeats": [
        [
          148.42000000000002,
          147.31
        ],
        [
          148.41,
          147.38
        ],
        [
          148.4,
          147.35
        ],
        [
          148.48000000000002,
          147.28
        ],
        [
          149.54,
          147.32
        ]
      ],
      "idx": 612,
      "mislabel": false,
      "mislabel_reason": "ok",
      "e_unet": 1.08
    },
    {
      "valid": true,
      "cx": 150.47,
      "cy": 147.08,
      "area": 798,
      "det_score": 0.4859,
      "sam_score": 0.9708,
      "box": [
        134.8,
        130.2,
        167.3,
        164.3
      ],
      "repeats": [
        [
          150.45,
          147.02
        ],
        [
          150.53,
          147.14
        ],
        [
          150.49,
          147.08
        ],
        [
          150.59,
          147.06
        ],
        [
          151.66,
          147.11
        ]
      ],
      "idx": 613,
      "mislabel": false,
      "mislabel_reason": "ok",
      "e_unet": 1.06
    }
  ]
}