{
  "prompt": "black pupil.",
  "gsam2_centers": [
    {
      "valid": true,
      "cx": 151.54000000000002,
      "cy": 108.85,
      "area": 498,
      "det_score": 0.4376,
      "sam_score": 0.9586,
      "box": [
        139.5,
        95.2,
        164.7,
        122.7
      ],
      "repeats": [
        [
          151.56,
          108.81
        ],
        [
          151.55,
          109.0
        ],
        [
          151.44,
          109.02
        ],
        [
          151.61,
          108.76
        ],
        [
          152.7,
          108.76
        ]
      ],
      "idx": 807,
      "mislabel": false,
      "mislabel_reason": "ok",
      "e_unet": 1.06
    },
    {
      "valid": true,
      "cx": 152.20999999999998,
      "cy": 108.94,
      "area": 491,
      "det_score": 0.4359,
      "sam_score": 0.9601,
      "box": [
        140.2,
        95.4,
        165.6,
        122.5
      ],
      "repeats": [
        [
          152.15,
          108.78
        ],
        [
          152.22,
          108.98
        ],
        [
          152.17000000000002,
          108.83
        ],
        [
          152.32,
          108.73
        ],
        [
          153.47,
          108.81
        ]
      ],
      "idx": 808,
      "mislabel": false,
      "mislabel_reason": "ok",
      "e_unet": 1.24
    },
    {
      "valid": true,
      "cx": 153.13,
      "cy": 108.58,
      "area": 497,
      "det_score": 0.4283,
      "sam_score": 0.9569,
      "box": [
        140.9,
        94.4,
        166.5,
        122.3
      ],
      "repeats": [
        [
          153.13,
          108.51
        ],
        [
          153.16,
          108.62
        ],
        [
          153.19,
          108.47
        ],
        [
          153.29,
          108.22
        ],
        [
          154.28,
          108.51
        ]
      ],
      "idx": 809,
      "mislabel": false,
      "mislabel_reason": "ok",
      "e_unet": 1.07
    },
    {
      "valid": true,
      "cx": 154.13,
      "cy": 108.34,
      "area": 502,
      "det_score": 0.4278,
      "sam_score": 0.9595,
      "box": [
        141.7,
        94.6,
        167.5,
        121.9
      ],
      "repeats": [
        [
          154.12,
          108.27
        ],
        [
          154.14,
          108.35
        ],
        [
          154.13,
          108.32
        ],
        [
          154.23,
          108.28
        ],
        [
          155.27,
          108.31
        ]
      ],
      "idx": 810,
      "mislabel": false,
      "mislabel_reason": "ok",
      "e_unet": 0.98
    },
    {
      "valid": true,
      "cx": 155.32,
      "cy": 108.04,
      "area": 505,
      "det_score": 0.4818,
      "sam_score": 0.9616,
      "box": [
        142.8,
        94.3,
        168.8,
        121.6
      ],
      "repeats": [
        [
          155.25,
          107.96
        ],
        [
          155.3,
          108.12
        ],
        [
          155.33,
          108.05
        ],
        [
          155.33,
          108.05
        ],
        [
          156.49,
          107.99
        ]
      ],
      "idx": 811,
      "mislabel": false,
      "mislabel_reason": "ok",
      "e_unet": 0.96
    },
    {
      "valid": true,
      "cx": 156.42,
      "cy": 107.89,
      "area": 505,
      "det_score": 0.4617,
      "sam_score": 0.9594,
      "box": [
        143.8,
        93.8,
        170.0,
        121.5
      ],
      "repeats": [
        [
          156.26,
          107.87
        ],
        [
          156.47,
          107.94
        ],
        [
          156.42,
          107.93
        ],
        [
          156.53,
          107.71
        ],
        [
          157.49,
          107.82
        ]
      ],
      "idx": 812,
      "mislabel": false,
      "mislabel_reason": "ok",
      "e_unet": 0.96
    },
    {
      "valid": true,
      "cx": 157.41,
      "cy": 107.67,
      "area": 508,
      "det_score": 0.4392,
      "sam_score": 0.9621,
      "box": [
        144.9,
        93.4,
        171.1,
        121.5
      ],
      "repeats": [
        [
          157.42,
          107.63
        ],
        [
          157.5,
          107.74
        ],
        [
          157.46,
          107.67
        ],
        [
          157.59,
          107.56
        ],
        [
          158.62,
          107.53
        ]
      ],
      "idx": 813,
      "mislabel": false,
      "mislabel_reason": "ok",
      "e_unet": 0.71
    }
  ]
}