{
  "prompt": "black pupil.",
  "gsam2_centers": [
    {
      "valid": true,
      "cx": 95.74,
      "cy": 148.92,
      "area": 847,
      "det_score": 0.3329,
      "sam_score": 0.9673,
      "box": [
        80.9,
        129.6,
        111.6,
        168.5
      ],
      "repeats": [
        [
          95.83,
          148.81
        ],
        [
          95.86,
          148.93
        ],
        [
          95.86,
          148.85
        ],
        [
          95.96,
          148.65
        ],
        [
          97.08000000000001,
          148.84
        ]
      ],
      "idx": 705,
      "mislabel": false,
      "mislabel_reason": "ok",
      "e_unet": 0.99
    },
    {
      "valid": true,
      "cx": 95.92,
      "cy": 148.77,
      "area": 839,
      "det_score": 0.3202,
      "sam_score": 0.9668,
      "box": [
        81.1,
        129.6,
        111.6,
        168.4
      ],
      "repeats": [
        [
          95.96,
          148.69
        ],
        [
          95.94,
          148.89
        ],
        [
          95.95,
          148.79
        ],
        [
          96.02,
          148.55
        ],
        [
          97.13999999999999,
          148.76
        ]
      ],
      "idx": 706,
      "mislabel": false,
      "mislabel_reason": "ok",
      "e_unet": 0.99
    },
    {
      "valid": true,
      "cx": 95.95,
      "cy": 148.65,
      "area": 838,
      "det_score": 0.3055,
      "sam_score": 0.967,
      "box": [
        81.0,
        129.5,
        111.4,
        168.3
      ],
      "repeats": [
        [
          95.93,
          148.63
        ],
        [
          95.92,
          148.78
        ],
        [
          95.94,
          148.74
        ],
        [
          95.98,
          148.55
        ],
        [
          97.13,
          148.67
        ]
      ],
      "idx": 707,
      "mislabel": false,
      "mislabel_reason": "ok",
      "e_unet": 0.88
    },
    {
      "valid": true,
      "cx": 95.98,
      "cy": 148.67,
      "area": 843,
      "det_score": 0.2916,
      "sam_score": 0.9679,
      "box": [
        81.1,
        129.7,
        111.6,
        168.4
      ],
      "repeats": [
        [
          95.93,
          148.72
        ],
        [
          95.93,
          148.87
        ],
        [
          95.94,
          148.82
        ],
        [
          96.0,
          148.58
        ],
        [
          97.11000000000001,
          148.78
        ]
      ],
      "idx": 708,
      "mislabel": false,
      "mislabel_reason": "ok",
      "e_unet": 0.91
    },
    {
      "valid": true,
      "cx": 96.03,
      "cy": 148.83,
      "area": 845,
      "det_score": 0.3195,
      "sam_score": 0.9689,
      "box": [
        81.1,
        129.5,
        111.7,
        168.5
      ],
      "repeats": [
        [
          96.03,
          148.73
        ],
        [
          96.09,
          148.89
        ],
        [
          96.07,
          148.78
        ],
        [
          96.12,
          148.8
        ],
        [
          97.25,
          148.78
        ]
      ],
      "idx": 709,
      "mislabel": false,
      "mislabel_reason": "ok",
      "e_unet": 0.97
    },
    {
      "valid": true,
      "cx": 96.16,
      "cy": 148.78,
      "area": 846,
      "det_score": 0.3145,
      "sam_score": 0.9681,
      "box": [
        81.1,
        129.5,
        111.8,
        168.5
      ],
      "repeats": [
        [
          96.1,
          148.67
        ],
        [
          96.22,
          148.84
        ],
        [
          96.16,
          148.7
        ],
        [
          96.24,
          148.73
        ],
        [
          97.25,
          148.78
        ]
      ],
      "idx": 710,
      "mislabel": false,
      "mislabel_reason": "ok",
      "e_unet": 1.07
    },
    {
      "valid": true,
      "cx": 96.34,
      "cy": 148.61,
      "area": 851,
      "det_score": 0.319,
      "sam_score": 0.967,
      "box": [
        81.3,
        129.3,
        112.2,
        168.3
      ],
      "repeats": [
        [
          96.33,
          148.53
        ],
        [
          96.38,
          148.76
        ],
        [
          96.4,
          148.67
        ],
        [
          96.38,
          148.55
        ],
        [
          97.47999999999999,
          148.72
        ]
      ],
      "idx": 711,
      "mislabel": false,
      "mislabel_reason": "ok",
      "e_unet": 0.98
    },
    {
      "valid": true,
      "cx": 118.44,
      "cy": 139.33,
      "area": 932,
      "det_score": 0.3889,
      "sam_score": 0.9656,
      "box": [
        101.2,
        122.7,
        137.0,
        158.9
      ],
      "repeats": [
        [
          118.43,
          139.27
        ],
        [
          118.46,
          139.35
        ],
        [
          118.45,
          139.33
        ],
        [
          118.41,
          139.46
        ],
        [
          119.44999999999999,
          139.44
        ]
      ],
      "idx": 712,
      "mislabel": false,
      "mislabel_reason": "ok",
      "e_unet": 1.1
    },
    {
      "valid": true,
      "cx": 141.07999999999998,
      "cy": 154.19,
      "area": 2641,
      "det_score": 0.2304,
      "sam_score": 0.9259,
      "box": [
        102.3,
        130.9,
        185.3,
        174.2
      ],
      "repeats": [
        [
          142.20999999999998,
          152.95
        ],
        [
          142.70999999999998,
          154.69
        ],
        [
          142.06,
          153.75
        ],
        [
          143.38,
          153.41
        ],
        [
          145.95,
          153.39
        ]
      ],
      "idx": 713,
      "mislabel": false,
      "mislabel_reason": "ok",
      "e_unet": 14.69
    },
    {
      "valid": true,
      "cx": 142.32999999999998,
      "cy": 129.82999999999998,
      "area": 846,
      "det_score": 0.418,
      "sam_score": 0.9665,
      "box": [
        124.4,
        115.9,
        162.3,
        145.9
      ],
      "repeats": [
        [
          142.41,
          129.76999999999998
        ],
        [
          142.31,
          129.89
        ],
        [
          142.37,
          129.8
        ],
        [
          142.3,
          129.76
        ],
        [
          143.69,
          129.76
        ]
      ],
      "idx": 714,
      "mislabel": false,
      "mislabel_reason": "ok",
      "e_unet": 0.26
    },
    {
      "valid": true,
      "cx": 141.86,
      "cy": 128.55,
      "area": 969,
      "det_score": 0.4212,
      "sam_score": 0.9693,
      "box": [
        123.7,
        111.3,
        161.7,
        146.1
      ],
      "repeats": [
        [
          141.89,
          128.47
        ],
        [
          141.86,
          128.6
        ],
        [
          141.88,
          128.55
        ],
        [
          141.92000000000002,
          128.45999999999998
        ],
        [
          142.98,
          128.57
        ]
      ],
      "idx": 715,
      "mislabel": false,
      "mislabel_reason": "ok",
      "e_unet": 0.75
    }
  ]
}