(30.537027, 26.297718, 0.0)
(30.516617, 25.456324, 0.0)
(30.574427, 24.917309, 0.0)
(30.706631, 24.817114, 0.0)
(32.262859, 25.172497, 0.0)
(32.398617, 25.144318, 0.0)
(32.472385, 25.061268, 0.0)
(32.522335, 24.948952, 0.0)
(32.547451, 24.930880, 0.0)
(32.583759, 24.912369, 0.0)
(32.652992, 24.962831, 0.0)
(32.689465, 24.953846, 0.0)
(32.739311, 24.932413, 0.0)
(32.777290, 24.894463, 0.0)
(32.791695, 24.861740, 0.0)
(32.854351, 24.861120, 0.0)
(32.855732, 24.837738, 0.0)
(32.832039, 24.831434, 0.0)
(32.842838, 24.851263, 0.0)
(32.879875, 24.832769, 0.0)
(32.887791, 24.808456, 0.0)
(32.910583, 24.804567, 0.0)
(32.902210, 24.800543, 0.0)
(32.900410, 24.819784, 0.0)
(32.902199, 24.811615, 0.0)
(32.923737, 24.796526, 0.0)
(32.921108, 24.767267, 0.0)
(32.925613, 24.753342, 0.0)
(32.788902, 24.740755, 0.0)
(32.687229, 24.767338, 0.0)
(32.687923, 24.779228, 0.0)
(32.691166, 24.781467, 0.0)
(32.702423, 24.783901, 0.0)
(32.687260, 24.769035, 0.0)
(32.694183, 24.746195, 0.0)
(32.698715, 24.733349, 0.0)
(32.710266, 24.753471, 0.0)
(32.704254, 24.727060, 0.0)
(32.703125, 24.722801, 0.0)
(32.701923, 24.733435, 0.0)
(32.727669, 24.713186, 0.0)
(32.741779, 24.724590, 0.0)
(32.742516, 24.742964, 0.0)
(32.747757, 24.746069, 0.0)
(32.756138, 24.724787, 0.0)
(32.743233, 24.710478, 0.0)
(32.758324, 24.724062, 0.0)
(32.779469, 24.652082, 0.0)
(32.773018, 24.643099, 0.0)
(32.771126, 24.659748, 0.0)
(32.787571, 24.688053, 0.0)
(32.781887, 24.692308, 0.0)
(32.788105, 24.682634, 0.0)
(32.794933, 24.665588, 0.0)
(32.799290, 24.661074, 0.0)
(32.808022, 24.641512, 0.0)
(32.807110, 24.659861, 0.0)
(32.818119, 24.666040, 0.0)
(32.805035, 24.676226, 0.0)
(32.815086, 24.682104, 0.0)
(32.827660, 24.696098, 0.0)
(32.830582, 24.725315, 0.0)
(32.837502, 24.755476, 0.0)
(32.841099, 24.769354, 0.0)
(32.845028, 24.787273, 0.0)
(32.845028, 24.787273, 0.0)
(32.849796, 24.792576, 0.0)
(32.849796, 24.792576, 0.0)
(32.858532, 24.783329, 0.0)
(32.851532, 24.778425, 0.0)
(32.846584, 24.791525, 0.0)
(32.846584, 24.781206, 0.0)
(32.846584, 24.791525, 0.0)
(32.846584, 24.791525, 0.0)
(32.852154, 24.778263, 0.0)
(32.852154, 24.778263, 0.0)
(32.784508, 25.718767, 0.0)
(33.227615, 27.163940, 0.0)
(33.056889, 26.336390, 0.0)
(33.001926, 25.667948, 0.0)
(32.968613, 25.269451, 0.0)
(32.939789, 25.087025, 0.0)
(32.953548, 25.009689, 0.0)
(32.939884, 24.928694, 0.0)
(32.930355, 24.902523, 0.0)
(32.932766, 24.839769, 0.0)
(32.919941, 24.834448, 0.0)
(32.926590, 24.787254, 0.0)
(32.927753, 24.785084, 0.0)
(32.911060, 24.800114, 0.0)
(32.919952, 24.823288, 0.0)
(32.942142, 24.832054, 0.0)
(32.922134, 24.829412, 0.0)
(32.931656, 24.817194, 0.0)
(32.935284, 24.815128, 0.0)
(32.957466, 24.775890, 0.0)
(32.951057, 24.775408, 0.0)
(32.965729, 24.786171, 0.0)
(32.955948, 24.794828, 0.0)
(32.967243, 24.782518, 0.0)
(32.960560, 24.763725, 0.0)
(32.968872, 24.759497, 0.0)
(32.962936, 24.744066, 0.0)
(32.979549, 24.711962, 0.0)
(32.968872, 24.713799, 0.0)
(32.986031, 24.720398, 0.0)
(32.990215, 24.721260, 0.0)
(32.996933, 24.723780, 0.0)
(32.998734, 24.708549, 0.0)
(33.004837, 24.694174, 0.0)
(32.994011, 24.699318, 0.0)
(33.000282, 24.705208, 0.0)
(32.990681, 24.706898, 0.0)
(32.992100, 24.699478, 0.0)
(32.987915, 24.906050, 0.0)
(32.971008, 24.897568, 0.0)
(32.962101, 24.834135, 0.0)
(32.970108, 24.781647, 0.0)
(32.956253, 24.788242, 0.0)
(32.947819, 24.771528, 0.0)
(32.955151, 24.797035, 0.0)
(32.953724, 24.813635, 0.0)
(32.955982, 24.822248, 0.0)
(32.962349, 24.829853, 0.0)
(32.962311, 24.840042, 0.0)
(32.955597, 24.854250, 0.0)
(33.012722, 24.863626, 0.0)
(32.977379, 24.879652, 0.0)
(32.928875, 24.861538, 0.0)
(33.049484, 24.858345, 0.0)
(33.106373, 24.843611, 0.0)
(33.138111, 24.781464, 0.0)
(33.155212, 24.703362, 0.0)
(33.162502, 24.711973, 0.0)
(33.129669, 24.790356, 0.0)
(33.126217, 24.805281, 0.0)
(33.131050, 24.817221, 0.0)
(33.137039, 24.825556, 0.0)
(33.091892, 24.836763, 0.0)
(33.082211, 24.835449, 0.0)
(33.099125, 24.830572, 0.0)
(33.065746, 24.845379, 0.0)
(33.071339, 24.800165, 0.0)
(33.072964, 24.811829, 0.0)
(33.062729, 24.799513, 0.0)
(33.065941, 24.804867, 0.0)
(33.065868, 24.818413, 0.0)
(33.046028, 24.837158, 0.0)
(33.051338, 24.822943, 0.0)
(33.051338, 24.822943, 0.0)
(33.019444, 24.795696, 0.0)
(33.011654, 24.779991, 0.0)
(32.996437, 24.761301, 0.0)
(32.942860, 24.717985, 0.0)
(32.883018, 24.667772, 0.0)
(32.873955, 25.153339, 0.0)
(0.000000, 0.000000, 1.0)
(0.000000, 0.000000, 1.0)
(33.119667, 26.788435, 0.0)
(33.058365, 25.975046, 0.0)
(33.045097, 25.414907, 0.0)
(33.049999, 25.054127, 0.0)
(33.047821, 24.886108, 0.0)
(32.996037, 24.811897, 0.0)
(33.056740, 24.739454, 0.0)
(33.039799, 24.730715, 0.0)
(33.021305, 24.764175, 0.0)
(33.030903, 24.763250, 0.0)
(33.049740, 24.785467, 0.0)
(33.038773, 24.826622, 0.0)
(33.056232, 24.813917, 0.0)
(33.082180, 24.821024, 0.0)
(33.098545, 24.819151, 0.0)
(33.088055, 24.821066, 0.0)
(33.105770, 24.799213, 0.0)
(33.114925, 24.802036, 0.0)
(33.073383, 24.810745, 0.0)
(33.072037, 24.791868, 0.0)
(33.096985, 24.788340, 0.0)
(33.048347, 24.827780, 0.0)
(33.090019, 24.823885, 0.0)
(33.101814, 24.810602, 0.0)
(33.085068, 24.819040, 0.0)
(33.115070, 24.824965, 0.0)
(33.145439, 24.837358, 0.0)
(33.138954, 24.858389, 0.0)
(33.134502, 24.864944, 0.0)
(33.135960, 24.849699, 0.0)
(33.146149, 24.862282, 0.0)
(33.130131, 24.860794, 0.0)
(33.158710, 24.858273, 0.0)
(33.178406, 24.880045, 0.0)
(33.172123, 24.891129, 0.0)
(33.202217, 24.858982, 0.0)
(33.203850, 24.863073, 0.0)
(33.179935, 24.899879, 0.0)
(33.171741, 24.903502, 0.0)
(33.224007, 24.913454, 0.0)
(33.238190, 24.943171, 0.0)
(33.208553, 24.916407, 0.0)
(33.288807, 24.900404, 0.0)
(33.158493, 24.880007, 0.0)
(33.294796, 27.639561, 0.0)
(33.353577, 26.979008, 0.0)
(33.241577, 26.114128, 0.0)
(33.187527, 25.489277, 0.0)
(33.201706, 25.098824, 0.0)
(33.165298, 24.867586, 0.0)
(33.132690, 24.820139, 0.0)
(33.160999, 24.835041, 0.0)
(33.203228, 24.859100, 0.0)
(33.126709, 24.867819, 0.0)
(33.198486, 24.836189, 0.0)
(33.207825, 24.871479, 0.0)
(33.169239, 24.900715, 0.0)
(33.209633, 24.899792, 0.0)
(33.246197, 24.913906, 0.0)
(33.156391, 24.957443, 0.0)
(33.173061, 24.958035, 0.0)
(33.199726, 24.998007, 0.0)
(33.186527, 24.994539, 0.0)
(33.159153, 24.954790, 0.0)
(33.129089, 24.937922, 0.0)
(33.275291, 27.468979, 0.0)
(33.303097, 26.741880, 0.0)
(33.238201, 25.657516, 0.0)
(33.203335, 24.978094, 0.0)
(33.187840, 24.720222, 0.0)
(33.195755, 24.706713, 0.0)
(33.186138, 24.740488, 0.0)
(33.233391, 24.759079, 0.0)
(33.258698, 24.778084, 0.0)
(33.210705, 24.772932, 0.0)
(33.214493, 24.756353, 0.0)
(33.228088, 24.746889, 0.0)
(33.214443, 24.771921, 0.0)
(33.190033, 24.726355, 0.0)
(33.037430, 24.719971, 0.0)
(33.595074, 27.623577, 0.0)
(33.377361, 26.444929, 0.0)
(33.241089, 25.597435, 0.0)
(33.206314, 25.021379, 0.0)
(33.214329, 24.781965, 0.0)
(33.186718, 24.686094, 0.0)
(33.193253, 24.649527, 0.0)
(33.220665, 24.667332, 0.0)
(33.233139, 24.683762, 0.0)
(33.231495, 24.686954, 0.0)
(33.222057, 24.695362, 0.0)
(33.237103, 24.754276, 0.0)
(33.217525, 24.793743, 0.0)
(33.210533, 24.825071, 0.0)
(33.243877, 24.843792, 0.0)
(33.759796, 24.904728, 0.0)
(34.731140, 25.144579, 0.0)
(34.778854, 25.160793, 0.0)
(34.780087, 25.152010, 0.0)
(34.778801, 25.147907, 0.0)
(34.777096, 25.145781, 0.0)
(34.768658, 25.159073, 0.0)
(34.776161, 25.209440, 0.0)
(34.790745, 25.247250, 0.0)
(34.791290, 25.234612, 0.0)
(34.778133, 25.218502, 0.0)
(34.768112, 25.245340, 0.0)
(34.753426, 25.286903, 0.0)
(35.303349, 24.961794, 0.0)
(36.792233, 25.046522, 0.0)
(36.877766, 25.045935, 0.0)
(36.873016, 25.036781, 0.0)
(36.885490, 25.025257, 0.0)
(36.880054, 25.038109, 0.0)
(36.878723, 25.053955, 0.0)
(36.899902, 25.033188, 0.0)
(37.215481, 24.933834, 0.0)
(39.552601, 25.185385, 0.0)
(40.139309, 25.401688, 0.0)
(40.164864, 25.406401, 0.0)
(40.159473, 25.385670, 0.0)
(40.205750, 25.378384, 0.0)
(40.270039, 24.687994, 0.0)
(40.516113, 23.469496, 0.0)
(40.499779, 23.355740, 0.0)
(40.425827, 23.363232, 0.0)
(40.424656, 23.272343, 0.0)
(40.397129, 23.264097, 0.0)
(40.416531, 23.219288, 0.0)
(40.392845, 23.208057, 0.0)
(40.363514, 23.195194, 0.0)
(40.356258, 23.112751, 0.0)
(40.328094, 23.055111, 0.0)
(40.280090, 22.898111, 0.0)
(40.316444, 22.858040, 0.0)
(40.368137, 22.769230, 0.0)
(40.482040, 22.701706, 0.0)
(40.495888, 22.737812, 0.0)
(40.366219, 22.443041, 0.0)
(40.355900, 22.403334, 0.0)
(40.346466, 22.459171, 0.0)
(40.345795, 22.473040, 0.0)
(40.321918, 22.518572, 0.0)
(39.039528, 23.201178, 0.0)
(36.894859, 24.125732, 0.0)
(36.700974, 24.094559, 0.0)
(36.596531, 23.979588, 0.0)
(36.528324, 23.898949, 0.0)
(36.523952, 23.851593, 0.0)
(36.527122, 23.886391, 0.0)
(34.391930, 25.259752, 0.0)
(33.188992, 25.798708, 0.0)
(32.988018, 25.822140, 0.0)
(32.957245, 25.721333, 0.0)
(32.905678, 25.631168, 0.0)
(32.989235, 25.525438, 0.0)
(33.188431, 25.397511, 0.0)
(33.304638, 25.199108, 0.0)
(35.727028, 23.875349, 0.0)
(36.663700, 23.242538, 0.0)
(36.676918, 23.212420, 0.0)
(36.638393, 23.196775, 0.0)
(37.001087, 23.035660, 0.0)
(38.486969, 23.034153, 0.0)
(38.557774, 23.071299, 0.0)
(38.559147, 23.102480, 0.0)
(38.566219, 23.112015, 0.0)
(38.573193, 23.108551, 0.0)
(38.587517, 23.089024, 0.0)
(38.583385, 23.068132, 0.0)
(38.563671, 23.068842, 0.0)
(38.559868, 23.127472, 0.0)
(38.570652, 23.141798, 0.0)
(38.556599, 23.131428, 0.0)
(38.551407, 23.144348, 0.0)
(38.517872, 23.137352, 0.0)
(38.494297, 23.147957, 0.0)
(38.493717, 23.153048, 0.0)
(38.010128, 23.309488, 0.0)
(35.743675, 23.248877, 0.0)
(35.578419, 23.242043, 0.0)
(35.573154, 23.197420, 0.0)
(35.561409, 23.150198, 0.0)
(35.547428, 23.145727, 0.0)
(35.532661, 23.157150, 0.0)
(35.518604, 23.159702, 0.0)
(35.503559, 23.146580, 0.0)
(35.494911, 23.144529, 0.0)
(35.493347, 23.191189, 0.0)
(35.491196, 23.142759, 0.0)
(35.472443, 23.115358, 0.0)
(35.458637, 23.114841, 0.0)
(35.457291, 23.128490, 0.0)
(35.450718, 23.130751, 0.0)
(35.429592, 23.129885, 0.0)
(35.431713, 23.130680, 0.0)
(35.423489, 23.117901, 0.0)
(34.922714, 23.405861, 0.0)
(34.594250, 23.644007, 0.0)
(34.510658, 23.644222, 0.0)
(34.506691, 23.632202, 0.0)
(34.492073, 23.628202, 0.0)
(34.425037, 23.658489, 0.0)
(33.999527, 24.232853, 0.0)
(33.650646, 24.774799, 0.0)
(33.657017, 24.238930, 0.0)
(33.697681, 24.085726, 0.0)
(33.719963, 24.132994, 0.0)
(33.754295, 24.168083, 0.0)
(33.757881, 24.195753, 0.0)
(33.703571, 24.165768, 0.0)
(33.528530, 24.813404, 0.0)
(34.026531, 26.743990, 0.0)
(33.845242, 25.543318, 0.0)
(33.747417, 24.821135, 0.0)
(33.768284, 24.278261, 0.0)
(33.744431, 24.054184, 0.0)
(33.739468, 23.986439, 0.0)
(33.748035, 23.983868, 0.0)
(33.738609, 24.000917, 0.0)
(33.751217, 24.025034, 0.0)
(33.751530, 24.047297, 0.0)
(33.756248, 24.043102, 0.0)
(33.738613, 24.047733, 0.0)
(33.731773, 24.045115, 0.0)
(33.750877, 24.063553, 0.0)
(33.746536, 24.052338, 0.0)
(33.758308, 24.058327, 0.0)
(33.759930, 24.044937, 0.0)
(33.763996, 24.036451, 0.0)
(33.763134, 24.048527, 0.0)
(33.779621, 24.049120, 0.0)
(33.769051, 24.033440, 0.0)
(33.758289, 24.048210, 0.0)
(33.777752, 24.085119, 0.0)
(33.777885, 24.080467, 0.0)
(33.780537, 24.072289, 0.0)
(33.780510, 24.059946, 0.0)
(33.780430, 24.055233, 0.0)
(33.780510, 24.059946, 0.0)
(33.780510, 24.059946, 0.0)
(33.777851, 24.075117, 0.0)
(33.758419, 24.089602, 0.0)
(33.725899, 24.074415, 0.0)
(33.716049, 24.075026, 0.0)
(31.702524, 24.590876, 0.0)
(28.761379, 25.229147, 0.0)
(27.063435, 25.830437, 0.0)
(26.859018, 25.919687, 0.0)
(26.815369, 25.936651, 0.0)
(26.572748, 26.107904, 0.0)
(25.537174, 26.598940, 0.0)
(25.397320, 26.704811, 0.0)
(25.236868, 26.731020, 0.0)
(25.160610, 26.707823, 0.0)
(25.095404, 26.717850, 0.0)
(25.091370, 26.730143, 0.0)
(25.609533, 26.275808, 0.0)
(25.634125, 26.244289, 0.0)
(25.610018, 26.246351, 0.0)
(25.614838, 26.219202, 0.0)
(25.330956, 26.332556, 0.0)
(25.132822, 26.417015, 0.0)
(25.117434, 26.428238, 0.0)
(25.112524, 26.422462, 0.0)
(25.120333, 26.385498, 0.0)
(25.126678, 26.384094, 0.0)
(25.139236, 26.386911, 0.0)
(25.154314, 26.370659, 0.0)
(25.181690, 26.356800, 0.0)
(25.259851, 26.324957, 0.0)
(25.240391, 26.323893, 0.0)
(25.142994, 26.333344, 0.0)
(25.110540, 26.380796, 0.0)
(25.106298, 26.326534, 0.0)
(25.069952, 26.318222, 0.0)
(25.042343, 26.303440, 0.0)
(24.984896, 26.288090, 0.0)
(24.991236, 26.264517, 0.0)
(24.991589, 26.277481, 0.0)
(25.817654, 25.892492, 0.0)
(26.708700, 25.611607, 0.0)
(29.709190, 24.948458, 0.0)
(30.930128, 24.862251, 0.0)
(31.080086, 24.866470, 0.0)
(31.113926, 24.866533, 0.0)
(31.115852, 24.870092, 0.0)
(31.155365, 24.873453, 0.0)
(31.203022, 24.893656, 0.0)
(31.240005, 24.884441, 0.0)
(31.233614, 24.895117, 0.0)
(31.237606, 24.902121, 0.0)
(31.258486, 24.879843, 0.0)
(31.259754, 24.887793, 0.0)
(31.261023, 24.879639, 0.0)
(32.608925, 24.810831, 0.0)
(33.506710, 24.750454, 0.0)
(33.564278, 24.687916, 0.0)
(33.550808, 24.653355, 0.0)
(33.570599, 24.651958, 0.0)
(33.574429, 24.659828, 0.0)
(33.574852, 24.646221, 0.0)
(33.591194, 24.663651, 0.0)
(33.582127, 24.647293, 0.0)
(33.585064, 24.645449, 0.0)
(33.583023, 24.642973, 0.0)
(33.580078, 24.662106, 0.0)
(33.577930, 24.684542, 0.0)
(33.575146, 24.681503, 0.0)
(33.573044, 24.680342, 0.0)
(33.543137, 24.679485, 0.0)
(33.527344, 24.690781, 0.0)
(33.528278, 24.686502, 0.0)
(33.516090, 24.698399, 0.0)
(33.503109, 24.708313, 0.0)
(33.516090, 24.698399, 0.0)
(33.510075, 24.692406, 0.0)
(33.480743, 24.691723, 0.0)
(31.075918, 23.992533, 0.0)
(28.152681, 23.858522, 0.0)
(27.931824, 23.841646, 0.0)
(27.877956, 23.831930, 0.0)
(27.846432, 23.823389, 0.0)
(27.796616, 23.832336, 0.0)
(27.746458, 23.828114, 0.0)
(27.736828, 23.793001, 0.0)
(27.707146, 23.753845, 0.0)
(27.670151, 23.718166, 0.0)
(27.653889, 23.681726, 0.0)
(27.647379, 23.690886, 0.0)
(27.617592, 23.705387, 0.0)
(27.601040, 23.707588, 0.0)
(27.582430, 23.694742, 0.0)
(27.613663, 23.703516, 0.0)
(27.635542, 23.696028, 0.0)
(27.614597, 23.690933, 0.0)
(27.606443, 23.710005, 0.0)
(27.618896, 23.698248, 0.0)
(27.623384, 23.704174, 0.0)
(27.598040, 23.719643, 0.0)
(27.598040, 23.719643, 0.0)
(27.588713, 23.726608, 0.0)
(27.590906, 23.702793, 0.0)
(27.564337, 23.668419, 0.0)
(27.554934, 23.694366, 0.0)
(27.583153, 23.732840, 0.0)
(27.565296, 23.701496, 0.0)
(27.565296, 23.701496, 0.0)
(28.935932, 23.433680, 0.0)
(30.246574, 23.267159, 0.0)
(30.369514, 23.247311, 0.0)
(30.362694, 23.212584, 0.0)
(30.381397, 23.234344, 0.0)
(30.387323, 23.239571, 0.0)
(32.442776, 22.603601, 0.0)
(35.815159, 22.217104, 0.0)
(36.530987, 22.059309, 0.0)
(36.629276, 22.034096, 0.0)
(37.190002, 21.466326, 0.0)
(37.248302, 21.386017, 0.0)
(37.237617, 21.374359, 0.0)
(37.220131, 21.348179, 0.0)
(37.182915, 21.305525, 0.0)
(37.170826, 21.302368, 0.0)
(37.161839, 21.281633, 0.0)
(37.181843, 21.274662, 0.0)
(37.167377, 21.249636, 0.0)
(37.165905, 21.268509, 0.0)
(37.177124, 21.290245, 0.0)
(37.175777, 21.294579, 0.0)
(36.002300, 23.200274, 0.0)
(34.692474, 24.893690, 0.0)
(34.494415, 24.931526, 0.0)
(34.472466, 24.912256, 0.0)
(34.407681, 24.892393, 0.0)
(34.390453, 24.860865, 0.0)
(34.361279, 24.869251, 0.0)
(34.350811, 24.882856, 0.0)
(34.342800, 24.876799, 0.0)
(34.358257, 24.879820, 0.0)
(34.354221, 24.825274, 0.0)
(35.183395, 23.550079, 0.0)
(35.349663, 23.064003, 0.0)
(35.353737, 23.044977, 0.0)
(35.319588, 23.023941, 0.0)
(35.335850, 23.046846, 0.0)
(36.164841, 22.190044, 0.0)
(36.942890, 21.543110, 0.0)
(36.989662, 21.497841, 0.0)
(37.001583, 21.499069, 0.0)
(36.968014, 21.511385, 0.0)
(36.963390, 21.499897, 0.0)
(36.971996, 21.467031, 0.0)
(34.296867, 20.711550, 0.0)
(30.234243, 20.703953, 0.0)
(28.264742, 20.977003, 0.0)
(28.082771, 20.960218, 0.0)
(28.030277, 20.908791, 0.0)
(28.027142, 20.888386, 0.0)
(28.020094, 20.870695, 0.0)
(27.966927, 20.852438, 0.0)
(27.937635, 20.845684, 0.0)
(27.907749, 20.844608, 0.0)
(27.870777, 20.826912, 0.0)
(27.851400, 20.824112, 0.0)
(27.850203, 20.828651, 0.0)
(27.825674, 20.827791, 0.0)
(27.809944, 20.814438, 0.0)
(27.813358, 20.637257, 0.0)
(27.801352, 20.646013, 0.0)
(27.796999, 20.654646, 0.0)
(27.781492, 20.644028, 0.0)
(27.764162, 20.645695, 0.0)
(27.758659, 20.633139, 0.0)
(27.761126, 20.628794, 0.0)
(27.765640, 20.621939, 0.0)
(27.753542, 20.661741, 0.0)
(27.749662, 20.636843, 0.0)
(27.726376, 20.635780, 0.0)
(27.715269, 20.636127, 0.0)
(27.714405, 20.636700, 0.0)
(27.701466, 20.636805, 0.0)
(27.706791, 20.628233, 0.0)
(27.699041, 20.633087, 0.0)
(27.693974, 20.635111, 0.0)
(27.686707, 20.646954, 0.0)
(27.694735, 20.666132, 0.0)
(27.725792, 20.709812, 0.0)
(27.856039, 20.733988, 0.0)
(32.597752, 22.736420, 0.0)
(36.579895, 26.501865, 0.0)
(38.740726, 28.618994, 0.0)
(39.690811, 29.157722, 0.0)
(39.769341, 29.202162, 0.0)
(39.797371, 29.184410, 0.0)
(39.798744, 29.186239, 0.0)
(40.064510, 29.130375, 0.0)
(40.168449, 29.165199, 0.0)
(40.157166, 29.170399, 0.0)
(40.148403, 29.180349, 0.0)
(40.159508, 29.149366, 0.0)
(40.141640, 29.149267, 0.0)
(40.140472, 29.140829, 0.0)
(40.136101, 29.113710, 0.0)
(40.133419, 29.149797, 0.0)
(40.133915, 29.160225, 0.0)
(40.119019, 29.176495, 0.0)
(40.125931, 29.161324, 0.0)
(40.118790, 29.165352, 0.0)
(40.124992, 29.154202, 0.0)
(40.121243, 29.140860, 0.0)
(40.125450, 29.146423, 0.0)
(40.138111, 29.155464, 0.0)
(40.127831, 29.160942, 0.0)
(40.110588, 29.197634, 0.0)
(38.575581, 27.656710, 0.0)
(35.793819, 25.407490, 0.0)
(35.515781, 25.340033, 0.0)
(35.503304, 25.317118, 0.0)
(35.466743, 25.277233, 0.0)
(35.459358, 25.278761, 0.0)
(35.453148, 25.271559, 0.0)
(35.459301, 25.233402, 0.0)
(35.458672, 25.216238, 0.0)
(35.467880, 25.210751, 0.0)
(35.480141, 25.264929, 0.0)
(35.475029, 25.251617, 0.0)
(35.466145, 25.248590, 0.0)
(38.006245, 26.483112, 0.0)
(38.639416, 26.623819, 0.0)
(38.727222, 26.600367, 0.0)
(38.747292, 26.582035, 0.0)
(38.755299, 26.575459, 0.0)
(38.768768, 26.571230, 0.0)
(38.753136, 26.556849, 0.0)
(38.782463, 26.533871, 0.0)
(39.010757, 26.595911, 0.0)
(39.057850, 26.580378, 0.0)
(39.057850, 26.580378, 0.0)
(39.032772, 26.526346, 0.0)
(39.021683, 26.508568, 0.0)
(39.027679, 26.496065, 0.0)
(39.038490, 26.473064, 0.0)
(39.021935, 26.508324, 0.0)
(39.022915, 26.492359, 0.0)
(39.032757, 26.512821, 0.0)
(39.031483, 26.493113, 0.0)
(39.008064, 26.508678, 0.0)
(39.009449, 26.523077, 0.0)
(39.035004, 26.557264, 0.0)
(39.035004, 26.557264, 0.0)
(39.035004, 26.557264, 0.0)
(39.034702, 26.570034, 0.0)
(39.034370, 26.576481, 0.0)
(39.037815, 26.607918, 0.0)
(39.037815, 26.607918, 0.0)
(39.052460, 26.603682, 0.0)
(39.039745, 26.613899, 0.0)
(39.037815, 26.607918, 0.0)
(39.056057, 26.616076, 0.0)
(39.041363, 26.620327, 0.0)
(39.039425, 26.614323, 0.0)
(39.037815, 26.607918, 0.0)
(37.910381, 25.951876, 0.0)
(34.329346, 23.553488, 0.0)
(32.125313, 22.408339, 0.0)
(31.911356, 22.422644, 0.0)
(31.900948, 22.413837, 0.0)
(31.882689, 22.404356, 0.0)
(31.871038, 22.400726, 0.0)
(31.869207, 22.395994, 0.0)
(31.847672, 22.361267, 0.0)
(31.842045, 22.313791, 0.0)
(31.837425, 22.304703, 0.0)
(31.672615, 22.201597, 0.0)
(31.634508, 22.211220, 0.0)
(31.642036, 22.208342, 0.0)
(31.623652, 22.218721, 0.0)
(31.606689, 22.216415, 0.0)
(31.610737, 22.236654, 0.0)
(31.618372, 22.232357, 0.0)
(31.563852, 22.254316, 0.0)
(31.557514, 22.246538, 0.0)
(31.601954, 22.235134, 0.0)
(31.586369, 22.220293, 0.0)
(31.580225, 22.205925, 0.0)
(31.591511, 22.187798, 0.0)
(31.589655, 22.194078, 0.0)
(31.575926, 22.197285, 0.0)
(31.589014, 22.205593, 0.0)
(31.566616, 22.230434, 0.0)
(31.565184, 22.205574, 0.0)
(31.560694, 22.163506, 0.0)
(31.550747, 22.151342, 0.0)
(31.535173, 22.157038, 0.0)
(31.543043, 22.152781, 0.0)
(31.545883, 22.140289, 0.0)
(31.556177, 22.132473, 0.0)
(31.532875, 22.121336, 0.0)
(31.545223, 22.101686, 0.0)
(31.538654, 22.085470, 0.0)
(29.652763, 24.162409, 0.0)
(28.381643, 25.423651, 0.0)
(28.197817, 25.465883, 0.0)
(28.164192, 25.415220, 0.0)
(28.081757, 25.431715, 0.0)
(28.039158, 25.427019, 0.0)
(28.032837, 25.438770, 0.0)
(28.018089, 25.426226, 0.0)
(28.074135, 25.588711, 0.0)
(28.063095, 25.673027, 0.0)
(28.042364, 25.665497, 0.0)
(28.034769, 25.735477, 0.0)
(28.031864, 25.759205, 0.0)
(28.026104, 25.741707, 0.0)
(28.024961, 25.749100, 0.0)
(28.079212, 25.760015, 0.0)
(28.124855, 25.727692, 0.0)
(28.105736, 25.711973, 0.0)
(28.110188, 25.719784, 0.0)
(28.094688, 25.706968, 0.0)
(28.074762, 25.748379, 0.0)
(28.076172, 25.787426, 0.0)
(28.054884, 25.806683, 0.0)
(28.016832, 25.791901, 0.0)
(28.010309, 25.759039, 0.0)
(28.000380, 25.766689, 0.0)
(27.995714, 25.760170, 0.0)
(28.008760, 25.786833, 0.0)
(28.002697, 25.809200, 0.0)
(27.995880, 25.812643, 0.0)
(27.988724, 25.829178, 0.0)
(28.002544, 25.835621, 0.0)
(27.993334, 25.881191, 0.0)
(27.995186, 25.878145, 0.0)
(27.983770, 25.823076, 0.0)
(27.959379, 25.838270, 0.0)
(27.965084, 25.843233, 0.0)
(30.587103, 25.167591, 0.0)
(34.509949, 24.021515, 0.0)
(35.609894, 23.922113, 0.0)
(35.674809, 23.832352, 0.0)
(35.672962, 23.764030, 0.0)
(35.676300, 23.732168, 0.0)
(35.705364, 23.753666, 0.0)
(35.699421, 23.746958, 0.0)
(35.709412, 23.715099, 0.0)
(35.671124, 23.663273, 0.0)
(35.671764, 23.658075, 0.0)
(35.685867, 23.641594, 0.0)
(35.692760, 23.652525, 0.0)
(35.696995, 23.654577, 0.0)
(35.704926, 23.648264, 0.0)
(35.704979, 23.655014, 0.0)
(35.703819, 23.655426, 0.0)
(35.703865, 23.558147, 0.0)
(35.681595, 23.545610, 0.0)
(35.649387, 23.543133, 0.0)
(35.658024, 23.553381, 0.0)
(35.653015, 23.552486, 0.0)
(35.649700, 23.536366, 0.0)
(35.626225, 23.493872, 0.0)
(35.613365, 23.460962, 0.0)
(35.611214, 23.455133, 0.0)
(35.615192, 23.433846, 0.0)
(35.620480, 23.414505, 0.0)
(35.616367, 23.411036, 0.0)
(35.603794, 23.393423, 0.0)
(35.591469, 23.360964, 0.0)
(35.585041, 23.358086, 0.0)
(35.576862, 23.379881, 0.0)
(35.576637, 23.380816, 0.0)
(35.588692, 23.362009, 0.0)
(35.571293, 23.366226, 0.0)
(35.572041, 23.410023, 0.0)
(35.577347, 23.387501, 0.0)
(33.201679, 21.335573, 0.0)
(31.894205, 20.117809, 0.0)
(31.779408, 20.080673, 0.0)
(31.747444, 20.102421, 0.0)
(31.722057, 20.095810, 0.0)
(31.640881, 20.075941, 0.0)
(31.492929, 19.956844, 0.0)
(31.488167, 19.932547, 0.0)
(31.458000, 19.906416, 0.0)
(31.451794, 19.877863, 0.0)
(31.445442, 19.873734, 0.0)
(31.431213, 19.878344, 0.0)
(31.419170, 19.886019, 0.0)
(31.417093, 19.880932, 0.0)
(31.387850, 19.891088, 0.0)
(31.379351, 19.896118, 0.0)
(31.356607, 19.908329, 0.0)
(31.845690, 20.317781, 0.0)
(31.980459, 20.734314, 0.0)
(31.982067, 20.766193, 0.0)
(31.954494, 20.745323, 0.0)
(31.979158, 20.766630, 0.0)
(31.946966, 20.731577, 0.0)
(31.917755, 20.725899, 0.0)
(31.904541, 20.709827, 0.0)
(31.910131, 20.736311, 0.0)
(31.888895, 20.736227, 0.0)
(31.913660, 20.738760, 0.0)
(31.883253, 20.748148, 0.0)
(31.896427, 20.762728, 0.0)
(31.901426, 20.776852, 0.0)
(31.897718, 20.801533, 0.0)
(31.884932, 20.805168, 0.0)
(31.899317, 20.814739, 0.0)
(32.859177, 21.538649, 0.0)
(33.855839, 22.370342, 0.0)
(33.914036, 22.416164, 0.0)
(33.888405, 22.408400, 0.0)
(33.877003, 22.402935, 0.0)
(33.857132, 22.377323, 0.0)
(33.858242, 22.289743, 0.0)
(33.859837, 22.272917, 0.0)
(33.852161, 22.243389, 0.0)
(33.847000, 22.221340, 0.0)
(32.481930, 22.839394, 0.0)
(28.910046, 24.373905, 0.0)
(26.640606, 25.332911, 0.0)
(26.295700, 25.444187, 0.0)
(26.189182, 25.442259, 0.0)
(26.150082, 25.451866, 0.0)
(26.164852, 25.360174, 0.0)
(25.329918, 25.783409, 0.0)
(25.096598, 25.861013, 0.0)
(25.051245, 25.850382, 0.0)
(24.933344, 25.860689, 0.0)
(25.381853, 25.533936, 0.0)
(25.940908, 25.277508, 0.0)
(26.205700, 25.186571, 0.0)
(26.231401, 25.222605, 0.0)
(26.229130, 25.270884, 0.0)
(26.233109, 25.291857, 0.0)
(26.186110, 25.317955, 0.0)
(27.921083, 24.879740, 0.0)
(32.095840, 24.582851, 0.0)
(33.693317, 24.693542, 0.0)
(33.803524, 24.651386, 0.0)
(33.804291, 24.639328, 0.0)
(33.817833, 24.710037, 0.0)
(33.860157, 24.685755, 0.0)
(33.891205, 24.685133, 0.0)
(33.892193, 24.665733, 0.0)
(33.938713, 24.642303, 0.0)
(33.920437, 24.640724, 0.0)
(33.917488, 24.648567, 0.0)
(33.919834, 24.655762, 0.0)
(33.959084, 24.630266, 0.0)
(33.942196, 24.645330, 0.0)
(32.807915, 27.192902, 0.0)
(32.125797, 28.635202, 0.0)
(31.974386, 28.714392, 0.0)
(31.919088, 28.700748, 0.0)
(31.914902, 28.705366, 0.0)
(31.899071, 28.720823, 0.0)
(31.886536, 28.739182, 0.0)
(32.214207, 29.178438, 0.0)
(32.241779, 29.279922, 0.0)
(32.193935, 29.270519, 0.0)
(32.177574, 29.304485, 0.0)
(32.191662, 29.346252, 0.0)
(32.178295, 29.377756, 0.0)
(32.169163, 29.400921, 0.0)
(32.173584, 29.451706, 0.0)
(32.167755, 29.473459, 0.0)
(32.169857, 29.477585, 0.0)
(32.201767, 29.495352, 0.0)
(32.193153, 29.540319, 0.0)
(32.169323, 29.555281, 0.0)
(32.171745, 29.540861, 0.0)
(32.173233, 29.532806, 0.0)
(32.287300, 29.453045, 0.0)
(34.175625, 28.554148, 0.0)
(34.259071, 28.366007, 0.0)
(34.205711, 28.278118, 0.0)
(34.215317, 28.270466, 0.0)
(34.205273, 28.262753, 0.0)
(34.225330, 28.255091, 0.0)
(34.202641, 28.267633, 0.0)
(34.150455, 28.188416, 0.0)
(34.158432, 28.177631, 0.0)
(34.167542, 28.170717, 0.0)
(34.166805, 28.171036, 0.0)
(34.146469, 28.154129, 0.0)
(34.074047, 26.858978, 0.0)
(34.016682, 26.377991, 0.0)
(33.978329, 26.203936, 0.0)
(33.961788, 26.117260, 0.0)
(33.988544, 26.077648, 0.0)
(33.972263, 26.026686, 0.0)
(33.984482, 26.023561, 0.0)
(34.013802, 25.981159, 0.0)
(33.903496, 25.703569, 0.0)
(33.905010, 25.696123, 0.0)
(33.882835, 25.701324, 0.0)
(33.838501, 27.282911, 0.0)
(33.920853, 27.248600, 0.0)
(33.875950, 26.478559, 0.0)
(33.816029, 25.923506, 0.0)
(33.814301, 25.628340, 0.0)
(33.798462, 25.495005, 0.0)
(33.840958, 25.436920, 0.0)
(33.823711, 25.462809, 0.0)
(33.845043, 25.443491, 0.0)
(33.867725, 25.441549, 0.0)
(33.896172, 25.430338, 0.0)
(33.911583, 25.418295, 0.0)
(33.900604, 25.425842, 0.0)
(33.895687, 25.426981, 0.0)
(33.912289, 25.435709, 0.0)
(33.896328, 25.453445, 0.0)
(33.901669, 25.467743, 0.0)
(33.892197, 25.470400, 0.0)
(33.882042, 25.458044, 0.0)
(33.903641, 25.434513, 0.0)
(33.938938, 25.401402, 0.0)
(33.941971, 25.382504, 0.0)
(33.946278, 25.376772, 0.0)
(33.942760, 25.361961, 0.0)
(33.930637, 25.344797, 0.0)
(33.917385, 25.337637, 0.0)
(33.589931, 25.227583, 0.0)
(30.373547, 24.378439, 0.0)
(28.056299, 24.073912, 0.0)
(27.655558, 24.048409, 0.0)
(27.594538, 24.088047, 0.0)
(27.427847, 24.073048, 0.0)
(26.399679, 24.552530, 0.0)
(26.267056, 24.617235, 0.0)
(26.216400, 24.635176, 0.0)
(26.250189, 24.614449, 0.0)
(26.200138, 24.629864, 0.0)
(26.138445, 24.651276, 0.0)
(26.136847, 24.683125, 0.0)
(26.273958, 24.638422, 0.0)
(29.444160, 24.204117, 0.0)
(29.896944, 24.243593, 0.0)
(29.944515, 24.249163, 0.0)
(29.917953, 24.260792, 0.0)
(29.931952, 24.258371, 0.0)
(29.239126, 24.344137, 0.0)
(26.750900, 24.781012, 0.0)
(26.551079, 24.757814, 0.0)
(26.508600, 24.717220, 0.0)
(26.511251, 24.670351, 0.0)
(26.449980, 24.672939, 0.0)
(26.374350, 24.707472, 0.0)
(26.346260, 24.733683, 0.0)
(26.324081, 24.750362, 0.0)
(26.286095, 24.751297, 0.0)
(26.299486, 24.732573, 0.0)
(26.304668, 24.719492, 0.0)
(26.256956, 24.738918, 0.0)
(26.266579, 24.726942, 0.0)
(26.252895, 24.748325, 0.0)
(26.223158, 24.735754, 0.0)
(26.231466, 24.745350, 0.0)
(26.455339, 24.626398, 0.0)
(30.438835, 23.081793, 0.0)
(33.992130, 22.250410, 0.0)
(36.461067, 22.099358, 0.0)
(37.088188, 21.859566, 0.0)
(37.190159, 21.768047, 0.0)
(37.207905, 21.744797, 0.0)
(37.197102, 21.704687, 0.0)
(37.185833, 21.175417, 0.0)
(37.167564, 21.078232, 0.0)
(37.144508, 21.055012, 0.0)
(37.135876, 21.054893, 0.0)
(37.143871, 21.042278, 0.0)
(37.108742, 21.005295, 0.0)
(37.102055, 21.009895, 0.0)
(37.114372, 20.978304, 0.0)
(37.103317, 20.943272, 0.0)
(37.121857, 20.938114, 0.0)
(37.138832, 20.928671, 0.0)
(37.138943, 20.949287, 0.0)
(37.105900, 20.931204, 0.0)
(37.114319, 20.916077, 0.0)
(37.102634, 20.871256, 0.0)
(37.067940, 20.832701, 0.0)
(37.433327, 22.237860, 0.0)
(37.356197, 24.042631, 0.0)
(37.119545, 24.119297, 0.0)
(37.084053, 24.053890, 0.0)
(37.056229, 24.023209, 0.0)
(37.031845, 24.026207, 0.0)
(37.020046, 24.032976, 0.0)
(36.992844, 24.068529, 0.0)
(36.949688, 24.007294, 0.0)
(36.942616, 23.960312, 0.0)
(36.942783, 23.976526, 0.0)
(36.923649, 24.016296, 0.0)
(36.923649, 24.016296, 0.0)
(36.932037, 24.014282, 0.0)
(35.043541, 24.241528, 0.0)
(31.370022, 24.836651, 0.0)
(30.402498, 24.885563, 0.0)
(30.261169, 24.893721, 0.0)
(30.211430, 24.889690, 0.0)
(30.178528, 24.853954, 0.0)
(30.155668, 24.836651, 0.0)
(30.131403, 24.851210, 0.0)
(30.112261, 24.861883, 0.0)
(30.108812, 24.859482, 0.0)
(30.101101, 24.846878, 0.0)
(30.097040, 24.830685, 0.0)
(30.109772, 24.814987, 0.0)
(30.106691, 24.811905, 0.0)
(30.113596, 24.816387, 0.0)
(30.107389, 24.816875, 0.0)
(30.084784, 24.802422, 0.0)
(30.090160, 24.828989, 0.0)
(30.074409, 24.840799, 0.0)
(30.056021, 24.855774, 0.0)
(30.089571, 24.845856, 0.0)
(30.086586, 24.842472, 0.0)
(30.059578, 24.830179, 0.0)
(30.079763, 24.803089, 0.0)
(30.103477, 24.805304, 0.0)
(30.099819, 24.802099, 0.0)
(30.109631, 24.803423, 0.0)
(30.139526, 24.790257, 0.0)
(30.140802, 24.780815, 0.0)
(30.155289, 24.769398, 0.0)
(30.173628, 24.760103, 0.0)
(30.177811, 24.778717, 0.0)
(30.184599, 24.783789, 0.0)
(30.194672, 24.781687, 0.0)
(30.223246, 24.801716, 0.0)
(30.234545, 24.813812, 0.0)
(30.237392, 24.837770, 0.0)
(30.239359, 24.891415, 0.0)
(33.270290, 23.276472, 0.0)
(36.383572, 22.807133, 0.0)
(37.315754, 22.897001, 0.0)
(37.427803, 22.897314, 0.0)
(37.321255, 22.893154, 0.0)
(37.242580, 22.851210, 0.0)
(37.379105, 22.828671, 0.0)
(37.267788, 22.791506, 0.0)
(37.241196, 22.789053, 0.0)
(37.260006, 22.806084, 0.0)
(37.286388, 22.837763, 0.0)
(37.243649, 22.811655, 0.0)
(37.273254, 22.807766, 0.0)
(37.300957, 22.809624, 0.0)
(37.236076, 22.767088, 0.0)
(37.433933, 22.778177, 0.0)
(37.589828, 22.805170, 0.0)
(37.571926, 22.791359, 0.0)
(37.579399, 22.775446, 0.0)
(37.583954, 22.780193, 0.0)
(37.571644, 22.778967, 0.0)
(37.577011, 22.790035, 0.0)
(37.603912, 22.751505, 0.0)
(37.600742, 22.734388, 0.0)
(37.586884, 22.722010, 0.0)
(37.579269, 22.723358, 0.0)
(37.574272, 22.739023, 0.0)
(37.572395, 22.739023, 0.0)
(37.564423, 22.700745, 0.0)
(37.543922, 22.663488, 0.0)
(37.539474, 22.658510, 0.0)
(37.509953, 22.670719, 0.0)
(37.460781, 22.689680, 0.0)
(37.435863, 22.680159, 0.0)
(37.427090, 22.672546, 0.0)
(37.404259, 22.651188, 0.0)
(37.391773, 22.638100, 0.0)
(38.632786, 24.969288, 0.0)
(39.363842, 28.782051, 0.0)
(39.214199, 29.282757, 0.0)
(39.147438, 29.196966, 0.0)
(39.130699, 29.120085, 0.0)
(39.071587, 29.047417, 0.0)
(39.384491, 29.331814, 0.0)
(39.408012, 29.361580, 0.0)
(39.379200, 29.321934, 0.0)
(39.383564, 29.345518, 0.0)
(39.385239, 29.359127, 0.0)
(39.373474, 29.375641, 0.0)
(39.375278, 29.343859, 0.0)
(39.363747, 29.303669, 0.0)
(39.365555, 29.264307, 0.0)
(39.351902, 29.267899, 0.0)
(39.349163, 29.279001, 0.0)
(39.350018, 29.285645, 0.0)
(39.333931, 29.298178, 0.0)
(39.336765, 29.265753, 0.0)
(39.334202, 29.241629, 0.0)
(39.321453, 29.245726, 0.0)
(39.313595, 29.218248, 0.0)
(39.297718, 29.202023, 0.0)
(39.274673, 29.199839, 0.0)
(39.260834, 29.196651, 0.0)
(39.258755, 29.183521, 0.0)
(39.236237, 29.136282, 0.0)
(36.799149, 27.222080, 0.0)
(36.543297, 27.088455, 0.0)
(36.527821, 27.059313, 0.0)
(36.493366, 27.064480, 0.0)
(36.521675, 27.067062, 0.0)
(36.523174, 27.076159, 0.0)
(36.518211, 27.059422, 0.0)
(36.525154, 27.047234, 0.0)
(36.517204, 27.045635, 0.0)
(36.525154, 27.047234, 0.0)
(37.220470, 23.928921, 0.0)
(38.189980, 22.439487, 0.0)
(38.426090, 22.079741, 0.0)
(38.420639, 22.080259, 0.0)
(38.434715, 22.077543, 0.0)
(38.467239, 22.036579, 0.0)
(38.461960, 22.009245, 0.0)
(38.840855, 22.408186, 0.0)
(38.863426, 22.465158, 0.0)
(38.803326, 22.436022, 0.0)
(38.803936, 22.431450, 0.0)
(38.803936, 22.431450, 0.0)
(38.776875, 22.426352, 0.0)
(38.779884, 22.429800, 0.0)
(38.775021, 22.378281, 0.0)
(38.773380, 22.383751, 0.0)
(38.773380, 22.383751, 0.0)
(38.771667, 22.370970, 0.0)
(38.777542, 22.357960, 0.0)
(38.764526, 22.346249, 0.0)
(38.767166, 22.340923, 0.0)
(38.775833, 22.333258, 0.0)
(38.767166, 22.340923, 0.0)
(38.530361, 22.431063, 0.0)
(37.573586, 22.587896, 0.0)
(37.435867, 22.567537, 0.0)
(37.407566, 22.531713, 0.0)
(37.394386, 22.470789, 0.0)
(37.386780, 22.466644, 0.0)
(37.306633, 22.486128, 0.0)
(36.009464, 22.401505, 0.0)
(35.854324, 22.417727, 0.0)
(35.849571, 22.378574, 0.0)
(35.840782, 22.375984, 0.0)
(35.843826, 22.365826, 0.0)
(35.819614, 22.332731, 0.0)
(35.827648, 22.318602, 0.0)
(34.801857, 24.717882, 0.0)
(34.503838, 26.914686, 0.0)
(34.308674, 26.956614, 0.0)
(34.198853, 26.855125, 0.0)
(34.166843, 26.842175, 0.0)
(34.117107, 26.837006, 0.0)
(34.110378, 26.791941, 0.0)
(34.081402, 26.778719, 0.0)
(34.050076, 26.771118, 0.0)
(34.038918, 26.763861, 0.0)
(34.024754, 26.739330, 0.0)
(33.996655, 26.772932, 0.0)
(33.960590, 26.704823, 0.0)
(34.078773, 27.583899, 0.0)
(34.160889, 28.714691, 0.0)
(34.078384, 28.544378, 0.0)
(34.008469, 28.025181, 0.0)
(34.020878, 27.608828, 0.0)
(33.995167, 27.378328, 0.0)
(34.014038, 27.259340, 0.0)
(34.004032, 27.142540, 0.0)
(33.970604, 27.039637, 0.0)
(33.970722, 27.007128, 0.0)
(33.954689, 26.978865, 0.0)
(33.968620, 26.976072, 0.0)
(33.977448, 26.988661, 0.0)
(33.969784, 27.001234, 0.0)
(33.980221, 26.989445, 0.0)
(33.968132, 26.943604, 0.0)
(33.969109, 26.952751, 0.0)
(33.953445, 26.968502, 0.0)
(33.987144, 26.960423, 0.0)
(33.978695, 26.967207, 0.0)
(33.998631, 26.943655, 0.0)
(34.009384, 26.969568, 0.0)
(34.004848, 26.974333, 0.0)
(33.997543, 26.988667, 0.0)
(34.146332, 27.366795, 0.0)
(34.382725, 28.908506, 0.0)
(34.348637, 29.075390, 0.0)
(34.332718, 29.090538, 0.0)
(34.330154, 29.096983, 0.0)
(34.343525, 29.394022, 0.0)
(34.329967, 29.624441, 0.0)
(34.286873, 29.681522, 0.0)
(34.253777, 29.720728, 0.0)
(34.248291, 29.726513, 0.0)
(34.239063, 29.742916, 0.0)
(34.228230, 29.729092, 0.0)
(34.234913, 29.723692, 0.0)
(34.224491, 29.721468, 0.0)
(34.217804, 29.705538, 0.0)
(34.205780, 29.704308, 0.0)
(34.195980, 29.687328, 0.0)
(34.183449, 29.676208, 0.0)
(34.176609, 29.681509, 0.0)
(34.180481, 29.672644, 0.0)
(34.180481, 29.672644, 0.0)
(34.173641, 29.677929, 0.0)
(34.177982, 29.659843, 0.0)
(34.179314, 29.588486, 0.0)
(34.196098, 29.569193, 0.0)
(34.200230, 29.537539, 0.0)
(34.199306, 29.530769, 0.0)
(34.199795, 29.562738, 0.0)
(34.199051, 29.571426, 0.0)
(34.198071, 29.588804, 0.0)
(34.194324, 29.601236, 0.0)
(34.179192, 29.596924, 0.0)
(34.191933, 29.569153, 0.0)
(34.218277, 29.519245, 0.0)
(34.219883, 29.532629, 0.0)
(34.214294, 29.558922, 0.0)
(34.190338, 29.603174, 0.0)
(34.145760, 29.613916, 0.0)
(34.157997, 29.638296, 0.0)
(33.143944, 29.672403, 0.0)
(29.864531, 29.225634, 0.0)
(27.577850, 28.891327, 0.0)
(26.738474, 28.486904, 0.0)
(26.643929, 28.338825, 0.0)
(26.618078, 28.358999, 0.0)
(26.580667, 28.380827, 0.0)
(26.580282, 28.431194, 0.0)
(26.517035, 28.428377, 0.0)
(28.520761, 27.680014, 0.0)
(31.667181, 27.518105, 0.0)
(32.865238, 27.618055, 0.0)
(32.978176, 27.734793, 0.0)
(33.028984, 27.790949, 0.0)
(33.036972, 27.860388, 0.0)
(33.013000, 27.900171, 0.0)
(33.073021, 27.943296, 0.0)
(33.075920, 27.974092, 0.0)
(33.087200, 28.002871, 0.0)
(33.111000, 28.015366, 0.0)
(32.006027, 28.232119, 0.0)
(29.169439, 28.560215, 0.0)
(28.238768, 28.084995, 0.0)
(28.090450, 27.834795, 0.0)
(27.834156, 27.763319, 0.0)
(27.957361, 27.738934, 0.0)
(28.057907, 27.654608, 0.0)
(27.869534, 27.701988, 0.0)
(27.886335, 27.731285, 0.0)
(27.972597, 27.733904, 0.0)
(27.978060, 27.727432, 0.0)
(27.971308, 27.670284, 0.0)
(29.220646, 27.421249, 0.0)
(31.981398, 27.274403, 0.0)
(32.070126, 27.370296, 0.0)
(32.097275, 27.437838, 0.0)
(32.098076, 27.496817, 0.0)
(32.112850, 27.539309, 0.0)
(32.169380, 27.530821, 0.0)
(32.196754, 27.524704, 0.0)
(32.147366, 27.194471, 0.0)
(30.634178, 24.523928, 0.0)
(30.032789, 23.792938, 0.0)
(29.875278, 23.742308, 0.0)
(29.904774, 23.781246, 0.0)
(29.897894, 23.797527, 0.0)
(29.898380, 23.819319, 0.0)
(29.883209, 23.774559, 0.0)
(29.915747, 23.721474, 0.0)
(30.601692, 23.687288, 0.0)
(30.964209, 23.863161, 0.0)
(31.029079, 23.857964, 0.0)
(31.012135, 23.843573, 0.0)
(30.998629, 23.882315, 0.0)
(30.220697, 24.003971, 0.0)
(29.947294, 24.060593, 0.0)
(29.951422, 24.089279, 0.0)
(29.949110, 24.070738, 0.0)
(29.938656, 24.064152, 0.0)
(29.934095, 24.037144, 0.0)
(29.945885, 24.049965, 0.0)
(30.003456, 24.039017, 0.0)
(33.115173, 24.221409, 0.0)
(33.911621, 24.283831, 0.0)
(33.952030, 24.271830, 0.0)
(33.955914, 24.272779, 0.0)
(33.976231, 24.253393, 0.0)
(34.006603, 24.221470, 0.0)
(35.149479, 24.188841, 0.0)
(35.763332, 24.136190, 0.0)
(35.771950, 24.132803, 0.0)
(35.764259, 24.097303, 0.0)
(35.774635, 24.100834, 0.0)
(35.783909, 24.133535, 0.0)
(35.798260, 24.127586, 0.0)
(35.779385, 24.119669, 0.0)
(36.331291, 25.782879, 0.0)
(36.175510, 29.482151, 0.0)
(36.018963, 30.471407, 0.0)
(35.923107, 30.456926, 0.0)
(35.840363, 30.561375, 0.0)
(35.825119, 30.740332, 0.0)
(36.248699, 31.288473, 0.0)
(36.304943, 31.324844, 0.0)
(36.256371, 31.304539, 0.0)
(36.287312, 31.304434, 0.0)
(36.280865, 31.301420, 0.0)
(36.268696, 31.297167, 0.0)
(36.244812, 31.305891, 0.0)
(36.204273, 31.320339, 0.0)
(36.175030, 31.325846, 0.0)
(36.372639, 30.322008, 0.0)
(36.579468, 27.867859, 0.0)
(36.467514, 26.865934, 0.0)
(36.426170, 26.522541, 0.0)
(36.392559, 26.353930, 0.0)
(36.359669, 26.263294, 0.0)
(36.337002, 26.086178, 0.0)
(36.319183, 25.959837, 0.0)
(36.289951, 25.933367, 0.0)
(36.293350, 25.934044, 0.0)
(36.322250, 25.956276, 0.0)
(36.313908, 25.966146, 0.0)
(36.337318, 25.993599, 0.0)
(36.382961, 26.043446, 0.0)
(36.373360, 26.048275, 0.0)
(36.364307, 26.045465, 0.0)
(36.391563, 26.017111, 0.0)
(36.385635, 25.998812, 0.0)
(36.380810, 25.965847, 0.0)
(36.384209, 25.968153, 0.0)
(36.376476, 26.005264, 0.0)
(36.385113, 26.064087, 0.0)
(36.375153, 26.059280, 0.0)
(36.345394, 26.058138, 0.0)
(34.025776, 28.189148, 0.0)
(30.755379, 30.914660, 0.0)
(30.597790, 30.400433, 0.0)
(30.504652, 30.101637, 0.0)
(30.453686, 29.977634, 0.0)
(30.453651, 29.853222, 0.0)
(30.433994, 29.755676, 0.0)
(32.073277, 28.905300, 0.0)
(33.403187, 27.938631, 0.0)
(33.467781, 27.676512, 0.0)
(33.427532, 27.592100, 0.0)
(33.403927, 27.512020, 0.0)
(33.393044, 27.420265, 0.0)
(33.396339, 27.326233, 0.0)
(33.372978, 27.274544, 0.0)
(33.035156, 26.937687, 0.0)
(32.124943, 25.831215, 0.0)
(32.015305, 25.419664, 0.0)
(31.921001, 25.294586, 0.0)
(31.940826, 25.299015, 0.0)
(31.924429, 25.263220, 0.0)
(31.924910, 25.260366, 0.0)
(31.918037, 25.253321, 0.0)
(31.920664, 25.224838, 0.0)
(31.887213, 25.240074, 0.0)
(31.865026, 25.250910, 0.0)
(31.883152, 25.259888, 0.0)
(31.876535, 25.260601, 0.0)
(31.872860, 25.260117, 0.0)
(31.868914, 25.255323, 0.0)
(31.874411, 25.239399, 0.0)
(31.877525, 25.243259, 0.0)
(31.923141, 25.242939, 0.0)
(35.104729, 24.483044, 0.0)
(38.069847, 24.743210, 0.0)
(39.795574, 25.293633, 0.0)
(40.254196, 25.408051, 0.0)
(40.331516, 25.399412, 0.0)
(40.439888, 25.398319, 0.0)
(40.715958, 25.102552, 0.0)
(40.766232, 25.121658, 0.0)
(40.826145, 25.133728, 0.0)
(40.789333, 25.046762, 0.0)
(40.750839, 25.007021, 0.0)
(40.752102, 25.009232, 0.0)
(40.740112, 24.975521, 0.0)
(40.710377, 24.968065, 0.0)
(40.688591, 24.950106, 0.0)
(40.690453, 24.943388, 0.0)
(40.638428, 24.922159, 0.0)
(40.622849, 24.928394, 0.0)
(40.617069, 24.873201, 0.0)
(40.619286, 24.836496, 0.0)
(38.621387, 24.176924, 0.0)
(38.184124, 24.045528, 0.0)
(38.158382, 23.994305, 0.0)
(38.179321, 23.967531, 0.0)
(38.173599, 23.927454, 0.0)
(38.174530, 23.908188, 0.0)
(38.160099, 23.917700, 0.0)
(38.173599, 23.927454, 0.0)
(38.166710, 23.915604, 0.0)
(38.144192, 23.904884, 0.0)
(38.150845, 23.919432, 0.0)
(38.136646, 23.914455, 0.0)
(38.132729, 23.923414, 0.0)
(38.127167, 23.878365, 0.0)
(38.118412, 23.866407, 0.0)
(38.104763, 23.859716, 0.0)
(36.323528, 22.941538, 0.0)
(35.383385, 22.312323, 0.0)
(35.322823, 22.170630, 0.0)
(35.363655, 22.150095, 0.0)
(35.686890, 21.788406, 0.0)
(35.714294, 21.717367, 0.0)
(35.714294, 21.717367, 0.0)
(35.724419, 21.700432, 0.0)
(35.729141, 21.674028, 0.0)
(35.724934, 21.643501, 0.0)
(35.706257, 21.632107, 0.0)
(35.694565, 21.617371, 0.0)
(35.690460, 21.620333, 0.0)
(35.690826, 21.608170, 0.0)
(35.687527, 21.611872, 0.0)
(35.692417, 21.599588, 0.0)
(35.683697, 21.602615, 0.0)
(35.686031, 21.569649, 0.0)
(35.672577, 21.573347, 0.0)
(35.670898, 21.566092, 0.0)
(35.681049, 21.554853, 0.0)
(35.663933, 21.573191, 0.0)
(35.660351, 21.583544, 0.0)
(35.654915, 21.551231, 0.0)
(35.225773, 21.834053, 0.0)
(34.180313, 22.714581, 0.0)
(34.032623, 22.783159, 0.0)
(34.015533, 22.765364, 0.0)
(33.970242, 22.775452, 0.0)
(33.930820, 22.782175, 0.0)
(33.908089, 22.813747, 0.0)
(33.897808, 22.795221, 0.0)
(33.873032, 22.799627, 0.0)
(33.892883, 22.797537, 0.0)
(33.869781, 22.833544, 0.0)
(33.882462, 22.868500, 0.0)
(33.896778, 22.875153, 0.0)
(33.892971, 22.889528, 0.0)
(33.823242, 22.913120, 0.0)
(35.138729, 24.309341, 0.0)
(38.961357, 29.010891, 0.0)
(39.654491, 30.110420, 0.0)
(40.066208, 30.545609, 0.0)
(40.138729, 30.593586, 0.0)
(40.149704, 30.623600, 0.0)
(40.178688, 30.635862, 0.0)
(40.188614, 30.669218, 0.0)
(40.197433, 30.666231, 0.0)
(40.205330, 30.680159, 0.0)
(40.205303, 30.687180, 0.0)
(40.191483, 30.677790, 0.0)
(40.183842, 30.662022, 0.0)
(40.183289, 30.657887, 0.0)
(40.176426, 30.645090, 0.0)
(40.183483, 30.643864, 0.0)
(40.205395, 30.673851, 0.0)
(40.203068, 30.668793, 0.0)
(40.205341, 30.687180, 0.0)
(40.203312, 30.686207, 0.0)
(40.211521, 30.681170, 0.0)
(40.187473, 30.672573, 0.0)
(40.209423, 30.660116, 0.0)
(40.209240, 30.623459, 0.0)
(40.203239, 30.632576, 0.0)
(40.203239, 30.632576, 0.0)
(37.778465, 27.736675, 0.0)
(36.254044, 26.663570, 0.0)
(36.098858, 26.582329, 0.0)
(36.070518, 26.580782, 0.0)
(36.053070, 26.535917, 0.0)
(36.032200, 26.523455, 0.0)
(36.024540, 26.525343, 0.0)
(36.020508, 26.537640, 0.0)
(36.028625, 26.545422, 0.0)
(35.977413, 26.502802, 0.0)
(33.812244, 27.275101, 0.0)
(32.330177, 28.301342, 0.0)
(32.181419, 28.370930, 0.0)
(32.168156, 28.313505, 0.0)
(32.167274, 28.287586, 0.0)
(32.149029, 28.305735, 0.0)
(32.124279, 28.303833, 0.0)
(32.250145, 28.346239, 0.0)
(32.349144, 28.418676, 0.0)
(32.345852, 28.419508, 0.0)
(32.332989, 28.412361, 0.0)
(32.327545, 28.423683, 0.0)
(32.330307, 28.432344, 0.0)
(32.330082, 28.438086, 0.0)
(32.337704, 28.446857, 0.0)
(32.332161, 28.428936, 0.0)
(32.335148, 28.430901, 0.0)
(32.332161, 28.428936, 0.0)
(32.331413, 28.442410, 0.0)
(32.335629, 28.437067, 0.0)
(32.320232, 28.424707, 0.0)
(32.320232, 28.424707, 0.0)
(32.326981, 28.429445, 0.0)
(32.324745, 28.426132, 0.0)
(32.326981, 28.429445, 0.0)
(32.332432, 28.434467, 0.0)
(32.329300, 28.432484, 0.0)
(32.324741, 28.435387, 0.0)
(32.325966, 28.427883, 0.0)
(32.322861, 28.429327, 0.0)
(32.312458, 28.422962, 0.0)
(32.292576, 28.404116, 0.0)
(32.279903, 28.398600, 0.0)
(32.281872, 28.407146, 0.0)
(32.275208, 28.416834, 0.0)
(32.269051, 28.419321, 0.0)
(32.271797, 28.415968, 0.0)
(32.462223, 27.837664, 0.0)
(33.437454, 24.319357, 0.0)
(33.659508, 22.840103, 0.0)
(33.579441, 22.702597, 0.0)
(33.558739, 22.738619, 0.0)
(34.008873, 22.313795, 0.0)
(34.033161, 22.243877, 0.0)
(34.011822, 22.256525, 0.0)
(34.014759, 22.234106, 0.0)
(34.020962, 22.193289, 0.0)
(33.989735, 22.179535, 0.0)
(33.987335, 22.169500, 0.0)
(34.006088, 22.172079, 0.0)
(33.984592, 22.106462, 0.0)
(33.967957, 22.126587, 0.0)
(33.979099, 22.087275, 0.0)
(33.973644, 22.094473, 0.0)
(33.969379, 22.116425, 0.0)
(33.984894, 22.116106, 0.0)
(33.982788, 22.104277, 0.0)
(33.984612, 22.099947, 0.0)
(33.993221, 22.064297, 0.0)
(33.982838, 22.006069, 0.0)
(33.978970, 21.981834, 0.0)
(33.977158, 21.976633, 0.0)
(33.979347, 21.972492, 0.0)
(33.975555, 21.969967, 0.0)
(33.974598, 21.957090, 0.0)
(33.942509, 21.936701, 0.0)
(33.936447, 21.923826, 0.0)
(33.951275, 21.915884, 0.0)
(33.948360, 21.921640, 0.0)
(35.368324, 22.952616, 0.0)
(35.954514, 23.611866, 0.0)
(35.966301, 23.636400, 0.0)
(35.949657, 23.610357, 0.0)
(35.960308, 23.645203, 0.0)
(35.949997, 23.630770, 0.0)
(35.784912, 23.548582, 0.0)
(32.211517, 22.490788, 0.0)
(28.908506, 22.610491, 0.0)
(27.804615, 22.761026, 0.0)
(27.666021, 22.761358, 0.0)
(27.610983, 22.721153, 0.0)
(27.567976, 22.709728, 0.0)
(27.551004, 22.709450, 0.0)
(27.517870, 22.733614, 0.0)
(27.464474, 22.745173, 0.0)
(27.442493, 22.767429, 0.0)
(27.451025, 22.748354, 0.0)
(27.456573, 22.784714, 0.0)
(27.425049, 22.820415, 0.0)
(27.427315, 22.833403, 0.0)
(27.425800, 22.888456, 0.0)
(27.424973, 22.915552, 0.0)
(27.431498, 22.935858, 0.0)
(27.432005, 22.940861, 0.0)
(27.443796, 22.968790, 0.0)
(27.431993, 22.967562, 0.0)
(27.576815, 22.874128, 0.0)
(29.250452, 23.045313, 0.0)
(29.361574, 23.027922, 0.0)
(29.346102, 23.002884, 0.0)
(29.346640, 22.951567, 0.0)
(29.328400, 22.933798, 0.0)
(29.306602, 22.911003, 0.0)
(29.314657, 22.881544, 0.0)
(29.325712, 22.858772, 0.0)
(29.312172, 22.871099, 0.0)
(29.317402, 22.875414, 0.0)
(29.312767, 22.844997, 0.0)
(29.298395, 22.840683, 0.0)
(29.305588, 22.835556, 0.0)
(29.308043, 22.831537, 0.0)
(29.312433, 22.844435, 0.0)
(30.852036, 24.236004, 0.0)
(31.290480, 26.619164, 0.0)
(31.200777, 26.705841, 0.0)
(31.024614, 26.654020, 0.0)
(30.357456, 28.626989, 0.0)
(30.237686, 29.290714, 0.0)
(30.316938, 28.400528, 0.0)
(30.307898, 27.776787, 0.0)
(30.272718, 27.403736, 0.0)
(30.262819, 27.285328, 0.0)
(30.293821, 27.223875, 0.0)
(30.316832, 27.161530, 0.0)
(30.319580, 27.119259, 0.0)
(30.369844, 27.137497, 0.0)
(30.396622, 27.145905, 0.0)
(30.412111, 27.173626, 0.0)
(30.420990, 27.161530, 0.0)
(30.430521, 27.153162, 0.0)
(30.435890, 27.149076, 0.0)
(30.431776, 27.149637, 0.0)
(30.427633, 27.166187, 0.0)
(30.429775, 27.147167, 0.0)
(30.446928, 27.175993, 0.0)
(30.442106, 27.190062, 0.0)
(30.461832, 27.241335, 0.0)
(30.475462, 27.263498, 0.0)
(30.467653, 27.253107, 0.0)
(30.467653, 27.253107, 0.0)
(30.455467, 27.267103, 0.0)
(30.448204, 27.272446, 0.0)
(30.459209, 27.285011, 0.0)
(30.465618, 27.287371, 0.0)
(30.498119, 27.316433, 0.0)
(30.507475, 27.305159, 0.0)
(30.533646, 27.341867, 0.0)
(31.594257, 27.176338, 0.0)
(31.692802, 27.152662, 0.0)
(31.685457, 27.139542, 0.0)
(32.187805, 25.900539, 0.0)
(33.656368, 22.969601, 0.0)
(33.869640, 22.113878, 0.0)
(33.855885, 22.102673, 0.0)
(33.861168, 22.116663, 0.0)
(33.851391, 22.106180, 0.0)
(34.153675, 21.648996, 0.0)
(34.160583, 21.601587, 0.0)
(34.150940, 21.570507, 0.0)
(34.131271, 21.522499, 0.0)
(34.112209, 21.454342, 0.0)
(34.085247, 21.442736, 0.0)
(34.106743, 21.458694, 0.0)
(34.115776, 21.438574, 0.0)
(34.135483, 21.481327, 0.0)
(34.128014, 21.486486, 0.0)
(34.125309, 21.477486, 0.0)
(34.147797, 21.465256, 0.0)
(34.143185, 21.466724, 0.0)
(34.130299, 21.443146, 0.0)
(34.136116, 21.423792, 0.0)
(34.128391, 21.414454, 0.0)
(34.129276, 21.404154, 0.0)
(34.119301, 21.413523, 0.0)
(34.120724, 21.419558, 0.0)
(34.108875, 21.403099, 0.0)
(34.089325, 21.421707, 0.0)
(34.082600, 21.423412, 0.0)
(34.073204, 21.387102, 0.0)
(34.051918, 21.372595, 0.0)
(34.058430, 21.317457, 0.0)
(34.043648, 21.306671, 0.0)
(34.041618, 21.347252, 0.0)
(34.559601, 22.211227, 0.0)
(34.724983, 23.476280, 0.0)
(34.672585, 23.559217, 0.0)
(34.660851, 23.511562, 0.0)
(34.672157, 23.673645, 0.0)
(34.671837, 25.404749, 0.0)
(34.584187, 25.496357, 0.0)
(34.305920, 25.386955, 0.0)
(34.320290, 26.724527, 0.0)
(34.297462, 25.852512, 0.0)
(34.304619, 25.237812, 0.0)
(34.338150, 25.148951, 0.0)
(34.339310, 25.162973, 0.0)
(34.371273, 25.172560, 0.0)
(34.363491, 25.171270, 0.0)
(34.368439, 25.225550, 0.0)
(34.376553, 25.129040, 0.0)
(34.397415, 25.146070, 0.0)
(34.412270, 25.189415, 0.0)
(34.414021, 25.189304, 0.0)
(34.396584, 25.184616, 0.0)
(34.400566, 25.185692, 0.0)
(34.433277, 25.217661, 0.0)
(34.442661, 25.232849, 0.0)
(34.471886, 25.227272, 0.0)
(34.466724, 25.240128, 0.0)
(34.464771, 25.241571, 0.0)
(34.466461, 25.261181, 0.0)
(34.462513, 25.259613, 0.0)
(34.447956, 25.271315, 0.0)
(34.443565, 25.256321, 0.0)
(34.450733, 25.262346, 0.0)
(34.466549, 25.262520, 0.0)
(34.462711, 25.272270, 0.0)
(34.451134, 25.280283, 0.0)
(34.443203, 25.289143, 0.0)
(34.436588, 25.283417, 0.0)
(34.415627, 25.290390, 0.0)
(34.407776, 25.291258, 0.0)
(34.407486, 25.316456, 0.0)
(34.422215, 25.312189, 0.0)
(35.873322, 25.981628, 0.0)
(38.026470, 26.819597, 0.0)
(38.098957, 26.808563, 0.0)
(38.074429, 26.807344, 0.0)
(38.090252, 26.797798, 0.0)
(38.106895, 26.796255, 0.0)
(38.112949, 26.796370, 0.0)
(38.121910, 26.765972, 0.0)
(38.194199, 26.856783, 0.0)
(38.417076, 27.189743, 0.0)
(38.419445, 27.205917, 0.0)
(38.410637, 27.183895, 0.0)
(38.417721, 27.133881, 0.0)
(38.418648, 27.139362, 0.0)
(38.395977, 27.150324, 0.0)
(38.404934, 27.142975, 0.0)
(38.396370, 27.173552, 0.0)
(38.392925, 27.182714, 0.0)
(38.388447, 27.156734, 0.0)
(38.377537, 27.147011, 0.0)
(38.359722, 27.076504, 0.0)
(38.365929, 27.076500, 0.0)
(38.367653, 27.071415, 0.0)
(38.365612, 27.065926, 0.0)
(38.365612, 27.065926, 0.0)
(38.364342, 27.054506, 0.0)
(38.373501, 27.043705, 0.0)
(38.370869, 27.030609, 0.0)
(38.376274, 27.003860, 0.0)
(38.374592, 26.990639, 0.0)
(38.351673, 26.971365, 0.0)
(38.364628, 26.950703, 0.0)
(38.345413, 26.954069, 0.0)
(38.337677, 26.973139, 0.0)
(38.326214, 26.972576, 0.0)
(38.326214, 26.972576, 0.0)
(38.317940, 26.973986, 0.0)
(38.312309, 26.981695, 0.0)
(39.284626, 28.061539, 0.0)
(39.760582, 28.649851, 0.0)
(39.803955, 28.613697, 0.0)
(39.824108, 28.639662, 0.0)
(39.840626, 28.625324, 0.0)
(39.840626, 28.625324, 0.0)
(39.856705, 28.632147, 0.0)
(39.873291, 28.668037, 0.0)
(39.876823, 28.672249, 0.0)
(39.884102, 28.668274, 0.0)
(39.887672, 28.658583, 0.0)
(39.879704, 28.648829, 0.0)
(39.870945, 28.632435, 0.0)
(39.874531, 28.630770, 0.0)
(39.860760, 28.678516, 0.0)
(39.849300, 28.661451, 0.0)
(39.833843, 28.653524, 0.0)
(39.806484, 28.642931, 0.0)
(39.806774, 28.642670, 0.0)
(39.782124, 28.633251, 0.0)
(39.748867, 28.599291, 0.0)
(39.747498, 28.622583, 0.0)
(39.694439, 28.592083, 0.0)
(39.686176, 28.583481, 0.0)
(39.683113, 28.587238, 0.0)
(39.654381, 28.594160, 0.0)
(39.648201, 28.587456, 0.0)
(39.616604, 28.563332, 0.0)
(39.624882, 28.565523, 0.0)
(39.591255, 28.536871, 0.0)
(39.581360, 28.536564, 0.0)
(39.597351, 28.567240, 0.0)
(39.604404, 28.552933, 0.0)
(39.601284, 28.556126, 0.0)
(39.603573, 28.526648, 0.0)
(39.581470, 28.523523, 0.0)
(39.581470, 28.523523, 0.0)
(39.559658, 28.493959, 0.0)
(39.546753, 28.465776, 0.0)
(40.306347, 27.552034, 0.0)
(41.297970, 26.804001, 0.0)
(41.447227, 26.884254, 0.0)
(41.464279, 26.910784, 0.0)
(41.467575, 26.907923, 0.0)
(41.457287, 26.916954, 0.0)
(41.432114, 26.867098, 0.0)
(41.415127, 26.796618, 0.0)
(41.482475, 26.692265, 0.0)
(41.447594, 26.639393, 0.0)
(41.408863, 26.627693, 0.0)
(41.390182, 26.614126, 0.0)
(41.366131, 26.622585, 0.0)
(41.329357, 26.574900, 0.0)
(41.280830, 26.585257, 0.0)
(41.273472, 26.571224, 0.0)
(41.258961, 26.519142, 0.0)
(41.258438, 26.503191, 0.0)
(41.242016, 26.521212, 0.0)
(41.219032, 26.444658, 0.0)
(41.200241, 26.447454, 0.0)
(41.173367, 26.450182, 0.0)
(41.162510, 26.444393, 0.0)
(41.151947, 26.437166, 0.0)
(41.148918, 26.461845, 0.0)
(41.145691, 26.445271, 0.0)
(41.123238, 26.455385, 0.0)
(41.108891, 26.455944, 0.0)
(41.108891, 26.455944, 0.0)
(41.120426, 26.471149, 0.0)
(41.120426, 26.471149, 0.0)
(41.128021, 26.484056, 0.0)
(41.124931, 26.470816, 0.0)
(41.126011, 26.489845, 0.0)
(41.130470, 26.489470, 0.0)
(41.100483, 26.492619, 0.0)
(41.084961, 26.475145, 0.0)
(41.284355, 27.156328, 0.0)
(41.477528, 29.364506, 0.0)
(41.421196, 29.501114, 0.0)
(41.410980, 29.424553, 0.0)
(41.433941, 30.035185, 0.0)
(41.328289, 30.377647, 0.0)
(41.296406, 30.429966, 0.0)
(41.270481, 30.416977, 0.0)
(41.241333, 30.409878, 0.0)
(41.229614, 30.452288, 0.0)
(41.204777, 30.422831, 0.0)
(41.181118, 30.374872, 0.0)
(41.175861, 30.349857, 0.0)
(41.164646, 30.399504, 0.0)
(41.146526, 30.373138, 0.0)
(41.133038, 30.328003, 0.0)
(41.122055, 30.288179, 0.0)
(41.134670, 30.280785, 0.0)
(41.116329, 30.234615, 0.0)
(41.107384, 30.225863, 0.0)
(41.118244, 30.228270, 0.0)
(41.106049, 30.211313, 0.0)
(41.108471, 30.190697, 0.0)
(41.111820, 30.195354, 0.0)
(41.097973, 30.204185, 0.0)
(41.065044, 30.155546, 0.0)
(41.067638, 30.123446, 0.0)
(41.025856, 30.128256, 0.0)
(40.998493, 30.117388, 0.0)
(40.997864, 30.112820, 0.0)
(41.004025, 30.105108, 0.0)
(40.992016, 30.092796, 0.0)
(40.999611, 30.093037, 0.0)
(40.974186, 30.056883, 0.0)
(40.970371, 30.058390, 0.0)
(40.994083, 29.960920, 0.0)
(40.995796, 29.923767, 0.0)
(40.991833, 29.896416, 0.0)
(38.545155, 26.723263, 0.0)
(35.468658, 24.818920, 0.0)
(34.802834, 24.671404, 0.0)
(34.721504, 24.563122, 0.0)
(34.742031, 24.499123, 0.0)
(34.703796, 24.391058, 0.0)
(34.703331, 24.374519, 0.0)
(34.709358, 24.365477, 0.0)
(34.699440, 24.373432, 0.0)
(34.699440, 24.373432, 0.0)
(34.699440, 24.373432, 0.0)
(34.699440, 24.373432, 0.0)
(34.681923, 24.390198, 0.0)
(34.690777, 24.394478, 0.0)
(34.671387, 24.411930, 0.0)
(34.669727, 24.432455, 0.0)
(34.672050, 24.449305, 0.0)
(34.658043, 24.453117, 0.0)
(34.640335, 24.466240, 0.0)
(34.633438, 24.471867, 0.0)
(34.617214, 24.467094, 0.0)
(34.596954, 24.484217, 0.0)
(34.587685, 24.499722, 0.0)
(34.584827, 24.503304, 0.0)
(34.575344, 24.501160, 0.0)
(34.579792, 24.501776, 0.0)
(34.570255, 24.532780, 0.0)
(34.555458, 24.527826, 0.0)
(34.552353, 24.534021, 0.0)
(34.523251, 24.535233, 0.0)
(34.476341, 24.541420, 0.0)
(34.465488, 24.528065, 0.0)
(34.456299, 24.519659, 0.0)
(34.456299, 24.519659, 0.0)
(34.432384, 24.525557, 0.0)
(34.427780, 24.549898, 0.0)
(34.418167, 24.538319, 0.0)
(34.441853, 24.583649, 0.0)
(34.449501, 24.570595, 0.0)
(36.293457, 23.021093, 0.0)
(38.335361, 22.399460, 0.0)
(38.915207, 22.433170, 0.0)
(38.967102, 22.397125, 0.0)
(38.981010, 22.345625, 0.0)
(38.934139, 22.333307, 0.0)
(38.869328, 22.265444, 0.0)
(38.849270, 22.267555, 0.0)
(38.803764, 22.234358, 0.0)
(38.777584, 22.206020, 0.0)
(38.724098, 22.153185, 0.0)
(38.681458, 22.155842, 0.0)
(38.613953, 22.120937, 0.0)
(38.584290, 22.106434, 0.0)
(38.540558, 22.100693, 0.0)
(38.522366, 22.090099, 0.0)
(38.508347, 22.081816, 0.0)
(38.492207, 22.093552, 0.0)
(38.470261, 22.097424, 0.0)
(38.453693, 22.072819, 0.0)
(38.418129, 22.049047, 0.0)
(38.370258, 22.031075, 0.0)
(38.371128, 21.981539, 0.0)
(38.366352, 21.975700, 0.0)
(38.218918, 22.179726, 0.0)
(36.828323, 24.254087, 0.0)
(36.183559, 25.084488, 0.0)
(36.066063, 25.132748, 0.0)
(36.014374, 25.093056, 0.0)
(36.003963, 25.078241, 0.0)
(35.987450, 25.024176, 0.0)
(35.990562, 25.021692, 0.0)
(36.004559, 25.007584, 0.0)
(35.989811, 25.003132, 0.0)
(35.973759, 24.985271, 0.0)
(35.898945, 24.882195, 0.0)
(33.515697, 22.162701, 0.0)
(31.000347, 21.189856, 0.0)
(30.737825, 21.118872, 0.0)
(30.704546, 21.091406, 0.0)
(30.677076, 21.068392, 0.0)
(30.627710, 21.053553, 0.0)
(30.588230, 21.036074, 0.0)
(30.574718, 21.050924, 0.0)
(30.546499, 21.033287, 0.0)
(30.530960, 21.010216, 0.0)
(30.520973, 21.012049, 0.0)
(30.509460, 21.073833, 0.0)
(30.497810, 21.094141, 0.0)
(30.477459, 21.125792, 0.0)
(30.457706, 21.144962, 0.0)
(30.450912, 21.161831, 0.0)
(30.427927, 21.173584, 0.0)
(30.412088, 21.187643, 0.0)
(30.389854, 21.202211, 0.0)
(30.411276, 21.203432, 0.0)
(30.397642, 21.196259, 0.0)
(30.406347, 21.205912, 0.0)
(30.422091, 21.205158, 0.0)
(30.421873, 21.211233, 0.0)
(30.399582, 21.230165, 0.0)
(30.404446, 21.262732, 0.0)
(30.391710, 21.255692, 0.0)
(30.386030, 21.266558, 0.0)
(30.381414, 21.252220, 0.0)
(30.355774, 21.246038, 0.0)
(30.348423, 21.238375, 0.0)
(30.349039, 21.228363, 0.0)
(30.375244, 21.229382, 0.0)
(30.372952, 21.244471, 0.0)
(30.369270, 21.248665, 0.0)
(30.372253, 21.232594, 0.0)
(30.372864, 21.237757, 0.0)
(30.619015, 21.498318, 0.0)
(32.209206, 24.226135, 0.0)
(32.555191, 25.399073, 0.0)
(32.534210, 25.507919, 0.0)
(32.503895, 25.507420, 0.0)
(32.458488, 25.482164, 0.0)
(32.434845, 25.483400, 0.0)
(31.487253, 24.099508, 0.0)
(28.935926, 22.599249, 0.0)
(28.321131, 22.570135, 0.0)
(28.225285, 22.577909, 0.0)
(28.170391, 22.566193, 0.0)
(27.612041, 22.439560, 0.0)
(27.265867, 22.385777, 0.0)
(27.221079, 22.381218, 0.0)
(27.185963, 22.388449, 0.0)
(27.176916, 22.384390, 0.0)
(27.180441, 22.374578, 0.0)
(27.150156, 22.357756, 0.0)
(27.110857, 22.342495, 0.0)
(27.101727, 22.322971, 0.0)
(27.072699, 22.335732, 0.0)
(27.062572, 22.305000, 0.0)
(27.067122, 22.313742, 0.0)
(27.062378, 22.306587, 0.0)
(27.067122, 22.313742, 0.0)
(27.068073, 22.319641, 0.0)
(27.067013, 22.326155, 0.0)
(27.057663, 22.316805, 0.0)
(27.054592, 22.302565, 0.0)
(27.056198, 22.299572, 0.0)
(27.042583, 22.288422, 0.0)
(27.033749, 22.300608, 0.0)
(27.044224, 22.304390, 0.0)
(27.019505, 22.335245, 0.0)
(27.039862, 22.353409, 0.0)
(27.047438, 22.367731, 0.0)
(27.512094, 22.742186, 0.0)
(29.169014, 25.740561, 0.0)
(29.770390, 28.335852, 0.0)
(29.802372, 28.964523, 0.0)
(29.702438, 29.056013, 0.0)
(30.881660, 30.038729, 0.0)
(31.108541, 30.777000, 0.0)
(31.043316, 30.844734, 0.0)
(31.052429, 30.851898, 0.0)
(31.034353, 30.875305, 0.0)
(31.029972, 30.923946, 0.0)
(31.033827, 30.965834, 0.0)
(31.600851, 31.058043, 0.0)
(33.633949, 31.204969, 0.0)
(33.749741, 31.206974, 0.0)
(33.730362, 31.213160, 0.0)
(33.751331, 31.206335, 0.0)
(33.733650, 31.190950, 0.0)
(33.733650, 31.190950, 0.0)
(33.761257, 31.203426, 0.0)
(33.722404, 31.221104, 0.0)
(33.728085, 31.226122, 0.0)
(33.765198, 31.209518, 0.0)
(33.758953, 31.203451, 0.0)
(33.777668, 31.213171, 0.0)
(33.759796, 31.209402, 0.0)
(33.758080, 31.209238, 0.0)
(33.766251, 31.196821, 0.0)
(33.767338, 31.184441, 0.0)
(33.777027, 31.175749, 0.0)
(33.778538, 31.181070, 0.0)
(33.770798, 31.217293, 0.0)
(33.784451, 31.250751, 0.0)
(33.783604, 31.263203, 0.0)
(33.801865, 31.263744, 0.0)
(33.810802, 31.285904, 0.0)
(33.822643, 31.256626, 0.0)
(33.819500, 31.273298, 0.0)
(33.831131, 31.260180, 0.0)
(33.936768, 31.008020, 0.0)
(32.356853, 28.409563, 0.0)
(28.908150, 26.986656, 0.0)
(28.180452, 26.827940, 0.0)
(28.107058, 26.787754, 0.0)
(28.044018, 26.779556, 0.0)
(28.006788, 26.781759, 0.0)
(27.960630, 26.763687, 0.0)
(27.364044, 27.235382, 0.0)
(27.248453, 27.295031, 0.0)
(27.228476, 27.280432, 0.0)
(27.189131, 27.297733, 0.0)
(27.239450, 27.246017, 0.0)
(28.377848, 27.217432, 0.0)
(29.001734, 28.562307, 0.0)
(28.938215, 28.604445, 0.0)
(28.452087, 28.015358, 0.0)
(28.258711, 27.446468, 0.0)
(28.219706, 27.104179, 0.0)
(28.239944, 27.096277, 0.0)
(28.280094, 27.113178, 0.0)
(27.331907, 27.361582, 0.0)
(27.246531, 27.425413, 0.0)
(27.276293, 27.444412, 0.0)
(27.282532, 27.448162, 0.0)
(27.293402, 27.438520, 0.0)
(27.294634, 27.429377, 0.0)
(27.283136, 27.465202, 0.0)
(27.287001, 27.494221, 0.0)
(27.249174, 27.526922, 0.0)
(27.240105, 27.525906, 0.0)
(27.209229, 27.529448, 0.0)
(27.193478, 27.522903, 0.0)
(27.188856, 27.508392, 0.0)
(27.177540, 27.500319, 0.0)
(27.157606, 27.483290, 0.0)
(27.165007, 27.500711, 0.0)
(27.149965, 27.499990, 0.0)
(27.168821, 27.497005, 0.0)
(30.414133, 26.482531, 0.0)
(34.049118, 26.004652, 0.0)
(34.432938, 25.913483, 0.0)
(34.477470, 25.900854, 0.0)
(32.068527, 24.086090, 0.0)
(29.433167, 22.907974, 0.0)
(29.052185, 22.940498, 0.0)
(28.968801, 22.926390, 0.0)
(28.912405, 22.905390, 0.0)
(28.896221, 22.889545, 0.0)
(28.859915, 22.881922, 0.0)
(28.801399, 22.904598, 0.0)
(28.808327, 22.881437, 0.0)
(28.337145, 22.942036, 0.0)
(26.796881, 23.305902, 0.0)
(26.632645, 23.364428, 0.0)
(26.582800, 23.414463, 0.0)
(26.538193, 23.418423, 0.0)
(26.526644, 23.407375, 0.0)
(26.519335, 23.390619, 0.0)
(26.516676, 23.370199, 0.0)
(26.515783, 23.324614, 0.0)
(26.488026, 23.304762, 0.0)
(26.483313, 23.275009, 0.0)
(26.491478, 23.269497, 0.0)
(26.495708, 23.262285, 0.0)
(26.495708, 23.262285, 0.0)
(26.499987, 23.262846, 0.0)
(26.491846, 23.253134, 0.0)
(26.497879, 23.250553, 0.0)
(26.486286, 23.246574, 0.0)
(26.489853, 23.226320, 0.0)
(26.497324, 23.212801, 0.0)
(26.483160, 23.260973, 0.0)
(26.475718, 23.257593, 0.0)
(26.491251, 23.262854, 0.0)
(28.250944, 23.188992, 0.0)
(33.168736, 24.467951, 0.0)
(37.128586, 26.718971, 0.0)
(39.766468, 27.856281, 0.0)
(41.104725, 29.538879, 0.0)
(41.297150, 29.669466, 0.0)
(41.335857, 29.661747, 0.0)
(41.355511, 29.630978, 0.0)
(41.981354, 30.362780, 0.0)
(42.034870, 30.334227, 0.0)
(42.015026, 30.319277, 0.0)
(42.019390, 30.262213, 0.0)
(42.021404, 30.257914, 0.0)
(41.999451, 30.234432, 0.0)
(42.003700, 30.239202, 0.0)
(41.997128, 30.242722, 0.0)
(41.931690, 30.209530, 0.0)
(41.899681, 30.160225, 0.0)
(41.855160, 30.099092, 0.0)
(38.714912, 27.370428, 0.0)
(35.555954, 25.504539, 0.0)
(35.409946, 25.437635, 0.0)
(35.391571, 25.430943, 0.0)
(35.364788, 25.436249, 0.0)
(35.384918, 25.421679, 0.0)
(35.397446, 25.423719, 0.0)
(35.383110, 25.334183, 0.0)
(35.376209, 25.321642, 0.0)
(35.390114, 25.314804, 0.0)
(35.373638, 25.310602, 0.0)
(35.345947, 25.326456, 0.0)
(35.354034, 25.331699, 0.0)
(35.327068, 25.299622, 0.0)
(35.331062, 25.279509, 0.0)
(35.313934, 25.271105, 0.0)
(35.315845, 25.262094, 0.0)
(35.282604, 25.266174, 0.0)
(35.282921, 25.254847, 0.0)
(37.482880, 23.750055, 0.0)
(40.050945, 24.109518, 0.0)
(41.128761, 24.724108, 0.0)
(41.174385, 24.693022, 0.0)
(41.108356, 24.562422, 0.0)
(41.065434, 24.476307, 0.0)
(41.307293, 24.538589, 0.0)
(41.294533, 24.448000, 0.0)
(41.244801, 24.378506, 0.0)
(41.206841, 24.264780, 0.0)
(41.191093, 24.246881, 0.0)
(41.176952, 24.265284, 0.0)
(40.968216, 23.938288, 0.0)
(40.880192, 23.837650, 0.0)
(40.872288, 23.831339, 0.0)
(40.862370, 23.826019, 0.0)
(40.842979, 23.799520, 0.0)
(40.843304, 23.787157, 0.0)
(40.820972, 23.798822, 0.0)
(40.801586, 23.798126, 0.0)
(40.793282, 23.816971, 0.0)
(40.802917, 23.833651, 0.0)
(40.804302, 23.828547, 0.0)
(40.789299, 23.818550, 0.0)
(40.793240, 23.827131, 0.0)
(40.793240, 23.827131, 0.0)
(40.784561, 23.837288, 0.0)
(40.769806, 23.835552, 0.0)
(40.770714, 23.821539, 0.0)
(40.765690, 23.817085, 0.0)
(40.752426, 23.787903, 0.0)
(40.270981, 24.067436, 0.0)
(38.209602, 25.102848, 0.0)
(37.221348, 25.348627, 0.0)
(37.127422, 25.386190, 0.0)
(37.153313, 25.274345, 0.0)
(37.133186, 25.250824, 0.0)
(37.138294, 25.231188, 0.0)
(34.362915, 23.656109, 0.0)
(30.925875, 22.667452, 0.0)
(30.544680, 22.529713, 0.0)
(30.468092, 22.492102, 0.0)
(30.462891, 22.470564, 0.0)
(30.460701, 22.435165, 0.0)
(30.448263, 22.414671, 0.0)
(30.479816, 22.395035, 0.0)
(30.463219, 22.406744, 0.0)
(30.464005, 22.401701, 0.0)
(30.458998, 22.409712, 0.0)
(30.322252, 22.471355, 0.0)
(30.187283, 22.361044, 0.0)
(30.072720, 22.367403, 0.0)
(30.265974, 22.446926, 0.0)
(30.361858, 22.447197, 0.0)
(30.402494, 22.432211, 0.0)
(30.409960, 22.413017, 0.0)
(30.428795, 22.428326, 0.0)
(30.419827, 22.425053, 0.0)
(30.409189, 22.417780, 0.0)
(30.402765, 22.406727, 0.0)
(30.387476, 22.410992, 0.0)
(30.371317, 22.419504, 0.0)
(30.370911, 22.429554, 0.0)
(30.337271, 22.422934, 0.0)
(30.325674, 22.463789, 0.0)
(30.318268, 22.480074, 0.0)
(30.317125, 22.484650, 0.0)
(30.317125, 22.484650, 0.0)
(30.321569, 22.485893, 0.0)
(30.317350, 22.484533, 0.0)
(30.338375, 22.459558, 0.0)
(30.337561, 22.408422, 0.0)
(30.329515, 22.416435, 0.0)
(32.444042, 23.146496, 0.0)
(34.555382, 24.043863, 0.0)
(34.660141, 24.037329, 0.0)
(34.647831, 24.011255, 0.0)
(34.647434, 23.995167, 0.0)
(34.672115, 23.969185, 0.0)
(34.673985, 23.985821, 0.0)
(34.681793, 23.995047, 0.0)
(34.689835, 24.000765, 0.0)
(34.695210, 24.014784, 0.0)
(34.697975, 24.011538, 0.0)
(34.708443, 24.008722, 0.0)
(34.675507, 24.027803, 0.0)
(34.489571, 23.894285, 0.0)
(34.537865, 25.535332, 0.0)
(34.516541, 24.850506, 0.0)
(34.487831, 23.871813, 0.0)
(34.527046, 23.616499, 0.0)
(34.585003, 23.706980, 0.0)
(34.605087, 23.760237, 0.0)
(34.650520, 23.746532, 0.0)
(34.671772, 23.797056, 0.0)
(34.714336, 23.838678, 0.0)
(34.723152, 23.824696, 0.0)
(34.725620, 23.841358, 0.0)
(34.746315, 23.859905, 0.0)
(34.738041, 23.867979, 0.0)
(34.737167, 23.858404, 0.0)
(34.735779, 23.863825, 0.0)
(34.721676, 23.869230, 0.0)
(34.707748, 23.867764, 0.0)
(34.727959, 23.875761, 0.0)
(34.726868, 23.864151, 0.0)
(34.721676, 23.871479, 0.0)
(34.710548, 23.856115, 0.0)
(34.722775, 23.871803, 0.0)
(34.716011, 23.899302, 0.0)
(34.689636, 23.882553, 0.0)
(32.710278, 25.349718, 0.0)
(30.175007, 26.642088, 0.0)
(29.962545, 26.656210, 0.0)
(29.824806, 26.570372, 0.0)
(29.758825, 26.565763, 0.0)
(29.228811, 26.481958, 0.0)
(29.175665, 26.485271, 0.0)
(29.184757, 26.488056, 0.0)
(29.120087, 26.445881, 0.0)
(28.948790, 26.294067, 0.0)
(29.146322, 27.616947, 0.0)
(28.956747, 28.098673, 0.0)
(28.856747, 27.252907, 0.0)
(28.756182, 26.403381, 0.0)
(28.689301, 26.147427, 0.0)
(28.703707, 26.145031, 0.0)
(28.743057, 26.220211, 0.0)
(28.751816, 26.222746, 0.0)
(28.764036, 26.246582, 0.0)
(28.780077, 26.243526, 0.0)
(28.811558, 26.261061, 0.0)
(28.798958, 26.259270, 0.0)
(28.826468, 26.259901, 0.0)
(28.822662, 26.267387, 0.0)
(28.816690, 26.262796, 0.0)
(28.810162, 26.272627, 0.0)
(28.811275, 26.301849, 0.0)
(28.786901, 26.316713, 0.0)
(28.816444, 26.290497, 0.0)
(28.804237, 26.342514, 0.0)
(28.798538, 26.325830, 0.0)
(28.829887, 26.316906, 0.0)
(28.827904, 26.313986, 0.0)
(28.822054, 26.334223, 0.0)
(28.823021, 26.344482, 0.0)
(28.794453, 26.365301, 0.0)
(28.760981, 26.352476, 0.0)
(28.773521, 26.352455, 0.0)
(28.756983, 26.362329, 0.0)
(28.743168, 26.386265, 0.0)
(28.784674, 26.272703, 0.0)
(27.389828, 31.258320, 0.0)
(26.889124, 30.719538, 0.0)
(26.888752, 30.253546, 0.0)
(26.857464, 30.056612, 0.0)
(27.928329, 29.623787, 0.0)
(30.912601, 29.130461, 0.0)
(32.302662, 29.219978, 0.0)
(32.415543, 29.285755, 0.0)
(32.419437, 29.285494, 0.0)
(32.419056, 29.269108, 0.0)
(32.406811, 29.303867, 0.0)
(32.423847, 29.338444, 0.0)
(32.410484, 29.356657, 0.0)
(32.394661, 29.332729, 0.0)
(32.383396, 29.316923, 0.0)
(32.405392, 29.301466, 0.0)
(32.383305, 29.337593, 0.0)
(32.398254, 29.341148, 0.0)
(32.412498, 29.363237, 0.0)
(32.416451, 29.374453, 0.0)
(32.411140, 29.359287, 0.0)
(32.426182, 29.357759, 0.0)
(32.419567, 29.351488, 0.0)
(32.407631, 29.316809, 0.0)
(32.389091, 29.298679, 0.0)
(32.396740, 29.308544, 0.0)
(32.394836, 29.309454, 0.0)
(32.381695, 29.297810, 0.0)
(32.381855, 29.289713, 0.0)
(32.377296, 29.282518, 0.0)
(31.021101, 29.559828, 0.0)
(30.455883, 29.461248, 0.0)
(30.387955, 29.397924, 0.0)
(30.389093, 29.393463, 0.0)
(30.419298, 29.412214, 0.0)
(30.444433, 29.416674, 0.0)
(30.473347, 29.408833, 0.0)
(30.508028, 29.417948, 0.0)
(30.936575, 29.444986, 0.0)
(31.000427, 29.460400, 0.0)
(30.993126, 29.495256, 0.0)
(31.010277, 29.500854, 0.0)
(31.021132, 29.511650, 0.0)
(31.033945, 29.519899, 0.0)
(31.803249, 29.375908, 0.0)
(33.666718, 28.941788, 0.0)
(33.819271, 28.868265, 0.0)
(33.806076, 28.845039, 0.0)
(33.804752, 28.857834, 0.0)
(32.195328, 29.295403, 0.0)
(31.555941, 29.412954, 0.0)
(31.450396, 29.402243, 0.0)
(31.447208, 29.396471, 0.0)
(31.438158, 29.378923, 0.0)
(31.410748, 29.387909, 0.0)
(31.401577, 29.370070, 0.0)
(31.406708, 29.376312, 0.0)
(31.407885, 29.370855, 0.0)
(31.398741, 29.405472, 0.0)
(31.384525, 29.424810, 0.0)
(31.391623, 29.452322, 0.0)
(31.395485, 29.467228, 0.0)
(31.385353, 29.435394, 0.0)
(31.398073, 29.420439, 0.0)
(31.407190, 29.423971, 0.0)
(31.420286, 29.396820, 0.0)
(31.435099, 29.376482, 0.0)
(31.456348, 29.383610, 0.0)
(32.856007, 29.552137, 0.0)
(35.984894, 30.248676, 0.0)
(36.268833, 30.325745, 0.0)
(36.292114, 30.297266, 0.0)
(36.285755, 30.358189, 0.0)
(36.862381, 31.608894, 0.0)
(37.841938, 33.073650, 0.0)
(37.591793, 32.143318, 0.0)
(37.512081, 31.727499, 0.0)
(37.528439, 31.355568, 0.0)
(37.536129, 31.174679, 0.0)
(37.339375, 31.128969, 0.0)
(36.905296, 31.166441, 0.0)
(36.884499, 31.133215, 0.0)
(36.895508, 31.084911, 0.0)
(36.932709, 31.046301, 0.0)
(36.922554, 31.001093, 0.0)
(36.922977, 30.961746, 0.0)
(36.920055, 30.964876, 0.0)
(36.927517, 30.980345, 0.0)
(36.935081, 31.017752, 0.0)
(36.938263, 31.015089, 0.0)
(36.962753, 30.995943, 0.0)
(36.957676, 30.930731, 0.0)
(36.936768, 30.890659, 0.0)
(36.954197, 30.872446, 0.0)
(36.937675, 30.847525, 0.0)
(36.938889, 30.843168, 0.0)
(36.931496, 30.830465, 0.0)
(36.953808, 30.845751, 0.0)
(36.931873, 30.831076, 0.0)
(36.950222, 30.831459, 0.0)
(36.951874, 30.841064, 0.0)
(36.940971, 30.836674, 0.0)
(36.940075, 30.840975, 0.0)
(36.933342, 30.854282, 0.0)
(36.959030, 30.839165, 0.0)
(35.242569, 29.140507, 0.0)
(31.675379, 25.830376, 0.0)
(29.791227, 24.319393, 0.0)
(28.834278, 23.922022, 0.0)
(28.640833, 23.924871, 0.0)
(28.541370, 23.931961, 0.0)
(28.471359, 23.939304, 0.0)
(28.364048, 23.971041, 0.0)
(28.337151, 23.946953, 0.0)
(28.296814, 23.953489, 0.0)
(28.253992, 23.989971, 0.0)
(28.221621, 24.011023, 0.0)
(28.199133, 23.995781, 0.0)
(27.915850, 24.179510, 0.0)
(27.361034, 24.496290, 0.0)
(27.273142, 24.560200, 0.0)
(27.244837, 24.558165, 0.0)
(27.239880, 24.570370, 0.0)
(27.232924, 24.572405, 0.0)
(27.225883, 24.588821, 0.0)
(27.225883, 24.588821, 0.0)
(27.240166, 24.594637, 0.0)
(27.248817, 24.598251, 0.0)
(27.249355, 24.609118, 0.0)
(27.291363, 24.609205, 0.0)
(27.300507, 24.646027, 0.0)
(29.920563, 24.355291, 0.0)
(30.809067, 24.309303, 0.0)
(30.911470, 24.279430, 0.0)
(30.897881, 24.282372, 0.0)
(30.899578, 24.278086, 0.0)
(30.917389, 24.275000, 0.0)
(30.911749, 24.293739, 0.0)
(30.929550, 24.281572, 0.0)
(30.947239, 24.236006, 0.0)
(30.957706, 24.204687, 0.0)
(30.960972, 24.199047, 0.0)
(30.977583, 24.189640, 0.0)
(33.465855, 25.124613, 0.0)
(35.789600, 26.510292, 0.0)
(38.737827, 31.933167, 0.0)
(38.800529, 31.742992, 0.0)
(38.780239, 31.465666, 0.0)
(38.826946, 31.293676, 0.0)
(38.817467, 31.170683, 0.0)
(38.852135, 31.142511, 0.0)
(38.856560, 31.092768, 0.0)
(38.566219, 31.309551, 0.0)
(38.512928, 31.299723, 0.0)
(38.540356, 31.297806, 0.0)
(38.538044, 31.278059, 0.0)
(38.562912, 31.251078, 0.0)
(38.553822, 31.253038, 0.0)
(38.543972, 31.243111, 0.0)
(38.565735, 31.211784, 0.0)
(38.558807, 31.229618, 0.0)
(38.537315, 31.219236, 0.0)
(38.555477, 31.174719, 0.0)
(38.526035, 31.194653, 0.0)
(38.532219, 31.157747, 0.0)
(38.074963, 30.602571, 0.0)
(36.115955, 28.653858, 0.0)
(35.869225, 28.199669, 0.0)
(35.846096, 28.128103, 0.0)
(35.820225, 28.149351, 0.0)
(35.820465, 28.172064, 0.0)
(35.797932, 28.149401, 0.0)
(35.795986, 28.187943, 0.0)
(35.798058, 28.184093, 0.0)
(35.807430, 28.209026, 0.0)
(35.790005, 28.231718, 0.0)
(35.802544, 28.298698, 0.0)
(35.808601, 28.288557, 0.0)
(35.799114, 28.297142, 0.0)
(34.285145, 27.581726, 0.0)
(30.602907, 26.402487, 0.0)
(28.439920, 26.455988, 0.0)
(27.564369, 26.473764, 0.0)
(27.397640, 26.511538, 0.0)
(27.343323, 26.521227, 0.0)
(26.738823, 26.818129, 0.0)
(26.315567, 26.966068, 0.0)
(26.270924, 26.992407, 0.0)
(26.228151, 26.980385, 0.0)
(26.198362, 26.956011, 0.0)
(26.185534, 26.982304, 0.0)
(26.137068, 26.985970, 0.0)
(26.137962, 26.961294, 0.0)
(26.170275, 26.950369, 0.0)
(26.150705, 26.957773, 0.0)
(26.155878, 26.922401, 0.0)
(26.177826, 26.890209, 0.0)
(25.962227, 26.929165, 0.0)
(25.936893, 26.915117, 0.0)
(25.932703, 26.920427, 0.0)
(25.919718, 26.925318, 0.0)
(25.919106, 26.887199, 0.0)
(25.939924, 26.862152, 0.0)
(25.935257, 26.866402, 0.0)
(26.039381, 26.854792, 0.0)
(29.200232, 26.092308, 0.0)
(32.636478, 25.980364, 0.0)
(33.320881, 25.980536, 0.0)
(33.466206, 25.923641, 0.0)
(33.444080, 25.879679, 0.0)
(33.459244, 25.866331, 0.0)
(33.498360, 25.896889, 0.0)
(33.574547, 25.948210, 0.0)
(33.600552, 25.949507, 0.0)
(33.611538, 25.952351, 0.0)
(33.639832, 25.926235, 0.0)
(33.630905, 25.929958, 0.0)
(33.239937, 25.955017, 0.0)
(29.626358, 26.618462, 0.0)
(27.939665, 27.203247, 0.0)
(27.849045, 27.181957, 0.0)
(27.792633, 27.147161, 0.0)
(27.667408, 27.149071, 0.0)
(27.575470, 27.297092, 0.0)
(27.887363, 29.091320, 0.0)
(27.709574, 28.904064, 0.0)
(27.470345, 27.297487, 0.0)
(27.356726, 26.724657, 0.0)
(27.346581, 26.660257, 0.0)
(27.372105, 26.686350, 0.0)
(27.372105, 26.686350, 0.0)
(27.362047, 26.700190, 0.0)
(27.332006, 26.764462, 0.0)
(27.192173, 27.087954, 0.0)
(27.185366, 27.117430, 0.0)
(27.180721, 27.141178, 0.0)
(27.183083, 27.153923, 0.0)
(27.193964, 27.141363, 0.0)
(27.206837, 27.178749, 0.0)
(27.196547, 27.186428, 0.0)
(27.186050, 27.214857, 0.0)
(27.191223, 27.211760, 0.0)
(27.188601, 27.198410, 0.0)
(27.183525, 27.190704, 0.0)
(27.184206, 27.172739, 0.0)
(27.192457, 27.179081, 0.0)
(27.200037, 27.190407, 0.0)
(27.202267, 27.197229, 0.0)
(27.219645, 27.189320, 0.0)
(27.220179, 27.184204, 0.0)
(27.196379, 27.168091, 0.0)
(27.225124, 27.180256, 0.0)
(27.283360, 27.164488, 0.0)
(31.424297, 26.254210, 0.0)
(35.509808, 26.326103, 0.0)
(38.350216, 27.268784, 0.0)
(38.521984, 27.190102, 0.0)
(38.578560, 27.101988, 0.0)
(38.644253, 27.054340, 0.0)
(38.643040, 27.004116, 0.0)
(38.645279, 26.928123, 0.0)
(38.660759, 26.916943, 0.0)
(38.520309, 26.931713, 0.0)
(38.555351, 28.404970, 0.0)
(38.660179, 28.439299, 0.0)
(38.500832, 27.270714, 0.0)
(38.437744, 26.718088, 0.0)
(38.459141, 26.682583, 0.0)
(38.513878, 26.785820, 0.0)
(38.513065, 26.785265, 0.0)
(38.519665, 26.791109, 0.0)
(38.527897, 26.792965, 0.0)
(38.529961, 26.781967, 0.0)
(38.522255, 26.798437, 0.0)
(38.520309, 26.812914, 0.0)
(38.501781, 26.813339, 0.0)
(38.504765, 26.803040, 0.0)
(38.505791, 26.787153, 0.0)
(38.498302, 26.797977, 0.0)
(38.500507, 26.758398, 0.0)
(38.494804, 26.728130, 0.0)
(38.487625, 26.760506, 0.0)
(38.486626, 26.748562, 0.0)
(38.478569, 26.741686, 0.0)
(38.480839, 26.754477, 0.0)
(38.472897, 26.744204, 0.0)
(38.479473, 26.736395, 0.0)
(38.479473, 26.736395, 0.0)
(38.458755, 26.715897, 0.0)
(38.446945, 26.699776, 0.0)
(38.434555, 26.664759, 0.0)
(35.807297, 26.947155, 0.0)
(32.773567, 27.709402, 0.0)
(31.593006, 27.999716, 0.0)
(31.352459, 28.049816, 0.0)
(30.455309, 28.626835, 0.0)
(28.565668, 30.410734, 0.0)
(27.605927, 30.735550, 0.0)
(27.404425, 30.728205, 0.0)
(27.380707, 30.693115, 0.0)
(27.354036, 30.704382, 0.0)
(27.337299, 30.742353, 0.0)
(27.331242, 30.759527, 0.0)
(27.325867, 30.741987, 0.0)
(27.323212, 30.775526, 0.0)
(27.327906, 30.761782, 0.0)
(27.317846, 30.773544, 0.0)
(26.971458, 31.893936, 0.0)
(26.896303, 32.010319, 0.0)
(26.893759, 32.000301, 0.0)
(26.883686, 32.056290, 0.0)
(26.873528, 32.084976, 0.0)
(26.882315, 32.106403, 0.0)
(26.884150, 32.154839, 0.0)
(26.883308, 32.159618, 0.0)
(26.887280, 32.156174, 0.0)
(29.228754, 30.802998, 0.0)
(32.403027, 29.162226, 0.0)
(33.477978, 28.347626, 0.0)
(33.541000, 28.214285, 0.0)
(33.511166, 28.224977, 0.0)
(33.517021, 28.219374, 0.0)
(33.545002, 28.208317, 0.0)
(33.519699, 28.203428, 0.0)
(33.526173, 28.205343, 0.0)
(33.543064, 28.194433, 0.0)
(33.552299, 28.204033, 0.0)
(35.306221, 28.523771, 0.0)
(38.993603, 28.701036, 0.0)
(40.502766, 29.105261, 0.0)
(40.693081, 29.142233, 0.0)
(40.752686, 29.109461, 0.0)
(40.780487, 29.085928, 0.0)
(41.304348, 29.479950, 0.0)
(41.362595, 29.401754, 0.0)
(41.367802, 29.388519, 0.0)
(41.394028, 29.388889, 0.0)
(41.412323, 29.387817, 0.0)
(41.388195, 29.379936, 0.0)
(41.209106, 29.191729, 0.0)
(40.805290, 30.263617, 0.0)
(40.930855, 30.077118, 0.0)
(41.053349, 29.396412, 0.0)
(41.043552, 29.063482, 0.0)
(41.091049, 29.076979, 0.0)
(41.110161, 29.116989, 0.0)
(41.170456, 29.137777, 0.0)
(41.181923, 29.143599, 0.0)
(41.181103, 29.150261, 0.0)
(41.195656, 29.155659, 0.0)
(41.199299, 29.183670, 0.0)
(41.200077, 29.191193, 0.0)
(41.200764, 29.162367, 0.0)
(41.184723, 29.153475, 0.0)
(41.160686, 29.118954, 0.0)
(41.124088, 29.042473, 0.0)
(41.105305, 29.071602, 0.0)
(41.078133, 29.063210, 0.0)
(41.058651, 29.057407, 0.0)
(41.031704, 29.057343, 0.0)
(41.014374, 29.022467, 0.0)
(40.997646, 29.007822, 0.0)
(40.988071, 29.014809, 0.0)
(40.981876, 29.021168, 0.0)
(40.947933, 28.992498, 0.0)
(39.752769, 29.115528, 0.0)
(37.217396, 29.478111, 0.0)
(37.056908, 29.503296, 0.0)
(37.047150, 29.416496, 0.0)
(37.035942, 29.414089, 0.0)
(36.822575, 30.093550, 0.0)
(36.745590, 30.193600, 0.0)
(36.718571, 30.203695, 0.0)
(36.699703, 30.228443, 0.0)
(36.683697, 30.204466, 0.0)
(36.698990, 30.215143, 0.0)
(36.672840, 30.205959, 0.0)
(36.665825, 30.206326, 0.0)
(36.667500, 30.197449, 0.0)
(36.662666, 30.207567, 0.0)
(36.713661, 30.187328, 0.0)
(36.930565, 30.090620, 0.0)
(36.948208, 30.074461, 0.0)
(36.950058, 30.068001, 0.0)
(36.951176, 30.070402, 0.0)
(36.897823, 30.084959, 0.0)
(36.880672, 30.090479, 0.0)
(36.875885, 30.080612, 0.0)
(36.877579, 30.071489, 0.0)
(36.889759, 30.065371, 0.0)
(36.859241, 30.101229, 0.0)
(36.853451, 30.101055, 0.0)
(36.848404, 30.115515, 0.0)
(36.834644, 30.150108, 0.0)
(36.846874, 30.110821, 0.0)
(36.841125, 30.102465, 0.0)
(36.824440, 30.091415, 0.0)
(36.824383, 30.095640, 0.0)
(36.815231, 30.120682, 0.0)
(36.817474, 30.116863, 0.0)
(36.807701, 30.121349, 0.0)
(36.782253, 30.099964, 0.0)
(36.785236, 30.067455, 0.0)
(38.736145, 28.895506, 0.0)
(40.577236, 27.886684, 0.0)
(41.566860, 27.898220, 0.0)
(41.819630, 28.159521, 0.0)
(41.846321, 28.137091, 0.0)
(41.856159, 28.096844, 0.0)
(41.831608, 27.992636, 0.0)
(41.823463, 27.977612, 0.0)
(42.034977, 28.617878, 0.0)
(42.013180, 28.676662, 0.0)
(41.972492, 28.606365, 0.0)
(41.966866, 28.595846, 0.0)
(41.953808, 28.528708, 0.0)
(41.922829, 28.497042, 0.0)
(41.908154, 28.486284, 0.0)
(41.906925, 28.501696, 0.0)
(41.888412, 28.452427, 0.0)
(41.875534, 28.446220, 0.0)
(41.880768, 28.442053, 0.0)
(41.855976, 28.463854, 0.0)
(41.855976, 28.463854, 0.0)
(41.882179, 28.493616, 0.0)
(41.884712, 28.501362, 0.0)
(41.870766, 28.503569, 0.0)
(41.886333, 28.504721, 0.0)
(41.912090, 28.505138, 0.0)
(41.915871, 28.510809, 0.0)
(41.905262, 28.525909, 0.0)
(41.904789, 28.522490, 0.0)
(41.898518, 28.528654, 0.0)
(41.888412, 28.529549, 0.0)
(41.887508, 28.485352, 0.0)
(40.830158, 28.094955, 0.0)
(38.466911, 27.185461, 0.0)
(38.350777, 27.125904, 0.0)
(38.348248, 27.084511, 0.0)
(37.718586, 26.880331, 0.0)
(34.022388, 25.762890, 0.0)
(33.200153, 25.520372, 0.0)
(32.975430, 25.483162, 0.0)
(32.825478, 27.130014, 0.0)
(32.602974, 26.204636, 0.0)
(32.749298, 25.251181, 0.0)
(32.765533, 25.092142, 0.0)
(32.820740, 25.160170, 0.0)
(32.811863, 25.154102, 0.0)
(32.821636, 25.178389, 0.0)
(32.805023, 25.181576, 0.0)
(32.796902, 25.183208, 0.0)
(32.800194, 25.216616, 0.0)
(32.802429, 25.218195, 0.0)
(32.800121, 25.213745, 0.0)
(32.790043, 25.221058, 0.0)
(32.789227, 25.178740, 0.0)
(32.778797, 25.146711, 0.0)
(32.733448, 25.152752, 0.0)
(32.725460, 25.160385, 0.0)
(32.711823, 25.141605, 0.0)
(32.707413, 25.138557, 0.0)
(32.705513, 25.149170, 0.0)
(32.685703, 25.131725, 0.0)
(32.684246, 25.125912, 0.0)
(32.684917, 25.120852, 0.0)
(32.671104, 25.131062, 0.0)
(32.671104, 25.131062, 0.0)
(32.673367, 25.132153, 0.0)
(32.662449, 25.135302, 0.0)
(32.672806, 25.120831, 0.0)
(32.674053, 25.127075, 0.0)
(32.667568, 25.118044, 0.0)
(32.675072, 25.106165, 0.0)
(32.676891, 25.111122, 0.0)
(32.675560, 25.116062, 0.0)
(32.676140, 25.122461, 0.0)
(31.672501, 24.529898, 0.0)
(29.443302, 23.237171, 0.0)
(29.267151, 23.261333, 0.0)
(29.175287, 23.325075, 0.0)
(29.153351, 23.322779, 0.0)
(29.105261, 23.332483, 0.0)
(29.074394, 23.300699, 0.0)
(28.810255, 23.253498, 0.0)
(28.761747, 23.241444, 0.0)
(28.740320, 23.256260, 0.0)
(28.705557, 23.285482, 0.0)
(28.611214, 23.314651, 0.0)
(28.596724, 23.324671, 0.0)
(28.609388, 23.343519, 0.0)
(28.649967, 23.359715, 0.0)
(28.840256, 23.209023, 0.0)
(28.862299, 23.216837, 0.0)
(28.859615, 23.223909, 0.0)
(28.851419, 23.240252, 0.0)
(28.853184, 23.258274, 0.0)
(28.877676, 23.279558, 0.0)
(28.865639, 23.332144, 0.0)
(28.846724, 23.289766, 0.0)
(28.834717, 23.292971, 0.0)
(28.856062, 23.313961, 0.0)
(28.837507, 23.315479, 0.0)
(28.847736, 23.330339, 0.0)
(28.852654, 23.304955, 0.0)
(28.845846, 23.299292, 0.0)
(28.855492, 23.278585, 0.0)
(28.859184, 23.291977, 0.0)
(28.860382, 23.332552, 0.0)
(28.861263, 23.340454, 0.0)
(28.877270, 23.327038, 0.0)
(29.894218, 23.492048, 0.0)
(30.724703, 23.858387, 0.0)
(30.812649, 23.875475, 0.0)
(30.817566, 23.837244, 0.0)
(30.852795, 23.797188, 0.0)
(30.851028, 23.768703, 0.0)
(33.764606, 24.724350, 0.0)
(36.250702, 25.977783, 0.0)
(36.289490, 25.931175, 0.0)
(36.267448, 25.880310, 0.0)
(36.266155, 25.984409, 0.0)
(33.715508, 29.002386, 0.0)
(30.863781, 30.211826, 0.0)
(29.999142, 30.516781, 0.0)
(29.689459, 30.486305, 0.0)
(29.633930, 30.477571, 0.0)
(30.188778, 30.513134, 0.0)
(35.197540, 31.401262, 0.0)
(38.526463, 32.324593, 0.0)
(39.147610, 32.434769, 0.0)
(39.211628, 32.320797, 0.0)
(39.193348, 32.320335, 0.0)
(39.190563, 32.295383, 0.0)
(38.468273, 32.544579, 0.0)
(38.357700, 32.527924, 0.0)
(38.369614, 32.495789, 0.0)
(38.361572, 32.471344, 0.0)
(38.367027, 32.461418, 0.0)
(38.369251, 32.468014, 0.0)
(38.359379, 32.470428, 0.0)
(38.358021, 32.460423, 0.0)
(38.348286, 32.464321, 0.0)
(38.340916, 32.460945, 0.0)
(38.334961, 32.466648, 0.0)
(38.335140, 32.482765, 0.0)
(38.339729, 32.495522, 0.0)
(38.331871, 32.511639, 0.0)
(38.318756, 32.521912, 0.0)
(38.329292, 32.522797, 0.0)
(38.679184, 32.659035, 0.0)
(38.681744, 32.679123, 0.0)
(39.697155, 31.153584, 0.0)
(41.370308, 29.543358, 0.0)
(41.951302, 29.640629, 0.0)
(42.037888, 29.705650, 0.0)
(42.036865, 29.710962, 0.0)
(42.024635, 29.682011, 0.0)
(42.010548, 29.656145, 0.0)
(41.972565, 29.670137, 0.0)
(41.831623, 29.785089, 0.0)
(41.829433, 29.724497, 0.0)
(41.803112, 29.679323, 0.0)
(41.775200, 29.692192, 0.0)
(41.740883, 29.697628, 0.0)
(41.715599, 29.723190, 0.0)
(41.700630, 29.735836, 0.0)
(41.693302, 29.725340, 0.0)
(41.694942, 29.708771, 0.0)
(41.686005, 29.669624, 0.0)
(41.674122, 29.656187, 0.0)
(41.654881, 29.654751, 0.0)
(41.648586, 29.658127, 0.0)
(41.648640, 29.650599, 0.0)
(41.633709, 29.621740, 0.0)
(39.129715, 28.023315, 0.0)
(37.755447, 27.368141, 0.0)
(37.647766, 27.304113, 0.0)
(37.657104, 27.271275, 0.0)
(37.661488, 27.254215, 0.0)
(37.688293, 27.219172, 0.0)
(37.679214, 27.197527, 0.0)
(37.663311, 27.181007, 0.0)
(37.669594, 27.199240, 0.0)
(37.672825, 27.173882, 0.0)
(37.653355, 27.178062, 0.0)
(37.659618, 27.162045, 0.0)
(37.645866, 27.140741, 0.0)
(37.644497, 27.106096, 0.0)
(37.711098, 25.249752, 0.0)
(37.820564, 25.103683, 0.0)
(37.831551, 25.115698, 0.0)
(37.847191, 25.094885, 0.0)
(37.876598, 25.060787, 0.0)
(37.932972, 25.041531, 0.0)
(38.315674, 25.070921, 0.0)
(38.380833, 25.087179, 0.0)
(38.364388, 25.074566, 0.0)
(38.373413, 25.054344, 0.0)
(38.380428, 25.067144, 0.0)
(38.379688, 25.048326, 0.0)
(38.358475, 25.039480, 0.0)
(38.364067, 25.014376, 0.0)
(38.363995, 24.990694, 0.0)
(38.363007, 24.999081, 0.0)
(38.365929, 25.013529, 0.0)
(38.371910, 25.063772, 0.0)
(38.362156, 25.122112, 0.0)
(38.353119, 25.117456, 0.0)
(38.362244, 25.106171, 0.0)
(38.349007, 25.123045, 0.0)
(38.366982, 25.111252, 0.0)
(38.353062, 25.148802, 0.0)
(38.316422, 25.132004, 0.0)
(38.348553, 25.152538, 0.0)
(38.334888, 25.150030, 0.0)
(38.330204, 25.130693, 0.0)
(38.330975, 25.116432, 0.0)
(38.327843, 25.126215, 0.0)
(38.324490, 25.118290, 0.0)
(38.311417, 25.141827, 0.0)
(38.286522, 25.142315, 0.0)
(38.283390, 25.154490, 0.0)
(38.260639, 25.155245, 0.0)
(37.863235, 25.090508, 0.0)
(36.427746, 24.888351, 0.0)
(36.245621, 24.875715, 0.0)
(34.884243, 26.902233, 0.0)
(33.274132, 28.964676, 0.0)
(33.072258, 28.953802, 0.0)
(32.990566, 28.916708, 0.0)
(32.962730, 28.907368, 0.0)
(32.939754, 28.878975, 0.0)
(32.899368, 28.874887, 0.0)
(32.876011, 28.827387, 0.0)
(32.751163, 29.552471, 0.0)
(32.733406, 29.939301, 0.0)
(32.724689, 29.288809, 0.0)
(32.710812, 28.958099, 0.0)
(32.701698, 28.815247, 0.0)
(32.706421, 28.734442, 0.0)
(32.700848, 28.673450, 0.0)
(32.677704, 28.589693, 0.0)
(32.674377, 28.585169, 0.0)
(32.689217, 28.591240, 0.0)
(32.678448, 28.601027, 0.0)
(32.692383, 28.624342, 0.0)
(32.685467, 28.621590, 0.0)
(32.686722, 28.626055, 0.0)
(32.678596, 28.604897, 0.0)
(32.677418, 28.600258, 0.0)
(32.669312, 28.593626, 0.0)
(32.669987, 28.568800, 0.0)
(32.678001, 28.543928, 0.0)
(32.673386, 28.544182, 0.0)
(32.667316, 28.533131, 0.0)
(32.665386, 28.541492, 0.0)
(32.649929, 28.544355, 0.0)
(32.664455, 28.514313, 0.0)
(32.651470, 28.517929, 0.0)
(33.853409, 27.743179, 0.0)
(34.348885, 27.462786, 0.0)
(34.368324, 27.374359, 0.0)
(34.385857, 27.366457, 0.0)
(37.320480, 26.879929, 0.0)
(40.069576, 27.443661, 0.0)
(40.881145, 27.729641, 0.0)
(40.986881, 27.724543, 0.0)
(41.034592, 27.684494, 0.0)
(41.084713, 27.639772, 0.0)
(41.116222, 27.621027, 0.0)
(41.105156, 27.594099, 0.0)
(41.106926, 27.578501, 0.0)
(41.178490, 27.515951, 0.0)
(41.177319, 27.494900, 0.0)
(41.161964, 27.499983, 0.0)
(41.124569, 27.485388, 0.0)
(41.089085, 27.475510, 0.0)
(41.065628, 27.453234, 0.0)
(41.034378, 27.426722, 0.0)
(41.028389, 27.397686, 0.0)
(41.004673, 27.406956, 0.0)
(40.987839, 27.419422, 0.0)
(40.990261, 27.392931, 0.0)
(40.989262, 27.413649, 0.0)
(41.005127, 27.425873, 0.0)
(41.017235, 27.432856, 0.0)
(41.026928, 27.415594, 0.0)
(41.019562, 27.420525, 0.0)
(41.015087, 27.464716, 0.0)
(41.017658, 27.433538, 0.0)
(41.012131, 27.408524, 0.0)
(40.993904, 27.391640, 0.0)
(40.980999, 27.386999, 0.0)
(40.979965, 27.379276, 0.0)
(40.980240, 27.371742, 0.0)
(40.969814, 27.360113, 0.0)
(40.971313, 27.354343, 0.0)
(40.955685, 27.353846, 0.0)
(40.937992, 27.344679, 0.0)
(38.884453, 26.214636, 0.0)
(34.916645, 24.384392, 0.0)
(31.889946, 23.951475, 0.0)
(30.217737, 24.131691, 0.0)
(30.080048, 24.111948, 0.0)
(30.033321, 24.061087, 0.0)
(29.964638, 24.068325, 0.0)
(29.942793, 24.082203, 0.0)
(30.573757, 23.940039, 0.0)
(30.635370, 23.914549, 0.0)
(30.583466, 23.921925, 0.0)
(30.299980, 23.709311, 0.0)
(29.942587, 24.352030, 0.0)
(30.109447, 23.794273, 0.0)
(30.354681, 23.632887, 0.0)
(30.436182, 23.696411, 0.0)
(30.481390, 23.724401, 0.0)
(30.497505, 23.747126, 0.0)
(30.521162, 23.752607, 0.0)
(30.531713, 23.773258, 0.0)
(30.543695, 23.763376, 0.0)
(30.596102, 23.762260, 0.0)
(30.624060, 23.756168, 0.0)
(30.638071, 23.700552, 0.0)
(30.641628, 23.703505, 0.0)
(30.646715, 23.726240, 0.0)
(30.643353, 23.735001, 0.0)
(30.642376, 23.726042, 0.0)
(30.621231, 23.730402, 0.0)
(30.605854, 23.714144, 0.0)
(30.596308, 23.691116, 0.0)
(30.580679, 23.697939, 0.0)
(30.558018, 23.701736, 0.0)
(30.538607, 23.708202, 0.0)
(30.547930, 23.738897, 0.0)
(30.544277, 23.787487, 0.0)
(30.548100, 23.784819, 0.0)
(30.536276, 23.808033, 0.0)
(30.519329, 23.831696, 0.0)
(29.502586, 24.065182, 0.0)
(27.196806, 24.660103, 0.0)
(26.576120, 24.756802, 0.0)
(26.506479, 24.748516, 0.0)
(26.501396, 24.790295, 0.0)
(26.468498, 24.777632, 0.0)
(26.445454, 24.783089, 0.0)
(26.447222, 24.815865, 0.0)
(26.452080, 24.840151, 0.0)
(26.458097, 24.825859, 0.0)
(26.463512, 24.807142, 0.0)
(26.461561, 24.830769, 0.0)
(26.450005, 24.809858, 0.0)
(26.471516, 24.795134, 0.0)
(26.463274, 24.818386, 0.0)
(26.462112, 24.828243, 0.0)
(26.443871, 24.818712, 0.0)
(26.396103, 24.848524, 0.0)
(26.013481, 25.047480, 0.0)
(25.958628, 25.092192, 0.0)
(25.944147, 25.108805, 0.0)
(25.928135, 25.122215, 0.0)
(25.922737, 25.115490, 0.0)
(26.967245, 24.760805, 0.0)
(29.337521, 24.482328, 0.0)
(29.442011, 24.444387, 0.0)
(29.442091, 24.400085, 0.0)
(29.447552, 24.396164, 0.0)
(29.488138, 24.418053, 0.0)
(29.498425, 24.403522, 0.0)
(29.510492, 24.417450, 0.0)
(29.536911, 24.413498, 0.0)
(29.559977, 24.390463, 0.0)
(29.614613, 24.390892, 0.0)
(29.656307, 24.366013, 0.0)
(29.677746, 24.375961, 0.0)
(33.578197, 24.742258, 0.0)
(35.457474, 25.031519, 0.0)
(35.706863, 24.965326, 0.0)
(35.814259, 24.951111, 0.0)
(35.859715, 24.907520, 0.0)
(36.343456, 25.009518, 0.0)
(36.751690, 25.120335, 0.0)
(36.827602, 25.134407, 0.0)
(36.848282, 25.115833, 0.0)
(36.868935, 25.104153, 0.0)
(36.848522, 25.051041, 0.0)
(36.829700, 25.033766, 0.0)
(36.825615, 25.034134, 0.0)
(36.818027, 25.038435, 0.0)
(36.824448, 25.055622, 0.0)
(36.828857, 25.041588, 0.0)
(36.812244, 25.002768, 0.0)
(36.811256, 24.978605, 0.0)
(36.814274, 24.975250, 0.0)
(36.818314, 24.978584, 0.0)
(36.818314, 24.978584, 0.0)
(36.814274, 24.975250, 0.0)
(36.802055, 24.966381, 0.0)
(36.793549, 24.961452, 0.0)
(36.771908, 24.967361, 0.0)
(36.762058, 24.981636, 0.0)
(36.761803, 24.987360, 0.0)
(36.761803, 24.987360, 0.0)
(36.758270, 24.990345, 0.0)
(36.754826, 25.000429, 0.0)
(36.776608, 25.025791, 0.0)
(36.785194, 25.030600, 0.0)
(36.771168, 25.012217, 0.0)
(36.760376, 25.030458, 0.0)
(36.778805, 25.072905, 0.0)
(36.792072, 25.079561, 0.0)
(36.787853, 25.124775, 0.0)
(36.792316, 25.105959, 0.0)
(35.772388, 26.316484, 0.0)
(33.668526, 29.138840, 0.0)
(31.950348, 30.594629, 0.0)
(30.688650, 31.174826, 0.0)
(30.287142, 31.376181, 0.0)
(30.145927, 31.388884, 0.0)
(29.717821, 31.937248, 0.0)
(29.514292, 32.155109, 0.0)
(29.477104, 32.175873, 0.0)
(29.466764, 32.206837, 0.0)
(29.481472, 32.255051, 0.0)
(30.407974, 32.127491, 0.0)
(32.608116, 31.848108, 0.0)
(33.587967, 31.663511, 0.0)
(34.160858, 31.430834, 0.0)
(34.283245, 31.353552, 0.0)
(34.340107, 31.288961, 0.0)
(34.337646, 31.247702, 0.0)
(34.346176, 31.204241, 0.0)
(34.349392, 31.132675, 0.0)
(34.356350, 31.097847, 0.0)
(34.335602, 31.033573, 0.0)
(34.361103, 30.984917, 0.0)
(34.995792, 30.184698, 0.0)
(36.131207, 28.016312, 0.0)
(36.117607, 27.638420, 0.0)
(36.128693, 27.582832, 0.0)
(36.122570, 27.557541, 0.0)
(36.176651, 27.561150, 0.0)
(36.200268, 27.564754, 0.0)
(36.173264, 27.543394, 0.0)
(36.148140, 27.485510, 0.0)
(36.160625, 27.447422, 0.0)
(36.162674, 27.477655, 0.0)
(36.164745, 27.457710, 0.0)
(36.161850, 27.441391, 0.0)
(36.125984, 27.466454, 0.0)
(34.749172, 25.628458, 0.0)
(33.040871, 23.657551, 0.0)
(32.932621, 23.680153, 0.0)
(32.906075, 23.678106, 0.0)
(32.889008, 23.662445, 0.0)
(32.850925, 23.629612, 0.0)
(32.830013, 23.613914, 0.0)
(32.799015, 23.606153, 0.0)
(32.788883, 23.586348, 0.0)
(32.781403, 23.580053, 0.0)
(32.770092, 23.583942, 0.0)
(32.766087, 23.580542, 0.0)
(32.765556, 23.590429, 0.0)
(32.753826, 23.593248, 0.0)
(32.750748, 23.596903, 0.0)
(32.746700, 23.599020, 0.0)
(32.753826, 23.593248, 0.0)
(32.762119, 23.596661, 0.0)
(32.745125, 23.585642, 0.0)
(32.740803, 23.587498, 0.0)
(32.749783, 23.595369, 0.0)
(32.742661, 23.601231, 0.0)
(32.739574, 23.604879, 0.0)
(32.742661, 23.601231, 0.0)
(32.731308, 23.601427, 0.0)
(32.729813, 23.603148, 0.0)
(32.722427, 23.607132, 0.0)
(32.722485, 23.608023, 0.0)
(32.707676, 23.620972, 0.0)
(32.713852, 23.609985, 0.0)
(32.722427, 23.612431, 0.0)
(32.718552, 23.610493, 0.0)
(32.722485, 23.608023, 0.0)
(32.744164, 23.632397, 0.0)
(32.727776, 23.628756, 0.0)
(32.723095, 23.656702, 0.0)
(32.739582, 23.670925, 0.0)
(32.735096, 23.693703, 0.0)
(34.410168, 24.226742, 0.0)
(37.846306, 25.443434, 0.0)
(40.285225, 27.424492, 0.0)
(41.295383, 28.456215, 0.0)
(41.702610, 28.888615, 0.0)
(41.716679, 28.884142, 0.0)
(41.743565, 28.856018, 0.0)
(41.825748, 28.841957, 0.0)
(41.406933, 28.822186, 0.0)
(41.380047, 28.762007, 0.0)
(41.397346, 28.741571, 0.0)
(41.400860, 28.733164, 0.0)
(41.399712, 28.725178, 0.0)
(41.434715, 28.672697, 0.0)
(41.435112, 28.680876, 0.0)
(41.413807, 28.685583, 0.0)
(41.443546, 28.688206, 0.0)
(41.440159, 28.654593, 0.0)
(41.439430, 28.682684, 0.0)
(41.446625, 28.606668, 0.0)
(41.402428, 28.601679, 0.0)
(41.414661, 28.611700, 0.0)
(41.440956, 28.609341, 0.0)
(41.410564, 28.638727, 0.0)
(41.417721, 28.592503, 0.0)
(41.433094, 28.577427, 0.0)
(39.977985, 27.926947, 0.0)
(38.423878, 27.192154, 0.0)
(38.275108, 27.151970, 0.0)
(38.278950, 27.118610, 0.0)
(38.259987, 27.099211, 0.0)
(38.259987, 27.099211, 0.0)
(38.251427, 27.075438, 0.0)
(38.240845, 27.067135, 0.0)
(38.235386, 27.081293, 0.0)
(38.248310, 27.116840, 0.0)
(38.210857, 27.127283, 0.0)
(38.235825, 27.171000, 0.0)
(38.254532, 27.062553, 0.0)
(38.450546, 26.558525, 0.0)
(38.273182, 25.939415, 0.0)
(38.307781, 25.978596, 0.0)
(38.327148, 26.042009, 0.0)
(38.380142, 26.098642, 0.0)
(38.390633, 26.082224, 0.0)
(38.402634, 26.094612, 0.0)
(38.413383, 26.064335, 0.0)
(38.423252, 26.062300, 0.0)
(38.428360, 26.097912, 0.0)
(38.428539, 26.110125, 0.0)
(38.437561, 26.113958, 0.0)
(38.442097, 26.115885, 0.0)
(38.577656, 26.161760, 0.0)
(38.762589, 26.266790, 0.0)
(38.780521, 26.279545, 0.0)
(38.788177, 26.289331, 0.0)
(38.782528, 26.297100, 0.0)
(38.779476, 26.287201, 0.0)
(38.784695, 26.320662, 0.0)
(38.775280, 26.293291, 0.0)
(38.766006, 26.258926, 0.0)
(38.756973, 26.285679, 0.0)
(38.749355, 26.278818, 0.0)
(38.745178, 26.291454, 0.0)
(38.727085, 26.319216, 0.0)
(38.722652, 26.320190, 0.0)
(38.715435, 26.321312, 0.0)
(38.716106, 26.291933, 0.0)
(38.710484, 26.287159, 0.0)
(38.666698, 26.280602, 0.0)
(38.641678, 26.254290, 0.0)
(38.632587, 26.252674, 0.0)
(38.592033, 26.252821, 0.0)
(38.569954, 26.262423, 0.0)
(36.790623, 26.259829, 0.0)
(33.197121, 26.800888, 0.0)
(30.714952, 27.969973, 0.0)
(29.584782, 28.202906, 0.0)
(29.382078, 28.170479, 0.0)
(29.299091, 28.115671, 0.0)
(29.236137, 28.088564, 0.0)
(27.803705, 28.947620, 0.0)
(27.253983, 29.242029, 0.0)
(27.163387, 29.284605, 0.0)
(27.130899, 29.275486, 0.0)
(26.644459, 29.631290, 0.0)
(26.391907, 29.808571, 0.0)
(26.376152, 29.794628, 0.0)
(28.089252, 28.800322, 0.0)
(30.836910, 27.748369, 0.0)
(32.600586, 27.568893, 0.0)
(33.616974, 27.481667, 0.0)
(33.854012, 27.506262, 0.0)
(33.934170, 27.505447, 0.0)
(33.965549, 27.547384, 0.0)
(33.985527, 27.581942, 0.0)
(33.979900, 27.612465, 0.0)
(34.007549, 27.586185, 0.0)
(34.070061, 27.626108, 0.0)
(34.092709, 27.625648, 0.0)
(36.029449, 26.374569, 0.0)
(36.492886, 26.259636, 0.0)
(36.527668, 26.282856, 0.0)
(36.528721, 26.281984, 0.0)
(36.520889, 26.249603, 0.0)
(36.550510, 26.244322, 0.0)
(36.557198, 26.218424, 0.0)
(36.552361, 26.192225, 0.0)
(36.505516, 26.174095, 0.0)
(36.497261, 26.206993, 0.0)
(36.471043, 26.223831, 0.0)
(36.476845, 26.277225, 0.0)
(36.473705, 26.296700, 0.0)
(38.419899, 29.156923, 0.0)
(40.194649, 32.232250, 0.0)
(40.915348, 33.232056, 0.0)
(40.942459, 33.258259, 0.0)
(40.900921, 33.202732, 0.0)
(40.891781, 33.170044, 0.0)
(41.206928, 33.529640, 0.0)
(41.209614, 33.504173, 0.0)
(41.149990, 33.482609, 0.0)
(41.104362, 33.476925, 0.0)
(41.107731, 33.430180, 0.0)
(41.072559, 33.434689, 0.0)
(41.051548, 33.406956, 0.0)
(41.052555, 33.400185, 0.0)
(41.019527, 33.396259, 0.0)
(41.016949, 33.354057, 0.0)
(41.011185, 33.347546, 0.0)
(40.992878, 33.345444, 0.0)
(40.971413, 33.346287, 0.0)
(40.968555, 33.338619, 0.0)
(40.951843, 33.322762, 0.0)
(40.932980, 33.274006, 0.0)
(40.925743, 33.272438, 0.0)
(40.945202, 33.251747, 0.0)
(40.931690, 33.262020, 0.0)
(40.924450, 33.266674, 0.0)
(40.934753, 33.234222, 0.0)
(40.951637, 33.219639, 0.0)
(40.930901, 33.217289, 0.0)
(40.920872, 33.226009, 0.0)
(40.918411, 33.250740, 0.0)
(40.921772, 33.232498, 0.0)
(40.917740, 33.237225, 0.0)
(40.920330, 33.240238, 0.0)
(40.904762, 33.215305, 0.0)
(40.915802, 33.168255, 0.0)
(40.490173, 31.015823, 0.0)
(40.234295, 28.136923, 0.0)
(40.173092, 27.687929, 0.0)
(40.197815, 27.636629, 0.0)
(40.223213, 27.653429, 0.0)
(40.250309, 27.680847, 0.0)
(40.290859, 27.697834, 0.0)
(40.309761, 27.703087, 0.0)
(40.322559, 27.714294, 0.0)
(40.329838, 27.726013, 0.0)
(40.348232, 27.700859, 0.0)
(40.355511, 27.720791, 0.0)
(40.293404, 27.719364, 0.0)
(39.860317, 27.406820, 0.0)
(39.799614, 27.374109, 0.0)
(39.822849, 27.402731, 0.0)
(39.985718, 27.502775, 0.0)
(40.180328, 27.662748, 0.0)
(40.222027, 27.645847, 0.0)
(40.224609, 27.620878, 0.0)
(40.221531, 27.614733, 0.0)
(40.221531, 27.614733, 0.0)
(40.241535, 27.620329, 0.0)
(40.216072, 27.583935, 0.0)
(40.213043, 27.588249, 0.0)
(40.212395, 27.606936, 0.0)
(40.223660, 27.641500, 0.0)
(40.223625, 27.651646, 0.0)
(40.200794, 27.658346, 0.0)
(40.214771, 27.663864, 0.0)
(40.214531, 27.670652, 0.0)
(40.216110, 27.685425, 0.0)
(40.197903, 27.673861, 0.0)
(39.835724, 27.421116, 0.0)
(38.835289, 27.509418, 0.0)
(38.552197, 26.629770, 0.0)
(38.465179, 26.328205, 0.0)
(38.459454, 26.314281, 0.0)
(38.475067, 26.361927, 0.0)
(38.452755, 26.361927, 0.0)
(37.143108, 26.518860, 0.0)
(36.508545, 26.697231, 0.0)
(36.428654, 26.697598, 0.0)
(36.420746, 26.702156, 0.0)
(36.403564, 26.707275, 0.0)
(36.359856, 26.679607, 0.0)
(34.475788, 27.468021, 0.0)
(30.981396, 28.615047, 0.0)
(28.730904, 29.592031, 0.0)
(28.176088, 29.731964, 0.0)
(28.044483, 29.709684, 0.0)
(28.004723, 29.709856, 0.0)
(27.006283, 30.375719, 0.0)
(26.553974, 30.603748, 0.0)
(26.469364, 30.595911, 0.0)
(26.464899, 30.572647, 0.0)
(26.405075, 30.561079, 0.0)
(26.392036, 30.529230, 0.0)
(26.482277, 30.448103, 0.0)
(28.210526, 29.203239, 0.0)
(29.775820, 29.008408, 0.0)
(30.966463, 28.700893, 0.0)
(31.683273, 28.470533, 0.0)
(31.787960, 28.339123, 0.0)
(31.791809, 28.274015, 0.0)
(31.811213, 28.222029, 0.0)
(31.806221, 28.201193, 0.0)
(31.805462, 28.106590, 0.0)
(31.851927, 28.048941, 0.0)
(31.867708, 28.050220, 0.0)
(31.941380, 28.033257, 0.0)
(31.955635, 27.991295, 0.0)
(31.947794, 27.969006, 0.0)
(31.331356, 26.240271, 0.0)
(29.366970, 24.881138, 0.0)
(29.194191, 24.882986, 0.0)
(29.142843, 24.972095, 0.0)
(29.117086, 24.928110, 0.0)
(29.094910, 24.903557, 0.0)
(29.070993, 24.929934, 0.0)
(29.080061, 24.906609, 0.0)
(29.069248, 24.881756, 0.0)
(29.078648, 24.888569, 0.0)
(29.047905, 24.879881, 0.0)
(29.045771, 24.890169, 0.0)
(29.017412, 24.917278, 0.0)
(28.999043, 24.920813, 0.0)
(30.082623, 24.864122, 0.0)
(30.806372, 24.907028, 0.0)
(30.850321, 24.886410, 0.0)
(30.839300, 24.874048, 0.0)
(30.849745, 24.901337, 0.0)
(30.187565, 25.091156, 0.0)
(29.110792, 25.287647, 0.0)
(29.006262, 25.297712, 0.0)
(28.987574, 25.276312, 0.0)
(28.985113, 25.280563, 0.0)
(29.001787, 25.281864, 0.0)
(28.998487, 25.278622, 0.0)
(32.212212, 25.312157, 0.0)
(34.783855, 25.741997, 0.0)
(34.902191, 25.729063, 0.0)
(34.885662, 25.694216, 0.0)
(34.916229, 25.675482, 0.0)
(34.816368, 25.636723, 0.0)
(34.888451, 26.099367, 0.0)
(35.215794, 27.150524, 0.0)
(35.272625, 26.380833, 0.0)
(35.256531, 25.715765, 0.0)
(35.264809, 25.455954, 0.0)
(35.283783, 25.456167, 0.0)
(35.326267, 25.517712, 0.0)
(37.014267, 27.646065, 0.0)
(36.996643, 27.661314, 0.0)
(36.942089, 27.611488, 0.0)
(36.946594, 27.608797, 0.0)
(36.959309, 27.633369, 0.0)
(36.942520, 27.636992, 0.0)
(36.933941, 27.626036, 0.0)
(36.963696, 27.633112, 0.0)
(36.953407, 27.620064, 0.0)
(36.975246, 27.595530, 0.0)
(37.057957, 27.849659, 0.0)
(37.056923, 27.883530, 0.0)
(37.052799, 27.872972, 0.0)
(37.053741, 27.845577, 0.0)
(37.054363, 27.840284, 0.0)
(37.055161, 27.837177, 0.0)
(37.052090, 27.807467, 0.0)
(37.048088, 27.853788, 0.0)
(37.052094, 27.860340, 0.0)
(37.052544, 27.871563, 0.0)
(37.052998, 27.860611, 0.0)
(37.059208, 27.855301, 0.0)
(37.045189, 27.817207, 0.0)
(37.049492, 27.788439, 0.0)
(37.055786, 27.787355, 0.0)
(37.055695, 27.787273, 0.0)
(37.046680, 27.781197, 0.0)
(37.050491, 27.779196, 0.0)
(37.052193, 27.784525, 0.0)
(37.028492, 27.753845, 0.0)
(37.089046, 29.342941, 0.0)
(0.000000, 0.000000, 1.0)
(37.652760, 27.694426, 0.0)
(37.530922, 26.947029, 0.0)
(37.544243, 26.821371, 0.0)
(37.564980, 26.844585, 0.0)
(37.561153, 26.864584, 0.0)
(37.583935, 26.906622, 0.0)
(36.980331, 25.673920, 0.0)
(35.968777, 23.149855, 0.0)
(35.780712, 22.890675, 0.0)
(35.765331, 22.905241, 0.0)
(35.343376, 22.577526, 0.0)
(34.662220, 22.135674, 0.0)
(34.600403, 22.122126, 0.0)
(34.587276, 22.061649, 0.0)
(34.593998, 22.043844, 0.0)
(34.588207, 22.028690, 0.0)
(34.612984, 22.014265, 0.0)
(34.621765, 21.985041, 0.0)
(34.607494, 21.977667, 0.0)
(34.613338, 21.987705, 0.0)
(34.605042, 21.993511, 0.0)
(34.584072, 21.976448, 0.0)
(34.572960, 21.975161, 0.0)
(34.562943, 21.978626, 0.0)
(34.562943, 21.978626, 0.0)
(34.562943, 21.978626, 0.0)
(34.554741, 21.983595, 0.0)
(34.571922, 21.975634, 0.0)
(34.559341, 21.984138, 0.0)
(34.954243, 23.210335, 0.0)
(34.911659, 23.651396, 0.0)
(34.896301, 23.637520, 0.0)
(34.868729, 23.632107, 0.0)
(34.868729, 23.632107, 0.0)
(34.852951, 23.661757, 0.0)
(34.856632, 23.712242, 0.0)
(34.855129, 23.731546, 0.0)
(34.851826, 23.723770, 0.0)
(34.844288, 23.709995, 0.0)
(34.813824, 23.711428, 0.0)
(34.791382, 23.702461, 0.0)
(34.778896, 23.702805, 0.0)
(37.331810, 24.051008, 0.0)
(39.808510, 24.729925, 0.0)
(40.644756, 25.062565, 0.0)
(40.715889, 25.078085, 0.0)
(40.734203, 25.015755, 0.0)
(40.779217, 24.959408, 0.0)
(40.758450, 24.940596, 0.0)
(40.783836, 24.916985, 0.0)
(40.752327, 24.812807, 0.0)
(40.995876, 24.884392, 0.0)
(41.014259, 24.872042, 0.0)
(40.991375, 24.874702, 0.0)
(40.928070, 24.840477, 0.0)
(40.913357, 24.821815, 0.0)
(40.853722, 24.804384, 0.0)
(40.832249, 24.789446, 0.0)
(40.797264, 24.723640, 0.0)
(40.787090, 24.736538, 0.0)
(40.770916, 24.720144, 0.0)
(40.756908, 24.705362, 0.0)
(40.761917, 24.707531, 0.0)
(40.757061, 24.718962, 0.0)
(40.734268, 24.726059, 0.0)
(40.739166, 24.727621, 0.0)
(40.729771, 24.741026, 0.0)
(40.729771, 24.741026, 0.0)
(40.729771, 24.741026, 0.0)
(40.729771, 24.741026, 0.0)
(40.573841, 24.710403, 0.0)
(40.306503, 24.888132, 0.0)
(40.249527, 25.200848, 0.0)
(40.251968, 25.261389, 0.0)
(40.256641, 25.261015, 0.0)
(40.265812, 25.266579, 0.0)
(40.194984, 25.311323, 0.0)
(39.005352, 25.746075, 0.0)
(38.833027, 25.785522, 0.0)
(38.769943, 25.789667, 0.0)
(38.542114, 25.640520, 0.0)
(39.079350, 26.234711, 0.0)
(39.603546, 25.861469, 0.0)
(39.795380, 25.851965, 0.0)
(39.826664, 25.901838, 0.0)
(39.854782, 25.915249, 0.0)
(39.885441, 25.925369, 0.0)
(39.897305, 25.929270, 0.0)
(39.926010, 25.931238, 0.0)
(39.930386, 25.931959, 0.0)
(39.942120, 25.928917, 0.0)
(39.967518, 25.930719, 0.0)
(40.115608, 25.921429, 0.0)
(40.144073, 25.915077, 0.0)
(40.152863, 25.919170, 0.0)
(40.150078, 25.937902, 0.0)
(40.157009, 25.968363, 0.0)
(40.158340, 25.925634, 0.0)
(40.153164, 25.888180, 0.0)
(40.196327, 25.887907, 0.0)
(40.196915, 25.885815, 0.0)
(40.145283, 25.839298, 0.0)
(40.165291, 25.855795, 0.0)
(40.150772, 25.855127, 0.0)
(40.113377, 25.837408, 0.0)
(40.109547, 25.831121, 0.0)
(40.079983, 25.774439, 0.0)
(39.337624, 25.980577, 0.0)
(38.237637, 26.287590, 0.0)
(38.099209, 26.282688, 0.0)
(38.097584, 26.276117, 0.0)
(38.067131, 26.203236, 0.0)
(38.032722, 26.185137, 0.0)
(38.028900, 26.187693, 0.0)
(38.014050, 26.186081, 0.0)
(37.991261, 26.218386, 0.0)
(37.973412, 26.207708, 0.0)
(36.445335, 26.954903, 0.0)
(33.230152, 28.535772, 0.0)
(30.907856, 29.474588, 0.0)
(30.383862, 29.592106, 0.0)
(30.175375, 29.628706, 0.0)
(30.090290, 29.597332, 0.0)
(29.367741, 30.107693, 0.0)
(29.308548, 30.155472, 0.0)
(29.302864, 30.123077, 0.0)
(29.297802, 30.135340, 0.0)
(29.307583, 30.118299, 0.0)
(29.285410, 30.123297, 0.0)
(29.267878, 30.068773, 0.0)
(29.258667, 30.054081, 0.0)
(29.250622, 30.033478, 0.0)
(29.222397, 30.019993, 0.0)
(29.207541, 30.000923, 0.0)
(29.206661, 30.009785, 0.0)
(29.211147, 30.014091, 0.0)
(29.469017, 29.805887, 0.0)
(29.528297, 29.783262, 0.0)
(29.533548, 29.792126, 0.0)
(29.521540, 29.784956, 0.0)
(29.542967, 29.804102, 0.0)
(29.547848, 29.810598, 0.0)
(29.524233, 29.811327, 0.0)
(29.517040, 29.817570, 0.0)
(31.321438, 29.000334, 0.0)
(33.528652, 28.151560, 0.0)
(33.650723, 28.102842, 0.0)
(33.641869, 28.132441, 0.0)
(33.644966, 28.105173, 0.0)
(33.641651, 28.113976, 0.0)
(33.638206, 28.141235, 0.0)
(33.747723, 28.958590, 0.0)
(35.303883, 29.135164, 0.0)
(35.419971, 27.956499, 0.0)
(35.340923, 27.266684, 0.0)
(35.310631, 26.883081, 0.0)
(35.323586, 26.749626, 0.0)
(34.145805, 27.864365, 0.0)
(31.853230, 30.420216, 0.0)
(31.184393, 30.898392, 0.0)
(31.031408, 30.969913, 0.0)
(30.957935, 31.058035, 0.0)
(30.141752, 31.422800, 0.0)
(29.628046, 31.546055, 0.0)
(29.551542, 31.549358, 0.0)
(29.504585, 31.596617, 0.0)
(29.473352, 31.667500, 0.0)
(29.490467, 31.777893, 0.0)
(29.408667, 31.824223, 0.0)
(29.395617, 31.869251, 0.0)
(29.379827, 31.879925, 0.0)
(29.391420, 31.910551, 0.0)
(31.168816, 31.468245, 0.0)
(31.802216, 31.474901, 0.0)
(31.854364, 31.415979, 0.0)
(31.244959, 31.411371, 0.0)
(31.035845, 31.303219, 0.0)
(30.994431, 31.129137, 0.0)
(30.961802, 31.023054, 0.0)
(29.762857, 31.697041, 0.0)
(29.373356, 31.689823, 0.0)
(29.318188, 31.615072, 0.0)
(29.233963, 31.555929, 0.0)
(29.203226, 31.525423, 0.0)
(29.215187, 31.547203, 0.0)
(31.417147, 30.608456, 0.0)
(33.513958, 29.527597, 0.0)
(33.645985, 29.298548, 0.0)
(33.671783, 29.310425, 0.0)
(33.724483, 29.344782, 0.0)
(33.765118, 29.332678, 0.0)
(35.121571, 29.887672, 0.0)
(35.237728, 29.853643, 0.0)
(35.255444, 29.809660, 0.0)
(35.275311, 29.808201, 0.0)
(35.310757, 29.822153, 0.0)
(35.314522, 29.822433, 0.0)
(35.312618, 29.808372, 0.0)
(35.325523, 29.796791, 0.0)
(35.341499, 29.823137, 0.0)
(35.330700, 29.830404, 0.0)
(35.348850, 29.848732, 0.0)
(35.310436, 29.895496, 0.0)
(35.310246, 29.895527, 0.0)
(35.312214, 29.902342, 0.0)
(35.312771, 29.925856, 0.0)
(35.296753, 29.934517, 0.0)
(35.647579, 29.613480, 0.0)
(36.098316, 28.614849, 0.0)
(36.100994, 28.362244, 0.0)
(36.089523, 28.347601, 0.0)
(36.085491, 28.341564, 0.0)
(36.077396, 28.343763, 0.0)
(36.078278, 28.273752, 0.0)
(36.050816, 28.257994, 0.0)
(36.030663, 28.280602, 0.0)
(36.058922, 28.284533, 0.0)
(36.031368, 28.319334, 0.0)
(36.042976, 28.266722, 0.0)
(36.026363, 28.204117, 0.0)
(36.022171, 28.153374, 0.0)
(36.027401, 28.116447, 0.0)
(36.022648, 28.157475, 0.0)
(35.993477, 28.138540, 0.0)
(35.990688, 29.444901, 0.0)
(36.923145, 28.986132, 0.0)
(37.133190, 27.833792, 0.0)
(37.098282, 27.288013, 0.0)
(37.615593, 26.397070, 0.0)
(39.209454, 25.447100, 0.0)
(39.649120, 25.045052, 0.0)
(39.701313, 24.988119, 0.0)
(39.727867, 24.982401, 0.0)
(39.771473, 24.963396, 0.0)
(39.768101, 24.946325, 0.0)
(39.800484, 24.943590, 0.0)
(39.810692, 24.954327, 0.0)
(39.810516, 24.953596, 0.0)
(40.054790, 24.980995, 0.0)
(40.060410, 24.956333, 0.0)
(40.087280, 24.970215, 0.0)
(40.105698, 24.986813, 0.0)
(40.108315, 24.944698, 0.0)
(40.110043, 24.926497, 0.0)
(40.113304, 24.914036, 0.0)
(40.119701, 24.902760, 0.0)
(40.108952, 24.921576, 0.0)
(40.095524, 24.914843, 0.0)
(40.086720, 24.903065, 0.0)
(40.105221, 24.879862, 0.0)
(39.939320, 24.908968, 0.0)
(38.091690, 25.036438, 0.0)
(37.961277, 24.996950, 0.0)
(37.921745, 24.914829, 0.0)
(37.918697, 24.883184, 0.0)
(37.899487, 24.849005, 0.0)
(37.891479, 24.854094, 0.0)
(37.883862, 24.858086, 0.0)
(37.875294, 24.839205, 0.0)
(37.859581, 24.857700, 0.0)
(37.860645, 24.863924, 0.0)
(37.825710, 24.861069, 0.0)
(37.821518, 24.882013, 0.0)
(37.781727, 24.909760, 0.0)
(38.093555, 25.092337, 0.0)
(40.687637, 26.453014, 0.0)
(40.980469, 26.537445, 0.0)
(41.011612, 26.512186, 0.0)
(41.016216, 26.514519, 0.0)
(40.918221, 26.572660, 0.0)
(41.083080, 27.180714, 0.0)
(41.207401, 26.695957, 0.0)
(41.157806, 26.501408, 0.0)
(41.199463, 26.576448, 0.0)
(41.237801, 26.622969, 0.0)
(41.254578, 26.645868, 0.0)
(41.263111, 26.678633, 0.0)
(41.319164, 26.741993, 0.0)
(41.307919, 26.742039, 0.0)
(41.303917, 26.742817, 0.0)
(41.327950, 26.729610, 0.0)
(41.331474, 26.755508, 0.0)
(41.271309, 26.706291, 0.0)
(41.267471, 26.699301, 0.0)
(41.288342, 26.713606, 0.0)
(41.301403, 26.726410, 0.0)
(41.327026, 26.738390, 0.0)
(41.323322, 26.741049, 0.0)
(41.323322, 26.741049, 0.0)
(41.327026, 26.738390, 0.0)
(41.333626, 26.707111, 0.0)
(41.341702, 26.693886, 0.0)
(41.337898, 26.638985, 0.0)
(41.341492, 26.645853, 0.0)
(41.369915, 26.720301, 0.0)
(41.361897, 26.717346, 0.0)
(41.376469, 26.731573, 0.0)
(41.380741, 26.737316, 0.0)
(41.361897, 26.717346, 0.0)
(41.376892, 26.700703, 0.0)
(41.365688, 26.714613, 0.0)
(40.367138, 28.896503, 0.0)
(40.490425, 30.655437, 0.0)
(40.385006, 30.658579, 0.0)
(40.319214, 30.607578, 0.0)
(40.560638, 31.941761, 0.0)
(40.414623, 32.056805, 0.0)
(40.369858, 32.068249, 0.0)
(40.366360, 32.076752, 0.0)
(40.340729, 32.022217, 0.0)
(39.077221, 31.819723, 0.0)
(36.968971, 31.320955, 0.0)
(36.824379, 31.259802, 0.0)
(36.814129, 31.270086, 0.0)
(36.823204, 31.289902, 0.0)
(36.804440, 31.288141, 0.0)
(38.711246, 31.811457, 0.0)
(39.697803, 31.911945, 0.0)
(39.792625, 31.821117, 0.0)
(39.803291, 31.767019, 0.0)
(39.813347, 31.754965, 0.0)
(39.830818, 31.782608, 0.0)
(39.827614, 31.811056, 0.0)
(39.825329, 31.838545, 0.0)
(39.831299, 31.837418, 0.0)
(39.839306, 31.865000, 0.0)
(39.823120, 31.867308, 0.0)
(39.654716, 31.766781, 0.0)
(37.582367, 30.134451, 0.0)
(37.392681, 29.985369, 0.0)
(37.394150, 29.962255, 0.0)
(37.377903, 29.933363, 0.0)
(37.360668, 30.009302, 0.0)
(37.414909, 31.310139, 0.0)
(37.894901, 31.696983, 0.0)
(37.881718, 30.862865, 0.0)
(37.869915, 30.439253, 0.0)
(37.874435, 30.151062, 0.0)
(37.879807, 30.024282, 0.0)
(37.882896, 29.906675, 0.0)
(37.378498, 27.930231, 0.0)
(37.387920, 26.161562, 0.0)
(37.356640, 26.024096, 0.0)
(38.803097, 27.944939, 0.0)
(41.053257, 31.575218, 0.0)
(41.877174, 32.757610, 0.0)
(42.014912, 32.865200, 0.0)
(42.046906, 32.844563, 0.0)
(42.064110, 32.797668, 0.0)
(42.062004, 32.807178, 0.0)
(42.062782, 32.753136, 0.0)
(42.048306, 32.762314, 0.0)
(42.042271, 32.761059, 0.0)
(42.029385, 32.758537, 0.0)
(42.015324, 32.748478, 0.0)
(41.999111, 32.709114, 0.0)
(41.985970, 32.708866, 0.0)
(41.956955, 32.700848, 0.0)
(41.948338, 32.672596, 0.0)
(41.927856, 32.713177, 0.0)
(41.895412, 32.713413, 0.0)
(41.867439, 32.677654, 0.0)
(41.861958, 32.660141, 0.0)
(41.870731, 32.588627, 0.0)
(41.866711, 32.576466, 0.0)
(41.834419, 32.609501, 0.0)
(41.837200, 32.603794, 0.0)
(41.840240, 32.598579, 0.0)
(41.957611, 32.567932, 0.0)
(41.917324, 32.524181, 0.0)
(41.900917, 32.532436, 0.0)
(41.887180, 32.518089, 0.0)
(41.873756, 32.520863, 0.0)
(41.873337, 32.502094, 0.0)
(41.860466, 32.493286, 0.0)
(41.855480, 32.481583, 0.0)
(41.226276, 31.848625, 0.0)
(37.916058, 28.677654, 0.0)
(34.926941, 26.976063, 0.0)
(32.428368, 26.424812, 0.0)
(30.674465, 26.229139, 0.0)
(29.645823, 26.116922, 0.0)
(29.455330, 26.112606, 0.0)
(29.349401, 26.121355, 0.0)
(28.510347, 26.310120, 0.0)
(27.297886, 26.515432, 0.0)
(27.051519, 26.539061, 0.0)
(27.016088, 26.551085, 0.0)
(26.759535, 26.455988, 0.0)
(26.464142, 26.341534, 0.0)
(26.366425, 26.338461, 0.0)
(26.346466, 26.364134, 0.0)
(26.325962, 26.391129, 0.0)
(26.311371, 26.387098, 0.0)
(26.812824, 26.128080, 0.0)
(27.200333, 25.874842, 0.0)
(27.315102, 25.870632, 0.0)
(27.208149, 25.989489, 0.0)
(26.974482, 26.200191, 0.0)
(26.958767, 26.216753, 0.0)
(26.961521, 26.231897, 0.0)
(26.928581, 26.260139, 0.0)
(26.948057, 26.278032, 0.0)
(26.962408, 26.286175, 0.0)
(26.944550, 26.301981, 0.0)
(26.966652, 26.304312, 0.0)
(27.087452, 26.276501, 0.0)
(30.753664, 25.595211, 0.0)
(32.040653, 25.638546, 0.0)
(32.140083, 25.683693, 0.0)
(32.129604, 25.629137, 0.0)
(32.157227, 25.616964, 0.0)
(32.171867, 25.619116, 0.0)
(32.211506, 25.605433, 0.0)
(30.940832, 24.937943, 0.0)
(29.424822, 24.784796, 0.0)
(0.000000, 0.000000, 1.0)
(28.554356, 26.219547, 0.0)
(28.605947, 25.067776, 0.0)
(28.620560, 24.245758, 0.0)
(28.618296, 24.170444, 0.0)
(28.696609, 24.214750, 0.0)
(28.730680, 24.225044, 0.0)
(28.763906, 24.237762, 0.0)
(28.771223, 24.243568, 0.0)
(28.797726, 24.240578, 0.0)
(28.816130, 24.251865, 0.0)
(28.819321, 24.244783, 0.0)
(28.823790, 24.244993, 0.0)
(28.839306, 24.241539, 0.0)
(28.846888, 24.223446, 0.0)
(28.850931, 24.212208, 0.0)
(28.852343, 24.241962, 0.0)
(28.837339, 24.243469, 0.0)
(28.844864, 24.245007, 0.0)
(28.848322, 24.250925, 0.0)
(28.831793, 24.240000, 0.0)
(28.835899, 24.222382, 0.0)
(28.841640, 24.206793, 0.0)
(29.882095, 24.239517, 0.0)
(29.938250, 24.231520, 0.0)
(29.922567, 24.219036, 0.0)
(29.922894, 24.208139, 0.0)
(29.916521, 24.201605, 0.0)
(29.920279, 24.204123, 0.0)
(29.920279, 24.204123, 0.0)
(29.924057, 24.213097, 0.0)
(29.927202, 24.233847, 0.0)
(29.958086, 24.232643, 0.0)
(29.984255, 24.247980, 0.0)
(29.988167, 24.216471, 0.0)
(28.212162, 24.994888, 0.0)
(27.388220, 26.392239, 0.0)
(27.227863, 27.043215, 0.0)
(27.251493, 26.302477, 0.0)
(27.258671, 25.519230, 0.0)
(27.298084, 25.428164, 0.0)
(27.297884, 25.574011, 0.0)
(27.312670, 25.611881, 0.0)
(27.316486, 25.634209, 0.0)
(27.299738, 25.669750, 0.0)
(27.283377, 25.724005, 0.0)
(27.289734, 25.722893, 0.0)
(27.297466, 25.707783, 0.0)
(27.272064, 25.716448, 0.0)
(27.265436, 25.752110, 0.0)
(27.282841, 25.771851, 0.0)
(27.278120, 25.789242, 0.0)
(27.288324, 25.800325, 0.0)
(27.308601, 25.810841, 0.0)
(27.334209, 25.837763, 0.0)
(27.360746, 25.835314, 0.0)
(27.329611, 25.790401, 0.0)
(27.327116, 25.751049, 0.0)
(27.269152, 25.804420, 0.0)
(27.475796, 26.391346, 0.0)
(27.826872, 27.413134, 0.0)
(27.740913, 26.262583, 0.0)
(27.645506, 25.629023, 0.0)
(27.622614, 25.593338, 0.0)
(27.618263, 25.680161, 0.0)
(27.916632, 25.641846, 0.0)
(29.160257, 25.688490, 0.0)
(31.561722, 25.846838, 0.0)
(34.341377, 26.272999, 0.0)
(35.383762, 26.541821, 0.0)
(35.486755, 26.552494, 0.0)
(35.490280, 26.551434, 0.0)
(33.574829, 26.701149, 0.0)
(32.972637, 26.812197, 0.0)
(32.917961, 26.745028, 0.0)
(32.905499, 26.677162, 0.0)
(32.908604, 26.664122, 0.0)
(32.918148, 26.673574, 0.0)
(32.944313, 26.703856, 0.0)
(32.957272, 26.731800, 0.0)
(32.968365, 26.783627, 0.0)
(32.981750, 26.760756, 0.0)
(32.980034, 26.766916, 0.0)
(32.972439, 26.724903, 0.0)
(32.963383, 26.706213, 0.0)
(32.954441, 26.713648, 0.0)
(32.933750, 26.708368, 0.0)
(32.937168, 26.719812, 0.0)
(32.944145, 26.715429, 0.0)
(32.954399, 26.718494, 0.0)
(32.947437, 26.729517, 0.0)
(32.944183, 26.733236, 0.0)
(32.940586, 26.714190, 0.0)
(32.946922, 26.702799, 0.0)
(32.948009, 26.686123, 0.0)
(32.945198, 26.669073, 0.0)
(32.944141, 26.680763, 0.0)
(33.934189, 26.620987, 0.0)
(34.593502, 26.600952, 0.0)
(34.634521, 26.566532, 0.0)
(34.672203, 26.551746, 0.0)
(34.679626, 26.539597, 0.0)
(34.673649, 26.545521, 0.0)
(34.683029, 26.554703, 0.0)
(34.659664, 26.588903, 0.0)
(34.667309, 26.611532, 0.0)
(34.680897, 26.640638, 0.0)
(35.779476, 27.395069, 0.0)
(38.663921, 29.675663, 0.0)
(38.840061, 29.780201, 0.0)
(38.853767, 29.749346, 0.0)
(38.869804, 29.759706, 0.0)
(38.888367, 29.762440, 0.0)
(38.902607, 29.758959, 0.0)
(38.903515, 29.764698, 0.0)
(38.947784, 29.821594, 0.0)
(38.946445, 29.908804, 0.0)
(38.960712, 29.928635, 0.0)
(38.960712, 29.928635, 0.0)
(38.943081, 29.935781, 0.0)
(38.762646, 31.332958, 0.0)
(38.887753, 31.037483, 0.0)
(38.922482, 30.413246, 0.0)
(38.924835, 29.964607, 0.0)
(38.919655, 29.702692, 0.0)
(38.930843, 29.634848, 0.0)
(38.955643, 29.653133, 0.0)
(38.952938, 29.672249, 0.0)
(38.950813, 29.653431, 0.0)
(38.963490, 29.664282, 0.0)
(38.972866, 29.668055, 0.0)
(38.977356, 29.650642, 0.0)
(38.963379, 29.637497, 0.0)
(38.960613, 29.644722, 0.0)
(38.976562, 29.663179, 0.0)
(38.973083, 29.660082, 0.0)
(38.966408, 29.649843, 0.0)
(38.981186, 29.616901, 0.0)
(38.941284, 29.601334, 0.0)
(38.942261, 29.554771, 0.0)
(38.949139, 29.595150, 0.0)
(38.953259, 29.581387, 0.0)
(38.961823, 29.565432, 0.0)
(38.969425, 29.565350, 0.0)
(38.955715, 29.554441, 0.0)
(38.925087, 29.510221, 0.0)
(36.495239, 27.453892, 0.0)
(33.916119, 25.893740, 0.0)
(33.590111, 25.795788, 0.0)
(33.543396, 25.817574, 0.0)
(33.510056, 25.806927, 0.0)
(33.447659, 25.743164, 0.0)
(32.098927, 25.643032, 0.0)
(29.813206, 25.483143, 0.0)
(29.523396, 25.447035, 0.0)
(29.468435, 25.434042, 0.0)
(29.239357, 25.466524, 0.0)
(27.349720, 25.432489, 0.0)
(26.857630, 25.415964, 0.0)
(26.790836, 25.430580, 0.0)
(26.762133, 25.419289, 0.0)
(26.737532, 25.398468, 0.0)
(26.299526, 25.603859, 0.0)
(26.217693, 25.586475, 0.0)
(26.217096, 25.574724, 0.0)
(26.181553, 25.579487, 0.0)
(26.215263, 25.584810, 0.0)
(27.293266, 25.179239, 0.0)
(27.776775, 25.092636, 0.0)
(27.852783, 25.092628, 0.0)
(27.856430, 25.096437, 0.0)
(27.826017, 25.098362, 0.0)
(27.809530, 25.139078, 0.0)
(27.803387, 25.142609, 0.0)
(27.798439, 25.174761, 0.0)
(27.802780, 25.168011, 0.0)
(30.517544, 25.049812, 0.0)
(32.654552, 25.108372, 0.0)
(32.870541, 25.093702, 0.0)
(32.944233, 25.073868, 0.0)
(32.949768, 25.069178, 0.0)
(32.974911, 25.062046, 0.0)
(32.994732, 25.044786, 0.0)
(33.003979, 25.050037, 0.0)
(30.577255, 27.601435, 0.0)
(28.830084, 29.288200, 0.0)
(28.573292, 29.428638, 0.0)
(28.419521, 29.414761, 0.0)
(28.362234, 29.450193, 0.0)
(27.760115, 29.692949, 0.0)
(27.641094, 29.712011, 0.0)
(27.616020, 29.645472, 0.0)
(27.616302, 29.665459, 0.0)
(27.619526, 29.667488, 0.0)
(27.598015, 29.657349, 0.0)
(27.592762, 29.655663, 0.0)
(27.585001, 29.647520, 0.0)
(27.574497, 29.628778, 0.0)
(27.566616, 29.641531, 0.0)
(29.063643, 28.837015, 0.0)
(31.258940, 27.863926, 0.0)
(31.430805, 27.831326, 0.0)
(31.450129, 27.813860, 0.0)
(31.457434, 27.762442, 0.0)
(31.444395, 27.738346, 0.0)
(31.442078, 27.740522, 0.0)
(31.449955, 27.730865, 0.0)
(31.454651, 27.712639, 0.0)
(31.462582, 27.737162, 0.0)
(31.485188, 27.673183, 0.0)
(31.473455, 27.672665, 0.0)
(31.477823, 27.694441, 0.0)
(31.497450, 27.714931, 0.0)
(31.492064, 27.718306, 0.0)
(31.508705, 27.718369, 0.0)
(31.508917, 27.700832, 0.0)
(31.509289, 27.696192, 0.0)
(31.522957, 27.680578, 0.0)
(31.701080, 27.716684, 0.0)
(32.724434, 27.757324, 0.0)
(32.837547, 27.709677, 0.0)
(32.892696, 27.707027, 0.0)
(32.943375, 27.716497, 0.0)
(32.965656, 27.701000, 0.0)
(33.013493, 27.944244, 0.0)
(33.026020, 29.437492, 0.0)
(33.011375, 28.899752, 0.0)
(32.982979, 28.408409, 0.0)
(32.990330, 28.335434, 0.0)
(33.040405, 29.336412, 0.0)
(33.035316, 28.586464, 0.0)
(32.993881, 28.115004, 0.0)
(33.017712, 27.873728, 0.0)
(32.987217, 27.793234, 0.0)
(32.987663, 27.725067, 0.0)
(33.000248, 27.728914, 0.0)
(33.000332, 27.730236, 0.0)
(33.020943, 27.756392, 0.0)
(33.042625, 27.789364, 0.0)
(33.043015, 27.793007, 0.0)
(33.056591, 27.805779, 0.0)
(33.392509, 27.773653, 0.0)
(35.146442, 27.515495, 0.0)
(35.286682, 27.448246, 0.0)
(35.282005, 27.407202, 0.0)
(35.309654, 27.421270, 0.0)
(35.340271, 27.427351, 0.0)
(35.331814, 27.434242, 0.0)
(35.361324, 27.438560, 0.0)
(35.565727, 27.590309, 0.0)
(38.298454, 29.894056, 0.0)
(38.593544, 30.338461, 0.0)
(38.636925, 30.365250, 0.0)
(38.573360, 30.338013, 0.0)
(38.590672, 30.281574, 0.0)
(39.020306, 30.842384, 0.0)
(39.012951, 30.822296, 0.0)
(39.004620, 30.827332, 0.0)
(39.013275, 30.846964, 0.0)
(39.022827, 30.834894, 0.0)
(39.024422, 30.820251, 0.0)
(39.015850, 30.824005, 0.0)
(39.017105, 30.793278, 0.0)
(38.999722, 30.783075, 0.0)
(38.988392, 30.772621, 0.0)
(38.985603, 30.781845, 0.0)
(38.982529, 30.772333, 0.0)
(38.969437, 30.753824, 0.0)
(38.967773, 30.758360, 0.0)
(38.967773, 30.758360, 0.0)
(38.954754, 30.756145, 0.0)
(38.954754, 30.756145, 0.0)
(38.963104, 30.739693, 0.0)
(38.956940, 30.672775, 0.0)
(38.960728, 30.643587, 0.0)
(38.947670, 30.649080, 0.0)
(38.932674, 30.649416, 0.0)
(38.903969, 30.637653, 0.0)
(38.916035, 30.648867, 0.0)
(38.888889, 30.663248, 0.0)
(38.889534, 30.651949, 0.0)
(38.882507, 30.652273, 0.0)
(38.779556, 30.975357, 0.0)
(37.617916, 29.957788, 0.0)
(37.239117, 28.616049, 0.0)
(37.251717, 27.975163, 0.0)
(37.199684, 27.636690, 0.0)
(37.195251, 27.486835, 0.0)
(37.165291, 27.388651, 0.0)
(36.509220, 26.467546, 0.0)
(34.135185, 23.778034, 0.0)
(33.144733, 23.040804, 0.0)
(33.026825, 23.033855, 0.0)
(33.012203, 23.010706, 0.0)
(32.982998, 23.007107, 0.0)
(32.961849, 22.995476, 0.0)
(32.952671, 23.009277, 0.0)
(32.937244, 23.013851, 0.0)
(32.920120, 23.027397, 0.0)
(32.869484, 23.009312, 0.0)
(32.836296, 22.998041, 0.0)
(32.595318, 23.018326, 0.0)
(32.594471, 24.102318, 0.0)
(32.646648, 23.214008, 0.0)
(32.590508, 22.834787, 0.0)
(32.655052, 22.893581, 0.0)
(32.667519, 22.970041, 0.0)
(32.699432, 23.016035, 0.0)
(32.716724, 23.045137, 0.0)
(32.700745, 23.076714, 0.0)
(32.667625, 23.083395, 0.0)
(32.667423, 23.074177, 0.0)
(32.661720, 23.080496, 0.0)
(32.661720, 23.080496, 0.0)
(32.680103, 23.073477, 0.0)
(32.666016, 23.082174, 0.0)
(32.661167, 23.083097, 0.0)
(32.676804, 23.126295, 0.0)
(32.676598, 23.128696, 0.0)
(32.687996, 23.122620, 0.0)
(32.683456, 23.096298, 0.0)
(32.694099, 23.118965, 0.0)
(34.915306, 23.722563, 0.0)
(38.010727, 24.762634, 0.0)
(40.252792, 26.243076, 0.0)
(41.347179, 27.134941, 0.0)
(41.508327, 27.171598, 0.0)
(41.531139, 27.106941, 0.0)
(41.566673, 27.094866, 0.0)
(42.182587, 27.643784, 0.0)
(42.367191, 27.796078, 0.0)
(42.383251, 27.718164, 0.0)
(42.357868, 27.688889, 0.0)
(42.332832, 27.641310, 0.0)
(42.279819, 27.593052, 0.0)
(42.222767, 27.557753, 0.0)
(42.205830, 27.531166, 0.0)
(42.189537, 27.495384, 0.0)
(42.172466, 27.470644, 0.0)
(42.106106, 27.377913, 0.0)
(42.074974, 27.365726, 0.0)
(42.073387, 27.357113, 0.0)
(42.047253, 27.347572, 0.0)
(42.029392, 27.334455, 0.0)
(42.029392, 27.334455, 0.0)
(42.020550, 27.330299, 0.0)
(42.033119, 27.320105, 0.0)
(42.049950, 27.304821, 0.0)
(42.033119, 27.320105, 0.0)
(42.037468, 27.323669, 0.0)
(42.047153, 27.308390, 0.0)
(41.360470, 27.402197, 0.0)
(38.784328, 27.561026, 0.0)
(37.549427, 27.528009, 0.0)
(37.369942, 27.484230, 0.0)
(37.365608, 27.496809, 0.0)
(37.362144, 27.479895, 0.0)
(37.373611, 27.452631, 0.0)
(37.377991, 27.461874, 0.0)
(37.374874, 27.419382, 0.0)
(37.371387, 27.415770, 0.0)
(37.191402, 26.748718, 0.0)
(38.259533, 24.430885, 0.0)
(39.118145, 23.985027, 0.0)
(39.178444, 23.909182, 0.0)
(39.182732, 23.908878, 0.0)
(40.546852, 24.462385, 0.0)
(40.826534, 24.569380, 0.0)
(40.798874, 24.468555, 0.0)
(40.747162, 24.455446, 0.0)
(40.699856, 24.397217, 0.0)
(40.681118, 24.358334, 0.0)
(40.632809, 24.293541, 0.0)
(40.588303, 24.239782, 0.0)
(40.531727, 24.203268, 0.0)
(40.518597, 24.200260, 0.0)
(40.488873, 24.221539, 0.0)
(40.443512, 24.224476, 0.0)
(40.380291, 24.047070, 0.0)
(40.357800, 24.039879, 0.0)
(40.323700, 24.010748, 0.0)
(40.297424, 23.960838, 0.0)
(40.286705, 23.964291, 0.0)
(40.283466, 23.981920, 0.0)
(40.267998, 23.997202, 0.0)
(40.257153, 23.991283, 0.0)
(40.236866, 23.950085, 0.0)
(40.225117, 23.958750, 0.0)
(40.203217, 23.947443, 0.0)
(40.203865, 23.939123, 0.0)
(40.184479, 23.971195, 0.0)
(39.474140, 24.820150, 0.0)
(37.795086, 26.194536, 0.0)
(36.350044, 26.705120, 0.0)
(36.129974, 26.702469, 0.0)
(36.100037, 26.652922, 0.0)
(36.093384, 26.658503, 0.0)
(36.087673, 26.679195, 0.0)
(36.085369, 26.673492, 0.0)
(36.075470, 26.668697, 0.0)
(36.072674, 26.653858, 0.0)
(36.066078, 26.632732, 0.0)
(36.430248, 27.065256, 0.0)
(39.892578, 30.678682, 0.0)
(41.443893, 32.700180, 0.0)
(42.116524, 33.316998, 0.0)
(42.256237, 33.281681, 0.0)
(42.240845, 33.266865, 0.0)
(42.275253, 33.184315, 0.0)
(42.141518, 33.618862, 0.0)
(42.084625, 33.686153, 0.0)
(42.051689, 33.618839, 0.0)
(42.027439, 33.589127, 0.0)
(42.007484, 33.576847, 0.0)
(41.990940, 33.527771, 0.0)
(41.969624, 33.523697, 0.0)
(41.965538, 33.527092, 0.0)
(41.955921, 33.536018, 0.0)
(41.928535, 33.499767, 0.0)
(41.932598, 33.487141, 0.0)
(41.938652, 33.468639, 0.0)
(41.934505, 33.447937, 0.0)
(41.198769, 32.342247, 0.0)
(38.821735, 28.766674, 0.0)
(36.158581, 26.292709, 0.0)
(35.550816, 25.818338, 0.0)
(35.492722, 25.854143, 0.0)
(35.475914, 25.820322, 0.0)
(35.452038, 25.798962, 0.0)
(35.437569, 25.791410, 0.0)
(35.445015, 25.811693, 0.0)
(35.427692, 25.821386, 0.0)
(35.441479, 25.849918, 0.0)
(35.444592, 25.854811, 0.0)
(35.449333, 25.842045, 0.0)
(34.729473, 25.765301, 0.0)
(31.416731, 25.494909, 0.0)
(31.072237, 25.386198, 0.0)
(31.023590, 25.344193, 0.0)
(30.990334, 25.281836, 0.0)
(30.989553, 25.272141, 0.0)
(30.984360, 25.248003, 0.0)
(30.958447, 25.215099, 0.0)
(30.970301, 25.073715, 0.0)
(30.948080, 24.987537, 0.0)
(30.939499, 24.967833, 0.0)
(30.945976, 24.939569, 0.0)
(30.945976, 24.939569, 0.0)
(30.948950, 24.930937, 0.0)
(30.948250, 24.940756, 0.0)
(30.955818, 24.936472, 0.0)
(30.943941, 24.951756, 0.0)
(30.936998, 24.964489, 0.0)
(33.962486, 26.225626, 0.0)
(35.183647, 26.748976, 0.0)
(35.241558, 26.738049, 0.0)
(35.206715, 26.730036, 0.0)
(35.153839, 26.745310, 0.0)
(34.941257, 26.897564, 0.0)
(34.209084, 27.756777, 0.0)
(33.492638, 26.960802, 0.0)
(33.102642, 26.123077, 0.0)
(33.062908, 25.655258, 0.0)
(33.058739, 25.615341, 0.0)
(31.631115, 25.149187, 0.0)
(31.236456, 25.079069, 0.0)
(31.222437, 25.105589, 0.0)
(31.202881, 25.107000, 0.0)
(31.187668, 25.120342, 0.0)
(31.179382, 25.113472, 0.0)
(31.164988, 25.095970, 0.0)
(31.153669, 25.075182, 0.0)
(31.395258, 25.282846, 0.0)
(34.751362, 29.266090, 0.0)
(35.202816, 31.557970, 0.0)
(35.120892, 31.776464, 0.0)
(34.995770, 31.850582, 0.0)
(35.005722, 31.984406, 0.0)
(35.755276, 32.971745, 0.0)
(35.818401, 33.058655, 0.0)
(35.829586, 33.035084, 0.0)
(35.803589, 33.010204, 0.0)
(35.810062, 33.035217, 0.0)
(35.810207, 33.037899, 0.0)
(35.800381, 33.048035, 0.0)
(35.797779, 33.060482, 0.0)
(35.801010, 33.095253, 0.0)
(35.778381, 33.124393, 0.0)
(35.770039, 33.145248, 0.0)
(35.774574, 33.159473, 0.0)
(35.769119, 33.176853, 0.0)
(35.762924, 33.176674, 0.0)
(35.760124, 33.201191, 0.0)
(35.752407, 33.192627, 0.0)
(35.759560, 33.208767, 0.0)
(35.906570, 32.883335, 0.0)
(37.128376, 29.587603, 0.0)
(38.307259, 26.777670, 0.0)
(38.536484, 26.461353, 0.0)
(38.576195, 26.525480, 0.0)
(38.572227, 26.481895, 0.0)
(38.574337, 26.425585, 0.0)
(38.579647, 26.429913, 0.0)
(38.593929, 26.419615, 0.0)
(38.589375, 26.399805, 0.0)
(38.596516, 26.407448, 0.0)
(38.615612, 26.449488, 0.0)
(38.623615, 26.452524, 0.0)
(38.633129, 26.455809, 0.0)
(39.079830, 26.320581, 0.0)
(41.124134, 26.114384, 0.0)
(41.775940, 26.141153, 0.0)
(41.799133, 26.094231, 0.0)
(41.780285, 26.016165, 0.0)
(41.733677, 25.863689, 0.0)
(41.874447, 25.916994, 0.0)
(41.867119, 25.905519, 0.0)
(41.821369, 25.867088, 0.0)
(41.758743, 25.800596, 0.0)
(41.735062, 25.770414, 0.0)
(41.676880, 25.660267, 0.0)
(41.656368, 25.602192, 0.0)
(41.656368, 25.602192, 0.0)
(41.624462, 25.598557, 0.0)
(41.558109, 25.562353, 0.0)
(41.544510, 25.564526, 0.0)
(41.548111, 25.536827, 0.0)
(41.536591, 25.526371, 0.0)
(41.548931, 25.524647, 0.0)
(41.540615, 25.535223, 0.0)
(41.526821, 25.521059, 0.0)
(41.534031, 25.516764, 0.0)
(41.515854, 25.457714, 0.0)
(41.509846, 25.408155, 0.0)
(40.379642, 25.078875, 0.0)
(37.645275, 24.661278, 0.0)
(35.080444, 24.944704, 0.0)
(33.490234, 25.192884, 0.0)
(33.384201, 25.221745, 0.0)
(33.388958, 25.168522, 0.0)
(33.366783, 25.113352, 0.0)
(33.330059, 25.072699, 0.0)
(33.343987, 25.075552, 0.0)
(33.329865, 25.076195, 0.0)
(33.323277, 25.080511, 0.0)
(33.320576, 25.091860, 0.0)
(33.321861, 25.067966, 0.0)
(33.429321, 25.178127, 0.0)
(37.648262, 28.718302, 0.0)
(40.179325, 30.386189, 0.0)
(41.074856, 30.417204, 0.0)
(41.212933, 30.423704, 0.0)
(41.235973, 30.376471, 0.0)
(41.256508, 30.377686, 0.0)
(41.628307, 30.845156, 0.0)
(41.694748, 30.890123, 0.0)
(41.733021, 30.903587, 0.0)
(41.733021, 30.903587, 0.0)
(41.733963, 30.910757, 0.0)
(41.736923, 30.904816, 0.0)
(41.703045, 30.871426, 0.0)
(41.668041, 30.843956, 0.0)
(41.645710, 30.862701, 0.0)
(41.642719, 30.857143, 0.0)
(41.635677, 30.860687, 0.0)
(41.642719, 30.857143, 0.0)
(41.642719, 30.857143, 0.0)
(41.635677, 30.849012, 0.0)
(41.635677, 30.849012, 0.0)
(41.646702, 30.857456, 0.0)
(41.397102, 30.673241, 0.0)
(41.389015, 30.633287, 0.0)
(41.418232, 30.632101, 0.0)
(41.421463, 30.646154, 0.0)
(41.418232, 30.632101, 0.0)
(41.421463, 30.646154, 0.0)
(41.421463, 30.646154, 0.0)
(41.416645, 30.656410, 0.0)
(41.405468, 30.661139, 0.0)
(41.421852, 30.653679, 0.0)
(41.405411, 30.668308, 0.0)
(41.403549, 30.631073, 0.0)
(41.400196, 30.634212, 0.0)
(41.406734, 30.645178, 0.0)
(41.375286, 30.651272, 0.0)
(39.475231, 30.392439, 0.0)
(36.168922, 30.401953, 0.0)
(33.728710, 31.353600, 0.0)
(33.167549, 31.593044, 0.0)
(33.047916, 31.582041, 0.0)
(32.984104, 31.582565, 0.0)
(33.142685, 31.857166, 0.0)
(33.416790, 32.566219, 0.0)
(33.407864, 32.688637, 0.0)
(33.381416, 32.726501, 0.0)
(33.380783, 32.779045, 0.0)
(33.371639, 32.859039, 0.0)
(33.354271, 32.936993, 0.0)
(33.396435, 32.927357, 0.0)
(33.373714, 32.953472, 0.0)
(33.370377, 32.967411, 0.0)
(33.319324, 33.017254, 0.0)
(33.344734, 33.020893, 0.0)
(33.328995, 33.008747, 0.0)
(33.311993, 33.013737, 0.0)
(33.305897, 33.040176, 0.0)
(33.321373, 33.044033, 0.0)
(33.321373, 33.044033, 0.0)
(33.323174, 33.032169, 0.0)
(33.315529, 33.030239, 0.0)
(32.778378, 31.845015, 0.0)
(32.592209, 29.565033, 0.0)
(32.522518, 28.432709, 0.0)
(32.459934, 27.983418, 0.0)
(32.415989, 27.746056, 0.0)
(32.395374, 27.648546, 0.0)
(32.363174, 27.552553, 0.0)
(32.342739, 27.490252, 0.0)
(32.352882, 27.436911, 0.0)
(32.348900, 27.401873, 0.0)
(32.355976, 27.414692, 0.0)
(32.349819, 27.359856, 0.0)
(32.305508, 27.365461, 0.0)
(33.766384, 25.183220, 0.0)
(35.532330, 23.327944, 0.0)
(35.811302, 22.914919, 0.0)
(35.817856, 22.874514, 0.0)
(35.813667, 22.865904, 0.0)
(36.344742, 22.707001, 0.0)
(36.546074, 22.685120, 0.0)
(36.566196, 22.692923, 0.0)
(36.512390, 22.693781, 0.0)
(36.511768, 22.694878, 0.0)
(36.516087, 22.721497, 0.0)
(36.516087, 22.721497, 0.0)
(36.516087, 22.721497, 0.0)
(36.525940, 22.731840, 0.0)
(36.541100, 22.756317, 0.0)
(36.539730, 22.761307, 0.0)
(36.541142, 22.767378, 0.0)
(36.541142, 22.767378, 0.0)
(36.534195, 22.776157, 0.0)
(36.542793, 22.730194, 0.0)
(36.535065, 22.697889, 0.0)
(36.522068, 22.700121, 0.0)
(36.528877, 22.696604, 0.0)
(36.539742, 22.725792, 0.0)
(36.534313, 22.728392, 0.0)
(36.539551, 22.731554, 0.0)
(36.512627, 22.718781, 0.0)
(36.518105, 22.716248, 0.0)
(36.503414, 22.715708, 0.0)
(36.504993, 22.739468, 0.0)
(36.489182, 22.735521, 0.0)
(36.503849, 22.736237, 0.0)
(36.495335, 22.752888, 0.0)
(36.488480, 22.733742, 0.0)
(36.483955, 22.764488, 0.0)
(36.473614, 22.803474, 0.0)
(36.461044, 22.800123, 0.0)
(36.402313, 22.929111, 0.0)
(34.026421, 25.935181, 0.0)
(31.631058, 28.634012, 0.0)
(30.130941, 29.435125, 0.0)
(29.865561, 29.453920, 0.0)
(29.771637, 29.460047, 0.0)
(29.680983, 29.455732, 0.0)
(29.656195, 29.500669, 0.0)
(29.611601, 29.468369, 0.0)
(29.596861, 29.448172, 0.0)
(29.604242, 29.430298, 0.0)
(29.590239, 29.433945, 0.0)
(29.599205, 29.392616, 0.0)
(29.567265, 29.386305, 0.0)
(29.370161, 29.488565, 0.0)
(28.992071, 30.810759, 0.0)
(29.237043, 30.648817, 0.0)
(29.393948, 30.379852, 0.0)
(29.393387, 30.025200, 0.0)
(29.397024, 29.746208, 0.0)
(29.398609, 29.593904, 0.0)
(29.402596, 29.534241, 0.0)
(29.378235, 29.455046, 0.0)
(29.342800, 29.373838, 0.0)
(29.362322, 29.376196, 0.0)
(29.361536, 29.367674, 0.0)
(29.367683, 29.353998, 0.0)
(29.368067, 29.342924, 0.0)
(29.360102, 29.338236, 0.0)
(29.350773, 29.327045, 0.0)
(29.375269, 29.323982, 0.0)
(29.370655, 29.306435, 0.0)
(29.356937, 29.298666, 0.0)
(29.352270, 29.210358, 0.0)
(29.347450, 29.204266, 0.0)
(29.349213, 29.149879, 0.0)
(29.357590, 29.139662, 0.0)
(29.361435, 29.127382, 0.0)
(32.760437, 28.355326, 0.0)
(36.490757, 28.010771, 0.0)
(39.352600, 28.022926, 0.0)
(40.474846, 28.193289, 0.0)
(40.656788, 28.187651, 0.0)
(40.663456, 28.040987, 0.0)
(40.685524, 28.011274, 0.0)
(40.617455, 27.951866, 0.0)
(40.164242, 28.438408, 0.0)
(40.490910, 28.195211, 0.0)
(40.317009, 27.132963, 0.0)
(40.324459, 27.027491, 0.0)
(40.343716, 27.110468, 0.0)
(40.360916, 27.180437, 0.0)
(40.371712, 27.218573, 0.0)
(40.381958, 27.203392, 0.0)
(40.394436, 27.171055, 0.0)
(40.396019, 27.155119, 0.0)
(40.398865, 27.168655, 0.0)
(40.379086, 27.166391, 0.0)
(40.400024, 27.237061, 0.0)
(40.402035, 27.250517, 0.0)
(40.444038, 27.285061, 0.0)
(40.442764, 27.305634, 0.0)
(40.453033, 27.263254, 0.0)
(40.453140, 27.244688, 0.0)
(40.456200, 27.229639, 0.0)
(40.497086, 27.265522, 0.0)
(40.467388, 27.262859, 0.0)
(40.482990, 27.256332, 0.0)
(40.503887, 27.257294, 0.0)
(40.511936, 27.256241, 0.0)
(40.513569, 27.257328, 0.0)
(40.494186, 27.237171, 0.0)
(40.495338, 27.231047, 0.0)
(39.609303, 26.676088, 0.0)
(37.238079, 25.008654, 0.0)
(37.103268, 24.865005, 0.0)
(37.079166, 24.808687, 0.0)
(37.053307, 24.784370, 0.0)
(37.015099, 24.587114, 0.0)
(36.919323, 24.341545, 0.0)
(36.912865, 24.322758, 0.0)
(36.912865, 24.322758, 0.0)
(36.923519, 24.223269, 0.0)
(36.904243, 24.201189, 0.0)
(36.922009, 24.216604, 0.0)
(36.925339, 24.222466, 0.0)
(36.920856, 24.161507, 0.0)
(36.925194, 24.148880, 0.0)
(36.913223, 24.130331, 0.0)
(36.908787, 24.117340, 0.0)
(36.913021, 24.124659, 0.0)
(36.780727, 24.174042, 0.0)
(36.630226, 24.527575, 0.0)
(36.870155, 25.094685, 0.0)
(36.703297, 24.138351, 0.0)
(36.640903, 23.938877, 0.0)
(36.652191, 24.008316, 0.0)
(36.676235, 24.083250, 0.0)
(36.676022, 24.105726, 0.0)
(36.680798, 24.120447, 0.0)
(36.700577, 24.139486, 0.0)
(36.714859, 24.142324, 0.0)
(36.696983, 24.129093, 0.0)
(36.686302, 24.146660, 0.0)
(36.700420, 24.195250, 0.0)
(36.697273, 24.212202, 0.0)
(36.693069, 24.225836, 0.0)
(36.695393, 24.231701, 0.0)
(36.696918, 24.224463, 0.0)
(36.694878, 24.231121, 0.0)
(36.696133, 24.212543, 0.0)
(34.676086, 25.893637, 0.0)
(32.389614, 27.784843, 0.0)
(32.039536, 27.907457, 0.0)
(31.974010, 27.842979, 0.0)
(31.944342, 27.837862, 0.0)
(31.437536, 28.113928, 0.0)
(31.288572, 28.176605, 0.0)
(31.227554, 28.129267, 0.0)
(31.057003, 29.051403, 0.0)
(0.000000, 0.000000, 1.0)
(0.000000, 0.000000, 1.0)
(31.151514, 29.580038, 0.0)
(31.122963, 29.019516, 0.0)
(31.087973, 28.570919, 0.0)
(31.108028, 28.373333, 0.0)
(31.081957, 28.263412, 0.0)
(31.090033, 28.197880, 0.0)
(31.084997, 28.195923, 0.0)
(31.096071, 28.219345, 0.0)
(31.080591, 28.218496, 0.0)
(31.096191, 28.238918, 0.0)
(31.092594, 28.244839, 0.0)
(31.081427, 28.216972, 0.0)
(31.090248, 28.177504, 0.0)
(31.088758, 28.155876, 0.0)
(31.088820, 28.167534, 0.0)
(31.114485, 28.145758, 0.0)
(31.118521, 28.166370, 0.0)
(31.116055, 28.178770, 0.0)
(31.113722, 28.215895, 0.0)
(31.126295, 28.247528, 0.0)
(31.151340, 28.281118, 0.0)
(31.154045, 28.354628, 0.0)
(31.193695, 28.323540, 0.0)
(31.209499, 28.303814, 0.0)
(31.216499, 28.318531, 0.0)
(33.014408, 28.121126, 0.0)
(36.633869, 27.862062, 0.0)
(37.046783, 27.924282, 0.0)
(37.120350, 27.882074, 0.0)
(37.107178, 27.805239, 0.0)
(37.086845, 27.702986, 0.0)
(37.149509, 29.089178, 0.0)
(37.156525, 28.413263, 0.0)
(37.129181, 27.750967, 0.0)
(37.106228, 27.389072, 0.0)
(37.139240, 27.304506, 0.0)
(37.161755, 27.327789, 0.0)
(37.200985, 27.360212, 0.0)
(37.222324, 27.409706, 0.0)
(37.221470, 27.413099, 0.0)
(37.183651, 27.390463, 0.0)
(37.183563, 27.372719, 0.0)
(37.187679, 27.404900, 0.0)
(37.183475, 27.424355, 0.0)
(37.119202, 28.340513, 0.0)
(37.141365, 28.796127, 0.0)
(37.171585, 27.936033, 0.0)
(37.111622, 27.430010, 0.0)
(37.122971, 27.262289, 0.0)
(37.115036, 27.251987, 0.0)
(37.112362, 27.250463, 0.0)
(37.112450, 27.226944, 0.0)
(37.099773, 27.262543, 0.0)
(37.096283, 27.307316, 0.0)
(37.102703, 27.340374, 0.0)
(37.111794, 27.350317, 0.0)
(37.116619, 27.358242, 0.0)
(37.121292, 27.372774, 0.0)
(37.141541, 27.331484, 0.0)
(37.138969, 27.311485, 0.0)
(37.601238, 27.033934, 0.0)
(39.780006, 26.123024, 0.0)
(40.949348, 26.176876, 0.0)
(41.166214, 26.217981, 0.0)
(41.252464, 26.162563, 0.0)
(41.253288, 26.135870, 0.0)
(41.240036, 26.084751, 0.0)
(41.233639, 26.029919, 0.0)
(41.205006, 25.978125, 0.0)
(41.180000, 25.945992, 0.0)
(41.143986, 25.922749, 0.0)
(41.125389, 25.904142, 0.0)
(41.251297, 26.035784, 0.0)
(41.231243, 26.046230, 0.0)
(41.188103, 26.002851, 0.0)
(41.136250, 25.932894, 0.0)
(41.124073, 25.933649, 0.0)
(41.130173, 25.931873, 0.0)
(41.100578, 25.911022, 0.0)
(41.100578, 25.885538, 0.0)
(41.096817, 25.895035, 0.0)
(41.098839, 25.922606, 0.0)
(40.827778, 26.071842, 0.0)
(38.454685, 26.591892, 0.0)
(37.019199, 26.921236, 0.0)
(36.863316, 26.931755, 0.0)
(36.839123, 26.917049, 0.0)
(36.826942, 26.878288, 0.0)
(36.820568, 26.903496, 0.0)
(36.810856, 26.941454, 0.0)
(36.792522, 26.984026, 0.0)
(36.752838, 26.968685, 0.0)
(36.753136, 26.984018, 0.0)
(36.745968, 26.971121, 0.0)
(36.754108, 26.965578, 0.0)
(36.765690, 26.983671, 0.0)
(36.777187, 27.006769, 0.0)
(36.783871, 27.028099, 0.0)
(36.764641, 27.076527, 0.0)
(34.655182, 28.175409, 0.0)
(31.706671, 30.116844, 0.0)
(29.625471, 31.033293, 0.0)
(28.731688, 31.343590, 0.0)
(28.590130, 31.336977, 0.0)
(28.529440, 31.294916, 0.0)
(28.485792, 31.303423, 0.0)
(28.440809, 31.298029, 0.0)
(28.400160, 31.301229, 0.0)
(28.389709, 31.302351, 0.0)
(28.365307, 31.306494, 0.0)
(28.340729, 31.304777, 0.0)
(28.330561, 31.312796, 0.0)
(28.326710, 31.327160, 0.0)
(28.305901, 31.266851, 0.0)
(28.309969, 31.260376, 0.0)
(28.304264, 31.259518, 0.0)
(28.304911, 31.257504, 0.0)
(28.314051, 31.276905, 0.0)
(28.352680, 31.940132, 0.0)
(28.292591, 31.990210, 0.0)
(28.241989, 31.964636, 0.0)
(28.227926, 31.963882, 0.0)
(28.226049, 31.982595, 0.0)
(28.191566, 32.002186, 0.0)
(28.200788, 32.035870, 0.0)
(28.210653, 32.017719, 0.0)
(28.213253, 31.994780, 0.0)
(28.234783, 32.002201, 0.0)
(28.706587, 31.501518, 0.0)
(31.593647, 29.708944, 0.0)
(32.353069, 29.365927, 0.0)
(32.474747, 29.296198, 0.0)
(32.491245, 29.292585, 0.0)
(32.498348, 29.269781, 0.0)
(32.535160, 29.268761, 0.0)
(32.545811, 29.271381, 0.0)
(34.540844, 29.575571, 0.0)
(36.812332, 29.933401, 0.0)
(36.964993, 29.810183, 0.0)
(36.981152, 29.724148, 0.0)
(36.983875, 29.707693, 0.0)
(37.003479, 29.681761, 0.0)
(37.016205, 29.686905, 0.0)
(37.025116, 29.679274, 0.0)
(37.045498, 29.674671, 0.0)
(37.058594, 29.660183, 0.0)
(37.061649, 29.652592, 0.0)
(37.071358, 29.656092, 0.0)
(37.094120, 29.654411, 0.0)
(37.072697, 29.640158, 0.0)
(37.108627, 29.628756, 0.0)
(37.116756, 29.614223, 0.0)
(37.118320, 29.618605, 0.0)
(37.121006, 29.637270, 0.0)
(37.122509, 29.623968, 0.0)
(37.118114, 29.649057, 0.0)
(37.111252, 29.667664, 0.0)
(37.331974, 29.718016, 0.0)
(37.604065, 29.750900, 0.0)
(37.610126, 29.677477, 0.0)
(37.612953, 29.699385, 0.0)
(37.625618, 29.737196, 0.0)
(37.629349, 29.751957, 0.0)
(37.626507, 29.757298, 0.0)
(37.636406, 29.771040, 0.0)
(37.636894, 29.784315, 0.0)
(37.640270, 29.805878, 0.0)
(37.619373, 29.819780, 0.0)
(37.605789, 29.836468, 0.0)
(37.606476, 29.839844, 0.0)
(37.609673, 29.847343, 0.0)
(37.605206, 29.834856, 0.0)
(37.616940, 29.824852, 0.0)
(37.601471, 29.835810, 0.0)
(37.594875, 29.830936, 0.0)
(39.366802, 32.010887, 0.0)
(40.251682, 33.137558, 0.0)
(40.281330, 33.153122, 0.0)
(40.266033, 33.159882, 0.0)
(40.224659, 33.081528, 0.0)
(40.224045, 33.490833, 0.0)
(40.224510, 33.738968, 0.0)
(40.180389, 33.642925, 0.0)
(40.133762, 33.639347, 0.0)
(40.123608, 33.650143, 0.0)
(40.081760, 33.721172, 0.0)
(40.075264, 33.697647, 0.0)
(40.046959, 33.724663, 0.0)
(40.013832, 33.682632, 0.0)
(39.970421, 33.685696, 0.0)
(39.945820, 33.672180, 0.0)
(39.943317, 33.654915, 0.0)
(39.921654, 33.635658, 0.0)
(39.917164, 33.616009, 0.0)
(39.906879, 33.599998, 0.0)
(39.898060, 33.571781, 0.0)
(39.897415, 33.577576, 0.0)
(39.893051, 33.588779, 0.0)
(39.871258, 33.539410, 0.0)
(39.813160, 33.496834, 0.0)
(39.790241, 33.512436, 0.0)
(39.780804, 33.526989, 0.0)
(39.761471, 33.511341, 0.0)
(39.743549, 33.531624, 0.0)
(39.732891, 33.520157, 0.0)
(39.733356, 33.530315, 0.0)
(39.723125, 33.506958, 0.0)
(39.719097, 33.516739, 0.0)
(39.719822, 33.503815, 0.0)
(39.712490, 33.515591, 0.0)
(39.711632, 33.510113, 0.0)
(39.695927, 33.495018, 0.0)
(39.695000, 33.481663, 0.0)
(39.692394, 33.489841, 0.0)
(39.694439, 33.491882, 0.0)
(39.690578, 33.510475, 0.0)
(39.703789, 33.475555, 0.0)
(39.715118, 33.512978, 0.0)
(39.716602, 33.486206, 0.0)
(39.693611, 33.461796, 0.0)
(39.694744, 33.461021, 0.0)
(39.705921, 33.480709, 0.0)
(39.706696, 33.488033, 0.0)
(39.701359, 33.513584, 0.0)
(39.718914, 33.533810, 0.0)
(39.689808, 33.514259, 0.0)
(39.688103, 33.554947, 0.0)
(39.705120, 33.578384, 0.0)
(39.689102, 33.586788, 0.0)
(39.679562, 33.588367, 0.0)
(39.685734, 33.586052, 0.0)
(39.687618, 33.575245, 0.0)
(39.675259, 33.597919, 0.0)
(39.676170, 33.603291, 0.0)
(39.682396, 33.595341, 0.0)
(39.666973, 33.605171, 0.0)
(39.678883, 33.593811, 0.0)
(39.676170, 33.603291, 0.0)
(39.688877, 33.596165, 0.0)
(39.700016, 33.592636, 0.0)
(39.669022, 33.565311, 0.0)
(39.671684, 33.575596, 0.0)
(39.676170, 33.603291, 0.0)
(39.676041, 33.618324, 0.0)
(39.669964, 33.616695, 0.0)
(39.672092, 33.637177, 0.0)
(39.657192, 33.638992, 0.0)
(39.668404, 33.612885, 0.0)
(39.679226, 33.570713, 0.0)
(39.683048, 33.546112, 0.0)
(39.682861, 33.511852, 0.0)
(39.701992, 33.498089, 0.0)
(39.700039, 33.511478, 0.0)
(39.706230, 33.511856, 0.0)
(39.712269, 33.527065, 0.0)
(39.704144, 33.559727, 0.0)
(39.697269, 33.572418, 0.0)
(39.701435, 33.579033, 0.0)
(39.709595, 33.573162, 0.0)
(39.697880, 33.590847, 0.0)
(39.786449, 33.578243, 0.0)
(39.789818, 33.566925, 0.0)
(39.779827, 33.675415, 0.0)
