{
  "prompt": "black pupil.",
  "gsam2_centers": [
    {
      "valid": true,
      "cx": 106.91,
      "cy": 103.09,
      "area": 263,
      "det_score": 0.285,
      "sam_score": 0.9308,
      "box": [
        98.5,
        91.4,
        117.4,
        115.2
      ],
      "repeats": [
        [
          107.17,
          102.89
        ],
        [
          107.34,
          102.93
        ],
        [
          107.28,
          102.86
        ],
        [
          107.51,
          102.53
        ],
        [
          108.47,
          102.84
        ]
      ],
      "idx": 305,
      "mislabel": false,
      "mislabel_reason": "ok",
      "e_unet": 0.38
    },
    {
      "valid": true,
      "cx": 107.1,
      "cy": 102.8,
      "area": 267,
      "det_score": 0.2945,
      "sam_score": 0.9287,
      "box": [
        98.5,
        91.3,
        117.6,
        115.2
      ],
      "repeats": [
        [
          107.12,
          102.77
        ],
        [
          107.3,
          102.76
        ],
        [
          107.29,
          102.62
        ],
        [
          107.35,
          102.56
        ],
        [
          108.43,
          102.79
        ]
      ],
      "idx": 306,
      "mislabel": false,
      "mislabel_reason": "ok",
      "e_unet": 0.42
    },
    {
      "valid": true,
      "cx": 107.01,
      "cy": 102.79,
      "area": 268,
      "det_score": 0.3034,
      "sam_score": 0.9268,
      "box": [
        98.5,
        90.9,
        117.4,
        114.8
      ],
      "repeats": [
        [
          107.11,
          102.63
        ],
        [
          107.14,
          102.92
        ],
        [
          107.23,
          102.67
        ],
        [
          107.46,
          102.4
        ],
        [
          108.52000000000001,
          102.49
        ]
      ],
      "idx": 307,
      "mislabel": false,
      "mislabel_reason": "ok",
      "e_unet": 0.35
    },
    {
      "valid": true,
      "cx": 107.24,
      "cy": 102.45,
      "area": 272,
      "det_score": 0.2996,
      "sam_score": 0.9272,
      "box": [
        98.5,
        90.8,
        117.7,
        114.8
      ],
      "repeats": [
        [
          107.18,
          102.4
        ],
        [
          107.27,
          102.68
        ],
        [
          107.29,
          102.57
        ],
        [
          107.44,
          102.24
        ],
        [
          108.47999999999999,
          102.39
        ]
      ],
      "idx": 308,
      "mislabel": false,
      "mislabel_reason": "ok",
      "e_unet": 0.54
    },
    {
      "valid": true,
      "cx": 107.16,
      "cy": 102.31,
      "area": 266,
      "det_score": 0.2739,
      "sam_score": 0.9221,
      "box": [
        98.2,
        90.4,
        117.7,
        114.6
      ],
      "repeats": [
        [
          107.14,
          102.34
        ],
        [
          107.22,
          102.72
        ],
        [
          107.31,
          102.51
        ],
        [
          107.56,
          101.98
        ],
        [
          108.59,
          102.29
        ]
      ],
      "idx": 309,
      "mislabel": false,
      "mislabel_reason": "ok",
      "e_unet": 0.37
    },
    {
      "valid": true,
      "cx": 107.29,
      "cy": 102.26,
      "area": 270,
      "det_score": 0.2885,
      "sam_score": 0.9275,
      "box": [
        98.4,
        90.3,
        117.9,
        114.6
      ],
      "repeats": [
        [
          107.14,
          102.34
        ],
        [
          107.31,
          102.57
        ],
        [
          107.22,
          102.56
        ],
        [
          107.52,
          102.06
        ],
        [
          108.59,
          102.28
        ]
      ],
      "idx": 310,
      "mislabel": false,
      "mislabel_reason": "ok",
      "e_unet": 0.49
    },
    {
      "valid": true,
      "cx": 107.27,
      "cy": 102.34,
      "area": 265,
      "det_score": 0.2766,
      "sam_score": 0.9313,
      "box": [
        98.4,
        90.6,
        117.8,
        114.7
      ],
      "repeats": [
        [
          107.22,
          102.29
        ],
        [
          107.32,
          102.68
        ],
        [
          107.33,
          102.53
        ],
        [
          107.58,
          102.15
        ],
        [
          108.63,
          102.27
        ]
      ],
      "idx": 311,
      "mislabel": false,
      "mislabel_reason": "ok",
      "e_unet": 0.51
    },
    {
      "valid": true,
      "cx": 107.23,
      "cy": 102.37,
      "area": 269,
      "det_score": 0.2827,
      "sam_score": 0.9255,
      "box": [
        98.3,
        90.3,
        117.9,
        114.6
      ],
      "repeats": [
        [
          107.34,
          102.26
        ],
        [
          107.46,
          102.51
        ],
        [
          107.36,
          102.49
        ],
        [
          107.69,
          101.93
        ],
        [
          108.72,
          102.21
        ]
      ],
      "idx": 312,
      "mislabel": false,
      "mislabel_reason": "ok",
      "e_unet": 0.47
    },
    {
      "valid": true,
      "cx": 107.33,
      "cy": 102.32,
      "area": 266,
      "det_score": 0.279,
      "sam_score": 0.9285,
      "box": [
        98.4,
        90.4,
        118.0,
        114.7
      ],
      "repeats": [
        [
          107.38,
          102.32
        ],
        [
          107.43,
          102.56
        ],
        [
          107.37,
          102.48
        ],
        [
          107.66,
          102.05
        ],
        [
          108.66999999999999,
          102.32
        ]
      ],
      "idx": 313,
      "mislabel": false,
      "mislabel_reason": "ok",
      "e_unet": 0.53
    },
    {
      "valid": true,
      "cx": 107.45,
      "cy": 102.34,
      "area": 263,
      "det_score": 0.28,
      "sam_score": 0.9303,
      "box": [
        98.6,
        90.5,
        118.2,
        114.5
      ],
      "repeats": [
        [
          107.61,
          102.2
        ],
        [
          107.56,
          102.4
        ],
        [
          107.56,
          102.32
        ],
        [
          107.79,
          102.02
        ],
        [
          108.78999999999999,
          102.28
        ]
      ],
      "idx": 314,
      "mislabel": false,
      "mislabel_reason": "ok",
      "e_unet": 0.61
    },
    {
      "valid": true,
      "cx": 107.45,
      "cy": 102.26,
      "area": 266,
      "det_score": 0.2906,
      "sam_score": 0.9292,
      "box": [
        98.7,
        90.2,
        118.0,
        114.6
      ],
      "repeats": [
        [
          107.45,
          102.28
        ],
        [
          107.53,
          102.5
        ],
        [
          107.47,
          102.43
        ],
        [
          107.78,
          101.97
        ],
        [
          108.69,
          102.29
        ]
      ],
      "idx": 315,
      "mislabel": false,
      "mislabel_reason": "ok",
      "e_unet": 0.6
    }
  ]
}