{
  "prompt": "black pupil.",
  "gsam2_centers": [
    {
      "valid": true,
      "cx": 182.48,
      "cy": 134.53,
      "area": 1522,
      "det_score": 0.4662,
      "sam_score": 0.9754,
      "box": [
        159.3,
        112.6,
        207.4,
        156.4
      ],
      "repeats": [
        [
          182.56,
          134.38
        ],
        [
          182.49,
          134.62
        ],
        [
          182.59,
          134.47
        ],
        [
          182.54,
          134.43
        ],
        [
          183.54,
          134.56
        ]
      ],
      "idx": 305,
      "mislabel": false,
      "mislabel_reason": "ok",
      "e_unet": 0.76
    },
    {
      "valid": true,
      "cx": 182.62,
      "cy": 134.4,
      "area": 1527,
      "det_score": 0.4285,
      "sam_score": 0.9755,
      "box": [
        159.4,
        112.3,
        207.7,
        156.2
      ],
      "repeats": [
        [
          182.78,
          134.18
        ],
        [
          182.7,
          134.42000000000002
        ],
        [
          182.8,
          134.20999999999998
        ],
        [
          182.79,
          134.19
        ],
        [
          183.75,
          134.4
        ]
      ],
      "idx": 306,
      "mislabel": false,
      "mislabel_reason": "ok",
      "e_unet": 0.85
    },
    {
      "valid": true,
      "cx": 182.96,
      "cy": 133.98000000000002,
      "area": 1506,
      "det_score": 0.4439,
      "sam_score": 0.9742,
      "box": [
        159.6,
        112.3,
        207.8,
        155.8
      ],
      "repeats": [
        [
          182.98,
          133.93
        ],
        [
          182.96,
          134.03
        ],
        [
          183.0,
          133.95
        ],
        [
          183.02,
          133.88
        ],
        [
          184.12,
          133.97
        ]
      ],
      "idx": 307,
      "mislabel": false,
      "mislabel_reason": "ok",
      "e_unet": 0.61
    },
    {
      "valid": true,
      "cx": 180.53,
      "cy": 133.56,
      "area": 1490,
      "det_score": 0.3664,
      "sam_score": 0.9767,
      "box": [
        157.4,
        112.2,
        205.4,
        154.9
      ],
      "repeats": [
        [
          180.66,
          133.43
        ],
        [
          180.52,
          133.61
        ],
        [
          180.61,
          133.5
        ],
        [
          180.69,
          133.39
        ],
        [
          181.55,
          133.62
        ]
      ],
      "idx": 308,
      "mislabel": false,
      "mislabel_reason": "ok",
      "e_unet": 0.8
    },
    {
      "valid": true,
      "cx": 151.03,
      "cy": 129.75,
      "area": 1120,
      "det_score": 0.3413,
      "sam_score": 0.9734,
      "box": [
        131.3,
        110.2,
        172.1,
        149.5
      ],
      "repeats": [
        [
          150.95,
          129.69
        ],
        [
          151.24,
          129.78
        ],
        [
          151.26999999999998,
          129.65
        ],
        [
          151.29000000000002,
          129.65
        ],
        [
          152.11,
          129.87
        ]
      ],
      "idx": 309,
      "mislabel": false,
      "mislabel_reason": "ok",
      "e_unet": 0.71
    },
    {
      "valid": true,
      "cx": 139.16,
      "cy": 131.5,
      "area": 889,
      "det_score": 0.3352,
      "sam_score": 0.973,
      "box": [
        121.6,
        112.2,
        158.1,
        151.1
      ],
      "repeats": [
        [
          139.16,
          131.38
        ],
        [
          139.17000000000002,
          131.55
        ],
        [
          139.17000000000002,
          131.49
        ],
        [
          139.17000000000002,
          131.45999999999998
        ],
        [
          140.19,
          131.57
        ]
      ],
      "idx": 310,
      "mislabel": false,
      "mislabel_reason": "ok",
      "e_unet": 0.43
    },
    {
      "valid": true,
      "cx": 138.5,
      "cy": 132.0,
      "area": 866,
      "det_score": 0.344,
      "sam_score": 0.9714,
      "box": [
        121.2,
        112.8,
        157.1,
        151.7
      ],
      "repeats": [
        [
          138.43,
          132.01
        ],
        [
          138.59,
          132.03
        ],
        [
          138.51999999999998,
          132.01
        ],
        [
          138.6,
          131.93
        ],
        [
          139.55,
          132.1
        ]
      ],
      "idx": 311,
      "mislabel": false,
      "mislabel_reason": "ok",
      "e_unet": 0.59
    },
    {
      "valid": true,
      "cx": 138.64,
      "cy": 132.32999999999998,
      "area": 843,
      "det_score": 0.2957,
      "sam_score": 0.9716,
      "box": [
        121.8,
        113.3,
        156.9,
        151.7
      ],
      "repeats": [
        [
          138.59,
          132.26999999999998
        ],
        [
          138.67000000000002,
          132.4
        ],
        [
          138.68,
          132.3
        ],
        [
          138.73000000000002,
          132.22
        ],
        [
          139.55,
          132.49
        ]
      ],
      "idx": 312,
      "mislabel": false,
      "mislabel_reason": "ok",
      "e_unet": 0.6
    },
    {
      "valid": true,
      "cx": 138.79000000000002,
      "cy": 132.31,
      "area": 826,
      "det_score": 0.3047,
      "sam_score": 0.9722,
      "box": [
        122.1,
        113.5,
        156.9,
        151.5
      ],
      "repeats": [
        [
          138.7,
          132.26
        ],
        [
          138.72,
          132.39
        ],
        [
          138.74,
          132.28
        ],
        [
          138.78,
          132.20999999999998
        ],
        [
          139.84,
          132.34
        ]
      ],
      "idx": 313,
      "mislabel": false,
      "mislabel_reason": "ok",
      "e_unet": 0.7
    },
    {
      "valid": true,
      "cx": 139.32,
      "cy": 132.5,
      "area": 827,
      "det_score": 0.347,
      "sam_score": 0.9699,
      "box": [
        122.7,
        113.6,
        157.4,
        151.6
      ],
      "repeats": [
        [
          139.3,
          132.49
        ],
        [
          139.37,
          132.49
        ],
        [
          139.38,
          132.48000000000002
        ],
        [
          139.42000000000002,
          132.31
        ],
        [
          140.39,
          132.54000000000002
        ]
      ],
      "idx": 314,
      "mislabel": false,
      "mislabel_reason": "ok",
      "e_unet": 0.71
    },
    {
      "valid": true,
      "cx": 136.04000000000002,
      "cy": 134.1,
      "area": 785,
      "det_score": 0.3404,
      "sam_score": 0.9697,
      "box": [
        119.8,
        115.2,
        153.9,
        153.1
      ],
      "repeats": [
        [
          136.18,
          133.85
        ],
        [
          136.16,
          134.04000000000002
        ],
        [
          136.15,
          133.9
        ],
        [
          136.22,
          133.82999999999998
        ],
        [
          137.32,
          133.95999999999998
        ]
      ],
      "idx": 315,
      "mislabel": false,
      "mislabel_reason": "ok",
      "e_unet": 0.82
    }
  ]
}