{
  "prompt": "black pupil.",
  "gsam2_centers": [
    {
      "valid": true,
      "cx": 150.23000000000002,
      "cy": 139.42,
      "area": 841,
      "det_score": 0.4266,
      "sam_score": 0.9667,
      "box": [
        135.6,
        120.6,
        166.3,
        159.0
      ],
      "repeats": [
        [
          150.18,
          139.33
        ],
        [
          150.26,
          139.41
        ],
        [
          150.22,
          139.42
        ],
        [
          150.29000000000002,
          139.29
        ],
        [
          151.32,
          139.39
        ]
      ],
      "idx": 705,
      "mislabel": false,
      "mislabel_reason": "ok",
      "e_unet": 0.62
    },
    {
      "valid": true,
      "cx": 150.26,
      "cy": 139.38,
      "area": 835,
      "det_score": 0.3814,
      "sam_score": 0.9671,
      "box": [
        135.8,
        121.1,
        166.6,
        158.8
      ],
      "repeats": [
        [
          150.35,
          139.23
        ],
        [
          150.36,
          139.35
        ],
        [
          150.36,
          139.23
        ],
        [
          150.44,
          139.13
        ],
        [
          151.55,
          139.33
        ]
      ],
      "idx": 706,
      "mislabel": false,
      "mislabel_reason": "ok",
      "e_unet": 0.39
    },
    {
      "valid": true,
      "cx": 150.26999999999998,
      "cy": 139.44,
      "area": 832,
      "det_score": 0.3975,
      "sam_score": 0.965,
      "box": [
        135.9,
        120.8,
        166.6,
        158.8
      ],
      "repeats": [
        [
          150.35,
          139.33
        ],
        [
          150.34,
          139.55
        ],
        [
          150.38,
          139.39
        ],
        [
          150.51999999999998,
          139.3
        ],
        [
          151.58,
          139.4
        ]
      ],
      "idx": 707,
      "mislabel": false,
      "mislabel_reason": "ok",
      "e_unet": 0.48
    },
    {
      "valid": true,
      "cx": 150.36,
      "cy": 139.49,
      "area": 837,
      "det_score": 0.3906,
      "sam_score": 0.9642,
      "box": [
        135.9,
        121.1,
        166.7,
        158.9
      ],
      "repeats": [
        [
          150.37,
          139.34
        ],
        [
          150.43,
          139.56
        ],
        [
          150.41,
          139.53
        ],
        [
          150.47,
          139.24
        ],
        [
          151.57,
          139.39
        ]
      ],
      "idx": 708,
      "mislabel": false,
      "mislabel_reason": "ok",
      "e_unet": 0.54
    },
    {
      "valid": true,
      "cx": 150.5,
      "cy": 139.18,
      "area": 841,
      "det_score": 0.4233,
      "sam_score": 0.9649,
      "box": [
        135.7,
        121.4,
        166.9,
        158.7
      ],
      "repeats": [
        [
          150.47,
          139.08
        ],
        [
          150.55,
          139.38
        ],
        [
          150.5,
          139.23
        ],
        [
          150.6,
          139.05
        ],
        [
          151.64,
          139.2
        ]
      ],
      "idx": 709,
      "mislabel": false,
      "mislabel_reason": "ok",
      "e_unet": 0.52
    },
    {
      "valid": true,
      "cx": 150.57999999999998,
      "cy": 139.03,
      "area": 847,
      "det_score": 0.3972,
      "sam_score": 0.964,
      "box": [
        135.6,
        120.3,
        166.9,
        158.7
      ],
      "repeats": [
        [
          150.48000000000002,
          139.03
        ],
        [
          150.59,
          139.06
        ],
        [
          150.57,
          139.01
        ],
        [
          150.62,
          138.97
        ],
        [
          151.74,
          139.04
        ]
      ],
      "idx": 710,
      "mislabel": false,
      "mislabel_reason": "ok",
      "e_unet": 0.62
    },
    {
      "valid": true,
      "cx": 150.65,
      "cy": 138.85,
      "area": 858,
      "det_score": 0.406,
      "sam_score": 0.9639,
      "box": [
        135.8,
        119.7,
        167.1,
        158.6
      ],
      "repeats": [
        [
          150.57,
          138.8
        ],
        [
          150.62,
          138.94
        ],
        [
          150.63,
          138.91
        ],
        [
          150.66,
          138.68
        ],
        [
          151.74,
          138.84
        ]
      ],
      "idx": 711,
      "mislabel": false,
      "mislabel_reason": "ok",
      "e_unet": 0.66
    },
    {
      "valid": true,
      "cx": 150.81,
      "cy": 138.57,
      "area": 866,
      "det_score": 0.4086,
      "sam_score": 0.9658,
      "box": [
        135.7,
        119.3,
        167.2,
        158.3
      ],
      "repeats": [
        [
          150.76,
          138.57
        ],
        [
          150.84,
          138.71
        ],
        [
          150.84,
          138.69
        ],
        [
          150.91,
          138.49
        ],
        [
          151.95,
          138.62
        ]
      ],
      "idx": 712,
      "mislabel": false,
      "mislabel_reason": "ok",
      "e_unet": 0.57
    },
    {
      "valid": true,
      "cx": 150.91,
      "cy": 138.47,
      "area": 877,
      "det_score": 0.4056,
      "sam_score": 0.9667,
      "box": [
        135.6,
        119.2,
        167.5,
        158.3
      ],
      "repeats": [
        [
          150.93,
          138.42
        ],
        [
          150.95,
          138.56
        ],
        [
          150.9,
          138.53
        ],
        [
          151.01999999999998,
          138.38
        ],
        [
          152.1,
          138.49
        ]
      ],
      "idx": 713,
      "mislabel": false,
      "mislabel_reason": "ok",
      "e_unet": 0.5
    },
    {
      "valid": true,
      "cx": 149.0,
      "cy": 138.26,
      "area": 861,
      "det_score": 0.3722,
      "sam_score": 0.9606,
      "box": [
        134.0,
        118.9,
        165.0,
        157.9
      ],
      "repeats": [
        [
          148.95,
          138.16
        ],
        [
          149.06,
          138.33
        ],
        [
          149.03,
          138.22
        ],
        [
          149.17000000000002,
          138.01
        ],
        [
          150.14,
          138.31
        ]
      ],
      "idx": 714,
      "mislabel": false,
      "mislabel_reason": "ok",
      "e_unet": 0.36
    },
    {
      "valid": true,
      "cx": 146.89,
      "cy": 137.42000000000002,
      "area": 862,
      "det_score": 0.3438,
      "sam_score": 0.9599,
      "box": [
        132.2,
        118.1,
        162.7,
        157.4
      ],
      "repeats": [
        [
          146.82999999999998,
          137.26999999999998
        ],
        [
          146.91,
          137.5
        ],
        [
          146.89,
          137.36
        ],
        [
          146.97,
          137.28
        ],
        [
          148.01,
          137.34
        ]
      ],
      "idx": 715,
      "mislabel": false,
      "mislabel_reason": "ok",
      "e_unet": 0.55
    }
  ]
}