{
  "prompt": "black pupil.",
  "gsam2_centers": [
    {
      "valid": true,
      "cx": 219.0,
      "cy": 131.18,
      "area": 773,
      "det_score": 0.5,
      "sam_score": 0.9587,
      "box": [
        203.8,
        115.3,
        237.1,
        147.9
      ],
      "repeats": [
        [
          219.3,
          130.98000000000002
        ],
        [
          219.2,
          131.20999999999998
        ],
        [
          219.18,
          131.19
        ],
        [
          219.42,
          131.09
        ],
        [
          220.07,
          131.38
        ]
      ],
      "idx": 1605,
      "mislabel": false,
      "mislabel_reason": "ok",
      "e_unet": 1.34
    },
    {
      "valid": true,
      "cx": 219.32,
      "cy": 130.32999999999998,
      "area": 859,
      "det_score": 0.4478,
      "sam_score": 0.9604,
      "box": [
        203.4,
        112.5,
        236.9,
        148.3
      ],
      "repeats": [
        [
          219.34,
          130.26999999999998
        ],
        [
          219.44,
          130.37
        ],
        [
          219.42,
          130.3
        ],
        [
          219.41,
          130.23000000000002
        ],
        [
          220.12,
          130.68
        ]
      ],
      "idx": 1606,
      "mislabel": false,
      "mislabel_reason": "ok",
      "e_unet": 1.66
    },
    {
      "valid": true,
      "cx": 219.12,
      "cy": 130.28,
      "area": 861,
      "det_score": 0.482,
      "sam_score": 0.9632,
      "box": [
        203.1,
        112.5,
        236.6,
        148.2
      ],
      "repeats": [
        [
          219.25,
          130.22
        ],
        [
          219.25,
          130.29000000000002
        ],
        [
          219.2,
          130.29000000000002
        ],
        [
          219.33,
          130.18
        ],
        [
          220.09,
          130.38
        ]
      ],
      "idx": 1607,
      "mislabel": false,
      "mislabel_reason": "ok",
      "e_unet": 1.07
    },
    {
      "valid": true,
      "cx": 219.01,
      "cy": 130.34,
      "area": 865,
      "det_score": 0.4324,
      "sam_score": 0.9605,
      "box": [
        203.1,
        112.4,
        236.9,
        148.1
      ],
      "repeats": [
        [
          219.14,
          130.11
        ],
        [
          219.22,
          130.2
        ],
        [
          219.1,
          130.23000000000002
        ],
        [
          219.35,
          130.07
        ],
        [
          220.07,
          130.36
        ]
      ],
      "idx": 1608,
      "mislabel": false,
      "mislabel_reason": "ok",
      "e_unet": 1.28
    },
    {
      "valid": true,
      "cx": 219.01,
      "cy": 130.04000000000002,
      "area": 867,
      "det_score": 0.4264,
      "sam_score": 0.9596,
      "box": [
        203.1,
        112.2,
        236.8,
        147.9
      ],
      "repeats": [
        [
          219.22,
          129.85
        ],
        [
          219.29,
          129.95
        ],
        [
          219.35,
          129.89
        ],
        [
          219.35,
          129.8
        ],
        [
          220.04000000000002,
          130.06
        ]
      ],
      "idx": 1609,
      "mislabel": false,
      "mislabel_reason": "ok",
      "e_unet": 1.23
    },
    {
      "valid": true,
      "cx": 219.25,
      "cy": 129.70999999999998,
      "area": 865,
      "det_score": 0.4531,
      "sam_score": 0.9595,
      "box": [
        203.2,
        111.8,
        236.9,
        147.7
      ],
      "repeats": [
        [
          219.26,
          129.65
        ],
        [
          219.32,
          129.74
        ],
        [
          219.31,
          129.68
        ],
        [
          219.34,
          129.6
        ],
        [
          220.06,
          129.86
        ]
      ],
      "idx": 1610,
      "mislabel": false,
      "mislabel_reason": "ok",
      "e_unet": 1.24
    },
    {
      "valid": true,
      "cx": 219.24,
      "cy": 129.51,
      "area": 870,
      "det_score": 0.4388,
      "sam_score": 0.9606,
      "box": [
        203.2,
        111.6,
        236.8,
        147.6
      ],
      "repeats": [
        [
          219.23,
          129.44
        ],
        [
          219.22,
          129.62
        ],
        [
          219.2,
          129.54000000000002
        ],
        [
          219.32,
          129.43
        ],
        [
          220.03,
          129.76999999999998
        ]
      ],
      "idx": 1611,
      "mislabel": false,
      "mislabel_reason": "ok",
      "e_unet": 1.23
    },
    {
      "valid": true,
      "cx": 219.2,
      "cy": 129.51,
      "area": 876,
      "det_score": 0.4229,
      "sam_score": 0.9606,
      "box": [
        203.0,
        111.4,
        237.1,
        147.7
      ],
      "repeats": [
        [
          219.18,
          129.44
        ],
        [
          219.22,
          129.63
        ],
        [
          219.18,
          129.57999999999998
        ],
        [
          219.32,
          129.39
        ],
        [
          220.03,
          129.75
        ]
      ],
      "idx": 1612,
      "mislabel": false,
      "mislabel_reason": "ok",
      "e_unet": 1.3
    },
    {
      "valid": true,
      "cx": 218.98,
      "cy": 129.69,
      "area": 889,
      "det_score": 0.4002,
      "sam_score": 0.9587,
      "box": [
        202.8,
        111.7,
        237.3,
        147.7
      ],
      "repeats": [
        [
          219.12,
          129.49
        ],
        [
          219.28,
          129.63
        ],
        [
          219.23,
          129.61
        ],
        [
          219.29,
          129.41
        ],
        [
          220.01,
          129.74
        ]
      ],
      "idx": 1613,
      "mislabel": false,
      "mislabel_reason": "ok",
      "e_unet": 1.39
    },
    {
      "valid": true,
      "cx": 218.86,
      "cy": 129.70999999999998,
      "area": 891,
      "det_score": 0.4326,
      "sam_score": 0.9593,
      "box": [
        202.8,
        111.6,
        237.3,
        147.7
      ],
      "repeats": [
        [
          219.09,
          129.51
        ],
        [
          219.19,
          129.54000000000002
        ],
        [
          219.16,
          129.56
        ],
        [
          219.28,
          129.41
        ],
        [
          219.88,
          129.61
        ]
      ],
      "idx": 1614,
      "mislabel": false,
      "mislabel_reason": "ok",
      "e_unet": 1.59
    },
    {
      "valid": true,
      "cx": 218.92,
      "cy": 129.59,
      "area": 896,
      "det_score": 0.4498,
      "sam_score": 0.9606,
      "box": [
        202.8,
        111.4,
        237.3,
        147.6
      ],
      "repeats": [
        [
          219.06,
          129.37
        ],
        [
          219.22,
          129.43
        ],
        [
          219.13,
          129.42000000000002
        ],
        [
          219.2,
          129.34
        ],
        [
          219.9,
          129.57999999999998
        ]
      ],
      "idx": 1615,
      "mislabel": false,
      "mislabel_reason": "ok",
      "e_unet": 1.4
    }
  ]
}