{
  "prompt": "black pupil.",
  "gsam2_centers": [
    {
      "valid": true,
      "cx": 222.61,
      "cy": 152.34,
      "area": 1668,
      "det_score": 0.4341,
      "sam_score": 0.9738,
      "box": [
        200.6,
        127.5,
        246.2,
        176.9
      ],
      "repeats": [
        [
          222.61,
          152.28
        ],
        [
          222.65,
          152.41
        ],
        [
          222.67,
          152.39
        ],
        [
          222.66,
          152.33
        ],
        [
          223.82999999999998,
          152.37
        ]
      ],
      "idx": 1605,
      "mislabel": false,
      "mislabel_reason": "ok",
      "e_unet": 1.03
    },
    {
      "valid": true,
      "cx": 222.74,
      "cy": 152.56,
      "area": 1667,
      "det_score": 0.4405,
      "sam_score": 0.9743,
      "box": [
        200.6,
        127.5,
        246.3,
        176.9
      ],
      "repeats": [
        [
          222.74,
          152.5
        ],
        [
          222.76,
          152.57
        ],
        [
          222.76,
          152.51
        ],
        [
          222.73,
          152.46
        ],
        [
          223.86,
          152.45
        ]
      ],
      "idx": 1606,
      "mislabel": false,
      "mislabel_reason": "ok",
      "e_unet": 1.16
    },
    {
      "valid": true,
      "cx": 222.85,
      "cy": 152.57,
      "area": 1672,
      "det_score": 0.4447,
      "sam_score": 0.9736,
      "box": [
        200.6,
        127.5,
        246.7,
        177.0
      ],
      "repeats": [
        [
          222.8,
          152.55
        ],
        [
          222.86,
          152.59
        ],
        [
          222.87,
          152.55
        ],
        [
          222.88,
          152.58
        ],
        [
          223.92000000000002,
          152.57
        ]
      ],
      "idx": 1607,
      "mislabel": false,
      "mislabel_reason": "ok",
      "e_unet": 1.06
    },
    {
      "valid": true,
      "cx": 222.94,
      "cy": 152.69,
      "area": 1681,
      "det_score": 0.4195,
      "sam_score": 0.974,
      "box": [
        200.7,
        127.6,
        246.8,
        177.1
      ],
      "repeats": [
        [
          222.92,
          152.62
        ],
        [
          222.94,
          152.65
        ],
        [
          222.94,
          152.65
        ],
        [
          222.97,
          152.67
        ],
        [
          224.01999999999998,
          152.63
        ]
      ],
      "idx": 1608,
      "mislabel": false,
      "mislabel_reason": "ok",
      "e_unet": 1.1
    },
    {
      "valid": true,
      "cx": 223.03,
      "cy": 152.76,
      "area": 1687,
      "det_score": 0.4305,
      "sam_score": 0.9734,
      "box": [
        200.7,
        127.6,
        247.0,
        177.2
      ],
      "repeats": [
        [
          223.0,
          152.71
        ],
        [
          223.03,
          152.75
        ],
        [
          223.03,
          152.73
        ],
        [
          223.07,
          152.72
        ],
        [
          224.12,
          152.75
        ]
      ],
      "idx": 1609,
      "mislabel": false,
      "mislabel_reason": "ok",
      "e_unet": 1.08
    },
    {
      "valid": true,
      "cx": 223.16,
      "cy": 152.67,
      "area": 1694,
      "det_score": 0.4192,
      "sam_score": 0.9738,
      "box": [
        200.8,
        127.5,
        247.0,
        177.2
      ],
      "repeats": [
        [
          223.15,
          152.67
        ],
        [
          223.17,
          152.69
        ],
        [
          223.17,
          152.68
        ],
        [
          223.17,
          152.64
        ],
        [
          224.29000000000002,
          152.68
        ]
      ],
      "idx": 1610,
      "mislabel": false,
      "mislabel_reason": "ok",
      "e_unet": 1.03
    },
    {
      "valid": true,
      "cx": 221.8,
      "cy": 157.07,
      "area": 1700,
      "det_score": 0.5026,
      "sam_score": 0.9727,
      "box": [
        199.3,
        131.8,
        245.9,
        181.4
      ],
      "repeats": [
        [
          221.79,
          157.03
        ],
        [
          221.8,
          157.07
        ],
        [
          221.81,
          157.03
        ],
        [
          221.81,
          157.02
        ],
        [
          222.93,
          157.0
        ]
      ],
      "idx": 1611,
      "mislabel": false,
      "mislabel_reason": "ok",
      "e_unet": 1.76
    },
    {
      "valid": true,
      "cx": 221.97,
      "cy": 157.32,
      "area": 1700,
      "det_score": 0.4687,
      "sam_score": 0.9733,
      "box": [
        199.4,
        132.2,
        246.0,
        181.8
      ],
      "repeats": [
        [
          222.0,
          157.26
        ],
        [
          221.98,
          157.38
        ],
        [
          222.01,
          157.3
        ],
        [
          222.02,
          157.26
        ],
        [
          223.12,
          157.27
        ]
      ],
      "idx": 1612,
      "mislabel": false,
      "mislabel_reason": "ok",
      "e_unet": 1.4
    },
    {
      "valid": true,
      "cx": 222.09,
      "cy": 157.21,
      "area": 1695,
      "det_score": 0.4747,
      "sam_score": 0.9748,
      "box": [
        199.5,
        132.2,
        246.0,
        181.6
      ],
      "repeats": [
        [
          222.06,
          157.26
        ],
        [
          222.06,
          157.25
        ],
        [
          222.11,
          157.26
        ],
        [
          222.11,
          157.17
        ],
        [
          223.25,
          157.13
        ]
      ],
      "idx": 1613,
      "mislabel": false,
      "mislabel_reason": "ok",
      "e_unet": 1.32
    },
    {
      "valid": true,
      "cx": 222.26,
      "cy": 157.17,
      "area": 1683,
      "det_score": 0.4693,
      "sam_score": 0.9748,
      "box": [
        199.6,
        132.3,
        246.2,
        181.5
      ],
      "repeats": [
        [
          222.25,
          157.18
        ],
        [
          222.3,
          157.22
        ],
        [
          222.31,
          157.17
        ],
        [
          222.3,
          157.14
        ],
        [
          223.37,
          157.16
        ]
      ],
      "idx": 1614,
      "mislabel": false,
      "mislabel_reason": "ok",
      "e_unet": 1.34
    },
    {
      "valid": true,
      "cx": 222.27,
      "cy": 157.1,
      "area": 1681,
      "det_score": 0.4697,
      "sam_score": 0.9751,
      "box": [
        199.7,
        132.1,
        246.3,
        181.4
      ],
      "repeats": [
        [
          222.25,
          157.06
        ],
        [
          222.29,
          157.11
        ],
        [
          222.28,
          157.09
        ],
        [
          222.28,
          157.04
        ],
        [
          223.41,
          157.11
        ]
      ],
      "idx": 1615,
      "mislabel": false,
      "mislabel_reason": "ok",
      "e_unet": 1.33
    }
  ]
}