{
  "prompt": "black pupil.",
  "gsam2_centers": [
    {
      "valid": true,
      "cx": 138.51,
      "cy": 99.1,
      "area": 569,
      "det_score": 0.356,
      "sam_score": 0.9564,
      "box": [
        125.2,
        84.9,
        152.6,
        113.5
      ],
      "repeats": [
        [
          138.47,
          99.04
        ],
        [
          138.57999999999998,
          99.22
        ],
        [
          138.57,
          99.14
        ],
        [
          138.57,
          99.05
        ],
        [
          139.59,
          99.08
        ]
      ],
      "idx": 607,
      "mislabel": false,
      "mislabel_reason": "ok",
      "e_unet": 1.25
    },
    {
      "valid": true,
      "cx": 148.09,
      "cy": 98.06,
      "area": 601,
      "det_score": 0.3935,
      "sam_score": 0.9627,
      "box": [
        134.7,
        83.9,
        163.0,
        112.6
      ],
      "repeats": [
        [
          148.03,
          97.93
        ],
        [
          148.16,
          98.07
        ],
        [
          148.09,
          98.0
        ],
        [
          148.16,
          97.83
        ],
        [
          149.16,
          97.95
        ]
      ],
      "idx": 608,
      "mislabel": false,
      "mislabel_reason": "ok",
      "e_unet": 1.42
    },
    {
      "valid": true,
      "cx": 149.01999999999998,
      "cy": 97.74,
      "area": 582,
      "det_score": 0.4123,
      "sam_score": 0.9653,
      "box": [
        136.0,
        83.6,
        163.7,
        112.3
      ],
      "repeats": [
        [
          148.94,
          97.76
        ],
        [
          149.16,
          97.81
        ],
        [
          149.13,
          97.76
        ],
        [
          149.23000000000002,
          97.65
        ],
        [
          150.26,
          97.7
        ]
      ],
      "idx": 609,
      "mislabel": false,
      "mislabel_reason": "ok",
      "e_unet": 1.12
    },
    {
      "valid": true,
      "cx": 150.04000000000002,
      "cy": 97.53,
      "area": 596,
      "det_score": 0.385,
      "sam_score": 0.9621,
      "box": [
        136.7,
        83.6,
        164.6,
        112.1
      ],
      "repeats": [
        [
          149.98000000000002,
          97.4
        ],
        [
          150.07,
          97.59
        ],
        [
          150.1,
          97.52
        ],
        [
          150.12,
          97.34
        ],
        [
          151.28,
          97.53
        ]
      ],
      "idx": 610,
      "mislabel": false,
      "mislabel_reason": "ok",
      "e_unet": 1.23
    },
    {
      "valid": true,
      "cx": 151.13,
      "cy": 97.38,
      "area": 604,
      "det_score": 0.3698,
      "sam_score": 0.9628,
      "box": [
        137.9,
        83.5,
        165.9,
        112.1
      ],
      "repeats": [
        [
          151.11,
          97.21
        ],
        [
          151.19,
          97.46
        ],
        [
          151.20999999999998,
          97.35
        ],
        [
          151.20999999999998,
          97.2
        ],
        [
          152.34,
          97.39
        ]
      ],
      "idx": 611,
      "mislabel": false,
      "mislabel_reason": "ok",
      "e_unet": 1.08
    },
    {
      "valid": true,
      "cx": 151.85,
      "cy": 97.4,
      "area": 597,
      "det_score": 0.4083,
      "sam_score": 0.9645,
      "box": [
        138.5,
        83.5,
        166.6,
        112.1
      ],
      "repeats": [
        [
          151.89,
          97.35
        ],
        [
          151.93,
          97.49
        ],
        [
          151.93,
          97.44
        ],
        [
          151.94,
          97.33
        ],
        [
          153.07,
          97.39
        ]
      ],
      "idx": 612,
      "mislabel": false,
      "mislabel_reason": "ok",
      "e_unet": 1.32
    },
    {
      "valid": true,
      "cx": 152.55,
      "cy": 97.52,
      "area": 591,
      "det_score": 0.4081,
      "sam_score": 0.9647,
      "box": [
        139.0,
        83.4,
        167.1,
        112.0
      ],
      "repeats": [
        [
          152.51999999999998,
          97.48
        ],
        [
          152.54000000000002,
          97.53
        ],
        [
          152.51999999999998,
          97.5
        ],
        [
          152.57,
          97.46
        ],
        [
          153.62,
          97.54
        ]
      ],
      "idx": 613,
      "mislabel": false,
      "mislabel_reason": "ok",
      "e_unet": 1.19
    }
  ]
}