(32.992569, 21.661539, 0.0)
(33.713764, 21.774408, 0.0)
(33.662315, 21.260597, 0.0)
(33.553864, 21.014336, 0.0)
(33.548138, 20.962574, 0.0)
(33.641685, 21.019398, 0.0)
(33.713863, 20.995024, 0.0)
(33.801559, 20.950819, 0.0)
(33.877583, 20.949209, 0.0)
(33.972210, 20.921684, 0.0)
(34.049976, 20.883827, 0.0)
(34.080326, 20.866068, 0.0)
(34.124611, 20.849911, 0.0)
(34.126255, 20.786661, 0.0)
(34.157997, 20.794950, 0.0)
(34.197773, 20.825806, 0.0)
(34.210991, 20.841026, 0.0)
(34.233086, 20.859819, 0.0)
(34.225922, 20.847979, 0.0)
(34.225922, 20.847979, 0.0)
(34.213348, 20.825174, 0.0)
(34.222843, 20.802830, 0.0)
(34.204586, 20.813137, 0.0)
(34.196404, 20.808939, 0.0)
(34.206478, 20.813150, 0.0)
(34.005810, 20.615709, 0.0)
(33.979980, 20.576981, 0.0)
(33.958359, 20.581329, 0.0)
(33.944756, 20.617371, 0.0)
(33.928146, 20.613850, 0.0)
(33.941380, 20.624643, 0.0)
(33.927574, 20.562262, 0.0)
(33.904659, 20.541487, 0.0)
(33.906136, 20.586916, 0.0)
(33.883041, 20.616482, 0.0)
(33.868462, 20.617424, 0.0)
(33.871696, 20.648592, 0.0)
(33.879696, 20.664370, 0.0)
(33.798061, 20.636112, 0.0)
(33.814537, 20.605877, 0.0)
(33.788876, 20.602543, 0.0)
(33.792095, 20.618412, 0.0)
(33.803616, 20.596191, 0.0)
(33.813721, 20.629419, 0.0)
(33.819180, 20.676529, 0.0)
(33.794743, 20.703629, 0.0)
(33.794189, 20.724775, 0.0)
(33.801109, 20.730947, 0.0)
(33.800117, 20.704611, 0.0)
(33.806938, 20.646013, 0.0)
(33.826839, 20.634693, 0.0)
(33.827091, 20.619005, 0.0)
(33.833939, 20.614717, 0.0)
(33.837013, 20.631609, 0.0)
(33.835976, 20.663313, 0.0)
(33.836811, 20.705400, 0.0)
(33.587143, 20.798857, 0.0)
(33.902466, 21.035753, 0.0)
(33.946342, 20.581810, 0.0)
(34.056190, 20.671963, 0.0)
(34.184422, 20.773342, 0.0)
(34.221626, 20.813133, 0.0)
(34.217438, 20.796314, 0.0)
(34.237988, 20.770576, 0.0)
(34.111427, 20.943502, 0.0)
(34.102062, 20.999935, 0.0)
(34.107162, 20.994295, 0.0)
(34.085178, 20.991690, 0.0)
(34.095142, 21.014559, 0.0)
(34.105625, 21.045008, 0.0)
(34.125862, 21.032822, 0.0)
(34.109028, 21.015285, 0.0)
(34.111076, 20.995121, 0.0)
(34.116550, 20.950109, 0.0)
(34.132149, 20.949184, 0.0)
(34.132721, 20.918432, 0.0)
(34.118557, 20.910769, 0.0)
(34.119488, 20.897099, 0.0)
(34.123943, 20.862183, 0.0)
(34.149925, 20.838018, 0.0)
(34.155399, 20.819433, 0.0)
(34.152420, 20.834034, 0.0)
(34.165192, 20.831305, 0.0)
(34.161610, 20.860266, 0.0)
(34.161259, 20.878551, 0.0)
(34.165157, 20.889095, 0.0)
(34.163639, 20.898502, 0.0)
(34.161659, 20.883677, 0.0)
(34.188271, 20.880110, 0.0)
(34.202812, 20.906561, 0.0)
(34.195477, 20.890127, 0.0)
(34.202499, 20.904816, 0.0)
(34.194469, 20.881741, 0.0)
(34.210197, 20.931591, 0.0)
(34.197956, 20.940474, 0.0)
(34.207798, 20.923811, 0.0)
(34.211372, 20.921608, 0.0)
(34.218826, 20.940319, 0.0)
(34.203316, 20.934500, 0.0)
(34.188915, 20.941870, 0.0)
(34.191643, 20.946327, 0.0)
(34.184326, 20.960463, 0.0)
(34.186947, 20.958189, 0.0)
(34.191727, 20.977900, 0.0)
(34.203186, 20.963615, 0.0)
(34.219654, 20.947657, 0.0)
(34.204922, 20.957567, 0.0)
(34.170204, 20.915251, 0.0)
(34.152756, 20.923786, 0.0)
(34.159325, 20.906809, 0.0)
(34.138615, 20.881760, 0.0)
(34.125591, 20.917133, 0.0)
(34.125587, 20.932896, 0.0)
(34.123734, 20.946638, 0.0)
(34.293694, 21.023010, 0.0)
(34.312538, 21.029993, 0.0)
(34.311871, 21.017778, 0.0)
(34.295959, 20.995918, 0.0)
(34.288811, 20.962521, 0.0)
(34.302532, 20.975302, 0.0)
(34.306698, 20.998446, 0.0)
(34.312420, 20.998560, 0.0)
(34.309319, 21.020262, 0.0)
(34.333115, 21.078562, 0.0)
(34.281406, 21.159006, 0.0)
(34.281406, 21.159006, 0.0)
(34.293411, 21.163525, 0.0)
(34.304371, 21.132778, 0.0)
(34.283768, 21.109203, 0.0)
(34.291649, 21.083267, 0.0)
(34.293064, 21.147308, 0.0)
(34.295055, 21.160999, 0.0)
(34.286098, 21.182375, 0.0)
(34.288528, 21.190844, 0.0)
(34.263840, 21.208160, 0.0)
(34.260963, 21.168409, 0.0)
(34.140556, 21.117214, 0.0)
(34.133499, 21.104301, 0.0)
(34.134399, 21.093868, 0.0)
(34.138535, 21.092360, 0.0)
(34.134377, 21.093302, 0.0)
(34.125946, 21.087585, 0.0)
(34.133774, 21.076923, 0.0)
(34.137810, 21.079067, 0.0)
(34.271667, 21.058792, 0.0)
(34.447445, 21.036657, 0.0)
(34.442844, 20.994904, 0.0)
(34.416386, 20.959864, 0.0)
(34.404919, 20.939592, 0.0)
(34.405796, 20.942581, 0.0)
(34.400787, 20.940351, 0.0)
(34.392918, 20.916456, 0.0)
(34.401096, 20.940296, 0.0)
(34.391476, 20.950298, 0.0)
(34.384525, 20.904083, 0.0)
(34.386158, 20.866512, 0.0)
(34.388184, 20.844151, 0.0)
(34.413517, 20.831953, 0.0)
(34.415260, 20.815336, 0.0)
(34.403736, 20.793293, 0.0)
(34.369122, 20.826601, 0.0)
(35.690430, 18.977350, 0.0)
(36.835976, 18.271074, 0.0)
(36.896774, 18.305452, 0.0)
(36.850983, 18.310928, 0.0)
(36.846172, 18.282475, 0.0)
(36.835979, 18.262814, 0.0)
(36.832508, 18.180992, 0.0)
(36.819439, 18.202324, 0.0)
(36.787556, 18.201214, 0.0)
(36.787891, 18.189644, 0.0)
(36.813404, 18.245255, 0.0)
(36.806732, 18.253899, 0.0)
(35.196121, 19.357920, 0.0)
(34.990044, 19.748322, 0.0)
(34.973648, 19.739508, 0.0)
(34.948792, 19.702011, 0.0)
(37.000534, 21.465801, 0.0)
(40.512505, 25.425877, 0.0)
(41.504627, 26.671009, 0.0)
(41.523045, 26.771534, 0.0)
(41.474895, 26.721930, 0.0)
(41.442291, 26.746672, 0.0)
(41.446220, 26.707088, 0.0)
(41.701134, 27.170269, 0.0)
(41.714584, 27.314766, 0.0)
(41.663353, 27.287384, 0.0)
(41.615768, 27.237196, 0.0)
(41.572254, 27.216452, 0.0)
(41.549416, 27.245058, 0.0)
(41.536694, 27.325497, 0.0)
(41.497139, 27.393921, 0.0)
(41.497139, 27.393921, 0.0)
(41.497139, 27.393921, 0.0)
(41.503906, 27.383114, 0.0)
(41.487743, 27.359455, 0.0)
(41.512733, 27.383396, 0.0)
(41.512733, 27.383396, 0.0)
(41.512733, 27.383396, 0.0)
(41.517269, 27.397167, 0.0)
(41.500664, 27.382032, 0.0)
(41.514366, 27.403305, 0.0)
(41.510979, 27.398863, 0.0)
(41.516289, 27.345947, 0.0)
(41.512863, 27.351433, 0.0)
(41.491890, 27.309933, 0.0)
(41.495182, 27.304510, 0.0)
(41.494884, 27.265860, 0.0)
(41.472099, 27.243164, 0.0)
(41.466919, 27.222511, 0.0)
(41.464790, 27.216179, 0.0)
(41.457294, 27.209778, 0.0)
(39.677200, 22.756516, 0.0)
(40.105343, 19.880825, 0.0)
(40.994759, 19.171377, 0.0)
(41.053940, 19.336668, 0.0)
(40.968597, 19.310141, 0.0)
(40.964413, 19.286747, 0.0)
(41.407936, 19.000547, 0.0)
(41.478203, 18.943417, 0.0)
(41.543667, 18.978462, 0.0)
(41.513912, 18.952696, 0.0)
(41.522419, 18.978939, 0.0)
(41.500706, 18.926905, 0.0)
(0.000000, 0.000000, 1.0)
(0.000000, 0.000000, 1.0)
(0.000000, 0.000000, 1.0)
(0.000000, 0.000000, 1.0)
(0.000000, 0.000000, 1.0)
(0.000000, 0.000000, 1.0)
(0.000000, 0.000000, 1.0)
(0.000000, 0.000000, 1.0)
(0.000000, 0.000000, 1.0)
(0.000000, 0.000000, 1.0)
(0.000000, 0.000000, 1.0)
(0.000000, 0.000000, 1.0)
(41.339245, 18.766243, 0.0)
(41.322193, 18.746191, 0.0)
(41.307678, 18.754900, 0.0)
(41.327354, 18.788271, 0.0)
(41.320580, 18.785025, 0.0)
(41.333138, 18.795004, 0.0)
(41.329479, 18.826666, 0.0)
(41.353497, 18.853374, 0.0)
(41.341042, 18.791100, 0.0)
(41.323723, 18.806742, 0.0)
(41.282703, 18.729467, 0.0)
(41.310459, 18.796936, 0.0)
(38.041927, 17.027184, 0.0)
(33.020557, 16.515463, 0.0)
(28.846243, 17.566267, 0.0)
(27.971256, 17.895866, 0.0)
(27.903549, 17.800859, 0.0)
(27.896677, 17.743750, 0.0)
(27.701797, 18.073336, 0.0)
(25.716064, 22.733164, 0.0)
(25.307377, 25.270851, 0.0)
(25.518965, 26.326271, 0.0)
(25.526367, 26.256884, 0.0)
(25.498447, 26.201387, 0.0)
(25.451159, 26.215385, 0.0)
(25.446789, 26.249731, 0.0)
(25.452236, 26.247398, 0.0)
(25.985594, 26.639053, 0.0)
(25.990721, 26.660749, 0.0)
(25.953672, 26.577877, 0.0)
(25.957611, 26.610641, 0.0)
(25.953514, 26.610867, 0.0)
(25.924580, 26.564522, 0.0)
(25.890625, 26.562504, 0.0)
(25.904133, 26.512611, 0.0)
(25.621750, 26.165289, 0.0)
(25.572994, 23.584862, 0.0)
(25.623293, 20.251623, 0.0)
(25.628576, 19.395794, 0.0)
(25.567196, 19.377174, 0.0)
(25.498686, 19.377623, 0.0)
(25.481352, 19.370810, 0.0)
(25.469343, 19.352245, 0.0)
(25.444902, 19.345543, 0.0)
(25.434288, 19.291674, 0.0)
(25.448332, 19.292627, 0.0)
(25.421549, 19.290936, 0.0)
(25.421719, 19.296890, 0.0)
(25.421394, 19.308519, 0.0)
(25.305225, 18.234449, 0.0)
(25.297668, 17.723078, 0.0)
(25.279802, 17.733683, 0.0)
(25.274651, 17.726967, 0.0)
(25.256470, 17.712543, 0.0)
(25.237375, 17.795570, 0.0)
(25.259233, 17.830334, 0.0)
(25.238863, 17.823044, 0.0)
(25.251186, 17.825417, 0.0)
(25.233952, 17.813765, 0.0)
(25.223515, 17.818743, 0.0)
(25.203726, 17.824118, 0.0)
(25.199310, 17.809391, 0.0)
(25.206917, 17.799801, 0.0)
(25.405190, 17.687986, 0.0)
(26.714947, 17.060394, 0.0)
(26.803925, 17.005087, 0.0)
(26.756897, 16.989119, 0.0)
(26.776342, 16.981134, 0.0)
(26.756651, 16.983616, 0.0)
(25.180397, 18.068411, 0.0)
(25.097391, 18.069553, 0.0)
(25.109348, 18.022232, 0.0)
(25.093641, 18.005642, 0.0)
(25.090372, 17.996813, 0.0)
(25.083416, 17.993271, 0.0)
(25.078577, 18.017942, 0.0)
(25.082550, 18.005659, 0.0)
(25.088129, 18.037693, 0.0)
(25.093771, 18.035248, 0.0)
(25.099625, 18.010342, 0.0)
(25.079346, 17.993998, 0.0)
(25.107687, 17.970221, 0.0)
(25.112677, 17.968252, 0.0)
(25.107084, 17.988203, 0.0)
(25.095381, 18.000181, 0.0)
(25.098764, 18.005430, 0.0)
(25.239536, 17.981468, 0.0)
(30.291721, 18.628923, 0.0)
(34.009445, 20.490686, 0.0)
(34.368740, 20.752245, 0.0)
(34.325478, 20.639448, 0.0)
(34.243927, 20.581652, 0.0)
(34.221294, 20.547300, 0.0)
(34.221401, 20.489399, 0.0)
(34.210480, 20.514177, 0.0)
(34.224552, 20.457939, 0.0)
(34.232128, 20.439356, 0.0)
(34.222366, 20.469288, 0.0)
(34.288502, 20.714792, 0.0)
(34.291790, 20.699692, 0.0)
(34.267746, 20.671385, 0.0)
(34.293091, 20.646383, 0.0)
(34.290379, 20.658823, 0.0)
(34.248928, 20.645638, 0.0)
(34.235645, 20.645290, 0.0)
(34.221348, 20.645943, 0.0)
(34.227585, 20.635805, 0.0)
(34.227001, 20.643232, 0.0)
(34.247742, 20.616587, 0.0)
(34.242432, 20.601143, 0.0)
(34.236042, 20.585005, 0.0)
(34.002907, 20.668365, 0.0)
(33.938648, 20.658524, 0.0)
(33.926567, 20.674965, 0.0)
(33.955978, 20.683680, 0.0)
(33.952473, 20.723608, 0.0)
(33.957203, 20.742409, 0.0)
(33.964844, 20.732136, 0.0)
(33.963432, 20.732080, 0.0)
(33.954575, 20.723591, 0.0)
(33.972679, 20.711760, 0.0)
(33.958904, 20.722761, 0.0)
(33.971764, 20.724506, 0.0)
(33.968399, 20.740194, 0.0)
(33.958557, 20.727346, 0.0)
(32.894783, 20.749220, 0.0)
(27.791988, 21.806540, 0.0)
(25.542095, 22.831816, 0.0)
(25.559042, 22.728050, 0.0)
(25.565113, 22.657919, 0.0)
(25.541082, 22.662563, 0.0)
(25.493090, 22.669640, 0.0)
(25.121029, 22.971220, 0.0)
(25.114092, 22.997219, 0.0)
(25.125530, 22.980055, 0.0)
(25.095476, 22.950781, 0.0)
(25.118576, 22.947432, 0.0)
(25.089806, 22.969643, 0.0)
(25.121277, 22.921127, 0.0)
(25.121277, 22.921127, 0.0)
(25.131882, 22.904615, 0.0)
(25.148243, 22.911243, 0.0)
(25.579208, 22.634123, 0.0)
(25.647474, 22.510376, 0.0)
(25.622803, 22.522388, 0.0)
(25.627470, 22.514351, 0.0)
(25.607687, 22.500927, 0.0)
(25.619184, 22.519417, 0.0)
(25.608681, 22.534307, 0.0)
(25.591377, 22.499479, 0.0)
(25.572783, 22.496403, 0.0)
(25.571461, 22.486740, 0.0)
(25.582764, 22.489977, 0.0)
(25.580559, 22.473520, 0.0)
(25.595072, 22.484053, 0.0)
(25.607687, 22.500927, 0.0)
(25.602257, 22.511475, 0.0)
(25.602257, 22.511475, 0.0)
(25.615952, 22.499365, 0.0)
(25.617485, 22.485794, 0.0)
(25.620680, 22.500963, 0.0)
(25.628031, 22.506830, 0.0)
(25.633940, 22.514902, 0.0)
(25.639307, 22.501099, 0.0)
(26.364014, 24.555819, 0.0)
(26.993742, 26.445518, 0.0)
(27.053165, 26.706173, 0.0)
(26.967186, 26.645868, 0.0)
(26.963182, 26.614290, 0.0)
(26.925051, 26.620049, 0.0)
(26.917793, 26.644096, 0.0)
(27.012245, 26.709188, 0.0)
(27.028545, 26.750864, 0.0)
(27.016041, 26.753775, 0.0)
(27.004930, 26.712027, 0.0)
(27.018673, 26.714033, 0.0)
(27.031408, 26.712511, 0.0)
(27.043936, 26.720387, 0.0)
(27.043871, 26.673960, 0.0)
(27.028452, 26.708612, 0.0)
(27.039412, 26.608093, 0.0)
(27.036377, 26.587576, 0.0)
(27.024809, 26.575678, 0.0)
(27.029675, 26.560299, 0.0)
(27.023262, 26.566978, 0.0)
(27.014278, 26.523170, 0.0)
(26.993317, 26.482082, 0.0)
(26.994167, 26.465496, 0.0)
(27.000698, 26.469618, 0.0)
(26.983868, 26.474035, 0.0)
(26.990461, 26.467579, 0.0)
(26.993317, 26.471527, 0.0)
(26.979315, 26.475172, 0.0)
(26.992769, 26.452129, 0.0)
(26.986324, 26.447279, 0.0)
(26.995956, 26.435951, 0.0)
(26.997602, 26.397749, 0.0)
(26.997602, 26.409006, 0.0)
(27.010574, 26.406754, 0.0)
(27.007751, 26.399906, 0.0)
(27.612440, 23.997526, 0.0)
(28.192347, 19.730553, 0.0)
(28.180908, 19.267904, 0.0)
(28.103498, 19.226187, 0.0)
(28.084728, 19.169680, 0.0)
(27.982439, 19.176886, 0.0)
(27.954075, 19.168388, 0.0)
(28.027605, 19.889408, 0.0)
(28.002836, 19.940292, 0.0)
(27.978027, 19.909281, 0.0)
(27.961647, 19.904476, 0.0)
(27.960651, 19.893524, 0.0)
(28.072563, 20.114433, 0.0)
(28.072681, 20.128010, 0.0)
(28.086939, 20.117720, 0.0)
(28.088673, 20.114511, 0.0)
(28.088673, 20.114511, 0.0)
(28.080051, 20.136236, 0.0)
(28.076771, 20.131868, 0.0)
(28.072180, 20.120937, 0.0)
(28.086994, 20.073605, 0.0)
(28.099417, 20.054268, 0.0)
(28.108696, 20.058022, 0.0)
(28.098011, 20.072975, 0.0)
(28.068449, 20.057482, 0.0)
(28.083014, 20.033344, 0.0)
(28.068449, 20.057482, 0.0)
(28.081026, 20.060469, 0.0)
(28.073259, 20.024590, 0.0)
(28.091185, 20.043423, 0.0)
(28.073586, 20.063368, 0.0)
(28.105747, 20.036083, 0.0)
(28.077913, 20.026892, 0.0)
(28.123379, 20.025856, 0.0)
(28.130636, 20.040512, 0.0)
(28.133093, 20.056368, 0.0)
(28.137945, 20.045372, 0.0)
(28.115210, 20.050158, 0.0)
(31.031797, 17.926464, 0.0)
(35.875607, 16.759384, 0.0)
(38.064625, 17.344431, 0.0)
(38.261784, 17.466667, 0.0)
(38.241081, 17.436012, 0.0)
(38.226452, 17.338642, 0.0)
(38.222759, 17.325558, 0.0)
(37.716221, 17.131861, 0.0)
(37.678196, 17.062973, 0.0)
(37.677834, 17.065073, 0.0)
(37.672245, 17.058941, 0.0)
(37.662582, 17.012512, 0.0)
(37.660862, 16.997831, 0.0)
(37.738583, 16.991430, 0.0)
(37.766972, 16.974323, 0.0)
(37.778206, 16.959211, 0.0)
(37.756329, 16.958521, 0.0)
(37.756329, 16.958521, 0.0)
(37.730778, 16.971334, 0.0)
(37.726810, 16.975792, 0.0)
(37.730778, 16.971334, 0.0)
(37.736755, 16.970499, 0.0)
(37.736755, 16.970499, 0.0)
(37.724823, 16.965206, 0.0)
(37.719177, 17.003616, 0.0)
(37.749996, 16.996458, 0.0)
(37.725048, 17.009575, 0.0)
(37.739208, 17.041485, 0.0)
(37.696239, 17.025917, 0.0)
(37.685558, 17.030411, 0.0)
(37.682655, 17.022108, 0.0)
(37.701778, 17.020464, 0.0)
(37.677006, 17.031313, 0.0)
(37.712139, 17.013845, 0.0)
(37.699532, 17.006853, 0.0)
(37.698708, 17.017284, 0.0)
(37.508583, 16.961700, 0.0)
(32.048878, 16.000000, 0.0)
(28.161055, 16.555206, 0.0)
(27.905846, 16.609041, 0.0)
(27.897657, 16.508844, 0.0)
(27.893547, 16.464193, 0.0)
(27.878918, 16.452005, 0.0)
(27.847960, 16.464958, 0.0)
(27.816086, 16.471066, 0.0)
(27.798780, 16.458206, 0.0)
(27.788279, 16.463018, 0.0)
(27.784801, 16.451385, 0.0)
(27.747055, 16.462696, 0.0)
(27.734426, 16.461149, 0.0)
(27.748585, 16.423643, 0.0)
(27.764662, 16.381207, 0.0)
(27.770294, 16.391304, 0.0)
(27.725737, 16.386909, 0.0)
(27.697784, 16.396395, 0.0)
(27.737751, 16.396873, 0.0)
(27.755199, 16.447899, 0.0)
(27.734426, 16.461149, 0.0)
(27.744278, 16.480000, 0.0)
(27.744284, 16.480061, 0.0)
(27.752415, 16.495901, 0.0)
(28.384615, 16.801184, 0.0)
(28.392391, 16.997728, 0.0)
(28.339657, 16.997328, 0.0)
(28.468626, 18.062454, 0.0)
(28.614481, 18.493872, 0.0)
(28.598845, 18.449743, 0.0)
(28.550989, 18.444424, 0.0)
(28.552879, 18.453987, 0.0)
(28.544909, 18.450327, 0.0)
(28.559063, 18.435766, 0.0)
(28.559538, 18.420334, 0.0)
(28.541164, 18.414940, 0.0)
(28.546379, 18.380589, 0.0)
(29.129477, 18.333300, 0.0)
(34.962673, 19.927509, 0.0)
(38.948364, 22.517776, 0.0)
(40.091267, 23.918243, 0.0)
(40.423264, 24.495651, 0.0)
(40.423512, 24.488651, 0.0)
(40.410801, 24.394157, 0.0)
(40.430080, 24.392826, 0.0)
(40.953312, 25.213186, 0.0)
(40.971611, 25.317806, 0.0)
(40.933998, 25.287092, 0.0)
(40.914143, 25.285702, 0.0)
(40.905861, 25.292482, 0.0)
(40.876022, 25.300064, 0.0)
(40.897923, 25.314625, 0.0)
(40.888321, 25.321886, 0.0)
(41.093922, 25.460644, 0.0)
(41.101551, 25.443886, 0.0)
(41.090557, 25.433332, 0.0)
(41.103085, 25.439102, 0.0)
(41.091114, 25.425186, 0.0)
(41.090557, 25.433332, 0.0)
(40.951077, 25.359556, 0.0)
(40.928886, 25.386036, 0.0)
(40.934536, 25.365295, 0.0)
(40.939320, 25.360788, 0.0)
(40.943283, 25.365870, 0.0)
(40.925697, 25.289270, 0.0)
(40.936329, 25.249971, 0.0)
(40.897160, 25.305784, 0.0)
(40.913116, 25.329613, 0.0)
(40.831417, 25.339254, 0.0)
(40.871536, 25.359497, 0.0)
(40.862690, 25.344498, 0.0)
(40.822067, 25.367237, 0.0)
(40.814297, 25.323858, 0.0)
(40.824181, 25.284481, 0.0)
(40.738052, 25.163137, 0.0)
(39.791740, 22.777163, 0.0)
(39.817230, 22.758095, 0.0)
(39.835323, 22.746504, 0.0)
(39.827198, 22.707987, 0.0)
(39.833836, 22.655577, 0.0)
(39.861271, 22.616425, 0.0)
(40.004162, 22.096262, 0.0)
(40.008564, 21.902483, 0.0)
(39.960327, 21.809500, 0.0)
(39.969215, 21.842554, 0.0)
(39.964607, 21.844435, 0.0)
(39.751923, 22.268763, 0.0)
(39.743538, 22.524105, 0.0)
(39.758305, 22.515059, 0.0)
(39.745598, 22.514311, 0.0)
(39.749287, 22.471533, 0.0)
(39.749924, 22.487862, 0.0)
(39.857296, 22.719507, 0.0)
(39.833889, 22.818048, 0.0)
(39.816322, 22.807047, 0.0)
(39.816818, 22.805950, 0.0)
(39.816818, 22.805950, 0.0)
(39.816818, 22.805950, 0.0)
(39.816818, 22.805950, 0.0)
(39.816818, 22.805950, 0.0)
(39.816292, 22.784027, 0.0)
(39.794266, 22.785845, 0.0)
(39.801636, 22.759142, 0.0)
(39.785091, 22.781776, 0.0)
(39.789738, 22.780790, 0.0)
(39.781998, 22.786814, 0.0)
(39.794266, 22.785845, 0.0)
(39.801727, 22.776987, 0.0)
(39.792603, 22.772940, 0.0)
(39.785091, 22.760077, 0.0)
(39.793919, 22.765217, 0.0)
(39.738293, 22.716009, 0.0)
(35.024971, 19.627560, 0.0)
(31.326963, 18.240152, 0.0)
(31.227665, 18.132793, 0.0)
(31.242361, 18.058241, 0.0)
(31.247316, 18.012089, 0.0)
(31.971151, 18.256598, 0.0)
(32.002132, 18.237505, 0.0)
(31.937899, 18.181147, 0.0)
(31.939861, 18.149300, 0.0)
(31.921061, 18.142036, 0.0)
(31.894709, 18.114399, 0.0)
(31.897503, 18.140524, 0.0)
(31.895119, 18.163998, 0.0)
(31.880341, 18.279461, 0.0)
(31.890068, 18.319061, 0.0)
(31.875893, 18.283092, 0.0)
(31.879509, 18.247328, 0.0)
(31.870754, 18.247166, 0.0)
(31.870754, 18.247166, 0.0)
(31.869869, 18.266718, 0.0)
(31.869732, 18.273376, 0.0)
(31.876219, 18.276922, 0.0)
(31.874332, 18.283657, 0.0)
(31.871181, 18.263737, 0.0)
(31.877634, 18.266508, 0.0)
(31.879509, 18.247328, 0.0)
(31.879509, 18.247328, 0.0)
(31.880589, 18.233458, 0.0)
(31.870754, 18.247166, 0.0)
(31.858252, 18.235794, 0.0)
(31.868076, 18.295185, 0.0)
(31.857216, 18.314711, 0.0)
(31.867483, 18.288864, 0.0)
(31.856647, 18.308308, 0.0)
(31.857466, 18.254057, 0.0)
(31.861387, 18.241650, 0.0)
(31.846395, 18.246691, 0.0)
(31.763130, 18.281498, 0.0)
(28.609962, 20.783279, 0.0)
(28.152170, 21.989553, 0.0)
(28.067858, 22.094883, 0.0)
(28.048111, 22.087334, 0.0)
(27.996393, 22.086662, 0.0)
(27.973515, 22.092308, 0.0)
(27.958176, 22.055384, 0.0)
(27.969492, 22.020266, 0.0)
(27.978975, 22.025187, 0.0)
(27.971172, 22.038626, 0.0)
(28.048628, 22.111353, 0.0)
(28.096920, 22.233021, 0.0)
(28.102953, 22.240520, 0.0)
(28.089823, 22.293085, 0.0)
(28.077272, 22.300943, 0.0)
(28.075916, 22.294861, 0.0)
(28.069925, 22.299845, 0.0)
(28.055084, 22.286739, 0.0)
(28.059162, 22.262459, 0.0)
(28.043993, 22.298582, 0.0)
(28.046871, 22.300819, 0.0)
(28.051371, 22.302671, 0.0)
(28.049267, 22.300293, 0.0)
(28.058603, 22.285954, 0.0)
(28.061384, 22.258244, 0.0)
(28.066103, 22.257517, 0.0)
(28.085407, 22.228195, 0.0)
(28.095762, 22.226597, 0.0)
(28.088438, 22.219719, 0.0)
(28.088438, 22.219719, 0.0)
(28.090401, 22.237213, 0.0)
(28.086498, 22.267117, 0.0)
(28.087347, 22.254946, 0.0)
(28.108267, 22.234921, 0.0)
(28.097036, 22.264324, 0.0)
(28.105452, 22.264856, 0.0)
(28.086592, 22.249413, 0.0)
(30.773296, 20.722458, 0.0)
(35.627468, 19.528372, 0.0)
(35.955757, 19.432508, 0.0)
(35.978508, 19.356150, 0.0)
(35.912331, 19.354902, 0.0)
(35.894764, 19.342630, 0.0)
(36.350010, 19.668663, 0.0)
(36.366253, 19.811956, 0.0)
(36.330471, 19.788431, 0.0)
(36.275562, 19.764944, 0.0)
(36.269665, 19.748747, 0.0)
(36.277969, 19.764103, 0.0)
(36.272884, 19.764988, 0.0)
(36.272884, 19.764988, 0.0)
(36.267693, 19.807863, 0.0)
(36.255344, 19.811695, 0.0)
(36.239914, 19.806120, 0.0)
(36.227280, 19.809492, 0.0)
(36.241226, 19.810539, 0.0)
(36.246189, 19.817936, 0.0)
(36.103851, 19.929522, 0.0)
(36.087681, 19.984838, 0.0)
(36.088394, 19.966728, 0.0)
(36.083557, 19.963255, 0.0)
(36.077732, 20.019341, 0.0)
(36.086662, 19.966206, 0.0)
(36.095341, 19.937269, 0.0)
(36.110470, 19.916462, 0.0)
(36.105640, 19.917006, 0.0)
(36.087952, 19.907692, 0.0)
(36.091923, 19.940863, 0.0)
(36.090672, 19.965008, 0.0)
(36.085373, 19.957396, 0.0)
(36.080952, 19.952698, 0.0)
(36.071583, 19.944365, 0.0)
(36.075939, 19.922129, 0.0)
(36.079811, 19.904289, 0.0)
(36.063343, 19.901253, 0.0)
(33.748199, 17.962290, 0.0)
(32.188259, 16.195282, 0.0)
(32.079514, 16.119736, 0.0)
(32.022041, 16.174839, 0.0)
(31.983343, 16.095661, 0.0)
(31.622856, 15.711922, 0.0)
(31.557274, 15.657605, 0.0)
(31.578094, 15.669469, 0.0)
(31.569540, 15.660970, 0.0)
(31.562658, 15.678988, 0.0)
(31.571320, 15.666767, 0.0)
(32.161915, 15.771279, 0.0)
(32.199532, 15.743799, 0.0)
(32.172966, 15.717541, 0.0)
(32.186073, 15.712820, 0.0)
(32.094925, 15.952357, 0.0)
(32.041470, 16.226549, 0.0)
(32.012775, 16.240980, 0.0)
(31.994986, 16.234291, 0.0)
(31.945692, 16.202505, 0.0)
(31.777624, 15.948860, 0.0)
(31.641649, 15.757199, 0.0)
(31.645639, 15.726421, 0.0)
(31.620985, 15.722322, 0.0)
(31.635992, 15.743974, 0.0)
(31.646744, 15.776051, 0.0)
(31.596292, 15.749288, 0.0)
(31.605461, 15.741407, 0.0)
(31.602091, 15.749928, 0.0)
(31.626143, 15.731706, 0.0)
(31.601524, 15.734206, 0.0)
(31.629570, 15.726568, 0.0)
(31.643707, 15.749462, 0.0)
(31.640747, 15.774256, 0.0)
(31.647543, 15.795485, 0.0)
(31.633224, 15.814031, 0.0)
(31.628712, 15.811800, 0.0)
(31.145958, 16.027414, 0.0)
(27.009750, 19.175701, 0.0)
(25.741076, 21.231703, 0.0)
(25.838274, 21.590075, 0.0)
(25.784891, 21.570021, 0.0)
(25.744183, 21.583168, 0.0)
(25.711775, 21.609356, 0.0)
(25.403097, 21.759573, 0.0)
(25.010410, 22.059130, 0.0)
(24.932772, 22.104504, 0.0)
(24.934612, 22.043190, 0.0)
(24.914968, 22.074625, 0.0)
(24.926014, 22.034975, 0.0)
(24.910418, 22.088688, 0.0)
(24.908209, 22.126495, 0.0)
(24.899075, 22.130974, 0.0)
(24.903316, 22.133198, 0.0)
(24.886154, 22.088346, 0.0)
(24.879204, 22.105560, 0.0)
(24.882376, 22.092703, 0.0)
(24.881762, 22.099379, 0.0)
(25.198988, 21.973400, 0.0)
(25.166859, 22.033333, 0.0)
(25.147243, 22.011873, 0.0)
(25.127642, 22.054981, 0.0)
(25.109076, 22.056786, 0.0)
(25.109076, 22.056786, 0.0)
(25.118252, 22.053690, 0.0)
(25.114063, 22.009193, 0.0)
(25.140320, 21.989582, 0.0)
(25.131674, 21.974077, 0.0)
(25.127111, 21.972723, 0.0)
(25.146584, 21.983433, 0.0)
(25.153145, 21.968988, 0.0)
(25.164494, 21.976421, 0.0)
(25.160456, 21.964123, 0.0)
(25.167814, 21.958975, 0.0)
(25.190474, 21.957909, 0.0)
(26.091623, 22.010103, 0.0)
(30.927996, 24.008650, 0.0)
(32.230854, 25.497341, 0.0)
(32.280598, 25.492117, 0.0)
(32.206043, 25.386562, 0.0)
(32.143513, 25.405546, 0.0)
(32.147205, 25.432600, 0.0)
(32.138340, 25.417971, 0.0)
(32.135513, 25.405622, 0.0)
(32.122074, 25.370497, 0.0)
(32.138988, 25.394794, 0.0)
(32.139076, 25.371429, 0.0)
(32.133263, 25.387098, 0.0)
(32.138988, 25.394794, 0.0)
(32.150162, 25.350212, 0.0)
(32.136543, 25.338182, 0.0)
(32.148109, 25.329756, 0.0)
(32.146812, 25.349112, 0.0)
(32.169037, 25.312681, 0.0)
(32.176003, 25.308979, 0.0)
(32.195282, 25.336899, 0.0)
(32.189175, 25.327072, 0.0)
(32.187344, 25.325443, 0.0)
(32.159538, 25.307308, 0.0)
(32.158340, 25.280304, 0.0)
(32.149006, 25.302565, 0.0)
(32.153999, 25.287676, 0.0)
(32.135399, 25.240759, 0.0)
(32.155857, 25.236467, 0.0)
(32.153999, 25.287676, 0.0)
(32.158749, 25.279127, 0.0)
(32.140244, 25.259762, 0.0)
(32.149067, 25.238796, 0.0)
(32.157558, 25.233650, 0.0)
(32.158875, 25.210733, 0.0)
(32.156185, 25.210098, 0.0)
(32.159069, 25.203981, 0.0)
(34.246765, 21.864796, 0.0)
(34.740021, 21.576700, 0.0)
(34.762524, 21.512777, 0.0)
(34.730495, 21.524832, 0.0)
(34.656246, 21.487806, 0.0)
(34.585228, 21.477234, 0.0)
(34.618477, 21.452091, 0.0)
(34.616261, 21.478720, 0.0)
(34.318283, 21.969004, 0.0)
(34.275421, 22.016018, 0.0)
(34.256294, 21.998652, 0.0)
(34.250778, 21.996176, 0.0)
(34.240322, 21.975758, 0.0)
(34.251865, 21.939037, 0.0)
(34.242985, 21.912642, 0.0)
(34.222919, 21.893341, 0.0)
(34.248257, 21.931801, 0.0)
(34.361866, 22.024446, 0.0)
(34.383080, 22.015001, 0.0)
(34.369179, 22.013527, 0.0)
(34.361603, 22.039728, 0.0)
(34.343544, 22.029619, 0.0)
(34.351490, 22.027712, 0.0)
(34.339828, 21.993921, 0.0)
(34.328106, 21.923771, 0.0)
(34.301472, 21.948135, 0.0)
(34.309437, 21.958042, 0.0)
(34.765804, 20.220459, 0.0)
(34.855804, 19.732067, 0.0)
(34.822834, 19.745760, 0.0)
(34.806469, 19.721666, 0.0)
(34.793747, 19.678177, 0.0)
(34.774914, 19.652979, 0.0)
(34.792957, 19.630180, 0.0)
(34.789711, 19.636646, 0.0)
(34.776772, 19.621838, 0.0)
(34.771564, 19.618912, 0.0)
(34.770805, 19.624765, 0.0)
(30.236631, 19.647800, 0.0)
(26.886133, 20.558422, 0.0)
(26.796825, 20.571981, 0.0)
(26.771742, 20.464123, 0.0)
(26.711039, 20.448792, 0.0)
(26.687433, 20.462530, 0.0)
(26.398748, 20.745829, 0.0)
(26.378799, 20.758213, 0.0)
(26.359421, 20.751598, 0.0)
(26.279491, 20.811665, 0.0)
(26.005980, 21.462069, 0.0)
(26.150383, 20.434286, 0.0)
(26.287722, 20.465231, 0.0)
(26.325418, 20.541563, 0.0)
(26.308088, 20.544571, 0.0)
(26.303421, 20.544262, 0.0)
(26.307627, 20.570356, 0.0)
(26.303192, 20.574652, 0.0)
(26.308668, 20.584053, 0.0)
(26.442247, 20.632950, 0.0)
(26.468298, 20.632900, 0.0)
(26.454397, 20.621962, 0.0)
(26.441095, 20.604469, 0.0)
(26.424789, 20.583458, 0.0)
(26.412128, 20.575211, 0.0)
(26.405865, 20.609962, 0.0)
(26.414236, 20.602594, 0.0)
(26.407194, 20.618803, 0.0)
(26.407194, 20.606106, 0.0)
(26.395264, 20.612301, 0.0)
(26.407608, 20.582134, 0.0)
(26.408979, 20.556559, 0.0)
(26.418180, 20.563238, 0.0)
(26.436583, 20.564325, 0.0)
(26.440996, 20.565521, 0.0)
(26.444016, 20.614065, 0.0)
(26.449078, 20.622646, 0.0)
(30.496702, 18.498505, 0.0)
(35.577278, 17.474846, 0.0)
(36.427429, 17.347071, 0.0)
(36.456844, 17.294113, 0.0)
(36.431355, 17.226871, 0.0)
(37.440636, 16.682489, 0.0)
(37.489117, 16.563011, 0.0)
(37.404510, 16.504162, 0.0)
(37.391827, 16.476427, 0.0)
(37.358540, 16.451906, 0.0)
(37.334023, 16.425461, 0.0)
(37.347839, 16.385319, 0.0)
(37.354973, 16.370047, 0.0)
(37.371128, 16.327082, 0.0)
(37.382206, 16.313910, 0.0)
(37.391151, 16.360909, 0.0)
(37.393890, 16.369230, 0.0)
(37.389565, 16.395233, 0.0)
(37.360321, 16.395208, 0.0)
(37.554855, 16.542215, 0.0)
(37.578403, 16.568558, 0.0)
(37.593994, 16.581446, 0.0)
(37.589291, 16.591093, 0.0)
(37.572182, 16.616564, 0.0)
(37.557251, 16.615770, 0.0)
(37.502468, 16.607529, 0.0)
(37.493473, 16.612766, 0.0)
(37.466545, 16.605974, 0.0)
(37.466236, 16.598875, 0.0)
(37.466545, 16.605974, 0.0)
(37.477604, 16.589727, 0.0)
(37.482430, 16.587786, 0.0)
(37.477604, 16.589727, 0.0)
(37.497231, 16.615017, 0.0)
(37.476250, 16.591503, 0.0)
(37.480320, 16.598536, 0.0)
(37.477989, 16.609558, 0.0)
(37.453140, 16.644449, 0.0)
(32.819820, 18.459997, 0.0)
(30.550055, 20.770472, 0.0)
(30.407051, 20.877258, 0.0)
(30.365601, 20.775677, 0.0)
(30.317644, 20.778511, 0.0)
(30.242020, 20.778900, 0.0)
(30.025024, 21.047192, 0.0)
(29.912876, 21.062113, 0.0)
(29.854336, 21.036474, 0.0)
(29.853661, 21.011108, 0.0)
(29.837837, 21.049480, 0.0)
(29.836878, 21.055834, 0.0)
(29.827106, 21.057444, 0.0)
(29.827200, 21.068384, 0.0)
(29.809050, 21.080637, 0.0)
(29.828863, 21.015385, 0.0)
(29.838799, 21.028431, 0.0)
(29.865969, 21.014904, 0.0)
(29.864361, 21.034880, 0.0)
(29.854752, 21.030886, 0.0)
(29.857588, 21.036686, 0.0)
(30.248505, 21.023716, 0.0)
(30.257891, 21.012194, 0.0)
(30.245705, 21.019285, 0.0)
(30.249939, 20.999350, 0.0)
(30.003757, 21.033693, 0.0)
(29.932734, 21.060608, 0.0)
(29.900034, 21.046812, 0.0)
(29.914383, 21.007803, 0.0)
(29.869644, 21.038782, 0.0)
(29.884245, 21.064060, 0.0)
(29.869572, 21.043186, 0.0)
(29.884245, 21.064060, 0.0)
(29.875063, 21.064650, 0.0)
(29.881617, 21.033548, 0.0)
(29.876959, 21.020533, 0.0)
(29.878613, 20.999548, 0.0)
(32.945927, 19.891724, 0.0)
(37.247295, 18.586493, 0.0)
(37.757591, 18.477726, 0.0)
(37.742382, 18.420788, 0.0)
(37.715649, 18.381720, 0.0)
(37.686905, 18.344402, 0.0)
(37.668106, 18.305525, 0.0)
(37.690823, 18.266314, 0.0)
(38.096802, 18.288010, 0.0)
(38.147511, 18.267172, 0.0)
(38.130173, 18.204260, 0.0)
(38.122223, 18.209694, 0.0)
(38.113838, 18.238552, 0.0)
(38.110752, 18.286777, 0.0)
(37.630058, 18.140659, 0.0)
(37.686333, 18.156248, 0.0)
(37.706470, 18.135084, 0.0)
(37.700371, 18.110638, 0.0)
(37.700676, 18.067099, 0.0)
(37.706329, 18.068283, 0.0)
(37.892651, 18.176397, 0.0)
(37.939056, 18.241976, 0.0)
(37.899605, 18.234436, 0.0)
(37.916237, 18.291647, 0.0)
(37.919636, 18.257282, 0.0)
(37.919636, 18.257282, 0.0)
(37.911674, 18.238863, 0.0)
(37.875088, 18.204128, 0.0)
(37.890747, 18.193949, 0.0)
(37.898705, 18.205128, 0.0)
(37.886955, 18.197697, 0.0)
(37.865986, 18.216127, 0.0)
(37.864639, 18.216864, 0.0)
(37.862247, 18.208712, 0.0)
(37.862247, 18.208712, 0.0)
(37.874218, 18.213173, 0.0)
(37.881641, 18.205860, 0.0)
(37.881641, 18.205860, 0.0)
(37.881641, 18.205860, 0.0)
(39.635548, 21.816114, 0.0)
(39.836933, 23.981863, 0.0)
(39.858288, 24.248800, 0.0)
(39.809509, 24.142664, 0.0)
(39.809509, 24.142664, 0.0)
(39.859051, 24.241230, 0.0)
(39.679554, 25.202938, 0.0)
(39.650478, 25.283873, 0.0)
(39.653473, 25.242983, 0.0)
(39.624088, 25.239805, 0.0)
(39.608788, 25.233231, 0.0)
(39.590698, 25.242069, 0.0)
(39.611607, 25.255627, 0.0)
(39.710640, 25.283169, 0.0)
(39.698128, 25.281378, 0.0)
(39.696903, 25.221436, 0.0)
(39.681034, 25.259964, 0.0)
(39.721802, 25.259214, 0.0)
(39.690403, 25.241255, 0.0)
(39.718487, 25.252361, 0.0)
(39.687611, 25.260866, 0.0)
(39.676502, 25.263073, 0.0)
(39.690025, 25.274441, 0.0)
(39.680668, 25.276726, 0.0)
(39.693619, 25.246481, 0.0)
(39.664936, 25.239635, 0.0)
(39.695980, 25.236006, 0.0)
(39.695980, 25.236006, 0.0)
(39.686005, 25.248426, 0.0)
(39.680706, 25.264868, 0.0)
(39.673889, 25.256990, 0.0)
(39.615860, 25.234549, 0.0)
(39.640507, 25.242609, 0.0)
(39.652920, 25.242609, 0.0)
(39.652710, 25.209932, 0.0)
(39.656631, 25.149460, 0.0)
(39.532730, 22.630804, 0.0)
(39.485260, 18.806541, 0.0)
(39.323856, 18.406321, 0.0)
(39.310596, 18.404478, 0.0)
(39.300423, 18.437187, 0.0)
(39.316578, 17.969929, 0.0)
(39.298141, 17.921270, 0.0)
(39.304688, 17.899536, 0.0)
(39.299919, 17.852386, 0.0)
(39.310249, 17.797163, 0.0)
(39.325844, 17.779058, 0.0)
(39.428822, 17.917454, 0.0)
(39.437923, 17.967497, 0.0)
(39.443291, 17.975319, 0.0)
(39.426392, 17.975342, 0.0)
(39.399494, 17.980459, 0.0)
(39.396229, 17.993586, 0.0)
(39.362751, 18.010399, 0.0)
(39.355705, 18.037075, 0.0)
(39.338272, 18.035969, 0.0)
(39.314709, 18.052137, 0.0)
(39.288235, 18.044907, 0.0)
(39.244099, 17.986124, 0.0)
(39.275333, 18.025854, 0.0)
(39.246067, 18.016748, 0.0)
(39.244026, 18.037907, 0.0)
(39.262428, 18.081539, 0.0)
(39.262852, 18.116463, 0.0)
(39.257805, 18.056923, 0.0)
(39.238651, 18.048214, 0.0)
(39.238651, 18.048214, 0.0)
(39.250523, 18.058395, 0.0)
(39.262249, 18.062391, 0.0)
(39.231052, 18.042391, 0.0)
(39.247086, 17.997429, 0.0)
(39.220661, 18.059563, 0.0)
(39.220661, 18.059563, 0.0)
(38.954914, 18.072994, 0.0)
(35.250038, 20.184090, 0.0)
(34.485893, 22.747944, 0.0)
(34.389812, 22.865013, 0.0)
(34.314404, 22.786310, 0.0)
(34.293262, 22.778776, 0.0)
(34.284317, 22.781239, 0.0)
(34.280289, 22.803957, 0.0)
(34.295429, 22.817324, 0.0)
(34.244499, 22.904903, 0.0)
(34.294823, 23.317055, 0.0)
(34.290737, 23.319288, 0.0)
(34.279884, 23.304461, 0.0)
(34.266743, 23.240232, 0.0)
(34.257084, 23.257912, 0.0)
(34.254002, 23.231304, 0.0)
(34.226940, 23.246990, 0.0)
(34.194611, 23.263315, 0.0)
(34.166340, 23.304150, 0.0)
(34.162590, 23.288628, 0.0)
(34.144295, 23.287645, 0.0)
(34.162598, 23.268682, 0.0)
(34.141899, 23.266994, 0.0)
(34.140423, 23.241093, 0.0)
(34.134899, 23.217215, 0.0)
(34.137741, 23.221703, 0.0)
(34.131786, 23.220512, 0.0)
(34.132271, 23.239960, 0.0)
(34.113522, 23.233292, 0.0)
(34.119678, 23.249128, 0.0)
(34.123013, 23.237988, 0.0)
(34.137959, 23.212717, 0.0)
(34.157894, 23.200001, 0.0)
(34.145542, 23.195581, 0.0)
(34.145542, 23.195581, 0.0)
(34.117569, 23.191992, 0.0)
(34.099483, 23.189070, 0.0)
(34.085075, 23.189861, 0.0)
(34.064613, 23.217724, 0.0)
(34.020657, 23.725653, 0.0)
(34.223698, 24.965385, 0.0)
(34.220806, 25.049322, 0.0)
(34.192577, 25.028044, 0.0)
(34.157433, 24.994169, 0.0)
(34.133259, 24.975771, 0.0)
(34.213058, 25.647915, 0.0)
(34.199463, 25.701294, 0.0)
(34.178062, 25.703413, 0.0)
(34.174294, 25.703739, 0.0)
(34.155350, 25.701593, 0.0)
(34.158730, 25.681442, 0.0)
(34.170990, 25.672117, 0.0)
(34.205029, 25.640453, 0.0)
(34.219654, 25.679960, 0.0)
(34.224472, 25.657330, 0.0)
(34.236523, 25.652660, 0.0)
(34.216846, 25.720379, 0.0)
(34.221878, 25.701084, 0.0)
(34.134182, 25.569019, 0.0)
(34.147133, 25.396786, 0.0)
(34.136623, 25.361099, 0.0)
(34.152069, 25.351694, 0.0)
(34.150574, 25.305922, 0.0)
(34.153732, 25.310202, 0.0)
(34.150574, 25.305922, 0.0)
(34.023430, 24.693766, 0.0)
(34.037998, 23.415495, 0.0)
(34.010109, 23.343515, 0.0)
(33.984539, 23.380638, 0.0)
(33.972580, 23.381506, 0.0)
(33.956036, 23.364403, 0.0)
(33.969772, 23.353735, 0.0)
(33.977688, 23.316946, 0.0)
(33.947739, 23.305330, 0.0)
(33.973255, 23.274239, 0.0)
(33.900665, 23.299623, 0.0)
(29.463112, 23.413290, 0.0)
(26.999390, 24.474854, 0.0)
(26.853205, 24.521280, 0.0)
(26.846018, 24.472588, 0.0)
(26.786718, 24.489162, 0.0)
(26.756807, 24.477592, 0.0)
(26.623463, 24.892252, 0.0)
(26.594622, 24.935118, 0.0)
(26.593597, 24.896898, 0.0)
(26.535456, 24.876953, 0.0)
(26.541407, 24.873304, 0.0)
(26.551373, 24.875292, 0.0)
(26.546406, 24.897863, 0.0)
(26.541731, 24.907122, 0.0)
(26.548985, 24.886686, 0.0)
(26.552982, 24.852350, 0.0)
(26.549856, 24.834616, 0.0)
(26.563080, 24.809032, 0.0)
(26.555588, 24.824663, 0.0)
(26.555956, 24.863428, 0.0)
(26.746048, 24.759714, 0.0)
(26.751665, 24.750839, 0.0)
(26.744377, 24.766792, 0.0)
(26.750246, 24.813675, 0.0)
(26.745462, 24.816372, 0.0)
(26.722448, 24.824013, 0.0)
(26.486853, 24.818573, 0.0)
(26.526630, 24.787964, 0.0)
(26.537872, 24.722963, 0.0)
(26.545073, 24.705519, 0.0)
(26.557991, 24.680017, 0.0)
(26.550493, 24.689093, 0.0)
(26.564562, 24.707460, 0.0)
(26.568073, 24.699583, 0.0)
(26.569677, 24.682686, 0.0)
(26.582203, 24.691793, 0.0)
(26.588661, 24.669584, 0.0)
(29.317755, 20.951933, 0.0)
(30.446518, 19.657471, 0.0)
(30.463892, 19.495384, 0.0)
(30.342728, 19.511192, 0.0)
(30.282658, 19.470404, 0.0)
(30.269224, 19.479742, 0.0)
(30.209875, 19.503071, 0.0)
(30.144110, 19.453348, 0.0)
(29.805010, 19.652077, 0.0)
(29.570358, 19.852772, 0.0)
(29.546389, 19.810328, 0.0)
(29.538397, 19.784544, 0.0)
(29.541073, 19.748201, 0.0)
(29.543325, 19.719786, 0.0)
(29.815517, 19.867390, 0.0)
(29.831776, 19.897053, 0.0)
(29.813547, 19.916084, 0.0)
(29.811604, 19.896296, 0.0)
(29.811604, 19.896296, 0.0)
(29.811459, 19.888550, 0.0)
(29.800425, 19.849777, 0.0)
(29.601799, 19.835897, 0.0)
(29.550095, 19.796341, 0.0)
(29.529741, 19.811415, 0.0)
(29.519842, 19.825378, 0.0)
(29.513023, 19.847803, 0.0)
(29.635439, 19.834101, 0.0)
(29.898830, 19.890251, 0.0)
(29.941769, 19.881481, 0.0)
(29.920874, 19.874811, 0.0)
(29.961483, 19.855654, 0.0)
(29.936337, 19.819921, 0.0)
(29.950794, 19.824764, 0.0)
(29.937914, 19.872364, 0.0)
(29.947292, 19.863644, 0.0)
(29.935909, 19.870401, 0.0)
(29.937422, 19.885347, 0.0)
(29.940540, 19.873085, 0.0)
(31.551029, 18.727020, 0.0)
(34.986149, 18.219448, 0.0)
(35.140827, 18.265594, 0.0)
(35.217010, 18.900038, 0.0)
(35.600536, 20.900166, 0.0)
(35.894714, 24.116737, 0.0)
(35.994389, 25.849443, 0.0)
(35.947693, 25.910702, 0.0)
(35.888836, 25.835941, 0.0)
(35.883194, 25.830204, 0.0)
(35.869801, 25.818336, 0.0)
(36.108753, 26.951019, 0.0)
(36.102478, 27.049067, 0.0)
(36.078705, 26.983932, 0.0)
(36.071568, 26.992918, 0.0)
(36.054096, 27.020700, 0.0)
(36.037495, 27.017460, 0.0)
(36.046242, 27.022520, 0.0)
(36.054832, 27.004835, 0.0)
(36.070671, 26.984289, 0.0)
(36.077770, 26.955997, 0.0)
(36.074188, 26.952776, 0.0)
(36.081802, 26.923288, 0.0)
(36.073475, 26.918711, 0.0)
(36.081882, 26.910322, 0.0)
(36.071861, 26.929148, 0.0)
(36.074951, 26.912132, 0.0)
(36.032673, 26.931652, 0.0)
(36.036282, 26.957649, 0.0)
(36.020531, 26.933956, 0.0)
(36.040016, 26.912031, 0.0)
(36.034847, 26.899080, 0.0)
(36.028687, 26.872650, 0.0)
(36.050270, 26.788288, 0.0)
(36.046944, 26.754999, 0.0)
(36.076962, 26.757273, 0.0)
(36.070820, 26.749752, 0.0)
(36.075691, 26.733150, 0.0)
(34.454258, 25.466818, 0.0)
(30.529207, 24.187511, 0.0)
(29.805010, 24.488300, 0.0)
(29.671261, 24.495834, 0.0)
(29.660839, 24.443003, 0.0)
(29.989599, 24.896393, 0.0)
(30.160883, 25.504936, 0.0)
(30.128016, 25.521925, 0.0)
(30.115965, 25.568823, 0.0)
(30.094330, 25.606604, 0.0)
(30.071253, 25.622143, 0.0)
(30.081312, 25.629223, 0.0)
(30.050468, 25.722120, 0.0)
(30.025711, 25.719584, 0.0)
(30.021511, 25.640896, 0.0)
(30.035561, 25.639727, 0.0)
(30.038774, 25.615311, 0.0)
(30.043200, 25.614918, 0.0)
(30.038603, 25.636280, 0.0)
(30.035561, 25.639727, 0.0)
(30.037380, 25.651249, 0.0)
(30.031525, 25.651781, 0.0)
(30.032370, 25.625000, 0.0)
(30.038729, 25.613462, 0.0)
(30.063894, 25.623371, 0.0)
(30.043825, 25.589478, 0.0)
(30.069660, 25.595917, 0.0)
(30.027342, 25.617609, 0.0)
(30.026609, 25.624033, 0.0)
(30.008743, 25.629992, 0.0)
(30.020479, 25.630678, 0.0)
(29.975067, 25.625950, 0.0)
(29.986845, 25.594723, 0.0)
(29.997759, 25.504189, 0.0)
(30.015842, 25.453371, 0.0)
(30.026115, 25.454597, 0.0)
(30.028883, 25.450630, 0.0)
(31.067907, 23.854965, 0.0)
(34.316624, 19.613203, 0.0)
(36.284855, 18.485807, 0.0)
(36.288136, 18.451159, 0.0)
(36.224815, 18.475462, 0.0)
(36.889702, 18.539587, 0.0)
(40.620808, 20.078623, 0.0)
(41.336109, 20.638359, 0.0)
(41.367889, 20.597519, 0.0)
(41.309742, 20.558994, 0.0)
(41.335075, 20.581638, 0.0)
(41.327721, 20.556379, 0.0)
(41.360023, 20.562983, 0.0)
(41.689091, 20.754217, 0.0)
(41.706841, 20.757750, 0.0)
(0.000000, 0.000000, 1.0)
(0.000000, 0.000000, 1.0)
(41.712364, 20.730808, 0.0)
(41.701008, 20.745701, 0.0)
(41.674339, 20.777939, 0.0)
(41.662018, 20.786077, 0.0)
(41.652813, 20.788305, 0.0)
(41.655991, 20.782259, 0.0)
(41.662018, 20.786077, 0.0)
(41.662018, 20.786077, 0.0)
(41.662018, 20.786077, 0.0)
(41.658134, 20.758242, 0.0)
(41.540977, 20.640154, 0.0)
(41.390545, 20.548229, 0.0)
(41.420090, 20.590664, 0.0)
(41.385715, 20.586180, 0.0)
(41.393211, 20.648521, 0.0)
(41.432705, 20.651760, 0.0)
(41.427795, 20.640980, 0.0)
(41.419426, 20.617317, 0.0)
(41.430981, 20.568525, 0.0)
(41.416862, 20.536106, 0.0)
(39.942455, 19.597328, 0.0)
(35.770119, 17.395731, 0.0)
(35.501350, 17.108042, 0.0)
(35.496265, 16.996370, 0.0)
(35.488319, 16.927338, 0.0)
(35.498299, 16.872286, 0.0)
(35.463100, 16.801220, 0.0)
(35.474739, 16.753759, 0.0)
(35.522564, 16.746378, 0.0)
(35.597298, 16.755102, 0.0)
(35.772354, 16.995165, 0.0)
(35.781807, 16.989567, 0.0)
(35.767227, 17.016376, 0.0)
(35.770988, 17.054213, 0.0)
(35.749668, 17.052950, 0.0)
(35.753326, 17.023125, 0.0)
(35.776680, 17.015385, 0.0)
(35.780491, 16.986135, 0.0)
(35.799786, 16.937248, 0.0)
(35.817501, 16.950556, 0.0)
(35.805202, 16.927206, 0.0)
(35.796032, 16.946203, 0.0)
(35.824707, 16.946867, 0.0)
(35.812656, 16.973570, 0.0)
(35.784348, 16.983067, 0.0)
(35.789265, 16.964298, 0.0)
(35.789265, 16.964298, 0.0)
(35.790745, 16.957523, 0.0)
(35.779594, 16.996809, 0.0)
(35.774548, 16.986130, 0.0)
(35.770348, 16.989901, 0.0)
(35.762585, 16.996622, 0.0)
(35.723747, 16.985369, 0.0)
(35.716694, 17.012789, 0.0)
(35.715988, 17.027967, 0.0)
(35.720097, 17.063444, 0.0)
(35.711086, 17.024532, 0.0)
(35.707176, 17.007462, 0.0)
(35.697754, 16.973528, 0.0)
(37.963898, 18.910807, 0.0)
(40.296936, 21.954390, 0.0)
(40.571640, 24.334814, 0.0)
(40.497917, 25.788193, 0.0)
(40.402824, 26.311964, 0.0)
(40.375576, 26.236652, 0.0)
(40.387299, 26.172712, 0.0)
(40.390331, 26.153315, 0.0)
(40.390331, 26.153315, 0.0)
(40.386600, 26.140545, 0.0)
(40.621799, 26.380558, 0.0)
(40.723301, 26.654228, 0.0)
(40.681450, 26.661495, 0.0)
(40.652885, 26.647892, 0.0)
(40.668560, 26.643721, 0.0)
(40.646633, 26.632895, 0.0)
(40.671265, 26.626965, 0.0)
(40.650955, 26.595062, 0.0)
(40.666512, 26.583303, 0.0)
(40.677494, 26.593081, 0.0)
(40.677494, 26.593081, 0.0)
(40.658688, 26.618856, 0.0)
(40.662651, 26.623278, 0.0)
(40.658108, 26.637085, 0.0)
(40.676468, 26.631626, 0.0)
(40.681866, 26.618568, 0.0)
(40.696087, 26.582010, 0.0)
(40.693642, 26.597708, 0.0)
(40.687801, 26.574251, 0.0)
(40.677536, 26.559286, 0.0)
(40.650318, 26.573603, 0.0)
(40.650917, 26.611750, 0.0)
(40.643860, 26.619688, 0.0)
(40.638390, 26.581419, 0.0)
(40.629742, 26.551369, 0.0)
(40.634220, 26.550179, 0.0)
(40.553970, 26.459654, 0.0)
(35.847908, 24.743559, 0.0)
(32.185940, 24.477245, 0.0)
(32.095745, 24.474268, 0.0)
(32.062225, 24.452942, 0.0)
(32.005093, 24.459110, 0.0)
(31.976667, 24.443481, 0.0)
(31.975224, 24.421623, 0.0)
(31.969286, 24.412830, 0.0)
(31.976099, 24.379372, 0.0)
(31.968012, 24.373857, 0.0)
(31.992968, 24.365019, 0.0)
(31.962244, 24.386286, 0.0)
(31.946709, 24.374264, 0.0)
(31.942347, 24.375168, 0.0)
(31.905647, 24.442400, 0.0)
(31.937551, 24.466789, 0.0)
(31.937551, 24.466789, 0.0)
(31.944172, 24.416672, 0.0)
(31.936668, 24.422743, 0.0)
(31.956022, 24.412565, 0.0)
(31.949524, 24.381605, 0.0)
(31.950237, 24.399727, 0.0)
(31.938780, 24.401907, 0.0)
(31.941263, 24.416735, 0.0)
(31.932297, 24.414927, 0.0)
(31.944992, 24.400909, 0.0)
(31.956175, 24.379951, 0.0)
(31.957216, 24.364950, 0.0)
(31.975466, 24.351618, 0.0)
(31.964952, 24.377436, 0.0)
(31.971619, 24.377045, 0.0)
(31.956612, 24.378347, 0.0)
(31.936274, 24.372274, 0.0)
(31.913109, 24.376238, 0.0)
(31.909658, 24.379761, 0.0)
(31.928757, 24.376188, 0.0)
(32.032700, 24.076149, 0.0)
(33.506863, 19.190865, 0.0)
(33.867027, 17.676464, 0.0)
(33.800045, 17.556545, 0.0)
(33.769165, 17.559334, 0.0)
(33.703938, 17.519308, 0.0)
(33.722145, 17.494465, 0.0)
(33.703869, 17.478107, 0.0)
(33.713097, 17.479422, 0.0)
(33.699451, 17.459105, 0.0)
(33.717361, 17.435190, 0.0)
(33.736431, 17.412836, 0.0)
(33.858017, 17.576416, 0.0)
(33.857704, 17.565811, 0.0)
(33.873409, 17.553846, 0.0)
(33.859509, 17.592714, 0.0)
(33.852619, 17.625544, 0.0)
(33.845665, 17.602308, 0.0)
(33.843391, 17.651218, 0.0)
(33.589466, 17.708323, 0.0)
(33.531216, 17.705385, 0.0)
(33.543156, 17.700838, 0.0)
(33.536240, 17.703138, 0.0)
(33.530064, 17.677713, 0.0)
(33.531338, 17.670862, 0.0)
(33.906078, 17.673555, 0.0)
(33.936565, 17.686689, 0.0)
(33.942196, 17.690351, 0.0)
(33.962185, 17.759254, 0.0)
(33.915848, 17.772583, 0.0)
(33.946796, 17.786316, 0.0)
(33.952133, 17.790211, 0.0)
(33.944984, 17.779051, 0.0)
(33.959080, 17.806917, 0.0)
(33.927673, 17.729179, 0.0)
(33.923393, 17.704142, 0.0)
(33.922180, 17.691380, 0.0)
(33.911701, 17.708441, 0.0)
(33.305935, 17.701813, 0.0)
(28.356791, 17.622698, 0.0)
(26.280569, 18.194082, 0.0)
(26.192097, 18.173204, 0.0)
(26.265896, 18.089231, 0.0)
(26.217340, 18.042461, 0.0)
(26.231386, 18.030462, 0.0)
(26.223963, 18.010773, 0.0)
(26.178202, 18.236429, 0.0)
(26.181473, 18.280394, 0.0)
(26.178600, 18.293877, 0.0)
(26.174587, 18.299314, 0.0)
(26.159201, 18.313351, 0.0)
(26.154085, 18.348259, 0.0)
(26.139841, 18.342413, 0.0)
(26.162020, 18.366350, 0.0)
(26.186300, 18.355013, 0.0)
(26.188635, 18.378681, 0.0)
(26.187395, 18.372683, 0.0)
(26.175224, 18.462746, 0.0)
(26.175173, 18.499048, 0.0)
(26.178209, 18.513208, 0.0)
(26.215563, 18.459864, 0.0)
(26.217894, 18.447220, 0.0)
(26.207397, 18.449478, 0.0)
(26.229952, 18.428753, 0.0)
(26.230417, 18.464722, 0.0)
(26.236795, 18.487003, 0.0)
(26.236061, 18.493299, 0.0)
(26.239359, 18.503180, 0.0)
(26.222998, 18.538527, 0.0)
(26.232880, 18.513416, 0.0)
(26.236795, 18.487003, 0.0)
(26.236332, 18.463665, 0.0)
(26.232737, 18.484400, 0.0)
(26.236795, 18.487003, 0.0)
(26.223549, 18.490780, 0.0)
(26.228035, 18.529768, 0.0)
(26.195023, 18.575027, 0.0)
(26.947508, 19.346092, 0.0)
(28.262102, 20.544920, 0.0)
(29.407509, 22.534422, 0.0)
(29.896439, 23.338999, 0.0)
(29.883425, 23.357685, 0.0)
(29.829123, 23.346682, 0.0)
(29.804777, 23.362659, 0.0)
(29.795868, 23.418182, 0.0)
(29.767204, 23.431835, 0.0)
(29.754730, 23.466518, 0.0)
(29.985430, 23.558371, 0.0)
(30.006569, 23.627283, 0.0)
(29.996691, 23.634684, 0.0)
(29.965969, 23.664139, 0.0)
(29.963684, 23.663822, 0.0)
(29.945536, 23.655779, 0.0)
(29.953966, 23.688087, 0.0)
(29.944130, 23.709091, 0.0)
(29.962301, 23.691862, 0.0)
(29.944359, 23.650692, 0.0)
(29.960283, 23.675444, 0.0)
(29.833769, 23.722300, 0.0)
(29.775347, 23.715038, 0.0)
(29.789661, 23.686995, 0.0)
(29.776022, 23.699835, 0.0)
(29.790642, 23.692638, 0.0)
(29.812775, 23.694180, 0.0)
(29.782650, 23.655296, 0.0)
(29.793865, 23.619362, 0.0)
(29.775108, 23.638611, 0.0)
(29.775108, 23.638611, 0.0)
(29.751465, 23.632496, 0.0)
(29.735397, 23.647121, 0.0)
(31.973988, 21.373505, 0.0)
(34.832138, 19.370033, 0.0)
(35.065510, 19.046667, 0.0)
(35.012821, 18.957392, 0.0)
(34.931889, 18.912388, 0.0)
(33.561108, 16.984615, 0.0)
(33.475967, 16.883457, 0.0)
(33.458492, 16.878296, 0.0)
(33.440491, 16.827198, 0.0)
(33.427124, 16.841341, 0.0)
(33.380245, 16.825682, 0.0)
(33.815090, 16.823364, 0.0)
(33.801701, 16.798990, 0.0)
(33.783539, 16.746782, 0.0)
(33.782116, 16.734976, 0.0)
(33.755100, 16.728559, 0.0)
(33.744396, 16.719965, 0.0)
(33.725483, 16.760309, 0.0)
(33.717037, 16.796337, 0.0)
(33.587624, 16.826733, 0.0)
(33.604332, 16.823122, 0.0)
(33.571190, 16.818390, 0.0)
(33.602215, 16.814735, 0.0)
(33.577938, 16.785217, 0.0)
(33.581173, 16.796780, 0.0)
(34.245548, 16.948748, 0.0)
(34.260986, 16.999743, 0.0)
(34.207932, 17.023268, 0.0)
(34.207321, 17.032478, 0.0)
(34.212955, 17.051125, 0.0)
(33.889771, 16.978033, 0.0)
(33.713833, 16.909384, 0.0)
(33.698776, 16.881559, 0.0)
(33.700844, 16.876019, 0.0)
(33.716038, 16.896656, 0.0)
(33.710369, 16.884064, 0.0)
(33.672695, 16.890654, 0.0)
(33.672695, 16.890654, 0.0)
(33.665237, 16.906324, 0.0)
(33.674088, 16.892962, 0.0)
(33.694431, 16.884859, 0.0)
(33.784401, 18.485455, 0.0)
(33.935867, 20.804075, 0.0)
(33.909702, 20.878725, 0.0)
(33.834160, 20.774948, 0.0)
(33.814342, 20.766729, 0.0)
(33.800114, 20.748877, 0.0)
(33.810337, 20.744602, 0.0)
(34.072189, 21.069975, 0.0)
(34.100304, 21.100073, 0.0)
(34.086185, 21.055988, 0.0)
(34.086185, 21.055988, 0.0)
(34.086185, 21.055988, 0.0)
(34.083591, 21.074556, 0.0)
(34.080166, 21.116196, 0.0)
(34.073112, 21.092237, 0.0)
(34.059811, 21.062874, 0.0)
(34.066696, 21.046680, 0.0)
(34.069969, 21.076342, 0.0)
(34.053104, 21.125204, 0.0)
(34.050591, 21.128368, 0.0)
(34.083378, 21.161976, 0.0)
(33.860088, 21.199703, 0.0)
(33.846504, 21.192945, 0.0)
(33.847210, 21.150223, 0.0)
(33.855404, 21.131834, 0.0)
(33.860260, 21.107925, 0.0)
(33.859135, 21.143223, 0.0)
(33.861294, 21.180908, 0.0)
(34.107849, 21.299814, 0.0)
(34.124283, 21.327763, 0.0)
(34.114780, 21.322344, 0.0)
(34.096001, 21.275177, 0.0)
(34.116138, 21.305632, 0.0)
(34.100044, 21.277737, 0.0)
(34.080841, 21.250980, 0.0)
(34.092297, 21.283115, 0.0)
(34.091949, 21.290995, 0.0)
(34.086136, 21.312243, 0.0)
(36.077724, 21.960217, 0.0)
(37.908298, 22.766602, 0.0)
(37.979183, 22.806129, 0.0)
(37.960178, 22.765459, 0.0)
(37.979546, 22.713373, 0.0)
(37.979431, 22.709936, 0.0)
(37.982151, 22.706041, 0.0)
(37.980495, 22.697950, 0.0)
(37.974457, 22.694807, 0.0)
(37.950901, 22.680536, 0.0)
(37.967430, 22.688030, 0.0)
(37.988338, 22.702099, 0.0)
(37.984619, 22.671839, 0.0)
(37.975708, 22.694950, 0.0)
(37.984310, 22.628571, 0.0)
(37.950523, 22.867527, 0.0)
(37.927822, 22.899515, 0.0)
(37.894985, 22.945560, 0.0)
(37.888451, 22.966208, 0.0)
(37.862007, 22.968254, 0.0)
(37.883366, 22.997498, 0.0)
(37.870838, 22.989920, 0.0)
(37.864300, 22.977880, 0.0)
(37.856365, 22.944792, 0.0)
(37.885021, 22.888702, 0.0)
(37.878746, 22.922754, 0.0)
(37.878227, 22.920513, 0.0)
(37.874481, 22.938751, 0.0)
(37.872345, 22.950348, 0.0)
(37.863937, 22.953716, 0.0)
(37.868557, 22.945055, 0.0)
(37.872345, 22.950348, 0.0)
(37.864052, 22.936449, 0.0)
(37.872349, 22.927767, 0.0)
(37.853237, 22.912125, 0.0)
(37.852345, 22.874651, 0.0)
(37.838894, 22.889139, 0.0)
(37.901684, 22.986982, 0.0)
(39.390377, 24.235733, 0.0)
(39.463799, 24.299393, 0.0)
(39.420937, 24.270077, 0.0)
(39.401020, 24.258606, 0.0)
(39.404007, 24.196350, 0.0)
(39.403622, 24.160635, 0.0)
(39.415382, 24.174623, 0.0)
(39.415382, 24.174623, 0.0)
(39.400139, 24.183325, 0.0)
(39.395412, 24.194468, 0.0)
(39.389511, 24.189133, 0.0)
(39.381531, 24.193327, 0.0)
(39.374771, 24.169722, 0.0)
(39.382721, 24.165421, 0.0)
(39.380985, 24.158161, 0.0)
(39.476532, 24.294838, 0.0)
(39.446770, 24.492308, 0.0)
(39.416237, 24.475935, 0.0)
(39.382904, 24.463003, 0.0)
(39.393822, 24.512913, 0.0)
(39.370449, 24.532253, 0.0)
(39.370449, 24.532253, 0.0)
(39.388725, 24.485037, 0.0)
(39.410557, 24.457373, 0.0)
(39.395584, 24.408268, 0.0)
(39.400467, 24.403778, 0.0)
(39.387722, 24.413637, 0.0)
(39.378246, 24.450350, 0.0)
(39.374828, 24.454460, 0.0)
(39.378105, 24.457666, 0.0)
(39.462055, 24.512068, 0.0)
(39.530293, 24.452421, 0.0)
(39.527428, 24.411867, 0.0)
(39.541096, 24.397087, 0.0)
(39.528664, 24.391813, 0.0)
(39.521446, 24.419827, 0.0)
(39.503101, 24.386574, 0.0)
(40.132549, 23.129063, 0.0)
(41.552704, 22.325659, 0.0)
(41.590961, 22.240677, 0.0)
(41.554798, 22.216608, 0.0)
(41.547737, 22.189365, 0.0)
(41.545383, 22.169647, 0.0)
(41.559204, 22.178719, 0.0)
(41.746395, 22.378954, 0.0)
(41.754047, 22.405638, 0.0)
(41.788670, 22.438400, 0.0)
(41.787678, 22.472046, 0.0)
(41.782330, 22.472340, 0.0)
(41.783997, 22.483713, 0.0)
(41.787254, 22.488262, 0.0)
(41.777470, 22.492926, 0.0)
(41.781094, 22.487345, 0.0)
(41.703869, 22.409468, 0.0)
(41.700550, 22.379641, 0.0)
(41.705750, 22.386995, 0.0)
(41.703075, 22.349670, 0.0)
(41.709927, 22.387833, 0.0)
(41.713085, 22.372961, 0.0)
(41.715626, 22.430412, 0.0)
(41.683739, 22.417173, 0.0)
(41.666000, 22.453636, 0.0)
(41.684155, 22.411274, 0.0)
(41.645821, 22.427973, 0.0)
(41.685310, 22.440247, 0.0)
(41.670563, 22.394529, 0.0)
(41.651176, 22.337374, 0.0)
(41.678379, 22.320311, 0.0)
(41.673450, 22.355408, 0.0)
(41.653633, 22.363827, 0.0)
(41.646278, 22.367540, 0.0)
(41.656837, 22.370462, 0.0)
(41.645500, 22.343403, 0.0)
(41.627304, 22.291801, 0.0)
(41.629337, 22.269258, 0.0)
(41.602833, 23.909798, 0.0)
(41.613003, 24.898096, 0.0)
(41.613613, 24.911095, 0.0)
(41.592072, 24.941458, 0.0)
(41.570011, 24.970675, 0.0)
(41.620281, 25.448826, 0.0)
(41.561451, 25.917469, 0.0)
(41.530254, 25.951540, 0.0)
(41.532516, 25.915409, 0.0)
(41.523464, 25.882286, 0.0)
(41.527966, 25.883337, 0.0)
(41.628586, 26.089325, 0.0)
(41.626778, 26.103329, 0.0)
(41.584465, 26.099611, 0.0)
(41.588947, 26.098862, 0.0)
(41.597027, 26.106960, 0.0)
(41.601379, 26.109943, 0.0)
(41.605759, 26.113680, 0.0)
(41.617943, 26.101917, 0.0)
(41.626827, 26.101177, 0.0)
(41.626827, 26.101177, 0.0)
(41.624084, 26.088589, 0.0)
(41.617939, 26.100489, 0.0)
(41.443863, 25.977194, 0.0)
(41.487831, 25.971865, 0.0)
(41.487831, 25.971865, 0.0)
(41.487831, 25.971865, 0.0)
(41.487831, 25.971865, 0.0)
(41.501461, 25.941120, 0.0)
(41.507172, 25.922127, 0.0)
(41.512798, 25.889549, 0.0)
(41.516987, 25.894934, 0.0)
(41.509197, 25.895384, 0.0)
(41.502327, 25.906191, 0.0)
(41.491791, 25.959068, 0.0)
(41.492760, 25.924238, 0.0)
(39.255264, 23.394369, 0.0)
(35.049816, 20.168596, 0.0)
(33.627907, 19.678455, 0.0)
(33.569416, 19.536303, 0.0)
(33.572052, 19.488894, 0.0)
(33.522083, 19.451517, 0.0)
(33.475155, 19.446712, 0.0)
(33.488392, 19.414022, 0.0)
(33.479321, 19.431850, 0.0)
(33.962162, 19.773544, 0.0)
(34.016373, 19.812885, 0.0)
(34.016232, 19.796183, 0.0)
(34.004257, 19.736654, 0.0)
(34.004257, 19.736654, 0.0)
(33.836063, 19.837620, 0.0)
(33.783253, 19.908155, 0.0)
(33.755585, 19.927244, 0.0)
(33.766521, 19.942173, 0.0)
(33.743031, 19.968925, 0.0)
(33.749798, 19.959423, 0.0)
(33.753437, 19.936682, 0.0)
(33.757008, 19.926767, 0.0)
(33.758747, 19.922245, 0.0)
(33.749016, 19.905680, 0.0)
(33.731380, 19.899805, 0.0)
(33.733200, 19.887533, 0.0)
(33.718918, 19.917620, 0.0)
(33.719391, 19.936224, 0.0)
(33.702404, 19.947372, 0.0)
(33.718918, 19.917620, 0.0)
(33.718918, 19.917620, 0.0)
(33.734531, 19.905413, 0.0)
(33.726826, 19.862679, 0.0)
(33.726826, 19.862679, 0.0)
(33.728245, 19.875505, 0.0)
(33.718918, 19.917620, 0.0)
(33.714149, 19.919353, 0.0)
(33.703571, 19.945129, 0.0)
(35.987057, 18.738245, 0.0)
(38.650776, 17.856682, 0.0)
(38.960228, 17.818886, 0.0)
(38.950497, 17.789207, 0.0)
(38.912376, 17.781792, 0.0)
(38.906158, 17.744349, 0.0)
(38.905994, 17.699594, 0.0)
(38.929302, 17.646515, 0.0)
(38.960926, 17.536940, 0.0)
(38.960217, 17.503168, 0.0)
(38.961262, 17.474167, 0.0)
(38.938915, 17.407543, 0.0)
(38.961639, 17.427303, 0.0)
(38.971931, 17.436554, 0.0)
(38.945171, 17.402975, 0.0)
(38.932991, 17.392845, 0.0)
(38.934498, 17.397255, 0.0)
(38.920551, 17.386290, 0.0)
(38.918854, 17.403181, 0.0)
(38.938728, 17.422564, 0.0)
(38.819572, 17.461729, 0.0)
(38.804787, 17.500416, 0.0)
(38.812351, 17.490932, 0.0)
(38.790558, 17.458437, 0.0)
(38.784683, 17.472115, 0.0)
(38.783901, 17.453701, 0.0)
(38.760799, 17.444656, 0.0)
(38.772110, 17.437250, 0.0)
(38.760418, 17.479679, 0.0)
(38.741169, 17.505186, 0.0)
(38.743652, 17.531023, 0.0)
(38.745415, 17.514381, 0.0)
(38.732948, 17.525259, 0.0)
(38.720173, 17.524736, 0.0)
(38.720181, 17.489058, 0.0)
(38.677521, 17.459888, 0.0)
(38.667221, 17.459160, 0.0)
(35.133095, 16.820724, 0.0)
(30.555401, 16.965548, 0.0)
(29.949827, 16.796665, 0.0)
(29.765659, 16.665775, 0.0)
(29.775768, 16.626352, 0.0)
(29.767830, 16.591017, 0.0)
(29.750971, 16.595533, 0.0)
(29.444624, 16.507692, 0.0)
(29.326618, 16.456968, 0.0)
(29.368084, 16.412577, 0.0)
(29.315535, 16.432037, 0.0)
(29.298742, 16.443851, 0.0)
(29.336618, 16.442539, 0.0)
(29.348066, 16.454229, 0.0)
(29.444506, 16.429737, 0.0)
(29.571159, 16.344204, 0.0)
(29.571159, 16.344204, 0.0)
(29.571159, 16.344204, 0.0)
(29.587605, 16.338549, 0.0)
(29.576523, 16.346514, 0.0)
(29.595881, 16.398407, 0.0)
(29.556902, 16.412226, 0.0)
(29.557005, 16.430769, 0.0)
(29.572315, 16.430933, 0.0)
(29.600620, 16.428232, 0.0)
(29.589211, 16.426666, 0.0)
(29.606201, 16.425289, 0.0)
(29.571087, 16.413364, 0.0)
(29.589409, 16.366482, 0.0)
(29.573067, 16.394588, 0.0)
(29.559769, 16.415384, 0.0)
(29.552015, 16.410666, 0.0)
(29.548326, 16.429081, 0.0)
(29.557550, 16.433992, 0.0)
(29.527948, 16.414097, 0.0)
(29.542852, 16.392023, 0.0)
(29.539061, 16.370449, 0.0)
(29.571405, 16.377356, 0.0)
(28.485550, 16.767525, 0.0)
(26.033689, 17.835285, 0.0)
(25.992653, 17.819296, 0.0)
(26.003342, 17.791323, 0.0)
(26.001339, 17.785925, 0.0)
(25.992575, 17.780996, 0.0)
(25.986248, 17.756325, 0.0)
(25.973209, 17.766550, 0.0)
(26.074074, 17.614283, 0.0)
(26.077671, 17.578972, 0.0)
(26.069128, 17.536577, 0.0)
(26.072821, 17.589214, 0.0)
(26.069874, 17.609270, 0.0)
(26.060427, 17.585386, 0.0)
(26.086336, 17.580360, 0.0)
(25.924522, 17.672815, 0.0)
(25.921551, 17.644026, 0.0)
(25.921618, 17.637375, 0.0)
(25.932852, 17.654842, 0.0)
(25.930845, 17.661379, 0.0)
(25.934370, 17.649231, 0.0)
(26.058784, 17.628544, 0.0)
(26.070927, 17.640823, 0.0)
(26.068804, 17.643017, 0.0)
(26.066662, 17.638258, 0.0)
(26.074350, 17.618082, 0.0)
(26.073929, 17.611929, 0.0)
(26.076115, 17.623568, 0.0)
(26.066763, 17.626556, 0.0)
(26.047449, 17.623131, 0.0)
(26.060745, 17.597763, 0.0)
(26.045370, 17.604788, 0.0)
(26.055037, 17.615835, 0.0)
(26.056925, 17.609636, 0.0)
(26.073984, 17.599184, 0.0)
(26.094282, 17.594883, 0.0)
(26.089752, 17.608276, 0.0)
(26.104982, 17.548302, 0.0)
(26.568344, 18.189167, 0.0)
(27.934803, 21.504120, 0.0)
(29.515354, 24.168131, 0.0)
(30.349215, 26.099815, 0.0)
(30.310184, 26.244240, 0.0)
(30.205633, 26.113182, 0.0)
(30.134390, 26.104513, 0.0)
(30.132597, 26.136402, 0.0)
(30.159033, 26.623104, 0.0)
(30.185406, 26.902025, 0.0)
(30.184752, 26.903305, 0.0)
(30.147432, 26.901098, 0.0)
(30.138863, 26.897772, 0.0)
(30.119106, 26.877453, 0.0)
(30.122873, 26.856171, 0.0)
(30.136246, 26.877720, 0.0)
(30.020544, 26.864859, 0.0)
(29.998325, 26.877304, 0.0)
(29.969870, 26.876194, 0.0)
(29.953539, 26.814245, 0.0)
(29.951721, 26.769756, 0.0)
(29.947958, 26.754318, 0.0)
(29.940929, 26.760801, 0.0)
(29.947428, 26.743616, 0.0)
(29.927170, 26.752274, 0.0)
(29.930656, 26.771278, 0.0)
(29.931040, 26.761055, 0.0)
(29.952398, 26.712515, 0.0)
(29.968767, 26.700182, 0.0)
(29.976254, 26.677755, 0.0)
(29.957932, 26.665710, 0.0)
(29.962557, 26.647888, 0.0)
(29.953129, 26.658421, 0.0)
(29.965014, 26.629076, 0.0)
(29.947475, 26.626961, 0.0)
(29.968283, 26.626431, 0.0)
(29.935266, 26.606747, 0.0)
(28.923937, 25.517948, 0.0)
(26.649273, 23.100624, 0.0)
(26.572617, 22.922712, 0.0)
(26.521646, 22.799791, 0.0)
(26.458429, 22.792503, 0.0)
(26.424665, 22.826721, 0.0)
(26.214029, 23.177963, 0.0)
(26.167027, 23.236923, 0.0)
(26.167061, 23.241673, 0.0)
(26.152014, 23.242006, 0.0)
(26.161600, 23.211002, 0.0)
(26.173784, 23.210712, 0.0)
(26.275671, 23.223015, 0.0)
(26.322987, 23.211395, 0.0)
(26.322275, 23.222740, 0.0)
(26.315119, 23.221878, 0.0)
(26.319134, 23.195864, 0.0)
(26.328455, 23.184198, 0.0)
(26.329895, 23.186237, 0.0)
(26.334534, 23.190582, 0.0)
(26.340654, 23.189230, 0.0)
(26.349209, 23.202543, 0.0)
(26.348526, 23.212107, 0.0)
(26.362911, 23.193720, 0.0)
(26.366245, 23.162380, 0.0)
(26.346912, 23.179815, 0.0)
(26.378134, 23.145340, 0.0)
(26.360380, 23.155870, 0.0)
(26.375214, 23.142797, 0.0)
(26.395739, 23.179005, 0.0)
(26.392906, 23.179407, 0.0)
(26.401039, 23.172808, 0.0)
(26.405430, 23.173695, 0.0)
(26.420748, 23.152136, 0.0)
(26.436638, 23.120474, 0.0)
(26.445164, 23.103365, 0.0)
(26.435043, 23.027084, 0.0)
(26.431599, 23.066200, 0.0)
(25.792681, 22.456949, 0.0)
(25.147224, 19.500401, 0.0)
(25.314781, 18.959499, 0.0)
(25.242285, 18.930378, 0.0)
(25.187092, 18.855282, 0.0)
(24.966455, 18.336916, 0.0)
(24.951252, 18.280357, 0.0)
(24.934917, 18.273272, 0.0)
(24.881817, 18.312595, 0.0)
(24.866032, 18.302919, 0.0)
(24.853186, 18.299232, 0.0)
(24.846254, 18.289291, 0.0)
(24.838707, 18.295979, 0.0)
(24.848103, 18.266138, 0.0)
(24.706656, 18.400928, 0.0)
(24.731010, 18.312355, 0.0)
(24.731161, 18.268177, 0.0)
(24.738083, 18.255665, 0.0)
(24.731010, 18.312355, 0.0)
(24.725092, 18.331951, 0.0)
(24.733541, 18.325878, 0.0)
(24.895895, 18.251438, 0.0)
(24.884809, 18.291124, 0.0)
(24.877022, 18.258326, 0.0)
(24.915073, 18.253845, 0.0)
(24.938456, 18.261719, 0.0)
(24.939560, 18.240341, 0.0)
(24.926958, 18.262377, 0.0)
(24.937243, 18.259340, 0.0)
(24.936060, 18.266893, 0.0)
(24.940338, 18.269247, 0.0)
(24.946222, 18.269314, 0.0)
(24.951252, 18.280357, 0.0)
(24.951197, 18.285492, 0.0)
(24.931932, 18.249960, 0.0)
(24.948503, 18.242905, 0.0)
(24.926359, 18.256411, 0.0)
(24.943073, 18.280031, 0.0)
(25.295969, 18.188993, 0.0)
(30.831377, 17.714195, 0.0)
(36.279247, 18.882998, 0.0)
(39.828892, 21.471634, 0.0)
(40.883934, 23.001770, 0.0)
(41.144920, 23.715935, 0.0)
(41.203609, 23.727390, 0.0)
(41.214626, 23.676537, 0.0)
(41.342815, 23.922108, 0.0)
(41.650810, 25.195923, 0.0)
(41.689323, 25.332035, 0.0)
(41.696663, 25.214094, 0.0)
(41.704899, 25.251822, 0.0)
(41.729359, 25.242180, 0.0)
(41.710983, 25.234791, 0.0)
(41.720108, 25.238867, 0.0)
(41.692486, 25.237629, 0.0)
(41.695969, 25.215584, 0.0)
(41.692368, 25.260260, 0.0)
(41.665031, 25.250895, 0.0)
(41.672493, 25.219303, 0.0)
(41.672493, 25.219303, 0.0)
(41.666576, 25.224371, 0.0)
(41.654049, 25.194918, 0.0)
(41.652382, 25.164610, 0.0)
(41.653625, 25.177082, 0.0)
(41.647415, 25.162151, 0.0)
(41.645554, 25.183376, 0.0)
(41.641895, 25.209269, 0.0)
(41.646523, 25.189743, 0.0)
(41.647083, 25.187506, 0.0)
(41.647083, 25.187506, 0.0)
(41.653145, 25.170904, 0.0)
(41.642311, 25.154123, 0.0)
(41.655048, 25.132013, 0.0)
(41.623497, 25.102518, 0.0)
(41.625103, 25.072527, 0.0)
(41.381775, 23.761005, 0.0)
(41.510166, 20.483727, 0.0)
(41.323616, 19.892084, 0.0)
(41.273624, 19.799606, 0.0)
(41.104939, 19.092934, 0.0)
(41.055878, 18.938461, 0.0)
(41.054890, 18.923340, 0.0)
(41.081402, 18.915455, 0.0)
(41.037029, 18.853922, 0.0)
(0.000000, 0.000000, 1.0)
(0.000000, 0.000000, 1.0)
(0.000000, 0.000000, 1.0)
(0.000000, 0.000000, 1.0)
(0.000000, 0.000000, 1.0)
(0.000000, 0.000000, 1.0)
(0.000000, 0.000000, 1.0)
(0.000000, 0.000000, 1.0)
(0.000000, 0.000000, 1.0)
(0.000000, 0.000000, 1.0)
(0.000000, 0.000000, 1.0)
(41.059975, 19.075123, 0.0)
(41.069134, 19.104000, 0.0)
(41.045799, 19.142012, 0.0)
(41.049915, 19.098143, 0.0)
(41.057175, 19.101295, 0.0)
(41.057175, 19.101295, 0.0)
(41.030113, 19.028864, 0.0)
(41.055504, 19.063780, 0.0)
(41.068138, 19.067829, 0.0)
(41.059029, 19.093292, 0.0)
(41.019085, 19.030479, 0.0)
(41.022678, 19.080473, 0.0)
(41.008522, 19.101538, 0.0)
(41.015793, 19.055134, 0.0)
(41.009129, 19.018261, 0.0)
(41.015179, 19.010208, 0.0)
(40.973976, 19.023863, 0.0)
(38.130470, 17.533983, 0.0)
(32.937012, 16.663343, 0.0)
(30.502914, 16.904484, 0.0)
(30.519009, 16.728161, 0.0)
(30.517422, 16.704288, 0.0)
(29.597395, 17.141552, 0.0)
(29.611588, 17.161625, 0.0)
(29.640450, 17.146454, 0.0)
(29.609875, 17.083427, 0.0)
(29.590014, 17.061911, 0.0)
(29.581425, 17.055885, 0.0)
(29.547421, 17.035061, 0.0)
(29.556822, 17.038366, 0.0)
(29.543638, 17.030312, 0.0)
(29.485209, 17.174057, 0.0)
(29.483408, 17.212889, 0.0)
(29.478668, 17.255384, 0.0)
(29.487185, 17.240639, 0.0)
(29.497246, 17.235392, 0.0)
(29.502247, 17.210209, 0.0)
(29.499512, 17.195364, 0.0)
(29.496584, 17.205595, 0.0)
(29.486322, 17.168255, 0.0)
(29.476107, 17.157257, 0.0)
(29.483147, 17.128988, 0.0)
(29.481226, 17.146500, 0.0)
(29.588261, 17.217403, 0.0)
(29.587894, 17.230770, 0.0)
(29.592434, 17.258183, 0.0)
(29.594959, 17.301178, 0.0)
(29.597870, 17.230770, 0.0)
(29.588785, 17.183622, 0.0)
(29.597027, 17.168133, 0.0)
(29.615150, 17.147438, 0.0)
(29.620148, 17.146154, 0.0)
(29.627382, 17.173241, 0.0)
(29.622395, 17.216940, 0.0)
(29.622395, 17.216940, 0.0)
(33.229340, 18.296131, 0.0)
(34.157055, 19.004366, 0.0)
(34.216450, 18.962372, 0.0)
(34.176846, 18.916218, 0.0)
(34.172626, 18.886049, 0.0)
(34.145981, 18.855806, 0.0)
(34.136517, 18.858561, 0.0)
(34.118164, 18.896120, 0.0)
(33.911228, 18.931263, 0.0)
(33.870358, 18.979034, 0.0)
(33.895844, 19.018715, 0.0)
(33.866005, 19.030037, 0.0)
(33.855370, 18.961954, 0.0)
(33.863365, 18.920439, 0.0)
(33.891449, 18.863804, 0.0)
(33.887966, 18.912521, 0.0)
(33.871658, 18.922853, 0.0)
(33.872215, 18.940071, 0.0)
(33.882484, 19.014189, 0.0)
(33.871552, 19.018499, 0.0)
(33.865891, 18.963739, 0.0)
(33.896496, 18.984976, 0.0)
(33.912086, 19.094669, 0.0)
(33.880123, 19.059736, 0.0)
(33.879372, 19.036629, 0.0)
(33.879726, 19.015924, 0.0)
(33.886868, 19.085522, 0.0)
(33.869396, 19.123589, 0.0)
(33.868084, 19.159437, 0.0)
(33.875473, 19.170214, 0.0)
(33.880539, 19.138742, 0.0)
(33.891140, 19.098085, 0.0)
(33.879917, 19.072792, 0.0)
(33.884750, 19.009691, 0.0)
(33.891621, 18.983341, 0.0)
(33.891308, 19.048975, 0.0)
(33.886703, 19.091906, 0.0)
(31.756542, 19.545553, 0.0)
(27.961861, 20.940691, 0.0)
(27.593939, 21.328314, 0.0)
(27.475109, 21.269804, 0.0)
(27.494337, 21.246553, 0.0)
(27.491373, 21.229513, 0.0)
(27.467865, 21.213154, 0.0)
(27.486164, 21.226936, 0.0)
(27.891676, 21.872528, 0.0)
(27.924314, 21.954620, 0.0)
(27.906410, 21.920763, 0.0)
(27.905054, 21.926460, 0.0)
(27.901342, 21.897181, 0.0)
(27.866980, 21.849590, 0.0)
(27.867968, 21.820261, 0.0)
(27.898661, 21.820761, 0.0)
(27.904409, 21.819059, 0.0)
(27.902578, 21.826101, 0.0)
(27.905111, 21.846270, 0.0)
(27.906723, 21.874466, 0.0)
(27.900452, 21.867990, 0.0)
(27.903662, 21.863403, 0.0)
(27.904409, 21.819059, 0.0)
(27.913509, 21.818348, 0.0)
(27.915363, 21.831362, 0.0)
(27.890236, 21.809942, 0.0)
(27.890236, 21.809942, 0.0)
(27.897898, 21.844955, 0.0)
(27.901464, 21.870577, 0.0)
(27.864868, 21.914425, 0.0)
(27.869188, 21.918123, 0.0)
(27.867521, 21.926403, 0.0)
(27.865755, 21.921391, 0.0)
(27.873480, 21.896408, 0.0)
(27.873383, 21.852015, 0.0)
(27.908274, 21.865179, 0.0)
(27.898523, 21.857265, 0.0)
(27.906706, 21.866810, 0.0)
(27.897064, 21.884916, 0.0)
(25.669245, 24.361237, 0.0)
(25.341682, 25.747009, 0.0)
(25.392492, 25.998215, 0.0)
(25.418890, 25.967987, 0.0)
(25.399307, 25.929026, 0.0)
(25.385212, 25.937185, 0.0)
(25.327806, 26.076334, 0.0)
(25.466087, 26.347820, 0.0)
(25.459906, 26.391327, 0.0)
(25.456919, 26.387527, 0.0)
(25.452271, 26.397011, 0.0)
(25.455753, 26.406723, 0.0)
(25.445415, 26.391062, 0.0)
(25.455488, 26.393208, 0.0)
(25.454044, 26.281813, 0.0)
(25.462917, 26.237297, 0.0)
(25.464867, 26.242373, 0.0)
(25.467089, 26.265303, 0.0)
(25.451481, 26.285858, 0.0)
(25.455147, 26.302097, 0.0)
(25.389622, 26.177036, 0.0)
(25.412321, 26.135134, 0.0)
(25.398209, 26.117002, 0.0)
(25.401403, 26.113384, 0.0)
(25.400112, 26.107792, 0.0)
(25.397955, 26.099802, 0.0)
(25.370836, 26.098589, 0.0)
(25.349274, 26.091524, 0.0)
(25.353333, 26.104771, 0.0)
(25.331472, 26.113142, 0.0)
(25.321356, 26.120813, 0.0)
(25.331997, 26.097744, 0.0)
(25.352674, 26.111660, 0.0)
(25.354540, 26.067081, 0.0)
(25.345074, 26.043997, 0.0)
(25.357647, 26.056490, 0.0)
(26.783646, 25.182444, 0.0)
(30.799772, 23.889751, 0.0)
(30.741594, 23.903870, 0.0)
(30.661858, 23.900068, 0.0)
(30.648245, 23.847857, 0.0)
(30.183819, 24.220497, 0.0)
(30.129322, 24.587482, 0.0)
(30.107674, 24.565912, 0.0)
(30.073662, 24.559383, 0.0)
(30.026545, 24.594801, 0.0)
(30.035582, 24.558847, 0.0)
(30.032066, 24.530092, 0.0)
(30.039904, 24.731844, 0.0)
(30.056967, 24.753374, 0.0)
(30.065998, 24.687494, 0.0)
(30.066151, 24.681589, 0.0)
(30.111103, 24.663113, 0.0)
(30.082247, 24.601318, 0.0)
(30.093451, 24.606203, 0.0)
(30.103395, 24.615385, 0.0)
(30.104618, 24.609741, 0.0)
(30.128092, 24.580709, 0.0)
(30.131088, 24.596645, 0.0)
(30.103256, 24.601942, 0.0)
(30.095755, 24.574642, 0.0)
(30.092346, 24.570898, 0.0)
(30.124495, 24.586500, 0.0)
(30.106430, 24.549406, 0.0)
(30.078321, 24.511631, 0.0)
(30.090324, 24.494631, 0.0)
(30.090008, 24.536007, 0.0)
(30.090427, 24.522655, 0.0)
(30.092209, 24.511631, 0.0)
(30.127634, 24.529892, 0.0)
(30.122234, 24.535795, 0.0)
(30.096430, 24.483091, 0.0)
(30.091782, 24.459257, 0.0)
(30.132673, 24.431881, 0.0)
(33.181164, 24.282177, 0.0)
(35.968525, 25.351826, 0.0)
(36.039261, 25.387300, 0.0)
(35.975174, 25.380234, 0.0)
(35.952080, 25.346375, 0.0)
(35.955944, 25.345530, 0.0)
(35.978466, 25.359768, 0.0)
(36.106674, 25.463247, 0.0)
(36.138050, 25.826172, 0.0)
(36.138847, 25.912081, 0.0)
(36.112251, 25.921961, 0.0)
(36.098675, 25.924160, 0.0)
(36.104027, 25.949615, 0.0)
(36.081932, 25.943930, 0.0)
(36.094517, 25.907164, 0.0)
(36.093712, 25.883183, 0.0)
(36.108868, 25.867849, 0.0)
(36.128021, 25.845741, 0.0)
(36.116222, 25.834667, 0.0)
(36.112003, 25.841255, 0.0)
(36.119865, 25.868422, 0.0)
(36.114712, 25.871166, 0.0)
(36.100441, 25.847729, 0.0)
(36.091560, 25.837490, 0.0)
(36.199642, 24.112446, 0.0)
(36.198093, 23.735552, 0.0)
(36.197037, 23.676353, 0.0)
(36.186958, 23.673939, 0.0)
(36.163406, 23.635742, 0.0)
(35.839428, 22.232271, 0.0)
(35.808647, 22.159697, 0.0)
(35.793823, 22.191395, 0.0)
(35.765739, 22.150507, 0.0)
(35.775059, 22.120930, 0.0)
(35.779781, 22.057022, 0.0)
(35.780663, 22.035112, 0.0)
(35.779842, 22.005959, 0.0)
(35.779430, 22.009768, 0.0)
(31.667955, 20.018970, 0.0)
(27.494425, 19.303696, 0.0)
(27.133307, 19.323841, 0.0)
(27.106325, 19.236259, 0.0)
(27.083483, 19.229761, 0.0)
(26.150768, 19.335844, 0.0)
(26.077419, 19.317118, 0.0)
(26.036020, 19.276752, 0.0)
(26.023388, 19.286777, 0.0)
(26.009380, 19.292889, 0.0)
(26.003370, 19.305580, 0.0)
(26.045692, 19.280817, 0.0)
(26.051817, 19.281218, 0.0)
(26.049541, 19.255686, 0.0)
(26.046455, 19.216152, 0.0)
(26.056522, 19.208443, 0.0)
(26.056522, 19.208443, 0.0)
(26.051388, 19.218687, 0.0)
(26.071390, 19.236795, 0.0)
(26.053556, 19.270330, 0.0)
(26.358381, 19.126884, 0.0)
(26.393431, 19.095280, 0.0)
(26.378120, 19.093746, 0.0)
(26.375116, 19.107985, 0.0)
(26.352711, 19.079826, 0.0)
(26.342316, 19.101770, 0.0)
(26.346413, 19.096905, 0.0)
(26.345476, 19.147907, 0.0)
(26.313673, 19.209917, 0.0)
(26.307915, 19.213835, 0.0)
(26.307482, 19.155035, 0.0)
(26.320829, 19.134892, 0.0)
(26.341703, 19.108341, 0.0)
(26.341190, 19.095747, 0.0)
(26.341190, 19.095747, 0.0)
(26.330873, 19.093929, 0.0)
(26.320097, 19.092951, 0.0)
(26.321728, 19.126835, 0.0)
(30.411312, 19.531088, 0.0)
(35.109276, 20.644423, 0.0)
(37.008507, 22.934961, 0.0)
(37.439850, 24.719704, 0.0)
(37.413990, 25.102167, 0.0)
(37.391907, 25.047693, 0.0)
(37.358936, 25.047224, 0.0)
(37.968628, 25.841038, 0.0)
(38.006195, 25.988363, 0.0)
(37.997482, 25.983355, 0.0)
(37.972176, 25.977474, 0.0)
(37.982933, 25.945202, 0.0)
(37.991302, 25.912968, 0.0)
(37.988495, 25.959763, 0.0)
(37.979465, 25.923147, 0.0)
(37.979649, 26.137211, 0.0)
(37.974483, 26.201830, 0.0)
(37.962196, 26.195274, 0.0)
(37.949436, 26.209803, 0.0)
(37.937256, 26.213282, 0.0)
(37.933731, 26.217230, 0.0)
(37.952457, 26.176971, 0.0)
(37.931538, 26.172113, 0.0)
(37.946880, 26.143698, 0.0)
(37.930973, 26.134695, 0.0)
(37.953854, 26.129435, 0.0)
(37.937958, 26.128717, 0.0)
(37.939156, 26.122114, 0.0)
(37.944332, 26.107304, 0.0)
(37.944332, 26.107304, 0.0)
(37.926537, 26.097534, 0.0)
(37.951672, 26.085514, 0.0)
(37.956070, 26.084976, 0.0)
(37.959114, 26.047020, 0.0)
(37.935196, 26.008112, 0.0)
(37.959549, 25.995354, 0.0)
(36.833813, 24.993282, 0.0)
(31.586405, 20.988554, 0.0)
(27.358603, 20.945860, 0.0)
(26.698704, 21.070555, 0.0)
(26.574448, 21.028116, 0.0)
(26.532143, 21.018982, 0.0)
(24.764439, 21.775902, 0.0)
(24.697865, 21.789673, 0.0)
(24.746799, 21.679367, 0.0)
(24.730007, 21.605974, 0.0)
(24.735476, 21.575476, 0.0)
(24.706526, 21.630922, 0.0)
(24.721273, 21.636620, 0.0)
(24.696878, 21.678770, 0.0)
(24.708784, 21.688200, 0.0)
(24.668129, 21.691246, 0.0)
(24.837685, 21.491217, 0.0)
(24.847054, 21.440466, 0.0)
(24.844336, 21.434320, 0.0)
(24.842943, 21.455179, 0.0)
(24.840948, 21.473860, 0.0)
(24.847511, 21.486725, 0.0)
(24.837934, 21.504259, 0.0)
(24.839893, 21.492275, 0.0)
(24.802622, 21.495869, 0.0)
(24.852825, 21.501049, 0.0)
(24.809536, 21.484327, 0.0)
(24.766796, 21.460278, 0.0)
(24.690426, 21.586535, 0.0)
(24.682693, 21.633909, 0.0)
(24.682693, 21.633909, 0.0)
(24.677099, 21.661539, 0.0)
(24.684618, 21.682552, 0.0)
(24.666351, 21.736191, 0.0)
(24.676809, 21.669088, 0.0)
(24.680969, 21.639389, 0.0)
(24.691000, 21.631397, 0.0)
(24.692324, 21.618423, 0.0)
(24.701981, 21.609079, 0.0)
(25.419682, 21.234577, 0.0)
(27.551052, 20.397980, 0.0)
(26.943773, 21.009790, 0.0)
(26.381956, 21.591553, 0.0)
(26.321138, 21.651579, 0.0)
(26.272667, 21.567631, 0.0)
(26.245821, 21.521765, 0.0)
(26.258324, 21.474403, 0.0)
(26.248280, 21.527227, 0.0)
(26.056011, 21.941351, 0.0)
(26.106045, 22.122950, 0.0)
(26.137518, 22.123520, 0.0)
(26.081696, 22.119488, 0.0)
(26.087116, 22.108530, 0.0)
(26.077406, 22.060173, 0.0)
(26.093599, 22.019964, 0.0)
(26.100628, 21.993847, 0.0)
(26.117838, 21.994602, 0.0)
(26.273264, 22.041348, 0.0)
(26.283346, 22.031027, 0.0)
(26.283346, 22.031027, 0.0)
(26.283346, 22.031027, 0.0)
(26.286749, 22.033081, 0.0)
(26.290533, 22.048927, 0.0)
(26.279135, 22.003334, 0.0)
(26.279806, 21.951220, 0.0)
(26.277061, 21.982479, 0.0)
(26.278896, 22.016930, 0.0)
(26.266640, 22.017645, 0.0)
(26.277411, 22.026321, 0.0)
(26.272249, 22.027040, 0.0)
(26.271887, 22.024790, 0.0)
(26.280903, 21.957123, 0.0)
(26.301235, 21.932709, 0.0)
(26.324888, 21.922888, 0.0)
(26.330200, 21.895611, 0.0)
(27.367876, 21.547163, 0.0)
(33.124138, 20.696444, 0.0)
(37.250458, 21.212921, 0.0)
(37.721100, 21.330542, 0.0)
(37.734104, 21.235064, 0.0)
(37.691826, 21.155165, 0.0)
(38.363571, 21.348194, 0.0)
(38.779594, 21.407358, 0.0)
(38.825859, 21.261892, 0.0)
(38.788982, 21.242353, 0.0)
(38.733711, 21.216429, 0.0)
(37.771507, 21.233326, 0.0)
(37.834145, 21.368927, 0.0)
(37.855309, 21.394346, 0.0)
(37.833904, 21.347240, 0.0)
(37.833904, 21.347240, 0.0)
(37.847374, 21.343475, 0.0)
(37.841873, 21.331955, 0.0)
(38.036831, 21.621859, 0.0)
(38.008003, 21.679796, 0.0)
(37.989948, 21.672241, 0.0)
(37.993668, 21.668245, 0.0)
(37.993668, 21.668245, 0.0)
(37.988628, 21.657515, 0.0)
(38.008835, 21.661539, 0.0)
(38.022877, 21.637970, 0.0)
(37.987820, 21.660881, 0.0)
(37.970455, 21.655678, 0.0)
(37.961876, 21.661539, 0.0)
(37.976696, 21.689247, 0.0)
(37.945847, 21.679676, 0.0)
(37.961800, 21.692551, 0.0)
(37.962368, 21.675287, 0.0)
(37.969028, 21.672728, 0.0)
(37.979092, 21.650410, 0.0)
(37.978405, 21.653576, 0.0)
(37.991478, 21.656919, 0.0)
(37.977749, 21.654261, 0.0)
(37.979393, 21.644815, 0.0)
(35.711666, 20.973122, 0.0)
(30.202082, 21.644581, 0.0)
(26.697495, 24.140734, 0.0)
(25.729563, 25.617033, 0.0)
(25.306597, 26.153421, 0.0)
(25.306124, 26.099499, 0.0)
(25.302078, 26.057377, 0.0)
(25.275379, 26.084848, 0.0)
(25.271677, 26.090221, 0.0)
(25.568192, 27.002253, 0.0)
(25.576218, 27.178398, 0.0)
(25.557512, 27.123230, 0.0)
(25.542173, 27.104645, 0.0)
(25.540131, 27.135174, 0.0)
(25.542477, 27.127274, 0.0)
(25.525322, 27.110386, 0.0)
(25.591375, 27.215021, 0.0)
(25.616339, 27.224085, 0.0)
(25.613750, 27.262955, 0.0)
(25.597729, 27.263481, 0.0)
(25.610764, 27.263468, 0.0)
(25.609713, 27.257607, 0.0)
(25.603928, 27.224869, 0.0)
(25.583265, 27.213816, 0.0)
(25.590815, 27.227629, 0.0)
(25.596886, 27.259212, 0.0)
(25.578547, 27.280796, 0.0)
(25.585365, 27.231970, 0.0)
(25.585985, 27.284851, 0.0)
(25.578905, 27.291464, 0.0)
(25.546988, 27.252022, 0.0)
(25.579088, 27.271900, 0.0)
(25.589575, 27.263020, 0.0)
(25.573124, 27.207363, 0.0)
(25.559008, 27.190079, 0.0)
(25.559614, 27.156746, 0.0)
(25.950224, 26.697435, 0.0)
(31.021303, 22.832985, 0.0)
(36.625931, 22.070621, 0.0)
(39.771881, 22.823301, 0.0)
(40.277054, 22.999866, 0.0)
(40.510757, 23.089563, 0.0)
(40.531792, 23.082052, 0.0)
(40.547989, 23.083761, 0.0)
(40.530319, 23.001291, 0.0)
(40.550255, 22.987717, 0.0)
(40.769516, 23.779253, 0.0)
(40.822968, 23.861839, 0.0)
(40.809895, 23.854233, 0.0)
(40.873787, 23.915451, 0.0)
(40.846649, 23.920855, 0.0)
(40.846283, 23.890324, 0.0)
(40.844841, 23.805704, 0.0)
(40.865856, 23.821751, 0.0)
(40.880211, 23.823009, 0.0)
(40.882301, 23.805391, 0.0)
(40.882301, 23.805391, 0.0)
(40.844608, 23.785730, 0.0)
(40.821739, 23.790325, 0.0)
(40.800415, 23.778194, 0.0)
(40.805927, 23.768188, 0.0)
(40.793587, 23.751862, 0.0)
(40.784645, 23.718964, 0.0)
(40.793587, 23.719437, 0.0)
(40.799198, 23.720041, 0.0)
(40.793587, 23.751862, 0.0)
(40.786129, 23.777130, 0.0)
(40.787132, 23.791304, 0.0)
(40.784889, 23.813570, 0.0)
(40.789387, 23.784866, 0.0)
(40.789387, 23.758850, 0.0)
(40.825836, 23.740469, 0.0)
(40.831108, 23.728962, 0.0)
(40.834671, 23.747726, 0.0)
(40.136841, 23.569231, 0.0)
(35.969322, 23.912361, 0.0)
(35.681301, 24.404396, 0.0)
(35.678574, 24.393442, 0.0)
(35.673161, 24.313011, 0.0)
(35.687344, 24.277802, 0.0)
(35.683468, 24.260054, 0.0)
(35.673054, 24.234457, 0.0)
(36.047417, 24.714472, 0.0)
(36.070923, 24.947044, 0.0)
(36.035126, 24.940098, 0.0)
(36.004509, 24.934568, 0.0)
(35.975376, 24.933584, 0.0)
(35.977623, 24.952982, 0.0)
(36.005894, 24.910769, 0.0)
(36.008423, 24.885391, 0.0)
(36.009109, 24.848951, 0.0)
(36.006077, 24.844322, 0.0)
(36.006077, 24.844322, 0.0)
(35.998142, 24.873041, 0.0)
(35.998062, 24.872540, 0.0)
(35.998062, 24.872540, 0.0)
(35.994274, 24.848703, 0.0)
(36.013008, 24.826571, 0.0)
(35.999447, 24.800114, 0.0)
(35.978394, 24.778591, 0.0)
(35.976879, 24.762543, 0.0)
(35.972172, 24.772476, 0.0)
(35.964581, 24.796526, 0.0)
(35.956287, 24.808983, 0.0)
(35.968594, 24.807987, 0.0)
(35.968594, 24.807987, 0.0)
(35.968624, 24.775900, 0.0)
(35.976376, 24.715454, 0.0)
(35.979710, 24.707193, 0.0)
(35.968197, 24.730463, 0.0)
(35.969280, 24.732748, 0.0)
(35.958115, 24.755476, 0.0)
(37.570450, 23.445467, 0.0)
(40.989971, 22.972685, 0.0)
(41.626415, 22.881016, 0.0)
(41.602802, 22.781166, 0.0)
(41.524624, 22.734119, 0.0)
(41.508778, 22.670616, 0.0)
(41.550797, 22.658220, 0.0)
(41.557266, 22.607958, 0.0)
(41.562546, 22.662798, 0.0)
(41.585052, 22.729719, 0.0)
(41.579411, 22.758549, 0.0)
(41.819942, 23.255060, 0.0)
(41.787060, 23.401489, 0.0)
(41.808056, 23.345963, 0.0)
(41.813404, 23.330706, 0.0)
(41.815647, 23.321810, 0.0)
(41.808056, 23.345963, 0.0)
(41.789238, 23.309872, 0.0)
(41.775303, 23.342070, 0.0)
(41.779308, 23.355478, 0.0)
(41.773636, 23.326056, 0.0)
(41.793774, 23.338959, 0.0)
(41.794865, 23.314968, 0.0)
(41.800667, 23.411655, 0.0)
(41.808372, 23.390209, 0.0)
(41.809822, 23.393070, 0.0)
(41.804886, 23.387445, 0.0)
(41.781048, 23.423777, 0.0)
(41.786526, 23.452261, 0.0)
(41.773590, 23.449942, 0.0)
(41.795761, 23.446154, 0.0)
(41.785183, 23.441708, 0.0)
(41.795761, 23.446154, 0.0)
(41.780170, 23.436289, 0.0)
(41.784477, 23.431412, 0.0)
(41.767872, 23.415268, 0.0)
(41.778122, 23.400114, 0.0)
(40.138729, 22.204123, 0.0)
(34.768600, 19.818789, 0.0)
(30.975660, 19.685764, 0.0)
(30.967649, 19.685829, 0.0)
(30.953999, 19.565714, 0.0)
(30.934467, 19.535118, 0.0)
(30.935591, 19.470879, 0.0)
(30.913082, 19.377275, 0.0)
(31.428911, 19.503553, 0.0)
(31.846848, 19.836838, 0.0)
(31.855000, 19.847921, 0.0)
(31.847420, 19.839207, 0.0)
(31.875145, 19.841679, 0.0)
(31.807375, 19.842264, 0.0)
(31.799826, 19.828873, 0.0)
(31.772799, 19.832806, 0.0)
(31.799198, 19.831463, 0.0)
(31.820759, 19.860041, 0.0)
(31.841684, 19.872892, 0.0)
(31.851944, 19.882469, 0.0)
(31.452171, 19.990311, 0.0)
(31.522655, 20.057568, 0.0)
(31.557991, 20.006126, 0.0)
(31.551863, 20.066820, 0.0)
(31.556938, 19.958448, 0.0)
(31.551237, 19.934772, 0.0)
(31.566662, 19.926714, 0.0)
(31.534327, 19.982725, 0.0)
(31.530865, 19.987152, 0.0)
(31.525652, 20.011761, 0.0)
(31.559261, 20.033764, 0.0)
(31.556314, 20.043104, 0.0)
(31.550959, 20.021593, 0.0)
(31.546200, 19.984383, 0.0)
(31.567471, 19.936871, 0.0)
(31.571604, 19.925674, 0.0)
(31.570131, 19.931551, 0.0)
(31.414326, 19.965576, 0.0)
(28.092594, 18.342506, 0.0)
(27.338728, 17.767504, 0.0)
(27.319254, 17.559763, 0.0)
(27.373478, 17.614340, 0.0)
(27.298540, 17.540674, 0.0)
(27.260399, 17.472109, 0.0)
(27.286236, 17.411242, 0.0)
(27.655502, 17.630924, 0.0)
(27.583576, 17.707216, 0.0)
(27.560211, 17.737179, 0.0)
(27.563576, 17.731388, 0.0)
(27.565018, 17.733946, 0.0)
(27.560211, 17.737179, 0.0)
(27.560211, 17.737179, 0.0)
(27.567919, 17.726923, 0.0)
(27.561184, 17.708059, 0.0)
(27.554897, 17.735289, 0.0)
(27.547482, 17.775824, 0.0)
(27.548981, 17.782179, 0.0)
(27.542294, 17.794603, 0.0)
(27.542294, 17.794603, 0.0)
(27.546761, 17.807472, 0.0)
(27.556446, 17.796547, 0.0)
(27.512928, 17.766075, 0.0)
(27.605436, 17.748245, 0.0)
(27.691658, 17.851244, 0.0)
(27.677872, 17.870649, 0.0)
(27.644852, 17.879986, 0.0)
(27.663996, 17.923407, 0.0)
(27.654057, 17.920816, 0.0)
(27.667690, 17.891407, 0.0)
(27.672195, 17.888714, 0.0)
(27.692694, 17.870314, 0.0)
(27.678677, 17.878361, 0.0)
(27.678677, 17.878361, 0.0)
(27.695457, 17.899487, 0.0)
(27.695457, 17.899487, 0.0)
(27.678722, 17.915897, 0.0)
(28.920826, 18.151588, 0.0)
(33.557537, 21.075895, 0.0)
(36.031792, 24.516827, 0.0)
(37.401157, 26.623123, 0.0)
(37.496662, 27.090487, 0.0)
(37.402431, 27.015011, 0.0)
(37.417068, 26.979401, 0.0)
(37.404903, 27.008608, 0.0)
(37.747314, 27.324778, 0.0)
(37.933437, 27.587765, 0.0)
(37.918636, 27.579756, 0.0)
(37.903107, 27.567459, 0.0)
(37.885403, 27.521513, 0.0)
(37.896275, 27.490232, 0.0)
(37.911896, 27.465261, 0.0)
(37.914928, 27.436220, 0.0)
(37.888584, 27.438850, 0.0)
(37.891670, 27.455002, 0.0)
(37.191086, 27.178040, 0.0)
(37.151730, 27.181982, 0.0)
(37.191086, 27.178040, 0.0)
(37.173126, 27.150063, 0.0)
(37.328663, 27.193287, 0.0)
(37.801785, 27.319494, 0.0)
(37.816399, 27.326660, 0.0)
(37.812553, 27.268831, 0.0)
(37.806335, 27.286968, 0.0)
(37.778992, 27.300419, 0.0)
(37.728165, 27.306210, 0.0)
(37.724617, 27.301512, 0.0)
(37.742439, 27.266027, 0.0)
(37.736881, 27.254936, 0.0)
(37.737701, 27.214088, 0.0)
(37.735310, 27.186384, 0.0)
(37.744049, 27.178032, 0.0)
(37.727283, 27.179977, 0.0)
(37.727283, 27.179977, 0.0)
(38.707050, 26.019556, 0.0)
(41.084827, 24.552639, 0.0)
(41.722885, 24.385479, 0.0)
(41.774624, 24.232386, 0.0)
(41.704697, 24.177246, 0.0)
(41.707668, 24.150339, 0.0)
(41.785168, 24.116119, 0.0)
(41.758728, 24.128408, 0.0)
(41.774742, 24.169697, 0.0)
(41.776836, 24.208321, 0.0)
(41.785118, 24.238340, 0.0)
(41.784969, 24.302565, 0.0)
(41.801933, 24.311012, 0.0)
(41.819077, 24.300682, 0.0)
(41.819077, 24.300682, 0.0)
(41.835468, 24.287180, 0.0)
(41.881062, 24.350456, 0.0)
(41.891663, 24.366116, 0.0)
(41.873417, 24.388882, 0.0)
(41.870731, 24.406866, 0.0)
(41.870731, 24.406866, 0.0)
(41.870731, 24.406866, 0.0)
(41.867905, 24.388399, 0.0)
(41.857605, 24.374233, 0.0)
(41.853642, 24.380194, 0.0)
(41.852695, 24.369230, 0.0)
(41.861645, 24.361290, 0.0)
(41.853039, 24.390892, 0.0)
(41.852695, 24.369230, 0.0)
(41.840912, 24.354282, 0.0)
(41.848038, 24.391968, 0.0)
(41.842999, 24.387096, 0.0)
(41.842999, 24.387096, 0.0)
(41.851589, 24.358223, 0.0)
(41.851589, 24.358223, 0.0)
(41.844238, 24.304930, 0.0)
(41.849903, 24.288193, 0.0)
(40.744537, 23.113701, 0.0)
(37.472267, 19.814394, 0.0)
(37.309143, 19.366659, 0.0)
(37.333069, 19.239273, 0.0)
(37.333244, 19.200697, 0.0)
(37.325691, 19.165636, 0.0)
(37.332436, 19.129875, 0.0)
(37.827980, 19.562208, 0.0)
(37.866875, 19.626616, 0.0)
(37.858208, 19.556255, 0.0)
(37.864922, 19.546558, 0.0)
(37.844597, 19.583448, 0.0)
(37.844105, 19.597445, 0.0)
(37.838036, 19.600925, 0.0)
(37.880169, 19.670238, 0.0)
(37.898098, 19.860640, 0.0)
(37.904606, 19.840502, 0.0)
(37.863770, 19.789625, 0.0)
(37.889359, 19.775434, 0.0)
(37.883411, 19.775164, 0.0)
(37.883411, 19.775164, 0.0)
(37.889359, 19.775434, 0.0)
(37.874512, 19.791420, 0.0)
(37.881466, 19.858871, 0.0)
(37.873600, 19.801073, 0.0)
(37.869465, 19.794193, 0.0)
(37.874512, 19.791420, 0.0)
(37.855209, 19.751640, 0.0)
(37.846516, 19.715261, 0.0)
(37.869465, 19.794193, 0.0)
(37.866314, 19.792383, 0.0)
(37.830170, 19.806650, 0.0)
(37.842350, 19.838734, 0.0)
(37.822102, 19.846054, 0.0)
(37.816181, 19.831610, 0.0)
(37.826294, 19.811031, 0.0)
(37.811954, 19.763973, 0.0)
(37.805424, 19.719315, 0.0)
(34.063484, 20.525398, 0.0)
(30.998459, 21.353706, 0.0)
(30.583710, 22.366993, 0.0)
(31.609827, 23.243956, 0.0)
(31.738531, 23.314594, 0.0)
(31.673792, 23.364325, 0.0)
(31.641745, 23.303101, 0.0)
(31.637665, 23.253546, 0.0)
(31.642042, 23.250639, 0.0)
(31.630846, 23.268099, 0.0)
(31.600851, 23.269053, 0.0)
(31.810799, 23.660963, 0.0)
(31.847761, 23.721937, 0.0)
(31.825800, 23.719740, 0.0)
(31.841505, 23.679518, 0.0)
(31.821787, 23.652544, 0.0)
(31.846678, 23.655571, 0.0)
(31.864033, 23.619287, 0.0)
(31.863831, 23.625319, 0.0)
(31.864061, 23.631220, 0.0)
(31.865963, 23.627201, 0.0)
(31.865446, 23.628103, 0.0)
(31.858200, 23.613535, 0.0)
(31.887766, 23.626389, 0.0)
(31.869957, 23.598623, 0.0)
(31.866886, 23.594286, 0.0)
(31.863741, 23.572515, 0.0)
(31.867785, 23.588646, 0.0)
(31.865147, 23.599617, 0.0)
(31.848600, 23.595730, 0.0)
(31.851368, 23.633820, 0.0)
(31.840059, 23.630337, 0.0)
(31.832722, 23.584963, 0.0)
(31.818882, 23.579487, 0.0)
(31.827065, 23.546471, 0.0)
(31.827065, 23.546471, 0.0)
(31.817551, 23.535578, 0.0)
(31.918839, 23.522345, 0.0)
(36.766731, 22.163034, 0.0)
(39.935444, 21.688347, 0.0)
(40.399982, 21.445242, 0.0)
(40.380844, 21.374025, 0.0)
(40.357285, 21.322561, 0.0)
(40.349972, 21.242006, 0.0)
(40.462566, 21.321507, 0.0)
(40.728249, 21.783821, 0.0)
(40.755299, 21.815794, 0.0)
(40.765827, 21.847654, 0.0)
(40.818989, 21.909496, 0.0)
(40.823605, 21.881155, 0.0)
(40.813248, 21.852169, 0.0)
(40.813248, 21.852169, 0.0)
(40.801022, 21.853298, 0.0)
(40.806141, 21.860849, 0.0)
(40.827782, 22.029829, 0.0)
(40.811161, 22.083517, 0.0)
(40.770599, 22.072992, 0.0)
(40.784779, 22.048737, 0.0)
(40.750755, 22.070068, 0.0)
(40.755516, 22.007368, 0.0)
(40.742794, 21.962776, 0.0)
(40.741478, 21.940796, 0.0)
(40.744267, 21.955196, 0.0)
(40.739235, 21.947563, 0.0)
(40.730892, 21.929914, 0.0)
(40.722847, 21.947422, 0.0)
(40.721649, 21.970964, 0.0)
(40.705803, 21.994570, 0.0)
(40.720253, 21.978516, 0.0)
(40.730362, 21.916742, 0.0)
(40.730362, 21.916742, 0.0)
(40.718620, 21.905895, 0.0)
(40.727211, 21.896751, 0.0)
(40.718620, 21.905895, 0.0)
(40.538372, 21.860977, 0.0)
(35.266468, 19.253424, 0.0)
(30.343954, 18.344566, 0.0)
(29.030104, 18.574442, 0.0)
(28.954546, 18.460194, 0.0)
(28.980135, 18.333485, 0.0)
(28.958754, 18.296103, 0.0)
(28.934906, 18.248861, 0.0)
(28.923561, 18.250174, 0.0)
(29.540714, 18.147188, 0.0)
(29.564140, 18.144590, 0.0)
(29.550711, 18.095215, 0.0)
(29.553892, 18.121210, 0.0)
(29.560354, 18.125456, 0.0)
(29.539442, 18.110916, 0.0)
(29.214035, 18.140919, 0.0)
(29.138388, 18.162292, 0.0)
(29.199831, 18.065189, 0.0)
(29.203426, 18.044540, 0.0)
(29.207767, 18.075712, 0.0)
(29.157339, 18.124767, 0.0)
(29.200670, 18.118538, 0.0)
(29.489326, 18.163528, 0.0)
(29.519640, 18.174683, 0.0)
(29.517342, 18.154488, 0.0)
(29.506245, 18.154802, 0.0)
(29.493143, 18.103382, 0.0)
(29.493143, 18.103382, 0.0)
(29.495005, 18.116796, 0.0)
(29.493042, 18.130350, 0.0)
(29.436001, 18.177465, 0.0)
(29.436068, 18.157391, 0.0)
(29.426022, 18.177715, 0.0)
(29.432367, 18.210188, 0.0)
(29.423027, 18.203754, 0.0)
(29.452866, 18.188107, 0.0)
(29.435583, 18.170921, 0.0)
(29.442114, 18.171268, 0.0)
(28.009708, 18.509140, 0.0)
(24.788126, 19.402910, 0.0)
(24.726509, 19.270523, 0.0)
(24.677378, 19.238764, 0.0)
(24.677177, 19.232220, 0.0)
(24.657326, 19.228354, 0.0)
(24.653315, 19.234062, 0.0)
(24.628471, 19.207014, 0.0)
(24.618103, 19.200644, 0.0)
(24.614195, 19.196787, 0.0)
(24.597757, 19.200001, 0.0)
(24.602127, 19.235535, 0.0)
(24.577614, 19.231329, 0.0)
(24.568316, 19.226351, 0.0)
(24.568316, 19.226351, 0.0)
(24.581509, 19.225508, 0.0)
(24.583317, 19.268723, 0.0)
(24.588575, 19.240303, 0.0)
(24.870419, 19.143915, 0.0)
(24.945728, 19.109764, 0.0)
(24.947809, 19.110003, 0.0)
(24.942778, 19.083990, 0.0)
(24.955721, 19.089495, 0.0)
(27.647556, 18.057474, 0.0)
(32.599602, 17.429348, 0.0)
(35.623627, 17.737188, 0.0)
(35.515701, 17.717533, 0.0)
(35.491436, 17.704699, 0.0)
(35.492893, 17.665125, 0.0)
(35.459400, 17.591795, 0.0)
(35.499275, 17.611361, 0.0)
(35.512451, 17.573389, 0.0)
(35.507881, 17.545523, 0.0)
(35.495441, 17.502222, 0.0)
(35.510269, 17.515863, 0.0)
(35.495369, 17.565792, 0.0)
(35.490463, 17.577654, 0.0)
(35.513401, 17.589890, 0.0)
(35.526783, 17.591110, 0.0)
(35.651413, 18.638168, 0.0)
(35.639187, 18.782801, 0.0)
(35.633129, 18.735455, 0.0)
(35.639885, 18.716764, 0.0)
(35.853336, 19.028605, 0.0)
(35.868191, 19.336552, 0.0)
(35.867786, 19.384769, 0.0)
(35.843494, 19.365751, 0.0)
(35.842812, 19.338024, 0.0)
(35.855263, 19.350534, 0.0)
(35.860729, 19.337538, 0.0)
(35.836926, 19.278795, 0.0)
(35.834309, 19.264013, 0.0)
(35.832481, 19.283840, 0.0)
(36.019386, 19.409813, 0.0)
(36.018688, 19.437387, 0.0)
(36.007370, 19.447506, 0.0)
(36.005180, 19.445480, 0.0)
(35.984879, 19.438835, 0.0)
(35.988659, 19.434813, 0.0)
(36.011528, 19.403690, 0.0)
(36.011684, 19.383953, 0.0)
(36.013874, 19.398254, 0.0)
(36.002693, 19.410131, 0.0)
(36.004200, 19.424141, 0.0)
(35.984879, 19.438835, 0.0)
(35.991455, 19.460201, 0.0)
(35.988316, 19.443506, 0.0)
(35.997375, 19.388939, 0.0)
(36.012875, 19.351019, 0.0)
(36.011528, 19.403690, 0.0)
(35.998711, 19.376944, 0.0)
(35.978848, 19.417349, 0.0)
(35.982582, 19.441534, 0.0)
(35.935936, 19.432692, 0.0)
(35.926823, 19.408724, 0.0)
(35.909275, 19.366184, 0.0)
(32.187172, 20.519169, 0.0)
(28.880297, 23.281815, 0.0)
(28.940029, 25.348078, 0.0)
(29.311987, 26.856777, 0.0)
(29.256784, 26.994871, 0.0)
(29.159372, 26.921457, 0.0)
(29.115705, 26.954542, 0.0)
(28.889565, 27.046385, 0.0)
(28.377792, 27.317141, 0.0)
(28.346313, 27.306396, 0.0)
(28.342171, 27.308228, 0.0)
(28.325710, 27.336454, 0.0)
(28.324446, 27.328371, 0.0)
(28.322435, 27.366924, 0.0)
(28.134428, 27.409016, 0.0)
(28.147776, 27.358608, 0.0)
(28.152283, 27.330292, 0.0)
(28.184616, 27.294142, 0.0)
(28.157530, 27.268139, 0.0)
(28.149885, 27.268854, 0.0)
(28.302475, 27.258698, 0.0)
(28.359243, 27.335875, 0.0)
(28.334181, 27.320095, 0.0)
(28.327141, 27.311438, 0.0)
(28.329784, 27.306667, 0.0)
(28.305742, 27.283554, 0.0)
(28.319592, 27.187992, 0.0)
(28.308592, 27.195948, 0.0)
(28.304392, 27.202114, 0.0)
(28.282932, 27.169598, 0.0)
(28.295868, 27.168030, 0.0)
(28.284046, 27.154131, 0.0)
(28.269386, 27.148319, 0.0)
(28.267145, 27.143452, 0.0)
(28.282639, 27.110676, 0.0)
(28.302744, 27.095858, 0.0)
(28.300886, 27.063385, 0.0)
(28.618950, 26.310518, 0.0)
(30.489143, 21.021538, 0.0)
(31.744965, 18.155245, 0.0)
(31.956190, 17.839676, 0.0)
(31.894253, 17.813643, 0.0)
(31.844065, 17.806082, 0.0)
(31.792229, 17.767120, 0.0)
(31.794390, 17.687321, 0.0)
(31.741383, 17.638746, 0.0)
(31.679790, 17.799129, 0.0)
(31.607279, 17.972868, 0.0)
(31.616220, 17.984577, 0.0)
(31.601891, 17.996719, 0.0)
(31.589220, 18.043396, 0.0)
(31.593161, 17.956955, 0.0)
(31.590527, 17.943901, 0.0)
(31.598982, 17.920656, 0.0)
(31.593163, 17.937153, 0.0)
(31.597675, 17.982943, 0.0)
(31.597675, 17.982943, 0.0)
(31.613373, 17.943220, 0.0)
(31.608240, 17.930729, 0.0)
(31.587084, 17.940016, 0.0)
(31.590487, 17.937389, 0.0)
(31.603699, 17.967417, 0.0)
(31.576313, 17.948967, 0.0)
(31.585577, 17.906521, 0.0)
(31.603634, 17.907549, 0.0)
(31.583488, 17.955330, 0.0)
(31.569263, 17.964640, 0.0)
(31.571533, 17.969799, 0.0)
(31.579996, 17.961891, 0.0)
(31.579306, 17.970905, 0.0)
(31.582270, 17.883707, 0.0)
(31.584852, 17.873749, 0.0)
(31.579088, 17.878428, 0.0)
(31.576330, 17.883541, 0.0)
(32.550014, 18.078451, 0.0)
(37.671982, 19.673660, 0.0)
(40.315659, 21.526690, 0.0)
(40.487488, 22.202663, 0.0)
(40.521626, 22.467571, 0.0)
(40.749660, 22.659517, 0.0)
(40.754761, 22.581940, 0.0)
(40.767517, 22.481050, 0.0)
(40.773079, 22.472486, 0.0)
(40.758553, 22.451218, 0.0)
(40.758553, 22.451218, 0.0)
(40.760277, 22.494793, 0.0)
(40.844360, 22.967522, 0.0)
(40.840382, 23.044189, 0.0)
(40.831001, 23.016113, 0.0)
(40.819660, 23.023302, 0.0)
(40.804302, 22.997599, 0.0)
(40.809788, 22.979607, 0.0)
(40.819832, 22.982014, 0.0)
(40.817860, 22.963772, 0.0)
(40.819660, 22.990194, 0.0)
(40.834702, 23.012829, 0.0)
(40.881977, 23.188438, 0.0)
(40.875240, 23.197569, 0.0)
(40.881977, 23.188438, 0.0)
(40.885899, 23.166061, 0.0)
(40.885899, 23.166061, 0.0)
(40.890347, 23.171926, 0.0)
(40.890347, 23.171926, 0.0)
(40.877487, 23.182604, 0.0)
(40.881996, 23.180489, 0.0)
(40.877480, 23.190561, 0.0)
(40.873489, 23.194510, 0.0)
(40.864868, 23.181900, 0.0)
(40.875175, 23.166658, 0.0)
(40.877468, 23.155989, 0.0)
(40.877468, 23.155989, 0.0)
(40.843967, 23.091576, 0.0)
(37.424747, 20.989044, 0.0)
(37.435379, 20.882929, 0.0)
(37.476517, 20.806856, 0.0)
(37.476429, 20.784863, 0.0)
(37.472969, 20.720362, 0.0)
(38.091507, 20.808344, 0.0)
(38.160755, 20.765793, 0.0)
(38.161209, 20.736488, 0.0)
(38.187229, 20.750479, 0.0)
(38.182686, 20.719667, 0.0)
(38.206997, 20.749941, 0.0)
(37.876907, 20.842272, 0.0)
(37.858551, 20.838768, 0.0)
(37.855511, 20.823244, 0.0)
(37.858372, 20.852964, 0.0)
(37.843147, 20.829630, 0.0)
(37.849995, 20.818233, 0.0)
(37.848419, 20.803822, 0.0)
(37.851501, 20.811050, 0.0)
(37.840042, 20.719440, 0.0)
(37.856480, 20.915573, 0.0)
(37.823837, 20.989744, 0.0)
(37.811584, 20.978262, 0.0)
(37.823551, 21.005373, 0.0)
(37.821953, 21.006580, 0.0)
(37.811584, 20.978262, 0.0)
(37.803810, 20.985893, 0.0)
(37.811584, 20.978262, 0.0)
(37.800476, 20.978100, 0.0)
(37.791771, 20.997646, 0.0)
(37.786484, 20.993511, 0.0)
(37.778847, 20.988428, 0.0)
(37.782547, 20.955311, 0.0)
(37.770546, 20.974512, 0.0)
(37.770878, 20.975668, 0.0)
(37.730328, 20.921642, 0.0)
(37.759449, 20.971159, 0.0)
(37.760376, 21.010122, 0.0)
(33.819458, 20.517038, 0.0)
(28.741377, 21.082062, 0.0)
(25.910667, 23.002518, 0.0)
(25.271677, 23.964102, 0.0)
(25.250656, 24.180698, 0.0)
(25.227671, 24.168451, 0.0)
(25.174065, 24.144796, 0.0)
(25.149389, 24.156971, 0.0)
(25.141489, 24.151905, 0.0)
(25.137447, 24.155016, 0.0)
(24.862961, 24.535316, 0.0)
(24.790157, 24.728004, 0.0)
(24.792904, 24.720955, 0.0)
(24.790096, 24.734236, 0.0)
(24.784586, 24.778975, 0.0)
(24.753975, 24.800629, 0.0)
(24.765160, 24.808720, 0.0)
(24.850756, 24.854124, 0.0)
(24.850958, 24.806946, 0.0)
(24.841255, 24.806034, 0.0)
(24.887344, 24.753401, 0.0)
(24.913427, 24.735653, 0.0)
(24.909790, 24.733595, 0.0)
(26.832659, 23.330303, 0.0)
(31.896130, 21.126476, 0.0)
(36.341972, 20.735714, 0.0)
(37.540604, 20.870956, 0.0)
(37.548740, 20.888437, 0.0)
(37.507896, 20.855412, 0.0)
(37.518654, 20.818058, 0.0)
(37.528435, 20.731428, 0.0)
(37.538143, 20.775019, 0.0)
(37.538395, 20.775644, 0.0)
(37.533180, 20.748579, 0.0)
(37.528023, 20.731773, 0.0)
(37.545044, 20.772121, 0.0)
(37.549133, 20.743013, 0.0)
(37.547150, 20.703320, 0.0)
(39.884453, 23.498034, 0.0)
(40.750896, 26.322182, 0.0)
(40.517567, 27.252035, 0.0)
(40.706318, 27.381804, 0.0)
(40.702560, 27.347443, 0.0)
(40.659592, 27.280827, 0.0)
(40.680759, 27.298584, 0.0)
(40.347095, 27.945805, 0.0)
(40.346989, 27.988825, 0.0)
(40.375256, 27.917698, 0.0)
(40.391163, 27.897436, 0.0)
(40.384617, 27.888166, 0.0)
(40.369614, 27.886961, 0.0)
(40.368423, 27.934994, 0.0)
(40.346447, 27.889631, 0.0)
(40.540592, 28.034769, 0.0)
(40.498100, 28.032234, 0.0)
(40.499798, 27.998377, 0.0)
(40.499027, 27.964127, 0.0)
(40.477394, 27.943218, 0.0)
(40.483978, 27.931889, 0.0)
(40.483978, 27.931889, 0.0)
(40.483978, 27.931889, 0.0)
(40.482311, 27.921219, 0.0)
(40.483978, 27.931889, 0.0)
(40.480007, 27.914324, 0.0)
(40.480007, 27.914324, 0.0)
(40.485382, 27.885118, 0.0)
(40.471142, 27.932516, 0.0)
(40.471142, 27.932516, 0.0)
(40.471142, 27.932516, 0.0)
(40.477692, 27.921135, 0.0)
(40.466404, 27.935740, 0.0)
(40.472412, 27.935713, 0.0)
(40.461277, 27.903559, 0.0)
(40.474449, 27.870153, 0.0)
(39.644169, 26.020079, 0.0)
(39.537205, 22.470516, 0.0)
(39.645954, 22.350000, 0.0)
(39.648899, 22.323809, 0.0)
(39.640881, 22.313583, 0.0)
(39.626499, 22.287043, 0.0)
(39.628567, 22.230604, 0.0)
(39.651825, 22.012600, 0.0)
(39.768787, 21.182106, 0.0)
(39.795647, 20.769535, 0.0)
(39.744366, 20.689110, 0.0)
(39.732540, 20.658628, 0.0)
(39.698711, 20.687004, 0.0)
(39.732677, 20.730875, 0.0)
(39.534920, 21.692896, 0.0)
(39.523743, 21.800049, 0.0)
(39.530884, 21.735075, 0.0)
(39.542385, 21.747730, 0.0)
(39.541748, 21.746656, 0.0)
(39.576679, 21.902151, 0.0)
(39.527420, 22.267166, 0.0)
(39.517998, 22.315432, 0.0)
(39.515877, 22.330105, 0.0)
(39.517673, 22.289604, 0.0)
(39.517872, 22.281757, 0.0)
(39.506836, 22.260710, 0.0)
(39.508827, 22.253637, 0.0)
(39.506836, 22.260710, 0.0)
(39.502033, 22.235655, 0.0)
(39.496902, 22.252457, 0.0)
(39.492725, 22.246061, 0.0)
(39.465847, 22.294069, 0.0)
(39.471127, 22.268970, 0.0)
(39.472610, 22.201441, 0.0)
(39.470375, 22.196980, 0.0)
(39.480499, 22.195242, 0.0)
(39.470375, 22.196980, 0.0)
(39.443867, 22.194992, 0.0)
(39.382126, 22.147387, 0.0)
(35.004578, 20.967302, 0.0)
(29.765532, 21.050941, 0.0)
(26.380190, 22.718710, 0.0)
(25.260447, 24.055092, 0.0)
(24.702869, 24.833553, 0.0)
(24.529718, 24.995085, 0.0)
(24.525814, 24.885759, 0.0)
(24.509724, 24.852007, 0.0)
(24.503580, 24.882427, 0.0)
(24.501913, 24.882332, 0.0)
(24.497423, 24.865419, 0.0)
(24.845270, 25.477980, 0.0)
(24.930534, 25.609716, 0.0)
(24.907314, 25.593634, 0.0)
(24.905121, 25.574915, 0.0)
(24.890892, 25.573956, 0.0)
(24.880123, 25.568352, 0.0)
(24.877689, 25.575926, 0.0)
(24.890692, 25.569290, 0.0)
(24.909323, 25.571180, 0.0)
(24.922237, 25.596748, 0.0)
(24.937153, 25.597235, 0.0)
(24.948364, 25.596792, 0.0)
(24.958790, 25.611376, 0.0)
(24.947550, 25.580471, 0.0)
(24.938974, 25.602699, 0.0)
(24.946661, 25.596386, 0.0)
(24.919252, 25.595993, 0.0)
(24.996336, 25.667173, 0.0)
(24.987583, 25.708378, 0.0)
(24.985779, 25.709835, 0.0)
(24.977253, 25.709066, 0.0)
(24.984703, 25.704756, 0.0)
(24.976236, 25.712393, 0.0)
(24.983450, 25.688936, 0.0)
(24.988508, 25.648403, 0.0)
(25.385752, 25.175344, 0.0)
(27.719421, 20.441710, 0.0)
(27.663889, 19.744993, 0.0)
(27.586458, 19.630770, 0.0)
(27.573305, 19.613125, 0.0)
(27.539339, 19.621040, 0.0)
(27.525135, 19.627699, 0.0)
(27.533964, 19.581799, 0.0)
(27.638809, 19.796751, 0.0)
(27.659800, 19.857416, 0.0)
(27.663628, 19.767492, 0.0)
(27.668198, 19.772781, 0.0)
(27.658573, 19.790663, 0.0)
(27.649607, 19.792143, 0.0)
(27.678474, 19.817488, 0.0)
(27.653967, 19.875090, 0.0)
(27.683367, 19.842251, 0.0)
(27.685787, 19.813608, 0.0)
(27.689533, 19.807613, 0.0)
(27.682531, 19.799417, 0.0)
(27.811804, 19.805471, 0.0)
(27.806618, 19.871883, 0.0)
(27.788860, 19.893032, 0.0)
(27.801121, 19.922876, 0.0)
(27.769835, 19.902275, 0.0)
(27.779659, 19.899876, 0.0)
(27.795477, 19.902224, 0.0)
(27.806118, 19.876814, 0.0)
(27.787794, 19.850424, 0.0)
(27.807541, 19.844357, 0.0)
(27.788836, 19.897804, 0.0)
(27.772282, 19.912905, 0.0)
(27.767860, 19.923693, 0.0)
(27.774534, 19.936228, 0.0)
(27.776718, 19.949692, 0.0)
(27.776941, 19.893259, 0.0)
(27.770981, 19.857609, 0.0)
(27.831188, 19.877144, 0.0)
(32.540115, 20.501268, 0.0)
(35.925911, 22.301044, 0.0)
(35.981392, 22.318092, 0.0)
(35.901001, 22.306393, 0.0)
(35.867218, 22.267252, 0.0)
(35.868149, 22.255308, 0.0)
(35.866348, 22.192640, 0.0)
(36.162205, 22.746510, 0.0)
(36.144722, 22.764193, 0.0)
(36.143936, 22.725449, 0.0)
(36.127583, 22.733927, 0.0)
(36.118565, 22.735262, 0.0)
(36.075016, 22.764969, 0.0)
(36.066021, 22.739079, 0.0)
(36.059822, 22.718925, 0.0)
(36.070087, 22.715866, 0.0)
(36.084515, 22.684601, 0.0)
(36.088871, 22.672577, 0.0)
(36.083805, 22.647526, 0.0)
(36.077271, 22.644323, 0.0)
(36.073437, 22.651573, 0.0)
(36.056805, 22.673704, 0.0)
(36.063667, 22.652843, 0.0)
(36.063030, 22.644823, 0.0)
(36.076973, 22.634264, 0.0)
(36.084442, 22.609142, 0.0)
(36.078747, 22.585953, 0.0)
(36.064621, 22.603775, 0.0)
(36.056080, 22.611248, 0.0)
(36.023464, 22.637037, 0.0)
(36.004936, 22.662287, 0.0)
(35.969845, 22.659258, 0.0)
(35.971230, 22.647093, 0.0)
(35.971230, 22.647093, 0.0)
(35.997868, 22.634319, 0.0)
(35.976166, 22.570122, 0.0)
(35.969902, 22.570927, 0.0)
(35.640972, 21.985476, 0.0)
(34.030830, 17.891794, 0.0)
(33.869560, 16.422058, 0.0)
(33.884922, 16.283979, 0.0)
(33.851418, 16.269976, 0.0)
(33.841518, 16.244432, 0.0)
(33.827305, 16.212826, 0.0)
(33.496624, 16.203062, 0.0)
(33.479771, 16.167385, 0.0)
(33.462517, 16.118612, 0.0)
(33.462727, 16.081385, 0.0)
(33.432102, 16.108253, 0.0)
(33.453972, 16.158503, 0.0)
(33.393520, 16.194180, 0.0)
(33.404270, 16.227495, 0.0)
(33.412853, 16.238190, 0.0)
(33.471992, 16.231369, 0.0)
(33.485275, 16.219780, 0.0)
(33.425083, 16.214760, 0.0)
(33.402435, 16.229465, 0.0)
(33.399597, 16.234997, 0.0)
(33.530502, 16.438154, 0.0)
(33.596729, 16.595842, 0.0)
(33.591888, 16.614010, 0.0)
(33.576321, 16.580896, 0.0)
(33.547031, 16.591690, 0.0)
(33.552193, 16.557428, 0.0)
(33.483562, 16.391953, 0.0)
(33.478825, 16.342857, 0.0)
(33.511223, 16.378603, 0.0)
(33.496037, 16.372324, 0.0)
(33.477417, 16.389587, 0.0)
(33.503754, 16.424170, 0.0)
(34.056858, 16.985243, 0.0)
(34.331585, 17.287575, 0.0)
(34.334316, 17.264050, 0.0)
(34.312595, 17.237471, 0.0)
(34.276161, 17.164385, 0.0)
(34.313663, 17.176905, 0.0)
(38.421932, 18.451450, 0.0)
(40.307880, 19.411337, 0.0)
(40.390850, 19.426657, 0.0)
(40.333530, 19.377460, 0.0)
(40.347744, 19.414974, 0.0)
(40.349682, 19.354773, 0.0)
(40.333168, 19.299974, 0.0)
(40.338955, 19.293894, 0.0)
(40.504871, 19.529610, 0.0)
(40.505505, 19.555742, 0.0)
(40.486099, 19.557966, 0.0)
(40.484924, 19.549273, 0.0)
(40.484924, 19.549273, 0.0)
(40.484924, 19.549273, 0.0)
(40.481449, 19.526011, 0.0)
(40.485783, 19.517776, 0.0)
(40.419247, 19.447784, 0.0)
(40.308701, 19.372972, 0.0)
(40.319355, 19.388332, 0.0)
(40.319355, 19.388332, 0.0)
(40.298447, 19.384825, 0.0)
(40.298447, 19.384825, 0.0)
(40.308701, 19.372972, 0.0)
(40.319294, 19.373312, 0.0)
(40.317387, 19.333578, 0.0)
(40.316200, 19.355509, 0.0)
(40.329948, 19.388773, 0.0)
(40.298447, 19.384825, 0.0)
(40.324322, 19.435379, 0.0)
(40.318733, 19.427982, 0.0)
(40.318733, 19.427982, 0.0)
(40.314980, 19.390625, 0.0)
(40.300812, 19.346540, 0.0)
(40.305698, 19.355291, 0.0)
(40.300812, 19.346540, 0.0)
(40.308701, 19.372972, 0.0)
(40.238041, 19.429634, 0.0)
(39.304077, 20.121897, 0.0)
(39.205246, 20.135098, 0.0)
(39.225891, 20.072664, 0.0)
(39.268795, 20.030167, 0.0)
(39.244358, 20.047787, 0.0)
(39.459629, 20.276661, 0.0)
(39.427628, 20.405941, 0.0)
(39.414078, 20.411222, 0.0)
(39.396084, 20.413870, 0.0)
(39.396023, 20.451033, 0.0)
(39.363804, 20.428476, 0.0)
(39.365429, 20.433945, 0.0)
(39.345657, 20.375719, 0.0)
(39.251228, 20.467651, 0.0)
(39.081516, 20.271238, 0.0)
(39.276089, 20.123449, 0.0)
(39.374584, 20.257252, 0.0)
(39.442970, 20.297235, 0.0)
(39.465458, 20.315212, 0.0)
(39.438061, 20.307692, 0.0)
(39.431416, 20.317755, 0.0)
(39.449394, 20.343622, 0.0)
(39.411251, 20.293434, 0.0)
(39.412018, 20.232824, 0.0)
(39.406437, 20.226482, 0.0)
(39.413403, 20.242027, 0.0)
(39.403133, 20.241695, 0.0)
(39.427711, 20.260027, 0.0)
(39.415756, 20.273232, 0.0)
(39.432236, 20.241041, 0.0)
(39.442554, 20.249878, 0.0)
(39.446560, 20.240267, 0.0)
(39.471760, 20.253824, 0.0)
(39.446980, 20.273144, 0.0)
(39.457993, 20.275492, 0.0)
(39.472614, 20.263298, 0.0)
(39.459965, 20.269520, 0.0)
(37.670055, 19.752733, 0.0)
(32.565910, 20.090021, 0.0)
(28.915010, 22.608212, 0.0)
(28.380177, 23.910719, 0.0)
(28.279236, 23.921768, 0.0)
(28.256096, 23.913427, 0.0)
(28.209538, 23.901922, 0.0)
(27.907957, 24.632832, 0.0)
(28.151819, 25.052414, 0.0)
(28.154865, 25.056862, 0.0)
(28.123650, 24.995550, 0.0)
(28.119375, 24.980513, 0.0)
(28.121738, 24.975323, 0.0)
(28.117620, 24.933018, 0.0)
(28.115940, 25.005054, 0.0)
(28.113607, 25.010118, 0.0)
(28.114277, 25.017376, 0.0)
(28.114277, 25.017376, 0.0)
(28.120579, 25.025640, 0.0)
(28.120615, 25.014830, 0.0)
(28.107983, 24.998732, 0.0)
(28.117579, 24.926683, 0.0)
(28.110653, 24.919561, 0.0)
(28.143654, 24.653597, 0.0)
(28.237385, 24.267178, 0.0)
(28.201309, 24.261786, 0.0)
(28.198994, 24.270594, 0.0)
(28.634453, 23.131857, 0.0)
(29.848682, 20.682636, 0.0)
(29.958624, 20.243692, 0.0)
(29.865141, 20.252701, 0.0)
(29.836420, 20.230648, 0.0)
(29.827604, 20.208691, 0.0)
(29.799377, 20.234758, 0.0)
(29.738361, 20.225729, 0.0)
(29.730860, 20.211605, 0.0)
(29.732254, 20.199932, 0.0)
(29.736267, 20.196129, 0.0)
(29.762499, 20.152227, 0.0)
(29.751291, 20.172634, 0.0)
(29.746716, 20.095104, 0.0)
(29.537598, 20.298347, 0.0)
(28.118839, 23.961523, 0.0)
(28.535801, 25.729954, 0.0)
(28.472979, 25.826557, 0.0)
(28.393585, 25.777546, 0.0)
(28.376125, 25.750578, 0.0)
(28.381378, 25.742182, 0.0)
(28.348282, 25.951094, 0.0)
(28.316368, 26.004396, 0.0)
(28.313995, 25.989426, 0.0)
(28.310162, 25.996227, 0.0)
(28.298338, 26.030983, 0.0)
(28.280941, 26.077976, 0.0)
(28.279816, 26.078911, 0.0)
(28.276451, 26.039619, 0.0)
(28.287939, 26.006975, 0.0)
(28.278065, 25.980972, 0.0)
(28.281622, 25.958857, 0.0)
(28.285547, 25.948616, 0.0)
(28.272404, 25.952114, 0.0)
(28.255793, 25.939634, 0.0)
(28.239428, 25.909716, 0.0)
(28.233009, 25.941360, 0.0)
(28.243153, 25.970036, 0.0)
(28.247210, 25.934526, 0.0)
(28.254486, 25.911121, 0.0)
(28.845659, 23.638130, 0.0)
(30.369097, 19.598392, 0.0)
(30.439188, 19.057468, 0.0)
(30.392490, 19.074610, 0.0)
(30.341923, 19.045891, 0.0)
(30.325947, 19.044445, 0.0)
(30.278862, 19.104845, 0.0)
(30.268456, 19.078596, 0.0)
(30.273727, 19.060545, 0.0)
(32.231213, 20.426893, 0.0)
(34.429142, 23.757925, 0.0)
(34.461742, 24.194557, 0.0)
(34.398182, 24.222950, 0.0)
(34.347828, 24.164444, 0.0)
(34.363304, 24.134897, 0.0)
(34.329655, 24.190756, 0.0)
(34.300529, 24.225225, 0.0)
(34.285397, 24.223417, 0.0)
(34.246078, 24.359325, 0.0)
(34.196533, 24.766827, 0.0)
(34.194126, 24.786158, 0.0)
(34.159241, 24.775272, 0.0)
(34.164127, 24.764038, 0.0)
(34.146748, 24.761976, 0.0)
(34.145851, 24.791504, 0.0)
(34.139683, 24.807108, 0.0)
(34.117188, 24.787018, 0.0)
(34.090645, 24.785105, 0.0)
(34.092216, 24.806795, 0.0)
(34.123837, 24.728113, 0.0)
(34.117657, 24.726906, 0.0)
(34.122372, 24.689049, 0.0)
(34.114307, 24.678015, 0.0)
(34.118015, 24.679377, 0.0)
(34.103741, 24.728189, 0.0)
(34.085869, 24.731434, 0.0)
(34.077473, 24.717739, 0.0)
(34.103741, 24.728189, 0.0)
(34.103672, 24.714064, 0.0)
(34.120281, 24.630836, 0.0)
(34.108990, 24.544598, 0.0)
(34.109264, 24.516851, 0.0)
(34.119392, 24.524414, 0.0)
(34.110329, 24.518986, 0.0)
(34.114826, 24.552523, 0.0)
(34.589859, 23.904783, 0.0)
(37.535385, 21.107693, 0.0)
(38.659348, 19.880421, 0.0)
(39.240704, 19.516483, 0.0)
(39.296448, 19.437363, 0.0)
(39.280632, 19.402582, 0.0)
(39.267788, 19.346409, 0.0)
(39.282497, 19.323984, 0.0)
(39.312168, 19.390093, 0.0)
(39.285919, 19.407394, 0.0)
(39.350590, 19.491104, 0.0)
(39.346313, 19.425331, 0.0)
(39.340096, 19.378036, 0.0)
(39.342110, 19.320324, 0.0)
(39.301556, 19.275925, 0.0)
(39.293690, 19.216017, 0.0)
(39.299637, 19.240883, 0.0)
(39.290569, 19.277191, 0.0)
(39.292599, 19.454672, 0.0)
(39.308300, 19.471973, 0.0)
(39.289017, 19.446154, 0.0)
(39.307011, 19.444420, 0.0)
(39.300804, 19.358303, 0.0)
(39.290569, 19.277191, 0.0)
(39.460285, 19.396235, 0.0)
(39.453285, 19.406002, 0.0)
(39.402218, 19.396744, 0.0)
(39.401554, 19.404676, 0.0)
(39.376152, 19.447985, 0.0)
(39.378830, 19.441561, 0.0)
(39.380833, 19.434170, 0.0)
(39.383545, 19.398958, 0.0)
(39.381588, 19.353388, 0.0)
(39.383202, 19.314028, 0.0)
(39.392654, 19.341835, 0.0)
(39.401573, 19.358955, 0.0)
(39.398846, 19.410860, 0.0)
(39.389904, 19.426937, 0.0)
(39.389904, 19.426937, 0.0)
(40.268143, 20.219408, 0.0)
(40.846745, 20.935984, 0.0)
(40.887550, 20.888304, 0.0)
(40.877216, 20.853411, 0.0)
(40.872307, 20.813053, 0.0)
(41.428722, 21.503830, 0.0)
(41.398365, 21.616783, 0.0)
(41.277569, 21.523499, 0.0)
(41.257225, 21.526922, 0.0)
(40.691082, 21.154751, 0.0)
(40.701218, 21.078499, 0.0)
(40.759075, 21.092203, 0.0)
(40.756115, 21.048599, 0.0)
(40.725075, 21.025238, 0.0)
(40.738842, 21.050507, 0.0)
(40.710190, 21.115753, 0.0)
(40.296970, 21.262428, 0.0)
(39.905720, 20.656349, 0.0)
(40.377625, 20.842054, 0.0)
(40.552967, 21.038586, 0.0)
(40.612869, 20.978872, 0.0)
(40.629730, 20.936161, 0.0)
(40.643139, 20.914980, 0.0)
(40.651520, 20.912516, 0.0)
(40.646942, 20.894831, 0.0)
(40.639668, 20.919849, 0.0)
(40.639416, 20.919870, 0.0)
(40.645439, 20.935905, 0.0)
(40.627411, 20.968338, 0.0)
(40.628082, 20.933983, 0.0)
(40.649433, 20.943203, 0.0)
(40.644394, 20.964993, 0.0)
(40.653038, 20.893059, 0.0)
(40.611431, 20.873550, 0.0)
(40.619762, 20.893217, 0.0)
(40.607899, 20.910877, 0.0)
(40.597370, 20.951147, 0.0)
(40.595207, 21.001530, 0.0)
(39.517944, 24.622520, 0.0)
(39.308731, 25.757265, 0.0)
(39.281708, 25.830933, 0.0)
(39.299793, 25.741341, 0.0)
(39.272408, 25.749043, 0.0)
(39.294312, 25.790304, 0.0)
(39.461403, 26.557894, 0.0)
(39.433552, 26.629227, 0.0)
(39.433601, 26.569729, 0.0)
(39.439369, 26.596363, 0.0)
(39.433502, 26.625910, 0.0)
(39.412636, 26.607828, 0.0)
(39.439594, 26.611198, 0.0)
(39.449791, 26.624250, 0.0)
(39.522678, 26.466980, 0.0)
(39.502411, 26.445263, 0.0)
(39.507473, 26.447134, 0.0)
(39.513081, 26.438131, 0.0)
(39.515057, 26.422503, 0.0)
(39.507740, 26.454094, 0.0)
(39.504543, 26.409279, 0.0)
(39.492786, 26.410660, 0.0)
(39.504333, 26.393269, 0.0)
(39.509899, 26.377808, 0.0)
(39.512505, 26.363510, 0.0)
(39.512505, 26.363510, 0.0)
(39.504387, 26.393002, 0.0)
(39.508095, 26.374929, 0.0)
(39.482788, 26.323469, 0.0)
(39.475246, 26.294193, 0.0)
(39.471001, 26.247311, 0.0)
(37.404995, 21.255152, 0.0)
(36.200108, 18.390856, 0.0)
(36.109268, 18.341936, 0.0)
(36.080666, 18.446499, 0.0)
(36.053413, 18.439804, 0.0)
(36.050034, 18.425220, 0.0)
(36.007179, 18.350321, 0.0)
(37.741920, 19.642614, 0.0)
(41.253166, 24.206947, 0.0)
(41.681297, 26.104464, 0.0)
(41.697601, 26.790403, 0.0)
(41.665035, 26.776678, 0.0)
(41.620232, 26.683077, 0.0)
(41.627834, 26.652172, 0.0)
(41.617928, 26.690218, 0.0)
(41.620193, 26.682474, 0.0)
(41.604267, 26.976423, 0.0)
(41.602531, 26.999268, 0.0)
(41.583443, 26.937698, 0.0)
(41.570919, 26.934637, 0.0)
(41.560528, 26.927547, 0.0)
(41.529854, 26.920094, 0.0)
(41.489864, 26.927639, 0.0)
(41.506424, 26.898743, 0.0)
(41.483139, 26.919231, 0.0)
(41.460701, 26.915146, 0.0)
(41.452724, 26.892464, 0.0)
(41.396717, 26.762190, 0.0)
(41.381203, 26.312807, 0.0)
(41.377350, 26.297739, 0.0)
(41.379959, 26.304951, 0.0)
(40.581829, 24.606535, 0.0)
(40.566105, 24.084299, 0.0)
(40.590126, 24.059280, 0.0)
(40.585777, 24.026073, 0.0)
(40.586781, 23.983152, 0.0)
(40.584221, 23.974575, 0.0)
(40.569008, 23.949011, 0.0)
(40.551460, 23.959963, 0.0)
(40.568237, 23.960365, 0.0)
(40.558662, 23.987602, 0.0)
(40.560352, 23.952942, 0.0)
(40.551952, 23.947252, 0.0)
(38.550339, 22.508936, 0.0)
(32.963024, 19.671307, 0.0)
(27.927435, 19.781775, 0.0)
(26.180721, 20.150562, 0.0)
(26.191980, 20.049059, 0.0)
(26.223858, 20.010946, 0.0)
(25.005713, 20.711950, 0.0)
(24.858347, 20.779406, 0.0)
(24.839682, 20.717360, 0.0)
(24.810556, 20.722851, 0.0)
(24.797194, 20.693228, 0.0)
(24.797194, 20.693228, 0.0)
(24.793718, 20.669479, 0.0)
(24.797338, 20.639093, 0.0)
(24.784134, 20.722546, 0.0)
(24.718756, 20.698673, 0.0)
(24.719585, 20.673233, 0.0)
(24.692068, 20.637644, 0.0)
(24.693449, 20.666689, 0.0)
(24.696898, 20.677942, 0.0)
(24.689291, 20.663332, 0.0)
(24.680910, 20.670444, 0.0)
(24.805288, 20.698988, 0.0)
(24.830738, 20.673544, 0.0)
(24.806124, 20.650312, 0.0)
(24.829733, 20.655865, 0.0)
(24.812403, 20.709591, 0.0)
(24.811020, 20.711891, 0.0)
(24.793121, 20.717405, 0.0)
(24.807146, 20.712355, 0.0)
(24.787882, 20.698408, 0.0)
(24.803844, 20.675037, 0.0)
(24.806124, 20.650312, 0.0)
(24.807783, 20.696295, 0.0)
(24.824736, 20.673653, 0.0)
(24.809381, 20.665670, 0.0)
(24.824457, 20.624510, 0.0)
(27.340773, 19.192980, 0.0)
(27.707523, 18.915665, 0.0)
(27.727505, 18.827188, 0.0)
(27.706316, 18.810183, 0.0)
(27.647524, 18.832983, 0.0)
(27.648331, 18.779142, 0.0)
(27.623898, 18.750460, 0.0)
(27.613071, 18.697456, 0.0)
(27.625664, 18.679213, 0.0)
(27.631567, 18.679708, 0.0)
(27.607748, 18.708233, 0.0)
(27.851362, 18.471977, 0.0)
(27.861692, 18.450909, 0.0)
(27.871820, 18.449060, 0.0)
(27.872751, 18.447638, 0.0)
(27.870434, 18.453991, 0.0)
(27.863768, 18.423981, 0.0)
(27.836220, 18.419846, 0.0)
(27.729431, 18.488256, 0.0)
(27.708332, 18.541143, 0.0)
(27.694681, 18.551813, 0.0)
(27.705254, 18.572418, 0.0)
(27.708506, 18.594505, 0.0)
(28.184299, 18.529272, 0.0)
(31.051401, 18.243414, 0.0)
(31.123680, 18.178766, 0.0)
(31.104330, 18.138208, 0.0)
(29.300663, 18.381552, 0.0)
(27.926352, 18.668825, 0.0)
(27.846699, 18.654428, 0.0)
(27.865936, 18.636909, 0.0)
(27.860266, 18.650434, 0.0)
(27.850780, 18.633413, 0.0)
(27.839996, 18.623095, 0.0)
(27.882849, 18.569540, 0.0)
(27.877846, 18.567188, 0.0)
(27.885004, 18.561844, 0.0)
(27.867250, 18.588329, 0.0)
(26.374220, 19.748512, 0.0)
(26.232725, 20.004414, 0.0)
(26.192902, 20.020851, 0.0)
(26.188414, 20.015795, 0.0)
(26.167971, 20.021845, 0.0)
(26.163134, 20.004103, 0.0)
(26.146933, 19.972704, 0.0)
(26.111078, 20.085274, 0.0)
(26.149786, 20.105652, 0.0)
(26.112488, 20.142124, 0.0)
(26.101519, 20.146935, 0.0)
(26.105051, 20.169048, 0.0)
(26.074306, 20.155252, 0.0)
(26.068346, 20.132431, 0.0)
(26.083519, 20.098782, 0.0)
(26.086868, 20.094162, 0.0)
(26.083158, 20.091007, 0.0)
(26.172676, 20.144077, 0.0)
(26.151354, 20.153538, 0.0)
(26.137413, 20.144817, 0.0)
(26.137413, 20.178719, 0.0)
(26.133879, 20.179232, 0.0)
(26.125523, 20.167589, 0.0)
(26.129448, 20.154028, 0.0)
(26.165329, 20.101448, 0.0)
(26.165329, 20.101448, 0.0)
(26.172876, 20.076952, 0.0)
(26.168430, 20.075266, 0.0)
(26.169853, 20.091360, 0.0)
(26.165806, 20.075422, 0.0)
(26.165806, 20.075422, 0.0)
(26.169174, 20.078920, 0.0)
(26.169174, 20.078920, 0.0)
(26.173059, 20.055944, 0.0)
(26.179483, 20.045143, 0.0)
(26.187759, 20.048426, 0.0)
(26.196705, 20.076807, 0.0)
(28.379896, 20.089617, 0.0)
(31.465672, 21.267296, 0.0)
(31.562933, 21.292105, 0.0)
(31.459150, 21.293325, 0.0)
(31.425858, 21.273216, 0.0)
(31.401400, 21.225718, 0.0)
(31.946543, 21.115984, 0.0)
(31.986498, 21.119820, 0.0)
(31.980913, 21.040380, 0.0)
(31.964291, 21.008139, 0.0)
(31.956541, 21.002897, 0.0)
(31.959898, 20.998558, 0.0)
(31.949553, 20.986319, 0.0)
(31.943029, 20.976738, 0.0)
(31.974743, 21.010071, 0.0)
(31.992496, 20.976002, 0.0)
(31.976925, 20.970129, 0.0)
(31.997046, 20.961891, 0.0)
(32.008423, 21.004965, 0.0)
(31.850073, 20.960577, 0.0)
(31.860012, 20.959473, 0.0)
(31.861988, 20.969351, 0.0)
(31.860657, 21.016960, 0.0)
(31.856909, 21.044760, 0.0)
(31.850986, 21.062948, 0.0)
(31.850098, 21.080011, 0.0)
(31.850098, 21.080011, 0.0)
(31.861271, 21.052124, 0.0)
(31.849884, 21.014925, 0.0)
(31.860657, 21.016960, 0.0)
(31.863981, 21.019398, 0.0)
(31.877146, 21.040184, 0.0)
(31.856630, 21.072691, 0.0)
(31.850098, 21.080011, 0.0)
(31.845398, 21.070953, 0.0)
(31.848722, 21.071775, 0.0)
(31.836266, 21.055271, 0.0)
(31.844110, 21.055828, 0.0)
(33.646694, 21.476280, 0.0)
(38.140121, 23.693367, 0.0)
(38.323421, 23.919754, 0.0)
(38.320946, 23.889133, 0.0)
(38.286831, 23.863356, 0.0)
(38.284321, 23.885096, 0.0)
(38.292645, 23.855686, 0.0)
(38.292660, 23.855602, 0.0)
(38.279823, 23.801071, 0.0)
(38.004665, 24.047300, 0.0)
(37.978237, 24.059998, 0.0)
(37.967564, 24.016489, 0.0)
(37.956215, 24.011276, 0.0)
(37.955708, 24.031372, 0.0)
(37.938946, 24.046635, 0.0)
(37.957211, 23.997391, 0.0)
(37.953869, 23.986534, 0.0)
(37.947910, 23.965370, 0.0)
(37.945351, 23.956177, 0.0)
(37.953407, 23.958508, 0.0)
(37.949497, 23.955097, 0.0)
(37.948097, 23.948582, 0.0)
(37.750080, 22.624420, 0.0)
(37.721298, 22.431242, 0.0)
(37.692646, 22.416033, 0.0)
(37.692646, 22.416033, 0.0)
(37.682228, 22.397619, 0.0)
(37.266193, 22.070660, 0.0)
(35.963886, 20.085018, 0.0)
(35.928894, 19.958031, 0.0)
(35.946316, 20.002790, 0.0)
(35.924431, 20.001865, 0.0)
(35.912506, 20.017078, 0.0)
(35.914948, 20.015934, 0.0)
(35.924442, 20.020330, 0.0)
(35.937241, 20.008791, 0.0)
(35.925308, 19.961716, 0.0)
(35.901093, 19.949287, 0.0)
(31.859676, 19.184523, 0.0)
(26.889690, 19.387447, 0.0)
(25.245352, 19.565536, 0.0)
(25.156898, 19.625526, 0.0)
(25.151192, 19.605747, 0.0)
(25.113630, 19.558043, 0.0)
(25.094685, 19.513683, 0.0)
(25.104782, 19.466854, 0.0)
(24.728138, 19.722162, 0.0)
(24.699081, 19.738642, 0.0)
(24.700823, 19.690571, 0.0)
(24.703024, 19.691713, 0.0)
(24.683414, 19.757397, 0.0)
(24.684547, 19.750748, 0.0)
(24.681829, 19.764078, 0.0)
(24.715534, 19.736307, 0.0)
(24.731903, 19.668449, 0.0)
(24.740211, 19.658556, 0.0)
(24.747828, 19.652924, 0.0)
(24.699007, 19.707157, 0.0)
(24.697865, 19.685564, 0.0)
(24.687365, 19.677828, 0.0)
(24.695503, 19.658716, 0.0)
(24.688414, 19.727625, 0.0)
(24.694036, 19.741222, 0.0)
(24.696194, 19.749796, 0.0)
(24.714172, 19.741226, 0.0)
(24.714172, 19.741226, 0.0)
(24.718369, 19.729101, 0.0)
(24.723051, 19.710331, 0.0)
(24.742764, 19.703032, 0.0)
(24.756762, 19.696875, 0.0)
(24.788742, 19.720156, 0.0)
(24.794653, 19.733744, 0.0)
(24.787226, 19.743000, 0.0)
(24.787951, 19.754938, 0.0)
(24.787220, 19.761114, 0.0)
(24.794453, 19.744814, 0.0)
(25.743027, 20.756723, 0.0)
(26.551149, 23.285748, 0.0)
(26.482338, 23.460081, 0.0)
(26.423683, 23.494717, 0.0)
(26.385462, 23.505920, 0.0)
(26.353577, 23.509291, 0.0)
(26.360363, 23.491268, 0.0)
(26.368025, 23.642130, 0.0)
(26.544661, 23.856049, 0.0)
(26.526735, 23.820633, 0.0)
(26.519388, 23.814037, 0.0)
(26.524523, 23.809507, 0.0)
(26.529522, 23.803299, 0.0)
(26.534822, 23.816832, 0.0)
(26.520107, 23.826464, 0.0)
(26.523035, 23.814627, 0.0)
(26.492891, 23.800238, 0.0)
(26.504974, 23.802406, 0.0)
(26.520931, 23.821808, 0.0)
(26.520153, 23.800573, 0.0)
(26.594664, 23.814119, 0.0)
(26.577795, 23.822599, 0.0)
(26.587093, 23.850288, 0.0)
(26.584856, 23.869095, 0.0)
(26.585451, 23.908243, 0.0)
(26.579355, 23.885714, 0.0)
(26.572515, 23.888012, 0.0)
(26.572653, 23.828129, 0.0)
(26.565733, 23.791513, 0.0)
(26.565733, 23.791513, 0.0)
(26.563101, 23.781002, 0.0)
(26.551157, 23.797377, 0.0)
(26.541178, 23.799917, 0.0)
(26.535158, 23.808819, 0.0)
(26.538187, 23.811281, 0.0)
(26.532385, 23.778896, 0.0)
(27.639618, 23.217133, 0.0)
(32.112480, 21.958607, 0.0)
(32.324142, 21.941509, 0.0)
(32.288063, 21.903715, 0.0)
(32.216618, 21.886021, 0.0)
(32.192135, 21.901476, 0.0)
(32.172997, 21.907692, 0.0)
(32.150108, 21.913706, 0.0)
(32.142857, 21.893345, 0.0)
(32.151276, 21.870632, 0.0)
(31.825970, 21.979582, 0.0)
(31.787045, 21.975817, 0.0)
(31.775660, 21.983570, 0.0)
(31.757519, 21.976168, 0.0)
(31.766890, 22.011683, 0.0)
(31.759245, 22.014055, 0.0)
(31.760328, 21.998579, 0.0)
(31.779097, 22.016632, 0.0)
(31.972620, 22.073685, 0.0)
(31.991220, 22.051517, 0.0)
(31.974777, 22.059540, 0.0)
(31.964190, 22.019938, 0.0)
(31.944242, 22.018402, 0.0)
(31.943628, 22.013968, 0.0)
(31.945009, 22.034487, 0.0)
(31.942545, 22.040716, 0.0)
(31.934214, 22.047848, 0.0)
(31.943743, 22.056639, 0.0)
(31.956408, 22.044096, 0.0)
(31.982412, 21.998196, 0.0)
(31.992331, 21.972076, 0.0)
(32.005047, 21.963007, 0.0)
(31.996744, 21.962831, 0.0)
(31.971973, 21.992100, 0.0)
(31.970968, 22.029177, 0.0)
(31.970968, 22.029177, 0.0)
(31.987181, 21.984463, 0.0)
(31.983353, 21.965538, 0.0)
(31.982758, 21.931473, 0.0)
(35.356091, 22.662996, 0.0)
(38.223186, 24.478262, 0.0)
(38.312702, 24.614883, 0.0)
(38.288273, 24.575348, 0.0)
(38.288273, 24.575348, 0.0)
(38.986004, 24.598101, 0.0)
(39.871220, 24.859848, 0.0)
(39.842022, 24.684441, 0.0)
(39.819233, 24.695385, 0.0)
(39.829739, 24.705509, 0.0)
(39.634453, 24.632648, 0.0)
(38.029232, 24.850031, 0.0)
(37.959927, 24.877144, 0.0)
(37.991673, 24.892372, 0.0)
(38.003544, 24.892763, 0.0)
(37.996017, 24.874466, 0.0)
(37.990189, 24.873432, 0.0)
(37.988293, 24.856335, 0.0)
(37.998684, 24.815319, 0.0)
(38.018616, 24.764015, 0.0)
(38.026264, 24.775024, 0.0)
(38.001846, 24.738979, 0.0)
(38.153522, 24.852421, 0.0)
(38.176212, 24.913599, 0.0)
(38.157639, 24.929392, 0.0)
(38.142075, 24.933271, 0.0)
(38.141113, 24.946032, 0.0)
(38.137978, 24.960583, 0.0)
(38.146397, 24.955954, 0.0)
(38.134575, 24.935146, 0.0)
(38.139687, 24.907543, 0.0)
(38.149937, 24.889725, 0.0)
(38.147488, 24.860140, 0.0)
(38.150112, 24.852179, 0.0)
(38.153683, 24.879597, 0.0)
(38.146870, 24.889315, 0.0)
(37.557991, 24.397053, 0.0)
(33.451256, 19.190514, 0.0)
(32.693367, 17.300472, 0.0)
(32.659283, 17.180847, 0.0)
(32.589573, 17.153063, 0.0)
(31.835207, 16.710613, 0.0)
(31.661898, 16.702145, 0.0)
(31.633593, 16.713375, 0.0)
(31.650974, 16.732458, 0.0)
(31.633858, 16.728346, 0.0)
(31.607965, 16.708485, 0.0)
(31.630495, 16.650009, 0.0)
(31.894892, 16.589426, 0.0)
(31.864666, 16.567711, 0.0)
(31.863880, 16.558580, 0.0)
(31.855177, 16.608706, 0.0)
(31.838150, 16.610897, 0.0)
(31.840973, 16.616983, 0.0)
(31.840973, 16.616983, 0.0)
(31.840973, 16.616983, 0.0)
(31.840973, 16.616983, 0.0)
(31.845087, 16.590155, 0.0)
(31.794220, 16.600615, 0.0)
(31.698368, 16.678841, 0.0)
(31.683704, 16.739603, 0.0)
(31.701330, 16.787579, 0.0)
(31.648258, 16.820137, 0.0)
(31.640472, 16.846016, 0.0)
(31.740873, 16.864864, 0.0)
(34.102978, 18.012510, 0.0)
(34.280045, 18.100176, 0.0)
(34.234467, 18.051470, 0.0)
(34.238743, 18.055046, 0.0)
(34.228943, 18.058025, 0.0)
(34.243477, 18.087984, 0.0)
(34.241833, 18.090832, 0.0)
(34.244465, 18.102514, 0.0)
(34.246475, 18.119385, 0.0)
(34.246532, 18.042591, 0.0)
(35.376755, 18.214773, 0.0)
(39.773785, 19.929590, 0.0)
(41.626060, 21.053932, 0.0)
(41.553131, 21.221052, 0.0)
(41.505844, 21.234934, 0.0)
(41.536209, 21.245043, 0.0)
(41.530914, 21.237295, 0.0)
(41.526012, 21.245687, 0.0)
(41.516617, 21.178846, 0.0)
(41.828930, 21.617689, 0.0)
(41.878227, 21.675898, 0.0)
(41.825665, 21.587692, 0.0)
(41.821224, 21.613293, 0.0)
(41.801285, 21.630527, 0.0)
(41.791584, 21.677355, 0.0)
(41.799114, 21.677948, 0.0)
(41.680840, 21.607750, 0.0)
(41.677662, 21.591856, 0.0)
(41.676594, 21.553123, 0.0)
(41.698448, 21.495632, 0.0)
(41.701462, 21.489594, 0.0)
(41.697479, 21.469286, 0.0)
(41.686855, 21.465328, 0.0)
(41.665894, 21.467068, 0.0)
(41.669548, 21.486849, 0.0)
(41.634075, 21.517302, 0.0)
(41.654842, 21.507801, 0.0)
(41.655746, 21.485470, 0.0)
(41.655746, 21.485470, 0.0)
(41.647053, 21.445614, 0.0)
(41.641056, 21.433395, 0.0)
(41.641056, 21.433395, 0.0)
(41.651596, 21.437841, 0.0)
(41.651596, 21.437841, 0.0)
(41.651596, 21.437841, 0.0)
(41.651596, 21.437841, 0.0)
(41.667210, 21.426773, 0.0)
(40.688164, 19.562754, 0.0)
(40.362877, 18.467522, 0.0)
(40.374264, 18.365292, 0.0)
(40.383202, 18.342766, 0.0)
(40.382011, 18.277132, 0.0)
(40.361946, 18.263781, 0.0)
(40.383862, 18.267342, 0.0)
(40.339554, 18.263737, 0.0)
(40.315449, 18.159565, 0.0)
(40.330055, 18.161833, 0.0)
(40.369030, 18.170630, 0.0)
(40.356033, 18.119324, 0.0)
(40.370136, 18.049566, 0.0)
(40.409008, 18.041380, 0.0)
(40.396080, 18.024883, 0.0)
(40.404266, 18.038155, 0.0)
(40.390743, 18.026201, 0.0)
(40.222874, 18.117529, 0.0)
(40.211643, 18.092819, 0.0)
(40.216492, 18.110895, 0.0)
(40.210159, 18.108318, 0.0)
(40.228504, 18.074284, 0.0)
(40.201664, 18.045835, 0.0)
(40.206875, 18.010090, 0.0)
(40.215736, 18.090801, 0.0)
(40.180664, 18.074867, 0.0)
(40.153767, 18.088305, 0.0)
(40.179100, 18.120634, 0.0)
(40.171547, 18.119106, 0.0)
(40.171371, 18.109201, 0.0)
(40.171967, 18.084616, 0.0)
(40.175293, 18.038879, 0.0)
(40.183205, 18.050968, 0.0)
(40.204342, 18.070478, 0.0)
(40.180927, 18.099327, 0.0)
(40.185146, 18.131149, 0.0)
(40.190071, 18.134893, 0.0)
(40.173588, 18.144379, 0.0)
(40.314922, 18.404942, 0.0)
(41.382851, 21.660696, 0.0)
(41.622158, 24.351358, 0.0)
(41.491875, 25.560398, 0.0)
(41.251717, 25.527065, 0.0)
(41.200348, 26.539289, 0.0)
(41.326916, 27.049967, 0.0)
(41.349251, 27.090033, 0.0)
(41.366669, 27.065802, 0.0)
(41.383747, 27.049824, 0.0)
(41.691326, 27.599249, 0.0)
(41.636543, 27.708176, 0.0)
(41.610207, 27.669390, 0.0)
(41.618496, 27.641336, 0.0)
(41.596519, 27.652906, 0.0)
(41.607758, 27.684368, 0.0)
(41.566891, 27.667229, 0.0)
(41.571678, 27.666153, 0.0)
(41.497177, 27.499729, 0.0)
(41.500202, 27.319500, 0.0)
(41.500202, 27.319500, 0.0)
(41.523556, 27.311459, 0.0)
(41.490818, 27.314363, 0.0)
(41.498745, 27.283422, 0.0)
(41.471512, 27.319414, 0.0)
(41.468105, 27.325998, 0.0)
(41.435131, 27.334459, 0.0)
(41.439407, 27.334459, 0.0)
(41.432991, 27.313087, 0.0)
(41.432991, 27.313087, 0.0)
(41.424923, 27.291592, 0.0)
(41.420734, 27.233696, 0.0)
(41.430870, 27.214853, 0.0)
(41.423904, 27.227034, 0.0)
(41.416420, 27.229879, 0.0)
(41.406803, 27.236609, 0.0)
(41.382320, 27.211126, 0.0)
(39.856491, 25.300190, 0.0)
(34.930313, 20.501904, 0.0)
(30.486004, 18.874865, 0.0)
(29.595375, 18.851507, 0.0)
(29.513033, 18.684401, 0.0)
(29.479719, 18.638643, 0.0)
(29.470201, 18.636074, 0.0)
(29.465977, 18.630499, 0.0)
(29.470955, 18.666851, 0.0)
(29.460123, 18.649939, 0.0)
(29.500530, 18.630590, 0.0)
(29.718834, 18.897173, 0.0)
(29.765041, 18.907291, 0.0)
(29.726688, 18.856314, 0.0)
(29.722897, 18.851910, 0.0)
(29.734755, 18.848682, 0.0)
(29.734755, 18.848682, 0.0)
(29.735401, 18.848022, 0.0)
(29.743267, 18.841385, 0.0)
(29.730215, 18.858950, 0.0)
(29.714712, 18.818291, 0.0)
(29.721935, 18.802887, 0.0)
(29.733891, 18.812052, 0.0)
(29.797943, 18.955559, 0.0)
(29.830715, 19.004116, 0.0)
(29.792336, 19.003988, 0.0)
(29.801884, 18.967335, 0.0)
(29.819265, 18.967213, 0.0)
(29.799511, 18.990437, 0.0)
(29.781622, 19.033634, 0.0)
(29.781622, 19.033634, 0.0)
(29.788370, 18.989815, 0.0)
(29.789135, 18.987261, 0.0)
(29.766863, 18.986368, 0.0)
(29.766863, 18.986368, 0.0)
(29.775711, 18.992535, 0.0)
(29.771078, 19.017767, 0.0)
(29.771078, 19.017767, 0.0)
(31.123447, 19.984802, 0.0)
(33.287090, 21.012308, 0.0)
(34.043507, 23.889137, 0.0)
(34.354710, 25.638584, 0.0)
(34.345753, 25.974792, 0.0)
(34.288971, 25.976271, 0.0)
(34.273693, 25.955717, 0.0)
(34.236904, 25.949696, 0.0)
(34.239510, 25.937666, 0.0)
(34.284622, 26.689503, 0.0)
(34.293999, 26.923550, 0.0)
(34.272255, 26.915602, 0.0)
(34.268402, 26.899784, 0.0)
(34.273617, 26.898066, 0.0)
(34.282303, 26.894293, 0.0)
(34.268021, 26.822071, 0.0)
(34.262314, 26.830769, 0.0)
(34.266956, 26.817310, 0.0)
(34.275211, 26.785105, 0.0)
(34.277557, 26.789244, 0.0)
(34.269489, 26.811213, 0.0)
(34.287983, 26.811314, 0.0)
(34.273140, 26.071123, 0.0)
(34.560146, 23.005476, 0.0)
(34.603043, 22.950790, 0.0)
(34.534527, 22.897049, 0.0)
(34.433033, 22.874266, 0.0)
(34.423702, 22.838945, 0.0)
(34.413063, 22.855600, 0.0)
(34.389839, 22.862577, 0.0)
(34.375084, 22.872204, 0.0)
(34.395443, 22.873756, 0.0)
(34.369789, 22.852442, 0.0)
(34.351624, 22.798891, 0.0)
(34.351173, 22.792629, 0.0)
(34.351173, 22.792629, 0.0)
(34.344933, 22.821648, 0.0)
(35.638718, 21.727591, 0.0)
(39.295753, 20.352293, 0.0)
(40.556454, 19.762735, 0.0)
(41.022877, 19.588747, 0.0)
(41.013512, 19.567663, 0.0)
(41.004108, 19.568043, 0.0)
(40.986053, 19.420969, 0.0)
(41.023121, 19.372650, 0.0)
(41.027393, 19.324862, 0.0)
(41.613358, 19.897436, 0.0)
(41.622879, 19.940794, 0.0)
(41.620312, 19.915535, 0.0)
(41.607723, 19.902615, 0.0)
(41.611134, 19.904171, 0.0)
(41.603920, 19.882683, 0.0)
(0.000000, 0.000000, 1.0)
(0.000000, 0.000000, 1.0)
(0.000000, 0.000000, 1.0)
(0.000000, 0.000000, 1.0)
(41.594452, 19.852308, 0.0)
(41.588902, 19.860924, 0.0)
(41.591942, 19.883625, 0.0)
(41.598450, 19.891171, 0.0)
(41.582428, 19.889231, 0.0)
(41.588127, 19.850286, 0.0)
(41.551800, 19.843786, 0.0)
(41.587822, 19.850637, 0.0)
(41.550911, 19.868639, 0.0)
(41.548458, 19.885885, 0.0)
(41.510445, 19.869001, 0.0)
(41.537403, 19.860857, 0.0)
(41.512672, 19.842604, 0.0)
(41.503109, 19.775532, 0.0)
(41.472240, 19.725510, 0.0)
(41.488331, 19.734472, 0.0)
(41.493221, 19.773987, 0.0)
(41.469353, 19.757727, 0.0)
(41.455135, 19.823437, 0.0)
(40.912140, 21.891539, 0.0)
(40.772541, 23.525076, 0.0)
(40.748577, 24.373255, 0.0)
(40.719925, 24.495937, 0.0)
(40.700157, 24.376568, 0.0)
(40.723137, 24.343285, 0.0)
(40.735821, 24.365173, 0.0)
(40.759666, 24.401308, 0.0)
(40.773762, 24.410017, 0.0)
(40.929111, 24.738462, 0.0)
(40.927826, 24.781746, 0.0)
(40.929836, 24.764591, 0.0)
(40.931221, 24.747118, 0.0)
(40.988594, 24.738092, 0.0)
(40.997948, 24.678186, 0.0)
(40.968346, 24.659340, 0.0)
(40.967815, 24.659809, 0.0)
(40.948254, 24.655422, 0.0)
(40.942513, 24.697435, 0.0)
(40.851315, 24.569416, 0.0)
(40.846760, 24.565559, 0.0)
(40.846760, 24.530607, 0.0)
(40.853062, 24.545900, 0.0)
(40.861237, 24.502005, 0.0)
(40.873642, 24.513248, 0.0)
(40.869255, 24.472527, 0.0)
(40.842400, 24.524189, 0.0)
(40.797314, 24.502110, 0.0)
(40.780975, 24.511436, 0.0)
(40.751911, 24.518631, 0.0)
(40.747570, 24.512760, 0.0)
(40.756725, 24.483770, 0.0)
(40.756725, 24.483770, 0.0)
(40.753376, 24.427805, 0.0)
(40.760902, 24.418880, 0.0)
(40.757046, 24.412464, 0.0)
(40.746639, 24.405878, 0.0)
(39.614410, 23.917641, 0.0)
(34.672062, 22.797949, 0.0)
(31.983061, 23.520315, 0.0)
(32.658669, 24.947716, 0.0)
(33.186779, 25.426443, 0.0)
(33.175835, 25.484163, 0.0)
(33.131443, 25.452402, 0.0)
(32.471489, 26.370766, 0.0)
(32.401241, 26.594442, 0.0)
(32.377953, 26.586933, 0.0)
(32.371342, 26.562239, 0.0)
(32.355423, 26.577253, 0.0)
(32.269482, 26.639267, 0.0)
(32.116020, 26.777832, 0.0)
(32.101963, 26.791193, 0.0)
(32.106026, 26.788658, 0.0)
(32.097542, 26.771294, 0.0)
(32.086796, 26.741652, 0.0)
(32.086796, 26.741652, 0.0)
(32.103298, 26.733683, 0.0)
(32.094604, 26.747416, 0.0)
(32.095394, 26.733513, 0.0)
(32.103195, 26.739218, 0.0)
(32.112984, 26.715210, 0.0)
(32.129513, 26.725397, 0.0)
(32.121376, 26.684280, 0.0)
(32.114414, 26.683584, 0.0)
(32.127228, 26.698193, 0.0)
(32.101265, 26.680990, 0.0)
(32.065971, 26.642052, 0.0)
(32.065842, 26.628630, 0.0)
(32.044636, 26.638729, 0.0)
(32.035782, 26.620934, 0.0)
(32.017948, 26.579758, 0.0)
(32.037487, 26.577663, 0.0)
(32.046627, 26.548042, 0.0)
(32.042850, 26.474667, 0.0)
(32.535149, 25.021715, 0.0)
(34.886806, 19.595987, 0.0)
(35.973228, 17.265318, 0.0)
(35.883984, 17.114485, 0.0)
(35.834846, 17.120329, 0.0)
(35.739178, 16.735678, 0.0)
(35.670330, 16.152546, 0.0)
(35.656384, 16.090784, 0.0)
(35.652214, 16.043591, 0.0)
(35.659039, 16.035166, 0.0)
(35.654331, 16.072960, 0.0)
(35.572834, 16.008713, 0.0)
(35.569088, 15.955314, 0.0)
(35.568447, 15.983182, 0.0)
(35.579189, 15.986923, 0.0)
(35.585194, 15.991512, 0.0)
(35.591232, 15.992259, 0.0)
(35.517941, 16.189648, 0.0)
(35.538551, 16.320000, 0.0)
(35.537216, 16.275692, 0.0)
(35.535446, 16.265030, 0.0)
(35.521759, 16.245405, 0.0)
(35.335785, 16.639160, 0.0)
(35.287849, 16.666229, 0.0)
(35.281406, 16.645981, 0.0)
(35.276855, 16.649014, 0.0)
(35.280910, 16.670391, 0.0)
(35.268162, 16.686102, 0.0)
(35.336861, 17.268085, 0.0)
(35.343292, 17.320042, 0.0)
(35.322647, 17.274284, 0.0)
(35.344398, 17.263193, 0.0)
(35.348667, 17.283796, 0.0)
(35.320717, 17.280001, 0.0)
(35.319363, 17.303846, 0.0)
(35.328999, 17.337820, 0.0)
(35.321312, 17.310690, 0.0)
(35.321312, 17.322197, 0.0)
(33.261555, 18.085501, 0.0)
(28.985094, 20.710762, 0.0)
(27.476433, 22.537760, 0.0)
(27.766554, 23.380066, 0.0)
(27.850279, 23.856241, 0.0)
(27.821386, 23.776155, 0.0)
(27.792931, 23.720911, 0.0)
(27.772985, 23.745739, 0.0)
(27.778025, 23.713472, 0.0)
(27.791725, 23.694010, 0.0)
(27.795282, 23.697769, 0.0)
(27.799961, 23.698208, 0.0)
(28.128897, 23.600657, 0.0)
(28.197306, 23.522047, 0.0)
(28.177732, 23.551832, 0.0)
(28.180294, 23.560972, 0.0)
(28.179823, 23.562496, 0.0)
(28.186455, 23.554602, 0.0)
(28.187851, 23.539274, 0.0)
(28.182323, 23.526012, 0.0)
(28.190374, 23.498734, 0.0)
(28.054426, 23.472698, 0.0)
(27.938848, 23.487734, 0.0)
(27.951826, 23.482121, 0.0)
(27.938522, 23.483362, 0.0)
(27.914536, 23.511740, 0.0)
(27.911674, 23.506025, 0.0)
(27.908566, 23.460606, 0.0)
(27.904608, 23.462202, 0.0)
(27.912312, 23.436607, 0.0)
(27.920647, 23.435497, 0.0)
(27.910841, 23.415045, 0.0)
(27.895870, 23.428186, 0.0)
(27.894045, 23.424822, 0.0)
(27.890017, 23.434204, 0.0)
(27.873543, 23.440599, 0.0)
(27.869978, 23.431629, 0.0)
(28.489138, 23.093746, 0.0)
(34.506763, 20.337353, 0.0)
(38.699333, 20.642933, 0.0)
(39.204113, 20.725918, 0.0)
(39.266216, 20.678104, 0.0)
(39.224834, 20.658689, 0.0)
(39.197746, 20.616331, 0.0)
(39.385284, 20.734274, 0.0)
(39.711048, 20.995155, 0.0)
(39.726917, 20.985144, 0.0)
(39.728340, 20.961113, 0.0)
(39.724567, 20.945324, 0.0)
(39.727921, 20.940966, 0.0)
(39.705894, 20.932220, 0.0)
(39.697441, 20.920263, 0.0)
(39.659508, 20.902506, 0.0)
(39.677620, 20.908350, 0.0)
(39.658978, 20.909599, 0.0)
(39.627705, 20.911257, 0.0)
(39.593384, 20.790098, 0.0)
(39.608124, 20.792263, 0.0)
(39.612965, 20.791183, 0.0)
(39.597633, 20.787975, 0.0)
(39.593945, 20.780493, 0.0)
(39.604073, 20.779783, 0.0)
(39.604130, 20.772255, 0.0)
(39.598827, 20.771816, 0.0)
(39.607803, 20.779783, 0.0)
(39.602951, 20.780901, 0.0)
(39.598209, 20.796099, 0.0)
(39.574726, 20.781504, 0.0)
(37.144112, 19.832968, 0.0)
(36.970669, 19.788288, 0.0)
(36.973560, 19.722998, 0.0)
(36.975674, 19.666977, 0.0)
(36.980698, 19.641535, 0.0)
(36.977798, 19.666599, 0.0)
(36.960896, 19.691023, 0.0)
(35.772964, 18.045746, 0.0)
(35.730618, 17.909008, 0.0)
(35.731934, 17.897314, 0.0)
(35.706451, 17.848200, 0.0)
(32.823631, 17.295149, 0.0)
(29.602978, 17.026766, 0.0)
(28.916714, 16.951101, 0.0)
(30.906757, 16.682440, 0.0)
(34.104610, 17.031445, 0.0)
(35.925446, 17.539089, 0.0)
(36.001656, 17.570292, 0.0)
(35.925117, 17.525240, 0.0)
(35.919811, 17.526024, 0.0)
(35.893715, 17.471699, 0.0)
(35.885361, 17.424864, 0.0)
(35.885361, 17.424864, 0.0)
(35.694786, 17.571930, 0.0)
(35.656845, 17.605350, 0.0)
(35.670712, 17.640400, 0.0)
(35.666946, 17.636015, 0.0)
(35.662708, 17.628450, 0.0)
(35.657089, 17.600613, 0.0)
(35.670265, 17.587269, 0.0)
(35.677662, 17.580090, 0.0)
(35.682606, 17.579134, 0.0)
(35.660503, 17.589033, 0.0)
(35.669426, 17.593649, 0.0)
(35.656277, 17.607025, 0.0)
(35.659687, 17.595442, 0.0)
(35.660503, 17.589033, 0.0)
(35.666916, 17.598782, 0.0)
(35.677662, 17.580090, 0.0)
(35.677662, 17.580090, 0.0)
(35.677662, 17.580090, 0.0)
(35.655228, 17.598181, 0.0)
(35.645359, 17.641026, 0.0)
(35.645359, 17.641026, 0.0)
(33.871616, 18.080971, 0.0)
(29.921085, 20.435635, 0.0)
(29.753975, 21.728268, 0.0)
(29.711355, 21.758312, 0.0)
(29.655079, 21.656664, 0.0)
(29.610394, 21.685423, 0.0)
(29.596468, 21.703211, 0.0)
(29.579512, 21.711441, 0.0)
(29.569988, 21.704977, 0.0)
(29.571486, 21.698149, 0.0)
(29.576487, 21.690470, 0.0)
(29.589409, 21.680222, 0.0)
(29.590508, 21.657373, 0.0)
(29.585081, 21.659712, 0.0)
(29.579763, 21.649343, 0.0)
(29.599411, 21.687944, 0.0)
(29.553322, 21.698265, 0.0)
(29.525642, 21.710770, 0.0)
(29.522362, 21.708178, 0.0)
(29.528580, 21.667093, 0.0)
(29.547289, 21.658125, 0.0)
(29.544548, 21.650408, 0.0)
(29.536070, 21.632528, 0.0)
(29.577042, 21.665895, 0.0)
(29.657032, 21.663733, 0.0)
(29.629282, 21.708000, 0.0)
(29.626318, 21.705429, 0.0)
(29.636782, 21.698574, 0.0)
(29.636179, 21.693213, 0.0)
(29.649738, 21.659718, 0.0)
(29.666309, 21.638956, 0.0)
(29.676910, 21.626118, 0.0)
(29.657707, 21.638672, 0.0)
(29.661484, 21.639767, 0.0)
(29.636143, 21.666470, 0.0)
(29.650331, 21.680714, 0.0)
(29.636143, 21.666470, 0.0)
(29.746986, 21.628132, 0.0)
(34.751030, 20.868816, 0.0)
(35.978001, 20.973902, 0.0)
(36.103836, 20.921104, 0.0)
(36.066326, 20.834118, 0.0)
(37.110031, 20.827774, 0.0)
(37.520035, 20.603354, 0.0)
(37.526764, 20.481718, 0.0)
(37.376701, 20.502888, 0.0)
(36.293598, 20.829027, 0.0)
(36.152706, 20.838196, 0.0)
(36.162922, 20.781439, 0.0)
(36.143097, 20.779015, 0.0)
(36.131020, 20.811396, 0.0)
(36.110516, 20.777416, 0.0)
(36.098370, 20.834126, 0.0)
(36.080124, 20.863052, 0.0)
(36.068130, 20.864548, 0.0)
(36.070583, 20.869518, 0.0)
(36.073326, 20.984747, 0.0)
(36.085449, 20.982195, 0.0)
(36.087639, 20.961786, 0.0)
(36.079861, 20.965950, 0.0)
(36.061245, 20.966295, 0.0)
(36.066917, 20.954720, 0.0)
(36.073467, 20.942186, 0.0)
(36.060219, 20.946972, 0.0)
(36.068363, 20.940405, 0.0)
(35.633682, 20.830448, 0.0)
(35.668213, 20.765608, 0.0)
(35.709717, 20.755692, 0.0)
(35.699421, 20.753740, 0.0)
(35.694027, 20.731812, 0.0)
(33.856098, 19.837248, 0.0)
(32.689739, 19.192007, 0.0)
(32.591076, 19.138857, 0.0)
(32.583118, 19.136387, 0.0)
(32.561710, 19.135906, 0.0)
(32.543262, 19.112780, 0.0)
(35.233212, 18.566284, 0.0)
(39.619705, 19.099230, 0.0)
(40.106674, 19.293964, 0.0)
(40.106972, 19.256540, 0.0)
(40.075333, 19.267605, 0.0)
(40.547440, 19.828438, 0.0)
(40.596592, 19.872608, 0.0)
(40.605793, 19.846235, 0.0)
(40.599411, 19.783869, 0.0)
(40.612053, 19.765816, 0.0)
(40.603451, 19.722145, 0.0)
(40.598602, 19.716106, 0.0)
(40.603222, 19.704683, 0.0)
(40.584011, 19.702679, 0.0)
(40.629215, 19.780813, 0.0)
(40.628109, 19.816088, 0.0)
(40.636524, 19.806667, 0.0)
(40.620899, 19.818842, 0.0)
(40.607559, 19.761177, 0.0)
(40.609287, 19.757227, 0.0)
(40.609287, 19.757227, 0.0)
(40.428532, 19.662796, 0.0)
(40.437294, 19.668228, 0.0)
(40.454266, 19.696915, 0.0)
(40.454266, 19.696915, 0.0)
(40.454266, 19.696915, 0.0)
(40.454266, 19.696915, 0.0)
(40.454266, 19.696915, 0.0)
(40.456879, 19.692308, 0.0)
(40.465004, 19.670109, 0.0)
(40.447014, 19.668865, 0.0)
(40.449303, 19.677290, 0.0)
(40.418644, 19.668739, 0.0)
(40.409031, 19.704779, 0.0)
(40.391537, 19.703348, 0.0)
(40.412994, 19.694267, 0.0)
(40.404377, 19.655647, 0.0)
(37.370243, 18.971939, 0.0)
(32.306625, 20.417116, 0.0)
(28.519156, 23.053154, 0.0)
(27.215921, 24.252386, 0.0)
(27.119564, 24.176268, 0.0)
(27.077354, 24.177952, 0.0)
(27.041582, 24.194939, 0.0)
(27.022596, 24.158241, 0.0)
(26.505573, 25.294722, 0.0)
(26.680593, 25.498789, 0.0)
(26.665571, 25.425486, 0.0)
(26.636461, 25.431339, 0.0)
(26.621445, 25.452879, 0.0)
(26.723392, 25.717310, 0.0)
(26.718603, 25.711710, 0.0)
(26.693697, 25.717827, 0.0)
(26.651085, 25.729393, 0.0)
(26.653856, 25.707529, 0.0)
(26.649570, 25.713007, 0.0)
(26.633619, 25.708500, 0.0)
(26.642206, 25.714970, 0.0)
(26.657793, 25.675964, 0.0)
(26.646206, 25.667528, 0.0)
(26.631752, 25.688093, 0.0)
(26.626657, 25.711758, 0.0)
(26.630192, 25.694098, 0.0)
(26.933228, 24.901503, 0.0)
(28.840584, 20.998392, 0.0)
(29.185961, 20.033165, 0.0)
(29.179047, 19.919674, 0.0)
(29.091307, 19.945072, 0.0)
(29.058203, 19.948137, 0.0)
(29.036352, 19.911892, 0.0)
(29.015539, 19.898901, 0.0)
(29.023102, 19.852770, 0.0)
(29.001196, 19.850796, 0.0)
(29.003403, 19.836740, 0.0)
(29.001608, 19.815605, 0.0)
(32.229736, 19.669554, 0.0)
(36.229282, 22.481915, 0.0)
(36.357456, 23.123451, 0.0)
(36.279411, 23.080391, 0.0)
(36.239784, 23.041636, 0.0)
(36.218243, 23.048834, 0.0)
(36.241077, 23.053255, 0.0)
(36.231579, 23.041124, 0.0)
(36.233421, 23.027561, 0.0)
(36.233421, 23.027561, 0.0)
(36.243858, 23.019958, 0.0)
(36.244972, 23.003141, 0.0)
(36.229332, 23.025837, 0.0)
(36.234833, 22.998640, 0.0)
(36.197758, 22.964293, 0.0)
(35.913086, 23.103123, 0.0)
(35.878891, 23.146599, 0.0)
(35.900803, 23.140049, 0.0)
(35.907845, 23.176691, 0.0)
(35.931793, 23.174616, 0.0)
(35.904152, 23.216194, 0.0)
(35.882725, 23.179178, 0.0)
(35.858242, 23.161539, 0.0)
(35.886852, 23.163914, 0.0)
(35.887081, 23.128443, 0.0)
(35.877701, 23.124926, 0.0)
(35.867287, 23.122810, 0.0)
(35.870514, 23.120701, 0.0)
(35.867336, 23.117180, 0.0)
(35.850060, 23.111544, 0.0)
(35.862724, 23.107164, 0.0)
(35.864304, 23.068678, 0.0)
(35.854080, 23.033163, 0.0)
(35.842434, 23.006363, 0.0)
(35.850647, 23.013527, 0.0)
(35.654694, 22.147194, 0.0)
(35.804443, 20.105282, 0.0)
(35.849747, 20.032131, 0.0)
(35.799625, 19.995405, 0.0)
(35.782818, 19.910004, 0.0)
(35.415329, 19.775200, 0.0)
(30.370670, 19.076099, 0.0)
(26.802496, 20.047438, 0.0)
(26.637257, 20.058517, 0.0)
(26.627708, 20.004541, 0.0)
(26.601027, 20.008736, 0.0)
(30.323681, 18.147587, 0.0)
(36.170357, 16.999384, 0.0)
(39.747551, 18.258713, 0.0)
(40.437977, 18.773476, 0.0)
(40.500439, 18.742022, 0.0)
(40.456142, 18.686871, 0.0)
(40.548721, 19.197195, 0.0)
(40.150013, 22.788269, 0.0)
(40.198822, 25.871677, 0.0)
(39.774529, 26.739075, 0.0)
(39.729633, 26.832895, 0.0)
(39.700829, 26.751572, 0.0)
(39.688606, 26.742556, 0.0)
(39.694637, 26.696552, 0.0)
(39.683262, 26.703722, 0.0)
(39.679874, 26.698713, 0.0)
(39.671349, 26.700577, 0.0)
(39.081856, 26.294788, 0.0)
(33.841812, 21.932348, 0.0)
(28.692421, 21.497698, 0.0)
(26.374559, 21.999086, 0.0)
(26.293781, 21.948925, 0.0)
(26.302891, 21.872471, 0.0)
(26.288189, 21.853571, 0.0)
(26.277992, 21.837420, 0.0)
(26.228323, 21.834616, 0.0)
(26.224054, 21.813225, 0.0)
(26.213873, 21.833076, 0.0)
(26.204144, 21.861113, 0.0)
(26.214594, 21.793528, 0.0)
(29.128880, 20.543739, 0.0)
(33.443104, 19.870596, 0.0)
(33.455200, 19.812191, 0.0)
(33.379715, 19.809418, 0.0)
(33.377254, 19.779425, 0.0)
(33.363773, 19.780354, 0.0)
(33.367016, 19.791073, 0.0)
(33.386837, 19.771725, 0.0)
(33.408813, 19.743959, 0.0)
(33.415180, 19.716520, 0.0)
(33.451706, 19.696323, 0.0)
(33.469311, 19.691513, 0.0)
(33.474407, 19.710938, 0.0)
(33.502853, 19.735237, 0.0)
(33.487389, 19.713373, 0.0)
(33.453880, 19.729441, 0.0)
(33.443779, 19.652210, 0.0)
(35.490936, 18.862637, 0.0)
(39.266064, 18.502394, 0.0)
(40.649734, 19.133490, 0.0)
(40.789585, 19.155190, 0.0)
(40.756210, 19.124634, 0.0)
(40.736435, 19.079372, 0.0)
(40.711758, 19.005869, 0.0)
(40.715721, 18.991716, 0.0)
(40.719700, 19.133362, 0.0)
(41.068317, 22.678211, 0.0)
(40.667217, 25.482250, 0.0)
(40.459846, 26.327896, 0.0)
(40.410465, 26.383598, 0.0)
(40.415382, 26.317593, 0.0)
(40.396801, 26.317501, 0.0)
(40.390705, 26.339529, 0.0)
(40.380768, 26.292139, 0.0)
(40.354259, 26.269966, 0.0)
(40.357002, 26.207108, 0.0)
(39.149803, 25.890617, 0.0)
(34.377834, 24.124214, 0.0)
(30.987913, 24.090210, 0.0)
(30.915163, 24.114403, 0.0)
(30.895229, 24.141848, 0.0)
(30.845970, 24.077559, 0.0)
(30.835453, 24.030428, 0.0)
(30.826494, 24.042034, 0.0)
(30.817739, 24.002001, 0.0)
(30.813599, 24.009926, 0.0)
(30.828598, 23.962769, 0.0)
(30.830847, 23.931480, 0.0)
(30.819527, 23.871206, 0.0)
(30.824722, 23.837791, 0.0)
(30.832954, 23.800467, 0.0)
(30.840940, 23.775278, 0.0)
(31.022499, 22.606075, 0.0)
(31.089809, 21.984182, 0.0)
(31.051670, 21.835846, 0.0)
(31.020052, 21.819401, 0.0)
(30.796871, 22.029373, 0.0)
(28.152235, 24.131912, 0.0)
(27.849342, 24.702244, 0.0)
(27.792850, 24.719936, 0.0)
(27.757019, 24.677080, 0.0)
(27.697124, 24.615070, 0.0)
(27.684479, 24.593775, 0.0)
(27.691637, 24.593721, 0.0)
(27.691637, 24.593721, 0.0)
(27.675278, 24.610405, 0.0)
(27.766457, 24.375273, 0.0)
(28.789961, 19.856520, 0.0)
(29.358469, 18.074434, 0.0)
(29.371803, 17.932343, 0.0)
(29.323193, 17.953825, 0.0)
(29.270649, 17.944958, 0.0)
(29.260477, 17.931711, 0.0)
(29.209301, 17.911116, 0.0)
(29.249235, 17.921144, 0.0)
(33.019005, 16.983406, 0.0)
(36.751156, 17.249266, 0.0)
(36.951099, 17.218689, 0.0)
(36.928574, 17.197367, 0.0)
(36.952145, 17.215450, 0.0)
(39.391590, 22.479637, 0.0)
(39.589943, 26.007378, 0.0)
(39.581951, 26.174194, 0.0)
(39.521526, 26.121624, 0.0)
(39.514259, 26.114685, 0.0)
(39.509377, 26.159349, 0.0)
(39.506149, 26.141239, 0.0)
(39.494278, 26.071712, 0.0)
(39.492958, 26.014271, 0.0)
(39.489212, 26.021374, 0.0)
(37.874935, 25.373028, 0.0)
(36.623695, 25.079483, 0.0)
(36.514488, 25.016706, 0.0)
(36.496479, 24.992447, 0.0)
(36.481064, 24.968204, 0.0)
(36.472534, 25.007093, 0.0)
(36.469952, 25.017681, 0.0)
(35.364346, 24.805578, 0.0)
(34.459011, 24.682518, 0.0)
(34.394535, 24.681829, 0.0)
(34.362740, 24.622309, 0.0)
(34.373623, 24.580318, 0.0)
(35.021362, 24.785309, 0.0)
(38.438278, 25.710640, 0.0)
(38.586456, 25.800949, 0.0)
(38.558792, 25.795029, 0.0)
(38.531773, 25.808081, 0.0)
(38.530407, 25.806934, 0.0)
(38.515774, 25.799072, 0.0)
(37.998234, 24.976290, 0.0)
(35.031456, 19.394676, 0.0)
(33.340973, 17.664557, 0.0)
(33.287434, 17.637131, 0.0)
(33.271893, 17.636200, 0.0)
(33.229481, 17.652693, 0.0)
(33.216991, 17.638681, 0.0)
(33.197620, 17.601812, 0.0)
(33.201530, 17.571053, 0.0)
(33.217999, 17.542158, 0.0)
(33.245815, 17.503819, 0.0)
(33.230282, 17.454546, 0.0)
(35.804665, 17.151724, 0.0)
(39.505810, 18.238384, 0.0)
(40.331451, 18.672318, 0.0)
(40.355362, 18.693647, 0.0)
(40.279770, 18.697693, 0.0)
(40.262989, 18.725060, 0.0)
(40.235867, 18.795937, 0.0)
(38.319000, 17.915213, 0.0)
(33.084759, 17.454178, 0.0)
(29.667646, 18.305370, 0.0)
(29.056099, 18.398096, 0.0)
(29.000772, 18.329493, 0.0)
(29.017157, 18.277908, 0.0)
(29.002594, 18.321987, 0.0)
(28.957151, 18.390720, 0.0)
(28.952656, 18.435678, 0.0)
(31.193512, 19.414562, 0.0)
(32.463718, 20.608738, 0.0)
(32.445770, 20.590368, 0.0)
(32.362743, 20.539476, 0.0)
(32.350101, 20.470171, 0.0)
(35.764637, 22.398422, 0.0)
(39.088207, 25.731062, 0.0)
(39.214966, 26.133495, 0.0)
(39.189590, 26.184021, 0.0)
(39.167362, 26.138609, 0.0)
(39.156960, 25.952663, 0.0)
(39.086197, 25.819326, 0.0)
(37.919075, 25.016722, 0.0)
(33.589069, 21.444981, 0.0)
(31.018560, 20.581367, 0.0)
(30.500505, 19.015099, 0.0)
(30.329515, 18.310177, 0.0)
(30.227266, 18.346716, 0.0)
(30.207375, 18.385571, 0.0)
(30.159803, 18.403444, 0.0)
(30.161779, 18.408205, 0.0)
(30.373301, 18.030287, 0.0)
(30.904182, 16.904541, 0.0)
(30.936735, 16.789391, 0.0)
(30.913704, 16.858929, 0.0)
(30.912960, 16.882051, 0.0)
(30.910727, 16.958162, 0.0)
(30.872059, 17.016138, 0.0)
(31.690998, 16.996542, 0.0)
(35.564308, 17.358404, 0.0)
(35.906738, 17.400928, 0.0)
(35.905403, 17.388111, 0.0)
(35.877277, 17.383362, 0.0)
(35.872147, 17.403301, 0.0)
(35.881435, 17.406673, 0.0)
(36.037197, 18.512375, 0.0)
(36.042126, 18.709316, 0.0)
(36.021709, 18.691568, 0.0)
(36.014362, 18.678957, 0.0)
(35.966057, 18.606079, 0.0)
(37.398869, 19.067066, 0.0)
(40.297966, 20.548494, 0.0)
(40.457172, 20.671329, 0.0)
(40.428204, 20.635202, 0.0)
(40.425304, 20.647800, 0.0)
(40.371250, 20.642155, 0.0)
(38.100338, 19.684084, 0.0)
(34.689083, 18.903660, 0.0)
(34.507687, 18.847401, 0.0)
(34.567921, 18.700731, 0.0)
(34.566429, 18.491375, 0.0)
(34.428970, 18.382711, 0.0)
(34.415825, 18.365866, 0.0)
(31.060156, 17.600000, 0.0)
(30.715273, 17.576992, 0.0)
(30.710257, 17.551800, 0.0)
(30.723833, 17.567238, 0.0)
(30.718557, 17.490253, 0.0)
(30.695089, 17.481699, 0.0)
(30.689217, 17.473017, 0.0)
(30.718039, 17.481741, 0.0)
(32.487736, 18.130978, 0.0)
(35.201843, 19.267670, 0.0)
(35.146595, 19.307344, 0.0)
(35.133080, 19.326303, 0.0)
(35.084118, 19.386911, 0.0)
(35.087673, 19.409483, 0.0)
(35.121738, 19.454546, 0.0)
(35.126877, 19.373919, 0.0)
(35.127472, 19.326778, 0.0)
(35.127472, 19.333719, 0.0)
(35.187405, 19.341572, 0.0)
(38.811729, 20.622047, 0.0)
(39.509495, 21.081318, 0.0)
(39.522568, 21.106325, 0.0)
(39.495674, 21.083876, 0.0)
(39.464520, 21.061918, 0.0)
(39.475948, 21.034966, 0.0)
(39.478058, 20.973068, 0.0)
(39.577183, 22.410297, 0.0)
(40.233883, 24.982248, 0.0)
(40.243866, 25.285921, 0.0)
(40.201523, 25.309504, 0.0)
(40.157310, 25.353846, 0.0)
(40.147137, 25.331469, 0.0)
(40.570328, 26.564875, 0.0)
(40.500034, 26.749725, 0.0)
(40.482376, 26.752338, 0.0)
(40.484070, 26.724669, 0.0)
(40.461872, 26.668842, 0.0)
(39.890877, 26.623739, 0.0)
(39.795387, 26.655956, 0.0)
(39.782486, 26.679001, 0.0)
(39.769569, 26.625294, 0.0)
(37.691746, 25.564314, 0.0)
(37.623489, 25.496141, 0.0)
(37.682411, 25.455790, 0.0)
(37.677071, 25.421127, 0.0)
(36.116341, 22.602783, 0.0)
(34.212528, 19.129906, 0.0)
(34.193733, 19.299654, 0.0)
(34.161625, 19.370684, 0.0)
(34.120598, 19.379795, 0.0)
(34.068222, 19.374119, 0.0)
(34.065178, 19.369837, 0.0)
(34.053638, 19.333515, 0.0)
(34.017719, 19.312006, 0.0)
(34.039524, 19.276466, 0.0)
(33.354309, 19.374308, 0.0)
(33.241184, 19.370445, 0.0)
(33.176548, 19.362516, 0.0)
