{
  "prompt": "black pupil.",
  "gsam2_centers": [
    {
      "valid": true,
      "cx": 131.68,
      "cy": 143.37,
      "area": 1283,
      "det_score": 0.3377,
      "sam_score": 0.9685,
      "box": [
        113.5,
        119.7,
        150.7,
        167.7
      ],
      "repeats": [
        [
          131.64,
          143.36
        ],
        [
          131.64,
          143.4
        ],
        [
          131.75,
          143.28
        ],
        [
          131.76,
          143.22
        ],
        [
          133.03,
          143.27
        ]
      ],
      "idx": 705,
      "mislabel": false,
      "mislabel_reason": "ok",
      "e_unet": 1.39
    },
    {
      "valid": true,
      "cx": 131.89,
      "cy": 143.31,
      "area": 1282,
      "det_score": 0.3358,
      "sam_score": 0.9694,
      "box": [
        113.7,
        119.8,
        150.9,
        167.6
      ],
      "repeats": [
        [
          131.81,
          143.33
        ],
        [
          131.94,
          143.33
        ],
        [
          131.93,
          143.23
        ],
        [
          131.95999999999998,
          143.25
        ],
        [
          133.17,
          143.31
        ]
      ],
      "idx": 706,
      "mislabel": false,
      "mislabel_reason": "ok",
      "e_unet": 1.32
    },
    {
      "valid": true,
      "cx": 131.93,
      "cy": 143.35,
      "area": 1285,
      "det_score": 0.3383,
      "sam_score": 0.9693,
      "box": [
        113.6,
        119.8,
        150.8,
        167.6
      ],
      "repeats": [
        [
          131.81,
          143.39
        ],
        [
          131.95999999999998,
          143.38
        ],
        [
          131.98000000000002,
          143.28
        ],
        [
          131.95999999999998,
          143.29
        ],
        [
          133.15,
          143.43
        ]
      ],
      "idx": 707,
      "mislabel": false,
      "mislabel_reason": "ok",
      "e_unet": 1.35
    },
    {
      "valid": true,
      "cx": 132.13,
      "cy": 143.4,
      "area": 1279,
      "det_score": 0.3633,
      "sam_score": 0.9699,
      "box": [
        113.8,
        119.9,
        150.9,
        167.6
      ],
      "repeats": [
        [
          132.1,
          143.29
        ],
        [
          132.13,
          143.4
        ],
        [
          132.14,
          143.38
        ],
        [
          132.15,
          143.21
        ],
        [
          133.29,
          143.39
        ]
      ],
      "idx": 708,
      "mislabel": false,
      "mislabel_reason": "ok",
      "e_unet": 1.32
    },
    {
      "valid": true,
      "cx": 132.32,
      "cy": 143.35,
      "area": 1278,
      "det_score": 0.3229,
      "sam_score": 0.9697,
      "box": [
        114.1,
        119.9,
        151.0,
        167.9
      ],
      "repeats": [
        [
          132.3,
          143.33
        ],
        [
          132.32,
          143.35
        ],
        [
          132.32999999999998,
          143.35
        ],
        [
          132.31,
          143.29
        ],
        [
          133.45,
          143.38
        ]
      ],
      "idx": 709,
      "mislabel": false,
      "mislabel_reason": "ok",
      "e_unet": 1.32
    },
    {
      "valid": true,
      "cx": 132.38,
      "cy": 143.48,
      "area": 1283,
      "det_score": 0.3404,
      "sam_score": 0.9704,
      "box": [
        114.1,
        119.8,
        151.1,
        168.0
      ],
      "repeats": [
        [
          132.32,
          143.42
        ],
        [
          132.38,
          143.5
        ],
        [
          132.38,
          143.46
        ],
        [
          132.32,
          143.5
        ],
        [
          133.54,
          143.52
        ]
      ],
      "idx": 710,
      "mislabel": false,
      "mislabel_reason": "ok",
      "e_unet": 1.28
    },
    {
      "valid": true,
      "cx": 132.67000000000002,
      "cy": 143.72,
      "area": 1283,
      "det_score": 0.3571,
      "sam_score": 0.9695,
      "box": [
        114.6,
        119.9,
        151.3,
        167.9
      ],
      "repeats": [
        [
          132.72,
          143.61
        ],
        [
          132.69,
          143.73
        ],
        [
          132.72,
          143.68
        ],
        [
          132.82999999999998,
          143.55
        ],
        [
          133.83,
          143.71
        ]
      ],
      "idx": 711,
      "mislabel": false,
      "mislabel_reason": "ok",
      "e_unet": 1.35
    },
    {
      "valid": true,
      "cx": 133.1,
      "cy": 143.38,
      "area": 1290,
      "det_score": 0.3778,
      "sam_score": 0.9695,
      "box": [
        114.7,
        119.7,
        151.8,
        168.0
      ],
      "repeats": [
        [
          133.04000000000002,
          143.35
        ],
        [
          133.1,
          143.42
        ],
        [
          133.12,
          143.42
        ],
        [
          133.16,
          143.33
        ],
        [
          134.31,
          143.49
        ]
      ],
      "idx": 712,
      "mislabel": false,
      "mislabel_reason": "ok",
      "e_unet": 1.11
    },
    {
      "valid": true,
      "cx": 133.45999999999998,
      "cy": 143.15,
      "area": 1284,
      "det_score": 0.3563,
      "sam_score": 0.9701,
      "box": [
        115.1,
        119.5,
        152.2,
        167.7
      ],
      "repeats": [
        [
          133.37,
          143.14
        ],
        [
          133.43,
          143.23
        ],
        [
          133.42000000000002,
          143.25
        ],
        [
          133.44,
          143.13
        ],
        [
          134.58,
          143.22
        ]
      ],
      "idx": 713,
      "mislabel": false,
      "mislabel_reason": "ok",
      "e_unet": 1.18
    },
    {
      "valid": true,
      "cx": 142.65,
      "cy": 138.99,
      "area": 1418,
      "det_score": 0.4262,
      "sam_score": 0.9733,
      "box": [
        122.4,
        115.0,
        164.4,
        163.4
      ],
      "repeats": [
        [
          142.65,
          138.91
        ],
        [
          142.67000000000002,
          138.98
        ],
        [
          142.64,
          138.97
        ],
        [
          142.76,
          138.82
        ],
        [
          143.91,
          138.94
        ]
      ],
      "idx": 714,
      "mislabel": false,
      "mislabel_reason": "ok",
      "e_unet": 1.4
    },
    {
      "valid": true,
      "cx": 165.43,
      "cy": 129.62,
      "area": 1556,
      "det_score": 0.3797,
      "sam_score": 0.9725,
      "box": [
        142.4,
        106.5,
        189.6,
        152.7
      ],
      "repeats": [
        [
          165.44,
          129.57999999999998
        ],
        [
          165.45,
          129.66
        ],
        [
          165.44,
          129.61
        ],
        [
          165.49,
          129.57999999999998
        ],
        [
          166.62,
          129.66
        ]
      ],
      "idx": 715,
      "mislabel": false,
      "mislabel_reason": "ok",
      "e_unet": 1.12
    }
  ]
}