(36.915405, 34.798878, 0.0)
(36.422710, 32.333920, 0.0)
(36.501534, 32.279022, 0.0)
(36.523216, 32.277645, 0.0)
(36.549942, 32.270164, 0.0)
(37.124218, 32.779488, 0.0)
(37.231316, 32.858810, 0.0)
(37.208439, 32.828781, 0.0)
(37.162922, 32.856441, 0.0)
(37.204327, 32.841351, 0.0)
(37.238277, 32.825340, 0.0)
(37.225651, 32.835262, 0.0)
(37.232460, 32.818031, 0.0)
(37.233402, 32.768410, 0.0)
(37.069019, 32.652977, 0.0)
(37.076469, 32.627289, 0.0)
(37.077484, 32.662781, 0.0)
(37.081276, 32.667530, 0.0)
(37.103455, 32.696041, 0.0)
(37.096264, 32.642490, 0.0)
(37.109722, 32.611763, 0.0)
(37.140392, 32.567661, 0.0)
(37.189995, 32.537422, 0.0)
(37.135120, 32.532627, 0.0)
(37.132477, 32.556423, 0.0)
(37.132477, 32.624165, 0.0)
(37.135307, 32.620842, 0.0)
(37.150303, 32.614315, 0.0)
(37.138260, 32.599411, 0.0)
(37.133530, 32.571869, 0.0)
(37.103554, 32.604172, 0.0)
(37.093014, 32.672966, 0.0)
(37.092552, 32.686356, 0.0)
(37.099644, 32.699631, 0.0)
(37.099380, 32.707237, 0.0)
(37.089104, 32.691738, 0.0)
(37.121460, 32.620422, 0.0)
(37.177364, 32.566399, 0.0)
(37.126293, 32.593666, 0.0)
(37.125839, 32.617832, 0.0)
(37.152836, 32.628208, 0.0)
(37.154549, 32.624565, 0.0)
(37.160381, 32.593510, 0.0)
(37.165791, 32.578636, 0.0)
(37.132950, 32.572048, 0.0)
(37.138988, 32.582268, 0.0)
(37.141155, 32.590942, 0.0)
(37.140404, 32.603348, 0.0)
(37.137489, 32.626396, 0.0)
(37.137508, 32.627518, 0.0)
(37.098423, 32.635841, 0.0)
(37.167610, 32.568268, 0.0)
(37.210018, 32.521706, 0.0)
(37.149738, 32.525455, 0.0)
(37.108341, 32.547134, 0.0)
(37.135193, 32.545238, 0.0)
(37.107681, 32.530231, 0.0)
(37.095196, 32.534164, 0.0)
(37.097099, 32.535004, 0.0)
(37.091282, 32.524300, 0.0)
(37.093845, 32.509892, 0.0)
(37.081264, 32.528038, 0.0)
(37.090271, 32.507359, 0.0)
(37.087990, 32.532612, 0.0)
(37.052284, 32.543598, 0.0)
(37.056652, 32.549095, 0.0)
(36.998787, 32.542450, 0.0)
(37.081020, 32.509998, 0.0)
(37.126163, 32.460968, 0.0)
(37.082470, 32.472015, 0.0)
(37.053093, 32.479790, 0.0)
(37.062580, 32.505981, 0.0)
(37.051155, 32.505520, 0.0)
(37.030987, 32.493641, 0.0)
(37.053188, 32.485722, 0.0)
(37.044704, 32.468433, 0.0)
(37.035660, 32.494682, 0.0)
(37.057644, 32.535320, 0.0)
(37.017544, 32.560623, 0.0)
(36.990894, 32.562080, 0.0)
(37.015617, 32.566349, 0.0)
(37.029026, 32.556908, 0.0)
(36.988647, 32.542458, 0.0)
(37.025429, 32.521896, 0.0)
(37.068768, 32.469673, 0.0)
(37.002579, 32.495838, 0.0)
(36.985886, 32.499352, 0.0)
(37.032295, 32.483543, 0.0)
(37.047482, 32.451252, 0.0)
(37.037880, 32.463081, 0.0)
(37.028450, 32.453289, 0.0)
(36.999706, 32.477879, 0.0)
(37.003494, 32.475910, 0.0)
(37.014534, 32.496647, 0.0)
(37.013302, 32.527328, 0.0)
(37.026306, 32.544407, 0.0)
(37.027321, 32.548565, 0.0)
(36.962215, 32.580280, 0.0)
(36.947975, 32.566975, 0.0)
(37.033070, 32.544994, 0.0)
(37.041916, 32.520096, 0.0)
(36.957153, 32.565235, 0.0)
(36.964134, 32.569744, 0.0)
(37.168354, 32.505272, 0.0)
(37.190514, 32.487122, 0.0)
(37.193428, 32.477570, 0.0)
(37.174229, 32.440434, 0.0)
(37.176300, 32.486217, 0.0)
(37.175251, 32.468311, 0.0)
(37.198006, 32.477345, 0.0)
(37.206070, 32.481483, 0.0)
(37.063377, 32.550179, 0.0)
(37.081593, 32.576420, 0.0)
(37.066734, 32.575176, 0.0)
(37.077415, 32.534927, 0.0)
(37.137573, 32.486153, 0.0)
(37.086872, 32.467140, 0.0)
(37.062607, 32.488449, 0.0)
(37.106560, 32.525612, 0.0)
(37.077595, 32.530682, 0.0)
(37.063530, 32.529083, 0.0)
(37.067806, 32.520203, 0.0)
(37.053162, 32.511322, 0.0)
(37.051014, 32.514980, 0.0)
(37.056099, 32.556671, 0.0)
(37.051865, 32.563675, 0.0)
(37.058887, 32.575397, 0.0)
(37.065601, 32.588634, 0.0)
(37.007473, 32.565639, 0.0)
(37.044655, 32.518009, 0.0)
(37.129593, 32.537674, 0.0)
(37.087479, 32.574753, 0.0)
(37.092236, 32.592125, 0.0)
(37.105247, 32.623562, 0.0)
(37.079498, 32.608746, 0.0)
(37.091690, 32.601826, 0.0)
(37.109646, 32.574951, 0.0)
(37.082264, 32.569729, 0.0)
(37.047035, 32.589470, 0.0)
(37.027111, 32.621838, 0.0)
(37.010391, 32.652225, 0.0)
(37.030445, 32.663521, 0.0)
(37.013535, 32.662106, 0.0)
(36.971199, 32.621559, 0.0)
(36.963985, 32.449619, 0.0)
(36.986168, 32.406124, 0.0)
(36.945045, 32.422131, 0.0)
(36.884705, 32.461788, 0.0)
(36.919685, 32.501102, 0.0)
(36.945011, 32.472218, 0.0)
(36.956902, 32.457298, 0.0)
(36.928200, 32.462608, 0.0)
(36.906513, 32.437012, 0.0)
(36.917599, 32.439411, 0.0)
(36.950611, 32.449749, 0.0)
(36.990562, 32.463589, 0.0)
(36.966057, 32.549427, 0.0)
(36.952282, 32.561047, 0.0)
(36.927395, 32.567318, 0.0)
(36.955532, 32.514374, 0.0)
(37.001694, 32.463615, 0.0)
(36.954803, 32.468685, 0.0)
(36.928886, 32.484726, 0.0)
(36.946018, 32.487656, 0.0)
(36.952782, 32.501740, 0.0)
(36.932720, 32.549927, 0.0)
(36.918793, 32.534092, 0.0)
(36.881725, 32.549278, 0.0)
(36.883121, 32.596615, 0.0)
(36.902367, 32.603680, 0.0)
(36.883007, 32.614395, 0.0)
(36.874825, 32.663681, 0.0)
(36.816673, 32.711704, 0.0)
(36.808800, 32.643650, 0.0)
(36.900349, 32.591595, 0.0)
(36.923676, 32.575233, 0.0)
(36.864468, 32.587574, 0.0)
(36.857716, 32.611488, 0.0)
(36.859558, 32.633133, 0.0)
(35.058571, 34.448742, 0.0)
(32.362156, 36.908573, 0.0)
(31.712446, 37.353176, 0.0)
(31.673321, 37.378868, 0.0)
(31.637318, 37.348022, 0.0)
(31.592846, 37.389107, 0.0)
(31.529129, 37.423439, 0.0)
(31.501411, 37.471634, 0.0)
(31.496775, 37.499367, 0.0)
(31.461981, 37.531807, 0.0)
(31.438751, 37.525623, 0.0)
(33.925262, 36.188171, 0.0)
(37.922321, 34.568886, 0.0)
(39.917210, 34.009525, 0.0)
(40.007977, 33.935608, 0.0)
(39.989120, 33.943333, 0.0)
(39.958744, 33.951805, 0.0)
(39.953445, 33.987041, 0.0)
(39.965595, 34.052849, 0.0)
(39.955818, 34.056908, 0.0)
(39.955410, 34.063843, 0.0)
(39.968964, 34.049217, 0.0)
(39.980591, 33.982452, 0.0)
(39.976254, 33.973312, 0.0)
(39.957043, 34.054741, 0.0)
(39.940880, 34.061710, 0.0)
(39.896118, 34.052406, 0.0)
(39.967419, 34.006260, 0.0)
(40.139858, 32.907581, 0.0)
(40.899837, 29.789892, 0.0)
(41.851158, 28.328259, 0.0)
(41.929749, 28.498150, 0.0)
(41.876831, 28.564764, 0.0)
(41.894196, 28.603077, 0.0)
(43.160057, 28.062616, 0.0)
(43.574654, 28.083683, 0.0)
(43.569729, 28.183489, 0.0)
(43.548737, 28.230434, 0.0)
(43.559883, 28.234650, 0.0)
(43.597031, 28.259642, 0.0)
(43.605938, 28.279840, 0.0)
(43.588863, 28.229111, 0.0)
(43.547997, 28.206308, 0.0)
(43.611191, 28.212553, 0.0)
(43.669220, 28.189396, 0.0)
(43.593430, 28.216757, 0.0)
(43.581692, 28.248482, 0.0)
(43.658566, 28.292461, 0.0)
(43.642601, 28.276676, 0.0)
(43.619991, 28.248373, 0.0)
(43.633343, 28.211119, 0.0)
(43.598766, 28.237604, 0.0)
(43.572292, 28.249283, 0.0)
(43.640400, 28.292761, 0.0)
(43.618847, 28.296167, 0.0)
(43.620991, 28.305643, 0.0)
(43.618267, 28.334793, 0.0)
(43.581581, 28.320786, 0.0)
(43.607929, 28.295893, 0.0)
(43.681171, 28.220427, 0.0)
(43.661182, 28.208166, 0.0)
(43.586624, 28.236080, 0.0)
(43.636307, 28.249037, 0.0)
(43.663002, 28.258823, 0.0)
(43.658051, 28.261906, 0.0)
(43.651661, 28.251152, 0.0)
(42.322174, 28.322309, 0.0)
(41.731327, 28.547611, 0.0)
(41.720158, 28.540318, 0.0)
(41.764076, 28.516678, 0.0)
(41.761471, 28.504089, 0.0)
(38.494156, 30.475626, 0.0)
(35.038673, 33.398438, 0.0)
(31.956118, 36.085075, 0.0)
(30.897074, 36.917675, 0.0)
(30.849058, 36.931683, 0.0)
(30.836311, 36.905968, 0.0)
(30.683912, 36.992390, 0.0)
(29.631403, 38.667477, 0.0)
(29.636131, 38.968269, 0.0)
(29.654123, 39.011654, 0.0)
(29.628752, 39.036446, 0.0)
(29.640842, 39.049053, 0.0)
(29.625973, 39.055317, 0.0)
(29.603933, 39.090485, 0.0)
(29.591106, 39.068295, 0.0)
(29.568663, 39.049450, 0.0)
(29.565144, 39.022255, 0.0)
(29.570229, 39.028828, 0.0)
(29.570234, 39.066628, 0.0)
(29.544088, 39.100594, 0.0)
(29.488951, 39.051849, 0.0)
(29.516253, 39.043854, 0.0)
(29.542076, 39.028000, 0.0)
(29.487061, 39.039692, 0.0)
(29.501041, 39.035557, 0.0)
(29.495884, 38.313503, 0.0)
(29.489382, 36.862915, 0.0)
(29.453802, 36.707924, 0.0)
(29.431076, 36.753918, 0.0)
(29.342987, 36.826546, 0.0)
(29.120441, 35.845169, 0.0)
(28.571451, 31.778545, 0.0)
(28.436787, 30.556679, 0.0)
(28.428259, 30.533232, 0.0)
(28.436789, 30.667479, 0.0)
(28.348806, 30.739208, 0.0)
(28.298496, 30.745216, 0.0)
(28.225063, 30.225660, 0.0)
(28.166597, 30.151974, 0.0)
(28.085386, 30.180214, 0.0)
(28.079042, 30.245121, 0.0)
(28.086157, 30.267530, 0.0)
(28.080746, 30.254635, 0.0)
(28.028934, 30.279501, 0.0)
(28.063190, 30.253323, 0.0)
(28.064293, 30.263689, 0.0)
(28.036896, 30.314848, 0.0)
(28.026310, 30.335075, 0.0)
(28.008505, 30.350071, 0.0)
(28.007639, 30.373306, 0.0)
(28.014702, 30.375738, 0.0)
(28.003843, 30.377291, 0.0)
(27.962776, 30.363153, 0.0)
(27.983721, 30.324018, 0.0)
(28.020422, 30.293467, 0.0)
(27.983887, 30.317162, 0.0)
(27.967970, 30.337936, 0.0)
(27.996748, 30.375961, 0.0)
(27.976343, 30.379566, 0.0)
(27.970816, 30.356428, 0.0)
(27.969404, 30.352293, 0.0)
(27.948784, 30.368109, 0.0)
(27.945568, 30.371040, 0.0)
(27.981218, 30.383707, 0.0)
(28.001041, 30.365604, 0.0)
(30.420631, 30.782965, 0.0)
(35.159100, 32.646835, 0.0)
(36.910248, 32.990314, 0.0)
(36.944824, 33.035500, 0.0)
(36.944031, 32.982399, 0.0)
(37.022446, 32.921497, 0.0)
(37.000664, 32.955242, 0.0)
(37.014729, 32.996086, 0.0)
(37.091442, 32.997219, 0.0)
(37.115707, 33.005943, 0.0)
(37.114941, 32.957748, 0.0)
(37.078087, 33.119160, 0.0)
(36.488533, 35.946404, 0.0)
(36.933853, 33.693764, 0.0)
(36.774891, 32.794670, 0.0)
(36.765648, 32.682751, 0.0)
(36.780876, 32.769321, 0.0)
(36.781578, 32.751163, 0.0)
(36.876171, 32.690151, 0.0)
(36.966900, 32.659626, 0.0)
(37.030582, 32.750698, 0.0)
(37.046005, 32.789925, 0.0)
(37.084892, 32.813721, 0.0)
(37.095268, 32.820862, 0.0)
(37.096615, 32.850815, 0.0)
(37.105759, 32.866573, 0.0)
(37.105846, 32.858589, 0.0)
(37.105553, 32.882320, 0.0)
(37.124741, 32.899956, 0.0)
(37.111942, 32.892723, 0.0)
(37.103100, 32.898647, 0.0)
(37.142509, 32.878284, 0.0)
(37.112862, 32.880962, 0.0)
(37.109406, 32.808846, 0.0)
(37.191776, 32.755211, 0.0)
(37.170975, 32.763641, 0.0)
(37.134277, 32.794888, 0.0)
(37.186501, 32.780685, 0.0)
(36.713669, 32.895542, 0.0)
(32.328213, 34.085365, 0.0)
(29.313986, 35.896580, 0.0)
(28.578749, 36.252525, 0.0)
(28.572102, 36.215084, 0.0)
(28.630215, 36.239517, 0.0)
(28.622110, 36.201832, 0.0)
(28.556883, 36.231560, 0.0)
(28.539001, 36.218731, 0.0)
(28.481592, 36.177822, 0.0)
(28.323111, 35.854782, 0.0)
(28.342405, 35.777306, 0.0)
(28.334827, 35.757599, 0.0)
(28.321388, 35.821487, 0.0)
(28.312069, 35.816307, 0.0)
(28.323769, 35.799767, 0.0)
(28.316853, 35.707939, 0.0)
(28.354790, 35.639668, 0.0)
(28.346750, 35.616253, 0.0)
(28.300016, 35.591534, 0.0)
(28.297113, 35.572826, 0.0)
(28.330767, 35.601551, 0.0)
(28.338955, 35.638710, 0.0)
(28.314869, 35.680046, 0.0)
(28.228312, 35.722511, 0.0)
(28.261637, 35.685745, 0.0)
(28.296362, 35.619549, 0.0)
(28.289690, 35.652672, 0.0)
(28.281734, 35.631264, 0.0)
(28.317516, 35.671227, 0.0)
(28.322220, 35.707264, 0.0)
(28.308176, 35.749977, 0.0)
(28.303848, 35.798756, 0.0)
(28.261370, 35.862156, 0.0)
(28.250271, 35.883118, 0.0)
(28.283226, 35.866360, 0.0)
(29.878828, 37.200851, 0.0)
(30.414116, 38.412594, 0.0)
(30.366501, 38.507973, 0.0)
(30.274506, 38.493774, 0.0)
(30.286465, 38.457767, 0.0)
(30.281399, 38.511929, 0.0)
(30.218248, 38.675018, 0.0)
(30.078165, 39.065662, 0.0)
(30.116507, 39.302368, 0.0)
(30.137802, 39.372265, 0.0)
(30.078173, 39.443665, 0.0)
(30.062077, 39.452862, 0.0)
(30.076893, 39.498203, 0.0)
(30.099375, 39.537426, 0.0)
(30.095596, 39.566429, 0.0)
(30.100012, 39.655441, 0.0)
(30.104376, 39.715988, 0.0)
(30.083590, 39.729378, 0.0)
(30.099373, 39.673504, 0.0)
(30.127785, 39.571606, 0.0)
(30.123333, 39.505360, 0.0)
(30.097204, 39.527802, 0.0)
(30.142929, 39.543652, 0.0)
(30.106033, 39.641491, 0.0)
(30.097710, 39.750092, 0.0)
(30.107273, 39.767422, 0.0)
(30.133223, 39.755459, 0.0)
(30.112383, 39.708729, 0.0)
(30.083158, 39.658974, 0.0)
(30.089994, 39.592854, 0.0)
(31.313158, 39.050053, 0.0)
(31.530939, 38.883411, 0.0)
(31.493654, 38.725517, 0.0)
(31.493977, 38.624744, 0.0)
(31.509357, 38.519302, 0.0)
(31.525362, 38.447174, 0.0)
(31.524361, 38.394642, 0.0)
(31.549631, 35.718884, 0.0)
(31.213902, 32.921925, 0.0)
(31.109520, 32.676853, 0.0)
(31.075975, 32.613518, 0.0)
(31.081245, 32.575825, 0.0)
(31.129440, 32.633549, 0.0)
(31.179354, 32.711697, 0.0)
(31.206860, 32.741409, 0.0)
(31.244530, 32.750416, 0.0)
(31.210068, 32.486008, 0.0)
(31.168615, 32.291317, 0.0)
(31.207317, 32.244244, 0.0)
(31.250786, 32.227943, 0.0)
(31.228670, 32.271839, 0.0)
(31.190720, 32.348919, 0.0)
(31.195129, 32.379776, 0.0)
(31.201094, 32.376575, 0.0)
(31.176823, 32.335865, 0.0)
(31.160810, 32.367908, 0.0)
(31.166418, 32.356232, 0.0)
(31.145029, 32.375439, 0.0)
(31.133932, 32.409996, 0.0)
(31.148811, 32.450569, 0.0)
(31.147699, 32.489635, 0.0)
(31.054720, 32.579556, 0.0)
(31.043137, 32.605961, 0.0)
(31.121317, 32.527313, 0.0)
(31.139248, 32.531738, 0.0)
(31.057283, 32.623123, 0.0)
(31.038948, 32.603664, 0.0)
(31.099651, 32.613106, 0.0)
(31.114887, 32.591568, 0.0)
(31.082603, 32.565937, 0.0)
(31.584381, 34.173859, 0.0)
(31.420694, 35.017143, 0.0)
(31.187532, 33.348949, 0.0)
(31.102152, 32.486874, 0.0)
(31.148279, 32.398083, 0.0)
(31.112139, 32.502048, 0.0)
(31.114996, 32.498589, 0.0)
(31.203979, 32.425476, 0.0)
(34.549717, 30.454451, 0.0)
(38.358471, 28.791801, 0.0)
(39.793701, 28.568865, 0.0)
(39.817028, 28.649176, 0.0)
(39.734547, 28.681074, 0.0)
(39.754906, 28.694616, 0.0)
(39.772377, 28.702614, 0.0)
(39.988743, 28.653017, 0.0)
(40.162182, 28.234726, 0.0)
(40.189590, 28.222858, 0.0)
(40.201248, 28.184271, 0.0)
(40.219143, 28.209183, 0.0)
(40.233727, 28.244600, 0.0)
(40.204399, 28.186800, 0.0)
(40.277779, 28.117516, 0.0)
(40.364281, 28.073847, 0.0)
(40.327133, 28.027281, 0.0)
(40.300701, 28.033525, 0.0)
(40.318203, 28.153257, 0.0)
(40.287529, 28.127981, 0.0)
(40.313576, 28.173214, 0.0)
(40.308270, 28.141598, 0.0)
(40.226547, 28.126690, 0.0)
(40.205311, 28.142179, 0.0)
(40.226837, 28.142376, 0.0)
(40.209347, 28.188192, 0.0)
(40.232353, 28.242252, 0.0)
(40.215256, 28.233252, 0.0)
(40.171440, 28.237682, 0.0)
(40.183609, 28.180553, 0.0)
(40.233570, 28.134369, 0.0)
(40.233761, 28.149450, 0.0)
(40.179008, 28.176102, 0.0)
(40.195702, 28.204868, 0.0)
(36.510437, 28.025085, 0.0)
(32.113613, 28.651955, 0.0)
(31.139383, 28.976315, 0.0)
(31.135710, 28.978262, 0.0)
(31.157543, 28.927803, 0.0)
(31.142086, 28.939367, 0.0)
(31.118290, 28.984379, 0.0)
(30.770094, 28.971941, 0.0)
(30.690142, 28.988556, 0.0)
(30.674129, 29.034842, 0.0)
(30.711329, 28.956480, 0.0)
(30.769178, 28.878696, 0.0)
(30.747841, 28.822044, 0.0)
(30.670549, 28.827211, 0.0)
(30.667547, 28.829353, 0.0)
(30.703777, 28.851423, 0.0)
(30.705679, 28.856771, 0.0)
(30.704887, 28.873091, 0.0)
(30.688372, 28.921402, 0.0)
(30.655151, 28.908598, 0.0)
(30.658043, 28.918406, 0.0)
(30.650799, 28.980392, 0.0)
(30.657763, 28.959921, 0.0)
(30.666918, 29.001842, 0.0)
(30.638914, 29.042686, 0.0)
(30.593613, 29.022848, 0.0)
(30.623327, 28.951700, 0.0)
(30.649979, 28.927107, 0.0)
(30.601103, 28.955307, 0.0)
(30.593094, 28.999357, 0.0)
(30.612858, 29.046341, 0.0)
(30.583807, 29.037189, 0.0)
(30.558060, 29.036530, 0.0)
(30.542669, 29.083841, 0.0)
(30.516264, 29.082022, 0.0)
(30.523352, 29.127604, 0.0)
(30.528051, 29.147163, 0.0)
(32.438110, 29.239815, 0.0)
(36.978722, 31.041330, 0.0)
(40.604477, 33.592812, 0.0)
(42.635311, 35.130699, 0.0)
(42.973053, 35.333870, 0.0)
(42.963345, 35.351593, 0.0)
(42.884926, 35.314583, 0.0)
(42.897633, 35.375744, 0.0)
(42.895847, 35.420292, 0.0)
(43.460148, 35.270927, 0.0)
(43.513336, 35.225880, 0.0)
(43.485973, 35.220860, 0.0)
(43.472649, 35.225204, 0.0)
(43.442513, 35.291893, 0.0)
(43.427719, 35.297493, 0.0)
(43.440033, 35.308022, 0.0)
(43.447208, 35.335136, 0.0)
(43.423809, 35.319302, 0.0)
(43.398808, 35.285278, 0.0)
(43.434753, 35.189613, 0.0)
(43.448395, 35.197601, 0.0)
(43.418407, 35.231861, 0.0)
(43.415359, 35.223381, 0.0)
(43.402771, 35.282173, 0.0)
(43.404160, 35.279648, 0.0)
(43.414951, 35.214245, 0.0)
(43.448799, 35.182899, 0.0)
(43.423649, 35.229382, 0.0)
(43.376122, 35.214481, 0.0)
(43.386463, 35.301949, 0.0)
(43.397869, 35.291458, 0.0)
(43.406815, 35.280827, 0.0)
(43.369373, 35.326424, 0.0)
(43.321098, 35.283627, 0.0)
(43.407375, 35.214878, 0.0)
(43.471489, 35.176956, 0.0)
(43.400257, 35.190975, 0.0)
(43.302635, 35.209682, 0.0)
(41.936264, 33.602547, 0.0)
(41.991856, 33.370029, 0.0)
(42.116932, 33.416306, 0.0)
(42.125145, 33.395756, 0.0)
(42.110775, 33.415428, 0.0)
(42.114376, 33.389694, 0.0)
(42.127201, 33.389473, 0.0)
(42.101093, 33.390476, 0.0)
(42.129250, 33.383133, 0.0)
(42.129925, 33.427895, 0.0)
(42.122795, 33.409977, 0.0)
(42.203648, 33.312748, 0.0)
(42.250954, 33.351635, 0.0)
(42.211353, 33.368271, 0.0)
(42.211437, 33.323963, 0.0)
(42.265102, 33.305767, 0.0)
(42.457310, 33.289227, 0.0)
(42.468155, 33.256821, 0.0)
(42.469803, 33.297878, 0.0)
(42.465691, 33.301445, 0.0)
(42.480370, 33.294113, 0.0)
(42.516094, 33.277172, 0.0)
(42.514828, 33.292309, 0.0)
(42.478474, 33.337234, 0.0)
(42.450439, 33.319283, 0.0)
(42.472286, 33.278614, 0.0)
(42.519020, 33.263371, 0.0)
(42.516247, 33.261810, 0.0)
(42.451923, 33.245682, 0.0)
(42.438850, 33.297043, 0.0)
(42.398266, 33.295128, 0.0)
(40.987835, 32.891365, 0.0)
(40.191456, 32.461330, 0.0)
(40.147907, 32.402546, 0.0)
(40.177132, 32.410686, 0.0)
(40.183949, 32.407478, 0.0)
(40.164864, 32.393166, 0.0)
(38.149700, 31.978300, 0.0)
(34.648586, 30.729208, 0.0)
(34.468884, 30.556295, 0.0)
(34.614872, 30.537048, 0.0)
(34.641529, 30.523600, 0.0)
(34.550129, 30.530327, 0.0)
(34.527893, 30.563507, 0.0)
(34.498627, 30.631458, 0.0)
(34.489014, 30.640482, 0.0)
(34.492165, 30.631124, 0.0)
(34.494831, 30.627764, 0.0)
(34.494282, 30.622751, 0.0)
(34.482212, 30.638203, 0.0)
(34.512058, 30.664955, 0.0)
(34.539028, 30.697687, 0.0)
(34.544876, 30.688082, 0.0)
(34.475639, 30.676702, 0.0)
(34.723953, 33.149944, 0.0)
(34.504425, 31.149069, 0.0)
(34.393898, 30.287462, 0.0)
(34.422546, 30.235863, 0.0)
(34.432011, 30.371885, 0.0)
(34.455460, 30.426491, 0.0)
(34.450752, 30.461489, 0.0)
(34.451538, 30.489780, 0.0)
(34.464817, 30.520153, 0.0)
(34.463074, 30.557478, 0.0)
(34.480961, 30.529404, 0.0)
(34.459686, 30.595064, 0.0)
(34.612385, 30.777603, 0.0)
(34.654610, 30.753065, 0.0)
(34.711712, 30.705441, 0.0)
(34.654682, 30.698345, 0.0)
(34.608429, 30.751595, 0.0)
(34.639507, 30.746161, 0.0)
(33.293846, 32.263309, 0.0)
(31.586866, 34.592915, 0.0)
(31.536968, 34.626179, 0.0)
(31.530552, 34.527477, 0.0)
(31.519810, 34.498852, 0.0)
(31.508884, 34.492081, 0.0)
(31.099951, 34.818031, 0.0)
(31.072044, 34.873112, 0.0)
(31.084320, 34.845367, 0.0)
(31.084658, 34.793495, 0.0)
(31.089806, 34.762566, 0.0)
(31.085335, 34.751465, 0.0)
(31.067867, 34.802994, 0.0)
(31.047386, 34.840172, 0.0)
(31.055754, 34.847107, 0.0)
(31.053478, 34.849518, 0.0)
(31.040899, 34.854053, 0.0)
(31.025393, 34.868294, 0.0)
(31.030937, 34.831520, 0.0)
(31.048090, 34.850697, 0.0)
(31.021074, 34.852608, 0.0)
(31.002913, 34.874577, 0.0)
(30.973261, 34.893475, 0.0)
(30.887915, 34.902412, 0.0)
(30.978153, 34.824772, 0.0)
(31.077818, 34.788162, 0.0)
(31.014791, 34.769356, 0.0)
(30.976276, 34.818779, 0.0)
(30.976969, 34.808384, 0.0)
(30.967867, 34.798180, 0.0)
(30.985548, 34.758068, 0.0)
(30.992041, 34.760880, 0.0)
(30.936356, 34.776211, 0.0)
(30.933731, 34.790432, 0.0)
(30.942293, 34.835827, 0.0)
(30.918947, 34.901802, 0.0)
(30.948721, 34.899059, 0.0)
(31.594261, 34.619003, 0.0)
(35.943913, 32.303307, 0.0)
(38.875942, 31.098099, 0.0)
(38.879074, 31.102331, 0.0)
(38.746197, 31.156380, 0.0)
(38.722828, 31.210136, 0.0)
(38.767311, 31.234760, 0.0)
(38.827713, 31.234695, 0.0)
(38.842072, 31.206228, 0.0)
(38.786270, 31.236797, 0.0)
(38.752270, 31.202190, 0.0)
(38.765320, 31.231888, 0.0)
(38.781895, 31.254942, 0.0)
(38.763821, 31.409660, 0.0)
(38.864452, 32.960945, 0.0)
(39.149448, 31.495317, 0.0)
(39.105324, 31.077656, 0.0)
(39.059273, 31.192385, 0.0)
(39.090988, 31.230579, 0.0)
(39.090374, 31.283056, 0.0)
(39.105709, 31.310732, 0.0)
(39.117294, 31.330441, 0.0)
(39.108593, 31.340414, 0.0)
(39.086044, 31.332388, 0.0)
(39.083603, 31.337437, 0.0)
(38.638508, 31.379242, 0.0)
(38.613441, 31.397959, 0.0)
(38.614521, 31.420078, 0.0)
(38.675148, 31.342361, 0.0)
(38.727577, 31.260216, 0.0)
(38.680279, 31.282051, 0.0)
(38.651100, 31.293493, 0.0)
(38.676052, 31.304716, 0.0)
(38.665836, 31.345667, 0.0)
(38.633110, 31.378387, 0.0)
(38.642307, 31.428637, 0.0)
(37.689312, 30.941692, 0.0)
(34.653790, 28.364370, 0.0)
(34.321194, 27.925550, 0.0)
(34.400616, 27.900066, 0.0)
(34.437267, 27.958904, 0.0)
(34.386589, 27.975735, 0.0)
(34.298386, 28.035240, 0.0)
(34.272663, 27.984219, 0.0)
(34.360310, 27.904915, 0.0)
(34.240204, 27.715246, 0.0)
(34.185223, 27.661539, 0.0)
(34.230843, 27.651358, 0.0)
(34.226204, 27.630482, 0.0)
(34.216148, 27.641794, 0.0)
(34.244541, 27.666237, 0.0)
(34.222301, 27.664448, 0.0)
(34.196621, 27.678396, 0.0)
(34.207645, 27.735718, 0.0)
(34.182304, 27.734438, 0.0)
(34.178471, 27.764326, 0.0)
(34.158226, 27.705166, 0.0)
(34.220375, 29.024096, 0.0)
(34.146259, 29.434193, 0.0)
(33.786945, 27.659502, 0.0)
(33.820992, 27.450621, 0.0)
(33.862419, 27.614468, 0.0)
(33.880741, 27.683805, 0.0)
(33.912819, 27.713451, 0.0)
(33.888279, 27.754982, 0.0)
(33.823723, 27.796837, 0.0)
(33.858780, 27.844311, 0.0)
(33.881302, 27.854191, 0.0)
(33.852524, 27.879591, 0.0)
(33.814114, 27.914217, 0.0)
(33.762211, 27.912575, 0.0)
(33.291218, 28.278366, 0.0)
(30.636499, 31.751444, 0.0)
(28.592575, 34.267338, 0.0)
(28.463442, 34.387726, 0.0)
(28.496668, 34.363007, 0.0)
(28.503496, 34.336197, 0.0)
(28.503326, 34.273487, 0.0)
(28.105976, 34.787228, 0.0)
(28.035934, 34.831566, 0.0)
(28.033634, 34.811821, 0.0)
(28.051956, 34.842262, 0.0)
(28.042528, 34.804409, 0.0)
(28.074247, 34.795181, 0.0)
(28.069939, 34.822227, 0.0)
(28.002216, 34.813934, 0.0)
(28.045300, 34.726696, 0.0)
(28.073692, 34.710983, 0.0)
(28.017462, 34.720551, 0.0)
(28.007557, 34.727390, 0.0)
(28.042950, 34.717472, 0.0)
(28.048218, 34.716736, 0.0)
(28.032722, 34.727180, 0.0)
(28.026348, 34.737114, 0.0)
(28.014441, 34.750084, 0.0)
(28.022919, 34.751938, 0.0)
(28.056080, 34.779289, 0.0)
(28.039465, 34.793102, 0.0)
(28.031769, 34.792908, 0.0)
(28.015316, 34.778664, 0.0)
(28.000580, 34.836769, 0.0)
(28.057579, 34.740082, 0.0)
(28.105892, 34.703663, 0.0)
(28.048346, 34.746559, 0.0)
(28.031460, 34.733082, 0.0)
(28.088537, 34.714363, 0.0)
(28.122223, 34.694736, 0.0)
(28.137953, 34.693321, 0.0)
(29.172520, 34.790356, 0.0)
(33.376236, 36.352551, 0.0)
(35.486416, 37.072605, 0.0)
(35.392982, 37.143127, 0.0)
(35.260628, 37.138294, 0.0)
(35.263828, 37.103668, 0.0)
(35.245533, 37.144180, 0.0)
(35.216370, 37.120983, 0.0)
(35.241020, 37.083656, 0.0)
(35.266331, 37.412262, 0.0)
(35.213844, 37.512268, 0.0)
(35.219353, 37.521564, 0.0)
(35.233509, 37.565083, 0.0)
(35.187443, 37.559944, 0.0)
(35.198635, 37.570755, 0.0)
(35.217609, 37.582535, 0.0)
(35.190781, 37.569397, 0.0)
(35.175209, 37.568153, 0.0)
(35.200386, 37.560814, 0.0)
(35.179390, 37.516315, 0.0)
(35.161079, 37.604053, 0.0)
(35.114700, 37.584034, 0.0)
(34.951134, 37.442081, 0.0)
(34.263279, 36.084774, 0.0)
(34.194881, 35.991207, 0.0)
(34.174843, 36.091286, 0.0)
(34.163853, 36.120808, 0.0)
(34.131130, 36.134708, 0.0)
(34.089573, 36.157341, 0.0)
(34.084648, 36.154671, 0.0)
(34.060268, 36.147873, 0.0)
(34.032948, 36.148323, 0.0)
(34.008980, 36.134480, 0.0)
(33.994320, 36.148018, 0.0)
(33.978489, 36.198921, 0.0)
(33.968575, 36.195415, 0.0)
(33.944511, 36.209530, 0.0)
(33.957779, 36.120190, 0.0)
(34.022526, 36.055614, 0.0)
(34.563465, 35.691010, 0.0)
(36.706600, 33.984257, 0.0)
(36.830242, 33.894024, 0.0)
(36.819950, 33.920757, 0.0)
(36.840950, 33.906250, 0.0)
(36.864937, 33.952473, 0.0)
(36.882397, 33.931911, 0.0)
(36.880375, 33.920033, 0.0)
(36.895855, 33.891968, 0.0)
(36.906620, 33.871681, 0.0)
(36.929909, 33.895588, 0.0)
(36.924309, 33.934212, 0.0)
(36.880928, 33.904068, 0.0)
(36.907318, 33.881153, 0.0)
(36.985588, 33.809139, 0.0)
(36.932610, 33.799797, 0.0)
(36.912540, 33.819206, 0.0)
(36.929119, 33.826710, 0.0)
(36.949322, 33.859749, 0.0)
(36.943554, 33.878979, 0.0)
(36.877968, 33.696117, 0.0)
(36.892826, 33.635216, 0.0)
(36.901928, 33.602673, 0.0)
(36.891060, 33.621010, 0.0)
(36.897209, 33.621071, 0.0)
(36.969852, 33.665783, 0.0)
(37.286343, 37.516556, 0.0)
(37.074337, 35.609634, 0.0)
(37.132500, 34.189579, 0.0)
(36.990173, 33.558693, 0.0)
(36.863407, 33.297440, 0.0)
(36.887619, 33.343159, 0.0)
(36.950874, 33.382919, 0.0)
(36.974045, 33.359730, 0.0)
(36.984432, 33.380348, 0.0)
(36.884762, 33.407295, 0.0)
(33.077034, 33.269489, 0.0)
(29.749283, 33.333256, 0.0)
(29.539160, 33.216591, 0.0)
(29.554054, 33.238995, 0.0)
(29.537804, 33.246616, 0.0)
(29.481241, 33.224556, 0.0)
(29.474115, 33.173061, 0.0)
(29.518023, 33.185207, 0.0)
(29.213394, 33.133827, 0.0)
(29.206961, 33.171307, 0.0)
(29.231951, 33.225910, 0.0)
(29.241230, 33.225021, 0.0)
(29.231480, 33.218334, 0.0)
(29.238636, 33.227779, 0.0)
(29.251940, 33.215115, 0.0)
(29.216599, 33.191704, 0.0)
(29.211668, 33.221992, 0.0)
(29.245588, 33.228107, 0.0)
(29.223595, 33.268970, 0.0)
(29.178001, 33.288116, 0.0)
(29.152477, 33.255272, 0.0)
(29.192026, 33.210182, 0.0)
(29.192532, 33.178619, 0.0)
(29.121305, 33.215981, 0.0)
(29.115276, 33.235062, 0.0)
(29.133204, 33.269592, 0.0)
(29.103636, 33.312317, 0.0)
(29.105495, 33.300838, 0.0)
(29.116737, 33.299210, 0.0)
(29.086058, 33.290791, 0.0)
(29.082380, 33.276173, 0.0)
(29.108326, 33.326458, 0.0)
(29.100014, 33.330395, 0.0)
(29.110451, 33.351654, 0.0)
(29.099478, 33.379566, 0.0)
(29.050102, 33.378365, 0.0)
(29.127586, 33.266689, 0.0)
(29.169147, 33.246136, 0.0)
(29.089626, 33.265263, 0.0)
(29.201649, 33.206829, 0.0)
(33.130482, 30.672863, 0.0)
(37.267109, 28.517725, 0.0)
(39.489315, 27.947802, 0.0)
(39.530945, 27.959270, 0.0)
(39.424541, 27.994457, 0.0)
(39.418194, 28.011740, 0.0)
(39.468819, 28.001812, 0.0)
(39.466892, 28.028433, 0.0)
(39.450588, 28.018995, 0.0)
(39.451241, 28.032202, 0.0)
(39.413708, 27.934076, 0.0)
(39.435997, 27.534706, 0.0)
(39.538639, 27.456429, 0.0)
(39.494560, 27.457724, 0.0)
(39.436722, 27.516111, 0.0)
(39.450207, 27.526085, 0.0)
(39.484055, 27.545490, 0.0)
(39.473385, 27.559128, 0.0)
(39.482056, 27.547544, 0.0)
(39.489952, 27.546082, 0.0)
(39.489182, 27.568317, 0.0)
(39.485119, 27.555643, 0.0)
(39.480000, 27.577557, 0.0)
(39.485043, 27.594448, 0.0)
(39.500893, 27.568134, 0.0)
(39.505489, 27.595936, 0.0)
(39.430637, 27.643375, 0.0)
(39.466957, 27.637423, 0.0)
(39.551510, 27.608706, 0.0)
(39.473419, 27.536150, 0.0)
(39.459290, 27.586769, 0.0)
(39.511169, 27.581936, 0.0)
(39.497910, 27.644789, 0.0)
(39.505993, 27.617340, 0.0)
(39.512226, 27.656029, 0.0)
(39.227600, 27.829510, 0.0)
(35.494789, 31.112135, 0.0)
(33.671543, 33.129501, 0.0)
(33.651756, 33.077530, 0.0)
(33.643013, 32.985371, 0.0)
(33.190674, 33.261902, 0.0)
(32.849686, 33.550816, 0.0)
(32.804359, 33.535275, 0.0)
(32.784508, 33.528904, 0.0)
(32.789619, 33.477074, 0.0)
(32.817265, 33.432571, 0.0)
(32.793228, 33.445580, 0.0)
(32.728043, 33.441467, 0.0)
(32.755650, 33.410412, 0.0)
(32.789101, 33.430859, 0.0)
(32.749931, 33.370281, 0.0)
(32.764988, 33.373074, 0.0)
(32.747478, 33.420238, 0.0)
(32.701897, 33.420544, 0.0)
(32.739059, 33.392254, 0.0)
(32.733311, 33.403515, 0.0)
(32.724033, 33.432716, 0.0)
(32.724411, 33.425991, 0.0)
(32.752064, 33.452003, 0.0)
(32.738972, 33.448257, 0.0)
(32.694355, 33.417850, 0.0)
(32.724480, 33.377136, 0.0)
(32.747955, 33.381294, 0.0)
(32.708420, 33.406338, 0.0)
(32.691456, 33.417248, 0.0)
(32.753368, 33.445637, 0.0)
(32.716736, 33.419178, 0.0)
(32.719543, 33.420700, 0.0)
(32.731064, 33.433842, 0.0)
(32.709728, 33.438435, 0.0)
(32.733063, 33.427513, 0.0)
(32.743359, 33.428318, 0.0)
(35.611721, 31.848532, 0.0)
(39.068241, 30.209938, 0.0)
(39.876621, 29.889137, 0.0)
(39.880535, 29.882906, 0.0)
(39.811127, 29.948208, 0.0)
(39.817657, 29.946783, 0.0)
(39.875214, 29.923285, 0.0)
(39.894722, 29.900953, 0.0)
(39.890396, 29.918165, 0.0)
(39.876175, 29.902872, 0.0)
(39.898296, 29.910759, 0.0)
(39.899136, 29.929399, 0.0)
(39.914864, 29.964748, 0.0)
(39.959484, 29.917746, 0.0)
(39.957150, 29.960899, 0.0)
(39.939491, 29.984287, 0.0)
(39.956734, 29.967417, 0.0)
(39.967041, 29.992985, 0.0)
(39.961769, 29.990780, 0.0)
(39.982735, 29.954741, 0.0)
(40.018044, 29.962503, 0.0)
(39.963577, 29.979578, 0.0)
(39.975605, 29.952810, 0.0)
(40.020988, 29.899345, 0.0)
(40.002892, 29.875736, 0.0)
(39.979820, 29.903040, 0.0)
(40.014320, 29.899778, 0.0)
(40.008068, 29.923090, 0.0)
(39.997169, 29.893669, 0.0)
(40.020351, 29.925749, 0.0)
(40.011150, 29.930107, 0.0)
(39.995186, 29.953501, 0.0)
(39.973061, 29.985058, 0.0)
(39.973236, 29.974506, 0.0)
(39.954353, 29.982647, 0.0)
(39.969604, 29.990763, 0.0)
(39.968571, 29.991533, 0.0)
(39.959721, 30.011225, 0.0)
(39.924091, 30.008514, 0.0)
(41.115116, 31.855104, 0.0)
(41.960861, 34.541283, 0.0)
(41.901146, 34.706013, 0.0)
(41.795467, 34.653156, 0.0)
(41.805992, 34.630116, 0.0)
(42.080574, 34.989544, 0.0)
(42.252281, 35.671204, 0.0)
(42.245941, 35.738522, 0.0)
(42.227112, 35.719082, 0.0)
(42.208622, 35.715828, 0.0)
(42.217537, 35.716667, 0.0)
(42.227631, 35.754387, 0.0)
(42.227821, 35.708458, 0.0)
(42.221947, 35.719913, 0.0)
(42.200249, 35.747280, 0.0)
(42.233795, 35.744129, 0.0)
(42.182671, 35.791775, 0.0)
(42.196339, 35.763672, 0.0)
(42.261349, 35.673119, 0.0)
(42.237602, 35.648739, 0.0)
(42.182800, 35.679981, 0.0)
(42.196136, 35.667946, 0.0)
(42.210754, 35.674797, 0.0)
(42.207561, 35.689987, 0.0)
(42.214211, 35.700089, 0.0)
(42.198097, 35.696434, 0.0)
(42.179440, 35.703117, 0.0)
(42.176361, 35.703430, 0.0)
(42.202610, 35.695396, 0.0)
(42.204220, 35.670746, 0.0)
(42.161209, 35.653400, 0.0)
(42.159054, 35.667259, 0.0)
(42.167400, 35.705902, 0.0)
(42.146553, 35.733360, 0.0)
(42.124424, 35.708527, 0.0)
(42.167603, 35.645622, 0.0)
(42.233452, 35.640980, 0.0)
(41.678288, 34.215229, 0.0)
(41.170071, 30.169914, 0.0)
(41.304298, 29.121687, 0.0)
(41.318275, 29.189484, 0.0)
(41.307899, 29.241577, 0.0)
(41.292553, 29.276133, 0.0)
(41.350971, 29.004620, 0.0)
(41.341320, 28.673014, 0.0)
(41.359425, 28.694342, 0.0)
(41.349609, 28.698643, 0.0)
(41.331688, 28.721155, 0.0)
(41.341606, 28.725487, 0.0)
(41.352032, 28.702799, 0.0)
(41.363285, 28.694872, 0.0)
(41.248375, 28.565056, 0.0)
(41.468082, 29.110397, 0.0)
(41.249557, 28.331669, 0.0)
(41.289661, 28.358849, 0.0)
(41.318184, 28.463480, 0.0)
(41.365566, 28.506010, 0.0)
(41.377625, 28.531851, 0.0)
(41.342583, 28.571964, 0.0)
(41.367805, 28.645771, 0.0)
(41.373875, 28.627052, 0.0)
(41.359505, 28.629568, 0.0)
(41.369347, 28.667505, 0.0)
(41.366146, 28.669163, 0.0)
(41.379425, 28.680639, 0.0)
(41.337303, 28.714279, 0.0)
(41.352699, 28.683632, 0.0)
(41.419380, 28.640604, 0.0)
(41.360130, 28.678686, 0.0)
(41.348488, 28.682911, 0.0)
(41.349056, 28.702154, 0.0)
(40.104263, 30.013935, 0.0)
(37.906063, 34.250175, 0.0)
(37.627674, 34.969376, 0.0)
(37.605782, 34.976982, 0.0)
(37.585651, 34.914745, 0.0)
(37.573376, 34.932552, 0.0)
(37.046864, 35.249073, 0.0)
(37.001938, 35.318497, 0.0)
(37.018032, 35.301193, 0.0)
(37.030678, 35.330151, 0.0)
(37.002296, 35.357353, 0.0)
(36.995144, 35.326309, 0.0)
(37.052345, 35.265060, 0.0)
(37.034000, 35.259315, 0.0)
(36.991768, 35.288471, 0.0)
(37.022110, 35.277161, 0.0)
(37.003391, 35.296608, 0.0)
(37.018547, 35.281662, 0.0)
(37.023506, 35.278671, 0.0)
(37.015144, 35.307781, 0.0)
(37.001244, 35.344070, 0.0)
(37.020443, 35.328728, 0.0)
(37.009838, 35.331406, 0.0)
(36.997726, 35.363396, 0.0)
(36.994114, 35.333778, 0.0)
(36.996853, 35.342922, 0.0)
(36.957767, 35.358727, 0.0)
(36.916435, 35.324657, 0.0)
(36.972672, 35.288364, 0.0)
(36.938789, 35.289116, 0.0)
(36.909935, 35.300018, 0.0)
(36.927013, 35.300854, 0.0)
(36.919090, 35.287922, 0.0)
(36.922485, 35.282501, 0.0)
(36.937016, 35.304756, 0.0)
(36.906677, 35.293716, 0.0)
(36.916054, 35.297241, 0.0)
(36.944515, 35.321316, 0.0)
(37.119370, 36.097816, 0.0)
(37.313519, 37.032539, 0.0)
(37.309669, 37.048595, 0.0)
(37.289177, 37.033291, 0.0)
(37.234947, 37.066166, 0.0)
(37.239185, 36.983261, 0.0)
(37.289547, 36.940948, 0.0)
(37.266808, 36.893024, 0.0)
(37.231583, 36.928421, 0.0)
(37.220108, 36.914024, 0.0)
(37.259590, 36.933708, 0.0)
(37.256996, 36.936367, 0.0)
(37.253456, 36.892902, 0.0)
(37.254253, 36.924267, 0.0)
(37.219257, 36.900806, 0.0)
(37.236828, 36.902946, 0.0)
(37.281929, 36.925056, 0.0)
(37.262196, 36.890003, 0.0)
(37.144646, 36.989410, 0.0)
(37.207043, 36.933388, 0.0)
(37.190403, 36.923599, 0.0)
(37.197796, 36.882549, 0.0)
(37.216614, 36.871582, 0.0)
(37.226753, 36.859783, 0.0)
(37.210541, 36.866802, 0.0)
(37.203381, 36.883259, 0.0)
(37.202847, 36.913788, 0.0)
(37.194630, 36.930653, 0.0)
(37.201008, 36.916912, 0.0)
(37.202072, 36.908688, 0.0)
(37.196617, 36.928173, 0.0)
(37.183311, 36.932514, 0.0)
(37.196209, 36.970924, 0.0)
(37.194164, 36.962677, 0.0)
(37.192478, 36.989838, 0.0)
(37.215782, 36.962746, 0.0)
(37.190777, 36.967415, 0.0)
(37.204865, 36.922443, 0.0)
(37.230690, 36.886333, 0.0)
(37.211845, 36.915981, 0.0)
(36.963989, 36.330574, 0.0)
(36.372608, 33.608253, 0.0)
(36.247684, 33.329338, 0.0)
(36.202408, 33.244164, 0.0)
(36.178627, 33.260361, 0.0)
(36.172993, 33.235352, 0.0)
(36.089447, 33.295898, 0.0)
(34.559669, 34.607353, 0.0)
(31.340179, 37.355419, 0.0)
(29.827917, 38.694775, 0.0)
(29.775743, 38.735043, 0.0)
(29.813116, 38.695786, 0.0)
(29.718800, 38.700611, 0.0)
(29.686058, 38.663891, 0.0)
(29.996931, 37.882362, 0.0)
(30.003479, 37.739227, 0.0)
(29.902437, 37.795830, 0.0)
(29.915237, 37.834236, 0.0)
(29.906412, 37.894627, 0.0)
(29.877611, 37.877464, 0.0)
(29.888247, 37.835285, 0.0)
(29.943516, 37.590855, 0.0)
(29.931686, 37.432682, 0.0)
(29.919260, 37.453671, 0.0)
(29.913456, 37.470364, 0.0)
(29.914965, 37.456779, 0.0)
(29.909878, 37.446758, 0.0)
(29.914104, 37.472500, 0.0)
(29.905514, 37.488281, 0.0)
(29.861040, 37.465992, 0.0)
(29.896740, 37.404156, 0.0)
(29.919544, 37.365902, 0.0)
(29.866299, 37.369308, 0.0)
(29.825432, 37.397800, 0.0)
(29.864748, 37.379284, 0.0)
(31.465273, 34.886597, 0.0)
(32.626163, 32.968231, 0.0)
(32.622345, 32.823269, 0.0)
(32.593773, 32.821270, 0.0)
(32.608299, 32.807434, 0.0)
(32.601902, 32.851952, 0.0)
(32.876766, 32.373802, 0.0)
(32.889214, 32.332512, 0.0)
(32.880280, 32.363605, 0.0)
(32.906872, 32.409229, 0.0)
(32.858730, 32.406860, 0.0)
(32.806229, 32.389050, 0.0)
(33.275040, 35.975712, 0.0)
(32.985470, 34.988712, 0.0)
(32.920349, 33.156155, 0.0)
(32.785736, 32.205032, 0.0)
(32.745724, 32.019775, 0.0)
(32.749828, 32.064934, 0.0)
(32.752613, 32.099739, 0.0)
(32.747490, 32.122646, 0.0)
(32.728252, 32.128944, 0.0)
(32.760857, 32.171455, 0.0)
(32.803719, 32.153336, 0.0)
(32.791878, 32.126495, 0.0)
(32.780453, 32.153122, 0.0)
(32.731651, 32.158333, 0.0)
(32.740360, 32.206890, 0.0)
(32.753166, 32.230217, 0.0)
(32.721565, 32.204315, 0.0)
(32.727592, 32.193150, 0.0)
(32.756126, 32.159389, 0.0)
(32.712376, 32.102406, 0.0)
(32.718033, 32.094784, 0.0)
(32.735287, 32.126762, 0.0)
(32.723186, 32.179958, 0.0)
(32.734642, 32.153149, 0.0)
(32.806755, 32.212299, 0.0)
(36.330105, 35.108280, 0.0)
(38.759754, 36.917469, 0.0)
(38.730122, 37.116516, 0.0)
(38.662739, 37.152618, 0.0)
(38.638481, 37.129486, 0.0)
(38.669559, 37.164227, 0.0)
(39.031765, 37.625744, 0.0)
(39.102844, 37.736946, 0.0)
(39.116302, 37.793816, 0.0)
(39.055180, 37.797482, 0.0)
(39.078541, 37.791222, 0.0)
(39.150780, 37.742481, 0.0)
(39.118191, 37.719757, 0.0)
(39.170403, 37.819279, 0.0)
(39.203064, 38.044628, 0.0)
(39.188614, 38.057022, 0.0)
(39.164627, 38.067898, 0.0)
(39.166386, 38.046753, 0.0)
(39.158161, 38.045422, 0.0)
(39.146255, 38.053844, 0.0)
(39.163685, 38.066772, 0.0)
(39.175598, 38.083580, 0.0)
(39.148083, 38.065575, 0.0)
(39.148380, 38.103470, 0.0)
(39.158596, 38.083557, 0.0)
(39.153175, 38.100044, 0.0)
(39.149975, 38.115376, 0.0)
(39.139481, 38.146339, 0.0)
(39.140945, 38.107437, 0.0)
(39.192890, 38.044102, 0.0)
(39.171001, 38.039326, 0.0)
(39.148281, 38.076149, 0.0)
(39.158852, 38.066479, 0.0)
(39.178753, 38.100456, 0.0)
(39.186752, 38.101364, 0.0)
(39.184044, 38.139011, 0.0)
(39.169258, 38.201813, 0.0)
(35.387848, 38.095520, 0.0)
(34.112766, 38.014511, 0.0)
(34.094376, 38.008003, 0.0)
(34.123985, 37.988426, 0.0)
(34.048927, 37.999363, 0.0)
(33.966236, 38.027153, 0.0)
(33.594543, 38.302025, 0.0)
(33.540962, 38.327106, 0.0)
(33.478153, 38.388401, 0.0)
(33.456661, 38.365208, 0.0)
(33.552685, 38.259159, 0.0)
(33.566139, 38.252937, 0.0)
(33.489082, 38.272079, 0.0)
(33.471863, 38.267845, 0.0)
(33.552830, 38.299248, 0.0)
(33.507481, 38.286873, 0.0)
(33.509838, 38.274628, 0.0)
(33.524185, 38.261734, 0.0)
(33.472389, 38.227661, 0.0)
(33.453812, 38.234600, 0.0)
(33.448566, 38.241093, 0.0)
(33.466667, 38.202751, 0.0)
(33.470943, 38.218952, 0.0)
(33.440140, 38.253132, 0.0)
(33.436012, 38.257366, 0.0)
(33.494762, 38.270515, 0.0)
(33.432953, 38.303719, 0.0)
(33.416397, 38.302704, 0.0)
(33.482895, 38.249725, 0.0)
(33.495029, 38.240093, 0.0)
(33.404648, 38.276852, 0.0)
(33.403385, 38.267883, 0.0)
(33.439182, 38.287174, 0.0)
(33.458664, 38.269585, 0.0)
(33.447395, 38.259663, 0.0)
(33.432106, 38.319347, 0.0)
(33.428616, 38.324799, 0.0)
(33.432606, 38.317249, 0.0)
(33.443810, 38.354630, 0.0)
(35.395245, 36.229576, 0.0)
(38.569069, 33.043484, 0.0)
(41.294827, 30.968832, 0.0)
(42.896641, 30.151562, 0.0)
(42.965946, 30.213377, 0.0)
(42.892742, 30.249914, 0.0)
(42.885460, 30.243168, 0.0)
(43.036304, 30.240139, 0.0)
(43.857666, 30.009836, 0.0)
(43.893612, 30.039745, 0.0)
(43.866859, 30.045097, 0.0)
(43.846668, 30.087248, 0.0)
(43.853878, 30.134798, 0.0)
(43.874985, 30.138699, 0.0)
(43.871162, 30.200041, 0.0)
(43.848129, 30.249252, 0.0)
(43.857956, 30.232697, 0.0)
(43.854382, 30.252848, 0.0)
(43.842072, 30.247204, 0.0)
(43.853394, 30.208319, 0.0)
(43.861847, 30.215441, 0.0)
(43.842239, 30.234764, 0.0)
(43.806789, 30.240347, 0.0)
(43.862114, 30.171814, 0.0)
(43.911545, 30.112455, 0.0)
(43.851723, 30.134226, 0.0)
(43.783939, 30.167181, 0.0)
(43.811283, 30.153196, 0.0)
(43.826397, 30.158237, 0.0)
(43.814129, 30.136051, 0.0)
(43.008842, 29.903032, 0.0)
(42.727295, 29.826422, 0.0)
(42.741173, 29.811621, 0.0)
(42.783157, 29.831900, 0.0)
(42.778454, 29.823288, 0.0)
(42.752121, 29.837070, 0.0)
(40.280254, 29.204357, 0.0)
(37.772530, 28.587936, 0.0)
(37.835022, 28.603485, 0.0)
(37.890102, 28.549301, 0.0)
(37.943382, 28.496056, 0.0)
(37.951077, 28.463667, 0.0)
(37.886631, 28.511677, 0.0)
(37.868824, 28.503103, 0.0)
(37.921379, 28.488817, 0.0)
(37.912338, 28.456966, 0.0)
(38.153244, 28.511236, 0.0)
(38.173428, 28.508802, 0.0)
(38.172844, 28.802008, 0.0)
(38.443043, 29.601650, 0.0)
(38.016762, 28.305962, 0.0)
(37.979061, 28.164001, 0.0)
(37.986240, 28.299017, 0.0)
(37.982441, 28.390413, 0.0)
(38.085712, 28.382463, 0.0)
(38.109158, 28.310219, 0.0)
(38.087231, 28.335424, 0.0)
(38.015060, 28.370070, 0.0)
(38.049221, 28.432243, 0.0)
(38.034767, 28.441727, 0.0)
(38.038334, 28.452902, 0.0)
(38.041138, 28.475306, 0.0)
(38.030598, 28.488504, 0.0)
(38.036613, 28.479124, 0.0)
(38.061653, 28.482157, 0.0)
(38.068516, 28.500067, 0.0)
(38.062607, 28.535402, 0.0)
(38.072285, 28.553665, 0.0)
(38.093479, 28.549463, 0.0)
(38.068665, 28.567118, 0.0)
(38.066944, 28.541185, 0.0)
(38.108891, 28.480089, 0.0)
(39.202415, 29.878117, 0.0)
(41.027641, 33.283798, 0.0)
(41.584042, 34.265682, 0.0)
(41.588474, 34.371902, 0.0)
(41.509773, 34.352726, 0.0)
(41.505684, 34.314625, 0.0)
(42.476784, 35.313274, 0.0)
(42.569473, 35.505795, 0.0)
(42.509720, 35.527031, 0.0)
(42.516796, 35.535202, 0.0)
(42.495605, 35.570103, 0.0)
(42.473213, 35.564762, 0.0)
(42.485283, 35.606503, 0.0)
(42.479622, 35.582661, 0.0)
(42.431175, 35.563992, 0.0)
(42.468735, 35.549488, 0.0)
(42.383194, 35.497684, 0.0)
(39.154602, 35.018646, 0.0)
(39.028900, 35.001499, 0.0)
(39.093048, 35.047558, 0.0)
(39.072693, 35.008152, 0.0)
(39.068264, 34.975422, 0.0)
(39.071823, 34.963741, 0.0)
(39.071049, 34.998035, 0.0)
(38.993614, 34.995899, 0.0)
(39.034920, 35.029995, 0.0)
(39.064919, 35.040375, 0.0)
(39.034473, 35.037251, 0.0)
(39.022572, 35.046803, 0.0)
(39.052010, 35.042450, 0.0)
(38.968082, 35.046066, 0.0)
(38.981197, 35.030525, 0.0)
(39.073990, 35.027554, 0.0)
(39.014977, 35.012203, 0.0)
(38.993565, 35.045135, 0.0)
(38.991699, 35.062263, 0.0)
(39.004936, 35.063187, 0.0)
(38.964851, 35.080036, 0.0)
(35.588070, 36.193806, 0.0)
(35.284733, 36.343018, 0.0)
(35.229038, 36.330421, 0.0)
(35.252312, 36.309242, 0.0)
(35.260822, 36.313904, 0.0)
(34.845821, 36.696793, 0.0)
(34.782265, 36.701385, 0.0)
(34.816082, 36.658207, 0.0)
(34.784016, 36.668324, 0.0)
(34.769455, 36.632259, 0.0)
(34.798664, 36.600601, 0.0)
(34.805557, 36.634911, 0.0)
(34.775444, 36.648392, 0.0)
(34.780525, 36.659508, 0.0)
(34.782238, 36.663708, 0.0)
(34.798370, 36.668476, 0.0)
(34.838699, 36.608139, 0.0)
(34.805847, 36.619499, 0.0)
(34.812389, 36.637623, 0.0)
(34.830872, 36.640270, 0.0)
(34.857048, 36.645157, 0.0)
(34.867153, 36.630600, 0.0)
(34.856888, 36.631569, 0.0)
(34.879543, 36.643951, 0.0)
(34.863567, 36.614677, 0.0)
(34.854424, 36.687286, 0.0)
(34.817078, 36.705273, 0.0)
(34.875877, 36.628201, 0.0)
(34.898911, 36.625835, 0.0)
(34.808056, 36.649006, 0.0)
(34.821331, 36.640060, 0.0)
(34.835388, 36.664410, 0.0)
(34.822800, 36.681156, 0.0)
(34.813419, 36.671791, 0.0)
(34.815815, 36.692398, 0.0)
(34.811420, 36.698471, 0.0)
(34.808361, 36.713348, 0.0)
(34.819542, 36.694363, 0.0)
(34.974442, 35.942348, 0.0)
(35.948971, 31.517015, 0.0)
(36.448544, 29.355944, 0.0)
(36.422558, 29.286308, 0.0)
(36.414440, 29.406530, 0.0)
(36.386082, 29.453266, 0.0)
(36.333214, 29.487082, 0.0)
(36.412312, 29.429075, 0.0)
(36.422039, 29.388126, 0.0)
(36.376144, 29.401657, 0.0)
(36.358616, 29.407415, 0.0)
(36.375473, 29.358528, 0.0)
(36.368080, 29.364601, 0.0)
(36.503963, 31.016836, 0.0)
(36.172447, 29.726856, 0.0)
(36.091442, 29.228094, 0.0)
(36.084705, 29.260225, 0.0)
(36.129631, 29.326954, 0.0)
(36.133854, 29.362610, 0.0)
(36.152313, 29.409084, 0.0)
(36.196983, 29.467314, 0.0)
(36.200397, 29.502390, 0.0)
(36.153515, 29.461084, 0.0)
(36.179977, 29.423485, 0.0)
(36.182030, 29.406725, 0.0)
(36.116695, 29.368570, 0.0)
(36.125126, 29.409630, 0.0)
(36.151489, 29.462234, 0.0)
(36.129826, 29.502834, 0.0)
(36.131065, 29.490665, 0.0)
(36.147621, 29.495600, 0.0)
(36.131149, 29.520342, 0.0)
(36.103207, 29.511681, 0.0)
(36.136990, 29.508293, 0.0)
(36.139549, 29.510578, 0.0)
(33.396397, 29.801817, 0.0)
(29.923212, 30.632101, 0.0)
(29.253309, 30.905828, 0.0)
(29.303467, 30.875317, 0.0)
(29.303391, 30.887648, 0.0)
(29.223232, 30.872412, 0.0)
(29.262739, 30.774574, 0.0)
(29.274267, 30.778194, 0.0)
(29.006796, 30.668114, 0.0)
(29.000374, 30.644453, 0.0)
(29.044064, 30.700016, 0.0)
(29.036373, 30.656040, 0.0)
(29.035971, 30.681202, 0.0)
(29.036200, 30.661070, 0.0)
(28.986673, 30.690893, 0.0)
(28.973450, 30.721352, 0.0)
(28.986237, 30.738646, 0.0)
(28.993572, 30.759617, 0.0)
(28.986774, 30.737415, 0.0)
(28.963165, 30.780781, 0.0)
(28.969475, 30.787224, 0.0)
(29.006941, 30.782383, 0.0)
(28.993422, 30.777719, 0.0)
(28.930326, 30.844185, 0.0)
(28.998484, 30.742346, 0.0)
(29.035275, 30.722624, 0.0)
(28.983727, 30.755735, 0.0)
(28.937952, 30.777956, 0.0)
(28.993778, 30.762850, 0.0)
(28.979927, 30.788956, 0.0)
(28.947479, 30.800497, 0.0)
(28.947182, 30.842279, 0.0)
(28.937035, 30.871239, 0.0)
(28.940168, 30.873798, 0.0)
(28.948708, 30.898956, 0.0)
(28.955240, 30.875553, 0.0)
(29.348631, 31.240948, 0.0)
(31.586573, 33.903950, 0.0)
(32.716724, 35.260654, 0.0)
(32.660686, 35.309448, 0.0)
(32.555538, 35.268925, 0.0)
(32.533360, 35.245529, 0.0)
(32.985367, 35.574852, 0.0)
(33.041988, 35.678577, 0.0)
(32.968346, 35.655071, 0.0)
(32.953075, 35.668678, 0.0)
(32.973381, 35.703613, 0.0)
(32.983448, 35.707390, 0.0)
(32.982082, 35.713699, 0.0)
(32.963230, 35.726017, 0.0)
(32.939232, 35.747410, 0.0)
(32.944832, 35.700497, 0.0)
(32.966599, 35.694614, 0.0)
(32.949955, 35.669514, 0.0)
(32.941349, 35.710812, 0.0)
(32.926460, 35.717236, 0.0)
(32.971977, 35.753883, 0.0)
(32.977371, 35.785160, 0.0)
(32.913727, 35.738548, 0.0)
(32.943604, 35.725296, 0.0)
(32.972828, 35.683521, 0.0)
(32.944962, 35.699993, 0.0)
(32.906391, 35.664989, 0.0)
(32.952343, 35.740852, 0.0)
(32.927444, 35.744267, 0.0)
(32.931816, 35.710564, 0.0)
(32.930859, 35.744789, 0.0)
(32.905621, 35.731049, 0.0)
(32.881992, 35.747684, 0.0)
(32.878456, 35.745174, 0.0)
(32.915852, 35.728947, 0.0)
(32.880672, 35.764977, 0.0)
(32.866741, 35.698959, 0.0)
(32.925690, 35.727016, 0.0)
(33.461357, 34.238884, 0.0)
(35.177116, 30.313061, 0.0)
(36.383709, 28.355925, 0.0)
(36.469219, 28.404411, 0.0)
(36.325733, 28.473850, 0.0)
(36.329449, 28.512714, 0.0)
(36.352303, 28.508465, 0.0)
(36.328178, 28.502592, 0.0)
(36.332218, 28.805147, 0.0)
(36.383980, 30.651165, 0.0)
(36.218910, 28.783604, 0.0)
(36.219986, 28.460320, 0.0)
(36.241879, 28.540890, 0.0)
(36.251717, 28.603426, 0.0)
(36.265915, 28.653517, 0.0)
(36.263657, 28.676729, 0.0)
(36.257786, 28.701309, 0.0)
(36.281368, 28.678059, 0.0)
(36.289761, 28.650928, 0.0)
(36.261372, 28.646727, 0.0)
(36.242168, 28.647722, 0.0)
(36.267498, 28.633404, 0.0)
(36.269543, 28.651031, 0.0)
(36.260357, 28.679108, 0.0)
(36.249138, 28.676559, 0.0)
(36.235798, 28.708525, 0.0)
(36.230824, 28.732033, 0.0)
(36.235596, 28.713165, 0.0)
(36.245720, 28.734251, 0.0)
(36.222569, 28.736500, 0.0)
(36.241447, 28.708183, 0.0)
(36.247898, 28.712891, 0.0)
(36.242641, 28.744186, 0.0)
(36.211292, 28.715761, 0.0)
(36.272751, 28.688822, 0.0)
(36.567371, 30.257284, 0.0)
(36.956264, 32.715176, 0.0)
(36.910450, 32.851227, 0.0)
(36.901917, 32.774410, 0.0)
(36.876820, 32.741352, 0.0)
(36.858727, 32.721085, 0.0)
(36.856304, 32.734779, 0.0)
(36.845135, 32.739582, 0.0)
(36.840340, 32.756634, 0.0)
(36.850777, 32.740921, 0.0)
(36.825974, 32.754738, 0.0)
(36.807487, 32.750168, 0.0)
(36.829403, 32.697292, 0.0)
(36.842331, 32.701462, 0.0)
(36.798935, 32.718391, 0.0)
(36.782749, 32.725903, 0.0)
(36.716633, 32.679226, 0.0)
(36.723122, 32.629040, 0.0)
(36.664650, 32.659443, 0.0)
(36.628048, 32.650097, 0.0)
(36.620178, 32.580883, 0.0)
(36.908928, 34.433769, 0.0)
(36.904400, 35.223907, 0.0)
(36.732887, 33.631275, 0.0)
(36.547657, 32.747677, 0.0)
(36.569954, 32.675430, 0.0)
(36.571735, 32.740856, 0.0)
(36.571186, 32.798313, 0.0)
(36.551250, 32.853649, 0.0)
(36.588333, 32.883301, 0.0)
(36.575748, 32.890194, 0.0)
(36.587440, 32.837692, 0.0)
(36.648529, 32.786652, 0.0)
(36.648136, 32.806862, 0.0)
(36.597012, 32.821266, 0.0)
(36.621075, 32.804073, 0.0)
(38.025661, 33.108536, 0.0)
(39.965885, 33.459156, 0.0)
(40.045444, 33.509266, 0.0)
(39.943859, 33.516605, 0.0)
(39.913170, 33.480827, 0.0)
(39.949440, 33.524544, 0.0)
(40.450390, 33.617912, 0.0)
(40.489986, 33.638870, 0.0)
(40.478916, 33.633820, 0.0)
(40.474522, 33.615723, 0.0)
(40.460541, 33.618195, 0.0)
(40.384399, 33.599834, 0.0)
(40.402332, 33.476425, 0.0)
(40.443707, 33.444778, 0.0)
(40.478249, 33.414230, 0.0)
(40.495689, 33.399605, 0.0)
(40.462894, 33.462006, 0.0)
(40.548206, 34.802612, 0.0)
(40.096970, 35.886097, 0.0)
(40.464378, 34.165035, 0.0)
(40.463272, 33.669067, 0.0)
(40.436581, 33.602192, 0.0)
(40.442383, 33.612350, 0.0)
(40.480396, 33.620304, 0.0)
(40.438324, 33.645336, 0.0)
(40.446770, 33.623280, 0.0)
(40.543907, 33.603325, 0.0)
(40.488010, 33.630466, 0.0)
(40.434395, 33.654621, 0.0)
(40.481457, 33.625763, 0.0)
(40.497627, 33.610462, 0.0)
(40.496483, 33.610035, 0.0)
(40.487915, 33.615829, 0.0)
(40.470867, 33.637768, 0.0)
(41.529633, 34.368069, 0.0)
(41.979588, 34.596573, 0.0)
(41.986710, 34.610538, 0.0)
(41.958363, 34.584614, 0.0)
(41.958721, 34.589581, 0.0)
(41.976570, 34.572460, 0.0)
(41.956905, 34.577034, 0.0)
(41.950676, 34.575974, 0.0)
(42.061314, 34.565571, 0.0)
(42.236080, 34.656075, 0.0)
(42.205231, 34.667633, 0.0)
(42.183781, 34.665241, 0.0)
(42.209148, 34.687309, 0.0)
(42.204956, 34.691212, 0.0)
(42.176399, 34.681400, 0.0)
(42.169945, 34.708035, 0.0)
(42.168957, 34.728348, 0.0)
(42.166721, 34.699295, 0.0)
(42.165867, 34.723087, 0.0)
(42.155289, 34.719334, 0.0)
(42.137161, 34.716450, 0.0)
(42.145943, 34.714771, 0.0)
(42.154617, 34.697983, 0.0)
(42.131046, 34.709167, 0.0)
(42.133545, 34.706387, 0.0)
(42.169731, 34.681740, 0.0)
(42.181400, 34.664024, 0.0)
(42.139835, 34.677578, 0.0)
(42.140125, 34.661762, 0.0)
(42.163765, 34.676594, 0.0)
(42.169052, 34.694431, 0.0)
(42.176281, 34.676655, 0.0)
(42.168640, 34.689323, 0.0)
(42.130192, 34.708027, 0.0)
(42.161835, 34.695805, 0.0)
(42.184032, 34.708702, 0.0)
(42.187309, 34.679951, 0.0)
(42.166439, 34.676987, 0.0)
(42.148991, 34.699947, 0.0)
(42.190639, 34.691170, 0.0)
(42.849392, 33.038261, 0.0)
(43.721638, 31.739979, 0.0)
(43.800812, 31.713556, 0.0)
(43.717739, 31.827597, 0.0)
(43.687271, 31.883390, 0.0)
(43.743294, 31.848324, 0.0)
(43.736164, 31.909323, 0.0)
(43.672878, 31.884727, 0.0)
(44.002838, 33.084557, 0.0)
(43.840134, 31.947407, 0.0)
(43.718678, 31.461266, 0.0)
(43.678051, 31.495636, 0.0)
(43.763691, 31.541168, 0.0)
(43.820572, 31.567373, 0.0)
(43.802345, 31.587841, 0.0)
(43.862331, 31.555857, 0.0)
(43.901123, 31.650723, 0.0)
(43.876740, 31.668608, 0.0)
(43.866772, 31.678280, 0.0)
(43.902676, 31.681677, 0.0)
(43.836491, 31.727322, 0.0)
(43.845196, 31.755840, 0.0)
(43.872822, 31.782734, 0.0)
(43.844036, 31.792997, 0.0)
(43.810669, 31.811918, 0.0)
(43.841496, 31.835222, 0.0)
(43.833694, 31.845234, 0.0)
(43.782818, 31.885969, 0.0)
(43.854454, 31.915306, 0.0)
(43.895004, 31.821192, 0.0)
(43.880947, 31.810158, 0.0)
(43.894047, 31.808666, 0.0)
(43.931038, 31.729551, 0.0)
(43.911205, 33.530293, 0.0)
(43.999725, 34.068695, 0.0)
(44.005653, 34.111401, 0.0)
(43.981812, 34.114113, 0.0)
(43.967770, 34.087498, 0.0)
(43.964054, 34.070122, 0.0)
(44.010201, 34.230183, 0.0)
(44.028828, 35.074726, 0.0)
(44.028603, 35.197044, 0.0)
(44.019421, 35.190350, 0.0)
(43.996109, 35.201954, 0.0)
(44.019497, 35.151966, 0.0)
(44.019524, 35.129890, 0.0)
(44.056183, 35.319393, 0.0)
(44.136478, 35.316742, 0.0)
(44.204151, 35.252262, 0.0)
(44.111500, 35.256023, 0.0)
(44.075970, 35.294151, 0.0)
(44.148346, 35.293427, 0.0)
(44.177025, 35.345264, 0.0)
(44.135719, 35.318932, 0.0)
(44.125851, 35.327999, 0.0)
(44.105518, 35.347767, 0.0)
(44.088181, 35.356747, 0.0)
(44.124043, 35.355415, 0.0)
(44.150135, 35.379772, 0.0)
(44.111210, 35.378811, 0.0)
(44.134747, 35.412518, 0.0)
(44.141109, 35.405777, 0.0)
(44.113560, 35.363972, 0.0)
(44.130974, 35.332813, 0.0)
(44.182426, 35.250053, 0.0)
(44.167622, 35.248997, 0.0)
(44.133549, 35.308556, 0.0)
(44.146191, 35.224773, 0.0)
(44.142166, 35.060181, 0.0)
(44.076748, 35.094616, 0.0)
(44.047646, 35.206882, 0.0)
(40.839924, 33.719543, 0.0)
(38.159325, 34.404953, 0.0)
(36.488697, 32.762207, 0.0)
(36.407684, 31.814743, 0.0)
(36.355228, 31.585934, 0.0)
(36.390854, 31.587839, 0.0)
(36.465359, 31.578682, 0.0)
(36.547146, 31.557381, 0.0)
(36.494102, 31.504776, 0.0)
(36.479427, 31.973032, 0.0)
(37.125481, 34.465343, 0.0)
(37.013069, 34.285618, 0.0)
(36.676071, 32.656605, 0.0)
(36.449959, 31.909142, 0.0)
(36.485207, 31.846994, 0.0)
(36.532543, 31.916767, 0.0)
(36.516579, 31.928797, 0.0)
(36.511120, 31.973019, 0.0)
(36.509808, 31.972467, 0.0)
(36.529667, 32.009525, 0.0)
(36.535351, 31.994230, 0.0)
(36.498573, 31.966454, 0.0)
(36.560577, 31.966908, 0.0)
(36.581257, 31.926216, 0.0)
(37.013256, 34.201675, 0.0)
(35.968399, 34.914074, 0.0)
(36.585804, 32.365013, 0.0)
(36.513294, 31.747211, 0.0)
(36.440315, 31.696215, 0.0)
(37.031414, 33.897434, 0.0)
(37.543903, 31.796244, 0.0)
(37.340061, 31.047283, 0.0)
(37.322273, 31.050573, 0.0)
(37.286232, 31.165089, 0.0)
(39.255917, 29.502085, 0.0)
(41.059593, 28.186485, 0.0)
(41.118294, 28.270519, 0.0)
(41.028446, 28.343437, 0.0)
(41.013931, 28.377012, 0.0)
(41.036003, 28.389168, 0.0)
(41.055050, 28.371336, 0.0)
(41.054268, 28.402617, 0.0)
(41.072231, 28.412334, 0.0)
(41.060226, 28.406868, 0.0)
(41.088745, 28.359879, 0.0)
(41.110142, 28.358210, 0.0)
(41.136719, 28.363132, 0.0)
(41.130402, 28.383045, 0.0)
(41.140076, 28.372564, 0.0)
(41.116768, 28.349325, 0.0)
(41.095924, 28.424471, 0.0)
(41.090435, 28.327543, 0.0)
(41.138531, 28.297613, 0.0)
(41.130737, 28.291300, 0.0)
(41.090485, 28.296717, 0.0)
(41.099461, 28.322836, 0.0)
(41.118790, 28.326628, 0.0)
(41.110981, 28.306955, 0.0)
(41.093540, 28.323782, 0.0)
(41.066399, 28.321276, 0.0)
(41.030640, 28.372086, 0.0)
(41.039135, 28.396101, 0.0)
(41.027157, 28.381626, 0.0)
(41.012928, 28.425768, 0.0)
(41.009815, 28.469868, 0.0)
(39.717468, 28.391222, 0.0)
(34.950535, 28.635534, 0.0)
(32.780453, 29.198742, 0.0)
(32.969822, 29.049643, 0.0)
(33.020950, 28.959152, 0.0)
(32.939266, 29.003269, 0.0)
(32.908546, 28.991720, 0.0)
(32.892838, 28.907969, 0.0)
(31.887419, 30.056812, 0.0)
(31.748350, 28.806551, 0.0)
(31.744370, 28.638258, 0.0)
(31.743103, 28.745462, 0.0)
(31.760082, 28.715475, 0.0)
(31.792547, 28.717232, 0.0)
(31.839922, 28.718243, 0.0)
(31.816738, 28.736843, 0.0)
(32.312969, 28.734381, 0.0)
(32.364483, 28.781078, 0.0)
(32.351177, 28.814173, 0.0)
(32.364464, 28.797457, 0.0)
(32.380112, 28.798630, 0.0)
(32.385742, 28.840120, 0.0)
(32.385834, 28.841944, 0.0)
(32.416454, 28.862078, 0.0)
(32.401112, 28.890057, 0.0)
(32.417461, 28.920227, 0.0)
(32.467964, 28.925104, 0.0)
(32.468842, 28.907749, 0.0)
(32.403622, 28.891464, 0.0)
(32.487438, 28.838770, 0.0)
(32.494942, 28.831451, 0.0)
(32.432186, 28.864143, 0.0)
(32.416153, 28.884018, 0.0)
(33.877964, 30.730347, 0.0)
(35.801292, 33.884876, 0.0)
(36.298004, 34.803841, 0.0)
(36.260185, 34.827625, 0.0)
(36.168972, 34.720081, 0.0)
(36.145962, 34.729652, 0.0)
(36.149956, 34.723816, 0.0)
(36.161514, 34.732872, 0.0)
(34.528160, 33.569729, 0.0)
(31.001181, 31.634195, 0.0)
(29.793108, 31.288742, 0.0)
(29.785919, 31.217876, 0.0)
(29.843458, 31.206598, 0.0)
(29.742762, 31.247763, 0.0)
(29.403524, 29.921427, 0.0)
(29.306351, 29.500456, 0.0)
(29.285152, 29.570814, 0.0)
(29.263754, 29.618219, 0.0)
(29.224905, 29.674999, 0.0)
(29.205511, 29.683485, 0.0)
(29.176636, 29.663328, 0.0)
(29.113913, 29.937321, 0.0)
(29.122160, 29.965033, 0.0)
(29.131718, 29.979321, 0.0)
(29.102074, 30.027300, 0.0)
(29.062346, 30.051832, 0.0)
(29.070107, 30.026951, 0.0)
(29.134094, 29.910475, 0.0)
(29.116516, 29.907602, 0.0)
(29.068726, 29.991920, 0.0)
(29.067696, 30.029194, 0.0)
(29.100946, 30.071014, 0.0)
(29.088907, 30.108339, 0.0)
(29.077431, 30.111444, 0.0)
(29.059946, 30.137556, 0.0)
(29.067249, 30.155283, 0.0)
(30.058260, 31.283819, 0.0)
(32.490067, 35.203434, 0.0)
(33.497578, 37.492916, 0.0)
(33.406048, 37.506374, 0.0)
(33.285950, 37.447384, 0.0)
(33.216904, 37.371761, 0.0)
(33.317478, 37.471176, 0.0)
(33.641487, 38.760689, 0.0)
(33.538231, 38.825863, 0.0)
(33.498901, 38.757977, 0.0)
(33.544983, 38.776260, 0.0)
(33.537594, 38.817669, 0.0)
(33.487556, 38.852303, 0.0)
(33.501343, 38.923206, 0.0)
(33.503521, 38.939938, 0.0)
(33.499626, 38.940487, 0.0)
(33.503674, 39.002117, 0.0)
(33.721348, 40.782932, 0.0)
(33.776867, 39.113411, 0.0)
(33.701424, 37.977043, 0.0)
(33.622299, 37.182426, 0.0)
(33.536251, 36.670036, 0.0)
(33.443493, 36.525974, 0.0)
(33.493248, 36.547592, 0.0)
(33.563046, 36.577377, 0.0)
(33.541576, 36.558315, 0.0)
(33.563393, 36.563522, 0.0)
(33.594357, 36.563301, 0.0)
(33.581261, 36.587574, 0.0)
(33.549381, 36.603989, 0.0)
(33.560692, 36.618607, 0.0)
(33.560440, 36.632168, 0.0)
(33.534966, 36.609264, 0.0)
(33.532337, 36.627781, 0.0)
(33.520439, 36.640648, 0.0)
(32.688591, 36.593887, 0.0)
(29.878727, 35.535236, 0.0)
(29.743649, 35.155258, 0.0)
(29.707687, 35.078724, 0.0)
(29.682119, 35.051182, 0.0)
(29.671469, 35.006615, 0.0)
(29.605984, 35.129715, 0.0)
(29.620405, 35.287380, 0.0)
(29.652996, 35.275776, 0.0)
(29.633512, 35.256069, 0.0)
(29.604849, 35.338364, 0.0)
(29.869141, 37.021587, 0.0)
(31.300198, 36.765583, 0.0)
(30.588064, 35.739910, 0.0)
(30.363070, 35.055405, 0.0)
(30.270544, 34.789581, 0.0)
(30.316858, 34.648697, 0.0)
(29.898470, 35.005817, 0.0)
(29.488590, 35.337742, 0.0)
(29.475063, 35.336906, 0.0)
(29.527126, 35.329315, 0.0)
(29.511246, 35.330441, 0.0)
(29.509718, 35.315193, 0.0)
(29.488874, 35.383228, 0.0)
(29.453466, 35.439049, 0.0)
(29.440290, 35.485004, 0.0)
(29.481295, 35.445217, 0.0)
(29.481934, 35.421047, 0.0)
(29.390112, 35.482651, 0.0)
(29.376270, 35.511589, 0.0)
(29.490980, 35.481052, 0.0)
(29.493521, 35.441574, 0.0)
(29.467012, 35.413696, 0.0)
(29.529144, 35.286633, 0.0)
(29.513716, 35.216511, 0.0)
(29.490042, 35.211849, 0.0)
(29.557629, 35.209679, 0.0)
(29.559502, 35.234810, 0.0)
(29.550097, 35.271843, 0.0)
(29.027693, 33.807697, 0.0)
(28.349817, 31.132601, 0.0)
(28.235565, 30.786425, 0.0)
(28.229694, 30.824930, 0.0)
(28.177128, 30.945570, 0.0)
(28.119242, 30.913090, 0.0)
(27.899229, 30.204058, 0.0)
(27.862532, 30.246038, 0.0)
(27.880491, 30.303211, 0.0)
(27.836969, 30.336658, 0.0)
(27.773235, 30.314735, 0.0)
(27.812288, 30.287790, 0.0)
(27.853834, 30.262880, 0.0)
(27.815273, 30.250971, 0.0)
(27.800718, 30.272898, 0.0)
(27.825941, 30.288094, 0.0)
(27.796139, 30.329144, 0.0)
(27.796139, 30.329144, 0.0)
(27.841867, 30.319126, 0.0)
(27.819563, 30.380716, 0.0)
(27.791983, 30.421076, 0.0)
(27.799314, 30.384407, 0.0)
(27.783930, 30.435453, 0.0)
(27.760756, 30.418266, 0.0)
(27.775034, 30.390980, 0.0)
(27.820404, 30.453436, 0.0)
(27.779409, 30.422636, 0.0)
(27.771519, 30.411987, 0.0)
(27.824879, 30.375786, 0.0)
(27.848244, 30.334286, 0.0)
(27.804905, 30.376877, 0.0)
(27.807962, 30.381739, 0.0)
(27.810432, 30.403105, 0.0)
(27.825579, 30.421251, 0.0)
(27.811514, 30.446243, 0.0)
(29.553726, 29.704412, 0.0)
(39.542046, 34.004395, 0.0)
(41.366100, 33.526676, 0.0)
(42.836304, 33.797165, 0.0)
(43.073925, 33.920105, 0.0)
(43.081017, 33.933701, 0.0)
(43.026562, 33.975639, 0.0)
(43.058651, 33.959393, 0.0)
(43.789303, 34.182396, 0.0)
(44.242153, 34.351776, 0.0)
(44.192204, 34.375725, 0.0)
(44.182674, 34.380844, 0.0)
(44.198486, 34.448551, 0.0)
(44.166538, 34.459743, 0.0)
(44.133987, 34.473324, 0.0)
(44.153637, 34.493439, 0.0)
(44.229023, 34.472996, 0.0)
(44.230114, 34.445129, 0.0)
(44.136860, 34.424683, 0.0)
(44.130699, 34.417233, 0.0)
(44.171516, 34.446499, 0.0)
(44.192566, 34.459373, 0.0)
(44.122223, 34.476017, 0.0)
(44.139042, 34.481216, 0.0)
(44.220543, 34.397614, 0.0)
(44.209133, 34.423214, 0.0)
(44.136395, 34.427261, 0.0)
(44.156712, 34.450836, 0.0)
(44.160992, 34.467487, 0.0)
(44.153076, 34.467476, 0.0)
(44.118835, 34.519169, 0.0)
(44.100338, 34.580513, 0.0)
(44.097668, 34.573410, 0.0)
(44.143974, 34.563622, 0.0)
(44.156521, 34.566212, 0.0)
(44.124409, 34.551590, 0.0)
(43.257141, 32.471794, 0.0)
(42.780430, 29.862621, 0.0)
(42.824184, 28.877558, 0.0)
(42.875057, 28.937475, 0.0)
(42.894409, 28.969954, 0.0)
(42.862686, 28.979996, 0.0)
(42.811447, 29.061102, 0.0)
(42.798439, 29.053146, 0.0)
(42.811020, 29.019266, 0.0)
(43.054485, 28.826014, 0.0)
(43.165573, 28.635822, 0.0)
(43.140701, 28.636732, 0.0)
(43.126080, 28.677385, 0.0)
(43.126709, 28.706663, 0.0)
(43.177464, 28.693895, 0.0)
(43.175156, 28.729774, 0.0)
(43.170525, 28.728308, 0.0)
(43.202881, 28.724356, 0.0)
(43.151192, 28.751987, 0.0)
(43.181820, 28.734375, 0.0)
(43.241505, 28.676672, 0.0)
(43.232075, 28.644627, 0.0)
(43.205204, 28.658945, 0.0)
(43.209625, 28.661098, 0.0)
(43.235867, 28.659163, 0.0)
(43.220211, 28.619106, 0.0)
(43.223881, 28.627617, 0.0)
(43.236763, 28.631708, 0.0)
(43.184879, 28.582418, 0.0)
(43.217033, 28.617353, 0.0)
(43.215302, 28.658772, 0.0)
(43.176220, 28.635357, 0.0)
(43.208103, 28.645058, 0.0)
(43.201218, 28.643356, 0.0)
(43.132145, 28.655733, 0.0)
(43.160648, 28.632177, 0.0)
(42.034832, 28.508999, 0.0)
(37.312222, 28.694027, 0.0)
(33.328430, 29.483286, 0.0)
(32.435116, 29.776686, 0.0)
(32.487503, 29.804605, 0.0)
(32.514545, 29.773804, 0.0)
(32.469589, 29.804506, 0.0)
(32.451778, 29.809313, 0.0)
(32.455948, 29.757734, 0.0)
(32.472702, 29.722002, 0.0)
(32.438034, 29.646318, 0.0)
(32.453659, 30.138567, 0.0)
(32.579041, 31.239721, 0.0)
(32.392544, 29.511038, 0.0)
(32.318588, 29.177799, 0.0)
(32.350903, 29.301960, 0.0)
(32.364063, 29.341660, 0.0)
(32.534195, 31.452045, 0.0)
(32.295368, 29.641821, 0.0)
(32.197590, 29.027517, 0.0)
(32.181023, 29.161798, 0.0)
(32.136730, 29.187572, 0.0)
(32.179768, 29.164221, 0.0)
(32.236065, 29.188501, 0.0)
(32.203003, 29.220135, 0.0)
(32.178326, 29.252064, 0.0)
(32.189045, 29.320683, 0.0)
(32.200520, 29.324337, 0.0)
(32.338070, 29.348389, 0.0)
(36.403049, 30.733509, 0.0)
(36.522839, 30.894350, 0.0)
(36.455391, 30.907326, 0.0)
(36.435371, 30.905052, 0.0)
(36.477451, 30.860426, 0.0)
(36.527542, 30.866364, 0.0)
(36.542721, 30.876673, 0.0)
(36.506493, 30.893963, 0.0)
(36.540405, 30.864546, 0.0)
(36.559895, 30.767677, 0.0)
(36.522358, 30.754402, 0.0)
(36.507820, 30.741455, 0.0)
(36.531792, 30.756449, 0.0)
(36.514782, 30.791130, 0.0)
(36.506001, 30.770941, 0.0)
(36.543453, 30.776033, 0.0)
(36.510277, 30.815598, 0.0)
(36.510277, 30.804701, 0.0)
(36.493092, 30.796629, 0.0)
(36.480923, 30.837666, 0.0)
(36.486137, 30.804575, 0.0)
(36.520519, 30.832516, 0.0)
(36.483360, 30.868101, 0.0)
(36.474300, 30.823664, 0.0)
(36.522938, 30.774578, 0.0)
(36.527367, 30.761576, 0.0)
(36.446983, 30.790049, 0.0)
(36.425961, 30.805880, 0.0)
(36.462166, 30.803942, 0.0)
(36.478531, 30.807692, 0.0)
(36.443356, 30.834045, 0.0)
(36.440369, 30.856472, 0.0)
(36.431030, 30.866783, 0.0)
(36.436966, 30.854166, 0.0)
(36.419476, 30.897396, 0.0)
(36.411194, 30.888123, 0.0)
(36.412445, 30.891968, 0.0)
(36.396435, 30.926674, 0.0)
(36.360580, 30.915703, 0.0)
(34.510693, 31.806677, 0.0)
(31.799328, 33.601795, 0.0)
(31.061705, 34.038330, 0.0)
(31.023073, 34.026470, 0.0)
(31.076736, 33.946751, 0.0)
(31.034431, 33.957424, 0.0)
(31.007132, 33.942402, 0.0)
(30.994764, 33.902988, 0.0)
(30.956821, 33.972988, 0.0)
(30.960020, 33.936531, 0.0)
(30.957447, 33.970905, 0.0)
(30.941828, 34.013035, 0.0)
(30.936354, 33.960453, 0.0)
(30.950352, 33.916458, 0.0)
(30.956253, 33.957008, 0.0)
(30.916597, 33.945843, 0.0)
(30.957987, 33.876122, 0.0)
(31.032585, 33.821472, 0.0)
(31.008671, 33.813713, 0.0)
(30.978220, 33.821606, 0.0)
(30.963152, 33.822487, 0.0)
(30.974419, 33.823566, 0.0)
(30.964600, 33.738773, 0.0)
(30.990387, 33.723236, 0.0)
(30.967672, 33.719738, 0.0)
(30.949692, 33.756119, 0.0)
(30.960039, 33.781872, 0.0)
(30.996021, 33.799175, 0.0)
(30.933294, 33.867847, 0.0)
(30.906368, 33.895340, 0.0)
(30.933088, 33.889828, 0.0)
(30.902096, 33.876961, 0.0)
(30.944271, 33.847454, 0.0)
(30.976393, 33.851433, 0.0)
(30.924135, 33.840012, 0.0)
(30.891195, 33.884560, 0.0)
(30.898117, 33.892365, 0.0)
(30.901134, 33.891792, 0.0)
(30.383802, 35.033783, 0.0)
(29.335827, 37.669849, 0.0)
(29.064085, 38.443382, 0.0)
(29.017828, 38.455379, 0.0)
(29.030512, 38.409191, 0.0)
(29.042107, 38.424850, 0.0)
(29.046873, 38.482948, 0.0)
(29.086411, 38.448727, 0.0)
(28.929337, 38.686832, 0.0)
(28.888189, 38.789543, 0.0)
(28.914972, 38.726597, 0.0)
(29.014194, 38.640034, 0.0)
(28.960575, 38.699802, 0.0)
(28.885408, 38.663631, 0.0)
(28.906036, 38.673737, 0.0)
(28.923691, 38.699203, 0.0)
(28.946177, 38.688473, 0.0)
(28.971224, 38.697048, 0.0)
(28.959578, 38.669685, 0.0)
(28.948790, 38.633671, 0.0)
(28.956663, 38.653805, 0.0)
(28.961153, 38.631100, 0.0)
(28.970745, 38.632118, 0.0)
(28.970247, 38.629242, 0.0)
(28.972322, 38.643925, 0.0)
(28.972456, 38.632206, 0.0)
(28.940823, 38.611504, 0.0)
(28.988354, 38.632355, 0.0)
(29.007126, 38.609386, 0.0)
(28.950804, 38.597263, 0.0)
(28.960747, 38.614056, 0.0)
(28.983953, 38.629879, 0.0)
(28.980474, 38.644958, 0.0)
(28.982132, 38.607853, 0.0)
(28.973795, 38.636925, 0.0)
(28.960339, 38.667747, 0.0)
(28.984642, 38.649532, 0.0)
(31.077713, 38.044147, 0.0)
(33.227463, 37.396648, 0.0)
(33.279808, 37.403324, 0.0)
(33.205414, 37.396885, 0.0)
(33.181404, 37.405754, 0.0)
(32.800167, 37.284393, 0.0)
(32.802452, 37.084705, 0.0)
(32.883778, 36.994270, 0.0)
(32.842594, 36.986668, 0.0)
(32.805786, 37.057014, 0.0)
(32.846958, 37.087349, 0.0)
(32.905079, 37.089050, 0.0)
(32.862705, 37.075451, 0.0)
(32.920479, 37.059444, 0.0)
(32.893982, 37.095051, 0.0)
(32.947105, 37.182972, 0.0)
(33.002541, 37.520943, 0.0)
(32.964203, 37.403015, 0.0)
(32.964714, 37.173161, 0.0)
(32.965282, 37.131107, 0.0)
(32.939953, 37.024654, 0.0)
(32.934261, 37.000404, 0.0)
(32.933811, 36.962627, 0.0)
(33.043518, 37.880390, 0.0)
(33.267879, 37.449162, 0.0)
(33.237255, 36.617363, 0.0)
(33.172626, 36.061371, 0.0)
(33.165161, 35.950199, 0.0)
(33.121582, 35.995449, 0.0)
(33.087196, 35.973808, 0.0)
(33.114956, 36.009087, 0.0)
(33.120426, 36.030552, 0.0)
(33.117550, 36.017982, 0.0)
(33.131195, 36.060589, 0.0)
(33.270813, 36.102829, 0.0)
(37.236748, 36.565102, 0.0)
(39.042305, 36.753029, 0.0)
(39.161575, 36.790661, 0.0)
(39.064049, 36.822853, 0.0)
(39.069714, 36.820423, 0.0)
(39.135399, 36.840111, 0.0)
(39.190147, 36.840771, 0.0)
(39.208202, 36.875633, 0.0)
(39.220486, 36.891727, 0.0)
(39.210403, 36.922768, 0.0)
(39.180946, 36.940296, 0.0)
(39.246056, 36.964825, 0.0)
(39.250324, 37.046860, 0.0)
(38.883041, 37.251129, 0.0)
(38.901974, 37.330074, 0.0)
(38.873402, 37.326099, 0.0)
(38.903080, 37.287380, 0.0)
(39.028320, 37.253239, 0.0)
(39.037632, 37.105171, 0.0)
(39.019508, 37.309669, 0.0)
(38.980530, 37.298744, 0.0)
(39.043289, 37.261765, 0.0)
(39.054333, 37.315983, 0.0)
(38.940880, 37.338394, 0.0)
(38.959480, 37.294395, 0.0)
(39.138874, 37.264549, 0.0)
(39.151768, 37.267036, 0.0)
(39.150391, 37.264122, 0.0)
(39.184727, 37.258606, 0.0)
(39.138885, 37.229107, 0.0)
(39.141453, 37.253979, 0.0)
(39.171356, 37.281654, 0.0)
(39.134125, 37.228043, 0.0)
(39.163498, 37.275253, 0.0)
(39.153519, 37.319180, 0.0)
(39.130199, 37.246956, 0.0)
(39.141743, 37.199852, 0.0)
(39.223469, 37.207542, 0.0)
(38.605206, 38.894493, 0.0)
(29.894129, 32.205479, 0.0)
(29.903440, 30.723131, 0.0)
(29.877941, 30.245905, 0.0)
(29.856577, 30.257679, 0.0)
(29.869478, 30.362707, 0.0)
(29.582542, 30.665293, 0.0)
(29.140366, 31.325245, 0.0)
(29.117336, 31.343290, 0.0)
(29.180096, 31.317661, 0.0)
(29.144831, 31.346493, 0.0)
(29.091166, 31.335884, 0.0)
(29.092819, 31.388723, 0.0)
(29.074747, 31.447777, 0.0)
(29.083668, 31.435362, 0.0)
(29.101736, 31.431757, 0.0)
(29.072937, 31.588419, 0.0)
(29.037046, 31.579370, 0.0)
(29.026604, 31.610020, 0.0)
(29.037512, 31.634785, 0.0)
(29.026680, 31.658010, 0.0)
(29.034256, 31.660664, 0.0)
(29.033339, 31.658855, 0.0)
(28.983435, 31.637407, 0.0)
(29.013807, 31.490135, 0.0)
(29.082010, 31.460907, 0.0)
(29.019999, 31.461008, 0.0)
(28.975498, 31.534985, 0.0)
(29.006962, 31.604197, 0.0)
(28.986120, 31.620687, 0.0)
(28.992657, 31.668386, 0.0)
(29.013926, 31.659733, 0.0)
(29.001211, 31.618479, 0.0)
(28.970411, 31.598362, 0.0)
(30.717306, 31.820623, 0.0)
(35.472538, 33.806202, 0.0)
(38.996349, 35.463512, 0.0)
(40.536282, 36.375492, 0.0)
(40.472107, 36.436951, 0.0)
(40.389709, 36.400276, 0.0)
(40.438602, 36.298946, 0.0)
(40.443985, 36.316883, 0.0)
(40.856285, 36.881866, 0.0)
(40.900494, 36.934216, 0.0)
(40.913158, 36.951969, 0.0)
(40.913109, 36.970100, 0.0)
(40.916370, 36.954403, 0.0)
(40.906685, 36.984180, 0.0)
(40.904003, 37.008968, 0.0)
(40.919914, 36.984421, 0.0)
(40.898563, 37.035378, 0.0)
(40.899887, 37.006161, 0.0)
(40.905552, 37.024288, 0.0)
(40.881042, 37.059471, 0.0)
(40.873344, 37.063759, 0.0)
(40.957741, 37.033028, 0.0)
(40.968021, 37.038784, 0.0)
(40.906235, 37.083508, 0.0)
(40.878723, 37.074982, 0.0)
(40.910778, 37.066296, 0.0)
(40.907848, 37.072189, 0.0)
(40.881290, 37.102383, 0.0)
(40.859241, 37.114994, 0.0)
(40.849678, 37.100658, 0.0)
(40.862743, 37.113308, 0.0)
(40.886177, 37.112244, 0.0)
(40.877056, 37.097294, 0.0)
(40.878391, 37.104401, 0.0)
(40.860874, 37.101383, 0.0)
(40.834934, 37.109470, 0.0)
(40.856541, 37.078434, 0.0)
(40.925301, 37.033463, 0.0)
(38.010639, 36.073277, 0.0)
(33.876713, 34.414021, 0.0)
(30.369852, 33.879589, 0.0)
(28.671129, 33.648148, 0.0)
(28.736332, 33.411510, 0.0)
(28.745800, 33.409405, 0.0)
(28.686686, 33.392742, 0.0)
(28.554440, 33.435898, 0.0)
(27.955330, 33.868885, 0.0)
(27.901352, 33.936672, 0.0)
(27.975008, 33.941898, 0.0)
(27.990574, 33.946930, 0.0)
(27.963686, 33.988525, 0.0)
(27.950951, 33.946644, 0.0)
(27.997627, 33.899391, 0.0)
(27.986155, 33.902218, 0.0)
(27.968199, 33.852024, 0.0)
(27.966797, 33.862671, 0.0)
(27.998783, 33.859013, 0.0)
(28.003517, 33.849743, 0.0)
(27.991079, 33.855652, 0.0)
(27.962843, 33.870575, 0.0)
(27.948273, 33.860085, 0.0)
(27.961632, 33.858223, 0.0)
(27.950905, 33.865486, 0.0)
(27.947096, 33.881798, 0.0)
(27.975090, 33.914288, 0.0)
(27.980024, 33.894501, 0.0)
(27.909693, 33.893173, 0.0)
(27.950747, 33.847034, 0.0)
(28.012831, 33.803848, 0.0)
(27.971958, 33.834618, 0.0)
(27.941395, 33.830544, 0.0)
(27.960968, 33.874355, 0.0)
(27.954988, 33.884766, 0.0)
(27.976912, 33.855820, 0.0)
(28.953056, 33.995785, 0.0)
(29.254116, 34.162533, 0.0)
(29.234688, 34.148296, 0.0)
(29.232315, 34.204781, 0.0)
(29.225193, 34.234482, 0.0)
(29.236568, 34.225262, 0.0)
(29.264977, 34.208092, 0.0)
(30.242947, 34.161190, 0.0)
(30.342243, 34.111195, 0.0)
(30.366526, 34.090260, 0.0)
(30.373161, 34.092762, 0.0)
(30.332724, 34.095684, 0.0)
(30.338287, 34.161320, 0.0)
(29.523947, 34.425873, 0.0)
(29.350569, 34.464447, 0.0)
(29.407005, 34.449749, 0.0)
(29.368505, 34.426937, 0.0)
(29.336193, 34.453159, 0.0)
(29.312691, 34.467007, 0.0)
(29.321962, 34.444893, 0.0)
(29.344372, 34.456570, 0.0)
(29.345657, 34.474739, 0.0)
(29.288425, 34.460827, 0.0)
(29.313974, 34.408146, 0.0)
(29.391659, 34.327457, 0.0)
(29.376785, 34.325840, 0.0)
(29.349688, 34.354115, 0.0)
(29.358465, 34.360779, 0.0)
(29.361795, 34.376163, 0.0)
(29.360577, 34.401085, 0.0)
(29.360767, 34.358410, 0.0)
(29.356503, 34.378479, 0.0)
(29.358023, 34.375015, 0.0)
(29.356649, 34.368599, 0.0)
(29.360788, 34.383167, 0.0)
(29.338785, 34.415901, 0.0)
(29.344227, 34.437286, 0.0)
(29.319071, 34.448734, 0.0)
(30.805523, 33.945297, 0.0)
(35.423519, 32.944508, 0.0)
(39.287483, 32.832817, 0.0)
(40.293564, 32.889999, 0.0)
(40.279385, 32.932602, 0.0)
(40.267162, 32.920708, 0.0)
(40.281876, 32.958469, 0.0)
(40.322552, 32.980034, 0.0)
(40.342281, 32.984425, 0.0)
(40.342052, 32.984421, 0.0)
(40.527168, 32.835930, 0.0)
(40.534924, 32.725559, 0.0)
(40.516891, 32.731777, 0.0)
(40.528439, 32.736423, 0.0)
(40.545635, 32.730263, 0.0)
(40.301136, 33.650085, 0.0)
(40.357834, 34.664108, 0.0)
(40.656990, 33.162315, 0.0)
(40.508839, 32.311749, 0.0)
(40.497902, 32.186935, 0.0)
(40.517975, 32.236973, 0.0)
(40.547050, 32.260105, 0.0)
(40.546780, 32.324883, 0.0)
(40.548656, 32.318848, 0.0)
(40.547031, 32.313118, 0.0)
(40.522724, 32.342297, 0.0)
(40.515919, 32.320904, 0.0)
(40.532757, 32.278011, 0.0)
(40.558056, 32.285114, 0.0)
(40.553589, 32.293583, 0.0)
(40.517052, 32.304707, 0.0)
(40.535847, 32.292706, 0.0)
(40.597408, 32.263508, 0.0)
(40.557549, 32.256115, 0.0)
(40.552174, 32.244938, 0.0)
(40.560432, 32.244534, 0.0)
(40.528900, 32.275909, 0.0)
(37.852215, 33.011253, 0.0)
(33.965580, 35.382866, 0.0)
(30.845598, 37.737198, 0.0)
(29.511875, 38.658482, 0.0)
(29.526339, 38.613029, 0.0)
(29.533396, 38.592274, 0.0)
(29.362413, 38.777718, 0.0)
(29.058329, 39.170998, 0.0)
(29.012314, 39.199642, 0.0)
(28.985918, 39.198803, 0.0)
(29.057720, 39.111988, 0.0)
(29.098125, 39.090984, 0.0)
(29.058804, 39.126343, 0.0)
(28.912607, 39.210983, 0.0)
(28.976439, 39.410553, 0.0)
(29.029831, 39.387512, 0.0)
(29.037014, 39.326649, 0.0)
(29.074347, 39.328251, 0.0)
(29.038328, 39.319321, 0.0)
(28.998058, 39.415092, 0.0)
(29.006638, 39.401016, 0.0)
(29.054682, 39.368679, 0.0)
(29.048500, 39.455803, 0.0)
(29.005964, 39.460171, 0.0)
(29.010653, 39.470566, 0.0)
(28.979656, 39.529793, 0.0)
(28.955101, 39.549580, 0.0)
(29.007277, 39.479618, 0.0)
(29.042139, 39.475014, 0.0)
(28.976334, 39.523098, 0.0)
(28.950264, 39.519436, 0.0)
(29.009851, 39.519180, 0.0)
(28.995649, 39.544060, 0.0)
(28.991243, 39.562805, 0.0)
(29.037956, 39.563702, 0.0)
(29.019808, 39.598877, 0.0)
(29.004841, 39.615669, 0.0)
(32.122971, 37.450500, 0.0)
(36.190308, 34.611328, 0.0)
(39.892189, 33.606857, 0.0)
(42.122135, 33.644047, 0.0)
(42.330132, 33.683029, 0.0)
(42.215096, 33.712921, 0.0)
(42.197418, 33.691708, 0.0)
(42.455914, 33.675598, 0.0)
(43.144859, 33.663567, 0.0)
(43.155388, 33.706894, 0.0)
(43.163021, 33.646545, 0.0)
(43.132614, 33.682732, 0.0)
(43.139175, 33.689346, 0.0)
(43.138779, 33.716202, 0.0)
(43.131176, 33.722862, 0.0)
(43.132717, 33.723507, 0.0)
(43.107059, 33.730446, 0.0)
(43.102333, 33.733685, 0.0)
(43.086494, 33.714920, 0.0)
(43.083065, 33.695396, 0.0)
(43.088017, 33.715942, 0.0)
(43.074558, 33.699001, 0.0)
(42.993050, 33.719608, 0.0)
(42.983120, 33.713909, 0.0)
(43.051647, 33.625698, 0.0)
(43.041859, 33.627651, 0.0)
(42.987251, 33.706371, 0.0)
(42.993698, 33.701042, 0.0)
(43.000843, 33.653446, 0.0)
(43.003654, 33.675056, 0.0)
(42.965061, 33.674911, 0.0)
(40.615822, 33.105297, 0.0)
(40.715179, 33.142681, 0.0)
(40.778526, 33.097046, 0.0)
(40.811241, 33.099735, 0.0)
(40.793201, 33.117985, 0.0)
(40.767735, 33.107079, 0.0)
(38.880852, 35.218960, 0.0)
(38.827015, 35.523399, 0.0)
(38.808231, 35.479832, 0.0)
(38.863113, 35.378517, 0.0)
(38.938877, 35.387398, 0.0)
(38.896481, 35.402386, 0.0)
(38.790581, 35.999317, 0.0)
(38.806282, 36.105194, 0.0)
(38.824036, 36.063625, 0.0)
(38.833241, 36.047951, 0.0)
(38.833515, 36.038994, 0.0)
(38.802719, 36.072571, 0.0)
(38.797569, 36.078178, 0.0)
(38.822937, 36.071762, 0.0)
(38.847103, 36.087341, 0.0)
(38.808571, 36.142311, 0.0)
(38.785091, 36.123493, 0.0)
(38.798420, 36.117455, 0.0)
(38.754234, 36.064064, 0.0)
(38.832092, 36.018993, 0.0)
(38.892242, 36.020805, 0.0)
(38.842838, 36.037449, 0.0)
(38.776482, 36.038776, 0.0)
(38.782879, 36.073776, 0.0)
(38.775600, 36.059143, 0.0)
(38.798687, 36.038437, 0.0)
(38.853939, 36.055229, 0.0)
(38.793900, 36.046207, 0.0)
(38.763206, 36.065331, 0.0)
(38.776791, 36.088837, 0.0)
(38.767254, 36.100605, 0.0)
(38.778690, 36.113617, 0.0)
(38.796131, 36.107071, 0.0)
(38.769592, 36.122871, 0.0)
(38.739113, 36.164730, 0.0)
(38.778954, 36.038334, 0.0)
(38.825069, 36.013756, 0.0)
(38.789722, 36.051487, 0.0)
(39.611626, 35.480843, 0.0)
(42.071217, 33.679607, 0.0)
(43.434826, 32.802048, 0.0)
(43.422413, 32.773968, 0.0)
(43.308449, 32.799229, 0.0)
(43.273132, 32.826302, 0.0)
(43.431011, 32.919346, 0.0)
(43.978165, 32.794865, 0.0)
(44.043770, 32.788143, 0.0)
(43.965416, 32.885204, 0.0)
(43.999378, 32.904644, 0.0)
(43.943413, 32.928139, 0.0)
(43.960548, 32.937698, 0.0)
(44.025757, 32.857101, 0.0)
(44.023121, 32.842514, 0.0)
(43.972530, 32.903828, 0.0)
(43.984486, 32.883259, 0.0)
(44.115768, 32.859612, 0.0)
(44.106239, 32.874218, 0.0)
(44.091503, 32.860153, 0.0)
(44.093391, 32.775993, 0.0)
(44.077873, 34.804184, 0.0)
(43.727448, 33.995338, 0.0)
(43.664455, 32.793560, 0.0)
(43.558132, 32.412327, 0.0)
(43.497078, 32.400433, 0.0)
(43.606636, 32.377476, 0.0)
(43.624996, 32.388279, 0.0)
(43.564137, 32.402462, 0.0)
(43.594280, 32.399639, 0.0)
(43.635895, 32.390045, 0.0)
(43.603222, 32.403225, 0.0)
(43.620586, 32.404812, 0.0)
(43.623405, 32.425770, 0.0)
(40.195831, 31.718634, 0.0)
(35.930035, 31.636478, 0.0)
(34.928204, 31.873859, 0.0)
(34.958862, 31.887079, 0.0)
(35.000870, 31.843906, 0.0)
(35.009373, 31.851883, 0.0)
(34.970432, 31.860365, 0.0)
(34.971767, 31.868708, 0.0)
(35.036865, 31.817039, 0.0)
(35.055561, 31.823015, 0.0)
(34.967102, 31.837072, 0.0)
(34.951416, 31.850420, 0.0)
(35.016247, 31.856821, 0.0)
(34.993107, 31.846809, 0.0)
(34.980274, 31.896791, 0.0)
(35.001869, 31.894772, 0.0)
(34.885189, 31.918133, 0.0)
(34.887146, 31.920879, 0.0)
(34.960358, 31.893673, 0.0)
(34.889408, 31.866886, 0.0)
(34.807232, 34.861347, 0.0)
(34.825027, 33.093220, 0.0)
(34.514172, 32.187775, 0.0)
(34.450985, 31.988134, 0.0)
(34.485874, 32.053669, 0.0)
(34.493221, 32.091877, 0.0)
(34.496761, 32.090950, 0.0)
(34.504768, 32.104702, 0.0)
(34.473129, 32.102463, 0.0)
(34.451694, 32.132252, 0.0)
(34.450069, 32.117771, 0.0)
(34.468212, 32.142193, 0.0)
(34.459290, 32.172947, 0.0)
(34.459492, 32.166515, 0.0)
(34.435925, 32.194168, 0.0)
(33.616257, 31.811054, 0.0)
(31.144773, 30.195517, 0.0)
(30.830853, 29.981539, 0.0)
(30.788097, 30.019581, 0.0)
(30.769266, 30.063787, 0.0)
(30.770193, 30.114279, 0.0)
(30.759504, 30.125891, 0.0)
(30.746952, 30.179693, 0.0)
(30.750776, 30.152779, 0.0)
(30.745331, 30.174074, 0.0)
(30.754610, 30.162992, 0.0)
(30.452179, 30.227171, 0.0)
(30.398548, 30.228304, 0.0)
(30.416695, 30.208805, 0.0)
(30.412355, 30.200518, 0.0)
(30.351925, 30.217981, 0.0)
(30.348633, 30.149548, 0.0)
(30.414534, 30.109791, 0.0)
(30.398540, 30.101435, 0.0)
(30.365990, 30.102385, 0.0)
(30.384855, 30.144350, 0.0)
(30.400602, 30.181940, 0.0)
(30.391090, 30.156097, 0.0)
(30.396730, 30.139404, 0.0)
(30.421923, 30.149786, 0.0)
(30.409496, 30.196827, 0.0)
(30.419189, 30.212242, 0.0)
(30.404795, 30.252525, 0.0)
(30.387543, 30.263117, 0.0)
(30.356096, 30.243292, 0.0)
(30.352160, 30.236370, 0.0)
(30.355444, 30.233276, 0.0)
(30.357006, 30.207399, 0.0)
(30.414049, 30.173809, 0.0)
(30.400848, 30.179289, 0.0)
(30.306406, 30.206470, 0.0)
(30.351795, 30.183443, 0.0)
(32.877937, 31.215845, 0.0)
(36.738895, 34.220966, 0.0)
(39.315826, 36.461655, 0.0)
(39.723534, 37.016739, 0.0)
(39.610760, 37.039268, 0.0)
(39.542484, 36.999386, 0.0)
(40.649334, 37.938946, 0.0)
(40.680679, 38.028614, 0.0)
(40.637859, 38.016953, 0.0)
(40.651096, 37.999313, 0.0)
(40.653584, 38.039574, 0.0)
(40.612041, 37.998646, 0.0)
(40.659420, 38.008080, 0.0)
(40.674549, 38.023567, 0.0)
(40.623825, 38.009106, 0.0)
(40.614948, 37.964584, 0.0)
(40.612656, 37.988956, 0.0)
(40.596802, 37.955296, 0.0)
(40.615978, 37.903049, 0.0)
(40.612457, 37.905849, 0.0)
(40.572193, 37.938099, 0.0)
(40.540871, 37.959381, 0.0)
(40.562881, 37.945782, 0.0)
(40.563492, 37.961815, 0.0)
(40.560776, 37.927715, 0.0)
(40.581688, 37.926773, 0.0)
(40.582088, 37.929420, 0.0)
(40.522076, 37.929993, 0.0)
(40.561581, 37.925728, 0.0)
(40.613659, 37.929440, 0.0)
(40.568142, 37.922291, 0.0)
(40.527103, 37.942005, 0.0)
(40.581398, 37.942940, 0.0)
(40.534763, 37.952435, 0.0)
(40.524014, 37.955009, 0.0)
(40.576645, 37.920231, 0.0)
(40.516373, 37.957680, 0.0)
(40.512466, 37.978104, 0.0)
(41.014359, 37.486183, 0.0)
(42.677395, 35.242012, 0.0)
(43.451275, 33.961544, 0.0)
(43.440300, 33.833286, 0.0)
(43.435162, 33.857452, 0.0)
(43.403965, 33.925949, 0.0)
(43.398758, 33.930706, 0.0)
(43.633533, 33.862446, 0.0)
(43.810085, 33.658569, 0.0)
(43.782967, 33.730072, 0.0)
(43.818665, 33.771904, 0.0)
(43.877254, 33.794113, 0.0)
(43.826488, 33.757088, 0.0)
(43.790478, 33.759792, 0.0)
(43.804916, 33.763729, 0.0)
(43.792503, 33.786083, 0.0)
(43.789463, 33.791515, 0.0)
(43.794151, 33.771526, 0.0)
(43.774242, 33.784615, 0.0)
(43.789127, 33.813995, 0.0)
(43.916737, 33.725922, 0.0)
(43.913383, 33.751953, 0.0)
(43.881149, 33.763985, 0.0)
(43.964802, 33.661079, 0.0)
(43.977947, 33.668427, 0.0)
(43.923573, 33.691299, 0.0)
(42.742908, 33.165722, 0.0)
(40.788406, 31.772242, 0.0)
(40.885658, 31.795458, 0.0)
(40.961662, 31.779154, 0.0)
(40.962582, 31.777496, 0.0)
(40.946667, 31.816908, 0.0)
(40.927319, 31.830807, 0.0)
(40.944706, 31.812088, 0.0)
(40.957844, 31.867956, 0.0)
(40.942410, 31.859426, 0.0)
(40.953739, 31.852228, 0.0)
(40.973717, 31.880405, 0.0)
(39.585720, 30.783871, 0.0)
(39.694271, 30.645376, 0.0)
(39.901287, 30.629383, 0.0)
(39.946323, 30.643187, 0.0)
(39.954208, 30.673405, 0.0)
(39.949646, 30.546782, 0.0)
(40.105652, 31.780760, 0.0)
(40.211353, 32.493816, 0.0)
(39.988628, 30.845901, 0.0)
(39.915829, 30.182673, 0.0)
(39.879734, 30.050470, 0.0)
(39.941391, 30.129517, 0.0)
(39.975582, 30.207647, 0.0)
(39.973301, 30.270065, 0.0)
(39.916386, 30.608728, 0.0)
(40.460911, 32.434299, 0.0)
(40.091892, 30.852257, 0.0)
(40.005936, 30.280344, 0.0)
(40.060379, 30.358374, 0.0)
(40.102303, 30.459105, 0.0)
(40.103127, 30.494652, 0.0)
(40.114094, 30.542511, 0.0)
(40.138729, 30.593351, 0.0)
(40.135525, 30.595121, 0.0)
(40.139019, 30.608351, 0.0)
(40.137562, 30.598980, 0.0)
(40.139317, 30.571327, 0.0)
(40.110645, 30.562477, 0.0)
(40.198494, 30.547840, 0.0)
(40.214371, 30.489237, 0.0)
(40.135582, 30.483410, 0.0)
(36.986965, 33.346405, 0.0)
(35.457718, 35.443039, 0.0)
(35.330944, 35.414970, 0.0)
(35.349369, 35.230335, 0.0)
(35.346745, 35.181660, 0.0)
(34.963085, 35.423107, 0.0)
(34.648022, 35.593060, 0.0)
(34.628567, 35.620815, 0.0)
(34.606750, 35.654381, 0.0)
(34.592178, 35.647240, 0.0)
(34.606056, 35.590603, 0.0)
(34.568985, 35.603867, 0.0)
(34.571072, 35.578259, 0.0)
(34.617443, 35.475285, 0.0)
(34.627846, 35.476559, 0.0)
(34.552601, 35.528149, 0.0)
(34.539848, 35.558899, 0.0)
(34.518772, 35.571152, 0.0)
(34.549179, 35.588367, 0.0)
(34.530445, 35.588501, 0.0)
(34.502243, 35.606453, 0.0)
(34.475456, 35.594414, 0.0)
(34.448853, 35.578625, 0.0)
(34.479729, 35.604275, 0.0)
(34.509132, 35.619076, 0.0)
(34.502995, 35.630428, 0.0)
(34.425591, 35.701508, 0.0)
(34.419483, 35.685265, 0.0)
(34.466984, 35.619377, 0.0)
(34.471756, 35.603558, 0.0)
(34.428810, 35.644104, 0.0)
(34.403080, 35.634701, 0.0)
(34.430721, 35.626354, 0.0)
(34.434322, 35.669849, 0.0)
(34.419395, 35.661797, 0.0)
(34.426006, 35.680199, 0.0)
(34.404953, 35.682220, 0.0)
(36.814938, 34.238544, 0.0)
(40.292767, 32.324665, 0.0)
(42.360199, 31.523123, 0.0)
(42.748768, 31.515726, 0.0)
(42.673569, 31.599052, 0.0)
(42.671772, 31.609638, 0.0)
(42.728886, 31.536432, 0.0)
(43.029491, 31.673193, 0.0)
(42.988110, 31.758766, 0.0)
(42.961170, 31.700651, 0.0)
(43.016491, 31.660212, 0.0)
(42.970997, 31.754272, 0.0)
(42.874645, 31.767244, 0.0)
(42.928890, 31.780626, 0.0)
(42.937180, 31.824402, 0.0)
(42.962173, 31.781469, 0.0)
(42.918854, 31.831638, 0.0)
(42.921909, 31.802082, 0.0)
(42.846119, 31.620592, 0.0)
(42.985394, 33.398842, 0.0)
(42.720215, 32.028404, 0.0)
(42.631439, 31.508278, 0.0)
(42.671078, 31.569136, 0.0)
(42.646561, 31.628757, 0.0)
(42.706104, 31.657795, 0.0)
(42.696423, 31.696543, 0.0)
(42.637196, 31.720531, 0.0)
(42.645908, 31.697012, 0.0)
(42.701088, 31.742331, 0.0)
(42.647041, 31.740276, 0.0)
(42.648991, 31.743710, 0.0)
(42.631168, 31.740646, 0.0)
(42.628872, 31.676935, 0.0)
(42.676598, 31.608679, 0.0)
(42.722439, 31.611897, 0.0)
(41.793541, 31.464367, 0.0)
(37.105095, 30.412775, 0.0)
(33.314690, 30.513960, 0.0)
(32.754532, 30.586210, 0.0)
(32.852306, 30.523077, 0.0)
(32.884071, 30.501680, 0.0)
(32.797874, 30.512974, 0.0)
(32.398418, 30.584351, 0.0)
(32.264187, 30.559822, 0.0)
(32.312248, 30.558008, 0.0)
(32.342255, 30.561422, 0.0)
(32.345871, 30.551296, 0.0)
(32.311359, 30.544127, 0.0)
(32.338840, 30.446066, 0.0)
(32.375893, 30.454227, 0.0)
(32.325592, 30.465908, 0.0)
(32.299809, 30.511726, 0.0)
(32.324093, 30.543835, 0.0)
(32.327305, 30.527296, 0.0)
(32.311031, 30.530664, 0.0)
(32.302837, 30.542921, 0.0)
(32.293770, 30.532351, 0.0)
(32.319210, 30.539221, 0.0)
(32.307922, 30.575129, 0.0)
(32.294571, 30.611732, 0.0)
(32.311394, 30.615435, 0.0)
(32.276859, 30.674234, 0.0)
(32.266884, 30.627363, 0.0)
(32.330242, 30.565264, 0.0)
(32.315842, 30.570818, 0.0)
(32.260178, 30.557570, 0.0)
(32.298088, 30.572008, 0.0)
(32.320728, 30.583420, 0.0)
(32.280445, 30.602057, 0.0)
(32.255505, 30.619436, 0.0)
(32.239376, 30.639620, 0.0)
(32.232567, 30.631680, 0.0)
(32.251450, 30.619873, 0.0)
(32.255966, 30.639885, 0.0)
(31.950953, 30.780977, 0.0)
(29.081507, 31.107918, 0.0)
(27.844786, 31.328573, 0.0)
(27.815437, 31.258642, 0.0)
(27.936834, 31.178877, 0.0)
(27.846186, 31.226374, 0.0)
(27.756329, 31.259720, 0.0)
(27.784086, 31.271765, 0.0)
(27.822805, 31.316362, 0.0)
(27.797401, 31.293741, 0.0)
(27.776211, 31.362698, 0.0)
(27.686607, 31.435217, 0.0)
(27.685314, 31.376696, 0.0)
(27.696096, 31.390486, 0.0)
(27.703562, 31.403666, 0.0)
(27.703226, 31.398827, 0.0)
(27.679113, 31.409267, 0.0)
(28.385347, 32.607250, 0.0)
(36.411949, 32.932995, 0.0)
(37.303329, 31.437061, 0.0)
(37.025352, 30.401209, 0.0)
(37.113346, 30.231651, 0.0)
(37.077896, 30.329182, 0.0)
(37.154953, 30.377111, 0.0)
(37.204441, 30.370882, 0.0)
(37.226074, 30.386793, 0.0)
(37.223881, 30.404943, 0.0)
(37.184399, 30.433611, 0.0)
(37.175571, 30.430649, 0.0)
(37.159492, 30.440439, 0.0)
(37.154846, 30.496397, 0.0)
(37.173809, 30.491095, 0.0)
(37.162331, 30.489504, 0.0)
(37.203957, 30.433683, 0.0)
(37.287373, 30.401768, 0.0)
(37.270355, 30.385115, 0.0)
(38.185192, 30.589794, 0.0)
(38.306599, 30.609741, 0.0)
(38.283646, 30.637096, 0.0)
(38.292164, 30.619530, 0.0)
(38.306362, 30.640511, 0.0)
(38.281883, 30.648226, 0.0)
(38.319935, 30.683983, 0.0)
(38.330032, 30.712509, 0.0)
(38.324863, 30.700045, 0.0)
(38.285225, 30.708673, 0.0)
(38.308712, 30.709591, 0.0)
(38.302879, 30.654320, 0.0)
(38.292484, 30.664230, 0.0)
(38.341259, 30.623953, 0.0)
(38.383614, 30.589699, 0.0)
(38.316509, 30.617899, 0.0)
(38.280472, 30.607971, 0.0)
(38.256760, 30.614464, 0.0)
(38.511700, 31.860592, 0.0)
(38.292416, 30.598412, 0.0)
(38.242355, 30.357203, 0.0)
(38.240704, 30.426029, 0.0)
(38.259865, 30.444458, 0.0)
(38.249474, 30.466337, 0.0)
(38.277386, 30.445505, 0.0)
(38.304558, 30.396441, 0.0)
(38.284222, 30.422333, 0.0)
(38.245583, 30.463093, 0.0)
(38.266197, 30.464685, 0.0)
(38.265610, 30.473577, 0.0)
(38.255905, 30.473103, 0.0)
(37.549255, 31.125393, 0.0)
(34.975914, 35.174999, 0.0)
(33.135323, 37.749405, 0.0)
(32.541828, 38.299366, 0.0)
(32.462246, 38.285614, 0.0)
(32.448631, 38.195667, 0.0)
(32.399532, 38.208054, 0.0)
(31.815283, 39.152107, 0.0)
(31.605488, 39.287880, 0.0)
(31.632252, 39.258877, 0.0)
(31.682686, 39.172798, 0.0)
(31.620552, 39.144787, 0.0)
(31.570402, 39.150871, 0.0)
(31.546083, 39.143364, 0.0)
(31.588982, 39.188202, 0.0)
(31.535418, 39.203205, 0.0)
(31.548841, 39.181694, 0.0)
(31.501020, 39.220795, 0.0)
(31.478958, 39.228611, 0.0)
(31.482838, 39.220287, 0.0)
(31.530556, 39.214176, 0.0)
(31.524761, 39.252464, 0.0)
(31.470345, 39.250168, 0.0)
(31.504099, 39.283939, 0.0)
(31.448519, 39.328785, 0.0)
(31.462540, 39.305786, 0.0)
(31.498751, 39.254108, 0.0)
(31.500578, 39.281059, 0.0)
(31.434790, 39.338768, 0.0)
(31.405386, 39.266167, 0.0)
(31.452772, 39.299938, 0.0)
(31.410185, 39.319054, 0.0)
(31.455027, 39.285820, 0.0)
(31.470707, 39.337379, 0.0)
(31.366205, 39.396076, 0.0)
(31.349430, 39.360283, 0.0)
(31.429153, 39.362583, 0.0)
(31.460030, 39.343506, 0.0)
(31.550062, 39.109940, 0.0)
(32.487930, 39.706825, 0.0)
(33.489826, 33.903790, 0.0)
(33.714119, 31.607359, 0.0)
(33.589462, 30.361898, 0.0)
(33.529335, 29.945225, 0.0)
(33.625778, 29.963987, 0.0)
(33.645309, 29.999035, 0.0)
(33.645851, 30.256815, 0.0)
(34.456944, 31.399248, 0.0)
(34.072701, 29.982122, 0.0)
(34.089565, 29.637661, 0.0)
(34.116905, 29.698221, 0.0)
(34.123707, 29.766014, 0.0)
(34.129456, 29.788557, 0.0)
(34.313847, 30.828556, 0.0)
(34.635448, 31.238321, 0.0)
(34.303810, 29.887434, 0.0)
(34.257530, 29.536907, 0.0)
(34.242111, 29.680637, 0.0)
(34.241531, 29.742638, 0.0)
(34.270733, 29.749088, 0.0)
(34.305470, 29.760275, 0.0)
(34.303631, 29.803453, 0.0)
(34.292370, 29.816330, 0.0)
(34.287449, 29.858675, 0.0)
(34.249397, 29.883924, 0.0)
(34.243500, 29.869997, 0.0)
(35.844746, 30.069958, 0.0)
(39.703911, 31.222832, 0.0)
(42.007763, 32.250439, 0.0)
(42.290531, 32.369820, 0.0)
(42.223667, 32.401089, 0.0)
(42.196697, 32.345444, 0.0)
(42.302299, 32.406055, 0.0)
(43.023495, 32.825241, 0.0)
(43.118591, 32.787106, 0.0)
(43.043026, 32.788029, 0.0)
(43.021286, 32.795280, 0.0)
(43.022591, 32.796307, 0.0)
(43.013580, 32.811520, 0.0)
(42.970760, 32.839321, 0.0)
(42.877964, 32.815567, 0.0)
(42.976330, 32.785698, 0.0)
(43.002861, 32.694710, 0.0)
(42.961575, 32.711758, 0.0)
(42.928345, 32.726444, 0.0)
(42.947800, 32.738461, 0.0)
(42.943951, 32.735279, 0.0)
(42.955830, 32.709164, 0.0)
(42.928314, 32.728962, 0.0)
(42.854393, 32.771057, 0.0)
(42.870735, 32.770542, 0.0)
(42.860237, 32.784946, 0.0)
(42.853405, 32.783699, 0.0)
(42.865917, 32.786720, 0.0)
(42.839363, 32.812637, 0.0)
(42.778584, 32.807682, 0.0)
(42.795639, 32.824955, 0.0)
(42.882442, 32.757660, 0.0)
(42.888405, 32.715504, 0.0)
(42.828629, 32.748211, 0.0)
(42.775421, 32.785233, 0.0)
(42.769459, 32.850739, 0.0)
(42.830254, 32.808819, 0.0)
(40.422913, 32.049030, 0.0)
(40.063961, 31.882776, 0.0)
(40.092518, 31.850008, 0.0)
(40.159088, 31.751699, 0.0)
(40.224358, 32.004471, 0.0)
(40.221466, 32.102421, 0.0)
(40.200241, 32.107269, 0.0)
(40.423592, 33.617325, 0.0)
(40.584728, 34.644806, 0.0)
(40.385292, 32.809357, 0.0)
(40.242943, 31.718466, 0.0)
(40.217869, 31.488607, 0.0)
(40.279503, 31.548601, 0.0)
(40.329147, 31.540489, 0.0)
(40.311165, 31.569145, 0.0)
(40.328239, 31.627329, 0.0)
(40.354195, 31.593166, 0.0)
(40.379707, 32.043854, 0.0)
(39.265182, 33.388500, 0.0)
(39.500546, 32.018074, 0.0)
(39.500481, 31.356255, 0.0)
(39.452782, 31.326248, 0.0)
(39.468533, 31.404566, 0.0)
(39.506779, 31.417160, 0.0)
(39.530788, 31.401936, 0.0)
(39.531181, 31.403818, 0.0)
(39.482525, 31.387249, 0.0)
(39.526535, 31.392365, 0.0)
(39.524624, 31.485495, 0.0)
(39.490047, 31.449255, 0.0)
(39.516777, 31.456350, 0.0)
(37.367783, 32.005890, 0.0)
(33.540527, 33.954357, 0.0)
(30.753206, 35.737442, 0.0)
(29.050318, 37.021538, 0.0)
(28.742697, 37.350742, 0.0)
(28.797579, 37.296360, 0.0)
(28.782394, 37.286465, 0.0)
(28.698904, 37.278793, 0.0)
(28.283897, 37.002384, 0.0)
(28.202501, 36.931324, 0.0)
(28.210846, 36.947567, 0.0)
(28.230350, 36.956749, 0.0)
(28.236921, 36.962078, 0.0)
(28.241020, 36.973911, 0.0)
(28.208715, 36.989086, 0.0)
(28.137905, 37.016762, 0.0)
(28.199305, 36.910999, 0.0)
(28.226151, 36.863338, 0.0)
(28.198664, 36.830170, 0.0)
(28.206406, 36.810444, 0.0)
(28.210627, 36.836143, 0.0)
(28.189043, 36.873730, 0.0)
(28.209391, 36.867970, 0.0)
(28.208740, 36.843388, 0.0)
(28.190166, 36.878220, 0.0)
(28.204567, 36.822701, 0.0)
(28.207952, 36.823158, 0.0)
(28.223265, 36.842686, 0.0)
(28.214954, 36.834332, 0.0)
(28.158062, 36.909088, 0.0)
(28.163393, 36.901821, 0.0)
(28.237068, 36.806690, 0.0)
(28.258205, 36.771019, 0.0)
(28.230577, 36.793320, 0.0)
(28.199005, 36.801800, 0.0)
(28.229778, 36.845325, 0.0)
(28.237906, 36.837143, 0.0)
(28.241362, 36.856373, 0.0)
(31.120596, 36.493961, 0.0)
(35.409504, 36.283672, 0.0)
(38.850788, 35.879890, 0.0)
(41.319382, 36.187798, 0.0)
(42.711628, 36.209927, 0.0)
(42.816319, 36.223835, 0.0)
(42.708145, 36.273006, 0.0)
(42.686874, 36.299999, 0.0)
(42.809948, 36.252625, 0.0)
(42.875362, 36.247383, 0.0)
(42.807228, 36.329784, 0.0)
(42.750221, 36.366852, 0.0)
(42.778904, 36.406521, 0.0)
(41.336033, 36.173920, 0.0)
(41.122719, 36.004128, 0.0)
(41.166172, 35.978439, 0.0)
(41.168278, 35.959896, 0.0)
(41.148300, 35.959991, 0.0)
(41.137169, 35.949566, 0.0)
(41.135788, 35.962692, 0.0)
(41.099300, 35.965813, 0.0)
(41.155766, 35.910191, 0.0)
(41.175732, 35.895821, 0.0)
(41.114918, 35.907833, 0.0)
(41.168148, 35.859131, 0.0)
(41.230732, 35.864422, 0.0)
(41.143284, 35.871658, 0.0)
(41.122944, 35.885059, 0.0)
(41.165337, 35.935635, 0.0)
(41.129082, 35.923752, 0.0)
(41.137783, 35.923283, 0.0)
(41.142471, 35.931725, 0.0)
(41.134445, 35.950817, 0.0)
(41.107147, 35.958046, 0.0)
(41.120895, 35.973469, 0.0)
(41.110378, 35.999031, 0.0)
(41.108315, 35.988712, 0.0)
(41.129215, 35.952633, 0.0)
(40.880711, 36.974915, 0.0)
(41.221058, 35.890560, 0.0)
(41.850658, 33.827591, 0.0)
(41.817677, 32.813198, 0.0)
(41.736080, 32.519028, 0.0)
(41.744221, 32.519829, 0.0)
(41.794556, 32.523594, 0.0)
(41.806229, 32.527271, 0.0)
(41.857044, 32.501575, 0.0)
(41.853001, 32.556259, 0.0)
(41.849777, 32.583767, 0.0)
(41.870152, 32.575264, 0.0)
(41.876957, 32.574730, 0.0)
(41.899853, 32.561344, 0.0)
(41.892071, 32.570595, 0.0)
(41.919403, 32.579105, 0.0)
(41.921230, 32.572723, 0.0)
(41.906857, 32.565540, 0.0)
(41.936291, 32.524536, 0.0)
(41.954224, 32.505630, 0.0)
(41.906895, 32.529209, 0.0)
(41.902847, 32.533401, 0.0)
(41.924129, 32.565895, 0.0)
(41.933990, 32.550877, 0.0)
(41.926682, 32.536125, 0.0)
(41.931908, 32.580376, 0.0)
(41.911606, 32.588917, 0.0)
(41.907051, 32.590168, 0.0)
(41.933949, 32.600384, 0.0)
(41.919949, 32.601841, 0.0)
(41.916901, 32.603607, 0.0)
(41.911160, 32.603359, 0.0)
(41.912273, 32.622433, 0.0)
(41.846066, 32.597210, 0.0)
(41.861538, 32.582966, 0.0)
(41.920700, 32.566643, 0.0)
(41.798599, 32.540611, 0.0)
(37.731350, 33.138168, 0.0)
(34.105442, 34.816544, 0.0)
(31.247355, 36.622154, 0.0)
(29.668722, 37.623569, 0.0)
(29.689346, 37.583282, 0.0)
(29.700804, 37.546246, 0.0)
(29.660702, 37.523579, 0.0)
(28.749685, 37.850502, 0.0)
(28.526848, 37.855713, 0.0)
(28.525318, 37.846855, 0.0)
(28.516190, 37.854599, 0.0)
(28.541500, 37.845287, 0.0)
(28.484180, 37.848263, 0.0)
(28.462317, 37.880642, 0.0)
(28.500107, 37.809498, 0.0)
(28.555412, 37.746029, 0.0)
(28.501562, 37.790070, 0.0)
(28.458284, 37.799522, 0.0)
(28.501623, 37.750324, 0.0)
(28.524605, 37.782642, 0.0)
(28.523235, 37.757919, 0.0)
(28.526854, 37.769253, 0.0)
(28.536659, 37.769272, 0.0)
(28.530386, 37.770847, 0.0)
(28.522900, 37.778698, 0.0)
(28.545942, 37.754013, 0.0)
(28.536337, 37.769848, 0.0)
(28.542677, 37.792484, 0.0)
(28.582083, 37.771271, 0.0)
(28.565550, 37.795940, 0.0)
(28.542950, 37.756073, 0.0)
(28.591793, 37.738224, 0.0)
(28.606354, 37.746765, 0.0)
(28.570005, 37.716675, 0.0)
(28.566633, 37.717842, 0.0)
(28.576571, 37.737854, 0.0)
(29.444372, 35.774940, 0.0)
(30.995853, 32.571617, 0.0)
(31.079321, 31.943283, 0.0)
(30.994310, 31.925035, 0.0)
(30.955027, 31.952141, 0.0)
(30.950769, 31.957155, 0.0)
(30.924295, 32.014866, 0.0)
(30.925644, 32.028587, 0.0)
(30.926512, 32.060783, 0.0)
(30.687326, 31.972668, 0.0)
(30.613422, 31.966736, 0.0)
(30.667557, 31.950596, 0.0)
(30.694103, 31.889582, 0.0)
(30.630280, 31.923933, 0.0)
(30.596436, 31.945562, 0.0)
(30.639706, 31.919672, 0.0)
(30.629526, 31.943657, 0.0)
(30.623804, 31.934320, 0.0)
(30.611404, 31.862169, 0.0)
(30.816772, 33.183884, 0.0)
(30.512148, 32.524830, 0.0)
(30.394419, 31.777943, 0.0)
(30.402849, 31.684198, 0.0)
(30.474321, 31.730076, 0.0)
(30.510092, 31.723198, 0.0)
(30.482351, 31.743193, 0.0)
(30.497408, 31.776394, 0.0)
(30.510693, 31.770403, 0.0)
(30.514133, 31.841848, 0.0)
(30.494709, 31.852701, 0.0)
(30.499043, 31.858479, 0.0)
(30.510185, 31.894659, 0.0)
(30.494307, 31.888988, 0.0)
(30.516415, 31.907125, 0.0)
(33.213791, 32.277580, 0.0)
(37.705063, 33.749084, 0.0)
(38.355797, 33.926334, 0.0)
(38.305820, 33.923958, 0.0)
(38.277481, 33.829788, 0.0)
(38.355129, 33.764633, 0.0)
(38.713078, 33.905407, 0.0)
(38.732948, 33.966579, 0.0)
(38.730965, 33.954697, 0.0)
(38.721291, 33.969231, 0.0)
(38.701164, 33.942890, 0.0)
(38.742085, 33.906860, 0.0)
(38.699673, 33.915634, 0.0)
(38.721111, 33.883553, 0.0)
(38.753452, 33.880459, 0.0)
(38.731243, 33.894749, 0.0)
(38.730217, 33.902153, 0.0)
(38.739864, 33.914597, 0.0)
(38.729614, 33.944614, 0.0)
(38.727177, 33.934437, 0.0)
(38.749863, 33.911453, 0.0)
(38.798851, 33.896046, 0.0)
(38.735619, 33.894566, 0.0)
(38.740913, 33.880276, 0.0)
(38.775028, 33.854771, 0.0)
(38.779655, 33.836010, 0.0)
(38.777378, 33.825233, 0.0)
(38.749985, 33.872280, 0.0)
(38.753990, 33.904362, 0.0)
(38.765507, 33.888866, 0.0)
(38.804153, 33.873062, 0.0)
(38.801449, 33.870243, 0.0)
(38.793045, 33.826912, 0.0)
(38.800766, 33.827751, 0.0)
(38.796425, 33.790707, 0.0)
(38.804558, 33.743626, 0.0)
(38.818516, 33.731682, 0.0)
(38.808811, 33.743275, 0.0)
(38.785999, 33.766712, 0.0)
(37.853943, 32.651024, 0.0)
(36.485058, 29.270737, 0.0)
(36.390938, 28.281269, 0.0)
(36.423256, 28.312084, 0.0)
(36.379730, 28.402596, 0.0)
(36.344830, 28.482256, 0.0)
(36.344704, 28.521400, 0.0)
(36.347687, 28.556147, 0.0)
(36.152996, 27.879349, 0.0)
(36.141876, 27.843472, 0.0)
(36.113117, 27.888065, 0.0)
(36.112419, 27.838139, 0.0)
(36.150089, 27.827227, 0.0)
(36.188076, 27.774906, 0.0)
(36.125629, 27.762701, 0.0)
(36.125145, 27.827681, 0.0)
(36.125198, 27.847294, 0.0)
(36.117043, 27.895739, 0.0)
(36.128025, 27.839062, 0.0)
(36.127972, 27.827330, 0.0)
(36.089546, 27.799738, 0.0)
(36.085083, 27.812363, 0.0)
(36.111614, 27.878008, 0.0)
(36.116112, 27.903776, 0.0)
(36.125198, 27.927055, 0.0)
(36.093899, 27.970036, 0.0)
(36.111366, 27.956074, 0.0)
(36.156567, 27.886335, 0.0)
(36.153538, 27.878496, 0.0)
(36.083637, 27.950531, 0.0)
(36.086903, 27.967785, 0.0)
(36.108978, 27.993895, 0.0)
(36.078571, 28.030912, 0.0)
(36.096012, 28.007591, 0.0)
(36.075497, 28.035347, 0.0)
(36.046154, 28.045538, 0.0)
(37.962681, 28.394548, 0.0)
(40.853607, 29.142570, 0.0)
(41.681324, 29.385452, 0.0)
(41.694885, 29.437212, 0.0)
(41.616386, 29.426317, 0.0)
(41.605824, 29.392897, 0.0)
(41.658787, 29.343895, 0.0)
(41.680103, 29.303818, 0.0)
(41.616203, 29.351099, 0.0)
(41.939747, 29.303459, 0.0)
(42.371037, 29.286263, 0.0)
(42.371273, 29.290163, 0.0)
(42.360313, 29.308174, 0.0)
(42.355129, 29.321508, 0.0)
(42.336765, 29.321075, 0.0)
(42.322601, 29.322886, 0.0)
(42.313122, 29.310638, 0.0)
(42.318687, 29.318172, 0.0)
(42.315556, 29.318611, 0.0)
(42.314381, 29.339373, 0.0)
(42.265896, 29.388180, 0.0)
(42.313847, 29.315392, 0.0)
(42.343178, 29.282080, 0.0)
(42.312222, 29.307112, 0.0)
(42.300919, 29.331093, 0.0)
(42.333000, 29.341318, 0.0)
(42.301605, 29.350780, 0.0)
(42.249565, 29.358150, 0.0)
(42.291630, 29.371077, 0.0)
(42.272263, 29.382761, 0.0)
(42.248001, 29.337830, 0.0)
(42.370934, 29.349514, 0.0)
(42.336739, 29.420565, 0.0)
(42.298725, 29.395229, 0.0)
(42.323757, 29.389582, 0.0)
(42.331017, 29.382225, 0.0)
(42.316273, 29.361385, 0.0)
(42.329559, 29.313210, 0.0)
(41.176544, 31.169197, 0.0)
(40.871540, 33.015324, 0.0)
(41.496475, 31.531862, 0.0)
(41.480160, 30.771494, 0.0)
(41.443401, 30.800211, 0.0)
(41.477039, 30.885988, 0.0)
(41.517212, 30.896210, 0.0)
(41.535275, 30.943130, 0.0)
(41.537731, 30.947094, 0.0)
(41.607281, 30.967402, 0.0)
(41.538055, 30.936195, 0.0)
(41.543320, 30.869852, 0.0)
(41.629169, 30.877909, 0.0)
(41.593994, 30.862682, 0.0)
(41.032066, 30.990749, 0.0)
(40.380260, 32.194145, 0.0)
(40.900517, 31.092655, 0.0)
(40.911098, 30.797770, 0.0)
(40.914246, 30.884298, 0.0)
(40.924816, 30.931849, 0.0)
(40.971653, 30.953899, 0.0)
(41.459187, 30.836010, 0.0)
(41.483974, 30.837439, 0.0)
(41.416355, 30.888716, 0.0)
(41.468086, 30.789673, 0.0)
(41.534039, 30.803846, 0.0)
(41.458599, 30.864244, 0.0)
(41.446800, 30.838299, 0.0)
(41.478565, 30.851816, 0.0)
(41.496754, 30.833151, 0.0)
(41.493290, 30.810295, 0.0)
(41.494705, 30.841839, 0.0)
(39.931221, 31.173784, 0.0)
(36.298882, 33.870155, 0.0)
(33.298023, 36.333244, 0.0)
(31.563580, 37.538849, 0.0)
(31.580011, 37.377922, 0.0)
(31.606707, 37.295979, 0.0)
(31.541277, 37.269886, 0.0)
(31.533581, 37.178204, 0.0)
(31.558706, 37.107918, 0.0)
(31.535425, 37.082417, 0.0)
(31.474068, 37.142036, 0.0)
(31.489216, 37.127384, 0.0)
(31.513144, 37.156898, 0.0)
(31.475157, 37.173733, 0.0)
(31.456371, 37.168369, 0.0)
(31.423445, 37.140598, 0.0)
(31.387329, 37.132790, 0.0)
(31.393589, 37.114929, 0.0)
(31.409954, 37.147400, 0.0)
(31.397041, 37.095066, 0.0)
(31.446163, 37.072010, 0.0)
(31.441326, 37.107925, 0.0)
(31.366625, 37.152695, 0.0)
(31.417044, 37.067223, 0.0)
(31.455446, 37.023926, 0.0)
(31.404819, 37.074261, 0.0)
(31.404690, 37.062019, 0.0)
(31.438347, 37.085735, 0.0)
(31.386074, 37.168919, 0.0)
(31.391760, 37.114971, 0.0)
(31.416613, 37.172310, 0.0)
(31.407839, 37.184319, 0.0)
(31.382425, 37.172932, 0.0)
(31.397011, 37.221901, 0.0)
(31.395947, 37.212879, 0.0)
(31.408209, 37.219082, 0.0)
(31.431625, 37.214169, 0.0)
(31.351137, 37.282097, 0.0)
(31.371239, 37.244720, 0.0)
(31.472258, 37.921585, 0.0)
(31.469727, 37.960876, 0.0)
(31.406225, 38.017181, 0.0)
(31.416567, 37.987038, 0.0)
(31.419182, 37.988651, 0.0)
(31.373068, 38.291672, 0.0)
(31.385872, 38.363308, 0.0)
(31.389189, 38.404011, 0.0)
(31.378414, 38.418175, 0.0)
(31.369663, 38.448490, 0.0)
(31.328197, 38.522926, 0.0)
(31.302889, 38.558804, 0.0)
(31.336468, 38.528973, 0.0)
(31.330261, 38.540401, 0.0)
(31.250776, 38.558113, 0.0)
(31.292412, 38.503391, 0.0)
(31.334465, 38.469471, 0.0)
(31.303957, 38.513229, 0.0)
(31.285364, 38.526604, 0.0)
(31.317335, 38.532764, 0.0)
(31.324945, 38.560032, 0.0)
(31.304495, 38.557491, 0.0)
(31.342564, 38.607819, 0.0)
(31.335442, 38.587067, 0.0)
(31.327192, 38.585335, 0.0)
(31.327049, 38.639835, 0.0)
(31.321362, 38.648247, 0.0)
(31.315283, 38.635433, 0.0)
(31.378819, 38.659664, 0.0)
(31.345245, 38.672009, 0.0)
(31.269083, 38.698517, 0.0)
(31.312868, 38.651062, 0.0)
(31.324312, 38.662704, 0.0)
(31.317291, 38.689461, 0.0)
(31.298759, 38.720287, 0.0)
(31.262619, 38.788910, 0.0)
(32.999386, 38.351009, 0.0)
(36.425583, 37.143726, 0.0)
(36.707962, 36.957844, 0.0)
(36.640163, 36.923817, 0.0)
(36.611710, 36.917599, 0.0)
(36.652348, 36.936321, 0.0)
(36.682262, 36.922180, 0.0)
(36.799793, 36.936111, 0.0)
(37.267864, 36.770344, 0.0)
(37.262218, 36.621288, 0.0)
(37.343521, 36.517170, 0.0)
(37.428555, 36.468700, 0.0)
(37.389603, 36.483402, 0.0)
(37.380245, 36.486065, 0.0)
(37.399967, 36.487980, 0.0)
(37.381905, 36.455051, 0.0)
(37.390678, 36.433975, 0.0)
(37.426991, 36.417786, 0.0)
(37.402302, 36.382786, 0.0)
(37.335281, 36.449001, 0.0)
(37.235855, 36.457520, 0.0)
(37.262753, 36.477554, 0.0)
(37.268547, 36.486336, 0.0)
(37.247795, 36.550907, 0.0)
(37.237736, 36.489571, 0.0)
(37.279747, 36.338440, 0.0)
(37.326553, 36.346062, 0.0)
(37.277290, 36.378475, 0.0)
(37.260231, 36.389275, 0.0)
(37.266487, 36.350864, 0.0)
(37.279873, 36.372669, 0.0)
(37.265354, 36.384136, 0.0)
(37.254704, 36.449207, 0.0)
(37.258018, 36.448856, 0.0)
(37.249844, 36.472637, 0.0)
(37.264149, 36.472092, 0.0)
(37.234314, 36.435322, 0.0)
(37.246162, 36.502388, 0.0)
(38.235432, 34.057766, 0.0)
(40.158779, 31.159353, 0.0)
(41.375973, 29.779083, 0.0)
(41.382553, 29.881670, 0.0)
(41.278721, 29.982595, 0.0)
(41.270473, 30.012093, 0.0)
(41.534286, 29.943514, 0.0)
(41.578663, 29.938488, 0.0)
(41.569908, 29.968519, 0.0)
(41.538036, 30.014765, 0.0)
(41.538174, 29.963932, 0.0)
(41.574379, 29.973501, 0.0)
(41.619064, 29.985102, 0.0)
(41.629524, 29.975153, 0.0)
(41.624603, 29.959465, 0.0)
(41.566513, 29.994839, 0.0)
(41.614040, 29.919420, 0.0)
(41.681465, 29.882195, 0.0)
(41.648643, 29.875763, 0.0)
(41.589928, 29.937778, 0.0)
(41.600491, 29.905241, 0.0)
(41.626656, 29.915699, 0.0)
(41.634537, 29.876755, 0.0)
(41.662632, 29.873520, 0.0)
(41.653103, 29.925426, 0.0)
(41.612301, 29.866323, 0.0)
(41.633720, 29.859575, 0.0)
(41.714230, 29.878435, 0.0)
(41.694813, 29.884962, 0.0)
(41.666920, 29.960642, 0.0)
(41.574215, 29.983906, 0.0)
(41.606426, 29.937330, 0.0)
(41.705086, 29.907917, 0.0)
(41.660156, 29.922329, 0.0)
(41.584911, 29.943827, 0.0)
(41.590809, 29.943317, 0.0)
(41.573212, 29.968288, 0.0)
(42.539024, 30.615269, 0.0)
(42.643490, 30.700226, 0.0)
(42.543018, 30.668583, 0.0)
(42.525753, 30.656097, 0.0)
(42.554760, 30.692678, 0.0)
(42.817982, 31.021805, 0.0)
(42.852196, 31.036993, 0.0)
(42.852196, 31.036993, 0.0)
(42.766743, 31.044914, 0.0)
(42.748802, 30.996782, 0.0)
(42.825783, 30.933775, 0.0)
(42.822365, 30.955532, 0.0)
(42.774445, 31.023483, 0.0)
(42.779236, 31.016659, 0.0)
(42.767879, 31.026680, 0.0)
(42.711479, 30.997238, 0.0)
(42.753754, 30.961361, 0.0)
(42.761078, 30.929893, 0.0)
(42.704567, 30.957850, 0.0)
(42.664986, 30.995676, 0.0)
(42.702782, 31.039028, 0.0)
(42.678944, 31.050671, 0.0)
(42.663124, 31.046841, 0.0)
(42.646931, 31.027651, 0.0)
(42.643272, 30.992706, 0.0)
(42.692936, 30.897963, 0.0)
(42.731838, 30.915703, 0.0)
(42.656704, 30.886755, 0.0)
(42.640953, 30.926929, 0.0)
(42.656635, 30.976540, 0.0)
(42.655170, 30.966711, 0.0)
(42.652878, 30.954985, 0.0)
(42.647575, 30.985933, 0.0)
(42.628620, 30.957560, 0.0)
(42.627270, 30.966036, 0.0)
(42.633408, 30.960466, 0.0)
(42.617519, 31.087912, 0.0)
(42.315922, 34.002468, 0.0)
(42.194298, 35.787682, 0.0)
(42.116444, 35.904430, 0.0)
(42.126350, 35.745522, 0.0)
(42.179417, 35.622334, 0.0)
(42.265831, 36.188309, 0.0)
(42.201859, 36.932232, 0.0)
(42.222187, 36.939926, 0.0)
(42.248436, 36.911591, 0.0)
(42.216747, 36.885628, 0.0)
(42.201500, 36.881992, 0.0)
(42.185741, 36.908936, 0.0)
(42.179329, 36.910473, 0.0)
(42.189301, 36.893299, 0.0)
(42.178749, 36.963215, 0.0)
(42.143589, 36.965443, 0.0)
(42.136173, 37.052101, 0.0)
(42.119877, 37.111107, 0.0)
(42.052280, 37.092079, 0.0)
(42.099422, 37.000362, 0.0)
(42.292137, 36.866119, 0.0)
(42.223019, 36.827221, 0.0)
(42.133068, 36.837799, 0.0)
(42.179108, 36.736477, 0.0)
(42.188858, 36.753101, 0.0)
(42.141090, 36.771324, 0.0)
(42.165176, 36.764389, 0.0)
(42.178673, 36.747116, 0.0)
(42.176838, 36.740791, 0.0)
(42.187988, 36.703667, 0.0)
(42.193096, 36.751938, 0.0)
(42.165764, 36.809048, 0.0)
(42.200516, 36.860836, 0.0)
(42.233612, 36.936367, 0.0)
(42.130035, 36.896790, 0.0)
(42.198341, 36.832901, 0.0)
(42.321743, 36.776619, 0.0)
(42.259796, 36.776917, 0.0)
(42.170586, 36.779682, 0.0)
(42.187492, 36.841267, 0.0)
(42.243469, 36.790173, 0.0)
(42.293507, 36.774662, 0.0)
(42.262932, 36.779549, 0.0)
(39.705704, 35.766983, 0.0)
(39.248562, 35.581612, 0.0)
(39.280094, 35.531113, 0.0)
(39.309490, 35.538322, 0.0)
(39.246960, 35.546745, 0.0)
(39.224800, 35.537128, 0.0)
(39.022762, 35.608765, 0.0)
(35.238274, 36.800369, 0.0)
(33.168644, 37.339005, 0.0)
(33.178505, 37.268253, 0.0)
(33.106468, 37.204063, 0.0)
(33.082630, 37.211559, 0.0)
(33.089844, 37.207611, 0.0)
(33.152077, 37.763447, 0.0)
(33.951820, 37.846508, 0.0)
(34.077267, 35.529037, 0.0)
(34.062988, 34.408390, 0.0)
(34.029388, 33.873558, 0.0)
(33.941975, 33.696411, 0.0)
(33.943069, 33.655720, 0.0)
(33.955223, 33.659981, 0.0)
(33.985149, 33.624844, 0.0)
(34.067638, 33.576214, 0.0)
(34.074673, 33.579990, 0.0)
(34.038162, 33.590599, 0.0)
(34.036251, 33.606117, 0.0)
(34.098663, 33.630630, 0.0)
(34.096233, 33.600704, 0.0)
(34.068653, 33.654335, 0.0)
(34.035007, 33.642231, 0.0)
(34.015327, 33.631905, 0.0)
(32.301628, 33.552448, 0.0)
(29.038504, 33.594090, 0.0)
(28.230938, 33.475883, 0.0)
(28.238750, 33.364342, 0.0)
(28.212254, 33.356079, 0.0)
(28.183397, 33.328377, 0.0)
(28.186365, 33.271099, 0.0)
(27.936750, 33.152447, 0.0)
(27.852556, 33.151512, 0.0)
(27.820183, 33.107780, 0.0)
(27.874128, 33.100208, 0.0)
(27.855217, 33.157875, 0.0)
(27.838081, 33.101665, 0.0)
(27.835365, 33.123447, 0.0)
(27.835682, 33.125061, 0.0)
(27.821321, 33.066154, 0.0)
(27.845798, 33.105431, 0.0)
(27.829935, 33.099400, 0.0)
(27.821045, 33.080582, 0.0)
(27.828938, 33.116959, 0.0)
(27.815098, 33.122753, 0.0)
(27.828400, 33.114552, 0.0)
(27.875021, 33.100109, 0.0)
(27.871468, 33.051254, 0.0)
(27.805048, 33.121487, 0.0)
(27.816959, 33.080196, 0.0)
(27.836725, 33.107693, 0.0)
(27.846325, 33.122337, 0.0)
(27.836433, 33.119450, 0.0)
(27.799658, 33.174301, 0.0)
(27.778269, 33.183666, 0.0)
(27.779821, 33.132008, 0.0)
(27.825083, 33.135670, 0.0)
(27.841810, 33.108196, 0.0)
(27.818476, 33.158390, 0.0)
(27.761690, 33.155384, 0.0)
(27.761131, 33.147125, 0.0)
(28.045259, 32.970051, 0.0)
(29.825003, 31.601517, 0.0)
(30.674599, 30.936790, 0.0)
(30.724667, 30.884373, 0.0)
(30.671488, 30.958393, 0.0)
(30.690018, 30.943438, 0.0)
(30.707157, 30.943787, 0.0)
(30.711941, 30.977348, 0.0)
(30.631237, 31.016176, 0.0)
(30.652128, 30.861679, 0.0)
(30.694891, 30.849905, 0.0)
(30.714870, 30.890615, 0.0)
(30.672241, 30.925077, 0.0)
(30.612055, 30.917839, 0.0)
(30.632973, 30.879717, 0.0)
(30.691505, 30.816874, 0.0)
(30.673784, 30.857557, 0.0)
(30.654356, 30.930164, 0.0)
(30.645802, 30.945528, 0.0)
(30.642176, 30.969070, 0.0)
(30.656296, 30.963936, 0.0)
(30.668262, 30.907269, 0.0)
(30.672670, 30.910244, 0.0)
(30.666386, 30.950026, 0.0)
(30.647938, 30.956190, 0.0)
(30.691925, 30.975073, 0.0)
(30.728739, 30.980827, 0.0)
(30.721292, 30.969694, 0.0)
(30.726213, 30.990919, 0.0)
(30.733469, 30.949556, 0.0)
(30.760021, 30.894501, 0.0)
(30.736977, 30.926794, 0.0)
(30.673223, 30.957836, 0.0)
(30.692060, 30.990768, 0.0)
(30.709843, 31.000761, 0.0)
(30.711517, 30.970938, 0.0)
(30.697668, 30.974791, 0.0)
(30.674212, 31.016684, 0.0)
(29.895893, 31.796204, 0.0)
(29.022940, 32.837975, 0.0)
(28.992815, 32.915028, 0.0)
(29.029316, 32.880611, 0.0)
(28.984451, 32.876751, 0.0)
(28.944050, 32.882843, 0.0)
(28.973082, 32.819084, 0.0)
(28.995584, 32.767689, 0.0)
(29.023006, 32.670361, 0.0)
(28.999477, 32.643616, 0.0)
(29.029488, 32.663658, 0.0)
(29.011030, 32.640457, 0.0)
(29.126316, 33.428127, 0.0)
(29.581556, 34.553493, 0.0)
(29.198149, 33.276436, 0.0)
(29.097792, 32.582020, 0.0)
(29.039942, 32.370098, 0.0)
(28.990299, 32.321537, 0.0)
(29.080906, 32.286983, 0.0)
(29.125490, 32.268375, 0.0)
(29.089199, 32.299583, 0.0)
(29.078489, 32.326752, 0.0)
(29.105328, 32.365074, 0.0)
(29.078003, 32.367081, 0.0)
(29.083101, 32.358818, 0.0)
(29.117779, 32.373138, 0.0)
(29.099260, 32.361244, 0.0)
(29.070126, 32.410583, 0.0)
(29.047935, 32.450737, 0.0)
(29.025902, 32.431385, 0.0)
(29.080517, 32.438507, 0.0)
(30.246910, 32.552452, 0.0)
(30.505453, 32.629490, 0.0)
(30.535078, 32.576519, 0.0)
(30.551464, 32.581097, 0.0)
(31.175730, 32.642452, 0.0)
(34.460415, 33.313488, 0.0)
(34.603977, 33.413227, 0.0)
(34.519310, 33.364056, 0.0)
(34.501945, 33.335621, 0.0)
(34.519695, 33.284275, 0.0)
(34.514099, 33.265491, 0.0)
(34.681847, 33.332893, 0.0)
(34.739326, 33.472816, 0.0)
(34.709000, 33.496986, 0.0)
(34.725372, 33.468983, 0.0)
(34.724289, 33.443470, 0.0)
(34.688957, 33.405865, 0.0)
(34.720081, 33.352108, 0.0)
(34.735802, 33.330624, 0.0)
(34.714481, 33.329395, 0.0)
(34.698669, 33.358028, 0.0)
(34.724270, 33.369324, 0.0)
(34.688374, 33.418049, 0.0)
(34.673477, 33.387352, 0.0)
(34.698311, 33.405270, 0.0)
(34.660889, 33.398781, 0.0)
(34.637527, 33.376320, 0.0)
(34.659370, 33.437031, 0.0)
(34.692444, 33.414726, 0.0)
(34.721249, 33.412975, 0.0)
(34.646317, 33.448242, 0.0)
(34.654499, 33.415253, 0.0)
(34.723236, 33.336811, 0.0)
(34.754650, 33.286896, 0.0)
(34.722523, 33.348984, 0.0)
(34.699890, 33.368069, 0.0)
(34.728828, 33.400085, 0.0)
(34.727600, 33.411068, 0.0)
(34.712826, 33.392277, 0.0)
(34.662945, 33.406990, 0.0)
(35.900139, 33.654568, 0.0)
(39.520100, 34.909107, 0.0)
(40.214684, 35.334206, 0.0)
(40.176525, 35.385494, 0.0)
(40.113567, 35.348854, 0.0)
(40.073479, 35.373333, 0.0)
(40.098362, 35.346741, 0.0)
(40.380028, 35.214893, 0.0)
(40.573368, 35.038960, 0.0)
(40.499756, 35.059624, 0.0)
(40.476162, 35.062252, 0.0)
(40.503471, 35.047760, 0.0)
(40.508797, 35.067787, 0.0)
(40.516663, 35.050911, 0.0)
(40.500252, 35.068562, 0.0)
(40.498520, 35.064091, 0.0)
(40.477779, 35.056793, 0.0)
(40.477608, 35.075470, 0.0)
(40.493862, 35.076160, 0.0)
(40.505585, 35.068626, 0.0)
(40.480488, 35.104198, 0.0)
(40.449448, 35.132790, 0.0)
(40.486572, 35.081001, 0.0)
(40.522907, 35.044186, 0.0)
(40.500019, 35.084541, 0.0)
(40.536297, 35.056679, 0.0)
(40.556385, 35.096500, 0.0)
(40.491867, 35.121056, 0.0)
(40.480740, 35.129551, 0.0)
(40.514599, 35.110504, 0.0)
(40.512188, 35.093811, 0.0)
(40.495987, 35.097225, 0.0)
(40.511677, 35.117672, 0.0)
(40.498901, 35.138004, 0.0)
(40.516140, 35.136555, 0.0)
(40.486610, 35.190712, 0.0)
(40.450329, 35.127495, 0.0)
(40.512394, 35.053894, 0.0)
(40.117405, 35.033627, 0.0)
(35.772011, 33.411217, 0.0)
(32.100704, 32.317295, 0.0)
(29.721375, 32.234398, 0.0)
(28.678364, 32.105766, 0.0)
(28.605131, 32.019638, 0.0)
(28.599152, 32.048420, 0.0)
(28.102610, 32.143082, 0.0)
(28.018593, 32.193916, 0.0)
(28.035973, 32.196178, 0.0)
(28.066660, 32.224560, 0.0)
(28.047020, 32.270771, 0.0)
(27.739889, 32.460648, 0.0)
(27.615828, 32.420956, 0.0)
(27.682163, 32.385155, 0.0)
(27.703968, 32.367321, 0.0)
(27.651608, 32.391155, 0.0)
(27.654825, 32.414700, 0.0)
(27.635693, 32.471764, 0.0)
(27.646044, 32.459572, 0.0)
(27.680538, 32.426239, 0.0)
(27.675600, 32.451283, 0.0)
(27.640486, 32.497314, 0.0)
(27.607441, 32.516796, 0.0)
(27.668394, 32.521538, 0.0)
(27.707699, 32.526924, 0.0)
(27.687471, 32.487469, 0.0)
(27.630999, 32.516476, 0.0)
(27.652353, 32.437061, 0.0)
(27.699711, 32.338654, 0.0)
(27.721472, 32.363026, 0.0)
(27.647835, 32.327312, 0.0)
(27.677925, 32.405155, 0.0)
(27.705894, 32.435921, 0.0)
(27.666712, 32.473221, 0.0)
(27.655787, 32.480412, 0.0)
(27.854269, 32.636345, 0.0)
(29.143980, 35.376179, 0.0)
(29.437231, 36.572990, 0.0)
(29.430922, 36.613785, 0.0)
(29.377934, 36.616741, 0.0)
(29.293159, 36.686558, 0.0)
(29.481030, 36.727272, 0.0)
(29.669004, 36.829453, 0.0)
(29.687439, 36.771305, 0.0)
(29.629152, 36.749664, 0.0)
(29.623095, 36.685249, 0.0)
(29.626532, 36.695255, 0.0)
(29.612988, 36.713169, 0.0)
(29.597044, 36.775501, 0.0)
(29.590420, 36.771667, 0.0)
(29.633284, 36.761559, 0.0)
(29.595261, 36.722576, 0.0)
(29.636103, 36.719093, 0.0)
(29.646332, 36.655960, 0.0)
(29.633472, 36.650936, 0.0)
(29.579643, 36.691513, 0.0)
(29.615675, 36.691788, 0.0)
(29.668222, 36.620850, 0.0)
(29.650629, 36.612072, 0.0)
(29.552364, 36.670353, 0.0)
(29.552753, 36.657810, 0.0)
(29.598728, 36.681385, 0.0)
(29.591917, 36.700401, 0.0)
(29.595146, 36.699314, 0.0)
(29.603523, 36.760452, 0.0)
(29.552048, 36.780830, 0.0)
(29.553467, 36.803898, 0.0)
(29.581209, 36.807358, 0.0)
(29.643215, 36.771801, 0.0)
(29.675838, 36.819122, 0.0)
(29.587976, 36.845715, 0.0)
(29.591990, 36.774982, 0.0)
(29.694349, 36.718525, 0.0)
(29.712355, 36.711952, 0.0)
(30.049860, 36.576611, 0.0)
(33.555305, 35.034840, 0.0)
(34.087631, 34.889721, 0.0)
(34.018635, 34.958591, 0.0)
(34.560066, 37.949211, 0.0)
(34.443859, 37.203659, 0.0)
(34.593086, 35.689373, 0.0)
(34.481628, 34.695946, 0.0)
(34.464111, 34.381542, 0.0)
(34.501377, 34.288162, 0.0)
(34.542198, 34.203102, 0.0)
(34.652172, 34.158527, 0.0)
(34.613827, 34.224194, 0.0)
(34.562084, 34.206886, 0.0)
(34.871403, 34.263508, 0.0)
(34.882050, 34.344360, 0.0)
(34.824158, 34.324413, 0.0)
(34.858624, 34.323505, 0.0)
(34.827152, 34.356647, 0.0)
(34.774323, 34.321526, 0.0)
(34.792671, 34.393978, 0.0)
(34.795635, 34.387856, 0.0)
(34.775177, 34.444923, 0.0)
(34.811707, 34.478981, 0.0)
(34.785332, 34.489872, 0.0)
(34.799789, 34.493507, 0.0)
(34.836380, 34.456654, 0.0)
(34.795013, 34.476166, 0.0)
(34.817280, 34.527538, 0.0)
(34.808891, 34.518597, 0.0)
(34.789223, 34.544827, 0.0)
(34.782124, 34.563343, 0.0)
(34.733410, 34.549320, 0.0)
(34.723820, 34.549721, 0.0)
(34.711739, 34.572563, 0.0)
(36.236599, 35.110424, 0.0)
(39.607689, 36.051327, 0.0)
(40.242466, 36.284428, 0.0)
(40.149914, 36.362938, 0.0)
(40.085007, 36.344433, 0.0)
(40.161522, 36.271065, 0.0)
(40.227402, 36.235664, 0.0)
(40.577690, 36.331150, 0.0)
(40.619038, 36.356270, 0.0)
(40.629906, 36.415558, 0.0)
(40.613926, 36.438084, 0.0)
(40.594662, 36.433369, 0.0)
(40.597260, 36.453342, 0.0)
(40.570251, 36.425407, 0.0)
(40.568527, 36.406155, 0.0)
(40.586098, 36.432304, 0.0)
(40.559769, 36.392921, 0.0)
(40.568775, 36.425499, 0.0)
(40.541107, 36.460785, 0.0)
(40.544693, 36.417049, 0.0)
(40.599232, 36.370979, 0.0)
(40.620144, 36.344505, 0.0)
(40.563366, 36.308689, 0.0)
(40.557602, 36.346718, 0.0)
(40.576195, 36.354687, 0.0)
(40.583351, 36.386307, 0.0)
(40.578449, 36.395302, 0.0)
(40.546101, 36.428181, 0.0)
(40.551033, 36.387314, 0.0)
(40.573742, 36.356590, 0.0)
(40.556332, 36.410534, 0.0)
(40.556664, 36.390194, 0.0)
(40.560497, 36.436203, 0.0)
(40.470909, 36.447720, 0.0)
(40.513298, 36.425964, 0.0)
(40.578617, 36.387100, 0.0)
(40.536758, 36.391010, 0.0)
(40.487270, 36.363976, 0.0)
(39.724590, 35.947464, 0.0)
(36.590759, 33.936508, 0.0)
(34.650478, 34.324959, 0.0)
(34.249649, 33.378796, 0.0)
(34.388149, 31.590769, 0.0)
(34.475433, 30.349039, 0.0)
(34.333595, 29.380270, 0.0)
(34.250324, 28.937363, 0.0)
(34.257263, 28.855680, 0.0)
(34.274097, 28.883635, 0.0)
(34.245289, 28.989819, 0.0)
(34.287949, 28.970701, 0.0)
(34.355793, 28.912479, 0.0)
(34.295597, 28.951986, 0.0)
(34.260731, 29.009710, 0.0)
(34.286003, 29.016298, 0.0)
(34.288696, 29.062197, 0.0)
(34.261097, 29.479893, 0.0)
(34.212635, 29.582655, 0.0)
(34.217995, 29.570887, 0.0)
(34.195557, 29.599133, 0.0)
(34.215969, 29.608841, 0.0)
(34.247631, 29.592985, 0.0)
(34.242691, 29.655210, 0.0)
(34.174934, 29.678400, 0.0)
(34.159000, 29.601868, 0.0)
(34.230389, 29.566668, 0.0)
(34.247608, 29.543274, 0.0)
(34.168831, 29.564720, 0.0)
(34.158138, 29.573490, 0.0)
(34.174488, 29.601053, 0.0)
(34.151440, 29.572863, 0.0)
(34.196888, 29.534651, 0.0)
(34.190273, 29.549089, 0.0)
(34.125900, 29.577988, 0.0)
(34.141197, 29.588064, 0.0)
(34.173237, 29.610188, 0.0)
(34.859310, 29.630995, 0.0)
(38.705097, 29.918642, 0.0)
(41.620522, 30.827040, 0.0)
(43.317947, 31.446741, 0.0)
(43.423866, 31.444967, 0.0)
(43.343258, 31.420261, 0.0)
(43.326569, 31.463463, 0.0)
(43.323021, 31.462255, 0.0)
(43.330311, 31.467543, 0.0)
(43.778248, 31.597263, 0.0)
(43.860142, 31.567974, 0.0)
(43.829494, 31.562639, 0.0)
(43.809975, 31.555555, 0.0)
(43.788273, 31.566374, 0.0)
(43.813843, 31.577705, 0.0)
(43.830143, 31.568361, 0.0)
(43.735481, 31.581364, 0.0)
(43.728310, 31.558874, 0.0)
(43.834194, 31.483559, 0.0)
(43.824490, 31.449657, 0.0)
(43.733517, 31.447340, 0.0)
(43.745338, 31.483294, 0.0)
(43.738464, 31.524059, 0.0)
(43.721519, 31.514311, 0.0)
(43.772736, 31.495649, 0.0)
(43.746452, 31.500994, 0.0)
(43.731094, 31.443613, 0.0)
(43.784832, 31.448807, 0.0)
(43.777416, 31.450462, 0.0)
(43.746204, 31.461987, 0.0)
(43.705986, 31.535841, 0.0)
(43.686237, 31.518490, 0.0)
(43.716675, 31.445608, 0.0)
(43.748962, 31.382221, 0.0)
(43.707981, 31.397226, 0.0)
(43.668678, 31.420712, 0.0)
(43.650723, 31.430000, 0.0)
(43.676754, 31.417830, 0.0)
(42.685032, 30.589176, 0.0)
(41.805500, 28.821253, 0.0)
(41.785549, 28.600769, 0.0)
(41.819508, 28.725384, 0.0)
(41.832027, 28.786690, 0.0)
(41.847515, 28.807011, 0.0)
(41.811600, 28.838837, 0.0)
(41.445744, 30.473976, 0.0)
(42.368389, 29.888479, 0.0)
(41.830280, 28.600904, 0.0)
(41.715607, 28.175270, 0.0)
(41.769062, 28.273014, 0.0)
(41.792946, 28.303402, 0.0)
(41.849838, 28.443132, 0.0)
(41.865013, 28.473057, 0.0)
(41.840954, 28.518620, 0.0)
(41.781860, 28.575413, 0.0)
(41.803467, 28.515404, 0.0)
(41.892998, 28.508318, 0.0)
(41.836651, 28.534197, 0.0)
(41.804104, 28.498392, 0.0)
(41.842037, 28.612871, 0.0)
(41.834404, 28.612785, 0.0)
(41.842350, 28.537113, 0.0)
(41.909786, 28.533443, 0.0)
(41.872025, 28.538860, 0.0)
(41.818729, 28.515684, 0.0)
(41.853394, 28.581772, 0.0)
(41.859520, 28.596340, 0.0)
(41.862850, 28.621061, 0.0)
(41.832577, 28.616455, 0.0)
(41.822018, 28.570452, 0.0)
(41.867516, 28.518776, 0.0)
(41.833660, 28.501305, 0.0)
(41.797668, 28.513483, 0.0)
(41.810802, 28.551678, 0.0)
(40.011528, 30.173933, 0.0)
(37.092438, 32.573090, 0.0)
(33.798336, 34.618477, 0.0)
(32.163815, 36.201176, 0.0)
(32.142750, 36.172165, 0.0)
(32.158661, 36.162964, 0.0)
(32.119858, 36.220963, 0.0)
(32.087349, 36.245243, 0.0)
(32.042843, 36.300472, 0.0)
(32.000229, 36.319183, 0.0)
(32.029224, 36.239784, 0.0)
(32.072678, 36.258873, 0.0)
(32.283478, 37.925053, 0.0)
(37.752384, 37.200359, 0.0)
(38.642132, 35.769085, 0.0)
(38.444313, 35.127193, 0.0)
(38.434036, 35.036533, 0.0)
(38.458622, 35.053162, 0.0)
(38.491104, 35.034874, 0.0)
(38.520203, 35.044418, 0.0)
(38.489132, 35.107082, 0.0)
(38.445286, 35.153393, 0.0)
(38.451668, 35.124126, 0.0)
(38.522739, 35.069958, 0.0)
(38.480682, 35.057739, 0.0)
(38.421265, 35.105190, 0.0)
(38.415592, 35.065903, 0.0)
(38.450535, 35.121403, 0.0)
(38.427906, 35.152225, 0.0)
(38.427265, 35.155605, 0.0)
(38.393356, 35.195774, 0.0)
(38.390614, 35.173920, 0.0)
(38.425301, 35.153961, 0.0)
(35.321114, 34.125267, 0.0)
(32.801971, 32.463413, 0.0)
(32.798470, 31.944813, 0.0)
(32.777008, 31.862869, 0.0)
(32.779369, 31.778261, 0.0)
(32.767979, 31.744856, 0.0)
(32.701035, 31.762177, 0.0)
(32.327496, 31.838425, 0.0)
(32.360863, 31.779066, 0.0)
(32.389179, 31.820965, 0.0)
(32.347839, 31.837650, 0.0)
(32.344795, 31.874460, 0.0)
(32.343880, 31.919836, 0.0)
(32.351730, 31.916803, 0.0)
(32.344757, 31.954029, 0.0)
(32.322327, 31.959318, 0.0)
(32.347656, 31.955605, 0.0)
(32.368370, 31.960052, 0.0)
(32.313038, 31.973545, 0.0)
(32.302353, 31.958204, 0.0)
(32.392208, 31.891548, 0.0)
(32.364391, 31.908165, 0.0)
(32.307110, 31.921824, 0.0)
(32.335434, 31.924891, 0.0)
(32.341579, 31.951862, 0.0)
(32.314247, 31.927145, 0.0)
(32.309406, 31.931076, 0.0)
(32.294182, 31.935251, 0.0)
(32.280403, 31.934847, 0.0)
(32.272556, 31.979229, 0.0)
(32.256676, 32.011436, 0.0)
(32.261097, 32.036423, 0.0)
(32.269691, 32.077961, 0.0)
(32.223991, 32.012981, 0.0)
(32.233891, 31.977306, 0.0)
(32.265335, 31.907026, 0.0)
(33.175056, 32.601280, 0.0)
(35.854248, 36.011581, 0.0)
(37.230068, 38.060844, 0.0)
(37.221203, 38.225990, 0.0)
(37.143631, 38.058601, 0.0)
(37.088303, 37.864590, 0.0)
(37.108974, 37.852211, 0.0)
(37.255795, 38.183537, 0.0)
(37.140324, 38.732452, 0.0)
(37.134098, 38.768501, 0.0)
(37.131691, 38.756557, 0.0)
(37.203545, 38.859604, 0.0)
(37.150181, 38.846008, 0.0)
(37.177547, 38.864925, 0.0)
(37.210201, 38.839664, 0.0)
(37.193493, 38.805439, 0.0)
(37.150997, 38.816273, 0.0)
(37.146198, 38.853218, 0.0)
(37.187458, 38.903027, 0.0)
(37.164616, 38.900959, 0.0)
(37.169128, 38.926060, 0.0)
(37.133209, 38.257732, 0.0)
(37.094624, 36.910431, 0.0)
(37.055214, 36.820225, 0.0)
(37.043606, 36.859001, 0.0)
(37.077492, 36.906639, 0.0)
(37.045727, 36.954258, 0.0)
(36.979549, 37.018742, 0.0)
(36.997646, 36.945042, 0.0)
(37.068249, 36.841255, 0.0)
(37.081745, 36.820919, 0.0)
(37.004166, 36.851753, 0.0)
(37.054905, 36.834019, 0.0)
(37.092430, 36.868561, 0.0)
(37.084450, 36.851871, 0.0)
(37.091396, 36.881138, 0.0)
(37.067554, 36.867470, 0.0)
(37.091927, 36.853008, 0.0)
(37.602501, 36.357670, 0.0)
(39.839451, 32.919117, 0.0)
(41.599571, 30.403572, 0.0)
(42.517471, 29.695978, 0.0)
(42.534412, 29.854235, 0.0)
(42.517235, 29.891739, 0.0)
(42.546558, 29.852734, 0.0)
(42.518715, 29.872400, 0.0)
(42.444683, 29.870796, 0.0)
(42.785496, 29.936977, 0.0)
(43.164879, 29.920681, 0.0)
(43.180687, 29.939648, 0.0)
(43.139877, 29.944464, 0.0)
(43.114281, 29.949877, 0.0)
(43.140106, 29.946012, 0.0)
(43.141094, 29.910191, 0.0)
(43.143436, 29.925634, 0.0)
(43.117729, 29.930382, 0.0)
(43.112801, 29.937281, 0.0)
(43.114067, 29.932262, 0.0)
(43.058144, 29.916967, 0.0)
(43.097412, 29.858780, 0.0)
(43.141354, 29.843746, 0.0)
(43.057255, 29.869686, 0.0)
(43.050705, 29.887325, 0.0)
(43.095959, 29.917007, 0.0)
(43.090080, 29.919674, 0.0)
(43.107830, 29.912115, 0.0)
(43.099396, 29.924017, 0.0)
(43.077747, 29.888922, 0.0)
(43.076050, 29.885305, 0.0)
(43.100662, 29.892176, 0.0)
(43.096996, 29.920382, 0.0)
(43.092922, 30.018848, 0.0)
(43.091049, 30.069393, 0.0)
(43.033634, 30.077665, 0.0)
(43.063225, 30.004978, 0.0)
(43.134743, 30.115664, 0.0)
(42.985283, 33.224564, 0.0)
(42.754322, 35.085392, 0.0)
(42.733509, 35.204426, 0.0)
(42.758591, 35.184605, 0.0)
(42.741043, 35.151863, 0.0)
(42.748192, 35.181736, 0.0)
(42.760788, 35.175610, 0.0)
(42.763481, 35.130169, 0.0)
(42.780647, 35.135094, 0.0)
(42.773617, 35.140770, 0.0)
(42.788307, 35.191914, 0.0)
(42.808926, 35.225269, 0.0)
(42.778458, 35.217873, 0.0)
(42.776375, 35.166538, 0.0)
(42.846516, 35.136345, 0.0)
(42.823586, 35.105759, 0.0)
(42.776035, 35.098579, 0.0)
(42.786110, 35.094631, 0.0)
(42.779346, 35.121788, 0.0)
(42.749836, 35.150288, 0.0)
(42.766678, 35.166885, 0.0)
(42.793758, 35.220161, 0.0)
(42.749344, 35.251537, 0.0)
(42.754585, 35.194427, 0.0)
(42.784279, 35.230789, 0.0)
(42.810421, 35.291656, 0.0)
(42.746582, 35.364437, 0.0)
(42.708992, 35.395531, 0.0)
(42.805958, 35.381542, 0.0)
(42.820312, 35.352318, 0.0)
(42.795563, 35.336697, 0.0)
(42.771729, 35.352451, 0.0)
(42.741947, 35.362164, 0.0)
(42.789402, 35.333771, 0.0)
(42.793564, 35.372818, 0.0)
(42.733292, 35.372437, 0.0)
(42.747799, 35.370350, 0.0)
(41.182205, 35.955555, 0.0)
(37.692810, 37.521732, 0.0)
(35.026375, 38.793026, 0.0)
(34.917305, 38.858242, 0.0)
(34.945740, 38.822720, 0.0)
(34.986706, 38.683369, 0.0)
(34.980881, 38.680958, 0.0)
(34.920952, 39.204826, 0.0)
(34.941547, 39.285809, 0.0)
(34.954605, 39.310955, 0.0)
(34.927887, 39.283337, 0.0)
(34.954098, 39.300419, 0.0)
(34.941574, 39.303276, 0.0)
(34.916348, 39.324455, 0.0)
(34.902435, 39.325066, 0.0)
(34.937458, 39.308388, 0.0)
(34.974262, 39.301884, 0.0)
(34.919247, 39.335659, 0.0)
(34.846638, 39.368698, 0.0)
(34.868195, 39.321213, 0.0)
(34.931297, 39.256477, 0.0)
(34.913582, 39.262161, 0.0)
(34.828625, 39.280811, 0.0)
(34.845242, 39.308147, 0.0)
(34.857777, 39.334129, 0.0)
(34.834000, 39.350780, 0.0)
(34.833538, 39.351589, 0.0)
(34.830593, 39.342499, 0.0)
(34.836151, 39.315674, 0.0)
(34.853081, 39.307800, 0.0)
(34.851059, 39.296577, 0.0)
(34.800079, 39.294270, 0.0)
(34.772079, 39.340015, 0.0)
(34.865261, 39.239521, 0.0)
(34.887653, 39.230949, 0.0)
(34.834148, 39.276611, 0.0)
(34.848511, 39.237007, 0.0)
(34.841908, 39.269764, 0.0)
(34.853657, 39.265018, 0.0)
(35.110348, 36.563499, 0.0)
(35.760075, 32.297405, 0.0)
(37.413528, 29.374790, 0.0)
(37.860336, 29.027170, 0.0)
(37.883495, 29.170366, 0.0)
(37.887756, 29.219698, 0.0)
(37.869961, 29.307442, 0.0)
(37.815849, 29.369732, 0.0)
(37.928883, 28.760500, 0.0)
(38.034603, 28.643187, 0.0)
(37.959816, 28.675180, 0.0)
(37.915070, 28.697273, 0.0)
(37.942112, 28.767349, 0.0)
(37.941772, 28.751219, 0.0)
(37.928398, 28.718788, 0.0)
(37.933441, 28.721956, 0.0)
(37.915825, 28.222826, 0.0)
(37.928654, 28.148674, 0.0)
(37.956383, 28.219076, 0.0)
(37.896091, 28.241882, 0.0)
(37.984848, 28.302996, 0.0)
(37.957222, 28.327530, 0.0)
(37.845913, 28.290760, 0.0)
(37.937477, 28.249004, 0.0)
(37.986809, 28.207098, 0.0)
(37.868740, 28.177423, 0.0)
(37.875320, 28.218311, 0.0)
(37.870182, 28.257534, 0.0)
(37.849129, 28.301514, 0.0)
(37.830063, 28.311628, 0.0)
(37.823078, 28.342161, 0.0)
(37.790531, 28.350027, 0.0)
(37.774406, 28.283039, 0.0)
(37.777267, 28.325960, 0.0)
(37.779892, 28.366016, 0.0)
(37.776363, 28.476219, 0.0)
(35.198757, 31.419102, 0.0)
(32.800602, 35.139164, 0.0)
(32.079144, 36.234055, 0.0)
(32.027142, 36.229233, 0.0)
(31.948063, 36.156120, 0.0)
(31.893080, 36.184769, 0.0)
(31.398901, 36.632183, 0.0)
(31.314592, 36.693909, 0.0)
(31.328814, 36.659092, 0.0)
(31.327244, 36.611240, 0.0)
(31.244797, 36.592960, 0.0)
(31.224979, 36.591148, 0.0)
(31.216896, 36.624325, 0.0)
(31.203655, 36.656471, 0.0)
(31.169683, 36.695824, 0.0)
(31.128933, 36.695446, 0.0)
(31.143564, 36.625923, 0.0)
(31.166557, 36.525200, 0.0)
(31.133598, 36.573105, 0.0)
(31.089338, 36.574959, 0.0)
(31.103960, 36.542252, 0.0)
(31.112490, 36.597252, 0.0)
(31.064581, 36.597424, 0.0)
(31.075262, 36.593987, 0.0)
(31.062460, 36.595341, 0.0)
(31.072445, 36.545410, 0.0)
(31.057713, 36.600788, 0.0)
(31.061375, 36.606415, 0.0)
(31.046749, 36.626797, 0.0)
(31.057304, 36.660229, 0.0)
(31.013908, 36.619282, 0.0)
(31.009026, 36.622883, 0.0)
(31.064264, 36.504360, 0.0)
(31.041119, 36.486740, 0.0)
(30.978233, 36.522781, 0.0)
(30.973316, 36.517284, 0.0)
(31.001135, 36.569183, 0.0)
(31.868998, 36.174191, 0.0)
(36.075863, 33.940662, 0.0)
(39.652542, 32.647324, 0.0)
(41.373188, 32.364498, 0.0)
(41.412579, 32.427788, 0.0)
(41.398540, 32.429935, 0.0)
(41.421425, 32.450722, 0.0)
(41.430019, 32.452835, 0.0)
(41.407219, 32.500374, 0.0)
(41.404831, 32.465164, 0.0)
(41.495850, 32.350536, 0.0)
(41.504227, 32.311436, 0.0)
(41.424580, 32.354103, 0.0)
(41.438583, 32.373783, 0.0)
(41.469639, 32.397602, 0.0)
(41.405239, 32.443996, 0.0)
(41.430687, 32.402206, 0.0)
(41.452183, 32.409760, 0.0)
(41.416378, 32.353065, 0.0)
(41.429710, 32.374096, 0.0)
(41.516834, 32.057133, 0.0)
(41.489708, 32.025494, 0.0)
(41.529636, 32.061016, 0.0)
(41.554409, 32.072620, 0.0)
(41.510109, 32.055592, 0.0)
(41.546520, 32.009064, 0.0)
(41.634636, 31.973568, 0.0)
(41.565517, 31.981049, 0.0)
(41.538319, 32.039551, 0.0)
(41.562012, 32.045639, 0.0)
(41.567585, 32.061123, 0.0)
(41.582653, 32.023335, 0.0)
(41.602432, 32.015358, 0.0)
(41.557968, 32.070301, 0.0)
(41.552063, 32.066460, 0.0)
(41.571831, 32.092335, 0.0)
(41.533600, 32.128178, 0.0)
(41.533875, 32.120186, 0.0)
(40.584049, 31.767357, 0.0)
(38.150627, 30.279430, 0.0)
(38.169525, 30.090933, 0.0)
(38.269726, 30.086428, 0.0)
(38.261200, 30.101074, 0.0)
(38.204464, 30.092665, 0.0)
(38.204380, 30.140676, 0.0)
(38.192596, 30.167542, 0.0)
(38.185814, 30.177366, 0.0)
(38.234978, 30.102100, 0.0)
(38.251030, 30.123854, 0.0)
(38.209568, 30.160519, 0.0)
(38.068562, 29.983547, 0.0)
(38.064968, 30.006067, 0.0)
(38.103870, 30.215443, 0.0)
(38.416023, 31.532394, 0.0)
(38.180580, 30.304953, 0.0)
(38.011818, 29.687202, 0.0)
(37.977768, 29.661650, 0.0)
(38.067913, 29.722416, 0.0)
(38.081928, 29.785051, 0.0)
(38.086033, 29.792107, 0.0)
(38.088577, 29.789709, 0.0)
(38.086609, 29.855064, 0.0)
(38.065460, 29.833113, 0.0)
(38.083027, 29.861938, 0.0)
(38.109516, 29.882015, 0.0)
(38.100651, 29.904648, 0.0)
(38.091537, 29.926003, 0.0)
(38.035534, 29.918524, 0.0)
(38.099506, 29.860430, 0.0)
(38.138939, 29.832409, 0.0)
(38.106255, 29.845369, 0.0)
(38.065197, 29.872345, 0.0)
(38.079727, 29.906614, 0.0)
(37.975006, 29.970013, 0.0)
(34.819344, 32.859943, 0.0)
(33.300449, 34.836239, 0.0)
(33.206715, 34.842747, 0.0)
(33.194901, 34.759151, 0.0)
(33.169060, 34.755768, 0.0)
(32.899448, 34.908878, 0.0)
(32.719555, 35.094124, 0.0)
(32.710442, 35.103546, 0.0)
(32.671692, 35.120388, 0.0)
(32.657005, 35.080692, 0.0)
(32.696426, 35.020638, 0.0)
(32.690952, 35.011566, 0.0)
(32.636372, 35.089863, 0.0)
(32.612709, 35.088444, 0.0)
(32.607899, 35.117950, 0.0)
(32.584213, 35.098240, 0.0)
(32.592216, 35.101665, 0.0)
(32.560436, 35.148705, 0.0)
(32.558189, 35.157936, 0.0)
(32.590672, 35.145126, 0.0)
(32.587852, 35.211544, 0.0)
(32.554798, 35.260845, 0.0)
(32.542362, 35.284733, 0.0)
(32.562820, 35.283730, 0.0)
(32.556496, 35.232349, 0.0)
(32.568474, 35.210526, 0.0)
(32.618580, 35.089859, 0.0)
(32.546410, 35.180492, 0.0)
(32.499599, 35.210728, 0.0)
(32.540169, 35.209217, 0.0)
(32.554237, 35.205833, 0.0)
(32.563278, 35.185406, 0.0)
(32.531345, 35.171162, 0.0)
(32.496582, 35.192917, 0.0)
(32.495602, 35.167446, 0.0)
(34.128529, 34.767597, 0.0)
(38.122963, 33.656719, 0.0)
(38.683701, 33.485786, 0.0)
(38.726063, 33.417809, 0.0)
(38.705734, 33.411995, 0.0)
(38.648212, 33.391586, 0.0)
(38.737541, 33.372829, 0.0)
(38.806614, 33.383362, 0.0)
(38.660835, 33.401478, 0.0)
(38.645439, 33.420094, 0.0)
(38.720184, 33.423065, 0.0)
(38.691116, 33.405304, 0.0)
(38.642979, 33.424644, 0.0)
(38.667145, 33.407944, 0.0)
(38.672546, 33.422306, 0.0)
(38.711117, 33.412853, 0.0)
(38.714230, 33.509262, 0.0)
(38.691666, 33.507298, 0.0)
(38.722591, 33.516514, 0.0)
(38.734917, 33.503853, 0.0)
(38.652229, 33.447952, 0.0)
(38.724419, 33.421722, 0.0)
(38.792583, 33.373840, 0.0)
(38.710258, 33.417793, 0.0)
(38.656963, 33.472443, 0.0)
(38.665485, 33.481346, 0.0)
(38.672783, 33.506992, 0.0)
(38.651821, 33.523933, 0.0)
(38.670696, 33.463352, 0.0)
(38.682140, 33.456936, 0.0)
(38.651718, 33.470398, 0.0)
(38.646038, 33.524017, 0.0)
(38.656994, 33.529110, 0.0)
(38.651646, 33.522354, 0.0)
(38.645519, 33.528446, 0.0)
(38.605053, 33.488297, 0.0)
(38.656094, 33.388107, 0.0)
(38.709122, 33.369652, 0.0)
(38.678860, 33.373440, 0.0)
(39.701893, 32.590042, 0.0)
(41.766052, 30.888470, 0.0)
(42.462856, 30.457947, 0.0)
(42.481037, 30.524958, 0.0)
(42.421864, 30.549057, 0.0)
(42.396080, 30.576239, 0.0)
(42.369522, 30.594738, 0.0)
(42.411377, 30.595737, 0.0)
(42.428158, 30.602213, 0.0)
(42.371704, 30.643475, 0.0)
(42.554611, 30.612120, 0.0)
(42.442768, 30.452162, 0.0)
(42.502048, 30.373281, 0.0)
(42.548988, 30.300303, 0.0)
(42.463745, 30.295942, 0.0)
(42.465698, 30.292225, 0.0)
(42.450130, 30.207808, 0.0)
(42.331467, 32.064777, 0.0)
(42.608341, 31.359001, 0.0)
(42.191872, 30.214321, 0.0)
(42.135384, 29.889252, 0.0)
(42.158764, 29.970184, 0.0)
(42.202217, 30.016523, 0.0)
(42.290302, 29.972120, 0.0)
(42.336784, 29.961838, 0.0)
(42.273903, 29.988762, 0.0)
(42.255032, 30.021935, 0.0)
(42.260490, 30.059141, 0.0)
(42.271748, 30.056980, 0.0)
(42.279781, 30.085709, 0.0)
(42.265167, 30.086203, 0.0)
(42.246471, 30.080927, 0.0)
(42.243538, 30.117716, 0.0)
(42.238850, 30.147074, 0.0)
(41.764969, 30.420797, 0.0)
(38.704414, 32.861286, 0.0)
(36.875137, 34.871796, 0.0)
(36.796230, 34.928017, 0.0)
(36.866554, 34.753166, 0.0)
(36.848869, 34.704834, 0.0)
(36.220901, 35.104900, 0.0)
(33.408974, 37.640602, 0.0)
(32.901199, 37.662151, 0.0)
(32.897800, 37.549202, 0.0)
(32.947964, 37.532948, 0.0)
(32.860889, 37.465782, 0.0)
(32.838219, 37.506168, 0.0)
(31.943256, 38.433632, 0.0)
(30.948761, 38.952812, 0.0)
(30.936272, 39.029572, 0.0)
(30.938572, 39.022652, 0.0)
(30.892704, 39.052429, 0.0)
(30.891443, 39.028973, 0.0)
(30.971388, 38.936172, 0.0)
(30.924534, 39.013023, 0.0)
(30.861874, 39.047470, 0.0)
(32.865009, 37.085415, 0.0)
(34.713783, 34.924820, 0.0)
(34.642963, 34.853638, 0.0)
(34.570290, 34.834118, 0.0)
(34.594986, 34.837944, 0.0)
(34.564316, 34.864491, 0.0)
(34.553749, 34.844681, 0.0)
(34.564075, 34.873600, 0.0)
(34.571583, 34.900810, 0.0)
(34.537590, 34.902424, 0.0)
(34.518333, 34.935852, 0.0)
(34.548855, 34.910645, 0.0)
(34.567055, 34.858974, 0.0)
(34.537579, 34.899559, 0.0)
(34.612732, 34.876667, 0.0)
(38.321690, 35.265148, 0.0)
(38.728855, 35.351246, 0.0)
(38.661987, 35.313000, 0.0)
(38.657127, 35.294960, 0.0)
(38.707329, 35.290031, 0.0)
(38.696468, 35.289562, 0.0)
(38.700596, 35.312519, 0.0)
(38.745880, 35.347435, 0.0)
(38.751926, 35.321865, 0.0)
(38.703541, 35.329067, 0.0)
(38.668053, 35.358727, 0.0)
(38.744247, 35.275181, 0.0)
(38.815422, 35.159023, 0.0)
(38.781502, 35.223969, 0.0)
(38.688747, 35.230434, 0.0)
(38.761993, 35.224064, 0.0)
(38.801125, 35.216381, 0.0)
(38.800186, 35.237232, 0.0)
(38.772011, 35.278549, 0.0)
(38.795803, 35.309647, 0.0)
(38.800064, 35.255730, 0.0)
(38.783844, 35.266975, 0.0)
(38.803734, 35.328442, 0.0)
(38.775887, 35.326336, 0.0)
(38.835522, 35.323936, 0.0)
(38.793179, 35.368557, 0.0)
(38.819118, 35.314072, 0.0)
(38.860893, 35.251003, 0.0)
(38.856998, 35.240719, 0.0)
(38.809303, 35.297554, 0.0)
(38.805244, 35.235165, 0.0)
(38.853386, 35.278328, 0.0)
(38.809216, 35.307133, 0.0)
(38.790810, 35.290264, 0.0)
(38.794777, 35.340496, 0.0)
(38.799507, 35.312679, 0.0)
(38.803028, 35.285820, 0.0)
(38.763119, 35.330593, 0.0)
(38.703999, 35.315460, 0.0)
(38.706944, 35.321152, 0.0)
(40.236252, 36.219086, 0.0)
(41.828655, 37.705330, 0.0)
(42.002560, 37.895424, 0.0)
(41.984928, 37.910961, 0.0)
(41.914959, 37.860485, 0.0)
(41.888176, 37.875027, 0.0)
(41.964558, 37.954742, 0.0)
(41.934071, 37.961529, 0.0)
(41.920410, 37.947964, 0.0)
(41.748222, 37.068256, 0.0)
(41.727371, 36.813244, 0.0)
(41.719761, 36.845875, 0.0)
(41.695988, 36.871983, 0.0)
(41.689720, 36.895401, 0.0)
(41.689766, 36.899250, 0.0)
(41.692020, 36.900318, 0.0)
(41.700371, 36.893139, 0.0)
(41.657299, 36.924774, 0.0)
(41.674347, 36.875935, 0.0)
(41.709896, 36.855099, 0.0)
(41.691204, 36.839554, 0.0)
(41.646507, 36.875305, 0.0)
(41.669701, 36.870113, 0.0)
(41.658791, 36.849609, 0.0)
(41.641548, 36.878735, 0.0)
(41.647198, 36.863811, 0.0)
(41.641418, 36.874969, 0.0)
(41.635963, 36.874329, 0.0)
(41.632320, 36.894188, 0.0)
(41.652710, 36.879066, 0.0)
(41.670605, 36.920074, 0.0)
(41.637276, 36.944908, 0.0)
(41.634407, 36.919201, 0.0)
(41.622974, 36.902664, 0.0)
(41.679893, 36.828827, 0.0)
(41.692596, 36.841721, 0.0)
(41.644955, 36.846153, 0.0)
(41.658703, 36.839504, 0.0)
(41.677288, 36.869648, 0.0)
(41.653309, 36.878803, 0.0)
(41.627010, 36.896446, 0.0)
(41.659897, 36.888496, 0.0)
(41.663422, 36.880539, 0.0)
(41.646275, 36.891098, 0.0)
(41.656769, 36.884296, 0.0)
(41.645470, 36.913010, 0.0)
(41.627857, 36.931721, 0.0)
(41.640495, 36.918560, 0.0)
(41.656921, 36.926888, 0.0)
(41.623985, 36.930527, 0.0)
(41.640633, 36.897411, 0.0)
(41.679237, 36.849422, 0.0)
(41.666622, 36.831654, 0.0)
(41.645660, 36.875370, 0.0)
(41.650063, 36.848026, 0.0)
(41.664574, 36.860439, 0.0)
(41.668823, 36.851994, 0.0)
(41.661690, 36.869106, 0.0)
(41.635433, 36.898052, 0.0)
(41.653584, 36.874634, 0.0)
(41.659065, 36.881348, 0.0)
(41.656784, 36.882927, 0.0)
(41.653042, 36.885250, 0.0)
(41.646980, 36.888515, 0.0)
(41.697186, 36.883343, 0.0)
(41.718964, 36.897705, 0.0)
(41.651428, 36.926258, 0.0)
(41.647480, 36.917152, 0.0)
(41.741241, 36.877689, 0.0)
(41.748447, 36.862820, 0.0)
(41.680763, 36.892166, 0.0)
(41.668827, 36.876411, 0.0)
(41.735630, 36.886284, 0.0)
(41.745338, 36.865341, 0.0)
(41.725441, 36.876110, 0.0)
(41.706497, 36.914265, 0.0)
(41.725506, 36.921513, 0.0)
(41.696903, 36.905758, 0.0)
(41.732983, 36.892380, 0.0)
(41.756855, 36.893826, 0.0)
(41.739609, 36.874981, 0.0)
(41.717697, 36.896420, 0.0)
(41.743511, 36.903130, 0.0)
(41.727005, 36.872269, 0.0)
(41.720406, 36.829491, 0.0)
(41.765163, 36.850414, 0.0)
(41.745907, 36.825230, 0.0)
(41.722706, 36.782719, 0.0)
(41.746281, 36.814217, 0.0)
(41.748489, 36.843075, 0.0)
(41.550770, 37.917202, 0.0)
(41.454166, 39.804558, 0.0)
(41.977325, 38.076454, 0.0)
(42.129658, 37.247669, 0.0)
(42.088039, 36.853649, 0.0)
(42.052650, 36.723454, 0.0)
(42.063923, 36.694851, 0.0)
(42.099487, 36.697746, 0.0)
(42.052399, 36.672043, 0.0)
(42.061245, 36.627979, 0.0)
(42.115814, 36.596115, 0.0)
(42.103550, 36.581951, 0.0)
(42.075352, 36.582798, 0.0)
(41.863762, 36.941364, 0.0)
(40.066628, 38.144760, 0.0)
(41.747253, 37.477219, 0.0)
(42.116272, 37.104160, 0.0)
(42.088211, 37.010113, 0.0)
(42.093319, 37.054440, 0.0)
(42.079067, 37.092373, 0.0)
(42.121269, 37.099243, 0.0)
(42.192410, 37.140770, 0.0)
(42.138161, 37.156712, 0.0)
(42.184052, 37.132473, 0.0)
(42.248112, 37.114563, 0.0)
(42.193531, 37.121918, 0.0)
(42.200893, 37.233120, 0.0)
(42.185383, 37.909836, 0.0)
(42.162098, 37.998611, 0.0)
(42.151871, 37.988682, 0.0)
(42.184158, 37.971893, 0.0)
(42.163448, 37.943394, 0.0)
(42.151878, 38.023071, 0.0)
(41.139030, 38.852947, 0.0)
(40.254688, 39.746696, 0.0)
(41.801788, 38.468964, 0.0)
(42.068962, 37.956722, 0.0)
(42.024651, 37.651901, 0.0)
(42.056210, 37.463875, 0.0)
(42.101101, 37.417068, 0.0)
(42.059689, 37.385452, 0.0)
(42.036858, 37.418278, 0.0)
(42.157425, 37.652878, 0.0)
(42.104702, 37.969307, 0.0)
(42.091938, 38.023293, 0.0)
(42.058605, 38.034584, 0.0)
(42.061890, 38.028980, 0.0)
(42.093422, 38.018574, 0.0)
(42.074123, 38.018780, 0.0)
(42.072998, 38.036339, 0.0)
(42.078171, 38.047344, 0.0)
(42.002331, 38.172333, 0.0)
(39.828465, 38.747776, 0.0)
(40.492023, 37.316166, 0.0)
(40.396809, 36.616886, 0.0)
(40.324360, 36.294456, 0.0)
(40.319942, 36.174759, 0.0)
(40.335945, 36.105850, 0.0)
(40.376705, 36.139084, 0.0)
(41.965961, 37.690826, 0.0)
(42.300446, 37.898529, 0.0)
(42.295971, 37.935059, 0.0)
(42.260586, 37.938461, 0.0)
(42.258011, 37.933216, 0.0)
(42.277275, 37.880203, 0.0)
(42.283649, 37.886932, 0.0)
(42.279560, 37.900856, 0.0)
(42.250889, 37.894222, 0.0)
(42.256123, 37.852428, 0.0)
(42.290993, 38.091042, 0.0)
(42.285568, 38.203445, 0.0)
(42.258011, 38.181419, 0.0)
(42.258022, 38.229881, 0.0)
(42.256115, 38.249565, 0.0)
(41.515244, 39.339466, 0.0)
(40.825054, 39.428337, 0.0)
(41.877140, 38.326328, 0.0)
(41.932343, 37.803608, 0.0)
(41.890285, 37.577415, 0.0)
(41.852097, 37.512070, 0.0)
(41.884022, 37.523346, 0.0)
(41.918934, 37.586842, 0.0)
(42.178974, 38.009178, 0.0)
(42.288376, 38.011703, 0.0)
(42.233273, 37.985828, 0.0)
(42.187454, 38.045315, 0.0)
(42.166508, 38.119370, 0.0)
(42.173977, 38.139534, 0.0)
(42.192337, 38.096531, 0.0)
(42.193398, 38.106510, 0.0)
(42.186108, 38.126629, 0.0)
(42.199348, 38.277302, 0.0)
(42.275166, 38.272911, 0.0)
(42.271027, 38.266678, 0.0)
(42.281086, 38.290154, 0.0)
(42.259949, 38.316055, 0.0)
(41.913239, 38.954010, 0.0)
(41.347725, 38.641918, 0.0)
(41.639439, 37.997189, 0.0)
(41.569447, 37.666416, 0.0)
(41.547424, 37.457825, 0.0)
(41.577888, 37.467751, 0.0)
(41.624100, 37.510925, 0.0)
(41.640182, 37.479519, 0.0)
(41.915131, 37.786579, 0.0)
(42.220757, 38.134186, 0.0)
(42.211987, 38.138386, 0.0)
(42.237270, 38.148449, 0.0)
(42.242542, 38.151848, 0.0)
(42.209713, 38.150780, 0.0)
(42.216141, 38.163120, 0.0)
(42.200405, 38.169525, 0.0)
(42.184345, 38.168095, 0.0)
(42.239441, 38.133232, 0.0)
(42.280670, 38.108669, 0.0)
(42.250973, 38.098175, 0.0)
(42.188568, 38.111835, 0.0)
(42.238140, 38.115242, 0.0)
(42.047554, 38.581345, 0.0)
(41.799545, 38.323021, 0.0)
(41.903385, 37.482037, 0.0)
(41.883438, 37.069134, 0.0)
(41.883648, 36.905144, 0.0)
(41.887596, 36.949917, 0.0)
(41.897579, 37.018349, 0.0)
(42.118759, 37.768135, 0.0)
(42.144962, 37.893326, 0.0)
(42.143944, 37.838810, 0.0)
(42.165493, 37.751453, 0.0)
(42.204388, 37.732903, 0.0)
(42.163197, 37.736450, 0.0)
(42.146053, 37.739216, 0.0)
(42.301517, 37.836514, 0.0)
(42.306515, 37.779964, 0.0)
(42.277554, 37.755333, 0.0)
(42.292992, 37.788700, 0.0)
(42.278767, 37.826363, 0.0)
(42.276329, 37.785332, 0.0)
(42.262589, 37.935768, 0.0)
(41.375607, 39.585186, 0.0)
