{
  "prompt": "black pupil.",
  "gsam2_centers": [
    {
      "valid": true,
      "cx": 142.26999999999998,
      "cy": 120.87,
      "area": 1178,
      "det_score": 0.4742,
      "sam_score": 0.9741,
      "box": [
        120.8,
        102.5,
        165.6,
        139.5
      ],
      "repeats": [
        [
          142.29000000000002,
          120.81
        ],
        [
          142.20999999999998,
          120.89
        ],
        [
          142.24,
          120.84
        ],
        [
          142.31,
          120.77
        ],
        [
          143.43,
          120.8
        ]
      ],
      "idx": 305,
      "mislabel": false,
      "mislabel_reason": "ok",
      "e_unet": 0.69
    },
    {
      "valid": true,
      "cx": 142.28,
      "cy": 120.93,
      "area": 1177,
      "det_score": 0.4507,
      "sam_score": 0.9743,
      "box": [
        120.8,
        102.5,
        165.6,
        139.6
      ],
      "repeats": [
        [
          142.34,
          120.89
        ],
        [
          142.26999999999998,
          120.94
        ],
        [
          142.32,
          120.91
        ],
        [
          142.37,
          120.86
        ],
        [
          143.45,
          120.85
        ]
      ],
      "idx": 306,
      "mislabel": false,
      "mislabel_reason": "ok",
      "e_unet": 0.67
    },
    {
      "valid": true,
      "cx": 142.32,
      "cy": 120.78,
      "area": 1161,
      "det_score": 0.4602,
      "sam_score": 0.9743,
      "box": [
        120.9,
        102.6,
        165.5,
        139.2
      ],
      "repeats": [
        [
          142.3,
          120.78
        ],
        [
          142.24,
          120.84
        ],
        [
          142.31,
          120.78
        ],
        [
          142.35,
          120.75
        ],
        [
          143.42,
          120.72
        ]
      ],
      "idx": 307,
      "mislabel": false,
      "mislabel_reason": "ok",
      "e_unet": 0.71
    },
    {
      "valid": true,
      "cx": 142.25,
      "cy": 120.68,
      "area": 1133,
      "det_score": 0.4432,
      "sam_score": 0.9741,
      "box": [
        121.2,
        102.7,
        165.2,
        138.9
      ],
      "repeats": [
        [
          142.32999999999998,
          120.59
        ],
        [
          142.29000000000002,
          120.7
        ],
        [
          142.29000000000002,
          120.66
        ],
        [
          142.3,
          120.66
        ],
        [
          143.48,
          120.68
        ]
      ],
      "idx": 308,
      "mislabel": false,
      "mislabel_reason": "ok",
      "e_unet": 0.65
    },
    {
      "valid": true,
      "cx": 142.23000000000002,
      "cy": 120.54,
      "area": 1112,
      "det_score": 0.4632,
      "sam_score": 0.9751,
      "box": [
        121.4,
        102.8,
        164.8,
        138.6
      ],
      "repeats": [
        [
          142.23000000000002,
          120.52
        ],
        [
          142.24,
          120.55
        ],
        [
          142.23000000000002,
          120.53
        ],
        [
          142.26,
          120.53
        ],
        [
          143.34,
          120.55
        ]
      ],
      "idx": 309,
      "mislabel": false,
      "mislabel_reason": "ok",
      "e_unet": 0.64
    },
    {
      "valid": true,
      "cx": 142.03,
      "cy": 120.42,
      "area": 1079,
      "det_score": 0.4602,
      "sam_score": 0.9749,
      "box": [
        121.6,
        103.0,
        164.4,
        138.2
      ],
      "repeats": [
        [
          142.06,
          120.4
        ],
        [
          142.03,
          120.43
        ],
        [
          142.04000000000002,
          120.41
        ],
        [
          142.06,
          120.34
        ],
        [
          143.31,
          120.46
        ]
      ],
      "idx": 310,
      "mislabel": false,
      "mislabel_reason": "ok",
      "e_unet": 0.66
    },
    {
      "valid": true,
      "cx": 142.23000000000002,
      "cy": 120.42,
      "area": 1058,
      "det_score": 0.4753,
      "sam_score": 0.9744,
      "box": [
        121.8,
        103.1,
        164.2,
        138.0
      ],
      "repeats": [
        [
          142.2,
          120.38
        ],
        [
          142.24,
          120.43
        ],
        [
          142.20999999999998,
          120.4
        ],
        [
          142.24,
          120.38
        ],
        [
          143.27,
          120.45
        ]
      ],
      "idx": 311,
      "mislabel": false,
      "mislabel_reason": "ok",
      "e_unet": 0.79
    },
    {
      "valid": true,
      "cx": 154.42,
      "cy": 120.07,
      "area": 1046,
      "det_score": 0.436,
      "sam_score": 0.9745,
      "box": [
        133.9,
        103.0,
        176.4,
        137.5
      ],
      "repeats": [
        [
          154.39,
          120.1
        ],
        [
          154.41,
          120.12
        ],
        [
          154.39,
          120.12
        ],
        [
          154.45,
          120.05
        ],
        [
          155.62,
          120.04
        ]
      ],
      "idx": 312,
      "mislabel": false,
      "mislabel_reason": "ok",
      "e_unet": 0.87
    },
    {
      "valid": true,
      "cx": 170.51,
      "cy": 120.31,
      "area": 1004,
      "det_score": 0.5021,
      "sam_score": 0.9707,
      "box": [
        150.3,
        103.1,
        192.2,
        137.8
      ],
      "repeats": [
        [
          170.47,
          120.24
        ],
        [
          170.6,
          120.39
        ],
        [
          170.48,
          120.24
        ],
        [
          170.58,
          120.29
        ],
        [
          171.65,
          120.31
        ]
      ],
      "idx": 313,
      "mislabel": false,
      "mislabel_reason": "ok",
      "e_unet": 0.69
    },
    {
      "valid": true,
      "cx": 170.95,
      "cy": 120.3,
      "area": 991,
      "det_score": 0.4778,
      "sam_score": 0.9708,
      "box": [
        151.0,
        103.2,
        192.3,
        137.7
      ],
      "repeats": [
        [
          170.77,
          120.13
        ],
        [
          170.95,
          120.36
        ],
        [
          170.77,
          120.15
        ],
        [
          170.96,
          120.27
        ],
        [
          172.18,
          120.37
        ]
      ],
      "idx": 314,
      "mislabel": false,
      "mislabel_reason": "ok",
      "e_unet": 0.55
    },
    {
      "valid": true,
      "cx": 171.27,
      "cy": 120.24,
      "area": 1000,
      "det_score": 0.4847,
      "sam_score": 0.9717,
      "box": [
        151.3,
        103.1,
        192.7,
        137.6
      ],
      "repeats": [
        [
          171.27,
          120.24
        ],
        [
          171.33,
          120.33
        ],
        [
          171.23,
          120.27
        ],
        [
          171.29,
          120.23
        ],
        [
          172.43,
          120.24
        ]
      ],
      "idx": 315,
      "mislabel": false,
      "mislabel_reason": "ok",
      "e_unet": 0.57
    }
  ]
}