{
  "prompt": "black pupil.",
  "gsam2_centers": [
    {
      "valid": true,
      "cx": 211.93,
      "cy": 146.11,
      "area": 1703,
      "det_score": 0.3689,
      "sam_score": 0.9714,
      "box": [
        188.8,
        121.4,
        236.9,
        170.3
      ],
      "repeats": [
        [
          211.96,
          146.06
        ],
        [
          212.02,
          146.11
        ],
        [
          212.01,
          146.09
        ],
        [
          211.97,
          146.1
        ],
        [
          213.16,
          146.07
        ]
      ],
      "idx": 1705,
      "mislabel": false,
      "mislabel_reason": "ok",
      "e_unet": 1.3
    },
    {
      "valid": true,
      "cx": 212.3,
      "cy": 146.03,
      "area": 1707,
      "det_score": 0.3548,
      "sam_score": 0.9713,
      "box": [
        189.1,
        121.4,
        237.2,
        170.4
      ],
      "repeats": [
        [
          212.22,
          146.02
        ],
        [
          212.27,
          146.06
        ],
        [
          212.28,
          146.04
        ],
        [
          212.33,
          146.01
        ],
        [
          213.48000000000002,
          146.12
        ]
      ],
      "idx": 1706,
      "mislabel": false,
      "mislabel_reason": "ok",
      "e_unet": 1.11
    },
    {
      "valid": true,
      "cx": 212.33,
      "cy": 146.26,
      "area": 1709,
      "det_score": 0.3537,
      "sam_score": 0.972,
      "box": [
        189.1,
        121.4,
        237.3,
        170.4
      ],
      "repeats": [
        [
          212.34,
          146.2
        ],
        [
          212.34,
          146.33
        ],
        [
          212.38,
          146.27
        ],
        [
          212.34,
          146.19
        ],
        [
          213.53,
          146.24
        ]
      ],
      "idx": 1707,
      "mislabel": false,
      "mislabel_reason": "ok",
      "e_unet": 1.19
    },
    {
      "valid": true,
      "cx": 212.49,
      "cy": 146.55,
      "area": 1716,
      "det_score": 0.3494,
      "sam_score": 0.9725,
      "box": [
        189.2,
        121.6,
        237.4,
        170.5
      ],
      "repeats": [
        [
          212.46,
          146.43
        ],
        [
          212.48,
          146.58
        ],
        [
          212.49,
          146.45
        ],
        [
          212.52,
          146.47
        ],
        [
          213.67000000000002,
          146.51
        ]
      ],
      "idx": 1708,
      "mislabel": false,
      "mislabel_reason": "ok",
      "e_unet": 1.2
    },
    {
      "valid": true,
      "cx": 212.62,
      "cy": 146.56,
      "area": 1723,
      "det_score": 0.3687,
      "sam_score": 0.973,
      "box": [
        189.3,
        121.5,
        237.6,
        170.7
      ],
      "repeats": [
        [
          212.58,
          146.53
        ],
        [
          212.62,
          146.58
        ],
        [
          212.64,
          146.57
        ],
        [
          212.66,
          146.54
        ],
        [
          213.79000000000002,
          146.55
        ]
      ],
      "idx": 1709,
      "mislabel": false,
      "mislabel_reason": "ok",
      "e_unet": 1.15
    },
    {
      "valid": true,
      "cx": 212.57,
      "cy": 146.59,
      "area": 1719,
      "det_score": 0.3514,
      "sam_score": 0.9725,
      "box": [
        189.4,
        121.7,
        237.5,
        170.8
      ],
      "repeats": [
        [
          212.52,
          146.59
        ],
        [
          212.62,
          146.65
        ],
        [
          212.6,
          146.65
        ],
        [
          212.63,
          146.59
        ],
        [
          213.78,
          146.59
        ]
      ],
      "idx": 1710,
      "mislabel": false,
      "mislabel_reason": "ok",
      "e_unet": 1.11
    },
    {
      "valid": true,
      "cx": 212.65,
      "cy": 146.73,
      "area": 1717,
      "det_score": 0.3481,
      "sam_score": 0.9729,
      "box": [
        189.5,
        121.8,
        237.7,
        171.0
      ],
      "repeats": [
        [
          212.64,
          146.73
        ],
        [
          212.65,
          146.77
        ],
        [
          212.65,
          146.75
        ],
        [
          212.68,
          146.71
        ],
        [
          213.88,
          146.77
        ]
      ],
      "idx": 1711,
      "mislabel": false,
      "mislabel_reason": "ok",
      "e_unet": 1.05
    },
    {
      "valid": true,
      "cx": 212.79,
      "cy": 146.95,
      "area": 1708,
      "det_score": 0.3553,
      "sam_score": 0.9745,
      "box": [
        189.7,
        122.0,
        237.8,
        171.1
      ],
      "repeats": [
        [
          212.75,
          146.93
        ],
        [
          212.8,
          146.98
        ],
        [
          212.81,
          146.94
        ],
        [
          212.84,
          146.91
        ],
        [
          213.87,
          146.93
        ]
      ],
      "idx": 1712,
      "mislabel": false,
      "mislabel_reason": "ok",
      "e_unet": 1.08
    },
    {
      "valid": true,
      "cx": 212.86,
      "cy": 147.04,
      "area": 1706,
      "det_score": 0.3782,
      "sam_score": 0.9748,
      "box": [
        189.8,
        122.1,
        237.9,
        171.3
      ],
      "repeats": [
        [
          212.82,
          146.97
        ],
        [
          212.86,
          147.05
        ],
        [
          212.83,
          146.99
        ],
        [
          212.87,
          147.04
        ],
        [
          213.97,
          147.06
        ]
      ],
      "idx": 1713,
      "mislabel": false,
      "mislabel_reason": "ok",
      "e_unet": 0.91
    },
    {
      "valid": true,
      "cx": 212.89,
      "cy": 147.25,
      "area": 1703,
      "det_score": 0.3564,
      "sam_score": 0.9745,
      "box": [
        189.9,
        122.4,
        237.9,
        171.5
      ],
      "repeats": [
        [
          212.92,
          147.22
        ],
        [
          212.93,
          147.28
        ],
        [
          212.94,
          147.24
        ],
        [
          212.98,
          147.19
        ],
        [
          214.01999999999998,
          147.21
        ]
      ],
      "idx": 1714,
      "mislabel": false,
      "mislabel_reason": "ok",
      "e_unet": 1.08
    },
    {
      "valid": true,
      "cx": 212.87,
      "cy": 147.21,
      "area": 1707,
      "det_score": 0.3503,
      "sam_score": 0.974,
      "box": [
        189.7,
        122.4,
        237.9,
        171.4
      ],
      "repeats": [
        [
          212.86,
          147.17
        ],
        [
          212.88,
          147.27
        ],
        [
          212.89,
          147.22
        ],
        [
          212.86,
          147.14
        ],
        [
          213.95999999999998,
          147.22
        ]
      ],
      "idx": 1715,
      "mislabel": false,
      "mislabel_reason": "ok",
      "e_unet": 0.98
    }
  ]
}