{
  "prompt": "black pupil.",
  "gsam2_centers": [
    {
      "valid": true,
      "cx": 171.12,
      "cy": 71.21000000000001,
      "area": 589,
      "det_score": 0.4401,
      "sam_score": 0.9641,
      "box": [
        155.5,
        59.1,
        187.7,
        83.6
      ],
      "repeats": [
        [
          171.08,
          71.16
        ],
        [
          171.13,
          71.28
        ],
        [
          171.15,
          71.19
        ],
        [
          171.18,
          71.09
        ],
        [
          172.34,
          71.22999999999999
        ]
      ],
      "idx": 1407,
      "mislabel": false,
      "mislabel_reason": "ok",
      "e_unet": 1.13
    },
    {
      "valid": true,
      "cx": 171.49,
      "cy": 71.18,
      "area": 579,
      "det_score": 0.4403,
      "sam_score": 0.9629,
      "box": [
        156.0,
        59.1,
        187.9,
        83.4
      ],
      "repeats": [
        [
          171.53,
          71.08
        ],
        [
          171.53,
          71.21000000000001
        ],
        [
          171.66,
          71.14
        ],
        [
          171.65,
          71.05
        ],
        [
          172.75,
          71.09
        ]
      ],
      "idx": 1408,
      "mislabel": false,
      "mislabel_reason": "ok",
      "e_unet": 1.23
    },
    {
      "valid": true,
      "cx": 177.79,
      "cy": 70.93,
      "area": 573,
      "det_score": 0.4241,
      "sam_score": 0.9657,
      "box": [
        162.2,
        59.3,
        194.6,
        83.1
      ],
      "repeats": [
        [
          177.7,
          70.87
        ],
        [
          177.78,
          71.02000000000001
        ],
        [
          177.81,
          70.91
        ],
        [
          177.79,
          70.89
        ],
        [
          178.96,
          70.99000000000001
        ]
      ],
      "idx": 1409,
      "mislabel": false,
      "mislabel_reason": "ok",
      "e_unet": 1.15
    },
    {
      "valid": true,
      "cx": 181.97,
      "cy": 70.9,
      "area": 549,
      "det_score": 0.4365,
      "sam_score": 0.9644,
      "box": [
        166.5,
        59.2,
        198.0,
        82.9
      ],
      "repeats": [
        [
          181.88,
          70.81
        ],
        [
          181.98,
          70.95
        ],
        [
          181.93,
          70.92
        ],
        [
          181.94,
          70.81
        ],
        [
          182.94,
          70.91
        ]
      ],
      "idx": 1410,
      "mislabel": false,
      "mislabel_reason": "ok",
      "e_unet": 1.3
    },
    {
      "valid": true,
      "cx": 183.07,
      "cy": 70.72999999999999,
      "area": 546,
      "det_score": 0.4389,
      "sam_score": 0.9647,
      "box": [
        167.8,
        59.2,
        199.5,
        82.7
      ],
      "repeats": [
        [
          183.01,
          70.7
        ],
        [
          183.09,
          70.78
        ],
        [
          183.07,
          70.75
        ],
        [
          183.08,
          70.67
        ],
        [
          184.27,
          70.71000000000001
        ]
      ],
      "idx": 1411,
      "mislabel": false,
      "mislabel_reason": "ok",
      "e_unet": 0.9
    },
    {
      "valid": true,
      "cx": 190.7,
      "cy": 70.78999999999999,
      "area": 524,
      "det_score": 0.459,
      "sam_score": 0.9633,
      "box": [
        175.6,
        59.3,
        206.7,
        82.5
      ],
      "repeats": [
        [
          190.8,
          70.74000000000001
        ],
        [
          190.82,
          70.89
        ],
        [
          190.86,
          70.83
        ],
        [
          190.94,
          70.68
        ],
        [
          191.97,
          70.75999999999999
        ]
      ],
      "idx": 1412,
      "mislabel": false,
      "mislabel_reason": "ok",
      "e_unet": 1.04
    },
    {
      "valid": true,
      "cx": 192.33,
      "cy": 70.74000000000001,
      "area": 516,
      "det_score": 0.4482,
      "sam_score": 0.9583,
      "box": [
        177.4,
        59.4,
        207.9,
        82.5
      ],
      "repeats": [
        [
          192.27,
          70.69
        ],
        [
          192.42,
          70.72999999999999
        ],
        [
          192.4,
          70.72
        ],
        [
          192.43,
          70.6
        ],
        [
          193.56,
          70.69
        ]
      ],
      "idx": 1413,
      "mislabel": false,
      "mislabel_reason": "ok",
      "e_unet": 0.98
    }
  ]
}