{
  "prompt": "black pupil.",
  "gsam2_centers": [
    {
      "valid": true,
      "cx": 135.53,
      "cy": 156.17,
      "area": 1155,
      "det_score": 0.3832,
      "sam_score": 0.9712,
      "box": [
        118.6,
        132.8,
        153.9,
        179.1
      ],
      "repeats": [
        [
          135.53,
          156.12
        ],
        [
          135.51999999999998,
          156.22
        ],
        [
          135.51,
          156.15
        ],
        [
          135.56,
          156.12
        ],
        [
          136.69,
          156.19
        ]
      ],
      "idx": 1205,
      "mislabel": false,
      "mislabel_reason": "ok",
      "e_unet": 1.26
    },
    {
      "valid": true,
      "cx": 129.65,
      "cy": 158.06,
      "area": 1044,
      "det_score": 0.4006,
      "sam_score": 0.9682,
      "box": [
        114.0,
        135.2,
        146.5,
        180.5
      ],
      "repeats": [
        [
          129.68,
          158.05
        ],
        [
          129.67000000000002,
          158.14
        ],
        [
          129.7,
          158.11
        ],
        [
          129.76999999999998,
          157.96
        ],
        [
          130.79,
          158.1
        ]
      ],
      "idx": 1206,
      "mislabel": false,
      "mislabel_reason": "ok",
      "e_unet": 1.81
    },
    {
      "valid": true,
      "cx": 129.68,
      "cy": 158.11,
      "area": 1046,
      "det_score": 0.4038,
      "sam_score": 0.9748,
      "box": [
        114.1,
        135.4,
        146.4,
        180.7
      ],
      "repeats": [
        [
          129.69,
          158.0
        ],
        [
          129.67000000000002,
          158.15
        ],
        [
          129.69,
          158.07
        ],
        [
          129.75,
          158.04
        ],
        [
          130.82,
          158.02
        ]
      ],
      "idx": 1207,
      "mislabel": false,
      "mislabel_reason": "ok",
      "e_unet": 1.77
    },
    {
      "valid": true,
      "cx": 129.67000000000002,
      "cy": 158.02,
      "area": 1043,
      "det_score": 0.398,
      "sam_score": 0.9737,
      "box": [
        114.1,
        135.2,
        146.4,
        180.5
      ],
      "repeats": [
        [
          129.67000000000002,
          158.0
        ],
        [
          129.65,
          158.09
        ],
        [
          129.70999999999998,
          157.98
        ],
        [
          129.75,
          157.91
        ],
        [
          130.79,
          157.91
        ]
      ],
      "idx": 1208,
      "mislabel": false,
      "mislabel_reason": "ok",
      "e_unet": 1.81
    },
    {
      "valid": true,
      "cx": 129.82999999999998,
      "cy": 157.76,
      "area": 1039,
      "det_score": 0.3961,
      "sam_score": 0.9746,
      "box": [
        114.3,
        135.0,
        146.3,
        180.3
      ],
      "repeats": [
        [
          129.86,
          157.78
        ],
        [
          129.85,
          157.81
        ],
        [
          129.84,
          157.79
        ],
        [
          129.84,
          157.77
        ],
        [
          130.91,
          157.78
        ]
      ],
      "idx": 1209,
      "mislabel": false,
      "mislabel_reason": "ok",
      "e_unet": 1.72
    },
    {
      "valid": true,
      "cx": 129.93,
      "cy": 157.66,
      "area": 1027,
      "det_score": 0.4001,
      "sam_score": 0.9745,
      "box": [
        114.4,
        134.7,
        146.4,
        180.2
      ],
      "repeats": [
        [
          129.94,
          157.65
        ],
        [
          129.94,
          157.66
        ],
        [
          129.93,
          157.67
        ],
        [
          129.93,
          157.65
        ],
        [
          131.06,
          157.65
        ]
      ],
      "idx": 1210,
      "mislabel": false,
      "mislabel_reason": "ok",
      "e_unet": 1.74
    },
    {
      "valid": true,
      "cx": 130.07999999999998,
      "cy": 157.73,
      "area": 1010,
      "det_score": 0.3882,
      "sam_score": 0.9744,
      "box": [
        114.6,
        135.2,
        146.5,
        180.2
      ],
      "repeats": [
        [
          130.11,
          157.69
        ],
        [
          130.07999999999998,
          157.69
        ],
        [
          130.11,
          157.65
        ],
        [
          130.14,
          157.64
        ],
        [
          131.22,
          157.67
        ]
      ],
      "idx": 1211,
      "mislabel": false,
      "mislabel_reason": "ok",
      "e_unet": 1.79
    },
    {
      "valid": true,
      "cx": 130.19,
      "cy": 157.53,
      "area": 993,
      "det_score": 0.3836,
      "sam_score": 0.9741,
      "box": [
        114.7,
        135.5,
        146.5,
        179.7
      ],
      "repeats": [
        [
          130.18,
          157.49
        ],
        [
          130.2,
          157.57
        ],
        [
          130.20999999999998,
          157.52
        ],
        [
          130.19,
          157.49
        ],
        [
          131.27,
          157.61
        ]
      ],
      "idx": 1212,
      "mislabel": false,
      "mislabel_reason": "ok",
      "e_unet": 1.69
    },
    {
      "valid": true,
      "cx": 130.18,
      "cy": 157.4,
      "area": 978,
      "det_score": 0.3728,
      "sam_score": 0.9741,
      "box": [
        115.0,
        135.4,
        146.3,
        179.4
      ],
      "repeats": [
        [
          130.15,
          157.25
        ],
        [
          130.18,
          157.43
        ],
        [
          130.19,
          157.36
        ],
        [
          130.2,
          157.29
        ],
        [
          131.29,
          157.26
        ]
      ],
      "idx": 1213,
      "mislabel": false,
      "mislabel_reason": "ok",
      "e_unet": 1.81
    },
    {
      "valid": true,
      "cx": 130.18,
      "cy": 157.26,
      "area": 968,
      "det_score": 0.3964,
      "sam_score": 0.9733,
      "box": [
        114.9,
        135.4,
        146.3,
        179.3
      ],
      "repeats": [
        [
          130.19,
          157.18
        ],
        [
          130.20999999999998,
          157.23
        ],
        [
          130.22,
          157.23
        ],
        [
          130.25,
          157.1
        ],
        [
          131.34,
          157.33
        ]
      ],
      "idx": 1214,
      "mislabel": false,
      "mislabel_reason": "ok",
      "e_unet": 1.74
    },
    {
      "valid": true,
      "cx": 130.2,
      "cy": 157.15,
      "area": 966,
      "det_score": 0.3983,
      "sam_score": 0.9735,
      "box": [
        115.1,
        135.5,
        146.3,
        179.2
      ],
      "repeats": [
        [
          130.18,
          157.14
        ],
        [
          130.18,
          157.22
        ],
        [
          130.20999999999998,
          157.18
        ],
        [
          130.22,
          157.05
        ],
        [
          131.39,
          157.23
        ]
      ],
      "idx": 1215,
      "mislabel": false,
      "mislabel_reason": "ok",
      "e_unet": 1.69
    }
  ]
}