{
  "prompt": "black pupil.",
  "gsam2_centers": [
    {
      "valid": true,
      "cx": 211.07,
      "cy": 118.54,
      "area": 970,
      "det_score": 0.3979,
      "sam_score": 0.9702,
      "box": [
        192.1,
        100.6,
        231.5,
        136.1
      ],
      "repeats": [
        [
          211.05,
          118.52
        ],
        [
          211.16,
          118.55
        ],
        [
          211.15,
          118.6
        ],
        [
          211.18,
          118.47
        ],
        [
          212.29000000000002,
          118.51
        ]
      ],
      "idx": 1207,
      "mislabel": false,
      "mislabel_reason": "ok",
      "e_unet": 1.02
    },
    {
      "valid": true,
      "cx": 220.7,
      "cy": 121.14,
      "area": 960,
      "det_score": 0.4073,
      "sam_score": 0.9714,
      "box": [
        202.5,
        102.7,
        240.1,
        139.7
      ],
      "repeats": [
        [
          220.65,
          121.04
        ],
        [
          220.74,
          121.2
        ],
        [
          220.71,
          121.11
        ],
        [
          220.76,
          121.08
        ],
        [
          221.84,
          121.08
        ]
      ],
      "idx": 1208,
      "mislabel": false,
      "mislabel_reason": "ok",
      "e_unet": 0.99
    },
    {
      "valid": true,
      "cx": 222.88,
      "cy": 121.39,
      "area": 957,
      "det_score": 0.4424,
      "sam_score": 0.9708,
      "box": [
        204.7,
        103.1,
        242.3,
        139.9
      ],
      "repeats": [
        [
          222.83,
          121.32
        ],
        [
          222.89,
          121.4
        ],
        [
          222.87,
          121.36
        ],
        [
          222.9,
          121.27
        ],
        [
          223.88,
          121.36
        ]
      ],
      "idx": 1209,
      "mislabel": false,
      "mislabel_reason": "ok",
      "e_unet": 1.2
    },
    {
      "valid": true,
      "cx": 223.14,
      "cy": 121.31,
      "area": 959,
      "det_score": 0.4572,
      "sam_score": 0.9723,
      "box": [
        205.2,
        103.0,
        242.6,
        139.8
      ],
      "repeats": [
        [
          223.1,
          121.17
        ],
        [
          223.22,
          121.33
        ],
        [
          223.14,
          121.21
        ],
        [
          223.19,
          121.17
        ],
        [
          224.26999999999998,
          121.26
        ]
      ],
      "idx": 1210,
      "mislabel": false,
      "mislabel_reason": "ok",
      "e_unet": 0.97
    },
    {
      "valid": true,
      "cx": 223.6,
      "cy": 121.31,
      "area": 963,
      "det_score": 0.4457,
      "sam_score": 0.9724,
      "box": [
        205.5,
        103.0,
        243.0,
        139.8
      ],
      "repeats": [
        [
          223.56,
          121.24
        ],
        [
          223.63,
          121.35
        ],
        [
          223.64,
          121.3
        ],
        [
          223.63,
          121.26
        ],
        [
          224.7,
          121.26
        ]
      ],
      "idx": 1211,
      "mislabel": false,
      "mislabel_reason": "ok",
      "e_unet": 1.04
    },
    {
      "valid": true,
      "cx": 223.95,
      "cy": 121.45,
      "area": 958,
      "det_score": 0.4396,
      "sam_score": 0.9727,
      "box": [
        205.8,
        103.1,
        243.5,
        139.9
      ],
      "repeats": [
        [
          223.91,
          121.42
        ],
        [
          224.0,
          121.53
        ],
        [
          223.95,
          121.46
        ],
        [
          223.99,
          121.47
        ],
        [
          225.04000000000002,
          121.48
        ]
      ],
      "idx": 1212,
      "mislabel": false,
      "mislabel_reason": "ok",
      "e_unet": 0.98
    },
    {
      "valid": true,
      "cx": 225.66,
      "cy": 122.23,
      "area": 972,
      "det_score": 0.4319,
      "sam_score": 0.9702,
      "box": [
        207.5,
        103.9,
        244.9,
        140.7
      ],
      "repeats": [
        [
          225.63,
          122.2
        ],
        [
          225.69,
          122.25
        ],
        [
          225.66,
          122.26
        ],
        [
          225.68,
          122.16
        ],
        [
          226.82,
          122.25
        ]
      ],
      "idx": 1213,
      "mislabel": false,
      "mislabel_reason": "ok",
      "e_unet": 1.1
    }
  ]
}