(37.416611, 26.687830, 0.0)
(37.386730, 25.561924, 0.0)
(37.450443, 25.416845, 0.0)
(37.489834, 25.463814, 0.0)
(37.468529, 25.402925, 0.0)
(37.463139, 25.421457, 0.0)
(37.438374, 25.392363, 0.0)
(37.440830, 25.375887, 0.0)
(37.779160, 25.859562, 0.0)
(37.806049, 25.931431, 0.0)
(37.823792, 25.936800, 0.0)
(37.827721, 25.954308, 0.0)
(37.789204, 25.896046, 0.0)
(37.799351, 25.864494, 0.0)
(37.787678, 25.796062, 0.0)
(37.851212, 25.773123, 0.0)
(37.852383, 25.757746, 0.0)
(37.866150, 25.775358, 0.0)
(37.868782, 25.787924, 0.0)
(37.884266, 25.780308, 0.0)
(37.884048, 25.796461, 0.0)
(37.875076, 25.769880, 0.0)
(37.861309, 25.768900, 0.0)
(37.863159, 25.800682, 0.0)
(37.849400, 25.808992, 0.0)
(37.838249, 25.832399, 0.0)
(37.861416, 25.790812, 0.0)
(37.826092, 25.756914, 0.0)
(37.827572, 25.746973, 0.0)
(37.828163, 25.755093, 0.0)
(37.823059, 25.773499, 0.0)
(37.802227, 25.774244, 0.0)
(37.791176, 25.760138, 0.0)
(37.786148, 25.756207, 0.0)
(37.785843, 25.736818, 0.0)
(37.550678, 25.951733, 0.0)
(37.456333, 26.907640, 0.0)
(37.415127, 26.965330, 0.0)
(37.393147, 26.926928, 0.0)
(37.390644, 26.873636, 0.0)
(37.381142, 26.846718, 0.0)
(37.398594, 26.811855, 0.0)
(37.745892, 25.850718, 0.0)
(37.739128, 25.801979, 0.0)
(37.740120, 25.809973, 0.0)
(37.741772, 25.836847, 0.0)
(37.767303, 25.878012, 0.0)
(37.775581, 25.892401, 0.0)
(37.768856, 25.888224, 0.0)
(37.789326, 25.919941, 0.0)
(37.803921, 25.989744, 0.0)
(37.798363, 26.022371, 0.0)
(37.806614, 26.040373, 0.0)
(37.685463, 25.953516, 0.0)
(37.726276, 27.224396, 0.0)
(37.675301, 26.161011, 0.0)
(37.757126, 25.934937, 0.0)
(37.785248, 26.055632, 0.0)
(37.802349, 26.087048, 0.0)
(37.830044, 26.116003, 0.0)
(37.859821, 26.090593, 0.0)
(37.863159, 26.125858, 0.0)
(37.865467, 26.150473, 0.0)
(37.853455, 26.104647, 0.0)
(37.802795, 26.051437, 0.0)
(37.810322, 26.023966, 0.0)
(37.789387, 26.022110, 0.0)
(37.806446, 26.028027, 0.0)
(37.765884, 26.010460, 0.0)
(37.764706, 25.988537, 0.0)
(37.766720, 26.009447, 0.0)
(37.772144, 25.950436, 0.0)
(37.761791, 25.953072, 0.0)
(37.756519, 25.942867, 0.0)
(37.780010, 25.972807, 0.0)
(37.778614, 25.968189, 0.0)
(37.762886, 25.924839, 0.0)
(37.759216, 25.884644, 0.0)
(37.573944, 25.893322, 0.0)
(37.565289, 26.507221, 0.0)
(37.583229, 25.797220, 0.0)
(37.629730, 25.692972, 0.0)
(37.652359, 25.724604, 0.0)
(37.672237, 25.752460, 0.0)
(37.715485, 25.793602, 0.0)
(37.741390, 25.852617, 0.0)
(37.744049, 25.853830, 0.0)
(37.735489, 25.842464, 0.0)
(37.730171, 25.821302, 0.0)
(37.744118, 25.819761, 0.0)
(37.749535, 25.856421, 0.0)
(37.764297, 25.848017, 0.0)
(37.776207, 25.844250, 0.0)
(37.785378, 25.883091, 0.0)
(37.808529, 25.921158, 0.0)
(37.807693, 25.912912, 0.0)
(37.835369, 25.932961, 0.0)
(37.839375, 25.954363, 0.0)
(37.851665, 25.982424, 0.0)
(37.841965, 25.949699, 0.0)
(37.816185, 25.935001, 0.0)
(37.803497, 25.924269, 0.0)
(37.803131, 25.947918, 0.0)
(37.801933, 25.960768, 0.0)
(37.798233, 25.970972, 0.0)
(37.797485, 25.991896, 0.0)
(37.798027, 26.000460, 0.0)
(37.803417, 26.014648, 0.0)
(37.790344, 26.009703, 0.0)
(37.789387, 26.024822, 0.0)
(37.716270, 26.020834, 0.0)
(37.632694, 25.956797, 0.0)
(37.640873, 25.896574, 0.0)
(37.685486, 25.913445, 0.0)
(37.698185, 25.945761, 0.0)
(37.707897, 25.977013, 0.0)
(37.736900, 25.942039, 0.0)
(37.714123, 25.955078, 0.0)
(37.731754, 25.959566, 0.0)
(37.733677, 25.958998, 0.0)
(37.706486, 25.945869, 0.0)
(37.726089, 25.921095, 0.0)
(37.723633, 25.914949, 0.0)
(37.715321, 25.899090, 0.0)
(37.782192, 25.911041, 0.0)
(37.701740, 25.892513, 0.0)
(37.680870, 25.878273, 0.0)
(37.701000, 25.885740, 0.0)
(37.704025, 25.896341, 0.0)
(37.713799, 25.868423, 0.0)
(37.687412, 25.882002, 0.0)
(37.697292, 25.874407, 0.0)
(37.687397, 25.812000, 0.0)
(37.673393, 25.770704, 0.0)
(37.688694, 25.809452, 0.0)
(37.707069, 25.821539, 0.0)
(37.692150, 25.818874, 0.0)
(37.691105, 25.773586, 0.0)
(37.828682, 25.734713, 0.0)
(37.821842, 25.697130, 0.0)
(37.826847, 25.703247, 0.0)
(37.790615, 25.696442, 0.0)
(37.813187, 25.693466, 0.0)
(37.809662, 25.693344, 0.0)
(37.829067, 25.691942, 0.0)
(37.859131, 25.652422, 0.0)
(37.724323, 25.599617, 0.0)
(37.733234, 25.601545, 0.0)
(37.734398, 25.624147, 0.0)
(37.728325, 25.636154, 0.0)
(37.749401, 25.600376, 0.0)
(37.755997, 25.591410, 0.0)
(37.738506, 25.591209, 0.0)
(37.733021, 25.590990, 0.0)
(37.744968, 25.629623, 0.0)
(37.743145, 25.692823, 0.0)
(37.703529, 25.715618, 0.0)
(37.675045, 25.725752, 0.0)
(37.666866, 25.668524, 0.0)
(37.659130, 25.623959, 0.0)
(37.648640, 25.637693, 0.0)
(37.637833, 25.670237, 0.0)
(37.673653, 25.728846, 0.0)
(37.659576, 25.793476, 0.0)
(37.709728, 25.790499, 0.0)
(37.681732, 25.749847, 0.0)
(39.797298, 27.400558, 0.0)
(42.947018, 30.946707, 0.0)
(44.433880, 32.743202, 0.0)
(44.227608, 32.851753, 0.0)
(44.172401, 32.813099, 0.0)
(44.199230, 32.781208, 0.0)
(44.178684, 32.755287, 0.0)
(44.577747, 32.720497, 0.0)
(44.581745, 32.752136, 0.0)
(44.561245, 32.768002, 0.0)
(44.583408, 32.787769, 0.0)
(44.575218, 32.753075, 0.0)
(44.497452, 32.684650, 0.0)
(44.508530, 32.633507, 0.0)
(44.505386, 32.605347, 0.0)
(44.536961, 32.576653, 0.0)
(44.540825, 32.576733, 0.0)
(44.510536, 32.595364, 0.0)
(44.515259, 32.573788, 0.0)
(44.486694, 32.517365, 0.0)
(44.466240, 32.514286, 0.0)
(44.483158, 32.509388, 0.0)
(44.477997, 32.527565, 0.0)
(44.459126, 32.553520, 0.0)
(44.395210, 31.634739, 0.0)
(44.442974, 31.099430, 0.0)
(44.416862, 31.007858, 0.0)
(44.410568, 31.020737, 0.0)
(44.410713, 31.021961, 0.0)
(44.418884, 31.019133, 0.0)
(44.414352, 31.037418, 0.0)
(44.390263, 31.005440, 0.0)
(44.152042, 32.286961, 0.0)
(44.146320, 31.971388, 0.0)
(44.097633, 30.499317, 0.0)
(44.151855, 30.268808, 0.0)
(44.157501, 30.367403, 0.0)
(43.495045, 27.090633, 0.0)
(42.764740, 24.737415, 0.0)
(42.791534, 24.648827, 0.0)
(42.839096, 24.612583, 0.0)
(42.846672, 24.480486, 0.0)
(42.615696, 23.386881, 0.0)
(42.546814, 23.280548, 0.0)
(42.619247, 23.275850, 0.0)
(42.637646, 23.220221, 0.0)
(42.647594, 23.176762, 0.0)
(42.659843, 23.172140, 0.0)
(42.680309, 23.218069, 0.0)
(42.688717, 23.207472, 0.0)
(42.717033, 23.153484, 0.0)
(43.006264, 23.079823, 0.0)
(43.002060, 23.033533, 0.0)
(43.019951, 23.064409, 0.0)
(43.043987, 23.080254, 0.0)
(43.066540, 23.089804, 0.0)
(43.055832, 23.091402, 0.0)
(43.035107, 23.105440, 0.0)
(43.073334, 23.110682, 0.0)
(43.073681, 23.082376, 0.0)
(43.094662, 23.084116, 0.0)
(43.109753, 23.118351, 0.0)
(43.115852, 23.169937, 0.0)
(43.111393, 23.199602, 0.0)
(43.068031, 23.161341, 0.0)
(43.076607, 23.094839, 0.0)
(43.070606, 23.123125, 0.0)
(43.062870, 23.127066, 0.0)
(43.046227, 23.107597, 0.0)
(43.046227, 23.107597, 0.0)
(43.039234, 23.113771, 0.0)
(43.043438, 23.103086, 0.0)
(43.044155, 23.014282, 0.0)
(42.169464, 22.793190, 0.0)
(38.330528, 24.184132, 0.0)
(34.411812, 26.175884, 0.0)
(32.460632, 29.424032, 0.0)
(31.113337, 31.033211, 0.0)
(31.000195, 31.001459, 0.0)
(30.885820, 30.879639, 0.0)
(30.820112, 30.840569, 0.0)
(30.573080, 30.980902, 0.0)
(29.365309, 31.779953, 0.0)
(29.286093, 31.789059, 0.0)
(29.280729, 31.709890, 0.0)
(29.252855, 31.651415, 0.0)
(29.246660, 31.615715, 0.0)
(29.236952, 31.515049, 0.0)
(31.335602, 29.938000, 0.0)
(31.432825, 29.717407, 0.0)
(31.407644, 29.653008, 0.0)
(31.377356, 29.613836, 0.0)
(31.356293, 29.564835, 0.0)
(31.334448, 29.592625, 0.0)
(31.319765, 29.601564, 0.0)
(31.220779, 29.627573, 0.0)
(30.331732, 29.644733, 0.0)
(30.250238, 29.623985, 0.0)
(30.239950, 29.609762, 0.0)
(30.197083, 29.566055, 0.0)
(30.209692, 29.564974, 0.0)
(30.210537, 29.591749, 0.0)
(30.216036, 29.615963, 0.0)
(30.225992, 29.607405, 0.0)
(30.209940, 29.579002, 0.0)
(29.896475, 29.927099, 0.0)
(29.659904, 29.939041, 0.0)
(29.653624, 29.926525, 0.0)
(29.653385, 29.922014, 0.0)
(29.653980, 29.904037, 0.0)
(29.652275, 29.917553, 0.0)
(29.653980, 29.904037, 0.0)
(31.163460, 28.267391, 0.0)
(34.549145, 23.983179, 0.0)
(37.305298, 22.930702, 0.0)
(37.345734, 22.789616, 0.0)
(37.280670, 22.708460, 0.0)
(39.237534, 23.250408, 0.0)
(42.327682, 25.337088, 0.0)
(42.375851, 26.501196, 0.0)
(42.333569, 26.362852, 0.0)
(42.279503, 26.158220, 0.0)
(42.223419, 26.132408, 0.0)
(38.106030, 28.000824, 0.0)
(33.486046, 29.767906, 0.0)
(32.333241, 29.938583, 0.0)
(32.187386, 29.863346, 0.0)
(32.154652, 29.788681, 0.0)
(32.111534, 29.775759, 0.0)
(32.066204, 29.714369, 0.0)
(32.054230, 29.697903, 0.0)
(32.030460, 29.644762, 0.0)
(32.043087, 29.708935, 0.0)
(32.035278, 29.702398, 0.0)
(31.987705, 29.673931, 0.0)
(32.001415, 29.636593, 0.0)
(31.915228, 30.711924, 0.0)
(31.936676, 30.891420, 0.0)
(31.940756, 30.840405, 0.0)
(31.908249, 30.858742, 0.0)
(31.863874, 30.928644, 0.0)
(31.838465, 30.916588, 0.0)
(31.993528, 30.809347, 0.0)
(36.431694, 30.836088, 0.0)
(37.920139, 30.979931, 0.0)
(37.990078, 30.901432, 0.0)
(37.963158, 30.771448, 0.0)
(37.946060, 30.728706, 0.0)
(38.362339, 28.700209, 0.0)
(37.503098, 25.987986, 0.0)
(37.470993, 25.848175, 0.0)
(37.478870, 25.770851, 0.0)
(37.497772, 25.718534, 0.0)
(37.492577, 25.691278, 0.0)
(37.497665, 25.630108, 0.0)
(37.493202, 25.561735, 0.0)
(37.497982, 25.534088, 0.0)
(37.460869, 25.502712, 0.0)
(37.449844, 26.111883, 0.0)
(37.402073, 25.118866, 0.0)
(37.493462, 24.991955, 0.0)
(37.513786, 25.029179, 0.0)
(37.532589, 25.041281, 0.0)
(37.593513, 25.131905, 0.0)
(37.609592, 25.177498, 0.0)
(37.462185, 26.004299, 0.0)
(37.381584, 25.439632, 0.0)
(37.416794, 25.152815, 0.0)
(37.481937, 25.131731, 0.0)
(37.483002, 25.193783, 0.0)
(37.490818, 25.279037, 0.0)
(37.497803, 25.280001, 0.0)
(37.521286, 25.249901, 0.0)
(37.791561, 25.426193, 0.0)
(37.840336, 25.453653, 0.0)
(37.847713, 25.509403, 0.0)
(37.866196, 25.554245, 0.0)
(37.851215, 25.528048, 0.0)
(37.832211, 25.462694, 0.0)
(37.803329, 25.428368, 0.0)
(37.831036, 25.478994, 0.0)
(37.609283, 25.499493, 0.0)
(33.293964, 26.291510, 0.0)
(29.868193, 27.891212, 0.0)
(28.838821, 28.146629, 0.0)
(28.740429, 27.961796, 0.0)
(28.687250, 27.851446, 0.0)
(28.684803, 27.804790, 0.0)
(28.680328, 27.795494, 0.0)
(28.367386, 27.807791, 0.0)
(28.345629, 27.745598, 0.0)
(28.325823, 27.629961, 0.0)
(28.306948, 27.594336, 0.0)
(28.309937, 27.609875, 0.0)
(28.302061, 27.620239, 0.0)
(28.838764, 27.320173, 0.0)
(29.948195, 26.977114, 0.0)
(29.948177, 26.937214, 0.0)
(29.918118, 26.881786, 0.0)
(29.892719, 26.827261, 0.0)
(29.874142, 26.821899, 0.0)
(29.876240, 26.857981, 0.0)
(29.040222, 27.280294, 0.0)
(28.842743, 27.350285, 0.0)
(28.864620, 27.257542, 0.0)
(28.858377, 27.157587, 0.0)
(28.850466, 27.150801, 0.0)
(28.849285, 27.141083, 0.0)
(28.841099, 27.180534, 0.0)
(28.463066, 27.457567, 0.0)
(28.315001, 27.490633, 0.0)
(28.315422, 27.481405, 0.0)
(28.314529, 27.438667, 0.0)
(28.284388, 27.392437, 0.0)
(28.291801, 27.422064, 0.0)
(28.293135, 27.441931, 0.0)
(28.294506, 27.472269, 0.0)
(28.306038, 27.492216, 0.0)
(28.294729, 27.423960, 0.0)
(28.568541, 27.759169, 0.0)
(30.181944, 31.200634, 0.0)
(30.114674, 31.357605, 0.0)
(30.036594, 31.326235, 0.0)
(29.978022, 31.341711, 0.0)
(29.949713, 31.337259, 0.0)
(29.936993, 31.324026, 0.0)
(29.934927, 31.273272, 0.0)
(29.916681, 31.284029, 0.0)
(29.934364, 31.312159, 0.0)
(30.145145, 31.551447, 0.0)
(30.146090, 31.615826, 0.0)
(30.141022, 31.628593, 0.0)
(30.116297, 31.600813, 0.0)
(30.071550, 31.544519, 0.0)
(30.062250, 31.545088, 0.0)
(30.062265, 31.596886, 0.0)
(30.051498, 31.623775, 0.0)
(30.047720, 31.649740, 0.0)
(30.050676, 31.677738, 0.0)
(30.048882, 31.681232, 0.0)
(30.038242, 31.682146, 0.0)
(29.878704, 31.158503, 0.0)
(29.837105, 30.883429, 0.0)
(29.813049, 30.889360, 0.0)
(29.800060, 30.943068, 0.0)
(29.804941, 30.989801, 0.0)
(29.809034, 30.886335, 0.0)
(29.799656, 30.804293, 0.0)
(29.799656, 30.804293, 0.0)
(29.796534, 30.795855, 0.0)
(29.791195, 30.793533, 0.0)
(29.807131, 30.750572, 0.0)
(29.804186, 30.742516, 0.0)
(29.810911, 30.691622, 0.0)
(29.812569, 30.654730, 0.0)
(29.803596, 30.639050, 0.0)
(30.171026, 29.108410, 0.0)
(30.850660, 25.140427, 0.0)
(30.917948, 24.775799, 0.0)
(30.887730, 24.680176, 0.0)
(30.819439, 24.568569, 0.0)
(30.797970, 24.435089, 0.0)
(31.244938, 24.695415, 0.0)
(31.273216, 24.695007, 0.0)
(31.286833, 24.648752, 0.0)
(31.287399, 24.630251, 0.0)
(31.276142, 24.623383, 0.0)
(31.277578, 24.586641, 0.0)
(31.263191, 24.541098, 0.0)
(31.266502, 24.534967, 0.0)
(31.054678, 24.613682, 0.0)
(30.952988, 25.061510, 0.0)
(30.951265, 24.386545, 0.0)
(30.990166, 24.354153, 0.0)
(31.030672, 24.432938, 0.0)
(31.040890, 24.499054, 0.0)
(31.059013, 24.507334, 0.0)
(31.083601, 24.514812, 0.0)
(31.061253, 24.504805, 0.0)
(31.063583, 24.500000, 0.0)
(31.051167, 24.493610, 0.0)
(31.051664, 24.495815, 0.0)
(31.090206, 24.497631, 0.0)
(31.099932, 24.515802, 0.0)
(31.105272, 24.528671, 0.0)
(31.148239, 24.505287, 0.0)
(31.132696, 24.432898, 0.0)
(31.133038, 24.408232, 0.0)
(31.124228, 24.388859, 0.0)
(31.148228, 24.437344, 0.0)
(31.180128, 24.486446, 0.0)
(31.509863, 24.406923, 0.0)
(36.234394, 23.195024, 0.0)
(39.997444, 22.870867, 0.0)
(41.184147, 22.975824, 0.0)
(41.255138, 22.859459, 0.0)
(41.216789, 22.793230, 0.0)
(41.229225, 22.788967, 0.0)
(41.270096, 22.782654, 0.0)
(40.953579, 22.328310, 0.0)
(40.934544, 22.199036, 0.0)
(40.948978, 22.209917, 0.0)
(40.926472, 22.186552, 0.0)
(40.938663, 22.166096, 0.0)
(40.961987, 22.146570, 0.0)
(40.960258, 22.131748, 0.0)
(40.974384, 22.104490, 0.0)
(40.963547, 22.098587, 0.0)
(40.972996, 22.110928, 0.0)
(40.978432, 22.140625, 0.0)
(40.961872, 22.170843, 0.0)
(40.936562, 22.164333, 0.0)
(40.906334, 22.095181, 0.0)
(40.900665, 22.072393, 0.0)
(40.874290, 22.034220, 0.0)
(40.895233, 22.129457, 0.0)
(40.898506, 22.136385, 0.0)
(40.892776, 22.144976, 0.0)
(40.894371, 22.133978, 0.0)
(40.899300, 22.112280, 0.0)
(40.912354, 22.097042, 0.0)
(40.912613, 22.096212, 0.0)
(41.301403, 22.941923, 0.0)
(41.290173, 23.204733, 0.0)
(41.279266, 23.192484, 0.0)
(41.269726, 23.132919, 0.0)
(41.257214, 23.088217, 0.0)
(41.249249, 23.081551, 0.0)
(41.257214, 23.088217, 0.0)
(41.264774, 23.098049, 0.0)
(41.249256, 23.104895, 0.0)
(40.525978, 22.833591, 0.0)
(35.763035, 21.234982, 0.0)
(32.028080, 21.624575, 0.0)
(30.930935, 21.951252, 0.0)
(30.878479, 21.894587, 0.0)
(30.892332, 21.831385, 0.0)
(30.937929, 21.627220, 0.0)
(31.005402, 21.208687, 0.0)
(31.028191, 21.120001, 0.0)
(31.050806, 21.055122, 0.0)
(31.067453, 21.029011, 0.0)
(31.035908, 21.013653, 0.0)
(31.044455, 20.963919, 0.0)
(30.874319, 21.092455, 0.0)
(30.750589, 20.701424, 0.0)
(30.882254, 20.950979, 0.0)
(31.084019, 21.007614, 0.0)
(31.133184, 20.960754, 0.0)
(31.100128, 20.959520, 0.0)
(31.101225, 20.871017, 0.0)
(31.060732, 20.807352, 0.0)
(31.053043, 20.799681, 0.0)
(31.060843, 20.801270, 0.0)
(31.075615, 20.827246, 0.0)
(31.086506, 20.907957, 0.0)
(31.085022, 20.918894, 0.0)
(31.036318, 20.920174, 0.0)
(31.009329, 20.888157, 0.0)
(30.972059, 20.885462, 0.0)
(30.981014, 20.874393, 0.0)
(30.980846, 20.917177, 0.0)
(30.997305, 20.927349, 0.0)
(31.006977, 21.001060, 0.0)
(32.115799, 21.242466, 0.0)
(32.159851, 21.159607, 0.0)
(32.129555, 21.052258, 0.0)
(32.672306, 20.940550, 0.0)
(35.011074, 21.170294, 0.0)
(35.016327, 21.144400, 0.0)
(35.016514, 21.124725, 0.0)
(38.930904, 23.417219, 0.0)
(42.182220, 27.038828, 0.0)
(43.720192, 29.997786, 0.0)
(43.798744, 30.748873, 0.0)
(43.792599, 30.577574, 0.0)
(43.731247, 30.474672, 0.0)
(43.712250, 30.450207, 0.0)
(43.750599, 30.438551, 0.0)
(43.674538, 30.300520, 0.0)
(43.669708, 30.188412, 0.0)
(43.667641, 30.172079, 0.0)
(43.689587, 30.227497, 0.0)
(43.672314, 30.217035, 0.0)
(43.642300, 30.174164, 0.0)
(43.724377, 30.138519, 0.0)
(43.742916, 30.089334, 0.0)
(43.735012, 30.014118, 0.0)
(43.691963, 29.998125, 0.0)
(43.677605, 30.003033, 0.0)
(43.675900, 30.056322, 0.0)
(43.682053, 30.075947, 0.0)
(43.669594, 30.011026, 0.0)
(43.656918, 29.974825, 0.0)
(43.645203, 29.958515, 0.0)
(43.660419, 30.024746, 0.0)
(43.533825, 29.905519, 0.0)
(43.552151, 29.784216, 0.0)
(43.550850, 29.790968, 0.0)
(43.554150, 29.813505, 0.0)
(43.553623, 29.770113, 0.0)
(43.544544, 29.749060, 0.0)
(43.550648, 29.781469, 0.0)
(43.558323, 29.825247, 0.0)
(43.555950, 29.844181, 0.0)
(42.934483, 28.419720, 0.0)
(42.911564, 28.283115, 0.0)
(42.965496, 28.181202, 0.0)
(42.977566, 28.186020, 0.0)
(42.816906, 27.948851, 0.0)
(42.767982, 27.741257, 0.0)
(42.797306, 27.709774, 0.0)
(42.790604, 27.679047, 0.0)
(42.796783, 27.639023, 0.0)
(42.782391, 27.572176, 0.0)
(42.775440, 27.563723, 0.0)
(42.794731, 27.593372, 0.0)
(42.818157, 27.597904, 0.0)
(42.860645, 27.605646, 0.0)
(42.864582, 27.558426, 0.0)
(42.876652, 27.495619, 0.0)
(42.878502, 27.452059, 0.0)
(42.879055, 27.469172, 0.0)
(42.880836, 27.508389, 0.0)
(42.885048, 27.550436, 0.0)
(42.881672, 27.571493, 0.0)
(42.813339, 27.575418, 0.0)
(42.795174, 27.551525, 0.0)
(42.768120, 27.514153, 0.0)
(42.752274, 27.523941, 0.0)
(42.738892, 27.563852, 0.0)
(42.723949, 27.576300, 0.0)
(42.715889, 27.630459, 0.0)
(42.739731, 27.626667, 0.0)
(42.710724, 27.606627, 0.0)
(42.694408, 27.575081, 0.0)
(42.696606, 27.563379, 0.0)
(42.691265, 27.605480, 0.0)
(42.719532, 27.623560, 0.0)
(42.676571, 27.619396, 0.0)
(42.665806, 27.624123, 0.0)
(42.666668, 27.618204, 0.0)
(42.650871, 27.604023, 0.0)
(39.466057, 25.404387, 0.0)
(35.746994, 23.905571, 0.0)
(35.231266, 23.663445, 0.0)
(35.209728, 23.568520, 0.0)
(35.213036, 23.473316, 0.0)
(35.172081, 23.368586, 0.0)
(35.161224, 23.280914, 0.0)
(34.908859, 23.421707, 0.0)
(34.656635, 23.712820, 0.0)
(34.701874, 22.911943, 0.0)
(34.762142, 22.801594, 0.0)
(34.790371, 22.782852, 0.0)
(34.805573, 22.775633, 0.0)
(34.809204, 22.779686, 0.0)
(34.813900, 22.828648, 0.0)
(34.829193, 22.887247, 0.0)
(34.847473, 22.828524, 0.0)
(34.835018, 22.796120, 0.0)
(34.801170, 22.759958, 0.0)
(34.817852, 22.794924, 0.0)
(34.806969, 22.840397, 0.0)
(35.072838, 22.917715, 0.0)
(35.088543, 22.919237, 0.0)
(35.078197, 22.887241, 0.0)
(35.070263, 22.861219, 0.0)
(35.055389, 22.822771, 0.0)
(35.081173, 22.852051, 0.0)
(35.105618, 22.891466, 0.0)
(35.122414, 22.905329, 0.0)
(35.146744, 22.920792, 0.0)
(35.156109, 22.880730, 0.0)
(35.127960, 22.843077, 0.0)
(35.141903, 22.856771, 0.0)
(35.141903, 22.856771, 0.0)
(35.159706, 22.891016, 0.0)
(34.751957, 23.186104, 0.0)
(32.383347, 26.867514, 0.0)
(31.661577, 27.497114, 0.0)
(31.545122, 27.425701, 0.0)
(31.506832, 27.318863, 0.0)
(31.496641, 27.271709, 0.0)
(31.487989, 27.287180, 0.0)
(31.445850, 27.217291, 0.0)
(31.351450, 26.871624, 0.0)
(31.305319, 26.773380, 0.0)
(31.297791, 26.726318, 0.0)
(31.294079, 26.728205, 0.0)
(31.303850, 26.766748, 0.0)
(31.319096, 26.828432, 0.0)
(31.319695, 26.841053, 0.0)
(31.285328, 26.851740, 0.0)
(31.275009, 26.855385, 0.0)
(31.263664, 26.825418, 0.0)
(31.261293, 26.821989, 0.0)
(31.294725, 26.844151, 0.0)
(31.296179, 26.930779, 0.0)
(31.275221, 26.947971, 0.0)
(31.267996, 26.950144, 0.0)
(31.248976, 26.907982, 0.0)
(31.239384, 26.881655, 0.0)
(31.267967, 26.903908, 0.0)
(31.255480, 26.955080, 0.0)
(31.262884, 26.957529, 0.0)
(31.258505, 26.965481, 0.0)
(31.264954, 26.953386, 0.0)
(31.273869, 26.905806, 0.0)
(31.239035, 26.912218, 0.0)
(31.240574, 26.902740, 0.0)
(31.236795, 26.916035, 0.0)
(31.228310, 26.945141, 0.0)
(31.241529, 26.957720, 0.0)
(31.247576, 26.893648, 0.0)
(31.231829, 26.811653, 0.0)
(31.453669, 26.715055, 0.0)
(36.025936, 25.326937, 0.0)
(39.477192, 24.831158, 0.0)
(39.785011, 24.624741, 0.0)
(39.794514, 24.554838, 0.0)
(39.786793, 24.486862, 0.0)
(39.780640, 24.437098, 0.0)
(39.788525, 24.396624, 0.0)
(39.412922, 24.488749, 0.0)
(39.316162, 24.786293, 0.0)
(39.336143, 24.822472, 0.0)
(39.336033, 24.789839, 0.0)
(39.341003, 24.875637, 0.0)
(39.325085, 24.852028, 0.0)
(39.313118, 24.824787, 0.0)
(39.306793, 24.827534, 0.0)
(39.308563, 24.850189, 0.0)
(39.308586, 24.822422, 0.0)
(39.293968, 24.837004, 0.0)
(39.362946, 24.723482, 0.0)
(39.290718, 24.569712, 0.0)
(39.230301, 24.530769, 0.0)
(39.245651, 24.544371, 0.0)
(39.247906, 24.579544, 0.0)
(39.242153, 24.594648, 0.0)
(39.258186, 24.587612, 0.0)
(39.244606, 24.565775, 0.0)
(39.228168, 24.539675, 0.0)
(39.210178, 24.550348, 0.0)
(39.201313, 24.544729, 0.0)
(39.216190, 24.539883, 0.0)
(39.219067, 24.558550, 0.0)
(39.230663, 24.516218, 0.0)
(39.273758, 24.481512, 0.0)
(39.244503, 24.465534, 0.0)
(39.223461, 24.413687, 0.0)
(39.229904, 24.407795, 0.0)
(39.206512, 24.432505, 0.0)
(39.211445, 24.483618, 0.0)
(39.198559, 24.440550, 0.0)
(39.189270, 24.665909, 0.0)
(39.388176, 27.984335, 0.0)
(38.953838, 28.380312, 0.0)
(38.857716, 28.382406, 0.0)
(38.815022, 28.319103, 0.0)
(38.776558, 28.303194, 0.0)
(40.514835, 29.002050, 0.0)
(41.971180, 28.502165, 0.0)
(42.021717, 28.280382, 0.0)
(41.089897, 26.926111, 0.0)
(37.599628, 22.945131, 0.0)
(36.661270, 21.496155, 0.0)
(36.543613, 21.353569, 0.0)
(36.554600, 21.286907, 0.0)
(35.504402, 21.082842, 0.0)
(34.841930, 20.935568, 0.0)
(34.796764, 20.892403, 0.0)
(34.763702, 20.818998, 0.0)
(34.731339, 20.756298, 0.0)
(34.736496, 20.696999, 0.0)
(34.784950, 20.642124, 0.0)
(34.755116, 20.601387, 0.0)
(34.810219, 20.449188, 0.0)
(34.810051, 20.441984, 0.0)
(34.835304, 20.439342, 0.0)
(34.823067, 20.444691, 0.0)
(34.828190, 20.415058, 0.0)
(34.837704, 20.390072, 0.0)
(34.798138, 20.287577, 0.0)
(34.802982, 20.273314, 0.0)
(34.822910, 20.286015, 0.0)
(34.828537, 20.301067, 0.0)
(34.828320, 20.289810, 0.0)
(34.822910, 20.286015, 0.0)
(34.815094, 20.269663, 0.0)
(34.778702, 20.252686, 0.0)
(34.767960, 20.248182, 0.0)
(33.916508, 20.949806, 0.0)
(30.479435, 24.566364, 0.0)
(28.555559, 26.922350, 0.0)
(28.274378, 27.353260, 0.0)
(28.214491, 27.229156, 0.0)
(28.180628, 27.133614, 0.0)
(28.349293, 26.541233, 0.0)
(28.244633, 26.441298, 0.0)
(28.238243, 26.439447, 0.0)
(28.211630, 26.414236, 0.0)
(28.215841, 26.393309, 0.0)
(28.203888, 26.352663, 0.0)
(28.180927, 26.312551, 0.0)
(28.340084, 26.210087, 0.0)
(29.986593, 25.535120, 0.0)
(30.089790, 25.470568, 0.0)
(30.054811, 25.452839, 0.0)
(30.054420, 25.429644, 0.0)
(30.028076, 25.382784, 0.0)
(30.029667, 25.345247, 0.0)
(30.022705, 25.336796, 0.0)
(30.025381, 25.369408, 0.0)
(30.038778, 25.371429, 0.0)
(30.033825, 25.376287, 0.0)
(30.026197, 25.418316, 0.0)
(30.025795, 25.411428, 0.0)
(30.010017, 25.383753, 0.0)
(30.010153, 25.381233, 0.0)
(30.002890, 25.417948, 0.0)
(30.022715, 25.444990, 0.0)
(30.032080, 25.475809, 0.0)
(30.045637, 25.479910, 0.0)
(30.000294, 25.410387, 0.0)
(30.003428, 25.360649, 0.0)
(30.005438, 25.373091, 0.0)
(30.014441, 25.475515, 0.0)
(30.044857, 25.500359, 0.0)
(32.649738, 27.060230, 0.0)
(35.792858, 29.997011, 0.0)
(35.863163, 30.125874, 0.0)
(35.919220, 30.801701, 0.0)
(36.008488, 30.821634, 0.0)
(36.016064, 30.708673, 0.0)
(36.006500, 30.694080, 0.0)
(35.491592, 30.216934, 0.0)
(35.406605, 30.088520, 0.0)
(35.390709, 29.986763, 0.0)
(35.360485, 29.956781, 0.0)
(35.354099, 29.993162, 0.0)
(35.330940, 29.987150, 0.0)
(35.317661, 29.980545, 0.0)
(35.299500, 30.003901, 0.0)
(35.262657, 29.970236, 0.0)
(35.149284, 31.240778, 0.0)
(35.158424, 31.211767, 0.0)
(35.151897, 30.494528, 0.0)
(35.130863, 30.108723, 0.0)
(35.104729, 29.900810, 0.0)
(35.122467, 29.751965, 0.0)
(35.107925, 29.687744, 0.0)
(35.136024, 29.647427, 0.0)
(35.213829, 29.683456, 0.0)
(35.221642, 29.718990, 0.0)
(35.227077, 29.714800, 0.0)
(35.246651, 29.712570, 0.0)
(35.254269, 29.693624, 0.0)
(35.245876, 29.698187, 0.0)
(35.240147, 29.736919, 0.0)
(35.230946, 29.752426, 0.0)
(35.229565, 29.805586, 0.0)
(35.230553, 29.766047, 0.0)
(35.237175, 29.671337, 0.0)
(37.078625, 26.842718, 0.0)
(37.068981, 26.805828, 0.0)
(37.038662, 26.805305, 0.0)
(37.060650, 26.740431, 0.0)
(37.058556, 26.730331, 0.0)
(37.376854, 26.494072, 0.0)
(37.377758, 26.369984, 0.0)
(37.378250, 26.339548, 0.0)
(37.381535, 26.341181, 0.0)
(37.388840, 26.386227, 0.0)
(37.400414, 26.447559, 0.0)
(37.403244, 26.452553, 0.0)
(37.404060, 26.438122, 0.0)
(37.393139, 26.428719, 0.0)
(37.387127, 26.392153, 0.0)
(37.387154, 26.420328, 0.0)
(37.403519, 26.472702, 0.0)
(37.417809, 26.517633, 0.0)
(37.406799, 26.544596, 0.0)
(37.418507, 26.553778, 0.0)
(37.405201, 26.547491, 0.0)
(37.400150, 26.564548, 0.0)
(37.412640, 26.620838, 0.0)
(37.401077, 26.647211, 0.0)
(37.411346, 26.750036, 0.0)
(37.409622, 26.788006, 0.0)
(37.432392, 26.748976, 0.0)
(37.384693, 26.671221, 0.0)
(37.389561, 26.623060, 0.0)
(37.390503, 26.672125, 0.0)
(37.401836, 26.718401, 0.0)
(37.385777, 26.738365, 0.0)
(37.390369, 26.754148, 0.0)
(37.405605, 26.741972, 0.0)
(37.384670, 26.723635, 0.0)
(37.385460, 26.728121, 0.0)
(37.387863, 26.705385, 0.0)
(37.386997, 26.727098, 0.0)
(37.400852, 26.752703, 0.0)
(35.295372, 26.005018, 0.0)
(31.112835, 25.375710, 0.0)
(29.992392, 25.170282, 0.0)
(29.853901, 25.068853, 0.0)
(29.835482, 24.994347, 0.0)
(29.823660, 24.970205, 0.0)
(29.815342, 24.949089, 0.0)
(29.819256, 24.920095, 0.0)
(29.792791, 24.905325, 0.0)
(29.764841, 24.836481, 0.0)
(29.755774, 24.834188, 0.0)
(29.787207, 24.822897, 0.0)
(29.260441, 25.094471, 0.0)
(29.313301, 25.096975, 0.0)
(29.305346, 25.100498, 0.0)
(29.291882, 25.037453, 0.0)
(29.305496, 24.987064, 0.0)
(29.281670, 25.022936, 0.0)
(29.278666, 25.031197, 0.0)
(29.303488, 25.041353, 0.0)
(29.269455, 25.082909, 0.0)
(29.275805, 25.083773, 0.0)
(29.269102, 25.078089, 0.0)
(29.243708, 25.072296, 0.0)
(29.243425, 25.078369, 0.0)
(29.250750, 25.113398, 0.0)
(29.249069, 25.145983, 0.0)
(29.240448, 25.165693, 0.0)
(29.259983, 25.102926, 0.0)
(29.231058, 25.038021, 0.0)
(29.239933, 24.994263, 0.0)
(29.240301, 25.014294, 0.0)
(29.242802, 25.116072, 0.0)
(29.259953, 25.127916, 0.0)
(29.243244, 25.146528, 0.0)
(29.262129, 25.157661, 0.0)
(29.257252, 25.152012, 0.0)
(29.236177, 25.164043, 0.0)
(31.064407, 25.210684, 0.0)
(35.780430, 26.833849, 0.0)
(39.594719, 28.966213, 0.0)
(41.437008, 30.543928, 0.0)
(41.910454, 30.763384, 0.0)
(41.903797, 30.676592, 0.0)
(41.912380, 30.569193, 0.0)
(41.933018, 30.604723, 0.0)
(41.950203, 30.636805, 0.0)
(41.982754, 30.662386, 0.0)
(41.977089, 30.570637, 0.0)
(41.980534, 30.548265, 0.0)
(41.988201, 30.556025, 0.0)
(41.684029, 27.924641, 0.0)
(40.397259, 24.083778, 0.0)
(40.130630, 23.625206, 0.0)
(40.107307, 23.558947, 0.0)
(39.467541, 22.281902, 0.0)
(39.524475, 21.890974, 0.0)
(39.507915, 21.732170, 0.0)
(39.519115, 21.666897, 0.0)
(40.370861, 21.819664, 0.0)
(40.423615, 21.770941, 0.0)
(40.419559, 21.750927, 0.0)
(40.436874, 21.726959, 0.0)
(40.446770, 21.680172, 0.0)
(40.451157, 21.607241, 0.0)
(40.440968, 21.570908, 0.0)
(40.450123, 21.544107, 0.0)
(40.462097, 21.551033, 0.0)
(40.456844, 21.580677, 0.0)
(40.492790, 21.567677, 0.0)
(40.495766, 21.509521, 0.0)
(40.719566, 21.542110, 0.0)
(40.684067, 21.613247, 0.0)
(40.669315, 21.632540, 0.0)
(40.686943, 21.610800, 0.0)
(40.667366, 21.627274, 0.0)
(40.640942, 21.627174, 0.0)
(37.012363, 23.742561, 0.0)
(33.393890, 24.757509, 0.0)
(33.516243, 25.505402, 0.0)
(33.605362, 25.577013, 0.0)
(33.557835, 25.472244, 0.0)
(33.521744, 25.476923, 0.0)
(33.514683, 25.432919, 0.0)
(33.500935, 25.328278, 0.0)
(33.525131, 25.293901, 0.0)
(33.479771, 25.313784, 0.0)
(33.145119, 26.139271, 0.0)
(33.126865, 25.215956, 0.0)
(33.251507, 25.204208, 0.0)
(33.265289, 25.210226, 0.0)
(33.242741, 25.213186, 0.0)
(33.283417, 25.236794, 0.0)
(33.279175, 25.300188, 0.0)
(33.280190, 25.401957, 0.0)
(33.231590, 25.485563, 0.0)
(32.765877, 27.147713, 0.0)
(33.029926, 25.359375, 0.0)
(33.059971, 25.320671, 0.0)
(33.079750, 25.431229, 0.0)
(33.119267, 25.443480, 0.0)
(33.159664, 25.438292, 0.0)
(33.146309, 25.423931, 0.0)
(33.157600, 25.423544, 0.0)
(33.155308, 25.440405, 0.0)
(33.160645, 25.490448, 0.0)
(33.163788, 25.519842, 0.0)
(33.171318, 25.494553, 0.0)
(33.109573, 25.428602, 0.0)
(33.170982, 25.301479, 0.0)
(37.121250, 24.012308, 0.0)
(40.021107, 23.327810, 0.0)
(40.361221, 23.166056, 0.0)
(40.326366, 23.087900, 0.0)
(40.350315, 22.988379, 0.0)
(40.613792, 23.093624, 0.0)
(41.022118, 23.392773, 0.0)
(41.075516, 23.319107, 0.0)
(41.055000, 23.272963, 0.0)
(41.051361, 23.324432, 0.0)
(41.042526, 23.298351, 0.0)
(41.045044, 23.225080, 0.0)
(41.032619, 23.126373, 0.0)
(41.060627, 23.051352, 0.0)
(41.036686, 23.045948, 0.0)
(41.030067, 23.051455, 0.0)
(41.021976, 23.054583, 0.0)
(41.006420, 23.039022, 0.0)
(41.014175, 23.022720, 0.0)
(40.970497, 22.967062, 0.0)
(40.966732, 22.972071, 0.0)
(40.966770, 22.988674, 0.0)
(40.963081, 22.996389, 0.0)
(40.963692, 23.082357, 0.0)
(40.985485, 23.116083, 0.0)
(40.978268, 23.054289, 0.0)
(40.981415, 23.005577, 0.0)
(40.957409, 22.977476, 0.0)
(40.988426, 23.039417, 0.0)
(40.986942, 23.095802, 0.0)
(40.976101, 23.086172, 0.0)
(40.956593, 23.090836, 0.0)
(40.964855, 23.040806, 0.0)
(40.941547, 23.014874, 0.0)
(40.938343, 23.009743, 0.0)
(40.937973, 23.027870, 0.0)
(40.944370, 23.050951, 0.0)
(41.096401, 23.248634, 0.0)
(42.832005, 27.400545, 0.0)
(43.023483, 29.393587, 0.0)
(42.901253, 29.286522, 0.0)
(42.895504, 29.223957, 0.0)
(42.900787, 29.267342, 0.0)
(42.911987, 29.286654, 0.0)
(42.861427, 30.129314, 0.0)
(42.810398, 30.183596, 0.0)
(42.813740, 30.137636, 0.0)
(42.808537, 30.120388, 0.0)
(42.787693, 30.120100, 0.0)
(42.807011, 30.180414, 0.0)
(42.806011, 30.239811, 0.0)
(42.815453, 30.267166, 0.0)
(42.810749, 30.333418, 0.0)
(42.815449, 30.310938, 0.0)
(42.768654, 30.234726, 0.0)
(42.762989, 30.209387, 0.0)
(42.779121, 30.278025, 0.0)
(42.799866, 30.348959, 0.0)
(42.776531, 30.351166, 0.0)
(42.760624, 30.084776, 0.0)
(42.789890, 29.667208, 0.0)
(42.781132, 29.608740, 0.0)
(42.766567, 29.600542, 0.0)
(42.772881, 29.590567, 0.0)
(42.765476, 29.613333, 0.0)
(42.736671, 29.646090, 0.0)
(42.720520, 29.595932, 0.0)
(42.698780, 29.490599, 0.0)
(42.674812, 29.430277, 0.0)
(42.645943, 29.340994, 0.0)
(42.652161, 29.375818, 0.0)
(42.643398, 29.381178, 0.0)
(42.637848, 29.372910, 0.0)
(42.635338, 29.360315, 0.0)
(42.657799, 29.160713, 0.0)
(42.502575, 25.475349, 0.0)
(42.205326, 23.591766, 0.0)
(42.135841, 23.437151, 0.0)
(42.170238, 23.454281, 0.0)
(42.164806, 23.063602, 0.0)
(42.189720, 22.894617, 0.0)
(42.219105, 22.810095, 0.0)
(42.189720, 22.691149, 0.0)
(42.273312, 22.666473, 0.0)
(42.291496, 22.680529, 0.0)
(42.289928, 22.719160, 0.0)
(42.289146, 22.688097, 0.0)
(42.498722, 22.926655, 0.0)
(42.507446, 22.929955, 0.0)
(42.497246, 22.872585, 0.0)
(42.497250, 22.827215, 0.0)
(42.512051, 22.843834, 0.0)
(42.512619, 22.881704, 0.0)
(42.522800, 22.936659, 0.0)
(42.517876, 22.937263, 0.0)
(42.498741, 22.920544, 0.0)
(42.494820, 22.870779, 0.0)
(42.467251, 22.810726, 0.0)
(42.467373, 22.810720, 0.0)
(42.458099, 22.843489, 0.0)
(42.438736, 22.857334, 0.0)
(42.413567, 22.820229, 0.0)
(42.440819, 22.842255, 0.0)
(42.468945, 22.849771, 0.0)
(42.463478, 22.848251, 0.0)
(42.453526, 22.846331, 0.0)
(42.463161, 22.849623, 0.0)
(42.444702, 22.855206, 0.0)
(42.440048, 22.901665, 0.0)
(42.448978, 22.941109, 0.0)
(42.469910, 22.916924, 0.0)
(42.436886, 22.864401, 0.0)
(42.440411, 22.860914, 0.0)
(42.430668, 22.877453, 0.0)
(41.804806, 23.625431, 0.0)
(39.889248, 27.002464, 0.0)
(38.106079, 27.776613, 0.0)
(37.762093, 29.017408, 0.0)
(37.725239, 29.245121, 0.0)
(37.530090, 28.603319, 0.0)
(37.491085, 27.911045, 0.0)
(37.457966, 27.779886, 0.0)
(37.405903, 27.752991, 0.0)
(37.903278, 27.548590, 0.0)
(37.983376, 27.424101, 0.0)
(37.942230, 27.309923, 0.0)
(37.917965, 27.239304, 0.0)
(37.913937, 27.263338, 0.0)
(37.950256, 27.309362, 0.0)
(37.907562, 27.313328, 0.0)
(37.302086, 27.421740, 0.0)
(37.243969, 27.414196, 0.0)
(37.237011, 27.363178, 0.0)
(37.221951, 27.298141, 0.0)
(37.216564, 27.290970, 0.0)
(37.232647, 27.339760, 0.0)
(37.220554, 27.383688, 0.0)
(37.206078, 27.428263, 0.0)
(37.225491, 27.424543, 0.0)
(37.449844, 27.004507, 0.0)
(37.450935, 26.846619, 0.0)
(37.438393, 26.828178, 0.0)
(37.436733, 26.879869, 0.0)
(37.446209, 26.868689, 0.0)
(37.471329, 26.354494, 0.0)
(37.430862, 26.310415, 0.0)
(37.406040, 26.258842, 0.0)
(37.393211, 26.182508, 0.0)
(37.382046, 26.172838, 0.0)
(37.379959, 26.169615, 0.0)
(37.361504, 26.242895, 0.0)
(38.002365, 29.156996, 0.0)
(37.883396, 30.352371, 0.0)
(37.808350, 30.304209, 0.0)
(37.754009, 30.111958, 0.0)
(37.732189, 30.027941, 0.0)
(37.726353, 30.043871, 0.0)
(37.706474, 30.116095, 0.0)
(37.595112, 30.310452, 0.0)
(37.527020, 30.690296, 0.0)
(37.519199, 30.698900, 0.0)
(37.494923, 30.682774, 0.0)
(37.465782, 30.698198, 0.0)
(37.637333, 30.102224, 0.0)
(37.639175, 30.039986, 0.0)
(37.605167, 30.109217, 0.0)
(37.622490, 30.103497, 0.0)
(37.604862, 30.068283, 0.0)
(37.608349, 29.977346, 0.0)
(37.598095, 30.040422, 0.0)
(37.632713, 30.087597, 0.0)
(37.628830, 30.120722, 0.0)
(37.603706, 30.167091, 0.0)
(37.592552, 30.188484, 0.0)
(37.590916, 30.125177, 0.0)
(37.590046, 30.124474, 0.0)
(37.581337, 30.129456, 0.0)
(37.550171, 30.200588, 0.0)
(37.552799, 30.237614, 0.0)
(37.571800, 30.276384, 0.0)
(37.579300, 30.257380, 0.0)
(37.524445, 30.173586, 0.0)
(37.558651, 30.131025, 0.0)
(37.559650, 30.135622, 0.0)
(37.560398, 30.129389, 0.0)
(37.566166, 30.134344, 0.0)
(37.553886, 30.130653, 0.0)
(37.571125, 30.073624, 0.0)
(37.558971, 29.967922, 0.0)
(35.880096, 29.296207, 0.0)
(32.469204, 29.628387, 0.0)
(30.003225, 30.323143, 0.0)
(29.600000, 29.923746, 0.0)
(29.512493, 29.783808, 0.0)
(29.490915, 29.721134, 0.0)
(29.470991, 29.612148, 0.0)
(29.460983, 29.584616, 0.0)
(29.469501, 29.619661, 0.0)
(29.749407, 29.408720, 0.0)
(29.753098, 29.371901, 0.0)
(29.725159, 29.359526, 0.0)
(29.733633, 29.341915, 0.0)
(29.718452, 29.339014, 0.0)
(29.730501, 29.306454, 0.0)
(29.730927, 29.310158, 0.0)
(29.707451, 29.329279, 0.0)
(29.724165, 29.358202, 0.0)
(29.727566, 29.332758, 0.0)
(29.874701, 29.241648, 0.0)
(29.886963, 29.151037, 0.0)
(29.835018, 29.201365, 0.0)
(29.840508, 29.233160, 0.0)
(29.856329, 29.208292, 0.0)
(29.840549, 29.232512, 0.0)
(29.840937, 29.236376, 0.0)
(29.841791, 29.229847, 0.0)
(29.832010, 29.225534, 0.0)
(29.845446, 29.207359, 0.0)
(29.839201, 29.210909, 0.0)
(29.834137, 29.236286, 0.0)
(29.853689, 29.256815, 0.0)
(29.869238, 29.258385, 0.0)
(29.868248, 29.199144, 0.0)
(29.891743, 29.107769, 0.0)
(29.873421, 29.151514, 0.0)
(29.889845, 29.191551, 0.0)
(32.491158, 25.890085, 0.0)
(33.366493, 24.784925, 0.0)
(33.421314, 24.663336, 0.0)
(33.427185, 24.582706, 0.0)
(33.392487, 24.497814, 0.0)
(33.413383, 24.477524, 0.0)
(33.257805, 24.529860, 0.0)
(32.932388, 24.674788, 0.0)
(32.910492, 24.653614, 0.0)
(32.921829, 24.630291, 0.0)
(32.872990, 24.523493, 0.0)
(32.876381, 24.485941, 0.0)
(32.834492, 24.529860, 0.0)
(32.801208, 24.568815, 0.0)
(32.810093, 24.583492, 0.0)
(32.911545, 24.563610, 0.0)
(33.033157, 24.431913, 0.0)
(33.039726, 24.384933, 0.0)
(33.013725, 24.390316, 0.0)
(33.032280, 24.404524, 0.0)
(33.080742, 24.434465, 0.0)
(33.046165, 24.492729, 0.0)
(33.067261, 24.482103, 0.0)
(33.069065, 24.386490, 0.0)
(33.031128, 24.274811, 0.0)
(33.040611, 24.318014, 0.0)
(33.090385, 24.354336, 0.0)
(33.047394, 24.338316, 0.0)
(33.048454, 24.322887, 0.0)
(33.041874, 24.320826, 0.0)
(33.049576, 24.273317, 0.0)
(33.054363, 24.203794, 0.0)
(33.052197, 24.229719, 0.0)
(33.064636, 24.260534, 0.0)
(33.058273, 24.281399, 0.0)
(33.049534, 24.324440, 0.0)
(33.105396, 24.323618, 0.0)
(33.085083, 24.261211, 0.0)
(34.958965, 25.454891, 0.0)
(38.059853, 29.525784, 0.0)
(39.645569, 30.434782, 0.0)
(39.982872, 31.677925, 0.0)
(39.784893, 32.068237, 0.0)
(39.554382, 31.928490, 0.0)
(39.441765, 31.690268, 0.0)
(39.414070, 31.539251, 0.0)
(39.381706, 31.497295, 0.0)
(39.316078, 33.080574, 0.0)
(39.443748, 33.254246, 0.0)
(39.282265, 32.157207, 0.0)
(39.168785, 31.680470, 0.0)
(39.177811, 31.534966, 0.0)
(39.201424, 31.482513, 0.0)
(39.208534, 31.465374, 0.0)
(39.196480, 31.399784, 0.0)
(39.236965, 31.376329, 0.0)
(39.280289, 31.261251, 0.0)
(39.264458, 31.234156, 0.0)
(39.269978, 31.187439, 0.0)
(39.278675, 31.205721, 0.0)
(39.279682, 31.255737, 0.0)
(39.178680, 31.298893, 0.0)
(39.438683, 31.979382, 0.0)
(39.433723, 31.325539, 0.0)
(39.463959, 31.080214, 0.0)
(39.479828, 30.918547, 0.0)
(39.454918, 30.855927, 0.0)
(39.469353, 30.812393, 0.0)
(39.459324, 30.791466, 0.0)
(39.435562, 30.801191, 0.0)
(39.473194, 30.847059, 0.0)
(39.483147, 30.863216, 0.0)
(39.461823, 30.915165, 0.0)
(37.785530, 31.158621, 0.0)
(33.964100, 31.515329, 0.0)
(33.661228, 31.138203, 0.0)
(33.582699, 30.995672, 0.0)
(33.560600, 31.004128, 0.0)
(33.504372, 30.997169, 0.0)
(33.153797, 30.525053, 0.0)
(33.063110, 30.443542, 0.0)
(33.067814, 30.429895, 0.0)
(33.034973, 30.389645, 0.0)
(33.031242, 30.331087, 0.0)
(33.021355, 30.336340, 0.0)
(32.999924, 30.310038, 0.0)
(32.982124, 30.330883, 0.0)
(32.981548, 30.296747, 0.0)
(32.929661, 30.260513, 0.0)
(32.896240, 30.208109, 0.0)
(32.906502, 30.222101, 0.0)
(32.888542, 30.295078, 0.0)
(32.883617, 30.324940, 0.0)
(32.862045, 30.337503, 0.0)
(32.843178, 30.335217, 0.0)
(32.810726, 30.319571, 0.0)
(32.803764, 30.275444, 0.0)
(32.788273, 30.288343, 0.0)
(32.779312, 30.318514, 0.0)
(32.777275, 30.361298, 0.0)
(32.778149, 30.401930, 0.0)
(32.787361, 30.401579, 0.0)
(32.756119, 30.338097, 0.0)
(32.765232, 30.284578, 0.0)
(32.783363, 30.297174, 0.0)
(32.782162, 30.311117, 0.0)
(32.808472, 30.336641, 0.0)
(32.821747, 30.345896, 0.0)
(32.818684, 30.334124, 0.0)
(35.913136, 27.702976, 0.0)
(39.566730, 26.087761, 0.0)
(42.147106, 26.322821, 0.0)
(43.362087, 26.492363, 0.0)
(43.804428, 26.234652, 0.0)
(43.824986, 26.012352, 0.0)
(43.890850, 25.870449, 0.0)
(43.934547, 25.743431, 0.0)
(44.161457, 25.552021, 0.0)
(44.256168, 25.514875, 0.0)
(44.273727, 25.519461, 0.0)
(44.443710, 25.565422, 0.0)
(44.466053, 25.592157, 0.0)
(44.445518, 25.571833, 0.0)
(44.468948, 25.560867, 0.0)
(44.469170, 25.528847, 0.0)
(44.483101, 25.570045, 0.0)
(44.479153, 25.592144, 0.0)
(44.492317, 25.620012, 0.0)
(44.537159, 25.682959, 0.0)
(44.551392, 25.647730, 0.0)
(44.532299, 25.624346, 0.0)
(44.542366, 25.626446, 0.0)
(44.546959, 25.697149, 0.0)
(44.581001, 25.759275, 0.0)
(44.587875, 25.763012, 0.0)
(44.602501, 25.848759, 0.0)
(44.601810, 25.830334, 0.0)
(44.585133, 25.795160, 0.0)
(44.585094, 25.802309, 0.0)
(44.593372, 25.830692, 0.0)
(44.591805, 25.871807, 0.0)
(44.590584, 25.946966, 0.0)
(44.650803, 25.967356, 0.0)
(44.584591, 25.831821, 0.0)
(44.574749, 25.813042, 0.0)
(44.574749, 25.813042, 0.0)
(44.561260, 25.827553, 0.0)
(41.498489, 23.764538, 0.0)
(39.544460, 22.888817, 0.0)
(39.565884, 22.769011, 0.0)
(39.624657, 22.634476, 0.0)
(39.603634, 22.514286, 0.0)
(39.546886, 22.442123, 0.0)
(39.167374, 22.216175, 0.0)
(39.130882, 22.171629, 0.0)
(39.173214, 22.190891, 0.0)
(39.181187, 22.081177, 0.0)
(39.138515, 21.958103, 0.0)
(38.973957, 22.028816, 0.0)
(38.649818, 22.179607, 0.0)
(38.620266, 21.756605, 0.0)
(38.790215, 22.106604, 0.0)
(38.880371, 22.111490, 0.0)
(38.918377, 22.061462, 0.0)
(38.913578, 21.980515, 0.0)
(38.905289, 21.961334, 0.0)
(38.912685, 21.948423, 0.0)
(38.915207, 21.972286, 0.0)
(38.920456, 22.007784, 0.0)
(38.960285, 22.011486, 0.0)
(38.937061, 21.976227, 0.0)
(38.909264, 21.891884, 0.0)
(38.904469, 21.903217, 0.0)
(38.901707, 21.917095, 0.0)
(38.896019, 21.921337, 0.0)
(38.901558, 21.951668, 0.0)
(38.859608, 21.933767, 0.0)
(38.857059, 21.908207, 0.0)
(38.848877, 21.890472, 0.0)
(38.830990, 21.883381, 0.0)
(38.832825, 21.900047, 0.0)
(38.852268, 21.942497, 0.0)
(38.831825, 21.975145, 0.0)
(38.865124, 21.928719, 0.0)
(38.810928, 21.891350, 0.0)
(41.647869, 25.530203, 0.0)
(43.369362, 29.447062, 0.0)
(43.598587, 31.410666, 0.0)
(43.493149, 31.795794, 0.0)
(43.520863, 31.776596, 0.0)
(43.527061, 31.732363, 0.0)
(43.532589, 31.707747, 0.0)
(43.480171, 31.695320, 0.0)
(43.486458, 31.681810, 0.0)
(43.512466, 31.751003, 0.0)
(43.616856, 31.467480, 0.0)
(43.612671, 31.328131, 0.0)
(43.622154, 31.309511, 0.0)
(43.569103, 31.234531, 0.0)
(43.572380, 31.201248, 0.0)
(43.602863, 31.286308, 0.0)
(43.585812, 31.288130, 0.0)
(43.572235, 31.333223, 0.0)
(43.550884, 31.354033, 0.0)
(43.799164, 31.732138, 0.0)
(43.832386, 31.802053, 0.0)
(43.797882, 31.789215, 0.0)
(43.797371, 31.797117, 0.0)
(43.784168, 31.810190, 0.0)
(43.784813, 31.839861, 0.0)
(43.788631, 31.816605, 0.0)
(43.767647, 31.732382, 0.0)
(43.738327, 31.616823, 0.0)
(43.742355, 31.630592, 0.0)
(43.752800, 31.620924, 0.0)
(43.758270, 31.627415, 0.0)
(43.760281, 31.632538, 0.0)
(43.760635, 31.622587, 0.0)
(43.757042, 31.595680, 0.0)
(42.905415, 30.521111, 0.0)
(42.865051, 30.390354, 0.0)
(42.877300, 30.388691, 0.0)
(42.300060, 30.280821, 0.0)
(37.755310, 29.844456, 0.0)
(35.056046, 30.045649, 0.0)
(35.004391, 29.863321, 0.0)
(34.994499, 29.753237, 0.0)
(35.006348, 29.694332, 0.0)
(35.018440, 29.676804, 0.0)
(35.585693, 29.316662, 0.0)
(35.606400, 29.264355, 0.0)
(35.575527, 29.215944, 0.0)
(35.562534, 29.202665, 0.0)
(35.554859, 29.174694, 0.0)
(35.555050, 29.174721, 0.0)
(35.560909, 29.212078, 0.0)
(35.555458, 29.231415, 0.0)
(35.573414, 29.248425, 0.0)
(35.577278, 29.194372, 0.0)
(35.552017, 29.128010, 0.0)
(35.552017, 29.128010, 0.0)
(35.548416, 29.161026, 0.0)
(35.545853, 29.176958, 0.0)
(35.514236, 28.785959, 0.0)
(35.463211, 28.683996, 0.0)
(35.475487, 28.674831, 0.0)
(35.455692, 28.630390, 0.0)
(35.462841, 28.612911, 0.0)
(35.445316, 28.635988, 0.0)
(35.442429, 28.683731, 0.0)
(35.444935, 28.696129, 0.0)
(35.446358, 28.695858, 0.0)
(35.451786, 28.661102, 0.0)
(35.321690, 28.459478, 0.0)
(35.318691, 28.411631, 0.0)
(35.296436, 28.433720, 0.0)
(35.253220, 28.491228, 0.0)
(35.240322, 28.495596, 0.0)
(35.244061, 28.502520, 0.0)
(36.216133, 24.887699, 0.0)
(37.030338, 22.878918, 0.0)
(36.974998, 22.743486, 0.0)
(36.933823, 22.727200, 0.0)
(36.914803, 22.689632, 0.0)
(36.929493, 22.712885, 0.0)
(36.925694, 22.685339, 0.0)
(37.333088, 22.764702, 0.0)
(37.391876, 22.704905, 0.0)
(37.410057, 22.698439, 0.0)
(37.463451, 22.761156, 0.0)
(37.467049, 22.792135, 0.0)
(37.470638, 22.825081, 0.0)
(37.467056, 22.807644, 0.0)
(37.481510, 22.792788, 0.0)
(37.465855, 22.781485, 0.0)
(37.466297, 22.775652, 0.0)
(37.462414, 22.819256, 0.0)
(37.473038, 22.826874, 0.0)
(37.460533, 22.856108, 0.0)
(37.473534, 22.849920, 0.0)
(37.435562, 22.770708, 0.0)
(37.404625, 22.726923, 0.0)
(37.403797, 22.753550, 0.0)
(37.415443, 22.763819, 0.0)
(37.393204, 22.740015, 0.0)
(37.392696, 22.755505, 0.0)
(37.405609, 22.720455, 0.0)
(37.403282, 22.670815, 0.0)
(37.386387, 22.645245, 0.0)
(37.401089, 22.656717, 0.0)
(37.403702, 22.665371, 0.0)
(37.414135, 22.702034, 0.0)
(37.385902, 22.708611, 0.0)
(37.395508, 22.663115, 0.0)
(37.343571, 22.602133, 0.0)
(37.320599, 22.569454, 0.0)
(37.360207, 22.579899, 0.0)
(37.333500, 22.608011, 0.0)
(34.819084, 22.304041, 0.0)
(31.159897, 22.785696, 0.0)
(30.027290, 23.349691, 0.0)
(29.951309, 23.263868, 0.0)
(29.921585, 23.212179, 0.0)
(29.903990, 23.167860, 0.0)
(29.672504, 23.065342, 0.0)
(29.619026, 23.037933, 0.0)
(29.586729, 23.001375, 0.0)
(29.610235, 22.923012, 0.0)
(29.558779, 22.838312, 0.0)
(29.252611, 22.841566, 0.0)
(29.194466, 22.850540, 0.0)
(29.213900, 22.849102, 0.0)
(29.240372, 22.804604, 0.0)
(29.223200, 22.813824, 0.0)
(29.215132, 22.791582, 0.0)
(29.197575, 22.761633, 0.0)
(29.179415, 22.765068, 0.0)
(29.204527, 22.750179, 0.0)
(29.180912, 22.793968, 0.0)
(29.167805, 22.831697, 0.0)
(29.161907, 22.842579, 0.0)
(29.156542, 22.821350, 0.0)
(29.082458, 22.792465, 0.0)
(29.065664, 22.794226, 0.0)
(29.086123, 22.823484, 0.0)
(29.053011, 22.881176, 0.0)
(29.049530, 22.907391, 0.0)
(29.073492, 22.923370, 0.0)
(29.085955, 22.934000, 0.0)
(29.074762, 22.947733, 0.0)
(29.053219, 22.959150, 0.0)
(29.060364, 22.985785, 0.0)
(29.056416, 23.093477, 0.0)
(29.056871, 23.146402, 0.0)
(29.085989, 23.197615, 0.0)
(29.079847, 23.155777, 0.0)
(30.936033, 24.255714, 0.0)
(33.142990, 26.170301, 0.0)
(33.831188, 28.230881, 0.0)
(34.070244, 29.662422, 0.0)
(34.043526, 29.739954, 0.0)
(33.979042, 29.656868, 0.0)
(33.446621, 28.314426, 0.0)
(33.314686, 28.195534, 0.0)
(33.290359, 28.192163, 0.0)
(33.292885, 28.205288, 0.0)
(33.284069, 28.195015, 0.0)
(33.267597, 28.194571, 0.0)
(33.269867, 28.150995, 0.0)
(33.255367, 27.984596, 0.0)
(33.221592, 27.945854, 0.0)
(33.212254, 27.946226, 0.0)
(33.230835, 27.989361, 0.0)
(33.235634, 28.041073, 0.0)
(33.230934, 28.057560, 0.0)
(33.231705, 28.062685, 0.0)
(33.215149, 28.027082, 0.0)
(33.224598, 28.013197, 0.0)
(33.230900, 28.047516, 0.0)
(33.243355, 28.087400, 0.0)
(33.257305, 28.142883, 0.0)
(33.260899, 28.141470, 0.0)
(33.263699, 28.084835, 0.0)
(34.373138, 27.453701, 0.0)
(34.507820, 27.165514, 0.0)
(34.494690, 27.156317, 0.0)
(34.488682, 27.161432, 0.0)
(34.483898, 27.148794, 0.0)
(34.494308, 27.131624, 0.0)
(34.506077, 27.101099, 0.0)
(34.505066, 27.083876, 0.0)
(34.500092, 27.066759, 0.0)
(35.594841, 25.711004, 0.0)
(37.443039, 22.763468, 0.0)
(37.417667, 22.292994, 0.0)
(37.398918, 22.189644, 0.0)
(37.369095, 22.045538, 0.0)
(37.222382, 21.550331, 0.0)
(37.139530, 21.376963, 0.0)
(37.081604, 21.286879, 0.0)
(37.105934, 21.227722, 0.0)
(37.116615, 21.225794, 0.0)
(37.128250, 21.160896, 0.0)
(37.138672, 21.107107, 0.0)
(37.121162, 21.077526, 0.0)
(37.336742, 21.253344, 0.0)
(37.373589, 21.692606, 0.0)
(37.353580, 21.750938, 0.0)
(37.358253, 21.737139, 0.0)
(37.344261, 21.663343, 0.0)
(37.333935, 21.641127, 0.0)
(37.340874, 21.631142, 0.0)
(37.348232, 21.680971, 0.0)
(37.362427, 21.727989, 0.0)
(37.354027, 21.771128, 0.0)
(37.329403, 21.797007, 0.0)
(37.306534, 21.788637, 0.0)
(37.275784, 21.786957, 0.0)
(37.285164, 21.810257, 0.0)
(37.281097, 21.831953, 0.0)
(37.271675, 21.864134, 0.0)
(37.274513, 21.889067, 0.0)
(37.268642, 21.862295, 0.0)
(37.261482, 21.817770, 0.0)
(37.263336, 21.804594, 0.0)
(37.259308, 21.813848, 0.0)
(37.237083, 21.802544, 0.0)
(37.211155, 21.803495, 0.0)
(37.208191, 21.805088, 0.0)
(37.201782, 21.787434, 0.0)
(37.193741, 21.756958, 0.0)
(37.480820, 22.749098, 0.0)
(37.780758, 25.841042, 0.0)
(37.686749, 25.845041, 0.0)
(37.637623, 25.809103, 0.0)
(37.637489, 25.801100, 0.0)
(37.581615, 25.697176, 0.0)
(37.577896, 25.676550, 0.0)
(37.595375, 25.673292, 0.0)
(37.584267, 25.685604, 0.0)
(37.405582, 25.798223, 0.0)
(37.426777, 27.706196, 0.0)
(37.284519, 25.655582, 0.0)
(37.362392, 25.565653, 0.0)
(37.395741, 25.585991, 0.0)
(37.389164, 25.634632, 0.0)
(37.395878, 25.633766, 0.0)
(37.435558, 25.624006, 0.0)
(37.423985, 25.573687, 0.0)
(37.409718, 25.529718, 0.0)
(37.412144, 25.524897, 0.0)
(37.416836, 25.559523, 0.0)
(37.438786, 25.552137, 0.0)
(37.704449, 25.647158, 0.0)
(37.828850, 25.619064, 0.0)
(37.841579, 25.589180, 0.0)
(37.780022, 25.528481, 0.0)
(37.787781, 25.521217, 0.0)
(37.279804, 25.407402, 0.0)
(37.283718, 25.379906, 0.0)
(37.314228, 25.370279, 0.0)
(37.332005, 25.326414, 0.0)
(37.329220, 25.281513, 0.0)
(37.327053, 25.213242, 0.0)
(37.357536, 25.249941, 0.0)
(37.346405, 25.290438, 0.0)
(37.368294, 25.301239, 0.0)
(37.572292, 25.393471, 0.0)
(40.689991, 27.285021, 0.0)
(40.960964, 27.474815, 0.0)
(40.978214, 27.389349, 0.0)
(40.997524, 27.361921, 0.0)
(41.498844, 27.843819, 0.0)
(41.513149, 27.960062, 0.0)
(41.502548, 27.968475, 0.0)
(41.551945, 27.962200, 0.0)
(41.508415, 27.901838, 0.0)
(41.494682, 27.799349, 0.0)
(41.537025, 27.881641, 0.0)
(41.523235, 27.947487, 0.0)
(41.515839, 27.949129, 0.0)
(41.520607, 27.980583, 0.0)
(41.496910, 28.029907, 0.0)
(41.458572, 27.976810, 0.0)
(41.119778, 28.034664, 0.0)
(41.291328, 28.448494, 0.0)
(41.279133, 27.701284, 0.0)
(41.304890, 27.525951, 0.0)
(41.304749, 27.540020, 0.0)
(41.311672, 27.529955, 0.0)
(41.358135, 27.554842, 0.0)
(41.347687, 27.561924, 0.0)
(41.330956, 27.564247, 0.0)
(41.331650, 27.574533, 0.0)
(41.342316, 27.554152, 0.0)
(41.338253, 27.506210, 0.0)
(41.313774, 27.520599, 0.0)
(41.306625, 27.519472, 0.0)
(41.308506, 27.562426, 0.0)
(41.318844, 27.594225, 0.0)
(41.348377, 27.603302, 0.0)
(41.338142, 27.569231, 0.0)
(41.334236, 27.567305, 0.0)
(41.337109, 27.584736, 0.0)
(41.343548, 27.654030, 0.0)
(42.897305, 29.629831, 0.0)
(43.112709, 29.794020, 0.0)
(43.109882, 29.760204, 0.0)
(43.090317, 29.698360, 0.0)
(43.091549, 29.670475, 0.0)
(42.794949, 29.323418, 0.0)
(42.776707, 29.269930, 0.0)
(42.819931, 29.340214, 0.0)
(42.826317, 29.370630, 0.0)
(42.830696, 29.313595, 0.0)
(42.845638, 29.272985, 0.0)
(42.828979, 29.245718, 0.0)
(42.814991, 29.222641, 0.0)
(42.816322, 29.287300, 0.0)
(42.823261, 29.298067, 0.0)
(42.823692, 29.304577, 0.0)
(42.835037, 29.334343, 0.0)
(42.817108, 29.312000, 0.0)
(42.807236, 29.281881, 0.0)
(42.805927, 29.295269, 0.0)
(42.814404, 29.290083, 0.0)
(42.815125, 29.309284, 0.0)
(42.833225, 29.359879, 0.0)
(42.840027, 29.390181, 0.0)
(42.846561, 29.380009, 0.0)
(42.822189, 29.333822, 0.0)
(42.816261, 29.322021, 0.0)
(42.832680, 29.372400, 0.0)
(42.827755, 29.420641, 0.0)
(42.852901, 29.453768, 0.0)
(42.856236, 29.456051, 0.0)
(42.853985, 29.460255, 0.0)
(42.850452, 29.499557, 0.0)
(42.874382, 29.510746, 0.0)
(42.881599, 29.565004, 0.0)
(42.898453, 29.627707, 0.0)
(43.129395, 28.599253, 0.0)
(43.836712, 27.273846, 0.0)
(44.073467, 27.023325, 0.0)
(44.047558, 26.970356, 0.0)
(44.053886, 27.001612, 0.0)
(44.672333, 27.801977, 0.0)
(44.713192, 27.863203, 0.0)
(44.723370, 27.839773, 0.0)
(44.738899, 27.814219, 0.0)
(44.726807, 27.788361, 0.0)
(44.734016, 27.675776, 0.0)
(44.705490, 27.622503, 0.0)
(44.720215, 27.664753, 0.0)
(44.693466, 27.641411, 0.0)
(44.690304, 27.646996, 0.0)
(44.713379, 27.616661, 0.0)
(44.640282, 27.538094, 0.0)
(44.658070, 27.479290, 0.0)
(44.666767, 27.471121, 0.0)
(44.648521, 27.476000, 0.0)
(44.651684, 27.471220, 0.0)
(44.629929, 27.474556, 0.0)
(44.636204, 27.471214, 0.0)
(44.638317, 27.429670, 0.0)
(44.625809, 27.424147, 0.0)
(44.637691, 27.436563, 0.0)
(44.637562, 27.455990, 0.0)
(44.637196, 27.525143, 0.0)
(44.641899, 27.547466, 0.0)
(44.650295, 27.524286, 0.0)
(44.637691, 27.436563, 0.0)
(44.628223, 27.421108, 0.0)
(44.633282, 27.418924, 0.0)
(44.657600, 27.437149, 0.0)
(44.658188, 27.429743, 0.0)
(44.642838, 27.435511, 0.0)
(44.649715, 27.436012, 0.0)
(44.628181, 27.414427, 0.0)
(44.956879, 28.904537, 0.0)
(44.840134, 30.944790, 0.0)
(44.797623, 30.978800, 0.0)
(44.767410, 30.881037, 0.0)
(44.765034, 30.853382, 0.0)
(44.743694, 30.791773, 0.0)
(44.650459, 30.804977, 0.0)
(44.368401, 31.245548, 0.0)
(44.266819, 31.242313, 0.0)
(44.253147, 31.165272, 0.0)
(44.251316, 31.171028, 0.0)
(44.257904, 31.134872, 0.0)
(44.244015, 31.106382, 0.0)
(44.213116, 31.087267, 0.0)
(44.237835, 31.056616, 0.0)
(44.538033, 30.815651, 0.0)
(44.552620, 30.841150, 0.0)
(44.550560, 30.858934, 0.0)
(44.562542, 30.833609, 0.0)
(44.521820, 30.753767, 0.0)
(44.537071, 30.717651, 0.0)
(44.543098, 30.763834, 0.0)
(44.540730, 30.828390, 0.0)
(44.580276, 30.875698, 0.0)
(44.591736, 30.925953, 0.0)
(44.591434, 30.951454, 0.0)
(44.608643, 30.997427, 0.0)
(44.622536, 31.006546, 0.0)
(44.593834, 31.031591, 0.0)
(44.602631, 31.086088, 0.0)
(44.619938, 31.137808, 0.0)
(44.622650, 31.141062, 0.0)
(44.574135, 31.080708, 0.0)
(44.589325, 31.041458, 0.0)
(44.560482, 31.027065, 0.0)
(44.571579, 31.078104, 0.0)
(44.560524, 31.057327, 0.0)
(44.538513, 31.011505, 0.0)
(41.485928, 28.077229, 0.0)
(38.210411, 25.795485, 0.0)
(37.617611, 25.359226, 0.0)
(37.586979, 25.149052, 0.0)
(37.559082, 25.080191, 0.0)
(37.576672, 25.040968, 0.0)
(37.602097, 24.997496, 0.0)
(37.633316, 24.904215, 0.0)
(37.636894, 24.804766, 0.0)
(37.663082, 24.781727, 0.0)
(37.676571, 24.768507, 0.0)
(37.702236, 24.752291, 0.0)
(37.700275, 24.762886, 0.0)
(37.679203, 24.738462, 0.0)
(37.708004, 24.705490, 0.0)
(37.699989, 24.619419, 0.0)
(37.319065, 24.514685, 0.0)
(37.319435, 24.511980, 0.0)
(37.324066, 24.513199, 0.0)
(37.303375, 24.536476, 0.0)
(37.302868, 24.527021, 0.0)
(37.280380, 24.470589, 0.0)
(37.281673, 24.413900, 0.0)
(37.271328, 24.430073, 0.0)
(37.276161, 24.447762, 0.0)
(37.288994, 24.470642, 0.0)
(37.290382, 24.502777, 0.0)
(37.296898, 24.516085, 0.0)
(37.278419, 24.488398, 0.0)
(37.258320, 24.455183, 0.0)
(37.258175, 24.464458, 0.0)
(37.266773, 24.474983, 0.0)
(37.268166, 24.516567, 0.0)
(37.269844, 24.513374, 0.0)
(37.064495, 24.681995, 0.0)
(37.471291, 24.635897, 0.0)
(37.747166, 23.897123, 0.0)
(39.250580, 23.293625, 0.0)
(40.703094, 22.861675, 0.0)
(41.158096, 22.843725, 0.0)
(41.137089, 22.784817, 0.0)
(41.402630, 22.755081, 0.0)
(42.030556, 22.831636, 0.0)
(42.080925, 22.818344, 0.0)
(42.119678, 22.814474, 0.0)
(42.147415, 22.823118, 0.0)
(42.108910, 22.544004, 0.0)
(42.034111, 22.405317, 0.0)
(42.054375, 22.380587, 0.0)
(42.078197, 22.398386, 0.0)
(42.099808, 22.384668, 0.0)
(42.124352, 22.396471, 0.0)
(42.122524, 22.427452, 0.0)
(42.140728, 22.432388, 0.0)
(42.190563, 22.396030, 0.0)
(42.190563, 22.396030, 0.0)
(42.193630, 22.470757, 0.0)
(42.206841, 22.515663, 0.0)
(42.199837, 22.532621, 0.0)
(42.209957, 22.559801, 0.0)
(42.234058, 22.518032, 0.0)
(42.174957, 22.430899, 0.0)
(42.181889, 22.437948, 0.0)
(42.203995, 22.527922, 0.0)
(42.195343, 22.554697, 0.0)
(42.480244, 23.073786, 0.0)
(42.490604, 23.294765, 0.0)
(42.414883, 23.225286, 0.0)
(42.415649, 23.202410, 0.0)
(42.395771, 23.213530, 0.0)
(42.406075, 23.247387, 0.0)
(42.394077, 23.244696, 0.0)
(42.406075, 23.247387, 0.0)
(40.866646, 22.729412, 0.0)
(36.595936, 21.619852, 0.0)
(33.599045, 21.663399, 0.0)
(32.994690, 21.640816, 0.0)
(32.945511, 21.564421, 0.0)
(32.930779, 21.539068, 0.0)
(32.933098, 21.436710, 0.0)
(32.936134, 21.351145, 0.0)
(32.924854, 21.302565, 0.0)
(32.930794, 21.275593, 0.0)
(32.981876, 21.257452, 0.0)
(33.411793, 21.132307, 0.0)
(33.437157, 21.088840, 0.0)
(33.412682, 21.086967, 0.0)
(33.452366, 21.018803, 0.0)
(33.433029, 20.926386, 0.0)
(33.396187, 20.902674, 0.0)
(33.411465, 20.911798, 0.0)
(33.379284, 20.937714, 0.0)
(33.392490, 20.983131, 0.0)
(33.370556, 20.983961, 0.0)
(33.387768, 20.968828, 0.0)
(33.380745, 20.929293, 0.0)
(33.362560, 20.899315, 0.0)
(33.365131, 20.904842, 0.0)
(33.388836, 20.926619, 0.0)
(33.388157, 20.985195, 0.0)
(33.386406, 21.008823, 0.0)
(33.450409, 20.943729, 0.0)
(33.394268, 20.884211, 0.0)
(32.987885, 21.201576, 0.0)
(32.942650, 21.212183, 0.0)
(32.954281, 21.189930, 0.0)
(32.949295, 21.192781, 0.0)
(32.938526, 21.186285, 0.0)
(32.968506, 21.171532, 0.0)
(32.973373, 21.168653, 0.0)
(32.954224, 21.126066, 0.0)
(31.333849, 21.701807, 0.0)
(29.750038, 22.572605, 0.0)
(29.611008, 22.631708, 0.0)
(29.606560, 22.610090, 0.0)
(29.623014, 22.499027, 0.0)
(29.450010, 22.228422, 0.0)
(29.441721, 22.151623, 0.0)
(29.445913, 22.156593, 0.0)
(29.426653, 22.161608, 0.0)
(29.493641, 22.146013, 0.0)
(29.472912, 22.147057, 0.0)
(29.502466, 22.141426, 0.0)
(29.547913, 22.068253, 0.0)
(29.525787, 22.061836, 0.0)
(29.456877, 22.175890, 0.0)
(29.418425, 22.175192, 0.0)
(29.500694, 22.206453, 0.0)
(29.501200, 22.174412, 0.0)
(29.475660, 22.142094, 0.0)
(29.510900, 22.135111, 0.0)
(29.518541, 22.186666, 0.0)
(29.530916, 22.220358, 0.0)
(29.511589, 22.264128, 0.0)
(29.511753, 22.280855, 0.0)
(29.523094, 22.292458, 0.0)
(29.523094, 22.292458, 0.0)
(29.534309, 22.319912, 0.0)
(29.545759, 22.342081, 0.0)
(29.518482, 22.385788, 0.0)
(29.536787, 22.436199, 0.0)
(29.564405, 22.389837, 0.0)
(29.576017, 22.322147, 0.0)
(29.616163, 22.297812, 0.0)
(29.630850, 22.301651, 0.0)
(29.625156, 22.305670, 0.0)
(29.627527, 22.293871, 0.0)
(31.058329, 23.659674, 0.0)
(32.499454, 27.780338, 0.0)
(33.398392, 29.968431, 0.0)
(34.227238, 31.712690, 0.0)
(34.486336, 31.834284, 0.0)
(34.559227, 31.578966, 0.0)
(34.533688, 31.555073, 0.0)
(34.389370, 31.578022, 0.0)
(33.806984, 31.637190, 0.0)
(33.656284, 31.599546, 0.0)
(33.649078, 31.572374, 0.0)
(33.626892, 31.560186, 0.0)
(33.642170, 31.510454, 0.0)
(33.581173, 31.502268, 0.0)
(33.561035, 31.519304, 0.0)
(33.523975, 31.520182, 0.0)
(33.507137, 31.511595, 0.0)
(33.475712, 31.461956, 0.0)
(33.416019, 31.512028, 0.0)
(33.390289, 31.537846, 0.0)
(33.390289, 31.537846, 0.0)
(33.358879, 31.513136, 0.0)
(33.341999, 31.479139, 0.0)
(33.350986, 31.453556, 0.0)
(33.336929, 31.472313, 0.0)
(33.340309, 31.488804, 0.0)
(33.333466, 31.470379, 0.0)
(33.333820, 31.469870, 0.0)
(33.331387, 31.466215, 0.0)
(33.314034, 31.447567, 0.0)
(33.327572, 31.461687, 0.0)
(33.345306, 31.481403, 0.0)
(33.325554, 31.516232, 0.0)
(33.328388, 31.501810, 0.0)
(33.325665, 31.484970, 0.0)
(33.309311, 31.452927, 0.0)
(33.325443, 31.400959, 0.0)
(33.342339, 31.426600, 0.0)
(32.047367, 29.577538, 0.0)
(30.475885, 27.542091, 0.0)
(30.352688, 27.451719, 0.0)
(30.317434, 27.463253, 0.0)
(30.290173, 27.416924, 0.0)
(29.816692, 27.469414, 0.0)
(29.727827, 27.498726, 0.0)
(29.709488, 27.472485, 0.0)
(29.671499, 27.523787, 0.0)
(29.689072, 27.532501, 0.0)
(29.666151, 27.469700, 0.0)
(29.655926, 27.461113, 0.0)
(29.657553, 27.490988, 0.0)
(29.658192, 27.535439, 0.0)
(29.540846, 27.538996, 0.0)
(29.721893, 29.329603, 0.0)
(29.460047, 27.869682, 0.0)
(29.462196, 27.367006, 0.0)
(29.400003, 27.314472, 0.0)
(29.393488, 27.419029, 0.0)
(29.439009, 27.455399, 0.0)
(29.462229, 27.456409, 0.0)
(29.484972, 27.446505, 0.0)
(29.487562, 27.479343, 0.0)
(29.494137, 27.584087, 0.0)
(29.536545, 27.594774, 0.0)
(29.530886, 27.633430, 0.0)
(29.535770, 27.657728, 0.0)
(29.543053, 27.642782, 0.0)
(29.532246, 27.639513, 0.0)
(29.550770, 27.608267, 0.0)
(29.553007, 27.655256, 0.0)
(29.553205, 27.710163, 0.0)
(29.557711, 27.680973, 0.0)
(29.558678, 27.608891, 0.0)
(29.555460, 27.528097, 0.0)
(29.535353, 27.547712, 0.0)
(29.536087, 27.550648, 0.0)
(29.541088, 27.557789, 0.0)
(29.547411, 27.568577, 0.0)
(30.769859, 27.074717, 0.0)
(35.595764, 26.866327, 0.0)
(39.273319, 28.832464, 0.0)
(40.201771, 30.997826, 0.0)
(40.207253, 30.948425, 0.0)
(40.148952, 30.866997, 0.0)
(40.164036, 30.877199, 0.0)
(40.215405, 30.824175, 0.0)
(40.223415, 30.744328, 0.0)
(40.239998, 30.727015, 0.0)
(40.250248, 30.715973, 0.0)
(40.246445, 30.704369, 0.0)
(40.232536, 30.662958, 0.0)
(41.858883, 31.879173, 0.0)
(42.382034, 32.137577, 0.0)
(42.431900, 32.094353, 0.0)
(42.433037, 32.061794, 0.0)
(42.454647, 32.067406, 0.0)
(42.473087, 32.083923, 0.0)
(42.474560, 32.123238, 0.0)
(42.470974, 32.094433, 0.0)
(42.427830, 32.023487, 0.0)
(42.384613, 31.976727, 0.0)
(40.854042, 31.518856, 0.0)
(39.768402, 31.434587, 0.0)
(39.734882, 31.365652, 0.0)
(39.750603, 31.301382, 0.0)
(39.728764, 31.237307, 0.0)
(39.727406, 31.205044, 0.0)
(39.715355, 31.172480, 0.0)
(39.733242, 31.187410, 0.0)
(39.735592, 31.203661, 0.0)
(39.716850, 31.214437, 0.0)
(39.734295, 31.258684, 0.0)
(40.001465, 31.101290, 0.0)
(42.861938, 29.990877, 0.0)
(44.258389, 30.145617, 0.0)
(44.306763, 30.069853, 0.0)
(44.292969, 30.085012, 0.0)
(44.724064, 30.337149, 0.0)
(44.815350, 30.342251, 0.0)
(44.837875, 30.331135, 0.0)
(44.828041, 30.321133, 0.0)
(44.832844, 30.346531, 0.0)
(44.795666, 30.363037, 0.0)
(44.810032, 30.383728, 0.0)
(44.781437, 30.412479, 0.0)
(43.692005, 31.543121, 0.0)
(43.636284, 31.583900, 0.0)
(43.702923, 31.493616, 0.0)
(43.648415, 31.426830, 0.0)
(44.324329, 30.256298, 0.0)
(44.568890, 29.983433, 0.0)
(44.547264, 29.989819, 0.0)
(44.530224, 30.000494, 0.0)
(44.508591, 29.969015, 0.0)
(44.514030, 29.947723, 0.0)
(44.491547, 29.884588, 0.0)
(44.288784, 29.673929, 0.0)
(43.506470, 28.616245, 0.0)
(43.429852, 28.495617, 0.0)
(43.500191, 28.530842, 0.0)
(43.507469, 28.522882, 0.0)
(43.524364, 28.393211, 0.0)
(43.518333, 28.293648, 0.0)
(43.842247, 28.669134, 0.0)
(44.677353, 29.645350, 0.0)
(44.620796, 29.561310, 0.0)
(44.575428, 29.453955, 0.0)
(44.548759, 29.416454, 0.0)
(44.555721, 29.351694, 0.0)
(44.547802, 29.308746, 0.0)
(44.549999, 29.297882, 0.0)
(44.540085, 29.330503, 0.0)
(42.686310, 27.785614, 0.0)
(38.622112, 25.021391, 0.0)
(35.752792, 23.523422, 0.0)
(35.688072, 23.373047, 0.0)
(35.676147, 23.188789, 0.0)
(35.666203, 23.132420, 0.0)
(35.647224, 23.111574, 0.0)
(35.642334, 23.097988, 0.0)
(36.615128, 27.663952, 0.0)
(37.099949, 30.731525, 0.0)
(37.020336, 30.537745, 0.0)
(36.928703, 30.363781, 0.0)
(36.900993, 30.316307, 0.0)
(36.840282, 30.245457, 0.0)
(35.501068, 29.968117, 0.0)
(32.772415, 30.042521, 0.0)
(32.699291, 30.034760, 0.0)
(32.695618, 30.004921, 0.0)
(32.654514, 29.918594, 0.0)
(32.665436, 29.886463, 0.0)
(32.686718, 29.964321, 0.0)
(32.675331, 29.990049, 0.0)
(32.632160, 29.957050, 0.0)
(33.666000, 29.835379, 0.0)
(39.078888, 29.767923, 0.0)
(41.913719, 30.400152, 0.0)
(42.042831, 30.294798, 0.0)
(42.050529, 30.280102, 0.0)
(42.042217, 30.274902, 0.0)
(42.016411, 30.243160, 0.0)
(42.016464, 30.175938, 0.0)
(42.158569, 29.892809, 0.0)
(42.382145, 25.728647, 0.0)
(42.001911, 24.121210, 0.0)
(41.961571, 24.150177, 0.0)
(41.954758, 24.219446, 0.0)
(41.180058, 23.791443, 0.0)
(36.673557, 21.788260, 0.0)
(33.590199, 22.085571, 0.0)
(33.575230, 21.979294, 0.0)
(33.592052, 21.844940, 0.0)
(33.589119, 21.788597, 0.0)
(33.577980, 21.800619, 0.0)
(33.071831, 22.283978, 0.0)
(33.053127, 22.400000, 0.0)
(32.998779, 22.274130, 0.0)
(33.004944, 22.193089, 0.0)
(32.982830, 22.177267, 0.0)
(32.921997, 22.215147, 0.0)
(32.629383, 22.686647, 0.0)
(32.648483, 21.910578, 0.0)
(32.759769, 22.126884, 0.0)
(32.800556, 22.089846, 0.0)
(32.797058, 22.062843, 0.0)
(32.807247, 22.062716, 0.0)
(32.797058, 22.062843, 0.0)
(32.816311, 22.077690, 0.0)
(32.845634, 22.025999, 0.0)
(32.800705, 21.938641, 0.0)
(32.798691, 21.923819, 0.0)
(32.813519, 21.923313, 0.0)
(32.777996, 21.945848, 0.0)
(32.780018, 21.950886, 0.0)
(32.771000, 21.944500, 0.0)
(32.763996, 21.944822, 0.0)
(32.756416, 21.930153, 0.0)
(32.740570, 21.929987, 0.0)
(32.726181, 21.929117, 0.0)
(32.708828, 21.953108, 0.0)
(32.719788, 21.989744, 0.0)
(32.881271, 22.021864, 0.0)
(37.004139, 24.063456, 0.0)
(37.162960, 24.083477, 0.0)
(37.176521, 23.999556, 0.0)
(37.206570, 23.981783, 0.0)
(37.654007, 23.962738, 0.0)
(37.688362, 23.908470, 0.0)
(37.681728, 23.877806, 0.0)
(37.403919, 24.011881, 0.0)
(36.818642, 23.404808, 0.0)
(37.135326, 23.290497, 0.0)
(37.239357, 23.326508, 0.0)
(37.252487, 23.236923, 0.0)
(37.233353, 23.180620, 0.0)
(37.228195, 23.145350, 0.0)
(37.233353, 23.180620, 0.0)
(37.218151, 23.227726, 0.0)
(37.274460, 23.250864, 0.0)
(37.281773, 23.282228, 0.0)
(37.566265, 23.626968, 0.0)
(37.580326, 23.644882, 0.0)
(37.540268, 23.636059, 0.0)
(37.528751, 23.645344, 0.0)
(37.527710, 23.673334, 0.0)
(37.538128, 23.671049, 0.0)
(37.531723, 23.693239, 0.0)
(37.476879, 23.623077, 0.0)
(37.493244, 23.551964, 0.0)
(37.484394, 23.551453, 0.0)
(37.471195, 23.554710, 0.0)
(37.481426, 23.543919, 0.0)
(37.505775, 23.566555, 0.0)
(37.517834, 23.569933, 0.0)
(37.502979, 23.546373, 0.0)
(37.498848, 23.548874, 0.0)
(37.510803, 23.555426, 0.0)
(37.186783, 23.656946, 0.0)
(33.700794, 25.546556, 0.0)
(32.176407, 26.776829, 0.0)
(32.033062, 26.695366, 0.0)
(32.023720, 26.559061, 0.0)
(31.622053, 26.204922, 0.0)
(31.511890, 26.113598, 0.0)
(31.510632, 26.064589, 0.0)
(31.495079, 26.045368, 0.0)
(31.482416, 26.031511, 0.0)
(31.474804, 25.971819, 0.0)
(31.474031, 25.955107, 0.0)
(31.472055, 25.929173, 0.0)
(31.464945, 25.940634, 0.0)
(31.450247, 25.967604, 0.0)
(31.448092, 26.011953, 0.0)
(31.423073, 25.975126, 0.0)
(31.077799, 26.146341, 0.0)
(31.176588, 26.168398, 0.0)
(31.215322, 26.190489, 0.0)
(31.184517, 26.146933, 0.0)
(31.174309, 26.117266, 0.0)
(31.181276, 26.174696, 0.0)
(31.193605, 26.186829, 0.0)
(31.171249, 26.169044, 0.0)
(31.163284, 26.172596, 0.0)
(31.187029, 26.181910, 0.0)
(31.184366, 26.222250, 0.0)
(31.178354, 26.238388, 0.0)
(31.203104, 26.241686, 0.0)
(31.186579, 26.186829, 0.0)
(31.187294, 26.131138, 0.0)
(31.194036, 26.109623, 0.0)
(31.185925, 26.117329, 0.0)
(31.183935, 26.108244, 0.0)
(31.172033, 26.150915, 0.0)
(31.168634, 26.153511, 0.0)
(31.176151, 26.148342, 0.0)
(31.140369, 26.145977, 0.0)
(29.608637, 29.722380, 0.0)
(29.157160, 31.046314, 0.0)
(29.011932, 31.121693, 0.0)
(28.993271, 31.115740, 0.0)
(28.976761, 31.039246, 0.0)
(28.897757, 30.934175, 0.0)
(28.898397, 30.862808, 0.0)
(28.901373, 30.871849, 0.0)
(28.903069, 30.905552, 0.0)
(28.891157, 30.907038, 0.0)
(28.885782, 30.885204, 0.0)
(28.888557, 30.888668, 0.0)
(28.895111, 30.901369, 0.0)
(28.867592, 30.879984, 0.0)
(28.820917, 30.778433, 0.0)
(28.809967, 30.798246, 0.0)
(28.817585, 30.835957, 0.0)
(28.797379, 30.897495, 0.0)
(28.804432, 30.894625, 0.0)
(28.794374, 30.851795, 0.0)
(28.813126, 30.853027, 0.0)
(28.834864, 30.907089, 0.0)
(28.836451, 30.983408, 0.0)
(28.829424, 30.975866, 0.0)
(28.824699, 30.894850, 0.0)
(28.857933, 30.888910, 0.0)
(28.867218, 30.892307, 0.0)
(28.840187, 30.848036, 0.0)
(28.856365, 30.811420, 0.0)
(31.749783, 28.506920, 0.0)
(35.128647, 27.079491, 0.0)
(36.475670, 27.018015, 0.0)
(36.563293, 26.842108, 0.0)
(36.552219, 26.713367, 0.0)
(36.573502, 26.694118, 0.0)
(36.593334, 26.719524, 0.0)
(36.626411, 26.696648, 0.0)
(36.659344, 26.686167, 0.0)
(35.462391, 28.542810, 0.0)
(35.140980, 29.149502, 0.0)
(35.103561, 29.084675, 0.0)
(35.043194, 29.018631, 0.0)
(35.018463, 28.961679, 0.0)
(34.106567, 29.469923, 0.0)
(34.023483, 29.494045, 0.0)
(34.047180, 29.385725, 0.0)
(34.018921, 29.302794, 0.0)
(34.021469, 29.282028, 0.0)
(34.031860, 29.287481, 0.0)
(34.032124, 29.297283, 0.0)
(34.065739, 29.307547, 0.0)
(34.029919, 29.288759, 0.0)
(34.034298, 29.307072, 0.0)
(34.029087, 29.313354, 0.0)
(33.684593, 29.059233, 0.0)
(33.637314, 28.992340, 0.0)
(33.622757, 29.011606, 0.0)
(33.613918, 29.118713, 0.0)
(33.644234, 29.133533, 0.0)
(33.647564, 29.109713, 0.0)
(33.633598, 29.030300, 0.0)
(33.612190, 28.965874, 0.0)
(33.652550, 29.052984, 0.0)
(33.690357, 29.093246, 0.0)
(33.688408, 29.084944, 0.0)
(33.695423, 29.103140, 0.0)
(33.691895, 29.092068, 0.0)
(33.671616, 29.024017, 0.0)
(33.662724, 28.995729, 0.0)
(33.669407, 29.008579, 0.0)
(33.689194, 29.066568, 0.0)
(33.712688, 29.079227, 0.0)
(33.719040, 29.075821, 0.0)
(33.716839, 29.025179, 0.0)
(33.686192, 28.933710, 0.0)
(35.769085, 29.673889, 0.0)
(39.465176, 31.252060, 0.0)
(39.610435, 31.196442, 0.0)
(39.606651, 31.149403, 0.0)
(39.621681, 31.031265, 0.0)
(39.638111, 30.986912, 0.0)
(39.658546, 30.944658, 0.0)
(39.672207, 30.929495, 0.0)
(39.696590, 30.940346, 0.0)
(39.726044, 30.809721, 0.0)
(39.703079, 30.752733, 0.0)
(39.696156, 30.756857, 0.0)
(39.695904, 30.690302, 0.0)
(39.667217, 30.664028, 0.0)
(39.672192, 30.649914, 0.0)
(39.664917, 30.714756, 0.0)
(39.630249, 30.757282, 0.0)
(39.609554, 30.797775, 0.0)
(39.585533, 30.782307, 0.0)
(39.576839, 30.759949, 0.0)
(39.557461, 30.680590, 0.0)
(39.515781, 30.647255, 0.0)
(39.492599, 30.630634, 0.0)
(39.522614, 30.711187, 0.0)
(39.524921, 30.753735, 0.0)
(39.507965, 30.777494, 0.0)
(39.493729, 30.710886, 0.0)
(39.504005, 30.671238, 0.0)
(39.495754, 30.644386, 0.0)
(39.485748, 30.649796, 0.0)
(39.498161, 30.653801, 0.0)
(39.495453, 30.659443, 0.0)
(39.497063, 30.654360, 0.0)
(39.491436, 30.602371, 0.0)
(39.467091, 30.567781, 0.0)
(39.461685, 30.550581, 0.0)
(39.454128, 30.580881, 0.0)
(39.453526, 30.572693, 0.0)
(39.443542, 30.575706, 0.0)
(39.422771, 30.551874, 0.0)
(39.377640, 30.480608, 0.0)
(38.632393, 29.195547, 0.0)
(35.522411, 26.102064, 0.0)
(32.417034, 24.540966, 0.0)
(30.712461, 24.059202, 0.0)
(30.290453, 24.013302, 0.0)
(30.180889, 23.953505, 0.0)
(30.184448, 23.871357, 0.0)
(29.541220, 23.960510, 0.0)
(29.445414, 23.952021, 0.0)
(29.420788, 23.877287, 0.0)
(29.388695, 23.879620, 0.0)
(29.392305, 23.816507, 0.0)
(29.380426, 23.729231, 0.0)
(29.358351, 23.698734, 0.0)
(29.374088, 23.668709, 0.0)
(29.369532, 23.669950, 0.0)
(29.399927, 23.659615, 0.0)
(29.392349, 23.673920, 0.0)
(29.393017, 23.681477, 0.0)
(29.381002, 23.655039, 0.0)
(29.365923, 23.652473, 0.0)
(29.377586, 23.660049, 0.0)
(29.391068, 23.684660, 0.0)
(29.398380, 23.710781, 0.0)
(29.409014, 23.733488, 0.0)
(29.411427, 23.696047, 0.0)
(29.377077, 23.659155, 0.0)
(29.381897, 23.659002, 0.0)
(29.383099, 23.683115, 0.0)
(29.399467, 23.753204, 0.0)
(29.418112, 23.759401, 0.0)
(29.421267, 23.774891, 0.0)
(29.421076, 23.788273, 0.0)
(29.435392, 23.764643, 0.0)
(29.423172, 23.759293, 0.0)
(29.448448, 23.796181, 0.0)
(29.597672, 23.797926, 0.0)
(33.488590, 24.896759, 0.0)
(36.811371, 26.101589, 0.0)
(39.271923, 28.104309, 0.0)
(40.841396, 30.405394, 0.0)
(41.466305, 31.350119, 0.0)
(41.417091, 31.288977, 0.0)
(41.458481, 31.072430, 0.0)
(41.565350, 31.049759, 0.0)
(41.576973, 30.970558, 0.0)
(40.889313, 31.079077, 0.0)
(40.804062, 31.020233, 0.0)
(40.818428, 31.003628, 0.0)
(40.838879, 31.033619, 0.0)
(40.811131, 31.038998, 0.0)
(40.810341, 31.061516, 0.0)
(40.865566, 31.020491, 0.0)
(40.817379, 30.930504, 0.0)
(40.827057, 30.811502, 0.0)
(40.851532, 30.828758, 0.0)
(41.048775, 30.721804, 0.0)
(41.079571, 30.700686, 0.0)
(41.076565, 30.656618, 0.0)
(41.110260, 30.617905, 0.0)
(41.095535, 30.591841, 0.0)
(41.067066, 30.557486, 0.0)
(41.088196, 30.558477, 0.0)
(41.090221, 30.567802, 0.0)
(41.083134, 30.575777, 0.0)
(41.078201, 30.599874, 0.0)
(41.083305, 30.568254, 0.0)
(41.032757, 30.517313, 0.0)
(41.040558, 30.477955, 0.0)
(41.070824, 30.521416, 0.0)
(41.074524, 30.528370, 0.0)
(41.075932, 30.533594, 0.0)
(41.072346, 30.576841, 0.0)
(41.044380, 30.575478, 0.0)
(40.996475, 30.487226, 0.0)
(40.960480, 30.474098, 0.0)
(40.918671, 30.454718, 0.0)
(38.797516, 27.955872, 0.0)
(36.192371, 26.357468, 0.0)
(32.939823, 25.069727, 0.0)
(30.374914, 25.096220, 0.0)
(29.119987, 25.461685, 0.0)
(28.576488, 25.535204, 0.0)
(28.554424, 25.502789, 0.0)
(28.548723, 25.482801, 0.0)
(28.520491, 25.452381, 0.0)
(28.484680, 25.436026, 0.0)
(28.446016, 26.061970, 0.0)
(28.428478, 26.122297, 0.0)
(28.385094, 26.073896, 0.0)
(28.370470, 26.072664, 0.0)
(28.373234, 26.097948, 0.0)
(28.382484, 26.143389, 0.0)
(28.377026, 26.138187, 0.0)
(28.364218, 26.079643, 0.0)
(28.359083, 26.041189, 0.0)
(28.360767, 26.067692, 0.0)
(28.315121, 26.110111, 0.0)
(28.273132, 26.187801, 0.0)
(28.288490, 26.216881, 0.0)
(28.299461, 26.268291, 0.0)
(28.301411, 26.286427, 0.0)
(28.268084, 26.215015, 0.0)
(28.215591, 26.135921, 0.0)
(28.211569, 26.135616, 0.0)
(28.251656, 26.208252, 0.0)
(28.226425, 26.324989, 0.0)
(28.229099, 26.315952, 0.0)
(28.253994, 26.197802, 0.0)
(30.310171, 26.877577, 0.0)
(30.730471, 27.332218, 0.0)
(30.718119, 27.326969, 0.0)
(30.690825, 27.297132, 0.0)
(30.339149, 27.122532, 0.0)
(29.698999, 26.755491, 0.0)
(29.671301, 26.662937, 0.0)
(29.633781, 26.629465, 0.0)
(29.631767, 26.604279, 0.0)
(29.604399, 26.609756, 0.0)
(29.607727, 26.627424, 0.0)
(29.286409, 26.678574, 0.0)
(29.311596, 26.531393, 0.0)
(29.305460, 26.434427, 0.0)
(29.287386, 26.421690, 0.0)
(29.288265, 26.437704, 0.0)
(29.296236, 26.448780, 0.0)
(29.264839, 26.480909, 0.0)
(29.270285, 26.492552, 0.0)
(29.358799, 26.453821, 0.0)
(29.791260, 26.532108, 0.0)
(29.794746, 26.520128, 0.0)
(29.786818, 26.504238, 0.0)
(29.795338, 26.521206, 0.0)
(29.779297, 26.566460, 0.0)
(29.813978, 26.556385, 0.0)
(29.775299, 26.533236, 0.0)
(29.801977, 26.466831, 0.0)
(29.856878, 26.456230, 0.0)
(29.838396, 26.517185, 0.0)
(29.847298, 26.529661, 0.0)
(29.856627, 26.535320, 0.0)
(29.848211, 26.547773, 0.0)
(29.871098, 26.528521, 0.0)
(29.868811, 26.483946, 0.0)
(29.881104, 26.492224, 0.0)
(29.881104, 26.492224, 0.0)
(29.888580, 26.488482, 0.0)
(29.907700, 26.532291, 0.0)
(29.913841, 26.467930, 0.0)
(31.931255, 25.737696, 0.0)
(36.921696, 25.418076, 0.0)
(40.574852, 26.445694, 0.0)
(41.734982, 27.345278, 0.0)
(41.881523, 27.282705, 0.0)
(41.922272, 27.254593, 0.0)
(41.974281, 27.254522, 0.0)
(41.959316, 27.182888, 0.0)
(41.958820, 27.157436, 0.0)
(42.003170, 27.130947, 0.0)
(42.006039, 27.102554, 0.0)
(42.019154, 27.101627, 0.0)
(42.017311, 27.083624, 0.0)
(42.000481, 27.056892, 0.0)
(41.988777, 27.020979, 0.0)
(41.278610, 26.675325, 0.0)
(41.167107, 26.669424, 0.0)
(41.191593, 26.657564, 0.0)
(41.212822, 26.678921, 0.0)
(41.225510, 26.692158, 0.0)
(41.229492, 26.683712, 0.0)
(41.223991, 26.665749, 0.0)
(41.226620, 26.681656, 0.0)
(41.238976, 26.696938, 0.0)
(41.252857, 26.742039, 0.0)
(41.281811, 26.796629, 0.0)
(41.299648, 26.764067, 0.0)
(41.266792, 26.739328, 0.0)
(41.268631, 26.686230, 0.0)
(41.286339, 26.743763, 0.0)
(41.266987, 26.808823, 0.0)
(41.259510, 26.810184, 0.0)
(41.261379, 26.817545, 0.0)
(41.268295, 26.825686, 0.0)
(41.288216, 26.820637, 0.0)
(41.276669, 26.827793, 0.0)
(41.283058, 26.823116, 0.0)
(41.268681, 26.814188, 0.0)
(41.235481, 26.835438, 0.0)
(39.215912, 26.777275, 0.0)
(35.024643, 27.715982, 0.0)
(31.632492, 29.160162, 0.0)
(30.345118, 30.957384, 0.0)
(29.388353, 31.476276, 0.0)
(29.352777, 31.396427, 0.0)
(29.356455, 31.302221, 0.0)
(29.353373, 31.226667, 0.0)
(29.071789, 31.700579, 0.0)
(29.029596, 31.728868, 0.0)
(29.056204, 31.702456, 0.0)
(29.034346, 31.722914, 0.0)
(29.011635, 31.776863, 0.0)
(29.028099, 31.769350, 0.0)
(29.015282, 31.722528, 0.0)
(29.015005, 31.628283, 0.0)
(29.028236, 31.655024, 0.0)
(28.810024, 31.809629, 0.0)
(28.838295, 31.816338, 0.0)
(28.860056, 31.798969, 0.0)
(28.857868, 31.792379, 0.0)
(28.828194, 31.798601, 0.0)
(28.826536, 31.743494, 0.0)
(28.818014, 31.714474, 0.0)
(28.814486, 31.757998, 0.0)
(28.816965, 31.764040, 0.0)
(28.814539, 31.785032, 0.0)
(28.833477, 31.750221, 0.0)
(28.811821, 31.717943, 0.0)
(28.803625, 31.690933, 0.0)
(28.840593, 31.716633, 0.0)
(28.828667, 31.760054, 0.0)
(28.822010, 31.711470, 0.0)
(28.845331, 31.738789, 0.0)
(28.848803, 31.739727, 0.0)
(29.880772, 31.229691, 0.0)
(34.916645, 29.408661, 0.0)
(39.352543, 28.551645, 0.0)
(42.095985, 29.024797, 0.0)
(42.991928, 29.309748, 0.0)
(43.149292, 29.144539, 0.0)
(43.127632, 29.030441, 0.0)
(43.145584, 28.970100, 0.0)
(43.177719, 28.911167, 0.0)
(43.230572, 28.919659, 0.0)
(43.715668, 29.081318, 0.0)
(43.819973, 29.026234, 0.0)
(43.818565, 29.064013, 0.0)
(43.856937, 29.045673, 0.0)
(43.888798, 28.980709, 0.0)
(43.878933, 28.988976, 0.0)
(43.853840, 29.025276, 0.0)
(43.859467, 29.056730, 0.0)
(43.625469, 28.986771, 0.0)
(43.789658, 29.557755, 0.0)
(43.630997, 28.659912, 0.0)
(43.724403, 28.614206, 0.0)
(43.734238, 28.705910, 0.0)
(43.751297, 28.777754, 0.0)
(43.752258, 28.775337, 0.0)
(43.748489, 28.753963, 0.0)
(43.749687, 28.756260, 0.0)
(43.744099, 28.753180, 0.0)
(43.717953, 28.790781, 0.0)
(43.712410, 28.808298, 0.0)
(43.733425, 28.749321, 0.0)
(43.677952, 28.670330, 0.0)
(43.659859, 28.622715, 0.0)
(43.660500, 28.610071, 0.0)
(43.656475, 28.616152, 0.0)
(43.675152, 28.647245, 0.0)
(43.681385, 28.667322, 0.0)
(43.450977, 28.591915, 0.0)
(40.344200, 29.807957, 0.0)
(39.935379, 29.878374, 0.0)
(39.893467, 29.765680, 0.0)
(39.891861, 29.704800, 0.0)
(39.903706, 29.731524, 0.0)
(39.908672, 29.716185, 0.0)
(39.906219, 29.682024, 0.0)
(39.902729, 29.584297, 0.0)
(39.915615, 29.621904, 0.0)
(39.903976, 29.615515, 0.0)
(39.600323, 29.665026, 0.0)
(39.523628, 29.637890, 0.0)
(39.528015, 29.629223, 0.0)
(39.501945, 29.579317, 0.0)
(39.477158, 29.492804, 0.0)
(39.692932, 29.050848, 0.0)
(39.705116, 29.002617, 0.0)
(39.691483, 29.035290, 0.0)
(39.692039, 29.064157, 0.0)
(39.721214, 29.026703, 0.0)
(39.726711, 28.976707, 0.0)
(39.733162, 28.963373, 0.0)
(39.718338, 28.937513, 0.0)
(39.710274, 28.929535, 0.0)
(39.709797, 28.943146, 0.0)
(39.704060, 28.975775, 0.0)
(39.684639, 29.003820, 0.0)
(39.685982, 28.994278, 0.0)
(39.676929, 28.939610, 0.0)
(39.672474, 28.925541, 0.0)
(39.672737, 28.928144, 0.0)
(39.669167, 28.956381, 0.0)
(39.669685, 28.985655, 0.0)
(39.657185, 28.966209, 0.0)
(39.623791, 28.899155, 0.0)
(39.605770, 28.875835, 0.0)
(39.620575, 28.853256, 0.0)
(39.594143, 28.899866, 0.0)
(39.589714, 28.912355, 0.0)
(39.572975, 28.878746, 0.0)
(39.564133, 28.900604, 0.0)
(40.060703, 28.793734, 0.0)
(42.735909, 28.078234, 0.0)
(43.760559, 28.031914, 0.0)
(43.811409, 28.041626, 0.0)
(43.801220, 28.048828, 0.0)
(43.792927, 28.075329, 0.0)
(43.816483, 28.068226, 0.0)
(43.786373, 27.977465, 0.0)
(44.519283, 28.553341, 0.0)
(44.547924, 28.522100, 0.0)
(44.507957, 28.569571, 0.0)
(44.536240, 28.580830, 0.0)
(44.579266, 28.592052, 0.0)
(44.608521, 28.650883, 0.0)
(44.609955, 28.641525, 0.0)
(44.593960, 28.634268, 0.0)
(44.605469, 28.703197, 0.0)
(44.608166, 28.740967, 0.0)
(44.603561, 28.773825, 0.0)
(44.588333, 28.815350, 0.0)
(44.588402, 28.757504, 0.0)
(44.545990, 28.654791, 0.0)
(44.529659, 28.640947, 0.0)
(44.544804, 28.654545, 0.0)
(44.528236, 28.683762, 0.0)
(44.514427, 28.659786, 0.0)
(44.531120, 28.641356, 0.0)
(44.490456, 28.610109, 0.0)
(44.483238, 28.468718, 0.0)
(44.462723, 28.479477, 0.0)
(44.483238, 28.468718, 0.0)
(44.473469, 28.495338, 0.0)
(44.478619, 28.523802, 0.0)
(42.368446, 27.109995, 0.0)
(38.032864, 25.429558, 0.0)
(35.028557, 25.158459, 0.0)
(34.975079, 25.072769, 0.0)
(34.980782, 24.967722, 0.0)
(34.995792, 24.894640, 0.0)
(35.005451, 24.825020, 0.0)
(35.570358, 24.810087, 0.0)
(35.581356, 24.716764, 0.0)
(35.561340, 24.610025, 0.0)
(35.563446, 24.606125, 0.0)
(35.524628, 24.612597, 0.0)
(35.126747, 24.562813, 0.0)
(35.073029, 24.528605, 0.0)
(35.074581, 24.501741, 0.0)
(35.021751, 24.444902, 0.0)
(35.284248, 24.427626, 0.0)
(35.637428, 24.547234, 0.0)
(35.647591, 24.560835, 0.0)
(35.629341, 24.566065, 0.0)
(35.634834, 24.557783, 0.0)
(35.621540, 24.568029, 0.0)
(35.625832, 24.535097, 0.0)
(35.610870, 24.517622, 0.0)
(35.270775, 24.398472, 0.0)
(35.209621, 24.410185, 0.0)
(35.228992, 24.464626, 0.0)
(35.258339, 24.449598, 0.0)
(35.220634, 24.375092, 0.0)
(35.213085, 24.355835, 0.0)
(35.225414, 24.336298, 0.0)
(35.227142, 24.363733, 0.0)
(35.260197, 24.377930, 0.0)
(35.295338, 24.390406, 0.0)
(35.299549, 24.414881, 0.0)
(35.306103, 24.404846, 0.0)
(35.295113, 24.397926, 0.0)
(35.041183, 24.307016, 0.0)
(32.534283, 23.222248, 0.0)
(31.370668, 22.830412, 0.0)
(31.263918, 22.815472, 0.0)
(31.230314, 22.755100, 0.0)
(31.181442, 22.519587, 0.0)
(31.133871, 22.345247, 0.0)
(31.103159, 22.371799, 0.0)
(31.066532, 22.388540, 0.0)
(31.049816, 22.350462, 0.0)
(31.038704, 22.323044, 0.0)
(30.921814, 22.418354, 0.0)
(30.892284, 22.354479, 0.0)
(30.892284, 22.354479, 0.0)
(30.895288, 22.369940, 0.0)
(30.888460, 22.395441, 0.0)
(30.881531, 22.412653, 0.0)
(30.895845, 22.374456, 0.0)
(30.892355, 22.268215, 0.0)
(30.875341, 22.188679, 0.0)
(30.884094, 22.201227, 0.0)
(30.890606, 22.243200, 0.0)
(30.882860, 22.248873, 0.0)
(30.881630, 22.264700, 0.0)
(30.888023, 22.322720, 0.0)
(30.873016, 22.271355, 0.0)
(30.841669, 22.274187, 0.0)
(30.814890, 22.261572, 0.0)
(30.815626, 22.296021, 0.0)
(30.813334, 22.306704, 0.0)
(30.842073, 22.295918, 0.0)
(30.794191, 22.210213, 0.0)
(30.786152, 22.162172, 0.0)
(30.778873, 22.179146, 0.0)
(30.778946, 22.212944, 0.0)
(30.794823, 22.233900, 0.0)
(30.790543, 22.238071, 0.0)
(30.808966, 22.234077, 0.0)
(30.816513, 22.198502, 0.0)
(32.061787, 22.438267, 0.0)
(36.888168, 25.577494, 0.0)
(39.772324, 28.912958, 0.0)
(40.685585, 31.693090, 0.0)
(40.937653, 32.059948, 0.0)
(41.006283, 31.866667, 0.0)
(40.980904, 31.700788, 0.0)
(40.967346, 31.706959, 0.0)
(40.969002, 31.716902, 0.0)
(40.977028, 31.705639, 0.0)
(40.971733, 31.741623, 0.0)
(40.980473, 31.706446, 0.0)
(40.967560, 31.613771, 0.0)
(41.016739, 31.846554, 0.0)
(41.018375, 31.925289, 0.0)
(41.030296, 31.923342, 0.0)
(41.034885, 31.927780, 0.0)
(41.024422, 31.965998, 0.0)
(41.048283, 31.941051, 0.0)
(41.013378, 31.875517, 0.0)
(41.005878, 31.860092, 0.0)
(41.027367, 31.882948, 0.0)
(41.016762, 31.891130, 0.0)
(41.017853, 31.870462, 0.0)
(41.014359, 31.845015, 0.0)
(41.005039, 31.839479, 0.0)
(41.011600, 31.823696, 0.0)
(41.011993, 31.814129, 0.0)
(41.014359, 31.845015, 0.0)
(41.036797, 31.850357, 0.0)
(41.034618, 31.881657, 0.0)
(41.039005, 31.872540, 0.0)
(41.041641, 31.799343, 0.0)
(40.977402, 31.441959, 0.0)
(40.815224, 31.152983, 0.0)
(40.817734, 31.156044, 0.0)
(40.806221, 31.186459, 0.0)
(40.803596, 31.175726, 0.0)
(40.803596, 31.175726, 0.0)
(40.792004, 31.201700, 0.0)
(41.364349, 30.946753, 0.0)
(43.675377, 29.461929, 0.0)
(44.035740, 28.928595, 0.0)
(44.035816, 28.914389, 0.0)
(44.025635, 28.937178, 0.0)
(44.073795, 28.942883, 0.0)
(44.148483, 28.985577, 0.0)
(44.322876, 29.215416, 0.0)
(44.332382, 29.212112, 0.0)
(44.373245, 29.204395, 0.0)
(44.400734, 29.216061, 0.0)
(44.395859, 29.209223, 0.0)
(44.412998, 29.255293, 0.0)
(44.412998, 29.255293, 0.0)
(44.412998, 29.255293, 0.0)
(44.413868, 29.275455, 0.0)
(44.441051, 29.323658, 0.0)
(44.429115, 29.340853, 0.0)
(44.388897, 29.330561, 0.0)
(44.399120, 29.326168, 0.0)
(44.353455, 29.251011, 0.0)
(44.353230, 29.225126, 0.0)
(44.373119, 29.263165, 0.0)
(44.355991, 29.265862, 0.0)
(44.343990, 29.230015, 0.0)
(44.340969, 29.239058, 0.0)
(44.333153, 29.284834, 0.0)
(44.293800, 29.327890, 0.0)
(44.212921, 29.204325, 0.0)
(44.257294, 29.262278, 0.0)
(44.275791, 29.324308, 0.0)
(44.276669, 29.332264, 0.0)
(44.291710, 29.320728, 0.0)
(44.197147, 29.188894, 0.0)
(44.192135, 29.160061, 0.0)
(44.094322, 28.981686, 0.0)
(41.238476, 25.737673, 0.0)
(40.920902, 25.362753, 0.0)
(40.994835, 25.334564, 0.0)
(41.032497, 25.305443, 0.0)
(41.080944, 25.215227, 0.0)
(41.106468, 25.123024, 0.0)
(40.928543, 24.784838, 0.0)
(40.890923, 24.693537, 0.0)
(40.900311, 24.682919, 0.0)
(40.931297, 24.703918, 0.0)
(40.953083, 24.618048, 0.0)
(40.934555, 24.575718, 0.0)
(40.922920, 24.469982, 0.0)
(40.945995, 24.487034, 0.0)
(41.139481, 24.571838, 0.0)
(41.164856, 24.559999, 0.0)
(41.173161, 24.538111, 0.0)
(41.191971, 24.547043, 0.0)
(41.115120, 24.471489, 0.0)
(41.094185, 24.450674, 0.0)
(41.102642, 24.492308, 0.0)
(41.111069, 24.532330, 0.0)
(41.085373, 24.526035, 0.0)
(41.088188, 24.517742, 0.0)
(41.030991, 24.494843, 0.0)
(40.555710, 24.414324, 0.0)
(40.487267, 24.432650, 0.0)
(40.512234, 24.452513, 0.0)
(40.509445, 24.498758, 0.0)
(40.497517, 24.477211, 0.0)
(40.493858, 24.509747, 0.0)
(40.496338, 24.478632, 0.0)
(40.478348, 24.481714, 0.0)
(40.483906, 24.492558, 0.0)
(40.474598, 24.511242, 0.0)
(40.479424, 24.550182, 0.0)
(40.449417, 24.569389, 0.0)
(40.361904, 24.517225, 0.0)
(37.514221, 26.655527, 0.0)
(35.554264, 28.211920, 0.0)
(35.227642, 28.453884, 0.0)
(35.407097, 28.471928, 0.0)
(35.405418, 28.420938, 0.0)
(35.385761, 28.389223, 0.0)
(35.380112, 28.377800, 0.0)
(35.369076, 28.326174, 0.0)
(35.341373, 28.248726, 0.0)
(35.339573, 28.274899, 0.0)
(35.364182, 28.337826, 0.0)
(35.332630, 28.386950, 0.0)
(35.381512, 28.338129, 0.0)
(35.542198, 27.998508, 0.0)
(35.527683, 27.945019, 0.0)
(35.543011, 27.919275, 0.0)
(35.545860, 27.925064, 0.0)
(35.525238, 27.882963, 0.0)
(35.526886, 27.917088, 0.0)
(35.536831, 27.926651, 0.0)
(35.525639, 27.877703, 0.0)
(35.522114, 27.874813, 0.0)
(35.512875, 27.859791, 0.0)
(35.527740, 27.867020, 0.0)
(35.532948, 27.909275, 0.0)
(35.532581, 27.927273, 0.0)
(35.509735, 27.868729, 0.0)
(35.499683, 27.777117, 0.0)
(35.499695, 27.759178, 0.0)
(35.510937, 27.767290, 0.0)
(35.507942, 27.763756, 0.0)
(35.479416, 27.779848, 0.0)
(35.477936, 27.769350, 0.0)
(35.470478, 27.721884, 0.0)
(35.446976, 27.661539, 0.0)
(35.422787, 27.663063, 0.0)
(35.430077, 27.712975, 0.0)
(37.818871, 27.059317, 0.0)
(41.139240, 26.816988, 0.0)
(43.057354, 27.629723, 0.0)
(43.458641, 27.631004, 0.0)
(43.512196, 27.488619, 0.0)
(43.525829, 27.442736, 0.0)
(43.533169, 27.440781, 0.0)
(43.552658, 27.419052, 0.0)
(43.552071, 26.939243, 0.0)
(43.607746, 26.854521, 0.0)
(43.611332, 26.815176, 0.0)
(43.602962, 26.762827, 0.0)
(43.598949, 26.757483, 0.0)
(43.615852, 26.792135, 0.0)
(43.596901, 26.791672, 0.0)
(43.606937, 26.786264, 0.0)
(43.582561, 26.705290, 0.0)
(43.598042, 26.701187, 0.0)
(43.590111, 26.662401, 0.0)
(43.572910, 26.713627, 0.0)
(43.610348, 26.746532, 0.0)
(43.597687, 26.749388, 0.0)
(43.592144, 26.796595, 0.0)
(43.578968, 26.776232, 0.0)
(43.568737, 26.774338, 0.0)
(43.576740, 26.813015, 0.0)
(43.567055, 26.835606, 0.0)
(43.549290, 26.842812, 0.0)
(43.590691, 26.878290, 0.0)
(43.612751, 26.874573, 0.0)
(43.550091, 26.846336, 0.0)
(43.552387, 26.834700, 0.0)
(43.572552, 26.862812, 0.0)
(43.581245, 26.904518, 0.0)
(43.574951, 26.960171, 0.0)
(43.558865, 26.986439, 0.0)
(43.551556, 26.974764, 0.0)
(43.533020, 26.902483, 0.0)
(43.481003, 26.830282, 0.0)
(39.987896, 24.530106, 0.0)
(35.925030, 23.356524, 0.0)
(33.416645, 23.696526, 0.0)
(33.205612, 23.606892, 0.0)
(33.173153, 23.417974, 0.0)
(33.118561, 23.336018, 0.0)
(32.954823, 23.238155, 0.0)
(32.858566, 23.072205, 0.0)
(32.800827, 23.049210, 0.0)
(32.786205, 23.013062, 0.0)
(32.798695, 22.989370, 0.0)
(32.758045, 22.892307, 0.0)
(32.760666, 22.876635, 0.0)
(32.787560, 22.884674, 0.0)
(32.765686, 22.870546, 0.0)
(32.752678, 22.875769, 0.0)
(32.756901, 22.850954, 0.0)
(32.738003, 22.798248, 0.0)
(32.711803, 22.772221, 0.0)
(32.723881, 22.766506, 0.0)
(32.722702, 22.816904, 0.0)
(32.721386, 22.817041, 0.0)
(32.696548, 22.874491, 0.0)
(32.725445, 22.903288, 0.0)
(32.730686, 22.883242, 0.0)
(32.718842, 22.839464, 0.0)
(32.726147, 22.857079, 0.0)
(32.706497, 22.914524, 0.0)
(32.712566, 22.943991, 0.0)
(33.325359, 23.227009, 0.0)
(33.448032, 23.187948, 0.0)
(33.365295, 23.116514, 0.0)
(33.348198, 23.114916, 0.0)
(33.392555, 23.119755, 0.0)
(33.409969, 23.167595, 0.0)
(33.416439, 23.185188, 0.0)
(33.429836, 23.220373, 0.0)
(33.367081, 23.219532, 0.0)
(30.356590, 23.920719, 0.0)
(28.791908, 24.244017, 0.0)
(28.674387, 24.247869, 0.0)
(28.657864, 24.244858, 0.0)
(28.650566, 24.260063, 0.0)
(28.392103, 24.109875, 0.0)
(28.152988, 23.938677, 0.0)
(28.096085, 23.901583, 0.0)
(28.047369, 23.887064, 0.0)
(28.043196, 23.882170, 0.0)
(28.023121, 23.910669, 0.0)
(28.034401, 23.893934, 0.0)
(28.037483, 23.866220, 0.0)
(28.040291, 23.826031, 0.0)
(28.020176, 23.786510, 0.0)
(28.004217, 23.796856, 0.0)
(28.031605, 23.795422, 0.0)
(28.054642, 23.844360, 0.0)
(28.072254, 23.893955, 0.0)
(28.072254, 23.893955, 0.0)
(28.019310, 23.856632, 0.0)
(28.008621, 23.940548, 0.0)
(28.392147, 25.131088, 0.0)
(28.911188, 27.003717, 0.0)
(29.298357, 28.116100, 0.0)
(29.444897, 28.449453, 0.0)
(29.411890, 28.407656, 0.0)
(29.389788, 28.312716, 0.0)
(29.357637, 28.272200, 0.0)
(29.341959, 28.296778, 0.0)
(29.330334, 28.115744, 0.0)
(29.199091, 26.936695, 0.0)
(29.138039, 26.865021, 0.0)
(29.068687, 26.861036, 0.0)
(29.064127, 26.794931, 0.0)
(29.046326, 26.803104, 0.0)
(29.045420, 26.902983, 0.0)
(29.038891, 26.932230, 0.0)
(29.034462, 26.953672, 0.0)
(32.475605, 25.620039, 0.0)
(37.305752, 24.686085, 0.0)
(39.237720, 24.787615, 0.0)
(39.466656, 24.703709, 0.0)
(39.493065, 24.646154, 0.0)
(39.560585, 24.621647, 0.0)
(39.577641, 24.607948, 0.0)
(39.614292, 24.547522, 0.0)
(39.600403, 24.456280, 0.0)
(39.565895, 24.370083, 0.0)
(39.590641, 24.348034, 0.0)
(39.591671, 24.353111, 0.0)
(39.496021, 24.384838, 0.0)
(38.552162, 25.337729, 0.0)
(39.022919, 24.912626, 0.0)
(39.039783, 24.161690, 0.0)
(39.085152, 24.174898, 0.0)
(39.105148, 24.245214, 0.0)
(39.163742, 24.242702, 0.0)
(39.196934, 24.222712, 0.0)
(39.138893, 24.155165, 0.0)
(39.145245, 24.118729, 0.0)
(39.137634, 24.134207, 0.0)
(39.141575, 24.219290, 0.0)
(39.280243, 24.220394, 0.0)
(39.437836, 24.115191, 0.0)
(39.435402, 24.109772, 0.0)
(39.469913, 24.098589, 0.0)
(39.502831, 24.082985, 0.0)
(39.489483, 24.059193, 0.0)
(39.498653, 24.044653, 0.0)
(39.519840, 24.077271, 0.0)
(39.534206, 24.072149, 0.0)
(39.523357, 24.007183, 0.0)
(38.172634, 26.777905, 0.0)
(35.636845, 30.086163, 0.0)
(33.576565, 30.876205, 0.0)
(33.273335, 31.215691, 0.0)
(33.166676, 31.168539, 0.0)
(33.118816, 31.062513, 0.0)
(33.081577, 31.049723, 0.0)
(33.021595, 31.026703, 0.0)
(32.993603, 30.988802, 0.0)
(32.960884, 31.003229, 0.0)
(32.928604, 30.999418, 0.0)
(32.895893, 31.020243, 0.0)
(32.890160, 31.020798, 0.0)
(32.861870, 30.993261, 0.0)
(32.852909, 30.960100, 0.0)
(32.847034, 30.992336, 0.0)
(33.801846, 29.381304, 0.0)
(35.891518, 26.849730, 0.0)
(36.004921, 26.656956, 0.0)
(36.005142, 26.617586, 0.0)
(35.950867, 26.553846, 0.0)
(35.941528, 26.537096, 0.0)
(35.933308, 26.567553, 0.0)
(35.927570, 26.615385, 0.0)
(35.915813, 26.677670, 0.0)
(35.929340, 26.674809, 0.0)
(35.928825, 26.620714, 0.0)
(35.924717, 26.600527, 0.0)
(35.933216, 26.641045, 0.0)
(35.957886, 26.667068, 0.0)
(35.971966, 26.692532, 0.0)
(35.922939, 26.699881, 0.0)
(35.933632, 26.690441, 0.0)
(35.901386, 26.659035, 0.0)
(35.867947, 26.659370, 0.0)
(35.858604, 26.648193, 0.0)
(35.862968, 26.634298, 0.0)
(35.763329, 25.824821, 0.0)
(35.144974, 23.863886, 0.0)
(35.090309, 23.623404, 0.0)
(35.076103, 23.505680, 0.0)
(35.104267, 23.462282, 0.0)
(35.119404, 23.255077, 0.0)
(35.080341, 23.004871, 0.0)
(35.077106, 22.965914, 0.0)
(35.138710, 22.959541, 0.0)
(35.148849, 22.864573, 0.0)
(35.140816, 22.825546, 0.0)
(35.123116, 22.803394, 0.0)
(35.146931, 22.820532, 0.0)
(35.132130, 22.842398, 0.0)
(35.213089, 22.787483, 0.0)
(35.167076, 22.726061, 0.0)
(35.150314, 22.691410, 0.0)
(35.183846, 22.674000, 0.0)
(35.255405, 22.776272, 0.0)
(35.264549, 22.771221, 0.0)
(35.255405, 22.776272, 0.0)
(35.255405, 22.776272, 0.0)
(35.255985, 22.751648, 0.0)
(35.257839, 22.736643, 0.0)
(35.270447, 22.733618, 0.0)
(35.296055, 22.787680, 0.0)
(35.310459, 22.827295, 0.0)
(35.290730, 22.817879, 0.0)
(35.250156, 22.771536, 0.0)
(35.221977, 22.739256, 0.0)
(35.236000, 22.754673, 0.0)
(35.231400, 22.803394, 0.0)
(35.245548, 22.787058, 0.0)
(35.231266, 22.805609, 0.0)
(35.250866, 22.815825, 0.0)
(35.245644, 22.790924, 0.0)
(35.256969, 22.744883, 0.0)
(39.016403, 24.080309, 0.0)
(42.205441, 26.431170, 0.0)
(43.760315, 28.389946, 0.0)
(44.164074, 28.952663, 0.0)
(44.113445, 28.793098, 0.0)
(44.121048, 28.716019, 0.0)
(44.150452, 28.715277, 0.0)
(43.907566, 28.402887, 0.0)
(43.897545, 28.276640, 0.0)
(43.900230, 28.300949, 0.0)
(43.638382, 28.386461, 0.0)
(43.355064, 27.867287, 0.0)
(43.371735, 27.665279, 0.0)
(43.406910, 27.719023, 0.0)
(43.413441, 27.720785, 0.0)
(43.435101, 27.761269, 0.0)
(43.448364, 27.846035, 0.0)
(43.455425, 27.849401, 0.0)
(43.443336, 27.885315, 0.0)
(43.440289, 27.896198, 0.0)
(43.430107, 27.877615, 0.0)
(43.426373, 27.868296, 0.0)
(43.416389, 27.876581, 0.0)
(43.411030, 27.908438, 0.0)
(43.374500, 27.950327, 0.0)
(43.389374, 27.873972, 0.0)
(43.365448, 27.814472, 0.0)
(43.338936, 27.758650, 0.0)
(43.351772, 27.746052, 0.0)
(43.362164, 27.750607, 0.0)
(43.365757, 27.741400, 0.0)
(43.362358, 27.749401, 0.0)
(42.924076, 27.475073, 0.0)
(41.267139, 26.225788, 0.0)
(41.246750, 26.143139, 0.0)
(41.318600, 26.107641, 0.0)
(41.355724, 26.128567, 0.0)
(41.404747, 26.154146, 0.0)
(41.425995, 26.153244, 0.0)
(41.445568, 26.077103, 0.0)
(40.890327, 25.713640, 0.0)
(40.812553, 25.626589, 0.0)
(40.856594, 25.624346, 0.0)
(40.861195, 25.601391, 0.0)
(40.877201, 25.592014, 0.0)
(40.890629, 25.591763, 0.0)
(41.199558, 25.629316, 0.0)
(41.287373, 25.567320, 0.0)
(41.275673, 25.564451, 0.0)
(41.281101, 25.569300, 0.0)
(41.305828, 25.614115, 0.0)
(41.297569, 25.610209, 0.0)
(41.307812, 25.600563, 0.0)
(41.312046, 25.590988, 0.0)
(41.284798, 25.515177, 0.0)
(41.292126, 25.544205, 0.0)
(41.288193, 25.545654, 0.0)
(41.284111, 25.547367, 0.0)
(41.286961, 25.591656, 0.0)
(41.254593, 25.588446, 0.0)
(41.249298, 25.549685, 0.0)
(41.237202, 25.515186, 0.0)
(41.223316, 25.528025, 0.0)
(41.228279, 25.562130, 0.0)
(41.215149, 25.600468, 0.0)
(41.222080, 25.634762, 0.0)
(41.232620, 25.691271, 0.0)
(41.221191, 25.606915, 0.0)
(41.188732, 25.588104, 0.0)
(41.181137, 25.613976, 0.0)
(41.187794, 25.673712, 0.0)
(41.156406, 25.719034, 0.0)
(40.488476, 25.553499, 0.0)
(36.207268, 25.439926, 0.0)
(32.623810, 27.889795, 0.0)
(30.391367, 29.597443, 0.0)
(29.537134, 30.284241, 0.0)
(29.477242, 30.246729, 0.0)
(29.356630, 30.176540, 0.0)
(28.964062, 29.960201, 0.0)
(28.559748, 29.817530, 0.0)
(28.512783, 29.766674, 0.0)
(28.494461, 29.629736, 0.0)
(28.485275, 29.594622, 0.0)
(28.395372, 29.377611, 0.0)
(28.379967, 29.349443, 0.0)
(28.360350, 29.316315, 0.0)
(28.379587, 29.272615, 0.0)
(28.368959, 29.230944, 0.0)
(28.320498, 29.215879, 0.0)
(28.351141, 29.198648, 0.0)
(28.339960, 29.237194, 0.0)
(28.294783, 29.286942, 0.0)
(28.303085, 29.298311, 0.0)
(28.319393, 29.246134, 0.0)
(28.271578, 29.143772, 0.0)
(28.257313, 29.069443, 0.0)
(28.253204, 29.062628, 0.0)
(28.257601, 29.097343, 0.0)
(28.250238, 29.087906, 0.0)
(28.250238, 29.087906, 0.0)
(28.251127, 29.102648, 0.0)
(28.248030, 29.087179, 0.0)
(28.237074, 29.045847, 0.0)
(28.248878, 29.051352, 0.0)
(28.246202, 29.075531, 0.0)
(28.238455, 29.095076, 0.0)
(28.244993, 29.104584, 0.0)
(28.255842, 29.070213, 0.0)
(29.026443, 28.823471, 0.0)
(33.557640, 27.754137, 0.0)
(37.802731, 27.789526, 0.0)
(40.692879, 29.579374, 0.0)
(42.246342, 31.001297, 0.0)
(42.576641, 31.354376, 0.0)
(42.643620, 31.350361, 0.0)
(42.658417, 31.253305, 0.0)
(43.175865, 32.218555, 0.0)
(43.215416, 32.306324, 0.0)
(43.262878, 32.220932, 0.0)
(43.285347, 32.250366, 0.0)
(43.313072, 32.237278, 0.0)
(43.302013, 32.186928, 0.0)
(43.324188, 32.115356, 0.0)
(43.311253, 32.065132, 0.0)
(43.316719, 32.071907, 0.0)
(43.324776, 32.087234, 0.0)
(43.333889, 32.128410, 0.0)
(43.300079, 32.145287, 0.0)
(43.183823, 32.025658, 0.0)
(42.088573, 32.799999, 0.0)
(42.175629, 31.915119, 0.0)
(42.205635, 31.745405, 0.0)
(42.216076, 31.779346, 0.0)
(42.229286, 31.743999, 0.0)
(42.220463, 31.693882, 0.0)
(42.221748, 31.667528, 0.0)
(42.246059, 31.733059, 0.0)
(42.242592, 31.786819, 0.0)
(42.249222, 31.848030, 0.0)
(42.257183, 31.856754, 0.0)
(42.258030, 31.862331, 0.0)
(42.256222, 31.836107, 0.0)
(42.571186, 29.725616, 0.0)
(42.622410, 28.731886, 0.0)
(42.635201, 28.721910, 0.0)
(42.682602, 28.233362, 0.0)
(42.685345, 27.634750, 0.0)
(42.705067, 27.532089, 0.0)
(42.682911, 27.391617, 0.0)
(42.674911, 27.341034, 0.0)
(42.712502, 27.350639, 0.0)
(42.732220, 27.368158, 0.0)
(42.740864, 27.333925, 0.0)
(42.779961, 27.324816, 0.0)
(42.801556, 27.274578, 0.0)
(42.835205, 27.252678, 0.0)
(42.821377, 27.194212, 0.0)
(42.831680, 27.206345, 0.0)
(42.827209, 27.228640, 0.0)
(42.792866, 27.259182, 0.0)
(42.817284, 27.255802, 0.0)
(42.824078, 27.207932, 0.0)
(42.745213, 27.142773, 0.0)
(42.763687, 27.165869, 0.0)
(42.814190, 27.193205, 0.0)
(42.799496, 27.237738, 0.0)
(42.776905, 27.266088, 0.0)
(42.799576, 27.257467, 0.0)
(42.787766, 27.188135, 0.0)
(42.753311, 27.168365, 0.0)
(42.753124, 27.169518, 0.0)
(42.782951, 27.192408, 0.0)
(42.761330, 27.233400, 0.0)
(42.765663, 27.253601, 0.0)
(42.790672, 27.185711, 0.0)
(42.762550, 27.132135, 0.0)
(42.749584, 27.081638, 0.0)
(42.723019, 27.047272, 0.0)
(42.777924, 27.158058, 0.0)
(42.808182, 27.181833, 0.0)
(42.844143, 27.141294, 0.0)
(42.809101, 27.133381, 0.0)
(38.942028, 25.751179, 0.0)
(34.736851, 25.916164, 0.0)
(31.840305, 27.782061, 0.0)
(30.387110, 29.049685, 0.0)
(30.083914, 29.282240, 0.0)
(30.039700, 29.181194, 0.0)
(29.981194, 29.079689, 0.0)
(29.062830, 29.862877, 0.0)
(28.988527, 29.985487, 0.0)
(29.011904, 29.981607, 0.0)
(28.961689, 29.974598, 0.0)
(28.917774, 30.006475, 0.0)
(28.915541, 29.981539, 0.0)
(28.789431, 30.027252, 0.0)
(28.611643, 30.300844, 0.0)
(28.587128, 30.309767, 0.0)
(28.586584, 30.299332, 0.0)
(28.438156, 30.337831, 0.0)
(28.657850, 31.979094, 0.0)
(28.513037, 30.986122, 0.0)
(28.382479, 30.427803, 0.0)
(28.383301, 30.207521, 0.0)
(28.397020, 30.190044, 0.0)
(28.419008, 30.220093, 0.0)
(28.389755, 30.214977, 0.0)
(28.411367, 30.201923, 0.0)
(28.445152, 30.172552, 0.0)
(28.423735, 30.184029, 0.0)
(28.402647, 30.232979, 0.0)
(28.406734, 30.146049, 0.0)
(28.358822, 30.078001, 0.0)
(28.367903, 30.073605, 0.0)
(28.408663, 30.069620, 0.0)
(28.919630, 29.097424, 0.0)
(30.989697, 25.554647, 0.0)
(31.044773, 24.961260, 0.0)
(31.043522, 24.856195, 0.0)
(31.037374, 24.745863, 0.0)
(31.008692, 24.706257, 0.0)
(31.002869, 24.674519, 0.0)
(31.006344, 24.632271, 0.0)
(31.010361, 24.635281, 0.0)
(31.017265, 24.558329, 0.0)
(30.997995, 24.477671, 0.0)
(31.042559, 24.407068, 0.0)
(31.051373, 24.182449, 0.0)
(31.041927, 24.162081, 0.0)
(31.032829, 24.196880, 0.0)
(31.027399, 24.200079, 0.0)
(31.011717, 24.189606, 0.0)
(31.000605, 24.170021, 0.0)
(30.993406, 24.190760, 0.0)
(31.016968, 24.196129, 0.0)
(31.014469, 24.218325, 0.0)
(31.025993, 24.241123, 0.0)
(31.044220, 24.224052, 0.0)
(31.018360, 24.176199, 0.0)
(31.009123, 24.137163, 0.0)
(31.024118, 24.143744, 0.0)
(31.014036, 24.183613, 0.0)
(31.047276, 24.164526, 0.0)
(31.037216, 24.214516, 0.0)
(31.133381, 24.176588, 0.0)
(32.181732, 24.193869, 0.0)
(32.217613, 24.135386, 0.0)
(32.215031, 24.096407, 0.0)
(32.218235, 24.099686, 0.0)
(32.218502, 24.136032, 0.0)
(32.223900, 24.174522, 0.0)
(32.233250, 24.123798, 0.0)
(32.230469, 24.116951, 0.0)
(33.168594, 24.336075, 0.0)
(37.856449, 27.113846, 0.0)
(39.502251, 28.046833, 0.0)
(39.638580, 28.007591, 0.0)
(39.651150, 27.967611, 0.0)
(39.671307, 27.919954, 0.0)
(39.680984, 27.873806, 0.0)
(39.680107, 27.834570, 0.0)
(39.688107, 27.672106, 0.0)
(39.634289, 27.509314, 0.0)
(39.623573, 27.517853, 0.0)
(39.629913, 27.532963, 0.0)
(39.589642, 27.475809, 0.0)
(39.583233, 27.431229, 0.0)
(39.585262, 27.424004, 0.0)
(39.529083, 27.467186, 0.0)
(39.487404, 28.574165, 0.0)
(39.385277, 28.202009, 0.0)
(39.359009, 27.562557, 0.0)
(39.355259, 27.404282, 0.0)
(39.385941, 27.452595, 0.0)
(39.400185, 27.540293, 0.0)
(39.387962, 27.592892, 0.0)
(39.396484, 27.595417, 0.0)
(39.400673, 27.589048, 0.0)
(39.358608, 27.521252, 0.0)
(39.339592, 27.451296, 0.0)
(39.357910, 27.475113, 0.0)
(39.361240, 27.516821, 0.0)
(39.348053, 27.503321, 0.0)
(39.358688, 27.533493, 0.0)
(39.357628, 27.497202, 0.0)
(39.368179, 27.471823, 0.0)
(39.355495, 27.482372, 0.0)
(39.360287, 27.501684, 0.0)
(39.357471, 27.551945, 0.0)
(39.368454, 27.571142, 0.0)
(39.378345, 27.576527, 0.0)
(39.400982, 27.538897, 0.0)
(39.392838, 27.475565, 0.0)
(39.391186, 27.465420, 0.0)
(39.398605, 27.473822, 0.0)
(38.823956, 25.184681, 0.0)
(38.355648, 24.164845, 0.0)
(38.276367, 24.098158, 0.0)
(38.229408, 24.024002, 0.0)
(38.183571, 23.941225, 0.0)
(38.140579, 23.900204, 0.0)
(37.034885, 22.205332, 0.0)
(36.851044, 21.954241, 0.0)
(36.832409, 21.919353, 0.0)
(36.820381, 21.830143, 0.0)
(36.933880, 21.338909, 0.0)
(36.917553, 21.222225, 0.0)
(36.900951, 21.134289, 0.0)
(36.932278, 21.061218, 0.0)
(36.898342, 21.083168, 0.0)
(36.913357, 20.993315, 0.0)
(36.918114, 20.994844, 0.0)
(36.928196, 20.960035, 0.0)
(36.924652, 20.905136, 0.0)
(36.883797, 20.885780, 0.0)
(36.877033, 20.940659, 0.0)
(36.962173, 21.113117, 0.0)
(36.892147, 21.364353, 0.0)
(36.877693, 21.376993, 0.0)
(36.904312, 21.324696, 0.0)
(36.879822, 21.294201, 0.0)
(36.866032, 21.279963, 0.0)
(36.870346, 21.302750, 0.0)
(36.838253, 21.339645, 0.0)
(36.902000, 21.388985, 0.0)
(36.909721, 21.510006, 0.0)
(36.906521, 21.511297, 0.0)
(36.859428, 21.489361, 0.0)
(36.846241, 21.491468, 0.0)
(37.378532, 21.712744, 0.0)
(40.897301, 23.719410, 0.0)
(42.644146, 25.109903, 0.0)
(43.300964, 25.534725, 0.0)
(43.650723, 25.581190, 0.0)
(43.701759, 25.358818, 0.0)
(43.696381, 25.238867, 0.0)
(43.724606, 25.229551, 0.0)
(43.594158, 24.778948, 0.0)
(43.558891, 24.700100, 0.0)
(43.583740, 24.727707, 0.0)
(43.600582, 24.703465, 0.0)
(43.592468, 24.642567, 0.0)
(43.587036, 24.610163, 0.0)
(43.582123, 24.612383, 0.0)
(43.593266, 24.564297, 0.0)
(43.592113, 24.575937, 0.0)
(43.621941, 24.561590, 0.0)
(43.624531, 24.509298, 0.0)
(43.514149, 24.478632, 0.0)
(43.103973, 25.078062, 0.0)
(43.176044, 24.421646, 0.0)
(43.174496, 24.449045, 0.0)
(43.263878, 24.509481, 0.0)
(43.281670, 24.394958, 0.0)
(43.285812, 24.326035, 0.0)
(43.306168, 24.365162, 0.0)
(43.327351, 24.386576, 0.0)
(43.334263, 24.387512, 0.0)
(43.366306, 24.443785, 0.0)
(43.355904, 24.406279, 0.0)
(43.340187, 24.367413, 0.0)
(43.354969, 24.341614, 0.0)
(43.354969, 24.341614, 0.0)
(43.333439, 24.368027, 0.0)
(42.611660, 25.651751, 0.0)
(42.595013, 25.639423, 0.0)
(42.628838, 25.592154, 0.0)
(42.653347, 25.535675, 0.0)
(42.644173, 25.510201, 0.0)
(42.668694, 25.531445, 0.0)
(42.703228, 25.568760, 0.0)
(42.660610, 25.594505, 0.0)
(42.669468, 25.639721, 0.0)
(42.702496, 25.633265, 0.0)
(42.702015, 25.562256, 0.0)
(42.695923, 25.535049, 0.0)
(42.716587, 25.554216, 0.0)
(42.712029, 25.580481, 0.0)
(42.676918, 25.614578, 0.0)
(42.715237, 25.671408, 0.0)
(42.750343, 25.705494, 0.0)
(42.747135, 25.613111, 0.0)
(42.744076, 25.597605, 0.0)
(42.739967, 25.664370, 0.0)
(42.743477, 25.707952, 0.0)
(42.752487, 25.742079, 0.0)
(42.746517, 25.762566, 0.0)
(42.666245, 25.675308, 0.0)
(42.636864, 25.578169, 0.0)
(42.640621, 25.542175, 0.0)
(42.646557, 25.575701, 0.0)
(42.627754, 25.580580, 0.0)
(42.620754, 25.593134, 0.0)
(42.669540, 25.598957, 0.0)
(42.637806, 25.573290, 0.0)
(42.604240, 25.486155, 0.0)
(42.594112, 25.487926, 0.0)
(42.606411, 25.509472, 0.0)
(42.610649, 25.524954, 0.0)
(42.596737, 25.572983, 0.0)
(42.609760, 25.518116, 0.0)
(42.579666, 25.428347, 0.0)
(42.533577, 25.387367, 0.0)
(42.121296, 25.323076, 0.0)
(38.045795, 26.134192, 0.0)
(34.155834, 28.173336, 0.0)
(31.783913, 30.024525, 0.0)
(31.411230, 30.857355, 0.0)
(31.299963, 30.773159, 0.0)
(31.287069, 30.679392, 0.0)
(31.269205, 30.650566, 0.0)
(31.614540, 30.072405, 0.0)
(31.624090, 30.080397, 0.0)
(31.608889, 30.092140, 0.0)
(31.624090, 30.000000, 0.0)
(31.605143, 29.926279, 0.0)
(31.590746, 29.860743, 0.0)
(31.641230, 29.871513, 0.0)
(31.645369, 29.891096, 0.0)
(31.645147, 29.895384, 0.0)
(31.641224, 29.899294, 0.0)
(31.665138, 29.943930, 0.0)
(31.664925, 29.904402, 0.0)
(31.667152, 29.887680, 0.0)
(31.668207, 29.909529, 0.0)
(31.649731, 29.980110, 0.0)
(31.559092, 29.808140, 0.0)
(31.607227, 29.599224, 0.0)
(31.590422, 29.561214, 0.0)
(31.565788, 29.539505, 0.0)
(31.562914, 29.533247, 0.0)
(31.563160, 29.576059, 0.0)
(31.598064, 29.600357, 0.0)
(31.600979, 29.692532, 0.0)
(31.602219, 29.650673, 0.0)
(31.614532, 29.646399, 0.0)
(31.579945, 29.648096, 0.0)
(31.574722, 29.635609, 0.0)
(31.596403, 29.651281, 0.0)
(31.580732, 29.693857, 0.0)
(31.550962, 29.726992, 0.0)
(31.554930, 29.696184, 0.0)
(31.531258, 29.651487, 0.0)
(31.537325, 29.651363, 0.0)
(32.155212, 29.159569, 0.0)
(35.412533, 27.812777, 0.0)
(38.861271, 28.615385, 0.0)
(40.762871, 30.397154, 0.0)
(41.333115, 31.113495, 0.0)
(41.342110, 31.077990, 0.0)
(41.309063, 30.979362, 0.0)
(41.313713, 30.889261, 0.0)
(41.329681, 30.809177, 0.0)
(41.317783, 30.797661, 0.0)
(38.265137, 31.047167, 0.0)
(33.921642, 31.302006, 0.0)
(32.681019, 31.520346, 0.0)
(32.584820, 31.490889, 0.0)
(32.592041, 31.481224, 0.0)
(32.536716, 31.427065, 0.0)
(32.493256, 31.426762, 0.0)
(32.209263, 30.830486, 0.0)
(32.095097, 30.665762, 0.0)
(32.054905, 30.670048, 0.0)
(32.039104, 30.653587, 0.0)
(32.027412, 30.676281, 0.0)
(32.017303, 30.740644, 0.0)
(32.017410, 30.746853, 0.0)
(32.012932, 30.683182, 0.0)
(35.394161, 30.805725, 0.0)
(39.026001, 31.618153, 0.0)
(39.759125, 31.787863, 0.0)
(39.826553, 31.755426, 0.0)
(39.808876, 31.727434, 0.0)
(39.808594, 31.681370, 0.0)
(39.814243, 31.622652, 0.0)
(39.802380, 31.575018, 0.0)
(38.491119, 30.267702, 0.0)
(37.998119, 29.868980, 0.0)
(37.997574, 29.827204, 0.0)
(38.022690, 29.819895, 0.0)
(38.079239, 29.790426, 0.0)
(38.105618, 29.709017, 0.0)
(38.116756, 29.671427, 0.0)
(38.121449, 29.668825, 0.0)
(38.121449, 29.668825, 0.0)
(37.878380, 29.656357, 0.0)
(37.756466, 29.660625, 0.0)
(37.740597, 29.657349, 0.0)
(37.749584, 29.627996, 0.0)
(37.750233, 29.600199, 0.0)
(37.740917, 29.608601, 0.0)
(37.745716, 29.665268, 0.0)
(37.703999, 29.659481, 0.0)
(37.650337, 29.674271, 0.0)
(37.504066, 29.919720, 0.0)
(37.561726, 30.829903, 0.0)
(37.385109, 29.862806, 0.0)
(37.444767, 29.404224, 0.0)
(37.494301, 29.356798, 0.0)
(37.512413, 29.392166, 0.0)
(37.526096, 29.463053, 0.0)
(37.558060, 29.411730, 0.0)
(37.535858, 29.409395, 0.0)
(37.565380, 29.442785, 0.0)
(37.571198, 29.517998, 0.0)
(37.563904, 29.581591, 0.0)
(37.583122, 29.612104, 0.0)
(37.586903, 29.557131, 0.0)
(37.542091, 29.449596, 0.0)
(37.536732, 29.439146, 0.0)
(37.564709, 29.477137, 0.0)
(37.557201, 29.501722, 0.0)
(37.564442, 29.507339, 0.0)
(37.575802, 29.499565, 0.0)
(39.785492, 27.323721, 0.0)
(41.382698, 25.172934, 0.0)
(41.747978, 24.717478, 0.0)
(41.805939, 24.654425, 0.0)
(41.819973, 24.618286, 0.0)
(42.372478, 24.769115, 0.0)
(42.417950, 24.656178, 0.0)
(42.377911, 24.486914, 0.0)
(42.402161, 24.416468, 0.0)
(42.415871, 24.395842, 0.0)
(42.396954, 24.410645, 0.0)
(42.418991, 24.382973, 0.0)
(42.419258, 24.387302, 0.0)
(42.583439, 24.499056, 0.0)
(42.556179, 24.448656, 0.0)
(42.529758, 24.417686, 0.0)
(42.537571, 24.403847, 0.0)
(42.512203, 24.429174, 0.0)
(42.513924, 24.516550, 0.0)
(42.508583, 24.531483, 0.0)
(42.509472, 24.503275, 0.0)
(42.483192, 24.325617, 0.0)
(42.474434, 24.309467, 0.0)
(42.455944, 24.314007, 0.0)
(42.457348, 24.373257, 0.0)
(42.475933, 24.392811, 0.0)
(42.458050, 24.372128, 0.0)
(42.484215, 24.319527, 0.0)
(42.480038, 24.292797, 0.0)
(42.491413, 24.292839, 0.0)
(42.486088, 24.289396, 0.0)
(42.500774, 24.304646, 0.0)
(42.503948, 24.336535, 0.0)
(42.490372, 24.285357, 0.0)
(42.496418, 24.277382, 0.0)
(42.480930, 24.264172, 0.0)
(42.471344, 24.277597, 0.0)
(42.618759, 24.536285, 0.0)
(43.759315, 26.252308, 0.0)
(43.827900, 26.304653, 0.0)
(43.824783, 26.242065, 0.0)
(43.755844, 26.209332, 0.0)
(43.553020, 26.200872, 0.0)
(43.718967, 26.150862, 0.0)
(43.647587, 26.148407, 0.0)
(43.660561, 26.197472, 0.0)
(43.717094, 26.211161, 0.0)
(43.617054, 26.154280, 0.0)
(43.584671, 26.295727, 0.0)
(43.465027, 26.025078, 0.0)
(43.486626, 26.115776, 0.0)
(43.514744, 26.140705, 0.0)
(43.528961, 26.102608, 0.0)
(43.599274, 26.119822, 0.0)
(43.597393, 26.125519, 0.0)
(43.559250, 26.143269, 0.0)
(43.582310, 26.154554, 0.0)
(43.577431, 26.159355, 0.0)
(43.547924, 26.073479, 0.0)
(43.532845, 26.001259, 0.0)
(43.528488, 25.974043, 0.0)
(43.553581, 26.023958, 0.0)
(43.560345, 26.052053, 0.0)
(43.575260, 26.050270, 0.0)
(43.574993, 26.081228, 0.0)
(43.591030, 26.021416, 0.0)
(43.576107, 25.986242, 0.0)
(43.559166, 25.950922, 0.0)
(43.542976, 25.981928, 0.0)
(43.567600, 26.010597, 0.0)
(43.586620, 26.069134, 0.0)
(43.595734, 26.034210, 0.0)
(43.547535, 25.966440, 0.0)
(43.335091, 28.403330, 0.0)
(42.495182, 30.949507, 0.0)
(42.349148, 30.969118, 0.0)
(42.354603, 30.848646, 0.0)
(42.339302, 30.814724, 0.0)
(42.338882, 30.774490, 0.0)
(42.581364, 31.530134, 0.0)
(42.576260, 31.535238, 0.0)
(42.581532, 31.530590, 0.0)
(42.576614, 31.533243, 0.0)
(42.570126, 31.554115, 0.0)
(42.570698, 31.518751, 0.0)
(42.568527, 31.469957, 0.0)
(42.546535, 31.423992, 0.0)
(42.718063, 31.163795, 0.0)
(42.700211, 30.925524, 0.0)
(42.715244, 30.957842, 0.0)
(42.715530, 30.969275, 0.0)
(42.708656, 30.969053, 0.0)
(42.706127, 30.949627, 0.0)
(42.669258, 30.944365, 0.0)
(42.676884, 30.982195, 0.0)
(42.671268, 31.019197, 0.0)
(42.669090, 31.054106, 0.0)
(42.669857, 31.091469, 0.0)
(42.663906, 31.033287, 0.0)
(42.643921, 30.993193, 0.0)
(42.671860, 31.017424, 0.0)
(42.747726, 31.073402, 0.0)
(42.795403, 31.117498, 0.0)
(42.791000, 31.124222, 0.0)
(42.771862, 31.097435, 0.0)
(42.785259, 31.098558, 0.0)
(42.762478, 31.078085, 0.0)
(42.774944, 31.084761, 0.0)
(42.759361, 31.108070, 0.0)
(42.723263, 31.147722, 0.0)
(42.731098, 31.144339, 0.0)
(42.680874, 31.103176, 0.0)
(42.634315, 31.006256, 0.0)
(43.511044, 31.635397, 0.0)
(44.721790, 32.284058, 0.0)
(44.755257, 32.274937, 0.0)
(44.730289, 32.236942, 0.0)
(44.739613, 32.237022, 0.0)
(44.725025, 32.185333, 0.0)
(44.726196, 32.164650, 0.0)
(44.691177, 32.131111, 0.0)
(44.555035, 32.138813, 0.0)
(44.562759, 32.147163, 0.0)
(44.561863, 32.166344, 0.0)
(44.593365, 32.053944, 0.0)
(44.540127, 32.012611, 0.0)
(44.546215, 32.005119, 0.0)
(44.537651, 32.025433, 0.0)
(44.532425, 32.082371, 0.0)
(44.533436, 32.070538, 0.0)
(44.514091, 32.080769, 0.0)
(44.524204, 32.077885, 0.0)
(44.526001, 32.036518, 0.0)
(44.526001, 32.036518, 0.0)
(44.553234, 32.058674, 0.0)
(44.490849, 32.080536, 0.0)
(44.503174, 32.100964, 0.0)
(44.514729, 32.114960, 0.0)
(44.479126, 32.061966, 0.0)
(44.462936, 31.971773, 0.0)
(44.442852, 31.997065, 0.0)
(44.481323, 32.039986, 0.0)
(44.465923, 32.070210, 0.0)
(44.477425, 32.079002, 0.0)
(44.474354, 32.030617, 0.0)
(44.482319, 32.032356, 0.0)
(44.459103, 31.991455, 0.0)
(44.467113, 31.982967, 0.0)
(44.482090, 31.980787, 0.0)
(43.349785, 30.748354, 0.0)
(39.854103, 26.927729, 0.0)
(36.281483, 25.012783, 0.0)
(33.670570, 24.594276, 0.0)
(31.871433, 24.978233, 0.0)
(31.683863, 24.905483, 0.0)
(31.680674, 24.837017, 0.0)
(31.642454, 24.856363, 0.0)
(30.224068, 25.249395, 0.0)
(28.837242, 25.690145, 0.0)
(28.727186, 25.603516, 0.0)
(28.752762, 25.522558, 0.0)
(28.714647, 25.511110, 0.0)
(28.466015, 25.611374, 0.0)
(28.434963, 25.642986, 0.0)
(28.443027, 25.641632, 0.0)
(28.436888, 25.645048, 0.0)
(28.441422, 25.622122, 0.0)
(28.412893, 25.544403, 0.0)
(28.415173, 25.475266, 0.0)
(28.393545, 25.512545, 0.0)
(28.408611, 25.565445, 0.0)
(28.416677, 25.562466, 0.0)
(28.404438, 25.560949, 0.0)
(28.402393, 25.538136, 0.0)
(28.374239, 25.495874, 0.0)
(28.382788, 25.483652, 0.0)
(28.369450, 25.495689, 0.0)
(28.373592, 25.517084, 0.0)
(28.380495, 25.514662, 0.0)
(28.420006, 25.527035, 0.0)
(28.436329, 25.472334, 0.0)
(28.418482, 25.389709, 0.0)
(28.409225, 25.363804, 0.0)
(28.422606, 25.375973, 0.0)
(28.443800, 25.438726, 0.0)
(28.457159, 25.442385, 0.0)
(29.916079, 24.665655, 0.0)
(31.309370, 24.014784, 0.0)
(31.362877, 23.841610, 0.0)
(31.314260, 23.779013, 0.0)
(31.285610, 23.740864, 0.0)
(31.276337, 23.724077, 0.0)
(31.317303, 23.557215, 0.0)
(31.270521, 23.483847, 0.0)
(31.284760, 23.431238, 0.0)
(31.257053, 23.295364, 0.0)
(31.247196, 23.167816, 0.0)
(31.238638, 23.183681, 0.0)
(31.478512, 23.149689, 0.0)
(31.708210, 23.238377, 0.0)
(31.715403, 23.199188, 0.0)
(31.715811, 23.161568, 0.0)
(31.678938, 23.071074, 0.0)
(31.645973, 23.000559, 0.0)
(31.652786, 23.023527, 0.0)
(31.555172, 23.076923, 0.0)
(31.416552, 23.157671, 0.0)
(31.411005, 23.169725, 0.0)
(31.411545, 23.151463, 0.0)
(31.401674, 23.111250, 0.0)
(31.332550, 23.104124, 0.0)
(31.387682, 23.134016, 0.0)
(31.391897, 23.163912, 0.0)
(31.417461, 23.192408, 0.0)
(31.428299, 23.211071, 0.0)
(31.447191, 23.210907, 0.0)
(31.463306, 23.149557, 0.0)
(31.450069, 23.150478, 0.0)
(31.449814, 23.124622, 0.0)
(31.441246, 23.118019, 0.0)
(31.462458, 23.132040, 0.0)
(31.437311, 23.161310, 0.0)
(31.486689, 23.155922, 0.0)
(31.501633, 23.138037, 0.0)
(29.912159, 24.587666, 0.0)
(29.790396, 24.700222, 0.0)
(29.788950, 24.714746, 0.0)
(29.767914, 24.748953, 0.0)
(29.735552, 24.758535, 0.0)
(29.464951, 24.909389, 0.0)
(29.414265, 25.200174, 0.0)
(29.402824, 24.870417, 0.0)
(29.461090, 24.923948, 0.0)
(29.447226, 25.038403, 0.0)
(29.465811, 25.102777, 0.0)
(29.480051, 25.054033, 0.0)
(29.479630, 24.971935, 0.0)
(29.473728, 24.982029, 0.0)
(29.496069, 25.041616, 0.0)
(29.482384, 25.093596, 0.0)
(29.478201, 25.089222, 0.0)
(29.513313, 25.121037, 0.0)
(29.488398, 25.099627, 0.0)
(29.483175, 25.072830, 0.0)
(29.474535, 25.055147, 0.0)
(29.469774, 25.066959, 0.0)
(29.463442, 25.074333, 0.0)
(29.468044, 25.089561, 0.0)
(29.471176, 25.058603, 0.0)
(29.442574, 24.979263, 0.0)
(29.436371, 24.908916, 0.0)
(29.436371, 24.908916, 0.0)
(29.446430, 24.937746, 0.0)
(29.479769, 24.980219, 0.0)
(29.454655, 24.993576, 0.0)
(29.472708, 24.965086, 0.0)
(29.483112, 24.900093, 0.0)
(29.485937, 24.871811, 0.0)
(29.490105, 24.880724, 0.0)
(29.509254, 24.908751, 0.0)
(32.429928, 25.696045, 0.0)
(34.212017, 26.244446, 0.0)
(34.280994, 26.159184, 0.0)
(34.208252, 26.015829, 0.0)
(34.223118, 25.922058, 0.0)
(35.256001, 26.172817, 0.0)
(35.414761, 26.182915, 0.0)
(35.468857, 26.095766, 0.0)
(35.562809, 26.062704, 0.0)
(35.624325, 26.008802, 0.0)
(35.608379, 25.930300, 0.0)
(35.594460, 25.891993, 0.0)
(35.422817, 25.774044, 0.0)
(35.427937, 25.733738, 0.0)
(35.427670, 25.725075, 0.0)
(35.398998, 25.701601, 0.0)
(35.406342, 25.598337, 0.0)
(35.400528, 25.575010, 0.0)
(35.431816, 25.580122, 0.0)
(35.425919, 25.626087, 0.0)
(35.441479, 25.680222, 0.0)
(35.439583, 25.732286, 0.0)
(35.434643, 25.739529, 0.0)
(35.441841, 25.734531, 0.0)
(35.447552, 25.704205, 0.0)
(35.435047, 25.761782, 0.0)
(35.444374, 25.816536, 0.0)
(35.444351, 25.861441, 0.0)
(35.457954, 25.922863, 0.0)
(35.464520, 25.905804, 0.0)
(35.382683, 25.830746, 0.0)
(35.402313, 25.806652, 0.0)
(35.436779, 25.871372, 0.0)
(35.435520, 25.995756, 0.0)
(35.453678, 26.007196, 0.0)
(35.445854, 26.002798, 0.0)
(35.481373, 26.052515, 0.0)
(35.591324, 26.036186, 0.0)
(39.677113, 28.343679, 0.0)
(41.765877, 29.810024, 0.0)
(41.829063, 29.766424, 0.0)
(41.788788, 29.671698, 0.0)
(41.819057, 29.664530, 0.0)
(41.807243, 29.538462, 0.0)
(41.772118, 29.393196, 0.0)
(41.794621, 29.381197, 0.0)
(41.379814, 29.202599, 0.0)
(41.434635, 29.195473, 0.0)
(41.466953, 29.175903, 0.0)
(41.445801, 29.154566, 0.0)
(41.421104, 29.109713, 0.0)
(41.414780, 29.057894, 0.0)
(41.413097, 29.088234, 0.0)
(41.405434, 29.099827, 0.0)
(41.398239, 29.140072, 0.0)
(41.293541, 29.162167, 0.0)
(41.443726, 29.497747, 0.0)
(41.478527, 29.296711, 0.0)
(41.309555, 28.934299, 0.0)
(41.341042, 28.891386, 0.0)
(41.386318, 28.945856, 0.0)
(41.356045, 28.931065, 0.0)
(41.402023, 28.993841, 0.0)
(41.421917, 28.984001, 0.0)
(41.424580, 28.975075, 0.0)
(41.424580, 28.975775, 0.0)
(41.439667, 29.019598, 0.0)
(41.449196, 29.095043, 0.0)
(41.438381, 29.105652, 0.0)
(41.468674, 29.082684, 0.0)
(41.453079, 29.026640, 0.0)
(41.451603, 28.954456, 0.0)
(41.475964, 28.975470, 0.0)
(41.467499, 28.993765, 0.0)
(41.489429, 29.017710, 0.0)
(41.488464, 29.032928, 0.0)
(41.496929, 29.037716, 0.0)
(41.504414, 29.012989, 0.0)
(41.477951, 28.981827, 0.0)
(39.059254, 27.172899, 0.0)
(34.141994, 24.635786, 0.0)
(30.518185, 24.734547, 0.0)
(28.928686, 25.293011, 0.0)
(28.816967, 25.104181, 0.0)
(28.773340, 24.929602, 0.0)
(28.644213, 24.912790, 0.0)
(28.477831, 24.836428, 0.0)
(28.440653, 24.873886, 0.0)
(28.428995, 24.858212, 0.0)
(28.434277, 24.820513, 0.0)
(28.442356, 24.789579, 0.0)
(28.396614, 24.761187, 0.0)
(28.450476, 24.865984, 0.0)
(28.431753, 24.579590, 0.0)
(28.489784, 24.626188, 0.0)
(28.461681, 24.584557, 0.0)
(28.391857, 24.488871, 0.0)
(28.377453, 24.462152, 0.0)
(28.390951, 24.526699, 0.0)
(28.380306, 24.550026, 0.0)
(28.391518, 24.607153, 0.0)
(28.396898, 24.628447, 0.0)
(28.352240, 24.583380, 0.0)
(28.368834, 24.534382, 0.0)
(28.355600, 24.522299, 0.0)
(28.353924, 24.497709, 0.0)
(28.333763, 24.503252, 0.0)
(28.348969, 24.550608, 0.0)
(28.382465, 24.533075, 0.0)
(28.336227, 24.450115, 0.0)
(28.368631, 24.428276, 0.0)
(28.436792, 24.423977, 0.0)
(29.272091, 25.889505, 0.0)
(30.272142, 28.513048, 0.0)
(30.235359, 28.605085, 0.0)
(30.146109, 28.527075, 0.0)
(30.089600, 28.485373, 0.0)
(30.074499, 28.333084, 0.0)
(30.077454, 28.337677, 0.0)
(30.086201, 28.330574, 0.0)
(29.840469, 28.747229, 0.0)
(29.827213, 28.902178, 0.0)
(29.857725, 28.876493, 0.0)
(29.806667, 28.764650, 0.0)
(29.816408, 28.738298, 0.0)
(29.813480, 28.777796, 0.0)
(29.790701, 28.784342, 0.0)
(29.809664, 28.803406, 0.0)
(29.827339, 28.775169, 0.0)
(29.833561, 28.766911, 0.0)
(29.917337, 28.613688, 0.0)
(29.909710, 28.598433, 0.0)
(29.881941, 28.616629, 0.0)
(29.902163, 28.654888, 0.0)
(29.901535, 28.671736, 0.0)
(29.898935, 28.652559, 0.0)
(29.882530, 28.646389, 0.0)
(29.816730, 28.630379, 0.0)
(29.844204, 28.570780, 0.0)
(29.856691, 28.583008, 0.0)
(29.878532, 28.603697, 0.0)
(29.880091, 28.627380, 0.0)
(29.878571, 28.685780, 0.0)
(29.892534, 28.664276, 0.0)
(29.878765, 28.621655, 0.0)
(29.872011, 28.630281, 0.0)
(29.888014, 28.638384, 0.0)
(29.903120, 28.683563, 0.0)
(33.515949, 27.701035, 0.0)
(35.110516, 27.290943, 0.0)
(35.220863, 27.195522, 0.0)
(35.226692, 27.088270, 0.0)
(35.337177, 27.085615, 0.0)
(35.399876, 27.109303, 0.0)
(35.442123, 27.048836, 0.0)
(35.767014, 27.063478, 0.0)
(35.936184, 27.116308, 0.0)
(35.959335, 27.082594, 0.0)
(35.935307, 27.036407, 0.0)
(35.938366, 27.025322, 0.0)
(35.516880, 26.894014, 0.0)
(35.456024, 26.910364, 0.0)
(35.461082, 26.928562, 0.0)
(35.450138, 26.850082, 0.0)
(35.413868, 26.766867, 0.0)
(35.423672, 26.760332, 0.0)
(35.425842, 26.807554, 0.0)
(35.415909, 26.845787, 0.0)
(35.418682, 26.835138, 0.0)
(35.396816, 26.852020, 0.0)
(35.389339, 26.836580, 0.0)
(35.371700, 26.789633, 0.0)
(35.374485, 26.775812, 0.0)
(35.370369, 26.798704, 0.0)
(35.375301, 26.791294, 0.0)
(35.373158, 26.814888, 0.0)
(35.776455, 26.855131, 0.0)
(35.827625, 26.809679, 0.0)
(35.822105, 26.688309, 0.0)
(35.840801, 26.695934, 0.0)
(35.842194, 26.744974, 0.0)
(35.843784, 26.749552, 0.0)
(35.855595, 26.798986, 0.0)
(35.868744, 26.796892, 0.0)
(35.864414, 26.735998, 0.0)
(35.855446, 26.714582, 0.0)
(36.946056, 27.119343, 0.0)
(40.668945, 29.466291, 0.0)
(41.495354, 30.387081, 0.0)
(41.567471, 30.387268, 0.0)
(41.558361, 30.296844, 0.0)
(41.539547, 30.190868, 0.0)
(41.541737, 30.146761, 0.0)
(41.584198, 30.147421, 0.0)
(41.601845, 30.142937, 0.0)
(41.588013, 30.153158, 0.0)
(41.369328, 30.035353, 0.0)
(41.404491, 29.975143, 0.0)
(41.413963, 29.944433, 0.0)
(41.400162, 29.920752, 0.0)
(41.405388, 29.913879, 0.0)
(41.381863, 29.923422, 0.0)
(41.381168, 29.946764, 0.0)
(41.399693, 29.955181, 0.0)
(41.364792, 29.933249, 0.0)
(41.361893, 29.907862, 0.0)
(41.356949, 29.889275, 0.0)
(41.341438, 29.937801, 0.0)
(41.361328, 29.958536, 0.0)
(41.357517, 30.008488, 0.0)
(41.372746, 30.066133, 0.0)
(41.365475, 30.058741, 0.0)
(41.338570, 30.013458, 0.0)
(41.349285, 30.021856, 0.0)
(41.373646, 30.041237, 0.0)
(41.368923, 30.089537, 0.0)
(41.372959, 30.085953, 0.0)
(41.366631, 30.016607, 0.0)
(41.340286, 29.961685, 0.0)
(41.352188, 29.963667, 0.0)
(41.371208, 30.004337, 0.0)
(41.379723, 30.028130, 0.0)
(41.403069, 30.084810, 0.0)
(41.415874, 30.111166, 0.0)
(41.420685, 30.100113, 0.0)
(40.218857, 27.685444, 0.0)
(37.481441, 24.401354, 0.0)
(35.984562, 23.098965, 0.0)
(35.854736, 23.031137, 0.0)
(35.820404, 22.968153, 0.0)
(35.611187, 22.580372, 0.0)
(35.280582, 22.048988, 0.0)
(35.238293, 21.956463, 0.0)
(35.267002, 21.922846, 0.0)
(35.241398, 21.947632, 0.0)
(35.222847, 21.853043, 0.0)
(35.191467, 21.827549, 0.0)
(35.198112, 21.731869, 0.0)
(35.156948, 21.661005, 0.0)
(35.137215, 21.622702, 0.0)
(35.144943, 21.630985, 0.0)
(35.149818, 21.649761, 0.0)
(34.694603, 21.803617, 0.0)
(34.445427, 21.796682, 0.0)
(34.414028, 21.706835, 0.0)
(34.364799, 21.609716, 0.0)
(34.355209, 21.598690, 0.0)
(34.321930, 21.638950, 0.0)
(34.312138, 21.663256, 0.0)
(34.318760, 21.674046, 0.0)
(34.759151, 21.650742, 0.0)
(34.789074, 21.607374, 0.0)
(34.769032, 21.586325, 0.0)
(34.759346, 21.582085, 0.0)
(34.774567, 21.615353, 0.0)
(34.795250, 21.669847, 0.0)
(34.778942, 21.676889, 0.0)
(34.789074, 21.607374, 0.0)
(34.772186, 21.549555, 0.0)
(34.775360, 21.538990, 0.0)
(34.778519, 21.548454, 0.0)
(34.760460, 21.557758, 0.0)
(35.121674, 21.576954, 0.0)
(39.232491, 22.319206, 0.0)
(42.302124, 24.305746, 0.0)
(44.010216, 25.991413, 0.0)
(44.187012, 26.212229, 0.0)
(44.189381, 26.132858, 0.0)
(44.168758, 26.099380, 0.0)
(44.505066, 26.598917, 0.0)
(44.622574, 26.827980, 0.0)
(44.592182, 26.740814, 0.0)
(44.575356, 26.678797, 0.0)
(44.583832, 26.649836, 0.0)
(44.556896, 26.640177, 0.0)
(44.531792, 26.616753, 0.0)
(44.731499, 26.916653, 0.0)
(44.652321, 26.905743, 0.0)
(44.621471, 26.854151, 0.0)
(44.627296, 26.804419, 0.0)
(44.632950, 26.818590, 0.0)
(44.648361, 26.871796, 0.0)
(44.640995, 26.949625, 0.0)
(44.654984, 26.994871, 0.0)
(44.666740, 27.031984, 0.0)
(44.685097, 27.003344, 0.0)
(44.634758, 26.914133, 0.0)
(44.627457, 26.888075, 0.0)
(44.671753, 26.952862, 0.0)
(44.667538, 27.052441, 0.0)
(44.647213, 27.046888, 0.0)
(44.645432, 27.052700, 0.0)
(44.629631, 27.033522, 0.0)
(44.624763, 26.994656, 0.0)
(44.614258, 26.968950, 0.0)
(44.632751, 27.009262, 0.0)
(44.633911, 26.994230, 0.0)
(44.624756, 27.045837, 0.0)
(44.630745, 27.039299, 0.0)
(44.602760, 26.937077, 0.0)
(44.587116, 26.868296, 0.0)
(44.183224, 25.604137, 0.0)
(43.831909, 24.566305, 0.0)
(43.755878, 24.448587, 0.0)
(43.790634, 24.483650, 0.0)
(43.749363, 24.378319, 0.0)
(43.481785, 23.865631, 0.0)
(43.465912, 23.780602, 0.0)
(43.511696, 23.771778, 0.0)
(43.578808, 23.799948, 0.0)
(43.560692, 23.771555, 0.0)
(43.618454, 23.811848, 0.0)
(43.667126, 23.748962, 0.0)
(43.646935, 23.641155, 0.0)
(43.184734, 23.208506, 0.0)
(43.117779, 23.151964, 0.0)
(43.124130, 23.152021, 0.0)
(43.118996, 23.128912, 0.0)
(42.636951, 23.418226, 0.0)
(43.256485, 23.380547, 0.0)
(43.145306, 23.422812, 0.0)
(43.214375, 23.397402, 0.0)
(43.262165, 23.426161, 0.0)
(43.281689, 23.443321, 0.0)
(43.338161, 23.383541, 0.0)
(43.298782, 23.315319, 0.0)
(43.294071, 23.305311, 0.0)
(43.318436, 23.313858, 0.0)
(43.310692, 23.344231, 0.0)
(43.309147, 23.351093, 0.0)
(43.310692, 23.344231, 0.0)
(43.310692, 23.344231, 0.0)
(43.306267, 23.286921, 0.0)
(43.319508, 23.296772, 0.0)
(43.312599, 23.327961, 0.0)
(43.330215, 23.372894, 0.0)
(43.750607, 24.298767, 0.0)
(44.741177, 28.657812, 0.0)
(44.759827, 30.805202, 0.0)
(44.637703, 32.483044, 0.0)
(44.425968, 32.591167, 0.0)
(44.409256, 32.538666, 0.0)
(44.390663, 32.507652, 0.0)
(44.360168, 32.487232, 0.0)
(44.509609, 32.742573, 0.0)
(44.484245, 32.641964, 0.0)
(44.417667, 32.631462, 0.0)
(44.419426, 32.581150, 0.0)
(44.417587, 32.590218, 0.0)
(44.336533, 32.607365, 0.0)
(44.534557, 32.898357, 0.0)
(44.511974, 33.029087, 0.0)
(44.428387, 32.925476, 0.0)
(44.410576, 32.852558, 0.0)
(44.407791, 32.889500, 0.0)
(44.343948, 32.865479, 0.0)
(44.334290, 32.847046, 0.0)
(44.325275, 32.814167, 0.0)
(44.308651, 32.790825, 0.0)
(44.324493, 32.747364, 0.0)
(44.264431, 32.704659, 0.0)
(44.244289, 32.311119, 0.0)
(44.318413, 32.133625, 0.0)
(44.332287, 32.174507, 0.0)
(44.327568, 32.164249, 0.0)
(44.360031, 32.113407, 0.0)
(44.356464, 32.040806, 0.0)
(44.367538, 32.062641, 0.0)
(44.360031, 32.113407, 0.0)
(44.368908, 32.110088, 0.0)
(44.332638, 32.073265, 0.0)
(44.284435, 32.070267, 0.0)
(44.302597, 32.014320, 0.0)
(44.303238, 31.980520, 0.0)
(41.790756, 28.718870, 0.0)
(37.528095, 25.338142, 0.0)
(34.468781, 24.498676, 0.0)
(33.835503, 24.329008, 0.0)
(33.758644, 24.147795, 0.0)
(33.700455, 23.991133, 0.0)
(33.699734, 23.905382, 0.0)
(33.144039, 23.998072, 0.0)
(33.064281, 23.978354, 0.0)
(33.003151, 23.926414, 0.0)
(33.028858, 23.910284, 0.0)
(33.052155, 23.859140, 0.0)
(33.099010, 23.765121, 0.0)
(33.330029, 23.532112, 0.0)
(33.325127, 23.525631, 0.0)
(33.318256, 23.568848, 0.0)
(33.299423, 23.597948, 0.0)
(33.329956, 23.558996, 0.0)
(33.281818, 23.514170, 0.0)
(33.292767, 23.424648, 0.0)
(33.291946, 23.430702, 0.0)
(33.276302, 23.452444, 0.0)
(33.287075, 23.433306, 0.0)
(33.287903, 23.427261, 0.0)
(33.291145, 23.437517, 0.0)
(33.285629, 23.437666, 0.0)
(33.259060, 23.438446, 0.0)
(33.296749, 23.457319, 0.0)
(33.336277, 23.573084, 0.0)
(33.309307, 23.629322, 0.0)
(33.315548, 23.660288, 0.0)
(33.295498, 23.613552, 0.0)
(33.285007, 23.539566, 0.0)
(33.271198, 23.549026, 0.0)
(33.299179, 23.627182, 0.0)
(33.256992, 23.699944, 0.0)
(33.150002, 24.207245, 0.0)
(36.124588, 28.853771, 0.0)
(37.096272, 31.286663, 0.0)
(38.048843, 33.343922, 0.0)
(38.090412, 33.337585, 0.0)
(37.996510, 33.286232, 0.0)
(38.026123, 32.668083, 0.0)
(37.985592, 32.014980, 0.0)
(37.893131, 31.913345, 0.0)
(37.899750, 31.800606, 0.0)
(37.886734, 31.749933, 0.0)
(37.852543, 31.675362, 0.0)
(37.814228, 31.637413, 0.0)
(37.792667, 31.605267, 0.0)
(37.776627, 31.523096, 0.0)
(37.760864, 31.522999, 0.0)
(37.753441, 31.527224, 0.0)
(37.759232, 31.544228, 0.0)
(37.789062, 31.554096, 0.0)
(37.793495, 31.582806, 0.0)
(37.806992, 31.562292, 0.0)
(37.747234, 31.474892, 0.0)
(37.745392, 31.420633, 0.0)
(37.767590, 31.436756, 0.0)
(37.777641, 31.448856, 0.0)
(37.775360, 31.443439, 0.0)
(37.780346, 31.432646, 0.0)
(37.745026, 31.404486, 0.0)
(37.731457, 31.348089, 0.0)
(37.730221, 31.300028, 0.0)
(37.713200, 31.302282, 0.0)
(37.690796, 30.236891, 0.0)
(37.601101, 29.436190, 0.0)
(37.576748, 29.342180, 0.0)
(37.566582, 29.226126, 0.0)
(37.539799, 29.171541, 0.0)
(37.528946, 29.157404, 0.0)
(37.557751, 29.205257, 0.0)
(40.139786, 26.729847, 0.0)
(42.420746, 25.365635, 0.0)
(43.568867, 25.558784, 0.0)
(44.216587, 25.851805, 0.0)
(44.133831, 25.654566, 0.0)
(44.046013, 25.383093, 0.0)
(44.065845, 25.030769, 0.0)
(44.088840, 24.982147, 0.0)
(44.099644, 24.947985, 0.0)
(44.150440, 24.918282, 0.0)
(44.427475, 25.047585, 0.0)
(44.422508, 24.959999, 0.0)
(44.432701, 24.895670, 0.0)
(44.463253, 24.946154, 0.0)
(44.495827, 24.974360, 0.0)
(0.000000, 0.000000, 1.0)
(0.000000, 0.000000, 1.0)
(0.000000, 0.000000, 1.0)
(0.000000, 0.000000, 1.0)
(0.000000, 0.000000, 1.0)
(0.000000, 0.000000, 1.0)
(44.570183, 25.403774, 0.0)
(44.553944, 25.478640, 0.0)
(44.545151, 25.479658, 0.0)
(44.502735, 25.400681, 0.0)
(44.489990, 25.369970, 0.0)
(44.535530, 25.479542, 0.0)
(44.534695, 25.516575, 0.0)
(44.501339, 25.573984, 0.0)
(44.497707, 25.620594, 0.0)
(44.447044, 25.449625, 0.0)
(44.390270, 25.313904, 0.0)
(44.405304, 25.278732, 0.0)
(44.419296, 25.307301, 0.0)
(44.419392, 25.333183, 0.0)
(44.438129, 25.379805, 0.0)
(44.437618, 25.405054, 0.0)
(44.451332, 25.384502, 0.0)
(44.473015, 25.316877, 0.0)
(44.653522, 27.778793, 0.0)
(43.907936, 29.950769, 0.0)
(43.731384, 30.209099, 0.0)
(43.657459, 30.599430, 0.0)
(43.638012, 30.512423, 0.0)
(43.652763, 30.289120, 0.0)
(43.664715, 30.123419, 0.0)
(43.950150, 30.073112, 0.0)
(43.994793, 30.036867, 0.0)
(43.962936, 30.015284, 0.0)
(43.926563, 30.065861, 0.0)
(43.951775, 30.042324, 0.0)
(43.868305, 29.819361, 0.0)
(43.820553, 29.689978, 0.0)
(43.822083, 29.663914, 0.0)
(43.806854, 29.655922, 0.0)
(43.791565, 29.696182, 0.0)
(43.778999, 29.728651, 0.0)
(43.758392, 29.720932, 0.0)
(43.747181, 29.717808, 0.0)
(43.761108, 29.682541, 0.0)
(43.768955, 29.664234, 0.0)
(43.759945, 29.682352, 0.0)
(43.742241, 29.687065, 0.0)
(43.744640, 29.711496, 0.0)
(43.757267, 29.713312, 0.0)
(43.741688, 29.630941, 0.0)
(43.702621, 29.518217, 0.0)
(43.708466, 29.434914, 0.0)
(43.723660, 29.460680, 0.0)
(43.740204, 29.506216, 0.0)
(43.710457, 29.530840, 0.0)
(43.712669, 29.601252, 0.0)
(43.711430, 29.589687, 0.0)
(43.690510, 29.506685, 0.0)
(43.686810, 29.456560, 0.0)
(43.672508, 29.455080, 0.0)
(41.512249, 30.483706, 0.0)
(38.206886, 31.513815, 0.0)
(35.876484, 31.474657, 0.0)
(35.192741, 31.420242, 0.0)
(35.090054, 31.281782, 0.0)
(35.037243, 31.164686, 0.0)
(35.031029, 31.116262, 0.0)
(35.019730, 31.162645, 0.0)
(35.390278, 31.364624, 0.0)
(35.529766, 31.494837, 0.0)
(35.483704, 31.491709, 0.0)
(35.451828, 31.439156, 0.0)
(35.392567, 31.400297, 0.0)
(35.394325, 31.431643, 0.0)
(35.399944, 31.453293, 0.0)
(34.766869, 31.175972, 0.0)
(34.771069, 31.104710, 0.0)
(34.826618, 31.057459, 0.0)
(35.358814, 31.186090, 0.0)
(35.357204, 31.221474, 0.0)
(35.364231, 31.273602, 0.0)
(35.357162, 31.347492, 0.0)
(35.398418, 31.348764, 0.0)
(35.405247, 31.376730, 0.0)
(35.337318, 31.372068, 0.0)
(35.330322, 31.385876, 0.0)
(35.314499, 31.423241, 0.0)
(35.314930, 31.470078, 0.0)
(35.294643, 31.539427, 0.0)
(35.283081, 31.566418, 0.0)
(35.285694, 31.577400, 0.0)
(35.269260, 31.515623, 0.0)
(35.268234, 31.483351, 0.0)
(35.282009, 31.479918, 0.0)
(35.282928, 31.503033, 0.0)
(35.264137, 31.510145, 0.0)
(35.266193, 31.499298, 0.0)
(36.600403, 28.671770, 0.0)
(37.745361, 24.753088, 0.0)
(38.480328, 23.193489, 0.0)
(38.451569, 23.122122, 0.0)
(38.447067, 23.116116, 0.0)
(38.544624, 21.877420, 0.0)
(38.538479, 21.698988, 0.0)
(38.516991, 21.618814, 0.0)
(38.469006, 21.482103, 0.0)
(38.506550, 21.394835, 0.0)
(38.521664, 21.336672, 0.0)
(38.511681, 21.329023, 0.0)
(38.539665, 21.247225, 0.0)
(38.766171, 21.182701, 0.0)
(38.786190, 21.113228, 0.0)
(38.798599, 21.028473, 0.0)
(38.781906, 21.051632, 0.0)
(38.816746, 21.038683, 0.0)
(38.809475, 21.006737, 0.0)
(38.796295, 21.011166, 0.0)
(38.812786, 20.980597, 0.0)
(38.790085, 20.888514, 0.0)
(38.738861, 20.800837, 0.0)
(38.734085, 20.781097, 0.0)
(38.751129, 20.840746, 0.0)
(38.761513, 20.855259, 0.0)
(38.768459, 20.877798, 0.0)
(38.775467, 20.863935, 0.0)
(38.775467, 20.863935, 0.0)
(39.050838, 21.128994, 0.0)
(39.096897, 21.160795, 0.0)
(39.078613, 21.151539, 0.0)
(39.080185, 21.159262, 0.0)
(39.104259, 21.162394, 0.0)
(39.106304, 21.147266, 0.0)
(39.068295, 21.075024, 0.0)
(39.078724, 21.048059, 0.0)
(39.127815, 21.085939, 0.0)
(38.850327, 21.296919, 0.0)
(35.964920, 24.384085, 0.0)
(33.344372, 26.082462, 0.0)
(32.796516, 27.574614, 0.0)
(32.272724, 28.331436, 0.0)
(32.074127, 28.505919, 0.0)
(32.038185, 28.482985, 0.0)
(32.026672, 28.453817, 0.0)
(32.008778, 28.433016, 0.0)
(31.668928, 28.247046, 0.0)
(31.557507, 28.150259, 0.0)
(31.533537, 28.124258, 0.0)
(31.514450, 28.142887, 0.0)
(31.520050, 28.177519, 0.0)
(31.504745, 28.202370, 0.0)
(31.467735, 28.230021, 0.0)
(31.536581, 28.227400, 0.0)
(31.568678, 28.260014, 0.0)
(31.528229, 28.238134, 0.0)
(31.539057, 28.271038, 0.0)
(31.543352, 28.411539, 0.0)
(31.548630, 28.497068, 0.0)
(31.579636, 28.494045, 0.0)
(31.575087, 28.344442, 0.0)
(31.586269, 28.033638, 0.0)
(31.590853, 27.996410, 0.0)
(31.621035, 28.011036, 0.0)
(31.638237, 27.993416, 0.0)
(31.600027, 28.004599, 0.0)
(31.594063, 28.013636, 0.0)
(31.583946, 27.998072, 0.0)
(31.535494, 28.012445, 0.0)
(31.519539, 28.013885, 0.0)
(31.523294, 28.056746, 0.0)
(31.524914, 28.106575, 0.0)
(31.538464, 28.085579, 0.0)
(31.511778, 28.055176, 0.0)
(33.137184, 27.117197, 0.0)
(37.784626, 25.557383, 0.0)
(40.982368, 25.951765, 0.0)
(42.282997, 26.434137, 0.0)
(42.362221, 26.301771, 0.0)
(42.362892, 26.198067, 0.0)
(42.505581, 26.247799, 0.0)
(42.998230, 26.574568, 0.0)
(43.021225, 26.570911, 0.0)
(43.029438, 26.532055, 0.0)
(42.945797, 26.401468, 0.0)
(42.732433, 26.172718, 0.0)
(42.744335, 26.085018, 0.0)
(42.408791, 26.055519, 0.0)
(42.633469, 26.974884, 0.0)
(42.849659, 26.544428, 0.0)
(42.530407, 25.923389, 0.0)
(42.554184, 25.908247, 0.0)
(42.610844, 25.995842, 0.0)
(42.631493, 26.044399, 0.0)
(42.632549, 26.032684, 0.0)
(42.658150, 25.996222, 0.0)
(42.648880, 26.001314, 0.0)
(42.627823, 25.996552, 0.0)
(42.607922, 26.004866, 0.0)
(42.628868, 26.010592, 0.0)
(42.596096, 25.915354, 0.0)
(42.572712, 25.875946, 0.0)
(42.569042, 25.922832, 0.0)
(42.585953, 26.007511, 0.0)
(42.604034, 26.009121, 0.0)
(42.591816, 26.016001, 0.0)
(42.591816, 26.016001, 0.0)
(42.586464, 25.999632, 0.0)
(42.578568, 25.920149, 0.0)
(42.589127, 25.930037, 0.0)
(42.596573, 25.947191, 0.0)
(40.707645, 24.519176, 0.0)
(39.528324, 23.492308, 0.0)
(39.467094, 23.338543, 0.0)
(39.470795, 23.229403, 0.0)
(39.456181, 23.146221, 0.0)
(39.252167, 22.688923, 0.0)
(39.227753, 22.661856, 0.0)
(39.250443, 22.673557, 0.0)
(39.243099, 22.661415, 0.0)
(39.267109, 22.653912, 0.0)
(39.305336, 22.630396, 0.0)
(39.270756, 22.580551, 0.0)
(39.285282, 22.580894, 0.0)
(39.263142, 22.621424, 0.0)
(39.264519, 22.661392, 0.0)
(39.272888, 22.705347, 0.0)
(39.300591, 23.069675, 0.0)
(39.227356, 23.007814, 0.0)
(39.167427, 22.966045, 0.0)
(39.197166, 23.038412, 0.0)
(39.142792, 23.054319, 0.0)
(39.133186, 23.100981, 0.0)
(39.141220, 23.119223, 0.0)
(39.077812, 22.954458, 0.0)
(39.046757, 22.919868, 0.0)
(39.034485, 22.941074, 0.0)
(39.026134, 22.975586, 0.0)
(39.045589, 23.021400, 0.0)
(39.060425, 23.060558, 0.0)
(39.077065, 23.011669, 0.0)
(39.063560, 22.895603, 0.0)
(39.077675, 22.841347, 0.0)
(39.076153, 22.823580, 0.0)
(39.093239, 22.850958, 0.0)
(39.102818, 22.866142, 0.0)
(39.101646, 22.874794, 0.0)
(39.089066, 22.869930, 0.0)
(39.079796, 22.821039, 0.0)
(39.045410, 22.795444, 0.0)
(36.624279, 24.045008, 0.0)
(33.854782, 26.290819, 0.0)
(33.191658, 27.105688, 0.0)
(33.180321, 27.287798, 0.0)
(33.097317, 27.169281, 0.0)
(33.004341, 27.014490, 0.0)
(33.036774, 26.777884, 0.0)
(33.099648, 26.674408, 0.0)
(33.283199, 26.643646, 0.0)
(33.250069, 26.637226, 0.0)
(33.187725, 26.625326, 0.0)
(33.142570, 26.674057, 0.0)
(33.153702, 26.596445, 0.0)
(33.139275, 26.526787, 0.0)
(33.133877, 26.513361, 0.0)
(33.147842, 26.551769, 0.0)
(33.167542, 26.571503, 0.0)
(33.178448, 26.599272, 0.0)
(33.203583, 26.584240, 0.0)
(33.147385, 26.504192, 0.0)
(33.117123, 26.458363, 0.0)
(33.117123, 26.458363, 0.0)
(33.128353, 26.484486, 0.0)
(33.166008, 26.491062, 0.0)
(33.133022, 26.487003, 0.0)
(33.170200, 26.501514, 0.0)
(33.179676, 26.484877, 0.0)
(33.166809, 26.469082, 0.0)
(33.190224, 26.476822, 0.0)
(33.211670, 26.518076, 0.0)
(33.209332, 26.541965, 0.0)
(33.197636, 26.554096, 0.0)
(33.222355, 26.492950, 0.0)
(33.178604, 26.470886, 0.0)
(33.177589, 26.465021, 0.0)
(33.166920, 26.492355, 0.0)
(33.168877, 26.560732, 0.0)
(33.585098, 26.495346, 0.0)
(38.206570, 26.353666, 0.0)
(39.505558, 26.454128, 0.0)
(39.581676, 26.349854, 0.0)
(39.565964, 26.292589, 0.0)
(39.589394, 26.285685, 0.0)
(39.609882, 26.279953, 0.0)
(39.628235, 26.272594, 0.0)
(39.562485, 26.087223, 0.0)
(39.528519, 25.968800, 0.0)
(39.498169, 25.906393, 0.0)
(39.491001, 25.889954, 0.0)
(39.492649, 25.931429, 0.0)
(39.461948, 26.002554, 0.0)
(39.459717, 26.009064, 0.0)
(39.798065, 26.209654, 0.0)
(39.740459, 26.199036, 0.0)
(39.653732, 26.157799, 0.0)
(39.688053, 26.105001, 0.0)
(39.220551, 25.874146, 0.0)
(39.165089, 25.833981, 0.0)
(39.205284, 25.844395, 0.0)
(39.239491, 25.804981, 0.0)
(39.193176, 25.660774, 0.0)
(39.647766, 25.805565, 0.0)
(39.707451, 25.867203, 0.0)
(39.695503, 25.869150, 0.0)
(39.703823, 25.873835, 0.0)
(39.704350, 25.881989, 0.0)
(39.714741, 25.873980, 0.0)
(39.424095, 25.870096, 0.0)
(39.285824, 25.801245, 0.0)
(39.303825, 25.791359, 0.0)
(39.311779, 25.798197, 0.0)
(39.318562, 25.819231, 0.0)
(39.330730, 25.821667, 0.0)
(39.793427, 25.751610, 0.0)
(39.861271, 25.655666, 0.0)
(39.860615, 25.641172, 0.0)
(40.288975, 25.651985, 0.0)
(42.778091, 25.425348, 0.0)
(43.575024, 25.205460, 0.0)
(43.716732, 25.151697, 0.0)
(43.677910, 25.041183, 0.0)
(43.672813, 24.979115, 0.0)
(43.679157, 24.973553, 0.0)
(43.492977, 24.801228, 0.0)
(43.478394, 24.752375, 0.0)
(43.377316, 24.841026, 0.0)
(43.257984, 24.948071, 0.0)
(43.316132, 24.535007, 0.0)
(43.323132, 24.453350, 0.0)
(43.345440, 24.640799, 0.0)
(43.361710, 24.692961, 0.0)
(43.385750, 24.702873, 0.0)
(43.397797, 24.700907, 0.0)
(43.393669, 24.670494, 0.0)
(43.390606, 24.662069, 0.0)
(43.394321, 24.643576, 0.0)
(43.374706, 24.712088, 0.0)
(43.402893, 24.669127, 0.0)
(43.376461, 24.622604, 0.0)
(43.360146, 24.584940, 0.0)
(43.349026, 24.618557, 0.0)
(43.338009, 24.671009, 0.0)
(43.312469, 24.670227, 0.0)
(43.299656, 24.668728, 0.0)
(43.325432, 24.740747, 0.0)
(43.315300, 24.727631, 0.0)
(43.312077, 24.745741, 0.0)
(43.313408, 24.829288, 0.0)
(43.297195, 24.893385, 0.0)
(43.289219, 24.956417, 0.0)
(43.309731, 25.005836, 0.0)
(43.271832, 24.965147, 0.0)
(42.295765, 24.771629, 0.0)
(38.511875, 25.882589, 0.0)
(35.040581, 27.034285, 0.0)
(32.792732, 29.602930, 0.0)
(31.417746, 30.976400, 0.0)
(30.917391, 31.353319, 0.0)
(30.663570, 31.334122, 0.0)
(30.601139, 31.179832, 0.0)
(30.571131, 31.049603, 0.0)
(30.525869, 31.048611, 0.0)
(30.264351, 30.853720, 0.0)
(30.191183, 30.783287, 0.0)
(30.133720, 30.674168, 0.0)
(30.117947, 30.575010, 0.0)
(30.099127, 30.571959, 0.0)
(30.079006, 30.561852, 0.0)
(30.069845, 30.578650, 0.0)
(30.037321, 30.601629, 0.0)
(30.041691, 30.630791, 0.0)
(30.002918, 30.624830, 0.0)
(29.939770, 30.606375, 0.0)
(29.938456, 30.611597, 0.0)
(29.921007, 30.629013, 0.0)
(29.906837, 30.654383, 0.0)
(29.956991, 30.646658, 0.0)
(29.938065, 30.573786, 0.0)
(29.925482, 30.536583, 0.0)
(29.889334, 30.510139, 0.0)
(29.895536, 30.515566, 0.0)
(29.899441, 30.502106, 0.0)
(29.899441, 30.502106, 0.0)
(29.899441, 30.502106, 0.0)
(29.937418, 30.475977, 0.0)
(29.929815, 30.422424, 0.0)
(29.969891, 30.419273, 0.0)
(29.977448, 30.456158, 0.0)
(29.966328, 30.504606, 0.0)
(29.992319, 30.455242, 0.0)
(33.459320, 29.549164, 0.0)
(37.782661, 29.072134, 0.0)
(38.623085, 28.846386, 0.0)
(38.751190, 28.774570, 0.0)
(38.836918, 28.756439, 0.0)
(38.884098, 28.688328, 0.0)
(38.918182, 28.684080, 0.0)
(38.961517, 28.637350, 0.0)
(39.024666, 28.561363, 0.0)
(39.075287, 28.482334, 0.0)
(39.300232, 27.869070, 0.0)
(39.368164, 27.834196, 0.0)
(39.430962, 27.827257, 0.0)
(39.417488, 27.780497, 0.0)
(39.432236, 27.744282, 0.0)
(39.434795, 27.730890, 0.0)
(39.501797, 27.751270, 0.0)
(39.556786, 27.793653, 0.0)
(39.543407, 27.836592, 0.0)
(39.518929, 27.866179, 0.0)
(39.516121, 27.877022, 0.0)
(39.510372, 27.840322, 0.0)
(39.518372, 27.841631, 0.0)
(39.496666, 27.863905, 0.0)
(39.490303, 27.932806, 0.0)
(39.518772, 27.959908, 0.0)
(39.523113, 27.896166, 0.0)
(39.466106, 27.827143, 0.0)
(39.437725, 27.844584, 0.0)
(39.451302, 27.872833, 0.0)
(39.453850, 27.900427, 0.0)
(39.447205, 27.932098, 0.0)
(39.461853, 27.961134, 0.0)
(39.443813, 27.943626, 0.0)
(39.437798, 27.900375, 0.0)
(39.432785, 27.906073, 0.0)
(39.412754, 27.937090, 0.0)
(40.552071, 29.541555, 0.0)
(41.946472, 31.883326, 0.0)
(41.983425, 31.838121, 0.0)
(41.923203, 31.667030, 0.0)
(41.912167, 31.611609, 0.0)
(41.961575, 31.622768, 0.0)
(41.966530, 31.609409, 0.0)
(42.314621, 31.699184, 0.0)
(42.355114, 31.724844, 0.0)
(42.344955, 31.735249, 0.0)
(42.336472, 31.715096, 0.0)
(42.320774, 31.677479, 0.0)
(42.329670, 31.696165, 0.0)
(42.339638, 31.722298, 0.0)
(42.347969, 31.742176, 0.0)
(42.349926, 31.732788, 0.0)
(42.306194, 31.644768, 0.0)
(42.313286, 31.600763, 0.0)
(42.302807, 31.623337, 0.0)
(42.315048, 31.637436, 0.0)
(42.298355, 31.620106, 0.0)
(42.292377, 31.641071, 0.0)
(42.286388, 31.628616, 0.0)
(41.970955, 30.822845, 0.0)
(40.691772, 27.048862, 0.0)
(39.937786, 25.707993, 0.0)
(39.877422, 25.681820, 0.0)
(39.881588, 25.619564, 0.0)
(39.909702, 25.510651, 0.0)
(39.905823, 25.416555, 0.0)
(39.888683, 25.396591, 0.0)
(39.902630, 25.382513, 0.0)
(39.890724, 25.379324, 0.0)
(39.925186, 25.397474, 0.0)
(39.926769, 25.402674, 0.0)
(39.922222, 25.394199, 0.0)
(39.911282, 25.377499, 0.0)
(39.896477, 25.366550, 0.0)
(39.889225, 25.369677, 0.0)
(39.886574, 25.383261, 0.0)
(39.870899, 25.413250, 0.0)
(39.982368, 25.508846, 0.0)
(42.098198, 29.702211, 0.0)
(42.205780, 30.966154, 0.0)
(42.157822, 30.880703, 0.0)
(42.151741, 30.839209, 0.0)
(42.144466, 30.829105, 0.0)
(42.145073, 30.851980, 0.0)
(42.145073, 30.851980, 0.0)
(42.157532, 30.830856, 0.0)
(42.158611, 30.825142, 0.0)
(42.152069, 30.820776, 0.0)
(42.156475, 30.820293, 0.0)
(42.156475, 30.820293, 0.0)
(42.138500, 30.835449, 0.0)
(42.129383, 30.823662, 0.0)
(42.094685, 30.767536, 0.0)
(42.047112, 30.676262, 0.0)
(42.027744, 30.699602, 0.0)
(41.882877, 30.550604, 0.0)
(41.445923, 31.104475, 0.0)
