{
  "prompt": "black pupil.",
  "gsam2_centers": [
    {
      "valid": true,
      "cx": 129.82999999999998,
      "cy": 115.47,
      "area": 455,
      "det_score": 0.3215,
      "sam_score": 0.9534,
      "box": [
        118.8,
        100.7,
        141.5,
        130.4
      ],
      "repeats": [
        [
          129.68,
          115.45
        ],
        [
          129.82,
          115.47
        ],
        [
          129.81,
          115.31
        ],
        [
          129.93,
          115.38
        ],
        [
          131.11,
          115.5
        ]
      ],
      "idx": 805,
      "mislabel": false,
      "mislabel_reason": "ok",
      "e_unet": 1.26
    },
    {
      "valid": true,
      "cx": 129.86,
      "cy": 115.43,
      "area": 458,
      "det_score": 0.3124,
      "sam_score": 0.9547,
      "box": [
        118.8,
        100.6,
        141.5,
        130.4
      ],
      "repeats": [
        [
          129.73000000000002,
          115.31
        ],
        [
          129.86,
          115.48
        ],
        [
          129.81,
          115.27
        ],
        [
          129.93,
          115.3
        ],
        [
          131.15,
          115.45
        ]
      ],
      "idx": 806,
      "mislabel": false,
      "mislabel_reason": "ok",
      "e_unet": 1.35
    },
    {
      "valid": true,
      "cx": 129.70999999999998,
      "cy": 115.5,
      "area": 461,
      "det_score": 0.329,
      "sam_score": 0.9537,
      "box": [
        118.8,
        100.6,
        141.4,
        130.5
      ],
      "repeats": [
        [
          129.67000000000002,
          115.42
        ],
        [
          129.76999999999998,
          115.53
        ],
        [
          129.8,
          115.41
        ],
        [
          129.88,
          115.39
        ],
        [
          131.03,
          115.46
        ]
      ],
      "idx": 807,
      "mislabel": false,
      "mislabel_reason": "ok",
      "e_unet": 1.33
    },
    {
      "valid": true,
      "cx": 129.81,
      "cy": 115.45,
      "area": 460,
      "det_score": 0.3252,
      "sam_score": 0.9549,
      "box": [
        118.9,
        100.7,
        141.5,
        130.4
      ],
      "repeats": [
        [
          129.8,
          115.41
        ],
        [
          129.87,
          115.44
        ],
        [
          129.87,
          115.44
        ],
        [
          129.98000000000002,
          115.34
        ],
        [
          131.11,
          115.38
        ]
      ],
      "idx": 808,
      "mislabel": false,
      "mislabel_reason": "ok",
      "e_unet": 1.24
    },
    {
      "valid": true,
      "cx": 129.81,
      "cy": 115.53,
      "area": 462,
      "det_score": 0.3274,
      "sam_score": 0.9535,
      "box": [
        118.9,
        100.5,
        141.7,
        130.6
      ],
      "repeats": [
        [
          129.81,
          115.4
        ],
        [
          129.88,
          115.5
        ],
        [
          129.87,
          115.44
        ],
        [
          129.98000000000002,
          115.34
        ],
        [
          131.1,
          115.39
        ]
      ],
      "idx": 809,
      "mislabel": false,
      "mislabel_reason": "ok",
      "e_unet": 1.36
    },
    {
      "valid": true,
      "cx": 129.82,
      "cy": 115.37,
      "area": 466,
      "det_score": 0.3323,
      "sam_score": 0.9523,
      "box": [
        118.6,
        100.3,
        141.7,
        130.5
      ],
      "repeats": [
        [
          129.74,
          115.38
        ],
        [
          129.78,
          115.5
        ],
        [
          129.76999999999998,
          115.49
        ],
        [
          129.95,
          115.32
        ],
        [
          131.08,
          115.34
        ]
      ],
      "idx": 810,
      "mislabel": false,
      "mislabel_reason": "ok",
      "e_unet": 1.37
    },
    {
      "valid": true,
      "cx": 129.79000000000002,
      "cy": 115.36,
      "area": 468,
      "det_score": 0.3425,
      "sam_score": 0.9531,
      "box": [
        118.6,
        100.4,
        141.7,
        130.4
      ],
      "repeats": [
        [
          129.70999999999998,
          115.36
        ],
        [
          129.78,
          115.46
        ],
        [
          129.74,
          115.42
        ],
        [
          129.92000000000002,
          115.12
        ],
        [
          131.06,
          115.39
        ]
      ],
      "idx": 811,
      "mislabel": false,
      "mislabel_reason": "ok",
      "e_unet": 1.36
    },
    {
      "valid": true,
      "cx": 129.81,
      "cy": 115.34,
      "area": 466,
      "det_score": 0.3442,
      "sam_score": 0.9522,
      "box": [
        118.7,
        100.3,
        141.7,
        130.5
      ],
      "repeats": [
        [
          129.76999999999998,
          115.25
        ],
        [
          129.81,
          115.45
        ],
        [
          129.8,
          115.37
        ],
        [
          129.95999999999998,
          115.19
        ],
        [
          131.16,
          115.31
        ]
      ],
      "idx": 812,
      "mislabel": false,
      "mislabel_reason": "ok",
      "e_unet": 1.31
    },
    {
      "valid": true,
      "cx": 129.87,
      "cy": 115.22,
      "area": 464,
      "det_score": 0.3209,
      "sam_score": 0.9522,
      "box": [
        118.7,
        100.1,
        141.9,
        130.4
      ],
      "repeats": [
        [
          129.76,
          115.11
        ],
        [
          129.9,
          115.25
        ],
        [
          129.87,
          115.18
        ],
        [
          130.23000000000002,
          115.3
        ],
        [
          131.31,
          115.27
        ]
      ],
      "idx": 813,
      "mislabel": false,
      "mislabel_reason": "ok",
      "e_unet": 1.26
    },
    {
      "valid": true,
      "cx": 129.95,
      "cy": 115.14,
      "area": 467,
      "det_score": 0.3315,
      "sam_score": 0.9506,
      "box": [
        118.7,
        100.1,
        141.9,
        130.4
      ],
      "repeats": [
        [
          129.8,
          115.05
        ],
        [
          129.93,
          115.29
        ],
        [
          129.98000000000002,
          115.14
        ],
        [
          130.3,
          115.23
        ],
        [
          131.35,
          115.25
        ]
      ],
      "idx": 814,
      "mislabel": false,
      "mislabel_reason": "ok",
      "e_unet": 1.18
    },
    {
      "valid": true,
      "cx": 129.97,
      "cy": 115.34,
      "area": 469,
      "det_score": 0.3234,
      "sam_score": 0.9522,
      "box": [
        118.8,
        100.2,
        142.0,
        130.5
      ],
      "repeats": [
        [
          129.95999999999998,
          115.17
        ],
        [
          129.97,
          115.44
        ],
        [
          130.01999999999998,
          115.24
        ],
        [
          130.29000000000002,
          115.18
        ],
        [
          131.52,
          115.19
        ]
      ],
      "idx": 815,
      "mislabel": false,
      "mislabel_reason": "ok",
      "e_unet": 1.31
    }
  ]
}