{
  "prompt": "black pupil.",
  "gsam2_centers": [
    {
      "valid": true,
      "cx": 150.7,
      "cy": 89.58,
      "area": 332,
      "det_score": 0.3625,
      "sam_score": 0.9498,
      "box": [
        139.8,
        79.6,
        163.1,
        100.3
      ],
      "repeats": [
        [
          150.7,
          89.44
        ],
        [
          150.79000000000002,
          89.67
        ],
        [
          150.81,
          89.52
        ],
        [
          150.91,
          89.36
        ],
        [
          151.91,
          89.56
        ]
      ],
      "idx": 2205,
      "mislabel": false,
      "mislabel_reason": "ok",
      "e_unet": 0.98
    },
    {
      "valid": true,
      "cx": 150.9,
      "cy": 89.46,
      "area": 322,
      "det_score": 0.3801,
      "sam_score": 0.9502,
      "box": [
        139.9,
        79.6,
        162.9,
        100.0
      ],
      "repeats": [
        [
          150.72,
          89.47
        ],
        [
          150.89,
          89.53
        ],
        [
          150.91,
          89.51
        ],
        [
          150.9,
          89.39
        ],
        [
          151.92,
          89.51
        ]
      ],
      "idx": 2206,
      "mislabel": false,
      "mislabel_reason": "ok",
      "e_unet": 0.96
    },
    {
      "valid": true,
      "cx": 150.94,
      "cy": 89.52,
      "area": 314,
      "det_score": 0.3774,
      "sam_score": 0.9517,
      "box": [
        140.0,
        79.7,
        162.9,
        99.8
      ],
      "repeats": [
        [
          150.86,
          89.49
        ],
        [
          151.06,
          89.42
        ],
        [
          151.05,
          89.41
        ],
        [
          150.93,
          89.45
        ],
        [
          151.96,
          89.52
        ]
      ],
      "idx": 2207,
      "mislabel": false,
      "mislabel_reason": "ok",
      "e_unet": 1.07
    },
    {
      "valid": true,
      "cx": 150.82999999999998,
      "cy": 89.56,
      "area": 312,
      "det_score": 0.3743,
      "sam_score": 0.9513,
      "box": [
        140.2,
        79.7,
        162.8,
        99.6
      ],
      "repeats": [
        [
          150.87,
          89.41
        ],
        [
          150.91,
          89.49
        ],
        [
          150.88,
          89.36
        ],
        [
          150.95999999999998,
          89.37
        ],
        [
          151.77,
          89.62
        ]
      ],
      "idx": 2208,
      "mislabel": false,
      "mislabel_reason": "ok",
      "e_unet": 1.12
    },
    {
      "valid": true,
      "cx": 150.81,
      "cy": 89.35,
      "area": 304,
      "det_score": 0.3822,
      "sam_score": 0.95,
      "box": [
        140.1,
        79.7,
        162.6,
        99.6
      ],
      "repeats": [
        [
          150.82,
          89.34
        ],
        [
          150.82,
          89.36
        ],
        [
          150.82,
          89.36
        ],
        [
          150.84,
          89.26
        ],
        [
          151.85,
          89.34
        ]
      ],
      "idx": 2209,
      "mislabel": false,
      "mislabel_reason": "ok",
      "e_unet": 0.98
    },
    {
      "valid": true,
      "cx": 150.82999999999998,
      "cy": 89.04,
      "area": 311,
      "det_score": 0.3755,
      "sam_score": 0.9515,
      "box": [
        140.1,
        79.5,
        162.8,
        99.4
      ],
      "repeats": [
        [
          150.68,
          88.94
        ],
        [
          150.93,
          89.09
        ],
        [
          150.86,
          88.97
        ],
        [
          150.95,
          88.95
        ],
        [
          151.8,
          89.15
        ]
      ],
      "idx": 2210,
      "mislabel": false,
      "mislabel_reason": "ok",
      "e_unet": 1.03
    },
    {
      "valid": true,
      "cx": 150.93,
      "cy": 88.78,
      "area": 307,
      "det_score": 0.3863,
      "sam_score": 0.9484,
      "box": [
        140.2,
        79.3,
        162.9,
        98.9
      ],
      "repeats": [
        [
          150.95999999999998,
          88.71
        ],
        [
          150.93,
          88.81
        ],
        [
          151.07,
          88.67
        ],
        [
          150.93,
          88.65
        ],
        [
          151.86,
          88.86
        ]
      ],
      "idx": 2211,
      "mislabel": false,
      "mislabel_reason": "ok",
      "e_unet": 0.96
    },
    {
      "valid": true,
      "cx": 150.93,
      "cy": 88.78,
      "area": 307,
      "det_score": 0.3944,
      "sam_score": 0.9495,
      "box": [
        140.2,
        79.3,
        162.9,
        99.0
      ],
      "repeats": [
        [
          150.95,
          88.74
        ],
        [
          150.9,
          88.86
        ],
        [
          150.91,
          88.84
        ],
        [
          150.92000000000002,
          88.73
        ],
        [
          151.88,
          88.85
        ]
      ],
      "idx": 2212,
      "mislabel": false,
      "mislabel_reason": "ok",
      "e_unet": 0.92
    },
    {
      "valid": true,
      "cx": 150.89,
      "cy": 88.81,
      "area": 310,
      "det_score": 0.4035,
      "sam_score": 0.9514,
      "box": [
        140.2,
        79.2,
        163.0,
        99.2
      ],
      "repeats": [
        [
          150.97,
          88.76
        ],
        [
          150.94,
          88.86
        ],
        [
          150.99,
          88.77
        ],
        [
          150.99,
          88.62
        ],
        [
          151.87,
          88.87
        ]
      ],
      "idx": 2213,
      "mislabel": false,
      "mislabel_reason": "ok",
      "e_unet": 0.93
    },
    {
      "valid": true,
      "cx": 151.11,
      "cy": 88.82,
      "area": 318,
      "det_score": 0.3865,
      "sam_score": 0.9514,
      "box": [
        140.2,
        79.1,
        163.2,
        99.3
      ],
      "repeats": [
        [
          150.99,
          88.66
        ],
        [
          151.07,
          88.87
        ],
        [
          151.07,
          88.73
        ],
        [
          151.16,
          88.67
        ],
        [
          152.07,
          88.87
        ]
      ],
      "idx": 2214,
      "mislabel": false,
      "mislabel_reason": "ok",
      "e_unet": 1.08
    },
    {
      "valid": true,
      "cx": 151.05,
      "cy": 89.0,
      "area": 325,
      "det_score": 0.3574,
      "sam_score": 0.9509,
      "box": [
        140.1,
        79.0,
        163.5,
        99.5
      ],
      "repeats": [
        [
          151.07,
          88.91
        ],
        [
          151.11,
          89.05
        ],
        [
          151.13,
          88.89
        ],
        [
          151.22,
          88.81
        ],
        [
          152.03,
          89.03
        ]
      ],
      "idx": 2215,
      "mislabel": false,
      "mislabel_reason": "ok",
      "e_unet": 1.03
    }
  ]
}