{
  "prompt": "black pupil.",
  "gsam2_centers": [
    {
      "valid": true,
      "cx": 141.36,
      "cy": 147.84,
      "area": 975,
      "det_score": 0.3607,
      "sam_score": 0.971,
      "box": [
        125.2,
        127.7,
        158.9,
        168.1
      ],
      "repeats": [
        [
          141.42000000000002,
          147.79
        ],
        [
          141.44,
          147.83
        ],
        [
          141.38,
          147.81
        ],
        [
          141.68,
          147.34
        ],
        [
          142.6,
          147.87
        ]
      ],
      "idx": 1605,
      "mislabel": false,
      "mislabel_reason": "ok",
      "e_unet": 1.28
    },
    {
      "valid": true,
      "cx": 141.51,
      "cy": 147.89,
      "area": 971,
      "det_score": 0.3726,
      "sam_score": 0.9708,
      "box": [
        125.4,
        127.8,
        159.0,
        168.2
      ],
      "repeats": [
        [
          141.5,
          147.86
        ],
        [
          141.53,
          147.94
        ],
        [
          141.51999999999998,
          147.91
        ],
        [
          141.53,
          147.83
        ],
        [
          142.61,
          147.93
        ]
      ],
      "idx": 1606,
      "mislabel": false,
      "mislabel_reason": "ok",
      "e_unet": 1.23
    },
    {
      "valid": true,
      "cx": 141.56,
      "cy": 147.92,
      "area": 971,
      "det_score": 0.3623,
      "sam_score": 0.9693,
      "box": [
        125.5,
        127.8,
        159.1,
        168.1
      ],
      "repeats": [
        [
          141.55,
          147.87
        ],
        [
          141.55,
          147.99
        ],
        [
          141.57,
          147.91
        ],
        [
          141.57999999999998,
          147.88
        ],
        [
          142.7,
          147.96
        ]
      ],
      "idx": 1607,
      "mislabel": false,
      "mislabel_reason": "ok",
      "e_unet": 1.17
    },
    {
      "valid": true,
      "cx": 141.57,
      "cy": 147.93,
      "area": 969,
      "det_score": 0.3789,
      "sam_score": 0.971,
      "box": [
        125.5,
        127.9,
        159.2,
        168.2
      ],
      "repeats": [
        [
          141.57999999999998,
          147.86
        ],
        [
          141.57,
          148.04
        ],
        [
          141.57,
          147.94
        ],
        [
          141.64,
          147.86
        ],
        [
          142.8,
          147.92
        ]
      ],
      "idx": 1608,
      "mislabel": false,
      "mislabel_reason": "ok",
      "e_unet": 1.16
    },
    {
      "valid": true,
      "cx": 141.6,
      "cy": 148.05,
      "area": 961,
      "det_score": 0.3692,
      "sam_score": 0.9712,
      "box": [
        125.6,
        128.1,
        159.1,
        168.2
      ],
      "repeats": [
        [
          141.6,
          147.98
        ],
        [
          141.59,
          148.09
        ],
        [
          141.59,
          148.03
        ],
        [
          141.68,
          147.91
        ],
        [
          142.85,
          147.94
        ]
      ],
      "idx": 1609,
      "mislabel": false,
      "mislabel_reason": "ok",
      "e_unet": 1.22
    },
    {
      "valid": true,
      "cx": 141.6,
      "cy": 147.94,
      "area": 966,
      "det_score": 0.3692,
      "sam_score": 0.9697,
      "box": [
        125.6,
        127.8,
        159.2,
        168.1
      ],
      "repeats": [
        [
          141.57,
          147.91
        ],
        [
          141.61,
          148.04
        ],
        [
          141.59,
          147.97
        ],
        [
          141.63,
          147.92
        ],
        [
          142.81,
          147.95
        ]
      ],
      "idx": 1610,
      "mislabel": false,
      "mislabel_reason": "ok",
      "e_unet": 1.2
    },
    {
      "valid": true,
      "cx": 141.63,
      "cy": 147.83,
      "area": 975,
      "det_score": 0.3723,
      "sam_score": 0.9692,
      "box": [
        125.6,
        127.8,
        159.1,
        168.1
      ],
      "repeats": [
        [
          141.57999999999998,
          147.82
        ],
        [
          141.63,
          147.83
        ],
        [
          141.66,
          147.77
        ],
        [
          141.99,
          147.29
        ],
        [
          142.79,
          147.87
        ]
      ],
      "idx": 1611,
      "mislabel": false,
      "mislabel_reason": "ok",
      "e_unet": 1.16
    },
    {
      "valid": true,
      "cx": 141.65,
      "cy": 147.88,
      "area": 973,
      "det_score": 0.3734,
      "sam_score": 0.9688,
      "box": [
        125.6,
        127.9,
        159.2,
        168.2
      ],
      "repeats": [
        [
          141.63,
          147.9
        ],
        [
          141.64,
          148.0
        ],
        [
          141.67000000000002,
          147.89
        ],
        [
          141.7,
          147.87
        ],
        [
          142.87,
          147.9
        ]
      ],
      "idx": 1612,
      "mislabel": false,
      "mislabel_reason": "ok",
      "e_unet": 1.15
    },
    {
      "valid": true,
      "cx": 141.65,
      "cy": 148.0,
      "area": 965,
      "det_score": 0.3598,
      "sam_score": 0.9696,
      "box": [
        125.7,
        127.9,
        159.2,
        168.2
      ],
      "repeats": [
        [
          141.64,
          148.04
        ],
        [
          141.69,
          148.03
        ],
        [
          141.68,
          148.0
        ],
        [
          141.73000000000002,
          147.89
        ],
        [
          142.89,
          147.98
        ]
      ],
      "idx": 1613,
      "mislabel": false,
      "mislabel_reason": "ok",
      "e_unet": 1.17
    },
    {
      "valid": true,
      "cx": 141.68,
      "cy": 148.04,
      "area": 964,
      "det_score": 0.3788,
      "sam_score": 0.9691,
      "box": [
        125.6,
        127.9,
        159.2,
        168.2
      ],
      "repeats": [
        [
          141.66,
          148.03
        ],
        [
          141.7,
          148.08
        ],
        [
          141.69,
          147.99
        ],
        [
          141.74,
          147.86
        ],
        [
          142.89,
          147.99
        ]
      ],
      "idx": 1614,
      "mislabel": false,
      "mislabel_reason": "ok",
      "e_unet": 1.21
    },
    {
      "valid": true,
      "cx": 141.7,
      "cy": 148.09,
      "area": 965,
      "det_score": 0.3621,
      "sam_score": 0.9696,
      "box": [
        125.7,
        127.9,
        159.1,
        168.2
      ],
      "repeats": [
        [
          141.67000000000002,
          148.04
        ],
        [
          141.70999999999998,
          148.12
        ],
        [
          141.73000000000002,
          148.02
        ],
        [
          141.75,
          147.99
        ],
        [
          142.93,
          148.03
        ]
      ],
      "idx": 1615,
      "mislabel": false,
      "mislabel_reason": "ok",
      "e_unet": 1.26
    }
  ]
}