{
  "prompt": "black pupil.",
  "gsam2_centers": [
    {
      "valid": true,
      "cx": 154.09,
      "cy": 132.86,
      "area": 1059,
      "det_score": 0.4098,
      "sam_score": 0.9745,
      "box": [
        135.4,
        113.7,
        173.5,
        152.0
      ],
      "repeats": [
        [
          154.03,
          132.84
        ],
        [
          154.07,
          132.93
        ],
        [
          154.05,
          132.89
        ],
        [
          154.1,
          132.81
        ],
        [
          155.15,
          132.91
        ]
      ],
      "idx": 907,
      "mislabel": false,
      "mislabel_reason": "ok",
      "e_unet": 0.96
    },
    {
      "valid": true,
      "cx": 159.79,
      "cy": 132.36,
      "area": 1100,
      "det_score": 0.3565,
      "sam_score": 0.9758,
      "box": [
        140.3,
        113.4,
        179.9,
        151.5
      ],
      "repeats": [
        [
          159.75,
          132.32999999999998
        ],
        [
          159.79,
          132.38
        ],
        [
          159.76,
          132.34
        ],
        [
          159.78,
          132.34
        ],
        [
          160.85,
          132.4
        ]
      ],
      "idx": 908,
      "mislabel": false,
      "mislabel_reason": "ok",
      "e_unet": 1.05
    },
    {
      "valid": true,
      "cx": 160.69,
      "cy": 132.18,
      "area": 1105,
      "det_score": 0.3305,
      "sam_score": 0.9746,
      "box": [
        141.2,
        113.1,
        180.7,
        151.3
      ],
      "repeats": [
        [
          160.65,
          132.14
        ],
        [
          160.69,
          132.23000000000002
        ],
        [
          160.7,
          132.17000000000002
        ],
        [
          160.72,
          132.13
        ],
        [
          161.86,
          132.23000000000002
        ]
      ],
      "idx": 909,
      "mislabel": false,
      "mislabel_reason": "ok",
      "e_unet": 0.97
    },
    {
      "valid": true,
      "cx": 161.93,
      "cy": 132.06,
      "area": 1114,
      "det_score": 0.346,
      "sam_score": 0.9754,
      "box": [
        142.5,
        112.8,
        181.9,
        151.1
      ],
      "repeats": [
        [
          161.9,
          132.01999999999998
        ],
        [
          161.93,
          132.07999999999998
        ],
        [
          161.91,
          132.06
        ],
        [
          161.96,
          131.98000000000002
        ],
        [
          163.02,
          132.07
        ]
      ],
      "idx": 910,
      "mislabel": false,
      "mislabel_reason": "ok",
      "e_unet": 1.05
    },
    {
      "valid": true,
      "cx": 163.54,
      "cy": 131.79000000000002,
      "area": 1126,
      "det_score": 0.3365,
      "sam_score": 0.9748,
      "box": [
        143.9,
        112.4,
        183.9,
        151.0
      ],
      "repeats": [
        [
          163.51,
          131.7
        ],
        [
          163.56,
          131.82999999999998
        ],
        [
          163.54,
          131.76999999999998
        ],
        [
          163.61,
          131.70999999999998
        ],
        [
          164.64,
          131.85
        ]
      ],
      "idx": 911,
      "mislabel": false,
      "mislabel_reason": "ok",
      "e_unet": 1.01
    },
    {
      "valid": true,
      "cx": 164.99,
      "cy": 131.41,
      "area": 1129,
      "det_score": 0.3643,
      "sam_score": 0.9755,
      "box": [
        145.4,
        112.1,
        185.6,
        150.5
      ],
      "repeats": [
        [
          164.97,
          131.39
        ],
        [
          165.01,
          131.47
        ],
        [
          165.06,
          131.4
        ],
        [
          165.11,
          131.3
        ],
        [
          166.06,
          131.47
        ]
      ],
      "idx": 912,
      "mislabel": false,
      "mislabel_reason": "ok",
      "e_unet": 1.05
    },
    {
      "valid": true,
      "cx": 171.21,
      "cy": 130.82,
      "area": 1145,
      "det_score": 0.3418,
      "sam_score": 0.972,
      "box": [
        151.6,
        111.8,
        192.4,
        150.0
      ],
      "repeats": [
        [
          171.28,
          130.63
        ],
        [
          171.34,
          130.74
        ],
        [
          171.32,
          130.69
        ],
        [
          171.38,
          130.68
        ],
        [
          172.41,
          130.68
        ]
      ],
      "idx": 913,
      "mislabel": false,
      "mislabel_reason": "ok",
      "e_unet": 1.07
    }
  ]
}