{
  "prompt": "black pupil.",
  "gsam2_centers": [
    {
      "valid": true,
      "cx": 137.01,
      "cy": 87.55,
      "area": 408,
      "det_score": 0.3753,
      "sam_score": 0.9577,
      "box": [
        125.6,
        75.5,
        149.4,
        99.5
      ],
      "repeats": [
        [
          137.01999999999998,
          87.46
        ],
        [
          137.03,
          87.61
        ],
        [
          137.03,
          87.52
        ],
        [
          137.06,
          87.38
        ],
        [
          138.18,
          87.52
        ]
      ],
      "idx": 105,
      "mislabel": false,
      "mislabel_reason": "ok",
      "e_unet": 1.2
    },
    {
      "valid": true,
      "cx": 137.0,
      "cy": 87.49,
      "area": 407,
      "det_score": 0.3789,
      "sam_score": 0.9572,
      "box": [
        125.6,
        75.6,
        149.4,
        99.5
      ],
      "repeats": [
        [
          137.01999999999998,
          87.46
        ],
        [
          137.04000000000002,
          87.55
        ],
        [
          137.01,
          87.46
        ],
        [
          137.04000000000002,
          87.47
        ],
        [
          138.19,
          87.56
        ]
      ],
      "idx": 106,
      "mislabel": false,
      "mislabel_reason": "ok",
      "e_unet": 1.2
    },
    {
      "valid": true,
      "cx": 137.01,
      "cy": 87.55,
      "area": 408,
      "det_score": 0.3712,
      "sam_score": 0.9567,
      "box": [
        125.7,
        75.6,
        149.4,
        99.5
      ],
      "repeats": [
        [
          137.01999999999998,
          87.46
        ],
        [
          137.06,
          87.61
        ],
        [
          137.03,
          87.52
        ],
        [
          137.11,
          87.51
        ],
        [
          138.21,
          87.62
        ]
      ],
      "idx": 107,
      "mislabel": false,
      "mislabel_reason": "ok",
      "e_unet": 1.48
    },
    {
      "valid": true,
      "cx": 137.0,
      "cy": 87.49,
      "area": 407,
      "det_score": 0.3637,
      "sam_score": 0.9573,
      "box": [
        125.7,
        75.7,
        149.4,
        99.5
      ],
      "repeats": [
        [
          137.01999999999998,
          87.46
        ],
        [
          137.07,
          87.65
        ],
        [
          137.03,
          87.52
        ],
        [
          137.05,
          87.47
        ],
        [
          138.23,
          87.63
        ]
      ],
      "idx": 108,
      "mislabel": false,
      "mislabel_reason": "ok",
      "e_unet": 1.17
    },
    {
      "valid": true,
      "cx": 137.01,
      "cy": 87.55,
      "area": 408,
      "det_score": 0.3883,
      "sam_score": 0.9558,
      "box": [
        125.7,
        75.5,
        149.4,
        99.5
      ],
      "repeats": [
        [
          137.06,
          87.53
        ],
        [
          137.09,
          87.66
        ],
        [
          137.09,
          87.57
        ],
        [
          137.04000000000002,
          87.55
        ],
        [
          138.18,
          87.65
        ]
      ],
      "idx": 109,
      "mislabel": false,
      "mislabel_reason": "ok",
      "e_unet": 1.17
    },
    {
      "valid": true,
      "cx": 137.04000000000002,
      "cy": 87.55,
      "area": 407,
      "det_score": 0.3811,
      "sam_score": 0.9582,
      "box": [
        125.7,
        75.7,
        149.4,
        99.5
      ],
      "repeats": [
        [
          137.06,
          87.53
        ],
        [
          137.07,
          87.7
        ],
        [
          137.07,
          87.61
        ],
        [
          137.04000000000002,
          87.55
        ],
        [
          138.23,
          87.63
        ]
      ],
      "idx": 110,
      "mislabel": false,
      "mislabel_reason": "ok",
      "e_unet": 1.2
    },
    {
      "valid": true,
      "cx": 137.01,
      "cy": 87.55,
      "area": 408,
      "det_score": 0.3747,
      "sam_score": 0.9574,
      "box": [
        125.6,
        75.7,
        149.4,
        99.5
      ],
      "repeats": [
        [
          137.03,
          87.53
        ],
        [
          137.05,
          87.68
        ],
        [
          137.04000000000002,
          87.66
        ],
        [
          137.01,
          87.55
        ],
        [
          138.14,
          87.68
        ]
      ],
      "idx": 111,
      "mislabel": false,
      "mislabel_reason": "ok",
      "e_unet": 1.2
    },
    {
      "valid": true,
      "cx": 136.95,
      "cy": 87.46,
      "area": 406,
      "det_score": 0.372,
      "sam_score": 0.956,
      "box": [
        125.6,
        75.7,
        149.3,
        99.5
      ],
      "repeats": [
        [
          136.92000000000002,
          87.44
        ],
        [
          137.04000000000002,
          87.65
        ],
        [
          137.0,
          87.53
        ],
        [
          137.01999999999998,
          87.46
        ],
        [
          138.09,
          87.56
        ]
      ],
      "idx": 112,
      "mislabel": false,
      "mislabel_reason": "ok",
      "e_unet": 1.16
    },
    {
      "valid": true,
      "cx": 136.92000000000002,
      "cy": 87.46,
      "area": 405,
      "det_score": 0.3677,
      "sam_score": 0.9563,
      "box": [
        125.6,
        75.7,
        149.3,
        99.4
      ],
      "repeats": [
        [
          136.91,
          87.4
        ],
        [
          136.93,
          87.52
        ],
        [
          136.94,
          87.45
        ],
        [
          136.98000000000002,
          87.44
        ],
        [
          138.02,
          87.58
        ]
      ],
      "idx": 113,
      "mislabel": false,
      "mislabel_reason": "ok",
      "e_unet": 1.3
    },
    {
      "valid": true,
      "cx": 136.92000000000002,
      "cy": 87.46,
      "area": 405,
      "det_score": 0.3717,
      "sam_score": 0.9554,
      "box": [
        125.5,
        75.6,
        149.2,
        99.5
      ],
      "repeats": [
        [
          136.91,
          87.4
        ],
        [
          136.93,
          87.52
        ],
        [
          136.94,
          87.45
        ],
        [
          137.01999999999998,
          87.35
        ],
        [
          138.0,
          87.49
        ]
      ],
      "idx": 114,
      "mislabel": false,
      "mislabel_reason": "ok",
      "e_unet": 1.19
    },
    {
      "valid": true,
      "cx": 136.86,
      "cy": 87.41,
      "area": 405,
      "det_score": 0.3615,
      "sam_score": 0.9555,
      "box": [
        125.5,
        75.5,
        149.2,
        99.4
      ],
      "repeats": [
        [
          136.91,
          87.4
        ],
        [
          136.92000000000002,
          87.44
        ],
        [
          136.94,
          87.34
        ],
        [
          137.0,
          87.33
        ],
        [
          138.01,
          87.45
        ]
      ],
      "idx": 115,
      "mislabel": false,
      "mislabel_reason": "ok",
      "e_unet": 1.24
    }
  ]
}