{
  "prompt": "black pupil.",
  "gsam2_centers": [
    {
      "valid": true,
      "cx": 137.75,
      "cy": 84.75,
      "area": 263,
      "det_score": 0.4199,
      "sam_score": 0.9505,
      "box": [
        127.9,
        76.1,
        148.4,
        94.1
      ],
      "repeats": [
        [
          137.85,
          84.58
        ],
        [
          137.82,
          84.94
        ],
        [
          137.84,
          84.77
        ],
        [
          137.82999999999998,
          84.73
        ],
        [
          138.83,
          84.81
        ]
      ],
      "idx": 2105,
      "mislabel": false,
      "mislabel_reason": "ok",
      "e_unet": 0.94
    },
    {
      "valid": true,
      "cx": 137.78,
      "cy": 84.76,
      "area": 265,
      "det_score": 0.4275,
      "sam_score": 0.9493,
      "box": [
        127.8,
        76.0,
        148.5,
        94.2
      ],
      "repeats": [
        [
          137.84,
          84.59
        ],
        [
          137.82,
          84.94
        ],
        [
          137.82,
          84.78
        ],
        [
          137.82,
          84.68
        ],
        [
          139.04,
          84.71
        ]
      ],
      "idx": 2106,
      "mislabel": false,
      "mislabel_reason": "ok",
      "e_unet": 0.97
    },
    {
      "valid": true,
      "cx": 137.7,
      "cy": 84.88,
      "area": 263,
      "det_score": 0.4301,
      "sam_score": 0.9502,
      "box": [
        127.8,
        76.0,
        148.4,
        94.2
      ],
      "repeats": [
        [
          137.7,
          84.64
        ],
        [
          137.81,
          85.01
        ],
        [
          137.76,
          84.8
        ],
        [
          137.87,
          84.78
        ],
        [
          138.75,
          84.83
        ]
      ],
      "idx": 2107,
      "mislabel": false,
      "mislabel_reason": "ok",
      "e_unet": 1.0
    },
    {
      "valid": true,
      "cx": 137.01,
      "cy": 83.87,
      "area": 252,
      "det_score": 0.413,
      "sam_score": 0.9493,
      "box": [
        127.2,
        74.9,
        148.0,
        93.1
      ],
      "repeats": [
        [
          137.06,
          83.81
        ],
        [
          137.01999999999998,
          83.92
        ],
        [
          137.09,
          83.84
        ],
        [
          137.07999999999998,
          83.7
        ],
        [
          138.15,
          83.87
        ]
      ],
      "idx": 2108,
      "mislabel": false,
      "mislabel_reason": "ok",
      "e_unet": 0.83
    },
    {
      "valid": true,
      "cx": 137.2,
      "cy": 83.38,
      "area": 259,
      "det_score": 0.4123,
      "sam_score": 0.9509,
      "box": [
        127.3,
        74.6,
        148.2,
        92.6
      ],
      "repeats": [
        [
          137.37,
          83.28
        ],
        [
          137.38,
          83.48
        ],
        [
          137.41,
          83.3
        ],
        [
          137.49,
          83.25
        ],
        [
          138.45,
          83.35
        ]
      ],
      "idx": 2109,
      "mislabel": false,
      "mislabel_reason": "ok",
      "e_unet": 0.81
    },
    {
      "valid": true,
      "cx": 137.38,
      "cy": 83.51,
      "area": 253,
      "det_score": 0.4112,
      "sam_score": 0.9499,
      "box": [
        127.4,
        74.7,
        148.2,
        92.8
      ],
      "repeats": [
        [
          137.29000000000002,
          83.42
        ],
        [
          137.38,
          83.64
        ],
        [
          137.47,
          83.54
        ],
        [
          137.4,
          83.35
        ],
        [
          138.48,
          83.44
        ]
      ],
      "idx": 2110,
      "mislabel": false,
      "mislabel_reason": "ok",
      "e_unet": 0.8
    },
    {
      "valid": true,
      "cx": 137.36,
      "cy": 83.59,
      "area": 254,
      "det_score": 0.4107,
      "sam_score": 0.9514,
      "box": [
        127.3,
        74.6,
        148.2,
        92.8
      ],
      "repeats": [
        [
          137.22,
          83.47
        ],
        [
          137.35,
          83.7
        ],
        [
          137.38,
          83.6
        ],
        [
          137.4,
          83.5
        ],
        [
          138.51,
          83.48
        ]
      ],
      "idx": 2111,
      "mislabel": false,
      "mislabel_reason": "ok",
      "e_unet": 0.84
    },
    {
      "valid": true,
      "cx": 137.29000000000002,
      "cy": 83.51,
      "area": 256,
      "det_score": 0.4096,
      "sam_score": 0.9508,
      "box": [
        127.3,
        74.6,
        148.2,
        92.7
      ],
      "repeats": [
        [
          137.2,
          83.42
        ],
        [
          137.32999999999998,
          83.63
        ],
        [
          137.38,
          83.57
        ],
        [
          137.41,
          83.34
        ],
        [
          138.4,
          83.46
        ]
      ],
      "idx": 2112,
      "mislabel": false,
      "mislabel_reason": "ok",
      "e_unet": 0.78
    },
    {
      "valid": true,
      "cx": 137.09,
      "cy": 83.54,
      "area": 258,
      "det_score": 0.4171,
      "sam_score": 0.9511,
      "box": [
        127.2,
        74.6,
        148.1,
        92.7
      ],
      "repeats": [
        [
          137.2,
          83.42
        ],
        [
          137.25,
          83.68
        ],
        [
          137.31,
          83.58
        ],
        [
          137.37,
          83.35
        ],
        [
          138.5,
          83.32
        ]
      ],
      "idx": 2113,
      "mislabel": false,
      "mislabel_reason": "ok",
      "e_unet": 0.78
    },
    {
      "valid": true,
      "cx": 137.1,
      "cy": 83.43,
      "area": 263,
      "det_score": 0.4122,
      "sam_score": 0.9512,
      "box": [
        127.1,
        74.5,
        148.2,
        92.7
      ],
      "repeats": [
        [
          136.95999999999998,
          83.37
        ],
        [
          137.15,
          83.51
        ],
        [
          137.18,
          83.37
        ],
        [
          137.18,
          83.37
        ],
        [
          138.21,
          83.43
        ]
      ],
      "idx": 2114,
      "mislabel": false,
      "mislabel_reason": "ok",
      "e_unet": 0.89
    },
    {
      "valid": true,
      "cx": 137.03,
      "cy": 83.41,
      "area": 261,
      "det_score": 0.4269,
      "sam_score": 0.9523,
      "box": [
        127.1,
        74.5,
        148.1,
        92.7
      ],
      "repeats": [
        [
          136.95999999999998,
          83.35
        ],
        [
          137.07999999999998,
          83.42
        ],
        [
          137.13,
          83.27
        ],
        [
          137.1,
          83.37
        ],
        [
          138.21,
          83.32
        ]
      ],
      "idx": 2115,
      "mislabel": false,
      "mislabel_reason": "ok",
      "e_unet": 0.92
    }
  ]
}