{
  "prompt": "black pupil.",
  "gsam2_centers": [
    {
      "valid": true,
      "cx": 147.41,
      "cy": 95.89,
      "area": 394,
      "det_score": 0.463,
      "sam_score": 0.9549,
      "box": [
        135.6,
        85.6,
        160.2,
        106.9
      ],
      "repeats": [
        [
          147.28,
          95.86
        ],
        [
          147.48000000000002,
          95.97
        ],
        [
          147.6,
          95.84
        ],
        [
          147.78,
          95.67
        ],
        [
          148.58,
          95.92
        ]
      ],
      "idx": 1505,
      "mislabel": false,
      "mislabel_reason": "ok",
      "e_unet": 1.05
    },
    {
      "valid": true,
      "cx": 146.62,
      "cy": 96.35,
      "area": 393,
      "det_score": 0.4582,
      "sam_score": 0.9512,
      "box": [
        134.7,
        86.1,
        159.3,
        107.3
      ],
      "repeats": [
        [
          146.57,
          96.29
        ],
        [
          146.63,
          96.48
        ],
        [
          146.74,
          96.33
        ],
        [
          146.82999999999998,
          96.18
        ],
        [
          147.83,
          96.23
        ]
      ],
      "idx": 1506,
      "mislabel": false,
      "mislabel_reason": "ok",
      "e_unet": 1.11
    },
    {
      "valid": true,
      "cx": 145.7,
      "cy": 97.16,
      "area": 381,
      "det_score": 0.4809,
      "sam_score": 0.9559,
      "box": [
        134.1,
        86.6,
        158.0,
        107.8
      ],
      "repeats": [
        [
          145.7,
          97.08
        ],
        [
          145.81,
          97.22
        ],
        [
          145.88,
          97.08
        ],
        [
          145.97,
          96.96
        ],
        [
          146.73,
          97.22
        ]
      ],
      "idx": 1507,
      "mislabel": false,
      "mislabel_reason": "ok",
      "e_unet": 1.05
    },
    {
      "valid": true,
      "cx": 145.74,
      "cy": 97.24,
      "area": 372,
      "det_score": 0.4873,
      "sam_score": 0.9575,
      "box": [
        134.2,
        86.7,
        157.8,
        107.8
      ],
      "repeats": [
        [
          145.61,
          97.16
        ],
        [
          145.73000000000002,
          97.31
        ],
        [
          145.72,
          97.19
        ],
        [
          145.86,
          97.12
        ],
        [
          146.77,
          97.23
        ]
      ],
      "idx": 1508,
      "mislabel": false,
      "mislabel_reason": "ok",
      "e_unet": 1.12
    },
    {
      "valid": true,
      "cx": 145.7,
      "cy": 97.13,
      "area": 354,
      "det_score": 0.4938,
      "sam_score": 0.9573,
      "box": [
        134.3,
        86.8,
        157.6,
        107.5
      ],
      "repeats": [
        [
          145.69,
          97.1
        ],
        [
          145.7,
          97.17
        ],
        [
          145.74,
          97.16
        ],
        [
          145.87,
          96.98
        ],
        [
          146.74,
          97.09
        ]
      ],
      "idx": 1509,
      "mislabel": false,
      "mislabel_reason": "ok",
      "e_unet": 1.15
    },
    {
      "valid": true,
      "cx": 145.64,
      "cy": 96.9,
      "area": 349,
      "det_score": 0.4807,
      "sam_score": 0.957,
      "box": [
        134.3,
        86.8,
        157.5,
        107.3
      ],
      "repeats": [
        [
          145.54000000000002,
          96.92
        ],
        [
          145.69,
          96.99
        ],
        [
          145.57,
          96.99
        ],
        [
          145.72,
          96.79
        ],
        [
          146.59,
          96.92
        ]
      ],
      "idx": 1510,
      "mislabel": false,
      "mislabel_reason": "ok",
      "e_unet": 1.14
    },
    {
      "valid": true,
      "cx": 145.42000000000002,
      "cy": 96.88,
      "area": 344,
      "det_score": 0.4866,
      "sam_score": 0.9563,
      "box": [
        134.2,
        86.9,
        157.5,
        107.2
      ],
      "repeats": [
        [
          145.49,
          96.84
        ],
        [
          145.53,
          96.95
        ],
        [
          145.56,
          96.88
        ],
        [
          145.63,
          96.74
        ],
        [
          146.55,
          96.91
        ]
      ],
      "idx": 1511,
      "mislabel": false,
      "mislabel_reason": "ok",
      "e_unet": 1.07
    },
    {
      "valid": true,
      "cx": 145.57999999999998,
      "cy": 96.93,
      "area": 343,
      "det_score": 0.485,
      "sam_score": 0.9564,
      "box": [
        134.4,
        87.0,
        157.4,
        107.2
      ],
      "repeats": [
        [
          145.6,
          96.81
        ],
        [
          145.66,
          96.93
        ],
        [
          145.70999999999998,
          96.85
        ],
        [
          145.63,
          96.89
        ],
        [
          146.59,
          96.98
        ]
      ],
      "idx": 1512,
      "mislabel": false,
      "mislabel_reason": "ok",
      "e_unet": 1.03
    },
    {
      "valid": true,
      "cx": 145.48000000000002,
      "cy": 96.94,
      "area": 338,
      "det_score": 0.4723,
      "sam_score": 0.9547,
      "box": [
        134.6,
        87.0,
        157.5,
        107.1
      ],
      "repeats": [
        [
          145.65,
          96.77
        ],
        [
          145.53,
          96.95
        ],
        [
          145.63,
          96.82
        ],
        [
          145.70999999999998,
          96.75
        ],
        [
          146.56,
          96.9
        ]
      ],
      "idx": 1513,
      "mislabel": false,
      "mislabel_reason": "ok",
      "e_unet": 0.99
    },
    {
      "valid": true,
      "cx": 145.76,
      "cy": 96.72,
      "area": 336,
      "det_score": 0.4708,
      "sam_score": 0.9547,
      "box": [
        134.8,
        86.9,
        157.5,
        106.9
      ],
      "repeats": [
        [
          145.74,
          96.61
        ],
        [
          145.76999999999998,
          96.85
        ],
        [
          145.76999999999998,
          96.62
        ],
        [
          145.87,
          96.59
        ],
        [
          146.8,
          96.77
        ]
      ],
      "idx": 1514,
      "mislabel": false,
      "mislabel_reason": "ok",
      "e_unet": 1.11
    },
    {
      "valid": true,
      "cx": 146.70999999999998,
      "cy": 96.82,
      "area": 332,
      "det_score": 0.4952,
      "sam_score": 0.9549,
      "box": [
        135.9,
        87.2,
        158.0,
        107.0
      ],
      "repeats": [
        [
          146.69,
          96.65
        ],
        [
          146.68,
          96.91
        ],
        [
          146.72,
          96.78
        ],
        [
          146.87,
          96.65
        ],
        [
          147.73,
          96.82
        ]
      ],
      "idx": 1515,
      "mislabel": false,
      "mislabel_reason": "ok",
      "e_unet": 1.09
    }
  ]
}