{
  "prompt": "black pupil.",
  "gsam2_centers": [
    {
      "valid": true,
      "cx": 138.06,
      "cy": 118.67,
      "area": 762,
      "det_score": 0.4334,
      "sam_score": 0.9692,
      "box": [
        120.7,
        104.2,
        156.7,
        133.7
      ],
      "repeats": [
        [
          138.04000000000002,
          118.66
        ],
        [
          138.05,
          118.69
        ],
        [
          138.05,
          118.69
        ],
        [
          138.07999999999998,
          118.65
        ],
        [
          139.13,
          118.7
        ]
      ],
      "idx": 1405,
      "mislabel": false,
      "mislabel_reason": "ok",
      "e_unet": 0.96
    },
    {
      "valid": true,
      "cx": 139.51,
      "cy": 117.96,
      "area": 752,
      "det_score": 0.3737,
      "sam_score": 0.9666,
      "box": [
        122.1,
        103.4,
        158.4,
        133.0
      ],
      "repeats": [
        [
          139.5,
          117.95
        ],
        [
          139.51999999999998,
          117.93
        ],
        [
          139.45,
          118.0
        ],
        [
          139.62,
          117.85
        ],
        [
          140.67,
          117.91
        ]
      ],
      "idx": 1406,
      "mislabel": false,
      "mislabel_reason": "ok",
      "e_unet": 1.06
    },
    {
      "valid": true,
      "cx": 140.62,
      "cy": 117.61,
      "area": 711,
      "det_score": 0.3827,
      "sam_score": 0.9656,
      "box": [
        123.5,
        104.8,
        159.5,
        132.6
      ],
      "repeats": [
        [
          140.51999999999998,
          117.53
        ],
        [
          140.69,
          117.64
        ],
        [
          140.56,
          117.56
        ],
        [
          140.62,
          117.74
        ],
        [
          141.77,
          117.66
        ]
      ],
      "idx": 1407,
      "mislabel": false,
      "mislabel_reason": "ok",
      "e_unet": 1.07
    },
    {
      "valid": true,
      "cx": 141.53,
      "cy": 119.14,
      "area": 774,
      "det_score": 0.4405,
      "sam_score": 0.9691,
      "box": [
        124.2,
        104.4,
        160.4,
        134.5
      ],
      "repeats": [
        [
          141.44,
          119.22
        ],
        [
          141.55,
          119.21
        ],
        [
          141.5,
          119.17
        ],
        [
          141.57,
          119.11
        ],
        [
          142.67,
          119.16
        ]
      ],
      "idx": 1408,
      "mislabel": false,
      "mislabel_reason": "ok",
      "e_unet": 0.93
    },
    {
      "valid": true,
      "cx": 140.87,
      "cy": 119.96,
      "area": 780,
      "det_score": 0.4777,
      "sam_score": 0.9708,
      "box": [
        123.7,
        105.0,
        159.9,
        135.3
      ],
      "repeats": [
        [
          140.88,
          119.94
        ],
        [
          140.93,
          120.02
        ],
        [
          140.94,
          119.99
        ],
        [
          141.01999999999998,
          119.87
        ],
        [
          141.94,
          120.05
        ]
      ],
      "idx": 1409,
      "mislabel": false,
      "mislabel_reason": "ok",
      "e_unet": 0.76
    },
    {
      "valid": true,
      "cx": 140.55,
      "cy": 120.21,
      "area": 784,
      "det_score": 0.4386,
      "sam_score": 0.9728,
      "box": [
        123.2,
        105.5,
        159.7,
        135.4
      ],
      "repeats": [
        [
          140.61,
          120.15
        ],
        [
          140.54000000000002,
          120.28
        ],
        [
          140.6,
          120.22
        ],
        [
          140.59,
          120.16
        ],
        [
          141.71,
          120.21
        ]
      ],
      "idx": 1410,
      "mislabel": false,
      "mislabel_reason": "ok",
      "e_unet": 0.77
    },
    {
      "valid": true,
      "cx": 140.5,
      "cy": 120.37,
      "area": 791,
      "det_score": 0.4561,
      "sam_score": 0.9727,
      "box": [
        123.1,
        105.6,
        159.7,
        135.7
      ],
      "repeats": [
        [
          140.5,
          120.29
        ],
        [
          140.51999999999998,
          120.4
        ],
        [
          140.51999999999998,
          120.33
        ],
        [
          140.51999999999998,
          120.27
        ],
        [
          141.63,
          120.4
        ]
      ],
      "idx": 1411,
      "mislabel": false,
      "mislabel_reason": "ok",
      "e_unet": 0.76
    },
    {
      "valid": true,
      "cx": 140.47,
      "cy": 120.45,
      "area": 798,
      "det_score": 0.4273,
      "sam_score": 0.9727,
      "box": [
        123.0,
        105.6,
        159.7,
        135.8
      ],
      "repeats": [
        [
          140.48000000000002,
          120.44
        ],
        [
          140.5,
          120.44
        ],
        [
          140.51999999999998,
          120.45
        ],
        [
          140.5,
          120.35
        ],
        [
          141.55,
          120.47
        ]
      ],
      "idx": 1412,
      "mislabel": false,
      "mislabel_reason": "ok",
      "e_unet": 0.83
    },
    {
      "valid": true,
      "cx": 140.32,
      "cy": 120.39,
      "area": 812,
      "det_score": 0.4522,
      "sam_score": 0.9729,
      "box": [
        122.7,
        105.4,
        159.8,
        135.8
      ],
      "repeats": [
        [
          140.34,
          120.33
        ],
        [
          140.32999999999998,
          120.39
        ],
        [
          140.38,
          120.32
        ],
        [
          140.38,
          120.33
        ],
        [
          141.39,
          120.44
        ]
      ],
      "idx": 1413,
      "mislabel": false,
      "mislabel_reason": "ok",
      "e_unet": 0.77
    },
    {
      "valid": true,
      "cx": 140.26,
      "cy": 120.38,
      "area": 819,
      "det_score": 0.4287,
      "sam_score": 0.9732,
      "box": [
        122.4,
        105.3,
        159.7,
        135.8
      ],
      "repeats": [
        [
          140.17000000000002,
          120.31
        ],
        [
          140.25,
          120.39
        ],
        [
          140.25,
          120.27
        ],
        [
          140.25,
          120.35
        ],
        [
          141.33,
          120.35
        ]
      ],
      "idx": 1414,
      "mislabel": false,
      "mislabel_reason": "ok",
      "e_unet": 0.88
    },
    {
      "valid": true,
      "cx": 140.14,
      "cy": 120.35,
      "area": 829,
      "det_score": 0.4469,
      "sam_score": 0.9729,
      "box": [
        122.2,
        105.2,
        159.8,
        135.9
      ],
      "repeats": [
        [
          140.1,
          120.29
        ],
        [
          140.14,
          120.36
        ],
        [
          140.12,
          120.32
        ],
        [
          140.14,
          120.27
        ],
        [
          141.34,
          120.35
        ]
      ],
      "idx": 1415,
      "mislabel": false,
      "mislabel_reason": "ok",
      "e_unet": 0.8
    }
  ]
}