{
  "prompt": "black pupil.",
  "gsam2_centers": [
    {
      "valid": true,
      "cx": 193.84,
      "cy": 130.1,
      "area": 1233,
      "det_score": 0.3392,
      "sam_score": 0.9715,
      "box": [
        173.2,
        110.6,
        216.1,
        149.5
      ],
      "repeats": [
        [
          193.7,
          130.05
        ],
        [
          193.88,
          130.17000000000002
        ],
        [
          193.92,
          130.07999999999998
        ],
        [
          193.92,
          130.0
        ],
        [
          195.0,
          130.12
        ]
      ],
      "idx": 1007,
      "mislabel": false,
      "mislabel_reason": "ok",
      "e_unet": 1.36
    },
    {
      "valid": true,
      "cx": 192.93,
      "cy": 130.0,
      "area": 1223,
      "det_score": 0.361,
      "sam_score": 0.972,
      "box": [
        172.1,
        110.5,
        214.8,
        149.4
      ],
      "repeats": [
        [
          192.81,
          130.01999999999998
        ],
        [
          192.98,
          130.01999999999998
        ],
        [
          192.98,
          130.01999999999998
        ],
        [
          193.05,
          129.97
        ],
        [
          194.03,
          130.06
        ]
      ],
      "idx": 1008,
      "mislabel": false,
      "mislabel_reason": "ok",
      "e_unet": 1.42
    },
    {
      "valid": true,
      "cx": 191.54,
      "cy": 130.01,
      "area": 1225,
      "det_score": 0.3847,
      "sam_score": 0.9717,
      "box": [
        170.8,
        110.4,
        213.2,
        149.4
      ],
      "repeats": [
        [
          191.34,
          129.92000000000002
        ],
        [
          191.56,
          130.03
        ],
        [
          191.56,
          129.92000000000002
        ],
        [
          191.55,
          129.92000000000002
        ],
        [
          192.47,
          129.98000000000002
        ]
      ],
      "idx": 1009,
      "mislabel": false,
      "mislabel_reason": "ok",
      "e_unet": 1.43
    },
    {
      "valid": true,
      "cx": 190.13,
      "cy": 130.05,
      "area": 1228,
      "det_score": 0.3879,
      "sam_score": 0.9699,
      "box": [
        169.5,
        110.4,
        211.9,
        149.4
      ],
      "repeats": [
        [
          190.15,
          129.95
        ],
        [
          190.13,
          130.07
        ],
        [
          190.2,
          130.01999999999998
        ],
        [
          190.2,
          129.94
        ],
        [
          191.17,
          130.05
        ]
      ],
      "idx": 1010,
      "mislabel": false,
      "mislabel_reason": "ok",
      "e_unet": 1.46
    },
    {
      "valid": true,
      "cx": 188.86,
      "cy": 130.09,
      "area": 1221,
      "det_score": 0.3644,
      "sam_score": 0.9734,
      "box": [
        168.2,
        110.4,
        210.7,
        149.5
      ],
      "repeats": [
        [
          188.77,
          130.09
        ],
        [
          188.86,
          130.14
        ],
        [
          188.93,
          130.05
        ],
        [
          189.0,
          129.99
        ],
        [
          190.04,
          130.07
        ]
      ],
      "idx": 1011,
      "mislabel": false,
      "mislabel_reason": "ok",
      "e_unet": 1.38
    },
    {
      "valid": true,
      "cx": 185.99,
      "cy": 130.11,
      "area": 1235,
      "det_score": 0.3675,
      "sam_score": 0.9759,
      "box": [
        165.4,
        110.3,
        208.1,
        149.4
      ],
      "repeats": [
        [
          185.95,
          130.07
        ],
        [
          186.0,
          130.15
        ],
        [
          185.97,
          130.11
        ],
        [
          186.02,
          130.06
        ],
        [
          187.19,
          130.06
        ]
      ],
      "idx": 1012,
      "mislabel": false,
      "mislabel_reason": "ok",
      "e_unet": 1.29
    },
    {
      "valid": true,
      "cx": 176.01,
      "cy": 130.4,
      "area": 1220,
      "det_score": 0.4165,
      "sam_score": 0.9741,
      "box": [
        155.5,
        110.4,
        198.0,
        149.6
      ],
      "repeats": [
        [
          175.99,
          130.28
        ],
        [
          176.03,
          130.45
        ],
        [
          176.08,
          130.31
        ],
        [
          176.12,
          130.22
        ],
        [
          176.89,
          130.57
        ]
      ],
      "idx": 1013,
      "mislabel": false,
      "mislabel_reason": "ok",
      "e_unet": 1.64
    }
  ]
}