{
  "prompt": "black pupil.",
  "gsam2_centers": [
    {
      "valid": true,
      "cx": 216.59,
      "cy": 124.47,
      "area": 642,
      "det_score": 0.4034,
      "sam_score": 0.9606,
      "box": [
        203.6,
        108.7,
        230.9,
        140.6
      ],
      "repeats": [
        [
          216.52,
          124.39
        ],
        [
          216.65,
          124.44
        ],
        [
          216.51,
          124.38
        ],
        [
          216.69,
          124.29
        ],
        [
          217.8,
          124.43
        ]
      ],
      "idx": 205,
      "mislabel": false,
      "mislabel_reason": "ok",
      "e_unet": 0.94
    },
    {
      "valid": true,
      "cx": 217.1,
      "cy": 126.24,
      "area": 637,
      "det_score": 0.4115,
      "sam_score": 0.9626,
      "box": [
        203.9,
        109.7,
        231.5,
        142.5
      ],
      "repeats": [
        [
          217.08,
          126.2
        ],
        [
          217.12,
          126.23
        ],
        [
          217.09,
          126.22
        ],
        [
          217.17,
          126.11
        ],
        [
          218.29000000000002,
          126.14
        ]
      ],
      "idx": 206,
      "mislabel": false,
      "mislabel_reason": "ok",
      "e_unet": 0.86
    },
    {
      "valid": true,
      "cx": 217.15,
      "cy": 126.18,
      "area": 647,
      "det_score": 0.4041,
      "sam_score": 0.9628,
      "box": [
        203.9,
        109.5,
        231.7,
        142.4
      ],
      "repeats": [
        [
          217.17,
          126.06
        ],
        [
          217.24,
          126.2
        ],
        [
          217.26,
          126.15
        ],
        [
          217.28,
          126.02
        ],
        [
          218.38,
          126.11
        ]
      ],
      "idx": 207,
      "mislabel": false,
      "mislabel_reason": "ok",
      "e_unet": 0.94
    },
    {
      "valid": true,
      "cx": 217.32,
      "cy": 126.12,
      "area": 663,
      "det_score": 0.4159,
      "sam_score": 0.9617,
      "box": [
        203.9,
        109.4,
        231.9,
        142.5
      ],
      "repeats": [
        [
          217.2,
          126.07
        ],
        [
          217.36,
          126.18
        ],
        [
          217.3,
          126.12
        ],
        [
          217.33,
          126.1
        ],
        [
          218.42000000000002,
          126.03
        ]
      ],
      "idx": 208,
      "mislabel": false,
      "mislabel_reason": "ok",
      "e_unet": 1.13
    },
    {
      "valid": true,
      "cx": 217.25,
      "cy": 125.98,
      "area": 678,
      "det_score": 0.4434,
      "sam_score": 0.9604,
      "box": [
        203.7,
        109.3,
        231.9,
        142.7
      ],
      "repeats": [
        [
          217.24,
          125.99
        ],
        [
          217.25,
          126.05
        ],
        [
          217.24,
          126.03
        ],
        [
          217.27,
          125.89
        ],
        [
          218.34,
          125.89
        ]
      ],
      "idx": 209,
      "mislabel": false,
      "mislabel_reason": "ok",
      "e_unet": 1.05
    },
    {
      "valid": true,
      "cx": 217.28,
      "cy": 125.91,
      "area": 706,
      "det_score": 0.4269,
      "sam_score": 0.9593,
      "box": [
        203.5,
        109.1,
        232.2,
        143.0
      ],
      "repeats": [
        [
          217.24,
          125.84
        ],
        [
          217.35,
          125.99
        ],
        [
          217.33,
          125.92
        ],
        [
          217.37,
          125.8
        ],
        [
          218.45,
          125.85
        ]
      ],
      "idx": 210,
      "mislabel": false,
      "mislabel_reason": "ok",
      "e_unet": 1.09
    },
    {
      "valid": true,
      "cx": 216.58,
      "cy": 126.05,
      "area": 729,
      "det_score": 0.3905,
      "sam_score": 0.9614,
      "box": [
        202.4,
        109.0,
        231.9,
        143.4
      ],
      "repeats": [
        [
          216.57,
          125.99
        ],
        [
          216.63,
          126.15
        ],
        [
          216.59,
          126.05
        ],
        [
          216.61,
          125.97
        ],
        [
          217.68,
          126.03
        ]
      ],
      "idx": 211,
      "mislabel": false,
      "mislabel_reason": "ok",
      "e_unet": 0.91
    },
    {
      "valid": true,
      "cx": 216.48,
      "cy": 126.36,
      "area": 751,
      "det_score": 0.3708,
      "sam_score": 0.9623,
      "box": [
        202.1,
        109.0,
        232.2,
        143.6
      ],
      "repeats": [
        [
          216.49,
          126.32
        ],
        [
          216.54,
          126.43
        ],
        [
          216.59,
          126.34
        ],
        [
          216.56,
          126.25
        ],
        [
          217.65,
          126.4
        ]
      ],
      "idx": 212,
      "mislabel": false,
      "mislabel_reason": "ok",
      "e_unet": 0.98
    },
    {
      "valid": true,
      "cx": 216.62,
      "cy": 126.2,
      "area": 768,
      "det_score": 0.3781,
      "sam_score": 0.9628,
      "box": [
        201.9,
        108.9,
        232.4,
        143.7
      ],
      "repeats": [
        [
          216.63,
          126.15
        ],
        [
          216.66,
          126.26
        ],
        [
          216.64,
          126.24
        ],
        [
          216.65,
          126.12
        ],
        [
          217.74,
          126.17
        ]
      ],
      "idx": 213,
      "mislabel": false,
      "mislabel_reason": "ok",
      "e_unet": 0.91
    },
    {
      "valid": true,
      "cx": 216.69,
      "cy": 126.22,
      "area": 791,
      "det_score": 0.3576,
      "sam_score": 0.9625,
      "box": [
        201.7,
        108.4,
        232.8,
        143.7
      ],
      "repeats": [
        [
          216.63,
          125.9
        ],
        [
          216.7,
          126.29
        ],
        [
          216.74,
          126.17
        ],
        [
          216.75,
          125.91
        ],
        [
          217.81,
          126.12
        ]
      ],
      "idx": 214,
      "mislabel": false,
      "mislabel_reason": "ok",
      "e_unet": 1.09
    },
    {
      "valid": true,
      "cx": 216.69,
      "cy": 126.0,
      "area": 812,
      "det_score": 0.3499,
      "sam_score": 0.962,
      "box": [
        201.6,
        108.3,
        233.1,
        143.8
      ],
      "repeats": [
        [
          216.67,
          125.87
        ],
        [
          216.72,
          126.26
        ],
        [
          216.75,
          126.17
        ],
        [
          216.75,
          125.88
        ],
        [
          217.85,
          125.99
        ]
      ],
      "idx": 215,
      "mislabel": false,
      "mislabel_reason": "ok",
      "e_unet": 0.84
    }
  ]
}