{
  "prompt": "black pupil.",
  "gsam2_centers": [
    {
      "valid": true,
      "cx": 219.16,
      "cy": 105.12,
      "area": 608,
      "det_score": 0.4908,
      "sam_score": 0.9626,
      "box": [
        204.9,
        90.8,
        234.4,
        119.8
      ],
      "repeats": [
        [
          219.21,
          105.09
        ],
        [
          219.21,
          105.16
        ],
        [
          219.23,
          105.1
        ],
        [
          219.24,
          105.05
        ],
        [
          220.45999999999998,
          105.15
        ]
      ],
      "idx": 1107,
      "mislabel": false,
      "mislabel_reason": "ok",
      "e_unet": 1.02
    },
    {
      "valid": true,
      "cx": 219.0,
      "cy": 104.99,
      "area": 610,
      "det_score": 0.4761,
      "sam_score": 0.9636,
      "box": [
        204.6,
        90.6,
        234.3,
        119.7
      ],
      "repeats": [
        [
          218.9,
          104.83
        ],
        [
          219.04,
          105.06
        ],
        [
          219.0,
          104.92
        ],
        [
          219.11,
          104.94
        ],
        [
          220.25,
          104.98
        ]
      ],
      "idx": 1108,
      "mislabel": false,
      "mislabel_reason": "ok",
      "e_unet": 0.98
    },
    {
      "valid": true,
      "cx": 218.66,
      "cy": 104.59,
      "area": 614,
      "det_score": 0.4498,
      "sam_score": 0.9625,
      "box": [
        204.2,
        90.3,
        234.1,
        119.5
      ],
      "repeats": [
        [
          218.64,
          104.56
        ],
        [
          218.77,
          104.64
        ],
        [
          218.71,
          104.64
        ],
        [
          218.74,
          104.57
        ],
        [
          219.97,
          104.71
        ]
      ],
      "idx": 1109,
      "mislabel": false,
      "mislabel_reason": "ok",
      "e_unet": 0.79
    },
    {
      "valid": true,
      "cx": 218.41,
      "cy": 104.38,
      "area": 613,
      "det_score": 0.4603,
      "sam_score": 0.9646,
      "box": [
        203.9,
        90.0,
        233.9,
        119.0
      ],
      "repeats": [
        [
          218.36,
          104.31
        ],
        [
          218.41,
          104.41
        ],
        [
          218.39,
          104.33
        ],
        [
          218.47,
          104.29
        ],
        [
          219.57999999999998,
          104.31
        ]
      ],
      "idx": 1110,
      "mislabel": false,
      "mislabel_reason": "ok",
      "e_unet": 1.03
    },
    {
      "valid": true,
      "cx": 217.65,
      "cy": 104.03,
      "area": 618,
      "det_score": 0.4669,
      "sam_score": 0.9666,
      "box": [
        203.2,
        89.6,
        233.1,
        118.6
      ],
      "repeats": [
        [
          217.6,
          104.02
        ],
        [
          217.65,
          104.03
        ],
        [
          217.62,
          104.01
        ],
        [
          217.74,
          103.96
        ],
        [
          218.88,
          104.06
        ]
      ],
      "idx": 1111,
      "mislabel": false,
      "mislabel_reason": "ok",
      "e_unet": 1.0
    },
    {
      "valid": true,
      "cx": 217.11,
      "cy": 103.75,
      "area": 627,
      "det_score": 0.4755,
      "sam_score": 0.9671,
      "box": [
        202.3,
        89.3,
        232.5,
        118.3
      ],
      "repeats": [
        [
          216.96,
          103.69
        ],
        [
          217.11,
          103.75
        ],
        [
          217.1,
          103.74
        ],
        [
          217.12,
          103.73
        ],
        [
          218.19,
          103.7
        ]
      ],
      "idx": 1112,
      "mislabel": false,
      "mislabel_reason": "ok",
      "e_unet": 1.11
    },
    {
      "valid": true,
      "cx": 213.31,
      "cy": 102.45,
      "area": 655,
      "det_score": 0.4961,
      "sam_score": 0.9674,
      "box": [
        198.1,
        88.2,
        229.5,
        117.2
      ],
      "repeats": [
        [
          213.27,
          102.44
        ],
        [
          213.3,
          102.45
        ],
        [
          213.33,
          102.44
        ],
        [
          213.31,
          102.4
        ],
        [
          214.38,
          102.43
        ]
      ],
      "idx": 1113,
      "mislabel": false,
      "mislabel_reason": "ok",
      "e_unet": 0.99
    }
  ]
}