(34.908207, 21.196556, 0.0)
(34.878979, 21.236641, 0.0)
(34.781818, 21.195776, 0.0)
(34.759762, 21.229441, 0.0)
(34.769108, 21.216349, 0.0)
(34.760941, 21.233147, 0.0)
(34.780781, 21.274981, 0.0)
(34.819618, 21.292896, 0.0)
(34.851482, 21.280825, 0.0)
(34.897545, 21.221291, 0.0)
(34.918808, 21.215891, 0.0)
(34.947632, 21.237003, 0.0)
(34.966873, 21.255552, 0.0)
(34.965279, 21.226549, 0.0)
(35.092373, 22.491873, 0.0)
(35.092628, 23.020708, 0.0)
(35.116940, 22.931332, 0.0)
(35.147346, 22.933161, 0.0)
(35.148460, 22.917555, 0.0)
(35.146633, 22.929390, 0.0)
(35.157375, 22.905865, 0.0)
(35.169136, 22.868084, 0.0)
(35.165329, 22.894440, 0.0)
(35.166397, 22.896215, 0.0)
(35.169418, 22.906061, 0.0)
(35.178188, 22.930473, 0.0)
(35.184425, 22.916264, 0.0)
(35.184219, 22.921165, 0.0)
(35.182598, 22.927027, 0.0)
(35.172985, 22.922207, 0.0)
(35.186817, 22.906384, 0.0)
(35.172691, 22.889921, 0.0)
(35.170822, 22.895708, 0.0)
(35.157177, 22.911865, 0.0)
(35.166344, 22.898319, 0.0)
(35.197533, 22.880163, 0.0)
(35.187080, 22.888075, 0.0)
(35.152885, 22.911732, 0.0)
(35.151821, 22.921507, 0.0)
(35.144047, 22.951532, 0.0)
(35.135746, 22.959524, 0.0)
(35.116261, 22.973854, 0.0)
(35.105034, 22.974560, 0.0)
(35.119236, 22.975649, 0.0)
(35.114124, 23.007711, 0.0)
(35.118084, 23.029451, 0.0)
(35.107689, 22.995497, 0.0)
(35.114002, 22.980362, 0.0)
(35.110256, 22.967236, 0.0)
(35.100861, 22.999172, 0.0)
(35.115906, 22.994270, 0.0)
(35.138710, 23.000637, 0.0)
(35.118141, 23.004097, 0.0)
(35.093342, 23.002279, 0.0)
(35.090164, 23.033731, 0.0)
(35.118198, 23.017923, 0.0)
(35.124767, 23.006058, 0.0)
(35.108383, 23.026812, 0.0)
(35.120159, 23.054058, 0.0)
(35.133514, 23.057194, 0.0)
(35.129921, 23.050198, 0.0)
(35.134949, 23.040312, 0.0)
(35.128483, 23.004593, 0.0)
(35.151134, 23.033411, 0.0)
(35.156227, 23.038649, 0.0)
(35.142517, 23.093153, 0.0)
(35.152943, 23.119219, 0.0)
(35.052227, 23.180296, 0.0)
(35.001781, 23.190584, 0.0)
(35.006252, 23.156025, 0.0)
(35.008667, 23.124491, 0.0)
(35.022255, 23.095322, 0.0)
(35.022255, 23.095322, 0.0)
(35.015556, 23.098795, 0.0)
(35.013390, 23.094557, 0.0)
(35.038841, 23.031805, 0.0)
(35.043617, 23.005875, 0.0)
(35.032295, 23.080029, 0.0)
(35.035740, 23.088324, 0.0)
(35.042976, 23.086342, 0.0)
(35.044712, 23.075865, 0.0)
(35.039051, 23.065485, 0.0)
(35.039623, 23.057343, 0.0)
(34.990509, 23.064785, 0.0)
(35.236633, 24.830648, 0.0)
(35.258141, 24.164673, 0.0)
(35.025497, 23.183132, 0.0)
(35.039059, 22.968561, 0.0)
(35.059830, 23.020506, 0.0)
(35.085613, 22.995646, 0.0)
(35.066639, 22.998838, 0.0)
(35.053616, 23.055374, 0.0)
(35.042999, 23.065830, 0.0)
(35.035530, 23.057613, 0.0)
(35.078316, 23.070641, 0.0)
(35.095989, 23.045166, 0.0)
(35.088684, 23.091637, 0.0)
(35.076717, 23.112915, 0.0)
(35.047081, 23.108034, 0.0)
(35.047089, 23.104095, 0.0)
(35.059269, 23.085148, 0.0)
(35.078983, 23.077280, 0.0)
(35.087612, 23.085487, 0.0)
(35.089451, 23.089231, 0.0)
(35.093529, 23.099321, 0.0)
(35.105740, 23.072456, 0.0)
(35.107994, 23.095108, 0.0)
(35.110481, 23.066473, 0.0)
(35.123055, 23.043787, 0.0)
(35.115852, 23.064211, 0.0)
(35.093670, 23.091246, 0.0)
(35.092701, 23.072935, 0.0)
(35.101101, 23.071302, 0.0)
(35.086151, 23.089680, 0.0)
(35.091778, 23.107796, 0.0)
(35.093857, 23.117449, 0.0)
(35.091774, 23.110121, 0.0)
(35.086308, 23.117506, 0.0)
(35.098515, 23.057812, 0.0)
(35.097580, 23.082777, 0.0)
(35.084866, 23.088659, 0.0)
(35.078571, 23.112577, 0.0)
(35.079281, 23.117992, 0.0)
(35.075779, 23.130688, 0.0)
(35.082397, 23.134315, 0.0)
(35.081425, 23.115400, 0.0)
(35.102993, 23.115377, 0.0)
(35.093323, 23.094082, 0.0)
(35.075146, 23.111053, 0.0)
(35.080257, 23.109442, 0.0)
(35.098312, 23.093191, 0.0)
(35.095722, 23.113155, 0.0)
(35.113235, 23.128311, 0.0)
(35.115292, 23.138966, 0.0)
(35.113049, 23.135435, 0.0)
(35.099674, 23.116991, 0.0)
(35.102718, 23.119259, 0.0)
(35.110912, 23.112133, 0.0)
(35.099102, 23.116421, 0.0)
(35.088135, 23.142874, 0.0)
(35.076218, 23.159845, 0.0)
(35.076851, 23.167747, 0.0)
(35.106861, 23.213367, 0.0)
(35.219109, 23.256874, 0.0)
(35.230602, 23.249195, 0.0)
(35.222317, 23.275799, 0.0)
(35.198284, 23.308249, 0.0)
(35.201851, 23.319071, 0.0)
(35.211445, 23.281652, 0.0)
(35.220188, 23.307348, 0.0)
(35.209095, 23.310125, 0.0)
(35.206703, 23.334526, 0.0)
(35.205925, 23.334429, 0.0)
(35.204430, 23.322302, 0.0)
(35.212002, 23.293598, 0.0)
(35.168495, 23.221222, 0.0)
(35.415649, 25.444794, 0.0)
(35.384560, 25.477228, 0.0)
(35.260784, 24.490885, 0.0)
(35.163475, 23.735373, 0.0)
(35.198326, 23.388092, 0.0)
(35.205818, 23.383924, 0.0)
(35.185246, 23.426832, 0.0)
(35.209702, 23.436899, 0.0)
(35.196495, 23.448509, 0.0)
(35.187271, 23.457106, 0.0)
(35.202965, 23.491999, 0.0)
(35.208344, 23.513489, 0.0)
(35.186798, 23.517551, 0.0)
(35.191498, 23.509239, 0.0)
(35.197121, 23.506811, 0.0)
(35.175865, 23.521343, 0.0)
(35.168365, 23.530161, 0.0)
(37.651955, 24.985548, 0.0)
(40.832176, 27.230896, 0.0)
(42.724960, 29.190489, 0.0)
(43.106701, 29.666451, 0.0)
(43.083027, 29.642387, 0.0)
(43.028187, 29.553440, 0.0)
(43.014477, 29.553988, 0.0)
(43.017048, 29.544403, 0.0)
(43.133888, 29.571587, 0.0)
(43.627914, 29.763275, 0.0)
(43.672729, 29.774675, 0.0)
(43.647659, 29.753479, 0.0)
(43.627644, 29.738813, 0.0)
(43.617744, 29.724411, 0.0)
(43.620708, 29.705048, 0.0)
(43.606598, 29.713900, 0.0)
(43.593410, 29.724056, 0.0)
(43.604908, 29.729080, 0.0)
(43.592121, 29.745638, 0.0)
(43.587376, 29.711191, 0.0)
(43.590622, 29.707954, 0.0)
(43.581383, 29.655437, 0.0)
(43.577316, 29.663469, 0.0)
(43.282578, 27.078970, 0.0)
(42.932293, 23.358004, 0.0)
(42.409878, 21.254124, 0.0)
(42.205647, 21.237663, 0.0)
(42.159279, 21.444937, 0.0)
(42.159279, 21.605471, 0.0)
(42.163193, 21.637400, 0.0)
(42.169025, 21.677330, 0.0)
(42.191151, 21.692785, 0.0)
(42.198040, 21.675833, 0.0)
(42.237770, 21.650023, 0.0)
(42.259655, 21.674456, 0.0)
(42.239109, 21.665291, 0.0)
(42.250069, 21.675449, 0.0)
(42.249241, 21.665497, 0.0)
(42.410385, 21.501165, 0.0)
(42.970497, 20.688774, 0.0)
(43.138073, 20.691538, 0.0)
(43.045723, 20.791260, 0.0)
(43.000446, 20.812307, 0.0)
(42.974598, 20.825935, 0.0)
(42.983913, 20.856291, 0.0)
(42.980492, 20.807692, 0.0)
(42.972904, 20.796154, 0.0)
(42.972904, 20.796154, 0.0)
(42.967045, 20.844151, 0.0)
(42.946693, 20.823442, 0.0)
(42.954151, 20.851406, 0.0)
(42.938984, 20.815140, 0.0)
(42.959351, 20.829163, 0.0)
(42.949921, 20.825600, 0.0)
(42.940563, 20.815201, 0.0)
(42.922157, 20.833656, 0.0)
(42.923592, 20.827160, 0.0)
(42.924606, 20.822577, 0.0)
(42.919109, 20.809914, 0.0)
(42.921703, 20.828701, 0.0)
(42.912212, 20.855900, 0.0)
(42.894123, 20.846066, 0.0)
(42.893730, 20.851597, 0.0)
(42.893730, 20.851597, 0.0)
(42.851753, 20.814344, 0.0)
(42.823040, 20.825346, 0.0)
(42.801003, 20.789228, 0.0)
(42.804306, 20.753790, 0.0)
(42.801762, 20.790182, 0.0)
(42.779968, 20.802694, 0.0)
(42.769505, 20.822010, 0.0)
(42.706390, 20.766235, 0.0)
(42.322186, 20.296875, 0.0)
(42.089390, 20.214106, 0.0)
(41.999020, 20.209553, 0.0)
(39.885544, 19.377575, 0.0)
(35.976879, 20.962841, 0.0)
(29.485622, 25.450167, 0.0)
(27.899773, 26.496325, 0.0)
(27.506311, 27.889231, 0.0)
(27.570543, 28.217630, 0.0)
(27.522644, 28.054270, 0.0)
(27.466299, 27.967627, 0.0)
(26.093317, 29.841364, 0.0)
(25.587248, 30.401318, 0.0)
(25.540562, 30.373739, 0.0)
(25.530041, 30.414623, 0.0)
(25.492699, 30.351627, 0.0)
(25.484148, 30.336069, 0.0)
(25.512945, 30.365101, 0.0)
(25.516336, 30.442287, 0.0)
(25.510994, 30.513210, 0.0)
(25.502386, 30.529211, 0.0)
(25.506145, 30.547461, 0.0)
(25.523233, 30.555298, 0.0)
(25.545168, 30.553879, 0.0)
(25.550701, 30.547718, 0.0)
(25.556807, 30.585739, 0.0)
(25.568359, 30.607609, 0.0)
(25.413031, 28.349779, 0.0)
(25.470034, 24.906000, 0.0)
(25.618498, 22.065403, 0.0)
(25.507971, 21.385305, 0.0)
(25.446589, 21.550283, 0.0)
(25.376474, 21.703920, 0.0)
(25.354208, 21.755550, 0.0)
(25.329975, 21.804340, 0.0)
(25.287413, 21.853611, 0.0)
(25.272947, 21.858517, 0.0)
(25.279453, 21.840359, 0.0)
(25.279942, 21.854229, 0.0)
(25.300636, 21.840483, 0.0)
(24.862173, 21.400503, 0.0)
(24.582029, 20.814123, 0.0)
(24.579491, 20.864174, 0.0)
(24.568739, 20.927835, 0.0)
(24.570690, 20.931122, 0.0)
(24.573114, 20.948936, 0.0)
(24.568975, 20.942635, 0.0)
(24.569387, 20.923418, 0.0)
(24.579485, 20.902136, 0.0)
(24.567097, 20.873568, 0.0)
(24.559906, 20.881819, 0.0)
(24.578264, 20.862501, 0.0)
(24.566719, 20.880026, 0.0)
(24.559389, 20.908577, 0.0)
(24.560591, 20.944807, 0.0)
(24.560591, 20.944807, 0.0)
(24.561411, 20.939692, 0.0)
(24.554407, 20.928457, 0.0)
(24.550207, 20.907713, 0.0)
(24.547134, 20.895910, 0.0)
(24.546551, 20.908346, 0.0)
(24.561123, 20.949072, 0.0)
(24.576414, 20.954405, 0.0)
(24.598299, 20.942085, 0.0)
(24.603043, 20.926844, 0.0)
(24.618504, 20.925884, 0.0)
(24.627981, 20.917490, 0.0)
(24.641771, 20.918753, 0.0)
(24.646709, 20.943590, 0.0)
(24.758741, 20.799105, 0.0)
(25.541727, 20.828402, 0.0)
(25.578678, 20.924772, 0.0)
(25.539194, 20.851793, 0.0)
(25.545362, 20.776604, 0.0)
(25.506884, 20.761679, 0.0)
(25.506992, 20.751186, 0.0)
(25.507576, 20.724886, 0.0)
(26.922888, 20.676428, 0.0)
(32.600914, 21.257965, 0.0)
(35.286053, 23.562275, 0.0)
(35.239204, 23.586805, 0.0)
(35.071877, 23.242851, 0.0)
(35.032024, 23.100832, 0.0)
(35.026855, 23.071890, 0.0)
(35.011169, 23.094719, 0.0)
(35.003517, 23.136593, 0.0)
(34.998863, 23.160181, 0.0)
(35.004158, 23.130037, 0.0)
(34.991318, 23.138666, 0.0)
(34.955322, 23.417376, 0.0)
(35.270741, 25.614553, 0.0)
(35.021420, 24.805035, 0.0)
(34.978722, 24.117222, 0.0)
(34.959061, 23.786604, 0.0)
(34.910069, 23.660210, 0.0)
(34.951832, 23.576923, 0.0)
(34.909332, 23.569035, 0.0)
(34.907845, 23.538342, 0.0)
(34.928143, 23.463091, 0.0)
(34.931049, 23.434481, 0.0)
(34.945072, 23.397017, 0.0)
(34.933712, 23.406536, 0.0)
(34.933990, 23.405794, 0.0)
(31.574581, 24.194164, 0.0)
(27.600330, 24.888975, 0.0)
(27.186657, 25.149860, 0.0)
(27.177485, 25.125143, 0.0)
(27.161306, 25.083305, 0.0)
(26.997725, 25.203753, 0.0)
(24.672947, 26.828255, 0.0)
(24.593090, 26.817471, 0.0)
(24.642784, 26.754660, 0.0)
(24.619505, 26.712626, 0.0)
(24.572758, 26.729652, 0.0)
(24.548250, 26.712093, 0.0)
(24.553448, 26.683346, 0.0)
(24.542189, 26.615454, 0.0)
(24.539848, 26.586843, 0.0)
(24.766104, 26.869469, 0.0)
(25.128635, 27.081261, 0.0)
(25.107910, 26.835234, 0.0)
(25.020834, 26.509981, 0.0)
(25.016203, 26.419136, 0.0)
(25.010212, 26.365028, 0.0)
(25.003550, 26.378677, 0.0)
(24.973328, 26.505890, 0.0)
(24.971506, 26.603050, 0.0)
(24.936220, 26.510038, 0.0)
(24.965181, 26.394602, 0.0)
(24.958817, 26.356539, 0.0)
(24.966322, 26.367306, 0.0)
(24.977757, 26.332235, 0.0)
(24.993731, 26.375219, 0.0)
(25.021631, 26.629028, 0.0)
(27.310543, 27.254154, 0.0)
(35.311581, 26.000000, 0.0)
(35.404385, 24.954304, 0.0)
(35.319035, 24.387453, 0.0)
(35.239399, 23.965549, 0.0)
(35.240170, 23.742573, 0.0)
(35.208214, 23.652817, 0.0)
(35.182232, 23.556570, 0.0)
(35.165386, 23.521585, 0.0)
(34.260235, 24.528614, 0.0)
(31.504765, 27.178951, 0.0)
(29.776964, 28.281403, 0.0)
(29.701250, 28.309896, 0.0)
(29.729734, 28.271597, 0.0)
(29.707333, 28.233847, 0.0)
(29.693186, 28.265549, 0.0)
(28.862822, 29.195309, 0.0)
(27.012676, 30.640005, 0.0)
(27.087151, 30.730171, 0.0)
(27.090044, 30.691477, 0.0)
(27.053148, 30.710384, 0.0)
(27.053637, 30.682388, 0.0)
(26.994324, 30.648060, 0.0)
(26.994028, 30.640671, 0.0)
(26.993233, 30.677490, 0.0)
(26.995426, 30.709311, 0.0)
(27.022596, 30.724688, 0.0)
(27.045660, 30.696527, 0.0)
(27.048252, 30.673868, 0.0)
(27.042543, 30.684547, 0.0)
(27.115124, 30.884668, 0.0)
(28.380692, 28.882738, 0.0)
(30.155298, 26.159916, 0.0)
(31.325733, 23.655563, 0.0)
(31.592907, 22.455164, 0.0)
(31.517437, 22.081800, 0.0)
(31.491886, 21.944763, 0.0)
(31.481857, 21.957476, 0.0)
(31.479353, 21.952448, 0.0)
(31.486458, 21.949993, 0.0)
(31.470808, 21.953543, 0.0)
(31.430557, 21.977547, 0.0)
(31.460861, 23.295906, 0.0)
(33.827976, 21.823280, 0.0)
(34.223141, 20.424681, 0.0)
(34.179810, 19.687508, 0.0)
(34.115700, 19.443123, 0.0)
(34.094307, 19.486267, 0.0)
(34.080345, 19.549786, 0.0)
(34.061394, 19.600555, 0.0)
(34.041828, 19.624853, 0.0)
(34.028877, 19.650362, 0.0)
(30.965408, 21.127142, 0.0)
(28.248646, 23.078093, 0.0)
(28.319418, 22.976845, 0.0)
(28.374502, 22.902863, 0.0)
(28.367302, 22.883152, 0.0)
(28.374599, 22.857327, 0.0)
(28.398708, 22.837950, 0.0)
(28.389694, 22.817879, 0.0)
(28.393576, 22.813366, 0.0)
(28.406727, 22.857342, 0.0)
(28.446646, 22.853720, 0.0)
(28.369486, 22.761690, 0.0)
(28.369331, 23.793468, 0.0)
(28.303423, 25.499645, 0.0)
(28.243324, 24.768742, 0.0)
(28.209156, 24.083466, 0.0)
(28.161177, 23.549215, 0.0)
(28.161798, 23.213354, 0.0)
(28.153694, 23.116627, 0.0)
(28.176882, 23.038120, 0.0)
(28.153685, 22.981976, 0.0)
(28.142744, 22.973377, 0.0)
(28.127769, 22.955597, 0.0)
(29.267822, 22.766779, 0.0)
(34.495979, 20.429148, 0.0)
(36.935410, 19.025394, 0.0)
(37.563713, 18.682173, 0.0)
(37.477959, 18.769693, 0.0)
(37.402748, 18.813036, 0.0)
(37.784496, 18.937542, 0.0)
(38.688911, 19.065613, 0.0)
(38.701897, 19.093306, 0.0)
(38.667122, 19.102819, 0.0)
(38.667900, 19.087545, 0.0)
(38.718777, 19.095428, 0.0)
(38.695229, 19.073906, 0.0)
(38.679539, 19.073345, 0.0)
(38.724850, 19.076923, 0.0)
(38.743015, 19.040627, 0.0)
(38.746334, 18.998045, 0.0)
(38.749226, 18.998980, 0.0)
(38.760292, 18.974537, 0.0)
(38.773853, 18.919146, 0.0)
(38.772957, 18.930872, 0.0)
(38.766605, 18.966431, 0.0)
(38.773411, 18.980659, 0.0)
(38.787254, 19.001877, 0.0)
(38.777386, 19.000750, 0.0)
(38.785088, 18.993185, 0.0)
(38.776592, 18.978388, 0.0)
(38.780880, 18.981319, 0.0)
(38.786163, 18.996719, 0.0)
(38.789444, 19.043087, 0.0)
(38.778484, 19.058287, 0.0)
(38.761059, 19.080708, 0.0)
(38.762749, 19.117344, 0.0)
(38.752254, 19.113630, 0.0)
(38.746208, 19.111755, 0.0)
(38.755722, 19.109293, 0.0)
(38.759853, 19.109068, 0.0)
(38.715485, 19.111357, 0.0)
(38.483131, 19.100565, 0.0)
(33.661758, 18.372471, 0.0)
(29.867146, 18.512499, 0.0)
(28.367517, 19.141768, 0.0)
(28.225981, 19.234232, 0.0)
(28.261356, 19.245401, 0.0)
(28.285686, 19.226318, 0.0)
(27.770487, 19.225409, 0.0)
(27.764982, 19.076923, 0.0)
(27.797924, 19.053795, 0.0)
(27.787098, 19.102852, 0.0)
(27.803078, 19.127251, 0.0)
(27.813681, 19.127523, 0.0)
(27.812284, 19.117725, 0.0)
(27.818525, 19.095530, 0.0)
(27.802961, 19.125841, 0.0)
(27.791708, 19.106852, 0.0)
(27.781414, 19.090799, 0.0)
(27.804855, 19.128160, 0.0)
(27.817276, 19.140760, 0.0)
(27.802429, 19.202211, 0.0)
(27.773783, 19.171753, 0.0)
(27.773758, 19.116344, 0.0)
(27.780104, 19.076923, 0.0)
(27.770565, 19.103140, 0.0)
(27.781950, 19.133198, 0.0)
(27.804470, 19.150911, 0.0)
(27.788004, 19.147882, 0.0)
(27.802954, 19.121710, 0.0)
(27.778605, 19.133909, 0.0)
(27.778910, 19.114511, 0.0)
(27.762951, 19.149717, 0.0)
(27.785475, 19.181910, 0.0)
(27.777094, 19.232883, 0.0)
(27.775738, 19.243196, 0.0)
(27.779751, 19.243458, 0.0)
(27.782848, 19.230888, 0.0)
(27.792612, 19.220304, 0.0)
(29.667416, 18.874615, 0.0)
(42.100861, 27.777983, 0.0)
(42.189678, 27.999250, 0.0)
(42.117264, 27.728914, 0.0)
(42.104568, 27.556059, 0.0)
(42.110752, 27.419312, 0.0)
(42.139816, 27.375883, 0.0)
(42.142094, 27.351416, 0.0)
(42.150703, 27.332968, 0.0)
(42.137974, 27.317080, 0.0)
(42.147625, 27.286329, 0.0)
(42.144257, 27.304989, 0.0)
(42.124317, 27.359344, 0.0)
(42.115341, 27.398048, 0.0)
(42.115288, 27.394630, 0.0)
(42.108624, 27.373558, 0.0)
(42.105705, 27.378082, 0.0)
(42.116798, 27.378773, 0.0)
(42.138126, 27.362373, 0.0)
(42.148155, 27.343342, 0.0)
(42.142059, 27.332403, 0.0)
(42.776897, 27.613028, 0.0)
(42.976959, 27.677713, 0.0)
(42.977909, 27.640074, 0.0)
(42.940155, 27.615875, 0.0)
(42.932365, 27.626328, 0.0)
(42.877163, 27.650236, 0.0)
(41.316788, 27.687696, 0.0)
(36.336945, 24.402689, 0.0)
(34.480122, 23.691965, 0.0)
(34.141304, 23.288948, 0.0)
(34.113388, 22.935436, 0.0)
(34.076550, 22.638830, 0.0)
(34.071861, 22.411266, 0.0)
(34.050705, 22.286045, 0.0)
(34.053333, 22.149109, 0.0)
(34.020493, 22.025169, 0.0)
(36.974483, 23.054882, 0.0)
(40.624702, 24.751276, 0.0)
(40.675838, 24.848402, 0.0)
(40.602211, 24.781284, 0.0)
(40.591568, 24.752737, 0.0)
(40.591568, 24.752737, 0.0)
(41.217892, 24.893250, 0.0)
(41.284946, 24.893530, 0.0)
(41.257931, 24.891167, 0.0)
(41.257507, 24.906723, 0.0)
(41.253815, 24.889090, 0.0)
(41.261002, 24.866829, 0.0)
(41.261250, 24.911285, 0.0)
(41.275879, 24.920385, 0.0)
(41.272480, 24.922035, 0.0)
(41.298901, 24.895412, 0.0)
(41.282913, 24.900150, 0.0)
(41.280674, 24.909687, 0.0)
(41.280918, 24.872501, 0.0)
(41.295990, 24.859953, 0.0)
(41.293804, 24.850973, 0.0)
(41.272587, 24.831129, 0.0)
(41.272614, 24.851830, 0.0)
(41.275375, 24.811678, 0.0)
(41.266422, 24.824694, 0.0)
(41.266422, 24.847166, 0.0)
(41.256607, 24.863628, 0.0)
(41.250717, 24.869909, 0.0)
(41.231705, 24.835463, 0.0)
(41.236095, 24.817490, 0.0)
(41.232368, 24.768974, 0.0)
(41.199139, 24.689205, 0.0)
(39.448154, 24.418789, 0.0)
(35.175179, 21.642525, 0.0)
(32.652863, 20.949396, 0.0)
(32.703461, 21.042601, 0.0)
(32.718719, 21.062902, 0.0)
(32.727009, 21.043005, 0.0)
(32.736866, 21.043894, 0.0)
(32.715675, 21.048168, 0.0)
(32.402103, 21.123579, 0.0)
(32.347847, 22.553741, 0.0)
(32.133488, 21.648411, 0.0)
(32.112064, 20.839230, 0.0)
(32.096939, 20.589979, 0.0)
(32.148655, 20.552292, 0.0)
(32.155109, 20.602591, 0.0)
(32.176651, 20.596291, 0.0)
(32.166222, 20.621412, 0.0)
(32.150471, 20.664200, 0.0)
(32.168964, 20.696066, 0.0)
(32.148853, 20.740387, 0.0)
(32.194923, 20.798962, 0.0)
(32.169765, 20.818827, 0.0)
(32.160526, 20.811142, 0.0)
(32.177582, 20.820578, 0.0)
(32.145866, 20.807806, 0.0)
(32.059818, 20.956495, 0.0)
(32.802776, 23.735384, 0.0)
(32.496178, 22.791687, 0.0)
(32.405327, 22.217821, 0.0)
(32.455738, 21.869257, 0.0)
(32.461842, 21.677151, 0.0)
(32.445358, 21.575409, 0.0)
(32.452827, 21.615845, 0.0)
(31.479536, 22.813719, 0.0)
(28.690998, 25.797459, 0.0)
(28.580687, 26.013748, 0.0)
(28.582592, 26.096800, 0.0)
(28.570677, 26.161079, 0.0)
(28.550140, 26.151525, 0.0)
(28.552481, 26.171946, 0.0)
(28.599695, 25.864347, 0.0)
(28.540545, 25.562418, 0.0)
(28.519711, 25.606432, 0.0)
(28.530104, 25.643122, 0.0)
(28.549486, 25.485340, 0.0)
(28.526806, 25.353159, 0.0)
(28.548485, 25.325077, 0.0)
(28.564470, 25.301567, 0.0)
(28.090288, 25.474350, 0.0)
(28.039536, 25.518261, 0.0)
(28.078436, 25.490990, 0.0)
(28.091803, 25.514116, 0.0)
(28.095800, 25.524931, 0.0)
(28.108963, 25.481112, 0.0)
(28.094572, 25.472759, 0.0)
(28.093744, 25.463530, 0.0)
(28.088293, 25.476004, 0.0)
(28.097282, 25.476692, 0.0)
(28.092422, 25.500683, 0.0)
(28.095205, 25.507551, 0.0)
(28.102873, 25.534895, 0.0)
(28.109262, 25.539127, 0.0)
(28.098396, 25.539518, 0.0)
(28.083618, 25.550373, 0.0)
(28.089491, 25.545324, 0.0)
(28.077669, 25.491007, 0.0)
(28.075832, 25.489618, 0.0)
(28.078419, 25.515932, 0.0)
(28.079676, 25.500509, 0.0)
(28.083570, 25.520306, 0.0)
(29.085400, 25.265636, 0.0)
(34.824635, 22.937550, 0.0)
(37.385380, 21.898855, 0.0)
(37.299942, 21.933733, 0.0)
(37.174183, 21.985004, 0.0)
(37.157597, 21.999249, 0.0)
(37.134663, 22.009941, 0.0)
(37.095192, 21.991249, 0.0)
(37.077057, 21.980879, 0.0)
(37.089996, 21.967386, 0.0)
(37.119110, 21.913754, 0.0)
(37.142441, 21.899504, 0.0)
(37.096100, 21.922356, 0.0)
(37.104763, 21.914280, 0.0)
(37.050549, 21.845350, 0.0)
(37.230511, 23.076063, 0.0)
(37.235607, 23.062845, 0.0)
(37.158611, 22.418722, 0.0)
(37.087845, 21.820312, 0.0)
(37.074184, 21.580435, 0.0)
(37.091881, 21.596296, 0.0)
(37.116169, 21.647778, 0.0)
(37.100643, 21.706930, 0.0)
(37.099068, 21.729391, 0.0)
(37.082348, 21.748802, 0.0)
(37.064075, 21.736509, 0.0)
(37.098427, 21.709551, 0.0)
(37.080254, 21.681335, 0.0)
(37.267960, 23.552748, 0.0)
(37.044979, 23.624628, 0.0)
(36.797012, 22.649912, 0.0)
(36.782410, 22.056721, 0.0)
(36.716408, 21.755558, 0.0)
(36.682682, 21.657595, 0.0)
(36.733307, 21.621843, 0.0)
(36.712006, 21.612953, 0.0)
(36.736221, 21.663820, 0.0)
(36.726795, 21.717859, 0.0)
(34.993683, 20.928591, 0.0)
(32.976868, 18.677715, 0.0)
(32.509956, 18.293530, 0.0)
(32.508945, 18.382330, 0.0)
(32.517666, 18.386822, 0.0)
(32.472561, 18.388153, 0.0)
(32.465096, 18.395407, 0.0)
(32.462521, 18.381319, 0.0)
(32.482800, 18.378809, 0.0)
(32.509888, 18.385540, 0.0)
(32.499161, 18.410915, 0.0)
(32.507957, 18.418339, 0.0)
(32.512970, 18.372511, 0.0)
(32.526108, 18.334427, 0.0)
(32.546234, 18.312542, 0.0)
(32.558319, 18.265522, 0.0)
(32.576389, 18.262403, 0.0)
(32.580307, 18.304979, 0.0)
(32.591629, 18.363815, 0.0)
(32.601448, 18.417261, 0.0)
(32.615253, 18.415520, 0.0)
(32.613800, 18.406223, 0.0)
(32.608711, 18.362528, 0.0)
(32.597088, 18.301096, 0.0)
(32.609905, 18.291286, 0.0)
(32.601833, 18.353170, 0.0)
(32.601437, 18.372110, 0.0)
(32.609356, 18.399481, 0.0)
(32.610336, 18.398741, 0.0)
(32.607285, 18.379684, 0.0)
(32.608116, 18.363853, 0.0)
(32.608147, 18.326406, 0.0)
(32.619640, 18.314384, 0.0)
(32.630787, 18.317551, 0.0)
(32.614399, 18.360567, 0.0)
(32.620541, 18.380184, 0.0)
(32.617172, 18.361210, 0.0)
(31.876106, 18.646660, 0.0)
(29.228209, 20.530462, 0.0)
(26.593349, 22.916540, 0.0)
(25.858173, 23.214022, 0.0)
(25.282324, 24.346046, 0.0)
(25.126242, 24.740746, 0.0)
(25.107258, 24.743019, 0.0)
(25.075409, 24.742958, 0.0)
(25.070326, 24.737621, 0.0)
(25.076706, 24.737352, 0.0)
(25.112787, 24.749058, 0.0)
(24.940931, 25.228392, 0.0)
(24.874905, 25.704123, 0.0)
(24.882381, 25.733751, 0.0)
(24.869509, 25.694635, 0.0)
(24.889666, 25.715157, 0.0)
(24.887260, 25.749594, 0.0)
(24.875229, 25.786367, 0.0)
(24.882658, 25.818609, 0.0)
(24.884352, 25.841146, 0.0)
(24.852188, 25.889608, 0.0)
(24.906481, 25.955778, 0.0)
(24.917330, 25.944162, 0.0)
(24.900291, 25.934587, 0.0)
(24.934557, 25.890270, 0.0)
(24.926353, 25.869822, 0.0)
(24.886663, 25.845655, 0.0)
(24.912142, 25.859188, 0.0)
(24.916969, 25.895832, 0.0)
(24.917343, 25.925886, 0.0)
(24.907892, 25.915918, 0.0)
(24.902220, 25.909971, 0.0)
(24.899502, 25.877995, 0.0)
(24.919006, 25.838371, 0.0)
(24.951157, 25.905319, 0.0)
(29.777891, 27.663773, 0.0)
(32.340313, 28.653547, 0.0)
(32.208523, 28.609077, 0.0)
(32.060127, 28.504768, 0.0)
(32.027077, 28.445940, 0.0)
(31.971367, 28.364849, 0.0)
(31.948771, 28.334236, 0.0)
(31.931540, 28.353533, 0.0)
(33.513672, 28.824535, 0.0)
(33.590366, 28.843092, 0.0)
(33.525002, 28.805182, 0.0)
(33.499592, 28.738909, 0.0)
(33.472446, 28.682093, 0.0)
(33.484089, 28.664042, 0.0)
(33.459084, 28.714476, 0.0)
(33.443977, 28.764277, 0.0)
(33.439903, 28.784981, 0.0)
(33.428226, 28.819901, 0.0)
(33.425823, 28.842918, 0.0)
(33.392597, 28.832489, 0.0)
(33.410851, 28.821413, 0.0)
(33.392376, 28.850811, 0.0)
(33.336136, 28.884493, 0.0)
(33.340015, 28.915836, 0.0)
(33.334717, 28.905308, 0.0)
(33.333607, 28.875240, 0.0)
(33.364487, 28.970886, 0.0)
(33.598309, 28.949280, 0.0)
(35.059200, 21.582611, 0.0)
(35.077953, 19.562328, 0.0)
(34.937672, 19.387310, 0.0)
(34.914417, 19.524145, 0.0)
(34.891968, 19.589512, 0.0)
(34.905586, 19.649786, 0.0)
(34.871979, 19.667370, 0.0)
(34.841934, 19.712061, 0.0)
(34.836441, 19.739267, 0.0)
(34.860764, 19.726675, 0.0)
(34.877060, 19.712744, 0.0)
(34.963062, 19.941982, 0.0)
(35.746563, 22.819807, 0.0)
(35.575420, 24.644033, 0.0)
(35.479908, 24.592861, 0.0)
(35.443928, 24.359411, 0.0)
(35.433842, 24.358849, 0.0)
(35.446053, 24.389822, 0.0)
(35.415359, 24.402258, 0.0)
(35.388409, 24.389078, 0.0)
(35.389671, 24.344152, 0.0)
(35.398525, 24.301966, 0.0)
(35.393276, 24.299215, 0.0)
(35.382252, 24.344374, 0.0)
(35.350506, 24.366859, 0.0)
(35.338295, 24.367353, 0.0)
(35.309467, 24.387524, 0.0)
(35.312492, 24.383160, 0.0)
(35.300255, 24.357317, 0.0)
(35.309757, 24.374966, 0.0)
(35.291271, 24.401527, 0.0)
(35.269550, 24.403288, 0.0)
(35.245930, 24.415934, 0.0)
(35.263260, 24.382788, 0.0)
(35.250862, 24.376823, 0.0)
(35.245461, 24.387972, 0.0)
(35.250931, 24.413698, 0.0)
(35.263912, 24.380060, 0.0)
(35.253056, 24.391550, 0.0)
(35.262871, 24.372561, 0.0)
(35.256550, 24.371927, 0.0)
(35.264462, 24.355394, 0.0)
(35.253262, 24.352325, 0.0)
(35.252174, 24.357067, 0.0)
(33.774487, 24.460510, 0.0)
(28.719587, 23.946945, 0.0)
(27.159105, 23.829178, 0.0)
(27.066078, 23.891390, 0.0)
(27.077885, 23.889231, 0.0)
(27.069317, 23.893742, 0.0)
(27.055527, 23.907864, 0.0)
(26.412436, 24.103479, 0.0)
(26.200901, 23.920774, 0.0)
(26.255283, 23.846659, 0.0)
(26.268801, 23.838776, 0.0)
(26.272142, 23.853863, 0.0)
(26.254089, 23.844948, 0.0)
(26.260994, 23.814817, 0.0)
(26.287029, 23.825315, 0.0)
(26.278008, 23.823298, 0.0)
(26.290424, 23.804754, 0.0)
(26.284529, 23.799810, 0.0)
(26.291637, 23.772943, 0.0)
(26.283403, 23.779442, 0.0)
(26.279842, 23.755823, 0.0)
(26.293324, 23.763197, 0.0)
(26.298458, 23.768892, 0.0)
(26.296049, 23.773911, 0.0)
(26.279663, 23.762859, 0.0)
(26.259306, 23.785128, 0.0)
(26.272617, 23.771017, 0.0)
(26.281345, 23.736427, 0.0)
(26.267380, 23.790642, 0.0)
(26.269903, 23.803667, 0.0)
(26.269255, 23.827747, 0.0)
(26.267569, 23.824076, 0.0)
(26.262331, 23.813850, 0.0)
(26.263172, 23.785765, 0.0)
(26.261486, 23.779411, 0.0)
(26.260658, 23.779354, 0.0)
(26.253942, 23.781755, 0.0)
(26.248178, 23.802263, 0.0)
(26.400610, 23.667400, 0.0)
(29.583664, 23.235741, 0.0)
(36.913006, 18.639477, 0.0)
(37.736069, 17.931311, 0.0)
(37.804649, 17.876295, 0.0)
(37.760361, 17.916193, 0.0)
(37.731506, 17.989664, 0.0)
(37.878021, 18.078800, 0.0)
(38.677525, 18.348555, 0.0)
(38.708691, 18.433390, 0.0)
(38.671276, 18.448128, 0.0)
(38.671638, 18.380793, 0.0)
(38.707649, 18.344667, 0.0)
(38.734097, 18.335754, 0.0)
(38.697289, 18.340437, 0.0)
(38.665722, 18.377064, 0.0)
(38.685879, 18.380669, 0.0)
(38.726597, 18.361240, 0.0)
(38.726196, 18.336349, 0.0)
(38.676746, 18.339645, 0.0)
(38.698185, 18.348701, 0.0)
(38.699413, 18.330038, 0.0)
(38.702003, 18.329123, 0.0)
(38.685112, 18.312252, 0.0)
(38.666409, 18.274876, 0.0)
(38.674591, 18.271723, 0.0)
(38.621372, 18.305773, 0.0)
(38.632957, 18.350286, 0.0)
(38.627148, 18.360720, 0.0)
(38.623539, 18.345009, 0.0)
(38.605968, 18.313496, 0.0)
(38.620411, 18.334366, 0.0)
(38.620037, 18.339960, 0.0)
(38.621586, 18.404636, 0.0)
(38.619705, 18.418493, 0.0)
(38.610088, 18.432312, 0.0)
(38.398483, 18.528122, 0.0)
(34.925709, 20.528145, 0.0)
(31.825806, 22.723131, 0.0)
(31.307938, 23.034296, 0.0)
(31.294601, 22.843435, 0.0)
(31.289558, 22.777157, 0.0)
(31.188406, 22.857525, 0.0)
(30.381502, 23.946785, 0.0)
(30.348391, 23.913078, 0.0)
(30.348103, 23.839745, 0.0)
(30.315826, 23.814548, 0.0)
(30.322746, 23.789421, 0.0)
(30.281757, 23.763735, 0.0)
(30.255121, 23.734428, 0.0)
(30.250196, 23.656416, 0.0)
(30.223885, 23.672037, 0.0)
(30.129881, 23.822319, 0.0)
(30.124544, 23.843815, 0.0)
(30.132332, 23.832874, 0.0)
(30.154863, 23.835173, 0.0)
(30.142294, 23.826887, 0.0)
(30.156143, 23.827578, 0.0)
(30.171440, 23.804255, 0.0)
(30.183998, 23.762472, 0.0)
(30.162188, 23.725777, 0.0)
(30.243132, 23.739431, 0.0)
(29.997137, 23.543289, 0.0)
(29.977009, 22.918583, 0.0)
(29.966002, 22.552483, 0.0)
(29.953384, 22.347536, 0.0)
(29.945791, 22.327076, 0.0)
(29.958220, 22.313040, 0.0)
(29.962036, 22.404640, 0.0)
(29.968164, 22.445715, 0.0)
(29.928324, 22.490168, 0.0)
(29.930387, 22.466028, 0.0)
(29.916733, 22.422071, 0.0)
(30.480835, 22.303387, 0.0)
(34.957439, 20.824514, 0.0)
(38.374775, 20.302937, 0.0)
(38.673923, 20.111046, 0.0)
(38.521992, 20.123857, 0.0)
(38.456978, 20.149248, 0.0)
(38.865730, 20.224176, 0.0)
(39.236122, 20.208544, 0.0)
(39.214558, 20.225691, 0.0)
(39.235939, 20.257711, 0.0)
(39.219349, 20.272369, 0.0)
(39.212677, 20.284286, 0.0)
(39.239983, 20.313213, 0.0)
(39.242180, 20.312889, 0.0)
(39.248894, 20.314913, 0.0)
(39.253689, 20.327143, 0.0)
(39.258652, 20.318020, 0.0)
(39.271259, 20.343491, 0.0)
(39.282585, 20.382442, 0.0)
(39.299892, 20.410051, 0.0)
(39.298191, 20.422354, 0.0)
(39.285278, 20.426561, 0.0)
(39.289711, 20.411428, 0.0)
(39.265400, 20.351297, 0.0)
(39.268230, 20.304708, 0.0)
(39.257347, 20.294367, 0.0)
(39.223331, 20.300350, 0.0)
(39.226467, 20.341734, 0.0)
(39.221699, 20.338766, 0.0)
(39.194183, 20.352856, 0.0)
(39.193726, 20.367403, 0.0)
(39.202263, 20.363480, 0.0)
(39.203190, 20.352762, 0.0)
(39.201420, 20.347221, 0.0)
(39.204548, 20.338720, 0.0)
(39.202961, 20.343302, 0.0)
(39.199364, 20.375263, 0.0)
(40.783943, 23.899551, 0.0)
(41.537727, 27.113256, 0.0)
(41.544971, 27.187077, 0.0)
(41.517944, 27.018108, 0.0)
(41.515110, 27.007975, 0.0)
(41.511063, 27.021290, 0.0)
(41.498783, 27.029755, 0.0)
(41.487003, 27.076923, 0.0)
(41.488331, 27.093637, 0.0)
(41.490860, 27.082676, 0.0)
(41.498402, 27.095743, 0.0)
(41.483692, 27.066042, 0.0)
(41.481857, 27.059675, 0.0)
(41.482994, 27.026260, 0.0)
(41.471912, 27.062889, 0.0)
(41.476067, 27.114109, 0.0)
(41.490395, 27.111073, 0.0)
(41.485580, 27.121828, 0.0)
(41.485966, 27.112360, 0.0)
(41.485672, 27.102877, 0.0)
(41.480839, 27.057112, 0.0)
(41.469051, 27.078825, 0.0)
(41.472885, 27.091307, 0.0)
(41.472256, 27.083902, 0.0)
(41.477165, 27.072128, 0.0)
(41.485271, 27.044735, 0.0)
(41.478828, 27.028482, 0.0)
(41.461559, 27.013350, 0.0)
(41.446526, 27.009027, 0.0)
(41.440182, 27.006073, 0.0)
(41.433331, 27.008518, 0.0)
(41.415203, 26.980669, 0.0)
(41.398724, 26.961267, 0.0)
(41.393391, 26.877884, 0.0)
(41.389297, 26.857454, 0.0)
(41.381451, 26.833254, 0.0)
(41.210712, 24.076313, 0.0)
(41.087276, 20.735733, 0.0)
(40.768177, 19.435200, 0.0)
(40.694088, 19.607191, 0.0)
(40.651093, 19.742970, 0.0)
(40.628555, 19.770588, 0.0)
(40.619923, 19.797329, 0.0)
(40.622498, 19.859669, 0.0)
(40.626549, 19.865917, 0.0)
(40.629669, 19.845356, 0.0)
(40.654129, 19.824423, 0.0)
(40.671806, 19.825237, 0.0)
(40.707489, 19.841461, 0.0)
(40.736519, 19.860556, 0.0)
(40.705204, 19.834146, 0.0)
(40.717083, 19.836880, 0.0)
(40.743530, 19.846445, 0.0)
(40.769379, 19.797916, 0.0)
(40.769878, 19.791739, 0.0)
(40.745964, 19.790195, 0.0)
(40.749104, 19.773123, 0.0)
(40.750843, 19.732023, 0.0)
(40.736279, 19.738201, 0.0)
(40.749317, 19.778337, 0.0)
(40.751698, 19.793810, 0.0)
(40.755196, 19.811903, 0.0)
(40.739193, 19.821733, 0.0)
(40.738426, 19.831100, 0.0)
(40.725430, 19.820421, 0.0)
(40.723118, 19.812384, 0.0)
(40.708858, 19.852308, 0.0)
(40.708118, 19.890490, 0.0)
(40.704487, 19.939241, 0.0)
(40.694801, 19.980131, 0.0)
(40.673504, 19.987846, 0.0)
(40.674110, 19.973732, 0.0)
(40.671879, 19.974104, 0.0)
(40.521652, 19.957895, 0.0)
(38.766438, 20.611731, 0.0)
(36.268639, 28.297846, 0.0)
(35.981281, 27.954481, 0.0)
(35.912609, 27.372822, 0.0)
(35.802853, 27.026682, 0.0)
(35.862297, 26.831049, 0.0)
(35.738430, 26.798954, 0.0)
(35.750668, 26.731873, 0.0)
(35.795860, 26.722420, 0.0)
(35.735558, 26.655317, 0.0)
(35.771072, 26.626520, 0.0)
(35.736492, 26.580915, 0.0)
(35.747803, 26.577112, 0.0)
(35.766941, 26.609444, 0.0)
(35.744530, 26.627192, 0.0)
(35.760387, 26.620470, 0.0)
(35.759193, 26.635670, 0.0)
(35.753586, 26.618387, 0.0)
(35.749294, 26.628027, 0.0)
(35.757595, 26.581249, 0.0)
(35.749352, 26.559420, 0.0)
(35.733067, 26.520651, 0.0)
(35.116413, 25.725525, 0.0)
(34.628609, 23.323362, 0.0)
(34.231842, 20.818220, 0.0)
(33.854958, 19.179798, 0.0)
(33.712421, 19.117043, 0.0)
(33.665115, 19.263920, 0.0)
(33.638966, 19.288776, 0.0)
(33.638748, 19.338099, 0.0)
(33.634136, 19.338060, 0.0)
(33.626213, 19.349890, 0.0)
(33.633606, 19.355165, 0.0)
(33.623047, 19.369267, 0.0)
(33.618713, 19.318743, 0.0)
(33.633911, 19.339846, 0.0)
(33.615845, 19.350700, 0.0)
(33.649384, 19.450869, 0.0)
(34.935188, 24.662943, 0.0)
(35.759708, 28.319414, 0.0)
(35.731243, 28.465328, 0.0)
(35.674271, 28.304724, 0.0)
(35.627567, 28.210707, 0.0)
(35.598961, 28.257524, 0.0)
(35.585369, 28.247810, 0.0)
(35.572033, 28.267448, 0.0)
(35.556683, 28.310394, 0.0)
(35.522896, 28.312777, 0.0)
(35.533306, 28.309805, 0.0)
(35.537720, 28.283548, 0.0)
(35.495552, 28.314550, 0.0)
(35.476856, 28.341463, 0.0)
(35.492409, 28.381514, 0.0)
(35.478149, 28.394598, 0.0)
(35.457703, 28.427185, 0.0)
(35.463970, 28.415222, 0.0)
(35.456615, 28.404840, 0.0)
(35.455494, 28.414492, 0.0)
(35.454662, 28.435320, 0.0)
(35.454762, 28.476259, 0.0)
(35.443390, 28.529509, 0.0)
(35.455070, 28.531935, 0.0)
(35.455341, 28.631783, 0.0)
(35.691879, 27.582617, 0.0)
(35.755291, 25.269451, 0.0)
(35.445507, 22.053520, 0.0)
(35.067760, 20.212282, 0.0)
(34.855175, 19.914995, 0.0)
(34.779121, 20.134899, 0.0)
(34.766777, 20.197634, 0.0)
(34.768425, 20.190865, 0.0)
(34.725746, 20.187021, 0.0)
(34.737099, 20.229393, 0.0)
(34.759857, 20.240404, 0.0)
(31.735098, 22.002060, 0.0)
(28.615101, 25.614941, 0.0)
(27.040607, 27.016157, 0.0)
(26.887423, 27.035297, 0.0)
(26.892897, 26.930391, 0.0)
(26.841429, 26.924009, 0.0)
(26.831175, 26.949518, 0.0)
(26.782490, 26.985960, 0.0)
(26.760063, 27.019859, 0.0)
(26.682539, 28.217318, 0.0)
(26.694721, 28.352547, 0.0)
(26.667610, 28.314425, 0.0)
(26.635027, 28.330608, 0.0)
(26.613226, 28.326397, 0.0)
(26.616465, 28.325876, 0.0)
(26.619356, 28.334230, 0.0)
(26.591217, 28.359243, 0.0)
(26.593634, 28.358482, 0.0)
(26.584991, 28.352180, 0.0)
(26.578709, 28.352085, 0.0)
(26.600328, 28.332788, 0.0)
(26.620895, 28.340746, 0.0)
(26.632795, 28.344130, 0.0)
(26.630976, 28.332766, 0.0)
(26.637251, 28.333490, 0.0)
(26.648102, 28.298328, 0.0)
(26.661406, 28.291212, 0.0)
(26.674101, 28.305054, 0.0)
(26.660423, 28.308990, 0.0)
(26.657314, 28.343998, 0.0)
(26.661657, 28.346924, 0.0)
(26.661657, 28.346924, 0.0)
(26.664984, 28.371069, 0.0)
(26.660677, 28.347258, 0.0)
(26.666636, 28.346428, 0.0)
(26.652857, 28.344280, 0.0)
(26.980947, 27.799347, 0.0)
(29.818592, 24.048203, 0.0)
(30.684835, 22.758020, 0.0)
(30.591188, 22.890095, 0.0)
(30.499966, 23.008274, 0.0)
(30.462118, 23.001356, 0.0)
(30.428474, 22.949112, 0.0)
(30.405897, 23.290613, 0.0)
(30.147978, 24.229538, 0.0)
(30.131098, 23.577047, 0.0)
(30.119696, 23.195005, 0.0)
(30.127167, 22.937778, 0.0)
(30.122841, 22.747791, 0.0)
(30.103376, 22.618505, 0.0)
(30.067482, 22.502754, 0.0)
(30.081291, 22.422886, 0.0)
(30.031818, 22.384480, 0.0)
(30.023283, 22.310753, 0.0)
(30.024954, 22.294357, 0.0)
(30.025967, 22.251402, 0.0)
(30.014954, 22.266903, 0.0)
(30.026060, 22.282158, 0.0)
(30.037140, 22.309223, 0.0)
(30.045910, 22.280703, 0.0)
(30.074938, 22.248539, 0.0)
(30.082804, 22.205961, 0.0)
(30.083735, 22.130152, 0.0)
(30.077333, 22.122934, 0.0)
(30.026346, 22.092022, 0.0)
(30.046766, 22.082117, 0.0)
(30.055660, 22.095444, 0.0)
(30.047661, 22.094633, 0.0)
(30.047680, 22.114799, 0.0)
(30.040270, 22.120674, 0.0)
(30.042160, 22.097340, 0.0)
(30.055744, 22.094021, 0.0)
(30.034981, 22.104435, 0.0)
(30.397411, 22.498285, 0.0)
(34.955879, 26.801947, 0.0)
(36.983208, 29.196386, 0.0)
(36.987602, 29.139612, 0.0)
(36.847042, 29.000395, 0.0)
(36.782570, 28.984467, 0.0)
(36.725117, 29.003916, 0.0)
(36.745789, 28.993320, 0.0)
(36.778343, 29.001785, 0.0)
(36.778778, 29.006220, 0.0)
(36.769524, 29.064945, 0.0)
(36.752239, 29.089298, 0.0)
(36.747959, 29.101019, 0.0)
(36.721329, 29.200666, 0.0)
(36.726330, 29.209337, 0.0)
(36.719818, 29.264910, 0.0)
(36.691002, 29.309343, 0.0)
(36.681252, 29.350714, 0.0)
(36.926250, 29.735298, 0.0)
(37.882271, 30.137766, 0.0)
(37.925861, 30.155737, 0.0)
(37.872791, 30.157524, 0.0)
(37.858795, 30.182102, 0.0)
(37.870716, 30.197491, 0.0)
(37.896687, 30.219452, 0.0)
(37.889046, 30.238873, 0.0)
(37.899620, 30.251459, 0.0)
(37.887897, 30.261311, 0.0)
(37.886555, 30.266640, 0.0)
(37.873032, 30.276501, 0.0)
(37.845470, 30.298336, 0.0)
(37.829388, 30.301176, 0.0)
(37.846127, 30.267698, 0.0)
(37.844208, 30.261435, 0.0)
(37.992443, 28.358803, 0.0)
(38.096745, 25.478273, 0.0)
(37.887981, 24.654882, 0.0)
(37.800579, 24.419018, 0.0)
(37.768181, 24.394543, 0.0)
(37.350727, 24.576923, 0.0)
(32.956383, 26.440079, 0.0)
(30.934561, 27.647680, 0.0)
(30.974522, 27.675262, 0.0)
(30.996960, 27.633112, 0.0)
(30.992504, 27.608248, 0.0)
(30.968847, 27.546713, 0.0)
(30.938471, 27.533161, 0.0)
(30.920134, 27.519537, 0.0)
(30.908773, 27.512653, 0.0)
(30.862711, 28.012037, 0.0)
(30.712296, 28.777536, 0.0)
(30.682135, 28.755468, 0.0)
(30.673101, 28.761688, 0.0)
(30.645571, 28.767834, 0.0)
(30.627672, 28.763483, 0.0)
(30.614838, 28.759914, 0.0)
(30.624416, 28.757896, 0.0)
(30.628254, 28.769674, 0.0)
(30.610491, 28.796444, 0.0)
(30.609137, 28.819454, 0.0)
(30.616724, 28.828178, 0.0)
(30.603399, 28.866730, 0.0)
(30.614088, 28.882727, 0.0)
(30.623552, 28.888550, 0.0)
(30.625252, 28.899275, 0.0)
(30.626083, 28.900179, 0.0)
(30.622704, 28.894863, 0.0)
(30.643545, 28.912151, 0.0)
(30.627409, 28.935631, 0.0)
(30.641853, 28.958782, 0.0)
(30.633715, 28.961910, 0.0)
(30.621775, 29.017183, 0.0)
(30.633312, 29.014803, 0.0)
(30.635799, 28.991430, 0.0)
(30.629917, 29.003590, 0.0)
(31.757864, 27.670042, 0.0)
(35.298218, 24.020111, 0.0)
(38.435432, 21.752878, 0.0)
(40.834236, 21.478004, 0.0)
(41.902119, 21.517075, 0.0)
(42.114246, 21.496330, 0.0)
(42.111187, 21.589790, 0.0)
(42.729729, 21.778696, 0.0)
(43.637512, 22.332745, 0.0)
(43.717049, 22.506418, 0.0)
(43.668816, 22.434914, 0.0)
(43.701324, 22.410498, 0.0)
(43.704971, 22.389397, 0.0)
(43.668049, 22.418203, 0.0)
(43.555325, 22.315908, 0.0)
(43.553963, 22.298372, 0.0)
(43.575096, 22.286718, 0.0)
(43.553654, 22.351877, 0.0)
(43.522282, 22.362265, 0.0)
(43.565277, 22.299732, 0.0)
(43.569195, 22.285973, 0.0)
(43.548706, 22.294245, 0.0)
(43.496059, 22.283100, 0.0)
(43.488880, 22.310226, 0.0)
(43.516865, 22.288113, 0.0)
(43.504620, 22.254633, 0.0)
(43.520954, 22.281553, 0.0)
(43.576202, 22.301041, 0.0)
(43.550957, 22.302834, 0.0)
(43.546944, 22.296726, 0.0)
(43.542648, 22.291431, 0.0)
(43.532742, 22.279669, 0.0)
(43.519775, 22.282642, 0.0)
(43.485264, 22.293064, 0.0)
(43.472729, 22.312267, 0.0)
(43.451324, 22.315619, 0.0)
(43.141960, 22.134464, 0.0)
(38.810902, 20.079521, 0.0)
(36.772545, 19.399248, 0.0)
(36.774834, 19.343494, 0.0)
(36.850323, 19.319118, 0.0)
(36.837532, 19.245167, 0.0)
(36.828392, 19.246458, 0.0)
(36.600346, 19.090599, 0.0)
(36.373226, 18.779119, 0.0)
(36.343353, 18.780001, 0.0)
(36.337986, 18.823713, 0.0)
(36.358326, 18.812675, 0.0)
(36.393368, 18.808907, 0.0)
(36.388130, 18.785641, 0.0)
(36.421425, 18.755281, 0.0)
(36.444355, 18.702232, 0.0)
(36.448570, 18.705992, 0.0)
(36.449348, 18.739162, 0.0)
(36.441895, 18.762346, 0.0)
(36.737732, 18.876410, 0.0)
(36.821690, 18.898952, 0.0)
(36.803936, 18.883137, 0.0)
(36.803333, 18.869026, 0.0)
(36.817883, 18.838503, 0.0)
(36.836006, 18.844791, 0.0)
(36.822224, 18.836967, 0.0)
(36.822224, 18.836967, 0.0)
(36.836006, 18.844791, 0.0)
(36.822224, 18.836967, 0.0)
(36.853050, 18.838615, 0.0)
(36.873631, 18.816036, 0.0)
(36.876541, 18.778343, 0.0)
(36.862919, 18.778215, 0.0)
(36.861187, 18.771460, 0.0)
(36.843578, 18.754261, 0.0)
(36.873756, 18.756310, 0.0)
(36.860195, 18.746559, 0.0)
(36.825775, 18.755907, 0.0)
(36.848976, 18.771980, 0.0)
(37.204639, 19.238823, 0.0)
(39.268562, 21.330412, 0.0)
(41.648197, 25.194571, 0.0)
(42.671696, 27.382912, 0.0)
(42.850636, 28.679108, 0.0)
(42.783089, 28.820721, 0.0)
(42.773689, 28.685009, 0.0)
(42.797688, 28.590628, 0.0)
(42.793839, 28.554195, 0.0)
(42.825329, 28.564102, 0.0)
(43.132236, 28.726542, 0.0)
(43.141804, 28.713968, 0.0)
(43.148453, 28.677439, 0.0)
(43.156651, 28.674173, 0.0)
(43.184082, 28.632214, 0.0)
(43.204285, 28.672792, 0.0)
(43.208759, 28.692083, 0.0)
(43.212563, 28.713083, 0.0)
(43.211720, 28.736122, 0.0)
(43.217400, 28.740627, 0.0)
(43.206863, 28.714561, 0.0)
(43.211292, 28.655277, 0.0)
(43.210518, 28.609278, 0.0)
(43.180580, 28.648138, 0.0)
(43.152462, 28.661087, 0.0)
(43.179043, 28.652931, 0.0)
(43.176697, 28.643127, 0.0)
(43.164055, 28.666773, 0.0)
(43.177574, 28.696054, 0.0)
(43.178120, 28.714989, 0.0)
(43.166737, 28.731026, 0.0)
(43.166737, 28.731026, 0.0)
(43.160561, 28.725677, 0.0)
(43.165787, 28.731659, 0.0)
(43.133545, 28.753054, 0.0)
(43.135262, 28.790472, 0.0)
(43.135262, 28.785072, 0.0)
(43.147057, 28.748627, 0.0)
(40.279179, 28.628557, 0.0)
(35.555496, 28.196285, 0.0)
(33.734310, 27.820488, 0.0)
(33.740311, 27.809513, 0.0)
(33.772701, 27.817865, 0.0)
(33.756298, 27.803299, 0.0)
(33.772499, 27.772987, 0.0)
(33.761845, 27.678051, 0.0)
(33.294350, 28.878267, 0.0)
(33.263840, 28.663364, 0.0)
(33.152676, 27.975473, 0.0)
(33.144314, 27.503073, 0.0)
(33.149464, 27.241863, 0.0)
(33.142242, 27.127880, 0.0)
(33.115452, 27.131178, 0.0)
(33.114784, 27.156599, 0.0)
(33.127956, 27.141863, 0.0)
(33.131901, 27.130865, 0.0)
(33.134453, 27.113195, 0.0)
(33.145531, 27.117580, 0.0)
(33.134819, 27.108967, 0.0)
(33.119221, 27.116587, 0.0)
(33.110004, 27.101019, 0.0)
(33.105053, 27.097868, 0.0)
(33.092243, 27.099854, 0.0)
(33.110355, 27.134663, 0.0)
(33.115433, 27.136597, 0.0)
(33.105427, 27.156086, 0.0)
(33.092464, 27.149071, 0.0)
(33.092529, 27.127657, 0.0)
(33.103832, 27.074343, 0.0)
(33.100452, 27.051271, 0.0)
(33.096313, 27.054970, 0.0)
(33.081692, 27.067909, 0.0)
(33.056805, 27.066351, 0.0)
(33.605106, 26.103001, 0.0)
(34.712128, 23.481361, 0.0)
(34.960953, 20.353533, 0.0)
(34.610199, 19.214602, 0.0)
(34.563782, 18.781565, 0.0)
(34.555401, 18.790174, 0.0)
(34.550491, 18.846903, 0.0)
(34.673321, 18.990639, 0.0)
(34.674625, 19.014675, 0.0)
(34.668312, 19.021427, 0.0)
(34.665886, 19.017981, 0.0)
(34.668133, 19.054415, 0.0)
(34.701427, 19.084877, 0.0)
(34.687046, 19.107210, 0.0)
(34.681019, 19.121344, 0.0)
(34.742554, 19.134615, 0.0)
(34.754879, 19.091547, 0.0)
(34.781139, 19.123156, 0.0)
(34.802433, 19.095465, 0.0)
(34.795670, 19.114094, 0.0)
(34.750473, 19.071747, 0.0)
(34.738342, 19.078291, 0.0)
(34.768261, 19.068182, 0.0)
(34.496975, 19.108992, 0.0)
(34.457981, 19.159582, 0.0)
(34.466373, 19.141932, 0.0)
(34.465912, 19.173059, 0.0)
(34.464321, 19.226480, 0.0)
(34.461098, 19.202541, 0.0)
(34.471664, 19.181065, 0.0)
(34.486862, 19.222179, 0.0)
(34.445759, 19.272272, 0.0)
(34.442574, 19.312658, 0.0)
(34.430138, 19.333687, 0.0)
(34.413845, 19.373569, 0.0)
(34.403332, 19.393898, 0.0)
(33.540592, 19.683313, 0.0)
(28.690847, 20.142012, 0.0)
(26.311808, 20.825251, 0.0)
(26.167065, 20.852285, 0.0)
(26.255697, 20.832832, 0.0)
(26.254061, 20.838095, 0.0)
(26.237837, 20.835346, 0.0)
(26.225685, 20.833399, 0.0)
(26.225225, 20.825951, 0.0)
(26.222521, 20.817688, 0.0)
(26.210098, 20.812809, 0.0)
(26.221054, 20.805967, 0.0)
(26.220144, 20.801308, 0.0)
(26.211163, 20.793089, 0.0)
(26.241707, 20.780308, 0.0)
(26.266474, 20.755770, 0.0)
(26.272284, 20.734886, 0.0)
(26.275879, 20.742954, 0.0)
(26.275879, 20.742954, 0.0)
(25.964767, 20.876898, 0.0)
(25.918783, 20.817137, 0.0)
(25.947840, 20.807217, 0.0)
(25.955763, 20.793787, 0.0)
(25.947931, 20.787441, 0.0)
(25.947849, 20.792669, 0.0)
(25.948067, 20.803810, 0.0)
(25.957516, 20.791845, 0.0)
(25.957136, 20.776899, 0.0)
(25.950323, 20.803730, 0.0)
(25.971674, 20.812643, 0.0)
(25.975784, 20.824986, 0.0)
(25.965906, 20.826307, 0.0)
(25.975464, 20.807714, 0.0)
(25.978041, 20.783251, 0.0)
(25.979013, 20.787819, 0.0)
(25.959496, 20.818811, 0.0)
(25.964451, 20.840080, 0.0)
(25.971731, 20.859699, 0.0)
(25.981525, 20.882456, 0.0)
(26.595406, 20.842207, 0.0)
(28.115219, 23.520620, 0.0)
(29.821693, 27.471735, 0.0)
(30.543625, 27.423347, 0.0)
(30.467255, 27.194223, 0.0)
(30.426023, 26.909225, 0.0)
(30.401747, 26.705580, 0.0)
(30.397562, 26.564016, 0.0)
(30.387833, 26.540375, 0.0)
(30.386898, 26.531796, 0.0)
(30.402943, 26.534464, 0.0)
(30.448568, 26.484756, 0.0)
(30.983299, 26.227680, 0.0)
(31.039663, 26.220058, 0.0)
(31.013725, 26.226704, 0.0)
(31.027781, 26.284981, 0.0)
(31.031590, 26.339176, 0.0)
(31.032473, 26.369350, 0.0)
(31.028591, 26.386936, 0.0)
(31.021614, 26.370907, 0.0)
(31.017820, 26.354334, 0.0)
(31.014261, 26.312563, 0.0)
(31.005915, 26.288708, 0.0)
(30.994175, 26.278360, 0.0)
(30.977819, 26.275492, 0.0)
(30.959402, 26.310631, 0.0)
(30.959381, 26.296839, 0.0)
(30.977409, 26.262833, 0.0)
(30.977356, 26.299709, 0.0)
(30.977819, 26.275492, 0.0)
(30.956171, 26.267725, 0.0)
(30.955584, 26.281620, 0.0)
(30.945131, 26.257278, 0.0)
(30.948566, 26.263597, 0.0)
(30.926674, 26.265484, 0.0)
(30.927309, 26.285295, 0.0)
(30.907541, 26.340542, 0.0)
(31.449251, 25.521490, 0.0)
(33.503113, 21.720806, 0.0)
(34.089344, 18.875210, 0.0)
(34.137146, 18.285604, 0.0)
(34.032166, 18.450455, 0.0)
(33.987961, 18.562031, 0.0)
(34.056019, 18.603756, 0.0)
(34.600765, 18.625294, 0.0)
(34.641991, 18.656454, 0.0)
(34.633415, 18.668995, 0.0)
(34.689823, 18.629725, 0.0)
(34.660637, 18.622663, 0.0)
(34.665173, 18.669636, 0.0)
(34.712833, 18.609106, 0.0)
(34.740513, 18.559021, 0.0)
(34.739464, 18.581137, 0.0)
(34.733490, 18.557623, 0.0)
(34.718269, 18.557169, 0.0)
(34.717896, 18.566982, 0.0)
(34.708958, 18.576551, 0.0)
(34.711239, 18.558104, 0.0)
(34.719181, 18.545675, 0.0)
(34.718292, 18.544052, 0.0)
(34.715992, 18.550085, 0.0)
(34.695042, 18.557322, 0.0)
(34.712742, 18.573004, 0.0)
(34.726410, 18.583466, 0.0)
(34.708260, 18.573870, 0.0)
(34.703884, 18.511599, 0.0)
(34.669342, 18.475668, 0.0)
(34.672173, 18.488226, 0.0)
(34.707348, 18.507217, 0.0)
(34.735069, 18.509615, 0.0)
(34.687729, 18.483147, 0.0)
(34.678787, 18.484400, 0.0)
(34.707760, 18.517223, 0.0)
(34.712673, 18.504608, 0.0)
(34.684742, 18.472013, 0.0)
(34.855560, 19.917576, 0.0)
(35.560078, 24.154371, 0.0)
(35.335873, 23.228109, 0.0)
(35.266083, 22.756950, 0.0)
(35.241482, 22.656281, 0.0)
(35.226109, 22.688963, 0.0)
(35.200413, 22.705147, 0.0)
(35.205383, 22.672983, 0.0)
(35.221531, 22.620848, 0.0)
(35.313972, 22.992481, 0.0)
(35.315178, 23.219524, 0.0)
(35.298500, 23.255112, 0.0)
(35.292995, 23.248615, 0.0)
(35.269253, 23.196491, 0.0)
(35.263329, 23.142710, 0.0)
(35.261044, 23.126459, 0.0)
(35.266239, 23.130726, 0.0)
(35.262611, 23.159725, 0.0)
(35.260921, 23.187553, 0.0)
(35.254547, 23.191458, 0.0)
(35.248821, 23.214092, 0.0)
(35.250668, 23.165098, 0.0)
(35.251617, 23.144192, 0.0)
(35.239075, 23.152899, 0.0)
(35.228371, 23.146433, 0.0)
(35.234524, 23.142843, 0.0)
(35.238270, 23.132635, 0.0)
(35.233791, 23.150635, 0.0)
(35.255566, 23.178923, 0.0)
(35.258015, 23.209244, 0.0)
(35.253819, 23.218334, 0.0)
(35.247997, 23.213493, 0.0)
(35.256252, 23.185383, 0.0)
(35.252544, 23.195635, 0.0)
(35.238071, 23.250546, 0.0)
(35.231041, 23.268278, 0.0)
(35.426025, 23.363710, 0.0)
(38.760258, 24.595247, 0.0)
(39.571857, 24.867258, 0.0)
(39.538914, 24.837931, 0.0)
(39.505901, 24.800621, 0.0)
(39.495983, 24.795172, 0.0)
(39.452145, 24.795057, 0.0)
(39.439056, 24.808027, 0.0)
(39.445229, 24.806782, 0.0)
(39.461063, 24.786200, 0.0)
(40.004517, 24.791716, 0.0)
(40.114880, 24.764006, 0.0)
(40.081738, 24.782335, 0.0)
(40.081364, 24.794027, 0.0)
(40.055805, 24.770658, 0.0)
(40.051350, 24.761719, 0.0)
(40.046738, 24.774057, 0.0)
(40.059769, 24.820513, 0.0)
(40.048538, 24.834984, 0.0)
(40.056473, 24.844185, 0.0)
(40.082546, 24.839676, 0.0)
(40.077614, 24.834700, 0.0)
(40.067207, 24.819418, 0.0)
(40.070866, 24.790226, 0.0)
(40.081352, 24.788216, 0.0)
(40.059101, 24.814350, 0.0)
(40.027206, 24.837584, 0.0)
(39.998184, 24.819546, 0.0)
(39.985348, 24.816456, 0.0)
(39.968384, 24.789995, 0.0)
(39.957638, 24.795246, 0.0)
(39.946594, 24.775766, 0.0)
(39.928066, 24.748581, 0.0)
(39.923065, 24.747232, 0.0)
(39.920219, 24.743801, 0.0)
(39.921967, 24.742033, 0.0)
(39.926628, 24.736547, 0.0)
(39.918083, 24.742167, 0.0)
(39.926064, 24.756752, 0.0)
(39.906055, 24.785030, 0.0)
(39.906055, 24.785030, 0.0)
(39.910992, 24.754347, 0.0)
(41.573135, 26.451868, 0.0)
(41.832859, 26.688135, 0.0)
(41.801926, 26.618023, 0.0)
(41.786194, 26.595673, 0.0)
(41.774342, 26.590111, 0.0)
(41.757763, 26.582607, 0.0)
(41.763603, 26.582048, 0.0)
(41.787624, 26.575214, 0.0)
(41.772392, 26.567619, 0.0)
(41.769371, 26.564764, 0.0)
(41.797432, 26.534122, 0.0)
(41.799339, 26.538046, 0.0)
(41.791107, 26.509125, 0.0)
(41.800526, 26.536711, 0.0)
(41.802555, 26.504692, 0.0)
(41.814362, 26.532486, 0.0)
(41.791908, 26.538776, 0.0)
(41.786434, 26.543749, 0.0)
(41.801041, 26.504179, 0.0)
(41.820438, 26.475895, 0.0)
(41.830032, 26.476923, 0.0)
(41.823719, 26.508041, 0.0)
(41.819813, 26.541777, 0.0)
(41.848656, 26.494745, 0.0)
(41.835949, 26.478367, 0.0)
(41.827572, 26.476595, 0.0)
(41.834995, 26.501362, 0.0)
(41.828526, 26.511391, 0.0)
(41.816891, 26.494987, 0.0)
(41.815441, 26.489666, 0.0)
(41.824074, 26.467415, 0.0)
(41.832264, 26.435234, 0.0)
(41.799831, 26.447504, 0.0)
(41.794304, 26.465549, 0.0)
(43.153442, 24.356644, 0.0)
(44.066029, 23.837183, 0.0)
(44.040119, 23.978146, 0.0)
(44.012463, 24.139565, 0.0)
(44.015873, 24.182108, 0.0)
(44.415539, 24.527271, 0.0)
(44.420479, 24.515560, 0.0)
(44.381142, 24.534012, 0.0)
(44.370331, 24.550323, 0.0)
(44.402298, 24.524719, 0.0)
(44.423946, 24.536650, 0.0)
(44.424568, 24.445871, 0.0)
(44.443356, 24.466410, 0.0)
(44.457119, 24.507154, 0.0)
(44.443542, 24.490837, 0.0)
(44.454845, 24.440353, 0.0)
(44.460850, 24.417646, 0.0)
(44.472614, 24.422676, 0.0)
(44.462967, 24.379160, 0.0)
(44.346920, 24.289087, 0.0)
(44.185516, 24.050337, 0.0)
(44.172050, 24.083544, 0.0)
(44.180031, 24.102564, 0.0)
(44.176609, 24.087986, 0.0)
(44.178905, 24.108381, 0.0)
(44.188107, 24.098566, 0.0)
(44.193623, 24.074158, 0.0)
(44.186378, 24.080246, 0.0)
(44.142567, 24.091684, 0.0)
(44.119099, 24.082458, 0.0)
(44.106903, 24.055506, 0.0)
(44.086784, 24.062832, 0.0)
(44.063530, 24.072084, 0.0)
(44.037220, 24.061426, 0.0)
(44.037479, 24.090641, 0.0)
(44.010635, 24.061430, 0.0)
(43.982952, 24.046343, 0.0)
(43.942852, 24.061010, 0.0)
(43.804337, 24.466923, 0.0)
(44.033768, 26.626232, 0.0)
(44.486202, 28.475840, 0.0)
(44.474651, 28.178295, 0.0)
(44.483269, 28.087976, 0.0)
(44.499676, 28.074661, 0.0)
(44.490990, 28.075665, 0.0)
(44.469738, 28.081877, 0.0)
(44.461418, 28.151459, 0.0)
(44.462753, 28.142900, 0.0)
(44.473175, 28.152531, 0.0)
(44.456238, 28.115343, 0.0)
(44.454971, 28.111237, 0.0)
(44.460098, 28.106812, 0.0)
(44.458633, 28.062218, 0.0)
(44.453865, 28.055052, 0.0)
(44.459183, 28.050714, 0.0)
(44.473988, 27.988111, 0.0)
(44.481956, 28.013016, 0.0)
(44.461750, 27.987764, 0.0)
(44.455799, 27.988804, 0.0)
(44.463032, 27.928473, 0.0)
(44.459087, 27.968233, 0.0)
(44.455898, 27.977919, 0.0)
(44.464649, 27.989910, 0.0)
(44.466293, 27.967697, 0.0)
(44.462463, 27.970276, 0.0)
(44.466286, 27.926645, 0.0)
(44.453560, 27.925816, 0.0)
(44.444843, 27.940414, 0.0)
(44.434788, 27.887886, 0.0)
(44.435608, 27.889231, 0.0)
(44.423187, 27.887121, 0.0)
(44.418285, 27.891609, 0.0)
(44.406670, 27.886063, 0.0)
(42.305004, 26.602301, 0.0)
(38.307495, 23.890673, 0.0)
(35.714588, 22.319807, 0.0)
(35.350777, 21.892578, 0.0)
(35.395512, 21.994455, 0.0)
(35.497917, 22.012205, 0.0)
(35.514660, 22.042465, 0.0)
(35.520794, 22.098989, 0.0)
(35.541847, 22.067368, 0.0)
(35.521500, 22.060900, 0.0)
(35.254848, 22.061361, 0.0)
(34.907913, 21.819113, 0.0)
(34.927341, 21.784172, 0.0)
(34.897957, 21.779877, 0.0)
(34.858925, 21.897049, 0.0)
(0.000000, 0.000000, 1.0)
(35.041748, 22.445910, 0.0)
(34.955753, 21.803688, 0.0)
(34.994781, 21.552433, 0.0)
(34.994747, 21.578016, 0.0)
(35.012058, 21.600853, 0.0)
(35.003929, 21.610611, 0.0)
(34.988930, 21.595110, 0.0)
(34.983986, 21.639849, 0.0)
(34.995617, 21.651936, 0.0)
(35.014118, 21.642603, 0.0)
(35.002506, 21.663067, 0.0)
(34.985672, 21.656141, 0.0)
(34.982880, 21.669231, 0.0)
(34.997425, 21.668360, 0.0)
(34.994415, 21.640877, 0.0)
(34.980488, 21.666580, 0.0)
(34.962700, 21.681074, 0.0)
(34.996082, 21.648111, 0.0)
(34.999992, 21.659145, 0.0)
(35.019421, 21.735325, 0.0)
(35.038780, 21.750996, 0.0)
(36.877445, 20.625330, 0.0)
(38.914913, 19.117949, 0.0)
(39.924610, 18.651375, 0.0)
(40.022778, 18.762066, 0.0)
(39.987362, 18.870792, 0.0)
(39.945557, 18.910563, 0.0)
(39.933456, 18.936211, 0.0)
(39.932247, 18.918354, 0.0)
(39.956108, 18.898275, 0.0)
(39.986702, 18.909201, 0.0)
(40.396023, 18.877615, 0.0)
(40.464897, 18.862305, 0.0)
(40.467640, 18.851805, 0.0)
(40.474224, 18.863085, 0.0)
(40.458004, 18.857325, 0.0)
(40.460846, 18.850893, 0.0)
(40.488358, 18.859938, 0.0)
(40.491558, 18.866142, 0.0)
(40.520603, 18.956327, 0.0)
(40.522495, 18.951857, 0.0)
(40.522785, 18.862404, 0.0)
(40.521400, 18.830769, 0.0)
(40.509418, 18.832012, 0.0)
(40.131065, 18.857716, 0.0)
(39.877483, 18.968557, 0.0)
(39.816959, 19.008167, 0.0)
(38.133400, 19.023973, 0.0)
(37.799576, 19.183336, 0.0)
(37.824318, 19.175804, 0.0)
(37.829887, 19.113638, 0.0)
(37.816277, 19.033047, 0.0)
(37.832378, 19.012852, 0.0)
(37.820007, 19.036627, 0.0)
(37.811420, 19.048487, 0.0)
(37.815170, 19.056589, 0.0)
(37.815170, 19.056589, 0.0)
(37.808475, 19.058365, 0.0)
(36.264217, 19.101538, 0.0)
(31.364466, 18.803858, 0.0)
(30.191586, 18.799665, 0.0)
(30.223200, 18.734119, 0.0)
(30.267113, 18.693594, 0.0)
(30.302849, 18.648571, 0.0)
(30.293840, 18.640869, 0.0)
(30.288734, 18.627277, 0.0)
(29.872252, 18.620609, 0.0)
(29.755508, 18.496536, 0.0)
(29.790192, 18.478611, 0.0)
(29.776392, 18.448177, 0.0)
(29.734335, 18.447250, 0.0)
(29.716919, 18.422869, 0.0)
(29.707884, 18.382872, 0.0)
(29.743546, 18.343832, 0.0)
(29.734755, 18.358397, 0.0)
(29.756523, 18.376112, 0.0)
(29.750460, 18.369175, 0.0)
(29.748848, 18.344704, 0.0)
(29.772881, 18.354496, 0.0)
(29.774260, 18.344086, 0.0)
(29.782387, 18.343439, 0.0)
(29.777971, 18.346817, 0.0)
(29.771570, 18.362268, 0.0)
(29.786085, 18.369007, 0.0)
(29.801199, 18.363077, 0.0)
(29.791719, 18.351147, 0.0)
(29.769388, 18.352823, 0.0)
(29.761816, 18.378754, 0.0)
(29.752321, 18.384314, 0.0)
(29.757143, 18.317587, 0.0)
(29.747782, 18.323294, 0.0)
(29.757956, 18.336735, 0.0)
(29.748655, 18.342335, 0.0)
(29.743031, 18.347237, 0.0)
(29.751865, 18.356773, 0.0)
(29.692326, 18.389814, 0.0)
(26.862167, 19.892958, 0.0)
(26.054178, 20.265238, 0.0)
(26.044575, 20.196175, 0.0)
(26.089008, 20.181602, 0.0)
(26.093748, 20.188028, 0.0)
(26.092705, 20.154112, 0.0)
(26.087326, 20.123289, 0.0)
(26.086994, 20.110216, 0.0)
(26.065245, 20.112217, 0.0)
(26.064255, 20.103559, 0.0)
(26.059694, 20.101994, 0.0)
(26.055964, 20.078573, 0.0)
(26.057400, 20.107424, 0.0)
(26.056391, 20.112875, 0.0)
(26.057400, 20.107424, 0.0)
(26.097916, 20.220877, 0.0)
(26.237957, 20.435043, 0.0)
(26.273800, 20.342407, 0.0)
(26.256094, 20.340302, 0.0)
(26.228148, 20.379278, 0.0)
(26.197481, 20.454794, 0.0)
(26.157034, 20.487638, 0.0)
(26.155037, 20.511578, 0.0)
(26.140491, 20.500860, 0.0)
(26.115685, 20.510481, 0.0)
(26.123301, 20.502804, 0.0)
(26.121109, 20.493635, 0.0)
(26.094660, 20.517288, 0.0)
(26.057196, 20.541700, 0.0)
(26.060007, 20.593414, 0.0)
(26.072273, 20.576080, 0.0)
(26.077971, 20.594347, 0.0)
(26.070095, 20.620447, 0.0)
(26.081507, 20.619940, 0.0)
(26.068108, 20.625753, 0.0)
(26.072596, 20.629145, 0.0)
(26.071190, 20.619766, 0.0)
(26.071190, 20.619766, 0.0)
(27.121477, 21.625368, 0.0)
(29.198631, 26.223356, 0.0)
(30.869324, 29.134993, 0.0)
(30.925598, 29.254850, 0.0)
(30.789942, 29.057354, 0.0)
(30.721025, 28.974714, 0.0)
(30.691494, 28.929501, 0.0)
(30.799023, 29.555126, 0.0)
(31.499855, 31.234840, 0.0)
(31.491802, 31.213652, 0.0)
(31.377960, 31.146685, 0.0)
(31.398079, 31.146900, 0.0)
(31.376762, 31.142500, 0.0)
(31.368570, 31.165829, 0.0)
(31.329964, 31.188267, 0.0)
(31.314573, 31.217812, 0.0)
(31.302052, 31.257919, 0.0)
(31.310059, 31.297232, 0.0)
(31.301987, 31.346651, 0.0)
(31.304398, 31.361902, 0.0)
(31.302301, 31.388008, 0.0)
(31.314905, 31.405180, 0.0)
(31.325426, 31.441885, 0.0)
(31.324028, 31.458649, 0.0)
(31.340246, 31.445002, 0.0)
(31.356070, 31.428616, 0.0)
(31.335932, 31.354225, 0.0)
(31.323742, 31.340767, 0.0)
(31.328690, 31.296659, 0.0)
(31.290720, 31.246971, 0.0)
(31.276627, 31.233330, 0.0)
(31.265854, 31.161079, 0.0)
(31.283562, 31.093102, 0.0)
(31.263540, 31.073219, 0.0)
(31.287809, 31.024105, 0.0)
(31.312693, 31.053320, 0.0)
(31.270277, 31.027527, 0.0)
(30.615578, 30.737370, 0.0)
(27.203947, 27.787657, 0.0)
(26.426556, 25.953190, 0.0)
(26.397379, 25.829329, 0.0)
(26.376528, 25.967413, 0.0)
(26.379847, 26.013592, 0.0)
(26.348867, 26.071947, 0.0)
(26.364212, 26.094715, 0.0)
(26.333178, 26.082840, 0.0)
(26.334219, 26.050173, 0.0)
(26.333832, 26.023306, 0.0)
(26.328856, 25.971542, 0.0)
(26.311245, 25.937124, 0.0)
(26.277485, 25.957201, 0.0)
(26.287193, 25.972893, 0.0)
(26.687050, 25.644501, 0.0)
(26.735676, 25.644497, 0.0)
(26.698946, 25.663067, 0.0)
(26.724398, 25.706100, 0.0)
(26.701616, 25.714521, 0.0)
(26.685810, 25.700249, 0.0)
(26.669991, 25.707485, 0.0)
(26.681894, 25.687462, 0.0)
(26.690269, 25.684565, 0.0)
(26.691380, 25.707899, 0.0)
(26.697001, 25.727856, 0.0)
(26.698383, 25.684202, 0.0)
(26.707758, 25.672022, 0.0)
(26.707758, 25.672022, 0.0)
(26.683512, 25.682474, 0.0)
(26.701797, 25.693182, 0.0)
(26.714569, 25.670374, 0.0)
(26.703661, 25.662802, 0.0)
(26.680593, 25.679834, 0.0)
(26.663513, 25.680582, 0.0)
(26.678799, 25.674322, 0.0)
(26.672407, 25.612246, 0.0)
(26.669491, 25.603758, 0.0)
(26.666782, 25.612076, 0.0)
(26.756910, 24.346533, 0.0)
(25.991846, 22.487165, 0.0)
(25.496616, 21.054827, 0.0)
(25.314735, 20.785629, 0.0)
(25.276810, 20.959394, 0.0)
(25.257605, 21.078899, 0.0)
(25.224157, 21.149599, 0.0)
(25.014502, 21.120001, 0.0)
(24.889965, 21.027018, 0.0)
(24.884237, 21.020374, 0.0)
(24.878613, 21.008640, 0.0)
(24.871815, 20.973991, 0.0)
(25.045719, 20.707218, 0.0)
(25.057419, 20.649717, 0.0)
(25.009151, 20.673841, 0.0)
(24.969740, 20.720282, 0.0)
(24.958200, 20.713057, 0.0)
(24.982038, 20.681929, 0.0)
(24.976944, 20.612411, 0.0)
(24.977974, 20.661825, 0.0)
(24.974211, 20.745937, 0.0)
(24.978691, 20.759127, 0.0)
(24.978691, 20.759127, 0.0)
(25.125465, 20.680504, 0.0)
(25.649759, 20.534779, 0.0)
(25.688658, 20.514378, 0.0)
(25.656332, 20.540936, 0.0)
(25.641777, 20.578461, 0.0)
(25.672485, 20.590290, 0.0)
(26.533470, 20.433517, 0.0)
(26.713568, 20.471989, 0.0)
(26.690924, 20.455847, 0.0)
(26.674326, 20.443766, 0.0)
(26.660559, 20.416779, 0.0)
(26.638968, 20.428875, 0.0)
(26.626490, 20.443586, 0.0)
(26.630724, 20.433794, 0.0)
(27.347977, 20.315657, 0.0)
(31.886869, 19.377548, 0.0)
(42.104843, 23.366579, 0.0)
(43.130276, 23.922386, 0.0)
(43.572422, 24.703890, 0.0)
(43.575600, 24.865587, 0.0)
(43.519573, 24.835905, 0.0)
(43.511768, 24.823574, 0.0)
(43.874901, 25.450840, 0.0)
(44.465843, 26.772825, 0.0)
(44.473335, 26.826969, 0.0)
(44.448116, 26.739927, 0.0)
(44.431599, 26.692923, 0.0)
(44.407715, 26.671135, 0.0)
(44.395504, 26.673573, 0.0)
(44.384544, 26.720648, 0.0)
(44.408527, 26.686306, 0.0)
(44.388874, 26.649939, 0.0)
(44.396935, 26.656757, 0.0)
(44.421474, 26.710508, 0.0)
(44.417809, 26.710302, 0.0)
(44.414326, 26.715170, 0.0)
(44.419964, 26.713324, 0.0)
(44.424145, 26.724928, 0.0)
(44.422394, 26.671446, 0.0)
(44.411110, 26.682276, 0.0)
(44.411743, 26.696869, 0.0)
(44.411743, 26.696869, 0.0)
(44.398415, 26.662577, 0.0)
(44.408775, 26.661932, 0.0)
(44.417767, 26.638620, 0.0)
(44.402615, 26.618515, 0.0)
(44.368999, 26.620111, 0.0)
(44.351704, 26.619017, 0.0)
(44.356068, 26.586510, 0.0)
(44.352718, 26.582726, 0.0)
(43.752907, 24.376865, 0.0)
(43.531643, 21.866318, 0.0)
(43.362961, 20.670214, 0.0)
(43.169899, 20.211308, 0.0)
(43.130573, 20.294626, 0.0)
(43.115990, 20.407612, 0.0)
(43.113842, 20.427315, 0.0)
(43.096615, 20.458021, 0.0)
(43.111115, 20.516720, 0.0)
(43.348011, 20.535868, 0.0)
(43.376614, 20.572105, 0.0)
(43.367516, 20.570597, 0.0)
(43.376278, 20.500538, 0.0)
(43.370659, 20.468216, 0.0)
(43.366398, 20.488688, 0.0)
(43.361614, 20.475618, 0.0)
(43.342381, 20.450842, 0.0)
(43.302513, 20.449326, 0.0)
(43.288223, 20.392601, 0.0)
(43.307674, 20.357315, 0.0)
(43.295513, 20.327126, 0.0)
(43.301056, 20.348341, 0.0)
(43.300247, 20.341362, 0.0)
(43.297207, 20.350220, 0.0)
(43.289070, 20.342066, 0.0)
(43.278633, 20.334980, 0.0)
(43.289070, 20.342066, 0.0)
(43.268227, 20.366531, 0.0)
(43.252407, 20.419973, 0.0)
(43.240051, 20.482819, 0.0)
(43.252544, 20.488813, 0.0)
(43.237289, 20.455015, 0.0)
(43.208858, 20.421959, 0.0)
(43.204800, 20.422979, 0.0)
(43.215546, 20.467430, 0.0)
(43.188168, 20.525526, 0.0)
(43.117714, 20.535358, 0.0)
(39.515587, 19.198334, 0.0)
(35.247627, 18.140957, 0.0)
(32.118687, 18.962191, 0.0)
(30.176630, 18.521908, 0.0)
(29.614191, 18.673794, 0.0)
(29.684793, 18.760578, 0.0)
(29.777143, 18.788322, 0.0)
(29.781511, 18.810806, 0.0)
(29.808283, 18.771481, 0.0)
(29.849524, 18.739712, 0.0)
(29.833538, 18.733143, 0.0)
(29.833914, 18.706905, 0.0)
(29.825706, 18.707300, 0.0)
(29.822105, 18.702604, 0.0)
(29.742785, 18.926123, 0.0)
(30.025061, 20.075298, 0.0)
(30.072712, 18.936127, 0.0)
(30.109474, 18.850609, 0.0)
(30.157097, 18.893982, 0.0)
(30.164036, 18.881472, 0.0)
(30.193207, 18.885872, 0.0)
(30.198412, 18.870594, 0.0)
(30.181854, 18.902416, 0.0)
(30.180435, 18.912951, 0.0)
(30.161579, 18.904154, 0.0)
(30.175447, 18.905148, 0.0)
(30.167850, 18.927460, 0.0)
(30.181780, 18.937613, 0.0)
(30.180929, 18.927795, 0.0)
(30.161306, 18.916807, 0.0)
(30.168905, 18.942049, 0.0)
(30.166698, 18.885160, 0.0)
(30.147831, 18.944851, 0.0)
(30.141600, 18.962107, 0.0)
(30.144051, 18.953846, 0.0)
(30.142477, 18.949272, 0.0)
(30.144958, 18.958853, 0.0)
(31.366587, 19.349293, 0.0)
(35.589878, 21.083042, 0.0)
(35.461151, 21.043470, 0.0)
(35.350941, 20.886999, 0.0)
(35.203922, 20.595245, 0.0)
(35.102978, 20.937939, 0.0)
(35.000076, 20.327877, 0.0)
(35.044079, 20.359825, 0.0)
(35.056606, 20.419645, 0.0)
(35.078640, 20.418962, 0.0)
(35.083923, 20.411861, 0.0)
(35.073730, 20.390852, 0.0)
(35.085854, 20.383524, 0.0)
(35.105846, 20.436485, 0.0)
(35.098763, 20.485029, 0.0)
(35.099854, 20.489872, 0.0)
(35.098877, 20.495392, 0.0)
(35.116665, 20.499395, 0.0)
(35.123928, 20.500040, 0.0)
(35.135517, 20.501608, 0.0)
(35.134014, 20.497017, 0.0)
(35.132671, 20.494440, 0.0)
(35.132126, 20.498652, 0.0)
(35.126060, 20.495459, 0.0)
(35.134960, 20.465887, 0.0)
(35.138157, 20.443956, 0.0)
(35.153172, 20.452129, 0.0)
(35.165882, 20.430431, 0.0)
(35.166107, 20.435165, 0.0)
(35.144001, 20.436165, 0.0)
(35.130592, 20.425718, 0.0)
(35.127419, 20.431772, 0.0)
(35.120262, 20.438419, 0.0)
(35.135666, 20.476536, 0.0)
(31.969801, 22.020279, 0.0)
(28.638224, 23.863998, 0.0)
(28.512072, 23.947813, 0.0)
(28.566734, 23.879379, 0.0)
(28.549261, 23.831947, 0.0)
(28.436626, 23.718172, 0.0)
(28.069702, 25.219688, 0.0)
(28.268118, 25.401157, 0.0)
(28.221630, 24.589771, 0.0)
(28.209476, 23.955290, 0.0)
(28.221169, 23.785933, 0.0)
(28.230333, 23.824522, 0.0)
(28.225962, 23.805262, 0.0)
(28.224821, 23.811409, 0.0)
(28.237665, 23.840235, 0.0)
(28.234137, 23.910503, 0.0)
(28.251865, 23.916063, 0.0)
(28.274538, 23.951605, 0.0)
(28.277485, 23.972700, 0.0)
(28.281630, 23.972982, 0.0)
(28.269598, 23.982546, 0.0)
(28.260427, 23.925104, 0.0)
(28.285440, 23.904938, 0.0)
(28.264933, 23.942949, 0.0)
(28.256641, 23.926670, 0.0)
(28.260132, 23.887426, 0.0)
(28.262489, 23.864334, 0.0)
(28.261887, 23.869947, 0.0)
(28.266361, 23.883522, 0.0)
(28.270952, 23.950802, 0.0)
(28.265358, 23.940510, 0.0)
(28.270775, 23.946737, 0.0)
(28.275190, 23.927763, 0.0)
(28.288731, 23.947712, 0.0)
(28.280880, 23.959082, 0.0)
(28.275915, 23.996843, 0.0)
(28.261127, 24.033794, 0.0)
(27.367203, 25.920149, 0.0)
(26.459654, 27.994591, 0.0)
(26.334934, 28.238354, 0.0)
(26.342459, 28.093470, 0.0)
(26.266113, 28.035597, 0.0)
(26.077368, 28.246988, 0.0)
(25.927025, 28.769751, 0.0)
(25.921326, 28.852825, 0.0)
(25.909210, 28.838810, 0.0)
(25.910791, 28.805140, 0.0)
(25.645531, 29.150566, 0.0)
(25.650192, 29.261173, 0.0)
(25.644249, 29.245638, 0.0)
(25.637276, 29.221214, 0.0)
(25.612305, 29.215485, 0.0)
(25.603298, 29.249210, 0.0)
(25.592577, 29.256769, 0.0)
(25.589876, 29.265619, 0.0)
(25.589552, 29.244322, 0.0)
(25.594261, 29.186518, 0.0)
(25.609461, 29.160530, 0.0)
(25.613470, 29.128458, 0.0)
(25.613146, 29.155499, 0.0)
(25.594589, 29.171892, 0.0)
(25.620693, 29.159197, 0.0)
(25.633303, 29.145691, 0.0)
(25.623121, 29.085384, 0.0)
(25.639156, 29.052063, 0.0)
(25.633896, 29.032663, 0.0)
(25.672201, 29.007954, 0.0)
(25.657127, 29.005381, 0.0)
(25.666628, 28.998178, 0.0)
(25.692808, 28.969561, 0.0)
(25.692617, 28.949154, 0.0)
(25.711742, 28.937342, 0.0)
(25.887156, 28.934660, 0.0)
(30.207327, 27.997366, 0.0)
(31.551994, 27.684151, 0.0)
(31.510412, 27.685694, 0.0)
(31.438850, 27.641085, 0.0)
(31.443684, 27.587214, 0.0)
(31.454729, 27.584629, 0.0)
(31.430370, 27.708544, 0.0)
(31.229906, 28.414547, 0.0)
(31.059013, 29.504829, 0.0)
(30.935389, 30.007977, 0.0)
(30.953115, 29.509401, 0.0)
(30.751690, 29.026114, 0.0)
(30.638407, 28.609627, 0.0)
(30.671154, 28.264311, 0.0)
(30.678650, 27.962717, 0.0)
(30.713469, 27.680344, 0.0)
(30.715631, 27.486481, 0.0)
(30.769581, 27.373875, 0.0)
(30.780254, 27.372406, 0.0)
(30.791147, 27.374580, 0.0)
(30.792652, 27.296040, 0.0)
(30.792044, 27.213753, 0.0)
(30.795574, 27.165773, 0.0)
(30.805441, 27.137383, 0.0)
(30.829187, 27.132004, 0.0)
(30.806353, 27.151119, 0.0)
(30.788708, 27.117609, 0.0)
(30.809237, 27.127031, 0.0)
(30.815355, 27.141548, 0.0)
(30.825871, 27.138197, 0.0)
(30.814068, 27.152418, 0.0)
(30.811476, 27.180046, 0.0)
(30.827847, 27.163076, 0.0)
(30.809561, 27.164816, 0.0)
(30.793123, 27.175966, 0.0)
(30.782143, 27.176956, 0.0)
(30.820269, 27.215418, 0.0)
(30.945665, 27.263222, 0.0)
(35.851414, 28.255907, 0.0)
(38.017120, 28.298811, 0.0)
(38.038033, 28.295797, 0.0)
(37.933304, 28.266857, 0.0)
(37.894844, 28.260233, 0.0)
(37.869347, 28.252737, 0.0)
(37.877060, 28.254051, 0.0)
(37.850872, 28.365219, 0.0)
(37.867401, 28.381014, 0.0)
(37.868053, 28.411922, 0.0)
(37.889370, 28.408085, 0.0)
(37.875042, 28.402941, 0.0)
(37.893501, 28.373259, 0.0)
(37.910721, 28.351252, 0.0)
(37.913803, 28.367195, 0.0)
(37.897137, 28.413475, 0.0)
(37.890450, 28.435053, 0.0)
(37.882591, 28.460352, 0.0)
(37.894875, 28.436287, 0.0)
(37.895535, 28.417118, 0.0)
(37.885662, 28.403204, 0.0)
(37.889465, 28.396461, 0.0)
(37.887539, 28.382147, 0.0)
(37.905483, 28.352114, 0.0)
(37.909870, 28.376434, 0.0)
(37.917023, 28.374866, 0.0)
(37.905556, 28.416765, 0.0)
(37.918209, 28.401958, 0.0)
(37.919594, 28.381907, 0.0)
(37.911877, 28.376589, 0.0)
(37.923538, 28.389439, 0.0)
(37.904388, 28.433155, 0.0)
(37.916542, 28.460415, 0.0)
(37.908604, 28.467073, 0.0)
(37.913509, 28.461399, 0.0)
(37.912704, 28.442263, 0.0)
(37.943424, 28.475769, 0.0)
(37.890877, 28.444395, 0.0)
(34.016167, 26.896816, 0.0)
(29.963564, 23.902861, 0.0)
(27.848255, 21.708157, 0.0)
(27.017366, 21.110174, 0.0)
(26.879663, 21.145552, 0.0)
(26.835812, 21.244627, 0.0)
(26.823767, 21.261080, 0.0)
(26.207342, 21.409603, 0.0)
(26.164642, 21.363432, 0.0)
(26.188629, 21.357599, 0.0)
(26.195972, 21.358305, 0.0)
(26.222551, 21.318218, 0.0)
(26.209726, 21.289085, 0.0)
(26.188400, 21.261200, 0.0)
(26.241690, 21.249065, 0.0)
(26.252703, 21.242382, 0.0)
(26.252867, 21.245754, 0.0)
(26.251490, 21.222910, 0.0)
(26.258816, 21.198675, 0.0)
(26.267405, 21.158388, 0.0)
(26.264679, 21.164373, 0.0)
(26.277533, 21.149670, 0.0)
(26.281540, 21.150862, 0.0)
(26.254374, 21.187880, 0.0)
(26.249447, 21.195663, 0.0)
(26.245378, 21.199430, 0.0)
(26.258163, 21.192694, 0.0)
(26.256340, 21.165539, 0.0)
(26.256693, 21.155352, 0.0)
(26.256340, 21.165539, 0.0)
(26.260637, 21.172112, 0.0)
(26.252047, 21.181519, 0.0)
(26.247768, 21.181906, 0.0)
(26.256693, 21.155352, 0.0)
(26.272295, 21.143682, 0.0)
(26.274675, 21.132166, 0.0)
(26.270430, 21.132227, 0.0)
(26.486923, 21.097843, 0.0)
(31.272430, 21.249889, 0.0)
(35.874130, 23.066832, 0.0)
(38.773582, 25.363993, 0.0)
(39.852493, 26.811884, 0.0)
(40.033401, 27.351612, 0.0)
(39.953060, 27.318748, 0.0)
(39.895000, 27.229244, 0.0)
(39.907043, 27.189379, 0.0)
(40.259342, 27.657732, 0.0)
(40.310368, 27.846432, 0.0)
(40.309235, 27.822327, 0.0)
(40.306072, 27.826019, 0.0)
(40.328381, 27.800739, 0.0)
(40.328087, 27.760990, 0.0)
(40.318897, 27.727755, 0.0)
(40.323025, 27.730639, 0.0)
(40.307770, 27.782112, 0.0)
(40.318047, 27.845757, 0.0)
(40.310654, 27.890226, 0.0)
(40.330101, 27.934629, 0.0)
(40.330494, 27.921928, 0.0)
(40.326637, 27.885515, 0.0)
(40.336258, 27.916510, 0.0)
(40.341942, 27.927734, 0.0)
(40.323910, 27.953951, 0.0)
(40.295437, 28.027296, 0.0)
(40.326283, 28.018555, 0.0)
(40.322628, 28.015278, 0.0)
(40.323483, 28.032276, 0.0)
(40.320038, 28.030876, 0.0)
(40.315147, 28.051863, 0.0)
(40.313171, 28.044384, 0.0)
(40.305397, 28.019127, 0.0)
(40.297829, 27.992397, 0.0)
(40.034710, 27.182915, 0.0)
(39.716583, 25.054085, 0.0)
(38.535393, 22.960293, 0.0)
(35.590527, 21.608042, 0.0)
(31.507187, 21.420328, 0.0)
(28.568773, 21.723957, 0.0)
(26.929787, 21.969675, 0.0)
(25.973507, 22.356562, 0.0)
(25.573708, 22.538094, 0.0)
(25.534887, 22.582439, 0.0)
(25.581432, 22.570511, 0.0)
(25.586798, 22.557678, 0.0)
(25.554340, 22.588495, 0.0)
(25.278740, 22.991926, 0.0)
(24.976986, 23.716955, 0.0)
(25.013069, 23.740133, 0.0)
(25.025442, 23.694599, 0.0)
(25.010885, 23.712820, 0.0)
(25.008633, 23.685030, 0.0)
(24.988585, 23.704943, 0.0)
(24.936958, 23.764088, 0.0)
(24.723345, 24.032408, 0.0)
(24.731941, 24.109108, 0.0)
(24.736668, 24.113186, 0.0)
(24.723036, 24.133762, 0.0)
(24.715385, 24.074463, 0.0)
(24.715385, 24.074463, 0.0)
(24.711271, 24.066154, 0.0)
(24.714451, 24.055384, 0.0)
(24.748606, 24.013849, 0.0)
(24.748148, 23.985725, 0.0)
(24.746197, 24.030085, 0.0)
(24.757669, 24.039223, 0.0)
(24.785835, 24.026485, 0.0)
(24.794601, 24.013027, 0.0)
(24.790205, 23.994766, 0.0)
(24.794535, 23.982252, 0.0)
(24.773390, 23.999422, 0.0)
(24.799999, 23.991154, 0.0)
(24.849218, 23.997519, 0.0)
(26.885489, 24.472258, 0.0)
(26.863302, 24.523577, 0.0)
(26.769842, 24.494293, 0.0)
(26.735571, 24.453897, 0.0)
(26.656418, 24.420460, 0.0)
(26.605305, 25.525801, 0.0)
(26.066866, 25.636251, 0.0)
(25.925129, 24.762676, 0.0)
(25.990002, 24.284290, 0.0)
(26.052271, 24.171082, 0.0)
(26.072435, 24.172718, 0.0)
(26.120108, 24.212463, 0.0)
(26.144415, 24.222204, 0.0)
(26.155302, 24.242758, 0.0)
(26.168253, 24.269619, 0.0)
(26.176844, 24.305880, 0.0)
(26.181305, 24.324390, 0.0)
(26.185118, 24.309095, 0.0)
(26.183140, 24.340841, 0.0)
(26.203522, 24.388948, 0.0)
(26.202539, 24.409286, 0.0)
(26.220455, 24.399137, 0.0)
(26.236782, 24.346853, 0.0)
(26.234810, 24.334017, 0.0)
(26.271091, 24.348488, 0.0)
(26.274616, 24.346725, 0.0)
(26.267490, 24.336340, 0.0)
(26.269075, 24.353714, 0.0)
(26.255575, 24.340355, 0.0)
(26.236019, 24.349525, 0.0)
(26.224161, 24.359974, 0.0)
(26.224991, 24.365122, 0.0)
(26.231548, 24.381420, 0.0)
(29.203098, 23.560358, 0.0)
(34.989975, 22.364916, 0.0)
(38.798969, 22.890234, 0.0)
(39.462276, 23.249678, 0.0)
(39.337341, 23.232086, 0.0)
(39.262417, 23.217451, 0.0)
(39.241234, 23.196655, 0.0)
(39.248894, 23.121572, 0.0)
(40.228546, 23.783047, 0.0)
(39.963295, 22.977692, 0.0)
(39.946381, 22.600571, 0.0)
(39.965286, 22.562824, 0.0)
(39.915897, 22.615564, 0.0)
(39.922314, 22.605715, 0.0)
(39.943047, 22.588787, 0.0)
(39.923016, 22.620243, 0.0)
(39.915951, 22.637375, 0.0)
(40.221466, 22.871019, 0.0)
(40.233814, 22.901863, 0.0)
(40.179699, 22.849581, 0.0)
(40.174328, 22.888147, 0.0)
(40.182236, 22.857821, 0.0)
(40.189697, 22.842630, 0.0)
(40.201897, 22.818081, 0.0)
(40.217728, 22.832052, 0.0)
(40.226612, 22.851067, 0.0)
(40.211014, 22.837570, 0.0)
(40.220882, 22.829132, 0.0)
(40.243568, 22.837828, 0.0)
(40.244320, 22.828196, 0.0)
(40.255859, 22.815891, 0.0)
(40.261608, 22.796198, 0.0)
(40.261868, 22.780861, 0.0)
(40.270023, 22.777809, 0.0)
(40.268024, 22.786613, 0.0)
(40.270023, 22.777809, 0.0)
(38.614510, 23.234507, 0.0)
(35.226505, 25.370199, 0.0)
(32.083138, 26.602470, 0.0)
(29.869259, 27.430397, 0.0)
(28.156139, 28.527920, 0.0)
(26.877810, 29.641300, 0.0)
(26.478691, 29.913172, 0.0)
(26.503271, 29.798504, 0.0)
(26.495783, 29.728672, 0.0)
(26.460522, 29.659933, 0.0)
(26.450867, 29.658323, 0.0)
(26.458776, 29.666216, 0.0)
(26.459324, 29.693714, 0.0)
(26.440542, 29.689312, 0.0)
(26.023565, 30.153551, 0.0)
(25.932770, 30.403711, 0.0)
(25.952250, 30.415161, 0.0)
(25.965374, 30.458078, 0.0)
(25.956236, 30.498369, 0.0)
(25.928112, 30.519953, 0.0)
(25.911287, 30.594656, 0.0)
(25.887579, 30.606003, 0.0)
(25.901888, 30.642204, 0.0)
(25.914648, 30.637970, 0.0)
(25.919603, 30.669510, 0.0)
(25.909971, 30.723597, 0.0)
(25.914625, 30.798386, 0.0)
(25.924355, 30.809982, 0.0)
(25.926985, 30.791491, 0.0)
(25.946692, 30.782997, 0.0)
(25.934843, 30.763084, 0.0)
(25.955997, 30.828514, 0.0)
(25.978855, 30.863611, 0.0)
(25.986771, 30.884060, 0.0)
(26.000193, 30.885513, 0.0)
(26.009619, 30.907026, 0.0)
(26.022991, 30.862429, 0.0)
(28.709276, 28.410061, 0.0)
(33.633541, 26.298828, 0.0)
(38.079632, 25.663328, 0.0)
(41.510017, 25.932117, 0.0)
(43.098927, 26.567074, 0.0)
(43.658279, 26.673161, 0.0)
(43.636021, 26.478443, 0.0)
(43.563496, 26.442890, 0.0)
(43.573204, 26.439600, 0.0)
(43.575718, 26.073252, 0.0)
(43.539257, 25.362324, 0.0)
(43.527546, 25.416624, 0.0)
(43.539352, 25.428257, 0.0)
(43.556812, 25.426460, 0.0)
(43.563812, 25.430914, 0.0)
(43.559433, 25.448418, 0.0)
(43.549118, 25.469305, 0.0)
(43.555866, 25.478275, 0.0)
(43.568520, 25.511576, 0.0)
(43.561081, 25.509365, 0.0)
(43.555267, 25.490332, 0.0)
(43.566071, 25.491064, 0.0)
(43.584515, 25.489496, 0.0)
(43.566483, 25.502899, 0.0)
(43.545368, 25.526655, 0.0)
(43.536797, 25.520943, 0.0)
(43.555653, 25.456802, 0.0)
(43.547047, 25.417311, 0.0)
(43.549927, 25.422182, 0.0)
(43.564823, 25.463369, 0.0)
(43.568127, 25.486446, 0.0)
(43.552284, 25.453262, 0.0)
(43.544067, 25.446383, 0.0)
(43.527771, 25.408022, 0.0)
(43.526047, 25.382164, 0.0)
(43.516285, 25.386377, 0.0)
(43.508114, 25.429916, 0.0)
(43.494247, 25.424583, 0.0)
(43.055447, 25.603643, 0.0)
(39.599693, 27.279499, 0.0)
(38.465820, 27.690884, 0.0)
(38.465343, 27.625210, 0.0)
(38.482258, 27.584328, 0.0)
(38.488808, 27.552837, 0.0)
(38.486462, 27.548037, 0.0)
(38.472267, 27.545813, 0.0)
(38.471123, 27.549904, 0.0)
(38.437412, 27.519041, 0.0)
(38.425053, 27.491789, 0.0)
(38.439457, 27.469130, 0.0)
(38.450844, 27.474594, 0.0)
(38.441563, 27.453999, 0.0)
(38.437984, 27.462898, 0.0)
(38.426834, 27.442762, 0.0)
(38.438953, 27.433954, 0.0)
(38.410545, 27.433668, 0.0)
(37.995773, 26.979126, 0.0)
(37.901237, 26.830057, 0.0)
(37.914116, 26.855289, 0.0)
(37.907757, 26.854773, 0.0)
(37.905586, 26.845688, 0.0)
(37.901192, 26.864134, 0.0)
(37.907047, 26.854202, 0.0)
(37.888771, 26.886713, 0.0)
(37.873451, 26.932901, 0.0)
(37.870899, 26.916409, 0.0)
(37.868420, 26.873518, 0.0)
(37.854729, 26.869648, 0.0)
(37.858849, 26.845991, 0.0)
(37.865894, 26.835773, 0.0)
(37.845943, 26.849522, 0.0)
(37.836605, 26.910980, 0.0)
(37.847313, 26.924599, 0.0)
(37.858074, 26.905499, 0.0)
(38.587883, 26.691889, 0.0)
(41.757019, 25.514227, 0.0)
(43.287910, 25.153902, 0.0)
(43.777546, 24.950586, 0.0)
(43.959435, 24.967791, 0.0)
(43.992683, 24.900175, 0.0)
(44.108845, 24.759350, 0.0)
(44.202198, 24.721300, 0.0)
(44.200592, 24.771393, 0.0)
(44.194355, 24.773506, 0.0)
(44.222542, 24.784966, 0.0)
(44.489258, 24.942736, 0.0)
(44.490711, 24.975891, 0.0)
(44.431911, 24.988474, 0.0)
(44.432976, 24.963806, 0.0)
(44.467175, 24.938156, 0.0)
(44.499969, 24.881565, 0.0)
(44.512825, 24.831898, 0.0)
(44.521526, 24.845362, 0.0)
(44.533962, 24.849543, 0.0)
(44.543224, 24.823389, 0.0)
(44.543133, 24.783049, 0.0)
(44.549496, 24.765890, 0.0)
(44.557323, 24.750341, 0.0)
(44.568966, 24.739910, 0.0)
(44.568531, 24.725327, 0.0)
(44.568531, 24.725327, 0.0)
(44.571239, 24.690235, 0.0)
(44.553101, 24.706516, 0.0)
(44.544266, 24.725229, 0.0)
(44.543961, 24.690626, 0.0)
(44.564152, 24.665813, 0.0)
(44.569084, 24.663523, 0.0)
(44.551022, 24.640848, 0.0)
(44.479710, 24.633934, 0.0)
(44.467949, 24.619371, 0.0)
(44.480370, 24.583385, 0.0)
(44.461693, 24.518192, 0.0)
(42.121262, 23.496058, 0.0)
(37.259750, 21.743708, 0.0)
(33.458084, 21.536375, 0.0)
(32.581757, 21.570999, 0.0)
(32.565147, 21.547365, 0.0)
(32.613781, 21.496508, 0.0)
(32.635345, 21.490696, 0.0)
(32.666367, 21.505211, 0.0)
(32.648460, 21.497082, 0.0)
(32.637897, 21.510498, 0.0)
(32.635147, 21.525383, 0.0)
(32.626034, 21.536303, 0.0)
(32.630108, 21.518740, 0.0)
(32.635925, 21.516201, 0.0)
(32.654236, 21.519341, 0.0)
(32.656467, 21.520454, 0.0)
(32.638054, 21.519341, 0.0)
(32.662552, 21.545059, 0.0)
(32.665157, 21.512182, 0.0)
(32.656563, 21.528173, 0.0)
(32.686996, 21.553108, 0.0)
(32.688343, 21.557896, 0.0)
(32.701683, 21.544577, 0.0)
(32.693642, 21.544577, 0.0)
(32.696850, 21.521584, 0.0)
(32.686066, 21.513771, 0.0)
(32.667652, 21.552221, 0.0)
(32.666008, 21.584826, 0.0)
(32.668060, 21.599539, 0.0)
(32.665405, 21.641571, 0.0)
(32.670109, 21.649158, 0.0)
(32.677956, 21.642742, 0.0)
(32.712326, 21.600529, 0.0)
(32.713612, 21.588081, 0.0)
(32.690861, 21.594181, 0.0)
(32.695469, 21.566275, 0.0)
(32.708233, 21.562456, 0.0)
(31.082851, 21.333687, 0.0)
(28.135185, 19.659254, 0.0)
(28.066359, 19.314690, 0.0)
(28.070694, 19.347063, 0.0)
(28.058558, 19.343622, 0.0)
(28.053949, 19.315884, 0.0)
(28.040745, 19.314356, 0.0)
(28.037125, 19.318029, 0.0)
(28.048935, 19.320917, 0.0)
(28.052351, 19.332851, 0.0)
(28.013702, 19.365198, 0.0)
(27.995455, 19.370834, 0.0)
(27.986816, 19.382757, 0.0)
(27.994728, 19.361746, 0.0)
(28.001230, 19.323303, 0.0)
(27.979801, 19.322163, 0.0)
(27.918612, 19.315783, 0.0)
(27.938148, 19.313316, 0.0)
(27.946354, 19.294861, 0.0)
(27.965410, 19.302401, 0.0)
(27.966890, 19.313231, 0.0)
(27.969481, 19.340799, 0.0)
(27.976042, 19.324810, 0.0)
(27.988556, 19.315866, 0.0)
(27.993036, 19.288971, 0.0)
(27.988003, 19.295918, 0.0)
(27.995052, 19.327866, 0.0)
(28.000309, 19.360023, 0.0)
(27.995235, 19.361128, 0.0)
(28.004623, 19.370449, 0.0)
(28.006336, 19.356810, 0.0)
(28.000042, 19.359619, 0.0)
(27.989973, 19.364544, 0.0)
(27.977940, 19.403175, 0.0)
(27.966208, 19.409145, 0.0)
(27.964996, 19.424786, 0.0)
(27.958225, 19.469517, 0.0)
(27.964239, 19.505081, 0.0)
(27.956884, 19.546835, 0.0)
(28.782932, 21.084742, 0.0)
(33.280972, 23.167645, 0.0)
(37.121002, 25.456148, 0.0)
(39.202625, 27.719534, 0.0)
(39.402824, 28.698111, 0.0)
(39.236408, 28.686295, 0.0)
(39.130074, 28.580086, 0.0)
(39.141155, 28.551968, 0.0)
(40.169800, 29.587954, 0.0)
(40.213058, 29.606567, 0.0)
(40.142906, 29.571478, 0.0)
(40.082970, 29.549753, 0.0)
(40.063114, 29.527317, 0.0)
(40.084297, 29.506790, 0.0)
(40.070789, 29.522362, 0.0)
(40.072147, 29.503988, 0.0)
(40.084324, 29.520435, 0.0)
(40.095165, 29.523314, 0.0)
(40.075279, 29.499249, 0.0)
(40.067974, 29.539299, 0.0)
(40.066658, 29.502979, 0.0)
(40.058216, 29.480770, 0.0)
(40.042027, 29.491093, 0.0)
(40.041645, 29.502831, 0.0)
(40.039143, 29.507692, 0.0)
(40.058788, 29.485138, 0.0)
(40.072956, 29.461977, 0.0)
(40.062386, 29.430111, 0.0)
(40.050724, 29.376076, 0.0)
(40.037117, 29.323076, 0.0)
(40.052967, 29.280651, 0.0)
(40.076389, 29.243076, 0.0)
(40.057495, 29.244385, 0.0)
(40.051346, 29.240957, 0.0)
(40.062855, 29.239365, 0.0)
(40.048786, 29.216484, 0.0)
(40.053497, 29.202211, 0.0)
(40.059681, 29.198244, 0.0)
(42.138187, 26.932474, 0.0)
(44.097267, 25.178974, 0.0)
(44.554688, 25.265465, 0.0)
(44.508671, 25.487886, 0.0)
(44.450226, 25.550482, 0.0)
(44.437500, 25.563309, 0.0)
(44.411945, 25.523169, 0.0)
(44.415905, 25.487675, 0.0)
(44.431324, 25.506975, 0.0)
(44.435955, 25.484653, 0.0)
(44.480911, 25.446463, 0.0)
(44.497795, 25.424604, 0.0)
(44.499325, 25.418003, 0.0)
(44.511806, 25.415274, 0.0)
(44.523453, 25.419756, 0.0)
(44.506027, 25.379734, 0.0)
(44.506027, 25.379734, 0.0)
(44.503498, 25.373411, 0.0)
(44.511581, 25.370712, 0.0)
(44.501049, 25.360645, 0.0)
(44.499687, 25.363365, 0.0)
(44.499634, 25.363331, 0.0)
(44.507023, 25.350246, 0.0)
(44.505188, 25.341784, 0.0)
(44.490715, 25.341427, 0.0)
(44.504711, 25.346306, 0.0)
(44.501045, 25.353403, 0.0)
(44.505299, 25.396332, 0.0)
(44.473328, 25.402197, 0.0)
(44.465790, 25.410414, 0.0)
(44.473328, 25.402197, 0.0)
(44.465790, 25.410414, 0.0)
(44.461681, 25.405901, 0.0)
(44.462013, 25.410753, 0.0)
(44.454281, 25.417255, 0.0)
(44.435802, 25.402277, 0.0)
(44.421444, 25.403166, 0.0)
(41.957756, 23.393393, 0.0)
(39.362347, 20.762285, 0.0)
(39.428349, 20.850967, 0.0)
(39.447235, 20.963467, 0.0)
(39.443943, 20.977018, 0.0)
(39.434692, 20.958569, 0.0)
(39.442707, 20.966087, 0.0)
(39.437477, 20.938267, 0.0)
(39.458504, 20.966961, 0.0)
(39.501877, 20.979225, 0.0)
(39.493660, 20.993820, 0.0)
(39.490540, 20.977358, 0.0)
(39.471195, 20.916542, 0.0)
(39.420322, 20.748594, 0.0)
(39.424122, 21.467077, 0.0)
(39.690109, 20.884649, 0.0)
(39.512932, 20.402021, 0.0)
(39.572338, 20.398909, 0.0)
(39.591400, 20.454025, 0.0)
(39.566940, 20.477409, 0.0)
(39.524178, 20.526260, 0.0)
(39.517998, 20.545336, 0.0)
(39.513424, 20.554049, 0.0)
(39.509590, 20.576189, 0.0)
(39.492622, 20.531450, 0.0)
(39.483715, 20.523453, 0.0)
(39.484451, 20.518175, 0.0)
(39.484715, 20.518816, 0.0)
(39.483208, 20.545692, 0.0)
(39.490314, 20.587938, 0.0)
(39.500031, 20.566605, 0.0)
(39.508133, 20.500063, 0.0)
(39.502682, 20.472668, 0.0)
(39.517666, 20.487825, 0.0)
(39.403202, 20.538513, 0.0)
(35.589405, 22.917728, 0.0)
(34.209953, 24.953768, 0.0)
(34.146103, 24.904503, 0.0)
(34.149094, 24.701456, 0.0)
(34.139927, 24.661316, 0.0)
(33.562630, 25.244514, 0.0)
(33.211018, 25.536427, 0.0)
(33.214149, 25.483631, 0.0)
(33.201145, 25.476923, 0.0)
(33.197296, 25.477077, 0.0)
(33.189068, 25.410978, 0.0)
(33.185528, 25.366438, 0.0)
(33.194271, 25.374657, 0.0)
(33.171997, 25.414654, 0.0)
(33.161026, 25.437057, 0.0)
(33.159443, 25.432905, 0.0)
(33.162518, 25.401274, 0.0)
(33.165932, 25.409260, 0.0)
(33.174042, 25.423552, 0.0)
(33.167042, 25.442484, 0.0)
(33.163082, 25.444550, 0.0)
(33.174042, 25.423552, 0.0)
(33.172726, 25.373970, 0.0)
(33.179192, 25.350622, 0.0)
(33.170532, 25.368773, 0.0)
(33.171192, 25.395700, 0.0)
(33.175682, 25.419722, 0.0)
(33.172810, 25.440603, 0.0)
(33.172878, 25.444210, 0.0)
(33.162674, 25.470182, 0.0)
(33.167328, 25.494381, 0.0)
(33.182686, 25.468987, 0.0)
(33.186272, 25.496265, 0.0)
(33.159569, 25.530653, 0.0)
(33.160618, 25.538603, 0.0)
(33.184898, 25.534229, 0.0)
(33.184643, 25.542793, 0.0)
(33.260242, 25.572680, 0.0)
(37.913700, 24.116751, 0.0)
(41.636024, 23.395016, 0.0)
(42.959335, 23.430386, 0.0)
(43.021946, 23.351818, 0.0)
(42.922543, 23.351313, 0.0)
(42.897221, 23.391140, 0.0)
(42.881172, 23.383879, 0.0)
(42.891567, 23.377768, 0.0)
(42.947865, 23.396805, 0.0)
(42.965088, 23.398563, 0.0)
(42.955593, 23.382935, 0.0)
(42.960022, 23.396624, 0.0)
(42.975391, 23.392967, 0.0)
(42.992134, 23.398066, 0.0)
(43.144333, 23.404587, 0.0)
(43.167850, 23.303352, 0.0)
(43.164940, 23.272034, 0.0)
(43.175518, 23.290981, 0.0)
(43.179169, 23.302891, 0.0)
(43.200447, 23.317122, 0.0)
(43.199810, 23.289167, 0.0)
(43.218174, 23.280918, 0.0)
(43.210541, 23.267109, 0.0)
(43.211174, 23.229231, 0.0)
(43.188412, 23.211164, 0.0)
(43.182980, 23.219133, 0.0)
(43.181427, 23.222754, 0.0)
(43.197304, 23.238462, 0.0)
(43.210091, 23.240389, 0.0)
(43.208641, 23.186579, 0.0)
(43.211891, 23.119875, 0.0)
(43.210289, 23.168674, 0.0)
(43.189453, 23.209003, 0.0)
(43.187649, 23.162252, 0.0)
(43.189846, 23.164474, 0.0)
(43.181160, 23.159657, 0.0)
(43.163258, 23.165073, 0.0)
(39.353550, 21.607485, 0.0)
(33.990692, 20.306419, 0.0)
(30.539318, 20.119995, 0.0)
(30.058525, 20.060194, 0.0)
(30.120842, 19.970800, 0.0)
(30.142036, 19.953989, 0.0)
(30.157204, 19.958399, 0.0)
(30.154076, 19.981102, 0.0)
(30.152365, 19.919527, 0.0)
(30.147263, 19.917513, 0.0)
(30.142939, 19.904636, 0.0)
(30.157116, 19.875271, 0.0)
(30.150290, 19.867052, 0.0)
(30.033247, 19.659204, 0.0)
(29.845238, 20.078083, 0.0)
(29.968168, 19.292486, 0.0)
(30.029388, 19.377750, 0.0)
(30.026104, 19.444168, 0.0)
(30.055765, 19.452566, 0.0)
(30.079006, 19.433506, 0.0)
(30.084021, 19.422895, 0.0)
(30.113436, 19.430120, 0.0)
(30.070423, 19.469620, 0.0)
(30.082632, 19.521996, 0.0)
(30.082401, 19.541735, 0.0)
(30.069866, 19.566875, 0.0)
(30.077307, 19.576767, 0.0)
(30.078527, 19.604631, 0.0)
(30.050547, 19.601900, 0.0)
(30.029995, 19.622038, 0.0)
(30.034643, 19.615988, 0.0)
(30.039370, 19.600952, 0.0)
(30.031605, 19.637280, 0.0)
(30.052420, 19.654373, 0.0)
(30.055416, 19.705017, 0.0)
(30.052902, 19.693569, 0.0)
(27.491209, 20.533512, 0.0)
(25.172792, 21.308657, 0.0)
(25.130236, 21.284744, 0.0)
(25.217613, 21.281900, 0.0)
(25.216812, 21.311716, 0.0)
(25.231815, 21.323584, 0.0)
(25.210314, 21.323021, 0.0)
(25.194761, 21.311502, 0.0)
(25.198465, 21.329845, 0.0)
(24.630228, 21.488409, 0.0)
(24.613268, 21.396338, 0.0)
(24.603710, 21.426065, 0.0)
(24.605551, 21.413435, 0.0)
(24.604473, 21.400185, 0.0)
(24.598932, 21.419331, 0.0)
(24.593801, 21.444746, 0.0)
(24.595617, 21.455673, 0.0)
(24.592985, 21.447020, 0.0)
(24.591208, 21.436470, 0.0)
(24.589413, 21.449083, 0.0)
(24.561289, 21.487080, 0.0)
(24.558687, 21.531689, 0.0)
(24.537102, 21.527977, 0.0)
(25.019928, 21.486391, 0.0)
(25.327454, 21.811121, 0.0)
(25.284878, 21.892258, 0.0)
(25.248104, 21.888081, 0.0)
(25.217726, 21.865870, 0.0)
(25.214638, 21.877071, 0.0)
(25.234880, 21.843121, 0.0)
(25.233828, 21.838314, 0.0)
(25.261892, 21.789492, 0.0)
(25.273779, 21.787167, 0.0)
(25.274874, 21.797335, 0.0)
(25.273779, 21.787167, 0.0)
(25.278103, 21.784615, 0.0)
(25.291241, 21.781460, 0.0)
(27.498861, 21.373890, 0.0)
(33.080250, 20.051867, 0.0)
(36.260811, 19.669554, 0.0)
(37.046021, 19.831627, 0.0)
(36.960365, 19.855570, 0.0)
(36.883347, 19.846062, 0.0)
(36.861542, 19.824453, 0.0)
(36.877365, 19.759062, 0.0)
(37.482658, 20.214231, 0.0)
(37.542336, 20.273088, 0.0)
(37.533970, 20.226583, 0.0)
(37.563881, 20.174393, 0.0)
(37.549751, 20.171833, 0.0)
(37.564182, 20.156244, 0.0)
(37.463619, 20.091845, 0.0)
(37.274433, 20.161125, 0.0)
(0.000000, 0.000000, 1.0)
(37.026737, 20.337479, 0.0)
(37.070976, 19.780638, 0.0)
(37.050987, 19.733051, 0.0)
(37.057194, 19.824379, 0.0)
(37.088505, 19.901865, 0.0)
(37.113010, 19.912922, 0.0)
(37.107769, 19.926197, 0.0)
(37.088173, 19.932817, 0.0)
(37.111465, 19.948240, 0.0)
(37.127670, 19.943005, 0.0)
(37.137642, 19.957712, 0.0)
(37.136204, 19.994864, 0.0)
(37.184036, 19.998892, 0.0)
(37.182232, 20.020647, 0.0)
(37.174641, 20.049433, 0.0)
(37.206844, 20.125326, 0.0)
(37.195168, 20.130232, 0.0)
(37.171841, 20.138155, 0.0)
(37.165363, 20.113468, 0.0)
(37.162098, 20.139528, 0.0)
(37.155117, 20.162312, 0.0)
(37.138660, 20.167583, 0.0)
(37.090977, 20.196802, 0.0)
(33.216213, 20.118923, 0.0)
(29.117338, 20.611073, 0.0)
(27.203043, 21.782022, 0.0)
(26.482759, 23.270412, 0.0)
(26.282503, 23.838820, 0.0)
(26.210810, 23.831396, 0.0)
(26.351353, 24.714800, 0.0)
(27.007853, 26.776299, 0.0)
(27.007359, 26.923559, 0.0)
(26.940325, 26.820894, 0.0)
(26.906059, 26.833220, 0.0)
(26.855507, 26.783899, 0.0)
(28.404299, 26.784559, 0.0)
(35.000839, 26.085876, 0.0)
(39.689613, 26.680799, 0.0)
(42.398754, 27.842422, 0.0)
(43.244633, 28.578104, 0.0)
(43.140244, 28.552404, 0.0)
(43.030033, 28.465883, 0.0)
(42.990818, 28.401087, 0.0)
(42.986359, 28.386129, 0.0)
(42.995319, 28.319414, 0.0)
(43.005497, 28.256660, 0.0)
(42.982483, 28.245308, 0.0)
(42.988190, 28.220482, 0.0)
(42.987907, 28.218971, 0.0)
(42.957375, 28.243834, 0.0)
(42.963917, 28.262539, 0.0)
(42.955982, 28.290901, 0.0)
(42.944523, 28.272173, 0.0)
(42.940514, 28.269363, 0.0)
(42.935928, 28.237066, 0.0)
(42.942703, 28.194399, 0.0)
(42.915333, 28.222929, 0.0)
(42.902668, 28.223171, 0.0)
(42.905712, 28.238083, 0.0)
(42.617939, 27.778330, 0.0)
(38.560764, 22.185452, 0.0)
(34.014519, 19.108589, 0.0)
(32.836590, 18.887093, 0.0)
(32.825050, 18.906759, 0.0)
(32.856144, 18.928337, 0.0)
(32.851768, 18.938858, 0.0)
(32.835289, 18.941015, 0.0)
(32.845287, 18.956940, 0.0)
(32.838467, 18.927044, 0.0)
(32.839462, 18.896120, 0.0)
(32.867332, 18.930958, 0.0)
(32.866673, 18.940748, 0.0)
(32.864174, 18.923029, 0.0)
(32.882912, 18.917706, 0.0)
(32.882030, 18.928383, 0.0)
(32.870907, 18.918564, 0.0)
(32.857395, 18.900892, 0.0)
(32.866608, 18.904367, 0.0)
(32.762463, 18.972370, 0.0)
(32.226337, 18.980978, 0.0)
(32.033508, 19.186806, 0.0)
(32.259933, 20.032389, 0.0)
(32.315071, 19.228659, 0.0)
(32.378559, 19.064692, 0.0)
(32.404938, 19.160084, 0.0)
(32.397789, 19.195318, 0.0)
(32.411015, 19.218994, 0.0)
(32.396118, 19.302565, 0.0)
(32.387669, 19.356747, 0.0)
(32.406040, 19.394764, 0.0)
(32.398228, 19.388582, 0.0)
(32.395828, 19.365417, 0.0)
(32.401169, 19.411995, 0.0)
(32.389874, 19.418568, 0.0)
(32.409920, 19.362803, 0.0)
(35.176983, 20.251686, 0.0)
(40.259373, 22.168541, 0.0)
(42.505074, 23.934793, 0.0)
(42.730793, 24.151020, 0.0)
(42.665516, 24.089643, 0.0)
(42.642399, 24.099792, 0.0)
(42.888229, 24.296186, 0.0)
(43.213993, 24.418982, 0.0)
(43.202435, 24.373981, 0.0)
(43.187958, 24.377100, 0.0)
(43.184216, 24.359228, 0.0)
(43.178146, 24.354855, 0.0)
(43.161552, 24.329290, 0.0)
(43.155457, 24.311825, 0.0)
(43.155457, 24.311825, 0.0)
(43.159271, 24.310623, 0.0)
(43.155457, 24.311825, 0.0)
(43.160030, 24.317318, 0.0)
(43.162407, 24.357592, 0.0)
(43.163589, 24.386015, 0.0)
(43.166023, 24.409828, 0.0)
(43.167789, 24.380266, 0.0)
(43.175472, 24.334555, 0.0)
(43.168472, 24.325291, 0.0)
(43.164856, 24.312723, 0.0)
(43.174908, 24.319311, 0.0)
(43.174969, 24.257915, 0.0)
(43.177219, 24.308222, 0.0)
(43.176949, 24.370920, 0.0)
(43.176949, 24.370920, 0.0)
(43.178814, 24.348471, 0.0)
(43.167828, 24.293491, 0.0)
(43.176727, 24.249298, 0.0)
(43.172947, 24.229589, 0.0)
(43.164665, 24.228271, 0.0)
(43.156662, 24.236492, 0.0)
(43.146957, 24.238369, 0.0)
(43.149403, 24.247414, 0.0)
(39.660995, 22.346035, 0.0)
(39.271709, 22.144407, 0.0)
(39.328056, 22.061810, 0.0)
(39.356136, 22.051041, 0.0)
(39.352600, 22.058643, 0.0)
(39.353821, 22.069027, 0.0)
(39.370178, 21.980026, 0.0)
(39.357647, 21.963987, 0.0)
(39.355434, 21.960308, 0.0)
(39.372578, 21.982059, 0.0)
(39.352314, 21.988983, 0.0)
(39.375248, 21.978632, 0.0)
(39.397652, 21.981815, 0.0)
(39.418930, 21.971127, 0.0)
(39.416317, 21.963417, 0.0)
(39.321121, 21.875620, 0.0)
(39.068344, 21.706335, 0.0)
(39.559151, 22.662563, 0.0)
(39.498238, 21.867788, 0.0)
(39.659344, 21.683283, 0.0)
(39.690048, 21.735552, 0.0)
(39.681595, 21.771769, 0.0)
(39.671898, 21.824804, 0.0)
(39.675678, 21.788332, 0.0)
(39.691380, 21.804680, 0.0)
(39.685398, 21.826180, 0.0)
(39.707230, 21.865744, 0.0)
(39.709667, 21.901461, 0.0)
(39.682079, 21.901154, 0.0)
(39.689678, 21.897629, 0.0)
(39.691883, 21.885984, 0.0)
(39.696587, 21.870770, 0.0)
(39.688725, 21.913406, 0.0)
(39.686954, 21.922075, 0.0)
(39.698872, 21.946493, 0.0)
(39.696888, 21.939304, 0.0)
(39.678070, 21.896990, 0.0)
(38.682308, 22.187340, 0.0)
(33.790077, 23.771669, 0.0)
(29.959530, 24.997046, 0.0)
(27.425631, 26.062288, 0.0)
(26.239056, 27.027615, 0.0)
(26.085220, 27.137890, 0.0)
(26.097689, 27.096207, 0.0)
(26.097637, 27.086723, 0.0)
(25.391111, 27.419500, 0.0)
(25.249838, 27.383003, 0.0)
(25.300543, 27.324224, 0.0)
(25.312628, 27.296455, 0.0)
(25.298555, 27.280384, 0.0)
(25.272501, 27.282623, 0.0)
(25.254095, 27.296608, 0.0)
(25.243938, 27.269079, 0.0)
(25.259697, 27.272289, 0.0)
(25.270088, 27.276051, 0.0)
(25.267052, 27.266499, 0.0)
(25.265682, 27.242849, 0.0)
(25.285252, 27.220362, 0.0)
(25.292717, 27.229116, 0.0)
(25.299341, 27.236994, 0.0)
(25.327641, 27.226574, 0.0)
(25.334538, 27.193941, 0.0)
(25.329382, 27.185865, 0.0)
(25.346474, 27.194319, 0.0)
(25.343596, 27.178921, 0.0)
(25.344593, 27.159986, 0.0)
(25.343817, 27.147444, 0.0)
(25.359537, 27.116840, 0.0)
(25.357265, 27.113132, 0.0)
(25.369043, 27.116804, 0.0)
(25.372358, 27.109484, 0.0)
(25.363798, 27.127506, 0.0)
(25.377506, 27.108530, 0.0)
(25.396387, 27.079155, 0.0)
(25.415123, 27.057016, 0.0)
(25.424324, 27.021036, 0.0)
(28.106483, 26.180061, 0.0)
(31.173267, 25.849667, 0.0)
(34.293121, 26.217302, 0.0)
(36.214607, 26.325666, 0.0)
(36.961590, 26.406235, 0.0)
(37.047474, 26.267862, 0.0)
(37.003796, 26.153847, 0.0)
(36.995857, 26.102940, 0.0)
(37.422924, 26.561762, 0.0)
(34.189487, 26.801189, 0.0)
(31.809286, 26.867666, 0.0)
(31.824484, 26.845449, 0.0)
(31.892818, 26.821642, 0.0)
(31.896976, 26.827099, 0.0)
(31.887760, 26.844633, 0.0)
(31.890726, 26.800291, 0.0)
(31.859716, 26.761992, 0.0)
(31.847342, 26.745285, 0.0)
(31.822321, 26.751867, 0.0)
(31.842468, 25.189659, 0.0)
(32.164848, 21.803822, 0.0)
(32.602901, 20.025108, 0.0)
(32.597809, 20.233624, 0.0)
(32.550674, 20.462631, 0.0)
(32.505211, 20.519518, 0.0)
(32.482063, 20.561995, 0.0)
(32.481350, 20.564032, 0.0)
(32.469677, 20.543051, 0.0)
(32.500458, 20.534630, 0.0)
(32.510105, 20.550329, 0.0)
(32.473724, 20.546017, 0.0)
(32.479473, 20.544033, 0.0)
(32.469200, 20.551716, 0.0)
(32.460537, 20.567110, 0.0)
(32.477444, 20.549984, 0.0)
(32.470146, 20.564453, 0.0)
(34.768608, 21.056622, 0.0)
(39.552860, 21.903303, 0.0)
(41.435448, 22.752796, 0.0)
(41.528099, 22.886755, 0.0)
(41.385445, 22.831333, 0.0)
(41.366341, 22.850409, 0.0)
(41.802628, 23.438776, 0.0)
(41.854046, 23.480658, 0.0)
(41.837914, 23.422752, 0.0)
(41.850525, 23.342867, 0.0)
(41.863331, 23.363903, 0.0)
(41.861721, 23.369032, 0.0)
(41.852333, 23.367062, 0.0)
(41.843388, 23.404892, 0.0)
(41.816444, 23.505083, 0.0)
(41.819500, 23.503939, 0.0)
(41.831493, 23.540474, 0.0)
(41.840519, 23.499796, 0.0)
(41.840347, 23.484688, 0.0)
(41.831501, 23.518078, 0.0)
(41.804924, 23.540977, 0.0)
(41.824474, 23.568649, 0.0)
(41.831882, 23.527756, 0.0)
(41.829521, 23.559118, 0.0)
(41.817673, 23.586014, 0.0)
(41.843868, 23.571247, 0.0)
(41.396755, 23.396194, 0.0)
(41.211170, 23.237591, 0.0)
(41.183353, 23.204002, 0.0)
(41.184654, 23.223124, 0.0)
(41.181213, 23.259836, 0.0)
(41.188519, 23.279610, 0.0)
(41.188519, 23.279610, 0.0)
(41.194592, 23.272099, 0.0)
(41.197399, 23.258461, 0.0)
(41.201015, 23.218979, 0.0)
(41.180874, 23.191509, 0.0)
(41.168221, 23.194387, 0.0)
(39.448681, 22.950052, 0.0)
(34.159599, 23.518881, 0.0)
(30.070667, 25.026232, 0.0)
(27.324184, 26.335644, 0.0)
(25.890600, 27.314980, 0.0)
(25.771284, 27.408419, 0.0)
(25.817366, 27.372181, 0.0)
(25.807186, 27.331377, 0.0)
(25.829927, 27.274944, 0.0)
(25.450689, 27.713505, 0.0)
(25.285933, 28.324911, 0.0)
(25.318222, 28.293156, 0.0)
(25.315243, 28.217651, 0.0)
(25.311745, 28.228111, 0.0)
(25.304577, 28.229925, 0.0)
(25.289145, 28.230709, 0.0)
(25.282078, 28.227961, 0.0)
(25.265360, 28.223869, 0.0)
(25.241100, 28.179035, 0.0)
(25.217649, 28.179533, 0.0)
(25.228992, 28.135477, 0.0)
(25.234978, 28.133192, 0.0)
(25.230795, 28.191368, 0.0)
(25.238813, 28.220455, 0.0)
(26.038710, 27.893005, 0.0)
(27.097496, 27.465033, 0.0)
(27.124302, 27.433542, 0.0)
(27.063852, 27.414097, 0.0)
(27.035683, 27.445301, 0.0)
(27.013710, 27.518459, 0.0)
(27.001059, 27.567802, 0.0)
(26.986786, 27.570667, 0.0)
(26.991568, 27.577541, 0.0)
(26.991568, 27.577541, 0.0)
(27.004704, 27.547739, 0.0)
(27.012648, 27.490702, 0.0)
(26.958618, 27.543032, 0.0)
(26.964104, 27.520914, 0.0)
(27.882586, 25.125235, 0.0)
(28.285963, 21.990913, 0.0)
(28.570993, 21.132057, 0.0)
(28.579212, 21.318615, 0.0)
(28.562187, 21.404053, 0.0)
(28.531435, 21.424561, 0.0)
(28.538399, 21.396545, 0.0)
(28.549660, 21.377466, 0.0)
(28.529015, 21.393211, 0.0)
(28.526873, 21.416039, 0.0)
(28.535175, 21.416386, 0.0)
(28.521091, 21.428848, 0.0)
(28.514839, 21.405201, 0.0)
(28.512478, 21.356743, 0.0)
(28.195623, 21.517857, 0.0)
(28.179562, 21.564323, 0.0)
(28.190708, 21.545679, 0.0)
(28.181608, 21.583132, 0.0)
(28.157438, 21.613823, 0.0)
(28.177835, 21.600000, 0.0)
(28.198132, 21.596024, 0.0)
(28.193415, 21.620197, 0.0)
(28.187191, 21.665730, 0.0)
(28.218338, 21.609245, 0.0)
(28.202602, 21.610958, 0.0)
(28.187353, 21.594406, 0.0)
(28.201536, 21.546444, 0.0)
(28.219494, 21.560755, 0.0)
(28.199608, 21.590403, 0.0)
(28.190786, 21.616611, 0.0)
(28.190786, 21.616611, 0.0)
(28.210335, 21.561584, 0.0)
(28.202505, 21.559656, 0.0)
(28.196636, 21.536602, 0.0)
(28.195677, 21.523424, 0.0)
(28.189260, 21.530479, 0.0)
(28.393763, 21.574398, 0.0)
(34.323372, 22.750786, 0.0)
(38.029369, 24.539217, 0.0)
(38.200809, 24.779270, 0.0)
(38.112598, 24.616360, 0.0)
(38.084358, 24.560396, 0.0)
(38.042873, 24.490215, 0.0)
(38.035351, 24.467756, 0.0)
(38.031738, 24.422298, 0.0)
(38.043110, 24.409458, 0.0)
(38.032757, 24.432051, 0.0)
(38.019882, 24.452353, 0.0)
(38.019882, 24.452353, 0.0)
(38.031025, 24.452570, 0.0)
(38.027954, 24.424257, 0.0)
(38.042965, 24.385292, 0.0)
(38.046398, 24.333542, 0.0)
(38.043232, 24.298082, 0.0)
(38.006653, 24.295317, 0.0)
(38.000244, 24.306913, 0.0)
(38.017918, 24.259100, 0.0)
(38.030006, 24.247355, 0.0)
(38.030369, 24.243910, 0.0)
(38.026001, 24.221399, 0.0)
(37.790020, 24.151642, 0.0)
(37.672535, 23.985819, 0.0)
(37.665001, 23.949301, 0.0)
(37.651661, 23.917362, 0.0)
(37.645996, 23.904823, 0.0)
(37.660698, 23.909719, 0.0)
(37.677006, 23.936499, 0.0)
(37.690533, 23.987906, 0.0)
(37.666794, 24.009169, 0.0)
(37.652485, 24.015516, 0.0)
(37.657707, 24.014448, 0.0)
(37.655575, 24.023783, 0.0)
(37.624157, 24.037354, 0.0)
(37.584743, 24.070913, 0.0)
(37.396103, 23.738853, 0.0)
(35.659580, 20.265175, 0.0)
(34.968063, 17.598677, 0.0)
(34.890915, 17.109007, 0.0)
(34.856995, 17.263941, 0.0)
(34.802383, 17.315874, 0.0)
(34.762253, 17.326792, 0.0)
(34.795799, 17.329462, 0.0)
(34.764690, 17.314016, 0.0)
(34.764751, 17.272408, 0.0)
(34.774883, 17.294744, 0.0)
(34.774895, 17.305534, 0.0)
(34.780655, 17.306820, 0.0)
(34.789463, 17.308672, 0.0)
(34.800789, 17.334984, 0.0)
(34.815311, 17.327215, 0.0)
(34.810223, 17.276243, 0.0)
(34.821560, 17.260788, 0.0)
(34.809727, 17.268913, 0.0)
(34.831810, 17.285700, 0.0)
(34.854565, 17.251541, 0.0)
(34.853840, 17.288502, 0.0)
(34.862892, 17.306145, 0.0)
(34.867451, 17.298910, 0.0)
(34.846436, 17.258991, 0.0)
(34.837132, 17.243181, 0.0)
(34.803612, 17.220089, 0.0)
(34.825645, 17.242098, 0.0)
(34.805458, 17.277533, 0.0)
(34.803791, 17.299856, 0.0)
(34.795204, 17.306547, 0.0)
(34.773811, 17.294195, 0.0)
(34.772709, 17.263885, 0.0)
(34.763985, 17.261356, 0.0)
(34.736706, 17.253321, 0.0)
(34.750778, 17.290771, 0.0)
(34.754055, 17.300898, 0.0)
(36.077465, 18.048288, 0.0)
(40.631256, 19.940889, 0.0)
(42.354439, 20.886862, 0.0)
(42.422016, 20.796844, 0.0)
(42.349152, 20.762890, 0.0)
(42.530994, 20.731197, 0.0)
(42.783569, 20.574541, 0.0)
(42.775280, 20.560095, 0.0)
(42.766056, 20.549753, 0.0)
(42.757290, 20.522182, 0.0)
(42.757290, 20.522182, 0.0)
(42.752850, 20.508211, 0.0)
(42.775093, 20.508148, 0.0)
(42.765236, 20.498867, 0.0)
(42.765236, 20.498867, 0.0)
(42.770847, 20.500372, 0.0)
(42.791855, 20.468727, 0.0)
(42.798012, 20.461681, 0.0)
(42.782166, 20.458506, 0.0)
(42.748730, 20.456772, 0.0)
(42.782494, 20.424322, 0.0)
(42.779335, 20.403616, 0.0)
(42.769676, 20.408876, 0.0)
(42.779335, 20.403616, 0.0)
(42.794449, 20.411743, 0.0)
(42.784618, 20.422445, 0.0)
(42.769527, 20.427790, 0.0)
(42.783096, 20.401493, 0.0)
(42.769978, 20.392029, 0.0)
(42.766747, 20.395094, 0.0)
(42.760357, 20.437973, 0.0)
(42.768871, 20.485336, 0.0)
(42.777287, 20.481447, 0.0)
(42.779427, 20.496971, 0.0)
(42.769730, 20.514019, 0.0)
(42.768730, 20.519791, 0.0)
(42.768089, 20.511036, 0.0)
(42.750008, 20.496136, 0.0)
(42.720379, 20.523003, 0.0)
(42.095364, 21.106394, 0.0)
(41.587349, 21.791012, 0.0)
(41.599285, 21.726711, 0.0)
(41.625347, 21.713200, 0.0)
(41.627270, 21.730562, 0.0)
(41.612434, 21.726608, 0.0)
(41.592178, 21.718073, 0.0)
(41.621506, 21.689556, 0.0)
(41.622765, 21.623867, 0.0)
(41.634853, 21.609716, 0.0)
(41.630646, 21.646414, 0.0)
(41.627510, 21.708996, 0.0)
(41.642658, 21.731115, 0.0)
(41.642868, 21.747665, 0.0)
(41.638515, 21.749451, 0.0)
(41.446457, 21.555672, 0.0)
(41.307762, 21.213245, 0.0)
(41.773575, 21.723698, 0.0)
(41.630287, 21.116213, 0.0)
(41.646584, 21.195395, 0.0)
(41.639183, 21.253981, 0.0)
(41.627090, 21.282505, 0.0)
(41.632950, 21.284065, 0.0)
(41.629162, 21.271841, 0.0)
(41.619720, 21.263781, 0.0)
(41.620110, 21.285069, 0.0)
(41.618900, 21.277325, 0.0)
(41.619690, 21.299984, 0.0)
(41.619289, 21.315451, 0.0)
(41.611763, 21.299423, 0.0)
(41.618889, 21.299641, 0.0)
(41.611382, 21.305456, 0.0)
(41.604176, 21.288338, 0.0)
(41.605427, 21.276232, 0.0)
(41.596348, 21.221460, 0.0)
(41.560146, 21.221525, 0.0)
(41.205608, 21.219866, 0.0)
(36.279095, 22.620781, 0.0)
(32.392223, 24.588591, 0.0)
(29.517086, 26.673391, 0.0)
(28.471699, 27.559246, 0.0)
(28.429316, 27.519089, 0.0)
(28.421991, 27.430794, 0.0)
(28.411846, 27.350344, 0.0)
(28.415974, 27.297483, 0.0)
(28.399040, 27.244308, 0.0)
(28.402933, 27.247654, 0.0)
(28.414255, 27.230068, 0.0)
(28.421089, 27.234686, 0.0)
(28.734951, 27.329151, 0.0)
(28.885195, 27.379854, 0.0)
(28.876431, 27.365948, 0.0)
(28.859255, 27.362076, 0.0)
(28.867373, 27.349669, 0.0)
(28.842855, 27.355635, 0.0)
(28.861187, 27.341124, 0.0)
(28.876865, 27.276400, 0.0)
(28.873852, 27.266918, 0.0)
(28.876228, 27.298792, 0.0)
(28.876228, 27.298792, 0.0)
(28.882553, 27.273327, 0.0)
(28.878296, 27.260134, 0.0)
(28.885235, 27.218660, 0.0)
(28.877653, 27.223633, 0.0)
(28.874586, 27.233946, 0.0)
(28.870028, 27.251772, 0.0)
(28.882561, 27.282551, 0.0)
(28.885990, 27.285120, 0.0)
(28.889149, 27.281298, 0.0)
(28.889149, 27.281298, 0.0)
(28.882561, 27.275423, 0.0)
(28.875122, 27.299528, 0.0)
(28.855770, 27.307112, 0.0)
(28.865490, 27.307184, 0.0)
(28.860178, 27.266582, 0.0)
(28.838577, 27.262445, 0.0)
(30.421579, 25.086044, 0.0)
(33.799820, 21.560886, 0.0)
(36.283146, 20.216055, 0.0)
(37.694878, 20.519512, 0.0)
(37.702328, 20.703255, 0.0)
(37.589344, 20.764919, 0.0)
(37.570774, 20.806313, 0.0)
(40.876957, 24.455568, 0.0)
(42.096436, 27.049786, 0.0)
(41.979221, 27.149740, 0.0)
(41.904903, 26.982828, 0.0)
(41.850910, 26.891909, 0.0)
(40.056347, 26.662186, 0.0)
(34.261120, 26.866112, 0.0)
(30.418449, 27.685646, 0.0)
(29.208530, 27.873228, 0.0)
(29.185970, 27.797342, 0.0)
(29.298323, 27.729836, 0.0)
(29.305948, 27.716049, 0.0)
(29.281799, 27.681286, 0.0)
(29.241695, 27.651281, 0.0)
(29.231228, 27.662354, 0.0)
(29.229204, 27.645674, 0.0)
(29.238281, 27.652069, 0.0)
(29.242926, 27.669613, 0.0)
(29.246567, 27.668678, 0.0)
(29.255394, 27.659082, 0.0)
(29.270544, 27.625240, 0.0)
(29.290302, 27.589174, 0.0)
(29.313414, 27.551525, 0.0)
(29.300713, 27.560358, 0.0)
(29.288380, 27.549503, 0.0)
(29.298532, 27.524963, 0.0)
(29.301548, 27.527357, 0.0)
(29.286530, 27.517084, 0.0)
(29.290037, 27.516304, 0.0)
(29.313030, 27.531298, 0.0)
(33.439583, 27.149145, 0.0)
(35.651119, 26.705524, 0.0)
(35.636795, 26.739172, 0.0)
(35.579632, 26.724493, 0.0)
(35.570782, 26.701338, 0.0)
(35.567410, 26.700697, 0.0)
(35.565899, 26.681299, 0.0)
(35.573277, 26.672621, 0.0)
(35.586597, 26.636887, 0.0)
(35.591995, 26.622236, 0.0)
(35.605301, 26.606943, 0.0)
(35.611370, 26.573090, 0.0)
(35.601421, 26.564402, 0.0)
(35.593845, 26.579597, 0.0)
(35.611771, 26.566713, 0.0)
(35.601990, 26.533648, 0.0)
(35.607979, 26.562994, 0.0)
(36.118370, 26.414499, 0.0)
(36.188931, 26.361746, 0.0)
(36.162674, 26.371355, 0.0)
(36.158680, 26.377628, 0.0)
(36.165394, 26.370544, 0.0)
(36.156208, 26.374929, 0.0)
(36.135468, 26.381504, 0.0)
(36.141140, 26.391171, 0.0)
(36.141140, 26.391171, 0.0)
(36.145985, 26.423433, 0.0)
(36.137886, 26.429123, 0.0)
(36.124245, 26.430933, 0.0)
(36.142727, 26.433496, 0.0)
(36.137592, 26.433374, 0.0)
(36.106010, 26.456789, 0.0)
(36.080662, 26.476828, 0.0)
(36.109138, 26.442545, 0.0)
(36.114513, 26.427950, 0.0)
(36.094791, 26.460787, 0.0)
(36.098095, 26.462164, 0.0)
(37.314354, 25.225582, 0.0)
(40.152855, 21.776112, 0.0)
(41.229832, 20.215178, 0.0)
(41.431229, 20.043034, 0.0)
(41.304714, 20.011143, 0.0)
(41.289600, 20.186016, 0.0)
(41.304180, 20.244825, 0.0)
(41.351131, 20.291687, 0.0)
(41.369942, 20.297308, 0.0)
(41.342850, 20.306089, 0.0)
(41.377464, 20.312328, 0.0)
(41.393417, 20.266666, 0.0)
(41.404446, 20.241766, 0.0)
(41.410183, 20.226974, 0.0)
(41.414772, 20.232084, 0.0)
(41.319420, 20.048723, 0.0)
(41.558758, 20.622328, 0.0)
(41.310703, 19.961462, 0.0)
(41.279625, 19.876923, 0.0)
(41.286785, 20.011948, 0.0)
(41.326290, 20.105040, 0.0)
(41.324459, 20.143147, 0.0)
(41.329811, 20.213415, 0.0)
(41.322216, 20.236897, 0.0)
(41.328522, 20.278131, 0.0)
(41.316872, 20.279781, 0.0)
(41.342022, 20.270325, 0.0)
(41.334667, 20.231894, 0.0)
(41.311615, 20.214113, 0.0)
(41.316097, 20.205553, 0.0)
(41.321251, 20.203356, 0.0)
(41.294323, 20.233444, 0.0)
(41.286613, 20.256031, 0.0)
(41.291653, 20.203901, 0.0)
(41.305115, 20.182581, 0.0)
(41.309063, 20.187674, 0.0)
(41.277939, 20.180605, 0.0)
(41.431976, 20.313356, 0.0)
(42.714035, 21.489864, 0.0)
(42.790115, 21.620958, 0.0)
(42.762829, 21.577173, 0.0)
(42.960045, 21.693457, 0.0)
(43.176601, 21.909876, 0.0)
(43.204613, 21.925314, 0.0)
(43.186802, 21.892757, 0.0)
(43.203194, 21.906036, 0.0)
(43.192631, 21.906025, 0.0)
(43.198059, 21.897690, 0.0)
(43.200607, 21.847410, 0.0)
(43.189915, 21.852558, 0.0)
(43.170902, 21.854864, 0.0)
(43.165680, 21.870686, 0.0)
(43.169472, 21.875172, 0.0)
(43.170738, 21.861153, 0.0)
(43.168106, 21.859251, 0.0)
(43.152077, 21.861259, 0.0)
(43.142712, 21.871078, 0.0)
(43.142944, 21.868797, 0.0)
(43.156437, 21.867039, 0.0)
(43.147427, 21.868330, 0.0)
(43.137337, 21.876715, 0.0)
(43.114475, 21.908798, 0.0)
(43.111122, 21.953501, 0.0)
(43.113232, 21.979603, 0.0)
(43.109932, 22.009148, 0.0)
(43.100323, 21.997402, 0.0)
(43.109001, 21.959341, 0.0)
(43.122158, 21.945520, 0.0)
(43.095005, 21.964622, 0.0)
(43.086475, 21.973152, 0.0)
(43.086857, 21.967333, 0.0)
(43.096664, 21.930071, 0.0)
(43.072243, 21.964703, 0.0)
(43.072296, 22.004452, 0.0)
(43.049095, 22.237974, 0.0)
(42.410969, 26.204195, 0.0)
(42.123543, 28.310392, 0.0)
(42.076675, 28.258930, 0.0)
(42.090027, 28.088888, 0.0)
(42.058350, 27.978195, 0.0)
(42.053776, 28.025988, 0.0)
(42.045044, 28.047081, 0.0)
(42.047165, 28.032469, 0.0)
(42.049721, 28.049568, 0.0)
(42.057907, 28.045944, 0.0)
(42.060253, 27.998190, 0.0)
(42.052811, 28.004427, 0.0)
(42.016132, 28.029339, 0.0)
(42.039364, 28.050303, 0.0)
(42.031887, 28.024841, 0.0)
(42.015266, 28.076838, 0.0)
(42.012001, 28.071545, 0.0)
(42.016857, 28.069168, 0.0)
(42.000420, 28.055559, 0.0)
(41.995205, 28.048531, 0.0)
(41.996384, 27.990501, 0.0)
(41.994453, 27.955139, 0.0)
(41.993923, 27.977608, 0.0)
(41.993923, 27.977608, 0.0)
(41.982407, 27.989967, 0.0)
(41.987427, 27.974661, 0.0)
(42.002102, 27.930548, 0.0)
(42.003601, 27.905844, 0.0)
(42.012642, 27.864548, 0.0)
(41.998871, 27.827234, 0.0)
(41.963913, 27.850063, 0.0)
(41.958450, 27.836178, 0.0)
(41.971783, 27.815048, 0.0)
(41.964661, 27.806725, 0.0)
(41.968361, 27.798018, 0.0)
(41.968361, 27.798018, 0.0)
(41.972542, 27.777773, 0.0)
(41.973339, 27.758451, 0.0)
(42.165882, 27.768515, 0.0)
(44.516712, 29.082720, 0.0)
(44.377922, 28.675541, 0.0)
(44.352509, 28.607426, 0.0)
(44.371655, 28.578157, 0.0)
(44.397907, 28.525021, 0.0)
(44.394199, 28.471039, 0.0)
(44.379425, 28.469526, 0.0)
(44.369400, 28.523508, 0.0)
(44.395649, 28.472431, 0.0)
(44.401367, 28.440676, 0.0)
(44.398224, 28.443554, 0.0)
(44.400890, 28.460863, 0.0)
(44.400429, 28.508770, 0.0)
(44.396954, 28.459846, 0.0)
(44.396107, 28.403238, 0.0)
(44.406628, 28.409845, 0.0)
(44.405479, 28.413010, 0.0)
(44.399670, 28.429932, 0.0)
(44.373474, 28.440170, 0.0)
(44.384491, 28.433620, 0.0)
(44.400089, 28.438559, 0.0)
(44.393738, 28.424269, 0.0)
(44.401119, 28.425184, 0.0)
(44.397411, 28.412296, 0.0)
(44.391037, 28.419090, 0.0)
(44.371342, 28.444094, 0.0)
(44.384762, 28.398729, 0.0)
(44.379616, 28.368793, 0.0)
(44.363155, 28.426659, 0.0)
(44.365898, 28.447983, 0.0)
(44.373074, 28.496002, 0.0)
(44.356384, 28.483997, 0.0)
(44.350185, 28.449305, 0.0)
(44.350163, 28.450420, 0.0)
(44.325333, 28.463306, 0.0)
(41.347706, 27.021433, 0.0)
(36.137432, 26.190769, 0.0)
(31.719734, 24.567362, 0.0)
(28.383463, 24.017761, 0.0)
(26.494120, 23.269157, 0.0)
(25.680603, 22.445797, 0.0)
(25.529987, 22.449018, 0.0)
(25.500051, 22.565182, 0.0)
(25.461174, 22.631212, 0.0)
(24.855860, 23.234407, 0.0)
(24.831520, 23.232157, 0.0)
(24.894133, 23.194099, 0.0)
(24.873762, 23.156965, 0.0)
(24.864372, 23.097944, 0.0)
(24.879919, 23.051046, 0.0)
(24.911987, 23.007210, 0.0)
(24.904989, 23.007387, 0.0)
(24.889603, 23.029110, 0.0)
(24.882872, 23.049610, 0.0)
(24.881178, 23.050192, 0.0)
(24.897795, 23.012194, 0.0)
(24.916918, 22.973135, 0.0)
(24.902807, 22.943913, 0.0)
(24.887981, 22.946253, 0.0)
(24.897247, 22.954643, 0.0)
(24.896767, 22.930599, 0.0)
(24.904238, 22.907213, 0.0)
(24.909554, 22.915258, 0.0)
(24.910004, 22.921055, 0.0)
(24.913694, 22.927153, 0.0)
(24.933710, 22.887506, 0.0)
(24.943092, 22.862406, 0.0)
(24.960142, 22.854141, 0.0)
(24.969818, 22.833963, 0.0)
(24.972685, 22.839952, 0.0)
(24.969528, 22.862217, 0.0)
(27.188036, 21.289959, 0.0)
(27.956110, 20.603224, 0.0)
(27.904484, 20.596806, 0.0)
(27.866428, 20.609295, 0.0)
(27.813515, 20.640734, 0.0)
(27.753033, 20.659416, 0.0)
(27.760241, 20.598986, 0.0)
(27.780178, 20.569635, 0.0)
(27.825296, 20.574669, 0.0)
(27.803040, 20.584616, 0.0)
(27.781315, 20.593317, 0.0)
(27.966713, 20.118296, 0.0)
(27.743353, 19.728352, 0.0)
(28.138685, 19.797737, 0.0)
(28.264572, 20.017382, 0.0)
(28.222212, 20.077040, 0.0)
(28.240223, 20.084454, 0.0)
(28.257242, 20.076307, 0.0)
(28.257242, 20.076307, 0.0)
(28.253635, 20.088112, 0.0)
(28.226934, 20.142746, 0.0)
(28.241348, 20.145424, 0.0)
(28.246929, 20.184616, 0.0)
(28.261152, 20.210411, 0.0)
(28.253675, 20.240440, 0.0)
(28.265251, 20.252031, 0.0)
(28.262712, 20.255964, 0.0)
(28.255859, 20.281996, 0.0)
(28.269180, 20.273176, 0.0)
(28.265982, 20.284445, 0.0)
(28.273956, 20.303322, 0.0)
(28.273956, 20.303322, 0.0)
(28.273956, 20.303322, 0.0)
(28.293663, 20.297800, 0.0)
(28.303333, 20.295546, 0.0)
(28.293371, 20.298786, 0.0)
(28.260410, 20.322065, 0.0)
(28.240803, 20.315426, 0.0)
(27.464497, 21.175406, 0.0)
(26.198748, 22.467434, 0.0)
(26.186098, 22.498055, 0.0)
(26.223843, 22.447851, 0.0)
(26.221237, 22.431723, 0.0)
(26.227892, 22.364044, 0.0)
(26.236782, 22.310774, 0.0)
(26.246580, 22.306524, 0.0)
(26.227032, 22.287617, 0.0)
(26.214920, 22.282156, 0.0)
(26.204044, 22.283751, 0.0)
(26.196421, 22.279491, 0.0)
(26.207943, 22.276524, 0.0)
(26.209679, 22.281750, 0.0)
(26.208490, 22.237514, 0.0)
(26.214773, 22.178997, 0.0)
(26.192848, 22.185137, 0.0)
(26.187386, 22.189787, 0.0)
(26.438953, 22.031187, 0.0)
(26.634296, 21.904821, 0.0)
(26.619051, 21.912657, 0.0)
(26.491093, 21.973446, 0.0)
(26.344763, 22.112118, 0.0)
(26.337013, 22.103767, 0.0)
(26.365374, 22.050648, 0.0)
(26.372326, 22.022877, 0.0)
(26.384483, 22.015760, 0.0)
(26.380096, 22.018568, 0.0)
(26.383194, 22.021763, 0.0)
(26.380981, 22.023304, 0.0)
(26.384418, 22.026306, 0.0)
(26.387939, 22.021887, 0.0)
(26.387413, 22.027603, 0.0)
(26.380327, 22.029934, 0.0)
(26.392830, 22.027052, 0.0)
(26.376694, 22.070704, 0.0)
(28.875467, 22.474571, 0.0)
(33.196114, 22.890751, 0.0)
(33.045479, 22.949287, 0.0)
(32.934311, 22.962637, 0.0)
(32.875259, 22.958948, 0.0)
(32.832130, 22.929613, 0.0)
(32.817375, 22.912422, 0.0)
(32.805756, 22.912039, 0.0)
(32.813232, 22.927143, 0.0)
(32.816704, 22.928625, 0.0)
(32.829670, 22.936472, 0.0)
(33.221954, 22.742054, 0.0)
(33.254375, 22.661472, 0.0)
(33.225670, 22.658731, 0.0)
(33.207947, 22.665905, 0.0)
(33.234253, 22.654285, 0.0)
(33.249897, 22.667574, 0.0)
(33.241585, 22.673042, 0.0)
(33.235813, 22.691116, 0.0)
(33.235054, 22.683613, 0.0)
(33.241989, 22.689548, 0.0)
(33.233917, 22.732210, 0.0)
(33.240547, 22.725262, 0.0)
(33.253078, 22.733124, 0.0)
(33.266499, 22.720699, 0.0)
(33.266994, 22.705355, 0.0)
(33.260956, 22.712934, 0.0)
(33.270466, 22.708570, 0.0)
(33.267170, 22.719303, 0.0)
(33.267170, 22.719303, 0.0)
(33.274864, 22.717543, 0.0)
(33.274864, 22.717543, 0.0)
(33.272778, 22.712967, 0.0)
(33.269173, 22.695150, 0.0)
(33.273037, 22.654371, 0.0)
(33.270607, 22.637125, 0.0)
(33.251656, 22.624527, 0.0)
(33.478291, 22.728073, 0.0)
(38.537918, 24.737894, 0.0)
(40.561779, 25.794353, 0.0)
(40.546158, 25.735752, 0.0)
(40.478458, 25.690666, 0.0)
(40.462814, 25.692974, 0.0)
(40.457306, 25.655334, 0.0)
(40.446812, 25.636721, 0.0)
(40.447712, 25.589264, 0.0)
(40.446125, 25.573570, 0.0)
(40.437233, 25.587770, 0.0)
(40.439674, 25.568743, 0.0)
(40.437485, 25.560009, 0.0)
(40.438721, 25.559105, 0.0)
(40.387936, 25.478506, 0.0)
(40.369267, 25.132826, 0.0)
(40.436569, 25.094736, 0.0)
(40.463108, 25.139416, 0.0)
(40.440784, 25.233669, 0.0)
(40.432022, 25.269547, 0.0)
(40.452610, 25.245100, 0.0)
(40.454868, 25.213610, 0.0)
(40.448277, 25.233084, 0.0)
(40.456547, 25.258261, 0.0)
(40.445225, 25.248411, 0.0)
(40.441944, 25.255550, 0.0)
(40.449455, 25.251892, 0.0)
(40.445293, 25.233191, 0.0)
(40.438969, 25.257071, 0.0)
(40.440887, 25.262440, 0.0)
(40.443085, 25.256912, 0.0)
(40.444080, 25.261034, 0.0)
(40.454811, 25.258415, 0.0)
(40.430855, 25.249468, 0.0)
(40.441944, 25.255550, 0.0)
(40.436115, 25.228697, 0.0)
(40.458763, 25.222675, 0.0)
(40.431679, 25.218899, 0.0)
(39.290741, 24.744576, 0.0)
(33.686516, 23.050419, 0.0)
(29.284315, 23.118673, 0.0)
(27.209681, 22.552908, 0.0)
(26.520102, 22.109840, 0.0)
(26.324417, 21.835840, 0.0)
(26.297943, 21.847429, 0.0)
(26.265196, 21.908157, 0.0)
(25.115217, 22.171465, 0.0)
(24.723299, 22.062967, 0.0)
(24.746090, 22.047819, 0.0)
(24.751295, 22.110689, 0.0)
(24.753199, 22.081352, 0.0)
(24.752312, 22.075230, 0.0)
(24.757135, 22.075598, 0.0)
(24.758587, 22.062496, 0.0)
(24.763159, 22.063244, 0.0)
(24.757135, 22.075598, 0.0)
(24.743940, 22.071255, 0.0)
(24.735643, 22.081289, 0.0)
(24.733732, 22.123737, 0.0)
(24.737804, 22.125910, 0.0)
(24.735537, 22.132282, 0.0)
(24.734287, 22.149143, 0.0)
(24.748665, 22.159039, 0.0)
(24.753027, 22.154364, 0.0)
(24.749599, 22.151260, 0.0)
(24.778835, 22.139036, 0.0)
(24.789135, 22.155348, 0.0)
(24.815041, 22.145954, 0.0)
(24.813854, 22.153847, 0.0)
(24.831022, 22.139507, 0.0)
(24.833437, 22.158106, 0.0)
(24.844482, 22.154787, 0.0)
(24.854570, 22.169727, 0.0)
(24.857136, 22.151541, 0.0)
(24.847898, 22.155224, 0.0)
(24.855278, 22.170166, 0.0)
(24.837906, 22.181952, 0.0)
(25.217514, 22.201298, 0.0)
(25.750463, 25.451139, 0.0)
(26.388414, 26.600512, 0.0)
(26.374046, 26.317072, 0.0)
(26.391941, 26.294857, 0.0)
(26.389929, 26.345638, 0.0)
(26.387510, 26.324528, 0.0)
(26.619425, 26.414734, 0.0)
(26.806660, 26.644186, 0.0)
(26.800764, 26.689964, 0.0)
(26.782053, 26.650257, 0.0)
(26.768967, 26.610739, 0.0)
(26.754784, 26.563152, 0.0)
(26.749256, 26.508980, 0.0)
(26.744436, 26.519447, 0.0)
(26.717617, 26.531059, 0.0)
(26.732391, 26.502913, 0.0)
(26.736683, 26.478666, 0.0)
(26.717333, 26.481873, 0.0)
(26.704479, 26.528488, 0.0)
(26.722195, 26.513067, 0.0)
(26.754070, 26.459816, 0.0)
(26.761955, 26.444176, 0.0)
(26.768877, 26.434361, 0.0)
(26.767042, 26.429457, 0.0)
(26.766111, 26.440601, 0.0)
(26.769428, 26.443565, 0.0)
(26.758562, 26.452312, 0.0)
(26.761665, 26.416397, 0.0)
(26.769941, 26.378462, 0.0)
(26.769190, 26.350292, 0.0)
(26.762863, 26.356695, 0.0)
(26.704397, 26.371233, 0.0)
(26.697964, 26.388590, 0.0)
(26.734547, 26.348248, 0.0)
(26.783987, 26.361633, 0.0)
(31.420261, 24.708664, 0.0)
(33.003277, 23.829880, 0.0)
(32.987011, 23.860380, 0.0)
(32.928127, 23.925484, 0.0)
(32.889370, 23.940220, 0.0)
(32.827309, 23.946596, 0.0)
(33.294056, 23.831631, 0.0)
(33.347576, 23.726604, 0.0)
(33.234814, 23.934099, 0.0)
(33.173962, 23.721611, 0.0)
(33.242352, 23.597063, 0.0)
(33.259361, 23.618061, 0.0)
(33.273258, 23.669884, 0.0)
(33.235104, 23.694523, 0.0)
(33.254631, 23.704990, 0.0)
(33.263546, 23.697718, 0.0)
(33.255287, 23.727556, 0.0)
(33.274826, 23.808159, 0.0)
(33.264828, 23.856983, 0.0)
(33.254471, 23.832256, 0.0)
(33.257423, 23.824017, 0.0)
(33.283077, 23.826694, 0.0)
(33.275631, 23.794258, 0.0)
(33.282558, 23.810852, 0.0)
(33.294106, 23.864048, 0.0)
(33.308937, 23.880007, 0.0)
(33.301304, 23.878778, 0.0)
(33.311462, 23.863491, 0.0)
(33.298092, 23.830261, 0.0)
(33.270073, 23.810480, 0.0)
(33.275326, 23.798243, 0.0)
(33.270405, 23.790880, 0.0)
(33.273563, 23.781475, 0.0)
(33.273327, 23.787756, 0.0)
(33.241272, 23.790880, 0.0)
(33.237686, 23.771519, 0.0)
(33.232674, 23.764610, 0.0)
(34.201488, 24.110695, 0.0)
(39.157757, 25.503813, 0.0)
(40.236069, 26.278700, 0.0)
(40.248840, 26.304720, 0.0)
(40.177834, 26.265350, 0.0)
(40.156673, 26.274137, 0.0)
(40.156780, 26.229580, 0.0)
(40.354916, 26.340631, 0.0)
(40.528751, 26.429943, 0.0)
(40.503677, 26.439390, 0.0)
(40.507725, 26.451611, 0.0)
(40.550476, 26.409014, 0.0)
(40.570095, 26.417416, 0.0)
(40.554329, 26.429756, 0.0)
(40.558670, 26.441235, 0.0)
(40.554974, 26.412836, 0.0)
(40.533413, 26.410269, 0.0)
(40.526085, 26.387003, 0.0)
(40.553986, 26.380209, 0.0)
(40.552399, 26.395411, 0.0)
(40.506100, 26.402878, 0.0)
(40.479057, 26.400391, 0.0)
(40.486729, 26.414757, 0.0)
(40.512184, 26.428822, 0.0)
(40.503265, 26.403206, 0.0)
(40.486729, 26.406279, 0.0)
(40.465298, 26.393682, 0.0)
(40.450851, 26.401329, 0.0)
(40.467617, 26.362673, 0.0)
(40.464752, 26.351450, 0.0)
(40.456253, 26.373493, 0.0)
(40.442608, 26.406015, 0.0)
(40.425999, 26.406992, 0.0)
(40.428471, 26.384422, 0.0)
(40.423138, 26.373936, 0.0)
(40.438702, 26.342457, 0.0)
(40.424404, 26.323875, 0.0)
(40.410599, 26.335123, 0.0)
(40.150246, 26.247995, 0.0)
(36.251572, 23.226738, 0.0)
(34.065746, 20.057751, 0.0)
(32.958313, 18.382349, 0.0)
(32.677666, 18.212507, 0.0)
(32.650604, 18.292170, 0.0)
(32.580688, 18.326551, 0.0)
(32.490074, 18.043793, 0.0)
(32.445442, 17.988319, 0.0)
(32.411652, 17.992674, 0.0)
(32.720554, 17.902781, 0.0)
(32.799301, 17.884195, 0.0)
(32.811619, 17.902565, 0.0)
(32.801338, 17.876059, 0.0)
(32.474857, 17.857538, 0.0)
(32.449780, 17.863861, 0.0)
(32.470276, 17.867954, 0.0)
(32.490242, 17.859110, 0.0)
(32.467388, 17.888123, 0.0)
(32.479408, 17.912500, 0.0)
(32.479408, 17.914423, 0.0)
(32.502064, 17.941195, 0.0)
(32.518692, 17.961742, 0.0)
(32.525948, 17.978056, 0.0)
(32.507717, 18.020031, 0.0)
(32.487217, 18.044306, 0.0)
(32.492580, 18.032347, 0.0)
(32.480251, 18.016224, 0.0)
(32.470203, 18.047613, 0.0)
(32.466309, 18.043680, 0.0)
(32.455631, 18.022249, 0.0)
(32.476307, 17.994553, 0.0)
(32.449478, 18.018705, 0.0)
(32.431797, 18.011383, 0.0)
(32.440186, 18.007401, 0.0)
(32.416183, 18.018385, 0.0)
(32.412758, 18.022411, 0.0)
(32.980213, 17.956835, 0.0)
(41.420532, 21.690020, 0.0)
(42.877155, 21.466063, 0.0)
(43.445210, 21.417971, 0.0)
(43.556534, 21.594252, 0.0)
(43.554550, 21.677031, 0.0)
(43.673286, 21.857748, 0.0)
(44.076725, 22.322939, 0.0)
(44.139549, 22.396944, 0.0)
(44.126797, 22.389488, 0.0)
(44.132023, 22.400433, 0.0)
(44.404140, 22.703337, 0.0)
(44.423016, 22.773172, 0.0)
(44.413837, 22.742685, 0.0)
(44.411991, 22.753101, 0.0)
(44.410393, 22.776106, 0.0)
(44.407703, 22.778971, 0.0)
(44.395073, 22.767000, 0.0)
(44.391712, 22.746323, 0.0)
(44.377022, 22.726086, 0.0)
(44.399265, 22.715370, 0.0)
(44.398308, 22.675003, 0.0)
(44.389172, 22.669216, 0.0)
(44.228374, 22.533546, 0.0)
(43.926952, 22.186543, 0.0)
(43.713215, 22.101660, 0.0)
(43.640411, 22.042709, 0.0)
(43.586617, 22.094173, 0.0)
(43.572144, 22.206827, 0.0)
(43.567539, 22.227646, 0.0)
(43.572895, 22.183498, 0.0)
(43.557190, 22.115618, 0.0)
(43.553028, 22.096273, 0.0)
(43.496922, 22.103193, 0.0)
(43.464119, 22.157927, 0.0)
(43.438148, 22.285715, 0.0)
(43.433907, 22.312546, 0.0)
(43.426113, 22.347374, 0.0)
(43.378204, 22.347136, 0.0)
(42.692402, 20.530993, 0.0)
(42.393585, 19.204685, 0.0)
(42.283302, 19.291452, 0.0)
(42.268188, 19.440458, 0.0)
(42.256031, 19.510155, 0.0)
(42.229572, 19.602133, 0.0)
(42.199921, 19.185568, 0.0)
(42.210705, 18.823765, 0.0)
(42.140697, 18.819986, 0.0)
(42.174934, 19.083614, 0.0)
(42.195606, 19.018061, 0.0)
(42.204674, 18.910076, 0.0)
(42.264534, 18.949774, 0.0)
(42.283569, 18.943342, 0.0)
(42.298248, 18.933723, 0.0)
(42.290123, 18.940197, 0.0)
(42.302536, 18.916924, 0.0)
(42.305176, 18.921057, 0.0)
(42.295013, 18.983580, 0.0)
(42.297455, 19.008223, 0.0)
(42.292244, 19.003656, 0.0)
(42.285126, 19.049383, 0.0)
(42.201786, 19.045137, 0.0)
(42.190453, 19.062513, 0.0)
(42.199581, 19.086571, 0.0)
(42.192917, 19.129074, 0.0)
(42.174454, 19.199537, 0.0)
(42.149632, 19.203722, 0.0)
(42.132915, 19.154331, 0.0)
(42.126076, 19.098143, 0.0)
(42.101017, 19.107637, 0.0)
(42.085003, 19.149206, 0.0)
(41.031250, 19.443439, 0.0)
(40.820454, 19.801222, 0.0)
(40.816360, 19.806465, 0.0)
(40.830307, 19.747574, 0.0)
(40.824310, 19.729404, 0.0)
(40.788418, 19.644297, 0.0)
(41.651711, 20.994947, 0.0)
(43.583702, 25.454109, 0.0)
(44.234352, 28.024538, 0.0)
(44.064056, 28.607515, 0.0)
(43.946526, 28.369501, 0.0)
(43.929817, 28.315317, 0.0)
(43.921402, 28.210085, 0.0)
(43.909355, 28.202250, 0.0)
(43.943356, 28.183558, 0.0)
(43.943359, 28.172918, 0.0)
(43.946201, 28.208813, 0.0)
(43.929344, 28.250624, 0.0)
(43.914268, 28.273588, 0.0)
(43.905872, 28.277428, 0.0)
(43.917282, 28.258329, 0.0)
(43.915798, 28.283998, 0.0)
(43.911163, 28.326155, 0.0)
(43.901596, 28.311588, 0.0)
(43.918354, 28.296795, 0.0)
(43.923374, 28.304792, 0.0)
(43.927059, 28.344488, 0.0)
(43.932541, 28.361301, 0.0)
(43.941574, 28.372869, 0.0)
(43.930515, 28.386461, 0.0)
(43.934315, 28.355722, 0.0)
(43.942226, 28.345150, 0.0)
(43.938808, 28.356230, 0.0)
(43.939342, 28.365942, 0.0)
(43.926788, 28.374741, 0.0)
(43.934326, 28.380741, 0.0)
(43.959602, 28.367760, 0.0)
(43.952801, 28.348461, 0.0)
(43.922985, 28.334837, 0.0)
(43.904278, 28.331078, 0.0)
(43.896114, 28.331047, 0.0)
(43.900948, 28.283684, 0.0)
(43.878704, 28.243231, 0.0)
(40.107235, 25.574711, 0.0)
(35.244915, 23.003237, 0.0)
(31.620987, 21.424616, 0.0)
(30.714535, 20.852783, 0.0)
(30.681990, 20.835794, 0.0)
(30.622532, 20.887661, 0.0)
(30.622782, 20.906651, 0.0)
(30.646128, 20.943439, 0.0)
(30.628967, 20.958204, 0.0)
(30.635662, 20.900209, 0.0)
(30.654640, 20.863081, 0.0)
(30.653172, 20.803082, 0.0)
(30.664982, 20.774296, 0.0)
(30.661512, 20.716105, 0.0)
(30.279842, 20.520250, 0.0)
(30.042839, 21.409508, 0.0)
(30.129410, 20.388113, 0.0)
(30.165886, 20.164951, 0.0)
(30.147781, 20.255793, 0.0)
(30.147221, 20.262211, 0.0)
(30.145811, 20.272129, 0.0)
(30.160858, 20.270121, 0.0)
(30.154375, 20.299173, 0.0)
(30.152954, 20.296698, 0.0)
(30.169281, 20.327253, 0.0)
(30.174074, 20.316952, 0.0)
(30.173132, 20.299597, 0.0)
(30.169104, 20.297449, 0.0)
(30.148607, 20.317923, 0.0)
(30.610600, 20.282639, 0.0)
(30.754967, 20.322998, 0.0)
(30.767563, 20.288193, 0.0)
(30.784813, 20.266352, 0.0)
(30.757004, 20.286287, 0.0)
(30.749899, 20.372869, 0.0)
(32.430313, 21.982620, 0.0)
(35.636974, 26.934912, 0.0)
(35.913025, 28.165154, 0.0)
(35.843494, 28.063749, 0.0)
(35.739288, 27.957314, 0.0)
(35.694920, 28.040028, 0.0)
(35.684807, 28.192116, 0.0)
(35.688061, 28.247223, 0.0)
(35.698334, 28.252316, 0.0)
(36.289547, 29.488018, 0.0)
(36.311455, 29.653992, 0.0)
(36.302345, 29.603733, 0.0)
(36.303425, 29.610130, 0.0)
(36.285477, 29.637642, 0.0)
(36.287872, 29.650450, 0.0)
(36.318657, 29.645864, 0.0)
(36.290638, 29.726538, 0.0)
(36.289383, 29.784077, 0.0)
(36.298962, 29.777897, 0.0)
(36.289463, 29.798395, 0.0)
(36.275387, 29.814806, 0.0)
(36.247955, 29.853342, 0.0)
(36.263172, 29.884718, 0.0)
(36.257874, 29.923336, 0.0)
(36.211182, 29.802507, 0.0)
(36.274124, 27.928158, 0.0)
(36.431377, 21.406008, 0.0)
(36.093296, 19.172022, 0.0)
(35.855015, 18.688551, 0.0)
(35.875912, 18.940947, 0.0)
(35.825577, 19.042904, 0.0)
(35.782146, 18.974739, 0.0)
(35.808144, 19.050215, 0.0)
(35.792313, 19.075846, 0.0)
(35.812065, 19.116690, 0.0)
(35.830505, 19.118040, 0.0)
(35.831074, 19.118240, 0.0)
(35.997147, 19.049065, 0.0)
(40.148212, 19.098349, 0.0)
(42.687851, 20.035807, 0.0)
(43.336449, 20.578293, 0.0)
(43.290741, 20.707747, 0.0)
(43.249180, 20.698694, 0.0)
(43.310829, 20.723616, 0.0)
(43.904366, 21.243460, 0.0)
(43.911476, 21.250137, 0.0)
(43.889385, 21.192291, 0.0)
(43.862610, 21.148378, 0.0)
(43.881256, 21.125946, 0.0)
(43.889687, 21.053331, 0.0)
(43.908127, 21.083185, 0.0)
(43.911564, 21.080812, 0.0)
(43.914463, 21.083132, 0.0)
(43.901081, 21.030592, 0.0)
(43.889530, 21.015955, 0.0)
(43.944218, 20.985046, 0.0)
(43.940098, 20.989481, 0.0)
(43.913799, 20.987671, 0.0)
(43.893085, 21.023024, 0.0)
(43.900940, 21.037121, 0.0)
(43.911209, 21.043344, 0.0)
(43.880512, 21.029129, 0.0)
(43.908497, 21.057444, 0.0)
(43.888042, 21.069906, 0.0)
(43.841278, 21.054220, 0.0)
(43.814934, 21.076021, 0.0)
(43.831638, 21.058640, 0.0)
(43.827068, 21.079720, 0.0)
(43.799488, 21.102144, 0.0)
(43.011463, 21.240280, 0.0)
(42.690212, 21.674656, 0.0)
(42.527859, 21.642206, 0.0)
(39.954994, 22.475031, 0.0)
(37.940998, 23.899107, 0.0)
(36.799957, 25.256903, 0.0)
(36.747303, 25.329922, 0.0)
(36.776913, 25.179703, 0.0)
(36.733414, 25.112267, 0.0)
(36.730801, 25.095999, 0.0)
(39.800415, 25.683889, 0.0)
(42.038250, 26.141787, 0.0)
(42.180931, 26.222109, 0.0)
(42.070290, 26.160000, 0.0)
(42.048092, 26.170462, 0.0)
(42.033142, 26.139050, 0.0)
(42.402378, 26.112921, 0.0)
(42.944996, 25.923248, 0.0)
(42.989525, 25.982508, 0.0)
(42.988003, 26.075838, 0.0)
(42.998409, 26.087849, 0.0)
(43.013443, 26.078714, 0.0)
(43.027107, 26.106131, 0.0)
(43.257702, 26.066895, 0.0)
(43.346245, 26.051882, 0.0)
(43.343914, 26.087185, 0.0)
(43.357452, 26.111757, 0.0)
(43.374222, 26.126112, 0.0)
(43.382908, 26.136110, 0.0)
(43.397320, 26.109488, 0.0)
(43.395176, 26.086590, 0.0)
(43.391197, 26.063892, 0.0)
(43.377422, 26.047083, 0.0)
(43.384617, 26.041067, 0.0)
(43.365170, 26.074135, 0.0)
(43.342251, 26.081749, 0.0)
(43.333706, 26.091314, 0.0)
(43.349369, 26.065840, 0.0)
(43.345474, 26.073830, 0.0)
(43.344894, 26.068253, 0.0)
(43.335663, 26.061375, 0.0)
(43.313141, 25.990894, 0.0)
(42.531055, 26.047047, 0.0)
(34.735264, 29.824409, 0.0)
(34.649174, 29.413120, 0.0)
(34.652733, 29.007425, 0.0)
(34.613873, 28.718769, 0.0)
(34.566780, 28.596886, 0.0)
(34.449711, 28.791220, 0.0)
(33.921890, 29.541822, 0.0)
(33.862572, 29.650398, 0.0)
(33.838215, 29.603756, 0.0)
(33.816803, 29.615707, 0.0)
(33.792244, 29.665649, 0.0)
(33.771477, 29.721209, 0.0)
(33.315727, 29.796431, 0.0)
(33.185566, 29.651459, 0.0)
(33.166286, 29.673874, 0.0)
(33.161018, 29.742561, 0.0)
(33.158569, 29.786001, 0.0)
(33.140800, 29.813850, 0.0)
(33.080986, 27.840973, 0.0)
(33.040234, 24.517899, 0.0)
(32.735321, 21.711336, 0.0)
(32.409054, 19.962330, 0.0)
(32.378609, 19.405546, 0.0)
(32.318645, 19.554512, 0.0)
(32.326813, 19.621651, 0.0)
(32.330982, 19.639688, 0.0)
(32.333954, 19.639267, 0.0)
(32.315186, 19.625105, 0.0)
(32.311134, 19.657671, 0.0)
(32.348621, 19.612328, 0.0)
(32.337040, 19.626909, 0.0)
(32.328861, 19.644003, 0.0)
(32.354435, 19.637770, 0.0)
(32.353580, 19.604612, 0.0)
(32.357288, 19.618830, 0.0)
(35.188046, 18.415815, 0.0)
(37.157982, 17.417618, 0.0)
(37.076427, 17.495996, 0.0)
(36.981998, 17.576715, 0.0)
(36.948257, 17.551220, 0.0)
(37.144314, 17.282511, 0.0)
(37.110153, 17.273411, 0.0)
(37.117237, 17.303791, 0.0)
(37.126255, 17.276798, 0.0)
(36.893986, 17.236660, 0.0)
(36.761135, 17.152035, 0.0)
(36.759899, 17.166439, 0.0)
(36.764996, 17.135069, 0.0)
(36.808178, 17.124325, 0.0)
(36.805946, 17.094017, 0.0)
(36.802910, 17.087841, 0.0)
(36.788357, 17.083683, 0.0)
(36.786655, 17.088581, 0.0)
(36.808479, 17.080826, 0.0)
(36.791107, 17.043398, 0.0)
(36.790047, 17.057106, 0.0)
(36.800098, 17.101076, 0.0)
(36.809250, 17.134518, 0.0)
(36.802925, 17.117685, 0.0)
(36.804131, 17.104549, 0.0)
(36.800365, 17.064268, 0.0)
(36.795761, 17.060513, 0.0)
(36.798527, 17.076859, 0.0)
(36.759186, 17.167196, 0.0)
(36.746208, 17.195103, 0.0)
(36.749207, 17.159801, 0.0)
(36.763187, 17.161690, 0.0)
(36.759491, 17.175108, 0.0)
(36.751820, 17.214828, 0.0)
(36.763966, 17.202028, 0.0)
(36.757622, 17.184814, 0.0)
(36.722702, 17.195992, 0.0)
(36.557930, 17.307024, 0.0)
(33.486366, 18.179216, 0.0)
(31.115871, 21.401270, 0.0)
(29.731981, 23.972731, 0.0)
(28.928246, 25.320978, 0.0)
(28.666721, 25.906191, 0.0)
(28.569838, 25.876884, 0.0)
(28.550564, 25.765423, 0.0)
(28.525187, 25.687912, 0.0)
(28.500795, 25.648336, 0.0)
(28.475580, 25.684607, 0.0)
(28.474264, 25.698639, 0.0)
(28.461193, 25.701031, 0.0)
(28.475416, 25.688076, 0.0)
(28.490646, 25.687891, 0.0)
(28.471964, 25.694845, 0.0)
(28.473467, 25.710880, 0.0)
(28.492569, 25.707418, 0.0)
(28.489458, 25.681320, 0.0)
(28.478827, 25.701118, 0.0)
(28.469543, 25.717550, 0.0)
(28.457014, 25.737082, 0.0)
(28.459009, 25.733187, 0.0)
(28.469324, 25.729824, 0.0)
(28.474789, 25.764824, 0.0)
(28.490686, 25.820444, 0.0)
(28.486168, 25.833792, 0.0)
(28.466272, 25.848064, 0.0)
(28.468847, 25.784754, 0.0)
(28.472143, 25.772837, 0.0)
(28.474237, 25.771164, 0.0)
(28.481579, 25.775229, 0.0)
(28.480335, 25.775389, 0.0)
(28.463593, 25.787441, 0.0)
(28.496273, 25.763828, 0.0)
(28.498835, 25.769180, 0.0)
(28.500612, 25.785217, 0.0)
(28.502714, 25.760160, 0.0)
(28.865679, 25.631102, 0.0)
(33.838558, 23.669115, 0.0)
(38.318211, 22.785465, 0.0)
(40.861736, 22.205444, 0.0)
(41.578510, 21.947521, 0.0)
(41.543102, 21.897692, 0.0)
(41.520092, 21.916225, 0.0)
(41.599339, 21.928614, 0.0)
(41.627544, 21.944481, 0.0)
(41.617226, 21.923944, 0.0)
(42.022633, 22.274952, 0.0)
(42.054539, 22.334841, 0.0)
(42.033783, 22.348856, 0.0)
(42.036102, 22.408684, 0.0)
(42.029922, 22.410210, 0.0)
(42.019741, 22.385231, 0.0)
(42.017071, 22.363039, 0.0)
(42.006527, 22.366610, 0.0)
(42.031578, 22.348883, 0.0)
(42.023758, 22.358576, 0.0)
(41.990269, 22.375263, 0.0)
(41.991203, 22.355022, 0.0)
(42.002117, 22.336290, 0.0)
(41.990948, 22.309048, 0.0)
(41.981216, 22.328117, 0.0)
(41.983730, 22.370327, 0.0)
(42.002129, 22.402542, 0.0)
(42.002716, 22.402956, 0.0)
(42.000557, 22.391088, 0.0)
(42.004704, 22.367744, 0.0)
(41.997959, 22.367489, 0.0)
(42.003326, 22.408852, 0.0)
(41.995033, 22.429672, 0.0)
(42.016895, 22.486679, 0.0)
(41.994488, 22.499140, 0.0)
(41.989708, 22.485985, 0.0)
(41.969532, 22.436064, 0.0)
(41.967819, 22.411642, 0.0)
(38.521751, 20.255890, 0.0)
(37.422215, 19.630959, 0.0)
(37.425064, 19.615030, 0.0)
(37.454674, 19.588743, 0.0)
(37.430161, 19.592413, 0.0)
(37.215843, 19.487307, 0.0)
(36.771362, 18.856720, 0.0)
(36.690857, 18.747730, 0.0)
(36.570255, 18.286898, 0.0)
(36.243057, 18.613132, 0.0)
(0.000000, 0.000000, 1.0)
(36.003887, 17.535738, 0.0)
(35.972042, 17.259327, 0.0)
(35.945850, 17.302980, 0.0)
(35.906025, 17.410170, 0.0)
(35.892673, 17.446306, 0.0)
(35.860889, 17.452957, 0.0)
(35.874401, 17.473700, 0.0)
(35.757549, 17.507406, 0.0)
(35.758682, 17.624691, 0.0)
(35.716465, 17.628632, 0.0)
(35.705151, 17.615612, 0.0)
(35.704784, 17.608562, 0.0)
(35.699158, 17.590450, 0.0)
(35.743900, 17.582676, 0.0)
(35.746086, 17.649754, 0.0)
(35.745808, 17.672779, 0.0)
(35.747280, 17.680098, 0.0)
(35.750355, 17.667187, 0.0)
(35.772507, 17.614609, 0.0)
(35.759956, 17.624208, 0.0)
(35.746819, 17.646486, 0.0)
(35.740284, 17.669113, 0.0)
(35.746292, 17.718472, 0.0)
(35.775738, 17.711887, 0.0)
(35.781342, 17.685873, 0.0)
(35.796982, 17.680817, 0.0)
(35.782738, 17.654154, 0.0)
(34.945244, 17.718130, 0.0)
(33.262444, 20.705357, 0.0)
(31.769836, 22.559441, 0.0)
(31.037176, 22.530418, 0.0)
(30.856045, 22.204811, 0.0)
(30.873970, 22.016172, 0.0)
(30.855947, 22.065767, 0.0)
(30.828016, 22.103354, 0.0)
(30.805601, 22.125216, 0.0)
(30.767506, 22.135780, 0.0)
(30.426270, 23.630770, 0.0)
(30.382959, 24.373104, 0.0)
(30.379892, 24.353569, 0.0)
(30.360067, 24.274534, 0.0)
(30.353285, 24.241299, 0.0)
(30.352230, 24.223289, 0.0)
(30.328081, 24.218616, 0.0)
(30.305225, 24.214317, 0.0)
(30.301777, 24.195620, 0.0)
(30.280977, 24.194225, 0.0)
(30.279196, 24.181076, 0.0)
(30.284128, 24.175940, 0.0)
(30.301962, 24.159285, 0.0)
(30.296362, 24.174572, 0.0)
(30.278814, 24.212244, 0.0)
(30.268291, 24.225618, 0.0)
(30.286766, 24.205854, 0.0)
(30.308603, 24.160175, 0.0)
(30.303278, 24.171602, 0.0)
(30.323196, 24.211906, 0.0)
(30.330851, 24.263355, 0.0)
(30.310583, 24.294744, 0.0)
(30.313440, 24.287712, 0.0)
(30.319813, 24.256960, 0.0)
(30.324415, 24.247728, 0.0)
(30.319107, 24.289015, 0.0)
(30.355593, 24.312750, 0.0)
(35.380081, 22.928122, 0.0)
(37.452873, 22.514257, 0.0)
(37.397236, 22.607183, 0.0)
(37.341621, 22.572701, 0.0)
(37.294666, 22.570995, 0.0)
(37.273357, 22.569231, 0.0)
(37.268330, 22.564568, 0.0)
(37.284676, 22.582630, 0.0)
(37.779045, 22.647020, 0.0)
(37.826702, 22.663460, 0.0)
(37.788776, 22.659189, 0.0)
(37.787544, 22.631134, 0.0)
(37.795918, 22.609215, 0.0)
(37.797562, 22.600801, 0.0)
(37.802402, 22.613018, 0.0)
(37.817078, 22.619894, 0.0)
(37.818115, 22.602640, 0.0)
(37.804741, 22.567009, 0.0)
(37.807949, 22.549496, 0.0)
(37.807949, 22.549496, 0.0)
(37.814251, 22.566486, 0.0)
(37.807701, 22.606325, 0.0)
(37.817307, 22.655783, 0.0)
(37.801670, 22.632124, 0.0)
(37.798843, 22.611124, 0.0)
(37.768612, 22.560875, 0.0)
(37.765320, 22.556250, 0.0)
(37.769524, 22.547876, 0.0)
(37.792625, 22.543844, 0.0)
(37.776524, 22.565027, 0.0)
(37.762791, 22.597900, 0.0)
(37.757545, 22.603224, 0.0)
(37.761093, 22.555433, 0.0)
(37.761688, 22.459225, 0.0)
(37.765087, 22.451077, 0.0)
(37.768856, 22.497974, 0.0)
(37.776703, 22.503372, 0.0)
(37.780403, 22.546600, 0.0)
(38.338478, 22.367239, 0.0)
(40.988625, 20.828707, 0.0)
(42.372307, 20.458567, 0.0)
(42.456326, 20.562679, 0.0)
(42.400814, 20.680105, 0.0)
(42.385674, 20.708399, 0.0)
(42.805813, 21.009563, 0.0)
(42.906376, 21.118158, 0.0)
(42.890934, 21.075701, 0.0)
(42.888264, 21.047668, 0.0)
(42.889469, 20.990009, 0.0)
(42.908585, 20.975441, 0.0)
(42.918083, 20.961296, 0.0)
(42.880077, 20.979380, 0.0)
(42.874805, 20.999910, 0.0)
(42.897758, 20.967789, 0.0)
(42.884506, 20.909189, 0.0)
(42.892620, 20.888193, 0.0)
(42.906940, 20.895727, 0.0)
(42.913296, 20.928614, 0.0)
(42.906429, 20.946932, 0.0)
(42.920216, 20.968622, 0.0)
(42.915592, 20.931231, 0.0)
(42.907932, 20.927664, 0.0)
(42.901661, 20.923594, 0.0)
(42.892265, 20.918413, 0.0)
(42.537361, 20.764622, 0.0)
(41.843998, 20.554827, 0.0)
(41.808567, 20.532042, 0.0)
(41.786285, 20.485741, 0.0)
(41.793926, 20.495726, 0.0)
(41.793926, 20.495726, 0.0)
(41.791405, 20.501793, 0.0)
(41.779484, 20.487350, 0.0)
(41.753948, 20.568382, 0.0)
(41.757046, 20.574917, 0.0)
(41.742527, 20.523792, 0.0)
(41.710983, 20.523434, 0.0)
(39.525906, 21.259014, 0.0)
(34.486519, 23.375534, 0.0)
(30.576416, 25.440615, 0.0)
(28.301064, 27.662910, 0.0)
(27.405724, 28.716692, 0.0)
(27.392197, 28.689764, 0.0)
(27.402884, 28.542006, 0.0)
(27.353338, 28.510887, 0.0)
(27.331198, 28.482616, 0.0)
(27.320898, 28.455194, 0.0)
(27.332058, 28.414007, 0.0)
(27.323044, 28.367962, 0.0)
(27.315165, 28.310827, 0.0)
(27.318485, 28.290663, 0.0)
(27.312225, 28.274015, 0.0)
(27.287268, 28.275198, 0.0)
(27.290262, 28.270601, 0.0)
(27.273319, 28.245386, 0.0)
(27.290512, 28.207510, 0.0)
(27.305641, 28.223602, 0.0)
(27.307138, 28.244694, 0.0)
(27.328062, 28.222218, 0.0)
(27.339182, 28.213760, 0.0)
(27.329876, 28.167334, 0.0)
(27.314289, 28.177778, 0.0)
(27.344524, 28.176960, 0.0)
(27.340763, 28.158409, 0.0)
(27.320080, 28.157282, 0.0)
(27.326006, 28.148212, 0.0)
(27.322224, 28.141668, 0.0)
(27.322224, 28.141668, 0.0)
(27.336380, 28.094803, 0.0)
(27.335962, 28.027893, 0.0)
(27.330788, 27.903337, 0.0)
(27.325415, 27.882046, 0.0)
(27.316298, 27.889864, 0.0)
(27.318228, 27.875849, 0.0)
(30.275629, 27.030674, 0.0)
(35.838200, 25.486025, 0.0)
(36.845917, 25.415113, 0.0)
(36.872726, 25.449617, 0.0)
(36.793613, 25.382488, 0.0)
(37.677078, 25.183023, 0.0)
(38.725712, 26.277458, 0.0)
(38.020046, 25.308687, 0.0)
(37.880577, 24.865177, 0.0)
(37.920860, 24.754942, 0.0)
(37.995293, 24.749815, 0.0)
(38.024677, 24.755013, 0.0)
(38.046787, 24.748730, 0.0)
(38.061378, 24.774902, 0.0)
(38.042171, 24.819199, 0.0)
(38.048187, 24.829142, 0.0)
(38.066154, 24.864103, 0.0)
(38.117630, 24.857645, 0.0)
(38.115425, 24.911375, 0.0)
(38.104252, 24.922873, 0.0)
(38.092781, 24.976301, 0.0)
(38.112667, 24.973551, 0.0)
(38.142139, 24.950729, 0.0)
(38.140713, 24.985712, 0.0)
(38.143772, 24.978006, 0.0)
(38.145149, 24.966837, 0.0)
(38.150852, 24.947050, 0.0)
(38.140419, 24.982828, 0.0)
(38.154228, 25.045603, 0.0)
(38.153912, 25.052349, 0.0)
(38.151634, 25.052900, 0.0)
(38.150703, 25.047527, 0.0)
(38.140583, 25.067358, 0.0)
(40.093040, 27.484322, 0.0)
(40.797752, 28.296740, 0.0)
(40.808090, 28.237440, 0.0)
(40.758392, 28.149353, 0.0)
(40.737465, 28.159836, 0.0)
(40.739063, 28.210873, 0.0)
(40.737129, 28.255798, 0.0)
(40.726795, 28.266533, 0.0)
(40.733696, 28.276621, 0.0)
(41.764256, 29.280287, 0.0)
(41.845043, 29.305939, 0.0)
(41.795853, 29.273907, 0.0)
(41.765556, 29.288059, 0.0)
(41.764030, 29.278925, 0.0)
(41.776791, 29.311102, 0.0)
(41.773819, 29.331505, 0.0)
(41.769249, 29.321451, 0.0)
(41.783630, 29.296707, 0.0)
(41.786724, 29.296453, 0.0)
(41.782028, 29.305796, 0.0)
(41.754116, 29.282850, 0.0)
(41.749462, 29.272562, 0.0)
(41.772938, 29.235748, 0.0)
(41.673290, 29.158985, 0.0)
(40.207432, 27.695410, 0.0)
(35.460190, 23.465002, 0.0)
(35.367462, 22.887461, 0.0)
(35.399696, 22.614100, 0.0)
(35.409698, 22.478361, 0.0)
(35.405884, 22.298582, 0.0)
(35.416183, 22.204466, 0.0)
(35.426949, 22.152882, 0.0)
(35.481552, 22.043461, 0.0)
(35.499123, 21.916660, 0.0)
(35.528412, 21.877615, 0.0)
(35.546715, 21.811697, 0.0)
(35.589199, 21.788458, 0.0)
(35.643681, 21.777153, 0.0)
(35.720013, 21.821539, 0.0)
(35.714703, 21.844299, 0.0)
(35.726654, 21.832775, 0.0)
(35.743271, 22.239958, 0.0)
