{
  "prompt": "black pupil.",
  "gsam2_centers": [
    {
      "valid": true,
      "cx": 106.54,
      "cy": 149.23,
      "area": 848,
      "det_score": 0.3568,
      "sam_score": 0.9688,
      "box": [
        91.5,
        130.9,
        123.0,
        167.9
      ],
      "repeats": [
        [
          106.54,
          149.21
        ],
        [
          106.54,
          149.25
        ],
        [
          106.54,
          149.19
        ],
        [
          106.61,
          149.17
        ],
        [
          107.77000000000001,
          149.12
        ]
      ],
      "idx": 1605,
      "mislabel": false,
      "mislabel_reason": "ok",
      "e_unet": 0.83
    },
    {
      "valid": true,
      "cx": 106.51,
      "cy": 149.31,
      "area": 853,
      "det_score": 0.3719,
      "sam_score": 0.9683,
      "box": [
        91.5,
        131.0,
        123.0,
        168.0
      ],
      "repeats": [
        [
          106.48,
          149.27
        ],
        [
          106.53,
          149.32
        ],
        [
          106.52,
          149.29
        ],
        [
          106.58,
          149.25
        ],
        [
          107.77000000000001,
          149.18
        ]
      ],
      "idx": 1606,
      "mislabel": false,
      "mislabel_reason": "ok",
      "e_unet": 0.86
    },
    {
      "valid": true,
      "cx": 106.47,
      "cy": 149.27,
      "area": 851,
      "det_score": 0.3708,
      "sam_score": 0.9692,
      "box": [
        91.4,
        131.0,
        122.9,
        167.9
      ],
      "repeats": [
        [
          106.47,
          149.27
        ],
        [
          106.46,
          149.3
        ],
        [
          106.46,
          149.21
        ],
        [
          106.53,
          149.23
        ],
        [
          107.69999999999999,
          149.13
        ]
      ],
      "idx": 1607,
      "mislabel": false,
      "mislabel_reason": "ok",
      "e_unet": 0.83
    },
    {
      "valid": true,
      "cx": 106.48,
      "cy": 149.3,
      "area": 856,
      "det_score": 0.3685,
      "sam_score": 0.969,
      "box": [
        91.3,
        130.9,
        122.9,
        168.1
      ],
      "repeats": [
        [
          106.46,
          149.28
        ],
        [
          106.49,
          149.34
        ],
        [
          106.46,
          149.27
        ],
        [
          106.57,
          149.22
        ],
        [
          107.68,
          149.19
        ]
      ],
      "idx": 1608,
      "mislabel": false,
      "mislabel_reason": "ok",
      "e_unet": 0.85
    },
    {
      "valid": true,
      "cx": 106.51,
      "cy": 149.36,
      "area": 857,
      "det_score": 0.3702,
      "sam_score": 0.969,
      "box": [
        91.3,
        130.9,
        122.9,
        168.2
      ],
      "repeats": [
        [
          106.44,
          149.33
        ],
        [
          106.52,
          149.38
        ],
        [
          106.49,
          149.32
        ],
        [
          106.53,
          149.34
        ],
        [
          107.69,
          149.27
        ]
      ],
      "idx": 1609,
      "mislabel": false,
      "mislabel_reason": "ok",
      "e_unet": 0.9
    },
    {
      "valid": true,
      "cx": 106.49,
      "cy": 149.46,
      "area": 864,
      "det_score": 0.3941,
      "sam_score": 0.9679,
      "box": [
        91.3,
        131.1,
        123.0,
        168.4
      ],
      "repeats": [
        [
          106.44,
          149.44
        ],
        [
          106.51,
          149.46
        ],
        [
          106.5,
          149.44
        ],
        [
          106.51,
          149.42
        ],
        [
          107.65,
          149.41
        ]
      ],
      "idx": 1610,
      "mislabel": false,
      "mislabel_reason": "ok",
      "e_unet": 0.88
    },
    {
      "valid": true,
      "cx": 106.52,
      "cy": 149.54,
      "area": 862,
      "det_score": 0.3826,
      "sam_score": 0.9685,
      "box": [
        91.3,
        131.3,
        123.1,
        168.6
      ],
      "repeats": [
        [
          106.51,
          149.53
        ],
        [
          106.51,
          149.57
        ],
        [
          106.53,
          149.54
        ],
        [
          106.53,
          149.49
        ],
        [
          107.69,
          149.57
        ]
      ],
      "idx": 1611,
      "mislabel": false,
      "mislabel_reason": "ok",
      "e_unet": 0.83
    },
    {
      "valid": true,
      "cx": 106.59,
      "cy": 149.44,
      "area": 863,
      "det_score": 0.3958,
      "sam_score": 0.9685,
      "box": [
        91.3,
        131.1,
        123.2,
        168.5
      ],
      "repeats": [
        [
          106.55,
          149.44
        ],
        [
          106.61,
          149.49
        ],
        [
          106.61,
          149.46
        ],
        [
          106.63,
          149.37
        ],
        [
          107.80000000000001,
          149.39
        ]
      ],
      "idx": 1612,
      "mislabel": false,
      "mislabel_reason": "ok",
      "e_unet": 0.81
    },
    {
      "valid": true,
      "cx": 106.62,
      "cy": 149.3,
      "area": 865,
      "det_score": 0.4002,
      "sam_score": 0.969,
      "box": [
        91.3,
        130.9,
        123.3,
        168.5
      ],
      "repeats": [
        [
          106.58,
          149.33
        ],
        [
          106.61,
          149.33
        ],
        [
          106.61,
          149.32
        ],
        [
          106.66,
          149.26
        ],
        [
          107.78,
          149.31
        ]
      ],
      "idx": 1613,
      "mislabel": false,
      "mislabel_reason": "ok",
      "e_unet": 0.81
    },
    {
      "valid": true,
      "cx": 117.34,
      "cy": 140.4,
      "area": 907,
      "det_score": 0.404,
      "sam_score": 0.9709,
      "box": [
        100.5,
        122.4,
        135.1,
        159.4
      ],
      "repeats": [
        [
          117.31,
          140.35
        ],
        [
          117.36,
          140.39
        ],
        [
          117.37,
          140.36
        ],
        [
          117.42,
          140.33
        ],
        [
          118.47,
          140.35
        ]
      ],
      "idx": 1614,
      "mislabel": false,
      "mislabel_reason": "ok",
      "e_unet": 1.07
    },
    {
      "valid": true,
      "cx": 127.22,
      "cy": 126.24,
      "area": 848,
      "det_score": 0.3735,
      "sam_score": 0.9682,
      "box": [
        109.7,
        109.9,
        145.6,
        143.2
      ],
      "repeats": [
        [
          127.13,
          126.18
        ],
        [
          127.24,
          126.3
        ],
        [
          127.23,
          126.2
        ],
        [
          127.24,
          126.17
        ],
        [
          128.23,
          126.28
        ]
      ],
      "idx": 1615,
      "mislabel": false,
      "mislabel_reason": "ok",
      "e_unet": 1.01
    }
  ]
}