{
  "prompt": "black pupil.",
  "gsam2_centers": [
    {
      "valid": true,
      "cx": 143.48000000000002,
      "cy": 112.95,
      "area": 593,
      "det_score": 0.3856,
      "sam_score": 0.9514,
      "box": [
        128.8,
        96.6,
        158.7,
        129.2
      ],
      "repeats": [
        [
          143.04000000000002,
          112.4
        ],
        [
          143.76999999999998,
          112.73
        ],
        [
          143.76,
          112.74
        ],
        [
          143.8,
          112.41
        ],
        [
          144.56,
          112.58
        ]
      ],
      "idx": 1405,
      "mislabel": false,
      "mislabel_reason": "ok",
      "e_unet": 5.69
    },
    {
      "valid": true,
      "cx": 143.32999999999998,
      "cy": 112.5,
      "area": 589,
      "det_score": 0.3928,
      "sam_score": 0.9521,
      "box": [
        129.0,
        96.6,
        158.8,
        129.4
      ],
      "repeats": [
        [
          143.11,
          112.34
        ],
        [
          143.39,
          112.53
        ],
        [
          143.7,
          112.59
        ],
        [
          143.75,
          112.44
        ],
        [
          144.62,
          112.52
        ]
      ],
      "idx": 1406,
      "mislabel": false,
      "mislabel_reason": "ok",
      "e_unet": 5.26
    },
    {
      "valid": true,
      "cx": 143.61,
      "cy": 112.49,
      "area": 588,
      "det_score": 0.4017,
      "sam_score": 0.9515,
      "box": [
        129.1,
        96.7,
        158.6,
        129.0
      ],
      "repeats": [
        [
          143.07999999999998,
          112.12
        ],
        [
          143.7,
          112.56
        ],
        [
          143.68,
          112.45
        ],
        [
          143.73000000000002,
          112.36
        ],
        [
          144.61,
          112.41
        ]
      ],
      "idx": 1407,
      "mislabel": false,
      "mislabel_reason": "ok",
      "e_unet": 5.59
    },
    {
      "valid": true,
      "cx": 143.32,
      "cy": 112.42,
      "area": 579,
      "det_score": 0.4193,
      "sam_score": 0.9528,
      "box": [
        129.2,
        96.7,
        158.6,
        128.8
      ],
      "repeats": [
        [
          143.17000000000002,
          112.21
        ],
        [
          143.59,
          112.55
        ],
        [
          143.62,
          112.34
        ],
        [
          144.03,
          112.12
        ],
        [
          144.71,
          112.31
        ]
      ],
      "idx": 1408,
      "mislabel": false,
      "mislabel_reason": "ok",
      "e_unet": 5.84
    },
    {
      "valid": true,
      "cx": 143.61,
      "cy": 112.48,
      "area": 582,
      "det_score": 0.4024,
      "sam_score": 0.9518,
      "box": [
        129.3,
        96.7,
        158.7,
        128.8
      ],
      "repeats": [
        [
          143.5,
          112.12
        ],
        [
          144.01,
          112.65
        ],
        [
          143.88,
          112.31
        ],
        [
          144.32999999999998,
          112.14
        ],
        [
          144.66,
          112.37
        ]
      ],
      "idx": 1409,
      "mislabel": false,
      "mislabel_reason": "ok",
      "e_unet": 5.58
    },
    {
      "valid": true,
      "cx": 143.68,
      "cy": 112.35,
      "area": 570,
      "det_score": 0.3978,
      "sam_score": 0.9544,
      "box": [
        129.4,
        96.8,
        158.7,
        128.8
      ],
      "repeats": [
        [
          143.41,
          112.25
        ],
        [
          143.70999999999998,
          112.39
        ],
        [
          143.7,
          112.34
        ],
        [
          143.82999999999998,
          112.11
        ],
        [
          144.65,
          112.35
        ]
      ],
      "idx": 1410,
      "mislabel": false,
      "mislabel_reason": "ok",
      "e_unet": 5.12
    },
    {
      "valid": true,
      "cx": 143.94,
      "cy": 112.22,
      "area": 579,
      "det_score": 0.4061,
      "sam_score": 0.9551,
      "box": [
        129.6,
        96.6,
        159.0,
        128.5
      ],
      "repeats": [
        [
          143.87,
          112.04
        ],
        [
          143.95999999999998,
          112.28
        ],
        [
          143.93,
          112.27
        ],
        [
          143.99,
          112.1
        ],
        [
          144.9,
          112.17
        ]
      ],
      "idx": 1411,
      "mislabel": false,
      "mislabel_reason": "ok",
      "e_unet": 5.53
    },
    {
      "valid": true,
      "cx": 143.9,
      "cy": 112.18,
      "area": 580,
      "det_score": 0.4013,
      "sam_score": 0.9529,
      "box": [
        129.6,
        96.4,
        159.1,
        128.1
      ],
      "repeats": [
        [
          144.04000000000002,
          111.83
        ],
        [
          144.14,
          112.12
        ],
        [
          144.2,
          111.93
        ],
        [
          144.24,
          111.86
        ],
        [
          145.25,
          111.94
        ]
      ],
      "idx": 1412,
      "mislabel": false,
      "mislabel_reason": "ok",
      "e_unet": 5.08
    },
    {
      "valid": true,
      "cx": 144.05,
      "cy": 112.07,
      "area": 580,
      "det_score": 0.4209,
      "sam_score": 0.9538,
      "box": [
        129.8,
        96.0,
        159.4,
        127.9
      ],
      "repeats": [
        [
          144.35,
          111.56
        ],
        [
          144.32,
          111.88
        ],
        [
          144.45,
          111.66
        ],
        [
          144.57,
          111.55
        ],
        [
          145.34,
          111.76
        ]
      ],
      "idx": 1413,
      "mislabel": false,
      "mislabel_reason": "ok",
      "e_unet": 5.1
    },
    {
      "valid": true,
      "cx": 144.20999999999998,
      "cy": 111.9,
      "area": 573,
      "det_score": 0.4471,
      "sam_score": 0.9542,
      "box": [
        130.1,
        95.9,
        159.7,
        127.7
      ],
      "repeats": [
        [
          144.57999999999998,
          111.35
        ],
        [
          144.54000000000002,
          111.65
        ],
        [
          144.59,
          111.57
        ],
        [
          144.76,
          111.33
        ],
        [
          145.71,
          111.58
        ]
      ],
      "idx": 1414,
      "mislabel": false,
      "mislabel_reason": "ok",
      "e_unet": 5.4
    },
    {
      "valid": true,
      "cx": 144.43,
      "cy": 111.95,
      "area": 584,
      "det_score": 0.4309,
      "sam_score": 0.9555,
      "box": [
        130.3,
        95.9,
        160.1,
        127.6
      ],
      "repeats": [
        [
          144.87,
          111.45
        ],
        [
          144.84,
          111.59
        ],
        [
          144.9,
          111.55
        ],
        [
          144.9,
          111.35
        ],
        [
          145.96,
          111.53
        ]
      ],
      "idx": 1415,
      "mislabel": false,
      "mislabel_reason": "ok",
      "e_unet": 5.27
    }
  ]
}