{
  "prompt": "black pupil.",
  "gsam2_centers": [
    {
      "valid": true,
      "cx": 101.39,
      "cy": 96.95,
      "area": 325,
      "det_score": 0.3585,
      "sam_score": 0.9402,
      "box": [
        92.8,
        84.8,
        111.3,
        110.0
      ],
      "repeats": [
        [
          101.27,
          96.83
        ],
        [
          101.39,
          97.24
        ],
        [
          101.28,
          97.01
        ],
        [
          101.53,
          96.69
        ],
        [
          102.24000000000001,
          97.12
        ]
      ],
      "idx": 907,
      "mislabel": false,
      "mislabel_reason": "ok",
      "e_unet": 1.14
    },
    {
      "valid": true,
      "cx": 102.05,
      "cy": 96.59,
      "area": 323,
      "det_score": 0.3889,
      "sam_score": 0.9437,
      "box": [
        93.4,
        84.3,
        111.9,
        109.3
      ],
      "repeats": [
        [
          101.97,
          96.33
        ],
        [
          102.04,
          96.69
        ],
        [
          102.08,
          96.49
        ],
        [
          102.2,
          96.25
        ],
        [
          103.09,
          96.59
        ]
      ],
      "idx": 908,
      "mislabel": false,
      "mislabel_reason": "ok",
      "e_unet": 1.48
    },
    {
      "valid": true,
      "cx": 104.19,
      "cy": 95.7,
      "area": 345,
      "det_score": 0.4258,
      "sam_score": 0.9466,
      "box": [
        94.8,
        83.6,
        114.6,
        108.4
      ],
      "repeats": [
        [
          104.2,
          95.47
        ],
        [
          104.16,
          95.92
        ],
        [
          104.24,
          95.71
        ],
        [
          104.39,
          95.35
        ],
        [
          105.34,
          95.64
        ]
      ],
      "idx": 909,
      "mislabel": false,
      "mislabel_reason": "ok",
      "e_unet": 1.23
    },
    {
      "valid": true,
      "cx": 109.91,
      "cy": 93.49,
      "area": 370,
      "det_score": 0.4064,
      "sam_score": 0.9529,
      "box": [
        100.0,
        80.9,
        120.6,
        106.1
      ],
      "repeats": [
        [
          109.83,
          93.31
        ],
        [
          110.01,
          93.88
        ],
        [
          109.94,
          93.4
        ],
        [
          110.15,
          93.27
        ],
        [
          110.94999999999999,
          93.48
        ]
      ],
      "idx": 910,
      "mislabel": false,
      "mislabel_reason": "ok",
      "e_unet": 1.5
    },
    {
      "valid": true,
      "cx": 110.52,
      "cy": 93.3,
      "area": 368,
      "det_score": 0.4177,
      "sam_score": 0.9539,
      "box": [
        100.7,
        80.6,
        121.3,
        105.8
      ],
      "repeats": [
        [
          110.54,
          93.19
        ],
        [
          110.56,
          93.37
        ],
        [
          110.57,
          93.14
        ],
        [
          110.63,
          93.06
        ],
        [
          111.62,
          93.25
        ]
      ],
      "idx": 911,
      "mislabel": false,
      "mislabel_reason": "ok",
      "e_unet": 1.46
    },
    {
      "valid": true,
      "cx": 111.55,
      "cy": 92.87,
      "area": 371,
      "det_score": 0.4235,
      "sam_score": 0.9551,
      "box": [
        101.5,
        80.1,
        122.6,
        105.5
      ],
      "repeats": [
        [
          111.48,
          92.78
        ],
        [
          111.59,
          92.89
        ],
        [
          111.6,
          92.68
        ],
        [
          111.72,
          92.61
        ],
        [
          112.71000000000001,
          92.95
        ]
      ],
      "idx": 912,
      "mislabel": false,
      "mislabel_reason": "ok",
      "e_unet": 1.53
    },
    {
      "valid": true,
      "cx": 112.6,
      "cy": 92.28,
      "area": 378,
      "det_score": 0.4098,
      "sam_score": 0.9513,
      "box": [
        102.2,
        79.9,
        123.9,
        105.2
      ],
      "repeats": [
        [
          112.58,
          92.16
        ],
        [
          112.65,
          92.32
        ],
        [
          112.63,
          92.29
        ],
        [
          113.1,
          91.89
        ],
        [
          113.72,
          92.38
        ]
      ],
      "idx": 913,
      "mislabel": false,
      "mislabel_reason": "ok",
      "e_unet": 1.38
    }
  ]
}