{
  "prompt": "black pupil.",
  "gsam2_centers": [
    {
      "valid": true,
      "cx": 136.55,
      "cy": 161.07,
      "area": 1093,
      "det_score": 0.4245,
      "sam_score": 0.9722,
      "box": [
        119.8,
        138.1,
        154.6,
        183.4
      ],
      "repeats": [
        [
          136.54000000000002,
          161.04
        ],
        [
          136.56,
          161.14
        ],
        [
          136.57,
          161.09
        ],
        [
          136.59,
          161.01
        ],
        [
          137.69,
          161.09
        ]
      ],
      "idx": 2505,
      "mislabel": false,
      "mislabel_reason": "ok",
      "e_unet": 1.49
    },
    {
      "valid": true,
      "cx": 136.68,
      "cy": 161.09,
      "area": 1096,
      "det_score": 0.392,
      "sam_score": 0.9722,
      "box": [
        120.0,
        138.3,
        154.6,
        183.4
      ],
      "repeats": [
        [
          136.64,
          161.01
        ],
        [
          136.67000000000002,
          161.14
        ],
        [
          136.67000000000002,
          161.04
        ],
        [
          136.67000000000002,
          161.07
        ],
        [
          137.84,
          161.15
        ]
      ],
      "idx": 2506,
      "mislabel": false,
      "mislabel_reason": "ok",
      "e_unet": 1.54
    },
    {
      "valid": true,
      "cx": 136.73000000000002,
      "cy": 161.19,
      "area": 1097,
      "det_score": 0.377,
      "sam_score": 0.9721,
      "box": [
        120.0,
        138.3,
        154.7,
        183.7
      ],
      "repeats": [
        [
          136.70999999999998,
          161.18
        ],
        [
          136.74,
          161.26
        ],
        [
          136.74,
          161.24
        ],
        [
          136.76,
          161.11
        ],
        [
          137.86,
          161.21
        ]
      ],
      "idx": 2507,
      "mislabel": false,
      "mislabel_reason": "ok",
      "e_unet": 1.5
    },
    {
      "valid": true,
      "cx": 136.79000000000002,
      "cy": 161.25,
      "area": 1098,
      "det_score": 0.4111,
      "sam_score": 0.9728,
      "box": [
        120.2,
        138.3,
        154.9,
        183.6
      ],
      "repeats": [
        [
          136.82999999999998,
          161.22
        ],
        [
          136.81,
          161.34
        ],
        [
          136.82999999999998,
          161.28
        ],
        [
          136.85,
          161.16
        ],
        [
          138.02,
          161.35
        ]
      ],
      "idx": 2508,
      "mislabel": false,
      "mislabel_reason": "ok",
      "e_unet": 1.44
    },
    {
      "valid": true,
      "cx": 136.98000000000002,
      "cy": 161.47,
      "area": 1096,
      "det_score": 0.4053,
      "sam_score": 0.9726,
      "box": [
        120.4,
        138.6,
        154.9,
        183.8
      ],
      "repeats": [
        [
          137.0,
          161.42
        ],
        [
          136.99,
          161.5
        ],
        [
          137.01,
          161.45
        ],
        [
          137.04000000000002,
          161.38
        ],
        [
          138.12,
          161.51
        ]
      ],
      "idx": 2509,
      "mislabel": false,
      "mislabel_reason": "ok",
      "e_unet": 1.61
    },
    {
      "valid": true,
      "cx": 137.0,
      "cy": 161.51,
      "area": 1104,
      "det_score": 0.3845,
      "sam_score": 0.9721,
      "box": [
        120.3,
        138.5,
        155.1,
        184.0
      ],
      "repeats": [
        [
          137.01999999999998,
          161.45
        ],
        [
          137.03,
          161.56
        ],
        [
          137.05,
          161.49
        ],
        [
          137.1,
          161.38
        ],
        [
          138.22,
          161.57
        ]
      ],
      "idx": 2510,
      "mislabel": false,
      "mislabel_reason": "ok",
      "e_unet": 1.62
    },
    {
      "valid": true,
      "cx": 137.1,
      "cy": 161.55,
      "area": 1110,
      "det_score": 0.4073,
      "sam_score": 0.9721,
      "box": [
        120.4,
        138.5,
        155.2,
        184.1
      ],
      "repeats": [
        [
          137.11,
          161.49
        ],
        [
          137.12,
          161.55
        ],
        [
          137.12,
          161.49
        ],
        [
          137.14,
          161.41
        ],
        [
          138.27,
          161.6
        ]
      ],
      "idx": 2511,
      "mislabel": false,
      "mislabel_reason": "ok",
      "e_unet": 1.66
    },
    {
      "valid": true,
      "cx": 137.22,
      "cy": 161.62,
      "area": 1116,
      "det_score": 0.3932,
      "sam_score": 0.9717,
      "box": [
        120.4,
        138.4,
        155.3,
        184.2
      ],
      "repeats": [
        [
          137.20999999999998,
          161.56
        ],
        [
          137.26,
          161.63
        ],
        [
          137.24,
          161.58
        ],
        [
          137.28,
          161.48
        ],
        [
          138.39,
          161.71
        ]
      ],
      "idx": 2512,
      "mislabel": false,
      "mislabel_reason": "ok",
      "e_unet": 1.65
    },
    {
      "valid": true,
      "cx": 137.38,
      "cy": 161.51,
      "area": 1114,
      "det_score": 0.3855,
      "sam_score": 0.9721,
      "box": [
        120.6,
        138.3,
        155.5,
        184.2
      ],
      "repeats": [
        [
          137.38,
          161.53
        ],
        [
          137.45,
          161.68
        ],
        [
          137.45,
          161.6
        ],
        [
          137.44,
          161.48
        ],
        [
          138.54,
          161.59
        ]
      ],
      "idx": 2513,
      "mislabel": false,
      "mislabel_reason": "ok",
      "e_unet": 1.5
    },
    {
      "valid": true,
      "cx": 137.32999999999998,
      "cy": 161.55,
      "area": 1117,
      "det_score": 0.3853,
      "sam_score": 0.972,
      "box": [
        120.6,
        138.4,
        155.5,
        184.3
      ],
      "repeats": [
        [
          137.31,
          161.51
        ],
        [
          137.38,
          161.63
        ],
        [
          137.37,
          161.57
        ],
        [
          137.41,
          161.48
        ],
        [
          138.5,
          161.6
        ]
      ],
      "idx": 2514,
      "mislabel": false,
      "mislabel_reason": "ok",
      "e_unet": 1.53
    },
    {
      "valid": true,
      "cx": 137.29000000000002,
      "cy": 161.62,
      "area": 1116,
      "det_score": 0.3825,
      "sam_score": 0.972,
      "box": [
        120.5,
        138.5,
        155.4,
        184.3
      ],
      "repeats": [
        [
          137.26999999999998,
          161.54
        ],
        [
          137.31,
          161.64
        ],
        [
          137.31,
          161.62
        ],
        [
          137.35,
          161.52
        ],
        [
          138.48,
          161.69
        ]
      ],
      "idx": 2515,
      "mislabel": false,
      "mislabel_reason": "ok",
      "e_unet": 1.57
    }
  ]
}