{
  "prompt": "black pupil.",
  "gsam2_centers": [
    {
      "valid": true,
      "cx": 135.85,
      "cy": 104.65,
      "area": 364,
      "det_score": 0.407,
      "sam_score": 0.9504,
      "box": [
        125.0,
        92.8,
        147.5,
        116.3
      ],
      "repeats": [
        [
          135.84,
          104.67
        ],
        [
          135.9,
          104.69
        ],
        [
          135.94,
          104.65
        ],
        [
          135.94,
          104.59
        ],
        [
          136.94,
          104.69
        ]
      ],
      "idx": 705,
      "mislabel": false,
      "mislabel_reason": "ok",
      "e_unet": 0.98
    },
    {
      "valid": true,
      "cx": 135.76999999999998,
      "cy": 104.6,
      "area": 361,
      "det_score": 0.4028,
      "sam_score": 0.9485,
      "box": [
        125.1,
        92.8,
        147.3,
        116.0
      ],
      "repeats": [
        [
          135.82,
          104.51
        ],
        [
          135.86,
          104.75
        ],
        [
          135.86,
          104.61
        ],
        [
          136.0,
          104.45
        ],
        [
          137.03,
          104.66
        ]
      ],
      "idx": 706,
      "mislabel": false,
      "mislabel_reason": "ok",
      "e_unet": 0.97
    },
    {
      "valid": true,
      "cx": 135.73000000000002,
      "cy": 104.59,
      "area": 358,
      "det_score": 0.4006,
      "sam_score": 0.9501,
      "box": [
        125.0,
        92.8,
        147.2,
        116.0
      ],
      "repeats": [
        [
          135.72,
          104.55
        ],
        [
          135.82,
          104.74
        ],
        [
          135.73000000000002,
          104.55
        ],
        [
          135.87,
          104.52
        ],
        [
          136.9,
          104.7
        ]
      ],
      "idx": 707,
      "mislabel": false,
      "mislabel_reason": "ok",
      "e_unet": 0.87
    },
    {
      "valid": true,
      "cx": 135.67000000000002,
      "cy": 104.56,
      "area": 358,
      "det_score": 0.3966,
      "sam_score": 0.9506,
      "box": [
        125.0,
        92.8,
        147.1,
        115.9
      ],
      "repeats": [
        [
          135.57,
          104.51
        ],
        [
          135.73000000000002,
          104.72
        ],
        [
          135.67000000000002,
          104.59
        ],
        [
          135.79000000000002,
          104.48
        ],
        [
          136.77,
          104.63
        ]
      ],
      "idx": 708,
      "mislabel": false,
      "mislabel_reason": "ok",
      "e_unet": 0.95
    },
    {
      "valid": true,
      "cx": 135.63,
      "cy": 104.62,
      "area": 355,
      "det_score": 0.3992,
      "sam_score": 0.9519,
      "box": [
        124.9,
        92.9,
        147.2,
        115.9
      ],
      "repeats": [
        [
          135.57999999999998,
          104.47
        ],
        [
          135.69,
          104.72
        ],
        [
          135.64,
          104.55
        ],
        [
          135.79000000000002,
          104.44
        ],
        [
          136.74,
          104.62
        ]
      ],
      "idx": 709,
      "mislabel": false,
      "mislabel_reason": "ok",
      "e_unet": 0.94
    },
    {
      "valid": true,
      "cx": 137.93,
      "cy": 103.69,
      "area": 358,
      "det_score": 0.3688,
      "sam_score": 0.9459,
      "box": [
        127.4,
        92.0,
        149.5,
        115.2
      ],
      "repeats": [
        [
          138.03,
          103.63
        ],
        [
          138.01999999999998,
          103.81
        ],
        [
          137.99,
          103.67
        ],
        [
          138.12,
          103.56
        ],
        [
          139.18,
          103.68
        ]
      ],
      "idx": 710,
      "mislabel": false,
      "mislabel_reason": "ok",
      "e_unet": 0.98
    },
    {
      "valid": true,
      "cx": 157.74,
      "cy": 95.77,
      "area": 359,
      "det_score": 0.4054,
      "sam_score": 0.9457,
      "box": [
        146.6,
        85.7,
        169.8,
        106.3
      ],
      "repeats": [
        [
          157.65,
          95.62
        ],
        [
          157.7,
          95.82
        ],
        [
          157.68,
          95.74
        ],
        [
          157.74,
          95.61
        ],
        [
          158.91,
          95.68
        ]
      ],
      "idx": 711,
      "mislabel": false,
      "mislabel_reason": "ok",
      "e_unet": 1.37
    },
    {
      "valid": true,
      "cx": 164.48,
      "cy": 93.55,
      "area": 350,
      "det_score": 0.408,
      "sam_score": 0.9522,
      "box": [
        153.5,
        83.0,
        176.6,
        104.0
      ],
      "repeats": [
        [
          164.59,
          93.46
        ],
        [
          164.63,
          93.64
        ],
        [
          164.58,
          93.52
        ],
        [
          164.59,
          93.36
        ],
        [
          165.52,
          93.52
        ]
      ],
      "idx": 712,
      "mislabel": false,
      "mislabel_reason": "ok",
      "e_unet": 1.14
    },
    {
      "valid": true,
      "cx": 164.74,
      "cy": 93.4,
      "area": 342,
      "det_score": 0.4304,
      "sam_score": 0.954,
      "box": [
        153.8,
        83.0,
        176.7,
        103.8
      ],
      "repeats": [
        [
          164.72,
          93.39
        ],
        [
          164.82,
          93.46
        ],
        [
          164.79,
          93.46
        ],
        [
          165.0,
          93.19
        ],
        [
          165.69,
          93.45
        ]
      ],
      "idx": 713,
      "mislabel": false,
      "mislabel_reason": "ok",
      "e_unet": 0.99
    },
    {
      "valid": true,
      "cx": 164.87,
      "cy": 93.25,
      "area": 346,
      "det_score": 0.4348,
      "sam_score": 0.9543,
      "box": [
        153.8,
        82.8,
        176.9,
        103.7
      ],
      "repeats": [
        [
          165.05,
          93.2
        ],
        [
          164.93,
          93.37
        ],
        [
          164.89,
          93.3
        ],
        [
          165.04,
          93.2
        ],
        [
          165.9,
          93.31
        ]
      ],
      "idx": 714,
      "mislabel": false,
      "mislabel_reason": "ok",
      "e_unet": 0.93
    },
    {
      "valid": true,
      "cx": 164.96,
      "cy": 93.18,
      "area": 344,
      "det_score": 0.4511,
      "sam_score": 0.9558,
      "box": [
        153.9,
        82.6,
        177.1,
        103.6
      ],
      "repeats": [
        [
          164.97,
          93.05
        ],
        [
          165.03,
          93.24
        ],
        [
          165.01,
          93.12
        ],
        [
          165.13,
          92.99
        ],
        [
          165.99,
          93.12
        ]
      ],
      "idx": 715,
      "mislabel": false,
      "mislabel_reason": "ok",
      "e_unet": 1.04
    }
  ]
}