{
  "prompt": "black pupil.",
  "gsam2_centers": [
    {
      "valid": true,
      "cx": 141.15,
      "cy": 110.56,
      "area": 630,
      "det_score": 0.4361,
      "sam_score": 0.965,
      "box": [
        127.2,
        95.5,
        156.4,
        125.8
      ],
      "repeats": [
        [
          141.19,
          110.49
        ],
        [
          141.16,
          110.67
        ],
        [
          141.20999999999998,
          110.61
        ],
        [
          141.25,
          110.49
        ],
        [
          142.32,
          110.58
        ]
      ],
      "idx": 1005,
      "mislabel": false,
      "mislabel_reason": "ok",
      "e_unet": 0.92
    },
    {
      "valid": true,
      "cx": 141.23000000000002,
      "cy": 110.47,
      "area": 634,
      "det_score": 0.4442,
      "sam_score": 0.9658,
      "box": [
        127.3,
        95.5,
        156.4,
        125.8
      ],
      "repeats": [
        [
          141.20999999999998,
          110.48
        ],
        [
          141.22,
          110.56
        ],
        [
          141.24,
          110.52
        ],
        [
          141.28,
          110.4
        ],
        [
          142.39,
          110.46
        ]
      ],
      "idx": 1006,
      "mislabel": false,
      "mislabel_reason": "ok",
      "e_unet": 0.9
    },
    {
      "valid": true,
      "cx": 141.26999999999998,
      "cy": 110.58,
      "area": 624,
      "det_score": 0.4368,
      "sam_score": 0.9651,
      "box": [
        127.4,
        95.4,
        156.4,
        125.6
      ],
      "repeats": [
        [
          141.3,
          110.49
        ],
        [
          141.31,
          110.59
        ],
        [
          141.32999999999998,
          110.56
        ],
        [
          141.31,
          110.46
        ],
        [
          142.44,
          110.47
        ]
      ],
      "idx": 1007,
      "mislabel": false,
      "mislabel_reason": "ok",
      "e_unet": 1.03
    },
    {
      "valid": true,
      "cx": 141.32999999999998,
      "cy": 110.57,
      "area": 619,
      "det_score": 0.4512,
      "sam_score": 0.9648,
      "box": [
        127.5,
        95.6,
        156.3,
        125.6
      ],
      "repeats": [
        [
          141.32,
          110.52
        ],
        [
          141.32999999999998,
          110.56
        ],
        [
          141.35,
          110.51
        ],
        [
          141.32999999999998,
          110.48
        ],
        [
          142.44,
          110.45
        ]
      ],
      "idx": 1008,
      "mislabel": false,
      "mislabel_reason": "ok",
      "e_unet": 1.02
    },
    {
      "valid": true,
      "cx": 141.32999999999998,
      "cy": 110.54,
      "area": 618,
      "det_score": 0.4409,
      "sam_score": 0.9641,
      "box": [
        127.5,
        95.6,
        156.2,
        125.6
      ],
      "repeats": [
        [
          141.28,
          110.52
        ],
        [
          141.29000000000002,
          110.58
        ],
        [
          141.35,
          110.53
        ],
        [
          141.37,
          110.42
        ],
        [
          142.53,
          110.44
        ]
      ],
      "idx": 1009,
      "mislabel": false,
      "mislabel_reason": "ok",
      "e_unet": 0.93
    },
    {
      "valid": true,
      "cx": 141.32,
      "cy": 110.57,
      "area": 614,
      "det_score": 0.4314,
      "sam_score": 0.9648,
      "box": [
        127.6,
        95.7,
        156.2,
        125.7
      ],
      "repeats": [
        [
          141.32,
          110.5
        ],
        [
          141.32,
          110.67
        ],
        [
          141.38,
          110.56
        ],
        [
          141.36,
          110.53
        ],
        [
          142.5,
          110.52
        ]
      ],
      "idx": 1010,
      "mislabel": false,
      "mislabel_reason": "ok",
      "e_unet": 0.86
    },
    {
      "valid": true,
      "cx": 141.35,
      "cy": 110.66,
      "area": 617,
      "det_score": 0.4312,
      "sam_score": 0.9636,
      "box": [
        127.7,
        95.9,
        156.3,
        125.7
      ],
      "repeats": [
        [
          141.32999999999998,
          110.64
        ],
        [
          141.4,
          110.69
        ],
        [
          141.39,
          110.65
        ],
        [
          141.37,
          110.58
        ],
        [
          142.47,
          110.7
        ]
      ],
      "idx": 1011,
      "mislabel": false,
      "mislabel_reason": "ok",
      "e_unet": 0.79
    },
    {
      "valid": true,
      "cx": 141.44,
      "cy": 110.72,
      "area": 613,
      "det_score": 0.4563,
      "sam_score": 0.9643,
      "box": [
        127.7,
        95.8,
        156.5,
        125.8
      ],
      "repeats": [
        [
          141.5,
          110.69
        ],
        [
          141.49,
          110.72
        ],
        [
          141.51,
          110.68
        ],
        [
          141.51,
          110.65
        ],
        [
          142.51,
          110.74
        ]
      ],
      "idx": 1012,
      "mislabel": false,
      "mislabel_reason": "ok",
      "e_unet": 0.82
    },
    {
      "valid": true,
      "cx": 141.38,
      "cy": 110.71,
      "area": 615,
      "det_score": 0.4511,
      "sam_score": 0.9643,
      "box": [
        127.6,
        95.6,
        156.5,
        125.8
      ],
      "repeats": [
        [
          141.49,
          110.69
        ],
        [
          141.47,
          110.74
        ],
        [
          141.51999999999998,
          110.66
        ],
        [
          141.51999999999998,
          110.64
        ],
        [
          142.62,
          110.71
        ]
      ],
      "idx": 1013,
      "mislabel": false,
      "mislabel_reason": "ok",
      "e_unet": 0.75
    },
    {
      "valid": true,
      "cx": 153.37,
      "cy": 106.23,
      "area": 691,
      "det_score": 0.3654,
      "sam_score": 0.9638,
      "box": [
        138.2,
        90.7,
        170.6,
        121.1
      ],
      "repeats": [
        [
          153.36,
          106.16
        ],
        [
          153.4,
          106.31
        ],
        [
          153.43,
          106.17
        ],
        [
          153.42,
          106.16
        ],
        [
          154.49,
          106.23
        ]
      ],
      "idx": 1014,
      "mislabel": false,
      "mislabel_reason": "ok",
      "e_unet": 1.09
    },
    {
      "valid": true,
      "cx": 177.33,
      "cy": 97.03,
      "area": 666,
      "det_score": 0.4073,
      "sam_score": 0.9663,
      "box": [
        161.2,
        83.0,
        194.6,
        110.6
      ],
      "repeats": [
        [
          177.26,
          96.98
        ],
        [
          177.35,
          97.04
        ],
        [
          177.33,
          96.99
        ],
        [
          177.36,
          96.94
        ],
        [
          178.3,
          97.04
        ]
      ],
      "idx": 1015,
      "mislabel": false,
      "mislabel_reason": "ok",
      "e_unet": 1.39
    }
  ]
}