{
  "prompt": "black pupil.",
  "gsam2_centers": [
    {
      "valid": true,
      "cx": 213.95,
      "cy": 134.37,
      "area": 1155,
      "det_score": 0.3629,
      "sam_score": 0.97,
      "box": [
        194.3,
        114.4,
        234.9,
        153.8
      ],
      "repeats": [
        [
          213.9,
          134.29000000000002
        ],
        [
          213.98,
          134.45
        ],
        [
          213.92,
          134.3
        ],
        [
          213.96,
          134.32
        ],
        [
          215.05,
          134.37
        ]
      ],
      "idx": 1705,
      "mislabel": false,
      "mislabel_reason": "ok",
      "e_unet": 0.96
    },
    {
      "valid": true,
      "cx": 214.05,
      "cy": 134.4,
      "area": 1137,
      "det_score": 0.3917,
      "sam_score": 0.97,
      "box": [
        194.5,
        114.6,
        234.9,
        153.7
      ],
      "repeats": [
        [
          214.03,
          134.26999999999998
        ],
        [
          214.11,
          134.47
        ],
        [
          214.13,
          134.41
        ],
        [
          214.08,
          134.28
        ],
        [
          215.17000000000002,
          134.35
        ]
      ],
      "idx": 1706,
      "mislabel": false,
      "mislabel_reason": "ok",
      "e_unet": 1.07
    },
    {
      "valid": true,
      "cx": 213.99,
      "cy": 134.28,
      "area": 1123,
      "det_score": 0.3776,
      "sam_score": 0.969,
      "box": [
        194.5,
        114.6,
        234.6,
        153.6
      ],
      "repeats": [
        [
          213.92,
          134.2
        ],
        [
          214.0,
          134.37
        ],
        [
          214.01,
          134.26999999999998
        ],
        [
          214.01,
          134.22
        ],
        [
          215.09,
          134.20999999999998
        ]
      ],
      "idx": 1707,
      "mislabel": false,
      "mislabel_reason": "ok",
      "e_unet": 1.01
    },
    {
      "valid": true,
      "cx": 213.86,
      "cy": 134.45,
      "area": 1113,
      "det_score": 0.4005,
      "sam_score": 0.9702,
      "box": [
        194.5,
        114.8,
        234.4,
        153.6
      ],
      "repeats": [
        [
          213.83,
          134.41
        ],
        [
          213.87,
          134.5
        ],
        [
          213.87,
          134.44
        ],
        [
          213.9,
          134.4
        ],
        [
          215.09,
          134.41
        ]
      ],
      "idx": 1708,
      "mislabel": false,
      "mislabel_reason": "ok",
      "e_unet": 1.09
    },
    {
      "valid": true,
      "cx": 213.99,
      "cy": 134.51,
      "area": 1112,
      "det_score": 0.3889,
      "sam_score": 0.9705,
      "box": [
        194.6,
        114.7,
        234.6,
        153.7
      ],
      "repeats": [
        [
          213.96,
          134.45
        ],
        [
          214.04,
          134.59
        ],
        [
          214.05,
          134.54000000000002
        ],
        [
          214.04,
          134.42000000000002
        ],
        [
          215.11,
          134.43
        ]
      ],
      "idx": 1709,
      "mislabel": false,
      "mislabel_reason": "ok",
      "e_unet": 1.05
    },
    {
      "valid": true,
      "cx": 214.04,
      "cy": 134.5,
      "area": 1109,
      "det_score": 0.3778,
      "sam_score": 0.9702,
      "box": [
        194.6,
        114.8,
        234.6,
        153.7
      ],
      "repeats": [
        [
          214.04,
          134.45
        ],
        [
          214.06,
          134.55
        ],
        [
          214.07,
          134.53
        ],
        [
          214.1,
          134.39
        ],
        [
          215.16,
          134.41
        ]
      ],
      "idx": 1710,
      "mislabel": false,
      "mislabel_reason": "ok",
      "e_unet": 1.14
    },
    {
      "valid": true,
      "cx": 214.06,
      "cy": 134.4,
      "area": 1108,
      "det_score": 0.375,
      "sam_score": 0.9701,
      "box": [
        194.8,
        114.7,
        234.6,
        153.5
      ],
      "repeats": [
        [
          214.08,
          134.36
        ],
        [
          214.11,
          134.44
        ],
        [
          214.11,
          134.41
        ],
        [
          214.11,
          134.32
        ],
        [
          215.17000000000002,
          134.32
        ]
      ],
      "idx": 1711,
      "mislabel": false,
      "mislabel_reason": "ok",
      "e_unet": 1.12
    },
    {
      "valid": true,
      "cx": 214.45,
      "cy": 133.82999999999998,
      "area": 1121,
      "det_score": 0.3982,
      "sam_score": 0.9689,
      "box": [
        195.3,
        114.5,
        234.8,
        153.2
      ],
      "repeats": [
        [
          214.42,
          133.78
        ],
        [
          214.49,
          133.99
        ],
        [
          214.49,
          133.91
        ],
        [
          214.47,
          133.74
        ],
        [
          215.53,
          133.85
        ]
      ],
      "idx": 1712,
      "mislabel": false,
      "mislabel_reason": "ok",
      "e_unet": 0.88
    },
    {
      "valid": true,
      "cx": 214.68,
      "cy": 133.67000000000002,
      "area": 1111,
      "det_score": 0.3615,
      "sam_score": 0.9688,
      "box": [
        195.3,
        113.8,
        235.2,
        152.9
      ],
      "repeats": [
        [
          214.65,
          133.59
        ],
        [
          214.74,
          133.73000000000002
        ],
        [
          214.71,
          133.67000000000002
        ],
        [
          214.73,
          133.59
        ],
        [
          215.70999999999998,
          133.6
        ]
      ],
      "idx": 1713,
      "mislabel": false,
      "mislabel_reason": "ok",
      "e_unet": 0.99
    },
    {
      "valid": true,
      "cx": 215.3,
      "cy": 138.69,
      "area": 675,
      "det_score": 0.408,
      "sam_score": 0.9563,
      "box": [
        196.8,
        126.1,
        235.7,
        152.3
      ],
      "repeats": [
        [
          215.39,
          138.96
        ],
        [
          215.25,
          138.7
        ],
        [
          215.15,
          138.53
        ],
        [
          215.3,
          138.47
        ],
        [
          216.4,
          138.66
        ]
      ],
      "idx": 1714,
      "mislabel": false,
      "mislabel_reason": "ok",
      "e_unet": 0.39
    },
    {
      "valid": true,
      "cx": 215.74,
      "cy": 137.47,
      "area": 792,
      "det_score": 0.3094,
      "sam_score": 0.9568,
      "box": [
        196.5,
        123.8,
        236.9,
        152.2
      ],
      "repeats": [
        [
          215.56,
          137.09
        ],
        [
          215.73,
          137.56
        ],
        [
          215.67,
          137.44
        ],
        [
          215.64,
          137.14
        ],
        [
          216.63,
          137.4
        ]
      ],
      "idx": 1715,
      "mislabel": false,
      "mislabel_reason": "ok",
      "e_unet": 0.47
    }
  ]
}