{
  "prompt": "black pupil.",
  "gsam2_centers": [
    {
      "valid": true,
      "cx": 148.12,
      "cy": 82.83,
      "area": 539,
      "det_score": 0.4044,
      "sam_score": 0.9628,
      "box": [
        134.7,
        70.0,
        162.7,
        96.3
      ],
      "repeats": [
        [
          148.1,
          82.79
        ],
        [
          148.15,
          82.86
        ],
        [
          148.1,
          82.82
        ],
        [
          148.20999999999998,
          82.81
        ],
        [
          149.35,
          82.78
        ]
      ],
      "idx": 2407,
      "mislabel": false,
      "mislabel_reason": "ok",
      "e_unet": 0.86
    },
    {
      "valid": true,
      "cx": 147.7,
      "cy": 82.5,
      "area": 541,
      "det_score": 0.4229,
      "sam_score": 0.962,
      "box": [
        134.4,
        69.5,
        162.3,
        95.7
      ],
      "repeats": [
        [
          147.73000000000002,
          82.39
        ],
        [
          147.78,
          82.47
        ],
        [
          147.82,
          82.46
        ],
        [
          147.82,
          82.38
        ],
        [
          148.92,
          82.45
        ]
      ],
      "idx": 2408,
      "mislabel": false,
      "mislabel_reason": "ok",
      "e_unet": 0.86
    },
    {
      "valid": true,
      "cx": 147.68,
      "cy": 82.13,
      "area": 543,
      "det_score": 0.4161,
      "sam_score": 0.9619,
      "box": [
        134.3,
        69.4,
        162.2,
        95.3
      ],
      "repeats": [
        [
          147.67000000000002,
          82.07
        ],
        [
          147.7,
          82.22
        ],
        [
          147.76999999999998,
          82.12
        ],
        [
          147.8,
          81.96
        ],
        [
          148.87,
          82.15
        ]
      ],
      "idx": 2409,
      "mislabel": false,
      "mislabel_reason": "ok",
      "e_unet": 0.99
    },
    {
      "valid": true,
      "cx": 147.51999999999998,
      "cy": 81.78,
      "area": 529,
      "det_score": 0.4119,
      "sam_score": 0.962,
      "box": [
        134.2,
        69.3,
        162.0,
        95.0
      ],
      "repeats": [
        [
          147.53,
          81.75
        ],
        [
          147.49,
          81.87
        ],
        [
          147.5,
          81.87
        ],
        [
          147.6,
          81.64
        ],
        [
          148.7,
          81.81
        ]
      ],
      "idx": 2410,
      "mislabel": false,
      "mislabel_reason": "ok",
      "e_unet": 0.9
    },
    {
      "valid": true,
      "cx": 147.66,
      "cy": 81.5,
      "area": 516,
      "det_score": 0.427,
      "sam_score": 0.9618,
      "box": [
        134.4,
        69.1,
        162.0,
        94.5
      ],
      "repeats": [
        [
          147.66,
          81.32
        ],
        [
          147.63,
          81.57
        ],
        [
          147.62,
          81.53
        ],
        [
          147.74,
          81.29
        ],
        [
          148.77,
          81.45
        ]
      ],
      "idx": 2411,
      "mislabel": false,
      "mislabel_reason": "ok",
      "e_unet": 0.99
    },
    {
      "valid": true,
      "cx": 148.07999999999998,
      "cy": 74.43,
      "area": 447,
      "det_score": 0.4684,
      "sam_score": 0.9598,
      "box": [
        135.0,
        63.3,
        162.1,
        86.4
      ],
      "repeats": [
        [
          148.09,
          74.33
        ],
        [
          148.15,
          74.34
        ],
        [
          148.14,
          74.36
        ],
        [
          148.13,
          74.36
        ],
        [
          149.18,
          74.39
        ]
      ],
      "idx": 2412,
      "mislabel": false,
      "mislabel_reason": "ok",
      "e_unet": 0.9
    },
    {
      "valid": true,
      "cx": 147.82999999999998,
      "cy": 73.8,
      "area": 436,
      "det_score": 0.4418,
      "sam_score": 0.9621,
      "box": [
        134.9,
        62.8,
        161.9,
        85.6
      ],
      "repeats": [
        [
          147.85,
          73.74000000000001
        ],
        [
          147.84,
          73.86
        ],
        [
          147.86,
          73.75999999999999
        ],
        [
          147.87,
          73.78
        ],
        [
          148.9,
          73.81
        ]
      ],
      "idx": 2413,
      "mislabel": false,
      "mislabel_reason": "ok",
      "e_unet": 1.0
    }
  ]
}