{
  "prompt": "black pupil.",
  "gsam2_centers": [
    {
      "valid": true,
      "cx": 207.83,
      "cy": 128.41,
      "area": 919,
      "det_score": 0.3596,
      "sam_score": 0.961,
      "box": [
        190.6,
        110.5,
        226.3,
        147.0
      ],
      "repeats": [
        [
          207.81,
          128.37
        ],
        [
          207.95,
          128.48000000000002
        ],
        [
          207.88,
          128.44
        ],
        [
          207.94,
          128.31
        ],
        [
          208.94,
          128.18
        ]
      ],
      "idx": 807,
      "mislabel": false,
      "mislabel_reason": "ok",
      "e_unet": 1.04
    },
    {
      "valid": true,
      "cx": 208.24,
      "cy": 128.45999999999998,
      "area": 920,
      "det_score": 0.372,
      "sam_score": 0.9614,
      "box": [
        191.2,
        110.6,
        226.6,
        146.9
      ],
      "repeats": [
        [
          208.21,
          128.38
        ],
        [
          208.32,
          128.53
        ],
        [
          208.28,
          128.36
        ],
        [
          208.4,
          128.37
        ],
        [
          209.31,
          128.22
        ]
      ],
      "idx": 808,
      "mislabel": false,
      "mislabel_reason": "ok",
      "e_unet": 0.88
    },
    {
      "valid": true,
      "cx": 208.38,
      "cy": 128.37,
      "area": 928,
      "det_score": 0.3835,
      "sam_score": 0.962,
      "box": [
        191.2,
        110.2,
        226.7,
        146.9
      ],
      "repeats": [
        [
          208.43,
          128.3
        ],
        [
          208.44,
          128.42000000000002
        ],
        [
          208.38,
          128.32
        ],
        [
          208.46,
          128.3
        ],
        [
          209.4,
          128.12
        ]
      ],
      "idx": 809,
      "mislabel": false,
      "mislabel_reason": "ok",
      "e_unet": 0.87
    },
    {
      "valid": true,
      "cx": 208.32,
      "cy": 128.32999999999998,
      "area": 947,
      "det_score": 0.3802,
      "sam_score": 0.9621,
      "box": [
        190.9,
        110.0,
        226.9,
        147.0
      ],
      "repeats": [
        [
          208.29,
          128.28
        ],
        [
          208.4,
          128.43
        ],
        [
          208.42,
          128.38
        ],
        [
          208.46,
          128.32999999999998
        ],
        [
          209.44,
          128.18
        ]
      ],
      "idx": 810,
      "mislabel": false,
      "mislabel_reason": "ok",
      "e_unet": 0.88
    },
    {
      "valid": true,
      "cx": 208.33,
      "cy": 128.26,
      "area": 974,
      "det_score": 0.3828,
      "sam_score": 0.9631,
      "box": [
        190.6,
        109.8,
        227.1,
        147.2
      ],
      "repeats": [
        [
          208.35,
          128.20999999999998
        ],
        [
          208.39,
          128.3
        ],
        [
          208.36,
          128.28
        ],
        [
          208.4,
          128.20999999999998
        ],
        [
          209.36,
          128.16
        ]
      ],
      "idx": 811,
      "mislabel": false,
      "mislabel_reason": "ok",
      "e_unet": 0.86
    },
    {
      "valid": true,
      "cx": 208.28,
      "cy": 128.12,
      "area": 996,
      "det_score": 0.393,
      "sam_score": 0.9624,
      "box": [
        190.3,
        109.7,
        227.2,
        147.4
      ],
      "repeats": [
        [
          208.32,
          128.1
        ],
        [
          208.4,
          128.28
        ],
        [
          208.32,
          128.15
        ],
        [
          208.42,
          128.09
        ],
        [
          209.44,
          128.05
        ]
      ],
      "idx": 812,
      "mislabel": false,
      "mislabel_reason": "ok",
      "e_unet": 0.77
    },
    {
      "valid": true,
      "cx": 208.36,
      "cy": 128.16,
      "area": 1007,
      "det_score": 0.4017,
      "sam_score": 0.9624,
      "box": [
        190.1,
        109.5,
        227.3,
        147.5
      ],
      "repeats": [
        [
          208.36,
          128.16
        ],
        [
          208.46,
          128.26
        ],
        [
          208.42,
          128.16
        ],
        [
          208.42,
          128.13
        ],
        [
          209.49,
          128.15
        ]
      ],
      "idx": 813,
      "mislabel": false,
      "mislabel_reason": "ok",
      "e_unet": 0.97
    }
  ]
}