(38.272907, 29.975185, 0.0)
(37.793072, 28.019955, 0.0)
(37.643036, 27.520239, 0.0)
(37.660412, 27.438210, 0.0)
(37.691669, 27.473013, 0.0)
(38.229538, 28.509441, 0.0)
(38.317589, 28.574459, 0.0)
(38.311508, 28.497459, 0.0)
(38.341557, 28.518887, 0.0)
(38.324306, 28.455540, 0.0)
(38.349087, 28.467567, 0.0)
(38.393242, 28.475883, 0.0)
(38.363232, 28.688551, 0.0)
(38.338985, 28.702818, 0.0)
(38.296387, 28.714455, 0.0)
(38.362103, 28.691423, 0.0)
(38.384098, 28.677832, 0.0)
(38.385548, 28.661516, 0.0)
(38.374279, 28.653740, 0.0)
(38.393028, 28.643950, 0.0)
(38.367340, 28.694616, 0.0)
(38.367374, 28.698826, 0.0)
(38.382973, 28.671062, 0.0)
(38.385880, 28.692064, 0.0)
(38.317818, 28.662502, 0.0)
(38.285488, 28.604721, 0.0)
(38.314522, 28.634207, 0.0)
(38.381649, 28.664789, 0.0)
(38.394592, 28.628113, 0.0)
(38.357704, 28.612635, 0.0)
(38.318386, 28.607210, 0.0)
(38.344425, 28.621622, 0.0)
(38.354008, 28.599676, 0.0)
(38.253952, 28.661072, 0.0)
(38.471436, 29.812908, 0.0)
(38.290318, 28.841890, 0.0)
(38.325123, 28.721020, 0.0)
(38.317474, 28.831667, 0.0)
(38.279964, 28.809769, 0.0)
(38.315784, 28.825033, 0.0)
(38.344131, 28.834311, 0.0)
(38.352825, 28.791416, 0.0)
(38.312702, 28.769381, 0.0)
(38.274563, 28.782869, 0.0)
(38.368095, 28.589838, 0.0)
(38.408813, 28.493946, 0.0)
(38.401638, 28.575348, 0.0)
(38.374958, 28.516380, 0.0)
(38.614735, 28.941059, 0.0)
(38.423294, 28.540354, 0.0)
(38.336487, 28.441240, 0.0)
(38.368694, 28.498615, 0.0)
(38.396065, 28.523247, 0.0)
(38.384438, 28.546032, 0.0)
(38.376949, 28.566601, 0.0)
(38.352695, 28.564711, 0.0)
(38.367138, 28.529650, 0.0)
(38.358875, 28.546829, 0.0)
(38.342636, 28.547829, 0.0)
(38.327927, 28.516216, 0.0)
(38.316452, 28.533024, 0.0)
(38.285278, 28.545065, 0.0)
(38.352638, 28.503229, 0.0)
(38.370163, 28.466713, 0.0)
(38.372944, 28.468103, 0.0)
(38.292294, 28.397568, 0.0)
(38.283428, 28.422993, 0.0)
(38.382679, 28.461929, 0.0)
(38.409939, 28.499382, 0.0)
(38.354176, 28.522316, 0.0)
(38.322868, 28.519087, 0.0)
(38.327129, 28.521215, 0.0)
(38.371284, 28.522816, 0.0)
(38.374252, 28.488159, 0.0)
(38.356682, 28.525253, 0.0)
(38.292385, 28.535601, 0.0)
(38.300858, 28.523905, 0.0)
(38.345894, 28.507555, 0.0)
(38.357140, 28.532028, 0.0)
(38.313053, 28.528561, 0.0)
(38.283726, 28.523537, 0.0)
(38.270977, 28.528318, 0.0)
(38.310001, 28.493446, 0.0)
(38.332684, 28.500504, 0.0)
(38.270607, 28.498432, 0.0)
(38.253899, 28.477795, 0.0)
(38.272903, 28.463505, 0.0)
(38.312401, 28.501699, 0.0)
(38.305717, 28.500782, 0.0)
(38.303986, 28.543749, 0.0)
(38.240372, 28.540518, 0.0)
(38.267860, 28.536686, 0.0)
(38.316532, 28.518833, 0.0)
(38.305759, 28.521633, 0.0)
(38.235069, 28.482052, 0.0)
(38.240780, 28.466265, 0.0)
(38.468117, 29.542759, 0.0)
(38.232037, 28.712683, 0.0)
(38.205994, 28.556284, 0.0)
(38.263241, 28.682549, 0.0)
(38.280506, 28.712976, 0.0)
(38.293552, 28.701210, 0.0)
(38.292088, 28.678556, 0.0)
(38.246971, 28.713106, 0.0)
(38.268421, 28.606537, 0.0)
(38.317352, 28.532869, 0.0)
(38.348499, 28.503616, 0.0)
(38.338577, 28.498798, 0.0)
(38.277878, 28.446650, 0.0)
(38.268787, 28.434616, 0.0)
(38.284206, 28.381762, 0.0)
(38.182953, 28.385950, 0.0)
(38.316368, 28.588327, 0.0)
(38.309181, 28.351732, 0.0)
(38.312687, 28.436893, 0.0)
(38.332275, 28.494576, 0.0)
(38.323395, 28.518761, 0.0)
(38.322742, 28.520952, 0.0)
(38.371407, 28.509609, 0.0)
(38.334457, 28.549833, 0.0)
(38.311939, 28.551989, 0.0)
(38.306759, 28.531300, 0.0)
(38.341034, 28.541018, 0.0)
(38.368935, 28.517942, 0.0)
(38.355373, 28.486237, 0.0)
(38.338776, 28.469746, 0.0)
(38.315689, 28.430336, 0.0)
(38.346668, 28.418772, 0.0)
(38.350674, 28.378803, 0.0)
(38.393063, 28.426462, 0.0)
(38.399052, 28.424772, 0.0)
(38.344677, 28.439230, 0.0)
(38.326447, 28.437840, 0.0)
(38.389866, 28.420593, 0.0)
(38.421883, 28.458347, 0.0)
(38.364376, 28.468651, 0.0)
(38.320621, 28.439119, 0.0)
(38.317665, 28.432871, 0.0)
(38.347954, 28.436350, 0.0)
(38.350533, 28.426064, 0.0)
(38.390625, 28.534651, 0.0)
(38.360477, 28.546404, 0.0)
(38.368053, 28.525263, 0.0)
(38.387669, 28.506840, 0.0)
(38.370346, 28.487520, 0.0)
(38.386036, 28.514271, 0.0)
(38.405785, 28.517035, 0.0)
(38.358700, 28.545055, 0.0)
(38.368813, 28.555563, 0.0)
(38.413479, 28.556999, 0.0)
(38.407337, 28.585627, 0.0)
(38.363831, 28.540283, 0.0)
(38.304081, 28.389645, 0.0)
(38.329998, 28.303270, 0.0)
(38.348122, 28.266327, 0.0)
(38.346184, 28.343849, 0.0)
(38.315990, 28.331623, 0.0)
(38.272354, 28.291695, 0.0)
(38.289433, 28.294970, 0.0)
(38.278812, 28.266666, 0.0)
(44.728703, 32.229942, 0.0)
(45.750141, 32.888573, 0.0)
(45.671467, 32.869720, 0.0)
(45.602028, 32.833317, 0.0)
(45.628452, 32.820179, 0.0)
(45.586678, 32.825836, 0.0)
(45.830784, 33.270073, 0.0)
(45.882805, 33.313042, 0.0)
(45.886044, 33.298779, 0.0)
(45.908375, 33.280067, 0.0)
(45.884155, 33.261246, 0.0)
(45.835331, 33.314396, 0.0)
(45.848751, 33.345665, 0.0)
(45.861031, 33.361187, 0.0)
(45.895103, 33.327000, 0.0)
(45.901329, 33.329792, 0.0)
(45.905491, 33.331581, 0.0)
(45.886333, 33.346119, 0.0)
(45.873653, 33.358028, 0.0)
(45.925526, 33.340290, 0.0)
(45.934490, 33.347881, 0.0)
(45.884926, 33.377071, 0.0)
(45.871452, 33.372372, 0.0)
(45.884979, 33.391689, 0.0)
(45.915562, 33.412357, 0.0)
(45.927299, 33.409588, 0.0)
(45.885052, 33.391914, 0.0)
(45.851215, 33.383343, 0.0)
(45.857079, 33.416920, 0.0)
(45.882042, 33.379616, 0.0)
(45.842537, 33.391689, 0.0)
(45.873363, 33.426350, 0.0)
(45.867298, 33.446766, 0.0)
(45.829296, 33.483242, 0.0)
(45.773941, 33.133602, 0.0)
(45.230366, 25.678770, 0.0)
(44.857281, 24.564337, 0.0)
(44.812782, 24.240021, 0.0)
(44.864330, 24.375111, 0.0)
(44.907654, 24.382858, 0.0)
(44.923336, 24.364971, 0.0)
(44.891209, 24.345039, 0.0)
(44.888123, 24.379822, 0.0)
(44.929123, 24.354090, 0.0)
(45.086617, 24.198223, 0.0)
(45.082535, 24.250189, 0.0)
(45.086803, 24.271393, 0.0)
(45.133366, 24.327650, 0.0)
(45.043404, 24.288671, 0.0)
(45.123566, 24.292530, 0.0)
(45.163403, 24.245855, 0.0)
(45.159245, 24.255808, 0.0)
(45.093410, 24.189470, 0.0)
(45.087177, 24.144426, 0.0)
(45.115154, 24.121830, 0.0)
(45.123676, 24.138500, 0.0)
(45.103039, 24.224722, 0.0)
(45.050030, 24.208565, 0.0)
(45.028419, 24.221659, 0.0)
(45.061626, 24.227171, 0.0)
(45.068390, 24.206551, 0.0)
(45.058132, 24.229357, 0.0)
(45.076950, 24.222027, 0.0)
(45.019188, 24.213671, 0.0)
(45.000504, 24.230619, 0.0)
(45.071751, 24.260237, 0.0)
(45.073105, 24.223831, 0.0)
(45.007858, 24.207489, 0.0)
(45.029530, 24.218264, 0.0)
(45.010670, 24.190533, 0.0)
(44.639961, 24.157860, 0.0)
(33.664742, 23.631128, 0.0)
(30.112623, 25.258062, 0.0)
(29.556406, 25.848711, 0.0)
(29.642756, 25.754602, 0.0)
(29.631283, 25.697737, 0.0)
(29.648491, 25.644045, 0.0)
(29.634653, 25.625074, 0.0)
(29.571730, 25.587063, 0.0)
(29.596672, 25.535095, 0.0)
(28.665737, 28.149754, 0.0)
(29.435545, 32.482517, 0.0)
(29.916422, 33.334324, 0.0)
(29.772022, 33.242119, 0.0)
(29.733799, 33.296230, 0.0)
(29.702978, 33.360199, 0.0)
(30.070848, 34.531757, 0.0)
(30.046597, 34.607052, 0.0)
(29.996754, 34.475311, 0.0)
(29.999678, 34.425720, 0.0)
(30.025339, 34.388447, 0.0)
(30.024599, 34.359680, 0.0)
(30.017769, 34.323910, 0.0)
(30.005482, 34.339931, 0.0)
(29.982891, 34.347076, 0.0)
(29.984331, 34.350006, 0.0)
(30.004650, 34.363274, 0.0)
(29.957642, 34.381565, 0.0)
(29.931978, 34.332195, 0.0)
(29.954247, 34.296928, 0.0)
(29.981201, 34.301731, 0.0)
(29.974773, 34.268074, 0.0)
(29.897066, 34.283833, 0.0)
(29.878626, 34.272804, 0.0)
(29.904064, 34.271961, 0.0)
(29.890673, 34.266689, 0.0)
(29.577820, 32.869743, 0.0)
(28.034157, 24.917831, 0.0)
(28.064703, 24.711634, 0.0)
(28.029531, 25.881493, 0.0)
(28.118702, 25.214119, 0.0)
(28.155313, 25.147078, 0.0)
(28.142658, 25.243256, 0.0)
(28.121613, 25.264336, 0.0)
(28.111576, 25.257593, 0.0)
(28.097252, 25.251438, 0.0)
(28.128307, 25.164545, 0.0)
(28.134338, 24.825706, 0.0)
(28.132786, 24.821138, 0.0)
(28.073015, 24.873846, 0.0)
(28.066710, 24.860224, 0.0)
(28.112566, 24.829504, 0.0)
(28.132187, 24.862228, 0.0)
(28.079737, 24.883625, 0.0)
(28.030716, 24.886442, 0.0)
(28.028175, 24.871719, 0.0)
(28.051416, 24.823322, 0.0)
(28.097561, 24.846153, 0.0)
(28.043457, 24.897497, 0.0)
(28.017860, 24.898756, 0.0)
(28.030931, 24.891441, 0.0)
(28.054132, 24.884546, 0.0)
(28.052328, 24.932434, 0.0)
(28.046780, 24.970661, 0.0)
(28.018311, 24.995998, 0.0)
(28.019785, 25.025640, 0.0)
(28.053251, 25.016344, 0.0)
(28.099073, 24.991148, 0.0)
(28.028395, 24.979650, 0.0)
(38.237625, 27.694761, 0.0)
(38.002773, 27.806614, 0.0)
(37.935532, 27.806040, 0.0)
(37.883377, 27.797247, 0.0)
(37.870365, 27.785400, 0.0)
(38.098198, 28.070475, 0.0)
(38.156956, 28.184189, 0.0)
(38.167778, 28.134642, 0.0)
(38.159019, 28.140146, 0.0)
(38.115620, 28.089382, 0.0)
(38.159092, 28.059462, 0.0)
(38.096786, 28.335005, 0.0)
(38.703934, 29.791372, 0.0)
(38.337624, 28.475525, 0.0)
(38.331276, 28.155882, 0.0)
(38.299667, 28.130548, 0.0)
(38.290802, 28.167839, 0.0)
(38.311039, 28.180805, 0.0)
(38.340794, 28.226784, 0.0)
(38.352219, 28.265078, 0.0)
(38.332199, 28.292221, 0.0)
(38.254425, 28.343801, 0.0)
(38.254425, 28.343801, 0.0)
(38.350395, 28.284634, 0.0)
(38.320679, 28.283741, 0.0)
(38.261829, 28.257275, 0.0)
(38.249298, 28.200441, 0.0)
(38.237835, 28.186674, 0.0)
(38.309334, 28.177856, 0.0)
(38.300911, 28.247931, 0.0)
(38.245464, 28.289459, 0.0)
(38.243324, 28.293385, 0.0)
(38.250916, 28.256664, 0.0)
(36.779125, 29.059406, 0.0)
(29.423519, 32.028286, 0.0)
(29.150427, 31.060434, 0.0)
(29.269775, 30.790867, 0.0)
(29.334030, 30.824644, 0.0)
(29.334763, 30.899872, 0.0)
(29.250055, 30.921219, 0.0)
(29.187635, 30.855385, 0.0)
(29.266584, 30.925028, 0.0)
(29.071220, 31.000904, 0.0)
(28.851133, 30.918547, 0.0)
(28.872225, 30.912771, 0.0)
(28.909306, 30.894478, 0.0)
(28.912130, 30.900259, 0.0)
(28.917067, 30.919405, 0.0)
(28.911701, 30.910267, 0.0)
(28.906561, 30.885883, 0.0)
(28.860615, 30.960154, 0.0)
(28.874626, 30.935257, 0.0)
(28.923559, 30.881363, 0.0)
(28.905491, 30.909187, 0.0)
(28.832928, 30.960941, 0.0)
(28.868322, 30.922916, 0.0)
(28.871923, 30.985085, 0.0)
(28.866617, 31.015694, 0.0)
(28.858482, 31.038652, 0.0)
(28.814108, 31.029686, 0.0)
(28.820398, 31.027136, 0.0)
(28.841557, 30.971119, 0.0)
(28.863747, 30.959562, 0.0)
(28.861292, 30.965500, 0.0)
(28.829195, 31.001741, 0.0)
(28.782307, 30.983019, 0.0)
(28.819372, 30.946928, 0.0)
(28.854828, 30.969507, 0.0)
(28.837978, 30.981302, 0.0)
(29.302229, 30.727472, 0.0)
(35.730888, 28.713438, 0.0)
(40.893410, 29.220289, 0.0)
(43.080547, 30.013794, 0.0)
(43.028545, 29.984379, 0.0)
(42.842941, 29.901182, 0.0)
(44.296669, 31.349512, 0.0)
(44.109909, 30.667528, 0.0)
(44.131676, 30.527119, 0.0)
(44.157669, 30.525473, 0.0)
(44.223255, 30.511644, 0.0)
(44.175423, 30.518827, 0.0)
(41.261742, 30.432623, 0.0)
(41.398735, 30.427074, 0.0)
(41.482182, 30.424410, 0.0)
(41.532700, 30.415258, 0.0)
(41.545864, 30.437437, 0.0)
(41.541100, 30.444019, 0.0)
(41.535221, 30.475548, 0.0)
(41.543541, 30.451365, 0.0)
(41.563175, 30.458378, 0.0)
(41.577950, 30.425009, 0.0)
(41.579792, 30.380188, 0.0)
(41.560143, 30.389174, 0.0)
(41.555592, 30.393772, 0.0)
(41.592991, 30.370960, 0.0)
(41.622696, 30.370152, 0.0)
(41.579456, 30.367466, 0.0)
(41.542610, 30.409973, 0.0)
(41.564857, 30.375486, 0.0)
(41.596813, 30.364761, 0.0)
(41.575443, 30.358046, 0.0)
(40.464401, 29.932993, 0.0)
(38.440323, 28.286524, 0.0)
(38.419197, 28.273191, 0.0)
(38.440590, 28.291086, 0.0)
(32.344898, 28.709589, 0.0)
(32.114643, 28.099487, 0.0)
(32.110981, 27.761351, 0.0)
(32.129860, 27.812239, 0.0)
(32.079170, 27.890606, 0.0)
(32.061295, 27.820934, 0.0)
(32.062077, 27.790960, 0.0)
(32.086124, 27.821913, 0.0)
(32.109524, 27.871193, 0.0)
(32.072659, 27.835140, 0.0)
(32.039520, 27.832193, 0.0)
(32.025852, 27.806154, 0.0)
(32.061146, 27.829384, 0.0)
(32.065083, 27.889534, 0.0)
(32.044712, 27.954121, 0.0)
(32.029335, 27.936043, 0.0)
(31.959669, 27.963474, 0.0)
(32.013992, 27.958269, 0.0)
(32.057034, 27.945641, 0.0)
(32.040646, 27.901659, 0.0)
(31.989491, 27.843706, 0.0)
(31.970520, 27.676859, 0.0)
(31.965670, 27.722309, 0.0)
(32.019283, 27.750553, 0.0)
(32.010498, 27.812057, 0.0)
(31.976418, 27.823557, 0.0)
(32.001698, 27.833128, 0.0)
(32.040836, 27.797272, 0.0)
(32.037807, 27.759020, 0.0)
(32.032120, 27.784187, 0.0)
(32.027828, 27.825653, 0.0)
(32.013523, 27.830940, 0.0)
(32.005672, 27.777933, 0.0)
(32.070412, 27.786762, 0.0)
(32.249924, 27.710403, 0.0)
(37.911503, 25.444054, 0.0)
(41.518982, 25.311947, 0.0)
(40.946728, 23.992968, 0.0)
(40.929272, 23.691961, 0.0)
(40.939465, 23.801292, 0.0)
(40.980953, 23.871174, 0.0)
(40.994663, 23.924776, 0.0)
(40.960587, 23.923321, 0.0)
(40.971626, 23.955467, 0.0)
(40.989075, 23.963596, 0.0)
(40.940704, 23.972399, 0.0)
(40.945160, 23.980824, 0.0)
(40.955372, 24.014542, 0.0)
(40.808212, 24.032595, 0.0)
(41.153740, 24.711142, 0.0)
(40.993443, 23.887249, 0.0)
(41.017265, 23.698334, 0.0)
(41.028622, 23.780689, 0.0)
(41.019344, 23.799482, 0.0)
(41.035397, 23.819878, 0.0)
(41.008545, 23.834639, 0.0)
(41.011333, 23.869114, 0.0)
(40.955387, 23.850380, 0.0)
(40.928425, 23.858292, 0.0)
(40.962227, 23.861897, 0.0)
(41.004108, 23.863325, 0.0)
(40.975441, 23.908436, 0.0)
(40.954220, 23.841707, 0.0)
(40.927921, 23.796804, 0.0)
(40.979530, 23.832760, 0.0)
(41.006714, 23.849001, 0.0)
(40.952435, 23.823912, 0.0)
(40.935528, 23.830143, 0.0)
(40.955471, 23.830839, 0.0)
(39.717911, 24.019318, 0.0)
(31.367500, 24.531214, 0.0)
(31.520390, 24.246490, 0.0)
(31.576202, 24.156902, 0.0)
(31.575829, 24.238081, 0.0)
(31.517498, 24.243368, 0.0)
(31.494690, 24.208597, 0.0)
(31.489069, 24.211849, 0.0)
(31.550646, 24.238420, 0.0)
(31.543196, 24.251089, 0.0)
(31.510876, 24.264870, 0.0)
(31.409843, 24.082321, 0.0)
(31.396654, 24.031418, 0.0)
(31.400675, 24.025980, 0.0)
(31.382772, 24.026058, 0.0)
(31.386164, 24.029446, 0.0)
(31.351725, 24.036140, 0.0)
(31.344946, 24.060953, 0.0)
(31.381840, 24.087006, 0.0)
(31.394958, 24.152761, 0.0)
(31.956326, 24.588655, 0.0)
(33.560555, 26.349623, 0.0)
(33.597275, 26.379190, 0.0)
(33.566326, 26.308697, 0.0)
(33.562817, 26.337870, 0.0)
(33.547192, 26.328131, 0.0)
(33.495312, 26.339348, 0.0)
(33.475094, 26.363935, 0.0)
(33.535847, 26.396841, 0.0)
(33.585007, 26.451906, 0.0)
(33.557129, 26.454931, 0.0)
(33.472397, 26.429811, 0.0)
(33.492897, 26.429811, 0.0)
(33.604313, 26.385115, 0.0)
(33.593315, 26.365576, 0.0)
(33.501892, 26.343317, 0.0)
(38.019131, 26.792191, 0.0)
(45.069057, 30.813412, 0.0)
(45.055431, 31.483503, 0.0)
(44.898075, 31.470144, 0.0)
(44.867050, 31.361889, 0.0)
(44.910774, 31.392286, 0.0)
(44.942497, 31.379929, 0.0)
(44.942303, 31.372084, 0.0)
(44.920128, 31.476072, 0.0)
(45.027760, 31.716652, 0.0)
(45.082802, 31.653749, 0.0)
(45.082272, 31.602108, 0.0)
(45.078815, 31.610798, 0.0)
(45.035515, 31.585016, 0.0)
(45.016125, 31.551672, 0.0)
(45.080097, 31.578022, 0.0)
(45.072357, 31.644800, 0.0)
(45.042786, 31.625860, 0.0)
(45.020969, 31.614027, 0.0)
(45.052319, 31.607937, 0.0)
(44.648281, 31.491089, 0.0)
(40.710743, 30.202658, 0.0)
(38.525986, 29.377991, 0.0)
(38.562908, 29.369120, 0.0)
(38.619274, 29.411953, 0.0)
(38.689972, 29.429092, 0.0)
(38.723587, 29.465506, 0.0)
(38.667023, 29.507469, 0.0)
(38.665432, 29.520350, 0.0)
(38.667068, 29.496172, 0.0)
(38.685139, 29.496199, 0.0)
(38.688862, 29.525103, 0.0)
(38.619514, 29.566641, 0.0)
(38.572021, 29.550541, 0.0)
(38.554577, 29.561880, 0.0)
(41.058655, 29.552334, 0.0)
(43.246201, 29.532158, 0.0)
(43.316727, 29.552923, 0.0)
(43.230766, 29.541395, 0.0)
(43.232651, 29.537884, 0.0)
(43.275986, 29.524137, 0.0)
(43.250801, 29.485380, 0.0)
(43.227428, 29.473589, 0.0)
(43.261967, 29.461231, 0.0)
(43.634541, 29.374041, 0.0)
(43.656651, 29.410435, 0.0)
(43.635319, 29.431173, 0.0)
(43.619263, 29.450277, 0.0)
(43.632359, 29.480209, 0.0)
(43.677509, 29.475544, 0.0)
(43.681507, 29.468348, 0.0)
(43.618839, 29.426329, 0.0)
(43.543877, 29.445637, 0.0)
(43.469830, 29.001953, 0.0)
(43.483128, 29.012945, 0.0)
(43.570042, 29.129887, 0.0)
(43.579090, 29.109911, 0.0)
(43.561695, 29.182869, 0.0)
(43.555496, 29.170679, 0.0)
(43.544006, 29.244410, 0.0)
(43.565800, 29.257866, 0.0)
(43.580238, 29.223791, 0.0)
(43.568607, 29.253147, 0.0)
(43.539112, 29.289230, 0.0)
(43.528183, 29.323032, 0.0)
(43.572674, 29.324554, 0.0)
(43.562813, 29.352060, 0.0)
(43.552052, 29.344452, 0.0)
(43.544609, 29.332060, 0.0)
(43.573143, 29.379488, 0.0)
(43.497665, 30.205441, 0.0)
(36.340855, 26.910173, 0.0)
(36.190674, 26.112654, 0.0)
(36.208328, 25.941143, 0.0)
(36.236649, 26.035101, 0.0)
(36.227314, 26.067463, 0.0)
(36.131596, 26.100195, 0.0)
(35.920216, 26.312517, 0.0)
(35.987892, 26.320496, 0.0)
(35.979340, 26.369349, 0.0)
(35.891525, 26.368158, 0.0)
(35.825611, 26.347219, 0.0)
(36.174446, 27.664911, 0.0)
(35.913845, 26.363371, 0.0)
(35.848583, 26.052870, 0.0)
(35.881393, 26.070353, 0.0)
(35.900803, 26.036724, 0.0)
(35.899891, 26.022587, 0.0)
(35.914696, 26.024881, 0.0)
(35.964207, 25.986094, 0.0)
(35.980381, 25.961460, 0.0)
(35.941853, 25.953999, 0.0)
(35.900204, 26.029192, 0.0)
(35.890396, 26.025740, 0.0)
(35.926361, 26.064825, 0.0)
(35.945076, 26.081242, 0.0)
(35.940769, 26.104359, 0.0)
(35.904972, 26.120300, 0.0)
(35.917622, 26.132818, 0.0)
(35.941525, 26.127518, 0.0)
(35.971985, 26.099295, 0.0)
(35.951214, 26.071043, 0.0)
(35.792027, 25.988298, 0.0)
(32.465446, 30.079302, 0.0)
(32.497749, 29.764351, 0.0)
(32.427395, 29.660917, 0.0)
(32.406200, 29.823095, 0.0)
(32.397621, 29.884933, 0.0)
(32.359818, 29.887329, 0.0)
(32.339520, 29.956598, 0.0)
(32.385101, 30.055910, 0.0)
(32.432396, 29.973719, 0.0)
(32.406372, 29.937271, 0.0)
(32.413746, 29.938137, 0.0)
(32.378689, 29.930677, 0.0)
(32.391937, 29.958181, 0.0)
(32.422119, 29.985472, 0.0)
(32.435413, 30.025894, 0.0)
(32.395710, 30.118332, 0.0)
(32.364109, 30.154001, 0.0)
(32.374905, 30.171608, 0.0)
(32.396973, 30.194351, 0.0)
(32.410469, 30.195082, 0.0)
(32.390678, 30.190691, 0.0)
(32.384277, 30.182777, 0.0)
(32.394058, 30.185629, 0.0)
(32.394684, 30.148924, 0.0)
(32.410507, 30.160015, 0.0)
(32.379124, 30.156595, 0.0)
(32.370171, 30.132215, 0.0)
(32.430077, 30.106228, 0.0)
(32.454494, 30.120361, 0.0)
(32.436676, 30.098715, 0.0)
(32.411022, 30.029882, 0.0)
(32.383312, 30.010353, 0.0)
(32.419952, 30.036873, 0.0)
(32.428402, 30.035994, 0.0)
(33.281204, 29.573275, 0.0)
(40.125690, 27.691042, 0.0)
(39.822983, 27.159393, 0.0)
(39.827435, 27.009081, 0.0)
(39.852673, 27.106609, 0.0)
(39.866314, 27.118729, 0.0)
(39.883652, 27.082281, 0.0)
(39.877731, 27.048872, 0.0)
(39.866337, 27.046507, 0.0)
(39.874249, 27.037991, 0.0)
(39.850967, 27.057243, 0.0)
(39.879971, 27.097773, 0.0)
(39.870415, 27.103695, 0.0)
(39.823254, 27.105988, 0.0)
(39.818092, 27.145876, 0.0)
(39.811539, 27.106506, 0.0)
(39.845783, 27.098881, 0.0)
(39.862297, 27.105791, 0.0)
(39.848103, 27.110399, 0.0)
(39.801044, 27.181292, 0.0)
(39.799221, 27.198820, 0.0)
(39.861416, 27.168034, 0.0)
(39.865810, 27.169043, 0.0)
(39.825829, 27.180470, 0.0)
(39.821091, 27.103025, 0.0)
(39.804184, 27.051422, 0.0)
(39.827293, 27.075527, 0.0)
(39.840931, 27.134460, 0.0)
(39.769047, 27.163923, 0.0)
(39.746681, 27.251057, 0.0)
(39.785557, 27.260122, 0.0)
(39.803169, 27.288675, 0.0)
(39.843861, 27.261621, 0.0)
(39.869770, 27.291809, 0.0)
(39.791908, 27.269480, 0.0)
(39.783089, 27.225599, 0.0)
(35.613693, 24.513699, 0.0)
(35.650772, 23.614584, 0.0)
(35.709133, 23.398184, 0.0)
(35.742126, 23.502821, 0.0)
(35.713688, 23.521368, 0.0)
(35.699421, 23.461739, 0.0)
(35.727825, 23.466244, 0.0)
(35.734520, 23.473293, 0.0)
(35.737469, 23.478874, 0.0)
(35.741207, 23.471111, 0.0)
(35.713123, 23.506510, 0.0)
(35.695538, 23.545614, 0.0)
(35.749916, 23.565695, 0.0)
(35.745319, 23.541159, 0.0)
(35.728657, 23.550339, 0.0)
(35.689274, 23.494574, 0.0)
(35.608746, 23.437134, 0.0)
(35.457302, 22.953234, 0.0)
(35.460102, 22.945318, 0.0)
(35.423687, 22.995184, 0.0)
(35.400307, 23.002550, 0.0)
(35.400990, 23.036955, 0.0)
(35.432453, 23.017500, 0.0)
(35.430374, 23.010952, 0.0)
(35.443165, 22.992609, 0.0)
(35.438709, 23.038918, 0.0)
(35.417824, 23.067841, 0.0)
(35.449272, 23.029238, 0.0)
(35.473312, 23.013218, 0.0)
(35.438713, 23.030310, 0.0)
(35.430637, 23.013077, 0.0)
(35.435963, 22.996376, 0.0)
(35.433403, 23.029478, 0.0)
(35.398006, 23.055792, 0.0)
(35.397018, 23.096642, 0.0)
(31.861521, 24.961456, 0.0)
(28.736895, 30.865355, 0.0)
(28.742807, 30.131054, 0.0)
(28.966475, 30.049271, 0.0)
(28.982302, 30.107216, 0.0)
(28.923429, 30.111582, 0.0)
(28.976576, 30.138807, 0.0)
(28.983477, 30.150330, 0.0)
(28.955799, 30.155989, 0.0)
(28.931067, 30.135687, 0.0)
(28.937994, 30.146965, 0.0)
(28.973923, 30.145090, 0.0)
(28.986736, 30.146866, 0.0)
(28.977224, 30.126495, 0.0)
(28.955881, 30.052174, 0.0)
(28.949812, 30.011602, 0.0)
(28.980730, 30.083380, 0.0)
(28.989777, 30.106359, 0.0)
(28.986439, 30.106569, 0.0)
(28.950788, 30.094967, 0.0)
(28.897028, 29.986629, 0.0)
(28.913017, 29.797571, 0.0)
(28.943264, 29.768152, 0.0)
(28.937733, 29.823954, 0.0)
(28.914253, 29.799639, 0.0)
(28.889200, 29.739004, 0.0)
(28.913858, 29.718575, 0.0)
(28.897179, 29.720690, 0.0)
(28.909735, 29.735168, 0.0)
(28.883661, 29.796640, 0.0)
(28.895018, 29.779459, 0.0)
(28.927397, 29.794420, 0.0)
(28.946115, 29.780319, 0.0)
(28.949200, 29.764753, 0.0)
(28.926104, 29.752659, 0.0)
(28.927254, 29.792496, 0.0)
(28.975178, 29.794474, 0.0)
(31.460762, 29.680313, 0.0)
(36.370846, 33.620087, 0.0)
(36.397785, 33.141682, 0.0)
(36.337212, 32.968937, 0.0)
(36.333134, 33.023525, 0.0)
(36.342159, 33.043880, 0.0)
(36.865032, 33.192219, 0.0)
(36.927399, 33.317116, 0.0)
(36.911308, 33.386974, 0.0)
(36.919628, 33.375904, 0.0)
(36.872139, 33.298954, 0.0)
(36.925335, 33.261570, 0.0)
(37.001137, 33.255077, 0.0)
(36.982182, 33.286362, 0.0)
(36.951454, 33.274334, 0.0)
(36.936100, 33.256008, 0.0)
(36.970554, 33.244202, 0.0)
(36.984612, 33.252388, 0.0)
(36.959267, 33.228466, 0.0)
(36.957855, 33.205410, 0.0)
(36.975918, 33.181351, 0.0)
(36.992794, 33.190929, 0.0)
(37.064911, 32.403595, 0.0)
(37.063774, 30.010424, 0.0)
(36.937809, 29.635239, 0.0)
(36.904778, 29.637365, 0.0)
(36.905918, 29.653746, 0.0)
(36.910175, 29.692495, 0.0)
(36.887592, 29.680111, 0.0)
(36.851490, 29.560749, 0.0)
(36.876068, 29.521074, 0.0)
(36.914677, 29.526478, 0.0)
(36.918068, 29.563549, 0.0)
(36.890232, 29.644968, 0.0)
(36.902508, 29.680077, 0.0)
(38.389927, 29.541555, 0.0)
(38.416569, 29.478443, 0.0)
(38.417744, 30.587509, 0.0)
(38.630859, 30.025017, 0.0)
(38.403667, 29.122587, 0.0)
(38.367035, 29.054651, 0.0)
(38.430943, 29.274475, 0.0)
(38.446827, 29.282282, 0.0)
(38.454281, 29.312561, 0.0)
(38.418381, 29.267387, 0.0)
(38.449539, 29.234049, 0.0)
(38.504974, 29.255095, 0.0)
(38.530697, 29.285976, 0.0)
(38.482998, 29.325468, 0.0)
(38.440304, 29.339951, 0.0)
(38.467285, 29.363949, 0.0)
(38.516968, 29.397879, 0.0)
(38.460037, 29.422546, 0.0)
(38.388229, 29.398146, 0.0)
(38.389019, 29.414984, 0.0)
(38.452438, 29.447117, 0.0)
(38.463413, 29.475264, 0.0)
(38.426403, 29.469570, 0.0)
(38.396137, 29.460032, 0.0)
(38.395252, 29.441053, 0.0)
(38.426514, 29.442780, 0.0)
(38.427399, 29.424185, 0.0)
(38.397179, 29.386702, 0.0)
(38.308270, 29.419611, 0.0)
(38.351131, 29.433638, 0.0)
(38.408543, 29.460236, 0.0)
(38.377052, 29.431091, 0.0)
(38.346214, 29.430349, 0.0)
(38.182365, 29.446285, 0.0)
(30.589596, 29.199682, 0.0)
(30.493603, 28.648521, 0.0)
(30.483276, 28.587400, 0.0)
(30.542700, 28.738398, 0.0)
(30.533676, 28.762424, 0.0)
(30.469784, 28.791512, 0.0)
(30.467602, 28.880774, 0.0)
(30.531282, 28.894436, 0.0)
(30.541744, 28.930569, 0.0)
(30.520231, 28.930567, 0.0)
(30.467033, 28.954920, 0.0)
(30.465923, 28.965235, 0.0)
(30.515079, 28.946909, 0.0)
(30.499569, 28.940470, 0.0)
(30.514961, 28.842779, 0.0)
(30.460554, 28.808624, 0.0)
(30.487978, 28.810638, 0.0)
(30.496553, 28.824467, 0.0)
(30.505400, 28.800745, 0.0)
(30.484840, 28.847097, 0.0)
(30.449753, 28.894531, 0.0)
(30.470463, 28.888674, 0.0)
(30.507864, 28.901968, 0.0)
(30.503075, 28.922720, 0.0)
(30.489895, 28.894674, 0.0)
(30.446032, 28.832445, 0.0)
(30.454811, 28.923931, 0.0)
(30.455276, 28.975582, 0.0)
(30.460440, 29.006201, 0.0)
(30.410646, 29.018250, 0.0)
(30.407875, 29.042562, 0.0)
(30.418617, 29.075884, 0.0)
(30.422626, 29.067379, 0.0)
(30.434210, 29.107145, 0.0)
(34.203590, 26.187878, 0.0)
(40.906708, 25.698669, 0.0)
(40.427685, 24.219526, 0.0)
(40.262836, 23.633234, 0.0)
(40.236607, 23.498764, 0.0)
(40.321808, 23.494576, 0.0)
(40.402054, 23.522030, 0.0)
(40.400581, 23.496367, 0.0)
(40.721458, 23.401272, 0.0)
(40.773991, 23.353428, 0.0)
(40.802811, 23.403700, 0.0)
(40.838692, 23.462477, 0.0)
(40.837509, 23.384188, 0.0)
(40.821369, 23.305794, 0.0)
(40.783165, 23.277531, 0.0)
(40.857578, 23.296289, 0.0)
(40.878613, 23.237421, 0.0)
(40.853596, 23.260025, 0.0)
(40.833141, 23.275385, 0.0)
(40.820057, 23.270569, 0.0)
(40.816055, 23.289545, 0.0)
(40.831890, 23.274025, 0.0)
(40.813511, 23.249561, 0.0)
(40.796360, 23.263052, 0.0)
(40.802513, 23.277832, 0.0)
(40.819199, 23.280684, 0.0)
(40.813545, 23.316023, 0.0)
(40.773785, 23.330338, 0.0)
(40.743992, 23.344133, 0.0)
(40.704643, 23.345724, 0.0)
(40.759899, 23.352009, 0.0)
(40.777401, 23.322845, 0.0)
(40.764488, 23.341423, 0.0)
(40.763802, 23.360565, 0.0)
(40.754597, 23.358042, 0.0)
(40.748642, 23.368298, 0.0)
(40.759174, 23.392117, 0.0)
(39.228989, 24.701672, 0.0)
(34.190403, 28.921932, 0.0)
(34.090889, 28.569492, 0.0)
(34.079418, 28.397993, 0.0)
(34.119690, 28.475224, 0.0)
(34.080498, 28.529720, 0.0)
(34.101990, 28.529037, 0.0)
(34.141506, 28.581514, 0.0)
(34.119743, 28.611856, 0.0)
(34.093033, 29.010244, 0.0)
(34.099751, 29.096716, 0.0)
(34.136269, 29.099392, 0.0)
(34.145844, 29.094372, 0.0)
(34.134232, 29.108513, 0.0)
(34.073803, 29.094904, 0.0)
(34.081264, 29.099377, 0.0)
(34.091175, 29.102539, 0.0)
(34.102215, 29.107082, 0.0)
(34.078690, 29.138271, 0.0)
(34.066662, 29.173517, 0.0)
(34.030357, 29.176649, 0.0)
(34.033546, 29.178907, 0.0)
(34.066425, 29.156771, 0.0)
(34.064980, 29.118303, 0.0)
(34.012047, 29.139259, 0.0)
(34.004421, 29.077339, 0.0)
(34.015774, 29.088291, 0.0)
(34.015820, 29.082140, 0.0)
(34.013596, 29.129730, 0.0)
(33.965546, 29.130541, 0.0)
(33.955540, 29.132959, 0.0)
(33.959503, 29.137051, 0.0)
(33.995308, 29.148819, 0.0)
(33.997322, 29.161148, 0.0)
(35.113384, 28.513609, 0.0)
(41.590710, 27.031853, 0.0)
(41.216125, 25.734747, 0.0)
(41.134617, 25.325682, 0.0)
(41.201111, 25.326674, 0.0)
(41.237461, 25.330708, 0.0)
(41.266289, 25.391685, 0.0)
(41.272175, 25.401199, 0.0)
(41.265537, 25.426886, 0.0)
(41.254883, 25.427212, 0.0)
(41.256950, 25.419275, 0.0)
(41.256386, 25.343824, 0.0)
(41.277107, 25.389364, 0.0)
(41.286514, 25.421486, 0.0)
(41.311337, 25.455362, 0.0)
(41.301998, 25.490086, 0.0)
(41.326157, 25.492485, 0.0)
(41.346180, 25.399267, 0.0)
(41.353024, 25.371286, 0.0)
(41.310963, 25.331833, 0.0)
(41.310963, 25.331833, 0.0)
(41.313087, 25.337370, 0.0)
(41.322842, 25.392292, 0.0)
(41.329296, 25.478876, 0.0)
(41.285400, 25.535275, 0.0)
(41.277740, 25.538826, 0.0)
(41.261028, 25.506092, 0.0)
(41.267227, 25.497318, 0.0)
(41.257278, 25.520117, 0.0)
(41.240662, 25.519167, 0.0)
(41.231987, 25.557249, 0.0)
(41.213432, 25.574183, 0.0)
(41.236492, 25.529989, 0.0)
(41.248882, 25.523350, 0.0)
(41.243546, 25.540461, 0.0)
(41.221420, 25.518976, 0.0)
(41.180321, 25.483809, 0.0)
(41.476677, 25.744961, 0.0)
(44.218586, 31.846373, 0.0)
(43.818993, 31.518559, 0.0)
(43.784199, 31.586588, 0.0)
(43.815319, 31.530001, 0.0)
(43.875423, 31.461819, 0.0)
(43.905666, 31.454599, 0.0)
(43.901836, 31.512114, 0.0)
(43.659443, 31.756746, 0.0)
(43.643261, 31.904392, 0.0)
(43.637096, 31.897614, 0.0)
(43.611984, 31.852020, 0.0)
(43.552139, 31.776611, 0.0)
(43.589638, 31.753845, 0.0)
(43.645058, 31.715841, 0.0)
(43.662998, 31.748549, 0.0)
(43.642780, 31.796450, 0.0)
(43.613800, 31.831715, 0.0)
(43.600727, 31.773895, 0.0)
(43.609890, 31.795744, 0.0)
(43.629139, 31.781698, 0.0)
(43.636875, 31.738882, 0.0)
(43.607788, 31.764795, 0.0)
(43.616707, 31.827808, 0.0)
(43.634083, 31.762190, 0.0)
(43.652306, 31.779043, 0.0)
(43.624100, 31.824461, 0.0)
(43.610191, 31.811457, 0.0)
(43.609692, 31.857361, 0.0)
(43.637001, 31.882204, 0.0)
(43.643669, 31.918766, 0.0)
(43.608154, 31.946558, 0.0)
(43.593628, 31.953171, 0.0)
(43.601948, 31.944506, 0.0)
(43.623833, 31.923471, 0.0)
(43.218655, 29.564848, 0.0)
(42.606586, 25.691227, 0.0)
(42.526691, 24.778732, 0.0)
(42.624355, 24.485092, 0.0)
(42.696213, 24.588232, 0.0)
(42.688858, 24.600313, 0.0)
(42.640160, 24.522444, 0.0)
(42.652367, 24.369230, 0.0)
(42.649799, 24.358549, 0.0)
(42.644310, 24.396477, 0.0)
(42.669796, 24.472115, 0.0)
(42.737114, 24.340471, 0.0)
(42.760559, 24.368721, 0.0)
(42.796776, 24.398401, 0.0)
(42.800808, 24.338659, 0.0)
(42.836056, 24.339476, 0.0)
(42.820393, 24.364218, 0.0)
(42.829025, 24.377081, 0.0)
(42.856705, 24.358553, 0.0)
(42.848827, 24.385492, 0.0)
(42.830101, 24.405760, 0.0)
(42.782051, 24.414532, 0.0)
(42.806644, 24.394733, 0.0)
(42.843090, 24.397203, 0.0)
(42.856220, 24.398060, 0.0)
(42.791756, 24.427502, 0.0)
(42.751595, 24.424229, 0.0)
(42.753601, 24.389521, 0.0)
(42.777145, 24.423109, 0.0)
(42.777145, 24.423109, 0.0)
(42.771965, 24.455011, 0.0)
(42.710449, 24.464382, 0.0)
(42.724380, 24.452156, 0.0)
(42.785454, 24.472902, 0.0)
(42.754749, 24.497293, 0.0)
(42.711327, 24.449179, 0.0)
(42.155380, 24.621622, 0.0)
(39.132072, 30.092974, 0.0)
(39.009258, 29.934559, 0.0)
(38.971710, 29.959118, 0.0)
(38.985706, 30.009129, 0.0)
(38.985054, 30.019703, 0.0)
(38.703850, 30.825531, 0.0)
(38.696972, 30.947830, 0.0)
(38.742004, 30.904873, 0.0)
(38.734261, 30.916080, 0.0)
(38.707146, 30.927029, 0.0)
(38.680191, 30.910223, 0.0)
(38.696690, 30.916981, 0.0)
(38.728909, 30.954836, 0.0)
(38.709408, 30.955244, 0.0)
(38.679512, 30.911623, 0.0)
(38.641815, 30.875973, 0.0)
(38.676182, 30.885235, 0.0)
(38.701630, 30.865194, 0.0)
(38.688412, 30.814909, 0.0)
(38.636295, 30.881250, 0.0)
(38.586487, 30.876329, 0.0)
(38.640636, 30.868496, 0.0)
(38.650631, 30.841145, 0.0)
(38.630238, 30.851091, 0.0)
(38.607674, 30.852900, 0.0)
(38.546902, 30.861967, 0.0)
(38.603424, 30.856777, 0.0)
(38.620991, 30.859280, 0.0)
(38.574268, 30.863991, 0.0)
(38.489819, 30.882328, 0.0)
(38.472549, 30.838701, 0.0)
(38.522911, 30.806894, 0.0)
(38.529198, 30.726061, 0.0)
(38.457939, 30.802635, 0.0)
(38.390648, 30.831184, 0.0)
(38.468071, 31.634363, 0.0)
(38.844711, 34.300430, 0.0)
(38.796627, 33.556553, 0.0)
(38.760857, 33.364849, 0.0)
(38.752468, 33.353474, 0.0)
(38.720310, 33.342636, 0.0)
(38.725643, 33.382622, 0.0)
(38.771347, 33.400227, 0.0)
(38.819256, 33.419399, 0.0)
(38.803658, 33.456291, 0.0)
(38.742973, 33.489399, 0.0)
(38.819412, 33.473804, 0.0)
(38.833542, 33.467464, 0.0)
(38.783958, 33.499866, 0.0)
(38.424503, 32.856094, 0.0)
(37.644688, 29.835764, 0.0)
(37.592667, 29.153708, 0.0)
(37.546448, 29.067858, 0.0)
(37.515030, 29.173590, 0.0)
(37.466087, 29.160257, 0.0)
(37.494484, 29.123713, 0.0)
(37.518398, 29.133032, 0.0)
(37.544041, 29.122936, 0.0)
(37.509953, 29.133886, 0.0)
(37.486534, 29.129456, 0.0)
(37.501530, 29.051889, 0.0)
(37.540138, 29.053885, 0.0)
(37.505112, 29.121584, 0.0)
(37.450863, 29.073673, 0.0)
(37.432018, 29.085691, 0.0)
(37.442329, 29.075249, 0.0)
(37.461006, 29.040998, 0.0)
(37.450096, 28.988205, 0.0)
(37.442944, 28.959936, 0.0)
(37.443031, 28.922203, 0.0)
(37.648464, 28.935139, 0.0)
(42.218311, 30.056814, 0.0)
(44.305496, 31.827381, 0.0)
(44.312428, 32.016701, 0.0)
(44.257683, 31.935881, 0.0)
(44.264915, 31.908508, 0.0)
(44.244431, 31.918884, 0.0)
(44.224823, 31.899971, 0.0)
(44.227089, 31.890669, 0.0)
(44.254333, 31.871475, 0.0)
(44.274887, 31.892878, 0.0)
(44.263237, 31.895351, 0.0)
(44.220375, 31.864582, 0.0)
(44.227764, 31.900383, 0.0)
(44.256268, 31.875210, 0.0)
(44.290684, 31.844793, 0.0)
(44.280216, 31.825390, 0.0)
(44.214294, 31.842834, 0.0)
(44.258614, 31.815569, 0.0)
(44.362469, 31.845734, 0.0)
(44.349442, 31.891060, 0.0)
(44.253777, 31.864319, 0.0)
(44.241192, 31.839722, 0.0)
(44.353306, 31.907692, 0.0)
(44.362606, 31.869858, 0.0)
(44.311611, 31.851366, 0.0)
(44.260979, 31.850307, 0.0)
(44.269482, 31.862183, 0.0)
(44.255455, 31.859591, 0.0)
(44.265732, 31.904467, 0.0)
(44.270706, 31.899317, 0.0)
(44.281551, 31.936352, 0.0)
(44.222057, 31.916546, 0.0)
(44.254665, 31.874634, 0.0)
(44.306351, 31.890678, 0.0)
(44.273098, 31.877275, 0.0)
(43.806751, 31.607590, 0.0)
(33.893307, 28.898212, 0.0)
(33.948101, 28.097584, 0.0)
(33.959511, 27.794029, 0.0)
(34.002281, 27.843084, 0.0)
(34.025318, 27.808586, 0.0)
(34.034683, 27.809124, 0.0)
(34.039127, 27.818764, 0.0)
(34.053116, 27.821518, 0.0)
(34.010864, 27.860218, 0.0)
(33.990253, 27.908169, 0.0)
(34.021484, 27.884142, 0.0)
(34.056309, 27.941217, 0.0)
(34.002083, 27.966913, 0.0)
(33.955132, 27.946581, 0.0)
(33.934944, 27.951836, 0.0)
(33.958027, 27.978674, 0.0)
(33.976578, 27.992020, 0.0)
(33.965588, 28.012522, 0.0)
(33.922726, 28.019793, 0.0)
(33.952229, 28.022038, 0.0)
(33.961292, 28.008532, 0.0)
(33.964294, 27.978762, 0.0)
(33.955055, 27.974146, 0.0)
(33.967419, 28.003429, 0.0)
(33.944870, 27.996799, 0.0)
(33.919243, 28.006519, 0.0)
(33.945267, 28.013586, 0.0)
(33.953411, 27.986393, 0.0)
(33.931339, 28.008965, 0.0)
(33.885422, 28.002394, 0.0)
(33.893414, 27.973288, 0.0)
(33.902668, 28.033550, 0.0)
(33.900204, 28.069189, 0.0)
(33.892509, 28.085106, 0.0)
(33.848015, 28.114124, 0.0)
(34.336838, 28.348963, 0.0)
(39.852844, 31.873739, 0.0)
(40.862293, 33.630985, 0.0)
(40.814060, 33.646358, 0.0)
(40.744846, 33.526752, 0.0)
(40.744434, 33.497261, 0.0)
(40.677010, 33.903130, 0.0)
(40.694096, 34.288387, 0.0)
(40.723301, 34.242500, 0.0)
(40.688473, 34.215984, 0.0)
(40.661182, 34.198223, 0.0)
(40.650650, 34.177830, 0.0)
(40.663723, 34.182835, 0.0)
(40.671513, 34.188225, 0.0)
(40.648827, 34.203007, 0.0)
(40.625824, 34.234383, 0.0)
(40.617859, 34.225941, 0.0)
(40.624329, 34.197762, 0.0)
(40.626606, 34.191429, 0.0)
(40.595127, 34.165611, 0.0)
(40.639984, 34.148277, 0.0)
(40.660648, 34.135284, 0.0)
(40.603279, 34.203815, 0.0)
(40.595181, 34.168201, 0.0)
(40.631310, 34.115139, 0.0)
(40.627872, 34.127865, 0.0)
(40.625408, 34.086563, 0.0)
(40.610882, 34.051006, 0.0)
(40.623077, 34.008682, 0.0)
(40.642239, 34.018406, 0.0)
(40.639656, 34.038902, 0.0)
(40.610394, 34.063530, 0.0)
(40.590187, 34.066727, 0.0)
(40.589970, 34.086460, 0.0)
(40.588791, 34.067955, 0.0)
(40.597988, 34.042496, 0.0)
(40.616539, 34.012005, 0.0)
(40.648823, 34.023903, 0.0)
(38.149399, 34.034103, 0.0)
(34.995838, 33.749195, 0.0)
(35.047417, 33.685074, 0.0)
(35.125607, 33.664471, 0.0)
(35.040657, 33.687496, 0.0)
(35.015121, 33.651070, 0.0)
(35.027477, 33.652287, 0.0)
(34.702484, 33.683235, 0.0)
(34.635490, 33.664368, 0.0)
(34.539055, 33.671253, 0.0)
(34.507622, 33.698772, 0.0)
(34.514015, 33.709324, 0.0)
(34.500664, 33.713047, 0.0)
(34.471107, 33.777679, 0.0)
(34.414150, 33.789406, 0.0)
(34.427910, 33.788269, 0.0)
(34.411858, 33.802990, 0.0)
(34.372021, 33.839355, 0.0)
(34.377678, 33.824638, 0.0)
(34.400139, 33.807213, 0.0)
(34.364712, 33.809032, 0.0)
(34.312466, 33.808784, 0.0)
(34.292389, 33.810394, 0.0)
(34.286537, 33.808029, 0.0)
(34.288879, 33.828403, 0.0)
(34.255722, 33.825813, 0.0)
(34.217609, 33.881641, 0.0)
(34.192215, 33.916897, 0.0)
(34.205669, 33.836246, 0.0)
(34.162582, 33.745293, 0.0)
(34.168488, 33.675472, 0.0)
(34.167427, 33.621429, 0.0)
(34.132168, 33.588207, 0.0)
(34.137245, 33.652153, 0.0)
(34.218987, 33.627220, 0.0)
(34.230789, 33.609444, 0.0)
(34.197266, 33.636303, 0.0)
(38.734299, 29.676750, 0.0)
(42.336773, 26.569662, 0.0)
(44.098030, 26.111095, 0.0)
(44.165520, 26.249378, 0.0)
(44.150475, 26.345932, 0.0)
(44.104195, 26.466734, 0.0)
(45.008286, 26.016533, 0.0)
(45.093433, 25.944071, 0.0)
(45.112316, 26.023907, 0.0)
(45.153297, 26.071512, 0.0)
(45.164539, 26.010763, 0.0)
(45.147358, 26.036858, 0.0)
(45.219944, 26.040373, 0.0)
(45.276333, 26.015060, 0.0)
(45.284286, 26.059649, 0.0)
(45.234219, 26.088615, 0.0)
(45.201664, 26.111097, 0.0)
(45.144981, 25.917925, 0.0)
(45.176884, 25.719862, 0.0)
(45.228638, 25.638088, 0.0)
(45.300385, 25.728910, 0.0)
(45.334816, 25.755621, 0.0)
(45.402718, 25.734478, 0.0)
(45.355492, 25.612637, 0.0)
(45.326492, 25.600000, 0.0)
(45.265537, 25.589108, 0.0)
(45.273079, 25.603197, 0.0)
(45.289799, 25.611069, 0.0)
(45.308163, 25.580786, 0.0)
(45.312759, 25.657049, 0.0)
(45.277569, 25.729191, 0.0)
(45.232151, 25.675213, 0.0)
(45.245941, 25.627827, 0.0)
(45.285591, 25.620695, 0.0)
(45.288967, 25.677591, 0.0)
(45.310486, 25.739012, 0.0)
(43.703865, 25.309608, 0.0)
(40.294418, 24.077368, 0.0)
(40.453266, 24.117226, 0.0)
(40.516903, 24.090595, 0.0)
(40.145798, 24.062479, 0.0)
(39.712345, 23.965048, 0.0)
(39.779930, 23.984058, 0.0)
(39.812492, 24.010132, 0.0)
(39.800503, 24.076759, 0.0)
(39.720737, 24.141558, 0.0)
(39.669765, 24.219318, 0.0)
(39.634888, 24.217497, 0.0)
(39.641655, 24.256937, 0.0)
(39.442318, 24.303061, 0.0)
(39.299683, 24.058798, 0.0)
(39.296177, 23.991646, 0.0)
(39.388474, 23.988811, 0.0)
(39.376396, 24.013802, 0.0)
(39.408871, 23.997776, 0.0)
(39.354977, 24.006693, 0.0)
(39.352875, 23.999275, 0.0)
(39.371342, 24.015429, 0.0)
(39.334324, 24.119961, 0.0)
(39.325211, 24.122738, 0.0)
(39.300491, 24.097166, 0.0)
(39.273674, 24.094725, 0.0)
(39.318916, 24.080015, 0.0)
(39.253307, 24.073408, 0.0)
(39.207935, 23.970219, 0.0)
(39.200645, 23.934895, 0.0)
(39.239864, 23.901539, 0.0)
(39.315891, 23.901031, 0.0)
(39.262787, 23.912945, 0.0)
(39.203999, 23.869871, 0.0)
(39.213871, 23.832050, 0.0)
(39.194557, 23.856493, 0.0)
(39.196445, 23.837830, 0.0)
(39.149513, 23.807947, 0.0)
(39.097710, 23.759754, 0.0)
(39.142048, 23.760393, 0.0)
(39.145790, 23.715527, 0.0)
(39.163048, 23.653532, 0.0)
(39.120781, 23.679161, 0.0)
(38.793766, 23.901602, 0.0)
(35.011635, 26.057104, 0.0)
(31.981840, 27.884790, 0.0)
(31.753853, 28.280556, 0.0)
(31.785965, 28.127842, 0.0)
(31.803082, 28.114443, 0.0)
(31.791222, 28.154421, 0.0)
(31.764214, 28.140524, 0.0)
(31.698750, 28.186543, 0.0)
(31.691576, 28.255320, 0.0)
(36.411621, 28.096292, 0.0)
(42.503311, 29.932886, 0.0)
(44.619244, 31.214891, 0.0)
(44.590061, 31.200399, 0.0)
(44.531425, 31.169149, 0.0)
(44.558926, 31.141233, 0.0)
(44.579540, 31.114246, 0.0)
(44.647770, 31.257589, 0.0)
(44.999519, 32.134392, 0.0)
(45.002426, 32.066776, 0.0)
(45.010796, 32.047874, 0.0)
(44.992802, 32.074387, 0.0)
(44.973675, 32.072315, 0.0)
(44.969063, 32.062160, 0.0)
(44.973675, 32.072315, 0.0)
(44.975201, 32.061806, 0.0)
(44.921627, 32.064228, 0.0)
(44.901474, 32.048401, 0.0)
(44.926262, 31.979458, 0.0)
(44.940762, 31.956247, 0.0)
(44.956657, 31.965351, 0.0)
(44.947704, 31.998911, 0.0)
(44.838749, 31.979914, 0.0)
(40.405560, 31.392876, 0.0)
(36.547943, 32.024963, 0.0)
(36.490326, 31.570675, 0.0)
(36.437824, 31.504313, 0.0)
(36.459095, 31.634491, 0.0)
(36.443398, 31.640083, 0.0)
(36.415604, 31.641190, 0.0)
(36.860382, 31.541578, 0.0)
(36.932899, 31.509029, 0.0)
(36.917938, 31.462984, 0.0)
(36.923031, 31.474043, 0.0)
(36.906654, 31.485619, 0.0)
(36.921921, 31.519438, 0.0)
(36.891376, 31.503016, 0.0)
(36.898438, 31.484783, 0.0)
(36.898167, 31.513536, 0.0)
(36.889820, 31.501642, 0.0)
(36.885273, 31.450813, 0.0)
(36.863556, 31.461130, 0.0)
(36.888599, 31.499681, 0.0)
(36.877724, 31.522272, 0.0)
(36.826431, 31.538584, 0.0)
(36.819881, 31.541603, 0.0)
(36.965359, 30.155966, 0.0)
(37.075211, 27.847361, 0.0)
(37.035778, 27.748135, 0.0)
(37.064198, 28.052553, 0.0)
(37.089088, 28.063192, 0.0)
(37.093025, 28.107517, 0.0)
(37.107201, 28.072615, 0.0)
(37.148785, 28.065472, 0.0)
(37.094067, 28.111507, 0.0)
(37.050579, 28.102705, 0.0)
(37.024357, 28.051367, 0.0)
(37.024899, 28.025740, 0.0)
(37.256168, 27.811769, 0.0)
(37.876701, 24.462763, 0.0)
(37.827591, 24.428108, 0.0)
(37.780865, 24.574129, 0.0)
(37.784290, 24.571663, 0.0)
(37.779823, 24.614689, 0.0)
(37.767685, 24.673553, 0.0)
(37.744637, 24.674677, 0.0)
(37.718853, 24.693623, 0.0)
(37.704811, 24.708574, 0.0)
(37.461174, 24.525053, 0.0)
(37.551685, 24.339405, 0.0)
(37.580261, 24.289171, 0.0)
(37.579399, 24.222353, 0.0)
(37.589577, 24.277027, 0.0)
(37.582851, 24.282051, 0.0)
(37.599434, 24.311794, 0.0)
(37.597401, 24.341209, 0.0)
(37.552727, 24.405762, 0.0)
(37.564045, 24.435518, 0.0)
(37.600460, 24.453365, 0.0)
(37.592968, 24.439146, 0.0)
(37.563290, 24.466709, 0.0)
(37.578014, 24.507845, 0.0)
(37.601334, 24.550333, 0.0)
(37.561047, 24.595169, 0.0)
(37.565063, 24.571415, 0.0)
(37.582134, 24.515614, 0.0)
(37.557423, 24.497824, 0.0)
(37.550537, 24.484077, 0.0)
(37.505974, 24.464336, 0.0)
(37.479702, 24.420727, 0.0)
(37.514042, 24.432217, 0.0)
(37.563053, 24.490705, 0.0)
(37.483051, 24.538748, 0.0)
(37.450768, 24.623922, 0.0)
(37.472893, 24.570408, 0.0)
(37.515011, 24.568611, 0.0)
(35.576885, 24.842937, 0.0)
(30.980209, 26.656342, 0.0)
(29.619722, 26.423063, 0.0)
(29.996544, 25.622185, 0.0)
(30.062037, 25.497919, 0.0)
(30.007391, 25.593513, 0.0)
(29.920406, 25.646935, 0.0)
(29.889004, 25.644388, 0.0)
(29.888351, 25.639290, 0.0)
(29.896820, 25.608227, 0.0)
(29.896820, 25.608227, 0.0)
(29.737312, 25.370256, 0.0)
(29.680986, 25.267881, 0.0)
(29.712915, 25.318377, 0.0)
(29.742418, 25.361162, 0.0)
(29.717379, 25.427917, 0.0)
(29.720520, 25.434999, 0.0)
(29.730593, 25.438364, 0.0)
(29.680746, 25.452860, 0.0)
(29.666700, 25.369205, 0.0)
(29.733305, 25.325638, 0.0)
(29.721146, 25.392673, 0.0)
(29.700081, 25.404482, 0.0)
(29.691727, 25.401239, 0.0)
(29.654156, 25.428841, 0.0)
(29.651682, 25.463442, 0.0)
(29.630966, 25.539845, 0.0)
(29.637568, 25.533241, 0.0)
(29.655916, 25.520805, 0.0)
(29.690727, 25.519567, 0.0)
(29.736504, 25.524393, 0.0)
(29.756346, 25.577780, 0.0)
(29.738417, 25.613773, 0.0)
(29.688517, 25.611523, 0.0)
(29.694853, 25.643894, 0.0)
(29.744209, 25.637403, 0.0)
(31.390102, 26.013359, 0.0)
(33.829311, 27.958010, 0.0)
(34.473934, 30.543638, 0.0)
(34.312279, 30.897707, 0.0)
(34.330635, 30.770493, 0.0)
(34.333534, 30.736992, 0.0)
(34.233494, 30.774200, 0.0)
(34.230122, 30.765747, 0.0)
(34.235519, 30.815222, 0.0)
(34.253029, 30.809063, 0.0)
(34.249550, 30.821609, 0.0)
(34.245262, 30.880198, 0.0)
(34.223621, 30.883972, 0.0)
(34.237820, 30.964010, 0.0)
(34.307163, 30.964586, 0.0)
(34.325035, 31.085106, 0.0)
(34.353111, 31.213366, 0.0)
(34.336903, 31.150702, 0.0)
(34.273964, 31.099659, 0.0)
(34.241058, 31.073429, 0.0)
(34.263187, 31.112564, 0.0)
(34.264000, 31.116133, 0.0)
(34.261581, 31.129652, 0.0)
(34.266197, 31.146204, 0.0)
(34.294239, 31.177370, 0.0)
(34.315361, 31.155354, 0.0)
(34.269806, 31.127789, 0.0)
(34.174320, 31.092409, 0.0)
(34.173870, 31.089853, 0.0)
(34.251480, 31.055540, 0.0)
(34.243492, 31.045469, 0.0)
(34.221706, 31.032049, 0.0)
(34.246372, 30.916103, 0.0)
(34.289707, 30.873362, 0.0)
(34.258423, 30.907087, 0.0)
(34.211044, 30.976223, 0.0)
(34.186672, 30.973875, 0.0)
(34.151947, 30.976576, 0.0)
(38.330441, 25.686487, 0.0)
(37.457542, 24.305565, 0.0)
(37.265133, 23.921051, 0.0)
(37.270981, 24.023811, 0.0)
(37.303047, 24.054117, 0.0)
(37.298687, 24.093203, 0.0)
(37.266735, 24.087376, 0.0)
(37.268005, 24.093765, 0.0)
(37.327850, 24.105888, 0.0)
(37.383324, 24.119677, 0.0)
(37.408192, 24.074131, 0.0)
(37.418182, 24.070761, 0.0)
(37.361485, 24.093000, 0.0)
(37.343128, 24.071623, 0.0)
(37.379871, 24.105585, 0.0)
(37.407860, 24.137068, 0.0)
(37.381523, 24.149292, 0.0)
(37.264721, 24.118912, 0.0)
(37.336075, 24.078405, 0.0)
(37.382626, 24.057558, 0.0)
(37.341896, 24.076582, 0.0)
(37.323322, 24.059597, 0.0)
(37.291637, 24.031876, 0.0)
(37.305172, 24.071184, 0.0)
(37.328014, 24.158613, 0.0)
(37.302505, 24.145609, 0.0)
(37.272457, 24.133869, 0.0)
(37.279140, 24.151058, 0.0)
(37.262474, 24.141548, 0.0)
(37.263378, 24.136095, 0.0)
(37.286846, 24.151419, 0.0)
(37.229507, 24.137154, 0.0)
(37.202744, 24.121931, 0.0)
(37.205040, 24.138748, 0.0)
(37.203205, 24.106718, 0.0)
(37.082710, 24.678730, 0.0)
(38.627068, 28.870329, 0.0)
(38.528622, 28.247169, 0.0)
(38.417660, 28.163696, 0.0)
(38.376217, 28.253891, 0.0)
(38.439774, 28.257708, 0.0)
(38.453465, 28.299263, 0.0)
(38.460419, 28.330101, 0.0)
(38.435101, 28.347834, 0.0)
(38.337566, 28.352917, 0.0)
(38.381622, 28.331059, 0.0)
(38.488823, 28.344950, 0.0)
(38.409309, 28.389320, 0.0)
(38.342213, 28.346949, 0.0)
(38.328499, 28.322611, 0.0)
(38.356125, 28.331074, 0.0)
(38.408905, 28.367277, 0.0)
(38.386047, 28.356728, 0.0)
(38.312790, 28.340315, 0.0)
(38.306877, 28.351974, 0.0)
(38.330833, 28.338135, 0.0)
(38.332005, 28.329594, 0.0)
(38.333546, 28.317135, 0.0)
(38.300896, 28.369312, 0.0)
(38.306885, 28.364250, 0.0)
(38.388874, 28.303263, 0.0)
(38.376823, 28.358456, 0.0)
(38.318775, 28.384991, 0.0)
(38.291653, 28.403667, 0.0)
(38.269447, 28.469995, 0.0)
(38.306690, 28.467613, 0.0)
(38.318470, 28.522802, 0.0)
(38.287365, 28.545683, 0.0)
(38.289486, 28.572495, 0.0)
(38.292225, 28.467220, 0.0)
(38.295841, 28.442728, 0.0)
(38.292866, 28.467075, 0.0)
(41.216396, 29.297619, 0.0)
(42.207340, 29.711554, 0.0)
(42.259338, 29.649075, 0.0)
(42.253468, 29.716875, 0.0)
(42.252956, 29.702143, 0.0)
(42.214596, 29.690704, 0.0)
(42.184895, 29.568077, 0.0)
(42.206066, 29.585487, 0.0)
(41.978958, 29.460831, 0.0)
(41.972355, 29.427870, 0.0)
(41.942631, 29.390177, 0.0)
(41.901630, 29.403799, 0.0)
(41.938877, 29.412664, 0.0)
(41.961533, 29.459969, 0.0)
(41.965614, 29.450825, 0.0)
(41.949760, 29.438669, 0.0)
(41.903397, 29.432714, 0.0)
(41.946377, 29.444937, 0.0)
(41.990791, 29.452585, 0.0)
(41.967800, 29.414368, 0.0)
(41.909966, 29.370968, 0.0)
(41.896080, 29.324123, 0.0)
(41.930134, 29.373579, 0.0)
(41.952389, 29.351862, 0.0)
(41.946838, 29.359859, 0.0)
(41.920162, 29.430088, 0.0)
(41.917126, 29.436640, 0.0)
(41.953880, 29.390121, 0.0)
(41.966507, 29.411980, 0.0)
(41.955997, 29.372534, 0.0)
(41.920959, 29.380516, 0.0)
(41.900970, 29.345419, 0.0)
(41.923450, 29.369606, 0.0)
(41.937820, 29.348337, 0.0)
(41.871590, 29.345190, 0.0)
(41.839336, 29.306034, 0.0)
(41.845108, 29.215462, 0.0)
(42.735760, 29.713491, 0.0)
(43.675648, 30.200434, 0.0)
(43.692947, 30.165161, 0.0)
(43.631866, 30.072786, 0.0)
(43.631527, 30.094442, 0.0)
(43.644398, 30.104792, 0.0)
(43.667824, 30.187773, 0.0)
(43.632568, 30.018965, 0.0)
(43.597507, 30.347025, 0.0)
(43.481178, 29.826735, 0.0)
(43.356007, 30.738941, 0.0)
(43.480125, 30.278646, 0.0)
(43.483204, 30.179127, 0.0)
(43.490833, 30.204798, 0.0)
(43.555382, 30.252501, 0.0)
(43.601692, 30.309914, 0.0)
(43.612938, 30.348013, 0.0)
(43.585789, 30.379591, 0.0)
(43.582504, 30.408537, 0.0)
(43.637074, 30.362967, 0.0)
(43.652458, 30.352688, 0.0)
(43.636166, 30.337410, 0.0)
(43.612923, 30.250137, 0.0)
(43.614265, 30.223412, 0.0)
(43.673466, 30.232878, 0.0)
(43.638866, 30.262638, 0.0)
(43.644238, 30.276550, 0.0)
(43.641548, 30.231241, 0.0)
(43.656582, 30.229731, 0.0)
(43.668781, 30.217272, 0.0)
(43.666393, 30.202007, 0.0)
(43.664848, 30.143621, 0.0)
(44.123398, 30.293404, 0.0)
(45.411686, 27.462971, 0.0)
(45.303333, 27.177942, 0.0)
(45.309433, 27.260296, 0.0)
(45.376003, 27.250841, 0.0)
(45.391563, 27.302109, 0.0)
(45.384003, 27.313105, 0.0)
(45.401344, 27.347191, 0.0)
(45.754833, 27.344297, 0.0)
(45.795643, 27.346272, 0.0)
(45.806721, 27.394230, 0.0)
(45.823235, 27.459553, 0.0)
(45.817799, 27.498030, 0.0)
(45.804295, 27.481134, 0.0)
(45.826591, 27.447704, 0.0)
(45.828197, 27.456856, 0.0)
(45.784828, 27.372959, 0.0)
(45.771790, 27.352356, 0.0)
(45.797367, 27.333447, 0.0)
(45.815315, 27.331888, 0.0)
(45.813259, 27.389605, 0.0)
(45.783928, 27.411671, 0.0)
(45.763725, 27.397943, 0.0)
(45.748951, 27.284685, 0.0)
(45.799839, 27.259054, 0.0)
(45.789204, 27.257837, 0.0)
(45.787933, 27.246120, 0.0)
(45.742390, 27.253864, 0.0)
(45.706982, 27.297632, 0.0)
(45.763809, 27.355680, 0.0)
(45.797623, 27.423161, 0.0)
(45.766495, 27.471636, 0.0)
(45.673916, 27.441515, 0.0)
(45.712200, 27.431580, 0.0)
(45.687027, 27.444490, 0.0)
(45.612633, 27.745203, 0.0)
(46.162228, 31.545397, 0.0)
(46.149261, 31.241026, 0.0)
(46.056129, 31.174135, 0.0)
(46.047234, 31.138901, 0.0)
(46.065819, 31.084496, 0.0)
(46.123657, 31.068653, 0.0)
(45.891598, 31.172749, 0.0)
(45.857819, 31.261139, 0.0)
(45.866825, 31.238361, 0.0)
(45.869240, 31.261538, 0.0)
(45.873737, 31.310127, 0.0)
(45.847969, 31.296242, 0.0)
(45.828121, 31.267651, 0.0)
(45.855202, 31.227785, 0.0)
(45.878769, 31.192101, 0.0)
(45.882004, 31.166864, 0.0)
(45.877258, 31.197580, 0.0)
(45.878613, 31.266239, 0.0)
(45.877407, 31.356346, 0.0)
(45.897060, 31.321226, 0.0)
(45.898087, 31.327877, 0.0)
(45.893127, 31.331045, 0.0)
(45.868790, 31.274094, 0.0)
(45.884136, 31.237835, 0.0)
(45.884010, 31.221415, 0.0)
(45.897339, 31.218204, 0.0)
(45.877602, 31.261086, 0.0)
(45.853451, 31.302263, 0.0)
(45.892052, 31.339174, 0.0)
(45.858524, 31.295990, 0.0)
(45.870132, 31.293430, 0.0)
(38.609051, 27.171980, 0.0)
(38.530964, 26.654795, 0.0)
(38.431480, 26.626440, 0.0)
(38.456722, 26.706821, 0.0)
(38.515671, 26.749643, 0.0)
(38.511295, 26.732170, 0.0)
(38.153271, 26.784172, 0.0)
(38.067150, 26.779034, 0.0)
(38.080677, 26.796400, 0.0)
(38.099384, 26.791594, 0.0)
(38.099606, 26.809765, 0.0)
(38.102055, 26.851641, 0.0)
(38.098534, 26.909819, 0.0)
(38.078869, 26.894016, 0.0)
(38.114632, 26.854362, 0.0)
(38.143356, 26.813570, 0.0)
(38.123875, 26.815948, 0.0)
(38.105419, 26.791327, 0.0)
(38.091621, 26.800642, 0.0)
(38.096912, 26.821274, 0.0)
(38.111359, 26.826084, 0.0)
(38.108055, 26.858160, 0.0)
(38.053867, 26.884405, 0.0)
(38.055370, 26.898348, 0.0)
(38.104046, 26.910976, 0.0)
(38.108704, 26.914083, 0.0)
(38.077477, 26.899107, 0.0)
(38.072243, 26.905258, 0.0)
(38.038437, 26.937223, 0.0)
(38.052193, 26.906406, 0.0)
(38.053215, 26.912271, 0.0)
(38.023933, 26.936403, 0.0)
(38.032467, 26.942062, 0.0)
(38.037601, 26.933117, 0.0)
(38.258465, 26.810282, 0.0)
(40.781467, 24.782827, 0.0)
(42.386230, 24.030148, 0.0)
(42.722923, 23.511286, 0.0)
(42.666668, 23.409698, 0.0)
(42.665707, 23.359531, 0.0)
(42.661964, 23.350487, 0.0)
(42.688320, 23.342455, 0.0)
(42.650375, 23.324245, 0.0)
(42.583824, 23.347588, 0.0)
(42.740452, 24.243330, 0.0)
(42.363132, 23.316023, 0.0)
(42.308174, 23.011868, 0.0)
(42.371666, 23.054937, 0.0)
(42.468227, 23.049152, 0.0)
(42.493744, 23.000738, 0.0)
(42.535267, 23.000753, 0.0)
(42.542404, 23.009062, 0.0)
(42.478142, 23.091734, 0.0)
(42.471539, 23.147564, 0.0)
(42.495224, 23.109995, 0.0)
(42.560406, 23.187780, 0.0)
(42.546001, 23.285978, 0.0)
(42.519577, 23.255257, 0.0)
(42.533749, 23.265326, 0.0)
(42.520409, 23.254860, 0.0)
(42.534595, 23.300623, 0.0)
(42.510864, 23.301582, 0.0)
(42.489494, 23.293173, 0.0)
(42.480320, 23.264784, 0.0)
(42.496548, 23.257053, 0.0)
(40.352772, 23.187389, 0.0)
(35.079208, 23.195240, 0.0)
(33.819927, 23.363060, 0.0)
(33.813404, 23.330307, 0.0)
(34.100449, 24.187624, 0.0)
(33.446407, 24.088795, 0.0)
(33.243259, 23.390713, 0.0)
(33.110859, 23.225883, 0.0)
(33.128677, 23.233110, 0.0)
(33.160454, 23.256773, 0.0)
(33.194016, 23.255297, 0.0)
(33.203976, 23.282421, 0.0)
(33.190311, 23.267488, 0.0)
(33.104954, 23.287018, 0.0)
(33.262798, 23.623672, 0.0)
(33.349751, 24.277821, 0.0)
(33.130127, 23.490110, 0.0)
(33.025047, 23.127851, 0.0)
(32.973721, 23.059134, 0.0)
(32.981846, 23.030354, 0.0)
(33.030907, 23.057394, 0.0)
(33.088867, 23.049601, 0.0)
(33.017220, 23.051168, 0.0)
(33.007675, 23.075891, 0.0)
(33.317078, 23.168730, 0.0)
(33.396587, 23.242121, 0.0)
(33.318924, 23.281874, 0.0)
(33.304783, 23.222425, 0.0)
(33.323132, 23.241930, 0.0)
(33.371250, 23.252571, 0.0)
(33.428726, 23.273691, 0.0)
(31.422741, 24.055014, 0.0)
(29.956432, 24.445908, 0.0)
(29.897671, 24.428659, 0.0)
(29.995567, 24.369587, 0.0)
(30.007902, 24.375959, 0.0)
(29.973047, 24.390867, 0.0)
(29.819469, 24.412794, 0.0)
(29.857143, 24.656044, 0.0)
(29.521387, 25.762896, 0.0)
(29.510860, 24.757824, 0.0)
(29.518011, 24.516798, 0.0)
(29.504303, 24.492620, 0.0)
(29.510452, 24.419081, 0.0)
(29.560766, 24.390888, 0.0)
(29.619844, 24.370724, 0.0)
(29.622721, 24.354141, 0.0)
(29.566607, 24.347097, 0.0)
(29.852499, 24.279032, 0.0)
(30.057692, 24.247787, 0.0)
(30.018198, 24.313110, 0.0)
(29.966669, 24.286480, 0.0)
(29.947786, 24.277109, 0.0)
(29.989395, 24.260229, 0.0)
(30.013828, 24.290800, 0.0)
(29.987251, 24.280157, 0.0)
(29.971189, 24.271851, 0.0)
(29.966906, 24.244646, 0.0)
(29.970493, 24.273405, 0.0)
(29.991453, 24.268190, 0.0)
(29.977005, 24.249893, 0.0)
(29.921385, 24.296074, 0.0)
(29.918287, 24.303650, 0.0)
(29.982742, 24.274397, 0.0)
(29.972185, 24.305849, 0.0)
(30.128515, 24.533621, 0.0)
(33.238125, 28.574236, 0.0)
(35.023216, 32.205563, 0.0)
(35.023796, 32.349060, 0.0)
(34.927982, 32.202232, 0.0)
(34.841545, 32.169964, 0.0)
(34.898003, 32.498211, 0.0)
(35.373940, 34.681641, 0.0)
(35.327427, 34.613647, 0.0)
(35.328529, 34.536598, 0.0)
(35.266392, 34.558231, 0.0)
(35.276104, 34.451466, 0.0)
(35.306503, 34.408939, 0.0)
(35.301273, 34.434216, 0.0)
(35.191639, 34.484684, 0.0)
(35.150932, 34.452747, 0.0)
(35.175068, 34.443596, 0.0)
(35.196747, 34.426544, 0.0)
(35.141342, 34.489643, 0.0)
(35.112385, 34.459930, 0.0)
(35.109070, 34.463379, 0.0)
(35.103806, 34.468395, 0.0)
(35.106964, 34.481018, 0.0)
(35.099651, 34.495880, 0.0)
(35.024540, 34.487091, 0.0)
(35.016739, 34.448734, 0.0)
(35.037830, 34.415581, 0.0)
(35.042995, 34.432854, 0.0)
(35.008224, 34.443378, 0.0)
(34.961227, 34.413559, 0.0)
(34.968445, 34.402775, 0.0)
(34.968636, 34.422699, 0.0)
(34.952763, 34.434746, 0.0)
(34.913857, 34.435875, 0.0)
(34.888439, 34.461788, 0.0)
(34.882420, 34.463272, 0.0)
(34.884171, 34.466988, 0.0)
(34.821236, 34.478203, 0.0)
(34.438129, 35.854862, 0.0)
(0.000000, 0.000000, 1.0)
(30.683336, 31.358040, 0.0)
(30.549528, 30.798281, 0.0)
(30.513187, 30.663420, 0.0)
(30.535551, 30.714613, 0.0)
(30.546873, 30.699589, 0.0)
(30.583786, 30.727573, 0.0)
(30.537710, 30.664942, 0.0)
(30.455757, 30.230099, 0.0)
(30.497602, 30.249573, 0.0)
(30.538223, 30.250351, 0.0)
(30.588888, 30.286970, 0.0)
(30.598192, 30.280558, 0.0)
(30.630388, 30.231949, 0.0)
(30.565742, 30.325090, 0.0)
(30.591244, 30.328844, 0.0)
(30.638716, 30.330238, 0.0)
(30.666595, 30.348621, 0.0)
(30.615208, 30.393173, 0.0)
(30.610649, 30.418875, 0.0)
(30.617092, 30.438437, 0.0)
(30.654156, 30.422325, 0.0)
(30.670790, 30.436064, 0.0)
(30.651829, 30.439272, 0.0)
(30.630379, 30.424246, 0.0)
(30.612579, 30.406746, 0.0)
(30.583733, 30.448389, 0.0)
(30.621101, 30.499020, 0.0)
(30.612589, 30.488935, 0.0)
(30.581133, 30.445715, 0.0)
(30.531300, 30.446482, 0.0)
(30.528540, 30.427153, 0.0)
(30.595846, 30.440479, 0.0)
(30.637896, 30.470329, 0.0)
(30.489403, 30.371283, 0.0)
(30.581888, 29.671995, 0.0)
(28.353680, 25.400564, 0.0)
(28.465271, 25.075966, 0.0)
(28.501499, 25.118120, 0.0)
(28.504215, 25.235662, 0.0)
(28.474321, 25.304914, 0.0)
(28.484421, 25.308067, 0.0)
(28.475180, 25.327366, 0.0)
(28.294001, 25.170780, 0.0)
(28.257200, 24.935965, 0.0)
(28.301958, 24.900482, 0.0)
(28.327763, 24.905174, 0.0)
(28.339718, 24.963396, 0.0)
(28.284943, 24.966360, 0.0)
(28.254335, 24.957178, 0.0)
(28.222635, 24.921667, 0.0)
(28.530138, 24.881828, 0.0)
(28.474754, 24.910460, 0.0)
(28.457716, 24.896648, 0.0)
(28.442732, 24.882051, 0.0)
(28.417042, 24.843685, 0.0)
(28.402777, 24.833063, 0.0)
(28.399490, 24.821009, 0.0)
(28.393202, 24.849396, 0.0)
(28.327732, 24.873703, 0.0)
(28.376104, 24.871412, 0.0)
(28.413588, 24.885393, 0.0)
(28.365215, 24.903017, 0.0)
(28.320370, 24.908812, 0.0)
(28.358952, 24.908737, 0.0)
(28.398636, 24.950510, 0.0)
(28.390730, 24.977587, 0.0)
(28.382486, 24.963011, 0.0)
(28.374617, 24.960726, 0.0)
(28.376293, 24.982975, 0.0)
(28.383615, 24.957485, 0.0)
(33.134464, 24.659918, 0.0)
(44.369659, 29.111477, 0.0)
(45.071289, 29.797209, 0.0)
(45.073925, 29.866541, 0.0)
(45.086704, 29.729574, 0.0)
(45.087273, 29.677017, 0.0)
(45.850254, 30.071217, 0.0)
(45.873123, 30.080233, 0.0)
(45.866913, 30.040615, 0.0)
(45.921906, 30.053793, 0.0)
(45.915863, 30.044445, 0.0)
(45.904205, 30.053820, 0.0)
(45.899258, 30.081318, 0.0)
(45.915112, 30.072527, 0.0)
(46.114189, 30.279669, 0.0)
(46.111626, 30.280550, 0.0)
(46.052822, 30.217705, 0.0)
(46.045891, 30.215275, 0.0)
(46.104385, 30.247059, 0.0)
(46.116413, 30.240406, 0.0)
(46.070801, 30.208178, 0.0)
(46.023430, 30.236406, 0.0)
(46.037212, 30.231846, 0.0)
(46.023430, 30.236406, 0.0)
(46.036995, 30.219341, 0.0)
(46.083694, 30.244284, 0.0)
(46.067539, 30.249161, 0.0)
(46.044292, 30.287987, 0.0)
(46.033142, 30.225868, 0.0)
(46.037518, 30.238491, 0.0)
(46.072586, 30.224306, 0.0)
(46.117371, 30.306128, 0.0)
(46.107361, 30.346590, 0.0)
(46.027882, 30.319004, 0.0)
(46.010212, 30.315554, 0.0)
(45.837940, 29.515018, 0.0)
(44.975216, 24.063438, 0.0)
(44.880543, 23.616732, 0.0)
(44.988945, 23.831039, 0.0)
(44.998386, 23.892447, 0.0)
(44.938023, 23.922180, 0.0)
(44.950905, 23.926489, 0.0)
(45.017128, 23.961044, 0.0)
(45.035072, 23.945360, 0.0)
(45.022129, 23.891020, 0.0)
(45.043903, 23.868843, 0.0)
(44.973404, 23.841446, 0.0)
(44.949200, 23.767942, 0.0)
(44.965851, 23.801142, 0.0)
(44.961819, 23.824455, 0.0)
(44.935101, 23.839230, 0.0)
(44.917877, 23.806677, 0.0)
(44.906921, 23.786451, 0.0)
(44.929703, 23.765413, 0.0)
(44.940689, 23.728382, 0.0)
(44.902431, 23.673445, 0.0)
(44.920277, 23.676376, 0.0)
(44.920277, 23.676376, 0.0)
(44.903473, 23.693695, 0.0)
(44.882668, 23.762659, 0.0)
(44.842545, 23.803078, 0.0)
(44.836155, 23.812439, 0.0)
(44.859047, 23.779289, 0.0)
(44.877575, 23.754719, 0.0)
(44.832043, 23.746334, 0.0)
(44.811981, 23.724459, 0.0)
(44.733822, 23.662752, 0.0)
(44.735558, 23.689217, 0.0)
(44.748459, 23.717062, 0.0)
(44.666355, 23.692862, 0.0)
(43.747108, 23.945181, 0.0)
(33.389095, 24.538160, 0.0)
(33.109825, 24.028509, 0.0)
(33.187969, 23.834471, 0.0)
(33.170055, 23.897045, 0.0)
(33.176678, 23.891640, 0.0)
(33.201435, 23.872248, 0.0)
(33.191322, 23.858191, 0.0)
(33.166176, 23.780418, 0.0)
(33.149464, 23.771429, 0.0)
(33.160004, 23.786253, 0.0)
(33.529537, 23.721924, 0.0)
(33.502987, 23.722425, 0.0)
(33.403118, 23.767836, 0.0)
(33.369003, 23.743935, 0.0)
(33.454750, 23.733644, 0.0)
(33.476337, 23.710665, 0.0)
(33.450500, 23.723856, 0.0)
(33.442360, 23.736658, 0.0)
(33.400494, 23.797802, 0.0)
(33.413345, 23.814692, 0.0)
(33.466068, 23.799629, 0.0)
(33.428570, 23.807213, 0.0)
(33.391701, 23.827927, 0.0)
(33.339684, 23.786375, 0.0)
(33.346668, 23.780586, 0.0)
(33.417534, 23.842798, 0.0)
(33.329021, 23.883322, 0.0)
(33.288021, 23.919390, 0.0)
(33.285492, 23.933584, 0.0)
(33.285816, 23.961340, 0.0)
(33.299583, 23.983328, 0.0)
(33.289753, 23.963449, 0.0)
(33.278057, 23.978281, 0.0)
(33.239109, 23.971140, 0.0)
(33.275856, 23.975533, 0.0)
(37.516445, 24.295006, 0.0)
(38.000980, 26.234680, 0.0)
(37.698845, 25.532225, 0.0)
(37.724171, 25.518543, 0.0)
(37.680981, 25.613554, 0.0)
(37.621696, 25.542412, 0.0)
(37.680489, 25.625685, 0.0)
(37.716564, 25.592926, 0.0)
(37.682968, 25.596876, 0.0)
(37.640984, 25.600338, 0.0)
(37.617622, 25.649231, 0.0)
(37.651867, 25.694960, 0.0)
(37.688957, 25.694067, 0.0)
(37.664837, 25.693922, 0.0)
(37.674412, 25.661272, 0.0)
(37.664810, 25.652800, 0.0)
(37.693916, 25.639444, 0.0)
(37.698444, 25.643211, 0.0)
(37.681423, 25.624538, 0.0)
(37.652092, 25.629444, 0.0)
(37.650002, 25.657692, 0.0)
(37.665066, 25.637602, 0.0)
(37.670132, 25.653545, 0.0)
(37.686726, 25.641151, 0.0)
(37.633617, 25.663874, 0.0)
(37.568546, 25.670118, 0.0)
(37.630299, 25.672745, 0.0)
(37.672176, 25.663778, 0.0)
(37.616543, 25.716618, 0.0)
(37.547253, 25.725042, 0.0)
(37.541714, 25.686754, 0.0)
(37.583122, 25.696077, 0.0)
(37.605785, 25.712208, 0.0)
(37.574261, 25.798132, 0.0)
(37.558769, 25.819437, 0.0)
(32.087696, 29.214239, 0.0)
(32.085312, 28.762505, 0.0)
(32.023460, 28.651781, 0.0)
(32.010880, 28.557795, 0.0)
(31.988976, 28.549934, 0.0)
(31.929432, 28.557692, 0.0)
(31.891378, 28.491346, 0.0)
(32.145870, 28.555405, 0.0)
(32.175175, 28.656591, 0.0)
(32.177555, 28.731213, 0.0)
(32.137455, 28.732756, 0.0)
(32.119797, 28.731676, 0.0)
(32.131348, 28.744671, 0.0)
(32.158756, 28.749929, 0.0)
(32.144958, 28.723307, 0.0)
(32.131794, 28.696392, 0.0)
(32.042927, 28.671211, 0.0)
(32.027954, 28.702999, 0.0)
(32.053940, 28.675697, 0.0)
(32.056488, 28.671679, 0.0)
(32.010334, 28.668106, 0.0)
(31.998415, 28.615385, 0.0)
(32.027969, 28.590014, 0.0)
(32.046963, 28.601332, 0.0)
(32.089062, 28.592066, 0.0)
(32.040668, 28.599934, 0.0)
(32.013641, 28.591555, 0.0)
(32.027615, 28.581581, 0.0)
(32.073936, 28.534859, 0.0)
(32.058830, 28.589401, 0.0)
(32.090218, 28.589729, 0.0)
(32.019390, 28.617676, 0.0)
(31.995913, 28.651083, 0.0)
(32.019512, 28.714689, 0.0)
(32.144104, 28.778534, 0.0)
(31.960587, 30.065933, 0.0)
(29.673660, 33.312820, 0.0)
(29.250612, 33.495396, 0.0)
(29.460344, 33.430145, 0.0)
(29.443047, 33.301659, 0.0)
(29.375807, 33.254242, 0.0)
(29.374720, 33.243694, 0.0)
(29.383692, 33.240330, 0.0)
(29.403130, 33.333454, 0.0)
(29.424702, 33.354286, 0.0)
(29.370386, 33.300888, 0.0)
(29.350456, 33.235516, 0.0)
(29.412443, 33.222332, 0.0)
(29.429972, 33.236523, 0.0)
(29.398975, 33.292229, 0.0)
(29.333431, 33.239281, 0.0)
(29.344309, 33.188885, 0.0)
(29.383217, 33.222370, 0.0)
(29.383217, 33.222370, 0.0)
(29.353565, 33.214424, 0.0)
(29.314547, 33.225319, 0.0)
(29.340712, 33.280952, 0.0)
(29.369274, 33.287720, 0.0)
(29.397852, 33.334778, 0.0)
(29.383913, 33.362427, 0.0)
(29.543180, 32.843563, 0.0)
(30.389187, 29.115686, 0.0)
(30.516531, 28.200439, 0.0)
(30.607693, 28.312754, 0.0)
(30.570580, 28.383295, 0.0)
(30.555080, 28.390100, 0.0)
(30.539618, 28.377562, 0.0)
(30.578272, 28.387457, 0.0)
(30.558203, 28.332958, 0.0)
(30.527294, 28.361549, 0.0)
(30.510942, 28.372776, 0.0)
(30.472237, 28.336399, 0.0)
(33.350021, 30.181927, 0.0)
(33.923920, 31.377289, 0.0)
(33.818329, 31.359764, 0.0)
(33.709404, 31.373453, 0.0)
(33.712608, 31.333309, 0.0)
(34.191505, 31.611618, 0.0)
(34.191082, 31.728315, 0.0)
(34.138157, 31.715488, 0.0)
(34.144630, 31.662811, 0.0)
(34.162014, 31.669529, 0.0)
(34.163269, 31.702564, 0.0)
(34.125351, 31.754921, 0.0)
(34.105320, 31.783056, 0.0)
(34.116650, 31.790030, 0.0)
(34.164104, 31.751225, 0.0)
(34.168903, 31.772360, 0.0)
(34.149067, 31.766857, 0.0)
(34.146950, 31.779785, 0.0)
(34.119518, 31.807716, 0.0)
(34.150967, 31.792469, 0.0)
(34.139332, 31.807291, 0.0)
(34.126099, 31.834175, 0.0)
(34.098553, 31.832346, 0.0)
(34.065083, 31.836073, 0.0)
(34.078751, 31.775675, 0.0)
(34.069923, 31.816113, 0.0)
(34.039528, 31.828821, 0.0)
(34.014198, 31.813179, 0.0)
(34.010803, 31.788319, 0.0)
(34.019592, 31.804054, 0.0)
(34.024235, 31.808092, 0.0)
(34.018330, 31.804708, 0.0)
(33.964088, 31.811300, 0.0)
(33.943825, 31.808336, 0.0)
(33.997196, 31.794735, 0.0)
(34.011333, 31.748489, 0.0)
(37.745605, 31.599291, 0.0)
(40.777164, 32.013752, 0.0)
(40.760502, 32.072136, 0.0)
(40.686520, 31.982716, 0.0)
(40.710533, 31.988899, 0.0)
(40.703224, 31.991129, 0.0)
(40.604282, 31.996397, 0.0)
(40.635826, 31.969606, 0.0)
(40.673000, 31.955122, 0.0)
(40.712551, 31.966085, 0.0)
(40.421295, 32.055206, 0.0)
(40.329311, 32.131477, 0.0)
(40.350269, 32.114639, 0.0)
(40.405663, 32.096684, 0.0)
(40.392445, 32.136539, 0.0)
(40.360569, 32.168934, 0.0)
(40.324123, 32.138195, 0.0)
(40.325188, 32.148430, 0.0)
(40.357639, 32.145660, 0.0)
(40.357830, 32.147469, 0.0)
(40.340778, 32.164658, 0.0)
(40.322666, 32.174290, 0.0)
(40.275967, 32.230000, 0.0)
(40.310722, 32.277676, 0.0)
(40.312820, 32.264458, 0.0)
(40.278114, 32.251816, 0.0)
(40.253494, 32.298958, 0.0)
(40.286949, 32.299679, 0.0)
(40.313503, 32.277634, 0.0)
(40.322685, 32.302563, 0.0)
(40.276848, 32.339542, 0.0)
(40.238670, 32.333569, 0.0)
(40.266663, 32.371502, 0.0)
(40.247238, 32.443184, 0.0)
(40.221050, 32.471210, 0.0)
(40.179474, 32.471638, 0.0)
(40.176449, 32.483986, 0.0)
(40.196770, 32.505138, 0.0)
(39.517876, 32.288887, 0.0)
(30.294912, 27.014534, 0.0)
(30.292395, 26.322651, 0.0)
(30.292627, 26.177860, 0.0)
(30.257200, 26.144098, 0.0)
(30.255508, 26.113712, 0.0)
(30.265867, 26.123486, 0.0)
(30.265924, 26.146708, 0.0)
(30.217045, 26.175901, 0.0)
(30.186510, 26.209278, 0.0)
(30.192524, 26.246027, 0.0)
(30.243176, 26.249662, 0.0)
(30.236498, 26.309874, 0.0)
(30.226437, 26.249163, 0.0)
(30.107445, 26.256672, 0.0)
(30.145117, 26.240486, 0.0)
(30.188772, 26.229427, 0.0)
(30.160074, 26.232187, 0.0)
(30.117441, 26.211988, 0.0)
(30.078625, 26.249537, 0.0)
(30.066650, 26.263117, 0.0)
(30.112337, 26.290079, 0.0)
(30.119089, 26.309229, 0.0)
(30.085005, 26.313761, 0.0)
(30.050714, 26.280996, 0.0)
(30.092228, 26.297506, 0.0)
(30.180586, 26.330822, 0.0)
(30.197725, 26.321514, 0.0)
(30.109463, 26.333864, 0.0)
(30.080139, 26.354370, 0.0)
(30.179823, 26.334738, 0.0)
(30.210398, 26.298468, 0.0)
(30.165401, 26.284565, 0.0)
(30.153587, 26.281012, 0.0)
(30.237768, 26.330622, 0.0)
(42.217922, 32.137775, 0.0)
(42.139629, 32.244343, 0.0)
(42.089775, 32.204845, 0.0)
(42.081432, 32.151066, 0.0)
(42.121132, 32.092762, 0.0)
(42.116264, 32.061039, 0.0)
(42.116150, 32.028160, 0.0)
(42.185677, 31.981113, 0.0)
(42.201866, 32.028717, 0.0)
(42.155849, 32.029289, 0.0)
(42.100967, 32.020905, 0.0)
(42.127110, 32.010784, 0.0)
(42.188255, 32.012157, 0.0)
(42.194519, 32.022350, 0.0)
(42.110855, 31.992840, 0.0)
(42.106026, 31.972683, 0.0)
(42.134995, 31.970745, 0.0)
(42.123817, 31.985136, 0.0)
(42.128223, 31.983412, 0.0)
(42.117252, 31.984875, 0.0)
(42.068890, 31.991993, 0.0)
(42.070019, 32.036591, 0.0)
(42.142467, 32.026340, 0.0)
(41.177994, 30.903711, 0.0)
(39.353382, 27.905964, 0.0)
(39.252476, 27.453245, 0.0)
(39.259357, 27.537880, 0.0)
(39.252663, 27.644722, 0.0)
(39.274803, 27.668726, 0.0)
(39.232395, 27.720078, 0.0)
(39.222515, 27.743412, 0.0)
(39.263596, 27.759802, 0.0)
(39.281967, 27.776171, 0.0)
(39.276836, 27.754744, 0.0)
(38.525558, 27.965847, 0.0)
(29.292599, 30.186123, 0.0)
(28.962866, 28.934889, 0.0)
(28.946482, 28.502758, 0.0)
(29.058910, 28.418818, 0.0)
(29.194860, 28.528078, 0.0)
(29.180941, 28.580790, 0.0)
(29.150852, 28.543987, 0.0)
(29.144215, 28.522211, 0.0)
(28.734760, 28.638670, 0.0)
(28.628786, 28.628584, 0.0)
(28.681698, 28.628223, 0.0)
(28.642511, 28.652382, 0.0)
(28.618320, 28.647852, 0.0)
(28.636106, 28.655361, 0.0)
(28.668478, 28.687407, 0.0)
(28.651129, 28.698362, 0.0)
(28.559538, 28.686607, 0.0)
(28.582453, 28.667393, 0.0)
(28.605183, 28.662024, 0.0)
(28.605688, 28.677332, 0.0)
(28.553535, 28.697300, 0.0)
(28.553535, 28.697300, 0.0)
(28.535969, 28.700974, 0.0)
(28.540096, 28.712406, 0.0)
(28.544655, 28.725012, 0.0)
(28.563108, 28.716856, 0.0)
(28.522724, 28.732830, 0.0)
(28.522724, 28.732830, 0.0)
(28.545572, 28.718493, 0.0)
(28.529978, 28.712721, 0.0)
(28.508150, 28.759237, 0.0)
(28.492334, 28.771734, 0.0)
(28.488163, 28.803478, 0.0)
(29.683313, 28.513493, 0.0)
(30.339884, 30.086153, 0.0)
(30.167034, 29.291279, 0.0)
(30.186943, 29.228346, 0.0)
(30.267244, 29.387497, 0.0)
(30.265142, 29.384951, 0.0)
(30.290457, 29.373249, 0.0)
(30.326172, 29.402800, 0.0)
(30.319315, 29.426811, 0.0)
(30.319948, 29.370853, 0.0)
(30.294939, 29.332886, 0.0)
(30.324926, 29.351440, 0.0)
(30.336321, 29.409037, 0.0)
(30.354601, 29.417379, 0.0)
(30.366930, 29.379580, 0.0)
(30.368248, 29.333857, 0.0)
(30.376266, 29.317041, 0.0)
(30.349186, 29.260078, 0.0)
(30.358229, 29.295160, 0.0)
(30.385096, 29.349268, 0.0)
(30.757118, 29.061047, 0.0)
(30.669210, 28.886217, 0.0)
(30.662207, 28.969591, 0.0)
(30.601864, 29.040051, 0.0)
(30.556564, 29.020580, 0.0)
(30.611052, 28.964773, 0.0)
(30.645227, 29.040623, 0.0)
(30.613892, 29.047325, 0.0)
(30.577816, 29.020222, 0.0)
(30.579111, 29.072527, 0.0)
(30.553053, 29.087242, 0.0)
(30.560263, 29.082159, 0.0)
(30.572653, 29.091337, 0.0)
(30.542276, 29.095886, 0.0)
(30.994156, 28.841820, 0.0)
(37.520641, 26.563908, 0.0)
(41.604401, 27.276018, 0.0)
(41.875942, 27.507692, 0.0)
(41.770260, 27.534536, 0.0)
(41.619595, 27.479156, 0.0)
(41.561749, 27.927708, 0.0)
(41.542522, 27.436626, 0.0)
(41.709820, 27.460474, 0.0)
(41.765732, 27.505695, 0.0)
(41.747330, 27.516190, 0.0)
(41.683990, 27.537140, 0.0)
(41.743984, 27.574652, 0.0)
(41.753738, 27.542269, 0.0)
(41.264503, 27.655163, 0.0)
(41.216351, 27.653225, 0.0)
(41.223202, 27.652201, 0.0)
(41.234104, 27.645803, 0.0)
(41.254402, 27.626526, 0.0)
(41.221081, 27.652851, 0.0)
(41.140911, 27.636969, 0.0)
(41.141731, 27.634323, 0.0)
(41.210094, 27.702858, 0.0)
(41.232380, 27.659630, 0.0)
(41.211380, 27.672958, 0.0)
(41.154884, 27.669033, 0.0)
(41.156219, 27.693699, 0.0)
(41.191570, 27.682779, 0.0)
(41.151310, 27.695869, 0.0)
(41.129498, 27.677887, 0.0)
(41.117027, 27.658131, 0.0)
(41.139362, 27.648636, 0.0)
(41.199387, 27.635054, 0.0)
(41.128384, 27.616659, 0.0)
(41.083614, 27.695051, 0.0)
(41.112659, 27.685545, 0.0)
(41.163116, 27.656897, 0.0)
(41.163033, 27.656576, 0.0)
(41.148125, 27.702879, 0.0)
(41.094975, 27.689323, 0.0)
(41.080322, 27.682098, 0.0)
(41.116989, 27.669912, 0.0)
(41.107285, 27.606539, 0.0)
(41.585831, 28.441908, 0.0)
(43.554783, 29.183474, 0.0)
(43.376869, 28.951654, 0.0)
(43.393036, 28.954737, 0.0)
(43.389015, 29.007387, 0.0)
(43.449375, 29.055506, 0.0)
(43.495525, 29.031385, 0.0)
(43.500816, 29.016600, 0.0)
(43.500816, 29.034557, 0.0)
(43.468208, 29.045416, 0.0)
(43.459255, 29.031630, 0.0)
(43.516811, 28.951166, 0.0)
(43.500450, 29.055187, 0.0)
(43.450512, 29.005508, 0.0)
(43.424248, 28.912821, 0.0)
(43.445446, 28.899689, 0.0)
(43.473270, 28.997002, 0.0)
(43.423519, 28.940603, 0.0)
(43.373810, 28.903315, 0.0)
(43.365578, 28.904879, 0.0)
(43.388683, 28.916805, 0.0)
(43.388561, 28.902500, 0.0)
(43.382317, 28.900255, 0.0)
(43.357632, 28.880896, 0.0)
(43.322327, 28.870113, 0.0)
(43.348366, 28.886290, 0.0)
(43.362797, 28.853130, 0.0)
(43.328262, 28.895409, 0.0)
(43.268398, 29.169012, 0.0)
(44.831383, 29.894859, 0.0)
(44.844231, 29.285950, 0.0)
(44.745918, 28.885376, 0.0)
(44.742592, 28.900848, 0.0)
(44.750801, 28.941612, 0.0)
(44.663792, 28.837069, 0.0)
(44.663303, 29.726980, 0.0)
(44.669239, 28.835348, 0.0)
(44.681606, 28.693361, 0.0)
(44.644444, 28.810778, 0.0)
(44.638508, 28.805593, 0.0)
(44.636902, 28.782877, 0.0)
(44.698765, 28.857136, 0.0)
(44.680271, 28.843956, 0.0)
(44.655869, 28.882191, 0.0)
(44.617008, 28.899057, 0.0)
(44.631985, 28.901281, 0.0)
(44.676666, 28.916191, 0.0)
(44.670845, 28.926544, 0.0)
(44.670521, 28.934225, 0.0)
(44.680412, 28.974110, 0.0)
(44.642738, 28.918398, 0.0)
(44.675716, 28.884817, 0.0)
(44.704762, 28.919788, 0.0)
(44.658936, 28.925211, 0.0)
(44.614674, 28.897514, 0.0)
(44.611507, 28.878300, 0.0)
(44.689861, 28.932905, 0.0)
(44.694614, 29.000885, 0.0)
(44.639004, 29.042486, 0.0)
(44.626945, 29.064489, 0.0)
(44.651741, 29.113882, 0.0)
(40.089340, 31.091028, 0.0)
(40.577381, 30.262669, 0.0)
(40.595135, 30.131090, 0.0)
(40.506691, 30.224859, 0.0)
(40.456909, 30.185513, 0.0)
(40.424904, 30.199448, 0.0)
(40.437435, 30.191765, 0.0)
(40.237503, 30.772274, 0.0)
(40.217323, 31.025604, 0.0)
(40.131069, 30.984203, 0.0)
(40.103867, 30.942396, 0.0)
(40.137638, 30.924129, 0.0)
(40.160313, 30.903940, 0.0)
(40.170887, 30.911695, 0.0)
(40.114632, 30.885952, 0.0)
(40.103855, 30.894037, 0.0)
(40.173992, 30.901665, 0.0)
(40.205284, 30.890869, 0.0)
(40.114902, 30.873571, 0.0)
(40.102516, 30.863884, 0.0)
(40.110043, 30.820513, 0.0)
(40.141506, 30.860756, 0.0)
(40.160789, 30.849400, 0.0)
(40.097267, 30.868435, 0.0)
(40.075649, 30.856009, 0.0)
(40.077141, 30.824432, 0.0)
(40.099808, 30.840090, 0.0)
(40.107758, 30.817501, 0.0)
(40.096157, 30.832682, 0.0)
(40.058334, 30.858433, 0.0)
(40.074417, 30.800716, 0.0)
(40.139801, 30.755255, 0.0)
(40.129051, 30.712273, 0.0)
(40.082573, 30.726732, 0.0)
(41.463596, 30.329046, 0.0)
(45.500217, 29.239662, 0.0)
(45.269665, 28.434259, 0.0)
(45.226055, 28.112095, 0.0)
(45.180855, 28.035784, 0.0)
(45.161186, 27.969917, 0.0)
(45.228512, 27.958076, 0.0)
(45.193848, 27.953766, 0.0)
(45.521248, 28.097710, 0.0)
(45.607346, 28.135868, 0.0)
(45.612625, 28.139683, 0.0)
(45.591648, 28.158810, 0.0)
(45.624500, 28.086678, 0.0)
(45.617340, 27.989140, 0.0)
(45.643368, 27.966146, 0.0)
(45.675194, 27.962627, 0.0)
(45.664093, 27.966642, 0.0)
(45.669708, 27.996550, 0.0)
(45.661011, 28.022404, 0.0)
(45.672771, 28.036865, 0.0)
(45.661316, 28.038177, 0.0)
(45.661316, 28.038177, 0.0)
(45.660095, 28.048464, 0.0)
(45.665546, 28.038122, 0.0)
(45.661743, 27.994871, 0.0)
(45.665546, 28.038122, 0.0)
(45.651718, 28.043997, 0.0)
(45.625504, 28.049202, 0.0)
(45.625504, 28.049202, 0.0)
(45.620411, 28.074755, 0.0)
(45.612640, 28.087248, 0.0)
(45.583817, 28.121979, 0.0)
(45.562637, 28.131790, 0.0)
(45.596191, 28.071299, 0.0)
(45.531097, 28.167723, 0.0)
(36.079098, 27.322292, 0.0)
(36.103722, 26.760981, 0.0)
(36.091724, 26.777683, 0.0)
(36.101364, 26.842886, 0.0)
(36.107391, 26.829048, 0.0)
(36.168152, 26.843437, 0.0)
(36.170235, 26.897718, 0.0)
(36.133854, 26.932224, 0.0)
(36.094868, 26.974112, 0.0)
(36.110027, 27.017859, 0.0)
(36.132618, 27.049088, 0.0)
(36.143200, 27.049572, 0.0)
(36.168068, 27.052101, 0.0)
(36.136700, 27.130404, 0.0)
(36.143513, 27.099529, 0.0)
(36.198318, 27.021196, 0.0)
(36.150116, 26.996235, 0.0)
(36.070477, 27.042128, 0.0)
(36.062710, 27.054043, 0.0)
(36.075722, 27.045649, 0.0)
(36.111488, 27.104233, 0.0)
(36.093937, 27.150230, 0.0)
(36.050652, 27.202135, 0.0)
(36.034946, 27.238111, 0.0)
(36.038837, 27.233566, 0.0)
(36.070396, 27.231197, 0.0)
(36.093960, 27.257618, 0.0)
(36.039257, 27.222578, 0.0)
(36.023499, 27.161770, 0.0)
(36.078423, 27.174046, 0.0)
(36.094009, 27.149477, 0.0)
(36.083782, 27.148056, 0.0)
(36.020931, 27.085669, 0.0)
(36.020473, 27.026281, 0.0)
(36.031605, 27.044167, 0.0)
(35.099758, 26.209276, 0.0)
(32.661076, 25.687603, 0.0)
(0.000000, 0.000000, 1.0)
(31.547251, 25.160168, 0.0)
(31.548437, 24.612789, 0.0)
(31.450996, 24.412308, 0.0)
(31.366705, 24.399792, 0.0)
(31.370354, 24.410862, 0.0)
(31.390829, 24.410257, 0.0)
(31.370111, 24.413866, 0.0)
(31.339111, 24.368584, 0.0)
(31.360472, 24.425859, 0.0)
(31.573980, 26.541176, 0.0)
(31.310959, 24.956181, 0.0)
(31.145979, 24.418861, 0.0)
(31.126375, 24.316132, 0.0)
(31.100752, 24.439703, 0.0)
(31.068256, 24.548937, 0.0)
(31.104740, 24.651159, 0.0)
(31.217522, 24.682575, 0.0)
(31.222836, 24.720970, 0.0)
(31.235165, 24.738302, 0.0)
(31.237175, 24.740389, 0.0)
(31.244722, 24.767889, 0.0)
(31.306671, 24.761944, 0.0)
(31.291502, 24.800600, 0.0)
(31.305101, 24.665037, 0.0)
(31.339659, 24.618614, 0.0)
(31.372253, 24.696949, 0.0)
(31.401854, 24.775602, 0.0)
(31.410181, 24.768270, 0.0)
(31.286739, 24.751143, 0.0)
(31.321957, 24.626406, 0.0)
(31.844347, 24.462160, 0.0)
(37.742577, 26.835279, 0.0)
(40.920094, 30.298746, 0.0)
(41.659714, 32.096478, 0.0)
(41.526630, 32.061127, 0.0)
(41.434277, 31.912184, 0.0)
(41.505161, 31.956253, 0.0)
(42.242058, 32.966850, 0.0)
(42.264668, 33.034565, 0.0)
(42.261539, 33.021667, 0.0)
(42.293198, 33.046715, 0.0)
(42.286728, 33.053677, 0.0)
(42.235302, 33.072548, 0.0)
(42.230007, 33.101570, 0.0)
(42.264191, 33.117836, 0.0)
(42.270016, 33.090660, 0.0)
(42.219597, 33.085514, 0.0)
(42.183556, 33.037178, 0.0)
(42.171486, 33.027016, 0.0)
(42.205578, 33.035309, 0.0)
(42.227051, 33.190548, 0.0)
(42.186108, 33.303150, 0.0)
(42.149273, 33.280228, 0.0)
(42.155640, 33.282906, 0.0)
(42.194607, 33.296867, 0.0)
(42.194870, 33.269035, 0.0)
(42.152737, 33.296677, 0.0)
(42.163868, 33.281269, 0.0)
(42.217472, 33.240349, 0.0)
(42.220638, 33.240372, 0.0)
(42.186371, 33.216446, 0.0)
(42.177570, 33.209797, 0.0)
(42.176495, 33.227253, 0.0)
(42.213280, 33.262081, 0.0)
(42.209106, 33.265606, 0.0)
(42.207687, 33.296467, 0.0)
(42.190884, 33.306202, 0.0)
(43.065205, 32.460842, 0.0)
(45.540451, 29.375736, 0.0)
(45.696392, 29.063534, 0.0)
(45.637413, 29.202425, 0.0)
(45.651997, 29.205496, 0.0)
(45.747246, 29.207987, 0.0)
(45.743065, 29.228846, 0.0)
(45.697330, 29.181637, 0.0)
(45.776550, 29.111633, 0.0)
(45.861526, 28.991407, 0.0)
(45.875366, 29.012012, 0.0)
(45.863537, 29.021410, 0.0)
(45.823593, 29.001320, 0.0)
(45.807167, 28.992079, 0.0)
(45.856106, 29.032188, 0.0)
(45.911755, 28.998783, 0.0)
(45.880402, 29.000164, 0.0)
(45.817307, 29.001558, 0.0)
(45.871525, 28.981354, 0.0)
(45.857040, 28.993835, 0.0)
(45.839230, 28.998882, 0.0)
(45.829330, 28.950094, 0.0)
(45.787460, 28.906036, 0.0)
(45.824074, 28.958660, 0.0)
(45.835838, 28.949362, 0.0)
(45.791496, 28.919107, 0.0)
(45.741333, 28.928247, 0.0)
(45.734180, 28.927391, 0.0)
(45.790207, 28.979929, 0.0)
(45.791618, 28.958624, 0.0)
(45.777424, 28.952770, 0.0)
(45.723869, 28.920414, 0.0)
(45.695660, 28.895887, 0.0)
(45.702858, 28.865280, 0.0)
(45.691963, 28.854607, 0.0)
(45.690083, 28.833355, 0.0)
(45.688820, 28.857393, 0.0)
(44.232872, 27.898203, 0.0)
(40.931385, 25.114786, 0.0)
(41.179977, 25.171322, 0.0)
(41.306908, 25.112453, 0.0)
(41.525616, 26.097589, 0.0)
(41.360062, 26.657938, 0.0)
(41.370995, 25.475399, 0.0)
(41.352509, 25.168747, 0.0)
(41.445526, 25.268938, 0.0)
(41.506634, 25.310476, 0.0)
(41.530197, 25.325813, 0.0)
(41.496128, 25.306726, 0.0)
(41.500538, 25.386642, 0.0)
(41.519955, 25.401859, 0.0)
(41.535259, 25.412127, 0.0)
(41.519554, 25.418219, 0.0)
(41.478825, 25.406401, 0.0)
(41.481964, 25.376810, 0.0)
(41.500759, 25.318562, 0.0)
(41.537861, 25.338955, 0.0)
(41.584244, 25.370712, 0.0)
(41.581146, 25.452782, 0.0)
(41.540211, 25.475470, 0.0)
(41.569439, 25.407042, 0.0)
(41.581284, 25.421818, 0.0)
(41.561218, 25.460659, 0.0)
(41.559525, 25.425499, 0.0)
(41.538811, 25.308743, 0.0)
(41.554688, 25.319021, 0.0)
(41.552437, 25.397089, 0.0)
(41.509357, 25.446743, 0.0)
(41.490654, 25.415501, 0.0)
(41.467430, 25.444981, 0.0)
(41.459290, 25.464615, 0.0)
(41.468311, 25.472382, 0.0)
(41.420406, 25.548500, 0.0)
(37.792957, 27.738981, 0.0)
(36.584057, 30.074959, 0.0)
(36.577915, 30.156754, 0.0)
(36.631523, 29.984173, 0.0)
(36.615803, 29.970842, 0.0)
(36.575806, 29.953104, 0.0)
(36.573917, 29.913568, 0.0)
(36.552937, 29.920111, 0.0)
(36.624748, 29.986757, 0.0)
(36.624741, 30.034479, 0.0)
(36.568329, 30.099752, 0.0)
(36.564209, 30.114027, 0.0)
(36.554886, 30.066648, 0.0)
(36.542118, 30.137474, 0.0)
(36.534615, 30.168003, 0.0)
(36.547421, 30.141596, 0.0)
(36.505749, 30.117765, 0.0)
(36.495628, 30.130707, 0.0)
(36.542709, 30.079203, 0.0)
(36.586395, 30.067383, 0.0)
(36.557209, 30.025084, 0.0)
(36.516590, 29.966097, 0.0)
(36.507195, 29.969873, 0.0)
(36.525253, 30.035048, 0.0)
(36.511040, 30.070143, 0.0)
(36.496750, 30.105785, 0.0)
(36.449902, 30.121561, 0.0)
(36.452171, 30.138269, 0.0)
(36.475281, 30.130194, 0.0)
(36.493549, 30.139044, 0.0)
(36.468868, 30.123217, 0.0)
(36.438473, 30.131065, 0.0)
(36.433891, 30.165489, 0.0)
(36.441795, 30.140600, 0.0)
(36.475227, 30.113462, 0.0)
(36.417496, 30.150970, 0.0)
(36.405434, 30.162725, 0.0)
(36.426270, 30.193968, 0.0)
(36.577629, 30.172010, 0.0)
(40.887653, 28.326944, 0.0)
(44.618706, 27.869040, 0.0)
(44.521832, 27.343212, 0.0)
(44.496674, 27.345381, 0.0)
(44.474388, 27.433338, 0.0)
(44.492157, 27.461643, 0.0)
(44.484760, 27.404848, 0.0)
(44.508591, 27.356720, 0.0)
(44.571770, 27.415659, 0.0)
(44.432568, 28.420340, 0.0)
(44.547466, 27.264668, 0.0)
(44.418842, 26.904940, 0.0)
(44.436054, 27.068270, 0.0)
(44.411240, 27.058426, 0.0)
(44.384575, 26.985146, 0.0)
(44.371773, 26.936197, 0.0)
(44.421883, 26.907022, 0.0)
(44.438316, 26.916924, 0.0)
(44.415260, 26.878288, 0.0)
(44.373543, 26.928720, 0.0)
(44.387962, 26.891035, 0.0)
(44.416702, 26.891138, 0.0)
(44.425819, 26.901709, 0.0)
(44.408981, 26.886694, 0.0)
(44.359077, 26.879044, 0.0)
(44.373421, 26.879564, 0.0)
(44.412834, 26.840580, 0.0)
(44.413731, 26.838562, 0.0)
(44.354382, 26.861187, 0.0)
(44.363468, 26.855150, 0.0)
(44.381325, 26.855385, 0.0)
(44.391998, 26.854393, 0.0)
(44.388103, 26.849632, 0.0)
(41.885883, 26.021070, 0.0)
(33.690350, 26.245680, 0.0)
(33.159412, 25.352978, 0.0)
(33.120258, 24.819216, 0.0)
(33.194942, 24.835840, 0.0)
(33.227840, 24.885437, 0.0)
(33.249779, 24.894062, 0.0)
(33.225307, 24.911858, 0.0)
(33.190598, 24.961725, 0.0)
(33.443920, 24.866177, 0.0)
(33.582081, 24.749193, 0.0)
(33.578217, 24.758215, 0.0)
(33.566227, 24.797354, 0.0)
(33.556751, 24.738462, 0.0)
(33.526150, 24.752705, 0.0)
(33.478912, 24.774303, 0.0)
(33.501873, 24.696661, 0.0)
(33.535320, 24.672009, 0.0)
(33.536156, 24.675732, 0.0)
(33.513046, 24.663658, 0.0)
(33.505116, 24.711758, 0.0)
(33.532272, 24.735048, 0.0)
(33.536194, 24.744686, 0.0)
(33.531300, 24.787415, 0.0)
(33.528854, 24.792233, 0.0)
(33.509411, 24.723471, 0.0)
(33.514469, 24.713612, 0.0)
(33.528275, 24.759266, 0.0)
(33.499359, 24.800192, 0.0)
(33.498608, 24.862299, 0.0)
(33.468773, 24.881050, 0.0)
(33.474483, 24.913731, 0.0)
(33.516384, 24.899797, 0.0)
(33.463943, 24.942137, 0.0)
(33.409706, 24.897560, 0.0)
(33.392372, 24.847651, 0.0)
(32.185356, 26.079487, 0.0)
(28.025259, 26.096100, 0.0)
(28.103544, 25.841516, 0.0)
(28.177353, 25.728100, 0.0)
(28.195387, 25.736347, 0.0)
(28.198956, 25.706863, 0.0)
(28.205750, 25.745638, 0.0)
(28.201427, 25.716055, 0.0)
(28.203371, 25.714945, 0.0)
(28.239195, 25.560251, 0.0)
(28.274666, 25.435654, 0.0)
(28.244894, 25.487011, 0.0)
(28.232561, 25.487778, 0.0)
(28.224592, 25.489655, 0.0)
(28.226200, 25.482855, 0.0)
(28.246922, 25.549267, 0.0)
(28.232311, 25.529886, 0.0)
(28.202518, 25.510593, 0.0)
(28.228441, 25.485701, 0.0)
(28.229372, 25.485622, 0.0)
(28.256042, 25.505829, 0.0)
(28.496494, 25.297041, 0.0)
(28.491203, 25.265703, 0.0)
(28.504795, 25.270966, 0.0)
(28.521376, 25.286392, 0.0)
(28.521963, 25.285725, 0.0)
(28.524658, 25.281757, 0.0)
(28.475155, 25.233252, 0.0)
(28.482084, 25.257725, 0.0)
(28.523973, 25.281904, 0.0)
(28.514229, 25.311129, 0.0)
(28.490292, 25.317730, 0.0)
(28.438860, 25.340944, 0.0)
(28.439812, 25.376377, 0.0)
(28.481230, 25.355875, 0.0)
(30.569214, 24.804688, 0.0)
(39.850124, 25.841743, 0.0)
(39.629749, 25.255123, 0.0)
(39.629295, 25.262436, 0.0)
(39.660984, 25.360798, 0.0)
(39.646488, 25.304802, 0.0)
(39.648708, 25.338718, 0.0)
(39.690151, 25.337603, 0.0)
(39.718445, 25.354158, 0.0)
(39.659279, 25.359549, 0.0)
(39.647655, 25.375813, 0.0)
(39.680050, 25.333555, 0.0)
(39.706791, 25.268314, 0.0)
(39.707130, 25.333246, 0.0)
(39.697918, 25.285753, 0.0)
(39.678959, 25.287188, 0.0)
(39.484917, 25.248026, 0.0)
(39.525478, 25.050348, 0.0)
(39.572350, 25.087214, 0.0)
(39.558926, 25.142857, 0.0)
(39.510452, 25.101435, 0.0)
(39.522472, 25.104361, 0.0)
(39.554119, 25.166143, 0.0)
(39.550461, 25.164591, 0.0)
(39.514938, 25.173334, 0.0)
(39.481861, 25.224373, 0.0)
(39.465008, 25.200718, 0.0)
(39.477360, 25.164955, 0.0)
(39.486019, 25.231314, 0.0)
(39.477276, 25.232016, 0.0)
(39.459362, 25.242849, 0.0)
(39.438873, 25.226765, 0.0)
(39.445087, 25.201729, 0.0)
(39.484055, 25.225929, 0.0)
(39.443401, 25.191467, 0.0)
(39.462143, 25.144287, 0.0)
(39.393326, 25.159090, 0.0)
(36.815586, 26.643242, 0.0)
(33.164062, 33.600761, 0.0)
(33.427486, 33.653126, 0.0)
(33.625835, 33.591209, 0.0)
(33.543781, 33.455704, 0.0)
(33.491001, 33.480888, 0.0)
(33.466965, 33.489399, 0.0)
(33.379086, 33.624123, 0.0)
(33.058483, 34.099915, 0.0)
(33.099812, 34.148735, 0.0)
(33.088249, 34.089466, 0.0)
(33.044434, 34.095501, 0.0)
(33.040405, 34.049274, 0.0)
(33.060547, 34.056973, 0.0)
(33.079525, 34.123905, 0.0)
(33.065708, 34.154228, 0.0)
(33.033192, 34.170162, 0.0)
(33.057571, 34.164307, 0.0)
(33.056644, 34.140575, 0.0)
(33.050289, 34.128010, 0.0)
(33.091187, 34.098667, 0.0)
(32.999592, 34.122456, 0.0)
(32.977673, 34.109177, 0.0)
(33.039955, 34.066990, 0.0)
(33.134945, 33.964546, 0.0)
(34.154778, 31.230234, 0.0)
(34.304707, 29.928061, 0.0)
(34.263496, 29.863518, 0.0)
(34.243092, 29.981033, 0.0)
(34.232483, 30.044998, 0.0)
(34.218594, 30.043190, 0.0)
(34.183941, 30.063210, 0.0)
(34.190006, 30.048780, 0.0)
(34.400772, 29.492609, 0.0)
(35.848545, 25.207115, 0.0)
(35.639400, 24.663559, 0.0)
(35.588394, 24.614477, 0.0)
(35.599876, 24.663612, 0.0)
(35.626846, 24.615070, 0.0)
(35.686310, 24.648724, 0.0)
(35.707928, 24.687061, 0.0)
(35.660973, 24.722395, 0.0)
(35.630512, 24.762754, 0.0)
(35.639370, 24.779600, 0.0)
(35.654957, 24.758595, 0.0)
(35.668594, 24.764238, 0.0)
(35.683201, 24.743006, 0.0)
(35.626266, 24.747564, 0.0)
(35.616901, 24.779074, 0.0)
(35.722221, 24.798290, 0.0)
(35.714920, 24.806253, 0.0)
(35.670811, 24.820808, 0.0)
(35.637985, 24.803646, 0.0)
(35.635201, 24.817471, 0.0)
(35.683701, 24.825928, 0.0)
(35.677132, 24.815495, 0.0)
(35.634079, 24.749493, 0.0)
(35.619694, 24.752466, 0.0)
(35.640743, 24.739735, 0.0)
(35.690079, 24.714840, 0.0)
(35.689655, 24.749834, 0.0)
(35.655846, 24.787733, 0.0)
(35.657330, 24.857988, 0.0)
(35.656670, 24.895985, 0.0)
(35.684010, 24.883951, 0.0)
(35.703659, 24.891603, 0.0)
(35.659786, 24.886080, 0.0)
(38.537853, 25.098875, 0.0)
(43.089664, 26.431376, 0.0)
(44.473854, 27.617331, 0.0)
(44.490490, 27.830887, 0.0)
(44.438503, 27.831097, 0.0)
(44.431892, 27.771696, 0.0)
(44.516376, 27.883596, 0.0)
(44.474846, 28.973112, 0.0)
(44.727631, 28.375753, 0.0)
(44.649178, 27.873114, 0.0)
(44.606285, 27.793901, 0.0)
(44.553284, 27.804550, 0.0)
(44.548336, 27.799490, 0.0)
(44.559380, 27.753952, 0.0)
(44.579639, 27.810257, 0.0)
(44.614902, 27.804573, 0.0)
(44.578651, 27.815796, 0.0)
(44.531330, 27.794939, 0.0)
(44.529018, 27.802668, 0.0)
(44.560879, 27.855650, 0.0)
(44.563538, 27.857738, 0.0)
(44.598480, 27.874054, 0.0)
(44.551792, 27.889061, 0.0)
(44.553722, 27.884464, 0.0)
(44.592621, 27.853323, 0.0)
(44.611668, 27.873119, 0.0)
(44.596600, 27.909264, 0.0)
(44.559303, 27.891056, 0.0)
(44.572613, 27.917273, 0.0)
(44.602043, 27.880186, 0.0)
(44.622303, 27.950563, 0.0)
(44.573212, 27.957026, 0.0)
(44.563831, 27.981331, 0.0)
(44.598511, 27.985798, 0.0)
(44.621658, 28.016953, 0.0)
(43.678108, 27.808422, 0.0)
(41.238678, 26.868420, 0.0)
(41.359207, 26.856777, 0.0)
(41.463066, 26.877428, 0.0)
(41.495548, 26.866196, 0.0)
(41.720879, 27.232922, 0.0)
(41.596291, 26.562061, 0.0)
(41.635162, 26.432341, 0.0)
(41.672802, 26.502563, 0.0)
(41.674721, 26.504559, 0.0)
(41.679508, 26.492399, 0.0)
(41.674126, 26.478130, 0.0)
(41.681313, 26.512051, 0.0)
(41.669113, 26.524664, 0.0)
(41.671608, 26.538658, 0.0)
(41.626572, 26.539892, 0.0)
(41.646572, 26.503613, 0.0)
(41.668648, 26.500650, 0.0)
(41.678864, 26.496546, 0.0)
(41.626476, 26.490173, 0.0)
(41.603924, 26.495573, 0.0)
(41.680862, 26.432388, 0.0)
(41.689095, 26.458256, 0.0)
(41.649540, 26.519457, 0.0)
(41.596584, 26.518145, 0.0)
(41.592491, 26.514532, 0.0)
(41.594143, 26.533808, 0.0)
(41.604393, 26.533115, 0.0)
(41.601742, 26.511284, 0.0)
(41.608311, 26.524878, 0.0)
(41.537258, 26.527235, 0.0)
(41.531269, 26.512581, 0.0)
(41.565075, 26.525440, 0.0)
(41.604984, 26.484316, 0.0)
(41.540218, 26.498543, 0.0)
(41.383884, 26.338854, 0.0)
(35.165623, 29.406954, 0.0)
(32.556248, 28.868870, 0.0)
(32.178955, 28.463324, 0.0)
(32.165955, 28.331354, 0.0)
(32.137276, 28.305759, 0.0)
(32.152626, 28.337984, 0.0)
(32.051159, 28.525166, 0.0)
(29.467840, 31.047283, 0.0)
(29.472139, 31.055235, 0.0)
(29.560287, 30.980749, 0.0)
(29.601320, 30.930798, 0.0)
(29.540611, 30.918314, 0.0)
(29.243885, 31.248648, 0.0)
(29.235950, 31.290749, 0.0)
(29.256996, 31.251347, 0.0)
(29.274426, 31.327688, 0.0)
(29.259373, 31.356064, 0.0)
(29.248098, 31.347805, 0.0)
(29.259155, 31.287605, 0.0)
(29.281431, 31.227482, 0.0)
(29.277338, 31.229372, 0.0)
(29.288376, 31.231112, 0.0)
(29.304270, 31.234037, 0.0)
(29.265196, 31.291346, 0.0)
(29.257429, 31.292475, 0.0)
(29.278847, 31.244427, 0.0)
(29.253757, 31.303820, 0.0)
(29.228111, 31.260242, 0.0)
(29.223053, 31.186773, 0.0)
(29.234310, 31.230570, 0.0)
(29.239717, 31.254450, 0.0)
(29.216841, 31.201826, 0.0)
(29.218672, 31.203053, 0.0)
(29.215322, 31.255302, 0.0)
(29.233379, 31.255590, 0.0)
(29.253777, 31.199669, 0.0)
(31.202856, 28.034645, 0.0)
(32.248859, 24.198444, 0.0)
(32.647266, 24.022427, 0.0)
(32.669369, 24.245792, 0.0)
(38.451591, 26.436993, 0.0)
(42.741474, 29.409985, 0.0)
(44.467052, 30.843697, 0.0)
(44.398708, 30.743780, 0.0)
(44.340122, 30.644457, 0.0)
(44.352810, 30.665071, 0.0)
(44.382072, 30.683140, 0.0)
(44.369389, 30.670097, 0.0)
(44.357193, 30.640551, 0.0)
(44.727524, 31.372618, 0.0)
(45.018711, 32.905060, 0.0)
(45.007862, 32.858593, 0.0)
(44.967464, 32.777554, 0.0)
(44.968559, 32.786018, 0.0)
(44.934361, 32.813969, 0.0)
(44.881874, 32.805286, 0.0)
(44.911488, 32.775814, 0.0)
(44.891907, 32.745411, 0.0)
(44.788773, 32.721859, 0.0)
(44.775139, 32.710472, 0.0)
(44.772415, 32.699821, 0.0)
(44.772415, 32.699821, 0.0)
(44.768642, 32.700233, 0.0)
(44.738773, 32.748135, 0.0)
(44.726768, 32.724426, 0.0)
(44.742149, 32.708515, 0.0)
(44.744068, 32.672359, 0.0)
(44.740887, 32.679958, 0.0)
(44.745167, 32.660305, 0.0)
(44.749714, 32.688347, 0.0)
(44.752468, 32.703403, 0.0)
(44.393330, 32.222321, 0.0)
(43.159924, 27.809231, 0.0)
(43.284775, 27.429390, 0.0)
(43.370869, 27.329155, 0.0)
(43.422756, 27.343367, 0.0)
(43.409916, 27.357637, 0.0)
(43.367207, 27.373871, 0.0)
(43.373089, 27.367477, 0.0)
(43.387543, 27.358074, 0.0)
(43.445892, 27.428963, 0.0)
(43.397770, 27.421932, 0.0)
(43.323956, 27.588970, 0.0)
(43.290272, 27.628527, 0.0)
(43.310169, 27.590893, 0.0)
(43.350365, 27.543028, 0.0)
(43.359852, 27.572887, 0.0)
(43.315075, 27.538563, 0.0)
(43.295261, 27.555283, 0.0)
(43.326416, 27.555374, 0.0)
(43.341938, 27.521627, 0.0)
(43.318512, 27.559433, 0.0)
(43.262959, 27.583134, 0.0)
(43.228138, 27.599043, 0.0)
(43.255184, 27.562256, 0.0)
(43.278660, 27.547297, 0.0)
(43.283546, 27.576204, 0.0)
(43.279224, 27.584436, 0.0)
(43.244637, 27.568819, 0.0)
(43.301826, 27.578964, 0.0)
(43.322723, 27.552254, 0.0)
(43.295387, 27.553871, 0.0)
(43.262581, 27.565538, 0.0)
(43.268551, 27.603743, 0.0)
(43.271713, 27.561563, 0.0)
(43.299530, 27.557184, 0.0)
(43.300106, 27.586069, 0.0)
(43.213947, 27.594088, 0.0)
(42.644871, 27.583733, 0.0)
(37.025627, 27.583643, 0.0)
(33.200020, 29.751659, 0.0)
(31.200991, 30.779026, 0.0)
(31.274195, 30.879063, 0.0)
(31.367867, 30.910572, 0.0)
(31.383686, 30.894520, 0.0)
(31.420097, 30.897449, 0.0)
(31.375532, 30.896376, 0.0)
(29.951160, 31.796999, 0.0)
(29.188847, 32.393726, 0.0)
(29.278347, 32.372364, 0.0)
(29.321566, 32.334381, 0.0)
(29.320972, 32.336140, 0.0)
(29.300503, 32.318993, 0.0)
(29.318899, 32.290512, 0.0)
(29.336727, 32.282291, 0.0)
(29.346992, 32.251030, 0.0)
(29.338024, 32.245838, 0.0)
(29.275881, 32.299015, 0.0)
(29.275339, 32.255737, 0.0)
(29.294672, 32.220596, 0.0)
(29.276505, 32.233643, 0.0)
(29.258831, 32.285812, 0.0)
(29.242109, 32.237278, 0.0)
(29.244471, 32.226982, 0.0)
(29.280769, 32.266895, 0.0)
(29.279913, 32.261688, 0.0)
(29.251602, 32.226692, 0.0)
(29.242758, 32.211910, 0.0)
(29.283047, 32.202103, 0.0)
(29.307314, 32.230072, 0.0)
(29.351854, 32.228344, 0.0)
(29.332458, 32.260113, 0.0)
(29.288584, 32.237061, 0.0)
(29.328272, 32.243057, 0.0)
(29.365252, 32.223583, 0.0)
(29.373184, 32.183113, 0.0)
(31.001673, 30.389927, 0.0)
(31.888397, 27.398710, 0.0)
(32.041393, 26.894331, 0.0)
(31.854864, 26.626486, 0.0)
(31.724136, 26.691227, 0.0)
(31.740786, 26.729591, 0.0)
(31.815029, 27.200861, 0.0)
(31.768549, 26.431032, 0.0)
(31.736464, 26.174480, 0.0)
(31.594700, 26.222233, 0.0)
(31.502296, 26.229212, 0.0)
(31.527996, 26.201300, 0.0)
(31.537697, 26.240067, 0.0)
(31.527189, 26.245592, 0.0)
(31.488247, 26.268087, 0.0)
(31.486578, 26.273993, 0.0)
(31.505669, 26.260294, 0.0)
(31.558754, 26.287937, 0.0)
(31.583111, 26.279734, 0.0)
(31.502220, 26.354935, 0.0)
(31.432154, 26.325148, 0.0)
(31.504982, 26.318703, 0.0)
(31.555967, 26.338121, 0.0)
(31.503004, 26.324574, 0.0)
(31.455406, 26.343039, 0.0)
(31.432936, 26.278091, 0.0)
(31.488373, 26.266190, 0.0)
(31.541218, 26.295340, 0.0)
(31.510782, 26.309797, 0.0)
(31.455273, 26.311350, 0.0)
(35.091042, 26.255449, 0.0)
(40.451649, 29.410295, 0.0)
(40.237503, 28.751188, 0.0)
(40.175774, 28.655504, 0.0)
(40.285603, 28.684616, 0.0)
(40.340042, 28.748905, 0.0)
(40.330482, 28.733688, 0.0)
(40.294575, 28.729282, 0.0)
(40.346821, 28.822992, 0.0)
(40.368870, 28.832575, 0.0)
(40.358849, 28.841469, 0.0)
(40.289825, 28.838593, 0.0)
(40.250092, 28.829071, 0.0)
(40.269810, 28.782776, 0.0)
(40.318863, 28.761990, 0.0)
(40.309631, 28.744446, 0.0)
(40.256393, 28.768806, 0.0)
(40.243698, 28.771692, 0.0)
(40.296219, 28.756977, 0.0)
(40.313770, 28.746222, 0.0)
(40.264454, 28.764923, 0.0)
(40.262745, 28.768610, 0.0)
(40.265648, 28.774979, 0.0)
(40.310844, 28.816790, 0.0)
(40.335335, 28.819679, 0.0)
(40.293476, 28.831533, 0.0)
(40.283890, 28.842640, 0.0)
(40.289490, 28.830240, 0.0)
(40.316349, 28.828365, 0.0)
(40.368374, 28.881495, 0.0)
(40.372890, 28.918901, 0.0)
(40.291370, 28.958818, 0.0)
(40.300549, 28.933186, 0.0)
(40.375149, 28.927479, 0.0)
(40.355011, 28.936218, 0.0)
(40.312584, 28.932520, 0.0)
(40.287922, 28.928835, 0.0)
(40.260574, 28.900068, 0.0)
(38.734516, 24.833963, 0.0)
(38.140755, 23.536875, 0.0)
(38.074059, 23.541695, 0.0)
(38.061581, 23.602354, 0.0)
(38.073177, 23.554300, 0.0)
(37.375557, 22.673899, 0.0)
(37.351734, 22.544968, 0.0)
(37.348728, 22.571943, 0.0)
(37.295567, 22.543501, 0.0)
(37.291485, 22.577799, 0.0)
(37.340157, 22.539049, 0.0)
(37.349842, 22.573046, 0.0)
(37.196522, 22.328817, 0.0)
(37.090714, 22.099281, 0.0)
(37.110683, 22.121109, 0.0)
(37.182999, 22.114157, 0.0)
(37.197914, 22.161579, 0.0)
(37.147713, 22.195736, 0.0)
(37.109428, 22.246260, 0.0)
(37.115799, 22.247723, 0.0)
(37.142067, 22.269257, 0.0)
(37.165279, 22.279238, 0.0)
(37.171993, 22.272551, 0.0)
(37.146767, 22.263567, 0.0)
(37.120827, 22.262335, 0.0)
(37.162922, 22.286144, 0.0)
(37.219933, 22.294336, 0.0)
(37.204010, 22.299337, 0.0)
(37.147007, 22.295534, 0.0)
(37.096916, 22.288511, 0.0)
(37.181255, 22.271624, 0.0)
(37.196861, 22.267908, 0.0)
(37.174492, 22.298803, 0.0)
(37.095058, 22.299156, 0.0)
(37.114761, 22.312286, 0.0)
(37.173939, 22.323513, 0.0)
(41.659809, 22.903385, 0.0)
(44.091614, 24.154760, 0.0)
(44.211170, 24.333920, 0.0)
(44.130070, 24.257803, 0.0)
(44.123283, 24.228790, 0.0)
(44.194992, 24.187180, 0.0)
(44.219654, 24.128717, 0.0)
(44.198399, 24.116369, 0.0)
(44.162434, 24.115807, 0.0)
(43.976494, 24.014359, 0.0)
(43.892757, 23.839565, 0.0)
(43.950760, 23.856325, 0.0)
(43.947048, 23.885145, 0.0)
(43.906483, 23.881104, 0.0)
(43.913479, 23.865902, 0.0)
(43.967468, 23.871595, 0.0)
(43.965012, 23.823553, 0.0)
(43.964340, 23.859966, 0.0)
(43.958908, 23.915619, 0.0)
(43.984264, 23.951254, 0.0)
(43.980621, 23.959333, 0.0)
(43.965591, 23.936468, 0.0)
(43.965904, 23.863363, 0.0)
(43.974445, 23.863968, 0.0)
(43.950146, 23.860825, 0.0)
(43.950218, 23.841831, 0.0)
(43.924732, 23.816694, 0.0)
(43.924156, 23.822571, 0.0)
(43.947777, 23.851990, 0.0)
(43.904213, 23.840160, 0.0)
(43.876350, 23.850166, 0.0)
(43.880062, 23.847963, 0.0)
(43.881271, 23.835629, 0.0)
(43.891621, 23.838446, 0.0)
(43.876350, 23.850166, 0.0)
(43.876503, 23.856188, 0.0)
(43.852287, 23.899496, 0.0)
(43.039665, 25.212254, 0.0)
(43.056046, 25.331104, 0.0)
(43.079536, 25.254139, 0.0)
(43.039459, 25.316536, 0.0)
(43.016941, 25.766048, 0.0)
(42.861282, 25.241541, 0.0)
(42.860252, 25.229412, 0.0)
(42.916035, 25.268604, 0.0)
(42.957634, 25.275944, 0.0)
(42.975296, 25.258043, 0.0)
(42.917995, 25.249310, 0.0)
(42.932938, 25.243185, 0.0)
(42.954758, 25.241331, 0.0)
(42.935745, 25.276844, 0.0)
(42.945492, 25.299658, 0.0)
(42.972637, 25.299658, 0.0)
(42.991093, 25.273083, 0.0)
(42.928959, 25.281109, 0.0)
(42.921795, 25.276470, 0.0)
(42.986504, 25.305368, 0.0)
(42.989124, 25.276981, 0.0)
(42.996910, 25.252687, 0.0)
(42.985451, 25.249535, 0.0)
(42.978016, 25.240313, 0.0)
(42.995747, 25.211105, 0.0)
(42.999954, 25.209934, 0.0)
(42.986992, 25.237324, 0.0)
(42.967930, 25.278765, 0.0)
(42.981857, 25.312029, 0.0)
(42.948410, 25.319143, 0.0)
(42.908501, 25.318291, 0.0)
(42.882465, 25.235229, 0.0)
(42.923901, 25.226799, 0.0)
(42.897495, 25.280262, 0.0)
(42.865181, 25.302799, 0.0)
(38.811150, 27.104946, 0.0)
(34.586540, 29.896952, 0.0)
(32.815426, 31.995615, 0.0)
(32.844246, 32.127068, 0.0)
(32.851841, 31.980244, 0.0)
(32.844540, 31.948502, 0.0)
(32.834316, 31.958866, 0.0)
(32.826565, 31.990797, 0.0)
(32.787308, 31.988766, 0.0)
(32.778969, 31.990725, 0.0)
(32.527718, 31.925915, 0.0)
(32.480106, 31.928745, 0.0)
(32.455875, 31.904758, 0.0)
(32.525585, 31.882229, 0.0)
(32.502796, 31.881002, 0.0)
(32.426449, 31.861412, 0.0)
(32.410309, 31.872503, 0.0)
(32.410309, 31.872503, 0.0)
(32.432369, 31.893333, 0.0)
(32.449993, 31.902435, 0.0)
(32.424332, 31.863779, 0.0)
(32.494133, 31.768202, 0.0)
(32.452465, 31.634169, 0.0)
(32.487652, 31.438150, 0.0)
(32.235798, 29.303766, 0.0)
(32.249893, 27.764366, 0.0)
(32.225338, 27.746367, 0.0)
(32.190777, 27.929226, 0.0)
(32.175198, 28.000500, 0.0)
(32.208431, 27.993181, 0.0)
(32.202816, 27.928352, 0.0)
(32.204697, 27.911413, 0.0)
(32.196873, 27.891417, 0.0)
(32.198872, 27.834513, 0.0)
(32.228966, 27.840881, 0.0)
(32.208656, 27.925383, 0.0)
(32.156551, 27.939249, 0.0)
(32.171825, 27.964222, 0.0)
(32.188103, 27.965065, 0.0)
(32.218010, 27.949533, 0.0)
(32.521141, 30.426640, 0.0)
(33.024792, 32.170509, 0.0)
(33.008827, 32.143536, 0.0)
(32.922977, 32.349609, 0.0)
(32.971317, 33.549835, 0.0)
(32.823338, 33.488525, 0.0)
(32.747383, 32.792351, 0.0)
(32.642185, 32.422909, 0.0)
(32.718300, 32.424522, 0.0)
(32.749424, 32.495483, 0.0)
(32.739883, 32.606777, 0.0)
(32.716553, 32.639942, 0.0)
(32.734959, 32.681480, 0.0)
(32.745052, 32.728146, 0.0)
(32.756363, 32.709316, 0.0)
(32.787956, 32.621086, 0.0)
(32.771000, 32.595829, 0.0)
(32.741192, 32.561604, 0.0)
(32.742321, 32.530632, 0.0)
(32.775715, 32.508400, 0.0)
(33.276207, 31.457272, 0.0)
(33.332062, 29.286558, 0.0)
(33.059544, 28.944422, 0.0)
(32.985840, 28.983496, 0.0)
(33.010601, 29.001745, 0.0)
(33.038239, 29.017160, 0.0)
(33.014137, 29.040861, 0.0)
(33.033218, 29.065952, 0.0)
(32.993858, 29.131760, 0.0)
(33.020969, 29.163816, 0.0)
(37.950939, 29.903049, 0.0)
(38.797153, 30.794132, 0.0)
(38.807213, 30.714094, 0.0)
(38.769627, 30.644192, 0.0)
(38.719765, 30.560785, 0.0)
(38.581848, 31.736029, 0.0)
(38.455803, 31.026573, 0.0)
(38.419682, 30.883923, 0.0)
(38.395164, 30.972393, 0.0)
(38.473621, 30.931303, 0.0)
(38.526394, 30.894617, 0.0)
(38.532551, 30.881378, 0.0)
(38.510384, 30.888798, 0.0)
(38.477676, 30.865074, 0.0)
(38.504818, 30.866285, 0.0)
(38.486378, 30.894073, 0.0)
(38.448055, 30.922714, 0.0)
(38.446308, 30.937481, 0.0)
(38.434406, 30.935612, 0.0)
(38.480473, 30.892815, 0.0)
(38.509472, 30.901081, 0.0)
(38.500580, 30.894762, 0.0)
(38.456570, 30.893480, 0.0)
(38.443859, 30.864647, 0.0)
(38.504055, 30.849257, 0.0)
(38.528458, 30.836432, 0.0)
(38.485493, 30.832190, 0.0)
(38.444416, 30.823986, 0.0)
(38.450386, 30.819143, 0.0)
(38.475262, 30.813238, 0.0)
(38.486633, 30.811779, 0.0)
(38.445435, 30.881075, 0.0)
(38.394897, 30.895679, 0.0)
(38.400787, 30.890169, 0.0)
(40.083447, 29.271040, 0.0)
(43.014984, 25.574919, 0.0)
(42.832924, 24.383265, 0.0)
(42.874802, 24.070820, 0.0)
(42.924240, 24.234501, 0.0)
(42.882843, 24.308443, 0.0)
(42.889641, 24.272894, 0.0)
(42.952888, 24.271538, 0.0)
(43.028400, 24.311693, 0.0)
(42.959759, 24.325514, 0.0)
(42.646469, 24.393265, 0.0)
(42.632492, 24.341700, 0.0)
(42.708088, 24.290546, 0.0)
(42.663422, 24.289339, 0.0)
(42.681499, 24.310896, 0.0)
(42.675968, 24.337143, 0.0)
(42.647465, 24.343830, 0.0)
(42.638481, 24.310623, 0.0)
(42.711842, 24.295628, 0.0)
(42.708504, 24.298901, 0.0)
(42.620304, 24.256731, 0.0)
(42.610481, 24.234745, 0.0)
(42.627266, 24.237658, 0.0)
(42.638706, 24.275730, 0.0)
(42.598240, 24.335556, 0.0)
(42.541203, 24.379726, 0.0)
(42.519051, 24.416531, 0.0)
(42.533749, 24.413729, 0.0)
(42.548286, 24.398769, 0.0)
(42.565258, 24.413187, 0.0)
(42.568939, 24.437786, 0.0)
(42.482384, 24.437531, 0.0)
(42.510590, 24.442350, 0.0)
(42.574295, 24.436199, 0.0)
(42.514713, 24.453972, 0.0)
(42.488098, 24.463837, 0.0)
(44.006340, 25.316305, 0.0)
(44.306313, 25.638163, 0.0)
(44.338917, 25.610155, 0.0)
(44.325203, 25.601942, 0.0)
(44.273399, 25.558247, 0.0)
(44.253448, 25.566519, 0.0)
(44.285786, 25.554943, 0.0)
(44.293934, 25.580881, 0.0)
(44.293934, 25.580881, 0.0)
(44.305996, 25.590385, 0.0)
(44.271317, 25.588942, 0.0)
(44.083549, 26.103357, 0.0)
(44.779625, 26.612442, 0.0)
(44.427746, 25.758312, 0.0)
(44.368282, 25.613382, 0.0)
(44.385147, 25.669920, 0.0)
(44.382828, 25.695360, 0.0)
(44.339672, 25.717806, 0.0)
(44.328220, 25.718081, 0.0)
(44.355068, 25.758780, 0.0)
(44.377079, 25.772350, 0.0)
(44.389481, 25.788950, 0.0)
(44.409615, 25.843994, 0.0)
(44.394993, 25.820040, 0.0)
(44.368225, 25.808752, 0.0)
(44.421162, 25.765587, 0.0)
(44.454494, 25.806625, 0.0)
(44.417889, 25.789385, 0.0)
(44.366840, 25.755142, 0.0)
(44.372028, 25.726938, 0.0)
(44.378864, 25.738098, 0.0)
(44.381710, 25.750130, 0.0)
(44.374786, 25.745941, 0.0)
(44.347458, 25.700987, 0.0)
(44.361874, 25.734179, 0.0)
(44.342781, 25.719015, 0.0)
(43.897663, 26.675371, 0.0)
(43.385319, 28.950943, 0.0)
(43.626278, 31.274824, 0.0)
(43.457764, 31.773962, 0.0)
(43.466858, 31.656822, 0.0)
(43.585331, 31.589743, 0.0)
(43.589111, 31.575474, 0.0)
(43.573357, 31.735802, 0.0)
(43.568985, 32.009655, 0.0)
(43.551472, 31.990454, 0.0)
(43.573082, 31.996002, 0.0)
(43.563686, 32.036160, 0.0)
(43.527451, 32.026611, 0.0)
(43.486187, 32.060310, 0.0)
(43.494633, 32.071957, 0.0)
(43.493755, 32.033997, 0.0)
(43.513233, 32.038219, 0.0)
(43.567020, 32.057003, 0.0)
(43.543175, 32.043362, 0.0)
(43.505547, 32.045437, 0.0)
(43.494812, 32.051945, 0.0)
(43.528790, 32.040642, 0.0)
(43.548126, 32.040802, 0.0)
(43.531822, 32.015640, 0.0)
(43.521976, 31.993496, 0.0)
(43.545280, 32.000000, 0.0)
(43.575367, 32.041489, 0.0)
(43.600861, 32.108307, 0.0)
(43.555576, 32.095318, 0.0)
(43.528481, 32.083321, 0.0)
(43.538414, 32.088257, 0.0)
(43.552402, 32.049988, 0.0)
(43.542248, 32.030685, 0.0)
(43.541576, 32.053974, 0.0)
(43.560177, 32.109631, 0.0)
(43.535332, 32.145237, 0.0)
(43.521389, 32.157948, 0.0)
(43.545429, 32.128029, 0.0)
(45.023468, 32.281742, 0.0)
(45.681171, 32.258537, 0.0)
(45.656689, 32.229324, 0.0)
(45.700451, 32.253735, 0.0)
(45.714924, 32.241405, 0.0)
(45.718296, 32.253231, 0.0)
(45.690277, 32.226074, 0.0)
(45.608887, 32.188862, 0.0)
(45.677177, 32.243309, 0.0)
(45.674454, 32.154099, 0.0)
(45.685699, 32.131912, 0.0)
(45.664505, 32.097797, 0.0)
(45.659863, 32.120983, 0.0)
(45.658928, 32.210247, 0.0)
(45.624886, 32.244400, 0.0)
(45.657261, 32.307240, 0.0)
(45.692970, 32.271992, 0.0)
(45.586380, 32.271900, 0.0)
(45.546352, 32.169483, 0.0)
(45.590130, 32.112167, 0.0)
(45.620949, 32.053513, 0.0)
(45.616291, 32.037403, 0.0)
(45.593105, 32.066936, 0.0)
(45.534267, 32.094505, 0.0)
(45.537823, 32.143444, 0.0)
(45.530304, 32.106812, 0.0)
(45.548126, 32.148495, 0.0)
(45.541744, 32.189144, 0.0)
(45.533009, 32.111530, 0.0)
(45.525440, 32.106987, 0.0)
(45.518848, 32.151245, 0.0)
(45.537876, 32.103462, 0.0)
(45.607632, 32.084312, 0.0)
(45.569923, 32.084995, 0.0)
(45.511532, 32.101357, 0.0)
(45.506367, 32.083313, 0.0)
(45.515453, 32.047226, 0.0)
(40.548122, 29.359756, 0.0)
(35.370617, 27.138268, 0.0)
(31.338116, 27.079889, 0.0)
(29.319414, 27.338337, 0.0)
(29.562086, 27.221485, 0.0)
(29.691093, 27.212904, 0.0)
(29.734484, 27.231359, 0.0)
(28.962860, 27.582317, 0.0)
(28.732088, 27.574261, 0.0)
(28.752977, 27.547729, 0.0)
(28.851463, 27.481182, 0.0)
(28.871990, 27.454821, 0.0)
(28.772686, 27.481234, 0.0)
(28.767714, 27.451611, 0.0)
(28.765440, 27.469231, 0.0)
(28.778572, 27.524143, 0.0)
(28.796497, 27.537746, 0.0)
(28.771637, 27.561846, 0.0)
(28.754402, 27.582724, 0.0)
(28.774141, 27.579109, 0.0)
(28.790768, 27.546780, 0.0)
(28.770260, 27.650478, 0.0)
(28.798065, 27.657314, 0.0)
(28.793030, 27.672029, 0.0)
(28.744450, 27.692505, 0.0)
(28.797415, 27.713367, 0.0)
(28.836937, 27.672934, 0.0)
(28.807911, 27.663271, 0.0)
(28.779707, 27.626381, 0.0)
(28.793091, 27.611122, 0.0)
(28.793095, 27.636766, 0.0)
(28.780840, 27.698748, 0.0)
(28.761192, 27.721081, 0.0)
(28.733015, 27.738159, 0.0)
(28.736502, 27.757704, 0.0)
(28.760849, 27.736443, 0.0)
(28.783379, 27.744036, 0.0)
(28.702360, 27.614292, 0.0)
(0.000000, 0.000000, 1.0)
(32.128960, 26.224052, 0.0)
(32.068054, 25.546541, 0.0)
(31.949438, 25.135418, 0.0)
(31.893139, 25.134441, 0.0)
(31.758156, 25.443947, 0.0)
(31.845228, 25.538462, 0.0)
(31.710247, 25.095242, 0.0)
(31.617430, 25.008835, 0.0)
(31.615093, 25.054806, 0.0)
(31.628595, 25.032452, 0.0)
(31.711681, 25.754053, 0.0)
(31.827499, 25.609482, 0.0)
(31.739807, 25.044020, 0.0)
(31.685228, 24.885302, 0.0)
(31.657711, 25.034712, 0.0)
(31.679678, 25.075451, 0.0)
(31.691483, 25.092211, 0.0)
(31.703676, 25.090748, 0.0)
(31.720354, 25.112904, 0.0)
(31.706936, 25.106453, 0.0)
(31.675352, 25.104536, 0.0)
(31.701485, 25.116215, 0.0)
(31.750669, 25.112413, 0.0)
(31.754059, 25.125494, 0.0)
(31.760563, 25.127300, 0.0)
(31.730471, 25.171692, 0.0)
(31.700806, 25.158001, 0.0)
(31.727810, 25.144346, 0.0)
(31.746075, 25.157579, 0.0)
(31.715723, 25.165419, 0.0)
(31.710409, 25.120970, 0.0)
(31.689753, 25.115173, 0.0)
(31.711580, 25.615616, 0.0)
(29.819208, 27.024805, 0.0)
(29.756413, 26.596733, 0.0)
(29.816559, 26.605070, 0.0)
(29.830486, 26.631634, 0.0)
(29.779051, 26.675631, 0.0)
(29.789583, 26.666553, 0.0)
(29.901047, 26.650278, 0.0)
(30.319866, 26.624264, 0.0)
(30.331100, 26.670248, 0.0)
(30.283585, 26.657562, 0.0)
(30.251204, 26.680044, 0.0)
(30.277681, 26.722857, 0.0)
(30.291527, 26.735996, 0.0)
(30.261858, 26.772812, 0.0)
(30.284676, 26.813688, 0.0)
(30.307039, 26.803457, 0.0)
(30.300968, 26.773726, 0.0)
(30.301558, 26.755323, 0.0)
(30.260000, 26.732378, 0.0)
(30.155005, 26.760340, 0.0)
(30.211233, 26.752869, 0.0)
(30.304653, 26.753912, 0.0)
(30.286110, 26.807913, 0.0)
(30.245657, 26.866682, 0.0)
(30.191103, 26.880209, 0.0)
(30.218670, 26.870516, 0.0)
(30.272545, 26.916695, 0.0)
(30.283543, 26.959991, 0.0)
(30.248800, 26.921421, 0.0)
(30.199236, 26.899679, 0.0)
(30.230005, 26.884668, 0.0)
(30.491419, 26.840355, 0.0)
(35.465630, 26.929634, 0.0)
(36.668110, 29.450966, 0.0)
(36.330448, 28.417618, 0.0)
(36.257919, 27.915564, 0.0)
(36.253876, 27.854830, 0.0)
(36.244541, 27.888746, 0.0)
(36.219936, 27.863585, 0.0)
(36.131325, 27.749359, 0.0)
(36.418259, 28.920652, 0.0)
(36.204365, 28.000957, 0.0)
(36.132423, 27.551859, 0.0)
(36.171425, 27.554173, 0.0)
(36.168697, 27.648197, 0.0)
(36.249390, 27.612452, 0.0)
(36.268250, 27.646439, 0.0)
(36.215958, 27.679192, 0.0)
(36.216434, 27.701628, 0.0)
(36.222210, 27.685501, 0.0)
(36.220573, 27.738325, 0.0)
(36.245548, 27.799881, 0.0)
(36.249527, 27.840973, 0.0)
(36.229702, 27.843363, 0.0)
(36.239494, 27.843721, 0.0)
(36.275425, 27.860991, 0.0)
(36.301296, 27.890785, 0.0)
(36.322388, 27.904167, 0.0)
(36.305431, 27.869722, 0.0)
(36.288540, 27.830057, 0.0)
(36.318829, 27.852934, 0.0)
(36.324726, 27.887783, 0.0)
(36.293766, 27.883482, 0.0)
(36.242004, 27.923223, 0.0)
(37.471722, 28.076906, 0.0)
(41.565678, 29.346556, 0.0)
(41.575535, 29.456612, 0.0)
(41.487968, 29.434483, 0.0)
(41.462563, 29.398193, 0.0)
(41.445087, 29.357466, 0.0)
(41.481026, 29.371624, 0.0)
(42.024414, 29.926687, 0.0)
(42.032646, 29.950575, 0.0)
(41.970314, 29.873985, 0.0)
(41.979832, 29.869762, 0.0)
(42.022343, 29.860426, 0.0)
(42.004181, 29.872726, 0.0)
(41.980598, 29.863495, 0.0)
(41.965691, 29.824368, 0.0)
(41.997955, 29.802837, 0.0)
(42.028008, 29.798948, 0.0)
(42.018372, 29.788349, 0.0)
(41.965260, 29.806427, 0.0)
(41.968437, 29.799334, 0.0)
(41.992928, 29.786501, 0.0)
(42.009125, 29.778921, 0.0)
(42.010368, 29.775099, 0.0)
(42.003418, 29.796005, 0.0)
(41.987240, 29.790993, 0.0)
(41.993523, 29.783972, 0.0)
(42.013474, 29.787203, 0.0)
(42.001423, 29.810371, 0.0)
(41.978134, 29.780371, 0.0)
(41.993107, 29.729042, 0.0)
(42.020523, 29.714748, 0.0)
(42.027954, 29.739773, 0.0)
(41.998810, 29.772421, 0.0)
(41.987713, 29.788486, 0.0)
(41.980228, 29.785900, 0.0)
(41.990131, 29.782042, 0.0)
(41.984795, 29.788820, 0.0)
(41.979748, 29.740269, 0.0)
(36.713245, 28.333849, 0.0)
(31.747162, 27.521418, 0.0)
(29.694365, 27.242308, 0.0)
(29.884134, 27.206955, 0.0)
(29.975245, 27.201611, 0.0)
(29.879612, 27.223198, 0.0)
(28.864433, 26.697832, 0.0)
(28.897705, 26.666666, 0.0)
(28.888504, 26.686424, 0.0)
(28.857101, 26.618198, 0.0)
(28.816536, 26.549450, 0.0)
(28.782286, 26.524006, 0.0)
(28.716976, 26.534479, 0.0)
(28.585670, 26.523642, 0.0)
(28.377127, 26.173727, 0.0)
(28.527920, 26.083364, 0.0)
(28.514360, 26.144453, 0.0)
(28.409931, 26.294727, 0.0)
(28.421665, 26.294022, 0.0)
(28.421225, 26.282536, 0.0)
(28.388376, 26.265863, 0.0)
(28.367943, 26.218933, 0.0)
(28.596926, 26.130581, 0.0)
(28.585428, 26.182898, 0.0)
(28.563576, 26.297798, 0.0)
(28.512972, 26.365652, 0.0)
(28.482565, 26.390074, 0.0)
(28.510748, 26.384838, 0.0)
(28.531658, 26.387409, 0.0)
(28.525414, 26.382317, 0.0)
(28.543934, 26.369186, 0.0)
(28.519932, 26.397694, 0.0)
(28.516245, 26.412699, 0.0)
(28.533943, 26.412523, 0.0)
(28.547663, 26.472097, 0.0)
(28.535349, 26.488848, 0.0)
(28.543760, 26.481087, 0.0)
(32.961483, 25.600348, 0.0)
(37.340412, 27.077402, 0.0)
(39.737133, 27.581736, 0.0)
(39.889912, 27.986986, 0.0)
(39.763992, 27.994375, 0.0)
(39.747540, 27.972391, 0.0)
(39.781982, 27.977058, 0.0)
(41.667263, 29.207273, 0.0)
(42.083187, 29.669300, 0.0)
(42.049072, 29.669073, 0.0)
(42.027405, 29.660913, 0.0)
(42.074509, 29.626307, 0.0)
(41.975014, 29.596996, 0.0)
(37.996838, 29.163704, 0.0)
(38.073799, 29.136236, 0.0)
(38.137695, 29.110439, 0.0)
(38.181286, 29.039122, 0.0)
(38.190708, 29.055946, 0.0)
(38.160042, 29.054493, 0.0)
(38.156082, 29.043720, 0.0)
(38.154659, 29.035875, 0.0)
(38.193798, 29.031864, 0.0)
(38.195419, 29.000589, 0.0)
(38.237083, 28.971989, 0.0)
(38.192875, 29.021269, 0.0)
(38.144650, 29.010405, 0.0)
(38.175613, 28.989937, 0.0)
(38.238205, 28.983078, 0.0)
(38.171234, 28.995178, 0.0)
(38.107090, 28.979218, 0.0)
(38.112766, 28.975168, 0.0)
(38.150387, 28.974161, 0.0)
(38.102848, 28.999950, 0.0)
(38.082863, 28.984028, 0.0)
(38.075874, 29.011248, 0.0)
(38.070919, 28.970219, 0.0)
(38.054996, 28.945251, 0.0)
(36.239151, 29.014465, 0.0)
(36.180702, 29.362825, 0.0)
(36.905537, 30.345808, 0.0)
(36.573982, 29.532118, 0.0)
(36.438133, 28.944826, 0.0)
(36.376553, 28.675827, 0.0)
(36.430943, 28.689417, 0.0)
(36.452065, 28.745827, 0.0)
(36.442440, 28.742327, 0.0)
(36.396774, 28.709736, 0.0)
(36.396999, 28.703001, 0.0)
(36.444508, 28.700649, 0.0)
(36.470009, 28.731483, 0.0)
(36.458672, 28.771597, 0.0)
(36.441551, 28.791306, 0.0)
(36.441380, 28.893444, 0.0)
(36.504704, 28.896320, 0.0)
(36.553185, 28.942343, 0.0)
(36.526947, 28.902016, 0.0)
(36.457783, 28.788719, 0.0)
(36.430210, 28.839777, 0.0)
(36.433720, 28.867186, 0.0)
(36.402737, 28.882618, 0.0)
(36.375690, 28.889408, 0.0)
(36.350967, 28.885271, 0.0)
(36.357555, 28.870604, 0.0)
(36.387180, 28.874495, 0.0)
(36.394020, 28.868034, 0.0)
(36.402351, 28.854759, 0.0)
(36.386627, 28.926928, 0.0)
(36.360596, 28.959476, 0.0)
(36.382782, 28.994019, 0.0)
(36.412716, 29.005859, 0.0)
(36.362061, 29.028044, 0.0)
(36.327980, 29.037245, 0.0)
(37.245758, 29.201059, 0.0)
(41.602436, 30.631735, 0.0)
(41.944881, 31.168957, 0.0)
(41.897709, 31.193056, 0.0)
(41.816711, 31.147408, 0.0)
(41.826565, 31.111189, 0.0)
(41.853477, 31.080544, 0.0)
(42.202572, 31.097713, 0.0)
(42.240520, 31.078737, 0.0)
(42.181923, 31.065941, 0.0)
(42.171143, 31.063683, 0.0)
(42.248684, 31.050983, 0.0)
(42.271881, 31.030220, 0.0)
(42.207344, 31.010704, 0.0)
(42.175900, 30.998827, 0.0)
(42.158154, 30.955862, 0.0)
(42.207233, 31.026638, 0.0)
(42.216045, 31.031757, 0.0)
(42.171509, 31.055613, 0.0)
(42.166821, 31.081875, 0.0)
(42.196053, 31.075075, 0.0)
(42.212139, 31.064108, 0.0)
(42.220936, 31.059830, 0.0)
(42.209728, 31.037302, 0.0)
(42.162128, 31.052208, 0.0)
(42.174267, 31.042482, 0.0)
(42.249397, 31.024630, 0.0)
(42.240749, 31.040661, 0.0)
(42.184864, 31.042128, 0.0)
(42.160751, 31.007959, 0.0)
(42.160751, 31.007959, 0.0)
(42.192398, 31.023335, 0.0)
(42.216427, 31.064901, 0.0)
(42.178547, 31.066097, 0.0)
(42.154999, 31.088888, 0.0)
(42.184826, 31.080650, 0.0)
(42.199200, 31.079525, 0.0)
(42.186939, 31.089653, 0.0)
(36.329170, 25.818909, 0.0)
(35.567612, 24.561438, 0.0)
(35.539646, 24.112474, 0.0)
(35.585663, 24.132465, 0.0)
(35.602272, 24.198164, 0.0)
(35.643215, 24.222090, 0.0)
(35.634682, 24.245539, 0.0)
(35.604755, 24.254257, 0.0)
(35.578613, 24.266953, 0.0)
(35.588036, 23.746803, 0.0)
(35.568127, 23.623766, 0.0)
(35.589478, 23.677240, 0.0)
(35.632969, 23.716904, 0.0)
(35.564705, 23.730680, 0.0)
(35.555832, 23.730217, 0.0)
(35.579792, 23.673615, 0.0)
(35.619732, 23.672585, 0.0)
(35.584225, 23.656610, 0.0)
(35.578064, 23.592131, 0.0)
(35.560940, 23.556616, 0.0)
(35.594185, 23.572346, 0.0)
(35.583172, 23.562820, 0.0)
(35.558327, 23.568180, 0.0)
(35.546909, 23.575836, 0.0)
(35.530762, 23.587355, 0.0)
(35.493595, 23.566818, 0.0)
(35.494995, 23.625591, 0.0)
(35.502537, 23.700533, 0.0)
(35.488998, 23.709539, 0.0)
(35.453281, 23.725025, 0.0)
(35.473602, 23.687428, 0.0)
(35.513596, 23.641373, 0.0)
(35.484509, 23.651997, 0.0)
(35.466187, 23.617403, 0.0)
(35.427650, 23.664352, 0.0)
(36.937992, 23.749300, 0.0)
(42.766884, 24.649179, 0.0)
(44.919403, 25.833647, 0.0)
(44.897156, 25.820793, 0.0)
(44.845634, 25.779572, 0.0)
(44.891178, 25.782999, 0.0)
(45.401440, 26.155745, 0.0)
(45.449692, 26.196323, 0.0)
(45.441093, 26.178406, 0.0)
(45.365295, 26.184410, 0.0)
(45.422707, 26.213692, 0.0)
(45.456230, 26.183784, 0.0)
(45.450932, 26.196854, 0.0)
(45.413307, 26.168472, 0.0)
(45.359737, 26.108360, 0.0)
(45.411427, 26.151537, 0.0)
(45.457897, 26.179903, 0.0)
(45.427746, 26.207144, 0.0)
(45.376961, 26.207144, 0.0)
(45.365189, 26.221401, 0.0)
(45.370121, 26.223589, 0.0)
(45.375183, 26.219496, 0.0)
(45.362934, 26.221920, 0.0)
(45.381363, 26.222786, 0.0)
(45.343937, 26.212410, 0.0)
(45.376289, 26.240000, 0.0)
(45.470417, 26.239452, 0.0)
(45.412827, 26.222372, 0.0)
(45.332607, 26.155167, 0.0)
(45.310894, 26.135410, 0.0)
(45.318710, 26.168573, 0.0)
(45.339001, 26.193417, 0.0)
(45.316330, 26.207460, 0.0)
(45.302837, 26.200594, 0.0)
(45.276859, 26.181297, 0.0)
(45.261658, 26.151281, 0.0)
(45.274910, 26.104464, 0.0)
(45.225433, 26.057360, 0.0)
(43.803745, 23.934523, 0.0)
(43.714714, 23.680193, 0.0)
(43.713360, 23.750162, 0.0)
(43.782360, 23.765804, 0.0)
(43.858498, 23.754339, 0.0)
(43.802578, 23.701527, 0.0)
(43.730377, 23.572790, 0.0)
(43.732674, 23.567295, 0.0)
(43.770489, 23.604130, 0.0)
(43.784451, 23.645061, 0.0)
(43.530514, 23.531271, 0.0)
(43.429817, 23.528593, 0.0)
(43.429592, 23.541351, 0.0)
(42.714211, 23.426136, 0.0)
(42.711197, 23.404875, 0.0)
(42.698502, 23.381100, 0.0)
(42.695724, 23.369482, 0.0)
(42.686470, 23.352789, 0.0)
(42.701740, 23.335484, 0.0)
(42.924946, 23.434040, 0.0)
(43.683300, 23.505381, 0.0)
(43.686321, 23.511795, 0.0)
(43.674328, 23.503855, 0.0)
(43.683235, 23.498974, 0.0)
(43.684395, 23.484615, 0.0)
(43.683235, 23.498974, 0.0)
(43.645630, 23.500156, 0.0)
(43.646683, 23.497520, 0.0)
(43.654697, 23.500868, 0.0)
(43.664928, 23.499117, 0.0)
(43.673439, 23.507442, 0.0)
(43.623154, 23.497580, 0.0)
(43.593464, 23.501877, 0.0)
(43.616474, 23.438251, 0.0)
(43.655342, 23.421083, 0.0)
(43.626450, 23.431570, 0.0)
(43.562843, 23.433750, 0.0)
(43.552940, 23.432119, 0.0)
(44.920536, 25.328600, 0.0)
(46.434303, 29.915499, 0.0)
(46.193447, 31.797031, 0.0)
(45.958420, 32.017105, 0.0)
(45.911953, 31.819654, 0.0)
(45.873760, 31.743555, 0.0)
(45.883091, 31.753019, 0.0)
(45.979717, 32.748684, 0.0)
(45.928097, 32.835365, 0.0)
(45.873810, 32.731083, 0.0)
(45.910419, 32.707310, 0.0)
(45.908112, 32.687126, 0.0)
(45.868912, 32.732372, 0.0)
(45.847610, 32.704464, 0.0)
(45.806293, 32.668556, 0.0)
(45.841633, 32.741005, 0.0)
(45.858482, 32.745934, 0.0)
(45.807476, 32.717537, 0.0)
(45.766914, 32.735172, 0.0)
(45.759361, 32.724396, 0.0)
(45.803276, 32.706104, 0.0)
(45.821312, 32.716984, 0.0)
(45.802811, 32.722794, 0.0)
(45.745667, 32.725155, 0.0)
(45.757927, 32.727272, 0.0)
(45.836281, 32.779556, 0.0)
(45.778790, 32.724785, 0.0)
(45.759724, 32.744698, 0.0)
(45.770245, 32.738880, 0.0)
(45.775913, 32.736774, 0.0)
(45.777546, 32.760010, 0.0)
(45.749725, 32.740944, 0.0)
(45.732777, 32.728912, 0.0)
(45.735966, 32.726070, 0.0)
(45.741554, 32.734745, 0.0)
(45.744251, 32.730217, 0.0)
(45.745914, 32.705997, 0.0)
(42.340324, 29.726389, 0.0)
(34.171711, 26.696138, 0.0)
(33.438271, 26.010376, 0.0)
(33.479057, 25.579435, 0.0)
(33.552612, 25.584120, 0.0)
(34.017067, 26.768253, 0.0)
(33.887623, 25.914101, 0.0)
(33.811283, 25.602045, 0.0)
(33.819134, 25.647415, 0.0)
(33.799679, 25.742245, 0.0)
(33.820465, 25.752682, 0.0)
(33.844299, 25.758102, 0.0)
(33.838058, 25.801575, 0.0)
(33.834419, 25.811913, 0.0)
(33.830227, 25.823107, 0.0)
(33.863285, 25.799053, 0.0)
(33.897453, 25.777630, 0.0)
(33.889767, 25.775534, 0.0)
(33.924381, 25.822445, 0.0)
(33.921631, 25.872288, 0.0)
(33.909363, 25.917889, 0.0)
(33.924030, 25.928452, 0.0)
(33.895535, 25.966255, 0.0)
(33.856487, 25.992720, 0.0)
(33.827831, 26.028784, 0.0)
(33.895741, 26.069008, 0.0)
(33.921566, 26.163651, 0.0)
(33.874229, 26.096296, 0.0)
(33.857574, 25.949741, 0.0)
(33.894753, 25.900776, 0.0)
(33.970177, 25.937859, 0.0)
(33.891098, 25.991331, 0.0)
(35.365543, 26.990652, 0.0)
(39.201054, 31.340340, 0.0)
(39.271336, 32.978756, 0.0)
(39.273994, 32.984058, 0.0)
(39.234894, 32.819302, 0.0)
(39.175869, 32.720860, 0.0)
(39.148434, 33.533272, 0.0)
(39.224102, 33.929203, 0.0)
(39.239773, 33.821320, 0.0)
(39.225460, 33.772308, 0.0)
(39.174553, 33.729752, 0.0)
(39.193497, 33.694118, 0.0)
(39.264534, 33.598694, 0.0)
(39.210606, 33.586693, 0.0)
(39.182728, 33.559311, 0.0)
(39.109745, 33.497330, 0.0)
(39.144371, 33.356560, 0.0)
(39.178848, 33.229557, 0.0)
(39.204460, 33.191029, 0.0)
(39.135090, 33.240128, 0.0)
(39.081234, 33.213959, 0.0)
(39.144779, 33.143131, 0.0)
(39.178768, 33.157017, 0.0)
(39.165634, 33.174129, 0.0)
(39.159855, 33.174965, 0.0)
(39.136566, 33.194599, 0.0)
(39.170589, 33.188450, 0.0)
(39.199348, 33.207481, 0.0)
(39.170444, 33.277100, 0.0)
(39.118324, 33.239620, 0.0)
(39.129021, 33.209526, 0.0)
(39.199993, 33.194054, 0.0)
(39.167973, 33.220474, 0.0)
(39.150703, 33.263279, 0.0)
(39.099365, 33.295815, 0.0)
(39.119919, 33.269154, 0.0)
(39.462753, 33.036705, 0.0)
(42.137135, 29.373663, 0.0)
(43.923145, 25.914309, 0.0)
(44.653065, 24.353745, 0.0)
(44.678093, 24.105692, 0.0)
(44.690639, 24.343079, 0.0)
(44.638103, 24.392916, 0.0)
(44.726593, 24.469580, 0.0)
(45.186455, 24.471088, 0.0)
(45.235710, 24.440048, 0.0)
(45.255260, 24.451614, 0.0)
(45.222549, 24.421431, 0.0)
(45.177311, 24.364487, 0.0)
(45.201698, 24.359428, 0.0)
(45.270935, 24.400211, 0.0)
(45.205997, 24.442566, 0.0)
(45.187077, 24.467352, 0.0)
(45.168404, 24.465874, 0.0)
(45.185314, 24.468704, 0.0)
(45.200397, 24.527826, 0.0)
(45.206440, 24.537363, 0.0)
(45.168159, 24.488268, 0.0)
(45.140266, 24.537481, 0.0)
(45.181324, 24.549925, 0.0)
(45.200397, 24.527826, 0.0)
(45.193893, 24.469620, 0.0)
(45.165211, 24.470554, 0.0)
(45.253025, 24.459703, 0.0)
(45.249657, 24.441904, 0.0)
(45.221050, 24.423477, 0.0)
(45.157322, 24.328108, 0.0)
(45.180511, 24.330549, 0.0)
(45.211273, 24.395731, 0.0)
(45.196671, 24.395731, 0.0)
(45.179630, 24.387400, 0.0)
(45.140011, 24.393318, 0.0)
(45.132511, 24.409479, 0.0)
(44.885067, 26.488611, 0.0)
(45.065800, 29.414963, 0.0)
(44.988377, 29.395834, 0.0)
(44.965061, 29.270447, 0.0)
(44.948635, 29.261702, 0.0)
(45.147953, 29.562773, 0.0)
(45.169815, 29.843742, 0.0)
(45.143417, 29.801926, 0.0)
(45.113594, 29.775749, 0.0)
(45.131374, 29.790476, 0.0)
(45.153431, 29.835003, 0.0)
(45.146774, 29.844315, 0.0)
(45.113304, 29.847763, 0.0)
(45.093548, 29.871870, 0.0)
(45.087818, 29.853760, 0.0)
(45.099209, 29.861021, 0.0)
(45.104763, 29.839706, 0.0)
(45.104923, 29.850964, 0.0)
(45.061310, 29.874090, 0.0)
(45.087818, 29.853760, 0.0)
(45.137417, 29.839315, 0.0)
(45.122387, 29.891830, 0.0)
(45.093464, 29.914766, 0.0)
(45.101967, 29.926266, 0.0)
(45.121368, 29.924145, 0.0)
(45.138611, 29.924019, 0.0)
(45.118279, 29.923820, 0.0)
(45.115696, 29.918533, 0.0)
(45.127861, 29.906000, 0.0)
(45.125309, 29.900702, 0.0)
(45.118279, 29.923820, 0.0)
(45.137123, 29.977777, 0.0)
(45.103455, 29.979149, 0.0)
(45.097622, 29.984615, 0.0)
(45.140881, 29.983059, 0.0)
(45.140881, 29.983059, 0.0)
(45.106884, 29.987724, 0.0)
(45.083996, 29.982115, 0.0)
(43.945267, 30.303743, 0.0)
(39.682537, 31.785046, 0.0)
(38.063644, 33.166359, 0.0)
(38.126896, 33.222660, 0.0)
(38.169121, 33.151585, 0.0)
(38.109409, 33.129990, 0.0)
(38.121895, 33.104279, 0.0)
(38.139763, 33.073807, 0.0)
(38.129498, 33.022282, 0.0)
(38.040375, 32.980595, 0.0)
(37.343884, 33.667732, 0.0)
(37.304153, 33.822693, 0.0)
(37.335361, 33.750877, 0.0)
(37.302307, 33.731575, 0.0)
(37.280926, 33.726742, 0.0)
(37.281864, 33.735332, 0.0)
(37.287941, 33.710300, 0.0)
(37.287907, 33.703300, 0.0)
(37.257236, 33.710873, 0.0)
(37.200638, 33.708042, 0.0)
(37.258518, 33.687286, 0.0)
(37.268494, 33.693047, 0.0)
(37.280331, 33.695381, 0.0)
(37.279873, 33.696850, 0.0)
(37.191509, 33.704861, 0.0)
(37.219254, 33.685146, 0.0)
(37.253700, 33.681381, 0.0)
(37.224430, 33.683479, 0.0)
(37.161114, 33.675236, 0.0)
(37.153713, 33.672886, 0.0)
(37.170403, 33.677357, 0.0)
(37.195499, 33.709579, 0.0)
(37.179192, 33.724133, 0.0)
(37.144966, 33.768623, 0.0)
(37.148922, 33.789158, 0.0)
(37.142708, 33.769264, 0.0)
(37.169933, 33.745621, 0.0)
(37.190311, 33.721260, 0.0)
(37.441559, 32.988335, 0.0)
(39.501736, 23.400816, 0.0)
(0.000000, 0.000000, 1.0)
(39.435707, 22.394405, 0.0)
(39.286621, 22.052158, 0.0)
(39.339817, 22.058643, 0.0)
(39.364552, 22.048197, 0.0)
(39.363728, 22.014715, 0.0)
(39.374958, 22.004105, 0.0)
(39.341450, 21.979906, 0.0)
(39.331776, 21.933548, 0.0)
(39.354897, 21.922869, 0.0)
(39.377399, 21.970322, 0.0)
(39.291592, 21.959820, 0.0)
(39.253670, 21.922522, 0.0)
(39.255703, 21.856810, 0.0)
(39.260365, 21.814232, 0.0)
(39.265163, 21.820503, 0.0)
(39.262444, 21.847483, 0.0)
(39.251263, 21.885235, 0.0)
(39.237499, 21.937338, 0.0)
(39.238468, 21.970465, 0.0)
(39.253098, 22.008944, 0.0)
(39.254715, 22.003819, 0.0)
(39.222523, 21.986940, 0.0)
(39.218910, 21.923328, 0.0)
(39.238914, 21.895695, 0.0)
(39.256889, 21.922665, 0.0)
(39.222015, 21.959696, 0.0)
(39.173409, 21.978205, 0.0)
(39.147243, 21.995092, 0.0)
(38.136986, 23.594240, 0.0)
(32.565376, 30.715408, 0.0)
(32.731323, 30.779589, 0.0)
(32.717739, 30.783098, 0.0)
(32.661865, 30.751354, 0.0)
(32.567345, 30.780712, 0.0)
(32.521168, 30.795509, 0.0)
(32.542965, 30.792421, 0.0)
(32.552662, 30.800167, 0.0)
(32.520576, 30.798248, 0.0)
(32.473129, 30.771605, 0.0)
(32.476078, 30.758366, 0.0)
(32.530945, 30.774778, 0.0)
(32.508671, 30.795506, 0.0)
(32.445194, 30.791290, 0.0)
(32.424599, 30.766006, 0.0)
(32.401760, 30.761337, 0.0)
(32.415138, 30.729134, 0.0)
(32.422832, 30.728268, 0.0)
(32.415272, 30.754244, 0.0)
(32.367405, 30.767355, 0.0)
(32.316559, 30.794577, 0.0)
(32.380043, 30.790735, 0.0)
(32.420650, 30.857800, 0.0)
(32.366180, 30.826242, 0.0)
(32.299290, 30.766270, 0.0)
(32.264748, 30.774988, 0.0)
(32.328304, 30.781662, 0.0)
(32.333523, 30.749706, 0.0)
(32.300190, 30.721100, 0.0)
(32.277328, 30.721828, 0.0)
(32.323444, 30.715469, 0.0)
(32.284382, 30.711641, 0.0)
(32.291969, 30.708019, 0.0)
(43.192787, 28.032261, 0.0)
(43.482277, 27.207169, 0.0)
(43.593929, 26.930000, 0.0)
(43.582798, 26.996420, 0.0)
(43.571793, 26.988701, 0.0)
(43.556458, 26.990206, 0.0)
(43.561733, 26.942585, 0.0)
(43.583080, 26.975012, 0.0)
(43.414135, 26.459179, 0.0)
(43.384911, 26.441025, 0.0)
(43.377403, 26.457674, 0.0)
(43.419983, 26.463438, 0.0)
(43.448738, 26.430014, 0.0)
(43.470531, 26.445408, 0.0)
(43.475483, 26.457851, 0.0)
(43.420506, 26.469074, 0.0)
(43.474503, 26.480848, 0.0)
(43.447773, 26.478594, 0.0)
(43.297913, 26.413853, 0.0)
(43.255020, 26.377401, 0.0)
(43.335548, 26.419451, 0.0)
(43.386726, 26.461538, 0.0)
(43.417145, 26.446463, 0.0)
(43.388451, 26.453634, 0.0)
(43.380322, 26.455872, 0.0)
(43.400478, 26.458336, 0.0)
(43.458492, 26.458998, 0.0)
(43.476280, 26.465509, 0.0)
(43.481895, 26.476252, 0.0)
(43.457893, 26.488522, 0.0)
(43.422401, 26.492018, 0.0)
(43.468918, 26.446655, 0.0)
(43.494133, 26.461538, 0.0)
(43.454361, 26.491539, 0.0)
(43.425961, 26.500044, 0.0)
(43.376770, 26.483368, 0.0)
(39.717495, 24.301399, 0.0)
(39.709446, 24.022150, 0.0)
(39.736603, 24.096842, 0.0)
(39.772911, 24.141499, 0.0)
(39.772903, 24.135992, 0.0)
(39.727844, 24.168289, 0.0)
(39.722759, 24.156382, 0.0)
(39.810081, 24.128420, 0.0)
(39.808666, 24.111786, 0.0)
(39.761726, 24.144875, 0.0)
(39.746021, 24.148071, 0.0)
(39.728325, 24.178461, 0.0)
(39.764977, 24.185102, 0.0)
(39.764267, 24.221298, 0.0)
(39.760170, 24.264380, 0.0)
(39.714123, 24.260534, 0.0)
(39.718689, 24.219658, 0.0)
(39.723915, 24.204699, 0.0)
(39.731209, 24.199812, 0.0)
(39.733089, 24.240108, 0.0)
(39.706585, 24.241579, 0.0)
(39.724606, 24.257343, 0.0)
(39.737522, 24.250921, 0.0)
(39.728844, 24.255085, 0.0)
(39.712074, 24.270945, 0.0)
(39.705517, 24.218445, 0.0)
(39.721821, 24.254930, 0.0)
(39.736740, 24.249743, 0.0)
(39.712601, 24.280598, 0.0)
(39.673668, 24.283056, 0.0)
(39.685825, 24.280092, 0.0)
(39.727345, 24.299480, 0.0)
(39.720650, 24.287449, 0.0)
(39.442814, 24.457394, 0.0)
(35.616291, 26.355797, 0.0)
(34.686047, 28.017086, 0.0)
(34.368412, 29.349949, 0.0)
(34.203911, 28.854816, 0.0)
(34.137207, 28.792768, 0.0)
(34.151043, 28.808020, 0.0)
(34.137974, 28.824827, 0.0)
(34.143238, 28.842173, 0.0)
(34.156147, 28.859396, 0.0)
(34.177773, 28.868795, 0.0)
(34.202602, 28.885307, 0.0)
(34.190998, 28.926634, 0.0)
(34.133942, 28.891251, 0.0)
(34.177048, 28.884203, 0.0)
(34.224697, 28.900419, 0.0)
(34.200737, 28.895384, 0.0)
(34.150288, 28.857103, 0.0)
(34.136272, 28.829737, 0.0)
(34.987049, 27.241682, 0.0)
(35.067696, 26.040092, 0.0)
(35.057465, 26.037453, 0.0)
(35.040184, 26.138586, 0.0)
(35.004471, 26.117561, 0.0)
(35.020973, 26.120440, 0.0)
(35.045799, 26.148817, 0.0)
(35.050564, 26.179344, 0.0)
(35.012875, 26.175669, 0.0)
(35.017044, 26.160097, 0.0)
(35.060696, 26.143877, 0.0)
(35.054600, 26.183907, 0.0)
(35.015366, 26.216131, 0.0)
(34.987961, 26.178595, 0.0)
(35.004154, 26.194052, 0.0)
(35.007526, 26.209538, 0.0)
(35.015007, 26.212854, 0.0)
(34.977322, 26.231657, 0.0)
(36.293781, 26.947681, 0.0)
(40.118950, 27.578133, 0.0)
(39.882576, 27.094622, 0.0)
(39.863094, 27.005762, 0.0)
(39.955940, 27.108540, 0.0)
(39.974743, 27.178892, 0.0)
(40.174950, 27.396345, 0.0)
(40.208450, 27.470705, 0.0)
(40.229671, 27.500978, 0.0)
(40.270752, 27.529499, 0.0)
(40.271420, 27.551447, 0.0)
(40.244392, 27.590338, 0.0)
(40.216282, 27.537807, 0.0)
(40.267395, 27.496778, 0.0)
(40.314114, 27.451910, 0.0)
(40.332588, 27.471409, 0.0)
(40.289536, 27.477654, 0.0)
(40.248779, 27.447298, 0.0)
(40.272614, 27.395416, 0.0)
(40.306885, 27.426281, 0.0)
(40.273525, 27.445988, 0.0)
(40.239037, 27.454910, 0.0)
(40.234173, 27.440903, 0.0)
(40.245613, 27.424397, 0.0)
(40.244568, 27.470118, 0.0)
(40.212910, 27.482771, 0.0)
(40.196274, 27.498764, 0.0)
(40.195957, 27.521029, 0.0)
(40.200546, 27.543623, 0.0)
(40.233013, 27.532196, 0.0)
(40.230251, 27.528311, 0.0)
(40.139915, 27.484655, 0.0)
(40.166237, 27.469822, 0.0)
(40.217625, 27.480244, 0.0)
(40.203480, 27.528681, 0.0)
(40.657955, 27.464314, 0.0)
(43.607204, 26.041861, 0.0)
(44.363907, 25.196140, 0.0)
(44.443676, 25.177906, 0.0)
(44.481594, 25.207287, 0.0)
(44.394299, 25.182894, 0.0)
(44.333786, 25.134539, 0.0)
(44.335636, 25.074337, 0.0)
(44.347950, 25.085392, 0.0)
(44.451511, 24.746696, 0.0)
(44.398975, 24.648699, 0.0)
(44.368752, 24.682901, 0.0)
(44.401569, 24.688948, 0.0)
(44.426727, 24.680416, 0.0)
(44.408939, 24.618824, 0.0)
(44.385201, 24.587978, 0.0)
(44.446125, 24.584553, 0.0)
(44.465057, 24.569201, 0.0)
(44.427769, 24.595732, 0.0)
(44.368744, 24.593319, 0.0)
(44.366219, 24.613916, 0.0)
(44.391628, 24.581038, 0.0)
(44.408302, 24.583319, 0.0)
(44.395893, 24.573967, 0.0)
(44.360504, 24.559679, 0.0)
(44.314987, 24.578485, 0.0)
(44.332146, 24.568218, 0.0)
(44.363029, 24.537882, 0.0)
(44.360878, 24.541046, 0.0)
(44.319969, 24.540447, 0.0)
(44.319679, 24.520245, 0.0)
(44.345413, 24.554970, 0.0)
(44.364349, 24.562778, 0.0)
(44.345318, 24.561352, 0.0)
(44.349060, 24.580645, 0.0)
(44.311882, 24.564575, 0.0)
(44.307720, 24.591501, 0.0)
(44.022057, 24.693813, 0.0)
(41.661728, 26.507280, 0.0)
(38.623013, 27.561756, 0.0)
(35.038578, 28.520548, 0.0)
(32.904022, 29.247000, 0.0)
(32.851524, 29.133104, 0.0)
(32.902454, 29.106386, 0.0)
(32.864727, 29.064478, 0.0)
(32.790981, 29.047935, 0.0)
(32.772186, 29.063820, 0.0)
(32.791508, 29.068373, 0.0)
(32.790649, 29.105011, 0.0)
(32.750664, 29.134804, 0.0)
(32.737297, 29.135378, 0.0)
(34.671825, 28.557325, 0.0)
(36.689365, 28.223871, 0.0)
(36.761574, 28.300644, 0.0)
(36.709229, 28.268167, 0.0)
(36.661987, 28.281265, 0.0)
(36.640373, 28.268476, 0.0)
(36.700233, 28.219090, 0.0)
(36.719135, 28.170414, 0.0)
(36.708397, 28.184616, 0.0)
(36.698841, 28.180162, 0.0)
(36.693523, 28.193224, 0.0)
(36.719013, 28.165546, 0.0)
(36.723007, 28.151220, 0.0)
(36.685623, 28.128841, 0.0)
(36.688118, 28.110085, 0.0)
(36.677292, 28.108675, 0.0)
(36.684330, 28.108816, 0.0)
(36.678265, 28.110043, 0.0)
(36.662445, 28.121048, 0.0)
(36.622314, 28.168650, 0.0)
(36.616123, 28.150349, 0.0)
(36.650520, 28.128006, 0.0)
(36.652977, 28.138479, 0.0)
(37.372719, 28.350616, 0.0)
(40.624886, 30.434063, 0.0)
(40.345158, 29.786585, 0.0)
(40.280815, 29.442215, 0.0)
(40.222076, 29.351866, 0.0)
(40.175850, 29.429060, 0.0)
(40.194347, 29.434448, 0.0)
(40.202068, 29.457531, 0.0)
(40.219666, 29.476149, 0.0)
(40.175014, 29.491562, 0.0)
(40.148651, 29.520760, 0.0)
(40.214832, 29.526871, 0.0)
(40.245266, 29.543205, 0.0)
(40.203609, 29.545322, 0.0)
(40.199444, 29.548018, 0.0)
(40.207123, 29.543190, 0.0)
(40.237709, 29.559025, 0.0)
(40.258575, 29.576979, 0.0)
(40.217319, 29.548466, 0.0)
(40.215668, 29.553562, 0.0)
(40.234138, 29.548943, 0.0)
(40.251183, 29.550636, 0.0)
(40.249485, 29.595449, 0.0)
(40.255165, 29.606050, 0.0)
(40.244926, 29.620512, 0.0)
(40.224319, 29.630806, 0.0)
(40.263271, 29.592361, 0.0)
(40.293125, 29.580305, 0.0)
(40.285370, 29.616692, 0.0)
(40.244919, 29.624630, 0.0)
(40.233898, 29.636236, 0.0)
(40.248684, 29.652269, 0.0)
(40.263748, 29.696033, 0.0)
(40.233444, 29.641615, 0.0)
(40.196827, 29.666370, 0.0)
(40.240421, 29.608633, 0.0)
(40.322239, 29.586472, 0.0)
(42.925682, 31.269083, 0.0)
(43.531681, 32.152977, 0.0)
(43.497242, 32.228886, 0.0)
(43.429207, 32.181206, 0.0)
(43.514397, 32.195076, 0.0)
(43.696392, 32.791859, 0.0)
(43.669994, 32.895687, 0.0)
(43.617977, 32.815567, 0.0)
(43.605408, 32.746010, 0.0)
(43.642467, 32.754463, 0.0)
(43.687752, 32.771870, 0.0)
(43.745216, 32.802082, 0.0)
(43.728931, 32.821514, 0.0)
(43.780018, 32.847321, 0.0)
(43.793518, 32.841331, 0.0)
(43.785069, 32.850124, 0.0)
(43.789215, 32.892075, 0.0)
(43.787189, 32.887600, 0.0)
(43.770500, 32.869724, 0.0)
(43.791790, 32.855556, 0.0)
(43.831264, 32.846844, 0.0)
(43.806763, 32.867916, 0.0)
(43.793594, 32.837181, 0.0)
(43.814301, 32.877407, 0.0)
(43.424198, 32.913719, 0.0)
(43.429493, 32.220562, 0.0)
(43.469669, 31.965622, 0.0)
(43.527309, 32.022705, 0.0)
(43.534073, 32.071178, 0.0)
(43.517288, 32.097805, 0.0)
(43.529125, 32.107979, 0.0)
(43.506878, 32.110786, 0.0)
(43.527576, 32.079983, 0.0)
(43.571075, 32.067806, 0.0)
(43.548038, 32.094574, 0.0)
(43.530521, 32.081615, 0.0)
(43.534306, 32.103344, 0.0)
(43.570347, 32.119019, 0.0)
(43.612823, 32.140808, 0.0)
(43.626907, 32.178699, 0.0)
(43.597271, 32.141850, 0.0)
(43.619572, 32.136284, 0.0)
(43.621998, 32.122021, 0.0)
(43.627243, 32.096581, 0.0)
(43.607262, 32.108749, 0.0)
(43.602013, 32.137886, 0.0)
(43.538612, 32.137348, 0.0)
(43.543957, 32.126595, 0.0)
(43.624931, 32.109184, 0.0)
(43.591682, 32.088951, 0.0)
(43.525345, 32.048973, 0.0)
(43.509743, 32.019924, 0.0)
(43.521091, 32.001591, 0.0)
(43.578629, 32.011230, 0.0)
(43.555531, 32.020618, 0.0)
(43.476383, 32.024242, 0.0)
(43.461708, 32.015442, 0.0)
(43.493454, 32.040314, 0.0)
