{
  "prompt": "black pupil.",
  "gsam2_centers": [
    {
      "valid": true,
      "cx": 204.88,
      "cy": 64.42,
      "area": 485,
      "det_score": 0.465,
      "sam_score": 0.966,
      "box": [
        191.6,
        51.6,
        219.3,
        77.8
      ],
      "repeats": [
        [
          204.75,
          64.39
        ],
        [
          204.89,
          64.46000000000001
        ],
        [
          205.02,
          64.47999999999999
        ],
        [
          204.9,
          64.41
        ],
        [
          206.01999999999998,
          64.50999999999999
        ]
      ],
      "idx": 1807,
      "mislabel": false,
      "mislabel_reason": "ok",
      "e_unet": 0.81
    },
    {
      "valid": true,
      "cx": 205.0,
      "cy": 64.59,
      "area": 490,
      "det_score": 0.485,
      "sam_score": 0.966,
      "box": [
        191.6,
        51.6,
        219.3,
        78.0
      ],
      "repeats": [
        [
          204.75,
          64.47
        ],
        [
          205.08,
          64.68
        ],
        [
          205.05,
          64.67
        ],
        [
          204.92,
          64.52000000000001
        ],
        [
          206.01,
          64.56
        ]
      ],
      "idx": 1808,
      "mislabel": false,
      "mislabel_reason": "ok",
      "e_unet": 0.92
    },
    {
      "valid": true,
      "cx": 204.94,
      "cy": 64.71000000000001,
      "area": 498,
      "det_score": 0.4913,
      "sam_score": 0.966,
      "box": [
        191.7,
        51.8,
        219.3,
        78.2
      ],
      "repeats": [
        [
          204.88,
          64.72999999999999
        ],
        [
          205.01,
          64.75999999999999
        ],
        [
          204.97,
          64.71000000000001
        ],
        [
          205.0,
          64.7
        ],
        [
          206.07,
          64.75
        ]
      ],
      "idx": 1809,
      "mislabel": false,
      "mislabel_reason": "ok",
      "e_unet": 0.77
    },
    {
      "valid": true,
      "cx": 205.04,
      "cy": 65.02000000000001,
      "area": 501,
      "det_score": 0.4769,
      "sam_score": 0.9658,
      "box": [
        191.8,
        52.1,
        219.4,
        78.6
      ],
      "repeats": [
        [
          204.95,
          65.00999999999999
        ],
        [
          205.15,
          65.16
        ],
        [
          205.05,
          65.05
        ],
        [
          205.13,
          64.97999999999999
        ],
        [
          206.18,
          65.07
        ]
      ],
      "idx": 1810,
      "mislabel": false,
      "mislabel_reason": "ok",
      "e_unet": 0.78
    },
    {
      "valid": true,
      "cx": 205.08,
      "cy": 65.28999999999999,
      "area": 493,
      "det_score": 0.4826,
      "sam_score": 0.966,
      "box": [
        192.0,
        52.3,
        219.5,
        78.8
      ],
      "repeats": [
        [
          205.08,
          65.22
        ],
        [
          205.25,
          65.44
        ],
        [
          205.16,
          65.39
        ],
        [
          205.17,
          65.21000000000001
        ],
        [
          206.3,
          65.28999999999999
        ]
      ],
      "idx": 1811,
      "mislabel": false,
      "mislabel_reason": "ok",
      "e_unet": 0.81
    },
    {
      "valid": true,
      "cx": 205.25,
      "cy": 65.50999999999999,
      "area": 485,
      "det_score": 0.4612,
      "sam_score": 0.9665,
      "box": [
        192.2,
        52.7,
        219.5,
        79.0
      ],
      "repeats": [
        [
          205.19,
          65.47
        ],
        [
          205.25,
          65.55
        ],
        [
          205.26,
          65.55
        ],
        [
          205.25,
          65.52000000000001
        ],
        [
          206.36,
          65.55
        ]
      ],
      "idx": 1812,
      "mislabel": false,
      "mislabel_reason": "ok",
      "e_unet": 0.88
    },
    {
      "valid": true,
      "cx": 205.73,
      "cy": 66.55,
      "area": 487,
      "det_score": 0.4608,
      "sam_score": 0.9648,
      "box": [
        192.7,
        53.9,
        219.8,
        79.8
      ],
      "repeats": [
        [
          205.57,
          66.47999999999999
        ],
        [
          205.81,
          66.69
        ],
        [
          205.69,
          66.62
        ],
        [
          205.77,
          66.5
        ],
        [
          206.81,
          66.55
        ]
      ],
      "idx": 1813,
      "mislabel": false,
      "mislabel_reason": "ok",
      "e_unet": 1.03
    }
  ]
}