{
  "prompt": "black pupil.",
  "gsam2_centers": [
    {
      "valid": true,
      "cx": 227.08,
      "cy": 130.87,
      "area": 1144,
      "det_score": 0.3762,
      "sam_score": 0.9651,
      "box": [
        208.3,
        110.0,
        247.2,
        150.9
      ],
      "repeats": [
        [
          227.06,
          130.66
        ],
        [
          227.21,
          131.0
        ],
        [
          227.22,
          130.74
        ],
        [
          227.14,
          130.75
        ],
        [
          228.29000000000002,
          131.01999999999998
        ]
      ],
      "idx": 1705,
      "mislabel": false,
      "mislabel_reason": "ok",
      "e_unet": 1.41
    },
    {
      "valid": true,
      "cx": 227.14,
      "cy": 131.55,
      "area": 1119,
      "det_score": 0.3747,
      "sam_score": 0.9615,
      "box": [
        208.2,
        111.0,
        247.4,
        151.7
      ],
      "repeats": [
        [
          227.03,
          131.39
        ],
        [
          227.17,
          131.57
        ],
        [
          227.12,
          131.42000000000002
        ],
        [
          227.23,
          131.49
        ],
        [
          228.18,
          131.54000000000002
        ]
      ],
      "idx": 1706,
      "mislabel": false,
      "mislabel_reason": "ok",
      "e_unet": 1.34
    },
    {
      "valid": true,
      "cx": 227.21,
      "cy": 131.79000000000002,
      "area": 1119,
      "det_score": 0.3875,
      "sam_score": 0.9611,
      "box": [
        208.2,
        111.0,
        247.5,
        151.7
      ],
      "repeats": [
        [
          227.15,
          131.62
        ],
        [
          227.17,
          131.94
        ],
        [
          227.19,
          131.73000000000002
        ],
        [
          227.21,
          131.62
        ],
        [
          228.19,
          131.81
        ]
      ],
      "idx": 1707,
      "mislabel": false,
      "mislabel_reason": "ok",
      "e_unet": 1.31
    },
    {
      "valid": true,
      "cx": 227.17,
      "cy": 131.9,
      "area": 1129,
      "det_score": 0.3894,
      "sam_score": 0.9612,
      "box": [
        208.2,
        111.2,
        247.4,
        151.9
      ],
      "repeats": [
        [
          227.14,
          131.82999999999998
        ],
        [
          227.21,
          131.97
        ],
        [
          227.19,
          131.84
        ],
        [
          227.22,
          131.85
        ],
        [
          228.26,
          132.06
        ]
      ],
      "idx": 1708,
      "mislabel": false,
      "mislabel_reason": "ok",
      "e_unet": 1.11
    },
    {
      "valid": true,
      "cx": 227.19,
      "cy": 132.36,
      "area": 1141,
      "det_score": 0.4036,
      "sam_score": 0.9629,
      "box": [
        208.1,
        111.4,
        247.6,
        152.5
      ],
      "repeats": [
        [
          227.1,
          132.05
        ],
        [
          227.2,
          132.39
        ],
        [
          227.22,
          132.12
        ],
        [
          227.26,
          132.09
        ],
        [
          228.19,
          132.32999999999998
        ]
      ],
      "idx": 1709,
      "mislabel": false,
      "mislabel_reason": "ok",
      "e_unet": 1.34
    },
    {
      "valid": true,
      "cx": 227.27,
      "cy": 132.35,
      "area": 1151,
      "det_score": 0.4177,
      "sam_score": 0.9654,
      "box": [
        208.0,
        111.3,
        247.7,
        152.7
      ],
      "repeats": [
        [
          227.25,
          132.17000000000002
        ],
        [
          227.31,
          132.48000000000002
        ],
        [
          227.33,
          132.23000000000002
        ],
        [
          227.38,
          132.23000000000002
        ],
        [
          228.26,
          132.66
        ]
      ],
      "idx": 1710,
      "mislabel": false,
      "mislabel_reason": "ok",
      "e_unet": 1.18
    },
    {
      "valid": true,
      "cx": 227.34,
      "cy": 132.48000000000002,
      "area": 1159,
      "det_score": 0.4332,
      "sam_score": 0.9678,
      "box": [
        208.1,
        111.5,
        247.7,
        152.7
      ],
      "repeats": [
        [
          227.33,
          132.24
        ],
        [
          227.35,
          132.5
        ],
        [
          227.39,
          132.28
        ],
        [
          227.37,
          132.28
        ],
        [
          228.32,
          132.63
        ]
      ],
      "idx": 1711,
      "mislabel": false,
      "mislabel_reason": "ok",
      "e_unet": 1.03
    },
    {
      "valid": true,
      "cx": 227.41,
      "cy": 132.61,
      "area": 1160,
      "det_score": 0.4153,
      "sam_score": 0.9678,
      "box": [
        208.3,
        111.7,
        247.8,
        153.1
      ],
      "repeats": [
        [
          227.39,
          132.34
        ],
        [
          227.43,
          132.64
        ],
        [
          227.46,
          132.4
        ],
        [
          227.44,
          132.45
        ],
        [
          228.43,
          132.81
        ]
      ],
      "idx": 1712,
      "mislabel": false,
      "mislabel_reason": "ok",
      "e_unet": 0.96
    },
    {
      "valid": true,
      "cx": 226.13,
      "cy": 136.66,
      "area": 1217,
      "det_score": 0.391,
      "sam_score": 0.9716,
      "box": [
        206.7,
        115.3,
        247.2,
        157.6
      ],
      "repeats": [
        [
          226.09,
          136.6
        ],
        [
          226.13,
          136.68
        ],
        [
          226.12,
          136.61
        ],
        [
          226.16,
          136.63
        ],
        [
          227.26,
          136.66
        ]
      ],
      "idx": 1713,
      "mislabel": false,
      "mislabel_reason": "ok",
      "e_unet": 0.94
    },
    {
      "valid": true,
      "cx": 226.42,
      "cy": 137.32999999999998,
      "area": 1208,
      "det_score": 0.4266,
      "sam_score": 0.9717,
      "box": [
        206.9,
        116.0,
        247.5,
        158.3
      ],
      "repeats": [
        [
          226.35,
          137.2
        ],
        [
          226.44,
          137.37
        ],
        [
          226.37,
          137.24
        ],
        [
          226.47,
          137.23000000000002
        ],
        [
          227.51999999999998,
          137.32999999999998
        ]
      ],
      "idx": 1714,
      "mislabel": false,
      "mislabel_reason": "ok",
      "e_unet": 0.9
    },
    {
      "valid": true,
      "cx": 226.58,
      "cy": 137.35,
      "area": 1201,
      "det_score": 0.3957,
      "sam_score": 0.9714,
      "box": [
        207.1,
        115.9,
        247.6,
        158.3
      ],
      "repeats": [
        [
          226.5,
          137.29000000000002
        ],
        [
          226.55,
          137.39
        ],
        [
          226.59,
          137.35
        ],
        [
          226.63,
          137.26999999999998
        ],
        [
          227.68,
          137.39
        ]
      ],
      "idx": 1715,
      "mislabel": false,
      "mislabel_reason": "ok",
      "e_unet": 0.9
    }
  ]
}