{
  "prompt": "black pupil.",
  "gsam2_centers": [
    {
      "valid": true,
      "cx": 201.52,
      "cy": 117.36,
      "area": 833,
      "det_score": 0.4552,
      "sam_score": 0.9689,
      "box": [
        184.7,
        101.0,
        219.6,
        133.7
      ],
      "repeats": [
        [
          201.48,
          117.26
        ],
        [
          201.55,
          117.4
        ],
        [
          201.52,
          117.33
        ],
        [
          201.57,
          117.27
        ],
        [
          202.67000000000002,
          117.36
        ]
      ],
      "idx": 1105,
      "mislabel": false,
      "mislabel_reason": "ok",
      "e_unet": 1.4
    },
    {
      "valid": true,
      "cx": 201.84,
      "cy": 117.42,
      "area": 826,
      "det_score": 0.4386,
      "sam_score": 0.9695,
      "box": [
        185.1,
        101.2,
        220.0,
        133.6
      ],
      "repeats": [
        [
          201.8,
          117.27
        ],
        [
          201.88,
          117.49
        ],
        [
          201.87,
          117.39
        ],
        [
          201.89,
          117.32
        ],
        [
          203.16,
          117.41
        ]
      ],
      "idx": 1106,
      "mislabel": false,
      "mislabel_reason": "ok",
      "e_unet": 1.13
    },
    {
      "valid": true,
      "cx": 202.0,
      "cy": 117.43,
      "area": 831,
      "det_score": 0.4461,
      "sam_score": 0.9693,
      "box": [
        185.2,
        101.1,
        220.1,
        133.6
      ],
      "repeats": [
        [
          201.93,
          117.26
        ],
        [
          202.01,
          117.49
        ],
        [
          202.0,
          117.36
        ],
        [
          202.04,
          117.36
        ],
        [
          203.17000000000002,
          117.34
        ]
      ],
      "idx": 1107,
      "mislabel": false,
      "mislabel_reason": "ok",
      "e_unet": 1.18
    },
    {
      "valid": true,
      "cx": 201.96,
      "cy": 117.45,
      "area": 841,
      "det_score": 0.4531,
      "sam_score": 0.9703,
      "box": [
        185.1,
        101.1,
        220.1,
        133.6
      ],
      "repeats": [
        [
          201.82,
          117.36
        ],
        [
          202.01,
          117.49
        ],
        [
          201.96,
          117.44
        ],
        [
          201.97,
          117.43
        ],
        [
          203.17000000000002,
          117.43
        ]
      ],
      "idx": 1108,
      "mislabel": false,
      "mislabel_reason": "ok",
      "e_unet": 1.19
    },
    {
      "valid": true,
      "cx": 201.95,
      "cy": 117.32,
      "area": 847,
      "det_score": 0.4314,
      "sam_score": 0.9693,
      "box": [
        185.0,
        100.8,
        220.3,
        133.7
      ],
      "repeats": [
        [
          201.91,
          117.26
        ],
        [
          201.94,
          117.36
        ],
        [
          201.94,
          117.29
        ],
        [
          201.97,
          117.3
        ],
        [
          203.24,
          117.26
        ]
      ],
      "idx": 1109,
      "mislabel": false,
      "mislabel_reason": "ok",
      "e_unet": 1.1
    },
    {
      "valid": true,
      "cx": 202.05,
      "cy": 117.27,
      "area": 857,
      "det_score": 0.4044,
      "sam_score": 0.9702,
      "box": [
        185.0,
        100.7,
        220.3,
        133.6
      ],
      "repeats": [
        [
          201.98,
          117.11
        ],
        [
          202.09,
          117.29
        ],
        [
          202.07,
          117.13
        ],
        [
          202.08,
          117.12
        ],
        [
          203.25,
          117.2
        ]
      ],
      "idx": 1110,
      "mislabel": false,
      "mislabel_reason": "ok",
      "e_unet": 1.13
    },
    {
      "valid": true,
      "cx": 201.97,
      "cy": 117.18,
      "area": 860,
      "det_score": 0.4492,
      "sam_score": 0.9706,
      "box": [
        185.0,
        100.6,
        220.3,
        133.7
      ],
      "repeats": [
        [
          201.88,
          117.08
        ],
        [
          201.99,
          117.2
        ],
        [
          201.97,
          117.06
        ],
        [
          201.98,
          117.08
        ],
        [
          203.23000000000002,
          117.13
        ]
      ],
      "idx": 1111,
      "mislabel": false,
      "mislabel_reason": "ok",
      "e_unet": 1.05
    },
    {
      "valid": true,
      "cx": 201.94,
      "cy": 117.15,
      "area": 862,
      "det_score": 0.4418,
      "sam_score": 0.9702,
      "box": [
        184.9,
        100.5,
        220.3,
        133.6
      ],
      "repeats": [
        [
          201.9,
          117.0
        ],
        [
          201.95,
          117.19
        ],
        [
          201.96,
          117.09
        ],
        [
          201.97,
          117.08
        ],
        [
          203.2,
          117.07
        ]
      ],
      "idx": 1112,
      "mislabel": false,
      "mislabel_reason": "ok",
      "e_unet": 1.16
    },
    {
      "valid": true,
      "cx": 201.91,
      "cy": 117.05,
      "area": 867,
      "det_score": 0.4468,
      "sam_score": 0.9709,
      "box": [
        184.8,
        100.3,
        220.4,
        133.6
      ],
      "repeats": [
        [
          201.88,
          116.9
        ],
        [
          201.93,
          117.06
        ],
        [
          201.92,
          116.93
        ],
        [
          201.96,
          116.9
        ],
        [
          203.07,
          116.93
        ]
      ],
      "idx": 1113,
      "mislabel": false,
      "mislabel_reason": "ok",
      "e_unet": 1.12
    },
    {
      "valid": true,
      "cx": 201.86,
      "cy": 116.99,
      "area": 872,
      "det_score": 0.4307,
      "sam_score": 0.9702,
      "box": [
        184.5,
        100.3,
        220.4,
        133.7
      ],
      "repeats": [
        [
          201.83,
          116.93
        ],
        [
          201.9,
          117.05
        ],
        [
          201.91,
          117.01
        ],
        [
          201.9,
          116.92
        ],
        [
          203.07999999999998,
          116.98
        ]
      ],
      "idx": 1114,
      "mislabel": false,
      "mislabel_reason": "ok",
      "e_unet": 1.13
    },
    {
      "valid": true,
      "cx": 201.79,
      "cy": 116.97,
      "area": 877,
      "det_score": 0.4491,
      "sam_score": 0.9717,
      "box": [
        184.3,
        100.3,
        220.4,
        133.7
      ],
      "repeats": [
        [
          201.78,
          116.94
        ],
        [
          201.84,
          116.99
        ],
        [
          201.82,
          117.02
        ],
        [
          201.86,
          116.96
        ],
        [
          202.98000000000002,
          117.02
        ]
      ],
      "idx": 1115,
      "mislabel": false,
      "mislabel_reason": "ok",
      "e_unet": 1.05
    }
  ]
}