{
  "prompt": "black pupil.",
  "gsam2_centers": [
    {
      "valid": true,
      "cx": 128.45999999999998,
      "cy": 125.62,
      "area": 915,
      "det_score": 0.3777,
      "sam_score": 0.9599,
      "box": [
        109.7,
        109.2,
        147.3,
        142.9
      ],
      "repeats": [
        [
          127.87,
          125.51
        ],
        [
          128.38,
          125.66
        ],
        [
          128.45,
          125.7
        ],
        [
          128.42000000000002,
          125.54
        ],
        [
          129.41,
          125.54
        ]
      ],
      "idx": 1505,
      "mislabel": false,
      "mislabel_reason": "ok",
      "e_unet": 1.5
    },
    {
      "valid": true,
      "cx": 128.42000000000002,
      "cy": 125.58,
      "area": 914,
      "det_score": 0.3803,
      "sam_score": 0.9604,
      "box": [
        109.8,
        109.2,
        147.1,
        142.8
      ],
      "repeats": [
        [
          127.8,
          125.45
        ],
        [
          128.4,
          125.65
        ],
        [
          128.36,
          125.62
        ],
        [
          128.39,
          125.51
        ],
        [
          129.49,
          125.59
        ]
      ],
      "idx": 1506,
      "mislabel": false,
      "mislabel_reason": "ok",
      "e_unet": 1.53
    },
    {
      "valid": true,
      "cx": 128.19,
      "cy": 125.46,
      "area": 893,
      "det_score": 0.3759,
      "sam_score": 0.9618,
      "box": [
        109.7,
        109.2,
        146.9,
        142.5
      ],
      "repeats": [
        [
          127.58,
          125.42
        ],
        [
          128.35,
          125.48
        ],
        [
          128.29000000000002,
          125.45
        ],
        [
          128.41,
          125.42
        ],
        [
          129.12,
          125.47
        ]
      ],
      "idx": 1507,
      "mislabel": false,
      "mislabel_reason": "ok",
      "e_unet": 1.43
    },
    {
      "valid": true,
      "cx": 127.72,
      "cy": 125.55,
      "area": 863,
      "det_score": 0.3754,
      "sam_score": 0.9632,
      "box": [
        109.9,
        109.4,
        146.4,
        142.4
      ],
      "repeats": [
        [
          127.64,
          125.48
        ],
        [
          128.23000000000002,
          125.55
        ],
        [
          128.22,
          125.65
        ],
        [
          128.43,
          125.37
        ],
        [
          128.8,
          125.55
        ]
      ],
      "idx": 1508,
      "mislabel": false,
      "mislabel_reason": "ok",
      "e_unet": 1.13
    },
    {
      "valid": true,
      "cx": 127.47,
      "cy": 125.33,
      "area": 819,
      "det_score": 0.3835,
      "sam_score": 0.9653,
      "box": [
        110.1,
        109.5,
        145.8,
        141.9
      ],
      "repeats": [
        [
          127.4,
          125.32
        ],
        [
          127.6,
          125.34
        ],
        [
          127.56,
          125.35
        ],
        [
          127.6,
          125.34
        ],
        [
          128.72,
          125.42
        ]
      ],
      "idx": 1509,
      "mislabel": false,
      "mislabel_reason": "ok",
      "e_unet": 0.9
    },
    {
      "valid": true,
      "cx": 127.29,
      "cy": 125.36,
      "area": 794,
      "det_score": 0.3998,
      "sam_score": 0.9642,
      "box": [
        110.3,
        109.7,
        145.5,
        141.8
      ],
      "repeats": [
        [
          127.29,
          125.31
        ],
        [
          127.33,
          125.39
        ],
        [
          127.36,
          125.36
        ],
        [
          127.43,
          125.23
        ],
        [
          128.48,
          125.4
        ]
      ],
      "idx": 1510,
      "mislabel": false,
      "mislabel_reason": "ok",
      "e_unet": 0.86
    },
    {
      "valid": true,
      "cx": 125.31,
      "cy": 124.16,
      "area": 745,
      "det_score": 0.411,
      "sam_score": 0.9657,
      "box": [
        108.9,
        109.2,
        143.1,
        140.3
      ],
      "repeats": [
        [
          125.27,
          124.14
        ],
        [
          125.3,
          124.21
        ],
        [
          125.34,
          124.16
        ],
        [
          125.34,
          124.13
        ],
        [
          126.38,
          124.24
        ]
      ],
      "idx": 1511,
      "mislabel": false,
      "mislabel_reason": "ok",
      "e_unet": 0.7
    },
    {
      "valid": true,
      "cx": 125.09,
      "cy": 124.29,
      "area": 730,
      "det_score": 0.4009,
      "sam_score": 0.9656,
      "box": [
        108.9,
        109.3,
        143.0,
        140.0
      ],
      "repeats": [
        [
          125.16,
          124.2
        ],
        [
          125.09,
          124.32
        ],
        [
          125.19,
          124.19
        ],
        [
          125.18,
          124.18
        ],
        [
          126.16999999999999,
          124.3
        ]
      ],
      "idx": 1512,
      "mislabel": false,
      "mislabel_reason": "ok",
      "e_unet": 0.84
    },
    {
      "valid": true,
      "cx": 125.02,
      "cy": 124.26,
      "area": 722,
      "det_score": 0.3721,
      "sam_score": 0.9645,
      "box": [
        109.0,
        109.3,
        142.8,
        139.9
      ],
      "repeats": [
        [
          124.97,
          124.28
        ],
        [
          125.0,
          124.31
        ],
        [
          125.09,
          124.21
        ],
        [
          124.99,
          124.27
        ],
        [
          126.12,
          124.24
        ]
      ],
      "idx": 1513,
      "mislabel": false,
      "mislabel_reason": "ok",
      "e_unet": 0.82
    },
    {
      "valid": true,
      "cx": 124.98,
      "cy": 124.13,
      "area": 710,
      "det_score": 0.431,
      "sam_score": 0.9648,
      "box": [
        108.9,
        109.4,
        142.5,
        139.8
      ],
      "repeats": [
        [
          125.02,
          124.08
        ],
        [
          124.98,
          124.18
        ],
        [
          125.05,
          124.1
        ],
        [
          125.04,
          124.07
        ],
        [
          126.0,
          124.17
        ]
      ],
      "idx": 1514,
      "mislabel": false,
      "mislabel_reason": "ok",
      "e_unet": 0.79
    },
    {
      "valid": true,
      "cx": 124.9,
      "cy": 124.02,
      "area": 710,
      "det_score": 0.4109,
      "sam_score": 0.9645,
      "box": [
        109.0,
        109.2,
        142.5,
        139.6
      ],
      "repeats": [
        [
          124.96,
          123.91
        ],
        [
          124.9,
          124.11
        ],
        [
          124.96,
          123.99
        ],
        [
          124.96,
          123.96
        ],
        [
          125.99000000000001,
          124.11
        ]
      ],
      "idx": 1515,
      "mislabel": false,
      "mislabel_reason": "ok",
      "e_unet": 0.77
    }
  ]
}