{
  "prompt": "black pupil.",
  "gsam2_centers": [
    {
      "valid": true,
      "cx": 132.81,
      "cy": 82.51,
      "area": 665,
      "det_score": 0.4204,
      "sam_score": 0.9653,
      "box": [
        117.4,
        67.3,
        149.0,
        97.7
      ],
      "repeats": [
        [
          132.85,
          82.45
        ],
        [
          132.79000000000002,
          82.55
        ],
        [
          132.85,
          82.48
        ],
        [
          132.91,
          82.45
        ],
        [
          133.99,
          82.49
        ]
      ],
      "idx": 305,
      "mislabel": false,
      "mislabel_reason": "ok",
      "e_unet": 1.16
    },
    {
      "valid": true,
      "cx": 132.89,
      "cy": 82.32,
      "area": 652,
      "det_score": 0.4241,
      "sam_score": 0.966,
      "box": [
        117.6,
        67.3,
        148.9,
        97.5
      ],
      "repeats": [
        [
          132.89,
          82.29
        ],
        [
          132.94,
          82.34
        ],
        [
          132.97,
          82.27
        ],
        [
          133.04000000000002,
          82.25
        ],
        [
          134.03,
          82.37
        ]
      ],
      "idx": 306,
      "mislabel": false,
      "mislabel_reason": "ok",
      "e_unet": 1.16
    },
    {
      "valid": true,
      "cx": 132.95,
      "cy": 82.17,
      "area": 639,
      "det_score": 0.4399,
      "sam_score": 0.966,
      "box": [
        117.8,
        67.3,
        148.9,
        97.2
      ],
      "repeats": [
        [
          132.94,
          82.13
        ],
        [
          132.97,
          82.17
        ],
        [
          132.94,
          82.18
        ],
        [
          133.09,
          82.1
        ],
        [
          134.05,
          82.19
        ]
      ],
      "idx": 307,
      "mislabel": false,
      "mislabel_reason": "ok",
      "e_unet": 1.23
    },
    {
      "valid": true,
      "cx": 132.88,
      "cy": 82.01,
      "area": 635,
      "det_score": 0.4107,
      "sam_score": 0.965,
      "box": [
        117.9,
        67.1,
        148.9,
        96.8
      ],
      "repeats": [
        [
          132.93,
          81.87
        ],
        [
          132.97,
          82.07
        ],
        [
          132.9,
          81.96
        ],
        [
          133.0,
          81.93
        ],
        [
          134.1,
          81.96
        ]
      ],
      "idx": 308,
      "mislabel": false,
      "mislabel_reason": "ok",
      "e_unet": 1.16
    },
    {
      "valid": true,
      "cx": 132.95999999999998,
      "cy": 81.9,
      "area": 625,
      "det_score": 0.4171,
      "sam_score": 0.9645,
      "box": [
        117.9,
        67.2,
        148.7,
        96.7
      ],
      "repeats": [
        [
          132.99,
          81.87
        ],
        [
          132.97,
          81.94
        ],
        [
          132.98000000000002,
          81.9
        ],
        [
          133.05,
          81.83
        ],
        [
          134.15,
          81.86
        ]
      ],
      "idx": 309,
      "mislabel": false,
      "mislabel_reason": "ok",
      "e_unet": 1.17
    },
    {
      "valid": true,
      "cx": 133.01,
      "cy": 81.86,
      "area": 618,
      "det_score": 0.4275,
      "sam_score": 0.9646,
      "box": [
        118.0,
        67.1,
        148.8,
        96.6
      ],
      "repeats": [
        [
          132.95999999999998,
          81.85
        ],
        [
          133.03,
          81.86
        ],
        [
          133.0,
          81.85
        ],
        [
          133.07,
          81.8
        ],
        [
          134.09,
          81.85
        ]
      ],
      "idx": 310,
      "mislabel": false,
      "mislabel_reason": "ok",
      "e_unet": 1.15
    },
    {
      "valid": true,
      "cx": 133.06,
      "cy": 81.8,
      "area": 614,
      "det_score": 0.412,
      "sam_score": 0.9643,
      "box": [
        118.1,
        67.2,
        148.7,
        96.5
      ],
      "repeats": [
        [
          132.97,
          81.74
        ],
        [
          133.03,
          81.84
        ],
        [
          133.06,
          81.7
        ],
        [
          133.07,
          81.72
        ],
        [
          134.09,
          81.77
        ]
      ],
      "idx": 311,
      "mislabel": false,
      "mislabel_reason": "ok",
      "e_unet": 1.25
    },
    {
      "valid": true,
      "cx": 133.07,
      "cy": 81.83,
      "area": 611,
      "det_score": 0.4152,
      "sam_score": 0.9634,
      "box": [
        118.1,
        67.3,
        148.7,
        96.4
      ],
      "repeats": [
        [
          133.06,
          81.68
        ],
        [
          133.06,
          81.84
        ],
        [
          133.07,
          81.71
        ],
        [
          133.1,
          81.75
        ],
        [
          134.13,
          81.78
        ]
      ],
      "idx": 312,
      "mislabel": false,
      "mislabel_reason": "ok",
      "e_unet": 1.23
    },
    {
      "valid": true,
      "cx": 133.05,
      "cy": 81.82,
      "area": 614,
      "det_score": 0.405,
      "sam_score": 0.9642,
      "box": [
        118.2,
        67.2,
        148.8,
        96.4
      ],
      "repeats": [
        [
          133.04000000000002,
          81.76
        ],
        [
          133.06,
          81.84
        ],
        [
          133.11,
          81.7
        ],
        [
          133.11,
          81.73
        ],
        [
          134.08,
          81.84
        ]
      ],
      "idx": 313,
      "mislabel": false,
      "mislabel_reason": "ok",
      "e_unet": 1.26
    },
    {
      "valid": true,
      "cx": 133.09,
      "cy": 81.78,
      "area": 616,
      "det_score": 0.4113,
      "sam_score": 0.9652,
      "box": [
        118.1,
        67.1,
        148.8,
        96.5
      ],
      "repeats": [
        [
          133.12,
          81.63
        ],
        [
          133.1,
          81.82
        ],
        [
          133.14,
          81.68
        ],
        [
          133.12,
          81.7
        ],
        [
          134.14,
          81.75
        ]
      ],
      "idx": 314,
      "mislabel": false,
      "mislabel_reason": "ok",
      "e_unet": 1.27
    },
    {
      "valid": true,
      "cx": 133.07999999999998,
      "cy": 81.64,
      "area": 624,
      "det_score": 0.407,
      "sam_score": 0.9643,
      "box": [
        118.1,
        66.8,
        148.9,
        96.4
      ],
      "repeats": [
        [
          133.1,
          81.49
        ],
        [
          133.12,
          81.7
        ],
        [
          133.15,
          81.54
        ],
        [
          133.16,
          81.54
        ],
        [
          134.25,
          81.55
        ]
      ],
      "idx": 315,
      "mislabel": false,
      "mislabel_reason": "ok",
      "e_unet": 1.15
    }
  ]
}