{
  "prompt": "black pupil.",
  "gsam2_centers": [
    {
      "valid": true,
      "cx": 147.97,
      "cy": 89.37,
      "area": 487,
      "det_score": 0.4029,
      "sam_score": 0.9591,
      "box": [
        135.9,
        76.7,
        161.3,
        102.8
      ],
      "repeats": [
        [
          147.91,
          89.35
        ],
        [
          147.91,
          89.33
        ],
        [
          148.03,
          89.3
        ],
        [
          148.01999999999998,
          89.31
        ],
        [
          148.94,
          89.41
        ]
      ],
      "idx": 1007,
      "mislabel": false,
      "mislabel_reason": "ok",
      "e_unet": 0.84
    },
    {
      "valid": true,
      "cx": 148.26,
      "cy": 89.18,
      "area": 494,
      "det_score": 0.4082,
      "sam_score": 0.9597,
      "box": [
        136.1,
        76.4,
        161.9,
        102.7
      ],
      "repeats": [
        [
          148.3,
          89.15
        ],
        [
          148.35,
          89.13
        ],
        [
          148.43,
          89.08
        ],
        [
          148.38,
          89.02
        ],
        [
          149.58,
          89.09
        ]
      ],
      "idx": 1008,
      "mislabel": false,
      "mislabel_reason": "ok",
      "e_unet": 0.85
    },
    {
      "valid": true,
      "cx": 148.87,
      "cy": 88.97,
      "area": 504,
      "det_score": 0.3756,
      "sam_score": 0.9592,
      "box": [
        136.5,
        76.0,
        162.5,
        102.5
      ],
      "repeats": [
        [
          148.84,
          88.82
        ],
        [
          148.95,
          89.03
        ],
        [
          148.9,
          88.86
        ],
        [
          149.03,
          88.8
        ],
        [
          150.09,
          88.97
        ]
      ],
      "idx": 1009,
      "mislabel": false,
      "mislabel_reason": "ok",
      "e_unet": 0.97
    },
    {
      "valid": true,
      "cx": 149.39,
      "cy": 88.75,
      "area": 505,
      "det_score": 0.3815,
      "sam_score": 0.9598,
      "box": [
        136.9,
        75.8,
        163.1,
        102.4
      ],
      "repeats": [
        [
          149.37,
          88.62
        ],
        [
          149.41,
          88.82
        ],
        [
          149.43,
          88.68
        ],
        [
          149.51999999999998,
          88.59
        ],
        [
          150.55,
          88.76
        ]
      ],
      "idx": 1010,
      "mislabel": false,
      "mislabel_reason": "ok",
      "e_unet": 0.93
    },
    {
      "valid": true,
      "cx": 156.94,
      "cy": 87.35,
      "area": 534,
      "det_score": 0.4071,
      "sam_score": 0.9636,
      "box": [
        143.6,
        74.2,
        171.7,
        101.1
      ],
      "repeats": [
        [
          156.97,
          87.26
        ],
        [
          157.01,
          87.39
        ],
        [
          157.03,
          87.29
        ],
        [
          157.04,
          87.24
        ],
        [
          158.08,
          87.39
        ]
      ],
      "idx": 1011,
      "mislabel": false,
      "mislabel_reason": "ok",
      "e_unet": 0.94
    },
    {
      "valid": true,
      "cx": 157.41,
      "cy": 86.92,
      "area": 523,
      "det_score": 0.4058,
      "sam_score": 0.9622,
      "box": [
        144.1,
        73.6,
        171.9,
        100.7
      ],
      "repeats": [
        [
          157.42,
          86.9
        ],
        [
          157.4,
          87.0
        ],
        [
          157.42,
          86.98
        ],
        [
          157.46,
          86.85
        ],
        [
          158.46,
          86.92
        ]
      ],
      "idx": 1012,
      "mislabel": false,
      "mislabel_reason": "ok",
      "e_unet": 0.9
    },
    {
      "valid": true,
      "cx": 158.23,
      "cy": 86.45,
      "area": 526,
      "det_score": 0.3972,
      "sam_score": 0.9614,
      "box": [
        145.0,
        73.2,
        172.9,
        100.0
      ],
      "repeats": [
        [
          158.21,
          86.44
        ],
        [
          158.32,
          86.53
        ],
        [
          158.26,
          86.48
        ],
        [
          158.35,
          86.4
        ],
        [
          159.47,
          86.48
        ]
      ],
      "idx": 1013,
      "mislabel": false,
      "mislabel_reason": "ok",
      "e_unet": 0.86
    }
  ]
}