{
  "prompt": "black pupil.",
  "gsam2_centers": [
    {
      "valid": true,
      "cx": 251.0,
      "cy": 128.81,
      "area": 571,
      "det_score": 0.4508,
      "sam_score": 0.9675,
      "box": [
        237.5,
        114.1,
        265.6,
        144.1
      ],
      "repeats": [
        [
          250.92,
          128.76
        ],
        [
          251.03,
          128.85
        ],
        [
          251.0,
          128.78
        ],
        [
          251.01,
          128.68
        ],
        [
          252.07999999999998,
          128.75
        ]
      ],
      "idx": 1207,
      "mislabel": false,
      "mislabel_reason": "ok",
      "e_unet": 0.94
    },
    {
      "valid": true,
      "cx": 248.18,
      "cy": 125.88,
      "area": 574,
      "det_score": 0.4273,
      "sam_score": 0.9638,
      "box": [
        234.5,
        111.6,
        263.0,
        140.4
      ],
      "repeats": [
        [
          248.13,
          125.76
        ],
        [
          248.28,
          126.02
        ],
        [
          248.06,
          125.7
        ],
        [
          248.28,
          125.74
        ],
        [
          249.4,
          125.96
        ]
      ],
      "idx": 1208,
      "mislabel": false,
      "mislabel_reason": "ok",
      "e_unet": 1.07
    },
    {
      "valid": true,
      "cx": 248.21,
      "cy": 125.59,
      "area": 574,
      "det_score": 0.4342,
      "sam_score": 0.9657,
      "box": [
        234.5,
        111.3,
        262.8,
        140.2
      ],
      "repeats": [
        [
          248.02,
          125.37
        ],
        [
          248.32,
          125.85
        ],
        [
          248.14,
          125.52
        ],
        [
          248.24,
          125.46
        ],
        [
          249.32999999999998,
          125.54
        ]
      ],
      "idx": 1209,
      "mislabel": false,
      "mislabel_reason": "ok",
      "e_unet": 1.13
    },
    {
      "valid": true,
      "cx": 247.77,
      "cy": 125.26,
      "area": 576,
      "det_score": 0.4311,
      "sam_score": 0.9665,
      "box": [
        234.0,
        110.8,
        262.6,
        140.0
      ],
      "repeats": [
        [
          247.68,
          125.11
        ],
        [
          247.84,
          125.33
        ],
        [
          247.72,
          125.14
        ],
        [
          247.75,
          125.04
        ],
        [
          248.95999999999998,
          125.23
        ]
      ],
      "idx": 1210,
      "mislabel": false,
      "mislabel_reason": "ok",
      "e_unet": 1.16
    },
    {
      "valid": true,
      "cx": 246.81,
      "cy": 124.64,
      "area": 584,
      "det_score": 0.4376,
      "sam_score": 0.9665,
      "box": [
        232.9,
        110.4,
        262.1,
        139.4
      ],
      "repeats": [
        [
          246.78,
          124.54
        ],
        [
          247.06,
          124.97
        ],
        [
          246.87,
          124.63
        ],
        [
          246.88,
          124.57
        ],
        [
          248.07,
          124.84
        ]
      ],
      "idx": 1211,
      "mislabel": false,
      "mislabel_reason": "ok",
      "e_unet": 0.91
    },
    {
      "valid": true,
      "cx": 245.8,
      "cy": 124.04,
      "area": 596,
      "det_score": 0.4122,
      "sam_score": 0.9671,
      "box": [
        232.0,
        109.9,
        261.4,
        138.7
      ],
      "repeats": [
        [
          245.86,
          124.01
        ],
        [
          246.12,
          124.42
        ],
        [
          245.86,
          123.99
        ],
        [
          246.0,
          124.02
        ],
        [
          247.28,
          124.23
        ]
      ],
      "idx": 1212,
      "mislabel": false,
      "mislabel_reason": "ok",
      "e_unet": 0.82
    },
    {
      "valid": true,
      "cx": 238.03,
      "cy": 122.92,
      "area": 620,
      "det_score": 0.4374,
      "sam_score": 0.9716,
      "box": [
        223.1,
        109.0,
        254.1,
        137.4
      ],
      "repeats": [
        [
          238.03,
          122.87
        ],
        [
          238.13,
          122.98
        ],
        [
          238.07,
          122.93
        ],
        [
          238.1,
          122.92
        ],
        [
          239.22,
          122.89
        ]
      ],
      "idx": 1213,
      "mislabel": false,
      "mislabel_reason": "ok",
      "e_unet": 0.98
    }
  ]
}