{
  "prompt": "black pupil.",
  "gsam2_centers": [
    {
      "valid": true,
      "cx": 140.42000000000002,
      "cy": 115.24,
      "area": 451,
      "det_score": 0.3993,
      "sam_score": 0.9553,
      "box": [
        129.3,
        102.1,
        152.2,
        129.0
      ],
      "repeats": [
        [
          140.32999999999998,
          115.22
        ],
        [
          140.45,
          115.35
        ],
        [
          140.41,
          115.31
        ],
        [
          140.57,
          114.93
        ],
        [
          141.54,
          115.29
        ]
      ],
      "idx": 705,
      "mislabel": false,
      "mislabel_reason": "ok",
      "e_unet": 1.15
    },
    {
      "valid": true,
      "cx": 140.45999999999998,
      "cy": 115.35,
      "area": 453,
      "det_score": 0.386,
      "sam_score": 0.9563,
      "box": [
        129.3,
        102.2,
        152.3,
        129.2
      ],
      "repeats": [
        [
          140.4,
          115.28
        ],
        [
          140.49,
          115.47
        ],
        [
          140.51999999999998,
          115.39
        ],
        [
          140.6,
          115.17
        ],
        [
          141.63,
          115.34
        ]
      ],
      "idx": 706,
      "mislabel": false,
      "mislabel_reason": "ok",
      "e_unet": 1.22
    },
    {
      "valid": true,
      "cx": 140.45,
      "cy": 115.42,
      "area": 453,
      "det_score": 0.406,
      "sam_score": 0.9575,
      "box": [
        129.3,
        102.2,
        152.3,
        129.3
      ],
      "repeats": [
        [
          140.42000000000002,
          115.35
        ],
        [
          140.48000000000002,
          115.54
        ],
        [
          140.55,
          115.52
        ],
        [
          140.57999999999998,
          115.3
        ],
        [
          141.61,
          115.36
        ]
      ],
      "idx": 707,
      "mislabel": false,
      "mislabel_reason": "ok",
      "e_unet": 1.15
    },
    {
      "valid": true,
      "cx": 140.98000000000002,
      "cy": 115.39,
      "area": 460,
      "det_score": 0.4098,
      "sam_score": 0.9565,
      "box": [
        129.6,
        102.0,
        153.1,
        129.2
      ],
      "repeats": [
        [
          141.0,
          115.26
        ],
        [
          141.01,
          115.45
        ],
        [
          141.01,
          115.33
        ],
        [
          141.09,
          115.16
        ],
        [
          142.1,
          115.37
        ]
      ],
      "idx": 708,
      "mislabel": false,
      "mislabel_reason": "ok",
      "e_unet": 1.21
    },
    {
      "valid": true,
      "cx": 165.76,
      "cy": 104.9,
      "area": 523,
      "det_score": 0.3486,
      "sam_score": 0.9548,
      "box": [
        152.4,
        92.3,
        179.5,
        118.3
      ],
      "repeats": [
        [
          165.57,
          105.08
        ],
        [
          165.45,
          105.44
        ],
        [
          165.65,
          105.12
        ],
        [
          165.96,
          104.87
        ],
        [
          166.53,
          105.44
        ]
      ],
      "idx": 709,
      "mislabel": false,
      "mislabel_reason": "ok",
      "e_unet": 0.93
    },
    {
      "valid": true,
      "cx": 179.76,
      "cy": 99.1,
      "area": 508,
      "det_score": 0.4342,
      "sam_score": 0.9647,
      "box": [
        166.4,
        86.7,
        194.3,
        111.7
      ],
      "repeats": [
        [
          179.65,
          99.12
        ],
        [
          179.73,
          99.2
        ],
        [
          179.7,
          99.15
        ],
        [
          179.82,
          99.04
        ],
        [
          180.83,
          99.09
        ]
      ],
      "idx": 710,
      "mislabel": false,
      "mislabel_reason": "ok",
      "e_unet": 0.9
    },
    {
      "valid": true,
      "cx": 179.76,
      "cy": 98.62,
      "area": 501,
      "det_score": 0.4844,
      "sam_score": 0.9623,
      "box": [
        166.4,
        86.0,
        194.0,
        111.5
      ],
      "repeats": [
        [
          179.64,
          98.56
        ],
        [
          179.82,
          98.73
        ],
        [
          179.85,
          98.6
        ],
        [
          179.79,
          98.57
        ],
        [
          180.82,
          98.64
        ]
      ],
      "idx": 711,
      "mislabel": false,
      "mislabel_reason": "ok",
      "e_unet": 0.93
    },
    {
      "valid": true,
      "cx": 179.79,
      "cy": 98.4,
      "area": 500,
      "det_score": 0.4518,
      "sam_score": 0.9642,
      "box": [
        166.6,
        85.7,
        194.0,
        111.2
      ],
      "repeats": [
        [
          179.75,
          98.33
        ],
        [
          179.83,
          98.5
        ],
        [
          179.82,
          98.45
        ],
        [
          179.86,
          98.31
        ],
        [
          180.89,
          98.42
        ]
      ],
      "idx": 712,
      "mislabel": false,
      "mislabel_reason": "ok",
      "e_unet": 1.06
    },
    {
      "valid": true,
      "cx": 179.89,
      "cy": 98.3,
      "area": 502,
      "det_score": 0.4233,
      "sam_score": 0.9629,
      "box": [
        166.5,
        85.6,
        194.3,
        111.0
      ],
      "repeats": [
        [
          179.87,
          98.27
        ],
        [
          179.91,
          98.31
        ],
        [
          179.92,
          98.28
        ],
        [
          180.02,
          98.15
        ],
        [
          181.01,
          98.3
        ]
      ],
      "idx": 713,
      "mislabel": false,
      "mislabel_reason": "ok",
      "e_unet": 0.97
    },
    {
      "valid": true,
      "cx": 179.99,
      "cy": 98.05,
      "area": 498,
      "det_score": 0.4566,
      "sam_score": 0.9643,
      "box": [
        166.7,
        85.6,
        194.3,
        110.7
      ],
      "repeats": [
        [
          179.99,
          98.1
        ],
        [
          180.02,
          98.16
        ],
        [
          180.03,
          98.16
        ],
        [
          180.07,
          97.96
        ],
        [
          181.19,
          98.1
        ]
      ],
      "idx": 714,
      "mislabel": false,
      "mislabel_reason": "ok",
      "e_unet": 0.94
    },
    {
      "valid": true,
      "cx": 180.01,
      "cy": 98.14,
      "area": 491,
      "det_score": 0.4401,
      "sam_score": 0.9632,
      "box": [
        166.8,
        85.7,
        194.2,
        110.6
      ],
      "repeats": [
        [
          179.94,
          98.16
        ],
        [
          180.02,
          98.27
        ],
        [
          180.0,
          98.21
        ],
        [
          180.09,
          98.06
        ],
        [
          181.14,
          98.08
        ]
      ],
      "idx": 715,
      "mislabel": false,
      "mislabel_reason": "ok",
      "e_unet": 1.03
    }
  ]
}