{
  "prompt": "black pupil.",
  "gsam2_centers": [
    {
      "valid": true,
      "cx": 130.24,
      "cy": 118.79,
      "area": 481,
      "det_score": 0.3956,
      "sam_score": 0.9586,
      "box": [
        118.7,
        103.7,
        142.5,
        133.7
      ],
      "repeats": [
        [
          130.26,
          118.79
        ],
        [
          130.3,
          118.81
        ],
        [
          130.32,
          118.79
        ],
        [
          130.37,
          118.68
        ],
        [
          131.39,
          118.76
        ]
      ],
      "idx": 405,
      "mislabel": false,
      "mislabel_reason": "ok",
      "e_unet": 1.34
    },
    {
      "valid": true,
      "cx": 130.26999999999998,
      "cy": 118.75,
      "area": 483,
      "det_score": 0.3747,
      "sam_score": 0.9594,
      "box": [
        119.0,
        103.8,
        142.5,
        133.6
      ],
      "repeats": [
        [
          130.31,
          118.76
        ],
        [
          130.32,
          118.78
        ],
        [
          130.34,
          118.77
        ],
        [
          130.4,
          118.67
        ],
        [
          131.41,
          118.7
        ]
      ],
      "idx": 406,
      "mislabel": false,
      "mislabel_reason": "ok",
      "e_unet": 1.33
    },
    {
      "valid": true,
      "cx": 130.28,
      "cy": 118.68,
      "area": 480,
      "det_score": 0.3857,
      "sam_score": 0.9582,
      "box": [
        119.1,
        103.5,
        142.4,
        133.5
      ],
      "repeats": [
        [
          130.36,
          118.51
        ],
        [
          130.4,
          118.65
        ],
        [
          130.41,
          118.55
        ],
        [
          130.49,
          118.37
        ],
        [
          131.52,
          118.55
        ]
      ],
      "idx": 407,
      "mislabel": false,
      "mislabel_reason": "ok",
      "e_unet": 1.37
    },
    {
      "valid": true,
      "cx": 130.42000000000002,
      "cy": 118.3,
      "area": 480,
      "det_score": 0.3756,
      "sam_score": 0.9553,
      "box": [
        119.2,
        103.4,
        142.4,
        133.4
      ],
      "repeats": [
        [
          130.37,
          118.29
        ],
        [
          130.44,
          118.38
        ],
        [
          130.4,
          118.41
        ],
        [
          130.49,
          118.31
        ],
        [
          131.5,
          118.36
        ]
      ],
      "idx": 408,
      "mislabel": false,
      "mislabel_reason": "ok",
      "e_unet": 1.11
    },
    {
      "valid": true,
      "cx": 130.47,
      "cy": 118.21,
      "area": 481,
      "det_score": 0.3856,
      "sam_score": 0.9539,
      "box": [
        119.3,
        103.4,
        142.5,
        133.3
      ],
      "repeats": [
        [
          130.39,
          118.26
        ],
        [
          130.47,
          118.27
        ],
        [
          130.45,
          118.3
        ],
        [
          130.57999999999998,
          118.08
        ],
        [
          131.59,
          118.25
        ]
      ],
      "idx": 409,
      "mislabel": false,
      "mislabel_reason": "ok",
      "e_unet": 1.17
    },
    {
      "valid": true,
      "cx": 130.5,
      "cy": 118.15,
      "area": 485,
      "det_score": 0.3894,
      "sam_score": 0.9534,
      "box": [
        119.3,
        103.4,
        142.6,
        133.2
      ],
      "repeats": [
        [
          130.47,
          118.04
        ],
        [
          130.53,
          118.18
        ],
        [
          130.54000000000002,
          118.05
        ],
        [
          130.61,
          118.04
        ],
        [
          131.63,
          118.14
        ]
      ],
      "idx": 410,
      "mislabel": false,
      "mislabel_reason": "ok",
      "e_unet": 1.19
    },
    {
      "valid": true,
      "cx": 132.55,
      "cy": 123.59,
      "area": 540,
      "det_score": 0.4195,
      "sam_score": 0.9551,
      "box": [
        120.4,
        107.7,
        145.2,
        139.0
      ],
      "repeats": [
        [
          132.5,
          123.44
        ],
        [
          132.63,
          123.64
        ],
        [
          132.62,
          123.49
        ],
        [
          132.74,
          123.3
        ],
        [
          133.64,
          123.55
        ]
      ],
      "idx": 411,
      "mislabel": false,
      "mislabel_reason": "ok",
      "e_unet": 1.76
    },
    {
      "valid": true,
      "cx": 135.56,
      "cy": 131.55,
      "area": 571,
      "det_score": 0.3866,
      "sam_score": 0.955,
      "box": [
        123.5,
        116.0,
        148.4,
        146.2
      ],
      "repeats": [
        [
          135.51,
          131.44
        ],
        [
          135.57,
          131.64
        ],
        [
          135.57999999999998,
          131.49
        ],
        [
          135.68,
          131.51
        ],
        [
          136.66,
          131.67000000000002
        ]
      ],
      "idx": 412,
      "mislabel": false,
      "mislabel_reason": "ok",
      "e_unet": 2.59
    },
    {
      "valid": true,
      "cx": 136.84,
      "cy": 132.57999999999998,
      "area": 572,
      "det_score": 0.3915,
      "sam_score": 0.9569,
      "box": [
        124.8,
        117.5,
        150.0,
        147.2
      ],
      "repeats": [
        [
          136.86,
          132.23000000000002
        ],
        [
          136.87,
          132.76999999999998
        ],
        [
          136.87,
          132.66
        ],
        [
          136.89,
          132.39
        ],
        [
          137.96,
          132.64
        ]
      ],
      "idx": 413,
      "mislabel": false,
      "mislabel_reason": "ok",
      "e_unet": 2.37
    },
    {
      "valid": true,
      "cx": 137.0,
      "cy": 132.76,
      "area": 577,
      "det_score": 0.4105,
      "sam_score": 0.9584,
      "box": [
        124.9,
        117.6,
        150.1,
        147.7
      ],
      "repeats": [
        [
          136.98000000000002,
          132.20999999999998
        ],
        [
          137.07999999999998,
          132.85
        ],
        [
          137.07999999999998,
          132.73000000000002
        ],
        [
          137.15,
          132.32
        ],
        [
          138.21,
          132.73000000000002
        ]
      ],
      "idx": 414,
      "mislabel": false,
      "mislabel_reason": "ok",
      "e_unet": 2.5
    },
    {
      "valid": true,
      "cx": 137.07999999999998,
      "cy": 132.5,
      "area": 583,
      "det_score": 0.4052,
      "sam_score": 0.9576,
      "box": [
        124.9,
        117.3,
        150.2,
        147.6
      ],
      "repeats": [
        [
          137.09,
          132.22
        ],
        [
          137.15,
          132.74
        ],
        [
          137.14,
          132.53
        ],
        [
          137.16,
          132.23000000000002
        ],
        [
          138.24,
          132.57
        ]
      ],
      "idx": 415,
      "mislabel": false,
      "mislabel_reason": "ok",
      "e_unet": 2.35
    }
  ]
}