{
  "prompt": "black pupil.",
  "gsam2_centers": [
    {
      "valid": true,
      "cx": 94.01,
      "cy": 132.69,
      "area": 778,
      "det_score": 0.3594,
      "sam_score": 0.966,
      "box": [
        78.8,
        113.1,
        110.9,
        152.9
      ],
      "repeats": [
        [
          93.94,
          132.66
        ],
        [
          94.01,
          132.72
        ],
        [
          94.0,
          132.68
        ],
        [
          94.05,
          132.56
        ],
        [
          94.96000000000001,
          132.68
        ]
      ],
      "idx": 305,
      "mislabel": false,
      "mislabel_reason": "ok",
      "e_unet": 0.66
    },
    {
      "valid": true,
      "cx": 94.11,
      "cy": 132.4,
      "area": 781,
      "det_score": 0.3792,
      "sam_score": 0.9683,
      "box": [
        78.7,
        113.0,
        110.9,
        152.7
      ],
      "repeats": [
        [
          94.02,
          132.43
        ],
        [
          94.12,
          132.57999999999998
        ],
        [
          94.1,
          132.44
        ],
        [
          94.12,
          132.51999999999998
        ],
        [
          95.09,
          132.44
        ]
      ],
      "idx": 306,
      "mislabel": false,
      "mislabel_reason": "ok",
      "e_unet": 0.63
    },
    {
      "valid": true,
      "cx": 94.01,
      "cy": 132.42000000000002,
      "area": 777,
      "det_score": 0.4048,
      "sam_score": 0.969,
      "box": [
        78.7,
        112.9,
        110.8,
        152.6
      ],
      "repeats": [
        [
          93.92,
          132.49
        ],
        [
          94.01,
          132.5
        ],
        [
          94.03,
          132.48000000000002
        ],
        [
          94.04,
          132.43
        ],
        [
          94.75999999999999,
          132.53
        ]
      ],
      "idx": 307,
      "mislabel": false,
      "mislabel_reason": "ok",
      "e_unet": 0.64
    },
    {
      "valid": true,
      "cx": 94.38,
      "cy": 131.63,
      "area": 774,
      "det_score": 0.3798,
      "sam_score": 0.967,
      "box": [
        79.1,
        112.3,
        111.2,
        151.7
      ],
      "repeats": [
        [
          94.39,
          131.56
        ],
        [
          94.45,
          131.72
        ],
        [
          94.41,
          131.74
        ],
        [
          94.49,
          131.51
        ],
        [
          95.38999999999999,
          131.57
        ]
      ],
      "idx": 308,
      "mislabel": false,
      "mislabel_reason": "ok",
      "e_unet": 0.68
    },
    {
      "valid": true,
      "cx": 94.53,
      "cy": 130.85,
      "area": 763,
      "det_score": 0.404,
      "sam_score": 0.9658,
      "box": [
        79.3,
        111.8,
        111.1,
        150.6
      ],
      "repeats": [
        [
          94.53,
          130.74
        ],
        [
          94.55,
          130.85
        ],
        [
          94.58,
          130.76
        ],
        [
          94.63,
          130.72
        ],
        [
          95.6,
          130.85
        ]
      ],
      "idx": 309,
      "mislabel": false,
      "mislabel_reason": "ok",
      "e_unet": 0.69
    },
    {
      "valid": true,
      "cx": 94.49,
      "cy": 130.61,
      "area": 744,
      "det_score": 0.4047,
      "sam_score": 0.966,
      "box": [
        79.5,
        111.7,
        111.0,
        150.4
      ],
      "repeats": [
        [
          94.43,
          130.67000000000002
        ],
        [
          94.51,
          130.72
        ],
        [
          94.46,
          130.7
        ],
        [
          94.61,
          130.53
        ],
        [
          95.58000000000001,
          130.65
        ]
      ],
      "idx": 310,
      "mislabel": false,
      "mislabel_reason": "ok",
      "e_unet": 0.67
    },
    {
      "valid": true,
      "cx": 94.47,
      "cy": 130.48000000000002,
      "area": 710,
      "det_score": 0.4346,
      "sam_score": 0.967,
      "box": [
        79.7,
        112.0,
        110.8,
        149.8
      ],
      "repeats": [
        [
          94.43,
          130.5
        ],
        [
          94.44,
          130.57
        ],
        [
          94.44,
          130.54000000000002
        ],
        [
          94.57,
          130.42000000000002
        ],
        [
          95.41,
          130.68
        ]
      ],
      "idx": 311,
      "mislabel": false,
      "mislabel_reason": "ok",
      "e_unet": 0.58
    },
    {
      "valid": true,
      "cx": 94.45,
      "cy": 130.37,
      "area": 689,
      "det_score": 0.4118,
      "sam_score": 0.9659,
      "box": [
        79.8,
        112.4,
        110.5,
        149.2
      ],
      "repeats": [
        [
          94.4,
          130.42000000000002
        ],
        [
          94.27,
          130.70999999999998
        ],
        [
          94.39,
          130.54000000000002
        ],
        [
          94.35,
          130.54000000000002
        ],
        [
          95.41,
          130.57
        ]
      ],
      "idx": 312,
      "mislabel": false,
      "mislabel_reason": "ok",
      "e_unet": 0.65
    },
    {
      "valid": true,
      "cx": 94.42,
      "cy": 130.51999999999998,
      "area": 665,
      "det_score": 0.3747,
      "sam_score": 0.9641,
      "box": [
        80.0,
        112.5,
        110.0,
        148.6
      ],
      "repeats": [
        [
          94.25,
          130.48000000000002
        ],
        [
          94.43,
          130.54000000000002
        ],
        [
          94.41,
          130.51999999999998
        ],
        [
          94.46,
          130.47
        ],
        [
          95.46000000000001,
          130.48000000000002
        ]
      ],
      "idx": 313,
      "mislabel": false,
      "mislabel_reason": "ok",
      "e_unet": 0.66
    },
    {
      "valid": true,
      "cx": 93.21,
      "cy": 133.07,
      "area": 628,
      "det_score": 0.334,
      "sam_score": 0.9619,
      "box": [
        79.6,
        115.2,
        108.0,
        151.5
      ],
      "repeats": [
        [
          93.13,
          133.03
        ],
        [
          93.21,
          133.1
        ],
        [
          93.22,
          133.07
        ],
        [
          93.11,
          133.16
        ],
        [
          94.19,
          133.18
        ]
      ],
      "idx": 314,
      "mislabel": false,
      "mislabel_reason": "ok",
      "e_unet": 0.5
    },
    {
      "valid": true,
      "cx": 92.77,
      "cy": 134.05,
      "area": 686,
      "det_score": 0.2984,
      "sam_score": 0.9406,
      "box": [
        79.3,
        116.0,
        107.6,
        154.2
      ],
      "repeats": [
        [
          92.95,
          133.85
        ],
        [
          93.05,
          134.51999999999998
        ],
        [
          92.94,
          134.6
        ],
        [
          93.16,
          133.67000000000002
        ],
        [
          94.15,
          134.3
        ]
      ],
      "idx": 315,
      "mislabel": false,
      "mislabel_reason": "ok",
      "e_unet": 0.19
    }
  ]
}