{
  "prompt": "black pupil.",
  "gsam2_centers": [
    {
      "valid": true,
      "cx": 222.25,
      "cy": 110.68,
      "area": 484,
      "det_score": 0.4632,
      "sam_score": 0.9632,
      "box": [
        210.6,
        95.6,
        234.7,
        126.1
      ],
      "repeats": [
        [
          222.22,
          110.68
        ],
        [
          222.29,
          110.76
        ],
        [
          222.28,
          110.74
        ],
        [
          222.3,
          110.61
        ],
        [
          223.32,
          110.67
        ]
      ],
      "idx": 1107,
      "mislabel": false,
      "mislabel_reason": "ok",
      "e_unet": 0.82
    },
    {
      "valid": true,
      "cx": 221.63,
      "cy": 110.31,
      "area": 491,
      "det_score": 0.427,
      "sam_score": 0.9609,
      "box": [
        209.9,
        95.4,
        234.2,
        125.7
      ],
      "repeats": [
        [
          221.58,
          110.16
        ],
        [
          221.64,
          110.37
        ],
        [
          221.67,
          110.28
        ],
        [
          221.79,
          110.33
        ],
        [
          222.76999999999998,
          110.36
        ]
      ],
      "idx": 1108,
      "mislabel": false,
      "mislabel_reason": "ok",
      "e_unet": 0.86
    },
    {
      "valid": true,
      "cx": 220.96,
      "cy": 110.01,
      "area": 495,
      "det_score": 0.4516,
      "sam_score": 0.9589,
      "box": [
        209.2,
        94.9,
        233.6,
        125.2
      ],
      "repeats": [
        [
          220.99,
          109.92
        ],
        [
          221.07,
          110.07
        ],
        [
          221.0,
          109.87
        ],
        [
          221.2,
          109.81
        ],
        [
          222.22,
          110.11
        ]
      ],
      "idx": 1109,
      "mislabel": false,
      "mislabel_reason": "ok",
      "e_unet": 0.87
    },
    {
      "valid": true,
      "cx": 212.61,
      "cy": 108.26,
      "area": 555,
      "det_score": 0.5283,
      "sam_score": 0.9668,
      "box": [
        199.6,
        93.5,
        226.6,
        123.4
      ],
      "repeats": [
        [
          212.44,
          108.12
        ],
        [
          212.64,
          108.38
        ],
        [
          212.57,
          108.2
        ],
        [
          212.62,
          108.24
        ],
        [
          213.73000000000002,
          108.36
        ]
      ],
      "idx": 1110,
      "mislabel": false,
      "mislabel_reason": "ok",
      "e_unet": 1.05
    },
    {
      "valid": true,
      "cx": 211.78,
      "cy": 107.96,
      "area": 549,
      "det_score": 0.4914,
      "sam_score": 0.9613,
      "box": [
        199.0,
        93.3,
        225.5,
        122.8
      ],
      "repeats": [
        [
          211.72,
          107.85
        ],
        [
          211.81,
          108.07
        ],
        [
          211.8,
          107.94
        ],
        [
          211.76,
          107.76
        ],
        [
          212.9,
          108.03
        ]
      ],
      "idx": 1111,
      "mislabel": false,
      "mislabel_reason": "ok",
      "e_unet": 1.13
    },
    {
      "valid": true,
      "cx": 210.82,
      "cy": 107.65,
      "area": 548,
      "det_score": 0.4421,
      "sam_score": 0.9633,
      "box": [
        198.0,
        92.9,
        224.8,
        122.5
      ],
      "repeats": [
        [
          210.73,
          107.53
        ],
        [
          210.87,
          107.71
        ],
        [
          210.86,
          107.6
        ],
        [
          210.96,
          107.59
        ],
        [
          212.14,
          107.74
        ]
      ],
      "idx": 1112,
      "mislabel": false,
      "mislabel_reason": "ok",
      "e_unet": 1.12
    },
    {
      "valid": true,
      "cx": 209.91,
      "cy": 107.24,
      "area": 556,
      "det_score": 0.4481,
      "sam_score": 0.9648,
      "box": [
        197.1,
        92.5,
        224.0,
        121.9
      ],
      "repeats": [
        [
          209.82,
          107.08
        ],
        [
          210.06,
          107.44
        ],
        [
          209.88,
          107.18
        ],
        [
          210.06,
          107.14
        ],
        [
          211.19,
          107.33
        ]
      ],
      "idx": 1113,
      "mislabel": false,
      "mislabel_reason": "ok",
      "e_unet": 0.98
    }
  ]
}