{
  "prompt": "black pupil.",
  "gsam2_centers": [
    {
      "valid": true,
      "cx": 160.38,
      "cy": 128.82999999999998,
      "area": 1093,
      "det_score": 0.2839,
      "sam_score": 0.9724,
      "box": [
        141.4,
        109.9,
        181.4,
        147.9
      ],
      "repeats": [
        [
          160.41,
          128.76999999999998
        ],
        [
          160.38,
          128.95999999999998
        ],
        [
          160.48,
          128.76999999999998
        ],
        [
          160.46,
          128.8
        ],
        [
          161.42,
          128.89
        ]
      ],
      "idx": 1505,
      "mislabel": false,
      "mislabel_reason": "ok",
      "e_unet": 1.24
    },
    {
      "valid": true,
      "cx": 161.48,
      "cy": 120.51,
      "area": 991,
      "det_score": 0.3651,
      "sam_score": 0.9734,
      "box": [
        142.4,
        102.6,
        182.2,
        138.6
      ],
      "repeats": [
        [
          161.45,
          120.49
        ],
        [
          161.53,
          120.53
        ],
        [
          161.49,
          120.52
        ],
        [
          161.51,
          120.51
        ],
        [
          162.58,
          120.58
        ]
      ],
      "idx": 1506,
      "mislabel": false,
      "mislabel_reason": "ok",
      "e_unet": 1.12
    },
    {
      "valid": true,
      "cx": 161.09,
      "cy": 121.29,
      "area": 991,
      "det_score": 0.3485,
      "sam_score": 0.9718,
      "box": [
        142.1,
        103.4,
        182.0,
        139.2
      ],
      "repeats": [
        [
          161.03,
          121.3
        ],
        [
          161.07,
          121.33
        ],
        [
          161.08,
          121.3
        ],
        [
          161.12,
          121.26
        ],
        [
          162.24,
          121.31
        ]
      ],
      "idx": 1507,
      "mislabel": false,
      "mislabel_reason": "ok",
      "e_unet": 1.34
    },
    {
      "valid": true,
      "cx": 161.09,
      "cy": 121.38,
      "area": 982,
      "det_score": 0.3286,
      "sam_score": 0.9713,
      "box": [
        142.2,
        103.7,
        181.9,
        139.0
      ],
      "repeats": [
        [
          161.1,
          121.29
        ],
        [
          161.13,
          121.43
        ],
        [
          161.11,
          121.34
        ],
        [
          161.22,
          121.31
        ],
        [
          162.26,
          121.35
        ]
      ],
      "idx": 1508,
      "mislabel": false,
      "mislabel_reason": "ok",
      "e_unet": 1.39
    },
    {
      "valid": true,
      "cx": 161.24,
      "cy": 121.31,
      "area": 966,
      "det_score": 0.3558,
      "sam_score": 0.972,
      "box": [
        142.4,
        103.7,
        181.9,
        138.8
      ],
      "repeats": [
        [
          161.18,
          121.32
        ],
        [
          161.24,
          121.33
        ],
        [
          161.24,
          121.33
        ],
        [
          161.32,
          121.25
        ],
        [
          162.38,
          121.26
        ]
      ],
      "idx": 1509,
      "mislabel": false,
      "mislabel_reason": "ok",
      "e_unet": 1.47
    },
    {
      "valid": true,
      "cx": 161.31,
      "cy": 121.11,
      "area": 951,
      "det_score": 0.343,
      "sam_score": 0.9711,
      "box": [
        142.6,
        103.8,
        181.9,
        138.7
      ],
      "repeats": [
        [
          161.27,
          121.09
        ],
        [
          161.31,
          121.16
        ],
        [
          161.33,
          121.13
        ],
        [
          161.38,
          121.07
        ],
        [
          162.36,
          121.1
        ]
      ],
      "idx": 1510,
      "mislabel": false,
      "mislabel_reason": "ok",
      "e_unet": 1.36
    },
    {
      "valid": true,
      "cx": 161.43,
      "cy": 120.94,
      "area": 921,
      "det_score": 0.336,
      "sam_score": 0.9715,
      "box": [
        143.1,
        104.0,
        181.6,
        138.0
      ],
      "repeats": [
        [
          161.28,
          120.93
        ],
        [
          161.47,
          120.98
        ],
        [
          161.42,
          120.92
        ],
        [
          161.51,
          120.88
        ],
        [
          162.53,
          120.98
        ]
      ],
      "idx": 1511,
      "mislabel": false,
      "mislabel_reason": "ok",
      "e_unet": 1.4
    },
    {
      "valid": true,
      "cx": 161.64,
      "cy": 120.58,
      "area": 885,
      "det_score": 0.3503,
      "sam_score": 0.9717,
      "box": [
        143.7,
        104.0,
        181.0,
        137.4
      ],
      "repeats": [
        [
          161.51,
          120.62
        ],
        [
          161.68,
          120.65
        ],
        [
          161.66,
          120.63
        ],
        [
          161.78,
          120.56
        ],
        [
          162.67,
          120.6
        ]
      ],
      "idx": 1512,
      "mislabel": false,
      "mislabel_reason": "ok",
      "e_unet": 1.31
    },
    {
      "valid": true,
      "cx": 163.95,
      "cy": 119.38,
      "area": 829,
      "det_score": 0.4052,
      "sam_score": 0.9699,
      "box": [
        146.1,
        103.2,
        182.3,
        135.6
      ],
      "repeats": [
        [
          163.91,
          119.36
        ],
        [
          163.92,
          119.41
        ],
        [
          163.92,
          119.46
        ],
        [
          163.98,
          119.37
        ],
        [
          164.98,
          119.38
        ]
      ],
      "idx": 1513,
      "mislabel": false,
      "mislabel_reason": "ok",
      "e_unet": 1.05
    },
    {
      "valid": true,
      "cx": 160.6,
      "cy": 137.81,
      "area": 1327,
      "det_score": 0.2417,
      "sam_score": 0.9058,
      "box": [
        129.5,
        123.1,
        193.2,
        154.6
      ],
      "repeats": [
        [
          160.32,
          136.87
        ],
        [
          160.43,
          138.44
        ],
        [
          160.38,
          137.15
        ],
        [
          160.62,
          137.12
        ],
        [
          161.34,
          138.1
        ]
      ],
      "idx": 1514,
      "mislabel": false,
      "mislabel_reason": "ok",
      "e_unet": 12.02
    },
    {
      "valid": true,
      "cx": 164.32,
      "cy": 115.68,
      "area": 754,
      "det_score": 0.3704,
      "sam_score": 0.9664,
      "box": [
        147.0,
        101.0,
        181.8,
        131.3
      ],
      "repeats": [
        [
          164.03,
          115.77
        ],
        [
          164.33,
          115.78
        ],
        [
          164.53,
          115.85
        ],
        [
          164.56,
          115.64
        ],
        [
          165.48,
          115.78
        ]
      ],
      "idx": 1515,
      "mislabel": false,
      "mislabel_reason": "ok",
      "e_unet": 0.92
    }
  ]
}