{
  "prompt": "black pupil.",
  "gsam2_centers": [
    {
      "valid": true,
      "cx": 101.49,
      "cy": 143.73,
      "area": 730,
      "det_score": 0.3889,
      "sam_score": 0.9651,
      "box": [
        87.5,
        125.8,
        116.5,
        162.2
      ],
      "repeats": [
        [
          101.5,
          143.67
        ],
        [
          101.53,
          143.86
        ],
        [
          101.52,
          143.73
        ],
        [
          101.56,
          143.61
        ],
        [
          102.63999999999999,
          143.75
        ]
      ],
      "idx": 907,
      "mislabel": false,
      "mislabel_reason": "ok",
      "e_unet": 0.64
    },
    {
      "valid": true,
      "cx": 102.05,
      "cy": 143.2,
      "area": 736,
      "det_score": 0.3968,
      "sam_score": 0.9662,
      "box": [
        87.8,
        125.5,
        117.2,
        161.8
      ],
      "repeats": [
        [
          102.05,
          143.15
        ],
        [
          102.09,
          143.24
        ],
        [
          102.07,
          143.2
        ],
        [
          102.14,
          143.13
        ],
        [
          103.25999999999999,
          143.14
        ]
      ],
      "idx": 908,
      "mislabel": false,
      "mislabel_reason": "ok",
      "e_unet": 0.61
    },
    {
      "valid": true,
      "cx": 102.92,
      "cy": 142.69,
      "area": 754,
      "det_score": 0.3716,
      "sam_score": 0.9656,
      "box": [
        89.5,
        125.0,
        118.2,
        161.1
      ],
      "repeats": [
        [
          102.95,
          142.57
        ],
        [
          103.01,
          142.73
        ],
        [
          102.98,
          142.74
        ],
        [
          103.07,
          142.6
        ],
        [
          104.16,
          142.61
        ]
      ],
      "idx": 909,
      "mislabel": false,
      "mislabel_reason": "ok",
      "e_unet": 0.56
    },
    {
      "valid": true,
      "cx": 104.09,
      "cy": 142.23,
      "area": 756,
      "det_score": 0.34,
      "sam_score": 0.9655,
      "box": [
        89.9,
        124.5,
        119.6,
        160.6
      ],
      "repeats": [
        [
          104.01,
          142.1
        ],
        [
          104.13,
          142.26
        ],
        [
          104.12,
          142.1
        ],
        [
          104.15,
          142.13
        ],
        [
          105.25,
          142.19
        ]
      ],
      "idx": 910,
      "mislabel": false,
      "mislabel_reason": "ok",
      "e_unet": 0.7
    },
    {
      "valid": true,
      "cx": 105.08,
      "cy": 141.83,
      "area": 768,
      "det_score": 0.3731,
      "sam_score": 0.9648,
      "box": [
        90.7,
        124.0,
        120.6,
        159.8
      ],
      "repeats": [
        [
          105.13,
          141.68
        ],
        [
          105.22,
          141.82
        ],
        [
          105.12,
          141.79
        ],
        [
          105.22,
          141.65
        ],
        [
          106.25999999999999,
          141.76
        ]
      ],
      "idx": 911,
      "mislabel": false,
      "mislabel_reason": "ok",
      "e_unet": 0.66
    },
    {
      "valid": true,
      "cx": 106.24,
      "cy": 141.48,
      "area": 771,
      "det_score": 0.4261,
      "sam_score": 0.9673,
      "box": [
        91.8,
        123.7,
        121.7,
        159.6
      ],
      "repeats": [
        [
          106.21,
          141.49
        ],
        [
          106.26,
          141.51
        ],
        [
          106.26,
          141.51
        ],
        [
          106.28,
          141.43
        ],
        [
          107.41999999999999,
          141.51
        ]
      ],
      "idx": 912,
      "mislabel": false,
      "mislabel_reason": "ok",
      "e_unet": 0.69
    },
    {
      "valid": true,
      "cx": 107.24,
      "cy": 141.18,
      "area": 789,
      "det_score": 0.3835,
      "sam_score": 0.9658,
      "box": [
        92.8,
        123.5,
        123.0,
        159.4
      ],
      "repeats": [
        [
          107.27,
          141.2
        ],
        [
          107.32,
          141.24
        ],
        [
          107.31,
          141.18
        ],
        [
          107.36,
          141.14
        ],
        [
          108.43,
          141.24
        ]
      ],
      "idx": 913,
      "mislabel": false,
      "mislabel_reason": "ok",
      "e_unet": 0.67
    }
  ]
}