path,line,qualname,name,name_reference_count,claim_type,confidence,caveat
algorithm/common/src/EvEye/callback/S3Checkpoint.py,21,S3Checkpoint.on_train_epoch_end,on_train_epoch_end,1,inference,low,"dynamic imports, external callers, and attribute aliases are not resolved"
algorithm/common/src/EvEye/dataset/DavisEyeCenter/MemmapDavisEyeCenterDataset.py,82,DataAugmentation.process_frames_and_labels,process_frames_and_labels,1,inference,low,"dynamic imports, external callers, and attribute aliases are not resolved"
algorithm/common/src/EvEye/dataset/DavisEyeCenter/MemmapDavisEyeCenterDataset.py,91,DataAugmentation.show_transforms,show_transforms,0,inference,low,"dynamic imports, external callers, and attribute aliases are not resolved"
algorithm/common/src/EvEye/dataset/DavisEyeCenter/losses.py,47,MacsEstimationHook.macs_per_layer,macs_per_layer,0,inference,low,"dynamic imports, external callers, and attribute aliases are not resolved"
algorithm/common/src/EvEye/dataset/DavisEyeCenter/losses.py,51,MacsEstimationHook.macs_per_layer_with_sparsity,macs_per_layer_with_sparsity,0,inference,low,"dynamic imports, external callers, and attribute aliases are not resolved"
algorithm/common/src/EvEye/dataset/DavisEyeCenter/losses.py,55,MacsEstimationHook.params_per_layer,params_per_layer,0,inference,low,"dynamic imports, external callers, and attribute aliases are not resolved"
algorithm/common/src/EvEye/dataset/DavisEyeCenter/losses.py,84,regression_loss,regression_loss,1,inference,low,"dynamic imports, external callers, and attribute aliases are not resolved"
algorithm/common/src/EvEye/dataset/DavisEyeCenter/losses.py,99,tracking_loss,tracking_loss,1,inference,low,"dynamic imports, external callers, and attribute aliases are not resolved"
algorithm/common/src/EvEye/dataset/DavisEyeEllipse/DavisEyeEllipseDataset.py,85,DavisEyeEllipseDataset.get_event_transforms,get_event_transforms,1,inference,low,"dynamic imports, external callers, and attribute aliases are not resolved"
algorithm/common/src/EvEye/dataset/DavisEyeEllipse/DavisEyeEllipseDataset.py,148,DavisEyeEllipseDataset.get_edge,get_edge,1,inference,low,"dynamic imports, external callers, and attribute aliases are not resolved"
algorithm/common/src/EvEye/dataset/DavisEyeEllipse/utils.py,19,get_input_size,get_input_size,0,inference,low,"dynamic imports, external callers, and attribute aliases are not resolved"
algorithm/common/src/EvEye/dataset/DavisEyeEllipse/utils.py,30,get_dir,get_dir,1,inference,low,"dynamic imports, external callers, and attribute aliases are not resolved"
algorithm/common/src/EvEye/dataset/DavisEyeEllipse/utils.py,43,get_affine_transform,get_affine_transform,0,inference,low,"dynamic imports, external callers, and attribute aliases are not resolved"
algorithm/common/src/EvEye/dataset/DavisEyeEllipse/utils.py,83,gaussian2D,gaussian2D,1,inference,low,"dynamic imports, external callers, and attribute aliases are not resolved"
algorithm/common/src/EvEye/dataset/DavisWithMask/DavisWithMaskDataset.py,50,DavisWithMaskDataset.get_transform,get_transform,1,inference,low,"dynamic imports, external callers, and attribute aliases are not resolved"
algorithm/common/src/EvEye/dataset/dataset_factory.py,43,worker_init_fn,worker_init_fn,0,inference,low,"dynamic imports, external callers, and attribute aliases are not resolved"
algorithm/common/src/EvEye/model/CitiBike/ConvLSTM.py,37,ConvLSTMCell.init_hidden,init_hidden,1,inference,low,"dynamic imports, external callers, and attribute aliases are not resolved"
algorithm/common/src/EvEye/model/CitiBike/ConvLSTM.py,82,ConvLSTM.lr_scheduler_step,lr_scheduler_step,0,inference,low,"dynamic imports, external callers, and attribute aliases are not resolved"
algorithm/common/src/EvEye/model/CitiBike/ConvLSTM.py,99,ConvLSTM.training_step,training_step,0,inference,low,"dynamic imports, external callers, and attribute aliases are not resolved"
algorithm/common/src/EvEye/model/CitiBike/ConvLSTM.py,106,ConvLSTM.validation_step,validation_step,1,inference,low,"dynamic imports, external callers, and attribute aliases are not resolved"
algorithm/common/src/EvEye/model/DavisEyeCenter/TennSt.py,384,TennSt.lr_scheduler_step,lr_scheduler_step,0,inference,low,"dynamic imports, external callers, and attribute aliases are not resolved"
algorithm/common/src/EvEye/model/DavisEyeCenter/TennSt.py,401,TennSt.training_step,training_step,0,inference,low,"dynamic imports, external callers, and attribute aliases are not resolved"
algorithm/common/src/EvEye/model/DavisEyeCenter/TennSt.py,421,TennSt.validation_step,validation_step,1,inference,low,"dynamic imports, external callers, and attribute aliases are not resolved"
algorithm/common/src/EvEye/model/DavisEyeEllipse/EPNet/Backbone/MobileNetV3Backbone.py,55,conv_3x3_bn,conv_3x3_bn,1,inference,low,"dynamic imports, external callers, and attribute aliases are not resolved"
algorithm/common/src/EvEye/model/DavisEyeEllipse/EPNet/Backbone/MobileNetV3Backbone.py,61,conv_1x1_bn,conv_1x1_bn,0,inference,low,"dynamic imports, external callers, and attribute aliases are not resolved"
algorithm/common/src/EvEye/model/DavisEyeEllipse/EPNet/EPNet.py,299,EPNet.lr_scheduler_step,lr_scheduler_step,0,inference,low,"dynamic imports, external callers, and attribute aliases are not resolved"
algorithm/common/src/EvEye/model/DavisEyeEllipse/EPNet/EPNet.py,315,EPNet.training_step,training_step,0,inference,low,"dynamic imports, external callers, and attribute aliases are not resolved"
algorithm/common/src/EvEye/model/DavisEyeEllipse/EPNet/EPNet.py,330,EPNet.validation_step,validation_step,1,inference,low,"dynamic imports, external callers, and attribute aliases are not resolved"
algorithm/common/src/EvEye/model/DavisEyeEllipse/EPNet/EPNet.py,358,EPNet.on_validation_epoch_end,on_validation_epoch_end,0,inference,low,"dynamic imports, external callers, and attribute aliases are not resolved"
algorithm/common/src/EvEye/model/DavisEyeEllipse/EPNet/Loss.py,156,gwds_loss,gwds_loss,0,inference,low,"dynamic imports, external callers, and attribute aliases are not resolved"
algorithm/common/src/EvEye/model/DavisEyeEllipse/EPNet/Predict.py,393,test_inference_time,test_inference_time,1,inference,low,"dynamic imports, external callers, and attribute aliases are not resolved"
algorithm/common/src/EvEye/model/DavisEyeEllipse/ElNet/ElNet.py,84,get_model_url,get_model_url,1,inference,low,"dynamic imports, external callers, and attribute aliases are not resolved"
algorithm/common/src/EvEye/model/DavisEyeEllipse/ElNet/ElNet.py,441,DLA.load_pretrained_model,load_pretrained_model,1,inference,low,"dynamic imports, external callers, and attribute aliases are not resolved"
algorithm/common/src/EvEye/model/DavisEyeEllipse/ElNet/ElNet.py,461,dla34,dla34,0,inference,low,"dynamic imports, external callers, and attribute aliases are not resolved"
algorithm/common/src/EvEye/model/DavisEyeEllipse/ElNet/ElNet.py,486,fill_up_weights,fill_up_weights,1,inference,low,"dynamic imports, external callers, and attribute aliases are not resolved"
algorithm/common/src/EvEye/model/DavisEyeEllipse/ElNet/ElNet.py,684,DlaNet,DlaNet,0,inference,low,"dynamic imports, external callers, and attribute aliases are not resolved"
algorithm/common/src/EvEye/model/DavisEyeEllipse/ElNet/ElNet.py,902,Creat_MyNet.lr_scheduler_step,lr_scheduler_step,0,inference,low,"dynamic imports, external callers, and attribute aliases are not resolved"
algorithm/common/src/EvEye/model/DavisEyeEllipse/ElNet/ElNet.py,919,Creat_MyNet.training_step,training_step,0,inference,low,"dynamic imports, external callers, and attribute aliases are not resolved"
algorithm/common/src/EvEye/model/DavisEyeEllipse/ElNet/ElNet.py,934,Creat_MyNet.validation_step,validation_step,1,inference,low,"dynamic imports, external callers, and attribute aliases are not resolved"
algorithm/common/src/EvEye/model/DavisEyeEllipse/ElNet/ElNet.py,962,Creat_MyNet.on_validation_epoch_end,on_validation_epoch_end,0,inference,low,"dynamic imports, external callers, and attribute aliases are not resolved"
algorithm/common/src/EvEye/model/DavisEyeEllipse/ElNet/ElNet.py,976,MyNet,MyNet,1,inference,low,"dynamic imports, external callers, and attribute aliases are not resolved"
algorithm/common/src/EvEye/model/DavisEyeEllipse/ElNet/torchvision_dcn.py,98,DCN.init_offset,init_offset,1,inference,low,"dynamic imports, external callers, and attribute aliases are not resolved"
algorithm/common/src/EvEye/model/DavisEyeEllipse/EllipseMobileNet.py,61,EllipseMobileNetV3.lr_scheduler_step,lr_scheduler_step,0,inference,low,"dynamic imports, external callers, and attribute aliases are not resolved"
algorithm/common/src/EvEye/model/DavisEyeEllipse/EllipseMobileNet.py,78,EllipseMobileNetV3.training_step,training_step,0,inference,low,"dynamic imports, external callers, and attribute aliases are not resolved"
algorithm/common/src/EvEye/model/DavisEyeEllipse/EllipseMobileNet.py,85,EllipseMobileNetV3.validation_step,validation_step,1,inference,low,"dynamic imports, external callers, and attribute aliases are not resolved"
algorithm/common/src/EvEye/model/DavisEyeEllipse/HBTXR/Backbone/DeiT.py,184,DeiT.forward_patch_map,forward_patch_map,1,inference,low,"dynamic imports, external callers, and attribute aliases are not resolved"
algorithm/common/src/EvEye/model/DavisEyeEllipse/HBTXR/Backbone/DeiT.py,204,build_deit,build_deit,1,inference,low,"dynamic imports, external callers, and attribute aliases are not resolved"
algorithm/common/src/EvEye/model/DavisEyeEllipse/HBTXR/HBTXR.py,127,HBTXR.lr_scheduler_step,lr_scheduler_step,0,inference,low,"dynamic imports, external callers, and attribute aliases are not resolved"
algorithm/common/src/EvEye/model/DavisEyeEllipse/HBTXR/HBTXR.py,143,HBTXR.training_step,training_step,0,inference,low,"dynamic imports, external callers, and attribute aliases are not resolved"
algorithm/common/src/EvEye/model/DavisEyeEllipse/HBTXR/HBTXR.py,161,HBTXR.validation_step,validation_step,1,inference,low,"dynamic imports, external callers, and attribute aliases are not resolved"
algorithm/common/src/EvEye/model/DavisEyeEllipse/HBTXR/HBTXR.py,189,HBTXR.on_validation_epoch_end,on_validation_epoch_end,0,inference,low,"dynamic imports, external callers, and attribute aliases are not resolved"
algorithm/common/src/EvEye/model/DavisEyeEllipse/HBTXR/Loss.py,156,gwds_loss,gwds_loss,0,inference,low,"dynamic imports, external callers, and attribute aliases are not resolved"
algorithm/common/src/EvEye/model/DavisEyeEllipse/HBTXR/Predict.py,393,test_inference_time,test_inference_time,1,inference,low,"dynamic imports, external callers, and attribute aliases are not resolved"
algorithm/common/src/EvEye/model/DavisEyeEllipse/UNet/Predict.py,37,predict_once,predict_once,0,inference,low,"dynamic imports, external callers, and attribute aliases are not resolved"
algorithm/common/src/EvEye/model/DavisEyeEllipse/UNet/Predict.py,96,predict_pure,predict_pure,1,inference,low,"dynamic imports, external callers, and attribute aliases are not resolved"
algorithm/common/src/EvEye/model/DavisEyeEllipse/UNet/Predict.py,114,test_inference_time,test_inference_time,1,inference,low,"dynamic imports, external callers, and attribute aliases are not resolved"
algorithm/common/src/EvEye/model/DavisEyeEllipse/UNet/UNet.py,150,UNet.lr_scheduler_step,lr_scheduler_step,0,inference,low,"dynamic imports, external callers, and attribute aliases are not resolved"
algorithm/common/src/EvEye/model/DavisEyeEllipse/UNet/UNet.py,166,UNet.training_step,training_step,0,inference,low,"dynamic imports, external callers, and attribute aliases are not resolved"
algorithm/common/src/EvEye/model/DavisEyeEllipse/UNet/UNet.py,181,UNet.validation_step,validation_step,1,inference,low,"dynamic imports, external callers, and attribute aliases are not resolved"
algorithm/common/src/EvEye/model/DavisEyeEllipse/UNet/UNet.py,218,UNet.on_validation_epoch_end,on_validation_epoch_end,0,inference,low,"dynamic imports, external callers, and attribute aliases are not resolved"
algorithm/common/src/EvEye/model/DavisWithMask/DeepLabV3.py,56,DeepLabV3.lr_scheduler_step,lr_scheduler_step,0,inference,low,"dynamic imports, external callers, and attribute aliases are not resolved"
algorithm/common/src/EvEye/model/DavisWithMask/DeepLabV3.py,70,DeepLabV3.training_step,training_step,0,inference,low,"dynamic imports, external callers, and attribute aliases are not resolved"
algorithm/common/src/EvEye/model/DavisWithMask/DeepLabV3.py,78,DeepLabV3.validation_step,validation_step,1,inference,low,"dynamic imports, external callers, and attribute aliases are not resolved"
algorithm/common/src/EvEye/model/DavisWithMask/UNet.py,145,UNet.lr_scheduler_step,lr_scheduler_step,0,inference,low,"dynamic imports, external callers, and attribute aliases are not resolved"
algorithm/common/src/EvEye/model/DavisWithMask/UNet.py,162,UNet.training_step,training_step,0,inference,low,"dynamic imports, external callers, and attribute aliases are not resolved"
algorithm/common/src/EvEye/model/DavisWithMask/UNet.py,170,UNet.validation_step,validation_step,1,inference,low,"dynamic imports, external callers, and attribute aliases are not resolved"
algorithm/common/src/EvEye/model/model_factory.py,88,main.get_model_size,get_model_size,0,inference,low,"dynamic imports, external callers, and attribute aliases are not resolved"
algorithm/common/src/EvEye/model/model_factory.py,98,main.test_inference_time,test_inference_time,1,inference,low,"dynamic imports, external callers, and attribute aliases are not resolved"
algorithm/common/src/EvEye/utils/PupilTracker.py,45,PupilTracker.cal_average_distance,cal_average_distance,1,inference,low,"dynamic imports, external callers, and attribute aliases are not resolved"
algorithm/common/src/EvEye/utils/PupilTracker.py,59,PupilTracker.get_all_points,get_all_points,1,inference,low,"dynamic imports, external callers, and attribute aliases are not resolved"
algorithm/common/src/EvEye/utils/PupilTracker.py,72,PupilTracker.get_boundary_points,get_boundary_points,1,inference,low,"dynamic imports, external callers, and attribute aliases are not resolved"
algorithm/common/src/EvEye/utils/PupilTracker.py,98,PupilTracker.get_candidate_points,get_candidate_points,1,inference,low,"dynamic imports, external callers, and attribute aliases are not resolved"
algorithm/common/src/EvEye/utils/PupilTracker.py,127,PupilTracker.get_nearest_points,get_nearest_points,1,inference,low,"dynamic imports, external callers, and attribute aliases are not resolved"
algorithm/common/src/EvEye/utils/PupilTracker.py,144,PupilTracker.cal_average_displacement,cal_average_displacement,1,inference,low,"dynamic imports, external callers, and attribute aliases are not resolved"
algorithm/common/src/EvEye/utils/PupilTracker.py,161,PupilTracker.update_candidate_points,update_candidate_points,1,inference,low,"dynamic imports, external callers, and attribute aliases are not resolved"
algorithm/common/src/EvEye/utils/PupilTracker.py,177,PupilTracker.update_T,update_T,1,inference,low,"dynamic imports, external callers, and attribute aliases are not resolved"
algorithm/common/src/EvEye/utils/PupilTracker.py,206,PupilTracker.get_new_ellipse,get_new_ellipse,1,inference,low,"dynamic imports, external callers, and attribute aliases are not resolved"
algorithm/common/src/EvEye/utils/cache/MemmapCacheFrameStack.py,58,load_memmaps,load_memmaps,0,inference,low,"dynamic imports, external callers, and attribute aliases are not resolved"
algorithm/common/src/EvEye/utils/cache/MemmapCacheStructedEvents.py,67,cache_structed_events,cache_structed_events,1,inference,low,"dynamic imports, external callers, and attribute aliases are not resolved"
algorithm/common/src/EvEye/utils/cache/MemmapCacheStructedEvents.py,105,cache_structed_ellipses,cache_structed_ellipses,0,inference,low,"dynamic imports, external callers, and attribute aliases are not resolved"
algorithm/common/src/EvEye/utils/cache/MemmapCacheStructedEvents.py,136,cache_structed_data,cache_structed_data,0,inference,low,"dynamic imports, external callers, and attribute aliases are not resolved"
algorithm/common/src/EvEye/utils/cache/MemmapCacheStructedEvents.py,207,load_cached_structed_events,load_cached_structed_events,1,inference,low,"dynamic imports, external callers, and attribute aliases are not resolved"
algorithm/common/src/EvEye/utils/cache/MemmapCacheStructedEvents.py,227,load_cached_structed_labels,load_cached_structed_labels,1,inference,low,"dynamic imports, external callers, and attribute aliases are not resolved"
algorithm/common/src/EvEye/utils/dvs_common_utils/representation/Histgram.py,100,HistgramBuilder.visualize_gray,visualize_gray,0,inference,low,"dynamic imports, external callers, and attribute aliases are not resolved"
algorithm/common/src/EvEye/utils/dvs_common_utils/representation/NumpyFrameStack.py,4,NumpyFrameStack,NumpyFrameStack,0,inference,low,"dynamic imports, external callers, and attribute aliases are not resolved"
algorithm/common/src/EvEye/utils/dvs_common_utils/utils/aedat4_processor.py,65,EventIterator.end_timestamp,end_timestamp,1,inference,low,"dynamic imports, external callers, and attribute aliases are not resolved"
algorithm/common/src/EvEye/utils/dvs_common_utils/utils/aedat4_processor.py,108,RgbEventIterator.end_timestamp,end_timestamp,1,inference,low,"dynamic imports, external callers, and attribute aliases are not resolved"
algorithm/common/src/EvEye/utils/dvs_common_utils/utils/aedat4_processor.py,170,RgbEventAsyncIterator.end_timestamp,end_timestamp,1,inference,low,"dynamic imports, external callers, and attribute aliases are not resolved"
algorithm/common/src/EvEye/utils/dvs_common_utils/utils/aedat4_processor.py,184,Aedat4Processor.frame_resolution,frame_resolution,0,inference,low,"dynamic imports, external callers, and attribute aliases are not resolved"
algorithm/common/src/EvEye/utils/dvs_common_utils/utils/aedat4_processor.py,196,Aedat4Processor.end_timestamp,end_timestamp,1,inference,low,"dynamic imports, external callers, and attribute aliases are not resolved"
algorithm/common/src/EvEye/utils/dvs_common_utils/utils/aedat4_processor.py,200,Aedat4Processor.has_rgb_frames,has_rgb_frames,0,inference,low,"dynamic imports, external callers, and attribute aliases are not resolved"
algorithm/common/src/EvEye/utils/dvs_common_utils/utils/aedat4_processor.py,203,Aedat4Processor.get_events_iterator,get_events_iterator,1,inference,low,"dynamic imports, external callers, and attribute aliases are not resolved"
algorithm/common/src/EvEye/utils/dvs_common_utils/utils/aedat4_processor.py,214,Aedat4Processor.get_frame_iterator,get_frame_iterator,0,inference,low,"dynamic imports, external callers, and attribute aliases are not resolved"
algorithm/common/src/EvEye/utils/dvs_common_utils/utils/aedat4_processor.py,217,Aedat4Processor.get_sync_rgb_events_iterator,get_sync_rgb_events_iterator,1,inference,low,"dynamic imports, external callers, and attribute aliases are not resolved"
algorithm/common/src/EvEye/utils/dvs_common_utils/utils/aedat4_processor.py,223,Aedat4Processor.get_async_rgb_event_iterator,get_async_rgb_event_iterator,0,inference,low,"dynamic imports, external callers, and attribute aliases are not resolved"
algorithm/common/src/EvEye/utils/dvs_common_utils/utils/aedat4_processor.py,243,Aedat4Processor.get_events_by_time_range,get_events_by_time_range,1,inference,low,"dynamic imports, external callers, and attribute aliases are not resolved"
algorithm/common/src/EvEye/utils/dvs_common_utils/utils/aedat4_processor.py,250,aedat_to_framestacks,aedat_to_framestacks,0,inference,low,"dynamic imports, external callers, and attribute aliases are not resolved"
algorithm/common/src/EvEye/utils/dvs_common_utils/utils/aedat4_processor.py,307,aedat_to_rgb_framestacks,aedat_to_rgb_framestacks,0,inference,low,"dynamic imports, external callers, and attribute aliases are not resolved"
algorithm/common/src/EvEye/utils/dvs_common_utils/utils/aedat4_processor.py,345,aedat_to_rgb_framestacks_synced_with_video,aedat_to_rgb_framestacks_synced_with_video,0,inference,low,"dynamic imports, external callers, and attribute aliases are not resolved"
algorithm/common/src/EvEye/utils/dvs_common_utils/utils/dv_accumulator.py,31,DvAccumulator.accumulator,accumulator,0,inference,low,"dynamic imports, external callers, and attribute aliases are not resolved"
algorithm/common/src/EvEye/utils/dvs_common_utils/utils/dv_accumulator.py,40,DvAccumulator.generate_frame,generate_frame,1,inference,low,"dynamic imports, external callers, and attribute aliases are not resolved"
algorithm/common/src/EvEye/utils/dvs_common_utils/utils/event_slicer.py,43,EventSlicer.get_start_time_us,get_start_time_us,0,inference,low,"dynamic imports, external callers, and attribute aliases are not resolved"
algorithm/common/src/EvEye/utils/dvs_common_utils/utils/event_slicer.py,46,EventSlicer.get_final_time_us,get_final_time_us,0,inference,low,"dynamic imports, external callers, and attribute aliases are not resolved"
algorithm/common/src/EvEye/utils/dvs_common_utils/utils/event_slicer.py,49,EventSlicer.get_events,get_events,0,inference,low,"dynamic imports, external callers, and attribute aliases are not resolved"
algorithm/common/src/EvEye/utils/dvs_common_utils/utils/event_slicer.py,87,EventSlicer.get_conservative_window_ms,get_conservative_window_ms,1,inference,low,"dynamic imports, external callers, and attribute aliases are not resolved"
algorithm/common/src/EvEye/utils/dvs_common_utils/utils/event_slicer.py,107,EventSlicer.get_time_indices_offsets,get_time_indices_offsets,1,inference,low,"dynamic imports, external callers, and attribute aliases are not resolved"
algorithm/common/src/EvEye/utils/dvs_common_utils/utils/visualization_utils.py,5,event_to_bluered,event_to_bluered,0,inference,low,"dynamic imports, external callers, and attribute aliases are not resolved"
algorithm/common/src/EvEye/utils/dvs_common_utils/utils/visualization_utils.py,17,framestack_to_bluered_with_rgb,framestack_to_bluered_with_rgb,0,inference,low,"dynamic imports, external callers, and attribute aliases are not resolved"
algorithm/common/src/EvEye/utils/dvs_common_utils/utils/visualization_utils.py,34,get_video,get_video,0,inference,low,"dynamic imports, external callers, and attribute aliases are not resolved"
algorithm/common/src/EvEye/utils/processor/HDF5Processor.py,50,HDF5Processor.write_data,write_data,0,inference,low,"dynamic imports, external callers, and attribute aliases are not resolved"
algorithm/common/src/EvEye/utils/processor/HDF5Processor.py,65,HDF5Processor.list_datasets,list_datasets,1,inference,low,"dynamic imports, external callers, and attribute aliases are not resolved"
algorithm/common/src/EvEye/utils/processor/HDF5Processor.py,70,HDF5Processor.get_attribute,get_attribute,0,inference,low,"dynamic imports, external callers, and attribute aliases are not resolved"
algorithm/common/src/EvEye/utils/processor/HDF5Processor.py,83,HDF5Processor.set_attribute,set_attribute,0,inference,low,"dynamic imports, external callers, and attribute aliases are not resolved"
algorithm/common/src/EvEye/utils/processor/MatProcessor.py,39,MatProcessor.read_all,read_all,0,inference,low,"dynamic imports, external callers, and attribute aliases are not resolved"
algorithm/common/src/EvEye/utils/processor/MatProcessor.py,66,MatProcessor.write_data,write_data,0,inference,low,"dynamic imports, external callers, and attribute aliases are not resolved"
algorithm/common/src/EvEye/utils/processor/MatProcessor.py,81,MatProcessor.list_variables,list_variables,1,inference,low,"dynamic imports, external callers, and attribute aliases are not resolved"
algorithm/common/src/EvEye/utils/processor/TxtProcessor.py,68,TxtProcessor.load_ellipses_from_txt,load_ellipses_from_txt,1,inference,low,"dynamic imports, external callers, and attribute aliases are not resolved"
algorithm/common/src/EvEye/utils/scripts/add_prefix.py,4,add_prefix_to_png_files,add_prefix_to_png_files,1,inference,low,"dynamic imports, external callers, and attribute aliases are not resolved"
algorithm/common/src/EvEye/utils/scripts/benchmark_hbtxr_frame_dataloader.py,31,benchmark_candidate,benchmark_candidate,1,inference,low,"dynamic imports, external callers, and attribute aliases are not resolved"
algorithm/common/src/EvEye/utils/scripts/benchmark_hbtxr_frame_dataloader.py,84,write_best_config,write_best_config,1,inference,low,"dynamic imports, external callers, and attribute aliases are not resolved"
algorithm/common/src/EvEye/utils/scripts/build_cached_frames_for_dean.py,17,remap_session_path,remap_session_path,1,inference,low,"dynamic imports, external callers, and attribute aliases are not resolved"
algorithm/common/src/EvEye/utils/scripts/build_cached_frames_for_dean.py,36,load_session_records,load_session_records,1,inference,low,"dynamic imports, external callers, and attribute aliases are not resolved"
algorithm/common/src/EvEye/utils/scripts/build_cached_frames_for_dean.py,55,write_info,write_info,1,inference,low,"dynamic imports, external callers, and attribute aliases are not resolved"
algorithm/common/src/EvEye/utils/scripts/build_cached_frames_for_dean.py,76,build_split,build_split,1,inference,low,"dynamic imports, external callers, and attribute aliases are not resolved"
algorithm/common/src/EvEye/utils/scripts/build_dean_dataset_from_ev_eye.py,78,iter_h5_samples,iter_h5_samples,1,inference,low,"dynamic imports, external callers, and attribute aliases are not resolved"
algorithm/common/src/EvEye/utils/scripts/build_full_dean_dataset_with_unet.py,32,configure_torch_backend,configure_torch_backend,1,inference,low,"dynamic imports, external callers, and attribute aliases are not resolved"
algorithm/common/src/EvEye/utils/scripts/build_full_dean_dataset_with_unet.py,37,discover_sessions,discover_sessions,1,inference,low,"dynamic imports, external callers, and attribute aliases are not resolved"
algorithm/common/src/EvEye/utils/scripts/build_full_dean_dataset_with_unet.py,63,preprocess_frame,preprocess_frame,1,inference,low,"dynamic imports, external callers, and attribute aliases are not resolved"
algorithm/common/src/EvEye/utils/scripts/build_full_dean_dataset_with_unet.py,72,infer_masks,infer_masks,1,inference,low,"dynamic imports, external callers, and attribute aliases are not resolved"
algorithm/common/src/EvEye/utils/scripts/build_full_dean_dataset_with_unet.py,103,save_sample,save_sample,1,inference,low,"dynamic imports, external callers, and attribute aliases are not resolved"
algorithm/common/src/EvEye/utils/scripts/build_full_dean_dataset_with_unet.py,222,SplitWriter.save_resume_state,save_resume_state,1,inference,low,"dynamic imports, external callers, and attribute aliases are not resolved"
algorithm/common/src/EvEye/utils/scripts/build_full_dean_dataset_with_unet.py,252,split_for_session,split_for_session,1,inference,low,"dynamic imports, external callers, and attribute aliases are not resolved"
algorithm/common/src/EvEye/utils/scripts/build_full_dean_dataset_with_unet.py,328,write_json_atomic,write_json_atomic,1,inference,low,"dynamic imports, external callers, and attribute aliases are not resolved"
algorithm/common/src/EvEye/utils/scripts/build_full_dean_dataset_with_unet.py,336,save_progress,save_progress,1,inference,low,"dynamic imports, external callers, and attribute aliases are not resolved"
algorithm/common/src/EvEye/utils/scripts/build_hbtxr_subject_independent_results_report.py,26,safe_prefix,safe_prefix,1,inference,low,"dynamic imports, external callers, and attribute aliases are not resolved"
algorithm/common/src/EvEye/utils/scripts/build_hbtxr_subject_independent_results_report.py,42,split_paths,split_paths,1,inference,low,"dynamic imports, external callers, and attribute aliases are not resolved"
algorithm/common/src/EvEye/utils/scripts/build_hbtxr_subject_independent_results_report.py,84,validation_summary,validation_summary,1,inference,low,"dynamic imports, external callers, and attribute aliases are not resolved"
algorithm/common/src/EvEye/utils/scripts/build_hbtxr_val_motion_detailed_report.py,23,as_int,as_int,1,inference,low,"dynamic imports, external callers, and attribute aliases are not resolved"
algorithm/common/src/EvEye/utils/scripts/build_reproduction_summary.py,66,summarize_result,summarize_result,1,inference,low,"dynamic imports, external callers, and attribute aliases are not resolved"
algorithm/common/src/EvEye/utils/scripts/build_reproduction_summary.py,96,summarize_comparison,summarize_comparison,1,inference,low,"dynamic imports, external callers, and attribute aliases are not resolved"
algorithm/common/src/EvEye/utils/scripts/build_unet_dataset_from_h5.py,39,assign_split,assign_split,1,inference,low,"dynamic imports, external callers, and attribute aliases are not resolved"
algorithm/common/src/EvEye/utils/scripts/build_unet_dataset_from_h5.py,43,count_usable_samples,count_usable_samples,1,inference,low,"dynamic imports, external callers, and attribute aliases are not resolved"
algorithm/common/src/EvEye/utils/scripts/check_reproduction_status.py,144,latest_matches,latest_matches,1,inference,low,"dynamic imports, external callers, and attribute aliases are not resolved"
algorithm/common/src/EvEye/utils/scripts/check_reproduction_status.py,148,artifact_date,artifact_date,1,inference,low,"dynamic imports, external callers, and attribute aliases are not resolved"
algorithm/common/src/EvEye/utils/scripts/check_reproduction_status.py,214,validate_expected_eval_context,validate_expected_eval_context,1,inference,low,"dynamic imports, external callers, and attribute aliases are not resolved"
algorithm/common/src/EvEye/utils/scripts/check_reproduction_status.py,221,validate_expected_comparison_context,validate_expected_comparison_context,1,inference,low,"dynamic imports, external callers, and attribute aliases are not resolved"
algorithm/common/src/EvEye/utils/scripts/check_reproduction_status.py,228,validate_markdown_artifact,validate_markdown_artifact,1,inference,low,"dynamic imports, external callers, and attribute aliases are not resolved"
algorithm/common/src/EvEye/utils/scripts/check_reproduction_status.py,273,check_preflight,check_preflight,1,inference,low,"dynamic imports, external callers, and attribute aliases are not resolved"
algorithm/common/src/EvEye/utils/scripts/check_reproduction_status.py,318,check_dataset_manifests,check_dataset_manifests,1,inference,low,"dynamic imports, external callers, and attribute aliases are not resolved"
algorithm/common/src/EvEye/utils/scripts/check_reproduction_status.py,387,check_reports_and_samples,check_reports_and_samples,1,inference,low,"dynamic imports, external callers, and attribute aliases are not resolved"
algorithm/common/src/EvEye/utils/scripts/check_reproduction_status.py,427,check_checkpoints,check_checkpoints,1,inference,low,"dynamic imports, external callers, and attribute aliases are not resolved"
algorithm/common/src/EvEye/utils/scripts/check_reproduction_status.py,767,check_final_evaluation,check_final_evaluation,1,inference,low,"dynamic imports, external callers, and attribute aliases are not resolved"
algorithm/common/src/EvEye/utils/scripts/compare_model_evaluation_results.py,57,winner,winner,1,inference,low,"dynamic imports, external callers, and attribute aliases are not resolved"
algorithm/common/src/EvEye/utils/scripts/compare_model_evaluation_results.py,71,build_rows,build_rows,1,inference,low,"dynamic imports, external callers, and attribute aliases are not resolved"
algorithm/common/src/EvEye/utils/scripts/evaluate_epnet_checkpoint.py,38,tensor_to_float,tensor_to_float,1,inference,low,"dynamic imports, external callers, and attribute aliases are not resolved"
algorithm/common/src/EvEye/utils/scripts/evaluate_epnet_checkpoint.py,44,evaluate_metrics,evaluate_metrics,1,inference,low,"dynamic imports, external callers, and attribute aliases are not resolved"
algorithm/common/src/EvEye/utils/scripts/evaluate_epnet_checkpoint.py,74,measure_flops,measure_flops,1,inference,low,"dynamic imports, external callers, and attribute aliases are not resolved"
algorithm/common/src/EvEye/utils/scripts/evaluate_epnet_checkpoint.py,86,measure_latency_ms,measure_latency_ms,1,inference,low,"dynamic imports, external callers, and attribute aliases are not resolved"
algorithm/common/src/EvEye/utils/scripts/evaluate_hbtxr_frame_motion_package.py,92,natural_user_key,natural_user_key,0,inference,low,"dynamic imports, external callers, and attribute aliases are not resolved"
algorithm/common/src/EvEye/utils/scripts/evaluate_hbtxr_val_motion.py,92,natural_user_key,natural_user_key,0,inference,low,"dynamic imports, external callers, and attribute aliases are not resolved"
algorithm/common/src/EvEye/utils/scripts/export_hbtxr_subject_independent_for_targets.py,91,export_tdtracker_h5,export_tdtracker_h5,1,inference,low,"dynamic imports, external callers, and attribute aliases are not resolved"
algorithm/common/src/EvEye/utils/scripts/export_hbtxr_subject_independent_for_targets.py,143,export_threeet_tree,export_threeet_tree,1,inference,low,"dynamic imports, external callers, and attribute aliases are not resolved"
algorithm/common/src/EvEye/utils/scripts/find_center.py,32,write_centers,write_centers,1,inference,low,"dynamic imports, external callers, and attribute aliases are not resolved"
algorithm/common/src/EvEye/utils/scripts/find_center.py,50,draw_centers,draw_centers,0,inference,low,"dynamic imports, external callers, and attribute aliases are not resolved"
algorithm/common/src/EvEye/utils/scripts/getDavisEyeCenterDataset.py,31,move_events,move_events,0,inference,low,"dynamic imports, external callers, and attribute aliases are not resolved"
algorithm/common/src/EvEye/utils/scripts/getDavisEyeCenterDataset.py,60,move_frames,move_frames,1,inference,low,"dynamic imports, external callers, and attribute aliases are not resolved"
algorithm/common/src/EvEye/utils/scripts/getDavisEyeCenterDataset.py,84,split_train_val_test,split_train_val_test,0,inference,low,"dynamic imports, external callers, and attribute aliases are not resolved"
algorithm/common/src/EvEye/utils/scripts/h5_to_png.py,11,process_and_save_images,process_and_save_images,1,inference,low,"dynamic imports, external callers, and attribute aliases are not resolved"
algorithm/common/src/EvEye/utils/scripts/h5_to_png.py,39,h5_png_split,h5_png_split,1,inference,low,"dynamic imports, external callers, and attribute aliases are not resolved"
algorithm/common/src/EvEye/utils/scripts/measure_hbtxr_target_complexity.py,31,load_module,load_module,0,inference,low,"dynamic imports, external callers, and attribute aliases are not resolved"
algorithm/common/src/EvEye/utils/scripts/measure_hbtxr_target_complexity.py,47,profile_model,profile_model,1,inference,low,"dynamic imports, external callers, and attribute aliases are not resolved"
algorithm/common/src/EvEye/utils/scripts/measure_hbtxr_target_complexity.py,82,build_retina,build_retina,1,inference,low,"dynamic imports, external callers, and attribute aliases are not resolved"
algorithm/common/src/EvEye/utils/scripts/measure_hbtxr_target_complexity.py,135,build_tdtracker,build_tdtracker,1,inference,low,"dynamic imports, external callers, and attribute aliases are not resolved"
algorithm/common/src/EvEye/utils/scripts/measure_hbtxr_target_complexity.py,147,build_ervt,build_ervt,1,inference,low,"dynamic imports, external callers, and attribute aliases are not resolved"
algorithm/common/src/EvEye/utils/scripts/measure_hbtxr_target_complexity.py,160,build_tenns_eye,build_tenns_eye,1,inference,low,"dynamic imports, external callers, and attribute aliases are not resolved"
algorithm/common/src/EvEye/utils/scripts/measure_hbtxr_target_complexity.py,173,build_brat,build_brat,1,inference,low,"dynamic imports, external callers, and attribute aliases are not resolved"
algorithm/common/src/EvEye/utils/scripts/measure_hbtxr_target_complexity.py,198,measure_one,measure_one,1,inference,low,"dynamic imports, external callers, and attribute aliases are not resolved"
algorithm/common/src/EvEye/utils/scripts/measure_hbtxr_target_complexity.py,255,run_all,run_all,1,inference,low,"dynamic imports, external callers, and attribute aliases are not resolved"
algorithm/common/src/EvEye/utils/scripts/output_groundtruth.py,21,find_image_folders,find_image_folders,1,inference,low,"dynamic imports, external callers, and attribute aliases are not resolved"
algorithm/common/src/EvEye/utils/scripts/output_groundtruth.py,43,output_groundtruth,output_groundtruth,1,inference,low,"dynamic imports, external callers, and attribute aliases are not resolved"
algorithm/common/src/EvEye/utils/scripts/probe_hbtxr_batch_size.py,15,move_batch_to_device,move_batch_to_device,1,inference,low,"dynamic imports, external callers, and attribute aliases are not resolved"
algorithm/common/src/EvEye/utils/scripts/probe_hbtxr_batch_size.py,25,build_loader,build_loader,1,inference,low,"dynamic imports, external callers, and attribute aliases are not resolved"
algorithm/common/src/EvEye/utils/scripts/probe_hbtxr_batch_size.py,39,probe_batch_size,probe_batch_size,1,inference,low,"dynamic imports, external callers, and attribute aliases are not resolved"
algorithm/common/src/EvEye/utils/scripts/process_closed_eyes.py,4,process_file,process_file,1,inference,low,"dynamic imports, external callers, and attribute aliases are not resolved"
algorithm/common/src/EvEye/utils/scripts/process_closed_eyes.py,46,process_all_txt_files,process_all_txt_files,1,inference,low,"dynamic imports, external callers, and attribute aliases are not resolved"
algorithm/common/src/EvEye/utils/scripts/remove_000001_prefix.py,5,remove_numeric_prefix,remove_numeric_prefix,1,inference,low,"dynamic imports, external callers, and attribute aliases are not resolved"
algorithm/common/src/EvEye/utils/scripts/rename_png.py,4,rename_png,rename_png,1,inference,low,"dynamic imports, external callers, and attribute aliases are not resolved"
algorithm/common/src/EvEye/utils/scripts/resplit_dean_dataset_by_subject.py,166,user_from_session,user_from_session,1,inference,low,"dynamic imports, external callers, and attribute aliases are not resolved"
algorithm/common/src/EvEye/utils/scripts/resplit_dean_dataset_by_subject.py,173,target_split_for_user,target_split_for_user,1,inference,low,"dynamic imports, external callers, and attribute aliases are not resolved"
algorithm/common/src/EvEye/utils/scripts/resplit_dean_dataset_by_subject.py,182,build_session_ranges,build_session_ranges,1,inference,low,"dynamic imports, external callers, and attribute aliases are not resolved"
algorithm/common/src/EvEye/utils/scripts/resplit_dean_dataset_by_subject.py,210,validate_readers,validate_readers,1,inference,low,"dynamic imports, external callers, and attribute aliases are not resolved"
algorithm/common/src/EvEye/utils/scripts/split_train_val.py,7,get_num_files,get_num_files,0,inference,low,"dynamic imports, external callers, and attribute aliases are not resolved"
algorithm/common/src/EvEye/utils/scripts/split_train_val.py,15,move_files,move_files,0,inference,low,"dynamic imports, external callers, and attribute aliases are not resolved"
algorithm/common/src/EvEye/utils/scripts/split_train_val.py,31,split_train_val,split_train_val,1,inference,low,"dynamic imports, external callers, and attribute aliases are not resolved"
algorithm/common/src/EvEye/utils/scripts/split_train_val.py,73,compare_filenames,compare_filenames,0,inference,low,"dynamic imports, external callers, and attribute aliases are not resolved"
algorithm/common/src/EvEye/utils/tonic/functional/CutMaxCount.py,23,tensor_cut_max_count,tensor_cut_max_count,0,inference,low,"dynamic imports, external callers, and attribute aliases are not resolved"
algorithm/common/src/EvEye/utils/tonic/functional/PlotDistribution.py,6,plot_histogram,plot_histogram,1,inference,low,"dynamic imports, external callers, and attribute aliases are not resolved"
algorithm/common/src/EvEye/utils/tonic/functional/PlotDistribution.py,22,plot_KDE,plot_KDE,0,inference,low,"dynamic imports, external callers, and attribute aliases are not resolved"
algorithm/common/src/EvEye/utils/visualization/play_images.py,6,play_images,play_images,1,inference,low,"dynamic imports, external callers, and attribute aliases are not resolved"
algorithm/common/src/EvEye/utils/visualization/visualization.py,202,ensure_same_size,ensure_same_size,1,inference,low,"dynamic imports, external callers, and attribute aliases are not resolved"
algorithm/common/src/EvEye/utils/visualization/visualization.py,221,ensure_same_dtype,ensure_same_dtype,1,inference,low,"dynamic imports, external callers, and attribute aliases are not resolved"
algorithm/common/src/EvEye/utils/visualization/visualization.py,313,draw_points,draw_points,0,inference,low,"dynamic imports, external callers, and attribute aliases are not resolved"
algorithm/common/src/EvEye/utils/visualization/visualization.py,331,draw_label,draw_label,1,inference,low,"dynamic imports, external callers, and attribute aliases are not resolved"
algorithm/common/src/EvEye/utils/visualization/visualization.py,350,overlay_label,overlay_label,1,inference,low,"dynamic imports, external callers, and attribute aliases are not resolved"
algorithm/common/src/EvEye/utils/visualization/visualization.py,393,draw_contour,draw_contour,0,inference,low,"dynamic imports, external callers, and attribute aliases are not resolved"
algorithm/common/src/EvEye/utils/visualization/visualization.py,435,overlay_contour,overlay_contour,1,inference,low,"dynamic imports, external callers, and attribute aliases are not resolved"
algorithm/hybrid/scripts/external_pipeline/_config.py,161,resolve_mode_block,resolve_mode_block,1,inference,low,"dynamic imports, external callers, and attribute aliases are not resolved"
algorithm/hybrid/scripts/external_pipeline/_viz.py,33,mask_to_image,mask_to_image,1,inference,low,"dynamic imports, external callers, and attribute aliases are not resolved"
algorithm/hybrid/src/config/runtime_config.py,41,resolve_mode_block,resolve_mode_block,1,inference,low,"dynamic imports, external callers, and attribute aliases are not resolved"
algorithm/hybrid/src/data/components.py,31,AdaptiveRoiResolver.resolve_event_crop_policy,resolve_event_crop_policy,1,inference,low,"dynamic imports, external callers, and attribute aliases are not resolved"
algorithm/hybrid/src/data/components.py,35,AdaptiveRoiResolver.resolve_event_crop_scope,resolve_event_crop_scope,1,inference,low,"dynamic imports, external callers, and attribute aliases are not resolved"
algorithm/hybrid/src/data/components.py,54,AdaptiveRoiResolver.resolve_prev_pupil_anchor_roi,resolve_prev_pupil_anchor_roi,1,inference,low,"dynamic imports, external callers, and attribute aliases are not resolved"
algorithm/hybrid/src/data/components.py,99,AdaptiveRoiResolver.collect_event_points_for_adaptive_crop,collect_event_points_for_adaptive_crop,1,inference,low,"dynamic imports, external callers, and attribute aliases are not resolved"
algorithm/hybrid/src/data/components.py,252,AdaptiveRoiResolver.resolve_effective_roi_xywh,resolve_effective_roi_xywh,0,inference,low,"dynamic imports, external callers, and attribute aliases are not resolved"
algorithm/hybrid/src/data/components.py,343,SampleAssembler.assemble,assemble,1,inference,low,"dynamic imports, external callers, and attribute aliases are not resolved"
algorithm/hybrid/src/data/dataset.py,38,load_track_target_overrides,load_track_target_overrides,1,inference,low,"dynamic imports, external callers, and attribute aliases are not resolved"
algorithm/hybrid/src/data/event_builder.py,87,EventInputBuilder.accumulation_weights,accumulation_weights,1,inference,low,"dynamic imports, external callers, and attribute aliases are not resolved"
algorithm/hybrid/src/data/event_builder.py,114,EventInputBuilder.accumulate_events,accumulate_events,1,inference,low,"dynamic imports, external callers, and attribute aliases are not resolved"
algorithm/hybrid/src/data/event_builder.py,274,EventInputBuilder.resolve_interval_event_window,resolve_interval_event_window,1,inference,low,"dynamic imports, external callers, and attribute aliases are not resolved"
algorithm/hybrid/src/data/event_builder.py,293,EventInputBuilder.resolve_average_weights,resolve_average_weights,1,inference,low,"dynamic imports, external callers, and attribute aliases are not resolved"
algorithm/hybrid/src/data/event_builder.py,300,EventInputBuilder.build_event_input_from_session_store,build_event_input_from_session_store,1,inference,low,"dynamic imports, external callers, and attribute aliases are not resolved"
algorithm/hybrid/src/data/loader.py,13,collate_samples,collate_samples,1,inference,low,"dynamic imports, external callers, and attribute aliases are not resolved"
algorithm/hybrid/src/data/loader.py,28,make_dataset_by_mode,make_dataset_by_mode,1,inference,low,"dynamic imports, external callers, and attribute aliases are not resolved"
algorithm/hybrid/src/data/loader.py,119,build_sample_weights_from_rows,build_sample_weights_from_rows,1,inference,low,"dynamic imports, external callers, and attribute aliases are not resolved"
algorithm/hybrid/src/data/pipeline.py,84,DatasetPipeline.build_sample,build_sample,1,inference,low,"dynamic imports, external callers, and attribute aliases are not resolved"
algorithm/hybrid/src/data/session_reader.py,108,SessionFrameEventReader.load_frame_sensor_from_lazy_session_store,load_frame_sensor_from_lazy_session_store,1,inference,low,"dynamic imports, external callers, and attribute aliases are not resolved"
algorithm/hybrid/src/data/session_reader.py,147,SessionFrameEventReader.load_frame_sensor,load_frame_sensor,1,inference,low,"dynamic imports, external callers, and attribute aliases are not resolved"
algorithm/hybrid/src/data/session_reader.py,173,SessionFrameEventReader.load_mask,load_mask,1,inference,low,"dynamic imports, external callers, and attribute aliases are not resolved"
algorithm/hybrid/src/data/transform.py,60,SpatialTransform.as_dict,as_dict,1,inference,low,"dynamic imports, external callers, and attribute aliases are not resolved"
algorithm/hybrid/src/data/transform.py,210,SpatialTransformResolver.resolve_resize_policy,resolve_resize_policy,1,inference,low,"dynamic imports, external callers, and attribute aliases are not resolved"
algorithm/hybrid/src/data/transform.py,229,SpatialTransformResolver.apply_frame,apply_frame,1,inference,low,"dynamic imports, external callers, and attribute aliases are not resolved"
algorithm/hybrid/src/data/transform.py,232,SpatialTransformResolver.apply_mask,apply_mask,1,inference,low,"dynamic imports, external callers, and attribute aliases are not resolved"
algorithm/hybrid/src/data/transform.py,235,SpatialTransformResolver.apply_event,apply_event,0,inference,low,"dynamic imports, external callers, and attribute aliases are not resolved"
algorithm/hybrid/src/data/utils.py,13,import_h5py,import_h5py,1,inference,low,"dynamic imports, external callers, and attribute aliases are not resolved"
algorithm/hybrid/src/data/utils.py,101,rasterize_bbox_mask,rasterize_bbox_mask,1,inference,low,"dynamic imports, external callers, and attribute aliases are not resolved"
algorithm/hybrid/src/evaluation/handover_bridge.py,24,convert_record,convert_record,1,inference,low,"dynamic imports, external callers, and attribute aliases are not resolved"
algorithm/hybrid/src/loss/assigners.py,101,TaskAlignedAssigner.assign,assign,1,inference,low,"dynamic imports, external callers, and attribute aliases are not resolved"
algorithm/hybrid/src/loss/bundles/eye.py,138,axis_aligned_bbox_loss,axis_aligned_bbox_loss,1,inference,low,"dynamic imports, external callers, and attribute aliases are not resolved"
algorithm/hybrid/src/loss/bundles/eye.py,145,rotated_overlap_loss,rotated_overlap_loss,0,inference,low,"dynamic imports, external callers, and attribute aliases are not resolved"
algorithm/hybrid/src/loss/bundles/eye.py,153,rotated_angle_loss,rotated_angle_loss,0,inference,low,"dynamic imports, external callers, and attribute aliases are not resolved"
algorithm/hybrid/src/loss/bundles/eye.py,300,eye_mask_loss,eye_mask_loss,0,inference,low,"dynamic imports, external callers, and attribute aliases are not resolved"
algorithm/hybrid/src/loss/bundles/eye.py,314,eye_region_loss,eye_region_loss,0,inference,low,"dynamic imports, external callers, and attribute aliases are not resolved"
algorithm/hybrid/src/loss/bundles/search_event.py,13,pupil_branch_losses,pupil_branch_losses,0,inference,low,"dynamic imports, external callers, and attribute aliases are not resolved"
algorithm/hybrid/src/loss/bundles/search_event.py,36,pupil_bbox_aux_losses,pupil_bbox_aux_losses,0,inference,low,"dynamic imports, external callers, and attribute aliases are not resolved"
algorithm/hybrid/src/loss/bundles/search_event.py,55,pupil_obb_aux_losses,pupil_obb_aux_losses,0,inference,low,"dynamic imports, external callers, and attribute aliases are not resolved"
algorithm/hybrid/src/loss/bundles/search_event.py,78,pupil_center_candidate_losses,pupil_center_candidate_losses,0,inference,low,"dynamic imports, external callers, and attribute aliases are not resolved"
algorithm/hybrid/src/loss/bundles/shared.py,10,loss_device,loss_device,1,inference,low,"dynamic imports, external callers, and attribute aliases are not resolved"
algorithm/hybrid/src/loss/bundles/shared.py,20,zero_loss,zero_loss,1,inference,low,"dynamic imports, external callers, and attribute aliases are not resolved"
algorithm/hybrid/src/loss/bundles/shared.py,24,resolve_search_state,resolve_search_state,0,inference,low,"dynamic imports, external callers, and attribute aliases are not resolved"
algorithm/hybrid/src/loss/bundles/shared.py,31,resolve_event_state,resolve_event_state,0,inference,low,"dynamic imports, external callers, and attribute aliases are not resolved"
algorithm/hybrid/src/loss/bundles/shared.py,38,resolve_track_state,resolve_track_state,0,inference,low,"dynamic imports, external callers, and attribute aliases are not resolved"
algorithm/hybrid/src/loss/bundles/shared.py,44,pupil_bbox_targets,pupil_bbox_targets,0,inference,low,"dynamic imports, external callers, and attribute aliases are not resolved"
algorithm/hybrid/src/loss/bundles/shared.py,50,pupil_obb_targets,pupil_obb_targets,0,inference,low,"dynamic imports, external callers, and attribute aliases are not resolved"
algorithm/hybrid/src/loss/bundles/shared.py,54,hit_rate_percent,hit_rate_percent,0,inference,low,"dynamic imports, external callers, and attribute aliases are not resolved"
algorithm/hybrid/src/loss/bundles/shared.py,62,sum_loss_logs,sum_loss_logs,0,inference,low,"dynamic imports, external callers, and attribute aliases are not resolved"
algorithm/hybrid/src/loss/bundles/track.py,44,track_branch_losses,track_branch_losses,0,inference,low,"dynamic imports, external callers, and attribute aliases are not resolved"
algorithm/hybrid/src/loss/bundles/track.py,123,track_state_aux_losses,track_state_aux_losses,0,inference,low,"dynamic imports, external callers, and attribute aliases are not resolved"
algorithm/hybrid/src/loss/bundles/track.py,181,track_target_override_losses,track_target_override_losses,0,inference,low,"dynamic imports, external callers, and attribute aliases are not resolved"
algorithm/hybrid/src/loss/bundles/track.py,207,track_state_simdr_target_positions,track_state_simdr_target_positions,1,inference,low,"dynamic imports, external callers, and attribute aliases are not resolved"
algorithm/hybrid/src/loss/bundles/track.py,218,track_state_simdr_losses,track_state_simdr_losses,0,inference,low,"dynamic imports, external callers, and attribute aliases are not resolved"
algorithm/hybrid/src/loss/bundles/track.py,247,track_center_heatmap_losses,track_center_heatmap_losses,0,inference,low,"dynamic imports, external callers, and attribute aliases are not resolved"
algorithm/hybrid/src/loss/bundles/track.py,281,track_center_refine_losses,track_center_refine_losses,0,inference,low,"dynamic imports, external callers, and attribute aliases are not resolved"
algorithm/hybrid/src/loss/bundles/track.py,298,track_center_candidate_losses,track_center_candidate_losses,0,inference,low,"dynamic imports, external callers, and attribute aliases are not resolved"
algorithm/hybrid/src/loss/common.py,24,uv_to_theta,uv_to_theta,1,inference,low,"dynamic imports, external callers, and attribute aliases are not resolved"
algorithm/hybrid/src/loss/common.py,83,box_xyxy_to_cxcywh,box_xyxy_to_cxcywh,0,inference,low,"dynamic imports, external callers, and attribute aliases are not resolved"
algorithm/hybrid/src/loss/common.py,92,box_xywht_to_xyxy,box_xywht_to_xyxy,0,inference,low,"dynamic imports, external callers, and attribute aliases are not resolved"
algorithm/hybrid/src/loss/common.py,145,trig_l2_loss,trig_l2_loss,1,inference,low,"dynamic imports, external callers, and attribute aliases are not resolved"
algorithm/hybrid/src/loss/distillation.py,362,compute_ssl_losses,compute_ssl_losses,0,inference,low,"dynamic imports, external callers, and attribute aliases are not resolved"
algorithm/hybrid/src/loss/stage_common.py,22,constraint_center_loss,constraint_center_loss,1,inference,low,"dynamic imports, external callers, and attribute aliases are not resolved"
algorithm/hybrid/src/loss/stage_common.py,78,build_loss_sample_weights,build_loss_sample_weights,1,inference,low,"dynamic imports, external callers, and attribute aliases are not resolved"
algorithm/hybrid/src/models/controller.py,36,TrackSearchSchedulerFSM.reset,reset,1,inference,low,"dynamic imports, external callers, and attribute aliases are not resolved"
algorithm/hybrid/src/models/hybrid_tracker.py,357,HBTXRTracker.map_pretrained_state_dict,map_pretrained_state_dict,1,inference,low,"dynamic imports, external callers, and attribute aliases are not resolved"
algorithm/hybrid/src/models/hybrid_tracker.py,445,HBTXRTracker.runtime_step,runtime_step,0,inference,low,"dynamic imports, external callers, and attribute aliases are not resolved"
algorithm/hybrid/src/models/patch_embeddings.py,174,Split1PatchFrontend.weight_frame,weight_frame,1,inference,low,"dynamic imports, external callers, and attribute aliases are not resolved"
algorithm/hybrid/src/models/patch_embeddings.py,178,Split1PatchFrontend.weight_event,weight_event,1,inference,low,"dynamic imports, external callers, and attribute aliases are not resolved"
algorithm/hybrid/src/models/patch_embeddings.py,197,Split1PatchFrontend.build_search_3ch,build_search_3ch,1,inference,low,"dynamic imports, external callers, and attribute aliases are not resolved"
algorithm/hybrid/src/models/patch_embeddings.py,214,Split1PatchFrontend.build_track_3ch,build_track_3ch,1,inference,low,"dynamic imports, external callers, and attribute aliases are not resolved"
algorithm/hybrid/src/models/patch_embeddings.py,284,Split1PatchFrontend.forward_dense_reference,forward_dense_reference,1,inference,low,"dynamic imports, external callers, and attribute aliases are not resolved"
algorithm/hybrid/src/models/patch_embeddings.py,378,build_patch_frontend,build_patch_frontend,1,inference,low,"dynamic imports, external callers, and attribute aliases are not resolved"
algorithm/hybrid/src/models/pruning.py,301,build_export_report_payload,build_export_report_payload,1,inference,low,"dynamic imports, external callers, and attribute aliases are not resolved"
algorithm/hybrid/src/models/tracker/encoder.py,62,TrackerTokenEncoder.collapse_patch_weight,collapse_patch_weight,1,inference,low,"dynamic imports, external callers, and attribute aliases are not resolved"
algorithm/hybrid/src/models/tracker/encoder.py,72,TrackerTokenEncoder.use_search_pseudo_edges,use_search_pseudo_edges,1,inference,low,"dynamic imports, external callers, and attribute aliases are not resolved"
algorithm/hybrid/src/models/tracker/encoder.py,188,TrackerTokenEncoder.encode_track,encode_track,1,inference,low,"dynamic imports, external callers, and attribute aliases are not resolved"
algorithm/hybrid/src/models/tracker/encoder.py,214,TrackerTokenEncoder.map_pretrained_state_dict,map_pretrained_state_dict,1,inference,low,"dynamic imports, external callers, and attribute aliases are not resolved"
algorithm/hybrid/src/models/tracker/head_factory.py,182,TrackerHeadFactory.build_eye_head,build_eye_head,1,inference,low,"dynamic imports, external callers, and attribute aliases are not resolved"
algorithm/hybrid/src/models/tracker/head_factory.py,204,TrackerHeadFactory.build_roi_bbox_head,build_roi_bbox_head,1,inference,low,"dynamic imports, external callers, and attribute aliases are not resolved"
algorithm/hybrid/src/models/tracker/head_factory.py,232,TrackerHeadFactory.build_mask_head,build_mask_head,1,inference,low,"dynamic imports, external callers, and attribute aliases are not resolved"
algorithm/hybrid/src/models/tracker/search_branch.py,36,SearchMaskGuidanceRefiner.soft_mask_statistics,soft_mask_statistics,1,inference,low,"dynamic imports, external callers, and attribute aliases are not resolved"
algorithm/hybrid/src/models/tracker/search_branch.py,60,SearchMaskGuidanceRefiner.apply_mask_cascade,apply_mask_cascade,1,inference,low,"dynamic imports, external callers, and attribute aliases are not resolved"
algorithm/hybrid/src/models/tracker/track_branch.py,9,decode_simdr_xy,decode_simdr_xy,1,inference,low,"dynamic imports, external callers, and attribute aliases are not resolved"
algorithm/hybrid/src/models/tracker/track_branch.py,16,decode_heatmap_xy,decode_heatmap_xy,1,inference,low,"dynamic imports, external callers, and attribute aliases are not resolved"
algorithm/hybrid/src/optim/adam_mini.py,245,build_adam_mini_optimizer,build_adam_mini_optimizer,1,inference,low,"dynamic imports, external callers, and attribute aliases are not resolved"
algorithm/hybrid/src/optim/adamw.py,13,build_adamw_optimizer,build_adamw_optimizer,1,inference,low,"dynamic imports, external callers, and attribute aliases are not resolved"
algorithm/hybrid/src/optim/adema_mix.py,15,linear_warmup_scheduler,linear_warmup_scheduler,1,inference,low,"dynamic imports, external callers, and attribute aliases are not resolved"
algorithm/hybrid/src/optim/adema_mix.py,22,linear_hl_warmup_scheduler,linear_hl_warmup_scheduler,1,inference,low,"dynamic imports, external callers, and attribute aliases are not resolved"
algorithm/hybrid/src/optim/adema_mix.py,26,linear_hl_warmup_scheduler.f_inv,f_inv,1,inference,low,"dynamic imports, external callers, and attribute aliases are not resolved"
algorithm/hybrid/src/optim/adema_mix.py,138,build_adema_mix_optimizer,build_adema_mix_optimizer,1,inference,low,"dynamic imports, external callers, and attribute aliases are not resolved"
algorithm/hybrid/src/optim/adopt.py,112,build_adopt_optimizer,build_adopt_optimizer,1,inference,low,"dynamic imports, external callers, and attribute aliases are not resolved"
algorithm/hybrid/src/optim/common.py,55,estimate_optimizer_state_size_bytes,estimate_optimizer_state_size_bytes,1,inference,low,"dynamic imports, external callers, and attribute aliases are not resolved"
algorithm/hybrid/src/optim/common.py,74,split_params_auto_2d_plus,split_params_auto_2d_plus,1,inference,low,"dynamic imports, external callers, and attribute aliases are not resolved"
algorithm/hybrid/src/optim/common.py,85,diff_doc_path,diff_doc_path,1,inference,low,"dynamic imports, external callers, and attribute aliases are not resolved"
algorithm/hybrid/src/optim/common.py,89,source_header,source_header,0,inference,low,"dynamic imports, external callers, and attribute aliases are not resolved"
algorithm/hybrid/src/optim/common.py,99,optimizer_summary_payload,optimizer_summary_payload,1,inference,low,"dynamic imports, external callers, and attribute aliases are not resolved"
algorithm/hybrid/src/optim/ivon.py,113,IVON.sampled_params,sampled_params,1,inference,low,"dynamic imports, external callers, and attribute aliases are not resolved"
algorithm/hybrid/src/optim/ivon.py,270,build_ivon_optimizer,build_ivon_optimizer,1,inference,low,"dynamic imports, external callers, and attribute aliases are not resolved"
algorithm/hybrid/src/optim/lion.py,57,build_lion_optimizer,build_lion_optimizer,1,inference,low,"dynamic imports, external callers, and attribute aliases are not resolved"
algorithm/hybrid/src/optim/mars.py,133,MARS.update_last_grad,update_last_grad,1,inference,low,"dynamic imports, external callers, and attribute aliases are not resolved"
algorithm/hybrid/src/optim/mars.py,147,MARS.update_previous_grad,update_previous_grad,1,inference,low,"dynamic imports, external callers, and attribute aliases are not resolved"
algorithm/hybrid/src/optim/mars.py,234,NewtonSchulz,NewtonSchulz,1,inference,low,"dynamic imports, external callers, and attribute aliases are not resolved"
algorithm/hybrid/src/optim/mars.py,248,build_mars_optimizer,build_mars_optimizer,1,inference,low,"dynamic imports, external callers, and attribute aliases are not resolved"
algorithm/hybrid/src/optim/modifiers.py,170,CautiousOptimizer.add_param_group,add_param_group,1,inference,low,"dynamic imports, external callers, and attribute aliases are not resolved"
algorithm/hybrid/src/optim/modifiers.py,185,build_schedule_free_adamw,build_schedule_free_adamw,1,inference,low,"dynamic imports, external callers, and attribute aliases are not resolved"
algorithm/hybrid/src/optim/musgd.py,15,zeropower_via_newtonschulz5,zeropower_via_newtonschulz5,1,inference,low,"dynamic imports, external callers, and attribute aliases are not resolved"
algorithm/hybrid/src/optim/musgd.py,180,build_musgd_optimizer,build_musgd_optimizer,1,inference,low,"dynamic imports, external callers, and attribute aliases are not resolved"
algorithm/hybrid/src/optim/pool.py,13,optimizer_candidate_label,optimizer_candidate_label,1,inference,low,"dynamic imports, external callers, and attribute aliases are not resolved"
algorithm/hybrid/src/optim/pool.py,18,expand_optimizer_pool_candidates,expand_optimizer_pool_candidates,1,inference,low,"dynamic imports, external callers, and attribute aliases are not resolved"
algorithm/hybrid/src/optim/pool.py,62,write_optimizer_pool_report,write_optimizer_pool_report,1,inference,low,"dynamic imports, external callers, and attribute aliases are not resolved"
algorithm/hybrid/src/optim/prodigy.py,190,build_prodigy_optimizer,build_prodigy_optimizer,1,inference,low,"dynamic imports, external callers, and attribute aliases are not resolved"
algorithm/hybrid/src/optim/registry.py,125,is_optimizer_implemented,is_optimizer_implemented,1,inference,low,"dynamic imports, external callers, and attribute aliases are not resolved"
algorithm/hybrid/src/optim/soap.py,157,SOAP.init_preconditioner,init_preconditioner,1,inference,low,"dynamic imports, external callers, and attribute aliases are not resolved"
algorithm/hybrid/src/optim/soap.py,251,SOAP.get_orthogonal_matrix,get_orthogonal_matrix,1,inference,low,"dynamic imports, external callers, and attribute aliases are not resolved"
algorithm/hybrid/src/optim/soap.py,269,SOAP.get_orthogonal_matrix_qr,get_orthogonal_matrix_qr,1,inference,low,"dynamic imports, external callers, and attribute aliases are not resolved"
algorithm/hybrid/src/optim/soap.py,304,build_soap_optimizer,build_soap_optimizer,1,inference,low,"dynamic imports, external callers, and attribute aliases are not resolved"
algorithm/hybrid/src/optim/sophia_g.py,58,SophiaG.update_hessian,update_hessian,1,inference,low,"dynamic imports, external callers, and attribute aliases are not resolved"
algorithm/hybrid/src/optim/sophia_g.py,135,sophiag,sophiag,1,inference,low,"dynamic imports, external callers, and attribute aliases are not resolved"
algorithm/hybrid/src/optim/sophia_g.py,215,build_sophia_g_optimizer,build_sophia_g_optimizer,1,inference,low,"dynamic imports, external callers, and attribute aliases are not resolved"
algorithm/hybrid/src/pools/heads.py,63,list_head_names,list_head_names,0,inference,low,"dynamic imports, external callers, and attribute aliases are not resolved"
algorithm/hybrid/src/pools/heads.py,67,get_head_class,get_head_class,1,inference,low,"dynamic imports, external callers, and attribute aliases are not resolved"
algorithm/hybrid/src/pools/heads.py,75,build_head,build_head,0,inference,low,"dynamic imports, external callers, and attribute aliases are not resolved"
algorithm/hybrid/src/pools/losses.py,49,list_loss_names,list_loss_names,0,inference,low,"dynamic imports, external callers, and attribute aliases are not resolved"
algorithm/hybrid/src/pools/losses.py,53,build_loss,build_loss,1,inference,low,"dynamic imports, external callers, and attribute aliases are not resolved"
algorithm/hybrid/src/pools/losses.py,61,compute_loss,compute_loss,0,inference,low,"dynamic imports, external callers, and attribute aliases are not resolved"
algorithm/hybrid/src/pools/lr_schedulers.py,14,metric_mode,metric_mode,1,inference,low,"dynamic imports, external callers, and attribute aliases are not resolved"
algorithm/hybrid/src/pools/lr_schedulers.py,21,list_lr_scheduler_names,list_lr_scheduler_names,0,inference,low,"dynamic imports, external callers, and attribute aliases are not resolved"
algorithm/hybrid/src/pools/lr_schedulers.py,25,build_lr_scheduler,build_lr_scheduler,1,inference,low,"dynamic imports, external callers, and attribute aliases are not resolved"
algorithm/hybrid/src/pools/optimizers.py,16,list_implemented_optimizer_names,list_implemented_optimizer_names,0,inference,low,"dynamic imports, external callers, and attribute aliases are not resolved"
algorithm/hybrid/src/pools/optimizers.py,20,optimizer_pool_summary,optimizer_pool_summary,0,inference,low,"dynamic imports, external callers, and attribute aliases are not resolved"
algorithm/hybrid/src/pools/optimizers.py,24,build_named_optimizer,build_named_optimizer,0,inference,low,"dynamic imports, external callers, and attribute aliases are not resolved"
algorithm/hybrid/src/pools/runtime_schedulers.py,18,list_runtime_scheduler_names,list_runtime_scheduler_names,0,inference,low,"dynamic imports, external callers, and attribute aliases are not resolved"
algorithm/hybrid/src/pools/runtime_schedulers.py,22,get_runtime_scheduler_class,get_runtime_scheduler_class,1,inference,low,"dynamic imports, external callers, and attribute aliases are not resolved"
algorithm/hybrid/src/pools/runtime_schedulers.py,30,build_runtime_scheduler,build_runtime_scheduler,0,inference,low,"dynamic imports, external callers, and attribute aliases are not resolved"
algorithm/hybrid/src/preprocess/annotation_groundedsam.py,49,save_mask,save_mask,1,inference,low,"dynamic imports, external callers, and attribute aliases are not resolved"
algorithm/hybrid/src/preprocess/annotation_groundedsam.py,56,export_annotation_store,export_annotation_store,0,inference,low,"dynamic imports, external callers, and attribute aliases are not resolved"
algorithm/hybrid/src/preprocess/annotation_groundedsam.py,71,load_groundedsam_annotation_store,load_groundedsam_annotation_store,1,inference,low,"dynamic imports, external callers, and attribute aliases are not resolved"
algorithm/hybrid/src/preprocess/build_manifests.py,39,split_users_random,split_users_random,1,inference,low,"dynamic imports, external callers, and attribute aliases are not resolved"
algorithm/hybrid/src/preprocess/build_manifests.py,68,split_of_user,split_of_user,1,inference,low,"dynamic imports, external callers, and attribute aliases are not resolved"
algorithm/hybrid/src/preprocess/canonicalize_pipeline.py,60,SessionDiscovery.discover,discover,1,inference,low,"dynamic imports, external callers, and attribute aliases are not resolved"
algorithm/hybrid/src/preprocess/canonicalize_pipeline.py,158,CanonicalizeJobPlanner.build_jobs,build_jobs,1,inference,low,"dynamic imports, external callers, and attribute aliases are not resolved"
algorithm/hybrid/src/preprocess/canonicalize_pipeline.py,253,CanonicalizeSummaryWriter.write_preflight,write_preflight,1,inference,low,"dynamic imports, external callers, and attribute aliases are not resolved"
algorithm/hybrid/src/preprocess/canonicalize_pipeline.py,256,CanonicalizeSummaryWriter.write_session_indexes,write_session_indexes,1,inference,low,"dynamic imports, external callers, and attribute aliases are not resolved"
algorithm/hybrid/src/preprocess/canonicalize_pipeline.py,389,CanonicalizeProgressReporter.preflight_done,preflight_done,1,inference,low,"dynamic imports, external callers, and attribute aliases are not resolved"
algorithm/hybrid/src/preprocess/canonicalize_pipeline.py,399,CanonicalizeProgressReporter.sessions_discovered,sessions_discovered,1,inference,low,"dynamic imports, external callers, and attribute aliases are not resolved"
algorithm/hybrid/src/preprocess/canonicalize_pipeline.py,431,CanonicalSessionProcessor.process_jobs,process_jobs,1,inference,low,"dynamic imports, external callers, and attribute aliases are not resolved"
algorithm/hybrid/src/preprocess/event_generation.py,125,build_event_generation_runtime,build_event_generation_runtime,1,inference,low,"dynamic imports, external callers, and attribute aliases are not resolved"
algorithm/hybrid/src/preprocess/groundedsam_build.py,729,build_groundedsam_runtime,build_groundedsam_runtime,1,inference,low,"dynamic imports, external callers, and attribute aliases are not resolved"
algorithm/hybrid/src/preprocess/groundedsam_eye_region_bbox.py,245,_GroundedSamEyeRegionRuntime.detect_eye_region_bbox,detect_eye_region_bbox,1,inference,low,"dynamic imports, external callers, and attribute aliases are not resolved"
algorithm/hybrid/src/preprocess/groundedsam_eye_region_bbox.py,277,export_groundedsam_eye_region_bbox_overlays,export_groundedsam_eye_region_bbox_overlays,0,inference,low,"dynamic imports, external callers, and attribute aliases are not resolved"
algorithm/hybrid/src/preprocess/groundedsam_pipeline.py,61,GroundedSamRuntimeFactory.build_config,build_config,1,inference,low,"dynamic imports, external callers, and attribute aliases are not resolved"
algorithm/hybrid/src/preprocess/groundedsam_pipeline.py,127,GroundedSamRuntimeFactory.build_from_config,build_from_config,1,inference,low,"dynamic imports, external callers, and attribute aliases are not resolved"
algorithm/hybrid/src/preprocess/groundedsam_pipeline.py,243,GroundedSamSummaryWriter.write_shard_outputs,write_shard_outputs,1,inference,low,"dynamic imports, external callers, and attribute aliases are not resolved"
algorithm/hybrid/src/preprocess/groundedsam_pipeline.py,256,GroundedSamSummaryWriter.aggregate_shards,aggregate_shards,1,inference,low,"dynamic imports, external callers, and attribute aliases are not resolved"
algorithm/hybrid/src/preprocess/interpolation.py,381,interpolate_timelens,interpolate_timelens,1,inference,low,"dynamic imports, external callers, and attribute aliases are not resolved"
algorithm/hybrid/src/preprocess/io_utils.py,91,EyeRegion.to_box,to_box,1,inference,low,"dynamic imports, external callers, and attribute aliases are not resolved"
algorithm/hybrid/src/preprocess/io_utils.py,183,discover_events_dir,discover_events_dir,1,inference,low,"dynamic imports, external callers, and attribute aliases are not resolved"
algorithm/hybrid/src/preprocess/io_utils.py,192,find_event_file,find_event_file,1,inference,low,"dynamic imports, external callers, and attribute aliases are not resolved"
algorithm/hybrid/src/preprocess/io_utils.py,209,find_annotation_csv,find_annotation_csv,1,inference,low,"dynamic imports, external callers, and attribute aliases are not resolved"
algorithm/hybrid/src/preprocess/io_utils.py,264,scan_dataset_layout,scan_dataset_layout,1,inference,low,"dynamic imports, external callers, and attribute aliases are not resolved"
algorithm/hybrid/src/preprocess/io_utils.py,299,save_events_npz,save_events_npz,1,inference,low,"dynamic imports, external callers, and attribute aliases are not resolved"
algorithm/hybrid/src/preprocess/path_utils.py,62,load_paths_config,load_paths_config,1,inference,low,"dynamic imports, external callers, and attribute aliases are not resolved"
algorithm/hybrid/src/preprocess/path_utils.py,72,save_example_paths_config,save_example_paths_config,0,inference,low,"dynamic imports, external callers, and attribute aliases are not resolved"
algorithm/hybrid/src/preprocess/raw_ellipse_blink.py,414,export_raw_ellipse_blink_candidates,export_raw_ellipse_blink_candidates,0,inference,low,"dynamic imports, external callers, and attribute aliases are not resolved"
algorithm/hybrid/src/preprocess/relocate_dataset.py,116,relocate_dataset,relocate_dataset,1,inference,low,"dynamic imports, external callers, and attribute aliases are not resolved"
algorithm/hybrid/src/preprocess/session_package.py,6,build_session_package,build_session_package,1,inference,low,"dynamic imports, external callers, and attribute aliases are not resolved"
algorithm/hybrid/src/preprocess/target_fps_build.py,65,normalize_target_fps_tag,normalize_target_fps_tag,1,inference,low,"dynamic imports, external callers, and attribute aliases are not resolved"
algorithm/hybrid/src/preprocess/target_fps_build.py,84,normalize_session_code_filter,normalize_session_code_filter,1,inference,low,"dynamic imports, external callers, and attribute aliases are not resolved"
algorithm/hybrid/src/preprocess/target_fps_build.py,277,build_target_event_packets,build_target_event_packets,1,inference,low,"dynamic imports, external callers, and attribute aliases are not resolved"
algorithm/hybrid/src/preprocess/target_fps_build.py,1019,materialize_target_fps_session,materialize_target_fps_session,1,inference,low,"dynamic imports, external callers, and attribute aliases are not resolved"
algorithm/hybrid/src/preprocess/timelens_xl_finetune.py,245,export_timelens_xl_finetune_dataset,export_timelens_xl_finetune_dataset,1,inference,low,"dynamic imports, external callers, and attribute aliases are not resolved"
algorithm/hybrid/src/preprocess/timelens_xl_finetune.py,436,register_hbtxr_timelens_xl_param,register_hbtxr_timelens_xl_param,1,inference,low,"dynamic imports, external callers, and attribute aliases are not resolved"
algorithm/hybrid/src/preprocess/timelens_xl_finetune.py,565,launch_timelens_xl_finetune,launch_timelens_xl_finetune,0,inference,low,"dynamic imports, external callers, and attribute aliases are not resolved"
algorithm/hybrid/src/preprocess/timelens_xl_finetune.py,719,default_timelens_xl_dataset_root,default_timelens_xl_dataset_root,0,inference,low,"dynamic imports, external callers, and attribute aliases are not resolved"
algorithm/hybrid/src/preprocess/timelens_xl_finetune.py,723,default_timelens_xl_runs_root,default_timelens_xl_runs_root,0,inference,low,"dynamic imports, external callers, and attribute aliases are not resolved"
algorithm/hybrid/src/preprocess/v2e_experiment.py,106,compare_target_fps_roots,compare_target_fps_roots,1,inference,low,"dynamic imports, external callers, and attribute aliases are not resolved"
algorithm/hybrid/src/reproduction.py,40,collect_missing_artifacts,collect_missing_artifacts,1,inference,low,"dynamic imports, external callers, and attribute aliases are not resolved"
algorithm/hybrid/src/reproduction.py,53,paper_targets,paper_targets,1,inference,low,"dynamic imports, external callers, and attribute aliases are not resolved"
algorithm/hybrid/src/reproduction.py,57,build_reproduction_manifest,build_reproduction_manifest,1,inference,low,"dynamic imports, external callers, and attribute aliases are not resolved"
algorithm/hybrid/src/reproduction.py,83,write_reproduction_manifest,write_reproduction_manifest,1,inference,low,"dynamic imports, external callers, and attribute aliases are not resolved"
algorithm/hybrid/src/runtime/similarity.py,6,ellipse_similarity,ellipse_similarity,1,inference,low,"dynamic imports, external callers, and attribute aliases are not resolved"
algorithm/hybrid/src/runtime/tracker.py,23,RuntimeHBTXRTracker.reset,reset,1,inference,low,"dynamic imports, external callers, and attribute aliases are not resolved"
algorithm/hybrid/src/training/checkpoints.py,14,save_checkpoint,save_checkpoint,0,inference,low,"dynamic imports, external callers, and attribute aliases are not resolved"
algorithm/hybrid/src/training/checkpoints.py,42,save_teacher_checkpoint,save_teacher_checkpoint,0,inference,low,"dynamic imports, external callers, and attribute aliases are not resolved"
algorithm/hybrid/src/training/checkpoints.py,60,flatten_best_checkpoints_from_state,flatten_best_checkpoints_from_state,1,inference,low,"dynamic imports, external callers, and attribute aliases are not resolved"
algorithm/hybrid/src/training/checkpoints.py,79,slice_tensor_to_shape,slice_tensor_to_shape,1,inference,low,"dynamic imports, external callers, and attribute aliases are not resolved"
algorithm/hybrid/src/training/model_factory.py,105,create_teacher_model,create_teacher_model,0,inference,low,"dynamic imports, external callers, and attribute aliases are not resolved"
algorithm/hybrid/src/training/step_runner.py,118,EpochRunResult.averages,averages,1,inference,low,"dynamic imports, external callers, and attribute aliases are not resolved"
algorithm/hybrid/src/training/teacher.py,7,ema_update,ema_update,0,inference,low,"dynamic imports, external callers, and attribute aliases are not resolved"
algorithm/hybrid/src/training/trainer.py,103,_ConsoleLogger.maybe_warn_missing_tqdm,maybe_warn_missing_tqdm,1,inference,low,"dynamic imports, external callers, and attribute aliases are not resolved"
algorithm/hybrid/src/training/trainer.py,109,_ConsoleLogger.start_run,start_run,1,inference,low,"dynamic imports, external callers, and attribute aliases are not resolved"
algorithm/hybrid/src/training/trainer.py,188,_ConsoleLogger.close_epoch,close_epoch,1,inference,low,"dynamic imports, external callers, and attribute aliases are not resolved"
algorithm/hybrid/src/training/trainer.py,193,_ConsoleLogger.epoch_summary,epoch_summary,1,inference,low,"dynamic imports, external callers, and attribute aliases are not resolved"
algorithm/hybrid/src/training/trainer.py,346,set_seed,set_seed,1,inference,low,"dynamic imports, external callers, and attribute aliases are not resolved"
algorithm/hybrid/src/utils/cache.py,22,build_cache_file,build_cache_file,1,inference,low,"dynamic imports, external callers, and attribute aliases are not resolved"
algorithm/hybrid/src/utils/cache.py,27,load_or_build_npz_array,load_or_build_npz_array,1,inference,low,"dynamic imports, external callers, and attribute aliases are not resolved"
algorithm/hybrid/src/utils/component_registry.py,6,component_spec,component_spec,1,inference,low,"dynamic imports, external callers, and attribute aliases are not resolved"
algorithm/hybrid/src/utils/external_packages.py,27,default_third_root,default_third_root,1,inference,low,"dynamic imports, external callers, and attribute aliases are not resolved"
algorithm/hybrid/src/utils/external_packages.py,217,merge_package_specs,merge_package_specs,1,inference,low,"dynamic imports, external callers, and attribute aliases are not resolved"
algorithm/hybrid/src/utils/external_packages.py,227,filter_package_specs,filter_package_specs,1,inference,low,"dynamic imports, external callers, and attribute aliases are not resolved"
algorithm/hybrid/src/utils/external_packages.py,259,build_update_commands,build_update_commands,1,inference,low,"dynamic imports, external callers, and attribute aliases are not resolved"
algorithm/hybrid/src/utils/state6.py,40,xyabuv_to_xywht,xyabuv_to_xywht,1,inference,low,"dynamic imports, external callers, and attribute aliases are not resolved"
algorithm/hybrid/src/utils/state6.py,49,legacy_track_delta_to_uv,legacy_track_delta_to_uv,1,inference,low,"dynamic imports, external callers, and attribute aliases are not resolved"
hardware/pynq/hgtxr/run_e2e_axis_dma_hybrid_smoke.py,90,mode_sequence,mode_sequence,1,inference,low,"dynamic imports, external callers, and attribute aliases are not resolved"
hardware/pynq/hgtxr/run_e2e_axis_dma_hybrid_smoke.py,170,run_hybrid_smoke,run_hybrid_smoke,1,inference,low,"dynamic imports, external callers, and attribute aliases are not resolved"
hardware/scripts/report/collect_no_board_reports.py,143,csim_log_for,csim_log_for,1,inference,low,"dynamic imports, external callers, and attribute aliases are not resolved"
hardware/scripts/report/collect_no_board_reports.py,156,parse_hls_xml,parse_hls_xml,1,inference,low,"dynamic imports, external callers, and attribute aliases are not resolved"
hardware/scripts/report/collect_no_board_reports.py,226,collect_reports,collect_reports,1,inference,low,"dynamic imports, external callers, and attribute aliases are not resolved"
hardware/scripts/report/collect_no_board_reports.py,270,p0_violations,p0_violations,1,inference,low,"dynamic imports, external callers, and attribute aliases are not resolved"
hardware/tools/check_final_blocker_closure_readiness.py,32,check_c3b_smoke,check_c3b_smoke,1,inference,low,"dynamic imports, external callers, and attribute aliases are not resolved"
hardware/tools/check_final_blocker_closure_readiness.py,116,summarize_pynq_discovery,summarize_pynq_discovery,1,inference,low,"dynamic imports, external callers, and attribute aliases are not resolved"
hardware/tools/check_final_blocker_closure_readiness.py,130,build_pynq_discovery_summary,build_pynq_discovery_summary,1,inference,low,"dynamic imports, external callers, and attribute aliases are not resolved"
hardware/tools/check_final_blocker_closure_readiness.py,185,build_c3b_import_template,build_c3b_import_template,1,inference,low,"dynamic imports, external callers, and attribute aliases are not resolved"
hardware/tools/check_final_blocker_closure_readiness.py,195,build_xr_vits_policy_template,build_xr_vits_policy_template,1,inference,low,"dynamic imports, external callers, and attribute aliases are not resolved"
hardware/tools/check_final_blocker_closure_readiness.py,207,build_operator_unblock_plan,build_operator_unblock_plan,1,inference,low,"dynamic imports, external callers, and attribute aliases are not resolved"
hardware/tools/check_hls_axis_payload_contract.py,24,project_root_for_profile,project_root_for_profile,1,inference,low,"dynamic imports, external callers, and attribute aliases are not resolved"
hardware/tools/check_hls_axis_payload_contract.py,67,tv_payload_summary,tv_payload_summary,1,inference,low,"dynamic imports, external callers, and attribute aliases are not resolved"
hardware/tools/check_hls_axis_payload_contract.py,113,rtl_structural_summary,rtl_structural_summary,1,inference,low,"dynamic imports, external callers, and attribute aliases are not resolved"
hardware/tools/check_hls_axis_payload_contract.py,173,interpretation_for_status,interpretation_for_status,1,inference,low,"dynamic imports, external callers, and attribute aliases are not resolved"
hardware/tools/check_hls_xsimk_direct_probe.py,52,xsimk_for_sim_root,xsimk_for_sim_root,1,inference,low,"dynamic imports, external callers, and attribute aliases are not resolved"
hardware/tools/check_hls_xsimk_direct_probe.py,69,compare_tv_outputs,compare_tv_outputs,1,inference,low,"dynamic imports, external callers, and attribute aliases are not resolved"
hardware/tools/check_hls_xsimk_direct_probe.py,142,classify_probe,classify_probe,1,inference,low,"dynamic imports, external callers, and attribute aliases are not resolved"
hardware/tools/check_hls_xsimk_progress_probe.py,60,patch_progress_timeout,patch_progress_timeout,1,inference,low,"dynamic imports, external callers, and attribute aliases are not resolved"
hardware/tools/check_hls_xsimk_progress_probe.py,68,prepare_workdir,prepare_workdir,1,inference,low,"dynamic imports, external callers, and attribute aliases are not resolved"
hardware/tools/check_runtime_mode_board_latency_gate.py,92,case_status,case_status,1,inference,low,"dynamic imports, external callers, and attribute aliases are not resolved"
hardware/tools/check_third_goal_preflight.py,39,xr_vits_candidate_detail,xr_vits_candidate_detail,1,inference,low,"dynamic imports, external callers, and attribute aliases are not resolved"
hardware/tools/check_third_goal_preflight.py,62,check_xr_vits_reference,check_xr_vits_reference,1,inference,low,"dynamic imports, external callers, and attribute aliases are not resolved"
hardware/tools/check_third_goal_preflight.py,164,macro_check,macro_check,1,inference,low,"dynamic imports, external callers, and attribute aliases are not resolved"
hardware/tools/check_third_goal_preflight.py,193,resolve_manifest_binary,resolve_manifest_binary,1,inference,low,"dynamic imports, external callers, and attribute aliases are not resolved"
hardware/tools/check_third_goal_preflight.py,205,q4_raw_from_file,q4_raw_from_file,1,inference,low,"dynamic imports, external callers, and attribute aliases are not resolved"
hardware/tools/check_third_goal_preflight.py,220,tail_zero,tail_zero,1,inference,low,"dynamic imports, external callers, and attribute aliases are not resolved"
hardware/tools/check_third_goal_preflight.py,232,check_generated_artifacts,check_generated_artifacts,1,inference,low,"dynamic imports, external callers, and attribute aliases are not resolved"
hardware/tools/check_third_goal_preflight.py,283,check_board_flow_mismatch,check_board_flow_mismatch,1,inference,low,"dynamic imports, external callers, and attribute aliases are not resolved"
hardware/tools/check_third_goal_preflight.py,334,check_pynq_overlay_artifacts,check_pynq_overlay_artifacts,1,inference,low,"dynamic imports, external callers, and attribute aliases are not resolved"
hardware/tools/check_third_goal_preflight.py,458,check_e2e_weight_artifacts,check_e2e_weight_artifacts,1,inference,low,"dynamic imports, external callers, and attribute aliases are not resolved"
hardware/tools/check_third_goal_preflight.py,610,check_c3b_axis_dma_smoke_bundle,check_c3b_axis_dma_smoke_bundle,1,inference,low,"dynamic imports, external callers, and attribute aliases are not resolved"
hardware/tools/check_third_goal_preflight.py,706,check_c3b_smoke_session,check_c3b_smoke_session,1,inference,low,"dynamic imports, external callers, and attribute aliases are not resolved"
hardware/tools/check_third_goal_preflight.py,817,check_vref_successor_smoke_bundle,check_vref_successor_smoke_bundle,1,inference,low,"dynamic imports, external callers, and attribute aliases are not resolved"
hardware/tools/check_third_goal_preflight.py,1054,check_c3b_physical_smoke_result,check_c3b_physical_smoke_result,1,inference,low,"dynamic imports, external callers, and attribute aliases are not resolved"
hardware/tools/check_third_goal_preflight.py,1201,check_smoke_candidate_discovery,check_smoke_candidate_discovery,1,inference,low,"dynamic imports, external callers, and attribute aliases are not resolved"
hardware/tools/check_xr_vits_reference_resolution.py,23,check_exact,check_exact,1,inference,low,"dynamic imports, external callers, and attribute aliases are not resolved"
hardware/tools/check_xr_vits_reference_resolution.py,34,check_candidate_audit,check_candidate_audit,1,inference,low,"dynamic imports, external callers, and attribute aliases are not resolved"
hardware/tools/check_xsim_snapshot_smoke.py,70,run_command_with_input,run_command_with_input,0,inference,low,"dynamic imports, external callers, and attribute aliases are not resolved"
hardware/tools/create_xr_vits_replacement_policy.py,65,approver_is_placeholder,approver_is_placeholder,1,inference,low,"dynamic imports, external callers, and attribute aliases are not resolved"
hardware/tools/create_xr_vits_replacement_policy.py,81,canonical_json_bytes,canonical_json_bytes,1,inference,low,"dynamic imports, external callers, and attribute aliases are not resolved"
hardware/tools/create_xr_vits_replacement_policy.py,93,candidate_audit_meta,candidate_audit_meta,1,inference,low,"dynamic imports, external callers, and attribute aliases are not resolved"
hardware/tools/create_xr_vits_replacement_policy.py,121,policy_fingerprint_payload,policy_fingerprint_payload,1,inference,low,"dynamic imports, external callers, and attribute aliases are not resolved"
hardware/tools/create_xr_vits_replacement_policy.py,129,add_policy_integrity_fields,add_policy_integrity_fields,1,inference,low,"dynamic imports, external callers, and attribute aliases are not resolved"
hardware/tools/create_xr_vits_replacement_policy.py,168,validate_approval_event,validate_approval_event,1,inference,low,"dynamic imports, external callers, and attribute aliases are not resolved"
hardware/tools/create_xr_vits_replacement_policy.py,199,resolve_candidate_audit_path,resolve_candidate_audit_path,1,inference,low,"dynamic imports, external callers, and attribute aliases are not resolved"
hardware/tools/create_xr_vits_replacement_policy.py,361,preview_payload,preview_payload,1,inference,low,"dynamic imports, external callers, and attribute aliases are not resolved"
hardware/tools/create_xr_vits_replacement_policy.py,386,render_preview_markdown,render_preview_markdown,1,inference,low,"dynamic imports, external callers, and attribute aliases are not resolved"
hardware/tools/create_xr_vits_replacement_policy.py,429,write_preview_outputs,write_preview_outputs,1,inference,low,"dynamic imports, external callers, and attribute aliases are not resolved"
hardware/tools/diagnose_hls_cosim_xsim.py,45,extract_verilog_status,extract_verilog_status,1,inference,low,"dynamic imports, external callers, and attribute aliases are not resolved"
hardware/tools/diagnose_hls_cosim_xsim.py,55,extract_estimated_fmax,extract_estimated_fmax,1,inference,low,"dynamic imports, external callers, and attribute aliases are not resolved"
hardware/tools/diagnose_hls_cosim_xsim.py,62,build_diagnosis,build_diagnosis,1,inference,low,"dynamic imports, external callers, and attribute aliases are not resolved"
hardware/tools/export_s2_pytorch_golden.py,45,torch_independent_outputs,torch_independent_outputs,1,inference,low,"dynamic imports, external callers, and attribute aliases are not resolved"
hardware/tools/export_s2_pytorch_golden.py,57,torch_sequential_outputs,torch_sequential_outputs,1,inference,low,"dynamic imports, external callers, and attribute aliases are not resolved"
hardware/tools/export_s2_pytorch_golden.py,68,s2_approx_outputs,s2_approx_outputs,1,inference,low,"dynamic imports, external callers, and attribute aliases are not resolved"
hardware/tools/export_s2_pytorch_golden.py,143,save_outputs,save_outputs,1,inference,low,"dynamic imports, external callers, and attribute aliases are not resolved"
hardware/tools/extract_resource_metrics.py,39,iter_report_files,iter_report_files,1,inference,low,"dynamic imports, external callers, and attribute aliases are not resolved"
hardware/tools/extract_resource_metrics.py,45,extract_file,extract_file,1,inference,low,"dynamic imports, external callers, and attribute aliases are not resolved"
hardware/tools/gen_cleanup_dry_run_2026_06_09.py,35,mtime,mtime,1,inference,low,"dynamic imports, external callers, and attribute aliases are not resolved"
hardware/tools/hgtxr_sweep_expand.py,57,parse_minimal_yaml,parse_minimal_yaml,1,inference,low,"dynamic imports, external callers, and attribute aliases are not resolved"
hardware/tools/hgtxr_sweep_expand.py,95,flatten_parameter_map,flatten_parameter_map,1,inference,low,"dynamic imports, external callers, and attribute aliases are not resolved"
hardware/tools/hgtxr_sweep_expand.py,111,macro_name,macro_name,1,inference,low,"dynamic imports, external callers, and attribute aliases are not resolved"
hardware/tools/hgtxr_sweep_expand.py,115,stable_hash,stable_hash,1,inference,low,"dynamic imports, external callers, and attribute aliases are not resolved"
hardware/tools/hgtxr_sweep_expand.py,120,render_defines,render_defines,1,inference,low,"dynamic imports, external callers, and attribute aliases are not resolved"
hardware/tools/package_e2e_axis_dma_pynq_bundle.py,189,result_json_name,result_json_name,1,inference,low,"dynamic imports, external callers, and attribute aliases are not resolved"
hardware/tools/package_e2e_axis_dma_pynq_bundle.py,193,validation_json_name,validation_json_name,1,inference,low,"dynamic imports, external callers, and attribute aliases are not resolved"
hardware/tools/package_e2e_axis_dma_pynq_bundle.py,197,validation_preset,validation_preset,1,inference,low,"dynamic imports, external callers, and attribute aliases are not resolved"
hardware/tools/package_e2e_axis_dma_pynq_bundle.py,251,artifact_files,artifact_files,1,inference,low,"dynamic imports, external callers, and attribute aliases are not resolved"
hardware/tools/prepare_zcu104_smoke_session.py,29,validation_name,validation_name,1,inference,low,"dynamic imports, external callers, and attribute aliases are not resolved"
hardware/tools/prepare_zcu104_smoke_session.py,33,run_script_name,run_script_name,1,inference,low,"dynamic imports, external callers, and attribute aliases are not resolved"
hardware/tools/prepare_zcu104_smoke_session.py,41,host_copyback_steps,host_copyback_steps,1,inference,low,"dynamic imports, external callers, and attribute aliases are not resolved"
hardware/tools/repair_hls_to_pynq.py,28,patch_tcl,patch_tcl,1,inference,low,"dynamic imports, external callers, and attribute aliases are not resolved"
hardware/tools/repair_hls_to_pynq.py,63,copy_artifacts,copy_artifacts,1,inference,low,"dynamic imports, external callers, and attribute aliases are not resolved"
hardware/tools/repair_hls_to_pynq.py,97,print_smoke_commands,print_smoke_commands,1,inference,low,"dynamic imports, external callers, and attribute aliases are not resolved"
hardware/tools/run_runtime_mode_board_latency.py,53,build_host_preflight,build_host_preflight,1,inference,low,"dynamic imports, external callers, and attribute aliases are not resolved"
hardware/tools/run_runtime_mode_board_latency.py,152,render_combined_markdown,render_combined_markdown,1,inference,low,"dynamic imports, external callers, and attribute aliases are not resolved"
hardware/tools/run_third_goal_final_signoff.py,399,run_preflight,run_preflight,1,inference,low,"dynamic imports, external callers, and attribute aliases are not resolved"
hardware/tools/run_third_goal_final_signoff.py,513,build_remaining_blocker_details,build_remaining_blocker_details,1,inference,low,"dynamic imports, external callers, and attribute aliases are not resolved"
hardware/tools/run_third_goal_final_signoff.py,1415,run_pipeline.run_completion_step,run_completion_step,1,inference,low,"dynamic imports, external callers, and attribute aliases are not resolved"
hardware/tools/run_third_goal_final_signoff.py,1523,run_pipeline.refresh_final_manifest_dependents,refresh_final_manifest_dependents,1,inference,low,"dynamic imports, external callers, and attribute aliases are not resolved"
hardware/tools/run_zcu104_c3b_smoke_remote.py,375,remote_target,remote_target,1,inference,low,"dynamic imports, external callers, and attribute aliases are not resolved"
hardware/tools/run_zcu104_c3b_smoke_remote.py,397,shell_join,shell_join,1,inference,low,"dynamic imports, external callers, and attribute aliases are not resolved"
hardware/tools/run_zcu104_c3b_smoke_remote.py,401,quote_remote_shell_path,quote_remote_shell_path,1,inference,low,"dynamic imports, external callers, and attribute aliases are not resolved"
hardware/tools/run_zcu104_c3b_smoke_remote.py,409,validate_local_inputs,validate_local_inputs,1,inference,low,"dynamic imports, external callers, and attribute aliases are not resolved"
hardware/tools/static_validate_hgtxr.py,372,check_axi_markers,check_axi_markers,1,inference,low,"dynamic imports, external callers, and attribute aliases are not resolved"
hardware/tools/static_validate_hgtxr.py,398,check_a1_axis_dma_markers,check_a1_axis_dma_markers,1,inference,low,"dynamic imports, external callers, and attribute aliases are not resolved"
hardware/tools/static_validate_hgtxr.py,408,check_c_par_isolation_markers,check_c_par_isolation_markers,1,inference,low,"dynamic imports, external callers, and attribute aliases are not resolved"
hardware/tools/static_validate_hgtxr.py,448,check_spec_kit_status,check_spec_kit_status,1,inference,low,"dynamic imports, external callers, and attribute aliases are not resolved"
hardware/tools/static_validate_hgtxr.py,460,check_tcl_patch,check_tcl_patch,1,inference,low,"dynamic imports, external callers, and attribute aliases are not resolved"
hardware/tools/validate_e2e_axis_vector.py,115,validate_entries,validate_entries,1,inference,low,"dynamic imports, external callers, and attribute aliases are not resolved"
hardware/tools/validate_e2e_axis_vector.py,182,frame_pixel,frame_pixel,1,inference,low,"dynamic imports, external callers, and attribute aliases are not resolved"
hardware/tools/validate_e2e_axis_vector.py,228,load_hgpipe_geluq_tables,load_hgpipe_geluq_tables,1,inference,low,"dynamic imports, external callers, and attribute aliases are not resolved"
hardware/tools/validate_e2e_axis_vector.py,241,load_hgpipe_softmax_tables,load_hgpipe_softmax_tables,1,inference,low,"dynamic imports, external callers, and attribute aliases are not resolved"
hardware/tools/validate_e2e_axis_vector.py,258,load_hgpipe_layernorm_tables,load_hgpipe_layernorm_tables,1,inference,low,"dynamic imports, external callers, and attribute aliases are not resolved"
hardware/tools/validate_e2e_axis_vector.py,274,gelu_with_math,gelu_with_math,1,inference,low,"dynamic imports, external callers, and attribute aliases are not resolved"
hardware/tools/validate_e2e_axis_vector.py,288,softmax_probs_with_math,softmax_probs_with_math,1,inference,low,"dynamic imports, external callers, and attribute aliases are not resolved"
hardware/tools/validate_e2e_axis_vector.py,353,build_weights,build_weights,1,inference,low,"dynamic imports, external callers, and attribute aliases are not resolved"
hardware/tools/validate_e2e_axis_vector.py,398,conv_patch_embedding,conv_patch_embedding,1,inference,low,"dynamic imports, external callers, and attribute aliases are not resolved"
hardware/tools/validate_e2e_axis_vector.py,418,compact_layernorm,compact_layernorm,1,inference,low,"dynamic imports, external callers, and attribute aliases are not resolved"
hardware/tools/validate_e2e_axis_vector.py,476,project_qkv,project_qkv,1,inference,low,"dynamic imports, external callers, and attribute aliases are not resolved"
hardware/tools/validate_e2e_axis_vector.py,488,attention_core,attention_core,1,inference,low,"dynamic imports, external callers, and attribute aliases are not resolved"
hardware/tools/validate_e2e_axis_vector.py,509,output_projection,output_projection,1,inference,low,"dynamic imports, external callers, and attribute aliases are not resolved"
hardware/tools/validate_e2e_axis_vector.py,516,mlp_unit,mlp_unit,1,inference,low,"dynamic imports, external callers, and attribute aliases are not resolved"
hardware/tools/validate_final_operator_handoff.py,230,evidence_manifest_contract,evidence_manifest_contract,1,inference,low,"dynamic imports, external callers, and attribute aliases are not resolved"
hardware/tools/validate_final_operator_handoff.py,245,load_evidence_manifest_contract,load_evidence_manifest_contract,1,inference,low,"dynamic imports, external callers, and attribute aliases are not resolved"
hardware/tools/validate_final_operator_handoff.py,325,intake_pending_blockers,intake_pending_blockers,1,inference,low,"dynamic imports, external callers, and attribute aliases are not resolved"
hardware/tools/validate_final_operator_handoff.py,336,intake_candidate_states,intake_candidate_states,1,inference,low,"dynamic imports, external callers, and attribute aliases are not resolved"
hardware/tools/validate_final_operator_handoff.py,357,handoff_candidate_states,handoff_candidate_states,1,inference,low,"dynamic imports, external callers, and attribute aliases are not resolved"
hardware/tools/validate_final_signoff_bundle.py,400,manifest_contract,manifest_contract,1,inference,low,"dynamic imports, external callers, and attribute aliases are not resolved"
hardware/tools/validate_final_signoff_bundle.py,415,manifest_artifact_ids,manifest_artifact_ids,1,inference,low,"dynamic imports, external callers, and attribute aliases are not resolved"
hardware/tools/validate_final_signoff_bundle.py,449,required_policy_fields_present,required_policy_fields_present,1,inference,low,"dynamic imports, external callers, and attribute aliases are not resolved"
hardware/tools/validate_final_unblock_closeout_packet.py,34,is_sha256,is_sha256,1,inference,low,"dynamic imports, external callers, and attribute aliases are not resolved"
hardware/tools/validate_final_unblock_closeout_packet.py,54,command_groups,command_groups,1,inference,low,"dynamic imports, external callers, and attribute aliases are not resolved"
hardware/tools/validate_hgpipe_lut_math.py,9,gelu_ref,gelu_ref,1,inference,low,"dynamic imports, external callers, and attribute aliases are not resolved"
hardware/tools/validate_hgpipe_lut_math.py,42,ap_int_range,ap_int_range,1,inference,low,"dynamic imports, external callers, and attribute aliases are not resolved"
hardware/tools/validate_hgpipe_lut_math.py,83,hgpipe_cursor_lut,hgpipe_cursor_lut,1,inference,low,"dynamic imports, external callers, and attribute aliases are not resolved"
hardware/tools/validate_hgpipe_lut_math.py,159,validate_softmax_refs,validate_softmax_refs,1,inference,low,"dynamic imports, external callers, and attribute aliases are not resolved"
hardware/tools/validate_hgpipe_lut_math.py,325,validate_layernorm_refs,validate_layernorm_refs,1,inference,low,"dynamic imports, external callers, and attribute aliases are not resolved"
hardware/tools/validate_pynq_bundle_package.py,314,sha256_tar_member,sha256_tar_member,1,inference,low,"dynamic imports, external callers, and attribute aliases are not resolved"
hardware/tools/validate_pynq_smoke_result.py,351,validate_hybrid_result,validate_hybrid_result,1,inference,low,"dynamic imports, external callers, and attribute aliases are not resolved"
hardware/tools/validate_s2_block_full.py,34,hard_sigmoid,hard_sigmoid,1,inference,low,"dynamic imports, external callers, and attribute aliases are not resolved"
hardware/tools/validate_s2_block_full.py,38,gelu_approx,gelu_approx,1,inference,low,"dynamic imports, external callers, and attribute aliases are not resolved"
hardware/tools/validate_s2_block_full.py,45,exp_approx_nonpos,exp_approx_nonpos,1,inference,low,"dynamic imports, external callers, and attribute aliases are not resolved"
hardware/tools/validate_s2_block_full.py,53,apply_score_scale,apply_score_scale,1,inference,low,"dynamic imports, external callers, and attribute aliases are not resolved"
hardware/tools/validate_s2_block_full.py,61,attention_approx,attention_approx,1,inference,low,"dynamic imports, external callers, and attribute aliases are not resolved"
hardware/tools/validate_s2_block_full.py,91,make_full_payload,make_full_payload,1,inference,low,"dynamic imports, external callers, and attribute aliases are not resolved"
hardware/tools/validate_s2_block_full.py,182,direct_qkv,direct_qkv,1,inference,low,"dynamic imports, external callers, and attribute aliases are not resolved"
hardware/tools/validate_s2_block_full.py,198,direct_matrices,direct_matrices,1,inference,low,"dynamic imports, external callers, and attribute aliases are not resolved"
hardware/tools/validate_s2_block_full.py,260,save_array,save_array,1,inference,low,"dynamic imports, external callers, and attribute aliases are not resolved"
hardware/tools/validate_s2_block_full.py,282,compare_expected_output,compare_expected_output,1,inference,low,"dynamic imports, external callers, and attribute aliases are not resolved"
hardware/tools/validate_s2_block_preln.py,15,piecewise_rsqrt,piecewise_rsqrt,1,inference,low,"dynamic imports, external callers, and attribute aliases are not resolved"
hardware/tools/write_c3b_physical_smoke_gate_audit.py,55,validate_canonical_validation,validate_canonical_validation,1,inference,low,"dynamic imports, external callers, and attribute aliases are not resolved"
hardware/tools/write_c3b_protection_checklist.py,22,resolve_roots,resolve_roots,1,inference,low,"dynamic imports, external callers, and attribute aliases are not resolved"
hardware/tools/write_c3b_protection_checklist.py,100,pending_if_missing,pending_if_missing,1,inference,low,"dynamic imports, external callers, and attribute aliases are not resolved"
hardware/tools/write_c3b_protection_checklist.py,104,parse_gate,parse_gate,1,inference,low,"dynamic imports, external callers, and attribute aliases are not resolved"
hardware/tools/write_c3b_protection_checklist.py,120,validate_smoke,validate_smoke,1,inference,low,"dynamic imports, external callers, and attribute aliases are not resolved"
hardware/tools/write_c3b_protection_checklist.py,133,validate_smoke_session,validate_smoke_session,1,inference,low,"dynamic imports, external callers, and attribute aliases are not resolved"
hardware/tools/write_e2e_resource_policy_audit.py,70,resolve_source_path,resolve_source_path,1,inference,low,"dynamic imports, external callers, and attribute aliases are not resolved"
hardware/tools/write_e2e_resource_policy_audit.py,79,resource_values_match,resource_values_match,1,inference,low,"dynamic imports, external callers, and attribute aliases are not resolved"
hardware/tools/write_final_evidence_manifest.py,178,json_status,json_status,1,inference,low,"dynamic imports, external callers, and attribute aliases are not resolved"
hardware/tools/write_final_evidence_manifest.py,219,artifact_source_date_tag,artifact_source_date_tag,1,inference,low,"dynamic imports, external callers, and attribute aliases are not resolved"
hardware/tools/write_final_evidence_manifest.py,242,resource_policy_artifact_set,resource_policy_artifact_set,1,inference,low,"dynamic imports, external callers, and attribute aliases are not resolved"
hardware/tools/write_final_evidence_manifest.py,457,add_final_runner_blocker_summary_checks,add_final_runner_blocker_summary_checks,1,inference,low,"dynamic imports, external callers, and attribute aliases are not resolved"
hardware/tools/write_final_signoff_audit.py,37,load_preflight,load_preflight,1,inference,low,"dynamic imports, external callers, and attribute aliases are not resolved"
hardware/tools/write_final_unblock_closeout_packet.py,62,build_vref_successor_gate,build_vref_successor_gate,1,inference,low,"dynamic imports, external callers, and attribute aliases are not resolved"
hardware/tools/write_final_unblock_closeout_packet.py,105,build_qkv_uram_successor_gate,build_qkv_uram_successor_gate,1,inference,low,"dynamic imports, external callers, and attribute aliases are not resolved"
hardware/tools/write_final_unblock_intake.py,98,build_blocker_status,build_blocker_status,1,inference,low,"dynamic imports, external callers, and attribute aliases are not resolved"
hardware/tools/write_final_unblock_intake.py,154,build_next_inputs,build_next_inputs,1,inference,low,"dynamic imports, external callers, and attribute aliases are not resolved"
hardware/tools/write_final_unblock_intake.py,167,shell_quote,shell_quote,1,inference,low,"dynamic imports, external callers, and attribute aliases are not resolved"
hardware/tools/write_final_unblock_intake.py,175,build_candidate_audit_command,build_candidate_audit_command,1,inference,low,"dynamic imports, external callers, and attribute aliases are not resolved"
hardware/tools/write_final_unblock_intake.py,209,next_action,next_action,1,inference,low,"dynamic imports, external callers, and attribute aliases are not resolved"
hardware/tools/write_hgpipe_operator_audit.py,108,matching_contracts,matching_contracts,1,inference,low,"dynamic imports, external callers, and attribute aliases are not resolved"
hardware/tools/write_hgpipe_operator_audit.py,128,parse_ap_int_range,parse_ap_int_range,1,inference,low,"dynamic imports, external callers, and attribute aliases are not resolved"
hardware/tools/write_hgpipe_operator_audit.py,168,build_property_checks,build_property_checks,1,inference,low,"dynamic imports, external callers, and attribute aliases are not resolved"
hardware/tools/write_patch32_dtok4_300_goal_status.py,208,parse_route,parse_route,1,inference,low,"dynamic imports, external callers, and attribute aliases are not resolved"
hardware/tools/write_prefetchall4_300_contract_audit.py,27,paths_for_profile,paths_for_profile,1,inference,low,"dynamic imports, external callers, and attribute aliases are not resolved"
hardware/tools/write_prefetchall4_300_contract_audit.py,42,file_exists,file_exists,1,inference,low,"dynamic imports, external callers, and attribute aliases are not resolved"
hardware/tools/write_prefetchall4_300_goal_status.py,158,parse_hls_latency,parse_hls_latency,1,inference,low,"dynamic imports, external callers, and attribute aliases are not resolved"
hardware/tools/write_prefetchall4_300_resource_breakdown.py,117,split_table_line,split_table_line,1,inference,low,"dynamic imports, external callers, and attribute aliases are not resolved"
hardware/tools/write_prefetchall4_300_resource_breakdown.py,137,parse_hierarchical_table,parse_hierarchical_table,1,inference,low,"dynamic imports, external callers, and attribute aliases are not resolved"
hardware/tools/write_prefetchall4_300_resource_breakdown.py,176,hierarchical_row_resources,hierarchical_row_resources,1,inference,low,"dynamic imports, external callers, and attribute aliases are not resolved"
hardware/tools/write_prefetchall4_300_resource_breakdown.py,206,find_hierarchical_block_row,find_hierarchical_block_row,1,inference,low,"dynamic imports, external callers, and attribute aliases are not resolved"
hardware/tools/write_prefetchall4_300_resource_breakdown.py,234,block_entry,block_entry,1,inference,low,"dynamic imports, external callers, and attribute aliases are not resolved"
hardware/tools/write_prefetchall4_300_resource_breakdown.py,245,hierarchical_block_entry,hierarchical_block_entry,1,inference,low,"dynamic imports, external callers, and attribute aliases are not resolved"
hardware/tools/write_prefetchall4_300_resource_breakdown.py,317,highest_pressure,highest_pressure,1,inference,low,"dynamic imports, external callers, and attribute aliases are not resolved"
hardware/tools/write_req1_environment_audit.py,33,parse_os_release,parse_os_release,1,inference,low,"dynamic imports, external callers, and attribute aliases are not resolved"
hardware/tools/write_req5_q4q8_swhw_match_audit.py,58,parse_csim_log,parse_csim_log,1,inference,low,"dynamic imports, external callers, and attribute aliases are not resolved"
hardware/tools/write_req5_q4q8_swhw_match_audit.py,87,manifest_checks,manifest_checks,1,inference,low,"dynamic imports, external callers, and attribute aliases are not resolved"
hardware/tools/write_req6_parameterization_audit.py,84,sweep_has_values,sweep_has_values,1,inference,low,"dynamic imports, external callers, and attribute aliases are not resolved"
hardware/tools/write_req6_parameterization_audit.py,93,load_yaml_object,load_yaml_object,1,inference,low,"dynamic imports, external callers, and attribute aliases are not resolved"
hardware/tools/write_req6_parameterization_audit.py,98,tcl_supports_par16_par32,tcl_supports_par16_par32,1,inference,low,"dynamic imports, external callers, and attribute aliases are not resolved"
hardware/tools/write_selected_path_execution_audit.py,22,load_matrix,load_matrix,1,inference,low,"dynamic imports, external callers, and attribute aliases are not resolved"
hardware/tools/write_selected_path_execution_audit.py,31,row_by_id,row_by_id,1,inference,low,"dynamic imports, external callers, and attribute aliases are not resolved"
hardware/tools/write_spec_plan_conformance_audit.py,59,contains_number_with_context,contains_number_with_context,1,inference,low,"dynamic imports, external callers, and attribute aliases are not resolved"
hardware/tools/write_spec_plan_conformance_audit.py,84,evidence_manifest_effectively_passes,evidence_manifest_effectively_passes,1,inference,low,"dynamic imports, external callers, and attribute aliases are not resolved"
hardware/tools/write_third_goal_completion_audit.py,30,check_map,check_map,1,inference,low,"dynamic imports, external callers, and attribute aliases are not resolved"
hardware/tools/write_third_goal_completion_audit.py,45,failed_names,failed_names,1,inference,low,"dynamic imports, external callers, and attribute aliases are not resolved"
hardware/tools/write_third_goal_completion_audit.py,53,failed_consistency_from_manifest,failed_consistency_from_manifest,1,inference,low,"dynamic imports, external callers, and attribute aliases are not resolved"
hardware/tools/write_third_goal_completion_audit.py,63,manifest_required_complete,manifest_required_complete,1,inference,low,"dynamic imports, external callers, and attribute aliases are not resolved"
hardware/tools/write_third_goal_completion_audit.py,98,item_by_id,item_by_id,1,inference,low,"dynamic imports, external callers, and attribute aliases are not resolved"
hardware/tools/write_third_goal_current_audit.py,90,vref_successor_summary,vref_successor_summary,1,inference,low,"dynamic imports, external callers, and attribute aliases are not resolved"
hardware/tools/write_third_goal_current_audit.py,122,qkv_uram_successor_summary,qkv_uram_successor_summary,1,inference,low,"dynamic imports, external callers, and attribute aliases are not resolved"
hardware/tools/write_third_goal_current_audit.py,189,smoke_candidate_discovery_summary,smoke_candidate_discovery_summary,1,inference,low,"dynamic imports, external callers, and attribute aliases are not resolved"
hardware/tools/write_third_goal_current_audit.py,207,source_audit_summary,source_audit_summary,1,inference,low,"dynamic imports, external callers, and attribute aliases are not resolved"
hardware/tools/write_third_goal_current_audit.py,222,final_signoff_runner_summary,final_signoff_runner_summary,1,inference,low,"dynamic imports, external callers, and attribute aliases are not resolved"
hardware/tools/write_third_goal_current_audit.py,251,final_blocker_closure_summary,final_blocker_closure_summary,1,inference,low,"dynamic imports, external callers, and attribute aliases are not resolved"
hardware/tools/write_third_goal_current_audit.py,279,final_unblock_intake_summary,final_unblock_intake_summary,1,inference,low,"dynamic imports, external callers, and attribute aliases are not resolved"
hardware/tools/write_third_goal_current_audit.py,315,final_unblock_commands_summary,final_unblock_commands_summary,1,inference,low,"dynamic imports, external callers, and attribute aliases are not resolved"
hardware/tools/write_third_goal_current_audit.py,355,final_unblock_candidate_audit_summary,final_unblock_candidate_audit_summary,1,inference,low,"dynamic imports, external callers, and attribute aliases are not resolved"
hardware/tools/write_third_goal_current_audit.py,390,final_operator_handoff_summary,final_operator_handoff_summary,1,inference,low,"dynamic imports, external callers, and attribute aliases are not resolved"
hardware/tools/write_third_goal_current_audit.py,444,final_operator_handoff_validation_summary,final_operator_handoff_validation_summary,1,inference,low,"dynamic imports, external callers, and attribute aliases are not resolved"
hardware/tools/write_third_goal_current_audit.py,508,xr_vits_unblock_packet_summary,xr_vits_unblock_packet_summary,1,inference,low,"dynamic imports, external callers, and attribute aliases are not resolved"
hardware/tools/write_third_goal_current_audit.py,538,hgpipe_operator_summary,hgpipe_operator_summary,1,inference,low,"dynamic imports, external callers, and attribute aliases are not resolved"
hardware/tools/write_third_goal_current_audit.py,562,xr_vits_gate_summary,xr_vits_gate_summary,1,inference,low,"dynamic imports, external callers, and attribute aliases are not resolved"
hardware/tools/write_third_goal_current_audit.py,583,c3b_smoke_gate_summary,c3b_smoke_gate_summary,1,inference,low,"dynamic imports, external callers, and attribute aliases are not resolved"
hardware/tools/write_third_goal_current_audit.py,610,req2_spec_subagent_summary,req2_spec_subagent_summary,1,inference,low,"dynamic imports, external callers, and attribute aliases are not resolved"
hardware/tools/write_third_goal_current_audit.py,625,req1_environment_summary,req1_environment_summary,1,inference,low,"dynamic imports, external callers, and attribute aliases are not resolved"
hardware/tools/write_third_goal_current_audit.py,642,req5_q4q8_swhw_summary,req5_q4q8_swhw_summary,1,inference,low,"dynamic imports, external callers, and attribute aliases are not resolved"
hardware/tools/write_third_goal_current_audit.py,664,req6_parameterization_summary,req6_parameterization_summary,1,inference,low,"dynamic imports, external callers, and attribute aliases are not resolved"
hardware/tools/write_third_goal_current_audit.py,684,req9_deit_image_summary,req9_deit_image_summary,1,inference,low,"dynamic imports, external callers, and attribute aliases are not resolved"
hardware/tools/write_third_goal_current_audit.py,711,evidence_paths,evidence_paths,1,inference,low,"dynamic imports, external callers, and attribute aliases are not resolved"
hardware/tools/write_third_goal_requirements_trace.py,31,index_completion_items,index_completion_items,1,inference,low,"dynamic imports, external callers, and attribute aliases are not resolved"
hardware/tools/write_third_goal_requirements_trace.py,38,pick_row,pick_row,1,inference,low,"dynamic imports, external callers, and attribute aliases are not resolved"
hardware/tools/write_third_goal_requirements_trace.py,48,resource_snapshot,resource_snapshot,1,inference,low,"dynamic imports, external callers, and attribute aliases are not resolved"
hardware/tools/write_third_goal_requirements_trace.py,69,candidate_audit_summary,candidate_audit_summary,1,inference,low,"dynamic imports, external callers, and attribute aliases are not resolved"
hardware/tools/write_third_goal_requirements_trace.py,110,xr_vits_resolution_summary,xr_vits_resolution_summary,1,inference,low,"dynamic imports, external callers, and attribute aliases are not resolved"
hardware/tools/write_third_goal_requirements_trace.py,163,evidence_manifest_contract_summary,evidence_manifest_contract_summary,1,inference,low,"dynamic imports, external callers, and attribute aliases are not resolved"
hardware/tools/write_third_goal_requirements_trace.py,201,unblock_actions,unblock_actions,1,inference,low,"dynamic imports, external callers, and attribute aliases are not resolved"
hardware/tools/write_third_goal_requirements_trace.py,247,option_commands_by_id,option_commands_by_id,1,inference,low,"dynamic imports, external callers, and attribute aliases are not resolved"
hardware/tools/write_third_goal_requirements_trace.py,269,blocker_resolution_conditions,blocker_resolution_conditions,1,inference,low,"dynamic imports, external callers, and attribute aliases are not resolved"
hardware/tools/write_third_goal_source_audit.py,45,first_heading,first_heading,1,inference,low,"dynamic imports, external callers, and attribute aliases are not resolved"
hardware/tools/write_third_goal_unblock_checklist.py,26,completion_blockers,completion_blockers,1,inference,low,"dynamic imports, external callers, and attribute aliases are not resolved"
hardware/tools/write_vref_p0_buffer_lifetime_audit.py,67,read_line,read_line,1,inference,low,"dynamic imports, external callers, and attribute aliases are not resolved"
hardware/tools/write_vref_p0_pot_scale_successor.py,59,hardware_root,hardware_root,1,inference,low,"dynamic imports, external callers, and attribute aliases are not resolved"
hardware/tools/write_vref_p0_pot_scale_successor.py,73,find_candidate,find_candidate,1,inference,low,"dynamic imports, external callers, and attribute aliases are not resolved"
hardware/tools/write_vref_p0_pot_scale_successor.py,84,custom_scale_flags,custom_scale_flags,1,inference,low,"dynamic imports, external callers, and attribute aliases are not resolved"
hardware/tools/write_vref_p0_pot_scale_successor.py,109,shell_command,shell_command,1,inference,low,"dynamic imports, external callers, and attribute aliases are not resolved"
hardware/tools/write_vref_p0_pot_scale_successor.py,128,hls_ld_library_prefix,hls_ld_library_prefix,1,inference,low,"dynamic imports, external callers, and attribute aliases are not resolved"
hardware/tools/write_vref_p0_pot_scale_successor.py,132,vivado_ld_library_prefix,vivado_ld_library_prefix,1,inference,low,"dynamic imports, external callers, and attribute aliases are not resolved"
hardware/tools/write_vref_p0_pot_scale_successor.py,150,overlay_names,overlay_names,1,inference,low,"dynamic imports, external callers, and attribute aliases are not resolved"
hardware/tools/write_vref_p0_pot_scale_successor.py,158,package_command,package_command,1,inference,low,"dynamic imports, external callers, and attribute aliases are not resolved"
hardware/tools/write_vref_p0_pot_scale_successor.py,168,vivado_overlay_command,vivado_overlay_command,1,inference,low,"dynamic imports, external callers, and attribute aliases are not resolved"
hardware/tools/write_vref_p0_pot_scale_successor.py,189,read_csim_result,read_csim_result,1,inference,low,"dynamic imports, external callers, and attribute aliases are not resolved"
hardware/tools/write_vref_p0_pot_scale_successor.py,239,xml_float,xml_float,1,inference,low,"dynamic imports, external callers, and attribute aliases are not resolved"
hardware/tools/write_vref_p0_pot_scale_successor.py,244,read_csynth_result,read_csynth_result,1,inference,low,"dynamic imports, external callers, and attribute aliases are not resolved"
hardware/tools/write_vref_p0_pot_scale_successor.py,287,read_ip_package_result,read_ip_package_result,1,inference,low,"dynamic imports, external callers, and attribute aliases are not resolved"
hardware/tools/write_vref_p0_pot_scale_successor.py,361,read_vivado_overlay_result,read_vivado_overlay_result,1,inference,low,"dynamic imports, external callers, and attribute aliases are not resolved"
hardware/tools/write_vref_p0_pot_scale_successor.py,426,successor_physical_smoke_candidates,successor_physical_smoke_candidates,1,inference,low,"dynamic imports, external callers, and attribute aliases are not resolved"
hardware/tools/write_vref_p0_pot_scale_successor.py,474,physical_smoke_check,physical_smoke_check,1,inference,low,"dynamic imports, external callers, and attribute aliases are not resolved"
hardware/tools/write_vref_p0_pot_scale_successor.py,564,build_resource_variant,build_resource_variant,1,inference,low,"dynamic imports, external callers, and attribute aliases are not resolved"
hardware/tools/write_vref_p0_pot_scale_successor.py,593,choose_recommended_variant,choose_recommended_variant,1,inference,low,"dynamic imports, external callers, and attribute aliases are not resolved"
hardware/tools/write_vref_p0_pot_scale_successor.py,598,choose_recommended_variant.sort_key,sort_key,1,inference,low,"dynamic imports, external callers, and attribute aliases are not resolved"
hardware/tools/write_vref_p0_pot_scale_sweep.py,37,candidate_profiles,candidate_profiles,1,inference,low,"dynamic imports, external callers, and attribute aliases are not resolved"
hardware/tools/write_vref_p0_pot_scale_sweep.py,84,score_candidate,score_candidate,1,inference,low,"dynamic imports, external callers, and attribute aliases are not resolved"
hardware/tools/write_vref_p0_pot_scale_sweep.py,127,evaluate_spec,evaluate_spec,1,inference,low,"dynamic imports, external callers, and attribute aliases are not resolved"
hardware/tools/write_vref_p0_qkv_uram_cache_successor.py,122,read_csim,read_csim,1,inference,low,"dynamic imports, external callers, and attribute aliases are not resolved"
hardware/tools/write_vref_p0_qkv_uram_cache_successor.py,175,qkv_package_command,qkv_package_command,1,inference,low,"dynamic imports, external callers, and attribute aliases are not resolved"
hardware/tools/write_vref_p0_qkv_uram_cache_successor.py,186,qkv_overlay_command,qkv_overlay_command,1,inference,low,"dynamic imports, external callers, and attribute aliases are not resolved"
hardware/tools/write_vref_p0_qkv_uram_cache_successor.py,200,read_ip_package_evidence,read_ip_package_evidence,1,inference,low,"dynamic imports, external callers, and attribute aliases are not resolved"
hardware/tools/write_vref_p0_qkv_uram_cache_successor.py,222,read_overlay_evidence,read_overlay_evidence,1,inference,low,"dynamic imports, external callers, and attribute aliases are not resolved"
hardware/tools/write_vref_p0_qkv_uram_cache_successor.py,283,read_physical_smoke_evidence,read_physical_smoke_evidence,1,inference,low,"dynamic imports, external callers, and attribute aliases are not resolved"
hardware/tools/write_vref_p0_qkv_uram_cache_successor.py,296,qkv_pynq_plumbing,qkv_pynq_plumbing,1,inference,low,"dynamic imports, external callers, and attribute aliases are not resolved"
hardware/tools/write_xr_vits_gate_audit.py,44,summarize_policy,summarize_policy,1,inference,low,"dynamic imports, external callers, and attribute aliases are not resolved"
hardware/tools/write_xr_vits_gate_audit.py,79,summarize_candidate_audit,summarize_candidate_audit,1,inference,low,"dynamic imports, external callers, and attribute aliases are not resolved"
hardware/tools/write_xr_vits_gate_audit.py,112,decision_options,decision_options,1,inference,low,"dynamic imports, external callers, and attribute aliases are not resolved"
quantization/src/api.py,128,HgPipeQuantizationPackage.verify_reference_kernels,verify_reference_kernels,0,inference,low,"dynamic imports, external callers, and attribute aliases are not resolved"
quantization/src/api.py,133,HgPipeQuantizationPackage.verify_torch_int_graph,verify_torch_int_graph,0,inference,low,"dynamic imports, external callers, and attribute aliases are not resolved"
quantization/src/api.py,138,HgPipeQuantizationPackage.verify_fakequant_graph,verify_fakequant_graph,0,inference,low,"dynamic imports, external callers, and attribute aliases are not resolved"
quantization/src/api.py,156,HgPipeQuantizationPackage.run_torch_int,run_torch_int,1,inference,low,"dynamic imports, external callers, and attribute aliases are not resolved"
quantization/src/api.py,168,HgPipeQuantizationPackage.run_fakequant_graph,run_fakequant_graph,1,inference,low,"dynamic imports, external callers, and attribute aliases are not resolved"
quantization/src/api.py,189,HgPipeQuantizationPackage.patch_input_from_image,patch_input_from_image,1,inference,low,"dynamic imports, external callers, and attribute aliases are not resolved"
quantization/src/api.py,244,HgPipeQuantizationPackage.trace_fakequant_graph,trace_fakequant_graph,0,inference,low,"dynamic imports, external callers, and attribute aliases are not resolved"
quantization/src/artifact_imagenet.py,85,write_artifact_image_batch_report,write_artifact_image_batch_report,1,inference,low,"dynamic imports, external callers, and attribute aliases are not resolved"
quantization/src/artifacts.py,79,metadata_for,metadata_for,1,inference,low,"dynamic imports, external callers, and attribute aliases are not resolved"
quantization/src/cli.py,29,default_source,default_source,1,inference,low,"dynamic imports, external callers, and attribute aliases are not resolved"
quantization/src/compare/traces.py,77,write_comparison_markdown,write_comparison_markdown,1,inference,low,"dynamic imports, external callers, and attribute aliases are not resolved"
quantization/src/completion_audit.py,326,write_completion_audit_markdown,write_completion_audit_markdown,1,inference,low,"dynamic imports, external callers, and attribute aliases are not resolved"
quantization/src/eval/fake_quant.py,37,quantize_model_weights,quantize_model_weights,1,inference,low,"dynamic imports, external callers, and attribute aliases are not resolved"
quantization/src/eval/fake_quant.py,49,activation_fake_quant_hooks,activation_fake_quant_hooks,1,inference,low,"dynamic imports, external callers, and attribute aliases are not resolved"
quantization/src/eval/fake_quant.py,69,precision_to_config,precision_to_config,1,inference,low,"dynamic imports, external callers, and attribute aliases are not resolved"
quantization/src/fake_quant/fx_insert.py,33,insert_output_fake_quantizers,insert_output_fake_quantizers,1,inference,low,"dynamic imports, external callers, and attribute aliases are not resolved"
quantization/src/graph.py,112,ArtifactGraphRunner.transpose_head_values,transpose_head_values,1,inference,low,"dynamic imports, external callers, and attribute aliases are not resolved"
quantization/src/graph.py,118,ArtifactGraphRunner.merge_heads,merge_heads,1,inference,low,"dynamic imports, external callers, and attribute aliases are not resolved"
quantization/src/input_bridge.py,81,estimate_symmetric_scale,estimate_symmetric_scale,1,inference,low,"dynamic imports, external callers, and attribute aliases are not resolved"
quantization/src/int_infer/kernels.py,37,static_matmul_tensor,static_matmul_tensor,1,inference,low,"dynamic imports, external callers, and attribute aliases are not resolved"
quantization/src/int_infer/kernels.py,42,dynamic_head_matmul_tensor,dynamic_head_matmul_tensor,1,inference,low,"dynamic imports, external callers, and attribute aliases are not resolved"
quantization/src/int_infer/kernels.py,54,transpose_head_values_tensor,transpose_head_values_tensor,1,inference,low,"dynamic imports, external callers, and attribute aliases are not resolved"
quantization/src/int_infer/kernels.py,60,merge_heads_tensor,merge_heads_tensor,1,inference,low,"dynamic imports, external callers, and attribute aliases are not resolved"
quantization/src/int_infer/kernels.py,65,residual_merge_tensor,residual_merge_tensor,1,inference,low,"dynamic imports, external callers, and attribute aliases are not resolved"
quantization/src/int_infer/kernels.py,70,layernorm_quantize_tensor,layernorm_quantize_tensor,1,inference,low,"dynamic imports, external callers, and attribute aliases are not resolved"
quantization/src/int_infer/kernels.py,89,softmax_quantize_tensor,softmax_quantize_tensor,1,inference,low,"dynamic imports, external callers, and attribute aliases are not resolved"
quantization/src/lut_calibration.py,119,gelu_tanh,gelu_tanh,1,inference,low,"dynamic imports, external callers, and attribute aliases are not resolved"
quantization/src/lut_calibration.py,472,write_hgpipe_txt_artifacts,write_hgpipe_txt_artifacts,1,inference,low,"dynamic imports, external callers, and attribute aliases are not resolved"
quantization/src/models/vision_transformer.py,192,build_vision_transformer,build_vision_transformer,1,inference,low,"dynamic imports, external callers, and attribute aliases are not resolved"
quantization/src/paper_equivalence.py,19,expected_artifact_imagenet_pairs,expected_artifact_imagenet_pairs,1,inference,low,"dynamic imports, external callers, and attribute aliases are not resolved"
quantization/src/paper_equivalence.py,38,validate_artifact_imagenet_report,validate_artifact_imagenet_report,1,inference,low,"dynamic imports, external callers, and attribute aliases are not resolved"
quantization/src/paper_equivalence.py,105,write_artifact_imagenet_validation_json,write_artifact_imagenet_validation_json,1,inference,low,"dynamic imports, external callers, and attribute aliases are not resolved"
quantization/src/paper_equivalence.py,110,write_artifact_imagenet_validation_markdown,write_artifact_imagenet_validation_markdown,1,inference,low,"dynamic imports, external callers, and attribute aliases are not resolved"
quantization/src/paper_equivalence.py,188,scan_paper_equivalence_assets,scan_paper_equivalence_assets,1,inference,low,"dynamic imports, external callers, and attribute aliases are not resolved"
quantization/src/paper_equivalence.py,212,write_paper_equivalence_assets_json,write_paper_equivalence_assets_json,1,inference,low,"dynamic imports, external callers, and attribute aliases are not resolved"
quantization/src/paper_equivalence.py,217,write_paper_equivalence_assets_markdown,write_paper_equivalence_assets_markdown,1,inference,low,"dynamic imports, external callers, and attribute aliases are not resolved"
quantization/src/quant_params.py,123,QuantParamStore.table_params,table_params,1,inference,low,"dynamic imports, external callers, and attribute aliases are not resolved"
quantization/src/quantization_scheme.py,144,quantize_nonlinear_lut,quantize_nonlinear_lut,1,inference,low,"dynamic imports, external callers, and attribute aliases are not resolved"
quantization/src/report.py,12,result_to_dict,result_to_dict,1,inference,low,"dynamic imports, external callers, and attribute aliases are not resolved"
