group_id,sha256,git_blob,bytes,zones,path,zone
1,012b92c82bd01734521d8b2483326ec74e750211ac82f0578d6ce5c8ee2107d3,62453401bafd158b3f48266f01497f34c2f63c02,221,maintained;reference,quantization/references/HG-PIPE-Quantization/src/compare/__init__.py,reference
1,012b92c82bd01734521d8b2483326ec74e750211ac82f0578d6ce5c8ee2107d3,62453401bafd158b3f48266f01497f34c2f63c02,221,maintained;reference,quantization/src/compare/__init__.py,maintained
1,012b92c82bd01734521d8b2483326ec74e750211ac82f0578d6ce5c8ee2107d3,62453401bafd158b3f48266f01497f34c2f63c02,221,maintained;reference,references/legacy-codebase/hardware/HGPIPE/HG-PIPE-Quantization/hgpipe_quantization/compare/__init__.py,reference
1,012b92c82bd01734521d8b2483326ec74e750211ac82f0578d6ce5c8ee2107d3,62453401bafd158b3f48266f01497f34c2f63c02,221,maintained;reference,references/legacy-codebase/impl/HG-PIPE-Quantization/hgpipe_quantization/compare/__init__.py,reference
2,0184cb02fad4179da30d76591f98b87d9013387195c63f90af49a42f5ad0e6cc,37c1ae25ec06786a3e88184a372b8470380bcd3a,3464,archive;test,algorithm/archive/imports/legacy_hybrid/tests/v3_legacy_reference/test_surface_split_v3.py,archive
2,0184cb02fad4179da30d76591f98b87d9013387195c63f90af49a42f5ad0e6cc,37c1ae25ec06786a3e88184a372b8470380bcd3a,3464,archive;test,algorithm/hybrid/tests/external_pipeline/test_surface_split.py,test
3,01ba4719c80b6fe911b091a7c05124b64eeece964e09c058ef8f9805daca546b,8b137891791fe96927ad78e64b0aad7bded08bdc,1,artifact;reference;vendor,algorithm/analysis/RESULTS/HBTXR-Frame-subjet_independent_imgsz64-epoch8/HBTXR-Frame-subjet_independent_imgsz64-epoch8_test_pseudolabel_noise.csv,artifact
3,01ba4719c80b6fe911b091a7c05124b64eeece964e09c058ef8f9805daca546b,8b137891791fe96927ad78e64b0aad7bded08bdc,1,artifact;reference;vendor,algorithm/analysis/RESULTS/HBTXR-Frame-subjet_independent_imgsz64-epoch8/HBTXR-Frame-subjet_independent_imgsz64-epoch8_test_pseudolabel_noise_stats.csv,artifact
3,01ba4719c80b6fe911b091a7c05124b64eeece964e09c058ef8f9805daca546b,8b137891791fe96927ad78e64b0aad7bded08bdc,1,artifact;reference;vendor,references/legacy-codebase/impl/FECET-HBTXR/data/_internal/canonical/.gitkeep,reference
3,01ba4719c80b6fe911b091a7c05124b64eeece964e09c058ef8f9805daca546b,8b137891791fe96927ad78e64b0aad7bded08bdc,1,artifact;reference;vendor,references/legacy-codebase/impl/FECET-HBTXR/data/_internal/manifests/.gitkeep,reference
3,01ba4719c80b6fe911b091a7c05124b64eeece964e09c058ef8f9805daca546b,8b137891791fe96927ad78e64b0aad7bded08bdc,1,artifact;reference;vendor,references/legacy-codebase/impl/FECET-HBTXR/data/splits/test/.gitkeep,reference
3,01ba4719c80b6fe911b091a7c05124b64eeece964e09c058ef8f9805daca546b,8b137891791fe96927ad78e64b0aad7bded08bdc,1,artifact;reference;vendor,references/legacy-codebase/impl/FECET-HBTXR/data/splits/train/.gitkeep,reference
3,01ba4719c80b6fe911b091a7c05124b64eeece964e09c058ef8f9805daca546b,8b137891791fe96927ad78e64b0aad7bded08bdc,1,artifact;reference;vendor,references/legacy-codebase/impl/FECET-HBTXR/data/splits/val/.gitkeep,reference
3,01ba4719c80b6fe911b091a7c05124b64eeece964e09c058ef8f9805daca546b,8b137891791fe96927ad78e64b0aad7bded08bdc,1,artifact;reference;vendor,references/legacy-codebase/impl/SWIFT-HBTXR/data/_internal/canonical/.gitkeep,reference
3,01ba4719c80b6fe911b091a7c05124b64eeece964e09c058ef8f9805daca546b,8b137891791fe96927ad78e64b0aad7bded08bdc,1,artifact;reference;vendor,references/legacy-codebase/impl/SWIFT-HBTXR/data/_internal/manifests/.gitkeep,reference
3,01ba4719c80b6fe911b091a7c05124b64eeece964e09c058ef8f9805daca546b,8b137891791fe96927ad78e64b0aad7bded08bdc,1,artifact;reference;vendor,references/legacy-codebase/impl/SWIFT-HBTXR/data/splits/test/.gitkeep,reference
3,01ba4719c80b6fe911b091a7c05124b64eeece964e09c058ef8f9805daca546b,8b137891791fe96927ad78e64b0aad7bded08bdc,1,artifact;reference;vendor,references/legacy-codebase/impl/SWIFT-HBTXR/data/splits/train/.gitkeep,reference
3,01ba4719c80b6fe911b091a7c05124b64eeece964e09c058ef8f9805daca546b,8b137891791fe96927ad78e64b0aad7bded08bdc,1,artifact;reference;vendor,references/legacy-codebase/impl/SWIFT-HBTXR/data/splits/val/.gitkeep,reference
3,01ba4719c80b6fe911b091a7c05124b64eeece964e09c058ef8f9805daca546b,8b137891791fe96927ad78e64b0aad7bded08bdc,1,artifact;reference;vendor,references/legacy-codebase/software/Swift-Eye/mmrotate/mmrotate.egg-info/dependency_links.txt,reference
3,01ba4719c80b6fe911b091a7c05124b64eeece964e09c058ef8f9805daca546b,8b137891791fe96927ad78e64b0aad7bded08bdc,1,artifact;reference;vendor,references/legacy-codebase/software/Swift-Eye/mmrotate/mmrotate.egg-info/not-zip-safe,reference
3,01ba4719c80b6fe911b091a7c05124b64eeece964e09c058ef8f9805daca546b,8b137891791fe96927ad78e64b0aad7bded08bdc,1,artifact;reference;vendor,third/SAM3-I/sam3/sam3.egg-info/dependency_links.txt,vendor
3,01ba4719c80b6fe911b091a7c05124b64eeece964e09c058ef8f9805daca546b,8b137891791fe96927ad78e64b0aad7bded08bdc,1,artifact;reference;vendor,third/TimeLens-XL/models/CBMNet/correlation_package/__init__.py,vendor
4,025fa3aefbbe9c3d2df4706486184a5b23bfd0ef55547244fb7869caf1e9c4c1,1f0b4d132278b9b012256c20080b33f79648a52d,6884,archive;reference,algorithm/archive/imports/fecet_hbtxr/tools/_config.py,archive
4,025fa3aefbbe9c3d2df4706486184a5b23bfd0ef55547244fb7869caf1e9c4c1,1f0b4d132278b9b012256c20080b33f79648a52d,6884,archive;reference,algorithm/archive/imports/swift_hbtxr/tools/_config.py,archive
4,025fa3aefbbe9c3d2df4706486184a5b23bfd0ef55547244fb7869caf1e9c4c1,1f0b4d132278b9b012256c20080b33f79648a52d,6884,archive;reference,references/legacy-codebase/impl/FECET-HBTXR/tools/_config.py,reference
4,025fa3aefbbe9c3d2df4706486184a5b23bfd0ef55547244fb7869caf1e9c4c1,1f0b4d132278b9b012256c20080b33f79648a52d,6884,archive;reference,references/legacy-codebase/impl/SWIFT-HBTXR/tools/_config.py,reference
5,0300442a0aee3a7a45fdfbb5be2850ba5fe5f4c28925e54790fa2a0a76036f2a,9ef128b29eee94602fbbe87532682876ea60f848,3461,maintained;reference,quantization/references/HG-PIPE-Quantization/src/artifact_imagenet.py,reference
5,0300442a0aee3a7a45fdfbb5be2850ba5fe5f4c28925e54790fa2a0a76036f2a,9ef128b29eee94602fbbe87532682876ea60f848,3461,maintained;reference,quantization/src/artifact_imagenet.py,maintained
5,0300442a0aee3a7a45fdfbb5be2850ba5fe5f4c28925e54790fa2a0a76036f2a,9ef128b29eee94602fbbe87532682876ea60f848,3461,maintained;reference,references/legacy-codebase/hardware/HGPIPE/HG-PIPE-Quantization/hgpipe_quantization/artifact_imagenet.py,reference
5,0300442a0aee3a7a45fdfbb5be2850ba5fe5f4c28925e54790fa2a0a76036f2a,9ef128b29eee94602fbbe87532682876ea60f848,3461,maintained;reference,references/legacy-codebase/impl/HG-PIPE-Quantization/hgpipe_quantization/artifact_imagenet.py,reference
6,03753f2b2a4c528178dd9dde9794d72e3486c314c43b4961bc4c8866baf7b205,476fbb11f694d45e7dfd3a3c17a21c06200c9d94,442,maintained;reference,algorithm/common/src/EvEye/utils/scripts/process_model_output.py,maintained
6,03753f2b2a4c528178dd9dde9794d72e3486c314c43b4961bc4c8866baf7b205,476fbb11f694d45e7dfd3a3c17a21c06200c9d94,442,maintained;reference,references/legacy-codebase/software/FACET/EvEye/utils/scripts/process_model_output.py,reference
7,03dc67373ca2c0df3cd1648ffff98ec5e5b4c660628bce1fa456e9256a332461,4eb76a36753505eeac3f03aaaa7d885d7d80ab10,1337,archive;reference,algorithm/archive/imports/fecet_hbtxr/tests/test_overlay_preview.py,archive
7,03dc67373ca2c0df3cd1648ffff98ec5e5b4c660628bce1fa456e9256a332461,4eb76a36753505eeac3f03aaaa7d885d7d80ab10,1337,archive;reference,references/legacy-codebase/impl/FECET-HBTXR/tests/test_overlay_preview.py,reference
8,04530e30a2461bba202cfda34397728c53e4da1ffdbea5d67eb806bf40b268e8,1b740c82ad7aa35d8b7e00acd251bf893e1fe1b4,163682,reference;test,algorithm/common/tests/facet/pupilTracker.ipynb,test
8,04530e30a2461bba202cfda34397728c53e4da1ffdbea5d67eb806bf40b268e8,1b740c82ad7aa35d8b7e00acd251bf893e1fe1b4,163682,reference;test,references/legacy-codebase/software/FACET/tests/pupilTracker.ipynb,reference
9,04c5467f4a27a3e23179d920cd591864e20b19fe8642eed6a02a9eb0937f487c,67a4b9cb41967796673d2d959e44bf11c32362ba,10454499,reference;vendor,references/legacy-codebase/software/EllSeg/weights/pupilnet.git_ok,reference
9,04c5467f4a27a3e23179d920cd591864e20b19fe8642eed6a02a9eb0937f487c,67a4b9cb41967796673d2d959e44bf11c32362ba,10454499,reference;vendor,third/EllSeg/weights/pupilnet.git_ok,vendor
9,04c5467f4a27a3e23179d920cd591864e20b19fe8642eed6a02a9eb0937f487c,67a4b9cb41967796673d2d959e44bf11c32362ba,10454499,reference;vendor,third/Pupil-Labs-Core-RITnet-Plugins/ritnet/Ellseg/weights/pupilnet.git_ok,vendor
10,04d3acd3b4d7160649e89e0f66f21a8e17952079e30d0437e7fe6bdde49244c0,4b93a2a0417fffbbf01341bad997071fe3321dd3,3046,reference;vendor,references/legacy-codebase/software/EllSeg/analysis/ellipse_tester.py,reference
10,04d3acd3b4d7160649e89e0f66f21a8e17952079e30d0437e7fe6bdde49244c0,4b93a2a0417fffbbf01341bad997071fe3321dd3,3046,reference;vendor,third/EllSeg/analysis/ellipse_tester.py,vendor
10,04d3acd3b4d7160649e89e0f66f21a8e17952079e30d0437e7fe6bdde49244c0,4b93a2a0417fffbbf01341bad997071fe3321dd3,3046,reference;vendor,third/Pupil-Labs-Core-RITnet-Plugins/ritnet/Ellseg/analysis/ellipse_tester.py,vendor
11,04f39605433e769fc1352d0eb55f81994ccf149f1bafcac041d014cab4ceefc1,2bc7897b8517e675bdffdf241dc0a45463ac273b,10454501,reference;vendor,references/legacy-codebase/software/EllSeg/weights/riteyes.git_ok,reference
11,04f39605433e769fc1352d0eb55f81994ccf149f1bafcac041d014cab4ceefc1,2bc7897b8517e675bdffdf241dc0a45463ac273b,10454501,reference;vendor,third/EllSeg/weights/riteyes.git_ok,vendor
11,04f39605433e769fc1352d0eb55f81994ccf149f1bafcac041d014cab4ceefc1,2bc7897b8517e675bdffdf241dc0a45463ac273b,10454501,reference;vendor,third/Pupil-Labs-Core-RITnet-Plugins/ritnet/Ellseg/weights/riteyes.git_ok,vendor
12,052973d567f6d829c05643e4e0699a26a5d398a1dc24ae9b89d048847ee29d42,c1e4e0ebf0ec18e26aeecbaac7a8cf3a962c3b66,656,archive;maintained,algorithm/archive/imports/legacy_hybrid/scripts/runtime/run_dataloader.sh,archive
12,052973d567f6d829c05643e4e0699a26a5d398a1dc24ae9b89d048847ee29d42,c1e4e0ebf0ec18e26aeecbaac7a8cf3a962c3b66,656,archive;maintained,algorithm/hybrid/scripts/external_pipeline/run_dataloader.sh,maintained
13,05b76ca00a2f423af190c18162ee34552450e427d5d693f6074040604fc8dab8,4007099f53082a0a92c100d08a4c1c8db9417788,223847,reference;test,algorithm/common/tests/facet/test.ipynb,test
13,05b76ca00a2f423af190c18162ee34552450e427d5d693f6074040604fc8dab8,4007099f53082a0a92c100d08a4c1c8db9417788,223847,reference;test,references/legacy-codebase/software/FACET/tests/test.ipynb,reference
14,063fb50ef68ffca36cb700c4e1f461d45ef3f5702bfb81a3d010d188a0663db3,513cde99a2c7b105ee8cd4710b7e682e5810b011,179,archive;reference,algorithm/archive/imports/fecet_hbtxr/scripts/facet_eval.sh,archive
14,063fb50ef68ffca36cb700c4e1f461d45ef3f5702bfb81a3d010d188a0663db3,513cde99a2c7b105ee8cd4710b7e682e5810b011,179,archive;reference,references/legacy-codebase/impl/FECET-HBTXR/scripts/facet_eval.sh,reference
15,072b84c42e44a13dc41296fce1916fed11a76ca81d94329922b611da5e2b2238,a2605c9b316f3dee0de1d9f5d11273c7b61ad474,796,artifact;reference,algorithm/analysis/RESULTS/Retina/layer_configs.yaml,artifact
15,072b84c42e44a13dc41296fce1916fed11a76ca81d94329922b611da5e2b2238,a2605c9b316f3dee0de1d9f5d11273c7b61ad474,796,artifact;reference,references/legacy-codebase/software/retina/runs_smoke/Retina_cudnn_on_smoke_20260630_185846/layer_configs.yaml,reference
15,072b84c42e44a13dc41296fce1916fed11a76ca81d94329922b611da5e2b2238,a2605c9b316f3dee0de1d9f5d11273c7b61ad474,796,artifact;reference,references/legacy-codebase/software/retina/runs_smoke/Retina_subject_independent_img64_smoke_20260630_085502/layer_configs.yaml,reference
15,072b84c42e44a13dc41296fce1916fed11a76ca81d94329922b611da5e2b2238,a2605c9b316f3dee0de1d9f5d11273c7b61ad474,796,artifact;reference,references/legacy-codebase/software/retina/runs_smoke/Retina_worker4_smoke_20260630_155359/layer_configs.yaml,reference
15,072b84c42e44a13dc41296fce1916fed11a76ca81d94329922b611da5e2b2238,a2605c9b316f3dee0de1d9f5d11273c7b61ad474,796,artifact;reference,references/legacy-codebase/software/retina/runs_smoke/Retina_worker4_smoke_20260630_155525/layer_configs.yaml,reference
15,072b84c42e44a13dc41296fce1916fed11a76ca81d94329922b611da5e2b2238,a2605c9b316f3dee0de1d9f5d11273c7b61ad474,796,artifact;reference,references/legacy-codebase/software/retina/runs_smoke/Retina_worker8_smoke_20260630_155556/layer_configs.yaml,reference
16,079f393a216ebb37e61e6f799077cf3be9e938f2a146a42d56166af7103a6a8d,df59ce7637653f9721a7546b20d2a4827a43c2f6,369,archive;reference,algorithm/archive/imports/swift_hbtxr/pyproject.toml,archive
16,079f393a216ebb37e61e6f799077cf3be9e938f2a146a42d56166af7103a6a8d,df59ce7637653f9721a7546b20d2a4827a43c2f6,369,archive;reference,references/legacy-codebase/impl/SWIFT-HBTXR/pyproject.toml,reference
17,08b05c81b15abe3cc50bf62686a3ff6ea60e4f96d084da441808411ca0b342e4,cbd42d806fb32386c5cd64df899ae537e1ba7e74,13088,archive;docs,algorithm/archive/imports/hgtxr/docs/hgtxr_project_docs/Software-Paper-Reproduction-Status-2026-06-10.md,archive
17,08b05c81b15abe3cc50bf62686a3ff6ea60e4f96d084da441808411ca0b342e4,cbd42d806fb32386c5cd64df899ae537e1ba7e74,13088,archive;docs,quantization/docs/hgtxr_context/Software-Paper-Reproduction-Status-2026-06-10.md,docs
18,0aa520556652a6d8cc7edb687d9bd751d2481bd938acaaca8536b3ab5559d79a,e25e8c76accf805262136fbe3d0546582dfe67dc,15281,maintained;reference,algorithm/common/src/EvEye/utils/cache/MemmapCacheStructedEvents.ipynb,maintained
18,0aa520556652a6d8cc7edb687d9bd751d2481bd938acaaca8536b3ab5559d79a,e25e8c76accf805262136fbe3d0546582dfe67dc,15281,maintained;reference,references/legacy-codebase/software/FACET/EvEye/utils/cache/MemmapCacheStructedEvents.ipynb,reference
19,0ad9e007ff0c58d376098ff77e9d2ee01c569950ff86e13ff12ab1a8589634c5,6efc304ab53d094f07c319405b6a3ea2068d283f,4367,maintained;reference,quantization/references/HG-PIPE-Quantization/src/ops.py,reference
19,0ad9e007ff0c58d376098ff77e9d2ee01c569950ff86e13ff12ab1a8589634c5,6efc304ab53d094f07c319405b6a3ea2068d283f,4367,maintained;reference,quantization/src/ops.py,maintained
19,0ad9e007ff0c58d376098ff77e9d2ee01c569950ff86e13ff12ab1a8589634c5,6efc304ab53d094f07c319405b6a3ea2068d283f,4367,maintained;reference,references/legacy-codebase/hardware/HGPIPE/HG-PIPE-Quantization/hgpipe_quantization/ops.py,reference
19,0ad9e007ff0c58d376098ff77e9d2ee01c569950ff86e13ff12ab1a8589634c5,6efc304ab53d094f07c319405b6a3ea2068d283f,4367,maintained;reference,references/legacy-codebase/impl/HG-PIPE-Quantization/hgpipe_quantization/ops.py,reference
20,0b02dcafdd0c4a4566acb771a0dd0889ef5cdb6d0d82f1a8d8f790c0658c53b6,29dee6a48c720e859d448cd6b033838c77bf0472,1818,reference;vendor,references/legacy-codebase/software/EllSeg/curObjects/createDataloaders_pretrained.py,reference
20,0b02dcafdd0c4a4566acb771a0dd0889ef5cdb6d0d82f1a8d8f790c0658c53b6,29dee6a48c720e859d448cd6b033838c77bf0472,1818,reference;vendor,third/EllSeg/curObjects/createDataloaders_pretrained.py,vendor
20,0b02dcafdd0c4a4566acb771a0dd0889ef5cdb6d0d82f1a8d8f790c0658c53b6,29dee6a48c720e859d448cd6b033838c77bf0472,1818,reference;vendor,third/Pupil-Labs-Core-RITnet-Plugins/ritnet/Ellseg/curObjects/createDataloaders_pretrained.py,vendor
21,0b328f2139975b273e65b3a20e6516664f8b1bcb385d1c94662e57a253ef6be4,2410c23755a70f0808ae6a0382672a1e2837dbf1,1649,reference;vendor,references/legacy-codebase/software/EllSeg/rc_launch_scripts/runRC_disentangle.sh,reference
21,0b328f2139975b273e65b3a20e6516664f8b1bcb385d1c94662e57a253ef6be4,2410c23755a70f0808ae6a0382672a1e2837dbf1,1649,reference;vendor,third/EllSeg/rc_launch_scripts/runRC_disentangle.sh,vendor
21,0b328f2139975b273e65b3a20e6516664f8b1bcb385d1c94662e57a253ef6be4,2410c23755a70f0808ae6a0382672a1e2837dbf1,1649,reference;vendor,third/Pupil-Labs-Core-RITnet-Plugins/ritnet/Ellseg/rc_launch_scripts/runRC_disentangle.sh,vendor
22,0b8d3f4c2c936de3950150d302f3608679874317862942e1ec53b21c33a03a1a,f36e7b211629646b3098634299f804d6faba9729,10454507,reference;vendor,references/legacy-codebase/software/EllSeg/weights/all.git_ok,reference
22,0b8d3f4c2c936de3950150d302f3608679874317862942e1ec53b21c33a03a1a,f36e7b211629646b3098634299f804d6faba9729,10454507,reference;vendor,third/EllSeg/weights/all.git_ok,vendor
22,0b8d3f4c2c936de3950150d302f3608679874317862942e1ec53b21c33a03a1a,f36e7b211629646b3098634299f804d6faba9729,10454507,reference;vendor,third/Pupil-Labs-Core-RITnet-Plugins/ritnet/Ellseg/weights/all.git_ok,vendor
23,0bc0735519375cbdef11fa9d754e886d2e7833ccf55c7297ba0b47d32cd0ff6e,78be30dab0c7566173bea4a075ce4141b243e1ed,3588,archive;reference,algorithm/archive/imports/swift_hbtxr/tests/test_dataset.py,archive
23,0bc0735519375cbdef11fa9d754e886d2e7833ccf55c7297ba0b47d32cd0ff6e,78be30dab0c7566173bea4a075ce4141b243e1ed,3588,archive;reference,references/legacy-codebase/impl/SWIFT-HBTXR/tests/test_dataset.py,reference
24,0c060e5635a7edfd48250e02f2a4bfac589f415eb1df9e475b4326cb5a46ae5a,7e3cd864b83bc4e62798b03fe7e1f930c1993b85,468,maintained;reference,algorithm/common/src/EvEye/dataset/base_dataset.py,maintained
24,0c060e5635a7edfd48250e02f2a4bfac589f415eb1df9e475b4326cb5a46ae5a,7e3cd864b83bc4e62798b03fe7e1f930c1993b85,468,maintained;reference,references/legacy-codebase/software/FACET/EvEye/dataset/base_dataset.py,reference
25,0c167a5fd7ad209aad13f9a0b4af7b585122cd0be3a6eedae12e68456d73bb24,afa20496ff63f97302ee609883d087003e4c95c7,14738,maintained;reference,algorithm/common/src/EvEye/utils/scripts/build_hbtxr_val_motion_detailed_report.py,maintained
25,0c167a5fd7ad209aad13f9a0b4af7b585122cd0be3a6eedae12e68456d73bb24,afa20496ff63f97302ee609883d087003e4c95c7,14738,maintained;reference,references/legacy-codebase/software/FACET/EvEye/utils/scripts/build_hbtxr_val_motion_detailed_report.py,reference
26,0c5e8dae273c7047c6d32f80e5a19b8eee14bc735a37ac1a2f9f412af55bae0e,c08c1054a8928273df4bc0e7b6505e9df208d077,2242,maintained;reference,algorithm/event/configs/DavisEyeEllipse_HBTXR_local_train_smoke.yaml,maintained
26,0c5e8dae273c7047c6d32f80e5a19b8eee14bc735a37ac1a2f9f412af55bae0e,c08c1054a8928273df4bc0e7b6505e9df208d077,2242,maintained;reference,references/legacy-codebase/software/FACET/configs/DavisEyeEllipse_HBTXR_local_train_smoke.yaml,reference
27,0c87285daaa06b9d23483e79075cdc4a7fa5132efd1a3e9eff2978f1adf8d4d1,77b092d1fde1c8a51a4b05f27e9def19f9b1384f,12158,maintained;reference,quantization/references/HG-PIPE-Quantization/src/paper_equivalence.py,reference
27,0c87285daaa06b9d23483e79075cdc4a7fa5132efd1a3e9eff2978f1adf8d4d1,77b092d1fde1c8a51a4b05f27e9def19f9b1384f,12158,maintained;reference,quantization/src/paper_equivalence.py,maintained
27,0c87285daaa06b9d23483e79075cdc4a7fa5132efd1a3e9eff2978f1adf8d4d1,77b092d1fde1c8a51a4b05f27e9def19f9b1384f,12158,maintained;reference,references/legacy-codebase/impl/HG-PIPE-Quantization/hgpipe_quantization/paper_equivalence.py,reference
28,0cd6fd98a49b482a387b33f388add75f9e6576d40ded26f7feee295a78a1d2bb,c15cc44f209c52a1e2a92eeb488123f0940c201e,1444,reference;vendor,references/legacy-codebase/software/EllSeg/curObjects/createDataloaders_allvsone.py,reference
28,0cd6fd98a49b482a387b33f388add75f9e6576d40ded26f7feee295a78a1d2bb,c15cc44f209c52a1e2a92eeb488123f0940c201e,1444,reference;vendor,third/EllSeg/curObjects/createDataloaders_allvsone.py,vendor
28,0cd6fd98a49b482a387b33f388add75f9e6576d40ded26f7feee295a78a1d2bb,c15cc44f209c52a1e2a92eeb488123f0940c201e,1444,reference;vendor,third/Pupil-Labs-Core-RITnet-Plugins/ritnet/Ellseg/curObjects/createDataloaders_allvsone.py,vendor
29,0d10542e0a2d49c03e47f54d9bcf1544bb02df5cf44549069f213e3b18355cbd,34284f0ce005534ff00b52ecb05b8f72cc6fdecb,4355,maintained;reference,algorithm/common/src/EvEye/utils/scripts/split_train_val.py,maintained
29,0d10542e0a2d49c03e47f54d9bcf1544bb02df5cf44549069f213e3b18355cbd,34284f0ce005534ff00b52ecb05b8f72cc6fdecb,4355,maintained;reference,references/legacy-codebase/software/FACET/EvEye/utils/scripts/split_train_val.py,reference
30,0e14b7aefc74e5f47772f64abc5a7fa7956b4d27013905baed16434d24cc3de0,5b8ba519d46b5078ac30aa0d133799fef3c4373a,10373,archive;docs,algorithm/archive/imports/conversations/hgtxr_etri_server_hardware/by-date/undated/RUNTIME_MODE_FULL_AXI_WEIGHT_PATH_2026_06_28.md,archive
30,0e14b7aefc74e5f47772f64abc5a7fa7956b4d27013905baed16434d24cc3de0,5b8ba519d46b5078ac30aa0d133799fef3c4373a,10373,archive;docs,hardware/docs/track/RUNTIME_MODE_FULL_AXI_WEIGHT_PATH_2026_06_28.md,docs
31,0e2da099dc1d4861200402886cee01106c81b270ac4da8bb60b8472a9ec58330,8538fa9d21135bc7964842b89d17052c95f49b99,4751,maintained;reference,quantization/references/HG-PIPE-Quantization/src/quant_params.py,reference
31,0e2da099dc1d4861200402886cee01106c81b270ac4da8bb60b8472a9ec58330,8538fa9d21135bc7964842b89d17052c95f49b99,4751,maintained;reference,quantization/src/quant_params.py,maintained
31,0e2da099dc1d4861200402886cee01106c81b270ac4da8bb60b8472a9ec58330,8538fa9d21135bc7964842b89d17052c95f49b99,4751,maintained;reference,references/legacy-codebase/hardware/HGPIPE/HG-PIPE-Quantization/hgpipe_quantization/quant_params.py,reference
31,0e2da099dc1d4861200402886cee01106c81b270ac4da8bb60b8472a9ec58330,8538fa9d21135bc7964842b89d17052c95f49b99,4751,maintained;reference,references/legacy-codebase/impl/HG-PIPE-Quantization/hgpipe_quantization/quant_params.py,reference
32,0e7812758cf4f3e9f83aa62b1f6b248ff5bd5b24c91ad1bce1a94ddfa5b4317a,efd31cdfc4ee4d3c3260acc9179acb9cc1c057f2,7315,archive;reference,algorithm/archive/imports/fecet_hbtxr/README.md,archive
32,0e7812758cf4f3e9f83aa62b1f6b248ff5bd5b24c91ad1bce1a94ddfa5b4317a,efd31cdfc4ee4d3c3260acc9179acb9cc1c057f2,7315,archive;reference,references/legacy-codebase/impl/FECET-HBTXR/README.md,reference
33,0f2973a8905c69e82527384fd0a842ca66b1a5b6d90536fb62a287b75a86c675,a2ac1bbe4c8cf0a0b7cc22bdde9ce387b8b20999,206,archive;reference,algorithm/archive/imports/fecet_hbtxr/tools/_bootstrap.py,archive
33,0f2973a8905c69e82527384fd0a842ca66b1a5b6d90536fb62a287b75a86c675,a2ac1bbe4c8cf0a0b7cc22bdde9ce387b8b20999,206,archive;reference,algorithm/archive/imports/swift_hbtxr/tools/_bootstrap.py,archive
33,0f2973a8905c69e82527384fd0a842ca66b1a5b6d90536fb62a287b75a86c675,a2ac1bbe4c8cf0a0b7cc22bdde9ce387b8b20999,206,archive;reference,references/legacy-codebase/impl/FECET-HBTXR/tools/_bootstrap.py,reference
33,0f2973a8905c69e82527384fd0a842ca66b1a5b6d90536fb62a287b75a86c675,a2ac1bbe4c8cf0a0b7cc22bdde9ce387b8b20999,206,archive;reference,references/legacy-codebase/impl/SWIFT-HBTXR/tools/_bootstrap.py,reference
34,0ffa219b71c26ecd0416f795d275509938ef799a0d91424fa1841af3fae3111a,499a754f731ff1bde41feb1db8591d4700306f45,2981,archive;reference,algorithm/archive/imports/legacy_hybrid/configs/package_legacy/DavisEyeEllipse_HBTXR_hybrid_gsam2crop_si_img64_patch4.yaml,archive
34,0ffa219b71c26ecd0416f795d275509938ef799a0d91424fa1841af3fae3111a,499a754f731ff1bde41feb1db8591d4700306f45,2981,archive;reference,references/legacy-codebase/software/FACET/configs/DavisEyeEllipse_HBTXR_hybrid_gsam2crop_si_img64_patch4.yaml,reference
35,10500c6d0012398fa471f7a6c779e334fa31db68897d377b2c190cb57ceee707,76a75cb9ac55ff8bc81d7c16debd9104b1cd538b,15104,analysis;artifact,algorithm/analysis/data-distribution/handover-v1/02_docs/HBTXR_Invocation_Tradeoff.docx,analysis
35,10500c6d0012398fa471f7a6c779e334fa31db68897d377b2c190cb57ceee707,76a75cb9ac55ff8bc81d7c16debd9104b1cd538b,15104,analysis;artifact,algorithm/analysis/data-distribution/handover-v2/02_docs/HBTXR_Invocation_Tradeoff.docx,analysis
35,10500c6d0012398fa471f7a6c779e334fa31db68897d377b2c190cb57ceee707,76a75cb9ac55ff8bc81d7c16debd9104b1cd538b,15104,analysis;artifact,algorithm/analysis/data-distribution/reports/HBTXR_Invocation_Tradeoff.docx,artifact
36,1135a24854cfeed3300796fef3d06274a7fedd5187660e1fc2ab491041eeade7,f4aeb59ef2b353ed98ff46eb74390a2076c46c77,2473,archive;reference,algorithm/archive/imports/swift_hbtxr/tools/eval.py,archive
36,1135a24854cfeed3300796fef3d06274a7fedd5187660e1fc2ab491041eeade7,f4aeb59ef2b353ed98ff46eb74390a2076c46c77,2473,archive;reference,references/legacy-codebase/impl/SWIFT-HBTXR/tools/eval.py,reference
37,12796b5361847436884ca550652e15b386265cf6fdd359fcd98aa0a8ed04dc41,4c10e5b80113493ca09fc1ce574bfb2a79f3647f,1815,reference;vendor,references/legacy-codebase/software/EllSeg/curObjects/createDataloaders_leaveoneout.py,reference
37,12796b5361847436884ca550652e15b386265cf6fdd359fcd98aa0a8ed04dc41,4c10e5b80113493ca09fc1ce574bfb2a79f3647f,1815,reference;vendor,third/EllSeg/curObjects/createDataloaders_leaveoneout.py,vendor
37,12796b5361847436884ca550652e15b386265cf6fdd359fcd98aa0a8ed04dc41,4c10e5b80113493ca09fc1ce574bfb2a79f3647f,1815,reference;vendor,third/Pupil-Labs-Core-RITnet-Plugins/ritnet/Ellseg/curObjects/createDataloaders_leaveoneout.py,vendor
38,128ab07a85a66e8bb6b2f42781a12a9abfb5719f830b0a056effc5c996ce7810,7f692831306f73079debeb2b0843d6b59ebdd8f8,346,archive;reference,algorithm/archive/imports/swift_hbtxr/requirements.txt,archive
38,128ab07a85a66e8bb6b2f42781a12a9abfb5719f830b0a056effc5c996ce7810,7f692831306f73079debeb2b0843d6b59ebdd8f8,346,archive;reference,references/legacy-codebase/impl/SWIFT-HBTXR/requirements.txt,reference
39,128f5ec2d4970a5f3cf7af7c8e41a42086222236f00d8b303179658e659d4220,8b7b783b55785fb6129679963d8d9da856cc48d1,267,maintained;reference,quantization/references/HG-PIPE-Quantization/src/models/__init__.py,reference
39,128f5ec2d4970a5f3cf7af7c8e41a42086222236f00d8b303179658e659d4220,8b7b783b55785fb6129679963d8d9da856cc48d1,267,maintained;reference,quantization/src/models/__init__.py,maintained
39,128f5ec2d4970a5f3cf7af7c8e41a42086222236f00d8b303179658e659d4220,8b7b783b55785fb6129679963d8d9da856cc48d1,267,maintained;reference,references/legacy-codebase/hardware/HGPIPE/HG-PIPE-Quantization/hgpipe_quantization/models/__init__.py,reference
39,128f5ec2d4970a5f3cf7af7c8e41a42086222236f00d8b303179658e659d4220,8b7b783b55785fb6129679963d8d9da856cc48d1,267,maintained;reference,references/legacy-codebase/impl/HG-PIPE-Quantization/hgpipe_quantization/models/__init__.py,reference
40,133a954fe38bc17c24afdc32d4117db44c33be011ba9a07c827fd4946a431061,c7490f2dfd4b7cb14dd0cccfc1a985b46a6ffea4,5305,maintained;reference,quantization/references/HG-PIPE-Quantization/src/input_bridge.py,reference
40,133a954fe38bc17c24afdc32d4117db44c33be011ba9a07c827fd4946a431061,c7490f2dfd4b7cb14dd0cccfc1a985b46a6ffea4,5305,maintained;reference,quantization/src/input_bridge.py,maintained
40,133a954fe38bc17c24afdc32d4117db44c33be011ba9a07c827fd4946a431061,c7490f2dfd4b7cb14dd0cccfc1a985b46a6ffea4,5305,maintained;reference,references/legacy-codebase/hardware/HGPIPE/HG-PIPE-Quantization/hgpipe_quantization/input_bridge.py,reference
40,133a954fe38bc17c24afdc32d4117db44c33be011ba9a07c827fd4946a431061,c7490f2dfd4b7cb14dd0cccfc1a985b46a6ffea4,5305,maintained;reference,references/legacy-codebase/impl/HG-PIPE-Quantization/hgpipe_quantization/input_bridge.py,reference
41,135b17bbd40586cb54efe074f78be88119e2ca68dd3d08040fafe1e1cb234fa7,3dd7055258e7a8464a77d3d70a4f08c9216789cd,19121,reference;vendor,references/legacy-codebase/software/EllSeg/train.py,reference
41,135b17bbd40586cb54efe074f78be88119e2ca68dd3d08040fafe1e1cb234fa7,3dd7055258e7a8464a77d3d70a4f08c9216789cd,19121,reference;vendor,third/EllSeg/train.py,vendor
41,135b17bbd40586cb54efe074f78be88119e2ca68dd3d08040fafe1e1cb234fa7,3dd7055258e7a8464a77d3d70a4f08c9216789cd,19121,reference;vendor,third/Pupil-Labs-Core-RITnet-Plugins/ritnet/Ellseg/train.py,vendor
42,14733b64592a5a6b082abffffa1a63ffc3d438ecfa0f404bccf1eed375a7b89b,a96b9539dc28fe05350d5cb48f1ffc678117500d,4446,maintained;reference,algorithm/common/src/EvEye/utils/scripts/transformEllipseLabels.ipynb,maintained
42,14733b64592a5a6b082abffffa1a63ffc3d438ecfa0f404bccf1eed375a7b89b,a96b9539dc28fe05350d5cb48f1ffc678117500d,4446,maintained;reference,references/legacy-codebase/software/FACET/EvEye/utils/scripts/transformEllipseLabels.ipynb,reference
43,14f5f1450e0485f64ecca91c217a8eb0964c2b74a0aa4fe6f3e95a9a49cdbd99,8faac33ca80e929103da25f51ee4e624c88c5583,887,archive;maintained,algorithm/archive/imports/legacy_hybrid/scripts/runtime/run_build_manifests.sh,archive
43,14f5f1450e0485f64ecca91c217a8eb0964c2b74a0aa4fe6f3e95a9a49cdbd99,8faac33ca80e929103da25f51ee4e624c88c5583,887,archive;maintained,algorithm/hybrid/scripts/external_pipeline/run_build_manifests.sh,maintained
44,15228c41a1a1e55b09614cd226ae7bfe141e08ea6aa25a7756b3e76b94900bce,841360cad6e103adff1a5250c3ab7213dc028518,4002,maintained;reference,algorithm/common/src/EvEye/utils/scripts/downloadTensorboard.ipynb,maintained
44,15228c41a1a1e55b09614cd226ae7bfe141e08ea6aa25a7756b3e76b94900bce,841360cad6e103adff1a5250c3ab7213dc028518,4002,maintained;reference,references/legacy-codebase/software/FACET/EvEye/utils/scripts/downloadTensorboard.ipynb,reference
45,156fd53d3bedd67bf9d08f02092e611ca1246728de2035aae5a0f64309803839,f3c07ce0d052e834972fb3a695d3054a00dfdd54,1795,maintained;reference,algorithm/frame/configs/DavisEyeEllipse_RGBUNet_bs8_w4_cudnn_fp32_100e.yaml,maintained
45,156fd53d3bedd67bf9d08f02092e611ca1246728de2035aae5a0f64309803839,f3c07ce0d052e834972fb3a695d3054a00dfdd54,1795,maintained;reference,references/legacy-codebase/software/FACET/configs/DavisEyeEllipse_RGBUNet_bs8_w4_cudnn_fp32_100e.yaml,reference
46,1584c36ec2f97cf2199bd87124720af3c29d189a240d99ba96927ab1aa9d49c1,329c09c5c514e31936ef5111aa880f476dd564c0,7701,maintained;reference,algorithm/common/src/EvEye/model/DavisEyeEllipse/UNet/UNet.py,maintained
46,1584c36ec2f97cf2199bd87124720af3c29d189a240d99ba96927ab1aa9d49c1,329c09c5c514e31936ef5111aa880f476dd564c0,7701,maintained;reference,references/legacy-codebase/software/FACET/EvEye/model/DavisEyeEllipse/UNet/UNet.py,reference
47,18d0bd744466492bbf59c38f5bf8a7f6ef6c74734288d4289006c9d87ac1be14,ba1079c4abd54a664ce6def4a74a26d8e431f25c,6099,maintained;reference,quantization/references/HG-PIPE-Quantization/src/run_result.py,reference
47,18d0bd744466492bbf59c38f5bf8a7f6ef6c74734288d4289006c9d87ac1be14,ba1079c4abd54a664ce6def4a74a26d8e431f25c,6099,maintained;reference,quantization/src/run_result.py,maintained
47,18d0bd744466492bbf59c38f5bf8a7f6ef6c74734288d4289006c9d87ac1be14,ba1079c4abd54a664ce6def4a74a26d8e431f25c,6099,maintained;reference,references/legacy-codebase/hardware/HGPIPE/HG-PIPE-Quantization/hgpipe_quantization/run_result.py,reference
47,18d0bd744466492bbf59c38f5bf8a7f6ef6c74734288d4289006c9d87ac1be14,ba1079c4abd54a664ce6def4a74a26d8e431f25c,6099,maintained;reference,references/legacy-codebase/impl/HG-PIPE-Quantization/hgpipe_quantization/run_result.py,reference
48,1904e216fe0b407f72957140ef232144759b24a7cac042d9e5ce4b92a2b11e0d,528e61f9e44c7156931d0bdc7ceebf872d678955,4833,archive;reference,algorithm/archive/imports/fecet_hbtxr/tests/test_train_pipeline.py,archive
48,1904e216fe0b407f72957140ef232144759b24a7cac042d9e5ce4b92a2b11e0d,528e61f9e44c7156931d0bdc7ceebf872d678955,4833,archive;reference,references/legacy-codebase/impl/FECET-HBTXR/tests/test_train_pipeline.py,reference
49,19ec46f89a6e9d879e7661563eb9d082fc45420a1bd2be4c950af4286f122618,6ba3d106447e9f7e6c1b21e99a038acb570d6d5b,284,archive;reference,algorithm/archive/imports/fecet_hbtxr/scripts/infer.sh,archive
49,19ec46f89a6e9d879e7661563eb9d082fc45420a1bd2be4c950af4286f122618,6ba3d106447e9f7e6c1b21e99a038acb570d6d5b,284,archive;reference,algorithm/archive/imports/swift_hbtxr/scripts/infer.sh,archive
49,19ec46f89a6e9d879e7661563eb9d082fc45420a1bd2be4c950af4286f122618,6ba3d106447e9f7e6c1b21e99a038acb570d6d5b,284,archive;reference,references/legacy-codebase/impl/FECET-HBTXR/scripts/infer.sh,reference
49,19ec46f89a6e9d879e7661563eb9d082fc45420a1bd2be4c950af4286f122618,6ba3d106447e9f7e6c1b21e99a038acb570d6d5b,284,archive;reference,references/legacy-codebase/impl/SWIFT-HBTXR/scripts/infer.sh,reference
50,19f1e27645ef88134a9355b09ea0f71ae27c709ca629e9f8f18a638abae0d31c,5c5621c23ed76459c96e7b796b18a4a49aef1638,965,archive;reference,algorithm/archive/imports/swift_hbtxr/swift_hbtxr/__init__.py,archive
50,19f1e27645ef88134a9355b09ea0f71ae27c709ca629e9f8f18a638abae0d31c,5c5621c23ed76459c96e7b796b18a4a49aef1638,965,archive;reference,references/legacy-codebase/impl/SWIFT-HBTXR/swift_hbtxr/__init__.py,reference
51,1afa2a45f56f23b453ca84292da6bd695ceb936c346f32e3a4f7296520a490ff,bb72401b454aa322224219bc0b171ab03e3b646e,6922,archive;reference,algorithm/archive/imports/fecet_hbtxr/tools/facet_infer.py,archive
51,1afa2a45f56f23b453ca84292da6bd695ceb936c346f32e3a4f7296520a490ff,bb72401b454aa322224219bc0b171ab03e3b646e,6922,archive;reference,references/legacy-codebase/impl/FECET-HBTXR/tools/facet_infer.py,reference
52,1b04a7be311724e75e120c0640d48c894a197b5bd268a6cda48fb8887880af39,6cbd2a7bdb155f3f64bbb0cadac8e45829f3e613,1968,maintained;reference,algorithm/event/configs/DavisEyeEllipse_EPNet_local_subset.yaml,maintained
52,1b04a7be311724e75e120c0640d48c894a197b5bd268a6cda48fb8887880af39,6cbd2a7bdb155f3f64bbb0cadac8e45829f3e613,1968,maintained;reference,references/legacy-codebase/software/FACET/configs/DavisEyeEllipse_EPNet_local_subset.yaml,reference
53,1b6c801d2517d673542065504427864095931ce5421a9ae920ed3404ba2d45da,ae625ed72740b0118a9f60b2c48f94c6390a8eb4,4982,maintained;reference,algorithm/common/src/EvEye/utils/dvs_common_utils/processor/NumpyEventFrameRandomAffine.py,maintained
53,1b6c801d2517d673542065504427864095931ce5421a9ae920ed3404ba2d45da,ae625ed72740b0118a9f60b2c48f94c6390a8eb4,4982,maintained;reference,references/legacy-codebase/software/FACET/EvEye/utils/dvs_common_utils/processor/NumpyEventFrameRandomAffine.py,reference
54,1bb951c31d51f49e7a168aca7ed9cfad246f17ec790a975a47edf60d31834338,c2832bc68710caabbc0d86bc6a1aaae0322d72f2,36217,archive;docs,algorithm/archive/imports/hgtxr/docs/hgtxr_project_docs/CHOICE.md,archive
54,1bb951c31d51f49e7a168aca7ed9cfad246f17ec790a975a47edf60d31834338,c2832bc68710caabbc0d86bc6a1aaae0322d72f2,36217,archive;docs,hardware/docs/CHOICE.md,docs
55,1c1fe1bf6efdfa375ab5a2bd1ffc48e7bb8b85dea995ad7739874a75e5170ae2,676a28e0083da0c37d12d169ce6b55c4a14dc5cd,4888,maintained;reference,algorithm/common/src/EvEye/dataset/DavisEyeCenter/TestTextDavisEyeDataset.py,maintained
55,1c1fe1bf6efdfa375ab5a2bd1ffc48e7bb8b85dea995ad7739874a75e5170ae2,676a28e0083da0c37d12d169ce6b55c4a14dc5cd,4888,maintained;reference,references/legacy-codebase/software/FACET/EvEye/dataset/DavisEyeCenter/TestTextDavisEyeDataset.py,reference
56,1c4eba704b8b289888c0e7a5e52d336a334fd6014de2e44ef4d01cfebaf5f545,0fd927583ddc5f4f7d9a9e19de176e8a4a122ae4,17756,reference;test,quantization/references/HG-PIPE-Quantization/tests/test_cli.py,reference
56,1c4eba704b8b289888c0e7a5e52d336a334fd6014de2e44ef4d01cfebaf5f545,0fd927583ddc5f4f7d9a9e19de176e8a4a122ae4,17756,reference;test,quantization/tests/test_cli.py,test
57,1ca54608ff3d9f3b6f247749efd23194a44021d7248f442c6e33202c70241a87,a9377e11d990c270cd2801396cf869462342d745,1643,archive;docs,algorithm/archive/imports/conversations/hgtxr_etri_server_hardware/by-date/undated/ADR.md,archive
57,1ca54608ff3d9f3b6f247749efd23194a44021d7248f442c6e33202c70241a87,a9377e11d990c270cd2801396cf869462342d745,1643,archive;docs,algorithm/archive/imports/conversations/hgtxr_home_hardware/by-date/undated/ADR.md,archive
57,1ca54608ff3d9f3b6f247749efd23194a44021d7248f442c6e33202c70241a87,a9377e11d990c270cd2801396cf869462342d745,1643,archive;docs,hardware/docs/track/ADR.md,docs
58,1cab301383be466721f2095bb970ef575f639fd37dc739acefa1106762794bcd,d0c07c016f7c9d577d307a63d7d923a9e27efe70,1795,maintained;reference,algorithm/common/scripts/facet/validate.py,maintained
58,1cab301383be466721f2095bb970ef575f639fd37dc739acefa1106762794bcd,d0c07c016f7c9d577d307a63d7d923a9e27efe70,1795,maintained;reference,references/legacy-codebase/software/FACET/tools/validate.py,reference
59,1ccd951b53cd43a4bbf4d7cbc8bda377363f3b584ae5e81f8f58087d2c5f5e25,85f7eebde997a343b378ab10f4d8c8f519806c19,3743,maintained;reference,algorithm/common/src/EvEye/utils/dvs_common_utils/representation/TimeSurface.py,maintained
59,1ccd951b53cd43a4bbf4d7cbc8bda377363f3b584ae5e81f8f58087d2c5f5e25,85f7eebde997a343b378ab10f4d8c8f519806c19,3743,maintained;reference,references/legacy-codebase/software/FACET/EvEye/utils/dvs_common_utils/representation/TimeSurface.py,reference
60,1dd31a29f178e36f30b6ed23d865fc2bfa401d1381e133412bb2ecfe56c16bae,d74f01e46dc4d055cf8878ea9f28692f7553b35f,8018,archive;reference,algorithm/archive/imports/fecet_hbtxr/fecet_hbtxr/event_repr.py,archive
60,1dd31a29f178e36f30b6ed23d865fc2bfa401d1381e133412bb2ecfe56c16bae,d74f01e46dc4d055cf8878ea9f28692f7553b35f,8018,archive;reference,algorithm/archive/imports/swift_hbtxr/swift_hbtxr/event_repr.py,archive
60,1dd31a29f178e36f30b6ed23d865fc2bfa401d1381e133412bb2ecfe56c16bae,d74f01e46dc4d055cf8878ea9f28692f7553b35f,8018,archive;reference,references/legacy-codebase/impl/FECET-HBTXR/fecet_hbtxr/event_repr.py,reference
60,1dd31a29f178e36f30b6ed23d865fc2bfa401d1381e133412bb2ecfe56c16bae,d74f01e46dc4d055cf8878ea9f28692f7553b35f,8018,archive;reference,references/legacy-codebase/impl/SWIFT-HBTXR/swift_hbtxr/event_repr.py,reference
61,1e12f7b4c263f9fea03053c993c1e52fce002401891943cac585108296b91a89,08d17936a9f61906c6a3e854f3ba294a689039b0,27236,maintained;reference,algorithm/common/src/EvEye/utils/cache/extractEvents.ipynb,maintained
61,1e12f7b4c263f9fea03053c993c1e52fce002401891943cac585108296b91a89,08d17936a9f61906c6a3e854f3ba294a689039b0,27236,maintained;reference,references/legacy-codebase/software/FACET/EvEye/utils/cache/extractEvents.ipynb,reference
62,1f6d67f56d93906ffa98402632b264fe73c26318552c57e22fd1d5bf1ce4c68d,e87ba60b9af8d3bc71c5c01a1e70805e9751a5af,6373,maintained;reference,algorithm/common/src/EvEye/model/DavisEyeEllipse/HBTXR/HBTXR.py,maintained
62,1f6d67f56d93906ffa98402632b264fe73c26318552c57e22fd1d5bf1ce4c68d,e87ba60b9af8d3bc71c5c01a1e70805e9751a5af,6373,maintained;reference,references/legacy-codebase/software/FACET/EvEye/model/DavisEyeEllipse/HBTXR/HBTXR.py,reference
63,1f86964674bcb8f2f021be9d25e242203d1d235f5e58a34bb51fd8588e836c1b,1a67cbe80faff61221f997bf2a5d4c49e0f44ce4,10454497,reference;vendor,references/legacy-codebase/software/EllSeg/weights/Fuhl.git_ok,reference
63,1f86964674bcb8f2f021be9d25e242203d1d235f5e58a34bb51fd8588e836c1b,1a67cbe80faff61221f997bf2a5d4c49e0f44ce4,10454497,reference;vendor,third/EllSeg/weights/Fuhl.git_ok,vendor
63,1f86964674bcb8f2f021be9d25e242203d1d235f5e58a34bb51fd8588e836c1b,1a67cbe80faff61221f997bf2a5d4c49e0f44ce4,10454497,reference;vendor,third/Pupil-Labs-Core-RITnet-Plugins/ritnet/Ellseg/weights/Fuhl.git_ok,vendor
64,1f9a5a44dab7c4ae5c36185b935b54f4d2a4cafdf47c6dfd4f4ea3baf54bff75,a835c7fe733f0e5b227d88c8d12df8f0ffeaece1,595,reference;test,quantization/references/HG-PIPE-Quantization/tests/test_torch_int_runner.py,reference
64,1f9a5a44dab7c4ae5c36185b935b54f4d2a4cafdf47c6dfd4f4ea3baf54bff75,a835c7fe733f0e5b227d88c8d12df8f0ffeaece1,595,reference;test,quantization/tests/test_torch_int_runner.py,test
65,2053460c95d90b64babd0625cf2f894d6932d175227862837cb60b36806b94a9,03c0d5b7c6a27f3107013c919404b7afaa87ef48,223,archive;maintained,algorithm/archive/imports/legacy_hybrid/scripts/runtime/run_export.sh,archive
65,2053460c95d90b64babd0625cf2f894d6932d175227862837cb60b36806b94a9,03c0d5b7c6a27f3107013c919404b7afaa87ef48,223,archive;maintained,algorithm/hybrid/scripts/external_pipeline/run_export.sh,maintained
66,20aeb6119ec6403c5405577db2b0b025985cc4b34d12bd2a5f82488d5ffcc15e,73dcc2615810751a244846376ce1dc38a3a80a41,861,archive;reference,algorithm/archive/imports/fecet_hbtxr/scripts/fecet_compare_train_stage2.sh,archive
66,20aeb6119ec6403c5405577db2b0b025985cc4b34d12bd2a5f82488d5ffcc15e,73dcc2615810751a244846376ce1dc38a3a80a41,861,archive;reference,references/legacy-codebase/impl/FECET-HBTXR/scripts/fecet_compare_train_stage2.sh,reference
67,221b64bb1e79bbc97701672761e5e7b506d3313d2c2c0de7d6e303922b7f5666,dd455e366b792c1affe95f9f9aaae66afee6bb7b,959,maintained;reference,algorithm/common/src/EvEye/utils/scripts/add_prefix.py,maintained
67,221b64bb1e79bbc97701672761e5e7b506d3313d2c2c0de7d6e303922b7f5666,dd455e366b792c1affe95f9f9aaae66afee6bb7b,959,maintained;reference,references/legacy-codebase/software/FACET/EvEye/utils/scripts/add_prefix.py,reference
68,229b006241b075115e22a27d75243861d9c9c61583f65591cbbadea9342474f6,b18719425bdc5a3d3ab516be13f0e5de5b508c18,3029,maintained;reference,algorithm/common/scripts/facet/validate10times.py,maintained
68,229b006241b075115e22a27d75243861d9c9c61583f65591cbbadea9342474f6,b18719425bdc5a3d3ab516be13f0e5de5b508c18,3029,maintained;reference,references/legacy-codebase/software/FACET/tools/validate10times.py,reference
69,23d31822515d44837a8c0b6fa73856e2ecd5daef74bf0aebd613e0dc3496e17c,098c2dbf4126db2617ac8652f2bc155869d4629b,5443,reference;vendor,references/legacy-codebase/software/EllSeg/extern/locating-objects-without-bboxes/scripts_dataset_and_results/spacing_stats_to_csv.py,reference
69,23d31822515d44837a8c0b6fa73856e2ecd5daef74bf0aebd613e0dc3496e17c,098c2dbf4126db2617ac8652f2bc155869d4629b,5443,reference;vendor,third/EllSeg/extern/locating-objects-without-bboxes/scripts_dataset_and_results/spacing_stats_to_csv.py,vendor
69,23d31822515d44837a8c0b6fa73856e2ecd5daef74bf0aebd613e0dc3496e17c,098c2dbf4126db2617ac8652f2bc155869d4629b,5443,reference;vendor,third/Pupil-Labs-Core-RITnet-Plugins/ritnet/Ellseg/extern/locating-objects-without-bboxes/scripts_dataset_and_results/spacing_stats_to_csv.py,vendor
70,2449003209f501e928cd67ed0335614accf844bdf3432a3e6146b1f836249dc9,4d9aa2e6024a1966b545685a7af9e8b8c95cd8c8,602240,artifact;reference,quantization/references/HG-PIPE-Quantization/reports/smoke_artifact_images.npy,reference
70,2449003209f501e928cd67ed0335614accf844bdf3432a3e6146b1f836249dc9,4d9aa2e6024a1966b545685a7af9e8b8c95cd8c8,602240,artifact;reference,quantization/reports/smoke_artifact_images.npy,artifact
70,2449003209f501e928cd67ed0335614accf844bdf3432a3e6146b1f836249dc9,4d9aa2e6024a1966b545685a7af9e8b8c95cd8c8,602240,artifact;reference,references/legacy-codebase/hardware/HGPIPE/HG-PIPE-Quantization/reports/smoke_artifact_images.npy,reference
70,2449003209f501e928cd67ed0335614accf844bdf3432a3e6146b1f836249dc9,4d9aa2e6024a1966b545685a7af9e8b8c95cd8c8,602240,artifact;reference,references/legacy-codebase/impl/HG-PIPE-Quantization/reports/smoke_artifact_images.npy,reference
71,254bc722671663cf6f875c86aebf9ddc5d714fb9e378bb55acf85eb0b2d18720,efe64af438e4c8869a4689d53844ad2076cba34d,5269,maintained;reference,algorithm/common/src/EvEye/utils/scripts/compareFramesAndEvents.ipynb,maintained
71,254bc722671663cf6f875c86aebf9ddc5d714fb9e378bb55acf85eb0b2d18720,efe64af438e4c8869a4689d53844ad2076cba34d,5269,maintained;reference,references/legacy-codebase/software/FACET/EvEye/utils/scripts/compareFramesAndEvents.ipynb,reference
72,259519dd1be2b72d36b56a9478b6fbee424a7232a449006bcaad9717363edf49,d210d743f12e599c52cd390fa7675c3bdd819d0d,1829,archive;docs,algorithm/archive/imports/conversations/hgtxr_etri_server_hardware/by-date/undated/CONVERSATION.md,archive
72,259519dd1be2b72d36b56a9478b6fbee424a7232a449006bcaad9717363edf49,d210d743f12e599c52cd390fa7675c3bdd819d0d,1829,archive;docs,hardware/docs/track/CONVERSATION.md,docs
73,25a41f5904a827b66918b3850ab4e1278811c60a59edb72f50e9f7729d21099d,c7084b45bea4b11be68313ae86b927926a406195,1876,maintained;reference,algorithm/common/src/EvEye/utils/visualization/play_images.py,maintained
73,25a41f5904a827b66918b3850ab4e1278811c60a59edb72f50e9f7729d21099d,c7084b45bea4b11be68313ae86b927926a406195,1876,maintained;reference,references/legacy-codebase/software/FACET/EvEye/utils/visualization/play_images.py,reference
74,25abdce3f95932f0860a704f63fda822a93c9e88a4cbc6e944d85a3cdd7c9397,694bb48e4eafad68a3501296330115bead80b4b9,43974,maintained;reference,quantization/references/HG-PIPE-Quantization/src/artifact_patch.py,reference
74,25abdce3f95932f0860a704f63fda822a93c9e88a4cbc6e944d85a3cdd7c9397,694bb48e4eafad68a3501296330115bead80b4b9,43974,maintained;reference,quantization/src/artifact_patch.py,maintained
74,25abdce3f95932f0860a704f63fda822a93c9e88a4cbc6e944d85a3cdd7c9397,694bb48e4eafad68a3501296330115bead80b4b9,43974,maintained;reference,references/legacy-codebase/hardware/HGPIPE/HG-PIPE-Quantization/hgpipe_quantization/artifact_patch.py,reference
74,25abdce3f95932f0860a704f63fda822a93c9e88a4cbc6e944d85a3cdd7c9397,694bb48e4eafad68a3501296330115bead80b4b9,43974,maintained;reference,references/legacy-codebase/impl/HG-PIPE-Quantization/hgpipe_quantization/artifact_patch.py,reference
75,268bdef76c2c334860d536555661e3da54639be6e0413ec02184d4023a380868,c235b19a2cc7f26e3501abdf1142233c2256930c,1644,reference;vendor,references/legacy-codebase/software/EllSeg/curObjects/createDataloaders_random.py,reference
75,268bdef76c2c334860d536555661e3da54639be6e0413ec02184d4023a380868,c235b19a2cc7f26e3501abdf1142233c2256930c,1644,reference;vendor,third/EllSeg/curObjects/createDataloaders_random.py,vendor
75,268bdef76c2c334860d536555661e3da54639be6e0413ec02184d4023a380868,c235b19a2cc7f26e3501abdf1142233c2256930c,1644,reference;vendor,third/Pupil-Labs-Core-RITnet-Plugins/ritnet/Ellseg/curObjects/createDataloaders_random.py,vendor
75,268bdef76c2c334860d536555661e3da54639be6e0413ec02184d4023a380868,c235b19a2cc7f26e3501abdf1142233c2256930c,1644,reference;vendor,third/Pupil-Labs-Core-RITnet-Plugins/ritnet/Ellseg_v2/cur_objs/createDataloaders_random.py,vendor
76,270468e2ab498ff585fa3ffbd0fca27b25c3214b1c0d526d763761dfc65dbfe3,d09c37930674006a144f89be7bd21aa0e2e0f0d8,771,archive;reference,algorithm/archive/imports/fecet_hbtxr/tests/test_model.py,archive
76,270468e2ab498ff585fa3ffbd0fca27b25c3214b1c0d526d763761dfc65dbfe3,d09c37930674006a144f89be7bd21aa0e2e0f0d8,771,archive;reference,references/legacy-codebase/impl/FECET-HBTXR/tests/test_model.py,reference
77,27961d5a62c4845060f1b3936d8a404f4e64db46a55759a46fb094d1cc116433,2732d92844dfe4173f1e4eb7b219bc828524210f,10076,reference;vendor,references/legacy-codebase/software/EllSeg/dataset_generation/ExtractRITEyes_general.py,reference
77,27961d5a62c4845060f1b3936d8a404f4e64db46a55759a46fb094d1cc116433,2732d92844dfe4173f1e4eb7b219bc828524210f,10076,reference;vendor,third/EllSeg/dataset_generation/ExtractRITEyes_general.py,vendor
77,27961d5a62c4845060f1b3936d8a404f4e64db46a55759a46fb094d1cc116433,2732d92844dfe4173f1e4eb7b219bc828524210f,10076,reference;vendor,third/Pupil-Labs-Core-RITnet-Plugins/ritnet/Ellseg/dataset_generation/ExtractRITEyes_general.py,vendor
78,27c8d590dab5aad240bec762e8d6c4eae1eee811e93740e6222f9e77be58143f,96506d266c83f0ccc31c77a837f575b80c288827,894,archive;reference,algorithm/archive/imports/fecet_hbtxr/doc/README.md,archive
78,27c8d590dab5aad240bec762e8d6c4eae1eee811e93740e6222f9e77be58143f,96506d266c83f0ccc31c77a837f575b80c288827,894,archive;reference,references/legacy-codebase/impl/FECET-HBTXR/doc/README.md,reference
79,28b6740db8f72e693e22870f5277bb938a9edf193c9056f39fb0290e7d7ecd61,18d5ef8c922d329ffe4eabedf4b6a548f835af3d,6379,reference;vendor,references/legacy-codebase/software/EllSeg/extern/locating-objects-without-bboxes/object-locator/models/unet_model.py,reference
79,28b6740db8f72e693e22870f5277bb938a9edf193c9056f39fb0290e7d7ecd61,18d5ef8c922d329ffe4eabedf4b6a548f835af3d,6379,reference;vendor,third/EllSeg/extern/locating-objects-without-bboxes/object-locator/models/unet_model.py,vendor
79,28b6740db8f72e693e22870f5277bb938a9edf193c9056f39fb0290e7d7ecd61,18d5ef8c922d329ffe4eabedf4b6a548f835af3d,6379,reference;vendor,third/Pupil-Labs-Core-RITnet-Plugins/ritnet/Ellseg/extern/locating-objects-without-bboxes/object-locator/models/unet_model.py,vendor
80,28b8b94d7886dadffd6622d69987be44d6e61fd15c06e53587b01cdbde50c702,20b0d4f5d6e029845cfd2a9879581a4397557c16,19845,reference;vendor,references/legacy-codebase/software/EllSeg/extern/locating-objects-without-bboxes/object-locator/train.py,reference
80,28b8b94d7886dadffd6622d69987be44d6e61fd15c06e53587b01cdbde50c702,20b0d4f5d6e029845cfd2a9879581a4397557c16,19845,reference;vendor,third/EllSeg/extern/locating-objects-without-bboxes/object-locator/train.py,vendor
80,28b8b94d7886dadffd6622d69987be44d6e61fd15c06e53587b01cdbde50c702,20b0d4f5d6e029845cfd2a9879581a4397557c16,19845,reference;vendor,third/Pupil-Labs-Core-RITnet-Plugins/ritnet/Ellseg/extern/locating-objects-without-bboxes/object-locator/train.py,vendor
81,2900aefef94aa1b4377cdbd4d6d9f017bd5d86c1177c29d83da71b89c52817cd,2a6f2d9f64791adc4e31d448b808cf0772618bc3,771,archive;reference,algorithm/archive/imports/swift_hbtxr/tests/test_model.py,archive
81,2900aefef94aa1b4377cdbd4d6d9f017bd5d86c1177c29d83da71b89c52817cd,2a6f2d9f64791adc4e31d448b808cf0772618bc3,771,archive;reference,references/legacy-codebase/impl/SWIFT-HBTXR/tests/test_model.py,reference
82,29083d0d3450dec399484fd51fe9ab0552773bb05b988091e3e4d30f6996c814,9b19e282890174f71387d6e8bb676b683abfde8d,2339,maintained;reference,algorithm/common/src/EvEye/utils/scripts/process_closed_eyes.py,maintained
82,29083d0d3450dec399484fd51fe9ab0552773bb05b988091e3e4d30f6996c814,9b19e282890174f71387d6e8bb676b683abfde8d,2339,maintained;reference,references/legacy-codebase/software/FACET/EvEye/utils/scripts/process_closed_eyes.py,reference
83,292602ef861225e3aed28b6572ba782f21b76b5c20da08b7ce7f8a71503cb048,677ddceb17a0729fab493fbac8926afd727fc486,11045,reference;vendor,references/legacy-codebase/software/EllSeg/extern/locating-objects-without-bboxes/object-locator/losses.py,reference
83,292602ef861225e3aed28b6572ba782f21b76b5c20da08b7ce7f8a71503cb048,677ddceb17a0729fab493fbac8926afd727fc486,11045,reference;vendor,third/EllSeg/extern/locating-objects-without-bboxes/object-locator/losses.py,vendor
83,292602ef861225e3aed28b6572ba782f21b76b5c20da08b7ce7f8a71503cb048,677ddceb17a0729fab493fbac8926afd727fc486,11045,reference;vendor,third/Pupil-Labs-Core-RITnet-Plugins/ritnet/Ellseg/extern/locating-objects-without-bboxes/object-locator/losses.py,vendor
84,295b73b0ea569f3a7602a7b54b5d0c9c0c8c3c7b1351509168ff20ea6ca7e3b7,cabcf1579531110214ee7bf7d351e766b90892df,431,archive;docs,algorithm/archive/imports/conversations/hgtxr_etri_server_quantization/by-date/undated/PROGRESS-UPDATE.md,archive
84,295b73b0ea569f3a7602a7b54b5d0c9c0c8c3c7b1351509168ff20ea6ca7e3b7,cabcf1579531110214ee7bf7d351e766b90892df,431,archive;docs,quantization/docs/track/PROGRESS-UPDATE.md,docs
85,2984d17ebbd22c689e3a740da01723f5a312d5166a006f54686a5a9c7c15c4fc,dc43113bbd2c9926599f5cb228fe07b3623dc08b,1106,maintained;reference,algorithm/event/configs/TestTextDavisEyeDataset_TennSt.yaml,maintained
85,2984d17ebbd22c689e3a740da01723f5a312d5166a006f54686a5a9c7c15c4fc,dc43113bbd2c9926599f5cb228fe07b3623dc08b,1106,maintained;reference,references/legacy-codebase/software/FACET/configs/TestTextDavisEyeDataset_TennSt.yaml,reference
86,2a481cfdb973a2c64d3bb28a7162ec9b02f548dacd19b467cdf9cadea6bb101e,4ef25d43ad7e2428bd28c282434a2ba43a83f461,2374,archive;maintained,algorithm/archive/imports/legacy_hybrid/scripts/runtime/_viz.py,archive
86,2a481cfdb973a2c64d3bb28a7162ec9b02f548dacd19b467cdf9cadea6bb101e,4ef25d43ad7e2428bd28c282434a2ba43a83f461,2374,archive;maintained,algorithm/hybrid/scripts/external_pipeline/_viz.py,maintained
87,2a8bd566985a75fe127e256e4ebf1b95c8cb85c954efa5365dc15529271bf458,d196884eed76ac332fe755c6529d1199a79b5b7a,1022,maintained;reference,algorithm/common/src/EvEye/utils/scripts/rename_png.py,maintained
87,2a8bd566985a75fe127e256e4ebf1b95c8cb85c954efa5365dc15529271bf458,d196884eed76ac332fe755c6529d1199a79b5b7a,1022,maintained;reference,references/legacy-codebase/software/FACET/EvEye/utils/scripts/rename_png.py,reference
88,2b12c5c848a4111a9729cb34121cc7226e9cad1c6adc8235a524ec8718f2e6de,add502b06fe4f615555ba38a52675ccfcfec461e,1647,reference;vendor,references/legacy-codebase/software/EllSeg/analysis/ellipse_sanity.py,reference
88,2b12c5c848a4111a9729cb34121cc7226e9cad1c6adc8235a524ec8718f2e6de,add502b06fe4f615555ba38a52675ccfcfec461e,1647,reference;vendor,third/EllSeg/analysis/ellipse_sanity.py,vendor
88,2b12c5c848a4111a9729cb34121cc7226e9cad1c6adc8235a524ec8718f2e6de,add502b06fe4f615555ba38a52675ccfcfec461e,1647,reference;vendor,third/Pupil-Labs-Core-RITnet-Plugins/ritnet/Ellseg/analysis/ellipse_sanity.py,vendor
89,2b4d0347e533d2ce2ea0e4805f7b013f8daced8cc7934fe33d26bea8b3704fbc,99a729a8b7526c66eacf422154adbe27fb25fbd9,16729,reference;vendor,references/legacy-codebase/software/EllSeg/models/RITnet_v6.py,reference
89,2b4d0347e533d2ce2ea0e4805f7b013f8daced8cc7934fe33d26bea8b3704fbc,99a729a8b7526c66eacf422154adbe27fb25fbd9,16729,reference;vendor,third/EllSeg/models/RITnet_v6.py,vendor
90,2b79f5600537914828a3498ad177d003a57630d5cf2f00142b691a232d34d111,2d22268dae09c2733c9d31d581f2063542599025,3950,maintained;reference,quantization/references/HG-PIPE-Quantization/src/__init__.py,reference
90,2b79f5600537914828a3498ad177d003a57630d5cf2f00142b691a232d34d111,2d22268dae09c2733c9d31d581f2063542599025,3950,maintained;reference,quantization/src/__init__.py,maintained
90,2b79f5600537914828a3498ad177d003a57630d5cf2f00142b691a232d34d111,2d22268dae09c2733c9d31d581f2063542599025,3950,maintained;reference,references/legacy-codebase/impl/HG-PIPE-Quantization/hgpipe_quantization/__init__.py,reference
91,2cdf291e37bf4ab04d700e4762fb434c476c93e9c27b1c68f38c6d55d6357cac,05b370a6dea0a012eaab4467350d2ad3120f8fd5,1663,maintained;reference,algorithm/frame/configs/DavisEyeEllipse_RGBUNet_local_subset.yaml,maintained
91,2cdf291e37bf4ab04d700e4762fb434c476c93e9c27b1c68f38c6d55d6357cac,05b370a6dea0a012eaab4467350d2ad3120f8fd5,1663,maintained;reference,references/legacy-codebase/software/FACET/configs/DavisEyeEllipse_RGBUNet_local_subset.yaml,reference
92,2db7f1cf231b04165382a5c0ebe17fdc941cfd49581d48145358adcfe1d115ca,280ef4c8ac801255144ac2726f20da84ebd4cc70,7555,maintained;reference,algorithm/common/src/EvEye/utils/scripts/build_unet_dataset_from_h5.py,maintained
92,2db7f1cf231b04165382a5c0ebe17fdc941cfd49581d48145358adcfe1d115ca,280ef4c8ac801255144ac2726f20da84ebd4cc70,7555,maintained;reference,references/legacy-codebase/software/FACET/EvEye/utils/scripts/build_unet_dataset_from_h5.py,reference
93,2f1813715ca01982336cc79c2fd28d44a22198e6ce7b3f243d6df5d60715641b,0d6bdcc61cba5c9fb5efe8e5fbf52335c6d094be,11839,archive;reference,algorithm/archive/imports/swift_hbtxr/swift_hbtxr/runtime.py,archive
93,2f1813715ca01982336cc79c2fd28d44a22198e6ce7b3f243d6df5d60715641b,0d6bdcc61cba5c9fb5efe8e5fbf52335c6d094be,11839,archive;reference,references/legacy-codebase/impl/SWIFT-HBTXR/swift_hbtxr/runtime.py,reference
94,2f3c16e4aef456791bfabbd0f00ea82ab828c91b43b4c7ec9c20e306af876205,796409e8e81879b5964e3e3ef7cb23f3e01d8bbe,2473,archive;reference,algorithm/archive/imports/fecet_hbtxr/tools/eval.py,archive
94,2f3c16e4aef456791bfabbd0f00ea82ab828c91b43b4c7ec9c20e306af876205,796409e8e81879b5964e3e3ef7cb23f3e01d8bbe,2473,archive;reference,references/legacy-codebase/impl/FECET-HBTXR/tools/eval.py,reference
95,2fa56dc7d657d3ae7fb071897095b2e81f28e0a470924c3f88a9ecaafb66ad08,7e0c1c3ab8a0c9f07c4a17f317a089121e5c8e2d,1029,maintained;reference,algorithm/common/src/EvEye/utils/tonic/functional/PlotDistribution.py,maintained
95,2fa56dc7d657d3ae7fb071897095b2e81f28e0a470924c3f88a9ecaafb66ad08,7e0c1c3ab8a0c9f07c4a17f317a089121e5c8e2d,1029,maintained;reference,references/legacy-codebase/software/FACET/EvEye/utils/tonic/functional/PlotDistribution.py,reference
96,2fee42d3e523f78c69cb3449bdc29b0b6bd9210eec11a84af3015ed27238f8bd,368bce47119f01aebd25d31604c6e8ffa8872a36,914,archive;maintained,algorithm/archive/imports/legacy_hybrid/scripts/runtime/run_canonicalize.sh,archive
96,2fee42d3e523f78c69cb3449bdc29b0b6bd9210eec11a84af3015ed27238f8bd,368bce47119f01aebd25d31604c6e8ffa8872a36,914,archive;maintained,algorithm/hybrid/scripts/external_pipeline/run_canonicalize.sh,maintained
97,308e6d7260b705ba6af4e97ae763b0b3f7d185d35689da4f087e7b0a230b5f76,441d3afaf43c1c3c6bb7f34b6ff11caa9be7a4c0,16880,reference;vendor,references/legacy-codebase/software/EllSeg/models/RITnet_v7.py,reference
97,308e6d7260b705ba6af4e97ae763b0b3f7d185d35689da4f087e7b0a230b5f76,441d3afaf43c1c3c6bb7f34b6ff11caa9be7a4c0,16880,reference;vendor,third/EllSeg/models/RITnet_v7.py,vendor
98,30ef66a16ca869cfb5cc60bda4726923c0e1327fcd22fa811b5ade87d5f281bb,716ee7f011de110d4ccff25dcb53f5bdb3992e9a,287,archive;reference,algorithm/archive/imports/fecet_hbtxr/fecet_hbtxr/__init__.py,archive
98,30ef66a16ca869cfb5cc60bda4726923c0e1327fcd22fa811b5ade87d5f281bb,716ee7f011de110d4ccff25dcb53f5bdb3992e9a,287,archive;reference,references/legacy-codebase/impl/FECET-HBTXR/fecet_hbtxr/__init__.py,reference
99,319dd29493320273dc73656d25a608c7fa381b7b29f86d36ec179c679d3afb4b,28b7d68438d6532718466050e08da8d8304036a5,471012,reference;vendor,references/legacy-codebase/software/EllSeg/figures/draw.io/Enc_Dec.drawio,reference
99,319dd29493320273dc73656d25a608c7fa381b7b29f86d36ec179c679d3afb4b,28b7d68438d6532718466050e08da8d8304036a5,471012,reference;vendor,third/EllSeg/figures/draw.io/Enc_Dec.drawio,vendor
99,319dd29493320273dc73656d25a608c7fa381b7b29f86d36ec179c679d3afb4b,28b7d68438d6532718466050e08da8d8304036a5,471012,reference;vendor,third/Pupil-Labs-Core-RITnet-Plugins/ritnet/Ellseg/figures/draw.io/Enc_Dec.drawio,vendor
100,31a5a28ed8d01d4c88bc933e1a62c797fecbe9c3ff88430238590634700af42d,e47ddb996502d4f4da6326e849b7cef2976d72f0,3551,archive;reference,algorithm/archive/imports/fecet_hbtxr/doc/FACET_QUANT_COMPARISON.md,archive
100,31a5a28ed8d01d4c88bc933e1a62c797fecbe9c3ff88430238590634700af42d,e47ddb996502d4f4da6326e849b7cef2976d72f0,3551,archive;reference,references/legacy-codebase/impl/FECET-HBTXR/doc/FACET_QUANT_COMPARISON.md,reference
101,31f573367182bc831c3d10131d0ee7787684d673e0bf3dbb051e2e8e92834d17,4a4ccfe33b8393bd9a956074ed5aa15f5ffadcad,3065,maintained;reference,algorithm/common/src/EvEye/utils/dvs_common_utils/base/EventsIterator.py,maintained
101,31f573367182bc831c3d10131d0ee7787684d673e0bf3dbb051e2e8e92834d17,4a4ccfe33b8393bd9a956074ed5aa15f5ffadcad,3065,maintained;reference,references/legacy-codebase/software/FACET/EvEye/utils/dvs_common_utils/base/EventsIterator.py,reference
102,3381d737039c75c841e77d2f1fb37205ab0d1e0eaf71797b743b44c0fc73570b,a0c82c80b523790be20d7a07ba4fc2fae9325754,566,archive;docs,algorithm/archive/imports/conversations/hgtxr_etri_server_quantization/by-date/undated/ADR.md,archive
102,3381d737039c75c841e77d2f1fb37205ab0d1e0eaf71797b743b44c0fc73570b,a0c82c80b523790be20d7a07ba4fc2fae9325754,566,archive;docs,quantization/docs/track/ADR.md,docs
103,3623ca50c250995decc62ddee5a56fccc57719c7218b78b7329a2c6f4aff71c1,c20fef5090b2d0529be8f03da3f8d58884f9dd1c,292,archive;reference,algorithm/archive/imports/swift_hbtxr/configs/stage1_search.yaml,archive
103,3623ca50c250995decc62ddee5a56fccc57719c7218b78b7329a2c6f4aff71c1,c20fef5090b2d0529be8f03da3f8d58884f9dd1c,292,archive;reference,references/legacy-codebase/impl/SWIFT-HBTXR/configs/stage1_search.yaml,reference
104,364ed4a71727a14af7b83e00b391f1ba4fcddc2aa298be3e19ac2690c4f946d3,383cd8f276fa939ccb472cb3788e35426af248d5,601,artifact;reference,algorithm/analysis/RESULTS/Retina/dataset_params.yaml,artifact
104,364ed4a71727a14af7b83e00b391f1ba4fcddc2aa298be3e19ac2690c4f946d3,383cd8f276fa939ccb472cb3788e35426af248d5,601,artifact;reference,references/legacy-codebase/software/retina/runs_smoke/Retina_cudnn_on_smoke_20260630_185846/dataset_params.yaml,reference
104,364ed4a71727a14af7b83e00b391f1ba4fcddc2aa298be3e19ac2690c4f946d3,383cd8f276fa939ccb472cb3788e35426af248d5,601,artifact;reference,references/legacy-codebase/software/retina/runs_smoke/Retina_subject_independent_img64_smoke_20260630_085502/dataset_params.yaml,reference
104,364ed4a71727a14af7b83e00b391f1ba4fcddc2aa298be3e19ac2690c4f946d3,383cd8f276fa939ccb472cb3788e35426af248d5,601,artifact;reference,references/legacy-codebase/software/retina/runs_smoke/Retina_worker4_smoke_20260630_155359/dataset_params.yaml,reference
104,364ed4a71727a14af7b83e00b391f1ba4fcddc2aa298be3e19ac2690c4f946d3,383cd8f276fa939ccb472cb3788e35426af248d5,601,artifact;reference,references/legacy-codebase/software/retina/runs_smoke/Retina_worker4_smoke_20260630_155525/dataset_params.yaml,reference
104,364ed4a71727a14af7b83e00b391f1ba4fcddc2aa298be3e19ac2690c4f946d3,383cd8f276fa939ccb472cb3788e35426af248d5,601,artifact;reference,references/legacy-codebase/software/retina/runs_smoke/Retina_worker8_smoke_20260630_155556/dataset_params.yaml,reference
105,3666cff8210e4622062443728c68a1cdec501536c464c6263b298ba241fff7a9,d62c4daba4ede96afc09d8d7bb188d7eaa3eb9da,6711,reference;vendor,references/legacy-codebase/software/EllSeg/extern/locating-objects-without-bboxes/object-locator/find_lr.py,reference
105,3666cff8210e4622062443728c68a1cdec501536c464c6263b298ba241fff7a9,d62c4daba4ede96afc09d8d7bb188d7eaa3eb9da,6711,reference;vendor,third/EllSeg/extern/locating-objects-without-bboxes/object-locator/find_lr.py,vendor
105,3666cff8210e4622062443728c68a1cdec501536c464c6263b298ba241fff7a9,d62c4daba4ede96afc09d8d7bb188d7eaa3eb9da,6711,reference;vendor,third/Pupil-Labs-Core-RITnet-Plugins/ritnet/Ellseg/extern/locating-objects-without-bboxes/object-locator/find_lr.py,vendor
106,37bafb328dcd030f9f96e718791a3ec3797f6b6a909ac668b488583372c1ae62,0ae9319de05d9cfe0fb3b9913f2eff91e65ddb67,653,archive;maintained,algorithm/archive/imports/legacy_hybrid/scripts/runtime/run_sync_packages.sh,archive
106,37bafb328dcd030f9f96e718791a3ec3797f6b6a909ac668b488583372c1ae62,0ae9319de05d9cfe0fb3b9913f2eff91e65ddb67,653,archive;maintained,algorithm/hybrid/scripts/external_pipeline/run_sync_packages.sh,maintained
107,381b74248e25d35fc92233b6571872fa96cb55767429b7d3a86cc934b34da7b1,ec1ef7482d77ec4e7aeff5a929d9fcdcdaa819f8,12859,reference;vendor,references/legacy-codebase/software/EllSeg/extern/locating-objects-without-bboxes/object-locator/get_image_size.py,reference
107,381b74248e25d35fc92233b6571872fa96cb55767429b7d3a86cc934b34da7b1,ec1ef7482d77ec4e7aeff5a929d9fcdcdaa819f8,12859,reference;vendor,third/EllSeg/extern/locating-objects-without-bboxes/object-locator/get_image_size.py,vendor
107,381b74248e25d35fc92233b6571872fa96cb55767429b7d3a86cc934b34da7b1,ec1ef7482d77ec4e7aeff5a929d9fcdcdaa819f8,12859,reference;vendor,third/Pupil-Labs-Core-RITnet-Plugins/ritnet/Ellseg/extern/locating-objects-without-bboxes/object-locator/get_image_size.py,vendor
108,382269f8cee7bee2d8091490a5ace38425d9717b7b40e857f8a2026fddfdb19f,783f3e32eaca4511c594c464b16c478395b7faf2,1876,reference;vendor,references/legacy-codebase/software/EllSeg/extern/locating-objects-without-bboxes/setup.py,reference
108,382269f8cee7bee2d8091490a5ace38425d9717b7b40e857f8a2026fddfdb19f,783f3e32eaca4511c594c464b16c478395b7faf2,1876,reference;vendor,third/EllSeg/extern/locating-objects-without-bboxes/setup.py,vendor
108,382269f8cee7bee2d8091490a5ace38425d9717b7b40e857f8a2026fddfdb19f,783f3e32eaca4511c594c464b16c478395b7faf2,1876,reference;vendor,third/Pupil-Labs-Core-RITnet-Plugins/ritnet/Ellseg/extern/locating-objects-without-bboxes/setup.py,vendor
109,384185e89d1ec1570b6e733f2c72462f48c0312fc7eceff57d1cc599346c647c,975dc374807ec63d511550a99738e6f802425784,4033,archive;reference,algorithm/archive/imports/fecet_hbtxr/fecet_hbtxr/metrics.py,archive
109,384185e89d1ec1570b6e733f2c72462f48c0312fc7eceff57d1cc599346c647c,975dc374807ec63d511550a99738e6f802425784,4033,archive;reference,algorithm/archive/imports/swift_hbtxr/swift_hbtxr/metrics.py,archive
109,384185e89d1ec1570b6e733f2c72462f48c0312fc7eceff57d1cc599346c647c,975dc374807ec63d511550a99738e6f802425784,4033,archive;reference,references/legacy-codebase/impl/FECET-HBTXR/fecet_hbtxr/metrics.py,reference
109,384185e89d1ec1570b6e733f2c72462f48c0312fc7eceff57d1cc599346c647c,975dc374807ec63d511550a99738e6f802425784,4033,archive;reference,references/legacy-codebase/impl/SWIFT-HBTXR/swift_hbtxr/metrics.py,reference
110,3849b9a6c604323e0540226ffb18e897035fe77c8cc0bce20d0dc9634b415d4e,cf45d1b7b8bceb990e1373b94285c29bc6ddf341,18507,reference;vendor,references/legacy-codebase/software/EllSeg/extern/locating-objects-without-bboxes/object-locator/data.py,reference
110,3849b9a6c604323e0540226ffb18e897035fe77c8cc0bce20d0dc9634b415d4e,cf45d1b7b8bceb990e1373b94285c29bc6ddf341,18507,reference;vendor,third/EllSeg/extern/locating-objects-without-bboxes/object-locator/data.py,vendor
110,3849b9a6c604323e0540226ffb18e897035fe77c8cc0bce20d0dc9634b415d4e,cf45d1b7b8bceb990e1373b94285c29bc6ddf341,18507,reference;vendor,third/Pupil-Labs-Core-RITnet-Plugins/ritnet/Ellseg/extern/locating-objects-without-bboxes/object-locator/data.py,vendor
111,38e03d5979bdd8cf1809b7e63a0fccab46f41f97c562d5771246fbb84533625c,e26d26d683f661ec6c9dbb9eaba8371018e420e4,2986,maintained;reference,algorithm/event/configs/DavisEyeEllipse_HBTXR_event_gsam2crop_si_img64_patch4_time80ms.yaml,maintained
111,38e03d5979bdd8cf1809b7e63a0fccab46f41f97c562d5771246fbb84533625c,e26d26d683f661ec6c9dbb9eaba8371018e420e4,2986,maintained;reference,references/legacy-codebase/software/FACET/configs/DavisEyeEllipse_HBTXR_event_gsam2crop_si_img64_patch4_time80ms.yaml,reference
112,3a57e72ad4a92621781cf7947679a965530420064ec75f751a72ce71b91dd099,ff89ff45fa74426cfdac092780d569fbb6a2b0eb,9630,reference;vendor,references/legacy-codebase/software/EllSeg/dataset_generation/ExtractOpenEDS_seg.py,reference
112,3a57e72ad4a92621781cf7947679a965530420064ec75f751a72ce71b91dd099,ff89ff45fa74426cfdac092780d569fbb6a2b0eb,9630,reference;vendor,third/EllSeg/dataset_generation/ExtractOpenEDS_seg.py,vendor
112,3a57e72ad4a92621781cf7947679a965530420064ec75f751a72ce71b91dd099,ff89ff45fa74426cfdac092780d569fbb6a2b0eb,9630,reference;vendor,third/Pupil-Labs-Core-RITnet-Plugins/ritnet/Ellseg/dataset_generation/ExtractOpenEDS_seg.py,vendor
113,3a9505389fe7c4b3aae1914480201d39dc23332ca27fbfca833c1fa49669bf8e,0ecbe3f3d74db98d2b82fb8f94f5b7d58c760321,2890,reference;vendor,references/legacy-codebase/software/EllSeg/requirements.txt,reference
113,3a9505389fe7c4b3aae1914480201d39dc23332ca27fbfca833c1fa49669bf8e,0ecbe3f3d74db98d2b82fb8f94f5b7d58c760321,2890,reference;vendor,third/EllSeg/requirements.txt,vendor
113,3a9505389fe7c4b3aae1914480201d39dc23332ca27fbfca833c1fa49669bf8e,0ecbe3f3d74db98d2b82fb8f94f5b7d58c760321,2890,reference;vendor,third/Pupil-Labs-Core-RITnet-Plugins/ritnet/Ellseg/requirements - Copy.txt,vendor
113,3a9505389fe7c4b3aae1914480201d39dc23332ca27fbfca833c1fa49669bf8e,0ecbe3f3d74db98d2b82fb8f94f5b7d58c760321,2890,reference;vendor,third/Pupil-Labs-Core-RITnet-Plugins/ritnet/Ellseg/requirements.txt,vendor
114,3ad4904ff28d6190d94171f3ef1f5a465e0ea926220757cbc4b913c5df16c972,ec70e10419443de366860325e8385d1d1ccd0e4a,824,maintained;reference,algorithm/common/src/EvEye/utils/tonic/functional/CutMaxCount.py,maintained
114,3ad4904ff28d6190d94171f3ef1f5a465e0ea926220757cbc4b913c5df16c972,ec70e10419443de366860325e8385d1d1ccd0e4a,824,maintained;reference,references/legacy-codebase/software/FACET/EvEye/utils/tonic/functional/CutMaxCount.py,reference
115,3afce67e999dcd7b6424780fe7ea6dff84d8b467ac275a1358fe4236bd420d97,40b19a129d58f2f3ee812aa5d4e1bfb9c05c5840,326,reference;vendor,references/legacy-codebase/software/EllSeg/runLocal.sh,reference
115,3afce67e999dcd7b6424780fe7ea6dff84d8b467ac275a1358fe4236bd420d97,40b19a129d58f2f3ee812aa5d4e1bfb9c05c5840,326,reference;vendor,third/EllSeg/runLocal.sh,vendor
115,3afce67e999dcd7b6424780fe7ea6dff84d8b467ac275a1358fe4236bd420d97,40b19a129d58f2f3ee812aa5d4e1bfb9c05c5840,326,reference;vendor,third/Pupil-Labs-Core-RITnet-Plugins/ritnet/Ellseg/runLocal.sh,vendor
116,3b06ed3ba3e58c88ac4478d511cd02acae7fb4a8d58c53913c61d109dfc818f5,57649ec2ca4c845cee5015ffc6ddc5734542a571,1368,reference;test,quantization/references/HG-PIPE-Quantization/tests/test_trace_compare.py,reference
116,3b06ed3ba3e58c88ac4478d511cd02acae7fb4a8d58c53913c61d109dfc818f5,57649ec2ca4c845cee5015ffc6ddc5734542a571,1368,reference;test,quantization/tests/test_trace_compare.py,test
117,3b4ddbba5dec9d1999ef98d1b43e49ef8c2e7d427be1b6cf69273810ed6aaa27,f4835c70afc34639d1859cf8a6000c53b0d266bd,16959,maintained;reference,algorithm/common/scripts/facet/inference_visualize.ipynb,maintained
117,3b4ddbba5dec9d1999ef98d1b43e49ef8c2e7d427be1b6cf69273810ed6aaa27,f4835c70afc34639d1859cf8a6000c53b0d266bd,16959,maintained;reference,references/legacy-codebase/software/FACET/tools/inference_visualize.ipynb,reference
118,3be200bd729f730b966612f592a96b3a851c4111deaa687acd06b56702af4a12,e775c04d18e49598f5ab58ed366cb4bf10afee06,1311,reference;vendor,references/legacy-codebase/software/EllSeg/rc_launch_scripts/runRC_testCode.sh,reference
118,3be200bd729f730b966612f592a96b3a851c4111deaa687acd06b56702af4a12,e775c04d18e49598f5ab58ed366cb4bf10afee06,1311,reference;vendor,third/EllSeg/rc_launch_scripts/runRC_testCode.sh,vendor
118,3be200bd729f730b966612f592a96b3a851c4111deaa687acd06b56702af4a12,e775c04d18e49598f5ab58ed366cb4bf10afee06,1311,reference;vendor,third/Pupil-Labs-Core-RITnet-Plugins/ritnet/Ellseg/rc_launch_scripts/runRC_testCode.sh,vendor
119,3dc6e6ce106fc758dc05f7762b28777bbfe7f89a92dc4b2e1b05e104a44a559f,0b89d5aa63e7dad3ce763f81ab0cbeb9a335e088,5476,maintained;reference,algorithm/common/src/EvEye/utils/visualization/plot.ipynb,maintained
119,3dc6e6ce106fc758dc05f7762b28777bbfe7f89a92dc4b2e1b05e104a44a559f,0b89d5aa63e7dad3ce763f81ab0cbeb9a335e088,5476,maintained;reference,references/legacy-codebase/software/FACET/EvEye/utils/visualization/plot.ipynb,reference
120,3eb2ea581e1a90f4c20ee1ed6fb4b4512d19a8b3ddf2f0216276cabe14c78583,8d896a9cb36bd28920d33de3de2ec5b06b419eea,4315,maintained;reference,algorithm/common/src/EvEye/utils/dvs_common_utils/representation/Histgram.py,maintained
120,3eb2ea581e1a90f4c20ee1ed6fb4b4512d19a8b3ddf2f0216276cabe14c78583,8d896a9cb36bd28920d33de3de2ec5b06b419eea,4315,maintained;reference,references/legacy-codebase/software/FACET/EvEye/utils/dvs_common_utils/representation/Histgram.py,reference
121,3f317989c5f5be40bf4eb8912463f2c28d78385f741b524bfae3add52f78268a,99a59c9a50fad1fb920ecfb7a38acc522100b6ea,2692,maintained;reference,algorithm/common/src/EvEye/utils/scripts/s3_upload_files.ipynb,maintained
121,3f317989c5f5be40bf4eb8912463f2c28d78385f741b524bfae3add52f78268a,99a59c9a50fad1fb920ecfb7a38acc522100b6ea,2692,maintained;reference,references/legacy-codebase/software/FACET/EvEye/utils/scripts/s3_upload_files.ipynb,reference
122,3f7e4be6abeaf80c28e265c30ae56b11ba4c1d5133419bb67178a114d934ab04,430c076c34ec003aa60d90d2602e6ff620754ef0,6762,maintained;reference,algorithm/common/src/EvEye/dataset/DavisEyeCenter/losses.py,maintained
122,3f7e4be6abeaf80c28e265c30ae56b11ba4c1d5133419bb67178a114d934ab04,430c076c34ec003aa60d90d2602e6ff620754ef0,6762,maintained;reference,references/legacy-codebase/software/FACET/EvEye/dataset/DavisEyeCenter/losses.py,reference
123,3f8889e8b0a80502cf143e38ac79d3595169f595b2bbddb18a7f189ff0b3baf2,3337e55e324b190a31ddfe7f4b296fd2675a476d,2122,reference;test,quantization/references/HG-PIPE-Quantization/tests/test_imagenet_eval.py,reference
123,3f8889e8b0a80502cf143e38ac79d3595169f595b2bbddb18a7f189ff0b3baf2,3337e55e324b190a31ddfe7f4b296fd2675a476d,2122,reference;test,quantization/tests/test_imagenet_eval.py,test
124,3fdb039d0a66670944fa1cbf6c3f45f6bbc6a929406a979954f1eb7761c57d46,02224245d2ca962fcbdf12f4b3716446d4695f6c,1653,maintained;reference,algorithm/common/src/EvEye/utils/dvs_common_utils/utils/dv_accumulator.py,maintained
124,3fdb039d0a66670944fa1cbf6c3f45f6bbc6a929406a979954f1eb7761c57d46,02224245d2ca962fcbdf12f4b3716446d4695f6c,1653,maintained;reference,references/legacy-codebase/software/FACET/EvEye/utils/dvs_common_utils/utils/dv_accumulator.py,reference
125,40a39e8045a3c07fc34a27bfb0c0af7eba0d67192ee49058f0101dade95dd342,87d493cab362e3c62f54398916c489c56e891a7c,11230,reference;vendor,references/legacy-codebase/software/EllSeg/extern/locating-objects-without-bboxes/object-locator/data_plant_stuff.py,reference
125,40a39e8045a3c07fc34a27bfb0c0af7eba0d67192ee49058f0101dade95dd342,87d493cab362e3c62f54398916c489c56e891a7c,11230,reference;vendor,third/EllSeg/extern/locating-objects-without-bboxes/object-locator/data_plant_stuff.py,vendor
125,40a39e8045a3c07fc34a27bfb0c0af7eba0d67192ee49058f0101dade95dd342,87d493cab362e3c62f54398916c489c56e891a7c,11230,reference;vendor,third/Pupil-Labs-Core-RITnet-Plugins/ritnet/Ellseg/extern/locating-objects-without-bboxes/object-locator/data_plant_stuff.py,vendor
126,40abaf0af4d86b437db518359f868cb33785f2dcb74335fa216f02d21393ba7f,53c0ad2281263c208dc8a9bcb07d83ae6a904793,3198,maintained;reference,algorithm/common/src/EvEye/model/DavisEyeEllipse/ElNet/torchvision_dcn.py,maintained
126,40abaf0af4d86b437db518359f868cb33785f2dcb74335fa216f02d21393ba7f,53c0ad2281263c208dc8a9bcb07d83ae6a904793,3198,maintained;reference,references/legacy-codebase/software/FACET/EvEye/model/DavisEyeEllipse/ElNet/torchvision_dcn.py,reference
127,4102f5c550a83294b242bd878280fc9ba34579c5df255bd23f20f48eaf21df17,55c9472ed397c6f999b37561273f03e822eb1509,13880,archive;docs,algorithm/archive/imports/conversations/hgtxr_etri_server_hardware/by-date/undated/SESSION_PROGRESS_AND_CONVERSATION_2026_07_05.md,archive
127,4102f5c550a83294b242bd878280fc9ba34579c5df255bd23f20f48eaf21df17,55c9472ed397c6f999b37561273f03e822eb1509,13880,archive;docs,hardware/docs/track/SESSION_PROGRESS_AND_CONVERSATION_2026_07_05.md,docs
128,41b6cd29e6e411477581f4619ca220391d3e5ed996b59119ea434ce74d13856a,235f38bb50028484097636e512994202933336a5,3434,maintained;reference,algorithm/common/src/EvEye/model/DavisWithMask/DeepLabV3.py,maintained
128,41b6cd29e6e411477581f4619ca220391d3e5ed996b59119ea434ce74d13856a,235f38bb50028484097636e512994202933336a5,3434,maintained;reference,references/legacy-codebase/software/FACET/EvEye/model/DavisWithMask/DeepLabV3.py,reference
129,41f455d9a1021ffb68bd7fcd9a8b41558cd7cab24ae4e1778b2327bfa5927f25,c6c63b1541fc8161bf0ea7d3530f6fc8fc5e9b3d,30282,reference;vendor,references/legacy-codebase/software/EllSeg/extern/locating-objects-without-bboxes/CHANGELOG.md,reference
129,41f455d9a1021ffb68bd7fcd9a8b41558cd7cab24ae4e1778b2327bfa5927f25,c6c63b1541fc8161bf0ea7d3530f6fc8fc5e9b3d,30282,reference;vendor,third/EllSeg/extern/locating-objects-without-bboxes/CHANGELOG.md,vendor
129,41f455d9a1021ffb68bd7fcd9a8b41558cd7cab24ae4e1778b2327bfa5927f25,c6c63b1541fc8161bf0ea7d3530f6fc8fc5e9b3d,30282,reference;vendor,third/Pupil-Labs-Core-RITnet-Plugins/ritnet/Ellseg/extern/locating-objects-without-bboxes/CHANGELOG.md,vendor
130,426bb9aa52aa02990627833e125d986a322d6de94d58e466893896a6571b34e2,623ec40c989810f925e535e05e149b65f979387d,1653,archive;docs,algorithm/archive/imports/hgtxr/docs/hgtxr_project_docs/Paper-Mapping.md,archive
130,426bb9aa52aa02990627833e125d986a322d6de94d58e466893896a6571b34e2,623ec40c989810f925e535e05e149b65f979387d,1653,archive;docs,quantization/docs/hgtxr_context/Paper-Mapping.md,docs
131,42daec0b05391dcbc1b9619780519cc3d8d62cde1af3ef33197b16db1b53ca10,afcc813724eb9c299dc9c9b467a6c9b7af990fbb,37389,maintained;reference,algorithm/common/src/EvEye/utils/scripts/ensure_time.ipynb,maintained
131,42daec0b05391dcbc1b9619780519cc3d8d62cde1af3ef33197b16db1b53ca10,afcc813724eb9c299dc9c9b467a6c9b7af990fbb,37389,maintained;reference,references/legacy-codebase/software/FACET/EvEye/utils/scripts/ensure_time.ipynb,reference
132,45027dedcd8eda65f0b43e24d3634956aed7559e318f6f88130be3d53a25883a,eca73c5a8930a5261ef7dd84638e0d46ed6ac49b,2678,maintained;reference,algorithm/event/configs/DavisEyeEllipse_HBTXR_full_unet_img64_patch4.yaml,maintained
132,45027dedcd8eda65f0b43e24d3634956aed7559e318f6f88130be3d53a25883a,eca73c5a8930a5261ef7dd84638e0d46ed6ac49b,2678,maintained;reference,references/legacy-codebase/software/FACET/configs/DavisEyeEllipse_HBTXR_full_unet_img64_patch4.yaml,reference
133,4562f84e7350357cfe4d13a97ee9f5eb8f66ff212f8343d95d4cb92a65593dd1,c5cdfdc2cac606723961487ff65d90a788bb18e6,552,maintained;reference,algorithm/common/src/EvEye/utils/scripts/load_config.py,maintained
133,4562f84e7350357cfe4d13a97ee9f5eb8f66ff212f8343d95d4cb92a65593dd1,c5cdfdc2cac606723961487ff65d90a788bb18e6,552,maintained;reference,references/legacy-codebase/software/FACET/EvEye/utils/scripts/load_config.py,reference
134,457ddae13cda85d8f235985d090bf8b1ad1e2a9397243cd5ea11a6df21c868ee,029d104c27ff2dcf87150c9ae81a3d4741e0f44f,2727,archive;reference,algorithm/archive/imports/swift_hbtxr/configs/base.yaml,archive
134,457ddae13cda85d8f235985d090bf8b1ad1e2a9397243cd5ea11a6df21c868ee,029d104c27ff2dcf87150c9ae81a3d4741e0f44f,2727,archive;reference,references/legacy-codebase/impl/SWIFT-HBTXR/configs/base.yaml,reference
135,47d28b29237391e69662d754b768507a48974df44079d496f69c0bcf51663a33,192c3adcd0991e9eabc3f3ffcc46b9836e8cafdb,220,archive;maintained,algorithm/archive/imports/legacy_hybrid/scripts/runtime/run_vis.sh,archive
135,47d28b29237391e69662d754b768507a48974df44079d496f69c0bcf51663a33,192c3adcd0991e9eabc3f3ffcc46b9836e8cafdb,220,archive;maintained,algorithm/hybrid/scripts/external_pipeline/run_vis.sh,maintained
136,480eccd34b987330fbf41027ba546c54a39b11d9b7bdc994217c089e7690064b,096ab6ec2556d672793b0eab67510a07a2cb7b7c,7846,archive;docs,algorithm/archive/imports/conversations/hgtxr_etri_server_hardware/by-date/undated/HANDOVER_2026_06_27.md,archive
136,480eccd34b987330fbf41027ba546c54a39b11d9b7bdc994217c089e7690064b,096ab6ec2556d672793b0eab67510a07a2cb7b7c,7846,archive;docs,hardware/docs/track/HANDOVER_2026_06_27.md,docs
137,482a613b01e223b7d285a6f99df171f67164010b4cb8ddac47166350e262e79d,3b3910dbc3c69888f9ba79c6edebfff3f4f7d3b1,2530,maintained;reference,algorithm/event/configs/DavisEyeEllipse_ElNet_subject_independent_img64.yaml,maintained
137,482a613b01e223b7d285a6f99df171f67164010b4cb8ddac47166350e262e79d,3b3910dbc3c69888f9ba79c6edebfff3f4f7d3b1,2530,maintained;reference,references/legacy-codebase/software/FACET/configs/DavisEyeEllipse_ElNet_subject_independent_img64.yaml,reference
138,486063b47fb633c2dcdba671b03180b06b7d534be1a61200d29de0a53e4ae1af,33d9992b5a8ce52e8a111c9d0130d025b554ae8b,2695,maintained;reference,algorithm/event/configs/DavisEyeEllipse_HBTXR_full_unet_effbs32.yaml,maintained
138,486063b47fb633c2dcdba671b03180b06b7d534be1a61200d29de0a53e4ae1af,33d9992b5a8ce52e8a111c9d0130d025b554ae8b,2695,maintained;reference,references/legacy-codebase/software/FACET/configs/DavisEyeEllipse_HBTXR_full_unet_effbs32.yaml,reference
139,489ac7bd34781be060b4a7edf1243211adff9b107590e77836b93f7a7cfeaa31,d8773831326ccc73bfbbf314df1d92f6791db1e8,17100,maintained;reference,algorithm/common/src/EvEye/utils/cache/MemmapCacheFrameStack.ipynb,maintained
139,489ac7bd34781be060b4a7edf1243211adff9b107590e77836b93f7a7cfeaa31,d8773831326ccc73bfbbf314df1d92f6791db1e8,17100,maintained;reference,references/legacy-codebase/software/FACET/EvEye/utils/cache/MemmapCacheFrameStack.ipynb,reference
140,48b99a3bf1a340b9f70f90799e302a3b5851b23e015c0a0df72bc62a32ed574e,7f95b36a41a9e1d3accb5b75f8e0ed9db8d0d4d9,2773,maintained;reference,algorithm/frame/configs/DavisEyeEllipse_HBTXR_frame_cached_si_img128_patch4_best_safe.yaml,maintained
140,48b99a3bf1a340b9f70f90799e302a3b5851b23e015c0a0df72bc62a32ed574e,7f95b36a41a9e1d3accb5b75f8e0ed9db8d0d4d9,2773,maintained;reference,references/legacy-codebase/software/FACET/configs/DavisEyeEllipse_HBTXR_frame_cached_si_img128_patch4_best_safe.yaml,reference
141,497b7f8dfc7665eec6cad6c2c0801c7a5d9d323827b70c8d06258003333ebb9f,2396a0bce641195eff35a252ac18426dad6d81bd,2674,maintained;reference,algorithm/frame/configs/DavisEyeEllipse_HBTXR_frame_img128_patch4.yaml,maintained
141,497b7f8dfc7665eec6cad6c2c0801c7a5d9d323827b70c8d06258003333ebb9f,2396a0bce641195eff35a252ac18426dad6d81bd,2674,maintained;reference,references/legacy-codebase/software/FACET/configs/DavisEyeEllipse_HBTXR_frame_img128_patch4.yaml,reference
142,49b6e72beb01ed7dbd13145fc1c3d60120aea315ed587263888035d1d69ba811,382638c1aba460fd5eeb0210ce84076152a31b15,7251,reference;test,algorithm/common/tests/facet/test_num_workers.ipynb,test
142,49b6e72beb01ed7dbd13145fc1c3d60120aea315ed587263888035d1d69ba811,382638c1aba460fd5eeb0210ce84076152a31b15,7251,reference;test,references/legacy-codebase/software/FACET/tests/test_num_workers.ipynb,reference
143,4a352f10df68d6eb0c3d543c869fca3caf52a00a80a4604d6eafbeb11175734c,ae6fed21bff000ee826de799ecd7a2f91a359143,184,archive;reference,algorithm/archive/imports/fecet_hbtxr/scripts/prepare_dataset.sh,archive
143,4a352f10df68d6eb0c3d543c869fca3caf52a00a80a4604d6eafbeb11175734c,ae6fed21bff000ee826de799ecd7a2f91a359143,184,archive;reference,algorithm/archive/imports/swift_hbtxr/scripts/prepare_dataset.sh,archive
143,4a352f10df68d6eb0c3d543c869fca3caf52a00a80a4604d6eafbeb11175734c,ae6fed21bff000ee826de799ecd7a2f91a359143,184,archive;reference,references/legacy-codebase/impl/FECET-HBTXR/scripts/prepare_dataset.sh,reference
143,4a352f10df68d6eb0c3d543c869fca3caf52a00a80a4604d6eafbeb11175734c,ae6fed21bff000ee826de799ecd7a2f91a359143,184,archive;reference,references/legacy-codebase/impl/SWIFT-HBTXR/scripts/prepare_dataset.sh,reference
144,4a618261257000182546fe8a1b510193f7d7c456107245761c571b7ed24d8147,ccba8cb037b4d964585bb62a4add0f4aae516b54,14385,archive;reference,algorithm/archive/imports/swift_hbtxr/swift_hbtxr/model.py,archive
144,4a618261257000182546fe8a1b510193f7d7c456107245761c571b7ed24d8147,ccba8cb037b4d964585bb62a4add0f4aae516b54,14385,archive;reference,references/legacy-codebase/impl/SWIFT-HBTXR/swift_hbtxr/model.py,reference
145,4aa2f731fe4c377926a3a0e63e77926e2c36dca894c719440d8f8224eb456b7f,726b37aa1fc4a6c27041c181552a1dadb95ba2d0,6204,reference;vendor,references/legacy-codebase/software/EllSeg/dataset_generation/ExtractUnityEyes.py,reference
145,4aa2f731fe4c377926a3a0e63e77926e2c36dca894c719440d8f8224eb456b7f,726b37aa1fc4a6c27041c181552a1dadb95ba2d0,6204,reference;vendor,third/EllSeg/dataset_generation/ExtractUnityEyes.py,vendor
145,4aa2f731fe4c377926a3a0e63e77926e2c36dca894c719440d8f8224eb456b7f,726b37aa1fc4a6c27041c181552a1dadb95ba2d0,6204,reference;vendor,third/Pupil-Labs-Core-RITnet-Plugins/ritnet/Ellseg/dataset_generation/ExtractUnityEyes.py,vendor
146,4b17da7ef265a3f3d7451c28ea2a9c34b2f65b9920bf557a4b3a959ec3515946,de1e6fdaf5163586a6835144114e7000e62cc242,402,reference;vendor,references/legacy-codebase/software/EllSeg/dataset_generation/fuhl_status.out,reference
146,4b17da7ef265a3f3d7451c28ea2a9c34b2f65b9920bf557a4b3a959ec3515946,de1e6fdaf5163586a6835144114e7000e62cc242,402,reference;vendor,third/EllSeg/dataset_generation/fuhl_status.out,vendor
146,4b17da7ef265a3f3d7451c28ea2a9c34b2f65b9920bf557a4b3a959ec3515946,de1e6fdaf5163586a6835144114e7000e62cc242,402,reference;vendor,third/Pupil-Labs-Core-RITnet-Plugins/ritnet/Ellseg/dataset_generation/fuhl_status.out,vendor
147,4b17f86a3dcbd7ea077cafe052637b30472c15660c77ec3ea3dc8414a92a1e68,1057b91d2261e2b3b46cc237f34bf3c92e187472,16651,maintained;reference,quantization/references/HG-PIPE-Quantization/src/lut_calibration.py,reference
147,4b17f86a3dcbd7ea077cafe052637b30472c15660c77ec3ea3dc8414a92a1e68,1057b91d2261e2b3b46cc237f34bf3c92e187472,16651,maintained;reference,quantization/src/lut_calibration.py,maintained
147,4b17f86a3dcbd7ea077cafe052637b30472c15660c77ec3ea3dc8414a92a1e68,1057b91d2261e2b3b46cc237f34bf3c92e187472,16651,maintained;reference,references/legacy-codebase/impl/HG-PIPE-Quantization/hgpipe_quantization/lut_calibration.py,reference
148,4c08fa35c4f9b25d88ed4991607f1ca6b0b45cf482c6fb388bef86479f2a599f,0fa428b92383268bb2b72e4a66b26177a68c8b23,5176,maintained;reference,quantization/references/HG-PIPE-Quantization/src/pipeline.py,reference
148,4c08fa35c4f9b25d88ed4991607f1ca6b0b45cf482c6fb388bef86479f2a599f,0fa428b92383268bb2b72e4a66b26177a68c8b23,5176,maintained;reference,quantization/src/pipeline.py,maintained
148,4c08fa35c4f9b25d88ed4991607f1ca6b0b45cf482c6fb388bef86479f2a599f,0fa428b92383268bb2b72e4a66b26177a68c8b23,5176,maintained;reference,references/legacy-codebase/hardware/HGPIPE/HG-PIPE-Quantization/hgpipe_quantization/pipeline.py,reference
148,4c08fa35c4f9b25d88ed4991607f1ca6b0b45cf482c6fb388bef86479f2a599f,0fa428b92383268bb2b72e4a66b26177a68c8b23,5176,maintained;reference,references/legacy-codebase/impl/HG-PIPE-Quantization/hgpipe_quantization/pipeline.py,reference
149,4c8041d71d9f6519779c88545345d6632bf7893a66e4b808de4a58d5d122f820,84346efd2bad4c0a20719bbcce025c36eae8f03d,527,reference;test,quantization/references/HG-PIPE-Quantization/tests/test_refs_smoke.py,reference
149,4c8041d71d9f6519779c88545345d6632bf7893a66e4b808de4a58d5d122f820,84346efd2bad4c0a20719bbcce025c36eae8f03d,527,reference;test,quantization/tests/test_refs_smoke.py,test
150,4ccdc0b941b2810f1d09a30456c60bb6bcc5c55b64d7087685538dc8b3112a11,4b5fc7dde482e45833ae2ac4ead6e8607cbb98cb,2642,maintained;reference,algorithm/event/configs/DavisEyeEllipse_HBTXR_full_unet.yaml,maintained
150,4ccdc0b941b2810f1d09a30456c60bb6bcc5c55b64d7087685538dc8b3112a11,4b5fc7dde482e45833ae2ac4ead6e8607cbb98cb,2642,maintained;reference,references/legacy-codebase/software/FACET/configs/DavisEyeEllipse_HBTXR_full_unet.yaml,reference
151,4cfa2f2d8f9faf53b023e3cf6917d620606d8af71f73182e7c32f96735ec4782,01ff70cd2a45763afd9f66129b9cb39d32dfd184,2644,maintained;reference,algorithm/common/src/EvEye/dataset/Test/TestDataset.py,maintained
151,4cfa2f2d8f9faf53b023e3cf6917d620606d8af71f73182e7c32f96735ec4782,01ff70cd2a45763afd9f66129b9cb39d32dfd184,2644,maintained;reference,references/legacy-codebase/software/FACET/EvEye/dataset/Test/TestDataset.py,reference
152,4cfd0ad0fcb6b11f4614e3415c802db6fb28e225d7f7d79dca6612ef2acf335e,77f36f0d5106f588c821d103f98ebd8b39ff2ddc,2107,reference;vendor,references/legacy-codebase/software/EllSeg/analysis/plotLatent.py,reference
152,4cfd0ad0fcb6b11f4614e3415c802db6fb28e225d7f7d79dca6612ef2acf335e,77f36f0d5106f588c821d103f98ebd8b39ff2ddc,2107,reference;vendor,third/EllSeg/analysis/plotLatent.py,vendor
152,4cfd0ad0fcb6b11f4614e3415c802db6fb28e225d7f7d79dca6612ef2acf335e,77f36f0d5106f588c821d103f98ebd8b39ff2ddc,2107,reference;vendor,third/Pupil-Labs-Core-RITnet-Plugins/ritnet/Ellseg/analysis/plotLatent.py,vendor
153,4e30a8c29188bac3778ba754f77ba4fcba74677cce42718dd7f62cf7f7fda774,fb92a2d4ca74cce7271c549d747651ccf0b520bc,468,reference;vendor,references/legacy-codebase/software/EllSeg/analysis/KLvsLogSoftMax.py,reference
153,4e30a8c29188bac3778ba754f77ba4fcba74677cce42718dd7f62cf7f7fda774,fb92a2d4ca74cce7271c549d747651ccf0b520bc,468,reference;vendor,third/EllSeg/analysis/KLvsLogSoftMax.py,vendor
153,4e30a8c29188bac3778ba754f77ba4fcba74677cce42718dd7f62cf7f7fda774,fb92a2d4ca74cce7271c549d747651ccf0b520bc,468,reference;vendor,third/Pupil-Labs-Core-RITnet-Plugins/ritnet/Ellseg/analysis/KLvsLogSoftMax.py,vendor
154,4e813f2dd855f26eb428ca49db38c23b855f99d0f1ee704919a03c37d515f7ac,a012b3910b9622bdfd9a1457e6d0a2e06510841a,10459,archive;reference,algorithm/archive/imports/fecet_hbtxr/fecet_hbtxr/losses.py,archive
154,4e813f2dd855f26eb428ca49db38c23b855f99d0f1ee704919a03c37d515f7ac,a012b3910b9622bdfd9a1457e6d0a2e06510841a,10459,archive;reference,algorithm/archive/imports/swift_hbtxr/swift_hbtxr/losses.py,archive
154,4e813f2dd855f26eb428ca49db38c23b855f99d0f1ee704919a03c37d515f7ac,a012b3910b9622bdfd9a1457e6d0a2e06510841a,10459,archive;reference,references/legacy-codebase/impl/FECET-HBTXR/fecet_hbtxr/losses.py,reference
154,4e813f2dd855f26eb428ca49db38c23b855f99d0f1ee704919a03c37d515f7ac,a012b3910b9622bdfd9a1457e6d0a2e06510841a,10459,archive;reference,references/legacy-codebase/impl/SWIFT-HBTXR/swift_hbtxr/losses.py,reference
155,4fea435e78e445e47869360022a5df2e8027bd30945e8da8f76e67f89efbcd79,75564ea8221d20cc0f27c8a48c487d920336a709,6329,maintained;reference,algorithm/common/src/EvEye/utils/dvs_common_utils/utils/event_slicer.py,maintained
155,4fea435e78e445e47869360022a5df2e8027bd30945e8da8f76e67f89efbcd79,75564ea8221d20cc0f27c8a48c487d920336a709,6329,maintained;reference,references/legacy-codebase/software/FACET/EvEye/utils/dvs_common_utils/utils/event_slicer.py,reference
156,50cead4c690465483e68ca41e6e64f086929f282aabcb3d60b16c55b56d676e1,5c934c13273918c6ca2c59e5d78f1550a79ad468,2078,maintained;reference,quantization/references/HG-PIPE-Quantization/src/fake_quant/fx_insert.py,reference
156,50cead4c690465483e68ca41e6e64f086929f282aabcb3d60b16c55b56d676e1,5c934c13273918c6ca2c59e5d78f1550a79ad468,2078,maintained;reference,quantization/src/fake_quant/fx_insert.py,maintained
156,50cead4c690465483e68ca41e6e64f086929f282aabcb3d60b16c55b56d676e1,5c934c13273918c6ca2c59e5d78f1550a79ad468,2078,maintained;reference,references/legacy-codebase/hardware/HGPIPE/HG-PIPE-Quantization/hgpipe_quantization/fake_quant/fx_insert.py,reference
156,50cead4c690465483e68ca41e6e64f086929f282aabcb3d60b16c55b56d676e1,5c934c13273918c6ca2c59e5d78f1550a79ad468,2078,maintained;reference,references/legacy-codebase/impl/HG-PIPE-Quantization/hgpipe_quantization/fake_quant/fx_insert.py,reference
157,50f58a8a109ae51db4a6bc62f61d0e8928d31ac76748b360383073c108409d69,37c1b34f19bce96860ddf40c15facb9a5a10ffa6,18258,archive;reference,algorithm/archive/imports/swift_hbtxr/swift_hbtxr/trainer.py,archive
157,50f58a8a109ae51db4a6bc62f61d0e8928d31ac76748b360383073c108409d69,37c1b34f19bce96860ddf40c15facb9a5a10ffa6,18258,archive;reference,references/legacy-codebase/impl/SWIFT-HBTXR/swift_hbtxr/trainer.py,reference
158,513ca140fbd0ed40fd8f758f66b2eaf34ff758bc73f7a7939379cbb43b0026e1,0b9fe95292095fffe30fe9cb9f8a09f1642f526f,674,maintained;reference,algorithm/common/src/EvEye/utils/scripts/remove_000001_prefix.py,maintained
158,513ca140fbd0ed40fd8f758f66b2eaf34ff758bc73f7a7939379cbb43b0026e1,0b9fe95292095fffe30fe9cb9f8a09f1642f526f,674,maintained;reference,references/legacy-codebase/software/FACET/EvEye/utils/scripts/remove_000001_prefix.py,reference
159,51bc92d4ecce1f82e0a0213cad7d1da60c6b5ecbe023e740dae4b7fe7afdf22a,d96ed6afc6c18361438baaa5d37798453b43630d,2602,archive;reference,algorithm/archive/imports/swift_hbtxr/tools/import_swift_eye_checkpoint.py,archive
159,51bc92d4ecce1f82e0a0213cad7d1da60c6b5ecbe023e740dae4b7fe7afdf22a,d96ed6afc6c18361438baaa5d37798453b43630d,2602,archive;reference,references/legacy-codebase/impl/SWIFT-HBTXR/tools/import_swift_eye_checkpoint.py,reference
160,51d9c7e352fa026ac80dbde76b916895effaa1dc04ce8a8569e01ed6ba80fd0e,6e489b128d985abce484225bf0049618eb159814,344,archive;maintained,algorithm/archive/imports/legacy_hybrid/scripts/runtime/run_train.sh,archive
160,51d9c7e352fa026ac80dbde76b916895effaa1dc04ce8a8569e01ed6ba80fd0e,6e489b128d985abce484225bf0049618eb159814,344,archive;maintained,algorithm/hybrid/scripts/external_pipeline/run_train.sh,maintained
161,523915195504664cd3d92f991afc56a06a91930e5af3c018834326eed3a797b1,c9bdde3882c9bb7321364f5328d0b2ee6ae757e3,2814,maintained;reference,algorithm/frame/configs/DavisEyeEllipse_HBTXR_frame_gsam2crop_si_img128_patch4.yaml,maintained
161,523915195504664cd3d92f991afc56a06a91930e5af3c018834326eed3a797b1,c9bdde3882c9bb7321364f5328d0b2ee6ae757e3,2814,maintained;reference,references/legacy-codebase/software/FACET/configs/DavisEyeEllipse_HBTXR_frame_gsam2crop_si_img128_patch4.yaml,reference
162,52aca0f6652400918aa0f169b0286ee649d41779848080e6fd61c891b48d123d,1877b4545a955c3da5ff3941072ba5888376b666,12110,archive;docs,algorithm/archive/imports/conversations/hgtxr_etri_server_hardware/by-date/undated/P0_PROGRESS_2026_06_26.md,archive
162,52aca0f6652400918aa0f169b0286ee649d41779848080e6fd61c891b48d123d,1877b4545a955c3da5ff3941072ba5888376b666,12110,archive;docs,hardware/docs/analysis/no-board-results/P0_PROGRESS_2026_06_26.md,docs
163,5345d63e990a3847f8f064447334de21e90d4d274d2331f390e60cbcbb8e7905,5e2e6170b99ae54e3450bcfab472ffcd77ac452d,4272,maintained;reference,algorithm/common/src/EvEye/dataset/CitiBike/CitiBikeDataset.py,maintained
163,5345d63e990a3847f8f064447334de21e90d4d274d2331f390e60cbcbb8e7905,5e2e6170b99ae54e3450bcfab472ffcd77ac452d,4272,maintained;reference,references/legacy-codebase/software/FACET/EvEye/dataset/CitiBike/CitiBikeDataset.py,reference
164,535b74fae785dd5d763793a370025ed67139417f28a19b3b0d93b46ce5ab5371,4ddfa410695c230942f6e05efba960dbe343078f,2748,maintained;reference,algorithm/event/configs/DavisEyeEllipse_HBTXR_subject_independent_img64_patch4.yaml,maintained
164,535b74fae785dd5d763793a370025ed67139417f28a19b3b0d93b46ce5ab5371,4ddfa410695c230942f6e05efba960dbe343078f,2748,maintained;reference,references/legacy-codebase/software/FACET/configs/DavisEyeEllipse_HBTXR_subject_independent_img64_patch4.yaml,reference
165,53e3e2275ef6781ead991f414a9b02f9a09b7a71245fd13a4653d12be422fc04,824905ffabc3e24c7e03ea4c481b53b2d1683c3a,5724,reference;vendor,references/legacy-codebase/software/EllSeg/extern/locating-objects-without-bboxes/README.md,reference
165,53e3e2275ef6781ead991f414a9b02f9a09b7a71245fd13a4653d12be422fc04,824905ffabc3e24c7e03ea4c481b53b2d1683c3a,5724,reference;vendor,third/EllSeg/extern/locating-objects-without-bboxes/README.md,vendor
165,53e3e2275ef6781ead991f414a9b02f9a09b7a71245fd13a4653d12be422fc04,824905ffabc3e24c7e03ea4c481b53b2d1683c3a,5724,reference;vendor,third/Pupil-Labs-Core-RITnet-Plugins/ritnet/Ellseg/extern/locating-objects-without-bboxes/README.md,vendor
166,53ebac619e2554a425f85d56eae8afa4424b525b999bf5d4a9b737200519792e,b37d8a3dfb1fc000bfd43fc768246cbc10172caa,11021,archive;docs,algorithm/archive/imports/conversations/hgtxr_etri_server_hardware/by-date/undated/RUNTIME_MODE_E2E_SHARED_TOP_2026_06_27.md,archive
166,53ebac619e2554a425f85d56eae8afa4424b525b999bf5d4a9b737200519792e,b37d8a3dfb1fc000bfd43fc768246cbc10172caa,11021,archive;docs,hardware/docs/track/RUNTIME_MODE_E2E_SHARED_TOP_2026_06_27.md,docs
167,543a148877dde6d63ccddd05d15259a288ba30c926462f485215b1e06cbc493f,c395af9bd1f047b74035d2f3d5b59bc34fdebc5d,6143,archive;docs,algorithm/archive/imports/conversations/hgtxr_etri_server_hardware/by-date/undated/MODE_PROFILE_RESULTS_2026_06_27.md,archive
167,543a148877dde6d63ccddd05d15259a288ba30c926462f485215b1e06cbc493f,c395af9bd1f047b74035d2f3d5b59bc34fdebc5d,6143,archive;docs,hardware/docs/analysis/no-board-results/MODE_PROFILE_RESULTS_2026_06_27.md,docs
168,54e6b3b9ac2a435aacd6dc6cb48c36620933725b13ae6e26e528bc6a54335304,ad827de695628072abe4731c789093fde25dd73e,6283,maintained;reference,algorithm/common/src/EvEye/model/DavisEyeEllipse/EPNet/Backbone/MobileNetV3Backbone.py,maintained
168,54e6b3b9ac2a435aacd6dc6cb48c36620933725b13ae6e26e528bc6a54335304,ad827de695628072abe4731c789093fde25dd73e,6283,maintained;reference,references/legacy-codebase/software/FACET/EvEye/model/DavisEyeEllipse/EPNet/Backbone/MobileNetV3Backbone.py,reference
169,5516b7f1ca5cd54dc2acfcc7c7fbd0821b9658af27b51b6666a258a2e6dc8b1a,0b353d190b65bd1c37e72f2c2466782cd8c99fe5,3041,maintained;reference,algorithm/common/src/EvEye/utils/scripts/outputEventFrames.ipynb,maintained
169,5516b7f1ca5cd54dc2acfcc7c7fbd0821b9658af27b51b6666a258a2e6dc8b1a,0b353d190b65bd1c37e72f2c2466782cd8c99fe5,3041,maintained;reference,references/legacy-codebase/software/FACET/EvEye/utils/scripts/outputEventFrames.ipynb,reference
170,561dc32bd2007ecc715c75536d1d39dc210ed5b6ff22b81da74e31870deca1f0,81a74573713c6c543f88653726f797fbf3c66bb2,113030,archive;docs,algorithm/archive/imports/conversations/hgtxr_etri_server_hardware/by-date/undated/EIGHT_QUESTION_FULL_LEARNED_VIVADO_EXPERIMENT_2026_06_28.md,archive
170,561dc32bd2007ecc715c75536d1d39dc210ed5b6ff22b81da74e31870deca1f0,81a74573713c6c543f88653726f797fbf3c66bb2,113030,archive;docs,hardware/docs/track/EIGHT_QUESTION_FULL_LEARNED_VIVADO_EXPERIMENT_2026_06_28.md,docs
171,561f535386c794a5983869a1f7077525675c929839d9986136f0f63e88cbddab,0a55e14cc75090fc49c3259215e7d717b4d442df,10095,maintained;reference,algorithm/common/src/EvEye/utils/scripts/build_reproduction_summary.py,maintained
171,561f535386c794a5983869a1f7077525675c929839d9986136f0f63e88cbddab,0a55e14cc75090fc49c3259215e7d717b4d442df,10095,maintained;reference,references/legacy-codebase/software/FACET/EvEye/utils/scripts/build_reproduction_summary.py,reference
172,59117d2cf44a737552431484c52fd710dc981a008cbb524832aca814300116ca,3eae8e2aaca68244ec60ef48e481e2412fcd125c,4897,maintained;reference,algorithm/common/src/EvEye/utils/scripts/output_groundtruth.py,maintained
172,59117d2cf44a737552431484c52fd710dc981a008cbb524832aca814300116ca,3eae8e2aaca68244ec60ef48e481e2412fcd125c,4897,maintained;reference,references/legacy-codebase/software/FACET/EvEye/utils/scripts/output_groundtruth.py,reference
173,59644ae6f2ccd6575189cf188e21d35aa89581f89e9c2ca95b6469cd54b46089,4a451d69992157ce87572e0b5aafc9cd46356c8a,5749,archive;reference,algorithm/archive/imports/swift_hbtxr/tests/conftest.py,archive
173,59644ae6f2ccd6575189cf188e21d35aa89581f89e9c2ca95b6469cd54b46089,4a451d69992157ce87572e0b5aafc9cd46356c8a,5749,archive;reference,references/legacy-codebase/impl/SWIFT-HBTXR/tests/conftest.py,reference
174,5a27b0461a6b79fa9549282eca428477b5e21aaae780579dcbb02a6a013df0eb,51f02beb097ffc9d5804b2d63ea38ead702f4886,5398,archive;reference,algorithm/archive/imports/fecet_hbtxr/tests/conftest.py,archive
174,5a27b0461a6b79fa9549282eca428477b5e21aaae780579dcbb02a6a013df0eb,51f02beb097ffc9d5804b2d63ea38ead702f4886,5398,archive;reference,references/legacy-codebase/impl/FECET-HBTXR/tests/conftest.py,reference
175,5a777a3e3ebcfb7475af6227cee0c1ee280d529ca4483f4a4972da25db32ae4b,5d6006e5fbce93f965a2cb43b6f7cfa455723ced,2514,maintained;reference,algorithm/event/configs/DavisEyeEllipse_EPNet_fpn_dw_full_unet.yaml,maintained
175,5a777a3e3ebcfb7475af6227cee0c1ee280d529ca4483f4a4972da25db32ae4b,5d6006e5fbce93f965a2cb43b6f7cfa455723ced,2514,maintained;reference,references/legacy-codebase/software/FACET/configs/DavisEyeEllipse_EPNet_fpn_dw_full_unet.yaml,reference
176,5ab3c657881fa9267d2373d221c8e1fbed1d51ad698fe56b2836a7126b5fc768,b88082f23f3c72412a913ce8171eeca6ea1f696d,2736,maintained;reference,algorithm/frame/configs/DavisEyeEllipse_HBTXR_frame_cached_si_img128_patch4.yaml,maintained
176,5ab3c657881fa9267d2373d221c8e1fbed1d51ad698fe56b2836a7126b5fc768,b88082f23f3c72412a913ce8171eeca6ea1f696d,2736,maintained;reference,references/legacy-codebase/software/FACET/configs/DavisEyeEllipse_HBTXR_frame_cached_si_img128_patch4.yaml,reference
177,5b886d3d39894fe6fb9c38c7e7e0ae77bcab648e053d390e21bac06517e25b74,0842b7bd530bbce5f79da4c901183b456befd682,4562,maintained;reference,algorithm/common/src/EvEye/model/DavisEyeEllipse/EPNet/Metric.py,maintained
177,5b886d3d39894fe6fb9c38c7e7e0ae77bcab648e053d390e21bac06517e25b74,0842b7bd530bbce5f79da4c901183b456befd682,4562,maintained;reference,algorithm/common/src/EvEye/model/DavisEyeEllipse/HBTXR/Metric.py,maintained
177,5b886d3d39894fe6fb9c38c7e7e0ae77bcab648e053d390e21bac06517e25b74,0842b7bd530bbce5f79da4c901183b456befd682,4562,maintained;reference,references/legacy-codebase/software/FACET/EvEye/model/DavisEyeEllipse/EPNet/Metric.py,reference
177,5b886d3d39894fe6fb9c38c7e7e0ae77bcab648e053d390e21bac06517e25b74,0842b7bd530bbce5f79da4c901183b456befd682,4562,maintained;reference,references/legacy-codebase/software/FACET/EvEye/model/DavisEyeEllipse/HBTXR/Metric.py,reference
178,5cbb8718a5390273dc28bbcf7e3364125f6a298ae00f180acdb249eb57317b46,f70296d97876b7039d6cd67bbecc249889c24636,4957,reference;vendor,references/legacy-codebase/software/EllSeg/dataset_generation/ExtractSantini.py,reference
178,5cbb8718a5390273dc28bbcf7e3364125f6a298ae00f180acdb249eb57317b46,f70296d97876b7039d6cd67bbecc249889c24636,4957,reference;vendor,third/EllSeg/dataset_generation/ExtractSantini.py,vendor
178,5cbb8718a5390273dc28bbcf7e3364125f6a298ae00f180acdb249eb57317b46,f70296d97876b7039d6cd67bbecc249889c24636,4957,reference;vendor,third/Pupil-Labs-Core-RITnet-Plugins/ritnet/Ellseg/dataset_generation/ExtractSantini.py,vendor
179,5d6aec461a103b641e6435d6c9016286710a63ad6d815f39245917fd8e25a4fc,864f7bfd91c33bc28c97353ff137b4f3331ae56c,3920,reference;vendor,references/legacy-codebase/software/EllSeg/dataset_generation/ExtractLPW.py,reference
179,5d6aec461a103b641e6435d6c9016286710a63ad6d815f39245917fd8e25a4fc,864f7bfd91c33bc28c97353ff137b4f3331ae56c,3920,reference;vendor,third/EllSeg/dataset_generation/ExtractLPW.py,vendor
179,5d6aec461a103b641e6435d6c9016286710a63ad6d815f39245917fd8e25a4fc,864f7bfd91c33bc28c97353ff137b4f3331ae56c,3920,reference;vendor,third/Pupil-Labs-Core-RITnet-Plugins/ritnet/Ellseg/dataset_generation/ExtractLPW.py,vendor
180,5d9445809681bcd577a40aa70b4e76b1d94f0740d038decadb18e1840c5df00a,7b9df8de9dc3863fd80c68cdf9733e321fe3f502,1219,reference;vendor,references/legacy-codebase/software/EllSeg/figures/EpSegvsElSeg.py,reference
180,5d9445809681bcd577a40aa70b4e76b1d94f0740d038decadb18e1840c5df00a,7b9df8de9dc3863fd80c68cdf9733e321fe3f502,1219,reference;vendor,third/EllSeg/figures/EpSegvsElSeg.py,vendor
180,5d9445809681bcd577a40aa70b4e76b1d94f0740d038decadb18e1840c5df00a,7b9df8de9dc3863fd80c68cdf9733e321fe3f502,1219,reference;vendor,third/Pupil-Labs-Core-RITnet-Plugins/ritnet/Ellseg/figures/EpSegvsElSeg.py,vendor
181,5e1c15ba9498eb23025c2a933dd5bcb2f590b523489888a2361e4d1f1516d7aa,9627ba4303390345572a756dde4a4199a85ca6eb,602240,artifact;reference,quantization/references/HG-PIPE-Quantization/reports/smoke_zero_image.npy,reference
181,5e1c15ba9498eb23025c2a933dd5bcb2f590b523489888a2361e4d1f1516d7aa,9627ba4303390345572a756dde4a4199a85ca6eb,602240,artifact;reference,quantization/reports/smoke_zero_image.npy,artifact
181,5e1c15ba9498eb23025c2a933dd5bcb2f590b523489888a2361e4d1f1516d7aa,9627ba4303390345572a756dde4a4199a85ca6eb,602240,artifact;reference,references/legacy-codebase/hardware/HGPIPE/HG-PIPE-Quantization/reports/smoke_zero_image.npy,reference
181,5e1c15ba9498eb23025c2a933dd5bcb2f590b523489888a2361e4d1f1516d7aa,9627ba4303390345572a756dde4a4199a85ca6eb,602240,artifact;reference,references/legacy-codebase/impl/HG-PIPE-Quantization/reports/smoke_zero_image.npy,reference
182,5eee6241c49ae275429844b845364b2222cb625721bb69603ce3b2258350b83f,73d8f0237ff7a4174df147dfd88ff7ea0f714576,1001,reference;vendor,references/legacy-codebase/software/EllSeg/maintainance/copyCheckpoints.py,reference
182,5eee6241c49ae275429844b845364b2222cb625721bb69603ce3b2258350b83f,73d8f0237ff7a4174df147dfd88ff7ea0f714576,1001,reference;vendor,third/EllSeg/maintainance/copyCheckpoints.py,vendor
182,5eee6241c49ae275429844b845364b2222cb625721bb69603ce3b2258350b83f,73d8f0237ff7a4174df147dfd88ff7ea0f714576,1001,reference;vendor,third/Pupil-Labs-Core-RITnet-Plugins/ritnet/Ellseg/maintainance/copyCheckpoints.py,vendor
183,5ef79a457a2635b4ab78ced282ed6795427d5513c254cb3c830a5d32cb057a09,ff5d728d6a973c51339ea4b7fcb7e540aef1eb4e,5431,reference;test,algorithm/common/tests/facet/visualize_events_frame.py,test
183,5ef79a457a2635b4ab78ced282ed6795427d5513c254cb3c830a5d32cb057a09,ff5d728d6a973c51339ea4b7fcb7e540aef1eb4e,5431,reference;test,references/legacy-codebase/software/FACET/tests/visualize_events_frame.py,reference
184,5f24bd2a8c071e868be68a071834b01412a80189ac8f8a63f2064b4ac1a983f5,6f81a387ae947aa1ddf199e32da9161708c06728,504,maintained;reference,algorithm/common/src/EvEye/utils/tonic/slicers/SliceEventsAtIndices.py,maintained
184,5f24bd2a8c071e868be68a071834b01412a80189ac8f8a63f2064b4ac1a983f5,6f81a387ae947aa1ddf199e32da9161708c06728,504,maintained;reference,references/legacy-codebase/software/FACET/EvEye/utils/tonic/slicers/SliceEventsAtIndices.py,reference
185,5f7bab1e42c33fa118460716b33f2967283af31560eaade25f55792169e65448,f713f27d6c357f44964b8142d9ebf6c68ba5f1f4,1633,reference;vendor,references/legacy-codebase/software/EllSeg/extern/locating-objects-without-bboxes/object-locator/models/utils.py,reference
185,5f7bab1e42c33fa118460716b33f2967283af31560eaade25f55792169e65448,f713f27d6c357f44964b8142d9ebf6c68ba5f1f4,1633,reference;vendor,third/EllSeg/extern/locating-objects-without-bboxes/object-locator/models/utils.py,vendor
185,5f7bab1e42c33fa118460716b33f2967283af31560eaade25f55792169e65448,f713f27d6c357f44964b8142d9ebf6c68ba5f1f4,1633,reference;vendor,third/Pupil-Labs-Core-RITnet-Plugins/ritnet/Ellseg/extern/locating-objects-without-bboxes/object-locator/models/utils.py,vendor
186,5fcdcd565d5e451412610abce3fa7c5caaa0ef50d8b04f9b24f048358bffff84,4e3e4ce777391b43202dd557303458c5945ada62,32786,reference;test,quantization/references/HG-PIPE-Quantization/tests/test_artifact_patch.py,reference
186,5fcdcd565d5e451412610abce3fa7c5caaa0ef50d8b04f9b24f048358bffff84,4e3e4ce777391b43202dd557303458c5945ada62,32786,reference;test,quantization/tests/test_artifact_patch.py,test
187,60aece125ab655d8f9e271db484a5e3506b5fd77ded962393fd104692279c420,39c06757d6651fcb7902139ac698b31029656575,265213,maintained;reference,algorithm/common/src/EvEye/utils/visualization/watchEllipses.ipynb,maintained
187,60aece125ab655d8f9e271db484a5e3506b5fd77ded962393fd104692279c420,39c06757d6651fcb7902139ac698b31029656575,265213,maintained;reference,references/legacy-codebase/software/FACET/EvEye/utils/visualization/watchEllipses.ipynb,reference
188,60d04ff47fa3df88b9b1c7ace905b94d284c774c68c680c5d0c22023e51b1f51,4a8117826c886bc888238197131fd07e0a2f7305,136,maintained;reference,algorithm/hybrid/hardware_reference/scripts/_common.sh,reference
188,60d04ff47fa3df88b9b1c7ace905b94d284c774c68c680c5d0c22023e51b1f51,4a8117826c886bc888238197131fd07e0a2f7305,136,maintained;reference,hardware/scripts/_common.sh,maintained
189,60e5fbde5ae51b8ad24198f06605a57874784bb7d1795c7d219f32bef813fd15,d4cf107eb6dada64a873d5de1eca5dfb07452831,152,artifact;maintained,hardware/refs/inputs/prev_state.npy,maintained
189,60e5fbde5ae51b8ad24198f06605a57874784bb7d1795c7d219f32bef813fd15,d4cf107eb6dada64a873d5de1eca5dfb07452831,152,artifact;maintained,hardware/refs/outputs/target_state.npy,artifact
190,616ed9ce85cbfa07760960152d9b68e22abdbc88caf4448ea8afb440cffa4d79,14ca84c66399b3d188b2774cb4f9f162971f0ca1,6966,maintained;reference,algorithm/common/src/EvEye/utils/scripts/compare_model_evaluation_results.py,maintained
190,616ed9ce85cbfa07760960152d9b68e22abdbc88caf4448ea8afb440cffa4d79,14ca84c66399b3d188b2774cb4f9f162971f0ca1,6966,maintained;reference,references/legacy-codebase/software/FACET/EvEye/utils/scripts/compare_model_evaluation_results.py,reference
191,61820dd42edf3edf027e126a684a4127414e4c850b4aee27dbfdab17d7de6f3c,f6d153e537c288bc6e135e91635352328b7e6c7a,1204352,artifact;reference,quantization/references/HG-PIPE-Quantization/reports/smoke_scale_images.npy,reference
191,61820dd42edf3edf027e126a684a4127414e4c850b4aee27dbfdab17d7de6f3c,f6d153e537c288bc6e135e91635352328b7e6c7a,1204352,artifact;reference,quantization/reports/smoke_scale_images.npy,artifact
191,61820dd42edf3edf027e126a684a4127414e4c850b4aee27dbfdab17d7de6f3c,f6d153e537c288bc6e135e91635352328b7e6c7a,1204352,artifact;reference,references/legacy-codebase/hardware/HGPIPE/HG-PIPE-Quantization/reports/smoke_scale_images.npy,reference
191,61820dd42edf3edf027e126a684a4127414e4c850b4aee27dbfdab17d7de6f3c,f6d153e537c288bc6e135e91635352328b7e6c7a,1204352,artifact;reference,references/legacy-codebase/impl/HG-PIPE-Quantization/reports/smoke_scale_images.npy,reference
192,620392b856ba9d55e46cf571b90b253d8a4b2cc20d66c4bf67ab2e027d40165e,8470c0b665dfd400fd224a2449812ea24c6eb3f2,2151,maintained;reference,algorithm/event/configs/DavisEyeEllipse_TennSt_subject_independent_img64.yaml,maintained
192,620392b856ba9d55e46cf571b90b253d8a4b2cc20d66c4bf67ab2e027d40165e,8470c0b665dfd400fd224a2449812ea24c6eb3f2,2151,maintained;reference,references/legacy-codebase/software/FACET/configs/DavisEyeEllipse_TennSt_subject_independent_img64.yaml,reference
193,62077659e223a976d62d33fdaf70d378a36d52def2cc7c38e3ec1960e1101c2e,6e96f913d8090b14b61ff24f3e4f639c667cb995,10841,reference;vendor,references/legacy-codebase/software/EllSeg/dataset_generation/ExtractNVGaze.py,reference
193,62077659e223a976d62d33fdaf70d378a36d52def2cc7c38e3ec1960e1101c2e,6e96f913d8090b14b61ff24f3e4f639c667cb995,10841,reference;vendor,third/EllSeg/dataset_generation/ExtractNVGaze.py,vendor
193,62077659e223a976d62d33fdaf70d378a36d52def2cc7c38e3ec1960e1101c2e,6e96f913d8090b14b61ff24f3e4f639c667cb995,10841,reference;vendor,third/Pupil-Labs-Core-RITnet-Plugins/ritnet/Ellseg/dataset_generation/ExtractNVGaze.py,vendor
194,625ade793f240c296b72d97877180490128617b0bf3d1829b0740bbcace995d7,5356756fbcbaa995a0d270efaa09a8f945fa2d13,2500,maintained;reference,algorithm/common/src/EvEye/utils/dvs_common_utils/representation/NumpyFrameStack.py,maintained
194,625ade793f240c296b72d97877180490128617b0bf3d1829b0740bbcace995d7,5356756fbcbaa995a0d270efaa09a8f945fa2d13,2500,maintained;reference,references/legacy-codebase/software/FACET/EvEye/utils/dvs_common_utils/representation/NumpyFrameStack.py,reference
195,6288f132ef11f4b84db9a7e391a12327958f621a65479c3b1b91e982ae2ea065,7826a5f32e043feb5e1709e615d7ad941e021de5,2661,maintained;reference,algorithm/frame/configs/DavisEyeEllipse_HBTXR_frame_cached_si_img128_patch4_best.yaml,maintained
195,6288f132ef11f4b84db9a7e391a12327958f621a65479c3b1b91e982ae2ea065,7826a5f32e043feb5e1709e615d7ad941e021de5,2661,maintained;reference,references/legacy-codebase/software/FACET/configs/DavisEyeEllipse_HBTXR_frame_cached_si_img128_patch4_best.yaml,reference
196,62c9a47b5f2964a58b8bffe38eff3be3f5fe4724716d5eaeaff3bace24b10267,1a807b4a51ca99665965c360911c1e30c83ef93c,1226,archive;reference,algorithm/archive/imports/fecet_hbtxr/tests/test_config.py,archive
196,62c9a47b5f2964a58b8bffe38eff3be3f5fe4724716d5eaeaff3bace24b10267,1a807b4a51ca99665965c360911c1e30c83ef93c,1226,archive;reference,algorithm/archive/imports/swift_hbtxr/tests/test_config.py,archive
196,62c9a47b5f2964a58b8bffe38eff3be3f5fe4724716d5eaeaff3bace24b10267,1a807b4a51ca99665965c360911c1e30c83ef93c,1226,archive;reference,references/legacy-codebase/impl/FECET-HBTXR/tests/test_config.py,reference
196,62c9a47b5f2964a58b8bffe38eff3be3f5fe4724716d5eaeaff3bace24b10267,1a807b4a51ca99665965c360911c1e30c83ef93c,1226,archive;reference,references/legacy-codebase/impl/SWIFT-HBTXR/tests/test_config.py,reference
197,640a641fcf9d6d96872d654d2756e4fad2cab54f1c910f3371ab85c97d807215,d292ca688eb76154f8174639c94bd6d27f4ca597,1658,artifact;maintained;reference,algorithm/analysis/RESULTS/HBTXR-Frame-subjet_independent_imgsz64-epoch8/configs/DavisEyeEllipse_HBTXR_frame_cached_si_img128_patch4_epoch8_eval.yaml,artifact
197,640a641fcf9d6d96872d654d2756e4fad2cab54f1c910f3371ab85c97d807215,d292ca688eb76154f8174639c94bd6d27f4ca597,1658,artifact;maintained;reference,algorithm/frame/configs/DavisEyeEllipse_HBTXR_frame_cached_si_img128_patch4_epoch8_eval.yaml,maintained
197,640a641fcf9d6d96872d654d2756e4fad2cab54f1c910f3371ab85c97d807215,d292ca688eb76154f8174639c94bd6d27f4ca597,1658,artifact;maintained;reference,references/legacy-codebase/software/FACET/configs/DavisEyeEllipse_HBTXR_frame_cached_si_img128_patch4_epoch8_eval.yaml,reference
198,64e1bb199408a65ebebd408876410e411a35fe2aab8bedb292e26db6753af702,1d82c68b85eae2c510778ec665e97e26f82e5dd0,3503,maintained;reference,algorithm/common/src/EvEye/dataset/DavisEyeEllipse/DavisEyeEllipseCenterSequenceDataset.py,maintained
198,64e1bb199408a65ebebd408876410e411a35fe2aab8bedb292e26db6753af702,1d82c68b85eae2c510778ec665e97e26f82e5dd0,3503,maintained;reference,references/legacy-codebase/software/FACET/EvEye/dataset/DavisEyeEllipse/DavisEyeEllipseCenterSequenceDataset.py,reference
199,653fc11bae3591e5d06d043bbb61e99c642ca10932724ea8f440c473a10846b3,bae330392664e0b1a9d2837576e55021a526b0c0,5081,archive;reference,algorithm/archive/imports/fecet_hbtxr/fecet_hbtxr/scheduler.py,archive
199,653fc11bae3591e5d06d043bbb61e99c642ca10932724ea8f440c473a10846b3,bae330392664e0b1a9d2837576e55021a526b0c0,5081,archive;reference,algorithm/archive/imports/swift_hbtxr/swift_hbtxr/scheduler.py,archive
199,653fc11bae3591e5d06d043bbb61e99c642ca10932724ea8f440c473a10846b3,bae330392664e0b1a9d2837576e55021a526b0c0,5081,archive;reference,references/legacy-codebase/impl/FECET-HBTXR/fecet_hbtxr/scheduler.py,reference
199,653fc11bae3591e5d06d043bbb61e99c642ca10932724ea8f440c473a10846b3,bae330392664e0b1a9d2837576e55021a526b0c0,5081,archive;reference,references/legacy-codebase/impl/SWIFT-HBTXR/swift_hbtxr/scheduler.py,reference
200,65d2d50c662da729865c561578d74b47683c0d7d60b813ab324e3a8bae65257b,04742b67ceb869826f25a2028b41852fa9c3c6ee,5792,archive;docs,algorithm/archive/imports/conversations/hgtxr_etri_server_hardware/by-date/undated/THIRD_GOAL_ACHIEVEMENT_CHECKLIST_2026_06_16.md,archive
200,65d2d50c662da729865c561578d74b47683c0d7d60b813ab324e3a8bae65257b,04742b67ceb869826f25a2028b41852fa9c3c6ee,5792,archive;docs,algorithm/archive/imports/conversations/hgtxr_home_hardware/by-date/undated/THIRD_GOAL_ACHIEVEMENT_CHECKLIST_2026_06_16.md,archive
200,65d2d50c662da729865c561578d74b47683c0d7d60b813ab324e3a8bae65257b,04742b67ceb869826f25a2028b41852fa9c3c6ee,5792,archive;docs,hardware/docs/track/THIRD_GOAL_ACHIEVEMENT_CHECKLIST_2026_06_16.md,docs
201,65ebef7422d6d79c73bac0d419fbbeb54093797cf1e03e5c79b194b2d9df4859,d9acdbb88d467bf3906ffdee043d43eca89daf5a,17423,maintained;reference,algorithm/common/src/EvEye/model/DavisEyeEllipse/EPNet/Predict.py,maintained
201,65ebef7422d6d79c73bac0d419fbbeb54093797cf1e03e5c79b194b2d9df4859,d9acdbb88d467bf3906ffdee043d43eca89daf5a,17423,maintained;reference,references/legacy-codebase/software/FACET/EvEye/model/DavisEyeEllipse/EPNet/Predict.py,reference
202,6651aaaf146abb05badb69c4ae5bb07941cf75a9adcb71287879ea49f113c17d,b4ec21e3379ec17c11654af23aa256a2fd4f7815,801,reference;vendor,references/legacy-codebase/software/EllSeg/modelSummary.py,reference
202,6651aaaf146abb05badb69c4ae5bb07941cf75a9adcb71287879ea49f113c17d,b4ec21e3379ec17c11654af23aa256a2fd4f7815,801,reference;vendor,third/Edge-Guided-Near-Eye-Image-Analysis-for-Head-Mounted-Displays/modelSummary.py,vendor
202,6651aaaf146abb05badb69c4ae5bb07941cf75a9adcb71287879ea49f113c17d,b4ec21e3379ec17c11654af23aa256a2fd4f7815,801,reference;vendor,third/EllSeg/modelSummary.py,vendor
203,6683b9bdff64f79546a864d950d3d6cac279304cea3dcb017c2d947856715b1f,4a71afde1ac86117330cdeca08c4b9adf129a5e5,21785,reference;vendor,references/legacy-codebase/software/EllSeg/helperfunctions.py,reference
203,6683b9bdff64f79546a864d950d3d6cac279304cea3dcb017c2d947856715b1f,4a71afde1ac86117330cdeca08c4b9adf129a5e5,21785,reference;vendor,third/EllSeg/helperfunctions.py,vendor
204,671bf0dec65a6d88351f9a0bb666442b92052e7f5d69e5d4759d1f23b7b2b657,2f8adf34921a9c29f6fef7564c53e6cac07f861a,1866,archive;reference,algorithm/archive/imports/fecet_hbtxr/tests/test_prepare_facet_reference_dataset.py,archive
204,671bf0dec65a6d88351f9a0bb666442b92052e7f5d69e5d4759d1f23b7b2b657,2f8adf34921a9c29f6fef7564c53e6cac07f861a,1866,archive;reference,references/legacy-codebase/impl/FECET-HBTXR/tests/test_prepare_facet_reference_dataset.py,reference
205,6776a76ca9a16605d84bf266110faebed406ffa8ae81d1997d3aea2b2ff656f4,cc38008c32c03e5db04bc156997edcd4b971ba66,2256,reference;test,quantization/references/HG-PIPE-Quantization/tests/test_model_registry.py,reference
205,6776a76ca9a16605d84bf266110faebed406ffa8ae81d1997d3aea2b2ff656f4,cc38008c32c03e5db04bc156997edcd4b971ba66,2256,reference;test,quantization/tests/test_model_registry.py,test
206,67ca3b26425fecc11349af2df8c9876280fe8885550bf217e8a80c6738eff524,4def91c80e3afdd6fc3677238c428d81b32fdc15,1878,maintained;reference,algorithm/frame/configs/DavisEyeEllipse_RGBUNet.yaml,maintained
206,67ca3b26425fecc11349af2df8c9876280fe8885550bf217e8a80c6738eff524,4def91c80e3afdd6fc3677238c428d81b32fdc15,1878,maintained;reference,references/legacy-codebase/software/FACET/configs/DavisEyeEllipse_RGBUNet.yaml,reference
207,67f7f1d2f928c74d6fe09617d1098b7b93b44f48b760b3001e61dfb4209988dc,eddd5be631369ce9b9135e7c14ff991728c69706,2492,archive;reference,algorithm/archive/imports/fecet_hbtxr/tools/infer.py,archive
207,67f7f1d2f928c74d6fe09617d1098b7b93b44f48b760b3001e61dfb4209988dc,eddd5be631369ce9b9135e7c14ff991728c69706,2492,archive;reference,references/legacy-codebase/impl/FECET-HBTXR/tools/infer.py,reference
208,6808f8d842318dd800911a55279b8666ebcd07007613c814eff40588007c05e6,0627c395080f7f1fd250c395931835b72871fbd4,11941,maintained;reference,algorithm/common/src/EvEye/utils/scripts/resplit_dean_dataset_by_subject.py,maintained
208,6808f8d842318dd800911a55279b8666ebcd07007613c814eff40588007c05e6,0627c395080f7f1fd250c395931835b72871fbd4,11941,maintained;reference,references/legacy-codebase/software/FACET/EvEye/utils/scripts/resplit_dean_dataset_by_subject.py,reference
209,689bcf389baaf92a8471c53d560f6cdaa95fe06789cae36672b7e95567d7ec73,10ca99ee25c860f2c23301cc42bcf4c4215541b4,240,archive;docs,algorithm/archive/imports/conversations/hgtxr_etri_server_quantization/by-date/undated/CONTRIBUTING.md,archive
209,689bcf389baaf92a8471c53d560f6cdaa95fe06789cae36672b7e95567d7ec73,10ca99ee25c860f2c23301cc42bcf4c4215541b4,240,archive;docs,quantization/docs/track/CONTRIBUTING.md,docs
210,695cefcbe91aad996914bfaa4f87e4a19d9517e99377c566299240a783168c27,018f79990b4b8709af7c8dbc489a758a6778cc8c,609,maintained;reference,algorithm/common/src/EvEye/model/DavisWithMask/validation.py,maintained
210,695cefcbe91aad996914bfaa4f87e4a19d9517e99377c566299240a783168c27,018f79990b4b8709af7c8dbc489a758a6778cc8c,609,maintained;reference,references/legacy-codebase/software/FACET/EvEye/model/DavisWithMask/validation.py,reference
211,6aa948bcf023dc6f9aa51c775fe9027a7625682fa200ad5faf500a1c48de31b2,4f3e7d9ce0979b0c3a78c9afd91419d5cecd2263,2575,reference;vendor,references/legacy-codebase/software/EllSeg/args.py,reference
211,6aa948bcf023dc6f9aa51c775fe9027a7625682fa200ad5faf500a1c48de31b2,4f3e7d9ce0979b0c3a78c9afd91419d5cecd2263,2575,reference;vendor,third/EllSeg/args.py,vendor
211,6aa948bcf023dc6f9aa51c775fe9027a7625682fa200ad5faf500a1c48de31b2,4f3e7d9ce0979b0c3a78c9afd91419d5cecd2263,2575,reference;vendor,third/Pupil-Labs-Core-RITnet-Plugins/ritnet/Ellseg/args.py,vendor
212,6bd06e1dd151b146658cbb631f5fc528a0b19b80681ae95022e87e0310e3441f,d4801e3e7d6b18000de240ebb9525a115d5f9b2b,2868,reference;test,algorithm/common/tests/facet/visualize_model_test.py,test
212,6bd06e1dd151b146658cbb631f5fc528a0b19b80681ae95022e87e0310e3441f,d4801e3e7d6b18000de240ebb9525a115d5f9b2b,2868,reference;test,references/legacy-codebase/software/FACET/tests/visualize_model_test.py,reference
213,6c961234e54cd4aabc9b1e93f60f4cf543badc44e715f91e43f4866eb42b15cd,8a448a883ccd10fb11f1b12b41d9297e17fcf2f5,16861,maintained;reference,algorithm/common/src/EvEye/model/DavisEyeEllipse/HBTXR/Loss.py,maintained
213,6c961234e54cd4aabc9b1e93f60f4cf543badc44e715f91e43f4866eb42b15cd,8a448a883ccd10fb11f1b12b41d9297e17fcf2f5,16861,maintained;reference,references/legacy-codebase/software/FACET/EvEye/model/DavisEyeEllipse/HBTXR/Loss.py,reference
214,6c99b066969076692771d41a7829b6b2334191d911cfd0beb54561b64fd9cb6e,0ace1293d1c11560036e6fe322369a49c7ad5d61,79999,reference;test,algorithm/common/tests/facet/generateEllipses.ipynb,test
214,6c99b066969076692771d41a7829b6b2334191d911cfd0beb54561b64fd9cb6e,0ace1293d1c11560036e6fe322369a49c7ad5d61,79999,reference;test,references/legacy-codebase/software/FACET/tests/generateEllipses.ipynb,reference
215,6d1c5849bb3ce66aacbc412929261b0a49b49796a1732abe2ae92f8e71eb13c0,ff06d7f2a3483db410c75f953f956d653663897e,8918,archive;docs,algorithm/archive/imports/conversations/hgtxr_etri_server_hardware/by-date/undated/VIVADO_PROGRESS_2026_06_27.md,archive
215,6d1c5849bb3ce66aacbc412929261b0a49b49796a1732abe2ae92f8e71eb13c0,ff06d7f2a3483db410c75f953f956d653663897e,8918,archive;docs,hardware/docs/analysis/no-board-results/VIVADO_PROGRESS_2026_06_27.md,docs
216,6dfef004ae8c256e0f41e151817a01eab839602f72c969f7f17933b484398701,dd9bbea30bfa3595f5d86409209f1bb381ffa7f8,2633,maintained;reference,quantization/references/HG-PIPE-Quantization/src/artifacts.py,reference
216,6dfef004ae8c256e0f41e151817a01eab839602f72c969f7f17933b484398701,dd9bbea30bfa3595f5d86409209f1bb381ffa7f8,2633,maintained;reference,quantization/src/artifacts.py,maintained
216,6dfef004ae8c256e0f41e151817a01eab839602f72c969f7f17933b484398701,dd9bbea30bfa3595f5d86409209f1bb381ffa7f8,2633,maintained;reference,references/legacy-codebase/hardware/HGPIPE/HG-PIPE-Quantization/hgpipe_quantization/artifacts.py,reference
216,6dfef004ae8c256e0f41e151817a01eab839602f72c969f7f17933b484398701,dd9bbea30bfa3595f5d86409209f1bb381ffa7f8,2633,maintained;reference,references/legacy-codebase/impl/HG-PIPE-Quantization/hgpipe_quantization/artifacts.py,reference
217,6e1a86ca45795c56b4afb0824832f3ad7dc410fac665431eb7b9373d6fdad0d6,e0ffb95a67fdb2914c21da8bfed01e418e2a8954,1154,reference;vendor,references/legacy-codebase/software/EllSeg/License.md,reference
217,6e1a86ca45795c56b4afb0824832f3ad7dc410fac665431eb7b9373d6fdad0d6,e0ffb95a67fdb2914c21da8bfed01e418e2a8954,1154,reference;vendor,third/EllSeg/License.md,vendor
217,6e1a86ca45795c56b4afb0824832f3ad7dc410fac665431eb7b9373d6fdad0d6,e0ffb95a67fdb2914c21da8bfed01e418e2a8954,1154,reference;vendor,third/Pupil-Labs-Core-RITnet-Plugins/ritnet/Ellseg/License.md,vendor
218,6ead3a6cd6daba0f77724f212f303ebc1ed89c7cefc8b2daa7f00708cc540d16,0c463c01ba5db28ce202e1afe207110f722e368e,20623,maintained;reference,algorithm/common/src/EvEye/model/DavisEyeCenter/TennSt.py,maintained
218,6ead3a6cd6daba0f77724f212f303ebc1ed89c7cefc8b2daa7f00708cc540d16,0c463c01ba5db28ce202e1afe207110f722e368e,20623,maintained;reference,references/legacy-codebase/software/FACET/EvEye/model/DavisEyeCenter/TennSt.py,reference
219,6eeba9c5dc271277dc6000a89adf4e9d5672f3a2a2877b4d8c6553672e13086d,6001f65873b1ac1dfebcb8c0f9e80b41c5b067aa,15727,archive;reference,algorithm/archive/imports/fecet_hbtxr/fecet_hbtxr/dataset.py,archive
219,6eeba9c5dc271277dc6000a89adf4e9d5672f3a2a2877b4d8c6553672e13086d,6001f65873b1ac1dfebcb8c0f9e80b41c5b067aa,15727,archive;reference,references/legacy-codebase/impl/FECET-HBTXR/fecet_hbtxr/dataset.py,reference
220,6f1d36bc5d4b3d7b992dfd20ac1d9eb0dacb48d0f367f3bb78705b37880759da,47b439bbd60ba990d162fdb7811e203f60c8180a,11548,maintained;reference,algorithm/common/src/EvEye/utils/scripts/exportONNX.ipynb,maintained
220,6f1d36bc5d4b3d7b992dfd20ac1d9eb0dacb48d0f367f3bb78705b37880759da,47b439bbd60ba990d162fdb7811e203f60c8180a,11548,maintained;reference,references/legacy-codebase/software/FACET/EvEye/utils/scripts/exportONNX.ipynb,reference
221,6fdbf1773ee1f490738cb94f6681b2bb9998f0adbdf983baaf3614092ab07c8a,b75a1561eaa042e20462d0c56bd00d55160cd558,190,maintained;reference,algorithm/hybrid/hardware_reference/tests/conftest.py,reference
221,6fdbf1773ee1f490738cb94f6681b2bb9998f0adbdf983baaf3614092ab07c8a,b75a1561eaa042e20462d0c56bd00d55160cd558,190,maintained;reference,algorithm/hybrid/hardware_reference/tools/_bootstrap.py,reference
221,6fdbf1773ee1f490738cb94f6681b2bb9998f0adbdf983baaf3614092ab07c8a,b75a1561eaa042e20462d0c56bd00d55160cd558,190,maintained;reference,hardware/tools/_bootstrap.py,maintained
222,72ae8d60615249ca612cffa8f6b6524ceb61e8571afaa6b7777fbbb6e8f4a802,4b49d9b62ab3a2d770aa0a5965fde5ebacfe1927,2616,maintained;reference,algorithm/event/configs/MemmapDavisEyeCenter_TennSt.yaml,maintained
222,72ae8d60615249ca612cffa8f6b6524ceb61e8571afaa6b7777fbbb6e8f4a802,4b49d9b62ab3a2d770aa0a5965fde5ebacfe1927,2616,maintained;reference,references/legacy-codebase/software/FACET/configs/MemmapDavisEyeCenter_TennSt.yaml,reference
223,730e4de210ddc79612b65dd5bae06ce3fb53b083c8b07b99a3329f7fbf09c2d8,1452792692c1fa129674272e9d1f4badc5b9c005,13886,maintained;reference,quantization/references/HG-PIPE-Quantization/src/api.py,reference
223,730e4de210ddc79612b65dd5bae06ce3fb53b083c8b07b99a3329f7fbf09c2d8,1452792692c1fa129674272e9d1f4badc5b9c005,13886,maintained;reference,quantization/src/api.py,maintained
223,730e4de210ddc79612b65dd5bae06ce3fb53b083c8b07b99a3329f7fbf09c2d8,1452792692c1fa129674272e9d1f4badc5b9c005,13886,maintained;reference,references/legacy-codebase/hardware/HGPIPE/HG-PIPE-Quantization/hgpipe_quantization/api.py,reference
223,730e4de210ddc79612b65dd5bae06ce3fb53b083c8b07b99a3329f7fbf09c2d8,1452792692c1fa129674272e9d1f4badc5b9c005,13886,maintained;reference,references/legacy-codebase/impl/HG-PIPE-Quantization/hgpipe_quantization/api.py,reference
224,74cb4e3df10b50623b328123f27f08290fd66a65bbd8456ef997d450ad436e8a,b6d2df55302c0d2da31d12af52795914aede8f0a,2891,maintained;reference,algorithm/event/configs/DavisEyeEllipse_HBTXR_event_gsam2crop_si_img64_patch4.yaml,maintained
224,74cb4e3df10b50623b328123f27f08290fd66a65bbd8456ef997d450ad436e8a,b6d2df55302c0d2da31d12af52795914aede8f0a,2891,maintained;reference,references/legacy-codebase/software/FACET/configs/DavisEyeEllipse_HBTXR_event_gsam2crop_si_img64_patch4.yaml,reference
225,74da00a542efb834539f6a7bf8fca983c7b574b4ce1b15a81fb4349e9d0196d7,e1ed1e04f600f6fdc09d3928eb968766c9047e63,2506,archive;reference,algorithm/archive/imports/conversations/hgtxr_etri_server_software/by-date/undated/CONVERSATION.md,archive
225,74da00a542efb834539f6a7bf8fca983c7b574b4ce1b15a81fb4349e9d0196d7,e1ed1e04f600f6fdc09d3928eb968766c9047e63,2506,archive;reference,algorithm/hybrid/hardware_reference/docs/track/CONVERSATION.md,reference
226,75c4677b03fbad7bacaef6d9b88f10297274a84bccfca5c166349731b495a28e,bbdde4e7e03d90dbf63000d25eee97c781161d96,892,archive;maintained,algorithm/archive/imports/legacy_hybrid/scripts/runtime/build_dataset_groundedsam.sh,archive
226,75c4677b03fbad7bacaef6d9b88f10297274a84bccfca5c166349731b495a28e,bbdde4e7e03d90dbf63000d25eee97c781161d96,892,archive;maintained,algorithm/hybrid/scripts/external_pipeline/build_dataset_groundedsam.sh,maintained
227,7770a4f2510a4053f5578ab88571854910cd9b50b44ed5824a6acf542641625e,444a588ffc8a00443307754301f17a9dcb4ba9d4,292,archive;reference,algorithm/archive/imports/swift_hbtxr/scripts/prepare_timelens_inputs.sh,archive
227,7770a4f2510a4053f5578ab88571854910cd9b50b44ed5824a6acf542641625e,444a588ffc8a00443307754301f17a9dcb4ba9d4,292,archive;reference,references/legacy-codebase/impl/SWIFT-HBTXR/scripts/prepare_timelens_inputs.sh,reference
228,77da978deb4686417ca701c7b3a6fa63f3886407027a5d4cde91b1b19ddd91e1,6863deea93e826cc475fb209933d59779f33f82b,1091,reference;vendor,references/legacy-codebase/software/EllSeg/rc_launch_scripts/runRC_allvsone.sh,reference
228,77da978deb4686417ca701c7b3a6fa63f3886407027a5d4cde91b1b19ddd91e1,6863deea93e826cc475fb209933d59779f33f82b,1091,reference;vendor,third/EllSeg/rc_launch_scripts/runRC_allvsone.sh,vendor
228,77da978deb4686417ca701c7b3a6fa63f3886407027a5d4cde91b1b19ddd91e1,6863deea93e826cc475fb209933d59779f33f82b,1091,reference;vendor,third/Pupil-Labs-Core-RITnet-Plugins/ritnet/Ellseg/rc_launch_scripts/runRC_allvsone.sh,vendor
229,7852a7886c09446a7bdbf8f089585a806be5059962cfbb8928191af6ea857a8d,864f74130219354ee2ddb223e886b465ed1cbe26,16964,reference;vendor,references/legacy-codebase/software/EllSeg/models/RITnet_v1.py,reference
229,7852a7886c09446a7bdbf8f089585a806be5059962cfbb8928191af6ea857a8d,864f74130219354ee2ddb223e886b465ed1cbe26,16964,reference;vendor,third/EllSeg/models/RITnet_v1.py,vendor
230,796ef320975df3dadec4dafeb31e830c4711dc2c6e9c08072f07ca05223356e8,825452d6753f377fe5266b6aa7265ea25f6ebc29,8446,maintained;reference,algorithm/common/src/EvEye/utils/scripts/evaluate_epnet_checkpoint.py,maintained
230,796ef320975df3dadec4dafeb31e830c4711dc2c6e9c08072f07ca05223356e8,825452d6753f377fe5266b6aa7265ea25f6ebc29,8446,maintained;reference,references/legacy-codebase/software/FACET/EvEye/utils/scripts/evaluate_epnet_checkpoint.py,reference
231,79993c25abb488816d74e8dca79dcb5a4b088bacb1d0e094b8c827bfd3c04e8a,6b61d5193c599f5e0b83ac57530a44806d489ed3,621,maintained;reference,algorithm/common/configs/TestDataset.yaml,maintained
231,79993c25abb488816d74e8dca79dcb5a4b088bacb1d0e094b8c827bfd3c04e8a,6b61d5193c599f5e0b83ac57530a44806d489ed3,621,maintained;reference,references/legacy-codebase/software/FACET/configs/TestDataset.yaml,reference
232,79f6d5ad434eb56ecb5dcfd8821b8cdc547cacad9ad40aa961eddcd810327189,51977bc32b952cbf807dbf615a6946901ec35411,361,archive;reference,algorithm/archive/imports/fecet_hbtxr/requirements.txt,archive
232,79f6d5ad434eb56ecb5dcfd8821b8cdc547cacad9ad40aa961eddcd810327189,51977bc32b952cbf807dbf615a6946901ec35411,361,archive;reference,references/legacy-codebase/impl/FECET-HBTXR/requirements.txt,reference
233,7a25830081cc18395166342dee8c5e68018709107035ae0ca3a617da5aa78abd,cca611010baefc9c9e7a7300b3c22b43b76ec34c,24062,archive;docs,algorithm/archive/imports/conversations/hgtxr_etri_server_hardware/by-date/undated/EIGHT_QUESTION_HYBRID_RUNTIME_REPORT_2026_06_28.md,archive
233,7a25830081cc18395166342dee8c5e68018709107035ae0ca3a617da5aa78abd,cca611010baefc9c9e7a7300b3c22b43b76ec34c,24062,archive;docs,hardware/docs/track/EIGHT_QUESTION_HYBRID_RUNTIME_REPORT_2026_06_28.md,docs
234,7b380e46401f69b7171cd6184314be0ed780e889d3e970fe8ed26eefa1ae3891,7246dd022c4936057ae321ca9596da73d6577687,305,archive;reference,algorithm/archive/imports/fecet_hbtxr/scripts/train_stage1.sh,archive
234,7b380e46401f69b7171cd6184314be0ed780e889d3e970fe8ed26eefa1ae3891,7246dd022c4936057ae321ca9596da73d6577687,305,archive;reference,algorithm/archive/imports/swift_hbtxr/scripts/train_stage1.sh,archive
234,7b380e46401f69b7171cd6184314be0ed780e889d3e970fe8ed26eefa1ae3891,7246dd022c4936057ae321ca9596da73d6577687,305,archive;reference,references/legacy-codebase/impl/FECET-HBTXR/scripts/train_stage1.sh,reference
234,7b380e46401f69b7171cd6184314be0ed780e889d3e970fe8ed26eefa1ae3891,7246dd022c4936057ae321ca9596da73d6577687,305,archive;reference,references/legacy-codebase/impl/SWIFT-HBTXR/scripts/train_stage1.sh,reference
235,7b593f2a0a04978deacdfc921d53b926fb075f56625905baa8a1cca7a2939685,da21942ea9bd8c6850878cc5cbfe38b590df7a27,27906,archive;reference,algorithm/archive/imports/swift_hbtxr/tools/prepare_dataset.py,archive
235,7b593f2a0a04978deacdfc921d53b926fb075f56625905baa8a1cca7a2939685,da21942ea9bd8c6850878cc5cbfe38b590df7a27,27906,archive;reference,references/legacy-codebase/impl/SWIFT-HBTXR/tools/prepare_dataset.py,reference
236,7dac6ad5d35fd93d5f5009c8474ac43ed7a8cbeae85f30b7402a2079886ea6b2,c29a379a90c5bd18d13ce169b1994e17533136aa,2751,reference;vendor,references/legacy-codebase/software/EllSeg/extern/locating-objects-without-bboxes/object-locator/make_metric_plots.py,reference
236,7dac6ad5d35fd93d5f5009c8474ac43ed7a8cbeae85f30b7402a2079886ea6b2,c29a379a90c5bd18d13ce169b1994e17533136aa,2751,reference;vendor,third/EllSeg/extern/locating-objects-without-bboxes/object-locator/make_metric_plots.py,vendor
236,7dac6ad5d35fd93d5f5009c8474ac43ed7a8cbeae85f30b7402a2079886ea6b2,c29a379a90c5bd18d13ce169b1994e17533136aa,2751,reference;vendor,third/Pupil-Labs-Core-RITnet-Plugins/ritnet/Ellseg/extern/locating-objects-without-bboxes/object-locator/make_metric_plots.py,vendor
237,7ee8be570915efa6e8f0c87184b909c9c1b85ea7f1a1ed95c78cb91c387a8af1,9587fef3431dfc84bee95201ea1324590f088504,176,reference;vendor,references/legacy-codebase/software/EllSeg/extern/locating-objects-without-bboxes/object-locator/checkpoints/.gitignore,reference
237,7ee8be570915efa6e8f0c87184b909c9c1b85ea7f1a1ed95c78cb91c387a8af1,9587fef3431dfc84bee95201ea1324590f088504,176,reference;vendor,third/EllSeg/extern/locating-objects-without-bboxes/object-locator/checkpoints/.gitignore,vendor
237,7ee8be570915efa6e8f0c87184b909c9c1b85ea7f1a1ed95c78cb91c387a8af1,9587fef3431dfc84bee95201ea1324590f088504,176,reference;vendor,third/Pupil-Labs-Core-RITnet-Plugins/ritnet/Ellseg/extern/locating-objects-without-bboxes/object-locator/checkpoints/.gitignore,vendor
238,7f3b7fc7eacbe0dbe896c597e9785729c3d253b52cb5c2ce237f22ad393612b2,948f496aa31e0baae9dd5049960931399e7b0dd0,496,reference;vendor,references/legacy-codebase/software/EllSeg/analysis/temp.py,reference
238,7f3b7fc7eacbe0dbe896c597e9785729c3d253b52cb5c2ce237f22ad393612b2,948f496aa31e0baae9dd5049960931399e7b0dd0,496,reference;vendor,third/EllSeg/analysis/temp.py,vendor
238,7f3b7fc7eacbe0dbe896c597e9785729c3d253b52cb5c2ce237f22ad393612b2,948f496aa31e0baae9dd5049960931399e7b0dd0,496,reference;vendor,third/Pupil-Labs-Core-RITnet-Plugins/ritnet/Ellseg/analysis/temp.py,vendor
239,7f5702dace736eaf0fb14039a8b5951ed7210cc782903aed638c43e2baf1fd0d,6013bf29955cac53cd204d46f5283c977bcb0f87,180,archive;reference,algorithm/archive/imports/fecet_hbtxr/scripts/facet_infer.sh,archive
239,7f5702dace736eaf0fb14039a8b5951ed7210cc782903aed638c43e2baf1fd0d,6013bf29955cac53cd204d46f5283c977bcb0f87,180,archive;reference,references/legacy-codebase/impl/FECET-HBTXR/scripts/facet_infer.sh,reference
240,7ff47a46f410580e1d2ceb0a71a36d66f10733bcd8882266b503791d764f9d66,500a45c8980e67af9d3987d28a36797896072e08,2516,maintained;reference,algorithm/event/configs/DavisEyeEllipse_EPNet.yaml,maintained
240,7ff47a46f410580e1d2ceb0a71a36d66f10733bcd8882266b503791d764f9d66,500a45c8980e67af9d3987d28a36797896072e08,2516,maintained;reference,references/legacy-codebase/software/FACET/configs/DavisEyeEllipse_EPNet.yaml,reference
241,80174d47cf784661a91e80b440f960ed0af506a4c41fbe1a5802eb7318cea74e,faf4b77f7af454d1ac51a8fbb3be77ebccb67117,4715,archive;docs,algorithm/archive/imports/hgtxr/docs/hgtxr_project_docs/Reference-Integration.md,archive
241,80174d47cf784661a91e80b440f960ed0af506a4c41fbe1a5802eb7318cea74e,faf4b77f7af454d1ac51a8fbb3be77ebccb67117,4715,archive;docs,quantization/docs/hgtxr_context/Reference-Integration.md,docs
242,8049ec0b92a3478cbc42890b204d274c74dd07d67bcf217a1e9e475b5e47c72f,e2ae91d058557ad804e0a3d61bb49670fdea5b84,285,archive;docs,algorithm/archive/imports/hgtxr/docs/hgtxr_project_docs/Quantization.md,archive
242,8049ec0b92a3478cbc42890b204d274c74dd07d67bcf217a1e9e475b5e47c72f,e2ae91d058557ad804e0a3d61bb49670fdea5b84,285,archive;docs,quantization/docs/hgtxr_context/Quantization.md,docs
243,807b8ec41d880c2bb315226619c17506dfd158685be20156b5d2dbe7a98f5443,4f13a1107a45071b77e5116ab5c9a618d972f973,3433,maintained;reference,quantization/references/HG-PIPE-Quantization/src/compare/traces.py,reference
243,807b8ec41d880c2bb315226619c17506dfd158685be20156b5d2dbe7a98f5443,4f13a1107a45071b77e5116ab5c9a618d972f973,3433,maintained;reference,quantization/src/compare/traces.py,maintained
243,807b8ec41d880c2bb315226619c17506dfd158685be20156b5d2dbe7a98f5443,4f13a1107a45071b77e5116ab5c9a618d972f973,3433,maintained;reference,references/legacy-codebase/hardware/HGPIPE/HG-PIPE-Quantization/hgpipe_quantization/compare/traces.py,reference
243,807b8ec41d880c2bb315226619c17506dfd158685be20156b5d2dbe7a98f5443,4f13a1107a45071b77e5116ab5c9a618d972f973,3433,maintained;reference,references/legacy-codebase/impl/HG-PIPE-Quantization/hgpipe_quantization/compare/traces.py,reference
244,80fc48b6bdb4ba050c00111a78aa3dc95a302618b3130ea842e7899786919a45,60e72481e4ac858973d8776dd8d126523919c869,3113,maintained;reference,quantization/references/HG-PIPE-Quantization/src/eval/fake_quant.py,reference
244,80fc48b6bdb4ba050c00111a78aa3dc95a302618b3130ea842e7899786919a45,60e72481e4ac858973d8776dd8d126523919c869,3113,maintained;reference,quantization/src/eval/fake_quant.py,maintained
244,80fc48b6bdb4ba050c00111a78aa3dc95a302618b3130ea842e7899786919a45,60e72481e4ac858973d8776dd8d126523919c869,3113,maintained;reference,references/legacy-codebase/hardware/HGPIPE/HG-PIPE-Quantization/hgpipe_quantization/eval/fake_quant.py,reference
244,80fc48b6bdb4ba050c00111a78aa3dc95a302618b3130ea842e7899786919a45,60e72481e4ac858973d8776dd8d126523919c869,3113,maintained;reference,references/legacy-codebase/impl/HG-PIPE-Quantization/hgpipe_quantization/eval/fake_quant.py,reference
245,825a6e0c1aac5febdf6eabad9fc47f9efdd4b513abdc3eeafd9aac328d3c06a1,b33f6137bc2d452267bd82be7539bb40d5bf13b5,4869,archive;reference,algorithm/archive/imports/swift_hbtxr/tests/test_train_pipeline.py,archive
245,825a6e0c1aac5febdf6eabad9fc47f9efdd4b513abdc3eeafd9aac328d3c06a1,b33f6137bc2d452267bd82be7539bb40d5bf13b5,4869,archive;reference,references/legacy-codebase/impl/SWIFT-HBTXR/tests/test_train_pipeline.py,reference
246,826a393978109f71569ab560705eeeecb509363da7f322f2ae8a95492e33115c,946a33886e50d328385c0a0341496da97a62d8ca,14504,reference;vendor,references/legacy-codebase/software/EllSeg/models/RITnet_v2.py,reference
246,826a393978109f71569ab560705eeeecb509363da7f322f2ae8a95492e33115c,946a33886e50d328385c0a0341496da97a62d8ca,14504,reference;vendor,third/EllSeg/models/RITnet_v2.py,vendor
247,828d9fc2d1bd9c64f335889d15c47727b593c19b9ffa93deab7d80cf011a4442,e2f72d262bd9b45560826e7f61d7da1c5b159e86,1791,maintained;reference,algorithm/event/configs/TestMemmapDavisEyeCenter_TennSt.yaml,maintained
247,828d9fc2d1bd9c64f335889d15c47727b593c19b9ffa93deab7d80cf011a4442,e2f72d262bd9b45560826e7f61d7da1c5b159e86,1791,maintained;reference,references/legacy-codebase/software/FACET/configs/TestMemmapDavisEyeCenter_TennSt.yaml,reference
248,82a993e2a10732a447ce3285b9d0b31e387ba2de007a6cf212c225d64e7602bb,e62d35ae23192b3c9a57f71915c379bf5f77a411,2686,maintained;reference,algorithm/event/configs/DavisEyeEllipse_HBTXR_full_unet_img128_patch4.yaml,maintained
248,82a993e2a10732a447ce3285b9d0b31e387ba2de007a6cf212c225d64e7602bb,e62d35ae23192b3c9a57f71915c379bf5f77a411,2686,maintained;reference,references/legacy-codebase/software/FACET/configs/DavisEyeEllipse_HBTXR_full_unet_img128_patch4.yaml,reference
249,82b70768ab8e00294294991f2acaa58576065ea2f5be4169b2555f45ee2bc5ee,a82ea8135da18939cd59fa4b68db73dafdeb1eed,10320,maintained;reference,algorithm/common/src/EvEye/model/DavisEyeEllipse/EPNet/Predict.ipynb,maintained
249,82b70768ab8e00294294991f2acaa58576065ea2f5be4169b2555f45ee2bc5ee,a82ea8135da18939cd59fa4b68db73dafdeb1eed,10320,maintained;reference,references/legacy-codebase/software/FACET/EvEye/model/DavisEyeEllipse/EPNet/Predict.ipynb,reference
250,82e6716d01aed4ac3af85213cf0a56fa3850218411156df620fd4820792449ef,9c1b6d5a187986e544d8284aa99d48f0a66a5c3a,10390,reference;vendor,references/legacy-codebase/software/EllSeg/test.py,reference
250,82e6716d01aed4ac3af85213cf0a56fa3850218411156df620fd4820792449ef,9c1b6d5a187986e544d8284aa99d48f0a66a5c3a,10390,reference;vendor,third/EllSeg/test.py,vendor
250,82e6716d01aed4ac3af85213cf0a56fa3850218411156df620fd4820792449ef,9c1b6d5a187986e544d8284aa99d48f0a66a5c3a,10390,reference;vendor,third/Pupil-Labs-Core-RITnet-Plugins/ritnet/Ellseg/test.py,vendor
251,82f6c4c53272656e2d19883ae96ba2fc58f40757778668866603968755456126,47a56f34f83f160c519964e59b9b4d558f147c3a,5974,reference;vendor,references/legacy-codebase/software/EllSeg/pytorchtools.py,reference
251,82f6c4c53272656e2d19883ae96ba2fc58f40757778668866603968755456126,47a56f34f83f160c519964e59b9b4d558f147c3a,5974,reference;vendor,third/Edge-Guided-Near-Eye-Image-Analysis-for-Head-Mounted-Displays/pytorchtools.py,vendor
251,82f6c4c53272656e2d19883ae96ba2fc58f40757778668866603968755456126,47a56f34f83f160c519964e59b9b4d558f147c3a,5974,reference;vendor,third/EllSeg/pytorchtools.py,vendor
251,82f6c4c53272656e2d19883ae96ba2fc58f40757778668866603968755456126,47a56f34f83f160c519964e59b9b4d558f147c3a,5974,reference;vendor,third/Pupil-Labs-Core-RITnet-Plugins/ritnet/Ellseg/pytorchtools.py,vendor
252,83fd35812030077a4b5ad6fc972b2977288b1d761e672e5bb1f24be56f182b1c,8ec3d759527d3b87ccb7d93e566fbe35b1f4da5f,221,archive;maintained,algorithm/archive/imports/legacy_hybrid/scripts/runtime/run_eval.sh,archive
252,83fd35812030077a4b5ad6fc972b2977288b1d761e672e5bb1f24be56f182b1c,8ec3d759527d3b87ccb7d93e566fbe35b1f4da5f,221,archive;maintained,algorithm/hybrid/scripts/external_pipeline/run_eval.sh,maintained
253,847ba55591761ff8e976642ebd6806c436a2e76bf137ce534579b8c2194c60b3,e2d17c377bc7a0eaa81cfedc9e242e8725695b7f,324,archive;reference,algorithm/archive/imports/fecet_hbtxr/configs/stage2_hybrid.yaml,archive
253,847ba55591761ff8e976642ebd6806c436a2e76bf137ce534579b8c2194c60b3,e2d17c377bc7a0eaa81cfedc9e242e8725695b7f,324,archive;reference,references/legacy-codebase/impl/FECET-HBTXR/configs/stage2_hybrid.yaml,reference
254,8509eb014dd90bea88f3d9faa9d6b06c664e4743c596ca0da01131a146a3cc45,d5e8990139d768b9b605f6bca7ab93af345fe88b,1988,archive;reference,algorithm/archive/imports/swift_hbtxr/tests/test_repository_scaffold.py,archive
254,8509eb014dd90bea88f3d9faa9d6b06c664e4743c596ca0da01131a146a3cc45,d5e8990139d768b9b605f6bca7ab93af345fe88b,1988,archive;reference,references/legacy-codebase/impl/SWIFT-HBTXR/tests/test_repository_scaffold.py,reference
255,850ea91de66310ed7adfde6c96ffc875a258417937f5d5007bdf8878bb29a9e0,1f734c3a114d915a19d6579274ddb69d9c202650,12562,archive;reference,algorithm/archive/imports/fecet_hbtxr/tools/prepare_facet_reference_dataset.py,archive
255,850ea91de66310ed7adfde6c96ffc875a258417937f5d5007bdf8878bb29a9e0,1f734c3a114d915a19d6579274ddb69d9c202650,12562,archive;reference,references/legacy-codebase/impl/FECET-HBTXR/tools/prepare_facet_reference_dataset.py,reference
256,8566eba7d3015fe76eb73cb68fc936a13b254954f658d4659812b13d2f0265d7,6889ccbe501cbb4101f52dd5ccd7019bb7686536,12045,archive;docs,algorithm/archive/imports/conversations/hgtxr_etri_server_hardware/by-date/undated/AQ2_REQUESTED_SEARCH_TRACK_METRICS_2026_07_01.md,archive
256,8566eba7d3015fe76eb73cb68fc936a13b254954f658d4659812b13d2f0265d7,6889ccbe501cbb4101f52dd5ccd7019bb7686536,12045,archive;docs,hardware/docs/track/AQ2_REQUESTED_SEARCH_TRACK_METRICS_2026_07_01.md,docs
257,87ac6471b60a6a46b1915b6441a5ad4bb26e177d4d1cd10a545cd6b52f8aa051,a6bc5f2267614159bec488c0410b745ef2cdf732,439,archive;reference,algorithm/archive/imports/fecet_hbtxr/scripts/_common.sh,archive
257,87ac6471b60a6a46b1915b6441a5ad4bb26e177d4d1cd10a545cd6b52f8aa051,a6bc5f2267614159bec488c0410b745ef2cdf732,439,archive;reference,algorithm/archive/imports/swift_hbtxr/scripts/_common.sh,archive
257,87ac6471b60a6a46b1915b6441a5ad4bb26e177d4d1cd10a545cd6b52f8aa051,a6bc5f2267614159bec488c0410b745ef2cdf732,439,archive;reference,references/legacy-codebase/impl/FECET-HBTXR/scripts/_common.sh,reference
257,87ac6471b60a6a46b1915b6441a5ad4bb26e177d4d1cd10a545cd6b52f8aa051,a6bc5f2267614159bec488c0410b745ef2cdf732,439,archive;reference,references/legacy-codebase/impl/SWIFT-HBTXR/scripts/_common.sh,reference
258,885ca8b27d9aaec78d2b8d8985666e0769a568383e08732337d7bdaf9d43c000,e2f3058e740abe0afa72d84a14b1d5523cbf39ee,5312,maintained;reference,algorithm/common/src/EvEye/utils/dvs_common_utils/processor/EventRandomAffine.py,maintained
258,885ca8b27d9aaec78d2b8d8985666e0769a568383e08732337d7bdaf9d43c000,e2f3058e740abe0afa72d84a14b1d5523cbf39ee,5312,maintained;reference,references/legacy-codebase/software/FACET/EvEye/utils/dvs_common_utils/processor/EventRandomAffine.py,reference
259,88dea13413ec50ad842d0686b4a0b07b067cb42dabbab2bf366017a258d46fb0,ee799e0b1997a3119d5c5824b0b35acbbf103404,3827,maintained;reference,algorithm/common/src/EvEye/dataset/DavisWithMask/DavisWithMaskDataset.py,maintained
259,88dea13413ec50ad842d0686b4a0b07b067cb42dabbab2bf366017a258d46fb0,ee799e0b1997a3119d5c5824b0b35acbbf103404,3827,maintained;reference,references/legacy-codebase/software/FACET/EvEye/dataset/DavisWithMask/DavisWithMaskDataset.py,reference
260,89269629e25f0371a0600e5b090a74ef4bd79f515d92e2eb4b3e9f5b642faddb,67ee6955c5934089dfcd7ec2f4c413bf41da06fc,401,reference;vendor,references/legacy-codebase/software/EllSeg/dataset_generation/LPW_status.out,reference
260,89269629e25f0371a0600e5b090a74ef4bd79f515d92e2eb4b3e9f5b642faddb,67ee6955c5934089dfcd7ec2f4c413bf41da06fc,401,reference;vendor,third/EllSeg/dataset_generation/LPW_status.out,vendor
260,89269629e25f0371a0600e5b090a74ef4bd79f515d92e2eb4b3e9f5b642faddb,67ee6955c5934089dfcd7ec2f4c413bf41da06fc,401,reference;vendor,third/Pupil-Labs-Core-RITnet-Plugins/ritnet/Ellseg/dataset_generation/LPW_status.out,vendor
261,893b248047bdebe5a65fc70d32c3d70ffb92d21f6114509b89e84ca4bada44b6,41b64385ccb8e9f7a0fef2d7e0a78b41932a9700,2805,maintained;reference,algorithm/frame/configs/DavisEyeEllipse_HBTXR_frame_gsam2crop_si_img64_patch4.yaml,maintained
261,893b248047bdebe5a65fc70d32c3d70ffb92d21f6114509b89e84ca4bada44b6,41b64385ccb8e9f7a0fef2d7e0a78b41932a9700,2805,maintained;reference,references/legacy-codebase/software/FACET/configs/DavisEyeEllipse_HBTXR_frame_gsam2crop_si_img64_patch4.yaml,reference
262,896aa11a2bd62556bc2eed10ecd9ea5da99d7fb1cbf3f7d2f0476e01ff01ba91,fb528a0d711fc22b5955685cc693b4c37ce383d5,34126,maintained;reference,algorithm/common/src/EvEye/utils/scripts/getEllipse.ipynb,maintained
262,896aa11a2bd62556bc2eed10ecd9ea5da99d7fb1cbf3f7d2f0476e01ff01ba91,fb528a0d711fc22b5955685cc693b4c37ce383d5,34126,maintained;reference,references/legacy-codebase/software/FACET/EvEye/utils/scripts/getEllipse.ipynb,reference
263,89761615875746321572dd86fb40d8215e2a90978b5f3170618af265f9cdc475,d2daecaa79c1c0556a403acaef530f4c5f1962bf,17732,reference;vendor,references/legacy-codebase/software/EllSeg/extern/locating-objects-without-bboxes/object-locator/metrics.py,reference
263,89761615875746321572dd86fb40d8215e2a90978b5f3170618af265f9cdc475,d2daecaa79c1c0556a403acaef530f4c5f1962bf,17732,reference;vendor,third/EllSeg/extern/locating-objects-without-bboxes/object-locator/metrics.py,vendor
263,89761615875746321572dd86fb40d8215e2a90978b5f3170618af265f9cdc475,d2daecaa79c1c0556a403acaef530f4c5f1962bf,17732,reference;vendor,third/Pupil-Labs-Core-RITnet-Plugins/ritnet/Ellseg/extern/locating-objects-without-bboxes/object-locator/metrics.py,vendor
264,8aa8dfdebdde0240c6f64a9b3e96c2845cf93ffcbf8e3bfcb9e80d6cbca39ea5,553841e6b1cafa2dd9f6ddc22c047011a34f7c63,3745,reference;test,quantization/references/HG-PIPE-Quantization/tests/test_lut_calibration.py,reference
264,8aa8dfdebdde0240c6f64a9b3e96c2845cf93ffcbf8e3bfcb9e80d6cbca39ea5,553841e6b1cafa2dd9f6ddc22c047011a34f7c63,3745,reference;test,quantization/tests/test_lut_calibration.py,test
265,8ad4e7dc254c719d7985463049f368f29067d16460d9267e8d964d617befd14f,b8e1d1878313aebe0f5fe4ec8aa1411a1bf86e13,8647,archive;docs,algorithm/archive/imports/conversations/hgtxr_etri_server_hardware/by-date/undated/THIRD_GOAL_PROGRESS_EXPERIMENT_REPORT_2026_06_16.md,archive
265,8ad4e7dc254c719d7985463049f368f29067d16460d9267e8d964d617befd14f,b8e1d1878313aebe0f5fe4ec8aa1411a1bf86e13,8647,archive;docs,algorithm/archive/imports/conversations/hgtxr_home_hardware/by-date/undated/THIRD_GOAL_PROGRESS_EXPERIMENT_REPORT_2026_06_16.md,archive
265,8ad4e7dc254c719d7985463049f368f29067d16460d9267e8d964d617befd14f,b8e1d1878313aebe0f5fe4ec8aa1411a1bf86e13,8647,archive;docs,hardware/docs/THIRD_GOAL_PROGRESS_EXPERIMENT_REPORT_2026_06_16.md,docs
266,8ba6ee3e47011a941a1eb2d826f6a24f705bb09acc2746a5e866dbff59ad2952,00efb3b441256661a4f5cb6803459d551799092a,6461,maintained;reference,algorithm/common/src/EvEye/utils/scripts/build_cached_frames_for_dean.py,maintained
266,8ba6ee3e47011a941a1eb2d826f6a24f705bb09acc2746a5e866dbff59ad2952,00efb3b441256661a4f5cb6803459d551799092a,6461,maintained;reference,references/legacy-codebase/software/FACET/EvEye/utils/scripts/build_cached_frames_for_dean.py,reference
267,8bcad08804d3c23913701081e7c5d4d80eaa819fef344f2c1d9116e5bc45e9d5,d4785c41ee25a5143819843a3522962a6877bf96,3611,archive;reference,algorithm/archive/imports/swift_hbtxr/tools/demo_sequence.py,archive
267,8bcad08804d3c23913701081e7c5d4d80eaa819fef344f2c1d9116e5bc45e9d5,d4785c41ee25a5143819843a3522962a6877bf96,3611,archive;reference,references/legacy-codebase/impl/SWIFT-HBTXR/tools/demo_sequence.py,reference
268,8bd38192a9208453430b8b6ad960b4cd5222bc15a1f8b3e545f8b0665c29bd11,e55aabac14b9dd63af90f9b02f9885f3e8b16215,3592,reference;vendor,references/legacy-codebase/software/EllSeg/extern/locating-objects-without-bboxes/object-locator/models/unet_parts.py,reference
268,8bd38192a9208453430b8b6ad960b4cd5222bc15a1f8b3e545f8b0665c29bd11,e55aabac14b9dd63af90f9b02f9885f3e8b16215,3592,reference;vendor,third/EllSeg/extern/locating-objects-without-bboxes/object-locator/models/unet_parts.py,vendor
268,8bd38192a9208453430b8b6ad960b4cd5222bc15a1f8b3e545f8b0665c29bd11,e55aabac14b9dd63af90f9b02f9885f3e8b16215,3592,reference;vendor,third/Pupil-Labs-Core-RITnet-Plugins/ritnet/Ellseg/extern/locating-objects-without-bboxes/object-locator/models/unet_parts.py,vendor
269,8cb979ecc5f1e108b1359e003a7cc2ed573a57cf4b30a4880e93d6a909f91f5c,7e8bd93553a691dde4617656e4e3afeb9684de28,10454509,reference;vendor,references/legacy-codebase/software/EllSeg/weights/nvgaze.git_ok,reference
269,8cb979ecc5f1e108b1359e003a7cc2ed573a57cf4b30a4880e93d6a909f91f5c,7e8bd93553a691dde4617656e4e3afeb9684de28,10454509,reference;vendor,references/legacy-codebase/software/EllSeg/weights/openeds.git_ok,reference
269,8cb979ecc5f1e108b1359e003a7cc2ed573a57cf4b30a4880e93d6a909f91f5c,7e8bd93553a691dde4617656e4e3afeb9684de28,10454509,reference;vendor,third/EllSeg/weights/nvgaze.git_ok,vendor
269,8cb979ecc5f1e108b1359e003a7cc2ed573a57cf4b30a4880e93d6a909f91f5c,7e8bd93553a691dde4617656e4e3afeb9684de28,10454509,reference;vendor,third/EllSeg/weights/openeds.git_ok,vendor
269,8cb979ecc5f1e108b1359e003a7cc2ed573a57cf4b30a4880e93d6a909f91f5c,7e8bd93553a691dde4617656e4e3afeb9684de28,10454509,reference;vendor,third/Pupil-Labs-Core-RITnet-Plugins/ritnet/Ellseg/weights/nvgaze.git_ok,vendor
269,8cb979ecc5f1e108b1359e003a7cc2ed573a57cf4b30a4880e93d6a909f91f5c,7e8bd93553a691dde4617656e4e3afeb9684de28,10454509,reference;vendor,third/Pupil-Labs-Core-RITnet-Plugins/ritnet/Ellseg/weights/openeds.git_ok,vendor
270,8e9ad2d253366055c2864dff8a8d7d2a50b7bc4290c794bf5be3d885dcf3f374,b498f1bf321297b198368b60d37f4d37520be5e0,406,reference;vendor,references/legacy-codebase/software/EllSeg/dataset_generation/PN_status.out,reference
270,8e9ad2d253366055c2864dff8a8d7d2a50b7bc4290c794bf5be3d885dcf3f374,b498f1bf321297b198368b60d37f4d37520be5e0,406,reference;vendor,third/EllSeg/dataset_generation/PN_status.out,vendor
270,8e9ad2d253366055c2864dff8a8d7d2a50b7bc4290c794bf5be3d885dcf3f374,b498f1bf321297b198368b60d37f4d37520be5e0,406,reference;vendor,third/Pupil-Labs-Core-RITnet-Plugins/ritnet/Ellseg/dataset_generation/PN_status.out,vendor
271,8f57e3398037f418b47dc394ed0ba7871ac81287ab705f557a4e75f801347e78,95d2d331d55c701b44713303f2ca9e7b3794da57,6299,maintained;reference,algorithm/common/src/EvEye/model/DavisWithMask/UNet.py,maintained
271,8f57e3398037f418b47dc394ed0ba7871ac81287ab705f557a4e75f801347e78,95d2d331d55c701b44713303f2ca9e7b3794da57,6299,maintained;reference,references/legacy-codebase/software/FACET/EvEye/model/DavisWithMask/UNet.py,reference
272,8fd3c16bcc2b1f84a1b33a47bc01830dfda322a23d486add6b76ad2b1f54a41e,14d2beb109dcd6aff7485585441fdfa938197929,500,archive;reference,algorithm/archive/imports/conversations/hgtxr_etri_server_software/by-date/undated/CONTRIBUTING.md,archive
272,8fd3c16bcc2b1f84a1b33a47bc01830dfda322a23d486add6b76ad2b1f54a41e,14d2beb109dcd6aff7485585441fdfa938197929,500,archive;reference,algorithm/archive/imports/conversations/hgtxr_home_software/by-date/undated/CONTRIBUTING.md,archive
272,8fd3c16bcc2b1f84a1b33a47bc01830dfda322a23d486add6b76ad2b1f54a41e,14d2beb109dcd6aff7485585441fdfa938197929,500,archive;reference,algorithm/hybrid/hardware_reference/docs/track/CONTRIBUTING.md,reference
273,90495791e6103be30268320d3b17dce2eaa52d003dd6f341393262745c1c3b79,5706eca54aff12f15b2c067792b27d73a5c846bb,69712,docs;reference,hardware/docs/DeiT-Tiny C-Syn Results.png,docs
273,90495791e6103be30268320d3b17dce2eaa52d003dd6f341393262745c1c3b79,5706eca54aff12f15b2c067792b27d73a5c846bb,69712,docs;reference,references/legacy-codebase/hardware/HGPIPE/DeiT-Tiny C-Syn Results.png,reference
274,90a52b211fc6581c5f1614b7e91f6a8097f72db6837298ec266457a2ea5e5546,0e7afe6934d947db47079eede6d71828ab33fb06,21258,reference;vendor,references/legacy-codebase/software/EllSeg/extern/locating-objects-without-bboxes/COPYRIGHT.txt,reference
274,90a52b211fc6581c5f1614b7e91f6a8097f72db6837298ec266457a2ea5e5546,0e7afe6934d947db47079eede6d71828ab33fb06,21258,reference;vendor,third/EllSeg/extern/locating-objects-without-bboxes/COPYRIGHT.txt,vendor
274,90a52b211fc6581c5f1614b7e91f6a8097f72db6837298ec266457a2ea5e5546,0e7afe6934d947db47079eede6d71828ab33fb06,21258,reference;vendor,third/Pupil-Labs-Core-RITnet-Plugins/ritnet/Ellseg/extern/locating-objects-without-bboxes/COPYRIGHT.txt,vendor
275,910f9b350b5a49db27d17bdeaae352a05d7aca2587e053d2dcdaad4f65fb86d1,7424d6fb8c688275238b01d566310c8a2d61a76f,2328,maintained;reference,quantization/references/HG-PIPE-Quantization/src/fake_quant/graph_runner.py,reference
275,910f9b350b5a49db27d17bdeaae352a05d7aca2587e053d2dcdaad4f65fb86d1,7424d6fb8c688275238b01d566310c8a2d61a76f,2328,maintained;reference,quantization/src/fake_quant/graph_runner.py,maintained
275,910f9b350b5a49db27d17bdeaae352a05d7aca2587e053d2dcdaad4f65fb86d1,7424d6fb8c688275238b01d566310c8a2d61a76f,2328,maintained;reference,references/legacy-codebase/hardware/HGPIPE/HG-PIPE-Quantization/hgpipe_quantization/fake_quant/graph_runner.py,reference
275,910f9b350b5a49db27d17bdeaae352a05d7aca2587e053d2dcdaad4f65fb86d1,7424d6fb8c688275238b01d566310c8a2d61a76f,2328,maintained;reference,references/legacy-codebase/impl/HG-PIPE-Quantization/hgpipe_quantization/fake_quant/graph_runner.py,reference
276,9228c530c9ea475bce5c78c232217e78d44570e25dd22b0202c108e0be436b82,95a1846e72b61ce5d69bbcd118392a4f5a9e227c,6615,maintained;reference,quantization/references/HG-PIPE-Quantization/src/quantization_scheme.py,reference
276,9228c530c9ea475bce5c78c232217e78d44570e25dd22b0202c108e0be436b82,95a1846e72b61ce5d69bbcd118392a4f5a9e227c,6615,maintained;reference,quantization/src/quantization_scheme.py,maintained
276,9228c530c9ea475bce5c78c232217e78d44570e25dd22b0202c108e0be436b82,95a1846e72b61ce5d69bbcd118392a4f5a9e227c,6615,maintained;reference,references/legacy-codebase/impl/HG-PIPE-Quantization/hgpipe_quantization/quantization_scheme.py,reference
277,923379924cd61a5df839484e647859af77045e2dc2d726c35696eef5e5584a2f,911d02b8d9e08c270e04fa36cdae5271b8528054,20504,maintained;reference,algorithm/common/src/EvEye/utils/scripts/build_full_dean_dataset_with_unet.py,maintained
277,923379924cd61a5df839484e647859af77045e2dc2d726c35696eef5e5584a2f,911d02b8d9e08c270e04fa36cdae5271b8528054,20504,maintained;reference,references/legacy-codebase/software/FACET/EvEye/utils/scripts/build_full_dean_dataset_with_unet.py,reference
278,924e2bd52221fbc5fa8f6ae02e03ae6e9d011788ac73365e14f3da7f8a19e94f,4b5feda1c0159dc79a7641ead44d20238512cbd2,223,archive;docs,algorithm/archive/imports/conversations/hgtxr_etri_server_quantization/by-date/undated/TODO.md,archive
278,924e2bd52221fbc5fa8f6ae02e03ae6e9d011788ac73365e14f3da7f8a19e94f,4b5feda1c0159dc79a7641ead44d20238512cbd2,223,archive;docs,quantization/docs/track/TODO.md,docs
279,926dc0a2e27ac42511cb35f341e2337928a6162a1badd530f80ed5d3af9f07f4,4ff512a21c51b5a213966e9432ddde328e023299,18204,archive;reference,algorithm/archive/imports/fecet_hbtxr/fecet_hbtxr/trainer.py,archive
279,926dc0a2e27ac42511cb35f341e2337928a6162a1badd530f80ed5d3af9f07f4,4ff512a21c51b5a213966e9432ddde328e023299,18204,archive;reference,references/legacy-codebase/impl/FECET-HBTXR/fecet_hbtxr/trainer.py,reference
280,93348f993af4b8663329515674b93624f4589946a14e7ef2dd554b8630911ad4,55598614925af4018f595cc0a70c850dd9803a04,18227,maintained;reference,quantization/references/HG-PIPE-Quantization/src/completion_audit.py,reference
280,93348f993af4b8663329515674b93624f4589946a14e7ef2dd554b8630911ad4,55598614925af4018f595cc0a70c850dd9803a04,18227,maintained;reference,quantization/src/completion_audit.py,maintained
280,93348f993af4b8663329515674b93624f4589946a14e7ef2dd554b8630911ad4,55598614925af4018f595cc0a70c850dd9803a04,18227,maintained;reference,references/legacy-codebase/hardware/HGPIPE/HG-PIPE-Quantization/hgpipe_quantization/completion_audit.py,reference
280,93348f993af4b8663329515674b93624f4589946a14e7ef2dd554b8630911ad4,55598614925af4018f595cc0a70c850dd9803a04,18227,maintained;reference,references/legacy-codebase/impl/HG-PIPE-Quantization/hgpipe_quantization/completion_audit.py,reference
281,9356340c6c496ff1ec9f80cccf05eafb1d8ff064c5d34587e05a45fccc1ea909,26147e793ec9859327e12d824d08d60c4fb9cc99,7081,maintained;reference,algorithm/common/src/EvEye/dataset/DavisEyeEllipse/utils.py,maintained
281,9356340c6c496ff1ec9f80cccf05eafb1d8ff064c5d34587e05a45fccc1ea909,26147e793ec9859327e12d824d08d60c4fb9cc99,7081,maintained;reference,references/legacy-codebase/software/FACET/EvEye/dataset/DavisEyeEllipse/utils.py,reference
282,93c130c58aeb997582e5a65c4523b09058a6516e21fe2dfa1d0d71b9c4985c33,16d4c1c40b04b2161afda661b3dc758838f1a1c5,3267,archive;reference,algorithm/archive/imports/fecet_hbtxr/tests/test_dataset.py,archive
282,93c130c58aeb997582e5a65c4523b09058a6516e21fe2dfa1d0d71b9c4985c33,16d4c1c40b04b2161afda661b3dc758838f1a1c5,3267,archive;reference,references/legacy-codebase/impl/FECET-HBTXR/tests/test_dataset.py,reference
283,9410cce56133a8ee84b55e17507473f7d40dc1a32ebe25c202a41d1dd88b64e9,5444759ee58eb29ab21a1202f29d156eff017466,4133,reference;test,algorithm/common/tests/facet/pupilTrackTest.ipynb,test
283,9410cce56133a8ee84b55e17507473f7d40dc1a32ebe25c202a41d1dd88b64e9,5444759ee58eb29ab21a1202f29d156eff017466,4133,reference;test,references/legacy-codebase/software/FACET/tests/pupilTrackTest.ipynb,reference
284,946714114ca895951542e1b22103e5b0a44e35e74924adf8c799db61eb6fa437,c5135ba8b040395f71fe0e82d2f75843c91cd0e2,7708,archive;reference,algorithm/archive/imports/swift_hbtxr/tools/run_timelens_attention.py,archive
284,946714114ca895951542e1b22103e5b0a44e35e74924adf8c799db61eb6fa437,c5135ba8b040395f71fe0e82d2f75843c91cd0e2,7708,archive;reference,references/legacy-codebase/impl/SWIFT-HBTXR/tools/run_timelens_attention.py,reference
285,94d766b6d0e73187bcf49a4429d35950e650818a35cc5b5ee19df782ca2e443a,e18194421d9c3b510500650bc46da0476b4970a5,453180,maintained;reference,algorithm/common/src/EvEye/utils/scripts/getFixedCountEventsTimes.ipynb,maintained
285,94d766b6d0e73187bcf49a4429d35950e650818a35cc5b5ee19df782ca2e443a,e18194421d9c3b510500650bc46da0476b4970a5,453180,maintained;reference,references/legacy-codebase/software/FACET/EvEye/utils/scripts/getFixedCountEventsTimes.ipynb,reference
286,94de4c436b73a4decf54de72c8b8764308cb1f89b69a8c90b394df504527ed82,6bd8a4f32a69135588d41d843de109e1010d0e5d,11897,reference;vendor,references/legacy-codebase/software/EllSeg/figures/dataset_info.tgn,reference
286,94de4c436b73a4decf54de72c8b8764308cb1f89b69a8c90b394df504527ed82,6bd8a4f32a69135588d41d843de109e1010d0e5d,11897,reference;vendor,third/EllSeg/figures/dataset_info.tgn,vendor
286,94de4c436b73a4decf54de72c8b8764308cb1f89b69a8c90b394df504527ed82,6bd8a4f32a69135588d41d843de109e1010d0e5d,11897,reference;vendor,third/Pupil-Labs-Core-RITnet-Plugins/ritnet/Ellseg/figures/dataset_info.tgn,vendor
287,9514c73acdfd9a8bcd545983ce49b703958ca0519790da2b06a7fdf5cce8a468,7327a9616d5aef2f45cc609542705e2afff8822a,4484,archive;reference,algorithm/archive/imports/fecet_hbtxr/tools/facet_train.py,archive
287,9514c73acdfd9a8bcd545983ce49b703958ca0519790da2b06a7fdf5cce8a468,7327a9616d5aef2f45cc609542705e2afff8822a,4484,archive;reference,references/legacy-codebase/impl/FECET-HBTXR/tools/facet_train.py,reference
288,953c1efcd703c6e52ffe0d7d529d521e011e4869aab215766b856764f90dbcc6,a547163c515645b196cc78a22bc3e8af1848c6cc,5761,reference;vendor,references/legacy-codebase/software/EllSeg/data_augment.py,reference
288,953c1efcd703c6e52ffe0d7d529d521e011e4869aab215766b856764f90dbcc6,a547163c515645b196cc78a22bc3e8af1848c6cc,5761,reference;vendor,third/EllSeg/data_augment.py,vendor
288,953c1efcd703c6e52ffe0d7d529d521e011e4869aab215766b856764f90dbcc6,a547163c515645b196cc78a22bc3e8af1848c6cc,5761,reference;vendor,third/Pupil-Labs-Core-RITnet-Plugins/ritnet/Ellseg/data_augment.py,vendor
289,95a271e9db6d9a14783b5bcff878f06b736dc0be6c386ca5ea92107b235bc599,047a9c380b9d61f2ac9c2a0cb9c8541b1345e2ce,1149,maintained;reference,algorithm/common/src/EvEye/callback/S3Checkpoint.py,maintained
289,95a271e9db6d9a14783b5bcff878f06b736dc0be6c386ca5ea92107b235bc599,047a9c380b9d61f2ac9c2a0cb9c8541b1345e2ce,1149,maintained;reference,references/legacy-codebase/software/FACET/EvEye/callback/S3Checkpoint.py,reference
290,95b5bfc2fe52b7973e79fe97573a675fb1c2d6470bd68e109e950de32e63a71b,40e8820873cc36d664260da8108f60a49b9b5883,10454497,reference;vendor,references/legacy-codebase/software/EllSeg/weights/LPW.git_ok,reference
290,95b5bfc2fe52b7973e79fe97573a675fb1c2d6470bd68e109e950de32e63a71b,40e8820873cc36d664260da8108f60a49b9b5883,10454497,reference;vendor,third/EllSeg/weights/LPW.git_ok,vendor
290,95b5bfc2fe52b7973e79fe97573a675fb1c2d6470bd68e109e950de32e63a71b,40e8820873cc36d664260da8108f60a49b9b5883,10454497,reference;vendor,third/Pupil-Labs-Core-RITnet-Plugins/ritnet/Ellseg/weights/LPW.git_ok,vendor
291,95ed7a7839f03c94208ea8db30ab2c10babb3c0df7295ed95256f6924ff985dd,e745686a258685bc80ab79286edf88371e96598a,11175,maintained;reference,quantization/references/HG-PIPE-Quantization/src/int_infer/runner.py,reference
291,95ed7a7839f03c94208ea8db30ab2c10babb3c0df7295ed95256f6924ff985dd,e745686a258685bc80ab79286edf88371e96598a,11175,maintained;reference,quantization/src/int_infer/runner.py,maintained
291,95ed7a7839f03c94208ea8db30ab2c10babb3c0df7295ed95256f6924ff985dd,e745686a258685bc80ab79286edf88371e96598a,11175,maintained;reference,references/legacy-codebase/hardware/HGPIPE/HG-PIPE-Quantization/hgpipe_quantization/int_infer/runner.py,reference
291,95ed7a7839f03c94208ea8db30ab2c10babb3c0df7295ed95256f6924ff985dd,e745686a258685bc80ab79286edf88371e96598a,11175,maintained;reference,references/legacy-codebase/impl/HG-PIPE-Quantization/hgpipe_quantization/int_infer/runner.py,reference
292,960465af89afaa84fc4a432266599509fec644d45265c68f57f3369ca198601a,fcdb6c873153f40822edea58c175e1d578ef9cea,3395,reference;vendor,references/legacy-codebase/software/EllSeg/extern/locating-objects-without-bboxes/scripts_dataset_and_results/parseResults.py,reference
292,960465af89afaa84fc4a432266599509fec644d45265c68f57f3369ca198601a,fcdb6c873153f40822edea58c175e1d578ef9cea,3395,reference;vendor,third/EllSeg/extern/locating-objects-without-bboxes/scripts_dataset_and_results/parseResults.py,vendor
292,960465af89afaa84fc4a432266599509fec644d45265c68f57f3369ca198601a,fcdb6c873153f40822edea58c175e1d578ef9cea,3395,reference;vendor,third/Pupil-Labs-Core-RITnet-Plugins/ritnet/Ellseg/extern/locating-objects-without-bboxes/scripts_dataset_and_results/parseResults.py,vendor
293,96a247e3cc2628246306b4a85c9413f90557961c0576856b337bd154339efa94,08ec708761678cd62640533b0867ae022f6c6880,3173,maintained;reference,algorithm/common/src/EvEye/dataset/DavisEyeCenter/DatDavisEyeCenterDataset.py,maintained
293,96a247e3cc2628246306b4a85c9413f90557961c0576856b337bd154339efa94,08ec708761678cd62640533b0867ae022f6c6880,3173,maintained;reference,references/legacy-codebase/software/FACET/EvEye/dataset/DavisEyeCenter/DatDavisEyeCenterDataset.py,reference
294,972724227ae492435bd247fffc29b8efff0c642b210e836150b031d0df82b282,408f5df1ed89569ea72c9d87d323aa842fd483f8,14709,archive;docs,algorithm/archive/imports/conversations/hgtxr_etri_server_hardware/by-date/undated/AQ2_SEARCH_TRACK_METRIC_CHECKLIST_2026_07_01.md,archive
294,972724227ae492435bd247fffc29b8efff0c642b210e836150b031d0df82b282,408f5df1ed89569ea72c9d87d323aa842fd483f8,14709,archive;docs,hardware/docs/track/AQ2_SEARCH_TRACK_METRIC_CHECKLIST_2026_07_01.md,docs
295,9730f715905bc518202992008bec07f3d3dc7f541c91b0bfd02c0f17bdf37e8c,3505b0b15393fa5708dcd1c9e2a8300ce967f3de,32248,maintained;reference,algorithm/common/src/EvEye/utils/scripts/evaluate_hbtxr_val_motion.py,maintained
295,9730f715905bc518202992008bec07f3d3dc7f541c91b0bfd02c0f17bdf37e8c,3505b0b15393fa5708dcd1c9e2a8300ce967f3de,32248,maintained;reference,references/legacy-codebase/software/FACET/EvEye/utils/scripts/evaluate_hbtxr_val_motion.py,reference
296,9864565755d4a2a3f7880c14df441c1c51455a71c485c60bb212d9ce0206dc22,b6f1bfd2889217b3f5cafed082e6aa203a892c4d,11463,archive;docs,algorithm/archive/imports/conversations/hgtxr_etri_server_hardware/by-date/undated/WORK_PROGRESS_EXPERIMENT_SUMMARY_2026_06_27.md,archive
296,9864565755d4a2a3f7880c14df441c1c51455a71c485c60bb212d9ce0206dc22,b6f1bfd2889217b3f5cafed082e6aa203a892c4d,11463,archive;docs,hardware/docs/track/WORK_PROGRESS_EXPERIMENT_SUMMARY_2026_06_27.md,docs
297,99d64f680c210d84528ad9f1cd05a54a0af81e1ed694b87af14917aa04789c8a,0e5b427e4767430c3d284a22145462be163822f0,1631,archive;reference,algorithm/archive/imports/swift_hbtxr/swift_hbtxr/geometry.py,archive
297,99d64f680c210d84528ad9f1cd05a54a0af81e1ed694b87af14917aa04789c8a,0e5b427e4767430c3d284a22145462be163822f0,1631,archive;reference,references/legacy-codebase/impl/SWIFT-HBTXR/swift_hbtxr/geometry.py,reference
298,9a4271a2a3aefa8997240b40887c96deb88a7765b42c8af46904897e1970d5a5,050e1178df4ec9d6acef2a78387974140cd02246,37066,maintained;reference,algorithm/common/src/EvEye/model/timmLearning.ipynb,maintained
298,9a4271a2a3aefa8997240b40887c96deb88a7765b42c8af46904897e1970d5a5,050e1178df4ec9d6acef2a78387974140cd02246,37066,maintained;reference,references/legacy-codebase/software/FACET/EvEye/model/timmLearning.ipynb,reference
299,9aa51ce9ee8c1adb840c0862a43df521f27a558f14eece59e6fbe54cecb8482d,c12d9a096be2d6712baf8b3f774e126752115cad,2493,maintained;reference,algorithm/event/configs/DavisEyeEllipse_EPNet_full_unet.yaml,maintained
299,9aa51ce9ee8c1adb840c0862a43df521f27a558f14eece59e6fbe54cecb8482d,c12d9a096be2d6712baf8b3f774e126752115cad,2493,maintained;reference,references/legacy-codebase/software/FACET/configs/DavisEyeEllipse_EPNet_full_unet.yaml,reference
300,9b0093d1d4b4ab3fcf582ddbcad2206d9dd852be2da2293e9fd0424b54dc00d5,75180ca44977d592c3dcefe7885daa1358395b5d,19678,maintained;reference,algorithm/common/src/EvEye/dataset/DavisEyeEllipse/DavisEyeEllipseFrameDataset.py,maintained
300,9b0093d1d4b4ab3fcf582ddbcad2206d9dd852be2da2293e9fd0424b54dc00d5,75180ca44977d592c3dcefe7885daa1358395b5d,19678,maintained;reference,references/legacy-codebase/software/FACET/EvEye/dataset/DavisEyeEllipse/DavisEyeEllipseFrameDataset.py,reference
301,9b8756a365d5f321d84b72ebe9aef9a48757e97a7acc25b8bee1c6d4603f7431,999888185c01aae8cefa1111561315462d91bd7c,288,archive;docs,algorithm/archive/imports/conversations/hgtxr_etri_server_quantization/by-date/undated/CONVERSATION.md,archive
301,9b8756a365d5f321d84b72ebe9aef9a48757e97a7acc25b8bee1c6d4603f7431,999888185c01aae8cefa1111561315462d91bd7c,288,archive;docs,quantization/docs/track/CONVERSATION.md,docs
302,9bc3b055f7f677dd54fab301c0439f8a159f0c4560100c4e73c5a32c9d477720,ec7927ffa602f39a3696e0bdb1f310183fe75d52,1578,maintained;reference,algorithm/frame/configs/DavisEyeEllipse_RGBUNet_local_train_smoke.yaml,maintained
302,9bc3b055f7f677dd54fab301c0439f8a159f0c4560100c4e73c5a32c9d477720,ec7927ffa602f39a3696e0bdb1f310183fe75d52,1578,maintained;reference,references/legacy-codebase/software/FACET/configs/DavisEyeEllipse_RGBUNet_local_train_smoke.yaml,reference
303,9bcc1c0807cd60e081b081fa4bbeec7a544e32e957c659910a11fe78fd77b969,134f5e9ba2fb075d2354afefa4f862553ebf00e8,4807,archive;reference,algorithm/archive/imports/fecet_hbtxr/doc/PROGRESS_CHECKLIST.md,archive
303,9bcc1c0807cd60e081b081fa4bbeec7a544e32e957c659910a11fe78fd77b969,134f5e9ba2fb075d2354afefa4f862553ebf00e8,4807,archive;reference,references/legacy-codebase/impl/FECET-HBTXR/doc/PROGRESS_CHECKLIST.md,reference
304,9d9e2b195365463b744752c77e829773ed4e1d323a777a9b5b4a6a50e6267e11,a45f693af67c35a567c1b3a8769ff9f1cffe1fbe,1529,archive;reference,algorithm/archive/imports/fecet_hbtxr/tests/test_repository_scaffold.py,archive
304,9d9e2b195365463b744752c77e829773ed4e1d323a777a9b5b4a6a50e6267e11,a45f693af67c35a567c1b3a8769ff9f1cffe1fbe,1529,archive;reference,references/legacy-codebase/impl/FECET-HBTXR/tests/test_repository_scaffold.py,reference
305,9e55f081d84f5e570b7a73bf8cfca94f306b1c1625276466b4ceefa5f9eb964f,c19d0390ba19e9ed370deae86563fe107cbf868e,1843,maintained;reference,algorithm/common/src/EvEye/utils/cache/LoadH5CachedStructedEvents.ipynb,maintained
305,9e55f081d84f5e570b7a73bf8cfca94f306b1c1625276466b4ceefa5f9eb964f,c19d0390ba19e9ed370deae86563fe107cbf868e,1843,maintained;reference,references/legacy-codebase/software/FACET/EvEye/utils/cache/LoadH5CachedStructedEvents.ipynb,reference
306,9edad65f5c66dd725994f0618ae68aa79ecbae9f2987822391b8cebaf2409bde,51809e46a143a71054620d129adb3443f4dec0d7,8628,archive;reference,algorithm/archive/imports/fecet_hbtxr/fecet_hbtxr/transforms.py,archive
306,9edad65f5c66dd725994f0618ae68aa79ecbae9f2987822391b8cebaf2409bde,51809e46a143a71054620d129adb3443f4dec0d7,8628,archive;reference,algorithm/archive/imports/swift_hbtxr/swift_hbtxr/transforms.py,archive
306,9edad65f5c66dd725994f0618ae68aa79ecbae9f2987822391b8cebaf2409bde,51809e46a143a71054620d129adb3443f4dec0d7,8628,archive;reference,references/legacy-codebase/impl/FECET-HBTXR/fecet_hbtxr/transforms.py,reference
306,9edad65f5c66dd725994f0618ae68aa79ecbae9f2987822391b8cebaf2409bde,51809e46a143a71054620d129adb3443f4dec0d7,8628,archive;reference,references/legacy-codebase/impl/SWIFT-HBTXR/swift_hbtxr/transforms.py,reference
307,9edb639e666f80c747765c06cb736e0c0a6e7e1e21f38d31b726a23e2d5a4cbd,46eedf93a4743d1454d51555ff573d2d653d3b1d,2993,maintained;reference,algorithm/event/configs/DavisEyeEllipse_HBTXR_event_gsam2crop_si_img64_patch4_count2500.yaml,maintained
307,9edb639e666f80c747765c06cb736e0c0a6e7e1e21f38d31b726a23e2d5a4cbd,46eedf93a4743d1454d51555ff573d2d653d3b1d,2993,maintained;reference,references/legacy-codebase/software/FACET/configs/DavisEyeEllipse_HBTXR_event_gsam2crop_si_img64_patch4_count2500.yaml,reference
308,9eff482defbb6937c8bbac56cf5d38f2b0b3a251cb7b4855461212649ea97d36,9fbdd0647bf176a40dbd76d2f809e96f9cc81d4f,328,maintained;reference,algorithm/common/src/EvEye/model/DavisEyeEllipse/EPNet/Neck/SSD.py,maintained
308,9eff482defbb6937c8bbac56cf5d38f2b0b3a251cb7b4855461212649ea97d36,9fbdd0647bf176a40dbd76d2f809e96f9cc81d4f,328,maintained;reference,references/legacy-codebase/software/FACET/EvEye/model/DavisEyeEllipse/EPNet/Neck/SSD.py,reference
309,9fcbd45f4ff988f44bb1d27e06065892ca75b3d15b9361baaa70c84d86d93ba9,25dd1b49ec13d176b7b61310ef93125049ba0441,41375,reference;test,algorithm/common/tests/facet/generateEventEllipse.ipynb,test
309,9fcbd45f4ff988f44bb1d27e06065892ca75b3d15b9361baaa70c84d86d93ba9,25dd1b49ec13d176b7b61310ef93125049ba0441,41375,reference;test,references/legacy-codebase/software/FACET/tests/generateEventEllipse.ipynb,reference
310,9fcc4f3285f1f68c4410515324b073708e5da28b8e5a81f162814dd6c5cedf9a,969309b891cc811545ffa7a57d43630441506036,3564,archive;reference,algorithm/archive/imports/swift_hbtxr/tests/test_integrations.py,archive
310,9fcc4f3285f1f68c4410515324b073708e5da28b8e5a81f162814dd6c5cedf9a,969309b891cc811545ffa7a57d43630441506036,3564,archive;reference,references/legacy-codebase/impl/SWIFT-HBTXR/tests/test_integrations.py,reference
311,9fddecc63f60bde1a318a9c2a313e74dde1831c21af952bc25bec907c5cf8ad9,3a6283e99612b366016eade77ff59d5e37bc5224,1124,reference;test,quantization/references/HG-PIPE-Quantization/tests/test_graph_runner.py,reference
311,9fddecc63f60bde1a318a9c2a313e74dde1831c21af952bc25bec907c5cf8ad9,3a6283e99612b366016eade77ff59d5e37bc5224,1124,reference;test,quantization/tests/test_graph_runner.py,test
312,a0a13fb5b07f6835185f8cc71596f641d0620d02d6833ca67f4eb9f6ded51bd5,17920c8d9e7144599dae6793c8395e79c4c638c7,3165,maintained;reference,quantization/references/HG-PIPE-Quantization/src/fake_quant/runner.py,reference
312,a0a13fb5b07f6835185f8cc71596f641d0620d02d6833ca67f4eb9f6ded51bd5,17920c8d9e7144599dae6793c8395e79c4c638c7,3165,maintained;reference,quantization/src/fake_quant/runner.py,maintained
312,a0a13fb5b07f6835185f8cc71596f641d0620d02d6833ca67f4eb9f6ded51bd5,17920c8d9e7144599dae6793c8395e79c4c638c7,3165,maintained;reference,references/legacy-codebase/hardware/HGPIPE/HG-PIPE-Quantization/hgpipe_quantization/fake_quant/runner.py,reference
312,a0a13fb5b07f6835185f8cc71596f641d0620d02d6833ca67f4eb9f6ded51bd5,17920c8d9e7144599dae6793c8395e79c4c638c7,3165,maintained;reference,references/legacy-codebase/impl/HG-PIPE-Quantization/hgpipe_quantization/fake_quant/runner.py,reference
313,a0c08136aab39a7d113a2c32d07c4a1a4257e8f0a0ab3b142a12cd8bd9ddde8d,072daae398be76fa9b93beacd4aa878151edf864,5741,maintained;reference,algorithm/common/src/EvEye/model/DavisEyeEllipse/UNet/Predict.py,maintained
313,a0c08136aab39a7d113a2c32d07c4a1a4257e8f0a0ab3b142a12cd8bd9ddde8d,072daae398be76fa9b93beacd4aa878151edf864,5741,maintained;reference,references/legacy-codebase/software/FACET/EvEye/model/DavisEyeEllipse/UNet/Predict.py,reference
314,a0f5e73d052542aad205e70fe9518fcfb4db4fcc19608f5ab8ec43faaf5657da,4e6e61270869b7df63f9abec929a1f115588e540,6154,archive;reference,algorithm/archive/imports/swift_hbtxr/tools/infer.py,archive
314,a0f5e73d052542aad205e70fe9518fcfb4db4fcc19608f5ab8ec43faaf5657da,4e6e61270869b7df63f9abec929a1f115588e540,6154,archive;reference,references/legacy-codebase/impl/SWIFT-HBTXR/tools/infer.py,reference
315,a10d88a5f17e160638e9d197534df2b30be8b0c6dbfa326de8bd79f3ce7651de,5555cc12493a79f77852804fce75f96f21296b1a,6188,maintained;reference,algorithm/common/src/EvEye/utils/scripts/validate_hbtxr_motion_eval_artifacts.py,maintained
315,a10d88a5f17e160638e9d197534df2b30be8b0c6dbfa326de8bd79f3ce7651de,5555cc12493a79f77852804fce75f96f21296b1a,6188,maintained;reference,references/legacy-codebase/software/FACET/EvEye/utils/scripts/validate_hbtxr_motion_eval_artifacts.py,reference
316,a13da614c2d2e150b6a7967d55b0748dfef84678d60cc25b9dd4c63ec5529fac,4d01c4dda55dbcbf61f3ebc7faec55f00c3c1247,5051,maintained;reference,quantization/references/HG-PIPE-Quantization/src/eval/model_registry.py,reference
316,a13da614c2d2e150b6a7967d55b0748dfef84678d60cc25b9dd4c63ec5529fac,4d01c4dda55dbcbf61f3ebc7faec55f00c3c1247,5051,maintained;reference,quantization/src/eval/model_registry.py,maintained
316,a13da614c2d2e150b6a7967d55b0748dfef84678d60cc25b9dd4c63ec5529fac,4d01c4dda55dbcbf61f3ebc7faec55f00c3c1247,5051,maintained;reference,references/legacy-codebase/hardware/HGPIPE/HG-PIPE-Quantization/hgpipe_quantization/eval/model_registry.py,reference
316,a13da614c2d2e150b6a7967d55b0748dfef84678d60cc25b9dd4c63ec5529fac,4d01c4dda55dbcbf61f3ebc7faec55f00c3c1247,5051,maintained;reference,references/legacy-codebase/impl/HG-PIPE-Quantization/hgpipe_quantization/eval/model_registry.py,reference
317,a1754046a2173ff80c8703d56c9909dd0bcd06dbff467b03fdfbc4950cb75d38,e481730ffd8850bd55aaa62884cd9cc4d120c186,2091,maintained;reference,algorithm/event/configs/DavisEyeEllipse_EPNet_local_train_smoke.yaml,maintained
317,a1754046a2173ff80c8703d56c9909dd0bcd06dbff467b03fdfbc4950cb75d38,e481730ffd8850bd55aaa62884cd9cc4d120c186,2091,maintained;reference,references/legacy-codebase/software/FACET/configs/DavisEyeEllipse_EPNet_local_train_smoke.yaml,reference
318,a177f31f32f5072ad965333a5d0b8cf6c1d8ff5b81de103bc7fccaa8459e041e,a448db3e1fdd57c91417f3d81b95d46b4962e162,32788,archive;docs,algorithm/archive/imports/conversations/hgtxr_etri_server_hardware/by-date/undated/ZCU104_FULL_LEARNED_PHYSICAL_EXPERIMENT_PLAN_2026_07_01.md,archive
318,a177f31f32f5072ad965333a5d0b8cf6c1d8ff5b81de103bc7fccaa8459e041e,a448db3e1fdd57c91417f3d81b95d46b4962e162,32788,archive;docs,hardware/docs/track/ZCU104_FULL_LEARNED_PHYSICAL_EXPERIMENT_PLAN_2026_07_01.md,docs
319,a2a380e8555313a5be1e0f103a3a810aaeb525f00a9af5b2004372ae64d841a1,1c0e4d354500e168dc26a007545178571e957f80,112,reference;vendor,references/legacy-codebase/software/EllSeg/.gitignore,reference
319,a2a380e8555313a5be1e0f103a3a810aaeb525f00a9af5b2004372ae64d841a1,1c0e4d354500e168dc26a007545178571e957f80,112,reference;vendor,third/EllSeg/.gitignore,vendor
320,a2b1bd22e52084988c1b39fce76e92fdbacd97525beacd8cbfb49e3408130a6f,1093f56f95487e4e9386aa66d36e0a3bdf36ba13,7059,archive;reference,algorithm/archive/imports/fecet_hbtxr/fecet_hbtxr/io.py,archive
320,a2b1bd22e52084988c1b39fce76e92fdbacd97525beacd8cbfb49e3408130a6f,1093f56f95487e4e9386aa66d36e0a3bdf36ba13,7059,archive;reference,algorithm/archive/imports/swift_hbtxr/swift_hbtxr/io.py,archive
320,a2b1bd22e52084988c1b39fce76e92fdbacd97525beacd8cbfb49e3408130a6f,1093f56f95487e4e9386aa66d36e0a3bdf36ba13,7059,archive;reference,references/legacy-codebase/impl/FECET-HBTXR/fecet_hbtxr/io.py,reference
320,a2b1bd22e52084988c1b39fce76e92fdbacd97525beacd8cbfb49e3408130a6f,1093f56f95487e4e9386aa66d36e0a3bdf36ba13,7059,archive;reference,references/legacy-codebase/impl/SWIFT-HBTXR/swift_hbtxr/io.py,reference
321,a305d88123d7888c6b0eff26070e9f51a8f473af6c1ff57ecc6bc8eeba88f1fb,7568c1397b36b5f5032985e18ea8ca214ba1f99f,4464,maintained;reference,algorithm/common/src/EvEye/utils/dvs_common_utils/processor/TorchEventFrameRandomAffine(bug).py,maintained
321,a305d88123d7888c6b0eff26070e9f51a8f473af6c1ff57ecc6bc8eeba88f1fb,7568c1397b36b5f5032985e18ea8ca214ba1f99f,4464,maintained;reference,references/legacy-codebase/software/FACET/EvEye/utils/dvs_common_utils/processor/TorchEventFrameRandomAffine(bug).py,reference
322,a31af8a82b6c8acc0ff59e9ad285fd916446aaa4bb7344a4d63da0c2d529bce4,2a65e15e8db1f9b47f00f79f1b75bfe207957e23,25568,archive;docs,algorithm/archive/imports/conversations/hgtxr_etri_server_hardware/by-date/undated/HANDOVER.md,archive
322,a31af8a82b6c8acc0ff59e9ad285fd916446aaa4bb7344a4d63da0c2d529bce4,2a65e15e8db1f9b47f00f79f1b75bfe207957e23,25568,archive;docs,hardware/docs/track/HANDOVER.md,docs
323,a31d85a24bbf477302d37d4e8a475c63674a8c5e2c7ce2804f70947582708df9,e39096c0209885d9aaaa9768550da0c76a0c6be8,2536,archive;reference,algorithm/archive/imports/swift_hbtxr/tools/train.py,archive
323,a31d85a24bbf477302d37d4e8a475c63674a8c5e2c7ce2804f70947582708df9,e39096c0209885d9aaaa9768550da0c76a0c6be8,2536,archive;reference,references/legacy-codebase/impl/SWIFT-HBTXR/tools/train.py,reference
324,a41d5ac8bfd1870272fcdc4919e7343946d28136cb377ebf3409f079ffe6914c,f80b72f08cc36374c02fc95ac85e08c0bc109007,25,maintained;reference,algorithm/common/src/EvEye/model/DavisEyeEllipse/HBTXR/__init__.py,maintained
324,a41d5ac8bfd1870272fcdc4919e7343946d28136cb377ebf3409f079ffe6914c,f80b72f08cc36374c02fc95ac85e08c0bc109007,25,maintained;reference,references/legacy-codebase/software/FACET/EvEye/model/DavisEyeEllipse/HBTXR/__init__.py,reference
325,a45bb0fbd0750cb58e98976eca1ac924490b951abdaf22bd8c62c2fda64eca34,7a8b050ab2786b22a03e5c54de7e18ff7f0d110d,19671,maintained;reference,algorithm/common/src/EvEye/utils/visualization/visualization.py,maintained
325,a45bb0fbd0750cb58e98976eca1ac924490b951abdaf22bd8c62c2fda64eca34,7a8b050ab2786b22a03e5c54de7e18ff7f0d110d,19671,maintained;reference,references/legacy-codebase/software/FACET/EvEye/utils/visualization/visualization.py,reference
326,a542bfd719ef4835ffeb0ed8c9e58270bae8bb622c0671c565c0618c89659c6d,ebca8197414460adf1bf0763433c3128c7cc8413,1416,archive;docs,algorithm/archive/imports/conversations/hgtxr_etri_server_hardware/by-date/undated/TODO.md,archive
326,a542bfd719ef4835ffeb0ed8c9e58270bae8bb622c0671c565c0618c89659c6d,ebca8197414460adf1bf0763433c3128c7cc8413,1416,archive;docs,algorithm/archive/imports/conversations/hgtxr_home_hardware/by-date/undated/TODO.md,archive
326,a542bfd719ef4835ffeb0ed8c9e58270bae8bb622c0671c565c0618c89659c6d,ebca8197414460adf1bf0763433c3128c7cc8413,1416,archive;docs,hardware/docs/track/TODO.md,docs
327,a5b8342a1637922ddbedbdaf727ef82ef315461c2a22befae945ad43f2140614,bc23226a7748d42de9e25ca9958b48e7e56c5e2e,3506,archive;reference,algorithm/archive/imports/swift_hbtxr/swift_hbtxr/compat.py,archive
327,a5b8342a1637922ddbedbdaf727ef82ef315461c2a22befae945ad43f2140614,bc23226a7748d42de9e25ca9958b48e7e56c5e2e,3506,archive;reference,references/legacy-codebase/impl/SWIFT-HBTXR/swift_hbtxr/compat.py,reference
328,a657b1450dcb51fa93a947036c450ae9ffb360f7eda282f87e04ff2083451fdd,8116f7095ed2bdb1b74a2db45eb4cd76e3f5c7ec,16665,reference;vendor,references/legacy-codebase/software/EllSeg/extern/locating-objects-without-bboxes/object-locator/locate.py,reference
328,a657b1450dcb51fa93a947036c450ae9ffb360f7eda282f87e04ff2083451fdd,8116f7095ed2bdb1b74a2db45eb4cd76e3f5c7ec,16665,reference;vendor,third/EllSeg/extern/locating-objects-without-bboxes/object-locator/locate.py,vendor
328,a657b1450dcb51fa93a947036c450ae9ffb360f7eda282f87e04ff2083451fdd,8116f7095ed2bdb1b74a2db45eb4cd76e3f5c7ec,16665,reference;vendor,third/Pupil-Labs-Core-RITnet-Plugins/ritnet/Ellseg/extern/locating-objects-without-bboxes/object-locator/locate.py,vendor
329,a6ad4c273651ee205e60def69119251680d9e5bd68726d67f5b9cabcbd30c192,b312fc13d412be23bf3dbe2a01cae3a50dc1638e,366,archive;reference,algorithm/archive/imports/fecet_hbtxr/pyproject.toml,archive
329,a6ad4c273651ee205e60def69119251680d9e5bd68726d67f5b9cabcbd30c192,b312fc13d412be23bf3dbe2a01cae3a50dc1638e,366,archive;reference,references/legacy-codebase/impl/FECET-HBTXR/pyproject.toml,reference
330,a71afcb4022c9a91e9c6a3a7995fcd24bf34025fdc940547ed2456094568ab37,b5c147dba770381519c1900bae083b5f0eab17ae,9447,reference;vendor,references/legacy-codebase/software/EllSeg/extern/locating-objects-without-bboxes/object-locator/logger.py,reference
330,a71afcb4022c9a91e9c6a3a7995fcd24bf34025fdc940547ed2456094568ab37,b5c147dba770381519c1900bae083b5f0eab17ae,9447,reference;vendor,third/EllSeg/extern/locating-objects-without-bboxes/object-locator/logger.py,vendor
330,a71afcb4022c9a91e9c6a3a7995fcd24bf34025fdc940547ed2456094568ab37,b5c147dba770381519c1900bae083b5f0eab17ae,9447,reference;vendor,third/Pupil-Labs-Core-RITnet-Plugins/ritnet/Ellseg/extern/locating-objects-without-bboxes/object-locator/logger.py,vendor
331,a77805d27f61a5169ac480259063c21a7f2b8d3dcd322d48d9ad588f59f5eae9,9c6ac369796abd8738c3ef24c4335f44c1e6d2fa,6793,archive;docs,algorithm/archive/imports/conversations/hgtxr_etri_server_hardware/by-date/undated/THIRD_GOAL_REQUIREMENTS_2026_06_16.md,archive
331,a77805d27f61a5169ac480259063c21a7f2b8d3dcd322d48d9ad588f59f5eae9,9c6ac369796abd8738c3ef24c4335f44c1e6d2fa,6793,archive;docs,algorithm/archive/imports/conversations/hgtxr_home_hardware/by-date/undated/THIRD_GOAL_REQUIREMENTS_2026_06_16.md,archive
331,a77805d27f61a5169ac480259063c21a7f2b8d3dcd322d48d9ad588f59f5eae9,9c6ac369796abd8738c3ef24c4335f44c1e6d2fa,6793,archive;docs,hardware/docs/track/THIRD_GOAL_REQUIREMENTS_2026_06_16.md,docs
332,a7f4b68b051477df6047afcb3625871b3892f725cbaff53308f82c79b4458ca4,9d8b134113db7e63ccbe303f1ddcf6091f4415f5,2167,archive;reference,algorithm/archive/imports/fecet_hbtxr/tests/test_prepare_dataset.py,archive
332,a7f4b68b051477df6047afcb3625871b3892f725cbaff53308f82c79b4458ca4,9d8b134113db7e63ccbe303f1ddcf6091f4415f5,2167,archive;reference,references/legacy-codebase/impl/FECET-HBTXR/tests/test_prepare_dataset.py,reference
333,a8121502cde4fca84e97be20d4bd28c438bc87756f8d9e811131fb4b1ee2ffc1,3942ed9a686cb2fdcee8b8d16601459eaca598c4,881,archive;maintained,algorithm/archive/imports/legacy_hybrid/scripts/runtime/run_prepare.sh,archive
333,a8121502cde4fca84e97be20d4bd28c438bc87756f8d9e811131fb4b1ee2ffc1,3942ed9a686cb2fdcee8b8d16601459eaca598c4,881,archive;maintained,algorithm/hybrid/scripts/external_pipeline/run_prepare.sh,maintained
334,a85e0b20d3ee414cee0bb0c6115b2dca99070247383cd960a720129a75170852,1ac0100ed845deeae1fdc84e79ad7b62b34a10f6,293,archive;reference,algorithm/archive/imports/fecet_hbtxr/configs/stage1_search.yaml,archive
334,a85e0b20d3ee414cee0bb0c6115b2dca99070247383cd960a720129a75170852,1ac0100ed845deeae1fdc84e79ad7b62b34a10f6,293,archive;reference,references/legacy-codebase/impl/FECET-HBTXR/configs/stage1_search.yaml,reference
335,a8b0fc3f40ec5b5a5dc92496ad1381823f5621ef7d7a97297db4ca62c24bc648,a51bc202c5353b37d4fe4d57cc52125b889fd814,31281,maintained;reference,algorithm/common/src/EvEye/utils/scripts/fitEllipse.ipynb,maintained
335,a8b0fc3f40ec5b5a5dc92496ad1381823f5621ef7d7a97297db4ca62c24bc648,a51bc202c5353b37d4fe4d57cc52125b889fd814,31281,maintained;reference,references/legacy-codebase/software/FACET/EvEye/utils/scripts/fitEllipse.ipynb,reference
336,a91de8826d80b93e3f32de4c095e6c8491ad1d1f4f7c9a7622585b314e8cff8b,903542db024ce2ed9e7d86ae5748c1a490308447,709,maintained;reference,algorithm/common/src/EvEye/utils/dvs_common_utils/utils/event_visualizer.py,maintained
336,a91de8826d80b93e3f32de4c095e6c8491ad1d1f4f7c9a7622585b314e8cff8b,903542db024ce2ed9e7d86ae5748c1a490308447,709,maintained;reference,references/legacy-codebase/software/FACET/EvEye/utils/dvs_common_utils/utils/event_visualizer.py,reference
337,a98931dc55f103d1a227ce5804145a73f9e37b6c08cab31709ce36c7483a74c0,07f1409dca956a955c91e1fb2a0acc2aca9cab52,11041,reference;vendor,references/legacy-codebase/software/EllSeg/evaluate_ellseg.py,reference
337,a98931dc55f103d1a227ce5804145a73f9e37b6c08cab31709ce36c7483a74c0,07f1409dca956a955c91e1fb2a0acc2aca9cab52,11041,reference;vendor,third/EllSeg/evaluate_ellseg.py,vendor
338,a9e9d375247be7ef1af7b7bd578855fd37064034e9e751ba394ac92efd2c68ff,32b3ba83d0df701394dcabf2dee019ad62e8d1c6,2737,reference;vendor,references/legacy-codebase/software/EllSeg/analysis/ellipse_projections.py,reference
338,a9e9d375247be7ef1af7b7bd578855fd37064034e9e751ba394ac92efd2c68ff,32b3ba83d0df701394dcabf2dee019ad62e8d1c6,2737,reference;vendor,third/EllSeg/analysis/ellipse_projections.py,vendor
338,a9e9d375247be7ef1af7b7bd578855fd37064034e9e751ba394ac92efd2c68ff,32b3ba83d0df701394dcabf2dee019ad62e8d1c6,2737,reference;vendor,third/Pupil-Labs-Core-RITnet-Plugins/ritnet/Ellseg/analysis/ellipse_projections.py,vendor
339,aba85e4633b5a27e6329f551274564c3cb1a57da46c36590204f3d5c2b95dabc,8ea72a3a8fbbe152203e62c9cd77b9287b907af6,4692,maintained;reference,algorithm/common/src/EvEye/utils/tonic/functional/ToFrameStack.py,maintained
339,aba85e4633b5a27e6329f551274564c3cb1a57da46c36590204f3d5c2b95dabc,8ea72a3a8fbbe152203e62c9cd77b9287b907af6,4692,maintained;reference,references/legacy-codebase/software/FACET/EvEye/utils/tonic/functional/ToFrameStack.py,reference
340,abae89865f4f97894c0431f2cfec3558c1e1131d891a9595e7e9d7eeee24f691,29af5925b3adbec985138366871ff7aea37ad9ac,31450,archive;test,algorithm/archive/imports/legacy_hybrid/tests/v3_legacy_reference/snapshots/output_contracts_v3.json,archive
340,abae89865f4f97894c0431f2cfec3558c1e1131d891a9595e7e9d7eeee24f691,29af5925b3adbec985138366871ff7aea37ad9ac,31450,archive;test,algorithm/hybrid/tests/external_pipeline/snapshots/output_contracts.json,test
341,abd13705162a59ddc924cf2cf08361f780139fdc3bf31b6ce21bf0405cf0ee38,595a7fd519db3ae24f5acad58572de25df2a7a7e,3151,reference;vendor,references/legacy-codebase/software/EllSeg/analysis/pixelStats.py,reference
341,abd13705162a59ddc924cf2cf08361f780139fdc3bf31b6ce21bf0405cf0ee38,595a7fd519db3ae24f5acad58572de25df2a7a7e,3151,reference;vendor,third/EllSeg/analysis/pixelStats.py,vendor
341,abd13705162a59ddc924cf2cf08361f780139fdc3bf31b6ce21bf0405cf0ee38,595a7fd519db3ae24f5acad58572de25df2a7a7e,3151,reference;vendor,third/Pupil-Labs-Core-RITnet-Plugins/ritnet/Ellseg/analysis/pixelStats.py,vendor
342,abebb5704937fc14f97c962ec4ea0460f660ce99783e5025fb23e3d30cf6e2c8,c18306b5b71053e594f078171a4e85fc21735659,1204352,artifact;reference,quantization/references/HG-PIPE-Quantization/reports/smoke_patch_inputs.npy,reference
342,abebb5704937fc14f97c962ec4ea0460f660ce99783e5025fb23e3d30cf6e2c8,c18306b5b71053e594f078171a4e85fc21735659,1204352,artifact;reference,quantization/reports/smoke_patch_inputs.npy,artifact
342,abebb5704937fc14f97c962ec4ea0460f660ce99783e5025fb23e3d30cf6e2c8,c18306b5b71053e594f078171a4e85fc21735659,1204352,artifact;reference,references/legacy-codebase/hardware/HGPIPE/HG-PIPE-Quantization/reports/smoke_patch_inputs.npy,reference
342,abebb5704937fc14f97c962ec4ea0460f660ce99783e5025fb23e3d30cf6e2c8,c18306b5b71053e594f078171a4e85fc21735659,1204352,artifact;reference,references/legacy-codebase/impl/HG-PIPE-Quantization/reports/smoke_patch_inputs.npy,reference
343,ac10e2cdcf2aefbd54c1da71deb6f8fb4906de5be74db531540f52aec38067ab,de7dc59931a1cc580ccfc2127559c6ef975142a5,1186,reference;test,quantization/references/HG-PIPE-Quantization/tests/test_quant_params.py,reference
343,ac10e2cdcf2aefbd54c1da71deb6f8fb4906de5be74db531540f52aec38067ab,de7dc59931a1cc580ccfc2127559c6ef975142a5,1186,reference;test,quantization/tests/test_quant_params.py,test
344,aca625b6070e67583d7ec3400f7370e1af1aeabad0c14482840884cd828711c5,3f2d2c00fa52b9169f87b7fe324c21bb306c8f58,1989,archive;reference,algorithm/archive/imports/fecet_hbtxr/configs/base.yaml,archive
344,aca625b6070e67583d7ec3400f7370e1af1aeabad0c14482840884cd828711c5,3f2d2c00fa52b9169f87b7fe324c21bb306c8f58,1989,archive;reference,references/legacy-codebase/impl/FECET-HBTXR/configs/base.yaml,reference
345,ad4d3c64cc0c431fcffea7ad02a9c80f25d29edfede7b4556bcefbfe286fbf89,5761a241b9cb7a1483fd9111c59e2da0b7f7482b,2988,maintained;reference,algorithm/common/src/EvEye/utils/processor/HDF5Processor.py,maintained
345,ad4d3c64cc0c431fcffea7ad02a9c80f25d29edfede7b4556bcefbfe286fbf89,5761a241b9cb7a1483fd9111c59e2da0b7f7482b,2988,maintained;reference,references/legacy-codebase/software/FACET/EvEye/utils/processor/HDF5Processor.py,reference
346,ad529983520d81422dc77c34d781e03cb341223728edd6117852be7736f11c7b,525da2b62622663e67889f37a03273c672636e94,4375,reference;vendor,references/legacy-codebase/software/EllSeg/dataset_generation/ExtractPupilNet.py,reference
346,ad529983520d81422dc77c34d781e03cb341223728edd6117852be7736f11c7b,525da2b62622663e67889f37a03273c672636e94,4375,reference;vendor,third/EllSeg/dataset_generation/ExtractPupilNet.py,vendor
346,ad529983520d81422dc77c34d781e03cb341223728edd6117852be7736f11c7b,525da2b62622663e67889f37a03273c672636e94,4375,reference;vendor,third/Pupil-Labs-Core-RITnet-Plugins/ritnet/Ellseg/dataset_generation/ExtractPupilNet.py,vendor
347,ad76a0e2716142d4902834cedb76ff20364e89b833bc244beae595aff7ecd1e7,14cef5e644edb003cdf860ff1e49dbc449bc9718,11041,maintained;reference,algorithm/common/src/EvEye/dataset/DavisEyeCenter/MemmapDavisEyeCenterDataset.py,maintained
347,ad76a0e2716142d4902834cedb76ff20364e89b833bc244beae595aff7ecd1e7,14cef5e644edb003cdf860ff1e49dbc449bc9718,11041,maintained;reference,references/legacy-codebase/software/FACET/EvEye/dataset/DavisEyeCenter/MemmapDavisEyeCenterDataset.py,reference
348,ad8d65937a0e980cb3cd76bf7d50ad9346fe09787ea1849b44035776dfc0eebe,a7042f70d51944fcc56bc25f67d0dfa48b5df68d,13284,maintained;reference,algorithm/common/src/EvEye/dataset/DavisEyeEllipse/DavisEyeEllipseDataset.py,maintained
348,ad8d65937a0e980cb3cd76bf7d50ad9346fe09787ea1849b44035776dfc0eebe,a7042f70d51944fcc56bc25f67d0dfa48b5df68d,13284,maintained;reference,references/legacy-codebase/software/FACET/EvEye/dataset/DavisEyeEllipse/DavisEyeEllipseDataset.py,reference
349,adfd9cac13d32b12bb8ad6c90dfb2acbdc715ce0afa8205a03a4e20d48647f2e,99e3c7fccef5b8794b9acb7f73026d5d66eea447,2536,archive;reference,algorithm/archive/imports/fecet_hbtxr/tools/train.py,archive
349,adfd9cac13d32b12bb8ad6c90dfb2acbdc715ce0afa8205a03a4e20d48647f2e,99e3c7fccef5b8794b9acb7f73026d5d66eea447,2536,archive;reference,references/legacy-codebase/impl/FECET-HBTXR/tools/train.py,reference
350,ae56f9e83adc99b5d658dc060b82e44f39a0585839f06ac7f223c9158de2f9e3,245735abf930464491063ccfd807ddf7b45c6433,1375,maintained;reference,algorithm/common/scripts/facet/inference.py,maintained
350,ae56f9e83adc99b5d658dc060b82e44f39a0585839f06ac7f223c9158de2f9e3,245735abf930464491063ccfd807ddf7b45c6433,1375,maintained;reference,references/legacy-codebase/software/FACET/tools/inference.py,reference
351,ae9222c93fb7dff4adf3489c9873d2174a36aa6d01bd1a3303ea80f3b7b378a5,63c4dab9bea8b3a41ec071571ce15c48b4c23bbd,3037,maintained;reference,algorithm/common/src/EvEye/dataset/DavisEyeCenter/NpyDavisEyeCenterDataset.py,maintained
351,ae9222c93fb7dff4adf3489c9873d2174a36aa6d01bd1a3303ea80f3b7b378a5,63c4dab9bea8b3a41ec071571ce15c48b4c23bbd,3037,maintained;reference,references/legacy-codebase/software/FACET/EvEye/dataset/DavisEyeCenter/NpyDavisEyeCenterDataset.py,reference
352,af7fdbd4a11d7169d82ca3fceab299007e07965110d0275235f8ed2df8701d1a,9d2727e32f860fcb00b485e34dbb47d646065f04,497,archive;reference,algorithm/archive/imports/fecet_hbtxr/scripts/fecet_compare_train_stage1.sh,archive
352,af7fdbd4a11d7169d82ca3fceab299007e07965110d0275235f8ed2df8701d1a,9d2727e32f860fcb00b485e34dbb47d646065f04,497,archive;reference,references/legacy-codebase/impl/FECET-HBTXR/scripts/fecet_compare_train_stage1.sh,reference
353,afc841620ee36705e82d3e47bafa11b77b75bed6d44aaf9c2113eb0b70652c28,4c83d5e1bfeaeec01d7ddbab3a75d0a264e0fb10,3143,maintained;reference,algorithm/common/src/EvEye/utils/processor/TxtProcessor.py,maintained
353,afc841620ee36705e82d3e47bafa11b77b75bed6d44aaf9c2113eb0b70652c28,4c83d5e1bfeaeec01d7ddbab3a75d0a264e0fb10,3143,maintained;reference,references/legacy-codebase/software/FACET/EvEye/utils/processor/TxtProcessor.py,reference
354,b04cbf3517bee341f094e1a0e4029817984b82bc25e22e6967074fe5d0420442,8b88083d4c466151bc6f64af1add1e83272d67a3,19858,archive;reference,algorithm/archive/imports/fecet_hbtxr/tools/prepare_dataset.py,archive
354,b04cbf3517bee341f094e1a0e4029817984b82bc25e22e6967074fe5d0420442,8b88083d4c466151bc6f64af1add1e83272d67a3,19858,archive;reference,references/legacy-codebase/impl/FECET-HBTXR/tools/prepare_dataset.py,reference
355,b05fd62d4a0acae04eb87e8a3366ceb6add9aa45f721874059405f90a058bcb0,0dc5ebc853210b0ca652654d6d1e41a1d43f11f4,894,archive;maintained,algorithm/archive/imports/legacy_hybrid/scripts/runtime/run_groundedsam_annotation.sh,archive
355,b05fd62d4a0acae04eb87e8a3366ceb6add9aa45f721874059405f90a058bcb0,0dc5ebc853210b0ca652654d6d1e41a1d43f11f4,894,archive;maintained,algorithm/hybrid/scripts/external_pipeline/run_groundedsam_annotation.sh,maintained
356,b0c8efb432dad3fd32f246a206c7c3b6ed9de14ec9ca9fae6dc53775c9635a06,bd0b630ff46026c6bf9f52ad05c91cffcf549af6,16152,reference;vendor,references/legacy-codebase/software/EllSeg/models/RITnet_v5.py,reference
356,b0c8efb432dad3fd32f246a206c7c3b6ed9de14ec9ca9fae6dc53775c9635a06,bd0b630ff46026c6bf9f52ad05c91cffcf549af6,16152,reference;vendor,third/EllSeg/models/RITnet_v5.py,vendor
357,b0dcb1b5ec039bd7489b7bb0280309051eaf9ddec472d557c1d9f77fb9477f26,57e8c27a210f0cae36beec647a1e8ad98c2227e0,499,reference;vendor,references/legacy-codebase/software/EllSeg/dataset_generation/convert_fuhl_videos.py,reference
357,b0dcb1b5ec039bd7489b7bb0280309051eaf9ddec472d557c1d9f77fb9477f26,57e8c27a210f0cae36beec647a1e8ad98c2227e0,499,reference;vendor,third/EllSeg/dataset_generation/convert_fuhl_videos.py,vendor
357,b0dcb1b5ec039bd7489b7bb0280309051eaf9ddec472d557c1d9f77fb9477f26,57e8c27a210f0cae36beec647a1e8ad98c2227e0,499,reference;vendor,third/Pupil-Labs-Core-RITnet-Plugins/ritnet/Ellseg/dataset_generation/convert_fuhl_videos.py,vendor
358,b1bfee6d0744f8627962420418185d7be4a5c1513335a7f1f731fefa6df786bc,5046d5b248fda7501f301e9c37dd7e34ee4649bc,866,archive;reference,algorithm/archive/imports/swift_hbtxr/.gitignore,archive
358,b1bfee6d0744f8627962420418185d7be4a5c1513335a7f1f731fefa6df786bc,5046d5b248fda7501f301e9c37dd7e34ee4649bc,866,archive;reference,references/legacy-codebase/impl/SWIFT-HBTXR/.gitignore,reference
359,b3031baf2760b738660b739d5f7f0fc1c82cf31bffab8babaec75dd581274e3b,166e6b282e69e441a64165361d43396adac922bb,2809,reference;test,quantization/references/HG-PIPE-Quantization/tests/test_input_bridge.py,reference
359,b3031baf2760b738660b739d5f7f0fc1c82cf31bffab8babaec75dd581274e3b,166e6b282e69e441a64165361d43396adac922bb,2809,reference;test,quantization/tests/test_input_bridge.py,test
360,b312d0f0f0441d38f222295382a4240f72207e4e73c9ad817245d3da6ccdb98e,815b47321c777a71393ed6a00be1c4d7d316d2b7,3612,reference;vendor,references/legacy-codebase/software/EllSeg/extern/locating-objects-without-bboxes/scripts_dataset_and_results/generate_csv.py,reference
360,b312d0f0f0441d38f222295382a4240f72207e4e73c9ad817245d3da6ccdb98e,815b47321c777a71393ed6a00be1c4d7d316d2b7,3612,reference;vendor,third/EllSeg/extern/locating-objects-without-bboxes/scripts_dataset_and_results/generate_csv.py,vendor
360,b312d0f0f0441d38f222295382a4240f72207e4e73c9ad817245d3da6ccdb98e,815b47321c777a71393ed6a00be1c4d7d316d2b7,3612,reference;vendor,third/Pupil-Labs-Core-RITnet-Plugins/ritnet/Ellseg/extern/locating-objects-without-bboxes/scripts_dataset_and_results/generate_csv.py,vendor
361,b38c385520937f83f947dba874d3f1dc28b1ffa9ad17a50fcba4e7092092282a,3c2dc03012251b181dc0b0c5cf42d092069228b9,1315,archive;reference,algorithm/archive/imports/swift_hbtxr/docs/README.md,archive
361,b38c385520937f83f947dba874d3f1dc28b1ffa9ad17a50fcba4e7092092282a,3c2dc03012251b181dc0b0c5cf42d092069228b9,1315,archive;reference,references/legacy-codebase/impl/SWIFT-HBTXR/docs/README.md,reference
362,b393dd154961459fc80c08d344ff6cefc175725c8c09a064d5a25c136abff878,25f756b38cbf72db0c52b6303e3c449ee4050ef3,1668,reference;vendor,references/legacy-codebase/software/EllSeg/rc_launch_scripts/runRC_allTests.sh,reference
362,b393dd154961459fc80c08d344ff6cefc175725c8c09a064d5a25c136abff878,25f756b38cbf72db0c52b6303e3c449ee4050ef3,1668,reference;vendor,third/EllSeg/rc_launch_scripts/runRC_allTests.sh,vendor
362,b393dd154961459fc80c08d344ff6cefc175725c8c09a064d5a25c136abff878,25f756b38cbf72db0c52b6303e3c449ee4050ef3,1668,reference;vendor,third/Pupil-Labs-Core-RITnet-Plugins/ritnet/Ellseg/rc_launch_scripts/runRC_allTests.sh,vendor
363,b40f71dbba2ad7e8a46998aeb28b59e64868b89c150fb354d2d28d9717f063f3,755e9e233127646a8adee9650898b2ee2ca13725,2898,reference;vendor,references/legacy-codebase/software/EllSeg/extern/locating-objects-without-bboxes/object-locator/paint.py,reference
363,b40f71dbba2ad7e8a46998aeb28b59e64868b89c150fb354d2d28d9717f063f3,755e9e233127646a8adee9650898b2ee2ca13725,2898,reference;vendor,third/EllSeg/extern/locating-objects-without-bboxes/object-locator/paint.py,vendor
363,b40f71dbba2ad7e8a46998aeb28b59e64868b89c150fb354d2d28d9717f063f3,755e9e233127646a8adee9650898b2ee2ca13725,2898,reference;vendor,third/Pupil-Labs-Core-RITnet-Plugins/ritnet/Ellseg/extern/locating-objects-without-bboxes/object-locator/paint.py,vendor
364,b4249d761f08480e0cddbf9f11a6070f339d8d8d7d10305e097a197cf53880e6,13df4a8840a5ec39f8ddbe44aabde674b9ac2f2c,539,maintained;reference,algorithm/common/src/EvEye/utils/tonic/slicers/SliceWithTimestampAndCount.py,maintained
364,b4249d761f08480e0cddbf9f11a6070f339d8d8d7d10305e097a197cf53880e6,13df4a8840a5ec39f8ddbe44aabde674b9ac2f2c,539,maintained;reference,references/legacy-codebase/software/FACET/EvEye/utils/tonic/slicers/SliceWithTimestampAndCount.py,reference
365,b4696cacc50d7d6b493b91a70f19212d8518969925c2c42079bcb0c52bca4d34,5924afc857464e7082dcd22f993b6d7808901536,1816,maintained;reference,algorithm/event/configs/DavisEyeEllipse_EPNet_local_smoke.yaml,maintained
365,b4696cacc50d7d6b493b91a70f19212d8518969925c2c42079bcb0c52bca4d34,5924afc857464e7082dcd22f993b6d7808901536,1816,maintained;reference,references/legacy-codebase/software/FACET/configs/DavisEyeEllipse_EPNet_local_smoke.yaml,reference
366,b476545293b2e608788f21e65a1ef5898af7a488fb3b73f2a718e77a7ff5cbce,f949bfdaa30a19707be53e8f3c01b2ecb1d981d0,3247,archive;reference,algorithm/archive/imports/fecet_hbtxr/doc/CONVERSATION_HISTORY.md,archive
366,b476545293b2e608788f21e65a1ef5898af7a488fb3b73f2a718e77a7ff5cbce,f949bfdaa30a19707be53e8f3c01b2ecb1d981d0,3247,archive;reference,references/legacy-codebase/impl/FECET-HBTXR/doc/CONVERSATION_HISTORY.md,reference
367,b479be2789d31981445002ad84f6e888649d625a7f47bd89d981de076254b06a,d8c72d227d0923eddf0ef4fdaba14fbab863d9de,6877,archive;reference,algorithm/archive/imports/swift_hbtxr/README.md,archive
367,b479be2789d31981445002ad84f6e888649d625a7f47bd89d981de076254b06a,d8c72d227d0923eddf0ef4fdaba14fbab863d9de,6877,archive;reference,references/legacy-codebase/impl/SWIFT-HBTXR/README.md,reference
368,b4a09e48519c9d04fe8af71026d776676036543ce5ff0aebfa6265d41422fba3,c22ffda93a18be37d5f1079872eb88c14c983aaf,1215,reference;vendor,references/legacy-codebase/software/EllSeg/extern/locating-objects-without-bboxes/.gitignore,reference
368,b4a09e48519c9d04fe8af71026d776676036543ce5ff0aebfa6265d41422fba3,c22ffda93a18be37d5f1079872eb88c14c983aaf,1215,reference;vendor,third/EllSeg/extern/locating-objects-without-bboxes/.gitignore,vendor
368,b4a09e48519c9d04fe8af71026d776676036543ce5ff0aebfa6265d41422fba3,c22ffda93a18be37d5f1079872eb88c14c983aaf,1215,reference;vendor,third/Pupil-Labs-Core-RITnet-Plugins/ritnet/Ellseg/extern/locating-objects-without-bboxes/.gitignore,vendor
369,b5206ac35d768cba1301da910664210526b5a33de03244fd1df751c88c7079da,505564092129a0f22bd301c48a0fb184c696698a,7475,archive;reference,algorithm/archive/imports/swift_hbtxr/tests/test_runtime_scheduler.py,archive
369,b5206ac35d768cba1301da910664210526b5a33de03244fd1df751c88c7079da,505564092129a0f22bd301c48a0fb184c696698a,7475,archive;reference,references/legacy-codebase/impl/SWIFT-HBTXR/tests/test_runtime_scheduler.py,reference
370,b52d6261ba2c57a16696f4f8b26bea72443d39acdca8eca1b3e6049139007064,a7e77eb6b900f20dcebbb769038e649c7da5dd7a,323,archive;maintained,algorithm/archive/imports/legacy_hybrid/scripts/runtime/_bootstrap.py,archive
370,b52d6261ba2c57a16696f4f8b26bea72443d39acdca8eca1b3e6049139007064,a7e77eb6b900f20dcebbb769038e649c7da5dd7a,323,archive;maintained,algorithm/hybrid/scripts/external_pipeline/_bootstrap.py,maintained
371,b59f092636169fbe2f02fac0b7e01536701d74008a334775b8b943e4cb0dc4b3,ee2d10f810cef0136542a31ee83a10040301af4a,3492,archive;reference,algorithm/archive/imports/fecet_hbtxr/tools/facet_eval.py,archive
371,b59f092636169fbe2f02fac0b7e01536701d74008a334775b8b943e4cb0dc4b3,ee2d10f810cef0136542a31ee83a10040301af4a,3492,archive;reference,references/legacy-codebase/impl/FECET-HBTXR/tools/facet_eval.py,reference
372,b5c8e7822aff72f25e1cd6e30db675e8d47be88bf4d066df1e53c463fbd5af92,b7375b3bcf5825f99ac60d71fbbef627d4b06c96,7907,reference;test,quantization/references/HG-PIPE-Quantization/tests/test_package_api.py,reference
372,b5c8e7822aff72f25e1cd6e30db675e8d47be88bf4d066df1e53c463fbd5af92,b7375b3bcf5825f99ac60d71fbbef627d4b06c96,7907,reference;test,quantization/tests/test_package_api.py,test
373,b62b50d5b1cbf3d24e69a0e5b840f202c711705aa01dea4798c3adcff61893a1,120d0466efc7d2b0887b3b331be90ab9dd481e23,717,reference;vendor,references/legacy-codebase/software/EllSeg/extern/locating-objects-without-bboxes/object-locator/__main__.py,reference
373,b62b50d5b1cbf3d24e69a0e5b840f202c711705aa01dea4798c3adcff61893a1,120d0466efc7d2b0887b3b331be90ab9dd481e23,717,reference;vendor,third/EllSeg/extern/locating-objects-without-bboxes/object-locator/__main__.py,vendor
373,b62b50d5b1cbf3d24e69a0e5b840f202c711705aa01dea4798c3adcff61893a1,120d0466efc7d2b0887b3b331be90ab9dd481e23,717,reference;vendor,third/Pupil-Labs-Core-RITnet-Plugins/ritnet/Ellseg/extern/locating-objects-without-bboxes/object-locator/__main__.py,vendor
374,b6a9559d5d8101ebf77920f8f3d91f0b483128a6d0bf470b367bb5f7e48e5796,8fd506ef81493d03868ec30b6c98352eb7e72d74,12159,reference;vendor,references/legacy-codebase/software/EllSeg/dataset_generation/ExtractRITEyes_openeds.py,reference
374,b6a9559d5d8101ebf77920f8f3d91f0b483128a6d0bf470b367bb5f7e48e5796,8fd506ef81493d03868ec30b6c98352eb7e72d74,12159,reference;vendor,third/EllSeg/dataset_generation/ExtractRITEyes_openeds.py,vendor
374,b6a9559d5d8101ebf77920f8f3d91f0b483128a6d0bf470b367bb5f7e48e5796,8fd506ef81493d03868ec30b6c98352eb7e72d74,12159,reference;vendor,third/Pupil-Labs-Core-RITnet-Plugins/ritnet/Ellseg/dataset_generation/ExtractRITEyes_openeds.py,vendor
375,b71ca3c2a0299841d8d555104ce6fe3f55d24aac47ff788e97cffc92ab37aeb6,b76dbae54014be0825cdd5ad9bda83958715345b,3105,maintained;reference,algorithm/common/src/EvEye/model/DavisEyeEllipse/EllipseMobileNet.py,maintained
375,b71ca3c2a0299841d8d555104ce6fe3f55d24aac47ff788e97cffc92ab37aeb6,b76dbae54014be0825cdd5ad9bda83958715345b,3105,maintained;reference,references/legacy-codebase/software/FACET/EvEye/model/DavisEyeEllipse/EllipseMobileNet.py,reference
376,b9108da0bb938b3813d66b412e2855a9a24ee700de60609a4de1f59587fd83f2,216d8f533ac19c23a18ef7c885092abd0e23ebdf,291,archive;reference,algorithm/archive/imports/swift_hbtxr/scripts/demo_sequence.sh,archive
376,b9108da0bb938b3813d66b412e2855a9a24ee700de60609a4de1f59587fd83f2,216d8f533ac19c23a18ef7c885092abd0e23ebdf,291,archive;reference,references/legacy-codebase/impl/SWIFT-HBTXR/scripts/demo_sequence.sh,reference
377,ba8adc638b5ff39e552be0ffc753d16caa93b6b6cb4ac30fae0f66608af11b05,3a7f32512e245bf3c3b84c915500bfd31b6dc66a,2795,reference;vendor,references/legacy-codebase/software/EllSeg/curObjects/datasetSelections.py,reference
377,ba8adc638b5ff39e552be0ffc753d16caa93b6b6cb4ac30fae0f66608af11b05,3a7f32512e245bf3c3b84c915500bfd31b6dc66a,2795,reference;vendor,third/EllSeg/curObjects/datasetSelections.py,vendor
377,ba8adc638b5ff39e552be0ffc753d16caa93b6b6cb4ac30fae0f66608af11b05,3a7f32512e245bf3c3b84c915500bfd31b6dc66a,2795,reference;vendor,third/Pupil-Labs-Core-RITnet-Plugins/ritnet/Ellseg/curObjects/datasetSelections.py,vendor
378,bab195017dc1762005e1bd419554864271dd335a632b2e249622bbfcfea31620,7815ada3ff421d9017a3f07df8b097f56fb8e179,180,archive;reference,algorithm/archive/imports/fecet_hbtxr/scripts/facet_train.sh,archive
378,bab195017dc1762005e1bd419554864271dd335a632b2e249622bbfcfea31620,7815ada3ff421d9017a3f07df8b097f56fb8e179,180,archive;reference,references/legacy-codebase/impl/FECET-HBTXR/scripts/facet_train.sh,reference
379,bb255d0d1442380a3357b14954107a9a1a7e32eee0cb6bdd1ac5069fe2b59404,44e88e62843a59a8be5bade0d7e1e019c14a0734,416,archive;reference,algorithm/archive/imports/fecet_hbtxr/.gitignore,archive
379,bb255d0d1442380a3357b14954107a9a1a7e32eee0cb6bdd1ac5069fe2b59404,44e88e62843a59a8be5bade0d7e1e019c14a0734,416,archive;reference,references/legacy-codebase/impl/FECET-HBTXR/.gitignore,reference
380,bb34219ee2fdd9f9f653958a4a1dfeacab4e19ca6b229dad592ca39aca4e8ad2,7b5475f8118babebcf3ce7fc9d603764d19c3d60,12225,reference;vendor,references/legacy-codebase/software/EllSeg/dataset_generation/ExtractRITEyes_nvgaze.py,reference
380,bb34219ee2fdd9f9f653958a4a1dfeacab4e19ca6b229dad592ca39aca4e8ad2,7b5475f8118babebcf3ce7fc9d603764d19c3d60,12225,reference;vendor,third/EllSeg/dataset_generation/ExtractRITEyes_nvgaze.py,vendor
380,bb34219ee2fdd9f9f653958a4a1dfeacab4e19ca6b229dad592ca39aca4e8ad2,7b5475f8118babebcf3ce7fc9d603764d19c3d60,12225,reference;vendor,third/Pupil-Labs-Core-RITnet-Plugins/ritnet/Ellseg/dataset_generation/ExtractRITEyes_nvgaze.py,vendor
381,bc7981553baebe60b027497cb809d8c601ad430cfc0a1313388ca86db23d40c0,28b8ea98eb9bbe25959031c31d8f881753303751,605,reference;vendor,references/legacy-codebase/software/EllSeg/extern/locating-objects-without-bboxes/environment.yml,reference
381,bc7981553baebe60b027497cb809d8c601ad430cfc0a1313388ca86db23d40c0,28b8ea98eb9bbe25959031c31d8f881753303751,605,reference;vendor,third/EllSeg/extern/locating-objects-without-bboxes/environment.yml,vendor
381,bc7981553baebe60b027497cb809d8c601ad430cfc0a1313388ca86db23d40c0,28b8ea98eb9bbe25959031c31d8f881753303751,605,reference;vendor,third/Pupil-Labs-Core-RITnet-Plugins/ritnet/Ellseg/extern/locating-objects-without-bboxes/environment.yml,vendor
382,bc833b545650202efae0a0dead881cb2556b1a8340a730b5abfb26d4bf5d6634,e40100ec963462a974b8e1ef536b9586f62485df,1864,archive;reference,algorithm/archive/imports/fecet_hbtxr/tests/test_runtime_scheduler.py,archive
382,bc833b545650202efae0a0dead881cb2556b1a8340a730b5abfb26d4bf5d6634,e40100ec963462a974b8e1ef536b9586f62485df,1864,archive;reference,references/legacy-codebase/impl/FECET-HBTXR/tests/test_runtime_scheduler.py,reference
383,bce6d02fbb6ebe358e50a2c9c547ab0a2db2b7641b851ddfb4a6e44c769985de,46e19c5066d83458e80191cb8dda839567774ee4,526,maintained;reference,algorithm/common/src/EvEye/utils/dvs_common_utils/base/RawDtype.py,maintained
383,bce6d02fbb6ebe358e50a2c9c547ab0a2db2b7641b851ddfb4a6e44c769985de,46e19c5066d83458e80191cb8dda839567774ee4,526,maintained;reference,references/legacy-codebase/software/FACET/EvEye/utils/dvs_common_utils/base/RawDtype.py,reference
384,be6631873515afca2f91f1baeb057db74e319d4e350f9cce86991e97cb7e008c,d8f05748a390784b824660af69b4338de3f8b729,562,reference;vendor,references/legacy-codebase/software/EllSeg/extern/locating-objects-without-bboxes/object-locator/__init__.py,reference
384,be6631873515afca2f91f1baeb057db74e319d4e350f9cce86991e97cb7e008c,d8f05748a390784b824660af69b4338de3f8b729,562,reference;vendor,references/legacy-codebase/software/EllSeg/extern/locating-objects-without-bboxes/object-locator/models/__init__.py,reference
384,be6631873515afca2f91f1baeb057db74e319d4e350f9cce86991e97cb7e008c,d8f05748a390784b824660af69b4338de3f8b729,562,reference;vendor,third/EllSeg/extern/locating-objects-without-bboxes/object-locator/__init__.py,vendor
384,be6631873515afca2f91f1baeb057db74e319d4e350f9cce86991e97cb7e008c,d8f05748a390784b824660af69b4338de3f8b729,562,reference;vendor,third/EllSeg/extern/locating-objects-without-bboxes/object-locator/models/__init__.py,vendor
384,be6631873515afca2f91f1baeb057db74e319d4e350f9cce86991e97cb7e008c,d8f05748a390784b824660af69b4338de3f8b729,562,reference;vendor,third/Pupil-Labs-Core-RITnet-Plugins/ritnet/Ellseg/extern/locating-objects-without-bboxes/object-locator/__init__.py,vendor
384,be6631873515afca2f91f1baeb057db74e319d4e350f9cce86991e97cb7e008c,d8f05748a390784b824660af69b4338de3f8b729,562,reference;vendor,third/Pupil-Labs-Core-RITnet-Plugins/ritnet/Ellseg/extern/locating-objects-without-bboxes/object-locator/models/__init__.py,vendor
385,bebb287bb724ec3ce42290aac9924c0a69053108944228fe092cb7babfa8ea8b,17fa4edaef63f4a973cfd2fe57c690058198d011,2626,maintained;reference,algorithm/common/src/EvEye/utils/dvs_common_utils/representation/TorchFrameStack.py,maintained
385,bebb287bb724ec3ce42290aac9924c0a69053108944228fe092cb7babfa8ea8b,17fa4edaef63f4a973cfd2fe57c690058198d011,2626,maintained;reference,references/legacy-codebase/software/FACET/EvEye/utils/dvs_common_utils/representation/TorchFrameStack.py,reference
386,bf73a9733a2eb87181e8ea7eb544fca4c28989093c1a03a67ababcdc71083817,ad3f7bf04b450ced6bfc846ebfc0e39b111c7448,2590,maintained;reference,algorithm/common/src/EvEye/utils/scripts/find_center.py,maintained
386,bf73a9733a2eb87181e8ea7eb544fca4c28989093c1a03a67ababcdc71083817,ad3f7bf04b450ced6bfc846ebfc0e39b111c7448,2590,maintained;reference,references/legacy-codebase/software/FACET/EvEye/utils/scripts/find_center.py,reference
387,c0936c67b555b637bab8379a8db87335865415b8c7cd4472398ba820a964699d,4d29b6295e7a4ddbbf633ba332bbf5f83f1e1c12,890,archive;maintained,algorithm/archive/imports/legacy_hybrid/scripts/runtime/run_relocate.sh,archive
387,c0936c67b555b637bab8379a8db87335865415b8c7cd4472398ba820a964699d,4d29b6295e7a4ddbbf633ba332bbf5f83f1e1c12,890,archive;maintained,algorithm/hybrid/scripts/external_pipeline/run_relocate.sh,maintained
388,c15fede119accb77c59cbb9e7ba138b7278939fb6e9f5d297b19a2e753c9536f,0f2371fec433f24af2b9376cb78d8a10c7248d66,17558,docs;reference,quantization/docs/Quantization-LUT-Work-Summary.md,docs
388,c15fede119accb77c59cbb9e7ba138b7278939fb6e9f5d297b19a2e753c9536f,0f2371fec433f24af2b9376cb78d8a10c7248d66,17558,docs;reference,quantization/references/HG-PIPE-Quantization/docs/Quantization-LUT-Work-Summary.md,reference
389,c16cafa0fe58a453be2938ed39b9c3564146ee06df2071c0b5226f1f2a26bf51,7d830d5615333a827c4f5505f85acaab44d894af,1968,maintained;reference,quantization/references/HG-PIPE-Quantization/src/trace.py,reference
389,c16cafa0fe58a453be2938ed39b9c3564146ee06df2071c0b5226f1f2a26bf51,7d830d5615333a827c4f5505f85acaab44d894af,1968,maintained;reference,quantization/src/trace.py,maintained
389,c16cafa0fe58a453be2938ed39b9c3564146ee06df2071c0b5226f1f2a26bf51,7d830d5615333a827c4f5505f85acaab44d894af,1968,maintained;reference,references/legacy-codebase/hardware/HGPIPE/HG-PIPE-Quantization/hgpipe_quantization/trace.py,reference
389,c16cafa0fe58a453be2938ed39b9c3564146ee06df2071c0b5226f1f2a26bf51,7d830d5615333a827c4f5505f85acaab44d894af,1968,maintained;reference,references/legacy-codebase/impl/HG-PIPE-Quantization/hgpipe_quantization/trace.py,reference
390,c2ed90c1e19817eb1bdd9996275bdeae83a7dba426a0c20d0482a8658e587fde,73792f53de2caf5687198d92709cb8c8b0a897d8,2162,reference;vendor,references/legacy-codebase/software/EllSeg/figures/draw.io/Tiramisu.drawio,reference
390,c2ed90c1e19817eb1bdd9996275bdeae83a7dba426a0c20d0482a8658e587fde,73792f53de2caf5687198d92709cb8c8b0a897d8,2162,reference;vendor,third/EllSeg/figures/draw.io/Tiramisu.drawio,vendor
390,c2ed90c1e19817eb1bdd9996275bdeae83a7dba426a0c20d0482a8658e587fde,73792f53de2caf5687198d92709cb8c8b0a897d8,2162,reference;vendor,third/Pupil-Labs-Core-RITnet-Plugins/ritnet/Ellseg/figures/draw.io/Tiramisu.drawio,vendor
391,c337ff800a06c2889e5000691fe0d11c3cecb745fb405bb7603e339cda8a41fc,7fa4401bc921109c96b2424d8fe012078e50d3f4,12847,maintained;reference,algorithm/common/src/EvEye/utils/cache/MemmapCacheStructedEvents.py,maintained
391,c337ff800a06c2889e5000691fe0d11c3cecb745fb405bb7603e339cda8a41fc,7fa4401bc921109c96b2424d8fe012078e50d3f4,12847,maintained;reference,references/legacy-codebase/software/FACET/EvEye/utils/cache/MemmapCacheStructedEvents.py,reference
392,c48ae1c338aa6c56417e5e5a06e8c53ad9ab6896b321724c19fea13b671bbef0,d8b7c4a1c9ea7923de46490ce6715e1cb08bbd98,4793,archive;reference,algorithm/archive/imports/swift_hbtxr/tools/prepare_timelens_inputs.py,archive
392,c48ae1c338aa6c56417e5e5a06e8c53ad9ab6896b321724c19fea13b671bbef0,d8b7c4a1c9ea7923de46490ce6715e1cb08bbd98,4793,archive;reference,references/legacy-codebase/impl/SWIFT-HBTXR/tools/prepare_timelens_inputs.py,reference
393,c4d906fd7f5fd8f3948bd5007c4c3646141b1d6beb33c877d54321a58f6b2674,e846f3f4544a8801824219c77e3ca52b8fad8e1d,2449,reference;vendor,references/legacy-codebase/software/EllSeg/Sandbox.py,reference
393,c4d906fd7f5fd8f3948bd5007c4c3646141b1d6beb33c877d54321a58f6b2674,e846f3f4544a8801824219c77e3ca52b8fad8e1d,2449,reference;vendor,third/EllSeg/Sandbox.py,vendor
393,c4d906fd7f5fd8f3948bd5007c4c3646141b1d6beb33c877d54321a58f6b2674,e846f3f4544a8801824219c77e3ca52b8fad8e1d,2449,reference;vendor,third/Pupil-Labs-Core-RITnet-Plugins/ritnet/Ellseg/Sandbox.py,vendor
394,c4e42ab4a27df126e21aa9366a8ff3805b2667c7b09ba3e694beb02dea934170,54e15e44c754b7a799e24d92e02db4e000d18ee4,137,archive;docs,algorithm/archive/imports/conversations/hgtxr_etri_server_quantization/by-date/undated/log.md,archive
394,c4e42ab4a27df126e21aa9366a8ff3805b2667c7b09ba3e694beb02dea934170,54e15e44c754b7a799e24d92e02db4e000d18ee4,137,archive;docs,quantization/docs/track/log.md,docs
395,c504088d9d3c7ea5fa6ae13683ffe803ce7b1b2af90b79c43dc446fcad39b7f8,87c5e030f862c5e9da78bab74c544aa1fbc73e81,3776,maintained;reference,algorithm/common/src/EvEye/utils/processor/MatProcessor.py,maintained
395,c504088d9d3c7ea5fa6ae13683ffe803ce7b1b2af90b79c43dc446fcad39b7f8,87c5e030f862c5e9da78bab74c544aa1fbc73e81,3776,maintained;reference,references/legacy-codebase/software/FACET/EvEye/utils/processor/MatProcessor.py,reference
396,c57915a0e62f49755533a61ae2cf1d3ff14c5b25d8247ba301bc6791e8d9274f,34e880aac33573d3a1fee3a5e123ed8504451df1,8773,maintained;reference,algorithm/common/src/EvEye/utils/scripts/build_hbtxr_subject_independent_results_report.py,maintained
396,c57915a0e62f49755533a61ae2cf1d3ff14c5b25d8247ba301bc6791e8d9274f,34e880aac33573d3a1fee3a5e123ed8504451df1,8773,maintained;reference,references/legacy-codebase/software/FACET/EvEye/utils/scripts/build_hbtxr_subject_independent_results_report.py,reference
397,c5ca983b647be9f20e91a1cb514da036b7a27ff1c2b2917d059fafc39798a8fc,1cfd33485c6e88afd7ea15c835ddba8703c7d66b,2315,maintained;reference,algorithm/event/configs/DavisEyeEllipse_ElNet.yaml,maintained
397,c5ca983b647be9f20e91a1cb514da036b7a27ff1c2b2917d059fafc39798a8fc,1cfd33485c6e88afd7ea15c835ddba8703c7d66b,2315,maintained;reference,references/legacy-codebase/software/FACET/configs/DavisEyeEllipse_ElNet.yaml,reference
398,c6a5eecab3f04e1b6aa20daa652cf6f0f0a5bf31f9f300a9cc05f2f74b1baa85,d1e9d3d868ffc366488c53bac0471cffddc275ad,7559,maintained;reference,algorithm/common/src/EvEye/model/DavisEyeEllipse/HBTXR/Backbone/DeiT.py,maintained
398,c6a5eecab3f04e1b6aa20daa652cf6f0f0a5bf31f9f300a9cc05f2f74b1baa85,d1e9d3d868ffc366488c53bac0471cffddc275ad,7559,maintained;reference,references/legacy-codebase/software/FACET/EvEye/model/DavisEyeEllipse/HBTXR/Backbone/DeiT.py,reference
399,c6cb0649c836fa2e3443782fa745a0cc1a9efebe43ba5ce8345b86dea5dba51b,600d02a8de82c47cc51cc04c3a322290cd33d10a,45011,archive;reference,algorithm/archive/imports/fecet_hbtxr/tools/prepare_facet_gsam_dataset.py,archive
399,c6cb0649c836fa2e3443782fa745a0cc1a9efebe43ba5ce8345b86dea5dba51b,600d02a8de82c47cc51cc04c3a322290cd33d10a,45011,archive;reference,references/legacy-codebase/impl/FECET-HBTXR/tools/prepare_facet_gsam_dataset.py,reference
400,c6d4ed800965c5892f65b75cd7a26be1e34550c4c10884d48bb99600e0d600aa,2b76d0f9dd125c3eb9cac46e5b39de319ce62685,1402,reference;test,quantization/references/HG-PIPE-Quantization/tests/test_fake_quant_graph_runner.py,reference
400,c6d4ed800965c5892f65b75cd7a26be1e34550c4c10884d48bb99600e0d600aa,2b76d0f9dd125c3eb9cac46e5b39de319ce62685,1402,reference;test,quantization/tests/test_fake_quant_graph_runner.py,test
401,c71d239df91726fc519c6eb72d318ec65820627232b2f796219e87dcf35d0ab4,261eeb9e9f8b2b4b0d119366dda99c6fd7d35c64,11357,reference;vendor,references/legacy-codebase/software/Swift-Eye/mmrotate/LICENSE,reference
401,c71d239df91726fc519c6eb72d318ec65820627232b2f796219e87dcf35d0ab4,261eeb9e9f8b2b4b0d119366dda99c6fd7d35c64,11357,reference;vendor,third/Grounded-SAM-2/LICENSE_sam2,vendor
402,c79449233a7891a6bd66b5325ca65565320f3d6314f89de529863cce2fcda6ee,2f7df1aaddb857973ec70628652ad4c060aa64ea,1597,maintained;reference,quantization/references/HG-PIPE-Quantization/src/int_infer/case_runner.py,reference
402,c79449233a7891a6bd66b5325ca65565320f3d6314f89de529863cce2fcda6ee,2f7df1aaddb857973ec70628652ad4c060aa64ea,1597,maintained;reference,quantization/src/int_infer/case_runner.py,maintained
402,c79449233a7891a6bd66b5325ca65565320f3d6314f89de529863cce2fcda6ee,2f7df1aaddb857973ec70628652ad4c060aa64ea,1597,maintained;reference,references/legacy-codebase/hardware/HGPIPE/HG-PIPE-Quantization/hgpipe_quantization/int_infer/case_runner.py,reference
402,c79449233a7891a6bd66b5325ca65565320f3d6314f89de529863cce2fcda6ee,2f7df1aaddb857973ec70628652ad4c060aa64ea,1597,maintained;reference,references/legacy-codebase/impl/HG-PIPE-Quantization/hgpipe_quantization/int_infer/case_runner.py,reference
403,c7e9484b9b58d31400ccba3cd9de5b93016650dbda905467143b3016db0e9a1f,195bf673d95b2e491a0de5f757f0cb91d3cfe625,7532,maintained;reference,algorithm/common/src/EvEye/utils/visualization/watchStructedEvents.ipynb,maintained
403,c7e9484b9b58d31400ccba3cd9de5b93016650dbda905467143b3016db0e9a1f,195bf673d95b2e491a0de5f757f0cb91d3cfe625,7532,maintained;reference,references/legacy-codebase/software/FACET/EvEye/utils/visualization/watchStructedEvents.ipynb,reference
404,c7f6ffed036d1018f324e9ec26d1c390b4ff9b08a627561b73d76e3b9fdb72b3,a06763340a22cfa66b291c0ce9af0cef32997f9b,16777,maintained;reference,algorithm/common/src/EvEye/dataset/DavisEyeCenter/DavisEyeCenterDataset.py,maintained
404,c7f6ffed036d1018f324e9ec26d1c390b4ff9b08a627561b73d76e3b9fdb72b3,a06763340a22cfa66b291c0ce9af0cef32997f9b,16777,maintained;reference,references/legacy-codebase/software/FACET/EvEye/dataset/DavisEyeCenter/DavisEyeCenterDataset.py,reference
405,c82bbee5a250a27f46eb5459245721891acd26b8b04fe2ac65e72f6929195409,33077c8c566c8caa89e11af6cfc8b0957af79ea1,51597,maintained;reference,quantization/references/HG-PIPE-Quantization/src/cli.py,reference
405,c82bbee5a250a27f46eb5459245721891acd26b8b04fe2ac65e72f6929195409,33077c8c566c8caa89e11af6cfc8b0957af79ea1,51597,maintained;reference,quantization/src/cli.py,maintained
405,c82bbee5a250a27f46eb5459245721891acd26b8b04fe2ac65e72f6929195409,33077c8c566c8caa89e11af6cfc8b0957af79ea1,51597,maintained;reference,references/legacy-codebase/impl/HG-PIPE-Quantization/hgpipe_quantization/cli.py,reference
406,c83a2f4dda26c854c432e04e4c1fd866e1b38392b1c332ce0a80b2a41a1a6a2b,a4e6764bd4f755e1acc97a0c768e42bdd2d1c67a,15979,archive;docs,algorithm/archive/imports/conversations/hgtxr_etri_server_hardware/by-date/undated/AQ2_SEARCH_TRACK_MEASUREMENT_2026_06_30.md,archive
406,c83a2f4dda26c854c432e04e4c1fd866e1b38392b1c332ce0a80b2a41a1a6a2b,a4e6764bd4f755e1acc97a0c768e42bdd2d1c67a,15979,archive;docs,hardware/docs/track/AQ2_SEARCH_TRACK_MEASUREMENT_2026_06_30.md,docs
407,c87fda6af568aa3119fb89f05d39def5c0de222124365b54569444b30a2e4935,1a3a4c69b76511d8b1eedc13956a2e0457341386,500,archive;reference,algorithm/archive/imports/fecet_hbtxr/scripts/fecet_compare_infer.sh,archive
407,c87fda6af568aa3119fb89f05d39def5c0de222124365b54569444b30a2e4935,1a3a4c69b76511d8b1eedc13956a2e0457341386,500,archive;reference,references/legacy-codebase/impl/FECET-HBTXR/scripts/fecet_compare_infer.sh,reference
408,c8ba7337f8f36c94aa4368376160ed5f5126d72baf55efeed073867a9b999e90,69cb8d1c633654355c70925b529e85b208a927af,1315,maintained;reference,algorithm/common/scripts/facet_main.py,maintained
408,c8ba7337f8f36c94aa4368376160ed5f5126d72baf55efeed073867a9b999e90,69cb8d1c633654355c70925b529e85b208a927af,1315,maintained;reference,references/legacy-codebase/software/FACET/main.py,reference
409,c98787a85c4ba4638f522a4635e29c0ce08e072f1f516ba4f46f792a87ae30da,ae1a6fd4df49ea84d1a6f0edb20ba746fc8834cf,9468,archive;reference,algorithm/archive/imports/swift_hbtxr/docs/PROGRESS_CHECKLIST.md,archive
409,c98787a85c4ba4638f522a4635e29c0ce08e072f1f516ba4f46f792a87ae30da,ae1a6fd4df49ea84d1a6f0edb20ba746fc8834cf,9468,archive;reference,references/legacy-codebase/impl/SWIFT-HBTXR/docs/PROGRESS_CHECKLIST.md,reference
410,c99d282cf5c1c8cf656de8c73d78dedbaeaa94b7e34570e828de88f3eed35946,700655467735ff330f40f17206dc7b8e83205699,29453,reference;vendor,references/legacy-codebase/software/EllSeg/utils.py,reference
410,c99d282cf5c1c8cf656de8c73d78dedbaeaa94b7e34570e828de88f3eed35946,700655467735ff330f40f17206dc7b8e83205699,29453,reference;vendor,third/EllSeg/utils.py,vendor
411,caba83db9dc4ac0aa9ff8ce0358c6b097a06470df1a3fa9b8594f9460ef11fa5,26a66642c2df9d40c1cc71e1cbdf65555514f619,9923,reference;test,algorithm/common/tests/facet/test_inference.ipynb,test
411,caba83db9dc4ac0aa9ff8ce0358c6b097a06470df1a3fa9b8594f9460ef11fa5,26a66642c2df9d40c1cc71e1cbdf65555514f619,9923,reference;test,references/legacy-codebase/software/FACET/tests/test_inference.ipynb,reference
412,cb4cf397d5e5c473542a5b102e7310e3323e27402e86ab98f54bdb2c2855270e,9a64f63b0ca8f2c35b7cffa2c3113fee5669451b,279,archive;reference,algorithm/archive/imports/fecet_hbtxr/scripts/visualize.sh,archive
412,cb4cf397d5e5c473542a5b102e7310e3323e27402e86ab98f54bdb2c2855270e,9a64f63b0ca8f2c35b7cffa2c3113fee5669451b,279,archive;reference,references/legacy-codebase/impl/FECET-HBTXR/scripts/visualize.sh,reference
413,cd60e822d81e53c30cb51b644a4c7cb048654934b432f5c97df65f3df7aae79d,842282bf325885279b5c250ff4a73ca0b3ec30e3,283,archive;reference,algorithm/archive/imports/fecet_hbtxr/scripts/eval.sh,archive
413,cd60e822d81e53c30cb51b644a4c7cb048654934b432f5c97df65f3df7aae79d,842282bf325885279b5c250ff4a73ca0b3ec30e3,283,archive;reference,algorithm/archive/imports/swift_hbtxr/scripts/eval.sh,archive
413,cd60e822d81e53c30cb51b644a4c7cb048654934b432f5c97df65f3df7aae79d,842282bf325885279b5c250ff4a73ca0b3ec30e3,283,archive;reference,references/legacy-codebase/impl/FECET-HBTXR/scripts/eval.sh,reference
413,cd60e822d81e53c30cb51b644a4c7cb048654934b432f5c97df65f3df7aae79d,842282bf325885279b5c250ff4a73ca0b3ec30e3,283,archive;reference,references/legacy-codebase/impl/SWIFT-HBTXR/scripts/eval.sh,reference
414,cd9e3a86437157ca5ba75fc10404507a3183510ce902252e7a5567cf8b32bf6e,f68d4ba154a365566126f74591d4de6cec3bf852,1400,maintained;reference,algorithm/common/src/EvEye/utils/dvs_common_utils/processor/motion_compensation.py,maintained
414,cd9e3a86437157ca5ba75fc10404507a3183510ce902252e7a5567cf8b32bf6e,f68d4ba154a365566126f74591d4de6cec3bf852,1400,maintained;reference,references/legacy-codebase/software/FACET/EvEye/utils/dvs_common_utils/processor/motion_compensation.py,reference
415,cdddf231349511bcb799a9c3626cd0dd59e729747626521d06808787003660ea,151efe1166b6fcbe1e01a8aecfef2bf974999dcb,2603,maintained;reference,algorithm/common/src/EvEye/model/DavisEyeEllipse/HBTXR/Head/HBTXRHead.py,maintained
415,cdddf231349511bcb799a9c3626cd0dd59e729747626521d06808787003660ea,151efe1166b6fcbe1e01a8aecfef2bf974999dcb,2603,maintained;reference,references/legacy-codebase/software/FACET/EvEye/model/DavisEyeEllipse/HBTXR/Head/HBTXRHead.py,reference
416,ce2fe87e24237e9f1406e31f3f8d687e1a0df0af59f807fcb3131c8bbf6d7436,6bd7ad711696294e4e39d593ad7f4a23a3c3b15e,2577,maintained;reference,algorithm/event/configs/DavisEyeEllipse_EPNet_subject_independent_img64.yaml,maintained
416,ce2fe87e24237e9f1406e31f3f8d687e1a0df0af59f807fcb3131c8bbf6d7436,6bd7ad711696294e4e39d593ad7f4a23a3c3b15e,2577,maintained;reference,references/legacy-codebase/software/FACET/configs/DavisEyeEllipse_EPNet_subject_independent_img64.yaml,reference
417,ce33adf14df97d0557efe1bb1deb76df8904f0a93dd5d6da183d6200fb564172,4176e7f4f98d02249829f9d23c398e9c07a1ae34,3557,maintained;reference,algorithm/common/src/EvEye/utils/scripts/outputEllipseLabels.ipynb,maintained
417,ce33adf14df97d0557efe1bb1deb76df8904f0a93dd5d6da183d6200fb564172,4176e7f4f98d02249829f9d23c398e9c07a1ae34,3557,maintained;reference,references/legacy-codebase/software/FACET/EvEye/utils/scripts/outputEllipseLabels.ipynb,reference
418,cea9e89dd0c764f59c012bc7e1ff79699336c7368e9f25c25c252e83b6e56e3d,b0431d9f48bc1ad51eb46f7dff8c6b4c15033e00,2900,maintained;reference,algorithm/event/configs/DavisEyeEllipse_HBTXR_event_gsam2crop_si_img128_patch4.yaml,maintained
418,cea9e89dd0c764f59c012bc7e1ff79699336c7368e9f25c25c252e83b6e56e3d,b0431d9f48bc1ad51eb46f7dff8c6b4c15033e00,2900,maintained;reference,references/legacy-codebase/software/FACET/configs/DavisEyeEllipse_HBTXR_event_gsam2crop_si_img128_patch4.yaml,reference
419,cf1799fcabdde37d0477314bcd48d398431c5d9f130e40816d6477c32aa2ca7d,7f5bacbf1447bc7b87b7434e6cba29adf489baa5,634,maintained;reference,algorithm/common/configs/OutputGroundTruth.yaml,maintained
419,cf1799fcabdde37d0477314bcd48d398431c5d9f130e40816d6477c32aa2ca7d,7f5bacbf1447bc7b87b7434e6cba29adf489baa5,634,maintained;reference,references/legacy-codebase/software/FACET/configs/OutputGroundTruth.yaml,reference
420,cf30c9669301b5475c1891836db45cdc662350ec12ad8b0a909d9f43719038de,708d327fd2f88cb512c70454cf3dc547ce5cb8d3,6905,maintained;reference,quantization/references/HG-PIPE-Quantization/src/models/vision_transformer.py,reference
420,cf30c9669301b5475c1891836db45cdc662350ec12ad8b0a909d9f43719038de,708d327fd2f88cb512c70454cf3dc547ce5cb8d3,6905,maintained;reference,quantization/src/models/vision_transformer.py,maintained
420,cf30c9669301b5475c1891836db45cdc662350ec12ad8b0a909d9f43719038de,708d327fd2f88cb512c70454cf3dc547ce5cb8d3,6905,maintained;reference,references/legacy-codebase/hardware/HGPIPE/HG-PIPE-Quantization/hgpipe_quantization/models/vision_transformer.py,reference
420,cf30c9669301b5475c1891836db45cdc662350ec12ad8b0a909d9f43719038de,708d327fd2f88cb512c70454cf3dc547ce5cb8d3,6905,maintained;reference,references/legacy-codebase/impl/HG-PIPE-Quantization/hgpipe_quantization/models/vision_transformer.py,reference
421,cf51c89ac7b59de5c059b754ff762ec27d28326d3c1b1a182c4703399c63bc63,32b346d0873aa0b93a7ac7f33b4bca91d8c154c3,5089,archive;reference,algorithm/archive/imports/swift_hbtxr/swift_hbtxr/antiblink.py,archive
421,cf51c89ac7b59de5c059b754ff762ec27d28326d3c1b1a182c4703399c63bc63,32b346d0873aa0b93a7ac7f33b4bca91d8c154c3,5089,archive;reference,references/legacy-codebase/impl/SWIFT-HBTXR/swift_hbtxr/antiblink.py,reference
422,d12a0d0d09fe3cc4b983c530ed23682c4f1b58306c552577bbd977d34e7e24fd,1601a6359a26770a6b9101bbc2eef79d726e868c,8246,maintained;reference,algorithm/common/src/EvEye/utils/PupilTracker.py,maintained
422,d12a0d0d09fe3cc4b983c530ed23682c4f1b58306c552577bbd977d34e7e24fd,1601a6359a26770a6b9101bbc2eef79d726e868c,8246,maintained;reference,references/legacy-codebase/software/FACET/EvEye/utils/PupilTracker.py,reference
423,d14040598f65c0e848b3e12fc4fc86b9ec3a7bc9e0367513d539938a7f9d7344,cf1102a408cf6345d76799bd64b075d3cf87d859,4114,reference;test,quantization/references/HG-PIPE-Quantization/tests/test_completion_audit.py,reference
423,d14040598f65c0e848b3e12fc4fc86b9ec3a7bc9e0367513d539938a7f9d7344,cf1102a408cf6345d76799bd64b075d3cf87d859,4114,reference;test,quantization/tests/test_completion_audit.py,test
424,d22aa38a6e696815cff936aed613251089807dd34b9a0abd9eadd2e406be01e8,b676207bb048099ac01d21ca48e119c9909d99e3,2594,maintained;reference,algorithm/common/src/EvEye/model/DavisEyeEllipse/EPNet/Head/EPHead.py,maintained
424,d22aa38a6e696815cff936aed613251089807dd34b9a0abd9eadd2e406be01e8,b676207bb048099ac01d21ca48e119c9909d99e3,2594,maintained;reference,references/legacy-codebase/software/FACET/EvEye/model/DavisEyeEllipse/EPNet/Head/EPHead.py,reference
425,d3258103e44dc33cba805f5717c6fba6a056d03b13d9abb936dd9b3db3165570,a8a9b2603e3406ba2fb4393e8aa290dee4d76fe9,7187,archive;reference,algorithm/archive/imports/fecet_hbtxr/fecet_hbtxr/runtime.py,archive
425,d3258103e44dc33cba805f5717c6fba6a056d03b13d9abb936dd9b3db3165570,a8a9b2603e3406ba2fb4393e8aa290dee4d76fe9,7187,archive;reference,references/legacy-codebase/impl/FECET-HBTXR/fecet_hbtxr/runtime.py,reference
426,d33ad24894e9d6e1c3395f7301ec12847c3f6735119fe3ead2c533e0b3b4c13a,2fcc58952b2f419fa517b01a307d248ae857f52e,14049,reference;vendor,references/legacy-codebase/software/EllSeg/models/RITnet_v4.py,reference
426,d33ad24894e9d6e1c3395f7301ec12847c3f6735119fe3ead2c533e0b3b4c13a,2fcc58952b2f419fa517b01a307d248ae857f52e,14049,reference;vendor,third/EllSeg/models/RITnet_v4.py,vendor
427,d3b922f72c4a451d71e83e63685aab056caffc083384be42d2866541d2d52f1d,a526a5e21b0d13a5417cf043faeca04b1ed08416,10471,archive;reference,algorithm/archive/imports/swift_hbtxr/docs/CONVERSATION_HISTORY.md,archive
427,d3b922f72c4a451d71e83e63685aab056caffc083384be42d2866541d2d52f1d,a526a5e21b0d13a5417cf043faeca04b1ed08416,10471,archive;reference,references/legacy-codebase/impl/SWIFT-HBTXR/docs/CONVERSATION_HISTORY.md,reference
428,d3eb66d3d6ed86f68904c61ef389dbe5958255637eddf884c80c7db50e187512,ca6f3cf72c11326b91c985cdf5a1486fd0581bfd,1947,reference;test,algorithm/common/tests/facet/visualize_mc_test.py,test
428,d3eb66d3d6ed86f68904c61ef389dbe5958255637eddf884c80c7db50e187512,ca6f3cf72c11326b91c985cdf5a1486fd0581bfd,1947,reference;test,references/legacy-codebase/software/FACET/tests/visualize_mc_test.py,reference
429,d407027427942564a7ea09cb461ae656749dea849b5817916f755bdf516b46cc,65b0a12ad767335ee9534b3642f20b0cf9356926,222,archive;maintained,algorithm/archive/imports/legacy_hybrid/scripts/runtime/run_infer.sh,archive
429,d407027427942564a7ea09cb461ae656749dea849b5817916f755bdf516b46cc,65b0a12ad767335ee9534b3642f20b0cf9356926,222,archive;maintained,algorithm/hybrid/scripts/external_pipeline/run_infer.sh,maintained
430,d444412cf4a8e4c51330da7cfaceabb4a29839843a61df76727bd2104d691820,2d08c690b8a70124ae120c89c334bbed54afa1dd,3637,maintained;reference,algorithm/common/src/EvEye/utils/cache/H5CacheStructedEvents.ipynb,maintained
430,d444412cf4a8e4c51330da7cfaceabb4a29839843a61df76727bd2104d691820,2d08c690b8a70124ae120c89c334bbed54afa1dd,3637,maintained;reference,references/legacy-codebase/software/FACET/EvEye/utils/cache/H5CacheStructedEvents.ipynb,reference
431,d4859484c48c89ecc012b00fa40e910dcd52a319c02544c26122e6dfb829df08,833c0c13c000277360d75454b8efe06aa81707f8,5224,maintained;reference,algorithm/common/src/EvEye/utils/dvs_common_utils/processor/NumpyEventRandomAffine.py,maintained
431,d4859484c48c89ecc012b00fa40e910dcd52a319c02544c26122e6dfb829df08,833c0c13c000277360d75454b8efe06aa81707f8,5224,maintained;reference,references/legacy-codebase/software/FACET/EvEye/utils/dvs_common_utils/processor/NumpyEventRandomAffine.py,reference
432,d48f54437f36e826f1d228d658384b498ae6924f8c76a9f3484e0e2ebf5041fe,0fdd9188d95a3eed42c512f7c55b4abaa7f888bb,1187,maintained;reference,algorithm/common/src/EvEye/model/DavisEyeEllipse/EPNet/Backbone/ResNet18Backbone.py,maintained
432,d48f54437f36e826f1d228d658384b498ae6924f8c76a9f3484e0e2ebf5041fe,0fdd9188d95a3eed42c512f7c55b4abaa7f888bb,1187,maintained;reference,references/legacy-codebase/software/FACET/EvEye/model/DavisEyeEllipse/EPNet/Backbone/ResNet18Backbone.py,reference
433,d4b3c1a0c4d37e15d8286318c95e737da258948b2dccf92d5292655142d646d9,ec1b688352d6b14120d73310e28f64f29b658ac4,2038,reference;vendor,references/legacy-codebase/software/EllSeg/curObjects/createDataloaders_baseline.py,reference
433,d4b3c1a0c4d37e15d8286318c95e737da258948b2dccf92d5292655142d646d9,ec1b688352d6b14120d73310e28f64f29b658ac4,2038,reference;vendor,third/EllSeg/curObjects/createDataloaders_baseline.py,vendor
433,d4b3c1a0c4d37e15d8286318c95e737da258948b2dccf92d5292655142d646d9,ec1b688352d6b14120d73310e28f64f29b658ac4,2038,reference;vendor,third/Pupil-Labs-Core-RITnet-Plugins/ritnet/Ellseg/curObjects/createDataloaders_baseline.py,vendor
434,d52e0af3a8d3b066de9bf07806729e63cbd6f629ebba29b054e4ecab16823a81,b0438dfed7dd59e7b65561b0b8175e48a7814207,7714,reference;vendor,references/legacy-codebase/software/EllSeg/README.md,reference
434,d52e0af3a8d3b066de9bf07806729e63cbd6f629ebba29b054e4ecab16823a81,b0438dfed7dd59e7b65561b0b8175e48a7814207,7714,reference;vendor,third/EllSeg/README.md,vendor
435,d5b44978a66380cfa7d29d9fae7b37f50f95e90c042b9994e6a51ac1be8de75e,37b6f8f7e566ca88266feb7d056de70d2ae7c119,1824,reference;test,quantization/references/HG-PIPE-Quantization/tests/test_run_results.py,reference
435,d5b44978a66380cfa7d29d9fae7b37f50f95e90c042b9994e6a51ac1be8de75e,37b6f8f7e566ca88266feb7d056de70d2ae7c119,1824,reference;test,quantization/tests/test_run_results.py,test
436,d5f090eb849219f7966fed59e2a471135abe30c9969d5be165824cb79a810d52,a0159f3778cf7d4f44ba7d4db604629abccaea9f,5863,maintained;reference,algorithm/common/src/EvEye/utils/scripts/probe_hbtxr_batch_size.py,maintained
436,d5f090eb849219f7966fed59e2a471135abe30c9969d5be165824cb79a810d52,a0159f3778cf7d4f44ba7d4db604629abccaea9f,5863,maintained;reference,references/legacy-codebase/software/FACET/EvEye/utils/scripts/probe_hbtxr_batch_size.py,reference
437,d6075d1617bd72c3a72d786a13d6b89402a0a12a8b944e88ef18e6c4ea590758,1b87cb920f47f7d5c7925cefdfe96f884d145b78,184,archive;reference,algorithm/archive/imports/fecet_hbtxr/scripts/overlay_preview.sh,archive
437,d6075d1617bd72c3a72d786a13d6b89402a0a12a8b944e88ef18e6c4ea590758,1b87cb920f47f7d5c7925cefdfe96f884d145b78,184,archive;reference,references/legacy-codebase/impl/FECET-HBTXR/scripts/overlay_preview.sh,reference
438,d694a81f2964eea90518daac0c7365c2ff515419d6f10ad55beed70b0f480faa,937ebaed6416a10331d1212ec62a051f8fa41b5d,2398,maintained;reference,algorithm/common/src/EvEye/utils/scripts/sync_reproduction_status_summary.py,maintained
438,d694a81f2964eea90518daac0c7365c2ff515419d6f10ad55beed70b0f480faa,937ebaed6416a10331d1212ec62a051f8fa41b5d,2398,maintained;reference,references/legacy-codebase/software/FACET/EvEye/utils/scripts/sync_reproduction_status_summary.py,reference
439,d69a43ed4171401a28e11d02243c40d9e995ae5b202d66fc31065b62c77c0803,6c3fc767d9e71a7511f4b7f9ee56f6268aecc763,2027699,reference;vendor,references/legacy-codebase/software/EllSeg/figures/figures.ras,reference
439,d69a43ed4171401a28e11d02243c40d9e995ae5b202d66fc31065b62c77c0803,6c3fc767d9e71a7511f4b7f9ee56f6268aecc763,2027699,reference;vendor,third/EllSeg/figures/figures.ras,vendor
439,d69a43ed4171401a28e11d02243c40d9e995ae5b202d66fc31065b62c77c0803,6c3fc767d9e71a7511f4b7f9ee56f6268aecc763,2027699,reference;vendor,third/Pupil-Labs-Core-RITnet-Plugins/ritnet/Ellseg/figures/figures.ras,vendor
440,d7bd667b39dae0cf2cac3c30ba6ee33e76f8bc2bb799a041e151fd285cbc32bd,78dcc241570baa7149148e64e1f83e0f0f3c0b9d,3898,archive;maintained,algorithm/archive/imports/legacy_hybrid/scripts/runtime/visualize_runtime.py,archive
440,d7bd667b39dae0cf2cac3c30ba6ee33e76f8bc2bb799a041e151fd285cbc32bd,78dcc241570baa7149148e64e1f83e0f0f3c0b9d,3898,archive;maintained,algorithm/hybrid/scripts/external_pipeline/visualize_runtime.py,maintained
441,d830d9422a8c1af336e033f7b9714e377edb8329c2759dbffc1ef896c6146b13,2db18e5f6cae4d2ff30f25f55f564647a0251756,10661,maintained;reference,algorithm/common/src/EvEye/utils/cache/MemmapCacheFrameStack.py,maintained
441,d830d9422a8c1af336e033f7b9714e377edb8329c2759dbffc1ef896c6146b13,2db18e5f6cae4d2ff30f25f55f564647a0251756,10661,maintained;reference,references/legacy-codebase/software/FACET/EvEye/utils/cache/MemmapCacheFrameStack.py,reference
442,d8bfcdcdb257737e3d8a885653002d148e1516ee4c59e9e3cc701241286fae3b,b3351add6e69c1bfe5ff8994bfc5df4e5345267c,13752,reference;vendor,references/legacy-codebase/software/EllSeg/loss.py,reference
442,d8bfcdcdb257737e3d8a885653002d148e1516ee4c59e9e3cc701241286fae3b,b3351add6e69c1bfe5ff8994bfc5df4e5345267c,13752,reference;vendor,third/EllSeg/loss.py,vendor
443,d937c773d9631aa4bf24649a2c9ee9da604f49147014602e129bf30bdc8a77c9,2e3cf72c08d491bcf2e774c31299b4d534a6df65,427,maintained;reference,algorithm/requirements/train.txt,maintained
443,d937c773d9631aa4bf24649a2c9ee9da604f49147014602e129bf30bdc8a77c9,2e3cf72c08d491bcf2e774c31299b4d534a6df65,427,maintained;reference,references/legacy-codebase/software/FACET/requirements.txt,reference
444,da61f950a83dd7d092b448224868858b053090e813cf77e8ebdc99212bf94061,f2876cb418d69b2eb95428adc27a2dc630f3d1f7,1425,archive;maintained,algorithm/archive/imports/legacy_hybrid/scripts/runtime/run_prepare_and_train_mode2.sh,archive
444,da61f950a83dd7d092b448224868858b053090e813cf77e8ebdc99212bf94061,f2876cb418d69b2eb95428adc27a2dc630f3d1f7,1425,archive;maintained,algorithm/hybrid/scripts/external_pipeline/run_prepare_and_train_mode2.sh,maintained
445,db023ad42b10626f6f73ed3928d34534f23f9565f7c47019899f5781e1475bcd,759fdf8ab802720e2768e2acf0f0e7db7a006793,1307445,maintained;reference,algorithm/common/src/EvEye/utils/tonic/tonicLearning.ipynb,maintained
445,db023ad42b10626f6f73ed3928d34534f23f9565f7c47019899f5781e1475bcd,759fdf8ab802720e2768e2acf0f0e7db7a006793,1307445,maintained;reference,references/legacy-codebase/software/FACET/EvEye/utils/tonic/tonicLearning.ipynb,reference
446,dbdf3e3ac5f92de4e90bfd34a83b6eb5aad6d13b94d8fbc3a2e10d3da84729ce,7a4ad71b595073ba58bf962b681c9a3935dd258d,3450,maintained;reference,algorithm/common/src/EvEye/model/DavisEyeEllipse/EPNet/utils.py,maintained
446,dbdf3e3ac5f92de4e90bfd34a83b6eb5aad6d13b94d8fbc3a2e10d3da84729ce,7a4ad71b595073ba58bf962b681c9a3935dd258d,3450,maintained;reference,algorithm/common/src/EvEye/model/DavisEyeEllipse/HBTXR/utils.py,maintained
446,dbdf3e3ac5f92de4e90bfd34a83b6eb5aad6d13b94d8fbc3a2e10d3da84729ce,7a4ad71b595073ba58bf962b681c9a3935dd258d,3450,maintained;reference,references/legacy-codebase/software/FACET/EvEye/model/DavisEyeEllipse/EPNet/utils.py,reference
446,dbdf3e3ac5f92de4e90bfd34a83b6eb5aad6d13b94d8fbc3a2e10d3da84729ce,7a4ad71b595073ba58bf962b681c9a3935dd258d,3450,maintained;reference,references/legacy-codebase/software/FACET/EvEye/model/DavisEyeEllipse/HBTXR/utils.py,reference
447,dbf0e3831439dccd5ff2554419615e2ea7b29728ee62675d1f13374a6fbea480,e0d994337cf8bbc02fc5683ba02234a4c6e1e7a6,16432,maintained;reference,algorithm/common/src/EvEye/utils/dvs_common_utils/utils/aedat4_processor.py,maintained
447,dbf0e3831439dccd5ff2554419615e2ea7b29728ee62675d1f13374a6fbea480,e0d994337cf8bbc02fc5683ba02234a4c6e1e7a6,16432,maintained;reference,references/legacy-codebase/software/FACET/EvEye/utils/dvs_common_utils/utils/aedat4_processor.py,reference
448,dc511600bdbea022408c9b297942e2c91b732605b624ec479caf4429691be9a9,82100a60bb501c2f70e58dc1463aa9b7222c221b,5808,maintained;reference,algorithm/common/src/EvEye/utils/scripts/write_full_training_progress_snapshot.py,maintained
448,dc511600bdbea022408c9b297942e2c91b732605b624ec479caf4429691be9a9,82100a60bb501c2f70e58dc1463aa9b7222c221b,5808,maintained;reference,references/legacy-codebase/software/FACET/EvEye/utils/scripts/write_full_training_progress_snapshot.py,reference
449,dcafed498fd1237ce026b9452fb82c0900f9ac804f9def3394f7db4cbd37fa73,32b42eb4f2c4fa939ef7b0d74eb186c2c3fa7249,2126,reference;test,quantization/references/HG-PIPE-Quantization/tests/test_fake_quantizers.py,reference
449,dcafed498fd1237ce026b9452fb82c0900f9ac804f9def3394f7db4cbd37fa73,32b42eb4f2c4fa939ef7b0d74eb186c2c3fa7249,2126,reference;test,quantization/tests/test_fake_quantizers.py,test
450,dcf07d18ad6328d6b74501054e0ba5ada92be48b6f3c2b88e36132a6d7ca8717,3d77f12fbfbd2f01ad885368fa10a689e04cfe3b,1680,maintained;reference,algorithm/common/src/EvEye/utils/dvs_common_utils/utils/visualization_utils.py,maintained
450,dcf07d18ad6328d6b74501054e0ba5ada92be48b6f3c2b88e36132a6d7ca8717,3d77f12fbfbd2f01ad885368fa10a689e04cfe3b,1680,maintained;reference,references/legacy-codebase/software/FACET/EvEye/utils/dvs_common_utils/utils/visualization_utils.py,reference
451,dd0cccc63c9bf2c905f69ad1c5c07d0d57c6bc64072069c89d5ac6f5948b0aad,fbd9462f4caed922edc39a4cde054780458ab9db,204,maintained;reference,quantization/references/HG-PIPE-Quantization/src/int_infer/__init__.py,reference
451,dd0cccc63c9bf2c905f69ad1c5c07d0d57c6bc64072069c89d5ac6f5948b0aad,fbd9462f4caed922edc39a4cde054780458ab9db,204,maintained;reference,quantization/src/int_infer/__init__.py,maintained
451,dd0cccc63c9bf2c905f69ad1c5c07d0d57c6bc64072069c89d5ac6f5948b0aad,fbd9462f4caed922edc39a4cde054780458ab9db,204,maintained;reference,references/legacy-codebase/hardware/HGPIPE/HG-PIPE-Quantization/hgpipe_quantization/int_infer/__init__.py,reference
451,dd0cccc63c9bf2c905f69ad1c5c07d0d57c6bc64072069c89d5ac6f5948b0aad,fbd9462f4caed922edc39a4cde054780458ab9db,204,maintained;reference,references/legacy-codebase/impl/HG-PIPE-Quantization/hgpipe_quantization/int_infer/__init__.py,reference
452,dd1b69bd7461532894a41bb2300dc5b10ddca947dfb11ed066681ab80b8c57d6,706ba9b419084524cfe4f7b61fee2814f8c7389e,7410,maintained;reference,quantization/references/HG-PIPE-Quantization/src/eval/imagenet_eval.py,reference
452,dd1b69bd7461532894a41bb2300dc5b10ddca947dfb11ed066681ab80b8c57d6,706ba9b419084524cfe4f7b61fee2814f8c7389e,7410,maintained;reference,quantization/src/eval/imagenet_eval.py,maintained
453,dd4d53009b6e74c830b3cfea86f79d7d4b87ac56e5d3d32ecf3269da342aaad2,82f921136d58c8f48ec66d9097aa2792f4ce457f,200,archive;reference,algorithm/archive/imports/fecet_hbtxr/scripts/facet_prepare_reference_dataset.sh,archive
453,dd4d53009b6e74c830b3cfea86f79d7d4b87ac56e5d3d32ecf3269da342aaad2,82f921136d58c8f48ec66d9097aa2792f4ce457f,200,archive;reference,references/legacy-codebase/impl/FECET-HBTXR/scripts/facet_prepare_reference_dataset.sh,reference
454,dd4d969bcce3639a7b7a7203b5bbbb23f2dd39813ba2fd94e8848133eae17ab1,2d06c0cc411d259b7908d010c222a79ecd05860d,2804,maintained;reference,algorithm/common/src/EvEye/model/DavisEyeEllipse/UNet/Metric.py,maintained
454,dd4d969bcce3639a7b7a7203b5bbbb23f2dd39813ba2fd94e8848133eae17ab1,2d06c0cc411d259b7908d010c222a79ecd05860d,2804,maintained;reference,references/legacy-codebase/software/FACET/EvEye/model/DavisEyeEllipse/UNet/Metric.py,reference
455,dd5f7a04e5dd5cd19740ff021107d3350a559c5ca11f29138a4871d5e15ddfbd,b461d899d61b15b7efa272258238b0ac0d5a8396,1842,maintained;reference,quantization/references/HG-PIPE-Quantization/src/fake_quant/modules.py,reference
455,dd5f7a04e5dd5cd19740ff021107d3350a559c5ca11f29138a4871d5e15ddfbd,b461d899d61b15b7efa272258238b0ac0d5a8396,1842,maintained;reference,quantization/src/fake_quant/modules.py,maintained
455,dd5f7a04e5dd5cd19740ff021107d3350a559c5ca11f29138a4871d5e15ddfbd,b461d899d61b15b7efa272258238b0ac0d5a8396,1842,maintained;reference,references/legacy-codebase/hardware/HGPIPE/HG-PIPE-Quantization/hgpipe_quantization/fake_quant/modules.py,reference
455,dd5f7a04e5dd5cd19740ff021107d3350a559c5ca11f29138a4871d5e15ddfbd,b461d899d61b15b7efa272258238b0ac0d5a8396,1842,maintained;reference,references/legacy-codebase/impl/HG-PIPE-Quantization/hgpipe_quantization/fake_quant/modules.py,reference
456,de1306a7b00490561262b764e1f223032797500e512d905eb9ae1d82f9df641f,39443b4b38c10e2ed56c9e5ca639406d423e4fe9,16851,maintained;reference,algorithm/common/src/EvEye/model/DavisEyeEllipse/EPNet/Loss.py,maintained
456,de1306a7b00490561262b764e1f223032797500e512d905eb9ae1d82f9df641f,39443b4b38c10e2ed56c9e5ca639406d423e4fe9,16851,maintained;reference,references/legacy-codebase/software/FACET/EvEye/model/DavisEyeEllipse/EPNet/Loss.py,reference
457,df0523871f52c404aec1ce0bd3ffb1c82fc21a08081d6ae14506c7c4ed70ccf3,0317fbbbdc6bf0a8da70989363f72292107501b4,8078,maintained;reference,algorithm/common/src/EvEye/utils/dvs_common_utils/representation/FrameStack.py,maintained
457,df0523871f52c404aec1ce0bd3ffb1c82fc21a08081d6ae14506c7c4ed70ccf3,0317fbbbdc6bf0a8da70989363f72292107501b4,8078,maintained;reference,references/legacy-codebase/software/FACET/EvEye/utils/dvs_common_utils/representation/FrameStack.py,reference
458,df254b77af993d17c6ac10f80cf76384c43c3e6c32a324de050d938c98a77a1c,5f0cea83fa6431817912bb9375c9529b3d7a164b,4062,archive;reference,algorithm/archive/imports/swift_hbtxr/tests/test_prepare_dataset.py,archive
458,df254b77af993d17c6ac10f80cf76384c43c3e6c32a324de050d938c98a77a1c,5f0cea83fa6431817912bb9375c9529b3d7a164b,4062,archive;reference,references/legacy-codebase/impl/SWIFT-HBTXR/tests/test_prepare_dataset.py,reference
459,dfcf0b284fa57b78059ac3102706931a99f878f7c93644229bdee196908de0f2,b5f7c821d096281ef78ce50133e94e3b7d1b189e,14747,reference;vendor,references/legacy-codebase/software/EllSeg/models/RITnet_v3.py,reference
459,dfcf0b284fa57b78059ac3102706931a99f878f7c93644229bdee196908de0f2,b5f7c821d096281ef78ce50133e94e3b7d1b189e,14747,reference;vendor,third/EllSeg/models/RITnet_v3.py,vendor
460,dff0df065138b0b05ecae9cd38ec4c851e6988d518a8245b538205d693ed19e0,5085cdfc0390fda7565495969399ef2d1014e7d8,6359,archive;reference,algorithm/archive/imports/fecet_hbtxr/tests/test_prepare_facet_gsam.py,archive
460,dff0df065138b0b05ecae9cd38ec4c851e6988d518a8245b538205d693ed19e0,5085cdfc0390fda7565495969399ef2d1014e7d8,6359,archive;reference,references/legacy-codebase/impl/FECET-HBTXR/tests/test_prepare_facet_gsam.py,reference
461,e02024768e411c2767131b081b254d4b294dbc85a520f6d0aeeb833525bb0ac2,acaa22fba25d172a8da3d9090ca3b7a73acd2064,1197,reference;test,quantization/references/HG-PIPE-Quantization/tests/test_ops.py,reference
461,e02024768e411c2767131b081b254d4b294dbc85a520f6d0aeeb833525bb0ac2,acaa22fba25d172a8da3d9090ca3b7a73acd2064,1197,reference;test,quantization/tests/test_ops.py,test
462,e166b69b3ddd8139809cced236a4f681f89a00fa06e8843eecacd4c608179157,b07b8a0b445e377db2958134144fa431a111494e,3029,reference;test,algorithm/common/tests/facet/visualize_TennSt_model_test.py,test
462,e166b69b3ddd8139809cced236a4f681f89a00fa06e8843eecacd4c608179157,b07b8a0b445e377db2958134144fa431a111494e,3029,reference;test,references/legacy-codebase/software/FACET/tests/visualize_TennSt_model_test.py,reference
463,e21a681c8e5d99694411623bd5d21f3dd34f83adcddfc2efe113659d04ded47c,05ed9cb36ef59abf5d7c9976ee670e07cdf98b26,5242,archive;maintained,algorithm/archive/imports/legacy_hybrid/scripts/runtime/run_mode2_end_to_end.sh,archive
463,e21a681c8e5d99694411623bd5d21f3dd34f83adcddfc2efe113659d04ded47c,05ed9cb36ef59abf5d7c9976ee670e07cdf98b26,5242,archive;maintained,algorithm/hybrid/scripts/external_pipeline/run_mode2_end_to_end.sh,maintained
464,e3412a9f73cd3f382dabba1a4816122adfaa6710cd7a3e007de533f0e3fc4d8c,e64afa2fd40cb5465f199bd9af64431c30181b7f,3892,archive;docs,algorithm/archive/imports/conversations/hgtxr_etri_server_hardware/by-date/undated/CLEANUP_2026_06_17.md,archive
464,e3412a9f73cd3f382dabba1a4816122adfaa6710cd7a3e007de533f0e3fc4d8c,e64afa2fd40cb5465f199bd9af64431c30181b7f,3892,archive;docs,algorithm/archive/imports/conversations/hgtxr_home_hardware/by-date/undated/CLEANUP_2026_06_17.md,archive
464,e3412a9f73cd3f382dabba1a4816122adfaa6710cd7a3e007de533f0e3fc4d8c,e64afa2fd40cb5465f199bd9af64431c30181b7f,3892,archive;docs,hardware/docs/track/CLEANUP_2026_06_17.md,docs
465,e4c05a01b49fc0633f88b2a5c0c76c4a5916234d1bf556976336ba9cab45e10e,f7bb9d0f3190439301b0d356b897037b34803ad1,78,maintained;reference,quantization/references/HG-PIPE-Quantization/src/eval/__init__.py,reference
465,e4c05a01b49fc0633f88b2a5c0c76c4a5916234d1bf556976336ba9cab45e10e,f7bb9d0f3190439301b0d356b897037b34803ad1,78,maintained;reference,quantization/src/eval/__init__.py,maintained
465,e4c05a01b49fc0633f88b2a5c0c76c4a5916234d1bf556976336ba9cab45e10e,f7bb9d0f3190439301b0d356b897037b34803ad1,78,maintained;reference,references/legacy-codebase/hardware/HGPIPE/HG-PIPE-Quantization/hgpipe_quantization/eval/__init__.py,reference
465,e4c05a01b49fc0633f88b2a5c0c76c4a5916234d1bf556976336ba9cab45e10e,f7bb9d0f3190439301b0d356b897037b34803ad1,78,maintained;reference,references/legacy-codebase/impl/HG-PIPE-Quantization/hgpipe_quantization/eval/__init__.py,reference
466,e4c0ab22aef625eb3fc9749e021b74c0b1b56171ff8a497aa6fed5aa50e1b850,f804080d9dde8d77515d2481af86d3510819c113,18604,archive;reference,algorithm/archive/imports/swift_hbtxr/swift_hbtxr/dataset.py,archive
466,e4c0ab22aef625eb3fc9749e021b74c0b1b56171ff8a497aa6fed5aa50e1b850,f804080d9dde8d77515d2481af86d3510819c113,18604,archive;reference,references/legacy-codebase/impl/SWIFT-HBTXR/swift_hbtxr/dataset.py,reference
467,e4e9e28dc0ad7180fdc26205d16403e6017e36ca41f3e95eb9d621be79312eb3,10f4d512bd9a7d5cf2d12f265add5fe63071f207,3190,archive;reference,algorithm/archive/imports/fecet_hbtxr/tools/visualize.py,archive
467,e4e9e28dc0ad7180fdc26205d16403e6017e36ca41f3e95eb9d621be79312eb3,10f4d512bd9a7d5cf2d12f265add5fe63071f207,3190,archive;reference,references/legacy-codebase/impl/FECET-HBTXR/tools/visualize.py,reference
468,e577d30f5ac6616d5838385a51f115441b7f3ddbf1cef8c5605546bae58e0162,f95ce1e73518586203ba48d8a8460fc3eb5cd9e0,2515,artifact;maintained;reference,algorithm/analysis/RESULTS/HBTXR-Frame-subjet_independent_imgsz64-epoch8/configs/DavisEyeEllipse_HBTXR_frame_cached_si_img128_patch4_epoch8_stop.yaml,artifact
468,e577d30f5ac6616d5838385a51f115441b7f3ddbf1cef8c5605546bae58e0162,f95ce1e73518586203ba48d8a8460fc3eb5cd9e0,2515,artifact;maintained;reference,algorithm/frame/configs/DavisEyeEllipse_HBTXR_frame_cached_si_img128_patch4_epoch8_stop.yaml,maintained
468,e577d30f5ac6616d5838385a51f115441b7f3ddbf1cef8c5605546bae58e0162,f95ce1e73518586203ba48d8a8460fc3eb5cd9e0,2515,artifact;maintained;reference,references/legacy-codebase/software/FACET/configs/DavisEyeEllipse_HBTXR_frame_cached_si_img128_patch4_epoch8_stop.yaml,reference
469,e594af2cb9ba65986f1a449268b3e70ad4bc19a2fab256199eeab7fca3e50748,3510ca5f88d0712c1dc8bb619a46d22322e43c8f,1858,archive;reference,algorithm/archive/imports/fecet_hbtxr/doc/UPDATE_HISTORY.md,archive
469,e594af2cb9ba65986f1a449268b3e70ad4bc19a2fab256199eeab7fca3e50748,3510ca5f88d0712c1dc8bb619a46d22322e43c8f,1858,archive;reference,references/legacy-codebase/impl/FECET-HBTXR/doc/UPDATE_HISTORY.md,reference
470,e5f1b41aa5c527a619b9cd76c56d885fbfab4d6c254f214339c4fa5d4c3241f2,75f8dd70de9b50b236849c38f146112094adc74a,15333,maintained;reference,quantization/references/HG-PIPE-Quantization/src/graph.py,reference
470,e5f1b41aa5c527a619b9cd76c56d885fbfab4d6c254f214339c4fa5d4c3241f2,75f8dd70de9b50b236849c38f146112094adc74a,15333,maintained;reference,quantization/src/graph.py,maintained
470,e5f1b41aa5c527a619b9cd76c56d885fbfab4d6c254f214339c4fa5d4c3241f2,75f8dd70de9b50b236849c38f146112094adc74a,15333,maintained;reference,references/legacy-codebase/hardware/HGPIPE/HG-PIPE-Quantization/hgpipe_quantization/graph.py,reference
470,e5f1b41aa5c527a619b9cd76c56d885fbfab4d6c254f214339c4fa5d4c3241f2,75f8dd70de9b50b236849c38f146112094adc74a,15333,maintained;reference,references/legacy-codebase/impl/HG-PIPE-Quantization/hgpipe_quantization/graph.py,reference
471,e67dd54f97bdc516bd0504cab395bde04811872a524bac6fae376201cfb9d226,cb13e703fad5348f7490a42c46f576e2a4678c5b,7442,reference;vendor,references/legacy-codebase/software/EllSeg/maintainance/old_code/createDataloaders.py,reference
471,e67dd54f97bdc516bd0504cab395bde04811872a524bac6fae376201cfb9d226,cb13e703fad5348f7490a42c46f576e2a4678c5b,7442,reference;vendor,third/EllSeg/maintainance/old_code/createDataloaders.py,vendor
471,e67dd54f97bdc516bd0504cab395bde04811872a524bac6fae376201cfb9d226,cb13e703fad5348f7490a42c46f576e2a4678c5b,7442,reference;vendor,third/Pupil-Labs-Core-RITnet-Plugins/ritnet/Ellseg/maintainance/old_code/createDataloaders.py,vendor
472,e7a6d2d6dbc3bac72dbba47a5dc5ecedcf5c2acadf344bef0e4be5fa39d514f2,cef9d84d28fc31fe33b8079c58b57a67e28780e5,1109,maintained;reference,algorithm/common/src/EvEye/utils/scripts/validate_reproduction_artifact.py,maintained
472,e7a6d2d6dbc3bac72dbba47a5dc5ecedcf5c2acadf344bef0e4be5fa39d514f2,cef9d84d28fc31fe33b8079c58b57a67e28780e5,1109,maintained;reference,references/legacy-codebase/software/FACET/EvEye/utils/scripts/validate_reproduction_artifact.py,reference
473,e7e21b36a94273532990e5b818b8e43aed0ba3c42b4c61d6906afe57cdafd908,5bc6d743af29388bbae790dd482a454cca765ec0,365,archive;reference,algorithm/archive/imports/fecet_hbtxr/scripts/fecet_compare_eval.sh,archive
473,e7e21b36a94273532990e5b818b8e43aed0ba3c42b4c61d6906afe57cdafd908,5bc6d743af29388bbae790dd482a454cca765ec0,365,archive;reference,references/legacy-codebase/impl/FECET-HBTXR/scripts/fecet_compare_eval.sh,reference
474,e837f166c27a91bb4684eb209f12d7840e5be58c6a7776d1eb7feebdd7ff69bb,6924b81558bb34abf22eaf0ef104c9f642745194,2318,maintained;reference,quantization/references/HG-PIPE-Quantization/src/report.py,reference
474,e837f166c27a91bb4684eb209f12d7840e5be58c6a7776d1eb7feebdd7ff69bb,6924b81558bb34abf22eaf0ef104c9f642745194,2318,maintained;reference,quantization/src/report.py,maintained
474,e837f166c27a91bb4684eb209f12d7840e5be58c6a7776d1eb7feebdd7ff69bb,6924b81558bb34abf22eaf0ef104c9f642745194,2318,maintained;reference,references/legacy-codebase/hardware/HGPIPE/HG-PIPE-Quantization/hgpipe_quantization/report.py,reference
474,e837f166c27a91bb4684eb209f12d7840e5be58c6a7776d1eb7feebdd7ff69bb,6924b81558bb34abf22eaf0ef104c9f642745194,2318,maintained;reference,references/legacy-codebase/impl/HG-PIPE-Quantization/hgpipe_quantization/report.py,reference
475,e88bc896330fb8815094e578a4b72f2d5ac06978c3a8a519aabc23ddf81e6c42,840848282d26ab2f282823b360b0487404323611,12278,archive;reference,algorithm/archive/imports/fecet_hbtxr/tools/overlay_preview.py,archive
475,e88bc896330fb8815094e578a4b72f2d5ac06978c3a8a519aabc23ddf81e6c42,840848282d26ab2f282823b360b0487404323611,12278,archive;reference,references/legacy-codebase/impl/FECET-HBTXR/tools/overlay_preview.py,reference
476,e8d4ca23adc3da3a01fa18a1f06bf65a233ee4a8c7c3da0a398be828904e4193,fc220165f28b67b751305a4b0e30a44e1f16b46a,5253,maintained;reference,algorithm/common/src/EvEye/utils/scripts/benchmark_hbtxr_frame_dataloader.py,maintained
476,e8d4ca23adc3da3a01fa18a1f06bf65a233ee4a8c7c3da0a398be828904e4193,fc220165f28b67b751305a4b0e30a44e1f16b46a,5253,maintained;reference,references/legacy-codebase/software/FACET/EvEye/utils/scripts/benchmark_hbtxr_frame_dataloader.py,reference
477,e95b96c94bce4e5cb6a29ca8e107ce25638abc8e4f4e30cf255c543d0d48ad01,dd88bf1ab91daa5e3a943fde276fe7a345353078,5280,reference;vendor,references/legacy-codebase/software/EllSeg/extern/locating-objects-without-bboxes/object-locator/bmm.py,reference
477,e95b96c94bce4e5cb6a29ca8e107ce25638abc8e4f4e30cf255c543d0d48ad01,dd88bf1ab91daa5e3a943fde276fe7a345353078,5280,reference;vendor,third/EllSeg/extern/locating-objects-without-bboxes/object-locator/bmm.py,vendor
477,e95b96c94bce4e5cb6a29ca8e107ce25638abc8e4f4e30cf255c543d0d48ad01,dd88bf1ab91daa5e3a943fde276fe7a345353078,5280,reference;vendor,third/Pupil-Labs-Core-RITnet-Plugins/ritnet/Ellseg/extern/locating-objects-without-bboxes/object-locator/bmm.py,vendor
478,e9a2472b00079207223463dddd125e7800e1db37913f9ce45f4725a98f1266a7,92363cba9cf0d9fefa757e528b8d2390bee78481,1892,maintained;reference,algorithm/event/configs/DavisEyeEllipse_EventUNet.yaml,maintained
478,e9a2472b00079207223463dddd125e7800e1db37913f9ce45f4725a98f1266a7,92363cba9cf0d9fefa757e528b8d2390bee78481,1892,maintained;reference,references/legacy-codebase/software/FACET/configs/DavisEyeEllipse_EventUNet.yaml,reference
479,ea609696faf05715a79b052810dcc31090d23d80523288b285280dfa3beb36bb,224f7e4e06750683a2661b7dafc7df6eb3da05fd,9112,maintained;reference,algorithm/common/src/EvEye/utils/scripts/build_dean_dataset_from_ev_eye.py,maintained
479,ea609696faf05715a79b052810dcc31090d23d80523288b285280dfa3beb36bb,224f7e4e06750683a2661b7dafc7df6eb3da05fd,9112,maintained;reference,references/legacy-codebase/software/FACET/EvEye/utils/scripts/build_dean_dataset_from_ev_eye.py,reference
480,ea669da184e601a6c34cde643dcb945adece52ec6cd237c5b7f416ace0deba41,c55c55065e40fe2c718c5f926d0356057e319b29,3076,reference;test,algorithm/common/tests/facet/visualize_events_test.py,test
480,ea669da184e601a6c34cde643dcb945adece52ec6cd237c5b7f416ace0deba41,c55c55065e40fe2c718c5f926d0356057e319b29,3076,reference;test,references/legacy-codebase/software/FACET/tests/visualize_events_test.py,reference
481,eb04e05144c136b361ecb8ba41ad6187f51fdba9fefc250bb0156b8a978c8112,1e1ccecec8aa05ad42042cfcf50a985cdc5a22e6,4558,reference;vendor,references/legacy-codebase/software/EllSeg/dataset_generation/ExtractFuthl.py,reference
481,eb04e05144c136b361ecb8ba41ad6187f51fdba9fefc250bb0156b8a978c8112,1e1ccecec8aa05ad42042cfcf50a985cdc5a22e6,4558,reference;vendor,third/EllSeg/dataset_generation/ExtractFuthl.py,vendor
481,eb04e05144c136b361ecb8ba41ad6187f51fdba9fefc250bb0156b8a978c8112,1e1ccecec8aa05ad42042cfcf50a985cdc5a22e6,4558,reference;vendor,third/Pupil-Labs-Core-RITnet-Plugins/ritnet/Ellseg/dataset_generation/ExtractFuthl.py,vendor
482,eb7139d37ce946a930631efaf1ff83396b4e68a714a32021302d3a4bc8941ef4,d590e036164c9e50cba2272d949e7fda919ab89d,4486,reference;vendor,references/legacy-codebase/software/EllSeg/extern/locating-objects-without-bboxes/object-locator/metrics_from_results.py,reference
482,eb7139d37ce946a930631efaf1ff83396b4e68a714a32021302d3a4bc8941ef4,d590e036164c9e50cba2272d949e7fda919ab89d,4486,reference;vendor,third/EllSeg/extern/locating-objects-without-bboxes/object-locator/metrics_from_results.py,vendor
482,eb7139d37ce946a930631efaf1ff83396b4e68a714a32021302d3a4bc8941ef4,d590e036164c9e50cba2272d949e7fda919ab89d,4486,reference;vendor,third/Pupil-Labs-Core-RITnet-Plugins/ritnet/Ellseg/extern/locating-objects-without-bboxes/object-locator/metrics_from_results.py,vendor
483,ebbcd927da23b688253a543515b00450b629f7cfda1af16169e73d688475c3c8,2840f59189071366d61d78dc616e478e167d21b2,17423,maintained;reference,algorithm/common/src/EvEye/model/DavisEyeEllipse/HBTXR/Predict.py,maintained
483,ebbcd927da23b688253a543515b00450b629f7cfda1af16169e73d688475c3c8,2840f59189071366d61d78dc616e478e167d21b2,17423,maintained;reference,references/legacy-codebase/software/FACET/EvEye/model/DavisEyeEllipse/HBTXR/Predict.py,reference
484,ed896f4ab59f9653b0af073ca6ca1be7dae8e2558acca7c1a168a6c327d8f5b6,700330c4328a40ba19e079312c075361fc507750,1734,maintained;reference,algorithm/common/src/EvEye/logger/logger_factory.py,maintained
484,ed896f4ab59f9653b0af073ca6ca1be7dae8e2558acca7c1a168a6c327d8f5b6,700330c4328a40ba19e079312c075361fc507750,1734,maintained;reference,references/legacy-codebase/software/FACET/EvEye/logger/logger_factory.py,reference
485,eda68f266c22d479176b0c252bd822f3c4b5ef200234ebcc96e81cabe5f628bd,767c785ea3f9115b4775ac54cc7a8f8d5d45895d,4862,reference;test,quantization/references/HG-PIPE-Quantization/tests/test_quantization_scheme.py,reference
485,eda68f266c22d479176b0c252bd822f3c4b5ef200234ebcc96e81cabe5f628bd,767c785ea3f9115b4775ac54cc7a8f8d5d45895d,4862,reference;test,quantization/tests/test_quantization_scheme.py,test
486,edaadc011133939eb9ecba9271d7f47ce53cdcb59ff13063d8a9cf325dae88f7,4b94590af9cdf8457b67ed65768a1d3579e6fe80,14289,archive;reference,algorithm/archive/imports/fecet_hbtxr/fecet_hbtxr/model.py,archive
486,edaadc011133939eb9ecba9271d7f47ce53cdcb59ff13063d8a9cf325dae88f7,4b94590af9cdf8457b67ed65768a1d3579e6fe80,14289,archive;reference,references/legacy-codebase/impl/FECET-HBTXR/fecet_hbtxr/model.py,reference
487,edace12500f476a0fc266a07574d9524840de7baca5296e63becc86816492ffb,a6c6b555dfde683ebe3592b25285703f9e6bebde,12033,archive;reference,algorithm/archive/imports/swift_hbtxr/swift_hbtxr/interpolation.py,archive
487,edace12500f476a0fc266a07574d9524840de7baca5296e63becc86816492ffb,a6c6b555dfde683ebe3592b25285703f9e6bebde,12033,archive;reference,references/legacy-codebase/impl/SWIFT-HBTXR/swift_hbtxr/interpolation.py,reference
488,edda99b8b6ecad65d8b968499106f002b118c84e181c87f43f6daee91fde23e4,1e54defe29002c72dc4bf0f774b1972c92696abc,2071,reference;test,quantization/references/HG-PIPE-Quantization/tests/test_unittest_suite.py,reference
488,edda99b8b6ecad65d8b968499106f002b118c84e181c87f43f6daee91fde23e4,1e54defe29002c72dc4bf0f774b1972c92696abc,2071,reference;test,quantization/tests/test_unittest_suite.py,test
489,eea36881250d4d15511fa886c5f853be8078bde19c7c692a8a9ecb57db193672,59e26408b5951d6a11f3fa4910fabb9344e61bc4,187,reference;vendor,references/legacy-codebase/software/EllSeg/dataset_generation/OpenEDS_status.out,reference
489,eea36881250d4d15511fa886c5f853be8078bde19c7c692a8a9ecb57db193672,59e26408b5951d6a11f3fa4910fabb9344e61bc4,187,reference;vendor,third/EllSeg/dataset_generation/OpenEDS_status.out,vendor
489,eea36881250d4d15511fa886c5f853be8078bde19c7c692a8a9ecb57db193672,59e26408b5951d6a11f3fa4910fabb9344e61bc4,187,reference;vendor,third/Pupil-Labs-Core-RITnet-Plugins/ritnet/Ellseg/dataset_generation/OpenEDS_status.out,vendor
490,eee6b5a8b2b522146d6a6cb6d78090df1fbfe98fce73c79cbd328970ba39d594,bb6eefc45832e1a30ff15b7734832122df456508,8929066,reference;vendor,references/legacy-codebase/software/EllSeg/figures/ellseg_openeds_op.gif,reference
490,eee6b5a8b2b522146d6a6cb6d78090df1fbfe98fce73c79cbd328970ba39d594,bb6eefc45832e1a30ff15b7734832122df456508,8929066,reference;vendor,third/EllSeg/figures/ellseg_openeds_op.gif,vendor
490,eee6b5a8b2b522146d6a6cb6d78090df1fbfe98fce73c79cbd328970ba39d594,bb6eefc45832e1a30ff15b7734832122df456508,8929066,reference;vendor,third/Pupil-Labs-Core-RITnet-Plugins/ritnet/Ellseg/figures/ellseg_openeds_op.gif,vendor
491,ef935c7a9ca3ee40aab472e28451a0cf207796f94447311913a4a5d547fc2016,5a4f4ea5b5fe2b20bbccdb6957540cb047b96225,5268,archive;reference,algorithm/archive/imports/fecet_hbtxr/tools/facet_common.py,archive
491,ef935c7a9ca3ee40aab472e28451a0cf207796f94447311913a4a5d547fc2016,5a4f4ea5b5fe2b20bbccdb6957540cb047b96225,5268,archive;reference,references/legacy-codebase/impl/FECET-HBTXR/tools/facet_common.py,reference
492,f027c7931a82636cdc26a0b18abb42f1c3ef1814dbe645de0154e6067784ecb0,9a763f29cf3ddb8cf46c19a5ad024016797705fe,304395,maintained;reference,algorithm/common/src/EvEye/utils/scripts/getEventsHistgram.ipynb,maintained
492,f027c7931a82636cdc26a0b18abb42f1c3ef1814dbe645de0154e6067784ecb0,9a763f29cf3ddb8cf46c19a5ad024016797705fe,304395,maintained;reference,references/legacy-codebase/software/FACET/EvEye/utils/scripts/getEventsHistgram.ipynb,reference
493,f05b4796556eccfc7a583e93c68749fcc57496defdb1eee27602d50756220c8c,409c0f5b4cd7551c6f33a60f90533f2db8e02171,5018,maintained;reference,algorithm/common/src/EvEye/model/CitiBike/ConvLSTM.py,maintained
493,f05b4796556eccfc7a583e93c68749fcc57496defdb1eee27602d50756220c8c,409c0f5b4cd7551c6f33a60f90533f2db8e02171,5018,maintained;reference,references/legacy-codebase/software/FACET/EvEye/model/CitiBike/ConvLSTM.py,reference
494,f05cdd60bec3cb36a0e4da1fabf9ea37a0820d17ea36760e4575e25458a1eae1,d671395a9f963965f14c294f171cc51ba5a41260,335,maintained;reference,quantization/references/HG-PIPE-Quantization/src/fake_quant/__init__.py,reference
494,f05cdd60bec3cb36a0e4da1fabf9ea37a0820d17ea36760e4575e25458a1eae1,d671395a9f963965f14c294f171cc51ba5a41260,335,maintained;reference,quantization/src/fake_quant/__init__.py,maintained
494,f05cdd60bec3cb36a0e4da1fabf9ea37a0820d17ea36760e4575e25458a1eae1,d671395a9f963965f14c294f171cc51ba5a41260,335,maintained;reference,references/legacy-codebase/hardware/HGPIPE/HG-PIPE-Quantization/hgpipe_quantization/fake_quant/__init__.py,reference
494,f05cdd60bec3cb36a0e4da1fabf9ea37a0820d17ea36760e4575e25458a1eae1,d671395a9f963965f14c294f171cc51ba5a41260,335,maintained;reference,references/legacy-codebase/impl/HG-PIPE-Quantization/hgpipe_quantization/fake_quant/__init__.py,reference
495,f065b2ee3a49cf065ec3a525ce7c5a37f422ee316a255f8905a74a03e449c8a9,460c7e27650bd68767a4fb2ed15b7d7493eeba73,8525,reference;vendor,references/legacy-codebase/software/EllSeg/models/deepvog_pytorch.py,reference
495,f065b2ee3a49cf065ec3a525ce7c5a37f422ee316a255f8905a74a03e449c8a9,460c7e27650bd68767a4fb2ed15b7d7493eeba73,8525,reference;vendor,third/EllSeg/models/deepvog_pytorch.py,vendor
496,f11ab203074df15fa28cc94bd9a73250817e3a2c920f077986049c46e615cf75,dbb76dab458b8174f81c5e2f4d7590fe067ed169,18472,reference;vendor,references/legacy-codebase/software/EllSeg/CurriculumLib.py,reference
496,f11ab203074df15fa28cc94bd9a73250817e3a2c920f077986049c46e615cf75,dbb76dab458b8174f81c5e2f4d7590fe067ed169,18472,reference;vendor,third/EllSeg/CurriculumLib.py,vendor
496,f11ab203074df15fa28cc94bd9a73250817e3a2c920f077986049c46e615cf75,dbb76dab458b8174f81c5e2f4d7590fe067ed169,18472,reference;vendor,third/Pupil-Labs-Core-RITnet-Plugins/ritnet/Ellseg/CurriculumLib.py,vendor
497,f20227c6b865283c88c1e740f2b27b3d2af7ae7447fc45b7a458c74860bb002e,6b39602ca3ee3605a83fac5ae1ce8657afe39597,5510,maintained;reference,algorithm/common/src/EvEye/utils/scripts/getDavisEyeCenterDataset.py,maintained
497,f20227c6b865283c88c1e740f2b27b3d2af7ae7447fc45b7a458c74860bb002e,6b39602ca3ee3605a83fac5ae1ce8657afe39597,5510,maintained;reference,references/legacy-codebase/software/FACET/EvEye/utils/scripts/getDavisEyeCenterDataset.py,reference
498,f263f9349d5e3491e72924e9463c92cabac40b57c969f7a0ad7ca892655e8d70,e62e293686abedf8517c82dceb13f2508e9dfa95,4757,maintained;reference,quantization/references/HG-PIPE-Quantization/src/int_infer/kernels.py,reference
498,f263f9349d5e3491e72924e9463c92cabac40b57c969f7a0ad7ca892655e8d70,e62e293686abedf8517c82dceb13f2508e9dfa95,4757,maintained;reference,quantization/src/int_infer/kernels.py,maintained
498,f263f9349d5e3491e72924e9463c92cabac40b57c969f7a0ad7ca892655e8d70,e62e293686abedf8517c82dceb13f2508e9dfa95,4757,maintained;reference,references/legacy-codebase/hardware/HGPIPE/HG-PIPE-Quantization/hgpipe_quantization/int_infer/kernels.py,reference
498,f263f9349d5e3491e72924e9463c92cabac40b57c969f7a0ad7ca892655e8d70,e62e293686abedf8517c82dceb13f2508e9dfa95,4757,maintained;reference,references/legacy-codebase/impl/HG-PIPE-Quantization/hgpipe_quantization/int_infer/kernels.py,reference
499,f417fbe9e4e41923d75aecede282871e700303c0bb540f5333b56ccc7d9d23f6,c27eca66616c9809f41ac47fde7cadb85c36bc78,4757,maintained;reference,algorithm/common/src/EvEye/model/model_factory.py,maintained
499,f417fbe9e4e41923d75aecede282871e700303c0bb540f5333b56ccc7d9d23f6,c27eca66616c9809f41ac47fde7cadb85c36bc78,4757,maintained;reference,references/legacy-codebase/software/FACET/EvEye/model/model_factory.py,reference
500,f520d4ae0bed8b05515fb4e25e9cd7afcd3142a3af487e885283f3f614e7ccc6,a7ad8a91db929480480d03a1fd0a1adb084eb3ad,2064,maintained;reference,algorithm/common/src/EvEye/utils/scripts/s3_download_files.ipynb,maintained
500,f520d4ae0bed8b05515fb4e25e9cd7afcd3142a3af487e885283f3f614e7ccc6,a7ad8a91db929480480d03a1fd0a1adb084eb3ad,2064,maintained;reference,references/legacy-codebase/software/FACET/EvEye/utils/scripts/s3_download_files.ipynb,reference
501,f5f72808ff62dbd3704fb4a47f032e1dae306ea6d2c33a0563ddcc0111e7cafe,f27cadbc664baa5841d660beef826fd18d6bb0ad,1029,reference;vendor,references/legacy-codebase/software/EllSeg/dataset_generation/ProcessDatasets.sh,reference
501,f5f72808ff62dbd3704fb4a47f032e1dae306ea6d2c33a0563ddcc0111e7cafe,f27cadbc664baa5841d660beef826fd18d6bb0ad,1029,reference;vendor,third/EllSeg/dataset_generation/ProcessDatasets.sh,vendor
501,f5f72808ff62dbd3704fb4a47f032e1dae306ea6d2c33a0563ddcc0111e7cafe,f27cadbc664baa5841d660beef826fd18d6bb0ad,1029,reference;vendor,third/Pupil-Labs-Core-RITnet-Plugins/ritnet/Ellseg/dataset_generation/ProcessDatasets.sh,vendor
502,f619980a4640985fffb91c7078b7d06e66d83ba0399c152d0153036e75fe7721,75880d9437727630958c4b1932f70887a076c081,430,maintained;reference,algorithm/common/src/EvEye/model/DavisEyeEllipse/EPNet/Neck/FPN.py,maintained
502,f619980a4640985fffb91c7078b7d06e66d83ba0399c152d0153036e75fe7721,75880d9437727630958c4b1932f70887a076c081,430,maintained;reference,references/legacy-codebase/software/FACET/EvEye/model/DavisEyeEllipse/EPNet/Neck/FPN.py,reference
503,f6df0000bed676f0a4b777e2a1d915b6608dab452e11737f82c685cebf0e8ba7,8d15fe27e81cede272f98167be39596dbf33f633,136,artifact;reference,quantization/references/HG-PIPE-Quantization/reports/smoke_artifact_labels.npy,reference
503,f6df0000bed676f0a4b777e2a1d915b6608dab452e11737f82c685cebf0e8ba7,8d15fe27e81cede272f98167be39596dbf33f633,136,artifact;reference,quantization/references/HG-PIPE-Quantization/reports/smoke_patch_labels.npy,reference
503,f6df0000bed676f0a4b777e2a1d915b6608dab452e11737f82c685cebf0e8ba7,8d15fe27e81cede272f98167be39596dbf33f633,136,artifact;reference,quantization/reports/smoke_artifact_labels.npy,artifact
503,f6df0000bed676f0a4b777e2a1d915b6608dab452e11737f82c685cebf0e8ba7,8d15fe27e81cede272f98167be39596dbf33f633,136,artifact;reference,quantization/reports/smoke_patch_labels.npy,artifact
503,f6df0000bed676f0a4b777e2a1d915b6608dab452e11737f82c685cebf0e8ba7,8d15fe27e81cede272f98167be39596dbf33f633,136,artifact;reference,references/legacy-codebase/hardware/HGPIPE/HG-PIPE-Quantization/reports/smoke_artifact_labels.npy,reference
503,f6df0000bed676f0a4b777e2a1d915b6608dab452e11737f82c685cebf0e8ba7,8d15fe27e81cede272f98167be39596dbf33f633,136,artifact;reference,references/legacy-codebase/hardware/HGPIPE/HG-PIPE-Quantization/reports/smoke_patch_labels.npy,reference
503,f6df0000bed676f0a4b777e2a1d915b6608dab452e11737f82c685cebf0e8ba7,8d15fe27e81cede272f98167be39596dbf33f633,136,artifact;reference,references/legacy-codebase/impl/HG-PIPE-Quantization/reports/smoke_artifact_labels.npy,reference
503,f6df0000bed676f0a4b777e2a1d915b6608dab452e11737f82c685cebf0e8ba7,8d15fe27e81cede272f98167be39596dbf33f633,136,artifact;reference,references/legacy-codebase/impl/HG-PIPE-Quantization/reports/smoke_patch_labels.npy,reference
504,f70127b8de4110aeb6e9aa7abf04838e29ca12c51d9ac931874588c472dcec16,45bf545d7dfd4e48996361542b12d09e799d3296,190,analysis;artifact,algorithm/analysis/RESULTS/HBTXR-Frame-subjet_independent_imgsz64-epoch8/HBTXR-Frame-subjet_independent_imgsz64-epoch8_test_label_precision_floor.csv,artifact
504,f70127b8de4110aeb6e9aa7abf04838e29ca12c51d9ac931874588c472dcec16,45bf545d7dfd4e48996361542b12d09e799d3296,190,analysis;artifact,algorithm/analysis/report/FACET/evaluation/HBTXR_val_motion_eval/hbtxr_label_precision_floor.csv,analysis
505,f7134d4f8008a90492ffecdf92c338bd4aee585f46d2973912fa137a76c03575,3062af54ec43787fa5651dbc1d8ce04109af53fb,337444,archive;docs,algorithm/archive/imports/conversations/hgtxr_etri_server_hardware/by-date/undated/log.md,archive
505,f7134d4f8008a90492ffecdf92c338bd4aee585f46d2973912fa137a76c03575,3062af54ec43787fa5651dbc1d8ce04109af53fb,337444,archive;docs,hardware/docs/track/log.md,docs
506,f74e31085220b31d8fd6c0e3160a8288d52233d2a5969b911d6488ba4a23f080,789c98ab6803fb7fdd03e7b6cd9afac0ea03e7a1,3681,archive;reference,algorithm/archive/imports/swift_hbtxr/tools/interpolate_timelens.py,archive
506,f74e31085220b31d8fd6c0e3160a8288d52233d2a5969b911d6488ba4a23f080,789c98ab6803fb7fdd03e7b6cd9afac0ea03e7a1,3681,archive;reference,references/legacy-codebase/impl/SWIFT-HBTXR/tools/interpolate_timelens.py,reference
507,f7573cb5ac766e1fd5a63d58cb05489b7cc172c9d16210b76637b3bf99ebeaa4,f49ef03ca914571570d85d2da20d8cf04b7495c0,1154,maintained;reference,algorithm/common/src/EvEye/callback/callback_factory.py,maintained
507,f7573cb5ac766e1fd5a63d58cb05489b7cc172c9d16210b76637b3bf99ebeaa4,f49ef03ca914571570d85d2da20d8cf04b7495c0,1154,maintained;reference,references/legacy-codebase/software/FACET/EvEye/callback/callback_factory.py,reference
508,f7dca5be542c9d21a9bec6225f4f6c1be49cbe418b64d77e2a0954ebc89f46e7,5c91f65f76bd20ed639985c7dc99514cccb8075a,21666,reference;vendor,references/legacy-codebase/software/EllSeg/extern/locating-objects-without-bboxes/object-locator/argparser.py,reference
508,f7dca5be542c9d21a9bec6225f4f6c1be49cbe418b64d77e2a0954ebc89f46e7,5c91f65f76bd20ed639985c7dc99514cccb8075a,21666,reference;vendor,third/EllSeg/extern/locating-objects-without-bboxes/object-locator/argparser.py,vendor
508,f7dca5be542c9d21a9bec6225f4f6c1be49cbe418b64d77e2a0954ebc89f46e7,5c91f65f76bd20ed639985c7dc99514cccb8075a,21666,reference;vendor,third/Pupil-Labs-Core-RITnet-Plugins/ritnet/Ellseg/extern/locating-objects-without-bboxes/object-locator/argparser.py,vendor
509,f93bf53615686ec9cbf7bde5f9194d4bb0331609a8c635cb2ede96d954e85110,a79f70f11e7c775076bf231700ea598ebcdc17a4,12062,reference;vendor,references/legacy-codebase/software/EllSeg/extern/locating-objects-without-bboxes/object-locator/utils.py,reference
509,f93bf53615686ec9cbf7bde5f9194d4bb0331609a8c635cb2ede96d954e85110,a79f70f11e7c775076bf231700ea598ebcdc17a4,12062,reference;vendor,third/EllSeg/extern/locating-objects-without-bboxes/object-locator/utils.py,vendor
509,f93bf53615686ec9cbf7bde5f9194d4bb0331609a8c635cb2ede96d954e85110,a79f70f11e7c775076bf231700ea598ebcdc17a4,12062,reference;vendor,third/Pupil-Labs-Core-RITnet-Plugins/ritnet/Ellseg/extern/locating-objects-without-bboxes/object-locator/utils.py,vendor
510,f986e4b5e6bab73f3760b13fbc38ee67161ab4c9e0f2236dd1ea25fba005ae0f,7d67a575b341a5add34f6b433c0b3284cb570092,15895,archive;reference,algorithm/archive/imports/swift_hbtxr/docs/UPDATE_HISTORY.md,archive
510,f986e4b5e6bab73f3760b13fbc38ee67161ab4c9e0f2236dd1ea25fba005ae0f,7d67a575b341a5add34f6b433c0b3284cb570092,15895,archive;reference,references/legacy-codebase/impl/SWIFT-HBTXR/docs/UPDATE_HISTORY.md,reference
511,fb05c482e56719fcef7445ee25f937f72cd238a6e9d01ceb50c08584f951a029,622bf8cee3c078735b1c204b2dcc74bc8d94c628,7652,maintained;reference,algorithm/common/src/EvEye/utils/cache/NpyCacheFrameStack.py,maintained
511,fb05c482e56719fcef7445ee25f937f72cd238a6e9d01ceb50c08584f951a029,622bf8cee3c078735b1c204b2dcc74bc8d94c628,7652,maintained;reference,references/legacy-codebase/software/FACET/EvEye/utils/cache/NpyCacheFrameStack.py,reference
512,fb71843d77a51dbc73d603806e88951bcd012b3524f122280dcab365baae7234,f0f0dd15169df8e2fa2a03c4f7cd41e0a310f0ef,537,archive;reference,algorithm/archive/imports/fecet_hbtxr/scripts/train_stage2.sh,archive
512,fb71843d77a51dbc73d603806e88951bcd012b3524f122280dcab365baae7234,f0f0dd15169df8e2fa2a03c4f7cd41e0a310f0ef,537,archive;reference,algorithm/archive/imports/swift_hbtxr/scripts/train_stage2.sh,archive
512,fb71843d77a51dbc73d603806e88951bcd012b3524f122280dcab365baae7234,f0f0dd15169df8e2fa2a03c4f7cd41e0a310f0ef,537,archive;reference,references/legacy-codebase/impl/FECET-HBTXR/scripts/train_stage2.sh,reference
512,fb71843d77a51dbc73d603806e88951bcd012b3524f122280dcab365baae7234,f0f0dd15169df8e2fa2a03c4f7cd41e0a310f0ef,537,archive;reference,references/legacy-codebase/impl/SWIFT-HBTXR/scripts/train_stage2.sh,reference
513,fbfc975918dd497b924bc5870d7a34a7e49d2f6839b2b32bb4f0f5d94ca104c0,3289f03039ce040eb64e33a633130111e81aaf23,289,archive;reference,algorithm/archive/imports/swift_hbtxr/scripts/interpolate.sh,archive
513,fbfc975918dd497b924bc5870d7a34a7e49d2f6839b2b32bb4f0f5d94ca104c0,3289f03039ce040eb64e33a633130111e81aaf23,289,archive;reference,references/legacy-codebase/impl/SWIFT-HBTXR/scripts/interpolate.sh,reference
514,fcb709de8309e0d57228f62dabdf8e4d000987255f2f530e5fba23bcdea3218c,30cb7f296506847550fee0356e4a39cb8ada40af,483,archive;reference,algorithm/archive/imports/fecet_hbtxr/scripts/prepare_facet_gsam_dataset.sh,archive
514,fcb709de8309e0d57228f62dabdf8e4d000987255f2f530e5fba23bcdea3218c,30cb7f296506847550fee0356e4a39cb8ada40af,483,archive;reference,references/legacy-codebase/impl/FECET-HBTXR/scripts/prepare_facet_gsam_dataset.sh,reference
515,fe1e3340ec229c51e59c0f12a64d268bb89952a6dff10bed52d18fddf758e841,fe2745299d084ccfe3a976c7ce42f11fe68db276,323,archive;reference,algorithm/archive/imports/swift_hbtxr/configs/stage2_hybrid.yaml,archive
515,fe1e3340ec229c51e59c0f12a64d268bb89952a6dff10bed52d18fddf758e841,fe2745299d084ccfe3a976c7ce42f11fe68db276,323,archive;reference,references/legacy-codebase/impl/SWIFT-HBTXR/configs/stage2_hybrid.yaml,reference
516,fe903b24806aa853c5bc855bea2a34e8f31588e1583ffd582139e4b184f4f147,bc164ed131c328b48877a71789ba85ef54a56f11,32184,artifact;maintained;reference,algorithm/analysis/RESULTS/HBTXR-Frame-subjet_independent_imgsz64-epoch8/scripts/evaluate_hbtxr_frame_motion_package.py,artifact
516,fe903b24806aa853c5bc855bea2a34e8f31588e1583ffd582139e4b184f4f147,bc164ed131c328b48877a71789ba85ef54a56f11,32184,artifact;maintained;reference,algorithm/common/src/EvEye/utils/scripts/evaluate_hbtxr_frame_motion_package.py,maintained
516,fe903b24806aa853c5bc855bea2a34e8f31588e1583ffd582139e4b184f4f147,bc164ed131c328b48877a71789ba85ef54a56f11,32184,artifact;maintained;reference,references/legacy-codebase/software/FACET/EvEye/utils/scripts/evaluate_hbtxr_frame_motion_package.py,reference
517,fea3a4314e8191374ebeb348248a1c65859312b156b2cf35111737deff06faa6,3df1b94c6b0aed35eca987a8dfca5a231a2e66f1,2096,maintained;reference,algorithm/common/src/EvEye/utils/scripts/h5_to_png.py,maintained
517,fea3a4314e8191374ebeb348248a1c65859312b156b2cf35111737deff06faa6,3df1b94c6b0aed35eca987a8dfca5a231a2e66f1,2096,maintained;reference,references/legacy-codebase/software/FACET/EvEye/utils/scripts/h5_to_png.py,reference
518,ff17672ce78faa64becea65b25bf69ab96beeda8a15b3d152940c1f2183ec84d,e60e5bd52e25ba7653370ed4ac1eb59521349c53,12837,maintained;reference,algorithm/common/src/EvEye/model/DavisEyeEllipse/EPNet/EPNet.py,maintained
518,ff17672ce78faa64becea65b25bf69ab96beeda8a15b3d152940c1f2183ec84d,e60e5bd52e25ba7653370ed4ac1eb59521349c53,12837,maintained;reference,references/legacy-codebase/software/FACET/EvEye/model/DavisEyeEllipse/EPNet/EPNet.py,reference
519,ff5a1d776717c7cc34a013ed7aaeecdda6bec349b01cd8c01a3c0443ae587828,e9283bcd2a9186e69a70d6934952b83aab4ea251,36095,maintained;reference,algorithm/common/src/EvEye/utils/scripts/check_reproduction_status.py,maintained
519,ff5a1d776717c7cc34a013ed7aaeecdda6bec349b01cd8c01a3c0443ae587828,e9283bcd2a9186e69a70d6934952b83aab4ea251,36095,maintained;reference,references/legacy-codebase/software/FACET/EvEye/utils/scripts/check_reproduction_status.py,reference
