path,line,end_line,zone,symbol,rule,severity,claim_type,confidence,evidence
algorithm/analysis/annotation-analysis/scripts/01_analyze_dataset.py,18,133,analysis,main,large-function,medium,fact,high,function spans 116 lines
algorithm/analysis/annotation-analysis/scripts/01_analyze_dataset.py,18,133,analysis,main,high-branch-density,medium,inference,medium,AST branch proxy=22
algorithm/analysis/annotation-analysis/scripts/01_analyze_dataset.py,10,10,analysis,<module>,hard-coded-absolute-path,high,fact,high,python 01_analyze_dataset.py --root E:/DATASET/eveye --out ../results
algorithm/analysis/annotation-analysis/scripts/02_analyze_labels.py,22,62,analysis,analyze_h5,high-branch-density,medium,inference,medium,AST branch proxy=15
algorithm/analysis/annotation-analysis/scripts/02_analyze_labels.py,65,169,analysis,main,large-function,medium,fact,high,function spans 105 lines
algorithm/analysis/annotation-analysis/scripts/02_analyze_labels.py,65,169,analysis,main,high-branch-density,high,inference,medium,AST branch proxy=30
algorithm/analysis/annotation-analysis/scripts/02_analyze_labels.py,60,61,analysis,analyze_h5,broad-except,medium,fact,high,catches Exception
algorithm/analysis/annotation-analysis/scripts/02_analyze_labels.py,16,16,analysis,<module>,hard-coded-absolute-path,high,fact,high,python 02_analyze_labels.py --root E:/DATASET/eveye --out ../results
algorithm/analysis/annotation-analysis/scripts/03_analyze_tobii_gaze.py,41,98,analysis,parse_gaze,high-branch-density,medium,inference,medium,AST branch proxy=21
algorithm/analysis/annotation-analysis/scripts/03_analyze_tobii_gaze.py,119,182,analysis,main,large-function,medium,fact,high,function spans 64 lines
algorithm/analysis/annotation-analysis/scripts/03_analyze_tobii_gaze.py,119,182,analysis,main,high-branch-density,medium,inference,medium,AST branch proxy=18
algorithm/analysis/annotation-analysis/scripts/03_analyze_tobii_gaze.py,52,61,analysis,parse_gaze,broad-except,medium,fact,high,catches Exception
algorithm/analysis/annotation-analysis/scripts/03_analyze_tobii_gaze.py,159,160,analysis,main,broad-except,medium,fact,high,catches Exception
algorithm/analysis/annotation-analysis/scripts/03_analyze_tobii_gaze.py,14,14,analysis,<module>,hard-coded-absolute-path,high,fact,high,python 03_analyze_tobii_gaze.py --root E:/DATASET/eveye --out ../results
algorithm/analysis/annotation-analysis/scripts/04_analyze_tracking_results.py,36,120,analysis,main,large-function,medium,fact,high,function spans 85 lines
algorithm/analysis/annotation-analysis/scripts/04_analyze_tracking_results.py,36,120,analysis,main,high-branch-density,high,inference,medium,AST branch proxy=27
algorithm/analysis/annotation-analysis/scripts/04_analyze_tracking_results.py,32,33,analysis,summarize_var,broad-except,medium,fact,high,catches Exception
algorithm/analysis/annotation-analysis/scripts/04_analyze_tracking_results.py,81,82,analysis,main,broad-except,medium,fact,high,catches Exception
algorithm/analysis/annotation-analysis/scripts/04_analyze_tracking_results.py,16,16,analysis,<module>,hard-coded-absolute-path,high,fact,high,python 04_analyze_tracking_results.py --root E:/DATASET/eveye --out ../results
algorithm/analysis/annotation-analysis/scripts/04_analyze_tracking_results.py,17,17,analysis,<module>,hard-coded-absolute-path,high,fact,high,python 04_analyze_tracking_results.py --root E:/DATASET/eveye --out ../results --predict
algorithm/analysis/annotation-analysis/scripts/05_eval_annotation_quality.py,39,193,analysis,main,large-function,high,fact,high,function spans 155 lines
algorithm/analysis/annotation-analysis/scripts/05_eval_annotation_quality.py,39,193,analysis,main,high-branch-density,high,inference,medium,AST branch proxy=38
algorithm/analysis/annotation-analysis/scripts/05_eval_annotation_quality.py,87,88,analysis,main,broad-except,medium,fact,high,catches Exception
algorithm/analysis/annotation-analysis/scripts/06_v2e_synth_check.py,83,166,analysis,main,large-function,medium,fact,high,function spans 84 lines
algorithm/analysis/annotation-analysis/scripts/06_v2e_synth_check.py,83,166,analysis,main,high-branch-density,medium,inference,medium,AST branch proxy=16
algorithm/analysis/annotation-analysis/scripts/06_v2e_synth_check.py,19,19,analysis,<module>,hard-coded-absolute-path,high,fact,high,python 06_v2e_synth_check.py --root E:/DATASET/eveye --out ../results \
algorithm/analysis/annotation-analysis/scripts/evlib.py,85,129,analysis,events_summary,high-branch-density,medium,inference,medium,AST branch proxy=15
algorithm/analysis/annotation-analysis/scripts/evlib.py,250,251,analysis,load_mat_any,broad-except,medium,fact,high,catches Exception
algorithm/analysis/annotation-analysis/scripts/evlib.py,280,281,analysis,mask_stats,broad-except,medium,fact,high,catches Exception
algorithm/analysis/annotation-analysis/scripts/evlib.py,206,207,analysis,parse_via_csv,broad-except,medium,fact,high,catches Exception
algorithm/analysis/annotation-analysis/scripts/evlib.py,212,213,analysis,parse_via_csv,broad-except,medium,fact,high,catches Exception
algorithm/analysis/annotation-analysis/scripts/evlib.py,247,248,analysis,load_mat_any,broad-except,medium,fact,high,catches Exception
algorithm/analysis/annotation-analysis/scripts/run_all.py,5,5,analysis,<module>,hard-coded-absolute-path,high,fact,high,python run_all.py --root E:/DATASET/eveye --out ../results
algorithm/analysis/annotation-analysis/scripts/run_all.py,6,6,analysis,<module>,hard-coded-absolute-path,high,fact,high,python run_all.py --root E:/DATASET/eveye --out ../results --exact --predict
algorithm/analysis/annotation-analysis/scripts/run_all.py,7,7,analysis,<module>,hard-coded-absolute-path,high,fact,high,python run_all.py --root E:/DATASET/eveye --out ../results --max-users 3   # quick smoke
algorithm/analysis/data-distribution/handover-v1/04_code/build_4state_blink.py,69,125,analysis,classify_session,high-branch-density,medium,inference,medium,AST branch proxy=19
algorithm/analysis/data-distribution/handover-v1/04_code/build_4state_blink.py,128,159,analysis,build,high-branch-density,medium,inference,medium,AST branch proxy=13
algorithm/analysis/data-distribution/handover-v1/04_code/build_4state_blink.py,190,191,analysis,aggregate,broad-except,medium,fact,high,catches Exception
algorithm/analysis/data-distribution/handover-v1/04_code/build_4state_blink.py,26,26,analysis,<module>,hard-coded-absolute-path,high,fact,high,"EVEYE_ROOT=/mnt/e/DATASET/eveye python3 build_4state_blink.py            # full, all users"
algorithm/analysis/data-distribution/handover-v1/04_code/build_4state_blink.py,141,141,analysis,build,work-marker,low,fact,high,"todo = [(u, e, c) for u in users for e in EYES for c in SESSIONS"
algorithm/analysis/data-distribution/handover-v1/04_code/build_4state_blink.py,144,144,analysis,build,work-marker,low,fact,high,"f""sessions to do={len(todo)}"")"
algorithm/analysis/data-distribution/handover-v1/04_code/build_4state_blink.py,147,147,analysis,build,work-marker,low,fact,high,"for n, (u, e, c) in enumerate(todo, 1):"
algorithm/analysis/data-distribution/handover-v1/04_code/build_4state_blink.py,154,154,analysis,build,work-marker,low,fact,high,"print(f""  {n}/{len(todo)} sessions ({time.time()-t0:.0f}s)"")"
algorithm/analysis/data-distribution/handover-v1/04_code/build_excel.py,2,2,analysis,<module>,hard-coded-absolute-path,high,fact,high,"DD=""/sessions/busy-happy-newton/mnt/DATASET/codes/data-distribution"""
algorithm/analysis/data-distribution/handover-v1/04_code/build_invocation_table.py,9,9,analysis,<module>,hard-coded-absolute-path,high,fact,high,"MT=os.environ.get(""MT_CODES"",""/sessions/busy-happy-newton/mnt/DATASET/codes"")"
algorithm/analysis/data-distribution/handover-v1/04_code/build_invocation_table.py,12,12,analysis,<module>,hard-coded-absolute-path,high,fact,high,"PS=os.path.join(os.environ.get(""EVEYE_ROOT"",""/sessions/busy-happy-newton/mnt/eveye""),""DeanDataset_full_unet"",""progress_state.json"")"
algorithm/analysis/data-distribution/handover-v1/04_code/build_persubject_tables.py,88,88,analysis,<module>,hard-coded-absolute-path,high,fact,high,"print(""\n(1) All-row:\n"", t1[t1.subject=='All'].to_string(index=False))"
algorithm/analysis/data-distribution/handover-v1/04_code/build_persubject_tables.py,89,89,analysis,<module>,hard-coded-absolute-path,high,fact,high,"print(""\n(2) counts head:\n"", t2.head(4).to_string(index=False))"
algorithm/analysis/data-distribution/handover-v1/04_code/build_sec5.py,20,20,analysis,<module>,bare-except,high,fact,high,bare except catches BaseException
algorithm/analysis/data-distribution/handover-v1/04_code/build_sec5.py,30,30,analysis,<module>,bare-except,high,fact,high,bare except catches BaseException
algorithm/analysis/data-distribution/handover-v1/04_code/build_splits_4state.py,27,27,analysis,<module>,hard-coded-absolute-path,high,fact,high,"ps=json.load(open(""/sessions/busy-happy-newton/mnt/DATASET/eveye/DeanDataset_full_unet/progress_state.json""))"
algorithm/analysis/data-distribution/handover-v1/04_code/common.py,91,92,analysis,load_gt_ellipses,broad-except,medium,fact,high,catches Exception
algorithm/analysis/data-distribution/handover-v1/04_code/common.py,18,18,analysis,<module>,hard-coded-absolute-path,high,fact,high,"EVEYE_ROOT = os.environ.get(""EVEYE_ROOT"", ""/sessions/busy-happy-newton/mnt/eveye"")"
algorithm/analysis/data-distribution/handover-v1/04_code/event_4state.py,4,4,analysis,<module>,hard-coded-absolute-path,high,fact,high,"DD=""/sessions/busy-happy-newton/mnt/DATASET/codes/data-distribution"""
algorithm/analysis/data-distribution/handover-v1/04_code/event_4state.py,68,68,analysis,<module>,hard-coded-absolute-path,high,fact,high,"tmp=""/tmp/EventStream_4state.xlsx"""
algorithm/analysis/data-distribution/handover-v1/04_code/event_4state.py,82,82,analysis,<module>,hard-coded-absolute-path,high,fact,high,"shutil.copy(tmp,""/sessions/busy-happy-newton/mnt/outputs/EventStream_4state_excl.xlsx"")"
algorithm/analysis/data-distribution/handover-v1/04_code/event_4state_all.py,34,69,analysis,main,high-branch-density,medium,inference,medium,AST branch proxy=15
algorithm/analysis/data-distribution/handover-v1/04_code/event_4state_all.py,69,69,analysis,main,broad-except,medium,fact,high,catches Exception
algorithm/analysis/data-distribution/handover-v1/04_code/event_4state_all.py,40,40,analysis,main,work-marker,low,fact,high,"todo=[(u,e,c) for u in USERS_TEST for e in EYES for c in SESSIONS if (u,e,str(c)) not in done]"
algorithm/analysis/data-distribution/handover-v1/04_code/event_4state_all.py,41,41,analysis,main,work-marker,low,fact,high,"print(f""done={len(done)} todo={len(todo)}"")"
algorithm/analysis/data-distribution/handover-v1/04_code/event_4state_all.py,42,42,analysis,main,work-marker,low,fact,high,if todo:
algorithm/analysis/data-distribution/handover-v1/04_code/event_4state_all.py,45,45,analysis,main,work-marker,low,fact,high,"for rec in pool.imap_unordered(one,todo):"
algorithm/analysis/data-distribution/handover-v1/04_code/event_4state_all.py,49,49,analysis,main,work-marker,low,fact,high,"print(f""+{nd} sessions, remaining={len(todo)-nd}"")"
algorithm/analysis/data-distribution/handover-v1/04_code/event_4state_all.py,50,50,analysis,main,work-marker,low,fact,high,if len(todo)-nd>0: return
algorithm/analysis/data-distribution/handover-v1/04_code/event_4state_test.py,34,69,test,main,high-branch-density,medium,inference,medium,AST branch proxy=15
algorithm/analysis/data-distribution/handover-v1/04_code/event_4state_test.py,69,69,test,main,broad-except,medium,fact,high,catches Exception
algorithm/analysis/data-distribution/handover-v1/04_code/event_4state_test.py,40,40,test,main,work-marker,low,fact,high,"todo=[(u,e,c) for u in USERS_TEST for e in EYES for c in SESSIONS if (u,e,str(c)) not in done]"
algorithm/analysis/data-distribution/handover-v1/04_code/event_4state_test.py,41,41,test,main,work-marker,low,fact,high,"print(f""done={len(done)} todo={len(todo)}"")"
algorithm/analysis/data-distribution/handover-v1/04_code/event_4state_test.py,42,42,test,main,work-marker,low,fact,high,if todo:
algorithm/analysis/data-distribution/handover-v1/04_code/event_4state_test.py,45,45,test,main,work-marker,low,fact,high,"for rec in pool.imap_unordered(one,todo):"
algorithm/analysis/data-distribution/handover-v1/04_code/event_4state_test.py,49,49,test,main,work-marker,low,fact,high,"print(f""+{nd} sessions, remaining={len(todo)-nd}"")"
algorithm/analysis/data-distribution/handover-v1/04_code/event_4state_test.py,50,50,test,main,work-marker,low,fact,high,if len(todo)-nd>0: return
algorithm/analysis/data-distribution/handover-v1/04_code/event_aligned_err.py,12,42,analysis,build,high-branch-density,medium,inference,medium,AST branch proxy=16
algorithm/analysis/data-distribution/handover-v1/04_code/event_aligned_err.py,18,18,analysis,build,work-marker,low,fact,high,"todo=[(u,e,c) for u in USERS for e in EYES for c in [""102"",""201"",""202""] if (u,e,str(c)) not in done]"
algorithm/analysis/data-distribution/handover-v1/04_code/event_aligned_err.py,20,20,analysis,build,work-marker,low,fact,high,"for (u,eye,code) in todo:"
algorithm/analysis/data-distribution/handover-v1/04_code/event_aligned_err.py,42,42,analysis,build,work-marker,low,fact,high,"return df, len(todo)-sum(1 for _ in []) , len(todo)"
algorithm/analysis/data-distribution/handover-v1/04_code/exgaze_eval.py,15,42,analysis,extract,high-branch-density,medium,inference,medium,AST branch proxy=14
algorithm/analysis/data-distribution/handover-v1/04_code/exgaze_eval.py,9,9,analysis,<module>,hard-coded-absolute-path,high,fact,high,"PK_DIR = (""/sessions/busy-happy-newton/mnt/eveye/codes/EX-Gaze/data/user48/left/"""
algorithm/analysis/data-distribution/handover-v1/04_code/frame_aligned_err.py,26,49,analysis,build,high-branch-density,medium,inference,medium,AST branch proxy=13
algorithm/analysis/data-distribution/handover-v1/04_code/frame_aligned_err.py,8,8,analysis,<module>,hard-coded-absolute-path,high,fact,high,"PRED=""/sessions/busy-happy-newton/mnt/eveye/processed_data/Data_davis_predict"""
algorithm/analysis/data-distribution/handover-v1/04_code/frame_aligned_err.py,31,31,analysis,build,work-marker,low,fact,high,"todo=[(u,e,c) for u in USERS for e in EYES for c in [""102"",""201"",""202""] if (u,e,str(c)) not in done]"
algorithm/analysis/data-distribution/handover-v1/04_code/frame_aligned_err.py,33,33,analysis,build,work-marker,low,fact,high,"for (u,eye,code) in todo:"
algorithm/analysis/data-distribution/handover-v1/04_code/frame_aligned_err.py,49,49,analysis,build,work-marker,low,fact,high,"return df,len(todo)-proc"
algorithm/analysis/data-distribution/handover-v1/04_code/frame_center_4state.py,4,4,analysis,<module>,hard-coded-absolute-path,high,fact,high,"DD=""/sessions/busy-happy-newton/mnt/DATASET/codes/data-distribution"""
algorithm/analysis/data-distribution/handover-v1/04_code/frame_center_4state.py,85,85,analysis,<module>,hard-coded-absolute-path,high,fact,high,"tmp=""/tmp/FrameCenter_4state.xlsx"""
algorithm/analysis/data-distribution/handover-v1/04_code/frame_center_4state.py,100,100,analysis,<module>,hard-coded-absolute-path,high,fact,high,"shutil.copy(tmp,""/sessions/busy-happy-newton/mnt/outputs/FrameCenter_4state_excl.xlsx"")"
algorithm/analysis/data-distribution/handover-v1/04_code/fuse_4state_test.py,47,77,test,main,high-branch-density,medium,inference,medium,AST branch proxy=14
algorithm/analysis/data-distribution/handover-v1/04_code/fuse_4state_test.py,52,52,test,main,work-marker,low,fact,high,"todo=[(u,e,c) for u in USERS_TEST for e in EYES for c in SESSIONS if (u,e,str(c)) not in done]"
algorithm/analysis/data-distribution/handover-v1/04_code/fuse_4state_test.py,53,53,test,main,work-marker,low,fact,high,"print(f""done={len(done)} todo={len(todo)}"")"
algorithm/analysis/data-distribution/handover-v1/04_code/fuse_4state_test.py,54,54,test,main,work-marker,low,fact,high,if todo:
algorithm/analysis/data-distribution/handover-v1/04_code/fuse_4state_test.py,57,57,test,main,work-marker,low,fact,high,"for rec in pool.imap_unordered(one,todo):"
algorithm/analysis/data-distribution/handover-v1/04_code/fuse_4state_test.py,61,61,test,main,work-marker,low,fact,high,"print(f""+{nd}, remaining={len(todo)-nd}"")"
algorithm/analysis/data-distribution/handover-v1/04_code/fuse_4state_test.py,62,62,test,main,work-marker,low,fact,high,if len(todo)-nd>0: return
algorithm/analysis/data-distribution/handover-v1/04_code/invocation_designspace.py,2,2,analysis,<module>,hard-coded-absolute-path,high,fact,high,"FE=""/sessions/busy-happy-newton/mnt/eveye/processed_data/Frame_event_pupil_track_result"""
algorithm/analysis/data-distribution/handover-v1/04_code/invocation_designspace.py,3,3,analysis,<module>,hard-coded-absolute-path,high,fact,high,"DD=""/sessions/busy-happy-newton/mnt/DATASET/codes/data-distribution"""
algorithm/analysis/data-distribution/handover-v1/04_code/invocation_designspace.py,104,104,analysis,<module>,hard-coded-absolute-path,high,fact,high,"tmp=""/tmp/Invocation_designspace.xlsx"""
algorithm/analysis/data-distribution/handover-v1/04_code/invocation_designspace.py,119,119,analysis,<module>,hard-coded-absolute-path,high,fact,high,"shutil.copy(tmp,""/sessions/busy-happy-newton/mnt/outputs/Invocation_designspace.xlsx"")"
algorithm/analysis/data-distribution/handover-v1/04_code/invocation_final.py,2,2,analysis,<module>,hard-coded-absolute-path,high,fact,high,"FE=""/sessions/busy-happy-newton/mnt/eveye/processed_data/Frame_event_pupil_track_result"""
algorithm/analysis/data-distribution/handover-v1/04_code/invocation_final.py,3,3,analysis,<module>,hard-coded-absolute-path,high,fact,high,"DD=""/sessions/busy-happy-newton/mnt/DATASET/codes/data-distribution"""
algorithm/analysis/data-distribution/handover-v1/04_code/invocation_final.py,75,75,analysis,<module>,hard-coded-absolute-path,high,fact,high,"tmp=""/tmp/Invocation_final.xlsx"""
algorithm/analysis/data-distribution/handover-v1/04_code/invocation_final.py,86,86,analysis,<module>,hard-coded-absolute-path,high,fact,high,"shutil.copy(tmp,DD+""/Invocation_final.xlsx""); shutil.copy(tmp,""/sessions/busy-happy-newton/mnt/outputs/Invocation_final.xlsx"")"
algorithm/analysis/data-distribution/handover-v1/04_code/iou_frame.py,7,7,analysis,<module>,hard-coded-absolute-path,high,fact,high,"PRED=""/sessions/busy-happy-newton/mnt/eveye/processed_data/Data_davis_predict"""
algorithm/analysis/data-distribution/handover-v1/04_code/iou_frame.py,44,44,analysis,build,work-marker,low,fact,high,"todo=[(u,e,c) for u in USERS for e in EYES for c in [""102"",""201"",""202""] if (u,e,c) not in done]"
algorithm/analysis/data-distribution/handover-v1/04_code/iou_frame.py,46,46,analysis,build,work-marker,low,fact,high,"for (u,e,c) in todo:"
algorithm/analysis/data-distribution/handover-v1/04_code/iou_frame.py,53,53,analysis,build,work-marker,low,fact,high,"return res,len(todo)-proc"
algorithm/analysis/data-distribution/handover-v1/04_code/motion_labeler.py,38,80,analysis,velocity_for_session,high-branch-density,medium,inference,medium,AST branch proxy=13
algorithm/analysis/data-distribution/handover-v1/04_code/motion_labeler.py,51,52,analysis,velocity_for_session,broad-except,medium,fact,high,catches Exception
algorithm/analysis/data-distribution/handover-v1/04_code/motion_labeler.py,93,93,analysis,build,work-marker,low,fact,high,"todo = [(u, eye, code) for u in users for eye in EYES for code in [""102"",""201"",""202""]"
algorithm/analysis/data-distribution/handover-v1/04_code/motion_labeler.py,96,96,analysis,build,work-marker,low,fact,high,"for (u, eye, code) in todo:"
algorithm/analysis/data-distribution/handover-v1/04_code/motion_labeler.py,105,105,analysis,build,work-marker,low,fact,high,remaining = len(todo) - processed
algorithm/analysis/data-distribution/handover-v1/04_code/refresh_sweep.py,2,2,analysis,<module>,hard-coded-absolute-path,high,fact,high,"FE=""/sessions/busy-happy-newton/mnt/eveye/processed_data/Frame_event_pupil_track_result"""
algorithm/analysis/data-distribution/handover-v1/04_code/refresh_sweep.py,3,3,analysis,<module>,hard-coded-absolute-path,high,fact,high,"DD=""/sessions/busy-happy-newton/mnt/DATASET/codes/data-distribution"""
algorithm/analysis/data-distribution/handover-v1/04_code/refresh_sweep.py,80,80,analysis,<module>,hard-coded-absolute-path,high,fact,high,"tmp=""/tmp/Refresh_sweep.xlsx"""
algorithm/analysis/data-distribution/handover-v1/04_code/refresh_sweep.py,91,91,analysis,<module>,hard-coded-absolute-path,high,fact,high,"shutil.copy(tmp,DD+""/Refresh_sweep.xlsx""); shutil.copy(tmp,""/sessions/busy-happy-newton/mnt/outputs/Refresh_sweep.xlsx"")"
algorithm/analysis/data-distribution/handover-v1/04_code/run_test37_48.py,66,66,analysis,agg,broad-except,medium,fact,high,catches Exception
algorithm/analysis/data-distribution/handover-v1/04_code/run_test37_48.py,28,28,analysis,main,work-marker,low,fact,high,"todo = [(u, e, c) for u in USERS_TEST for e in EYES for c in SESSIONS"
algorithm/analysis/data-distribution/handover-v1/04_code/run_test37_48.py,30,30,analysis,main,work-marker,low,fact,high,"print(f""done={len(done)} todo={len(todo)} (stride={STRIDE})"")"
algorithm/analysis/data-distribution/handover-v1/04_code/run_test37_48.py,31,31,analysis,main,work-marker,low,fact,high,if not todo:
algorithm/analysis/data-distribution/handover-v1/04_code/run_test37_48.py,35,35,analysis,main,work-marker,low,fact,high,"for (u, e, c, df) in pool.imap_unordered(work, todo):"
algorithm/analysis/data-distribution/handover-v1/04_code/run_test37_48.py,43,43,analysis,main,work-marker,low,fact,high,remaining = len(todo) - newdone
algorithm/analysis/data-distribution/handover-v1/04_code/run_test_mask.py,60,60,analysis,agg,broad-except,medium,fact,high,catches Exception
algorithm/analysis/data-distribution/handover-v1/04_code/run_test_mask.py,68,68,analysis,main,work-marker,low,fact,high,"todo=[(u,e,c) for u in USERS_TEST for e in EYES for c in SESSIONS if (u,e,str(c)) not in done]"
algorithm/analysis/data-distribution/handover-v1/04_code/run_test_mask.py,69,69,analysis,main,work-marker,low,fact,high,"print(f""done={len(done)} todo={len(todo)} stride={STRIDE}"")"
algorithm/analysis/data-distribution/handover-v1/04_code/run_test_mask.py,70,70,analysis,main,work-marker,low,fact,high,"if not todo: agg(pd.concat(parts,ignore_index=True)); return"
algorithm/analysis/data-distribution/handover-v1/04_code/run_test_mask.py,73,73,analysis,main,work-marker,low,fact,high,"for df in pool.imap_unordered(classify,todo):"
algorithm/analysis/data-distribution/handover-v1/04_code/run_test_mask.py,78,78,analysis,main,work-marker,low,fact,high,"print(f""+{nd} sessions this run, remaining={len(todo)-nd}, rows={len(res)}"")"
algorithm/analysis/data-distribution/handover-v1/04_code/run_test_mask.py,79,79,analysis,main,work-marker,low,fact,high,if len(todo)-nd==0: agg(res)
algorithm/analysis/data-distribution/handover-v1/04_code/sac_aug.py,11,11,analysis,<module>,hard-coded-absolute-path,high,fact,high,"EVR=os.environ.get(""EVEYE_ROOT"",""/sessions/busy-happy-newton/mnt/eveye"")"
algorithm/analysis/data-distribution/handover-v1/04_code/sac_aug.py,14,14,analysis,<module>,hard-coded-absolute-path,high,fact,high,"MT=os.environ.get(""MT_CODES"",""/sessions/busy-happy-newton/mnt/DATASET/codes"")"
algorithm/analysis/data-distribution/handover-v1/04_code/sac_aug.py,66,66,analysis,main,work-marker,low,fact,high,"todo=[(u,e,c) for u in range(1,49) for e in [""left"",""right""] for c in SESS if (u,e,str(c)) not in done]"
algorithm/analysis/data-distribution/handover-v1/04_code/sac_aug.py,67,67,analysis,main,work-marker,low,fact,high,"print(f""done={len(done)} todo={len(todo)}"")"
algorithm/analysis/data-distribution/handover-v1/04_code/sac_aug.py,68,68,analysis,main,work-marker,low,fact,high,if todo:
algorithm/analysis/data-distribution/handover-v1/04_code/sac_aug.py,71,71,analysis,main,work-marker,low,fact,high,"for r in pool.imap_unordered(one,todo):"
algorithm/analysis/data-distribution/handover-v1/04_code/sac_aug.py,76,76,analysis,main,work-marker,low,fact,high,"print(f""+{nd}, remaining={len(todo)-nd}"")"
algorithm/analysis/data-distribution/handover-v1/04_code/sac_aug.py,77,77,analysis,main,work-marker,low,fact,high,if len(todo)-nd>0: return
algorithm/analysis/data-distribution/handover-v1/04_code/velocity4state.py,12,12,analysis,<module>,hard-coded-absolute-path,high,fact,high,"EVR=os.environ.get(""EVEYE_ROOT"",""/sessions/busy-happy-newton/mnt/eveye"")"
algorithm/analysis/data-distribution/handover-v1/04_code/velocity4state.py,14,14,analysis,<module>,hard-coded-absolute-path,high,fact,high,"MT=os.environ.get(""MT_CODES"",""/sessions/busy-happy-newton/mnt/DATASET/codes"")"
algorithm/analysis/data-distribution/handover-v1/04_code/velocity4state.py,54,54,analysis,main,work-marker,low,fact,high,"todo=[(u,e,c) for u in range(1,49) for e in [""left"",""right""] for c in SESS if (u,e,str(c)) not in done]"
algorithm/analysis/data-distribution/handover-v1/04_code/velocity4state.py,55,55,analysis,main,work-marker,low,fact,high,"print(f""done={len(done)} todo={len(todo)}"")"
algorithm/analysis/data-distribution/handover-v1/04_code/velocity4state.py,56,56,analysis,main,work-marker,low,fact,high,if todo:
algorithm/analysis/data-distribution/handover-v1/04_code/velocity4state.py,59,59,analysis,main,work-marker,low,fact,high,"for r in pool.imap_unordered(one,todo):"
algorithm/analysis/data-distribution/handover-v1/04_code/velocity4state.py,63,63,analysis,main,work-marker,low,fact,high,"pd.DataFrame(rows).to_csv(CACHE,index=False); print(f""+{nd}, remaining={len(todo)-nd}"")"
algorithm/analysis/data-distribution/handover-v1/04_code/velocity4state.py,64,64,analysis,main,work-marker,low,fact,high,if len(todo)-nd>0: return
algorithm/analysis/data-distribution/handover-v1/04_code/velocity_100ms.py,8,8,analysis,<module>,hard-coded-absolute-path,high,fact,high,"EVR=os.environ.get(""EVEYE_ROOT"",""/sessions/busy-happy-newton/mnt/eveye"")"
algorithm/analysis/data-distribution/handover-v1/04_code/velocity_100ms.py,10,10,analysis,<module>,hard-coded-absolute-path,high,fact,high,"MT=os.environ.get(""MT_CODES"",""/sessions/busy-happy-newton/mnt/DATASET/codes"")"
algorithm/analysis/data-distribution/handover-v1/04_code/velocity_100ms.py,43,43,analysis,main,work-marker,low,fact,high,"todo=[(u,e,c) for u in range(1,49) for e in [""left"",""right""] for c in SESS if (u,e,str(c)) not in done]"
algorithm/analysis/data-distribution/handover-v1/04_code/velocity_100ms.py,44,44,analysis,main,work-marker,low,fact,high,"print(f""done={len(done)} todo={len(todo)}"")"
algorithm/analysis/data-distribution/handover-v1/04_code/velocity_100ms.py,45,45,analysis,main,work-marker,low,fact,high,if todo:
algorithm/analysis/data-distribution/handover-v1/04_code/velocity_100ms.py,48,48,analysis,main,work-marker,low,fact,high,"for r in pool.imap_unordered(one,todo):"
algorithm/analysis/data-distribution/handover-v1/04_code/velocity_100ms.py,53,53,analysis,main,work-marker,low,fact,high,"print(f""+{nd}, remaining={len(todo)-nd}"")"
algorithm/analysis/data-distribution/handover-v1/04_code/velocity_100ms.py,54,54,analysis,main,work-marker,low,fact,high,if len(todo)-nd>0: return
algorithm/analysis/data-distribution/handover-v1/04_code/velocity_dist.py,9,9,analysis,<module>,hard-coded-absolute-path,high,fact,high,"EVR=os.environ.get(""EVEYE_ROOT"",""/sessions/busy-happy-newton/mnt/eveye"")"
algorithm/analysis/data-distribution/handover-v1/04_code/velocity_dist.py,11,11,analysis,<module>,hard-coded-absolute-path,high,fact,high,"MT=os.environ.get(""MT_CODES"",""/sessions/busy-happy-newton/mnt/DATASET/codes"")"
algorithm/analysis/data-distribution/handover-v1/04_code/velocity_dist.py,39,39,analysis,main,work-marker,low,fact,high,"todo=[(u,e,c) for u in range(1,49) for e in [""left"",""right""] for c in SESS if (u,e,str(c)) not in done]"
algorithm/analysis/data-distribution/handover-v1/04_code/velocity_dist.py,40,40,analysis,main,work-marker,low,fact,high,"print(f""done={len(done)} todo={len(todo)}"")"
algorithm/analysis/data-distribution/handover-v1/04_code/velocity_dist.py,41,41,analysis,main,work-marker,low,fact,high,if todo:
algorithm/analysis/data-distribution/handover-v1/04_code/velocity_dist.py,44,44,analysis,main,work-marker,low,fact,high,"for r in pool.imap_unordered(one,todo):"
algorithm/analysis/data-distribution/handover-v1/04_code/velocity_dist.py,50,50,analysis,main,work-marker,low,fact,high,"print(f""+{nd}, remaining≈{len(todo)-nd}"")"
algorithm/analysis/data-distribution/handover-v1/04_code/velocity_dist.py,51,51,analysis,main,work-marker,low,fact,high,if len(todo)-nd>0: return
algorithm/analysis/data-distribution/handover-v1/04_code/velocity_hist.py,4,4,analysis,<module>,hard-coded-absolute-path,high,fact,high,"DD=""/sessions/busy-happy-newton/mnt/DATASET/codes/data-distribution"""
algorithm/analysis/data-distribution/handover-v1/04_code/velocity_hist.py,73,73,analysis,<module>,hard-coded-absolute-path,high,fact,high,"tmp=""/tmp/Velocity_dist.xlsx"""
algorithm/analysis/data-distribution/handover-v1/04_code/velocity_hist.py,95,95,analysis,<module>,hard-coded-absolute-path,high,fact,high,"shutil.copy(tmp,""/sessions/busy-happy-newton/mnt/outputs/Velocity_distribution.xlsx"")"
algorithm/analysis/data-distribution/handover-v2/04_code/build_4state_blink.py,69,125,analysis,classify_session,high-branch-density,medium,inference,medium,AST branch proxy=19
algorithm/analysis/data-distribution/handover-v2/04_code/build_4state_blink.py,128,159,analysis,build,high-branch-density,medium,inference,medium,AST branch proxy=13
algorithm/analysis/data-distribution/handover-v2/04_code/build_4state_blink.py,190,191,analysis,aggregate,broad-except,medium,fact,high,catches Exception
algorithm/analysis/data-distribution/handover-v2/04_code/build_4state_blink.py,26,26,analysis,<module>,hard-coded-absolute-path,high,fact,high,"EVEYE_ROOT=/mnt/e/DATASET/eveye python3 build_4state_blink.py            # full, all users"
algorithm/analysis/data-distribution/handover-v2/04_code/build_4state_blink.py,141,141,analysis,build,work-marker,low,fact,high,"todo = [(u, e, c) for u in users for e in EYES for c in SESSIONS"
algorithm/analysis/data-distribution/handover-v2/04_code/build_4state_blink.py,144,144,analysis,build,work-marker,low,fact,high,"f""sessions to do={len(todo)}"")"
algorithm/analysis/data-distribution/handover-v2/04_code/build_4state_blink.py,147,147,analysis,build,work-marker,low,fact,high,"for n, (u, e, c) in enumerate(todo, 1):"
algorithm/analysis/data-distribution/handover-v2/04_code/build_4state_blink.py,154,154,analysis,build,work-marker,low,fact,high,"print(f""  {n}/{len(todo)} sessions ({time.time()-t0:.0f}s)"")"
algorithm/analysis/data-distribution/handover-v2/04_code/build_excel.py,2,2,analysis,<module>,hard-coded-absolute-path,high,fact,high,"DD=""/sessions/busy-happy-newton/mnt/DATASET/codes/data-distribution"""
algorithm/analysis/data-distribution/handover-v2/04_code/build_invocation_table.py,9,9,analysis,<module>,hard-coded-absolute-path,high,fact,high,"MT=os.environ.get(""MT_CODES"",""/sessions/busy-happy-newton/mnt/DATASET/codes"")"
algorithm/analysis/data-distribution/handover-v2/04_code/build_invocation_table.py,12,12,analysis,<module>,hard-coded-absolute-path,high,fact,high,"PS=os.path.join(os.environ.get(""EVEYE_ROOT"",""/sessions/busy-happy-newton/mnt/eveye""),""DeanDataset_full_unet"",""progress_state.json"")"
algorithm/analysis/data-distribution/handover-v2/04_code/build_persubject_tables.py,88,88,analysis,<module>,hard-coded-absolute-path,high,fact,high,"print(""\n(1) All-row:\n"", t1[t1.subject=='All'].to_string(index=False))"
algorithm/analysis/data-distribution/handover-v2/04_code/build_persubject_tables.py,89,89,analysis,<module>,hard-coded-absolute-path,high,fact,high,"print(""\n(2) counts head:\n"", t2.head(4).to_string(index=False))"
algorithm/analysis/data-distribution/handover-v2/04_code/build_sec5.py,20,20,analysis,<module>,bare-except,high,fact,high,bare except catches BaseException
algorithm/analysis/data-distribution/handover-v2/04_code/build_sec5.py,30,30,analysis,<module>,bare-except,high,fact,high,bare except catches BaseException
algorithm/analysis/data-distribution/handover-v2/04_code/build_splits_4state.py,27,27,analysis,<module>,hard-coded-absolute-path,high,fact,high,"ps=json.load(open(""/sessions/busy-happy-newton/mnt/DATASET/eveye/DeanDataset_full_unet/progress_state.json""))"
algorithm/analysis/data-distribution/handover-v2/04_code/common.py,91,92,analysis,load_gt_ellipses,broad-except,medium,fact,high,catches Exception
algorithm/analysis/data-distribution/handover-v2/04_code/common.py,18,18,analysis,<module>,hard-coded-absolute-path,high,fact,high,"EVEYE_ROOT = os.environ.get(""EVEYE_ROOT"", ""/sessions/busy-happy-newton/mnt/eveye"")"
algorithm/analysis/data-distribution/handover-v2/04_code/event_4state.py,4,4,analysis,<module>,hard-coded-absolute-path,high,fact,high,"DD=""/sessions/busy-happy-newton/mnt/DATASET/codes/data-distribution"""
algorithm/analysis/data-distribution/handover-v2/04_code/event_4state.py,68,68,analysis,<module>,hard-coded-absolute-path,high,fact,high,"tmp=""/tmp/EventStream_4state.xlsx"""
algorithm/analysis/data-distribution/handover-v2/04_code/event_4state.py,82,82,analysis,<module>,hard-coded-absolute-path,high,fact,high,"shutil.copy(tmp,""/sessions/busy-happy-newton/mnt/outputs/EventStream_4state_excl.xlsx"")"
algorithm/analysis/data-distribution/handover-v2/04_code/event_4state_all.py,34,69,analysis,main,high-branch-density,medium,inference,medium,AST branch proxy=15
algorithm/analysis/data-distribution/handover-v2/04_code/event_4state_all.py,69,69,analysis,main,broad-except,medium,fact,high,catches Exception
algorithm/analysis/data-distribution/handover-v2/04_code/event_4state_all.py,40,40,analysis,main,work-marker,low,fact,high,"todo=[(u,e,c) for u in USERS_TEST for e in EYES for c in SESSIONS if (u,e,str(c)) not in done]"
algorithm/analysis/data-distribution/handover-v2/04_code/event_4state_all.py,41,41,analysis,main,work-marker,low,fact,high,"print(f""done={len(done)} todo={len(todo)}"")"
algorithm/analysis/data-distribution/handover-v2/04_code/event_4state_all.py,42,42,analysis,main,work-marker,low,fact,high,if todo:
algorithm/analysis/data-distribution/handover-v2/04_code/event_4state_all.py,45,45,analysis,main,work-marker,low,fact,high,"for rec in pool.imap_unordered(one,todo):"
algorithm/analysis/data-distribution/handover-v2/04_code/event_4state_all.py,49,49,analysis,main,work-marker,low,fact,high,"print(f""+{nd} sessions, remaining={len(todo)-nd}"")"
algorithm/analysis/data-distribution/handover-v2/04_code/event_4state_all.py,50,50,analysis,main,work-marker,low,fact,high,if len(todo)-nd>0: return
algorithm/analysis/data-distribution/handover-v2/04_code/event_4state_test.py,34,69,test,main,high-branch-density,medium,inference,medium,AST branch proxy=15
algorithm/analysis/data-distribution/handover-v2/04_code/event_4state_test.py,69,69,test,main,broad-except,medium,fact,high,catches Exception
algorithm/analysis/data-distribution/handover-v2/04_code/event_4state_test.py,40,40,test,main,work-marker,low,fact,high,"todo=[(u,e,c) for u in USERS_TEST for e in EYES for c in SESSIONS if (u,e,str(c)) not in done]"
algorithm/analysis/data-distribution/handover-v2/04_code/event_4state_test.py,41,41,test,main,work-marker,low,fact,high,"print(f""done={len(done)} todo={len(todo)}"")"
algorithm/analysis/data-distribution/handover-v2/04_code/event_4state_test.py,42,42,test,main,work-marker,low,fact,high,if todo:
algorithm/analysis/data-distribution/handover-v2/04_code/event_4state_test.py,45,45,test,main,work-marker,low,fact,high,"for rec in pool.imap_unordered(one,todo):"
algorithm/analysis/data-distribution/handover-v2/04_code/event_4state_test.py,49,49,test,main,work-marker,low,fact,high,"print(f""+{nd} sessions, remaining={len(todo)-nd}"")"
algorithm/analysis/data-distribution/handover-v2/04_code/event_4state_test.py,50,50,test,main,work-marker,low,fact,high,if len(todo)-nd>0: return
algorithm/analysis/data-distribution/handover-v2/04_code/event_aligned_err.py,12,42,analysis,build,high-branch-density,medium,inference,medium,AST branch proxy=16
algorithm/analysis/data-distribution/handover-v2/04_code/event_aligned_err.py,18,18,analysis,build,work-marker,low,fact,high,"todo=[(u,e,c) for u in USERS for e in EYES for c in [""102"",""201"",""202""] if (u,e,str(c)) not in done]"
algorithm/analysis/data-distribution/handover-v2/04_code/event_aligned_err.py,20,20,analysis,build,work-marker,low,fact,high,"for (u,eye,code) in todo:"
algorithm/analysis/data-distribution/handover-v2/04_code/event_aligned_err.py,42,42,analysis,build,work-marker,low,fact,high,"return df, len(todo)-sum(1 for _ in []) , len(todo)"
algorithm/analysis/data-distribution/handover-v2/04_code/event_motion_raw.py,2,2,analysis,<module>,hard-coded-absolute-path,high,fact,high,"EVR=""/sessions/busy-happy-newton/mnt/eveye"""
algorithm/analysis/data-distribution/handover-v2/04_code/event_motion_raw.py,4,4,analysis,<module>,hard-coded-absolute-path,high,fact,high,"DD=""/sessions/busy-happy-newton/mnt/DATASET/codes/data-distribution"""
algorithm/analysis/data-distribution/handover-v2/04_code/exgaze_eval.py,15,42,analysis,extract,high-branch-density,medium,inference,medium,AST branch proxy=14
algorithm/analysis/data-distribution/handover-v2/04_code/exgaze_eval.py,9,9,analysis,<module>,hard-coded-absolute-path,high,fact,high,"PK_DIR = (""/sessions/busy-happy-newton/mnt/eveye/codes/EX-Gaze/data/user48/left/"""
algorithm/analysis/data-distribution/handover-v2/04_code/frame_aligned_err.py,26,49,analysis,build,high-branch-density,medium,inference,medium,AST branch proxy=13
algorithm/analysis/data-distribution/handover-v2/04_code/frame_aligned_err.py,8,8,analysis,<module>,hard-coded-absolute-path,high,fact,high,"PRED=""/sessions/busy-happy-newton/mnt/eveye/processed_data/Data_davis_predict"""
algorithm/analysis/data-distribution/handover-v2/04_code/frame_aligned_err.py,31,31,analysis,build,work-marker,low,fact,high,"todo=[(u,e,c) for u in USERS for e in EYES for c in [""102"",""201"",""202""] if (u,e,str(c)) not in done]"
algorithm/analysis/data-distribution/handover-v2/04_code/frame_aligned_err.py,33,33,analysis,build,work-marker,low,fact,high,"for (u,eye,code) in todo:"
algorithm/analysis/data-distribution/handover-v2/04_code/frame_aligned_err.py,49,49,analysis,build,work-marker,low,fact,high,"return df,len(todo)-proc"
algorithm/analysis/data-distribution/handover-v2/04_code/frame_center_4state.py,4,4,analysis,<module>,hard-coded-absolute-path,high,fact,high,"DD=""/sessions/busy-happy-newton/mnt/DATASET/codes/data-distribution"""
algorithm/analysis/data-distribution/handover-v2/04_code/frame_center_4state.py,85,85,analysis,<module>,hard-coded-absolute-path,high,fact,high,"tmp=""/tmp/FrameCenter_4state.xlsx"""
algorithm/analysis/data-distribution/handover-v2/04_code/frame_center_4state.py,100,100,analysis,<module>,hard-coded-absolute-path,high,fact,high,"shutil.copy(tmp,""/sessions/busy-happy-newton/mnt/outputs/FrameCenter_4state_excl.xlsx"")"
algorithm/analysis/data-distribution/handover-v2/04_code/fuse_4state_test.py,47,77,test,main,high-branch-density,medium,inference,medium,AST branch proxy=14
algorithm/analysis/data-distribution/handover-v2/04_code/fuse_4state_test.py,52,52,test,main,work-marker,low,fact,high,"todo=[(u,e,c) for u in USERS_TEST for e in EYES for c in SESSIONS if (u,e,str(c)) not in done]"
algorithm/analysis/data-distribution/handover-v2/04_code/fuse_4state_test.py,53,53,test,main,work-marker,low,fact,high,"print(f""done={len(done)} todo={len(todo)}"")"
algorithm/analysis/data-distribution/handover-v2/04_code/fuse_4state_test.py,54,54,test,main,work-marker,low,fact,high,if todo:
algorithm/analysis/data-distribution/handover-v2/04_code/fuse_4state_test.py,57,57,test,main,work-marker,low,fact,high,"for rec in pool.imap_unordered(one,todo):"
algorithm/analysis/data-distribution/handover-v2/04_code/fuse_4state_test.py,61,61,test,main,work-marker,low,fact,high,"print(f""+{nd}, remaining={len(todo)-nd}"")"
algorithm/analysis/data-distribution/handover-v2/04_code/fuse_4state_test.py,62,62,test,main,work-marker,low,fact,high,if len(todo)-nd>0: return
algorithm/analysis/data-distribution/handover-v2/04_code/invocation_designspace.py,2,2,analysis,<module>,hard-coded-absolute-path,high,fact,high,"FE=""/sessions/busy-happy-newton/mnt/eveye/processed_data/Frame_event_pupil_track_result"""
algorithm/analysis/data-distribution/handover-v2/04_code/invocation_designspace.py,3,3,analysis,<module>,hard-coded-absolute-path,high,fact,high,"DD=""/sessions/busy-happy-newton/mnt/DATASET/codes/data-distribution"""
algorithm/analysis/data-distribution/handover-v2/04_code/invocation_designspace.py,104,104,analysis,<module>,hard-coded-absolute-path,high,fact,high,"tmp=""/tmp/Invocation_designspace.xlsx"""
algorithm/analysis/data-distribution/handover-v2/04_code/invocation_designspace.py,119,119,analysis,<module>,hard-coded-absolute-path,high,fact,high,"shutil.copy(tmp,""/sessions/busy-happy-newton/mnt/outputs/Invocation_designspace.xlsx"")"
algorithm/analysis/data-distribution/handover-v2/04_code/invocation_final.py,2,2,analysis,<module>,hard-coded-absolute-path,high,fact,high,"FE=""/sessions/busy-happy-newton/mnt/eveye/processed_data/Frame_event_pupil_track_result"""
algorithm/analysis/data-distribution/handover-v2/04_code/invocation_final.py,3,3,analysis,<module>,hard-coded-absolute-path,high,fact,high,"DD=""/sessions/busy-happy-newton/mnt/DATASET/codes/data-distribution"""
algorithm/analysis/data-distribution/handover-v2/04_code/invocation_final.py,75,75,analysis,<module>,hard-coded-absolute-path,high,fact,high,"tmp=""/tmp/Invocation_final.xlsx"""
algorithm/analysis/data-distribution/handover-v2/04_code/invocation_final.py,86,86,analysis,<module>,hard-coded-absolute-path,high,fact,high,"shutil.copy(tmp,DD+""/Invocation_final.xlsx""); shutil.copy(tmp,""/sessions/busy-happy-newton/mnt/outputs/Invocation_final.xlsx"")"
algorithm/analysis/data-distribution/handover-v2/04_code/iou_frame.py,7,7,analysis,<module>,hard-coded-absolute-path,high,fact,high,"PRED=""/sessions/busy-happy-newton/mnt/eveye/processed_data/Data_davis_predict"""
algorithm/analysis/data-distribution/handover-v2/04_code/iou_frame.py,44,44,analysis,build,work-marker,low,fact,high,"todo=[(u,e,c) for u in USERS for e in EYES for c in [""102"",""201"",""202""] if (u,e,c) not in done]"
algorithm/analysis/data-distribution/handover-v2/04_code/iou_frame.py,46,46,analysis,build,work-marker,low,fact,high,"for (u,e,c) in todo:"
algorithm/analysis/data-distribution/handover-v2/04_code/iou_frame.py,53,53,analysis,build,work-marker,low,fact,high,"return res,len(todo)-proc"
algorithm/analysis/data-distribution/handover-v2/04_code/motion_labeler.py,38,80,analysis,velocity_for_session,high-branch-density,medium,inference,medium,AST branch proxy=13
algorithm/analysis/data-distribution/handover-v2/04_code/motion_labeler.py,51,52,analysis,velocity_for_session,broad-except,medium,fact,high,catches Exception
algorithm/analysis/data-distribution/handover-v2/04_code/motion_labeler.py,93,93,analysis,build,work-marker,low,fact,high,"todo = [(u, eye, code) for u in users for eye in EYES for code in [""102"",""201"",""202""]"
algorithm/analysis/data-distribution/handover-v2/04_code/motion_labeler.py,96,96,analysis,build,work-marker,low,fact,high,"for (u, eye, code) in todo:"
algorithm/analysis/data-distribution/handover-v2/04_code/motion_labeler.py,105,105,analysis,build,work-marker,low,fact,high,remaining = len(todo) - processed
algorithm/analysis/data-distribution/handover-v2/04_code/refresh_sweep.py,2,2,analysis,<module>,hard-coded-absolute-path,high,fact,high,"FE=""/sessions/busy-happy-newton/mnt/eveye/processed_data/Frame_event_pupil_track_result"""
algorithm/analysis/data-distribution/handover-v2/04_code/refresh_sweep.py,3,3,analysis,<module>,hard-coded-absolute-path,high,fact,high,"DD=""/sessions/busy-happy-newton/mnt/DATASET/codes/data-distribution"""
algorithm/analysis/data-distribution/handover-v2/04_code/refresh_sweep.py,80,80,analysis,<module>,hard-coded-absolute-path,high,fact,high,"tmp=""/tmp/Refresh_sweep.xlsx"""
algorithm/analysis/data-distribution/handover-v2/04_code/refresh_sweep.py,91,91,analysis,<module>,hard-coded-absolute-path,high,fact,high,"shutil.copy(tmp,DD+""/Refresh_sweep.xlsx""); shutil.copy(tmp,""/sessions/busy-happy-newton/mnt/outputs/Refresh_sweep.xlsx"")"
algorithm/analysis/data-distribution/handover-v2/04_code/run_test37_48.py,66,66,analysis,agg,broad-except,medium,fact,high,catches Exception
algorithm/analysis/data-distribution/handover-v2/04_code/run_test37_48.py,28,28,analysis,main,work-marker,low,fact,high,"todo = [(u, e, c) for u in USERS_TEST for e in EYES for c in SESSIONS"
algorithm/analysis/data-distribution/handover-v2/04_code/run_test37_48.py,30,30,analysis,main,work-marker,low,fact,high,"print(f""done={len(done)} todo={len(todo)} (stride={STRIDE})"")"
algorithm/analysis/data-distribution/handover-v2/04_code/run_test37_48.py,31,31,analysis,main,work-marker,low,fact,high,if not todo:
algorithm/analysis/data-distribution/handover-v2/04_code/run_test37_48.py,35,35,analysis,main,work-marker,low,fact,high,"for (u, e, c, df) in pool.imap_unordered(work, todo):"
algorithm/analysis/data-distribution/handover-v2/04_code/run_test37_48.py,43,43,analysis,main,work-marker,low,fact,high,remaining = len(todo) - newdone
algorithm/analysis/data-distribution/handover-v2/04_code/run_test_mask.py,60,60,analysis,agg,broad-except,medium,fact,high,catches Exception
algorithm/analysis/data-distribution/handover-v2/04_code/run_test_mask.py,68,68,analysis,main,work-marker,low,fact,high,"todo=[(u,e,c) for u in USERS_TEST for e in EYES for c in SESSIONS if (u,e,str(c)) not in done]"
algorithm/analysis/data-distribution/handover-v2/04_code/run_test_mask.py,69,69,analysis,main,work-marker,low,fact,high,"print(f""done={len(done)} todo={len(todo)} stride={STRIDE}"")"
algorithm/analysis/data-distribution/handover-v2/04_code/run_test_mask.py,70,70,analysis,main,work-marker,low,fact,high,"if not todo: agg(pd.concat(parts,ignore_index=True)); return"
algorithm/analysis/data-distribution/handover-v2/04_code/run_test_mask.py,73,73,analysis,main,work-marker,low,fact,high,"for df in pool.imap_unordered(classify,todo):"
algorithm/analysis/data-distribution/handover-v2/04_code/run_test_mask.py,78,78,analysis,main,work-marker,low,fact,high,"print(f""+{nd} sessions this run, remaining={len(todo)-nd}, rows={len(res)}"")"
algorithm/analysis/data-distribution/handover-v2/04_code/run_test_mask.py,79,79,analysis,main,work-marker,low,fact,high,if len(todo)-nd==0: agg(res)
algorithm/analysis/data-distribution/handover-v2/04_code/sac_aug.py,11,11,analysis,<module>,hard-coded-absolute-path,high,fact,high,"EVR=os.environ.get(""EVEYE_ROOT"",""/sessions/busy-happy-newton/mnt/eveye"")"
algorithm/analysis/data-distribution/handover-v2/04_code/sac_aug.py,14,14,analysis,<module>,hard-coded-absolute-path,high,fact,high,"MT=os.environ.get(""MT_CODES"",""/sessions/busy-happy-newton/mnt/DATASET/codes"")"
algorithm/analysis/data-distribution/handover-v2/04_code/sac_aug.py,66,66,analysis,main,work-marker,low,fact,high,"todo=[(u,e,c) for u in range(1,49) for e in [""left"",""right""] for c in SESS if (u,e,str(c)) not in done]"
algorithm/analysis/data-distribution/handover-v2/04_code/sac_aug.py,67,67,analysis,main,work-marker,low,fact,high,"print(f""done={len(done)} todo={len(todo)}"")"
algorithm/analysis/data-distribution/handover-v2/04_code/sac_aug.py,68,68,analysis,main,work-marker,low,fact,high,if todo:
algorithm/analysis/data-distribution/handover-v2/04_code/sac_aug.py,71,71,analysis,main,work-marker,low,fact,high,"for r in pool.imap_unordered(one,todo):"
algorithm/analysis/data-distribution/handover-v2/04_code/sac_aug.py,76,76,analysis,main,work-marker,low,fact,high,"print(f""+{nd}, remaining={len(todo)-nd}"")"
algorithm/analysis/data-distribution/handover-v2/04_code/sac_aug.py,77,77,analysis,main,work-marker,low,fact,high,if len(todo)-nd>0: return
algorithm/analysis/data-distribution/handover-v2/04_code/velocity4state.py,12,12,analysis,<module>,hard-coded-absolute-path,high,fact,high,"EVR=os.environ.get(""EVEYE_ROOT"",""/sessions/busy-happy-newton/mnt/eveye"")"
algorithm/analysis/data-distribution/handover-v2/04_code/velocity4state.py,14,14,analysis,<module>,hard-coded-absolute-path,high,fact,high,"MT=os.environ.get(""MT_CODES"",""/sessions/busy-happy-newton/mnt/DATASET/codes"")"
algorithm/analysis/data-distribution/handover-v2/04_code/velocity4state.py,54,54,analysis,main,work-marker,low,fact,high,"todo=[(u,e,c) for u in range(1,49) for e in [""left"",""right""] for c in SESS if (u,e,str(c)) not in done]"
algorithm/analysis/data-distribution/handover-v2/04_code/velocity4state.py,55,55,analysis,main,work-marker,low,fact,high,"print(f""done={len(done)} todo={len(todo)}"")"
algorithm/analysis/data-distribution/handover-v2/04_code/velocity4state.py,56,56,analysis,main,work-marker,low,fact,high,if todo:
algorithm/analysis/data-distribution/handover-v2/04_code/velocity4state.py,59,59,analysis,main,work-marker,low,fact,high,"for r in pool.imap_unordered(one,todo):"
algorithm/analysis/data-distribution/handover-v2/04_code/velocity4state.py,63,63,analysis,main,work-marker,low,fact,high,"pd.DataFrame(rows).to_csv(CACHE,index=False); print(f""+{nd}, remaining={len(todo)-nd}"")"
algorithm/analysis/data-distribution/handover-v2/04_code/velocity4state.py,64,64,analysis,main,work-marker,low,fact,high,if len(todo)-nd>0: return
algorithm/analysis/data-distribution/handover-v2/04_code/velocity_100ms.py,8,8,analysis,<module>,hard-coded-absolute-path,high,fact,high,"EVR=os.environ.get(""EVEYE_ROOT"",""/sessions/busy-happy-newton/mnt/eveye"")"
algorithm/analysis/data-distribution/handover-v2/04_code/velocity_100ms.py,10,10,analysis,<module>,hard-coded-absolute-path,high,fact,high,"MT=os.environ.get(""MT_CODES"",""/sessions/busy-happy-newton/mnt/DATASET/codes"")"
algorithm/analysis/data-distribution/handover-v2/04_code/velocity_100ms.py,43,43,analysis,main,work-marker,low,fact,high,"todo=[(u,e,c) for u in range(1,49) for e in [""left"",""right""] for c in SESS if (u,e,str(c)) not in done]"
algorithm/analysis/data-distribution/handover-v2/04_code/velocity_100ms.py,44,44,analysis,main,work-marker,low,fact,high,"print(f""done={len(done)} todo={len(todo)}"")"
algorithm/analysis/data-distribution/handover-v2/04_code/velocity_100ms.py,45,45,analysis,main,work-marker,low,fact,high,if todo:
algorithm/analysis/data-distribution/handover-v2/04_code/velocity_100ms.py,48,48,analysis,main,work-marker,low,fact,high,"for r in pool.imap_unordered(one,todo):"
algorithm/analysis/data-distribution/handover-v2/04_code/velocity_100ms.py,53,53,analysis,main,work-marker,low,fact,high,"print(f""+{nd}, remaining={len(todo)-nd}"")"
algorithm/analysis/data-distribution/handover-v2/04_code/velocity_100ms.py,54,54,analysis,main,work-marker,low,fact,high,if len(todo)-nd>0: return
algorithm/analysis/data-distribution/handover-v2/04_code/velocity_dist.py,9,9,analysis,<module>,hard-coded-absolute-path,high,fact,high,"EVR=os.environ.get(""EVEYE_ROOT"",""/sessions/busy-happy-newton/mnt/eveye"")"
algorithm/analysis/data-distribution/handover-v2/04_code/velocity_dist.py,11,11,analysis,<module>,hard-coded-absolute-path,high,fact,high,"MT=os.environ.get(""MT_CODES"",""/sessions/busy-happy-newton/mnt/DATASET/codes"")"
algorithm/analysis/data-distribution/handover-v2/04_code/velocity_dist.py,39,39,analysis,main,work-marker,low,fact,high,"todo=[(u,e,c) for u in range(1,49) for e in [""left"",""right""] for c in SESS if (u,e,str(c)) not in done]"
algorithm/analysis/data-distribution/handover-v2/04_code/velocity_dist.py,40,40,analysis,main,work-marker,low,fact,high,"print(f""done={len(done)} todo={len(todo)}"")"
algorithm/analysis/data-distribution/handover-v2/04_code/velocity_dist.py,41,41,analysis,main,work-marker,low,fact,high,if todo:
algorithm/analysis/data-distribution/handover-v2/04_code/velocity_dist.py,44,44,analysis,main,work-marker,low,fact,high,"for r in pool.imap_unordered(one,todo):"
algorithm/analysis/data-distribution/handover-v2/04_code/velocity_dist.py,50,50,analysis,main,work-marker,low,fact,high,"print(f""+{nd}, remaining≈{len(todo)-nd}"")"
algorithm/analysis/data-distribution/handover-v2/04_code/velocity_dist.py,51,51,analysis,main,work-marker,low,fact,high,if len(todo)-nd>0: return
algorithm/analysis/data-distribution/handover-v2/04_code/velocity_hist.py,4,4,analysis,<module>,hard-coded-absolute-path,high,fact,high,"DD=""/sessions/busy-happy-newton/mnt/DATASET/codes/data-distribution"""
algorithm/analysis/data-distribution/handover-v2/04_code/velocity_hist.py,73,73,analysis,<module>,hard-coded-absolute-path,high,fact,high,"tmp=""/tmp/Velocity_dist.xlsx"""
algorithm/analysis/data-distribution/handover-v2/04_code/velocity_hist.py,95,95,analysis,<module>,hard-coded-absolute-path,high,fact,high,"shutil.copy(tmp,""/sessions/busy-happy-newton/mnt/outputs/Velocity_distribution.xlsx"")"
algorithm/analysis/data-distribution/src/build_4state_blink.py,69,125,analysis,classify_session,high-branch-density,medium,inference,medium,AST branch proxy=19
algorithm/analysis/data-distribution/src/build_4state_blink.py,128,159,analysis,build,high-branch-density,medium,inference,medium,AST branch proxy=13
algorithm/analysis/data-distribution/src/build_4state_blink.py,190,191,analysis,aggregate,broad-except,medium,fact,high,catches Exception
algorithm/analysis/data-distribution/src/build_4state_blink.py,26,26,analysis,<module>,hard-coded-absolute-path,high,fact,high,"EVEYE_ROOT=/mnt/e/DATASET/eveye python3 build_4state_blink.py            # full, all users"
algorithm/analysis/data-distribution/src/build_4state_blink.py,141,141,analysis,build,work-marker,low,fact,high,"todo = [(u, e, c) for u in users for e in EYES for c in SESSIONS"
algorithm/analysis/data-distribution/src/build_4state_blink.py,144,144,analysis,build,work-marker,low,fact,high,"f""sessions to do={len(todo)}"")"
algorithm/analysis/data-distribution/src/build_4state_blink.py,147,147,analysis,build,work-marker,low,fact,high,"for n, (u, e, c) in enumerate(todo, 1):"
algorithm/analysis/data-distribution/src/build_4state_blink.py,154,154,analysis,build,work-marker,low,fact,high,"print(f""  {n}/{len(todo)} sessions ({time.time()-t0:.0f}s)"")"
algorithm/analysis/data-distribution/src/build_excel.py,2,2,analysis,<module>,hard-coded-absolute-path,high,fact,high,"DD=""/sessions/busy-happy-newton/mnt/DATASET/codes/data-distribution"""
algorithm/analysis/data-distribution/src/build_persubject_tables.py,88,88,analysis,<module>,hard-coded-absolute-path,high,fact,high,"print(""\n(1) All-row:\n"", t1[t1.subject=='All'].to_string(index=False))"
algorithm/analysis/data-distribution/src/build_persubject_tables.py,89,89,analysis,<module>,hard-coded-absolute-path,high,fact,high,"print(""\n(2) counts head:\n"", t2.head(4).to_string(index=False))"
algorithm/analysis/data-distribution/src/build_sec5.py,20,20,analysis,<module>,bare-except,high,fact,high,bare except catches BaseException
algorithm/analysis/data-distribution/src/build_sec5.py,30,30,analysis,<module>,bare-except,high,fact,high,bare except catches BaseException
algorithm/analysis/data-distribution/src/build_splits_4state.py,27,27,analysis,<module>,hard-coded-absolute-path,high,fact,high,"ps=json.load(open(""/sessions/busy-happy-newton/mnt/DATASET/eveye/DeanDataset_full_unet/progress_state.json""))"
algorithm/analysis/data-distribution/src/common.py,91,92,analysis,load_gt_ellipses,broad-except,medium,fact,high,catches Exception
algorithm/analysis/data-distribution/src/common.py,18,18,analysis,<module>,hard-coded-absolute-path,high,fact,high,"EVEYE_ROOT = os.environ.get(""EVEYE_ROOT"", ""/sessions/busy-happy-newton/mnt/eveye"")"
algorithm/analysis/data-distribution/src/event_4state_all.py,34,69,analysis,main,high-branch-density,medium,inference,medium,AST branch proxy=15
algorithm/analysis/data-distribution/src/event_4state_all.py,69,69,analysis,main,broad-except,medium,fact,high,catches Exception
algorithm/analysis/data-distribution/src/event_4state_all.py,40,40,analysis,main,work-marker,low,fact,high,"todo=[(u,e,c) for u in USERS_TEST for e in EYES for c in SESSIONS if (u,e,str(c)) not in done]"
algorithm/analysis/data-distribution/src/event_4state_all.py,41,41,analysis,main,work-marker,low,fact,high,"print(f""done={len(done)} todo={len(todo)}"")"
algorithm/analysis/data-distribution/src/event_4state_all.py,42,42,analysis,main,work-marker,low,fact,high,if todo:
algorithm/analysis/data-distribution/src/event_4state_all.py,45,45,analysis,main,work-marker,low,fact,high,"for rec in pool.imap_unordered(one,todo):"
algorithm/analysis/data-distribution/src/event_4state_all.py,49,49,analysis,main,work-marker,low,fact,high,"print(f""+{nd} sessions, remaining={len(todo)-nd}"")"
algorithm/analysis/data-distribution/src/event_4state_all.py,50,50,analysis,main,work-marker,low,fact,high,if len(todo)-nd>0: return
algorithm/analysis/data-distribution/src/event_4state_test.py,34,69,test,main,high-branch-density,medium,inference,medium,AST branch proxy=15
algorithm/analysis/data-distribution/src/event_4state_test.py,69,69,test,main,broad-except,medium,fact,high,catches Exception
algorithm/analysis/data-distribution/src/event_4state_test.py,40,40,test,main,work-marker,low,fact,high,"todo=[(u,e,c) for u in USERS_TEST for e in EYES for c in SESSIONS if (u,e,str(c)) not in done]"
algorithm/analysis/data-distribution/src/event_4state_test.py,41,41,test,main,work-marker,low,fact,high,"print(f""done={len(done)} todo={len(todo)}"")"
algorithm/analysis/data-distribution/src/event_4state_test.py,42,42,test,main,work-marker,low,fact,high,if todo:
algorithm/analysis/data-distribution/src/event_4state_test.py,45,45,test,main,work-marker,low,fact,high,"for rec in pool.imap_unordered(one,todo):"
algorithm/analysis/data-distribution/src/event_4state_test.py,49,49,test,main,work-marker,low,fact,high,"print(f""+{nd} sessions, remaining={len(todo)-nd}"")"
algorithm/analysis/data-distribution/src/event_4state_test.py,50,50,test,main,work-marker,low,fact,high,if len(todo)-nd>0: return
algorithm/analysis/data-distribution/src/event_aligned_err.py,12,42,analysis,build,high-branch-density,medium,inference,medium,AST branch proxy=16
algorithm/analysis/data-distribution/src/event_aligned_err.py,18,18,analysis,build,work-marker,low,fact,high,"todo=[(u,e,c) for u in USERS for e in EYES for c in [""102"",""201"",""202""] if (u,e,str(c)) not in done]"
algorithm/analysis/data-distribution/src/event_aligned_err.py,20,20,analysis,build,work-marker,low,fact,high,"for (u,eye,code) in todo:"
algorithm/analysis/data-distribution/src/event_aligned_err.py,42,42,analysis,build,work-marker,low,fact,high,"return df, len(todo)-sum(1 for _ in []) , len(todo)"
algorithm/analysis/data-distribution/src/exgaze_eval.py,15,42,analysis,extract,high-branch-density,medium,inference,medium,AST branch proxy=14
algorithm/analysis/data-distribution/src/exgaze_eval.py,9,9,analysis,<module>,hard-coded-absolute-path,high,fact,high,"PK_DIR = (""/sessions/busy-happy-newton/mnt/eveye/codes/EX-Gaze/data/user48/left/"""
algorithm/analysis/data-distribution/src/frame_aligned_err.py,26,49,analysis,build,high-branch-density,medium,inference,medium,AST branch proxy=13
algorithm/analysis/data-distribution/src/frame_aligned_err.py,8,8,analysis,<module>,hard-coded-absolute-path,high,fact,high,"PRED=""/sessions/busy-happy-newton/mnt/eveye/processed_data/Data_davis_predict"""
algorithm/analysis/data-distribution/src/frame_aligned_err.py,31,31,analysis,build,work-marker,low,fact,high,"todo=[(u,e,c) for u in USERS for e in EYES for c in [""102"",""201"",""202""] if (u,e,str(c)) not in done]"
algorithm/analysis/data-distribution/src/frame_aligned_err.py,33,33,analysis,build,work-marker,low,fact,high,"for (u,eye,code) in todo:"
algorithm/analysis/data-distribution/src/frame_aligned_err.py,49,49,analysis,build,work-marker,low,fact,high,"return df,len(todo)-proc"
algorithm/analysis/data-distribution/src/fuse_4state_test.py,47,77,test,main,high-branch-density,medium,inference,medium,AST branch proxy=14
algorithm/analysis/data-distribution/src/fuse_4state_test.py,52,52,test,main,work-marker,low,fact,high,"todo=[(u,e,c) for u in USERS_TEST for e in EYES for c in SESSIONS if (u,e,str(c)) not in done]"
algorithm/analysis/data-distribution/src/fuse_4state_test.py,53,53,test,main,work-marker,low,fact,high,"print(f""done={len(done)} todo={len(todo)}"")"
algorithm/analysis/data-distribution/src/fuse_4state_test.py,54,54,test,main,work-marker,low,fact,high,if todo:
algorithm/analysis/data-distribution/src/fuse_4state_test.py,57,57,test,main,work-marker,low,fact,high,"for rec in pool.imap_unordered(one,todo):"
algorithm/analysis/data-distribution/src/fuse_4state_test.py,61,61,test,main,work-marker,low,fact,high,"print(f""+{nd}, remaining={len(todo)-nd}"")"
algorithm/analysis/data-distribution/src/fuse_4state_test.py,62,62,test,main,work-marker,low,fact,high,if len(todo)-nd>0: return
algorithm/analysis/data-distribution/src/iou_frame.py,7,7,analysis,<module>,hard-coded-absolute-path,high,fact,high,"PRED=""/sessions/busy-happy-newton/mnt/eveye/processed_data/Data_davis_predict"""
algorithm/analysis/data-distribution/src/iou_frame.py,44,44,analysis,build,work-marker,low,fact,high,"todo=[(u,e,c) for u in USERS for e in EYES for c in [""102"",""201"",""202""] if (u,e,c) not in done]"
algorithm/analysis/data-distribution/src/iou_frame.py,46,46,analysis,build,work-marker,low,fact,high,"for (u,e,c) in todo:"
algorithm/analysis/data-distribution/src/iou_frame.py,53,53,analysis,build,work-marker,low,fact,high,"return res,len(todo)-proc"
algorithm/analysis/data-distribution/src/motion_labeler.py,38,80,analysis,velocity_for_session,high-branch-density,medium,inference,medium,AST branch proxy=13
algorithm/analysis/data-distribution/src/motion_labeler.py,51,52,analysis,velocity_for_session,broad-except,medium,fact,high,catches Exception
algorithm/analysis/data-distribution/src/motion_labeler.py,93,93,analysis,build,work-marker,low,fact,high,"todo = [(u, eye, code) for u in users for eye in EYES for code in [""102"",""201"",""202""]"
algorithm/analysis/data-distribution/src/motion_labeler.py,96,96,analysis,build,work-marker,low,fact,high,"for (u, eye, code) in todo:"
algorithm/analysis/data-distribution/src/motion_labeler.py,105,105,analysis,build,work-marker,low,fact,high,remaining = len(todo) - processed
algorithm/analysis/data-distribution/src/run_test37_48.py,66,66,analysis,agg,broad-except,medium,fact,high,catches Exception
algorithm/analysis/data-distribution/src/run_test37_48.py,28,28,analysis,main,work-marker,low,fact,high,"todo = [(u, e, c) for u in USERS_TEST for e in EYES for c in SESSIONS"
algorithm/analysis/data-distribution/src/run_test37_48.py,30,30,analysis,main,work-marker,low,fact,high,"print(f""done={len(done)} todo={len(todo)} (stride={STRIDE})"")"
algorithm/analysis/data-distribution/src/run_test37_48.py,31,31,analysis,main,work-marker,low,fact,high,if not todo:
algorithm/analysis/data-distribution/src/run_test37_48.py,35,35,analysis,main,work-marker,low,fact,high,"for (u, e, c, df) in pool.imap_unordered(work, todo):"
algorithm/analysis/data-distribution/src/run_test37_48.py,43,43,analysis,main,work-marker,low,fact,high,remaining = len(todo) - newdone
algorithm/analysis/data-distribution/src/run_test_mask.py,60,60,analysis,agg,broad-except,medium,fact,high,catches Exception
algorithm/analysis/data-distribution/src/run_test_mask.py,68,68,analysis,main,work-marker,low,fact,high,"todo=[(u,e,c) for u in USERS_TEST for e in EYES for c in SESSIONS if (u,e,str(c)) not in done]"
algorithm/analysis/data-distribution/src/run_test_mask.py,69,69,analysis,main,work-marker,low,fact,high,"print(f""done={len(done)} todo={len(todo)} stride={STRIDE}"")"
algorithm/analysis/data-distribution/src/run_test_mask.py,70,70,analysis,main,work-marker,low,fact,high,"if not todo: agg(pd.concat(parts,ignore_index=True)); return"
algorithm/analysis/data-distribution/src/run_test_mask.py,73,73,analysis,main,work-marker,low,fact,high,"for df in pool.imap_unordered(classify,todo):"
algorithm/analysis/data-distribution/src/run_test_mask.py,78,78,analysis,main,work-marker,low,fact,high,"print(f""+{nd} sessions this run, remaining={len(todo)-nd}, rows={len(res)}"")"
algorithm/analysis/data-distribution/src/run_test_mask.py,79,79,analysis,main,work-marker,low,fact,high,if len(todo)-nd==0: agg(res)
algorithm/analysis/data-distribution/src/sac_aug.py,11,11,analysis,<module>,hard-coded-absolute-path,high,fact,high,"EVR=os.environ.get(""EVEYE_ROOT"",""/sessions/busy-happy-newton/mnt/eveye"")"
algorithm/analysis/data-distribution/src/sac_aug.py,14,14,analysis,<module>,hard-coded-absolute-path,high,fact,high,"MT=os.environ.get(""MT_CODES"",""/sessions/busy-happy-newton/mnt/DATASET/codes"")"
algorithm/analysis/data-distribution/src/sac_aug.py,66,66,analysis,main,work-marker,low,fact,high,"todo=[(u,e,c) for u in range(1,49) for e in [""left"",""right""] for c in SESS if (u,e,str(c)) not in done]"
algorithm/analysis/data-distribution/src/sac_aug.py,67,67,analysis,main,work-marker,low,fact,high,"print(f""done={len(done)} todo={len(todo)}"")"
algorithm/analysis/data-distribution/src/sac_aug.py,68,68,analysis,main,work-marker,low,fact,high,if todo:
algorithm/analysis/data-distribution/src/sac_aug.py,71,71,analysis,main,work-marker,low,fact,high,"for r in pool.imap_unordered(one,todo):"
algorithm/analysis/data-distribution/src/sac_aug.py,76,76,analysis,main,work-marker,low,fact,high,"print(f""+{nd}, remaining={len(todo)-nd}"")"
algorithm/analysis/data-distribution/src/sac_aug.py,77,77,analysis,main,work-marker,low,fact,high,if len(todo)-nd>0: return
algorithm/analysis/data-distribution/src/velocity_100ms.py,8,8,analysis,<module>,hard-coded-absolute-path,high,fact,high,"EVR=os.environ.get(""EVEYE_ROOT"",""/sessions/busy-happy-newton/mnt/eveye"")"
algorithm/analysis/data-distribution/src/velocity_100ms.py,10,10,analysis,<module>,hard-coded-absolute-path,high,fact,high,"MT=os.environ.get(""MT_CODES"",""/sessions/busy-happy-newton/mnt/DATASET/codes"")"
algorithm/analysis/data-distribution/src/velocity_100ms.py,43,43,analysis,main,work-marker,low,fact,high,"todo=[(u,e,c) for u in range(1,49) for e in [""left"",""right""] for c in SESS if (u,e,str(c)) not in done]"
algorithm/analysis/data-distribution/src/velocity_100ms.py,44,44,analysis,main,work-marker,low,fact,high,"print(f""done={len(done)} todo={len(todo)}"")"
algorithm/analysis/data-distribution/src/velocity_100ms.py,45,45,analysis,main,work-marker,low,fact,high,if todo:
algorithm/analysis/data-distribution/src/velocity_100ms.py,48,48,analysis,main,work-marker,low,fact,high,"for r in pool.imap_unordered(one,todo):"
algorithm/analysis/data-distribution/src/velocity_100ms.py,53,53,analysis,main,work-marker,low,fact,high,"print(f""+{nd}, remaining={len(todo)-nd}"")"
algorithm/analysis/data-distribution/src/velocity_100ms.py,54,54,analysis,main,work-marker,low,fact,high,if len(todo)-nd>0: return
algorithm/analysis/data-distribution/src/velocity_dist.py,9,9,analysis,<module>,hard-coded-absolute-path,high,fact,high,"EVR=os.environ.get(""EVEYE_ROOT"",""/sessions/busy-happy-newton/mnt/eveye"")"
algorithm/analysis/data-distribution/src/velocity_dist.py,11,11,analysis,<module>,hard-coded-absolute-path,high,fact,high,"MT=os.environ.get(""MT_CODES"",""/sessions/busy-happy-newton/mnt/DATASET/codes"")"
algorithm/analysis/data-distribution/src/velocity_dist.py,39,39,analysis,main,work-marker,low,fact,high,"todo=[(u,e,c) for u in range(1,49) for e in [""left"",""right""] for c in SESS if (u,e,str(c)) not in done]"
algorithm/analysis/data-distribution/src/velocity_dist.py,40,40,analysis,main,work-marker,low,fact,high,"print(f""done={len(done)} todo={len(todo)}"")"
algorithm/analysis/data-distribution/src/velocity_dist.py,41,41,analysis,main,work-marker,low,fact,high,if todo:
algorithm/analysis/data-distribution/src/velocity_dist.py,44,44,analysis,main,work-marker,low,fact,high,"for r in pool.imap_unordered(one,todo):"
algorithm/analysis/data-distribution/src/velocity_dist.py,50,50,analysis,main,work-marker,low,fact,high,"print(f""+{nd}, remaining≈{len(todo)-nd}"")"
algorithm/analysis/data-distribution/src/velocity_dist.py,51,51,analysis,main,work-marker,low,fact,high,if len(todo)-nd>0: return
algorithm/analysis/motion-label-packages/code/build_rowlabels_test.py,7,7,test,<module>,hard-coded-absolute-path,high,fact,high,"EV=""/sessions/busy-happy-newton/mnt/eveye"""
algorithm/analysis/motion-label-packages/code/build_rowlabels_test.py,9,9,test,<module>,hard-coded-absolute-path,high,fact,high,"CD=""/sessions/busy-happy-newton/mnt/DATASET/codes/data-distribution"""
algorithm/analysis/motion-label-packages/code/build_rowlabels_test.py,10,10,test,<module>,hard-coded-absolute-path,high,fact,high,"OUT=""/tmp/rowlabels_parts""; os.makedirs(OUT,exist_ok=True)"
algorithm/analysis/motion-label-packages/code/common.py,91,92,analysis,load_gt_ellipses,broad-except,medium,fact,high,catches Exception
algorithm/analysis/motion-label-packages/code/common.py,18,18,analysis,<module>,hard-coded-absolute-path,high,fact,high,"EVEYE_ROOT = os.environ.get(""EVEYE_ROOT"", ""/sessions/busy-happy-newton/mnt/eveye"")"
algorithm/analysis/motion-label-packages/code/motion_labeler.py,38,80,analysis,velocity_for_session,high-branch-density,medium,inference,medium,AST branch proxy=13
algorithm/analysis/motion-label-packages/code/motion_labeler.py,51,52,analysis,velocity_for_session,broad-except,medium,fact,high,catches Exception
algorithm/analysis/motion-label-packages/code/motion_labeler.py,93,93,analysis,build,work-marker,low,fact,high,"todo = [(u, eye, code) for u in users for eye in EYES for code in [""102"",""201"",""202""]"
algorithm/analysis/motion-label-packages/code/motion_labeler.py,96,96,analysis,build,work-marker,low,fact,high,"for (u, eye, code) in todo:"
algorithm/analysis/motion-label-packages/code/motion_labeler.py,105,105,analysis,build,work-marker,low,fact,high,remaining = len(todo) - processed
algorithm/analysis/motion-label-packages/code/velocity_dist.py,9,9,analysis,<module>,hard-coded-absolute-path,high,fact,high,"EVR=os.environ.get(""EVEYE_ROOT"",""/sessions/busy-happy-newton/mnt/eveye"")"
algorithm/analysis/motion-label-packages/code/velocity_dist.py,11,11,analysis,<module>,hard-coded-absolute-path,high,fact,high,"MT=os.environ.get(""MT_CODES"",""/sessions/busy-happy-newton/mnt/DATASET/codes"")"
algorithm/analysis/motion-label-packages/code/velocity_dist.py,39,39,analysis,main,work-marker,low,fact,high,"todo=[(u,e,c) for u in range(1,49) for e in [""left"",""right""] for c in SESS if (u,e,str(c)) not in done]"
algorithm/analysis/motion-label-packages/code/velocity_dist.py,40,40,analysis,main,work-marker,low,fact,high,"print(f""done={len(done)} todo={len(todo)}"")"
algorithm/analysis/motion-label-packages/code/velocity_dist.py,41,41,analysis,main,work-marker,low,fact,high,if todo:
algorithm/analysis/motion-label-packages/code/velocity_dist.py,44,44,analysis,main,work-marker,low,fact,high,"for r in pool.imap_unordered(one,todo):"
algorithm/analysis/motion-label-packages/code/velocity_dist.py,50,50,analysis,main,work-marker,low,fact,high,"print(f""+{nd}, remaining≈{len(todo)-nd}"")"
algorithm/analysis/motion-label-packages/code/velocity_dist.py,51,51,analysis,main,work-marker,low,fact,high,if len(todo)-nd>0: return
algorithm/analysis/report/FACET/operations/audit_reproduction_completion_2026-06-26.py,8,8,analysis,<module>,hard-coded-absolute-path,high,fact,high,"ROOT = Path(""/home/kjm26/project/PRJXR/HBTXR"")"
algorithm/analysis/report/FACET/operations/summarize_missing_gates_2026-06-26.py,132,196,analysis,build_summary,large-function,medium,fact,high,function spans 65 lines
algorithm/analysis/report/FACET/operations/summarize_missing_gates_2026-06-26.py,15,15,analysis,<module>,hard-coded-absolute-path,high,fact,high,"ROOT = Path(""/home/kjm26/project/PRJXR/HBTXR"")"
algorithm/analysis/scripts/build_eveye_exgaze_training_manifests.py,206,270,analysis,main,large-function,medium,fact,high,function spans 65 lines
algorithm/analysis/scripts/build_eveye_exgaze_training_manifests.py,42,42,analysis,parse_shape_dtype,dynamic-execution,high,fact,high,eval
algorithm/analysis/scripts/build_eveye_exgaze_training_manifests.py,16,16,analysis,<module>,hard-coded-absolute-path,high,fact,high,"""/home/kjm26/project/dataset/XR/EV_Eye/raw_data/"""
algorithm/analysis/scripts/build_eveye_exgaze_training_manifests.py,19,19,analysis,<module>,hard-coded-absolute-path,high,fact,high,"DEFAULT_RAW_DAVIS_ROOT = Path(""/home/kjm26/project/dataset/XR/EV_Eye/raw_data/Data_davis"")"
algorithm/analysis/scripts/build_eveye_exgaze_training_manifests.py,20,20,analysis,<module>,hard-coded-absolute-path,high,fact,high,"DEFAULT_TARGET_BASE = Path(""/home/kjm26/project/dataset/XR/EV_Eye/target_data"")"
algorithm/analysis/scripts/create_retina_ervt_jetcas_tables.py,101,101,analysis,sheet_xml,hard-coded-absolute-path,high,fact,high,"'<worksheet xmlns=""http://schemas.openxmlformats.org/spreadsheetml/2006/main"" '"
algorithm/analysis/scripts/create_retina_ervt_jetcas_tables.py,102,102,analysis,sheet_xml,hard-coded-absolute-path,high,fact,high,"'xmlns:r=""http://schemas.openxmlformats.org/officeDocument/2006/relationships"">'"
algorithm/analysis/scripts/create_retina_ervt_jetcas_tables.py,117,117,analysis,workbook_xml,hard-coded-absolute-path,high,fact,high,"'<workbook xmlns=""http://schemas.openxmlformats.org/spreadsheetml/2006/main"" '"
algorithm/analysis/scripts/create_retina_ervt_jetcas_tables.py,118,118,analysis,workbook_xml,hard-coded-absolute-path,high,fact,high,"'xmlns:r=""http://schemas.openxmlformats.org/officeDocument/2006/relationships"">'"
algorithm/analysis/scripts/create_retina_ervt_jetcas_tables.py,126,126,analysis,workbook_rels_xml,hard-coded-absolute-path,high,fact,high,"f'<Relationship Id=""rId{i + 1}"" Type=""http://schemas.openxmlformats.org/officeDocument/2006/relationships/worksheet"" Target=""worksheets/sheet{i + 1}.xml""/>'"
algorithm/analysis/scripts/create_retina_ervt_jetcas_tables.py,126,126,analysis,workbook_rels_xml,very-long-line,low,fact,high,line length=164
algorithm/analysis/scripts/create_retina_ervt_jetcas_tables.py,130,130,analysis,workbook_rels_xml,hard-coded-absolute-path,high,fact,high,"f'<Relationship Id=""rId{sheet_count + 1}"" Type=""http://schemas.openxmlformats.org/officeDocument/2006/relationships/styles"" Target=""styles.xml""/>'"
algorithm/analysis/scripts/create_retina_ervt_jetcas_tables.py,134,134,analysis,workbook_rels_xml,hard-coded-absolute-path,high,fact,high,"'<Relationships xmlns=""http://schemas.openxmlformats.org/package/2006/relationships"">'"
algorithm/analysis/scripts/create_retina_ervt_jetcas_tables.py,153,153,analysis,content_types_xml,hard-coded-absolute-path,high,fact,high,"'<Types xmlns=""http://schemas.openxmlformats.org/package/2006/content-types"">'"
algorithm/analysis/scripts/create_retina_ervt_jetcas_tables.py,164,164,analysis,styles_xml,hard-coded-absolute-path,high,fact,high,"'<styleSheet xmlns=""http://schemas.openxmlformats.org/spreadsheetml/2006/main"">'"
algorithm/analysis/scripts/create_retina_ervt_jetcas_tables.py,183,183,analysis,write_xlsx,hard-coded-absolute-path,high,fact,high,"'<Relationships xmlns=""http://schemas.openxmlformats.org/package/2006/relationships"">'"
algorithm/analysis/scripts/create_retina_ervt_jetcas_tables.py,184,184,analysis,write_xlsx,hard-coded-absolute-path,high,fact,high,"'<Relationship Id=""rId1"" Type=""http://schemas.openxmlformats.org/officeDocument/2006/relationships/officeDocument"" Target=""xl/workbook.xml""/>'"
algorithm/analysis/scripts/create_retina_ervt_jetcas_tables.py,185,185,analysis,write_xlsx,hard-coded-absolute-path,high,fact,high,"'<Relationship Id=""rId2"" Type=""http://schemas.openxmlformats.org/package/2006/relationships/metadata/core-properties"" Target=""docProps/core.xml""/>'"
algorithm/analysis/scripts/create_retina_ervt_jetcas_tables.py,186,186,analysis,write_xlsx,hard-coded-absolute-path,high,fact,high,"'<Relationship Id=""rId3"" Type=""http://schemas.openxmlformats.org/officeDocument/2006/relationships/extended-properties"" Target=""docProps/app.xml""/>'"
algorithm/analysis/scripts/create_retina_ervt_jetcas_tables.py,197,197,analysis,write_xlsx,hard-coded-absolute-path,high,fact,high,"'<cp:coreProperties xmlns:cp=""http://schemas.openxmlformats.org/package/2006/metadata/core-properties"" '"
algorithm/analysis/scripts/create_retina_ervt_jetcas_tables.py,198,198,analysis,write_xlsx,hard-coded-absolute-path,high,fact,high,"'xmlns:dc=""http://purl.org/dc/elements/1.1/"" '"
algorithm/analysis/scripts/create_retina_ervt_jetcas_tables.py,199,199,analysis,write_xlsx,hard-coded-absolute-path,high,fact,high,"'xmlns:dcterms=""http://purl.org/dc/terms/"" '"
algorithm/analysis/scripts/create_retina_ervt_jetcas_tables.py,200,200,analysis,write_xlsx,hard-coded-absolute-path,high,fact,high,"'xmlns:dcmitype=""http://purl.org/dc/dcmitype/"" '"
algorithm/analysis/scripts/create_retina_ervt_jetcas_tables.py,201,201,analysis,write_xlsx,hard-coded-absolute-path,high,fact,high,"'xmlns:xsi=""http://www.w3.org/2001/XMLSchema-instance"">'"
algorithm/analysis/scripts/create_retina_ervt_jetcas_tables.py,210,210,analysis,write_xlsx,hard-coded-absolute-path,high,fact,high,"'<Properties xmlns=""http://schemas.openxmlformats.org/officeDocument/2006/extended-properties"" '"
algorithm/analysis/scripts/create_retina_ervt_jetcas_tables.py,211,211,analysis,write_xlsx,hard-coded-absolute-path,high,fact,high,"'xmlns:vt=""http://schemas.openxmlformats.org/officeDocument/2006/docPropsVTypes"">'"
algorithm/analysis/scripts/export_eveye_exgaze_hybrid_dataset.py,251,370,analysis,export_split,large-function,medium,fact,high,function spans 120 lines
algorithm/analysis/scripts/export_eveye_exgaze_hybrid_dataset.py,39,39,analysis,_parse_shape_dtype,dynamic-execution,high,fact,high,eval
algorithm/analysis/scripts/export_eveye_exgaze_hybrid_dataset.py,18,18,analysis,<module>,hard-coded-absolute-path,high,fact,high,"""/home/kjm26/project/dataset/XR/EV_Eye/raw_data/"""
algorithm/analysis/scripts/export_eveye_exgaze_hybrid_dataset.py,21,21,analysis,<module>,hard-coded-absolute-path,high,fact,high,"DEFAULT_RAW_DAVIS_ROOT = Path(""/home/kjm26/project/dataset/XR/EV_Eye/raw_data/Data_davis"")"
algorithm/analysis/scripts/export_eveye_exgaze_hybrid_dataset.py,22,22,analysis,<module>,hard-coded-absolute-path,high,fact,high,"DEFAULT_TARGET_BASE = Path(""/home/kjm26/project/dataset/XR/EV_Eye/target_data"")"
algorithm/analysis/scripts/fill_brat_error_distribution.py,167,243,analysis,main,large-function,medium,fact,high,function spans 77 lines
algorithm/analysis/scripts/fill_brat_error_distribution.py,37,37,analysis,parse_args,very-long-line,low,fact,high,line length=161
algorithm/analysis/scripts/fill_brat_error_distribution.py,57,57,analysis,parse_args,very-long-line,low,fact,high,line length=179
algorithm/analysis/scripts/fill_facet_ellipse_error_distribution.py,143,233,analysis,run_or_load_predictions,large-function,medium,fact,high,function spans 91 lines
algorithm/analysis/scripts/fill_facet_ellipse_error_distribution.py,143,233,analysis,run_or_load_predictions,high-branch-density,medium,inference,medium,AST branch proxy=13
algorithm/analysis/scripts/fill_facet_ellipse_error_distribution.py,130,130,analysis,load_model,dynamic-execution,high,fact,high,eval
algorithm/analysis/scripts/fill_hbtxr_error_distribution.py,178,178,analysis,<module>,hard-coded-absolute-path,high,fact,high,"XLS_NS = ""http://schemas.openxmlformats.org/spreadsheetml/2006/main"""
algorithm/analysis/scripts/fill_hbtxr_error_distribution.py,179,179,analysis,<module>,hard-coded-absolute-path,high,fact,high,"REL_NS = ""http://schemas.openxmlformats.org/officeDocument/2006/relationships"""
algorithm/analysis/scripts/fill_hbtxr_error_distribution.py,180,180,analysis,<module>,hard-coded-absolute-path,high,fact,high,"PKG_REL_NS = ""http://schemas.openxmlformats.org/package/2006/relationships"""
algorithm/analysis/scripts/fill_sequence_center_error_distribution.py,184,271,analysis,run_or_load_predictions,large-function,medium,fact,high,function spans 88 lines
algorithm/analysis/scripts/fill_sequence_center_error_distribution.py,184,271,analysis,run_or_load_predictions,high-branch-density,medium,inference,medium,AST branch proxy=14
algorithm/analysis/scripts/fill_sequence_center_error_distribution.py,135,135,analysis,load_model,dynamic-execution,high,fact,high,eval
algorithm/analysis/scripts/fill_sequence_center_error_distribution.py,98,98,analysis,dataset_cfg_from_config,hard-coded-absolute-path,high,fact,high,"""root_path"": Path(""/home/kjm26/project/dataset/XR/EV_Eye/raw_data/DeanDataset_full_unet_subject_independent""),"
algorithm/analysis/scripts/fill_sequence_center_error_distribution.py,350,350,analysis,<module>,hard-coded-absolute-path,high,fact,high,"XLS_NS = ""http://schemas.openxmlformats.org/spreadsheetml/2006/main"""
algorithm/analysis/scripts/fill_sequence_center_error_distribution.py,351,351,analysis,<module>,hard-coded-absolute-path,high,fact,high,"REL_NS = ""http://schemas.openxmlformats.org/officeDocument/2006/relationships"""
algorithm/analysis/scripts/fill_sequence_center_error_distribution.py,352,352,analysis,<module>,hard-coded-absolute-path,high,fact,high,"PKG_REL_NS = ""http://schemas.openxmlformats.org/package/2006/relationships"""
algorithm/analysis/scripts/fill_tdtracker_error_distribution.py,182,253,analysis,run_or_load_predictions,large-function,medium,fact,high,function spans 72 lines
algorithm/analysis/scripts/fill_tdtracker_error_distribution.py,182,253,analysis,run_or_load_predictions,high-branch-density,medium,inference,medium,AST branch proxy=15
algorithm/analysis/scripts/fill_tdtracker_error_distribution.py,178,178,analysis,load_model,dynamic-execution,high,fact,high,eval
algorithm/analysis/scripts/fill_tdtracker_error_distribution.py,38,38,analysis,parse_args,hard-coded-absolute-path,high,fact,high,"default=Path(""/home/kjm26/project/dataset/XR/EV_Eye/target_data/tdtracker_hbtxr_img64_seq100/test_hbtxr_img64_seq100.h5""),"
algorithm/analysis/scripts/fill_tdtracker_error_distribution.py,43,43,analysis,parse_args,hard-coded-absolute-path,high,fact,high,"default=Path(""/home/kjm26/project/dataset/XR/EV_Eye/raw_data/DeanDataset_full_unet_subject_independent""),"
algorithm/analysis/scripts/generate_retina_ervt_error_distribution.py,157,221,analysis,evaluate_retina,large-function,medium,fact,high,function spans 65 lines
algorithm/analysis/scripts/generate_retina_ervt_error_distribution.py,224,297,analysis,evaluate_ervt,large-function,medium,fact,high,function spans 74 lines
algorithm/analysis/scripts/generate_retina_ervt_error_distribution.py,318,396,analysis,write_distribution_package,large-function,medium,fact,high,function spans 79 lines
algorithm/analysis/scripts/generate_retina_ervt_error_distribution.py,183,183,analysis,evaluate_retina,dynamic-execution,high,fact,high,eval
algorithm/analysis/scripts/generate_retina_ervt_error_distribution.py,239,239,analysis,evaluate_ervt,dynamic-execution,high,fact,high,eval
algorithm/analysis/scripts/generate_retina_ervt_error_distribution.py,27,27,analysis,<module>,hard-coded-absolute-path,high,fact,high,"DATASET_ROOT = Path(""/mnt/d/dataset/EV_Eye/target_data/DeanDataset_full_unet_subject_independent"")"
algorithm/analysis/scripts/infer_eveye_exgaze_hybrid_test.py,201,389,test,main,large-function,high,fact,high,function spans 189 lines
algorithm/analysis/scripts/infer_eveye_exgaze_hybrid_test.py,201,389,test,main,high-branch-density,medium,inference,medium,AST branch proxy=14
algorithm/analysis/scripts/infer_eveye_exgaze_hybrid_test.py,222,222,test,main,dynamic-execution,high,fact,high,eval
algorithm/analysis/scripts/infer_eveye_pretrained_labelled_options.py,155,217,analysis,write_stats,large-function,medium,fact,high,function spans 63 lines
algorithm/analysis/scripts/infer_eveye_pretrained_labelled_options.py,220,314,analysis,run_option,large-function,medium,fact,high,function spans 95 lines
algorithm/analysis/scripts/infer_eveye_pretrained_labelled_options.py,237,237,analysis,run_option,dynamic-execution,high,fact,high,eval
algorithm/analysis/scripts/infer_eveye_pretrained_labelled_options.py,319,319,analysis,parse_args,hard-coded-absolute-path,high,fact,high,"parser.add_argument(""--labelled-root"", type=Path, default=Path(""/home/kjm26/project/dataset/XR/EV_Eye/raw_data/Data_davis_labelled_with_mask""))"
algorithm/analysis/scripts/infer_eveye_pretrained_labelled_options.py,320,320,analysis,parse_args,hard-coded-absolute-path,high,fact,high,"parser.add_argument(""--data-root"", type=Path, default=Path(""/home/kjm26/project/dataset/XR/EV_Eye/raw_data/Data_davis""))"
algorithm/analysis/scripts/infer_eveye_pretrained_labelled_options.py,321,321,analysis,parse_args,hard-coded-absolute-path,high,fact,high,"parser.add_argument(""--pretrained-root"", type=Path, default=Path(""/home/kjm26/project/dataset/XR/EV_Eye/processed_data/Pre-trained_models""))"
algorithm/analysis/scripts/infer_eveye_pretrained_labelled_options.py,326,326,analysis,parse_args,very-long-line,low,fact,high,line length=191
algorithm/analysis/scripts/preflight_eveye_exgaze_hybrid.py,76,180,analysis,collect_preflight,large-function,medium,fact,high,function spans 105 lines
algorithm/analysis/scripts/preflight_eveye_exgaze_hybrid.py,183,299,analysis,render_markdown,large-function,medium,fact,high,function spans 117 lines
algorithm/analysis/scripts/preflight_eveye_exgaze_hybrid.py,13,13,analysis,<module>,hard-coded-absolute-path,high,fact,high,"""/home/kjm26/project/dataset/XR/EV_Eye/raw_data/"""
algorithm/analysis/scripts/preflight_eveye_exgaze_hybrid.py,16,16,analysis,<module>,hard-coded-absolute-path,high,fact,high,"DEFAULT_RAW_DAVIS_ROOT = Path(""/home/kjm26/project/dataset/XR/EV_Eye/raw_data/Data_davis"")"
algorithm/analysis/scripts/preflight_eveye_exgaze_hybrid.py,22,22,analysis,<module>,hard-coded-absolute-path,high,fact,high,"DEFAULT_TARGET_BASE = Path(""/home/kjm26/project/dataset/XR/EV_Eye/target_data"")"
algorithm/analysis/scripts/preflight_eveye_exgaze_hybrid.py,286,286,analysis,render_markdown,hard-coded-absolute-path,high,fact,high,"""- Full export must write under `/home/kjm26/project/dataset/XR/EV_Eye/target_data`, which is outside the repo workspace."","
algorithm/analysis/scripts/preflight_eveye_exgaze_hybrid.py,291,291,analysis,render_markdown,very-long-line,low,fact,high,line length=170
algorithm/analysis/scripts/smoke_eveye_exgaze_hybrid_loaders.py,23,23,analysis,<module>,hard-coded-absolute-path,high,fact,high,"DEFAULT_TARGET_BASE = Path(""/home/kjm26/project/dataset/XR/EV_Eye/target_data"")"
algorithm/analysis/scripts/smoke_eveye_exgaze_hybrid_loaders.py,25,25,analysis,<module>,hard-coded-absolute-path,high,fact,high,"""/home/kjm26/project/dataset/XR/EV_Eye/raw_data/"""
algorithm/analysis/scripts/train_eveye_exgaze_hybrid.py,386,501,analysis,main,large-function,medium,fact,high,function spans 116 lines
algorithm/analysis/scripts/train_eveye_exgaze_hybrid.py,341,341,analysis,evaluate,dynamic-execution,high,fact,high,eval
algorithm/analysis/scripts/train_eveye_labelled_mask_128.py,161,282,analysis,train_subject,large-function,high,fact,high,function spans 122 lines
algorithm/analysis/scripts/train_eveye_labelled_mask_128.py,129,129,analysis,evaluate,dynamic-execution,high,fact,high,eval
algorithm/analysis/scripts/train_eveye_labelled_mask_128.py,287,287,analysis,parse_args,hard-coded-absolute-path,high,fact,high,"parser.add_argument(""--labelled-root"", type=Path, default=Path(""/home/kjm26/project/dataset/XR/EV_Eye/raw_data/Data_davis_labelled_with_mask""))"
algorithm/analysis/scripts/validate_eveye_exgaze_hybrid_export.py,12,12,analysis,<module>,hard-coded-absolute-path,high,fact,high,"DEFAULT_TARGET_BASE = Path(""/home/kjm26/project/dataset/XR/EV_Eye/target_data"")"
algorithm/common/scripts/facet/inference.py,14,14,maintained,main,hard-coded-absolute-path,high,fact,high,"""/mnt/data2T/junyuan/eye-tracking/configs/TestTextDavisEyeDataset_TennSt.yaml"""
algorithm/common/scripts/facet/train.py,18,94,maintained,main,large-function,medium,fact,high,function spans 77 lines
algorithm/common/scripts/facet/validate10times.py,17,84,maintained,main,large-function,medium,fact,high,function spans 68 lines
algorithm/common/scripts/facet/validate10times.py,17,84,maintained,main,high-branch-density,medium,inference,medium,AST branch proxy=14
algorithm/common/scripts/facet/validate10times.py,76,76,maintained,main,hard-coded-absolute-path,high,fact,high,"output_path = ""/mnt/data2T/junyuan/eye-tracking/Results"""
algorithm/common/scripts/facet/validate10times.py,82,82,maintained,main,hard-coded-absolute-path,high,fact,high,"f.write(""Average Metrics over {} validations:\n"".format(num_validations))"
algorithm/common/scripts/facet_main.py,13,13,maintained,<module>,hard-coded-absolute-path,high,fact,high,"checkpoint_local_path = ""/home/junyuan/logs"""
algorithm/common/src/EvEye/callback/S3Checkpoint.py,17,17,maintained,S3Checkpoint._upload_to_s3,library-print,low,inference,medium,print call in maintained non-script module
algorithm/common/src/EvEye/callback/S3Checkpoint.py,19,19,maintained,S3Checkpoint._upload_to_s3,library-print,low,inference,medium,print call in maintained non-script module
algorithm/common/src/EvEye/dataset/CitiBike/CitiBikeDataset.py,17,17,maintained,<module>,library-print,low,inference,medium,print call in maintained non-script module
algorithm/common/src/EvEye/dataset/CitiBike/CitiBikeDataset.py,106,106,maintained,main,library-print,low,inference,medium,print call in maintained non-script module
algorithm/common/src/EvEye/dataset/CitiBike/CitiBikeDataset.py,109,109,maintained,main,library-print,low,inference,medium,print call in maintained non-script module
algorithm/common/src/EvEye/dataset/CitiBike/CitiBikeDataset.py,110,110,maintained,main,library-print,low,inference,medium,print call in maintained non-script module
algorithm/common/src/EvEye/dataset/CitiBike/CitiBikeDataset.py,111,111,maintained,main,library-print,low,inference,medium,print call in maintained non-script module
algorithm/common/src/EvEye/dataset/CitiBike/CitiBikeDataset.py,112,112,maintained,main,library-print,low,inference,medium,print call in maintained non-script module
algorithm/common/src/EvEye/dataset/CitiBike/CitiBikeDataset.py,113,113,maintained,main,library-print,low,inference,medium,print call in maintained non-script module
algorithm/common/src/EvEye/dataset/CitiBike/CitiBikeDataset.py,116,116,maintained,main,library-print,low,inference,medium,print call in maintained non-script module
algorithm/common/src/EvEye/dataset/CitiBike/CitiBikeDataset.py,24,24,maintained,CitiBikeDataset.__init__,hard-coded-absolute-path,high,fact,high,"dataset_path: str = ""/mnt/data2T/junyuan/eye-tracking/BikeDataset"","
algorithm/common/src/EvEye/dataset/CitiBike/CitiBikeDataset.py,74,74,maintained,CitiBikeDataset.make_dataset,hard-coded-absolute-path,high,fact,high,"data_path=""/mnt/data2T/junyuan/eye-tracking/BikeDataset"","
algorithm/common/src/EvEye/dataset/DavisEyeCenter/DatDavisEyeCenterDataset.py,75,75,maintained,main,library-print,low,inference,medium,print call in maintained non-script module
algorithm/common/src/EvEye/dataset/DavisEyeCenter/DatDavisEyeCenterDataset.py,76,76,maintained,main,library-print,low,inference,medium,print call in maintained non-script module
algorithm/common/src/EvEye/dataset/DavisEyeCenter/DatDavisEyeCenterDataset.py,77,77,maintained,main,library-print,low,inference,medium,print call in maintained non-script module
algorithm/common/src/EvEye/dataset/DavisEyeCenter/DatDavisEyeCenterDataset.py,78,78,maintained,main,library-print,low,inference,medium,print call in maintained non-script module
algorithm/common/src/EvEye/dataset/DavisEyeCenter/DatDavisEyeCenterDataset.py,79,79,maintained,main,library-print,low,inference,medium,print call in maintained non-script module
algorithm/common/src/EvEye/dataset/DavisEyeCenter/DatDavisEyeCenterDataset.py,80,80,maintained,main,library-print,low,inference,medium,print call in maintained non-script module
algorithm/common/src/EvEye/dataset/DavisEyeCenter/DatDavisEyeCenterDataset.py,81,81,maintained,main,library-print,low,inference,medium,print call in maintained non-script module
algorithm/common/src/EvEye/dataset/DavisEyeCenter/DatDavisEyeCenterDataset.py,84,84,maintained,main,library-print,low,inference,medium,print call in maintained non-script module
algorithm/common/src/EvEye/dataset/DavisEyeCenter/DatDavisEyeCenterDataset.py,70,70,maintained,main,hard-coded-absolute-path,high,fact,high,"root_path=""/mnt/data2T/junyuan/eye-tracking/testDataset"","
algorithm/common/src/EvEye/dataset/DavisEyeCenter/DavisEyeCenterDataset.py,20,355,maintained,DavisEyeCenterDataset,large-class,high,fact,high,class spans 336 lines
algorithm/common/src/EvEye/dataset/DavisEyeCenter/DavisEyeCenterDataset.py,20,355,maintained,DavisEyeCenterDataset,high-branch-density,medium,inference,medium,AST branch proxy=24
algorithm/common/src/EvEye/dataset/DavisEyeCenter/DavisEyeCenterDataset.py,21,212,maintained,DavisEyeCenterDataset.__init__,large-function,high,fact,high,function spans 192 lines
algorithm/common/src/EvEye/dataset/DavisEyeCenter/DavisEyeCenterDataset.py,21,212,maintained,DavisEyeCenterDataset.__init__,too-many-parameters,medium,fact,high,parameter count=12
algorithm/common/src/EvEye/dataset/DavisEyeCenter/DavisEyeCenterDataset.py,222,348,maintained,DavisEyeCenterDataset.__getitem__,large-function,high,fact,high,function spans 127 lines
algorithm/common/src/EvEye/dataset/DavisEyeCenter/DavisEyeCenterDataset.py,376,376,maintained,main,library-print,low,inference,medium,print call in maintained non-script module
algorithm/common/src/EvEye/dataset/DavisEyeCenter/DavisEyeCenterDataset.py,379,379,maintained,main,library-print,low,inference,medium,print call in maintained non-script module
algorithm/common/src/EvEye/dataset/DavisEyeCenter/DavisEyeCenterDataset.py,381,381,maintained,main,library-print,low,inference,medium,print call in maintained non-script module
algorithm/common/src/EvEye/dataset/DavisEyeCenter/DavisEyeCenterDataset.py,382,382,maintained,main,library-print,low,inference,medium,print call in maintained non-script module
algorithm/common/src/EvEye/dataset/DavisEyeCenter/DavisEyeCenterDataset.py,383,383,maintained,main,library-print,low,inference,medium,print call in maintained non-script module
algorithm/common/src/EvEye/dataset/DavisEyeCenter/DavisEyeCenterDataset.py,384,384,maintained,main,library-print,low,inference,medium,print call in maintained non-script module
algorithm/common/src/EvEye/dataset/DavisEyeCenter/DavisEyeCenterDataset.py,385,385,maintained,main,library-print,low,inference,medium,print call in maintained non-script module
algorithm/common/src/EvEye/dataset/DavisEyeCenter/DavisEyeCenterDataset.py,386,386,maintained,main,library-print,low,inference,medium,print call in maintained non-script module
algorithm/common/src/EvEye/dataset/DavisEyeCenter/DavisEyeCenterDataset.py,387,387,maintained,main,library-print,low,inference,medium,print call in maintained non-script module
algorithm/common/src/EvEye/dataset/DavisEyeCenter/DavisEyeCenterDataset.py,390,390,maintained,main,library-print,low,inference,medium,print call in maintained non-script module
algorithm/common/src/EvEye/dataset/DavisEyeCenter/DavisEyeCenterDataset.py,232,234,maintained,DavisEyeCenterDataset.__getitem__,library-print,low,inference,medium,print call in maintained non-script module
algorithm/common/src/EvEye/dataset/DavisEyeCenter/DavisEyeCenterDataset.py,364,364,maintained,main,hard-coded-absolute-path,high,fact,high,"root_path=""/mnt/data2T/junyuan/eye-tracking/testDataset"","
algorithm/common/src/EvEye/dataset/DavisEyeCenter/MemmapDavisEyeCenterDataset.py,104,134,maintained,MemmapDavisEyeCenterDataset.__init__,too-many-parameters,medium,fact,high,parameter count=11
algorithm/common/src/EvEye/dataset/DavisEyeCenter/MemmapDavisEyeCenterDataset.py,157,242,maintained,MemmapDavisEyeCenterDataset.__getitem__,large-function,medium,fact,high,function spans 86 lines
algorithm/common/src/EvEye/dataset/DavisEyeCenter/MemmapDavisEyeCenterDataset.py,275,275,maintained,main,library-print,low,inference,medium,print call in maintained non-script module
algorithm/common/src/EvEye/dataset/DavisEyeCenter/MemmapDavisEyeCenterDataset.py,278,278,maintained,main,library-print,low,inference,medium,print call in maintained non-script module
algorithm/common/src/EvEye/dataset/DavisEyeCenter/MemmapDavisEyeCenterDataset.py,282,282,maintained,main,library-print,low,inference,medium,print call in maintained non-script module
algorithm/common/src/EvEye/dataset/DavisEyeCenter/MemmapDavisEyeCenterDataset.py,283,283,maintained,main,library-print,low,inference,medium,print call in maintained non-script module
algorithm/common/src/EvEye/dataset/DavisEyeCenter/MemmapDavisEyeCenterDataset.py,284,284,maintained,main,library-print,low,inference,medium,print call in maintained non-script module
algorithm/common/src/EvEye/dataset/DavisEyeCenter/MemmapDavisEyeCenterDataset.py,285,285,maintained,main,library-print,low,inference,medium,print call in maintained non-script module
algorithm/common/src/EvEye/dataset/DavisEyeCenter/MemmapDavisEyeCenterDataset.py,286,286,maintained,main,library-print,low,inference,medium,print call in maintained non-script module
algorithm/common/src/EvEye/dataset/DavisEyeCenter/MemmapDavisEyeCenterDataset.py,287,287,maintained,main,library-print,low,inference,medium,print call in maintained non-script module
algorithm/common/src/EvEye/dataset/DavisEyeCenter/MemmapDavisEyeCenterDataset.py,289,289,maintained,main,library-print,low,inference,medium,print call in maintained non-script module
algorithm/common/src/EvEye/dataset/DavisEyeCenter/MemmapDavisEyeCenterDataset.py,94,94,maintained,DataAugmentation.show_transforms,hard-coded-absolute-path,high,fact,high,"output_path = ""/mnt/data2T/junyuan/eye-tracking/Transforms"""
algorithm/common/src/EvEye/dataset/DavisEyeCenter/MemmapDavisEyeCenterDataset.py,251,251,maintained,main,hard-coded-absolute-path,high,fact,high,"# root_path=""/mnt/data2T/junyuan/eye-tracking/testDataset"","
algorithm/common/src/EvEye/dataset/DavisEyeCenter/MemmapDavisEyeCenterDataset.py,252,252,maintained,main,hard-coded-absolute-path,high,fact,high,"root_path=""/mnt/data2T/junyuan/eye-tracking/datasets/MemmapDavisEyeCenterDataset"","
algorithm/common/src/EvEye/dataset/DavisEyeCenter/NpyDavisEyeCenterDataset.py,75,75,maintained,main,library-print,low,inference,medium,print call in maintained non-script module
algorithm/common/src/EvEye/dataset/DavisEyeCenter/NpyDavisEyeCenterDataset.py,76,76,maintained,main,library-print,low,inference,medium,print call in maintained non-script module
algorithm/common/src/EvEye/dataset/DavisEyeCenter/NpyDavisEyeCenterDataset.py,77,77,maintained,main,library-print,low,inference,medium,print call in maintained non-script module
algorithm/common/src/EvEye/dataset/DavisEyeCenter/NpyDavisEyeCenterDataset.py,78,78,maintained,main,library-print,low,inference,medium,print call in maintained non-script module
algorithm/common/src/EvEye/dataset/DavisEyeCenter/NpyDavisEyeCenterDataset.py,79,79,maintained,main,library-print,low,inference,medium,print call in maintained non-script module
algorithm/common/src/EvEye/dataset/DavisEyeCenter/NpyDavisEyeCenterDataset.py,80,80,maintained,main,library-print,low,inference,medium,print call in maintained non-script module
algorithm/common/src/EvEye/dataset/DavisEyeCenter/NpyDavisEyeCenterDataset.py,81,81,maintained,main,library-print,low,inference,medium,print call in maintained non-script module
algorithm/common/src/EvEye/dataset/DavisEyeCenter/NpyDavisEyeCenterDataset.py,84,84,maintained,main,library-print,low,inference,medium,print call in maintained non-script module
algorithm/common/src/EvEye/dataset/DavisEyeCenter/NpyDavisEyeCenterDataset.py,70,70,maintained,main,hard-coded-absolute-path,high,fact,high,"root_path=""/mnt/data2T/junyuan/eye-tracking/testDataset"","
algorithm/common/src/EvEye/dataset/DavisEyeCenter/TestTextDavisEyeDataset.py,124,129,maintained,main,library-print,low,inference,medium,print call in maintained non-script module
algorithm/common/src/EvEye/dataset/DavisEyeCenter/TestTextDavisEyeDataset.py,111,111,maintained,main,hard-coded-absolute-path,high,fact,high,"txt_path = ""/mnt/data2T/junyuan/eye-tracking/datasets/DavisEyeCenterDataset/train/data/user1_left_session_1_0_1_events.txt"""
algorithm/common/src/EvEye/dataset/DavisEyeCenter/TestTextDavisEyeDataset.py,112,112,maintained,main,hard-coded-absolute-path,high,fact,high,"label_path = ""/mnt/data2T/junyuan/eye-tracking/datasets/DavisEyeCenterDataset/train/label/user1_left_session_1_0_1_centers.txt"""
algorithm/common/src/EvEye/dataset/DavisEyeEllipse/DavisEyeEllipseDataset.py,23,337,maintained,DavisEyeEllipseDataset,large-class,high,fact,high,class spans 315 lines
algorithm/common/src/EvEye/dataset/DavisEyeEllipse/DavisEyeEllipseDataset.py,23,337,maintained,DavisEyeEllipseDataset,high-branch-density,high,inference,medium,AST branch proxy=26
algorithm/common/src/EvEye/dataset/DavisEyeEllipse/DavisEyeEllipseDataset.py,190,337,maintained,DavisEyeEllipseDataset.__getitem__,large-function,high,fact,high,function spans 148 lines
algorithm/common/src/EvEye/dataset/DavisEyeEllipse/DavisEyeEllipseDataset.py,190,337,maintained,DavisEyeEllipseDataset.__getitem__,high-branch-density,medium,inference,medium,AST branch proxy=14
algorithm/common/src/EvEye/dataset/DavisEyeEllipse/DavisEyeEllipseDataset.py,17,17,maintained,<module>,wildcard-import,medium,fact,high,from EvEye.utils.cache.MemmapCacheStructedEvents import *
algorithm/common/src/EvEye/dataset/DavisEyeEllipse/DavisEyeEllipseDataset.py,18,18,maintained,<module>,wildcard-import,medium,fact,high,from EvEye.utils.visualization.visualization import *
algorithm/common/src/EvEye/dataset/DavisEyeEllipse/DavisEyeEllipseDataset.py,20,20,maintained,<module>,wildcard-import,medium,fact,high,from EvEye.dataset.DavisEyeEllipse.utils import *
algorithm/common/src/EvEye/dataset/DavisEyeEllipse/DavisEyeEllipseDataset.py,24,49,maintained,DavisEyeEllipseDataset.__init__,mutable-default,high,fact,high,mutable literal used as default argument
algorithm/common/src/EvEye/dataset/DavisEyeEllipse/DavisEyeEllipseDataset.py,316,316,maintained,DavisEyeEllipseDataset.__getitem__,hard-coded-absolute-path,high,fact,high,"#     ""/mnt/data2T/junyuan/eye-tracking/event_frame_downsampled.png"","
algorithm/common/src/EvEye/dataset/DavisEyeEllipse/DavisEyeEllipseDataset.py,344,344,maintained,<module>,hard-coded-absolute-path,high,fact,high,"#         root_path=""/mnt/data2T/junyuan/Datasets/FixedTime10000Dataset"","
algorithm/common/src/EvEye/dataset/DavisEyeEllipse/DavisEyeEllipseFrameDataset.py,33,441,maintained,DavisEyeEllipseFrameDataset,large-class,high,fact,high,class spans 409 lines
algorithm/common/src/EvEye/dataset/DavisEyeEllipse/DavisEyeEllipseFrameDataset.py,33,441,maintained,DavisEyeEllipseFrameDataset,high-branch-density,high,inference,medium,AST branch proxy=83
algorithm/common/src/EvEye/dataset/DavisEyeEllipse/DavisEyeEllipseFrameDataset.py,34,125,maintained,DavisEyeEllipseFrameDataset.__init__,large-function,medium,fact,high,function spans 92 lines
algorithm/common/src/EvEye/dataset/DavisEyeEllipse/DavisEyeEllipseFrameDataset.py,34,125,maintained,DavisEyeEllipseFrameDataset.__init__,high-branch-density,medium,inference,medium,AST branch proxy=23
algorithm/common/src/EvEye/dataset/DavisEyeEllipse/DavisEyeEllipseFrameDataset.py,34,125,maintained,DavisEyeEllipseFrameDataset.__init__,too-many-parameters,medium,fact,high,parameter count=18
algorithm/common/src/EvEye/dataset/DavisEyeEllipse/DavisEyeEllipseFrameDataset.py,309,441,maintained,DavisEyeEllipseFrameDataset.__getitem__,large-function,high,fact,high,function spans 133 lines
algorithm/common/src/EvEye/dataset/DavisEyeEllipse/DavisEyeEllipseFrameDataset.py,309,441,maintained,DavisEyeEllipseFrameDataset.__getitem__,high-branch-density,medium,inference,medium,AST branch proxy=20
algorithm/common/src/EvEye/dataset/DavisEyeEllipse/DavisEyeEllipseFrameDataset.py,34,125,maintained,DavisEyeEllipseFrameDataset.__init__,mutable-default,high,fact,high,mutable literal used as default argument
algorithm/common/src/EvEye/dataset/DavisEyeEllipse/utils.py,105,105,maintained,draw_umich_gaussian,work-marker,low,fact,high,if min(masked_gaussian.shape) > 0 and min(masked_heatmap.shape) > 0:  # TODO debug
algorithm/common/src/EvEye/dataset/DavisWithMask/DavisWithMaskDataset.py,12,12,maintained,<module>,wildcard-import,medium,fact,high,from EvEye.utils.cache.MemmapCacheStructedEvents import *
algorithm/common/src/EvEye/dataset/DavisWithMask/DavisWithMaskDataset.py,13,13,maintained,<module>,wildcard-import,medium,fact,high,from EvEye.utils.visualization.visualization import *
algorithm/common/src/EvEye/dataset/DavisWithMask/DavisWithMaskDataset.py,98,98,maintained,main,library-print,low,inference,medium,print call in maintained non-script module
algorithm/common/src/EvEye/dataset/DavisWithMask/DavisWithMaskDataset.py,100,100,maintained,main,library-print,low,inference,medium,print call in maintained non-script module
algorithm/common/src/EvEye/dataset/DavisWithMask/DavisWithMaskDataset.py,101,101,maintained,main,library-print,low,inference,medium,print call in maintained non-script module
algorithm/common/src/EvEye/dataset/DavisWithMask/DavisWithMaskDataset.py,102,102,maintained,main,library-print,low,inference,medium,print call in maintained non-script module
algorithm/common/src/EvEye/dataset/DavisWithMask/DavisWithMaskDataset.py,110,110,maintained,main,library-print,low,inference,medium,print call in maintained non-script module
algorithm/common/src/EvEye/dataset/DavisWithMask/DavisWithMaskDataset.py,93,93,maintained,main,library-print,low,inference,medium,print call in maintained non-script module
algorithm/common/src/EvEye/dataset/DavisWithMask/DavisWithMaskDataset.py,94,94,maintained,main,library-print,low,inference,medium,print call in maintained non-script module
algorithm/common/src/EvEye/dataset/DavisWithMask/DavisWithMaskDataset.py,95,95,maintained,main,library-print,low,inference,medium,print call in maintained non-script module
algorithm/common/src/EvEye/dataset/DavisWithMask/DavisWithMaskDataset.py,96,96,maintained,main,library-print,low,inference,medium,print call in maintained non-script module
algorithm/common/src/EvEye/dataset/DavisWithMask/DavisWithMaskDataset.py,81,81,maintained,main,hard-coded-absolute-path,high,fact,high,"base_path = Path(""/mnt/data2T/junyuan/Datasets/RGBUNetDataset"")"
algorithm/common/src/EvEye/dataset/Test/TestDataset.py,6,6,maintained,<module>,wildcard-import,medium,fact,high,from EvEye.utils.visualization.visualization import *
algorithm/common/src/EvEye/dataset/Test/TestDataset.py,81,81,maintained,main,library-print,low,inference,medium,print call in maintained non-script module
algorithm/common/src/EvEye/dataset/Test/TestDataset.py,82,82,maintained,main,library-print,low,inference,medium,print call in maintained non-script module
algorithm/common/src/EvEye/dataset/Test/TestDataset.py,83,83,maintained,main,library-print,low,inference,medium,print call in maintained non-script module
algorithm/common/src/EvEye/dataset/Test/TestDataset.py,77,77,maintained,main,hard-coded-absolute-path,high,fact,high,"dataset_path=""/mnt/data2T/junyuan/eye-tracking/datasets/Data_davis_labelled_with_mask/test/data"""
algorithm/common/src/EvEye/dataset/dataset_factory.py,44,44,maintained,worker_init_fn,library-print,low,inference,medium,print call in maintained non-script module
algorithm/common/src/EvEye/dataset/dataset_factory.py,54,54,maintained,worker_init_fn,library-print,low,inference,medium,print call in maintained non-script module
algorithm/common/src/EvEye/model/CitiBike/ConvLSTM.py,125,125,maintained,main,library-print,low,inference,medium,print call in maintained non-script module
algorithm/common/src/EvEye/model/DavisEyeCenter/TennSt.py,262,486,maintained,TennSt,large-class,medium,fact,high,class spans 225 lines
algorithm/common/src/EvEye/model/DavisEyeCenter/TennSt.py,262,486,maintained,TennSt,high-branch-density,medium,inference,medium,AST branch proxy=16
algorithm/common/src/EvEye/model/DavisEyeCenter/TennSt.py,264,336,maintained,TennSt.__init__,large-function,medium,fact,high,function spans 73 lines
algorithm/common/src/EvEye/model/DavisEyeCenter/TennSt.py,20,20,maintained,<module>,wildcard-import,medium,fact,high,from EvEye.dataset.DavisEyeCenter.losses import *
algorithm/common/src/EvEye/model/DavisEyeCenter/TennSt.py,502,502,maintained,main,library-print,low,inference,medium,print call in maintained non-script module
algorithm/common/src/EvEye/model/DavisEyeCenter/TennSt.py,340,340,maintained,TennSt.streaming_inference,dynamic-execution,high,fact,high,eval
algorithm/common/src/EvEye/model/DavisEyeCenter/TennSt.py,242,242,maintained,TemporalBlock.forward,very-long-line,low,fact,high,line length=191
algorithm/common/src/EvEye/model/DavisEyeEllipse/EPNet/Backbone/MobileNetV3Backbone.py,183,183,maintained,main,library-print,low,inference,medium,print call in maintained non-script module
algorithm/common/src/EvEye/model/DavisEyeEllipse/EPNet/Backbone/MobileNetV3Backbone.py,192,192,maintained,main,library-print,low,inference,medium,print call in maintained non-script module
algorithm/common/src/EvEye/model/DavisEyeEllipse/EPNet/Backbone/MobileNetV3Backbone.py,193,193,maintained,main,library-print,low,inference,medium,print call in maintained non-script module
algorithm/common/src/EvEye/model/DavisEyeEllipse/EPNet/Backbone/MobileNetV3Backbone.py,194,194,maintained,main,library-print,low,inference,medium,print call in maintained non-script module
algorithm/common/src/EvEye/model/DavisEyeEllipse/EPNet/Backbone/MobileNetV3Backbone.py,195,195,maintained,main,library-print,low,inference,medium,print call in maintained non-script module
algorithm/common/src/EvEye/model/DavisEyeEllipse/EPNet/Backbone/MobileNetV3Backbone.py,6,6,maintained,<module>,hard-coded-absolute-path,high,fact,high,"WEIGHT_PATH = ""/mnt/data2T/junyuan/eye-tracking/EvEye/model/DavisEyeEllipse/DeanNet/Weights/mobilenetv3_large_100_ra-f55367f5.pth"""
algorithm/common/src/EvEye/model/DavisEyeEllipse/EPNet/Backbone/ResNet18Backbone.py,33,33,maintained,main,library-print,low,inference,medium,print call in maintained non-script module
algorithm/common/src/EvEye/model/DavisEyeEllipse/EPNet/Backbone/ResNet18Backbone.py,42,42,maintained,main,library-print,low,inference,medium,print call in maintained non-script module
algorithm/common/src/EvEye/model/DavisEyeEllipse/EPNet/Backbone/ResNet18Backbone.py,5,5,maintained,<module>,hard-coded-absolute-path,high,fact,high,"WEIGHT_PATH = ""/mnt/data2T/junyuan/el-net/DeanNet/Weights/resnet18_a1_0-d63eafa0.pth"""
algorithm/common/src/EvEye/model/DavisEyeEllipse/EPNet/EPNet.py,133,369,maintained,EPNet,large-class,medium,fact,high,class spans 237 lines
algorithm/common/src/EvEye/model/DavisEyeEllipse/EPNet/EPNet.py,133,369,maintained,EPNet,high-branch-density,medium,inference,medium,AST branch proxy=20
algorithm/common/src/EvEye/model/DavisEyeEllipse/EPNet/EPNet.py,134,201,maintained,EPNet.__init__,large-function,medium,fact,high,function spans 68 lines
algorithm/common/src/EvEye/model/DavisEyeEllipse/EPNet/EPNet.py,216,290,maintained,EPNet.forward,large-function,medium,fact,high,function spans 75 lines
algorithm/common/src/EvEye/model/DavisEyeEllipse/EPNet/EPNet.py,20,20,maintained,<module>,wildcard-import,medium,fact,high,from EvEye.model.DavisEyeEllipse.EPNet.Loss import *
algorithm/common/src/EvEye/model/DavisEyeEllipse/EPNet/EPNet.py,21,21,maintained,<module>,wildcard-import,medium,fact,high,from EvEye.model.DavisEyeEllipse.EPNet.Predict import *
algorithm/common/src/EvEye/model/DavisEyeEllipse/EPNet/EPNet.py,22,22,maintained,<module>,wildcard-import,medium,fact,high,from EvEye.model.DavisEyeEllipse.EPNet.Metric import *
algorithm/common/src/EvEye/model/DavisEyeEllipse/EPNet/EPNet.py,93,98,maintained,SpatialPyramidPooling.__init__,mutable-default,high,fact,high,mutable literal used as default argument
algorithm/common/src/EvEye/model/DavisEyeEllipse/EPNet/EPNet.py,377,377,maintained,main,library-print,low,inference,medium,print call in maintained non-script module
algorithm/common/src/EvEye/model/DavisEyeEllipse/EPNet/EPNet.py,387,387,maintained,main,library-print,low,inference,medium,print call in maintained non-script module
algorithm/common/src/EvEye/model/DavisEyeEllipse/EPNet/EPNet.py,361,361,maintained,EPNet.on_validation_epoch_end,library-print,low,inference,medium,print call in maintained non-script module
algorithm/common/src/EvEye/model/DavisEyeEllipse/EPNet/Head/EPHead.py,64,64,maintained,main.test_head_module,library-print,low,inference,medium,print call in maintained non-script module
algorithm/common/src/EvEye/model/DavisEyeEllipse/EPNet/Head/EPHead.py,74,74,maintained,main.test_head_module,library-print,low,inference,medium,print call in maintained non-script module
algorithm/common/src/EvEye/model/DavisEyeEllipse/EPNet/Loss.py,156,244,maintained,gwds_loss,large-function,medium,fact,high,function spans 89 lines
algorithm/common/src/EvEye/model/DavisEyeEllipse/EPNet/Loss.py,259,321,maintained,gwd_loss,large-function,medium,fact,high,function spans 63 lines
algorithm/common/src/EvEye/model/DavisEyeEllipse/EPNet/Loss.py,412,504,maintained,CtdetLoss.forward,large-function,medium,fact,high,function spans 93 lines
algorithm/common/src/EvEye/model/DavisEyeEllipse/EPNet/Metric.py,102,174,maintained,cal_batch_ap,large-function,medium,fact,high,function spans 73 lines
algorithm/common/src/EvEye/model/DavisEyeEllipse/EPNet/Predict.py,64,64,maintained,<module>,invalid-type-comment,medium,fact,high,# type: np.array -> torch.tensor
algorithm/common/src/EvEye/model/DavisEyeEllipse/EPNet/Predict.py,267,366,maintained,predict,large-function,medium,fact,high,function spans 100 lines
algorithm/common/src/EvEye/model/DavisEyeEllipse/EPNet/Predict.py,10,10,maintained,<module>,wildcard-import,medium,fact,high,from EvEye.utils.cache.MemmapCacheStructedEvents import *
algorithm/common/src/EvEye/model/DavisEyeEllipse/EPNet/Predict.py,11,11,maintained,<module>,wildcard-import,medium,fact,high,from EvEye.utils.visualization.visualization import *
algorithm/common/src/EvEye/model/DavisEyeEllipse/EPNet/Predict.py,13,13,maintained,<module>,wildcard-import,medium,fact,high,from EvEye.dataset.DavisEyeEllipse.utils import *
algorithm/common/src/EvEye/model/DavisEyeEllipse/EPNet/Predict.py,271,271,maintained,predict,dynamic-execution,high,fact,high,eval
algorithm/common/src/EvEye/model/DavisEyeEllipse/EPNet/Predict.py,371,371,maintained,predict_txt,dynamic-execution,high,fact,high,eval
algorithm/common/src/EvEye/model/DavisEyeEllipse/EPNet/Predict.py,395,395,maintained,test_inference_time,dynamic-execution,high,fact,high,eval
algorithm/common/src/EvEye/model/DavisEyeEllipse/EPNet/Predict.py,406,406,maintained,test_inference_time,library-print,low,inference,medium,print call in maintained non-script module
algorithm/common/src/EvEye/model/DavisEyeEllipse/EPNet/Predict.py,416,416,maintained,test_inference_time,library-print,low,inference,medium,print call in maintained non-script module
algorithm/common/src/EvEye/model/DavisEyeEllipse/EPNet/Predict.py,342,342,maintained,predict,very-long-line,low,fact,high,line length=184
algorithm/common/src/EvEye/model/DavisEyeEllipse/EPNet/Predict.py,347,347,maintained,predict,very-long-line,low,fact,high,line length=164
algorithm/common/src/EvEye/model/DavisEyeEllipse/EPNet/Predict.py,349,349,maintained,predict,very-long-line,low,fact,high,line length=195
algorithm/common/src/EvEye/model/DavisEyeEllipse/EPNet/Predict.py,430,430,maintained,main,hard-coded-absolute-path,high,fact,high,"txt_path = ""/mnt/data2T/junyuan/Datasets/datasets/DavisEyeCenterDataset/data/user1_left_session_1_0_1_events.txt"""
algorithm/common/src/EvEye/model/DavisEyeEllipse/EPNet/Predict.py,431,431,maintained,main,hard-coded-absolute-path,high,fact,high,"output_path = ""/mnt/data2T/junyuan/eye-tracking/video/output/EventSample"""
algorithm/common/src/EvEye/model/DavisEyeEllipse/EPNet/Predict.py,432,432,maintained,main,hard-coded-absolute-path,high,fact,high,"model_path = ""/mnt/data2T/junyuan/eye-tracking/logs/EPNet_FixedCount5000_TrigERAugFPN2d_AllAug/version_0/checkpoints/epoch=67-val_mean_distance=0.2403.ckpt"""
algorithm/common/src/EvEye/model/DavisEyeEllipse/EPNet/Predict.py,446,446,maintained,<module>,hard-coded-absolute-path,high,fact,high,"#     ""/mnt/data2T/junyuan/Datasets/FixedCount5000Dataset/val/cached_data"""
algorithm/common/src/EvEye/model/DavisEyeEllipse/EPNet/Predict.py,449,449,maintained,<module>,hard-coded-absolute-path,high,fact,high,"#     ""/mnt/data2T/junyuan/Datasets/FixedCount5000Dataset/val/cached_ellipse"""
algorithm/common/src/EvEye/model/DavisEyeEllipse/EPNet/Predict.py,452,452,maintained,<module>,hard-coded-absolute-path,high,fact,high,"#     ""/mnt/data2T/junyuan/eye-tracking/weights/Others/EPNet_FixedCount5000_TrigERAugFPNdw_without_DE&DEA/version_0/checkpoints/epoch=68-val_mean_distance=0.2031.ckpt"""
algorithm/common/src/EvEye/model/DavisEyeEllipse/EPNet/Predict.py,452,452,maintained,<module>,very-long-line,low,fact,high,line length=171
algorithm/common/src/EvEye/model/DavisEyeEllipse/EPNet/Predict.py,455,455,maintained,<module>,hard-coded-absolute-path,high,fact,high,"#     ""/mnt/data2T/junyuan/eye-tracking/logs/ElNet_FixedCount10000/version_0/checkpoints/epoch=69-val_mean_distance=0.3242.ckpt"""
algorithm/common/src/EvEye/model/DavisEyeEllipse/EPNet/Predict.py,458,458,maintained,<module>,hard-coded-absolute-path,high,fact,high,"#     ""/mnt/data2T/junyuan/eye-tracking/predictions/EPNet_FixedCount5000_TrigERAugFPNdw_without_DE&DEA"""
algorithm/common/src/EvEye/model/DavisEyeEllipse/ElNet/ElNet.py,782,973,maintained,Creat_MyNet,large-class,medium,fact,high,class spans 192 lines
algorithm/common/src/EvEye/model/DavisEyeEllipse/ElNet/ElNet.py,782,973,maintained,Creat_MyNet,high-branch-density,medium,inference,medium,AST branch proxy=18
algorithm/common/src/EvEye/model/DavisEyeEllipse/ElNet/ElNet.py,252,310,maintained,Tree.__init__,too-many-parameters,medium,fact,high,parameter count=11
algorithm/common/src/EvEye/model/DavisEyeEllipse/ElNet/ElNet.py,596,667,maintained,Creat_DlaNet.__init__,large-function,medium,fact,high,function spans 72 lines
algorithm/common/src/EvEye/model/DavisEyeEllipse/ElNet/ElNet.py,783,857,maintained,Creat_MyNet.__init__,large-function,medium,fact,high,function spans 75 lines
algorithm/common/src/EvEye/model/DavisEyeEllipse/ElNet/ElNet.py,66,66,maintained,<module>,wildcard-import,medium,fact,high,from EvEye.model.DavisEyeEllipse.EPNet.Loss import *
algorithm/common/src/EvEye/model/DavisEyeEllipse/ElNet/ElNet.py,67,67,maintained,<module>,wildcard-import,medium,fact,high,from EvEye.model.DavisEyeEllipse.EPNet.Predict import *
algorithm/common/src/EvEye/model/DavisEyeEllipse/ElNet/ElNet.py,68,68,maintained,<module>,wildcard-import,medium,fact,high,from EvEye.model.DavisEyeEllipse.EPNet.Metric import *
algorithm/common/src/EvEye/model/DavisEyeEllipse/ElNet/ElNet.py,684,698,maintained,DlaNet,mutable-default,high,fact,high,mutable literal used as default argument
algorithm/common/src/EvEye/model/DavisEyeEllipse/ElNet/ElNet.py,976,990,maintained,MyNet,mutable-default,high,fact,high,mutable literal used as default argument
algorithm/common/src/EvEye/model/DavisEyeEllipse/ElNet/ElNet.py,1020,1020,maintained,main,library-print,low,inference,medium,print call in maintained non-script module
algorithm/common/src/EvEye/model/DavisEyeEllipse/ElNet/ElNet.py,1022,1022,maintained,main,library-print,low,inference,medium,print call in maintained non-script module
algorithm/common/src/EvEye/model/DavisEyeEllipse/ElNet/ElNet.py,965,965,maintained,Creat_MyNet.on_validation_epoch_end,library-print,low,inference,medium,print call in maintained non-script module
algorithm/common/src/EvEye/model/DavisEyeEllipse/ElNet/ElNet.py,85,85,maintained,get_model_url,hard-coded-absolute-path,high,fact,high,"return join(""http://dl.yf.io/dla/models"", data, ""{}-{}.pth"".format(name, hash))"
algorithm/common/src/EvEye/model/DavisEyeEllipse/EllipseMobileNet.py,24,24,maintained,EllipseMobileNetV3.__init__,hard-coded-absolute-path,high,fact,high,"model_path=""/mnt/data2T/junyuan/eye-tracking/TimmModels/mobilenetv3_large_100_ra-f55367f5.pth"","
algorithm/common/src/EvEye/model/DavisEyeEllipse/HBTXR/Backbone/DeiT.py,211,211,maintained,build_deit,hard-coded-absolute-path,high,fact,high,"url=""https://dl.fbaipublicfiles.com/deit/deit_tiny_distilled_patch16_224-b40b3cf7.pth"","
algorithm/common/src/EvEye/model/DavisEyeEllipse/HBTXR/HBTXR.py,38,200,maintained,HBTXR,large-class,medium,fact,high,class spans 163 lines
algorithm/common/src/EvEye/model/DavisEyeEllipse/HBTXR/HBTXR.py,38,200,maintained,HBTXR,high-branch-density,medium,inference,medium,AST branch proxy=14
algorithm/common/src/EvEye/model/DavisEyeEllipse/HBTXR/HBTXR.py,39,103,maintained,HBTXR.__init__,large-function,medium,fact,high,function spans 65 lines
algorithm/common/src/EvEye/model/DavisEyeEllipse/HBTXR/HBTXR.py,39,103,maintained,HBTXR.__init__,too-many-parameters,medium,fact,high,parameter count=19
algorithm/common/src/EvEye/model/DavisEyeEllipse/HBTXR/HBTXR.py,192,192,maintained,HBTXR.on_validation_epoch_end,library-print,low,inference,medium,print call in maintained non-script module
algorithm/common/src/EvEye/model/DavisEyeEllipse/HBTXR/Head/HBTXRHead.py,64,64,maintained,main.test_head_module,library-print,low,inference,medium,print call in maintained non-script module
algorithm/common/src/EvEye/model/DavisEyeEllipse/HBTXR/Head/HBTXRHead.py,74,74,maintained,main.test_head_module,library-print,low,inference,medium,print call in maintained non-script module
algorithm/common/src/EvEye/model/DavisEyeEllipse/HBTXR/Loss.py,156,244,maintained,gwds_loss,large-function,medium,fact,high,function spans 89 lines
algorithm/common/src/EvEye/model/DavisEyeEllipse/HBTXR/Loss.py,259,321,maintained,gwd_loss,large-function,medium,fact,high,function spans 63 lines
algorithm/common/src/EvEye/model/DavisEyeEllipse/HBTXR/Loss.py,412,504,maintained,HBTXRCtdetLoss.forward,large-function,medium,fact,high,function spans 93 lines
algorithm/common/src/EvEye/model/DavisEyeEllipse/HBTXR/Metric.py,102,174,maintained,cal_batch_ap,large-function,medium,fact,high,function spans 73 lines
algorithm/common/src/EvEye/model/DavisEyeEllipse/HBTXR/Predict.py,64,64,maintained,<module>,invalid-type-comment,medium,fact,high,# type: np.array -> torch.tensor
algorithm/common/src/EvEye/model/DavisEyeEllipse/HBTXR/Predict.py,267,366,maintained,predict,large-function,medium,fact,high,function spans 100 lines
algorithm/common/src/EvEye/model/DavisEyeEllipse/HBTXR/Predict.py,10,10,maintained,<module>,wildcard-import,medium,fact,high,from EvEye.utils.cache.MemmapCacheStructedEvents import *
algorithm/common/src/EvEye/model/DavisEyeEllipse/HBTXR/Predict.py,11,11,maintained,<module>,wildcard-import,medium,fact,high,from EvEye.utils.visualization.visualization import *
algorithm/common/src/EvEye/model/DavisEyeEllipse/HBTXR/Predict.py,13,13,maintained,<module>,wildcard-import,medium,fact,high,from EvEye.dataset.DavisEyeEllipse.utils import *
algorithm/common/src/EvEye/model/DavisEyeEllipse/HBTXR/Predict.py,271,271,maintained,predict,dynamic-execution,high,fact,high,eval
algorithm/common/src/EvEye/model/DavisEyeEllipse/HBTXR/Predict.py,371,371,maintained,predict_txt,dynamic-execution,high,fact,high,eval
algorithm/common/src/EvEye/model/DavisEyeEllipse/HBTXR/Predict.py,395,395,maintained,test_inference_time,dynamic-execution,high,fact,high,eval
algorithm/common/src/EvEye/model/DavisEyeEllipse/HBTXR/Predict.py,406,406,maintained,test_inference_time,library-print,low,inference,medium,print call in maintained non-script module
algorithm/common/src/EvEye/model/DavisEyeEllipse/HBTXR/Predict.py,416,416,maintained,test_inference_time,library-print,low,inference,medium,print call in maintained non-script module
algorithm/common/src/EvEye/model/DavisEyeEllipse/HBTXR/Predict.py,342,342,maintained,predict,very-long-line,low,fact,high,line length=184
algorithm/common/src/EvEye/model/DavisEyeEllipse/HBTXR/Predict.py,347,347,maintained,predict,very-long-line,low,fact,high,line length=164
algorithm/common/src/EvEye/model/DavisEyeEllipse/HBTXR/Predict.py,349,349,maintained,predict,very-long-line,low,fact,high,line length=195
algorithm/common/src/EvEye/model/DavisEyeEllipse/HBTXR/Predict.py,430,430,maintained,main,hard-coded-absolute-path,high,fact,high,"txt_path = ""/mnt/data2T/junyuan/Datasets/datasets/DavisEyeCenterDataset/data/user1_left_session_1_0_1_events.txt"""
algorithm/common/src/EvEye/model/DavisEyeEllipse/HBTXR/Predict.py,431,431,maintained,main,hard-coded-absolute-path,high,fact,high,"output_path = ""/mnt/data2T/junyuan/eye-tracking/video/output/EventSample"""
algorithm/common/src/EvEye/model/DavisEyeEllipse/HBTXR/Predict.py,432,432,maintained,main,hard-coded-absolute-path,high,fact,high,"model_path = ""/mnt/data2T/junyuan/eye-tracking/logs/EPNet_FixedCount5000_TrigERAugFPN2d_AllAug/version_0/checkpoints/epoch=67-val_mean_distance=0.2403.ckpt"""
algorithm/common/src/EvEye/model/DavisEyeEllipse/HBTXR/Predict.py,446,446,maintained,<module>,hard-coded-absolute-path,high,fact,high,"#     ""/mnt/data2T/junyuan/Datasets/FixedCount5000Dataset/val/cached_data"""
algorithm/common/src/EvEye/model/DavisEyeEllipse/HBTXR/Predict.py,449,449,maintained,<module>,hard-coded-absolute-path,high,fact,high,"#     ""/mnt/data2T/junyuan/Datasets/FixedCount5000Dataset/val/cached_ellipse"""
algorithm/common/src/EvEye/model/DavisEyeEllipse/HBTXR/Predict.py,452,452,maintained,<module>,hard-coded-absolute-path,high,fact,high,"#     ""/mnt/data2T/junyuan/eye-tracking/weights/Others/EPNet_FixedCount5000_TrigERAugFPNdw_without_DE&DEA/version_0/checkpoints/epoch=68-val_mean_distance=0.2031.ckpt"""
algorithm/common/src/EvEye/model/DavisEyeEllipse/HBTXR/Predict.py,452,452,maintained,<module>,very-long-line,low,fact,high,line length=171
algorithm/common/src/EvEye/model/DavisEyeEllipse/HBTXR/Predict.py,455,455,maintained,<module>,hard-coded-absolute-path,high,fact,high,"#     ""/mnt/data2T/junyuan/eye-tracking/logs/ElNet_FixedCount10000/version_0/checkpoints/epoch=69-val_mean_distance=0.3242.ckpt"""
algorithm/common/src/EvEye/model/DavisEyeEllipse/HBTXR/Predict.py,458,458,maintained,<module>,hard-coded-absolute-path,high,fact,high,"#     ""/mnt/data2T/junyuan/eye-tracking/predictions/EPNet_FixedCount5000_TrigERAugFPNdw_without_DE&DEA"""
algorithm/common/src/EvEye/model/DavisEyeEllipse/UNet/Predict.py,13,13,maintained,<module>,wildcard-import,medium,fact,high,from EvEye.utils.visualization.visualization import *
algorithm/common/src/EvEye/model/DavisEyeEllipse/UNet/Predict.py,40,40,maintained,predict_once,dynamic-execution,high,fact,high,eval
algorithm/common/src/EvEye/model/DavisEyeEllipse/UNet/Predict.py,48,48,maintained,predict_once,library-print,low,inference,medium,print call in maintained non-script module
algorithm/common/src/EvEye/model/DavisEyeEllipse/UNet/Predict.py,54,54,maintained,predict,dynamic-execution,high,fact,high,eval
algorithm/common/src/EvEye/model/DavisEyeEllipse/UNet/Predict.py,99,99,maintained,predict_pure,dynamic-execution,high,fact,high,eval
algorithm/common/src/EvEye/model/DavisEyeEllipse/UNet/Predict.py,117,117,maintained,test_inference_time,dynamic-execution,high,fact,high,eval
algorithm/common/src/EvEye/model/DavisEyeEllipse/UNet/Predict.py,128,128,maintained,test_inference_time,library-print,low,inference,medium,print call in maintained non-script module
algorithm/common/src/EvEye/model/DavisEyeEllipse/UNet/Predict.py,138,138,maintained,test_inference_time,library-print,low,inference,medium,print call in maintained non-script module
algorithm/common/src/EvEye/model/DavisEyeEllipse/UNet/Predict.py,88,90,maintained,predict,library-print,low,inference,medium,print call in maintained non-script module
algorithm/common/src/EvEye/model/DavisEyeEllipse/UNet/Predict.py,143,143,maintained,main,hard-coded-absolute-path,high,fact,high,"model_path = ""/mnt/data2T/junyuan/eye-tracking/logs/RGBUNetTest/version_0/checkpoints/epoch=57-val_mean_distance=0.4287.ckpt"""
algorithm/common/src/EvEye/model/DavisEyeEllipse/UNet/Predict.py,144,144,maintained,main,hard-coded-absolute-path,high,fact,high,"output_path = ""/mnt/data2T/junyuan/eye-tracking/video/output/test_results"""
algorithm/common/src/EvEye/model/DavisEyeEllipse/UNet/Predict.py,147,147,maintained,main,hard-coded-absolute-path,high,fact,high,"image_paths = Path(""/mnt/data2T/junyuan/eye-tracking/video/output/3"")"
algorithm/common/src/EvEye/model/DavisEyeEllipse/UNet/Predict.py,148,148,maintained,main,hard-coded-absolute-path,high,fact,high,"ellipse_paths = Path(""/mnt/data2T/junyuan/Datasets/EventUNetDataset/val/label"")"
algorithm/common/src/EvEye/model/DavisEyeEllipse/UNet/UNet.py,18,18,maintained,<module>,wildcard-import,medium,fact,high,from EvEye.model.DavisEyeEllipse.UNet.Metric import *
algorithm/common/src/EvEye/model/DavisEyeEllipse/UNet/UNet.py,234,234,maintained,main,library-print,low,inference,medium,print call in maintained non-script module
algorithm/common/src/EvEye/model/DavisEyeEllipse/UNet/UNet.py,237,237,maintained,main,library-print,low,inference,medium,print call in maintained non-script module
algorithm/common/src/EvEye/model/DavisEyeEllipse/UNet/UNet.py,221,221,maintained,UNet.on_validation_epoch_end,library-print,low,inference,medium,print call in maintained non-script module
algorithm/common/src/EvEye/model/DavisWithMask/UNet.py,191,191,maintained,main,library-print,low,inference,medium,print call in maintained non-script module
algorithm/common/src/EvEye/model/DavisWithMask/UNet.py,193,193,maintained,main,library-print,low,inference,medium,print call in maintained non-script module
algorithm/common/src/EvEye/model/model_factory.py,29,131,maintained,main,large-function,medium,fact,high,function spans 103 lines
algorithm/common/src/EvEye/model/model_factory.py,92,92,maintained,main.get_model_size,library-print,low,inference,medium,print call in maintained non-script module
algorithm/common/src/EvEye/model/model_factory.py,93,93,maintained,main.get_model_size,library-print,low,inference,medium,print call in maintained non-script module
algorithm/common/src/EvEye/model/model_factory.py,94,94,maintained,main.get_model_size,library-print,low,inference,medium,print call in maintained non-script module
algorithm/common/src/EvEye/model/model_factory.py,100,100,maintained,main.test_inference_time,dynamic-execution,high,fact,high,eval
algorithm/common/src/EvEye/model/model_factory.py,112,112,maintained,main.test_inference_time,library-print,low,inference,medium,print call in maintained non-script module
algorithm/common/src/EvEye/model/model_factory.py,127,127,maintained,main.test_inference_time,library-print,low,inference,medium,print call in maintained non-script module
algorithm/common/src/EvEye/model/model_factory.py,37,37,maintained,main,hard-coded-absolute-path,high,fact,high,"# model_path = ""/mnt/data2T/junyuan/eye-tracking/logs/EventUNet/version_0/checkpoints/epoch=26-val_mean_distance=1.6679.ckpt"""
algorithm/common/src/EvEye/model/model_factory.py,41,41,maintained,main,hard-coded-absolute-path,high,fact,high,"# model_path = ""/mnt/data2T/junyuan/eye-tracking/logs/RGBUNet/version_0/checkpoints/epoch=27-val_mean_distance=0.3231.ckpt"""
algorithm/common/src/EvEye/model/model_factory.py,56,56,maintained,main,hard-coded-absolute-path,high,fact,high,"model_path = ""/mnt/data2T/junyuan/eye-tracking/logs/ElNet_FixedCount5000/version_0/checkpoints/epoch=00-val_mean_distance=0.6273.ckpt"""
algorithm/common/src/EvEye/model/model_factory.py,69,69,maintained,main,hard-coded-absolute-path,high,fact,high,"# model_path = ""/mnt/data2T/junyuan/eye-tracking/weights/96.89%-FixedCount5000-Down-Aug-NoFlip/checkpoints/epochepoch=47-val_p10_accval_p10_acc=0.9689.ckpt"""
algorithm/common/src/EvEye/model/model_factory.py,86,86,maintained,main,hard-coded-absolute-path,high,fact,high,"# model_path = ""/mnt/data2T/junyuan/eye-tracking/logs/EPNet_FixedCount5000_TrigERAugFPNdw/version_0/checkpoints/epoch=53-val_mean_distance=0.2249.ckpt"""
algorithm/common/src/EvEye/utils/PupilTracker.py,5,218,maintained,PupilTracker,large-class,medium,fact,high,class spans 214 lines
algorithm/common/src/EvEye/utils/cache/MemmapCacheFrameStack.py,144,239,maintained,CacheDavisEyeCenterDataset.cache,large-function,medium,fact,high,function spans 96 lines
algorithm/common/src/EvEye/utils/cache/MemmapCacheFrameStack.py,244,244,maintained,main,hard-coded-absolute-path,high,fact,high,"root_path=""/mnt/data2T/junyuan/eye-tracking/datasets/DavisEyeCenterDataset"","
algorithm/common/src/EvEye/utils/cache/MemmapCacheFrameStack.py,255,255,maintained,main,hard-coded-absolute-path,high,fact,high,"root_path=""/mnt/data2T/junyuan/eye-tracking/datasets/DavisEyeCenterDataset"","
algorithm/common/src/EvEye/utils/cache/MemmapCacheFrameStack.py,266,266,maintained,<module>,hard-coded-absolute-path,high,fact,high,"#     ""/mnt/data2T/junyuan/eye-tracking/events_indices_batch_0.memmap"","
algorithm/common/src/EvEye/utils/cache/MemmapCacheFrameStack.py,267,267,maintained,<module>,hard-coded-absolute-path,high,fact,high,"#     ""/mnt/data2T/junyuan/eye-tracking/events_indices_info_batch_0.txt"","
algorithm/common/src/EvEye/utils/cache/MemmapCacheStructedEvents.py,136,204,maintained,cache_structed_data,large-function,medium,fact,high,function spans 69 lines
algorithm/common/src/EvEye/utils/cache/MemmapCacheStructedEvents.py,340,340,maintained,main,library-print,low,inference,medium,print call in maintained non-script module
algorithm/common/src/EvEye/utils/cache/MemmapCacheStructedEvents.py,61,61,maintained,load_memmap,dynamic-execution,high,fact,high,eval
algorithm/common/src/EvEye/utils/cache/MemmapCacheStructedEvents.py,335,335,maintained,main,hard-coded-absolute-path,high,fact,high,"""/mnt/data2T/junyuan/eye-tracking/datasets/DavisEyeCenterDataset/data"","
algorithm/common/src/EvEye/utils/cache/MemmapCacheStructedEvents.py,336,336,maintained,main,hard-coded-absolute-path,high,fact,high,"""/mnt/data2T/junyuan/eye-tracking/datasets/MemmapDavisEyeEllipseDataset"","
algorithm/common/src/EvEye/utils/cache/NpyCacheFrameStack.py,16,100,maintained,NpyCacheDavisEyeCenterDataset.__init__,large-function,medium,fact,high,function spans 85 lines
algorithm/common/src/EvEye/utils/cache/NpyCacheFrameStack.py,12,12,maintained,<module>,wildcard-import,medium,fact,high,from EvEye.utils.scripts.CacheFrameStack import *
algorithm/common/src/EvEye/utils/cache/NpyCacheFrameStack.py,174,174,maintained,main,hard-coded-absolute-path,high,fact,high,"root_path=""/mnt/data2T/junyuan/eye-tracking/datasets/DavisEyeCenterDataset"","
algorithm/common/src/EvEye/utils/cache/NpyCacheFrameStack.py,182,182,maintained,main,hard-coded-absolute-path,high,fact,high,"root_path=""/mnt/data2T/junyuan/eye-tracking/datasets/DavisEyeCenterDataset"","
algorithm/common/src/EvEye/utils/cache/NpyCacheFrameStack.py,191,191,maintained,main,hard-coded-absolute-path,high,fact,high,"""/mnt/data8T/junyuan/eye-tracking/datasets/DavisEyeCenterDataset/train"""
algorithm/common/src/EvEye/utils/cache/NpyCacheFrameStack.py,194,194,maintained,main,hard-coded-absolute-path,high,fact,high,"""/mnt/data8T/junyuan/eye-tracking/datasets/DavisEyeCenterDataset/val"""
algorithm/common/src/EvEye/utils/dvs_common_utils/base/EventsIterator.py,78,78,maintained,main,library-print,low,inference,medium,print call in maintained non-script module
algorithm/common/src/EvEye/utils/dvs_common_utils/base/EventsIterator.py,80,85,maintained,main,library-print,low,inference,medium,print call in maintained non-script module
algorithm/common/src/EvEye/utils/dvs_common_utils/base/EventsIterator.py,86,86,maintained,main,library-print,low,inference,medium,print call in maintained non-script module
algorithm/common/src/EvEye/utils/dvs_common_utils/base/EventsIterator.py,71,71,maintained,main,hard-coded-absolute-path,high,fact,high,"""/mnt/data2T/junyuan/eye-tracking/EV_Eye_dataset/raw_data/Data_davis/user1/left/session_1_0_1/events/events.txt"""
algorithm/common/src/EvEye/utils/dvs_common_utils/processor/EventRandomAffine.py,163,163,maintained,main,library-print,low,inference,medium,print call in maintained non-script module
algorithm/common/src/EvEye/utils/dvs_common_utils/processor/EventRandomAffine.py,164,164,maintained,main,library-print,low,inference,medium,print call in maintained non-script module
algorithm/common/src/EvEye/utils/dvs_common_utils/processor/EventRandomAffine.py,165,165,maintained,main,library-print,low,inference,medium,print call in maintained non-script module
algorithm/common/src/EvEye/utils/dvs_common_utils/processor/NumpyEventFrameRandomAffine.py,11,124,maintained,NumpyEventFrameRandomAffine,high-branch-density,medium,inference,medium,AST branch proxy=13
algorithm/common/src/EvEye/utils/dvs_common_utils/processor/NumpyEventRandomAffine.py,158,158,maintained,main,library-print,low,inference,medium,print call in maintained non-script module
algorithm/common/src/EvEye/utils/dvs_common_utils/processor/NumpyEventRandomAffine.py,159,159,maintained,main,library-print,low,inference,medium,print call in maintained non-script module
algorithm/common/src/EvEye/utils/dvs_common_utils/processor/NumpyEventRandomAffine.py,160,160,maintained,main,library-print,low,inference,medium,print call in maintained non-script module
algorithm/common/src/EvEye/utils/dvs_common_utils/representation/FrameStack.py,5,201,maintained,FrameStackBuilder,large-class,medium,fact,high,class spans 197 lines
algorithm/common/src/EvEye/utils/dvs_common_utils/representation/FrameStack.py,18,146,maintained,FrameStackBuilder.__call__,large-function,high,fact,high,function spans 129 lines
algorithm/common/src/EvEye/utils/dvs_common_utils/representation/FrameStack.py,208,208,maintained,main,hard-coded-absolute-path,high,fact,high,"txt_path = ""/mnt/data2T/junyuan/eye-tracking/EV_Eye_dataset/raw_data/Data_davis/user1/left/session_1_0_1/events/events.txt"""
algorithm/common/src/EvEye/utils/dvs_common_utils/representation/Histgram.py,114,114,maintained,main,hard-coded-absolute-path,high,fact,high,"txt_path = ""/mnt/data2T/junyuan/eye-tracking/EV_Eye_dataset/raw_data/Data_davis/user1/left/session_1_0_1/events/events.txt"""
algorithm/common/src/EvEye/utils/dvs_common_utils/representation/NumpyFrameStack.py,4,68,maintained,NumpyFrameStack,large-function,medium,fact,high,function spans 65 lines
algorithm/common/src/EvEye/utils/dvs_common_utils/representation/TimeSurface.py,88,88,maintained,main,hard-coded-absolute-path,high,fact,high,"txt_path = ""/mnt/data2T/junyuan/eye-tracking/EV_Eye_dataset/raw_data/Data_davis/user1/left/session_1_0_1/events/events.txt"""
algorithm/common/src/EvEye/utils/dvs_common_utils/representation/TorchFrameStack.py,5,81,maintained,TorchFrameStack,large-function,medium,fact,high,function spans 77 lines
algorithm/common/src/EvEye/utils/dvs_common_utils/utils/aedat4_processor.py,345,426,maintained,aedat_to_rgb_framestacks_synced_with_video,large-function,medium,fact,high,function spans 82 lines
algorithm/common/src/EvEye/utils/dvs_common_utils/utils/aedat4_processor.py,435,435,maintained,<module>,library-print,low,inference,medium,print call in maintained non-script module
algorithm/common/src/EvEye/utils/dvs_common_utils/utils/event_slicer.py,10,169,maintained,EventSlicer,large-class,medium,fact,high,class spans 160 lines
algorithm/common/src/EvEye/utils/dvs_common_utils/utils/event_slicer.py,10,169,maintained,EventSlicer,high-branch-density,medium,inference,medium,AST branch proxy=14
algorithm/common/src/EvEye/utils/dvs_common_utils/utils/event_visualizer.py,24,24,maintained,main,library-print,low,inference,medium,print call in maintained non-script module
algorithm/common/src/EvEye/utils/dvs_common_utils/utils/visualization_utils.py,51,51,maintained,get_video,library-print,low,inference,medium,print call in maintained non-script module
algorithm/common/src/EvEye/utils/processor/HDF5Processor.py,101,101,maintained,main,library-print,low,inference,medium,print call in maintained non-script module
algorithm/common/src/EvEye/utils/processor/HDF5Processor.py,103,103,maintained,main,library-print,low,inference,medium,print call in maintained non-script module
algorithm/common/src/EvEye/utils/processor/HDF5Processor.py,99,99,maintained,main,hard-coded-absolute-path,high,fact,high,"h5_path = ""/mnt/data2T/junyuan/eye-tracking/1_2.h5"""
algorithm/common/src/EvEye/utils/processor/MatProcessor.py,96,96,maintained,main,library-print,low,inference,medium,print call in maintained non-script module
algorithm/common/src/EvEye/utils/processor/MatProcessor.py,99,99,maintained,main,library-print,low,inference,medium,print call in maintained non-script module
algorithm/common/src/EvEye/utils/processor/MatProcessor.py,100,100,maintained,main,library-print,low,inference,medium,print call in maintained non-script module
algorithm/common/src/EvEye/utils/processor/MatProcessor.py,92,92,maintained,main,hard-coded-absolute-path,high,fact,high,"mat_path = ""/mnt/data2T/junyuan/eye-tracking/EV_Eye_dataset/processed_data/Frame_event_pupil_track_result/left/update_20_point_user1_session_1_0_1.mat"""
algorithm/common/src/EvEye/utils/processor/TxtProcessor.py,81,81,maintained,main,library-print,low,inference,medium,print call in maintained non-script module
algorithm/common/src/EvEye/utils/processor/TxtProcessor.py,82,82,maintained,main,library-print,low,inference,medium,print call in maintained non-script module
algorithm/common/src/EvEye/utils/processor/TxtProcessor.py,79,79,maintained,main,hard-coded-absolute-path,high,fact,high,"""/mnt/data2T/junyuan/eye-tracking/datasets/DavisEyeCenterDataset/train/label/user1_left_session_1_0_1_centers.txt"""
algorithm/common/src/EvEye/utils/scripts/add_prefix.py,21,21,maintained,main,hard-coded-absolute-path,high,fact,high,"target_directory = ""/mnt/data2T/junyuan/eye-tracking/datasets/Data_davis_labelled_with_mask/right/data"""
algorithm/common/src/EvEye/utils/scripts/build_cached_frames_for_dean.py,76,153,maintained,build_split,large-function,medium,fact,high,function spans 78 lines
algorithm/common/src/EvEye/utils/scripts/build_cached_frames_for_dean.py,76,153,maintained,build_split,high-branch-density,medium,inference,medium,AST branch proxy=13
algorithm/common/src/EvEye/utils/scripts/build_dean_dataset_from_ev_eye.py,185,257,maintained,main,large-function,medium,fact,high,function spans 73 lines
algorithm/common/src/EvEye/utils/scripts/build_dean_dataset_from_ev_eye.py,192,192,maintained,main,hard-coded-absolute-path,high,fact,high,"default=Path(""/home/kjm26/project/dataset/XR/EV_Eye/raw_data""),"
algorithm/common/src/EvEye/utils/scripts/build_dean_dataset_from_ev_eye.py,197,197,maintained,main,hard-coded-absolute-path,high,fact,high,"default=Path(""/home/kjm26/project/dataset/XR/EV_Eye/raw_data/DeanDataset""),"
algorithm/common/src/EvEye/utils/scripts/build_full_dean_dataset_with_unet.py,103,172,maintained,save_sample,large-function,medium,fact,high,function spans 70 lines
algorithm/common/src/EvEye/utils/scripts/build_full_dean_dataset_with_unet.py,256,325,maintained,process_session,large-function,medium,fact,high,function spans 70 lines
algorithm/common/src/EvEye/utils/scripts/build_full_dean_dataset_with_unet.py,361,559,maintained,main,large-function,high,fact,high,function spans 199 lines
algorithm/common/src/EvEye/utils/scripts/build_full_dean_dataset_with_unet.py,361,559,maintained,main,high-branch-density,medium,inference,medium,AST branch proxy=20
algorithm/common/src/EvEye/utils/scripts/build_full_dean_dataset_with_unet.py,458,458,maintained,main,dynamic-execution,high,fact,high,eval
algorithm/common/src/EvEye/utils/scripts/build_full_dean_dataset_with_unet.py,372,372,maintained,main,hard-coded-absolute-path,high,fact,high,"default=Path(""/home/kjm26/project/dataset/XR/EV_Eye/raw_data""),"
algorithm/common/src/EvEye/utils/scripts/build_full_dean_dataset_with_unet.py,383,383,maintained,main,hard-coded-absolute-path,high,fact,high,"""/home/kjm26/project/dataset/XR/EV_Eye/raw_data/DeanDataset_full_unet"""
algorithm/common/src/EvEye/utils/scripts/build_hbtxr_subject_independent_results_report.py,19,19,maintained,parse_args,very-long-line,low,fact,high,line length=166
algorithm/common/src/EvEye/utils/scripts/build_hbtxr_subject_independent_results_report.py,102,102,maintained,write_split_section,very-long-line,low,fact,high,line length=168
algorithm/common/src/EvEye/utils/scripts/build_hbtxr_subject_independent_results_report.py,115,115,maintained,write_split_section,very-long-line,low,fact,high,line length=167
algorithm/common/src/EvEye/utils/scripts/build_hbtxr_subject_independent_results_report.py,161,161,maintained,main,very-long-line,low,fact,high,line length=233
algorithm/common/src/EvEye/utils/scripts/build_hbtxr_val_motion_detailed_report.py,51,280,maintained,main,large-function,high,fact,high,function spans 230 lines
algorithm/common/src/EvEye/utils/scripts/build_hbtxr_val_motion_detailed_report.py,109,109,maintained,main,very-long-line,low,fact,high,line length=171
algorithm/common/src/EvEye/utils/scripts/build_hbtxr_val_motion_detailed_report.py,114,114,maintained,main,very-long-line,low,fact,high,line length=171
algorithm/common/src/EvEye/utils/scripts/build_hbtxr_val_motion_detailed_report.py,140,140,maintained,main,very-long-line,low,fact,high,line length=180
algorithm/common/src/EvEye/utils/scripts/build_hbtxr_val_motion_detailed_report.py,162,162,maintained,main,very-long-line,low,fact,high,line length=185
algorithm/common/src/EvEye/utils/scripts/build_hbtxr_val_motion_detailed_report.py,205,205,maintained,main,very-long-line,low,fact,high,line length=174
algorithm/common/src/EvEye/utils/scripts/build_hbtxr_val_motion_detailed_report.py,251,251,maintained,main,very-long-line,low,fact,high,line length=205
algorithm/common/src/EvEye/utils/scripts/build_hbtxr_val_motion_detailed_report.py,257,257,maintained,main,very-long-line,low,fact,high,line length=173
algorithm/common/src/EvEye/utils/scripts/build_hbtxr_val_motion_detailed_report.py,266,266,maintained,main,very-long-line,low,fact,high,line length=168
algorithm/common/src/EvEye/utils/scripts/build_hbtxr_val_motion_detailed_report.py,267,267,maintained,main,very-long-line,low,fact,high,line length=164
algorithm/common/src/EvEye/utils/scripts/build_reproduction_summary.py,152,255,maintained,make_markdown,large-function,medium,fact,high,function spans 104 lines
algorithm/common/src/EvEye/utils/scripts/build_reproduction_summary.py,152,255,maintained,make_markdown,high-branch-density,medium,inference,medium,AST branch proxy=22
algorithm/common/src/EvEye/utils/scripts/build_unet_dataset_from_h5.py,58,174,maintained,build_dataset,large-function,medium,fact,high,function spans 117 lines
algorithm/common/src/EvEye/utils/scripts/build_unet_dataset_from_h5.py,58,174,maintained,build_dataset,high-branch-density,medium,inference,medium,AST branch proxy=17
algorithm/common/src/EvEye/utils/scripts/build_unet_dataset_from_h5.py,111,113,maintained,build_dataset,broad-except,medium,fact,high,catches Exception
algorithm/common/src/EvEye/utils/scripts/build_unet_dataset_from_h5.py,185,185,maintained,main,hard-coded-absolute-path,high,fact,high,"""/home/kjm26/project/dataset/XR/EV_Eye/raw_data/Data_davis_labelled_with_mask"""
algorithm/common/src/EvEye/utils/scripts/build_unet_dataset_from_h5.py,192,192,maintained,main,hard-coded-absolute-path,high,fact,high,"""/home/kjm26/project/dataset/XR/EV_Eye/raw_data/DavisWithMaskDataset_labelled_subset"""
algorithm/common/src/EvEye/utils/scripts/check_reproduction_status.py,318,384,maintained,check_dataset_manifests,large-function,medium,fact,high,function spans 67 lines
algorithm/common/src/EvEye/utils/scripts/check_reproduction_status.py,427,559,maintained,check_checkpoints,large-function,high,fact,high,function spans 133 lines
algorithm/common/src/EvEye/utils/scripts/check_reproduction_status.py,427,559,maintained,check_checkpoints,high-branch-density,medium,inference,medium,AST branch proxy=20
algorithm/common/src/EvEye/utils/scripts/check_reproduction_status.py,562,623,maintained,validate_eval_result_json,large-function,medium,fact,high,function spans 62 lines
algorithm/common/src/EvEye/utils/scripts/check_reproduction_status.py,562,623,maintained,validate_eval_result_json,high-branch-density,medium,inference,medium,AST branch proxy=13
algorithm/common/src/EvEye/utils/scripts/check_reproduction_status.py,626,685,maintained,validate_comparison_json,high-branch-density,medium,inference,medium,AST branch proxy=20
algorithm/common/src/EvEye/utils/scripts/check_reproduction_status.py,688,764,maintained,validate_summary_json,large-function,medium,fact,high,function spans 77 lines
algorithm/common/src/EvEye/utils/scripts/check_reproduction_status.py,688,764,maintained,validate_summary_json,high-branch-density,medium,inference,medium,AST branch proxy=23
algorithm/common/src/EvEye/utils/scripts/check_reproduction_status.py,767,886,maintained,check_final_evaluation,large-function,medium,fact,high,function spans 120 lines
algorithm/common/src/EvEye/utils/scripts/check_reproduction_status.py,767,886,maintained,check_final_evaluation,high-branch-density,medium,inference,medium,AST branch proxy=19
algorithm/common/src/EvEye/utils/scripts/check_reproduction_status.py,183,184,maintained,run_command,broad-except,medium,fact,high,catches Exception
algorithm/common/src/EvEye/utils/scripts/check_reproduction_status.py,9,9,maintained,<module>,hard-coded-absolute-path,high,fact,high,"ROOT = Path(""/home/kjm26/project/PRJXR/HBTXR"")"
algorithm/common/src/EvEye/utils/scripts/check_reproduction_status.py,12,12,maintained,<module>,hard-coded-absolute-path,high,fact,high,"RAW_ROOT = Path(""/home/kjm26/project/dataset/XR/EV_Eye/raw_data"")"
algorithm/common/src/EvEye/utils/scripts/check_reproduction_status.py,875,875,maintained,check_final_evaluation,very-long-line,low,fact,high,line length=174
algorithm/common/src/EvEye/utils/scripts/check_reproduction_status.py,937,937,maintained,make_markdown,very-long-line,low,fact,high,line length=187
algorithm/common/src/EvEye/utils/scripts/evaluate_epnet_checkpoint.py,156,240,maintained,main,large-function,medium,fact,high,function spans 85 lines
algorithm/common/src/EvEye/utils/scripts/evaluate_epnet_checkpoint.py,46,46,maintained,evaluate_metrics,dynamic-execution,high,fact,high,eval
algorithm/common/src/EvEye/utils/scripts/evaluate_epnet_checkpoint.py,80,80,maintained,measure_flops,dynamic-execution,high,fact,high,eval
algorithm/common/src/EvEye/utils/scripts/evaluate_epnet_checkpoint.py,87,87,maintained,measure_latency_ms,dynamic-execution,high,fact,high,eval
algorithm/common/src/EvEye/utils/scripts/evaluate_hbtxr_frame_motion_package.py,255,335,maintained,run_inference,large-function,medium,fact,high,function spans 81 lines
algorithm/common/src/EvEye/utils/scripts/evaluate_hbtxr_frame_motion_package.py,441,557,maintained,write_tables_and_figures,large-function,medium,fact,high,function spans 117 lines
algorithm/common/src/EvEye/utils/scripts/evaluate_hbtxr_frame_motion_package.py,566,676,maintained,write_report,large-function,medium,fact,high,function spans 111 lines
algorithm/common/src/EvEye/utils/scripts/evaluate_hbtxr_frame_motion_package.py,152,152,maintained,load_split_ellipses,dynamic-execution,high,fact,high,eval
algorithm/common/src/EvEye/utils/scripts/evaluate_hbtxr_frame_motion_package.py,251,251,maintained,load_model,dynamic-execution,high,fact,high,eval
algorithm/common/src/EvEye/utils/scripts/evaluate_hbtxr_frame_motion_package.py,139,140,maintained,discover_frame_map,broad-except,medium,fact,high,catches Exception
algorithm/common/src/EvEye/utils/scripts/evaluate_hbtxr_frame_motion_package.py,379,380,maintained,build_manual_gt_lookup,broad-except,medium,fact,high,catches Exception
algorithm/common/src/EvEye/utils/scripts/evaluate_hbtxr_frame_motion_package.py,385,386,maintained,build_manual_gt_lookup,broad-except,medium,fact,high,catches Exception
algorithm/common/src/EvEye/utils/scripts/evaluate_hbtxr_frame_motion_package.py,255,255,maintained,run_inference,very-long-line,low,fact,high,line length=180
algorithm/common/src/EvEye/utils/scripts/evaluate_hbtxr_frame_motion_package.py,441,441,maintained,write_tables_and_figures,very-long-line,low,fact,high,line length=177
algorithm/common/src/EvEye/utils/scripts/evaluate_hbtxr_frame_motion_package.py,566,566,maintained,write_report,very-long-line,low,fact,high,line length=170
algorithm/common/src/EvEye/utils/scripts/evaluate_hbtxr_frame_motion_package.py,611,611,maintained,write_report,very-long-line,low,fact,high,line length=199
algorithm/common/src/EvEye/utils/scripts/evaluate_hbtxr_frame_motion_package.py,620,620,maintained,write_report,very-long-line,low,fact,high,line length=200
algorithm/common/src/EvEye/utils/scripts/evaluate_hbtxr_frame_motion_package.py,629,629,maintained,write_report,very-long-line,low,fact,high,line length=202
algorithm/common/src/EvEye/utils/scripts/evaluate_hbtxr_frame_motion_package.py,630,630,maintained,write_report,very-long-line,low,fact,high,line length=166
algorithm/common/src/EvEye/utils/scripts/evaluate_hbtxr_frame_motion_package.py,639,639,maintained,write_report,very-long-line,low,fact,high,line length=190
algorithm/common/src/EvEye/utils/scripts/evaluate_hbtxr_frame_motion_package.py,653,653,maintained,write_report,very-long-line,low,fact,high,line length=223
algorithm/common/src/EvEye/utils/scripts/evaluate_hbtxr_frame_motion_package.py,661,661,maintained,write_report,very-long-line,low,fact,high,line length=161
algorithm/common/src/EvEye/utils/scripts/evaluate_hbtxr_frame_motion_package.py,664,664,maintained,write_report,very-long-line,low,fact,high,line length=266
algorithm/common/src/EvEye/utils/scripts/evaluate_hbtxr_frame_motion_package.py,667,667,maintained,write_report,very-long-line,low,fact,high,line length=341
algorithm/common/src/EvEye/utils/scripts/evaluate_hbtxr_val_motion.py,255,336,maintained,run_inference,large-function,medium,fact,high,function spans 82 lines
algorithm/common/src/EvEye/utils/scripts/evaluate_hbtxr_val_motion.py,442,558,maintained,write_tables_and_figures,large-function,medium,fact,high,function spans 117 lines
algorithm/common/src/EvEye/utils/scripts/evaluate_hbtxr_val_motion.py,567,677,maintained,write_report,large-function,medium,fact,high,function spans 111 lines
algorithm/common/src/EvEye/utils/scripts/evaluate_hbtxr_val_motion.py,152,152,maintained,load_split_ellipses,dynamic-execution,high,fact,high,eval
algorithm/common/src/EvEye/utils/scripts/evaluate_hbtxr_val_motion.py,251,251,maintained,load_model,dynamic-execution,high,fact,high,eval
algorithm/common/src/EvEye/utils/scripts/evaluate_hbtxr_val_motion.py,139,140,maintained,discover_frame_map,broad-except,medium,fact,high,catches Exception
algorithm/common/src/EvEye/utils/scripts/evaluate_hbtxr_val_motion.py,380,381,maintained,build_manual_gt_lookup,broad-except,medium,fact,high,catches Exception
algorithm/common/src/EvEye/utils/scripts/evaluate_hbtxr_val_motion.py,386,387,maintained,build_manual_gt_lookup,broad-except,medium,fact,high,catches Exception
algorithm/common/src/EvEye/utils/scripts/evaluate_hbtxr_val_motion.py,255,255,maintained,run_inference,very-long-line,low,fact,high,line length=180
algorithm/common/src/EvEye/utils/scripts/evaluate_hbtxr_val_motion.py,442,442,maintained,write_tables_and_figures,very-long-line,low,fact,high,line length=177
algorithm/common/src/EvEye/utils/scripts/evaluate_hbtxr_val_motion.py,567,567,maintained,write_report,very-long-line,low,fact,high,line length=170
algorithm/common/src/EvEye/utils/scripts/evaluate_hbtxr_val_motion.py,612,612,maintained,write_report,very-long-line,low,fact,high,line length=199
algorithm/common/src/EvEye/utils/scripts/evaluate_hbtxr_val_motion.py,621,621,maintained,write_report,very-long-line,low,fact,high,line length=200
algorithm/common/src/EvEye/utils/scripts/evaluate_hbtxr_val_motion.py,630,630,maintained,write_report,very-long-line,low,fact,high,line length=202
algorithm/common/src/EvEye/utils/scripts/evaluate_hbtxr_val_motion.py,631,631,maintained,write_report,very-long-line,low,fact,high,line length=166
algorithm/common/src/EvEye/utils/scripts/evaluate_hbtxr_val_motion.py,640,640,maintained,write_report,very-long-line,low,fact,high,line length=190
algorithm/common/src/EvEye/utils/scripts/evaluate_hbtxr_val_motion.py,654,654,maintained,write_report,very-long-line,low,fact,high,line length=223
algorithm/common/src/EvEye/utils/scripts/evaluate_hbtxr_val_motion.py,662,662,maintained,write_report,very-long-line,low,fact,high,line length=161
algorithm/common/src/EvEye/utils/scripts/evaluate_hbtxr_val_motion.py,665,665,maintained,write_report,very-long-line,low,fact,high,line length=266
algorithm/common/src/EvEye/utils/scripts/evaluate_hbtxr_val_motion.py,668,668,maintained,write_report,very-long-line,low,fact,high,line length=341
algorithm/common/src/EvEye/utils/scripts/export_hbtxr_subject_independent_for_targets.py,143,198,maintained,export_threeet_tree,high-branch-density,medium,inference,medium,AST branch proxy=19
algorithm/common/src/EvEye/utils/scripts/export_hbtxr_subject_independent_for_targets.py,205,205,maintained,parse_args,hard-coded-absolute-path,high,fact,high,"default=""/home/kjm26/project/dataset/XR/EV_Eye/raw_data/DeanDataset_full_unet_subject_independent"","
algorithm/common/src/EvEye/utils/scripts/find_center.py,8,8,maintained,<module>,hard-coded-absolute-path,high,fact,high,"image_path = ""/mnt/data2T/junyuan/eye-tracking/outputs/OutputGroundTruth"""
algorithm/common/src/EvEye/utils/scripts/find_center.py,9,9,maintained,<module>,hard-coded-absolute-path,high,fact,high,"image_output_path = ""/mnt/data2T/junyuan/eye-tracking/outputs/image_with_center"""
algorithm/common/src/EvEye/utils/scripts/getDavisEyeCenterDataset.py,7,7,maintained,<module>,hard-coded-absolute-path,high,fact,high,"root_path = Path(""/mnt/data2T/junyuan/eye-tracking/EV_Eye_dataset/raw_data/Data_davis"")"
algorithm/common/src/EvEye/utils/scripts/getDavisEyeCenterDataset.py,9,9,maintained,<module>,hard-coded-absolute-path,high,fact,high,"""/mnt/data2T/junyuan/eye-tracking/datasets/DavisEyeCenterDataset"""
algorithm/common/src/EvEye/utils/scripts/getDavisEyeCenterDataset.py,13,13,maintained,<module>,hard-coded-absolute-path,high,fact,high,"""/mnt/data2T/junyuan/eye-tracking/datasets/DavisEyeCenterDataset_frames"""
algorithm/common/src/EvEye/utils/scripts/h5_to_png.py,61,61,maintained,main,hard-coded-absolute-path,high,fact,high,"""/mnt/data2T/junyuan/eye-tracking/datasets/Data_davis_labelled_with_mask/right"","
algorithm/common/src/EvEye/utils/scripts/measure_hbtxr_target_complexity.py,48,48,maintained,profile_model,dynamic-execution,high,fact,high,eval
algorithm/common/src/EvEye/utils/scripts/measure_hbtxr_target_complexity.py,215,217,maintained,measure_one,broad-except,medium,fact,high,catches Exception
algorithm/common/src/EvEye/utils/scripts/output_groundtruth.py,10,10,maintained,<module>,wildcard-import,medium,fact,high,from EvEye.utils.visualization.visualization import *
algorithm/common/src/EvEye/utils/scripts/output_groundtruth.py,85,85,maintained,main,dynamic-execution,high,fact,high,eval
algorithm/common/src/EvEye/utils/scripts/output_groundtruth.py,18,18,maintained,<module>,hard-coded-absolute-path,high,fact,high,"folder_path = ""/mnt/data2T/junyuan/eye-tracking/EV_Eye_dataset/raw_data/Data_davis"""
algorithm/common/src/EvEye/utils/scripts/probe_hbtxr_batch_size.py,39,119,maintained,probe_batch_size,large-function,medium,fact,high,function spans 81 lines
algorithm/common/src/EvEye/utils/scripts/process_closed_eyes.py,55,55,maintained,main,hard-coded-absolute-path,high,fact,high,"folder_path = ""/mnt/data2T/junyuan/eye-tracking/datasets/DavisEyeCenterDataset/test/label""  # Replace with your folder path"
algorithm/common/src/EvEye/utils/scripts/remove_000001_prefix.py,19,19,maintained,main,hard-coded-absolute-path,high,fact,high,"""/mnt/data2T/junyuan/eye-tracking/datasets/DavisEyeCenterDataset/val/label"""
algorithm/common/src/EvEye/utils/scripts/rename_png.py,24,24,maintained,main,hard-coded-absolute-path,high,fact,high,"""/mnt/data2T/junyuan/eye-tracking/outputs/EventsFrames""  # Change to your directory path"
algorithm/common/src/EvEye/utils/scripts/resplit_dean_dataset_by_subject.py,284,328,maintained,main,high-branch-density,medium,inference,medium,AST branch proxy=14
algorithm/common/src/EvEye/utils/scripts/resplit_dean_dataset_by_subject.py,48,48,maintained,parse_shape_dtype,dynamic-execution,high,fact,high,eval
algorithm/common/src/EvEye/utils/scripts/resplit_dean_dataset_by_subject.py,266,266,maintained,parse_args,hard-coded-absolute-path,high,fact,high,"default=Path(""/home/kjm26/project/dataset/XR/EV_Eye/raw_data/DeanDataset_full_unet""),"
algorithm/common/src/EvEye/utils/scripts/resplit_dean_dataset_by_subject.py,271,271,maintained,parse_args,hard-coded-absolute-path,high,fact,high,"default=Path(""/home/kjm26/project/dataset/XR/EV_Eye/raw_data/DeanDataset_full_unet_subject_independent""),"
algorithm/common/src/EvEye/utils/scripts/split_train_val.py,105,105,maintained,main,hard-coded-absolute-path,high,fact,high,"#     ""/mnt/data2T/junyuan/eye-tracking/datasets/Data_davis_labelled_with_mask/val/data"""
algorithm/common/src/EvEye/utils/scripts/split_train_val.py,109,109,maintained,main,hard-coded-absolute-path,high,fact,high,"#     source_path=""/mnt/data2T/junyuan/eye-tracking/datasets/Data_davis_labelled_with_mask/right/label"","
algorithm/common/src/EvEye/utils/scripts/split_train_val.py,110,110,maintained,main,hard-coded-absolute-path,high,fact,high,"#     target_path=""/mnt/data2T/junyuan/eye-tracking/datasets/Data_davis_labelled_with_mask/label"","
algorithm/common/src/EvEye/utils/scripts/split_train_val.py,114,114,maintained,main,hard-coded-absolute-path,high,fact,high,"base_path=""/mnt/data2T/junyuan/eye-tracking/datasets/Data_davis_labelled_with_mask"","
algorithm/common/src/EvEye/utils/scripts/split_train_val.py,119,119,maintained,<module>,hard-coded-absolute-path,high,fact,high,"#     path_1=""/mnt/data2T/junyuan/eye-tracking/datasets/Data_davis_labelled_with_mask/val/data"","
algorithm/common/src/EvEye/utils/scripts/split_train_val.py,120,120,maintained,<module>,hard-coded-absolute-path,high,fact,high,"#     path_2=""/mnt/data2T/junyuan/eye-tracking/datasets/Data_davis_labelled_with_mask/val/label"","
algorithm/common/src/EvEye/utils/scripts/validate_hbtxr_motion_eval_artifacts.py,92,157,maintained,validate_split,large-function,medium,fact,high,function spans 66 lines
algorithm/common/src/EvEye/utils/scripts/validate_hbtxr_motion_eval_artifacts.py,92,157,maintained,validate_split,high-branch-density,medium,inference,medium,AST branch proxy=16
algorithm/common/src/EvEye/utils/scripts/validate_hbtxr_motion_eval_artifacts.py,81,83,maintained,validate_csv,broad-except,medium,fact,high,catches Exception
algorithm/common/src/EvEye/utils/tonic/functional/ToFrameStack.py,135,135,maintained,main,library-print,low,inference,medium,print call in maintained non-script module
algorithm/common/src/EvEye/utils/visualization/play_images.py,50,50,maintained,play_images,library-print,low,inference,medium,print call in maintained non-script module
algorithm/common/src/EvEye/utils/visualization/play_images.py,55,55,maintained,main,hard-coded-absolute-path,high,fact,high,"image_path = ""/mnt/data2T/junyuan/eye-tracking/outputs/50time_50segment_causal_linear_max200_user1_left_session_1_0_1""  # Set the folder path containing the images"
algorithm/common/src/EvEye/utils/visualization/play_images.py,55,55,maintained,main,very-long-line,low,fact,high,line length=167
algorithm/common/src/EvEye/utils/visualization/visualization.py,7,70,maintained,visualize,large-function,medium,fact,high,function spans 64 lines
algorithm/common/src/EvEye/utils/visualization/visualization.py,106,108,maintained,load_image,library-print,low,inference,medium,print call in maintained non-script module
algorithm/common/src/EvEye/utils/visualization/visualization.py,139,139,maintained,save_image,library-print,low,inference,medium,print call in maintained non-script module
algorithm/common/src/EvEye/utils/visualization/visualization.py,217,217,maintained,ensure_same_size,library-print,low,inference,medium,print call in maintained non-script module
algorithm/common/src/EvEye/utils/visualization/visualization.py,236,236,maintained,ensure_same_dtype,library-print,low,inference,medium,print call in maintained non-script module
algorithm/common/src/EvEye/utils/visualization/visualization.py,533,533,maintained,main,hard-coded-absolute-path,high,fact,high,"image_path = ""/mnt/data2T/junyuan/eye-tracking/datasets/Data_davis_labelled_with_mask/test/data/left_user10_session_1_0_2_0.png"""
algorithm/common/src/EvEye/utils/visualization/visualization.py,534,534,maintained,main,hard-coded-absolute-path,high,fact,high,"label_path = ""/mnt/data2T/junyuan/eye-tracking/outputs/TestDataset/left_user10_session_1_0_2_0.png"""
algorithm/common/tests/facet/visualize_TennSt_model_test.py,17,17,test,<module>,wildcard-import,medium,fact,high,from EvEye.utils.visualization.visualization import *
algorithm/common/tests/facet/visualize_TennSt_model_test.py,31,31,test,streaming_inference,dynamic-execution,high,fact,high,eval
algorithm/common/tests/facet/visualize_TennSt_model_test.py,25,25,test,<module>,hard-coded-absolute-path,high,fact,high,"data_path = ""/mnt/data2T/junyuan/Datasets/datasets/DavisEyeCenterDataset/data/user1_left_session_1_0_1_events.txt"""
algorithm/common/tests/facet/visualize_TennSt_model_test.py,27,27,test,<module>,hard-coded-absolute-path,high,fact,high,"output_path = ""/mnt/data2T/junyuan/eye-tracking/outputs/TennSt_Output"""
algorithm/common/tests/facet/visualize_events_frame.py,44,124,test,main,large-function,medium,fact,high,function spans 81 lines
algorithm/common/tests/facet/visualize_events_frame.py,17,17,test,<module>,hard-coded-absolute-path,high,fact,high,"base_path = ""/mnt/data2T/junyuan/eye-tracking/datasets/DavisEyeCenterDataset/train"""
algorithm/common/tests/facet/visualize_events_frame.py,18,18,test,<module>,hard-coded-absolute-path,high,fact,high,"ouptut_base_path = ""/mnt/data2T/junyuan/eye-tracking/outputs/EventsFrames"""
algorithm/common/tests/facet/visualize_events_frame.py,83,83,test,main,hard-coded-absolute-path,high,fact,high,"""/mnt/data2T/junyuan/eye-tracking/Recording.txt"", ""a"""
algorithm/common/tests/facet/visualize_events_test.py,19,19,test,<module>,hard-coded-absolute-path,high,fact,high,"default=""/mnt/data2T/junyuan/eye-tracking/EV_Eye_dataset/raw_data/Data_davis/user1/left/session_1_0_1/events/events.txt"","
algorithm/common/tests/facet/visualize_events_test.py,24,24,test,<module>,hard-coded-absolute-path,high,fact,high,"default=""/mnt/data2T/junyuan/eye-tracking/outputs/visualize_events_test_framestack_causal_linear_1"","
algorithm/common/tests/facet/visualize_model_test.py,8,8,test,<module>,wildcard-import,medium,fact,high,from EvEye.utils.visualization.visualization import *
algorithm/common/tests/facet/visualize_model_test.py,52,52,test,main,dynamic-execution,high,fact,high,eval
algorithm/common/tests/facet/visualize_model_test.py,21,21,test,<module>,hard-coded-absolute-path,high,fact,high,"default=""/mnt/data2T/junyuan/eye-tracking/outputs/OutputGroundTruth"","
algorithm/hybrid/scripts/external_pipeline/annotate_groundedsam_ev_eye.py,52,52,maintained,build_argparser,very-long-line,low,fact,high,line length=161
algorithm/hybrid/scripts/external_pipeline/build_groundedsam_dataset.py,85,182,maintained,main,large-function,medium,fact,high,function spans 98 lines
algorithm/hybrid/scripts/external_pipeline/build_groundedsam_dataset.py,49,49,maintained,build_argparser,very-long-line,low,fact,high,line length=183
algorithm/hybrid/scripts/external_pipeline/build_groundedsam_dataset.py,78,78,maintained,build_argparser,very-long-line,low,fact,high,line length=165
algorithm/hybrid/scripts/external_pipeline/eval_hbtxr.py,62,146,maintained,main,large-function,medium,fact,high,function spans 85 lines
algorithm/hybrid/scripts/external_pipeline/eval_hbtxr.py,62,146,maintained,main,high-branch-density,medium,inference,medium,AST branch proxy=20
algorithm/hybrid/scripts/external_pipeline/eval_hbtxr.py,112,112,maintained,main,dynamic-execution,high,fact,high,eval
algorithm/hybrid/scripts/external_pipeline/infer_hbtxr.py,61,145,maintained,main,large-function,medium,fact,high,function spans 85 lines
algorithm/hybrid/scripts/external_pipeline/infer_hbtxr.py,61,145,maintained,main,high-branch-density,medium,inference,medium,AST branch proxy=22
algorithm/hybrid/scripts/external_pipeline/infer_hbtxr.py,111,111,maintained,main,dynamic-execution,high,fact,high,eval
algorithm/hybrid/scripts/external_pipeline/prepare_ev_eye.py,61,61,maintained,build_argparser,very-long-line,low,fact,high,line length=181
algorithm/hybrid/scripts/external_pipeline/prepare_ev_eye.py,64,64,maintained,build_argparser,very-long-line,low,fact,high,line length=181
algorithm/hybrid/scripts/external_pipeline/train_hbtxr.py,76,218,maintained,main,large-function,high,fact,high,function spans 143 lines
algorithm/hybrid/scripts/external_pipeline/train_hbtxr.py,76,218,maintained,main,high-branch-density,medium,inference,medium,AST branch proxy=24
algorithm/hybrid/scripts/external_pipeline/visualize_inference_results.py,42,107,maintained,main,large-function,medium,fact,high,function spans 66 lines
algorithm/hybrid/scripts/external_pipeline/visualize_inference_results.py,42,107,maintained,main,high-branch-density,medium,inference,medium,AST branch proxy=16
algorithm/hybrid/scripts/external_pipeline/visualize_runtime.py,39,91,maintained,main,high-branch-density,medium,inference,medium,AST branch proxy=13
algorithm/hybrid/src/config/run_contract.py,137,263,maintained,RunContractResolver,high-branch-density,medium,inference,medium,AST branch proxy=22
algorithm/hybrid/src/data/components.py,27,264,maintained,AdaptiveRoiResolver,large-class,medium,fact,high,class spans 238 lines
algorithm/hybrid/src/data/components.py,27,264,maintained,AdaptiveRoiResolver,high-branch-density,high,inference,medium,AST branch proxy=34
algorithm/hybrid/src/data/components.py,99,172,maintained,AdaptiveRoiResolver.collect_event_points_for_adaptive_crop,large-function,medium,fact,high,function spans 74 lines
algorithm/hybrid/src/data/components.py,174,250,maintained,AdaptiveRoiResolver.resolve_effective_roi,large-function,medium,fact,high,function spans 77 lines
algorithm/hybrid/src/data/components.py,343,439,maintained,SampleAssembler.assemble,large-function,medium,fact,high,function spans 97 lines
algorithm/hybrid/src/data/components.py,410,410,maintained,SampleAssembler.assemble,very-long-line,low,fact,high,line length=175
algorithm/hybrid/src/data/contracts.py,158,207,maintained,CanonicalSampleMetadata,high-branch-density,medium,inference,medium,AST branch proxy=13
algorithm/hybrid/src/data/contracts.py,172,207,maintained,CanonicalSampleMetadata.__post_init__,high-branch-density,medium,inference,medium,AST branch proxy=13
algorithm/hybrid/src/data/dataset.py,93,289,maintained,EVEyeHBTXRDataset,large-class,medium,fact,high,class spans 197 lines
algorithm/hybrid/src/data/dataset.py,93,289,maintained,EVEyeHBTXRDataset,high-branch-density,medium,inference,medium,AST branch proxy=17
algorithm/hybrid/src/data/dataset.py,94,217,maintained,EVEyeHBTXRDataset.__init__,large-function,high,fact,high,function spans 124 lines
algorithm/hybrid/src/data/dataset.py,94,217,maintained,EVEyeHBTXRDataset.__init__,high-branch-density,medium,inference,medium,AST branch proxy=14
algorithm/hybrid/src/data/dataset.py,94,217,maintained,EVEyeHBTXRDataset.__init__,too-many-parameters,medium,fact,high,parameter count=20
algorithm/hybrid/src/data/dataset.py,248,248,maintained,EVEyeHBTXRDataset._build_transformed_event_from_window,very-long-line,low,fact,high,line length=194
algorithm/hybrid/src/data/dataset.py,257,257,maintained,EVEyeHBTXRDataset._build_transformed_event_from_selection,very-long-line,low,fact,high,line length=193
algorithm/hybrid/src/data/event_builder.py,30,543,maintained,EventInputBuilder,large-class,high,fact,high,class spans 514 lines
algorithm/hybrid/src/data/event_builder.py,30,543,maintained,EventInputBuilder,high-branch-density,high,inference,medium,AST branch proxy=62
algorithm/hybrid/src/data/event_builder.py,416,543,maintained,EventInputBuilder.build,large-function,high,fact,high,function spans 128 lines
algorithm/hybrid/src/data/event_builder.py,442,522,maintained,EventInputBuilder.build._builder,large-function,medium,fact,high,function spans 81 lines
algorithm/hybrid/src/data/pipeline.py,10,122,maintained,DatasetPipeline,high-branch-density,medium,inference,medium,AST branch proxy=16
algorithm/hybrid/src/data/session_reader.py,24,223,maintained,SessionFrameEventReader,large-class,medium,fact,high,class spans 200 lines
algorithm/hybrid/src/data/session_reader.py,24,223,maintained,SessionFrameEventReader,high-branch-density,high,inference,medium,AST branch proxy=54
algorithm/hybrid/src/data/session_reader.py,108,145,maintained,SessionFrameEventReader.load_frame_sensor_from_lazy_session_store,high-branch-density,medium,inference,medium,AST branch proxy=13
algorithm/hybrid/src/data/transform.py,77,77,maintained,crop_with_padding,very-long-line,low,fact,high,line length=179
algorithm/hybrid/src/data/transform.py,127,127,maintained,letterbox_transform,very-long-line,low,fact,high,line length=161
algorithm/hybrid/src/loss/__init__.py,4,4,maintained,<module>,wildcard-import,medium,fact,high,from assigners import *
algorithm/hybrid/src/loss/__init__.py,5,5,maintained,<module>,wildcard-import,medium,fact,high,from common import *
algorithm/hybrid/src/loss/__init__.py,6,6,maintained,<module>,wildcard-import,medium,fact,high,from distillation import *
algorithm/hybrid/src/loss/__init__.py,7,7,maintained,<module>,wildcard-import,medium,fact,high,from primitives import *
algorithm/hybrid/src/loss/__init__.py,8,8,maintained,<module>,wildcard-import,medium,fact,high,from stage import *
algorithm/hybrid/src/loss/bundles/eye.py,157,245,maintained,_dense_eye_detector_loss,large-function,medium,fact,high,function spans 89 lines
algorithm/hybrid/src/loss/bundles/eye.py,314,428,maintained,eye_region_loss,large-function,medium,fact,high,function spans 115 lines
algorithm/hybrid/src/loss/bundles/eye.py,314,428,maintained,eye_region_loss,high-branch-density,medium,inference,medium,AST branch proxy=23
algorithm/hybrid/src/loss/bundles/search_event.py,13,33,maintained,pupil_branch_losses,too-many-parameters,medium,fact,high,parameter count=11
algorithm/hybrid/src/loss/bundles/search_event.py,55,75,maintained,pupil_obb_aux_losses,too-many-parameters,medium,fact,high,parameter count=11
algorithm/hybrid/src/loss/bundles/track.py,44,120,maintained,track_branch_losses,large-function,medium,fact,high,function spans 77 lines
algorithm/hybrid/src/loss/distillation.py,144,262,maintained,compute_regularization_ssl_losses,large-function,medium,fact,high,function spans 119 lines
algorithm/hybrid/src/loss/distillation.py,144,262,maintained,compute_regularization_ssl_losses,high-branch-density,high,inference,medium,AST branch proxy=41
algorithm/hybrid/src/loss/distillation.py,265,359,maintained,compute_distillation_losses,large-function,medium,fact,high,function spans 95 lines
algorithm/hybrid/src/loss/distillation.py,265,359,maintained,compute_distillation_losses,high-branch-density,high,inference,medium,AST branch proxy=44
algorithm/hybrid/src/loss/distillation.py,194,194,maintained,compute_regularization_ssl_losses,very-long-line,low,fact,high,line length=182
algorithm/hybrid/src/loss/distillation.py,258,258,maintained,compute_regularization_ssl_losses,very-long-line,low,fact,high,line length=181
algorithm/hybrid/src/loss/distillation.py,325,325,maintained,compute_distillation_losses,very-long-line,low,fact,high,line length=206
algorithm/hybrid/src/loss/distillation.py,334,334,maintained,compute_distillation_losses,very-long-line,low,fact,high,line length=165
algorithm/hybrid/src/loss/distillation.py,336,336,maintained,compute_distillation_losses,very-long-line,low,fact,high,line length=163
algorithm/hybrid/src/loss/distillation.py,338,338,maintained,compute_distillation_losses,very-long-line,low,fact,high,line length=169
algorithm/hybrid/src/loss/primitives.py,483,538,maintained,HBTXRStageLoss,high-branch-density,medium,inference,medium,AST branch proxy=18
algorithm/hybrid/src/loss/primitives.py,497,538,maintained,HBTXRStageLoss.forward,high-branch-density,medium,inference,medium,AST branch proxy=18
algorithm/hybrid/src/loss/primitives.py,10,10,maintained,<module>,very-long-line,low,fact,high,line length=170
algorithm/hybrid/src/loss/primitives.py,58,58,maintained,AnchorConsistencyLoss.forward,very-long-line,low,fact,high,line length=177
algorithm/hybrid/src/loss/primitives.py,120,120,maintained,MGIoU2DLoss,hard-coded-absolute-path,high,fact,high,# Source: https://github.com/ldtho/MGIoU/blob/main/mgiou/losses.py
algorithm/hybrid/src/loss/primitives.py,215,215,maintained,GazeVelocityLoss.forward,very-long-line,low,fact,high,line length=203
algorithm/hybrid/src/loss/primitives.py,426,426,maintained,TrackBranchLosses.forward,very-long-line,low,fact,high,line length=193
algorithm/hybrid/src/loss/stage2.py,31,177,maintained,compute_stage2_losses,large-function,high,fact,high,function spans 147 lines
algorithm/hybrid/src/loss/stage2.py,31,177,maintained,compute_stage2_losses,high-branch-density,high,inference,medium,AST branch proxy=32
algorithm/hybrid/src/loss/stage_common.py,78,122,maintained,build_loss_sample_weights,high-branch-density,medium,inference,medium,AST branch proxy=23
algorithm/hybrid/src/loss/stage_common.py,189,252,maintained,compute_pupil_branch_log_group,large-function,medium,fact,high,function spans 64 lines
algorithm/hybrid/src/loss_common.py,1,1,maintained,<module>,wildcard-import,medium,fact,high,from src.loss.common import *
algorithm/hybrid/src/loss_distillation.py,1,1,maintained,<module>,wildcard-import,medium,fact,high,from src.loss.distillation import *
algorithm/hybrid/src/loss_primitives.py,1,1,maintained,<module>,wildcard-import,medium,fact,high,from src.loss.primitives import *
algorithm/hybrid/src/loss_stage.py,1,1,maintained,<module>,wildcard-import,medium,fact,high,from src.loss.stage import *
algorithm/hybrid/src/models/heads.py,250,281,maintained,RoiCascadeBBoxHead.__init__,too-many-parameters,medium,fact,high,parameter count=12
algorithm/hybrid/src/models/heads.py,152,153,maintained,_roi_align_feature_map,broad-except,medium,fact,high,catches Exception
algorithm/hybrid/src/models/hybrid_tracker.py,27,470,maintained,HBTXRTracker,large-class,high,fact,high,class spans 444 lines
algorithm/hybrid/src/models/hybrid_tracker.py,27,470,maintained,HBTXRTracker,high-branch-density,medium,inference,medium,AST branch proxy=24
algorithm/hybrid/src/models/hybrid_tracker.py,28,328,maintained,HBTXRTracker.__init__,large-function,high,fact,high,function spans 301 lines
algorithm/hybrid/src/models/hybrid_tracker.py,28,328,maintained,HBTXRTracker.__init__,too-many-parameters,medium,fact,high,parameter count=67
algorithm/hybrid/src/models/hybrid_tracker.py,117,117,maintained,HBTXRTracker.__init__,very-long-line,low,fact,high,line length=161
algorithm/hybrid/src/models/patch_embeddings.py,151,290,maintained,Split1PatchFrontend,high-branch-density,high,inference,medium,AST branch proxy=33
algorithm/hybrid/src/models/patch_embeddings.py,293,375,maintained,Split2PatchFrontend,high-branch-density,medium,inference,medium,AST branch proxy=15
algorithm/hybrid/src/models/preload/pretrained_loader.py,43,111,maintained,load_pretrained_weights,large-function,medium,fact,high,function spans 69 lines
algorithm/hybrid/src/models/pruning.py,210,210,maintained,normalize_compression_cfg,very-long-line,low,fact,high,line length=165
algorithm/hybrid/src/models/tracker/config.py,41,192,maintained,TrackerConfigNormalizer,large-class,medium,fact,high,class spans 152 lines
algorithm/hybrid/src/models/tracker/config.py,41,192,maintained,TrackerConfigNormalizer,high-branch-density,medium,inference,medium,AST branch proxy=25
algorithm/hybrid/src/models/tracker/config.py,42,67,maintained,TrackerConfigNormalizer.__init__,too-many-parameters,medium,fact,high,parameter count=12
algorithm/hybrid/src/models/tracker/encoder.py,11,291,maintained,TrackerTokenEncoder,large-class,medium,fact,high,class spans 281 lines
algorithm/hybrid/src/models/tracker/encoder.py,11,291,maintained,TrackerTokenEncoder,high-branch-density,high,inference,medium,AST branch proxy=60
algorithm/hybrid/src/models/tracker/encoder.py,12,59,maintained,TrackerTokenEncoder.__init__,too-many-parameters,medium,fact,high,parameter count=11
algorithm/hybrid/src/models/tracker/encoder.py,214,291,maintained,TrackerTokenEncoder.map_pretrained_state_dict,large-function,medium,fact,high,function spans 78 lines
algorithm/hybrid/src/models/tracker/encoder.py,214,291,maintained,TrackerTokenEncoder.map_pretrained_state_dict,high-branch-density,high,inference,medium,AST branch proxy=28
algorithm/hybrid/src/models/tracker/head_factory.py,55,247,maintained,TrackerHeadFactory,large-class,medium,fact,high,class spans 193 lines
algorithm/hybrid/src/models/tracker/head_factory.py,55,247,maintained,TrackerHeadFactory,high-branch-density,high,inference,medium,AST branch proxy=31
algorithm/hybrid/src/models/tracker/head_factory.py,56,105,maintained,TrackerHeadFactory.__init__,too-many-parameters,medium,fact,high,parameter count=24
algorithm/hybrid/src/models/tracker/head_factory.py,107,180,maintained,TrackerHeadFactory.build,large-function,medium,fact,high,function spans 74 lines
algorithm/hybrid/src/models/tracker/head_factory.py,107,180,maintained,TrackerHeadFactory.build,high-branch-density,medium,inference,medium,AST branch proxy=14
algorithm/hybrid/src/models/tracker/head_factory.py,107,180,maintained,TrackerHeadFactory.build,too-many-parameters,medium,fact,high,parameter count=17
algorithm/hybrid/src/models/tracker/search_branch.py,9,99,maintained,SearchMaskGuidanceRefiner,high-branch-density,medium,inference,medium,AST branch proxy=13
algorithm/hybrid/src/models/tracker/search_branch.py,102,251,maintained,SearchBranch,high-branch-density,medium,inference,medium,AST branch proxy=25
algorithm/hybrid/src/models/tracker/search_branch.py,10,33,maintained,SearchMaskGuidanceRefiner.__init__,too-many-parameters,medium,fact,high,parameter count=11
algorithm/hybrid/src/models/tracker/search_branch.py,103,136,maintained,SearchBranch.__init__,too-many-parameters,medium,fact,high,parameter count=16
algorithm/hybrid/src/models/tracker/search_branch.py,142,251,maintained,SearchBranch.forward,large-function,medium,fact,high,function spans 110 lines
algorithm/hybrid/src/models/tracker/search_branch.py,142,251,maintained,SearchBranch.forward,high-branch-density,medium,inference,medium,AST branch proxy=24
algorithm/hybrid/src/models/tracker/track_branch.py,39,178,maintained,TrackStateBranch,high-branch-density,medium,inference,medium,AST branch proxy=18
algorithm/hybrid/src/models/tracker/track_branch.py,40,83,maintained,TrackStateBranch.__init__,too-many-parameters,medium,fact,high,parameter count=21
algorithm/hybrid/src/models/tracker/track_branch.py,89,178,maintained,TrackStateBranch.forward,large-function,medium,fact,high,function spans 90 lines
algorithm/hybrid/src/models/tracker/track_branch.py,89,178,maintained,TrackStateBranch.forward,high-branch-density,medium,inference,medium,AST branch proxy=18
algorithm/hybrid/src/optim/adam_mini.py,15,229,maintained,AdamMini,large-class,medium,fact,high,class spans 215 lines
algorithm/hybrid/src/optim/adam_mini.py,15,229,maintained,AdamMini,high-branch-density,high,inference,medium,AST branch proxy=35
algorithm/hybrid/src/optim/adam_mini.py,16,74,maintained,AdamMini.__init__,high-branch-density,medium,inference,medium,AST branch proxy=13
algorithm/hybrid/src/optim/adam_mini.py,16,74,maintained,AdamMini.__init__,too-many-parameters,medium,fact,high,parameter count=11
algorithm/hybrid/src/optim/adam_mini.py,1,1,maintained,<module>,hard-coded-absolute-path,high,fact,high,# Source: https://raw.githubusercontent.com/zyushun/Adam-mini/main/adam_mini/adam_mini.py
algorithm/hybrid/src/optim/adamw.py,1,1,maintained,<module>,hard-coded-absolute-path,high,fact,high,# Source: https://pytorch.org/docs/stable/generated/torch.optim.AdamW.html
algorithm/hybrid/src/optim/adema_mix.py,35,135,maintained,AdEMAMix,high-branch-density,medium,inference,medium,AST branch proxy=18
algorithm/hybrid/src/optim/adema_mix.py,1,1,maintained,<module>,hard-coded-absolute-path,high,fact,high,# Source: https://raw.githubusercontent.com/apple/ml-ademamix/main/pytorch/ademamix.py
algorithm/hybrid/src/optim/adopt.py,14,109,maintained,Adopt,high-branch-density,medium,inference,medium,AST branch proxy=22
algorithm/hybrid/src/optim/adopt.py,50,109,maintained,Adopt.step,high-branch-density,medium,inference,medium,AST branch proxy=17
algorithm/hybrid/src/optim/adopt.py,1,1,maintained,<module>,hard-coded-absolute-path,high,fact,high,# Source: https://raw.githubusercontent.com/huggingface/pytorch-image-models/main/timm/optim/adopt.py
algorithm/hybrid/src/optim/ivon.py,23,267,maintained,IVON,large-class,medium,fact,high,class spans 245 lines
algorithm/hybrid/src/optim/ivon.py,23,267,maintained,IVON,high-branch-density,high,inference,medium,AST branch proxy=48
algorithm/hybrid/src/optim/ivon.py,26,79,maintained,IVON.__init__,too-many-parameters,medium,fact,high,parameter count=14
algorithm/hybrid/src/optim/ivon.py,1,1,maintained,<module>,hard-coded-absolute-path,high,fact,high,# Source: https://raw.githubusercontent.com/team-approx-bayes/ivon/refs/heads/main/ivon/_ivon.py
algorithm/hybrid/src/optim/lion.py,1,1,maintained,<module>,hard-coded-absolute-path,high,fact,high,# Source: https://raw.githubusercontent.com/google/automl/master/lion/lion_pytorch.py
algorithm/hybrid/src/optim/mars.py,79,231,maintained,MARS,large-class,medium,fact,high,class spans 153 lines
algorithm/hybrid/src/optim/mars.py,79,231,maintained,MARS,high-branch-density,high,inference,medium,AST branch proxy=29
algorithm/hybrid/src/optim/mars.py,19,76,maintained,update_fn,too-many-parameters,medium,fact,high,parameter count=20
algorithm/hybrid/src/optim/mars.py,80,130,maintained,MARS.__init__,too-many-parameters,medium,fact,high,parameter count=14
algorithm/hybrid/src/optim/mars.py,164,231,maintained,MARS.step,large-function,medium,fact,high,function spans 68 lines
algorithm/hybrid/src/optim/mars.py,164,231,maintained,MARS.step,high-branch-density,medium,inference,medium,AST branch proxy=14
algorithm/hybrid/src/optim/mars.py,1,1,maintained,<module>,hard-coded-absolute-path,high,fact,high,# Source: https://raw.githubusercontent.com/AGI-Arena/MARS/main/MARS/optimizers/mars.py
algorithm/hybrid/src/optim/modifiers.py,13,121,maintained,AdamWScheduleFree,high-branch-density,medium,inference,medium,AST branch proxy=21
algorithm/hybrid/src/optim/modifiers.py,1,1,maintained,<module>,hard-coded-absolute-path,high,fact,high,# Source: https://raw.githubusercontent.com/facebookresearch/schedule_free/main/schedulefree/adamw_schedulefree.py
algorithm/hybrid/src/optim/musgd.py,46,123,maintained,MuSGD,high-branch-density,medium,inference,medium,AST branch proxy=14
algorithm/hybrid/src/optim/musgd.py,70,123,maintained,MuSGD.step,high-branch-density,medium,inference,medium,AST branch proxy=14
algorithm/hybrid/src/optim/musgd.py,1,1,maintained,<module>,hard-coded-absolute-path,high,fact,high,# Source: E:/WSL/Shared/ETRI_SYNC/HBTXR/references/ultralytics-main/ultralytics/optim/muon.py
algorithm/hybrid/src/optim/pool.py,18,59,maintained,expand_optimizer_pool_candidates,high-branch-density,medium,inference,medium,AST branch proxy=17
algorithm/hybrid/src/optim/prodigy.py,15,187,maintained,Prodigy,large-class,medium,fact,high,class spans 173 lines
algorithm/hybrid/src/optim/prodigy.py,15,187,maintained,Prodigy,high-branch-density,high,inference,medium,AST branch proxy=36
algorithm/hybrid/src/optim/prodigy.py,16,65,maintained,Prodigy.__init__,too-many-parameters,medium,fact,high,parameter count=15
algorithm/hybrid/src/optim/prodigy.py,68,187,maintained,Prodigy.step,large-function,medium,fact,high,function spans 120 lines
algorithm/hybrid/src/optim/prodigy.py,68,187,maintained,Prodigy.step,high-branch-density,high,inference,medium,AST branch proxy=30
algorithm/hybrid/src/optim/prodigy.py,1,1,maintained,<module>,hard-coded-absolute-path,high,fact,high,# Source: https://raw.githubusercontent.com/konstmish/prodigy/main/prodigyopt/prodigy.py
algorithm/hybrid/src/optim/registry.py,41,41,maintained,<module>,hard-coded-absolute-path,high,fact,high,"""source"": ""https://raw.githubusercontent.com/google/automl/master/lion/lion_pytorch.py"","
algorithm/hybrid/src/optim/registry.py,48,48,maintained,<module>,hard-coded-absolute-path,high,fact,high,"""source"": ""https://raw.githubusercontent.com/konstmish/prodigy/main/prodigyopt/prodigy.py"","
algorithm/hybrid/src/optim/registry.py,55,55,maintained,<module>,hard-coded-absolute-path,high,fact,high,"""source"": ""https://raw.githubusercontent.com/huggingface/pytorch-image-models/main/timm/optim/adopt.py"","
algorithm/hybrid/src/optim/registry.py,62,62,maintained,<module>,hard-coded-absolute-path,high,fact,high,"""source"": ""E:/WSL/Shared/ETRI_SYNC/HBTXR/references/ultralytics-main/ultralytics/optim/muon.py"","
algorithm/hybrid/src/optim/registry.py,69,69,maintained,<module>,hard-coded-absolute-path,high,fact,high,"""source"": ""https://raw.githubusercontent.com/Liuhong99/Sophia/main/sophia.py"","
algorithm/hybrid/src/optim/registry.py,76,76,maintained,<module>,hard-coded-absolute-path,high,fact,high,"""source"": ""https://raw.githubusercontent.com/team-approx-bayes/ivon/refs/heads/main/ivon/_ivon.py"","
algorithm/hybrid/src/optim/registry.py,83,83,maintained,<module>,hard-coded-absolute-path,high,fact,high,"""source"": ""https://raw.githubusercontent.com/zyushun/Adam-mini/main/adam_mini/adam_mini.py"","
algorithm/hybrid/src/optim/registry.py,90,90,maintained,<module>,hard-coded-absolute-path,high,fact,high,"""source"": ""https://raw.githubusercontent.com/apple/ml-ademamix/main/pytorch/ademamix.py"","
algorithm/hybrid/src/optim/registry.py,97,97,maintained,<module>,hard-coded-absolute-path,high,fact,high,"""source"": ""https://raw.githubusercontent.com/AGI-Arena/MARS/main/MARS/optimizers/mars.py"","
algorithm/hybrid/src/optim/registry.py,104,104,maintained,<module>,hard-coded-absolute-path,high,fact,high,"""source"": ""https://raw.githubusercontent.com/nikhilvyas/SOAP/main/soap.py"","
algorithm/hybrid/src/optim/registry.py,139,139,maintained,build_optimizer,hard-coded-absolute-path,high,fact,high,"metadata[""source""] = ""https://raw.githubusercontent.com/facebookresearch/schedule_free/main/schedulefree/adamw_schedulefree.py"""
algorithm/hybrid/src/optim/soap.py,14,301,maintained,SOAP,large-class,medium,fact,high,class spans 288 lines
algorithm/hybrid/src/optim/soap.py,14,301,maintained,SOAP,high-branch-density,high,inference,medium,AST branch proxy=68
algorithm/hybrid/src/optim/soap.py,15,55,maintained,SOAP.__init__,too-many-parameters,medium,fact,high,parameter count=14
algorithm/hybrid/src/optim/soap.py,81,155,maintained,SOAP.step,large-function,medium,fact,high,function spans 75 lines
algorithm/hybrid/src/optim/soap.py,262,264,maintained,SOAP.get_orthogonal_matrix,broad-except,medium,fact,high,catches Exception
algorithm/hybrid/src/optim/soap.py,1,1,maintained,<module>,hard-coded-absolute-path,high,fact,high,# Source: https://raw.githubusercontent.com/nikhilvyas/SOAP/main/soap.py
algorithm/hybrid/src/optim/sophia_g.py,14,132,maintained,SophiaG,high-branch-density,medium,inference,medium,AST branch proxy=25
algorithm/hybrid/src/optim/sophia_g.py,135,168,maintained,sophiag,too-many-parameters,medium,fact,high,parameter count=13
algorithm/hybrid/src/optim/sophia_g.py,171,212,maintained,_single_tensor_sophiag,too-many-parameters,medium,fact,high,parameter count=13
algorithm/hybrid/src/optim/sophia_g.py,1,1,maintained,<module>,hard-coded-absolute-path,high,fact,high,# Source: https://raw.githubusercontent.com/Liuhong99/Sophia/main/sophia.py
algorithm/hybrid/src/preprocess/annotation_backends.py,152,214,maintained,_UltralyticsSam3Runtime,high-branch-density,medium,inference,medium,AST branch proxy=16
algorithm/hybrid/src/preprocess/annotation_backends.py,217,317,maintained,_GroundedSam2Runtime,high-branch-density,medium,inference,medium,AST branch proxy=18
algorithm/hybrid/src/preprocess/annotation_backends.py,218,269,maintained,_GroundedSam2Runtime.__init__,too-many-parameters,medium,fact,high,parameter count=12
algorithm/hybrid/src/preprocess/annotation_backends.py,320,396,maintained,build_annotation_runtime,large-function,medium,fact,high,function spans 77 lines
algorithm/hybrid/src/preprocess/annotation_backends.py,320,396,maintained,build_annotation_runtime,too-many-parameters,medium,fact,high,parameter count=19
algorithm/hybrid/src/preprocess/annotation_backends.py,170,174,maintained,_UltralyticsSam3Runtime.__init__,broad-except,medium,fact,high,catches Exception
algorithm/hybrid/src/preprocess/annotation_backends.py,246,250,maintained,_GroundedSam2Runtime.__init__,broad-except,medium,fact,high,catches Exception
algorithm/hybrid/src/preprocess/build_manifests.py,162,268,maintained,_manifest_row,large-function,medium,fact,high,function spans 107 lines
algorithm/hybrid/src/preprocess/build_manifests.py,162,268,maintained,_manifest_row,too-many-parameters,medium,fact,high,parameter count=19
algorithm/hybrid/src/preprocess/build_manifests.py,271,390,maintained,build_manifests,large-function,medium,fact,high,function spans 120 lines
algorithm/hybrid/src/preprocess/build_manifests.py,271,390,maintained,build_manifests,high-branch-density,medium,inference,medium,AST branch proxy=15
algorithm/hybrid/src/preprocess/build_manifests.py,271,390,maintained,build_manifests,too-many-parameters,medium,fact,high,parameter count=20
algorithm/hybrid/src/preprocess/build_manifests.py,445,445,maintained,<module>,library-print,low,inference,medium,print call in maintained non-script module
algorithm/hybrid/src/preprocess/build_manifests.py,211,211,maintained,_manifest_row,very-long-line,low,fact,high,line length=165
algorithm/hybrid/src/preprocess/build_manifests.py,252,252,maintained,_manifest_row,very-long-line,low,fact,high,line length=165
algorithm/hybrid/src/preprocess/build_manifests.py,362,362,maintained,build_manifests,very-long-line,low,fact,high,line length=173
algorithm/hybrid/src/preprocess/canonicalize.py,149,376,maintained,_build_mode2_interpolated_rows,large-function,high,fact,high,function spans 228 lines
algorithm/hybrid/src/preprocess/canonicalize.py,149,376,maintained,_build_mode2_interpolated_rows,high-branch-density,medium,inference,medium,AST branch proxy=20
algorithm/hybrid/src/preprocess/canonicalize.py,149,376,maintained,_build_mode2_interpolated_rows,too-many-parameters,medium,fact,high,parameter count=31
algorithm/hybrid/src/preprocess/canonicalize.py,403,487,maintained,_rerun_mode2_groundedsam_rows,large-function,medium,fact,high,function spans 85 lines
algorithm/hybrid/src/preprocess/canonicalize.py,499,617,maintained,_groundedsam_label_rows,large-function,medium,fact,high,function spans 119 lines
algorithm/hybrid/src/preprocess/canonicalize.py,499,617,maintained,_groundedsam_label_rows,high-branch-density,medium,inference,medium,AST branch proxy=17
algorithm/hybrid/src/preprocess/canonicalize.py,499,617,maintained,_groundedsam_label_rows,too-many-parameters,medium,fact,high,parameter count=16
algorithm/hybrid/src/preprocess/canonicalize.py,620,700,maintained,_annotation_row,large-function,medium,fact,high,function spans 81 lines
algorithm/hybrid/src/preprocess/canonicalize.py,620,700,maintained,_annotation_row,too-many-parameters,medium,fact,high,parameter count=15
algorithm/hybrid/src/preprocess/canonicalize.py,703,1013,maintained,canonicalize_session,large-function,high,fact,high,function spans 311 lines
algorithm/hybrid/src/preprocess/canonicalize.py,703,1013,maintained,canonicalize_session,high-branch-density,high,inference,medium,AST branch proxy=42
algorithm/hybrid/src/preprocess/canonicalize.py,703,1013,maintained,canonicalize_session,too-many-parameters,medium,fact,high,parameter count=38
algorithm/hybrid/src/preprocess/canonicalize.py,1020,1144,maintained,canonicalize_dataset,large-function,high,fact,high,function spans 125 lines
algorithm/hybrid/src/preprocess/canonicalize.py,1020,1144,maintained,canonicalize_dataset,high-branch-density,high,inference,medium,AST branch proxy=32
algorithm/hybrid/src/preprocess/canonicalize.py,1020,1144,maintained,canonicalize_dataset,too-many-parameters,medium,fact,high,parameter count=39
algorithm/hybrid/src/preprocess/canonicalize.py,1235,1235,maintained,<module>,library-print,low,inference,medium,print call in maintained non-script module
algorithm/hybrid/src/preprocess/canonicalize.py,1150,1150,maintained,build_argparser,very-long-line,low,fact,high,line length=172
algorithm/hybrid/src/preprocess/canonicalize.py,1151,1151,maintained,build_argparser,very-long-line,low,fact,high,line length=173
algorithm/hybrid/src/preprocess/canonicalize.py,1152,1152,maintained,build_argparser,very-long-line,low,fact,high,line length=172
algorithm/hybrid/src/preprocess/canonicalize.py,1153,1153,maintained,build_argparser,very-long-line,low,fact,high,line length=173
algorithm/hybrid/src/preprocess/canonicalize.py,1159,1159,maintained,build_argparser,very-long-line,low,fact,high,line length=164
algorithm/hybrid/src/preprocess/canonicalize.py,1160,1160,maintained,build_argparser,very-long-line,low,fact,high,line length=201
algorithm/hybrid/src/preprocess/canonicalize.py,1161,1161,maintained,build_argparser,very-long-line,low,fact,high,line length=204
algorithm/hybrid/src/preprocess/canonicalize.py,1167,1167,maintained,build_argparser,very-long-line,low,fact,high,line length=192
algorithm/hybrid/src/preprocess/canonicalize.py,1168,1168,maintained,build_argparser,very-long-line,low,fact,high,line length=169
algorithm/hybrid/src/preprocess/canonicalize.py,1170,1170,maintained,build_argparser,very-long-line,low,fact,high,line length=188
algorithm/hybrid/src/preprocess/canonicalize.py,1172,1172,maintained,build_argparser,very-long-line,low,fact,high,line length=233
algorithm/hybrid/src/preprocess/canonicalize.py,1173,1173,maintained,build_argparser,very-long-line,low,fact,high,line length=182
algorithm/hybrid/src/preprocess/canonicalize.py,1175,1175,maintained,build_argparser,very-long-line,low,fact,high,line length=226
algorithm/hybrid/src/preprocess/canonicalize.py,1176,1176,maintained,build_argparser,very-long-line,low,fact,high,line length=195
algorithm/hybrid/src/preprocess/canonicalize.py,1178,1178,maintained,build_argparser,very-long-line,low,fact,high,line length=274
algorithm/hybrid/src/preprocess/canonicalize.py,1180,1180,maintained,build_argparser,very-long-line,low,fact,high,line length=167
algorithm/hybrid/src/preprocess/canonicalize_pipeline.py,239,341,maintained,CanonicalizeSummaryWriter,high-branch-density,medium,inference,medium,AST branch proxy=13
algorithm/hybrid/src/preprocess/canonicalize_pipeline.py,344,421,maintained,CanonicalizeProgressReporter,high-branch-density,medium,inference,medium,AST branch proxy=13
algorithm/hybrid/src/preprocess/canonicalize_pipeline.py,83,156,maintained,CanonicalizeJobPlanner.__init__,large-function,medium,fact,high,function spans 74 lines
algorithm/hybrid/src/preprocess/canonicalize_pipeline.py,83,156,maintained,CanonicalizeJobPlanner.__init__,too-many-parameters,medium,fact,high,parameter count=36
algorithm/hybrid/src/preprocess/canonicalize_pipeline.py,265,338,maintained,CanonicalizeSummaryWriter.build_summary,large-function,medium,fact,high,function spans 74 lines
algorithm/hybrid/src/preprocess/canonicalize_pipeline.py,265,338,maintained,CanonicalizeSummaryWriter.build_summary,high-branch-density,medium,inference,medium,AST branch proxy=13
algorithm/hybrid/src/preprocess/canonicalize_pipeline.py,265,338,maintained,CanonicalizeSummaryWriter.build_summary,too-many-parameters,medium,fact,high,parameter count=31
algorithm/hybrid/src/preprocess/canonicalize_pipeline.py,348,387,maintained,CanonicalizeProgressReporter.start,high-branch-density,medium,inference,medium,AST branch proxy=13
algorithm/hybrid/src/preprocess/canonicalize_pipeline.py,479,590,maintained,CanonicalizeDatasetRunner.run,large-function,medium,fact,high,function spans 112 lines
algorithm/hybrid/src/preprocess/canonicalize_pipeline.py,599,724,maintained,CanonicalSessionArtifactWriter.write,large-function,high,fact,high,function spans 126 lines
algorithm/hybrid/src/preprocess/canonicalize_pipeline.py,599,724,maintained,CanonicalSessionArtifactWriter.write,too-many-parameters,medium,fact,high,parameter count=26
algorithm/hybrid/src/preprocess/canonicalize_pipeline.py,447,457,maintained,CanonicalSessionProcessor.process_jobs,broad-except,medium,fact,high,catches Exception
algorithm/hybrid/src/preprocess/canonicalize_pipeline.py,331,331,maintained,CanonicalizeSummaryWriter.build_summary,very-long-line,low,fact,high,line length=168
algorithm/hybrid/src/preprocess/canonicalize_pipeline.py,377,377,maintained,CanonicalizeProgressReporter.start,very-long-line,low,fact,high,line length=172
algorithm/hybrid/src/preprocess/canonicalize_pipeline.py,379,379,maintained,CanonicalizeProgressReporter.start,very-long-line,low,fact,high,line length=163
algorithm/hybrid/src/preprocess/canonicalize_pipeline.py,380,380,maintained,CanonicalizeProgressReporter.start,very-long-line,low,fact,high,line length=181
algorithm/hybrid/src/preprocess/event_generation.py,59,122,maintained,_V2eRuntime.generate_sequence_events,large-function,medium,fact,high,function spans 64 lines
algorithm/hybrid/src/preprocess/event_generation.py,51,54,maintained,_V2eRuntime.__init__,broad-except,medium,fact,high,catches Exception
algorithm/hybrid/src/preprocess/groundedsam_build.py,452,567,maintained,_GroundedSamRuntime,high-branch-density,medium,inference,medium,AST branch proxy=23
algorithm/hybrid/src/preprocess/groundedsam_build.py,41,104,maintained,_patch_transformers_groundingdino_compat,large-function,medium,fact,high,function spans 64 lines
algorithm/hybrid/src/preprocess/groundedsam_build.py,107,223,maintained,_patch_groundingdino_ms_deform_attn_compat,large-function,medium,fact,high,function spans 117 lines
algorithm/hybrid/src/preprocess/groundedsam_build.py,117,220,maintained,_patch_groundingdino_ms_deform_attn_compat._forward_compat,large-function,medium,fact,high,function spans 104 lines
algorithm/hybrid/src/preprocess/groundedsam_build.py,348,449,maintained,annotate_dataset_with_groundedsam_multi,large-function,medium,fact,high,function spans 102 lines
algorithm/hybrid/src/preprocess/groundedsam_build.py,348,449,maintained,annotate_dataset_with_groundedsam_multi,too-many-parameters,medium,fact,high,parameter count=29
algorithm/hybrid/src/preprocess/groundedsam_build.py,601,726,maintained,_build_annotation_cfg,large-function,high,fact,high,function spans 126 lines
algorithm/hybrid/src/preprocess/groundedsam_build.py,601,726,maintained,_build_annotation_cfg,high-branch-density,medium,inference,medium,AST branch proxy=24
algorithm/hybrid/src/preprocess/groundedsam_build.py,601,726,maintained,_build_annotation_cfg,too-many-parameters,medium,fact,high,parameter count=31
algorithm/hybrid/src/preprocess/groundedsam_build.py,729,761,maintained,build_groundedsam_runtime,too-many-parameters,medium,fact,high,parameter count=11
algorithm/hybrid/src/preprocess/groundedsam_build.py,764,928,maintained,annotate_dataset_with_groundedsam,large-function,high,fact,high,function spans 165 lines
algorithm/hybrid/src/preprocess/groundedsam_build.py,764,928,maintained,annotate_dataset_with_groundedsam,high-branch-density,medium,inference,medium,AST branch proxy=24
algorithm/hybrid/src/preprocess/groundedsam_build.py,764,928,maintained,annotate_dataset_with_groundedsam,too-many-parameters,medium,fact,high,parameter count=31
algorithm/hybrid/src/preprocess/groundedsam_eye_region_bbox.py,168,274,maintained,_GroundedSamEyeRegionRuntime,high-branch-density,medium,inference,medium,AST branch proxy=18
algorithm/hybrid/src/preprocess/groundedsam_eye_region_bbox.py,277,500,maintained,export_groundedsam_eye_region_bbox_overlays,large-function,high,fact,high,function spans 224 lines
algorithm/hybrid/src/preprocess/groundedsam_eye_region_bbox.py,277,500,maintained,export_groundedsam_eye_region_bbox_overlays,high-branch-density,medium,inference,medium,AST branch proxy=22
algorithm/hybrid/src/preprocess/groundedsam_eye_region_bbox.py,277,500,maintained,export_groundedsam_eye_region_bbox_overlays,too-many-parameters,medium,fact,high,parameter count=17
algorithm/hybrid/src/preprocess/groundedsam_pipeline.py,16,161,maintained,GroundedSamRuntimeFactory,high-branch-density,medium,inference,medium,AST branch proxy=16
algorithm/hybrid/src/preprocess/groundedsam_pipeline.py,164,315,maintained,GroundedSamSummaryWriter,large-class,medium,fact,high,class spans 152 lines
algorithm/hybrid/src/preprocess/groundedsam_pipeline.py,164,315,maintained,GroundedSamSummaryWriter,high-branch-density,medium,inference,medium,AST branch proxy=18
algorithm/hybrid/src/preprocess/groundedsam_pipeline.py,318,494,maintained,GroundedSamSessionProcessor,large-class,medium,fact,high,class spans 177 lines
algorithm/hybrid/src/preprocess/groundedsam_pipeline.py,318,494,maintained,GroundedSamSessionProcessor,high-branch-density,medium,inference,medium,AST branch proxy=17
algorithm/hybrid/src/preprocess/groundedsam_pipeline.py,61,125,maintained,GroundedSamRuntimeFactory.build_config,large-function,medium,fact,high,function spans 65 lines
algorithm/hybrid/src/preprocess/groundedsam_pipeline.py,61,125,maintained,GroundedSamRuntimeFactory.build_config,too-many-parameters,medium,fact,high,parameter count=24
algorithm/hybrid/src/preprocess/groundedsam_pipeline.py,130,161,maintained,GroundedSamRuntimeFactory.build_runtime,too-many-parameters,medium,fact,high,parameter count=12
algorithm/hybrid/src/preprocess/groundedsam_pipeline.py,190,217,maintained,GroundedSamSummaryWriter.build_session_summary_payload,too-many-parameters,medium,fact,high,parameter count=12
algorithm/hybrid/src/preprocess/groundedsam_pipeline.py,391,494,maintained,GroundedSamSessionProcessor.process_session,large-function,medium,fact,high,function spans 104 lines
algorithm/hybrid/src/preprocess/interpolation.py,38,154,maintained,_TimeLensRuntime,high-branch-density,medium,inference,medium,AST branch proxy=16
algorithm/hybrid/src/preprocess/interpolation.py,381,425,maintained,interpolate_timelens,too-many-parameters,medium,fact,high,parameter count=14
algorithm/hybrid/src/preprocess/interpolation.py,428,466,maintained,interpolate_pair,too-many-parameters,medium,fact,high,parameter count=14
algorithm/hybrid/src/preprocess/interpolation.py,193,197,maintained,_import_timelens_modules,broad-except,medium,fact,high,catches Exception
algorithm/hybrid/src/preprocess/interpolation.py,63,63,maintained,_TimeLensRuntime.__init__,dynamic-execution,high,fact,high,eval
algorithm/hybrid/src/preprocess/interpolation.py,373,374,maintained,interpolate_linear_blend,broad-except,medium,fact,high,catches Exception
algorithm/hybrid/src/preprocess/io_utils.py,317,421,maintained,parse_via_csv_with_report,large-function,medium,fact,high,function spans 105 lines
algorithm/hybrid/src/preprocess/io_utils.py,317,421,maintained,parse_via_csv_with_report,high-branch-density,medium,inference,medium,AST branch proxy=20
algorithm/hybrid/src/preprocess/io_utils.py,434,501,maintained,derive_eye_region,large-function,medium,fact,high,function spans 68 lines
algorithm/hybrid/src/preprocess/io_utils.py,416,417,maintained,parse_via_csv_with_report,broad-except,medium,fact,high,catches Exception
algorithm/hybrid/src/preprocess/io_utils.py,381,383,maintained,parse_via_csv_with_report,broad-except,medium,fact,high,catches Exception
algorithm/hybrid/src/preprocess/path_utils.py,120,185,maintained,resolve_paths,large-function,medium,fact,high,function spans 66 lines
algorithm/hybrid/src/preprocess/path_utils.py,120,185,maintained,resolve_paths,high-branch-density,medium,inference,medium,AST branch proxy=23
algorithm/hybrid/src/preprocess/path_utils.py,103,103,maintained,add_common_path_args,very-long-line,low,fact,high,line length=167
algorithm/hybrid/src/preprocess/path_utils.py,107,107,maintained,add_common_path_args,very-long-line,low,fact,high,line length=222
algorithm/hybrid/src/preprocess/progress.py,44,44,maintained,print_progress,library-print,low,inference,medium,print call in maintained non-script module
algorithm/hybrid/src/preprocess/raw_ellipse_blink.py,161,279,maintained,analyze_raw_ellipse_blink_candidates,large-function,medium,fact,high,function spans 119 lines
algorithm/hybrid/src/preprocess/raw_ellipse_blink.py,161,279,maintained,analyze_raw_ellipse_blink_candidates,high-branch-density,medium,inference,medium,AST branch proxy=13
algorithm/hybrid/src/preprocess/raw_ellipse_blink.py,414,485,maintained,export_raw_ellipse_blink_candidates,large-function,medium,fact,high,function spans 72 lines
algorithm/hybrid/src/preprocess/relocate_dataset.py,116,238,maintained,relocate_dataset,large-function,high,fact,high,function spans 123 lines
algorithm/hybrid/src/preprocess/relocate_dataset.py,116,238,maintained,relocate_dataset,high-branch-density,medium,inference,medium,AST branch proxy=24
algorithm/hybrid/src/preprocess/relocate_dataset.py,116,238,maintained,relocate_dataset,too-many-parameters,medium,fact,high,parameter count=13
algorithm/hybrid/src/preprocess/relocate_dataset.py,283,283,maintained,<module>,library-print,low,inference,medium,print call in maintained non-script module
algorithm/hybrid/src/preprocess/relocate_dataset.py,82,82,maintained,_rewrite_manifest_row,very-long-line,low,fact,high,line length=164
algorithm/hybrid/src/preprocess/session_package.py,6,55,maintained,build_session_package,too-many-parameters,medium,fact,high,parameter count=20
algorithm/hybrid/src/preprocess/target_fps_build.py,222,274,maintained,_render_target_frames,too-many-parameters,medium,fact,high,parameter count=11
algorithm/hybrid/src/preprocess/target_fps_build.py,384,416,maintained,_load_groundedsam_source_mask,high-branch-density,medium,inference,medium,AST branch proxy=13
algorithm/hybrid/src/preprocess/target_fps_build.py,578,676,maintained,_resolve_pupil_annotation,large-function,medium,fact,high,function spans 99 lines
algorithm/hybrid/src/preprocess/target_fps_build.py,578,676,maintained,_resolve_pupil_annotation,high-branch-density,medium,inference,medium,AST branch proxy=21
algorithm/hybrid/src/preprocess/target_fps_build.py,679,859,maintained,_annotate_target_frame_label_rows,large-function,high,fact,high,function spans 181 lines
algorithm/hybrid/src/preprocess/target_fps_build.py,679,859,maintained,_annotate_target_frame_label_rows,high-branch-density,high,inference,medium,AST branch proxy=26
algorithm/hybrid/src/preprocess/target_fps_build.py,1019,1176,maintained,materialize_target_fps_session,large-function,high,fact,high,function spans 158 lines
algorithm/hybrid/src/preprocess/target_fps_build.py,1019,1176,maintained,materialize_target_fps_session,high-branch-density,medium,inference,medium,AST branch proxy=24
algorithm/hybrid/src/preprocess/target_fps_build.py,1019,1176,maintained,materialize_target_fps_session,too-many-parameters,medium,fact,high,parameter count=16
algorithm/hybrid/src/preprocess/target_fps_build.py,1195,1303,maintained,discover_target_fps_session_jobs,large-function,medium,fact,high,function spans 109 lines
algorithm/hybrid/src/preprocess/target_fps_build.py,1195,1303,maintained,discover_target_fps_session_jobs,high-branch-density,medium,inference,medium,AST branch proxy=20
algorithm/hybrid/src/preprocess/target_fps_build.py,1306,1395,maintained,build_target_fps_dataset_plan,large-function,medium,fact,high,function spans 90 lines
algorithm/hybrid/src/preprocess/target_fps_build.py,1398,1548,maintained,build_target_fps_dataset,large-function,high,fact,high,function spans 151 lines
algorithm/hybrid/src/preprocess/target_fps_build.py,1398,1548,maintained,build_target_fps_dataset,high-branch-density,medium,inference,medium,AST branch proxy=22
algorithm/hybrid/src/preprocess/target_fps_build.py,1398,1548,maintained,build_target_fps_dataset,too-many-parameters,medium,fact,high,parameter count=24
algorithm/hybrid/src/preprocess/target_fps_canonical.py,91,156,maintained,_build_canonical_row,large-function,medium,fact,high,function spans 66 lines
algorithm/hybrid/src/preprocess/target_fps_canonical.py,91,156,maintained,_build_canonical_row,too-many-parameters,medium,fact,high,parameter count=14
algorithm/hybrid/src/preprocess/target_fps_canonical.py,159,513,maintained,canonicalize_target_fps_dataset,large-function,high,fact,high,function spans 355 lines
algorithm/hybrid/src/preprocess/target_fps_canonical.py,159,513,maintained,canonicalize_target_fps_dataset,high-branch-density,medium,inference,medium,AST branch proxy=20
algorithm/hybrid/src/preprocess/target_fps_canonical.py,87,88,maintained,_remap_mask_path,broad-except,medium,fact,high,catches Exception
algorithm/hybrid/src/preprocess/target_fps_canonical.py,549,549,maintained,<module>,library-print,low,inference,medium,print call in maintained non-script module
algorithm/hybrid/src/preprocess/target_fps_canonical.py,480,480,maintained,canonicalize_target_fps_dataset,very-long-line,low,fact,high,line length=214
algorithm/hybrid/src/preprocess/target_fps_canonical.py,481,481,maintained,canonicalize_target_fps_dataset,very-long-line,low,fact,high,line length=171
algorithm/hybrid/src/preprocess/timelens_xl_finetune.py,245,389,maintained,export_timelens_xl_finetune_dataset,large-function,high,fact,high,function spans 145 lines
algorithm/hybrid/src/preprocess/timelens_xl_finetune.py,245,389,maintained,export_timelens_xl_finetune_dataset,high-branch-density,medium,inference,medium,AST branch proxy=15
algorithm/hybrid/src/preprocess/timelens_xl_finetune.py,436,562,maintained,register_hbtxr_timelens_xl_param,large-function,high,fact,high,function spans 127 lines
algorithm/hybrid/src/preprocess/timelens_xl_finetune.py,436,562,maintained,register_hbtxr_timelens_xl_param,high-branch-density,medium,inference,medium,AST branch proxy=14
algorithm/hybrid/src/preprocess/timelens_xl_finetune.py,436,562,maintained,register_hbtxr_timelens_xl_param,too-many-parameters,medium,fact,high,parameter count=18
algorithm/hybrid/src/preprocess/timelens_xl_finetune.py,470,558,maintained,register_hbtxr_timelens_xl_param._builder,large-function,medium,fact,high,function spans 89 lines
algorithm/hybrid/src/preprocess/timelens_xl_finetune.py,470,558,maintained,register_hbtxr_timelens_xl_param._builder,high-branch-density,medium,inference,medium,AST branch proxy=13
algorithm/hybrid/src/preprocess/timelens_xl_finetune.py,565,716,maintained,launch_timelens_xl_finetune,large-function,high,fact,high,function spans 152 lines
algorithm/hybrid/src/preprocess/timelens_xl_finetune.py,565,716,maintained,launch_timelens_xl_finetune,too-many-parameters,medium,fact,high,parameter count=24
algorithm/hybrid/src/preprocess/timelens_xl_finetune.py,189,190,maintained,_events_to_signed_count_map,broad-except,medium,fact,high,catches Exception
algorithm/hybrid/src/preprocess/v2e_experiment.py,106,180,maintained,compare_target_fps_roots,large-function,medium,fact,high,function spans 75 lines
algorithm/hybrid/src/preprocess/v2e_experiment.py,88,89,maintained,_save_event_count_plot,broad-except,medium,fact,high,catches Exception
algorithm/hybrid/src/training/ensemble_teacher.py,17,56,maintained,WeightedOutputEnsembleTeacher,high-branch-density,medium,inference,medium,AST branch proxy=18
algorithm/hybrid/src/training/ensemble_teacher.py,29,29,maintained,WeightedOutputEnsembleTeacher.__init__,dynamic-execution,high,fact,high,eval
algorithm/hybrid/src/training/model_factory.py,17,102,maintained,build_model,large-function,medium,fact,high,function spans 86 lines
algorithm/hybrid/src/training/model_factory.py,105,139,maintained,create_teacher_model,high-branch-density,medium,inference,medium,AST branch proxy=14
algorithm/hybrid/src/training/model_factory.py,136,136,maintained,create_teacher_model,dynamic-execution,high,fact,high,eval
algorithm/hybrid/src/training/model_factory.py,123,123,maintained,create_teacher_model,dynamic-execution,high,fact,high,eval
algorithm/hybrid/src/training/step_runner.py,19,110,maintained,ForwardAndLossRunner,high-branch-density,medium,inference,medium,AST branch proxy=22
algorithm/hybrid/src/training/step_runner.py,229,310,maintained,ExactMarsStepRunner,high-branch-density,medium,inference,medium,AST branch proxy=15
algorithm/hybrid/src/training/step_runner.py,20,45,maintained,ForwardAndLossRunner.__init__,too-many-parameters,medium,fact,high,parameter count=12
algorithm/hybrid/src/training/step_runner.py,47,110,maintained,ForwardAndLossRunner.__call__,large-function,medium,fact,high,function spans 64 lines
algorithm/hybrid/src/training/step_runner.py,47,110,maintained,ForwardAndLossRunner.__call__,high-branch-density,medium,inference,medium,AST branch proxy=22
algorithm/hybrid/src/training/step_runner.py,123,178,maintained,_BaseStepRunner.__init__,too-many-parameters,medium,fact,high,parameter count=26
algorithm/hybrid/src/training/step_runner.py,237,310,maintained,ExactMarsStepRunner.run,large-function,medium,fact,high,function spans 74 lines
algorithm/hybrid/src/training/step_runner.py,237,310,maintained,ExactMarsStepRunner.run,high-branch-density,medium,inference,medium,AST branch proxy=15
algorithm/hybrid/src/training/trainer.py,76,223,maintained,_ConsoleLogger,high-branch-density,high,inference,medium,AST branch proxy=41
algorithm/hybrid/src/training/trainer.py,886,1294,maintained,TrainingSession,large-class,high,fact,high,class spans 409 lines
algorithm/hybrid/src/training/trainer.py,886,1294,maintained,TrainingSession,high-branch-density,high,inference,medium,AST branch proxy=87
algorithm/hybrid/src/training/trainer.py,109,132,maintained,_ConsoleLogger.start_run,too-many-parameters,medium,fact,high,parameter count=11
algorithm/hybrid/src/training/trainer.py,143,186,maintained,_ConsoleLogger.step,high-branch-density,medium,inference,medium,AST branch proxy=21
algorithm/hybrid/src/training/trainer.py,193,223,maintained,_ConsoleLogger.epoch_summary,too-many-parameters,medium,fact,high,parameter count=11
algorithm/hybrid/src/training/trainer.py,246,279,maintained,_filter_stage_stats,high-branch-density,high,inference,medium,AST branch proxy=30
algorithm/hybrid/src/training/trainer.py,759,883,maintained,_epoch_loop,large-function,high,fact,high,function spans 125 lines
algorithm/hybrid/src/training/trainer.py,759,883,maintained,_epoch_loop,high-branch-density,medium,inference,medium,AST branch proxy=14
algorithm/hybrid/src/training/trainer.py,759,883,maintained,_epoch_loop,too-many-parameters,medium,fact,high,parameter count=22
algorithm/hybrid/src/training/trainer.py,904,959,maintained,TrainingSession._prepare_runtime,high-branch-density,medium,inference,medium,AST branch proxy=15
algorithm/hybrid/src/training/trainer.py,961,1018,maintained,TrainingSession._initialize_model_state,high-branch-density,medium,inference,medium,AST branch proxy=17
algorithm/hybrid/src/training/trainer.py,1020,1065,maintained,TrainingSession._initialize_epoch_control,high-branch-density,medium,inference,medium,AST branch proxy=17
algorithm/hybrid/src/training/trainer.py,1067,1130,maintained,TrainingSession._run_epoch,large-function,medium,fact,high,function spans 64 lines
algorithm/hybrid/src/training/trainer.py,21,22,maintained,<module>,broad-except,medium,fact,high,catches Exception
algorithm/hybrid/src/training/trainer.py,285,286,maintained,_safe_cuda_available,broad-except,medium,fact,high,catches Exception
algorithm/hybrid/src/training/trainer.py,292,293,maintained,_safe_cuda_device_count,broad-except,medium,fact,high,catches Exception
algorithm/hybrid/src/training/trainer.py,101,101,maintained,_ConsoleLogger.write,library-print,low,inference,medium,print call in maintained non-script module
algorithm/hybrid/src/training/trainer.py,713,714,maintained,_optimizer_step_index,broad-except,medium,fact,high,catches Exception
algorithm/hybrid/src/training/trainer.py,723,724,maintained,_optimizer_step_index,broad-except,medium,fact,high,catches Exception
algorithm/hybrid/src/training/trainer.py,794,794,maintained,_epoch_loop,dynamic-execution,high,fact,high,eval
algorithm/hybrid/src/training/trainer.py,261,261,maintained,_filter_stage_stats,very-long-line,low,fact,high,line length=162
algorithm/hybrid/src/training/trainer.py,270,270,maintained,_filter_stage_stats,very-long-line,low,fact,high,line length=222
algorithm/hybrid/src/training/trainer.py,1053,1053,maintained,TrainingSession._initialize_epoch_control,very-long-line,low,fact,high,line length=179
algorithm/hybrid/src/utils/external_packages.py,50,116,maintained,builtin_package_specs,large-function,medium,fact,high,function spans 67 lines
algorithm/hybrid/src/utils/external_packages.py,54,54,maintained,builtin_package_specs,hard-coded-absolute-path,high,fact,high,"repo_url=""https://github.com/IDEA-Research/Grounded-Segment-Anything"","
algorithm/hybrid/src/utils/external_packages.py,63,63,maintained,builtin_package_specs,hard-coded-absolute-path,high,fact,high,"repo_url=""https://github.com/ztysdu/timelens"","
algorithm/hybrid/src/utils/external_packages.py,72,72,maintained,builtin_package_specs,hard-coded-absolute-path,high,fact,high,"repo_url=""https://github.com/ultralytics/ultralytics"","
algorithm/hybrid/src/utils/external_packages.py,81,81,maintained,builtin_package_specs,hard-coded-absolute-path,high,fact,high,"repo_url=""https://github.com/IDEA-Research/Grounded-SAM-2"","
algorithm/hybrid/src/utils/external_packages.py,90,90,maintained,builtin_package_specs,hard-coded-absolute-path,high,fact,high,"repo_url=""https://github.com/OpenImagingLab/TimeLens-XL"","
algorithm/hybrid/src/utils/external_packages.py,99,99,maintained,builtin_package_specs,hard-coded-absolute-path,high,fact,high,"repo_url=""https://github.com/SensorsINI/v2e"","
algorithm/hybrid/src/utils/external_packages.py,108,108,maintained,builtin_package_specs,hard-coded-absolute-path,high,fact,high,"repo_url=""https://github.com/ztysdu/Swift-Eye"","
algorithm/hybrid/src/utils/paths.py,9,9,maintained,<module>,hard-coded-absolute-path,high,fact,high,"_WSL_ABS_RE = re.compile(r""^/mnt/(?P<drive>[A-Za-z])/(?P<rest>.*)$"")"
algorithm/hybrid/src/utils/paths.py,18,18,maintained,_normalize_path_string,hard-coded-absolute-path,high,fact,high,"return f""/mnt/{match.group('drive').lower()}/{rest}"""
algorithm/hybrid/tests/external_pipeline/conftest.py,40,168,test,synthetic_workspace,large-function,high,fact,high,function spans 129 lines
algorithm/hybrid/tests/external_pipeline/conftest.py,172,249,test,synthetic_raw_workspace,large-function,medium,fact,high,function spans 78 lines
algorithm/hybrid/tests/external_pipeline/test_config.py,213,323,test,test_shared_run_contract_helpers_match_script_wrappers,large-function,medium,fact,high,function spans 111 lines
algorithm/hybrid/tests/external_pipeline/test_config.py,105,105,test,test_reference_only_ssl_and_pruning_reports,hard-coded-absolute-path,high,fact,high,"config_path.write_text(""experiment:\n  name: demo_run\n"", encoding=""utf-8"")"
algorithm/hybrid/tests/external_pipeline/test_config.py,215,215,test,test_shared_run_contract_helpers_match_script_wrappers,hard-coded-absolute-path,high,fact,high,"config_path.write_text(""experiment:\n  name: demo_run\n"", encoding=""utf-8"")"
algorithm/hybrid/tests/external_pipeline/test_dataset.py,263,335,test,test_mode2_dataset_can_average_source_pair_events,large-function,medium,fact,high,function spans 73 lines
algorithm/hybrid/tests/external_pipeline/test_dataset.py,338,410,test,test_mode2_dataset_source_pair_average_alpha_weighting_uses_interp_alpha,large-function,medium,fact,high,function spans 73 lines
algorithm/hybrid/tests/external_pipeline/test_dataset.py,413,515,test,test_mode2_dataset_source_pair_average_pair_local_scope_uses_pair_interval_and_alpha,large-function,medium,fact,high,function spans 103 lines
algorithm/hybrid/tests/external_pipeline/test_dataset.py,518,580,test,test_mode2_dataset_raw_window_strategy_uses_synthetic_window_directly,large-function,medium,fact,high,function spans 63 lines
algorithm/hybrid/tests/external_pipeline/test_external_packages.py,83,83,test,test_load_package_manifest_reads_default_shape,hard-coded-absolute-path,high,fact,high,"""repo_url"": ""https://example.com/groundedsam.git"","
algorithm/hybrid/tests/external_pipeline/test_external_packages.py,108,108,test,test_parse_extra_repo_supports_name_equals_url,hard-coded-absolute-path,high,fact,high,"spec = parse_extra_repo(""swift-eye=https://example.com/swift-eye.git"")"
algorithm/hybrid/tests/external_pipeline/test_external_packages.py,111,111,test,test_parse_extra_repo_supports_name_equals_url,hard-coded-absolute-path,high,fact,high,"assert spec.repo_url == ""https://example.com/swift-eye.git"""
algorithm/hybrid/tests/external_pipeline/test_external_packages.py,116,116,test,test_build_clone_command_supports_branch_and_shallow,hard-coded-absolute-path,high,fact,high,"spec = parse_extra_repo(""swift-eye=https://example.com/swift-eye.git"")"
algorithm/hybrid/tests/external_pipeline/test_external_packages.py,120,120,test,test_build_clone_command_supports_branch_and_shallow,hard-coded-absolute-path,high,fact,high,"assert ""https://example.com/swift-eye.git"" in command"
algorithm/hybrid/tests/external_pipeline/test_external_packages.py,206,206,test,test_sync_packages_run_supports_category_filter,hard-coded-absolute-path,high,fact,high,"""repo_url"": ""https://example.com/groundedsam.git"","
algorithm/hybrid/tests/external_pipeline/test_external_packages.py,213,213,test,test_sync_packages_run_supports_category_filter,hard-coded-absolute-path,high,fact,high,"""repo_url"": ""https://example.com/timelens.git"","
algorithm/hybrid/tests/external_pipeline/test_interpolation.py,24,102,test,_build_target_fps_raw_workspace,large-function,medium,fact,high,function spans 79 lines
algorithm/hybrid/tests/external_pipeline/test_interpolation.py,321,385,test,test_mode2_target_fps_generates_expected_synthetic_count,large-function,medium,fact,high,function spans 65 lines
algorithm/hybrid/tests/external_pipeline/test_interpolation.py,313,313,test,test_v2e_event_generation_backend_uses_runtime_adapter_when_available,hard-coded-absolute-path,high,fact,high,"v2e_root=Path(""/tmp/unused""),"
algorithm/hybrid/tests/external_pipeline/test_loss_catalog.py,89,151,test,test_distillation_stage_gating_defaults_block_stage1_event_track_terms,large-function,medium,fact,high,function spans 63 lines
algorithm/hybrid/tests/external_pipeline/test_model.py,74,74,test,test_model_v3_pruning_width_slicing_changes_active_width,dynamic-execution,high,fact,high,eval
algorithm/hybrid/tests/external_pipeline/test_output_contract_snapshot.py,358,358,test,test_core_tracker_output_contract_snapshot,dynamic-execution,high,fact,high,eval
algorithm/hybrid/tests/external_pipeline/test_output_contract_snapshot.py,371,371,test,test_extended_tracker_output_contract_snapshot,dynamic-execution,high,fact,high,eval
algorithm/hybrid/tests/external_pipeline/test_output_contract_snapshot.py,395,395,test,test_loss_log_contract_snapshot,dynamic-execution,high,fact,high,eval
algorithm/hybrid/tests/external_pipeline/test_output_contract_snapshot.py,396,396,test,test_loss_log_contract_snapshot,dynamic-execution,high,fact,high,eval
algorithm/hybrid/tests/external_pipeline/test_output_contract_snapshot.py,379,379,test,test_extended_tracker_output_contract_snapshot,dynamic-execution,high,fact,high,eval
algorithm/hybrid/tests/external_pipeline/test_raw_ellipse_blink.py,119,119,test,test_apply_groundedsam_store_blink_metadata_backfills_existing_store_rows,very-long-line,low,fact,high,line length=180
algorithm/hybrid/tests/external_pipeline/test_raw_ellipse_blink.py,120,120,test,test_apply_groundedsam_store_blink_metadata_backfills_existing_store_rows,very-long-line,low,fact,high,line length=180
algorithm/hybrid/tests/external_pipeline/test_raw_ellipse_blink.py,121,121,test,test_apply_groundedsam_store_blink_metadata_backfills_existing_store_rows,very-long-line,low,fact,high,line length=180
algorithm/hybrid/tests/external_pipeline/test_raw_ellipse_blink.py,122,122,test,test_apply_groundedsam_store_blink_metadata_backfills_existing_store_rows,very-long-line,low,fact,high,line length=180
algorithm/hybrid/tests/external_pipeline/test_raw_ellipse_blink.py,123,123,test,test_apply_groundedsam_store_blink_metadata_backfills_existing_store_rows,very-long-line,low,fact,high,line length=180
algorithm/hybrid/tests/external_pipeline/test_runtime_e2e.py,18,146,test,_write_config,large-function,high,fact,high,function spans 129 lines
algorithm/hybrid/tests/external_pipeline/test_runtime_e2e.py,154,315,test,_run_runtime_cycle,large-function,high,fact,high,function spans 162 lines
algorithm/hybrid/tests/external_pipeline/test_runtime_e2e.py,168,168,test,_run_runtime_cycle,very-long-line,low,fact,high,line length=162
algorithm/hybrid/tests/external_pipeline/test_runtime_e2e.py,169,169,test,_run_runtime_cycle,very-long-line,low,fact,high,line length=162
algorithm/hybrid/tests/external_pipeline/test_script_workflows.py,11,112,test,_structural_cfg,large-function,medium,fact,high,function spans 102 lines
algorithm/hybrid/tests/external_pipeline/test_target_fps_build.py,59,166,test,_build_target_fps_annotation_workspace,large-function,medium,fact,high,function spans 108 lines
algorithm/hybrid/tests/external_pipeline/test_target_fps_build.py,471,533,test,test_build_target_fps_dataset_eye_only_blink_sets_eye_state_closed,large-function,medium,fact,high,function spans 63 lines
algorithm/hybrid/tests/external_pipeline/test_target_fps_canonical.py,17,106,test,_build_target_fps_canonical_workspace,large-function,medium,fact,high,function spans 90 lines
algorithm/hybrid/tests/external_pipeline/test_timelens_xl_finetune.py,58,58,test,test_build_timelens_xl_run_argv_matches_native_entry_contract,hard-coded-absolute-path,high,fact,high,"model_pretrained=""/tmp/checkpoint.pth"","
algorithm/hybrid/tests/external_pipeline/test_train_pipeline.py,13,105,test,_smoke_cfg,large-function,medium,fact,high,function spans 93 lines
algorithm/hybrid/tests/handover/test_data_contract.py,120,157,test,CanonicalSampleMetadataTests,high-branch-density,medium,inference,medium,AST branch proxy=13
algorithm/hybrid/tests/handover/test_evaluation_bridge.py,36,132,test,EvaluationBridgeTest,high-branch-density,medium,inference,medium,AST branch proxy=13
hardware/pynq/hgtxr/e2e_axis_dma_overlay.py,38,278,maintained,HgtxrE2EAxisDmaOverlay,large-class,medium,fact,high,class spans 241 lines
hardware/pynq/hgtxr/e2e_axis_dma_overlay.py,38,278,maintained,HgtxrE2EAxisDmaOverlay,high-branch-density,high,inference,medium,AST branch proxy=43
hardware/pynq/hgtxr/e2e_axis_dma_overlay.py,182,278,maintained,HgtxrE2EAxisDmaOverlay.run_profiled,large-function,medium,fact,high,function spans 97 lines
hardware/pynq/hgtxr/e2e_axis_dma_overlay.py,15,17,maintained,<module>,broad-except,medium,fact,high,catches Exception
hardware/pynq/hgtxr/e2e_axis_dma_overlay.py,275,275,maintained,HgtxrE2EAxisDmaOverlay.run_profiled,very-long-line,low,fact,high,line length=161
hardware/pynq/hgtxr/e2e_m_axi_overlay.py,36,153,maintained,HgtxrE2EMaxiOverlay,high-branch-density,high,inference,medium,AST branch proxy=27
hardware/pynq/hgtxr/e2e_m_axi_overlay.py,14,16,maintained,<module>,broad-except,medium,fact,high,catches Exception
hardware/pynq/hgtxr/hgtxr_overlay.py,103,209,maintained,HgtxrOverlay,high-branch-density,medium,inference,medium,AST branch proxy=24
hardware/pynq/hgtxr/hgtxr_overlay.py,37,78,maintained,parse_registers_from_hwh,high-branch-density,medium,inference,medium,AST branch proxy=21
hardware/pynq/hgtxr/hgtxr_overlay.py,13,15,maintained,<module>,broad-except,medium,fact,high,catches Exception
hardware/pynq/hgtxr/run_e2e_axis_dma_hybrid_smoke.py,170,255,maintained,run_hybrid_smoke,large-function,medium,fact,high,function spans 86 lines
hardware/pynq/hgtxr/run_e2e_axis_dma_hybrid_smoke.py,170,255,maintained,run_hybrid_smoke,high-branch-density,medium,inference,medium,AST branch proxy=21
hardware/pynq/hgtxr/run_e2e_axis_dma_hybrid_smoke.py,267,267,maintained,main,library-print,low,inference,medium,print call in maintained non-script module
hardware/pynq/hgtxr/run_e2e_axis_dma_smoke.py,154,261,maintained,run_smoke,large-function,medium,fact,high,function spans 108 lines
hardware/pynq/hgtxr/run_e2e_axis_dma_smoke.py,154,261,maintained,run_smoke,high-branch-density,medium,inference,medium,AST branch proxy=23
hardware/pynq/hgtxr/run_e2e_axis_dma_smoke.py,273,273,maintained,main,library-print,low,inference,medium,print call in maintained non-script module
hardware/pynq/hgtxr/run_e2e_m_axi_smoke.py,116,116,maintained,main,library-print,low,inference,medium,print call in maintained non-script module
hardware/scripts/report/collect_no_board_reports.py,156,223,maintained,parse_hls_xml,large-function,medium,fact,high,function spans 68 lines
hardware/scripts/report/collect_no_board_reports.py,313,397,maintained,write_markdown,large-function,medium,fact,high,function spans 85 lines
hardware/scripts/report/collect_no_board_reports.py,340,340,maintained,write_markdown,very-long-line,low,fact,high,line length=170
hardware/scripts/report/collect_no_board_reports.py,345,345,maintained,write_markdown,very-long-line,low,fact,high,line length=188
hardware/tests/test_check_c3b_board_smoke_readiness.py,23,201,test,CheckC3bBoardSmokeReadinessTests,large-class,medium,fact,high,class spans 179 lines
hardware/tests/test_check_c3b_board_smoke_readiness.py,24,92,test,CheckC3bBoardSmokeReadinessTests.make_bundle,large-function,medium,fact,high,function spans 69 lines
hardware/tests/test_check_final_blocker_closure_readiness.py,74,297,test,CheckFinalBlockerClosureReadinessTests,large-class,medium,fact,high,class spans 224 lines
hardware/tests/test_check_final_blocker_closure_readiness.py,36,36,test,smoke_payload,hard-coded-absolute-path,high,fact,high,"""bitfile"": ""/tmp/hgtxr_e2e_axis_dma_c3b_mem16.bit"","
hardware/tests/test_check_final_blocker_closure_readiness.py,37,37,test,smoke_payload,hard-coded-absolute-path,high,fact,high,"""hwhfile"": ""/tmp/hgtxr_e2e_axis_dma_c3b_mem16.hwh"","
hardware/tests/test_check_third_goal_preflight.py,63,1137,test,ThirdGoalPreflightTests,large-class,high,fact,high,class spans 1075 lines
hardware/tests/test_check_third_goal_preflight.py,63,1137,test,ThirdGoalPreflightTests,high-branch-density,high,inference,medium,AST branch proxy=47
hardware/tests/test_check_third_goal_preflight.py,82,434,test,ThirdGoalPreflightTests.make_root,large-function,high,fact,high,function spans 353 lines
hardware/tests/test_check_third_goal_preflight.py,82,434,test,ThirdGoalPreflightTests.make_root,high-branch-density,medium,inference,medium,AST branch proxy=23
hardware/tests/test_check_third_goal_preflight.py,82,434,test,ThirdGoalPreflightTests.make_root,too-many-parameters,medium,fact,high,parameter count=14
hardware/tests/test_check_third_goal_preflight.py,843,960,test,ThirdGoalPreflightTests.test_qkv_uram_successor_smoke_artifacts_validate_bundle_session,large-function,medium,fact,high,function spans 118 lines
hardware/tests/test_check_third_goal_preflight.py,69,69,test,ThirdGoalPreflightTests.parse_stdout_summary,hard-coded-absolute-path,high,fact,high,"raise AssertionError(f""summary line not found in output:\n{output}"")"
hardware/tests/test_check_third_goal_preflight.py,313,313,test,ThirdGoalPreflightTests.make_root,hard-coded-absolute-path,high,fact,high,"""python3 tools/run_third_goal_final_signoff.py --root /home/kjm26/project/PRJXR/XR-VIT/HGTXR --import-c3b-smoke-json /path/to/e2e_axis_dma_c3b_mem16_file_smoke.json --dry-run-import-c3b-smoke --allow-blocked"","
hardware/tests/test_check_third_goal_preflight.py,313,313,test,ThirdGoalPreflightTests.make_root,very-long-line,low,fact,high,line length=241
hardware/tests/test_check_third_goal_preflight.py,314,314,test,ThirdGoalPreflightTests.make_root,hard-coded-absolute-path,high,fact,high,"""python3 tools/run_third_goal_final_signoff.py --root /home/kjm26/project/PRJXR/XR-VIT/HGTXR --import-c3b-smoke-json /path/to/e2e_axis_dma_c3b_mem16_file_smoke.json --allow-blocked"","
hardware/tests/test_check_third_goal_preflight.py,314,314,test,ThirdGoalPreflightTests.make_root,very-long-line,low,fact,high,line length=214
hardware/tests/test_check_third_goal_preflight.py,315,315,test,ThirdGoalPreflightTests.make_root,hard-coded-absolute-path,high,fact,high,"""python3 tools/check_third_goal_preflight.py --root /home/kjm26/project/PRJXR/XR-VIT/HGTXR --mode final-signoff"","
hardware/tests/test_check_third_goal_preflight.py,941,941,test,ThirdGoalPreflightTests.test_qkv_uram_successor_smoke_artifacts_validate_bundle_session,very-long-line,low,fact,high,line length=190
hardware/tests/test_check_third_goal_preflight.py,942,942,test,ThirdGoalPreflightTests.test_qkv_uram_successor_smoke_artifacts_validate_bundle_session,hard-coded-absolute-path,high,fact,high,"""python3 tools/check_third_goal_preflight.py --root /home/kjm26/project/PRJXR/XR-VIT/HGTXR --mode final-signoff"","
hardware/tests/test_create_xr_vits_replacement_policy.py,20,321,test,CreateXrVitsReplacementPolicyTests,large-class,high,fact,high,class spans 302 lines
hardware/tests/test_create_xr_vits_replacement_policy.py,296,296,test,CreateXrVitsReplacementPolicyTests.test_policy_integrity_detects_approval_event_drift,hard-coded-absolute-path,high,fact,high,"policy[""approval_event""][""replacement_path""] = ""/tmp/wrong"""
hardware/tests/test_discover_c3b_smoke_candidates.py,40,40,test,smoke_payload,hard-coded-absolute-path,high,fact,high,"""bitfile"": ""/tmp/hgtxr_e2e_axis_dma_c3b_mem16.bit"","
hardware/tests/test_discover_c3b_smoke_candidates.py,41,41,test,smoke_payload,hard-coded-absolute-path,high,fact,high,"""hwhfile"": ""/tmp/hgtxr_e2e_axis_dma_c3b_mem16.hwh"","
hardware/tests/test_discover_pynq_smoke_candidates.py,52,252,test,DiscoverPynqSmokeCandidatesTests,large-class,medium,fact,high,class spans 201 lines
hardware/tests/test_discover_pynq_smoke_candidates.py,47,47,test,smoke_payload,hard-coded-absolute-path,high,fact,high,"""bitfile"": f""/tmp/{prefix}.bit"","
hardware/tests/test_discover_pynq_smoke_candidates.py,48,48,test,smoke_payload,hard-coded-absolute-path,high,fact,high,"""hwhfile"": f""/tmp/{prefix}.hwh"","
hardware/tests/test_import_pynq_smoke_result.py,28,259,test,ImportPynqSmokeResultTests,large-class,medium,fact,high,class spans 232 lines
hardware/tests/test_import_pynq_smoke_result.py,28,259,test,ImportPynqSmokeResultTests,high-branch-density,medium,inference,medium,AST branch proxy=13
hardware/tests/test_package_e2e_axis_dma_pynq_bundle.py,17,266,test,E2EAxisDmaPynqBundleTests,large-class,medium,fact,high,class spans 250 lines
hardware/tests/test_package_e2e_axis_dma_pynq_bundle.py,17,266,test,E2EAxisDmaPynqBundleTests,high-branch-density,medium,inference,medium,AST branch proxy=18
hardware/tests/test_run_runtime_mode_board_latency.py,78,268,test,RuntimeModeBoardLatencyRunnerTests,large-class,medium,fact,high,class spans 191 lines
hardware/tests/test_run_runtime_mode_board_latency.py,78,268,test,RuntimeModeBoardLatencyRunnerTests,high-branch-density,medium,inference,medium,AST branch proxy=17
hardware/tests/test_run_runtime_mode_board_latency.py,100,100,test,RuntimeModeBoardLatencyRunnerTests.make_profile_configs,hard-coded-absolute-path,high,fact,high,"""remote_dir"": f""/home/xilinx/hgtxr_runtime_{mode}"","
hardware/tests/test_run_runtime_mode_board_latency.py,131,131,test,RuntimeModeBoardLatencyRunnerTests.make_par32_rom_compute_configs,hard-coded-absolute-path,high,fact,high,"""remote_dir"": f""/home/xilinx/hgtxr_par32_rom_compute_300_{mode}"","
hardware/tests/test_run_third_goal_final_signoff.py,18,1604,test,RunThirdGoalFinalSignoffTests,large-class,high,fact,high,class spans 1587 lines
hardware/tests/test_run_third_goal_final_signoff.py,18,1604,test,RunThirdGoalFinalSignoffTests,high-branch-density,high,inference,medium,AST branch proxy=80
hardware/tests/test_run_third_goal_final_signoff.py,22,785,test,RunThirdGoalFinalSignoffTests.make_tools,large-function,high,fact,high,function spans 764 lines
hardware/tests/test_run_third_goal_final_signoff.py,22,785,test,RunThirdGoalFinalSignoffTests.make_tools,high-branch-density,high,inference,medium,AST branch proxy=45
hardware/tests/test_run_third_goal_final_signoff.py,787,1014,test,RunThirdGoalFinalSignoffTests.test_blocked_run_writes_summary_and_returns_one,large-function,high,fact,high,function spans 228 lines
hardware/tests/test_run_third_goal_final_signoff.py,1385,1555,test,RunThirdGoalFinalSignoffTests.test_final_refresh_uses_fresh_evidence_manifest_contract,large-function,high,fact,high,function spans 171 lines
hardware/tests/test_run_third_goal_final_signoff.py,577,577,test,RunThirdGoalFinalSignoffTests.make_tools.req1_environment,hard-coded-absolute-path,high,fact,high,"{""name"": ""hardware_root_expected_prefix"", ""status"": ""pass"", ""detail"": ""/home/kjm26/project""},"
hardware/tests/test_run_third_goal_final_signoff.py,624,624,test,RunThirdGoalFinalSignoffTests.make_tools.xr_vits_gate,hard-coded-absolute-path,high,fact,high,"""exact"": {""exists"": False, ""path"": ""/tmp/XR-VITs""},"
hardware/tests/test_run_third_goal_final_signoff.py,625,625,test,RunThirdGoalFinalSignoffTests.make_tools.xr_vits_gate,hard-coded-absolute-path,high,fact,high,"""replacement_candidate"": {""exists"": True, ""path"": ""/tmp/XR_Accel""},"
hardware/tests/test_run_third_goal_final_signoff.py,1045,1045,test,RunThirdGoalFinalSignoffTests.test_execute_zcu104_smoke_forwards_remote_options,hard-coded-absolute-path,high,fact,high,"zcu104_remote_dir=""/home/xilinx/custom_hgtxr"","
hardware/tests/test_run_third_goal_final_signoff.py,1058,1058,test,RunThirdGoalFinalSignoffTests.test_execute_zcu104_smoke_forwards_remote_options,hard-coded-absolute-path,high,fact,high,"self.assertIn(""/home/xilinx/custom_hgtxr"", zcu104_step[""argv""])"
hardware/tests/test_run_third_goal_final_signoff.py,1069,1069,test,RunThirdGoalFinalSignoffTests.test_require_vref_successor_smoke_runs_profile_dry_run_without_remote_dir_override,hard-coded-absolute-path,high,fact,high,"zcu104_remote_dir=""/home/xilinx/c3b_only"","
hardware/tests/test_run_third_goal_final_signoff.py,1081,1081,test,RunThirdGoalFinalSignoffTests.test_require_vref_successor_smoke_runs_profile_dry_run_without_remote_dir_override,hard-coded-absolute-path,high,fact,high,"self.assertNotIn(""/home/xilinx/c3b_only"", vref_step[""argv""])"
hardware/tests/test_run_third_goal_final_signoff.py,1099,1099,test,RunThirdGoalFinalSignoffTests.test_execute_vref_successor_smoke_forwards_remote_options,hard-coded-absolute-path,high,fact,high,"vref_successor_remote_dir=""/home/xilinx/vref_hgtxr"","
hardware/tests/test_run_third_goal_final_signoff.py,1113,1113,test,RunThirdGoalFinalSignoffTests.test_execute_vref_successor_smoke_forwards_remote_options,hard-coded-absolute-path,high,fact,high,"self.assertIn(""/home/xilinx/vref_hgtxr"", vref_step[""argv""])"
hardware/tests/test_run_third_goal_final_signoff.py,1124,1124,test,RunThirdGoalFinalSignoffTests.test_require_qkv_uram_smoke_runs_profile_dry_run_and_blocks_when_missing,hard-coded-absolute-path,high,fact,high,"zcu104_remote_dir=""/home/xilinx/c3b_only"","
hardware/tests/test_run_third_goal_final_signoff.py,1137,1137,test,RunThirdGoalFinalSignoffTests.test_require_qkv_uram_smoke_runs_profile_dry_run_and_blocks_when_missing,hard-coded-absolute-path,high,fact,high,"self.assertNotIn(""/home/xilinx/c3b_only"", qkv_step[""argv""])"
hardware/tests/test_run_third_goal_final_signoff.py,1153,1153,test,RunThirdGoalFinalSignoffTests.test_execute_qkv_uram_smoke_forwards_remote_options,hard-coded-absolute-path,high,fact,high,"qkv_uram_remote_dir=""/home/xilinx/qkv_hgtxr"","
hardware/tests/test_run_third_goal_final_signoff.py,1167,1167,test,RunThirdGoalFinalSignoffTests.test_execute_qkv_uram_smoke_forwards_remote_options,hard-coded-absolute-path,high,fact,high,"self.assertIn(""/home/xilinx/qkv_hgtxr"", qkv_step[""argv""])"
hardware/tests/test_run_zcu104_c3b_smoke_remote.py,21,498,test,RunZcu104C3bSmokeRemoteTests,large-class,high,fact,high,class spans 478 lines
hardware/tests/test_run_zcu104_c3b_smoke_remote.py,316,378,test,RunZcu104C3bSmokeRemoteTests.test_execute_imports_valid_vref_successor_result_with_fake_runner,large-function,medium,fact,high,function spans 63 lines
hardware/tests/test_run_zcu104_c3b_smoke_remote.py,46,46,test,RunZcu104C3bSmokeRemoteTests.test_dry_run_builds_remote_commands_without_network,hard-coded-absolute-path,high,fact,high,"remote_dir=""/home/xilinx/hgtxr"","
hardware/tests/test_run_zcu104_c3b_smoke_remote.py,69,69,test,RunZcu104C3bSmokeRemoteTests.test_dry_run_builds_vref_successor_remote_commands,hard-coded-absolute-path,high,fact,high,"remote_dir=""/home/xilinx/hgtxr_vref"","
hardware/tests/test_run_zcu104_c3b_smoke_remote.py,101,101,test,RunZcu104C3bSmokeRemoteTests.test_dry_run_builds_qkv_uram_remote_commands,hard-coded-absolute-path,high,fact,high,"remote_dir=""/home/xilinx/hgtxr_qkv"","
hardware/tests/test_run_zcu104_c3b_smoke_remote.py,133,133,test,RunZcu104C3bSmokeRemoteTests.test_dry_run_builds_runtime_mode_search_remote_commands,hard-coded-absolute-path,high,fact,high,"remote_dir=""/home/xilinx/hgtxr_runtime_search"","
hardware/tests/test_run_zcu104_c3b_smoke_remote.py,165,165,test,RunZcu104C3bSmokeRemoteTests.test_dry_run_builds_runtime_mode_track_remote_commands,hard-coded-absolute-path,high,fact,high,"remote_dir=""/home/xilinx/hgtxr_runtime_track"","
hardware/tests/test_run_zcu104_c3b_smoke_remote.py,197,197,test,RunZcu104C3bSmokeRemoteTests.test_dry_run_builds_par32_prefetchall4_hybrid_remote_commands,hard-coded-absolute-path,high,fact,high,"remote_dir=""/home/xilinx/hgtxr_prefetchall4_hybrid"","
hardware/tests/test_run_zcu104_c3b_smoke_remote.py,301,301,test,RunZcu104C3bSmokeRemoteTests.test_execute_imports_valid_result_with_fake_runner,hard-coded-absolute-path,high,fact,high,"remote_dir=""/home/xilinx/hgtxr"","
hardware/tests/test_run_zcu104_c3b_smoke_remote.py,352,352,test,RunZcu104C3bSmokeRemoteTests.test_execute_imports_valid_vref_successor_result_with_fake_runner,hard-coded-absolute-path,high,fact,high,"remote_dir=""/home/xilinx/hgtxr_vref"","
hardware/tests/test_run_zcu104_c3b_smoke_remote.py,416,416,test,RunZcu104C3bSmokeRemoteTests.test_execute_imports_valid_qkv_uram_result_with_fake_runner,hard-coded-absolute-path,high,fact,high,"remote_dir=""/home/xilinx/hgtxr_qkv"","
hardware/tests/test_validate_final_operator_handoff.py,766,1257,test,ValidateFinalOperatorHandoffTests,large-class,high,fact,high,class spans 492 lines
hardware/tests/test_validate_final_operator_handoff.py,766,1257,test,ValidateFinalOperatorHandoffTests,high-branch-density,high,inference,medium,AST branch proxy=41
hardware/tests/test_validate_final_operator_handoff.py,660,736,test,validator_command_card,large-function,medium,fact,high,function spans 77 lines
hardware/tests/test_validate_final_operator_handoff.py,402,402,test,write_live_current_audit,hard-coded-absolute-path,high,fact,high,"""requested XR-VITs sibling"": ""/home/kjm26/project/PRJXR/XR-VITs"","
hardware/tests/test_validate_final_operator_handoff.py,415,415,test,write_live_current_audit,hard-coded-absolute-path,high,fact,high,"""path"": ""/home/kjm26/project/PRJXR/XR-VITs"","
hardware/tests/test_validate_final_operator_handoff.py,488,488,test,write_live_closeout_packet,hard-coded-absolute-path,high,fact,high,"""python3 tools/run_third_goal_final_signoff.py --import-qkv-uram-smoke-json /tmp/qkv.json --dry-run-import-qkv-uram-smoke --allow-blocked"","
hardware/tests/test_validate_final_operator_handoff.py,505,505,test,write_live_closeout_packet,hard-coded-absolute-path,high,fact,high,"""validate_command"": ""python3 tools/validate_pynq_smoke_result.py /tmp/smoke.json --preset axis-c3b-mem16"","
hardware/tests/test_validate_final_operator_handoff.py,595,595,test,write_live_xr_vits_gate,hard-coded-absolute-path,high,fact,high,"""path"": ""/home/kjm26/project/PRJXR/XR-VITs"","
hardware/tests/test_validate_final_operator_handoff.py,600,600,test,write_live_xr_vits_gate,hard-coded-absolute-path,high,fact,high,"""path"": ""/home/kjm26/project/PRJXR/XR-VIT/XR_Accel"","
hardware/tests/test_validate_final_operator_handoff.py,695,695,test,validator_command_card,hard-coded-absolute-path,high,fact,high,"{""id"": ""U2a"", ""commands"": [""test -d /home/kjm26/project/PRJXR/XR-VITs""]},"
hardware/tests/test_validate_final_operator_handoff.py,714,714,test,validator_command_card,hard-coded-absolute-path,high,fact,high,"""python3 tools/run_third_goal_final_signoff.py --root /tmp/HGTXR --import-c3b-smoke-json /path/to/e2e_axis_dma_c3b_mem16_file_smoke.json"""
hardware/tests/test_validate_final_operator_handoff.py,714,714,test,validator_command_card,very-long-line,low,fact,high,line length=165
hardware/tests/test_validate_final_signoff_bundle.py,787,1508,test,ValidateFinalSignoffBundleTests,large-class,high,fact,high,class spans 722 lines
hardware/tests/test_validate_final_signoff_bundle.py,787,1508,test,ValidateFinalSignoffBundleTests,high-branch-density,high,inference,medium,AST branch proxy=91
hardware/tests/test_validate_final_signoff_bundle.py,478,678,test,evidence_manifest,large-function,high,fact,high,function spans 201 lines
hardware/tests/test_validate_final_signoff_bundle.py,721,784,test,populate_bundle,large-function,medium,fact,high,function spans 64 lines
hardware/tests/test_validate_final_signoff_bundle.py,279,279,test,current_audit_payload,hard-coded-absolute-path,high,fact,high,"""requested XR-VITs sibling"": ""/home/kjm26/project/PRJXR/XR-VITs"","
hardware/tests/test_validate_final_signoff_bundle.py,292,292,test,current_audit_payload,hard-coded-absolute-path,high,fact,high,"""path"": ""/home/kjm26/project/PRJXR/XR-VITs"","
hardware/tests/test_validate_final_signoff_bundle.py,359,359,test,closeout_packet_payload,hard-coded-absolute-path,high,fact,high,"""python3 tools/run_third_goal_final_signoff.py --import-qkv-uram-smoke-json /tmp/qkv.json --dry-run-import-qkv-uram-smoke --allow-blocked"","
hardware/tests/test_validate_final_signoff_bundle.py,376,376,test,closeout_packet_payload,hard-coded-absolute-path,high,fact,high,"""validate_command"": ""python3 tools/validate_pynq_smoke_result.py /tmp/smoke.json --preset axis-c3b-mem16"","
hardware/tests/test_validate_final_signoff_bundle.py,456,456,test,xr_vits_gate_payload,hard-coded-absolute-path,high,fact,high,"""path"": ""/home/kjm26/project/PRJXR/XR-VITs"","
hardware/tests/test_validate_final_signoff_bundle.py,461,461,test,xr_vits_gate_payload,hard-coded-absolute-path,high,fact,high,"""path"": ""/home/kjm26/project/PRJXR/XR-VIT/XR_Accel"","
hardware/tests/test_validate_final_unblock_closeout_packet.py,21,126,test,sample_packet,large-function,medium,fact,high,function spans 106 lines
hardware/tests/test_validate_final_unblock_closeout_packet.py,24,24,test,sample_packet,hard-coded-absolute-path,high,fact,high,"""root"": ""/tmp/HGTXR"","
hardware/tests/test_validate_final_unblock_closeout_packet.py,42,42,test,sample_packet,hard-coded-absolute-path,high,fact,high,"""canonical_result_path"": ""/tmp/HGTXR/hardware/pynq/hgtxr/e2e_axis_dma_c3b_mem16_file_smoke.json"","
hardware/tests/test_validate_final_unblock_closeout_packet.py,46,46,test,sample_packet,very-long-line,low,fact,high,line length=164
hardware/tests/test_validate_final_unblock_closeout_packet.py,52,52,test,sample_packet,hard-coded-absolute-path,high,fact,high,"""candidate_replacement_path"": ""/tmp/XR-VIT/XR_Accel"","
hardware/tests/test_validate_final_unblock_closeout_packet.py,55,55,test,sample_packet,hard-coded-absolute-path,high,fact,high,"""policy_path"": ""/tmp/HGTXR/docs/resources/xr_vits_replacement_policy.json"","
hardware/tests/test_validate_final_unblock_closeout_packet.py,56,56,test,sample_packet,hard-coded-absolute-path,high,fact,high,"""candidate_audit"": ""/tmp/HGTXR/docs/resources/xr_vits_candidate_audit_2026_06_10.json"","
hardware/tests/test_validate_final_unblock_closeout_packet.py,71,71,test,sample_packet,hard-coded-absolute-path,high,fact,high,"""candidate_audit_path"": ""/tmp/HGTXR/docs/resources/xr_vits_candidate_audit_2026_06_10.json"","
hardware/tests/test_validate_final_unblock_closeout_packet.py,85,85,test,sample_packet,hard-coded-absolute-path,high,fact,high,"""expected_result_json"": ""/tmp/HGTXR/hardware/pynq/hgtxr/e2e_axis_dma_vref_p0_softmax_input_x2_dsp_mixed_stream_file_smoke.json"","
hardware/tests/test_validate_final_unblock_closeout_packet.py,97,97,test,sample_packet,hard-coded-absolute-path,high,fact,high,"""expected_result_json"": ""/tmp/HGTXR/hardware/pynq/hgtxr/e2e_axis_dma_vref_p0_softmax_input_x2_qkv_uram_file_smoke.json"","
hardware/tests/test_validate_final_unblock_closeout_packet.py,101,101,test,sample_packet,hard-coded-absolute-path,high,fact,high,"""python3 tools/check_final_blocker_closure_readiness.py --root /tmp/HGTXR"","
hardware/tests/test_validate_final_unblock_closeout_packet.py,102,102,test,sample_packet,hard-coded-absolute-path,high,fact,high,"""python3 tools/check_final_blocker_closure_readiness.py --root /tmp/HGTXR --xr-vits-mode exact"","
hardware/tests/test_validate_final_unblock_closeout_packet.py,103,103,test,sample_packet,hard-coded-absolute-path,high,fact,high,"""python3 tools/check_final_blocker_closure_readiness.py --root /tmp/HGTXR --xr-vits-mode replacement"","
hardware/tests/test_validate_final_unblock_closeout_packet.py,116,116,test,sample_packet,hard-coded-absolute-path,high,fact,high,"""python3 tools/run_third_goal_final_signoff.py --import-qkv-uram-smoke-json /tmp/qkv.json --dry-run-import-qkv-uram-smoke --allow-blocked"","
hardware/tests/test_validate_pynq_bundle_package.py,22,173,test,ValidatePynqBundlePackageTests,large-class,medium,fact,high,class spans 152 lines
hardware/tests/test_validate_pynq_bundle_package.py,22,173,test,ValidatePynqBundlePackageTests,high-branch-density,medium,inference,medium,AST branch proxy=16
hardware/tests/test_validate_pynq_smoke_result.py,225,367,test,ValidatePynqSmokeResultTests,high-branch-density,medium,inference,medium,AST branch proxy=18
hardware/tests/test_write_c3b_smoke_transfer_manifest.py,23,94,test,WriteC3bSmokeTransferManifestTests.make_bundle,large-function,medium,fact,high,function spans 72 lines
hardware/tests/test_write_c3b_smoke_transfer_manifest.py,58,58,test,WriteC3bSmokeTransferManifestTests.make_bundle,very-long-line,low,fact,high,line length=180
hardware/tests/test_write_final_evidence_manifest.py,20,1876,test,WriteFinalEvidenceManifestTests,large-class,high,fact,high,class spans 1857 lines
hardware/tests/test_write_final_evidence_manifest.py,20,1876,test,WriteFinalEvidenceManifestTests,high-branch-density,high,inference,medium,AST branch proxy=109
hardware/tests/test_write_final_evidence_manifest.py,89,152,test,WriteFinalEvidenceManifestTests.write_runner_summary,large-function,medium,fact,high,function spans 64 lines
hardware/tests/test_write_final_evidence_manifest.py,171,890,test,WriteFinalEvidenceManifestTests.payload_for_artifact,large-function,high,fact,high,function spans 720 lines
hardware/tests/test_write_final_evidence_manifest.py,171,890,test,WriteFinalEvidenceManifestTests.payload_for_artifact,high-branch-density,high,inference,medium,AST branch proxy=38
hardware/tests/test_write_final_evidence_manifest.py,892,1024,test,WriteFinalEvidenceManifestTests.populate_required,large-function,high,fact,high,function spans 133 lines
hardware/tests/test_write_final_evidence_manifest.py,1026,1095,test,WriteFinalEvidenceManifestTests.test_build_manifest_hashes_required_artifacts,large-function,medium,fact,high,function spans 70 lines
hardware/tests/test_write_final_evidence_manifest.py,76,76,test,WriteFinalEvidenceManifestTests.write_policy_tool_contract,work-marker,low,fact,high,"""PLACEHOLDER_APPROVER_VALUES = {'<approved-by>', '<name>', 'todo', 'tbd'}"","
hardware/tests/test_write_final_evidence_manifest.py,203,203,test,WriteFinalEvidenceManifestTests.payload_for_artifact,hard-coded-absolute-path,high,fact,high,"""path"": ""/tmp/HGTXR/hardware/generated/pynq/e2e_axis_dma_c3b_mem16_smoke_bundle.tar.gz"","
hardware/tests/test_write_final_evidence_manifest.py,205,205,test,WriteFinalEvidenceManifestTests.payload_for_artifact,hard-coded-absolute-path,high,fact,high,"""sha256_file"": ""/tmp/HGTXR/docs/resources/e2e_axis_dma_c3b_mem16_smoke_bundle.tar.gz.sha256"","
hardware/tests/test_write_final_evidence_manifest.py,236,236,test,WriteFinalEvidenceManifestTests.payload_for_artifact,hard-coded-absolute-path,high,fact,high,"""candidate_audit_recommendation_snapshot"": {""path"": ""/tmp/XR_Accel""},"
hardware/tests/test_write_final_evidence_manifest.py,326,326,test,WriteFinalEvidenceManifestTests.payload_for_artifact,hard-coded-absolute-path,high,fact,high,"""path"": ""/tmp/HGTXR/hardware/generated/pynq/e2e_axis_dma_c3b_mem16_smoke_bundle.tar.gz"","
hardware/tests/test_write_final_evidence_manifest.py,333,333,test,WriteFinalEvidenceManifestTests.payload_for_artifact,hard-coded-absolute-path,high,fact,high,"""/tmp/HGTXR/hardware/generated/pynq/e2e_axis_dma_c3b_mem16_smoke_bundle.tar.gz"","
hardware/tests/test_write_final_evidence_manifest.py,334,334,test,WriteFinalEvidenceManifestTests.payload_for_artifact,hard-coded-absolute-path,high,fact,high,"""/tmp/HGTXR/hardware/generated/signoff/e2e_axis_dma_c3b_mem16_smoke_bundle.tar.gz.sha256"","
hardware/tests/test_write_final_evidence_manifest.py,353,353,test,WriteFinalEvidenceManifestTests.payload_for_artifact,hard-coded-absolute-path,high,fact,high,"Path(""/tmp/HGTXR"")"
hardware/tests/test_write_final_evidence_manifest.py,360,360,test,WriteFinalEvidenceManifestTests.payload_for_artifact,very-long-line,low,fact,high,line length=173
hardware/tests/test_write_final_evidence_manifest.py,430,430,test,WriteFinalEvidenceManifestTests.payload_for_artifact,hard-coded-absolute-path,high,fact,high,"{""name"": ""hardware_root_expected_prefix"", ""status"": ""pass"", ""detail"": ""/home/kjm26/project""},"
hardware/tests/test_write_final_evidence_manifest.py,538,538,test,WriteFinalEvidenceManifestTests.payload_for_artifact,very-long-line,low,fact,high,line length=163
hardware/tests/test_write_final_evidence_manifest.py,632,632,test,WriteFinalEvidenceManifestTests.payload_for_artifact,very-long-line,low,fact,high,line length=179
hardware/tests/test_write_final_evidence_manifest.py,633,633,test,WriteFinalEvidenceManifestTests.payload_for_artifact,very-long-line,low,fact,high,line length=191
hardware/tests/test_write_final_evidence_manifest.py,635,635,test,WriteFinalEvidenceManifestTests.payload_for_artifact,very-long-line,low,fact,high,line length=207
hardware/tests/test_write_final_evidence_manifest.py,636,636,test,WriteFinalEvidenceManifestTests.payload_for_artifact,very-long-line,low,fact,high,line length=188
hardware/tests/test_write_final_evidence_manifest.py,645,645,test,WriteFinalEvidenceManifestTests.payload_for_artifact,hard-coded-absolute-path,high,fact,high,"""exact"": {""exists"": False, ""path"": ""/home/kjm26/project/PRJXR/XR-VITs""},"
hardware/tests/test_write_final_evidence_manifest.py,646,646,test,WriteFinalEvidenceManifestTests.payload_for_artifact,hard-coded-absolute-path,high,fact,high,"""replacement_candidate"": {""exists"": True, ""path"": ""/home/kjm26/project/PRJXR/XR-VIT/XR_Accel""},"
hardware/tests/test_write_final_evidence_manifest.py,798,798,test,WriteFinalEvidenceManifestTests.payload_for_artifact,hard-coded-absolute-path,high,fact,high,"""python3 tools/run_third_goal_final_signoff.py --import-qkv-uram-smoke-json /tmp/qkv.json --dry-run-import-qkv-uram-smoke --allow-blocked"","
hardware/tests/test_write_final_evidence_manifest.py,798,798,test,WriteFinalEvidenceManifestTests.payload_for_artifact,very-long-line,low,fact,high,line length=167
hardware/tests/test_write_final_evidence_manifest.py,985,985,test,WriteFinalEvidenceManifestTests.populate_required,very-long-line,low,fact,high,line length=248
hardware/tests/test_write_final_evidence_manifest.py,1200,1200,test,WriteFinalEvidenceManifestTests.test_pynq_validator_basename_logic_failure_fails_manifest,hard-coded-absolute-path,high,fact,high,"path.write_text(""artifact_prefix = 'present'\nif require_paths:\n    pass\n"")"
hardware/tests/test_write_final_evidence_manifest.py,1252,1252,test,WriteFinalEvidenceManifestTests.test_xr_vits_policy_preview_failure_fails_manifest,hard-coded-absolute-path,high,fact,high,"payload[""policy""][""approval_event""][""replacement_path""] = ""/tmp/alternate"""
hardware/tests/test_write_final_evidence_manifest.py,1671,1671,test,WriteFinalEvidenceManifestTests.test_unblock_intake_path_drift_fails_manifest,hard-coded-absolute-path,high,fact,high,"payload[""blocker_status""][""C3b AXIS/DMA physical smoke result""][""next_input_path""] = ""/tmp/wrong.json"""
hardware/tests/test_write_final_evidence_manifest.py,1672,1672,test,WriteFinalEvidenceManifestTests.test_unblock_intake_path_drift_fails_manifest,hard-coded-absolute-path,high,fact,high,"payload[""next_inputs""][0][""path""] = ""/tmp/wrong.json"""
hardware/tests/test_write_final_operator_handoff.py,31,31,test,sample_readiness,hard-coded-absolute-path,high,fact,high,"""physical_result"": {""path"": ""/tmp/HGTXR/hardware/pynq/hgtxr/e2e_axis_dma_c3b_mem16_file_smoke.json""},"
hardware/tests/test_write_final_operator_handoff.py,32,32,test,sample_readiness,hard-coded-absolute-path,high,fact,high,"""tar"": {""path"": ""/tmp/bundle.tar.gz"", ""sha256"": ""abc123""},"
hardware/tests/test_write_final_operator_handoff.py,47,47,test,sample_trace,hard-coded-absolute-path,high,fact,high,"""path"": ""/tmp/HGTXR/docs/resources/final_evidence_manifest_2026_06_10.json"","
hardware/tests/test_write_final_operator_handoff.py,65,65,test,WriteFinalOperatorHandoffTests.test_build_handoff_summarizes_operator_actions_without_side_effects,hard-coded-absolute-path,high,fact,high,"root=Path(""/tmp/HGTXR""),"
hardware/tests/test_write_final_unblock_closeout_packet.py,20,314,test,WriteFinalUnblockCloseoutPacketTests,large-class,medium,fact,high,class spans 295 lines
hardware/tests/test_write_final_unblock_closeout_packet.py,26,214,test,WriteFinalUnblockCloseoutPacketTests.populate,large-function,high,fact,high,function spans 189 lines
hardware/tests/test_write_final_unblock_closeout_packet.py,52,52,test,WriteFinalUnblockCloseoutPacketTests.populate,hard-coded-absolute-path,high,fact,high,"""python3 tools/check_final_blocker_closure_readiness.py --root /tmp/HGTXR"","
hardware/tests/test_write_final_unblock_closeout_packet.py,53,53,test,WriteFinalUnblockCloseoutPacketTests.populate,hard-coded-absolute-path,high,fact,high,"""python3 tools/check_final_blocker_closure_readiness.py --root /tmp/HGTXR --xr-vits-mode exact"","
hardware/tests/test_write_final_unblock_closeout_packet.py,63,63,test,WriteFinalUnblockCloseoutPacketTests.populate,hard-coded-absolute-path,high,fact,high,"{""id"": ""U2a"", ""commands"": [""test -d /tmp/XR-VITs""]},"
hardware/tests/test_write_final_unblock_closeout_packet.py,95,95,test,WriteFinalUnblockCloseoutPacketTests.populate,hard-coded-absolute-path,high,fact,high,"""python3 tools/run_third_goal_final_signoff.py --import-qkv-uram-smoke-json /tmp/qkv.json --dry-run-import-qkv-uram-smoke --allow-blocked"","
hardware/tests/test_write_final_unblock_closeout_packet.py,95,95,test,WriteFinalUnblockCloseoutPacketTests.populate,very-long-line,low,fact,high,line length=167
hardware/tests/test_write_final_unblock_closeout_packet.py,125,125,test,WriteFinalUnblockCloseoutPacketTests.populate,hard-coded-absolute-path,high,fact,high,"""tar"": {""path"": ""/tmp/bundle.tar.gz"", ""sha256"": ""a"" * 64},"
hardware/tests/test_write_final_unblock_closeout_packet.py,137,137,test,WriteFinalUnblockCloseoutPacketTests.populate,hard-coded-absolute-path,high,fact,high,"""requested_path"": ""/tmp/XR-VITs"","
hardware/tests/test_write_final_unblock_closeout_packet.py,139,139,test,WriteFinalUnblockCloseoutPacketTests.populate,hard-coded-absolute-path,high,fact,high,"""candidate"": {""status"": ""pass"", ""replacement_path"": ""/tmp/XR_Accel"", ""score"": 99},"
hardware/tests/test_write_final_unblock_commands.py,20,198,test,WriteFinalUnblockCommandsTests,large-class,medium,fact,high,class spans 179 lines
hardware/tests/test_write_final_unblock_commands.py,30,112,test,WriteFinalUnblockCommandsTests.test_build_commands_covers_known_blockers_without_side_effects,large-function,medium,fact,high,function spans 83 lines
hardware/tests/test_write_final_unblock_commands.py,132,198,test,WriteFinalUnblockCommandsTests.test_cli_writes_json_and_markdown,large-function,medium,fact,high,function spans 67 lines
hardware/tests/test_write_final_unblock_commands.py,31,31,test,WriteFinalUnblockCommandsTests.test_build_commands_covers_known_blockers_without_side_effects,hard-coded-absolute-path,high,fact,high,"root = Path(""/tmp/XR-VIT/HGTXR"")"
hardware/tests/test_write_final_unblock_commands.py,41,41,test,WriteFinalUnblockCommandsTests.test_build_commands_covers_known_blockers_without_side_effects,hard-coded-absolute-path,high,fact,high,"""canonical_result_path"": ""/tmp/XR-VIT/HGTXR/hardware/pynq/hgtxr/e2e_axis_dma_c3b_mem16_file_smoke.json"","
hardware/tests/test_write_final_unblock_commands.py,45,45,test,WriteFinalUnblockCommandsTests.test_build_commands_covers_known_blockers_without_side_effects,very-long-line,low,fact,high,line length=172
hardware/tests/test_write_final_unblock_commands.py,46,46,test,WriteFinalUnblockCommandsTests.test_build_commands_covers_known_blockers_without_side_effects,very-long-line,low,fact,high,line length=161
hardware/tests/test_write_final_unblock_commands.py,99,99,test,WriteFinalUnblockCommandsTests.test_build_commands_covers_known_blockers_without_side_effects,hard-coded-absolute-path,high,fact,high,"self.assertIn(""test -d /home/kjm26/project/PRJXR/XR-VITs"", card[""sections""][3][""options""][0][""commands""][0])"
hardware/tests/test_write_final_unblock_commands.py,115,115,test,WriteFinalUnblockCommandsTests.test_build_commands_ready_when_no_blockers,hard-coded-absolute-path,high,fact,high,"root = Path(""/tmp/XR-VIT/HGTXR"")"
hardware/tests/test_write_final_unblock_commands.py,154,154,test,WriteFinalUnblockCommandsTests.test_cli_writes_json_and_markdown,very-long-line,low,fact,high,line length=166
hardware/tests/test_write_final_unblock_commands.py,155,155,test,WriteFinalUnblockCommandsTests.test_cli_writes_json_and_markdown,very-long-line,low,fact,high,line length=180
hardware/tests/test_write_final_unblock_commands.py,156,156,test,WriteFinalUnblockCommandsTests.test_cli_writes_json_and_markdown,very-long-line,low,fact,high,line length=169
hardware/tests/test_write_p2_vit_scale_calibration_report.py,25,90,test,P2VitScaleCalibrationReportTests.make_hardware,large-function,medium,fact,high,function spans 66 lines
hardware/tests/test_write_spec_plan_conformance_audit.py,20,327,test,WriteSpecPlanConformanceAuditTests,large-class,high,fact,high,class spans 308 lines
hardware/tests/test_write_spec_plan_conformance_audit.py,20,327,test,WriteSpecPlanConformanceAuditTests,high-branch-density,medium,inference,medium,AST branch proxy=22
hardware/tests/test_write_spec_plan_conformance_audit.py,31,115,test,WriteSpecPlanConformanceAuditTests.populate_minimal_root,large-function,medium,fact,high,function spans 85 lines
hardware/tests/test_write_third_goal_completion_audit.py,125,656,test,WriteThirdGoalCompletionAuditTests,large-class,high,fact,high,class spans 532 lines
hardware/tests/test_write_third_goal_completion_audit.py,125,656,test,WriteThirdGoalCompletionAuditTests,high-branch-density,medium,inference,medium,AST branch proxy=13
hardware/tests/test_write_third_goal_completion_audit.py,130,514,test,WriteThirdGoalCompletionAuditTests.make_root,large-function,high,fact,high,function spans 385 lines
hardware/tests/test_write_third_goal_completion_audit.py,179,179,test,WriteThirdGoalCompletionAuditTests.make_root,hard-coded-absolute-path,high,fact,high,"{""name"": ""hardware_root_expected_prefix"", ""status"": ""pass"", ""detail"": ""/home/kjm26/project""},"
hardware/tests/test_write_third_goal_completion_audit.py,290,290,test,WriteThirdGoalCompletionAuditTests.make_root,hard-coded-absolute-path,high,fact,high,"""python3 tools/run_third_goal_final_signoff.py --import-qkv-uram-smoke-json /tmp/qkv.json --dry-run-import-qkv-uram-smoke --allow-blocked"","
hardware/tests/test_write_third_goal_completion_audit.py,290,290,test,WriteThirdGoalCompletionAuditTests.make_root,very-long-line,low,fact,high,line length=163
hardware/tests/test_write_third_goal_current_audit.py,19,680,test,ThirdGoalCurrentAuditTests,large-class,high,fact,high,class spans 662 lines
hardware/tests/test_write_third_goal_current_audit.py,28,537,test,ThirdGoalCurrentAuditTests.make_hardware_root,large-function,high,fact,high,function spans 510 lines
hardware/tests/test_write_third_goal_current_audit.py,539,648,test,ThirdGoalCurrentAuditTests.test_build_audit_marks_external_blockers,large-function,medium,fact,high,function spans 110 lines
hardware/tests/test_write_third_goal_current_audit.py,80,80,test,ThirdGoalCurrentAuditTests.make_hardware_root,hard-coded-absolute-path,high,fact,high,"""python3 tools/run_third_goal_final_signoff.py --import-qkv-uram-smoke-json /tmp/qkv.json --dry-run-import-qkv-uram-smoke --allow-blocked"","
hardware/tests/test_write_third_goal_current_audit.py,80,80,test,ThirdGoalCurrentAuditTests.make_hardware_root,very-long-line,low,fact,high,line length=163
hardware/tests/test_write_third_goal_requirements_trace.py,63,63,test,sample_command_card,hard-coded-absolute-path,high,fact,high,"""policy_path"": ""/tmp/HGTXR/docs/resources/xr_vits_replacement_policy.json"","
hardware/tests/test_write_third_goal_requirements_trace.py,64,64,test,sample_command_card,hard-coded-absolute-path,high,fact,high,"""candidate_audit"": ""/tmp/HGTXR/docs/resources/xr_vits_candidate_audit_2026_06_10.json"","
hardware/tests/test_write_third_goal_requirements_trace.py,129,129,test,sample_xr_vits_resolution,hard-coded-absolute-path,high,fact,high,"""requested_path"": ""/tmp/XR-VITs"","
hardware/tests/test_write_third_goal_requirements_trace.py,134,134,test,sample_xr_vits_resolution,hard-coded-absolute-path,high,fact,high,"""replacement_path"": ""/tmp/XR-VIT/XR_Accel"","
hardware/tests/test_write_third_goal_requirements_trace.py,179,179,test,WriteThirdGoalRequirementsTraceTests.test_build_trace_links_requirements_resources_and_actions,hard-coded-absolute-path,high,fact,high,"root=Path(""/tmp/HGTXR""),"
hardware/tests/test_write_third_goal_requirements_trace.py,198,198,test,WriteThirdGoalRequirementsTraceTests.test_build_trace_links_requirements_resources_and_actions,very-long-line,low,fact,high,line length=173
hardware/tests/test_write_third_goal_requirements_trace.py,202,202,test,WriteThirdGoalRequirementsTraceTests.test_build_trace_links_requirements_resources_and_actions,very-long-line,low,fact,high,line length=168
hardware/tests/test_write_third_goal_requirements_trace.py,229,229,test,WriteThirdGoalRequirementsTraceTests.test_build_trace_blocks_on_failed_evidence_manifest_contract,hard-coded-absolute-path,high,fact,high,"root=Path(""/tmp/HGTXR""),"
hardware/tests/test_write_third_goal_unblock_checklist.py,46,46,test,WriteThirdGoalUnblockChecklistTests.test_build_checklist_covers_two_known_blockers,hard-coded-absolute-path,high,fact,high,"root = Path(""/tmp/XR-VIT/HGTXR"")"
hardware/tests/test_write_third_goal_unblock_checklist.py,62,62,test,WriteThirdGoalUnblockChecklistTests.test_build_checklist_ready_when_no_blockers,hard-coded-absolute-path,high,fact,high,"root = Path(""/tmp/XR-VIT/HGTXR"")"
hardware/tests/test_write_vref_p0_pot_scale_successor.py,20,251,test,WriteVrefP0PotScaleSuccessorTests,large-class,medium,fact,high,class spans 232 lines
hardware/tests/test_xr_accel_config_schema.py,32,247,test,XRAccelConfigTests,large-class,medium,fact,high,class spans 216 lines
hardware/tests/test_xr_accel_config_schema.py,32,247,test,XRAccelConfigTests,high-branch-density,medium,inference,medium,AST branch proxy=23
hardware/tests/test_xr_accel_config_schema.py,58,58,test,XRAccelConfigTests.test_schema_policy_is_explicit_and_has_no_defaults,hard-coded-absolute-path,high,fact,high,"self.assertEqual(""https://json-schema.org/draft/2020-12/schema"", schema[""$schema""])"
hardware/tests/test_xr_accel_config_schema.py,171,171,test,XRAccelConfigTests.test_unsafe_path_variants_are_rejected,hard-coded-absolute-path,high,fact,high,"""/tmp/model.json"", ""C:/tmp/model.json"", ""C:\\tmp\\model.json"","
hardware/tools/audit_final_unblock_candidates.py,196,199,maintained,main,library-print,low,inference,medium,print call in maintained non-script module
hardware/tools/audit_reference_inputs.py,143,143,maintained,main,library-print,low,inference,medium,print call in maintained non-script module
hardware/tools/audit_reference_inputs.py,86,86,maintained,build_audit,hard-coded-absolute-path,high,fact,high,"""mkdir -p /home/kjm26/project/PRJXR/XR-VIT/PAPER_PRJXR/05_RESOURCES"","
hardware/tools/audit_reference_inputs.py,87,87,maintained,build_audit,hard-coded-absolute-path,high,fact,high,"""cp -a /home/kjm26/project/PRJXR/XR-VIT/HGPIPE/DeiT-Tiny\\ C-Syn\\ Results.png /home/kjm26/project/PRJXR/XR-VIT/PAPER_PRJXR/05_RESOURCES/DeiT-Tiny\\ C-Syn\\ Results.png"","
hardware/tools/audit_reference_inputs.py,87,87,maintained,build_audit,very-long-line,low,fact,high,line length=182
hardware/tools/audit_reference_inputs.py,88,88,maintained,build_audit,hard-coded-absolute-path,high,fact,high,"""# restore or clone the requested /home/kjm26/project/PRJXR/XR-VITs checkout"","
hardware/tools/audit_xr_vits_candidates.py,29,70,maintained,candidate_report,high-branch-density,medium,inference,medium,AST branch proxy=20
hardware/tools/audit_xr_vits_candidates.py,152,152,maintained,main,library-print,low,inference,medium,print call in maintained non-script module
hardware/tools/check_c3b_board_smoke_readiness.py,53,193,maintained,build_readiness,large-function,high,fact,high,function spans 141 lines
hardware/tools/check_c3b_board_smoke_readiness.py,53,193,maintained,build_readiness,high-branch-density,high,inference,medium,AST branch proxy=35
hardware/tools/check_c3b_board_smoke_readiness.py,292,296,maintained,main,library-print,low,inference,medium,print call in maintained non-script module
hardware/tools/check_c3b_board_smoke_readiness.py,227,227,maintained,render_markdown,hard-coded-absolute-path,high,fact,high,"""python3 tools/import_pynq_smoke_result.py /path/to/e2e_axis_dma_c3b_mem16_file_smoke.json --preset axis-c3b-mem16 --json-out /tmp/hgtxr_c3b_smoke_import.json --validation-out /tmp/hgtxr_c3b_smoke_validation.json"","
hardware/tools/check_c3b_board_smoke_readiness.py,227,227,maintained,render_markdown,very-long-line,low,fact,high,line length=222
hardware/tools/check_final_blocker_closure_readiness.py,207,304,maintained,build_operator_unblock_plan,large-function,medium,fact,high,function spans 98 lines
hardware/tools/check_final_blocker_closure_readiness.py,307,407,maintained,build_readiness,large-function,medium,fact,high,function spans 101 lines
hardware/tools/check_final_blocker_closure_readiness.py,410,481,maintained,render_markdown,large-function,medium,fact,high,function spans 72 lines
hardware/tools/check_final_blocker_closure_readiness.py,410,481,maintained,render_markdown,high-branch-density,medium,inference,medium,AST branch proxy=13
hardware/tools/check_final_blocker_closure_readiness.py,513,516,maintained,main,library-print,low,inference,medium,print call in maintained non-script module
hardware/tools/check_hls_axis_payload_contract.py,243,243,maintained,main,library-print,low,inference,medium,print call in maintained non-script module
hardware/tools/check_hls_axis_payload_contract.py,214,214,maintained,render_markdown,very-long-line,low,fact,high,line length=182
hardware/tools/check_hls_xsimk_direct_probe.py,69,132,maintained,compare_tv_outputs,large-function,medium,fact,high,function spans 64 lines
hardware/tools/check_hls_xsimk_direct_probe.py,69,132,maintained,compare_tv_outputs,high-branch-density,medium,inference,medium,AST branch proxy=13
hardware/tools/check_hls_xsimk_direct_probe.py,142,191,maintained,classify_probe,high-branch-density,medium,inference,medium,AST branch proxy=14
hardware/tools/check_hls_xsimk_direct_probe.py,194,266,maintained,build_probe,large-function,medium,fact,high,function spans 73 lines
hardware/tools/check_hls_xsimk_direct_probe.py,332,332,maintained,main,library-print,low,inference,medium,print call in maintained non-script module
hardware/tools/check_hls_xsimk_progress_probe.py,80,220,maintained,build_probe,large-function,high,fact,high,function spans 141 lines
hardware/tools/check_hls_xsimk_progress_probe.py,80,220,maintained,build_probe,high-branch-density,medium,inference,medium,AST branch proxy=17
hardware/tools/check_hls_xsimk_progress_probe.py,285,285,maintained,main,library-print,low,inference,medium,print call in maintained non-script module
hardware/tools/check_hls_xsimk_progress_probe.py,24,24,maintained,<module>,hard-coded-absolute-path,high,fact,high,"DEFAULT_WORKDIR = Path(""/tmp/hgtxr_xsim_progress_probe_full_300"")"
hardware/tools/check_hls_xsimk_progress_probe.py,127,127,maintained,build_probe,very-long-line,low,fact,high,line length=188
hardware/tools/check_hls_xsimk_progress_probe.py,216,216,maintained,build_probe,very-long-line,low,fact,high,line length=162
hardware/tools/check_runtime_mode_board_latency_gate.py,210,234,maintained,main,high-branch-density,medium,inference,medium,AST branch proxy=13
hardware/tools/check_runtime_mode_board_latency_gate.py,233,233,maintained,main,library-print,low,inference,medium,print call in maintained non-script module
hardware/tools/check_third_goal_preflight.py,62,132,maintained,check_xr_vits_reference,large-function,medium,fact,high,function spans 71 lines
hardware/tools/check_third_goal_preflight.py,334,455,maintained,check_pynq_overlay_artifacts,large-function,high,fact,high,function spans 122 lines
hardware/tools/check_third_goal_preflight.py,334,455,maintained,check_pynq_overlay_artifacts,high-branch-density,high,inference,medium,AST branch proxy=28
hardware/tools/check_third_goal_preflight.py,458,607,maintained,check_e2e_weight_artifacts,large-function,high,fact,high,function spans 150 lines
hardware/tools/check_third_goal_preflight.py,458,607,maintained,check_e2e_weight_artifacts,high-branch-density,high,inference,medium,AST branch proxy=37
hardware/tools/check_third_goal_preflight.py,610,703,maintained,check_c3b_axis_dma_smoke_bundle,large-function,medium,fact,high,function spans 94 lines
hardware/tools/check_third_goal_preflight.py,610,703,maintained,check_c3b_axis_dma_smoke_bundle,high-branch-density,medium,inference,medium,AST branch proxy=20
hardware/tools/check_third_goal_preflight.py,706,814,maintained,check_c3b_smoke_session,large-function,medium,fact,high,function spans 109 lines
hardware/tools/check_third_goal_preflight.py,706,814,maintained,check_c3b_smoke_session,high-branch-density,high,inference,medium,AST branch proxy=33
hardware/tools/check_third_goal_preflight.py,817,889,maintained,check_vref_successor_smoke_bundle,large-function,medium,fact,high,function spans 73 lines
hardware/tools/check_third_goal_preflight.py,892,1051,maintained,check_qkv_uram_successor_smoke_artifacts,large-function,high,fact,high,function spans 160 lines
hardware/tools/check_third_goal_preflight.py,892,1051,maintained,check_qkv_uram_successor_smoke_artifacts,high-branch-density,high,inference,medium,AST branch proxy=36
hardware/tools/check_third_goal_preflight.py,1283,1361,maintained,main,large-function,medium,fact,high,function spans 79 lines
hardware/tools/check_third_goal_preflight.py,1354,1354,maintained,main,library-print,low,inference,medium,print call in maintained non-script module
hardware/tools/check_third_goal_preflight.py,1347,1347,maintained,main,library-print,low,inference,medium,print call in maintained non-script module
hardware/tools/check_third_goal_preflight.py,74,74,maintained,check_xr_vits_reference,hard-coded-absolute-path,high,fact,high,"""--root /home/kjm26/project/PRJXR/XR-VIT/HGTXR --approve --approved-by <approved-by> """
hardware/tools/check_third_goal_preflight.py,280,280,maintained,check_generated_artifacts,very-long-line,low,fact,high,line length=162
hardware/tools/check_third_goal_preflight.py,996,996,maintained,check_qkv_uram_successor_smoke_artifacts,very-long-line,low,fact,high,line length=164
hardware/tools/check_third_goal_preflight.py,1065,1065,maintained,check_c3b_physical_smoke_result,hard-coded-absolute-path,high,fact,high,"""--root /home/kjm26/project/PRJXR/XR-VIT/HGTXR """
hardware/tools/check_third_goal_preflight.py,1291,1291,maintained,main,very-long-line,low,fact,high,line length=161
hardware/tools/check_xr_vits_reference_resolution.py,34,81,maintained,check_candidate_audit,high-branch-density,medium,inference,medium,AST branch proxy=15
hardware/tools/check_xr_vits_reference_resolution.py,84,144,maintained,build_resolution,large-function,medium,fact,high,function spans 61 lines
hardware/tools/check_xr_vits_reference_resolution.py,200,203,maintained,main,library-print,low,inference,medium,print call in maintained non-script module
hardware/tools/check_xsim_snapshot_smoke.py,98,172,maintained,run_xsimk_mi_sequence,large-function,medium,fact,high,function spans 75 lines
hardware/tools/check_xsim_snapshot_smoke.py,98,172,maintained,run_xsimk_mi_sequence,high-branch-density,medium,inference,medium,AST branch proxy=16
hardware/tools/check_xsim_snapshot_smoke.py,175,275,maintained,run_smoke,large-function,medium,fact,high,function spans 101 lines
hardware/tools/check_xsim_snapshot_smoke.py,175,275,maintained,run_smoke,high-branch-density,medium,inference,medium,AST branch proxy=19
hardware/tools/check_xsim_snapshot_smoke.py,317,317,maintained,main,library-print,low,inference,medium,print call in maintained non-script module
hardware/tools/compare_hw_sw.py,25,25,maintained,main,library-print,low,inference,medium,print call in maintained non-script module
hardware/tools/create_xr_vits_replacement_policy.py,269,319,maintained,validate_inputs,high-branch-density,medium,inference,medium,AST branch proxy=15
hardware/tools/create_xr_vits_replacement_policy.py,456,522,maintained,main,large-function,medium,fact,high,function spans 67 lines
hardware/tools/create_xr_vits_replacement_policy.py,456,522,maintained,main,high-branch-density,medium,inference,medium,AST branch proxy=13
hardware/tools/create_xr_vits_replacement_policy.py,518,518,maintained,main,library-print,low,inference,medium,print call in maintained non-script module
hardware/tools/create_xr_vits_replacement_policy.py,471,471,maintained,main,library-print,low,inference,medium,print call in maintained non-script module
hardware/tools/create_xr_vits_replacement_policy.py,492,492,maintained,main,library-print,low,inference,medium,print call in maintained non-script module
hardware/tools/create_xr_vits_replacement_policy.py,26,26,maintained,<module>,work-marker,low,fact,high,"""todo"","
hardware/tools/create_xr_vits_replacement_policy.py,402,402,maintained,render_preview_markdown,very-long-line,low,fact,high,line length=163
hardware/tools/diagnose_hls_cosim_xsim.py,62,231,maintained,build_diagnosis,large-function,high,fact,high,function spans 170 lines
hardware/tools/diagnose_hls_cosim_xsim.py,298,298,maintained,main,library-print,low,inference,medium,print call in maintained non-script module
hardware/tools/diagnose_hls_cosim_xsim.py,56,56,maintained,extract_estimated_fmax,hard-coded-absolute-path,high,fact,high,"match = re.search(r""Estimated Fmax:\s*([0-9]+(?:\.[0-9]+)?)\s*MHz"", solution_log)"
hardware/tools/diagnose_hls_cosim_xsim.py,225,225,maintained,build_diagnosis,very-long-line,low,fact,high,line length=194
hardware/tools/discover_c3b_smoke_candidates.py,186,189,maintained,main,library-print,low,inference,medium,print call in maintained non-script module
hardware/tools/discover_pynq_smoke_candidates.py,248,252,maintained,main,library-print,low,inference,medium,print call in maintained non-script module
hardware/tools/export_e2e_m_axi_weights.py,98,98,maintained,main,library-print,low,inference,medium,print call in maintained non-script module
hardware/tools/export_s2_pytorch_golden.py,68,129,maintained,s2_approx_outputs,large-function,medium,fact,high,function spans 62 lines
hardware/tools/export_s2_pytorch_golden.py,155,227,maintained,main,large-function,medium,fact,high,function spans 73 lines
hardware/tools/export_s2_pytorch_golden.py,41,41,maintained,load_model,dynamic-execution,high,fact,high,eval
hardware/tools/export_s2_pytorch_golden.py,226,226,maintained,main,library-print,low,inference,medium,print call in maintained non-script module
hardware/tools/export_s2_pytorch_golden.py,211,211,maintained,main,very-long-line,low,fact,high,line length=196
hardware/tools/export_test_vectors.py,26,26,maintained,main,library-print,low,inference,medium,print call in maintained non-script module
hardware/tools/export_weights.py,22,22,maintained,main,library-print,low,inference,medium,print call in maintained non-script module
hardware/tools/extract_resource_metrics.py,102,168,maintained,main,large-function,medium,fact,high,function spans 67 lines
hardware/tools/extract_resource_metrics.py,167,167,maintained,main,library-print,low,inference,medium,print call in maintained non-script module
hardware/tools/gen_cleanup_dry_run_2026_06_09.py,42,157,maintained,classify,large-function,medium,fact,high,function spans 116 lines
hardware/tools/gen_cleanup_dry_run_2026_06_09.py,42,157,maintained,classify,high-branch-density,medium,inference,medium,AST branch proxy=14
hardware/tools/gen_cleanup_dry_run_2026_06_09.py,160,299,maintained,main,large-function,high,fact,high,function spans 140 lines
hardware/tools/gen_cleanup_dry_run_2026_06_09.py,160,299,maintained,main,high-branch-density,medium,inference,medium,AST branch proxy=19
hardware/tools/gen_cleanup_dry_run_2026_06_09.py,22,23,maintained,du_bytes,broad-except,medium,fact,high,catches Exception
hardware/tools/gen_cleanup_dry_run_2026_06_09.py,38,39,maintained,mtime,broad-except,medium,fact,high,catches Exception
hardware/tools/gen_cleanup_dry_run_2026_06_09.py,296,296,maintained,main,library-print,low,inference,medium,print call in maintained non-script module
hardware/tools/gen_cleanup_dry_run_2026_06_09.py,297,297,maintained,main,library-print,low,inference,medium,print call in maintained non-script module
hardware/tools/gen_cleanup_dry_run_2026_06_09.py,298,298,maintained,main,library-print,low,inference,medium,print call in maintained non-script module
hardware/tools/gen_cleanup_dry_run_2026_06_09.py,299,299,maintained,main,library-print,low,inference,medium,print call in maintained non-script module
hardware/tools/gen_cleanup_dry_run_2026_06_09.py,10,10,maintained,<module>,hard-coded-absolute-path,high,fact,high,"ROOT = Path(""/home/user/project/PRJXR"")"
hardware/tools/gen_cleanup_dry_run_2026_06_09.py,226,226,maintained,main,hard-coded-absolute-path,high,fact,high,"""- /home/user/project/PRJXR"","
hardware/tools/gen_cleanup_dry_run_2026_06_09.py,227,227,maintained,main,hard-coded-absolute-path,high,fact,high,"""- /home/user/project/PRJXR/HGTXR"","
hardware/tools/gen_cleanup_dry_run_2026_06_09.py,259,259,maintained,main,very-long-line,low,fact,high,line length=198
hardware/tools/generate_hls_config.py,18,18,maintained,main,library-print,low,inference,medium,print call in maintained non-script module
hardware/tools/hgtxr_sweep_expand.py,141,243,maintained,main,large-function,medium,fact,high,function spans 103 lines
hardware/tools/hgtxr_sweep_expand.py,141,243,maintained,main,high-branch-density,medium,inference,medium,AST branch proxy=19
hardware/tools/hgtxr_sweep_expand.py,242,242,maintained,main,library-print,low,inference,medium,print call in maintained non-script module
hardware/tools/hgtxr_sweep_expand.py,178,178,maintained,main,library-print,low,inference,medium,print call in maintained non-script module
hardware/tools/hgtxr_sweep_expand.py,235,235,maintained,main,library-print,low,inference,medium,print call in maintained non-script module
hardware/tools/import_pynq_smoke_result.py,102,173,maintained,import_result,large-function,medium,fact,high,function spans 72 lines
hardware/tools/import_pynq_smoke_result.py,200,200,maintained,main,library-print,low,inference,medium,print call in maintained non-script module
hardware/tools/pack_cyclic_weights.py,195,236,maintained,tensor_for_block,high-branch-density,medium,inference,medium,AST branch proxy=17
hardware/tools/pack_cyclic_weights.py,503,596,maintained,main,large-function,medium,fact,high,function spans 94 lines
hardware/tools/pack_cyclic_weights.py,500,500,maintained,self_test,library-print,low,inference,medium,print call in maintained non-script module
hardware/tools/pack_cyclic_weights.py,595,595,maintained,main,library-print,low,inference,medium,print call in maintained non-script module
hardware/tools/pack_cyclic_weights.py,176,176,maintained,linear_tile,very-long-line,low,fact,high,line length=163
hardware/tools/pack_cyclic_weights.py,195,195,maintained,tensor_for_block,very-long-line,low,fact,high,line length=172
hardware/tools/pack_cyclic_weights.py,288,288,maintained,tensor_for_pair,very-long-line,low,fact,high,line length=187
hardware/tools/pack_cyclic_weights.py,340,340,maintained,build_pair_block,very-long-line,low,fact,high,line length=177
hardware/tools/pack_cyclic_weights.py,350,350,maintained,build_s2_channel_pair_blocks,very-long-line,low,fact,high,line length=177
hardware/tools/pack_cyclic_weights.py,369,369,maintained,build_s2_mlp_w1_block,very-long-line,low,fact,high,line length=182
hardware/tools/pack_cyclic_weights.py,377,377,maintained,build_s2_mlp_w2_block,very-long-line,low,fact,high,line length=183
hardware/tools/pack_cyclic_weights.py,385,385,maintained,build_s2_mlp_hidden_pair_blocks,very-long-line,low,fact,high,line length=186
hardware/tools/pack_cyclic_weights.py,417,417,maintained,build_s2_block_first_step_blocks,very-long-line,low,fact,high,line length=187
hardware/tools/pack_cyclic_weights.py,500,500,maintained,self_test,very-long-line,low,fact,high,line length=229
hardware/tools/pack_cyclic_weights.py,595,595,maintained,main,very-long-line,low,fact,high,line length=172
hardware/tools/package_e2e_axis_dma_pynq_bundle.py,197,228,maintained,validation_preset,high-branch-density,medium,inference,medium,AST branch proxy=15
hardware/tools/package_e2e_axis_dma_pynq_bundle.py,259,349,maintained,build_bundle,large-function,medium,fact,high,function spans 91 lines
hardware/tools/package_e2e_axis_dma_pynq_bundle.py,364,364,maintained,main,library-print,low,inference,medium,print call in maintained non-script module
hardware/tools/package_e2e_axis_dma_pynq_bundle.py,244,244,maintained,bundle_readme_text,hard-coded-absolute-path,high,fact,high,"+ f""\n\nBundle-local {variant} AXIS/DMA smoke:\n\n"""
hardware/tools/package_e2e_axis_dma_pynq_bundle.py,246,246,maintained,bundle_readme_text,hard-coded-absolute-path,high,fact,high,"+ f""\nBundle-local {variant} AXIS/DMA result validation:\n\n"""
hardware/tools/package_e2e_m_axi_pynq_bundle.py,141,141,maintained,main,library-print,low,inference,medium,print call in maintained non-script module
hardware/tools/package_e2e_m_axi_pynq_bundle.py,62,62,maintained,bundle_readme_text,hard-coded-absolute-path,high,fact,high,"""Exported packed-weight smoke:\n\n"""
hardware/tools/prepare_zcu104_smoke_session.py,167,167,maintained,main,library-print,low,inference,medium,print call in maintained non-script module
hardware/tools/prepare_zcu104_smoke_session.py,53,53,maintained,host_copyback_steps,hard-coded-absolute-path,high,fact,high,"f""python3 tools/import_pynq_smoke_result.py /path/to/{result_json} --preset {preset} --dry-run --json-out /tmp/hgtxr_{variant_tag}_smoke_import_dry_run.json --validation-out /tmp/hgtxr_{variant_tag}_smoke_validation_dry_run.json"","
hardware/tools/prepare_zcu104_smoke_session.py,53,53,maintained,host_copyback_steps,very-long-line,low,fact,high,line length=242
hardware/tools/prepare_zcu104_smoke_session.py,54,54,maintained,host_copyback_steps,hard-coded-absolute-path,high,fact,high,"f""python3 tools/import_pynq_smoke_result.py /path/to/{result_json} --preset {preset} --json-out /tmp/hgtxr_{variant_tag}_smoke_import.json --validation-out /tmp/hgtxr_{variant_tag}_smoke_validation.json"","
hardware/tools/prepare_zcu104_smoke_session.py,54,54,maintained,host_copyback_steps,very-long-line,low,fact,high,line length=216
hardware/tools/repair_hls_to_pynq.py,98,98,maintained,print_smoke_commands,library-print,low,inference,medium,print call in maintained non-script module
hardware/tools/repair_hls_to_pynq.py,99,99,maintained,print_smoke_commands,library-print,low,inference,medium,print call in maintained non-script module
hardware/tools/repair_hls_to_pynq.py,100,100,maintained,print_smoke_commands,library-print,low,inference,medium,print call in maintained non-script module
hardware/tools/repair_hls_to_pynq.py,110,110,maintained,main,library-print,low,inference,medium,print call in maintained non-script module
hardware/tools/repair_hls_to_pynq.py,31,31,maintained,patch_tcl,library-print,low,inference,medium,print call in maintained non-script module
hardware/tools/repair_hls_to_pynq.py,36,36,maintained,patch_tcl,library-print,low,inference,medium,print call in maintained non-script module
hardware/tools/repair_hls_to_pynq.py,39,39,maintained,patch_tcl,library-print,low,inference,medium,print call in maintained non-script module
hardware/tools/repair_hls_to_pynq.py,44,44,maintained,patch_tcl,library-print,low,inference,medium,print call in maintained non-script module
hardware/tools/repair_hls_to_pynq.py,46,46,maintained,patch_tcl,library-print,low,inference,medium,print call in maintained non-script module
hardware/tools/repair_hls_to_pynq.py,52,52,maintained,copy_if_present,library-print,low,inference,medium,print call in maintained non-script module
hardware/tools/repair_hls_to_pynq.py,57,57,maintained,copy_if_present,library-print,low,inference,medium,print call in maintained non-script module
hardware/tools/repair_hls_to_pynq.py,59,59,maintained,copy_if_present,library-print,low,inference,medium,print call in maintained non-script module
hardware/tools/run_runtime_mode_board_latency.py,73,149,maintained,build_runtime_mode_summary,large-function,medium,fact,high,function spans 77 lines
hardware/tools/run_runtime_mode_board_latency.py,73,149,maintained,build_runtime_mode_summary,high-branch-density,medium,inference,medium,AST branch proxy=13
hardware/tools/run_runtime_mode_board_latency.py,73,149,maintained,build_runtime_mode_summary,too-many-parameters,medium,fact,high,parameter count=11
hardware/tools/run_runtime_mode_board_latency.py,243,246,maintained,main,library-print,low,inference,medium,print call in maintained non-script module
hardware/tools/run_third_goal_final_signoff.py,91,175,maintained,build_mirror_integrity,large-function,medium,fact,high,function spans 85 lines
hardware/tools/run_third_goal_final_signoff.py,91,175,maintained,build_mirror_integrity,high-branch-density,medium,inference,medium,AST branch proxy=16
hardware/tools/run_third_goal_final_signoff.py,178,387,maintained,default_paths,large-function,high,fact,high,function spans 210 lines
hardware/tools/run_third_goal_final_signoff.py,408,501,maintained,render_markdown,large-function,medium,fact,high,function spans 94 lines
hardware/tools/run_third_goal_final_signoff.py,513,594,maintained,build_remaining_blocker_details,large-function,medium,fact,high,function spans 82 lines
hardware/tools/run_third_goal_final_signoff.py,597,2315,maintained,run_pipeline,large-function,high,fact,high,function spans 1719 lines
hardware/tools/run_third_goal_final_signoff.py,597,2315,maintained,run_pipeline,high-branch-density,high,inference,medium,AST branch proxy=163
hardware/tools/run_third_goal_final_signoff.py,597,2315,maintained,run_pipeline,too-many-parameters,medium,fact,high,parameter count=30
hardware/tools/run_third_goal_final_signoff.py,1235,1334,maintained,run_pipeline.write_summary,large-function,medium,fact,high,function spans 100 lines
hardware/tools/run_third_goal_final_signoff.py,1235,1334,maintained,run_pipeline.write_summary,too-many-parameters,medium,fact,high,parameter count=19
hardware/tools/run_third_goal_final_signoff.py,2383,2387,maintained,main,library-print,low,inference,medium,print call in maintained non-script module
hardware/tools/run_third_goal_final_signoff.py,2333,2333,maintained,parse_args,very-long-line,low,fact,high,line length=161
hardware/tools/run_third_goal_final_signoff.py,2335,2335,maintained,parse_args,very-long-line,low,fact,high,line length=183
hardware/tools/run_third_goal_final_signoff.py,2336,2336,maintained,parse_args,very-long-line,low,fact,high,line length=175
hardware/tools/run_third_goal_final_signoff.py,2337,2337,maintained,parse_args,very-long-line,low,fact,high,line length=171
hardware/tools/run_third_goal_final_signoff.py,2340,2340,maintained,parse_args,very-long-line,low,fact,high,line length=168
hardware/tools/run_third_goal_final_signoff.py,2341,2341,maintained,parse_args,very-long-line,low,fact,high,line length=163
hardware/tools/run_zcu104_c3b_smoke_remote.py,423,469,maintained,build_commands,too-many-parameters,medium,fact,high,parameter count=13
hardware/tools/run_zcu104_c3b_smoke_remote.py,486,567,maintained,build_summary,large-function,medium,fact,high,function spans 82 lines
hardware/tools/run_zcu104_c3b_smoke_remote.py,486,567,maintained,build_summary,too-many-parameters,medium,fact,high,parameter count=18
hardware/tools/run_zcu104_c3b_smoke_remote.py,658,661,maintained,main,library-print,low,inference,medium,print call in maintained non-script module
hardware/tools/run_zcu104_c3b_smoke_remote.py,25,25,maintained,<module>,hard-coded-absolute-path,high,fact,high,"DEFAULT_REMOTE_DIR = ""/home/xilinx/hgtxr_c3b_smoke"""
hardware/tools/run_zcu104_c3b_smoke_remote.py,62,62,maintained,<module>,hard-coded-absolute-path,high,fact,high,"""remote_dir"": ""/home/xilinx/hgtxr_runtime_mode_search_smoke"","
hardware/tools/run_zcu104_c3b_smoke_remote.py,86,86,maintained,<module>,hard-coded-absolute-path,high,fact,high,"""remote_dir"": ""/home/xilinx/hgtxr_runtime_mode_track_smoke"","
hardware/tools/run_zcu104_c3b_smoke_remote.py,113,113,maintained,<module>,hard-coded-absolute-path,high,fact,high,"""remote_dir"": ""/home/xilinx/hgtxr_par32_rom_compute_300_search_smoke"","
hardware/tools/run_zcu104_c3b_smoke_remote.py,140,140,maintained,<module>,hard-coded-absolute-path,high,fact,high,"""remote_dir"": ""/home/xilinx/hgtxr_par32_rom_compute_300_track_smoke"","
hardware/tools/run_zcu104_c3b_smoke_remote.py,167,167,maintained,<module>,hard-coded-absolute-path,high,fact,high,"""remote_dir"": ""/home/xilinx/hgtxr_par32_prefetchall4_300_search_smoke"","
hardware/tools/run_zcu104_c3b_smoke_remote.py,194,194,maintained,<module>,hard-coded-absolute-path,high,fact,high,"""remote_dir"": ""/home/xilinx/hgtxr_par32_prefetchall4_300_track_smoke"","
hardware/tools/run_zcu104_c3b_smoke_remote.py,221,221,maintained,<module>,hard-coded-absolute-path,high,fact,high,"""remote_dir"": ""/home/xilinx/hgtxr_par32_prefetchall4_300_hybrid_10_90_smoke"","
hardware/tools/run_zcu104_c3b_smoke_remote.py,248,248,maintained,<module>,hard-coded-absolute-path,high,fact,high,"""remote_dir"": ""/home/xilinx/hgtxr_par32_patch32_dtok4_300_search_smoke"","
hardware/tools/run_zcu104_c3b_smoke_remote.py,275,275,maintained,<module>,hard-coded-absolute-path,high,fact,high,"""remote_dir"": ""/home/xilinx/hgtxr_par32_patch32_dtok4_300_track_smoke"","
hardware/tools/run_zcu104_c3b_smoke_remote.py,302,302,maintained,<module>,hard-coded-absolute-path,high,fact,high,"""remote_dir"": ""/home/xilinx/hgtxr_par32_patch32_dtok4_300_hybrid_10_90_smoke"","
hardware/tools/run_zcu104_c3b_smoke_remote.py,332,332,maintained,<module>,hard-coded-absolute-path,high,fact,high,"""remote_dir"": ""/home/xilinx/hgtxr_vref_p0_softmax_input_x2_smoke"","
hardware/tools/run_zcu104_c3b_smoke_remote.py,362,362,maintained,<module>,hard-coded-absolute-path,high,fact,high,"""remote_dir"": ""/home/xilinx/hgtxr_vref_p0_qkv_uram_smoke"","
hardware/tools/static_validate_hgtxr.py,469,469,maintained,check_tcl_patch,library-print,low,inference,medium,print call in maintained non-script module
hardware/tools/static_validate_hgtxr.py,481,481,maintained,main,library-print,low,inference,medium,print call in maintained non-script module
hardware/tools/static_validate_hgtxr.py,494,494,maintained,main,library-print,low,inference,medium,print call in maintained non-script module
hardware/tools/static_validate_hgtxr.py,359,359,maintained,check_markers,library-print,low,inference,medium,print call in maintained non-script module
hardware/tools/static_validate_hgtxr.py,452,452,maintained,check_spec_kit_status,library-print,low,inference,medium,print call in maintained non-script module
hardware/tools/static_validate_hgtxr.py,463,463,maintained,check_tcl_patch,library-print,low,inference,medium,print call in maintained non-script module
hardware/tools/static_validate_hgtxr.py,467,467,maintained,check_tcl_patch,library-print,low,inference,medium,print call in maintained non-script module
hardware/tools/static_validate_hgtxr.py,492,492,maintained,main,library-print,low,inference,medium,print call in maintained non-script module
hardware/tools/static_validate_hgtxr.py,346,346,maintained,check_exists,library-print,low,inference,medium,print call in maintained non-script module
hardware/tools/static_validate_hgtxr.py,365,365,maintained,check_markers,library-print,low,inference,medium,print call in maintained non-script module
hardware/tools/static_validate_hgtxr.py,367,367,maintained,check_markers,library-print,low,inference,medium,print call in maintained non-script module
hardware/tools/static_validate_hgtxr.py,454,454,maintained,check_spec_kit_status,library-print,low,inference,medium,print call in maintained non-script module
hardware/tools/static_validate_hgtxr.py,456,456,maintained,check_spec_kit_status,library-print,low,inference,medium,print call in maintained non-script module
hardware/tools/static_validate_hgtxr.py,348,348,maintained,check_exists,library-print,low,inference,medium,print call in maintained non-script module
hardware/tools/static_validate_hgtxr.py,351,351,maintained,check_exists,library-print,low,inference,medium,print call in maintained non-script module
hardware/tools/update_e2e_docs_2026_06_09.py,25,25,maintained,<module>,very-long-line,low,fact,high,line length=161
hardware/tools/update_e2e_docs_2026_06_09.py,57,57,maintained,<module>,very-long-line,low,fact,high,line length=317
hardware/tools/update_e2e_docs_2026_06_09.py,59,59,maintained,<module>,very-long-line,low,fact,high,line length=192
hardware/tools/update_e2e_docs_2026_06_09.py,68,68,maintained,<module>,very-long-line,low,fact,high,line length=277
hardware/tools/update_e2e_docs_2026_06_09.py,70,70,maintained,<module>,very-long-line,low,fact,high,line length=270
hardware/tools/update_e2e_docs_2026_06_09.py,80,80,maintained,<module>,very-long-line,low,fact,high,line length=208
hardware/tools/validate_e2e_axis_vector.py,70,105,maintained,load_spec,high-branch-density,medium,inference,medium,AST branch proxy=13
hardware/tools/validate_e2e_axis_vector.py,115,163,maintained,validate_entries,high-branch-density,medium,inference,medium,AST branch proxy=21
hardware/tools/validate_e2e_axis_vector.py,536,601,maintained,build_reference,large-function,medium,fact,high,function spans 66 lines
hardware/tools/validate_e2e_axis_vector.py,536,601,maintained,build_reference,high-branch-density,medium,inference,medium,AST branch proxy=24
hardware/tools/validate_e2e_axis_vector.py,711,711,maintained,main,library-print,low,inference,medium,print call in maintained non-script module
hardware/tools/validate_e2e_axis_vector.py,709,709,maintained,main,library-print,low,inference,medium,print call in maintained non-script module
hardware/tools/validate_final_operator_handoff.py,394,1569,maintained,validate_handoff,large-function,high,fact,high,function spans 1176 lines
hardware/tools/validate_final_operator_handoff.py,394,1569,maintained,validate_handoff,high-branch-density,high,inference,medium,AST branch proxy=230
hardware/tools/validate_final_operator_handoff.py,1620,1620,maintained,main,library-print,low,inference,medium,print call in maintained non-script module
hardware/tools/validate_final_operator_handoff.py,481,481,maintained,validate_handoff,very-long-line,low,fact,high,line length=183
hardware/tools/validate_final_operator_handoff.py,482,482,maintained,validate_handoff,very-long-line,low,fact,high,line length=186
hardware/tools/validate_final_operator_handoff.py,483,483,maintained,validate_handoff,very-long-line,low,fact,high,line length=203
hardware/tools/validate_final_operator_handoff.py,487,487,maintained,validate_handoff,very-long-line,low,fact,high,line length=222
hardware/tools/validate_final_operator_handoff.py,1549,1549,maintained,validate_handoff,very-long-line,low,fact,high,line length=286
hardware/tools/validate_final_signoff_bundle.py,518,1425,maintained,validate_bundle,large-function,high,fact,high,function spans 908 lines
hardware/tools/validate_final_signoff_bundle.py,518,1425,maintained,validate_bundle,high-branch-density,high,inference,medium,AST branch proxy=113
hardware/tools/validate_final_signoff_bundle.py,1488,1488,maintained,main,library-print,low,inference,medium,print call in maintained non-script module
hardware/tools/validate_final_unblock_closeout_packet.py,81,343,maintained,validate_packet,large-function,high,fact,high,function spans 263 lines
hardware/tools/validate_final_unblock_closeout_packet.py,81,343,maintained,validate_packet,high-branch-density,high,inference,medium,AST branch proxy=57
hardware/tools/validate_final_unblock_closeout_packet.py,385,388,maintained,main,library-print,low,inference,medium,print call in maintained non-script module
hardware/tools/validate_final_unblock_closeout_packet.py,245,245,maintained,validate_packet,very-long-line,low,fact,high,line length=161
hardware/tools/validate_hgpipe_lut_math.py,87,157,maintained,validate_cursor_table_refs,large-function,medium,fact,high,function spans 71 lines
hardware/tools/validate_hgpipe_lut_math.py,87,157,maintained,validate_cursor_table_refs,high-branch-density,medium,inference,medium,AST branch proxy=15
hardware/tools/validate_hgpipe_lut_math.py,159,323,maintained,validate_softmax_refs,large-function,high,fact,high,function spans 165 lines
hardware/tools/validate_hgpipe_lut_math.py,159,323,maintained,validate_softmax_refs,high-branch-density,high,inference,medium,AST branch proxy=29
hardware/tools/validate_hgpipe_lut_math.py,325,464,maintained,validate_layernorm_refs,large-function,high,fact,high,function spans 140 lines
hardware/tools/validate_hgpipe_lut_math.py,325,464,maintained,validate_layernorm_refs,high-branch-density,high,inference,medium,AST branch proxy=32
hardware/tools/validate_hgpipe_lut_math.py,466,534,maintained,validate_contract,large-function,medium,fact,high,function spans 69 lines
hardware/tools/validate_hgpipe_lut_math.py,466,534,maintained,validate_contract,high-branch-density,medium,inference,medium,AST branch proxy=25
hardware/tools/validate_hgpipe_lut_math.py,583,583,maintained,main,library-print,low,inference,medium,print call in maintained non-script module
hardware/tools/validate_pynq_bundle_package.py,331,415,maintained,validate_bundle,large-function,medium,fact,high,function spans 85 lines
hardware/tools/validate_pynq_bundle_package.py,331,415,maintained,validate_bundle,high-branch-density,high,inference,medium,AST branch proxy=38
hardware/tools/validate_pynq_bundle_package.py,438,438,maintained,main,library-print,low,inference,medium,print call in maintained non-script module
hardware/tools/validate_pynq_smoke_result.py,202,247,maintained,validate_measurement_fields,high-branch-density,high,inference,medium,AST branch proxy=26
hardware/tools/validate_pynq_smoke_result.py,292,348,maintained,validate_result,high-branch-density,medium,inference,medium,AST branch proxy=25
hardware/tools/validate_pynq_smoke_result.py,351,447,maintained,validate_hybrid_result,large-function,medium,fact,high,function spans 97 lines
hardware/tools/validate_pynq_smoke_result.py,351,447,maintained,validate_hybrid_result,high-branch-density,high,inference,medium,AST branch proxy=37
hardware/tools/validate_pynq_smoke_result.py,470,470,maintained,main,library-print,low,inference,medium,print call in maintained non-script module
hardware/tools/validate_s2_block_full.py,304,408,maintained,run_validation,large-function,medium,fact,high,function spans 105 lines
hardware/tools/validate_s2_block_full.py,304,408,maintained,run_validation,too-many-parameters,medium,fact,high,parameter count=11
hardware/tools/validate_s2_block_full.py,411,472,maintained,main,large-function,medium,fact,high,function spans 62 lines
hardware/tools/validate_s2_block_full.py,471,471,maintained,main,library-print,low,inference,medium,print call in maintained non-script module
hardware/tools/validate_s2_block_preln.py,182,182,maintained,main,library-print,low,inference,medium,print call in maintained non-script module
hardware/tools/write_c3b_physical_smoke_gate_audit.py,74,189,maintained,build_audit,large-function,medium,fact,high,function spans 116 lines
hardware/tools/write_c3b_physical_smoke_gate_audit.py,74,189,maintained,build_audit,high-branch-density,medium,inference,medium,AST branch proxy=18
hardware/tools/write_c3b_physical_smoke_gate_audit.py,249,261,maintained,main,library-print,low,inference,medium,print call in maintained non-script module
hardware/tools/write_c3b_protection_checklist.py,157,486,maintained,build_checklist,large-function,high,fact,high,function spans 330 lines
hardware/tools/write_c3b_protection_checklist.py,157,486,maintained,build_checklist,high-branch-density,high,inference,medium,AST branch proxy=34
hardware/tools/write_c3b_protection_checklist.py,537,537,maintained,main,library-print,low,inference,medium,print call in maintained non-script module
hardware/tools/write_c3b_protection_checklist.py,371,371,maintained,build_checklist,very-long-line,low,fact,high,line length=211
hardware/tools/write_c3b_protection_checklist.py,380,380,maintained,build_checklist,very-long-line,low,fact,high,line length=211
hardware/tools/write_c3b_protection_checklist.py,537,537,maintained,main,very-long-line,low,fact,high,line length=193
hardware/tools/write_c3b_smoke_result_contract.py,20,85,maintained,build_contract,large-function,medium,fact,high,function spans 66 lines
hardware/tools/write_c3b_smoke_result_contract.py,152,152,maintained,main,library-print,low,inference,medium,print call in maintained non-script module
hardware/tools/write_c3b_smoke_result_contract.py,49,49,maintained,build_contract,hard-coded-absolute-path,high,fact,high,"f""--json-out /tmp/c3b_smoke_import_{DATE_TAG}.json """
hardware/tools/write_c3b_smoke_result_contract.py,50,50,maintained,build_contract,hard-coded-absolute-path,high,fact,high,"f""--validation-out /tmp/c3b_smoke_import_validation_{DATE_TAG}.json"""
hardware/tools/write_c3b_smoke_result_contract.py,55,55,maintained,build_contract,hard-coded-absolute-path,high,fact,high,"f""--json-out /tmp/c3b_smoke_import_{DATE_TAG}.json """
hardware/tools/write_c3b_smoke_result_contract.py,56,56,maintained,build_contract,hard-coded-absolute-path,high,fact,high,"f""--validation-out /tmp/c3b_smoke_import_validation_{DATE_TAG}.json"""
hardware/tools/write_c3b_smoke_transfer_manifest.py,149,152,maintained,main,library-print,low,inference,medium,print call in maintained non-script module
hardware/tools/write_c3b_smoke_transfer_manifest.py,74,74,maintained,build_manifest,hard-coded-absolute-path,high,fact,high,"""import_command"": f""python3 tools/import_pynq_smoke_result.py /path/to/{result_json} --preset axis-c3b-mem16 --json-out /tmp/hgtxr_c3b_smoke_import.json --validation-out /tmp/hgtxr_c3b_smoke_validation.json"","
hardware/tools/write_c3b_smoke_transfer_manifest.py,74,74,maintained,build_manifest,very-long-line,low,fact,high,line length=220
hardware/tools/write_c3b_smoke_transfer_manifest.py,76,76,maintained,build_manifest,hard-coded-absolute-path,high,fact,high,"""final_signoff_command"": ""python3 tools/check_third_goal_preflight.py --root /home/kjm26/project/PRJXR/XR-VIT/HGTXR --mode final-signoff"","
hardware/tools/write_e2e_resource_matrix.py,158,224,maintained,build_matrix,large-function,medium,fact,high,function spans 67 lines
hardware/tools/write_e2e_resource_matrix.py,235,299,maintained,render_markdown,large-function,medium,fact,high,function spans 65 lines
hardware/tools/write_e2e_resource_matrix.py,317,321,maintained,main,library-print,low,inference,medium,print call in maintained non-script module
hardware/tools/write_e2e_resource_matrix.py,23,23,maintained,<module>,very-long-line,low,fact,high,line length=176
hardware/tools/write_e2e_resource_matrix.py,24,24,maintained,<module>,very-long-line,low,fact,high,line length=166
hardware/tools/write_e2e_resource_matrix.py,37,37,maintained,<module>,very-long-line,low,fact,high,line length=185
hardware/tools/write_e2e_resource_matrix.py,38,38,maintained,<module>,very-long-line,low,fact,high,line length=175
hardware/tools/write_e2e_resource_matrix.py,51,51,maintained,<module>,very-long-line,low,fact,high,line length=203
hardware/tools/write_e2e_resource_matrix.py,52,52,maintained,<module>,very-long-line,low,fact,high,line length=193
hardware/tools/write_e2e_resource_matrix.py,65,65,maintained,<module>,very-long-line,low,fact,high,line length=215
hardware/tools/write_e2e_resource_matrix.py,66,66,maintained,<module>,very-long-line,low,fact,high,line length=205
hardware/tools/write_e2e_resource_policy_audit.py,84,259,maintained,build_audit,large-function,high,fact,high,function spans 176 lines
hardware/tools/write_e2e_resource_policy_audit.py,84,259,maintained,build_audit,high-branch-density,high,inference,medium,AST branch proxy=27
hardware/tools/write_e2e_resource_policy_audit.py,302,305,maintained,main,library-print,low,inference,medium,print call in maintained non-script module
hardware/tools/write_e2e_resource_policy_audit.py,134,134,maintained,build_audit,very-long-line,low,fact,high,line length=165
hardware/tools/write_e2e_resource_policy_audit.py,135,135,maintained,build_audit,very-long-line,low,fact,high,line length=167
hardware/tools/write_e2e_resource_policy_audit.py,136,136,maintained,build_audit,very-long-line,low,fact,high,line length=209
hardware/tools/write_e2e_resource_policy_audit.py,137,137,maintained,build_audit,very-long-line,low,fact,high,line length=206
hardware/tools/write_e2e_resource_policy_audit.py,138,138,maintained,build_audit,very-long-line,low,fact,high,line length=197
hardware/tools/write_e2e_resource_policy_audit.py,143,143,maintained,build_audit,very-long-line,low,fact,high,line length=200
hardware/tools/write_e2e_resource_policy_audit.py,144,144,maintained,build_audit,very-long-line,low,fact,high,line length=207
hardware/tools/write_e2e_resource_policy_audit.py,154,154,maintained,build_audit,very-long-line,low,fact,high,line length=216
hardware/tools/write_e2e_resource_policy_audit.py,157,157,maintained,build_audit,very-long-line,low,fact,high,line length=221
hardware/tools/write_e2e_resource_policy_audit.py,158,158,maintained,build_audit,very-long-line,low,fact,high,line length=219
hardware/tools/write_e2e_resource_policy_audit.py,160,160,maintained,build_audit,very-long-line,low,fact,high,line length=180
hardware/tools/write_final_evidence_manifest.py,242,317,maintained,resource_policy_artifact_set,large-function,medium,fact,high,function spans 76 lines
hardware/tools/write_final_evidence_manifest.py,242,317,maintained,resource_policy_artifact_set,high-branch-density,medium,inference,medium,AST branch proxy=17
hardware/tools/write_final_evidence_manifest.py,457,582,maintained,add_final_runner_blocker_summary_checks,large-function,high,fact,high,function spans 126 lines
hardware/tools/write_final_evidence_manifest.py,457,582,maintained,add_final_runner_blocker_summary_checks,high-branch-density,high,inference,medium,AST branch proxy=51
hardware/tools/write_final_evidence_manifest.py,601,2554,maintained,build_consistency_checks,large-function,high,fact,high,function spans 1954 lines
hardware/tools/write_final_evidence_manifest.py,601,2554,maintained,build_consistency_checks,high-branch-density,high,inference,medium,AST branch proxy=375
hardware/tools/write_final_evidence_manifest.py,2557,2614,maintained,build_manifest,high-branch-density,medium,inference,medium,AST branch proxy=15
hardware/tools/write_final_evidence_manifest.py,2683,2686,maintained,main,library-print,low,inference,medium,print call in maintained non-script module
hardware/tools/write_final_evidence_manifest.py,754,754,maintained,build_consistency_checks,very-long-line,low,fact,high,line length=171
hardware/tools/write_final_evidence_manifest.py,767,767,maintained,build_consistency_checks,very-long-line,low,fact,high,line length=174
hardware/tools/write_final_evidence_manifest.py,1128,1128,maintained,build_consistency_checks,very-long-line,low,fact,high,line length=322
hardware/tools/write_final_evidence_manifest.py,1254,1254,maintained,build_consistency_checks,very-long-line,low,fact,high,line length=243
hardware/tools/write_final_evidence_manifest.py,2242,2242,maintained,build_consistency_checks,very-long-line,low,fact,high,line length=200
hardware/tools/write_final_evidence_manifest.py,2256,2256,maintained,build_consistency_checks,very-long-line,low,fact,high,line length=224
hardware/tools/write_final_operator_handoff.py,88,210,maintained,build_handoff,large-function,high,fact,high,function spans 123 lines
hardware/tools/write_final_operator_handoff.py,88,210,maintained,build_handoff,high-branch-density,medium,inference,medium,AST branch proxy=25
hardware/tools/write_final_operator_handoff.py,213,342,maintained,render_markdown,large-function,high,fact,high,function spans 130 lines
hardware/tools/write_final_operator_handoff.py,379,382,maintained,main,library-print,low,inference,medium,print call in maintained non-script module
hardware/tools/write_final_operator_handoff.py,153,153,maintained,build_handoff,hard-coded-absolute-path,high,fact,high,"""requested_path"": candidate_xr.get(""requested_path"", ""/home/kjm26/project/PRJXR/XR-VITs""),"
hardware/tools/write_final_signoff_audit.py,147,147,maintained,main,library-print,low,inference,medium,print call in maintained non-script module
hardware/tools/write_final_unblock_closeout_packet.py,226,358,maintained,build_packet,large-function,high,fact,high,function spans 133 lines
hardware/tools/write_final_unblock_closeout_packet.py,226,358,maintained,build_packet,high-branch-density,medium,inference,medium,AST branch proxy=15
hardware/tools/write_final_unblock_closeout_packet.py,361,444,maintained,render_markdown,large-function,medium,fact,high,function spans 84 lines
hardware/tools/write_final_unblock_closeout_packet.py,361,444,maintained,render_markdown,high-branch-density,medium,inference,medium,AST branch proxy=13
hardware/tools/write_final_unblock_closeout_packet.py,467,470,maintained,main,library-print,low,inference,medium,print call in maintained non-script module
hardware/tools/write_final_unblock_commands.py,34,397,maintained,build_commands,large-function,high,fact,high,function spans 364 lines
hardware/tools/write_final_unblock_commands.py,34,397,maintained,build_commands,high-branch-density,medium,inference,medium,AST branch proxy=13
hardware/tools/write_final_unblock_commands.py,504,507,maintained,main,library-print,low,inference,medium,print call in maintained non-script module
hardware/tools/write_final_unblock_commands.py,99,99,maintained,build_commands,hard-coded-absolute-path,high,fact,high,"""--json-out /tmp/hgtxr_final_blocker_readiness_current.json """
hardware/tools/write_final_unblock_commands.py,100,100,maintained,build_commands,hard-coded-absolute-path,high,fact,high,"""--markdown-out /tmp/hgtxr_final_blocker_readiness_current.md"""
hardware/tools/write_final_unblock_commands.py,107,107,maintained,build_commands,hard-coded-absolute-path,high,fact,high,"""--json-out /tmp/hgtxr_final_blocker_readiness_exact.json """
hardware/tools/write_final_unblock_commands.py,108,108,maintained,build_commands,hard-coded-absolute-path,high,fact,high,"""--markdown-out /tmp/hgtxr_final_blocker_readiness_exact.md"""
hardware/tools/write_final_unblock_commands.py,117,117,maintained,build_commands,hard-coded-absolute-path,high,fact,high,"""--json-out /tmp/hgtxr_final_blocker_readiness_replacement.json """
hardware/tools/write_final_unblock_commands.py,118,118,maintained,build_commands,hard-coded-absolute-path,high,fact,high,"""--markdown-out /tmp/hgtxr_final_blocker_readiness_replacement.md"""
hardware/tools/write_final_unblock_commands.py,133,133,maintained,build_commands,hard-coded-absolute-path,high,fact,high,"""python3 tools/check_c3b_board_smoke_readiness.py --root /home/kjm26/project/PRJXR/XR-VIT/HGTXR"","
hardware/tools/write_final_unblock_commands.py,138,138,maintained,build_commands,hard-coded-absolute-path,high,fact,high,"""--root /home/kjm26/project/PRJXR/XR-VIT/HGTXR """
hardware/tools/write_final_unblock_commands.py,144,144,maintained,build_commands,hard-coded-absolute-path,high,fact,high,"""--root /home/kjm26/project/PRJXR/XR-VIT/HGTXR """
hardware/tools/write_final_unblock_commands.py,149,149,maintained,build_commands,hard-coded-absolute-path,high,fact,high,"""--root /home/kjm26/project/PRJXR/XR-VIT/HGTXR """
hardware/tools/write_final_unblock_commands.py,187,187,maintained,build_commands,hard-coded-absolute-path,high,fact,high,"""test -d /home/kjm26/project/PRJXR/XR-VITs"","
hardware/tools/write_final_unblock_commands.py,188,188,maintained,build_commands,hard-coded-absolute-path,high,fact,high,"""python3 tools/check_third_goal_preflight.py --root /home/kjm26/project/PRJXR/XR-VIT/HGTXR --mode final-signoff"","
hardware/tools/write_final_unblock_commands.py,190,190,maintained,build_commands,hard-coded-absolute-path,high,fact,high,"""evidence_after"": [""/home/kjm26/project/PRJXR/XR-VITs""],"
hardware/tools/write_final_unblock_commands.py,198,198,maintained,build_commands,hard-coded-absolute-path,high,fact,high,"""--root /home/kjm26/project/PRJXR/XR-VIT/HGTXR """
hardware/tools/write_final_unblock_commands.py,206,206,maintained,build_commands,hard-coded-absolute-path,high,fact,high,"""--root /home/kjm26/project/PRJXR/XR-VIT/HGTXR """
hardware/tools/write_final_unblock_commands.py,213,213,maintained,build_commands,hard-coded-absolute-path,high,fact,high,"""--root /home/kjm26/project/PRJXR/XR-VIT/HGTXR """
hardware/tools/write_final_unblock_commands.py,219,219,maintained,build_commands,hard-coded-absolute-path,high,fact,high,"""--root /home/kjm26/project/PRJXR/XR-VIT/HGTXR """
hardware/tools/write_final_unblock_commands.py,248,248,maintained,build_commands,hard-coded-absolute-path,high,fact,high,"""test -d /home/kjm26/project/PRJXR/XR-VITs"","
hardware/tools/write_final_unblock_commands.py,251,251,maintained,build_commands,hard-coded-absolute-path,high,fact,high,"""--root /home/kjm26/project/PRJXR/XR-VIT/HGTXR """
hardware/tools/write_final_unblock_commands.py,257,257,maintained,build_commands,hard-coded-absolute-path,high,fact,high,"""/home/kjm26/project/PRJXR/XR-VITs"","
hardware/tools/write_final_unblock_commands.py,267,267,maintained,build_commands,hard-coded-absolute-path,high,fact,high,"""--root /home/kjm26/project/PRJXR/XR-VIT/HGTXR """
hardware/tools/write_final_unblock_commands.py,277,277,maintained,build_commands,hard-coded-absolute-path,high,fact,high,"""--root /home/kjm26/project/PRJXR/XR-VIT/HGTXR """
hardware/tools/write_final_unblock_commands.py,284,284,maintained,build_commands,hard-coded-absolute-path,high,fact,high,"""--root /home/kjm26/project/PRJXR/XR-VIT/HGTXR """
hardware/tools/write_final_unblock_commands.py,290,290,maintained,build_commands,hard-coded-absolute-path,high,fact,high,"""--root /home/kjm26/project/PRJXR/XR-VIT/HGTXR """
hardware/tools/write_final_unblock_commands.py,319,319,maintained,build_commands,hard-coded-absolute-path,high,fact,high,"""--root /home/kjm26/project/PRJXR/XR-VIT/HGTXR """
hardware/tools/write_final_unblock_commands.py,325,325,maintained,build_commands,hard-coded-absolute-path,high,fact,high,"""--root /home/kjm26/project/PRJXR/XR-VIT/HGTXR """
hardware/tools/write_final_unblock_commands.py,336,336,maintained,build_commands,hard-coded-absolute-path,high,fact,high,"""--root /home/kjm26/project/PRJXR/XR-VIT/HGTXR """
hardware/tools/write_final_unblock_commands.py,342,342,maintained,build_commands,hard-coded-absolute-path,high,fact,high,"""--root /home/kjm26/project/PRJXR/XR-VIT/HGTXR """
hardware/tools/write_final_unblock_commands.py,363,363,maintained,build_commands,hard-coded-absolute-path,high,fact,high,"""python3 tools/run_third_goal_final_signoff.py --root /home/kjm26/project/PRJXR/XR-VIT/HGTXR"","
hardware/tools/write_final_unblock_intake.py,19,95,maintained,build_intake,large-function,medium,fact,high,function spans 77 lines
hardware/tools/write_final_unblock_intake.py,223,286,maintained,render_markdown,large-function,medium,fact,high,function spans 64 lines
hardware/tools/write_final_unblock_intake.py,318,321,maintained,main,library-print,low,inference,medium,print call in maintained non-script module
hardware/tools/write_final_unblock_intake.py,193,193,maintained,build_candidate_audit_command,hard-coded-absolute-path,high,fact,high,"f""/tmp/final_unblock_candidate_audit_{DATE_TAG}.json"","
hardware/tools/write_final_unblock_intake.py,195,195,maintained,build_candidate_audit_command,hard-coded-absolute-path,high,fact,high,"f""/tmp/final_unblock_candidate_audit_{DATE_TAG}.md"","
hardware/tools/write_hgpipe_operator_audit.py,168,273,maintained,build_property_checks,large-function,medium,fact,high,function spans 106 lines
hardware/tools/write_hgpipe_operator_audit.py,168,273,maintained,build_property_checks,high-branch-density,high,inference,medium,AST branch proxy=42
hardware/tools/write_hgpipe_operator_audit.py,276,397,maintained,build_operator_audit,large-function,high,fact,high,function spans 122 lines
hardware/tools/write_hgpipe_operator_audit.py,276,397,maintained,build_operator_audit,high-branch-density,medium,inference,medium,AST branch proxy=17
hardware/tools/write_hgpipe_operator_audit.py,459,469,maintained,main,library-print,low,inference,medium,print call in maintained non-script module
hardware/tools/write_p2_vit_scale_calibration_report.py,37,166,maintained,build_report,large-function,high,fact,high,function spans 130 lines
hardware/tools/write_p2_vit_scale_calibration_report.py,37,166,maintained,build_report,high-branch-density,medium,inference,medium,AST branch proxy=17
hardware/tools/write_p2_vit_scale_calibration_report.py,220,220,maintained,main,library-print,low,inference,medium,print call in maintained non-script module
hardware/tools/write_patch32_dtok4_300_goal_status.py,126,153,maintained,parse_timing,high-branch-density,medium,inference,medium,AST branch proxy=14
hardware/tools/write_patch32_dtok4_300_goal_status.py,225,349,maintained,build_status,large-function,high,fact,high,function spans 125 lines
hardware/tools/write_patch32_dtok4_300_goal_status.py,225,349,maintained,build_status,high-branch-density,medium,inference,medium,AST branch proxy=19
hardware/tools/write_patch32_dtok4_300_goal_status.py,360,458,maintained,render_markdown,large-function,medium,fact,high,function spans 99 lines
hardware/tools/write_patch32_dtok4_300_goal_status.py,475,475,maintained,main,library-print,low,inference,medium,print call in maintained non-script module
hardware/tools/write_prefetchall4_300_contract_audit.py,61,340,maintained,build_audit,large-function,high,fact,high,function spans 280 lines
hardware/tools/write_prefetchall4_300_contract_audit.py,61,340,maintained,build_audit,high-branch-density,medium,inference,medium,AST branch proxy=17
hardware/tools/write_prefetchall4_300_contract_audit.py,382,382,maintained,main,library-print,low,inference,medium,print call in maintained non-script module
hardware/tools/write_prefetchall4_300_goal_status.py,259,400,maintained,build_board_measurements,large-function,high,fact,high,function spans 142 lines
hardware/tools/write_prefetchall4_300_goal_status.py,259,400,maintained,build_board_measurements,high-branch-density,high,inference,medium,AST branch proxy=41
hardware/tools/write_prefetchall4_300_goal_status.py,403,587,maintained,build_status,large-function,high,fact,high,function spans 185 lines
hardware/tools/write_prefetchall4_300_goal_status.py,403,587,maintained,build_status,high-branch-density,high,inference,medium,AST branch proxy=46
hardware/tools/write_prefetchall4_300_goal_status.py,594,719,maintained,render_markdown,large-function,high,fact,high,function spans 126 lines
hardware/tools/write_prefetchall4_300_goal_status.py,594,719,maintained,render_markdown,high-branch-density,medium,inference,medium,AST branch proxy=16
hardware/tools/write_prefetchall4_300_goal_status.py,736,736,maintained,main,library-print,low,inference,medium,print call in maintained non-script module
hardware/tools/write_prefetchall4_300_goal_status.py,443,443,maintained,build_status,very-long-line,low,fact,high,line length=164
hardware/tools/write_prefetchall4_300_goal_status.py,449,449,maintained,build_status,very-long-line,low,fact,high,line length=171
hardware/tools/write_prefetchall4_300_goal_status.py,465,465,maintained,build_status,very-long-line,low,fact,high,line length=169
hardware/tools/write_prefetchall4_300_goal_status.py,489,489,maintained,build_status,very-long-line,low,fact,high,line length=237
hardware/tools/write_prefetchall4_300_goal_status.py,491,491,maintained,build_status,very-long-line,low,fact,high,line length=202
hardware/tools/write_prefetchall4_300_goal_status.py,504,504,maintained,build_status,very-long-line,low,fact,high,line length=179
hardware/tools/write_prefetchall4_300_goal_status.py,664,664,maintained,render_markdown,very-long-line,low,fact,high,line length=221
hardware/tools/write_prefetchall4_300_resource_breakdown.py,137,163,maintained,parse_hierarchical_table,high-branch-density,medium,inference,medium,AST branch proxy=15
hardware/tools/write_prefetchall4_300_resource_breakdown.py,396,396,maintained,main,library-print,low,inference,medium,print call in maintained non-script module
hardware/tools/write_req1_environment_audit.py,51,114,maintained,build_audit,large-function,medium,fact,high,function spans 64 lines
hardware/tools/write_req1_environment_audit.py,157,157,maintained,main,library-print,low,inference,medium,print call in maintained non-script module
hardware/tools/write_req1_environment_audit.py,17,17,maintained,<module>,hard-coded-absolute-path,high,fact,high,"EXPECTED_PROJECT_PREFIX = ""/home/kjm26/project/"""
hardware/tools/write_req1_environment_audit.py,56,56,maintained,build_audit,hard-coded-absolute-path,high,fact,high,"legacy_markers = [""/mnt/c"", ""/mnt/d"", ""C:\\"", ""/opt/Xilinx""]"
hardware/tools/write_req2_spec_subagent_gate_audit.py,39,201,maintained,build_audit,large-function,high,fact,high,function spans 163 lines
hardware/tools/write_req2_spec_subagent_gate_audit.py,39,201,maintained,build_audit,high-branch-density,medium,inference,medium,AST branch proxy=18
hardware/tools/write_req2_spec_subagent_gate_audit.py,248,259,maintained,main,library-print,low,inference,medium,print call in maintained non-script module
hardware/tools/write_req5_q4q8_swhw_match_audit.py,87,140,maintained,manifest_checks,high-branch-density,medium,inference,medium,AST branch proxy=22
hardware/tools/write_req5_q4q8_swhw_match_audit.py,143,241,maintained,build_audit,large-function,medium,fact,high,function spans 99 lines
hardware/tools/write_req5_q4q8_swhw_match_audit.py,143,241,maintained,build_audit,high-branch-density,medium,inference,medium,AST branch proxy=15
hardware/tools/write_req5_q4q8_swhw_match_audit.py,288,288,maintained,main,library-print,low,inference,medium,print call in maintained non-script module
hardware/tools/write_req5_q4q8_swhw_match_audit.py,230,230,maintained,build_audit,very-long-line,low,fact,high,line length=179
hardware/tools/write_req6_parameterization_audit.py,107,356,maintained,build_audit,large-function,high,fact,high,function spans 250 lines
hardware/tools/write_req6_parameterization_audit.py,107,356,maintained,build_audit,high-branch-density,high,inference,medium,AST branch proxy=30
hardware/tools/write_req6_parameterization_audit.py,409,409,maintained,main,library-print,low,inference,medium,print call in maintained non-script module
hardware/tools/write_req6_parameterization_audit.py,85,85,maintained,sweep_has_values,hard-coded-absolute-path,high,fact,high,"pattern = rf""{re.escape(name)}:\s*(?:\n\s+.*)*?\n\s+values:\s*\[([^\]]+)\]"""
hardware/tools/write_req6_parameterization_audit.py,243,243,maintained,build_audit,very-long-line,low,fact,high,line length=161
hardware/tools/write_req6_parameterization_audit.py,244,244,maintained,build_audit,very-long-line,low,fact,high,line length=208
hardware/tools/write_req6_parameterization_audit.py,245,245,maintained,build_audit,very-long-line,low,fact,high,line length=175
hardware/tools/write_req6_parameterization_audit.py,247,247,maintained,build_audit,very-long-line,low,fact,high,line length=168
hardware/tools/write_req6_parameterization_audit.py,249,249,maintained,build_audit,very-long-line,low,fact,high,line length=177
hardware/tools/write_req6_parameterization_audit.py,250,250,maintained,build_audit,very-long-line,low,fact,high,line length=165
hardware/tools/write_req6_parameterization_audit.py,252,252,maintained,build_audit,very-long-line,low,fact,high,line length=180
hardware/tools/write_req6_parameterization_audit.py,340,340,maintained,build_audit,very-long-line,low,fact,high,line length=167
hardware/tools/write_req6_parameterization_audit.py,343,343,maintained,build_audit,very-long-line,low,fact,high,line length=193
hardware/tools/write_req9_deit_image_reference_audit.py,55,117,maintained,build_audit,large-function,medium,fact,high,function spans 63 lines
hardware/tools/write_req9_deit_image_reference_audit.py,166,166,maintained,main,library-print,low,inference,medium,print call in maintained non-script module
hardware/tools/write_selected_path_execution_audit.py,65,156,maintained,build_audit,large-function,medium,fact,high,function spans 92 lines
hardware/tools/write_selected_path_execution_audit.py,216,219,maintained,main,library-print,low,inference,medium,print call in maintained non-script module
hardware/tools/write_selected_path_execution_audit.py,99,99,maintained,build_audit,very-long-line,low,fact,high,line length=192
hardware/tools/write_spec_plan_conformance_audit.py,96,418,maintained,build_audit,large-function,high,fact,high,function spans 323 lines
hardware/tools/write_spec_plan_conformance_audit.py,96,418,maintained,build_audit,high-branch-density,high,inference,medium,AST branch proxy=62
hardware/tools/write_spec_plan_conformance_audit.py,472,472,maintained,main,library-print,low,inference,medium,print call in maintained non-script module
hardware/tools/write_spec_plan_conformance_audit.py,132,132,maintained,build_audit,very-long-line,low,fact,high,line length=162
hardware/tools/write_spec_plan_conformance_audit.py,157,157,maintained,build_audit,very-long-line,low,fact,high,line length=259
hardware/tools/write_spec_plan_conformance_audit.py,160,160,maintained,build_audit,very-long-line,low,fact,high,line length=319
hardware/tools/write_spec_plan_conformance_audit.py,162,162,maintained,build_audit,very-long-line,low,fact,high,line length=249
hardware/tools/write_spec_plan_conformance_audit.py,163,163,maintained,build_audit,very-long-line,low,fact,high,line length=229
hardware/tools/write_spec_plan_conformance_audit.py,176,176,maintained,build_audit,very-long-line,low,fact,high,line length=396
hardware/tools/write_spec_plan_conformance_audit.py,177,177,maintained,build_audit,very-long-line,low,fact,high,line length=208
hardware/tools/write_spec_plan_conformance_audit.py,178,178,maintained,build_audit,very-long-line,low,fact,high,line length=218
hardware/tools/write_third_goal_completion_audit.py,109,356,maintained,build_audit,large-function,high,fact,high,function spans 248 lines
hardware/tools/write_third_goal_completion_audit.py,109,356,maintained,build_audit,high-branch-density,high,inference,medium,AST branch proxy=38
hardware/tools/write_third_goal_completion_audit.py,434,437,maintained,main,library-print,low,inference,medium,print call in maintained non-script module
hardware/tools/write_third_goal_current_audit.py,737,1214,maintained,build_audit,large-function,high,fact,high,function spans 478 lines
hardware/tools/write_third_goal_current_audit.py,737,1214,maintained,build_audit,high-branch-density,high,inference,medium,AST branch proxy=59
hardware/tools/write_third_goal_current_audit.py,1217,1408,maintained,render_markdown,large-function,high,fact,high,function spans 192 lines
hardware/tools/write_third_goal_current_audit.py,1217,1408,maintained,render_markdown,high-branch-density,high,inference,medium,AST branch proxy=35
hardware/tools/write_third_goal_current_audit.py,1430,1430,maintained,main,library-print,low,inference,medium,print call in maintained non-script module
hardware/tools/write_third_goal_current_audit.py,1044,1044,maintained,build_audit,hard-coded-absolute-path,high,fact,high,"""Use /home/kjm26/project/PRJXR/XR-VITs HLS code for ZCU104 fit/low latency"","
hardware/tools/write_third_goal_current_audit.py,1059,1059,maintained,build_audit,hard-coded-absolute-path,high,fact,high,"else [""/home/kjm26/project/PRJXR/XR-VITs or approved replacement policy""],"
hardware/tools/write_third_goal_requirements_trace.py,269,337,maintained,blocker_resolution_conditions,large-function,medium,fact,high,function spans 69 lines
hardware/tools/write_third_goal_requirements_trace.py,340,416,maintained,build_trace,large-function,medium,fact,high,function spans 77 lines
hardware/tools/write_third_goal_requirements_trace.py,419,552,maintained,render_markdown,large-function,high,fact,high,function spans 134 lines
hardware/tools/write_third_goal_requirements_trace.py,419,552,maintained,render_markdown,high-branch-density,medium,inference,medium,AST branch proxy=19
hardware/tools/write_third_goal_requirements_trace.py,598,601,maintained,main,library-print,low,inference,medium,print call in maintained non-script module
hardware/tools/write_third_goal_requirements_trace.py,303,303,maintained,blocker_resolution_conditions,hard-coded-absolute-path,high,fact,high,"""/home/kjm26/project/PRJXR/XR-VITs"","
hardware/tools/write_third_goal_requirements_trace.py,312,312,maintained,blocker_resolution_conditions,very-long-line,low,fact,high,line length=169
hardware/tools/write_third_goal_source_audit.py,120,216,maintained,required_sources,large-function,medium,fact,high,function spans 97 lines
hardware/tools/write_third_goal_source_audit.py,333,344,maintained,main,library-print,low,inference,medium,print call in maintained non-script module
hardware/tools/write_third_goal_source_audit.py,110,110,maintained,discover_optional,work-marker,low,fact,high,"""todo"","
hardware/tools/write_third_goal_unblock_checklist.py,33,129,maintained,build_checklist,large-function,medium,fact,high,function spans 97 lines
hardware/tools/write_third_goal_unblock_checklist.py,202,205,maintained,main,library-print,low,inference,medium,print call in maintained non-script module
hardware/tools/write_third_goal_unblock_checklist.py,50,50,maintained,build_checklist,hard-coded-absolute-path,high,fact,high,"""test -d /home/kjm26/project/PRJXR/XR-VITs"","
hardware/tools/write_third_goal_unblock_checklist.py,51,51,maintained,build_checklist,hard-coded-absolute-path,high,fact,high,"""python3 tools/check_third_goal_preflight.py --root /home/kjm26/project/PRJXR/XR-VIT/HGTXR --mode final-signoff"","
hardware/tools/write_third_goal_unblock_checklist.py,58,58,maintained,build_checklist,hard-coded-absolute-path,high,fact,high,"""python3 tools/create_xr_vits_replacement_policy.py --root /home/kjm26/project/PRJXR/XR-VIT/HGTXR --approve --approved-by <name> --reason \""Approve XR_Accel as XR-VITs replacement for HGTXR third-goal signoff\"" --dry-run"","
hardware/tools/write_third_goal_unblock_checklist.py,58,58,maintained,build_checklist,very-long-line,low,fact,high,line length=250
hardware/tools/write_third_goal_unblock_checklist.py,59,59,maintained,build_checklist,hard-coded-absolute-path,high,fact,high,"""python3 tools/create_xr_vits_replacement_policy.py --root /home/kjm26/project/PRJXR/XR-VIT/HGTXR --approve --approved-by <name> --reason \""Approve XR_Accel as XR-VITs replacement for HGTXR third-goal signoff\"""","
hardware/tools/write_third_goal_unblock_checklist.py,59,59,maintained,build_checklist,very-long-line,low,fact,high,line length=240
hardware/tools/write_third_goal_unblock_checklist.py,60,60,maintained,build_checklist,hard-coded-absolute-path,high,fact,high,"""python3 tools/check_third_goal_preflight.py --root /home/kjm26/project/PRJXR/XR-VIT/HGTXR --mode final-signoff"","
hardware/tools/write_third_goal_unblock_checklist.py,66,66,maintained,build_checklist,hard-coded-absolute-path,high,fact,high,"""/home/kjm26/project/PRJXR/XR-VITs"","
hardware/tools/write_third_goal_unblock_checklist.py,89,89,maintained,build_checklist,hard-coded-absolute-path,high,fact,high,"""python3 tools/run_third_goal_final_signoff.py --root /home/kjm26/project/PRJXR/XR-VIT/HGTXR --import-c3b-smoke-json /path/to/e2e_axis_dma_c3b_mem16_file_smoke.json --dry-run-import-c3b-smoke --allow-blocked"","
hardware/tools/write_third_goal_unblock_checklist.py,89,89,maintained,build_checklist,very-long-line,low,fact,high,line length=229
hardware/tools/write_third_goal_unblock_checklist.py,90,90,maintained,build_checklist,hard-coded-absolute-path,high,fact,high,"""python3 tools/run_third_goal_final_signoff.py --root /home/kjm26/project/PRJXR/XR-VIT/HGTXR --import-c3b-smoke-json /path/to/e2e_axis_dma_c3b_mem16_file_smoke.json --allow-blocked"","
hardware/tools/write_third_goal_unblock_checklist.py,90,90,maintained,build_checklist,very-long-line,low,fact,high,line length=202
hardware/tools/write_third_goal_unblock_checklist.py,92,92,maintained,build_checklist,hard-coded-absolute-path,high,fact,high,"""python3 tools/check_third_goal_preflight.py --root /home/kjm26/project/PRJXR/XR-VIT/HGTXR --mode final-signoff"","
hardware/tools/write_third_goal_unblock_checklist.py,109,109,maintained,build_checklist,hard-coded-absolute-path,high,fact,high,"""python3 tools/check_third_goal_preflight.py --root /home/kjm26/project/PRJXR/XR-VIT/HGTXR --mode final-signoff --json-out generated/signoff/third_goal_final_signoff_2026_06_10.json"","
hardware/tools/write_third_goal_unblock_checklist.py,109,109,maintained,build_checklist,very-long-line,low,fact,high,line length=199
hardware/tools/write_third_goal_unblock_checklist.py,110,110,maintained,build_checklist,very-long-line,low,fact,high,line length=269
hardware/tools/write_third_goal_unblock_checklist.py,111,111,maintained,build_checklist,hard-coded-absolute-path,high,fact,high,"""python3 tools/write_third_goal_completion_audit.py --root /home/kjm26/project/PRJXR/XR-VIT/HGTXR --json-out generated/signoff/third_goal_completion_audit_2026_06_10.json --markdown-out generated/signoff/third_goal_completion_audit_2026_06_"
hardware/tools/write_third_goal_unblock_checklist.py,111,111,maintained,build_checklist,very-long-line,low,fact,high,line length=263
hardware/tools/write_vref_p0_buffer_lifetime_audit.py,121,281,maintained,build_audit,large-function,high,fact,high,function spans 161 lines
hardware/tools/write_vref_p0_buffer_lifetime_audit.py,121,281,maintained,build_audit,high-branch-density,high,inference,medium,AST branch proxy=31
hardware/tools/write_vref_p0_buffer_lifetime_audit.py,332,332,maintained,main,library-print,low,inference,medium,print call in maintained non-script module
hardware/tools/write_vref_p0_buffer_lifetime_audit.py,183,183,maintained,build_audit,very-long-line,low,fact,high,line length=164
hardware/tools/write_vref_p0_buffer_lifetime_audit.py,199,199,maintained,build_audit,very-long-line,low,fact,high,line length=168
hardware/tools/write_vref_p0_buffer_lifetime_audit.py,202,202,maintained,build_audit,very-long-line,low,fact,high,line length=197
hardware/tools/write_vref_p0_buffer_lifetime_audit.py,203,203,maintained,build_audit,very-long-line,low,fact,high,line length=178
hardware/tools/write_vref_p0_buffer_lifetime_audit.py,204,204,maintained,build_audit,very-long-line,low,fact,high,line length=188
hardware/tools/write_vref_p0_buffer_lifetime_audit.py,205,205,maintained,build_audit,very-long-line,low,fact,high,line length=169
hardware/tools/write_vref_p0_buffer_lifetime_audit.py,206,206,maintained,build_audit,very-long-line,low,fact,high,line length=220
hardware/tools/write_vref_p0_buffer_lifetime_audit.py,212,212,maintained,build_audit,very-long-line,low,fact,high,line length=221
hardware/tools/write_vref_p0_buffer_lifetime_audit.py,213,213,maintained,build_audit,very-long-line,low,fact,high,line length=219
hardware/tools/write_vref_p0_buffer_lifetime_audit.py,214,214,maintained,build_audit,very-long-line,low,fact,high,line length=180
hardware/tools/write_vref_p0_buffer_lifetime_audit.py,239,239,maintained,build_audit,very-long-line,low,fact,high,line length=276
hardware/tools/write_vref_p0_pot_scale_audit.py,55,117,maintained,build_audit,large-function,medium,fact,high,function spans 63 lines
hardware/tools/write_vref_p0_pot_scale_audit.py,162,162,maintained,main,library-print,low,inference,medium,print call in maintained non-script module
hardware/tools/write_vref_p0_pot_scale_audit.py,70,70,maintained,build_audit,very-long-line,low,fact,high,line length=221
hardware/tools/write_vref_p0_pot_scale_audit.py,102,102,maintained,build_audit,very-long-line,low,fact,high,line length=174
hardware/tools/write_vref_p0_pot_scale_successor.py,361,423,maintained,read_vivado_overlay_result,large-function,medium,fact,high,function spans 63 lines
hardware/tools/write_vref_p0_pot_scale_successor.py,497,561,maintained,build_c3b_projection,large-function,medium,fact,high,function spans 65 lines
hardware/tools/write_vref_p0_pot_scale_successor.py,497,561,maintained,build_c3b_projection,high-branch-density,medium,inference,medium,AST branch proxy=13
hardware/tools/write_vref_p0_pot_scale_successor.py,610,773,maintained,build_package,large-function,high,fact,high,function spans 164 lines
hardware/tools/write_vref_p0_pot_scale_successor.py,610,773,maintained,build_package,high-branch-density,medium,inference,medium,AST branch proxy=15
hardware/tools/write_vref_p0_pot_scale_successor.py,776,922,maintained,render_markdown,large-function,high,fact,high,function spans 147 lines
hardware/tools/write_vref_p0_pot_scale_successor.py,952,952,maintained,main,library-print,low,inference,medium,print call in maintained non-script module
hardware/tools/write_vref_p0_pot_scale_successor.py,916,916,maintained,render_markdown,very-long-line,low,fact,high,line length=203
hardware/tools/write_vref_p0_pot_scale_successor.py,952,952,maintained,main,very-long-line,low,fact,high,line length=173
hardware/tools/write_vref_p0_pot_scale_sweep.py,94,101,maintained,score_candidate,broad-except,medium,fact,high,catches Exception
hardware/tools/write_vref_p0_pot_scale_sweep.py,265,265,maintained,main,library-print,low,inference,medium,print call in maintained non-script module
hardware/tools/write_vref_p0_qkv_uram_cache_successor.py,222,280,maintained,read_overlay_evidence,high-branch-density,medium,inference,medium,AST branch proxy=16
hardware/tools/write_vref_p0_qkv_uram_cache_successor.py,334,509,maintained,build_audit,large-function,high,fact,high,function spans 176 lines
hardware/tools/write_vref_p0_qkv_uram_cache_successor.py,334,509,maintained,build_audit,high-branch-density,high,inference,medium,AST branch proxy=26
hardware/tools/write_vref_p0_qkv_uram_cache_successor.py,512,580,maintained,render_markdown,large-function,medium,fact,high,function spans 69 lines
hardware/tools/write_vref_p0_qkv_uram_cache_successor.py,598,601,maintained,main,library-print,low,inference,medium,print call in maintained non-script module
hardware/tools/write_xr_vits_gate_audit.py,160,250,maintained,build_audit,large-function,medium,fact,high,function spans 91 lines
hardware/tools/write_xr_vits_gate_audit.py,311,322,maintained,main,library-print,low,inference,medium,print call in maintained non-script module
hardware/tools/write_xr_vits_gate_audit.py,241,241,maintained,build_audit,hard-coded-absolute-path,high,fact,high,"""Restore exact /home/kjm26/project/PRJXR/XR-VITs checkout."","
hardware/tools/write_xr_vits_unblock_packet.py,39,119,maintained,build_packet,large-function,medium,fact,high,function spans 81 lines
hardware/tools/write_xr_vits_unblock_packet.py,190,194,maintained,main,library-print,low,inference,medium,print call in maintained non-script module
hardware/tools/write_xr_vits_unblock_packet.py,103,103,maintained,build_packet,hard-coded-absolute-path,high,fact,high,"""test -d /home/kjm26/project/PRJXR/XR-VITs"","
hardware/tools/write_xr_vits_unblock_packet.py,104,104,maintained,build_packet,hard-coded-absolute-path,high,fact,high,"""python3 tools/run_third_goal_final_signoff.py --root /home/kjm26/project/PRJXR/XR-VIT/HGTXR --allow-blocked"","
hardware/tools/write_xr_vits_unblock_packet.py,112,112,maintained,build_packet,hard-coded-absolute-path,high,fact,high,"f""python3 tools/create_xr_vits_replacement_policy.py --root /home/kjm26/project/PRJXR/XR-VIT/HGTXR --replacement-path {replacement_path} --approve --approved-by {approved_by_placeholder} --reason \""{reason}\"" --dry-run"","
hardware/tools/write_xr_vits_unblock_packet.py,112,112,maintained,build_packet,very-long-line,low,fact,high,line length=240
hardware/tools/write_xr_vits_unblock_packet.py,113,113,maintained,build_packet,hard-coded-absolute-path,high,fact,high,"f""python3 tools/create_xr_vits_replacement_policy.py --root /home/kjm26/project/PRJXR/XR-VIT/HGTXR --replacement-path {replacement_path} --approve --approved-by {approved_by_placeholder} --reason \""{reason}\"""","
hardware/tools/write_xr_vits_unblock_packet.py,113,113,maintained,build_packet,very-long-line,low,fact,high,line length=230
hardware/tools/write_xr_vits_unblock_packet.py,114,114,maintained,build_packet,hard-coded-absolute-path,high,fact,high,"""python3 tools/run_third_goal_final_signoff.py --root /home/kjm26/project/PRJXR/XR-VIT/HGTXR --allow-blocked"","
hardware/tools/write_xr_vits_unblock_packet.py,118,118,maintained,build_packet,very-long-line,low,fact,high,line length=163
hardware/tools/xr_accel_config.py,178,222,maintained,_validate_model,high-branch-density,medium,inference,medium,AST branch proxy=18
hardware/tools/xr_accel_config.py,397,482,maintained,validate_normalized_manifest,large-function,medium,fact,high,function spans 86 lines
hardware/tools/xr_accel_config.py,397,482,maintained,validate_normalized_manifest,high-branch-density,high,inference,medium,AST branch proxy=36
hardware/tools/xr_accel_config.py,512,512,maintained,main,library-print,low,inference,medium,print call in maintained non-script module
quantization/src/__init__.py,5,5,maintained,<module>,very-long-line,low,fact,high,line length=373
quantization/src/__init__.py,9,9,maintained,<module>,very-long-line,low,fact,high,line length=209
quantization/src/__init__.py,10,10,maintained,<module>,very-long-line,low,fact,high,line length=259
quantization/src/api.py,83,247,maintained,HgPipeQuantizationPackage,large-class,medium,fact,high,class spans 165 lines
quantization/src/api.py,288,318,maintained,_package_api_run_artifact_patch_matrix_pipeline,too-many-parameters,medium,fact,high,parameter count=13
quantization/src/api.py,213,213,maintained,HgPipeQuantizationPackage.evaluate_artifact_patch_batch_npy,very-long-line,low,fact,high,line length=215
quantization/src/artifact_imagenet.py,16,82,maintained,evaluate_artifact_image_batch_npy,large-function,medium,fact,high,function spans 67 lines
quantization/src/artifact_patch.py,41,113,maintained,evaluate_artifact_patch_batch_npy,large-function,medium,fact,high,function spans 73 lines
quantization/src/artifact_patch.py,240,322,maintained,validate_artifact_patch_matrix_manifest,large-function,medium,fact,high,function spans 83 lines
quantization/src/artifact_patch.py,240,322,maintained,validate_artifact_patch_matrix_manifest,high-branch-density,high,inference,medium,AST branch proxy=27
quantization/src/artifact_patch.py,446,660,maintained,validate_artifact_patch_matrix_manifest,large-function,high,fact,high,function spans 215 lines
quantization/src/artifact_patch.py,446,660,maintained,validate_artifact_patch_matrix_manifest,high-branch-density,high,inference,medium,AST branch proxy=48
quantization/src/artifact_patch.py,663,739,maintained,write_artifact_patch_matrix_manifest_validation_markdown,large-function,medium,fact,high,function spans 77 lines
quantization/src/artifact_patch.py,775,865,maintained,ingest_artifact_patch_matrix_assets,large-function,medium,fact,high,function spans 91 lines
quantization/src/artifact_patch.py,775,865,maintained,ingest_artifact_patch_matrix_assets,high-branch-density,medium,inference,medium,AST branch proxy=14
quantization/src/artifact_patch.py,872,946,maintained,run_artifact_patch_matrix_pipeline,large-function,medium,fact,high,function spans 75 lines
quantization/src/artifact_patch.py,872,946,maintained,run_artifact_patch_matrix_pipeline,too-many-parameters,medium,fact,high,parameter count=13
quantization/src/artifact_patch.py,949,1026,maintained,write_artifact_patch_asset_source_manifest_from_directory,large-function,medium,fact,high,function spans 78 lines
quantization/src/artifact_patch.py,949,1026,maintained,write_artifact_patch_asset_source_manifest_from_directory,high-branch-density,medium,inference,medium,AST branch proxy=15
quantization/src/artifact_patch.py,248,249,maintained,validate_artifact_patch_matrix_manifest,broad-except,medium,fact,high,catches Exception
quantization/src/artifact_patch.py,252,271,maintained,validate_artifact_patch_matrix_manifest,broad-except,medium,fact,high,catches Exception
quantization/src/artifact_patch.py,403,405,maintained,_artifact_patch_npy_metadata,broad-except,medium,fact,high,catches Exception
quantization/src/artifact_patch.py,431,433,maintained,_artifact_label_npy_metadata,broad-except,medium,fact,high,catches Exception
quantization/src/artifact_patch.py,441,442,maintained,_artifact_label_npy_metadata,broad-except,medium,fact,high,catches Exception
quantization/src/artifact_patch.py,455,456,maintained,validate_artifact_patch_matrix_manifest,broad-except,medium,fact,high,catches Exception
quantization/src/artifact_patch.py,459,487,maintained,validate_artifact_patch_matrix_manifest,broad-except,medium,fact,high,catches Exception
quantization/src/artifact_patch.py,189,189,maintained,expected_artifact_patch_matrix_manifest,very-long-line,low,fact,high,line length=230
quantization/src/artifact_patch.py,842,842,maintained,ingest_artifact_patch_matrix_assets,very-long-line,low,fact,high,line length=161
quantization/src/cli.py,60,241,maintained,build_parser,large-function,high,fact,high,function spans 182 lines
quantization/src/cli.py,244,792,maintained,main,large-function,high,fact,high,function spans 549 lines
quantization/src/cli.py,244,792,maintained,main,high-branch-density,high,inference,medium,AST branch proxy=89
quantization/src/cli.py,262,271,maintained,main,library-print,low,inference,medium,print call in maintained non-script module
quantization/src/cli.py,279,287,maintained,main,library-print,low,inference,medium,print call in maintained non-script module
quantization/src/cli.py,294,302,maintained,main,library-print,low,inference,medium,print call in maintained non-script module
quantization/src/cli.py,310,310,maintained,main,library-print,low,inference,medium,print call in maintained non-script module
quantization/src/cli.py,319,319,maintained,main,library-print,low,inference,medium,print call in maintained non-script module
quantization/src/cli.py,346,346,maintained,main,library-print,low,inference,medium,print call in maintained non-script module
quantization/src/cli.py,371,371,maintained,main,library-print,low,inference,medium,print call in maintained non-script module
quantization/src/cli.py,396,396,maintained,main,library-print,low,inference,medium,print call in maintained non-script module
quantization/src/cli.py,421,421,maintained,main,library-print,low,inference,medium,print call in maintained non-script module
quantization/src/cli.py,437,437,maintained,main,library-print,low,inference,medium,print call in maintained non-script module
quantization/src/cli.py,453,453,maintained,main,library-print,low,inference,medium,print call in maintained non-script module
quantization/src/cli.py,466,469,maintained,main,library-print,low,inference,medium,print call in maintained non-script module
quantization/src/cli.py,481,488,maintained,main,library-print,low,inference,medium,print call in maintained non-script module
quantization/src/cli.py,515,522,maintained,main,library-print,low,inference,medium,print call in maintained non-script module
quantization/src/cli.py,537,544,maintained,main,library-print,low,inference,medium,print call in maintained non-script module
quantization/src/cli.py,609,617,maintained,main,library-print,low,inference,medium,print call in maintained non-script module
quantization/src/cli.py,637,640,maintained,main,library-print,low,inference,medium,print call in maintained non-script module
quantization/src/cli.py,654,662,maintained,main,library-print,low,inference,medium,print call in maintained non-script module
quantization/src/cli.py,678,689,maintained,main,library-print,low,inference,medium,print call in maintained non-script module
quantization/src/cli.py,703,710,maintained,main,library-print,low,inference,medium,print call in maintained non-script module
quantization/src/cli.py,715,715,maintained,main,library-print,low,inference,medium,print call in maintained non-script module
quantization/src/cli.py,722,731,maintained,main,library-print,low,inference,medium,print call in maintained non-script module
quantization/src/cli.py,741,744,maintained,main,library-print,low,inference,medium,print call in maintained non-script module
quantization/src/cli.py,755,755,maintained,main,library-print,low,inference,medium,print call in maintained non-script module
quantization/src/cli.py,762,762,maintained,main,library-print,low,inference,medium,print call in maintained non-script module
quantization/src/cli.py,769,769,maintained,main,library-print,low,inference,medium,print call in maintained non-script module
quantization/src/cli.py,776,776,maintained,main,library-print,low,inference,medium,print call in maintained non-script module
quantization/src/cli.py,788,788,maintained,main,library-print,low,inference,medium,print call in maintained non-script module
quantization/src/cli.py,833,840,maintained,main,library-print,low,inference,medium,print call in maintained non-script module
quantization/src/cli.py,894,901,maintained,main,library-print,low,inference,medium,print call in maintained non-script module
quantization/src/cli.py,937,943,maintained,main,library-print,low,inference,medium,print call in maintained non-script module
quantization/src/cli.py,309,309,maintained,main,library-print,low,inference,medium,print call in maintained non-script module
quantization/src/cli.py,11,11,maintained,<module>,very-long-line,low,fact,high,line length=373
quantization/src/cli.py,22,22,maintained,<module>,very-long-line,low,fact,high,line length=259
quantization/src/cli.py,73,73,maintained,build_parser,very-long-line,low,fact,high,line length=164
quantization/src/cli.py,77,77,maintained,build_parser,very-long-line,low,fact,high,line length=195
quantization/src/cli.py,103,103,maintained,build_parser,very-long-line,low,fact,high,line length=168
quantization/src/cli.py,112,112,maintained,build_parser,very-long-line,low,fact,high,line length=167
quantization/src/cli.py,126,126,maintained,build_parser,very-long-line,low,fact,high,line length=168
quantization/src/cli.py,130,130,maintained,build_parser,very-long-line,low,fact,high,line length=167
quantization/src/cli.py,168,168,maintained,build_parser,very-long-line,low,fact,high,line length=184
quantization/src/cli.py,177,177,maintained,build_parser,very-long-line,low,fact,high,line length=218
quantization/src/cli.py,185,185,maintained,build_parser,very-long-line,low,fact,high,line length=193
quantization/src/cli.py,191,191,maintained,build_parser,very-long-line,low,fact,high,line length=206
quantization/src/cli.py,197,197,maintained,build_parser,very-long-line,low,fact,high,line length=183
quantization/src/cli.py,199,199,maintained,build_parser,very-long-line,low,fact,high,line length=213
quantization/src/cli.py,204,204,maintained,build_parser,very-long-line,low,fact,high,line length=197
quantization/src/cli.py,207,207,maintained,build_parser,very-long-line,low,fact,high,line length=220
quantization/src/cli.py,805,805,maintained,build_parser,very-long-line,low,fact,high,line length=192
quantization/src/cli.py,854,854,maintained,build_parser,very-long-line,low,fact,high,line length=210
quantization/src/cli.py,916,916,maintained,build_parser,very-long-line,low,fact,high,line length=212
quantization/src/completion_audit.py,108,167,maintained,_timm_eval_item,high-branch-density,medium,inference,medium,AST branch proxy=23
quantization/src/completion_audit.py,120,120,maintained,_timm_eval_item,very-long-line,low,fact,high,line length=281
quantization/src/completion_audit.py,126,126,maintained,_timm_eval_item,very-long-line,low,fact,high,line length=223
quantization/src/completion_audit.py,176,176,maintained,_paper_equivalence_assets_item,very-long-line,low,fact,high,line length=182
quantization/src/completion_audit.py,184,184,maintained,_experimental_artifact_imagenet_item,very-long-line,low,fact,high,line length=209
quantization/src/completion_audit.py,218,218,maintained,_experimental_artifact_imagenet_item,very-long-line,low,fact,high,line length=278
quantization/src/completion_audit.py,264,264,maintained,_artifact_imagenet_item,very-long-line,low,fact,high,line length=179
quantization/src/eval/imagenet_eval.py,53,127,maintained,evaluate_one,large-function,medium,fact,high,function spans 75 lines
quantization/src/eval/imagenet_eval.py,176,176,maintained,main,library-print,low,inference,medium,print call in maintained non-script module
quantization/src/eval/imagenet_eval.py,126,126,maintained,evaluate_one,very-long-line,low,fact,high,line length=187
quantization/src/eval/model_registry.py,130,130,maintained,create_paper_model,dynamic-execution,high,fact,high,eval
quantization/src/graph.py,59,284,maintained,ArtifactGraphRunner,large-class,medium,fact,high,class spans 226 lines
quantization/src/graph.py,59,284,maintained,ArtifactGraphRunner,high-branch-density,medium,inference,medium,AST branch proxy=21
quantization/src/int_infer/runner.py,25,193,maintained,TorchIntGraphRunner,large-class,medium,fact,high,class spans 169 lines
quantization/src/int_infer/runner.py,25,193,maintained,TorchIntGraphRunner,high-branch-density,medium,inference,medium,AST branch proxy=13
quantization/src/lut_calibration.py,306,404,maintained,calibrate_softmax,large-function,medium,fact,high,function spans 99 lines
quantization/src/ops.py,65,132,maintained,softmax_quantize,large-function,medium,fact,high,function spans 68 lines
quantization/src/paper_equivalence.py,38,103,maintained,validate_artifact_imagenet_report,large-function,medium,fact,high,function spans 66 lines
quantization/src/paper_equivalence.py,38,103,maintained,validate_artifact_imagenet_report,high-branch-density,high,inference,medium,AST branch proxy=30
quantization/src/paper_equivalence.py,8,8,maintained,<module>,very-long-line,low,fact,high,line length=333
quantization/src/paper_equivalence.py,9,9,maintained,<module>,very-long-line,low,fact,high,line length=281
quantization/src/paper_equivalence.py,10,10,maintained,<module>,very-long-line,low,fact,high,line length=343
quantization/src/paper_equivalence.py,11,11,maintained,<module>,very-long-line,low,fact,high,line length=332
quantization/src/paper_equivalence.py,12,12,maintained,<module>,very-long-line,low,fact,high,line length=295
quantization/src/paper_equivalence.py,210,210,maintained,scan_paper_equivalence_assets,very-long-line,low,fact,high,line length=257
quantization/src/paper_equivalence.py,219,219,maintained,write_paper_equivalence_assets_markdown,very-long-line,low,fact,high,line length=333
quantization/src/quantization_scheme.py,153,153,maintained,quantize_nonlinear_lut,very-long-line,low,fact,high,line length=164
quantization/src/run_result.py,161,161,maintained,write_runner_pair_markdown,very-long-line,low,fact,high,line length=203
quantization/src/run_result.py,162,162,maintained,write_runner_pair_markdown,very-long-line,low,fact,high,line length=203
quantization/src/run_result.py,166,166,maintained,write_runner_pair_markdown,very-long-line,low,fact,high,line length=237
quantization/tests/test_artifact_patch.py,19,19,test,ArtifactPatchTest._fake_package,very-long-line,low,fact,high,line length=172
quantization/tests/test_artifact_patch.py,20,20,test,ArtifactPatchTest._fake_package,very-long-line,low,fact,high,line length=172
quantization/tests/test_artifact_patch.py,43,43,test,ArtifactPatchTest.test_evaluate_patch_batch_rejects_invalid_flow_and_count_mismatch_before_graph,very-long-line,low,fact,high,line length=161
quantization/tests/test_artifact_patch.py,107,107,test,ArtifactPatchMatrixManifestTest._fake_package,very-long-line,low,fact,high,line length=172
quantization/tests/test_artifact_patch.py,108,108,test,ArtifactPatchMatrixManifestTest._fake_package,very-long-line,low,fact,high,line length=172
quantization/tests/test_artifact_patch.py,125,125,test,ArtifactPatchMatrixManifestTest.test_load_matrix_manifest_resolves_relative_paths_and_validates_schema,very-long-line,low,fact,high,line length=210
quantization/tests/test_artifact_patch.py,147,147,test,ArtifactPatchMatrixManifestTest.test_evaluate_matrix_manifest_runs_each_entry_and_global_paper_flag,very-long-line,low,fact,high,line length=173
quantization/tests/test_artifact_patch.py,175,175,test,ArtifactPatchMatrixManifestValidationTest.test_validate_matrix_manifest_reports_missing_files_and_pairs,very-long-line,low,fact,high,line length=206
quantization/tests/test_artifact_patch.py,595,595,test,ArtifactPatchSourceManifestAppendTest.test_write_artifact_patch_source_manifest_finds_flat_and_nested_pairs,very-long-line,low,fact,high,line length=162
quantization/tests/test_cli.py,12,248,test,CliTest,large-class,medium,fact,high,class spans 237 lines
quantization/tests/test_cli.py,12,248,test,CliTest,high-branch-density,medium,inference,medium,AST branch proxy=13
quantization/tests/test_cli.py,102,102,test,CliTest.test_run_compare_image_npy_cli_uses_explicit_scale_bridge,very-long-line,low,fact,high,line length=197
quantization/tests/test_cli.py,138,138,test,CliTest.test_run_artifact_image_batch_npy_cli_writes_experimental_accuracy_report,very-long-line,low,fact,high,line length=206
quantization/tests/test_cli.py,155,155,test,CliTest.test_validate_artifact_imagenet_report_cli_writes_failure_report,very-long-line,low,fact,high,line length=276
quantization/tests/test_cli.py,176,176,test,CliTest.test_validate_artifact_patch_matrix_manifest_cli_writes_preflight_report,very-long-line,low,fact,high,line length=192
quantization/tests/test_cli.py,179,179,test,CliTest.test_validate_artifact_patch_matrix_manifest_cli_writes_preflight_report,very-long-line,low,fact,high,line length=168
quantization/tests/test_cli.py,214,214,test,CliTest.test_run_artifact_patch_batch_npy_cli_writes_paper_equivalent_row,very-long-line,low,fact,high,line length=288
quantization/tests/test_package_api.py,7,7,test,<module>,very-long-line,low,fact,high,line length=231
references/legacy-codebase/hardware/ESDA/software/dataset/preprocess/dvs/PyAedatTools/ExportAedat2Polarity.py,1,1,reference,<module>,python-syntax-error,medium,fact,high,invalid syntax
references/legacy-codebase/hardware/ESDA/software/dataset/preprocess/dvs/PyAedatTools/ExportRosbag.py,37,37,reference,<module>,python-syntax-error,medium,fact,high,Missing parentheses in call to 'print'. Did you mean print(...)?
references/legacy-codebase/hardware/ESDA/software/dataset/preprocess/dvs/PyAedatTools/ExportRosbagPreliminary.py,14,14,reference,<module>,python-syntax-error,medium,fact,high,multiple exception types must be parenthesized
references/legacy-codebase/hardware/ESDA/software/dataset/preprocess/dvs/PyAedatTools/PlotFrame.py,27,27,reference,<module>,python-syntax-error,medium,fact,high,inconsistent use of tabs and spaces in indentation
references/legacy-codebase/hardware/ESDA/software/dataset/preprocess/dvs/PyAedatTools/PlotImu6.py,1,1,reference,<module>,python-syntax-error,medium,fact,high,invalid syntax
references/legacy-codebase/hardware/ESDA/software/dataset/preprocess/dvs/PyAedatTools/PlotPolarity.py,1,1,reference,<module>,python-syntax-error,medium,fact,high,invalid syntax
references/legacy-codebase/software/FACET/EvEye/model/DavisEyeEllipse/EPNet/Predict.py,64,64,reference,<module>,invalid-type-comment,low,fact,high,# type: np.array -> torch.tensor
references/legacy-codebase/software/FACET/EvEye/model/DavisEyeEllipse/HBTXR/Predict.py,64,64,reference,<module>,invalid-type-comment,low,fact,high,# type: np.array -> torch.tensor
tests/provenance/test_artifact_manifest.py,45,45,test,ArtifactManifestValidationTest.test_credential_uri_fails,hard-coded-absolute-path,high,fact,high,"lambda value: value[""content""].update(uri=""https://user:secret@example.invalid/file.pt"")"
tests/provenance/test_source_registry.py,19,207,test,SourceRegistryValidationTest,large-class,medium,fact,high,class spans 189 lines
tests/provenance/test_source_registry.py,19,207,test,SourceRegistryValidationTest,high-branch-density,medium,inference,medium,AST branch proxy=18
tests/provenance/test_source_registry.py,80,80,test,SourceRegistryValidationTest.test_credential_like_value_fails,hard-coded-absolute-path,high,fact,high,"candidate[""source""][""repo""] = ""https://user:secret@example.invalid/repo"""
tests/provenance/test_source_registry.py,89,89,test,SourceRegistryValidationTest.test_token_as_uri_userinfo_fails,hard-coded-absolute-path,high,fact,high,"candidate[""source""][""repo""] = ""https://ghp_abcdefghijklmnopqrstuvwxyz@example.invalid/repo"""
tools/provenance/validate_artifact_manifest.py,114,185,maintained,validate_manifest,large-function,medium,fact,high,function spans 72 lines
tools/provenance/validate_artifact_manifest.py,114,185,maintained,validate_manifest,high-branch-density,high,inference,medium,AST branch proxy=31
tools/provenance/validate_artifact_manifest.py,202,202,maintained,main,library-print,low,inference,medium,print call in maintained non-script module
tools/provenance/validate_artifact_manifest.py,195,195,maintained,main,library-print,low,inference,medium,print call in maintained non-script module
tools/provenance/validate_artifact_manifest.py,200,200,maintained,main,library-print,low,inference,medium,print call in maintained non-script module
tools/provenance/validate_source_registry.py,110,282,maintained,validate_registry,large-function,high,fact,high,function spans 173 lines
tools/provenance/validate_source_registry.py,110,282,maintained,validate_registry,high-branch-density,high,inference,medium,AST branch proxy=71
tools/provenance/validate_source_registry.py,307,307,maintained,main,library-print,low,inference,medium,print call in maintained non-script module
tools/provenance/validate_source_registry.py,295,295,maintained,main,library-print,low,inference,medium,print call in maintained non-script module
tools/provenance/validate_source_registry.py,305,305,maintained,main,library-print,low,inference,medium,print call in maintained non-script module
