{
  "prompt": "black pupil.",
  "gsam2_centers": [
    {
      "valid": true,
      "cx": 130.59,
      "cy": 108.59,
      "area": 442,
      "det_score": 0.4095,
      "sam_score": 0.9522,
      "box": [
        119.8,
        94.5,
        142.3,
        122.8
      ],
      "repeats": [
        [
          130.51999999999998,
          108.54
        ],
        [
          130.63,
          108.64
        ],
        [
          130.6,
          108.66
        ],
        [
          130.68,
          108.53
        ],
        [
          131.68,
          108.59
        ]
      ],
      "idx": 1005,
      "mislabel": false,
      "mislabel_reason": "ok",
      "e_unet": 1.44
    },
    {
      "valid": true,
      "cx": 130.78,
      "cy": 108.36,
      "area": 442,
      "det_score": 0.3898,
      "sam_score": 0.9528,
      "box": [
        120.1,
        94.3,
        142.5,
        122.4
      ],
      "repeats": [
        [
          130.7,
          108.38
        ],
        [
          130.84,
          108.43
        ],
        [
          130.75,
          108.31
        ],
        [
          130.95,
          108.28
        ],
        [
          131.91,
          108.34
        ]
      ],
      "idx": 1006,
      "mislabel": false,
      "mislabel_reason": "ok",
      "e_unet": 1.47
    },
    {
      "valid": true,
      "cx": 131.03,
      "cy": 108.06,
      "area": 441,
      "det_score": 0.4296,
      "sam_score": 0.9528,
      "box": [
        120.0,
        94.0,
        142.7,
        122.0
      ],
      "repeats": [
        [
          131.07,
          108.06
        ],
        [
          131.14,
          108.01
        ],
        [
          131.07,
          108.04
        ],
        [
          131.2,
          108.03
        ],
        [
          132.21,
          108.05
        ]
      ],
      "idx": 1007,
      "mislabel": false,
      "mislabel_reason": "ok",
      "e_unet": 1.43
    },
    {
      "valid": true,
      "cx": 129.23000000000002,
      "cy": 108.34,
      "area": 426,
      "det_score": 0.3712,
      "sam_score": 0.9465,
      "box": [
        118.3,
        93.8,
        140.2,
        121.4
      ],
      "repeats": [
        [
          128.86,
          107.49
        ],
        [
          128.92000000000002,
          107.85
        ],
        [
          128.9,
          107.73
        ],
        [
          129.53,
          108.23
        ],
        [
          130.44,
          108.0
        ]
      ],
      "idx": 1008,
      "mislabel": false,
      "mislabel_reason": "ok",
      "e_unet": 2.13
    },
    {
      "valid": true,
      "cx": 128.66,
      "cy": 107.01,
      "area": 410,
      "det_score": 0.3871,
      "sam_score": 0.9543,
      "box": [
        117.4,
        93.1,
        140.2,
        121.1
      ],
      "repeats": [
        [
          128.64,
          106.94
        ],
        [
          128.8,
          107.11
        ],
        [
          128.68,
          107.04
        ],
        [
          128.7,
          106.95
        ],
        [
          129.89,
          106.98
        ]
      ],
      "idx": 1009,
      "mislabel": false,
      "mislabel_reason": "ok",
      "e_unet": 1.35
    },
    {
      "valid": true,
      "cx": 128.99,
      "cy": 107.0,
      "area": 417,
      "det_score": 0.3713,
      "sam_score": 0.9548,
      "box": [
        117.8,
        92.8,
        140.5,
        121.0
      ],
      "repeats": [
        [
          129.03,
          106.81
        ],
        [
          129.01999999999998,
          107.12
        ],
        [
          129.07,
          106.96
        ],
        [
          129.12,
          106.81
        ],
        [
          130.28,
          106.77
        ]
      ],
      "idx": 1010,
      "mislabel": false,
      "mislabel_reason": "ok",
      "e_unet": 1.4
    },
    {
      "valid": true,
      "cx": 129.39,
      "cy": 106.72,
      "area": 424,
      "det_score": 0.4112,
      "sam_score": 0.955,
      "box": [
        118.5,
        92.8,
        140.9,
        120.7
      ],
      "repeats": [
        [
          129.34,
          106.6
        ],
        [
          129.4,
          106.76
        ],
        [
          129.42000000000002,
          106.75
        ],
        [
          129.48000000000002,
          106.59
        ],
        [
          130.61,
          106.65
        ]
      ],
      "idx": 1011,
      "mislabel": false,
      "mislabel_reason": "ok",
      "e_unet": 1.14
    },
    {
      "valid": true,
      "cx": 132.49,
      "cy": 105.91,
      "area": 445,
      "det_score": 0.3858,
      "sam_score": 0.9515,
      "box": [
        121.0,
        91.7,
        144.3,
        119.8
      ],
      "repeats": [
        [
          132.25,
          105.66
        ],
        [
          132.54000000000002,
          105.77
        ],
        [
          132.64,
          105.79
        ],
        [
          132.72,
          105.73
        ],
        [
          133.67,
          105.72
        ]
      ],
      "idx": 1012,
      "mislabel": false,
      "mislabel_reason": "ok",
      "e_unet": 1.66
    },
    {
      "valid": true,
      "cx": 136.7,
      "cy": 104.38,
      "area": 462,
      "det_score": 0.4082,
      "sam_score": 0.9565,
      "box": [
        124.9,
        90.5,
        149.4,
        118.5
      ],
      "repeats": [
        [
          136.68,
          104.34
        ],
        [
          136.72,
          104.4
        ],
        [
          136.70999999999998,
          104.34
        ],
        [
          137.0,
          104.15
        ],
        [
          138.02,
          104.23
        ]
      ],
      "idx": 1013,
      "mislabel": false,
      "mislabel_reason": "ok",
      "e_unet": 1.4
    },
    {
      "valid": true,
      "cx": 137.47,
      "cy": 103.93,
      "area": 460,
      "det_score": 0.4188,
      "sam_score": 0.958,
      "box": [
        125.9,
        90.4,
        149.9,
        117.9
      ],
      "repeats": [
        [
          137.42000000000002,
          103.88
        ],
        [
          137.48000000000002,
          103.94
        ],
        [
          137.51999999999998,
          103.87
        ],
        [
          137.78,
          103.59
        ],
        [
          138.62,
          103.9
        ]
      ],
      "idx": 1014,
      "mislabel": false,
      "mislabel_reason": "ok",
      "e_unet": 1.31
    },
    {
      "valid": true,
      "cx": 138.3,
      "cy": 103.46,
      "area": 461,
      "det_score": 0.4012,
      "sam_score": 0.956,
      "box": [
        126.9,
        90.0,
        150.4,
        117.3
      ],
      "repeats": [
        [
          138.16,
          103.46
        ],
        [
          138.3,
          103.48
        ],
        [
          138.32,
          103.42
        ],
        [
          138.53,
          103.2
        ],
        [
          139.44,
          103.43
        ]
      ],
      "idx": 1015,
      "mislabel": false,
      "mislabel_reason": "ok",
      "e_unet": 1.22
    }
  ]
}