{
  "prompt": "black pupil.",
  "gsam2_centers": [
    {
      "valid": true,
      "cx": 131.72,
      "cy": 136.51999999999998,
      "area": 995,
      "det_score": 0.4245,
      "sam_score": 0.9721,
      "box": [
        113.7,
        118.2,
        151.2,
        154.9
      ],
      "repeats": [
        [
          131.76,
          136.4
        ],
        [
          131.72,
          136.57
        ],
        [
          131.78,
          136.41
        ],
        [
          131.81,
          136.44
        ],
        [
          132.92,
          136.51999999999998
        ]
      ],
      "idx": 105,
      "mislabel": false,
      "mislabel_reason": "ok",
      "e_unet": 0.96
    },
    {
      "valid": true,
      "cx": 131.72,
      "cy": 136.51999999999998,
      "area": 995,
      "det_score": 0.4126,
      "sam_score": 0.9709,
      "box": [
        113.7,
        118.2,
        151.1,
        154.8
      ],
      "repeats": [
        [
          131.69,
          136.41
        ],
        [
          131.72,
          136.51999999999998
        ],
        [
          131.75,
          136.42000000000002
        ],
        [
          131.8,
          136.43
        ],
        [
          132.93,
          136.51
        ]
      ],
      "idx": 106,
      "mislabel": false,
      "mislabel_reason": "ok",
      "e_unet": 0.99
    },
    {
      "valid": true,
      "cx": 131.66,
      "cy": 136.5,
      "area": 996,
      "det_score": 0.4224,
      "sam_score": 0.9705,
      "box": [
        113.5,
        118.3,
        151.1,
        154.9
      ],
      "repeats": [
        [
          131.64,
          136.36
        ],
        [
          131.66,
          136.5
        ],
        [
          131.7,
          136.4
        ],
        [
          131.65,
          136.37
        ],
        [
          132.82,
          136.43
        ]
      ],
      "idx": 107,
      "mislabel": false,
      "mislabel_reason": "ok",
      "e_unet": 0.98
    },
    {
      "valid": true,
      "cx": 131.59,
      "cy": 136.51999999999998,
      "area": 996,
      "det_score": 0.4309,
      "sam_score": 0.9713,
      "box": [
        113.5,
        118.4,
        151.0,
        154.9
      ],
      "repeats": [
        [
          131.55,
          136.45
        ],
        [
          131.61,
          136.51999999999998
        ],
        [
          131.6,
          136.48000000000002
        ],
        [
          131.6,
          136.41
        ],
        [
          132.76,
          136.47
        ]
      ],
      "idx": 108,
      "mislabel": false,
      "mislabel_reason": "ok",
      "e_unet": 0.95
    },
    {
      "valid": true,
      "cx": 131.57,
      "cy": 136.48000000000002,
      "area": 1002,
      "det_score": 0.4291,
      "sam_score": 0.9707,
      "box": [
        113.3,
        118.1,
        151.1,
        155.2
      ],
      "repeats": [
        [
          131.54000000000002,
          136.45999999999998
        ],
        [
          131.56,
          136.5
        ],
        [
          131.55,
          136.42000000000002
        ],
        [
          131.6,
          136.42000000000002
        ],
        [
          132.71,
          136.51
        ]
      ],
      "idx": 109,
      "mislabel": false,
      "mislabel_reason": "ok",
      "e_unet": 0.96
    },
    {
      "valid": true,
      "cx": 131.57999999999998,
      "cy": 136.51999999999998,
      "area": 1008,
      "det_score": 0.4208,
      "sam_score": 0.9709,
      "box": [
        113.3,
        118.2,
        151.1,
        155.2
      ],
      "repeats": [
        [
          131.51999999999998,
          136.48000000000002
        ],
        [
          131.57999999999998,
          136.51999999999998
        ],
        [
          131.57,
          136.42000000000002
        ],
        [
          131.6,
          136.43
        ],
        [
          132.69,
          136.55
        ]
      ],
      "idx": 110,
      "mislabel": false,
      "mislabel_reason": "ok",
      "e_unet": 0.99
    },
    {
      "valid": true,
      "cx": 131.57,
      "cy": 136.5,
      "area": 1014,
      "det_score": 0.4078,
      "sam_score": 0.9698,
      "box": [
        113.2,
        118.0,
        151.1,
        155.2
      ],
      "repeats": [
        [
          131.51999999999998,
          136.45999999999998
        ],
        [
          131.61,
          136.56
        ],
        [
          131.61,
          136.51
        ],
        [
          131.63,
          136.43
        ],
        [
          132.65,
          136.51999999999998
        ]
      ],
      "idx": 111,
      "mislabel": false,
      "mislabel_reason": "ok",
      "e_unet": 0.95
    },
    {
      "valid": true,
      "cx": 131.59,
      "cy": 136.47,
      "area": 1027,
      "det_score": 0.4073,
      "sam_score": 0.9707,
      "box": [
        113.2,
        117.9,
        151.2,
        155.3
      ],
      "repeats": [
        [
          131.57999999999998,
          136.38
        ],
        [
          131.57999999999998,
          136.5
        ],
        [
          131.61,
          136.41
        ],
        [
          131.64,
          136.36
        ],
        [
          132.74,
          136.47
        ]
      ],
      "idx": 112,
      "mislabel": false,
      "mislabel_reason": "ok",
      "e_unet": 0.95
    },
    {
      "valid": true,
      "cx": 131.56,
      "cy": 136.43,
      "area": 1031,
      "det_score": 0.4082,
      "sam_score": 0.9714,
      "box": [
        113.2,
        117.9,
        151.2,
        155.4
      ],
      "repeats": [
        [
          131.54000000000002,
          136.4
        ],
        [
          131.56,
          136.45999999999998
        ],
        [
          131.57,
          136.39
        ],
        [
          131.57,
          136.4
        ],
        [
          132.71,
          136.41
        ]
      ],
      "idx": 113,
      "mislabel": false,
      "mislabel_reason": "ok",
      "e_unet": 0.88
    },
    {
      "valid": true,
      "cx": 131.48000000000002,
      "cy": 136.48000000000002,
      "area": 1038,
      "det_score": 0.4146,
      "sam_score": 0.9709,
      "box": [
        113.0,
        117.8,
        151.3,
        155.4
      ],
      "repeats": [
        [
          131.47,
          136.42000000000002
        ],
        [
          131.48000000000002,
          136.48000000000002
        ],
        [
          131.5,
          136.42000000000002
        ],
        [
          131.51,
          136.41
        ],
        [
          132.66,
          136.44
        ]
      ],
      "idx": 114,
      "mislabel": false,
      "mislabel_reason": "ok",
      "e_unet": 0.96
    },
    {
      "valid": true,
      "cx": 131.43,
      "cy": 136.36,
      "area": 1047,
      "det_score": 0.4059,
      "sam_score": 0.9717,
      "box": [
        112.9,
        117.7,
        151.4,
        155.4
      ],
      "repeats": [
        [
          131.47,
          136.32
        ],
        [
          131.44,
          136.37
        ],
        [
          131.45,
          136.32
        ],
        [
          131.45,
          136.3
        ],
        [
          132.62,
          136.36
        ]
      ],
      "idx": 115,
      "mislabel": false,
      "mislabel_reason": "ok",
      "e_unet": 0.91
    }
  ]
}