{
  "prompt": "black pupil.",
  "gsam2_centers": [
    {
      "valid": true,
      "cx": 142.06,
      "cy": 74.57,
      "area": 343,
      "det_score": 0.4356,
      "sam_score": 0.9506,
      "box": [
        129.8,
        65.2,
        154.6,
        84.4
      ],
      "repeats": [
        [
          141.76,
          74.47
        ],
        [
          142.05,
          74.65
        ],
        [
          142.01999999999998,
          74.59
        ],
        [
          142.17000000000002,
          74.51
        ],
        [
          143.04,
          74.59
        ]
      ],
      "idx": 2005,
      "mislabel": false,
      "mislabel_reason": "ok",
      "e_unet": 1.09
    },
    {
      "valid": true,
      "cx": 142.23000000000002,
      "cy": 74.5,
      "area": 347,
      "det_score": 0.4367,
      "sam_score": 0.9506,
      "box": [
        129.8,
        65.0,
        154.8,
        84.4
      ],
      "repeats": [
        [
          141.76999999999998,
          74.42
        ],
        [
          142.25,
          74.55
        ],
        [
          142.29000000000002,
          74.49
        ],
        [
          142.23000000000002,
          74.44
        ],
        [
          143.31,
          74.53
        ]
      ],
      "idx": 2006,
      "mislabel": false,
      "mislabel_reason": "ok",
      "e_unet": 1.16
    },
    {
      "valid": true,
      "cx": 142.23000000000002,
      "cy": 74.46,
      "area": 348,
      "det_score": 0.4257,
      "sam_score": 0.9508,
      "box": [
        129.8,
        64.8,
        154.8,
        84.4
      ],
      "repeats": [
        [
          141.86,
          74.36
        ],
        [
          142.29000000000002,
          74.48
        ],
        [
          142.29000000000002,
          74.42
        ],
        [
          142.29000000000002,
          74.35
        ],
        [
          143.26,
          74.52
        ]
      ],
      "idx": 2007,
      "mislabel": false,
      "mislabel_reason": "ok",
      "e_unet": 1.19
    },
    {
      "valid": true,
      "cx": 142.19,
      "cy": 74.41,
      "area": 352,
      "det_score": 0.4168,
      "sam_score": 0.9507,
      "box": [
        129.7,
        64.6,
        154.9,
        84.5
      ],
      "repeats": [
        [
          141.91,
          74.18
        ],
        [
          142.15,
          74.51
        ],
        [
          142.15,
          74.43
        ],
        [
          142.23000000000002,
          74.3
        ],
        [
          143.23,
          74.46
        ]
      ],
      "idx": 2008,
      "mislabel": false,
      "mislabel_reason": "ok",
      "e_unet": 1.15
    },
    {
      "valid": true,
      "cx": 142.94,
      "cy": 73.47999999999999,
      "area": 349,
      "det_score": 0.3974,
      "sam_score": 0.9451,
      "box": [
        130.0,
        64.0,
        155.6,
        83.4
      ],
      "repeats": [
        [
          142.61,
          73.33
        ],
        [
          142.94,
          73.64
        ],
        [
          142.89,
          73.42
        ],
        [
          142.89,
          73.4
        ],
        [
          143.87,
          73.43
        ]
      ],
      "idx": 2009,
      "mislabel": false,
      "mislabel_reason": "ok",
      "e_unet": 1.37
    },
    {
      "valid": true,
      "cx": 142.99,
      "cy": 73.62,
      "area": 353,
      "det_score": 0.4155,
      "sam_score": 0.9476,
      "box": [
        130.3,
        63.9,
        155.8,
        83.6
      ],
      "repeats": [
        [
          142.66,
          73.45
        ],
        [
          142.99,
          73.67
        ],
        [
          143.0,
          73.61
        ],
        [
          143.04000000000002,
          73.44
        ],
        [
          143.89,
          73.63
        ]
      ],
      "idx": 2010,
      "mislabel": false,
      "mislabel_reason": "ok",
      "e_unet": 1.15
    },
    {
      "valid": true,
      "cx": 142.92000000000002,
      "cy": 73.7,
      "area": 357,
      "det_score": 0.4151,
      "sam_score": 0.948,
      "box": [
        130.1,
        64.0,
        155.7,
        83.8
      ],
      "repeats": [
        [
          142.6,
          73.50999999999999
        ],
        [
          142.93,
          73.7
        ],
        [
          142.92000000000002,
          73.67
        ],
        [
          142.99,
          73.5
        ],
        [
          143.96,
          73.72
        ]
      ],
      "idx": 2011,
      "mislabel": false,
      "mislabel_reason": "ok",
      "e_unet": 1.14
    },
    {
      "valid": true,
      "cx": 142.92000000000002,
      "cy": 73.7,
      "area": 357,
      "det_score": 0.4008,
      "sam_score": 0.9464,
      "box": [
        130.1,
        63.9,
        155.9,
        83.9
      ],
      "repeats": [
        [
          142.82,
          73.58
        ],
        [
          142.92000000000002,
          73.7
        ],
        [
          142.91,
          73.72
        ],
        [
          142.93,
          73.55
        ],
        [
          143.82,
          73.66
        ]
      ],
      "idx": 2012,
      "mislabel": false,
      "mislabel_reason": "ok",
      "e_unet": 1.26
    },
    {
      "valid": true,
      "cx": 136.8,
      "cy": 75.2,
      "area": 367,
      "det_score": 0.4494,
      "sam_score": 0.956,
      "box": [
        124.1,
        64.8,
        150.2,
        86.0
      ],
      "repeats": [
        [
          136.73000000000002,
          75.18
        ],
        [
          136.86,
          75.26
        ],
        [
          136.82,
          75.22
        ],
        [
          136.8,
          75.14
        ],
        [
          137.99,
          75.25
        ]
      ],
      "idx": 2013,
      "mislabel": false,
      "mislabel_reason": "ok",
      "e_unet": 0.68
    },
    {
      "valid": true,
      "cx": 136.87,
      "cy": 75.1,
      "area": 367,
      "det_score": 0.4547,
      "sam_score": 0.9553,
      "box": [
        124.3,
        64.6,
        150.4,
        85.8
      ],
      "repeats": [
        [
          136.84,
          75.05
        ],
        [
          136.85,
          75.2
        ],
        [
          136.97,
          75.07
        ],
        [
          136.98000000000002,
          74.93
        ],
        [
          138.09,
          75.04
        ]
      ],
      "idx": 2014,
      "mislabel": false,
      "mislabel_reason": "ok",
      "e_unet": 0.78
    },
    {
      "valid": true,
      "cx": 136.87,
      "cy": 75.01,
      "area": 367,
      "det_score": 0.4342,
      "sam_score": 0.9563,
      "box": [
        124.3,
        64.7,
        150.3,
        85.7
      ],
      "repeats": [
        [
          136.9,
          74.91
        ],
        [
          136.89,
          75.06
        ],
        [
          136.95,
          75.02
        ],
        [
          137.20999999999998,
          74.77
        ],
        [
          138.36,
          74.96
        ]
      ],
      "idx": 2015,
      "mislabel": false,
      "mislabel_reason": "ok",
      "e_unet": 0.79
    }
  ]
}